{"apply": 0.018975377082824707, "batch_time": 0.04679268824903271, "d2h": 0.0007729053497314454, "data_time": 0.001945065720306943, "fwd": 0.1179539680480957, "get_state_time_mean": NaN, "get_state_time_total": 0.0, "grad": 0.1660564661026001, "mean_accuracy": 0.09989999979734421, "mean_loss": 6765947280110.387, "neg_mean_accuracy": -0.09989999979734421, "set_state_time_mean": NaN, "set_state_time_total": 0.0, "setup_model_time_mean": 8.482252597808838, "setup_model_time_total": 8.482252597808838, "setup_proc_time_mean": 0.38431549072265625, "setup_proc_time_total": 0.38431549072265625, "train_accuracy": 0.09869999438524246, "train_loss": 3742502.436088991, "training_time_mean": NaN, "training_time_total": 0.0, "val_accuracy": 0.09989999979734421, "val_loss": 6765947280110.387, "validation_time_mean": NaN, "validation_time_total": 0.0, "samples": 60000, "num_workers": 1, "done": false, "timesteps_total": null, "episodes_total": null, "training_iteration": 1, "neg_mean_loss": -6765947280110.387, "experiment_id": "abcfd2846d404949aa8653b569489970", "date": "2019-06-03_04-15-37", "timestamp": 1559560537, "time_this_iter_s": 46.939846992492676, "time_total_s": 46.939846992492676, "pid": 25808, "hostname": "steropes", "node_ip": "169.229.49.254", "config": {"starting_lr": 0.5, "momentum": 0.997, "weight_decay": 0.0005, "steps_per_iteration": null, "pin": false, "model_creator": null, "target_batch_size": 128, "model_string": "resnet50", "min_batch_size": 128, "dataset": "CIFAR", "placement": null, "use_nccl": true, "devices_per_worker": 1, "primary_resource": "extra_gpu", "gpu": false, "verbose": false, "lr_config": {"mode": "log", "steps": 5, "initial_lr": 0.5, "target_lr": 0.5}, "batch_per_device": 128}, "time_since_restore": 46.939846992492676, "timesteps_since_restore": 0, "iterations_since_restore": 1, "mean_throughput": 1278.2294446940546, "atoms": 1, "setup_time": 9.133567810058594}
{"apply": 0.017674779891967772, "batch_time": 0.03261430052262318, "d2h": 0.0007667303085327149, "data_time": 0.0018604100512726533, "fwd": 0.028332614898681642, "get_state_time_mean": NaN, "get_state_time_total": 0.0, "grad": 0.04802181720733643, "mean_accuracy": 0.09994999691843987, "mean_loss": 2.1107086096931205e+21, "neg_mean_accuracy": -0.09999999403953552, "set_state_time_mean": NaN, "set_state_time_total": 0.0, "setup_model_time_mean": NaN, "setup_model_time_total": 0.0, "setup_proc_time_mean": NaN, "setup_proc_time_total": 0.0, "train_accuracy": 0.10391999781131744, "train_loss": 129560759496.5775, "training_time_mean": NaN, "training_time_total": 0.0, "val_accuracy": 0.09999999403953552, "val_loss": 4.221417212620294e+21, "validation_time_mean": NaN, "validation_time_total": 0.0, "samples": 60000, "num_workers": 1, "done": false, "timesteps_total": null, "episodes_total": null, "training_iteration": 2, "neg_mean_loss": -2.1107086096931205e+21, "experiment_id": "abcfd2846d404949aa8653b569489970", "date": "2019-06-03_04-16-18", "timestamp": 1559560578, "time_this_iter_s": 41.39238095283508, "time_total_s": 88.33222794532776, "pid": 25808, "hostname": "steropes", "node_ip": "169.229.49.254", "config": {"starting_lr": 0.5, "momentum": 0.997, "weight_decay": 0.0005, "steps_per_iteration": null, "pin": false, "model_creator": null, "target_batch_size": 128, "model_string": "resnet50", "min_batch_size": 128, "dataset": "CIFAR", "placement": null, "use_nccl": true, "devices_per_worker": 1, "primary_resource": "extra_gpu", "gpu": false, "verbose": false, "lr_config": {"mode": "log", "steps": 5, "initial_lr": 0.5, "target_lr": 0.5}, "batch_per_device": 128}, "time_since_restore": 88.33222794532776, "timesteps_since_restore": 0, "iterations_since_restore": 2, "mean_throughput": 1358.5050727706664, "atoms": 1, "setup_time": 9.133567810058594}
{"apply": 0.0177490234375, "batch_time": 0.033489583413812175, "d2h": 0.0008007287979125977, "data_time": 0.0018492232808066755, "fwd": 0.02872323989868164, "get_state_time_mean": NaN, "get_state_time_total": 0.0, "grad": 0.04816794395446777, "mean_accuracy": 0.09996666262547176, "mean_loss": 2.761542388781794e+21, "neg_mean_accuracy": -0.09999999403953552, "set_state_time_mean": NaN, "set_state_time_total": 0.0, "setup_model_time_mean": NaN, "setup_model_time_total": 0.0, "setup_proc_time_mean": NaN, "setup_proc_time_total": 0.0, "train_accuracy": 0.10105999559164047, "train_loss": 523465929954374.44, "training_time_mean": NaN, "training_time_total": 0.0, "val_accuracy": 0.09999999403953552, "val_loss": 4.0632099469591414e+21, "validation_time_mean": NaN, "validation_time_total": 0.0, "samples": 60000, "num_workers": 1, "done": true, "timesteps_total": null, "episodes_total": null, "training_iteration": 3, "neg_mean_loss": -2.761542388781794e+21, "experiment_id": "abcfd2846d404949aa8653b569489970", "date": "2019-06-03_04-17-00", "timestamp": 1559560620, "time_this_iter_s": 41.16340136528015, "time_total_s": 129.4956293106079, "pid": 25808, "hostname": "steropes", "node_ip": "169.229.49.254", "config": {"starting_lr": 0.5, "momentum": 0.997, "weight_decay": 0.0005, "steps_per_iteration": null, "pin": false, "model_creator": null, "target_batch_size": 128, "model_string": "resnet50", "min_batch_size": 128, "dataset": "CIFAR", "placement": null, "use_nccl": true, "devices_per_worker": 1, "primary_resource": "extra_gpu", "gpu": false, "verbose": false, "lr_config": {"mode": "log", "steps": 5, "initial_lr": 0.5, "target_lr": 0.5}, "batch_per_device": 128}, "time_since_restore": 129.4956293106079, "timesteps_since_restore": 0, "iterations_since_restore": 3, "mean_throughput": 1390.0037992745506, "atoms": 1, "setup_time": 9.133567810058594}
