apply,batch_time,d2h,data_time,fwd,get_state_time_mean,get_state_time_total,grad,mean_accuracy,mean_loss,neg_mean_accuracy,set_state_time_mean,set_state_time_total,setup_model_time_mean,setup_model_time_total,setup_proc_time_mean,setup_proc_time_total,train_accuracy,train_loss,training_time_mean,training_time_total,validation_time_mean,validation_time_total,samples,num_workers,done,timesteps_total,episodes_total,training_iteration,neg_mean_loss,experiment_id,date,timestamp,time_this_iter_s,time_total_s,pid,hostname,node_ip,config,time_since_restore,timesteps_since_restore,iterations_since_restore,mean_throughput,atoms
0.007327842712402344,0.17949347496032714,0.004501938819885254,0.03832433175067512,0.0656444787979126,nan,0.0,0.1666858434677124,0.2507999837398529,2.0437616523742674,-0.2507999837398529,nan,0.0,7.962591886520386,7.962591886520386,1.7146060466766357,1.7146060466766357,0.15083999931812286,4.052648504486084,nan,0.0,nan,0.0,60000,1,False,,,1,-2.0437616523742674,708fef7f1f8449c5bab1395bd399fd2e,2019-05-30_14-46-13,1559252773,11.32614254951477,11.32614254951477,6387,steropes,169.229.49.254,"{'starting_lr': 0.0005, 'momentum': 0.99, 'weight_decay': 0.005, 'steps_per_iteration': None, 'pin': False, 'model_creator': None, 'target_batch_size': 1024, 'model_string': 'resnet18', 'min_batch_size': 512, 'dataset': 'CIFAR', 'placement': None, 'use_nccl': True, 'devices_per_worker': 1, 'primary_resource': 'extra_gpu', 'gpu': False, 'verbose': False, 'lr_config': {'mode': 'log', 'steps': 5, 'initial_lr': 0.0005, 'target_lr': 0.0005}, 'batch_per_device': 1024}",11.32614254951477,0,1,5297.436198506591,1
0.007791042327880859,0.13423802852630615,0.004966115951538086,0.036742234716610034,0.0345808744430542,nan,0.0,0.0645000696182251,0.33889999985694885,1.8165881212234498,-0.33889999985694885,nan,0.0,nan,0.0,nan,0.0,0.29881998896598816,1.9389533584594727,nan,0.0,nan,0.0,60000,1,False,,,2,-1.8165881212234498,708fef7f1f8449c5bab1395bd399fd2e,2019-05-30_14-46-21,1559252781,7.853560447692871,19.17970299720764,6387,steropes,169.229.49.254,"{'starting_lr': 0.0005, 'momentum': 0.99, 'weight_decay': 0.005, 'steps_per_iteration': None, 'pin': False, 'model_creator': None, 'target_batch_size': 1024, 'model_string': 'resnet18', 'min_batch_size': 512, 'dataset': 'CIFAR', 'placement': None, 'use_nccl': True, 'devices_per_worker': 1, 'primary_resource': 'extra_gpu', 'gpu': False, 'verbose': False, 'lr_config': {'mode': 'log', 'steps': 5, 'initial_lr': 0.0005, 'target_lr': 0.0005}, 'batch_per_device': 1024}",19.17970299720764,0,2,6256.3124940311845,1
0.007710742950439453,0.1687617778778076,0.0055485725402832035,0.03964163819137884,0.02781085968017578,nan,0.0,0.049746036529541016,0.41749998927116394,1.5996314445495605,-0.41749998927116394,nan,0.0,nan,0.0,nan,0.0,0.3652399778366089,1.730745202293396,nan,0.0,nan,0.0,60000,1,False,,,3,-1.5996314445495605,708fef7f1f8449c5bab1395bd399fd2e,2019-05-30_14-46-29,1559252789,8.677921533584595,27.857624530792236,6387,steropes,169.229.49.254,"{'starting_lr': 0.0005, 'momentum': 0.99, 'weight_decay': 0.005, 'steps_per_iteration': None, 'pin': False, 'model_creator': None, 'target_batch_size': 1024, 'model_string': 'resnet18', 'min_batch_size': 512, 'dataset': 'CIFAR', 'placement': None, 'use_nccl': True, 'devices_per_worker': 1, 'primary_resource': 'extra_gpu', 'gpu': False, 'verbose': False, 'lr_config': {'mode': 'log', 'steps': 5, 'initial_lr': 0.0005, 'target_lr': 0.0005}, 'batch_per_device': 1024}",27.857624530792236,0,3,6461.178561512745,1
0.009536814689636231,0.1627577781677246,0.009774303436279297,0.02842386887997997,0.026368355751037596,nan,0.0,0.04976863861083984,0.44099998474121094,1.5128188108444214,-0.44099998474121094,nan,0.0,nan,0.0,nan,0.0,0.4138199985027313,1.5939236452484131,nan,0.0,nan,0.0,60000,1,False,,,4,-1.5128188108444214,708fef7f1f8449c5bab1395bd399fd2e,2019-05-30_14-46-38,1559252798,8.53642988204956,36.3940544128418,6387,steropes,169.229.49.254,"{'starting_lr': 0.0005, 'momentum': 0.99, 'weight_decay': 0.005, 'steps_per_iteration': None, 'pin': False, 'model_creator': None, 'target_batch_size': 1024, 'model_string': 'resnet18', 'min_batch_size': 512, 'dataset': 'CIFAR', 'placement': None, 'use_nccl': True, 'devices_per_worker': 1, 'primary_resource': 'extra_gpu', 'gpu': False, 'verbose': False, 'lr_config': {'mode': 'log', 'steps': 5, 'initial_lr': 0.0005, 'target_lr': 0.0005}, 'batch_per_device': 1024}",36.3940544128418,0,4,6594.273185071552,1
0.007726716995239258,0.13558619022369384,0.005068159103393555,0.03548952997947226,0.031208348274230958,nan,0.0,0.06535840034484863,0.47269999980926514,1.4366807855606079,-0.47269999980926514,nan,0.0,nan,0.0,nan,0.0,0.44557997584342957,1.5078063009643554,nan,0.0,nan,0.0,60000,1,False,,,5,-1.4366807855606079,708fef7f1f8449c5bab1395bd399fd2e,2019-05-30_14-46-47,1559252807,8.714670658111572,45.10872507095337,6387,steropes,169.229.49.254,"{'starting_lr': 0.0005, 'momentum': 0.99, 'weight_decay': 0.005, 'steps_per_iteration': None, 'pin': False, 'model_creator': None, 'target_batch_size': 1024, 'model_string': 'resnet18', 'min_batch_size': 512, 'dataset': 'CIFAR', 'placement': None, 'use_nccl': True, 'devices_per_worker': 1, 'primary_resource': 'extra_gpu', 'gpu': False, 'verbose': False, 'lr_config': {'mode': 'log', 'steps': 5, 'initial_lr': 0.0005, 'target_lr': 0.0005}, 'batch_per_device': 1024}",45.10872507095337,0,5,6650.414131102571,1
0.008152341842651368,0.13490841388702393,0.00646364688873291,0.028565119723884428,0.035921239852905275,nan,0.0,0.06252858638763428,0.4984999895095825,1.3728439611434937,-0.4984999895095825,nan,0.0,nan,0.0,nan,0.0,0.47567999362945557,1.4418514208221436,nan,0.0,nan,0.0,60000,1,False,,,6,-1.3728439611434937,708fef7f1f8449c5bab1395bd399fd2e,2019-05-30_14-46-55,1559252815,8.66955852508545,53.77828359603882,6387,steropes,169.229.49.254,"{'starting_lr': 0.0005, 'momentum': 0.99, 'weight_decay': 0.005, 'steps_per_iteration': None, 'pin': False, 'model_creator': None, 'target_batch_size': 1024, 'model_string': 'resnet18', 'min_batch_size': 512, 'dataset': 'CIFAR', 'placement': None, 'use_nccl': True, 'devices_per_worker': 1, 'primary_resource': 'extra_gpu', 'gpu': False, 'verbose': False, 'lr_config': {'mode': 'log', 'steps': 5, 'initial_lr': 0.0005, 'target_lr': 0.0005}, 'batch_per_device': 1024}",53.77828359603882,0,6,7066.575684313038,1
0.007503533363342285,0.1393071413040161,0.008192896842956543,0.03365532719359106,0.03420157432556152,nan,0.0,0.06605808734893799,0.5306999683380127,1.3053228099822998,-0.5306999683380127,nan,0.0,nan,0.0,nan,0.0,0.4962799847126007,1.3831235440826417,nan,0.0,nan,0.0,60000,1,False,,,7,-1.3053228099822998,708fef7f1f8449c5bab1395bd399fd2e,2019-05-30_14-47-04,1559252824,9.05110239982605,62.82938599586487,6387,steropes,169.229.49.254,"{'starting_lr': 0.0005, 'momentum': 0.99, 'weight_decay': 0.005, 'steps_per_iteration': None, 'pin': False, 'model_creator': None, 'target_batch_size': 1024, 'model_string': 'resnet18', 'min_batch_size': 512, 'dataset': 'CIFAR', 'placement': None, 'use_nccl': True, 'devices_per_worker': 1, 'primary_resource': 'extra_gpu', 'gpu': False, 'verbose': False, 'lr_config': {'mode': 'log', 'steps': 5, 'initial_lr': 0.0005, 'target_lr': 0.0005}, 'batch_per_device': 1024}",62.82938599586487,0,7,6872.821999192439,1
0.007372355461120606,0.11637170314788818,0.00506434440612793,0.038003760941174566,0.024619102478027344,nan,0.0,0.04861726760864258,0.5390999913215637,1.2783255819320678,-0.5390999913215637,nan,0.0,nan,0.0,nan,0.0,0.5159199833869934,1.3350023269271851,nan,0.0,nan,0.0,60000,1,False,,,8,-1.2783255819320678,708fef7f1f8449c5bab1395bd399fd2e,2019-05-30_14-47-13,1559252833,8.493670225143433,71.3230562210083,6387,steropes,169.229.49.254,"{'starting_lr': 0.0005, 'momentum': 0.99, 'weight_decay': 0.005, 'steps_per_iteration': None, 'pin': False, 'model_creator': None, 'target_batch_size': 1024, 'model_string': 'resnet18', 'min_batch_size': 512, 'dataset': 'CIFAR', 'placement': None, 'use_nccl': True, 'devices_per_worker': 1, 'primary_resource': 'extra_gpu', 'gpu': False, 'verbose': False, 'lr_config': {'mode': 'log', 'steps': 5, 'initial_lr': 0.0005, 'target_lr': 0.0005}, 'batch_per_device': 1024}",71.3230562210083,0,8,6901.948759086976,1
0.008820557594299316,0.12144789695739747,0.005243992805480957,0.04830032951977788,0.02395601272583008,nan,0.0,0.044840335845947266,0.5569999814033508,1.230561044883728,-0.5569999814033508,nan,0.0,nan,0.0,nan,0.0,0.5311399698257446,1.288791286354065,nan,0.0,nan,0.0,60000,1,False,,,9,-1.230561044883728,708fef7f1f8449c5bab1395bd399fd2e,2019-05-30_14-48-07,1559252887,9.361531019210815,80.68458724021912,6387,steropes,169.229.49.254,"{'starting_lr': 0.0005, 'momentum': 0.99, 'weight_decay': 0.005, 'steps_per_iteration': None, 'pin': False, 'model_creator': None, 'target_batch_size': 1024, 'model_string': 'resnet18', 'min_batch_size': 512, 'dataset': 'CIFAR', 'placement': None, 'use_nccl': True, 'devices_per_worker': 1, 'primary_resource': 'extra_gpu', 'gpu': False, 'verbose': False, 'lr_config': {'mode': 'log', 'steps': 5, 'initial_lr': 0.0005, 'target_lr': 0.0005}, 'batch_per_device': 1024}",80.68458724021912,0,9,6773.373352086032,1
0.007424283027648926,0.12161054611206054,0.005219459533691406,0.03699610671218561,0.02530052661895752,nan,0.0,0.04874899387359619,0.5661999583244324,1.2050890308380127,-0.5661999583244324,nan,0.0,nan,0.0,nan,0.0,0.5473999977111816,1.2468346762466431,nan,0.0,nan,0.0,60000,1,False,,,10,-1.2050890308380127,708fef7f1f8449c5bab1395bd399fd2e,2019-05-30_14-48-16,1559252896,8.78963851928711,89.47422575950623,6387,steropes,169.229.49.254,"{'starting_lr': 0.0005, 'momentum': 0.99, 'weight_decay': 0.005, 'steps_per_iteration': None, 'pin': False, 'model_creator': None, 'target_batch_size': 1024, 'model_string': 'resnet18', 'min_batch_size': 512, 'dataset': 'CIFAR', 'placement': None, 'use_nccl': True, 'devices_per_worker': 1, 'primary_resource': 'extra_gpu', 'gpu': False, 'verbose': False, 'lr_config': {'mode': 'log', 'steps': 5, 'initial_lr': 0.0005, 'target_lr': 0.0005}, 'batch_per_device': 1024}",89.47422575950623,0,10,6761.928283711236,1
0.007597494125366211,0.1273663282394409,0.005125188827514648,0.026021791964161153,0.028645086288452148,nan,0.0,0.054035377502441403,0.5785999894142151,1.168621701812744,-0.5785999894142151,nan,0.0,nan,0.0,nan,0.0,0.5658000111579895,1.203399487876892,nan,0.0,nan,0.0,60000,1,False,,,11,-1.168621701812744,708fef7f1f8449c5bab1395bd399fd2e,2019-05-30_14-48-24,1559252904,8.373210430145264,97.84743618965149,6387,steropes,169.229.49.254,"{'starting_lr': 0.0005, 'momentum': 0.99, 'weight_decay': 0.005, 'steps_per_iteration': None, 'pin': False, 'model_creator': None, 'target_batch_size': 1024, 'model_string': 'resnet18', 'min_batch_size': 512, 'dataset': 'CIFAR', 'placement': None, 'use_nccl': True, 'devices_per_worker': 1, 'primary_resource': 'extra_gpu', 'gpu': False, 'verbose': False, 'lr_config': {'mode': 'log', 'steps': 5, 'initial_lr': 0.0005, 'target_lr': 0.0005}, 'batch_per_device': 1024}",97.84743618965149,0,11,6807.399311230062,1
0.007585668563842773,0.14224576950073242,0.004952549934387207,0.032190716996484875,0.02406437397003174,nan,0.0,0.0491729736328125,0.5916000008583069,1.139835610961914,-0.5916000008583069,nan,0.0,nan,0.0,nan,0.0,0.5807200074195862,1.1692217621231078,nan,0.0,nan,0.0,60000,1,True,,,12,-1.139835610961914,708fef7f1f8449c5bab1395bd399fd2e,2019-05-30_14-48-33,1559252913,8.920044183731079,106.76748037338257,6387,steropes,169.229.49.254,"{'starting_lr': 0.0005, 'momentum': 0.99, 'weight_decay': 0.005, 'steps_per_iteration': None, 'pin': False, 'model_creator': None, 'target_batch_size': 1024, 'model_string': 'resnet18', 'min_batch_size': 512, 'dataset': 'CIFAR', 'placement': None, 'use_nccl': True, 'devices_per_worker': 1, 'primary_resource': 'extra_gpu', 'gpu': False, 'verbose': False, 'lr_config': {'mode': 'log', 'steps': 5, 'initial_lr': 0.0005, 'target_lr': 0.0005}, 'batch_per_device': 1024}",106.76748037338257,0,12,6827.705898920324,1
