{"apply": 0.016900277137756346, "batch_time": 0.04111888438840456, "d2h": 0.0006842136383056641, "data_time": 0.0019695021002493858, "fwd": 0.1175553560256958, "get_state_time_mean": NaN, "get_state_time_total": 0.0, "grad": 0.19049246311187745, "mean_accuracy": 0.282399982213974, "mean_loss": 1.920417223739624, "neg_mean_accuracy": -0.282399982213974, "set_state_time_mean": NaN, "set_state_time_total": 0.0, "setup_model_time_mean": 8.629197835922241, "setup_model_time_total": 8.629197835922241, "setup_proc_time_mean": 0.7664940357208252, "setup_proc_time_total": 0.7664940357208252, "train_accuracy": 0.20593999326229095, "train_loss": 2.6709978103637697, "training_time_mean": NaN, "training_time_total": 0.0, "val_accuracy": 0.282399982213974, "val_loss": 1.920417223739624, "validation_time_mean": NaN, "validation_time_total": 0.0, "samples": 60000, "num_workers": 1, "done": false, "timesteps_total": null, "episodes_total": null, "training_iteration": 1, "neg_mean_loss": -1.920417223739624, "experiment_id": "8fc72691b1684e0686cf6ecec70b1289", "date": "2019-06-02_20-19-22", "timestamp": 1559531962, "time_this_iter_s": 46.512160301208496, "time_total_s": 46.512160301208496, "pid": 24323, "hostname": "steropes", "node_ip": "169.229.49.254", "config": {"starting_lr": 0.001, "momentum": 0.997, "weight_decay": 0.0005, "steps_per_iteration": null, "pin": false, "model_creator": null, "target_batch_size": 128, "model_string": "resnet50", "min_batch_size": 128, "dataset": "CIFAR", "placement": null, "use_nccl": true, "devices_per_worker": 1, "primary_resource": "extra_gpu", "gpu": false, "verbose": false, "lr_config": {"mode": "log", "steps": 5, "initial_lr": 0.001, "target_lr": 0.001}, "batch_per_device": 128}, "time_since_restore": 46.512160301208496, "timesteps_since_restore": 0, "iterations_since_restore": 1, "mean_throughput": 1289.9828934339248, "atoms": 1, "setup_time": 9.881599187850952}
{"apply": 0.017879652976989745, "batch_time": 0.03193623506570164, "d2h": 0.000709080696105957, "data_time": 0.0018528379747629776, "fwd": 0.028930020332336426, "get_state_time_mean": NaN, "get_state_time_total": 0.0, "grad": 0.047734761238098146, "mean_accuracy": 0.2390499860048294, "mean_loss": 14.353304385185242, "neg_mean_accuracy": -0.19569998979568481, "set_state_time_mean": NaN, "set_state_time_total": 0.0, "setup_model_time_mean": NaN, "setup_model_time_total": 0.0, "setup_proc_time_mean": NaN, "setup_proc_time_total": 0.0, "train_accuracy": 0.2760799825191498, "train_loss": 3.0197378606796264, "training_time_mean": NaN, "training_time_total": 0.0, "val_accuracy": 0.19569998979568481, "val_loss": 26.78619154663086, "validation_time_mean": NaN, "validation_time_total": 0.0, "samples": 60000, "num_workers": 1, "done": false, "timesteps_total": null, "episodes_total": null, "training_iteration": 2, "neg_mean_loss": -14.353304385185242, "experiment_id": "8fc72691b1684e0686cf6ecec70b1289", "date": "2019-06-02_20-20-03", "timestamp": 1559532003, "time_this_iter_s": 40.96865129470825, "time_total_s": 87.48081159591675, "pid": 24323, "hostname": "steropes", "node_ip": "169.229.49.254", "config": {"starting_lr": 0.001, "momentum": 0.997, "weight_decay": 0.0005, "steps_per_iteration": null, "pin": false, "model_creator": null, "target_batch_size": 128, "model_string": "resnet50", "min_batch_size": 128, "dataset": "CIFAR", "placement": null, "use_nccl": true, "devices_per_worker": 1, "primary_resource": "extra_gpu", "gpu": false, "verbose": false, "lr_config": {"mode": "log", "steps": 5, "initial_lr": 0.001, "target_lr": 0.001}, "batch_per_device": 128}, "time_since_restore": 87.48081159591675, "timesteps_since_restore": 0, "iterations_since_restore": 2, "mean_throughput": 1371.7267954943131, "atoms": 1, "setup_time": 9.881599187850952}
{"apply": 0.017237377166748048, "batch_time": 0.03191147273099875, "d2h": 0.0007630825042724609, "data_time": 0.001824954586565647, "fwd": 0.028305912017822267, "get_state_time_mean": NaN, "get_state_time_total": 0.0, "grad": 0.048401832580566406, "mean_accuracy": 0.23786665499210358, "mean_loss": 10.263328494008382, "neg_mean_accuracy": -0.23549999296665192, "set_state_time_mean": NaN, "set_state_time_total": 0.0, "setup_model_time_mean": NaN, "setup_model_time_total": 0.0, "setup_proc_time_mean": NaN, "setup_proc_time_total": 0.0, "train_accuracy": 0.22168000042438507, "train_loss": 2.8706054191589354, "training_time_mean": NaN, "training_time_total": 0.0, "val_accuracy": 0.23549999296665192, "val_loss": 2.083376711654663, "validation_time_mean": NaN, "validation_time_total": 0.0, "samples": 60000, "num_workers": 1, "done": true, "timesteps_total": null, "episodes_total": null, "training_iteration": 3, "neg_mean_loss": -10.263328494008382, "experiment_id": "8fc72691b1684e0686cf6ecec70b1289", "date": "2019-06-02_20-20-44", "timestamp": 1559532044, "time_this_iter_s": 40.79265856742859, "time_total_s": 128.27347016334534, "pid": 24323, "hostname": "steropes", "node_ip": "169.229.49.254", "config": {"starting_lr": 0.001, "momentum": 0.997, "weight_decay": 0.0005, "steps_per_iteration": null, "pin": false, "model_creator": null, "target_batch_size": 128, "model_string": "resnet50", "min_batch_size": 128, "dataset": "CIFAR", "placement": null, "use_nccl": true, "devices_per_worker": 1, "primary_resource": "extra_gpu", "gpu": false, "verbose": false, "lr_config": {"mode": "log", "steps": 5, "initial_lr": 0.001, "target_lr": 0.001}, "batch_per_device": 128}, "time_since_restore": 128.27347016334534, "timesteps_since_restore": 0, "iterations_since_restore": 3, "mean_throughput": 1403.2473792920107, "atoms": 1, "setup_time": 9.881599187850952}
