{"apply": 0.021019244194030763, "batch_time": 0.04118205927595307, "d2h": 0.0007085323333740235, "data_time": 0.0018388938415995644, "fwd": 0.12335631847381592, "get_state_time_mean": NaN, "get_state_time_total": 0.0, "grad": 0.16593236923217775, "mean_accuracy": 0.09999999403953552, "mean_loss": 2.3238440643310545, "neg_mean_accuracy": -0.09999999403953552, "set_state_time_mean": NaN, "set_state_time_total": 0.0, "setup_model_time_mean": 11.811533689498901, "setup_model_time_total": 11.811533689498901, "setup_proc_time_mean": 0.39911341667175293, "setup_proc_time_total": 0.39911341667175293, "train_accuracy": 0.11055999994277954, "train_loss": 23.575451041030885, "training_time_mean": NaN, "training_time_total": 0.0, "val_accuracy": 0.09999999403953552, "val_loss": 2.3238440643310545, "validation_time_mean": NaN, "validation_time_total": 0.0, "samples": 60000, "num_workers": 1, "done": false, "timesteps_total": null, "episodes_total": null, "training_iteration": 1, "neg_mean_loss": -2.3238440643310545, "experiment_id": "728572654f2f4a2aaac7e2da751d3e9e", "date": "2019-06-03_04-17-51", "timestamp": 1559560671, "time_this_iter_s": 46.38083004951477, "time_total_s": 46.38083004951477, "pid": 25813, "hostname": "steropes", "node_ip": "169.229.49.254", "config": {"starting_lr": 1.0, "momentum": 0.9, "weight_decay": 0.0005, "steps_per_iteration": null, "pin": false, "model_creator": null, "target_batch_size": 128, "model_string": "resnet50", "min_batch_size": 128, "dataset": "CIFAR", "placement": null, "use_nccl": true, "devices_per_worker": 1, "primary_resource": "extra_gpu", "gpu": false, "verbose": false, "lr_config": {"mode": "log", "steps": 5, "initial_lr": 1.0, "target_lr": 1.0}, "batch_per_device": 128}, "time_since_restore": 46.38083004951477, "timesteps_since_restore": 0, "iterations_since_restore": 1, "mean_throughput": 1293.6337594200145, "atoms": 1, "setup_time": 12.327990770339966}
{"apply": 0.017087173461914063, "batch_time": 0.031612347952927215, "d2h": 0.0006995677947998046, "data_time": 0.0017691341507465334, "fwd": 0.027930355072021483, "get_state_time_mean": NaN, "get_state_time_total": 0.0, "grad": 0.04750282764434814, "mean_accuracy": 0.145749993622303, "mean_loss": 2.3916347120285035, "neg_mean_accuracy": -0.1914999932050705, "set_state_time_mean": NaN, "set_state_time_total": 0.0, "setup_model_time_mean": NaN, "setup_model_time_total": 0.0, "setup_proc_time_mean": NaN, "setup_proc_time_total": 0.0, "train_accuracy": 0.16555999219417572, "train_loss": 2.3385584323883055, "training_time_mean": NaN, "training_time_total": 0.0, "val_accuracy": 0.1914999932050705, "val_loss": 2.459425359725952, "validation_time_mean": NaN, "validation_time_total": 0.0, "samples": 60000, "num_workers": 1, "done": false, "timesteps_total": null, "episodes_total": null, "training_iteration": 2, "neg_mean_loss": -2.3916347120285035, "experiment_id": "728572654f2f4a2aaac7e2da751d3e9e", "date": "2019-06-03_04-18-32", "timestamp": 1559560712, "time_this_iter_s": 41.02800536155701, "time_total_s": 87.40883541107178, "pid": 25813, "hostname": "steropes", "node_ip": "169.229.49.254", "config": {"starting_lr": 1.0, "momentum": 0.9, "weight_decay": 0.0005, "steps_per_iteration": null, "pin": false, "model_creator": null, "target_batch_size": 128, "model_string": "resnet50", "min_batch_size": 128, "dataset": "CIFAR", "placement": null, "use_nccl": true, "devices_per_worker": 1, "primary_resource": "extra_gpu", "gpu": false, "verbose": false, "lr_config": {"mode": "log", "steps": 5, "initial_lr": 1.0, "target_lr": 1.0}, "batch_per_device": 128}, "time_since_restore": 87.40883541107178, "timesteps_since_restore": 0, "iterations_since_restore": 2, "mean_throughput": 1372.8553359774485, "atoms": 1, "setup_time": 12.327990770339966}
{"apply": 0.017083907127380372, "batch_time": 0.031982388677476326, "d2h": 0.0007266998291015625, "data_time": 0.0017570693169713324, "fwd": 0.028258419036865233, "get_state_time_mean": NaN, "get_state_time_total": 0.0, "grad": 0.04777991771697998, "mean_accuracy": 0.15519999464352927, "mean_loss": 2.3138009597778324, "neg_mean_accuracy": -0.17409999668598175, "set_state_time_mean": NaN, "set_state_time_total": 0.0, "setup_model_time_mean": NaN, "setup_model_time_total": 0.0, "setup_proc_time_mean": NaN, "setup_proc_time_total": 0.0, "train_accuracy": 0.20665998756885529, "train_loss": 2.107322741317749, "training_time_mean": NaN, "training_time_total": 0.0, "val_accuracy": 0.17409999668598175, "val_loss": 2.1581334552764893, "validation_time_mean": NaN, "validation_time_total": 0.0, "samples": 60000, "num_workers": 1, "done": true, "timesteps_total": null, "episodes_total": null, "training_iteration": 3, "neg_mean_loss": -2.3138009597778324, "experiment_id": "728572654f2f4a2aaac7e2da751d3e9e", "date": "2019-06-03_04-19-13", "timestamp": 1559560753, "time_this_iter_s": 40.74223065376282, "time_total_s": 128.1510660648346, "pid": 25813, "hostname": "steropes", "node_ip": "169.229.49.254", "config": {"starting_lr": 1.0, "momentum": 0.9, "weight_decay": 0.0005, "steps_per_iteration": null, "pin": false, "model_creator": null, "target_batch_size": 128, "model_string": "resnet50", "min_batch_size": 128, "dataset": "CIFAR", "placement": null, "use_nccl": true, "devices_per_worker": 1, "primary_resource": "extra_gpu", "gpu": false, "verbose": false, "lr_config": {"mode": "log", "steps": 5, "initial_lr": 1.0, "target_lr": 1.0}, "batch_per_device": 128}, "time_since_restore": 128.1510660648346, "timesteps_since_restore": 0, "iterations_since_restore": 3, "mean_throughput": 1404.5889371533383, "atoms": 1, "setup_time": 12.327990770339966}
