apply,batch_time,d2h,data_time,fwd,get_state_time_mean,get_state_time_total,grad,mean_accuracy,mean_loss,neg_mean_accuracy,set_state_time_mean,set_state_time_total,setup_model_time_mean,setup_model_time_total,setup_proc_time_mean,setup_proc_time_total,train_accuracy,train_loss,training_time_mean,training_time_total,val_accuracy,val_loss,validation_time_mean,validation_time_total,samples,num_workers,done,timesteps_total,episodes_total,training_iteration,neg_mean_loss,experiment_id,date,timestamp,time_this_iter_s,time_total_s,pid,hostname,node_ip,config,time_since_restore,timesteps_since_restore,iterations_since_restore,mean_throughput,atoms,setup_time
0.018902802467346193,0.04635130906406837,0.0007201910018920898,0.0017639249182113297,0.11730804443359374,nan,0.0,0.2194448471069336,0.32339999079704285,1.9894604862213134,-0.32339999079704285,nan,0.0,10.022034883499146,10.022034883499146,0.1574082374572754,0.1574082374572754,0.2120800018310547,2.3638325366210937,nan,0.0,0.32339999079704285,1.9894604862213134,nan,0.0,60000,1,False,,,1,-1.9894604862213134,98ddbefa36b14f9f8788365f7f4c4757,2019-06-06_07-04-31,1559829871,47.04627561569214,47.04627561569214,31664,steropes,169.229.49.254,"{'starting_lr': 0.0005, 'momentum': 0.99, 'weight_decay': 0.0001, 'steps_per_iteration': None, 'pin': False, 'model_creator': None, 'target_batch_size': 128, 'model_string': 'resnet50', 'min_batch_size': 128, 'dataset': 'CIFAR', 'placement': None, 'use_nccl': True, 'devices_per_worker': 1, 'primary_resource': 'extra_gpu', 'gpu': False, 'verbose': False, 'lr_config': {'mode': 'log', 'steps': 5, 'initial_lr': 0.0005, 'target_lr': 0.0005}, 'batch_per_device': 128}",47.04627561569214,0,1,1275.336357366889,1,10.293922185897827
0.017174339294433592,0.03398237650907492,0.0007254362106323242,0.0017466435347066817,0.028090524673461913,nan,0.0,0.04801192283630371,0.3510499894618988,2.229700399971008,-0.37869998812675476,nan,0.0,nan,0.0,nan,0.0,0.32033997774124146,2.075694882736206,nan,0.0,0.37869998812675476,2.469940313720703,nan,0.0,60000,1,False,,,2,-2.229700399971008,98ddbefa36b14f9f8788365f7f4c4757,2019-06-06_07-05-12,1559829912,41.00063943862915,88.04691505432129,31664,steropes,169.229.49.254,"{'starting_lr': 0.0005, 'momentum': 0.99, 'weight_decay': 0.0001, 'steps_per_iteration': None, 'pin': False, 'model_creator': None, 'target_batch_size': 128, 'model_string': 'resnet50', 'min_batch_size': 128, 'dataset': 'CIFAR', 'placement': None, 'use_nccl': True, 'devices_per_worker': 1, 'primary_resource': 'extra_gpu', 'gpu': False, 'verbose': False, 'lr_config': {'mode': 'log', 'steps': 5, 'initial_lr': 0.0005, 'target_lr': 0.0005}, 'batch_per_device': 128}",88.04691505432129,0,2,1362.9064916942302,1,10.293922185897827
0.017553329467773438,0.031474949438360676,0.0007197380065917969,0.0017690481737141718,0.028169655799865724,nan,0.0,0.047573208808898926,0.37619999051094055,2.2209493806203207,-0.42649999260902405,nan,0.0,nan,0.0,nan,0.0,0.37342000007629395,1.8957580543518067,nan,0.0,0.42649999260902405,2.2034473419189453,nan,0.0,60000,1,False,,,3,-2.2209493806203207,98ddbefa36b14f9f8788365f7f4c4757,2019-06-06_07-05-53,1559829953,41.12001824378967,129.16693329811096,31664,steropes,169.229.49.254,"{'starting_lr': 0.0005, 'momentum': 0.99, 'weight_decay': 0.0001, 'steps_per_iteration': None, 'pin': False, 'model_creator': None, 'target_batch_size': 128, 'model_string': 'resnet50', 'min_batch_size': 128, 'dataset': 'CIFAR', 'placement': None, 'use_nccl': True, 'devices_per_worker': 1, 'primary_resource': 'extra_gpu', 'gpu': False, 'verbose': False, 'lr_config': {'mode': 'log', 'steps': 5, 'initial_lr': 0.0005, 'target_lr': 0.0005}, 'batch_per_device': 128}",129.16693329811096,0,3,1393.5422077433118,1,10.293922185897827
0.017681026458740236,0.031850790675682354,0.0006867170333862305,0.001764180410243666,0.028170680999755858,nan,0.0,0.04901919364929199,0.39067499339580536,2.1579295681476593,-0.4341000020503998,nan,0.0,nan,0.0,nan,0.0,0.41405999660491943,1.707163323020935,nan,0.0,0.4341000020503998,1.9688701307296752,nan,0.0,60000,1,False,,,4,-2.1579295681476593,98ddbefa36b14f9f8788365f7f4c4757,2019-06-06_07-06-34,1559829994,40.87905764579773,170.0459909439087,31664,steropes,169.229.49.254,"{'starting_lr': 0.0005, 'momentum': 0.99, 'weight_decay': 0.0001, 'steps_per_iteration': None, 'pin': False, 'model_creator': None, 'target_batch_size': 128, 'model_string': 'resnet50', 'min_batch_size': 128, 'dataset': 'CIFAR', 'placement': None, 'use_nccl': True, 'devices_per_worker': 1, 'primary_resource': 'extra_gpu', 'gpu': False, 'verbose': False, 'lr_config': {'mode': 'log', 'steps': 5, 'initial_lr': 0.0005, 'target_lr': 0.0005}, 'batch_per_device': 128}",170.0459909439087,0,4,1411.3797092930888,1,10.293922185897827
0.017419195175170897,0.0341563768024686,0.0006946086883544922,0.0017881240991070447,0.028638887405395507,nan,0.0,0.04903397560119629,0.40183999538421633,2.1230488025283814,-0.4465000033378601,nan,0.0,nan,0.0,nan,0.0,0.4155399799346924,1.7224315905761718,nan,0.0,0.4465000033378601,1.9835257400512696,nan,0.0,60000,1,False,,,5,-2.1230488025283814,98ddbefa36b14f9f8788365f7f4c4757,2019-06-06_07-07-15,1559830035,41.29033803939819,211.33632898330688,31664,steropes,169.229.49.254,"{'starting_lr': 0.0005, 'momentum': 0.99, 'weight_decay': 0.0001, 'steps_per_iteration': None, 'pin': False, 'model_creator': None, 'target_batch_size': 128, 'model_string': 'resnet50', 'min_batch_size': 128, 'dataset': 'CIFAR', 'placement': None, 'use_nccl': True, 'devices_per_worker': 1, 'primary_resource': 'extra_gpu', 'gpu': False, 'verbose': False, 'lr_config': {'mode': 'log', 'steps': 5, 'initial_lr': 0.0005, 'target_lr': 0.0005}, 'batch_per_device': 128}",211.33632898330688,0,5,1419.5351676965886,1,10.293922185897827
0.01748208999633789,0.03155267691310448,0.0007174253463745117,0.0017716488265015584,0.028540158271789552,nan,0.0,0.048879480361938475,0.43323999643325806,2.1836463070297243,-0.4803999960422516,nan,0.0,nan,0.0,nan,0.0,0.44273999333381653,1.6454485006713868,nan,0.0,0.4803999960422516,2.2924480087280275,nan,0.0,60000,1,False,,,6,-2.1836463070297243,98ddbefa36b14f9f8788365f7f4c4757,2019-06-06_07-07-56,1559830076,41.0485565662384,252.3848855495453,31664,steropes,169.229.49.254,"{'starting_lr': 0.0005, 'momentum': 0.99, 'weight_decay': 0.0001, 'steps_per_iteration': None, 'pin': False, 'model_creator': None, 'target_batch_size': 128, 'model_string': 'resnet50', 'min_batch_size': 128, 'dataset': 'CIFAR', 'placement': None, 'use_nccl': True, 'devices_per_worker': 1, 'primary_resource': 'extra_gpu', 'gpu': False, 'verbose': False, 'lr_config': {'mode': 'log', 'steps': 5, 'initial_lr': 0.0005, 'target_lr': 0.0005}, 'batch_per_device': 128}",252.3848855495453,0,6,1460.9985819936019,1,10.293922185897827
0.01777372360229492,0.03186850004558322,0.0007492542266845703,0.0018194471783650197,0.028421616554260253,nan,0.0,0.048266267776489256,0.45101999640464785,2.041145922775269,-0.4675999879837036,nan,0.0,nan,0.0,nan,0.0,0.4611999988555908,1.5858231506729126,nan,0.0,0.4675999879837036,1.7574383924484254,nan,0.0,60000,1,False,,,7,-2.041145922775269,98ddbefa36b14f9f8788365f7f4c4757,2019-06-06_07-08-37,1559830117,40.864840507507324,293.2497260570526,31664,steropes,169.229.49.254,"{'starting_lr': 0.0005, 'momentum': 0.99, 'weight_decay': 0.0001, 'steps_per_iteration': None, 'pin': False, 'model_creator': None, 'target_batch_size': 128, 'model_string': 'resnet50', 'min_batch_size': 128, 'dataset': 'CIFAR', 'placement': None, 'use_nccl': True, 'devices_per_worker': 1, 'primary_resource': 'extra_gpu', 'gpu': False, 'verbose': False, 'lr_config': {'mode': 'log', 'steps': 5, 'initial_lr': 0.0005, 'target_lr': 0.0005}, 'batch_per_device': 128}",293.2497260570526,0,7,1461.9653857830463,1,10.293922185897827
0.017107391357421876,0.03133005733731427,0.0006748914718627929,0.001772041515925961,0.027669405937194823,nan,0.0,0.04892573356628418,0.46393999457359314,2.1625253332138064,-0.4910999834537506,nan,0.0,nan,0.0,nan,0.0,0.4699999988079071,1.5758194635772704,nan,0.0,0.4910999834537506,2.8103443941116333,nan,0.0,60000,1,True,,,8,-2.1625253332138064,98ddbefa36b14f9f8788365f7f4c4757,2019-06-06_07-09-18,1559830158,40.80279850959778,334.0525245666504,31664,steropes,169.229.49.254,"{'starting_lr': 0.0005, 'momentum': 0.99, 'weight_decay': 0.0001, 'steps_per_iteration': None, 'pin': False, 'model_creator': None, 'target_batch_size': 128, 'model_string': 'resnet50', 'min_batch_size': 128, 'dataset': 'CIFAR', 'placement': None, 'use_nccl': True, 'devices_per_worker': 1, 'primary_resource': 'extra_gpu', 'gpu': False, 'verbose': False, 'lr_config': {'mode': 'log', 'steps': 5, 'initial_lr': 0.0005, 'target_lr': 0.0005}, 'batch_per_device': 128}",334.0525245666504,0,8,1464.229037082761,1,10.293922185897827
