{"apply": 0.018902802467346193, "batch_time": 0.04635130906406837, "d2h": 0.0007201910018920898, "data_time": 0.0017639249182113297, "fwd": 0.11730804443359374, "get_state_time_mean": NaN, "get_state_time_total": 0.0, "grad": 0.2194448471069336, "mean_accuracy": 0.32339999079704285, "mean_loss": 1.9894604862213134, "neg_mean_accuracy": -0.32339999079704285, "set_state_time_mean": NaN, "set_state_time_total": 0.0, "setup_model_time_mean": 10.022034883499146, "setup_model_time_total": 10.022034883499146, "setup_proc_time_mean": 0.1574082374572754, "setup_proc_time_total": 0.1574082374572754, "train_accuracy": 0.2120800018310547, "train_loss": 2.3638325366210937, "training_time_mean": NaN, "training_time_total": 0.0, "val_accuracy": 0.32339999079704285, "val_loss": 1.9894604862213134, "validation_time_mean": NaN, "validation_time_total": 0.0, "samples": 60000, "num_workers": 1, "done": false, "timesteps_total": null, "episodes_total": null, "training_iteration": 1, "neg_mean_loss": -1.9894604862213134, "experiment_id": "98ddbefa36b14f9f8788365f7f4c4757", "date": "2019-06-06_07-04-31", "timestamp": 1559829871, "time_this_iter_s": 47.04627561569214, "time_total_s": 47.04627561569214, "pid": 31664, "hostname": "steropes", "node_ip": "169.229.49.254", "config": {"starting_lr": 0.0005, "momentum": 0.99, "weight_decay": 0.0001, "steps_per_iteration": null, "pin": false, "model_creator": null, "target_batch_size": 128, "model_string": "resnet50", "min_batch_size": 128, "dataset": "CIFAR", "placement": null, "use_nccl": true, "devices_per_worker": 1, "primary_resource": "extra_gpu", "gpu": false, "verbose": false, "lr_config": {"mode": "log", "steps": 5, "initial_lr": 0.0005, "target_lr": 0.0005}, "batch_per_device": 128}, "time_since_restore": 47.04627561569214, "timesteps_since_restore": 0, "iterations_since_restore": 1, "mean_throughput": 1275.336357366889, "atoms": 1, "setup_time": 10.293922185897827}
{"apply": 0.017174339294433592, "batch_time": 0.03398237650907492, "d2h": 0.0007254362106323242, "data_time": 0.0017466435347066817, "fwd": 0.028090524673461913, "get_state_time_mean": NaN, "get_state_time_total": 0.0, "grad": 0.04801192283630371, "mean_accuracy": 0.3510499894618988, "mean_loss": 2.229700399971008, "neg_mean_accuracy": -0.37869998812675476, "set_state_time_mean": NaN, "set_state_time_total": 0.0, "setup_model_time_mean": NaN, "setup_model_time_total": 0.0, "setup_proc_time_mean": NaN, "setup_proc_time_total": 0.0, "train_accuracy": 0.32033997774124146, "train_loss": 2.075694882736206, "training_time_mean": NaN, "training_time_total": 0.0, "val_accuracy": 0.37869998812675476, "val_loss": 2.469940313720703, "validation_time_mean": NaN, "validation_time_total": 0.0, "samples": 60000, "num_workers": 1, "done": false, "timesteps_total": null, "episodes_total": null, "training_iteration": 2, "neg_mean_loss": -2.229700399971008, "experiment_id": "98ddbefa36b14f9f8788365f7f4c4757", "date": "2019-06-06_07-05-12", "timestamp": 1559829912, "time_this_iter_s": 41.00063943862915, "time_total_s": 88.04691505432129, "pid": 31664, "hostname": "steropes", "node_ip": "169.229.49.254", "config": {"starting_lr": 0.0005, "momentum": 0.99, "weight_decay": 0.0001, "steps_per_iteration": null, "pin": false, "model_creator": null, "target_batch_size": 128, "model_string": "resnet50", "min_batch_size": 128, "dataset": "CIFAR", "placement": null, "use_nccl": true, "devices_per_worker": 1, "primary_resource": "extra_gpu", "gpu": false, "verbose": false, "lr_config": {"mode": "log", "steps": 5, "initial_lr": 0.0005, "target_lr": 0.0005}, "batch_per_device": 128}, "time_since_restore": 88.04691505432129, "timesteps_since_restore": 0, "iterations_since_restore": 2, "mean_throughput": 1362.9064916942302, "atoms": 1, "setup_time": 10.293922185897827}
{"apply": 0.017553329467773438, "batch_time": 0.031474949438360676, "d2h": 0.0007197380065917969, "data_time": 0.0017690481737141718, "fwd": 0.028169655799865724, "get_state_time_mean": NaN, "get_state_time_total": 0.0, "grad": 0.047573208808898926, "mean_accuracy": 0.37619999051094055, "mean_loss": 2.2209493806203207, "neg_mean_accuracy": -0.42649999260902405, "set_state_time_mean": NaN, "set_state_time_total": 0.0, "setup_model_time_mean": NaN, "setup_model_time_total": 0.0, "setup_proc_time_mean": NaN, "setup_proc_time_total": 0.0, "train_accuracy": 0.37342000007629395, "train_loss": 1.8957580543518067, "training_time_mean": NaN, "training_time_total": 0.0, "val_accuracy": 0.42649999260902405, "val_loss": 2.2034473419189453, "validation_time_mean": NaN, "validation_time_total": 0.0, "samples": 60000, "num_workers": 1, "done": false, "timesteps_total": null, "episodes_total": null, "training_iteration": 3, "neg_mean_loss": -2.2209493806203207, "experiment_id": "98ddbefa36b14f9f8788365f7f4c4757", "date": "2019-06-06_07-05-53", "timestamp": 1559829953, "time_this_iter_s": 41.12001824378967, "time_total_s": 129.16693329811096, "pid": 31664, "hostname": "steropes", "node_ip": "169.229.49.254", "config": {"starting_lr": 0.0005, "momentum": 0.99, "weight_decay": 0.0001, "steps_per_iteration": null, "pin": false, "model_creator": null, "target_batch_size": 128, "model_string": "resnet50", "min_batch_size": 128, "dataset": "CIFAR", "placement": null, "use_nccl": true, "devices_per_worker": 1, "primary_resource": "extra_gpu", "gpu": false, "verbose": false, "lr_config": {"mode": "log", "steps": 5, "initial_lr": 0.0005, "target_lr": 0.0005}, "batch_per_device": 128}, "time_since_restore": 129.16693329811096, "timesteps_since_restore": 0, "iterations_since_restore": 3, "mean_throughput": 1393.5422077433118, "atoms": 1, "setup_time": 10.293922185897827}
{"apply": 0.017681026458740236, "batch_time": 0.031850790675682354, "d2h": 0.0006867170333862305, "data_time": 0.001764180410243666, "fwd": 0.028170680999755858, "get_state_time_mean": NaN, "get_state_time_total": 0.0, "grad": 0.04901919364929199, "mean_accuracy": 0.39067499339580536, "mean_loss": 2.1579295681476593, "neg_mean_accuracy": -0.4341000020503998, "set_state_time_mean": NaN, "set_state_time_total": 0.0, "setup_model_time_mean": NaN, "setup_model_time_total": 0.0, "setup_proc_time_mean": NaN, "setup_proc_time_total": 0.0, "train_accuracy": 0.41405999660491943, "train_loss": 1.707163323020935, "training_time_mean": NaN, "training_time_total": 0.0, "val_accuracy": 0.4341000020503998, "val_loss": 1.9688701307296752, "validation_time_mean": NaN, "validation_time_total": 0.0, "samples": 60000, "num_workers": 1, "done": false, "timesteps_total": null, "episodes_total": null, "training_iteration": 4, "neg_mean_loss": -2.1579295681476593, "experiment_id": "98ddbefa36b14f9f8788365f7f4c4757", "date": "2019-06-06_07-06-34", "timestamp": 1559829994, "time_this_iter_s": 40.87905764579773, "time_total_s": 170.0459909439087, "pid": 31664, "hostname": "steropes", "node_ip": "169.229.49.254", "config": {"starting_lr": 0.0005, "momentum": 0.99, "weight_decay": 0.0001, "steps_per_iteration": null, "pin": false, "model_creator": null, "target_batch_size": 128, "model_string": "resnet50", "min_batch_size": 128, "dataset": "CIFAR", "placement": null, "use_nccl": true, "devices_per_worker": 1, "primary_resource": "extra_gpu", "gpu": false, "verbose": false, "lr_config": {"mode": "log", "steps": 5, "initial_lr": 0.0005, "target_lr": 0.0005}, "batch_per_device": 128}, "time_since_restore": 170.0459909439087, "timesteps_since_restore": 0, "iterations_since_restore": 4, "mean_throughput": 1411.3797092930888, "atoms": 1, "setup_time": 10.293922185897827}
{"apply": 0.017419195175170897, "batch_time": 0.0341563768024686, "d2h": 0.0006946086883544922, "data_time": 0.0017881240991070447, "fwd": 0.028638887405395507, "get_state_time_mean": NaN, "get_state_time_total": 0.0, "grad": 0.04903397560119629, "mean_accuracy": 0.40183999538421633, "mean_loss": 2.1230488025283814, "neg_mean_accuracy": -0.4465000033378601, "set_state_time_mean": NaN, "set_state_time_total": 0.0, "setup_model_time_mean": NaN, "setup_model_time_total": 0.0, "setup_proc_time_mean": NaN, "setup_proc_time_total": 0.0, "train_accuracy": 0.4155399799346924, "train_loss": 1.7224315905761718, "training_time_mean": NaN, "training_time_total": 0.0, "val_accuracy": 0.4465000033378601, "val_loss": 1.9835257400512696, "validation_time_mean": NaN, "validation_time_total": 0.0, "samples": 60000, "num_workers": 1, "done": false, "timesteps_total": null, "episodes_total": null, "training_iteration": 5, "neg_mean_loss": -2.1230488025283814, "experiment_id": "98ddbefa36b14f9f8788365f7f4c4757", "date": "2019-06-06_07-07-15", "timestamp": 1559830035, "time_this_iter_s": 41.29033803939819, "time_total_s": 211.33632898330688, "pid": 31664, "hostname": "steropes", "node_ip": "169.229.49.254", "config": {"starting_lr": 0.0005, "momentum": 0.99, "weight_decay": 0.0001, "steps_per_iteration": null, "pin": false, "model_creator": null, "target_batch_size": 128, "model_string": "resnet50", "min_batch_size": 128, "dataset": "CIFAR", "placement": null, "use_nccl": true, "devices_per_worker": 1, "primary_resource": "extra_gpu", "gpu": false, "verbose": false, "lr_config": {"mode": "log", "steps": 5, "initial_lr": 0.0005, "target_lr": 0.0005}, "batch_per_device": 128}, "time_since_restore": 211.33632898330688, "timesteps_since_restore": 0, "iterations_since_restore": 5, "mean_throughput": 1419.5351676965886, "atoms": 1, "setup_time": 10.293922185897827}
{"apply": 0.01748208999633789, "batch_time": 0.03155267691310448, "d2h": 0.0007174253463745117, "data_time": 0.0017716488265015584, "fwd": 0.028540158271789552, "get_state_time_mean": NaN, "get_state_time_total": 0.0, "grad": 0.048879480361938475, "mean_accuracy": 0.43323999643325806, "mean_loss": 2.1836463070297243, "neg_mean_accuracy": -0.4803999960422516, "set_state_time_mean": NaN, "set_state_time_total": 0.0, "setup_model_time_mean": NaN, "setup_model_time_total": 0.0, "setup_proc_time_mean": NaN, "setup_proc_time_total": 0.0, "train_accuracy": 0.44273999333381653, "train_loss": 1.6454485006713868, "training_time_mean": NaN, "training_time_total": 0.0, "val_accuracy": 0.4803999960422516, "val_loss": 2.2924480087280275, "validation_time_mean": NaN, "validation_time_total": 0.0, "samples": 60000, "num_workers": 1, "done": false, "timesteps_total": null, "episodes_total": null, "training_iteration": 6, "neg_mean_loss": -2.1836463070297243, "experiment_id": "98ddbefa36b14f9f8788365f7f4c4757", "date": "2019-06-06_07-07-56", "timestamp": 1559830076, "time_this_iter_s": 41.0485565662384, "time_total_s": 252.3848855495453, "pid": 31664, "hostname": "steropes", "node_ip": "169.229.49.254", "config": {"starting_lr": 0.0005, "momentum": 0.99, "weight_decay": 0.0001, "steps_per_iteration": null, "pin": false, "model_creator": null, "target_batch_size": 128, "model_string": "resnet50", "min_batch_size": 128, "dataset": "CIFAR", "placement": null, "use_nccl": true, "devices_per_worker": 1, "primary_resource": "extra_gpu", "gpu": false, "verbose": false, "lr_config": {"mode": "log", "steps": 5, "initial_lr": 0.0005, "target_lr": 0.0005}, "batch_per_device": 128}, "time_since_restore": 252.3848855495453, "timesteps_since_restore": 0, "iterations_since_restore": 6, "mean_throughput": 1460.9985819936019, "atoms": 1, "setup_time": 10.293922185897827}
{"apply": 0.01777372360229492, "batch_time": 0.03186850004558322, "d2h": 0.0007492542266845703, "data_time": 0.0018194471783650197, "fwd": 0.028421616554260253, "get_state_time_mean": NaN, "get_state_time_total": 0.0, "grad": 0.048266267776489256, "mean_accuracy": 0.45101999640464785, "mean_loss": 2.041145922775269, "neg_mean_accuracy": -0.4675999879837036, "set_state_time_mean": NaN, "set_state_time_total": 0.0, "setup_model_time_mean": NaN, "setup_model_time_total": 0.0, "setup_proc_time_mean": NaN, "setup_proc_time_total": 0.0, "train_accuracy": 0.4611999988555908, "train_loss": 1.5858231506729126, "training_time_mean": NaN, "training_time_total": 0.0, "val_accuracy": 0.4675999879837036, "val_loss": 1.7574383924484254, "validation_time_mean": NaN, "validation_time_total": 0.0, "samples": 60000, "num_workers": 1, "done": false, "timesteps_total": null, "episodes_total": null, "training_iteration": 7, "neg_mean_loss": -2.041145922775269, "experiment_id": "98ddbefa36b14f9f8788365f7f4c4757", "date": "2019-06-06_07-08-37", "timestamp": 1559830117, "time_this_iter_s": 40.864840507507324, "time_total_s": 293.2497260570526, "pid": 31664, "hostname": "steropes", "node_ip": "169.229.49.254", "config": {"starting_lr": 0.0005, "momentum": 0.99, "weight_decay": 0.0001, "steps_per_iteration": null, "pin": false, "model_creator": null, "target_batch_size": 128, "model_string": "resnet50", "min_batch_size": 128, "dataset": "CIFAR", "placement": null, "use_nccl": true, "devices_per_worker": 1, "primary_resource": "extra_gpu", "gpu": false, "verbose": false, "lr_config": {"mode": "log", "steps": 5, "initial_lr": 0.0005, "target_lr": 0.0005}, "batch_per_device": 128}, "time_since_restore": 293.2497260570526, "timesteps_since_restore": 0, "iterations_since_restore": 7, "mean_throughput": 1461.9653857830463, "atoms": 1, "setup_time": 10.293922185897827}
{"apply": 0.017107391357421876, "batch_time": 0.03133005733731427, "d2h": 0.0006748914718627929, "data_time": 0.001772041515925961, "fwd": 0.027669405937194823, "get_state_time_mean": NaN, "get_state_time_total": 0.0, "grad": 0.04892573356628418, "mean_accuracy": 0.46393999457359314, "mean_loss": 2.1625253332138064, "neg_mean_accuracy": -0.4910999834537506, "set_state_time_mean": NaN, "set_state_time_total": 0.0, "setup_model_time_mean": NaN, "setup_model_time_total": 0.0, "setup_proc_time_mean": NaN, "setup_proc_time_total": 0.0, "train_accuracy": 0.4699999988079071, "train_loss": 1.5758194635772704, "training_time_mean": NaN, "training_time_total": 0.0, "val_accuracy": 0.4910999834537506, "val_loss": 2.8103443941116333, "validation_time_mean": NaN, "validation_time_total": 0.0, "samples": 60000, "num_workers": 1, "done": true, "timesteps_total": null, "episodes_total": null, "training_iteration": 8, "neg_mean_loss": -2.1625253332138064, "experiment_id": "98ddbefa36b14f9f8788365f7f4c4757", "date": "2019-06-06_07-09-18", "timestamp": 1559830158, "time_this_iter_s": 40.80279850959778, "time_total_s": 334.0525245666504, "pid": 31664, "hostname": "steropes", "node_ip": "169.229.49.254", "config": {"starting_lr": 0.0005, "momentum": 0.99, "weight_decay": 0.0001, "steps_per_iteration": null, "pin": false, "model_creator": null, "target_batch_size": 128, "model_string": "resnet50", "min_batch_size": 128, "dataset": "CIFAR", "placement": null, "use_nccl": true, "devices_per_worker": 1, "primary_resource": "extra_gpu", "gpu": false, "verbose": false, "lr_config": {"mode": "log", "steps": 5, "initial_lr": 0.0005, "target_lr": 0.0005}, "batch_per_device": 128}, "time_since_restore": 334.0525245666504, "timesteps_since_restore": 0, "iterations_since_restore": 8, "mean_throughput": 1464.229037082761, "atoms": 1, "setup_time": 10.293922185897827}
