{"apply": 0.01705048084259033, "batch_time": 0.04321131826956061, "d2h": 0.0006451845169067383, "data_time": 0.0017972120543575042, "fwd": 0.11893527507781983, "get_state_time_mean": NaN, "get_state_time_total": 0.0, "grad": 0.1725797176361084, "mean_accuracy": 0.2606000006198883, "mean_loss": 2.0347788932800293, "neg_mean_accuracy": -0.2606000006198883, "set_state_time_mean": NaN, "set_state_time_total": 0.0, "setup_model_time_mean": 8.634569883346558, "setup_model_time_total": 8.634569883346558, "setup_proc_time_mean": 1.901824712753296, "setup_proc_time_total": 1.901824712753296, "train_accuracy": 0.18845999240875244, "train_loss": 2.3150947374725344, "training_time_mean": NaN, "training_time_total": 0.0, "val_accuracy": 0.2606000006198883, "val_loss": 2.0347788932800293, "validation_time_mean": NaN, "validation_time_total": 0.0, "samples": 60000, "num_workers": 1, "done": false, "timesteps_total": null, "episodes_total": null, "training_iteration": 1, "neg_mean_loss": -2.0347788932800293, "experiment_id": "54d5face8cee4d4dbfa2956d4b401620", "date": "2019-06-03_22-45-08", "timestamp": 1559627108, "time_this_iter_s": 46.16323685646057, "time_total_s": 46.16323685646057, "pid": 13580, "hostname": "steropes", "node_ip": "169.229.49.254", "config": {"starting_lr": 0.001, "momentum": 0.9, "weight_decay": 0.001, "steps_per_iteration": null, "pin": false, "model_creator": null, "target_batch_size": 128, "model_string": "resnet50", "min_batch_size": 128, "dataset": "CIFAR", "placement": null, "use_nccl": true, "devices_per_worker": 1, "primary_resource": "extra_gpu", "gpu": false, "verbose": false, "lr_config": {"mode": "log", "steps": 5, "initial_lr": 0.001, "target_lr": 0.001}, "batch_per_device": 128}, "time_since_restore": 46.16323685646057, "timesteps_since_restore": 0, "iterations_since_restore": 1, "mean_throughput": 1299.7331592906535, "atoms": 1, "setup_time": 10.640180587768555}
{"apply": 0.017134428024291992, "batch_time": 0.03149739398231989, "d2h": 0.0007550239562988282, "data_time": 0.0017068148269067944, "fwd": 0.027738070487976073, "get_state_time_mean": NaN, "get_state_time_total": 0.0, "grad": 0.04808475971221924, "mean_accuracy": 0.3085999935865402, "mean_loss": 1.8956963390350343, "neg_mean_accuracy": -0.35659998655319214, "set_state_time_mean": NaN, "set_state_time_total": 0.0, "setup_model_time_mean": NaN, "setup_model_time_total": 0.0, "setup_proc_time_mean": NaN, "setup_proc_time_total": 0.0, "train_accuracy": 0.289359986782074, "train_loss": 1.9542266901397705, "training_time_mean": NaN, "training_time_total": 0.0, "val_accuracy": 0.35659998655319214, "val_loss": 1.7566137847900392, "validation_time_mean": NaN, "validation_time_total": 0.0, "samples": 60000, "num_workers": 1, "done": false, "timesteps_total": null, "episodes_total": null, "training_iteration": 2, "neg_mean_loss": -1.8956963390350343, "experiment_id": "54d5face8cee4d4dbfa2956d4b401620", "date": "2019-06-03_22-45-49", "timestamp": 1559627149, "time_this_iter_s": 40.63457751274109, "time_total_s": 86.79781436920166, "pid": 13580, "hostname": "steropes", "node_ip": "169.229.49.254", "config": {"starting_lr": 0.001, "momentum": 0.9, "weight_decay": 0.001, "steps_per_iteration": null, "pin": false, "model_creator": null, "target_batch_size": 128, "model_string": "resnet50", "min_batch_size": 128, "dataset": "CIFAR", "placement": null, "use_nccl": true, "devices_per_worker": 1, "primary_resource": "extra_gpu", "gpu": false, "verbose": false, "lr_config": {"mode": "log", "steps": 5, "initial_lr": 0.001, "target_lr": 0.001}, "batch_per_device": 128}, "time_since_restore": 86.79781436920166, "timesteps_since_restore": 0, "iterations_since_restore": 2, "mean_throughput": 1382.5207355594634, "atoms": 1, "setup_time": 10.640180587768555}
{"apply": 0.017401766777038575, "batch_time": 0.03157447561433044, "d2h": 0.000696253776550293, "data_time": 0.0017134338388662509, "fwd": 0.027675795555114745, "get_state_time_mean": NaN, "get_state_time_total": 0.0, "grad": 0.04847216606140137, "mean_accuracy": 0.3293999930222829, "mean_loss": 1.8420303857167564, "neg_mean_accuracy": -0.3709999918937683, "set_state_time_mean": NaN, "set_state_time_total": 0.0, "setup_model_time_mean": NaN, "setup_model_time_total": 0.0, "setup_proc_time_mean": NaN, "setup_proc_time_total": 0.0, "train_accuracy": 0.34237998723983765, "train_loss": 1.7978380287933349, "training_time_mean": NaN, "training_time_total": 0.0, "val_accuracy": 0.3709999918937683, "val_loss": 1.7346984790802003, "validation_time_mean": NaN, "validation_time_total": 0.0, "samples": 60000, "num_workers": 1, "done": false, "timesteps_total": null, "episodes_total": null, "training_iteration": 3, "neg_mean_loss": -1.8420303857167564, "experiment_id": "54d5face8cee4d4dbfa2956d4b401620", "date": "2019-06-03_22-46-29", "timestamp": 1559627189, "time_this_iter_s": 40.563223361968994, "time_total_s": 127.36103773117065, "pid": 13580, "hostname": "steropes", "node_ip": "169.229.49.254", "config": {"starting_lr": 0.001, "momentum": 0.9, "weight_decay": 0.001, "steps_per_iteration": null, "pin": false, "model_creator": null, "target_batch_size": 128, "model_string": "resnet50", "min_batch_size": 128, "dataset": "CIFAR", "placement": null, "use_nccl": true, "devices_per_worker": 1, "primary_resource": "extra_gpu", "gpu": false, "verbose": false, "lr_config": {"mode": "log", "steps": 5, "initial_lr": 0.001, "target_lr": 0.001}, "batch_per_device": 128}, "time_since_restore": 127.36103773117065, "timesteps_since_restore": 0, "iterations_since_restore": 3, "mean_throughput": 1413.2996251146826, "atoms": 1, "setup_time": 10.640180587768555}
{"apply": 0.017079925537109374, "batch_time": 0.0324841571759574, "d2h": 0.0006630659103393554, "data_time": 0.00176186451826559, "fwd": 0.027792763710021973, "get_state_time_mean": NaN, "get_state_time_total": 0.0, "grad": 0.04756100177764892, "mean_accuracy": 0.3473749905824661, "mean_loss": 1.794386381340027, "neg_mean_accuracy": -0.40129998326301575, "set_state_time_mean": NaN, "set_state_time_total": 0.0, "setup_model_time_mean": NaN, "setup_model_time_total": 0.0, "setup_proc_time_mean": NaN, "setup_proc_time_total": 0.0, "train_accuracy": 0.3746599853038788, "train_loss": 1.7106049695587158, "training_time_mean": NaN, "training_time_total": 0.0, "val_accuracy": 0.40129998326301575, "val_loss": 1.6514543682098388, "validation_time_mean": NaN, "validation_time_total": 0.0, "samples": 60000, "num_workers": 1, "done": true, "timesteps_total": null, "episodes_total": null, "training_iteration": 4, "neg_mean_loss": -1.794386381340027, "experiment_id": "54d5face8cee4d4dbfa2956d4b401620", "date": "2019-06-03_22-47-10", "timestamp": 1559627230, "time_this_iter_s": 40.93684434890747, "time_total_s": 168.29788208007812, "pid": 13580, "hostname": "steropes", "node_ip": "169.229.49.254", "config": {"starting_lr": 0.001, "momentum": 0.9, "weight_decay": 0.001, "steps_per_iteration": null, "pin": false, "model_creator": null, "target_batch_size": 128, "model_string": "resnet50", "min_batch_size": 128, "dataset": "CIFAR", "placement": null, "use_nccl": true, "devices_per_worker": 1, "primary_resource": "extra_gpu", "gpu": false, "verbose": false, "lr_config": {"mode": "log", "steps": 5, "initial_lr": 0.001, "target_lr": 0.001}, "batch_per_device": 128}, "time_since_restore": 168.29788208007812, "timesteps_since_restore": 0, "iterations_since_restore": 4, "mean_throughput": 1426.0380000532261, "atoms": 1, "setup_time": 10.640180587768555}
