apply,batch_time,d2h,data_time,fwd,get_state_time_mean,get_state_time_total,grad,mean_accuracy,mean_loss,neg_mean_accuracy,set_state_time_mean,set_state_time_total,setup_model_time_mean,setup_model_time_total,setup_proc_time_mean,setup_proc_time_total,train_accuracy,train_loss,training_time_mean,training_time_total,validation_time_mean,validation_time_total,samples,num_workers,done,timesteps_total,episodes_total,training_iteration,neg_mean_loss,experiment_id,date,timestamp,time_this_iter_s,time_total_s,pid,hostname,node_ip,config,time_since_restore,timesteps_since_restore,iterations_since_restore,mean_throughput,atoms
0.007156801223754883,0.16808044910430908,0.004591846466064453,0.03809150384396923,0.07764050960540772,nan,0.0,0.14668078422546388,0.3968999981880188,1.6318048461914063,-0.3968999981880188,nan,0.0,9.04031252861023,9.04031252861023,0.15550827980041504,0.15550827980041504,0.26819998025894165,2.5696162257003783,nan,0.0,nan,0.0,60000,1,False,,,1,-1.6318048461914063,130db69fff304c3db864201ff28f0a89,2019-05-30_14-10-08,1559250608,10.93751049041748,10.93751049041748,7702,steropes,169.229.49.254,"{'starting_lr': 0.005, 'momentum': 0.9, 'weight_decay': 0.005, 'steps_per_iteration': None, 'pin': False, 'model_creator': None, 'target_batch_size': 1024, 'model_string': 'resnet18', 'min_batch_size': 512, 'dataset': 'CIFAR', 'placement': None, 'use_nccl': True, 'devices_per_worker': 1, 'primary_resource': 'extra_gpu', 'gpu': False, 'verbose': False, 'lr_config': {'mode': 'log', 'steps': 5, 'initial_lr': 0.005, 'target_lr': 0.005}, 'batch_per_device': 1024}",10.93751049041748,0,1,5485.650192075393,1
0.006890583038330078,0.11795551776885986,0.004530811309814453,0.04756571322071309,0.020586729049682617,nan,0.0,0.04173829555511475,0.4611999988555908,1.4732987140655518,-0.4611999988555908,nan,0.0,nan,0.0,nan,0.0,0.412200003862381,1.596499775428772,nan,0.0,nan,0.0,60000,1,False,,,2,-1.4732987140655518,130db69fff304c3db864201ff28f0a89,2019-05-30_14-10-15,1559250615,7.401488304138184,18.338998794555664,7702,steropes,169.229.49.254,"{'starting_lr': 0.005, 'momentum': 0.9, 'weight_decay': 0.005, 'steps_per_iteration': None, 'pin': False, 'model_creator': None, 'target_batch_size': 1024, 'model_string': 'resnet18', 'min_batch_size': 512, 'dataset': 'CIFAR', 'placement': None, 'use_nccl': True, 'devices_per_worker': 1, 'primary_resource': 'extra_gpu', 'gpu': False, 'verbose': False, 'lr_config': {'mode': 'log', 'steps': 5, 'initial_lr': 0.005, 'target_lr': 0.005}, 'batch_per_device': 1024}",18.338998794555664,0,2,6543.3630448364165,1
0.007162761688232422,0.11814885139465332,0.004658913612365723,0.04535449281030772,0.020760154724121092,nan,0.0,0.041921019554138184,0.5018999576568604,1.3605130020141603,-0.5018999576568604,nan,0.0,nan,0.0,nan,0.0,0.46337997913360596,1.464103733444214,nan,0.0,nan,0.0,60000,1,False,,,3,-1.3605130020141603,130db69fff304c3db864201ff28f0a89,2019-05-30_14-10-22,1559250622,7.295632600784302,25.634631395339966,7702,steropes,169.229.49.254,"{'starting_lr': 0.005, 'momentum': 0.9, 'weight_decay': 0.005, 'steps_per_iteration': None, 'pin': False, 'model_creator': None, 'target_batch_size': 1024, 'model_string': 'resnet18', 'min_batch_size': 512, 'dataset': 'CIFAR', 'placement': None, 'use_nccl': True, 'devices_per_worker': 1, 'primary_resource': 'extra_gpu', 'gpu': False, 'verbose': False, 'lr_config': {'mode': 'log', 'steps': 5, 'initial_lr': 0.005, 'target_lr': 0.005}, 'batch_per_device': 1024}",25.634631395339966,0,3,7021.6756247026615,1
0.006923866271972656,0.11756632328033448,0.004897093772888184,0.04381460073042889,0.02100710868835449,nan,0.0,0.04323492050170898,0.5295999646186829,1.2839703195571899,-0.5295999646186829,nan,0.0,nan,0.0,nan,0.0,0.4992999732494354,1.370921516418457,nan,0.0,nan,0.0,60000,1,False,,,4,-1.2839703195571899,130db69fff304c3db864201ff28f0a89,2019-05-30_14-10-30,1559250630,7.227250576019287,32.86188197135925,7702,steropes,169.229.49.254,"{'starting_lr': 0.005, 'momentum': 0.9, 'weight_decay': 0.005, 'steps_per_iteration': None, 'pin': False, 'model_creator': None, 'target_batch_size': 1024, 'model_string': 'resnet18', 'min_batch_size': 512, 'dataset': 'CIFAR', 'placement': None, 'use_nccl': True, 'devices_per_worker': 1, 'primary_resource': 'extra_gpu', 'gpu': False, 'verbose': False, 'lr_config': {'mode': 'log', 'steps': 5, 'initial_lr': 0.005, 'target_lr': 0.005}, 'batch_per_device': 1024}",32.86188197135925,0,4,7303.213533646391,1
0.007130980491638184,0.11701679229736328,0.004502415657043457,0.051620249845543684,0.02085561752319336,nan,0.0,0.04220092296600342,0.5557000041007996,1.234233062171936,-0.5557000041007996,nan,0.0,nan,0.0,nan,0.0,0.5245599746704102,1.3018231420898438,nan,0.0,nan,0.0,60000,1,False,,,5,-1.234233062171936,130db69fff304c3db864201ff28f0a89,2019-05-30_14-10-37,1559250637,7.5614259243011475,40.4233078956604,7702,steropes,169.229.49.254,"{'starting_lr': 0.005, 'momentum': 0.9, 'weight_decay': 0.005, 'steps_per_iteration': None, 'pin': False, 'model_creator': None, 'target_batch_size': 1024, 'model_string': 'resnet18', 'min_batch_size': 512, 'dataset': 'CIFAR', 'placement': None, 'use_nccl': True, 'devices_per_worker': 1, 'primary_resource': 'extra_gpu', 'gpu': False, 'verbose': False, 'lr_config': {'mode': 'log', 'steps': 5, 'initial_lr': 0.005, 'target_lr': 0.005}, 'batch_per_device': 1024}",40.4233078956604,0,5,7421.378984312511,1
0.00684359073638916,0.11644682884216309,0.004343056678771972,0.044235482507822464,0.02021605968475342,nan,0.0,0.04285056591033935,0.5791999697685242,1.173800979423523,-0.5791999697685242,nan,0.0,nan,0.0,nan,0.0,0.5513799786567688,1.240091586456299,nan,0.0,nan,0.0,60000,1,False,,,6,-1.173800979423523,130db69fff304c3db864201ff28f0a89,2019-05-30_14-10-44,1559250644,7.197804689407349,47.62111258506775,7702,steropes,169.229.49.254,"{'starting_lr': 0.005, 'momentum': 0.9, 'weight_decay': 0.005, 'steps_per_iteration': None, 'pin': False, 'model_creator': None, 'target_batch_size': 1024, 'model_string': 'resnet18', 'min_batch_size': 512, 'dataset': 'CIFAR', 'placement': None, 'use_nccl': True, 'devices_per_worker': 1, 'primary_resource': 'extra_gpu', 'gpu': False, 'verbose': False, 'lr_config': {'mode': 'log', 'steps': 5, 'initial_lr': 0.005, 'target_lr': 0.005}, 'batch_per_device': 1024}",47.62111258506775,0,6,8177.94899517339,1
0.007218718528747559,0.11481359004974365,0.004485511779785156,0.0431244032723563,0.020300769805908205,nan,0.0,0.04195129871368408,0.5911999940872192,1.1494772106170654,-0.5911999940872192,nan,0.0,nan,0.0,nan,0.0,0.5754199624061584,1.1847903242111206,nan,0.0,nan,0.0,60000,1,False,,,7,-1.1494772106170654,130db69fff304c3db864201ff28f0a89,2019-05-30_14-10-52,1559250652,7.149438858032227,54.770551443099976,7702,steropes,169.229.49.254,"{'starting_lr': 0.005, 'momentum': 0.9, 'weight_decay': 0.005, 'steps_per_iteration': None, 'pin': False, 'model_creator': None, 'target_batch_size': 1024, 'model_string': 'resnet18', 'min_batch_size': 512, 'dataset': 'CIFAR', 'placement': None, 'use_nccl': True, 'devices_per_worker': 1, 'primary_resource': 'extra_gpu', 'gpu': False, 'verbose': False, 'lr_config': {'mode': 'log', 'steps': 5, 'initial_lr': 0.005, 'target_lr': 0.005}, 'batch_per_device': 1024}",54.770551443099976,0,7,8234.52548059636,1
0.007465791702270508,0.11663587093353271,0.004562687873840332,0.0449174131665911,0.020790910720825194,nan,0.0,0.041776394844055174,0.6086999773979187,1.0780917011260986,-0.6086999773979187,nan,0.0,nan,0.0,nan,0.0,0.5932599902153015,1.1323636281967162,nan,0.0,nan,0.0,60000,1,False,,,8,-1.0780917011260986,130db69fff304c3db864201ff28f0a89,2019-05-30_14-10-59,1559250659,7.219745635986328,61.990297079086304,7702,steropes,169.229.49.254,"{'starting_lr': 0.005, 'momentum': 0.9, 'weight_decay': 0.005, 'steps_per_iteration': None, 'pin': False, 'model_creator': None, 'target_batch_size': 1024, 'model_string': 'resnet18', 'min_batch_size': 512, 'dataset': 'CIFAR', 'placement': None, 'use_nccl': True, 'devices_per_worker': 1, 'primary_resource': 'extra_gpu', 'gpu': False, 'verbose': False, 'lr_config': {'mode': 'log', 'steps': 5, 'initial_lr': 0.005, 'target_lr': 0.005}, 'batch_per_device': 1024}",61.990297079086304,0,8,8251.713503277631,1
0.0068397045135498045,0.11609632968902588,0.004213118553161621,0.0485848601983518,0.01983652114868164,nan,0.0,0.04161648750305176,0.6134999990463257,1.074428910255432,-0.6134999990463257,nan,0.0,nan,0.0,nan,0.0,0.6091600060462952,1.0976123823928834,nan,0.0,nan,0.0,60000,1,False,,,9,-1.074428910255432,130db69fff304c3db864201ff28f0a89,2019-05-30_14-11-06,1559250666,7.407429933547974,69.39772701263428,7702,steropes,169.229.49.254,"{'starting_lr': 0.005, 'momentum': 0.9, 'weight_decay': 0.005, 'steps_per_iteration': None, 'pin': False, 'model_creator': None, 'target_batch_size': 1024, 'model_string': 'resnet18', 'min_batch_size': 512, 'dataset': 'CIFAR', 'placement': None, 'use_nccl': True, 'devices_per_worker': 1, 'primary_resource': 'extra_gpu', 'gpu': False, 'verbose': False, 'lr_config': {'mode': 'log', 'steps': 5, 'initial_lr': 0.005, 'target_lr': 0.005}, 'batch_per_device': 1024}",69.39772701263428,0,9,8211.021612039,1
0.006830692291259766,0.1173447847366333,0.004263234138488769,0.05124033713827328,0.02025020122528076,nan,0.0,0.0422245979309082,0.6324999928474426,1.0248208572387696,-0.6324999928474426,nan,0.0,nan,0.0,nan,0.0,0.6200799942016602,1.0579397774887085,nan,0.0,nan,0.0,60000,1,False,,,10,-1.0248208572387696,130db69fff304c3db864201ff28f0a89,2019-05-30_14-11-14,1559250674,7.547074794769287,76.94480180740356,7702,steropes,169.229.49.254,"{'starting_lr': 0.005, 'momentum': 0.9, 'weight_decay': 0.005, 'steps_per_iteration': None, 'pin': False, 'model_creator': None, 'target_batch_size': 1024, 'model_string': 'resnet18', 'min_batch_size': 512, 'dataset': 'CIFAR', 'placement': None, 'use_nccl': True, 'devices_per_worker': 1, 'primary_resource': 'extra_gpu', 'gpu': False, 'verbose': False, 'lr_config': {'mode': 'log', 'steps': 5, 'initial_lr': 0.005, 'target_lr': 0.005}, 'batch_per_device': 1024}",76.94480180740356,0,10,8214.24863468741,1
0.006868219375610352,0.12007696628570556,0.004339170455932617,0.04516865282642598,0.020212125778198243,nan,0.0,0.042180848121643064,0.6304000020027161,1.0295995807647704,-0.6304000020027161,nan,0.0,nan,0.0,nan,0.0,0.6338799595832825,1.0238424563598634,nan,0.0,nan,0.0,60000,1,False,,,11,-1.0295995807647704,130db69fff304c3db864201ff28f0a89,2019-05-30_14-11-21,1559250681,7.295544385910034,84.2403461933136,7702,steropes,169.229.49.254,"{'starting_lr': 0.005, 'momentum': 0.9, 'weight_decay': 0.005, 'steps_per_iteration': None, 'pin': False, 'model_creator': None, 'target_batch_size': 1024, 'model_string': 'resnet18', 'min_batch_size': 512, 'dataset': 'CIFAR', 'placement': None, 'use_nccl': True, 'devices_per_worker': 1, 'primary_resource': 'extra_gpu', 'gpu': False, 'verbose': False, 'lr_config': {'mode': 'log', 'steps': 5, 'initial_lr': 0.005, 'target_lr': 0.005}, 'batch_per_device': 1024}",84.2403461933136,0,11,8192.32491955345,1
0.007168817520141602,0.12138607501983642,0.0042868852615356445,0.04650792783620406,0.02058541774749756,nan,0.0,0.04262983798980713,0.6360999941825867,1.0094855548858643,-0.6360999941825867,nan,0.0,nan,0.0,nan,0.0,0.6435399651527405,0.9961768823242187,nan,0.0,nan,0.0,60000,1,False,,,12,-1.0094855548858643,130db69fff304c3db864201ff28f0a89,2019-05-30_14-11-29,1559250689,7.406320810317993,91.64666700363159,7702,steropes,169.229.49.254,"{'starting_lr': 0.005, 'momentum': 0.9, 'weight_decay': 0.005, 'steps_per_iteration': None, 'pin': False, 'model_creator': None, 'target_batch_size': 1024, 'model_string': 'resnet18', 'min_batch_size': 512, 'dataset': 'CIFAR', 'placement': None, 'use_nccl': True, 'devices_per_worker': 1, 'primary_resource': 'extra_gpu', 'gpu': False, 'verbose': False, 'lr_config': {'mode': 'log', 'steps': 5, 'initial_lr': 0.005, 'target_lr': 0.005}, 'batch_per_device': 1024}",91.64666700363159,0,12,8135.257426870229,1
0.0073528289794921875,0.11519205570220947,0.004587054252624512,0.050572624011915555,0.021346449851989746,nan,0.0,0.04282398223876953,0.6538000106811523,0.974333937740326,-0.6538000106811523,nan,0.0,nan,0.0,nan,0.0,0.6503599882125854,0.9742244819831848,nan,0.0,nan,0.0,60000,1,False,,,13,-0.974333937740326,130db69fff304c3db864201ff28f0a89,2019-05-30_14-11-36,1559250696,7.514477252960205,99.1611442565918,7702,steropes,169.229.49.254,"{'starting_lr': 0.005, 'momentum': 0.9, 'weight_decay': 0.005, 'steps_per_iteration': None, 'pin': False, 'model_creator': None, 'target_batch_size': 1024, 'model_string': 'resnet18', 'min_batch_size': 512, 'dataset': 'CIFAR', 'placement': None, 'use_nccl': True, 'devices_per_worker': 1, 'primary_resource': 'extra_gpu', 'gpu': False, 'verbose': False, 'lr_config': {'mode': 'log', 'steps': 5, 'initial_lr': 0.005, 'target_lr': 0.005}, 'batch_per_device': 1024}",99.1611442565918,0,13,8070.753583840851,1
0.0069091796875,0.11576354503631592,0.0042601823806762695,0.04389147855797593,0.02082085609436035,nan,0.0,0.04190304279327393,0.6633999943733215,0.947799638748169,-0.6633999943733215,nan,0.0,nan,0.0,nan,0.0,0.6638000011444092,0.9385230199813843,nan,0.0,nan,0.0,60000,1,False,,,14,-0.947799638748169,130db69fff304c3db864201ff28f0a89,2019-05-30_14-11-43,1559250703,7.099267482757568,106.26041173934937,7702,steropes,169.229.49.254,"{'starting_lr': 0.005, 'momentum': 0.9, 'weight_decay': 0.005, 'steps_per_iteration': None, 'pin': False, 'model_creator': None, 'target_batch_size': 1024, 'model_string': 'resnet18', 'min_batch_size': 512, 'dataset': 'CIFAR', 'placement': None, 'use_nccl': True, 'devices_per_worker': 1, 'primary_resource': 'extra_gpu', 'gpu': False, 'verbose': False, 'lr_config': {'mode': 'log', 'steps': 5, 'initial_lr': 0.005, 'target_lr': 0.005}, 'batch_per_device': 1024}",106.26041173934937,0,14,8138.222614367614,1
0.0070988178253173825,0.11558289527893066,0.003971743583679199,0.057483293572250675,0.020218276977539064,nan,0.0,0.04154787063598633,0.6640999913215637,0.9423324195861816,-0.6640999913215637,nan,0.0,nan,0.0,nan,0.0,0.6757999658584595,0.9186236216545105,nan,0.0,nan,0.0,60000,1,False,,,15,-0.9423324195861816,130db69fff304c3db864201ff28f0a89,2019-05-30_14-11-51,1559250711,7.749310731887817,114.00972247123718,7702,steropes,169.229.49.254,"{'starting_lr': 0.005, 'momentum': 0.9, 'weight_decay': 0.005, 'steps_per_iteration': None, 'pin': False, 'model_creator': None, 'target_batch_size': 1024, 'model_string': 'resnet18', 'min_batch_size': 512, 'dataset': 'CIFAR', 'placement': None, 'use_nccl': True, 'devices_per_worker': 1, 'primary_resource': 'extra_gpu', 'gpu': False, 'verbose': False, 'lr_config': {'mode': 'log', 'steps': 5, 'initial_lr': 0.005, 'target_lr': 0.005}, 'batch_per_device': 1024}",114.00972247123718,0,15,8093.818243424093,1
0.007197046279907226,0.11448030471801758,0.004488372802734375,0.05026695679645149,0.0202939510345459,nan,0.0,0.04332377910614014,0.6603999733924866,0.9357527045249939,-0.6603999733924866,nan,0.0,nan,0.0,nan,0.0,0.6813399791717529,0.8954420713996887,nan,0.0,nan,0.0,60000,1,False,,,16,-0.9357527045249939,130db69fff304c3db864201ff28f0a89,2019-05-30_14-11-58,1559250718,7.450491428375244,121.46021389961243,7702,steropes,169.229.49.254,"{'starting_lr': 0.005, 'momentum': 0.9, 'weight_decay': 0.005, 'steps_per_iteration': None, 'pin': False, 'model_creator': None, 'target_batch_size': 1024, 'model_string': 'resnet18', 'min_batch_size': 512, 'dataset': 'CIFAR', 'placement': None, 'use_nccl': True, 'devices_per_worker': 1, 'primary_resource': 'extra_gpu', 'gpu': False, 'verbose': False, 'lr_config': {'mode': 'log', 'steps': 5, 'initial_lr': 0.005, 'target_lr': 0.005}, 'batch_per_device': 1024}",121.46021389961243,0,16,8060.124968489995,1
0.00737309455871582,0.11912021636962891,0.003873920440673828,0.044531004769461494,0.019966483116149902,nan,0.0,0.041351485252380374,0.6830999851226807,0.8958265009880066,-0.6830999851226807,nan,0.0,nan,0.0,nan,0.0,0.6927399635314941,0.8667717933273316,nan,0.0,nan,0.0,60000,1,False,,,17,-0.8958265009880066,130db69fff304c3db864201ff28f0a89,2019-05-30_14-12-06,1559250726,7.187021017074585,128.647234916687,7702,steropes,169.229.49.254,"{'starting_lr': 0.005, 'momentum': 0.9, 'weight_decay': 0.005, 'steps_per_iteration': None, 'pin': False, 'model_creator': None, 'target_batch_size': 1024, 'model_string': 'resnet18', 'min_batch_size': 512, 'dataset': 'CIFAR', 'placement': None, 'use_nccl': True, 'devices_per_worker': 1, 'primary_resource': 'extra_gpu', 'gpu': False, 'verbose': False, 'lr_config': {'mode': 'log', 'steps': 5, 'initial_lr': 0.005, 'target_lr': 0.005}, 'batch_per_device': 1024}",128.647234916687,0,17,8107.897089646667,1
0.006981062889099121,0.1152233362197876,0.004033637046813965,0.05323929689368423,0.02043788433074951,nan,0.0,0.04281530380249023,0.685699999332428,0.8881014413833618,-0.685699999332428,nan,0.0,nan,0.0,nan,0.0,0.6980999708175659,0.8528665629005432,nan,0.0,nan,0.0,60000,1,False,,,18,-0.8881014413833618,130db69fff304c3db864201ff28f0a89,2019-05-30_14-12-13,1559250733,7.534581661224365,136.18181657791138,7702,steropes,169.229.49.254,"{'starting_lr': 0.005, 'momentum': 0.9, 'weight_decay': 0.005, 'steps_per_iteration': None, 'pin': False, 'model_creator': None, 'target_batch_size': 1024, 'model_string': 'resnet18', 'min_batch_size': 512, 'dataset': 'CIFAR', 'placement': None, 'use_nccl': True, 'devices_per_worker': 1, 'primary_resource': 'extra_gpu', 'gpu': False, 'verbose': False, 'lr_config': {'mode': 'log', 'steps': 5, 'initial_lr': 0.005, 'target_lr': 0.005}, 'batch_per_device': 1024}",136.18181657791138,0,18,8103.493026629187,1
0.006807708740234375,0.11478989124298096,0.0042301654815673825,0.057488285765355945,0.019972610473632812,nan,0.0,0.041982173919677734,0.6895999908447266,0.8775626953125,-0.6895999908447266,nan,0.0,nan,0.0,nan,0.0,0.7024999856948853,0.8320832302856446,nan,0.0,nan,0.0,60000,1,False,,,19,-0.8775626953125,130db69fff304c3db864201ff28f0a89,2019-05-30_14-12-21,1559250741,7.761836051940918,143.9436526298523,7702,steropes,169.229.49.254,"{'starting_lr': 0.005, 'momentum': 0.9, 'weight_decay': 0.005, 'steps_per_iteration': None, 'pin': False, 'model_creator': None, 'target_batch_size': 1024, 'model_string': 'resnet18', 'min_batch_size': 512, 'dataset': 'CIFAR', 'placement': None, 'use_nccl': True, 'devices_per_worker': 1, 'primary_resource': 'extra_gpu', 'gpu': False, 'verbose': False, 'lr_config': {'mode': 'log', 'steps': 5, 'initial_lr': 0.005, 'target_lr': 0.005}, 'batch_per_device': 1024}",143.9436526298523,0,19,7961.01433079279,1
0.00670466423034668,0.12878720760345458,0.0039841651916503905,0.04329820555083606,0.019736647605895996,nan,0.0,0.04223778247833252,0.7028999924659729,0.8406747176170349,-0.7028999924659729,nan,0.0,nan,0.0,nan,0.0,0.706559956073761,0.822430134563446,nan,0.0,nan,0.0,60000,1,False,,,20,-0.8406747176170349,130db69fff304c3db864201ff28f0a89,2019-05-30_14-12-28,1559250748,7.235400438308716,151.179053068161,7702,steropes,169.229.49.254,"{'starting_lr': 0.005, 'momentum': 0.9, 'weight_decay': 0.005, 'steps_per_iteration': None, 'pin': False, 'model_creator': None, 'target_batch_size': 1024, 'model_string': 'resnet18', 'min_batch_size': 512, 'dataset': 'CIFAR', 'placement': None, 'use_nccl': True, 'devices_per_worker': 1, 'primary_resource': 'extra_gpu', 'gpu': False, 'verbose': False, 'lr_config': {'mode': 'log', 'steps': 5, 'initial_lr': 0.005, 'target_lr': 0.005}, 'batch_per_device': 1024}",151.179053068161,0,20,8071.08469459621,1
0.006941485404968262,0.12834596633911133,0.004093074798583984,0.04507444829356914,0.021079301834106445,nan,0.0,0.04234464168548584,0.7037999629974365,0.8476320423126221,-0.7037999629974365,nan,0.0,nan,0.0,nan,0.0,0.7164999842643738,0.7981328502273559,nan,0.0,nan,0.0,60000,1,False,,,21,-0.8476320423126221,130db69fff304c3db864201ff28f0a89,2019-05-30_14-12-35,1559250755,7.301894187927246,158.48094725608826,7702,steropes,169.229.49.254,"{'starting_lr': 0.005, 'momentum': 0.9, 'weight_decay': 0.005, 'steps_per_iteration': None, 'pin': False, 'model_creator': None, 'target_batch_size': 1024, 'model_string': 'resnet18', 'min_batch_size': 512, 'dataset': 'CIFAR', 'placement': None, 'use_nccl': True, 'devices_per_worker': 1, 'primary_resource': 'extra_gpu', 'gpu': False, 'verbose': False, 'lr_config': {'mode': 'log', 'steps': 5, 'initial_lr': 0.005, 'target_lr': 0.005}, 'batch_per_device': 1024}",158.48094725608826,0,21,8103.479040504019,1
0.007622432708740234,0.1161543846130371,0.004622697830200195,0.045327410405995895,0.020155453681945802,nan,0.0,0.04229791164398193,0.7132999897003174,0.8160995485305786,-0.7132999897003174,nan,0.0,nan,0.0,nan,0.0,0.7195999622344971,0.7887715100669861,nan,0.0,nan,0.0,60000,1,False,,,22,-0.8160995485305786,130db69fff304c3db864201ff28f0a89,2019-05-30_14-12-43,1559250763,7.19275975227356,165.67370700836182,7702,steropes,169.229.49.254,"{'starting_lr': 0.005, 'momentum': 0.9, 'weight_decay': 0.005, 'steps_per_iteration': None, 'pin': False, 'model_creator': None, 'target_batch_size': 1024, 'model_string': 'resnet18', 'min_batch_size': 512, 'dataset': 'CIFAR', 'placement': None, 'use_nccl': True, 'devices_per_worker': 1, 'primary_resource': 'extra_gpu', 'gpu': False, 'verbose': False, 'lr_config': {'mode': 'log', 'steps': 5, 'initial_lr': 0.005, 'target_lr': 0.005}, 'batch_per_device': 1024}",165.67370700836182,0,22,8102.22314761652,1
0.00735783576965332,0.11540534496307372,0.004101181030273437,0.06212811567345444,0.020989084243774415,nan,0.0,0.041820216178894046,0.713699996471405,0.8035128235816955,-0.713699996471405,nan,0.0,nan,0.0,nan,0.0,0.7227999567985535,0.7806776524925232,nan,0.0,nan,0.0,60000,1,False,,,23,-0.8035128235816955,130db69fff304c3db864201ff28f0a89,2019-05-30_14-12-51,1559250771,7.970826864242554,173.64453387260437,7702,steropes,169.229.49.254,"{'starting_lr': 0.005, 'momentum': 0.9, 'weight_decay': 0.005, 'steps_per_iteration': None, 'pin': False, 'model_creator': None, 'target_batch_size': 1024, 'model_string': 'resnet18', 'min_batch_size': 512, 'dataset': 'CIFAR', 'placement': None, 'use_nccl': True, 'devices_per_worker': 1, 'primary_resource': 'extra_gpu', 'gpu': False, 'verbose': False, 'lr_config': {'mode': 'log', 'steps': 5, 'initial_lr': 0.005, 'target_lr': 0.005}, 'batch_per_device': 1024}",173.64453387260437,0,23,8007.876654239023,1
0.006765294075012207,0.11779365539550782,0.003968358039855957,0.043924428978744816,0.019774842262268066,nan,0.0,0.042331361770629884,0.7128999829292297,0.8200632206916809,-0.7128999829292297,nan,0.0,nan,0.0,nan,0.0,0.7303999662399292,0.7590906587028503,nan,0.0,nan,0.0,60000,1,False,,,24,-0.8200632206916809,130db69fff304c3db864201ff28f0a89,2019-05-30_14-12-58,1559250778,7.18004584312439,180.82457971572876,7702,steropes,169.229.49.254,"{'starting_lr': 0.005, 'momentum': 0.9, 'weight_decay': 0.005, 'steps_per_iteration': None, 'pin': False, 'model_creator': None, 'target_batch_size': 1024, 'model_string': 'resnet18', 'min_batch_size': 512, 'dataset': 'CIFAR', 'placement': None, 'use_nccl': True, 'devices_per_worker': 1, 'primary_resource': 'extra_gpu', 'gpu': False, 'verbose': False, 'lr_config': {'mode': 'log', 'steps': 5, 'initial_lr': 0.005, 'target_lr': 0.005}, 'batch_per_device': 1024}",180.82457971572876,0,24,8134.197944566957,1
0.006829285621643066,0.11453471183776856,0.004102873802185059,0.04278576130769691,0.020114707946777343,nan,0.0,0.04255392551422119,0.7193999886512756,0.7911910042762756,-0.7193999886512756,nan,0.0,nan,0.0,nan,0.0,0.7371999621391296,0.7430220997047424,nan,0.0,nan,0.0,60000,1,False,,,25,-0.7911910042762756,130db69fff304c3db864201ff28f0a89,2019-05-30_14-13-05,1559250785,7.118802547454834,187.9433822631836,7702,steropes,169.229.49.254,"{'starting_lr': 0.005, 'momentum': 0.9, 'weight_decay': 0.005, 'steps_per_iteration': None, 'pin': False, 'model_creator': None, 'target_batch_size': 1024, 'model_string': 'resnet18', 'min_batch_size': 512, 'dataset': 'CIFAR', 'placement': None, 'use_nccl': True, 'devices_per_worker': 1, 'primary_resource': 'extra_gpu', 'gpu': False, 'verbose': False, 'lr_config': {'mode': 'log', 'steps': 5, 'initial_lr': 0.005, 'target_lr': 0.005}, 'batch_per_device': 1024}",187.9433822631836,0,25,8159.994863894834,1
0.006984567642211914,0.11594507694244385,0.004292774200439453,0.045236577793043485,0.02060222625732422,nan,0.0,0.041402792930603026,0.7195000052452087,0.7993003297805786,-0.7195000052452087,nan,0.0,nan,0.0,nan,0.0,0.7402399778366089,0.7299493001556396,nan,0.0,nan,0.0,60000,1,False,,,26,-0.7993003297805786,130db69fff304c3db864201ff28f0a89,2019-05-30_14-13-12,1559250792,7.172554969787598,195.1159372329712,7702,steropes,169.229.49.254,"{'starting_lr': 0.005, 'momentum': 0.9, 'weight_decay': 0.005, 'steps_per_iteration': None, 'pin': False, 'model_creator': None, 'target_batch_size': 1024, 'model_string': 'resnet18', 'min_batch_size': 512, 'dataset': 'CIFAR', 'placement': None, 'use_nccl': True, 'devices_per_worker': 1, 'primary_resource': 'extra_gpu', 'gpu': False, 'verbose': False, 'lr_config': {'mode': 'log', 'steps': 5, 'initial_lr': 0.005, 'target_lr': 0.005}, 'batch_per_device': 1024}",195.1159372329712,0,26,8188.803967389056,1
0.006864690780639648,0.1159867525100708,0.003989958763122558,0.05726742744445801,0.01985781192779541,nan,0.0,0.04228837490081787,0.7199999690055847,0.7932866950035096,-0.7199999690055847,nan,0.0,nan,0.0,nan,0.0,0.7452799677848816,0.7178569990158081,nan,0.0,nan,0.0,60000,1,False,,,27,-0.7932866950035096,130db69fff304c3db864201ff28f0a89,2019-05-30_14-13-20,1559250800,7.757691383361816,202.873628616333,7702,steropes,169.229.49.254,"{'starting_lr': 0.005, 'momentum': 0.9, 'weight_decay': 0.005, 'steps_per_iteration': None, 'pin': False, 'model_creator': None, 'target_batch_size': 1024, 'model_string': 'resnet18', 'min_batch_size': 512, 'dataset': 'CIFAR', 'placement': None, 'use_nccl': True, 'devices_per_worker': 1, 'primary_resource': 'extra_gpu', 'gpu': False, 'verbose': False, 'lr_config': {'mode': 'log', 'steps': 5, 'initial_lr': 0.005, 'target_lr': 0.005}, 'batch_per_device': 1024}",202.873628616333,0,27,8064.447066385451,1
0.006947112083435058,0.11548943519592285,0.0042553901672363285,0.043030806950160434,0.020574736595153808,nan,0.0,0.04320447444915772,0.7204999923706055,0.7934203804016113,-0.7204999923706055,nan,0.0,nan,0.0,nan,0.0,0.7520999908447266,0.699095719871521,nan,0.0,nan,0.0,60000,1,False,,,28,-0.7934203804016113,130db69fff304c3db864201ff28f0a89,2019-05-30_14-13-27,1559250807,7.118478059768677,209.99210667610168,7702,steropes,169.229.49.254,"{'starting_lr': 0.005, 'momentum': 0.9, 'weight_decay': 0.005, 'steps_per_iteration': None, 'pin': False, 'model_creator': None, 'target_batch_size': 1024, 'model_string': 'resnet18', 'min_batch_size': 512, 'dataset': 'CIFAR', 'placement': None, 'use_nccl': True, 'devices_per_worker': 1, 'primary_resource': 'extra_gpu', 'gpu': False, 'verbose': False, 'lr_config': {'mode': 'log', 'steps': 5, 'initial_lr': 0.005, 'target_lr': 0.005}, 'batch_per_device': 1024}",209.99210667610168,0,28,8253.554536876127,1
0.006835317611694336,0.11634547710418701,0.003917074203491211,0.04447329287626305,0.019910979270935058,nan,0.0,0.04142918586730957,0.7204999923706055,0.7970344773292541,-0.7204999923706055,nan,0.0,nan,0.0,nan,0.0,0.7531200051307678,0.6936304875183106,nan,0.0,nan,0.0,60000,1,False,,,29,-0.7970344773292541,130db69fff304c3db864201ff28f0a89,2019-05-30_14-13-34,1559250814,7.148540735244751,217.14064741134644,7702,steropes,169.229.49.254,"{'starting_lr': 0.005, 'momentum': 0.9, 'weight_decay': 0.005, 'steps_per_iteration': None, 'pin': False, 'model_creator': None, 'target_batch_size': 1024, 'model_string': 'resnet18', 'min_batch_size': 512, 'dataset': 'CIFAR', 'placement': None, 'use_nccl': True, 'devices_per_worker': 1, 'primary_resource': 'extra_gpu', 'gpu': False, 'verbose': False, 'lr_config': {'mode': 'log', 'steps': 5, 'initial_lr': 0.005, 'target_lr': 0.005}, 'batch_per_device': 1024}",217.14064741134644,0,29,8260.714787587098,1
0.00686793327331543,0.11526260375976563,0.00431520938873291,0.057678821135540397,0.020705676078796385,nan,0.0,0.04220759868621826,0.7270999550819397,0.7847792463302612,-0.7270999550819397,nan,0.0,nan,0.0,nan,0.0,0.7603799700737,0.6752025107574463,nan,0.0,nan,0.0,60000,1,False,,,30,-0.7847792463302612,130db69fff304c3db864201ff28f0a89,2019-05-30_14-13-42,1559250822,7.791153907775879,224.93180131912231,7702,steropes,169.229.49.254,"{'starting_lr': 0.005, 'momentum': 0.9, 'weight_decay': 0.005, 'steps_per_iteration': None, 'pin': False, 'model_creator': None, 'target_batch_size': 1024, 'model_string': 'resnet18', 'min_batch_size': 512, 'dataset': 'CIFAR', 'placement': None, 'use_nccl': True, 'devices_per_worker': 1, 'primary_resource': 'extra_gpu', 'gpu': False, 'verbose': False, 'lr_config': {'mode': 'log', 'steps': 5, 'initial_lr': 0.005, 'target_lr': 0.005}, 'batch_per_device': 1024}",224.93180131912231,0,30,8110.559004545709,1
0.0068883180618286135,0.13183727264404296,0.004162454605102539,0.04838000998205068,0.02037522792816162,nan,0.0,0.04274122714996338,0.7234999537467957,0.7915518606185913,-0.7234999537467957,nan,0.0,nan,0.0,nan,0.0,0.7603600025177002,0.6791740379714966,nan,0.0,nan,0.0,60000,1,False,,,31,-0.7915518606185913,130db69fff304c3db864201ff28f0a89,2019-05-30_14-13-49,1559250829,7.544656753540039,232.47645807266235,7702,steropes,169.229.49.254,"{'starting_lr': 0.005, 'momentum': 0.9, 'weight_decay': 0.005, 'steps_per_iteration': None, 'pin': False, 'model_creator': None, 'target_batch_size': 1024, 'model_string': 'resnet18', 'min_batch_size': 512, 'dataset': 'CIFAR', 'placement': None, 'use_nccl': True, 'devices_per_worker': 1, 'primary_resource': 'extra_gpu', 'gpu': False, 'verbose': False, 'lr_config': {'mode': 'log', 'steps': 5, 'initial_lr': 0.005, 'target_lr': 0.005}, 'batch_per_device': 1024}",232.47645807266235,0,31,8029.779990338799,1
0.006795668601989746,0.11682746410369874,0.004068803787231445,0.05584221470112703,0.01988229751586914,nan,0.0,0.04119076728820801,0.7372999787330627,0.7423252869606018,-0.7372999787330627,nan,0.0,nan,0.0,nan,0.0,0.7678799629211426,0.6570000367927551,nan,0.0,nan,0.0,60000,1,False,,,32,-0.7423252869606018,130db69fff304c3db864201ff28f0a89,2019-05-30_14-13-57,1559250837,7.734007835388184,240.21046590805054,7702,steropes,169.229.49.254,"{'starting_lr': 0.005, 'momentum': 0.9, 'weight_decay': 0.005, 'steps_per_iteration': None, 'pin': False, 'model_creator': None, 'target_batch_size': 1024, 'model_string': 'resnet18', 'min_batch_size': 512, 'dataset': 'CIFAR', 'placement': None, 'use_nccl': True, 'devices_per_worker': 1, 'primary_resource': 'extra_gpu', 'gpu': False, 'verbose': False, 'lr_config': {'mode': 'log', 'steps': 5, 'initial_lr': 0.005, 'target_lr': 0.005}, 'batch_per_device': 1024}",240.21046590805054,0,32,8034.873446441917,1
0.00687103271484375,0.11844816207885742,0.0041157245635986325,0.047364376029189754,0.020594358444213867,nan,0.0,0.0415001392364502,0.7335000038146973,0.7830348450660706,-0.7335000038146973,nan,0.0,nan,0.0,nan,0.0,0.7724399566650391,0.6447077427864075,nan,0.0,nan,0.0,60000,1,False,,,33,-0.7830348450660706,130db69fff304c3db864201ff28f0a89,2019-05-30_14-14-04,1559250844,7.322541952133179,247.53300786018372,7702,steropes,169.229.49.254,"{'starting_lr': 0.005, 'momentum': 0.9, 'weight_decay': 0.005, 'steps_per_iteration': None, 'pin': False, 'model_creator': None, 'target_batch_size': 1024, 'model_string': 'resnet18', 'min_batch_size': 512, 'dataset': 'CIFAR', 'placement': None, 'use_nccl': True, 'devices_per_worker': 1, 'primary_resource': 'extra_gpu', 'gpu': False, 'verbose': False, 'lr_config': {'mode': 'log', 'steps': 5, 'initial_lr': 0.005, 'target_lr': 0.005}, 'batch_per_device': 1024}",247.53300786018372,0,33,7991.199673475634,1
0.008015203475952148,0.11626970767974854,0.004095888137817383,0.04458207013655682,0.021726012229919434,nan,0.0,0.042708420753479005,0.7391999959945679,0.7598923624992371,-0.7391999959945679,nan,0.0,nan,0.0,nan,0.0,0.7761399745941162,0.6372387525367736,nan,0.0,nan,0.0,60000,1,False,,,34,-0.7598923624992371,130db69fff304c3db864201ff28f0a89,2019-05-30_14-14-12,1559250852,7.17422080039978,254.7072286605835,7702,steropes,169.229.49.254,"{'starting_lr': 0.005, 'momentum': 0.9, 'weight_decay': 0.005, 'steps_per_iteration': None, 'pin': False, 'model_creator': None, 'target_batch_size': 1024, 'model_string': 'resnet18', 'min_batch_size': 512, 'dataset': 'CIFAR', 'placement': None, 'use_nccl': True, 'devices_per_worker': 1, 'primary_resource': 'extra_gpu', 'gpu': False, 'verbose': False, 'lr_config': {'mode': 'log', 'steps': 5, 'initial_lr': 0.005, 'target_lr': 0.005}, 'batch_per_device': 1024}",254.7072286605835,0,34,7985.7371946526555,1
0.006761431694030762,0.11490802764892578,0.004065895080566406,0.045444240375440946,0.02053666114807129,nan,0.0,0.04133460521697998,0.7382000088691711,0.7654735519409179,-0.7382000088691711,nan,0.0,nan,0.0,nan,0.0,0.7803999781608582,0.6215997910308838,nan,0.0,nan,0.0,60000,1,False,,,35,-0.7654735519409179,130db69fff304c3db864201ff28f0a89,2019-05-30_14-14-19,1559250859,7.173557758331299,261.8807864189148,7702,steropes,169.229.49.254,"{'starting_lr': 0.005, 'momentum': 0.9, 'weight_decay': 0.005, 'steps_per_iteration': None, 'pin': False, 'model_creator': None, 'target_batch_size': 1024, 'model_string': 'resnet18', 'min_batch_size': 512, 'dataset': 'CIFAR', 'placement': None, 'use_nccl': True, 'devices_per_worker': 1, 'primary_resource': 'extra_gpu', 'gpu': False, 'verbose': False, 'lr_config': {'mode': 'log', 'steps': 5, 'initial_lr': 0.005, 'target_lr': 0.005}, 'batch_per_device': 1024}",261.8807864189148,0,35,8119.21106139679,1
