{"apply": 0.007156801223754883, "batch_time": 0.16808044910430908, "d2h": 0.004591846466064453, "data_time": 0.03809150384396923, "fwd": 0.07764050960540772, "get_state_time_mean": NaN, "get_state_time_total": 0.0, "grad": 0.14668078422546388, "mean_accuracy": 0.3968999981880188, "mean_loss": 1.6318048461914063, "neg_mean_accuracy": -0.3968999981880188, "set_state_time_mean": NaN, "set_state_time_total": 0.0, "setup_model_time_mean": 9.04031252861023, "setup_model_time_total": 9.04031252861023, "setup_proc_time_mean": 0.15550827980041504, "setup_proc_time_total": 0.15550827980041504, "train_accuracy": 0.26819998025894165, "train_loss": 2.5696162257003783, "training_time_mean": NaN, "training_time_total": 0.0, "validation_time_mean": NaN, "validation_time_total": 0.0, "samples": 60000, "num_workers": 1, "done": false, "timesteps_total": null, "episodes_total": null, "training_iteration": 1, "neg_mean_loss": -1.6318048461914063, "experiment_id": "130db69fff304c3db864201ff28f0a89", "date": "2019-05-30_14-10-08", "timestamp": 1559250608, "time_this_iter_s": 10.93751049041748, "time_total_s": 10.93751049041748, "pid": 7702, "hostname": "steropes", "node_ip": "169.229.49.254", "config": {"starting_lr": 0.005, "momentum": 0.9, "weight_decay": 0.005, "steps_per_iteration": null, "pin": false, "model_creator": null, "target_batch_size": 1024, "model_string": "resnet18", "min_batch_size": 512, "dataset": "CIFAR", "placement": null, "use_nccl": true, "devices_per_worker": 1, "primary_resource": "extra_gpu", "gpu": false, "verbose": false, "lr_config": {"mode": "log", "steps": 5, "initial_lr": 0.005, "target_lr": 0.005}, "batch_per_device": 1024}, "time_since_restore": 10.93751049041748, "timesteps_since_restore": 0, "iterations_since_restore": 1, "mean_throughput": 5485.650192075393, "atoms": 1}
{"apply": 0.006890583038330078, "batch_time": 0.11795551776885986, "d2h": 0.004530811309814453, "data_time": 0.04756571322071309, "fwd": 0.020586729049682617, "get_state_time_mean": NaN, "get_state_time_total": 0.0, "grad": 0.04173829555511475, "mean_accuracy": 0.4611999988555908, "mean_loss": 1.4732987140655518, "neg_mean_accuracy": -0.4611999988555908, "set_state_time_mean": NaN, "set_state_time_total": 0.0, "setup_model_time_mean": NaN, "setup_model_time_total": 0.0, "setup_proc_time_mean": NaN, "setup_proc_time_total": 0.0, "train_accuracy": 0.412200003862381, "train_loss": 1.596499775428772, "training_time_mean": NaN, "training_time_total": 0.0, "validation_time_mean": NaN, "validation_time_total": 0.0, "samples": 60000, "num_workers": 1, "done": false, "timesteps_total": null, "episodes_total": null, "training_iteration": 2, "neg_mean_loss": -1.4732987140655518, "experiment_id": "130db69fff304c3db864201ff28f0a89", "date": "2019-05-30_14-10-15", "timestamp": 1559250615, "time_this_iter_s": 7.401488304138184, "time_total_s": 18.338998794555664, "pid": 7702, "hostname": "steropes", "node_ip": "169.229.49.254", "config": {"starting_lr": 0.005, "momentum": 0.9, "weight_decay": 0.005, "steps_per_iteration": null, "pin": false, "model_creator": null, "target_batch_size": 1024, "model_string": "resnet18", "min_batch_size": 512, "dataset": "CIFAR", "placement": null, "use_nccl": true, "devices_per_worker": 1, "primary_resource": "extra_gpu", "gpu": false, "verbose": false, "lr_config": {"mode": "log", "steps": 5, "initial_lr": 0.005, "target_lr": 0.005}, "batch_per_device": 1024}, "time_since_restore": 18.338998794555664, "timesteps_since_restore": 0, "iterations_since_restore": 2, "mean_throughput": 6543.3630448364165, "atoms": 1}
{"apply": 0.007162761688232422, "batch_time": 0.11814885139465332, "d2h": 0.004658913612365723, "data_time": 0.04535449281030772, "fwd": 0.020760154724121092, "get_state_time_mean": NaN, "get_state_time_total": 0.0, "grad": 0.041921019554138184, "mean_accuracy": 0.5018999576568604, "mean_loss": 1.3605130020141603, "neg_mean_accuracy": -0.5018999576568604, "set_state_time_mean": NaN, "set_state_time_total": 0.0, "setup_model_time_mean": NaN, "setup_model_time_total": 0.0, "setup_proc_time_mean": NaN, "setup_proc_time_total": 0.0, "train_accuracy": 0.46337997913360596, "train_loss": 1.464103733444214, "training_time_mean": NaN, "training_time_total": 0.0, "validation_time_mean": NaN, "validation_time_total": 0.0, "samples": 60000, "num_workers": 1, "done": false, "timesteps_total": null, "episodes_total": null, "training_iteration": 3, "neg_mean_loss": -1.3605130020141603, "experiment_id": "130db69fff304c3db864201ff28f0a89", "date": "2019-05-30_14-10-22", "timestamp": 1559250622, "time_this_iter_s": 7.295632600784302, "time_total_s": 25.634631395339966, "pid": 7702, "hostname": "steropes", "node_ip": "169.229.49.254", "config": {"starting_lr": 0.005, "momentum": 0.9, "weight_decay": 0.005, "steps_per_iteration": null, "pin": false, "model_creator": null, "target_batch_size": 1024, "model_string": "resnet18", "min_batch_size": 512, "dataset": "CIFAR", "placement": null, "use_nccl": true, "devices_per_worker": 1, "primary_resource": "extra_gpu", "gpu": false, "verbose": false, "lr_config": {"mode": "log", "steps": 5, "initial_lr": 0.005, "target_lr": 0.005}, "batch_per_device": 1024}, "time_since_restore": 25.634631395339966, "timesteps_since_restore": 0, "iterations_since_restore": 3, "mean_throughput": 7021.6756247026615, "atoms": 1}
{"apply": 0.006923866271972656, "batch_time": 0.11756632328033448, "d2h": 0.004897093772888184, "data_time": 0.04381460073042889, "fwd": 0.02100710868835449, "get_state_time_mean": NaN, "get_state_time_total": 0.0, "grad": 0.04323492050170898, "mean_accuracy": 0.5295999646186829, "mean_loss": 1.2839703195571899, "neg_mean_accuracy": -0.5295999646186829, "set_state_time_mean": NaN, "set_state_time_total": 0.0, "setup_model_time_mean": NaN, "setup_model_time_total": 0.0, "setup_proc_time_mean": NaN, "setup_proc_time_total": 0.0, "train_accuracy": 0.4992999732494354, "train_loss": 1.370921516418457, "training_time_mean": NaN, "training_time_total": 0.0, "validation_time_mean": NaN, "validation_time_total": 0.0, "samples": 60000, "num_workers": 1, "done": false, "timesteps_total": null, "episodes_total": null, "training_iteration": 4, "neg_mean_loss": -1.2839703195571899, "experiment_id": "130db69fff304c3db864201ff28f0a89", "date": "2019-05-30_14-10-30", "timestamp": 1559250630, "time_this_iter_s": 7.227250576019287, "time_total_s": 32.86188197135925, "pid": 7702, "hostname": "steropes", "node_ip": "169.229.49.254", "config": {"starting_lr": 0.005, "momentum": 0.9, "weight_decay": 0.005, "steps_per_iteration": null, "pin": false, "model_creator": null, "target_batch_size": 1024, "model_string": "resnet18", "min_batch_size": 512, "dataset": "CIFAR", "placement": null, "use_nccl": true, "devices_per_worker": 1, "primary_resource": "extra_gpu", "gpu": false, "verbose": false, "lr_config": {"mode": "log", "steps": 5, "initial_lr": 0.005, "target_lr": 0.005}, "batch_per_device": 1024}, "time_since_restore": 32.86188197135925, "timesteps_since_restore": 0, "iterations_since_restore": 4, "mean_throughput": 7303.213533646391, "atoms": 1}
{"apply": 0.007130980491638184, "batch_time": 0.11701679229736328, "d2h": 0.004502415657043457, "data_time": 0.051620249845543684, "fwd": 0.02085561752319336, "get_state_time_mean": NaN, "get_state_time_total": 0.0, "grad": 0.04220092296600342, "mean_accuracy": 0.5557000041007996, "mean_loss": 1.234233062171936, "neg_mean_accuracy": -0.5557000041007996, "set_state_time_mean": NaN, "set_state_time_total": 0.0, "setup_model_time_mean": NaN, "setup_model_time_total": 0.0, "setup_proc_time_mean": NaN, "setup_proc_time_total": 0.0, "train_accuracy": 0.5245599746704102, "train_loss": 1.3018231420898438, "training_time_mean": NaN, "training_time_total": 0.0, "validation_time_mean": NaN, "validation_time_total": 0.0, "samples": 60000, "num_workers": 1, "done": false, "timesteps_total": null, "episodes_total": null, "training_iteration": 5, "neg_mean_loss": -1.234233062171936, "experiment_id": "130db69fff304c3db864201ff28f0a89", "date": "2019-05-30_14-10-37", "timestamp": 1559250637, "time_this_iter_s": 7.5614259243011475, "time_total_s": 40.4233078956604, "pid": 7702, "hostname": "steropes", "node_ip": "169.229.49.254", "config": {"starting_lr": 0.005, "momentum": 0.9, "weight_decay": 0.005, "steps_per_iteration": null, "pin": false, "model_creator": null, "target_batch_size": 1024, "model_string": "resnet18", "min_batch_size": 512, "dataset": "CIFAR", "placement": null, "use_nccl": true, "devices_per_worker": 1, "primary_resource": "extra_gpu", "gpu": false, "verbose": false, "lr_config": {"mode": "log", "steps": 5, "initial_lr": 0.005, "target_lr": 0.005}, "batch_per_device": 1024}, "time_since_restore": 40.4233078956604, "timesteps_since_restore": 0, "iterations_since_restore": 5, "mean_throughput": 7421.378984312511, "atoms": 1}
{"apply": 0.00684359073638916, "batch_time": 0.11644682884216309, "d2h": 0.004343056678771972, "data_time": 0.044235482507822464, "fwd": 0.02021605968475342, "get_state_time_mean": NaN, "get_state_time_total": 0.0, "grad": 0.04285056591033935, "mean_accuracy": 0.5791999697685242, "mean_loss": 1.173800979423523, "neg_mean_accuracy": -0.5791999697685242, "set_state_time_mean": NaN, "set_state_time_total": 0.0, "setup_model_time_mean": NaN, "setup_model_time_total": 0.0, "setup_proc_time_mean": NaN, "setup_proc_time_total": 0.0, "train_accuracy": 0.5513799786567688, "train_loss": 1.240091586456299, "training_time_mean": NaN, "training_time_total": 0.0, "validation_time_mean": NaN, "validation_time_total": 0.0, "samples": 60000, "num_workers": 1, "done": false, "timesteps_total": null, "episodes_total": null, "training_iteration": 6, "neg_mean_loss": -1.173800979423523, "experiment_id": "130db69fff304c3db864201ff28f0a89", "date": "2019-05-30_14-10-44", "timestamp": 1559250644, "time_this_iter_s": 7.197804689407349, "time_total_s": 47.62111258506775, "pid": 7702, "hostname": "steropes", "node_ip": "169.229.49.254", "config": {"starting_lr": 0.005, "momentum": 0.9, "weight_decay": 0.005, "steps_per_iteration": null, "pin": false, "model_creator": null, "target_batch_size": 1024, "model_string": "resnet18", "min_batch_size": 512, "dataset": "CIFAR", "placement": null, "use_nccl": true, "devices_per_worker": 1, "primary_resource": "extra_gpu", "gpu": false, "verbose": false, "lr_config": {"mode": "log", "steps": 5, "initial_lr": 0.005, "target_lr": 0.005}, "batch_per_device": 1024}, "time_since_restore": 47.62111258506775, "timesteps_since_restore": 0, "iterations_since_restore": 6, "mean_throughput": 8177.94899517339, "atoms": 1}
{"apply": 0.007218718528747559, "batch_time": 0.11481359004974365, "d2h": 0.004485511779785156, "data_time": 0.0431244032723563, "fwd": 0.020300769805908205, "get_state_time_mean": NaN, "get_state_time_total": 0.0, "grad": 0.04195129871368408, "mean_accuracy": 0.5911999940872192, "mean_loss": 1.1494772106170654, "neg_mean_accuracy": -0.5911999940872192, "set_state_time_mean": NaN, "set_state_time_total": 0.0, "setup_model_time_mean": NaN, "setup_model_time_total": 0.0, "setup_proc_time_mean": NaN, "setup_proc_time_total": 0.0, "train_accuracy": 0.5754199624061584, "train_loss": 1.1847903242111206, "training_time_mean": NaN, "training_time_total": 0.0, "validation_time_mean": NaN, "validation_time_total": 0.0, "samples": 60000, "num_workers": 1, "done": false, "timesteps_total": null, "episodes_total": null, "training_iteration": 7, "neg_mean_loss": -1.1494772106170654, "experiment_id": "130db69fff304c3db864201ff28f0a89", "date": "2019-05-30_14-10-52", "timestamp": 1559250652, "time_this_iter_s": 7.149438858032227, "time_total_s": 54.770551443099976, "pid": 7702, "hostname": "steropes", "node_ip": "169.229.49.254", "config": {"starting_lr": 0.005, "momentum": 0.9, "weight_decay": 0.005, "steps_per_iteration": null, "pin": false, "model_creator": null, "target_batch_size": 1024, "model_string": "resnet18", "min_batch_size": 512, "dataset": "CIFAR", "placement": null, "use_nccl": true, "devices_per_worker": 1, "primary_resource": "extra_gpu", "gpu": false, "verbose": false, "lr_config": {"mode": "log", "steps": 5, "initial_lr": 0.005, "target_lr": 0.005}, "batch_per_device": 1024}, "time_since_restore": 54.770551443099976, "timesteps_since_restore": 0, "iterations_since_restore": 7, "mean_throughput": 8234.52548059636, "atoms": 1}
{"apply": 0.007465791702270508, "batch_time": 0.11663587093353271, "d2h": 0.004562687873840332, "data_time": 0.0449174131665911, "fwd": 0.020790910720825194, "get_state_time_mean": NaN, "get_state_time_total": 0.0, "grad": 0.041776394844055174, "mean_accuracy": 0.6086999773979187, "mean_loss": 1.0780917011260986, "neg_mean_accuracy": -0.6086999773979187, "set_state_time_mean": NaN, "set_state_time_total": 0.0, "setup_model_time_mean": NaN, "setup_model_time_total": 0.0, "setup_proc_time_mean": NaN, "setup_proc_time_total": 0.0, "train_accuracy": 0.5932599902153015, "train_loss": 1.1323636281967162, "training_time_mean": NaN, "training_time_total": 0.0, "validation_time_mean": NaN, "validation_time_total": 0.0, "samples": 60000, "num_workers": 1, "done": false, "timesteps_total": null, "episodes_total": null, "training_iteration": 8, "neg_mean_loss": -1.0780917011260986, "experiment_id": "130db69fff304c3db864201ff28f0a89", "date": "2019-05-30_14-10-59", "timestamp": 1559250659, "time_this_iter_s": 7.219745635986328, "time_total_s": 61.990297079086304, "pid": 7702, "hostname": "steropes", "node_ip": "169.229.49.254", "config": {"starting_lr": 0.005, "momentum": 0.9, "weight_decay": 0.005, "steps_per_iteration": null, "pin": false, "model_creator": null, "target_batch_size": 1024, "model_string": "resnet18", "min_batch_size": 512, "dataset": "CIFAR", "placement": null, "use_nccl": true, "devices_per_worker": 1, "primary_resource": "extra_gpu", "gpu": false, "verbose": false, "lr_config": {"mode": "log", "steps": 5, "initial_lr": 0.005, "target_lr": 0.005}, "batch_per_device": 1024}, "time_since_restore": 61.990297079086304, "timesteps_since_restore": 0, "iterations_since_restore": 8, "mean_throughput": 8251.713503277631, "atoms": 1}
{"apply": 0.0068397045135498045, "batch_time": 0.11609632968902588, "d2h": 0.004213118553161621, "data_time": 0.0485848601983518, "fwd": 0.01983652114868164, "get_state_time_mean": NaN, "get_state_time_total": 0.0, "grad": 0.04161648750305176, "mean_accuracy": 0.6134999990463257, "mean_loss": 1.074428910255432, "neg_mean_accuracy": -0.6134999990463257, "set_state_time_mean": NaN, "set_state_time_total": 0.0, "setup_model_time_mean": NaN, "setup_model_time_total": 0.0, "setup_proc_time_mean": NaN, "setup_proc_time_total": 0.0, "train_accuracy": 0.6091600060462952, "train_loss": 1.0976123823928834, "training_time_mean": NaN, "training_time_total": 0.0, "validation_time_mean": NaN, "validation_time_total": 0.0, "samples": 60000, "num_workers": 1, "done": false, "timesteps_total": null, "episodes_total": null, "training_iteration": 9, "neg_mean_loss": -1.074428910255432, "experiment_id": "130db69fff304c3db864201ff28f0a89", "date": "2019-05-30_14-11-06", "timestamp": 1559250666, "time_this_iter_s": 7.407429933547974, "time_total_s": 69.39772701263428, "pid": 7702, "hostname": "steropes", "node_ip": "169.229.49.254", "config": {"starting_lr": 0.005, "momentum": 0.9, "weight_decay": 0.005, "steps_per_iteration": null, "pin": false, "model_creator": null, "target_batch_size": 1024, "model_string": "resnet18", "min_batch_size": 512, "dataset": "CIFAR", "placement": null, "use_nccl": true, "devices_per_worker": 1, "primary_resource": "extra_gpu", "gpu": false, "verbose": false, "lr_config": {"mode": "log", "steps": 5, "initial_lr": 0.005, "target_lr": 0.005}, "batch_per_device": 1024}, "time_since_restore": 69.39772701263428, "timesteps_since_restore": 0, "iterations_since_restore": 9, "mean_throughput": 8211.021612039, "atoms": 1}
{"apply": 0.006830692291259766, "batch_time": 0.1173447847366333, "d2h": 0.004263234138488769, "data_time": 0.05124033713827328, "fwd": 0.02025020122528076, "get_state_time_mean": NaN, "get_state_time_total": 0.0, "grad": 0.0422245979309082, "mean_accuracy": 0.6324999928474426, "mean_loss": 1.0248208572387696, "neg_mean_accuracy": -0.6324999928474426, "set_state_time_mean": NaN, "set_state_time_total": 0.0, "setup_model_time_mean": NaN, "setup_model_time_total": 0.0, "setup_proc_time_mean": NaN, "setup_proc_time_total": 0.0, "train_accuracy": 0.6200799942016602, "train_loss": 1.0579397774887085, "training_time_mean": NaN, "training_time_total": 0.0, "validation_time_mean": NaN, "validation_time_total": 0.0, "samples": 60000, "num_workers": 1, "done": false, "timesteps_total": null, "episodes_total": null, "training_iteration": 10, "neg_mean_loss": -1.0248208572387696, "experiment_id": "130db69fff304c3db864201ff28f0a89", "date": "2019-05-30_14-11-14", "timestamp": 1559250674, "time_this_iter_s": 7.547074794769287, "time_total_s": 76.94480180740356, "pid": 7702, "hostname": "steropes", "node_ip": "169.229.49.254", "config": {"starting_lr": 0.005, "momentum": 0.9, "weight_decay": 0.005, "steps_per_iteration": null, "pin": false, "model_creator": null, "target_batch_size": 1024, "model_string": "resnet18", "min_batch_size": 512, "dataset": "CIFAR", "placement": null, "use_nccl": true, "devices_per_worker": 1, "primary_resource": "extra_gpu", "gpu": false, "verbose": false, "lr_config": {"mode": "log", "steps": 5, "initial_lr": 0.005, "target_lr": 0.005}, "batch_per_device": 1024}, "time_since_restore": 76.94480180740356, "timesteps_since_restore": 0, "iterations_since_restore": 10, "mean_throughput": 8214.24863468741, "atoms": 1}
{"apply": 0.006868219375610352, "batch_time": 0.12007696628570556, "d2h": 0.004339170455932617, "data_time": 0.04516865282642598, "fwd": 0.020212125778198243, "get_state_time_mean": NaN, "get_state_time_total": 0.0, "grad": 0.042180848121643064, "mean_accuracy": 0.6304000020027161, "mean_loss": 1.0295995807647704, "neg_mean_accuracy": -0.6304000020027161, "set_state_time_mean": NaN, "set_state_time_total": 0.0, "setup_model_time_mean": NaN, "setup_model_time_total": 0.0, "setup_proc_time_mean": NaN, "setup_proc_time_total": 0.0, "train_accuracy": 0.6338799595832825, "train_loss": 1.0238424563598634, "training_time_mean": NaN, "training_time_total": 0.0, "validation_time_mean": NaN, "validation_time_total": 0.0, "samples": 60000, "num_workers": 1, "done": false, "timesteps_total": null, "episodes_total": null, "training_iteration": 11, "neg_mean_loss": -1.0295995807647704, "experiment_id": "130db69fff304c3db864201ff28f0a89", "date": "2019-05-30_14-11-21", "timestamp": 1559250681, "time_this_iter_s": 7.295544385910034, "time_total_s": 84.2403461933136, "pid": 7702, "hostname": "steropes", "node_ip": "169.229.49.254", "config": {"starting_lr": 0.005, "momentum": 0.9, "weight_decay": 0.005, "steps_per_iteration": null, "pin": false, "model_creator": null, "target_batch_size": 1024, "model_string": "resnet18", "min_batch_size": 512, "dataset": "CIFAR", "placement": null, "use_nccl": true, "devices_per_worker": 1, "primary_resource": "extra_gpu", "gpu": false, "verbose": false, "lr_config": {"mode": "log", "steps": 5, "initial_lr": 0.005, "target_lr": 0.005}, "batch_per_device": 1024}, "time_since_restore": 84.2403461933136, "timesteps_since_restore": 0, "iterations_since_restore": 11, "mean_throughput": 8192.32491955345, "atoms": 1}
{"apply": 0.007168817520141602, "batch_time": 0.12138607501983642, "d2h": 0.0042868852615356445, "data_time": 0.04650792783620406, "fwd": 0.02058541774749756, "get_state_time_mean": NaN, "get_state_time_total": 0.0, "grad": 0.04262983798980713, "mean_accuracy": 0.6360999941825867, "mean_loss": 1.0094855548858643, "neg_mean_accuracy": -0.6360999941825867, "set_state_time_mean": NaN, "set_state_time_total": 0.0, "setup_model_time_mean": NaN, "setup_model_time_total": 0.0, "setup_proc_time_mean": NaN, "setup_proc_time_total": 0.0, "train_accuracy": 0.6435399651527405, "train_loss": 0.9961768823242187, "training_time_mean": NaN, "training_time_total": 0.0, "validation_time_mean": NaN, "validation_time_total": 0.0, "samples": 60000, "num_workers": 1, "done": false, "timesteps_total": null, "episodes_total": null, "training_iteration": 12, "neg_mean_loss": -1.0094855548858643, "experiment_id": "130db69fff304c3db864201ff28f0a89", "date": "2019-05-30_14-11-29", "timestamp": 1559250689, "time_this_iter_s": 7.406320810317993, "time_total_s": 91.64666700363159, "pid": 7702, "hostname": "steropes", "node_ip": "169.229.49.254", "config": {"starting_lr": 0.005, "momentum": 0.9, "weight_decay": 0.005, "steps_per_iteration": null, "pin": false, "model_creator": null, "target_batch_size": 1024, "model_string": "resnet18", "min_batch_size": 512, "dataset": "CIFAR", "placement": null, "use_nccl": true, "devices_per_worker": 1, "primary_resource": "extra_gpu", "gpu": false, "verbose": false, "lr_config": {"mode": "log", "steps": 5, "initial_lr": 0.005, "target_lr": 0.005}, "batch_per_device": 1024}, "time_since_restore": 91.64666700363159, "timesteps_since_restore": 0, "iterations_since_restore": 12, "mean_throughput": 8135.257426870229, "atoms": 1}
{"apply": 0.0073528289794921875, "batch_time": 0.11519205570220947, "d2h": 0.004587054252624512, "data_time": 0.050572624011915555, "fwd": 0.021346449851989746, "get_state_time_mean": NaN, "get_state_time_total": 0.0, "grad": 0.04282398223876953, "mean_accuracy": 0.6538000106811523, "mean_loss": 0.974333937740326, "neg_mean_accuracy": -0.6538000106811523, "set_state_time_mean": NaN, "set_state_time_total": 0.0, "setup_model_time_mean": NaN, "setup_model_time_total": 0.0, "setup_proc_time_mean": NaN, "setup_proc_time_total": 0.0, "train_accuracy": 0.6503599882125854, "train_loss": 0.9742244819831848, "training_time_mean": NaN, "training_time_total": 0.0, "validation_time_mean": NaN, "validation_time_total": 0.0, "samples": 60000, "num_workers": 1, "done": false, "timesteps_total": null, "episodes_total": null, "training_iteration": 13, "neg_mean_loss": -0.974333937740326, "experiment_id": "130db69fff304c3db864201ff28f0a89", "date": "2019-05-30_14-11-36", "timestamp": 1559250696, "time_this_iter_s": 7.514477252960205, "time_total_s": 99.1611442565918, "pid": 7702, "hostname": "steropes", "node_ip": "169.229.49.254", "config": {"starting_lr": 0.005, "momentum": 0.9, "weight_decay": 0.005, "steps_per_iteration": null, "pin": false, "model_creator": null, "target_batch_size": 1024, "model_string": "resnet18", "min_batch_size": 512, "dataset": "CIFAR", "placement": null, "use_nccl": true, "devices_per_worker": 1, "primary_resource": "extra_gpu", "gpu": false, "verbose": false, "lr_config": {"mode": "log", "steps": 5, "initial_lr": 0.005, "target_lr": 0.005}, "batch_per_device": 1024}, "time_since_restore": 99.1611442565918, "timesteps_since_restore": 0, "iterations_since_restore": 13, "mean_throughput": 8070.753583840851, "atoms": 1}
{"apply": 0.0069091796875, "batch_time": 0.11576354503631592, "d2h": 0.0042601823806762695, "data_time": 0.04389147855797593, "fwd": 0.02082085609436035, "get_state_time_mean": NaN, "get_state_time_total": 0.0, "grad": 0.04190304279327393, "mean_accuracy": 0.6633999943733215, "mean_loss": 0.947799638748169, "neg_mean_accuracy": -0.6633999943733215, "set_state_time_mean": NaN, "set_state_time_total": 0.0, "setup_model_time_mean": NaN, "setup_model_time_total": 0.0, "setup_proc_time_mean": NaN, "setup_proc_time_total": 0.0, "train_accuracy": 0.6638000011444092, "train_loss": 0.9385230199813843, "training_time_mean": NaN, "training_time_total": 0.0, "validation_time_mean": NaN, "validation_time_total": 0.0, "samples": 60000, "num_workers": 1, "done": false, "timesteps_total": null, "episodes_total": null, "training_iteration": 14, "neg_mean_loss": -0.947799638748169, "experiment_id": "130db69fff304c3db864201ff28f0a89", "date": "2019-05-30_14-11-43", "timestamp": 1559250703, "time_this_iter_s": 7.099267482757568, "time_total_s": 106.26041173934937, "pid": 7702, "hostname": "steropes", "node_ip": "169.229.49.254", "config": {"starting_lr": 0.005, "momentum": 0.9, "weight_decay": 0.005, "steps_per_iteration": null, "pin": false, "model_creator": null, "target_batch_size": 1024, "model_string": "resnet18", "min_batch_size": 512, "dataset": "CIFAR", "placement": null, "use_nccl": true, "devices_per_worker": 1, "primary_resource": "extra_gpu", "gpu": false, "verbose": false, "lr_config": {"mode": "log", "steps": 5, "initial_lr": 0.005, "target_lr": 0.005}, "batch_per_device": 1024}, "time_since_restore": 106.26041173934937, "timesteps_since_restore": 0, "iterations_since_restore": 14, "mean_throughput": 8138.222614367614, "atoms": 1}
{"apply": 0.0070988178253173825, "batch_time": 0.11558289527893066, "d2h": 0.003971743583679199, "data_time": 0.057483293572250675, "fwd": 0.020218276977539064, "get_state_time_mean": NaN, "get_state_time_total": 0.0, "grad": 0.04154787063598633, "mean_accuracy": 0.6640999913215637, "mean_loss": 0.9423324195861816, "neg_mean_accuracy": -0.6640999913215637, "set_state_time_mean": NaN, "set_state_time_total": 0.0, "setup_model_time_mean": NaN, "setup_model_time_total": 0.0, "setup_proc_time_mean": NaN, "setup_proc_time_total": 0.0, "train_accuracy": 0.6757999658584595, "train_loss": 0.9186236216545105, "training_time_mean": NaN, "training_time_total": 0.0, "validation_time_mean": NaN, "validation_time_total": 0.0, "samples": 60000, "num_workers": 1, "done": false, "timesteps_total": null, "episodes_total": null, "training_iteration": 15, "neg_mean_loss": -0.9423324195861816, "experiment_id": "130db69fff304c3db864201ff28f0a89", "date": "2019-05-30_14-11-51", "timestamp": 1559250711, "time_this_iter_s": 7.749310731887817, "time_total_s": 114.00972247123718, "pid": 7702, "hostname": "steropes", "node_ip": "169.229.49.254", "config": {"starting_lr": 0.005, "momentum": 0.9, "weight_decay": 0.005, "steps_per_iteration": null, "pin": false, "model_creator": null, "target_batch_size": 1024, "model_string": "resnet18", "min_batch_size": 512, "dataset": "CIFAR", "placement": null, "use_nccl": true, "devices_per_worker": 1, "primary_resource": "extra_gpu", "gpu": false, "verbose": false, "lr_config": {"mode": "log", "steps": 5, "initial_lr": 0.005, "target_lr": 0.005}, "batch_per_device": 1024}, "time_since_restore": 114.00972247123718, "timesteps_since_restore": 0, "iterations_since_restore": 15, "mean_throughput": 8093.818243424093, "atoms": 1}
{"apply": 0.007197046279907226, "batch_time": 0.11448030471801758, "d2h": 0.004488372802734375, "data_time": 0.05026695679645149, "fwd": 0.0202939510345459, "get_state_time_mean": NaN, "get_state_time_total": 0.0, "grad": 0.04332377910614014, "mean_accuracy": 0.6603999733924866, "mean_loss": 0.9357527045249939, "neg_mean_accuracy": -0.6603999733924866, "set_state_time_mean": NaN, "set_state_time_total": 0.0, "setup_model_time_mean": NaN, "setup_model_time_total": 0.0, "setup_proc_time_mean": NaN, "setup_proc_time_total": 0.0, "train_accuracy": 0.6813399791717529, "train_loss": 0.8954420713996887, "training_time_mean": NaN, "training_time_total": 0.0, "validation_time_mean": NaN, "validation_time_total": 0.0, "samples": 60000, "num_workers": 1, "done": false, "timesteps_total": null, "episodes_total": null, "training_iteration": 16, "neg_mean_loss": -0.9357527045249939, "experiment_id": "130db69fff304c3db864201ff28f0a89", "date": "2019-05-30_14-11-58", "timestamp": 1559250718, "time_this_iter_s": 7.450491428375244, "time_total_s": 121.46021389961243, "pid": 7702, "hostname": "steropes", "node_ip": "169.229.49.254", "config": {"starting_lr": 0.005, "momentum": 0.9, "weight_decay": 0.005, "steps_per_iteration": null, "pin": false, "model_creator": null, "target_batch_size": 1024, "model_string": "resnet18", "min_batch_size": 512, "dataset": "CIFAR", "placement": null, "use_nccl": true, "devices_per_worker": 1, "primary_resource": "extra_gpu", "gpu": false, "verbose": false, "lr_config": {"mode": "log", "steps": 5, "initial_lr": 0.005, "target_lr": 0.005}, "batch_per_device": 1024}, "time_since_restore": 121.46021389961243, "timesteps_since_restore": 0, "iterations_since_restore": 16, "mean_throughput": 8060.124968489995, "atoms": 1}
{"apply": 0.00737309455871582, "batch_time": 0.11912021636962891, "d2h": 0.003873920440673828, "data_time": 0.044531004769461494, "fwd": 0.019966483116149902, "get_state_time_mean": NaN, "get_state_time_total": 0.0, "grad": 0.041351485252380374, "mean_accuracy": 0.6830999851226807, "mean_loss": 0.8958265009880066, "neg_mean_accuracy": -0.6830999851226807, "set_state_time_mean": NaN, "set_state_time_total": 0.0, "setup_model_time_mean": NaN, "setup_model_time_total": 0.0, "setup_proc_time_mean": NaN, "setup_proc_time_total": 0.0, "train_accuracy": 0.6927399635314941, "train_loss": 0.8667717933273316, "training_time_mean": NaN, "training_time_total": 0.0, "validation_time_mean": NaN, "validation_time_total": 0.0, "samples": 60000, "num_workers": 1, "done": false, "timesteps_total": null, "episodes_total": null, "training_iteration": 17, "neg_mean_loss": -0.8958265009880066, "experiment_id": "130db69fff304c3db864201ff28f0a89", "date": "2019-05-30_14-12-06", "timestamp": 1559250726, "time_this_iter_s": 7.187021017074585, "time_total_s": 128.647234916687, "pid": 7702, "hostname": "steropes", "node_ip": "169.229.49.254", "config": {"starting_lr": 0.005, "momentum": 0.9, "weight_decay": 0.005, "steps_per_iteration": null, "pin": false, "model_creator": null, "target_batch_size": 1024, "model_string": "resnet18", "min_batch_size": 512, "dataset": "CIFAR", "placement": null, "use_nccl": true, "devices_per_worker": 1, "primary_resource": "extra_gpu", "gpu": false, "verbose": false, "lr_config": {"mode": "log", "steps": 5, "initial_lr": 0.005, "target_lr": 0.005}, "batch_per_device": 1024}, "time_since_restore": 128.647234916687, "timesteps_since_restore": 0, "iterations_since_restore": 17, "mean_throughput": 8107.897089646667, "atoms": 1}
{"apply": 0.006981062889099121, "batch_time": 0.1152233362197876, "d2h": 0.004033637046813965, "data_time": 0.05323929689368423, "fwd": 0.02043788433074951, "get_state_time_mean": NaN, "get_state_time_total": 0.0, "grad": 0.04281530380249023, "mean_accuracy": 0.685699999332428, "mean_loss": 0.8881014413833618, "neg_mean_accuracy": -0.685699999332428, "set_state_time_mean": NaN, "set_state_time_total": 0.0, "setup_model_time_mean": NaN, "setup_model_time_total": 0.0, "setup_proc_time_mean": NaN, "setup_proc_time_total": 0.0, "train_accuracy": 0.6980999708175659, "train_loss": 0.8528665629005432, "training_time_mean": NaN, "training_time_total": 0.0, "validation_time_mean": NaN, "validation_time_total": 0.0, "samples": 60000, "num_workers": 1, "done": false, "timesteps_total": null, "episodes_total": null, "training_iteration": 18, "neg_mean_loss": -0.8881014413833618, "experiment_id": "130db69fff304c3db864201ff28f0a89", "date": "2019-05-30_14-12-13", "timestamp": 1559250733, "time_this_iter_s": 7.534581661224365, "time_total_s": 136.18181657791138, "pid": 7702, "hostname": "steropes", "node_ip": "169.229.49.254", "config": {"starting_lr": 0.005, "momentum": 0.9, "weight_decay": 0.005, "steps_per_iteration": null, "pin": false, "model_creator": null, "target_batch_size": 1024, "model_string": "resnet18", "min_batch_size": 512, "dataset": "CIFAR", "placement": null, "use_nccl": true, "devices_per_worker": 1, "primary_resource": "extra_gpu", "gpu": false, "verbose": false, "lr_config": {"mode": "log", "steps": 5, "initial_lr": 0.005, "target_lr": 0.005}, "batch_per_device": 1024}, "time_since_restore": 136.18181657791138, "timesteps_since_restore": 0, "iterations_since_restore": 18, "mean_throughput": 8103.493026629187, "atoms": 1}
{"apply": 0.006807708740234375, "batch_time": 0.11478989124298096, "d2h": 0.0042301654815673825, "data_time": 0.057488285765355945, "fwd": 0.019972610473632812, "get_state_time_mean": NaN, "get_state_time_total": 0.0, "grad": 0.041982173919677734, "mean_accuracy": 0.6895999908447266, "mean_loss": 0.8775626953125, "neg_mean_accuracy": -0.6895999908447266, "set_state_time_mean": NaN, "set_state_time_total": 0.0, "setup_model_time_mean": NaN, "setup_model_time_total": 0.0, "setup_proc_time_mean": NaN, "setup_proc_time_total": 0.0, "train_accuracy": 0.7024999856948853, "train_loss": 0.8320832302856446, "training_time_mean": NaN, "training_time_total": 0.0, "validation_time_mean": NaN, "validation_time_total": 0.0, "samples": 60000, "num_workers": 1, "done": false, "timesteps_total": null, "episodes_total": null, "training_iteration": 19, "neg_mean_loss": -0.8775626953125, "experiment_id": "130db69fff304c3db864201ff28f0a89", "date": "2019-05-30_14-12-21", "timestamp": 1559250741, "time_this_iter_s": 7.761836051940918, "time_total_s": 143.9436526298523, "pid": 7702, "hostname": "steropes", "node_ip": "169.229.49.254", "config": {"starting_lr": 0.005, "momentum": 0.9, "weight_decay": 0.005, "steps_per_iteration": null, "pin": false, "model_creator": null, "target_batch_size": 1024, "model_string": "resnet18", "min_batch_size": 512, "dataset": "CIFAR", "placement": null, "use_nccl": true, "devices_per_worker": 1, "primary_resource": "extra_gpu", "gpu": false, "verbose": false, "lr_config": {"mode": "log", "steps": 5, "initial_lr": 0.005, "target_lr": 0.005}, "batch_per_device": 1024}, "time_since_restore": 143.9436526298523, "timesteps_since_restore": 0, "iterations_since_restore": 19, "mean_throughput": 7961.01433079279, "atoms": 1}
{"apply": 0.00670466423034668, "batch_time": 0.12878720760345458, "d2h": 0.0039841651916503905, "data_time": 0.04329820555083606, "fwd": 0.019736647605895996, "get_state_time_mean": NaN, "get_state_time_total": 0.0, "grad": 0.04223778247833252, "mean_accuracy": 0.7028999924659729, "mean_loss": 0.8406747176170349, "neg_mean_accuracy": -0.7028999924659729, "set_state_time_mean": NaN, "set_state_time_total": 0.0, "setup_model_time_mean": NaN, "setup_model_time_total": 0.0, "setup_proc_time_mean": NaN, "setup_proc_time_total": 0.0, "train_accuracy": 0.706559956073761, "train_loss": 0.822430134563446, "training_time_mean": NaN, "training_time_total": 0.0, "validation_time_mean": NaN, "validation_time_total": 0.0, "samples": 60000, "num_workers": 1, "done": false, "timesteps_total": null, "episodes_total": null, "training_iteration": 20, "neg_mean_loss": -0.8406747176170349, "experiment_id": "130db69fff304c3db864201ff28f0a89", "date": "2019-05-30_14-12-28", "timestamp": 1559250748, "time_this_iter_s": 7.235400438308716, "time_total_s": 151.179053068161, "pid": 7702, "hostname": "steropes", "node_ip": "169.229.49.254", "config": {"starting_lr": 0.005, "momentum": 0.9, "weight_decay": 0.005, "steps_per_iteration": null, "pin": false, "model_creator": null, "target_batch_size": 1024, "model_string": "resnet18", "min_batch_size": 512, "dataset": "CIFAR", "placement": null, "use_nccl": true, "devices_per_worker": 1, "primary_resource": "extra_gpu", "gpu": false, "verbose": false, "lr_config": {"mode": "log", "steps": 5, "initial_lr": 0.005, "target_lr": 0.005}, "batch_per_device": 1024}, "time_since_restore": 151.179053068161, "timesteps_since_restore": 0, "iterations_since_restore": 20, "mean_throughput": 8071.08469459621, "atoms": 1}
{"apply": 0.006941485404968262, "batch_time": 0.12834596633911133, "d2h": 0.004093074798583984, "data_time": 0.04507444829356914, "fwd": 0.021079301834106445, "get_state_time_mean": NaN, "get_state_time_total": 0.0, "grad": 0.04234464168548584, "mean_accuracy": 0.7037999629974365, "mean_loss": 0.8476320423126221, "neg_mean_accuracy": -0.7037999629974365, "set_state_time_mean": NaN, "set_state_time_total": 0.0, "setup_model_time_mean": NaN, "setup_model_time_total": 0.0, "setup_proc_time_mean": NaN, "setup_proc_time_total": 0.0, "train_accuracy": 0.7164999842643738, "train_loss": 0.7981328502273559, "training_time_mean": NaN, "training_time_total": 0.0, "validation_time_mean": NaN, "validation_time_total": 0.0, "samples": 60000, "num_workers": 1, "done": false, "timesteps_total": null, "episodes_total": null, "training_iteration": 21, "neg_mean_loss": -0.8476320423126221, "experiment_id": "130db69fff304c3db864201ff28f0a89", "date": "2019-05-30_14-12-35", "timestamp": 1559250755, "time_this_iter_s": 7.301894187927246, "time_total_s": 158.48094725608826, "pid": 7702, "hostname": "steropes", "node_ip": "169.229.49.254", "config": {"starting_lr": 0.005, "momentum": 0.9, "weight_decay": 0.005, "steps_per_iteration": null, "pin": false, "model_creator": null, "target_batch_size": 1024, "model_string": "resnet18", "min_batch_size": 512, "dataset": "CIFAR", "placement": null, "use_nccl": true, "devices_per_worker": 1, "primary_resource": "extra_gpu", "gpu": false, "verbose": false, "lr_config": {"mode": "log", "steps": 5, "initial_lr": 0.005, "target_lr": 0.005}, "batch_per_device": 1024}, "time_since_restore": 158.48094725608826, "timesteps_since_restore": 0, "iterations_since_restore": 21, "mean_throughput": 8103.479040504019, "atoms": 1}
{"apply": 0.007622432708740234, "batch_time": 0.1161543846130371, "d2h": 0.004622697830200195, "data_time": 0.045327410405995895, "fwd": 0.020155453681945802, "get_state_time_mean": NaN, "get_state_time_total": 0.0, "grad": 0.04229791164398193, "mean_accuracy": 0.7132999897003174, "mean_loss": 0.8160995485305786, "neg_mean_accuracy": -0.7132999897003174, "set_state_time_mean": NaN, "set_state_time_total": 0.0, "setup_model_time_mean": NaN, "setup_model_time_total": 0.0, "setup_proc_time_mean": NaN, "setup_proc_time_total": 0.0, "train_accuracy": 0.7195999622344971, "train_loss": 0.7887715100669861, "training_time_mean": NaN, "training_time_total": 0.0, "validation_time_mean": NaN, "validation_time_total": 0.0, "samples": 60000, "num_workers": 1, "done": false, "timesteps_total": null, "episodes_total": null, "training_iteration": 22, "neg_mean_loss": -0.8160995485305786, "experiment_id": "130db69fff304c3db864201ff28f0a89", "date": "2019-05-30_14-12-43", "timestamp": 1559250763, "time_this_iter_s": 7.19275975227356, "time_total_s": 165.67370700836182, "pid": 7702, "hostname": "steropes", "node_ip": "169.229.49.254", "config": {"starting_lr": 0.005, "momentum": 0.9, "weight_decay": 0.005, "steps_per_iteration": null, "pin": false, "model_creator": null, "target_batch_size": 1024, "model_string": "resnet18", "min_batch_size": 512, "dataset": "CIFAR", "placement": null, "use_nccl": true, "devices_per_worker": 1, "primary_resource": "extra_gpu", "gpu": false, "verbose": false, "lr_config": {"mode": "log", "steps": 5, "initial_lr": 0.005, "target_lr": 0.005}, "batch_per_device": 1024}, "time_since_restore": 165.67370700836182, "timesteps_since_restore": 0, "iterations_since_restore": 22, "mean_throughput": 8102.22314761652, "atoms": 1}
{"apply": 0.00735783576965332, "batch_time": 0.11540534496307372, "d2h": 0.004101181030273437, "data_time": 0.06212811567345444, "fwd": 0.020989084243774415, "get_state_time_mean": NaN, "get_state_time_total": 0.0, "grad": 0.041820216178894046, "mean_accuracy": 0.713699996471405, "mean_loss": 0.8035128235816955, "neg_mean_accuracy": -0.713699996471405, "set_state_time_mean": NaN, "set_state_time_total": 0.0, "setup_model_time_mean": NaN, "setup_model_time_total": 0.0, "setup_proc_time_mean": NaN, "setup_proc_time_total": 0.0, "train_accuracy": 0.7227999567985535, "train_loss": 0.7806776524925232, "training_time_mean": NaN, "training_time_total": 0.0, "validation_time_mean": NaN, "validation_time_total": 0.0, "samples": 60000, "num_workers": 1, "done": false, "timesteps_total": null, "episodes_total": null, "training_iteration": 23, "neg_mean_loss": -0.8035128235816955, "experiment_id": "130db69fff304c3db864201ff28f0a89", "date": "2019-05-30_14-12-51", "timestamp": 1559250771, "time_this_iter_s": 7.970826864242554, "time_total_s": 173.64453387260437, "pid": 7702, "hostname": "steropes", "node_ip": "169.229.49.254", "config": {"starting_lr": 0.005, "momentum": 0.9, "weight_decay": 0.005, "steps_per_iteration": null, "pin": false, "model_creator": null, "target_batch_size": 1024, "model_string": "resnet18", "min_batch_size": 512, "dataset": "CIFAR", "placement": null, "use_nccl": true, "devices_per_worker": 1, "primary_resource": "extra_gpu", "gpu": false, "verbose": false, "lr_config": {"mode": "log", "steps": 5, "initial_lr": 0.005, "target_lr": 0.005}, "batch_per_device": 1024}, "time_since_restore": 173.64453387260437, "timesteps_since_restore": 0, "iterations_since_restore": 23, "mean_throughput": 8007.876654239023, "atoms": 1}
{"apply": 0.006765294075012207, "batch_time": 0.11779365539550782, "d2h": 0.003968358039855957, "data_time": 0.043924428978744816, "fwd": 0.019774842262268066, "get_state_time_mean": NaN, "get_state_time_total": 0.0, "grad": 0.042331361770629884, "mean_accuracy": 0.7128999829292297, "mean_loss": 0.8200632206916809, "neg_mean_accuracy": -0.7128999829292297, "set_state_time_mean": NaN, "set_state_time_total": 0.0, "setup_model_time_mean": NaN, "setup_model_time_total": 0.0, "setup_proc_time_mean": NaN, "setup_proc_time_total": 0.0, "train_accuracy": 0.7303999662399292, "train_loss": 0.7590906587028503, "training_time_mean": NaN, "training_time_total": 0.0, "validation_time_mean": NaN, "validation_time_total": 0.0, "samples": 60000, "num_workers": 1, "done": false, "timesteps_total": null, "episodes_total": null, "training_iteration": 24, "neg_mean_loss": -0.8200632206916809, "experiment_id": "130db69fff304c3db864201ff28f0a89", "date": "2019-05-30_14-12-58", "timestamp": 1559250778, "time_this_iter_s": 7.18004584312439, "time_total_s": 180.82457971572876, "pid": 7702, "hostname": "steropes", "node_ip": "169.229.49.254", "config": {"starting_lr": 0.005, "momentum": 0.9, "weight_decay": 0.005, "steps_per_iteration": null, "pin": false, "model_creator": null, "target_batch_size": 1024, "model_string": "resnet18", "min_batch_size": 512, "dataset": "CIFAR", "placement": null, "use_nccl": true, "devices_per_worker": 1, "primary_resource": "extra_gpu", "gpu": false, "verbose": false, "lr_config": {"mode": "log", "steps": 5, "initial_lr": 0.005, "target_lr": 0.005}, "batch_per_device": 1024}, "time_since_restore": 180.82457971572876, "timesteps_since_restore": 0, "iterations_since_restore": 24, "mean_throughput": 8134.197944566957, "atoms": 1}
{"apply": 0.006829285621643066, "batch_time": 0.11453471183776856, "d2h": 0.004102873802185059, "data_time": 0.04278576130769691, "fwd": 0.020114707946777343, "get_state_time_mean": NaN, "get_state_time_total": 0.0, "grad": 0.04255392551422119, "mean_accuracy": 0.7193999886512756, "mean_loss": 0.7911910042762756, "neg_mean_accuracy": -0.7193999886512756, "set_state_time_mean": NaN, "set_state_time_total": 0.0, "setup_model_time_mean": NaN, "setup_model_time_total": 0.0, "setup_proc_time_mean": NaN, "setup_proc_time_total": 0.0, "train_accuracy": 0.7371999621391296, "train_loss": 0.7430220997047424, "training_time_mean": NaN, "training_time_total": 0.0, "validation_time_mean": NaN, "validation_time_total": 0.0, "samples": 60000, "num_workers": 1, "done": false, "timesteps_total": null, "episodes_total": null, "training_iteration": 25, "neg_mean_loss": -0.7911910042762756, "experiment_id": "130db69fff304c3db864201ff28f0a89", "date": "2019-05-30_14-13-05", "timestamp": 1559250785, "time_this_iter_s": 7.118802547454834, "time_total_s": 187.9433822631836, "pid": 7702, "hostname": "steropes", "node_ip": "169.229.49.254", "config": {"starting_lr": 0.005, "momentum": 0.9, "weight_decay": 0.005, "steps_per_iteration": null, "pin": false, "model_creator": null, "target_batch_size": 1024, "model_string": "resnet18", "min_batch_size": 512, "dataset": "CIFAR", "placement": null, "use_nccl": true, "devices_per_worker": 1, "primary_resource": "extra_gpu", "gpu": false, "verbose": false, "lr_config": {"mode": "log", "steps": 5, "initial_lr": 0.005, "target_lr": 0.005}, "batch_per_device": 1024}, "time_since_restore": 187.9433822631836, "timesteps_since_restore": 0, "iterations_since_restore": 25, "mean_throughput": 8159.994863894834, "atoms": 1}
{"apply": 0.006984567642211914, "batch_time": 0.11594507694244385, "d2h": 0.004292774200439453, "data_time": 0.045236577793043485, "fwd": 0.02060222625732422, "get_state_time_mean": NaN, "get_state_time_total": 0.0, "grad": 0.041402792930603026, "mean_accuracy": 0.7195000052452087, "mean_loss": 0.7993003297805786, "neg_mean_accuracy": -0.7195000052452087, "set_state_time_mean": NaN, "set_state_time_total": 0.0, "setup_model_time_mean": NaN, "setup_model_time_total": 0.0, "setup_proc_time_mean": NaN, "setup_proc_time_total": 0.0, "train_accuracy": 0.7402399778366089, "train_loss": 0.7299493001556396, "training_time_mean": NaN, "training_time_total": 0.0, "validation_time_mean": NaN, "validation_time_total": 0.0, "samples": 60000, "num_workers": 1, "done": false, "timesteps_total": null, "episodes_total": null, "training_iteration": 26, "neg_mean_loss": -0.7993003297805786, "experiment_id": "130db69fff304c3db864201ff28f0a89", "date": "2019-05-30_14-13-12", "timestamp": 1559250792, "time_this_iter_s": 7.172554969787598, "time_total_s": 195.1159372329712, "pid": 7702, "hostname": "steropes", "node_ip": "169.229.49.254", "config": {"starting_lr": 0.005, "momentum": 0.9, "weight_decay": 0.005, "steps_per_iteration": null, "pin": false, "model_creator": null, "target_batch_size": 1024, "model_string": "resnet18", "min_batch_size": 512, "dataset": "CIFAR", "placement": null, "use_nccl": true, "devices_per_worker": 1, "primary_resource": "extra_gpu", "gpu": false, "verbose": false, "lr_config": {"mode": "log", "steps": 5, "initial_lr": 0.005, "target_lr": 0.005}, "batch_per_device": 1024}, "time_since_restore": 195.1159372329712, "timesteps_since_restore": 0, "iterations_since_restore": 26, "mean_throughput": 8188.803967389056, "atoms": 1}
{"apply": 0.006864690780639648, "batch_time": 0.1159867525100708, "d2h": 0.003989958763122558, "data_time": 0.05726742744445801, "fwd": 0.01985781192779541, "get_state_time_mean": NaN, "get_state_time_total": 0.0, "grad": 0.04228837490081787, "mean_accuracy": 0.7199999690055847, "mean_loss": 0.7932866950035096, "neg_mean_accuracy": -0.7199999690055847, "set_state_time_mean": NaN, "set_state_time_total": 0.0, "setup_model_time_mean": NaN, "setup_model_time_total": 0.0, "setup_proc_time_mean": NaN, "setup_proc_time_total": 0.0, "train_accuracy": 0.7452799677848816, "train_loss": 0.7178569990158081, "training_time_mean": NaN, "training_time_total": 0.0, "validation_time_mean": NaN, "validation_time_total": 0.0, "samples": 60000, "num_workers": 1, "done": false, "timesteps_total": null, "episodes_total": null, "training_iteration": 27, "neg_mean_loss": -0.7932866950035096, "experiment_id": "130db69fff304c3db864201ff28f0a89", "date": "2019-05-30_14-13-20", "timestamp": 1559250800, "time_this_iter_s": 7.757691383361816, "time_total_s": 202.873628616333, "pid": 7702, "hostname": "steropes", "node_ip": "169.229.49.254", "config": {"starting_lr": 0.005, "momentum": 0.9, "weight_decay": 0.005, "steps_per_iteration": null, "pin": false, "model_creator": null, "target_batch_size": 1024, "model_string": "resnet18", "min_batch_size": 512, "dataset": "CIFAR", "placement": null, "use_nccl": true, "devices_per_worker": 1, "primary_resource": "extra_gpu", "gpu": false, "verbose": false, "lr_config": {"mode": "log", "steps": 5, "initial_lr": 0.005, "target_lr": 0.005}, "batch_per_device": 1024}, "time_since_restore": 202.873628616333, "timesteps_since_restore": 0, "iterations_since_restore": 27, "mean_throughput": 8064.447066385451, "atoms": 1}
{"apply": 0.006947112083435058, "batch_time": 0.11548943519592285, "d2h": 0.0042553901672363285, "data_time": 0.043030806950160434, "fwd": 0.020574736595153808, "get_state_time_mean": NaN, "get_state_time_total": 0.0, "grad": 0.04320447444915772, "mean_accuracy": 0.7204999923706055, "mean_loss": 0.7934203804016113, "neg_mean_accuracy": -0.7204999923706055, "set_state_time_mean": NaN, "set_state_time_total": 0.0, "setup_model_time_mean": NaN, "setup_model_time_total": 0.0, "setup_proc_time_mean": NaN, "setup_proc_time_total": 0.0, "train_accuracy": 0.7520999908447266, "train_loss": 0.699095719871521, "training_time_mean": NaN, "training_time_total": 0.0, "validation_time_mean": NaN, "validation_time_total": 0.0, "samples": 60000, "num_workers": 1, "done": false, "timesteps_total": null, "episodes_total": null, "training_iteration": 28, "neg_mean_loss": -0.7934203804016113, "experiment_id": "130db69fff304c3db864201ff28f0a89", "date": "2019-05-30_14-13-27", "timestamp": 1559250807, "time_this_iter_s": 7.118478059768677, "time_total_s": 209.99210667610168, "pid": 7702, "hostname": "steropes", "node_ip": "169.229.49.254", "config": {"starting_lr": 0.005, "momentum": 0.9, "weight_decay": 0.005, "steps_per_iteration": null, "pin": false, "model_creator": null, "target_batch_size": 1024, "model_string": "resnet18", "min_batch_size": 512, "dataset": "CIFAR", "placement": null, "use_nccl": true, "devices_per_worker": 1, "primary_resource": "extra_gpu", "gpu": false, "verbose": false, "lr_config": {"mode": "log", "steps": 5, "initial_lr": 0.005, "target_lr": 0.005}, "batch_per_device": 1024}, "time_since_restore": 209.99210667610168, "timesteps_since_restore": 0, "iterations_since_restore": 28, "mean_throughput": 8253.554536876127, "atoms": 1}
{"apply": 0.006835317611694336, "batch_time": 0.11634547710418701, "d2h": 0.003917074203491211, "data_time": 0.04447329287626305, "fwd": 0.019910979270935058, "get_state_time_mean": NaN, "get_state_time_total": 0.0, "grad": 0.04142918586730957, "mean_accuracy": 0.7204999923706055, "mean_loss": 0.7970344773292541, "neg_mean_accuracy": -0.7204999923706055, "set_state_time_mean": NaN, "set_state_time_total": 0.0, "setup_model_time_mean": NaN, "setup_model_time_total": 0.0, "setup_proc_time_mean": NaN, "setup_proc_time_total": 0.0, "train_accuracy": 0.7531200051307678, "train_loss": 0.6936304875183106, "training_time_mean": NaN, "training_time_total": 0.0, "validation_time_mean": NaN, "validation_time_total": 0.0, "samples": 60000, "num_workers": 1, "done": false, "timesteps_total": null, "episodes_total": null, "training_iteration": 29, "neg_mean_loss": -0.7970344773292541, "experiment_id": "130db69fff304c3db864201ff28f0a89", "date": "2019-05-30_14-13-34", "timestamp": 1559250814, "time_this_iter_s": 7.148540735244751, "time_total_s": 217.14064741134644, "pid": 7702, "hostname": "steropes", "node_ip": "169.229.49.254", "config": {"starting_lr": 0.005, "momentum": 0.9, "weight_decay": 0.005, "steps_per_iteration": null, "pin": false, "model_creator": null, "target_batch_size": 1024, "model_string": "resnet18", "min_batch_size": 512, "dataset": "CIFAR", "placement": null, "use_nccl": true, "devices_per_worker": 1, "primary_resource": "extra_gpu", "gpu": false, "verbose": false, "lr_config": {"mode": "log", "steps": 5, "initial_lr": 0.005, "target_lr": 0.005}, "batch_per_device": 1024}, "time_since_restore": 217.14064741134644, "timesteps_since_restore": 0, "iterations_since_restore": 29, "mean_throughput": 8260.714787587098, "atoms": 1}
{"apply": 0.00686793327331543, "batch_time": 0.11526260375976563, "d2h": 0.00431520938873291, "data_time": 0.057678821135540397, "fwd": 0.020705676078796385, "get_state_time_mean": NaN, "get_state_time_total": 0.0, "grad": 0.04220759868621826, "mean_accuracy": 0.7270999550819397, "mean_loss": 0.7847792463302612, "neg_mean_accuracy": -0.7270999550819397, "set_state_time_mean": NaN, "set_state_time_total": 0.0, "setup_model_time_mean": NaN, "setup_model_time_total": 0.0, "setup_proc_time_mean": NaN, "setup_proc_time_total": 0.0, "train_accuracy": 0.7603799700737, "train_loss": 0.6752025107574463, "training_time_mean": NaN, "training_time_total": 0.0, "validation_time_mean": NaN, "validation_time_total": 0.0, "samples": 60000, "num_workers": 1, "done": false, "timesteps_total": null, "episodes_total": null, "training_iteration": 30, "neg_mean_loss": -0.7847792463302612, "experiment_id": "130db69fff304c3db864201ff28f0a89", "date": "2019-05-30_14-13-42", "timestamp": 1559250822, "time_this_iter_s": 7.791153907775879, "time_total_s": 224.93180131912231, "pid": 7702, "hostname": "steropes", "node_ip": "169.229.49.254", "config": {"starting_lr": 0.005, "momentum": 0.9, "weight_decay": 0.005, "steps_per_iteration": null, "pin": false, "model_creator": null, "target_batch_size": 1024, "model_string": "resnet18", "min_batch_size": 512, "dataset": "CIFAR", "placement": null, "use_nccl": true, "devices_per_worker": 1, "primary_resource": "extra_gpu", "gpu": false, "verbose": false, "lr_config": {"mode": "log", "steps": 5, "initial_lr": 0.005, "target_lr": 0.005}, "batch_per_device": 1024}, "time_since_restore": 224.93180131912231, "timesteps_since_restore": 0, "iterations_since_restore": 30, "mean_throughput": 8110.559004545709, "atoms": 1}
{"apply": 0.0068883180618286135, "batch_time": 0.13183727264404296, "d2h": 0.004162454605102539, "data_time": 0.04838000998205068, "fwd": 0.02037522792816162, "get_state_time_mean": NaN, "get_state_time_total": 0.0, "grad": 0.04274122714996338, "mean_accuracy": 0.7234999537467957, "mean_loss": 0.7915518606185913, "neg_mean_accuracy": -0.7234999537467957, "set_state_time_mean": NaN, "set_state_time_total": 0.0, "setup_model_time_mean": NaN, "setup_model_time_total": 0.0, "setup_proc_time_mean": NaN, "setup_proc_time_total": 0.0, "train_accuracy": 0.7603600025177002, "train_loss": 0.6791740379714966, "training_time_mean": NaN, "training_time_total": 0.0, "validation_time_mean": NaN, "validation_time_total": 0.0, "samples": 60000, "num_workers": 1, "done": false, "timesteps_total": null, "episodes_total": null, "training_iteration": 31, "neg_mean_loss": -0.7915518606185913, "experiment_id": "130db69fff304c3db864201ff28f0a89", "date": "2019-05-30_14-13-49", "timestamp": 1559250829, "time_this_iter_s": 7.544656753540039, "time_total_s": 232.47645807266235, "pid": 7702, "hostname": "steropes", "node_ip": "169.229.49.254", "config": {"starting_lr": 0.005, "momentum": 0.9, "weight_decay": 0.005, "steps_per_iteration": null, "pin": false, "model_creator": null, "target_batch_size": 1024, "model_string": "resnet18", "min_batch_size": 512, "dataset": "CIFAR", "placement": null, "use_nccl": true, "devices_per_worker": 1, "primary_resource": "extra_gpu", "gpu": false, "verbose": false, "lr_config": {"mode": "log", "steps": 5, "initial_lr": 0.005, "target_lr": 0.005}, "batch_per_device": 1024}, "time_since_restore": 232.47645807266235, "timesteps_since_restore": 0, "iterations_since_restore": 31, "mean_throughput": 8029.779990338799, "atoms": 1}
{"apply": 0.006795668601989746, "batch_time": 0.11682746410369874, "d2h": 0.004068803787231445, "data_time": 0.05584221470112703, "fwd": 0.01988229751586914, "get_state_time_mean": NaN, "get_state_time_total": 0.0, "grad": 0.04119076728820801, "mean_accuracy": 0.7372999787330627, "mean_loss": 0.7423252869606018, "neg_mean_accuracy": -0.7372999787330627, "set_state_time_mean": NaN, "set_state_time_total": 0.0, "setup_model_time_mean": NaN, "setup_model_time_total": 0.0, "setup_proc_time_mean": NaN, "setup_proc_time_total": 0.0, "train_accuracy": 0.7678799629211426, "train_loss": 0.6570000367927551, "training_time_mean": NaN, "training_time_total": 0.0, "validation_time_mean": NaN, "validation_time_total": 0.0, "samples": 60000, "num_workers": 1, "done": false, "timesteps_total": null, "episodes_total": null, "training_iteration": 32, "neg_mean_loss": -0.7423252869606018, "experiment_id": "130db69fff304c3db864201ff28f0a89", "date": "2019-05-30_14-13-57", "timestamp": 1559250837, "time_this_iter_s": 7.734007835388184, "time_total_s": 240.21046590805054, "pid": 7702, "hostname": "steropes", "node_ip": "169.229.49.254", "config": {"starting_lr": 0.005, "momentum": 0.9, "weight_decay": 0.005, "steps_per_iteration": null, "pin": false, "model_creator": null, "target_batch_size": 1024, "model_string": "resnet18", "min_batch_size": 512, "dataset": "CIFAR", "placement": null, "use_nccl": true, "devices_per_worker": 1, "primary_resource": "extra_gpu", "gpu": false, "verbose": false, "lr_config": {"mode": "log", "steps": 5, "initial_lr": 0.005, "target_lr": 0.005}, "batch_per_device": 1024}, "time_since_restore": 240.21046590805054, "timesteps_since_restore": 0, "iterations_since_restore": 32, "mean_throughput": 8034.873446441917, "atoms": 1}
{"apply": 0.00687103271484375, "batch_time": 0.11844816207885742, "d2h": 0.0041157245635986325, "data_time": 0.047364376029189754, "fwd": 0.020594358444213867, "get_state_time_mean": NaN, "get_state_time_total": 0.0, "grad": 0.0415001392364502, "mean_accuracy": 0.7335000038146973, "mean_loss": 0.7830348450660706, "neg_mean_accuracy": -0.7335000038146973, "set_state_time_mean": NaN, "set_state_time_total": 0.0, "setup_model_time_mean": NaN, "setup_model_time_total": 0.0, "setup_proc_time_mean": NaN, "setup_proc_time_total": 0.0, "train_accuracy": 0.7724399566650391, "train_loss": 0.6447077427864075, "training_time_mean": NaN, "training_time_total": 0.0, "validation_time_mean": NaN, "validation_time_total": 0.0, "samples": 60000, "num_workers": 1, "done": false, "timesteps_total": null, "episodes_total": null, "training_iteration": 33, "neg_mean_loss": -0.7830348450660706, "experiment_id": "130db69fff304c3db864201ff28f0a89", "date": "2019-05-30_14-14-04", "timestamp": 1559250844, "time_this_iter_s": 7.322541952133179, "time_total_s": 247.53300786018372, "pid": 7702, "hostname": "steropes", "node_ip": "169.229.49.254", "config": {"starting_lr": 0.005, "momentum": 0.9, "weight_decay": 0.005, "steps_per_iteration": null, "pin": false, "model_creator": null, "target_batch_size": 1024, "model_string": "resnet18", "min_batch_size": 512, "dataset": "CIFAR", "placement": null, "use_nccl": true, "devices_per_worker": 1, "primary_resource": "extra_gpu", "gpu": false, "verbose": false, "lr_config": {"mode": "log", "steps": 5, "initial_lr": 0.005, "target_lr": 0.005}, "batch_per_device": 1024}, "time_since_restore": 247.53300786018372, "timesteps_since_restore": 0, "iterations_since_restore": 33, "mean_throughput": 7991.199673475634, "atoms": 1}
{"apply": 0.008015203475952148, "batch_time": 0.11626970767974854, "d2h": 0.004095888137817383, "data_time": 0.04458207013655682, "fwd": 0.021726012229919434, "get_state_time_mean": NaN, "get_state_time_total": 0.0, "grad": 0.042708420753479005, "mean_accuracy": 0.7391999959945679, "mean_loss": 0.7598923624992371, "neg_mean_accuracy": -0.7391999959945679, "set_state_time_mean": NaN, "set_state_time_total": 0.0, "setup_model_time_mean": NaN, "setup_model_time_total": 0.0, "setup_proc_time_mean": NaN, "setup_proc_time_total": 0.0, "train_accuracy": 0.7761399745941162, "train_loss": 0.6372387525367736, "training_time_mean": NaN, "training_time_total": 0.0, "validation_time_mean": NaN, "validation_time_total": 0.0, "samples": 60000, "num_workers": 1, "done": false, "timesteps_total": null, "episodes_total": null, "training_iteration": 34, "neg_mean_loss": -0.7598923624992371, "experiment_id": "130db69fff304c3db864201ff28f0a89", "date": "2019-05-30_14-14-12", "timestamp": 1559250852, "time_this_iter_s": 7.17422080039978, "time_total_s": 254.7072286605835, "pid": 7702, "hostname": "steropes", "node_ip": "169.229.49.254", "config": {"starting_lr": 0.005, "momentum": 0.9, "weight_decay": 0.005, "steps_per_iteration": null, "pin": false, "model_creator": null, "target_batch_size": 1024, "model_string": "resnet18", "min_batch_size": 512, "dataset": "CIFAR", "placement": null, "use_nccl": true, "devices_per_worker": 1, "primary_resource": "extra_gpu", "gpu": false, "verbose": false, "lr_config": {"mode": "log", "steps": 5, "initial_lr": 0.005, "target_lr": 0.005}, "batch_per_device": 1024}, "time_since_restore": 254.7072286605835, "timesteps_since_restore": 0, "iterations_since_restore": 34, "mean_throughput": 7985.7371946526555, "atoms": 1}
{"apply": 0.006761431694030762, "batch_time": 0.11490802764892578, "d2h": 0.004065895080566406, "data_time": 0.045444240375440946, "fwd": 0.02053666114807129, "get_state_time_mean": NaN, "get_state_time_total": 0.0, "grad": 0.04133460521697998, "mean_accuracy": 0.7382000088691711, "mean_loss": 0.7654735519409179, "neg_mean_accuracy": -0.7382000088691711, "set_state_time_mean": NaN, "set_state_time_total": 0.0, "setup_model_time_mean": NaN, "setup_model_time_total": 0.0, "setup_proc_time_mean": NaN, "setup_proc_time_total": 0.0, "train_accuracy": 0.7803999781608582, "train_loss": 0.6215997910308838, "training_time_mean": NaN, "training_time_total": 0.0, "validation_time_mean": NaN, "validation_time_total": 0.0, "samples": 60000, "num_workers": 1, "done": false, "timesteps_total": null, "episodes_total": null, "training_iteration": 35, "neg_mean_loss": -0.7654735519409179, "experiment_id": "130db69fff304c3db864201ff28f0a89", "date": "2019-05-30_14-14-19", "timestamp": 1559250859, "time_this_iter_s": 7.173557758331299, "time_total_s": 261.8807864189148, "pid": 7702, "hostname": "steropes", "node_ip": "169.229.49.254", "config": {"starting_lr": 0.005, "momentum": 0.9, "weight_decay": 0.005, "steps_per_iteration": null, "pin": false, "model_creator": null, "target_batch_size": 1024, "model_string": "resnet18", "min_batch_size": 512, "dataset": "CIFAR", "placement": null, "use_nccl": true, "devices_per_worker": 1, "primary_resource": "extra_gpu", "gpu": false, "verbose": false, "lr_config": {"mode": "log", "steps": 5, "initial_lr": 0.005, "target_lr": 0.005}, "batch_per_device": 1024}, "time_since_restore": 261.8807864189148, "timesteps_since_restore": 0, "iterations_since_restore": 35, "mean_throughput": 8119.21106139679, "atoms": 1}
