apply,batch_time,d2h,data_time,fwd,get_state_time_mean,get_state_time_total,grad,mean_accuracy,mean_loss,neg_mean_accuracy,set_state_time_mean,set_state_time_total,setup_model_time_mean,setup_model_time_total,setup_proc_time_mean,setup_proc_time_total,train_accuracy,train_loss,training_time_mean,training_time_total,val_accuracy,val_loss,validation_time_mean,validation_time_total,samples,num_workers,done,timesteps_total,episodes_total,training_iteration,neg_mean_loss,experiment_id,date,timestamp,time_this_iter_s,time_total_s,pid,hostname,node_ip,config,time_since_restore,timesteps_since_restore,iterations_since_restore,mean_throughput,atoms,setup_time
0.0172473669052124,0.04704652556890174,0.0007382392883300781,0.0018536757935038613,0.16891372203826904,nan,0.0,0.18541958332061767,0.17270000278949738,4.775889441680908,-0.17270000278949738,nan,0.0,17.852899074554443,17.852899074554443,1.682257890701294,1.682257890701294,0.21199999749660492,3.2234446993255617,nan,0.0,0.17270000278949738,4.775889441680908,nan,0.0,60000,1,False,,,1,-4.775889441680908,9b588e9457aa4976975e7245b8b6fb56,2019-06-02_20-35-04,1559532904,47.36195373535156,47.36195373535156,6273,steropes,169.229.49.254,"{'starting_lr': 0.01, 'momentum': 0.95, 'weight_decay': 0.001, 'steps_per_iteration': None, 'pin': False, 'model_creator': None, 'target_batch_size': 128, 'model_string': 'resnet50', 'min_batch_size': 128, 'dataset': 'CIFAR', 'placement': None, 'use_nccl': True, 'devices_per_worker': 1, 'primary_resource': 'extra_gpu', 'gpu': False, 'verbose': False, 'lr_config': {'mode': 'log', 'steps': 5, 'initial_lr': 0.01, 'target_lr': 0.01}, 'batch_per_device': 128}",47.36195373535156,0,1,1266.8372333023685,1,19.639830112457275
0.017658686637878417,0.03179123733617083,0.0007671356201171875,0.0017857972313376034,0.028244829177856444,nan,0.0,0.04852287769317627,0.27549999207258224,3.6799533107757565,-0.3782999813556671,nan,0.0,nan,0.0,nan,0.0,0.314659982919693,2.0986146837615967,nan,0.0,0.3782999813556671,2.5840171798706053,nan,0.0,60000,1,False,,,2,-3.6799533107757565,9b588e9457aa4976975e7245b8b6fb56,2019-06-02_20-35-45,1559532945,40.91565418243408,88.27760791778564,6273,steropes,169.229.49.254,"{'starting_lr': 0.01, 'momentum': 0.95, 'weight_decay': 0.001, 'steps_per_iteration': None, 'pin': False, 'model_creator': None, 'target_batch_size': 128, 'model_string': 'resnet50', 'min_batch_size': 128, 'dataset': 'CIFAR', 'placement': None, 'use_nccl': True, 'devices_per_worker': 1, 'primary_resource': 'extra_gpu', 'gpu': False, 'verbose': False, 'lr_config': {'mode': 'log', 'steps': 5, 'initial_lr': 0.01, 'target_lr': 0.01}, 'batch_per_device': 128}",88.27760791778564,0,2,1359.3437801140458,1,19.639830112457275
0.016860413551330566,0.031921380682836606,0.0007599353790283203,0.0017910204884951072,0.027653431892395018,nan,0.0,0.04812641143798828,0.3162999898195267,3.62654799524943,-0.3978999853134155,nan,0.0,nan,0.0,nan,0.0,0.37379997968673706,1.8305585292816162,nan,0.0,0.3978999853134155,3.5197373641967773,nan,0.0,60000,1,False,,,3,-3.62654799524943,9b588e9457aa4976975e7245b8b6fb56,2019-06-02_20-36-26,1559532986,40.54663443565369,128.82424235343933,6273,steropes,169.229.49.254,"{'starting_lr': 0.01, 'momentum': 0.95, 'weight_decay': 0.001, 'steps_per_iteration': None, 'pin': False, 'model_creator': None, 'target_batch_size': 128, 'model_string': 'resnet50', 'min_batch_size': 128, 'dataset': 'CIFAR', 'placement': None, 'use_nccl': True, 'devices_per_worker': 1, 'primary_resource': 'extra_gpu', 'gpu': False, 'verbose': False, 'lr_config': {'mode': 'log', 'steps': 5, 'initial_lr': 0.01, 'target_lr': 0.01}, 'batch_per_device': 128}",128.82424235343933,0,3,1397.2485976891585,1,19.639830112457275
0.017416667938232423,0.03259152400342724,0.0007866144180297852,0.0018194270560808498,0.028661608695983887,nan,0.0,0.048016929626464845,0.3464999906718731,3.1233853631973263,-0.43709999322891235,nan,0.0,nan,0.0,nan,0.0,0.4073199927806854,1.7597761508560181,nan,0.0,0.43709999322891235,1.6138974670410156,nan,0.0,60000,1,False,,,4,-3.1233853631973263,9b588e9457aa4976975e7245b8b6fb56,2019-06-02_20-37-06,1559533026,40.745628356933594,169.56987071037292,6273,steropes,169.229.49.254,"{'starting_lr': 0.01, 'momentum': 0.95, 'weight_decay': 0.001, 'steps_per_iteration': None, 'pin': False, 'model_creator': None, 'target_batch_size': 128, 'model_string': 'resnet50', 'min_batch_size': 128, 'dataset': 'CIFAR', 'placement': None, 'use_nccl': True, 'devices_per_worker': 1, 'primary_resource': 'extra_gpu', 'gpu': False, 'verbose': False, 'lr_config': {'mode': 'log', 'steps': 5, 'initial_lr': 0.01, 'target_lr': 0.01}, 'batch_per_device': 128}",169.56987071037292,0,4,1415.3420910566979,1,19.639830112457275
0.016843318939208984,0.0316840878015832,0.0007632970809936523,0.0017939235853112261,0.02737278938293457,nan,0.0,0.04743514060974121,0.37145998775959016,2.815367630348205,-0.4712999761104584,nan,0.0,nan,0.0,nan,0.0,0.4473799765110016,1.6107125244140625,nan,0.0,0.4712999761104584,1.5832966989517212,nan,0.0,60000,1,False,,,5,-2.815367630348205,9b588e9457aa4976975e7245b8b6fb56,2019-06-02_20-37-47,1559533067,40.60831952095032,210.17819023132324,6273,steropes,169.229.49.254,"{'starting_lr': 0.01, 'momentum': 0.95, 'weight_decay': 0.001, 'steps_per_iteration': None, 'pin': False, 'model_creator': None, 'target_batch_size': 128, 'model_string': 'resnet50', 'min_batch_size': 128, 'dataset': 'CIFAR', 'placement': None, 'use_nccl': True, 'devices_per_worker': 1, 'primary_resource': 'extra_gpu', 'gpu': False, 'verbose': False, 'lr_config': {'mode': 'log', 'steps': 5, 'initial_lr': 0.01, 'target_lr': 0.01}, 'batch_per_device': 128}",210.17819023132324,0,5,1427.356777233228,1,19.639830112457275
0.016942048072814943,0.033777550805973104,0.0007599353790283203,0.0018128403617293024,0.027672505378723143,nan,0.0,0.04808039665222168,0.4402199864387512,2.167427972602844,-0.5164999961853027,nan,0.0,nan,0.0,nan,0.0,0.47891998291015625,1.4859364739990235,nan,0.0,0.5164999961853027,1.5361911529541015,nan,0.0,60000,1,False,,,6,-2.167427972602844,9b588e9457aa4976975e7245b8b6fb56,2019-06-02_20-38-28,1559533108,40.58800792694092,250.76619815826416,6273,steropes,169.229.49.254,"{'starting_lr': 0.01, 'momentum': 0.95, 'weight_decay': 0.001, 'steps_per_iteration': None, 'pin': False, 'model_creator': None, 'target_batch_size': 128, 'model_string': 'resnet50', 'min_batch_size': 128, 'dataset': 'CIFAR', 'placement': None, 'use_nccl': True, 'devices_per_worker': 1, 'primary_resource': 'extra_gpu', 'gpu': False, 'verbose': False, 'lr_config': {'mode': 'log', 'steps': 5, 'initial_lr': 0.01, 'target_lr': 0.01}, 'batch_per_device': 128}",250.76619815826416,0,6,1474.891794192992,1,19.639830112457275
0.016717410087585448,0.032412233231942866,0.000766301155090332,0.0018006163789793049,0.02824585437774658,nan,0.0,0.04806761741638184,0.4705599844455719,2.0420526465988162,-0.5299999713897705,nan,0.0,nan,0.0,nan,0.0,0.5054199695587158,1.4212232891464234,nan,0.0,0.5299999713897705,1.957140549850464,nan,0.0,60000,1,False,,,7,-2.0420526465988162,9b588e9457aa4976975e7245b8b6fb56,2019-06-02_20-39-08,1559533148,40.77531552314758,291.54151368141174,6273,steropes,169.229.49.254,"{'starting_lr': 0.01, 'momentum': 0.95, 'weight_decay': 0.001, 'steps_per_iteration': None, 'pin': False, 'model_creator': None, 'target_batch_size': 128, 'model_string': 'resnet50', 'min_batch_size': 128, 'dataset': 'CIFAR', 'placement': None, 'use_nccl': True, 'devices_per_worker': 1, 'primary_resource': 'extra_gpu', 'gpu': False, 'verbose': False, 'lr_config': {'mode': 'log', 'steps': 5, 'initial_lr': 0.01, 'target_lr': 0.01}, 'batch_per_device': 128}",291.54151368141174,0,7,1475.9109000938004,1,19.639830112457275
0.017719066143035887,0.05474599599838257,0.0006676554679870606,0.003033971908141156,0.09500746726989745,nan,0.0,0.2428408741950989,0.5061199843883515,1.6663087244796753,-0.5756999850273132,7.272562265396118,7.272562265396118,9.993622303009033,9.993622303009033,1.3507053852081299,1.3507053852081299,0.5523599982261658,1.2651810307121276,nan,0.0,0.5756999850273132,1.6410177536010742,nan,0.0,60000,2,False,,,8,-1.6663087244796753,9b588e9457aa4976975e7245b8b6fb56,2019-06-02_20-40-02,1559533202,33.01969242095947,324.5612061023712,9858,steropes,169.229.49.254,"{'starting_lr': 0.01, 'momentum': 0.95, 'weight_decay': 0.001, 'steps_per_iteration': None, 'pin': False, 'model_creator': None, 'target_batch_size': 128, 'model_string': 'resnet50', 'min_batch_size': 128, 'dataset': 'CIFAR', 'placement': None, 'use_nccl': True, 'devices_per_worker': 1, 'primary_resource': 'extra_gpu', 'gpu': False, 'verbose': False, 'lr_config': {'mode': 'log', 'steps': 5, 'initial_lr': 0.01, 'target_lr': 0.014142135623730952}, 'batch_per_device': 128}",33.01969242095947,0,1,1817.0905164995695,2,20.22479009628296
0.019735777378082277,0.03791398108005524,0.000639963150024414,0.0030800438657098885,0.03262608051300049,nan,0.0,0.08064396381378175,0.5378799736499786,1.6207916327667236,-0.5958999395370483,nan,0.0,nan,0.0,nan,0.0,0.5699399709701538,1.2220338585090635,nan,0.0,0.5958999395370483,1.3863120084762572,nan,0.0,60000,2,False,,,9,-1.6207916327667236,9b588e9457aa4976975e7245b8b6fb56,2019-06-02_20-40-29,1559533229,27.57536745071411,352.1365735530853,9858,steropes,169.229.49.254,"{'starting_lr': 0.01, 'momentum': 0.95, 'weight_decay': 0.001, 'steps_per_iteration': None, 'pin': False, 'model_creator': None, 'target_batch_size': 128, 'model_string': 'resnet50', 'min_batch_size': 128, 'dataset': 'CIFAR', 'placement': None, 'use_nccl': True, 'devices_per_worker': 1, 'primary_resource': 'extra_gpu', 'gpu': False, 'verbose': False, 'lr_config': {'mode': 'log', 'steps': 5, 'initial_lr': 0.01, 'target_lr': 0.014142135623730952}, 'batch_per_device': 128}",60.595059871673584,0,2,1980.3526958375041,2,20.22479009628296
0.017097616195678712,0.038053423166275024,0.0006314277648925781,0.0029614038613377785,0.02858855724334717,nan,0.0,0.08215025663375855,0.562399971485138,1.797333644771576,-0.5938999652862549,nan,0.0,nan,0.0,nan,0.0,0.5856599807739258,1.1756655680274963,nan,0.0,0.5938999652862549,2.4660067589759826,nan,0.0,60000,2,False,,,10,-1.797333644771576,9b588e9457aa4976975e7245b8b6fb56,2019-06-02_20-40-57,1559533257,27.543039798736572,379.6796133518219,9858,steropes,169.229.49.254,"{'starting_lr': 0.01, 'momentum': 0.95, 'weight_decay': 0.001, 'steps_per_iteration': None, 'pin': False, 'model_creator': None, 'target_batch_size': 128, 'model_string': 'resnet50', 'min_batch_size': 128, 'dataset': 'CIFAR', 'placement': None, 'use_nccl': True, 'devices_per_worker': 1, 'primary_resource': 'extra_gpu', 'gpu': False, 'verbose': False, 'lr_config': {'mode': 'log', 'steps': 5, 'initial_lr': 0.01, 'target_lr': 0.014142135623730952}, 'batch_per_device': 128}",88.13809967041016,0,3,2042.2424540536867,2,20.22479009628296
0.01870626211166382,0.0384622871875763,0.0006357789039611817,0.0029664799875142624,0.028354287147521973,nan,0.0,0.07863306999206543,0.582159960269928,1.778630041732788,-0.6152999401092529,nan,0.0,nan,0.0,nan,0.0,0.5987399816513062,1.1406903898525238,nan,0.0,0.6152999401092529,1.4426731377601625,nan,0.0,60000,2,False,,,11,-1.778630041732788,9b588e9457aa4976975e7245b8b6fb56,2019-06-02_20-41-25,1559533285,27.860434770584106,407.540048122406,9858,steropes,169.229.49.254,"{'starting_lr': 0.01, 'momentum': 0.95, 'weight_decay': 0.001, 'steps_per_iteration': None, 'pin': False, 'model_creator': None, 'target_batch_size': 128, 'model_string': 'resnet50', 'min_batch_size': 128, 'dataset': 'CIFAR', 'placement': None, 'use_nccl': True, 'devices_per_worker': 1, 'primary_resource': 'extra_gpu', 'gpu': False, 'verbose': False, 'lr_config': {'mode': 'log', 'steps': 5, 'initial_lr': 0.01, 'target_lr': 0.014142135623730952}, 'batch_per_device': 128}",115.99853444099426,0,4,2068.984585233557,2,20.22479009628296
0.018312203884124755,0.038393345475196836,0.000637054443359375,0.0030935917581830707,0.028534603118896485,nan,0.0,0.07843890190124511,0.604539954662323,1.638927097644806,-0.6418999433517456,nan,0.0,nan,0.0,nan,0.0,0.6188600063323975,1.092536708202362,nan,0.0,0.6418999433517456,1.258625829410553,nan,0.0,60000,2,False,,,12,-1.638927097644806,9b588e9457aa4976975e7245b8b6fb56,2019-06-02_20-41-52,1559533312,27.442619800567627,434.98266792297363,9858,steropes,169.229.49.254,"{'starting_lr': 0.01, 'momentum': 0.95, 'weight_decay': 0.001, 'steps_per_iteration': None, 'pin': False, 'model_creator': None, 'target_batch_size': 128, 'model_string': 'resnet50', 'min_batch_size': 128, 'dataset': 'CIFAR', 'placement': None, 'use_nccl': True, 'devices_per_worker': 1, 'primary_resource': 'extra_gpu', 'gpu': False, 'verbose': False, 'lr_config': {'mode': 'log', 'steps': 5, 'initial_lr': 0.01, 'target_lr': 0.014142135623730952}, 'batch_per_device': 128}",143.4411542415619,0,5,2091.443022837943,2,20.22479009628296
0.020457696914672852,0.041594702005386355,0.0006580829620361328,0.0031919728736488186,0.03390077352523804,nan,0.0,0.08172285556793213,0.6196199536323548,1.638030065879822,-0.6510999798774719,nan,0.0,nan,0.0,nan,0.0,0.6364799737930298,1.0345990474224092,nan,0.0,0.6510999798774719,1.6365325947761535,nan,0.0,60000,2,False,,,13,-1.638030065879822,9b588e9457aa4976975e7245b8b6fb56,2019-06-02_20-42-20,1559533340,28.054189920425415,463.03685784339905,9858,steropes,169.229.49.254,"{'starting_lr': 0.01, 'momentum': 0.95, 'weight_decay': 0.001, 'steps_per_iteration': None, 'pin': False, 'model_creator': None, 'target_batch_size': 128, 'model_string': 'resnet50', 'min_batch_size': 128, 'dataset': 'CIFAR', 'placement': None, 'use_nccl': True, 'devices_per_worker': 1, 'primary_resource': 'extra_gpu', 'gpu': False, 'verbose': False, 'lr_config': {'mode': 'log', 'steps': 5, 'initial_lr': 0.01, 'target_lr': 0.014142135623730952}, 'batch_per_device': 128}",171.4953441619873,0,6,2166.4391097696302,2,20.22479009628296
0.019045225779215497,0.09245863961584773,0.0006903966267903646,0.004264027107762926,0.1593951940536499,nan,0.0,0.21217222213745116,0.6548324664433797,1.2877217017634337,-0.6874624888102213,6.667556921641032,6.667556921641032,11.886571804682413,11.886571804682413,3.286173423131307,3.286173423131307,0.6748065153757731,0.9226779826083032,nan,0.0,0.6874624888102213,0.8855646063246456,nan,0.0,60000,3,False,,,15,-1.2877217017634337,9b588e9457aa4976975e7245b8b6fb56,2019-06-02_20-43-25,1559533405,27.08159637451172,518.0720264911652,20561,steropes,169.229.49.254,"{'starting_lr': 0.01, 'momentum': 0.95, 'weight_decay': 0.001, 'steps_per_iteration': None, 'pin': False, 'model_creator': None, 'target_batch_size': 128, 'model_string': 'resnet50', 'min_batch_size': 128, 'dataset': 'CIFAR', 'placement': None, 'use_nccl': True, 'devices_per_worker': 1, 'primary_resource': 'extra_gpu', 'gpu': False, 'verbose': False, 'lr_config': {'mode': 'log', 'steps': 5, 'initial_lr': 0.01, 'target_lr': 0.017320508075688773}, 'batch_per_device': 128}",27.08159637451172,0,1,2215.5188257382865,3,35.87693476676941
0.02130180199940999,0.04474172180081592,0.000665752092997233,0.004223669454948289,0.033090345064798986,nan,0.0,0.09447829723358155,0.672364354133606,1.1694752460506244,-0.7029593785603842,nan,0.0,nan,0.0,nan,0.0,0.6861863136291504,0.8862494959625916,nan,0.0,0.7029593785603842,0.851440859196115,nan,0.0,60000,3,False,,,16,-1.1694752460506244,9b588e9457aa4976975e7245b8b6fb56,2019-06-02_20-43-47,1559533427,21.366809844970703,539.4388363361359,20561,steropes,169.229.49.254,"{'starting_lr': 0.01, 'momentum': 0.95, 'weight_decay': 0.001, 'steps_per_iteration': None, 'pin': False, 'model_creator': None, 'target_batch_size': 128, 'model_string': 'resnet50', 'min_batch_size': 128, 'dataset': 'CIFAR', 'placement': None, 'use_nccl': True, 'devices_per_worker': 1, 'primary_resource': 'extra_gpu', 'gpu': False, 'verbose': False, 'lr_config': {'mode': 'log', 'steps': 5, 'initial_lr': 0.01, 'target_lr': 0.017320508075688773}, 'batch_per_device': 128}",48.44840621948242,0,2,2476.852643322989,3,35.87693476676941
0.018341533342997235,0.047936171661188576,0.0007158994674682618,0.0042547730695807,0.028989235560099285,nan,0.0,0.09295487403869629,0.6788173993428548,1.1028875323652882,-0.6741651693979899,nan,0.0,nan,0.0,nan,0.0,0.7016059557596842,0.8536632469169083,nan,0.0,0.6741651693979899,0.9256872609838727,nan,0.0,60000,3,False,,,17,-1.1028875323652882,9b588e9457aa4976975e7245b8b6fb56,2019-06-02_20-44-08,1559533448,21.392732858657837,560.8315691947937,20561,steropes,169.229.49.254,"{'starting_lr': 0.01, 'momentum': 0.95, 'weight_decay': 0.001, 'steps_per_iteration': None, 'pin': False, 'model_creator': None, 'target_batch_size': 128, 'model_string': 'resnet50', 'min_batch_size': 128, 'dataset': 'CIFAR', 'placement': None, 'use_nccl': True, 'devices_per_worker': 1, 'primary_resource': 'extra_gpu', 'gpu': False, 'verbose': False, 'lr_config': {'mode': 'log', 'steps': 5, 'initial_lr': 0.01, 'target_lr': 0.017320508075688773}, 'batch_per_device': 128}",69.84113907814026,0,3,2577.2626047620643,3,35.87693476676941
0.018703953425089518,0.04527798111056105,0.0006375551223754883,0.004161994875842377,0.02875232696533203,nan,0.0,0.09086332321166991,0.6844102422396341,0.9605062924080794,-0.6790641943613688,nan,0.0,nan,0.0,nan,0.0,0.5992280642191569,1.138967254233788,nan,0.0,0.6790641943613688,0.9246263949901098,nan,0.0,60000,3,False,,,18,-0.9605062924080794,9b588e9457aa4976975e7245b8b6fb56,2019-06-02_20-44-30,1559533470,21.468475580215454,582.3000447750092,20561,steropes,169.229.49.254,"{'starting_lr': 0.01, 'momentum': 0.95, 'weight_decay': 0.001, 'steps_per_iteration': None, 'pin': False, 'model_creator': None, 'target_batch_size': 128, 'model_string': 'resnet50', 'min_batch_size': 128, 'dataset': 'CIFAR', 'placement': None, 'use_nccl': True, 'devices_per_worker': 1, 'primary_resource': 'extra_gpu', 'gpu': False, 'verbose': False, 'lr_config': {'mode': 'log', 'steps': 5, 'initial_lr': 0.01, 'target_lr': 0.017320508075688773}, 'batch_per_device': 128}",91.30961465835571,0,4,2628.4056102627037,3,35.87693476676941
0.018988776206970214,0.04377982940202877,0.0006310939788818359,0.004151326706087924,0.029114309946695963,nan,0.0,0.09064000447591146,0.6911017576853433,0.8827964082238102,-0.7118575572967529,nan,0.0,nan,0.0,nan,0.0,0.6725865999857584,0.9289860917659728,nan,0.0,0.7118575572967529,0.826662919624308,nan,0.0,60000,3,False,,,19,-0.8827964082238102,9b588e9457aa4976975e7245b8b6fb56,2019-06-02_20-44-50,1559533490,20.565704822540283,602.8657495975494,20561,steropes,169.229.49.254,"{'starting_lr': 0.01, 'momentum': 0.95, 'weight_decay': 0.001, 'steps_per_iteration': None, 'pin': False, 'model_creator': None, 'target_batch_size': 128, 'model_string': 'resnet50', 'min_batch_size': 128, 'dataset': 'CIFAR', 'placement': None, 'use_nccl': True, 'devices_per_worker': 1, 'primary_resource': 'extra_gpu', 'gpu': False, 'verbose': False, 'lr_config': {'mode': 'log', 'steps': 5, 'initial_lr': 0.01, 'target_lr': 0.017320508075688773}, 'batch_per_device': 128}",111.875319480896,0,5,2681.542352881503,3,35.87693476676941
0.017331671714782716,0.044191351643315065,0.0006287574768066406,0.004171517059093213,0.028209328651428223,nan,0.0,0.09084450403849283,0.6946210543314615,0.8734185549836712,-0.7050589720408121,nan,0.0,nan,0.0,nan,0.0,0.6961260636647543,0.866220754034884,nan,0.0,0.7050589720408121,0.8386753401239498,nan,0.0,60000,3,False,,,20,-0.8734185549836712,9b588e9457aa4976975e7245b8b6fb56,2019-06-02_20-45-11,1559533511,20.5018527507782,623.3676023483276,20561,steropes,169.229.49.254,"{'starting_lr': 0.01, 'momentum': 0.95, 'weight_decay': 0.001, 'steps_per_iteration': None, 'pin': False, 'model_creator': None, 'target_batch_size': 128, 'model_string': 'resnet50', 'min_batch_size': 128, 'dataset': 'CIFAR', 'placement': None, 'use_nccl': True, 'devices_per_worker': 1, 'primary_resource': 'extra_gpu', 'gpu': False, 'verbose': False, 'lr_config': {'mode': 'log', 'steps': 5, 'initial_lr': 0.01, 'target_lr': 0.017320508075688773}, 'batch_per_device': 128}",132.3771722316742,0,6,2849.106819483473,3,35.87693476676941
0.018892192840576173,0.1342350035905838,0.0006877005100250243,0.005278553281511579,0.18393694162368776,nan,0.0,0.2753369450569153,0.7078680992126464,0.8572926655493058,-0.7421000003814697,7.421358942985535,7.421358942985535,13.217187523841858,13.217187523841858,6.839753091335297,6.839753091335297,0.7334799766540527,0.7564457049703598,nan,0.0,0.7421000003814697,0.7746268234968186,nan,0.0,60000,4,False,,,22,-0.8572926655493058,9b588e9457aa4976975e7245b8b6fb56,2019-06-02_20-46-23,1559533583,24.6563241481781,668.7098453044891,20699,steropes,169.229.49.254,"{'starting_lr': 0.01, 'momentum': 0.95, 'weight_decay': 0.001, 'steps_per_iteration': None, 'pin': False, 'model_creator': None, 'target_batch_size': 128, 'model_string': 'resnet50', 'min_batch_size': 128, 'dataset': 'CIFAR', 'placement': None, 'use_nccl': True, 'devices_per_worker': 1, 'primary_resource': 'extra_gpu', 'gpu': False, 'verbose': False, 'lr_config': {'mode': 'log', 'steps': 5, 'initial_lr': 0.01, 'target_lr': 0.02}, 'batch_per_device': 128}",24.6563241481781,0,1,2433.442569232051,4,47.986337184906006
0.01927013397216797,0.050072667002677915,0.0006847202777862549,0.0052679460875842046,0.031839299201965335,nan,0.0,0.09745150804519653,0.7209752599398295,0.819182150345229,-0.7445999979972839,nan,0.0,nan,0.0,nan,0.0,0.7457199692726135,0.7218161910963058,nan,0.0,0.7445999979972839,0.7340738189697265,nan,0.0,60000,4,False,,,23,-0.819182150345229,9b588e9457aa4976975e7245b8b6fb56,2019-06-02_20-46-40,1559533600,16.29828906059265,685.0081343650818,20699,steropes,169.229.49.254,"{'starting_lr': 0.01, 'momentum': 0.95, 'weight_decay': 0.001, 'steps_per_iteration': None, 'pin': False, 'model_creator': None, 'target_batch_size': 128, 'model_string': 'resnet50', 'min_batch_size': 128, 'dataset': 'CIFAR', 'placement': None, 'use_nccl': True, 'devices_per_worker': 1, 'primary_resource': 'extra_gpu', 'gpu': False, 'verbose': False, 'lr_config': {'mode': 'log', 'steps': 5, 'initial_lr': 0.01, 'target_lr': 0.02}, 'batch_per_device': 128}",40.95461320877075,0,2,2930.0595562696135,4,47.986337184906006
0.01834256052970886,0.04961973428726196,0.0006768345832824707,0.005211510828563145,0.02901650667190552,nan,0.0,0.09640066027641295,0.7270437399546305,0.8064297348344833,-0.7421999573707581,nan,0.0,nan,0.0,nan,0.0,0.7555199861526489,0.703755634675026,nan,0.0,0.7421999573707581,0.7629008420705795,nan,0.0,60000,4,False,,,24,-0.8064297348344833,9b588e9457aa4976975e7245b8b6fb56,2019-06-02_20-46-56,1559533616,16.324050903320312,701.3321852684021,20699,steropes,169.229.49.254,"{'starting_lr': 0.01, 'momentum': 0.95, 'weight_decay': 0.001, 'steps_per_iteration': None, 'pin': False, 'model_creator': None, 'target_batch_size': 128, 'model_string': 'resnet50', 'min_batch_size': 128, 'dataset': 'CIFAR', 'placement': None, 'use_nccl': True, 'devices_per_worker': 1, 'primary_resource': 'extra_gpu', 'gpu': False, 'verbose': False, 'lr_config': {'mode': 'log', 'steps': 5, 'initial_lr': 0.01, 'target_lr': 0.02}, 'batch_per_device': 128}",57.278664112091064,0,3,3142.5169892342215,4,47.986337184906006
0.018074125051498413,0.05019623041152954,0.0007394909858703613,0.005296380544195369,0.03076607584953308,nan,0.0,0.0976620852947235,0.7379719336827596,0.778907602471963,-0.7596999406814575,nan,0.0,nan,0.0,nan,0.0,0.76173996925354,0.6797628472661972,nan,0.0,0.7596999406814575,0.701064678311348,nan,0.0,60000,4,False,,,25,-0.778907602471963,9b588e9457aa4976975e7245b8b6fb56,2019-06-02_20-47-12,1559533632,16.055331707000732,717.3875169754028,20699,steropes,169.229.49.254,"{'starting_lr': 0.01, 'momentum': 0.95, 'weight_decay': 0.001, 'steps_per_iteration': None, 'pin': False, 'model_creator': None, 'target_batch_size': 128, 'model_string': 'resnet50', 'min_batch_size': 128, 'dataset': 'CIFAR', 'placement': None, 'use_nccl': True, 'devices_per_worker': 1, 'primary_resource': 'extra_gpu', 'gpu': False, 'verbose': False, 'lr_config': {'mode': 'log', 'steps': 5, 'initial_lr': 0.01, 'target_lr': 0.02}, 'batch_per_device': 128}",73.3339958190918,0,4,3272.6821625834964,4,47.986337184906006
0.018291938304901126,0.05099775195121765,0.0006760716438293457,0.005270145985544945,0.029201924800872803,nan,0.0,0.09965130686759949,0.7500199794769287,0.7317945916986466,-0.7615000009536743,nan,0.0,nan,0.0,nan,0.0,0.7673999667167664,0.6648895487260819,nan,0.0,0.7615000009536743,0.68630679564476,nan,0.0,60000,4,False,,,26,-0.7317945916986466,9b588e9457aa4976975e7245b8b6fb56,2019-06-02_20-47-28,1559533648,16.2415554523468,733.6290724277496,20699,steropes,169.229.49.254,"{'starting_lr': 0.01, 'momentum': 0.95, 'weight_decay': 0.001, 'steps_per_iteration': None, 'pin': False, 'model_creator': None, 'target_batch_size': 128, 'model_string': 'resnet50', 'min_batch_size': 128, 'dataset': 'CIFAR', 'placement': None, 'use_nccl': True, 'devices_per_worker': 1, 'primary_resource': 'extra_gpu', 'gpu': False, 'verbose': False, 'lr_config': {'mode': 'log', 'steps': 5, 'initial_lr': 0.01, 'target_lr': 0.02}, 'batch_per_device': 128}",89.5755512714386,0,5,3349.1120742586836,4,47.986337184906006
0.019636923074722288,0.05170219838619232,0.0006956100463867188,0.00536093298269778,0.030746930837631224,nan,0.0,0.10181980133056641,0.7552199840545655,0.7095956451654434,-0.7681000232696533,nan,0.0,nan,0.0,nan,0.0,0.7713199853897095,0.6529801957225799,nan,0.0,0.7681000232696533,0.6636320908308029,nan,0.0,60000,4,False,,,27,-0.7095956451654434,9b588e9457aa4976975e7245b8b6fb56,2019-06-02_20-47-45,1559533665,16.70350694656372,750.3325793743134,20699,steropes,169.229.49.254,"{'starting_lr': 0.01, 'momentum': 0.95, 'weight_decay': 0.001, 'steps_per_iteration': None, 'pin': False, 'model_creator': None, 'target_batch_size': 128, 'model_string': 'resnet50', 'min_batch_size': 128, 'dataset': 'CIFAR', 'placement': None, 'use_nccl': True, 'devices_per_worker': 1, 'primary_resource': 'extra_gpu', 'gpu': False, 'verbose': False, 'lr_config': {'mode': 'log', 'steps': 5, 'initial_lr': 0.01, 'target_lr': 0.02}, 'batch_per_device': 128}",106.27905821800232,0,6,3675.4283546293177,4,47.986337184906006
0.020680391788482667,0.05133749544620514,0.0006886005401611328,0.005227447772512631,0.034361863136291505,nan,0.0,0.10070956349372864,0.759779977798462,0.7015959598493577,-0.7673999667167664,nan,0.0,nan,0.0,nan,0.0,0.7771799564361572,0.6376225298976899,nan,0.0,0.7673999667167664,0.6940753923892975,nan,0.0,60000,4,False,,,28,-0.7015959598493577,9b588e9457aa4976975e7245b8b6fb56,2019-06-02_20-48-02,1559533682,16.512810707092285,766.8453900814056,20699,steropes,169.229.49.254,"{'starting_lr': 0.01, 'momentum': 0.95, 'weight_decay': 0.001, 'steps_per_iteration': None, 'pin': False, 'model_creator': None, 'target_batch_size': 128, 'model_string': 'resnet50', 'min_batch_size': 128, 'dataset': 'CIFAR', 'placement': None, 'use_nccl': True, 'devices_per_worker': 1, 'primary_resource': 'extra_gpu', 'gpu': False, 'verbose': False, 'lr_config': {'mode': 'log', 'steps': 5, 'initial_lr': 0.01, 'target_lr': 0.02}, 'batch_per_device': 128}",122.7918689250946,0,7,3665.7942590207276,4,47.986337184906006
0.018098264932632446,0.2963841289281845,0.0007305264472961425,0.009649086971672214,0.2795911401510239,nan,0.0,0.4170801162719726,0.765559995174408,0.711678907339573,-0.76910001039505,6.830781906843185,6.830781906843185,17.888611525297165,17.888611525297165,2.8560668528079987,2.8560668528079987,0.8033999800682068,0.5662962150514126,nan,0.0,0.76910001039505,0.8210398654103278,nan,0.0,60000,8,False,,,30,-0.711678907339573,9b588e9457aa4976975e7245b8b6fb56,2019-06-02_20-49-12,1559533752,23.417583227157593,806.6671576499939,2777,steropes,169.229.49.254,"{'starting_lr': 0.01, 'momentum': 0.95, 'weight_decay': 0.001, 'steps_per_iteration': None, 'pin': False, 'model_creator': None, 'target_batch_size': 128, 'model_string': 'resnet50', 'min_batch_size': 128, 'dataset': 'CIFAR', 'placement': None, 'use_nccl': True, 'devices_per_worker': 1, 'primary_resource': 'extra_gpu', 'gpu': False, 'verbose': False, 'lr_config': {'mode': 'log', 'steps': 5, 'initial_lr': 0.01, 'target_lr': 0.028284271247461905}, 'batch_per_device': 128}",23.417583227157593,0,1,2562.164693465689,8,46.831281900405884
0.018136179447174074,0.0714227020740509,0.0007119148969650268,0.008894684971595295,0.031599116325378415,nan,0.0,0.10794113874435425,0.7692999958992004,0.7083345162081718,-0.7802000045776367,nan,0.0,nan,0.0,nan,0.0,0.8118199110031128,0.53968698728323,nan,0.0,0.7802000045776367,0.6695848399877548,nan,0.0,60000,8,False,,,31,-0.7083345162081718,9b588e9457aa4976975e7245b8b6fb56,2019-06-02_20-49-21,1559533761,9.363250732421875,816.0304083824158,2777,steropes,169.229.49.254,"{'starting_lr': 0.01, 'momentum': 0.95, 'weight_decay': 0.001, 'steps_per_iteration': None, 'pin': False, 'model_creator': None, 'target_batch_size': 128, 'model_string': 'resnet50', 'min_batch_size': 128, 'dataset': 'CIFAR', 'placement': None, 'use_nccl': True, 'devices_per_worker': 1, 'primary_resource': 'extra_gpu', 'gpu': False, 'verbose': False, 'lr_config': {'mode': 'log', 'steps': 5, 'initial_lr': 0.01, 'target_lr': 0.028284271247461905}, 'batch_per_device': 128}",32.78083395957947,0,2,3660.65422382209,8,46.831281900405884
0.017947986721992493,0.08596646785736083,0.0007046818733215332,0.00894976696189569,0.02991681396961212,nan,0.0,0.10739287734031677,0.7731199860572815,0.6983018387687207,-0.7871999740600586,nan,0.0,nan,0.0,nan,0.0,0.8189599514007568,0.5191129721999168,nan,0.0,0.7871999740600586,0.6134687036335469,nan,0.0,60000,8,False,,,32,-0.6983018387687207,9b588e9457aa4976975e7245b8b6fb56,2019-06-02_20-49-31,1559533771,9.635827541351318,825.6662359237671,2777,steropes,169.229.49.254,"{'starting_lr': 0.01, 'momentum': 0.95, 'weight_decay': 0.001, 'steps_per_iteration': None, 'pin': False, 'model_creator': None, 'target_batch_size': 128, 'model_string': 'resnet50', 'min_batch_size': 128, 'dataset': 'CIFAR', 'placement': None, 'use_nccl': True, 'devices_per_worker': 1, 'primary_resource': 'extra_gpu', 'gpu': False, 'verbose': False, 'lr_config': {'mode': 'log', 'steps': 5, 'initial_lr': 0.01, 'target_lr': 0.028284271247461905}, 'batch_per_device': 128}",42.416661500930786,0,3,4243.588303719187,8,46.831281900405884
0.017785683274269104,0.08104597628116608,0.0007318794727325439,0.009015595426364821,0.029788738489151003,nan,0.0,0.10577282309532167,0.7762799859046936,0.6912299591922759,-0.7831999659538269,nan,0.0,nan,0.0,nan,0.0,0.823639988899231,0.5064105550897121,nan,0.0,0.7831999659538269,0.6587159945070744,nan,0.0,60000,8,False,,,33,-0.6912299591922759,9b588e9457aa4976975e7245b8b6fb56,2019-06-02_20-49-40,1559533780,9.443224906921387,835.1094608306885,2777,steropes,169.229.49.254,"{'starting_lr': 0.01, 'momentum': 0.95, 'weight_decay': 0.001, 'steps_per_iteration': None, 'pin': False, 'model_creator': None, 'target_batch_size': 128, 'model_string': 'resnet50', 'min_batch_size': 128, 'dataset': 'CIFAR', 'placement': None, 'use_nccl': True, 'devices_per_worker': 1, 'primary_resource': 'extra_gpu', 'gpu': False, 'verbose': False, 'lr_config': {'mode': 'log', 'steps': 5, 'initial_lr': 0.01, 'target_lr': 0.028284271247461905}, 'batch_per_device': 128}",51.85988640785217,0,4,4627.823269960941,8,46.831281900405884
0.017675969004631042,0.07607195377349854,0.0007272154092788696,0.00927838804770489,0.02964543104171753,nan,0.0,0.10429883003234863,0.7814799904823303,0.6857804545283318,-0.7876999974250793,nan,0.0,nan,0.0,nan,0.0,0.8197200298309326,0.510687139915228,nan,0.0,0.7876999974250793,0.6660928691029548,nan,0.0,60000,8,False,,,34,-0.6857804545283318,9b588e9457aa4976975e7245b8b6fb56,2019-06-02_20-49-50,1559533790,9.676070213317871,844.7855310440063,2777,steropes,169.229.49.254,"{'starting_lr': 0.01, 'momentum': 0.95, 'weight_decay': 0.001, 'steps_per_iteration': None, 'pin': False, 'model_creator': None, 'target_batch_size': 128, 'model_string': 'resnet50', 'min_batch_size': 128, 'dataset': 'CIFAR', 'placement': None, 'use_nccl': True, 'devices_per_worker': 1, 'primary_resource': 'extra_gpu', 'gpu': False, 'verbose': False, 'lr_config': {'mode': 'log', 'steps': 5, 'initial_lr': 0.01, 'target_lr': 0.028284271247461905}, 'batch_per_device': 128}",61.535956621170044,0,5,4875.164086082943,8,46.831281900405884
0.01854309141635895,0.0801190584897995,0.0006823033094406128,0.009080750601632253,0.03040100336074829,nan,0.0,0.10686936676502229,0.7852199912071228,0.6452775131881237,-0.7878000140190125,nan,0.0,nan,0.0,nan,0.0,0.8235399723052979,0.5025733481132983,nan,0.0,0.7878000140190125,0.6185251587092876,nan,0.0,60000,8,False,,,35,-0.6452775131881237,9b588e9457aa4976975e7245b8b6fb56,2019-06-02_20-50-00,1559533800,9.381632804870605,854.167163848877,2777,steropes,169.229.49.254,"{'starting_lr': 0.01, 'momentum': 0.95, 'weight_decay': 0.001, 'steps_per_iteration': None, 'pin': False, 'model_creator': None, 'target_batch_size': 128, 'model_string': 'resnet50', 'min_batch_size': 128, 'dataset': 'CIFAR', 'placement': None, 'use_nccl': True, 'devices_per_worker': 1, 'primary_resource': 'extra_gpu', 'gpu': False, 'verbose': False, 'lr_config': {'mode': 'log', 'steps': 5, 'initial_lr': 0.01, 'target_lr': 0.028284271247461905}, 'batch_per_device': 128}",70.91758942604065,0,6,6315.73482148606,8,46.831281900405884
0.017677313089370726,0.07261824309825898,0.000701051950454712,0.009086525561858197,0.029401558637619018,nan,0.0,0.10306619703769684,0.7870399832725525,0.6454202844583988,-0.7892999649047852,nan,0.0,nan,0.0,nan,0.0,0.8268200159072876,0.49874211832523346,nan,0.0,0.7892999649047852,0.6702986963391303,nan,0.0,60000,8,False,,,36,-0.6454202844583988,9b588e9457aa4976975e7245b8b6fb56,2019-06-02_20-50-09,1559533809,9.23607325553894,863.4032371044159,2777,steropes,169.229.49.254,"{'starting_lr': 0.01, 'momentum': 0.95, 'weight_decay': 0.001, 'steps_per_iteration': None, 'pin': False, 'model_creator': None, 'target_batch_size': 128, 'model_string': 'resnet50', 'min_batch_size': 128, 'dataset': 'CIFAR', 'placement': None, 'use_nccl': True, 'devices_per_worker': 1, 'primary_resource': 'extra_gpu', 'gpu': False, 'verbose': False, 'lr_config': {'mode': 'log', 'steps': 5, 'initial_lr': 0.01, 'target_lr': 0.028284271247461905}, 'batch_per_device': 128}",80.15366268157959,0,7,6332.688642365533,8,46.831281900405884
0.017753422260284424,0.0720314621925354,0.0007320225238800048,0.008962727931081032,0.030066856741905214,nan,0.0,0.10427874028682708,0.7849999785423278,0.7027338380670547,-0.7769999504089355,nan,0.0,nan,0.0,nan,0.0,0.8279200196266174,0.49006647798180575,nan,0.0,0.7769999504089355,0.9000364716768264,nan,0.0,60000,8,False,,,37,-0.7027338380670547,9b588e9457aa4976975e7245b8b6fb56,2019-06-02_20-50-18,1559533818,9.486694097518921,872.8899312019348,2777,steropes,169.229.49.254,"{'starting_lr': 0.01, 'momentum': 0.95, 'weight_decay': 0.001, 'steps_per_iteration': None, 'pin': False, 'model_creator': None, 'target_batch_size': 128, 'model_string': 'resnet50', 'min_batch_size': 128, 'dataset': 'CIFAR', 'placement': None, 'use_nccl': True, 'devices_per_worker': 1, 'primary_resource': 'extra_gpu', 'gpu': False, 'verbose': False, 'lr_config': {'mode': 'log', 'steps': 5, 'initial_lr': 0.01, 'target_lr': 0.028284271247461905}, 'batch_per_device': 128}",89.64035677909851,0,8,6352.686688279315,8,46.831281900405884
0.018107989430427553,0.07120152413845063,0.0007210224866867065,0.009151674046808361,0.0300994336605072,nan,0.0,0.10684795379638673,0.7782599806785584,0.9265164510571957,-0.7494999766349792,nan,0.0,nan,0.0,nan,0.0,0.8251399993896484,0.5002724022710323,nan,0.0,0.7494999766349792,1.7776290594577788,nan,0.0,60000,8,False,,,38,-0.9265164510571957,9b588e9457aa4976975e7245b8b6fb56,2019-06-02_20-50-27,1559533827,9.198755025863647,882.0886862277985,2777,steropes,169.229.49.254,"{'starting_lr': 0.01, 'momentum': 0.95, 'weight_decay': 0.001, 'steps_per_iteration': None, 'pin': False, 'model_creator': None, 'target_batch_size': 128, 'model_string': 'resnet50', 'min_batch_size': 128, 'dataset': 'CIFAR', 'placement': None, 'use_nccl': True, 'devices_per_worker': 1, 'primary_resource': 'extra_gpu', 'gpu': False, 'verbose': False, 'lr_config': {'mode': 'log', 'steps': 5, 'initial_lr': 0.01, 'target_lr': 0.028284271247461905}, 'batch_per_device': 128}",98.83911180496216,0,9,6385.743255243059,8,46.831281900405884
0.018395602703094482,0.07249626219272613,0.0007299512624740601,0.008850345197989017,0.03031350672245026,nan,0.0,0.1082030862569809,0.7788599848747253,0.9163176340353487,-0.7907000184059143,nan,0.0,nan,0.0,nan,0.0,0.8243399262428284,0.5007088997972012,nan,0.0,0.7907000184059143,0.6150987839937211,nan,0.0,60000,8,False,,,39,-0.9163176340353487,9b588e9457aa4976975e7245b8b6fb56,2019-06-02_20-50-37,1559533837,9.45557451248169,891.5442607402802,2777,steropes,169.229.49.254,"{'starting_lr': 0.01, 'momentum': 0.95, 'weight_decay': 0.001, 'steps_per_iteration': None, 'pin': False, 'model_creator': None, 'target_batch_size': 128, 'model_string': 'resnet50', 'min_batch_size': 128, 'dataset': 'CIFAR', 'placement': None, 'use_nccl': True, 'devices_per_worker': 1, 'primary_resource': 'extra_gpu', 'gpu': False, 'verbose': False, 'lr_config': {'mode': 'log', 'steps': 5, 'initial_lr': 0.01, 'target_lr': 0.028284271247461905}, 'batch_per_device': 128}",108.29468631744385,0,10,6415.856408223663,8,46.831281900405884
0.018365451693534852,0.07659954726696014,0.0006942212581634521,0.009089489372409118,0.03228423595428467,nan,0.0,0.106069415807724,0.7781999826431274,0.929873450372219,-0.784500002861023,nan,0.0,nan,0.0,nan,0.0,0.8315199613571167,0.4758918629693985,nan,0.0,0.784500002861023,0.6863042403936387,nan,0.0,60000,8,False,,,40,-0.929873450372219,9b588e9457aa4976975e7245b8b6fb56,2019-06-02_20-50-46,1559533846,9.575591802597046,901.1198525428772,2777,steropes,169.229.49.254,"{'starting_lr': 0.01, 'momentum': 0.95, 'weight_decay': 0.001, 'steps_per_iteration': None, 'pin': False, 'model_creator': None, 'target_batch_size': 128, 'model_string': 'resnet50', 'min_batch_size': 128, 'dataset': 'CIFAR', 'placement': None, 'use_nccl': True, 'devices_per_worker': 1, 'primary_resource': 'extra_gpu', 'gpu': False, 'verbose': False, 'lr_config': {'mode': 'log', 'steps': 5, 'initial_lr': 0.01, 'target_lr': 0.028284271247461905}, 'batch_per_device': 128}",117.8702781200409,0,11,6389.353449932495,8,46.831281900405884
0.017838796973228457,0.08293773829936982,0.0007131874561309814,0.009086315729180162,0.02959447503089905,nan,0.0,0.10457735955715178,0.7786399841308593,0.9187912766182423,-0.7914999723434448,nan,0.0,nan,0.0,nan,0.0,0.8378799557685852,0.4648484887349606,nan,0.0,0.7914999723434448,0.6148878275692463,nan,0.0,60000,8,False,,,41,-0.9187912766182423,9b588e9457aa4976975e7245b8b6fb56,2019-06-02_20-50-56,1559533856,9.48151707649231,910.6013696193695,2777,steropes,169.229.49.254,"{'starting_lr': 0.01, 'momentum': 0.95, 'weight_decay': 0.001, 'steps_per_iteration': None, 'pin': False, 'model_creator': None, 'target_batch_size': 128, 'model_string': 'resnet50', 'min_batch_size': 128, 'dataset': 'CIFAR', 'placement': None, 'use_nccl': True, 'devices_per_worker': 1, 'primary_resource': 'extra_gpu', 'gpu': False, 'verbose': False, 'lr_config': {'mode': 'log', 'steps': 5, 'initial_lr': 0.01, 'target_lr': 0.028284271247461905}, 'batch_per_device': 128}",127.3517951965332,0,12,6356.1147532082405,8,46.831281900405884
0.018018648028373718,0.07636802792549133,0.0007105737924575806,0.009006974648456186,0.03069687485694885,nan,0.0,0.10522291660308838,0.7812599897384643,0.8794096913111211,-0.7900999784469604,nan,0.0,nan,0.0,nan,0.0,0.8360399603843689,0.46761417916774745,nan,0.0,0.7900999784469604,0.7031285451412201,nan,0.0,60000,8,False,,,42,-0.8794096913111211,9b588e9457aa4976975e7245b8b6fb56,2019-06-02_20-51-05,1559533865,9.515881061553955,920.1172506809235,2777,steropes,169.229.49.254,"{'starting_lr': 0.01, 'momentum': 0.95, 'weight_decay': 0.001, 'steps_per_iteration': None, 'pin': False, 'model_creator': None, 'target_batch_size': 128, 'model_string': 'resnet50', 'min_batch_size': 128, 'dataset': 'CIFAR', 'placement': None, 'use_nccl': True, 'devices_per_worker': 1, 'primary_resource': 'extra_gpu', 'gpu': False, 'verbose': False, 'lr_config': {'mode': 'log', 'steps': 5, 'initial_lr': 0.01, 'target_lr': 0.028284271247461905}, 'batch_per_device': 128}",136.86767625808716,0,13,6352.187582143161,8,46.831281900405884
0.01798057854175568,0.07579455077648163,0.0007225453853607177,0.009184863494367014,0.029805403947830204,nan,0.0,0.10870380401611328,0.7902399897575378,0.6489053869092466,-0.7943999767303467,nan,0.0,nan,0.0,nan,0.0,0.8405399918556213,0.45628303311228746,nan,0.0,0.7943999767303467,0.6251075374484063,nan,0.0,60000,8,False,,,43,-0.6489053869092466,9b588e9457aa4976975e7245b8b6fb56,2019-06-02_20-51-15,1559533875,9.516874074935913,929.6341247558594,2777,steropes,169.229.49.254,"{'starting_lr': 0.01, 'momentum': 0.95, 'weight_decay': 0.001, 'steps_per_iteration': None, 'pin': False, 'model_creator': None, 'target_batch_size': 128, 'model_string': 'resnet50', 'min_batch_size': 128, 'dataset': 'CIFAR', 'placement': None, 'use_nccl': True, 'devices_per_worker': 1, 'primary_resource': 'extra_gpu', 'gpu': False, 'verbose': False, 'lr_config': {'mode': 'log', 'steps': 5, 'initial_lr': 0.01, 'target_lr': 0.028284271247461905}, 'batch_per_device': 128}",146.38455033302307,0,14,6309.687178585369,8,46.831281900405884
0.018588787317276003,0.07410375475883484,0.0007001906633377075,0.008802220529439497,0.03017178177833557,nan,0.0,0.10978022515773773,0.791159987449646,0.6479536558759212,-0.7953000068664551,nan,0.0,nan,0.0,nan,0.0,0.8425599932670593,0.4512688030898572,nan,0.0,0.7953000068664551,0.6103401288270949,nan,0.0,60000,8,False,,,44,-0.6479536558759212,9b588e9457aa4976975e7245b8b6fb56,2019-06-02_20-51-24,1559533884,9.379644870758057,939.0137696266174,2777,steropes,169.229.49.254,"{'starting_lr': 0.01, 'momentum': 0.95, 'weight_decay': 0.001, 'steps_per_iteration': None, 'pin': False, 'model_creator': None, 'target_batch_size': 128, 'model_string': 'resnet50', 'min_batch_size': 128, 'dataset': 'CIFAR', 'placement': None, 'use_nccl': True, 'devices_per_worker': 1, 'primary_resource': 'extra_gpu', 'gpu': False, 'verbose': False, 'lr_config': {'mode': 'log', 'steps': 5, 'initial_lr': 0.01, 'target_lr': 0.028284271247461905}, 'batch_per_device': 128}",155.76419520378113,0,15,6319.779386877064,8,46.831281900405884
0.01847062110900879,0.07538968324661255,0.0007253646850585938,0.009070089276956052,0.03145238757133484,nan,0.0,0.10879870057106018,0.7903999805450439,0.6474236866891385,-0.7806999683380127,nan,0.0,nan,0.0,nan,0.0,0.8379999995231628,0.46213071919322013,nan,0.0,0.7806999683380127,0.6836543944597244,nan,0.0,60000,8,False,,,45,-0.6474236866891385,9b588e9457aa4976975e7245b8b6fb56,2019-06-02_20-51-34,1559533894,9.522174596786499,948.5359442234039,2777,steropes,169.229.49.254,"{'starting_lr': 0.01, 'momentum': 0.95, 'weight_decay': 0.001, 'steps_per_iteration': None, 'pin': False, 'model_creator': None, 'target_batch_size': 128, 'model_string': 'resnet50', 'min_batch_size': 128, 'dataset': 'CIFAR', 'placement': None, 'use_nccl': True, 'devices_per_worker': 1, 'primary_resource': 'extra_gpu', 'gpu': False, 'verbose': False, 'lr_config': {'mode': 'log', 'steps': 5, 'initial_lr': 0.01, 'target_lr': 0.028284271247461905}, 'batch_per_device': 128}",165.28636980056763,0,16,6326.898685380124,8,46.831281900405884
0.01825352609157562,0.08790566325187683,0.0006978958845138549,0.008988157827026989,0.031447279453277584,nan,0.0,0.10446712970733643,0.7900599837303162,0.6585433182966709,-0.7897999882698059,nan,0.0,nan,0.0,nan,0.0,0.8472999930381775,0.44183852996110917,nan,0.0,0.7897999882698059,0.6704859856069089,nan,0.0,60000,8,False,,,46,-0.6585433182966709,9b588e9457aa4976975e7245b8b6fb56,2019-06-02_20-51-44,1559533904,9.645690441131592,958.1816346645355,2777,steropes,169.229.49.254,"{'starting_lr': 0.01, 'momentum': 0.95, 'weight_decay': 0.001, 'steps_per_iteration': None, 'pin': False, 'model_creator': None, 'target_batch_size': 128, 'model_string': 'resnet50', 'min_batch_size': 128, 'dataset': 'CIFAR', 'placement': None, 'use_nccl': True, 'devices_per_worker': 1, 'primary_resource': 'extra_gpu', 'gpu': False, 'verbose': False, 'lr_config': {'mode': 'log', 'steps': 5, 'initial_lr': 0.01, 'target_lr': 0.028284271247461905}, 'batch_per_device': 128}",174.93206024169922,0,17,6305.081375428522,8,46.831281900405884
0.017916256189346315,0.07356239557266235,0.0007530391216278077,0.00888796363558088,0.02984674870967865,nan,0.0,0.10418088138103485,0.7898199796676636,0.6561370153892041,-0.7888999581336975,nan,0.0,nan,0.0,nan,0.0,0.8494600057601929,0.4339600345039367,nan,0.0,0.7888999581336975,0.6910970306038857,nan,0.0,60000,8,False,,,47,-0.6561370153892041,9b588e9457aa4976975e7245b8b6fb56,2019-06-02_20-51-53,1559533913,9.409023523330688,967.5906581878662,2777,steropes,169.229.49.254,"{'starting_lr': 0.01, 'momentum': 0.95, 'weight_decay': 0.001, 'steps_per_iteration': None, 'pin': False, 'model_creator': None, 'target_batch_size': 128, 'model_string': 'resnet50', 'min_batch_size': 128, 'dataset': 'CIFAR', 'placement': None, 'use_nccl': True, 'devices_per_worker': 1, 'primary_resource': 'extra_gpu', 'gpu': False, 'verbose': False, 'lr_config': {'mode': 'log', 'steps': 5, 'initial_lr': 0.01, 'target_lr': 0.028284271247461905}, 'batch_per_device': 128}",184.3410837650299,0,18,6319.272680024747,8,46.831281900405884
0.01859727203845978,0.08614692986011505,0.000788736343383789,0.009317820169487779,0.030642098188400267,nan,0.0,0.10819342732429504,0.790339994430542,0.6515345180273056,-0.7970000505447388,nan,0.0,nan,0.0,nan,0.0,0.8454000353813171,0.4406367538404465,nan,0.0,0.7970000505447388,0.6020950506389141,nan,0.0,60000,8,False,,,48,-0.6515345180273056,9b588e9457aa4976975e7245b8b6fb56,2019-06-02_20-52-03,1559533923,9.523765325546265,977.1144235134125,2777,steropes,169.229.49.254,"{'starting_lr': 0.01, 'momentum': 0.95, 'weight_decay': 0.001, 'steps_per_iteration': None, 'pin': False, 'model_creator': None, 'target_batch_size': 128, 'model_string': 'resnet50', 'min_batch_size': 128, 'dataset': 'CIFAR', 'placement': None, 'use_nccl': True, 'devices_per_worker': 1, 'primary_resource': 'extra_gpu', 'gpu': False, 'verbose': False, 'lr_config': {'mode': 'log', 'steps': 5, 'initial_lr': 0.01, 'target_lr': 0.028284271247461905}, 'batch_per_device': 128}",193.86484909057617,0,19,6318.355609211768,8,46.831281900405884
0.01779761016368866,0.07795229852199553,0.0007350832223892212,0.00908702672744284,0.029556462168693544,nan,0.0,0.10710314810276032,0.7916999936103821,0.6486277002966405,-0.8021000027656555,nan,0.0,nan,0.0,nan,0.0,0.8481600284576416,0.43478754946947096,nan,0.0,0.8021000027656555,0.595806040173769,nan,0.0,60000,8,False,,,49,-0.6486277002966405,9b588e9457aa4976975e7245b8b6fb56,2019-06-02_20-52-12,1559533932,9.403774976730347,986.5181984901428,2777,steropes,169.229.49.254,"{'starting_lr': 0.01, 'momentum': 0.95, 'weight_decay': 0.001, 'steps_per_iteration': None, 'pin': False, 'model_creator': None, 'target_batch_size': 128, 'model_string': 'resnet50', 'min_batch_size': 128, 'dataset': 'CIFAR', 'placement': None, 'use_nccl': True, 'devices_per_worker': 1, 'primary_resource': 'extra_gpu', 'gpu': False, 'verbose': False, 'lr_config': {'mode': 'log', 'steps': 5, 'initial_lr': 0.01, 'target_lr': 0.028284271247461905}, 'batch_per_device': 128}",203.26862406730652,0,20,6315.1466728040905,8,46.831281900405884
0.017874175310134886,0.07985287606716156,0.0007096588611602783,0.009470928080227911,0.029727715253829955,nan,0.0,0.10296034812927245,0.7921200037002564,0.6443824559104442,-0.782800018787384,nan,0.0,nan,0.0,nan,0.0,0.8473600149154663,0.43600124851942057,nan,0.0,0.782800018787384,0.6624281725287438,nan,0.0,60000,8,False,,,50,-0.6443824559104442,9b588e9457aa4976975e7245b8b6fb56,2019-06-02_20-52-21,1559533941,9.481546878814697,995.9997453689575,2777,steropes,169.229.49.254,"{'starting_lr': 0.01, 'momentum': 0.95, 'weight_decay': 0.001, 'steps_per_iteration': None, 'pin': False, 'model_creator': None, 'target_batch_size': 128, 'model_string': 'resnet50', 'min_batch_size': 128, 'dataset': 'CIFAR', 'placement': None, 'use_nccl': True, 'devices_per_worker': 1, 'primary_resource': 'extra_gpu', 'gpu': False, 'verbose': False, 'lr_config': {'mode': 'log', 'steps': 5, 'initial_lr': 0.01, 'target_lr': 0.028284271247461905}, 'batch_per_device': 128}",212.75017094612122,0,21,6320.552505445004,8,46.831281900405884
0.017773136496543884,0.07461135983467101,0.0007079273462295532,0.008931599709452415,0.029547303915023804,nan,0.0,0.10433733165264128,0.7965000033378601,0.6231161815047265,-0.8116999864578247,nan,0.0,nan,0.0,nan,0.0,0.8539800047874451,0.41629125982642173,nan,0.0,0.8116999864578247,0.5641546135783195,nan,0.0,60000,8,False,,,51,-0.6231161815047265,9b588e9457aa4976975e7245b8b6fb56,2019-06-02_20-52-31,1559533951,9.382086277008057,1005.3818316459656,2777,steropes,169.229.49.254,"{'starting_lr': 0.01, 'momentum': 0.95, 'weight_decay': 0.001, 'steps_per_iteration': None, 'pin': False, 'model_creator': None, 'target_batch_size': 128, 'model_string': 'resnet50', 'min_batch_size': 128, 'dataset': 'CIFAR', 'placement': None, 'use_nccl': True, 'devices_per_worker': 1, 'primary_resource': 'extra_gpu', 'gpu': False, 'verbose': False, 'lr_config': {'mode': 'log', 'steps': 5, 'initial_lr': 0.01, 'target_lr': 0.028284271247461905}, 'batch_per_device': 128}",222.13225722312927,0,22,6355.8510035864465,8,46.831281900405884
0.01817557513713837,0.07931022942066193,0.0007152706384658815,0.009014163090258228,0.03174698650836945,nan,0.0,0.10899930000305176,0.7985200047492981,0.6074250573694705,-0.7989999651908875,nan,0.0,nan,0.0,nan,0.0,0.855139970779419,0.4174498221504688,nan,0.0,0.7989999651908875,0.6126414099276066,nan,0.0,60000,8,False,,,52,-0.6074250573694705,9b588e9457aa4976975e7245b8b6fb56,2019-06-02_20-52-40,1559533960,9.516229391098022,1014.8980610370636,2777,steropes,169.229.49.254,"{'starting_lr': 0.01, 'momentum': 0.95, 'weight_decay': 0.001, 'steps_per_iteration': None, 'pin': False, 'model_creator': None, 'target_batch_size': 128, 'model_string': 'resnet50', 'min_batch_size': 128, 'dataset': 'CIFAR', 'placement': None, 'use_nccl': True, 'devices_per_worker': 1, 'primary_resource': 'extra_gpu', 'gpu': False, 'verbose': False, 'lr_config': {'mode': 'log', 'steps': 5, 'initial_lr': 0.01, 'target_lr': 0.028284271247461905}, 'batch_per_device': 128}",231.6484866142273,0,23,6341.447373543672,8,46.831281900405884
0.018027374148368833,0.08723132312297821,0.0007154047489166259,0.008869962424648051,0.030224141478538514,nan,0.0,0.10552655160427094,0.796399986743927,0.6195723902010918,-0.7863999605178833,nan,0.0,nan,0.0,nan,0.0,0.8554999828338623,0.4132195199614763,nan,0.0,0.7863999605178833,0.6628317147970201,nan,0.0,60000,8,False,,,53,-0.6195723902010918,9b588e9457aa4976975e7245b8b6fb56,2019-06-02_20-52-50,1559533970,9.594189167022705,1024.4922502040863,2777,steropes,169.229.49.254,"{'starting_lr': 0.01, 'momentum': 0.95, 'weight_decay': 0.001, 'steps_per_iteration': None, 'pin': False, 'model_creator': None, 'target_batch_size': 128, 'model_string': 'resnet50', 'min_batch_size': 128, 'dataset': 'CIFAR', 'placement': None, 'use_nccl': True, 'devices_per_worker': 1, 'primary_resource': 'extra_gpu', 'gpu': False, 'verbose': False, 'lr_config': {'mode': 'log', 'steps': 5, 'initial_lr': 0.01, 'target_lr': 0.028284271247461905}, 'batch_per_device': 128}",241.24267578125,0,24,6332.020570097392,8,46.831281900405884
0.018118587136268616,0.07452899813652038,0.0007285535335540772,0.009136333757517292,0.030054396390914916,nan,0.0,0.10549661517143251,0.7929799914360046,0.6313038416278363,-0.7850000262260437,nan,0.0,nan,0.0,nan,0.0,0.8582600355148315,0.41024856437921525,nan,0.0,0.7850000262260437,0.6544632973074913,nan,0.0,60000,8,False,,,54,-0.6313038416278363,9b588e9457aa4976975e7245b8b6fb56,2019-06-02_20-52-59,1559533979,9.32116174697876,1033.813411951065,2777,steropes,169.229.49.254,"{'starting_lr': 0.01, 'momentum': 0.95, 'weight_decay': 0.001, 'steps_per_iteration': None, 'pin': False, 'model_creator': None, 'target_batch_size': 128, 'model_string': 'resnet50', 'min_batch_size': 128, 'dataset': 'CIFAR', 'placement': None, 'use_nccl': True, 'devices_per_worker': 1, 'primary_resource': 'extra_gpu', 'gpu': False, 'verbose': False, 'lr_config': {'mode': 'log', 'steps': 5, 'initial_lr': 0.01, 'target_lr': 0.028284271247461905}, 'batch_per_device': 128}",250.56383752822876,0,25,6343.080748441377,8,46.831281900405884
0.01763301193714142,0.0748783141374588,0.0006864845752716065,0.00936537737749061,0.030289524793624883,nan,0.0,0.10310418009757996,0.7960199832916259,0.6228856143701076,-0.7979999780654907,nan,0.0,nan,0.0,nan,0.0,0.8529799580574036,0.4210069457876682,nan,0.0,0.7979999780654907,0.6203370362401008,nan,0.0,60000,8,False,,,55,-0.6228856143701076,9b588e9457aa4976975e7245b8b6fb56,2019-06-02_20-53-09,1559533989,9.360074043273926,1043.173485994339,2777,steropes,169.229.49.254,"{'starting_lr': 0.01, 'momentum': 0.95, 'weight_decay': 0.001, 'steps_per_iteration': None, 'pin': False, 'model_creator': None, 'target_batch_size': 128, 'model_string': 'resnet50', 'min_batch_size': 128, 'dataset': 'CIFAR', 'placement': None, 'use_nccl': True, 'devices_per_worker': 1, 'primary_resource': 'extra_gpu', 'gpu': False, 'verbose': False, 'lr_config': {'mode': 'log', 'steps': 5, 'initial_lr': 0.01, 'target_lr': 0.028284271247461905}, 'batch_per_device': 128}",259.9239115715027,0,26,6359.414001702058,8,46.831281900405884
0.01810434758663177,0.07391479313373564,0.0007062315940856935,0.008964821392176104,0.030425211787223818,nan,0.0,0.10576470196247101,0.7926799774169921,0.6368218342196942,-0.7949999570846558,nan,0.0,nan,0.0,nan,0.0,0.8626199960708618,0.39649500869154936,nan,0.0,0.7949999570846558,0.6338357128262518,nan,0.0,60000,8,False,,,56,-0.6368218342196942,9b588e9457aa4976975e7245b8b6fb56,2019-06-02_20-53-18,1559533998,9.381380319595337,1052.5548663139343,2777,steropes,169.229.49.254,"{'starting_lr': 0.01, 'momentum': 0.95, 'weight_decay': 0.001, 'steps_per_iteration': None, 'pin': False, 'model_creator': None, 'target_batch_size': 128, 'model_string': 'resnet50', 'min_batch_size': 128, 'dataset': 'CIFAR', 'placement': None, 'use_nccl': True, 'devices_per_worker': 1, 'primary_resource': 'extra_gpu', 'gpu': False, 'verbose': False, 'lr_config': {'mode': 'log', 'steps': 5, 'initial_lr': 0.01, 'target_lr': 0.028284271247461905}, 'batch_per_device': 128}",269.305291891098,0,27,6359.509846207903,8,46.831281900405884
0.018269699811935425,0.07739408910274505,0.0007339358329772949,0.009051898912507659,0.02957610189914703,nan,0.0,0.1087121158838272,0.7860399842262268,0.6628004381060599,-0.7657999992370605,nan,0.0,nan,0.0,nan,0.0,0.861259937286377,0.39850004643082615,nan,0.0,0.7657999992370605,0.742534429359436,nan,0.0,60000,8,False,,,57,-0.6628004381060599,9b588e9457aa4976975e7245b8b6fb56,2019-06-02_20-53-27,1559534007,9.33176565170288,1061.8866319656372,2777,steropes,169.229.49.254,"{'starting_lr': 0.01, 'momentum': 0.95, 'weight_decay': 0.001, 'steps_per_iteration': None, 'pin': False, 'model_creator': None, 'target_batch_size': 128, 'model_string': 'resnet50', 'min_batch_size': 128, 'dataset': 'CIFAR', 'placement': None, 'use_nccl': True, 'devices_per_worker': 1, 'primary_resource': 'extra_gpu', 'gpu': False, 'verbose': False, 'lr_config': {'mode': 'log', 'steps': 5, 'initial_lr': 0.01, 'target_lr': 0.028284271247461905}, 'batch_per_device': 128}",278.6370575428009,0,28,6384.475250611306,8,46.831281900405884
0.018583345413208007,0.07405628561973572,0.0007002234458923339,0.009238532611301968,0.030354654788970946,nan,0.0,0.10900910198688506,0.7800399780273437,0.697124780228138,-0.756399929523468,nan,0.0,nan,0.0,nan,0.0,0.8611600399017334,0.3976357411420345,nan,0.0,0.756399929523468,0.8344534254074096,nan,0.0,60000,8,False,,,58,-0.697124780228138,9b588e9457aa4976975e7245b8b6fb56,2019-06-02_20-53-37,1559534017,9.334086656570435,1071.2207186222076,2777,steropes,169.229.49.254,"{'starting_lr': 0.01, 'momentum': 0.95, 'weight_decay': 0.001, 'steps_per_iteration': None, 'pin': False, 'model_creator': None, 'target_batch_size': 128, 'model_string': 'resnet50', 'min_batch_size': 128, 'dataset': 'CIFAR', 'placement': None, 'use_nccl': True, 'devices_per_worker': 1, 'primary_resource': 'extra_gpu', 'gpu': False, 'verbose': False, 'lr_config': {'mode': 'log', 'steps': 5, 'initial_lr': 0.01, 'target_lr': 0.028284271247461905}, 'batch_per_device': 128}",287.97114419937134,0,29,6420.013397783582,8,46.831281900405884
0.018543559312820434,0.07496001720428466,0.0007001131772994994,0.008958859103066581,0.031848251819610596,nan,0.0,0.10774529576301575,0.7790199637413024,0.7112437308812141,-0.7798999547958374,nan,0.0,nan,0.0,nan,0.0,0.8667200207710266,0.38331762015581133,nan,0.0,0.7798999547958374,0.7250580505728722,nan,0.0,60000,8,False,,,59,-0.7112437308812141,9b588e9457aa4976975e7245b8b6fb56,2019-06-02_20-53-46,1559534026,9.413694143295288,1080.634412765503,2777,steropes,169.229.49.254,"{'starting_lr': 0.01, 'momentum': 0.95, 'weight_decay': 0.001, 'steps_per_iteration': None, 'pin': False, 'model_creator': None, 'target_batch_size': 128, 'model_string': 'resnet50', 'min_batch_size': 128, 'dataset': 'CIFAR', 'placement': None, 'use_nccl': True, 'devices_per_worker': 1, 'primary_resource': 'extra_gpu', 'gpu': False, 'verbose': False, 'lr_config': {'mode': 'log', 'steps': 5, 'initial_lr': 0.01, 'target_lr': 0.028284271247461905}, 'batch_per_device': 128}",297.3848383426666,0,30,6407.325921786438,8,46.831281900405884
