{"apply": 0.020108914375305174, "batch_time": 0.04223858253865302, "d2h": 0.000671553611755371, "data_time": 0.0018789097476188483, "fwd": 0.1446767807006836, "get_state_time_mean": NaN, "get_state_time_total": 0.0, "grad": 0.16313393115997316, "mean_accuracy": 0.09999999403953552, "mean_loss": 2.3549663036346438, "neg_mean_accuracy": -0.09999999403953552, "set_state_time_mean": NaN, "set_state_time_total": 0.0, "setup_model_time_mean": 10.574229955673218, "setup_model_time_total": 10.574229955673218, "setup_proc_time_mean": 0.16328930854797363, "setup_proc_time_total": 0.16328930854797363, "train_accuracy": 0.09860000014305115, "train_loss": 3.900270382080078, "training_time_mean": NaN, "training_time_total": 0.0, "val_accuracy": 0.09999999403953552, "val_loss": 2.3549663036346438, "validation_time_mean": NaN, "validation_time_total": 0.0, "samples": 60000, "num_workers": 1, "done": false, "timesteps_total": null, "episodes_total": null, "training_iteration": 1, "neg_mean_loss": -2.3549663036346438, "experiment_id": "1f2e69ed1a44467b806e2ff6f5d20f46", "date": "2019-06-06_07-10-22", "timestamp": 1559830222, "time_this_iter_s": 47.58929181098938, "time_total_s": 47.58929181098938, "pid": 8462, "hostname": "steropes", "node_ip": "169.229.49.254", "config": {"starting_lr": 1.0, "momentum": 0.9, "weight_decay": 0.001, "steps_per_iteration": null, "pin": false, "model_creator": null, "target_batch_size": 128, "model_string": "resnet50", "min_batch_size": 128, "dataset": "CIFAR", "placement": null, "use_nccl": true, "devices_per_worker": 1, "primary_resource": "extra_gpu", "gpu": false, "verbose": false, "lr_config": {"mode": "log", "steps": 5, "initial_lr": 1.0, "target_lr": 1.0}, "batch_per_device": 128}, "time_since_restore": 47.58929181098938, "timesteps_since_restore": 0, "iterations_since_restore": 1, "mean_throughput": 1260.785702335642, "atoms": 1, "setup_time": 11.06206750869751}
{"apply": 0.020210623741149902, "batch_time": 0.03271552279025693, "d2h": 0.0007656097412109375, "data_time": 0.0018271735257199963, "fwd": 0.03019592761993408, "get_state_time_mean": NaN, "get_state_time_total": 0.0, "grad": 0.05069179534912109, "mean_accuracy": 0.11379999667406082, "mean_loss": 2.398072348213196, "neg_mean_accuracy": -0.12759999930858612, "set_state_time_mean": NaN, "set_state_time_total": 0.0, "setup_model_time_mean": NaN, "setup_model_time_total": 0.0, "setup_proc_time_mean": NaN, "setup_proc_time_total": 0.0, "train_accuracy": 0.146479994058609, "train_loss": 2.3308334731292724, "training_time_mean": NaN, "training_time_total": 0.0, "val_accuracy": 0.12759999930858612, "val_loss": 2.441178392791748, "validation_time_mean": NaN, "validation_time_total": 0.0, "samples": 60000, "num_workers": 1, "done": true, "timesteps_total": null, "episodes_total": null, "training_iteration": 2, "neg_mean_loss": -2.398072348213196, "experiment_id": "1f2e69ed1a44467b806e2ff6f5d20f46", "date": "2019-06-06_07-11-05", "timestamp": 1559830265, "time_this_iter_s": 42.94427180290222, "time_total_s": 90.5335636138916, "pid": 8462, "hostname": "steropes", "node_ip": "169.229.49.254", "config": {"starting_lr": 1.0, "momentum": 0.9, "weight_decay": 0.001, "steps_per_iteration": null, "pin": false, "model_creator": null, "target_batch_size": 128, "model_string": "resnet50", "min_batch_size": 128, "dataset": "CIFAR", "placement": null, "use_nccl": true, "devices_per_worker": 1, "primary_resource": "extra_gpu", "gpu": false, "verbose": false, "lr_config": {"mode": "log", "steps": 5, "initial_lr": 1.0, "target_lr": 1.0}, "batch_per_device": 128}, "time_since_restore": 90.5335636138916, "timesteps_since_restore": 0, "iterations_since_restore": 2, "mean_throughput": 1325.4729837474576, "atoms": 1, "setup_time": 11.06206750869751}
