apply,batch_time,d2h,data_time,fwd,get_state_time_mean,get_state_time_total,grad,mean_accuracy,mean_loss,neg_mean_accuracy,set_state_time_mean,set_state_time_total,setup_model_time_mean,setup_model_time_total,setup_proc_time_mean,setup_proc_time_total,train_accuracy,train_loss,training_time_mean,training_time_total,validation_time_mean,validation_time_total,samples,num_workers,done,timesteps_total,episodes_total,training_iteration,neg_mean_loss,experiment_id,date,timestamp,time_this_iter_s,time_total_s,pid,hostname,node_ip,config,time_since_restore,timesteps_since_restore,iterations_since_restore,mean_throughput,atoms,resource_time
0.008142733573913574,0.1668363094329834,0.004261922836303711,0.03758348250875668,0.07703051567077637,nan,0.0,0.1604449510574341,0.39640000462532043,1.6490381591796874,-0.39640000462532043,nan,0.0,9.815468072891235,9.815468072891235,0.14466547966003418,0.14466547966003418,0.2633199989795685,2.593453577041626,nan,0.0,nan,0.0,60000,1,False,,,1,-1.6490381591796874,3bdc001886f34cffbfa34ae2aa0bacab,2019-05-30_14-17-58,1559251078,11.145566701889038,11.145566701889038,21737,steropes,169.229.49.254,"{'starting_lr': 0.005, 'momentum': 0.9, 'weight_decay': 0.005, 'steps_per_iteration': None, 'pin': False, 'model_creator': None, 'target_batch_size': 1024, 'model_string': 'resnet18', 'min_batch_size': 512, 'dataset': 'CIFAR', 'placement': None, 'use_nccl': True, 'devices_per_worker': 1, 'primary_resource': 'extra_gpu', 'gpu': False, 'verbose': False, 'lr_config': {'mode': 'log', 'steps': 5, 'initial_lr': 0.005, 'target_lr': 0.005}, 'batch_per_device': 1024}",11.145566701889038,0,1,5383.237257156621,1,11.145566701889038
0.007518100738525391,0.1277463912963867,0.004591059684753418,0.043097627406217615,0.022069168090820313,nan,0.0,0.04177689552307129,0.4640999734401703,1.4484179851531982,-0.4640999734401703,nan,0.0,nan,0.0,nan,0.0,0.41509997844696045,1.5863331185531617,nan,0.0,nan,0.0,60000,1,False,,,2,-1.4484179851531982,3bdc001886f34cffbfa34ae2aa0bacab,2019-05-30_14-18-05,1559251085,7.356807470321655,18.502374172210693,21737,steropes,169.229.49.254,"{'starting_lr': 0.005, 'momentum': 0.9, 'weight_decay': 0.005, 'steps_per_iteration': None, 'pin': False, 'model_creator': None, 'target_batch_size': 1024, 'model_string': 'resnet18', 'min_batch_size': 512, 'dataset': 'CIFAR', 'placement': None, 'use_nccl': True, 'devices_per_worker': 1, 'primary_resource': 'extra_gpu', 'gpu': False, 'verbose': False, 'lr_config': {'mode': 'log', 'steps': 5, 'initial_lr': 0.005, 'target_lr': 0.005}, 'batch_per_device': 1024}",18.502374172210693,0,2,6485.5778575988725,1,18.502374172210693
0.007794904708862305,0.11618843078613281,0.0053311347961425785,0.03991401438810387,0.02119119167327881,nan,0.0,0.04244394302368164,0.4982999861240387,1.3645579858779908,-0.4982999861240387,nan,0.0,nan,0.0,nan,0.0,0.4642399847507477,1.4603103420639039,nan,0.0,nan,0.0,60000,1,False,,,3,-1.3645579858779908,3bdc001886f34cffbfa34ae2aa0bacab,2019-05-30_14-18-12,1559251092,7.072647571563721,25.575021743774414,21737,steropes,169.229.49.254,"{'starting_lr': 0.005, 'momentum': 0.9, 'weight_decay': 0.005, 'steps_per_iteration': None, 'pin': False, 'model_creator': None, 'target_batch_size': 1024, 'model_string': 'resnet18', 'min_batch_size': 512, 'dataset': 'CIFAR', 'placement': None, 'use_nccl': True, 'devices_per_worker': 1, 'primary_resource': 'extra_gpu', 'gpu': False, 'verbose': False, 'lr_config': {'mode': 'log', 'steps': 5, 'initial_lr': 0.005, 'target_lr': 0.005}, 'batch_per_device': 1024}",25.575021743774414,0,3,7038.032020556888,1,25.575021743774414
0.007970547676086426,0.1149512767791748,0.005257534980773926,0.03810828072684152,0.021624231338500978,nan,0.0,0.04282524585723877,0.5304999947547913,1.283097989654541,-0.5304999947547913,nan,0.0,nan,0.0,nan,0.0,0.5016399621963501,1.3723941470336913,nan,0.0,nan,0.0,60000,1,False,,,4,-1.283097989654541,3bdc001886f34cffbfa34ae2aa0bacab,2019-05-30_14-18-19,1559251099,7.072164058685303,32.64718580245972,21737,steropes,169.229.49.254,"{'starting_lr': 0.005, 'momentum': 0.9, 'weight_decay': 0.005, 'steps_per_iteration': None, 'pin': False, 'model_creator': None, 'target_batch_size': 1024, 'model_string': 'resnet18', 'min_batch_size': 512, 'dataset': 'CIFAR', 'placement': None, 'use_nccl': True, 'devices_per_worker': 1, 'primary_resource': 'extra_gpu', 'gpu': False, 'verbose': False, 'lr_config': {'mode': 'log', 'steps': 5, 'initial_lr': 0.005, 'target_lr': 0.005}, 'batch_per_device': 1024}",32.64718580245972,0,4,7351.233480303286,1,32.64718580245972
0.007407689094543457,0.11776418685913086,0.00534214973449707,0.037224283023756376,0.02195143699645996,nan,0.0,0.04322285652160644,0.5503999590873718,1.2363517839431764,-0.5503999590873718,nan,0.0,nan,0.0,nan,0.0,0.5311799645423889,1.2935229314041137,nan,0.0,nan,0.0,60000,1,False,,,5,-1.2363517839431764,3bdc001886f34cffbfa34ae2aa0bacab,2019-05-30_14-18-26,1559251106,7.206904888153076,39.85409069061279,21737,steropes,169.229.49.254,"{'starting_lr': 0.005, 'momentum': 0.9, 'weight_decay': 0.005, 'steps_per_iteration': None, 'pin': False, 'model_creator': None, 'target_batch_size': 1024, 'model_string': 'resnet18', 'min_batch_size': 512, 'dataset': 'CIFAR', 'placement': None, 'use_nccl': True, 'devices_per_worker': 1, 'primary_resource': 'extra_gpu', 'gpu': False, 'verbose': False, 'lr_config': {'mode': 'log', 'steps': 5, 'initial_lr': 0.005, 'target_lr': 0.005}, 'batch_per_device': 1024}",39.85409069061279,0,5,7527.3394095692665,1,39.85409069061279
0.008510756492614745,0.12182958126068115,0.005832505226135254,0.038224468425828585,0.02266838550567627,nan,0.0,0.0513594388961792,0.5511000156402588,1.2615124345779418,-0.5511000156402588,nan,0.0,nan,0.0,nan,0.0,0.5494199991226196,1.2395881521224976,nan,0.0,nan,0.0,60000,1,False,,,6,-1.2615124345779418,3bdc001886f34cffbfa34ae2aa0bacab,2019-05-30_14-18-34,1559251114,7.425408363342285,47.27949905395508,21737,steropes,169.229.49.254,"{'starting_lr': 0.005, 'momentum': 0.9, 'weight_decay': 0.005, 'steps_per_iteration': None, 'pin': False, 'model_creator': None, 'target_batch_size': 1024, 'model_string': 'resnet18', 'min_batch_size': 512, 'dataset': 'CIFAR', 'placement': None, 'use_nccl': True, 'devices_per_worker': 1, 'primary_resource': 'extra_gpu', 'gpu': False, 'verbose': False, 'lr_config': {'mode': 'log', 'steps': 5, 'initial_lr': 0.005, 'target_lr': 0.005}, 'batch_per_device': 1024}",47.27949905395508,0,6,8302.314572564224,1,47.27949905395508
0.008739471435546875,0.11724543571472168,0.004892683029174805,0.045250065472661236,0.02240276336669922,nan,0.0,0.04595680236816406,0.5852999687194824,1.1566373992919923,-0.5852999687194824,nan,0.0,nan,0.0,nan,0.0,0.5693599581718445,1.1891009061431885,nan,0.0,nan,0.0,60000,1,False,,,7,-1.1566373992919923,3bdc001886f34cffbfa34ae2aa0bacab,2019-05-30_14-18-42,1559251122,7.673022270202637,54.952521324157715,21737,steropes,169.229.49.254,"{'starting_lr': 0.005, 'momentum': 0.9, 'weight_decay': 0.005, 'steps_per_iteration': None, 'pin': False, 'model_creator': None, 'target_batch_size': 1024, 'model_string': 'resnet18', 'min_batch_size': 512, 'dataset': 'CIFAR', 'placement': None, 'use_nccl': True, 'devices_per_worker': 1, 'primary_resource': 'extra_gpu', 'gpu': False, 'verbose': False, 'lr_config': {'mode': 'log', 'steps': 5, 'initial_lr': 0.005, 'target_lr': 0.005}, 'batch_per_device': 1024}",54.952521324157715,0,7,8230.289277559346,1,54.952521324157715
0.008601498603820801,0.11830337047576904,0.005359196662902832,0.0394828952088648,0.025175762176513673,nan,0.0,0.04427626132965088,0.6013999581336975,1.118510023880005,-0.6013999581336975,nan,0.0,nan,0.0,nan,0.0,0.5894599556922913,1.1393844585037232,nan,0.0,nan,0.0,60000,1,False,,,8,-1.118510023880005,3bdc001886f34cffbfa34ae2aa0bacab,2019-05-30_14-18-49,1559251129,7.479368209838867,62.43188953399658,21737,steropes,169.229.49.254,"{'starting_lr': 0.005, 'momentum': 0.9, 'weight_decay': 0.005, 'steps_per_iteration': None, 'pin': False, 'model_creator': None, 'target_batch_size': 1024, 'model_string': 'resnet18', 'min_batch_size': 512, 'dataset': 'CIFAR', 'placement': None, 'use_nccl': True, 'devices_per_worker': 1, 'primary_resource': 'extra_gpu', 'gpu': False, 'verbose': False, 'lr_config': {'mode': 'log', 'steps': 5, 'initial_lr': 0.005, 'target_lr': 0.005}, 'batch_per_device': 1024}",62.43188953399658,0,8,8139.466473808973,1,62.43188953399658
0.008255553245544434,0.11736865043640136,0.005920243263244629,0.04410158858007314,0.02191016674041748,nan,0.0,0.04452016353607178,0.6028000116348267,1.1210908256530763,-0.6028000116348267,nan,0.0,nan,0.0,nan,0.0,0.6029599905014038,1.1035083016586305,nan,0.0,nan,0.0,60000,1,False,,,9,-1.1210908256530763,3bdc001886f34cffbfa34ae2aa0bacab,2019-05-30_14-18-57,1559251137,7.665115118026733,70.09700465202332,21737,steropes,169.229.49.254,"{'starting_lr': 0.005, 'momentum': 0.9, 'weight_decay': 0.005, 'steps_per_iteration': None, 'pin': False, 'model_creator': None, 'target_batch_size': 1024, 'model_string': 'resnet18', 'min_batch_size': 512, 'dataset': 'CIFAR', 'placement': None, 'use_nccl': True, 'devices_per_worker': 1, 'primary_resource': 'extra_gpu', 'gpu': False, 'verbose': False, 'lr_config': {'mode': 'log', 'steps': 5, 'initial_lr': 0.005, 'target_lr': 0.005}, 'batch_per_device': 1024}",70.09700465202332,0,9,8010.593691131106,1,70.09700465202332
0.00859084129333496,0.11975903511047363,0.005231976509094238,0.03907094196397431,0.02221217155456543,nan,0.0,0.04623856544494629,0.6193999648094177,1.0631727712631225,-0.6193999648094177,nan,0.0,nan,0.0,nan,0.0,0.6177200078964233,1.0694176635360717,nan,0.0,nan,0.0,60000,1,False,,,10,-1.0631727712631225,3bdc001886f34cffbfa34ae2aa0bacab,2019-05-30_14-19-04,1559251144,7.4694905281066895,77.56649518013,21737,steropes,169.229.49.254,"{'starting_lr': 0.005, 'momentum': 0.9, 'weight_decay': 0.005, 'steps_per_iteration': None, 'pin': False, 'model_creator': None, 'target_batch_size': 1024, 'model_string': 'resnet18', 'min_batch_size': 512, 'dataset': 'CIFAR', 'placement': None, 'use_nccl': True, 'devices_per_worker': 1, 'primary_resource': 'extra_gpu', 'gpu': False, 'verbose': False, 'lr_config': {'mode': 'log', 'steps': 5, 'initial_lr': 0.005, 'target_lr': 0.005}, 'batch_per_device': 1024}",77.56649518013,0,10,7954.848261361968,1,77.56649518013
0.007789397239685058,0.13603997230529785,0.005666851997375488,0.04035667983853087,0.021393823623657226,nan,0.0,0.043817877769470215,0.6376999616622925,1.0000083772659303,-0.6376999616622925,nan,0.0,nan,0.0,nan,0.0,0.6283000111579895,1.035607234840393,nan,0.0,nan,0.0,60000,1,False,,,11,-1.0000083772659303,3bdc001886f34cffbfa34ae2aa0bacab,2019-05-30_14-19-12,1559251152,7.558900356292725,85.12539553642273,21737,steropes,169.229.49.254,"{'starting_lr': 0.005, 'momentum': 0.9, 'weight_decay': 0.005, 'steps_per_iteration': None, 'pin': False, 'model_creator': None, 'target_batch_size': 1024, 'model_string': 'resnet18', 'min_batch_size': 512, 'dataset': 'CIFAR', 'placement': None, 'use_nccl': True, 'devices_per_worker': 1, 'primary_resource': 'extra_gpu', 'gpu': False, 'verbose': False, 'lr_config': {'mode': 'log', 'steps': 5, 'initial_lr': 0.005, 'target_lr': 0.005}, 'batch_per_device': 1024}",85.12539553642273,0,11,7926.789592044287,1,85.12539553642273
0.008556532859802245,0.12401187419891357,0.006757688522338867,0.042387762848211795,0.022910571098327635,nan,0.0,0.047507500648498534,0.6450999975204468,0.9907633254051208,-0.6450999975204468,nan,0.0,nan,0.0,nan,0.0,0.6409199833869934,1.0062469519805908,nan,0.0,nan,0.0,60000,1,False,,,12,-0.9907633254051208,3bdc001886f34cffbfa34ae2aa0bacab,2019-05-30_14-19-19,1559251159,7.629090785980225,92.75448632240295,21737,steropes,169.229.49.254,"{'starting_lr': 0.005, 'momentum': 0.9, 'weight_decay': 0.005, 'steps_per_iteration': None, 'pin': False, 'model_creator': None, 'target_batch_size': 1024, 'model_string': 'resnet18', 'min_batch_size': 512, 'dataset': 'CIFAR', 'placement': None, 'use_nccl': True, 'devices_per_worker': 1, 'primary_resource': 'extra_gpu', 'gpu': False, 'verbose': False, 'lr_config': {'mode': 'log', 'steps': 5, 'initial_lr': 0.005, 'target_lr': 0.005}, 'batch_per_device': 1024}",92.75448632240295,0,12,7936.00203760469,1,92.75448632240295
0.008807802200317382,0.11968793869018554,0.0051737546920776365,0.0403518871385224,0.021728372573852538,nan,0.0,0.04714393615722656,0.65829998254776,0.9582755604743958,-0.65829998254776,nan,0.0,nan,0.0,nan,0.0,0.6501599550247192,0.9776678638648987,nan,0.0,nan,0.0,60000,1,False,,,13,-0.9582755604743958,3bdc001886f34cffbfa34ae2aa0bacab,2019-05-30_14-19-27,1559251167,7.539010047912598,100.29349637031555,21737,steropes,169.229.49.254,"{'starting_lr': 0.005, 'momentum': 0.9, 'weight_decay': 0.005, 'steps_per_iteration': None, 'pin': False, 'model_creator': None, 'target_batch_size': 1024, 'model_string': 'resnet18', 'min_batch_size': 512, 'dataset': 'CIFAR', 'placement': None, 'use_nccl': True, 'devices_per_worker': 1, 'primary_resource': 'extra_gpu', 'gpu': False, 'verbose': False, 'lr_config': {'mode': 'log', 'steps': 5, 'initial_lr': 0.005, 'target_lr': 0.005}, 'batch_per_device': 1024}",100.29349637031555,0,13,7923.505266371968,1,100.29349637031555
0.007734251022338867,0.12185182571411132,0.0051141023635864254,0.03836785530557438,0.02252938747406006,nan,0.0,0.04363553524017334,0.6466999650001526,0.9939664503097534,-0.6466999650001526,nan,0.0,nan,0.0,nan,0.0,0.6596399545669556,0.9547384678077698,nan,0.0,nan,0.0,60000,1,False,,,14,-0.9939664503097534,3bdc001886f34cffbfa34ae2aa0bacab,2019-05-30_14-19-34,1559251174,7.400662660598755,107.6941590309143,21737,steropes,169.229.49.254,"{'starting_lr': 0.005, 'momentum': 0.9, 'weight_decay': 0.005, 'steps_per_iteration': None, 'pin': False, 'model_creator': None, 'target_batch_size': 1024, 'model_string': 'resnet18', 'min_batch_size': 512, 'dataset': 'CIFAR', 'placement': None, 'use_nccl': True, 'devices_per_worker': 1, 'primary_resource': 'extra_gpu', 'gpu': False, 'verbose': False, 'lr_config': {'mode': 'log', 'steps': 5, 'initial_lr': 0.005, 'target_lr': 0.005}, 'batch_per_device': 1024}",107.6941590309143,0,14,7979.238994813046,1,107.6941590309143
0.00781174898147583,0.11268219947814942,0.0031734585762023928,0.012511022236882424,0.05384085178375244,nan,0.0,0.11758260726928711,0.6708999872207642,0.9350851393222809,-0.6708999872207642,3.3521337509155273,3.3521337509155273,10.392961621284485,10.392961621284485,1.451969027519226,1.451969027519226,0.6645599603652954,0.9374919384002686,nan,0.0,nan,0.0,60000,2,False,,,15,-0.9350851393222809,3bdc001886f34cffbfa34ae2aa0bacab,2019-05-30_14-20-02,1559251202,8.368156909942627,116.06231594085693,27724,steropes,169.229.49.254,"{'starting_lr': 0.005, 'momentum': 0.9, 'weight_decay': 0.005, 'steps_per_iteration': None, 'pin': False, 'model_creator': None, 'target_batch_size': 1024, 'model_string': 'resnet18', 'min_batch_size': 512, 'dataset': 'CIFAR', 'placement': None, 'use_nccl': True, 'devices_per_worker': 1, 'primary_resource': 'extra_gpu', 'gpu': False, 'verbose': False, 'lr_config': {'mode': 'log', 'steps': 5, 'initial_lr': 0.005, 'target_lr': 0.005}, 'batch_per_device': 512}",8.368156909942627,0,1,7169.932433327581,2,124.43047285079956
0.007392096519470214,0.09352883100509643,0.002852654457092285,0.012811573184266383,0.018770885467529298,nan,0.0,0.0487757682800293,0.6773999929428101,0.9284560000896454,-0.6773999929428101,nan,0.0,nan,0.0,nan,0.0,0.6738200187683105,0.915969673166275,nan,0.0,nan,0.0,60000,2,False,,,16,-0.9284560000896454,3bdc001886f34cffbfa34ae2aa0bacab,2019-05-30_14-20-09,1559251209,6.028407335281372,122.0907232761383,27724,steropes,169.229.49.254,"{'starting_lr': 0.005, 'momentum': 0.9, 'weight_decay': 0.005, 'steps_per_iteration': None, 'pin': False, 'model_creator': None, 'target_batch_size': 1024, 'model_string': 'resnet18', 'min_batch_size': 512, 'dataset': 'CIFAR', 'placement': None, 'use_nccl': True, 'devices_per_worker': 1, 'primary_resource': 'extra_gpu', 'gpu': False, 'verbose': False, 'lr_config': {'mode': 'log', 'steps': 5, 'initial_lr': 0.005, 'target_lr': 0.005}, 'batch_per_device': 512}",14.396564245223999,0,2,8335.206416292418,2,136.4872875213623
0.007928180694580077,0.08464158773422242,0.0030575156211853026,0.01269901771934665,0.017216432094573974,nan,0.0,0.04750298261642456,0.687000036239624,0.8953161559581757,-0.687000036239624,nan,0.0,nan,0.0,nan,0.0,0.6860399842262268,0.8874606134796142,nan,0.0,nan,0.0,60000,2,False,,,17,-0.8953161559581757,3bdc001886f34cffbfa34ae2aa0bacab,2019-05-30_14-20-14,1559251214,5.830333709716797,127.9210569858551,27724,steropes,169.229.49.254,"{'starting_lr': 0.005, 'momentum': 0.9, 'weight_decay': 0.005, 'steps_per_iteration': None, 'pin': False, 'model_creator': None, 'target_batch_size': 1024, 'model_string': 'resnet18', 'min_batch_size': 512, 'dataset': 'CIFAR', 'placement': None, 'use_nccl': True, 'devices_per_worker': 1, 'primary_resource': 'extra_gpu', 'gpu': False, 'verbose': False, 'lr_config': {'mode': 'log', 'steps': 5, 'initial_lr': 0.005, 'target_lr': 0.005}, 'batch_per_device': 512}",20.226897954940796,0,3,8898.883422656754,2,148.1479549407959
0.008289670944213868,0.08730976581573487,0.0027277588844299315,0.012520184322279327,0.01705876588821411,nan,0.0,0.04611259698867798,0.6789000034332275,0.9121415559768677,-0.6789000034332275,nan,0.0,nan,0.0,nan,0.0,0.6919800043106079,0.8677239562511444,nan,0.0,nan,0.0,60000,2,False,,,18,-0.9121415559768677,3bdc001886f34cffbfa34ae2aa0bacab,2019-05-30_14-20-20,1559251220,5.7180256843566895,133.6390826702118,27724,steropes,169.229.49.254,"{'starting_lr': 0.005, 'momentum': 0.9, 'weight_decay': 0.005, 'steps_per_iteration': None, 'pin': False, 'model_creator': None, 'target_batch_size': 1024, 'model_string': 'resnet18', 'min_batch_size': 512, 'dataset': 'CIFAR', 'placement': None, 'use_nccl': True, 'devices_per_worker': 1, 'primary_resource': 'extra_gpu', 'gpu': False, 'verbose': False, 'lr_config': {'mode': 'log', 'steps': 5, 'initial_lr': 0.005, 'target_lr': 0.005}, 'batch_per_device': 512}",25.944923639297485,0,4,9250.209090059085,2,159.58400630950928
0.007667827606201172,0.08657433986663818,0.0027365565299987795,0.012491948750554299,0.01740143299102783,nan,0.0,0.04801312685012818,0.6837999820709229,0.9008863557815552,-0.6837999820709229,nan,0.0,nan,0.0,nan,0.0,0.6938599944114685,0.8574168640518189,nan,0.0,nan,0.0,60000,2,False,,,19,-0.9008863557815552,3bdc001886f34cffbfa34ae2aa0bacab,2019-05-30_14-20-26,1559251226,5.8491435050964355,139.48822617530823,27724,steropes,169.229.49.254,"{'starting_lr': 0.005, 'momentum': 0.9, 'weight_decay': 0.005, 'steps_per_iteration': None, 'pin': False, 'model_creator': None, 'target_batch_size': 1024, 'model_string': 'resnet18', 'min_batch_size': 512, 'dataset': 'CIFAR', 'placement': None, 'use_nccl': True, 'devices_per_worker': 1, 'primary_resource': 'extra_gpu', 'gpu': False, 'verbose': False, 'lr_config': {'mode': 'log', 'steps': 5, 'initial_lr': 0.005, 'target_lr': 0.005}, 'batch_per_device': 512}",31.79406714439392,0,5,9435.569833479662,2,171.28229331970215
0.008172762393951417,0.08697028160095215,0.0033736944198608397,0.012197827806278152,0.017186629772186282,nan,0.0,0.05184054374694824,0.6953999996185303,0.8679824880599976,-0.6953999996185303,nan,0.0,nan,0.0,nan,0.0,0.70169997215271,0.8374322169971467,nan,0.0,nan,0.0,60000,2,False,,,20,-0.8679824880599976,3bdc001886f34cffbfa34ae2aa0bacab,2019-05-30_14-20-32,1559251232,5.910134315490723,145.39836049079895,27724,steropes,169.229.49.254,"{'starting_lr': 0.005, 'momentum': 0.9, 'weight_decay': 0.005, 'steps_per_iteration': None, 'pin': False, 'model_creator': None, 'target_batch_size': 1024, 'model_string': 'resnet18', 'min_batch_size': 512, 'dataset': 'CIFAR', 'placement': None, 'use_nccl': True, 'devices_per_worker': 1, 'primary_resource': 'extra_gpu', 'gpu': False, 'verbose': False, 'lr_config': {'mode': 'log', 'steps': 5, 'initial_lr': 0.005, 'target_lr': 0.005}, 'batch_per_device': 512}",37.704201459884644,0,6,10226.160895183077,2,183.1025619506836
0.008060753345489502,0.08928054571151733,0.003846728801727295,0.012290263662532884,0.017803645133972167,nan,0.0,0.05200600624084473,0.7039999961853027,0.834829923439026,-0.7039999961853027,nan,0.0,nan,0.0,nan,0.0,0.7093999981880188,0.8212787306404115,nan,0.0,nan,0.0,60000,2,False,,,21,-0.834829923439026,3bdc001886f34cffbfa34ae2aa0bacab,2019-05-30_14-20-38,1559251238,5.9497411251068115,151.34810161590576,27724,steropes,169.229.49.254,"{'starting_lr': 0.005, 'momentum': 0.9, 'weight_decay': 0.005, 'steps_per_iteration': None, 'pin': False, 'model_creator': None, 'target_batch_size': 1024, 'model_string': 'resnet18', 'min_batch_size': 512, 'dataset': 'CIFAR', 'placement': None, 'use_nccl': True, 'devices_per_worker': 1, 'primary_resource': 'extra_gpu', 'gpu': False, 'verbose': False, 'lr_config': {'mode': 'log', 'steps': 5, 'initial_lr': 0.005, 'target_lr': 0.005}, 'batch_per_device': 512}",43.653942584991455,0,7,10253.65744113809,2,195.00204420089722
0.0072489619255065914,0.08639203310012818,0.0034652352333068848,0.012053482386530662,0.018141496181488036,nan,0.0,0.053889012336730956,0.7045999765396118,0.8412520783424378,-0.7045999765396118,nan,0.0,nan,0.0,nan,0.0,0.7133200168609619,0.8051546601772308,nan,0.0,nan,0.0,60000,2,False,,,22,-0.8412520783424378,3bdc001886f34cffbfa34ae2aa0bacab,2019-05-30_14-20-44,1559251244,5.806757926940918,157.15485954284668,27724,steropes,169.229.49.254,"{'starting_lr': 0.005, 'momentum': 0.9, 'weight_decay': 0.005, 'steps_per_iteration': None, 'pin': False, 'model_creator': None, 'target_batch_size': 1024, 'model_string': 'resnet18', 'min_batch_size': 512, 'dataset': 'CIFAR', 'placement': None, 'use_nccl': True, 'devices_per_worker': 1, 'primary_resource': 'extra_gpu', 'gpu': False, 'verbose': False, 'lr_config': {'mode': 'log', 'steps': 5, 'initial_lr': 0.005, 'target_lr': 0.005}, 'batch_per_device': 512}",49.46070051193237,0,8,10261.951121845517,2,206.61556005477905
0.007457029819488525,0.09270546436309815,0.0026352286338806154,0.013798638265960072,0.017186999320983887,nan,0.0,0.04988429546356201,0.7027999758720398,0.8360010131835938,-0.7027999758720398,nan,0.0,nan,0.0,nan,0.0,0.7187999486923218,0.788078533821106,nan,0.0,nan,0.0,60000,2,False,,,23,-0.8360010131835938,3bdc001886f34cffbfa34ae2aa0bacab,2019-05-30_14-20-50,1559251250,5.966418981552124,163.1212785243988,27724,steropes,169.229.49.254,"{'starting_lr': 0.005, 'momentum': 0.9, 'weight_decay': 0.005, 'steps_per_iteration': None, 'pin': False, 'model_creator': None, 'target_batch_size': 1024, 'model_string': 'resnet18', 'min_batch_size': 512, 'dataset': 'CIFAR', 'placement': None, 'use_nccl': True, 'devices_per_worker': 1, 'primary_resource': 'extra_gpu', 'gpu': False, 'verbose': False, 'lr_config': {'mode': 'log', 'steps': 5, 'initial_lr': 0.005, 'target_lr': 0.005}, 'batch_per_device': 512}",55.4271194934845,0,9,10175.493433206706,2,218.5483980178833
0.008376073837280274,0.08647512197494507,0.0033819437026977543,0.014578495706830705,0.017084670066833497,nan,0.0,0.04618139266967773,0.7145999670028687,0.8270698317527772,-0.7145999670028687,nan,0.0,nan,0.0,nan,0.0,0.7242599725723267,0.7750282050132751,nan,0.0,nan,0.0,60000,2,False,,,24,-0.8270698317527772,3bdc001886f34cffbfa34ae2aa0bacab,2019-05-30_14-20-55,1559251255,5.893134355545044,169.01441287994385,27724,steropes,169.229.49.254,"{'starting_lr': 0.005, 'momentum': 0.9, 'weight_decay': 0.005, 'steps_per_iteration': None, 'pin': False, 'model_creator': None, 'target_batch_size': 1024, 'model_string': 'resnet18', 'min_batch_size': 512, 'dataset': 'CIFAR', 'placement': None, 'use_nccl': True, 'devices_per_worker': 1, 'primary_resource': 'extra_gpu', 'gpu': False, 'verbose': False, 'lr_config': {'mode': 'log', 'steps': 5, 'initial_lr': 0.005, 'target_lr': 0.005}, 'batch_per_device': 512}",61.32025384902954,0,10,10160.333165007985,2,230.3346667289734
0.006898152828216552,0.08368117809295655,0.0026799798011779784,0.011931701582305287,0.015693914890289307,nan,0.0,0.04341316223144531,0.7138999700546265,0.8279025419712067,-0.7138999700546265,nan,0.0,nan,0.0,nan,0.0,0.7308399677276611,0.7566609109783173,nan,0.0,nan,0.0,60000,2,False,,,25,-0.8279025419712067,3bdc001886f34cffbfa34ae2aa0bacab,2019-05-30_14-21-01,1559251261,5.287283420562744,174.3016963005066,27724,steropes,169.229.49.254,"{'starting_lr': 0.005, 'momentum': 0.9, 'weight_decay': 0.005, 'steps_per_iteration': None, 'pin': False, 'model_creator': None, 'target_batch_size': 1024, 'model_string': 'resnet18', 'min_batch_size': 512, 'dataset': 'CIFAR', 'placement': None, 'use_nccl': True, 'devices_per_worker': 1, 'primary_resource': 'extra_gpu', 'gpu': False, 'verbose': False, 'lr_config': {'mode': 'log', 'steps': 5, 'initial_lr': 0.005, 'target_lr': 0.005}, 'batch_per_device': 512}",66.60753726959229,0,11,10379.282401602757,2,240.90923357009888
0.006867659091949463,0.08320976495742798,0.0028425216674804687,0.010634828586967624,0.015791189670562745,nan,0.0,0.04328892230987549,0.7184000015258789,0.7989461277008056,-0.7184000015258789,nan,0.0,nan,0.0,nan,0.0,0.7366199493408203,0.7459721109199524,nan,0.0,nan,0.0,60000,2,False,,,26,-0.7989461277008056,3bdc001886f34cffbfa34ae2aa0bacab,2019-05-30_14-21-06,1559251266,5.066610097885132,179.36830639839172,27724,steropes,169.229.49.254,"{'starting_lr': 0.005, 'momentum': 0.9, 'weight_decay': 0.005, 'steps_per_iteration': None, 'pin': False, 'model_creator': None, 'target_batch_size': 1024, 'model_string': 'resnet18', 'min_batch_size': 512, 'dataset': 'CIFAR', 'placement': None, 'use_nccl': True, 'devices_per_worker': 1, 'primary_resource': 'extra_gpu', 'gpu': False, 'verbose': False, 'lr_config': {'mode': 'log', 'steps': 5, 'initial_lr': 0.005, 'target_lr': 0.005}, 'batch_per_device': 512}",71.67414736747742,0,12,10706.408005709398,2,251.04245376586914
0.006914448738098144,0.08411885499954225,0.003454148769378662,0.010964301167702188,0.01610032320022583,nan,0.0,0.04437240362167358,0.7106999754905701,0.8236029447078705,-0.7106999754905701,nan,0.0,nan,0.0,nan,0.0,0.7396000027656555,0.7337084022331237,nan,0.0,nan,0.0,60000,2,False,,,27,-0.8236029447078705,3bdc001886f34cffbfa34ae2aa0bacab,2019-05-30_14-21-11,1559251271,5.207005023956299,184.57531142234802,27724,steropes,169.229.49.254,"{'starting_lr': 0.005, 'momentum': 0.9, 'weight_decay': 0.005, 'steps_per_iteration': None, 'pin': False, 'model_creator': None, 'target_batch_size': 1024, 'model_string': 'resnet18', 'min_batch_size': 512, 'dataset': 'CIFAR', 'placement': None, 'use_nccl': True, 'devices_per_worker': 1, 'primary_resource': 'extra_gpu', 'gpu': False, 'verbose': False, 'lr_config': {'mode': 'log', 'steps': 5, 'initial_lr': 0.005, 'target_lr': 0.005}, 'batch_per_device': 512}",76.88115239143372,0,13,10940.585008640062,2,261.45646381378174
0.006873941421508789,0.0834618330001831,0.0031673312187194824,0.010914196773451202,0.01598823070526123,nan,0.0,0.04427802562713623,0.7263000011444092,0.7924197496414185,-0.7263000011444092,nan,0.0,nan,0.0,nan,0.0,0.7435599565505981,0.7218688479137421,nan,0.0,nan,0.0,60000,2,False,,,28,-0.7924197496414185,3bdc001886f34cffbfa34ae2aa0bacab,2019-05-30_14-21-16,1559251276,5.15493106842041,189.73024249076843,27724,steropes,169.229.49.254,"{'starting_lr': 0.005, 'momentum': 0.9, 'weight_decay': 0.005, 'steps_per_iteration': None, 'pin': False, 'model_creator': None, 'target_batch_size': 1024, 'model_string': 'resnet18', 'min_batch_size': 512, 'dataset': 'CIFAR', 'placement': None, 'use_nccl': True, 'devices_per_worker': 1, 'primary_resource': 'extra_gpu', 'gpu': False, 'verbose': False, 'lr_config': {'mode': 'log', 'steps': 5, 'initial_lr': 0.005, 'target_lr': 0.005}, 'batch_per_device': 512}",82.03608345985413,0,14,11274.231254763783,2,271.76632595062256
0.007655394077301025,0.08597013950347901,0.0027924180030822754,0.011125289663976553,0.01671489477157593,nan,0.0,0.04449537992477417,0.7240999937057495,0.7901599064350129,-0.7240999937057495,nan,0.0,nan,0.0,nan,0.0,0.7497599720954895,0.7091554400730133,nan,0.0,nan,0.0,60000,2,False,,,29,-0.7901599064350129,3bdc001886f34cffbfa34ae2aa0bacab,2019-05-30_14-21-21,1559251281,5.282410144805908,195.01265263557434,27724,steropes,169.229.49.254,"{'starting_lr': 0.005, 'momentum': 0.9, 'weight_decay': 0.005, 'steps_per_iteration': None, 'pin': False, 'model_creator': None, 'target_batch_size': 1024, 'model_string': 'resnet18', 'min_batch_size': 512, 'dataset': 'CIFAR', 'placement': None, 'use_nccl': True, 'devices_per_worker': 1, 'primary_resource': 'extra_gpu', 'gpu': False, 'verbose': False, 'lr_config': {'mode': 'log', 'steps': 5, 'initial_lr': 0.005, 'target_lr': 0.005}, 'batch_per_device': 512}",87.31849360466003,0,15,11539.070701874502,2,282.3311462402344
0.007861924171447755,0.08334121704101563,0.0035263895988464355,0.010846502926884865,0.017338788509368895,nan,0.0,0.04798753261566162,0.7279999852180481,0.78359933218956,-0.7279999852180481,nan,0.0,nan,0.0,nan,0.0,0.7531799674034119,0.6936804433727264,nan,0.0,nan,0.0,60000,2,False,,,30,-0.78359933218956,3bdc001886f34cffbfa34ae2aa0bacab,2019-05-30_14-21-27,1559251287,5.511168956756592,200.52382159233093,27724,steropes,169.229.49.254,"{'starting_lr': 0.005, 'momentum': 0.9, 'weight_decay': 0.005, 'steps_per_iteration': None, 'pin': False, 'model_creator': None, 'target_batch_size': 1024, 'model_string': 'resnet18', 'min_batch_size': 512, 'dataset': 'CIFAR', 'placement': None, 'use_nccl': True, 'devices_per_worker': 1, 'primary_resource': 'extra_gpu', 'gpu': False, 'verbose': False, 'lr_config': {'mode': 'log', 'steps': 5, 'initial_lr': 0.005, 'target_lr': 0.005}, 'batch_per_device': 512}",92.82966256141663,0,16,11440.551951438767,2,293.35348415374756
0.00814676284790039,0.08874670267105103,0.0029647350311279297,0.011289766856602261,0.017717182636260986,nan,0.0,0.04698045253753662,0.7303999662399292,0.7798216176509858,-0.7303999662399292,nan,0.0,nan,0.0,nan,0.0,0.7551000118255615,0.6863579210472107,nan,0.0,nan,0.0,60000,2,False,,,31,-0.7798216176509858,3bdc001886f34cffbfa34ae2aa0bacab,2019-05-30_14-21-33,1559251293,5.64258074760437,206.1664023399353,27724,steropes,169.229.49.254,"{'starting_lr': 0.005, 'momentum': 0.9, 'weight_decay': 0.005, 'steps_per_iteration': None, 'pin': False, 'model_creator': None, 'target_batch_size': 1024, 'model_string': 'resnet18', 'min_batch_size': 512, 'dataset': 'CIFAR', 'placement': None, 'use_nccl': True, 'devices_per_worker': 1, 'primary_resource': 'extra_gpu', 'gpu': False, 'verbose': False, 'lr_config': {'mode': 'log', 'steps': 5, 'initial_lr': 0.005, 'target_lr': 0.005}, 'batch_per_device': 512}",98.472243309021,0,17,11194.663861519144,2,304.6386456489563
0.006976306438446045,0.08656401634216308,0.0032100677490234375,0.013043829372950962,0.016664004325866698,nan,0.0,0.04553641080856323,0.7312999963760376,0.7606537502288818,-0.7312999963760376,nan,0.0,nan,0.0,nan,0.0,0.7577999830245972,0.6791523151683807,nan,0.0,nan,0.0,60000,2,False,,,32,-0.7606537502288818,3bdc001886f34cffbfa34ae2aa0bacab,2019-05-30_14-21-39,1559251299,6.026354074478149,212.19275641441345,27724,steropes,169.229.49.254,"{'starting_lr': 0.005, 'momentum': 0.9, 'weight_decay': 0.005, 'steps_per_iteration': None, 'pin': False, 'model_creator': None, 'target_batch_size': 1024, 'model_string': 'resnet18', 'min_batch_size': 512, 'dataset': 'CIFAR', 'placement': None, 'use_nccl': True, 'devices_per_worker': 1, 'primary_resource': 'extra_gpu', 'gpu': False, 'verbose': False, 'lr_config': {'mode': 'log', 'steps': 5, 'initial_lr': 0.005, 'target_lr': 0.005}, 'batch_per_device': 512}",104.49859738349915,0,18,10862.548495493276,2,316.6913537979126
0.007304739952087403,0.09438828229904175,0.003106570243835449,0.011558435401137993,0.01679319143295288,nan,0.0,0.045801401138305664,0.7290999889373779,0.7711258869171143,-0.7290999889373779,nan,0.0,nan,0.0,nan,0.0,0.7662999629974365,0.6611010085678101,nan,0.0,nan,0.0,60000,2,False,,,33,-0.7711258869171143,3bdc001886f34cffbfa34ae2aa0bacab,2019-05-30_14-21-44,1559251304,5.632258653640747,217.8250150680542,27724,steropes,169.229.49.254,"{'starting_lr': 0.005, 'momentum': 0.9, 'weight_decay': 0.005, 'steps_per_iteration': None, 'pin': False, 'model_creator': None, 'target_batch_size': 1024, 'model_string': 'resnet18', 'min_batch_size': 512, 'dataset': 'CIFAR', 'placement': None, 'use_nccl': True, 'devices_per_worker': 1, 'primary_resource': 'extra_gpu', 'gpu': False, 'verbose': False, 'lr_config': {'mode': 'log', 'steps': 5, 'initial_lr': 0.005, 'target_lr': 0.005}, 'batch_per_device': 512}",110.13085603713989,0,19,10677.99840788683,2,327.9558711051941
0.008183670043945313,0.09040557146072387,0.004431724548339844,0.011928088810979103,0.017392420768737794,nan,0.0,0.05201416015625,0.7308999300003052,0.7733745519161225,-0.7308999300003052,nan,0.0,nan,0.0,nan,0.0,0.7683799862861633,0.6519524672698975,nan,0.0,nan,0.0,60000,2,False,,,34,-0.7733745519161225,3bdc001886f34cffbfa34ae2aa0bacab,2019-05-30_14-21-50,1559251310,5.581984519958496,223.4069995880127,27724,steropes,169.229.49.254,"{'starting_lr': 0.005, 'momentum': 0.9, 'weight_decay': 0.005, 'steps_per_iteration': None, 'pin': False, 'model_creator': None, 'target_batch_size': 1024, 'model_string': 'resnet18', 'min_batch_size': 512, 'dataset': 'CIFAR', 'placement': None, 'use_nccl': True, 'devices_per_worker': 1, 'primary_resource': 'extra_gpu', 'gpu': False, 'verbose': False, 'lr_config': {'mode': 'log', 'steps': 5, 'initial_lr': 0.005, 'target_lr': 0.005}, 'batch_per_device': 512}",115.71284055709839,0,20,10565.3410542897,2,339.1198401451111
0.008446645736694337,0.08529878854751587,0.003122484683990479,0.01346669391709931,0.017931365966796876,nan,0.0,0.04638051986694336,0.7483999729156494,0.7350891436100007,-0.7483999729156494,nan,0.0,nan,0.0,nan,0.0,0.7749199867248535,0.6358951564788818,nan,0.0,nan,0.0,60000,2,False,,,35,-0.7350891436100007,3bdc001886f34cffbfa34ae2aa0bacab,2019-05-30_14-21-56,1559251316,5.695680618286133,229.10268020629883,27724,steropes,169.229.49.254,"{'starting_lr': 0.005, 'momentum': 0.9, 'weight_decay': 0.005, 'steps_per_iteration': None, 'pin': False, 'model_creator': None, 'target_batch_size': 1024, 'model_string': 'resnet18', 'min_batch_size': 512, 'dataset': 'CIFAR', 'placement': None, 'use_nccl': True, 'devices_per_worker': 1, 'primary_resource': 'extra_gpu', 'gpu': False, 'verbose': False, 'lr_config': {'mode': 'log', 'steps': 5, 'initial_lr': 0.005, 'target_lr': 0.005}, 'batch_per_device': 512}",121.40852117538452,0,21,10497.128827900984,2,350.51120138168335
0.007801902294158936,0.08555455207824707,0.002543151378631592,0.014064628250744877,0.016936743259429933,nan,0.0,0.047639989852905275,0.7414000034332275,0.7499631407260895,-0.7414000034332275,nan,0.0,nan,0.0,nan,0.0,0.7768799662590027,0.6297573885440826,nan,0.0,nan,0.0,60000,2,False,,,36,-0.7499631407260895,3bdc001886f34cffbfa34ae2aa0bacab,2019-05-30_14-22-02,1559251322,5.9806506633758545,235.08333086967468,27724,steropes,169.229.49.254,"{'starting_lr': 0.005, 'momentum': 0.9, 'weight_decay': 0.005, 'steps_per_iteration': None, 'pin': False, 'model_creator': None, 'target_batch_size': 1024, 'model_string': 'resnet18', 'min_batch_size': 512, 'dataset': 'CIFAR', 'placement': None, 'use_nccl': True, 'devices_per_worker': 1, 'primary_resource': 'extra_gpu', 'gpu': False, 'verbose': False, 'lr_config': {'mode': 'log', 'steps': 5, 'initial_lr': 0.005, 'target_lr': 0.005}, 'batch_per_device': 512}",127.38917183876038,0,22,10374.406309872978,2,362.47250270843506
0.007096123695373535,0.08506399393081665,0.002555561065673828,0.011814022550777514,0.016191065311431885,nan,0.0,0.04444440603256225,0.732699990272522,0.7643600341796875,-0.732699990272522,nan,0.0,nan,0.0,nan,0.0,0.7808799743652344,0.6164493564891815,nan,0.0,nan,0.0,60000,2,False,,,37,-0.7643600341796875,3bdc001886f34cffbfa34ae2aa0bacab,2019-05-30_14-22-07,1559251327,5.656338214874268,240.73966908454895,27724,steropes,169.229.49.254,"{'starting_lr': 0.005, 'momentum': 0.9, 'weight_decay': 0.005, 'steps_per_iteration': None, 'pin': False, 'model_creator': None, 'target_batch_size': 1024, 'model_string': 'resnet18', 'min_batch_size': 512, 'dataset': 'CIFAR', 'placement': None, 'use_nccl': True, 'devices_per_worker': 1, 'primary_resource': 'extra_gpu', 'gpu': False, 'verbose': False, 'lr_config': {'mode': 'log', 'steps': 5, 'initial_lr': 0.005, 'target_lr': 0.005}, 'batch_per_device': 512}",133.04551005363464,0,23,10508.872952449794,2,373.7851791381836
0.007782506942749023,0.08383125066757202,0.002746009826660156,0.011991216211902852,0.017974710464477538,nan,0.0,0.04626317024230957,0.7470999956130981,0.7234635678291321,-0.7470999956130981,nan,0.0,nan,0.0,nan,0.0,0.7844599485397339,0.6094588582420348,nan,0.0,nan,0.0,60000,2,False,,,38,-0.7234635678291321,3bdc001886f34cffbfa34ae2aa0bacab,2019-05-30_14-22-13,1559251333,5.5529944896698,246.29266357421875,27724,steropes,169.229.49.254,"{'starting_lr': 0.005, 'momentum': 0.9, 'weight_decay': 0.005, 'steps_per_iteration': None, 'pin': False, 'model_creator': None, 'target_batch_size': 1024, 'model_string': 'resnet18', 'min_batch_size': 512, 'dataset': 'CIFAR', 'placement': None, 'use_nccl': True, 'devices_per_worker': 1, 'primary_resource': 'extra_gpu', 'gpu': False, 'verbose': False, 'lr_config': {'mode': 'log', 'steps': 5, 'initial_lr': 0.005, 'target_lr': 0.005}, 'batch_per_device': 512}",138.59850454330444,0,24,10538.134352094336,2,384.8911681175232
0.008606970310211182,0.08181043863296508,0.0026274800300598146,0.011948848257259448,0.017275762557983396,nan,0.0,0.04818904399871826,0.7418999671936035,0.7409161282539367,-0.7418999671936035,nan,0.0,nan,0.0,nan,0.0,0.7897399663925171,0.5982586191654204,nan,0.0,nan,0.0,60000,2,False,,,39,-0.7409161282539367,3bdc001886f34cffbfa34ae2aa0bacab,2019-05-30_14-22-18,1559251338,5.484647989273071,251.77731156349182,27724,steropes,169.229.49.254,"{'starting_lr': 0.005, 'momentum': 0.9, 'weight_decay': 0.005, 'steps_per_iteration': None, 'pin': False, 'model_creator': None, 'target_batch_size': 1024, 'model_string': 'resnet18', 'min_batch_size': 512, 'dataset': 'CIFAR', 'placement': None, 'use_nccl': True, 'devices_per_worker': 1, 'primary_resource': 'extra_gpu', 'gpu': False, 'verbose': False, 'lr_config': {'mode': 'log', 'steps': 5, 'initial_lr': 0.005, 'target_lr': 0.005}, 'batch_per_device': 512}",144.08315253257751,0,25,10574.290337924429,2,395.86046409606934
0.008115541934967042,0.09056630134582519,0.003069901466369629,0.01197548788421008,0.01798349618911743,nan,0.0,0.050056052207946775,0.7498999834060669,0.7159326835155487,-0.7498999834060669,nan,0.0,nan,0.0,nan,0.0,0.7937799692153931,0.587155385465622,nan,0.0,nan,0.0,60000,2,True,,,40,-0.7159326835155487,3bdc001886f34cffbfa34ae2aa0bacab,2019-05-30_14-22-24,1559251344,5.6492602825164795,257.4265718460083,27724,steropes,169.229.49.254,"{'starting_lr': 0.005, 'momentum': 0.9, 'weight_decay': 0.005, 'steps_per_iteration': None, 'pin': False, 'model_creator': None, 'target_batch_size': 1024, 'model_string': 'resnet18', 'min_batch_size': 512, 'dataset': 'CIFAR', 'placement': None, 'use_nccl': True, 'devices_per_worker': 1, 'primary_resource': 'extra_gpu', 'gpu': False, 'verbose': False, 'lr_config': {'mode': 'log', 'steps': 5, 'initial_lr': 0.005, 'target_lr': 0.005}, 'batch_per_device': 512}",149.732412815094,0,26,10591.618281973124,2,407.1589846611023
