{"apply": 0.008142733573913574, "batch_time": 0.1668363094329834, "d2h": 0.004261922836303711, "data_time": 0.03758348250875668, "fwd": 0.07703051567077637, "get_state_time_mean": NaN, "get_state_time_total": 0.0, "grad": 0.1604449510574341, "mean_accuracy": 0.39640000462532043, "mean_loss": 1.6490381591796874, "neg_mean_accuracy": -0.39640000462532043, "set_state_time_mean": NaN, "set_state_time_total": 0.0, "setup_model_time_mean": 9.815468072891235, "setup_model_time_total": 9.815468072891235, "setup_proc_time_mean": 0.14466547966003418, "setup_proc_time_total": 0.14466547966003418, "train_accuracy": 0.2633199989795685, "train_loss": 2.593453577041626, "training_time_mean": NaN, "training_time_total": 0.0, "validation_time_mean": NaN, "validation_time_total": 0.0, "samples": 60000, "num_workers": 1, "done": false, "timesteps_total": null, "episodes_total": null, "training_iteration": 1, "neg_mean_loss": -1.6490381591796874, "experiment_id": "3bdc001886f34cffbfa34ae2aa0bacab", "date": "2019-05-30_14-17-58", "timestamp": 1559251078, "time_this_iter_s": 11.145566701889038, "time_total_s": 11.145566701889038, "pid": 21737, "hostname": "steropes", "node_ip": "169.229.49.254", "config": {"starting_lr": 0.005, "momentum": 0.9, "weight_decay": 0.005, "steps_per_iteration": null, "pin": false, "model_creator": null, "target_batch_size": 1024, "model_string": "resnet18", "min_batch_size": 512, "dataset": "CIFAR", "placement": null, "use_nccl": true, "devices_per_worker": 1, "primary_resource": "extra_gpu", "gpu": false, "verbose": false, "lr_config": {"mode": "log", "steps": 5, "initial_lr": 0.005, "target_lr": 0.005}, "batch_per_device": 1024}, "time_since_restore": 11.145566701889038, "timesteps_since_restore": 0, "iterations_since_restore": 1, "mean_throughput": 5383.237257156621, "atoms": 1, "resource_time": 11.145566701889038}
{"apply": 0.007518100738525391, "batch_time": 0.1277463912963867, "d2h": 0.004591059684753418, "data_time": 0.043097627406217615, "fwd": 0.022069168090820313, "get_state_time_mean": NaN, "get_state_time_total": 0.0, "grad": 0.04177689552307129, "mean_accuracy": 0.4640999734401703, "mean_loss": 1.4484179851531982, "neg_mean_accuracy": -0.4640999734401703, "set_state_time_mean": NaN, "set_state_time_total": 0.0, "setup_model_time_mean": NaN, "setup_model_time_total": 0.0, "setup_proc_time_mean": NaN, "setup_proc_time_total": 0.0, "train_accuracy": 0.41509997844696045, "train_loss": 1.5863331185531617, "training_time_mean": NaN, "training_time_total": 0.0, "validation_time_mean": NaN, "validation_time_total": 0.0, "samples": 60000, "num_workers": 1, "done": false, "timesteps_total": null, "episodes_total": null, "training_iteration": 2, "neg_mean_loss": -1.4484179851531982, "experiment_id": "3bdc001886f34cffbfa34ae2aa0bacab", "date": "2019-05-30_14-18-05", "timestamp": 1559251085, "time_this_iter_s": 7.356807470321655, "time_total_s": 18.502374172210693, "pid": 21737, "hostname": "steropes", "node_ip": "169.229.49.254", "config": {"starting_lr": 0.005, "momentum": 0.9, "weight_decay": 0.005, "steps_per_iteration": null, "pin": false, "model_creator": null, "target_batch_size": 1024, "model_string": "resnet18", "min_batch_size": 512, "dataset": "CIFAR", "placement": null, "use_nccl": true, "devices_per_worker": 1, "primary_resource": "extra_gpu", "gpu": false, "verbose": false, "lr_config": {"mode": "log", "steps": 5, "initial_lr": 0.005, "target_lr": 0.005}, "batch_per_device": 1024}, "time_since_restore": 18.502374172210693, "timesteps_since_restore": 0, "iterations_since_restore": 2, "mean_throughput": 6485.5778575988725, "atoms": 1, "resource_time": 18.502374172210693}
{"apply": 0.007794904708862305, "batch_time": 0.11618843078613281, "d2h": 0.0053311347961425785, "data_time": 0.03991401438810387, "fwd": 0.02119119167327881, "get_state_time_mean": NaN, "get_state_time_total": 0.0, "grad": 0.04244394302368164, "mean_accuracy": 0.4982999861240387, "mean_loss": 1.3645579858779908, "neg_mean_accuracy": -0.4982999861240387, "set_state_time_mean": NaN, "set_state_time_total": 0.0, "setup_model_time_mean": NaN, "setup_model_time_total": 0.0, "setup_proc_time_mean": NaN, "setup_proc_time_total": 0.0, "train_accuracy": 0.4642399847507477, "train_loss": 1.4603103420639039, "training_time_mean": NaN, "training_time_total": 0.0, "validation_time_mean": NaN, "validation_time_total": 0.0, "samples": 60000, "num_workers": 1, "done": false, "timesteps_total": null, "episodes_total": null, "training_iteration": 3, "neg_mean_loss": -1.3645579858779908, "experiment_id": "3bdc001886f34cffbfa34ae2aa0bacab", "date": "2019-05-30_14-18-12", "timestamp": 1559251092, "time_this_iter_s": 7.072647571563721, "time_total_s": 25.575021743774414, "pid": 21737, "hostname": "steropes", "node_ip": "169.229.49.254", "config": {"starting_lr": 0.005, "momentum": 0.9, "weight_decay": 0.005, "steps_per_iteration": null, "pin": false, "model_creator": null, "target_batch_size": 1024, "model_string": "resnet18", "min_batch_size": 512, "dataset": "CIFAR", "placement": null, "use_nccl": true, "devices_per_worker": 1, "primary_resource": "extra_gpu", "gpu": false, "verbose": false, "lr_config": {"mode": "log", "steps": 5, "initial_lr": 0.005, "target_lr": 0.005}, "batch_per_device": 1024}, "time_since_restore": 25.575021743774414, "timesteps_since_restore": 0, "iterations_since_restore": 3, "mean_throughput": 7038.032020556888, "atoms": 1, "resource_time": 25.575021743774414}
{"apply": 0.007970547676086426, "batch_time": 0.1149512767791748, "d2h": 0.005257534980773926, "data_time": 0.03810828072684152, "fwd": 0.021624231338500978, "get_state_time_mean": NaN, "get_state_time_total": 0.0, "grad": 0.04282524585723877, "mean_accuracy": 0.5304999947547913, "mean_loss": 1.283097989654541, "neg_mean_accuracy": -0.5304999947547913, "set_state_time_mean": NaN, "set_state_time_total": 0.0, "setup_model_time_mean": NaN, "setup_model_time_total": 0.0, "setup_proc_time_mean": NaN, "setup_proc_time_total": 0.0, "train_accuracy": 0.5016399621963501, "train_loss": 1.3723941470336913, "training_time_mean": NaN, "training_time_total": 0.0, "validation_time_mean": NaN, "validation_time_total": 0.0, "samples": 60000, "num_workers": 1, "done": false, "timesteps_total": null, "episodes_total": null, "training_iteration": 4, "neg_mean_loss": -1.283097989654541, "experiment_id": "3bdc001886f34cffbfa34ae2aa0bacab", "date": "2019-05-30_14-18-19", "timestamp": 1559251099, "time_this_iter_s": 7.072164058685303, "time_total_s": 32.64718580245972, "pid": 21737, "hostname": "steropes", "node_ip": "169.229.49.254", "config": {"starting_lr": 0.005, "momentum": 0.9, "weight_decay": 0.005, "steps_per_iteration": null, "pin": false, "model_creator": null, "target_batch_size": 1024, "model_string": "resnet18", "min_batch_size": 512, "dataset": "CIFAR", "placement": null, "use_nccl": true, "devices_per_worker": 1, "primary_resource": "extra_gpu", "gpu": false, "verbose": false, "lr_config": {"mode": "log", "steps": 5, "initial_lr": 0.005, "target_lr": 0.005}, "batch_per_device": 1024}, "time_since_restore": 32.64718580245972, "timesteps_since_restore": 0, "iterations_since_restore": 4, "mean_throughput": 7351.233480303286, "atoms": 1, "resource_time": 32.64718580245972}
{"apply": 0.007407689094543457, "batch_time": 0.11776418685913086, "d2h": 0.00534214973449707, "data_time": 0.037224283023756376, "fwd": 0.02195143699645996, "get_state_time_mean": NaN, "get_state_time_total": 0.0, "grad": 0.04322285652160644, "mean_accuracy": 0.5503999590873718, "mean_loss": 1.2363517839431764, "neg_mean_accuracy": -0.5503999590873718, "set_state_time_mean": NaN, "set_state_time_total": 0.0, "setup_model_time_mean": NaN, "setup_model_time_total": 0.0, "setup_proc_time_mean": NaN, "setup_proc_time_total": 0.0, "train_accuracy": 0.5311799645423889, "train_loss": 1.2935229314041137, "training_time_mean": NaN, "training_time_total": 0.0, "validation_time_mean": NaN, "validation_time_total": 0.0, "samples": 60000, "num_workers": 1, "done": false, "timesteps_total": null, "episodes_total": null, "training_iteration": 5, "neg_mean_loss": -1.2363517839431764, "experiment_id": "3bdc001886f34cffbfa34ae2aa0bacab", "date": "2019-05-30_14-18-26", "timestamp": 1559251106, "time_this_iter_s": 7.206904888153076, "time_total_s": 39.85409069061279, "pid": 21737, "hostname": "steropes", "node_ip": "169.229.49.254", "config": {"starting_lr": 0.005, "momentum": 0.9, "weight_decay": 0.005, "steps_per_iteration": null, "pin": false, "model_creator": null, "target_batch_size": 1024, "model_string": "resnet18", "min_batch_size": 512, "dataset": "CIFAR", "placement": null, "use_nccl": true, "devices_per_worker": 1, "primary_resource": "extra_gpu", "gpu": false, "verbose": false, "lr_config": {"mode": "log", "steps": 5, "initial_lr": 0.005, "target_lr": 0.005}, "batch_per_device": 1024}, "time_since_restore": 39.85409069061279, "timesteps_since_restore": 0, "iterations_since_restore": 5, "mean_throughput": 7527.3394095692665, "atoms": 1, "resource_time": 39.85409069061279}
{"apply": 0.008510756492614745, "batch_time": 0.12182958126068115, "d2h": 0.005832505226135254, "data_time": 0.038224468425828585, "fwd": 0.02266838550567627, "get_state_time_mean": NaN, "get_state_time_total": 0.0, "grad": 0.0513594388961792, "mean_accuracy": 0.5511000156402588, "mean_loss": 1.2615124345779418, "neg_mean_accuracy": -0.5511000156402588, "set_state_time_mean": NaN, "set_state_time_total": 0.0, "setup_model_time_mean": NaN, "setup_model_time_total": 0.0, "setup_proc_time_mean": NaN, "setup_proc_time_total": 0.0, "train_accuracy": 0.5494199991226196, "train_loss": 1.2395881521224976, "training_time_mean": NaN, "training_time_total": 0.0, "validation_time_mean": NaN, "validation_time_total": 0.0, "samples": 60000, "num_workers": 1, "done": false, "timesteps_total": null, "episodes_total": null, "training_iteration": 6, "neg_mean_loss": -1.2615124345779418, "experiment_id": "3bdc001886f34cffbfa34ae2aa0bacab", "date": "2019-05-30_14-18-34", "timestamp": 1559251114, "time_this_iter_s": 7.425408363342285, "time_total_s": 47.27949905395508, "pid": 21737, "hostname": "steropes", "node_ip": "169.229.49.254", "config": {"starting_lr": 0.005, "momentum": 0.9, "weight_decay": 0.005, "steps_per_iteration": null, "pin": false, "model_creator": null, "target_batch_size": 1024, "model_string": "resnet18", "min_batch_size": 512, "dataset": "CIFAR", "placement": null, "use_nccl": true, "devices_per_worker": 1, "primary_resource": "extra_gpu", "gpu": false, "verbose": false, "lr_config": {"mode": "log", "steps": 5, "initial_lr": 0.005, "target_lr": 0.005}, "batch_per_device": 1024}, "time_since_restore": 47.27949905395508, "timesteps_since_restore": 0, "iterations_since_restore": 6, "mean_throughput": 8302.314572564224, "atoms": 1, "resource_time": 47.27949905395508}
{"apply": 0.008739471435546875, "batch_time": 0.11724543571472168, "d2h": 0.004892683029174805, "data_time": 0.045250065472661236, "fwd": 0.02240276336669922, "get_state_time_mean": NaN, "get_state_time_total": 0.0, "grad": 0.04595680236816406, "mean_accuracy": 0.5852999687194824, "mean_loss": 1.1566373992919923, "neg_mean_accuracy": -0.5852999687194824, "set_state_time_mean": NaN, "set_state_time_total": 0.0, "setup_model_time_mean": NaN, "setup_model_time_total": 0.0, "setup_proc_time_mean": NaN, "setup_proc_time_total": 0.0, "train_accuracy": 0.5693599581718445, "train_loss": 1.1891009061431885, "training_time_mean": NaN, "training_time_total": 0.0, "validation_time_mean": NaN, "validation_time_total": 0.0, "samples": 60000, "num_workers": 1, "done": false, "timesteps_total": null, "episodes_total": null, "training_iteration": 7, "neg_mean_loss": -1.1566373992919923, "experiment_id": "3bdc001886f34cffbfa34ae2aa0bacab", "date": "2019-05-30_14-18-42", "timestamp": 1559251122, "time_this_iter_s": 7.673022270202637, "time_total_s": 54.952521324157715, "pid": 21737, "hostname": "steropes", "node_ip": "169.229.49.254", "config": {"starting_lr": 0.005, "momentum": 0.9, "weight_decay": 0.005, "steps_per_iteration": null, "pin": false, "model_creator": null, "target_batch_size": 1024, "model_string": "resnet18", "min_batch_size": 512, "dataset": "CIFAR", "placement": null, "use_nccl": true, "devices_per_worker": 1, "primary_resource": "extra_gpu", "gpu": false, "verbose": false, "lr_config": {"mode": "log", "steps": 5, "initial_lr": 0.005, "target_lr": 0.005}, "batch_per_device": 1024}, "time_since_restore": 54.952521324157715, "timesteps_since_restore": 0, "iterations_since_restore": 7, "mean_throughput": 8230.289277559346, "atoms": 1, "resource_time": 54.952521324157715}
{"apply": 0.008601498603820801, "batch_time": 0.11830337047576904, "d2h": 0.005359196662902832, "data_time": 0.0394828952088648, "fwd": 0.025175762176513673, "get_state_time_mean": NaN, "get_state_time_total": 0.0, "grad": 0.04427626132965088, "mean_accuracy": 0.6013999581336975, "mean_loss": 1.118510023880005, "neg_mean_accuracy": -0.6013999581336975, "set_state_time_mean": NaN, "set_state_time_total": 0.0, "setup_model_time_mean": NaN, "setup_model_time_total": 0.0, "setup_proc_time_mean": NaN, "setup_proc_time_total": 0.0, "train_accuracy": 0.5894599556922913, "train_loss": 1.1393844585037232, "training_time_mean": NaN, "training_time_total": 0.0, "validation_time_mean": NaN, "validation_time_total": 0.0, "samples": 60000, "num_workers": 1, "done": false, "timesteps_total": null, "episodes_total": null, "training_iteration": 8, "neg_mean_loss": -1.118510023880005, "experiment_id": "3bdc001886f34cffbfa34ae2aa0bacab", "date": "2019-05-30_14-18-49", "timestamp": 1559251129, "time_this_iter_s": 7.479368209838867, "time_total_s": 62.43188953399658, "pid": 21737, "hostname": "steropes", "node_ip": "169.229.49.254", "config": {"starting_lr": 0.005, "momentum": 0.9, "weight_decay": 0.005, "steps_per_iteration": null, "pin": false, "model_creator": null, "target_batch_size": 1024, "model_string": "resnet18", "min_batch_size": 512, "dataset": "CIFAR", "placement": null, "use_nccl": true, "devices_per_worker": 1, "primary_resource": "extra_gpu", "gpu": false, "verbose": false, "lr_config": {"mode": "log", "steps": 5, "initial_lr": 0.005, "target_lr": 0.005}, "batch_per_device": 1024}, "time_since_restore": 62.43188953399658, "timesteps_since_restore": 0, "iterations_since_restore": 8, "mean_throughput": 8139.466473808973, "atoms": 1, "resource_time": 62.43188953399658}
{"apply": 0.008255553245544434, "batch_time": 0.11736865043640136, "d2h": 0.005920243263244629, "data_time": 0.04410158858007314, "fwd": 0.02191016674041748, "get_state_time_mean": NaN, "get_state_time_total": 0.0, "grad": 0.04452016353607178, "mean_accuracy": 0.6028000116348267, "mean_loss": 1.1210908256530763, "neg_mean_accuracy": -0.6028000116348267, "set_state_time_mean": NaN, "set_state_time_total": 0.0, "setup_model_time_mean": NaN, "setup_model_time_total": 0.0, "setup_proc_time_mean": NaN, "setup_proc_time_total": 0.0, "train_accuracy": 0.6029599905014038, "train_loss": 1.1035083016586305, "training_time_mean": NaN, "training_time_total": 0.0, "validation_time_mean": NaN, "validation_time_total": 0.0, "samples": 60000, "num_workers": 1, "done": false, "timesteps_total": null, "episodes_total": null, "training_iteration": 9, "neg_mean_loss": -1.1210908256530763, "experiment_id": "3bdc001886f34cffbfa34ae2aa0bacab", "date": "2019-05-30_14-18-57", "timestamp": 1559251137, "time_this_iter_s": 7.665115118026733, "time_total_s": 70.09700465202332, "pid": 21737, "hostname": "steropes", "node_ip": "169.229.49.254", "config": {"starting_lr": 0.005, "momentum": 0.9, "weight_decay": 0.005, "steps_per_iteration": null, "pin": false, "model_creator": null, "target_batch_size": 1024, "model_string": "resnet18", "min_batch_size": 512, "dataset": "CIFAR", "placement": null, "use_nccl": true, "devices_per_worker": 1, "primary_resource": "extra_gpu", "gpu": false, "verbose": false, "lr_config": {"mode": "log", "steps": 5, "initial_lr": 0.005, "target_lr": 0.005}, "batch_per_device": 1024}, "time_since_restore": 70.09700465202332, "timesteps_since_restore": 0, "iterations_since_restore": 9, "mean_throughput": 8010.593691131106, "atoms": 1, "resource_time": 70.09700465202332}
{"apply": 0.00859084129333496, "batch_time": 0.11975903511047363, "d2h": 0.005231976509094238, "data_time": 0.03907094196397431, "fwd": 0.02221217155456543, "get_state_time_mean": NaN, "get_state_time_total": 0.0, "grad": 0.04623856544494629, "mean_accuracy": 0.6193999648094177, "mean_loss": 1.0631727712631225, "neg_mean_accuracy": -0.6193999648094177, "set_state_time_mean": NaN, "set_state_time_total": 0.0, "setup_model_time_mean": NaN, "setup_model_time_total": 0.0, "setup_proc_time_mean": NaN, "setup_proc_time_total": 0.0, "train_accuracy": 0.6177200078964233, "train_loss": 1.0694176635360717, "training_time_mean": NaN, "training_time_total": 0.0, "validation_time_mean": NaN, "validation_time_total": 0.0, "samples": 60000, "num_workers": 1, "done": false, "timesteps_total": null, "episodes_total": null, "training_iteration": 10, "neg_mean_loss": -1.0631727712631225, "experiment_id": "3bdc001886f34cffbfa34ae2aa0bacab", "date": "2019-05-30_14-19-04", "timestamp": 1559251144, "time_this_iter_s": 7.4694905281066895, "time_total_s": 77.56649518013, "pid": 21737, "hostname": "steropes", "node_ip": "169.229.49.254", "config": {"starting_lr": 0.005, "momentum": 0.9, "weight_decay": 0.005, "steps_per_iteration": null, "pin": false, "model_creator": null, "target_batch_size": 1024, "model_string": "resnet18", "min_batch_size": 512, "dataset": "CIFAR", "placement": null, "use_nccl": true, "devices_per_worker": 1, "primary_resource": "extra_gpu", "gpu": false, "verbose": false, "lr_config": {"mode": "log", "steps": 5, "initial_lr": 0.005, "target_lr": 0.005}, "batch_per_device": 1024}, "time_since_restore": 77.56649518013, "timesteps_since_restore": 0, "iterations_since_restore": 10, "mean_throughput": 7954.848261361968, "atoms": 1, "resource_time": 77.56649518013}
{"apply": 0.007789397239685058, "batch_time": 0.13603997230529785, "d2h": 0.005666851997375488, "data_time": 0.04035667983853087, "fwd": 0.021393823623657226, "get_state_time_mean": NaN, "get_state_time_total": 0.0, "grad": 0.043817877769470215, "mean_accuracy": 0.6376999616622925, "mean_loss": 1.0000083772659303, "neg_mean_accuracy": -0.6376999616622925, "set_state_time_mean": NaN, "set_state_time_total": 0.0, "setup_model_time_mean": NaN, "setup_model_time_total": 0.0, "setup_proc_time_mean": NaN, "setup_proc_time_total": 0.0, "train_accuracy": 0.6283000111579895, "train_loss": 1.035607234840393, "training_time_mean": NaN, "training_time_total": 0.0, "validation_time_mean": NaN, "validation_time_total": 0.0, "samples": 60000, "num_workers": 1, "done": false, "timesteps_total": null, "episodes_total": null, "training_iteration": 11, "neg_mean_loss": -1.0000083772659303, "experiment_id": "3bdc001886f34cffbfa34ae2aa0bacab", "date": "2019-05-30_14-19-12", "timestamp": 1559251152, "time_this_iter_s": 7.558900356292725, "time_total_s": 85.12539553642273, "pid": 21737, "hostname": "steropes", "node_ip": "169.229.49.254", "config": {"starting_lr": 0.005, "momentum": 0.9, "weight_decay": 0.005, "steps_per_iteration": null, "pin": false, "model_creator": null, "target_batch_size": 1024, "model_string": "resnet18", "min_batch_size": 512, "dataset": "CIFAR", "placement": null, "use_nccl": true, "devices_per_worker": 1, "primary_resource": "extra_gpu", "gpu": false, "verbose": false, "lr_config": {"mode": "log", "steps": 5, "initial_lr": 0.005, "target_lr": 0.005}, "batch_per_device": 1024}, "time_since_restore": 85.12539553642273, "timesteps_since_restore": 0, "iterations_since_restore": 11, "mean_throughput": 7926.789592044287, "atoms": 1, "resource_time": 85.12539553642273}
{"apply": 0.008556532859802245, "batch_time": 0.12401187419891357, "d2h": 0.006757688522338867, "data_time": 0.042387762848211795, "fwd": 0.022910571098327635, "get_state_time_mean": NaN, "get_state_time_total": 0.0, "grad": 0.047507500648498534, "mean_accuracy": 0.6450999975204468, "mean_loss": 0.9907633254051208, "neg_mean_accuracy": -0.6450999975204468, "set_state_time_mean": NaN, "set_state_time_total": 0.0, "setup_model_time_mean": NaN, "setup_model_time_total": 0.0, "setup_proc_time_mean": NaN, "setup_proc_time_total": 0.0, "train_accuracy": 0.6409199833869934, "train_loss": 1.0062469519805908, "training_time_mean": NaN, "training_time_total": 0.0, "validation_time_mean": NaN, "validation_time_total": 0.0, "samples": 60000, "num_workers": 1, "done": false, "timesteps_total": null, "episodes_total": null, "training_iteration": 12, "neg_mean_loss": -0.9907633254051208, "experiment_id": "3bdc001886f34cffbfa34ae2aa0bacab", "date": "2019-05-30_14-19-19", "timestamp": 1559251159, "time_this_iter_s": 7.629090785980225, "time_total_s": 92.75448632240295, "pid": 21737, "hostname": "steropes", "node_ip": "169.229.49.254", "config": {"starting_lr": 0.005, "momentum": 0.9, "weight_decay": 0.005, "steps_per_iteration": null, "pin": false, "model_creator": null, "target_batch_size": 1024, "model_string": "resnet18", "min_batch_size": 512, "dataset": "CIFAR", "placement": null, "use_nccl": true, "devices_per_worker": 1, "primary_resource": "extra_gpu", "gpu": false, "verbose": false, "lr_config": {"mode": "log", "steps": 5, "initial_lr": 0.005, "target_lr": 0.005}, "batch_per_device": 1024}, "time_since_restore": 92.75448632240295, "timesteps_since_restore": 0, "iterations_since_restore": 12, "mean_throughput": 7936.00203760469, "atoms": 1, "resource_time": 92.75448632240295}
{"apply": 0.008807802200317382, "batch_time": 0.11968793869018554, "d2h": 0.0051737546920776365, "data_time": 0.0403518871385224, "fwd": 0.021728372573852538, "get_state_time_mean": NaN, "get_state_time_total": 0.0, "grad": 0.04714393615722656, "mean_accuracy": 0.65829998254776, "mean_loss": 0.9582755604743958, "neg_mean_accuracy": -0.65829998254776, "set_state_time_mean": NaN, "set_state_time_total": 0.0, "setup_model_time_mean": NaN, "setup_model_time_total": 0.0, "setup_proc_time_mean": NaN, "setup_proc_time_total": 0.0, "train_accuracy": 0.6501599550247192, "train_loss": 0.9776678638648987, "training_time_mean": NaN, "training_time_total": 0.0, "validation_time_mean": NaN, "validation_time_total": 0.0, "samples": 60000, "num_workers": 1, "done": false, "timesteps_total": null, "episodes_total": null, "training_iteration": 13, "neg_mean_loss": -0.9582755604743958, "experiment_id": "3bdc001886f34cffbfa34ae2aa0bacab", "date": "2019-05-30_14-19-27", "timestamp": 1559251167, "time_this_iter_s": 7.539010047912598, "time_total_s": 100.29349637031555, "pid": 21737, "hostname": "steropes", "node_ip": "169.229.49.254", "config": {"starting_lr": 0.005, "momentum": 0.9, "weight_decay": 0.005, "steps_per_iteration": null, "pin": false, "model_creator": null, "target_batch_size": 1024, "model_string": "resnet18", "min_batch_size": 512, "dataset": "CIFAR", "placement": null, "use_nccl": true, "devices_per_worker": 1, "primary_resource": "extra_gpu", "gpu": false, "verbose": false, "lr_config": {"mode": "log", "steps": 5, "initial_lr": 0.005, "target_lr": 0.005}, "batch_per_device": 1024}, "time_since_restore": 100.29349637031555, "timesteps_since_restore": 0, "iterations_since_restore": 13, "mean_throughput": 7923.505266371968, "atoms": 1, "resource_time": 100.29349637031555}
{"apply": 0.007734251022338867, "batch_time": 0.12185182571411132, "d2h": 0.0051141023635864254, "data_time": 0.03836785530557438, "fwd": 0.02252938747406006, "get_state_time_mean": NaN, "get_state_time_total": 0.0, "grad": 0.04363553524017334, "mean_accuracy": 0.6466999650001526, "mean_loss": 0.9939664503097534, "neg_mean_accuracy": -0.6466999650001526, "set_state_time_mean": NaN, "set_state_time_total": 0.0, "setup_model_time_mean": NaN, "setup_model_time_total": 0.0, "setup_proc_time_mean": NaN, "setup_proc_time_total": 0.0, "train_accuracy": 0.6596399545669556, "train_loss": 0.9547384678077698, "training_time_mean": NaN, "training_time_total": 0.0, "validation_time_mean": NaN, "validation_time_total": 0.0, "samples": 60000, "num_workers": 1, "done": false, "timesteps_total": null, "episodes_total": null, "training_iteration": 14, "neg_mean_loss": -0.9939664503097534, "experiment_id": "3bdc001886f34cffbfa34ae2aa0bacab", "date": "2019-05-30_14-19-34", "timestamp": 1559251174, "time_this_iter_s": 7.400662660598755, "time_total_s": 107.6941590309143, "pid": 21737, "hostname": "steropes", "node_ip": "169.229.49.254", "config": {"starting_lr": 0.005, "momentum": 0.9, "weight_decay": 0.005, "steps_per_iteration": null, "pin": false, "model_creator": null, "target_batch_size": 1024, "model_string": "resnet18", "min_batch_size": 512, "dataset": "CIFAR", "placement": null, "use_nccl": true, "devices_per_worker": 1, "primary_resource": "extra_gpu", "gpu": false, "verbose": false, "lr_config": {"mode": "log", "steps": 5, "initial_lr": 0.005, "target_lr": 0.005}, "batch_per_device": 1024}, "time_since_restore": 107.6941590309143, "timesteps_since_restore": 0, "iterations_since_restore": 14, "mean_throughput": 7979.238994813046, "atoms": 1, "resource_time": 107.6941590309143}
{"apply": 0.00781174898147583, "batch_time": 0.11268219947814942, "d2h": 0.0031734585762023928, "data_time": 0.012511022236882424, "fwd": 0.05384085178375244, "get_state_time_mean": NaN, "get_state_time_total": 0.0, "grad": 0.11758260726928711, "mean_accuracy": 0.6708999872207642, "mean_loss": 0.9350851393222809, "neg_mean_accuracy": -0.6708999872207642, "set_state_time_mean": 3.3521337509155273, "set_state_time_total": 3.3521337509155273, "setup_model_time_mean": 10.392961621284485, "setup_model_time_total": 10.392961621284485, "setup_proc_time_mean": 1.451969027519226, "setup_proc_time_total": 1.451969027519226, "train_accuracy": 0.6645599603652954, "train_loss": 0.9374919384002686, "training_time_mean": NaN, "training_time_total": 0.0, "validation_time_mean": NaN, "validation_time_total": 0.0, "samples": 60000, "num_workers": 2, "done": false, "timesteps_total": null, "episodes_total": null, "training_iteration": 15, "neg_mean_loss": -0.9350851393222809, "experiment_id": "3bdc001886f34cffbfa34ae2aa0bacab", "date": "2019-05-30_14-20-02", "timestamp": 1559251202, "time_this_iter_s": 8.368156909942627, "time_total_s": 116.06231594085693, "pid": 27724, "hostname": "steropes", "node_ip": "169.229.49.254", "config": {"starting_lr": 0.005, "momentum": 0.9, "weight_decay": 0.005, "steps_per_iteration": null, "pin": false, "model_creator": null, "target_batch_size": 1024, "model_string": "resnet18", "min_batch_size": 512, "dataset": "CIFAR", "placement": null, "use_nccl": true, "devices_per_worker": 1, "primary_resource": "extra_gpu", "gpu": false, "verbose": false, "lr_config": {"mode": "log", "steps": 5, "initial_lr": 0.005, "target_lr": 0.005}, "batch_per_device": 512}, "time_since_restore": 8.368156909942627, "timesteps_since_restore": 0, "iterations_since_restore": 1, "mean_throughput": 7169.932433327581, "atoms": 2, "resource_time": 124.43047285079956}
{"apply": 0.007392096519470214, "batch_time": 0.09352883100509643, "d2h": 0.002852654457092285, "data_time": 0.012811573184266383, "fwd": 0.018770885467529298, "get_state_time_mean": NaN, "get_state_time_total": 0.0, "grad": 0.0487757682800293, "mean_accuracy": 0.6773999929428101, "mean_loss": 0.9284560000896454, "neg_mean_accuracy": -0.6773999929428101, "set_state_time_mean": NaN, "set_state_time_total": 0.0, "setup_model_time_mean": NaN, "setup_model_time_total": 0.0, "setup_proc_time_mean": NaN, "setup_proc_time_total": 0.0, "train_accuracy": 0.6738200187683105, "train_loss": 0.915969673166275, "training_time_mean": NaN, "training_time_total": 0.0, "validation_time_mean": NaN, "validation_time_total": 0.0, "samples": 60000, "num_workers": 2, "done": false, "timesteps_total": null, "episodes_total": null, "training_iteration": 16, "neg_mean_loss": -0.9284560000896454, "experiment_id": "3bdc001886f34cffbfa34ae2aa0bacab", "date": "2019-05-30_14-20-09", "timestamp": 1559251209, "time_this_iter_s": 6.028407335281372, "time_total_s": 122.0907232761383, "pid": 27724, "hostname": "steropes", "node_ip": "169.229.49.254", "config": {"starting_lr": 0.005, "momentum": 0.9, "weight_decay": 0.005, "steps_per_iteration": null, "pin": false, "model_creator": null, "target_batch_size": 1024, "model_string": "resnet18", "min_batch_size": 512, "dataset": "CIFAR", "placement": null, "use_nccl": true, "devices_per_worker": 1, "primary_resource": "extra_gpu", "gpu": false, "verbose": false, "lr_config": {"mode": "log", "steps": 5, "initial_lr": 0.005, "target_lr": 0.005}, "batch_per_device": 512}, "time_since_restore": 14.396564245223999, "timesteps_since_restore": 0, "iterations_since_restore": 2, "mean_throughput": 8335.206416292418, "atoms": 2, "resource_time": 136.4872875213623}
{"apply": 0.007928180694580077, "batch_time": 0.08464158773422242, "d2h": 0.0030575156211853026, "data_time": 0.01269901771934665, "fwd": 0.017216432094573974, "get_state_time_mean": NaN, "get_state_time_total": 0.0, "grad": 0.04750298261642456, "mean_accuracy": 0.687000036239624, "mean_loss": 0.8953161559581757, "neg_mean_accuracy": -0.687000036239624, "set_state_time_mean": NaN, "set_state_time_total": 0.0, "setup_model_time_mean": NaN, "setup_model_time_total": 0.0, "setup_proc_time_mean": NaN, "setup_proc_time_total": 0.0, "train_accuracy": 0.6860399842262268, "train_loss": 0.8874606134796142, "training_time_mean": NaN, "training_time_total": 0.0, "validation_time_mean": NaN, "validation_time_total": 0.0, "samples": 60000, "num_workers": 2, "done": false, "timesteps_total": null, "episodes_total": null, "training_iteration": 17, "neg_mean_loss": -0.8953161559581757, "experiment_id": "3bdc001886f34cffbfa34ae2aa0bacab", "date": "2019-05-30_14-20-14", "timestamp": 1559251214, "time_this_iter_s": 5.830333709716797, "time_total_s": 127.9210569858551, "pid": 27724, "hostname": "steropes", "node_ip": "169.229.49.254", "config": {"starting_lr": 0.005, "momentum": 0.9, "weight_decay": 0.005, "steps_per_iteration": null, "pin": false, "model_creator": null, "target_batch_size": 1024, "model_string": "resnet18", "min_batch_size": 512, "dataset": "CIFAR", "placement": null, "use_nccl": true, "devices_per_worker": 1, "primary_resource": "extra_gpu", "gpu": false, "verbose": false, "lr_config": {"mode": "log", "steps": 5, "initial_lr": 0.005, "target_lr": 0.005}, "batch_per_device": 512}, "time_since_restore": 20.226897954940796, "timesteps_since_restore": 0, "iterations_since_restore": 3, "mean_throughput": 8898.883422656754, "atoms": 2, "resource_time": 148.1479549407959}
{"apply": 0.008289670944213868, "batch_time": 0.08730976581573487, "d2h": 0.0027277588844299315, "data_time": 0.012520184322279327, "fwd": 0.01705876588821411, "get_state_time_mean": NaN, "get_state_time_total": 0.0, "grad": 0.04611259698867798, "mean_accuracy": 0.6789000034332275, "mean_loss": 0.9121415559768677, "neg_mean_accuracy": -0.6789000034332275, "set_state_time_mean": NaN, "set_state_time_total": 0.0, "setup_model_time_mean": NaN, "setup_model_time_total": 0.0, "setup_proc_time_mean": NaN, "setup_proc_time_total": 0.0, "train_accuracy": 0.6919800043106079, "train_loss": 0.8677239562511444, "training_time_mean": NaN, "training_time_total": 0.0, "validation_time_mean": NaN, "validation_time_total": 0.0, "samples": 60000, "num_workers": 2, "done": false, "timesteps_total": null, "episodes_total": null, "training_iteration": 18, "neg_mean_loss": -0.9121415559768677, "experiment_id": "3bdc001886f34cffbfa34ae2aa0bacab", "date": "2019-05-30_14-20-20", "timestamp": 1559251220, "time_this_iter_s": 5.7180256843566895, "time_total_s": 133.6390826702118, "pid": 27724, "hostname": "steropes", "node_ip": "169.229.49.254", "config": {"starting_lr": 0.005, "momentum": 0.9, "weight_decay": 0.005, "steps_per_iteration": null, "pin": false, "model_creator": null, "target_batch_size": 1024, "model_string": "resnet18", "min_batch_size": 512, "dataset": "CIFAR", "placement": null, "use_nccl": true, "devices_per_worker": 1, "primary_resource": "extra_gpu", "gpu": false, "verbose": false, "lr_config": {"mode": "log", "steps": 5, "initial_lr": 0.005, "target_lr": 0.005}, "batch_per_device": 512}, "time_since_restore": 25.944923639297485, "timesteps_since_restore": 0, "iterations_since_restore": 4, "mean_throughput": 9250.209090059085, "atoms": 2, "resource_time": 159.58400630950928}
{"apply": 0.007667827606201172, "batch_time": 0.08657433986663818, "d2h": 0.0027365565299987795, "data_time": 0.012491948750554299, "fwd": 0.01740143299102783, "get_state_time_mean": NaN, "get_state_time_total": 0.0, "grad": 0.04801312685012818, "mean_accuracy": 0.6837999820709229, "mean_loss": 0.9008863557815552, "neg_mean_accuracy": -0.6837999820709229, "set_state_time_mean": NaN, "set_state_time_total": 0.0, "setup_model_time_mean": NaN, "setup_model_time_total": 0.0, "setup_proc_time_mean": NaN, "setup_proc_time_total": 0.0, "train_accuracy": 0.6938599944114685, "train_loss": 0.8574168640518189, "training_time_mean": NaN, "training_time_total": 0.0, "validation_time_mean": NaN, "validation_time_total": 0.0, "samples": 60000, "num_workers": 2, "done": false, "timesteps_total": null, "episodes_total": null, "training_iteration": 19, "neg_mean_loss": -0.9008863557815552, "experiment_id": "3bdc001886f34cffbfa34ae2aa0bacab", "date": "2019-05-30_14-20-26", "timestamp": 1559251226, "time_this_iter_s": 5.8491435050964355, "time_total_s": 139.48822617530823, "pid": 27724, "hostname": "steropes", "node_ip": "169.229.49.254", "config": {"starting_lr": 0.005, "momentum": 0.9, "weight_decay": 0.005, "steps_per_iteration": null, "pin": false, "model_creator": null, "target_batch_size": 1024, "model_string": "resnet18", "min_batch_size": 512, "dataset": "CIFAR", "placement": null, "use_nccl": true, "devices_per_worker": 1, "primary_resource": "extra_gpu", "gpu": false, "verbose": false, "lr_config": {"mode": "log", "steps": 5, "initial_lr": 0.005, "target_lr": 0.005}, "batch_per_device": 512}, "time_since_restore": 31.79406714439392, "timesteps_since_restore": 0, "iterations_since_restore": 5, "mean_throughput": 9435.569833479662, "atoms": 2, "resource_time": 171.28229331970215}
{"apply": 0.008172762393951417, "batch_time": 0.08697028160095215, "d2h": 0.0033736944198608397, "data_time": 0.012197827806278152, "fwd": 0.017186629772186282, "get_state_time_mean": NaN, "get_state_time_total": 0.0, "grad": 0.05184054374694824, "mean_accuracy": 0.6953999996185303, "mean_loss": 0.8679824880599976, "neg_mean_accuracy": -0.6953999996185303, "set_state_time_mean": NaN, "set_state_time_total": 0.0, "setup_model_time_mean": NaN, "setup_model_time_total": 0.0, "setup_proc_time_mean": NaN, "setup_proc_time_total": 0.0, "train_accuracy": 0.70169997215271, "train_loss": 0.8374322169971467, "training_time_mean": NaN, "training_time_total": 0.0, "validation_time_mean": NaN, "validation_time_total": 0.0, "samples": 60000, "num_workers": 2, "done": false, "timesteps_total": null, "episodes_total": null, "training_iteration": 20, "neg_mean_loss": -0.8679824880599976, "experiment_id": "3bdc001886f34cffbfa34ae2aa0bacab", "date": "2019-05-30_14-20-32", "timestamp": 1559251232, "time_this_iter_s": 5.910134315490723, "time_total_s": 145.39836049079895, "pid": 27724, "hostname": "steropes", "node_ip": "169.229.49.254", "config": {"starting_lr": 0.005, "momentum": 0.9, "weight_decay": 0.005, "steps_per_iteration": null, "pin": false, "model_creator": null, "target_batch_size": 1024, "model_string": "resnet18", "min_batch_size": 512, "dataset": "CIFAR", "placement": null, "use_nccl": true, "devices_per_worker": 1, "primary_resource": "extra_gpu", "gpu": false, "verbose": false, "lr_config": {"mode": "log", "steps": 5, "initial_lr": 0.005, "target_lr": 0.005}, "batch_per_device": 512}, "time_since_restore": 37.704201459884644, "timesteps_since_restore": 0, "iterations_since_restore": 6, "mean_throughput": 10226.160895183077, "atoms": 2, "resource_time": 183.1025619506836}
{"apply": 0.008060753345489502, "batch_time": 0.08928054571151733, "d2h": 0.003846728801727295, "data_time": 0.012290263662532884, "fwd": 0.017803645133972167, "get_state_time_mean": NaN, "get_state_time_total": 0.0, "grad": 0.05200600624084473, "mean_accuracy": 0.7039999961853027, "mean_loss": 0.834829923439026, "neg_mean_accuracy": -0.7039999961853027, "set_state_time_mean": NaN, "set_state_time_total": 0.0, "setup_model_time_mean": NaN, "setup_model_time_total": 0.0, "setup_proc_time_mean": NaN, "setup_proc_time_total": 0.0, "train_accuracy": 0.7093999981880188, "train_loss": 0.8212787306404115, "training_time_mean": NaN, "training_time_total": 0.0, "validation_time_mean": NaN, "validation_time_total": 0.0, "samples": 60000, "num_workers": 2, "done": false, "timesteps_total": null, "episodes_total": null, "training_iteration": 21, "neg_mean_loss": -0.834829923439026, "experiment_id": "3bdc001886f34cffbfa34ae2aa0bacab", "date": "2019-05-30_14-20-38", "timestamp": 1559251238, "time_this_iter_s": 5.9497411251068115, "time_total_s": 151.34810161590576, "pid": 27724, "hostname": "steropes", "node_ip": "169.229.49.254", "config": {"starting_lr": 0.005, "momentum": 0.9, "weight_decay": 0.005, "steps_per_iteration": null, "pin": false, "model_creator": null, "target_batch_size": 1024, "model_string": "resnet18", "min_batch_size": 512, "dataset": "CIFAR", "placement": null, "use_nccl": true, "devices_per_worker": 1, "primary_resource": "extra_gpu", "gpu": false, "verbose": false, "lr_config": {"mode": "log", "steps": 5, "initial_lr": 0.005, "target_lr": 0.005}, "batch_per_device": 512}, "time_since_restore": 43.653942584991455, "timesteps_since_restore": 0, "iterations_since_restore": 7, "mean_throughput": 10253.65744113809, "atoms": 2, "resource_time": 195.00204420089722}
{"apply": 0.0072489619255065914, "batch_time": 0.08639203310012818, "d2h": 0.0034652352333068848, "data_time": 0.012053482386530662, "fwd": 0.018141496181488036, "get_state_time_mean": NaN, "get_state_time_total": 0.0, "grad": 0.053889012336730956, "mean_accuracy": 0.7045999765396118, "mean_loss": 0.8412520783424378, "neg_mean_accuracy": -0.7045999765396118, "set_state_time_mean": NaN, "set_state_time_total": 0.0, "setup_model_time_mean": NaN, "setup_model_time_total": 0.0, "setup_proc_time_mean": NaN, "setup_proc_time_total": 0.0, "train_accuracy": 0.7133200168609619, "train_loss": 0.8051546601772308, "training_time_mean": NaN, "training_time_total": 0.0, "validation_time_mean": NaN, "validation_time_total": 0.0, "samples": 60000, "num_workers": 2, "done": false, "timesteps_total": null, "episodes_total": null, "training_iteration": 22, "neg_mean_loss": -0.8412520783424378, "experiment_id": "3bdc001886f34cffbfa34ae2aa0bacab", "date": "2019-05-30_14-20-44", "timestamp": 1559251244, "time_this_iter_s": 5.806757926940918, "time_total_s": 157.15485954284668, "pid": 27724, "hostname": "steropes", "node_ip": "169.229.49.254", "config": {"starting_lr": 0.005, "momentum": 0.9, "weight_decay": 0.005, "steps_per_iteration": null, "pin": false, "model_creator": null, "target_batch_size": 1024, "model_string": "resnet18", "min_batch_size": 512, "dataset": "CIFAR", "placement": null, "use_nccl": true, "devices_per_worker": 1, "primary_resource": "extra_gpu", "gpu": false, "verbose": false, "lr_config": {"mode": "log", "steps": 5, "initial_lr": 0.005, "target_lr": 0.005}, "batch_per_device": 512}, "time_since_restore": 49.46070051193237, "timesteps_since_restore": 0, "iterations_since_restore": 8, "mean_throughput": 10261.951121845517, "atoms": 2, "resource_time": 206.61556005477905}
{"apply": 0.007457029819488525, "batch_time": 0.09270546436309815, "d2h": 0.0026352286338806154, "data_time": 0.013798638265960072, "fwd": 0.017186999320983887, "get_state_time_mean": NaN, "get_state_time_total": 0.0, "grad": 0.04988429546356201, "mean_accuracy": 0.7027999758720398, "mean_loss": 0.8360010131835938, "neg_mean_accuracy": -0.7027999758720398, "set_state_time_mean": NaN, "set_state_time_total": 0.0, "setup_model_time_mean": NaN, "setup_model_time_total": 0.0, "setup_proc_time_mean": NaN, "setup_proc_time_total": 0.0, "train_accuracy": 0.7187999486923218, "train_loss": 0.788078533821106, "training_time_mean": NaN, "training_time_total": 0.0, "validation_time_mean": NaN, "validation_time_total": 0.0, "samples": 60000, "num_workers": 2, "done": false, "timesteps_total": null, "episodes_total": null, "training_iteration": 23, "neg_mean_loss": -0.8360010131835938, "experiment_id": "3bdc001886f34cffbfa34ae2aa0bacab", "date": "2019-05-30_14-20-50", "timestamp": 1559251250, "time_this_iter_s": 5.966418981552124, "time_total_s": 163.1212785243988, "pid": 27724, "hostname": "steropes", "node_ip": "169.229.49.254", "config": {"starting_lr": 0.005, "momentum": 0.9, "weight_decay": 0.005, "steps_per_iteration": null, "pin": false, "model_creator": null, "target_batch_size": 1024, "model_string": "resnet18", "min_batch_size": 512, "dataset": "CIFAR", "placement": null, "use_nccl": true, "devices_per_worker": 1, "primary_resource": "extra_gpu", "gpu": false, "verbose": false, "lr_config": {"mode": "log", "steps": 5, "initial_lr": 0.005, "target_lr": 0.005}, "batch_per_device": 512}, "time_since_restore": 55.4271194934845, "timesteps_since_restore": 0, "iterations_since_restore": 9, "mean_throughput": 10175.493433206706, "atoms": 2, "resource_time": 218.5483980178833}
{"apply": 0.008376073837280274, "batch_time": 0.08647512197494507, "d2h": 0.0033819437026977543, "data_time": 0.014578495706830705, "fwd": 0.017084670066833497, "get_state_time_mean": NaN, "get_state_time_total": 0.0, "grad": 0.04618139266967773, "mean_accuracy": 0.7145999670028687, "mean_loss": 0.8270698317527772, "neg_mean_accuracy": -0.7145999670028687, "set_state_time_mean": NaN, "set_state_time_total": 0.0, "setup_model_time_mean": NaN, "setup_model_time_total": 0.0, "setup_proc_time_mean": NaN, "setup_proc_time_total": 0.0, "train_accuracy": 0.7242599725723267, "train_loss": 0.7750282050132751, "training_time_mean": NaN, "training_time_total": 0.0, "validation_time_mean": NaN, "validation_time_total": 0.0, "samples": 60000, "num_workers": 2, "done": false, "timesteps_total": null, "episodes_total": null, "training_iteration": 24, "neg_mean_loss": -0.8270698317527772, "experiment_id": "3bdc001886f34cffbfa34ae2aa0bacab", "date": "2019-05-30_14-20-55", "timestamp": 1559251255, "time_this_iter_s": 5.893134355545044, "time_total_s": 169.01441287994385, "pid": 27724, "hostname": "steropes", "node_ip": "169.229.49.254", "config": {"starting_lr": 0.005, "momentum": 0.9, "weight_decay": 0.005, "steps_per_iteration": null, "pin": false, "model_creator": null, "target_batch_size": 1024, "model_string": "resnet18", "min_batch_size": 512, "dataset": "CIFAR", "placement": null, "use_nccl": true, "devices_per_worker": 1, "primary_resource": "extra_gpu", "gpu": false, "verbose": false, "lr_config": {"mode": "log", "steps": 5, "initial_lr": 0.005, "target_lr": 0.005}, "batch_per_device": 512}, "time_since_restore": 61.32025384902954, "timesteps_since_restore": 0, "iterations_since_restore": 10, "mean_throughput": 10160.333165007985, "atoms": 2, "resource_time": 230.3346667289734}
{"apply": 0.006898152828216552, "batch_time": 0.08368117809295655, "d2h": 0.0026799798011779784, "data_time": 0.011931701582305287, "fwd": 0.015693914890289307, "get_state_time_mean": NaN, "get_state_time_total": 0.0, "grad": 0.04341316223144531, "mean_accuracy": 0.7138999700546265, "mean_loss": 0.8279025419712067, "neg_mean_accuracy": -0.7138999700546265, "set_state_time_mean": NaN, "set_state_time_total": 0.0, "setup_model_time_mean": NaN, "setup_model_time_total": 0.0, "setup_proc_time_mean": NaN, "setup_proc_time_total": 0.0, "train_accuracy": 0.7308399677276611, "train_loss": 0.7566609109783173, "training_time_mean": NaN, "training_time_total": 0.0, "validation_time_mean": NaN, "validation_time_total": 0.0, "samples": 60000, "num_workers": 2, "done": false, "timesteps_total": null, "episodes_total": null, "training_iteration": 25, "neg_mean_loss": -0.8279025419712067, "experiment_id": "3bdc001886f34cffbfa34ae2aa0bacab", "date": "2019-05-30_14-21-01", "timestamp": 1559251261, "time_this_iter_s": 5.287283420562744, "time_total_s": 174.3016963005066, "pid": 27724, "hostname": "steropes", "node_ip": "169.229.49.254", "config": {"starting_lr": 0.005, "momentum": 0.9, "weight_decay": 0.005, "steps_per_iteration": null, "pin": false, "model_creator": null, "target_batch_size": 1024, "model_string": "resnet18", "min_batch_size": 512, "dataset": "CIFAR", "placement": null, "use_nccl": true, "devices_per_worker": 1, "primary_resource": "extra_gpu", "gpu": false, "verbose": false, "lr_config": {"mode": "log", "steps": 5, "initial_lr": 0.005, "target_lr": 0.005}, "batch_per_device": 512}, "time_since_restore": 66.60753726959229, "timesteps_since_restore": 0, "iterations_since_restore": 11, "mean_throughput": 10379.282401602757, "atoms": 2, "resource_time": 240.90923357009888}
{"apply": 0.006867659091949463, "batch_time": 0.08320976495742798, "d2h": 0.0028425216674804687, "data_time": 0.010634828586967624, "fwd": 0.015791189670562745, "get_state_time_mean": NaN, "get_state_time_total": 0.0, "grad": 0.04328892230987549, "mean_accuracy": 0.7184000015258789, "mean_loss": 0.7989461277008056, "neg_mean_accuracy": -0.7184000015258789, "set_state_time_mean": NaN, "set_state_time_total": 0.0, "setup_model_time_mean": NaN, "setup_model_time_total": 0.0, "setup_proc_time_mean": NaN, "setup_proc_time_total": 0.0, "train_accuracy": 0.7366199493408203, "train_loss": 0.7459721109199524, "training_time_mean": NaN, "training_time_total": 0.0, "validation_time_mean": NaN, "validation_time_total": 0.0, "samples": 60000, "num_workers": 2, "done": false, "timesteps_total": null, "episodes_total": null, "training_iteration": 26, "neg_mean_loss": -0.7989461277008056, "experiment_id": "3bdc001886f34cffbfa34ae2aa0bacab", "date": "2019-05-30_14-21-06", "timestamp": 1559251266, "time_this_iter_s": 5.066610097885132, "time_total_s": 179.36830639839172, "pid": 27724, "hostname": "steropes", "node_ip": "169.229.49.254", "config": {"starting_lr": 0.005, "momentum": 0.9, "weight_decay": 0.005, "steps_per_iteration": null, "pin": false, "model_creator": null, "target_batch_size": 1024, "model_string": "resnet18", "min_batch_size": 512, "dataset": "CIFAR", "placement": null, "use_nccl": true, "devices_per_worker": 1, "primary_resource": "extra_gpu", "gpu": false, "verbose": false, "lr_config": {"mode": "log", "steps": 5, "initial_lr": 0.005, "target_lr": 0.005}, "batch_per_device": 512}, "time_since_restore": 71.67414736747742, "timesteps_since_restore": 0, "iterations_since_restore": 12, "mean_throughput": 10706.408005709398, "atoms": 2, "resource_time": 251.04245376586914}
{"apply": 0.006914448738098144, "batch_time": 0.08411885499954225, "d2h": 0.003454148769378662, "data_time": 0.010964301167702188, "fwd": 0.01610032320022583, "get_state_time_mean": NaN, "get_state_time_total": 0.0, "grad": 0.04437240362167358, "mean_accuracy": 0.7106999754905701, "mean_loss": 0.8236029447078705, "neg_mean_accuracy": -0.7106999754905701, "set_state_time_mean": NaN, "set_state_time_total": 0.0, "setup_model_time_mean": NaN, "setup_model_time_total": 0.0, "setup_proc_time_mean": NaN, "setup_proc_time_total": 0.0, "train_accuracy": 0.7396000027656555, "train_loss": 0.7337084022331237, "training_time_mean": NaN, "training_time_total": 0.0, "validation_time_mean": NaN, "validation_time_total": 0.0, "samples": 60000, "num_workers": 2, "done": false, "timesteps_total": null, "episodes_total": null, "training_iteration": 27, "neg_mean_loss": -0.8236029447078705, "experiment_id": "3bdc001886f34cffbfa34ae2aa0bacab", "date": "2019-05-30_14-21-11", "timestamp": 1559251271, "time_this_iter_s": 5.207005023956299, "time_total_s": 184.57531142234802, "pid": 27724, "hostname": "steropes", "node_ip": "169.229.49.254", "config": {"starting_lr": 0.005, "momentum": 0.9, "weight_decay": 0.005, "steps_per_iteration": null, "pin": false, "model_creator": null, "target_batch_size": 1024, "model_string": "resnet18", "min_batch_size": 512, "dataset": "CIFAR", "placement": null, "use_nccl": true, "devices_per_worker": 1, "primary_resource": "extra_gpu", "gpu": false, "verbose": false, "lr_config": {"mode": "log", "steps": 5, "initial_lr": 0.005, "target_lr": 0.005}, "batch_per_device": 512}, "time_since_restore": 76.88115239143372, "timesteps_since_restore": 0, "iterations_since_restore": 13, "mean_throughput": 10940.585008640062, "atoms": 2, "resource_time": 261.45646381378174}
{"apply": 0.006873941421508789, "batch_time": 0.0834618330001831, "d2h": 0.0031673312187194824, "data_time": 0.010914196773451202, "fwd": 0.01598823070526123, "get_state_time_mean": NaN, "get_state_time_total": 0.0, "grad": 0.04427802562713623, "mean_accuracy": 0.7263000011444092, "mean_loss": 0.7924197496414185, "neg_mean_accuracy": -0.7263000011444092, "set_state_time_mean": NaN, "set_state_time_total": 0.0, "setup_model_time_mean": NaN, "setup_model_time_total": 0.0, "setup_proc_time_mean": NaN, "setup_proc_time_total": 0.0, "train_accuracy": 0.7435599565505981, "train_loss": 0.7218688479137421, "training_time_mean": NaN, "training_time_total": 0.0, "validation_time_mean": NaN, "validation_time_total": 0.0, "samples": 60000, "num_workers": 2, "done": false, "timesteps_total": null, "episodes_total": null, "training_iteration": 28, "neg_mean_loss": -0.7924197496414185, "experiment_id": "3bdc001886f34cffbfa34ae2aa0bacab", "date": "2019-05-30_14-21-16", "timestamp": 1559251276, "time_this_iter_s": 5.15493106842041, "time_total_s": 189.73024249076843, "pid": 27724, "hostname": "steropes", "node_ip": "169.229.49.254", "config": {"starting_lr": 0.005, "momentum": 0.9, "weight_decay": 0.005, "steps_per_iteration": null, "pin": false, "model_creator": null, "target_batch_size": 1024, "model_string": "resnet18", "min_batch_size": 512, "dataset": "CIFAR", "placement": null, "use_nccl": true, "devices_per_worker": 1, "primary_resource": "extra_gpu", "gpu": false, "verbose": false, "lr_config": {"mode": "log", "steps": 5, "initial_lr": 0.005, "target_lr": 0.005}, "batch_per_device": 512}, "time_since_restore": 82.03608345985413, "timesteps_since_restore": 0, "iterations_since_restore": 14, "mean_throughput": 11274.231254763783, "atoms": 2, "resource_time": 271.76632595062256}
{"apply": 0.007655394077301025, "batch_time": 0.08597013950347901, "d2h": 0.0027924180030822754, "data_time": 0.011125289663976553, "fwd": 0.01671489477157593, "get_state_time_mean": NaN, "get_state_time_total": 0.0, "grad": 0.04449537992477417, "mean_accuracy": 0.7240999937057495, "mean_loss": 0.7901599064350129, "neg_mean_accuracy": -0.7240999937057495, "set_state_time_mean": NaN, "set_state_time_total": 0.0, "setup_model_time_mean": NaN, "setup_model_time_total": 0.0, "setup_proc_time_mean": NaN, "setup_proc_time_total": 0.0, "train_accuracy": 0.7497599720954895, "train_loss": 0.7091554400730133, "training_time_mean": NaN, "training_time_total": 0.0, "validation_time_mean": NaN, "validation_time_total": 0.0, "samples": 60000, "num_workers": 2, "done": false, "timesteps_total": null, "episodes_total": null, "training_iteration": 29, "neg_mean_loss": -0.7901599064350129, "experiment_id": "3bdc001886f34cffbfa34ae2aa0bacab", "date": "2019-05-30_14-21-21", "timestamp": 1559251281, "time_this_iter_s": 5.282410144805908, "time_total_s": 195.01265263557434, "pid": 27724, "hostname": "steropes", "node_ip": "169.229.49.254", "config": {"starting_lr": 0.005, "momentum": 0.9, "weight_decay": 0.005, "steps_per_iteration": null, "pin": false, "model_creator": null, "target_batch_size": 1024, "model_string": "resnet18", "min_batch_size": 512, "dataset": "CIFAR", "placement": null, "use_nccl": true, "devices_per_worker": 1, "primary_resource": "extra_gpu", "gpu": false, "verbose": false, "lr_config": {"mode": "log", "steps": 5, "initial_lr": 0.005, "target_lr": 0.005}, "batch_per_device": 512}, "time_since_restore": 87.31849360466003, "timesteps_since_restore": 0, "iterations_since_restore": 15, "mean_throughput": 11539.070701874502, "atoms": 2, "resource_time": 282.3311462402344}
{"apply": 0.007861924171447755, "batch_time": 0.08334121704101563, "d2h": 0.0035263895988464355, "data_time": 0.010846502926884865, "fwd": 0.017338788509368895, "get_state_time_mean": NaN, "get_state_time_total": 0.0, "grad": 0.04798753261566162, "mean_accuracy": 0.7279999852180481, "mean_loss": 0.78359933218956, "neg_mean_accuracy": -0.7279999852180481, "set_state_time_mean": NaN, "set_state_time_total": 0.0, "setup_model_time_mean": NaN, "setup_model_time_total": 0.0, "setup_proc_time_mean": NaN, "setup_proc_time_total": 0.0, "train_accuracy": 0.7531799674034119, "train_loss": 0.6936804433727264, "training_time_mean": NaN, "training_time_total": 0.0, "validation_time_mean": NaN, "validation_time_total": 0.0, "samples": 60000, "num_workers": 2, "done": false, "timesteps_total": null, "episodes_total": null, "training_iteration": 30, "neg_mean_loss": -0.78359933218956, "experiment_id": "3bdc001886f34cffbfa34ae2aa0bacab", "date": "2019-05-30_14-21-27", "timestamp": 1559251287, "time_this_iter_s": 5.511168956756592, "time_total_s": 200.52382159233093, "pid": 27724, "hostname": "steropes", "node_ip": "169.229.49.254", "config": {"starting_lr": 0.005, "momentum": 0.9, "weight_decay": 0.005, "steps_per_iteration": null, "pin": false, "model_creator": null, "target_batch_size": 1024, "model_string": "resnet18", "min_batch_size": 512, "dataset": "CIFAR", "placement": null, "use_nccl": true, "devices_per_worker": 1, "primary_resource": "extra_gpu", "gpu": false, "verbose": false, "lr_config": {"mode": "log", "steps": 5, "initial_lr": 0.005, "target_lr": 0.005}, "batch_per_device": 512}, "time_since_restore": 92.82966256141663, "timesteps_since_restore": 0, "iterations_since_restore": 16, "mean_throughput": 11440.551951438767, "atoms": 2, "resource_time": 293.35348415374756}
{"apply": 0.00814676284790039, "batch_time": 0.08874670267105103, "d2h": 0.0029647350311279297, "data_time": 0.011289766856602261, "fwd": 0.017717182636260986, "get_state_time_mean": NaN, "get_state_time_total": 0.0, "grad": 0.04698045253753662, "mean_accuracy": 0.7303999662399292, "mean_loss": 0.7798216176509858, "neg_mean_accuracy": -0.7303999662399292, "set_state_time_mean": NaN, "set_state_time_total": 0.0, "setup_model_time_mean": NaN, "setup_model_time_total": 0.0, "setup_proc_time_mean": NaN, "setup_proc_time_total": 0.0, "train_accuracy": 0.7551000118255615, "train_loss": 0.6863579210472107, "training_time_mean": NaN, "training_time_total": 0.0, "validation_time_mean": NaN, "validation_time_total": 0.0, "samples": 60000, "num_workers": 2, "done": false, "timesteps_total": null, "episodes_total": null, "training_iteration": 31, "neg_mean_loss": -0.7798216176509858, "experiment_id": "3bdc001886f34cffbfa34ae2aa0bacab", "date": "2019-05-30_14-21-33", "timestamp": 1559251293, "time_this_iter_s": 5.64258074760437, "time_total_s": 206.1664023399353, "pid": 27724, "hostname": "steropes", "node_ip": "169.229.49.254", "config": {"starting_lr": 0.005, "momentum": 0.9, "weight_decay": 0.005, "steps_per_iteration": null, "pin": false, "model_creator": null, "target_batch_size": 1024, "model_string": "resnet18", "min_batch_size": 512, "dataset": "CIFAR", "placement": null, "use_nccl": true, "devices_per_worker": 1, "primary_resource": "extra_gpu", "gpu": false, "verbose": false, "lr_config": {"mode": "log", "steps": 5, "initial_lr": 0.005, "target_lr": 0.005}, "batch_per_device": 512}, "time_since_restore": 98.472243309021, "timesteps_since_restore": 0, "iterations_since_restore": 17, "mean_throughput": 11194.663861519144, "atoms": 2, "resource_time": 304.6386456489563}
{"apply": 0.006976306438446045, "batch_time": 0.08656401634216308, "d2h": 0.0032100677490234375, "data_time": 0.013043829372950962, "fwd": 0.016664004325866698, "get_state_time_mean": NaN, "get_state_time_total": 0.0, "grad": 0.04553641080856323, "mean_accuracy": 0.7312999963760376, "mean_loss": 0.7606537502288818, "neg_mean_accuracy": -0.7312999963760376, "set_state_time_mean": NaN, "set_state_time_total": 0.0, "setup_model_time_mean": NaN, "setup_model_time_total": 0.0, "setup_proc_time_mean": NaN, "setup_proc_time_total": 0.0, "train_accuracy": 0.7577999830245972, "train_loss": 0.6791523151683807, "training_time_mean": NaN, "training_time_total": 0.0, "validation_time_mean": NaN, "validation_time_total": 0.0, "samples": 60000, "num_workers": 2, "done": false, "timesteps_total": null, "episodes_total": null, "training_iteration": 32, "neg_mean_loss": -0.7606537502288818, "experiment_id": "3bdc001886f34cffbfa34ae2aa0bacab", "date": "2019-05-30_14-21-39", "timestamp": 1559251299, "time_this_iter_s": 6.026354074478149, "time_total_s": 212.19275641441345, "pid": 27724, "hostname": "steropes", "node_ip": "169.229.49.254", "config": {"starting_lr": 0.005, "momentum": 0.9, "weight_decay": 0.005, "steps_per_iteration": null, "pin": false, "model_creator": null, "target_batch_size": 1024, "model_string": "resnet18", "min_batch_size": 512, "dataset": "CIFAR", "placement": null, "use_nccl": true, "devices_per_worker": 1, "primary_resource": "extra_gpu", "gpu": false, "verbose": false, "lr_config": {"mode": "log", "steps": 5, "initial_lr": 0.005, "target_lr": 0.005}, "batch_per_device": 512}, "time_since_restore": 104.49859738349915, "timesteps_since_restore": 0, "iterations_since_restore": 18, "mean_throughput": 10862.548495493276, "atoms": 2, "resource_time": 316.6913537979126}
{"apply": 0.007304739952087403, "batch_time": 0.09438828229904175, "d2h": 0.003106570243835449, "data_time": 0.011558435401137993, "fwd": 0.01679319143295288, "get_state_time_mean": NaN, "get_state_time_total": 0.0, "grad": 0.045801401138305664, "mean_accuracy": 0.7290999889373779, "mean_loss": 0.7711258869171143, "neg_mean_accuracy": -0.7290999889373779, "set_state_time_mean": NaN, "set_state_time_total": 0.0, "setup_model_time_mean": NaN, "setup_model_time_total": 0.0, "setup_proc_time_mean": NaN, "setup_proc_time_total": 0.0, "train_accuracy": 0.7662999629974365, "train_loss": 0.6611010085678101, "training_time_mean": NaN, "training_time_total": 0.0, "validation_time_mean": NaN, "validation_time_total": 0.0, "samples": 60000, "num_workers": 2, "done": false, "timesteps_total": null, "episodes_total": null, "training_iteration": 33, "neg_mean_loss": -0.7711258869171143, "experiment_id": "3bdc001886f34cffbfa34ae2aa0bacab", "date": "2019-05-30_14-21-44", "timestamp": 1559251304, "time_this_iter_s": 5.632258653640747, "time_total_s": 217.8250150680542, "pid": 27724, "hostname": "steropes", "node_ip": "169.229.49.254", "config": {"starting_lr": 0.005, "momentum": 0.9, "weight_decay": 0.005, "steps_per_iteration": null, "pin": false, "model_creator": null, "target_batch_size": 1024, "model_string": "resnet18", "min_batch_size": 512, "dataset": "CIFAR", "placement": null, "use_nccl": true, "devices_per_worker": 1, "primary_resource": "extra_gpu", "gpu": false, "verbose": false, "lr_config": {"mode": "log", "steps": 5, "initial_lr": 0.005, "target_lr": 0.005}, "batch_per_device": 512}, "time_since_restore": 110.13085603713989, "timesteps_since_restore": 0, "iterations_since_restore": 19, "mean_throughput": 10677.99840788683, "atoms": 2, "resource_time": 327.9558711051941}
{"apply": 0.008183670043945313, "batch_time": 0.09040557146072387, "d2h": 0.004431724548339844, "data_time": 0.011928088810979103, "fwd": 0.017392420768737794, "get_state_time_mean": NaN, "get_state_time_total": 0.0, "grad": 0.05201416015625, "mean_accuracy": 0.7308999300003052, "mean_loss": 0.7733745519161225, "neg_mean_accuracy": -0.7308999300003052, "set_state_time_mean": NaN, "set_state_time_total": 0.0, "setup_model_time_mean": NaN, "setup_model_time_total": 0.0, "setup_proc_time_mean": NaN, "setup_proc_time_total": 0.0, "train_accuracy": 0.7683799862861633, "train_loss": 0.6519524672698975, "training_time_mean": NaN, "training_time_total": 0.0, "validation_time_mean": NaN, "validation_time_total": 0.0, "samples": 60000, "num_workers": 2, "done": false, "timesteps_total": null, "episodes_total": null, "training_iteration": 34, "neg_mean_loss": -0.7733745519161225, "experiment_id": "3bdc001886f34cffbfa34ae2aa0bacab", "date": "2019-05-30_14-21-50", "timestamp": 1559251310, "time_this_iter_s": 5.581984519958496, "time_total_s": 223.4069995880127, "pid": 27724, "hostname": "steropes", "node_ip": "169.229.49.254", "config": {"starting_lr": 0.005, "momentum": 0.9, "weight_decay": 0.005, "steps_per_iteration": null, "pin": false, "model_creator": null, "target_batch_size": 1024, "model_string": "resnet18", "min_batch_size": 512, "dataset": "CIFAR", "placement": null, "use_nccl": true, "devices_per_worker": 1, "primary_resource": "extra_gpu", "gpu": false, "verbose": false, "lr_config": {"mode": "log", "steps": 5, "initial_lr": 0.005, "target_lr": 0.005}, "batch_per_device": 512}, "time_since_restore": 115.71284055709839, "timesteps_since_restore": 0, "iterations_since_restore": 20, "mean_throughput": 10565.3410542897, "atoms": 2, "resource_time": 339.1198401451111}
{"apply": 0.008446645736694337, "batch_time": 0.08529878854751587, "d2h": 0.003122484683990479, "data_time": 0.01346669391709931, "fwd": 0.017931365966796876, "get_state_time_mean": NaN, "get_state_time_total": 0.0, "grad": 0.04638051986694336, "mean_accuracy": 0.7483999729156494, "mean_loss": 0.7350891436100007, "neg_mean_accuracy": -0.7483999729156494, "set_state_time_mean": NaN, "set_state_time_total": 0.0, "setup_model_time_mean": NaN, "setup_model_time_total": 0.0, "setup_proc_time_mean": NaN, "setup_proc_time_total": 0.0, "train_accuracy": 0.7749199867248535, "train_loss": 0.6358951564788818, "training_time_mean": NaN, "training_time_total": 0.0, "validation_time_mean": NaN, "validation_time_total": 0.0, "samples": 60000, "num_workers": 2, "done": false, "timesteps_total": null, "episodes_total": null, "training_iteration": 35, "neg_mean_loss": -0.7350891436100007, "experiment_id": "3bdc001886f34cffbfa34ae2aa0bacab", "date": "2019-05-30_14-21-56", "timestamp": 1559251316, "time_this_iter_s": 5.695680618286133, "time_total_s": 229.10268020629883, "pid": 27724, "hostname": "steropes", "node_ip": "169.229.49.254", "config": {"starting_lr": 0.005, "momentum": 0.9, "weight_decay": 0.005, "steps_per_iteration": null, "pin": false, "model_creator": null, "target_batch_size": 1024, "model_string": "resnet18", "min_batch_size": 512, "dataset": "CIFAR", "placement": null, "use_nccl": true, "devices_per_worker": 1, "primary_resource": "extra_gpu", "gpu": false, "verbose": false, "lr_config": {"mode": "log", "steps": 5, "initial_lr": 0.005, "target_lr": 0.005}, "batch_per_device": 512}, "time_since_restore": 121.40852117538452, "timesteps_since_restore": 0, "iterations_since_restore": 21, "mean_throughput": 10497.128827900984, "atoms": 2, "resource_time": 350.51120138168335}
{"apply": 0.007801902294158936, "batch_time": 0.08555455207824707, "d2h": 0.002543151378631592, "data_time": 0.014064628250744877, "fwd": 0.016936743259429933, "get_state_time_mean": NaN, "get_state_time_total": 0.0, "grad": 0.047639989852905275, "mean_accuracy": 0.7414000034332275, "mean_loss": 0.7499631407260895, "neg_mean_accuracy": -0.7414000034332275, "set_state_time_mean": NaN, "set_state_time_total": 0.0, "setup_model_time_mean": NaN, "setup_model_time_total": 0.0, "setup_proc_time_mean": NaN, "setup_proc_time_total": 0.0, "train_accuracy": 0.7768799662590027, "train_loss": 0.6297573885440826, "training_time_mean": NaN, "training_time_total": 0.0, "validation_time_mean": NaN, "validation_time_total": 0.0, "samples": 60000, "num_workers": 2, "done": false, "timesteps_total": null, "episodes_total": null, "training_iteration": 36, "neg_mean_loss": -0.7499631407260895, "experiment_id": "3bdc001886f34cffbfa34ae2aa0bacab", "date": "2019-05-30_14-22-02", "timestamp": 1559251322, "time_this_iter_s": 5.9806506633758545, "time_total_s": 235.08333086967468, "pid": 27724, "hostname": "steropes", "node_ip": "169.229.49.254", "config": {"starting_lr": 0.005, "momentum": 0.9, "weight_decay": 0.005, "steps_per_iteration": null, "pin": false, "model_creator": null, "target_batch_size": 1024, "model_string": "resnet18", "min_batch_size": 512, "dataset": "CIFAR", "placement": null, "use_nccl": true, "devices_per_worker": 1, "primary_resource": "extra_gpu", "gpu": false, "verbose": false, "lr_config": {"mode": "log", "steps": 5, "initial_lr": 0.005, "target_lr": 0.005}, "batch_per_device": 512}, "time_since_restore": 127.38917183876038, "timesteps_since_restore": 0, "iterations_since_restore": 22, "mean_throughput": 10374.406309872978, "atoms": 2, "resource_time": 362.47250270843506}
{"apply": 0.007096123695373535, "batch_time": 0.08506399393081665, "d2h": 0.002555561065673828, "data_time": 0.011814022550777514, "fwd": 0.016191065311431885, "get_state_time_mean": NaN, "get_state_time_total": 0.0, "grad": 0.04444440603256225, "mean_accuracy": 0.732699990272522, "mean_loss": 0.7643600341796875, "neg_mean_accuracy": -0.732699990272522, "set_state_time_mean": NaN, "set_state_time_total": 0.0, "setup_model_time_mean": NaN, "setup_model_time_total": 0.0, "setup_proc_time_mean": NaN, "setup_proc_time_total": 0.0, "train_accuracy": 0.7808799743652344, "train_loss": 0.6164493564891815, "training_time_mean": NaN, "training_time_total": 0.0, "validation_time_mean": NaN, "validation_time_total": 0.0, "samples": 60000, "num_workers": 2, "done": false, "timesteps_total": null, "episodes_total": null, "training_iteration": 37, "neg_mean_loss": -0.7643600341796875, "experiment_id": "3bdc001886f34cffbfa34ae2aa0bacab", "date": "2019-05-30_14-22-07", "timestamp": 1559251327, "time_this_iter_s": 5.656338214874268, "time_total_s": 240.73966908454895, "pid": 27724, "hostname": "steropes", "node_ip": "169.229.49.254", "config": {"starting_lr": 0.005, "momentum": 0.9, "weight_decay": 0.005, "steps_per_iteration": null, "pin": false, "model_creator": null, "target_batch_size": 1024, "model_string": "resnet18", "min_batch_size": 512, "dataset": "CIFAR", "placement": null, "use_nccl": true, "devices_per_worker": 1, "primary_resource": "extra_gpu", "gpu": false, "verbose": false, "lr_config": {"mode": "log", "steps": 5, "initial_lr": 0.005, "target_lr": 0.005}, "batch_per_device": 512}, "time_since_restore": 133.04551005363464, "timesteps_since_restore": 0, "iterations_since_restore": 23, "mean_throughput": 10508.872952449794, "atoms": 2, "resource_time": 373.7851791381836}
{"apply": 0.007782506942749023, "batch_time": 0.08383125066757202, "d2h": 0.002746009826660156, "data_time": 0.011991216211902852, "fwd": 0.017974710464477538, "get_state_time_mean": NaN, "get_state_time_total": 0.0, "grad": 0.04626317024230957, "mean_accuracy": 0.7470999956130981, "mean_loss": 0.7234635678291321, "neg_mean_accuracy": -0.7470999956130981, "set_state_time_mean": NaN, "set_state_time_total": 0.0, "setup_model_time_mean": NaN, "setup_model_time_total": 0.0, "setup_proc_time_mean": NaN, "setup_proc_time_total": 0.0, "train_accuracy": 0.7844599485397339, "train_loss": 0.6094588582420348, "training_time_mean": NaN, "training_time_total": 0.0, "validation_time_mean": NaN, "validation_time_total": 0.0, "samples": 60000, "num_workers": 2, "done": false, "timesteps_total": null, "episodes_total": null, "training_iteration": 38, "neg_mean_loss": -0.7234635678291321, "experiment_id": "3bdc001886f34cffbfa34ae2aa0bacab", "date": "2019-05-30_14-22-13", "timestamp": 1559251333, "time_this_iter_s": 5.5529944896698, "time_total_s": 246.29266357421875, "pid": 27724, "hostname": "steropes", "node_ip": "169.229.49.254", "config": {"starting_lr": 0.005, "momentum": 0.9, "weight_decay": 0.005, "steps_per_iteration": null, "pin": false, "model_creator": null, "target_batch_size": 1024, "model_string": "resnet18", "min_batch_size": 512, "dataset": "CIFAR", "placement": null, "use_nccl": true, "devices_per_worker": 1, "primary_resource": "extra_gpu", "gpu": false, "verbose": false, "lr_config": {"mode": "log", "steps": 5, "initial_lr": 0.005, "target_lr": 0.005}, "batch_per_device": 512}, "time_since_restore": 138.59850454330444, "timesteps_since_restore": 0, "iterations_since_restore": 24, "mean_throughput": 10538.134352094336, "atoms": 2, "resource_time": 384.8911681175232}
{"apply": 0.008606970310211182, "batch_time": 0.08181043863296508, "d2h": 0.0026274800300598146, "data_time": 0.011948848257259448, "fwd": 0.017275762557983396, "get_state_time_mean": NaN, "get_state_time_total": 0.0, "grad": 0.04818904399871826, "mean_accuracy": 0.7418999671936035, "mean_loss": 0.7409161282539367, "neg_mean_accuracy": -0.7418999671936035, "set_state_time_mean": NaN, "set_state_time_total": 0.0, "setup_model_time_mean": NaN, "setup_model_time_total": 0.0, "setup_proc_time_mean": NaN, "setup_proc_time_total": 0.0, "train_accuracy": 0.7897399663925171, "train_loss": 0.5982586191654204, "training_time_mean": NaN, "training_time_total": 0.0, "validation_time_mean": NaN, "validation_time_total": 0.0, "samples": 60000, "num_workers": 2, "done": false, "timesteps_total": null, "episodes_total": null, "training_iteration": 39, "neg_mean_loss": -0.7409161282539367, "experiment_id": "3bdc001886f34cffbfa34ae2aa0bacab", "date": "2019-05-30_14-22-18", "timestamp": 1559251338, "time_this_iter_s": 5.484647989273071, "time_total_s": 251.77731156349182, "pid": 27724, "hostname": "steropes", "node_ip": "169.229.49.254", "config": {"starting_lr": 0.005, "momentum": 0.9, "weight_decay": 0.005, "steps_per_iteration": null, "pin": false, "model_creator": null, "target_batch_size": 1024, "model_string": "resnet18", "min_batch_size": 512, "dataset": "CIFAR", "placement": null, "use_nccl": true, "devices_per_worker": 1, "primary_resource": "extra_gpu", "gpu": false, "verbose": false, "lr_config": {"mode": "log", "steps": 5, "initial_lr": 0.005, "target_lr": 0.005}, "batch_per_device": 512}, "time_since_restore": 144.08315253257751, "timesteps_since_restore": 0, "iterations_since_restore": 25, "mean_throughput": 10574.290337924429, "atoms": 2, "resource_time": 395.86046409606934}
{"apply": 0.008115541934967042, "batch_time": 0.09056630134582519, "d2h": 0.003069901466369629, "data_time": 0.01197548788421008, "fwd": 0.01798349618911743, "get_state_time_mean": NaN, "get_state_time_total": 0.0, "grad": 0.050056052207946775, "mean_accuracy": 0.7498999834060669, "mean_loss": 0.7159326835155487, "neg_mean_accuracy": -0.7498999834060669, "set_state_time_mean": NaN, "set_state_time_total": 0.0, "setup_model_time_mean": NaN, "setup_model_time_total": 0.0, "setup_proc_time_mean": NaN, "setup_proc_time_total": 0.0, "train_accuracy": 0.7937799692153931, "train_loss": 0.587155385465622, "training_time_mean": NaN, "training_time_total": 0.0, "validation_time_mean": NaN, "validation_time_total": 0.0, "samples": 60000, "num_workers": 2, "done": true, "timesteps_total": null, "episodes_total": null, "training_iteration": 40, "neg_mean_loss": -0.7159326835155487, "experiment_id": "3bdc001886f34cffbfa34ae2aa0bacab", "date": "2019-05-30_14-22-24", "timestamp": 1559251344, "time_this_iter_s": 5.6492602825164795, "time_total_s": 257.4265718460083, "pid": 27724, "hostname": "steropes", "node_ip": "169.229.49.254", "config": {"starting_lr": 0.005, "momentum": 0.9, "weight_decay": 0.005, "steps_per_iteration": null, "pin": false, "model_creator": null, "target_batch_size": 1024, "model_string": "resnet18", "min_batch_size": 512, "dataset": "CIFAR", "placement": null, "use_nccl": true, "devices_per_worker": 1, "primary_resource": "extra_gpu", "gpu": false, "verbose": false, "lr_config": {"mode": "log", "steps": 5, "initial_lr": 0.005, "target_lr": 0.005}, "batch_per_device": 512}, "time_since_restore": 149.732412815094, "timesteps_since_restore": 0, "iterations_since_restore": 26, "mean_throughput": 10591.618281973124, "atoms": 2, "resource_time": 407.1589846611023}
