{"apply": 0.018368840217590332, "batch_time": 0.04255933097646206, "d2h": 0.0006924867630004883, "data_time": 0.0018478311846018447, "fwd": 0.12889559268951417, "get_state_time_mean": NaN, "get_state_time_total": 0.0, "grad": 0.17114174365997314, "mean_accuracy": 0.10369999706745148, "mean_loss": 3.267824174499512, "neg_mean_accuracy": -0.10369999706745148, "set_state_time_mean": NaN, "set_state_time_total": 0.0, "setup_model_time_mean": 8.367946147918701, "setup_model_time_total": 8.367946147918701, "setup_proc_time_mean": 0.16245388984680176, "setup_proc_time_total": 0.16245388984680176, "train_accuracy": 0.09911999851465225, "train_loss": 4.443551285018921, "training_time_mean": NaN, "training_time_total": 0.0, "val_accuracy": 0.10369999706745148, "val_loss": 3.267824174499512, "validation_time_mean": NaN, "validation_time_total": 0.0, "samples": 60000, "num_workers": 1, "done": false, "timesteps_total": null, "episodes_total": null, "training_iteration": 1, "neg_mean_loss": -3.267824174499512, "experiment_id": "5a6c1bf1158549fcbc195ca0cf108a95", "date": "2019-06-06_09-40-13", "timestamp": 1559839213, "time_this_iter_s": 47.44031357765198, "time_total_s": 47.44031357765198, "pid": 22323, "hostname": "steropes", "node_ip": "169.229.49.254", "config": {"starting_lr": 0.05, "momentum": 0.99, "weight_decay": 0.0001, "steps_per_iteration": null, "pin": false, "model_creator": null, "target_batch_size": 128, "model_string": "resnet50", "min_batch_size": 128, "dataset": "CIFAR", "placement": null, "use_nccl": true, "devices_per_worker": 1, "primary_resource": "extra_gpu", "gpu": false, "verbose": false, "lr_config": {"mode": "log", "steps": 5, "initial_lr": 0.05, "target_lr": 0.05}, "batch_per_device": 128}, "time_since_restore": 47.44031357765198, "timesteps_since_restore": 0, "iterations_since_restore": 1, "mean_throughput": 1264.7447434413975, "atoms": 1, "setup_time": 8.938616514205933}
{"apply": 0.018751859664916992, "batch_time": 0.031988397429261024, "d2h": 0.0006911277770996094, "data_time": 0.0017740915498465223, "fwd": 0.02869575023651123, "get_state_time_mean": NaN, "get_state_time_total": 0.0, "grad": 0.04932887554168701, "mean_accuracy": 0.10124999657273293, "mean_loss": 3.2563063676834108, "neg_mean_accuracy": -0.09879999607801437, "set_state_time_mean": NaN, "set_state_time_total": 0.0, "setup_model_time_mean": NaN, "setup_model_time_total": 0.0, "setup_proc_time_mean": NaN, "setup_proc_time_total": 0.0, "train_accuracy": 0.10515999794006348, "train_loss": 2.3356717733764647, "training_time_mean": NaN, "training_time_total": 0.0, "val_accuracy": 0.09879999607801437, "val_loss": 3.2447885608673097, "validation_time_mean": NaN, "validation_time_total": 0.0, "samples": 60000, "num_workers": 1, "done": false, "timesteps_total": null, "episodes_total": null, "training_iteration": 2, "neg_mean_loss": -3.2563063676834108, "experiment_id": "5a6c1bf1158549fcbc195ca0cf108a95", "date": "2019-06-06_09-40-55", "timestamp": 1559839255, "time_this_iter_s": 41.775492668151855, "time_total_s": 89.21580624580383, "pid": 22323, "hostname": "steropes", "node_ip": "169.229.49.254", "config": {"starting_lr": 0.05, "momentum": 0.99, "weight_decay": 0.0001, "steps_per_iteration": null, "pin": false, "model_creator": null, "target_batch_size": 128, "model_string": "resnet50", "min_batch_size": 128, "dataset": "CIFAR", "placement": null, "use_nccl": true, "devices_per_worker": 1, "primary_resource": "extra_gpu", "gpu": false, "verbose": false, "lr_config": {"mode": "log", "steps": 5, "initial_lr": 0.05, "target_lr": 0.05}, "batch_per_device": 128}, "time_since_restore": 89.21580624580383, "timesteps_since_restore": 0, "iterations_since_restore": 2, "mean_throughput": 1345.0506165819604, "atoms": 1, "setup_time": 8.938616514205933}
{"apply": 0.020224738121032714, "batch_time": 0.03359832642953607, "d2h": 0.0006975889205932617, "data_time": 0.0018614247022077555, "fwd": 0.030403876304626466, "get_state_time_mean": NaN, "get_state_time_total": 0.0, "grad": 0.052640700340271, "mean_accuracy": 0.12186666081349055, "mean_loss": 2.9441011229197187, "neg_mean_accuracy": -0.1630999892950058, "set_state_time_mean": NaN, "set_state_time_total": 0.0, "setup_model_time_mean": NaN, "setup_model_time_total": 0.0, "setup_proc_time_mean": NaN, "setup_proc_time_total": 0.0, "train_accuracy": 0.1114799976348877, "train_loss": 2.315792561645508, "training_time_mean": NaN, "training_time_total": 0.0, "val_accuracy": 0.1630999892950058, "val_loss": 2.319690633392334, "validation_time_mean": NaN, "validation_time_total": 0.0, "samples": 60000, "num_workers": 1, "done": true, "timesteps_total": null, "episodes_total": null, "training_iteration": 3, "neg_mean_loss": -2.9441011229197187, "experiment_id": "5a6c1bf1158549fcbc195ca0cf108a95", "date": "2019-06-06_09-41-38", "timestamp": 1559839298, "time_this_iter_s": 43.64012932777405, "time_total_s": 132.85593557357788, "pid": 22323, "hostname": "steropes", "node_ip": "169.229.49.254", "config": {"starting_lr": 0.05, "momentum": 0.99, "weight_decay": 0.0001, "steps_per_iteration": null, "pin": false, "model_creator": null, "target_batch_size": 128, "model_string": "resnet50", "min_batch_size": 128, "dataset": "CIFAR", "placement": null, "use_nccl": true, "devices_per_worker": 1, "primary_resource": "extra_gpu", "gpu": false, "verbose": false, "lr_config": {"mode": "log", "steps": 5, "initial_lr": 0.05, "target_lr": 0.05}, "batch_per_device": 128}, "time_since_restore": 132.85593557357788, "timesteps_since_restore": 0, "iterations_since_restore": 3, "mean_throughput": 1354.8478483901843, "atoms": 1, "setup_time": 8.938616514205933}
