{"apply": 0.017704057693481445, "batch_time": 0.04204170009757899, "d2h": 0.0007090568542480469, "data_time": 0.0019563299310786644, "fwd": 0.11762051582336426, "get_state_time_mean": NaN, "get_state_time_total": 0.0, "grad": 0.16591601371765136, "mean_accuracy": 0.09989999979734421, "mean_loss": 2.3361894916534425, "neg_mean_accuracy": -0.09989999979734421, "set_state_time_mean": NaN, "set_state_time_total": 0.0, "setup_model_time_mean": 8.289987802505493, "setup_model_time_total": 8.289987802505493, "setup_proc_time_mean": 0.42035555839538574, "setup_proc_time_total": 0.42035555839538574, "train_accuracy": 0.10091999918222427, "train_loss": 3.9704218379211427, "training_time_mean": NaN, "training_time_total": 0.0, "val_accuracy": 0.09989999979734421, "val_loss": 2.3361894916534425, "validation_time_mean": NaN, "validation_time_total": 0.0, "samples": 60000, "num_workers": 1, "done": false, "timesteps_total": null, "episodes_total": null, "training_iteration": 1, "neg_mean_loss": -2.3361894916534425, "experiment_id": "edb76943987f4536aa3aa1b2f32b2348", "date": "2019-06-06_07-28-24", "timestamp": 1559831304, "time_this_iter_s": 47.1155469417572, "time_total_s": 47.1155469417572, "pid": 25096, "hostname": "steropes", "node_ip": "169.229.49.254", "config": {"starting_lr": 0.5, "momentum": 0.9, "weight_decay": 0.0005, "steps_per_iteration": null, "pin": false, "model_creator": null, "target_batch_size": 128, "model_string": "resnet50", "min_batch_size": 128, "dataset": "CIFAR", "placement": null, "use_nccl": true, "devices_per_worker": 1, "primary_resource": "extra_gpu", "gpu": false, "verbose": false, "lr_config": {"mode": "log", "steps": 5, "initial_lr": 0.5, "target_lr": 0.5}, "batch_per_device": 128}, "time_since_restore": 47.1155469417572, "timesteps_since_restore": 0, "iterations_since_restore": 1, "mean_throughput": 1273.4616880298536, "atoms": 1, "setup_time": 8.821918725967407}
{"apply": 0.016977453231811525, "batch_time": 0.03167068505588966, "d2h": 0.0007129430770874024, "data_time": 0.001811766563474065, "fwd": 0.02768845558166504, "get_state_time_mean": NaN, "get_state_time_total": 0.0, "grad": 0.049175071716308597, "mean_accuracy": 0.13939999416470528, "mean_loss": 2.218609267616272, "neg_mean_accuracy": -0.17889998853206635, "set_state_time_mean": NaN, "set_state_time_total": 0.0, "setup_model_time_mean": NaN, "setup_model_time_total": 0.0, "setup_proc_time_mean": NaN, "setup_proc_time_total": 0.0, "train_accuracy": 0.1398800015449524, "train_loss": 2.2438680883789064, "training_time_mean": NaN, "training_time_total": 0.0, "val_accuracy": 0.17889998853206635, "val_loss": 2.1010290435791017, "validation_time_mean": NaN, "validation_time_total": 0.0, "samples": 60000, "num_workers": 1, "done": true, "timesteps_total": null, "episodes_total": null, "training_iteration": 2, "neg_mean_loss": -2.218609267616272, "experiment_id": "edb76943987f4536aa3aa1b2f32b2348", "date": "2019-06-06_07-29-05", "timestamp": 1559831345, "time_this_iter_s": 40.618640661239624, "time_total_s": 87.73418760299683, "pid": 25096, "hostname": "steropes", "node_ip": "169.229.49.254", "config": {"starting_lr": 0.5, "momentum": 0.9, "weight_decay": 0.0005, "steps_per_iteration": null, "pin": false, "model_creator": null, "target_batch_size": 128, "model_string": "resnet50", "min_batch_size": 128, "dataset": "CIFAR", "placement": null, "use_nccl": true, "devices_per_worker": 1, "primary_resource": "extra_gpu", "gpu": false, "verbose": false, "lr_config": {"mode": "log", "steps": 5, "initial_lr": 0.5, "target_lr": 0.5}, "batch_per_device": 128}, "time_since_restore": 87.73418760299683, "timesteps_since_restore": 0, "iterations_since_restore": 2, "mean_throughput": 1367.764584600466, "atoms": 1, "setup_time": 8.821918725967407}
