{"apply": 0.018839502334594728, "batch_time": 0.04521753214582612, "d2h": 0.0008094310760498047, "data_time": 0.0019245958694106783, "fwd": 0.15594849586486817, "get_state_time_mean": NaN, "get_state_time_total": 0.0, "grad": 0.2659605979919434, "mean_accuracy": 0.09999999403953552, "mean_loss": 3.0747925619652555e+23, "neg_mean_accuracy": -0.09999999403953552, "set_state_time_mean": NaN, "set_state_time_total": 0.0, "setup_model_time_mean": 13.2368643283844, "setup_model_time_total": 13.2368643283844, "setup_proc_time_mean": 1.8494319915771484, "setup_proc_time_total": 1.8494319915771484, "train_accuracy": 0.10183999687433243, "train_loss": 303843939.4824249, "training_time_mean": NaN, "training_time_total": 0.0, "val_accuracy": 0.09999999403953552, "val_loss": 3.0747925619652555e+23, "validation_time_mean": NaN, "validation_time_total": 0.0, "samples": 60000, "num_workers": 1, "done": false, "timesteps_total": null, "episodes_total": null, "training_iteration": 1, "neg_mean_loss": -3.0747925619652555e+23, "experiment_id": "cff20b5cde73419b866ac12865532e63", "date": "2019-06-06_13-16-41", "timestamp": 1559852201, "time_this_iter_s": 48.61203956604004, "time_total_s": 48.61203956604004, "pid": 11381, "hostname": "steropes", "node_ip": "169.229.49.254", "config": {"starting_lr": 1.0, "momentum": 0.997, "weight_decay": 0.0001, "steps_per_iteration": null, "pin": false, "model_creator": null, "target_batch_size": 128, "model_string": "resnet50", "min_batch_size": 128, "dataset": "CIFAR", "placement": null, "use_nccl": true, "devices_per_worker": 1, "primary_resource": "extra_gpu", "gpu": false, "verbose": false, "lr_config": {"mode": "log", "steps": 5, "initial_lr": 1.0, "target_lr": 1.0}, "batch_per_device": 128}, "time_since_restore": 48.61203956604004, "timesteps_since_restore": 0, "iterations_since_restore": 1, "mean_throughput": 1234.2599126487464, "atoms": 1, "setup_time": 16.726022005081177}
{"apply": 0.01837930679321289, "batch_time": 0.03260878973369357, "d2h": 0.0007268905639648438, "data_time": 0.0018576892745464353, "fwd": 0.028731727600097658, "get_state_time_mean": NaN, "get_state_time_total": 0.0, "grad": 0.04963538646697998, "mean_accuracy": 0.04999999701976776, "mean_loss": NaN, "neg_mean_accuracy": -0.0, "set_state_time_mean": NaN, "set_state_time_total": 0.0, "setup_model_time_mean": NaN, "setup_model_time_total": 0.0, "setup_proc_time_mean": NaN, "setup_proc_time_total": 0.0, "train_accuracy": 0.03975999727845192, "train_loss": NaN, "training_time_mean": NaN, "training_time_total": 0.0, "val_accuracy": 0.0, "val_loss": NaN, "validation_time_mean": NaN, "validation_time_total": 0.0, "samples": 60000, "num_workers": 1, "done": false, "timesteps_total": null, "episodes_total": null, "training_iteration": 2, "neg_mean_loss": NaN, "experiment_id": "cff20b5cde73419b866ac12865532e63", "date": "2019-06-06_13-17-23", "timestamp": 1559852243, "time_this_iter_s": 42.29427981376648, "time_total_s": 90.90631937980652, "pid": 11381, "hostname": "steropes", "node_ip": "169.229.49.254", "config": {"starting_lr": 1.0, "momentum": 0.997, "weight_decay": 0.0001, "steps_per_iteration": null, "pin": false, "model_creator": null, "target_batch_size": 128, "model_string": "resnet50", "min_batch_size": 128, "dataset": "CIFAR", "placement": null, "use_nccl": true, "devices_per_worker": 1, "primary_resource": "extra_gpu", "gpu": false, "verbose": false, "lr_config": {"mode": "log", "steps": 5, "initial_lr": 1.0, "target_lr": 1.0}, "batch_per_device": 128}, "time_since_restore": 90.90631937980652, "timesteps_since_restore": 0, "iterations_since_restore": 2, "mean_throughput": 1320.0343237551172, "atoms": 1, "setup_time": 16.726022005081177}
{"apply": 0.019065189361572265, "batch_time": 0.03307788885092434, "d2h": 0.0006519556045532227, "data_time": 0.0018706059516848202, "fwd": 0.029487109184265135, "get_state_time_mean": NaN, "get_state_time_total": 0.0, "grad": 0.048565912246704104, "mean_accuracy": 0.03333333134651184, "mean_loss": NaN, "neg_mean_accuracy": -0.0, "set_state_time_mean": NaN, "set_state_time_total": 0.0, "setup_model_time_mean": NaN, "setup_model_time_total": 0.0, "setup_proc_time_mean": NaN, "setup_proc_time_total": 0.0, "train_accuracy": 0.0, "train_loss": NaN, "training_time_mean": NaN, "training_time_total": 0.0, "val_accuracy": 0.0, "val_loss": NaN, "validation_time_mean": NaN, "validation_time_total": 0.0, "samples": 60000, "num_workers": 1, "done": true, "timesteps_total": null, "episodes_total": null, "training_iteration": 3, "neg_mean_loss": NaN, "experiment_id": "cff20b5cde73419b866ac12865532e63", "date": "2019-06-06_13-18-05", "timestamp": 1559852285, "time_this_iter_s": 41.92901420593262, "time_total_s": 132.83533358573914, "pid": 11381, "hostname": "steropes", "node_ip": "169.229.49.254", "config": {"starting_lr": 1.0, "momentum": 0.997, "weight_decay": 0.0001, "steps_per_iteration": null, "pin": false, "model_creator": null, "target_batch_size": 128, "model_string": "resnet50", "min_batch_size": 128, "dataset": "CIFAR", "placement": null, "use_nccl": true, "devices_per_worker": 1, "primary_resource": "extra_gpu", "gpu": false, "verbose": false, "lr_config": {"mode": "log", "steps": 5, "initial_lr": 1.0, "target_lr": 1.0}, "batch_per_device": 128}, "time_since_restore": 132.83533358573914, "timesteps_since_restore": 0, "iterations_since_restore": 3, "mean_throughput": 1355.0562014827194, "atoms": 1, "setup_time": 16.726022005081177}
