apply,batch_time,d2h,data_time,fwd,get_state_time_mean,get_state_time_total,grad,mean_accuracy,mean_loss,neg_mean_accuracy,set_state_time_mean,set_state_time_total,setup_model_time_mean,setup_model_time_total,setup_proc_time_mean,setup_proc_time_total,train_accuracy,train_loss,training_time_mean,training_time_total,validation_time_mean,validation_time_total,samples,num_workers,done,timesteps_total,episodes_total,training_iteration,neg_mean_loss,experiment_id,date,timestamp,time_this_iter_s,time_total_s,pid,hostname,node_ip,config,time_since_restore,timesteps_since_restore,iterations_since_restore,mean_throughput,atoms,resource_time
0.007209563255310058,0.17937202453613282,0.005623865127563477,0.036267285444298566,0.07604944705963135,nan,0.0,0.1905646562576294,0.2604999840259552,2.1302728717803956,-0.2604999840259552,nan,0.0,13.176655054092407,13.176655054092407,1.7598686218261719,1.7598686218261719,0.14363999664783478,4.326696844177246,nan,0.0,nan,0.0,60000,1,False,,,1,-2.1302728717803956,67b7839009e344d1be13d00cd49d45b5,2019-05-30_14-56-39,1559253399,11.765090465545654,11.765090465545654,27555,steropes,169.229.49.254,"{'starting_lr': 0.0005, 'momentum': 0.95, 'weight_decay': 0.0005, 'steps_per_iteration': None, 'pin': False, 'model_creator': None, 'target_batch_size': 1024, 'model_string': 'resnet18', 'min_batch_size': 512, 'dataset': 'CIFAR', 'placement': None, 'use_nccl': True, 'devices_per_worker': 1, 'primary_resource': 'extra_gpu', 'gpu': False, 'verbose': False, 'lr_config': {'mode': 'log', 'steps': 5, 'initial_lr': 0.0005, 'target_lr': 0.0005}, 'batch_per_device': 1024}",11.765090465545654,0,1,5099.770350664859,1,11.765090465545654
0.0076247453689575195,0.1511681318283081,0.004847812652587891,0.03983328293780891,0.027122640609741212,nan,0.0,0.04641025066375733,0.33969998359680176,1.7998600133895875,-0.33969998359680176,nan,0.0,nan,0.0,nan,0.0,0.28727999329566956,1.96027996673584,nan,0.0,nan,0.0,60000,1,False,,,2,-1.7998600133895875,67b7839009e344d1be13d00cd49d45b5,2019-05-30_14-56-46,1559253406,7.807230710983276,19.57232117652893,27555,steropes,169.229.49.254,"{'starting_lr': 0.0005, 'momentum': 0.95, 'weight_decay': 0.0005, 'steps_per_iteration': None, 'pin': False, 'model_creator': None, 'target_batch_size': 1024, 'model_string': 'resnet18', 'min_batch_size': 512, 'dataset': 'CIFAR', 'placement': None, 'use_nccl': True, 'devices_per_worker': 1, 'primary_resource': 'extra_gpu', 'gpu': False, 'verbose': False, 'lr_config': {'mode': 'log', 'steps': 5, 'initial_lr': 0.0005, 'target_lr': 0.0005}, 'batch_per_device': 1024}",19.57232117652893,0,2,6131.036136639645,1,19.57232117652893
0.008326363563537598,0.13394222259521485,0.005164480209350586,0.03704020441794882,0.022359752655029298,nan,0.0,0.04379968643188477,0.3845999836921692,1.684053674697876,-0.3845999836921692,nan,0.0,nan,0.0,nan,0.0,0.3450999855995178,1.7884794114303588,nan,0.0,nan,0.0,60000,1,False,,,3,-1.684053674697876,67b7839009e344d1be13d00cd49d45b5,2019-05-30_14-56-54,1559253414,8.085543394088745,27.657864570617676,27555,steropes,169.229.49.254,"{'starting_lr': 0.0005, 'momentum': 0.95, 'weight_decay': 0.0005, 'steps_per_iteration': None, 'pin': False, 'model_creator': None, 'target_batch_size': 1024, 'model_string': 'resnet18', 'min_batch_size': 512, 'dataset': 'CIFAR', 'placement': None, 'use_nccl': True, 'devices_per_worker': 1, 'primary_resource': 'extra_gpu', 'gpu': False, 'verbose': False, 'lr_config': {'mode': 'log', 'steps': 5, 'initial_lr': 0.0005, 'target_lr': 0.0005}, 'batch_per_device': 1024}",27.657864570617676,0,3,6508.020917324454,1,27.657864570617676
0.007086658477783203,0.1395362377166748,0.006540894508361816,0.0388297937354263,0.031427860260009766,nan,0.0,0.043978309631347655,0.4059999883174896,1.6039001621246338,-0.4059999883174896,nan,0.0,nan,0.0,nan,0.0,0.37522000074386597,1.691044946899414,nan,0.0,nan,0.0,60000,1,False,,,4,-1.6039001621246338,67b7839009e344d1be13d00cd49d45b5,2019-05-30_14-57-03,1559253423,8.563134670257568,36.220999240875244,27555,steropes,169.229.49.254,"{'starting_lr': 0.0005, 'momentum': 0.95, 'weight_decay': 0.0005, 'steps_per_iteration': None, 'pin': False, 'model_creator': None, 'target_batch_size': 1024, 'model_string': 'resnet18', 'min_batch_size': 512, 'dataset': 'CIFAR', 'placement': None, 'use_nccl': True, 'devices_per_worker': 1, 'primary_resource': 'extra_gpu', 'gpu': False, 'verbose': False, 'lr_config': {'mode': 'log', 'steps': 5, 'initial_lr': 0.0005, 'target_lr': 0.0005}, 'batch_per_device': 1024}",36.220999240875244,0,4,6625.919190299956,1,36.220999240875244
0.008195614814758301,0.1576231002807617,0.0060993671417236325,0.04903984556392747,0.027921724319458007,nan,0.0,0.05125937461853027,0.4341999888420105,1.5355376852035523,-0.4341999888420105,nan,0.0,nan,0.0,nan,0.0,0.4046799838542938,1.6192495624542236,nan,0.0,nan,0.0,60000,1,False,,,5,-1.5355376852035523,67b7839009e344d1be13d00cd49d45b5,2019-05-30_14-57-12,1559253432,9.214948177337646,45.43594741821289,27555,steropes,169.229.49.254,"{'starting_lr': 0.0005, 'momentum': 0.95, 'weight_decay': 0.0005, 'steps_per_iteration': None, 'pin': False, 'model_creator': None, 'target_batch_size': 1024, 'model_string': 'resnet18', 'min_batch_size': 512, 'dataset': 'CIFAR', 'placement': None, 'use_nccl': True, 'devices_per_worker': 1, 'primary_resource': 'extra_gpu', 'gpu': False, 'verbose': False, 'lr_config': {'mode': 'log', 'steps': 5, 'initial_lr': 0.0005, 'target_lr': 0.0005}, 'batch_per_device': 1024}",45.43594741821289,0,5,6602.633113658735,1,45.43594741821289
0.007181286811828613,0.12512869834899903,0.0045983314514160155,0.039709713994240274,0.03163530826568604,nan,0.0,0.05475926399230957,0.45729997754096985,1.483862268447876,-0.45729997754096985,nan,0.0,nan,0.0,nan,0.0,0.427979975938797,1.5600871868515014,nan,0.0,nan,0.0,60000,1,False,,,6,-1.483862268447876,67b7839009e344d1be13d00cd49d45b5,2019-05-30_14-57-21,1559253441,8.257826566696167,53.69377398490906,27555,steropes,169.229.49.254,"{'starting_lr': 0.0005, 'momentum': 0.95, 'weight_decay': 0.0005, 'steps_per_iteration': None, 'pin': False, 'model_creator': None, 'target_batch_size': 1024, 'model_string': 'resnet18', 'min_batch_size': 512, 'dataset': 'CIFAR', 'placement': None, 'use_nccl': True, 'devices_per_worker': 1, 'primary_resource': 'extra_gpu', 'gpu': False, 'verbose': False, 'lr_config': {'mode': 'log', 'steps': 5, 'initial_lr': 0.0005, 'target_lr': 0.0005}, 'batch_per_device': 1024}",53.69377398490906,0,6,7154.936325340932,1,53.69377398490906
0.009054112434387206,0.12554659843444824,0.005020666122436524,0.04303040796396684,0.03291242122650147,nan,0.0,0.062327241897583006,0.46779999136924744,1.4516223596572877,-0.46779999136924744,nan,0.0,nan,0.0,nan,0.0,0.4443199932575226,1.5150963607406616,nan,0.0,nan,0.0,60000,1,False,,,7,-1.4516223596572877,67b7839009e344d1be13d00cd49d45b5,2019-05-30_14-57-29,1559253449,8.582533597946167,62.276307582855225,27555,steropes,169.229.49.254,"{'starting_lr': 0.0005, 'momentum': 0.95, 'weight_decay': 0.0005, 'steps_per_iteration': None, 'pin': False, 'model_creator': None, 'target_batch_size': 1024, 'model_string': 'resnet18', 'min_batch_size': 512, 'dataset': 'CIFAR', 'placement': None, 'use_nccl': True, 'devices_per_worker': 1, 'primary_resource': 'extra_gpu', 'gpu': False, 'verbose': False, 'lr_config': {'mode': 'log', 'steps': 5, 'initial_lr': 0.0005, 'target_lr': 0.0005}, 'batch_per_device': 1024}",62.276307582855225,0,7,7025.0294567022065,1,62.276307582855225
0.007198333740234375,0.1454700469970703,0.005208134651184082,0.039908034460885186,0.03797225952148438,nan,0.0,0.06855981349945069,0.4836999773979187,1.4124594730377198,-0.4836999773979187,nan,0.0,nan,0.0,nan,0.0,0.45758000016212463,1.4832587459564208,nan,0.0,nan,0.0,60000,1,False,,,8,-1.4124594730377198,67b7839009e344d1be13d00cd49d45b5,2019-05-30_14-57-38,1559253458,8.6306791305542,70.90698671340942,27555,steropes,169.229.49.254,"{'starting_lr': 0.0005, 'momentum': 0.95, 'weight_decay': 0.0005, 'steps_per_iteration': None, 'pin': False, 'model_creator': None, 'target_batch_size': 1024, 'model_string': 'resnet18', 'min_batch_size': 512, 'dataset': 'CIFAR', 'placement': None, 'use_nccl': True, 'devices_per_worker': 1, 'primary_resource': 'extra_gpu', 'gpu': False, 'verbose': False, 'lr_config': {'mode': 'log', 'steps': 5, 'initial_lr': 0.0005, 'target_lr': 0.0005}, 'batch_per_device': 1024}",70.90698671340942,0,8,6936.484554237757,1,70.90698671340942
0.008019232749938964,0.15015218257904053,0.005752038955688476,0.03814882161665936,0.033228302001953126,nan,0.0,0.06898279190063476,0.4949999749660492,1.381218886756897,-0.4949999749660492,nan,0.0,nan,0.0,nan,0.0,0.47241997718811035,1.4464291301345826,nan,0.0,nan,0.0,60000,1,False,,,9,-1.381218886756897,67b7839009e344d1be13d00cd49d45b5,2019-05-30_14-57-46,1559253466,8.529162883758545,79.43614959716797,27555,steropes,169.229.49.254,"{'starting_lr': 0.0005, 'momentum': 0.95, 'weight_decay': 0.0005, 'steps_per_iteration': None, 'pin': False, 'model_creator': None, 'target_batch_size': 1024, 'model_string': 'resnet18', 'min_batch_size': 512, 'dataset': 'CIFAR', 'placement': None, 'use_nccl': True, 'devices_per_worker': 1, 'primary_resource': 'extra_gpu', 'gpu': False, 'verbose': False, 'lr_config': {'mode': 'log', 'steps': 5, 'initial_lr': 0.0005, 'target_lr': 0.0005}, 'batch_per_device': 1024}",79.43614959716797,0,9,6941.936980354137,1,79.43614959716797
0.007582545280456543,0.13865156173706056,0.005016517639160156,0.03641305164415009,0.03345909118652344,nan,0.0,0.054538893699646,0.5008000135421753,1.3686611698150635,-0.5008000135421753,nan,0.0,nan,0.0,nan,0.0,0.4780599772930145,1.421243706855774,nan,0.0,nan,0.0,60000,1,False,,,10,-1.3686611698150635,67b7839009e344d1be13d00cd49d45b5,2019-05-30_14-57-55,1559253475,8.304567575454712,87.74071717262268,27555,steropes,169.229.49.254,"{'starting_lr': 0.0005, 'momentum': 0.95, 'weight_decay': 0.0005, 'steps_per_iteration': None, 'pin': False, 'model_creator': None, 'target_batch_size': 1024, 'model_string': 'resnet18', 'min_batch_size': 512, 'dataset': 'CIFAR', 'placement': None, 'use_nccl': True, 'devices_per_worker': 1, 'primary_resource': 'extra_gpu', 'gpu': False, 'verbose': False, 'lr_config': {'mode': 'log', 'steps': 5, 'initial_lr': 0.0005, 'target_lr': 0.0005}, 'batch_per_device': 1024}",87.74071717262268,0,10,7091.323580654163,1,87.74071717262268
0.006904077529907226,0.14668140411376954,0.005463099479675293,0.03206495362885144,0.03645808696746826,nan,0.0,0.0664552927017212,0.5171999931335449,1.329315151977539,-0.5171999931335449,nan,0.0,nan,0.0,nan,0.0,0.49187999963760376,1.3912342557525634,nan,0.0,nan,0.0,60000,1,False,,,11,-1.329315151977539,67b7839009e344d1be13d00cd49d45b5,2019-05-30_14-58-03,1559253483,8.296370506286621,96.0370876789093,27555,steropes,169.229.49.254,"{'starting_lr': 0.0005, 'momentum': 0.95, 'weight_decay': 0.0005, 'steps_per_iteration': None, 'pin': False, 'model_creator': None, 'target_batch_size': 1024, 'model_string': 'resnet18', 'min_batch_size': 512, 'dataset': 'CIFAR', 'placement': None, 'use_nccl': True, 'devices_per_worker': 1, 'primary_resource': 'extra_gpu', 'gpu': False, 'verbose': False, 'lr_config': {'mode': 'log', 'steps': 5, 'initial_lr': 0.0005, 'target_lr': 0.0005}, 'batch_per_device': 1024}",96.0370876789093,0,11,7084.868534989726,1,96.0370876789093
0.007520198822021484,0.14165034294128417,0.0067882537841796875,0.04761688076719946,0.03147966861724853,nan,0.0,0.046750211715698244,0.5256999731063843,1.3107452766418457,-0.5256999731063843,nan,0.0,nan,0.0,nan,0.0,0.5024200081825256,1.3690725367736816,nan,0.0,nan,0.0,60000,1,True,,,12,-1.3107452766418457,67b7839009e344d1be13d00cd49d45b5,2019-05-30_14-58-11,1559253491,8.568236351013184,104.60532402992249,27555,steropes,169.229.49.254,"{'starting_lr': 0.0005, 'momentum': 0.95, 'weight_decay': 0.0005, 'steps_per_iteration': None, 'pin': False, 'model_creator': None, 'target_batch_size': 1024, 'model_string': 'resnet18', 'min_batch_size': 512, 'dataset': 'CIFAR', 'placement': None, 'use_nccl': True, 'devices_per_worker': 1, 'primary_resource': 'extra_gpu', 'gpu': False, 'verbose': False, 'lr_config': {'mode': 'log', 'steps': 5, 'initial_lr': 0.0005, 'target_lr': 0.0005}, 'batch_per_device': 1024}",104.60532402992249,0,12,7087.266837118982,1,104.60532402992249
