{"apply": 0.007209563255310058, "batch_time": 0.17937202453613282, "d2h": 0.005623865127563477, "data_time": 0.036267285444298566, "fwd": 0.07604944705963135, "get_state_time_mean": NaN, "get_state_time_total": 0.0, "grad": 0.1905646562576294, "mean_accuracy": 0.2604999840259552, "mean_loss": 2.1302728717803956, "neg_mean_accuracy": -0.2604999840259552, "set_state_time_mean": NaN, "set_state_time_total": 0.0, "setup_model_time_mean": 13.176655054092407, "setup_model_time_total": 13.176655054092407, "setup_proc_time_mean": 1.7598686218261719, "setup_proc_time_total": 1.7598686218261719, "train_accuracy": 0.14363999664783478, "train_loss": 4.326696844177246, "training_time_mean": NaN, "training_time_total": 0.0, "validation_time_mean": NaN, "validation_time_total": 0.0, "samples": 60000, "num_workers": 1, "done": false, "timesteps_total": null, "episodes_total": null, "training_iteration": 1, "neg_mean_loss": -2.1302728717803956, "experiment_id": "67b7839009e344d1be13d00cd49d45b5", "date": "2019-05-30_14-56-39", "timestamp": 1559253399, "time_this_iter_s": 11.765090465545654, "time_total_s": 11.765090465545654, "pid": 27555, "hostname": "steropes", "node_ip": "169.229.49.254", "config": {"starting_lr": 0.0005, "momentum": 0.95, "weight_decay": 0.0005, "steps_per_iteration": null, "pin": false, "model_creator": null, "target_batch_size": 1024, "model_string": "resnet18", "min_batch_size": 512, "dataset": "CIFAR", "placement": null, "use_nccl": true, "devices_per_worker": 1, "primary_resource": "extra_gpu", "gpu": false, "verbose": false, "lr_config": {"mode": "log", "steps": 5, "initial_lr": 0.0005, "target_lr": 0.0005}, "batch_per_device": 1024}, "time_since_restore": 11.765090465545654, "timesteps_since_restore": 0, "iterations_since_restore": 1, "mean_throughput": 5099.770350664859, "atoms": 1, "resource_time": 11.765090465545654}
{"apply": 0.0076247453689575195, "batch_time": 0.1511681318283081, "d2h": 0.004847812652587891, "data_time": 0.03983328293780891, "fwd": 0.027122640609741212, "get_state_time_mean": NaN, "get_state_time_total": 0.0, "grad": 0.04641025066375733, "mean_accuracy": 0.33969998359680176, "mean_loss": 1.7998600133895875, "neg_mean_accuracy": -0.33969998359680176, "set_state_time_mean": NaN, "set_state_time_total": 0.0, "setup_model_time_mean": NaN, "setup_model_time_total": 0.0, "setup_proc_time_mean": NaN, "setup_proc_time_total": 0.0, "train_accuracy": 0.28727999329566956, "train_loss": 1.96027996673584, "training_time_mean": NaN, "training_time_total": 0.0, "validation_time_mean": NaN, "validation_time_total": 0.0, "samples": 60000, "num_workers": 1, "done": false, "timesteps_total": null, "episodes_total": null, "training_iteration": 2, "neg_mean_loss": -1.7998600133895875, "experiment_id": "67b7839009e344d1be13d00cd49d45b5", "date": "2019-05-30_14-56-46", "timestamp": 1559253406, "time_this_iter_s": 7.807230710983276, "time_total_s": 19.57232117652893, "pid": 27555, "hostname": "steropes", "node_ip": "169.229.49.254", "config": {"starting_lr": 0.0005, "momentum": 0.95, "weight_decay": 0.0005, "steps_per_iteration": null, "pin": false, "model_creator": null, "target_batch_size": 1024, "model_string": "resnet18", "min_batch_size": 512, "dataset": "CIFAR", "placement": null, "use_nccl": true, "devices_per_worker": 1, "primary_resource": "extra_gpu", "gpu": false, "verbose": false, "lr_config": {"mode": "log", "steps": 5, "initial_lr": 0.0005, "target_lr": 0.0005}, "batch_per_device": 1024}, "time_since_restore": 19.57232117652893, "timesteps_since_restore": 0, "iterations_since_restore": 2, "mean_throughput": 6131.036136639645, "atoms": 1, "resource_time": 19.57232117652893}
{"apply": 0.008326363563537598, "batch_time": 0.13394222259521485, "d2h": 0.005164480209350586, "data_time": 0.03704020441794882, "fwd": 0.022359752655029298, "get_state_time_mean": NaN, "get_state_time_total": 0.0, "grad": 0.04379968643188477, "mean_accuracy": 0.3845999836921692, "mean_loss": 1.684053674697876, "neg_mean_accuracy": -0.3845999836921692, "set_state_time_mean": NaN, "set_state_time_total": 0.0, "setup_model_time_mean": NaN, "setup_model_time_total": 0.0, "setup_proc_time_mean": NaN, "setup_proc_time_total": 0.0, "train_accuracy": 0.3450999855995178, "train_loss": 1.7884794114303588, "training_time_mean": NaN, "training_time_total": 0.0, "validation_time_mean": NaN, "validation_time_total": 0.0, "samples": 60000, "num_workers": 1, "done": false, "timesteps_total": null, "episodes_total": null, "training_iteration": 3, "neg_mean_loss": -1.684053674697876, "experiment_id": "67b7839009e344d1be13d00cd49d45b5", "date": "2019-05-30_14-56-54", "timestamp": 1559253414, "time_this_iter_s": 8.085543394088745, "time_total_s": 27.657864570617676, "pid": 27555, "hostname": "steropes", "node_ip": "169.229.49.254", "config": {"starting_lr": 0.0005, "momentum": 0.95, "weight_decay": 0.0005, "steps_per_iteration": null, "pin": false, "model_creator": null, "target_batch_size": 1024, "model_string": "resnet18", "min_batch_size": 512, "dataset": "CIFAR", "placement": null, "use_nccl": true, "devices_per_worker": 1, "primary_resource": "extra_gpu", "gpu": false, "verbose": false, "lr_config": {"mode": "log", "steps": 5, "initial_lr": 0.0005, "target_lr": 0.0005}, "batch_per_device": 1024}, "time_since_restore": 27.657864570617676, "timesteps_since_restore": 0, "iterations_since_restore": 3, "mean_throughput": 6508.020917324454, "atoms": 1, "resource_time": 27.657864570617676}
{"apply": 0.007086658477783203, "batch_time": 0.1395362377166748, "d2h": 0.006540894508361816, "data_time": 0.0388297937354263, "fwd": 0.031427860260009766, "get_state_time_mean": NaN, "get_state_time_total": 0.0, "grad": 0.043978309631347655, "mean_accuracy": 0.4059999883174896, "mean_loss": 1.6039001621246338, "neg_mean_accuracy": -0.4059999883174896, "set_state_time_mean": NaN, "set_state_time_total": 0.0, "setup_model_time_mean": NaN, "setup_model_time_total": 0.0, "setup_proc_time_mean": NaN, "setup_proc_time_total": 0.0, "train_accuracy": 0.37522000074386597, "train_loss": 1.691044946899414, "training_time_mean": NaN, "training_time_total": 0.0, "validation_time_mean": NaN, "validation_time_total": 0.0, "samples": 60000, "num_workers": 1, "done": false, "timesteps_total": null, "episodes_total": null, "training_iteration": 4, "neg_mean_loss": -1.6039001621246338, "experiment_id": "67b7839009e344d1be13d00cd49d45b5", "date": "2019-05-30_14-57-03", "timestamp": 1559253423, "time_this_iter_s": 8.563134670257568, "time_total_s": 36.220999240875244, "pid": 27555, "hostname": "steropes", "node_ip": "169.229.49.254", "config": {"starting_lr": 0.0005, "momentum": 0.95, "weight_decay": 0.0005, "steps_per_iteration": null, "pin": false, "model_creator": null, "target_batch_size": 1024, "model_string": "resnet18", "min_batch_size": 512, "dataset": "CIFAR", "placement": null, "use_nccl": true, "devices_per_worker": 1, "primary_resource": "extra_gpu", "gpu": false, "verbose": false, "lr_config": {"mode": "log", "steps": 5, "initial_lr": 0.0005, "target_lr": 0.0005}, "batch_per_device": 1024}, "time_since_restore": 36.220999240875244, "timesteps_since_restore": 0, "iterations_since_restore": 4, "mean_throughput": 6625.919190299956, "atoms": 1, "resource_time": 36.220999240875244}
{"apply": 0.008195614814758301, "batch_time": 0.1576231002807617, "d2h": 0.0060993671417236325, "data_time": 0.04903984556392747, "fwd": 0.027921724319458007, "get_state_time_mean": NaN, "get_state_time_total": 0.0, "grad": 0.05125937461853027, "mean_accuracy": 0.4341999888420105, "mean_loss": 1.5355376852035523, "neg_mean_accuracy": -0.4341999888420105, "set_state_time_mean": NaN, "set_state_time_total": 0.0, "setup_model_time_mean": NaN, "setup_model_time_total": 0.0, "setup_proc_time_mean": NaN, "setup_proc_time_total": 0.0, "train_accuracy": 0.4046799838542938, "train_loss": 1.6192495624542236, "training_time_mean": NaN, "training_time_total": 0.0, "validation_time_mean": NaN, "validation_time_total": 0.0, "samples": 60000, "num_workers": 1, "done": false, "timesteps_total": null, "episodes_total": null, "training_iteration": 5, "neg_mean_loss": -1.5355376852035523, "experiment_id": "67b7839009e344d1be13d00cd49d45b5", "date": "2019-05-30_14-57-12", "timestamp": 1559253432, "time_this_iter_s": 9.214948177337646, "time_total_s": 45.43594741821289, "pid": 27555, "hostname": "steropes", "node_ip": "169.229.49.254", "config": {"starting_lr": 0.0005, "momentum": 0.95, "weight_decay": 0.0005, "steps_per_iteration": null, "pin": false, "model_creator": null, "target_batch_size": 1024, "model_string": "resnet18", "min_batch_size": 512, "dataset": "CIFAR", "placement": null, "use_nccl": true, "devices_per_worker": 1, "primary_resource": "extra_gpu", "gpu": false, "verbose": false, "lr_config": {"mode": "log", "steps": 5, "initial_lr": 0.0005, "target_lr": 0.0005}, "batch_per_device": 1024}, "time_since_restore": 45.43594741821289, "timesteps_since_restore": 0, "iterations_since_restore": 5, "mean_throughput": 6602.633113658735, "atoms": 1, "resource_time": 45.43594741821289}
{"apply": 0.007181286811828613, "batch_time": 0.12512869834899903, "d2h": 0.0045983314514160155, "data_time": 0.039709713994240274, "fwd": 0.03163530826568604, "get_state_time_mean": NaN, "get_state_time_total": 0.0, "grad": 0.05475926399230957, "mean_accuracy": 0.45729997754096985, "mean_loss": 1.483862268447876, "neg_mean_accuracy": -0.45729997754096985, "set_state_time_mean": NaN, "set_state_time_total": 0.0, "setup_model_time_mean": NaN, "setup_model_time_total": 0.0, "setup_proc_time_mean": NaN, "setup_proc_time_total": 0.0, "train_accuracy": 0.427979975938797, "train_loss": 1.5600871868515014, "training_time_mean": NaN, "training_time_total": 0.0, "validation_time_mean": NaN, "validation_time_total": 0.0, "samples": 60000, "num_workers": 1, "done": false, "timesteps_total": null, "episodes_total": null, "training_iteration": 6, "neg_mean_loss": -1.483862268447876, "experiment_id": "67b7839009e344d1be13d00cd49d45b5", "date": "2019-05-30_14-57-21", "timestamp": 1559253441, "time_this_iter_s": 8.257826566696167, "time_total_s": 53.69377398490906, "pid": 27555, "hostname": "steropes", "node_ip": "169.229.49.254", "config": {"starting_lr": 0.0005, "momentum": 0.95, "weight_decay": 0.0005, "steps_per_iteration": null, "pin": false, "model_creator": null, "target_batch_size": 1024, "model_string": "resnet18", "min_batch_size": 512, "dataset": "CIFAR", "placement": null, "use_nccl": true, "devices_per_worker": 1, "primary_resource": "extra_gpu", "gpu": false, "verbose": false, "lr_config": {"mode": "log", "steps": 5, "initial_lr": 0.0005, "target_lr": 0.0005}, "batch_per_device": 1024}, "time_since_restore": 53.69377398490906, "timesteps_since_restore": 0, "iterations_since_restore": 6, "mean_throughput": 7154.936325340932, "atoms": 1, "resource_time": 53.69377398490906}
{"apply": 0.009054112434387206, "batch_time": 0.12554659843444824, "d2h": 0.005020666122436524, "data_time": 0.04303040796396684, "fwd": 0.03291242122650147, "get_state_time_mean": NaN, "get_state_time_total": 0.0, "grad": 0.062327241897583006, "mean_accuracy": 0.46779999136924744, "mean_loss": 1.4516223596572877, "neg_mean_accuracy": -0.46779999136924744, "set_state_time_mean": NaN, "set_state_time_total": 0.0, "setup_model_time_mean": NaN, "setup_model_time_total": 0.0, "setup_proc_time_mean": NaN, "setup_proc_time_total": 0.0, "train_accuracy": 0.4443199932575226, "train_loss": 1.5150963607406616, "training_time_mean": NaN, "training_time_total": 0.0, "validation_time_mean": NaN, "validation_time_total": 0.0, "samples": 60000, "num_workers": 1, "done": false, "timesteps_total": null, "episodes_total": null, "training_iteration": 7, "neg_mean_loss": -1.4516223596572877, "experiment_id": "67b7839009e344d1be13d00cd49d45b5", "date": "2019-05-30_14-57-29", "timestamp": 1559253449, "time_this_iter_s": 8.582533597946167, "time_total_s": 62.276307582855225, "pid": 27555, "hostname": "steropes", "node_ip": "169.229.49.254", "config": {"starting_lr": 0.0005, "momentum": 0.95, "weight_decay": 0.0005, "steps_per_iteration": null, "pin": false, "model_creator": null, "target_batch_size": 1024, "model_string": "resnet18", "min_batch_size": 512, "dataset": "CIFAR", "placement": null, "use_nccl": true, "devices_per_worker": 1, "primary_resource": "extra_gpu", "gpu": false, "verbose": false, "lr_config": {"mode": "log", "steps": 5, "initial_lr": 0.0005, "target_lr": 0.0005}, "batch_per_device": 1024}, "time_since_restore": 62.276307582855225, "timesteps_since_restore": 0, "iterations_since_restore": 7, "mean_throughput": 7025.0294567022065, "atoms": 1, "resource_time": 62.276307582855225}
{"apply": 0.007198333740234375, "batch_time": 0.1454700469970703, "d2h": 0.005208134651184082, "data_time": 0.039908034460885186, "fwd": 0.03797225952148438, "get_state_time_mean": NaN, "get_state_time_total": 0.0, "grad": 0.06855981349945069, "mean_accuracy": 0.4836999773979187, "mean_loss": 1.4124594730377198, "neg_mean_accuracy": -0.4836999773979187, "set_state_time_mean": NaN, "set_state_time_total": 0.0, "setup_model_time_mean": NaN, "setup_model_time_total": 0.0, "setup_proc_time_mean": NaN, "setup_proc_time_total": 0.0, "train_accuracy": 0.45758000016212463, "train_loss": 1.4832587459564208, "training_time_mean": NaN, "training_time_total": 0.0, "validation_time_mean": NaN, "validation_time_total": 0.0, "samples": 60000, "num_workers": 1, "done": false, "timesteps_total": null, "episodes_total": null, "training_iteration": 8, "neg_mean_loss": -1.4124594730377198, "experiment_id": "67b7839009e344d1be13d00cd49d45b5", "date": "2019-05-30_14-57-38", "timestamp": 1559253458, "time_this_iter_s": 8.6306791305542, "time_total_s": 70.90698671340942, "pid": 27555, "hostname": "steropes", "node_ip": "169.229.49.254", "config": {"starting_lr": 0.0005, "momentum": 0.95, "weight_decay": 0.0005, "steps_per_iteration": null, "pin": false, "model_creator": null, "target_batch_size": 1024, "model_string": "resnet18", "min_batch_size": 512, "dataset": "CIFAR", "placement": null, "use_nccl": true, "devices_per_worker": 1, "primary_resource": "extra_gpu", "gpu": false, "verbose": false, "lr_config": {"mode": "log", "steps": 5, "initial_lr": 0.0005, "target_lr": 0.0005}, "batch_per_device": 1024}, "time_since_restore": 70.90698671340942, "timesteps_since_restore": 0, "iterations_since_restore": 8, "mean_throughput": 6936.484554237757, "atoms": 1, "resource_time": 70.90698671340942}
{"apply": 0.008019232749938964, "batch_time": 0.15015218257904053, "d2h": 0.005752038955688476, "data_time": 0.03814882161665936, "fwd": 0.033228302001953126, "get_state_time_mean": NaN, "get_state_time_total": 0.0, "grad": 0.06898279190063476, "mean_accuracy": 0.4949999749660492, "mean_loss": 1.381218886756897, "neg_mean_accuracy": -0.4949999749660492, "set_state_time_mean": NaN, "set_state_time_total": 0.0, "setup_model_time_mean": NaN, "setup_model_time_total": 0.0, "setup_proc_time_mean": NaN, "setup_proc_time_total": 0.0, "train_accuracy": 0.47241997718811035, "train_loss": 1.4464291301345826, "training_time_mean": NaN, "training_time_total": 0.0, "validation_time_mean": NaN, "validation_time_total": 0.0, "samples": 60000, "num_workers": 1, "done": false, "timesteps_total": null, "episodes_total": null, "training_iteration": 9, "neg_mean_loss": -1.381218886756897, "experiment_id": "67b7839009e344d1be13d00cd49d45b5", "date": "2019-05-30_14-57-46", "timestamp": 1559253466, "time_this_iter_s": 8.529162883758545, "time_total_s": 79.43614959716797, "pid": 27555, "hostname": "steropes", "node_ip": "169.229.49.254", "config": {"starting_lr": 0.0005, "momentum": 0.95, "weight_decay": 0.0005, "steps_per_iteration": null, "pin": false, "model_creator": null, "target_batch_size": 1024, "model_string": "resnet18", "min_batch_size": 512, "dataset": "CIFAR", "placement": null, "use_nccl": true, "devices_per_worker": 1, "primary_resource": "extra_gpu", "gpu": false, "verbose": false, "lr_config": {"mode": "log", "steps": 5, "initial_lr": 0.0005, "target_lr": 0.0005}, "batch_per_device": 1024}, "time_since_restore": 79.43614959716797, "timesteps_since_restore": 0, "iterations_since_restore": 9, "mean_throughput": 6941.936980354137, "atoms": 1, "resource_time": 79.43614959716797}
{"apply": 0.007582545280456543, "batch_time": 0.13865156173706056, "d2h": 0.005016517639160156, "data_time": 0.03641305164415009, "fwd": 0.03345909118652344, "get_state_time_mean": NaN, "get_state_time_total": 0.0, "grad": 0.054538893699646, "mean_accuracy": 0.5008000135421753, "mean_loss": 1.3686611698150635, "neg_mean_accuracy": -0.5008000135421753, "set_state_time_mean": NaN, "set_state_time_total": 0.0, "setup_model_time_mean": NaN, "setup_model_time_total": 0.0, "setup_proc_time_mean": NaN, "setup_proc_time_total": 0.0, "train_accuracy": 0.4780599772930145, "train_loss": 1.421243706855774, "training_time_mean": NaN, "training_time_total": 0.0, "validation_time_mean": NaN, "validation_time_total": 0.0, "samples": 60000, "num_workers": 1, "done": false, "timesteps_total": null, "episodes_total": null, "training_iteration": 10, "neg_mean_loss": -1.3686611698150635, "experiment_id": "67b7839009e344d1be13d00cd49d45b5", "date": "2019-05-30_14-57-55", "timestamp": 1559253475, "time_this_iter_s": 8.304567575454712, "time_total_s": 87.74071717262268, "pid": 27555, "hostname": "steropes", "node_ip": "169.229.49.254", "config": {"starting_lr": 0.0005, "momentum": 0.95, "weight_decay": 0.0005, "steps_per_iteration": null, "pin": false, "model_creator": null, "target_batch_size": 1024, "model_string": "resnet18", "min_batch_size": 512, "dataset": "CIFAR", "placement": null, "use_nccl": true, "devices_per_worker": 1, "primary_resource": "extra_gpu", "gpu": false, "verbose": false, "lr_config": {"mode": "log", "steps": 5, "initial_lr": 0.0005, "target_lr": 0.0005}, "batch_per_device": 1024}, "time_since_restore": 87.74071717262268, "timesteps_since_restore": 0, "iterations_since_restore": 10, "mean_throughput": 7091.323580654163, "atoms": 1, "resource_time": 87.74071717262268}
{"apply": 0.006904077529907226, "batch_time": 0.14668140411376954, "d2h": 0.005463099479675293, "data_time": 0.03206495362885144, "fwd": 0.03645808696746826, "get_state_time_mean": NaN, "get_state_time_total": 0.0, "grad": 0.0664552927017212, "mean_accuracy": 0.5171999931335449, "mean_loss": 1.329315151977539, "neg_mean_accuracy": -0.5171999931335449, "set_state_time_mean": NaN, "set_state_time_total": 0.0, "setup_model_time_mean": NaN, "setup_model_time_total": 0.0, "setup_proc_time_mean": NaN, "setup_proc_time_total": 0.0, "train_accuracy": 0.49187999963760376, "train_loss": 1.3912342557525634, "training_time_mean": NaN, "training_time_total": 0.0, "validation_time_mean": NaN, "validation_time_total": 0.0, "samples": 60000, "num_workers": 1, "done": false, "timesteps_total": null, "episodes_total": null, "training_iteration": 11, "neg_mean_loss": -1.329315151977539, "experiment_id": "67b7839009e344d1be13d00cd49d45b5", "date": "2019-05-30_14-58-03", "timestamp": 1559253483, "time_this_iter_s": 8.296370506286621, "time_total_s": 96.0370876789093, "pid": 27555, "hostname": "steropes", "node_ip": "169.229.49.254", "config": {"starting_lr": 0.0005, "momentum": 0.95, "weight_decay": 0.0005, "steps_per_iteration": null, "pin": false, "model_creator": null, "target_batch_size": 1024, "model_string": "resnet18", "min_batch_size": 512, "dataset": "CIFAR", "placement": null, "use_nccl": true, "devices_per_worker": 1, "primary_resource": "extra_gpu", "gpu": false, "verbose": false, "lr_config": {"mode": "log", "steps": 5, "initial_lr": 0.0005, "target_lr": 0.0005}, "batch_per_device": 1024}, "time_since_restore": 96.0370876789093, "timesteps_since_restore": 0, "iterations_since_restore": 11, "mean_throughput": 7084.868534989726, "atoms": 1, "resource_time": 96.0370876789093}
{"apply": 0.007520198822021484, "batch_time": 0.14165034294128417, "d2h": 0.0067882537841796875, "data_time": 0.04761688076719946, "fwd": 0.03147966861724853, "get_state_time_mean": NaN, "get_state_time_total": 0.0, "grad": 0.046750211715698244, "mean_accuracy": 0.5256999731063843, "mean_loss": 1.3107452766418457, "neg_mean_accuracy": -0.5256999731063843, "set_state_time_mean": NaN, "set_state_time_total": 0.0, "setup_model_time_mean": NaN, "setup_model_time_total": 0.0, "setup_proc_time_mean": NaN, "setup_proc_time_total": 0.0, "train_accuracy": 0.5024200081825256, "train_loss": 1.3690725367736816, "training_time_mean": NaN, "training_time_total": 0.0, "validation_time_mean": NaN, "validation_time_total": 0.0, "samples": 60000, "num_workers": 1, "done": true, "timesteps_total": null, "episodes_total": null, "training_iteration": 12, "neg_mean_loss": -1.3107452766418457, "experiment_id": "67b7839009e344d1be13d00cd49d45b5", "date": "2019-05-30_14-58-11", "timestamp": 1559253491, "time_this_iter_s": 8.568236351013184, "time_total_s": 104.60532402992249, "pid": 27555, "hostname": "steropes", "node_ip": "169.229.49.254", "config": {"starting_lr": 0.0005, "momentum": 0.95, "weight_decay": 0.0005, "steps_per_iteration": null, "pin": false, "model_creator": null, "target_batch_size": 1024, "model_string": "resnet18", "min_batch_size": 512, "dataset": "CIFAR", "placement": null, "use_nccl": true, "devices_per_worker": 1, "primary_resource": "extra_gpu", "gpu": false, "verbose": false, "lr_config": {"mode": "log", "steps": 5, "initial_lr": 0.0005, "target_lr": 0.0005}, "batch_per_device": 1024}, "time_since_restore": 104.60532402992249, "timesteps_since_restore": 0, "iterations_since_restore": 12, "mean_throughput": 7087.266837118982, "atoms": 1, "resource_time": 104.60532402992249}
