apply,batch_time,d2h,data_time,fwd,get_state_time_mean,get_state_time_total,grad,mean_accuracy,mean_loss,neg_mean_accuracy,set_state_time_mean,set_state_time_total,setup_model_time_mean,setup_model_time_total,setup_proc_time_mean,setup_proc_time_total,train_accuracy,train_loss,training_time_mean,training_time_total,val_accuracy,val_loss,validation_time_mean,validation_time_total,samples,num_workers,done,timesteps_total,episodes_total,training_iteration,neg_mean_loss,experiment_id,date,timestamp,time_this_iter_s,time_total_s,pid,hostname,node_ip,config,time_since_restore,timesteps_since_restore,iterations_since_restore,mean_throughput,atoms,setup_time
0.01733880043029785,0.04961901375010044,0.0006664752960205078,0.0018706900994186206,0.12050051689147949,nan,0.0,0.21409900188446046,0.25619998574256897,2.427676168060303,-0.25619998574256897,nan,0.0,8.724562883377075,8.724562883377075,1.9468815326690674,1.9468815326690674,0.1670999974012375,2.530126127471924,nan,0.0,0.25619998574256897,2.427676168060303,nan,0.0,60000,1,False,,,1,-2.427676168060303,c2dbd061e46e49878e381574bc16d007,2019-06-03_22-25-14,1559625914,47.74393105506897,47.74393105506897,26272,steropes,169.229.49.254,"{'starting_lr': 0.0001, 'momentum': 0.997, 'weight_decay': 0.0001, 'steps_per_iteration': None, 'pin': False, 'model_creator': None, 'target_batch_size': 128, 'model_string': 'resnet50', 'min_batch_size': 128, 'dataset': 'CIFAR', 'placement': None, 'use_nccl': True, 'devices_per_worker': 1, 'primary_resource': 'extra_gpu', 'gpu': False, 'verbose': False, 'lr_config': {'mode': 'log', 'steps': 5, 'initial_lr': 0.0001, 'target_lr': 0.0001}, 'batch_per_device': 128}",47.74393105506897,0,1,1256.7017613133437,1,10.766770601272583
0.017371344566345214,0.03163646142694015,0.0007062911987304688,0.0017248608572098911,0.028153324127197267,nan,0.0,0.04778563976287842,0.2968499958515167,2.14469801902771,-0.3375000059604645,nan,0.0,nan,0.0,nan,0.0,0.2714399993419647,2.0959573751449585,nan,0.0,0.3375000059604645,1.8617198699951172,nan,0.0,60000,1,False,,,2,-2.14469801902771,c2dbd061e46e49878e381574bc16d007,2019-06-03_22-25-55,1559625955,41.471328020095825,89.2152590751648,26272,steropes,169.229.49.254,"{'starting_lr': 0.0001, 'momentum': 0.997, 'weight_decay': 0.0001, 'steps_per_iteration': None, 'pin': False, 'model_creator': None, 'target_batch_size': 128, 'model_string': 'resnet50', 'min_batch_size': 128, 'dataset': 'CIFAR', 'placement': None, 'use_nccl': True, 'devices_per_worker': 1, 'primary_resource': 'extra_gpu', 'gpu': False, 'verbose': False, 'lr_config': {'mode': 'log', 'steps': 5, 'initial_lr': 0.0001, 'target_lr': 0.0001}, 'batch_per_device': 128}",89.2152590751648,0,2,1345.0552211269599,1,10.766770601272583
0.01814546585083008,0.031320789192296285,0.0007546424865722656,0.0017644560245601722,0.029226064682006836,nan,0.0,0.048125171661376955,0.3226333260536194,1.9963442746480304,-0.3741999864578247,nan,0.0,nan,0.0,nan,0.0,0.3178599774837494,1.9543915707397461,nan,0.0,0.3741999864578247,1.6996367858886718,nan,0.0,60000,1,False,,,3,-1.9963442746480304,c2dbd061e46e49878e381574bc16d007,2019-06-03_22-26-37,1559625997,41.06891393661499,130.28417301177979,26272,steropes,169.229.49.254,"{'starting_lr': 0.0001, 'momentum': 0.997, 'weight_decay': 0.0001, 'steps_per_iteration': None, 'pin': False, 'model_creator': None, 'target_batch_size': 128, 'model_string': 'resnet50', 'min_batch_size': 128, 'dataset': 'CIFAR', 'placement': None, 'use_nccl': True, 'devices_per_worker': 1, 'primary_resource': 'extra_gpu', 'gpu': False, 'verbose': False, 'lr_config': {'mode': 'log', 'steps': 5, 'initial_lr': 0.0001, 'target_lr': 0.0001}, 'batch_per_device': 128}",130.28417301177979,0,3,1381.5900782333736,1,10.766770601272583
0.01748502254486084,0.03165239020238949,0.0006724834442138672,0.0017847746534420707,0.028119707107543947,nan,0.0,0.04833381175994873,0.3495499938726425,1.8895936272621154,-0.4302999973297119,nan,0.0,nan,0.0,nan,0.0,0.36927998065948486,1.8266149275970458,nan,0.0,0.4302999973297119,1.5693416851043702,nan,0.0,60000,1,False,,,4,-1.8895936272621154,c2dbd061e46e49878e381574bc16d007,2019-06-03_22-27-17,1559626037,40.85484457015991,171.1390175819397,26272,steropes,169.229.49.254,"{'starting_lr': 0.0001, 'momentum': 0.997, 'weight_decay': 0.0001, 'steps_per_iteration': None, 'pin': False, 'model_creator': None, 'target_batch_size': 128, 'model_string': 'resnet50', 'min_batch_size': 128, 'dataset': 'CIFAR', 'placement': None, 'use_nccl': True, 'devices_per_worker': 1, 'primary_resource': 'extra_gpu', 'gpu': False, 'verbose': False, 'lr_config': {'mode': 'log', 'steps': 5, 'initial_lr': 0.0001, 'target_lr': 0.0001}, 'batch_per_device': 128}",171.1390175819397,0,4,1402.3640350155517,1,10.766770601272583
0.017675042152404785,0.03204643575451042,0.0006942510604858399,0.0017510484856412844,0.028542757034301758,nan,0.0,0.04844965934753418,0.36901999115943906,1.817752275695801,-0.44689998030662537,nan,0.0,nan,0.0,nan,0.0,0.3995800018310547,1.7466310632705688,nan,0.0,0.44689998030662537,1.530386869430542,nan,0.0,60000,1,False,,,5,-1.817752275695801,c2dbd061e46e49878e381574bc16d007,2019-06-03_22-27-58,1559626078,40.777175188064575,211.91619277000427,26272,steropes,169.229.49.254,"{'starting_lr': 0.0001, 'momentum': 0.997, 'weight_decay': 0.0001, 'steps_per_iteration': None, 'pin': False, 'model_creator': None, 'target_batch_size': 128, 'model_string': 'resnet50', 'min_batch_size': 128, 'dataset': 'CIFAR', 'placement': None, 'use_nccl': True, 'devices_per_worker': 1, 'primary_resource': 'extra_gpu', 'gpu': False, 'verbose': False, 'lr_config': {'mode': 'log', 'steps': 5, 'initial_lr': 0.0001, 'target_lr': 0.0001}, 'batch_per_device': 128}",211.91619277000427,0,5,1415.649658868067,1,10.766770601272583
0.01736445426940918,0.03156196920177604,0.0007130384445190429,0.0017667871606929222,0.028359580039978027,nan,0.0,0.0495511531829834,0.41187999248504636,1.6267613486480712,-0.47049999237060547,nan,0.0,nan,0.0,nan,0.0,0.43323999643325806,1.6281276692962647,nan,0.0,0.47049999237060547,1.4727215328216552,nan,0.0,60000,1,False,,,6,-1.6267613486480712,c2dbd061e46e49878e381574bc16d007,2019-06-03_22-28-39,1559626119,40.926356077194214,252.8425488471985,26272,steropes,169.229.49.254,"{'starting_lr': 0.0001, 'momentum': 0.997, 'weight_decay': 0.0001, 'steps_per_iteration': None, 'pin': False, 'model_creator': None, 'target_batch_size': 128, 'model_string': 'resnet50', 'min_batch_size': 128, 'dataset': 'CIFAR', 'placement': None, 'use_nccl': True, 'devices_per_worker': 1, 'primary_resource': 'extra_gpu', 'gpu': False, 'verbose': False, 'lr_config': {'mode': 'log', 'steps': 5, 'initial_lr': 0.0001, 'target_lr': 0.0001}, 'batch_per_device': 128}",252.8425488471985,0,6,1462.70649170676,1,10.766770601272583
0.017548203468322754,0.03163961820964572,0.0008711099624633789,0.0017621340349202265,0.028303313255310058,nan,0.0,0.04820239543914795,0.43903998732566835,1.558996533203125,-0.4732999801635742,nan,0.0,nan,0.0,nan,0.0,0.45253998041152954,1.5556634789276123,nan,0.0,0.4732999801635742,1.5228957927703857,nan,0.0,60000,1,False,,,7,-1.558996533203125,c2dbd061e46e49878e381574bc16d007,2019-06-03_22-29-20,1559626160,40.97580099105835,293.81834983825684,26272,steropes,169.229.49.254,"{'starting_lr': 0.0001, 'momentum': 0.997, 'weight_decay': 0.0001, 'steps_per_iteration': None, 'pin': False, 'model_creator': None, 'target_batch_size': 128, 'model_string': 'resnet50', 'min_batch_size': 128, 'dataset': 'CIFAR', 'placement': None, 'use_nccl': True, 'devices_per_worker': 1, 'primary_resource': 'extra_gpu', 'gpu': False, 'verbose': False, 'lr_config': {'mode': 'log', 'steps': 5, 'initial_lr': 0.0001, 'target_lr': 0.0001}, 'batch_per_device': 128}",293.81834983825684,0,7,1466.2507079810118,1,10.766770601272583
0.01799354553222656,0.032405288913581944,0.000839686393737793,0.001749172235084007,0.028765535354614256,nan,0.0,0.0484511137008667,0.4620599865913391,1.5158276659393308,-0.4892999827861786,nan,0.0,nan,0.0,nan,0.0,0.4662399888038635,1.505387884902954,nan,0.0,0.4892999827861786,1.4837924495697021,nan,0.0,60000,1,False,,,8,-1.5158276659393308,c2dbd061e46e49878e381574bc16d007,2019-06-03_22-30-01,1559626201,41.2358558177948,335.05420565605164,26272,steropes,169.229.49.254,"{'starting_lr': 0.0001, 'momentum': 0.997, 'weight_decay': 0.0001, 'steps_per_iteration': None, 'pin': False, 'model_creator': None, 'target_batch_size': 128, 'model_string': 'resnet50', 'min_batch_size': 128, 'dataset': 'CIFAR', 'placement': None, 'use_nccl': True, 'devices_per_worker': 1, 'primary_resource': 'extra_gpu', 'gpu': False, 'verbose': False, 'lr_config': {'mode': 'log', 'steps': 5, 'initial_lr': 0.0001, 'target_lr': 0.0001}, 'batch_per_device': 128}",335.05420565605164,0,8,1465.0553287958194,1,10.766770601272583
0.017351818084716798,0.0318004028706611,0.00082550048828125,0.0017493167496703166,0.02805919647216797,nan,0.0,0.04796864986419678,0.47641998529434204,1.524387830810547,-0.5020999908447266,nan,0.0,nan,0.0,nan,0.0,0.4785799980163574,1.4831586241912842,nan,0.0,0.5020999908447266,1.6121425094604491,nan,0.0,60000,1,False,,,9,-1.524387830810547,c2dbd061e46e49878e381574bc16d007,2019-06-03_22-30-42,1559626242,40.85714650154114,375.9113521575928,26272,steropes,169.229.49.254,"{'starting_lr': 0.0001, 'momentum': 0.997, 'weight_decay': 0.0001, 'steps_per_iteration': None, 'pin': False, 'model_creator': None, 'target_batch_size': 128, 'model_string': 'resnet50', 'min_batch_size': 128, 'dataset': 'CIFAR', 'placement': None, 'use_nccl': True, 'devices_per_worker': 1, 'primary_resource': 'extra_gpu', 'gpu': False, 'verbose': False, 'lr_config': {'mode': 'log', 'steps': 5, 'initial_lr': 0.0001, 'target_lr': 0.0001}, 'batch_per_device': 128}",375.9113521575928,0,9,1465.038854410823,1,10.766770601272583
0.01809234619140625,0.031898254080663754,0.000750875473022461,0.0017706292974369606,0.028969001770019532,nan,0.0,0.04844045639038086,0.4869399845600128,1.7178628139495848,-0.49949997663497925,nan,0.0,nan,0.0,nan,0.0,0.4843999743461609,1.4761538232421876,nan,0.0,0.49949997663497925,2.4977617851257325,nan,0.0,60000,1,False,,,10,-1.7178628139495848,c2dbd061e46e49878e381574bc16d007,2019-06-03_22-31-23,1559626283,41.21817350387573,417.1295256614685,26272,steropes,169.229.49.254,"{'starting_lr': 0.0001, 'momentum': 0.997, 'weight_decay': 0.0001, 'steps_per_iteration': None, 'pin': False, 'model_creator': None, 'target_batch_size': 128, 'model_string': 'resnet50', 'min_batch_size': 128, 'dataset': 'CIFAR', 'placement': None, 'use_nccl': True, 'devices_per_worker': 1, 'primary_resource': 'extra_gpu', 'gpu': False, 'verbose': False, 'lr_config': {'mode': 'log', 'steps': 5, 'initial_lr': 0.0001, 'target_lr': 0.0001}, 'batch_per_device': 128}",417.1295256614685,0,10,1461.8905336845369,1,10.766770601272583
0.017695808410644533,0.03138463406623164,0.0007105112075805664,0.0017556790500650626,0.028529953956604005,nan,0.0,0.04739279747009277,0.494519978761673,1.8362011404418943,-0.5083999633789062,nan,0.0,nan,0.0,nan,0.0,0.49799999594688416,1.451614941253662,nan,0.0,0.5083999633789062,2.064413165283203,nan,0.0,60000,1,False,,,11,-1.8362011404418943,c2dbd061e46e49878e381574bc16d007,2019-06-03_22-32-04,1559626324,41.00125741958618,458.1307830810547,26272,steropes,169.229.49.254,"{'starting_lr': 0.0001, 'momentum': 0.997, 'weight_decay': 0.0001, 'steps_per_iteration': None, 'pin': False, 'model_creator': None, 'target_batch_size': 128, 'model_string': 'resnet50', 'min_batch_size': 128, 'dataset': 'CIFAR', 'placement': None, 'use_nccl': True, 'devices_per_worker': 1, 'primary_resource': 'extra_gpu', 'gpu': False, 'verbose': False, 'lr_config': {'mode': 'log', 'steps': 5, 'initial_lr': 0.0001, 'target_lr': 0.0001}, 'batch_per_device': 128}",458.1307830810547,0,11,1461.3571400106778,1,10.766770601272583
0.017449569702148438,0.03213096872160706,0.0007569789886474609,0.0017883881278659987,0.028329968452453613,nan,0.0,0.048302316665649415,0.5037999808788299,2.0928329493713376,-0.5196999907493591,nan,0.0,nan,0.0,nan,0.0,0.5049399733543396,1.4484492945861815,nan,0.0,0.5196999907493591,2.8060548374176024,nan,0.0,60000,1,False,,,12,-2.0928329493713376,c2dbd061e46e49878e381574bc16d007,2019-06-03_22-32-45,1559626365,40.99612498283386,499.12690806388855,26272,steropes,169.229.49.254,"{'starting_lr': 0.0001, 'momentum': 0.997, 'weight_decay': 0.0001, 'steps_per_iteration': None, 'pin': False, 'model_creator': None, 'target_batch_size': 128, 'model_string': 'resnet50', 'min_batch_size': 128, 'dataset': 'CIFAR', 'placement': None, 'use_nccl': True, 'devices_per_worker': 1, 'primary_resource': 'extra_gpu', 'gpu': False, 'verbose': False, 'lr_config': {'mode': 'log', 'steps': 5, 'initial_lr': 0.0001, 'target_lr': 0.0001}, 'batch_per_device': 128}",499.12690806388855,0,12,1461.2122326543547,1,10.766770601272583
0.017454147338867188,0.031441978261440615,0.0007543563842773438,0.0017776538039107456,0.028143668174743654,nan,0.0,0.04772982597351074,0.5095999836921692,2.0952330904388425,-0.5182999968528748,nan,0.0,nan,0.0,nan,0.0,0.4973999857902527,1.487611256980896,nan,0.0,0.5182999968528748,1.4957931549072265,nan,0.0,60000,1,False,,,13,-2.0952330904388425,c2dbd061e46e49878e381574bc16d007,2019-06-03_22-33-27,1559626407,41.13641285896301,540.2633209228516,26272,steropes,169.229.49.254,"{'starting_lr': 0.0001, 'momentum': 0.997, 'weight_decay': 0.0001, 'steps_per_iteration': None, 'pin': False, 'model_creator': None, 'target_batch_size': 128, 'model_string': 'resnet50', 'min_batch_size': 128, 'dataset': 'CIFAR', 'placement': None, 'use_nccl': True, 'devices_per_worker': 1, 'primary_resource': 'extra_gpu', 'gpu': False, 'verbose': False, 'lr_config': {'mode': 'log', 'steps': 5, 'initial_lr': 0.0001, 'target_lr': 0.0001}, 'batch_per_device': 128}",540.2633209228516,0,13,1461.9198509331839,1,10.766770601272583
0.017334890365600587,0.03133576731138592,0.0006920576095581054,0.0017702128271312664,0.028389787673950194,nan,0.0,0.0486370325088501,0.5145999789237976,2.1709613094329834,-0.5270999670028687,nan,0.0,nan,0.0,nan,0.0,0.5051599740982056,1.399634206199646,nan,0.0,0.5270999670028687,1.9907836044311524,nan,0.0,60000,1,False,,,14,-2.1709613094329834,c2dbd061e46e49878e381574bc16d007,2019-06-03_22-34-07,1559626447,40.88627314567566,581.1495940685272,26272,steropes,169.229.49.254,"{'starting_lr': 0.0001, 'momentum': 0.997, 'weight_decay': 0.0001, 'steps_per_iteration': None, 'pin': False, 'model_creator': None, 'target_batch_size': 128, 'model_string': 'resnet50', 'min_batch_size': 128, 'dataset': 'CIFAR', 'placement': None, 'use_nccl': True, 'devices_per_worker': 1, 'primary_resource': 'extra_gpu', 'gpu': False, 'verbose': False, 'lr_config': {'mode': 'log', 'steps': 5, 'initial_lr': 0.0001, 'target_lr': 0.0001}, 'batch_per_device': 128}",581.1495940685272,0,14,1461.7123795328223,1,10.766770601272583
0.017900776863098145,0.031557080111926115,0.0007392406463623047,0.001756429672241211,0.02832331657409668,nan,0.0,0.05066425800323486,0.5205199837684631,2.0024600225830076,-0.5291000008583069,nan,0.0,nan,0.0,nan,0.0,0.5217800140380859,1.3578982922744751,nan,0.0,0.5291000008583069,1.6552553508758545,nan,0.0,60000,1,False,,,15,-2.0024600225830076,c2dbd061e46e49878e381574bc16d007,2019-06-03_22-34-49,1559626489,41.06481862068176,622.214412689209,26272,steropes,169.229.49.254,"{'starting_lr': 0.0001, 'momentum': 0.997, 'weight_decay': 0.0001, 'steps_per_iteration': None, 'pin': False, 'model_creator': None, 'target_batch_size': 128, 'model_string': 'resnet50', 'min_batch_size': 128, 'dataset': 'CIFAR', 'placement': None, 'use_nccl': True, 'devices_per_worker': 1, 'primary_resource': 'extra_gpu', 'gpu': False, 'verbose': False, 'lr_config': {'mode': 'log', 'steps': 5, 'initial_lr': 0.0001, 'target_lr': 0.0001}, 'batch_per_device': 128}",622.214412689209,0,15,1462.8053776821855,1,10.766770601272583
0.017175984382629395,0.03213397158852106,0.0007421970367431641,0.00176464505207813,0.028185558319091798,nan,0.0,0.04889788627624512,0.528659987449646,1.8656797471618654,-0.5490999817848206,nan,0.0,nan,0.0,nan,0.0,0.5373600125312805,1.3050234744262694,nan,0.0,0.5490999817848206,1.3805117881774902,nan,0.0,60000,1,False,,,16,-1.8656797471618654,c2dbd061e46e49878e381574bc16d007,2019-06-03_22-35-29,1559626529,40.76991939544678,662.9843320846558,26272,steropes,169.229.49.254,"{'starting_lr': 0.0001, 'momentum': 0.997, 'weight_decay': 0.0001, 'steps_per_iteration': None, 'pin': False, 'model_creator': None, 'target_batch_size': 128, 'model_string': 'resnet50', 'min_batch_size': 128, 'dataset': 'CIFAR', 'placement': None, 'use_nccl': True, 'devices_per_worker': 1, 'primary_resource': 'extra_gpu', 'gpu': False, 'verbose': False, 'lr_config': {'mode': 'log', 'steps': 5, 'initial_lr': 0.0001, 'target_lr': 0.0001}, 'batch_per_device': 128}",662.9843320846558,0,16,1464.4572926328287,1,10.766770601272583
0.018511152267456053,0.03166025197958645,0.0007246017456054687,0.001750867994849944,0.02863287925720215,nan,0.0,0.04883682727813721,0.537339985370636,1.6252368337249756,-0.5630999803543091,nan,0.0,nan,0.0,nan,0.0,0.5553399920463562,1.2574603790664673,nan,0.0,0.5630999803543091,1.6038402702331542,nan,0.0,60000,1,False,,,17,-1.6252368337249756,c2dbd061e46e49878e381574bc16d007,2019-06-03_22-36-10,1559626570,40.84204053878784,703.8263726234436,26272,steropes,169.229.49.254,"{'starting_lr': 0.0001, 'momentum': 0.997, 'weight_decay': 0.0001, 'steps_per_iteration': None, 'pin': False, 'model_creator': None, 'target_batch_size': 128, 'model_string': 'resnet50', 'min_batch_size': 128, 'dataset': 'CIFAR', 'placement': None, 'use_nccl': True, 'devices_per_worker': 1, 'primary_resource': 'extra_gpu', 'gpu': False, 'verbose': False, 'lr_config': {'mode': 'log', 'steps': 5, 'initial_lr': 0.0001, 'target_lr': 0.0001}, 'batch_per_device': 128}",703.8263726234436,0,17,1465.5598908009897,1,10.766770601272583
0.017527842521667482,0.031366622900661036,0.0007110118865966796,0.0017459984020808774,0.02821614742279053,nan,0.0,0.04854228496551514,0.5445599794387818,1.6591571862792969,-0.5543999671936035,nan,0.0,nan,0.0,nan,0.0,0.5546799898147583,1.2917267739868163,nan,0.0,0.5543999671936035,1.665394917678833,nan,0.0,60000,1,False,,,18,-1.6591571862792969,c2dbd061e46e49878e381574bc16d007,2019-06-03_22-36-51,1559626611,40.488807916641235,744.3151805400848,26272,steropes,169.229.49.254,"{'starting_lr': 0.0001, 'momentum': 0.997, 'weight_decay': 0.0001, 'steps_per_iteration': None, 'pin': False, 'model_creator': None, 'target_batch_size': 128, 'model_string': 'resnet50', 'min_batch_size': 128, 'dataset': 'CIFAR', 'placement': None, 'use_nccl': True, 'devices_per_worker': 1, 'primary_resource': 'extra_gpu', 'gpu': False, 'verbose': False, 'lr_config': {'mode': 'log', 'steps': 5, 'initial_lr': 0.0001, 'target_lr': 0.0001}, 'batch_per_device': 128}",744.3151805400848,0,18,1470.2111659097477,1,10.766770601272583
0.017749500274658204,0.032010986835141725,0.0007529258728027344,0.0017346244333955028,0.02848081588745117,nan,0.0,0.0474074125289917,0.5527799844741821,1.5126771698760986,-0.5681999921798706,nan,0.0,nan,0.0,nan,0.0,0.5554400086402893,1.2672236749267578,nan,0.0,0.5681999921798706,1.2583835224151612,nan,0.0,60000,1,False,,,19,-1.5126771698760986,c2dbd061e46e49878e381574bc16d007,2019-06-03_22-37-31,1559626651,40.541789054870605,784.8569695949554,26272,steropes,169.229.49.254,"{'starting_lr': 0.0001, 'momentum': 0.997, 'weight_decay': 0.0001, 'steps_per_iteration': None, 'pin': False, 'model_creator': None, 'target_batch_size': 128, 'model_string': 'resnet50', 'min_batch_size': 128, 'dataset': 'CIFAR', 'placement': None, 'use_nccl': True, 'devices_per_worker': 1, 'primary_resource': 'extra_gpu', 'gpu': False, 'verbose': False, 'lr_config': {'mode': 'log', 'steps': 5, 'initial_lr': 0.0001, 'target_lr': 0.0001}, 'batch_per_device': 128}",784.8569695949554,0,19,1472.6973967630852,1,10.766770601272583
0.0179579496383667,0.03171855286706852,0.0006998538970947266,0.001762266354182797,0.02828245162963867,nan,0.0,0.04872584342956543,0.5632199764251709,1.421043909263611,-0.5812999606132507,nan,0.0,nan,0.0,nan,0.0,0.5684599876403809,1.2383542464828492,nan,0.0,0.5812999606132507,1.1970890478134155,nan,0.0,60000,1,False,,,20,-1.421043909263611,c2dbd061e46e49878e381574bc16d007,2019-06-03_22-38-12,1559626692,40.82769989967346,825.6846694946289,26272,steropes,169.229.49.254,"{'starting_lr': 0.0001, 'momentum': 0.997, 'weight_decay': 0.0001, 'steps_per_iteration': None, 'pin': False, 'model_creator': None, 'target_batch_size': 128, 'model_string': 'resnet50', 'min_batch_size': 128, 'dataset': 'CIFAR', 'placement': None, 'use_nccl': True, 'devices_per_worker': 1, 'primary_resource': 'extra_gpu', 'gpu': False, 'verbose': False, 'lr_config': {'mode': 'log', 'steps': 5, 'initial_lr': 0.0001, 'target_lr': 0.0001}, 'batch_per_device': 128}",825.6846694946289,0,20,1474.413648319005,1,10.766770601272583
0.018073630332946778,0.031425421750998196,0.0006979465484619141,0.001732877453269861,0.028465843200683592,nan,0.0,0.047744154930114746,0.5699199795722961,1.4227335902023317,-0.5825999975204468,nan,0.0,nan,0.0,nan,0.0,0.5798799991607666,1.1754924086380005,nan,0.0,0.5825999975204468,1.3889601928710937,nan,0.0,60000,1,False,,,21,-1.4227335902023317,c2dbd061e46e49878e381574bc16d007,2019-06-03_22-38-53,1559626733,40.646613359451294,866.3312828540802,26272,steropes,169.229.49.254,"{'starting_lr': 0.0001, 'momentum': 0.997, 'weight_decay': 0.0001, 'steps_per_iteration': None, 'pin': False, 'model_creator': None, 'target_batch_size': 128, 'model_string': 'resnet50', 'min_batch_size': 128, 'dataset': 'CIFAR', 'placement': None, 'use_nccl': True, 'devices_per_worker': 1, 'primary_resource': 'extra_gpu', 'gpu': False, 'verbose': False, 'lr_config': {'mode': 'log', 'steps': 5, 'initial_lr': 0.0001, 'target_lr': 0.0001}, 'batch_per_device': 128}",866.3312828540802,0,21,1475.3077360980658,1,10.766770601272583
