{"apply": 0.01733880043029785, "batch_time": 0.04961901375010044, "d2h": 0.0006664752960205078, "data_time": 0.0018706900994186206, "fwd": 0.12050051689147949, "get_state_time_mean": NaN, "get_state_time_total": 0.0, "grad": 0.21409900188446046, "mean_accuracy": 0.25619998574256897, "mean_loss": 2.427676168060303, "neg_mean_accuracy": -0.25619998574256897, "set_state_time_mean": NaN, "set_state_time_total": 0.0, "setup_model_time_mean": 8.724562883377075, "setup_model_time_total": 8.724562883377075, "setup_proc_time_mean": 1.9468815326690674, "setup_proc_time_total": 1.9468815326690674, "train_accuracy": 0.1670999974012375, "train_loss": 2.530126127471924, "training_time_mean": NaN, "training_time_total": 0.0, "val_accuracy": 0.25619998574256897, "val_loss": 2.427676168060303, "validation_time_mean": NaN, "validation_time_total": 0.0, "samples": 60000, "num_workers": 1, "done": false, "timesteps_total": null, "episodes_total": null, "training_iteration": 1, "neg_mean_loss": -2.427676168060303, "experiment_id": "c2dbd061e46e49878e381574bc16d007", "date": "2019-06-03_22-25-14", "timestamp": 1559625914, "time_this_iter_s": 47.74393105506897, "time_total_s": 47.74393105506897, "pid": 26272, "hostname": "steropes", "node_ip": "169.229.49.254", "config": {"starting_lr": 0.0001, "momentum": 0.997, "weight_decay": 0.0001, "steps_per_iteration": null, "pin": false, "model_creator": null, "target_batch_size": 128, "model_string": "resnet50", "min_batch_size": 128, "dataset": "CIFAR", "placement": null, "use_nccl": true, "devices_per_worker": 1, "primary_resource": "extra_gpu", "gpu": false, "verbose": false, "lr_config": {"mode": "log", "steps": 5, "initial_lr": 0.0001, "target_lr": 0.0001}, "batch_per_device": 128}, "time_since_restore": 47.74393105506897, "timesteps_since_restore": 0, "iterations_since_restore": 1, "mean_throughput": 1256.7017613133437, "atoms": 1, "setup_time": 10.766770601272583}
{"apply": 0.017371344566345214, "batch_time": 0.03163646142694015, "d2h": 0.0007062911987304688, "data_time": 0.0017248608572098911, "fwd": 0.028153324127197267, "get_state_time_mean": NaN, "get_state_time_total": 0.0, "grad": 0.04778563976287842, "mean_accuracy": 0.2968499958515167, "mean_loss": 2.14469801902771, "neg_mean_accuracy": -0.3375000059604645, "set_state_time_mean": NaN, "set_state_time_total": 0.0, "setup_model_time_mean": NaN, "setup_model_time_total": 0.0, "setup_proc_time_mean": NaN, "setup_proc_time_total": 0.0, "train_accuracy": 0.2714399993419647, "train_loss": 2.0959573751449585, "training_time_mean": NaN, "training_time_total": 0.0, "val_accuracy": 0.3375000059604645, "val_loss": 1.8617198699951172, "validation_time_mean": NaN, "validation_time_total": 0.0, "samples": 60000, "num_workers": 1, "done": false, "timesteps_total": null, "episodes_total": null, "training_iteration": 2, "neg_mean_loss": -2.14469801902771, "experiment_id": "c2dbd061e46e49878e381574bc16d007", "date": "2019-06-03_22-25-55", "timestamp": 1559625955, "time_this_iter_s": 41.471328020095825, "time_total_s": 89.2152590751648, "pid": 26272, "hostname": "steropes", "node_ip": "169.229.49.254", "config": {"starting_lr": 0.0001, "momentum": 0.997, "weight_decay": 0.0001, "steps_per_iteration": null, "pin": false, "model_creator": null, "target_batch_size": 128, "model_string": "resnet50", "min_batch_size": 128, "dataset": "CIFAR", "placement": null, "use_nccl": true, "devices_per_worker": 1, "primary_resource": "extra_gpu", "gpu": false, "verbose": false, "lr_config": {"mode": "log", "steps": 5, "initial_lr": 0.0001, "target_lr": 0.0001}, "batch_per_device": 128}, "time_since_restore": 89.2152590751648, "timesteps_since_restore": 0, "iterations_since_restore": 2, "mean_throughput": 1345.0552211269599, "atoms": 1, "setup_time": 10.766770601272583}
{"apply": 0.01814546585083008, "batch_time": 0.031320789192296285, "d2h": 0.0007546424865722656, "data_time": 0.0017644560245601722, "fwd": 0.029226064682006836, "get_state_time_mean": NaN, "get_state_time_total": 0.0, "grad": 0.048125171661376955, "mean_accuracy": 0.3226333260536194, "mean_loss": 1.9963442746480304, "neg_mean_accuracy": -0.3741999864578247, "set_state_time_mean": NaN, "set_state_time_total": 0.0, "setup_model_time_mean": NaN, "setup_model_time_total": 0.0, "setup_proc_time_mean": NaN, "setup_proc_time_total": 0.0, "train_accuracy": 0.3178599774837494, "train_loss": 1.9543915707397461, "training_time_mean": NaN, "training_time_total": 0.0, "val_accuracy": 0.3741999864578247, "val_loss": 1.6996367858886718, "validation_time_mean": NaN, "validation_time_total": 0.0, "samples": 60000, "num_workers": 1, "done": false, "timesteps_total": null, "episodes_total": null, "training_iteration": 3, "neg_mean_loss": -1.9963442746480304, "experiment_id": "c2dbd061e46e49878e381574bc16d007", "date": "2019-06-03_22-26-37", "timestamp": 1559625997, "time_this_iter_s": 41.06891393661499, "time_total_s": 130.28417301177979, "pid": 26272, "hostname": "steropes", "node_ip": "169.229.49.254", "config": {"starting_lr": 0.0001, "momentum": 0.997, "weight_decay": 0.0001, "steps_per_iteration": null, "pin": false, "model_creator": null, "target_batch_size": 128, "model_string": "resnet50", "min_batch_size": 128, "dataset": "CIFAR", "placement": null, "use_nccl": true, "devices_per_worker": 1, "primary_resource": "extra_gpu", "gpu": false, "verbose": false, "lr_config": {"mode": "log", "steps": 5, "initial_lr": 0.0001, "target_lr": 0.0001}, "batch_per_device": 128}, "time_since_restore": 130.28417301177979, "timesteps_since_restore": 0, "iterations_since_restore": 3, "mean_throughput": 1381.5900782333736, "atoms": 1, "setup_time": 10.766770601272583}
{"apply": 0.01748502254486084, "batch_time": 0.03165239020238949, "d2h": 0.0006724834442138672, "data_time": 0.0017847746534420707, "fwd": 0.028119707107543947, "get_state_time_mean": NaN, "get_state_time_total": 0.0, "grad": 0.04833381175994873, "mean_accuracy": 0.3495499938726425, "mean_loss": 1.8895936272621154, "neg_mean_accuracy": -0.4302999973297119, "set_state_time_mean": NaN, "set_state_time_total": 0.0, "setup_model_time_mean": NaN, "setup_model_time_total": 0.0, "setup_proc_time_mean": NaN, "setup_proc_time_total": 0.0, "train_accuracy": 0.36927998065948486, "train_loss": 1.8266149275970458, "training_time_mean": NaN, "training_time_total": 0.0, "val_accuracy": 0.4302999973297119, "val_loss": 1.5693416851043702, "validation_time_mean": NaN, "validation_time_total": 0.0, "samples": 60000, "num_workers": 1, "done": false, "timesteps_total": null, "episodes_total": null, "training_iteration": 4, "neg_mean_loss": -1.8895936272621154, "experiment_id": "c2dbd061e46e49878e381574bc16d007", "date": "2019-06-03_22-27-17", "timestamp": 1559626037, "time_this_iter_s": 40.85484457015991, "time_total_s": 171.1390175819397, "pid": 26272, "hostname": "steropes", "node_ip": "169.229.49.254", "config": {"starting_lr": 0.0001, "momentum": 0.997, "weight_decay": 0.0001, "steps_per_iteration": null, "pin": false, "model_creator": null, "target_batch_size": 128, "model_string": "resnet50", "min_batch_size": 128, "dataset": "CIFAR", "placement": null, "use_nccl": true, "devices_per_worker": 1, "primary_resource": "extra_gpu", "gpu": false, "verbose": false, "lr_config": {"mode": "log", "steps": 5, "initial_lr": 0.0001, "target_lr": 0.0001}, "batch_per_device": 128}, "time_since_restore": 171.1390175819397, "timesteps_since_restore": 0, "iterations_since_restore": 4, "mean_throughput": 1402.3640350155517, "atoms": 1, "setup_time": 10.766770601272583}
{"apply": 0.017675042152404785, "batch_time": 0.03204643575451042, "d2h": 0.0006942510604858399, "data_time": 0.0017510484856412844, "fwd": 0.028542757034301758, "get_state_time_mean": NaN, "get_state_time_total": 0.0, "grad": 0.04844965934753418, "mean_accuracy": 0.36901999115943906, "mean_loss": 1.817752275695801, "neg_mean_accuracy": -0.44689998030662537, "set_state_time_mean": NaN, "set_state_time_total": 0.0, "setup_model_time_mean": NaN, "setup_model_time_total": 0.0, "setup_proc_time_mean": NaN, "setup_proc_time_total": 0.0, "train_accuracy": 0.3995800018310547, "train_loss": 1.7466310632705688, "training_time_mean": NaN, "training_time_total": 0.0, "val_accuracy": 0.44689998030662537, "val_loss": 1.530386869430542, "validation_time_mean": NaN, "validation_time_total": 0.0, "samples": 60000, "num_workers": 1, "done": false, "timesteps_total": null, "episodes_total": null, "training_iteration": 5, "neg_mean_loss": -1.817752275695801, "experiment_id": "c2dbd061e46e49878e381574bc16d007", "date": "2019-06-03_22-27-58", "timestamp": 1559626078, "time_this_iter_s": 40.777175188064575, "time_total_s": 211.91619277000427, "pid": 26272, "hostname": "steropes", "node_ip": "169.229.49.254", "config": {"starting_lr": 0.0001, "momentum": 0.997, "weight_decay": 0.0001, "steps_per_iteration": null, "pin": false, "model_creator": null, "target_batch_size": 128, "model_string": "resnet50", "min_batch_size": 128, "dataset": "CIFAR", "placement": null, "use_nccl": true, "devices_per_worker": 1, "primary_resource": "extra_gpu", "gpu": false, "verbose": false, "lr_config": {"mode": "log", "steps": 5, "initial_lr": 0.0001, "target_lr": 0.0001}, "batch_per_device": 128}, "time_since_restore": 211.91619277000427, "timesteps_since_restore": 0, "iterations_since_restore": 5, "mean_throughput": 1415.649658868067, "atoms": 1, "setup_time": 10.766770601272583}
{"apply": 0.01736445426940918, "batch_time": 0.03156196920177604, "d2h": 0.0007130384445190429, "data_time": 0.0017667871606929222, "fwd": 0.028359580039978027, "get_state_time_mean": NaN, "get_state_time_total": 0.0, "grad": 0.0495511531829834, "mean_accuracy": 0.41187999248504636, "mean_loss": 1.6267613486480712, "neg_mean_accuracy": -0.47049999237060547, "set_state_time_mean": NaN, "set_state_time_total": 0.0, "setup_model_time_mean": NaN, "setup_model_time_total": 0.0, "setup_proc_time_mean": NaN, "setup_proc_time_total": 0.0, "train_accuracy": 0.43323999643325806, "train_loss": 1.6281276692962647, "training_time_mean": NaN, "training_time_total": 0.0, "val_accuracy": 0.47049999237060547, "val_loss": 1.4727215328216552, "validation_time_mean": NaN, "validation_time_total": 0.0, "samples": 60000, "num_workers": 1, "done": false, "timesteps_total": null, "episodes_total": null, "training_iteration": 6, "neg_mean_loss": -1.6267613486480712, "experiment_id": "c2dbd061e46e49878e381574bc16d007", "date": "2019-06-03_22-28-39", "timestamp": 1559626119, "time_this_iter_s": 40.926356077194214, "time_total_s": 252.8425488471985, "pid": 26272, "hostname": "steropes", "node_ip": "169.229.49.254", "config": {"starting_lr": 0.0001, "momentum": 0.997, "weight_decay": 0.0001, "steps_per_iteration": null, "pin": false, "model_creator": null, "target_batch_size": 128, "model_string": "resnet50", "min_batch_size": 128, "dataset": "CIFAR", "placement": null, "use_nccl": true, "devices_per_worker": 1, "primary_resource": "extra_gpu", "gpu": false, "verbose": false, "lr_config": {"mode": "log", "steps": 5, "initial_lr": 0.0001, "target_lr": 0.0001}, "batch_per_device": 128}, "time_since_restore": 252.8425488471985, "timesteps_since_restore": 0, "iterations_since_restore": 6, "mean_throughput": 1462.70649170676, "atoms": 1, "setup_time": 10.766770601272583}
{"apply": 0.017548203468322754, "batch_time": 0.03163961820964572, "d2h": 0.0008711099624633789, "data_time": 0.0017621340349202265, "fwd": 0.028303313255310058, "get_state_time_mean": NaN, "get_state_time_total": 0.0, "grad": 0.04820239543914795, "mean_accuracy": 0.43903998732566835, "mean_loss": 1.558996533203125, "neg_mean_accuracy": -0.4732999801635742, "set_state_time_mean": NaN, "set_state_time_total": 0.0, "setup_model_time_mean": NaN, "setup_model_time_total": 0.0, "setup_proc_time_mean": NaN, "setup_proc_time_total": 0.0, "train_accuracy": 0.45253998041152954, "train_loss": 1.5556634789276123, "training_time_mean": NaN, "training_time_total": 0.0, "val_accuracy": 0.4732999801635742, "val_loss": 1.5228957927703857, "validation_time_mean": NaN, "validation_time_total": 0.0, "samples": 60000, "num_workers": 1, "done": false, "timesteps_total": null, "episodes_total": null, "training_iteration": 7, "neg_mean_loss": -1.558996533203125, "experiment_id": "c2dbd061e46e49878e381574bc16d007", "date": "2019-06-03_22-29-20", "timestamp": 1559626160, "time_this_iter_s": 40.97580099105835, "time_total_s": 293.81834983825684, "pid": 26272, "hostname": "steropes", "node_ip": "169.229.49.254", "config": {"starting_lr": 0.0001, "momentum": 0.997, "weight_decay": 0.0001, "steps_per_iteration": null, "pin": false, "model_creator": null, "target_batch_size": 128, "model_string": "resnet50", "min_batch_size": 128, "dataset": "CIFAR", "placement": null, "use_nccl": true, "devices_per_worker": 1, "primary_resource": "extra_gpu", "gpu": false, "verbose": false, "lr_config": {"mode": "log", "steps": 5, "initial_lr": 0.0001, "target_lr": 0.0001}, "batch_per_device": 128}, "time_since_restore": 293.81834983825684, "timesteps_since_restore": 0, "iterations_since_restore": 7, "mean_throughput": 1466.2507079810118, "atoms": 1, "setup_time": 10.766770601272583}
{"apply": 0.01799354553222656, "batch_time": 0.032405288913581944, "d2h": 0.000839686393737793, "data_time": 0.001749172235084007, "fwd": 0.028765535354614256, "get_state_time_mean": NaN, "get_state_time_total": 0.0, "grad": 0.0484511137008667, "mean_accuracy": 0.4620599865913391, "mean_loss": 1.5158276659393308, "neg_mean_accuracy": -0.4892999827861786, "set_state_time_mean": NaN, "set_state_time_total": 0.0, "setup_model_time_mean": NaN, "setup_model_time_total": 0.0, "setup_proc_time_mean": NaN, "setup_proc_time_total": 0.0, "train_accuracy": 0.4662399888038635, "train_loss": 1.505387884902954, "training_time_mean": NaN, "training_time_total": 0.0, "val_accuracy": 0.4892999827861786, "val_loss": 1.4837924495697021, "validation_time_mean": NaN, "validation_time_total": 0.0, "samples": 60000, "num_workers": 1, "done": false, "timesteps_total": null, "episodes_total": null, "training_iteration": 8, "neg_mean_loss": -1.5158276659393308, "experiment_id": "c2dbd061e46e49878e381574bc16d007", "date": "2019-06-03_22-30-01", "timestamp": 1559626201, "time_this_iter_s": 41.2358558177948, "time_total_s": 335.05420565605164, "pid": 26272, "hostname": "steropes", "node_ip": "169.229.49.254", "config": {"starting_lr": 0.0001, "momentum": 0.997, "weight_decay": 0.0001, "steps_per_iteration": null, "pin": false, "model_creator": null, "target_batch_size": 128, "model_string": "resnet50", "min_batch_size": 128, "dataset": "CIFAR", "placement": null, "use_nccl": true, "devices_per_worker": 1, "primary_resource": "extra_gpu", "gpu": false, "verbose": false, "lr_config": {"mode": "log", "steps": 5, "initial_lr": 0.0001, "target_lr": 0.0001}, "batch_per_device": 128}, "time_since_restore": 335.05420565605164, "timesteps_since_restore": 0, "iterations_since_restore": 8, "mean_throughput": 1465.0553287958194, "atoms": 1, "setup_time": 10.766770601272583}
{"apply": 0.017351818084716798, "batch_time": 0.0318004028706611, "d2h": 0.00082550048828125, "data_time": 0.0017493167496703166, "fwd": 0.02805919647216797, "get_state_time_mean": NaN, "get_state_time_total": 0.0, "grad": 0.04796864986419678, "mean_accuracy": 0.47641998529434204, "mean_loss": 1.524387830810547, "neg_mean_accuracy": -0.5020999908447266, "set_state_time_mean": NaN, "set_state_time_total": 0.0, "setup_model_time_mean": NaN, "setup_model_time_total": 0.0, "setup_proc_time_mean": NaN, "setup_proc_time_total": 0.0, "train_accuracy": 0.4785799980163574, "train_loss": 1.4831586241912842, "training_time_mean": NaN, "training_time_total": 0.0, "val_accuracy": 0.5020999908447266, "val_loss": 1.6121425094604491, "validation_time_mean": NaN, "validation_time_total": 0.0, "samples": 60000, "num_workers": 1, "done": false, "timesteps_total": null, "episodes_total": null, "training_iteration": 9, "neg_mean_loss": -1.524387830810547, "experiment_id": "c2dbd061e46e49878e381574bc16d007", "date": "2019-06-03_22-30-42", "timestamp": 1559626242, "time_this_iter_s": 40.85714650154114, "time_total_s": 375.9113521575928, "pid": 26272, "hostname": "steropes", "node_ip": "169.229.49.254", "config": {"starting_lr": 0.0001, "momentum": 0.997, "weight_decay": 0.0001, "steps_per_iteration": null, "pin": false, "model_creator": null, "target_batch_size": 128, "model_string": "resnet50", "min_batch_size": 128, "dataset": "CIFAR", "placement": null, "use_nccl": true, "devices_per_worker": 1, "primary_resource": "extra_gpu", "gpu": false, "verbose": false, "lr_config": {"mode": "log", "steps": 5, "initial_lr": 0.0001, "target_lr": 0.0001}, "batch_per_device": 128}, "time_since_restore": 375.9113521575928, "timesteps_since_restore": 0, "iterations_since_restore": 9, "mean_throughput": 1465.038854410823, "atoms": 1, "setup_time": 10.766770601272583}
{"apply": 0.01809234619140625, "batch_time": 0.031898254080663754, "d2h": 0.000750875473022461, "data_time": 0.0017706292974369606, "fwd": 0.028969001770019532, "get_state_time_mean": NaN, "get_state_time_total": 0.0, "grad": 0.04844045639038086, "mean_accuracy": 0.4869399845600128, "mean_loss": 1.7178628139495848, "neg_mean_accuracy": -0.49949997663497925, "set_state_time_mean": NaN, "set_state_time_total": 0.0, "setup_model_time_mean": NaN, "setup_model_time_total": 0.0, "setup_proc_time_mean": NaN, "setup_proc_time_total": 0.0, "train_accuracy": 0.4843999743461609, "train_loss": 1.4761538232421876, "training_time_mean": NaN, "training_time_total": 0.0, "val_accuracy": 0.49949997663497925, "val_loss": 2.4977617851257325, "validation_time_mean": NaN, "validation_time_total": 0.0, "samples": 60000, "num_workers": 1, "done": false, "timesteps_total": null, "episodes_total": null, "training_iteration": 10, "neg_mean_loss": -1.7178628139495848, "experiment_id": "c2dbd061e46e49878e381574bc16d007", "date": "2019-06-03_22-31-23", "timestamp": 1559626283, "time_this_iter_s": 41.21817350387573, "time_total_s": 417.1295256614685, "pid": 26272, "hostname": "steropes", "node_ip": "169.229.49.254", "config": {"starting_lr": 0.0001, "momentum": 0.997, "weight_decay": 0.0001, "steps_per_iteration": null, "pin": false, "model_creator": null, "target_batch_size": 128, "model_string": "resnet50", "min_batch_size": 128, "dataset": "CIFAR", "placement": null, "use_nccl": true, "devices_per_worker": 1, "primary_resource": "extra_gpu", "gpu": false, "verbose": false, "lr_config": {"mode": "log", "steps": 5, "initial_lr": 0.0001, "target_lr": 0.0001}, "batch_per_device": 128}, "time_since_restore": 417.1295256614685, "timesteps_since_restore": 0, "iterations_since_restore": 10, "mean_throughput": 1461.8905336845369, "atoms": 1, "setup_time": 10.766770601272583}
{"apply": 0.017695808410644533, "batch_time": 0.03138463406623164, "d2h": 0.0007105112075805664, "data_time": 0.0017556790500650626, "fwd": 0.028529953956604005, "get_state_time_mean": NaN, "get_state_time_total": 0.0, "grad": 0.04739279747009277, "mean_accuracy": 0.494519978761673, "mean_loss": 1.8362011404418943, "neg_mean_accuracy": -0.5083999633789062, "set_state_time_mean": NaN, "set_state_time_total": 0.0, "setup_model_time_mean": NaN, "setup_model_time_total": 0.0, "setup_proc_time_mean": NaN, "setup_proc_time_total": 0.0, "train_accuracy": 0.49799999594688416, "train_loss": 1.451614941253662, "training_time_mean": NaN, "training_time_total": 0.0, "val_accuracy": 0.5083999633789062, "val_loss": 2.064413165283203, "validation_time_mean": NaN, "validation_time_total": 0.0, "samples": 60000, "num_workers": 1, "done": false, "timesteps_total": null, "episodes_total": null, "training_iteration": 11, "neg_mean_loss": -1.8362011404418943, "experiment_id": "c2dbd061e46e49878e381574bc16d007", "date": "2019-06-03_22-32-04", "timestamp": 1559626324, "time_this_iter_s": 41.00125741958618, "time_total_s": 458.1307830810547, "pid": 26272, "hostname": "steropes", "node_ip": "169.229.49.254", "config": {"starting_lr": 0.0001, "momentum": 0.997, "weight_decay": 0.0001, "steps_per_iteration": null, "pin": false, "model_creator": null, "target_batch_size": 128, "model_string": "resnet50", "min_batch_size": 128, "dataset": "CIFAR", "placement": null, "use_nccl": true, "devices_per_worker": 1, "primary_resource": "extra_gpu", "gpu": false, "verbose": false, "lr_config": {"mode": "log", "steps": 5, "initial_lr": 0.0001, "target_lr": 0.0001}, "batch_per_device": 128}, "time_since_restore": 458.1307830810547, "timesteps_since_restore": 0, "iterations_since_restore": 11, "mean_throughput": 1461.3571400106778, "atoms": 1, "setup_time": 10.766770601272583}
{"apply": 0.017449569702148438, "batch_time": 0.03213096872160706, "d2h": 0.0007569789886474609, "data_time": 0.0017883881278659987, "fwd": 0.028329968452453613, "get_state_time_mean": NaN, "get_state_time_total": 0.0, "grad": 0.048302316665649415, "mean_accuracy": 0.5037999808788299, "mean_loss": 2.0928329493713376, "neg_mean_accuracy": -0.5196999907493591, "set_state_time_mean": NaN, "set_state_time_total": 0.0, "setup_model_time_mean": NaN, "setup_model_time_total": 0.0, "setup_proc_time_mean": NaN, "setup_proc_time_total": 0.0, "train_accuracy": 0.5049399733543396, "train_loss": 1.4484492945861815, "training_time_mean": NaN, "training_time_total": 0.0, "val_accuracy": 0.5196999907493591, "val_loss": 2.8060548374176024, "validation_time_mean": NaN, "validation_time_total": 0.0, "samples": 60000, "num_workers": 1, "done": false, "timesteps_total": null, "episodes_total": null, "training_iteration": 12, "neg_mean_loss": -2.0928329493713376, "experiment_id": "c2dbd061e46e49878e381574bc16d007", "date": "2019-06-03_22-32-45", "timestamp": 1559626365, "time_this_iter_s": 40.99612498283386, "time_total_s": 499.12690806388855, "pid": 26272, "hostname": "steropes", "node_ip": "169.229.49.254", "config": {"starting_lr": 0.0001, "momentum": 0.997, "weight_decay": 0.0001, "steps_per_iteration": null, "pin": false, "model_creator": null, "target_batch_size": 128, "model_string": "resnet50", "min_batch_size": 128, "dataset": "CIFAR", "placement": null, "use_nccl": true, "devices_per_worker": 1, "primary_resource": "extra_gpu", "gpu": false, "verbose": false, "lr_config": {"mode": "log", "steps": 5, "initial_lr": 0.0001, "target_lr": 0.0001}, "batch_per_device": 128}, "time_since_restore": 499.12690806388855, "timesteps_since_restore": 0, "iterations_since_restore": 12, "mean_throughput": 1461.2122326543547, "atoms": 1, "setup_time": 10.766770601272583}
{"apply": 0.017454147338867188, "batch_time": 0.031441978261440615, "d2h": 0.0007543563842773438, "data_time": 0.0017776538039107456, "fwd": 0.028143668174743654, "get_state_time_mean": NaN, "get_state_time_total": 0.0, "grad": 0.04772982597351074, "mean_accuracy": 0.5095999836921692, "mean_loss": 2.0952330904388425, "neg_mean_accuracy": -0.5182999968528748, "set_state_time_mean": NaN, "set_state_time_total": 0.0, "setup_model_time_mean": NaN, "setup_model_time_total": 0.0, "setup_proc_time_mean": NaN, "setup_proc_time_total": 0.0, "train_accuracy": 0.4973999857902527, "train_loss": 1.487611256980896, "training_time_mean": NaN, "training_time_total": 0.0, "val_accuracy": 0.5182999968528748, "val_loss": 1.4957931549072265, "validation_time_mean": NaN, "validation_time_total": 0.0, "samples": 60000, "num_workers": 1, "done": false, "timesteps_total": null, "episodes_total": null, "training_iteration": 13, "neg_mean_loss": -2.0952330904388425, "experiment_id": "c2dbd061e46e49878e381574bc16d007", "date": "2019-06-03_22-33-27", "timestamp": 1559626407, "time_this_iter_s": 41.13641285896301, "time_total_s": 540.2633209228516, "pid": 26272, "hostname": "steropes", "node_ip": "169.229.49.254", "config": {"starting_lr": 0.0001, "momentum": 0.997, "weight_decay": 0.0001, "steps_per_iteration": null, "pin": false, "model_creator": null, "target_batch_size": 128, "model_string": "resnet50", "min_batch_size": 128, "dataset": "CIFAR", "placement": null, "use_nccl": true, "devices_per_worker": 1, "primary_resource": "extra_gpu", "gpu": false, "verbose": false, "lr_config": {"mode": "log", "steps": 5, "initial_lr": 0.0001, "target_lr": 0.0001}, "batch_per_device": 128}, "time_since_restore": 540.2633209228516, "timesteps_since_restore": 0, "iterations_since_restore": 13, "mean_throughput": 1461.9198509331839, "atoms": 1, "setup_time": 10.766770601272583}
{"apply": 0.017334890365600587, "batch_time": 0.03133576731138592, "d2h": 0.0006920576095581054, "data_time": 0.0017702128271312664, "fwd": 0.028389787673950194, "get_state_time_mean": NaN, "get_state_time_total": 0.0, "grad": 0.0486370325088501, "mean_accuracy": 0.5145999789237976, "mean_loss": 2.1709613094329834, "neg_mean_accuracy": -0.5270999670028687, "set_state_time_mean": NaN, "set_state_time_total": 0.0, "setup_model_time_mean": NaN, "setup_model_time_total": 0.0, "setup_proc_time_mean": NaN, "setup_proc_time_total": 0.0, "train_accuracy": 0.5051599740982056, "train_loss": 1.399634206199646, "training_time_mean": NaN, "training_time_total": 0.0, "val_accuracy": 0.5270999670028687, "val_loss": 1.9907836044311524, "validation_time_mean": NaN, "validation_time_total": 0.0, "samples": 60000, "num_workers": 1, "done": false, "timesteps_total": null, "episodes_total": null, "training_iteration": 14, "neg_mean_loss": -2.1709613094329834, "experiment_id": "c2dbd061e46e49878e381574bc16d007", "date": "2019-06-03_22-34-07", "timestamp": 1559626447, "time_this_iter_s": 40.88627314567566, "time_total_s": 581.1495940685272, "pid": 26272, "hostname": "steropes", "node_ip": "169.229.49.254", "config": {"starting_lr": 0.0001, "momentum": 0.997, "weight_decay": 0.0001, "steps_per_iteration": null, "pin": false, "model_creator": null, "target_batch_size": 128, "model_string": "resnet50", "min_batch_size": 128, "dataset": "CIFAR", "placement": null, "use_nccl": true, "devices_per_worker": 1, "primary_resource": "extra_gpu", "gpu": false, "verbose": false, "lr_config": {"mode": "log", "steps": 5, "initial_lr": 0.0001, "target_lr": 0.0001}, "batch_per_device": 128}, "time_since_restore": 581.1495940685272, "timesteps_since_restore": 0, "iterations_since_restore": 14, "mean_throughput": 1461.7123795328223, "atoms": 1, "setup_time": 10.766770601272583}
{"apply": 0.017900776863098145, "batch_time": 0.031557080111926115, "d2h": 0.0007392406463623047, "data_time": 0.001756429672241211, "fwd": 0.02832331657409668, "get_state_time_mean": NaN, "get_state_time_total": 0.0, "grad": 0.05066425800323486, "mean_accuracy": 0.5205199837684631, "mean_loss": 2.0024600225830076, "neg_mean_accuracy": -0.5291000008583069, "set_state_time_mean": NaN, "set_state_time_total": 0.0, "setup_model_time_mean": NaN, "setup_model_time_total": 0.0, "setup_proc_time_mean": NaN, "setup_proc_time_total": 0.0, "train_accuracy": 0.5217800140380859, "train_loss": 1.3578982922744751, "training_time_mean": NaN, "training_time_total": 0.0, "val_accuracy": 0.5291000008583069, "val_loss": 1.6552553508758545, "validation_time_mean": NaN, "validation_time_total": 0.0, "samples": 60000, "num_workers": 1, "done": false, "timesteps_total": null, "episodes_total": null, "training_iteration": 15, "neg_mean_loss": -2.0024600225830076, "experiment_id": "c2dbd061e46e49878e381574bc16d007", "date": "2019-06-03_22-34-49", "timestamp": 1559626489, "time_this_iter_s": 41.06481862068176, "time_total_s": 622.214412689209, "pid": 26272, "hostname": "steropes", "node_ip": "169.229.49.254", "config": {"starting_lr": 0.0001, "momentum": 0.997, "weight_decay": 0.0001, "steps_per_iteration": null, "pin": false, "model_creator": null, "target_batch_size": 128, "model_string": "resnet50", "min_batch_size": 128, "dataset": "CIFAR", "placement": null, "use_nccl": true, "devices_per_worker": 1, "primary_resource": "extra_gpu", "gpu": false, "verbose": false, "lr_config": {"mode": "log", "steps": 5, "initial_lr": 0.0001, "target_lr": 0.0001}, "batch_per_device": 128}, "time_since_restore": 622.214412689209, "timesteps_since_restore": 0, "iterations_since_restore": 15, "mean_throughput": 1462.8053776821855, "atoms": 1, "setup_time": 10.766770601272583}
{"apply": 0.017175984382629395, "batch_time": 0.03213397158852106, "d2h": 0.0007421970367431641, "data_time": 0.00176464505207813, "fwd": 0.028185558319091798, "get_state_time_mean": NaN, "get_state_time_total": 0.0, "grad": 0.04889788627624512, "mean_accuracy": 0.528659987449646, "mean_loss": 1.8656797471618654, "neg_mean_accuracy": -0.5490999817848206, "set_state_time_mean": NaN, "set_state_time_total": 0.0, "setup_model_time_mean": NaN, "setup_model_time_total": 0.0, "setup_proc_time_mean": NaN, "setup_proc_time_total": 0.0, "train_accuracy": 0.5373600125312805, "train_loss": 1.3050234744262694, "training_time_mean": NaN, "training_time_total": 0.0, "val_accuracy": 0.5490999817848206, "val_loss": 1.3805117881774902, "validation_time_mean": NaN, "validation_time_total": 0.0, "samples": 60000, "num_workers": 1, "done": false, "timesteps_total": null, "episodes_total": null, "training_iteration": 16, "neg_mean_loss": -1.8656797471618654, "experiment_id": "c2dbd061e46e49878e381574bc16d007", "date": "2019-06-03_22-35-29", "timestamp": 1559626529, "time_this_iter_s": 40.76991939544678, "time_total_s": 662.9843320846558, "pid": 26272, "hostname": "steropes", "node_ip": "169.229.49.254", "config": {"starting_lr": 0.0001, "momentum": 0.997, "weight_decay": 0.0001, "steps_per_iteration": null, "pin": false, "model_creator": null, "target_batch_size": 128, "model_string": "resnet50", "min_batch_size": 128, "dataset": "CIFAR", "placement": null, "use_nccl": true, "devices_per_worker": 1, "primary_resource": "extra_gpu", "gpu": false, "verbose": false, "lr_config": {"mode": "log", "steps": 5, "initial_lr": 0.0001, "target_lr": 0.0001}, "batch_per_device": 128}, "time_since_restore": 662.9843320846558, "timesteps_since_restore": 0, "iterations_since_restore": 16, "mean_throughput": 1464.4572926328287, "atoms": 1, "setup_time": 10.766770601272583}
{"apply": 0.018511152267456053, "batch_time": 0.03166025197958645, "d2h": 0.0007246017456054687, "data_time": 0.001750867994849944, "fwd": 0.02863287925720215, "get_state_time_mean": NaN, "get_state_time_total": 0.0, "grad": 0.04883682727813721, "mean_accuracy": 0.537339985370636, "mean_loss": 1.6252368337249756, "neg_mean_accuracy": -0.5630999803543091, "set_state_time_mean": NaN, "set_state_time_total": 0.0, "setup_model_time_mean": NaN, "setup_model_time_total": 0.0, "setup_proc_time_mean": NaN, "setup_proc_time_total": 0.0, "train_accuracy": 0.5553399920463562, "train_loss": 1.2574603790664673, "training_time_mean": NaN, "training_time_total": 0.0, "val_accuracy": 0.5630999803543091, "val_loss": 1.6038402702331542, "validation_time_mean": NaN, "validation_time_total": 0.0, "samples": 60000, "num_workers": 1, "done": false, "timesteps_total": null, "episodes_total": null, "training_iteration": 17, "neg_mean_loss": -1.6252368337249756, "experiment_id": "c2dbd061e46e49878e381574bc16d007", "date": "2019-06-03_22-36-10", "timestamp": 1559626570, "time_this_iter_s": 40.84204053878784, "time_total_s": 703.8263726234436, "pid": 26272, "hostname": "steropes", "node_ip": "169.229.49.254", "config": {"starting_lr": 0.0001, "momentum": 0.997, "weight_decay": 0.0001, "steps_per_iteration": null, "pin": false, "model_creator": null, "target_batch_size": 128, "model_string": "resnet50", "min_batch_size": 128, "dataset": "CIFAR", "placement": null, "use_nccl": true, "devices_per_worker": 1, "primary_resource": "extra_gpu", "gpu": false, "verbose": false, "lr_config": {"mode": "log", "steps": 5, "initial_lr": 0.0001, "target_lr": 0.0001}, "batch_per_device": 128}, "time_since_restore": 703.8263726234436, "timesteps_since_restore": 0, "iterations_since_restore": 17, "mean_throughput": 1465.5598908009897, "atoms": 1, "setup_time": 10.766770601272583}
{"apply": 0.017527842521667482, "batch_time": 0.031366622900661036, "d2h": 0.0007110118865966796, "data_time": 0.0017459984020808774, "fwd": 0.02821614742279053, "get_state_time_mean": NaN, "get_state_time_total": 0.0, "grad": 0.04854228496551514, "mean_accuracy": 0.5445599794387818, "mean_loss": 1.6591571862792969, "neg_mean_accuracy": -0.5543999671936035, "set_state_time_mean": NaN, "set_state_time_total": 0.0, "setup_model_time_mean": NaN, "setup_model_time_total": 0.0, "setup_proc_time_mean": NaN, "setup_proc_time_total": 0.0, "train_accuracy": 0.5546799898147583, "train_loss": 1.2917267739868163, "training_time_mean": NaN, "training_time_total": 0.0, "val_accuracy": 0.5543999671936035, "val_loss": 1.665394917678833, "validation_time_mean": NaN, "validation_time_total": 0.0, "samples": 60000, "num_workers": 1, "done": false, "timesteps_total": null, "episodes_total": null, "training_iteration": 18, "neg_mean_loss": -1.6591571862792969, "experiment_id": "c2dbd061e46e49878e381574bc16d007", "date": "2019-06-03_22-36-51", "timestamp": 1559626611, "time_this_iter_s": 40.488807916641235, "time_total_s": 744.3151805400848, "pid": 26272, "hostname": "steropes", "node_ip": "169.229.49.254", "config": {"starting_lr": 0.0001, "momentum": 0.997, "weight_decay": 0.0001, "steps_per_iteration": null, "pin": false, "model_creator": null, "target_batch_size": 128, "model_string": "resnet50", "min_batch_size": 128, "dataset": "CIFAR", "placement": null, "use_nccl": true, "devices_per_worker": 1, "primary_resource": "extra_gpu", "gpu": false, "verbose": false, "lr_config": {"mode": "log", "steps": 5, "initial_lr": 0.0001, "target_lr": 0.0001}, "batch_per_device": 128}, "time_since_restore": 744.3151805400848, "timesteps_since_restore": 0, "iterations_since_restore": 18, "mean_throughput": 1470.2111659097477, "atoms": 1, "setup_time": 10.766770601272583}
{"apply": 0.017749500274658204, "batch_time": 0.032010986835141725, "d2h": 0.0007529258728027344, "data_time": 0.0017346244333955028, "fwd": 0.02848081588745117, "get_state_time_mean": NaN, "get_state_time_total": 0.0, "grad": 0.0474074125289917, "mean_accuracy": 0.5527799844741821, "mean_loss": 1.5126771698760986, "neg_mean_accuracy": -0.5681999921798706, "set_state_time_mean": NaN, "set_state_time_total": 0.0, "setup_model_time_mean": NaN, "setup_model_time_total": 0.0, "setup_proc_time_mean": NaN, "setup_proc_time_total": 0.0, "train_accuracy": 0.5554400086402893, "train_loss": 1.2672236749267578, "training_time_mean": NaN, "training_time_total": 0.0, "val_accuracy": 0.5681999921798706, "val_loss": 1.2583835224151612, "validation_time_mean": NaN, "validation_time_total": 0.0, "samples": 60000, "num_workers": 1, "done": false, "timesteps_total": null, "episodes_total": null, "training_iteration": 19, "neg_mean_loss": -1.5126771698760986, "experiment_id": "c2dbd061e46e49878e381574bc16d007", "date": "2019-06-03_22-37-31", "timestamp": 1559626651, "time_this_iter_s": 40.541789054870605, "time_total_s": 784.8569695949554, "pid": 26272, "hostname": "steropes", "node_ip": "169.229.49.254", "config": {"starting_lr": 0.0001, "momentum": 0.997, "weight_decay": 0.0001, "steps_per_iteration": null, "pin": false, "model_creator": null, "target_batch_size": 128, "model_string": "resnet50", "min_batch_size": 128, "dataset": "CIFAR", "placement": null, "use_nccl": true, "devices_per_worker": 1, "primary_resource": "extra_gpu", "gpu": false, "verbose": false, "lr_config": {"mode": "log", "steps": 5, "initial_lr": 0.0001, "target_lr": 0.0001}, "batch_per_device": 128}, "time_since_restore": 784.8569695949554, "timesteps_since_restore": 0, "iterations_since_restore": 19, "mean_throughput": 1472.6973967630852, "atoms": 1, "setup_time": 10.766770601272583}
{"apply": 0.0179579496383667, "batch_time": 0.03171855286706852, "d2h": 0.0006998538970947266, "data_time": 0.001762266354182797, "fwd": 0.02828245162963867, "get_state_time_mean": NaN, "get_state_time_total": 0.0, "grad": 0.04872584342956543, "mean_accuracy": 0.5632199764251709, "mean_loss": 1.421043909263611, "neg_mean_accuracy": -0.5812999606132507, "set_state_time_mean": NaN, "set_state_time_total": 0.0, "setup_model_time_mean": NaN, "setup_model_time_total": 0.0, "setup_proc_time_mean": NaN, "setup_proc_time_total": 0.0, "train_accuracy": 0.5684599876403809, "train_loss": 1.2383542464828492, "training_time_mean": NaN, "training_time_total": 0.0, "val_accuracy": 0.5812999606132507, "val_loss": 1.1970890478134155, "validation_time_mean": NaN, "validation_time_total": 0.0, "samples": 60000, "num_workers": 1, "done": false, "timesteps_total": null, "episodes_total": null, "training_iteration": 20, "neg_mean_loss": -1.421043909263611, "experiment_id": "c2dbd061e46e49878e381574bc16d007", "date": "2019-06-03_22-38-12", "timestamp": 1559626692, "time_this_iter_s": 40.82769989967346, "time_total_s": 825.6846694946289, "pid": 26272, "hostname": "steropes", "node_ip": "169.229.49.254", "config": {"starting_lr": 0.0001, "momentum": 0.997, "weight_decay": 0.0001, "steps_per_iteration": null, "pin": false, "model_creator": null, "target_batch_size": 128, "model_string": "resnet50", "min_batch_size": 128, "dataset": "CIFAR", "placement": null, "use_nccl": true, "devices_per_worker": 1, "primary_resource": "extra_gpu", "gpu": false, "verbose": false, "lr_config": {"mode": "log", "steps": 5, "initial_lr": 0.0001, "target_lr": 0.0001}, "batch_per_device": 128}, "time_since_restore": 825.6846694946289, "timesteps_since_restore": 0, "iterations_since_restore": 20, "mean_throughput": 1474.413648319005, "atoms": 1, "setup_time": 10.766770601272583}
{"apply": 0.018073630332946778, "batch_time": 0.031425421750998196, "d2h": 0.0006979465484619141, "data_time": 0.001732877453269861, "fwd": 0.028465843200683592, "get_state_time_mean": NaN, "get_state_time_total": 0.0, "grad": 0.047744154930114746, "mean_accuracy": 0.5699199795722961, "mean_loss": 1.4227335902023317, "neg_mean_accuracy": -0.5825999975204468, "set_state_time_mean": NaN, "set_state_time_total": 0.0, "setup_model_time_mean": NaN, "setup_model_time_total": 0.0, "setup_proc_time_mean": NaN, "setup_proc_time_total": 0.0, "train_accuracy": 0.5798799991607666, "train_loss": 1.1754924086380005, "training_time_mean": NaN, "training_time_total": 0.0, "val_accuracy": 0.5825999975204468, "val_loss": 1.3889601928710937, "validation_time_mean": NaN, "validation_time_total": 0.0, "samples": 60000, "num_workers": 1, "done": false, "timesteps_total": null, "episodes_total": null, "training_iteration": 21, "neg_mean_loss": -1.4227335902023317, "experiment_id": "c2dbd061e46e49878e381574bc16d007", "date": "2019-06-03_22-38-53", "timestamp": 1559626733, "time_this_iter_s": 40.646613359451294, "time_total_s": 866.3312828540802, "pid": 26272, "hostname": "steropes", "node_ip": "169.229.49.254", "config": {"starting_lr": 0.0001, "momentum": 0.997, "weight_decay": 0.0001, "steps_per_iteration": null, "pin": false, "model_creator": null, "target_batch_size": 128, "model_string": "resnet50", "min_batch_size": 128, "dataset": "CIFAR", "placement": null, "use_nccl": true, "devices_per_worker": 1, "primary_resource": "extra_gpu", "gpu": false, "verbose": false, "lr_config": {"mode": "log", "steps": 5, "initial_lr": 0.0001, "target_lr": 0.0001}, "batch_per_device": 128}, "time_since_restore": 866.3312828540802, "timesteps_since_restore": 0, "iterations_since_restore": 21, "mean_throughput": 1475.3077360980658, "atoms": 1, "setup_time": 10.766770601272583}
