apply,batch_time,d2h,data_time,fwd,get_state_time_mean,get_state_time_total,grad,mean_accuracy,mean_loss,neg_mean_accuracy,set_state_time_mean,set_state_time_total,setup_model_time_mean,setup_model_time_total,setup_proc_time_mean,setup_proc_time_total,train_accuracy,train_loss,training_time_mean,training_time_total,validation_time_mean,validation_time_total,samples,num_workers,done,timesteps_total,episodes_total,training_iteration,neg_mean_loss,experiment_id,date,timestamp,time_this_iter_s,time_total_s,pid,hostname,node_ip,config,time_since_restore,timesteps_since_restore,iterations_since_restore,mean_throughput,atoms
0.007494878768920898,0.19967403411865234,0.006186389923095703,0.0347385260523582,0.06871399879455567,nan,0.0,0.16867578029632568,0.28360000252723694,1.958263536643982,-0.28360000252723694,nan,0.0,20.412267208099365,20.412267208099365,1.7380211353302002,1.7380211353302002,0.16463999450206757,3.9232664598083495,nan,0.0,nan,0.0,60000,1,False,,,1,-1.958263536643982,418447d88f2b45e4ad8ab67dc35b9e2b,2019-05-30_14-25-41,1559251541,12.293705463409424,12.293705463409424,26956,steropes,169.229.49.254,"{'starting_lr': 0.0005, 'momentum': 0.99, 'weight_decay': 0.005, 'steps_per_iteration': None, 'pin': False, 'model_creator': None, 'target_batch_size': 1024, 'model_string': 'resnet18', 'min_batch_size': 512, 'dataset': 'CIFAR', 'placement': None, 'use_nccl': True, 'devices_per_worker': 1, 'primary_resource': 'extra_gpu', 'gpu': False, 'verbose': False, 'lr_config': {'mode': 'log', 'steps': 5, 'initial_lr': 0.0005, 'target_lr': 0.0005}, 'batch_per_device': 1024}",12.293705463409424,0,1,4880.026068356213,1
0.008905339241027831,0.15554327964782716,0.005517029762268066,0.0452223894547443,0.0241180419921875,nan,0.0,0.046834683418273924,0.35819998383522034,1.7437217029571532,-0.35819998383522034,nan,0.0,nan,0.0,nan,0.0,0.3098999857902527,1.9085153760528564,nan,0.0,nan,0.0,60000,1,False,,,2,-1.7437217029571532,418447d88f2b45e4ad8ab67dc35b9e2b,2019-05-30_14-25-50,1559251550,8.643040657043457,20.93674612045288,26956,steropes,169.229.49.254,"{'starting_lr': 0.0005, 'momentum': 0.99, 'weight_decay': 0.005, 'steps_per_iteration': None, 'pin': False, 'model_creator': None, 'target_batch_size': 1024, 'model_string': 'resnet18', 'min_batch_size': 512, 'dataset': 'CIFAR', 'placement': None, 'use_nccl': True, 'devices_per_worker': 1, 'primary_resource': 'extra_gpu', 'gpu': False, 'verbose': False, 'lr_config': {'mode': 'log', 'steps': 5, 'initial_lr': 0.0005, 'target_lr': 0.0005}, 'batch_per_device': 1024}",20.93674612045288,0,2,5731.169230579684,1
0.009426641464233398,0.16155970096588135,0.005880665779113769,0.042609652694390744,0.02271420955657959,nan,0.0,0.04804236888885498,0.42479997873306274,1.56768122882843,-0.42479997873306274,nan,0.0,nan,0.0,nan,0.0,0.3673799932003021,1.7150922005081177,nan,0.0,nan,0.0,60000,1,False,,,3,-1.56768122882843,418447d88f2b45e4ad8ab67dc35b9e2b,2019-05-30_14-25-59,1559251559,8.867385864257812,29.804131984710693,26956,steropes,169.229.49.254,"{'starting_lr': 0.0005, 'momentum': 0.99, 'weight_decay': 0.005, 'steps_per_iteration': None, 'pin': False, 'model_creator': None, 'target_batch_size': 1024, 'model_string': 'resnet18', 'min_batch_size': 512, 'dataset': 'CIFAR', 'placement': None, 'use_nccl': True, 'devices_per_worker': 1, 'primary_resource': 'extra_gpu', 'gpu': False, 'verbose': False, 'lr_config': {'mode': 'log', 'steps': 5, 'initial_lr': 0.0005, 'target_lr': 0.0005}, 'batch_per_device': 1024}",29.804131984710693,0,3,6039.13384178197,1
0.008991003036499023,0.14389753341674805,0.005447173118591308,0.04193662137401347,0.027922630310058594,nan,0.0,0.05862314701080322,0.4481000006198883,1.4796009185791015,-0.4481000006198883,nan,0.0,nan,0.0,nan,0.0,0.41057997941970825,1.5928172185134888,nan,0.0,nan,0.0,60000,1,False,,,4,-1.4796009185791015,418447d88f2b45e4ad8ab67dc35b9e2b,2019-05-30_14-26-07,1559251567,8.475768566131592,38.279900550842285,26956,steropes,169.229.49.254,"{'starting_lr': 0.0005, 'momentum': 0.99, 'weight_decay': 0.005, 'steps_per_iteration': None, 'pin': False, 'model_creator': None, 'target_batch_size': 1024, 'model_string': 'resnet18', 'min_batch_size': 512, 'dataset': 'CIFAR', 'placement': None, 'use_nccl': True, 'devices_per_worker': 1, 'primary_resource': 'extra_gpu', 'gpu': False, 'verbose': False, 'lr_config': {'mode': 'log', 'steps': 5, 'initial_lr': 0.0005, 'target_lr': 0.0005}, 'batch_per_device': 1024}",38.279900550842285,0,4,6269.354370752532,1
0.0074279546737670895,0.1293179512023926,0.006880617141723633,0.04048731375713738,0.023635339736938477,nan,0.0,0.058915567398071286,0.4777999818325043,1.4165914470672607,-0.4777999818325043,nan,0.0,nan,0.0,nan,0.0,0.44071999192237854,1.5070082367324829,nan,0.0,nan,0.0,60000,1,False,,,5,-1.4165914470672607,418447d88f2b45e4ad8ab67dc35b9e2b,2019-05-30_14-26-15,1559251575,8.221319913864136,46.50122046470642,26956,steropes,169.229.49.254,"{'starting_lr': 0.0005, 'momentum': 0.99, 'weight_decay': 0.005, 'steps_per_iteration': None, 'pin': False, 'model_creator': None, 'target_batch_size': 1024, 'model_string': 'resnet18', 'min_batch_size': 512, 'dataset': 'CIFAR', 'placement': None, 'use_nccl': True, 'devices_per_worker': 1, 'primary_resource': 'extra_gpu', 'gpu': False, 'verbose': False, 'lr_config': {'mode': 'log', 'steps': 5, 'initial_lr': 0.0005, 'target_lr': 0.0005}, 'batch_per_device': 1024}",46.50122046470642,0,5,6451.217101395334,1
0.008210992813110352,0.17242608070373536,0.0064002275466918945,0.05079058238438198,0.029929566383361816,nan,0.0,0.04280211925506592,0.498199999332428,1.3693283407211303,-0.498199999332428,nan,0.0,nan,0.0,nan,0.0,0.47005999088287354,1.439133048477173,nan,0.0,nan,0.0,60000,1,False,,,6,-1.3693283407211303,418447d88f2b45e4ad8ab67dc35b9e2b,2019-05-30_14-26-24,1559251584,8.697121143341064,55.198341608047485,26956,steropes,169.229.49.254,"{'starting_lr': 0.0005, 'momentum': 0.99, 'weight_decay': 0.005, 'steps_per_iteration': None, 'pin': False, 'model_creator': None, 'target_batch_size': 1024, 'model_string': 'resnet18', 'min_batch_size': 512, 'dataset': 'CIFAR', 'placement': None, 'use_nccl': True, 'devices_per_worker': 1, 'primary_resource': 'extra_gpu', 'gpu': False, 'verbose': False, 'lr_config': {'mode': 'log', 'steps': 5, 'initial_lr': 0.0005, 'target_lr': 0.0005}, 'batch_per_device': 1024}",55.198341608047485,0,6,6992.162876980127,1
0.007416224479675293,0.14116320610046387,0.0050038576126098635,0.05479780995115942,0.02998535633087158,nan,0.0,0.04984538555145264,0.5235999822616577,1.3026614665985108,-0.5235999822616577,nan,0.0,nan,0.0,nan,0.0,0.49597999453544617,1.3826809663391113,nan,0.0,nan,0.0,60000,1,False,,,7,-1.3026614665985108,418447d88f2b45e4ad8ab67dc35b9e2b,2019-05-30_14-26-33,1559251593,8.774970769882202,63.97331237792969,26956,steropes,169.229.49.254,"{'starting_lr': 0.0005, 'momentum': 0.99, 'weight_decay': 0.005, 'steps_per_iteration': None, 'pin': False, 'model_creator': None, 'target_batch_size': 1024, 'model_string': 'resnet18', 'min_batch_size': 512, 'dataset': 'CIFAR', 'placement': None, 'use_nccl': True, 'devices_per_worker': 1, 'primary_resource': 'extra_gpu', 'gpu': False, 'verbose': False, 'lr_config': {'mode': 'log', 'steps': 5, 'initial_lr': 0.0005, 'target_lr': 0.0005}, 'batch_per_device': 1024}",63.97331237792969,0,7,6970.728695591207,1
0.008714509010314942,0.15707073211669922,0.005236029624938965,0.04767465591430664,0.023154234886169432,nan,0.0,0.04539692401885986,0.5360000133514404,1.2772188331604004,-0.5360000133514404,nan,0.0,nan,0.0,nan,0.0,0.5102999806404114,1.3385733852386474,nan,0.0,nan,0.0,60000,1,False,,,8,-1.2772188331604004,418447d88f2b45e4ad8ab67dc35b9e2b,2019-05-30_14-26-41,1559251601,8.472563982009888,72.44587635993958,26956,steropes,169.229.49.254,"{'starting_lr': 0.0005, 'momentum': 0.99, 'weight_decay': 0.005, 'steps_per_iteration': None, 'pin': False, 'model_creator': None, 'target_batch_size': 1024, 'model_string': 'resnet18', 'min_batch_size': 512, 'dataset': 'CIFAR', 'placement': None, 'use_nccl': True, 'devices_per_worker': 1, 'primary_resource': 'extra_gpu', 'gpu': False, 'verbose': False, 'lr_config': {'mode': 'log', 'steps': 5, 'initial_lr': 0.0005, 'target_lr': 0.0005}, 'batch_per_device': 1024}",72.44587635993958,0,8,7035.269624945829,1
0.009268999099731445,0.13246557712554932,0.00511176586151123,0.04739995878569934,0.028285670280456542,nan,0.0,0.057413339614868164,0.5500999689102173,1.234487561607361,-0.5500999689102173,nan,0.0,nan,0.0,nan,0.0,0.5283200144767761,1.2949086904907225,nan,0.0,nan,0.0,60000,1,False,,,9,-1.234487561607361,418447d88f2b45e4ad8ab67dc35b9e2b,2019-05-30_14-26-50,1559251610,8.43796706199646,80.88384342193604,26956,steropes,169.229.49.254,"{'starting_lr': 0.0005, 'momentum': 0.99, 'weight_decay': 0.005, 'steps_per_iteration': None, 'pin': False, 'model_creator': None, 'target_batch_size': 1024, 'model_string': 'resnet18', 'min_batch_size': 512, 'dataset': 'CIFAR', 'placement': None, 'use_nccl': True, 'devices_per_worker': 1, 'primary_resource': 'extra_gpu', 'gpu': False, 'verbose': False, 'lr_config': {'mode': 'log', 'steps': 5, 'initial_lr': 0.0005, 'target_lr': 0.0005}, 'batch_per_device': 1024}",80.88384342193604,0,9,7041.512448882853,1
0.007537722587585449,0.14779925346374512,0.0050995111465454105,0.05535070750178123,0.02418539524078369,nan,0.0,0.04986443519592285,0.5595999956130981,1.2098425239562989,-0.5595999956130981,nan,0.0,nan,0.0,nan,0.0,0.5442399978637695,1.2561881076431274,nan,0.0,nan,0.0,60000,1,False,,,10,-1.2098425239562989,418447d88f2b45e4ad8ab67dc35b9e2b,2019-05-30_14-26-59,1559251619,8.90369200706482,89.78753542900085,26956,steropes,169.229.49.254,"{'starting_lr': 0.0005, 'momentum': 0.99, 'weight_decay': 0.005, 'steps_per_iteration': None, 'pin': False, 'model_creator': None, 'target_batch_size': 1024, 'model_string': 'resnet18', 'min_batch_size': 512, 'dataset': 'CIFAR', 'placement': None, 'use_nccl': True, 'devices_per_worker': 1, 'primary_resource': 'extra_gpu', 'gpu': False, 'verbose': False, 'lr_config': {'mode': 'log', 'steps': 5, 'initial_lr': 0.0005, 'target_lr': 0.0005}, 'batch_per_device': 1024}",89.78753542900085,0,10,6930.510775000988,1
0.0075832843780517575,0.131097149848938,0.005722546577453613,0.04677599303576411,0.02700529098510742,nan,0.0,0.04546816349029541,0.5676000118255615,1.1819177463531494,-0.5676000118255615,nan,0.0,nan,0.0,nan,0.0,0.5605800151824951,1.2109114526367188,nan,0.0,nan,0.0,60000,1,False,,,11,-1.1819177463531494,418447d88f2b45e4ad8ab67dc35b9e2b,2019-05-30_14-27-07,1559251627,8.15842580795288,97.94596123695374,26956,steropes,169.229.49.254,"{'starting_lr': 0.0005, 'momentum': 0.99, 'weight_decay': 0.005, 'steps_per_iteration': None, 'pin': False, 'model_creator': None, 'target_batch_size': 1024, 'model_string': 'resnet18', 'min_batch_size': 512, 'dataset': 'CIFAR', 'placement': None, 'use_nccl': True, 'devices_per_worker': 1, 'primary_resource': 'extra_gpu', 'gpu': False, 'verbose': False, 'lr_config': {'mode': 'log', 'steps': 5, 'initial_lr': 0.0005, 'target_lr': 0.0005}, 'batch_per_device': 1024}",97.94596123695374,0,11,7017.869769768815,1
0.007344436645507812,0.1182302713394165,0.005021381378173828,0.050881916162919025,0.02145373821258545,nan,0.0,0.04246566295623779,0.585599958896637,1.142648770904541,-0.585599958896637,nan,0.0,nan,0.0,nan,0.0,0.5732399821281433,1.1784692244720458,nan,0.0,nan,0.0,60000,1,True,,,12,-1.142648770904541,418447d88f2b45e4ad8ab67dc35b9e2b,2019-05-30_14-27-15,1559251635,7.700969934463501,105.64693117141724,26956,steropes,169.229.49.254,"{'starting_lr': 0.0005, 'momentum': 0.99, 'weight_decay': 0.005, 'steps_per_iteration': None, 'pin': False, 'model_creator': None, 'target_batch_size': 1024, 'model_string': 'resnet18', 'min_batch_size': 512, 'dataset': 'CIFAR', 'placement': None, 'use_nccl': True, 'devices_per_worker': 1, 'primary_resource': 'extra_gpu', 'gpu': False, 'verbose': False, 'lr_config': {'mode': 'log', 'steps': 5, 'initial_lr': 0.0005, 'target_lr': 0.0005}, 'batch_per_device': 1024}",105.64693117141724,0,12,7198.7309183095595,1
