{"apply": 0.007494878768920898, "batch_time": 0.19967403411865234, "d2h": 0.006186389923095703, "data_time": 0.0347385260523582, "fwd": 0.06871399879455567, "get_state_time_mean": NaN, "get_state_time_total": 0.0, "grad": 0.16867578029632568, "mean_accuracy": 0.28360000252723694, "mean_loss": 1.958263536643982, "neg_mean_accuracy": -0.28360000252723694, "set_state_time_mean": NaN, "set_state_time_total": 0.0, "setup_model_time_mean": 20.412267208099365, "setup_model_time_total": 20.412267208099365, "setup_proc_time_mean": 1.7380211353302002, "setup_proc_time_total": 1.7380211353302002, "train_accuracy": 0.16463999450206757, "train_loss": 3.9232664598083495, "training_time_mean": NaN, "training_time_total": 0.0, "validation_time_mean": NaN, "validation_time_total": 0.0, "samples": 60000, "num_workers": 1, "done": false, "timesteps_total": null, "episodes_total": null, "training_iteration": 1, "neg_mean_loss": -1.958263536643982, "experiment_id": "418447d88f2b45e4ad8ab67dc35b9e2b", "date": "2019-05-30_14-25-41", "timestamp": 1559251541, "time_this_iter_s": 12.293705463409424, "time_total_s": 12.293705463409424, "pid": 26956, "hostname": "steropes", "node_ip": "169.229.49.254", "config": {"starting_lr": 0.0005, "momentum": 0.99, "weight_decay": 0.005, "steps_per_iteration": null, "pin": false, "model_creator": null, "target_batch_size": 1024, "model_string": "resnet18", "min_batch_size": 512, "dataset": "CIFAR", "placement": null, "use_nccl": true, "devices_per_worker": 1, "primary_resource": "extra_gpu", "gpu": false, "verbose": false, "lr_config": {"mode": "log", "steps": 5, "initial_lr": 0.0005, "target_lr": 0.0005}, "batch_per_device": 1024}, "time_since_restore": 12.293705463409424, "timesteps_since_restore": 0, "iterations_since_restore": 1, "mean_throughput": 4880.026068356213, "atoms": 1}
{"apply": 0.008905339241027831, "batch_time": 0.15554327964782716, "d2h": 0.005517029762268066, "data_time": 0.0452223894547443, "fwd": 0.0241180419921875, "get_state_time_mean": NaN, "get_state_time_total": 0.0, "grad": 0.046834683418273924, "mean_accuracy": 0.35819998383522034, "mean_loss": 1.7437217029571532, "neg_mean_accuracy": -0.35819998383522034, "set_state_time_mean": NaN, "set_state_time_total": 0.0, "setup_model_time_mean": NaN, "setup_model_time_total": 0.0, "setup_proc_time_mean": NaN, "setup_proc_time_total": 0.0, "train_accuracy": 0.3098999857902527, "train_loss": 1.9085153760528564, "training_time_mean": NaN, "training_time_total": 0.0, "validation_time_mean": NaN, "validation_time_total": 0.0, "samples": 60000, "num_workers": 1, "done": false, "timesteps_total": null, "episodes_total": null, "training_iteration": 2, "neg_mean_loss": -1.7437217029571532, "experiment_id": "418447d88f2b45e4ad8ab67dc35b9e2b", "date": "2019-05-30_14-25-50", "timestamp": 1559251550, "time_this_iter_s": 8.643040657043457, "time_total_s": 20.93674612045288, "pid": 26956, "hostname": "steropes", "node_ip": "169.229.49.254", "config": {"starting_lr": 0.0005, "momentum": 0.99, "weight_decay": 0.005, "steps_per_iteration": null, "pin": false, "model_creator": null, "target_batch_size": 1024, "model_string": "resnet18", "min_batch_size": 512, "dataset": "CIFAR", "placement": null, "use_nccl": true, "devices_per_worker": 1, "primary_resource": "extra_gpu", "gpu": false, "verbose": false, "lr_config": {"mode": "log", "steps": 5, "initial_lr": 0.0005, "target_lr": 0.0005}, "batch_per_device": 1024}, "time_since_restore": 20.93674612045288, "timesteps_since_restore": 0, "iterations_since_restore": 2, "mean_throughput": 5731.169230579684, "atoms": 1}
{"apply": 0.009426641464233398, "batch_time": 0.16155970096588135, "d2h": 0.005880665779113769, "data_time": 0.042609652694390744, "fwd": 0.02271420955657959, "get_state_time_mean": NaN, "get_state_time_total": 0.0, "grad": 0.04804236888885498, "mean_accuracy": 0.42479997873306274, "mean_loss": 1.56768122882843, "neg_mean_accuracy": -0.42479997873306274, "set_state_time_mean": NaN, "set_state_time_total": 0.0, "setup_model_time_mean": NaN, "setup_model_time_total": 0.0, "setup_proc_time_mean": NaN, "setup_proc_time_total": 0.0, "train_accuracy": 0.3673799932003021, "train_loss": 1.7150922005081177, "training_time_mean": NaN, "training_time_total": 0.0, "validation_time_mean": NaN, "validation_time_total": 0.0, "samples": 60000, "num_workers": 1, "done": false, "timesteps_total": null, "episodes_total": null, "training_iteration": 3, "neg_mean_loss": -1.56768122882843, "experiment_id": "418447d88f2b45e4ad8ab67dc35b9e2b", "date": "2019-05-30_14-25-59", "timestamp": 1559251559, "time_this_iter_s": 8.867385864257812, "time_total_s": 29.804131984710693, "pid": 26956, "hostname": "steropes", "node_ip": "169.229.49.254", "config": {"starting_lr": 0.0005, "momentum": 0.99, "weight_decay": 0.005, "steps_per_iteration": null, "pin": false, "model_creator": null, "target_batch_size": 1024, "model_string": "resnet18", "min_batch_size": 512, "dataset": "CIFAR", "placement": null, "use_nccl": true, "devices_per_worker": 1, "primary_resource": "extra_gpu", "gpu": false, "verbose": false, "lr_config": {"mode": "log", "steps": 5, "initial_lr": 0.0005, "target_lr": 0.0005}, "batch_per_device": 1024}, "time_since_restore": 29.804131984710693, "timesteps_since_restore": 0, "iterations_since_restore": 3, "mean_throughput": 6039.13384178197, "atoms": 1}
{"apply": 0.008991003036499023, "batch_time": 0.14389753341674805, "d2h": 0.005447173118591308, "data_time": 0.04193662137401347, "fwd": 0.027922630310058594, "get_state_time_mean": NaN, "get_state_time_total": 0.0, "grad": 0.05862314701080322, "mean_accuracy": 0.4481000006198883, "mean_loss": 1.4796009185791015, "neg_mean_accuracy": -0.4481000006198883, "set_state_time_mean": NaN, "set_state_time_total": 0.0, "setup_model_time_mean": NaN, "setup_model_time_total": 0.0, "setup_proc_time_mean": NaN, "setup_proc_time_total": 0.0, "train_accuracy": 0.41057997941970825, "train_loss": 1.5928172185134888, "training_time_mean": NaN, "training_time_total": 0.0, "validation_time_mean": NaN, "validation_time_total": 0.0, "samples": 60000, "num_workers": 1, "done": false, "timesteps_total": null, "episodes_total": null, "training_iteration": 4, "neg_mean_loss": -1.4796009185791015, "experiment_id": "418447d88f2b45e4ad8ab67dc35b9e2b", "date": "2019-05-30_14-26-07", "timestamp": 1559251567, "time_this_iter_s": 8.475768566131592, "time_total_s": 38.279900550842285, "pid": 26956, "hostname": "steropes", "node_ip": "169.229.49.254", "config": {"starting_lr": 0.0005, "momentum": 0.99, "weight_decay": 0.005, "steps_per_iteration": null, "pin": false, "model_creator": null, "target_batch_size": 1024, "model_string": "resnet18", "min_batch_size": 512, "dataset": "CIFAR", "placement": null, "use_nccl": true, "devices_per_worker": 1, "primary_resource": "extra_gpu", "gpu": false, "verbose": false, "lr_config": {"mode": "log", "steps": 5, "initial_lr": 0.0005, "target_lr": 0.0005}, "batch_per_device": 1024}, "time_since_restore": 38.279900550842285, "timesteps_since_restore": 0, "iterations_since_restore": 4, "mean_throughput": 6269.354370752532, "atoms": 1}
{"apply": 0.0074279546737670895, "batch_time": 0.1293179512023926, "d2h": 0.006880617141723633, "data_time": 0.04048731375713738, "fwd": 0.023635339736938477, "get_state_time_mean": NaN, "get_state_time_total": 0.0, "grad": 0.058915567398071286, "mean_accuracy": 0.4777999818325043, "mean_loss": 1.4165914470672607, "neg_mean_accuracy": -0.4777999818325043, "set_state_time_mean": NaN, "set_state_time_total": 0.0, "setup_model_time_mean": NaN, "setup_model_time_total": 0.0, "setup_proc_time_mean": NaN, "setup_proc_time_total": 0.0, "train_accuracy": 0.44071999192237854, "train_loss": 1.5070082367324829, "training_time_mean": NaN, "training_time_total": 0.0, "validation_time_mean": NaN, "validation_time_total": 0.0, "samples": 60000, "num_workers": 1, "done": false, "timesteps_total": null, "episodes_total": null, "training_iteration": 5, "neg_mean_loss": -1.4165914470672607, "experiment_id": "418447d88f2b45e4ad8ab67dc35b9e2b", "date": "2019-05-30_14-26-15", "timestamp": 1559251575, "time_this_iter_s": 8.221319913864136, "time_total_s": 46.50122046470642, "pid": 26956, "hostname": "steropes", "node_ip": "169.229.49.254", "config": {"starting_lr": 0.0005, "momentum": 0.99, "weight_decay": 0.005, "steps_per_iteration": null, "pin": false, "model_creator": null, "target_batch_size": 1024, "model_string": "resnet18", "min_batch_size": 512, "dataset": "CIFAR", "placement": null, "use_nccl": true, "devices_per_worker": 1, "primary_resource": "extra_gpu", "gpu": false, "verbose": false, "lr_config": {"mode": "log", "steps": 5, "initial_lr": 0.0005, "target_lr": 0.0005}, "batch_per_device": 1024}, "time_since_restore": 46.50122046470642, "timesteps_since_restore": 0, "iterations_since_restore": 5, "mean_throughput": 6451.217101395334, "atoms": 1}
{"apply": 0.008210992813110352, "batch_time": 0.17242608070373536, "d2h": 0.0064002275466918945, "data_time": 0.05079058238438198, "fwd": 0.029929566383361816, "get_state_time_mean": NaN, "get_state_time_total": 0.0, "grad": 0.04280211925506592, "mean_accuracy": 0.498199999332428, "mean_loss": 1.3693283407211303, "neg_mean_accuracy": -0.498199999332428, "set_state_time_mean": NaN, "set_state_time_total": 0.0, "setup_model_time_mean": NaN, "setup_model_time_total": 0.0, "setup_proc_time_mean": NaN, "setup_proc_time_total": 0.0, "train_accuracy": 0.47005999088287354, "train_loss": 1.439133048477173, "training_time_mean": NaN, "training_time_total": 0.0, "validation_time_mean": NaN, "validation_time_total": 0.0, "samples": 60000, "num_workers": 1, "done": false, "timesteps_total": null, "episodes_total": null, "training_iteration": 6, "neg_mean_loss": -1.3693283407211303, "experiment_id": "418447d88f2b45e4ad8ab67dc35b9e2b", "date": "2019-05-30_14-26-24", "timestamp": 1559251584, "time_this_iter_s": 8.697121143341064, "time_total_s": 55.198341608047485, "pid": 26956, "hostname": "steropes", "node_ip": "169.229.49.254", "config": {"starting_lr": 0.0005, "momentum": 0.99, "weight_decay": 0.005, "steps_per_iteration": null, "pin": false, "model_creator": null, "target_batch_size": 1024, "model_string": "resnet18", "min_batch_size": 512, "dataset": "CIFAR", "placement": null, "use_nccl": true, "devices_per_worker": 1, "primary_resource": "extra_gpu", "gpu": false, "verbose": false, "lr_config": {"mode": "log", "steps": 5, "initial_lr": 0.0005, "target_lr": 0.0005}, "batch_per_device": 1024}, "time_since_restore": 55.198341608047485, "timesteps_since_restore": 0, "iterations_since_restore": 6, "mean_throughput": 6992.162876980127, "atoms": 1}
{"apply": 0.007416224479675293, "batch_time": 0.14116320610046387, "d2h": 0.0050038576126098635, "data_time": 0.05479780995115942, "fwd": 0.02998535633087158, "get_state_time_mean": NaN, "get_state_time_total": 0.0, "grad": 0.04984538555145264, "mean_accuracy": 0.5235999822616577, "mean_loss": 1.3026614665985108, "neg_mean_accuracy": -0.5235999822616577, "set_state_time_mean": NaN, "set_state_time_total": 0.0, "setup_model_time_mean": NaN, "setup_model_time_total": 0.0, "setup_proc_time_mean": NaN, "setup_proc_time_total": 0.0, "train_accuracy": 0.49597999453544617, "train_loss": 1.3826809663391113, "training_time_mean": NaN, "training_time_total": 0.0, "validation_time_mean": NaN, "validation_time_total": 0.0, "samples": 60000, "num_workers": 1, "done": false, "timesteps_total": null, "episodes_total": null, "training_iteration": 7, "neg_mean_loss": -1.3026614665985108, "experiment_id": "418447d88f2b45e4ad8ab67dc35b9e2b", "date": "2019-05-30_14-26-33", "timestamp": 1559251593, "time_this_iter_s": 8.774970769882202, "time_total_s": 63.97331237792969, "pid": 26956, "hostname": "steropes", "node_ip": "169.229.49.254", "config": {"starting_lr": 0.0005, "momentum": 0.99, "weight_decay": 0.005, "steps_per_iteration": null, "pin": false, "model_creator": null, "target_batch_size": 1024, "model_string": "resnet18", "min_batch_size": 512, "dataset": "CIFAR", "placement": null, "use_nccl": true, "devices_per_worker": 1, "primary_resource": "extra_gpu", "gpu": false, "verbose": false, "lr_config": {"mode": "log", "steps": 5, "initial_lr": 0.0005, "target_lr": 0.0005}, "batch_per_device": 1024}, "time_since_restore": 63.97331237792969, "timesteps_since_restore": 0, "iterations_since_restore": 7, "mean_throughput": 6970.728695591207, "atoms": 1}
{"apply": 0.008714509010314942, "batch_time": 0.15707073211669922, "d2h": 0.005236029624938965, "data_time": 0.04767465591430664, "fwd": 0.023154234886169432, "get_state_time_mean": NaN, "get_state_time_total": 0.0, "grad": 0.04539692401885986, "mean_accuracy": 0.5360000133514404, "mean_loss": 1.2772188331604004, "neg_mean_accuracy": -0.5360000133514404, "set_state_time_mean": NaN, "set_state_time_total": 0.0, "setup_model_time_mean": NaN, "setup_model_time_total": 0.0, "setup_proc_time_mean": NaN, "setup_proc_time_total": 0.0, "train_accuracy": 0.5102999806404114, "train_loss": 1.3385733852386474, "training_time_mean": NaN, "training_time_total": 0.0, "validation_time_mean": NaN, "validation_time_total": 0.0, "samples": 60000, "num_workers": 1, "done": false, "timesteps_total": null, "episodes_total": null, "training_iteration": 8, "neg_mean_loss": -1.2772188331604004, "experiment_id": "418447d88f2b45e4ad8ab67dc35b9e2b", "date": "2019-05-30_14-26-41", "timestamp": 1559251601, "time_this_iter_s": 8.472563982009888, "time_total_s": 72.44587635993958, "pid": 26956, "hostname": "steropes", "node_ip": "169.229.49.254", "config": {"starting_lr": 0.0005, "momentum": 0.99, "weight_decay": 0.005, "steps_per_iteration": null, "pin": false, "model_creator": null, "target_batch_size": 1024, "model_string": "resnet18", "min_batch_size": 512, "dataset": "CIFAR", "placement": null, "use_nccl": true, "devices_per_worker": 1, "primary_resource": "extra_gpu", "gpu": false, "verbose": false, "lr_config": {"mode": "log", "steps": 5, "initial_lr": 0.0005, "target_lr": 0.0005}, "batch_per_device": 1024}, "time_since_restore": 72.44587635993958, "timesteps_since_restore": 0, "iterations_since_restore": 8, "mean_throughput": 7035.269624945829, "atoms": 1}
{"apply": 0.009268999099731445, "batch_time": 0.13246557712554932, "d2h": 0.00511176586151123, "data_time": 0.04739995878569934, "fwd": 0.028285670280456542, "get_state_time_mean": NaN, "get_state_time_total": 0.0, "grad": 0.057413339614868164, "mean_accuracy": 0.5500999689102173, "mean_loss": 1.234487561607361, "neg_mean_accuracy": -0.5500999689102173, "set_state_time_mean": NaN, "set_state_time_total": 0.0, "setup_model_time_mean": NaN, "setup_model_time_total": 0.0, "setup_proc_time_mean": NaN, "setup_proc_time_total": 0.0, "train_accuracy": 0.5283200144767761, "train_loss": 1.2949086904907225, "training_time_mean": NaN, "training_time_total": 0.0, "validation_time_mean": NaN, "validation_time_total": 0.0, "samples": 60000, "num_workers": 1, "done": false, "timesteps_total": null, "episodes_total": null, "training_iteration": 9, "neg_mean_loss": -1.234487561607361, "experiment_id": "418447d88f2b45e4ad8ab67dc35b9e2b", "date": "2019-05-30_14-26-50", "timestamp": 1559251610, "time_this_iter_s": 8.43796706199646, "time_total_s": 80.88384342193604, "pid": 26956, "hostname": "steropes", "node_ip": "169.229.49.254", "config": {"starting_lr": 0.0005, "momentum": 0.99, "weight_decay": 0.005, "steps_per_iteration": null, "pin": false, "model_creator": null, "target_batch_size": 1024, "model_string": "resnet18", "min_batch_size": 512, "dataset": "CIFAR", "placement": null, "use_nccl": true, "devices_per_worker": 1, "primary_resource": "extra_gpu", "gpu": false, "verbose": false, "lr_config": {"mode": "log", "steps": 5, "initial_lr": 0.0005, "target_lr": 0.0005}, "batch_per_device": 1024}, "time_since_restore": 80.88384342193604, "timesteps_since_restore": 0, "iterations_since_restore": 9, "mean_throughput": 7041.512448882853, "atoms": 1}
{"apply": 0.007537722587585449, "batch_time": 0.14779925346374512, "d2h": 0.0050995111465454105, "data_time": 0.05535070750178123, "fwd": 0.02418539524078369, "get_state_time_mean": NaN, "get_state_time_total": 0.0, "grad": 0.04986443519592285, "mean_accuracy": 0.5595999956130981, "mean_loss": 1.2098425239562989, "neg_mean_accuracy": -0.5595999956130981, "set_state_time_mean": NaN, "set_state_time_total": 0.0, "setup_model_time_mean": NaN, "setup_model_time_total": 0.0, "setup_proc_time_mean": NaN, "setup_proc_time_total": 0.0, "train_accuracy": 0.5442399978637695, "train_loss": 1.2561881076431274, "training_time_mean": NaN, "training_time_total": 0.0, "validation_time_mean": NaN, "validation_time_total": 0.0, "samples": 60000, "num_workers": 1, "done": false, "timesteps_total": null, "episodes_total": null, "training_iteration": 10, "neg_mean_loss": -1.2098425239562989, "experiment_id": "418447d88f2b45e4ad8ab67dc35b9e2b", "date": "2019-05-30_14-26-59", "timestamp": 1559251619, "time_this_iter_s": 8.90369200706482, "time_total_s": 89.78753542900085, "pid": 26956, "hostname": "steropes", "node_ip": "169.229.49.254", "config": {"starting_lr": 0.0005, "momentum": 0.99, "weight_decay": 0.005, "steps_per_iteration": null, "pin": false, "model_creator": null, "target_batch_size": 1024, "model_string": "resnet18", "min_batch_size": 512, "dataset": "CIFAR", "placement": null, "use_nccl": true, "devices_per_worker": 1, "primary_resource": "extra_gpu", "gpu": false, "verbose": false, "lr_config": {"mode": "log", "steps": 5, "initial_lr": 0.0005, "target_lr": 0.0005}, "batch_per_device": 1024}, "time_since_restore": 89.78753542900085, "timesteps_since_restore": 0, "iterations_since_restore": 10, "mean_throughput": 6930.510775000988, "atoms": 1}
{"apply": 0.0075832843780517575, "batch_time": 0.131097149848938, "d2h": 0.005722546577453613, "data_time": 0.04677599303576411, "fwd": 0.02700529098510742, "get_state_time_mean": NaN, "get_state_time_total": 0.0, "grad": 0.04546816349029541, "mean_accuracy": 0.5676000118255615, "mean_loss": 1.1819177463531494, "neg_mean_accuracy": -0.5676000118255615, "set_state_time_mean": NaN, "set_state_time_total": 0.0, "setup_model_time_mean": NaN, "setup_model_time_total": 0.0, "setup_proc_time_mean": NaN, "setup_proc_time_total": 0.0, "train_accuracy": 0.5605800151824951, "train_loss": 1.2109114526367188, "training_time_mean": NaN, "training_time_total": 0.0, "validation_time_mean": NaN, "validation_time_total": 0.0, "samples": 60000, "num_workers": 1, "done": false, "timesteps_total": null, "episodes_total": null, "training_iteration": 11, "neg_mean_loss": -1.1819177463531494, "experiment_id": "418447d88f2b45e4ad8ab67dc35b9e2b", "date": "2019-05-30_14-27-07", "timestamp": 1559251627, "time_this_iter_s": 8.15842580795288, "time_total_s": 97.94596123695374, "pid": 26956, "hostname": "steropes", "node_ip": "169.229.49.254", "config": {"starting_lr": 0.0005, "momentum": 0.99, "weight_decay": 0.005, "steps_per_iteration": null, "pin": false, "model_creator": null, "target_batch_size": 1024, "model_string": "resnet18", "min_batch_size": 512, "dataset": "CIFAR", "placement": null, "use_nccl": true, "devices_per_worker": 1, "primary_resource": "extra_gpu", "gpu": false, "verbose": false, "lr_config": {"mode": "log", "steps": 5, "initial_lr": 0.0005, "target_lr": 0.0005}, "batch_per_device": 1024}, "time_since_restore": 97.94596123695374, "timesteps_since_restore": 0, "iterations_since_restore": 11, "mean_throughput": 7017.869769768815, "atoms": 1}
{"apply": 0.007344436645507812, "batch_time": 0.1182302713394165, "d2h": 0.005021381378173828, "data_time": 0.050881916162919025, "fwd": 0.02145373821258545, "get_state_time_mean": NaN, "get_state_time_total": 0.0, "grad": 0.04246566295623779, "mean_accuracy": 0.585599958896637, "mean_loss": 1.142648770904541, "neg_mean_accuracy": -0.585599958896637, "set_state_time_mean": NaN, "set_state_time_total": 0.0, "setup_model_time_mean": NaN, "setup_model_time_total": 0.0, "setup_proc_time_mean": NaN, "setup_proc_time_total": 0.0, "train_accuracy": 0.5732399821281433, "train_loss": 1.1784692244720458, "training_time_mean": NaN, "training_time_total": 0.0, "validation_time_mean": NaN, "validation_time_total": 0.0, "samples": 60000, "num_workers": 1, "done": true, "timesteps_total": null, "episodes_total": null, "training_iteration": 12, "neg_mean_loss": -1.142648770904541, "experiment_id": "418447d88f2b45e4ad8ab67dc35b9e2b", "date": "2019-05-30_14-27-15", "timestamp": 1559251635, "time_this_iter_s": 7.700969934463501, "time_total_s": 105.64693117141724, "pid": 26956, "hostname": "steropes", "node_ip": "169.229.49.254", "config": {"starting_lr": 0.0005, "momentum": 0.99, "weight_decay": 0.005, "steps_per_iteration": null, "pin": false, "model_creator": null, "target_batch_size": 1024, "model_string": "resnet18", "min_batch_size": 512, "dataset": "CIFAR", "placement": null, "use_nccl": true, "devices_per_worker": 1, "primary_resource": "extra_gpu", "gpu": false, "verbose": false, "lr_config": {"mode": "log", "steps": 5, "initial_lr": 0.0005, "target_lr": 0.0005}, "batch_per_device": 1024}, "time_since_restore": 105.64693117141724, "timesteps_since_restore": 0, "iterations_since_restore": 12, "mean_throughput": 7198.7309183095595, "atoms": 1}
