{"apply": 0.01806044578552246, "batch_time": 0.04130406319340573, "d2h": 0.000724172592163086, "data_time": 0.001854328853090096, "fwd": 0.11712136268615722, "get_state_time_mean": NaN, "get_state_time_total": 0.0, "grad": 0.17113852500915527, "mean_accuracy": 0.2751999795436859, "mean_loss": 3.2794741817474367, "neg_mean_accuracy": -0.2751999795436859, "set_state_time_mean": NaN, "set_state_time_total": 0.0, "setup_model_time_mean": 8.21466612815857, "setup_model_time_total": 8.21466612815857, "setup_proc_time_mean": 0.15264081954956055, "setup_proc_time_total": 0.15264081954956055, "train_accuracy": 0.20273999869823456, "train_loss": 2.4903454188537597, "training_time_mean": NaN, "training_time_total": 0.0, "val_accuracy": 0.2751999795436859, "val_loss": 3.2794741817474367, "validation_time_mean": NaN, "validation_time_total": 0.0, "samples": 60000, "num_workers": 1, "done": false, "timesteps_total": null, "episodes_total": null, "training_iteration": 1, "neg_mean_loss": -3.2794741817474367, "experiment_id": "0273fca2388e46db888fd05cfdd91a3b", "date": "2019-06-06_07-07-42", "timestamp": 1559830062, "time_this_iter_s": 46.466835260391235, "time_total_s": 46.466835260391235, "pid": 5691, "hostname": "steropes", "node_ip": "169.229.49.254", "config": {"starting_lr": 0.0005, "momentum": 0.997, "weight_decay": 0.005, "steps_per_iteration": null, "pin": false, "model_creator": null, "target_batch_size": 128, "model_string": "resnet50", "min_batch_size": 128, "dataset": "CIFAR", "placement": null, "use_nccl": true, "devices_per_worker": 1, "primary_resource": "extra_gpu", "gpu": false, "verbose": false, "lr_config": {"mode": "log", "steps": 5, "initial_lr": 0.0005, "target_lr": 0.0005}, "batch_per_device": 128}, "time_since_restore": 46.466835260391235, "timesteps_since_restore": 0, "iterations_since_restore": 1, "mean_throughput": 1291.2413220226042, "atoms": 1, "setup_time": 8.75078296661377}
{"apply": 0.017609715461730957, "batch_time": 0.032054010825821114, "d2h": 0.0006979703903198242, "data_time": 0.001780894101428254, "fwd": 0.028086304664611816, "get_state_time_mean": NaN, "get_state_time_total": 0.0, "grad": 0.050125527381896975, "mean_accuracy": 0.3071499913930893, "mean_loss": 2.537962658405304, "neg_mean_accuracy": -0.3391000032424927, "set_state_time_mean": NaN, "set_state_time_total": 0.0, "setup_model_time_mean": NaN, "setup_model_time_total": 0.0, "setup_proc_time_mean": NaN, "setup_proc_time_total": 0.0, "train_accuracy": 0.2888999879360199, "train_loss": 2.263307892379761, "training_time_mean": NaN, "training_time_total": 0.0, "val_accuracy": 0.3391000032424927, "val_loss": 1.7964511350631713, "validation_time_mean": NaN, "validation_time_total": 0.0, "samples": 60000, "num_workers": 1, "done": true, "timesteps_total": null, "episodes_total": null, "training_iteration": 2, "neg_mean_loss": -2.537962658405304, "experiment_id": "0273fca2388e46db888fd05cfdd91a3b", "date": "2019-06-06_07-08-23", "timestamp": 1559830103, "time_this_iter_s": 41.04992723464966, "time_total_s": 87.5167624950409, "pid": 5691, "hostname": "steropes", "node_ip": "169.229.49.254", "config": {"starting_lr": 0.0005, "momentum": 0.997, "weight_decay": 0.005, "steps_per_iteration": null, "pin": false, "model_creator": null, "target_batch_size": 128, "model_string": "resnet50", "min_batch_size": 128, "dataset": "CIFAR", "placement": null, "use_nccl": true, "devices_per_worker": 1, "primary_resource": "extra_gpu", "gpu": false, "verbose": false, "lr_config": {"mode": "log", "steps": 5, "initial_lr": 0.0005, "target_lr": 0.0005}, "batch_per_device": 128}, "time_since_restore": 87.5167624950409, "timesteps_since_restore": 0, "iterations_since_restore": 2, "mean_throughput": 1371.1633626902428, "atoms": 1, "setup_time": 8.75078296661377}
