{"apply": 0.018997573852539064, "batch_time": 0.05298890041399606, "d2h": 0.0007370948791503906, "data_time": 0.00184136827278625, "fwd": 0.11792962551116944, "get_state_time_mean": NaN, "get_state_time_total": 0.0, "grad": 0.2552774429321289, "mean_accuracy": 0.09999999403953552, "mean_loss": 2.2060308453131894e+21, "neg_mean_accuracy": -0.09999999403953552, "set_state_time_mean": NaN, "set_state_time_total": 0.0, "setup_model_time_mean": 16.208314895629883, "setup_model_time_total": 16.208314895629883, "setup_proc_time_mean": 1.8376731872558594, "setup_proc_time_total": 1.8376731872558594, "train_accuracy": 0.10419999808073044, "train_loss": 2569758771.438741, "training_time_mean": NaN, "training_time_total": 0.0, "val_accuracy": 0.09999999403953552, "val_loss": 2.2060308453131894e+21, "validation_time_mean": NaN, "validation_time_total": 0.0, "samples": 60000, "num_workers": 1, "done": false, "timesteps_total": null, "episodes_total": null, "training_iteration": 1, "neg_mean_loss": -2.2060308453131894e+21, "experiment_id": "372535f3a6fc475f9bb36083c38b1641", "date": "2019-06-03_03-34-56", "timestamp": 1559558096, "time_this_iter_s": 49.62019109725952, "time_total_s": 49.62019109725952, "pid": 13436, "hostname": "steropes", "node_ip": "169.229.49.254", "config": {"starting_lr": 1.0, "momentum": 0.997, "weight_decay": 0.0005, "steps_per_iteration": null, "pin": false, "model_creator": null, "target_batch_size": 128, "model_string": "resnet50", "min_batch_size": 128, "dataset": "CIFAR", "placement": null, "use_nccl": true, "devices_per_worker": 1, "primary_resource": "extra_gpu", "gpu": false, "verbose": false, "lr_config": {"mode": "log", "steps": 5, "initial_lr": 1.0, "target_lr": 1.0}, "batch_per_device": 128}, "time_since_restore": 49.62019109725952, "timesteps_since_restore": 0, "iterations_since_restore": 1, "mean_throughput": 1209.1830304759355, "atoms": 1, "setup_time": 18.145623922348022}
{"apply": 0.01868147850036621, "batch_time": 0.03275574611712106, "d2h": 0.0007484674453735352, "data_time": 0.0018750883429251668, "fwd": 0.02900981903076172, "get_state_time_mean": NaN, "get_state_time_total": 0.0, "grad": 0.05096697807312012, "mean_accuracy": 0.050049997018504655, "mean_loss": NaN, "neg_mean_accuracy": -9.999999747378752e-05, "set_state_time_mean": NaN, "set_state_time_total": 0.0, "setup_model_time_mean": NaN, "setup_model_time_total": 0.0, "setup_proc_time_mean": NaN, "setup_proc_time_total": 0.0, "train_accuracy": 0.055379997938871384, "train_loss": NaN, "training_time_mean": NaN, "training_time_total": 0.0, "val_accuracy": 9.999999747378752e-05, "val_loss": NaN, "validation_time_mean": NaN, "validation_time_total": 0.0, "samples": 60000, "num_workers": 1, "done": false, "timesteps_total": null, "episodes_total": null, "training_iteration": 2, "neg_mean_loss": NaN, "experiment_id": "372535f3a6fc475f9bb36083c38b1641", "date": "2019-06-03_03-35-39", "timestamp": 1559558139, "time_this_iter_s": 43.0430588722229, "time_total_s": 92.66324996948242, "pid": 13436, "hostname": "steropes", "node_ip": "169.229.49.254", "config": {"starting_lr": 1.0, "momentum": 0.997, "weight_decay": 0.0005, "steps_per_iteration": null, "pin": false, "model_creator": null, "target_batch_size": 128, "model_string": "resnet50", "min_batch_size": 128, "dataset": "CIFAR", "placement": null, "use_nccl": true, "devices_per_worker": 1, "primary_resource": "extra_gpu", "gpu": false, "verbose": false, "lr_config": {"mode": "log", "steps": 5, "initial_lr": 1.0, "target_lr": 1.0}, "batch_per_device": 128}, "time_since_restore": 92.66324996948242, "timesteps_since_restore": 0, "iterations_since_restore": 2, "mean_throughput": 1295.0058493213312, "atoms": 1, "setup_time": 18.145623922348022}
{"apply": 0.018649792671203612, "batch_time": 0.03570221949227249, "d2h": 0.0008392810821533203, "data_time": 0.0018714315751019645, "fwd": 0.029340124130249022, "get_state_time_mean": NaN, "get_state_time_total": 0.0, "grad": 0.04874610900878906, "mean_accuracy": 0.03339999801149437, "mean_loss": NaN, "neg_mean_accuracy": -9.999999747378752e-05, "set_state_time_mean": NaN, "set_state_time_total": 0.0, "setup_model_time_mean": NaN, "setup_model_time_total": 0.0, "setup_proc_time_mean": NaN, "setup_proc_time_total": 0.0, "train_accuracy": 0.0, "train_loss": NaN, "training_time_mean": NaN, "training_time_total": 0.0, "val_accuracy": 9.999999747378752e-05, "val_loss": NaN, "validation_time_mean": NaN, "validation_time_total": 0.0, "samples": 60000, "num_workers": 1, "done": true, "timesteps_total": null, "episodes_total": null, "training_iteration": 3, "neg_mean_loss": NaN, "experiment_id": "372535f3a6fc475f9bb36083c38b1641", "date": "2019-06-03_03-36-22", "timestamp": 1559558182, "time_this_iter_s": 42.20881175994873, "time_total_s": 134.87206172943115, "pid": 13436, "hostname": "steropes", "node_ip": "169.229.49.254", "config": {"starting_lr": 1.0, "momentum": 0.997, "weight_decay": 0.0005, "steps_per_iteration": null, "pin": false, "model_creator": null, "target_batch_size": 128, "model_string": "resnet50", "min_batch_size": 128, "dataset": "CIFAR", "placement": null, "use_nccl": true, "devices_per_worker": 1, "primary_resource": "extra_gpu", "gpu": false, "verbose": false, "lr_config": {"mode": "log", "steps": 5, "initial_lr": 1.0, "target_lr": 1.0}, "batch_per_device": 128}, "time_since_restore": 134.87206172943115, "timesteps_since_restore": 0, "iterations_since_restore": 3, "mean_throughput": 1334.5931159286602, "atoms": 1, "setup_time": 18.145623922348022}
