{"apply": 0.018465971946716307, "batch_time": 0.04316403594198106, "d2h": 0.0007442712783813476, "data_time": 0.0018792188990756373, "fwd": 0.14931106567382812, "get_state_time_mean": NaN, "get_state_time_total": 0.0, "grad": 0.26743831634521487, "mean_accuracy": 0.18459999561309814, "mean_loss": 2.1037236904144287, "neg_mean_accuracy": -0.18459999561309814, "set_state_time_mean": NaN, "set_state_time_total": 0.0, "setup_model_time_mean": 11.764737367630005, "setup_model_time_total": 11.764737367630005, "setup_proc_time_mean": 0.11860132217407227, "setup_proc_time_total": 0.11860132217407227, "train_accuracy": 0.1366799920797348, "train_loss": 4.51777630531311, "training_time_mean": NaN, "training_time_total": 0.0, "val_accuracy": 0.18459999561309814, "val_loss": 2.1037236904144287, "validation_time_mean": NaN, "validation_time_total": 0.0, "samples": 60000, "num_workers": 1, "done": false, "timesteps_total": null, "episodes_total": null, "training_iteration": 1, "neg_mean_loss": -2.1037236904144287, "experiment_id": "f46c60e70e2c4941948aea25b3490bb7", "date": "2019-06-06_02-17-53", "timestamp": 1559812673, "time_this_iter_s": 48.53066611289978, "time_total_s": 48.53066611289978, "pid": 9761, "hostname": "steropes", "node_ip": "169.229.49.254", "config": {"starting_lr": 0.1, "momentum": 0.95, "weight_decay": 0.0005, "steps_per_iteration": null, "pin": false, "model_creator": null, "target_batch_size": 128, "model_string": "resnet50", "min_batch_size": 128, "dataset": "CIFAR", "placement": null, "use_nccl": true, "devices_per_worker": 1, "primary_resource": "extra_gpu", "gpu": false, "verbose": false, "lr_config": {"mode": "log", "steps": 5, "initial_lr": 0.1, "target_lr": 0.1}, "batch_per_device": 128}, "time_since_restore": 48.53066611289978, "timesteps_since_restore": 0, "iterations_since_restore": 1, "mean_throughput": 1236.328352261622, "atoms": 1, "setup_time": 12.009396314620972}
{"apply": 0.01726083755493164, "batch_time": 0.031650965726828274, "d2h": 0.0007085323333740235, "data_time": 0.0017991736721809563, "fwd": 0.02776191234588623, "get_state_time_mean": NaN, "get_state_time_total": 0.0, "grad": 0.048977017402648926, "mean_accuracy": 0.22214999794960022, "mean_loss": 2.024177566719055, "neg_mean_accuracy": -0.2597000002861023, "set_state_time_mean": NaN, "set_state_time_total": 0.0, "setup_model_time_mean": NaN, "setup_model_time_total": 0.0, "setup_proc_time_mean": NaN, "setup_proc_time_total": 0.0, "train_accuracy": 0.20729999244213104, "train_loss": 2.0532328322982787, "training_time_mean": NaN, "training_time_total": 0.0, "val_accuracy": 0.2597000002861023, "val_loss": 1.9446314430236817, "validation_time_mean": NaN, "validation_time_total": 0.0, "samples": 60000, "num_workers": 1, "done": false, "timesteps_total": null, "episodes_total": null, "training_iteration": 2, "neg_mean_loss": -2.024177566719055, "experiment_id": "f46c60e70e2c4941948aea25b3490bb7", "date": "2019-06-06_02-18-34", "timestamp": 1559812714, "time_this_iter_s": 41.24110460281372, "time_total_s": 89.7717707157135, "pid": 9761, "hostname": "steropes", "node_ip": "169.229.49.254", "config": {"starting_lr": 0.1, "momentum": 0.95, "weight_decay": 0.0005, "steps_per_iteration": null, "pin": false, "model_creator": null, "target_batch_size": 128, "model_string": "resnet50", "min_batch_size": 128, "dataset": "CIFAR", "placement": null, "use_nccl": true, "devices_per_worker": 1, "primary_resource": "extra_gpu", "gpu": false, "verbose": false, "lr_config": {"mode": "log", "steps": 5, "initial_lr": 0.1, "target_lr": 0.1}, "batch_per_device": 128}, "time_since_restore": 89.7717707157135, "timesteps_since_restore": 0, "iterations_since_restore": 2, "mean_throughput": 1336.7197633253277, "atoms": 1, "setup_time": 12.009396314620972}
{"apply": 0.01781435012817383, "batch_time": 0.03247522100617614, "d2h": 0.0008201122283935547, "data_time": 0.0017693981795054872, "fwd": 0.028344082832336425, "get_state_time_mean": NaN, "get_state_time_total": 0.0, "grad": 0.050002312660217284, "mean_accuracy": 0.2646666665871938, "mean_loss": 1.9414039409637451, "neg_mean_accuracy": -0.349700003862381, "set_state_time_mean": NaN, "set_state_time_total": 0.0, "setup_model_time_mean": NaN, "setup_model_time_total": 0.0, "setup_proc_time_mean": NaN, "setup_proc_time_total": 0.0, "train_accuracy": 0.2857999801635742, "train_loss": 1.8972187548828126, "training_time_mean": NaN, "training_time_total": 0.0, "val_accuracy": 0.349700003862381, "val_loss": 1.775856689453125, "validation_time_mean": NaN, "validation_time_total": 0.0, "samples": 60000, "num_workers": 1, "done": true, "timesteps_total": null, "episodes_total": null, "training_iteration": 3, "neg_mean_loss": -1.9414039409637451, "experiment_id": "f46c60e70e2c4941948aea25b3490bb7", "date": "2019-06-06_02-19-15", "timestamp": 1559812755, "time_this_iter_s": 41.05173850059509, "time_total_s": 130.8235092163086, "pid": 9761, "hostname": "steropes", "node_ip": "169.229.49.254", "config": {"starting_lr": 0.1, "momentum": 0.95, "weight_decay": 0.0005, "steps_per_iteration": null, "pin": false, "model_creator": null, "target_batch_size": 128, "model_string": "resnet50", "min_batch_size": 128, "dataset": "CIFAR", "placement": null, "use_nccl": true, "devices_per_worker": 1, "primary_resource": "extra_gpu", "gpu": false, "verbose": false, "lr_config": {"mode": "log", "steps": 5, "initial_lr": 0.1, "target_lr": 0.1}, "batch_per_device": 128}, "time_since_restore": 130.8235092163086, "timesteps_since_restore": 0, "iterations_since_restore": 3, "mean_throughput": 1375.8963235023325, "atoms": 1, "setup_time": 12.009396314620972}
