{"apply": 0.016995739936828614, "batch_time": 0.041015121001231516, "d2h": 0.0006539344787597657, "data_time": 0.0018467238492063244, "fwd": 0.11840429306030273, "get_state_time_mean": NaN, "get_state_time_total": 0.0, "grad": 0.16353695392608641, "mean_accuracy": 0.12629999220371246, "mean_loss": 2.234526914215088, "neg_mean_accuracy": -0.12629999220371246, "set_state_time_mean": NaN, "set_state_time_total": 0.0, "setup_model_time_mean": 8.806419372558594, "setup_model_time_total": 8.806419372558594, "setup_proc_time_mean": 0.1426711082458496, "setup_proc_time_total": 0.1426711082458496, "train_accuracy": 0.11433999985456467, "train_loss": 4.277305052947998, "training_time_mean": NaN, "training_time_total": 0.0, "val_accuracy": 0.12629999220371246, "val_loss": 2.234526914215088, "validation_time_mean": NaN, "validation_time_total": 0.0, "samples": 60000, "num_workers": 1, "done": false, "timesteps_total": null, "episodes_total": null, "training_iteration": 1, "neg_mean_loss": -2.234526914215088, "experiment_id": "e0138cefab7c42448b55b459c6171296", "date": "2019-06-02_20-16-52", "timestamp": 1559531812, "time_this_iter_s": 45.614802837371826, "time_total_s": 45.614802837371826, "pid": 18843, "hostname": "steropes", "node_ip": "169.229.49.254", "config": {"starting_lr": 0.1, "momentum": 0.9, "weight_decay": 0.0001, "steps_per_iteration": null, "pin": false, "model_creator": null, "target_batch_size": 128, "model_string": "resnet50", "min_batch_size": 128, "dataset": "CIFAR", "placement": null, "use_nccl": true, "devices_per_worker": 1, "primary_resource": "extra_gpu", "gpu": false, "verbose": false, "lr_config": {"mode": "log", "steps": 5, "initial_lr": 0.1, "target_lr": 0.1}, "batch_per_device": 128}, "time_since_restore": 45.614802837371826, "timesteps_since_restore": 0, "iterations_since_restore": 1, "mean_throughput": 1315.3593409036662, "atoms": 1, "setup_time": 9.069729566574097}
{"apply": 0.016915273666381837, "batch_time": 0.031217840653431566, "d2h": 0.0007233619689941406, "data_time": 0.0017610693831577936, "fwd": 0.02732672691345215, "get_state_time_mean": NaN, "get_state_time_total": 0.0, "grad": 0.04719398021697998, "mean_accuracy": 0.20674999803304672, "mean_loss": 2.0510374938964846, "neg_mean_accuracy": -0.287200003862381, "set_state_time_mean": NaN, "set_state_time_total": 0.0, "setup_model_time_mean": NaN, "setup_model_time_total": 0.0, "setup_proc_time_mean": NaN, "setup_proc_time_total": 0.0, "train_accuracy": 0.21111999452114105, "train_loss": 2.0902699689483644, "training_time_mean": NaN, "training_time_total": 0.0, "val_accuracy": 0.287200003862381, "val_loss": 1.8675480735778809, "validation_time_mean": NaN, "validation_time_total": 0.0, "samples": 60000, "num_workers": 1, "done": false, "timesteps_total": null, "episodes_total": null, "training_iteration": 2, "neg_mean_loss": -2.0510374938964846, "experiment_id": "e0138cefab7c42448b55b459c6171296", "date": "2019-06-02_20-17-32", "timestamp": 1559531852, "time_this_iter_s": 40.24711775779724, "time_total_s": 85.86192059516907, "pid": 18843, "hostname": "steropes", "node_ip": "169.229.49.254", "config": {"starting_lr": 0.1, "momentum": 0.9, "weight_decay": 0.0001, "steps_per_iteration": null, "pin": false, "model_creator": null, "target_batch_size": 128, "model_string": "resnet50", "min_batch_size": 128, "dataset": "CIFAR", "placement": null, "use_nccl": true, "devices_per_worker": 1, "primary_resource": "extra_gpu", "gpu": false, "verbose": false, "lr_config": {"mode": "log", "steps": 5, "initial_lr": 0.1, "target_lr": 0.1}, "batch_per_device": 128}, "time_since_restore": 85.86192059516907, "timesteps_since_restore": 0, "iterations_since_restore": 2, "mean_throughput": 1397.589745606954, "atoms": 1, "setup_time": 9.069729566574097}
{"apply": 0.016852331161499024, "batch_time": 0.03105210050751891, "d2h": 0.000720524787902832, "data_time": 0.0017551436753529112, "fwd": 0.02747018337249756, "get_state_time_mean": NaN, "get_state_time_total": 0.0, "grad": 0.04854886531829834, "mean_accuracy": 0.2552666614452998, "mean_loss": 1.9364137194315594, "neg_mean_accuracy": -0.3522999882698059, "set_state_time_mean": NaN, "set_state_time_total": 0.0, "setup_model_time_mean": NaN, "setup_model_time_total": 0.0, "setup_proc_time_mean": NaN, "setup_proc_time_total": 0.0, "train_accuracy": 0.3008999824523926, "train_loss": 1.8506256084442139, "training_time_mean": NaN, "training_time_total": 0.0, "val_accuracy": 0.3522999882698059, "val_loss": 1.707166170501709, "validation_time_mean": NaN, "validation_time_total": 0.0, "samples": 60000, "num_workers": 1, "done": true, "timesteps_total": null, "episodes_total": null, "training_iteration": 3, "neg_mean_loss": -1.9364137194315594, "experiment_id": "e0138cefab7c42448b55b459c6171296", "date": "2019-06-02_20-18-13", "timestamp": 1559531893, "time_this_iter_s": 40.334835052490234, "time_total_s": 126.1967556476593, "pid": 18843, "hostname": "steropes", "node_ip": "169.229.49.254", "config": {"starting_lr": 0.1, "momentum": 0.9, "weight_decay": 0.0001, "steps_per_iteration": null, "pin": false, "model_creator": null, "target_batch_size": 128, "model_string": "resnet50", "min_batch_size": 128, "dataset": "CIFAR", "placement": null, "use_nccl": true, "devices_per_worker": 1, "primary_resource": "extra_gpu", "gpu": false, "verbose": false, "lr_config": {"mode": "log", "steps": 5, "initial_lr": 0.1, "target_lr": 0.1}, "batch_per_device": 128}, "time_since_restore": 126.1967556476593, "timesteps_since_restore": 0, "iterations_since_restore": 3, "mean_throughput": 1426.341147387124, "atoms": 1, "setup_time": 9.069729566574097}
