{"apply": 0.017105603218078615, "batch_time": 0.0416659856144386, "d2h": 0.0007298707962036133, "data_time": 0.0019141353304733706, "fwd": 0.12119908332824707, "get_state_time_mean": NaN, "get_state_time_total": 0.0, "grad": 0.24556450843811034, "mean_accuracy": 0.0989999994635582, "mean_loss": 7047276888.064, "neg_mean_accuracy": -0.0989999994635582, "set_state_time_mean": NaN, "set_state_time_total": 0.0, "setup_model_time_mean": 8.956798791885376, "setup_model_time_total": 8.956798791885376, "setup_proc_time_mean": 0.1320664882659912, "setup_proc_time_total": 0.1320664882659912, "train_accuracy": 0.10175999999046326, "train_loss": 11522.026837662354, "training_time_mean": NaN, "training_time_total": 0.0, "val_accuracy": 0.0989999994635582, "val_loss": 7047276888.064, "validation_time_mean": NaN, "validation_time_total": 0.0, "samples": 60000, "num_workers": 1, "done": false, "timesteps_total": null, "episodes_total": null, "training_iteration": 1, "neg_mean_loss": -7047276888.064, "experiment_id": "2abcbe2be2f546f3881ff018fee75ea0", "date": "2019-06-03_22-08-32", "timestamp": 1559624912, "time_this_iter_s": 47.8064501285553, "time_total_s": 47.8064501285553, "pid": 6885, "hostname": "steropes", "node_ip": "169.229.49.254", "config": {"starting_lr": 0.5, "momentum": 0.99, "weight_decay": 0.001, "steps_per_iteration": null, "pin": false, "model_creator": null, "target_batch_size": 128, "model_string": "resnet50", "min_batch_size": 128, "dataset": "CIFAR", "placement": null, "use_nccl": true, "devices_per_worker": 1, "primary_resource": "extra_gpu", "gpu": false, "verbose": false, "lr_config": {"mode": "log", "steps": 5, "initial_lr": 0.5, "target_lr": 0.5}, "batch_per_device": 128}, "time_since_restore": 47.8064501285553, "timesteps_since_restore": 0, "iterations_since_restore": 1, "mean_throughput": 1255.0577633079456, "atoms": 1, "setup_time": 9.202746868133545}
{"apply": 0.017020416259765626, "batch_time": 0.03210888633245154, "d2h": 0.0007427215576171875, "data_time": 0.001795579710275011, "fwd": 0.02803194522857666, "get_state_time_mean": NaN, "get_state_time_total": 0.0, "grad": 0.04887402057647705, "mean_accuracy": 0.09949999675154686, "mean_loss": 6.607296487004034e+16, "neg_mean_accuracy": -0.09999999403953552, "set_state_time_mean": NaN, "set_state_time_total": 0.0, "setup_model_time_mean": NaN, "setup_model_time_total": 0.0, "setup_proc_time_mean": NaN, "setup_proc_time_total": 0.0, "train_accuracy": 0.10301999747753143, "train_loss": 5342484315.404298, "training_time_mean": NaN, "training_time_total": 0.0, "val_accuracy": 0.09999999403953552, "val_loss": 1.3214592269280378e+17, "validation_time_mean": NaN, "validation_time_total": 0.0, "samples": 60000, "num_workers": 1, "done": false, "timesteps_total": null, "episodes_total": null, "training_iteration": 2, "neg_mean_loss": -6.607296487004034e+16, "experiment_id": "2abcbe2be2f546f3881ff018fee75ea0", "date": "2019-06-03_22-09-14", "timestamp": 1559624954, "time_this_iter_s": 41.7026801109314, "time_total_s": 89.5091302394867, "pid": 6885, "hostname": "steropes", "node_ip": "169.229.49.254", "config": {"starting_lr": 0.5, "momentum": 0.99, "weight_decay": 0.001, "steps_per_iteration": null, "pin": false, "model_creator": null, "target_batch_size": 128, "model_string": "resnet50", "min_batch_size": 128, "dataset": "CIFAR", "placement": null, "use_nccl": true, "devices_per_worker": 1, "primary_resource": "extra_gpu", "gpu": false, "verbose": false, "lr_config": {"mode": "log", "steps": 5, "initial_lr": 0.5, "target_lr": 0.5}, "batch_per_device": 128}, "time_since_restore": 89.5091302394867, "timesteps_since_restore": 0, "iterations_since_restore": 2, "mean_throughput": 1340.6424767421595, "atoms": 1, "setup_time": 9.202746868133545}
{"apply": 0.019086313247680665, "batch_time": 0.032736093183107016, "d2h": 0.0007683277130126953, "data_time": 0.0018134111028802974, "fwd": 0.029748702049255372, "get_state_time_mean": NaN, "get_state_time_total": 0.0, "grad": 0.050606393814086915, "mean_accuracy": 0.09966666251420975, "mean_loss": 4.46408151255878e+16, "neg_mean_accuracy": -0.09999999403953552, "set_state_time_mean": NaN, "set_state_time_total": 0.0, "setup_model_time_mean": NaN, "setup_model_time_total": 0.0, "setup_proc_time_mean": NaN, "setup_proc_time_total": 0.0, "train_accuracy": 0.10545999556779861, "train_loss": 18424502686509.957, "training_time_mean": NaN, "training_time_total": 0.0, "val_accuracy": 0.09999999403953552, "val_loss": 1776515636682712.8, "validation_time_mean": NaN, "validation_time_total": 0.0, "samples": 60000, "num_workers": 1, "done": true, "timesteps_total": null, "episodes_total": null, "training_iteration": 3, "neg_mean_loss": -4.46408151255878e+16, "experiment_id": "2abcbe2be2f546f3881ff018fee75ea0", "date": "2019-06-03_22-09-55", "timestamp": 1559624995, "time_this_iter_s": 41.22032070159912, "time_total_s": 130.72945094108582, "pid": 6885, "hostname": "steropes", "node_ip": "169.229.49.254", "config": {"starting_lr": 0.5, "momentum": 0.99, "weight_decay": 0.001, "steps_per_iteration": null, "pin": false, "model_creator": null, "target_batch_size": 128, "model_string": "resnet50", "min_batch_size": 128, "dataset": "CIFAR", "placement": null, "use_nccl": true, "devices_per_worker": 1, "primary_resource": "extra_gpu", "gpu": false, "verbose": false, "lr_config": {"mode": "log", "steps": 5, "initial_lr": 0.5, "target_lr": 0.5}, "batch_per_device": 128}, "time_since_restore": 130.72945094108582, "timesteps_since_restore": 0, "iterations_since_restore": 3, "mean_throughput": 1376.8865408886295, "atoms": 1, "setup_time": 9.202746868133545}
