{"apply": 0.017728590965270997, "batch_time": 0.04273775257641756, "d2h": 0.0006345033645629883, "data_time": 0.0017994602622888277, "fwd": 0.15851101875305176, "get_state_time_mean": NaN, "get_state_time_total": 0.0, "grad": 0.310326075553894, "mean_accuracy": 0.1615999937057495, "mean_loss": 2.258901323699951, "neg_mean_accuracy": -0.1615999937057495, "set_state_time_mean": NaN, "set_state_time_total": 0.0, "setup_model_time_mean": 21.717453241348267, "setup_model_time_total": 21.717453241348267, "setup_proc_time_mean": 1.7925758361816406, "setup_proc_time_total": 1.7925758361816406, "train_accuracy": 0.13373999297618866, "train_loss": 2.6079250469970705, "training_time_mean": NaN, "training_time_total": 0.0, "val_accuracy": 0.1615999937057495, "val_loss": 2.258901323699951, "validation_time_mean": NaN, "validation_time_total": 0.0, "samples": 60000, "num_workers": 1, "done": false, "timesteps_total": null, "episodes_total": null, "training_iteration": 1, "neg_mean_loss": -2.258901323699951, "experiment_id": "f02afaff2fdb4190b9eef9a9cd4aa1f8", "date": "2019-06-03_04-07-15", "timestamp": 1559560035, "time_this_iter_s": 48.045647382736206, "time_total_s": 48.045647382736206, "pid": 16888, "hostname": "steropes", "node_ip": "169.229.49.254", "config": {"starting_lr": 0.0001, "momentum": 0.95, "weight_decay": 0.0001, "steps_per_iteration": null, "pin": false, "model_creator": null, "target_batch_size": 128, "model_string": "resnet50", "min_batch_size": 128, "dataset": "CIFAR", "placement": null, "use_nccl": true, "devices_per_worker": 1, "primary_resource": "extra_gpu", "gpu": false, "verbose": false, "lr_config": {"mode": "log", "steps": 5, "initial_lr": 0.0001, "target_lr": 0.0001}, "batch_per_device": 128}, "time_since_restore": 48.045647382736206, "timesteps_since_restore": 0, "iterations_since_restore": 1, "mean_throughput": 1248.8101211671878, "atoms": 1, "setup_time": 23.605308294296265}
{"apply": 0.017910981178283693, "batch_time": 0.0317275886294208, "d2h": 0.0006616592407226562, "data_time": 0.0017801422597197316, "fwd": 0.028420352935791017, "get_state_time_mean": NaN, "get_state_time_total": 0.0, "grad": 0.04673953056335449, "mean_accuracy": 0.19199999421834946, "mean_loss": 2.1977196380615234, "neg_mean_accuracy": -0.2223999947309494, "set_state_time_mean": NaN, "set_state_time_total": 0.0, "setup_model_time_mean": NaN, "setup_model_time_total": 0.0, "setup_proc_time_mean": NaN, "setup_proc_time_total": 0.0, "train_accuracy": 0.1821800023317337, "train_loss": 2.2139322449493406, "training_time_mean": NaN, "training_time_total": 0.0, "val_accuracy": 0.2223999947309494, "val_loss": 2.1365379524230956, "validation_time_mean": NaN, "validation_time_total": 0.0, "samples": 60000, "num_workers": 1, "done": false, "timesteps_total": null, "episodes_total": null, "training_iteration": 2, "neg_mean_loss": -2.1977196380615234, "experiment_id": "f02afaff2fdb4190b9eef9a9cd4aa1f8", "date": "2019-06-03_04-07-56", "timestamp": 1559560076, "time_this_iter_s": 40.37831521034241, "time_total_s": 88.42396259307861, "pid": 16888, "hostname": "steropes", "node_ip": "169.229.49.254", "config": {"starting_lr": 0.0001, "momentum": 0.95, "weight_decay": 0.0001, "steps_per_iteration": null, "pin": false, "model_creator": null, "target_batch_size": 128, "model_string": "resnet50", "min_batch_size": 128, "dataset": "CIFAR", "placement": null, "use_nccl": true, "devices_per_worker": 1, "primary_resource": "extra_gpu", "gpu": false, "verbose": false, "lr_config": {"mode": "log", "steps": 5, "initial_lr": 0.0001, "target_lr": 0.0001}, "batch_per_device": 128}, "time_since_restore": 88.42396259307861, "timesteps_since_restore": 0, "iterations_since_restore": 2, "mean_throughput": 1357.0927864459575, "atoms": 1, "setup_time": 23.605308294296265}
{"apply": 0.0178682804107666, "batch_time": 0.031783870503872255, "d2h": 0.0006900787353515625, "data_time": 0.0018531135890794837, "fwd": 0.027849650382995604, "get_state_time_mean": NaN, "get_state_time_total": 0.0, "grad": 0.04735424518585205, "mean_accuracy": 0.21136665840943655, "mean_loss": 2.1385353513081866, "neg_mean_accuracy": -0.2500999867916107, "set_state_time_mean": NaN, "set_state_time_total": 0.0, "setup_model_time_mean": NaN, "setup_model_time_total": 0.0, "setup_proc_time_mean": NaN, "setup_proc_time_total": 0.0, "train_accuracy": 0.21119999885559082, "train_loss": 2.135164850616455, "training_time_mean": NaN, "training_time_total": 0.0, "val_accuracy": 0.2500999867916107, "val_loss": 2.0201667778015135, "validation_time_mean": NaN, "validation_time_total": 0.0, "samples": 60000, "num_workers": 1, "done": false, "timesteps_total": null, "episodes_total": null, "training_iteration": 3, "neg_mean_loss": -2.1385353513081866, "experiment_id": "f02afaff2fdb4190b9eef9a9cd4aa1f8", "date": "2019-06-03_04-08-36", "timestamp": 1559560116, "time_this_iter_s": 40.35993456840515, "time_total_s": 128.78389716148376, "pid": 16888, "hostname": "steropes", "node_ip": "169.229.49.254", "config": {"starting_lr": 0.0001, "momentum": 0.95, "weight_decay": 0.0001, "steps_per_iteration": null, "pin": false, "model_creator": null, "target_batch_size": 128, "model_string": "resnet50", "min_batch_size": 128, "dataset": "CIFAR", "placement": null, "use_nccl": true, "devices_per_worker": 1, "primary_resource": "extra_gpu", "gpu": false, "verbose": false, "lr_config": {"mode": "log", "steps": 5, "initial_lr": 0.0001, "target_lr": 0.0001}, "batch_per_device": 128}, "time_since_restore": 128.78389716148376, "timesteps_since_restore": 0, "iterations_since_restore": 3, "mean_throughput": 1397.6854494395461, "atoms": 1, "setup_time": 23.605308294296265}
{"apply": 0.01761178970336914, "batch_time": 0.03163701673097248, "d2h": 0.0006476640701293945, "data_time": 0.0018175770254696116, "fwd": 0.02861030101776123, "get_state_time_mean": NaN, "get_state_time_total": 0.0, "grad": 0.047169971466064456, "mean_accuracy": 0.22864999249577522, "mean_loss": 2.093223744869232, "neg_mean_accuracy": -0.28049999475479126, "set_state_time_mean": NaN, "set_state_time_total": 0.0, "setup_model_time_mean": NaN, "setup_model_time_total": 0.0, "setup_proc_time_mean": NaN, "setup_proc_time_total": 0.0, "train_accuracy": 0.24501998722553253, "train_loss": 2.040912448196411, "training_time_mean": NaN, "training_time_total": 0.0, "val_accuracy": 0.28049999475479126, "val_loss": 1.9572889255523682, "validation_time_mean": NaN, "validation_time_total": 0.0, "samples": 60000, "num_workers": 1, "done": false, "timesteps_total": null, "episodes_total": null, "training_iteration": 4, "neg_mean_loss": -2.093223744869232, "experiment_id": "f02afaff2fdb4190b9eef9a9cd4aa1f8", "date": "2019-06-03_04-09-16", "timestamp": 1559560156, "time_this_iter_s": 40.14595818519592, "time_total_s": 168.9298553466797, "pid": 16888, "hostname": "steropes", "node_ip": "169.229.49.254", "config": {"starting_lr": 0.0001, "momentum": 0.95, "weight_decay": 0.0001, "steps_per_iteration": null, "pin": false, "model_creator": null, "target_batch_size": 128, "model_string": "resnet50", "min_batch_size": 128, "dataset": "CIFAR", "placement": null, "use_nccl": true, "devices_per_worker": 1, "primary_resource": "extra_gpu", "gpu": false, "verbose": false, "lr_config": {"mode": "log", "steps": 5, "initial_lr": 0.0001, "target_lr": 0.0001}, "batch_per_device": 128}, "time_since_restore": 168.9298553466797, "timesteps_since_restore": 0, "iterations_since_restore": 4, "mean_throughput": 1420.7035086926544, "atoms": 1, "setup_time": 23.605308294296265}
{"apply": 0.017371177673339844, "batch_time": 0.03147336501109449, "d2h": 0.0006886959075927734, "data_time": 0.0017846697736579134, "fwd": 0.027315664291381835, "get_state_time_mean": NaN, "get_state_time_total": 0.0, "grad": 0.046439313888549806, "mean_accuracy": 0.2438799947500229, "mean_loss": 2.052478167190552, "neg_mean_accuracy": -0.30480000376701355, "set_state_time_mean": NaN, "set_state_time_total": 0.0, "setup_model_time_mean": NaN, "setup_model_time_total": 0.0, "setup_proc_time_mean": NaN, "setup_proc_time_total": 0.0, "train_accuracy": 0.2634199857711792, "train_loss": 1.9864334439086915, "training_time_mean": NaN, "training_time_total": 0.0, "val_accuracy": 0.30480000376701355, "val_loss": 1.8894958564758302, "validation_time_mean": NaN, "validation_time_total": 0.0, "samples": 60000, "num_workers": 1, "done": false, "timesteps_total": null, "episodes_total": null, "training_iteration": 5, "neg_mean_loss": -2.052478167190552, "experiment_id": "f02afaff2fdb4190b9eef9a9cd4aa1f8", "date": "2019-06-03_04-09-56", "timestamp": 1559560196, "time_this_iter_s": 40.087342977523804, "time_total_s": 209.0171983242035, "pid": 16888, "hostname": "steropes", "node_ip": "169.229.49.254", "config": {"starting_lr": 0.0001, "momentum": 0.95, "weight_decay": 0.0001, "steps_per_iteration": null, "pin": false, "model_creator": null, "target_batch_size": 128, "model_string": "resnet50", "min_batch_size": 128, "dataset": "CIFAR", "placement": null, "use_nccl": true, "devices_per_worker": 1, "primary_resource": "extra_gpu", "gpu": false, "verbose": false, "lr_config": {"mode": "log", "steps": 5, "initial_lr": 0.0001, "target_lr": 0.0001}, "batch_per_device": 128}, "time_since_restore": 209.0171983242035, "timesteps_since_restore": 0, "iterations_since_restore": 5, "mean_throughput": 1435.2843421510659, "atoms": 1, "setup_time": 23.605308294296265}
{"apply": 0.017463278770446778, "batch_time": 0.031587935701201234, "d2h": 0.0006720781326293946, "data_time": 0.0017901046196822925, "fwd": 0.027367496490478517, "get_state_time_mean": NaN, "get_state_time_total": 0.0, "grad": 0.047857117652893064, "mean_accuracy": 0.27523999512195585, "mean_loss": 1.9721008977508543, "neg_mean_accuracy": -0.31839999556541443, "set_state_time_mean": NaN, "set_state_time_total": 0.0, "setup_model_time_mean": NaN, "setup_model_time_total": 0.0, "setup_proc_time_mean": NaN, "setup_proc_time_total": 0.0, "train_accuracy": 0.2877599895000458, "train_loss": 1.9322744485092163, "training_time_mean": NaN, "training_time_total": 0.0, "val_accuracy": 0.31839999556541443, "val_loss": 1.8570149765014647, "validation_time_mean": NaN, "validation_time_total": 0.0, "samples": 60000, "num_workers": 1, "done": false, "timesteps_total": null, "episodes_total": null, "training_iteration": 6, "neg_mean_loss": -1.9721008977508543, "experiment_id": "f02afaff2fdb4190b9eef9a9cd4aa1f8", "date": "2019-06-03_04-10-36", "timestamp": 1559560236, "time_this_iter_s": 40.08267283439636, "time_total_s": 249.09987115859985, "pid": 16888, "hostname": "steropes", "node_ip": "169.229.49.254", "config": {"starting_lr": 0.0001, "momentum": 0.95, "weight_decay": 0.0001, "steps_per_iteration": null, "pin": false, "model_creator": null, "target_batch_size": 128, "model_string": "resnet50", "min_batch_size": 128, "dataset": "CIFAR", "placement": null, "use_nccl": true, "devices_per_worker": 1, "primary_resource": "extra_gpu", "gpu": false, "verbose": false, "lr_config": {"mode": "log", "steps": 5, "initial_lr": 0.0001, "target_lr": 0.0001}, "batch_per_device": 128}, "time_since_restore": 249.09987115859985, "timesteps_since_restore": 0, "iterations_since_restore": 6, "mean_throughput": 1492.1302168272355, "atoms": 1, "setup_time": 23.605308294296265}
{"apply": 0.017757248878479005, "batch_time": 0.031573615496671655, "d2h": 0.0006731271743774414, "data_time": 0.0017778019770941771, "fwd": 0.027701187133789062, "get_state_time_mean": NaN, "get_state_time_total": 0.0, "grad": 0.04680602550506592, "mean_accuracy": 0.2991199970245361, "mean_loss": 1.9041874159622192, "neg_mean_accuracy": -0.3418000042438507, "set_state_time_mean": NaN, "set_state_time_total": 0.0, "setup_model_time_mean": NaN, "setup_model_time_total": 0.0, "setup_proc_time_mean": NaN, "setup_proc_time_total": 0.0, "train_accuracy": 0.30390000343322754, "train_loss": 1.8838836172485351, "training_time_mean": NaN, "training_time_total": 0.0, "val_accuracy": 0.3418000042438507, "val_loss": 1.7969705434799195, "validation_time_mean": NaN, "validation_time_total": 0.0, "samples": 60000, "num_workers": 1, "done": false, "timesteps_total": null, "episodes_total": null, "training_iteration": 7, "neg_mean_loss": -1.9041874159622192, "experiment_id": "f02afaff2fdb4190b9eef9a9cd4aa1f8", "date": "2019-06-03_04-11-16", "timestamp": 1559560276, "time_this_iter_s": 40.12039589881897, "time_total_s": 289.2202670574188, "pid": 16888, "hostname": "steropes", "node_ip": "169.229.49.254", "config": {"starting_lr": 0.0001, "momentum": 0.95, "weight_decay": 0.0001, "steps_per_iteration": null, "pin": false, "model_creator": null, "target_batch_size": 128, "model_string": "resnet50", "min_batch_size": 128, "dataset": "CIFAR", "placement": null, "use_nccl": true, "devices_per_worker": 1, "primary_resource": "extra_gpu", "gpu": false, "verbose": false, "lr_config": {"mode": "log", "steps": 5, "initial_lr": 0.0001, "target_lr": 0.0001}, "batch_per_device": 128}, "time_since_restore": 289.2202670574188, "timesteps_since_restore": 0, "iterations_since_restore": 7, "mean_throughput": 1494.0481900913924, "atoms": 1, "setup_time": 23.605308294296265}
{"apply": 0.017867851257324218, "batch_time": 0.0316413143013097, "d2h": 0.0006900310516357421, "data_time": 0.0017721604203324184, "fwd": 0.0278090238571167, "get_state_time_mean": NaN, "get_state_time_total": 0.0, "grad": 0.047168922424316403, "mean_accuracy": 0.318639999628067, "mean_loss": 1.8521028723526, "neg_mean_accuracy": -0.34769999980926514, "set_state_time_mean": NaN, "set_state_time_total": 0.0, "setup_model_time_mean": NaN, "setup_model_time_total": 0.0, "setup_proc_time_mean": NaN, "setup_proc_time_total": 0.0, "train_accuracy": 0.3153199851512909, "train_loss": 1.842260181503296, "training_time_mean": NaN, "training_time_total": 0.0, "val_accuracy": 0.34769999980926514, "val_loss": 1.759744059753418, "validation_time_mean": NaN, "validation_time_total": 0.0, "samples": 60000, "num_workers": 1, "done": false, "timesteps_total": null, "episodes_total": null, "training_iteration": 8, "neg_mean_loss": -1.8521028723526, "experiment_id": "f02afaff2fdb4190b9eef9a9cd4aa1f8", "date": "2019-06-03_04-11-57", "timestamp": 1559560317, "time_this_iter_s": 40.069610834121704, "time_total_s": 329.2898778915405, "pid": 16888, "hostname": "steropes", "node_ip": "169.229.49.254", "config": {"starting_lr": 0.0001, "momentum": 0.95, "weight_decay": 0.0001, "steps_per_iteration": null, "pin": false, "model_creator": null, "target_batch_size": 128, "model_string": "resnet50", "min_batch_size": 128, "dataset": "CIFAR", "placement": null, "use_nccl": true, "devices_per_worker": 1, "primary_resource": "extra_gpu", "gpu": false, "verbose": false, "lr_config": {"mode": "log", "steps": 5, "initial_lr": 0.0001, "target_lr": 0.0001}, "batch_per_device": 128}, "time_since_restore": 329.2898778915405, "timesteps_since_restore": 0, "iterations_since_restore": 8, "mean_throughput": 1496.2115629741004, "atoms": 1, "setup_time": 23.605308294296265}
{"apply": 0.017968082427978517, "batch_time": 0.03136057491543927, "d2h": 0.0006891012191772461, "data_time": 0.0017748433915550446, "fwd": 0.028257584571838378, "get_state_time_mean": NaN, "get_state_time_total": 0.0, "grad": 0.046768999099731444, "mean_accuracy": 0.33388000130653384, "mean_loss": 1.8065349824905397, "neg_mean_accuracy": -0.35670000314712524, "set_state_time_mean": NaN, "set_state_time_total": 0.0, "setup_model_time_mean": NaN, "setup_model_time_total": 0.0, "setup_proc_time_mean": NaN, "setup_proc_time_total": 0.0, "train_accuracy": 0.33249998092651367, "train_loss": 1.8078303498077393, "training_time_mean": NaN, "training_time_total": 0.0, "val_accuracy": 0.35670000314712524, "val_loss": 1.7294494762420654, "validation_time_mean": NaN, "validation_time_total": 0.0, "samples": 60000, "num_workers": 1, "done": false, "timesteps_total": null, "episodes_total": null, "training_iteration": 9, "neg_mean_loss": -1.8065349824905397, "experiment_id": "f02afaff2fdb4190b9eef9a9cd4aa1f8", "date": "2019-06-03_04-12-37", "timestamp": 1559560357, "time_this_iter_s": 40.070637464523315, "time_total_s": 369.36051535606384, "pid": 16888, "hostname": "steropes", "node_ip": "169.229.49.254", "config": {"starting_lr": 0.0001, "momentum": 0.95, "weight_decay": 0.0001, "steps_per_iteration": null, "pin": false, "model_creator": null, "target_batch_size": 128, "model_string": "resnet50", "min_batch_size": 128, "dataset": "CIFAR", "placement": null, "use_nccl": true, "devices_per_worker": 1, "primary_resource": "extra_gpu", "gpu": false, "verbose": false, "lr_config": {"mode": "log", "steps": 5, "initial_lr": 0.0001, "target_lr": 0.0001}, "batch_per_device": 128}, "time_since_restore": 369.36051535606384, "timesteps_since_restore": 0, "iterations_since_restore": 9, "mean_throughput": 1496.7739009395964, "atoms": 1, "setup_time": 23.605308294296265}
{"apply": 0.01785311698913574, "batch_time": 0.03193277648732632, "d2h": 0.0007163286209106445, "data_time": 0.0017938235836565646, "fwd": 0.028229689598083495, "get_state_time_mean": NaN, "get_state_time_total": 0.0, "grad": 0.047538018226623534, "mean_accuracy": 0.3478999972343445, "mean_loss": 1.767180001449585, "neg_mean_accuracy": -0.3748999834060669, "set_state_time_mean": NaN, "set_state_time_total": 0.0, "setup_model_time_mean": NaN, "setup_model_time_total": 0.0, "setup_proc_time_mean": NaN, "setup_proc_time_total": 0.0, "train_accuracy": 0.34529998898506165, "train_loss": 1.7709437438583373, "training_time_mean": NaN, "training_time_total": 0.0, "val_accuracy": 0.3748999834060669, "val_loss": 1.692720951271057, "validation_time_mean": NaN, "validation_time_total": 0.0, "samples": 60000, "num_workers": 1, "done": false, "timesteps_total": null, "episodes_total": null, "training_iteration": 10, "neg_mean_loss": -1.767180001449585, "experiment_id": "f02afaff2fdb4190b9eef9a9cd4aa1f8", "date": "2019-06-03_04-13-17", "timestamp": 1559560397, "time_this_iter_s": 40.12383437156677, "time_total_s": 409.4843497276306, "pid": 16888, "hostname": "steropes", "node_ip": "169.229.49.254", "config": {"starting_lr": 0.0001, "momentum": 0.95, "weight_decay": 0.0001, "steps_per_iteration": null, "pin": false, "model_creator": null, "target_batch_size": 128, "model_string": "resnet50", "min_batch_size": 128, "dataset": "CIFAR", "placement": null, "use_nccl": true, "devices_per_worker": 1, "primary_resource": "extra_gpu", "gpu": false, "verbose": false, "lr_config": {"mode": "log", "steps": 5, "initial_lr": 0.0001, "target_lr": 0.0001}, "batch_per_device": 128}, "time_since_restore": 409.4843497276306, "timesteps_since_restore": 0, "iterations_since_restore": 10, "mean_throughput": 1496.5013734394097, "atoms": 1, "setup_time": 23.605308294296265}
{"apply": 0.017969298362731933, "batch_time": 0.03204079821139951, "d2h": 0.0007807254791259765, "data_time": 0.0018109714283662684, "fwd": 0.028068280220031737, "get_state_time_mean": NaN, "get_state_time_total": 0.0, "grad": 0.047071099281311035, "mean_accuracy": 0.3608199954032898, "mean_loss": 1.7287261975860595, "neg_mean_accuracy": -0.382999986410141, "set_state_time_mean": NaN, "set_state_time_total": 0.0, "setup_model_time_mean": NaN, "setup_model_time_total": 0.0, "setup_proc_time_mean": NaN, "setup_proc_time_total": 0.0, "train_accuracy": 0.3591199815273285, "train_loss": 1.740370610923767, "training_time_mean": NaN, "training_time_total": 0.0, "val_accuracy": 0.382999986410141, "val_loss": 1.6647459571838379, "validation_time_mean": NaN, "validation_time_total": 0.0, "samples": 60000, "num_workers": 1, "done": false, "timesteps_total": null, "episodes_total": null, "training_iteration": 11, "neg_mean_loss": -1.7287261975860595, "experiment_id": "f02afaff2fdb4190b9eef9a9cd4aa1f8", "date": "2019-06-03_04-13-57", "timestamp": 1559560437, "time_this_iter_s": 40.245776653289795, "time_total_s": 449.7301263809204, "pid": 16888, "hostname": "steropes", "node_ip": "169.229.49.254", "config": {"starting_lr": 0.0001, "momentum": 0.95, "weight_decay": 0.0001, "steps_per_iteration": null, "pin": false, "model_creator": null, "target_batch_size": 128, "model_string": "resnet50", "min_batch_size": 128, "dataset": "CIFAR", "placement": null, "use_nccl": true, "devices_per_worker": 1, "primary_resource": "extra_gpu", "gpu": false, "verbose": false, "lr_config": {"mode": "log", "steps": 5, "initial_lr": 0.0001, "target_lr": 0.0001}, "batch_per_device": 128}, "time_since_restore": 449.7301263809204, "timesteps_since_restore": 0, "iterations_since_restore": 11, "mean_throughput": 1495.2847772662324, "atoms": 1, "setup_time": 23.605308294296265}
{"apply": 0.018289709091186525, "batch_time": 0.03150672852238522, "d2h": 0.0006791591644287109, "data_time": 0.001793709557379603, "fwd": 0.028277778625488283, "get_state_time_mean": NaN, "get_state_time_total": 0.0, "grad": 0.04778397083282471, "mean_accuracy": 0.37191998958587646, "mean_loss": 1.697768501663208, "neg_mean_accuracy": -0.39729997515678406, "set_state_time_mean": NaN, "set_state_time_total": 0.0, "setup_model_time_mean": NaN, "setup_model_time_total": 0.0, "setup_proc_time_mean": NaN, "setup_proc_time_total": 0.0, "train_accuracy": 0.3652600049972534, "train_loss": 1.719770173072815, "training_time_mean": NaN, "training_time_total": 0.0, "val_accuracy": 0.39729997515678406, "val_loss": 1.6421820638656617, "validation_time_mean": NaN, "validation_time_total": 0.0, "samples": 60000, "num_workers": 1, "done": true, "timesteps_total": null, "episodes_total": null, "training_iteration": 12, "neg_mean_loss": -1.697768501663208, "experiment_id": "f02afaff2fdb4190b9eef9a9cd4aa1f8", "date": "2019-06-03_04-14-37", "timestamp": 1559560477, "time_this_iter_s": 40.24716019630432, "time_total_s": 489.97728657722473, "pid": 16888, "hostname": "steropes", "node_ip": "169.229.49.254", "config": {"starting_lr": 0.0001, "momentum": 0.95, "weight_decay": 0.0001, "steps_per_iteration": null, "pin": false, "model_creator": null, "target_batch_size": 128, "model_string": "resnet50", "min_batch_size": 128, "dataset": "CIFAR", "placement": null, "use_nccl": true, "devices_per_worker": 1, "primary_resource": "extra_gpu", "gpu": false, "verbose": false, "lr_config": {"mode": "log", "steps": 5, "initial_lr": 0.0001, "target_lr": 0.0001}, "batch_per_device": 128}, "time_since_restore": 489.97728657722473, "timesteps_since_restore": 0, "iterations_since_restore": 12, "mean_throughput": 1494.340598764103, "atoms": 1, "setup_time": 23.605308294296265}
