{"apply": 0.01803598403930664, "batch_time": 0.046757885172397276, "d2h": 0.0006743431091308594, "data_time": 0.0018331254534709178, "fwd": 0.18797564506530762, "get_state_time_mean": NaN, "get_state_time_total": 0.0, "grad": 0.2034665584564209, "mean_accuracy": 0.11270000040531158, "mean_loss": 171715180630114.3, "neg_mean_accuracy": -0.11270000040531158, "set_state_time_mean": NaN, "set_state_time_total": 0.0, "setup_model_time_mean": 15.133793830871582, "setup_model_time_total": 15.133793830871582, "setup_proc_time_mean": 1.8082337379455566, "setup_proc_time_total": 1.8082337379455566, "train_accuracy": 0.10040000081062317, "train_loss": 8090897918.127342, "training_time_mean": NaN, "training_time_total": 0.0, "val_accuracy": 0.11270000040531158, "val_loss": 171715180630114.3, "validation_time_mean": NaN, "validation_time_total": 0.0, "samples": 60000, "num_workers": 1, "done": false, "timesteps_total": null, "episodes_total": null, "training_iteration": 1, "neg_mean_loss": -171715180630114.3, "experiment_id": "556c3bd0e830450f9c96bfc033ec298c", "date": "2019-06-03_04-07-08", "timestamp": 1559560028, "time_this_iter_s": 47.62885665893555, "time_total_s": 47.62885665893555, "pid": 16905, "hostname": "steropes", "node_ip": "169.229.49.254", "config": {"starting_lr": 1.0, "momentum": 0.997, "weight_decay": 0.0005, "steps_per_iteration": null, "pin": false, "model_creator": null, "target_batch_size": 128, "model_string": "resnet50", "min_batch_size": 128, "dataset": "CIFAR", "placement": null, "use_nccl": true, "devices_per_worker": 1, "primary_resource": "extra_gpu", "gpu": false, "verbose": false, "lr_config": {"mode": "log", "steps": 5, "initial_lr": 1.0, "target_lr": 1.0}, "batch_per_device": 128}, "time_since_restore": 47.62885665893555, "timesteps_since_restore": 0, "iterations_since_restore": 1, "mean_throughput": 1259.7382739526722, "atoms": 1, "setup_time": 17.038727521896362}
{"apply": 0.017821621894836426, "batch_time": 0.032113911230352864, "d2h": 0.0006696701049804688, "data_time": 0.0017583260450826583, "fwd": 0.028235387802124024, "get_state_time_mean": NaN, "get_state_time_total": 0.0, "grad": 0.04874885082244873, "mean_accuracy": 0.05635000020265579, "mean_loss": NaN, "neg_mean_accuracy": -0.0, "set_state_time_mean": NaN, "set_state_time_total": 0.0, "setup_model_time_mean": NaN, "setup_model_time_total": 0.0, "setup_proc_time_mean": NaN, "setup_proc_time_total": 0.0, "train_accuracy": 0.049240000545978546, "train_loss": NaN, "training_time_mean": NaN, "training_time_total": 0.0, "val_accuracy": 0.0, "val_loss": NaN, "validation_time_mean": NaN, "validation_time_total": 0.0, "samples": 60000, "num_workers": 1, "done": false, "timesteps_total": null, "episodes_total": null, "training_iteration": 2, "neg_mean_loss": NaN, "experiment_id": "556c3bd0e830450f9c96bfc033ec298c", "date": "2019-06-03_04-07-49", "timestamp": 1559560069, "time_this_iter_s": 40.78340005874634, "time_total_s": 88.41225671768188, "pid": 16905, "hostname": "steropes", "node_ip": "169.229.49.254", "config": {"starting_lr": 1.0, "momentum": 0.997, "weight_decay": 0.0005, "steps_per_iteration": null, "pin": false, "model_creator": null, "target_batch_size": 128, "model_string": "resnet50", "min_batch_size": 128, "dataset": "CIFAR", "placement": null, "use_nccl": true, "devices_per_worker": 1, "primary_resource": "extra_gpu", "gpu": false, "verbose": false, "lr_config": {"mode": "log", "steps": 5, "initial_lr": 1.0, "target_lr": 1.0}, "batch_per_device": 128}, "time_since_restore": 88.41225671768188, "timesteps_since_restore": 0, "iterations_since_restore": 2, "mean_throughput": 1357.271770817617, "atoms": 1, "setup_time": 17.038727521896362}
{"apply": 0.0175154447555542, "batch_time": 0.0319025305253041, "d2h": 0.0006621837615966797, "data_time": 0.0017544454930688415, "fwd": 0.028100299835205077, "get_state_time_mean": NaN, "get_state_time_total": 0.0, "grad": 0.04813880920410156, "mean_accuracy": 0.03756666680177053, "mean_loss": NaN, "neg_mean_accuracy": -0.0, "set_state_time_mean": NaN, "set_state_time_total": 0.0, "setup_model_time_mean": NaN, "setup_model_time_total": 0.0, "setup_proc_time_mean": NaN, "setup_proc_time_total": 0.0, "train_accuracy": 0.0, "train_loss": NaN, "training_time_mean": NaN, "training_time_total": 0.0, "val_accuracy": 0.0, "val_loss": NaN, "validation_time_mean": NaN, "validation_time_total": 0.0, "samples": 60000, "num_workers": 1, "done": true, "timesteps_total": null, "episodes_total": null, "training_iteration": 3, "neg_mean_loss": NaN, "experiment_id": "556c3bd0e830450f9c96bfc033ec298c", "date": "2019-06-03_04-08-30", "timestamp": 1559560110, "time_this_iter_s": 40.791481256484985, "time_total_s": 129.20373797416687, "pid": 16905, "hostname": "steropes", "node_ip": "169.229.49.254", "config": {"starting_lr": 1.0, "momentum": 0.997, "weight_decay": 0.0005, "steps_per_iteration": null, "pin": false, "model_creator": null, "target_batch_size": 128, "model_string": "resnet50", "min_batch_size": 128, "dataset": "CIFAR", "placement": null, "use_nccl": true, "devices_per_worker": 1, "primary_resource": "extra_gpu", "gpu": false, "verbose": false, "lr_config": {"mode": "log", "steps": 5, "initial_lr": 1.0, "target_lr": 1.0}, "batch_per_device": 128}, "time_since_restore": 129.20373797416687, "timesteps_since_restore": 0, "iterations_since_restore": 3, "mean_throughput": 1393.143298866054, "atoms": 1, "setup_time": 17.038727521896362}
