apply,batch_time,d2h,data_time,fwd,get_state_time_mean,get_state_time_total,grad,mean_accuracy,mean_loss,neg_mean_accuracy,set_state_time_mean,set_state_time_total,setup_model_time_mean,setup_model_time_total,setup_proc_time_mean,setup_proc_time_total,train_accuracy,train_loss,training_time_mean,training_time_total,validation_time_mean,validation_time_total,samples,num_workers,done,timesteps_total,episodes_total,training_iteration,neg_mean_loss,experiment_id,date,timestamp,time_this_iter_s,time_total_s,pid,hostname,node_ip,config,time_since_restore,timesteps_since_restore,iterations_since_restore,mean_throughput,atoms,resource_time
0.007360267639160156,0.17514772415161134,0.0045207500457763675,0.037069461783584286,0.0743476390838623,nan,0.0,0.1706636905670166,0.09969999641180038,4.591599380874634,-0.09969999641180038,nan,0.0,9.543996572494507,9.543996572494507,0.15968585014343262,0.15968585014343262,0.09985999763011932,6.120551900177002,nan,0.0,nan,0.0,60000,1,False,,,1,-4.591599380874634,fd59e3a6719f4b78b404d666cf2a60e9,2019-05-30_14-58-29,1559253509,11.438557147979736,11.438557147979736,27552,steropes,169.229.49.254,"{'starting_lr': 1.0, 'momentum': 0.95, 'weight_decay': 0.0001, 'steps_per_iteration': None, 'pin': False, 'model_creator': None, 'target_batch_size': 1024, 'model_string': 'resnet18', 'min_batch_size': 512, 'dataset': 'CIFAR', 'placement': None, 'use_nccl': True, 'devices_per_worker': 1, 'primary_resource': 'extra_gpu', 'gpu': False, 'verbose': False, 'lr_config': {'mode': 'log', 'steps': 5, 'initial_lr': 1.0, 'target_lr': 1.0}, 'batch_per_device': 1024}",11.438557147979736,0,1,5245.362367740533,1,11.438557147979736
0.007790517807006836,0.11969528198242188,0.005572128295898438,0.04116185343995386,0.0269946813583374,nan,0.0,0.0531050443649292,0.10009999573230743,2.322600247955322,-0.10009999573230743,nan,0.0,nan,0.0,nan,0.0,0.09741999953985214,2.378385415649414,nan,0.0,nan,0.0,60000,1,False,,,2,-2.322600247955322,fd59e3a6719f4b78b404d666cf2a60e9,2019-05-30_14-58-36,1559253516,7.747028589248657,19.185585737228394,27552,steropes,169.229.49.254,"{'starting_lr': 1.0, 'momentum': 0.95, 'weight_decay': 0.0001, 'steps_per_iteration': None, 'pin': False, 'model_creator': None, 'target_batch_size': 1024, 'model_string': 'resnet18', 'min_batch_size': 512, 'dataset': 'CIFAR', 'placement': None, 'use_nccl': True, 'devices_per_worker': 1, 'primary_resource': 'extra_gpu', 'gpu': False, 'verbose': False, 'lr_config': {'mode': 'log', 'steps': 5, 'initial_lr': 1.0, 'target_lr': 1.0}, 'batch_per_device': 1024}",19.185585737228394,0,2,6254.630533624299,1,19.185585737228394
0.009674167633056641,0.13316822052001953,0.005922079086303711,0.045445174587016204,0.025480890274047853,nan,0.0,0.045651030540466306,0.1006999984383583,2.3101459381103515,-0.1006999984383583,nan,0.0,nan,0.0,nan,0.0,0.10012000054121017,2.345416900177002,nan,0.0,nan,0.0,60000,1,False,,,3,-2.3101459381103515,fd59e3a6719f4b78b404d666cf2a60e9,2019-05-30_14-58-45,1559253525,8.252107620239258,27.43769335746765,27552,steropes,169.229.49.254,"{'starting_lr': 1.0, 'momentum': 0.95, 'weight_decay': 0.0001, 'steps_per_iteration': None, 'pin': False, 'model_creator': None, 'target_batch_size': 1024, 'model_string': 'resnet18', 'min_batch_size': 512, 'dataset': 'CIFAR', 'placement': None, 'use_nccl': True, 'devices_per_worker': 1, 'primary_resource': 'extra_gpu', 'gpu': False, 'verbose': False, 'lr_config': {'mode': 'log', 'steps': 5, 'initial_lr': 1.0, 'target_lr': 1.0}, 'batch_per_device': 1024}",27.43769335746765,0,3,6560.252278039162,1,27.43769335746765
0.007727694511413574,0.13067481517791749,0.005651021003723144,0.056471839243051956,0.02284998893737793,nan,0.0,0.046354031562805174,0.09999999403953552,2.3105202796936033,-0.09999999403953552,nan,0.0,nan,0.0,nan,0.0,0.10095999389886856,2.3115885846710205,nan,0.0,nan,0.0,60000,1,False,,,4,-2.3105202796936033,fd59e3a6719f4b78b404d666cf2a60e9,2019-05-30_14-58-54,1559253534,8.939271926879883,36.376965284347534,27552,steropes,169.229.49.254,"{'starting_lr': 1.0, 'momentum': 0.95, 'weight_decay': 0.0001, 'steps_per_iteration': None, 'pin': False, 'model_creator': None, 'target_batch_size': 1024, 'model_string': 'resnet18', 'min_batch_size': 512, 'dataset': 'CIFAR', 'placement': None, 'use_nccl': True, 'devices_per_worker': 1, 'primary_resource': 'extra_gpu', 'gpu': False, 'verbose': False, 'lr_config': {'mode': 'log', 'steps': 5, 'initial_lr': 1.0, 'target_lr': 1.0}, 'batch_per_device': 1024}",36.376965284347534,0,4,6597.517258454179,1,36.376965284347534
0.00821998119354248,0.1528026819229126,0.007001709938049316,0.05870402589136241,0.029384088516235352,nan,0.0,0.0475919246673584,0.09989999979734421,2.312571405029297,-0.09989999979734421,nan,0.0,nan,0.0,nan,0.0,0.09944000095129013,2.3151610597991943,nan,0.0,nan,0.0,60000,1,False,,,5,-2.312571405029297,fd59e3a6719f4b78b404d666cf2a60e9,2019-05-30_14-59-03,1559253543,9.120351076126099,45.49731636047363,27552,steropes,169.229.49.254,"{'starting_lr': 1.0, 'momentum': 0.95, 'weight_decay': 0.0001, 'steps_per_iteration': None, 'pin': False, 'model_creator': None, 'target_batch_size': 1024, 'model_string': 'resnet18', 'min_batch_size': 512, 'dataset': 'CIFAR', 'placement': None, 'use_nccl': True, 'devices_per_worker': 1, 'primary_resource': 'extra_gpu', 'gpu': False, 'verbose': False, 'lr_config': {'mode': 'log', 'steps': 5, 'initial_lr': 1.0, 'target_lr': 1.0}, 'batch_per_device': 1024}",45.49731636047363,0,5,6593.728228013985,1,45.49731636047363
0.008395099639892578,0.14244513511657714,0.00628809928894043,0.0501587050301688,0.028004217147827148,nan,0.0,0.04977824687957764,0.09999999403953552,2.315907242202759,-0.09999999403953552,nan,0.0,nan,0.0,nan,0.0,0.09893999993801117,2.31717910484314,nan,0.0,nan,0.0,60000,1,False,,,6,-2.315907242202759,fd59e3a6719f4b78b404d666cf2a60e9,2019-05-30_14-59-11,1559253551,8.638565301895142,54.135881662368774,27552,steropes,169.229.49.254,"{'starting_lr': 1.0, 'momentum': 0.95, 'weight_decay': 0.0001, 'steps_per_iteration': None, 'pin': False, 'model_creator': None, 'target_batch_size': 1024, 'model_string': 'resnet18', 'min_batch_size': 512, 'dataset': 'CIFAR', 'placement': None, 'use_nccl': True, 'devices_per_worker': 1, 'primary_resource': 'extra_gpu', 'gpu': False, 'verbose': False, 'lr_config': {'mode': 'log', 'steps': 5, 'initial_lr': 1.0, 'target_lr': 1.0}, 'batch_per_device': 1024}",54.135881662368774,0,6,7026.108387238092,1,54.135881662368774
0.008216381072998047,0.15561914443969727,0.005749750137329102,0.05717652671191157,0.02642827033996582,nan,0.0,0.05341758728027344,0.09999999403953552,2.3156065715789795,-0.09999999403953552,nan,0.0,nan,0.0,nan,0.0,0.10157999396324158,2.3177365982055664,nan,0.0,nan,0.0,60000,1,False,,,7,-2.3156065715789795,fd59e3a6719f4b78b404d666cf2a60e9,2019-05-30_14-59-20,1559253560,9.088421821594238,63.22430348396301,27552,steropes,169.229.49.254,"{'starting_lr': 1.0, 'momentum': 0.95, 'weight_decay': 0.0001, 'steps_per_iteration': None, 'pin': False, 'model_creator': None, 'target_batch_size': 1024, 'model_string': 'resnet18', 'min_batch_size': 512, 'dataset': 'CIFAR', 'placement': None, 'use_nccl': True, 'devices_per_worker': 1, 'primary_resource': 'extra_gpu', 'gpu': False, 'verbose': False, 'lr_config': {'mode': 'log', 'steps': 5, 'initial_lr': 1.0, 'target_lr': 1.0}, 'batch_per_device': 1024}",63.22430348396301,0,7,6812.100221783244,1,63.22430348396301
0.009177899360656739,0.1407872438430786,0.005117344856262207,0.05039892877851214,0.02393009662628174,nan,0.0,0.052360153198242186,0.09999999403953552,2.313710527038574,-0.09999999403953552,nan,0.0,nan,0.0,nan,0.0,0.09817999601364136,2.318260640182495,nan,0.0,nan,0.0,60000,1,False,,,8,-2.313710527038574,fd59e3a6719f4b78b404d666cf2a60e9,2019-05-30_14-59-29,1559253569,8.60081171989441,71.82511520385742,27552,steropes,169.229.49.254,"{'starting_lr': 1.0, 'momentum': 0.95, 'weight_decay': 0.0001, 'steps_per_iteration': None, 'pin': False, 'model_creator': None, 'target_batch_size': 1024, 'model_string': 'resnet18', 'min_batch_size': 512, 'dataset': 'CIFAR', 'placement': None, 'use_nccl': True, 'devices_per_worker': 1, 'primary_resource': 'extra_gpu', 'gpu': False, 'verbose': False, 'lr_config': {'mode': 'log', 'steps': 5, 'initial_lr': 1.0, 'target_lr': 1.0}, 'batch_per_device': 1024}",71.82511520385742,0,8,6758.584597141899,1,71.82511520385742
0.00803215503692627,0.13895559310913086,0.005840754508972168,0.04573527647524464,0.028586149215698242,nan,0.0,0.04770338535308838,0.09999999403953552,2.316355442428589,-0.09999999403953552,nan,0.0,nan,0.0,nan,0.0,0.0995199978351593,2.3167066891479493,nan,0.0,nan,0.0,60000,1,False,,,9,-2.316355442428589,fd59e3a6719f4b78b404d666cf2a60e9,2019-05-30_14-59-38,1559253578,8.486510276794434,80.31162548065186,27552,steropes,169.229.49.254,"{'starting_lr': 1.0, 'momentum': 0.95, 'weight_decay': 0.0001, 'steps_per_iteration': None, 'pin': False, 'model_creator': None, 'target_batch_size': 1024, 'model_string': 'resnet18', 'min_batch_size': 512, 'dataset': 'CIFAR', 'placement': None, 'use_nccl': True, 'devices_per_worker': 1, 'primary_resource': 'extra_gpu', 'gpu': False, 'verbose': False, 'lr_config': {'mode': 'log', 'steps': 5, 'initial_lr': 1.0, 'target_lr': 1.0}, 'batch_per_device': 1024}",80.31162548065186,0,9,6828.233767061709,1,80.31162548065186
0.009763455390930176,0.13885626792907715,0.006282377243041992,0.04717844846297284,0.02354419231414795,nan,0.0,0.04599201679229736,0.09999999403953552,2.314583498764038,-0.09999999403953552,nan,0.0,nan,0.0,nan,0.0,0.10077999532222748,2.3156299600219725,nan,0.0,nan,0.0,60000,1,False,,,10,-2.314583498764038,fd59e3a6719f4b78b404d666cf2a60e9,2019-05-30_14-59-46,1559253586,8.55882215499878,88.87044763565063,27552,steropes,169.229.49.254,"{'starting_lr': 1.0, 'momentum': 0.95, 'weight_decay': 0.0001, 'steps_per_iteration': None, 'pin': False, 'model_creator': None, 'target_batch_size': 1024, 'model_string': 'resnet18', 'min_batch_size': 512, 'dataset': 'CIFAR', 'placement': None, 'use_nccl': True, 'devices_per_worker': 1, 'primary_resource': 'extra_gpu', 'gpu': False, 'verbose': False, 'lr_config': {'mode': 'log', 'steps': 5, 'initial_lr': 1.0, 'target_lr': 1.0}, 'batch_per_device': 1024}",88.87044763565063,0,10,6916.63873258808,1,88.87044763565063
0.007654023170471191,0.13362298011779786,0.005748677253723145,0.05073974570449518,0.02233586311340332,nan,0.0,0.04267938137054443,0.09999999403953552,2.317585140991211,-0.09999999403953552,nan,0.0,nan,0.0,nan,0.0,0.09953999519348145,2.315262892379761,nan,0.0,nan,0.0,60000,1,False,,,11,-2.317585140991211,fd59e3a6719f4b78b404d666cf2a60e9,2019-05-30_14-59-55,1559253595,8.664113521575928,97.53456115722656,27552,steropes,169.229.49.254,"{'starting_lr': 1.0, 'momentum': 0.95, 'weight_decay': 0.0001, 'steps_per_iteration': None, 'pin': False, 'model_creator': None, 'target_batch_size': 1024, 'model_string': 'resnet18', 'min_batch_size': 512, 'dataset': 'CIFAR', 'placement': None, 'use_nccl': True, 'devices_per_worker': 1, 'primary_resource': 'extra_gpu', 'gpu': False, 'verbose': False, 'lr_config': {'mode': 'log', 'steps': 5, 'initial_lr': 1.0, 'target_lr': 1.0}, 'batch_per_device': 1024}",97.53456115722656,0,11,6912.5895319962865,1,97.53456115722656
0.007747435569763183,0.1349240779876709,0.005139446258544922,0.05636085782732282,0.02380366325378418,nan,0.0,0.043416833877563475,0.09999999403953552,2.316287505340576,-0.09999999403953552,nan,0.0,nan,0.0,nan,0.0,0.09995999932289124,2.3148864863586427,nan,0.0,nan,0.0,60000,1,True,,,12,-2.316287505340576,fd59e3a6719f4b78b404d666cf2a60e9,2019-05-30_15-00-04,1559253604,8.835252523422241,106.3698136806488,27552,steropes,169.229.49.254,"{'starting_lr': 1.0, 'momentum': 0.95, 'weight_decay': 0.0001, 'steps_per_iteration': None, 'pin': False, 'model_creator': None, 'target_batch_size': 1024, 'model_string': 'resnet18', 'min_batch_size': 512, 'dataset': 'CIFAR', 'placement': None, 'use_nccl': True, 'devices_per_worker': 1, 'primary_resource': 'extra_gpu', 'gpu': False, 'verbose': False, 'lr_config': {'mode': 'log', 'steps': 5, 'initial_lr': 1.0, 'target_lr': 1.0}, 'batch_per_device': 1024}",106.3698136806488,0,12,6953.151209451449,1,106.3698136806488
