{"apply": 0.007360267639160156, "batch_time": 0.17514772415161134, "d2h": 0.0045207500457763675, "data_time": 0.037069461783584286, "fwd": 0.0743476390838623, "get_state_time_mean": NaN, "get_state_time_total": 0.0, "grad": 0.1706636905670166, "mean_accuracy": 0.09969999641180038, "mean_loss": 4.591599380874634, "neg_mean_accuracy": -0.09969999641180038, "set_state_time_mean": NaN, "set_state_time_total": 0.0, "setup_model_time_mean": 9.543996572494507, "setup_model_time_total": 9.543996572494507, "setup_proc_time_mean": 0.15968585014343262, "setup_proc_time_total": 0.15968585014343262, "train_accuracy": 0.09985999763011932, "train_loss": 6.120551900177002, "training_time_mean": NaN, "training_time_total": 0.0, "validation_time_mean": NaN, "validation_time_total": 0.0, "samples": 60000, "num_workers": 1, "done": false, "timesteps_total": null, "episodes_total": null, "training_iteration": 1, "neg_mean_loss": -4.591599380874634, "experiment_id": "fd59e3a6719f4b78b404d666cf2a60e9", "date": "2019-05-30_14-58-29", "timestamp": 1559253509, "time_this_iter_s": 11.438557147979736, "time_total_s": 11.438557147979736, "pid": 27552, "hostname": "steropes", "node_ip": "169.229.49.254", "config": {"starting_lr": 1.0, "momentum": 0.95, "weight_decay": 0.0001, "steps_per_iteration": null, "pin": false, "model_creator": null, "target_batch_size": 1024, "model_string": "resnet18", "min_batch_size": 512, "dataset": "CIFAR", "placement": null, "use_nccl": true, "devices_per_worker": 1, "primary_resource": "extra_gpu", "gpu": false, "verbose": false, "lr_config": {"mode": "log", "steps": 5, "initial_lr": 1.0, "target_lr": 1.0}, "batch_per_device": 1024}, "time_since_restore": 11.438557147979736, "timesteps_since_restore": 0, "iterations_since_restore": 1, "mean_throughput": 5245.362367740533, "atoms": 1, "resource_time": 11.438557147979736}
{"apply": 0.007790517807006836, "batch_time": 0.11969528198242188, "d2h": 0.005572128295898438, "data_time": 0.04116185343995386, "fwd": 0.0269946813583374, "get_state_time_mean": NaN, "get_state_time_total": 0.0, "grad": 0.0531050443649292, "mean_accuracy": 0.10009999573230743, "mean_loss": 2.322600247955322, "neg_mean_accuracy": -0.10009999573230743, "set_state_time_mean": NaN, "set_state_time_total": 0.0, "setup_model_time_mean": NaN, "setup_model_time_total": 0.0, "setup_proc_time_mean": NaN, "setup_proc_time_total": 0.0, "train_accuracy": 0.09741999953985214, "train_loss": 2.378385415649414, "training_time_mean": NaN, "training_time_total": 0.0, "validation_time_mean": NaN, "validation_time_total": 0.0, "samples": 60000, "num_workers": 1, "done": false, "timesteps_total": null, "episodes_total": null, "training_iteration": 2, "neg_mean_loss": -2.322600247955322, "experiment_id": "fd59e3a6719f4b78b404d666cf2a60e9", "date": "2019-05-30_14-58-36", "timestamp": 1559253516, "time_this_iter_s": 7.747028589248657, "time_total_s": 19.185585737228394, "pid": 27552, "hostname": "steropes", "node_ip": "169.229.49.254", "config": {"starting_lr": 1.0, "momentum": 0.95, "weight_decay": 0.0001, "steps_per_iteration": null, "pin": false, "model_creator": null, "target_batch_size": 1024, "model_string": "resnet18", "min_batch_size": 512, "dataset": "CIFAR", "placement": null, "use_nccl": true, "devices_per_worker": 1, "primary_resource": "extra_gpu", "gpu": false, "verbose": false, "lr_config": {"mode": "log", "steps": 5, "initial_lr": 1.0, "target_lr": 1.0}, "batch_per_device": 1024}, "time_since_restore": 19.185585737228394, "timesteps_since_restore": 0, "iterations_since_restore": 2, "mean_throughput": 6254.630533624299, "atoms": 1, "resource_time": 19.185585737228394}
{"apply": 0.009674167633056641, "batch_time": 0.13316822052001953, "d2h": 0.005922079086303711, "data_time": 0.045445174587016204, "fwd": 0.025480890274047853, "get_state_time_mean": NaN, "get_state_time_total": 0.0, "grad": 0.045651030540466306, "mean_accuracy": 0.1006999984383583, "mean_loss": 2.3101459381103515, "neg_mean_accuracy": -0.1006999984383583, "set_state_time_mean": NaN, "set_state_time_total": 0.0, "setup_model_time_mean": NaN, "setup_model_time_total": 0.0, "setup_proc_time_mean": NaN, "setup_proc_time_total": 0.0, "train_accuracy": 0.10012000054121017, "train_loss": 2.345416900177002, "training_time_mean": NaN, "training_time_total": 0.0, "validation_time_mean": NaN, "validation_time_total": 0.0, "samples": 60000, "num_workers": 1, "done": false, "timesteps_total": null, "episodes_total": null, "training_iteration": 3, "neg_mean_loss": -2.3101459381103515, "experiment_id": "fd59e3a6719f4b78b404d666cf2a60e9", "date": "2019-05-30_14-58-45", "timestamp": 1559253525, "time_this_iter_s": 8.252107620239258, "time_total_s": 27.43769335746765, "pid": 27552, "hostname": "steropes", "node_ip": "169.229.49.254", "config": {"starting_lr": 1.0, "momentum": 0.95, "weight_decay": 0.0001, "steps_per_iteration": null, "pin": false, "model_creator": null, "target_batch_size": 1024, "model_string": "resnet18", "min_batch_size": 512, "dataset": "CIFAR", "placement": null, "use_nccl": true, "devices_per_worker": 1, "primary_resource": "extra_gpu", "gpu": false, "verbose": false, "lr_config": {"mode": "log", "steps": 5, "initial_lr": 1.0, "target_lr": 1.0}, "batch_per_device": 1024}, "time_since_restore": 27.43769335746765, "timesteps_since_restore": 0, "iterations_since_restore": 3, "mean_throughput": 6560.252278039162, "atoms": 1, "resource_time": 27.43769335746765}
{"apply": 0.007727694511413574, "batch_time": 0.13067481517791749, "d2h": 0.005651021003723144, "data_time": 0.056471839243051956, "fwd": 0.02284998893737793, "get_state_time_mean": NaN, "get_state_time_total": 0.0, "grad": 0.046354031562805174, "mean_accuracy": 0.09999999403953552, "mean_loss": 2.3105202796936033, "neg_mean_accuracy": -0.09999999403953552, "set_state_time_mean": NaN, "set_state_time_total": 0.0, "setup_model_time_mean": NaN, "setup_model_time_total": 0.0, "setup_proc_time_mean": NaN, "setup_proc_time_total": 0.0, "train_accuracy": 0.10095999389886856, "train_loss": 2.3115885846710205, "training_time_mean": NaN, "training_time_total": 0.0, "validation_time_mean": NaN, "validation_time_total": 0.0, "samples": 60000, "num_workers": 1, "done": false, "timesteps_total": null, "episodes_total": null, "training_iteration": 4, "neg_mean_loss": -2.3105202796936033, "experiment_id": "fd59e3a6719f4b78b404d666cf2a60e9", "date": "2019-05-30_14-58-54", "timestamp": 1559253534, "time_this_iter_s": 8.939271926879883, "time_total_s": 36.376965284347534, "pid": 27552, "hostname": "steropes", "node_ip": "169.229.49.254", "config": {"starting_lr": 1.0, "momentum": 0.95, "weight_decay": 0.0001, "steps_per_iteration": null, "pin": false, "model_creator": null, "target_batch_size": 1024, "model_string": "resnet18", "min_batch_size": 512, "dataset": "CIFAR", "placement": null, "use_nccl": true, "devices_per_worker": 1, "primary_resource": "extra_gpu", "gpu": false, "verbose": false, "lr_config": {"mode": "log", "steps": 5, "initial_lr": 1.0, "target_lr": 1.0}, "batch_per_device": 1024}, "time_since_restore": 36.376965284347534, "timesteps_since_restore": 0, "iterations_since_restore": 4, "mean_throughput": 6597.517258454179, "atoms": 1, "resource_time": 36.376965284347534}
{"apply": 0.00821998119354248, "batch_time": 0.1528026819229126, "d2h": 0.007001709938049316, "data_time": 0.05870402589136241, "fwd": 0.029384088516235352, "get_state_time_mean": NaN, "get_state_time_total": 0.0, "grad": 0.0475919246673584, "mean_accuracy": 0.09989999979734421, "mean_loss": 2.312571405029297, "neg_mean_accuracy": -0.09989999979734421, "set_state_time_mean": NaN, "set_state_time_total": 0.0, "setup_model_time_mean": NaN, "setup_model_time_total": 0.0, "setup_proc_time_mean": NaN, "setup_proc_time_total": 0.0, "train_accuracy": 0.09944000095129013, "train_loss": 2.3151610597991943, "training_time_mean": NaN, "training_time_total": 0.0, "validation_time_mean": NaN, "validation_time_total": 0.0, "samples": 60000, "num_workers": 1, "done": false, "timesteps_total": null, "episodes_total": null, "training_iteration": 5, "neg_mean_loss": -2.312571405029297, "experiment_id": "fd59e3a6719f4b78b404d666cf2a60e9", "date": "2019-05-30_14-59-03", "timestamp": 1559253543, "time_this_iter_s": 9.120351076126099, "time_total_s": 45.49731636047363, "pid": 27552, "hostname": "steropes", "node_ip": "169.229.49.254", "config": {"starting_lr": 1.0, "momentum": 0.95, "weight_decay": 0.0001, "steps_per_iteration": null, "pin": false, "model_creator": null, "target_batch_size": 1024, "model_string": "resnet18", "min_batch_size": 512, "dataset": "CIFAR", "placement": null, "use_nccl": true, "devices_per_worker": 1, "primary_resource": "extra_gpu", "gpu": false, "verbose": false, "lr_config": {"mode": "log", "steps": 5, "initial_lr": 1.0, "target_lr": 1.0}, "batch_per_device": 1024}, "time_since_restore": 45.49731636047363, "timesteps_since_restore": 0, "iterations_since_restore": 5, "mean_throughput": 6593.728228013985, "atoms": 1, "resource_time": 45.49731636047363}
{"apply": 0.008395099639892578, "batch_time": 0.14244513511657714, "d2h": 0.00628809928894043, "data_time": 0.0501587050301688, "fwd": 0.028004217147827148, "get_state_time_mean": NaN, "get_state_time_total": 0.0, "grad": 0.04977824687957764, "mean_accuracy": 0.09999999403953552, "mean_loss": 2.315907242202759, "neg_mean_accuracy": -0.09999999403953552, "set_state_time_mean": NaN, "set_state_time_total": 0.0, "setup_model_time_mean": NaN, "setup_model_time_total": 0.0, "setup_proc_time_mean": NaN, "setup_proc_time_total": 0.0, "train_accuracy": 0.09893999993801117, "train_loss": 2.31717910484314, "training_time_mean": NaN, "training_time_total": 0.0, "validation_time_mean": NaN, "validation_time_total": 0.0, "samples": 60000, "num_workers": 1, "done": false, "timesteps_total": null, "episodes_total": null, "training_iteration": 6, "neg_mean_loss": -2.315907242202759, "experiment_id": "fd59e3a6719f4b78b404d666cf2a60e9", "date": "2019-05-30_14-59-11", "timestamp": 1559253551, "time_this_iter_s": 8.638565301895142, "time_total_s": 54.135881662368774, "pid": 27552, "hostname": "steropes", "node_ip": "169.229.49.254", "config": {"starting_lr": 1.0, "momentum": 0.95, "weight_decay": 0.0001, "steps_per_iteration": null, "pin": false, "model_creator": null, "target_batch_size": 1024, "model_string": "resnet18", "min_batch_size": 512, "dataset": "CIFAR", "placement": null, "use_nccl": true, "devices_per_worker": 1, "primary_resource": "extra_gpu", "gpu": false, "verbose": false, "lr_config": {"mode": "log", "steps": 5, "initial_lr": 1.0, "target_lr": 1.0}, "batch_per_device": 1024}, "time_since_restore": 54.135881662368774, "timesteps_since_restore": 0, "iterations_since_restore": 6, "mean_throughput": 7026.108387238092, "atoms": 1, "resource_time": 54.135881662368774}
{"apply": 0.008216381072998047, "batch_time": 0.15561914443969727, "d2h": 0.005749750137329102, "data_time": 0.05717652671191157, "fwd": 0.02642827033996582, "get_state_time_mean": NaN, "get_state_time_total": 0.0, "grad": 0.05341758728027344, "mean_accuracy": 0.09999999403953552, "mean_loss": 2.3156065715789795, "neg_mean_accuracy": -0.09999999403953552, "set_state_time_mean": NaN, "set_state_time_total": 0.0, "setup_model_time_mean": NaN, "setup_model_time_total": 0.0, "setup_proc_time_mean": NaN, "setup_proc_time_total": 0.0, "train_accuracy": 0.10157999396324158, "train_loss": 2.3177365982055664, "training_time_mean": NaN, "training_time_total": 0.0, "validation_time_mean": NaN, "validation_time_total": 0.0, "samples": 60000, "num_workers": 1, "done": false, "timesteps_total": null, "episodes_total": null, "training_iteration": 7, "neg_mean_loss": -2.3156065715789795, "experiment_id": "fd59e3a6719f4b78b404d666cf2a60e9", "date": "2019-05-30_14-59-20", "timestamp": 1559253560, "time_this_iter_s": 9.088421821594238, "time_total_s": 63.22430348396301, "pid": 27552, "hostname": "steropes", "node_ip": "169.229.49.254", "config": {"starting_lr": 1.0, "momentum": 0.95, "weight_decay": 0.0001, "steps_per_iteration": null, "pin": false, "model_creator": null, "target_batch_size": 1024, "model_string": "resnet18", "min_batch_size": 512, "dataset": "CIFAR", "placement": null, "use_nccl": true, "devices_per_worker": 1, "primary_resource": "extra_gpu", "gpu": false, "verbose": false, "lr_config": {"mode": "log", "steps": 5, "initial_lr": 1.0, "target_lr": 1.0}, "batch_per_device": 1024}, "time_since_restore": 63.22430348396301, "timesteps_since_restore": 0, "iterations_since_restore": 7, "mean_throughput": 6812.100221783244, "atoms": 1, "resource_time": 63.22430348396301}
{"apply": 0.009177899360656739, "batch_time": 0.1407872438430786, "d2h": 0.005117344856262207, "data_time": 0.05039892877851214, "fwd": 0.02393009662628174, "get_state_time_mean": NaN, "get_state_time_total": 0.0, "grad": 0.052360153198242186, "mean_accuracy": 0.09999999403953552, "mean_loss": 2.313710527038574, "neg_mean_accuracy": -0.09999999403953552, "set_state_time_mean": NaN, "set_state_time_total": 0.0, "setup_model_time_mean": NaN, "setup_model_time_total": 0.0, "setup_proc_time_mean": NaN, "setup_proc_time_total": 0.0, "train_accuracy": 0.09817999601364136, "train_loss": 2.318260640182495, "training_time_mean": NaN, "training_time_total": 0.0, "validation_time_mean": NaN, "validation_time_total": 0.0, "samples": 60000, "num_workers": 1, "done": false, "timesteps_total": null, "episodes_total": null, "training_iteration": 8, "neg_mean_loss": -2.313710527038574, "experiment_id": "fd59e3a6719f4b78b404d666cf2a60e9", "date": "2019-05-30_14-59-29", "timestamp": 1559253569, "time_this_iter_s": 8.60081171989441, "time_total_s": 71.82511520385742, "pid": 27552, "hostname": "steropes", "node_ip": "169.229.49.254", "config": {"starting_lr": 1.0, "momentum": 0.95, "weight_decay": 0.0001, "steps_per_iteration": null, "pin": false, "model_creator": null, "target_batch_size": 1024, "model_string": "resnet18", "min_batch_size": 512, "dataset": "CIFAR", "placement": null, "use_nccl": true, "devices_per_worker": 1, "primary_resource": "extra_gpu", "gpu": false, "verbose": false, "lr_config": {"mode": "log", "steps": 5, "initial_lr": 1.0, "target_lr": 1.0}, "batch_per_device": 1024}, "time_since_restore": 71.82511520385742, "timesteps_since_restore": 0, "iterations_since_restore": 8, "mean_throughput": 6758.584597141899, "atoms": 1, "resource_time": 71.82511520385742}
{"apply": 0.00803215503692627, "batch_time": 0.13895559310913086, "d2h": 0.005840754508972168, "data_time": 0.04573527647524464, "fwd": 0.028586149215698242, "get_state_time_mean": NaN, "get_state_time_total": 0.0, "grad": 0.04770338535308838, "mean_accuracy": 0.09999999403953552, "mean_loss": 2.316355442428589, "neg_mean_accuracy": -0.09999999403953552, "set_state_time_mean": NaN, "set_state_time_total": 0.0, "setup_model_time_mean": NaN, "setup_model_time_total": 0.0, "setup_proc_time_mean": NaN, "setup_proc_time_total": 0.0, "train_accuracy": 0.0995199978351593, "train_loss": 2.3167066891479493, "training_time_mean": NaN, "training_time_total": 0.0, "validation_time_mean": NaN, "validation_time_total": 0.0, "samples": 60000, "num_workers": 1, "done": false, "timesteps_total": null, "episodes_total": null, "training_iteration": 9, "neg_mean_loss": -2.316355442428589, "experiment_id": "fd59e3a6719f4b78b404d666cf2a60e9", "date": "2019-05-30_14-59-38", "timestamp": 1559253578, "time_this_iter_s": 8.486510276794434, "time_total_s": 80.31162548065186, "pid": 27552, "hostname": "steropes", "node_ip": "169.229.49.254", "config": {"starting_lr": 1.0, "momentum": 0.95, "weight_decay": 0.0001, "steps_per_iteration": null, "pin": false, "model_creator": null, "target_batch_size": 1024, "model_string": "resnet18", "min_batch_size": 512, "dataset": "CIFAR", "placement": null, "use_nccl": true, "devices_per_worker": 1, "primary_resource": "extra_gpu", "gpu": false, "verbose": false, "lr_config": {"mode": "log", "steps": 5, "initial_lr": 1.0, "target_lr": 1.0}, "batch_per_device": 1024}, "time_since_restore": 80.31162548065186, "timesteps_since_restore": 0, "iterations_since_restore": 9, "mean_throughput": 6828.233767061709, "atoms": 1, "resource_time": 80.31162548065186}
{"apply": 0.009763455390930176, "batch_time": 0.13885626792907715, "d2h": 0.006282377243041992, "data_time": 0.04717844846297284, "fwd": 0.02354419231414795, "get_state_time_mean": NaN, "get_state_time_total": 0.0, "grad": 0.04599201679229736, "mean_accuracy": 0.09999999403953552, "mean_loss": 2.314583498764038, "neg_mean_accuracy": -0.09999999403953552, "set_state_time_mean": NaN, "set_state_time_total": 0.0, "setup_model_time_mean": NaN, "setup_model_time_total": 0.0, "setup_proc_time_mean": NaN, "setup_proc_time_total": 0.0, "train_accuracy": 0.10077999532222748, "train_loss": 2.3156299600219725, "training_time_mean": NaN, "training_time_total": 0.0, "validation_time_mean": NaN, "validation_time_total": 0.0, "samples": 60000, "num_workers": 1, "done": false, "timesteps_total": null, "episodes_total": null, "training_iteration": 10, "neg_mean_loss": -2.314583498764038, "experiment_id": "fd59e3a6719f4b78b404d666cf2a60e9", "date": "2019-05-30_14-59-46", "timestamp": 1559253586, "time_this_iter_s": 8.55882215499878, "time_total_s": 88.87044763565063, "pid": 27552, "hostname": "steropes", "node_ip": "169.229.49.254", "config": {"starting_lr": 1.0, "momentum": 0.95, "weight_decay": 0.0001, "steps_per_iteration": null, "pin": false, "model_creator": null, "target_batch_size": 1024, "model_string": "resnet18", "min_batch_size": 512, "dataset": "CIFAR", "placement": null, "use_nccl": true, "devices_per_worker": 1, "primary_resource": "extra_gpu", "gpu": false, "verbose": false, "lr_config": {"mode": "log", "steps": 5, "initial_lr": 1.0, "target_lr": 1.0}, "batch_per_device": 1024}, "time_since_restore": 88.87044763565063, "timesteps_since_restore": 0, "iterations_since_restore": 10, "mean_throughput": 6916.63873258808, "atoms": 1, "resource_time": 88.87044763565063}
{"apply": 0.007654023170471191, "batch_time": 0.13362298011779786, "d2h": 0.005748677253723145, "data_time": 0.05073974570449518, "fwd": 0.02233586311340332, "get_state_time_mean": NaN, "get_state_time_total": 0.0, "grad": 0.04267938137054443, "mean_accuracy": 0.09999999403953552, "mean_loss": 2.317585140991211, "neg_mean_accuracy": -0.09999999403953552, "set_state_time_mean": NaN, "set_state_time_total": 0.0, "setup_model_time_mean": NaN, "setup_model_time_total": 0.0, "setup_proc_time_mean": NaN, "setup_proc_time_total": 0.0, "train_accuracy": 0.09953999519348145, "train_loss": 2.315262892379761, "training_time_mean": NaN, "training_time_total": 0.0, "validation_time_mean": NaN, "validation_time_total": 0.0, "samples": 60000, "num_workers": 1, "done": false, "timesteps_total": null, "episodes_total": null, "training_iteration": 11, "neg_mean_loss": -2.317585140991211, "experiment_id": "fd59e3a6719f4b78b404d666cf2a60e9", "date": "2019-05-30_14-59-55", "timestamp": 1559253595, "time_this_iter_s": 8.664113521575928, "time_total_s": 97.53456115722656, "pid": 27552, "hostname": "steropes", "node_ip": "169.229.49.254", "config": {"starting_lr": 1.0, "momentum": 0.95, "weight_decay": 0.0001, "steps_per_iteration": null, "pin": false, "model_creator": null, "target_batch_size": 1024, "model_string": "resnet18", "min_batch_size": 512, "dataset": "CIFAR", "placement": null, "use_nccl": true, "devices_per_worker": 1, "primary_resource": "extra_gpu", "gpu": false, "verbose": false, "lr_config": {"mode": "log", "steps": 5, "initial_lr": 1.0, "target_lr": 1.0}, "batch_per_device": 1024}, "time_since_restore": 97.53456115722656, "timesteps_since_restore": 0, "iterations_since_restore": 11, "mean_throughput": 6912.5895319962865, "atoms": 1, "resource_time": 97.53456115722656}
{"apply": 0.007747435569763183, "batch_time": 0.1349240779876709, "d2h": 0.005139446258544922, "data_time": 0.05636085782732282, "fwd": 0.02380366325378418, "get_state_time_mean": NaN, "get_state_time_total": 0.0, "grad": 0.043416833877563475, "mean_accuracy": 0.09999999403953552, "mean_loss": 2.316287505340576, "neg_mean_accuracy": -0.09999999403953552, "set_state_time_mean": NaN, "set_state_time_total": 0.0, "setup_model_time_mean": NaN, "setup_model_time_total": 0.0, "setup_proc_time_mean": NaN, "setup_proc_time_total": 0.0, "train_accuracy": 0.09995999932289124, "train_loss": 2.3148864863586427, "training_time_mean": NaN, "training_time_total": 0.0, "validation_time_mean": NaN, "validation_time_total": 0.0, "samples": 60000, "num_workers": 1, "done": true, "timesteps_total": null, "episodes_total": null, "training_iteration": 12, "neg_mean_loss": -2.316287505340576, "experiment_id": "fd59e3a6719f4b78b404d666cf2a60e9", "date": "2019-05-30_15-00-04", "timestamp": 1559253604, "time_this_iter_s": 8.835252523422241, "time_total_s": 106.3698136806488, "pid": 27552, "hostname": "steropes", "node_ip": "169.229.49.254", "config": {"starting_lr": 1.0, "momentum": 0.95, "weight_decay": 0.0001, "steps_per_iteration": null, "pin": false, "model_creator": null, "target_batch_size": 1024, "model_string": "resnet18", "min_batch_size": 512, "dataset": "CIFAR", "placement": null, "use_nccl": true, "devices_per_worker": 1, "primary_resource": "extra_gpu", "gpu": false, "verbose": false, "lr_config": {"mode": "log", "steps": 5, "initial_lr": 1.0, "target_lr": 1.0}, "batch_per_device": 1024}, "time_since_restore": 106.3698136806488, "timesteps_since_restore": 0, "iterations_since_restore": 12, "mean_throughput": 6953.151209451449, "atoms": 1, "resource_time": 106.3698136806488}
