apply,batch_time,d2h,data_time,fwd,get_state_time_mean,get_state_time_total,grad,mean_accuracy,mean_loss,neg_mean_accuracy,set_state_time_mean,set_state_time_total,setup_model_time_mean,setup_model_time_total,setup_proc_time_mean,setup_proc_time_total,train_accuracy,train_loss,training_time_mean,training_time_total,val_accuracy,val_loss,validation_time_mean,validation_time_total,samples,num_workers,done,timesteps_total,episodes_total,training_iteration,neg_mean_loss,experiment_id,date,timestamp,time_this_iter_s,time_total_s,pid,hostname,node_ip,config,time_since_restore,timesteps_since_restore,iterations_since_restore,mean_throughput,atoms,setup_time
0.018192386627197264,0.04534450663795954,0.0006473064422607422,0.0020065386886791805,0.11728959083557129,nan,0.0,0.1626582622528076,0.3021000027656555,1.973591968345642,-0.3021000027656555,nan,0.0,10.142781257629395,10.142781257629395,1.8366801738739014,1.8366801738739014,0.20749999582767487,2.334290661392212,nan,0.0,0.3021000027656555,1.973591968345642,nan,0.0,60000,1,False,,,1,-1.973591968345642,de4aada8aa05464fbd6d64c3d293cf79,2019-06-06_13-16-36,1559852196,47.33611559867859,47.33611559867859,11368,steropes,169.229.49.254,"{'starting_lr': 0.001, 'momentum': 0.95, 'weight_decay': 0.001, 'steps_per_iteration': None, 'pin': False, 'model_creator': None, 'target_batch_size': 128, 'model_string': 'resnet50', 'min_batch_size': 128, 'dataset': 'CIFAR', 'placement': None, 'use_nccl': True, 'devices_per_worker': 1, 'primary_resource': 'extra_gpu', 'gpu': False, 'verbose': False, 'lr_config': {'mode': 'log', 'steps': 5, 'initial_lr': 0.001, 'target_lr': 0.001}, 'batch_per_device': 128}",47.33611559867859,0,1,1267.528650938809,1,13.597969770431519
0.01807734966278076,0.032258178614362885,0.0006667137145996094,0.00183014186751812,0.02806963920593262,nan,0.0,0.04931256771087646,0.34289999306201935,1.8500383162498473,-0.3836999833583832,nan,0.0,nan,0.0,nan,0.0,0.32486000657081604,1.883348618850708,nan,0.0,0.3836999833583832,1.7264846641540528,nan,0.0,60000,1,False,,,2,-1.8500383162498473,de4aada8aa05464fbd6d64c3d293cf79,2019-06-06_13-17-18,1559852238,41.82323980331421,89.1593554019928,11368,steropes,169.229.49.254,"{'starting_lr': 0.001, 'momentum': 0.95, 'weight_decay': 0.001, 'steps_per_iteration': None, 'pin': False, 'model_creator': None, 'target_batch_size': 128, 'model_string': 'resnet50', 'min_batch_size': 128, 'dataset': 'CIFAR', 'placement': None, 'use_nccl': True, 'devices_per_worker': 1, 'primary_resource': 'extra_gpu', 'gpu': False, 'verbose': False, 'lr_config': {'mode': 'log', 'steps': 5, 'initial_lr': 0.001, 'target_lr': 0.001}, 'batch_per_device': 128}",89.1593554019928,0,2,1345.899164947586,1,13.597969770431519
0.018048524856567383,0.03182966196084324,0.0006535053253173828,0.0017948620154729586,0.028490018844604493,nan,0.0,0.0485184907913208,0.3697666625181834,1.7639860213597613,-0.4235000014305115,nan,0.0,nan,0.0,nan,0.0,0.3783399760723114,1.7282157347869873,nan,0.0,0.4235000014305115,1.59188143157959,nan,0.0,60000,1,False,,,3,-1.7639860213597613,de4aada8aa05464fbd6d64c3d293cf79,2019-06-06_13-17-59,1559852279,41.302053451538086,130.46140885353088,11368,steropes,169.229.49.254,"{'starting_lr': 0.001, 'momentum': 0.95, 'weight_decay': 0.001, 'steps_per_iteration': None, 'pin': False, 'model_creator': None, 'target_batch_size': 128, 'model_string': 'resnet50', 'min_batch_size': 128, 'dataset': 'CIFAR', 'placement': None, 'use_nccl': True, 'devices_per_worker': 1, 'primary_resource': 'extra_gpu', 'gpu': False, 'verbose': False, 'lr_config': {'mode': 'log', 'steps': 5, 'initial_lr': 0.001, 'target_lr': 0.001}, 'batch_per_device': 128}",130.46140885353088,0,3,1379.7135711919173,1,13.597969770431519
0.01809091567993164,0.03229963326755958,0.0006500959396362304,0.0017858929646289562,0.028076672554016115,nan,0.0,0.04847121238708496,0.3891249969601631,1.732066351175308,-0.4472000002861023,nan,0.0,nan,0.0,nan,0.0,0.4106599986553192,1.6342713224029541,nan,0.0,0.4472000002861023,1.6363073406219482,nan,0.0,60000,1,False,,,4,-1.732066351175308,de4aada8aa05464fbd6d64c3d293cf79,2019-06-06_13-18-41,1559852321,41.2406120300293,171.70202088356018,11368,steropes,169.229.49.254,"{'starting_lr': 0.001, 'momentum': 0.95, 'weight_decay': 0.001, 'steps_per_iteration': None, 'pin': False, 'model_creator': None, 'target_batch_size': 128, 'model_string': 'resnet50', 'min_batch_size': 128, 'dataset': 'CIFAR', 'placement': None, 'use_nccl': True, 'devices_per_worker': 1, 'primary_resource': 'extra_gpu', 'gpu': False, 'verbose': False, 'lr_config': {'mode': 'log', 'steps': 5, 'initial_lr': 0.001, 'target_lr': 0.001}, 'batch_per_device': 128}",171.70202088356018,0,4,1397.7660597304896,1,13.597969770431519
0.01878671646118164,0.03216325482235679,0.0006983518600463867,0.0018179843492825013,0.02875547409057617,nan,0.0,0.04886338710784912,0.4045199930667877,1.679303279914856,-0.46609997749328613,nan,0.0,nan,0.0,nan,0.0,0.43967998027801514,1.543327532119751,nan,0.0,0.46609997749328613,1.4682509948730469,nan,0.0,60000,1,False,,,5,-1.679303279914856,de4aada8aa05464fbd6d64c3d293cf79,2019-06-06_13-19-22,1559852362,41.28217697143555,212.98419785499573,11368,steropes,169.229.49.254,"{'starting_lr': 0.001, 'momentum': 0.95, 'weight_decay': 0.001, 'steps_per_iteration': None, 'pin': False, 'model_creator': None, 'target_batch_size': 128, 'model_string': 'resnet50', 'min_batch_size': 128, 'dataset': 'CIFAR', 'placement': None, 'use_nccl': True, 'devices_per_worker': 1, 'primary_resource': 'extra_gpu', 'gpu': False, 'verbose': False, 'lr_config': {'mode': 'log', 'steps': 5, 'initial_lr': 0.001, 'target_lr': 0.001}, 'batch_per_device': 128}",212.98419785499573,0,5,1408.5511505158834,1,13.597969770431519
0.018433642387390137,0.032216117351869994,0.000738835334777832,0.0018457500526057485,0.028853774070739746,nan,0.0,0.04900069236755371,0.44171999096870423,1.5826564136505126,-0.48809999227523804,nan,0.0,nan,0.0,nan,0.0,0.4614199995994568,1.4855936337661744,nan,0.0,0.48809999227523804,1.4903576370239258,nan,0.0,60000,1,False,,,6,-1.5826564136505126,de4aada8aa05464fbd6d64c3d293cf79,2019-06-06_13-20-03,1559852403,41.367990016937256,254.35218787193298,11368,steropes,169.229.49.254,"{'starting_lr': 0.001, 'momentum': 0.95, 'weight_decay': 0.001, 'steps_per_iteration': None, 'pin': False, 'model_creator': None, 'target_batch_size': 128, 'model_string': 'resnet50', 'min_batch_size': 128, 'dataset': 'CIFAR', 'placement': None, 'use_nccl': True, 'devices_per_worker': 1, 'primary_resource': 'extra_gpu', 'gpu': False, 'verbose': False, 'lr_config': {'mode': 'log', 'steps': 5, 'initial_lr': 0.001, 'target_lr': 0.001}, 'batch_per_device': 128}",254.35218787193298,0,6,1449.158606214036,1,13.597969770431519
0.017819547653198244,0.03186968610256533,0.0006618976593017578,0.0019310465859025336,0.028005528450012206,nan,0.0,0.05151686668395996,0.46633999347686766,1.5150731504440307,-0.5067999958992004,nan,0.0,nan,0.0,nan,0.0,0.48569998145103455,1.4449997967910766,nan,0.0,0.5067999958992004,1.388568348121643,nan,0.0,60000,1,False,,,7,-1.5150731504440307,de4aada8aa05464fbd6d64c3d293cf79,2019-06-06_13-20-45,1559852445,41.23225378990173,295.5844416618347,11368,steropes,169.229.49.254,"{'starting_lr': 0.001, 'momentum': 0.95, 'weight_decay': 0.001, 'steps_per_iteration': None, 'pin': False, 'model_creator': None, 'target_batch_size': 128, 'model_string': 'resnet50', 'min_batch_size': 128, 'dataset': 'CIFAR', 'placement': None, 'use_nccl': True, 'devices_per_worker': 1, 'primary_resource': 'extra_gpu', 'gpu': False, 'verbose': False, 'lr_config': {'mode': 'log', 'steps': 5, 'initial_lr': 0.001, 'target_lr': 0.001}, 'batch_per_device': 128}",295.5844416618347,0,7,1453.3088785194902,1,13.597969770431519
0.01826176643371582,0.032671490802040584,0.0006810188293457031,0.001804570102935557,0.028429794311523437,nan,0.0,0.0482823371887207,0.48491998910903933,1.4703828503036498,-0.5163999795913696,nan,0.0,nan,0.0,nan,0.0,0.5020599961280823,1.3864023711395264,nan,0.0,0.5163999795913696,1.3684299308776855,nan,0.0,60000,1,False,,,8,-1.4703828503036498,de4aada8aa05464fbd6d64c3d293cf79,2019-06-06_13-21-26,1559852486,41.31143808364868,336.8958797454834,11368,steropes,169.229.49.254,"{'starting_lr': 0.001, 'momentum': 0.95, 'weight_decay': 0.001, 'steps_per_iteration': None, 'pin': False, 'model_creator': None, 'target_batch_size': 128, 'model_string': 'resnet50', 'min_batch_size': 128, 'dataset': 'CIFAR', 'placement': None, 'use_nccl': True, 'devices_per_worker': 1, 'primary_resource': 'extra_gpu', 'gpu': False, 'verbose': False, 'lr_config': {'mode': 'log', 'steps': 5, 'initial_lr': 0.001, 'target_lr': 0.001}, 'batch_per_device': 128}",336.8958797454834,0,8,1453.2428103753712,1,13.597969770431519
0.018645262718200682,0.03223729435401627,0.0007660627365112304,0.0018039530195543528,0.029240751266479494,nan,0.0,0.04975326061248779,0.4993799805641174,1.4126260081863404,-0.5194999575614929,nan,0.0,nan,0.0,nan,0.0,0.5179600119590759,1.3521379965591431,nan,0.0,0.5194999575614929,1.3475231300354005,nan,0.0,60000,1,False,,,9,-1.4126260081863404,de4aada8aa05464fbd6d64c3d293cf79,2019-06-06_13-22-07,1559852527,41.27857303619385,378.17445278167725,11368,steropes,169.229.49.254,"{'starting_lr': 0.001, 'momentum': 0.95, 'weight_decay': 0.001, 'steps_per_iteration': None, 'pin': False, 'model_creator': None, 'target_batch_size': 128, 'model_string': 'resnet50', 'min_batch_size': 128, 'dataset': 'CIFAR', 'placement': None, 'use_nccl': True, 'devices_per_worker': 1, 'primary_resource': 'extra_gpu', 'gpu': False, 'verbose': False, 'lr_config': {'mode': 'log', 'steps': 5, 'initial_lr': 0.001, 'target_lr': 0.001}, 'batch_per_device': 128}",378.17445278167725,0,9,1452.9755895888063,1,13.597969770431519
0.018085885047912597,0.03214631503141379,0.0006821155548095703,0.0018239124961521315,0.028261899948120117,nan,0.0,0.048294234275817874,0.5154999852180481,1.3730800796127318,-0.5467000007629395,nan,0.0,nan,0.0,nan,0.0,0.5318799614906311,1.3095470514678955,nan,0.0,0.5467000007629395,1.270521352005005,nan,0.0,60000,1,False,,,10,-1.3730800796127318,de4aada8aa05464fbd6d64c3d293cf79,2019-06-06_13-22-48,1559852568,41.2832555770874,419.45770835876465,11368,steropes,169.229.49.254,"{'starting_lr': 0.001, 'momentum': 0.95, 'weight_decay': 0.001, 'steps_per_iteration': None, 'pin': False, 'model_creator': None, 'target_batch_size': 128, 'model_string': 'resnet50', 'min_batch_size': 128, 'dataset': 'CIFAR', 'placement': None, 'use_nccl': True, 'devices_per_worker': 1, 'primary_resource': 'extra_gpu', 'gpu': False, 'verbose': False, 'lr_config': {'mode': 'log', 'steps': 5, 'initial_lr': 0.001, 'target_lr': 0.001}, 'batch_per_device': 128}",419.45770835876465,0,10,1452.9678735113234,1,13.597969770431519
0.01825404167175293,0.032079047794583475,0.0006808996200561524,0.0017870826184597161,0.02885119915008545,nan,0.0,0.04879493713378906,0.52947998046875,1.3239065505218508,-0.5579999685287476,nan,0.0,nan,0.0,nan,0.0,0.54475998878479,1.275958026046753,nan,0.0,0.5579999685287476,1.2444899915695191,nan,0.0,60000,1,False,,,11,-1.3239065505218508,de4aada8aa05464fbd6d64c3d293cf79,2019-06-06_13-23-30,1559852610,41.16219782829285,460.6199061870575,11368,steropes,169.229.49.254,"{'starting_lr': 0.001, 'momentum': 0.95, 'weight_decay': 0.001, 'steps_per_iteration': None, 'pin': False, 'model_creator': None, 'target_batch_size': 128, 'model_string': 'resnet50', 'min_batch_size': 128, 'dataset': 'CIFAR', 'placement': None, 'use_nccl': True, 'devices_per_worker': 1, 'primary_resource': 'extra_gpu', 'gpu': False, 'verbose': False, 'lr_config': {'mode': 'log', 'steps': 5, 'initial_lr': 0.001, 'target_lr': 0.001}, 'batch_per_device': 128}",460.6199061870575,0,11,1454.417545859052,1,13.597969770431519
0.018227505683898925,0.03220650515978849,0.0006647348403930664,0.0017797459116982073,0.029000306129455568,nan,0.0,0.04844088554382324,0.5420599818229676,1.2981138793182372,-0.5697000026702881,nan,0.0,nan,0.0,nan,0.0,0.553820013999939,1.2548135174560546,nan,0.0,0.5697000026702881,1.2596049921035766,nan,0.0,60000,1,False,,,12,-1.2981138793182372,de4aada8aa05464fbd6d64c3d293cf79,2019-06-06_13-24-11,1559852651,41.15211462974548,501.772020816803,11368,steropes,169.229.49.254,"{'starting_lr': 0.001, 'momentum': 0.95, 'weight_decay': 0.001, 'steps_per_iteration': None, 'pin': False, 'model_creator': None, 'target_batch_size': 128, 'model_string': 'resnet50', 'min_batch_size': 128, 'dataset': 'CIFAR', 'placement': None, 'use_nccl': True, 'devices_per_worker': 1, 'primary_resource': 'extra_gpu', 'gpu': False, 'verbose': False, 'lr_config': {'mode': 'log', 'steps': 5, 'initial_lr': 0.001, 'target_lr': 0.001}, 'batch_per_device': 128}",501.772020816803,0,12,1454.9823738400596,1,13.597969770431519
0.017856764793395995,0.03173717667784872,0.0006646871566772461,0.001813323296549375,0.02845637798309326,nan,0.0,0.04926159381866455,0.5550999879837036,1.2617697181320189,-0.58160001039505,nan,0.0,nan,0.0,nan,0.0,0.5679999589920044,1.2180156604766845,nan,0.0,0.58160001039505,1.1867091249465942,nan,0.0,60000,1,False,,,13,-1.2617697181320189,de4aada8aa05464fbd6d64c3d293cf79,2019-06-06_13-24-52,1559852692,41.19114351272583,542.9631643295288,11368,steropes,169.229.49.254,"{'starting_lr': 0.001, 'momentum': 0.95, 'weight_decay': 0.001, 'steps_per_iteration': None, 'pin': False, 'model_creator': None, 'target_batch_size': 128, 'model_string': 'resnet50', 'min_batch_size': 128, 'dataset': 'CIFAR', 'placement': None, 'use_nccl': True, 'devices_per_worker': 1, 'primary_resource': 'extra_gpu', 'gpu': False, 'verbose': False, 'lr_config': {'mode': 'log', 'steps': 5, 'initial_lr': 0.001, 'target_lr': 0.001}, 'batch_per_device': 128}",542.9631643295288,0,13,1455.831769526754,1,13.597969770431519
0.018022942543029784,0.03178203860415688,0.0006569862365722656,0.0017861045534958316,0.028909969329833984,nan,0.0,0.048864316940307614,0.5661199927330017,1.2418903186798096,-0.5745999813079834,nan,0.0,nan,0.0,nan,0.0,0.5776399970054626,1.1845053133964538,nan,0.0,0.5745999813079834,1.2481261327743531,nan,0.0,60000,1,False,,,14,-1.2418903186798096,de4aada8aa05464fbd6d64c3d293cf79,2019-06-06_13-25-33,1559852733,41.114747762680054,584.0779120922089,11368,steropes,169.229.49.254,"{'starting_lr': 0.001, 'momentum': 0.95, 'weight_decay': 0.001, 'steps_per_iteration': None, 'pin': False, 'model_creator': None, 'target_batch_size': 128, 'model_string': 'resnet50', 'min_batch_size': 128, 'dataset': 'CIFAR', 'placement': None, 'use_nccl': True, 'devices_per_worker': 1, 'primary_resource': 'extra_gpu', 'gpu': False, 'verbose': False, 'lr_config': {'mode': 'log', 'steps': 5, 'initial_lr': 0.001, 'target_lr': 0.001}, 'batch_per_device': 128}",584.0779120922089,0,14,1456.9901202838805,1,13.597969770431519
0.01916201114654541,0.032110627693465996,0.0006575107574462891,0.0018117921736539172,0.02843928337097168,nan,0.0,0.04894633293151855,0.5704599857330322,1.2537345422363282,-0.568399965763092,nan,0.0,nan,0.0,nan,0.0,0.58051997423172,1.185151279449463,nan,0.0,0.568399965763092,1.3297424697875977,nan,0.0,60000,1,False,,,15,-1.2537345422363282,de4aada8aa05464fbd6d64c3d293cf79,2019-06-06_13-26-14,1559852774,41.10653758049011,625.184449672699,11368,steropes,169.229.49.254,"{'starting_lr': 0.001, 'momentum': 0.95, 'weight_decay': 0.001, 'steps_per_iteration': None, 'pin': False, 'model_creator': None, 'target_batch_size': 128, 'model_string': 'resnet50', 'min_batch_size': 128, 'dataset': 'CIFAR', 'placement': None, 'use_nccl': True, 'devices_per_worker': 1, 'primary_resource': 'extra_gpu', 'gpu': False, 'verbose': False, 'lr_config': {'mode': 'log', 'steps': 5, 'initial_lr': 0.001, 'target_lr': 0.001}, 'batch_per_device': 128}",625.184449672699,0,15,1458.2418284918674,1,13.597969770431519
0.018209195137023924,0.03184891954252991,0.0006583929061889648,0.0017839063463918389,0.028521037101745604,nan,0.0,0.04859800338745117,0.5754599928855896,1.2608216445541383,-0.5830000042915344,nan,0.0,nan,0.0,nan,0.0,0.5958399772644043,1.1394036879730225,nan,0.0,0.5830000042915344,1.2799255031585692,nan,0.0,60000,1,False,,,16,-1.2608216445541383,de4aada8aa05464fbd6d64c3d293cf79,2019-06-06_13-26-55,1559852815,41.08798408508301,666.272433757782,11368,steropes,169.229.49.254,"{'starting_lr': 0.001, 'momentum': 0.95, 'weight_decay': 0.001, 'steps_per_iteration': None, 'pin': False, 'model_creator': None, 'target_batch_size': 128, 'model_string': 'resnet50', 'min_batch_size': 128, 'dataset': 'CIFAR', 'placement': None, 'use_nccl': True, 'devices_per_worker': 1, 'primary_resource': 'extra_gpu', 'gpu': False, 'verbose': False, 'lr_config': {'mode': 'log', 'steps': 5, 'initial_lr': 0.001, 'target_lr': 0.001}, 'batch_per_device': 128}",666.272433757782,0,16,1458.7680743011017,1,13.597969770431519
0.01799612045288086,0.03185990792286547,0.0006578683853149414,0.001793466260671006,0.028207969665527344,nan,0.0,0.04931046962738037,0.5808799862861633,1.2500120412445068,-0.5967999696731567,nan,0.0,nan,0.0,nan,0.0,0.6013999581336975,1.1184000017929077,nan,0.0,0.5967999696731567,1.2055569755554199,nan,0.0,60000,1,False,,,17,-1.2500120412445068,de4aada8aa05464fbd6d64c3d293cf79,2019-06-06_13-27-37,1559852857,41.26699948310852,707.5394332408905,11368,steropes,169.229.49.254,"{'starting_lr': 0.001, 'momentum': 0.95, 'weight_decay': 0.001, 'steps_per_iteration': None, 'pin': False, 'model_creator': None, 'target_batch_size': 128, 'model_string': 'resnet50', 'min_batch_size': 128, 'dataset': 'CIFAR', 'placement': None, 'use_nccl': True, 'devices_per_worker': 1, 'primary_resource': 'extra_gpu', 'gpu': False, 'verbose': False, 'lr_config': {'mode': 'log', 'steps': 5, 'initial_lr': 0.001, 'target_lr': 0.001}, 'batch_per_device': 128}",707.5394332408905,0,17,1457.9540469228996,1,13.597969770431519
0.017829418182373047,0.0322606865363785,0.0006489753723144531,0.0018949252565193665,0.02780494689941406,nan,0.0,0.048242378234863284,0.5864399790763855,1.2436006745147705,-0.6093999743461609,nan,0.0,nan,0.0,nan,0.0,0.6101999878883362,1.0927828156661987,nan,0.0,0.6093999743461609,1.1546522912979127,nan,0.0,60000,1,False,,,18,-1.2436006745147705,de4aada8aa05464fbd6d64c3d293cf79,2019-06-06_13-28-18,1559852898,41.30550837516785,748.8449416160583,11368,steropes,169.229.49.254,"{'starting_lr': 0.001, 'momentum': 0.95, 'weight_decay': 0.001, 'steps_per_iteration': None, 'pin': False, 'model_creator': None, 'target_batch_size': 128, 'model_string': 'resnet50', 'min_batch_size': 128, 'dataset': 'CIFAR', 'placement': None, 'use_nccl': True, 'devices_per_worker': 1, 'primary_resource': 'extra_gpu', 'gpu': False, 'verbose': False, 'lr_config': {'mode': 'log', 'steps': 5, 'initial_lr': 0.001, 'target_lr': 0.001}, 'batch_per_device': 128}",748.8449416160583,0,18,1457.1437387705319,1,13.597969770431519
0.018352031707763672,0.03254069255877145,0.0006718873977661133,0.0017812349607267649,0.028249311447143554,nan,0.0,0.0490584135055542,0.5948399782180787,1.2096546697998047,-0.616599977016449,nan,0.0,nan,0.0,nan,0.0,0.6197400093078613,1.0686105472946168,nan,0.0,0.616599977016449,1.078396109199524,nan,0.0,60000,1,False,,,19,-1.2096546697998047,de4aada8aa05464fbd6d64c3d293cf79,2019-06-06_13-28-59,1559852939,41.26123881340027,790.1061804294586,11368,steropes,169.229.49.254,"{'starting_lr': 0.001, 'momentum': 0.95, 'weight_decay': 0.001, 'steps_per_iteration': None, 'pin': False, 'model_creator': None, 'target_batch_size': 128, 'model_string': 'resnet50', 'min_batch_size': 128, 'dataset': 'CIFAR', 'placement': None, 'use_nccl': True, 'devices_per_worker': 1, 'primary_resource': 'extra_gpu', 'gpu': False, 'verbose': False, 'lr_config': {'mode': 'log', 'steps': 5, 'initial_lr': 0.001, 'target_lr': 0.001}, 'batch_per_device': 128}",790.1061804294586,0,19,1456.1076549126165,1,13.597969770431519
0.01793079376220703,0.03192513502096828,0.000679183006286621,0.0018006401598605964,0.028174877166748047,nan,0.0,0.047973036766052246,0.6058199763298034,1.1643314465713501,-0.6232999563217163,nan,0.0,nan,0.0,nan,0.0,0.6287599802017212,1.0412348849487305,nan,0.0,0.6232999563217163,1.1031263536453246,nan,0.0,60000,1,False,,,20,-1.1643314465713501,de4aada8aa05464fbd6d64c3d293cf79,2019-06-06_13-29-40,1559852980,41.14947748184204,831.2556579113007,11368,steropes,169.229.49.254,"{'starting_lr': 0.001, 'momentum': 0.95, 'weight_decay': 0.001, 'steps_per_iteration': None, 'pin': False, 'model_creator': None, 'target_batch_size': 128, 'model_string': 'resnet50', 'min_batch_size': 128, 'dataset': 'CIFAR', 'placement': None, 'use_nccl': True, 'devices_per_worker': 1, 'primary_resource': 'extra_gpu', 'gpu': False, 'verbose': False, 'lr_config': {'mode': 'log', 'steps': 5, 'initial_lr': 0.001, 'target_lr': 0.001}, 'batch_per_device': 128}",831.2556579113007,0,20,1455.8042320461363,1,13.597969770431519
0.01796203851699829,0.0823104977607727,0.0006606459617614746,0.0028342525569760068,0.15288392305374143,nan,0.0,0.2910738825798035,0.6168799638748169,1.1168058847427367,-0.6382999420166016,3.332633852958679,3.332633852958679,11.153199791908264,11.153199791908264,4.993435621261597,4.993435621261597,0.6498399972915649,0.9875470551776886,nan,0.0,0.6382999420166016,1.0422976940155029,nan,0.0,60000,2,False,,,21,-1.1168058847427367,de4aada8aa05464fbd6d64c3d293cf79,2019-06-06_13-30-47,1559853047,35.72964859008789,866.9853065013885,27569,steropes,169.229.49.254,"{'starting_lr': 0.001, 'momentum': 0.95, 'weight_decay': 0.001, 'steps_per_iteration': None, 'pin': False, 'model_creator': None, 'target_batch_size': 128, 'model_string': 'resnet50', 'min_batch_size': 128, 'dataset': 'CIFAR', 'placement': None, 'use_nccl': True, 'devices_per_worker': 1, 'primary_resource': 'extra_gpu', 'gpu': False, 'verbose': False, 'lr_config': {'mode': 'log', 'steps': 5, 'initial_lr': 0.001, 'target_lr': 0.0014142135623730952}, 'batch_per_device': 128}",35.72964859008789,0,1,1679.2723408358684,2,28.81804084777832
0.017748868465423583,0.04174986481666565,0.0007362008094787597,0.002836231066256153,0.02834264039993286,nan,0.0,0.0800051212310791,0.6254599690437317,1.0870007629585268,-0.6396999955177307,nan,0.0,nan,0.0,nan,0.0,0.6554399728775024,0.966865084028244,nan,0.0,0.6396999955177307,1.0565313666343688,nan,0.0,60000,2,False,,,22,-1.0870007629585268,de4aada8aa05464fbd6d64c3d293cf79,2019-06-06_13-31-15,1559853075,28.672199010849,895.6575055122375,27569,steropes,169.229.49.254,"{'starting_lr': 0.001, 'momentum': 0.95, 'weight_decay': 0.001, 'steps_per_iteration': None, 'pin': False, 'model_creator': None, 'target_batch_size': 128, 'model_string': 'resnet50', 'min_batch_size': 128, 'dataset': 'CIFAR', 'placement': None, 'use_nccl': True, 'devices_per_worker': 1, 'primary_resource': 'extra_gpu', 'gpu': False, 'verbose': False, 'lr_config': {'mode': 'log', 'steps': 5, 'initial_lr': 0.001, 'target_lr': 0.0014142135623730952}, 'batch_per_device': 128}",64.40184760093689,0,2,1863.294944519535,2,28.81804084777832
0.017735075950622556,0.040851819515228274,0.0007178306579589844,0.002902457908708222,0.028249716758728026,nan,0.0,0.07931694984436036,0.630299973487854,1.063541827220917,-0.6335999965667725,nan,0.0,nan,0.0,nan,0.0,0.6562600135803223,0.963863500328064,nan,0.0,0.6335999965667725,1.0373576126098634,nan,0.0,60000,2,False,,,23,-1.063541827220917,de4aada8aa05464fbd6d64c3d293cf79,2019-06-06_13-31-44,1559853104,28.152928590774536,923.8104341030121,27569,steropes,169.229.49.254,"{'starting_lr': 0.001, 'momentum': 0.95, 'weight_decay': 0.001, 'steps_per_iteration': None, 'pin': False, 'model_creator': None, 'target_batch_size': 128, 'model_string': 'resnet50', 'min_batch_size': 128, 'dataset': 'CIFAR', 'placement': None, 'use_nccl': True, 'devices_per_worker': 1, 'primary_resource': 'extra_gpu', 'gpu': False, 'verbose': False, 'lr_config': {'mode': 'log', 'steps': 5, 'initial_lr': 0.001, 'target_lr': 0.0014142135623730952}, 'batch_per_device': 128}",92.55477619171143,0,3,1944.7872636743537,2,28.81804084777832
0.01822514533996582,0.045367926359176636,0.0007001161575317383,0.0028014055320194787,0.028886687755584717,nan,0.0,0.0796538472175598,0.6348599791526794,1.0542707013320922,-0.6394000053405762,nan,0.0,nan,0.0,nan,0.0,0.6619399785995483,0.9475979776573181,nan,0.0,0.6394000053405762,1.0320404797554015,nan,0.0,60000,2,False,,,24,-1.0542707013320922,de4aada8aa05464fbd6d64c3d293cf79,2019-06-06_13-32-12,1559853132,28.346627235412598,952.1570613384247,27569,steropes,169.229.49.254,"{'starting_lr': 0.001, 'momentum': 0.95, 'weight_decay': 0.001, 'steps_per_iteration': None, 'pin': False, 'model_creator': None, 'target_batch_size': 128, 'model_string': 'resnet50', 'min_batch_size': 128, 'dataset': 'CIFAR', 'placement': None, 'use_nccl': True, 'devices_per_worker': 1, 'primary_resource': 'extra_gpu', 'gpu': False, 'verbose': False, 'lr_config': {'mode': 'log', 'steps': 5, 'initial_lr': 0.001, 'target_lr': 0.0014142135623730952}, 'batch_per_device': 128}",120.90140342712402,0,4,1985.0817296030953,2,28.81804084777832
0.017660081386566162,0.044283097982406615,0.000679779052734375,0.002800738324924391,0.028107964992523195,nan,0.0,0.07854816913604737,0.6404399752616883,1.034197406616211,-0.6511999368667603,nan,0.0,nan,0.0,nan,0.0,0.6667399406433105,0.9376815009784698,nan,0.0,0.6511999368667603,1.0027598800659179,nan,0.0,60000,2,False,,,25,-1.034197406616211,de4aada8aa05464fbd6d64c3d293cf79,2019-06-06_13-32-40,1559853160,28.234121561050415,980.3911828994751,27569,steropes,169.229.49.254,"{'starting_lr': 0.001, 'momentum': 0.95, 'weight_decay': 0.001, 'steps_per_iteration': None, 'pin': False, 'model_creator': None, 'target_batch_size': 128, 'model_string': 'resnet50', 'min_batch_size': 128, 'dataset': 'CIFAR', 'placement': None, 'use_nccl': True, 'devices_per_worker': 1, 'primary_resource': 'extra_gpu', 'gpu': False, 'verbose': False, 'lr_config': {'mode': 'log', 'steps': 5, 'initial_lr': 0.001, 'target_lr': 0.0014142135623730952}, 'batch_per_device': 128}",149.13552498817444,0,5,2011.586399845964,2,28.81804084777832
0.018867897987365725,0.039332807064056396,0.0006846189498901367,0.002785014862916908,0.02844836711883545,nan,0.0,0.07955734729766846,0.6443399786949158,1.0285724364852904,-0.6577999591827393,nan,0.0,nan,0.0,nan,0.0,0.6751799583435059,0.9106510728359223,nan,0.0,0.6577999591827393,1.014172843360901,nan,0.0,60000,2,False,,,26,-1.0285724364852904,de4aada8aa05464fbd6d64c3d293cf79,2019-06-06_13-33-08,1559853188,27.773868322372437,1008.1650512218475,27569,steropes,169.229.49.254,"{'starting_lr': 0.001, 'momentum': 0.95, 'weight_decay': 0.001, 'steps_per_iteration': None, 'pin': False, 'model_creator': None, 'target_batch_size': 128, 'model_string': 'resnet50', 'min_batch_size': 128, 'dataset': 'CIFAR', 'placement': None, 'use_nccl': True, 'devices_per_worker': 1, 'primary_resource': 'extra_gpu', 'gpu': False, 'verbose': False, 'lr_config': {'mode': 'log', 'steps': 5, 'initial_lr': 0.001, 'target_lr': 0.0014142135623730952}, 'batch_per_device': 128}",176.90939331054688,0,6,2124.943566715887,2,28.81804084777832
0.019290558497111,0.07573395010865765,0.000668485959370931,0.004714790494690718,0.15885576407114665,nan,0.0,0.22550206184387203,0.6532135725021362,1.002698691273769,-0.6598680019378662,6.846621036529541,6.846621036529541,11.249099969863892,11.249099969863892,10.3111572265625,10.3111572265625,0.6908861796061198,0.8691531289699294,nan,0.0,0.6598680019378662,0.9764174560598554,nan,0.0,60000,3,False,,,28,-1.002698691273769,de4aada8aa05464fbd6d64c3d293cf79,2019-06-06_13-34-25,1559853265,26.79532289505005,1063.0463349819183,28816,steropes,169.229.49.254,"{'starting_lr': 0.001, 'momentum': 0.95, 'weight_decay': 0.001, 'steps_per_iteration': None, 'pin': False, 'model_creator': None, 'target_batch_size': 128, 'model_string': 'resnet50', 'min_batch_size': 128, 'dataset': 'CIFAR', 'placement': None, 'use_nccl': True, 'devices_per_worker': 1, 'primary_resource': 'extra_gpu', 'gpu': False, 'verbose': False, 'lr_config': {'mode': 'log', 'steps': 5, 'initial_lr': 0.001, 'target_lr': 0.0017320508075688772}, 'batch_per_device': 128}",26.79532289505005,0,1,2239.18750754194,3,50.15077590942383
0.01864967346191406,0.042704908936112014,0.0006199280420939127,0.003994863451892183,0.031159106890360517,nan,0.0,0.0929487148920695,0.6587268908818562,0.9874320369057024,-0.6669665972391764,nan,0.0,nan,0.0,nan,0.0,0.6955861250559489,0.8560222737710621,nan,0.0,0.6669665972391764,0.9557072079150682,nan,0.0,60000,3,False,,,29,-0.9874320369057024,de4aada8aa05464fbd6d64c3d293cf79,2019-06-06_13-34-46,1559853286,20.593979358673096,1083.6403143405914,28816,steropes,169.229.49.254,"{'starting_lr': 0.001, 'momentum': 0.95, 'weight_decay': 0.001, 'steps_per_iteration': None, 'pin': False, 'model_creator': None, 'target_batch_size': 128, 'model_string': 'resnet50', 'min_batch_size': 128, 'dataset': 'CIFAR', 'placement': None, 'use_nccl': True, 'devices_per_worker': 1, 'primary_resource': 'extra_gpu', 'gpu': False, 'verbose': False, 'lr_config': {'mode': 'log', 'steps': 5, 'initial_lr': 0.001, 'target_lr': 0.0017320508075688772}, 'batch_per_device': 128}",47.389302253723145,0,2,2532.2064938983267,3,50.15077590942383
0.018422349294026693,0.04567682595900547,0.0006719589233398437,0.004103758256247329,0.030960679054260254,nan,0.0,0.09253225326538085,0.6614603042602539,0.9830516796304473,-0.6648670037587484,nan,0.0,nan,0.0,nan,0.0,0.6979060967763265,0.8468088361003948,nan,0.0,0.6648670037587484,0.9808580936896423,nan,0.0,60000,3,False,,,30,-0.9830516796304473,de4aada8aa05464fbd6d64c3d293cf79,2019-06-06_13-35-07,1559853307,21.016834497451782,1104.6571488380432,28816,steropes,169.229.49.254,"{'starting_lr': 0.001, 'momentum': 0.95, 'weight_decay': 0.001, 'steps_per_iteration': None, 'pin': False, 'model_creator': None, 'target_batch_size': 128, 'model_string': 'resnet50', 'min_batch_size': 128, 'dataset': 'CIFAR', 'placement': None, 'use_nccl': True, 'devices_per_worker': 1, 'primary_resource': 'extra_gpu', 'gpu': False, 'verbose': False, 'lr_config': {'mode': 'log', 'steps': 5, 'initial_lr': 0.001, 'target_lr': 0.0017320508075688772}, 'batch_per_device': 128}",68.40613675117493,0,3,2631.3322102106113,3,50.15077590942383
0.017801531155904132,0.05007273179513436,0.0007242282231648763,0.003961302245239569,0.02913029193878174,nan,0.0,0.09024624029795329,0.6616539637247721,0.985894392345404,-0.6587682565053304,nan,0.0,nan,0.0,nan,0.0,0.7021458943684896,0.8346933337898794,nan,0.0,0.6587682565053304,1.0283864069356845,nan,0.0,60000,3,False,,,31,-0.985894392345404,de4aada8aa05464fbd6d64c3d293cf79,2019-06-06_13-35-28,1559853328,21.23426604270935,1125.8914148807526,28816,steropes,169.229.49.254,"{'starting_lr': 0.001, 'momentum': 0.95, 'weight_decay': 0.001, 'steps_per_iteration': None, 'pin': False, 'model_creator': None, 'target_batch_size': 128, 'model_string': 'resnet50', 'min_batch_size': 128, 'dataset': 'CIFAR', 'placement': None, 'use_nccl': True, 'devices_per_worker': 1, 'primary_resource': 'extra_gpu', 'gpu': False, 'verbose': False, 'lr_config': {'mode': 'log', 'steps': 5, 'initial_lr': 0.001, 'target_lr': 0.0017320508075688772}, 'batch_per_device': 128}",89.64040279388428,0,4,2677.353387984556,3,50.15077590942383
0.019084803263346356,0.04738061222029321,0.0006975094477335613,0.003951853468217922,0.030979649225870765,nan,0.0,0.0946014404296875,0.6651069641113281,0.9752598080199328,-0.6750649611155192,nan,0.0,nan,0.0,nan,0.0,0.7040659586588541,0.8348443949344871,nan,0.0,0.6750649611155192,0.9349298754994141,nan,0.0,60000,3,False,,,32,-0.9752598080199328,de4aada8aa05464fbd6d64c3d293cf79,2019-06-06_13-35-49,1559853349,21.064027070999146,1146.9554419517517,28816,steropes,169.229.49.254,"{'starting_lr': 0.001, 'momentum': 0.95, 'weight_decay': 0.001, 'steps_per_iteration': None, 'pin': False, 'model_creator': None, 'target_batch_size': 128, 'model_string': 'resnet50', 'min_batch_size': 128, 'dataset': 'CIFAR', 'placement': None, 'use_nccl': True, 'devices_per_worker': 1, 'primary_resource': 'extra_gpu', 'gpu': False, 'verbose': False, 'lr_config': {'mode': 'log', 'steps': 5, 'initial_lr': 0.001, 'target_lr': 0.0017320508075688772}, 'batch_per_device': 128}",110.70442986488342,0,5,2709.907779209832,3,50.15077590942383
0.018980542818705242,0.044255559827074596,0.0006854852040608724,0.004147700681031205,0.031438716252644855,nan,0.0,0.09205869038899739,0.667046578725179,0.9762428047585026,-0.6695660750071207,nan,0.0,nan,0.0,nan,0.0,0.7082858880360922,0.8182770083879022,nan,0.0,0.6695660750071207,0.9813324397527033,nan,0.0,60000,3,False,,,33,-0.9762428047585026,de4aada8aa05464fbd6d64c3d293cf79,2019-06-06_13-36-10,1559853370,20.930306673049927,1167.8857486248016,28816,steropes,169.229.49.254,"{'starting_lr': 0.001, 'momentum': 0.95, 'weight_decay': 0.001, 'steps_per_iteration': None, 'pin': False, 'model_creator': None, 'target_batch_size': 128, 'model_string': 'resnet50', 'min_batch_size': 128, 'dataset': 'CIFAR', 'placement': None, 'use_nccl': True, 'devices_per_worker': 1, 'primary_resource': 'extra_gpu', 'gpu': False, 'verbose': False, 'lr_config': {'mode': 'log', 'steps': 5, 'initial_lr': 0.001, 'target_lr': 0.0017320508075688772}, 'batch_per_device': 128}",131.63473653793335,0,6,2861.507891668926,3,50.15077590942383
0.019897588094075522,0.043946024812298055,0.0006838162740071615,0.00413273976352682,0.02983982563018799,nan,0.0,0.09105300903320312,0.6684262911478679,0.971181857945847,-0.6738651593526205,nan,0.0,nan,0.0,nan,0.0,0.713505744934082,0.8068392832703201,nan,0.0,0.6738651593526205,0.9304024738517911,nan,0.0,60000,3,False,,,34,-0.971181857945847,de4aada8aa05464fbd6d64c3d293cf79,2019-06-06_13-36-31,1559853391,20.96238422393799,1188.8481328487396,28816,steropes,169.229.49.254,"{'starting_lr': 0.001, 'momentum': 0.95, 'weight_decay': 0.001, 'steps_per_iteration': None, 'pin': False, 'model_creator': None, 'target_batch_size': 128, 'model_string': 'resnet50', 'min_batch_size': 128, 'dataset': 'CIFAR', 'placement': None, 'use_nccl': True, 'devices_per_worker': 1, 'primary_resource': 'extra_gpu', 'gpu': False, 'verbose': False, 'lr_config': {'mode': 'log', 'steps': 5, 'initial_lr': 0.001, 'target_lr': 0.0017320508075688772}, 'batch_per_device': 128}",152.59712076187134,0,7,2851.4878711365573,3,50.15077590942383
0.02042227586110433,0.049436033507924027,0.0007115681966145832,0.004040651952340706,0.03334016799926758,nan,0.0,0.0944164752960205,0.6725454648335775,0.9589190356256104,-0.6854628721872965,nan,0.0,nan,0.0,nan,0.0,0.7198855876922607,0.7880275366923845,nan,0.0,0.6854628721872965,0.9195439820884586,nan,0.0,60000,3,False,,,35,-0.9589190356256104,de4aada8aa05464fbd6d64c3d293cf79,2019-06-06_13-36-52,1559853412,21.519068241119385,1210.367201089859,28816,steropes,169.229.49.254,"{'starting_lr': 0.001, 'momentum': 0.95, 'weight_decay': 0.001, 'steps_per_iteration': None, 'pin': False, 'model_creator': None, 'target_batch_size': 128, 'model_string': 'resnet50', 'min_batch_size': 128, 'dataset': 'CIFAR', 'placement': None, 'use_nccl': True, 'devices_per_worker': 1, 'primary_resource': 'extra_gpu', 'gpu': False, 'verbose': False, 'lr_config': {'mode': 'log', 'steps': 5, 'initial_lr': 0.001, 'target_lr': 0.0017320508075688772}, 'batch_per_device': 128}",174.11618900299072,0,8,2837.9384105906406,3,50.15077590942383
0.019767101605733237,0.047059597792448817,0.0006858746210734049,0.004203098117546877,0.031910435358683265,nan,0.0,0.09179187615712482,0.6785042603810628,0.9339518304086643,-0.6885622342427572,nan,0.0,nan,0.0,nan,0.0,0.7195855776468912,0.7901285141280302,nan,0.0,0.6885622342427572,0.9035503808509538,nan,0.0,60000,3,False,,,36,-0.9339518304086643,de4aada8aa05464fbd6d64c3d293cf79,2019-06-06_13-37-13,1559853433,21.206842184066772,1231.5740432739258,28816,steropes,169.229.49.254,"{'starting_lr': 0.001, 'momentum': 0.95, 'weight_decay': 0.001, 'steps_per_iteration': None, 'pin': False, 'model_creator': None, 'target_batch_size': 128, 'model_string': 'resnet50', 'min_batch_size': 128, 'dataset': 'CIFAR', 'placement': None, 'use_nccl': True, 'devices_per_worker': 1, 'primary_resource': 'extra_gpu', 'gpu': False, 'verbose': False, 'lr_config': {'mode': 'log', 'steps': 5, 'initial_lr': 0.001, 'target_lr': 0.0017320508075688772}, 'batch_per_device': 128}",195.3230311870575,0,9,2838.674779944541,3,50.15077590942383
0.019389645258585612,0.04626474851443444,0.0006679852803548178,0.003925193053772127,0.029922095934549964,nan,0.0,0.09435408115386963,0.6813636779785156,0.9279870108517855,-0.6893620491027832,nan,0.0,nan,0.0,nan,0.0,0.722705602645874,0.7791405058866006,nan,0.0,0.6893620491027832,0.9051057777150205,nan,0.0,60000,3,False,,,37,-0.9279870108517855,de4aada8aa05464fbd6d64c3d293cf79,2019-06-06_13-37-35,1559853455,21.178730487823486,1252.7527737617493,28816,steropes,169.229.49.254,"{'starting_lr': 0.001, 'momentum': 0.95, 'weight_decay': 0.001, 'steps_per_iteration': None, 'pin': False, 'model_creator': None, 'target_batch_size': 128, 'model_string': 'resnet50', 'min_batch_size': 128, 'dataset': 'CIFAR', 'placement': None, 'use_nccl': True, 'devices_per_worker': 1, 'primary_resource': 'extra_gpu', 'gpu': False, 'verbose': False, 'lr_config': {'mode': 'log', 'steps': 5, 'initial_lr': 0.001, 'target_lr': 0.0017320508075688772}, 'batch_per_device': 128}",216.50176167488098,0,10,2835.5971835461046,3,50.15077590942383
0.01922502517700195,0.044365765135965234,0.0006754318873087566,0.004127878572497963,0.031643033027648926,nan,0.0,0.09116043249766033,0.6838831742604574,0.9181243072686447,-0.6821635564168295,nan,0.0,nan,0.0,nan,0.0,0.7293254534403483,0.761479668592358,nan,0.0,0.6821635564168295,0.9320189218369991,nan,0.0,60000,3,False,,,38,-0.9181243072686447,de4aada8aa05464fbd6d64c3d293cf79,2019-06-06_13-37-56,1559853476,21.133758544921875,1273.8865323066711,28816,steropes,169.229.49.254,"{'starting_lr': 0.001, 'momentum': 0.95, 'weight_decay': 0.001, 'steps_per_iteration': None, 'pin': False, 'model_creator': None, 'target_batch_size': 128, 'model_string': 'resnet50', 'min_batch_size': 128, 'dataset': 'CIFAR', 'placement': None, 'use_nccl': True, 'devices_per_worker': 1, 'primary_resource': 'extra_gpu', 'gpu': False, 'verbose': False, 'lr_config': {'mode': 'log', 'steps': 5, 'initial_lr': 0.001, 'target_lr': 0.0017320508075688772}, 'batch_per_device': 128}",237.63552021980286,0,11,2830.1540945449065,3,50.15077590942383
0.01906147797902425,0.04879240636472349,0.0006812731424967448,0.004208721884031028,0.029596932729085285,nan,0.0,0.0920197566350301,0.6878423849741618,0.9120087779693378,-0.6936612129211426,nan,0.0,nan,0.0,nan,0.0,0.7296854654947916,0.7507304035977853,nan,0.0,0.6936612129211426,0.8998248273552573,nan,0.0,60000,3,False,,,39,-0.9120087779693378,de4aada8aa05464fbd6d64c3d293cf79,2019-06-06_13-38-17,1559853497,21.082810401916504,1294.9693427085876,28816,steropes,169.229.49.254,"{'starting_lr': 0.001, 'momentum': 0.95, 'weight_decay': 0.001, 'steps_per_iteration': None, 'pin': False, 'model_creator': None, 'target_batch_size': 128, 'model_string': 'resnet50', 'min_batch_size': 128, 'dataset': 'CIFAR', 'placement': None, 'use_nccl': True, 'devices_per_worker': 1, 'primary_resource': 'extra_gpu', 'gpu': False, 'verbose': False, 'lr_config': {'mode': 'log', 'steps': 5, 'initial_lr': 0.001, 'target_lr': 0.0017320508075688772}, 'batch_per_device': 128}",258.71833062171936,0,12,2826.9424747759053,3,50.15077590942383
0.020121153195699057,0.04517345075254087,0.0006775458653767904,0.0041825510466675115,0.030274391174316406,nan,0.0,0.09063061873118083,0.6885022481282552,0.9089873643868736,-0.6887621879577637,nan,0.0,nan,0.0,nan,0.0,0.7348252932230631,0.7447697728117123,nan,0.0,0.6887621879577637,0.9044369141761361,nan,0.0,60000,3,False,,,40,-0.9089873643868736,de4aada8aa05464fbd6d64c3d293cf79,2019-06-06_13-38-38,1559853518,21.07343602180481,1316.0427787303925,28816,steropes,169.229.49.254,"{'starting_lr': 0.001, 'momentum': 0.95, 'weight_decay': 0.001, 'steps_per_iteration': None, 'pin': False, 'model_creator': None, 'target_batch_size': 128, 'model_string': 'resnet50', 'min_batch_size': 128, 'dataset': 'CIFAR', 'placement': None, 'use_nccl': True, 'devices_per_worker': 1, 'primary_resource': 'extra_gpu', 'gpu': False, 'verbose': False, 'lr_config': {'mode': 'log', 'steps': 5, 'initial_lr': 0.001, 'target_lr': 0.0017320508075688772}, 'batch_per_device': 128}",279.79176664352417,0,13,2838.865311203948,3,50.15077590942383
0.01989295482635498,0.044882733144877875,0.0006531556447347005,0.004365184531563717,0.02978479067484538,nan,0.0,0.08997906843821207,0.6920815308888754,0.9011433842312787,-0.7064586480458578,nan,0.0,nan,0.0,nan,0.0,0.7392052014668783,0.7316458742810865,nan,0.0,0.7064586480458578,0.8643304800729803,nan,0.0,60000,3,False,,,41,-0.9011433842312787,de4aada8aa05464fbd6d64c3d293cf79,2019-06-06_13-38-59,1559853539,21.236679553985596,1337.279458284378,28816,steropes,169.229.49.254,"{'starting_lr': 0.001, 'momentum': 0.95, 'weight_decay': 0.001, 'steps_per_iteration': None, 'pin': False, 'model_creator': None, 'target_batch_size': 128, 'model_string': 'resnet50', 'min_batch_size': 128, 'dataset': 'CIFAR', 'placement': None, 'use_nccl': True, 'devices_per_worker': 1, 'primary_resource': 'extra_gpu', 'gpu': False, 'verbose': False, 'lr_config': {'mode': 'log', 'steps': 5, 'initial_lr': 0.001, 'target_lr': 0.0017320508075688772}, 'batch_per_device': 128}",301.02844619750977,0,14,2838.0639522927654,3,50.15077590942383
0.020398259162902832,0.0425468697959994,0.0006605068842569987,0.003943937122063479,0.030754613876342773,nan,0.0,0.09383054574330647,0.6924614747365316,0.8992872122608884,-0.6912617683410645,nan,0.0,nan,0.0,nan,0.0,0.7448650995890299,0.7169705722348022,nan,0.0,0.6912617683410645,0.895824917863069,nan,0.0,60000,3,False,,,42,-0.8992872122608884,de4aada8aa05464fbd6d64c3d293cf79,2019-06-06_13-39-20,1559853560,20.92784357070923,1358.2073018550873,28816,steropes,169.229.49.254,"{'starting_lr': 0.001, 'momentum': 0.95, 'weight_decay': 0.001, 'steps_per_iteration': None, 'pin': False, 'model_creator': None, 'target_batch_size': 128, 'model_string': 'resnet50', 'min_batch_size': 128, 'dataset': 'CIFAR', 'placement': None, 'use_nccl': True, 'devices_per_worker': 1, 'primary_resource': 'extra_gpu', 'gpu': False, 'verbose': False, 'lr_config': {'mode': 'log', 'steps': 5, 'initial_lr': 0.001, 'target_lr': 0.0017320508075688772}, 'batch_per_device': 128}",321.956289768219,0,15,2844.81607220952,3,50.15077590942383
0.018371756871541342,0.04384648358380353,0.0006648778915405274,0.0040344821891105205,0.028960514068603515,nan,0.0,0.09140491485595703,0.6970205624898276,0.8888267213667518,-0.704958995183309,nan,0.0,nan,0.0,nan,0.0,0.7435851891835531,0.7188232859497855,nan,0.0,0.704958995183309,0.8797164673663168,nan,0.0,60000,3,False,,,43,-0.8888267213667518,de4aada8aa05464fbd6d64c3d293cf79,2019-06-06_13-39-41,1559853581,20.885649919509888,1379.0929517745972,28816,steropes,169.229.49.254,"{'starting_lr': 0.001, 'momentum': 0.95, 'weight_decay': 0.001, 'steps_per_iteration': None, 'pin': False, 'model_creator': None, 'target_batch_size': 128, 'model_string': 'resnet50', 'min_batch_size': 128, 'dataset': 'CIFAR', 'placement': None, 'use_nccl': True, 'devices_per_worker': 1, 'primary_resource': 'extra_gpu', 'gpu': False, 'verbose': False, 'lr_config': {'mode': 'log', 'steps': 5, 'initial_lr': 0.001, 'target_lr': 0.0017320508075688772}, 'batch_per_device': 128}",342.8419396877289,0,16,2851.5237869668267,3,50.15077590942383
0.018256990114847823,0.04367853682718159,0.0007840077082316081,0.004025418643126354,0.029938038190205893,nan,0.0,0.09481709003448487,0.6981803417205812,0.8842253245203239,-0.6994601090749105,nan,0.0,nan,0.0,nan,0.0,0.7489050229390463,0.7053555201602953,nan,0.0,0.6994601090749105,0.8768178431231174,nan,0.0,60000,3,False,,,44,-0.8842253245203239,de4aada8aa05464fbd6d64c3d293cf79,2019-06-06_13-40-02,1559853602,20.800309658050537,1399.8932614326477,28816,steropes,169.229.49.254,"{'starting_lr': 0.001, 'momentum': 0.95, 'weight_decay': 0.001, 'steps_per_iteration': None, 'pin': False, 'model_creator': None, 'target_batch_size': 128, 'model_string': 'resnet50', 'min_batch_size': 128, 'dataset': 'CIFAR', 'placement': None, 'use_nccl': True, 'devices_per_worker': 1, 'primary_resource': 'extra_gpu', 'gpu': False, 'verbose': False, 'lr_config': {'mode': 'log', 'steps': 5, 'initial_lr': 0.001, 'target_lr': 0.0017320508075688772}, 'batch_per_device': 128}",363.6422493457794,0,17,2859.2013627808396,3,50.15077590942383
0.019765623410542808,0.047727623103577414,0.0007142066955566406,0.0038989930965821554,0.03147401014963786,nan,0.0,0.09367395242055258,0.7007598400115967,0.8833282945800176,-0.7016596794128418,nan,0.0,nan,0.0,nan,0.0,0.7554248968760172,0.6885560356553336,nan,0.0,0.7016596794128418,0.8999517644746046,nan,0.0,60000,3,False,,,45,-0.8833282945800176,de4aada8aa05464fbd6d64c3d293cf79,2019-06-06_13-40-23,1559853623,21.126707077026367,1421.019968509674,28816,steropes,169.229.49.254,"{'starting_lr': 0.001, 'momentum': 0.95, 'weight_decay': 0.001, 'steps_per_iteration': None, 'pin': False, 'model_creator': None, 'target_batch_size': 128, 'model_string': 'resnet50', 'min_batch_size': 128, 'dataset': 'CIFAR', 'placement': None, 'use_nccl': True, 'devices_per_worker': 1, 'primary_resource': 'extra_gpu', 'gpu': False, 'verbose': False, 'lr_config': {'mode': 'log', 'steps': 5, 'initial_lr': 0.001, 'target_lr': 0.0017320508075688772}, 'batch_per_device': 128}",384.7689564228058,0,18,2857.7507170181443,3,50.15077590942383
0.019081672032674152,0.046049238723001366,0.0006539185841878256,0.004034778847342532,0.029856952031453454,nan,0.0,0.0909535566965739,0.7014397144317628,0.8828006004910545,-0.7098580201466879,nan,0.0,nan,0.0,nan,0.0,0.7550849119822184,0.6844499087453363,nan,0.0,0.7098580201466879,0.8616920096281646,nan,0.0,60000,3,False,,,46,-0.8828006004910545,de4aada8aa05464fbd6d64c3d293cf79,2019-06-06_13-40-44,1559853644,20.94450831413269,1441.9644768238068,28816,steropes,169.229.49.254,"{'starting_lr': 0.001, 'momentum': 0.95, 'weight_decay': 0.001, 'steps_per_iteration': None, 'pin': False, 'model_creator': None, 'target_batch_size': 128, 'model_string': 'resnet50', 'min_batch_size': 128, 'dataset': 'CIFAR', 'placement': None, 'use_nccl': True, 'devices_per_worker': 1, 'primary_resource': 'extra_gpu', 'gpu': False, 'verbose': False, 'lr_config': {'mode': 'log', 'steps': 5, 'initial_lr': 0.001, 'target_lr': 0.0017320508075688772}, 'batch_per_device': 128}",405.7134647369385,0,19,2865.7265491940134,3,50.15077590942383
0.01885368824005127,0.044154979564525465,0.0007110039393107096,0.004003585446578552,0.030265267690022787,nan,0.0,0.09344905217488608,0.7059987862904867,0.8750834954211626,-0.7140571276346842,nan,0.0,nan,0.0,nan,0.0,0.7610448201497396,0.6704395575532055,nan,0.0,0.7140571276346842,0.8572393925136099,nan,0.0,60000,3,False,,,47,-0.8750834954211626,de4aada8aa05464fbd6d64c3d293cf79,2019-06-06_13-41-05,1559853665,21.025732278823853,1462.9902091026306,28816,steropes,169.229.49.254,"{'starting_lr': 0.001, 'momentum': 0.95, 'weight_decay': 0.001, 'steps_per_iteration': None, 'pin': False, 'model_creator': None, 'target_batch_size': 128, 'model_string': 'resnet50', 'min_batch_size': 128, 'dataset': 'CIFAR', 'placement': None, 'use_nccl': True, 'devices_per_worker': 1, 'primary_resource': 'extra_gpu', 'gpu': False, 'verbose': False, 'lr_config': {'mode': 'log', 'steps': 5, 'initial_lr': 0.001, 'target_lr': 0.0017320508075688772}, 'batch_per_device': 128}",426.73919701576233,0,20,2863.049333372196,3,50.15077590942383
0.01942547957102458,0.04435755588390209,0.0007483800252278647,0.003950501216276912,0.030251542727152508,nan,0.0,0.09194533030192058,0.7064187049865722,0.8759234722150229,-0.7070585886637369,nan,0.0,nan,0.0,nan,0.0,0.7647847334543864,0.6587517534703512,nan,0.0,0.7070585886637369,0.8839163513356173,nan,0.0,60000,3,True,,,48,-0.8759234722150229,de4aada8aa05464fbd6d64c3d293cf79,2019-06-06_13-41-26,1559853686,20.846158981323242,1483.8363680839539,28816,steropes,169.229.49.254,"{'starting_lr': 0.001, 'momentum': 0.95, 'weight_decay': 0.001, 'steps_per_iteration': None, 'pin': False, 'model_creator': None, 'target_batch_size': 128, 'model_string': 'resnet50', 'min_batch_size': 128, 'dataset': 'CIFAR', 'placement': None, 'use_nccl': True, 'devices_per_worker': 1, 'primary_resource': 'extra_gpu', 'gpu': False, 'verbose': False, 'lr_config': {'mode': 'log', 'steps': 5, 'initial_lr': 0.001, 'target_lr': 0.0017320508075688772}, 'batch_per_device': 128}",447.58535599708557,0,21,2864.130648609945,3,50.15077590942383
