{"apply": 0.018192386627197264, "batch_time": 0.04534450663795954, "d2h": 0.0006473064422607422, "data_time": 0.0020065386886791805, "fwd": 0.11728959083557129, "get_state_time_mean": NaN, "get_state_time_total": 0.0, "grad": 0.1626582622528076, "mean_accuracy": 0.3021000027656555, "mean_loss": 1.973591968345642, "neg_mean_accuracy": -0.3021000027656555, "set_state_time_mean": NaN, "set_state_time_total": 0.0, "setup_model_time_mean": 10.142781257629395, "setup_model_time_total": 10.142781257629395, "setup_proc_time_mean": 1.8366801738739014, "setup_proc_time_total": 1.8366801738739014, "train_accuracy": 0.20749999582767487, "train_loss": 2.334290661392212, "training_time_mean": NaN, "training_time_total": 0.0, "val_accuracy": 0.3021000027656555, "val_loss": 1.973591968345642, "validation_time_mean": NaN, "validation_time_total": 0.0, "samples": 60000, "num_workers": 1, "done": false, "timesteps_total": null, "episodes_total": null, "training_iteration": 1, "neg_mean_loss": -1.973591968345642, "experiment_id": "de4aada8aa05464fbd6d64c3d293cf79", "date": "2019-06-06_13-16-36", "timestamp": 1559852196, "time_this_iter_s": 47.33611559867859, "time_total_s": 47.33611559867859, "pid": 11368, "hostname": "steropes", "node_ip": "169.229.49.254", "config": {"starting_lr": 0.001, "momentum": 0.95, "weight_decay": 0.001, "steps_per_iteration": null, "pin": false, "model_creator": null, "target_batch_size": 128, "model_string": "resnet50", "min_batch_size": 128, "dataset": "CIFAR", "placement": null, "use_nccl": true, "devices_per_worker": 1, "primary_resource": "extra_gpu", "gpu": false, "verbose": false, "lr_config": {"mode": "log", "steps": 5, "initial_lr": 0.001, "target_lr": 0.001}, "batch_per_device": 128}, "time_since_restore": 47.33611559867859, "timesteps_since_restore": 0, "iterations_since_restore": 1, "mean_throughput": 1267.528650938809, "atoms": 1, "setup_time": 13.597969770431519}
{"apply": 0.01807734966278076, "batch_time": 0.032258178614362885, "d2h": 0.0006667137145996094, "data_time": 0.00183014186751812, "fwd": 0.02806963920593262, "get_state_time_mean": NaN, "get_state_time_total": 0.0, "grad": 0.04931256771087646, "mean_accuracy": 0.34289999306201935, "mean_loss": 1.8500383162498473, "neg_mean_accuracy": -0.3836999833583832, "set_state_time_mean": NaN, "set_state_time_total": 0.0, "setup_model_time_mean": NaN, "setup_model_time_total": 0.0, "setup_proc_time_mean": NaN, "setup_proc_time_total": 0.0, "train_accuracy": 0.32486000657081604, "train_loss": 1.883348618850708, "training_time_mean": NaN, "training_time_total": 0.0, "val_accuracy": 0.3836999833583832, "val_loss": 1.7264846641540528, "validation_time_mean": NaN, "validation_time_total": 0.0, "samples": 60000, "num_workers": 1, "done": false, "timesteps_total": null, "episodes_total": null, "training_iteration": 2, "neg_mean_loss": -1.8500383162498473, "experiment_id": "de4aada8aa05464fbd6d64c3d293cf79", "date": "2019-06-06_13-17-18", "timestamp": 1559852238, "time_this_iter_s": 41.82323980331421, "time_total_s": 89.1593554019928, "pid": 11368, "hostname": "steropes", "node_ip": "169.229.49.254", "config": {"starting_lr": 0.001, "momentum": 0.95, "weight_decay": 0.001, "steps_per_iteration": null, "pin": false, "model_creator": null, "target_batch_size": 128, "model_string": "resnet50", "min_batch_size": 128, "dataset": "CIFAR", "placement": null, "use_nccl": true, "devices_per_worker": 1, "primary_resource": "extra_gpu", "gpu": false, "verbose": false, "lr_config": {"mode": "log", "steps": 5, "initial_lr": 0.001, "target_lr": 0.001}, "batch_per_device": 128}, "time_since_restore": 89.1593554019928, "timesteps_since_restore": 0, "iterations_since_restore": 2, "mean_throughput": 1345.899164947586, "atoms": 1, "setup_time": 13.597969770431519}
{"apply": 0.018048524856567383, "batch_time": 0.03182966196084324, "d2h": 0.0006535053253173828, "data_time": 0.0017948620154729586, "fwd": 0.028490018844604493, "get_state_time_mean": NaN, "get_state_time_total": 0.0, "grad": 0.0485184907913208, "mean_accuracy": 0.3697666625181834, "mean_loss": 1.7639860213597613, "neg_mean_accuracy": -0.4235000014305115, "set_state_time_mean": NaN, "set_state_time_total": 0.0, "setup_model_time_mean": NaN, "setup_model_time_total": 0.0, "setup_proc_time_mean": NaN, "setup_proc_time_total": 0.0, "train_accuracy": 0.3783399760723114, "train_loss": 1.7282157347869873, "training_time_mean": NaN, "training_time_total": 0.0, "val_accuracy": 0.4235000014305115, "val_loss": 1.59188143157959, "validation_time_mean": NaN, "validation_time_total": 0.0, "samples": 60000, "num_workers": 1, "done": false, "timesteps_total": null, "episodes_total": null, "training_iteration": 3, "neg_mean_loss": -1.7639860213597613, "experiment_id": "de4aada8aa05464fbd6d64c3d293cf79", "date": "2019-06-06_13-17-59", "timestamp": 1559852279, "time_this_iter_s": 41.302053451538086, "time_total_s": 130.46140885353088, "pid": 11368, "hostname": "steropes", "node_ip": "169.229.49.254", "config": {"starting_lr": 0.001, "momentum": 0.95, "weight_decay": 0.001, "steps_per_iteration": null, "pin": false, "model_creator": null, "target_batch_size": 128, "model_string": "resnet50", "min_batch_size": 128, "dataset": "CIFAR", "placement": null, "use_nccl": true, "devices_per_worker": 1, "primary_resource": "extra_gpu", "gpu": false, "verbose": false, "lr_config": {"mode": "log", "steps": 5, "initial_lr": 0.001, "target_lr": 0.001}, "batch_per_device": 128}, "time_since_restore": 130.46140885353088, "timesteps_since_restore": 0, "iterations_since_restore": 3, "mean_throughput": 1379.7135711919173, "atoms": 1, "setup_time": 13.597969770431519}
{"apply": 0.01809091567993164, "batch_time": 0.03229963326755958, "d2h": 0.0006500959396362304, "data_time": 0.0017858929646289562, "fwd": 0.028076672554016115, "get_state_time_mean": NaN, "get_state_time_total": 0.0, "grad": 0.04847121238708496, "mean_accuracy": 0.3891249969601631, "mean_loss": 1.732066351175308, "neg_mean_accuracy": -0.4472000002861023, "set_state_time_mean": NaN, "set_state_time_total": 0.0, "setup_model_time_mean": NaN, "setup_model_time_total": 0.0, "setup_proc_time_mean": NaN, "setup_proc_time_total": 0.0, "train_accuracy": 0.4106599986553192, "train_loss": 1.6342713224029541, "training_time_mean": NaN, "training_time_total": 0.0, "val_accuracy": 0.4472000002861023, "val_loss": 1.6363073406219482, "validation_time_mean": NaN, "validation_time_total": 0.0, "samples": 60000, "num_workers": 1, "done": false, "timesteps_total": null, "episodes_total": null, "training_iteration": 4, "neg_mean_loss": -1.732066351175308, "experiment_id": "de4aada8aa05464fbd6d64c3d293cf79", "date": "2019-06-06_13-18-41", "timestamp": 1559852321, "time_this_iter_s": 41.2406120300293, "time_total_s": 171.70202088356018, "pid": 11368, "hostname": "steropes", "node_ip": "169.229.49.254", "config": {"starting_lr": 0.001, "momentum": 0.95, "weight_decay": 0.001, "steps_per_iteration": null, "pin": false, "model_creator": null, "target_batch_size": 128, "model_string": "resnet50", "min_batch_size": 128, "dataset": "CIFAR", "placement": null, "use_nccl": true, "devices_per_worker": 1, "primary_resource": "extra_gpu", "gpu": false, "verbose": false, "lr_config": {"mode": "log", "steps": 5, "initial_lr": 0.001, "target_lr": 0.001}, "batch_per_device": 128}, "time_since_restore": 171.70202088356018, "timesteps_since_restore": 0, "iterations_since_restore": 4, "mean_throughput": 1397.7660597304896, "atoms": 1, "setup_time": 13.597969770431519}
{"apply": 0.01878671646118164, "batch_time": 0.03216325482235679, "d2h": 0.0006983518600463867, "data_time": 0.0018179843492825013, "fwd": 0.02875547409057617, "get_state_time_mean": NaN, "get_state_time_total": 0.0, "grad": 0.04886338710784912, "mean_accuracy": 0.4045199930667877, "mean_loss": 1.679303279914856, "neg_mean_accuracy": -0.46609997749328613, "set_state_time_mean": NaN, "set_state_time_total": 0.0, "setup_model_time_mean": NaN, "setup_model_time_total": 0.0, "setup_proc_time_mean": NaN, "setup_proc_time_total": 0.0, "train_accuracy": 0.43967998027801514, "train_loss": 1.543327532119751, "training_time_mean": NaN, "training_time_total": 0.0, "val_accuracy": 0.46609997749328613, "val_loss": 1.4682509948730469, "validation_time_mean": NaN, "validation_time_total": 0.0, "samples": 60000, "num_workers": 1, "done": false, "timesteps_total": null, "episodes_total": null, "training_iteration": 5, "neg_mean_loss": -1.679303279914856, "experiment_id": "de4aada8aa05464fbd6d64c3d293cf79", "date": "2019-06-06_13-19-22", "timestamp": 1559852362, "time_this_iter_s": 41.28217697143555, "time_total_s": 212.98419785499573, "pid": 11368, "hostname": "steropes", "node_ip": "169.229.49.254", "config": {"starting_lr": 0.001, "momentum": 0.95, "weight_decay": 0.001, "steps_per_iteration": null, "pin": false, "model_creator": null, "target_batch_size": 128, "model_string": "resnet50", "min_batch_size": 128, "dataset": "CIFAR", "placement": null, "use_nccl": true, "devices_per_worker": 1, "primary_resource": "extra_gpu", "gpu": false, "verbose": false, "lr_config": {"mode": "log", "steps": 5, "initial_lr": 0.001, "target_lr": 0.001}, "batch_per_device": 128}, "time_since_restore": 212.98419785499573, "timesteps_since_restore": 0, "iterations_since_restore": 5, "mean_throughput": 1408.5511505158834, "atoms": 1, "setup_time": 13.597969770431519}
{"apply": 0.018433642387390137, "batch_time": 0.032216117351869994, "d2h": 0.000738835334777832, "data_time": 0.0018457500526057485, "fwd": 0.028853774070739746, "get_state_time_mean": NaN, "get_state_time_total": 0.0, "grad": 0.04900069236755371, "mean_accuracy": 0.44171999096870423, "mean_loss": 1.5826564136505126, "neg_mean_accuracy": -0.48809999227523804, "set_state_time_mean": NaN, "set_state_time_total": 0.0, "setup_model_time_mean": NaN, "setup_model_time_total": 0.0, "setup_proc_time_mean": NaN, "setup_proc_time_total": 0.0, "train_accuracy": 0.4614199995994568, "train_loss": 1.4855936337661744, "training_time_mean": NaN, "training_time_total": 0.0, "val_accuracy": 0.48809999227523804, "val_loss": 1.4903576370239258, "validation_time_mean": NaN, "validation_time_total": 0.0, "samples": 60000, "num_workers": 1, "done": false, "timesteps_total": null, "episodes_total": null, "training_iteration": 6, "neg_mean_loss": -1.5826564136505126, "experiment_id": "de4aada8aa05464fbd6d64c3d293cf79", "date": "2019-06-06_13-20-03", "timestamp": 1559852403, "time_this_iter_s": 41.367990016937256, "time_total_s": 254.35218787193298, "pid": 11368, "hostname": "steropes", "node_ip": "169.229.49.254", "config": {"starting_lr": 0.001, "momentum": 0.95, "weight_decay": 0.001, "steps_per_iteration": null, "pin": false, "model_creator": null, "target_batch_size": 128, "model_string": "resnet50", "min_batch_size": 128, "dataset": "CIFAR", "placement": null, "use_nccl": true, "devices_per_worker": 1, "primary_resource": "extra_gpu", "gpu": false, "verbose": false, "lr_config": {"mode": "log", "steps": 5, "initial_lr": 0.001, "target_lr": 0.001}, "batch_per_device": 128}, "time_since_restore": 254.35218787193298, "timesteps_since_restore": 0, "iterations_since_restore": 6, "mean_throughput": 1449.158606214036, "atoms": 1, "setup_time": 13.597969770431519}
{"apply": 0.017819547653198244, "batch_time": 0.03186968610256533, "d2h": 0.0006618976593017578, "data_time": 0.0019310465859025336, "fwd": 0.028005528450012206, "get_state_time_mean": NaN, "get_state_time_total": 0.0, "grad": 0.05151686668395996, "mean_accuracy": 0.46633999347686766, "mean_loss": 1.5150731504440307, "neg_mean_accuracy": -0.5067999958992004, "set_state_time_mean": NaN, "set_state_time_total": 0.0, "setup_model_time_mean": NaN, "setup_model_time_total": 0.0, "setup_proc_time_mean": NaN, "setup_proc_time_total": 0.0, "train_accuracy": 0.48569998145103455, "train_loss": 1.4449997967910766, "training_time_mean": NaN, "training_time_total": 0.0, "val_accuracy": 0.5067999958992004, "val_loss": 1.388568348121643, "validation_time_mean": NaN, "validation_time_total": 0.0, "samples": 60000, "num_workers": 1, "done": false, "timesteps_total": null, "episodes_total": null, "training_iteration": 7, "neg_mean_loss": -1.5150731504440307, "experiment_id": "de4aada8aa05464fbd6d64c3d293cf79", "date": "2019-06-06_13-20-45", "timestamp": 1559852445, "time_this_iter_s": 41.23225378990173, "time_total_s": 295.5844416618347, "pid": 11368, "hostname": "steropes", "node_ip": "169.229.49.254", "config": {"starting_lr": 0.001, "momentum": 0.95, "weight_decay": 0.001, "steps_per_iteration": null, "pin": false, "model_creator": null, "target_batch_size": 128, "model_string": "resnet50", "min_batch_size": 128, "dataset": "CIFAR", "placement": null, "use_nccl": true, "devices_per_worker": 1, "primary_resource": "extra_gpu", "gpu": false, "verbose": false, "lr_config": {"mode": "log", "steps": 5, "initial_lr": 0.001, "target_lr": 0.001}, "batch_per_device": 128}, "time_since_restore": 295.5844416618347, "timesteps_since_restore": 0, "iterations_since_restore": 7, "mean_throughput": 1453.3088785194902, "atoms": 1, "setup_time": 13.597969770431519}
{"apply": 0.01826176643371582, "batch_time": 0.032671490802040584, "d2h": 0.0006810188293457031, "data_time": 0.001804570102935557, "fwd": 0.028429794311523437, "get_state_time_mean": NaN, "get_state_time_total": 0.0, "grad": 0.0482823371887207, "mean_accuracy": 0.48491998910903933, "mean_loss": 1.4703828503036498, "neg_mean_accuracy": -0.5163999795913696, "set_state_time_mean": NaN, "set_state_time_total": 0.0, "setup_model_time_mean": NaN, "setup_model_time_total": 0.0, "setup_proc_time_mean": NaN, "setup_proc_time_total": 0.0, "train_accuracy": 0.5020599961280823, "train_loss": 1.3864023711395264, "training_time_mean": NaN, "training_time_total": 0.0, "val_accuracy": 0.5163999795913696, "val_loss": 1.3684299308776855, "validation_time_mean": NaN, "validation_time_total": 0.0, "samples": 60000, "num_workers": 1, "done": false, "timesteps_total": null, "episodes_total": null, "training_iteration": 8, "neg_mean_loss": -1.4703828503036498, "experiment_id": "de4aada8aa05464fbd6d64c3d293cf79", "date": "2019-06-06_13-21-26", "timestamp": 1559852486, "time_this_iter_s": 41.31143808364868, "time_total_s": 336.8958797454834, "pid": 11368, "hostname": "steropes", "node_ip": "169.229.49.254", "config": {"starting_lr": 0.001, "momentum": 0.95, "weight_decay": 0.001, "steps_per_iteration": null, "pin": false, "model_creator": null, "target_batch_size": 128, "model_string": "resnet50", "min_batch_size": 128, "dataset": "CIFAR", "placement": null, "use_nccl": true, "devices_per_worker": 1, "primary_resource": "extra_gpu", "gpu": false, "verbose": false, "lr_config": {"mode": "log", "steps": 5, "initial_lr": 0.001, "target_lr": 0.001}, "batch_per_device": 128}, "time_since_restore": 336.8958797454834, "timesteps_since_restore": 0, "iterations_since_restore": 8, "mean_throughput": 1453.2428103753712, "atoms": 1, "setup_time": 13.597969770431519}
{"apply": 0.018645262718200682, "batch_time": 0.03223729435401627, "d2h": 0.0007660627365112304, "data_time": 0.0018039530195543528, "fwd": 0.029240751266479494, "get_state_time_mean": NaN, "get_state_time_total": 0.0, "grad": 0.04975326061248779, "mean_accuracy": 0.4993799805641174, "mean_loss": 1.4126260081863404, "neg_mean_accuracy": -0.5194999575614929, "set_state_time_mean": NaN, "set_state_time_total": 0.0, "setup_model_time_mean": NaN, "setup_model_time_total": 0.0, "setup_proc_time_mean": NaN, "setup_proc_time_total": 0.0, "train_accuracy": 0.5179600119590759, "train_loss": 1.3521379965591431, "training_time_mean": NaN, "training_time_total": 0.0, "val_accuracy": 0.5194999575614929, "val_loss": 1.3475231300354005, "validation_time_mean": NaN, "validation_time_total": 0.0, "samples": 60000, "num_workers": 1, "done": false, "timesteps_total": null, "episodes_total": null, "training_iteration": 9, "neg_mean_loss": -1.4126260081863404, "experiment_id": "de4aada8aa05464fbd6d64c3d293cf79", "date": "2019-06-06_13-22-07", "timestamp": 1559852527, "time_this_iter_s": 41.27857303619385, "time_total_s": 378.17445278167725, "pid": 11368, "hostname": "steropes", "node_ip": "169.229.49.254", "config": {"starting_lr": 0.001, "momentum": 0.95, "weight_decay": 0.001, "steps_per_iteration": null, "pin": false, "model_creator": null, "target_batch_size": 128, "model_string": "resnet50", "min_batch_size": 128, "dataset": "CIFAR", "placement": null, "use_nccl": true, "devices_per_worker": 1, "primary_resource": "extra_gpu", "gpu": false, "verbose": false, "lr_config": {"mode": "log", "steps": 5, "initial_lr": 0.001, "target_lr": 0.001}, "batch_per_device": 128}, "time_since_restore": 378.17445278167725, "timesteps_since_restore": 0, "iterations_since_restore": 9, "mean_throughput": 1452.9755895888063, "atoms": 1, "setup_time": 13.597969770431519}
{"apply": 0.018085885047912597, "batch_time": 0.03214631503141379, "d2h": 0.0006821155548095703, "data_time": 0.0018239124961521315, "fwd": 0.028261899948120117, "get_state_time_mean": NaN, "get_state_time_total": 0.0, "grad": 0.048294234275817874, "mean_accuracy": 0.5154999852180481, "mean_loss": 1.3730800796127318, "neg_mean_accuracy": -0.5467000007629395, "set_state_time_mean": NaN, "set_state_time_total": 0.0, "setup_model_time_mean": NaN, "setup_model_time_total": 0.0, "setup_proc_time_mean": NaN, "setup_proc_time_total": 0.0, "train_accuracy": 0.5318799614906311, "train_loss": 1.3095470514678955, "training_time_mean": NaN, "training_time_total": 0.0, "val_accuracy": 0.5467000007629395, "val_loss": 1.270521352005005, "validation_time_mean": NaN, "validation_time_total": 0.0, "samples": 60000, "num_workers": 1, "done": false, "timesteps_total": null, "episodes_total": null, "training_iteration": 10, "neg_mean_loss": -1.3730800796127318, "experiment_id": "de4aada8aa05464fbd6d64c3d293cf79", "date": "2019-06-06_13-22-48", "timestamp": 1559852568, "time_this_iter_s": 41.2832555770874, "time_total_s": 419.45770835876465, "pid": 11368, "hostname": "steropes", "node_ip": "169.229.49.254", "config": {"starting_lr": 0.001, "momentum": 0.95, "weight_decay": 0.001, "steps_per_iteration": null, "pin": false, "model_creator": null, "target_batch_size": 128, "model_string": "resnet50", "min_batch_size": 128, "dataset": "CIFAR", "placement": null, "use_nccl": true, "devices_per_worker": 1, "primary_resource": "extra_gpu", "gpu": false, "verbose": false, "lr_config": {"mode": "log", "steps": 5, "initial_lr": 0.001, "target_lr": 0.001}, "batch_per_device": 128}, "time_since_restore": 419.45770835876465, "timesteps_since_restore": 0, "iterations_since_restore": 10, "mean_throughput": 1452.9678735113234, "atoms": 1, "setup_time": 13.597969770431519}
{"apply": 0.01825404167175293, "batch_time": 0.032079047794583475, "d2h": 0.0006808996200561524, "data_time": 0.0017870826184597161, "fwd": 0.02885119915008545, "get_state_time_mean": NaN, "get_state_time_total": 0.0, "grad": 0.04879493713378906, "mean_accuracy": 0.52947998046875, "mean_loss": 1.3239065505218508, "neg_mean_accuracy": -0.5579999685287476, "set_state_time_mean": NaN, "set_state_time_total": 0.0, "setup_model_time_mean": NaN, "setup_model_time_total": 0.0, "setup_proc_time_mean": NaN, "setup_proc_time_total": 0.0, "train_accuracy": 0.54475998878479, "train_loss": 1.275958026046753, "training_time_mean": NaN, "training_time_total": 0.0, "val_accuracy": 0.5579999685287476, "val_loss": 1.2444899915695191, "validation_time_mean": NaN, "validation_time_total": 0.0, "samples": 60000, "num_workers": 1, "done": false, "timesteps_total": null, "episodes_total": null, "training_iteration": 11, "neg_mean_loss": -1.3239065505218508, "experiment_id": "de4aada8aa05464fbd6d64c3d293cf79", "date": "2019-06-06_13-23-30", "timestamp": 1559852610, "time_this_iter_s": 41.16219782829285, "time_total_s": 460.6199061870575, "pid": 11368, "hostname": "steropes", "node_ip": "169.229.49.254", "config": {"starting_lr": 0.001, "momentum": 0.95, "weight_decay": 0.001, "steps_per_iteration": null, "pin": false, "model_creator": null, "target_batch_size": 128, "model_string": "resnet50", "min_batch_size": 128, "dataset": "CIFAR", "placement": null, "use_nccl": true, "devices_per_worker": 1, "primary_resource": "extra_gpu", "gpu": false, "verbose": false, "lr_config": {"mode": "log", "steps": 5, "initial_lr": 0.001, "target_lr": 0.001}, "batch_per_device": 128}, "time_since_restore": 460.6199061870575, "timesteps_since_restore": 0, "iterations_since_restore": 11, "mean_throughput": 1454.417545859052, "atoms": 1, "setup_time": 13.597969770431519}
{"apply": 0.018227505683898925, "batch_time": 0.03220650515978849, "d2h": 0.0006647348403930664, "data_time": 0.0017797459116982073, "fwd": 0.029000306129455568, "get_state_time_mean": NaN, "get_state_time_total": 0.0, "grad": 0.04844088554382324, "mean_accuracy": 0.5420599818229676, "mean_loss": 1.2981138793182372, "neg_mean_accuracy": -0.5697000026702881, "set_state_time_mean": NaN, "set_state_time_total": 0.0, "setup_model_time_mean": NaN, "setup_model_time_total": 0.0, "setup_proc_time_mean": NaN, "setup_proc_time_total": 0.0, "train_accuracy": 0.553820013999939, "train_loss": 1.2548135174560546, "training_time_mean": NaN, "training_time_total": 0.0, "val_accuracy": 0.5697000026702881, "val_loss": 1.2596049921035766, "validation_time_mean": NaN, "validation_time_total": 0.0, "samples": 60000, "num_workers": 1, "done": false, "timesteps_total": null, "episodes_total": null, "training_iteration": 12, "neg_mean_loss": -1.2981138793182372, "experiment_id": "de4aada8aa05464fbd6d64c3d293cf79", "date": "2019-06-06_13-24-11", "timestamp": 1559852651, "time_this_iter_s": 41.15211462974548, "time_total_s": 501.772020816803, "pid": 11368, "hostname": "steropes", "node_ip": "169.229.49.254", "config": {"starting_lr": 0.001, "momentum": 0.95, "weight_decay": 0.001, "steps_per_iteration": null, "pin": false, "model_creator": null, "target_batch_size": 128, "model_string": "resnet50", "min_batch_size": 128, "dataset": "CIFAR", "placement": null, "use_nccl": true, "devices_per_worker": 1, "primary_resource": "extra_gpu", "gpu": false, "verbose": false, "lr_config": {"mode": "log", "steps": 5, "initial_lr": 0.001, "target_lr": 0.001}, "batch_per_device": 128}, "time_since_restore": 501.772020816803, "timesteps_since_restore": 0, "iterations_since_restore": 12, "mean_throughput": 1454.9823738400596, "atoms": 1, "setup_time": 13.597969770431519}
{"apply": 0.017856764793395995, "batch_time": 0.03173717667784872, "d2h": 0.0006646871566772461, "data_time": 0.001813323296549375, "fwd": 0.02845637798309326, "get_state_time_mean": NaN, "get_state_time_total": 0.0, "grad": 0.04926159381866455, "mean_accuracy": 0.5550999879837036, "mean_loss": 1.2617697181320189, "neg_mean_accuracy": -0.58160001039505, "set_state_time_mean": NaN, "set_state_time_total": 0.0, "setup_model_time_mean": NaN, "setup_model_time_total": 0.0, "setup_proc_time_mean": NaN, "setup_proc_time_total": 0.0, "train_accuracy": 0.5679999589920044, "train_loss": 1.2180156604766845, "training_time_mean": NaN, "training_time_total": 0.0, "val_accuracy": 0.58160001039505, "val_loss": 1.1867091249465942, "validation_time_mean": NaN, "validation_time_total": 0.0, "samples": 60000, "num_workers": 1, "done": false, "timesteps_total": null, "episodes_total": null, "training_iteration": 13, "neg_mean_loss": -1.2617697181320189, "experiment_id": "de4aada8aa05464fbd6d64c3d293cf79", "date": "2019-06-06_13-24-52", "timestamp": 1559852692, "time_this_iter_s": 41.19114351272583, "time_total_s": 542.9631643295288, "pid": 11368, "hostname": "steropes", "node_ip": "169.229.49.254", "config": {"starting_lr": 0.001, "momentum": 0.95, "weight_decay": 0.001, "steps_per_iteration": null, "pin": false, "model_creator": null, "target_batch_size": 128, "model_string": "resnet50", "min_batch_size": 128, "dataset": "CIFAR", "placement": null, "use_nccl": true, "devices_per_worker": 1, "primary_resource": "extra_gpu", "gpu": false, "verbose": false, "lr_config": {"mode": "log", "steps": 5, "initial_lr": 0.001, "target_lr": 0.001}, "batch_per_device": 128}, "time_since_restore": 542.9631643295288, "timesteps_since_restore": 0, "iterations_since_restore": 13, "mean_throughput": 1455.831769526754, "atoms": 1, "setup_time": 13.597969770431519}
{"apply": 0.018022942543029784, "batch_time": 0.03178203860415688, "d2h": 0.0006569862365722656, "data_time": 0.0017861045534958316, "fwd": 0.028909969329833984, "get_state_time_mean": NaN, "get_state_time_total": 0.0, "grad": 0.048864316940307614, "mean_accuracy": 0.5661199927330017, "mean_loss": 1.2418903186798096, "neg_mean_accuracy": -0.5745999813079834, "set_state_time_mean": NaN, "set_state_time_total": 0.0, "setup_model_time_mean": NaN, "setup_model_time_total": 0.0, "setup_proc_time_mean": NaN, "setup_proc_time_total": 0.0, "train_accuracy": 0.5776399970054626, "train_loss": 1.1845053133964538, "training_time_mean": NaN, "training_time_total": 0.0, "val_accuracy": 0.5745999813079834, "val_loss": 1.2481261327743531, "validation_time_mean": NaN, "validation_time_total": 0.0, "samples": 60000, "num_workers": 1, "done": false, "timesteps_total": null, "episodes_total": null, "training_iteration": 14, "neg_mean_loss": -1.2418903186798096, "experiment_id": "de4aada8aa05464fbd6d64c3d293cf79", "date": "2019-06-06_13-25-33", "timestamp": 1559852733, "time_this_iter_s": 41.114747762680054, "time_total_s": 584.0779120922089, "pid": 11368, "hostname": "steropes", "node_ip": "169.229.49.254", "config": {"starting_lr": 0.001, "momentum": 0.95, "weight_decay": 0.001, "steps_per_iteration": null, "pin": false, "model_creator": null, "target_batch_size": 128, "model_string": "resnet50", "min_batch_size": 128, "dataset": "CIFAR", "placement": null, "use_nccl": true, "devices_per_worker": 1, "primary_resource": "extra_gpu", "gpu": false, "verbose": false, "lr_config": {"mode": "log", "steps": 5, "initial_lr": 0.001, "target_lr": 0.001}, "batch_per_device": 128}, "time_since_restore": 584.0779120922089, "timesteps_since_restore": 0, "iterations_since_restore": 14, "mean_throughput": 1456.9901202838805, "atoms": 1, "setup_time": 13.597969770431519}
{"apply": 0.01916201114654541, "batch_time": 0.032110627693465996, "d2h": 0.0006575107574462891, "data_time": 0.0018117921736539172, "fwd": 0.02843928337097168, "get_state_time_mean": NaN, "get_state_time_total": 0.0, "grad": 0.04894633293151855, "mean_accuracy": 0.5704599857330322, "mean_loss": 1.2537345422363282, "neg_mean_accuracy": -0.568399965763092, "set_state_time_mean": NaN, "set_state_time_total": 0.0, "setup_model_time_mean": NaN, "setup_model_time_total": 0.0, "setup_proc_time_mean": NaN, "setup_proc_time_total": 0.0, "train_accuracy": 0.58051997423172, "train_loss": 1.185151279449463, "training_time_mean": NaN, "training_time_total": 0.0, "val_accuracy": 0.568399965763092, "val_loss": 1.3297424697875977, "validation_time_mean": NaN, "validation_time_total": 0.0, "samples": 60000, "num_workers": 1, "done": false, "timesteps_total": null, "episodes_total": null, "training_iteration": 15, "neg_mean_loss": -1.2537345422363282, "experiment_id": "de4aada8aa05464fbd6d64c3d293cf79", "date": "2019-06-06_13-26-14", "timestamp": 1559852774, "time_this_iter_s": 41.10653758049011, "time_total_s": 625.184449672699, "pid": 11368, "hostname": "steropes", "node_ip": "169.229.49.254", "config": {"starting_lr": 0.001, "momentum": 0.95, "weight_decay": 0.001, "steps_per_iteration": null, "pin": false, "model_creator": null, "target_batch_size": 128, "model_string": "resnet50", "min_batch_size": 128, "dataset": "CIFAR", "placement": null, "use_nccl": true, "devices_per_worker": 1, "primary_resource": "extra_gpu", "gpu": false, "verbose": false, "lr_config": {"mode": "log", "steps": 5, "initial_lr": 0.001, "target_lr": 0.001}, "batch_per_device": 128}, "time_since_restore": 625.184449672699, "timesteps_since_restore": 0, "iterations_since_restore": 15, "mean_throughput": 1458.2418284918674, "atoms": 1, "setup_time": 13.597969770431519}
{"apply": 0.018209195137023924, "batch_time": 0.03184891954252991, "d2h": 0.0006583929061889648, "data_time": 0.0017839063463918389, "fwd": 0.028521037101745604, "get_state_time_mean": NaN, "get_state_time_total": 0.0, "grad": 0.04859800338745117, "mean_accuracy": 0.5754599928855896, "mean_loss": 1.2608216445541383, "neg_mean_accuracy": -0.5830000042915344, "set_state_time_mean": NaN, "set_state_time_total": 0.0, "setup_model_time_mean": NaN, "setup_model_time_total": 0.0, "setup_proc_time_mean": NaN, "setup_proc_time_total": 0.0, "train_accuracy": 0.5958399772644043, "train_loss": 1.1394036879730225, "training_time_mean": NaN, "training_time_total": 0.0, "val_accuracy": 0.5830000042915344, "val_loss": 1.2799255031585692, "validation_time_mean": NaN, "validation_time_total": 0.0, "samples": 60000, "num_workers": 1, "done": false, "timesteps_total": null, "episodes_total": null, "training_iteration": 16, "neg_mean_loss": -1.2608216445541383, "experiment_id": "de4aada8aa05464fbd6d64c3d293cf79", "date": "2019-06-06_13-26-55", "timestamp": 1559852815, "time_this_iter_s": 41.08798408508301, "time_total_s": 666.272433757782, "pid": 11368, "hostname": "steropes", "node_ip": "169.229.49.254", "config": {"starting_lr": 0.001, "momentum": 0.95, "weight_decay": 0.001, "steps_per_iteration": null, "pin": false, "model_creator": null, "target_batch_size": 128, "model_string": "resnet50", "min_batch_size": 128, "dataset": "CIFAR", "placement": null, "use_nccl": true, "devices_per_worker": 1, "primary_resource": "extra_gpu", "gpu": false, "verbose": false, "lr_config": {"mode": "log", "steps": 5, "initial_lr": 0.001, "target_lr": 0.001}, "batch_per_device": 128}, "time_since_restore": 666.272433757782, "timesteps_since_restore": 0, "iterations_since_restore": 16, "mean_throughput": 1458.7680743011017, "atoms": 1, "setup_time": 13.597969770431519}
{"apply": 0.01799612045288086, "batch_time": 0.03185990792286547, "d2h": 0.0006578683853149414, "data_time": 0.001793466260671006, "fwd": 0.028207969665527344, "get_state_time_mean": NaN, "get_state_time_total": 0.0, "grad": 0.04931046962738037, "mean_accuracy": 0.5808799862861633, "mean_loss": 1.2500120412445068, "neg_mean_accuracy": -0.5967999696731567, "set_state_time_mean": NaN, "set_state_time_total": 0.0, "setup_model_time_mean": NaN, "setup_model_time_total": 0.0, "setup_proc_time_mean": NaN, "setup_proc_time_total": 0.0, "train_accuracy": 0.6013999581336975, "train_loss": 1.1184000017929077, "training_time_mean": NaN, "training_time_total": 0.0, "val_accuracy": 0.5967999696731567, "val_loss": 1.2055569755554199, "validation_time_mean": NaN, "validation_time_total": 0.0, "samples": 60000, "num_workers": 1, "done": false, "timesteps_total": null, "episodes_total": null, "training_iteration": 17, "neg_mean_loss": -1.2500120412445068, "experiment_id": "de4aada8aa05464fbd6d64c3d293cf79", "date": "2019-06-06_13-27-37", "timestamp": 1559852857, "time_this_iter_s": 41.26699948310852, "time_total_s": 707.5394332408905, "pid": 11368, "hostname": "steropes", "node_ip": "169.229.49.254", "config": {"starting_lr": 0.001, "momentum": 0.95, "weight_decay": 0.001, "steps_per_iteration": null, "pin": false, "model_creator": null, "target_batch_size": 128, "model_string": "resnet50", "min_batch_size": 128, "dataset": "CIFAR", "placement": null, "use_nccl": true, "devices_per_worker": 1, "primary_resource": "extra_gpu", "gpu": false, "verbose": false, "lr_config": {"mode": "log", "steps": 5, "initial_lr": 0.001, "target_lr": 0.001}, "batch_per_device": 128}, "time_since_restore": 707.5394332408905, "timesteps_since_restore": 0, "iterations_since_restore": 17, "mean_throughput": 1457.9540469228996, "atoms": 1, "setup_time": 13.597969770431519}
{"apply": 0.017829418182373047, "batch_time": 0.0322606865363785, "d2h": 0.0006489753723144531, "data_time": 0.0018949252565193665, "fwd": 0.02780494689941406, "get_state_time_mean": NaN, "get_state_time_total": 0.0, "grad": 0.048242378234863284, "mean_accuracy": 0.5864399790763855, "mean_loss": 1.2436006745147705, "neg_mean_accuracy": -0.6093999743461609, "set_state_time_mean": NaN, "set_state_time_total": 0.0, "setup_model_time_mean": NaN, "setup_model_time_total": 0.0, "setup_proc_time_mean": NaN, "setup_proc_time_total": 0.0, "train_accuracy": 0.6101999878883362, "train_loss": 1.0927828156661987, "training_time_mean": NaN, "training_time_total": 0.0, "val_accuracy": 0.6093999743461609, "val_loss": 1.1546522912979127, "validation_time_mean": NaN, "validation_time_total": 0.0, "samples": 60000, "num_workers": 1, "done": false, "timesteps_total": null, "episodes_total": null, "training_iteration": 18, "neg_mean_loss": -1.2436006745147705, "experiment_id": "de4aada8aa05464fbd6d64c3d293cf79", "date": "2019-06-06_13-28-18", "timestamp": 1559852898, "time_this_iter_s": 41.30550837516785, "time_total_s": 748.8449416160583, "pid": 11368, "hostname": "steropes", "node_ip": "169.229.49.254", "config": {"starting_lr": 0.001, "momentum": 0.95, "weight_decay": 0.001, "steps_per_iteration": null, "pin": false, "model_creator": null, "target_batch_size": 128, "model_string": "resnet50", "min_batch_size": 128, "dataset": "CIFAR", "placement": null, "use_nccl": true, "devices_per_worker": 1, "primary_resource": "extra_gpu", "gpu": false, "verbose": false, "lr_config": {"mode": "log", "steps": 5, "initial_lr": 0.001, "target_lr": 0.001}, "batch_per_device": 128}, "time_since_restore": 748.8449416160583, "timesteps_since_restore": 0, "iterations_since_restore": 18, "mean_throughput": 1457.1437387705319, "atoms": 1, "setup_time": 13.597969770431519}
{"apply": 0.018352031707763672, "batch_time": 0.03254069255877145, "d2h": 0.0006718873977661133, "data_time": 0.0017812349607267649, "fwd": 0.028249311447143554, "get_state_time_mean": NaN, "get_state_time_total": 0.0, "grad": 0.0490584135055542, "mean_accuracy": 0.5948399782180787, "mean_loss": 1.2096546697998047, "neg_mean_accuracy": -0.616599977016449, "set_state_time_mean": NaN, "set_state_time_total": 0.0, "setup_model_time_mean": NaN, "setup_model_time_total": 0.0, "setup_proc_time_mean": NaN, "setup_proc_time_total": 0.0, "train_accuracy": 0.6197400093078613, "train_loss": 1.0686105472946168, "training_time_mean": NaN, "training_time_total": 0.0, "val_accuracy": 0.616599977016449, "val_loss": 1.078396109199524, "validation_time_mean": NaN, "validation_time_total": 0.0, "samples": 60000, "num_workers": 1, "done": false, "timesteps_total": null, "episodes_total": null, "training_iteration": 19, "neg_mean_loss": -1.2096546697998047, "experiment_id": "de4aada8aa05464fbd6d64c3d293cf79", "date": "2019-06-06_13-28-59", "timestamp": 1559852939, "time_this_iter_s": 41.26123881340027, "time_total_s": 790.1061804294586, "pid": 11368, "hostname": "steropes", "node_ip": "169.229.49.254", "config": {"starting_lr": 0.001, "momentum": 0.95, "weight_decay": 0.001, "steps_per_iteration": null, "pin": false, "model_creator": null, "target_batch_size": 128, "model_string": "resnet50", "min_batch_size": 128, "dataset": "CIFAR", "placement": null, "use_nccl": true, "devices_per_worker": 1, "primary_resource": "extra_gpu", "gpu": false, "verbose": false, "lr_config": {"mode": "log", "steps": 5, "initial_lr": 0.001, "target_lr": 0.001}, "batch_per_device": 128}, "time_since_restore": 790.1061804294586, "timesteps_since_restore": 0, "iterations_since_restore": 19, "mean_throughput": 1456.1076549126165, "atoms": 1, "setup_time": 13.597969770431519}
{"apply": 0.01793079376220703, "batch_time": 0.03192513502096828, "d2h": 0.000679183006286621, "data_time": 0.0018006401598605964, "fwd": 0.028174877166748047, "get_state_time_mean": NaN, "get_state_time_total": 0.0, "grad": 0.047973036766052246, "mean_accuracy": 0.6058199763298034, "mean_loss": 1.1643314465713501, "neg_mean_accuracy": -0.6232999563217163, "set_state_time_mean": NaN, "set_state_time_total": 0.0, "setup_model_time_mean": NaN, "setup_model_time_total": 0.0, "setup_proc_time_mean": NaN, "setup_proc_time_total": 0.0, "train_accuracy": 0.6287599802017212, "train_loss": 1.0412348849487305, "training_time_mean": NaN, "training_time_total": 0.0, "val_accuracy": 0.6232999563217163, "val_loss": 1.1031263536453246, "validation_time_mean": NaN, "validation_time_total": 0.0, "samples": 60000, "num_workers": 1, "done": false, "timesteps_total": null, "episodes_total": null, "training_iteration": 20, "neg_mean_loss": -1.1643314465713501, "experiment_id": "de4aada8aa05464fbd6d64c3d293cf79", "date": "2019-06-06_13-29-40", "timestamp": 1559852980, "time_this_iter_s": 41.14947748184204, "time_total_s": 831.2556579113007, "pid": 11368, "hostname": "steropes", "node_ip": "169.229.49.254", "config": {"starting_lr": 0.001, "momentum": 0.95, "weight_decay": 0.001, "steps_per_iteration": null, "pin": false, "model_creator": null, "target_batch_size": 128, "model_string": "resnet50", "min_batch_size": 128, "dataset": "CIFAR", "placement": null, "use_nccl": true, "devices_per_worker": 1, "primary_resource": "extra_gpu", "gpu": false, "verbose": false, "lr_config": {"mode": "log", "steps": 5, "initial_lr": 0.001, "target_lr": 0.001}, "batch_per_device": 128}, "time_since_restore": 831.2556579113007, "timesteps_since_restore": 0, "iterations_since_restore": 20, "mean_throughput": 1455.8042320461363, "atoms": 1, "setup_time": 13.597969770431519}
{"apply": 0.01796203851699829, "batch_time": 0.0823104977607727, "d2h": 0.0006606459617614746, "data_time": 0.0028342525569760068, "fwd": 0.15288392305374143, "get_state_time_mean": NaN, "get_state_time_total": 0.0, "grad": 0.2910738825798035, "mean_accuracy": 0.6168799638748169, "mean_loss": 1.1168058847427367, "neg_mean_accuracy": -0.6382999420166016, "set_state_time_mean": 3.332633852958679, "set_state_time_total": 3.332633852958679, "setup_model_time_mean": 11.153199791908264, "setup_model_time_total": 11.153199791908264, "setup_proc_time_mean": 4.993435621261597, "setup_proc_time_total": 4.993435621261597, "train_accuracy": 0.6498399972915649, "train_loss": 0.9875470551776886, "training_time_mean": NaN, "training_time_total": 0.0, "val_accuracy": 0.6382999420166016, "val_loss": 1.0422976940155029, "validation_time_mean": NaN, "validation_time_total": 0.0, "samples": 60000, "num_workers": 2, "done": false, "timesteps_total": null, "episodes_total": null, "training_iteration": 21, "neg_mean_loss": -1.1168058847427367, "experiment_id": "de4aada8aa05464fbd6d64c3d293cf79", "date": "2019-06-06_13-30-47", "timestamp": 1559853047, "time_this_iter_s": 35.72964859008789, "time_total_s": 866.9853065013885, "pid": 27569, "hostname": "steropes", "node_ip": "169.229.49.254", "config": {"starting_lr": 0.001, "momentum": 0.95, "weight_decay": 0.001, "steps_per_iteration": null, "pin": false, "model_creator": null, "target_batch_size": 128, "model_string": "resnet50", "min_batch_size": 128, "dataset": "CIFAR", "placement": null, "use_nccl": true, "devices_per_worker": 1, "primary_resource": "extra_gpu", "gpu": false, "verbose": false, "lr_config": {"mode": "log", "steps": 5, "initial_lr": 0.001, "target_lr": 0.0014142135623730952}, "batch_per_device": 128}, "time_since_restore": 35.72964859008789, "timesteps_since_restore": 0, "iterations_since_restore": 1, "mean_throughput": 1679.2723408358684, "atoms": 2, "setup_time": 28.81804084777832}
{"apply": 0.017748868465423583, "batch_time": 0.04174986481666565, "d2h": 0.0007362008094787597, "data_time": 0.002836231066256153, "fwd": 0.02834264039993286, "get_state_time_mean": NaN, "get_state_time_total": 0.0, "grad": 0.0800051212310791, "mean_accuracy": 0.6254599690437317, "mean_loss": 1.0870007629585268, "neg_mean_accuracy": -0.6396999955177307, "set_state_time_mean": NaN, "set_state_time_total": 0.0, "setup_model_time_mean": NaN, "setup_model_time_total": 0.0, "setup_proc_time_mean": NaN, "setup_proc_time_total": 0.0, "train_accuracy": 0.6554399728775024, "train_loss": 0.966865084028244, "training_time_mean": NaN, "training_time_total": 0.0, "val_accuracy": 0.6396999955177307, "val_loss": 1.0565313666343688, "validation_time_mean": NaN, "validation_time_total": 0.0, "samples": 60000, "num_workers": 2, "done": false, "timesteps_total": null, "episodes_total": null, "training_iteration": 22, "neg_mean_loss": -1.0870007629585268, "experiment_id": "de4aada8aa05464fbd6d64c3d293cf79", "date": "2019-06-06_13-31-15", "timestamp": 1559853075, "time_this_iter_s": 28.672199010849, "time_total_s": 895.6575055122375, "pid": 27569, "hostname": "steropes", "node_ip": "169.229.49.254", "config": {"starting_lr": 0.001, "momentum": 0.95, "weight_decay": 0.001, "steps_per_iteration": null, "pin": false, "model_creator": null, "target_batch_size": 128, "model_string": "resnet50", "min_batch_size": 128, "dataset": "CIFAR", "placement": null, "use_nccl": true, "devices_per_worker": 1, "primary_resource": "extra_gpu", "gpu": false, "verbose": false, "lr_config": {"mode": "log", "steps": 5, "initial_lr": 0.001, "target_lr": 0.0014142135623730952}, "batch_per_device": 128}, "time_since_restore": 64.40184760093689, "timesteps_since_restore": 0, "iterations_since_restore": 2, "mean_throughput": 1863.294944519535, "atoms": 2, "setup_time": 28.81804084777832}
{"apply": 0.017735075950622556, "batch_time": 0.040851819515228274, "d2h": 0.0007178306579589844, "data_time": 0.002902457908708222, "fwd": 0.028249716758728026, "get_state_time_mean": NaN, "get_state_time_total": 0.0, "grad": 0.07931694984436036, "mean_accuracy": 0.630299973487854, "mean_loss": 1.063541827220917, "neg_mean_accuracy": -0.6335999965667725, "set_state_time_mean": NaN, "set_state_time_total": 0.0, "setup_model_time_mean": NaN, "setup_model_time_total": 0.0, "setup_proc_time_mean": NaN, "setup_proc_time_total": 0.0, "train_accuracy": 0.6562600135803223, "train_loss": 0.963863500328064, "training_time_mean": NaN, "training_time_total": 0.0, "val_accuracy": 0.6335999965667725, "val_loss": 1.0373576126098634, "validation_time_mean": NaN, "validation_time_total": 0.0, "samples": 60000, "num_workers": 2, "done": false, "timesteps_total": null, "episodes_total": null, "training_iteration": 23, "neg_mean_loss": -1.063541827220917, "experiment_id": "de4aada8aa05464fbd6d64c3d293cf79", "date": "2019-06-06_13-31-44", "timestamp": 1559853104, "time_this_iter_s": 28.152928590774536, "time_total_s": 923.8104341030121, "pid": 27569, "hostname": "steropes", "node_ip": "169.229.49.254", "config": {"starting_lr": 0.001, "momentum": 0.95, "weight_decay": 0.001, "steps_per_iteration": null, "pin": false, "model_creator": null, "target_batch_size": 128, "model_string": "resnet50", "min_batch_size": 128, "dataset": "CIFAR", "placement": null, "use_nccl": true, "devices_per_worker": 1, "primary_resource": "extra_gpu", "gpu": false, "verbose": false, "lr_config": {"mode": "log", "steps": 5, "initial_lr": 0.001, "target_lr": 0.0014142135623730952}, "batch_per_device": 128}, "time_since_restore": 92.55477619171143, "timesteps_since_restore": 0, "iterations_since_restore": 3, "mean_throughput": 1944.7872636743537, "atoms": 2, "setup_time": 28.81804084777832}
{"apply": 0.01822514533996582, "batch_time": 0.045367926359176636, "d2h": 0.0007001161575317383, "data_time": 0.0028014055320194787, "fwd": 0.028886687755584717, "get_state_time_mean": NaN, "get_state_time_total": 0.0, "grad": 0.0796538472175598, "mean_accuracy": 0.6348599791526794, "mean_loss": 1.0542707013320922, "neg_mean_accuracy": -0.6394000053405762, "set_state_time_mean": NaN, "set_state_time_total": 0.0, "setup_model_time_mean": NaN, "setup_model_time_total": 0.0, "setup_proc_time_mean": NaN, "setup_proc_time_total": 0.0, "train_accuracy": 0.6619399785995483, "train_loss": 0.9475979776573181, "training_time_mean": NaN, "training_time_total": 0.0, "val_accuracy": 0.6394000053405762, "val_loss": 1.0320404797554015, "validation_time_mean": NaN, "validation_time_total": 0.0, "samples": 60000, "num_workers": 2, "done": false, "timesteps_total": null, "episodes_total": null, "training_iteration": 24, "neg_mean_loss": -1.0542707013320922, "experiment_id": "de4aada8aa05464fbd6d64c3d293cf79", "date": "2019-06-06_13-32-12", "timestamp": 1559853132, "time_this_iter_s": 28.346627235412598, "time_total_s": 952.1570613384247, "pid": 27569, "hostname": "steropes", "node_ip": "169.229.49.254", "config": {"starting_lr": 0.001, "momentum": 0.95, "weight_decay": 0.001, "steps_per_iteration": null, "pin": false, "model_creator": null, "target_batch_size": 128, "model_string": "resnet50", "min_batch_size": 128, "dataset": "CIFAR", "placement": null, "use_nccl": true, "devices_per_worker": 1, "primary_resource": "extra_gpu", "gpu": false, "verbose": false, "lr_config": {"mode": "log", "steps": 5, "initial_lr": 0.001, "target_lr": 0.0014142135623730952}, "batch_per_device": 128}, "time_since_restore": 120.90140342712402, "timesteps_since_restore": 0, "iterations_since_restore": 4, "mean_throughput": 1985.0817296030953, "atoms": 2, "setup_time": 28.81804084777832}
{"apply": 0.017660081386566162, "batch_time": 0.044283097982406615, "d2h": 0.000679779052734375, "data_time": 0.002800738324924391, "fwd": 0.028107964992523195, "get_state_time_mean": NaN, "get_state_time_total": 0.0, "grad": 0.07854816913604737, "mean_accuracy": 0.6404399752616883, "mean_loss": 1.034197406616211, "neg_mean_accuracy": -0.6511999368667603, "set_state_time_mean": NaN, "set_state_time_total": 0.0, "setup_model_time_mean": NaN, "setup_model_time_total": 0.0, "setup_proc_time_mean": NaN, "setup_proc_time_total": 0.0, "train_accuracy": 0.6667399406433105, "train_loss": 0.9376815009784698, "training_time_mean": NaN, "training_time_total": 0.0, "val_accuracy": 0.6511999368667603, "val_loss": 1.0027598800659179, "validation_time_mean": NaN, "validation_time_total": 0.0, "samples": 60000, "num_workers": 2, "done": false, "timesteps_total": null, "episodes_total": null, "training_iteration": 25, "neg_mean_loss": -1.034197406616211, "experiment_id": "de4aada8aa05464fbd6d64c3d293cf79", "date": "2019-06-06_13-32-40", "timestamp": 1559853160, "time_this_iter_s": 28.234121561050415, "time_total_s": 980.3911828994751, "pid": 27569, "hostname": "steropes", "node_ip": "169.229.49.254", "config": {"starting_lr": 0.001, "momentum": 0.95, "weight_decay": 0.001, "steps_per_iteration": null, "pin": false, "model_creator": null, "target_batch_size": 128, "model_string": "resnet50", "min_batch_size": 128, "dataset": "CIFAR", "placement": null, "use_nccl": true, "devices_per_worker": 1, "primary_resource": "extra_gpu", "gpu": false, "verbose": false, "lr_config": {"mode": "log", "steps": 5, "initial_lr": 0.001, "target_lr": 0.0014142135623730952}, "batch_per_device": 128}, "time_since_restore": 149.13552498817444, "timesteps_since_restore": 0, "iterations_since_restore": 5, "mean_throughput": 2011.586399845964, "atoms": 2, "setup_time": 28.81804084777832}
{"apply": 0.018867897987365725, "batch_time": 0.039332807064056396, "d2h": 0.0006846189498901367, "data_time": 0.002785014862916908, "fwd": 0.02844836711883545, "get_state_time_mean": NaN, "get_state_time_total": 0.0, "grad": 0.07955734729766846, "mean_accuracy": 0.6443399786949158, "mean_loss": 1.0285724364852904, "neg_mean_accuracy": -0.6577999591827393, "set_state_time_mean": NaN, "set_state_time_total": 0.0, "setup_model_time_mean": NaN, "setup_model_time_total": 0.0, "setup_proc_time_mean": NaN, "setup_proc_time_total": 0.0, "train_accuracy": 0.6751799583435059, "train_loss": 0.9106510728359223, "training_time_mean": NaN, "training_time_total": 0.0, "val_accuracy": 0.6577999591827393, "val_loss": 1.014172843360901, "validation_time_mean": NaN, "validation_time_total": 0.0, "samples": 60000, "num_workers": 2, "done": false, "timesteps_total": null, "episodes_total": null, "training_iteration": 26, "neg_mean_loss": -1.0285724364852904, "experiment_id": "de4aada8aa05464fbd6d64c3d293cf79", "date": "2019-06-06_13-33-08", "timestamp": 1559853188, "time_this_iter_s": 27.773868322372437, "time_total_s": 1008.1650512218475, "pid": 27569, "hostname": "steropes", "node_ip": "169.229.49.254", "config": {"starting_lr": 0.001, "momentum": 0.95, "weight_decay": 0.001, "steps_per_iteration": null, "pin": false, "model_creator": null, "target_batch_size": 128, "model_string": "resnet50", "min_batch_size": 128, "dataset": "CIFAR", "placement": null, "use_nccl": true, "devices_per_worker": 1, "primary_resource": "extra_gpu", "gpu": false, "verbose": false, "lr_config": {"mode": "log", "steps": 5, "initial_lr": 0.001, "target_lr": 0.0014142135623730952}, "batch_per_device": 128}, "time_since_restore": 176.90939331054688, "timesteps_since_restore": 0, "iterations_since_restore": 6, "mean_throughput": 2124.943566715887, "atoms": 2, "setup_time": 28.81804084777832}
{"apply": 0.019290558497111, "batch_time": 0.07573395010865765, "d2h": 0.000668485959370931, "data_time": 0.004714790494690718, "fwd": 0.15885576407114665, "get_state_time_mean": NaN, "get_state_time_total": 0.0, "grad": 0.22550206184387203, "mean_accuracy": 0.6532135725021362, "mean_loss": 1.002698691273769, "neg_mean_accuracy": -0.6598680019378662, "set_state_time_mean": 6.846621036529541, "set_state_time_total": 6.846621036529541, "setup_model_time_mean": 11.249099969863892, "setup_model_time_total": 11.249099969863892, "setup_proc_time_mean": 10.3111572265625, "setup_proc_time_total": 10.3111572265625, "train_accuracy": 0.6908861796061198, "train_loss": 0.8691531289699294, "training_time_mean": NaN, "training_time_total": 0.0, "val_accuracy": 0.6598680019378662, "val_loss": 0.9764174560598554, "validation_time_mean": NaN, "validation_time_total": 0.0, "samples": 60000, "num_workers": 3, "done": false, "timesteps_total": null, "episodes_total": null, "training_iteration": 28, "neg_mean_loss": -1.002698691273769, "experiment_id": "de4aada8aa05464fbd6d64c3d293cf79", "date": "2019-06-06_13-34-25", "timestamp": 1559853265, "time_this_iter_s": 26.79532289505005, "time_total_s": 1063.0463349819183, "pid": 28816, "hostname": "steropes", "node_ip": "169.229.49.254", "config": {"starting_lr": 0.001, "momentum": 0.95, "weight_decay": 0.001, "steps_per_iteration": null, "pin": false, "model_creator": null, "target_batch_size": 128, "model_string": "resnet50", "min_batch_size": 128, "dataset": "CIFAR", "placement": null, "use_nccl": true, "devices_per_worker": 1, "primary_resource": "extra_gpu", "gpu": false, "verbose": false, "lr_config": {"mode": "log", "steps": 5, "initial_lr": 0.001, "target_lr": 0.0017320508075688772}, "batch_per_device": 128}, "time_since_restore": 26.79532289505005, "timesteps_since_restore": 0, "iterations_since_restore": 1, "mean_throughput": 2239.18750754194, "atoms": 3, "setup_time": 50.15077590942383}
{"apply": 0.01864967346191406, "batch_time": 0.042704908936112014, "d2h": 0.0006199280420939127, "data_time": 0.003994863451892183, "fwd": 0.031159106890360517, "get_state_time_mean": NaN, "get_state_time_total": 0.0, "grad": 0.0929487148920695, "mean_accuracy": 0.6587268908818562, "mean_loss": 0.9874320369057024, "neg_mean_accuracy": -0.6669665972391764, "set_state_time_mean": NaN, "set_state_time_total": 0.0, "setup_model_time_mean": NaN, "setup_model_time_total": 0.0, "setup_proc_time_mean": NaN, "setup_proc_time_total": 0.0, "train_accuracy": 0.6955861250559489, "train_loss": 0.8560222737710621, "training_time_mean": NaN, "training_time_total": 0.0, "val_accuracy": 0.6669665972391764, "val_loss": 0.9557072079150682, "validation_time_mean": NaN, "validation_time_total": 0.0, "samples": 60000, "num_workers": 3, "done": false, "timesteps_total": null, "episodes_total": null, "training_iteration": 29, "neg_mean_loss": -0.9874320369057024, "experiment_id": "de4aada8aa05464fbd6d64c3d293cf79", "date": "2019-06-06_13-34-46", "timestamp": 1559853286, "time_this_iter_s": 20.593979358673096, "time_total_s": 1083.6403143405914, "pid": 28816, "hostname": "steropes", "node_ip": "169.229.49.254", "config": {"starting_lr": 0.001, "momentum": 0.95, "weight_decay": 0.001, "steps_per_iteration": null, "pin": false, "model_creator": null, "target_batch_size": 128, "model_string": "resnet50", "min_batch_size": 128, "dataset": "CIFAR", "placement": null, "use_nccl": true, "devices_per_worker": 1, "primary_resource": "extra_gpu", "gpu": false, "verbose": false, "lr_config": {"mode": "log", "steps": 5, "initial_lr": 0.001, "target_lr": 0.0017320508075688772}, "batch_per_device": 128}, "time_since_restore": 47.389302253723145, "timesteps_since_restore": 0, "iterations_since_restore": 2, "mean_throughput": 2532.2064938983267, "atoms": 3, "setup_time": 50.15077590942383}
{"apply": 0.018422349294026693, "batch_time": 0.04567682595900547, "d2h": 0.0006719589233398437, "data_time": 0.004103758256247329, "fwd": 0.030960679054260254, "get_state_time_mean": NaN, "get_state_time_total": 0.0, "grad": 0.09253225326538085, "mean_accuracy": 0.6614603042602539, "mean_loss": 0.9830516796304473, "neg_mean_accuracy": -0.6648670037587484, "set_state_time_mean": NaN, "set_state_time_total": 0.0, "setup_model_time_mean": NaN, "setup_model_time_total": 0.0, "setup_proc_time_mean": NaN, "setup_proc_time_total": 0.0, "train_accuracy": 0.6979060967763265, "train_loss": 0.8468088361003948, "training_time_mean": NaN, "training_time_total": 0.0, "val_accuracy": 0.6648670037587484, "val_loss": 0.9808580936896423, "validation_time_mean": NaN, "validation_time_total": 0.0, "samples": 60000, "num_workers": 3, "done": false, "timesteps_total": null, "episodes_total": null, "training_iteration": 30, "neg_mean_loss": -0.9830516796304473, "experiment_id": "de4aada8aa05464fbd6d64c3d293cf79", "date": "2019-06-06_13-35-07", "timestamp": 1559853307, "time_this_iter_s": 21.016834497451782, "time_total_s": 1104.6571488380432, "pid": 28816, "hostname": "steropes", "node_ip": "169.229.49.254", "config": {"starting_lr": 0.001, "momentum": 0.95, "weight_decay": 0.001, "steps_per_iteration": null, "pin": false, "model_creator": null, "target_batch_size": 128, "model_string": "resnet50", "min_batch_size": 128, "dataset": "CIFAR", "placement": null, "use_nccl": true, "devices_per_worker": 1, "primary_resource": "extra_gpu", "gpu": false, "verbose": false, "lr_config": {"mode": "log", "steps": 5, "initial_lr": 0.001, "target_lr": 0.0017320508075688772}, "batch_per_device": 128}, "time_since_restore": 68.40613675117493, "timesteps_since_restore": 0, "iterations_since_restore": 3, "mean_throughput": 2631.3322102106113, "atoms": 3, "setup_time": 50.15077590942383}
{"apply": 0.017801531155904132, "batch_time": 0.05007273179513436, "d2h": 0.0007242282231648763, "data_time": 0.003961302245239569, "fwd": 0.02913029193878174, "get_state_time_mean": NaN, "get_state_time_total": 0.0, "grad": 0.09024624029795329, "mean_accuracy": 0.6616539637247721, "mean_loss": 0.985894392345404, "neg_mean_accuracy": -0.6587682565053304, "set_state_time_mean": NaN, "set_state_time_total": 0.0, "setup_model_time_mean": NaN, "setup_model_time_total": 0.0, "setup_proc_time_mean": NaN, "setup_proc_time_total": 0.0, "train_accuracy": 0.7021458943684896, "train_loss": 0.8346933337898794, "training_time_mean": NaN, "training_time_total": 0.0, "val_accuracy": 0.6587682565053304, "val_loss": 1.0283864069356845, "validation_time_mean": NaN, "validation_time_total": 0.0, "samples": 60000, "num_workers": 3, "done": false, "timesteps_total": null, "episodes_total": null, "training_iteration": 31, "neg_mean_loss": -0.985894392345404, "experiment_id": "de4aada8aa05464fbd6d64c3d293cf79", "date": "2019-06-06_13-35-28", "timestamp": 1559853328, "time_this_iter_s": 21.23426604270935, "time_total_s": 1125.8914148807526, "pid": 28816, "hostname": "steropes", "node_ip": "169.229.49.254", "config": {"starting_lr": 0.001, "momentum": 0.95, "weight_decay": 0.001, "steps_per_iteration": null, "pin": false, "model_creator": null, "target_batch_size": 128, "model_string": "resnet50", "min_batch_size": 128, "dataset": "CIFAR", "placement": null, "use_nccl": true, "devices_per_worker": 1, "primary_resource": "extra_gpu", "gpu": false, "verbose": false, "lr_config": {"mode": "log", "steps": 5, "initial_lr": 0.001, "target_lr": 0.0017320508075688772}, "batch_per_device": 128}, "time_since_restore": 89.64040279388428, "timesteps_since_restore": 0, "iterations_since_restore": 4, "mean_throughput": 2677.353387984556, "atoms": 3, "setup_time": 50.15077590942383}
{"apply": 0.019084803263346356, "batch_time": 0.04738061222029321, "d2h": 0.0006975094477335613, "data_time": 0.003951853468217922, "fwd": 0.030979649225870765, "get_state_time_mean": NaN, "get_state_time_total": 0.0, "grad": 0.0946014404296875, "mean_accuracy": 0.6651069641113281, "mean_loss": 0.9752598080199328, "neg_mean_accuracy": -0.6750649611155192, "set_state_time_mean": NaN, "set_state_time_total": 0.0, "setup_model_time_mean": NaN, "setup_model_time_total": 0.0, "setup_proc_time_mean": NaN, "setup_proc_time_total": 0.0, "train_accuracy": 0.7040659586588541, "train_loss": 0.8348443949344871, "training_time_mean": NaN, "training_time_total": 0.0, "val_accuracy": 0.6750649611155192, "val_loss": 0.9349298754994141, "validation_time_mean": NaN, "validation_time_total": 0.0, "samples": 60000, "num_workers": 3, "done": false, "timesteps_total": null, "episodes_total": null, "training_iteration": 32, "neg_mean_loss": -0.9752598080199328, "experiment_id": "de4aada8aa05464fbd6d64c3d293cf79", "date": "2019-06-06_13-35-49", "timestamp": 1559853349, "time_this_iter_s": 21.064027070999146, "time_total_s": 1146.9554419517517, "pid": 28816, "hostname": "steropes", "node_ip": "169.229.49.254", "config": {"starting_lr": 0.001, "momentum": 0.95, "weight_decay": 0.001, "steps_per_iteration": null, "pin": false, "model_creator": null, "target_batch_size": 128, "model_string": "resnet50", "min_batch_size": 128, "dataset": "CIFAR", "placement": null, "use_nccl": true, "devices_per_worker": 1, "primary_resource": "extra_gpu", "gpu": false, "verbose": false, "lr_config": {"mode": "log", "steps": 5, "initial_lr": 0.001, "target_lr": 0.0017320508075688772}, "batch_per_device": 128}, "time_since_restore": 110.70442986488342, "timesteps_since_restore": 0, "iterations_since_restore": 5, "mean_throughput": 2709.907779209832, "atoms": 3, "setup_time": 50.15077590942383}
{"apply": 0.018980542818705242, "batch_time": 0.044255559827074596, "d2h": 0.0006854852040608724, "data_time": 0.004147700681031205, "fwd": 0.031438716252644855, "get_state_time_mean": NaN, "get_state_time_total": 0.0, "grad": 0.09205869038899739, "mean_accuracy": 0.667046578725179, "mean_loss": 0.9762428047585026, "neg_mean_accuracy": -0.6695660750071207, "set_state_time_mean": NaN, "set_state_time_total": 0.0, "setup_model_time_mean": NaN, "setup_model_time_total": 0.0, "setup_proc_time_mean": NaN, "setup_proc_time_total": 0.0, "train_accuracy": 0.7082858880360922, "train_loss": 0.8182770083879022, "training_time_mean": NaN, "training_time_total": 0.0, "val_accuracy": 0.6695660750071207, "val_loss": 0.9813324397527033, "validation_time_mean": NaN, "validation_time_total": 0.0, "samples": 60000, "num_workers": 3, "done": false, "timesteps_total": null, "episodes_total": null, "training_iteration": 33, "neg_mean_loss": -0.9762428047585026, "experiment_id": "de4aada8aa05464fbd6d64c3d293cf79", "date": "2019-06-06_13-36-10", "timestamp": 1559853370, "time_this_iter_s": 20.930306673049927, "time_total_s": 1167.8857486248016, "pid": 28816, "hostname": "steropes", "node_ip": "169.229.49.254", "config": {"starting_lr": 0.001, "momentum": 0.95, "weight_decay": 0.001, "steps_per_iteration": null, "pin": false, "model_creator": null, "target_batch_size": 128, "model_string": "resnet50", "min_batch_size": 128, "dataset": "CIFAR", "placement": null, "use_nccl": true, "devices_per_worker": 1, "primary_resource": "extra_gpu", "gpu": false, "verbose": false, "lr_config": {"mode": "log", "steps": 5, "initial_lr": 0.001, "target_lr": 0.0017320508075688772}, "batch_per_device": 128}, "time_since_restore": 131.63473653793335, "timesteps_since_restore": 0, "iterations_since_restore": 6, "mean_throughput": 2861.507891668926, "atoms": 3, "setup_time": 50.15077590942383}
{"apply": 0.019897588094075522, "batch_time": 0.043946024812298055, "d2h": 0.0006838162740071615, "data_time": 0.00413273976352682, "fwd": 0.02983982563018799, "get_state_time_mean": NaN, "get_state_time_total": 0.0, "grad": 0.09105300903320312, "mean_accuracy": 0.6684262911478679, "mean_loss": 0.971181857945847, "neg_mean_accuracy": -0.6738651593526205, "set_state_time_mean": NaN, "set_state_time_total": 0.0, "setup_model_time_mean": NaN, "setup_model_time_total": 0.0, "setup_proc_time_mean": NaN, "setup_proc_time_total": 0.0, "train_accuracy": 0.713505744934082, "train_loss": 0.8068392832703201, "training_time_mean": NaN, "training_time_total": 0.0, "val_accuracy": 0.6738651593526205, "val_loss": 0.9304024738517911, "validation_time_mean": NaN, "validation_time_total": 0.0, "samples": 60000, "num_workers": 3, "done": false, "timesteps_total": null, "episodes_total": null, "training_iteration": 34, "neg_mean_loss": -0.971181857945847, "experiment_id": "de4aada8aa05464fbd6d64c3d293cf79", "date": "2019-06-06_13-36-31", "timestamp": 1559853391, "time_this_iter_s": 20.96238422393799, "time_total_s": 1188.8481328487396, "pid": 28816, "hostname": "steropes", "node_ip": "169.229.49.254", "config": {"starting_lr": 0.001, "momentum": 0.95, "weight_decay": 0.001, "steps_per_iteration": null, "pin": false, "model_creator": null, "target_batch_size": 128, "model_string": "resnet50", "min_batch_size": 128, "dataset": "CIFAR", "placement": null, "use_nccl": true, "devices_per_worker": 1, "primary_resource": "extra_gpu", "gpu": false, "verbose": false, "lr_config": {"mode": "log", "steps": 5, "initial_lr": 0.001, "target_lr": 0.0017320508075688772}, "batch_per_device": 128}, "time_since_restore": 152.59712076187134, "timesteps_since_restore": 0, "iterations_since_restore": 7, "mean_throughput": 2851.4878711365573, "atoms": 3, "setup_time": 50.15077590942383}
{"apply": 0.02042227586110433, "batch_time": 0.049436033507924027, "d2h": 0.0007115681966145832, "data_time": 0.004040651952340706, "fwd": 0.03334016799926758, "get_state_time_mean": NaN, "get_state_time_total": 0.0, "grad": 0.0944164752960205, "mean_accuracy": 0.6725454648335775, "mean_loss": 0.9589190356256104, "neg_mean_accuracy": -0.6854628721872965, "set_state_time_mean": NaN, "set_state_time_total": 0.0, "setup_model_time_mean": NaN, "setup_model_time_total": 0.0, "setup_proc_time_mean": NaN, "setup_proc_time_total": 0.0, "train_accuracy": 0.7198855876922607, "train_loss": 0.7880275366923845, "training_time_mean": NaN, "training_time_total": 0.0, "val_accuracy": 0.6854628721872965, "val_loss": 0.9195439820884586, "validation_time_mean": NaN, "validation_time_total": 0.0, "samples": 60000, "num_workers": 3, "done": false, "timesteps_total": null, "episodes_total": null, "training_iteration": 35, "neg_mean_loss": -0.9589190356256104, "experiment_id": "de4aada8aa05464fbd6d64c3d293cf79", "date": "2019-06-06_13-36-52", "timestamp": 1559853412, "time_this_iter_s": 21.519068241119385, "time_total_s": 1210.367201089859, "pid": 28816, "hostname": "steropes", "node_ip": "169.229.49.254", "config": {"starting_lr": 0.001, "momentum": 0.95, "weight_decay": 0.001, "steps_per_iteration": null, "pin": false, "model_creator": null, "target_batch_size": 128, "model_string": "resnet50", "min_batch_size": 128, "dataset": "CIFAR", "placement": null, "use_nccl": true, "devices_per_worker": 1, "primary_resource": "extra_gpu", "gpu": false, "verbose": false, "lr_config": {"mode": "log", "steps": 5, "initial_lr": 0.001, "target_lr": 0.0017320508075688772}, "batch_per_device": 128}, "time_since_restore": 174.11618900299072, "timesteps_since_restore": 0, "iterations_since_restore": 8, "mean_throughput": 2837.9384105906406, "atoms": 3, "setup_time": 50.15077590942383}
{"apply": 0.019767101605733237, "batch_time": 0.047059597792448817, "d2h": 0.0006858746210734049, "data_time": 0.004203098117546877, "fwd": 0.031910435358683265, "get_state_time_mean": NaN, "get_state_time_total": 0.0, "grad": 0.09179187615712482, "mean_accuracy": 0.6785042603810628, "mean_loss": 0.9339518304086643, "neg_mean_accuracy": -0.6885622342427572, "set_state_time_mean": NaN, "set_state_time_total": 0.0, "setup_model_time_mean": NaN, "setup_model_time_total": 0.0, "setup_proc_time_mean": NaN, "setup_proc_time_total": 0.0, "train_accuracy": 0.7195855776468912, "train_loss": 0.7901285141280302, "training_time_mean": NaN, "training_time_total": 0.0, "val_accuracy": 0.6885622342427572, "val_loss": 0.9035503808509538, "validation_time_mean": NaN, "validation_time_total": 0.0, "samples": 60000, "num_workers": 3, "done": false, "timesteps_total": null, "episodes_total": null, "training_iteration": 36, "neg_mean_loss": -0.9339518304086643, "experiment_id": "de4aada8aa05464fbd6d64c3d293cf79", "date": "2019-06-06_13-37-13", "timestamp": 1559853433, "time_this_iter_s": 21.206842184066772, "time_total_s": 1231.5740432739258, "pid": 28816, "hostname": "steropes", "node_ip": "169.229.49.254", "config": {"starting_lr": 0.001, "momentum": 0.95, "weight_decay": 0.001, "steps_per_iteration": null, "pin": false, "model_creator": null, "target_batch_size": 128, "model_string": "resnet50", "min_batch_size": 128, "dataset": "CIFAR", "placement": null, "use_nccl": true, "devices_per_worker": 1, "primary_resource": "extra_gpu", "gpu": false, "verbose": false, "lr_config": {"mode": "log", "steps": 5, "initial_lr": 0.001, "target_lr": 0.0017320508075688772}, "batch_per_device": 128}, "time_since_restore": 195.3230311870575, "timesteps_since_restore": 0, "iterations_since_restore": 9, "mean_throughput": 2838.674779944541, "atoms": 3, "setup_time": 50.15077590942383}
{"apply": 0.019389645258585612, "batch_time": 0.04626474851443444, "d2h": 0.0006679852803548178, "data_time": 0.003925193053772127, "fwd": 0.029922095934549964, "get_state_time_mean": NaN, "get_state_time_total": 0.0, "grad": 0.09435408115386963, "mean_accuracy": 0.6813636779785156, "mean_loss": 0.9279870108517855, "neg_mean_accuracy": -0.6893620491027832, "set_state_time_mean": NaN, "set_state_time_total": 0.0, "setup_model_time_mean": NaN, "setup_model_time_total": 0.0, "setup_proc_time_mean": NaN, "setup_proc_time_total": 0.0, "train_accuracy": 0.722705602645874, "train_loss": 0.7791405058866006, "training_time_mean": NaN, "training_time_total": 0.0, "val_accuracy": 0.6893620491027832, "val_loss": 0.9051057777150205, "validation_time_mean": NaN, "validation_time_total": 0.0, "samples": 60000, "num_workers": 3, "done": false, "timesteps_total": null, "episodes_total": null, "training_iteration": 37, "neg_mean_loss": -0.9279870108517855, "experiment_id": "de4aada8aa05464fbd6d64c3d293cf79", "date": "2019-06-06_13-37-35", "timestamp": 1559853455, "time_this_iter_s": 21.178730487823486, "time_total_s": 1252.7527737617493, "pid": 28816, "hostname": "steropes", "node_ip": "169.229.49.254", "config": {"starting_lr": 0.001, "momentum": 0.95, "weight_decay": 0.001, "steps_per_iteration": null, "pin": false, "model_creator": null, "target_batch_size": 128, "model_string": "resnet50", "min_batch_size": 128, "dataset": "CIFAR", "placement": null, "use_nccl": true, "devices_per_worker": 1, "primary_resource": "extra_gpu", "gpu": false, "verbose": false, "lr_config": {"mode": "log", "steps": 5, "initial_lr": 0.001, "target_lr": 0.0017320508075688772}, "batch_per_device": 128}, "time_since_restore": 216.50176167488098, "timesteps_since_restore": 0, "iterations_since_restore": 10, "mean_throughput": 2835.5971835461046, "atoms": 3, "setup_time": 50.15077590942383}
{"apply": 0.01922502517700195, "batch_time": 0.044365765135965234, "d2h": 0.0006754318873087566, "data_time": 0.004127878572497963, "fwd": 0.031643033027648926, "get_state_time_mean": NaN, "get_state_time_total": 0.0, "grad": 0.09116043249766033, "mean_accuracy": 0.6838831742604574, "mean_loss": 0.9181243072686447, "neg_mean_accuracy": -0.6821635564168295, "set_state_time_mean": NaN, "set_state_time_total": 0.0, "setup_model_time_mean": NaN, "setup_model_time_total": 0.0, "setup_proc_time_mean": NaN, "setup_proc_time_total": 0.0, "train_accuracy": 0.7293254534403483, "train_loss": 0.761479668592358, "training_time_mean": NaN, "training_time_total": 0.0, "val_accuracy": 0.6821635564168295, "val_loss": 0.9320189218369991, "validation_time_mean": NaN, "validation_time_total": 0.0, "samples": 60000, "num_workers": 3, "done": false, "timesteps_total": null, "episodes_total": null, "training_iteration": 38, "neg_mean_loss": -0.9181243072686447, "experiment_id": "de4aada8aa05464fbd6d64c3d293cf79", "date": "2019-06-06_13-37-56", "timestamp": 1559853476, "time_this_iter_s": 21.133758544921875, "time_total_s": 1273.8865323066711, "pid": 28816, "hostname": "steropes", "node_ip": "169.229.49.254", "config": {"starting_lr": 0.001, "momentum": 0.95, "weight_decay": 0.001, "steps_per_iteration": null, "pin": false, "model_creator": null, "target_batch_size": 128, "model_string": "resnet50", "min_batch_size": 128, "dataset": "CIFAR", "placement": null, "use_nccl": true, "devices_per_worker": 1, "primary_resource": "extra_gpu", "gpu": false, "verbose": false, "lr_config": {"mode": "log", "steps": 5, "initial_lr": 0.001, "target_lr": 0.0017320508075688772}, "batch_per_device": 128}, "time_since_restore": 237.63552021980286, "timesteps_since_restore": 0, "iterations_since_restore": 11, "mean_throughput": 2830.1540945449065, "atoms": 3, "setup_time": 50.15077590942383}
{"apply": 0.01906147797902425, "batch_time": 0.04879240636472349, "d2h": 0.0006812731424967448, "data_time": 0.004208721884031028, "fwd": 0.029596932729085285, "get_state_time_mean": NaN, "get_state_time_total": 0.0, "grad": 0.0920197566350301, "mean_accuracy": 0.6878423849741618, "mean_loss": 0.9120087779693378, "neg_mean_accuracy": -0.6936612129211426, "set_state_time_mean": NaN, "set_state_time_total": 0.0, "setup_model_time_mean": NaN, "setup_model_time_total": 0.0, "setup_proc_time_mean": NaN, "setup_proc_time_total": 0.0, "train_accuracy": 0.7296854654947916, "train_loss": 0.7507304035977853, "training_time_mean": NaN, "training_time_total": 0.0, "val_accuracy": 0.6936612129211426, "val_loss": 0.8998248273552573, "validation_time_mean": NaN, "validation_time_total": 0.0, "samples": 60000, "num_workers": 3, "done": false, "timesteps_total": null, "episodes_total": null, "training_iteration": 39, "neg_mean_loss": -0.9120087779693378, "experiment_id": "de4aada8aa05464fbd6d64c3d293cf79", "date": "2019-06-06_13-38-17", "timestamp": 1559853497, "time_this_iter_s": 21.082810401916504, "time_total_s": 1294.9693427085876, "pid": 28816, "hostname": "steropes", "node_ip": "169.229.49.254", "config": {"starting_lr": 0.001, "momentum": 0.95, "weight_decay": 0.001, "steps_per_iteration": null, "pin": false, "model_creator": null, "target_batch_size": 128, "model_string": "resnet50", "min_batch_size": 128, "dataset": "CIFAR", "placement": null, "use_nccl": true, "devices_per_worker": 1, "primary_resource": "extra_gpu", "gpu": false, "verbose": false, "lr_config": {"mode": "log", "steps": 5, "initial_lr": 0.001, "target_lr": 0.0017320508075688772}, "batch_per_device": 128}, "time_since_restore": 258.71833062171936, "timesteps_since_restore": 0, "iterations_since_restore": 12, "mean_throughput": 2826.9424747759053, "atoms": 3, "setup_time": 50.15077590942383}
{"apply": 0.020121153195699057, "batch_time": 0.04517345075254087, "d2h": 0.0006775458653767904, "data_time": 0.0041825510466675115, "fwd": 0.030274391174316406, "get_state_time_mean": NaN, "get_state_time_total": 0.0, "grad": 0.09063061873118083, "mean_accuracy": 0.6885022481282552, "mean_loss": 0.9089873643868736, "neg_mean_accuracy": -0.6887621879577637, "set_state_time_mean": NaN, "set_state_time_total": 0.0, "setup_model_time_mean": NaN, "setup_model_time_total": 0.0, "setup_proc_time_mean": NaN, "setup_proc_time_total": 0.0, "train_accuracy": 0.7348252932230631, "train_loss": 0.7447697728117123, "training_time_mean": NaN, "training_time_total": 0.0, "val_accuracy": 0.6887621879577637, "val_loss": 0.9044369141761361, "validation_time_mean": NaN, "validation_time_total": 0.0, "samples": 60000, "num_workers": 3, "done": false, "timesteps_total": null, "episodes_total": null, "training_iteration": 40, "neg_mean_loss": -0.9089873643868736, "experiment_id": "de4aada8aa05464fbd6d64c3d293cf79", "date": "2019-06-06_13-38-38", "timestamp": 1559853518, "time_this_iter_s": 21.07343602180481, "time_total_s": 1316.0427787303925, "pid": 28816, "hostname": "steropes", "node_ip": "169.229.49.254", "config": {"starting_lr": 0.001, "momentum": 0.95, "weight_decay": 0.001, "steps_per_iteration": null, "pin": false, "model_creator": null, "target_batch_size": 128, "model_string": "resnet50", "min_batch_size": 128, "dataset": "CIFAR", "placement": null, "use_nccl": true, "devices_per_worker": 1, "primary_resource": "extra_gpu", "gpu": false, "verbose": false, "lr_config": {"mode": "log", "steps": 5, "initial_lr": 0.001, "target_lr": 0.0017320508075688772}, "batch_per_device": 128}, "time_since_restore": 279.79176664352417, "timesteps_since_restore": 0, "iterations_since_restore": 13, "mean_throughput": 2838.865311203948, "atoms": 3, "setup_time": 50.15077590942383}
{"apply": 0.01989295482635498, "batch_time": 0.044882733144877875, "d2h": 0.0006531556447347005, "data_time": 0.004365184531563717, "fwd": 0.02978479067484538, "get_state_time_mean": NaN, "get_state_time_total": 0.0, "grad": 0.08997906843821207, "mean_accuracy": 0.6920815308888754, "mean_loss": 0.9011433842312787, "neg_mean_accuracy": -0.7064586480458578, "set_state_time_mean": NaN, "set_state_time_total": 0.0, "setup_model_time_mean": NaN, "setup_model_time_total": 0.0, "setup_proc_time_mean": NaN, "setup_proc_time_total": 0.0, "train_accuracy": 0.7392052014668783, "train_loss": 0.7316458742810865, "training_time_mean": NaN, "training_time_total": 0.0, "val_accuracy": 0.7064586480458578, "val_loss": 0.8643304800729803, "validation_time_mean": NaN, "validation_time_total": 0.0, "samples": 60000, "num_workers": 3, "done": false, "timesteps_total": null, "episodes_total": null, "training_iteration": 41, "neg_mean_loss": -0.9011433842312787, "experiment_id": "de4aada8aa05464fbd6d64c3d293cf79", "date": "2019-06-06_13-38-59", "timestamp": 1559853539, "time_this_iter_s": 21.236679553985596, "time_total_s": 1337.279458284378, "pid": 28816, "hostname": "steropes", "node_ip": "169.229.49.254", "config": {"starting_lr": 0.001, "momentum": 0.95, "weight_decay": 0.001, "steps_per_iteration": null, "pin": false, "model_creator": null, "target_batch_size": 128, "model_string": "resnet50", "min_batch_size": 128, "dataset": "CIFAR", "placement": null, "use_nccl": true, "devices_per_worker": 1, "primary_resource": "extra_gpu", "gpu": false, "verbose": false, "lr_config": {"mode": "log", "steps": 5, "initial_lr": 0.001, "target_lr": 0.0017320508075688772}, "batch_per_device": 128}, "time_since_restore": 301.02844619750977, "timesteps_since_restore": 0, "iterations_since_restore": 14, "mean_throughput": 2838.0639522927654, "atoms": 3, "setup_time": 50.15077590942383}
{"apply": 0.020398259162902832, "batch_time": 0.0425468697959994, "d2h": 0.0006605068842569987, "data_time": 0.003943937122063479, "fwd": 0.030754613876342773, "get_state_time_mean": NaN, "get_state_time_total": 0.0, "grad": 0.09383054574330647, "mean_accuracy": 0.6924614747365316, "mean_loss": 0.8992872122608884, "neg_mean_accuracy": -0.6912617683410645, "set_state_time_mean": NaN, "set_state_time_total": 0.0, "setup_model_time_mean": NaN, "setup_model_time_total": 0.0, "setup_proc_time_mean": NaN, "setup_proc_time_total": 0.0, "train_accuracy": 0.7448650995890299, "train_loss": 0.7169705722348022, "training_time_mean": NaN, "training_time_total": 0.0, "val_accuracy": 0.6912617683410645, "val_loss": 0.895824917863069, "validation_time_mean": NaN, "validation_time_total": 0.0, "samples": 60000, "num_workers": 3, "done": false, "timesteps_total": null, "episodes_total": null, "training_iteration": 42, "neg_mean_loss": -0.8992872122608884, "experiment_id": "de4aada8aa05464fbd6d64c3d293cf79", "date": "2019-06-06_13-39-20", "timestamp": 1559853560, "time_this_iter_s": 20.92784357070923, "time_total_s": 1358.2073018550873, "pid": 28816, "hostname": "steropes", "node_ip": "169.229.49.254", "config": {"starting_lr": 0.001, "momentum": 0.95, "weight_decay": 0.001, "steps_per_iteration": null, "pin": false, "model_creator": null, "target_batch_size": 128, "model_string": "resnet50", "min_batch_size": 128, "dataset": "CIFAR", "placement": null, "use_nccl": true, "devices_per_worker": 1, "primary_resource": "extra_gpu", "gpu": false, "verbose": false, "lr_config": {"mode": "log", "steps": 5, "initial_lr": 0.001, "target_lr": 0.0017320508075688772}, "batch_per_device": 128}, "time_since_restore": 321.956289768219, "timesteps_since_restore": 0, "iterations_since_restore": 15, "mean_throughput": 2844.81607220952, "atoms": 3, "setup_time": 50.15077590942383}
{"apply": 0.018371756871541342, "batch_time": 0.04384648358380353, "d2h": 0.0006648778915405274, "data_time": 0.0040344821891105205, "fwd": 0.028960514068603515, "get_state_time_mean": NaN, "get_state_time_total": 0.0, "grad": 0.09140491485595703, "mean_accuracy": 0.6970205624898276, "mean_loss": 0.8888267213667518, "neg_mean_accuracy": -0.704958995183309, "set_state_time_mean": NaN, "set_state_time_total": 0.0, "setup_model_time_mean": NaN, "setup_model_time_total": 0.0, "setup_proc_time_mean": NaN, "setup_proc_time_total": 0.0, "train_accuracy": 0.7435851891835531, "train_loss": 0.7188232859497855, "training_time_mean": NaN, "training_time_total": 0.0, "val_accuracy": 0.704958995183309, "val_loss": 0.8797164673663168, "validation_time_mean": NaN, "validation_time_total": 0.0, "samples": 60000, "num_workers": 3, "done": false, "timesteps_total": null, "episodes_total": null, "training_iteration": 43, "neg_mean_loss": -0.8888267213667518, "experiment_id": "de4aada8aa05464fbd6d64c3d293cf79", "date": "2019-06-06_13-39-41", "timestamp": 1559853581, "time_this_iter_s": 20.885649919509888, "time_total_s": 1379.0929517745972, "pid": 28816, "hostname": "steropes", "node_ip": "169.229.49.254", "config": {"starting_lr": 0.001, "momentum": 0.95, "weight_decay": 0.001, "steps_per_iteration": null, "pin": false, "model_creator": null, "target_batch_size": 128, "model_string": "resnet50", "min_batch_size": 128, "dataset": "CIFAR", "placement": null, "use_nccl": true, "devices_per_worker": 1, "primary_resource": "extra_gpu", "gpu": false, "verbose": false, "lr_config": {"mode": "log", "steps": 5, "initial_lr": 0.001, "target_lr": 0.0017320508075688772}, "batch_per_device": 128}, "time_since_restore": 342.8419396877289, "timesteps_since_restore": 0, "iterations_since_restore": 16, "mean_throughput": 2851.5237869668267, "atoms": 3, "setup_time": 50.15077590942383}
{"apply": 0.018256990114847823, "batch_time": 0.04367853682718159, "d2h": 0.0007840077082316081, "data_time": 0.004025418643126354, "fwd": 0.029938038190205893, "get_state_time_mean": NaN, "get_state_time_total": 0.0, "grad": 0.09481709003448487, "mean_accuracy": 0.6981803417205812, "mean_loss": 0.8842253245203239, "neg_mean_accuracy": -0.6994601090749105, "set_state_time_mean": NaN, "set_state_time_total": 0.0, "setup_model_time_mean": NaN, "setup_model_time_total": 0.0, "setup_proc_time_mean": NaN, "setup_proc_time_total": 0.0, "train_accuracy": 0.7489050229390463, "train_loss": 0.7053555201602953, "training_time_mean": NaN, "training_time_total": 0.0, "val_accuracy": 0.6994601090749105, "val_loss": 0.8768178431231174, "validation_time_mean": NaN, "validation_time_total": 0.0, "samples": 60000, "num_workers": 3, "done": false, "timesteps_total": null, "episodes_total": null, "training_iteration": 44, "neg_mean_loss": -0.8842253245203239, "experiment_id": "de4aada8aa05464fbd6d64c3d293cf79", "date": "2019-06-06_13-40-02", "timestamp": 1559853602, "time_this_iter_s": 20.800309658050537, "time_total_s": 1399.8932614326477, "pid": 28816, "hostname": "steropes", "node_ip": "169.229.49.254", "config": {"starting_lr": 0.001, "momentum": 0.95, "weight_decay": 0.001, "steps_per_iteration": null, "pin": false, "model_creator": null, "target_batch_size": 128, "model_string": "resnet50", "min_batch_size": 128, "dataset": "CIFAR", "placement": null, "use_nccl": true, "devices_per_worker": 1, "primary_resource": "extra_gpu", "gpu": false, "verbose": false, "lr_config": {"mode": "log", "steps": 5, "initial_lr": 0.001, "target_lr": 0.0017320508075688772}, "batch_per_device": 128}, "time_since_restore": 363.6422493457794, "timesteps_since_restore": 0, "iterations_since_restore": 17, "mean_throughput": 2859.2013627808396, "atoms": 3, "setup_time": 50.15077590942383}
{"apply": 0.019765623410542808, "batch_time": 0.047727623103577414, "d2h": 0.0007142066955566406, "data_time": 0.0038989930965821554, "fwd": 0.03147401014963786, "get_state_time_mean": NaN, "get_state_time_total": 0.0, "grad": 0.09367395242055258, "mean_accuracy": 0.7007598400115967, "mean_loss": 0.8833282945800176, "neg_mean_accuracy": -0.7016596794128418, "set_state_time_mean": NaN, "set_state_time_total": 0.0, "setup_model_time_mean": NaN, "setup_model_time_total": 0.0, "setup_proc_time_mean": NaN, "setup_proc_time_total": 0.0, "train_accuracy": 0.7554248968760172, "train_loss": 0.6885560356553336, "training_time_mean": NaN, "training_time_total": 0.0, "val_accuracy": 0.7016596794128418, "val_loss": 0.8999517644746046, "validation_time_mean": NaN, "validation_time_total": 0.0, "samples": 60000, "num_workers": 3, "done": false, "timesteps_total": null, "episodes_total": null, "training_iteration": 45, "neg_mean_loss": -0.8833282945800176, "experiment_id": "de4aada8aa05464fbd6d64c3d293cf79", "date": "2019-06-06_13-40-23", "timestamp": 1559853623, "time_this_iter_s": 21.126707077026367, "time_total_s": 1421.019968509674, "pid": 28816, "hostname": "steropes", "node_ip": "169.229.49.254", "config": {"starting_lr": 0.001, "momentum": 0.95, "weight_decay": 0.001, "steps_per_iteration": null, "pin": false, "model_creator": null, "target_batch_size": 128, "model_string": "resnet50", "min_batch_size": 128, "dataset": "CIFAR", "placement": null, "use_nccl": true, "devices_per_worker": 1, "primary_resource": "extra_gpu", "gpu": false, "verbose": false, "lr_config": {"mode": "log", "steps": 5, "initial_lr": 0.001, "target_lr": 0.0017320508075688772}, "batch_per_device": 128}, "time_since_restore": 384.7689564228058, "timesteps_since_restore": 0, "iterations_since_restore": 18, "mean_throughput": 2857.7507170181443, "atoms": 3, "setup_time": 50.15077590942383}
{"apply": 0.019081672032674152, "batch_time": 0.046049238723001366, "d2h": 0.0006539185841878256, "data_time": 0.004034778847342532, "fwd": 0.029856952031453454, "get_state_time_mean": NaN, "get_state_time_total": 0.0, "grad": 0.0909535566965739, "mean_accuracy": 0.7014397144317628, "mean_loss": 0.8828006004910545, "neg_mean_accuracy": -0.7098580201466879, "set_state_time_mean": NaN, "set_state_time_total": 0.0, "setup_model_time_mean": NaN, "setup_model_time_total": 0.0, "setup_proc_time_mean": NaN, "setup_proc_time_total": 0.0, "train_accuracy": 0.7550849119822184, "train_loss": 0.6844499087453363, "training_time_mean": NaN, "training_time_total": 0.0, "val_accuracy": 0.7098580201466879, "val_loss": 0.8616920096281646, "validation_time_mean": NaN, "validation_time_total": 0.0, "samples": 60000, "num_workers": 3, "done": false, "timesteps_total": null, "episodes_total": null, "training_iteration": 46, "neg_mean_loss": -0.8828006004910545, "experiment_id": "de4aada8aa05464fbd6d64c3d293cf79", "date": "2019-06-06_13-40-44", "timestamp": 1559853644, "time_this_iter_s": 20.94450831413269, "time_total_s": 1441.9644768238068, "pid": 28816, "hostname": "steropes", "node_ip": "169.229.49.254", "config": {"starting_lr": 0.001, "momentum": 0.95, "weight_decay": 0.001, "steps_per_iteration": null, "pin": false, "model_creator": null, "target_batch_size": 128, "model_string": "resnet50", "min_batch_size": 128, "dataset": "CIFAR", "placement": null, "use_nccl": true, "devices_per_worker": 1, "primary_resource": "extra_gpu", "gpu": false, "verbose": false, "lr_config": {"mode": "log", "steps": 5, "initial_lr": 0.001, "target_lr": 0.0017320508075688772}, "batch_per_device": 128}, "time_since_restore": 405.7134647369385, "timesteps_since_restore": 0, "iterations_since_restore": 19, "mean_throughput": 2865.7265491940134, "atoms": 3, "setup_time": 50.15077590942383}
{"apply": 0.01885368824005127, "batch_time": 0.044154979564525465, "d2h": 0.0007110039393107096, "data_time": 0.004003585446578552, "fwd": 0.030265267690022787, "get_state_time_mean": NaN, "get_state_time_total": 0.0, "grad": 0.09344905217488608, "mean_accuracy": 0.7059987862904867, "mean_loss": 0.8750834954211626, "neg_mean_accuracy": -0.7140571276346842, "set_state_time_mean": NaN, "set_state_time_total": 0.0, "setup_model_time_mean": NaN, "setup_model_time_total": 0.0, "setup_proc_time_mean": NaN, "setup_proc_time_total": 0.0, "train_accuracy": 0.7610448201497396, "train_loss": 0.6704395575532055, "training_time_mean": NaN, "training_time_total": 0.0, "val_accuracy": 0.7140571276346842, "val_loss": 0.8572393925136099, "validation_time_mean": NaN, "validation_time_total": 0.0, "samples": 60000, "num_workers": 3, "done": false, "timesteps_total": null, "episodes_total": null, "training_iteration": 47, "neg_mean_loss": -0.8750834954211626, "experiment_id": "de4aada8aa05464fbd6d64c3d293cf79", "date": "2019-06-06_13-41-05", "timestamp": 1559853665, "time_this_iter_s": 21.025732278823853, "time_total_s": 1462.9902091026306, "pid": 28816, "hostname": "steropes", "node_ip": "169.229.49.254", "config": {"starting_lr": 0.001, "momentum": 0.95, "weight_decay": 0.001, "steps_per_iteration": null, "pin": false, "model_creator": null, "target_batch_size": 128, "model_string": "resnet50", "min_batch_size": 128, "dataset": "CIFAR", "placement": null, "use_nccl": true, "devices_per_worker": 1, "primary_resource": "extra_gpu", "gpu": false, "verbose": false, "lr_config": {"mode": "log", "steps": 5, "initial_lr": 0.001, "target_lr": 0.0017320508075688772}, "batch_per_device": 128}, "time_since_restore": 426.73919701576233, "timesteps_since_restore": 0, "iterations_since_restore": 20, "mean_throughput": 2863.049333372196, "atoms": 3, "setup_time": 50.15077590942383}
{"apply": 0.01942547957102458, "batch_time": 0.04435755588390209, "d2h": 0.0007483800252278647, "data_time": 0.003950501216276912, "fwd": 0.030251542727152508, "get_state_time_mean": NaN, "get_state_time_total": 0.0, "grad": 0.09194533030192058, "mean_accuracy": 0.7064187049865722, "mean_loss": 0.8759234722150229, "neg_mean_accuracy": -0.7070585886637369, "set_state_time_mean": NaN, "set_state_time_total": 0.0, "setup_model_time_mean": NaN, "setup_model_time_total": 0.0, "setup_proc_time_mean": NaN, "setup_proc_time_total": 0.0, "train_accuracy": 0.7647847334543864, "train_loss": 0.6587517534703512, "training_time_mean": NaN, "training_time_total": 0.0, "val_accuracy": 0.7070585886637369, "val_loss": 0.8839163513356173, "validation_time_mean": NaN, "validation_time_total": 0.0, "samples": 60000, "num_workers": 3, "done": true, "timesteps_total": null, "episodes_total": null, "training_iteration": 48, "neg_mean_loss": -0.8759234722150229, "experiment_id": "de4aada8aa05464fbd6d64c3d293cf79", "date": "2019-06-06_13-41-26", "timestamp": 1559853686, "time_this_iter_s": 20.846158981323242, "time_total_s": 1483.8363680839539, "pid": 28816, "hostname": "steropes", "node_ip": "169.229.49.254", "config": {"starting_lr": 0.001, "momentum": 0.95, "weight_decay": 0.001, "steps_per_iteration": null, "pin": false, "model_creator": null, "target_batch_size": 128, "model_string": "resnet50", "min_batch_size": 128, "dataset": "CIFAR", "placement": null, "use_nccl": true, "devices_per_worker": 1, "primary_resource": "extra_gpu", "gpu": false, "verbose": false, "lr_config": {"mode": "log", "steps": 5, "initial_lr": 0.001, "target_lr": 0.0017320508075688772}, "batch_per_device": 128}, "time_since_restore": 447.58535599708557, "timesteps_since_restore": 0, "iterations_since_restore": 21, "mean_throughput": 2864.130648609945, "atoms": 3, "setup_time": 50.15077590942383}
