{"apply": 0.020683813095092773, "batch_time": 0.048172531248647954, "d2h": 0.0007517576217651367, "data_time": 0.0019263940698960248, "fwd": 0.12232384681701661, "get_state_time_mean": NaN, "get_state_time_total": 0.0, "grad": 0.24257168769836426, "mean_accuracy": 0.09999999403953552, "mean_loss": 2.3950603652954103, "neg_mean_accuracy": -0.09999999403953552, "set_state_time_mean": NaN, "set_state_time_total": 0.0, "setup_model_time_mean": 11.116162300109863, "setup_model_time_total": 11.116162300109863, "setup_proc_time_mean": 1.8933568000793457, "setup_proc_time_total": 1.8933568000793457, "train_accuracy": 0.10435999929904938, "train_loss": 8.862447447509766, "training_time_mean": NaN, "training_time_total": 0.0, "val_accuracy": 0.09999999403953552, "val_loss": 2.3950603652954103, "validation_time_mean": NaN, "validation_time_total": 0.0, "samples": 60000, "num_workers": 1, "done": false, "timesteps_total": null, "episodes_total": null, "training_iteration": 1, "neg_mean_loss": -2.3950603652954103, "experiment_id": "822b7d3f6316497fb3784aafa447be42", "date": "2019-06-06_14-17-19", "timestamp": 1559855839, "time_this_iter_s": 48.165223836898804, "time_total_s": 48.165223836898804, "pid": 30561, "hostname": "steropes", "node_ip": "169.229.49.254", "config": {"starting_lr": 1.0, "momentum": 0.9, "weight_decay": 0.001, "steps_per_iteration": null, "pin": false, "model_creator": null, "target_batch_size": 128, "model_string": "resnet50", "min_batch_size": 128, "dataset": "CIFAR", "placement": null, "use_nccl": true, "devices_per_worker": 1, "primary_resource": "extra_gpu", "gpu": false, "verbose": false, "lr_config": {"mode": "log", "steps": 5, "initial_lr": 1.0, "target_lr": 1.0}, "batch_per_device": 128}, "time_since_restore": 48.165223836898804, "timesteps_since_restore": 0, "iterations_since_restore": 1, "mean_throughput": 1245.7099961798322, "atoms": 1, "setup_time": 13.108696222305298}
{"apply": 0.018695878982543945, "batch_time": 0.03265232979496823, "d2h": 0.0007777214050292969, "data_time": 0.0018253039825907754, "fwd": 0.02828807830810547, "get_state_time_mean": NaN, "get_state_time_total": 0.0, "grad": 0.048148155212402344, "mean_accuracy": 0.10899999737739563, "mean_loss": 2.6726308692932133, "neg_mean_accuracy": -0.11800000071525574, "set_state_time_mean": NaN, "set_state_time_total": 0.0, "setup_model_time_mean": NaN, "setup_model_time_total": 0.0, "setup_proc_time_mean": NaN, "setup_proc_time_total": 0.0, "train_accuracy": 0.15907999873161316, "train_loss": 2.2657737069702146, "training_time_mean": NaN, "training_time_total": 0.0, "val_accuracy": 0.11800000071525574, "val_loss": 2.9502013732910157, "validation_time_mean": NaN, "validation_time_total": 0.0, "samples": 60000, "num_workers": 1, "done": false, "timesteps_total": null, "episodes_total": null, "training_iteration": 2, "neg_mean_loss": -2.6726308692932133, "experiment_id": "822b7d3f6316497fb3784aafa447be42", "date": "2019-06-06_14-18-00", "timestamp": 1559855880, "time_this_iter_s": 41.55828928947449, "time_total_s": 89.72351312637329, "pid": 30561, "hostname": "steropes", "node_ip": "169.229.49.254", "config": {"starting_lr": 1.0, "momentum": 0.9, "weight_decay": 0.001, "steps_per_iteration": null, "pin": false, "model_creator": null, "target_batch_size": 128, "model_string": "resnet50", "min_batch_size": 128, "dataset": "CIFAR", "placement": null, "use_nccl": true, "devices_per_worker": 1, "primary_resource": "extra_gpu", "gpu": false, "verbose": false, "lr_config": {"mode": "log", "steps": 5, "initial_lr": 1.0, "target_lr": 1.0}, "batch_per_device": 128}, "time_since_restore": 89.72351312637329, "timesteps_since_restore": 0, "iterations_since_restore": 2, "mean_throughput": 1337.438229908159, "atoms": 1, "setup_time": 13.108696222305298}
{"apply": 0.018671154975891113, "batch_time": 0.03293360939508752, "d2h": 0.0007838964462280274, "data_time": 0.0018264064398567999, "fwd": 0.028379249572753906, "get_state_time_mean": NaN, "get_state_time_total": 0.0, "grad": 0.049384140968322755, "mean_accuracy": 0.10599999626477559, "mean_loss": 2.5799109896341963, "neg_mean_accuracy": -0.09999999403953552, "set_state_time_mean": NaN, "set_state_time_total": 0.0, "setup_model_time_mean": NaN, "setup_model_time_total": 0.0, "setup_proc_time_mean": NaN, "setup_proc_time_total": 0.0, "train_accuracy": 0.17047999799251556, "train_loss": 2.264924172744751, "training_time_mean": NaN, "training_time_total": 0.0, "val_accuracy": 0.09999999403953552, "val_loss": 2.394471230316162, "validation_time_mean": NaN, "validation_time_total": 0.0, "samples": 60000, "num_workers": 1, "done": true, "timesteps_total": null, "episodes_total": null, "training_iteration": 3, "neg_mean_loss": -2.5799109896341963, "experiment_id": "822b7d3f6316497fb3784aafa447be42", "date": "2019-06-06_14-18-42", "timestamp": 1559855922, "time_this_iter_s": 41.44809412956238, "time_total_s": 131.17160725593567, "pid": 30561, "hostname": "steropes", "node_ip": "169.229.49.254", "config": {"starting_lr": 1.0, "momentum": 0.9, "weight_decay": 0.001, "steps_per_iteration": null, "pin": false, "model_creator": null, "target_batch_size": 128, "model_string": "resnet50", "min_batch_size": 128, "dataset": "CIFAR", "placement": null, "use_nccl": true, "devices_per_worker": 1, "primary_resource": "extra_gpu", "gpu": false, "verbose": false, "lr_config": {"mode": "log", "steps": 5, "initial_lr": 1.0, "target_lr": 1.0}, "batch_per_device": 128}, "time_since_restore": 131.17160725593567, "timesteps_since_restore": 0, "iterations_since_restore": 3, "mean_throughput": 1372.2445910023275, "atoms": 1, "setup_time": 13.108696222305298}
