{"apply": 0.017496705055236816, "batch_time": 0.04480624198913574, "d2h": 0.0007349014282226563, "data_time": 0.0018056512183850378, "fwd": 0.1512375593185425, "get_state_time_mean": NaN, "get_state_time_total": 0.0, "grad": 0.16375718116760254, "mean_accuracy": 0.13809999823570251, "mean_loss": 2.3473371685028077, "neg_mean_accuracy": -0.13809999823570251, "set_state_time_mean": NaN, "set_state_time_total": 0.0, "setup_model_time_mean": 13.568442821502686, "setup_model_time_total": 13.568442821502686, "setup_proc_time_mean": 1.8564105033874512, "setup_proc_time_total": 1.8564105033874512, "train_accuracy": 0.11749999970197678, "train_loss": 4.369648910675049, "training_time_mean": NaN, "training_time_total": 0.0, "val_accuracy": 0.13809999823570251, "val_loss": 2.3473371685028077, "validation_time_mean": NaN, "validation_time_total": 0.0, "samples": 60000, "num_workers": 1, "done": false, "timesteps_total": null, "episodes_total": null, "training_iteration": 1, "neg_mean_loss": -2.3473371685028077, "experiment_id": "a163d0355404497ca97359dff02d25c7", "date": "2019-06-03_03-34-51", "timestamp": 1559558091, "time_this_iter_s": 46.76928734779358, "time_total_s": 46.76928734779358, "pid": 13425, "hostname": "steropes", "node_ip": "169.229.49.254", "config": {"starting_lr": 0.1, "momentum": 0.95, "weight_decay": 0.001, "steps_per_iteration": null, "pin": false, "model_creator": null, "target_batch_size": 128, "model_string": "resnet50", "min_batch_size": 128, "dataset": "CIFAR", "placement": null, "use_nccl": true, "devices_per_worker": 1, "primary_resource": "extra_gpu", "gpu": false, "verbose": false, "lr_config": {"mode": "log", "steps": 5, "initial_lr": 0.1, "target_lr": 0.1}, "batch_per_device": 128}, "time_since_restore": 46.76928734779358, "timesteps_since_restore": 0, "iterations_since_restore": 1, "mean_throughput": 1282.8909417009415, "atoms": 1, "setup_time": 15.528505563735962}
{"apply": 0.017385458946228026, "batch_time": 0.03178476985496811, "d2h": 0.0007622957229614258, "data_time": 0.0017720531014835134, "fwd": 0.02817080020904541, "get_state_time_mean": NaN, "get_state_time_total": 0.0, "grad": 0.04881067276000976, "mean_accuracy": 0.187049999833107, "mean_loss": 2.1527500019073487, "neg_mean_accuracy": -0.23600000143051147, "set_state_time_mean": NaN, "set_state_time_total": 0.0, "setup_model_time_mean": NaN, "setup_model_time_total": 0.0, "setup_proc_time_mean": NaN, "setup_proc_time_total": 0.0, "train_accuracy": 0.19832000136375427, "train_loss": 2.079843600730896, "training_time_mean": NaN, "training_time_total": 0.0, "val_accuracy": 0.23600000143051147, "val_loss": 1.9581628353118896, "validation_time_mean": NaN, "validation_time_total": 0.0, "samples": 60000, "num_workers": 1, "done": false, "timesteps_total": null, "episodes_total": null, "training_iteration": 2, "neg_mean_loss": -2.1527500019073487, "experiment_id": "a163d0355404497ca97359dff02d25c7", "date": "2019-06-03_03-35-32", "timestamp": 1559558132, "time_this_iter_s": 41.05120348930359, "time_total_s": 87.82049083709717, "pid": 13425, "hostname": "steropes", "node_ip": "169.229.49.254", "config": {"starting_lr": 0.1, "momentum": 0.95, "weight_decay": 0.001, "steps_per_iteration": null, "pin": false, "model_creator": null, "target_batch_size": 128, "model_string": "resnet50", "min_batch_size": 128, "dataset": "CIFAR", "placement": null, "use_nccl": true, "devices_per_worker": 1, "primary_resource": "extra_gpu", "gpu": false, "verbose": false, "lr_config": {"mode": "log", "steps": 5, "initial_lr": 0.1, "target_lr": 0.1}, "batch_per_device": 128}, "time_since_restore": 87.82049083709717, "timesteps_since_restore": 0, "iterations_since_restore": 2, "mean_throughput": 1366.4211437857327, "atoms": 1, "setup_time": 15.528505563735962}
{"apply": 0.017462873458862306, "batch_time": 0.032066589669336246, "d2h": 0.000881195068359375, "data_time": 0.0017541442685724828, "fwd": 0.02866506576538086, "get_state_time_mean": NaN, "get_state_time_total": 0.0, "grad": 0.04975748062133789, "mean_accuracy": 0.23996666073799133, "mean_loss": 2.013876266860962, "neg_mean_accuracy": -0.34579998254776, "set_state_time_mean": NaN, "set_state_time_total": 0.0, "setup_model_time_mean": NaN, "setup_model_time_total": 0.0, "setup_proc_time_mean": NaN, "setup_proc_time_total": 0.0, "train_accuracy": 0.30131998658180237, "train_loss": 1.8429829693603517, "training_time_mean": NaN, "training_time_total": 0.0, "val_accuracy": 0.34579998254776, "val_loss": 1.7361287967681884, "validation_time_mean": NaN, "validation_time_total": 0.0, "samples": 60000, "num_workers": 1, "done": true, "timesteps_total": null, "episodes_total": null, "training_iteration": 3, "neg_mean_loss": -2.013876266860962, "experiment_id": "a163d0355404497ca97359dff02d25c7", "date": "2019-06-03_03-36-13", "timestamp": 1559558173, "time_this_iter_s": 40.98358201980591, "time_total_s": 128.80407285690308, "pid": 13425, "hostname": "steropes", "node_ip": "169.229.49.254", "config": {"starting_lr": 0.1, "momentum": 0.95, "weight_decay": 0.001, "steps_per_iteration": null, "pin": false, "model_creator": null, "target_batch_size": 128, "model_string": "resnet50", "min_batch_size": 128, "dataset": "CIFAR", "placement": null, "use_nccl": true, "devices_per_worker": 1, "primary_resource": "extra_gpu", "gpu": false, "verbose": false, "lr_config": {"mode": "log", "steps": 5, "initial_lr": 0.1, "target_lr": 0.1}, "batch_per_device": 128}, "time_since_restore": 128.80407285690308, "timesteps_since_restore": 0, "iterations_since_restore": 3, "mean_throughput": 1397.467995661892, "atoms": 1, "setup_time": 15.528505563735962}
