apply,batch_time,d2h,data_time,fwd,get_state_time_mean,get_state_time_total,grad,mean_accuracy,mean_loss,neg_mean_accuracy,set_state_time_mean,set_state_time_total,setup_model_time_mean,setup_model_time_total,setup_proc_time_mean,setup_proc_time_total,train_accuracy,train_loss,training_time_mean,training_time_total,validation_time_mean,validation_time_total,samples,num_workers,done,timesteps_total,episodes_total,training_iteration,neg_mean_loss,experiment_id,date,timestamp,time_this_iter_s,time_total_s,pid,hostname,node_ip,config,time_since_restore,timesteps_since_restore,iterations_since_restore,mean_throughput,atoms
0.007666087150573731,0.17296619415283204,0.005094695091247559,0.03720229499194087,0.0894850254058838,nan,0.0,0.1544261693954468,0.1005999967455864,11995.697390625,-0.1005999967455864,nan,0.0,13.062156438827515,13.062156438827515,1.7492103576660156,1.7492103576660156,0.09841999411582947,5.097215233306885,nan,0.0,nan,0.0,60000,1,False,,,1,-11995.697390625,03be232849fb4c94b00664e93b5d7f2a,2019-05-30_14-25-33,1559251533,11.239238977432251,11.239238977432251,26965,steropes,169.229.49.254,"{'starting_lr': 0.5, 'momentum': 0.99, 'weight_decay': 0.0001, 'steps_per_iteration': None, 'pin': False, 'model_creator': None, 'target_batch_size': 1024, 'model_string': 'resnet18', 'min_batch_size': 512, 'dataset': 'CIFAR', 'placement': None, 'use_nccl': True, 'devices_per_worker': 1, 'primary_resource': 'extra_gpu', 'gpu': False, 'verbose': False, 'lr_config': {'mode': 'log', 'steps': 5, 'initial_lr': 0.5, 'target_lr': 0.5}, 'batch_per_device': 1024}",11.239238977432251,0,1,5338.364319757574,1
0.007755565643310547,0.1410031795501709,0.004816126823425293,0.0422989154348568,0.021350288391113283,nan,0.0,0.046270322799682614,0.1039000004529953,14.088910552978515,-0.1039000004529953,nan,0.0,nan,0.0,nan,0.0,0.0982000008225441,3.5144833153533934,nan,0.0,nan,0.0,60000,1,False,,,2,-14.088910552978515,03be232849fb4c94b00664e93b5d7f2a,2019-05-30_14-25-41,1559251541,7.769324779510498,19.00856375694275,26965,steropes,169.229.49.254,"{'starting_lr': 0.5, 'momentum': 0.99, 'weight_decay': 0.0001, 'steps_per_iteration': None, 'pin': False, 'model_creator': None, 'target_batch_size': 1024, 'model_string': 'resnet18', 'min_batch_size': 512, 'dataset': 'CIFAR', 'placement': None, 'use_nccl': True, 'devices_per_worker': 1, 'primary_resource': 'extra_gpu', 'gpu': False, 'verbose': False, 'lr_config': {'mode': 'log', 'steps': 5, 'initial_lr': 0.5, 'target_lr': 0.5}, 'batch_per_device': 1024}",19.00856375694275,0,2,6312.8624430798,1
0.008578658103942871,0.12272529602050782,0.005260562896728516,0.04713901694940061,0.023857712745666504,nan,0.0,0.05184905529022217,0.09999999403953552,2.644496283721924,-0.09999999403953552,nan,0.0,nan,0.0,nan,0.0,0.1008399948477745,2.4805793375396727,nan,0.0,nan,0.0,60000,1,False,,,3,-2.644496283721924,03be232849fb4c94b00664e93b5d7f2a,2019-05-30_14-25-49,1559251549,8.272797584533691,27.28136134147644,26965,steropes,169.229.49.254,"{'starting_lr': 0.5, 'momentum': 0.99, 'weight_decay': 0.0001, 'steps_per_iteration': None, 'pin': False, 'model_creator': None, 'target_batch_size': 1024, 'model_string': 'resnet18', 'min_batch_size': 512, 'dataset': 'CIFAR', 'placement': None, 'use_nccl': True, 'devices_per_worker': 1, 'primary_resource': 'extra_gpu', 'gpu': False, 'verbose': False, 'lr_config': {'mode': 'log', 'steps': 5, 'initial_lr': 0.5, 'target_lr': 0.5}, 'batch_per_device': 1024}",27.28136134147644,0,3,6597.831011462835,1
0.011440157890319824,0.12559895515441893,0.005302739143371582,0.04862314341019611,0.026316142082214354,nan,0.0,0.047844433784484865,0.09999999403953552,2.3570715618133544,-0.09999999403953552,nan,0.0,nan,0.0,nan,0.0,0.1005999967455864,2.3959952770996096,nan,0.0,nan,0.0,60000,1,False,,,4,-2.3570715618133544,03be232849fb4c94b00664e93b5d7f2a,2019-05-30_14-25-57,1559251557,8.505213975906372,35.78657531738281,26965,steropes,169.229.49.254,"{'starting_lr': 0.5, 'momentum': 0.99, 'weight_decay': 0.0001, 'steps_per_iteration': None, 'pin': False, 'model_creator': None, 'target_batch_size': 1024, 'model_string': 'resnet18', 'min_batch_size': 512, 'dataset': 'CIFAR', 'placement': None, 'use_nccl': True, 'devices_per_worker': 1, 'primary_resource': 'extra_gpu', 'gpu': False, 'verbose': False, 'lr_config': {'mode': 'log', 'steps': 5, 'initial_lr': 0.5, 'target_lr': 0.5}, 'batch_per_device': 1024}",35.78657531738281,0,4,6706.347946090962,1
0.008018946647644043,0.13016517162323,0.006778097152709961,0.048026167616552234,0.03241133689880371,nan,0.0,0.04900426864624023,0.09999999403953552,2.349792803955078,-0.09999999403953552,nan,0.0,nan,0.0,nan,0.0,0.10015999525785446,2.355907829055786,nan,0.0,nan,0.0,60000,1,False,,,5,-2.349792803955078,03be232849fb4c94b00664e93b5d7f2a,2019-05-30_14-26-06,1559251566,8.542673587799072,44.329248905181885,26965,steropes,169.229.49.254,"{'starting_lr': 0.5, 'momentum': 0.99, 'weight_decay': 0.0001, 'steps_per_iteration': None, 'pin': False, 'model_creator': None, 'target_batch_size': 1024, 'model_string': 'resnet18', 'min_batch_size': 512, 'dataset': 'CIFAR', 'placement': None, 'use_nccl': True, 'devices_per_worker': 1, 'primary_resource': 'extra_gpu', 'gpu': False, 'verbose': False, 'lr_config': {'mode': 'log', 'steps': 5, 'initial_lr': 0.5, 'target_lr': 0.5}, 'batch_per_device': 1024}",44.329248905181885,0,5,6767.465333735049,1
0.008747172355651856,0.13480777740478517,0.005980563163757324,0.047952515738351006,0.026419305801391603,nan,0.0,0.051585936546325685,0.09999999403953552,2.3475123634338377,-0.09999999403953552,nan,0.0,nan,0.0,nan,0.0,0.09945999830961227,2.3483509453582765,nan,0.0,nan,0.0,60000,1,False,,,6,-2.3475123634338377,03be232849fb4c94b00664e93b5d7f2a,2019-05-30_14-26-14,1559251574,8.570387125015259,52.899636030197144,26965,steropes,169.229.49.254,"{'starting_lr': 0.5, 'momentum': 0.99, 'weight_decay': 0.0001, 'steps_per_iteration': None, 'pin': False, 'model_creator': None, 'target_batch_size': 1024, 'model_string': 'resnet18', 'min_batch_size': 512, 'dataset': 'CIFAR', 'placement': None, 'use_nccl': True, 'devices_per_worker': 1, 'primary_resource': 'extra_gpu', 'gpu': False, 'verbose': False, 'lr_config': {'mode': 'log', 'steps': 5, 'initial_lr': 0.5, 'target_lr': 0.5}, 'batch_per_device': 1024}",52.899636030197144,0,6,7201.011804459761,1
0.007802987098693847,0.1434229850769043,0.0048874616622924805,0.05947459473901866,0.03144793510437012,nan,0.0,0.04853644371032715,0.09999999403953552,2.3316377407073974,-0.09999999403953552,nan,0.0,nan,0.0,nan,0.0,0.09873999655246735,2.3429539962768553,nan,0.0,nan,0.0,60000,1,False,,,7,-2.3316377407073974,03be232849fb4c94b00664e93b5d7f2a,2019-05-30_14-26-24,1559251584,9.047818899154663,61.94745492935181,26965,steropes,169.229.49.254,"{'starting_lr': 0.5, 'momentum': 0.99, 'weight_decay': 0.0001, 'steps_per_iteration': None, 'pin': False, 'model_creator': None, 'target_batch_size': 1024, 'model_string': 'resnet18', 'min_batch_size': 512, 'dataset': 'CIFAR', 'placement': None, 'use_nccl': True, 'devices_per_worker': 1, 'primary_resource': 'extra_gpu', 'gpu': False, 'verbose': False, 'lr_config': {'mode': 'log', 'steps': 5, 'initial_lr': 0.5, 'target_lr': 0.5}, 'batch_per_device': 1024}",61.94745492935181,0,7,6986.583544748878,1
0.01043705940246582,0.14268906116485597,0.006634902954101562,0.04610706835376973,0.033763456344604495,nan,0.0,0.05179352760314941,0.09999999403953552,2.348901865386963,-0.09999999403953552,nan,0.0,nan,0.0,nan,0.0,0.09922000020742416,2.340826912612915,nan,0.0,nan,0.0,60000,1,False,,,8,-2.348901865386963,03be232849fb4c94b00664e93b5d7f2a,2019-05-30_14-26-32,1559251592,8.449204921722412,70.39665985107422,26965,steropes,169.229.49.254,"{'starting_lr': 0.5, 'momentum': 0.99, 'weight_decay': 0.0001, 'steps_per_iteration': None, 'pin': False, 'model_creator': None, 'target_batch_size': 1024, 'model_string': 'resnet18', 'min_batch_size': 512, 'dataset': 'CIFAR', 'placement': None, 'use_nccl': True, 'devices_per_worker': 1, 'primary_resource': 'extra_gpu', 'gpu': False, 'verbose': False, 'lr_config': {'mode': 'log', 'steps': 5, 'initial_lr': 0.5, 'target_lr': 0.5}, 'batch_per_device': 1024}",70.39665985107422,0,8,6957.998664970635,1
0.007699227333068848,0.13095030784606934,0.005110383033752441,0.050205561579490195,0.022946476936340332,nan,0.0,0.045235300064086915,0.09999999403953552,2.3132651542663574,-0.09999999403953552,nan,0.0,nan,0.0,nan,0.0,0.1022999957203865,2.3312096715545656,nan,0.0,nan,0.0,60000,1,False,,,9,-2.3132651542663574,03be232849fb4c94b00664e93b5d7f2a,2019-05-30_14-26-40,1559251600,8.32677173614502,78.72343158721924,26965,steropes,169.229.49.254,"{'starting_lr': 0.5, 'momentum': 0.99, 'weight_decay': 0.0001, 'steps_per_iteration': None, 'pin': False, 'model_creator': None, 'target_batch_size': 1024, 'model_string': 'resnet18', 'min_batch_size': 512, 'dataset': 'CIFAR', 'placement': None, 'use_nccl': True, 'devices_per_worker': 1, 'primary_resource': 'extra_gpu', 'gpu': False, 'verbose': False, 'lr_config': {'mode': 'log', 'steps': 5, 'initial_lr': 0.5, 'target_lr': 0.5}, 'batch_per_device': 1024}",78.72343158721924,0,9,6986.901929880432,1
0.007220697402954101,0.1462808609008789,0.007344889640808106,0.046770645647632836,0.02422492504119873,nan,0.0,0.05210788249969482,0.09999999403953552,2.326790464782715,-0.09999999403953552,nan,0.0,nan,0.0,nan,0.0,0.10123999416828156,2.3217641388702392,nan,0.0,nan,0.0,60000,1,False,,,10,-2.326790464782715,03be232849fb4c94b00664e93b5d7f2a,2019-05-30_14-26-49,1559251609,8.350757360458374,87.07418894767761,26965,steropes,169.229.49.254,"{'starting_lr': 0.5, 'momentum': 0.99, 'weight_decay': 0.0001, 'steps_per_iteration': None, 'pin': False, 'model_creator': None, 'target_batch_size': 1024, 'model_string': 'resnet18', 'min_batch_size': 512, 'dataset': 'CIFAR', 'placement': None, 'use_nccl': True, 'devices_per_worker': 1, 'primary_resource': 'extra_gpu', 'gpu': False, 'verbose': False, 'lr_config': {'mode': 'log', 'steps': 5, 'initial_lr': 0.5, 'target_lr': 0.5}, 'batch_per_device': 1024}",87.07418894767761,0,10,7018.27020277142,1
0.008060312271118164,0.14523966312408448,0.00596463680267334,0.046661406147236725,0.023783278465270997,nan,0.0,0.043918490409851074,0.09999999403953552,2.313903677368164,-0.09999999403953552,nan,0.0,nan,0.0,nan,0.0,0.10047999769449234,2.331404115219116,nan,0.0,nan,0.0,60000,1,False,,,11,-2.313903677368164,03be232849fb4c94b00664e93b5d7f2a,2019-05-30_14-26-57,1559251617,8.170129299163818,95.24431824684143,26965,steropes,169.229.49.254,"{'starting_lr': 0.5, 'momentum': 0.99, 'weight_decay': 0.0001, 'steps_per_iteration': None, 'pin': False, 'model_creator': None, 'target_batch_size': 1024, 'model_string': 'resnet18', 'min_batch_size': 512, 'dataset': 'CIFAR', 'placement': None, 'use_nccl': True, 'devices_per_worker': 1, 'primary_resource': 'extra_gpu', 'gpu': False, 'verbose': False, 'lr_config': {'mode': 'log', 'steps': 5, 'initial_lr': 0.5, 'target_lr': 0.5}, 'batch_per_device': 1024}",95.24431824684143,0,11,7084.608610275641,1
0.009624886512756347,0.12614762783050537,0.0049095630645751955,0.04250751709451481,0.02566092014312744,nan,0.0,0.0448230504989624,0.09999999403953552,2.3194722282409668,-0.09999999403953552,nan,0.0,nan,0.0,nan,0.0,0.10127999633550644,2.3241736849975587,nan,0.0,nan,0.0,60000,1,True,,,12,-2.3194722282409668,03be232849fb4c94b00664e93b5d7f2a,2019-05-30_14-27-05,1559251625,7.8910813331604,103.13539958000183,26965,steropes,169.229.49.254,"{'starting_lr': 0.5, 'momentum': 0.99, 'weight_decay': 0.0001, 'steps_per_iteration': None, 'pin': False, 'model_creator': None, 'target_batch_size': 1024, 'model_string': 'resnet18', 'min_batch_size': 512, 'dataset': 'CIFAR', 'placement': None, 'use_nccl': True, 'devices_per_worker': 1, 'primary_resource': 'extra_gpu', 'gpu': False, 'verbose': False, 'lr_config': {'mode': 'log', 'steps': 5, 'initial_lr': 0.5, 'target_lr': 0.5}, 'batch_per_device': 1024}",103.13539958000183,0,12,7283.595557534804,1
