{"apply": 0.017357182502746583, "batch_time": 0.0455506059187877, "d2h": 0.0006925106048583984, "data_time": 0.0018859385224559422, "fwd": 0.22751541137695314, "get_state_time_mean": NaN, "get_state_time_total": 0.0, "grad": 0.1645185947418213, "mean_accuracy": 0.09479999542236328, "mean_loss": 9329.9907015625, "neg_mean_accuracy": -0.09479999542236328, "set_state_time_mean": NaN, "set_state_time_total": 0.0, "setup_model_time_mean": 22.185225248336792, "setup_model_time_total": 22.185225248336792, "setup_proc_time_mean": 1.851304292678833, "setup_proc_time_total": 1.851304292678833, "train_accuracy": 0.10659999400377274, "train_loss": 5.156085121459961, "training_time_mean": NaN, "training_time_total": 0.0, "val_accuracy": 0.09479999542236328, "val_loss": 9329.9907015625, "validation_time_mean": NaN, "validation_time_total": 0.0, "samples": 60000, "num_workers": 1, "done": false, "timesteps_total": null, "episodes_total": null, "training_iteration": 1, "neg_mean_loss": -9329.9907015625, "experiment_id": "fa5926c1678e4ca4a5ff6705e7e08f3b", "date": "2019-06-06_13-16-50", "timestamp": 1559852210, "time_this_iter_s": 48.586570262908936, "time_total_s": 48.586570262908936, "pid": 11369, "hostname": "steropes", "node_ip": "169.229.49.254", "config": {"starting_lr": 0.1, "momentum": 0.99, "weight_decay": 0.001, "steps_per_iteration": null, "pin": false, "model_creator": null, "target_batch_size": 128, "model_string": "resnet50", "min_batch_size": 128, "dataset": "CIFAR", "placement": null, "use_nccl": true, "devices_per_worker": 1, "primary_resource": "extra_gpu", "gpu": false, "verbose": false, "lr_config": {"mode": "log", "steps": 5, "initial_lr": 0.1, "target_lr": 0.1}, "batch_per_device": 128}, "time_since_restore": 48.586570262908936, "timesteps_since_restore": 0, "iterations_since_restore": 1, "mean_throughput": 1234.9069283110855, "atoms": 1, "setup_time": 25.66159963607788}
{"apply": 0.017306303977966307, "batch_time": 0.03272989128209368, "d2h": 0.0007543802261352539, "data_time": 0.0018276588996048169, "fwd": 0.028208827972412108, "get_state_time_mean": NaN, "get_state_time_total": 0.0, "grad": 0.048128604888916016, "mean_accuracy": 0.09929999709129333, "mean_loss": 4669.035400447082, "neg_mean_accuracy": -0.10379999876022339, "set_state_time_mean": NaN, "set_state_time_total": 0.0, "setup_model_time_mean": NaN, "setup_model_time_total": 0.0, "setup_proc_time_mean": NaN, "setup_proc_time_total": 0.0, "train_accuracy": 0.10343999415636063, "train_loss": 3.251279393157959, "training_time_mean": NaN, "training_time_total": 0.0, "val_accuracy": 0.10379999876022339, "val_loss": 8.08009933166504, "validation_time_mean": NaN, "validation_time_total": 0.0, "samples": 60000, "num_workers": 1, "done": false, "timesteps_total": null, "episodes_total": null, "training_iteration": 2, "neg_mean_loss": -4669.035400447082, "experiment_id": "fa5926c1678e4ca4a5ff6705e7e08f3b", "date": "2019-06-06_13-17-31", "timestamp": 1559852251, "time_this_iter_s": 40.924423694610596, "time_total_s": 89.51099395751953, "pid": 11369, "hostname": "steropes", "node_ip": "169.229.49.254", "config": {"starting_lr": 0.1, "momentum": 0.99, "weight_decay": 0.001, "steps_per_iteration": null, "pin": false, "model_creator": null, "target_batch_size": 128, "model_string": "resnet50", "min_batch_size": 128, "dataset": "CIFAR", "placement": null, "use_nccl": true, "devices_per_worker": 1, "primary_resource": "extra_gpu", "gpu": false, "verbose": false, "lr_config": {"mode": "log", "steps": 5, "initial_lr": 0.1, "target_lr": 0.1}, "batch_per_device": 128}, "time_since_restore": 89.51099395751953, "timesteps_since_restore": 0, "iterations_since_restore": 2, "mean_throughput": 1340.6138097005153, "atoms": 1, "setup_time": 25.66159963607788}
{"apply": 0.018016481399536134, "batch_time": 0.032973817632168154, "d2h": 0.0007749319076538086, "data_time": 0.0018260314336518192, "fwd": 0.029168868064880372, "get_state_time_mean": NaN, "get_state_time_total": 0.0, "grad": 0.048067903518676756, "mean_accuracy": 0.12509999672571817, "mean_loss": 3114.5685425496413, "neg_mean_accuracy": -0.17669999599456787, "set_state_time_mean": NaN, "set_state_time_total": 0.0, "setup_model_time_mean": NaN, "setup_model_time_total": 0.0, "setup_proc_time_mean": NaN, "setup_proc_time_total": 0.0, "train_accuracy": 0.18107999861240387, "train_loss": 2.3431051567077636, "training_time_mean": NaN, "training_time_total": 0.0, "val_accuracy": 0.17669999599456787, "val_loss": 5.634826754760742, "validation_time_mean": NaN, "validation_time_total": 0.0, "samples": 60000, "num_workers": 1, "done": true, "timesteps_total": null, "episodes_total": null, "training_iteration": 3, "neg_mean_loss": -3114.5685425496413, "experiment_id": "fa5926c1678e4ca4a5ff6705e7e08f3b", "date": "2019-06-06_13-18-11", "timestamp": 1559852291, "time_this_iter_s": 40.93709444999695, "time_total_s": 130.44808840751648, "pid": 11369, "hostname": "steropes", "node_ip": "169.229.49.254", "config": {"starting_lr": 0.1, "momentum": 0.99, "weight_decay": 0.001, "steps_per_iteration": null, "pin": false, "model_creator": null, "target_batch_size": 128, "model_string": "resnet50", "min_batch_size": 128, "dataset": "CIFAR", "placement": null, "use_nccl": true, "devices_per_worker": 1, "primary_resource": "extra_gpu", "gpu": false, "verbose": false, "lr_config": {"mode": "log", "steps": 5, "initial_lr": 0.1, "target_lr": 0.1}, "batch_per_device": 128}, "time_since_restore": 130.44808840751648, "timesteps_since_restore": 0, "iterations_since_restore": 3, "mean_throughput": 1379.8556956713833, "atoms": 1, "setup_time": 25.66159963607788}
