{"apply": 0.01773076057434082, "batch_time": 0.04152777225156374, "d2h": 0.0007747411727905273, "data_time": 0.001979500436416977, "fwd": 0.11622800827026367, "get_state_time_mean": NaN, "get_state_time_total": 0.0, "grad": 0.16377639770507812, "mean_accuracy": 0.1923999935388565, "mean_loss": 2.2018041721343993, "neg_mean_accuracy": -0.1923999935388565, "set_state_time_mean": NaN, "set_state_time_total": 0.0, "setup_model_time_mean": 9.715882778167725, "setup_model_time_total": 9.715882778167725, "setup_proc_time_mean": 0.12710976600646973, "setup_proc_time_total": 0.12710976600646973, "train_accuracy": 0.11621999740600586, "train_loss": 4.565769404067993, "training_time_mean": NaN, "training_time_total": 0.0, "val_accuracy": 0.1923999935388565, "val_loss": 2.2018041721343993, "validation_time_mean": NaN, "validation_time_total": 0.0, "samples": 60000, "num_workers": 1, "done": false, "timesteps_total": null, "episodes_total": null, "training_iteration": 1, "neg_mean_loss": -2.2018041721343993, "experiment_id": "dbf0b4b5002e4c95b4c4d6592e73a3e7", "date": "2019-06-03_04-09-32", "timestamp": 1559560172, "time_this_iter_s": 46.53977036476135, "time_total_s": 46.53977036476135, "pid": 16902, "hostname": "steropes", "node_ip": "169.229.49.254", "config": {"starting_lr": 0.5, "momentum": 0.95, "weight_decay": 0.0005, "steps_per_iteration": null, "pin": false, "model_creator": null, "target_batch_size": 128, "model_string": "resnet50", "min_batch_size": 128, "dataset": "CIFAR", "placement": null, "use_nccl": true, "devices_per_worker": 1, "primary_resource": "extra_gpu", "gpu": false, "verbose": false, "lr_config": {"mode": "log", "steps": 5, "initial_lr": 0.5, "target_lr": 0.5}, "batch_per_device": 128}, "time_since_restore": 46.53977036476135, "timesteps_since_restore": 0, "iterations_since_restore": 1, "mean_throughput": 1289.215793277479, "atoms": 1, "setup_time": 9.954477787017822}
{"apply": 0.018024706840515138, "batch_time": 0.03316224375857583, "d2h": 0.0007651567459106446, "data_time": 0.0018232716318896359, "fwd": 0.027997326850891114, "get_state_time_mean": NaN, "get_state_time_total": 0.0, "grad": 0.0485414981842041, "mean_accuracy": 0.18469999730587006, "mean_loss": 2.200124556541443, "neg_mean_accuracy": -0.1770000010728836, "set_state_time_mean": NaN, "set_state_time_total": 0.0, "setup_model_time_mean": NaN, "setup_model_time_total": 0.0, "setup_proc_time_mean": NaN, "setup_proc_time_total": 0.0, "train_accuracy": 0.19603998959064484, "train_loss": 2.1476260441589354, "training_time_mean": NaN, "training_time_total": 0.0, "val_accuracy": 0.1770000010728836, "val_loss": 2.1984449409484865, "validation_time_mean": NaN, "validation_time_total": 0.0, "samples": 60000, "num_workers": 1, "done": false, "timesteps_total": null, "episodes_total": null, "training_iteration": 2, "neg_mean_loss": -2.200124556541443, "experiment_id": "dbf0b4b5002e4c95b4c4d6592e73a3e7", "date": "2019-06-03_04-10-13", "timestamp": 1559560213, "time_this_iter_s": 41.19898080825806, "time_total_s": 87.73875117301941, "pid": 16902, "hostname": "steropes", "node_ip": "169.229.49.254", "config": {"starting_lr": 0.5, "momentum": 0.95, "weight_decay": 0.0005, "steps_per_iteration": null, "pin": false, "model_creator": null, "target_batch_size": 128, "model_string": "resnet50", "min_batch_size": 128, "dataset": "CIFAR", "placement": null, "use_nccl": true, "devices_per_worker": 1, "primary_resource": "extra_gpu", "gpu": false, "verbose": false, "lr_config": {"mode": "log", "steps": 5, "initial_lr": 0.5, "target_lr": 0.5}, "batch_per_device": 128}, "time_since_restore": 87.73875117301941, "timesteps_since_restore": 0, "iterations_since_restore": 2, "mean_throughput": 1367.6930639216037, "atoms": 1, "setup_time": 9.954477787017822}
{"apply": 0.01912827491760254, "batch_time": 0.03214333630815337, "d2h": 0.0007783889770507813, "data_time": 0.0018657217245272664, "fwd": 0.028513765335083006, "get_state_time_mean": NaN, "get_state_time_total": 0.0, "grad": 0.04843070507049561, "mean_accuracy": 0.16543333232402802, "mean_loss": 2.7233146803538006, "neg_mean_accuracy": -0.12690000236034393, "set_state_time_mean": NaN, "set_state_time_total": 0.0, "setup_model_time_mean": NaN, "setup_model_time_total": 0.0, "setup_proc_time_mean": NaN, "setup_proc_time_total": 0.0, "train_accuracy": 0.20051999390125275, "train_loss": 2.130496089706421, "training_time_mean": NaN, "training_time_total": 0.0, "val_accuracy": 0.12690000236034393, "val_loss": 3.7696949279785157, "validation_time_mean": NaN, "validation_time_total": 0.0, "samples": 60000, "num_workers": 1, "done": true, "timesteps_total": null, "episodes_total": null, "training_iteration": 3, "neg_mean_loss": -2.7233146803538006, "experiment_id": "dbf0b4b5002e4c95b4c4d6592e73a3e7", "date": "2019-06-03_04-10-54", "timestamp": 1559560254, "time_this_iter_s": 41.485923051834106, "time_total_s": 129.22467422485352, "pid": 16902, "hostname": "steropes", "node_ip": "169.229.49.254", "config": {"starting_lr": 0.5, "momentum": 0.95, "weight_decay": 0.0005, "steps_per_iteration": null, "pin": false, "model_creator": null, "target_batch_size": 128, "model_string": "resnet50", "min_batch_size": 128, "dataset": "CIFAR", "placement": null, "use_nccl": true, "devices_per_worker": 1, "primary_resource": "extra_gpu", "gpu": false, "verbose": false, "lr_config": {"mode": "log", "steps": 5, "initial_lr": 0.5, "target_lr": 0.5}, "batch_per_device": 128}, "time_since_restore": 129.22467422485352, "timesteps_since_restore": 0, "iterations_since_restore": 3, "mean_throughput": 1392.9194742690534, "atoms": 1, "setup_time": 9.954477787017822}
