{"apply": 0.01721522808074951, "batch_time": 0.04198044764844677, "d2h": 0.0006725072860717773, "data_time": 0.0019028820954930142, "fwd": 0.1495748996734619, "get_state_time_mean": NaN, "get_state_time_total": 0.0, "grad": 0.25396387577056884, "mean_accuracy": 0.10279999673366547, "mean_loss": 3247.5540966552735, "neg_mean_accuracy": -0.10279999673366547, "set_state_time_mean": NaN, "set_state_time_total": 0.0, "setup_model_time_mean": 22.477654933929443, "setup_model_time_total": 22.477654933929443, "setup_proc_time_mean": 1.7675459384918213, "setup_proc_time_total": 1.7675459384918213, "train_accuracy": 0.10102000087499619, "train_loss": 21.163956666259764, "training_time_mean": NaN, "training_time_total": 0.0, "val_accuracy": 0.10279999673366547, "val_loss": 3247.5540966552735, "validation_time_mean": NaN, "validation_time_total": 0.0, "samples": 60000, "num_workers": 1, "done": false, "timesteps_total": null, "episodes_total": null, "training_iteration": 1, "neg_mean_loss": -3247.5540966552735, "experiment_id": "78fcfec40ed14f3f96e1819bd2581854", "date": "2019-06-06_09-28-30", "timestamp": 1559838510, "time_this_iter_s": 47.565237283706665, "time_total_s": 47.565237283706665, "pid": 9133, "hostname": "steropes", "node_ip": "169.229.49.254", "config": {"starting_lr": 0.5, "momentum": 0.99, "weight_decay": 0.0001, "steps_per_iteration": null, "pin": false, "model_creator": null, "target_batch_size": 128, "model_string": "resnet50", "min_batch_size": 128, "dataset": "CIFAR", "placement": null, "use_nccl": true, "devices_per_worker": 1, "primary_resource": "extra_gpu", "gpu": false, "verbose": false, "lr_config": {"mode": "log", "steps": 5, "initial_lr": 0.5, "target_lr": 0.5}, "batch_per_device": 128}, "time_since_restore": 47.565237283706665, "timesteps_since_restore": 0, "iterations_since_restore": 1, "mean_throughput": 1261.4233077660665, "atoms": 1, "setup_time": 25.996415853500366}
{"apply": 0.01722424030303955, "batch_time": 0.03146298927596853, "d2h": 0.0006794929504394531, "data_time": 0.0018082963841040726, "fwd": 0.028201818466186523, "get_state_time_mean": NaN, "get_state_time_total": 0.0, "grad": 0.04765274524688721, "mean_accuracy": 0.09939999878406525, "mean_loss": 2539.6424183197023, "neg_mean_accuracy": -0.09600000083446503, "set_state_time_mean": NaN, "set_state_time_total": 0.0, "setup_model_time_mean": NaN, "setup_model_time_total": 0.0, "setup_proc_time_mean": NaN, "setup_proc_time_total": 0.0, "train_accuracy": 0.10131999850273132, "train_loss": 146.08315431030275, "training_time_mean": NaN, "training_time_total": 0.0, "val_accuracy": 0.09600000083446503, "val_loss": 1831.7307399841309, "validation_time_mean": NaN, "validation_time_total": 0.0, "samples": 60000, "num_workers": 1, "done": false, "timesteps_total": null, "episodes_total": null, "training_iteration": 2, "neg_mean_loss": -2539.6424183197023, "experiment_id": "78fcfec40ed14f3f96e1819bd2581854", "date": "2019-06-06_09-29-10", "timestamp": 1559838550, "time_this_iter_s": 40.27348613739014, "time_total_s": 87.8387234210968, "pid": 9133, "hostname": "steropes", "node_ip": "169.229.49.254", "config": {"starting_lr": 0.5, "momentum": 0.99, "weight_decay": 0.0001, "steps_per_iteration": null, "pin": false, "model_creator": null, "target_batch_size": 128, "model_string": "resnet50", "min_batch_size": 128, "dataset": "CIFAR", "placement": null, "use_nccl": true, "devices_per_worker": 1, "primary_resource": "extra_gpu", "gpu": false, "verbose": false, "lr_config": {"mode": "log", "steps": 5, "initial_lr": 0.5, "target_lr": 0.5}, "batch_per_device": 128}, "time_since_restore": 87.8387234210968, "timesteps_since_restore": 0, "iterations_since_restore": 2, "mean_throughput": 1366.1364721577854, "atoms": 1, "setup_time": 25.996415853500366}
{"apply": 0.017859745025634765, "batch_time": 0.03196897687791269, "d2h": 0.0007038593292236328, "data_time": 0.0018575935412550827, "fwd": 0.02863314151763916, "get_state_time_mean": NaN, "get_state_time_total": 0.0, "grad": 0.047283267974853514, "mean_accuracy": 0.09959999720255534, "mean_loss": 2.8607503191183453e+17, "neg_mean_accuracy": -0.09999999403953552, "set_state_time_mean": NaN, "set_state_time_total": 0.0, "setup_model_time_mean": NaN, "setup_model_time_total": 0.0, "setup_proc_time_mean": NaN, "setup_proc_time_total": 0.0, "train_accuracy": 0.10193999856710434, "train_loss": 1083122.0810679817, "training_time_mean": NaN, "training_time_total": 0.0, "val_accuracy": 0.09999999403953552, "val_loss": 8.582250957354985e+17, "validation_time_mean": NaN, "validation_time_total": 0.0, "samples": 60000, "num_workers": 1, "done": true, "timesteps_total": null, "episodes_total": null, "training_iteration": 3, "neg_mean_loss": -2.8607503191183453e+17, "experiment_id": "78fcfec40ed14f3f96e1819bd2581854", "date": "2019-06-06_09-29-51", "timestamp": 1559838591, "time_this_iter_s": 40.39131712913513, "time_total_s": 128.23004055023193, "pid": 9133, "hostname": "steropes", "node_ip": "169.229.49.254", "config": {"starting_lr": 0.5, "momentum": 0.99, "weight_decay": 0.0001, "steps_per_iteration": null, "pin": false, "model_creator": null, "target_batch_size": 128, "model_string": "resnet50", "min_batch_size": 128, "dataset": "CIFAR", "placement": null, "use_nccl": true, "devices_per_worker": 1, "primary_resource": "extra_gpu", "gpu": false, "verbose": false, "lr_config": {"mode": "log", "steps": 5, "initial_lr": 0.5, "target_lr": 0.5}, "batch_per_device": 128}, "time_since_restore": 128.23004055023193, "timesteps_since_restore": 0, "iterations_since_restore": 3, "mean_throughput": 1403.723806066664, "atoms": 1, "setup_time": 25.996415853500366}
