{"apply": 0.01751267910003662, "batch_time": 0.040641742416574984, "d2h": 0.0006743907928466797, "data_time": 0.0018520513763817985, "fwd": 0.11710925102233886, "get_state_time_mean": NaN, "get_state_time_total": 0.0, "grad": 0.16495139598846437, "mean_accuracy": 0.24120000004768372, "mean_loss": 2.324012951660156, "neg_mean_accuracy": -0.24120000004768372, "set_state_time_mean": NaN, "set_state_time_total": 0.0, "setup_model_time_mean": 8.200554609298706, "setup_model_time_total": 8.200554609298706, "setup_proc_time_mean": 0.1732640266418457, "setup_proc_time_total": 0.1732640266418457, "train_accuracy": 0.1626800000667572, "train_loss": 2.5787521655273435, "training_time_mean": NaN, "training_time_total": 0.0, "val_accuracy": 0.24120000004768372, "val_loss": 2.324012951660156, "validation_time_mean": NaN, "validation_time_total": 0.0, "samples": 60000, "num_workers": 1, "done": false, "timesteps_total": null, "episodes_total": null, "training_iteration": 1, "neg_mean_loss": -2.324012951660156, "experiment_id": "ec24c20a8a6e4275979f945a39460906", "date": "2019-06-06_07-21-10", "timestamp": 1559830870, "time_this_iter_s": 45.71370339393616, "time_total_s": 45.71370339393616, "pid": 20550, "hostname": "steropes", "node_ip": "169.229.49.254", "config": {"starting_lr": 0.0001, "momentum": 0.997, "weight_decay": 0.0005, "steps_per_iteration": null, "pin": false, "model_creator": null, "target_batch_size": 128, "model_string": "resnet50", "min_batch_size": 128, "dataset": "CIFAR", "placement": null, "use_nccl": true, "devices_per_worker": 1, "primary_resource": "extra_gpu", "gpu": false, "verbose": false, "lr_config": {"mode": "log", "steps": 5, "initial_lr": 0.0001, "target_lr": 0.0001}, "batch_per_device": 128}, "time_since_restore": 45.71370339393616, "timesteps_since_restore": 0, "iterations_since_restore": 1, "mean_throughput": 1312.5135634564795, "atoms": 1, "setup_time": 8.69686245918274}
{"apply": 0.017763447761535645, "batch_time": 0.031461323363871516, "d2h": 0.0006661653518676758, "data_time": 0.0017234638828755645, "fwd": 0.027734041213989258, "get_state_time_mean": NaN, "get_state_time_total": 0.0, "grad": 0.04737367630004883, "mean_accuracy": 0.2745499908924103, "mean_loss": 2.1654733419418335, "neg_mean_accuracy": -0.30789998173713684, "set_state_time_mean": NaN, "set_state_time_total": 0.0, "setup_model_time_mean": NaN, "setup_model_time_total": 0.0, "setup_proc_time_mean": NaN, "setup_proc_time_total": 0.0, "train_accuracy": 0.2728999853134155, "train_loss": 2.0535636615753172, "training_time_mean": NaN, "training_time_total": 0.0, "val_accuracy": 0.30789998173713684, "val_loss": 2.006933732223511, "validation_time_mean": NaN, "validation_time_total": 0.0, "samples": 60000, "num_workers": 1, "done": true, "timesteps_total": null, "episodes_total": null, "training_iteration": 2, "neg_mean_loss": -2.1654733419418335, "experiment_id": "ec24c20a8a6e4275979f945a39460906", "date": "2019-06-06_07-21-50", "timestamp": 1559830910, "time_this_iter_s": 40.33746361732483, "time_total_s": 86.05116701126099, "pid": 20550, "hostname": "steropes", "node_ip": "169.229.49.254", "config": {"starting_lr": 0.0001, "momentum": 0.997, "weight_decay": 0.0005, "steps_per_iteration": null, "pin": false, "model_creator": null, "target_batch_size": 128, "model_string": "resnet50", "min_batch_size": 128, "dataset": "CIFAR", "placement": null, "use_nccl": true, "devices_per_worker": 1, "primary_resource": "extra_gpu", "gpu": false, "verbose": false, "lr_config": {"mode": "log", "steps": 5, "initial_lr": 0.0001, "target_lr": 0.0001}, "batch_per_device": 128}, "time_since_restore": 86.05116701126099, "timesteps_since_restore": 0, "iterations_since_restore": 2, "mean_throughput": 1394.5160055674305, "atoms": 1, "setup_time": 8.69686245918274}
