apply,batch_time,d2h,data_time,fwd,get_state_time_mean,get_state_time_total,grad,mean_accuracy,mean_loss,neg_mean_accuracy,set_state_time_mean,set_state_time_total,setup_model_time_mean,setup_model_time_total,setup_proc_time_mean,setup_proc_time_total,train_accuracy,train_loss,training_time_mean,training_time_total,validation_time_mean,validation_time_total,samples,num_workers,done,timesteps_total,episodes_total,training_iteration,neg_mean_loss,experiment_id,date,timestamp,time_this_iter_s,time_total_s,pid,hostname,node_ip,config,time_since_restore,timesteps_since_restore,iterations_since_restore,mean_throughput,atoms
0.007684397697448731,0.18674910068511963,0.005494523048400879,0.035479219592347434,0.08880615234375,nan,0.0,0.17029390335083008,0.4399999976158142,1.5388783102035521,-0.4399999976158142,nan,0.0,13.171370506286621,13.171370506286621,1.493427038192749,1.493427038192749,0.33052000403404236,2.035035791358948,nan,0.0,nan,0.0,60000,1,False,,,1,-1.5388783102035521,119b2fa4a67349e2aca5076fe8fe04fa,2019-05-30_14-08-16,1559250496,11.485932350158691,11.485932350158691,7686,steropes,169.229.49.254,"{'starting_lr': 0.05, 'momentum': 0.9, 'weight_decay': 0.005, 'steps_per_iteration': None, 'pin': False, 'model_creator': None, 'target_batch_size': 1024, 'model_string': 'resnet18', 'min_batch_size': 512, 'dataset': 'CIFAR', 'placement': None, 'use_nccl': True, 'devices_per_worker': 1, 'primary_resource': 'extra_gpu', 'gpu': False, 'verbose': False, 'lr_config': {'mode': 'log', 'steps': 5, 'initial_lr': 0.05, 'target_lr': 0.05}, 'batch_per_device': 1024}",11.485932350158691,0,1,5223.742601324107,1
0.00811302661895752,0.12085502147674561,0.009049677848815918,0.045768080925454896,0.023314929008483885,nan,0.0,0.04702150821685791,0.4964999854564667,1.415127896308899,-0.4964999854564667,nan,0.0,nan,0.0,nan,0.0,0.4787999987602234,1.4293100713729858,nan,0.0,nan,0.0,60000,1,False,,,2,-1.415127896308899,119b2fa4a67349e2aca5076fe8fe04fa,2019-05-30_14-08-24,1559250504,7.800458192825317,19.28639054298401,7686,steropes,169.229.49.254,"{'starting_lr': 0.05, 'momentum': 0.9, 'weight_decay': 0.005, 'steps_per_iteration': None, 'pin': False, 'model_creator': None, 'target_batch_size': 1024, 'model_string': 'resnet18', 'min_batch_size': 512, 'dataset': 'CIFAR', 'placement': None, 'use_nccl': True, 'devices_per_worker': 1, 'primary_resource': 'extra_gpu', 'gpu': False, 'verbose': False, 'lr_config': {'mode': 'log', 'steps': 5, 'initial_lr': 0.05, 'target_lr': 0.05}, 'batch_per_device': 1024}",19.28639054298401,0,2,6221.949666977742,1
0.007336211204528808,0.129653263092041,0.006916022300720215,0.04325621955248774,0.024232316017150878,nan,0.0,0.04873251914978027,0.4829999804496765,1.4155414152145385,-0.4829999804496765,nan,0.0,nan,0.0,nan,0.0,0.5356199741363525,1.2845218586730958,nan,0.0,nan,0.0,60000,1,False,,,3,-1.4155414152145385,119b2fa4a67349e2aca5076fe8fe04fa,2019-05-30_14-08-32,1559250512,8.290377140045166,27.576767683029175,7686,steropes,169.229.49.254,"{'starting_lr': 0.05, 'momentum': 0.9, 'weight_decay': 0.005, 'steps_per_iteration': None, 'pin': False, 'model_creator': None, 'target_batch_size': 1024, 'model_string': 'resnet18', 'min_batch_size': 512, 'dataset': 'CIFAR', 'placement': None, 'use_nccl': True, 'devices_per_worker': 1, 'primary_resource': 'extra_gpu', 'gpu': False, 'verbose': False, 'lr_config': {'mode': 'log', 'steps': 5, 'initial_lr': 0.05, 'target_lr': 0.05}, 'batch_per_device': 1024}",27.576767683029175,0,3,6527.174349362011,1
0.00794675350189209,0.1458674430847168,0.005417537689208984,0.027113379264364437,0.026541852951049806,nan,0.0,0.044065022468566896,0.5612999796867371,1.2024416658401489,-0.5612999796867371,nan,0.0,nan,0.0,nan,0.0,0.5863800048828125,1.1493100722503662,nan,0.0,nan,0.0,60000,1,False,,,4,-1.2024416658401489,119b2fa4a67349e2aca5076fe8fe04fa,2019-05-30_14-08-40,1559250520,7.840631723403931,35.417399406433105,7686,steropes,169.229.49.254,"{'starting_lr': 0.05, 'momentum': 0.9, 'weight_decay': 0.005, 'steps_per_iteration': None, 'pin': False, 'model_creator': None, 'target_batch_size': 1024, 'model_string': 'resnet18', 'min_batch_size': 512, 'dataset': 'CIFAR', 'placement': None, 'use_nccl': True, 'devices_per_worker': 1, 'primary_resource': 'extra_gpu', 'gpu': False, 'verbose': False, 'lr_config': {'mode': 'log', 'steps': 5, 'initial_lr': 0.05, 'target_lr': 0.05}, 'batch_per_device': 1024}",35.417399406433105,0,4,6776.267305446834,1
0.007924628257751466,0.13356809616088866,0.005841565132141113,0.026351412948296994,0.023528313636779784,nan,0.0,0.04887876510620117,0.5954999923706055,1.1400030002593995,-0.5954999923706055,nan,0.0,nan,0.0,nan,0.0,0.6267399787902832,1.0507665477371215,nan,0.0,nan,0.0,60000,1,False,,,5,-1.1400030002593995,119b2fa4a67349e2aca5076fe8fe04fa,2019-05-30_14-08-48,1559250528,8.080953598022461,43.498353004455566,7686,steropes,169.229.49.254,"{'starting_lr': 0.05, 'momentum': 0.9, 'weight_decay': 0.005, 'steps_per_iteration': None, 'pin': False, 'model_creator': None, 'target_batch_size': 1024, 'model_string': 'resnet18', 'min_batch_size': 512, 'dataset': 'CIFAR', 'placement': None, 'use_nccl': True, 'devices_per_worker': 1, 'primary_resource': 'extra_gpu', 'gpu': False, 'verbose': False, 'lr_config': {'mode': 'log', 'steps': 5, 'initial_lr': 0.05, 'target_lr': 0.05}, 'batch_per_device': 1024}",43.498353004455566,0,5,6896.7468114299,1
0.007191991806030274,0.14356780052185059,0.004774332046508789,0.03039918140489228,0.021079254150390626,nan,0.0,0.04947681427001953,0.652899980545044,0.999314536857605,-0.652899980545044,nan,0.0,nan,0.0,nan,0.0,0.653219997882843,0.980711146030426,nan,0.0,nan,0.0,60000,1,False,,,6,-0.999314536857605,119b2fa4a67349e2aca5076fe8fe04fa,2019-05-30_14-08-56,1559250536,8.219467163085938,51.717820167541504,7686,steropes,169.229.49.254,"{'starting_lr': 0.05, 'momentum': 0.9, 'weight_decay': 0.005, 'steps_per_iteration': None, 'pin': False, 'model_creator': None, 'target_batch_size': 1024, 'model_string': 'resnet18', 'min_batch_size': 512, 'dataset': 'CIFAR', 'placement': None, 'use_nccl': True, 'devices_per_worker': 1, 'primary_resource': 'extra_gpu', 'gpu': False, 'verbose': False, 'lr_config': {'mode': 'log', 'steps': 5, 'initial_lr': 0.05, 'target_lr': 0.05}, 'batch_per_device': 1024}",51.717820167541504,0,6,7456.695190201814,1
0.00748600959777832,0.12230758666992188,0.004885673522949219,0.04149011689789441,0.02215278148651123,nan,0.0,0.0430436372756958,0.6441999673843384,1.016732354736328,-0.6441999673843384,nan,0.0,nan,0.0,nan,0.0,0.6793199777603149,0.9119615942573548,nan,0.0,nan,0.0,60000,1,False,,,7,-1.016732354736328,119b2fa4a67349e2aca5076fe8fe04fa,2019-05-30_14-09-04,1559250544,8.4800546169281,60.197874784469604,7686,steropes,169.229.49.254,"{'starting_lr': 0.05, 'momentum': 0.9, 'weight_decay': 0.005, 'steps_per_iteration': None, 'pin': False, 'model_creator': None, 'target_batch_size': 1024, 'model_string': 'resnet18', 'min_batch_size': 512, 'dataset': 'CIFAR', 'placement': None, 'use_nccl': True, 'devices_per_worker': 1, 'primary_resource': 'extra_gpu', 'gpu': False, 'verbose': False, 'lr_config': {'mode': 'log', 'steps': 5, 'initial_lr': 0.05, 'target_lr': 0.05}, 'batch_per_device': 1024}",60.197874784469604,0,7,7332.806985277406,1
0.008169269561767578,0.12871572971343995,0.007224464416503906,0.04616511597925303,0.02241532802581787,nan,0.0,0.046252870559692384,0.6498000025749207,0.9871164552688598,-0.6498000025749207,nan,0.0,nan,0.0,nan,0.0,0.6919599771499634,0.8693385667419433,nan,0.0,nan,0.0,60000,1,False,,,8,-0.9871164552688598,119b2fa4a67349e2aca5076fe8fe04fa,2019-05-30_14-09-13,1559250553,8.7913498878479,68.9892246723175,7686,steropes,169.229.49.254,"{'starting_lr': 0.05, 'momentum': 0.9, 'weight_decay': 0.005, 'steps_per_iteration': None, 'pin': False, 'model_creator': None, 'target_batch_size': 1024, 'model_string': 'resnet18', 'min_batch_size': 512, 'dataset': 'CIFAR', 'placement': None, 'use_nccl': True, 'devices_per_worker': 1, 'primary_resource': 'extra_gpu', 'gpu': False, 'verbose': False, 'lr_config': {'mode': 'log', 'steps': 5, 'initial_lr': 0.05, 'target_lr': 0.05}, 'batch_per_device': 1024}",68.9892246723175,0,8,7244.099906203132,1
0.007642602920532227,0.13056366443634032,0.006222987174987793,0.058468551051859954,0.02184300422668457,nan,0.0,0.047527313232421875,0.6401999592781067,1.0402123254776001,-0.6401999592781067,nan,0.0,nan,0.0,nan,0.0,0.7054600119590759,0.8411839018249512,nan,0.0,nan,0.0,60000,1,False,,,9,-1.0402123254776001,119b2fa4a67349e2aca5076fe8fe04fa,2019-05-30_14-09-22,1559250562,9.185407638549805,78.17463231086731,7686,steropes,169.229.49.254,"{'starting_lr': 0.05, 'momentum': 0.9, 'weight_decay': 0.005, 'steps_per_iteration': None, 'pin': False, 'model_creator': None, 'target_batch_size': 1024, 'model_string': 'resnet18', 'min_batch_size': 512, 'dataset': 'CIFAR', 'placement': None, 'use_nccl': True, 'devices_per_worker': 1, 'primary_resource': 'extra_gpu', 'gpu': False, 'verbose': False, 'lr_config': {'mode': 'log', 'steps': 5, 'initial_lr': 0.05, 'target_lr': 0.05}, 'batch_per_device': 1024}",78.17463231086731,0,9,7016.265325639681,1
0.008438992500305175,0.13654699325561523,0.005745100975036621,0.04015604817137426,0.02571914196014404,nan,0.0,0.052889227867126465,0.6482999920845032,1.035660073852539,-0.6482999920845032,nan,0.0,nan,0.0,nan,0.0,0.7175599932670593,0.8092432556724548,nan,0.0,nan,0.0,60000,1,False,,,10,-1.035660073852539,119b2fa4a67349e2aca5076fe8fe04fa,2019-05-30_14-09-31,1559250571,8.550351619720459,86.72498393058777,7686,steropes,169.229.49.254,"{'starting_lr': 0.05, 'momentum': 0.9, 'weight_decay': 0.005, 'steps_per_iteration': None, 'pin': False, 'model_creator': None, 'target_batch_size': 1024, 'model_string': 'resnet18', 'min_batch_size': 512, 'dataset': 'CIFAR', 'placement': None, 'use_nccl': True, 'devices_per_worker': 1, 'primary_resource': 'extra_gpu', 'gpu': False, 'verbose': False, 'lr_config': {'mode': 'log', 'steps': 5, 'initial_lr': 0.05, 'target_lr': 0.05}, 'batch_per_device': 1024}",86.72498393058777,0,10,6940.075107217133,1
0.007373499870300293,0.13560926914215088,0.006505513191223144,0.04565374705256248,0.025772833824157716,nan,0.0,0.05245752334594726,0.6908999681472778,0.9291758670806884,-0.6908999681472778,nan,0.0,nan,0.0,nan,0.0,0.7261199951171875,0.7915348340797425,nan,0.0,nan,0.0,60000,1,False,,,11,-0.9291758670806884,119b2fa4a67349e2aca5076fe8fe04fa,2019-05-30_14-09-40,1559250580,8.742760419845581,95.46774435043335,7686,steropes,169.229.49.254,"{'starting_lr': 0.05, 'momentum': 0.9, 'weight_decay': 0.005, 'steps_per_iteration': None, 'pin': False, 'model_creator': None, 'target_batch_size': 1024, 'model_string': 'resnet18', 'min_batch_size': 512, 'dataset': 'CIFAR', 'placement': None, 'use_nccl': True, 'devices_per_worker': 1, 'primary_resource': 'extra_gpu', 'gpu': False, 'verbose': False, 'lr_config': {'mode': 'log', 'steps': 5, 'initial_lr': 0.05, 'target_lr': 0.05}, 'batch_per_device': 1024}",95.46774435043335,0,11,6857.066476855258,1
0.007187700271606446,0.13282983303070067,0.005014276504516602,0.04347694163419762,0.023607516288757326,nan,0.0,0.04905157089233399,0.6875999569892883,0.8945754036903382,-0.6875999569892883,nan,0.0,nan,0.0,nan,0.0,0.7340999841690063,0.7647650248908997,nan,0.0,nan,0.0,60000,1,False,,,12,-0.8945754036903382,119b2fa4a67349e2aca5076fe8fe04fa,2019-05-30_14-09-48,1559250588,8.655781507492065,104.12352585792542,7686,steropes,169.229.49.254,"{'starting_lr': 0.05, 'momentum': 0.9, 'weight_decay': 0.005, 'steps_per_iteration': None, 'pin': False, 'model_creator': None, 'target_batch_size': 1024, 'model_string': 'resnet18', 'min_batch_size': 512, 'dataset': 'CIFAR', 'placement': None, 'use_nccl': True, 'devices_per_worker': 1, 'primary_resource': 'extra_gpu', 'gpu': False, 'verbose': False, 'lr_config': {'mode': 'log', 'steps': 5, 'initial_lr': 0.05, 'target_lr': 0.05}, 'batch_per_device': 1024}",104.12352585792542,0,12,6829.656271628798,1
0.007003188133239746,0.11911120414733886,0.004575157165527343,0.04333113164317851,0.022270560264587402,nan,0.0,0.04232115745544433,0.67249995470047,0.9664003540039062,-0.67249995470047,nan,0.0,nan,0.0,nan,0.0,0.7505199909210205,0.731095377998352,nan,0.0,nan,0.0,60000,1,False,,,13,-0.9664003540039062,119b2fa4a67349e2aca5076fe8fe04fa,2019-05-30_14-09-56,1559250596,7.314213037490845,111.43773889541626,7686,steropes,169.229.49.254,"{'starting_lr': 0.05, 'momentum': 0.9, 'weight_decay': 0.005, 'steps_per_iteration': None, 'pin': False, 'model_creator': None, 'target_batch_size': 1024, 'model_string': 'resnet18', 'min_batch_size': 512, 'dataset': 'CIFAR', 'placement': None, 'use_nccl': True, 'devices_per_worker': 1, 'primary_resource': 'extra_gpu', 'gpu': False, 'verbose': False, 'lr_config': {'mode': 'log', 'steps': 5, 'initial_lr': 0.05, 'target_lr': 0.05}, 'batch_per_device': 1024}",111.43773889541626,0,13,7067.31598435072,1
0.006978154182434082,0.11637191772460938,0.00453791618347168,0.045515731889374404,0.021337556838989257,nan,0.0,0.042356109619140624,0.621399998664856,1.141144697189331,-0.621399998664856,nan,0.0,nan,0.0,nan,0.0,0.7502599954605103,0.7336958781814575,nan,0.0,nan,0.0,60000,1,False,,,14,-1.141144697189331,119b2fa4a67349e2aca5076fe8fe04fa,2019-05-30_14-10-03,1559250603,7.178676128387451,118.61641502380371,7686,steropes,169.229.49.254,"{'starting_lr': 0.05, 'momentum': 0.9, 'weight_decay': 0.005, 'steps_per_iteration': None, 'pin': False, 'model_creator': None, 'target_batch_size': 1024, 'model_string': 'resnet18', 'min_batch_size': 512, 'dataset': 'CIFAR', 'placement': None, 'use_nccl': True, 'devices_per_worker': 1, 'primary_resource': 'extra_gpu', 'gpu': False, 'verbose': False, 'lr_config': {'mode': 'log', 'steps': 5, 'initial_lr': 0.05, 'target_lr': 0.05}, 'batch_per_device': 1024}",118.61641502380371,0,14,7417.994260426076,1
0.006888723373413086,0.1163773775100708,0.0043469429016113285,0.04333229940764758,0.02030153274536133,nan,0.0,0.041350913047790525,0.6764999628067017,0.930901545715332,-0.6764999628067017,nan,0.0,nan,0.0,nan,0.0,0.7562599778175354,0.712429876537323,nan,0.0,nan,0.0,60000,1,False,,,15,-0.930901545715332,119b2fa4a67349e2aca5076fe8fe04fa,2019-05-30_14-10-10,1559250610,7.137564420700073,125.75397944450378,7686,steropes,169.229.49.254,"{'starting_lr': 0.05, 'momentum': 0.9, 'weight_decay': 0.005, 'steps_per_iteration': None, 'pin': False, 'model_creator': None, 'target_batch_size': 1024, 'model_string': 'resnet18', 'min_batch_size': 512, 'dataset': 'CIFAR', 'placement': None, 'use_nccl': True, 'devices_per_worker': 1, 'primary_resource': 'extra_gpu', 'gpu': False, 'verbose': False, 'lr_config': {'mode': 'log', 'steps': 5, 'initial_lr': 0.05, 'target_lr': 0.05}, 'batch_per_device': 1024}",125.75397944450378,0,15,7686.513222150539,1
0.007247710227966308,0.11625559329986572,0.0046367645263671875,0.04229062430712641,0.02094411849975586,nan,0.0,0.04218058586120606,0.685699999332428,0.902629455947876,-0.685699999332428,nan,0.0,nan,0.0,nan,0.0,0.7582199573516846,0.7068304464530945,nan,0.0,nan,0.0,60000,1,False,,,16,-0.902629455947876,119b2fa4a67349e2aca5076fe8fe04fa,2019-05-30_14-10-17,1559250617,7.074741363525391,132.82872080802917,7686,steropes,169.229.49.254,"{'starting_lr': 0.05, 'momentum': 0.9, 'weight_decay': 0.005, 'steps_per_iteration': None, 'pin': False, 'model_creator': None, 'target_batch_size': 1024, 'model_string': 'resnet18', 'min_batch_size': 512, 'dataset': 'CIFAR', 'placement': None, 'use_nccl': True, 'devices_per_worker': 1, 'primary_resource': 'extra_gpu', 'gpu': False, 'verbose': False, 'lr_config': {'mode': 'log', 'steps': 5, 'initial_lr': 0.05, 'target_lr': 0.05}, 'batch_per_device': 1024}",132.82872080802917,0,16,8029.681811853482,1
0.007338428497314453,0.1149153470993042,0.0046948671340942385,0.04235256934652523,0.0212907075881958,nan,0.0,0.042462944984436035,0.7206999659538269,0.8099350135803223,-0.7206999659538269,nan,0.0,nan,0.0,nan,0.0,0.7622399926185608,0.6954267325782776,nan,0.0,nan,0.0,60000,1,False,,,17,-0.8099350135803223,119b2fa4a67349e2aca5076fe8fe04fa,2019-05-30_14-10-24,1559250624,7.112457752227783,139.94117856025696,7686,steropes,169.229.49.254,"{'starting_lr': 0.05, 'momentum': 0.9, 'weight_decay': 0.005, 'steps_per_iteration': None, 'pin': False, 'model_creator': None, 'target_batch_size': 1024, 'model_string': 'resnet18', 'min_batch_size': 512, 'dataset': 'CIFAR', 'placement': None, 'use_nccl': True, 'devices_per_worker': 1, 'primary_resource': 'extra_gpu', 'gpu': False, 'verbose': False, 'lr_config': {'mode': 'log', 'steps': 5, 'initial_lr': 0.05, 'target_lr': 0.05}, 'batch_per_device': 1024}",139.94117856025696,0,17,8375.661182133364,1
0.006907057762145996,0.11518864631652832,0.004728245735168457,0.04304274734185667,0.020715761184692382,nan,0.0,0.042509031295776364,0.7283999919891357,0.7794648571968079,-0.7283999919891357,nan,0.0,nan,0.0,nan,0.0,0.7678599953651428,0.6779638979911804,nan,0.0,nan,0.0,60000,1,False,,,18,-0.7794648571968079,119b2fa4a67349e2aca5076fe8fe04fa,2019-05-30_14-10-31,1559250631,7.101416349411011,147.04259490966797,7686,steropes,169.229.49.254,"{'starting_lr': 0.05, 'momentum': 0.9, 'weight_decay': 0.005, 'steps_per_iteration': None, 'pin': False, 'model_creator': None, 'target_batch_size': 1024, 'model_string': 'resnet18', 'min_batch_size': 512, 'dataset': 'CIFAR', 'placement': None, 'use_nccl': True, 'devices_per_worker': 1, 'primary_resource': 'extra_gpu', 'gpu': False, 'verbose': False, 'lr_config': {'mode': 'log', 'steps': 5, 'initial_lr': 0.05, 'target_lr': 0.05}, 'batch_per_device': 1024}",147.04259490966797,0,18,8425.71874116672,1
0.007153463363647461,0.11411588191986084,0.004275846481323242,0.04445584452882105,0.020840382575988768,nan,0.0,0.04229106903076172,0.7313999533653259,0.7883933116912841,-0.7313999533653259,nan,0.0,nan,0.0,nan,0.0,0.7760199904441833,0.6556515292358398,nan,0.0,nan,0.0,60000,1,False,,,19,-0.7883933116912841,119b2fa4a67349e2aca5076fe8fe04fa,2019-05-30_14-10-38,1559250638,7.155202388763428,154.1977972984314,7686,steropes,169.229.49.254,"{'starting_lr': 0.05, 'momentum': 0.9, 'weight_decay': 0.005, 'steps_per_iteration': None, 'pin': False, 'model_creator': None, 'target_batch_size': 1024, 'model_string': 'resnet18', 'min_batch_size': 512, 'dataset': 'CIFAR', 'placement': None, 'use_nccl': True, 'devices_per_worker': 1, 'primary_resource': 'extra_gpu', 'gpu': False, 'verbose': False, 'lr_config': {'mode': 'log', 'steps': 5, 'initial_lr': 0.05, 'target_lr': 0.05}, 'batch_per_device': 1024}",154.1977972984314,0,19,8431.276837192125,1
0.006960344314575195,0.11657845973968506,0.004546475410461426,0.04408532259415607,0.020871591567993165,nan,0.0,0.04250931739807129,0.6967999935150146,0.9022214172363281,-0.6967999935150146,nan,0.0,nan,0.0,nan,0.0,0.7775799632072449,0.6590280558013916,nan,0.0,nan,0.0,60000,1,False,,,20,-0.9022214172363281,119b2fa4a67349e2aca5076fe8fe04fa,2019-05-30_14-10-46,1559250646,7.137681007385254,161.33547830581665,7686,steropes,169.229.49.254,"{'starting_lr': 0.05, 'momentum': 0.9, 'weight_decay': 0.005, 'steps_per_iteration': None, 'pin': False, 'model_creator': None, 'target_batch_size': 1024, 'model_string': 'resnet18', 'min_batch_size': 512, 'dataset': 'CIFAR', 'placement': None, 'use_nccl': True, 'devices_per_worker': 1, 'primary_resource': 'extra_gpu', 'gpu': False, 'verbose': False, 'lr_config': {'mode': 'log', 'steps': 5, 'initial_lr': 0.05, 'target_lr': 0.05}, 'batch_per_device': 1024}",161.33547830581665,0,20,8431.250002428951,1
0.007038235664367676,0.11492624282836914,0.0044825077056884766,0.0439170671969044,0.020615220069885254,nan,0.0,0.04251608848571777,0.7328999638557434,0.8034414405822754,-0.7328999638557434,nan,0.0,nan,0.0,nan,0.0,0.7765600085258484,0.6551322455978393,nan,0.0,nan,0.0,60000,1,False,,,21,-0.8034414405822754,119b2fa4a67349e2aca5076fe8fe04fa,2019-05-30_14-10-53,1559250653,7.145051002502441,168.4805293083191,7686,steropes,169.229.49.254,"{'starting_lr': 0.05, 'momentum': 0.9, 'weight_decay': 0.005, 'steps_per_iteration': None, 'pin': False, 'model_creator': None, 'target_batch_size': 1024, 'model_string': 'resnet18', 'min_batch_size': 512, 'dataset': 'CIFAR', 'placement': None, 'use_nccl': True, 'devices_per_worker': 1, 'primary_resource': 'extra_gpu', 'gpu': False, 'verbose': False, 'lr_config': {'mode': 'log', 'steps': 5, 'initial_lr': 0.05, 'target_lr': 0.05}, 'batch_per_device': 1024}",168.4805293083191,0,21,8414.622084662136,1
0.006841850280761719,0.11731572151184082,0.0044577598571777345,0.042749599534638076,0.020613980293273926,nan,0.0,0.04258856773376465,0.6926000118255615,0.9549393165588379,-0.6926000118255615,nan,0.0,nan,0.0,nan,0.0,0.7829599976539612,0.6388178890609741,nan,0.0,nan,0.0,60000,1,False,,,22,-0.9549393165588379,119b2fa4a67349e2aca5076fe8fe04fa,2019-05-30_14-11-00,1559250660,7.101653814315796,175.5821831226349,7686,steropes,169.229.49.254,"{'starting_lr': 0.05, 'momentum': 0.9, 'weight_decay': 0.005, 'steps_per_iteration': None, 'pin': False, 'model_creator': None, 'target_batch_size': 1024, 'model_string': 'resnet18', 'min_batch_size': 512, 'dataset': 'CIFAR', 'placement': None, 'use_nccl': True, 'devices_per_worker': 1, 'primary_resource': 'extra_gpu', 'gpu': False, 'verbose': False, 'lr_config': {'mode': 'log', 'steps': 5, 'initial_lr': 0.05, 'target_lr': 0.05}, 'batch_per_device': 1024}",175.5821831226349,0,22,8417.175444542754,1
0.007308459281921387,0.11613693237304687,0.004486083984375,0.043864045824323385,0.020851278305053712,nan,0.0,0.041840219497680665,0.6969999670982361,0.9191350456237793,-0.6969999670982361,nan,0.0,nan,0.0,nan,0.0,0.7854399681091309,0.6326009279632568,nan,0.0,nan,0.0,60000,1,False,,,23,-0.9191350456237793,119b2fa4a67349e2aca5076fe8fe04fa,2019-05-30_14-11-07,1559250667,7.142476558685303,182.7246596813202,7686,steropes,169.229.49.254,"{'starting_lr': 0.05, 'momentum': 0.9, 'weight_decay': 0.005, 'steps_per_iteration': None, 'pin': False, 'model_creator': None, 'target_batch_size': 1024, 'model_string': 'resnet18', 'min_batch_size': 512, 'dataset': 'CIFAR', 'placement': None, 'use_nccl': True, 'devices_per_worker': 1, 'primary_resource': 'extra_gpu', 'gpu': False, 'verbose': False, 'lr_config': {'mode': 'log', 'steps': 5, 'initial_lr': 0.05, 'target_lr': 0.05}, 'batch_per_device': 1024}",182.7246596813202,0,23,8407.489652361135,1
0.006941747665405273,0.11915299892425538,0.004905486106872558,0.04363954797083018,0.02137577533721924,nan,0.0,0.04284887313842774,0.7311999797821045,0.7906922228813171,-0.7311999797821045,nan,0.0,nan,0.0,nan,0.0,0.7849599719047546,0.6319338399887084,nan,0.0,nan,0.0,60000,1,False,,,24,-0.7906922228813171,119b2fa4a67349e2aca5076fe8fe04fa,2019-05-30_14-11-14,1559250674,7.166153430938721,189.8908131122589,7686,steropes,169.229.49.254,"{'starting_lr': 0.05, 'momentum': 0.9, 'weight_decay': 0.005, 'steps_per_iteration': None, 'pin': False, 'model_creator': None, 'target_batch_size': 1024, 'model_string': 'resnet18', 'min_batch_size': 512, 'dataset': 'CIFAR', 'placement': None, 'use_nccl': True, 'devices_per_worker': 1, 'primary_resource': 'extra_gpu', 'gpu': False, 'verbose': False, 'lr_config': {'mode': 'log', 'steps': 5, 'initial_lr': 0.05, 'target_lr': 0.05}, 'batch_per_device': 1024}",189.8908131122589,0,24,8404.91145501123,1
0.008794760704040528,0.1206573486328125,0.004361629486083984,0.044984369861836335,0.020307016372680665,nan,0.0,0.04220225811004639,0.7371000051498413,0.7781436358451843,-0.7371000051498413,nan,0.0,nan,0.0,nan,0.0,0.7892000079154968,0.6168237905120849,nan,0.0,nan,0.0,60000,1,False,,,25,-0.7781436358451843,119b2fa4a67349e2aca5076fe8fe04fa,2019-05-30_14-11-21,1559250681,7.250434398651123,197.14124751091003,7686,steropes,169.229.49.254,"{'starting_lr': 0.05, 'momentum': 0.9, 'weight_decay': 0.005, 'steps_per_iteration': None, 'pin': False, 'model_creator': None, 'target_batch_size': 1024, 'model_string': 'resnet18', 'min_batch_size': 512, 'dataset': 'CIFAR', 'placement': None, 'use_nccl': True, 'devices_per_worker': 1, 'primary_resource': 'extra_gpu', 'gpu': False, 'verbose': False, 'lr_config': {'mode': 'log', 'steps': 5, 'initial_lr': 0.05, 'target_lr': 0.05}, 'batch_per_device': 1024}",197.14124751091003,0,25,8378.443774719137,1
0.006958961486816406,0.11531672477722169,0.004636979103088379,0.044202103906748245,0.02039177417755127,nan,0.0,0.041919922828674315,0.7157999873161316,0.8177585712432861,-0.7157999873161316,nan,0.0,nan,0.0,nan,0.0,0.7945599555969238,0.605169054145813,nan,0.0,nan,0.0,60000,1,False,,,26,-0.8177585712432861,119b2fa4a67349e2aca5076fe8fe04fa,2019-05-30_14-11-29,1559250689,7.197951316833496,204.33919882774353,7686,steropes,169.229.49.254,"{'starting_lr': 0.05, 'momentum': 0.9, 'weight_decay': 0.005, 'steps_per_iteration': None, 'pin': False, 'model_creator': None, 'target_batch_size': 1024, 'model_string': 'resnet18', 'min_batch_size': 512, 'dataset': 'CIFAR', 'placement': None, 'use_nccl': True, 'devices_per_worker': 1, 'primary_resource': 'extra_gpu', 'gpu': False, 'verbose': False, 'lr_config': {'mode': 'log', 'steps': 5, 'initial_lr': 0.05, 'target_lr': 0.05}, 'batch_per_device': 1024}",204.33919882774353,0,26,8366.083713947482,1
0.0070103883743286135,0.1307957410812378,0.004492378234863282,0.04504460704569914,0.020267415046691894,nan,0.0,0.041421699523925784,0.7228999733924866,0.8258030905723571,-0.7228999733924866,nan,0.0,nan,0.0,nan,0.0,0.7945399880409241,0.6070535685920715,nan,0.0,nan,0.0,60000,1,False,,,27,-0.8258030905723571,119b2fa4a67349e2aca5076fe8fe04fa,2019-05-30_14-11-36,1559250696,7.3131396770477295,211.65233850479126,7686,steropes,169.229.49.254,"{'starting_lr': 0.05, 'momentum': 0.9, 'weight_decay': 0.005, 'steps_per_iteration': None, 'pin': False, 'model_creator': None, 'target_batch_size': 1024, 'model_string': 'resnet18', 'min_batch_size': 512, 'dataset': 'CIFAR', 'placement': None, 'use_nccl': True, 'devices_per_worker': 1, 'primary_resource': 'extra_gpu', 'gpu': False, 'verbose': False, 'lr_config': {'mode': 'log', 'steps': 5, 'initial_lr': 0.05, 'target_lr': 0.05}, 'batch_per_device': 1024}",211.65233850479126,0,27,8317.029976615253,1
0.007263803482055664,0.11727509498596192,0.005181360244750977,0.04320438540711695,0.021031737327575684,nan,0.0,0.041693615913391116,0.7321999669075012,0.8128203022956848,-0.7321999669075012,nan,0.0,nan,0.0,nan,0.0,0.7957800030708313,0.6010915670394897,nan,0.0,nan,0.0,60000,1,False,,,28,-0.8128203022956848,119b2fa4a67349e2aca5076fe8fe04fa,2019-05-30_14-11-43,1559250703,7.188001871109009,218.84034037590027,7686,steropes,169.229.49.254,"{'starting_lr': 0.05, 'momentum': 0.9, 'weight_decay': 0.005, 'steps_per_iteration': None, 'pin': False, 'model_creator': None, 'target_batch_size': 1024, 'model_string': 'resnet18', 'min_batch_size': 512, 'dataset': 'CIFAR', 'placement': None, 'use_nccl': True, 'devices_per_worker': 1, 'primary_resource': 'extra_gpu', 'gpu': False, 'verbose': False, 'lr_config': {'mode': 'log', 'steps': 5, 'initial_lr': 0.05, 'target_lr': 0.05}, 'batch_per_device': 1024}",218.84034037590027,0,28,8306.546135548611,1
0.007246661186218262,0.12022411823272705,0.004369711875915528,0.04281826895110461,0.020697665214538575,nan,0.0,0.041440701484680174,0.7572999596595764,0.7110041770935058,-0.7572999596595764,nan,0.0,nan,0.0,nan,0.0,0.7971400022506714,0.5963902145767211,nan,0.0,nan,0.0,60000,1,False,,,29,-0.7110041770935058,119b2fa4a67349e2aca5076fe8fe04fa,2019-05-30_14-11-50,1559250710,7.110056400299072,225.95039677619934,7686,steropes,169.229.49.254,"{'starting_lr': 0.05, 'momentum': 0.9, 'weight_decay': 0.005, 'steps_per_iteration': None, 'pin': False, 'model_creator': None, 'target_batch_size': 1024, 'model_string': 'resnet18', 'min_batch_size': 512, 'dataset': 'CIFAR', 'placement': None, 'use_nccl': True, 'devices_per_worker': 1, 'primary_resource': 'extra_gpu', 'gpu': False, 'verbose': False, 'lr_config': {'mode': 'log', 'steps': 5, 'initial_lr': 0.05, 'target_lr': 0.05}, 'batch_per_device': 1024}",225.95039677619934,0,29,8319.46701721821,1
0.007086920738220215,0.1159041166305542,0.004668235778808594,0.04516207441991689,0.020920324325561523,nan,0.0,0.0413130521774292,0.7515000104904175,0.7207856064796447,-0.7515000104904175,nan,0.0,nan,0.0,nan,0.0,0.7969599962234497,0.5975989248657226,nan,0.0,nan,0.0,60000,1,False,,,30,-0.7207856064796447,119b2fa4a67349e2aca5076fe8fe04fa,2019-05-30_14-11-57,1559250717,7.202207088470459,233.1526038646698,7686,steropes,169.229.49.254,"{'starting_lr': 0.05, 'momentum': 0.9, 'weight_decay': 0.005, 'steps_per_iteration': None, 'pin': False, 'model_creator': None, 'target_batch_size': 1024, 'model_string': 'resnet18', 'min_batch_size': 512, 'dataset': 'CIFAR', 'placement': None, 'use_nccl': True, 'devices_per_worker': 1, 'primary_resource': 'extra_gpu', 'gpu': False, 'verbose': False, 'lr_config': {'mode': 'log', 'steps': 5, 'initial_lr': 0.05, 'target_lr': 0.05}, 'batch_per_device': 1024}",233.1526038646698,0,30,8330.609077777846,1
0.006844115257263183,0.1144601821899414,0.004330730438232422,0.04612197681349151,0.02050018310546875,nan,0.0,0.04182798862457275,0.7515999674797058,0.7286474587440491,-0.7515999674797058,nan,0.0,nan,0.0,nan,0.0,0.799299955368042,0.5861657149887085,nan,0.0,nan,0.0,60000,1,False,,,31,-0.7286474587440491,119b2fa4a67349e2aca5076fe8fe04fa,2019-05-30_14-12-05,1559250725,7.262113094329834,240.41471695899963,7686,steropes,169.229.49.254,"{'starting_lr': 0.05, 'momentum': 0.9, 'weight_decay': 0.005, 'steps_per_iteration': None, 'pin': False, 'model_creator': None, 'target_batch_size': 1024, 'model_string': 'resnet18', 'min_batch_size': 512, 'dataset': 'CIFAR', 'placement': None, 'use_nccl': True, 'devices_per_worker': 1, 'primary_resource': 'extra_gpu', 'gpu': False, 'verbose': False, 'lr_config': {'mode': 'log', 'steps': 5, 'initial_lr': 0.05, 'target_lr': 0.05}, 'batch_per_device': 1024}",240.41471695899963,0,31,8315.793031304807,1
0.0069541454315185545,0.11938576698303223,0.004668521881103516,0.043484371535632074,0.020612645149230956,nan,0.0,0.042129015922546385,0.7556999921798706,0.7436405334472657,-0.7556999921798706,nan,0.0,nan,0.0,nan,0.0,0.7996599674224854,0.5848554934501647,nan,0.0,nan,0.0,60000,1,False,,,32,-0.7436405334472657,119b2fa4a67349e2aca5076fe8fe04fa,2019-05-30_14-12-12,1559250732,7.193583250045776,247.6083002090454,7686,steropes,169.229.49.254,"{'starting_lr': 0.05, 'momentum': 0.9, 'weight_decay': 0.005, 'steps_per_iteration': None, 'pin': False, 'model_creator': None, 'target_batch_size': 1024, 'model_string': 'resnet18', 'min_batch_size': 512, 'dataset': 'CIFAR', 'placement': None, 'use_nccl': True, 'devices_per_worker': 1, 'primary_resource': 'extra_gpu', 'gpu': False, 'verbose': False, 'lr_config': {'mode': 'log', 'steps': 5, 'initial_lr': 0.05, 'target_lr': 0.05}, 'batch_per_device': 1024}",247.6083002090454,0,32,8343.445817756041,1
0.007323217391967773,0.11593120098114014,0.004552888870239258,0.042837493273676655,0.02177848815917969,nan,0.0,0.04237308502197266,0.7369999885559082,0.8071168620109558,-0.7369999885559082,nan,0.0,nan,0.0,nan,0.0,0.8034799695014954,0.5827506832122803,nan,0.0,nan,0.0,60000,1,False,,,33,-0.8071168620109558,119b2fa4a67349e2aca5076fe8fe04fa,2019-05-30_14-12-19,1559250739,7.12071418762207,254.72901439666748,7686,steropes,169.229.49.254,"{'starting_lr': 0.05, 'momentum': 0.9, 'weight_decay': 0.005, 'steps_per_iteration': None, 'pin': False, 'model_creator': None, 'target_batch_size': 1024, 'model_string': 'resnet18', 'min_batch_size': 512, 'dataset': 'CIFAR', 'placement': None, 'use_nccl': True, 'devices_per_worker': 1, 'primary_resource': 'extra_gpu', 'gpu': False, 'verbose': False, 'lr_config': {'mode': 'log', 'steps': 5, 'initial_lr': 0.05, 'target_lr': 0.05}, 'batch_per_device': 1024}",254.72901439666748,0,33,8359.090879830595,1
0.007187771797180176,0.11777267456054688,0.004815196990966797,0.04772751671927316,0.02112889289855957,nan,0.0,0.04309647083282471,0.7502999901771545,0.7697911764144898,-0.7502999901771545,nan,0.0,nan,0.0,nan,0.0,0.8022800087928772,0.586888865737915,nan,0.0,nan,0.0,60000,1,False,,,34,-0.7697911764144898,119b2fa4a67349e2aca5076fe8fe04fa,2019-05-30_14-12-26,1559250746,7.379104375839233,262.1081187725067,7686,steropes,169.229.49.254,"{'starting_lr': 0.05, 'momentum': 0.9, 'weight_decay': 0.005, 'steps_per_iteration': None, 'pin': False, 'model_creator': None, 'target_batch_size': 1024, 'model_string': 'resnet18', 'min_batch_size': 512, 'dataset': 'CIFAR', 'placement': None, 'use_nccl': True, 'devices_per_worker': 1, 'primary_resource': 'extra_gpu', 'gpu': False, 'verbose': False, 'lr_config': {'mode': 'log', 'steps': 5, 'initial_lr': 0.05, 'target_lr': 0.05}, 'batch_per_device': 1024}",262.1081187725067,0,34,8296.893475767389,1
0.007216858863830567,0.12002520561218262,0.004368829727172852,0.043110735562382915,0.020881342887878417,nan,0.0,0.041768336296081544,0.7023999691009521,0.9184050179481507,-0.7023999691009521,nan,0.0,nan,0.0,nan,0.0,0.8048200011253357,0.5758804435348511,nan,0.0,nan,0.0,60000,1,False,,,35,-0.9184050179481507,119b2fa4a67349e2aca5076fe8fe04fa,2019-05-30_14-12-34,1559250754,7.171924352645874,269.2800431251526,7686,steropes,169.229.49.254,"{'starting_lr': 0.05, 'momentum': 0.9, 'weight_decay': 0.005, 'steps_per_iteration': None, 'pin': False, 'model_creator': None, 'target_batch_size': 1024, 'model_string': 'resnet18', 'min_batch_size': 512, 'dataset': 'CIFAR', 'placement': None, 'use_nccl': True, 'devices_per_worker': 1, 'primary_resource': 'extra_gpu', 'gpu': False, 'verbose': False, 'lr_config': {'mode': 'log', 'steps': 5, 'initial_lr': 0.05, 'target_lr': 0.05}, 'batch_per_device': 1024}",269.2800431251526,0,35,8303.84654178372,1
0.0070486307144165036,0.11438593864440919,0.004458475112915039,0.04517708505902972,0.020464444160461427,nan,0.0,0.04129350185394287,0.7055000066757202,0.9307467470169067,-0.7055000066757202,nan,0.0,nan,0.0,nan,0.0,0.8078799843788147,0.5660074446678162,nan,0.0,nan,0.0,60000,1,False,,,36,-0.9307467470169067,119b2fa4a67349e2aca5076fe8fe04fa,2019-05-30_14-12-41,1559250761,7.196654319763184,276.47669744491577,7686,steropes,169.229.49.254,"{'starting_lr': 0.05, 'momentum': 0.9, 'weight_decay': 0.005, 'steps_per_iteration': None, 'pin': False, 'model_creator': None, 'target_batch_size': 1024, 'model_string': 'resnet18', 'min_batch_size': 512, 'dataset': 'CIFAR', 'placement': None, 'use_nccl': True, 'devices_per_worker': 1, 'primary_resource': 'extra_gpu', 'gpu': False, 'verbose': False, 'lr_config': {'mode': 'log', 'steps': 5, 'initial_lr': 0.05, 'target_lr': 0.05}, 'batch_per_device': 1024}",276.47669744491577,0,36,8318.91858881937,1
0.00692439079284668,0.11739683151245117,0.004895353317260742,0.04541518250290228,0.020519304275512695,nan,0.0,0.0413665771484375,0.7303000092506409,0.7940520983695983,-0.7303000092506409,nan,0.0,nan,0.0,nan,0.0,0.8038600087165833,0.577961114616394,nan,0.0,nan,0.0,60000,1,False,,,37,-0.7940520983695983,119b2fa4a67349e2aca5076fe8fe04fa,2019-05-30_14-12-48,1559250768,7.289623260498047,283.7663207054138,7686,steropes,169.229.49.254,"{'starting_lr': 0.05, 'momentum': 0.9, 'weight_decay': 0.005, 'steps_per_iteration': None, 'pin': False, 'model_creator': None, 'target_batch_size': 1024, 'model_string': 'resnet18', 'min_batch_size': 512, 'dataset': 'CIFAR', 'placement': None, 'use_nccl': True, 'devices_per_worker': 1, 'primary_resource': 'extra_gpu', 'gpu': False, 'verbose': False, 'lr_config': {'mode': 'log', 'steps': 5, 'initial_lr': 0.05, 'target_lr': 0.05}, 'batch_per_device': 1024}",283.7663207054138,0,37,8296.821480824787,1
0.0070542097091674805,0.11855921745300294,0.004838705062866211,0.042518586528544525,0.021257662773132326,nan,0.0,0.04304738044738769,0.7555999755859375,0.7505586547851563,-0.7555999755859375,nan,0.0,nan,0.0,nan,0.0,0.8078599572181702,0.5678513954544068,nan,0.0,nan,0.0,60000,1,False,,,38,-0.7505586547851563,119b2fa4a67349e2aca5076fe8fe04fa,2019-05-30_14-12-55,1559250775,7.166459083557129,290.93277978897095,7686,steropes,169.229.49.254,"{'starting_lr': 0.05, 'momentum': 0.9, 'weight_decay': 0.005, 'steps_per_iteration': None, 'pin': False, 'model_creator': None, 'target_batch_size': 1024, 'model_string': 'resnet18', 'min_batch_size': 512, 'dataset': 'CIFAR', 'placement': None, 'use_nccl': True, 'devices_per_worker': 1, 'primary_resource': 'extra_gpu', 'gpu': False, 'verbose': False, 'lr_config': {'mode': 'log', 'steps': 5, 'initial_lr': 0.05, 'target_lr': 0.05}, 'batch_per_device': 1024}",290.93277978897095,0,38,8286.336488278852,1
0.007208776473999023,0.1286299228668213,0.004277348518371582,0.045037220935432276,0.02080087661743164,nan,0.0,0.04192357063293457,0.7454999685287476,0.7429381764411926,-0.7454999685287476,nan,0.0,nan,0.0,nan,0.0,0.8071199655532837,0.5723610897827148,nan,0.0,nan,0.0,60000,1,False,,,39,-0.7429381764411926,119b2fa4a67349e2aca5076fe8fe04fa,2019-05-30_14-13-03,1559250783,7.331449508666992,298.26422929763794,7686,steropes,169.229.49.254,"{'starting_lr': 0.05, 'momentum': 0.9, 'weight_decay': 0.005, 'steps_per_iteration': None, 'pin': False, 'model_creator': None, 'target_batch_size': 1024, 'model_string': 'resnet18', 'min_batch_size': 512, 'dataset': 'CIFAR', 'placement': None, 'use_nccl': True, 'devices_per_worker': 1, 'primary_resource': 'extra_gpu', 'gpu': False, 'verbose': False, 'lr_config': {'mode': 'log', 'steps': 5, 'initial_lr': 0.05, 'target_lr': 0.05}, 'batch_per_device': 1024}",298.26422929763794,0,39,8297.257353821338,1
0.00694429874420166,0.11747939586639404,0.004267072677612305,0.04421415134352081,0.02057030200958252,nan,0.0,0.041275525093078615,0.7545999884605408,0.723333482170105,-0.7545999884605408,nan,0.0,nan,0.0,nan,0.0,0.8129400014877319,0.551808599243164,nan,0.0,nan,0.0,60000,1,False,,,40,-0.723333482170105,119b2fa4a67349e2aca5076fe8fe04fa,2019-05-30_14-13-10,1559250790,7.177669048309326,305.44189834594727,7686,steropes,169.229.49.254,"{'starting_lr': 0.05, 'momentum': 0.9, 'weight_decay': 0.005, 'steps_per_iteration': None, 'pin': False, 'model_creator': None, 'target_batch_size': 1024, 'model_string': 'resnet18', 'min_batch_size': 512, 'dataset': 'CIFAR', 'placement': None, 'use_nccl': True, 'devices_per_worker': 1, 'primary_resource': 'extra_gpu', 'gpu': False, 'verbose': False, 'lr_config': {'mode': 'log', 'steps': 5, 'initial_lr': 0.05, 'target_lr': 0.05}, 'batch_per_device': 1024}",305.44189834594727,0,40,8295.94205076159,1
0.007200813293457032,0.11633477210998536,0.004828500747680664,0.04331849545848613,0.0206162691116333,nan,0.0,0.04173386096954346,0.7256999611854553,0.8449267826080322,-0.7256999611854553,nan,0.0,nan,0.0,nan,0.0,0.806439995765686,0.572389816570282,nan,0.0,nan,0.0,60000,1,False,,,41,-0.8449267826080322,119b2fa4a67349e2aca5076fe8fe04fa,2019-05-30_14-13-17,1559250797,7.193860054016113,312.6357583999634,7686,steropes,169.229.49.254,"{'starting_lr': 0.05, 'momentum': 0.9, 'weight_decay': 0.005, 'steps_per_iteration': None, 'pin': False, 'model_creator': None, 'target_batch_size': 1024, 'model_string': 'resnet18', 'min_batch_size': 512, 'dataset': 'CIFAR', 'placement': None, 'use_nccl': True, 'devices_per_worker': 1, 'primary_resource': 'extra_gpu', 'gpu': False, 'verbose': False, 'lr_config': {'mode': 'log', 'steps': 5, 'initial_lr': 0.05, 'target_lr': 0.05}, 'batch_per_device': 1024}",312.6357583999634,0,41,8296.585044217883,1
0.006941771507263184,0.11499700546264649,0.004329943656921386,0.04274973090814085,0.020231246948242188,nan,0.0,0.042943930625915526,0.6419000029563904,1.1018335542678832,-0.6419000029563904,nan,0.0,nan,0.0,nan,0.0,0.8096399903297424,0.5623580754280091,nan,0.0,nan,0.0,60000,1,False,,,42,-1.1018335542678832,119b2fa4a67349e2aca5076fe8fe04fa,2019-05-30_14-13-24,1559250804,7.097785234451294,319.7335436344147,7686,steropes,169.229.49.254,"{'starting_lr': 0.05, 'momentum': 0.9, 'weight_decay': 0.005, 'steps_per_iteration': None, 'pin': False, 'model_creator': None, 'target_batch_size': 1024, 'model_string': 'resnet18', 'min_batch_size': 512, 'dataset': 'CIFAR', 'placement': None, 'use_nccl': True, 'devices_per_worker': 1, 'primary_resource': 'extra_gpu', 'gpu': False, 'verbose': False, 'lr_config': {'mode': 'log', 'steps': 5, 'initial_lr': 0.05, 'target_lr': 0.05}, 'batch_per_device': 1024}",319.7335436344147,0,42,8340.837521264462,1
0.007070851325988769,0.11431725025177002,0.004424452781677246,0.04416271618434361,0.02063727378845215,nan,0.0,0.04245800971984863,0.7949999570846558,0.6180500407218933,-0.7949999570846558,nan,0.0,nan,0.0,nan,0.0,0.8081799745559692,0.5645342630577087,nan,0.0,nan,0.0,60000,1,False,,,43,-0.6180500407218933,119b2fa4a67349e2aca5076fe8fe04fa,2019-05-30_14-13-31,1559250811,7.137467861175537,326.8710114955902,7686,steropes,169.229.49.254,"{'starting_lr': 0.05, 'momentum': 0.9, 'weight_decay': 0.005, 'steps_per_iteration': None, 'pin': False, 'model_creator': None, 'target_batch_size': 1024, 'model_string': 'resnet18', 'min_batch_size': 512, 'dataset': 'CIFAR', 'placement': None, 'use_nccl': True, 'devices_per_worker': 1, 'primary_resource': 'extra_gpu', 'gpu': False, 'verbose': False, 'lr_config': {'mode': 'log', 'steps': 5, 'initial_lr': 0.05, 'target_lr': 0.05}, 'batch_per_device': 1024}",326.8710114955902,0,43,8347.567684334033,1
0.007231402397155762,0.1166419267654419,0.004623532295227051,0.04757597981667032,0.021204805374145506,nan,0.0,0.041466283798217776,0.7714999914169312,0.6945648571014404,-0.7714999914169312,nan,0.0,nan,0.0,nan,0.0,0.8171399831771851,0.541793970336914,nan,0.0,nan,0.0,60000,1,False,,,44,-0.6945648571014404,119b2fa4a67349e2aca5076fe8fe04fa,2019-05-30_14-13-39,1559250819,7.340949058532715,334.2119605541229,7686,steropes,169.229.49.254,"{'starting_lr': 0.05, 'momentum': 0.9, 'weight_decay': 0.005, 'steps_per_iteration': None, 'pin': False, 'model_creator': None, 'target_batch_size': 1024, 'model_string': 'resnet18', 'min_batch_size': 512, 'dataset': 'CIFAR', 'placement': None, 'use_nccl': True, 'devices_per_worker': 1, 'primary_resource': 'extra_gpu', 'gpu': False, 'verbose': False, 'lr_config': {'mode': 'log', 'steps': 5, 'initial_lr': 0.05, 'target_lr': 0.05}, 'batch_per_device': 1024}",334.2119605541229,0,44,8345.361723555343,1
0.007163381576538086,0.11869869232177735,0.0045623302459716795,0.05026959886356276,0.020958948135375976,nan,0.0,0.041833353042602536,0.717799961566925,0.8656046131134033,-0.717799961566925,nan,0.0,nan,0.0,nan,0.0,0.8125399947166443,0.5553457003974914,nan,0.0,nan,0.0,60000,1,False,,,45,-0.8656046131134033,119b2fa4a67349e2aca5076fe8fe04fa,2019-05-30_14-13-46,1559250826,7.476833820343018,341.68879437446594,7686,steropes,169.229.49.254,"{'starting_lr': 0.05, 'momentum': 0.9, 'weight_decay': 0.005, 'steps_per_iteration': None, 'pin': False, 'model_creator': None, 'target_batch_size': 1024, 'model_string': 'resnet18', 'min_batch_size': 512, 'dataset': 'CIFAR', 'placement': None, 'use_nccl': True, 'devices_per_worker': 1, 'primary_resource': 'extra_gpu', 'gpu': False, 'verbose': False, 'lr_config': {'mode': 'log', 'steps': 5, 'initial_lr': 0.05, 'target_lr': 0.05}, 'batch_per_device': 1024}",341.68879437446594,0,45,8276.482736364957,1
0.00703742504119873,0.11738817691802979,0.005048203468322754,0.042970516243759464,0.020962905883789063,nan,0.0,0.042134451866149905,0.7698000073432922,0.6773160869598389,-0.7698000073432922,nan,0.0,nan,0.0,nan,0.0,0.8115999698638916,0.5575578889083862,nan,0.0,nan,0.0,60000,1,False,,,46,-0.6773160869598389,119b2fa4a67349e2aca5076fe8fe04fa,2019-05-30_14-13-53,1559250833,7.204495429992676,348.8932898044586,7686,steropes,169.229.49.254,"{'starting_lr': 0.05, 'momentum': 0.9, 'weight_decay': 0.005, 'steps_per_iteration': None, 'pin': False, 'model_creator': None, 'target_batch_size': 1024, 'model_string': 'resnet18', 'min_batch_size': 512, 'dataset': 'CIFAR', 'placement': None, 'use_nccl': True, 'devices_per_worker': 1, 'primary_resource': 'extra_gpu', 'gpu': False, 'verbose': False, 'lr_config': {'mode': 'log', 'steps': 5, 'initial_lr': 0.05, 'target_lr': 0.05}, 'batch_per_device': 1024}",348.8932898044586,0,46,8274.053508532934,1
0.007117462158203125,0.11588187217712402,0.00467073917388916,0.045746433491609534,0.020573902130126952,nan,0.0,0.041347932815551755,0.7375999689102173,0.8139336108207703,-0.7375999689102173,nan,0.0,nan,0.0,nan,0.0,0.8130599856376648,0.55731392786026,nan,0.0,nan,0.0,60000,1,False,,,47,-0.8139336108207703,119b2fa4a67349e2aca5076fe8fe04fa,2019-05-30_14-14-01,1559250841,7.244258403778076,356.1375482082367,7686,steropes,169.229.49.254,"{'starting_lr': 0.05, 'momentum': 0.9, 'weight_decay': 0.005, 'steps_per_iteration': None, 'pin': False, 'model_creator': None, 'target_batch_size': 1024, 'model_string': 'resnet18', 'min_batch_size': 512, 'dataset': 'CIFAR', 'placement': None, 'use_nccl': True, 'devices_per_worker': 1, 'primary_resource': 'extra_gpu', 'gpu': False, 'verbose': False, 'lr_config': {'mode': 'log', 'steps': 5, 'initial_lr': 0.05, 'target_lr': 0.05}, 'batch_per_device': 1024}",356.1375482082367,0,47,8240.760731470311,1
0.0069816350936889645,0.12076599597930908,0.004549407958984375,0.046520612677749325,0.020398807525634766,nan,0.0,0.04293079376220703,0.7656999826431274,0.6963186688423156,-0.7656999826431274,nan,0.0,nan,0.0,nan,0.0,0.8172999620437622,0.5418038446044922,nan,0.0,nan,0.0,60000,1,False,,,48,-0.6963186688423156,119b2fa4a67349e2aca5076fe8fe04fa,2019-05-30_14-14-08,1559250848,7.379544019699097,363.5170922279358,7686,steropes,169.229.49.254,"{'starting_lr': 0.05, 'momentum': 0.9, 'weight_decay': 0.005, 'steps_per_iteration': None, 'pin': False, 'model_creator': None, 'target_batch_size': 1024, 'model_string': 'resnet18', 'min_batch_size': 512, 'dataset': 'CIFAR', 'placement': None, 'use_nccl': True, 'devices_per_worker': 1, 'primary_resource': 'extra_gpu', 'gpu': False, 'verbose': False, 'lr_config': {'mode': 'log', 'steps': 5, 'initial_lr': 0.05, 'target_lr': 0.05}, 'batch_per_device': 1024}",363.5170922279358,0,48,8186.323882293046,1
0.007043218612670899,0.11784904003143311,0.004562783241271973,0.04437019387070013,0.020995903015136718,nan,0.0,0.0419450044631958,0.7563999891281128,0.7422093079566956,-0.7563999891281128,nan,0.0,nan,0.0,nan,0.0,0.8186599612236023,0.5353342319107056,nan,0.0,nan,0.0,60000,1,False,,,49,-0.7422093079566956,119b2fa4a67349e2aca5076fe8fe04fa,2019-05-30_14-14-15,1559250855,7.239010810852051,370.75610303878784,7686,steropes,169.229.49.254,"{'starting_lr': 0.05, 'momentum': 0.9, 'weight_decay': 0.005, 'steps_per_iteration': None, 'pin': False, 'model_creator': None, 'target_batch_size': 1024, 'model_string': 'resnet18', 'min_batch_size': 512, 'dataset': 'CIFAR', 'placement': None, 'use_nccl': True, 'devices_per_worker': 1, 'primary_resource': 'extra_gpu', 'gpu': False, 'verbose': False, 'lr_config': {'mode': 'log', 'steps': 5, 'initial_lr': 0.05, 'target_lr': 0.05}, 'batch_per_device': 1024}",370.75610303878784,0,49,8209.159494926544,1
0.006868743896484375,0.11825919151306152,0.004415988922119141,0.04443087383192413,0.020276331901550294,nan,0.0,0.04197583198547363,0.7282999753952026,0.80787691116333,-0.7282999753952026,nan,0.0,nan,0.0,nan,0.0,0.8160399794578552,0.5477938235664368,nan,0.0,nan,0.0,60000,1,False,,,50,-0.80787691116333,119b2fa4a67349e2aca5076fe8fe04fa,2019-05-30_14-14-22,1559250862,7.172569990158081,377.9286730289459,7686,steropes,169.229.49.254,"{'starting_lr': 0.05, 'momentum': 0.9, 'weight_decay': 0.005, 'steps_per_iteration': None, 'pin': False, 'model_creator': None, 'target_batch_size': 1024, 'model_string': 'resnet18', 'min_batch_size': 512, 'dataset': 'CIFAR', 'placement': None, 'use_nccl': True, 'devices_per_worker': 1, 'primary_resource': 'extra_gpu', 'gpu': False, 'verbose': False, 'lr_config': {'mode': 'log', 'steps': 5, 'initial_lr': 0.05, 'target_lr': 0.05}, 'batch_per_device': 1024}",377.9286730289459,0,50,8278.080830738556,1
