apply,batch_time,d2h,data_time,fwd,get_state_time_mean,get_state_time_total,grad,mean_accuracy,mean_loss,neg_mean_accuracy,set_state_time_mean,set_state_time_total,setup_model_time_mean,setup_model_time_total,setup_proc_time_mean,setup_proc_time_total,train_accuracy,train_loss,training_time_mean,training_time_total,val_accuracy,val_loss,validation_time_mean,validation_time_total,samples,num_workers,done,timesteps_total,episodes_total,training_iteration,neg_mean_loss,experiment_id,date,timestamp,time_this_iter_s,time_total_s,pid,hostname,node_ip,config,time_since_restore,timesteps_since_restore,iterations_since_restore,mean_throughput,atoms,setup_time
0.017252278327941895,0.04146532469157931,0.0007596015930175781,0.001774806805583827,0.11633758544921875,nan,0.0,0.16563708782196046,0.08549999445676804,924.4748746757507,-0.08549999445676804,nan,0.0,8.919668912887573,8.919668912887573,1.8285443782806396,1.8285443782806396,0.10051999986171722,5.030801027679443,nan,0.0,0.08549999445676804,924.4748746757507,nan,0.0,60000,1,False,,,1,-924.4748746757507,b294e26fb4024f24b565d7a567d844f3,2019-06-03_03-34-45,1559558085,45.712743520736694,45.712743520736694,13444,steropes,169.229.49.254,"{'starting_lr': 0.05, 'momentum': 0.997, 'weight_decay': 0.0001, 'steps_per_iteration': None, 'pin': False, 'model_creator': None, 'target_batch_size': 128, 'model_string': 'resnet50', 'min_batch_size': 128, 'dataset': 'CIFAR', 'placement': None, 'use_nccl': True, 'devices_per_worker': 1, 'primary_resource': 'extra_gpu', 'gpu': False, 'verbose': False, 'lr_config': {'mode': 'log', 'steps': 5, 'initial_lr': 0.05, 'target_lr': 0.05}, 'batch_per_device': 128}",45.712743520736694,0,1,1312.541773801261,1,10.843422889709473
0.017125582695007323,0.031640321393556235,0.0007271766662597656,0.0017464587755520325,0.027991390228271483,nan,0.0,0.047034192085266116,0.09299999475479126,514.0411138587951,-0.10049999505281448,nan,0.0,nan,0.0,nan,0.0,0.10213999450206757,2.5520691439819334,nan,0.0,0.10049999505281448,103.6073530418396,nan,0.0,60000,1,False,,,2,-514.0411138587951,b294e26fb4024f24b565d7a567d844f3,2019-06-03_03-35-26,1559558126,40.46774959564209,86.18049311637878,13444,steropes,169.229.49.254,"{'starting_lr': 0.05, 'momentum': 0.997, 'weight_decay': 0.0001, 'steps_per_iteration': None, 'pin': False, 'model_creator': None, 'target_batch_size': 128, 'model_string': 'resnet50', 'min_batch_size': 128, 'dataset': 'CIFAR', 'placement': None, 'use_nccl': True, 'devices_per_worker': 1, 'primary_resource': 'extra_gpu', 'gpu': False, 'verbose': False, 'lr_config': {'mode': 'log', 'steps': 5, 'initial_lr': 0.05, 'target_lr': 0.05}, 'batch_per_device': 128}",86.18049311637878,0,2,1392.423559950377,1,10.843422889709473
0.017137718200683594,0.03170528894738306,0.0007750749588012696,0.0017555711214499706,0.02785205841064453,nan,0.0,0.04731659889221192,0.10023332883914311,343.4696678501129,-0.11469999700784683,nan,0.0,nan,0.0,nan,0.0,0.10947999358177185,2.354669449462891,nan,0.0,0.11469999700784683,2.326775832748413,nan,0.0,60000,1,False,,,3,-343.4696678501129,b294e26fb4024f24b565d7a567d844f3,2019-06-03_03-36-06,1559558166,40.36091685295105,126.54140996932983,13444,steropes,169.229.49.254,"{'starting_lr': 0.05, 'momentum': 0.997, 'weight_decay': 0.0001, 'steps_per_iteration': None, 'pin': False, 'model_creator': None, 'target_batch_size': 128, 'model_string': 'resnet50', 'min_batch_size': 128, 'dataset': 'CIFAR', 'placement': None, 'use_nccl': True, 'devices_per_worker': 1, 'primary_resource': 'extra_gpu', 'gpu': False, 'verbose': False, 'lr_config': {'mode': 'log', 'steps': 5, 'initial_lr': 0.05, 'target_lr': 0.05}, 'batch_per_device': 128}",126.54140996932983,0,3,1422.4540924733024,1,10.843422889709473
0.017440009117126464,0.03183703181109851,0.0007726669311523438,0.0017513588566304473,0.02826552391052246,nan,0.0,0.047229886054992676,0.1051499955356121,258.1793468128204,-0.11989999562501907,nan,0.0,nan,0.0,nan,0.0,0.10759999603033066,2.409800972671509,nan,0.0,0.11989999562501907,2.308383700942993,nan,0.0,60000,1,False,,,4,-258.1793468128204,b294e26fb4024f24b565d7a567d844f3,2019-06-03_03-36-46,1559558206,40.333046674728394,166.87445664405823,13444,steropes,169.229.49.254,"{'starting_lr': 0.05, 'momentum': 0.997, 'weight_decay': 0.0001, 'steps_per_iteration': None, 'pin': False, 'model_creator': None, 'target_batch_size': 128, 'model_string': 'resnet50', 'min_batch_size': 128, 'dataset': 'CIFAR', 'placement': None, 'use_nccl': True, 'devices_per_worker': 1, 'primary_resource': 'extra_gpu', 'gpu': False, 'verbose': False, 'lr_config': {'mode': 'log', 'steps': 5, 'initial_lr': 0.05, 'target_lr': 0.05}, 'batch_per_device': 128}",166.87445664405823,0,4,1438.202314999293,1,10.843422889709473
0.017336940765380858,0.03213956386228151,0.0007831096649169922,0.0017587473935178478,0.028019165992736815,nan,0.0,0.04767134189605713,0.10341999530792237,773.6905859658814,-0.09649999439716339,nan,0.0,nan,0.0,nan,0.0,0.1287200003862381,4.183136867065429,nan,0.0,0.09649999439716339,2835.735542578125,nan,0.0,60000,1,False,,,5,-773.6905859658814,b294e26fb4024f24b565d7a567d844f3,2019-06-03_03-37-27,1559558247,40.49387550354004,207.36833214759827,13444,steropes,169.229.49.254,"{'starting_lr': 0.05, 'momentum': 0.997, 'weight_decay': 0.0001, 'steps_per_iteration': None, 'pin': False, 'model_creator': None, 'target_batch_size': 128, 'model_string': 'resnet50', 'min_batch_size': 128, 'dataset': 'CIFAR', 'placement': None, 'use_nccl': True, 'devices_per_worker': 1, 'primary_resource': 'extra_gpu', 'gpu': False, 'verbose': False, 'lr_config': {'mode': 'log', 'steps': 5, 'initial_lr': 0.05, 'target_lr': 0.05}, 'batch_per_device': 128}",207.36833214759827,0,5,1446.6968714282445,1,10.843422889709473
0.01731131076812744,0.031633576260337345,0.0007059812545776367,0.0017361470195643432,0.028188085556030272,nan,0.0,0.04819185733795166,0.10803999602794648,591.2055624932862,-0.10859999805688858,nan,0.0,nan,0.0,nan,0.0,0.10075999796390533,3.7510495741271974,nan,0.0,0.10859999805688858,12.049757312774657,nan,0.0,60000,1,False,,,6,-591.2055624932862,b294e26fb4024f24b565d7a567d844f3,2019-06-03_03-38-07,1559558287,40.4100239276886,247.77835607528687,13444,steropes,169.229.49.254,"{'starting_lr': 0.05, 'momentum': 0.997, 'weight_decay': 0.0001, 'steps_per_iteration': None, 'pin': False, 'model_creator': None, 'target_batch_size': 128, 'model_string': 'resnet50', 'min_batch_size': 128, 'dataset': 'CIFAR', 'placement': None, 'use_nccl': True, 'devices_per_worker': 1, 'primary_resource': 'extra_gpu', 'gpu': False, 'verbose': False, 'lr_config': {'mode': 'log', 'steps': 5, 'initial_lr': 0.05, 'target_lr': 0.05}, 'batch_per_device': 128}",247.77835607528687,0,6,1484.6618100395851,1,10.843422889709473
0.017383050918579102,0.03216650516171999,0.0006691932678222657,0.0017268779637563563,0.028288769721984863,nan,0.0,0.04763333797454834,0.10805999636650085,597.9606983302308,-0.1005999967455864,nan,0.0,nan,0.0,nan,0.0,0.1073400005698204,3.401097081604004,nan,0.0,0.1005999967455864,137.3830322265625,nan,0.0,60000,1,False,,,7,-597.9606983302308,b294e26fb4024f24b565d7a567d844f3,2019-06-03_03-38-48,1559558328,40.516841650009155,288.295197725296,13444,steropes,169.229.49.254,"{'starting_lr': 0.05, 'momentum': 0.997, 'weight_decay': 0.0001, 'steps_per_iteration': None, 'pin': False, 'model_creator': None, 'target_batch_size': 128, 'model_string': 'resnet50', 'min_batch_size': 128, 'dataset': 'CIFAR', 'placement': None, 'use_nccl': True, 'devices_per_worker': 1, 'primary_resource': 'extra_gpu', 'gpu': False, 'verbose': False, 'lr_config': {'mode': 'log', 'steps': 5, 'initial_lr': 0.05, 'target_lr': 0.05}, 'batch_per_device': 128}",288.295197725296,0,7,1484.3010725118124,1,10.843422889709473
0.017423558235168456,0.0318812629844569,0.000662684440612793,0.001748428320335915,0.028388786315917968,nan,0.0,0.047838258743286136,0.10543999671936036,3131.612990663681,-0.10159999877214432,nan,0.0,nan,0.0,nan,0.0,0.11005999892950058,4.067421844177246,nan,0.0,0.10159999877214432,12670.5882375,nan,0.0,60000,1,False,,,8,-3131.612990663681,b294e26fb4024f24b565d7a567d844f3,2019-06-03_03-39-28,1559558368,40.294503688812256,328.5897014141083,13444,steropes,169.229.49.254,"{'starting_lr': 0.05, 'momentum': 0.997, 'weight_decay': 0.0001, 'steps_per_iteration': None, 'pin': False, 'model_creator': None, 'target_batch_size': 128, 'model_string': 'resnet50', 'min_batch_size': 128, 'dataset': 'CIFAR', 'placement': None, 'use_nccl': True, 'devices_per_worker': 1, 'primary_resource': 'extra_gpu', 'gpu': False, 'verbose': False, 'lr_config': {'mode': 'log', 'steps': 5, 'initial_lr': 0.05, 'target_lr': 0.05}, 'batch_per_device': 128}",328.5897014141083,0,8,1484.7904054119995,1,10.843422889709473
0.017170023918151856,0.031737113300758076,0.0006651163101196289,0.001737153743539015,0.0279294490814209,nan,0.0,0.04782140254974365,0.10127999782562255,3134.9666144033813,-0.09910000115633011,nan,0.0,nan,0.0,nan,0.0,0.12197999656200409,8.04150558769226,nan,0.0,0.09910000115633011,19.07650239944458,nan,0.0,60000,1,False,,,9,-3134.9666144033813,b294e26fb4024f24b565d7a567d844f3,2019-06-03_03-40-08,1559558408,40.45833492279053,369.0480363368988,13444,steropes,169.229.49.254,"{'starting_lr': 0.05, 'momentum': 0.997, 'weight_decay': 0.0001, 'steps_per_iteration': None, 'pin': False, 'model_creator': None, 'target_batch_size': 128, 'model_string': 'resnet50', 'min_batch_size': 128, 'dataset': 'CIFAR', 'placement': None, 'use_nccl': True, 'devices_per_worker': 1, 'primary_resource': 'extra_gpu', 'gpu': False, 'verbose': False, 'lr_config': {'mode': 'log', 'steps': 5, 'initial_lr': 0.05, 'target_lr': 0.05}, 'batch_per_device': 128}",369.0480363368988,0,9,1483.8702155933097,1,10.843422889709473
0.01704428195953369,0.03177919267099115,0.0006591320037841797,0.0017323804938274882,0.02789463996887207,nan,0.0,0.047110700607299806,0.10443999767303466,2661.821434041443,-0.11229999363422394,nan,0.0,nan,0.0,nan,0.0,0.11095999926328659,79.68106633117675,nan,0.0,0.11229999363422394,470.00964076843263,nan,0.0,60000,1,False,,,10,-2661.821434041443,b294e26fb4024f24b565d7a567d844f3,2019-06-03_03-40-49,1559558449,40.37557911872864,409.42361545562744,13444,steropes,169.229.49.254,"{'starting_lr': 0.05, 'momentum': 0.997, 'weight_decay': 0.0001, 'steps_per_iteration': None, 'pin': False, 'model_creator': None, 'target_batch_size': 128, 'model_string': 'resnet50', 'min_batch_size': 128, 'dataset': 'CIFAR', 'placement': None, 'use_nccl': True, 'devices_per_worker': 1, 'primary_resource': 'extra_gpu', 'gpu': False, 'verbose': False, 'lr_config': {'mode': 'log', 'steps': 5, 'initial_lr': 0.05, 'target_lr': 0.05}, 'batch_per_device': 128}",409.42361545562744,0,10,1484.738936909268,1,10.843422889709473
0.01752171516418457,0.03154999394960041,0.0006461620330810546,0.0017602053444708704,0.028391146659851076,nan,0.0,0.047850513458251955,0.10287999808788299,3565.0383055476377,-0.10080000013113022,nan,0.0,nan,0.0,nan,0.0,0.10819999873638153,5.712783289337159,nan,0.0,0.10080000013113022,4528.13411484375,nan,0.0,60000,1,False,,,11,-3565.0383055476377,b294e26fb4024f24b565d7a567d844f3,2019-06-03_03-41-29,1559558489,40.39865827560425,449.8222737312317,13444,steropes,169.229.49.254,"{'starting_lr': 0.05, 'momentum': 0.997, 'weight_decay': 0.0001, 'steps_per_iteration': None, 'pin': False, 'model_creator': None, 'target_batch_size': 128, 'model_string': 'resnet50', 'min_batch_size': 128, 'dataset': 'CIFAR', 'placement': None, 'use_nccl': True, 'devices_per_worker': 1, 'primary_resource': 'extra_gpu', 'gpu': False, 'verbose': False, 'lr_config': {'mode': 'log', 'steps': 5, 'initial_lr': 0.05, 'target_lr': 0.05}, 'batch_per_device': 128}",449.8222737312317,0,11,1484.8224775756873,1,10.843422889709473
0.01726250648498535,0.03175115283531479,0.0006585121154785156,0.0017290719024970404,0.028307723999023437,nan,0.0,0.04699416160583496,0.10655999779701233,3538.9478096324156,-0.11899999529123306,nan,0.0,nan,0.0,nan,0.0,0.10605999827384949,10.53203764427185,nan,0.0,0.11899999529123306,6.93055265045166,nan,0.0,60000,1,False,,,12,-3538.9478096324156,b294e26fb4024f24b565d7a567d844f3,2019-06-03_03-42-10,1559558530,40.416621685028076,490.23889541625977,13444,steropes,169.229.49.254,"{'starting_lr': 0.05, 'momentum': 0.997, 'weight_decay': 0.0001, 'steps_per_iteration': None, 'pin': False, 'model_creator': None, 'target_batch_size': 128, 'model_string': 'resnet50', 'min_batch_size': 128, 'dataset': 'CIFAR', 'placement': None, 'use_nccl': True, 'devices_per_worker': 1, 'primary_resource': 'extra_gpu', 'gpu': False, 'verbose': False, 'lr_config': {'mode': 'log', 'steps': 5, 'initial_lr': 0.05, 'target_lr': 0.05}, 'batch_per_device': 128}",490.23889541625977,0,12,1485.5595851249216,1,10.843422889709473
0.01715097427368164,0.03179665155048612,0.0006667852401733398,0.0017232455865806326,0.028048944473266602,nan,0.0,0.0481964111328125,0.10825999677181244,1051.461869051361,-0.11009999364614487,nan,0.0,nan,0.0,nan,0.0,0.11333999782800674,36.814063566818234,nan,0.0,0.11009999364614487,233.15853459472658,nan,0.0,60000,1,False,,,13,-1051.461869051361,b294e26fb4024f24b565d7a567d844f3,2019-06-03_03-42-50,1559558570,40.360209941864014,530.5991053581238,13444,steropes,169.229.49.254,"{'starting_lr': 0.05, 'momentum': 0.997, 'weight_decay': 0.0001, 'steps_per_iteration': None, 'pin': False, 'model_creator': None, 'target_batch_size': 128, 'model_string': 'resnet50', 'min_batch_size': 128, 'dataset': 'CIFAR', 'placement': None, 'use_nccl': True, 'devices_per_worker': 1, 'primary_resource': 'extra_gpu', 'gpu': False, 'verbose': False, 'lr_config': {'mode': 'log', 'steps': 5, 'initial_lr': 0.05, 'target_lr': 0.05}, 'batch_per_device': 128}",530.5991053581238,0,13,1485.0760006737617,1,10.843422889709473
0.01746678352355957,0.03211199784580665,0.0006771326065063476,0.0017684201145416025,0.02856736183166504,nan,0.0,0.04966702461242676,0.11225999593734741,1048.162145481262,-0.11909999698400497,nan,0.0,nan,0.0,nan,0.0,0.12033999711275101,4.860413720779419,nan,0.0,0.11909999698400497,2.577884548950195,nan,0.0,60000,1,False,,,14,-1048.162145481262,b294e26fb4024f24b565d7a567d844f3,2019-06-03_03-43-31,1559558611,40.668869495391846,571.2679748535156,13444,steropes,169.229.49.254,"{'starting_lr': 0.05, 'momentum': 0.997, 'weight_decay': 0.0001, 'steps_per_iteration': None, 'pin': False, 'model_creator': None, 'target_batch_size': 128, 'model_string': 'resnet50', 'min_batch_size': 128, 'dataset': 'CIFAR', 'placement': None, 'use_nccl': True, 'devices_per_worker': 1, 'primary_resource': 'extra_gpu', 'gpu': False, 'verbose': False, 'lr_config': {'mode': 'log', 'steps': 5, 'initial_lr': 0.05, 'target_lr': 0.05}, 'batch_per_device': 128}",571.2679748535156,0,14,1483.5299400942813,1,10.843422889709473
0.017442083358764647,0.03182183338116996,0.0009244680404663086,0.0017482307560913399,0.028091287612915038,nan,0.0,0.048686790466308597,0.1120999962091446,954.6261197078704,-0.11149999499320984,nan,0.0,nan,0.0,nan,0.0,0.1187799945473671,10.787412356643676,nan,0.0,0.11149999499320984,2.329511901473999,nan,0.0,60000,1,False,,,15,-954.6261197078704,b294e26fb4024f24b565d7a567d844f3,2019-06-03_03-44-11,1559558651,40.42724585533142,611.695220708847,13444,steropes,169.229.49.254,"{'starting_lr': 0.05, 'momentum': 0.997, 'weight_decay': 0.0001, 'steps_per_iteration': None, 'pin': False, 'model_creator': None, 'target_batch_size': 128, 'model_string': 'resnet50', 'min_batch_size': 128, 'dataset': 'CIFAR', 'placement': None, 'use_nccl': True, 'devices_per_worker': 1, 'primary_resource': 'extra_gpu', 'gpu': False, 'verbose': False, 'lr_config': {'mode': 'log', 'steps': 5, 'initial_lr': 0.05, 'target_lr': 0.05}, 'batch_per_device': 128}",611.695220708847,0,15,1483.150959004538,1,10.843422889709473
0.017305827140808104,0.03198364112950579,0.0006977796554565429,0.0017357128660392272,0.02826979160308838,nan,0.0,0.04715559482574463,0.11717999428510666,49.511204020690926,-0.12619999051094055,nan,0.0,nan,0.0,nan,0.0,0.11667999625205994,16.551397550506593,nan,0.0,0.12619999051094055,2.559536407852173,nan,0.0,60000,1,False,,,16,-49.511204020690926,b294e26fb4024f24b565d7a567d844f3,2019-06-03_03-44-52,1559558692,40.46852111816406,652.1637418270111,13444,steropes,169.229.49.254,"{'starting_lr': 0.05, 'momentum': 0.997, 'weight_decay': 0.0001, 'steps_per_iteration': None, 'pin': False, 'model_creator': None, 'target_batch_size': 128, 'model_string': 'resnet50', 'min_batch_size': 128, 'dataset': 'CIFAR', 'placement': None, 'use_nccl': True, 'devices_per_worker': 1, 'primary_resource': 'extra_gpu', 'gpu': False, 'verbose': False, 'lr_config': {'mode': 'log', 'steps': 5, 'initial_lr': 0.05, 'target_lr': 0.05}, 'batch_per_device': 128}",652.1637418270111,0,16,1482.6388487000117,1,10.843422889709473
0.017200207710266112,0.03188285646559317,0.0006685018539428711,0.001726559665806763,0.028048276901245117,nan,0.0,0.04725239276885986,0.11337999403476715,69.56084671569825,-0.09999999403953552,nan,0.0,nan,0.0,nan,0.0,0.13152000308036804,3.4639100440216066,nan,0.0,0.09999999403953552,107.17876612548828,nan,0.0,60000,1,False,,,17,-69.56084671569825,b294e26fb4024f24b565d7a567d844f3,2019-06-03_03-45-32,1559558732,40.36799740791321,692.5317392349243,13444,steropes,169.229.49.254,"{'starting_lr': 0.05, 'momentum': 0.997, 'weight_decay': 0.0001, 'steps_per_iteration': None, 'pin': False, 'model_creator': None, 'target_batch_size': 128, 'model_string': 'resnet50', 'min_batch_size': 128, 'dataset': 'CIFAR', 'placement': None, 'use_nccl': True, 'devices_per_worker': 1, 'primary_resource': 'extra_gpu', 'gpu': False, 'verbose': False, 'lr_config': {'mode': 'log', 'steps': 5, 'initial_lr': 0.05, 'target_lr': 0.05}, 'batch_per_device': 128}",692.5317392349243,0,17,1482.995176345017,1,10.843422889709473
0.01747288703918457,0.03230912474137318,0.0006871700286865234,0.0017320030485577596,0.028244590759277342,nan,0.0,0.04752383232116699,0.12605999559164047,34.71285385009766,-0.17350000143051147,nan,0.0,nan,0.0,nan,0.0,0.11999999731779099,12.16333228149414,nan,0.0,0.17350000143051147,58.918570266723634,nan,0.0,60000,1,False,,,18,-34.71285385009766,b294e26fb4024f24b565d7a567d844f3,2019-06-03_03-46-12,1559558772,40.31730365753174,732.849042892456,13444,steropes,169.229.49.254,"{'starting_lr': 0.05, 'momentum': 0.997, 'weight_decay': 0.0001, 'steps_per_iteration': None, 'pin': False, 'model_creator': None, 'target_batch_size': 128, 'model_string': 'resnet50', 'min_batch_size': 128, 'dataset': 'CIFAR', 'placement': None, 'use_nccl': True, 'devices_per_worker': 1, 'primary_resource': 'extra_gpu', 'gpu': False, 'verbose': False, 'lr_config': {'mode': 'log', 'steps': 5, 'initial_lr': 0.05, 'target_lr': 0.05}, 'batch_per_device': 128}",732.849042892456,0,18,1483.3101753552248,1,10.843422889709473
0.017423009872436522,0.03193273725388925,0.0006856918334960938,0.0017186479495309502,0.028354525566101074,nan,0.0,0.046968507766723636,0.12247999608516694,1848.676102565308,-0.10119999945163727,nan,0.0,nan,0.0,nan,0.0,0.1143999993801117,126.11668888427734,nan,0.0,0.10119999945163727,9072.394128125,nan,0.0,60000,1,False,,,19,-1848.676102565308,b294e26fb4024f24b565d7a567d844f3,2019-06-03_03-46-53,1559558813,40.3546257019043,773.2036685943604,13444,steropes,169.229.49.254,"{'starting_lr': 0.05, 'momentum': 0.997, 'weight_decay': 0.0001, 'steps_per_iteration': None, 'pin': False, 'model_creator': None, 'target_batch_size': 128, 'model_string': 'resnet50', 'min_batch_size': 128, 'dataset': 'CIFAR', 'placement': None, 'use_nccl': True, 'devices_per_worker': 1, 'primary_resource': 'extra_gpu', 'gpu': False, 'verbose': False, 'lr_config': {'mode': 'log', 'steps': 5, 'initial_lr': 0.05, 'target_lr': 0.05}, 'batch_per_device': 128}",773.2036685943604,0,19,1485.618398437785,1,10.843422889709473
0.0173234224319458,0.0319603213781043,0.0006920337677001953,0.001717202193901667,0.028329014778137207,nan,0.0,0.04835679531097412,0.12017999589443207,1848.6793758192446,-0.09999999403953552,nan,0.0,nan,0.0,nan,0.0,0.1087999939918518,21.317432286071778,nan,0.0,0.09999999403953552,2.3458781711578367,nan,0.0,60000,1,False,,,20,-1848.6793758192446,b294e26fb4024f24b565d7a567d844f3,2019-06-03_03-47-33,1559558853,40.30218052864075,813.5058491230011,13444,steropes,169.229.49.254,"{'starting_lr': 0.05, 'momentum': 0.997, 'weight_decay': 0.0001, 'steps_per_iteration': None, 'pin': False, 'model_creator': None, 'target_batch_size': 128, 'model_string': 'resnet50', 'min_batch_size': 128, 'dataset': 'CIFAR', 'placement': None, 'use_nccl': True, 'devices_per_worker': 1, 'primary_resource': 'extra_gpu', 'gpu': False, 'verbose': False, 'lr_config': {'mode': 'log', 'steps': 5, 'initial_lr': 0.05, 'target_lr': 0.05}, 'batch_per_device': 128}",813.5058491230011,0,20,1486.5391233878324,1,10.843422889709473
0.017198562622070312,0.03163017502313928,0.0006704568862915039,0.0017190345412934833,0.02797229290008545,nan,0.0,0.04731683731079102,0.11379999667406082,500810.1231485377,-0.09429999440908432,nan,0.0,nan,0.0,nan,0.0,0.10895999521017075,26.153618462524413,nan,0.0,0.09429999440908432,2494809.7784,nan,0.0,60000,1,False,,,21,-500810.1231485377,b294e26fb4024f24b565d7a567d844f3,2019-06-03_03-48-13,1559558893,40.327858686447144,853.8337078094482,13444,steropes,169.229.49.254,"{'starting_lr': 0.05, 'momentum': 0.997, 'weight_decay': 0.0001, 'steps_per_iteration': None, 'pin': False, 'model_creator': None, 'target_batch_size': 128, 'model_string': 'resnet50', 'min_batch_size': 128, 'dataset': 'CIFAR', 'placement': None, 'use_nccl': True, 'devices_per_worker': 1, 'primary_resource': 'extra_gpu', 'gpu': False, 'verbose': False, 'lr_config': {'mode': 'log', 'steps': 5, 'initial_lr': 0.05, 'target_lr': 0.05}, 'batch_per_device': 128}",853.8337078094482,0,21,1487.5759648664232,1,10.843422889709473
0.017647409439086915,0.03207748449301418,0.000686812400817871,0.00172191202792975,0.028163647651672362,nan,0.0,0.04773681163787842,0.11789999753236771,500939.62375790754,-0.12049999833106995,nan,0.0,nan,0.0,nan,0.0,0.11841999739408493,45.62054596130371,nan,0.0,0.12049999833106995,754.6818129745484,nan,0.0,60000,1,False,,,22,-500939.62375790754,b294e26fb4024f24b565d7a567d844f3,2019-06-03_03-48-54,1559558934,40.25064516067505,894.0843529701233,13444,steropes,169.229.49.254,"{'starting_lr': 0.05, 'momentum': 0.997, 'weight_decay': 0.0001, 'steps_per_iteration': None, 'pin': False, 'model_creator': None, 'target_batch_size': 128, 'model_string': 'resnet50', 'min_batch_size': 128, 'dataset': 'CIFAR', 'placement': None, 'use_nccl': True, 'devices_per_worker': 1, 'primary_resource': 'extra_gpu', 'gpu': False, 'verbose': False, 'lr_config': {'mode': 'log', 'steps': 5, 'initial_lr': 0.05, 'target_lr': 0.05}, 'batch_per_device': 128}",894.0843529701233,0,22,1488.4421581228385,1,10.843422889709473
0.017502975463867188,0.031567253643953345,0.0006865262985229492,0.0017223242298721353,0.02877054214477539,nan,0.0,0.0471172571182251,0.10297999680042266,500929.62999924796,-0.09889999777078629,nan,0.0,nan,0.0,nan,0.0,0.10833999514579773,427.6539348272705,nan,0.0,0.09889999777078629,8.949776969146729,nan,0.0,60000,1,False,,,23,-500929.62999924796,b294e26fb4024f24b565d7a567d844f3,2019-06-03_03-49-34,1559558974,40.29138135910034,934.3757343292236,13444,steropes,169.229.49.254,"{'starting_lr': 0.05, 'momentum': 0.997, 'weight_decay': 0.0001, 'steps_per_iteration': None, 'pin': False, 'model_creator': None, 'target_batch_size': 128, 'model_string': 'resnet50', 'min_batch_size': 128, 'dataset': 'CIFAR', 'placement': None, 'use_nccl': True, 'devices_per_worker': 1, 'primary_resource': 'extra_gpu', 'gpu': False, 'verbose': False, 'lr_config': {'mode': 'log', 'steps': 5, 'initial_lr': 0.05, 'target_lr': 0.05}, 'batch_per_device': 128}",934.3757343292236,0,23,1488.6335784853425,1,10.843422889709473
0.01719057559967041,0.03183258636088311,0.0006654739379882812,0.0017337756388632539,0.028137993812561036,nan,0.0,0.04801807403564453,0.10301999598741532,499118.340028636,-0.1013999953866005,nan,0.0,nan,0.0,nan,0.0,0.1036200001835823,30.318832332763673,nan,0.0,0.1013999953866005,15.944275064849853,nan,0.0,60000,1,False,,,24,-499118.340028636,b294e26fb4024f24b565d7a567d844f3,2019-06-03_03-50-14,1559559014,40.314528942108154,974.6902632713318,13444,steropes,169.229.49.254,"{'starting_lr': 0.05, 'momentum': 0.997, 'weight_decay': 0.0001, 'steps_per_iteration': None, 'pin': False, 'model_creator': None, 'target_batch_size': 128, 'model_string': 'resnet50', 'min_batch_size': 128, 'dataset': 'CIFAR', 'placement': None, 'use_nccl': True, 'devices_per_worker': 1, 'primary_resource': 'extra_gpu', 'gpu': False, 'verbose': False, 'lr_config': {'mode': 'log', 'steps': 5, 'initial_lr': 0.05, 'target_lr': 0.05}, 'batch_per_device': 128}",974.6902632713318,0,24,1488.929833398023,1,10.843422889709473
0.01730518341064453,0.032022032556654534,0.000679183006286621,0.0017290719024970404,0.02775874137878418,nan,0.0,0.046923041343688965,0.10317999720573426,499118.34371716,-0.10080000013113022,nan,0.0,nan,0.0,nan,0.0,0.10341999679803848,44.97436817993164,nan,0.0,0.10080000013113022,2.364320791244507,nan,0.0,60000,1,False,,,25,-499118.34371716,b294e26fb4024f24b565d7a567d844f3,2019-06-03_03-50-54,1559559054,40.291826486587524,1014.9820897579193,13444,steropes,169.229.49.254,"{'starting_lr': 0.05, 'momentum': 0.997, 'weight_decay': 0.0001, 'steps_per_iteration': None, 'pin': False, 'model_creator': None, 'target_batch_size': 128, 'model_string': 'resnet50', 'min_batch_size': 128, 'dataset': 'CIFAR', 'placement': None, 'use_nccl': True, 'devices_per_worker': 1, 'primary_resource': 'extra_gpu', 'gpu': False, 'verbose': False, 'lr_config': {'mode': 'log', 'steps': 5, 'initial_lr': 0.05, 'target_lr': 0.05}, 'batch_per_device': 128}",1014.9820897579193,0,25,1489.006329521081,1,10.843422889709473
0.017058610916137695,0.03149429454079157,0.0006822586059570312,0.001717771715520288,0.028005528450012206,nan,0.0,0.04840328693389893,0.10439999848604202,34869.625342159954,-0.10040000081062317,nan,0.0,nan,0.0,nan,0.0,0.10565999895334244,482.0540490142822,nan,0.0,0.10040000081062317,173566.186525,nan,0.0,60000,1,False,,,26,-34869.625342159954,b294e26fb4024f24b565d7a567d844f3,2019-06-03_03-51-35,1559559095,40.27437210083008,1055.2564618587494,13444,steropes,169.229.49.254,"{'starting_lr': 0.05, 'momentum': 0.997, 'weight_decay': 0.0001, 'steps_per_iteration': None, 'pin': False, 'model_creator': None, 'target_batch_size': 128, 'model_string': 'resnet50', 'min_batch_size': 128, 'dataset': 'CIFAR', 'placement': None, 'use_nccl': True, 'devices_per_worker': 1, 'primary_resource': 'extra_gpu', 'gpu': False, 'verbose': False, 'lr_config': {'mode': 'log', 'steps': 5, 'initial_lr': 0.05, 'target_lr': 0.05}, 'batch_per_device': 128}",1055.2564618587494,0,26,1489.401309230666,1,10.843422889709473
0.01746687889099121,0.031794110430946834,0.0006826400756835937,0.0017394903675674478,0.02822606563568115,nan,0.0,0.047394418716430665,0.10027999877929687,34722.82605532921,-0.09989999979734421,nan,0.0,nan,0.0,nan,0.0,0.10805999487638474,99.9329985281372,nan,0.0,0.09989999979734421,20.685378820800782,nan,0.0,60000,1,False,,,27,-34722.82605532921,b294e26fb4024f24b565d7a567d844f3,2019-06-03_03-52-15,1559559135,40.23219585418701,1095.4886577129364,13444,steropes,169.229.49.254,"{'starting_lr': 0.05, 'momentum': 0.997, 'weight_decay': 0.0001, 'steps_per_iteration': None, 'pin': False, 'model_creator': None, 'target_batch_size': 128, 'model_string': 'resnet50', 'min_batch_size': 128, 'dataset': 'CIFAR', 'placement': None, 'use_nccl': True, 'devices_per_worker': 1, 'primary_resource': 'extra_gpu', 'gpu': False, 'verbose': False, 'lr_config': {'mode': 'log', 'steps': 5, 'initial_lr': 0.05, 'target_lr': 0.05}, 'batch_per_device': 128}",1095.4886577129364,0,27,1489.5377501023052,1,10.843422889709473
0.017164230346679688,0.03191685978370377,0.0006829500198364258,0.0017352201749601633,0.02800469398498535,nan,0.0,0.04746479988098144,0.1083199992775917,34722.146939375154,-0.13910000026226044,nan,0.0,nan,0.0,nan,0.0,0.10831999778747559,59.1719771862793,nan,0.0,0.13910000026226044,5.554197198867798,nan,0.0,60000,1,False,,,28,-34722.146939375154,b294e26fb4024f24b565d7a567d844f3,2019-06-03_03-52-55,1559559175,40.32785487174988,1135.8165125846863,13444,steropes,169.229.49.254,"{'starting_lr': 0.05, 'momentum': 0.997, 'weight_decay': 0.0001, 'steps_per_iteration': None, 'pin': False, 'model_creator': None, 'target_batch_size': 128, 'model_string': 'resnet50', 'min_batch_size': 128, 'dataset': 'CIFAR', 'placement': None, 'use_nccl': True, 'devices_per_worker': 1, 'primary_resource': 'extra_gpu', 'gpu': False, 'verbose': False, 'lr_config': {'mode': 'log', 'steps': 5, 'initial_lr': 0.05, 'target_lr': 0.05}, 'batch_per_device': 128}",1135.8165125846863,0,28,1489.268115458946,1,10.843422889709473
0.01741468906402588,0.03182798397691944,0.000680994987487793,0.0017394495132329213,0.028324294090270995,nan,0.0,0.04778203964233398,0.1087799996137619,34719.59099803268,-0.10369999706745148,nan,0.0,nan,0.0,nan,0.0,0.10425999760627747,1907.5350766003419,nan,0.0,0.10369999706745148,3.164568352508545,nan,0.0,60000,1,False,,,29,-34719.59099803268,b294e26fb4024f24b565d7a567d844f3,2019-06-03_03-53-36,1559559216,40.37550139427185,1176.1920139789581,13444,steropes,169.229.49.254,"{'starting_lr': 0.05, 'momentum': 0.997, 'weight_decay': 0.0001, 'steps_per_iteration': None, 'pin': False, 'model_creator': None, 'target_batch_size': 128, 'model_string': 'resnet50', 'min_batch_size': 128, 'dataset': 'CIFAR', 'placement': None, 'use_nccl': True, 'devices_per_worker': 1, 'primary_resource': 'extra_gpu', 'gpu': False, 'verbose': False, 'lr_config': {'mode': 'log', 'steps': 5, 'initial_lr': 0.05, 'target_lr': 0.05}, 'batch_per_device': 128}",1176.1920139789581,0,29,1488.8174803137326,1,10.843422889709473
0.01757485866546631,0.032227805898159365,0.0006580591201782226,0.0017388427958768956,0.02821030616760254,nan,0.0,0.047357797622680664,0.10879999846220016,82356.33190074944,-0.10089999437332153,nan,0.0,nan,0.0,nan,0.0,0.10443999618291855,1032.327694050293,nan,0.0,0.10089999437332153,238186.068834375,nan,0.0,60000,1,False,,,30,-82356.33190074944,b294e26fb4024f24b565d7a567d844f3,2019-06-03_03-54-16,1559559256,40.41691017150879,1216.608924150467,13444,steropes,169.229.49.254,"{'starting_lr': 0.05, 'momentum': 0.997, 'weight_decay': 0.0001, 'steps_per_iteration': None, 'pin': False, 'model_creator': None, 'target_batch_size': 128, 'model_string': 'resnet50', 'min_batch_size': 128, 'dataset': 'CIFAR', 'placement': None, 'use_nccl': True, 'devices_per_worker': 1, 'primary_resource': 'extra_gpu', 'gpu': False, 'verbose': False, 'lr_config': {'mode': 'log', 'steps': 5, 'initial_lr': 0.05, 'target_lr': 0.05}, 'batch_per_device': 128}",1216.608924150467,0,30,1487.8938244406627,1,10.843422889709473
0.01730167865753174,0.03200138671488702,0.000693202018737793,0.0017444038635019757,0.028172779083251952,nan,0.0,0.04716954231262207,0.11273999810218811,54507.38595684319,-0.1200999990105629,nan,0.0,nan,0.0,nan,0.0,0.10081999748945236,2686.071762849121,nan,0.0,0.1200999990105629,34321.45680546875,nan,0.0,60000,1,False,,,31,-54507.38595684319,b294e26fb4024f24b565d7a567d844f3,2019-06-03_03-54-57,1559559297,40.42484903335571,1257.0337731838226,13444,steropes,169.229.49.254,"{'starting_lr': 0.05, 'momentum': 0.997, 'weight_decay': 0.0001, 'steps_per_iteration': None, 'pin': False, 'model_creator': None, 'target_batch_size': 128, 'model_string': 'resnet50', 'min_batch_size': 128, 'dataset': 'CIFAR', 'placement': None, 'use_nccl': True, 'devices_per_worker': 1, 'primary_resource': 'extra_gpu', 'gpu': False, 'verbose': False, 'lr_config': {'mode': 'log', 'steps': 5, 'initial_lr': 0.05, 'target_lr': 0.05}, 'batch_per_device': 128}",1257.0337731838226,0,31,1486.7846371589972,1,10.843422889709473
0.01705965995788574,0.03185742112654674,0.0006605386734008789,0.0017428806675669482,0.027821660041809082,nan,0.0,0.04749796390533447,0.11281999796628953,54651.56997300193,-0.10029999911785126,nan,0.0,nan,0.0,nan,0.0,0.10209999978542328,1227.5840464099122,nan,0.0,0.10029999911785126,741.605459614563,nan,0.0,60000,1,False,,,32,-54651.56997300193,b294e26fb4024f24b565d7a567d844f3,2019-06-03_03-55-37,1559559337,40.39264130592346,1297.426414489746,13444,steropes,169.229.49.254,"{'starting_lr': 0.05, 'momentum': 0.997, 'weight_decay': 0.0001, 'steps_per_iteration': None, 'pin': False, 'model_creator': None, 'target_batch_size': 128, 'model_string': 'resnet50', 'min_batch_size': 128, 'dataset': 'CIFAR', 'placement': None, 'use_nccl': True, 'devices_per_worker': 1, 'primary_resource': 'extra_gpu', 'gpu': False, 'verbose': False, 'lr_config': {'mode': 'log', 'steps': 5, 'initial_lr': 0.05, 'target_lr': 0.05}, 'batch_per_device': 128}",1297.426414489746,0,32,1485.6028738105335,1,10.843422889709473
0.017301559448242188,0.03189473514315448,0.000695490837097168,0.0017434367743294561,0.028285789489746093,nan,0.0,0.04712939262390137,0.10501999706029892,54651.32981150139,-0.10009999573230743,nan,0.0,nan,0.0,nan,0.0,0.10087999701499939,149.3107958508301,nan,0.0,0.10009999573230743,4.353389696121216,nan,0.0,60000,1,False,,,33,-54651.32981150139,b294e26fb4024f24b565d7a567d844f3,2019-06-03_03-56-17,1559559377,40.466596364974976,1337.893010854721,13444,steropes,169.229.49.254,"{'starting_lr': 0.05, 'momentum': 0.997, 'weight_decay': 0.0001, 'steps_per_iteration': None, 'pin': False, 'model_creator': None, 'target_batch_size': 128, 'model_string': 'resnet50', 'min_batch_size': 128, 'dataset': 'CIFAR', 'placement': None, 'use_nccl': True, 'devices_per_worker': 1, 'primary_resource': 'extra_gpu', 'gpu': False, 'verbose': False, 'lr_config': {'mode': 'log', 'steps': 5, 'initial_lr': 0.05, 'target_lr': 0.05}, 'batch_per_device': 128}",1337.893010854721,0,33,1484.5829133356801,1,10.843422889709473
0.0171403169631958,0.032087307942064505,0.0006665229797363281,0.0017460831595808649,0.027956438064575196,nan,0.0,0.0478515625,0.10579999685287475,54651.42620533676,-0.10759999603033066,nan,0.0,nan,0.0,nan,0.0,0.09901999682188034,2068.404691703491,nan,0.0,0.10759999603033066,3.6465375293731688,nan,0.0,60000,1,False,,,34,-54651.42620533676,b294e26fb4024f24b565d7a567d844f3,2019-06-03_03-56-58,1559559418,40.43970704078674,1378.3327178955078,13444,steropes,169.229.49.254,"{'starting_lr': 0.05, 'momentum': 0.997, 'weight_decay': 0.0001, 'steps_per_iteration': None, 'pin': False, 'model_creator': None, 'target_batch_size': 128, 'model_string': 'resnet50', 'min_batch_size': 128, 'dataset': 'CIFAR', 'placement': None, 'use_nccl': True, 'devices_per_worker': 1, 'primary_resource': 'extra_gpu', 'gpu': False, 'verbose': False, 'lr_config': {'mode': 'log', 'steps': 5, 'initial_lr': 0.05, 'target_lr': 0.05}, 'batch_per_device': 128}",1378.3327178955078,0,34,1484.1113773331751,1,10.843422889709473
0.017369937896728516,0.031781012498879734,0.0006691455841064453,0.0017267066194578205,0.0281904935836792,nan,0.0,0.04798998832702637,0.10605999678373337,86356.01991846175,-0.1021999940276146,nan,0.0,nan,0.0,nan,0.0,0.09923999756574631,604.1313577832032,nan,0.0,0.1021999940276146,396709.0374,nan,0.0,60000,1,False,,,35,-86356.01991846175,b294e26fb4024f24b565d7a567d844f3,2019-06-03_03-57-38,1559559458,40.40981101989746,1418.7425289154053,13444,steropes,169.229.49.254,"{'starting_lr': 0.05, 'momentum': 0.997, 'weight_decay': 0.0001, 'steps_per_iteration': None, 'pin': False, 'model_creator': None, 'target_batch_size': 128, 'model_string': 'resnet50', 'min_batch_size': 128, 'dataset': 'CIFAR', 'placement': None, 'use_nccl': True, 'devices_per_worker': 1, 'primary_resource': 'extra_gpu', 'gpu': False, 'verbose': False, 'lr_config': {'mode': 'log', 'steps': 5, 'initial_lr': 0.05, 'target_lr': 0.05}, 'batch_per_device': 128}",1418.7425289154053,0,35,1484.1635200737062,1,10.843422889709473
0.01720893383026123,0.03205681450759308,0.0006556987762451171,0.0017371952076397283,0.0281466007232666,nan,0.0,0.047858452796936034,0.10435999631881714,79844.5219004631,-0.11159999668598175,nan,0.0,nan,0.0,nan,0.0,0.10263999551534653,657.4442831842041,nan,0.0,0.11159999668598175,1763.9667154754638,nan,0.0,60000,1,False,,,36,-79844.5219004631,b294e26fb4024f24b565d7a567d844f3,2019-06-03_03-58-19,1559559499,40.398481369018555,1459.1410102844238,13444,steropes,169.229.49.254,"{'starting_lr': 0.05, 'momentum': 0.997, 'weight_decay': 0.0001, 'steps_per_iteration': None, 'pin': False, 'model_creator': None, 'target_batch_size': 128, 'model_string': 'resnet50', 'min_batch_size': 128, 'dataset': 'CIFAR', 'placement': None, 'use_nccl': True, 'devices_per_worker': 1, 'primary_resource': 'extra_gpu', 'gpu': False, 'verbose': False, 'lr_config': {'mode': 'log', 'steps': 5, 'initial_lr': 0.05, 'target_lr': 0.05}, 'batch_per_device': 128}",1459.1410102844238,0,36,1484.3571824171622,1,10.843422889709473
0.01718604564666748,0.0314231371577782,0.0006648063659667969,0.0017692890313580213,0.027797579765319824,nan,0.0,0.04741809368133545,0.1050199955701828,79701.01453904403,-0.10359999537467957,nan,0.0,nan,0.0,nan,0.0,0.10593999922275543,346.17878110290525,nan,0.0,0.10359999537467957,24.068652519226074,nan,0.0,60000,1,False,,,37,-79701.01453904403,b294e26fb4024f24b565d7a567d844f3,2019-06-03_03-58-59,1559559539,40.51823902130127,1499.659249305725,13444,steropes,169.229.49.254,"{'starting_lr': 0.05, 'momentum': 0.997, 'weight_decay': 0.0001, 'steps_per_iteration': None, 'pin': False, 'model_creator': None, 'target_batch_size': 128, 'model_string': 'resnet50', 'min_batch_size': 128, 'dataset': 'CIFAR', 'placement': None, 'use_nccl': True, 'devices_per_worker': 1, 'primary_resource': 'extra_gpu', 'gpu': False, 'verbose': False, 'lr_config': {'mode': 'log', 'steps': 5, 'initial_lr': 0.05, 'target_lr': 0.05}, 'batch_per_device': 128}",1499.659249305725,0,37,1483.435743735019,1,10.843422889709473
0.017455649375915528,0.03195371808885019,0.0006780862808227539,0.0017401873303191436,0.028793478012084962,nan,0.0,0.047316789627075195,0.10485999584197998,79710.00841490974,-0.09929999709129333,nan,0.0,nan,0.0,nan,0.0,0.10161999613046646,13065.454695819702,nan,0.0,0.09929999709129333,49.3227690246582,nan,0.0,60000,1,False,,,38,-79710.00841490974,b294e26fb4024f24b565d7a567d844f3,2019-06-03_03-59-40,1559559580,40.454408168792725,1540.1136574745178,13444,steropes,169.229.49.254,"{'starting_lr': 0.05, 'momentum': 0.997, 'weight_decay': 0.0001, 'steps_per_iteration': None, 'pin': False, 'model_creator': None, 'target_batch_size': 128, 'model_string': 'resnet50', 'min_batch_size': 128, 'dataset': 'CIFAR', 'placement': None, 'use_nccl': True, 'devices_per_worker': 1, 'primary_resource': 'extra_gpu', 'gpu': False, 'verbose': False, 'lr_config': {'mode': 'log', 'steps': 5, 'initial_lr': 0.05, 'target_lr': 0.05}, 'batch_per_device': 128}",1540.1136574745178,0,38,1483.5251038838262,1,10.843422889709473
0.01740717887878418,0.03201753881913197,0.0007566213607788086,0.0017475746476741704,0.028659296035766602,nan,0.0,0.04810309410095215,0.10587999671697616,139927.44544302888,-0.11270000040531158,nan,0.0,nan,0.0,nan,0.0,0.10049999505281448,10175.31023642334,nan,0.0,0.11270000040531158,301090.831678125,nan,0.0,60000,1,False,,,39,-139927.44544302888,b294e26fb4024f24b565d7a567d844f3,2019-06-03_04-00-20,1559559620,40.43211364746094,1580.5457711219788,13444,steropes,169.229.49.254,"{'starting_lr': 0.05, 'momentum': 0.997, 'weight_decay': 0.0001, 'steps_per_iteration': None, 'pin': False, 'model_creator': None, 'target_batch_size': 128, 'model_string': 'resnet50', 'min_batch_size': 128, 'dataset': 'CIFAR', 'placement': None, 'use_nccl': True, 'devices_per_worker': 1, 'primary_resource': 'extra_gpu', 'gpu': False, 'verbose': False, 'lr_config': {'mode': 'log', 'steps': 5, 'initial_lr': 0.05, 'target_lr': 0.05}, 'batch_per_device': 128}",1580.5457711219788,0,39,1483.5807510697587,1,10.843422889709473
0.01751999855041504,0.031799956213069865,0.000668644905090332,0.0017467484144908388,0.028407359123229982,nan,0.0,0.047313356399536134,0.1040399968624115,231796.28378802887,-0.09299999475479126,nan,0.0,nan,0.0,nan,0.0,0.09901999682188034,54983.26580309936,nan,0.0,0.09299999475479126,856053.229125,nan,0.0,60000,1,False,,,40,-231796.28378802887,b294e26fb4024f24b565d7a567d844f3,2019-06-03_04-01-00,1559559660,40.38599967956543,1620.9317708015442,13444,steropes,169.229.49.254,"{'starting_lr': 0.05, 'momentum': 0.997, 'weight_decay': 0.0001, 'steps_per_iteration': None, 'pin': False, 'model_creator': None, 'target_batch_size': 128, 'model_string': 'resnet50', 'min_batch_size': 128, 'dataset': 'CIFAR', 'placement': None, 'use_nccl': True, 'devices_per_worker': 1, 'primary_resource': 'extra_gpu', 'gpu': False, 'verbose': False, 'lr_config': {'mode': 'log', 'steps': 5, 'initial_lr': 0.05, 'target_lr': 0.05}, 'batch_per_device': 128}",1620.9317708015442,0,40,1483.7554736992463,1,10.843422889709473
0.017072319984436035,0.03154465820215925,0.0006715297698974609,0.0017325323256080413,0.02779228687286377,nan,0.0,0.0469757080078125,0.09963999688625336,530556.2970592435,-0.08959999680519104,nan,0.0,nan,0.0,nan,0.0,0.1028599962592125,34611.85499780823,nan,0.0,0.08959999680519104,1495564.0330715491,nan,0.0,60000,1,False,,,41,-530556.2970592435,b294e26fb4024f24b565d7a567d844f3,2019-06-03_04-01-41,1559559701,40.35536026954651,1661.2871310710907,13444,steropes,169.229.49.254,"{'starting_lr': 0.05, 'momentum': 0.997, 'weight_decay': 0.0001, 'steps_per_iteration': None, 'pin': False, 'model_creator': None, 'target_batch_size': 128, 'model_string': 'resnet50', 'min_batch_size': 128, 'dataset': 'CIFAR', 'placement': None, 'use_nccl': True, 'devices_per_worker': 1, 'primary_resource': 'extra_gpu', 'gpu': False, 'verbose': False, 'lr_config': {'mode': 'log', 'steps': 5, 'initial_lr': 0.05, 'target_lr': 0.05}, 'batch_per_device': 128}",1661.2871310710907,0,41,1484.0719843093136,1,10.843422889709473
0.017058825492858885,0.03207504900195931,0.0006848573684692383,0.0017489454020624576,0.028532767295837404,nan,0.0,0.04713082313537598,0.10165999680757523,530600.0781157957,-0.11369999498128891,nan,0.0,nan,0.0,nan,0.0,0.10179999470710754,3435.973549423828,nan,0.0,0.11369999498128891,242.97393528022766,nan,0.0,60000,1,False,,,42,-530600.0781157957,b294e26fb4024f24b565d7a567d844f3,2019-06-03_04-02-21,1559559741,40.47442030906677,1701.7615513801575,13444,steropes,169.229.49.254,"{'starting_lr': 0.05, 'momentum': 0.997, 'weight_decay': 0.0001, 'steps_per_iteration': None, 'pin': False, 'model_creator': None, 'target_batch_size': 128, 'model_string': 'resnet50', 'min_batch_size': 128, 'dataset': 'CIFAR', 'placement': None, 'use_nccl': True, 'devices_per_worker': 1, 'primary_resource': 'extra_gpu', 'gpu': False, 'verbose': False, 'lr_config': {'mode': 'log', 'steps': 5, 'initial_lr': 0.05, 'target_lr': 0.05}, 'batch_per_device': 128}",1701.7615513801575,0,42,1484.3937327422539,1,10.843422889709473
0.0172579288482666,0.03182846383203434,0.000670933723449707,0.0017383183969561097,0.028646683692932128,nan,0.0,0.047388672828674316,0.10175999701023102,530590.8209270067,-0.0997999981045723,nan,0.0,nan,0.0,nan,0.0,0.10151999443769455,3648.193832744751,nan,0.0,0.0997999981045723,3.0368250789642333,nan,0.0,60000,1,False,,,43,-530590.8209270067,b294e26fb4024f24b565d7a567d844f3,2019-06-03_04-03-02,1559559782,40.45335102081299,1742.2149024009705,13444,steropes,169.229.49.254,"{'starting_lr': 0.05, 'momentum': 0.997, 'weight_decay': 0.0001, 'steps_per_iteration': None, 'pin': False, 'model_creator': None, 'target_batch_size': 128, 'model_string': 'resnet50', 'min_batch_size': 128, 'dataset': 'CIFAR', 'placement': None, 'use_nccl': True, 'devices_per_worker': 1, 'primary_resource': 'extra_gpu', 'gpu': False, 'verbose': False, 'lr_config': {'mode': 'log', 'steps': 5, 'initial_lr': 0.05, 'target_lr': 0.05}, 'batch_per_device': 128}",1742.2149024009705,0,43,1484.40106123515,1,10.843422889709473
0.017232441902160646,0.031650639787504944,0.0006757736206054688,0.0017307926626766428,0.02805769443511963,nan,0.0,0.04886000156402588,0.09921999573707581,470374.24015236215,-0.09999999403953552,nan,0.0,nan,0.0,nan,0.0,0.1056399941444397,29486.533355238036,nan,0.0,0.09999999403953552,7.9278049026489255,nan,0.0,60000,1,False,,,44,-470374.24015236215,b294e26fb4024f24b565d7a567d844f3,2019-06-03_04-03-42,1559559822,40.47966289520264,1782.694565296173,13444,steropes,169.229.49.254,"{'starting_lr': 0.05, 'momentum': 0.997, 'weight_decay': 0.0001, 'steps_per_iteration': None, 'pin': False, 'model_creator': None, 'target_batch_size': 128, 'model_string': 'resnet50', 'min_batch_size': 128, 'dataset': 'CIFAR', 'placement': None, 'use_nccl': True, 'devices_per_worker': 1, 'primary_resource': 'extra_gpu', 'gpu': False, 'verbose': False, 'lr_config': {'mode': 'log', 'steps': 5, 'initial_lr': 0.05, 'target_lr': 0.05}, 'batch_per_device': 128}",1782.694565296173,0,44,1484.0519446439494,1,10.843422889709473
