{"apply": 0.017252278327941895, "batch_time": 0.04146532469157931, "d2h": 0.0007596015930175781, "data_time": 0.001774806805583827, "fwd": 0.11633758544921875, "get_state_time_mean": NaN, "get_state_time_total": 0.0, "grad": 0.16563708782196046, "mean_accuracy": 0.08549999445676804, "mean_loss": 924.4748746757507, "neg_mean_accuracy": -0.08549999445676804, "set_state_time_mean": NaN, "set_state_time_total": 0.0, "setup_model_time_mean": 8.919668912887573, "setup_model_time_total": 8.919668912887573, "setup_proc_time_mean": 1.8285443782806396, "setup_proc_time_total": 1.8285443782806396, "train_accuracy": 0.10051999986171722, "train_loss": 5.030801027679443, "training_time_mean": NaN, "training_time_total": 0.0, "val_accuracy": 0.08549999445676804, "val_loss": 924.4748746757507, "validation_time_mean": NaN, "validation_time_total": 0.0, "samples": 60000, "num_workers": 1, "done": false, "timesteps_total": null, "episodes_total": null, "training_iteration": 1, "neg_mean_loss": -924.4748746757507, "experiment_id": "b294e26fb4024f24b565d7a567d844f3", "date": "2019-06-03_03-34-45", "timestamp": 1559558085, "time_this_iter_s": 45.712743520736694, "time_total_s": 45.712743520736694, "pid": 13444, "hostname": "steropes", "node_ip": "169.229.49.254", "config": {"starting_lr": 0.05, "momentum": 0.997, "weight_decay": 0.0001, "steps_per_iteration": null, "pin": false, "model_creator": null, "target_batch_size": 128, "model_string": "resnet50", "min_batch_size": 128, "dataset": "CIFAR", "placement": null, "use_nccl": true, "devices_per_worker": 1, "primary_resource": "extra_gpu", "gpu": false, "verbose": false, "lr_config": {"mode": "log", "steps": 5, "initial_lr": 0.05, "target_lr": 0.05}, "batch_per_device": 128}, "time_since_restore": 45.712743520736694, "timesteps_since_restore": 0, "iterations_since_restore": 1, "mean_throughput": 1312.541773801261, "atoms": 1, "setup_time": 10.843422889709473}
{"apply": 0.017125582695007323, "batch_time": 0.031640321393556235, "d2h": 0.0007271766662597656, "data_time": 0.0017464587755520325, "fwd": 0.027991390228271483, "get_state_time_mean": NaN, "get_state_time_total": 0.0, "grad": 0.047034192085266116, "mean_accuracy": 0.09299999475479126, "mean_loss": 514.0411138587951, "neg_mean_accuracy": -0.10049999505281448, "set_state_time_mean": NaN, "set_state_time_total": 0.0, "setup_model_time_mean": NaN, "setup_model_time_total": 0.0, "setup_proc_time_mean": NaN, "setup_proc_time_total": 0.0, "train_accuracy": 0.10213999450206757, "train_loss": 2.5520691439819334, "training_time_mean": NaN, "training_time_total": 0.0, "val_accuracy": 0.10049999505281448, "val_loss": 103.6073530418396, "validation_time_mean": NaN, "validation_time_total": 0.0, "samples": 60000, "num_workers": 1, "done": false, "timesteps_total": null, "episodes_total": null, "training_iteration": 2, "neg_mean_loss": -514.0411138587951, "experiment_id": "b294e26fb4024f24b565d7a567d844f3", "date": "2019-06-03_03-35-26", "timestamp": 1559558126, "time_this_iter_s": 40.46774959564209, "time_total_s": 86.18049311637878, "pid": 13444, "hostname": "steropes", "node_ip": "169.229.49.254", "config": {"starting_lr": 0.05, "momentum": 0.997, "weight_decay": 0.0001, "steps_per_iteration": null, "pin": false, "model_creator": null, "target_batch_size": 128, "model_string": "resnet50", "min_batch_size": 128, "dataset": "CIFAR", "placement": null, "use_nccl": true, "devices_per_worker": 1, "primary_resource": "extra_gpu", "gpu": false, "verbose": false, "lr_config": {"mode": "log", "steps": 5, "initial_lr": 0.05, "target_lr": 0.05}, "batch_per_device": 128}, "time_since_restore": 86.18049311637878, "timesteps_since_restore": 0, "iterations_since_restore": 2, "mean_throughput": 1392.423559950377, "atoms": 1, "setup_time": 10.843422889709473}
{"apply": 0.017137718200683594, "batch_time": 0.03170528894738306, "d2h": 0.0007750749588012696, "data_time": 0.0017555711214499706, "fwd": 0.02785205841064453, "get_state_time_mean": NaN, "get_state_time_total": 0.0, "grad": 0.04731659889221192, "mean_accuracy": 0.10023332883914311, "mean_loss": 343.4696678501129, "neg_mean_accuracy": -0.11469999700784683, "set_state_time_mean": NaN, "set_state_time_total": 0.0, "setup_model_time_mean": NaN, "setup_model_time_total": 0.0, "setup_proc_time_mean": NaN, "setup_proc_time_total": 0.0, "train_accuracy": 0.10947999358177185, "train_loss": 2.354669449462891, "training_time_mean": NaN, "training_time_total": 0.0, "val_accuracy": 0.11469999700784683, "val_loss": 2.326775832748413, "validation_time_mean": NaN, "validation_time_total": 0.0, "samples": 60000, "num_workers": 1, "done": false, "timesteps_total": null, "episodes_total": null, "training_iteration": 3, "neg_mean_loss": -343.4696678501129, "experiment_id": "b294e26fb4024f24b565d7a567d844f3", "date": "2019-06-03_03-36-06", "timestamp": 1559558166, "time_this_iter_s": 40.36091685295105, "time_total_s": 126.54140996932983, "pid": 13444, "hostname": "steropes", "node_ip": "169.229.49.254", "config": {"starting_lr": 0.05, "momentum": 0.997, "weight_decay": 0.0001, "steps_per_iteration": null, "pin": false, "model_creator": null, "target_batch_size": 128, "model_string": "resnet50", "min_batch_size": 128, "dataset": "CIFAR", "placement": null, "use_nccl": true, "devices_per_worker": 1, "primary_resource": "extra_gpu", "gpu": false, "verbose": false, "lr_config": {"mode": "log", "steps": 5, "initial_lr": 0.05, "target_lr": 0.05}, "batch_per_device": 128}, "time_since_restore": 126.54140996932983, "timesteps_since_restore": 0, "iterations_since_restore": 3, "mean_throughput": 1422.4540924733024, "atoms": 1, "setup_time": 10.843422889709473}
{"apply": 0.017440009117126464, "batch_time": 0.03183703181109851, "d2h": 0.0007726669311523438, "data_time": 0.0017513588566304473, "fwd": 0.02826552391052246, "get_state_time_mean": NaN, "get_state_time_total": 0.0, "grad": 0.047229886054992676, "mean_accuracy": 0.1051499955356121, "mean_loss": 258.1793468128204, "neg_mean_accuracy": -0.11989999562501907, "set_state_time_mean": NaN, "set_state_time_total": 0.0, "setup_model_time_mean": NaN, "setup_model_time_total": 0.0, "setup_proc_time_mean": NaN, "setup_proc_time_total": 0.0, "train_accuracy": 0.10759999603033066, "train_loss": 2.409800972671509, "training_time_mean": NaN, "training_time_total": 0.0, "val_accuracy": 0.11989999562501907, "val_loss": 2.308383700942993, "validation_time_mean": NaN, "validation_time_total": 0.0, "samples": 60000, "num_workers": 1, "done": false, "timesteps_total": null, "episodes_total": null, "training_iteration": 4, "neg_mean_loss": -258.1793468128204, "experiment_id": "b294e26fb4024f24b565d7a567d844f3", "date": "2019-06-03_03-36-46", "timestamp": 1559558206, "time_this_iter_s": 40.333046674728394, "time_total_s": 166.87445664405823, "pid": 13444, "hostname": "steropes", "node_ip": "169.229.49.254", "config": {"starting_lr": 0.05, "momentum": 0.997, "weight_decay": 0.0001, "steps_per_iteration": null, "pin": false, "model_creator": null, "target_batch_size": 128, "model_string": "resnet50", "min_batch_size": 128, "dataset": "CIFAR", "placement": null, "use_nccl": true, "devices_per_worker": 1, "primary_resource": "extra_gpu", "gpu": false, "verbose": false, "lr_config": {"mode": "log", "steps": 5, "initial_lr": 0.05, "target_lr": 0.05}, "batch_per_device": 128}, "time_since_restore": 166.87445664405823, "timesteps_since_restore": 0, "iterations_since_restore": 4, "mean_throughput": 1438.202314999293, "atoms": 1, "setup_time": 10.843422889709473}
{"apply": 0.017336940765380858, "batch_time": 0.03213956386228151, "d2h": 0.0007831096649169922, "data_time": 0.0017587473935178478, "fwd": 0.028019165992736815, "get_state_time_mean": NaN, "get_state_time_total": 0.0, "grad": 0.04767134189605713, "mean_accuracy": 0.10341999530792237, "mean_loss": 773.6905859658814, "neg_mean_accuracy": -0.09649999439716339, "set_state_time_mean": NaN, "set_state_time_total": 0.0, "setup_model_time_mean": NaN, "setup_model_time_total": 0.0, "setup_proc_time_mean": NaN, "setup_proc_time_total": 0.0, "train_accuracy": 0.1287200003862381, "train_loss": 4.183136867065429, "training_time_mean": NaN, "training_time_total": 0.0, "val_accuracy": 0.09649999439716339, "val_loss": 2835.735542578125, "validation_time_mean": NaN, "validation_time_total": 0.0, "samples": 60000, "num_workers": 1, "done": false, "timesteps_total": null, "episodes_total": null, "training_iteration": 5, "neg_mean_loss": -773.6905859658814, "experiment_id": "b294e26fb4024f24b565d7a567d844f3", "date": "2019-06-03_03-37-27", "timestamp": 1559558247, "time_this_iter_s": 40.49387550354004, "time_total_s": 207.36833214759827, "pid": 13444, "hostname": "steropes", "node_ip": "169.229.49.254", "config": {"starting_lr": 0.05, "momentum": 0.997, "weight_decay": 0.0001, "steps_per_iteration": null, "pin": false, "model_creator": null, "target_batch_size": 128, "model_string": "resnet50", "min_batch_size": 128, "dataset": "CIFAR", "placement": null, "use_nccl": true, "devices_per_worker": 1, "primary_resource": "extra_gpu", "gpu": false, "verbose": false, "lr_config": {"mode": "log", "steps": 5, "initial_lr": 0.05, "target_lr": 0.05}, "batch_per_device": 128}, "time_since_restore": 207.36833214759827, "timesteps_since_restore": 0, "iterations_since_restore": 5, "mean_throughput": 1446.6968714282445, "atoms": 1, "setup_time": 10.843422889709473}
{"apply": 0.01731131076812744, "batch_time": 0.031633576260337345, "d2h": 0.0007059812545776367, "data_time": 0.0017361470195643432, "fwd": 0.028188085556030272, "get_state_time_mean": NaN, "get_state_time_total": 0.0, "grad": 0.04819185733795166, "mean_accuracy": 0.10803999602794648, "mean_loss": 591.2055624932862, "neg_mean_accuracy": -0.10859999805688858, "set_state_time_mean": NaN, "set_state_time_total": 0.0, "setup_model_time_mean": NaN, "setup_model_time_total": 0.0, "setup_proc_time_mean": NaN, "setup_proc_time_total": 0.0, "train_accuracy": 0.10075999796390533, "train_loss": 3.7510495741271974, "training_time_mean": NaN, "training_time_total": 0.0, "val_accuracy": 0.10859999805688858, "val_loss": 12.049757312774657, "validation_time_mean": NaN, "validation_time_total": 0.0, "samples": 60000, "num_workers": 1, "done": false, "timesteps_total": null, "episodes_total": null, "training_iteration": 6, "neg_mean_loss": -591.2055624932862, "experiment_id": "b294e26fb4024f24b565d7a567d844f3", "date": "2019-06-03_03-38-07", "timestamp": 1559558287, "time_this_iter_s": 40.4100239276886, "time_total_s": 247.77835607528687, "pid": 13444, "hostname": "steropes", "node_ip": "169.229.49.254", "config": {"starting_lr": 0.05, "momentum": 0.997, "weight_decay": 0.0001, "steps_per_iteration": null, "pin": false, "model_creator": null, "target_batch_size": 128, "model_string": "resnet50", "min_batch_size": 128, "dataset": "CIFAR", "placement": null, "use_nccl": true, "devices_per_worker": 1, "primary_resource": "extra_gpu", "gpu": false, "verbose": false, "lr_config": {"mode": "log", "steps": 5, "initial_lr": 0.05, "target_lr": 0.05}, "batch_per_device": 128}, "time_since_restore": 247.77835607528687, "timesteps_since_restore": 0, "iterations_since_restore": 6, "mean_throughput": 1484.6618100395851, "atoms": 1, "setup_time": 10.843422889709473}
{"apply": 0.017383050918579102, "batch_time": 0.03216650516171999, "d2h": 0.0006691932678222657, "data_time": 0.0017268779637563563, "fwd": 0.028288769721984863, "get_state_time_mean": NaN, "get_state_time_total": 0.0, "grad": 0.04763333797454834, "mean_accuracy": 0.10805999636650085, "mean_loss": 597.9606983302308, "neg_mean_accuracy": -0.1005999967455864, "set_state_time_mean": NaN, "set_state_time_total": 0.0, "setup_model_time_mean": NaN, "setup_model_time_total": 0.0, "setup_proc_time_mean": NaN, "setup_proc_time_total": 0.0, "train_accuracy": 0.1073400005698204, "train_loss": 3.401097081604004, "training_time_mean": NaN, "training_time_total": 0.0, "val_accuracy": 0.1005999967455864, "val_loss": 137.3830322265625, "validation_time_mean": NaN, "validation_time_total": 0.0, "samples": 60000, "num_workers": 1, "done": false, "timesteps_total": null, "episodes_total": null, "training_iteration": 7, "neg_mean_loss": -597.9606983302308, "experiment_id": "b294e26fb4024f24b565d7a567d844f3", "date": "2019-06-03_03-38-48", "timestamp": 1559558328, "time_this_iter_s": 40.516841650009155, "time_total_s": 288.295197725296, "pid": 13444, "hostname": "steropes", "node_ip": "169.229.49.254", "config": {"starting_lr": 0.05, "momentum": 0.997, "weight_decay": 0.0001, "steps_per_iteration": null, "pin": false, "model_creator": null, "target_batch_size": 128, "model_string": "resnet50", "min_batch_size": 128, "dataset": "CIFAR", "placement": null, "use_nccl": true, "devices_per_worker": 1, "primary_resource": "extra_gpu", "gpu": false, "verbose": false, "lr_config": {"mode": "log", "steps": 5, "initial_lr": 0.05, "target_lr": 0.05}, "batch_per_device": 128}, "time_since_restore": 288.295197725296, "timesteps_since_restore": 0, "iterations_since_restore": 7, "mean_throughput": 1484.3010725118124, "atoms": 1, "setup_time": 10.843422889709473}
{"apply": 0.017423558235168456, "batch_time": 0.0318812629844569, "d2h": 0.000662684440612793, "data_time": 0.001748428320335915, "fwd": 0.028388786315917968, "get_state_time_mean": NaN, "get_state_time_total": 0.0, "grad": 0.047838258743286136, "mean_accuracy": 0.10543999671936036, "mean_loss": 3131.612990663681, "neg_mean_accuracy": -0.10159999877214432, "set_state_time_mean": NaN, "set_state_time_total": 0.0, "setup_model_time_mean": NaN, "setup_model_time_total": 0.0, "setup_proc_time_mean": NaN, "setup_proc_time_total": 0.0, "train_accuracy": 0.11005999892950058, "train_loss": 4.067421844177246, "training_time_mean": NaN, "training_time_total": 0.0, "val_accuracy": 0.10159999877214432, "val_loss": 12670.5882375, "validation_time_mean": NaN, "validation_time_total": 0.0, "samples": 60000, "num_workers": 1, "done": false, "timesteps_total": null, "episodes_total": null, "training_iteration": 8, "neg_mean_loss": -3131.612990663681, "experiment_id": "b294e26fb4024f24b565d7a567d844f3", "date": "2019-06-03_03-39-28", "timestamp": 1559558368, "time_this_iter_s": 40.294503688812256, "time_total_s": 328.5897014141083, "pid": 13444, "hostname": "steropes", "node_ip": "169.229.49.254", "config": {"starting_lr": 0.05, "momentum": 0.997, "weight_decay": 0.0001, "steps_per_iteration": null, "pin": false, "model_creator": null, "target_batch_size": 128, "model_string": "resnet50", "min_batch_size": 128, "dataset": "CIFAR", "placement": null, "use_nccl": true, "devices_per_worker": 1, "primary_resource": "extra_gpu", "gpu": false, "verbose": false, "lr_config": {"mode": "log", "steps": 5, "initial_lr": 0.05, "target_lr": 0.05}, "batch_per_device": 128}, "time_since_restore": 328.5897014141083, "timesteps_since_restore": 0, "iterations_since_restore": 8, "mean_throughput": 1484.7904054119995, "atoms": 1, "setup_time": 10.843422889709473}
{"apply": 0.017170023918151856, "batch_time": 0.031737113300758076, "d2h": 0.0006651163101196289, "data_time": 0.001737153743539015, "fwd": 0.0279294490814209, "get_state_time_mean": NaN, "get_state_time_total": 0.0, "grad": 0.04782140254974365, "mean_accuracy": 0.10127999782562255, "mean_loss": 3134.9666144033813, "neg_mean_accuracy": -0.09910000115633011, "set_state_time_mean": NaN, "set_state_time_total": 0.0, "setup_model_time_mean": NaN, "setup_model_time_total": 0.0, "setup_proc_time_mean": NaN, "setup_proc_time_total": 0.0, "train_accuracy": 0.12197999656200409, "train_loss": 8.04150558769226, "training_time_mean": NaN, "training_time_total": 0.0, "val_accuracy": 0.09910000115633011, "val_loss": 19.07650239944458, "validation_time_mean": NaN, "validation_time_total": 0.0, "samples": 60000, "num_workers": 1, "done": false, "timesteps_total": null, "episodes_total": null, "training_iteration": 9, "neg_mean_loss": -3134.9666144033813, "experiment_id": "b294e26fb4024f24b565d7a567d844f3", "date": "2019-06-03_03-40-08", "timestamp": 1559558408, "time_this_iter_s": 40.45833492279053, "time_total_s": 369.0480363368988, "pid": 13444, "hostname": "steropes", "node_ip": "169.229.49.254", "config": {"starting_lr": 0.05, "momentum": 0.997, "weight_decay": 0.0001, "steps_per_iteration": null, "pin": false, "model_creator": null, "target_batch_size": 128, "model_string": "resnet50", "min_batch_size": 128, "dataset": "CIFAR", "placement": null, "use_nccl": true, "devices_per_worker": 1, "primary_resource": "extra_gpu", "gpu": false, "verbose": false, "lr_config": {"mode": "log", "steps": 5, "initial_lr": 0.05, "target_lr": 0.05}, "batch_per_device": 128}, "time_since_restore": 369.0480363368988, "timesteps_since_restore": 0, "iterations_since_restore": 9, "mean_throughput": 1483.8702155933097, "atoms": 1, "setup_time": 10.843422889709473}
{"apply": 0.01704428195953369, "batch_time": 0.03177919267099115, "d2h": 0.0006591320037841797, "data_time": 0.0017323804938274882, "fwd": 0.02789463996887207, "get_state_time_mean": NaN, "get_state_time_total": 0.0, "grad": 0.047110700607299806, "mean_accuracy": 0.10443999767303466, "mean_loss": 2661.821434041443, "neg_mean_accuracy": -0.11229999363422394, "set_state_time_mean": NaN, "set_state_time_total": 0.0, "setup_model_time_mean": NaN, "setup_model_time_total": 0.0, "setup_proc_time_mean": NaN, "setup_proc_time_total": 0.0, "train_accuracy": 0.11095999926328659, "train_loss": 79.68106633117675, "training_time_mean": NaN, "training_time_total": 0.0, "val_accuracy": 0.11229999363422394, "val_loss": 470.00964076843263, "validation_time_mean": NaN, "validation_time_total": 0.0, "samples": 60000, "num_workers": 1, "done": false, "timesteps_total": null, "episodes_total": null, "training_iteration": 10, "neg_mean_loss": -2661.821434041443, "experiment_id": "b294e26fb4024f24b565d7a567d844f3", "date": "2019-06-03_03-40-49", "timestamp": 1559558449, "time_this_iter_s": 40.37557911872864, "time_total_s": 409.42361545562744, "pid": 13444, "hostname": "steropes", "node_ip": "169.229.49.254", "config": {"starting_lr": 0.05, "momentum": 0.997, "weight_decay": 0.0001, "steps_per_iteration": null, "pin": false, "model_creator": null, "target_batch_size": 128, "model_string": "resnet50", "min_batch_size": 128, "dataset": "CIFAR", "placement": null, "use_nccl": true, "devices_per_worker": 1, "primary_resource": "extra_gpu", "gpu": false, "verbose": false, "lr_config": {"mode": "log", "steps": 5, "initial_lr": 0.05, "target_lr": 0.05}, "batch_per_device": 128}, "time_since_restore": 409.42361545562744, "timesteps_since_restore": 0, "iterations_since_restore": 10, "mean_throughput": 1484.738936909268, "atoms": 1, "setup_time": 10.843422889709473}
{"apply": 0.01752171516418457, "batch_time": 0.03154999394960041, "d2h": 0.0006461620330810546, "data_time": 0.0017602053444708704, "fwd": 0.028391146659851076, "get_state_time_mean": NaN, "get_state_time_total": 0.0, "grad": 0.047850513458251955, "mean_accuracy": 0.10287999808788299, "mean_loss": 3565.0383055476377, "neg_mean_accuracy": -0.10080000013113022, "set_state_time_mean": NaN, "set_state_time_total": 0.0, "setup_model_time_mean": NaN, "setup_model_time_total": 0.0, "setup_proc_time_mean": NaN, "setup_proc_time_total": 0.0, "train_accuracy": 0.10819999873638153, "train_loss": 5.712783289337159, "training_time_mean": NaN, "training_time_total": 0.0, "val_accuracy": 0.10080000013113022, "val_loss": 4528.13411484375, "validation_time_mean": NaN, "validation_time_total": 0.0, "samples": 60000, "num_workers": 1, "done": false, "timesteps_total": null, "episodes_total": null, "training_iteration": 11, "neg_mean_loss": -3565.0383055476377, "experiment_id": "b294e26fb4024f24b565d7a567d844f3", "date": "2019-06-03_03-41-29", "timestamp": 1559558489, "time_this_iter_s": 40.39865827560425, "time_total_s": 449.8222737312317, "pid": 13444, "hostname": "steropes", "node_ip": "169.229.49.254", "config": {"starting_lr": 0.05, "momentum": 0.997, "weight_decay": 0.0001, "steps_per_iteration": null, "pin": false, "model_creator": null, "target_batch_size": 128, "model_string": "resnet50", "min_batch_size": 128, "dataset": "CIFAR", "placement": null, "use_nccl": true, "devices_per_worker": 1, "primary_resource": "extra_gpu", "gpu": false, "verbose": false, "lr_config": {"mode": "log", "steps": 5, "initial_lr": 0.05, "target_lr": 0.05}, "batch_per_device": 128}, "time_since_restore": 449.8222737312317, "timesteps_since_restore": 0, "iterations_since_restore": 11, "mean_throughput": 1484.8224775756873, "atoms": 1, "setup_time": 10.843422889709473}
{"apply": 0.01726250648498535, "batch_time": 0.03175115283531479, "d2h": 0.0006585121154785156, "data_time": 0.0017290719024970404, "fwd": 0.028307723999023437, "get_state_time_mean": NaN, "get_state_time_total": 0.0, "grad": 0.04699416160583496, "mean_accuracy": 0.10655999779701233, "mean_loss": 3538.9478096324156, "neg_mean_accuracy": -0.11899999529123306, "set_state_time_mean": NaN, "set_state_time_total": 0.0, "setup_model_time_mean": NaN, "setup_model_time_total": 0.0, "setup_proc_time_mean": NaN, "setup_proc_time_total": 0.0, "train_accuracy": 0.10605999827384949, "train_loss": 10.53203764427185, "training_time_mean": NaN, "training_time_total": 0.0, "val_accuracy": 0.11899999529123306, "val_loss": 6.93055265045166, "validation_time_mean": NaN, "validation_time_total": 0.0, "samples": 60000, "num_workers": 1, "done": false, "timesteps_total": null, "episodes_total": null, "training_iteration": 12, "neg_mean_loss": -3538.9478096324156, "experiment_id": "b294e26fb4024f24b565d7a567d844f3", "date": "2019-06-03_03-42-10", "timestamp": 1559558530, "time_this_iter_s": 40.416621685028076, "time_total_s": 490.23889541625977, "pid": 13444, "hostname": "steropes", "node_ip": "169.229.49.254", "config": {"starting_lr": 0.05, "momentum": 0.997, "weight_decay": 0.0001, "steps_per_iteration": null, "pin": false, "model_creator": null, "target_batch_size": 128, "model_string": "resnet50", "min_batch_size": 128, "dataset": "CIFAR", "placement": null, "use_nccl": true, "devices_per_worker": 1, "primary_resource": "extra_gpu", "gpu": false, "verbose": false, "lr_config": {"mode": "log", "steps": 5, "initial_lr": 0.05, "target_lr": 0.05}, "batch_per_device": 128}, "time_since_restore": 490.23889541625977, "timesteps_since_restore": 0, "iterations_since_restore": 12, "mean_throughput": 1485.5595851249216, "atoms": 1, "setup_time": 10.843422889709473}
{"apply": 0.01715097427368164, "batch_time": 0.03179665155048612, "d2h": 0.0006667852401733398, "data_time": 0.0017232455865806326, "fwd": 0.028048944473266602, "get_state_time_mean": NaN, "get_state_time_total": 0.0, "grad": 0.0481964111328125, "mean_accuracy": 0.10825999677181244, "mean_loss": 1051.461869051361, "neg_mean_accuracy": -0.11009999364614487, "set_state_time_mean": NaN, "set_state_time_total": 0.0, "setup_model_time_mean": NaN, "setup_model_time_total": 0.0, "setup_proc_time_mean": NaN, "setup_proc_time_total": 0.0, "train_accuracy": 0.11333999782800674, "train_loss": 36.814063566818234, "training_time_mean": NaN, "training_time_total": 0.0, "val_accuracy": 0.11009999364614487, "val_loss": 233.15853459472658, "validation_time_mean": NaN, "validation_time_total": 0.0, "samples": 60000, "num_workers": 1, "done": false, "timesteps_total": null, "episodes_total": null, "training_iteration": 13, "neg_mean_loss": -1051.461869051361, "experiment_id": "b294e26fb4024f24b565d7a567d844f3", "date": "2019-06-03_03-42-50", "timestamp": 1559558570, "time_this_iter_s": 40.360209941864014, "time_total_s": 530.5991053581238, "pid": 13444, "hostname": "steropes", "node_ip": "169.229.49.254", "config": {"starting_lr": 0.05, "momentum": 0.997, "weight_decay": 0.0001, "steps_per_iteration": null, "pin": false, "model_creator": null, "target_batch_size": 128, "model_string": "resnet50", "min_batch_size": 128, "dataset": "CIFAR", "placement": null, "use_nccl": true, "devices_per_worker": 1, "primary_resource": "extra_gpu", "gpu": false, "verbose": false, "lr_config": {"mode": "log", "steps": 5, "initial_lr": 0.05, "target_lr": 0.05}, "batch_per_device": 128}, "time_since_restore": 530.5991053581238, "timesteps_since_restore": 0, "iterations_since_restore": 13, "mean_throughput": 1485.0760006737617, "atoms": 1, "setup_time": 10.843422889709473}
{"apply": 0.01746678352355957, "batch_time": 0.03211199784580665, "d2h": 0.0006771326065063476, "data_time": 0.0017684201145416025, "fwd": 0.02856736183166504, "get_state_time_mean": NaN, "get_state_time_total": 0.0, "grad": 0.04966702461242676, "mean_accuracy": 0.11225999593734741, "mean_loss": 1048.162145481262, "neg_mean_accuracy": -0.11909999698400497, "set_state_time_mean": NaN, "set_state_time_total": 0.0, "setup_model_time_mean": NaN, "setup_model_time_total": 0.0, "setup_proc_time_mean": NaN, "setup_proc_time_total": 0.0, "train_accuracy": 0.12033999711275101, "train_loss": 4.860413720779419, "training_time_mean": NaN, "training_time_total": 0.0, "val_accuracy": 0.11909999698400497, "val_loss": 2.577884548950195, "validation_time_mean": NaN, "validation_time_total": 0.0, "samples": 60000, "num_workers": 1, "done": false, "timesteps_total": null, "episodes_total": null, "training_iteration": 14, "neg_mean_loss": -1048.162145481262, "experiment_id": "b294e26fb4024f24b565d7a567d844f3", "date": "2019-06-03_03-43-31", "timestamp": 1559558611, "time_this_iter_s": 40.668869495391846, "time_total_s": 571.2679748535156, "pid": 13444, "hostname": "steropes", "node_ip": "169.229.49.254", "config": {"starting_lr": 0.05, "momentum": 0.997, "weight_decay": 0.0001, "steps_per_iteration": null, "pin": false, "model_creator": null, "target_batch_size": 128, "model_string": "resnet50", "min_batch_size": 128, "dataset": "CIFAR", "placement": null, "use_nccl": true, "devices_per_worker": 1, "primary_resource": "extra_gpu", "gpu": false, "verbose": false, "lr_config": {"mode": "log", "steps": 5, "initial_lr": 0.05, "target_lr": 0.05}, "batch_per_device": 128}, "time_since_restore": 571.2679748535156, "timesteps_since_restore": 0, "iterations_since_restore": 14, "mean_throughput": 1483.5299400942813, "atoms": 1, "setup_time": 10.843422889709473}
{"apply": 0.017442083358764647, "batch_time": 0.03182183338116996, "d2h": 0.0009244680404663086, "data_time": 0.0017482307560913399, "fwd": 0.028091287612915038, "get_state_time_mean": NaN, "get_state_time_total": 0.0, "grad": 0.048686790466308597, "mean_accuracy": 0.1120999962091446, "mean_loss": 954.6261197078704, "neg_mean_accuracy": -0.11149999499320984, "set_state_time_mean": NaN, "set_state_time_total": 0.0, "setup_model_time_mean": NaN, "setup_model_time_total": 0.0, "setup_proc_time_mean": NaN, "setup_proc_time_total": 0.0, "train_accuracy": 0.1187799945473671, "train_loss": 10.787412356643676, "training_time_mean": NaN, "training_time_total": 0.0, "val_accuracy": 0.11149999499320984, "val_loss": 2.329511901473999, "validation_time_mean": NaN, "validation_time_total": 0.0, "samples": 60000, "num_workers": 1, "done": false, "timesteps_total": null, "episodes_total": null, "training_iteration": 15, "neg_mean_loss": -954.6261197078704, "experiment_id": "b294e26fb4024f24b565d7a567d844f3", "date": "2019-06-03_03-44-11", "timestamp": 1559558651, "time_this_iter_s": 40.42724585533142, "time_total_s": 611.695220708847, "pid": 13444, "hostname": "steropes", "node_ip": "169.229.49.254", "config": {"starting_lr": 0.05, "momentum": 0.997, "weight_decay": 0.0001, "steps_per_iteration": null, "pin": false, "model_creator": null, "target_batch_size": 128, "model_string": "resnet50", "min_batch_size": 128, "dataset": "CIFAR", "placement": null, "use_nccl": true, "devices_per_worker": 1, "primary_resource": "extra_gpu", "gpu": false, "verbose": false, "lr_config": {"mode": "log", "steps": 5, "initial_lr": 0.05, "target_lr": 0.05}, "batch_per_device": 128}, "time_since_restore": 611.695220708847, "timesteps_since_restore": 0, "iterations_since_restore": 15, "mean_throughput": 1483.150959004538, "atoms": 1, "setup_time": 10.843422889709473}
{"apply": 0.017305827140808104, "batch_time": 0.03198364112950579, "d2h": 0.0006977796554565429, "data_time": 0.0017357128660392272, "fwd": 0.02826979160308838, "get_state_time_mean": NaN, "get_state_time_total": 0.0, "grad": 0.04715559482574463, "mean_accuracy": 0.11717999428510666, "mean_loss": 49.511204020690926, "neg_mean_accuracy": -0.12619999051094055, "set_state_time_mean": NaN, "set_state_time_total": 0.0, "setup_model_time_mean": NaN, "setup_model_time_total": 0.0, "setup_proc_time_mean": NaN, "setup_proc_time_total": 0.0, "train_accuracy": 0.11667999625205994, "train_loss": 16.551397550506593, "training_time_mean": NaN, "training_time_total": 0.0, "val_accuracy": 0.12619999051094055, "val_loss": 2.559536407852173, "validation_time_mean": NaN, "validation_time_total": 0.0, "samples": 60000, "num_workers": 1, "done": false, "timesteps_total": null, "episodes_total": null, "training_iteration": 16, "neg_mean_loss": -49.511204020690926, "experiment_id": "b294e26fb4024f24b565d7a567d844f3", "date": "2019-06-03_03-44-52", "timestamp": 1559558692, "time_this_iter_s": 40.46852111816406, "time_total_s": 652.1637418270111, "pid": 13444, "hostname": "steropes", "node_ip": "169.229.49.254", "config": {"starting_lr": 0.05, "momentum": 0.997, "weight_decay": 0.0001, "steps_per_iteration": null, "pin": false, "model_creator": null, "target_batch_size": 128, "model_string": "resnet50", "min_batch_size": 128, "dataset": "CIFAR", "placement": null, "use_nccl": true, "devices_per_worker": 1, "primary_resource": "extra_gpu", "gpu": false, "verbose": false, "lr_config": {"mode": "log", "steps": 5, "initial_lr": 0.05, "target_lr": 0.05}, "batch_per_device": 128}, "time_since_restore": 652.1637418270111, "timesteps_since_restore": 0, "iterations_since_restore": 16, "mean_throughput": 1482.6388487000117, "atoms": 1, "setup_time": 10.843422889709473}
{"apply": 0.017200207710266112, "batch_time": 0.03188285646559317, "d2h": 0.0006685018539428711, "data_time": 0.001726559665806763, "fwd": 0.028048276901245117, "get_state_time_mean": NaN, "get_state_time_total": 0.0, "grad": 0.04725239276885986, "mean_accuracy": 0.11337999403476715, "mean_loss": 69.56084671569825, "neg_mean_accuracy": -0.09999999403953552, "set_state_time_mean": NaN, "set_state_time_total": 0.0, "setup_model_time_mean": NaN, "setup_model_time_total": 0.0, "setup_proc_time_mean": NaN, "setup_proc_time_total": 0.0, "train_accuracy": 0.13152000308036804, "train_loss": 3.4639100440216066, "training_time_mean": NaN, "training_time_total": 0.0, "val_accuracy": 0.09999999403953552, "val_loss": 107.17876612548828, "validation_time_mean": NaN, "validation_time_total": 0.0, "samples": 60000, "num_workers": 1, "done": false, "timesteps_total": null, "episodes_total": null, "training_iteration": 17, "neg_mean_loss": -69.56084671569825, "experiment_id": "b294e26fb4024f24b565d7a567d844f3", "date": "2019-06-03_03-45-32", "timestamp": 1559558732, "time_this_iter_s": 40.36799740791321, "time_total_s": 692.5317392349243, "pid": 13444, "hostname": "steropes", "node_ip": "169.229.49.254", "config": {"starting_lr": 0.05, "momentum": 0.997, "weight_decay": 0.0001, "steps_per_iteration": null, "pin": false, "model_creator": null, "target_batch_size": 128, "model_string": "resnet50", "min_batch_size": 128, "dataset": "CIFAR", "placement": null, "use_nccl": true, "devices_per_worker": 1, "primary_resource": "extra_gpu", "gpu": false, "verbose": false, "lr_config": {"mode": "log", "steps": 5, "initial_lr": 0.05, "target_lr": 0.05}, "batch_per_device": 128}, "time_since_restore": 692.5317392349243, "timesteps_since_restore": 0, "iterations_since_restore": 17, "mean_throughput": 1482.995176345017, "atoms": 1, "setup_time": 10.843422889709473}
{"apply": 0.01747288703918457, "batch_time": 0.03230912474137318, "d2h": 0.0006871700286865234, "data_time": 0.0017320030485577596, "fwd": 0.028244590759277342, "get_state_time_mean": NaN, "get_state_time_total": 0.0, "grad": 0.04752383232116699, "mean_accuracy": 0.12605999559164047, "mean_loss": 34.71285385009766, "neg_mean_accuracy": -0.17350000143051147, "set_state_time_mean": NaN, "set_state_time_total": 0.0, "setup_model_time_mean": NaN, "setup_model_time_total": 0.0, "setup_proc_time_mean": NaN, "setup_proc_time_total": 0.0, "train_accuracy": 0.11999999731779099, "train_loss": 12.16333228149414, "training_time_mean": NaN, "training_time_total": 0.0, "val_accuracy": 0.17350000143051147, "val_loss": 58.918570266723634, "validation_time_mean": NaN, "validation_time_total": 0.0, "samples": 60000, "num_workers": 1, "done": false, "timesteps_total": null, "episodes_total": null, "training_iteration": 18, "neg_mean_loss": -34.71285385009766, "experiment_id": "b294e26fb4024f24b565d7a567d844f3", "date": "2019-06-03_03-46-12", "timestamp": 1559558772, "time_this_iter_s": 40.31730365753174, "time_total_s": 732.849042892456, "pid": 13444, "hostname": "steropes", "node_ip": "169.229.49.254", "config": {"starting_lr": 0.05, "momentum": 0.997, "weight_decay": 0.0001, "steps_per_iteration": null, "pin": false, "model_creator": null, "target_batch_size": 128, "model_string": "resnet50", "min_batch_size": 128, "dataset": "CIFAR", "placement": null, "use_nccl": true, "devices_per_worker": 1, "primary_resource": "extra_gpu", "gpu": false, "verbose": false, "lr_config": {"mode": "log", "steps": 5, "initial_lr": 0.05, "target_lr": 0.05}, "batch_per_device": 128}, "time_since_restore": 732.849042892456, "timesteps_since_restore": 0, "iterations_since_restore": 18, "mean_throughput": 1483.3101753552248, "atoms": 1, "setup_time": 10.843422889709473}
{"apply": 0.017423009872436522, "batch_time": 0.03193273725388925, "d2h": 0.0006856918334960938, "data_time": 0.0017186479495309502, "fwd": 0.028354525566101074, "get_state_time_mean": NaN, "get_state_time_total": 0.0, "grad": 0.046968507766723636, "mean_accuracy": 0.12247999608516694, "mean_loss": 1848.676102565308, "neg_mean_accuracy": -0.10119999945163727, "set_state_time_mean": NaN, "set_state_time_total": 0.0, "setup_model_time_mean": NaN, "setup_model_time_total": 0.0, "setup_proc_time_mean": NaN, "setup_proc_time_total": 0.0, "train_accuracy": 0.1143999993801117, "train_loss": 126.11668888427734, "training_time_mean": NaN, "training_time_total": 0.0, "val_accuracy": 0.10119999945163727, "val_loss": 9072.394128125, "validation_time_mean": NaN, "validation_time_total": 0.0, "samples": 60000, "num_workers": 1, "done": false, "timesteps_total": null, "episodes_total": null, "training_iteration": 19, "neg_mean_loss": -1848.676102565308, "experiment_id": "b294e26fb4024f24b565d7a567d844f3", "date": "2019-06-03_03-46-53", "timestamp": 1559558813, "time_this_iter_s": 40.3546257019043, "time_total_s": 773.2036685943604, "pid": 13444, "hostname": "steropes", "node_ip": "169.229.49.254", "config": {"starting_lr": 0.05, "momentum": 0.997, "weight_decay": 0.0001, "steps_per_iteration": null, "pin": false, "model_creator": null, "target_batch_size": 128, "model_string": "resnet50", "min_batch_size": 128, "dataset": "CIFAR", "placement": null, "use_nccl": true, "devices_per_worker": 1, "primary_resource": "extra_gpu", "gpu": false, "verbose": false, "lr_config": {"mode": "log", "steps": 5, "initial_lr": 0.05, "target_lr": 0.05}, "batch_per_device": 128}, "time_since_restore": 773.2036685943604, "timesteps_since_restore": 0, "iterations_since_restore": 19, "mean_throughput": 1485.618398437785, "atoms": 1, "setup_time": 10.843422889709473}
{"apply": 0.0173234224319458, "batch_time": 0.0319603213781043, "d2h": 0.0006920337677001953, "data_time": 0.001717202193901667, "fwd": 0.028329014778137207, "get_state_time_mean": NaN, "get_state_time_total": 0.0, "grad": 0.04835679531097412, "mean_accuracy": 0.12017999589443207, "mean_loss": 1848.6793758192446, "neg_mean_accuracy": -0.09999999403953552, "set_state_time_mean": NaN, "set_state_time_total": 0.0, "setup_model_time_mean": NaN, "setup_model_time_total": 0.0, "setup_proc_time_mean": NaN, "setup_proc_time_total": 0.0, "train_accuracy": 0.1087999939918518, "train_loss": 21.317432286071778, "training_time_mean": NaN, "training_time_total": 0.0, "val_accuracy": 0.09999999403953552, "val_loss": 2.3458781711578367, "validation_time_mean": NaN, "validation_time_total": 0.0, "samples": 60000, "num_workers": 1, "done": false, "timesteps_total": null, "episodes_total": null, "training_iteration": 20, "neg_mean_loss": -1848.6793758192446, "experiment_id": "b294e26fb4024f24b565d7a567d844f3", "date": "2019-06-03_03-47-33", "timestamp": 1559558853, "time_this_iter_s": 40.30218052864075, "time_total_s": 813.5058491230011, "pid": 13444, "hostname": "steropes", "node_ip": "169.229.49.254", "config": {"starting_lr": 0.05, "momentum": 0.997, "weight_decay": 0.0001, "steps_per_iteration": null, "pin": false, "model_creator": null, "target_batch_size": 128, "model_string": "resnet50", "min_batch_size": 128, "dataset": "CIFAR", "placement": null, "use_nccl": true, "devices_per_worker": 1, "primary_resource": "extra_gpu", "gpu": false, "verbose": false, "lr_config": {"mode": "log", "steps": 5, "initial_lr": 0.05, "target_lr": 0.05}, "batch_per_device": 128}, "time_since_restore": 813.5058491230011, "timesteps_since_restore": 0, "iterations_since_restore": 20, "mean_throughput": 1486.5391233878324, "atoms": 1, "setup_time": 10.843422889709473}
{"apply": 0.017198562622070312, "batch_time": 0.03163017502313928, "d2h": 0.0006704568862915039, "data_time": 0.0017190345412934833, "fwd": 0.02797229290008545, "get_state_time_mean": NaN, "get_state_time_total": 0.0, "grad": 0.04731683731079102, "mean_accuracy": 0.11379999667406082, "mean_loss": 500810.1231485377, "neg_mean_accuracy": -0.09429999440908432, "set_state_time_mean": NaN, "set_state_time_total": 0.0, "setup_model_time_mean": NaN, "setup_model_time_total": 0.0, "setup_proc_time_mean": NaN, "setup_proc_time_total": 0.0, "train_accuracy": 0.10895999521017075, "train_loss": 26.153618462524413, "training_time_mean": NaN, "training_time_total": 0.0, "val_accuracy": 0.09429999440908432, "val_loss": 2494809.7784, "validation_time_mean": NaN, "validation_time_total": 0.0, "samples": 60000, "num_workers": 1, "done": false, "timesteps_total": null, "episodes_total": null, "training_iteration": 21, "neg_mean_loss": -500810.1231485377, "experiment_id": "b294e26fb4024f24b565d7a567d844f3", "date": "2019-06-03_03-48-13", "timestamp": 1559558893, "time_this_iter_s": 40.327858686447144, "time_total_s": 853.8337078094482, "pid": 13444, "hostname": "steropes", "node_ip": "169.229.49.254", "config": {"starting_lr": 0.05, "momentum": 0.997, "weight_decay": 0.0001, "steps_per_iteration": null, "pin": false, "model_creator": null, "target_batch_size": 128, "model_string": "resnet50", "min_batch_size": 128, "dataset": "CIFAR", "placement": null, "use_nccl": true, "devices_per_worker": 1, "primary_resource": "extra_gpu", "gpu": false, "verbose": false, "lr_config": {"mode": "log", "steps": 5, "initial_lr": 0.05, "target_lr": 0.05}, "batch_per_device": 128}, "time_since_restore": 853.8337078094482, "timesteps_since_restore": 0, "iterations_since_restore": 21, "mean_throughput": 1487.5759648664232, "atoms": 1, "setup_time": 10.843422889709473}
{"apply": 0.017647409439086915, "batch_time": 0.03207748449301418, "d2h": 0.000686812400817871, "data_time": 0.00172191202792975, "fwd": 0.028163647651672362, "get_state_time_mean": NaN, "get_state_time_total": 0.0, "grad": 0.04773681163787842, "mean_accuracy": 0.11789999753236771, "mean_loss": 500939.62375790754, "neg_mean_accuracy": -0.12049999833106995, "set_state_time_mean": NaN, "set_state_time_total": 0.0, "setup_model_time_mean": NaN, "setup_model_time_total": 0.0, "setup_proc_time_mean": NaN, "setup_proc_time_total": 0.0, "train_accuracy": 0.11841999739408493, "train_loss": 45.62054596130371, "training_time_mean": NaN, "training_time_total": 0.0, "val_accuracy": 0.12049999833106995, "val_loss": 754.6818129745484, "validation_time_mean": NaN, "validation_time_total": 0.0, "samples": 60000, "num_workers": 1, "done": false, "timesteps_total": null, "episodes_total": null, "training_iteration": 22, "neg_mean_loss": -500939.62375790754, "experiment_id": "b294e26fb4024f24b565d7a567d844f3", "date": "2019-06-03_03-48-54", "timestamp": 1559558934, "time_this_iter_s": 40.25064516067505, "time_total_s": 894.0843529701233, "pid": 13444, "hostname": "steropes", "node_ip": "169.229.49.254", "config": {"starting_lr": 0.05, "momentum": 0.997, "weight_decay": 0.0001, "steps_per_iteration": null, "pin": false, "model_creator": null, "target_batch_size": 128, "model_string": "resnet50", "min_batch_size": 128, "dataset": "CIFAR", "placement": null, "use_nccl": true, "devices_per_worker": 1, "primary_resource": "extra_gpu", "gpu": false, "verbose": false, "lr_config": {"mode": "log", "steps": 5, "initial_lr": 0.05, "target_lr": 0.05}, "batch_per_device": 128}, "time_since_restore": 894.0843529701233, "timesteps_since_restore": 0, "iterations_since_restore": 22, "mean_throughput": 1488.4421581228385, "atoms": 1, "setup_time": 10.843422889709473}
{"apply": 0.017502975463867188, "batch_time": 0.031567253643953345, "d2h": 0.0006865262985229492, "data_time": 0.0017223242298721353, "fwd": 0.02877054214477539, "get_state_time_mean": NaN, "get_state_time_total": 0.0, "grad": 0.0471172571182251, "mean_accuracy": 0.10297999680042266, "mean_loss": 500929.62999924796, "neg_mean_accuracy": -0.09889999777078629, "set_state_time_mean": NaN, "set_state_time_total": 0.0, "setup_model_time_mean": NaN, "setup_model_time_total": 0.0, "setup_proc_time_mean": NaN, "setup_proc_time_total": 0.0, "train_accuracy": 0.10833999514579773, "train_loss": 427.6539348272705, "training_time_mean": NaN, "training_time_total": 0.0, "val_accuracy": 0.09889999777078629, "val_loss": 8.949776969146729, "validation_time_mean": NaN, "validation_time_total": 0.0, "samples": 60000, "num_workers": 1, "done": false, "timesteps_total": null, "episodes_total": null, "training_iteration": 23, "neg_mean_loss": -500929.62999924796, "experiment_id": "b294e26fb4024f24b565d7a567d844f3", "date": "2019-06-03_03-49-34", "timestamp": 1559558974, "time_this_iter_s": 40.29138135910034, "time_total_s": 934.3757343292236, "pid": 13444, "hostname": "steropes", "node_ip": "169.229.49.254", "config": {"starting_lr": 0.05, "momentum": 0.997, "weight_decay": 0.0001, "steps_per_iteration": null, "pin": false, "model_creator": null, "target_batch_size": 128, "model_string": "resnet50", "min_batch_size": 128, "dataset": "CIFAR", "placement": null, "use_nccl": true, "devices_per_worker": 1, "primary_resource": "extra_gpu", "gpu": false, "verbose": false, "lr_config": {"mode": "log", "steps": 5, "initial_lr": 0.05, "target_lr": 0.05}, "batch_per_device": 128}, "time_since_restore": 934.3757343292236, "timesteps_since_restore": 0, "iterations_since_restore": 23, "mean_throughput": 1488.6335784853425, "atoms": 1, "setup_time": 10.843422889709473}
{"apply": 0.01719057559967041, "batch_time": 0.03183258636088311, "d2h": 0.0006654739379882812, "data_time": 0.0017337756388632539, "fwd": 0.028137993812561036, "get_state_time_mean": NaN, "get_state_time_total": 0.0, "grad": 0.04801807403564453, "mean_accuracy": 0.10301999598741532, "mean_loss": 499118.340028636, "neg_mean_accuracy": -0.1013999953866005, "set_state_time_mean": NaN, "set_state_time_total": 0.0, "setup_model_time_mean": NaN, "setup_model_time_total": 0.0, "setup_proc_time_mean": NaN, "setup_proc_time_total": 0.0, "train_accuracy": 0.1036200001835823, "train_loss": 30.318832332763673, "training_time_mean": NaN, "training_time_total": 0.0, "val_accuracy": 0.1013999953866005, "val_loss": 15.944275064849853, "validation_time_mean": NaN, "validation_time_total": 0.0, "samples": 60000, "num_workers": 1, "done": false, "timesteps_total": null, "episodes_total": null, "training_iteration": 24, "neg_mean_loss": -499118.340028636, "experiment_id": "b294e26fb4024f24b565d7a567d844f3", "date": "2019-06-03_03-50-14", "timestamp": 1559559014, "time_this_iter_s": 40.314528942108154, "time_total_s": 974.6902632713318, "pid": 13444, "hostname": "steropes", "node_ip": "169.229.49.254", "config": {"starting_lr": 0.05, "momentum": 0.997, "weight_decay": 0.0001, "steps_per_iteration": null, "pin": false, "model_creator": null, "target_batch_size": 128, "model_string": "resnet50", "min_batch_size": 128, "dataset": "CIFAR", "placement": null, "use_nccl": true, "devices_per_worker": 1, "primary_resource": "extra_gpu", "gpu": false, "verbose": false, "lr_config": {"mode": "log", "steps": 5, "initial_lr": 0.05, "target_lr": 0.05}, "batch_per_device": 128}, "time_since_restore": 974.6902632713318, "timesteps_since_restore": 0, "iterations_since_restore": 24, "mean_throughput": 1488.929833398023, "atoms": 1, "setup_time": 10.843422889709473}
{"apply": 0.01730518341064453, "batch_time": 0.032022032556654534, "d2h": 0.000679183006286621, "data_time": 0.0017290719024970404, "fwd": 0.02775874137878418, "get_state_time_mean": NaN, "get_state_time_total": 0.0, "grad": 0.046923041343688965, "mean_accuracy": 0.10317999720573426, "mean_loss": 499118.34371716, "neg_mean_accuracy": -0.10080000013113022, "set_state_time_mean": NaN, "set_state_time_total": 0.0, "setup_model_time_mean": NaN, "setup_model_time_total": 0.0, "setup_proc_time_mean": NaN, "setup_proc_time_total": 0.0, "train_accuracy": 0.10341999679803848, "train_loss": 44.97436817993164, "training_time_mean": NaN, "training_time_total": 0.0, "val_accuracy": 0.10080000013113022, "val_loss": 2.364320791244507, "validation_time_mean": NaN, "validation_time_total": 0.0, "samples": 60000, "num_workers": 1, "done": false, "timesteps_total": null, "episodes_total": null, "training_iteration": 25, "neg_mean_loss": -499118.34371716, "experiment_id": "b294e26fb4024f24b565d7a567d844f3", "date": "2019-06-03_03-50-54", "timestamp": 1559559054, "time_this_iter_s": 40.291826486587524, "time_total_s": 1014.9820897579193, "pid": 13444, "hostname": "steropes", "node_ip": "169.229.49.254", "config": {"starting_lr": 0.05, "momentum": 0.997, "weight_decay": 0.0001, "steps_per_iteration": null, "pin": false, "model_creator": null, "target_batch_size": 128, "model_string": "resnet50", "min_batch_size": 128, "dataset": "CIFAR", "placement": null, "use_nccl": true, "devices_per_worker": 1, "primary_resource": "extra_gpu", "gpu": false, "verbose": false, "lr_config": {"mode": "log", "steps": 5, "initial_lr": 0.05, "target_lr": 0.05}, "batch_per_device": 128}, "time_since_restore": 1014.9820897579193, "timesteps_since_restore": 0, "iterations_since_restore": 25, "mean_throughput": 1489.006329521081, "atoms": 1, "setup_time": 10.843422889709473}
{"apply": 0.017058610916137695, "batch_time": 0.03149429454079157, "d2h": 0.0006822586059570312, "data_time": 0.001717771715520288, "fwd": 0.028005528450012206, "get_state_time_mean": NaN, "get_state_time_total": 0.0, "grad": 0.04840328693389893, "mean_accuracy": 0.10439999848604202, "mean_loss": 34869.625342159954, "neg_mean_accuracy": -0.10040000081062317, "set_state_time_mean": NaN, "set_state_time_total": 0.0, "setup_model_time_mean": NaN, "setup_model_time_total": 0.0, "setup_proc_time_mean": NaN, "setup_proc_time_total": 0.0, "train_accuracy": 0.10565999895334244, "train_loss": 482.0540490142822, "training_time_mean": NaN, "training_time_total": 0.0, "val_accuracy": 0.10040000081062317, "val_loss": 173566.186525, "validation_time_mean": NaN, "validation_time_total": 0.0, "samples": 60000, "num_workers": 1, "done": false, "timesteps_total": null, "episodes_total": null, "training_iteration": 26, "neg_mean_loss": -34869.625342159954, "experiment_id": "b294e26fb4024f24b565d7a567d844f3", "date": "2019-06-03_03-51-35", "timestamp": 1559559095, "time_this_iter_s": 40.27437210083008, "time_total_s": 1055.2564618587494, "pid": 13444, "hostname": "steropes", "node_ip": "169.229.49.254", "config": {"starting_lr": 0.05, "momentum": 0.997, "weight_decay": 0.0001, "steps_per_iteration": null, "pin": false, "model_creator": null, "target_batch_size": 128, "model_string": "resnet50", "min_batch_size": 128, "dataset": "CIFAR", "placement": null, "use_nccl": true, "devices_per_worker": 1, "primary_resource": "extra_gpu", "gpu": false, "verbose": false, "lr_config": {"mode": "log", "steps": 5, "initial_lr": 0.05, "target_lr": 0.05}, "batch_per_device": 128}, "time_since_restore": 1055.2564618587494, "timesteps_since_restore": 0, "iterations_since_restore": 26, "mean_throughput": 1489.401309230666, "atoms": 1, "setup_time": 10.843422889709473}
{"apply": 0.01746687889099121, "batch_time": 0.031794110430946834, "d2h": 0.0006826400756835937, "data_time": 0.0017394903675674478, "fwd": 0.02822606563568115, "get_state_time_mean": NaN, "get_state_time_total": 0.0, "grad": 0.047394418716430665, "mean_accuracy": 0.10027999877929687, "mean_loss": 34722.82605532921, "neg_mean_accuracy": -0.09989999979734421, "set_state_time_mean": NaN, "set_state_time_total": 0.0, "setup_model_time_mean": NaN, "setup_model_time_total": 0.0, "setup_proc_time_mean": NaN, "setup_proc_time_total": 0.0, "train_accuracy": 0.10805999487638474, "train_loss": 99.9329985281372, "training_time_mean": NaN, "training_time_total": 0.0, "val_accuracy": 0.09989999979734421, "val_loss": 20.685378820800782, "validation_time_mean": NaN, "validation_time_total": 0.0, "samples": 60000, "num_workers": 1, "done": false, "timesteps_total": null, "episodes_total": null, "training_iteration": 27, "neg_mean_loss": -34722.82605532921, "experiment_id": "b294e26fb4024f24b565d7a567d844f3", "date": "2019-06-03_03-52-15", "timestamp": 1559559135, "time_this_iter_s": 40.23219585418701, "time_total_s": 1095.4886577129364, "pid": 13444, "hostname": "steropes", "node_ip": "169.229.49.254", "config": {"starting_lr": 0.05, "momentum": 0.997, "weight_decay": 0.0001, "steps_per_iteration": null, "pin": false, "model_creator": null, "target_batch_size": 128, "model_string": "resnet50", "min_batch_size": 128, "dataset": "CIFAR", "placement": null, "use_nccl": true, "devices_per_worker": 1, "primary_resource": "extra_gpu", "gpu": false, "verbose": false, "lr_config": {"mode": "log", "steps": 5, "initial_lr": 0.05, "target_lr": 0.05}, "batch_per_device": 128}, "time_since_restore": 1095.4886577129364, "timesteps_since_restore": 0, "iterations_since_restore": 27, "mean_throughput": 1489.5377501023052, "atoms": 1, "setup_time": 10.843422889709473}
{"apply": 0.017164230346679688, "batch_time": 0.03191685978370377, "d2h": 0.0006829500198364258, "data_time": 0.0017352201749601633, "fwd": 0.02800469398498535, "get_state_time_mean": NaN, "get_state_time_total": 0.0, "grad": 0.04746479988098144, "mean_accuracy": 0.1083199992775917, "mean_loss": 34722.146939375154, "neg_mean_accuracy": -0.13910000026226044, "set_state_time_mean": NaN, "set_state_time_total": 0.0, "setup_model_time_mean": NaN, "setup_model_time_total": 0.0, "setup_proc_time_mean": NaN, "setup_proc_time_total": 0.0, "train_accuracy": 0.10831999778747559, "train_loss": 59.1719771862793, "training_time_mean": NaN, "training_time_total": 0.0, "val_accuracy": 0.13910000026226044, "val_loss": 5.554197198867798, "validation_time_mean": NaN, "validation_time_total": 0.0, "samples": 60000, "num_workers": 1, "done": false, "timesteps_total": null, "episodes_total": null, "training_iteration": 28, "neg_mean_loss": -34722.146939375154, "experiment_id": "b294e26fb4024f24b565d7a567d844f3", "date": "2019-06-03_03-52-55", "timestamp": 1559559175, "time_this_iter_s": 40.32785487174988, "time_total_s": 1135.8165125846863, "pid": 13444, "hostname": "steropes", "node_ip": "169.229.49.254", "config": {"starting_lr": 0.05, "momentum": 0.997, "weight_decay": 0.0001, "steps_per_iteration": null, "pin": false, "model_creator": null, "target_batch_size": 128, "model_string": "resnet50", "min_batch_size": 128, "dataset": "CIFAR", "placement": null, "use_nccl": true, "devices_per_worker": 1, "primary_resource": "extra_gpu", "gpu": false, "verbose": false, "lr_config": {"mode": "log", "steps": 5, "initial_lr": 0.05, "target_lr": 0.05}, "batch_per_device": 128}, "time_since_restore": 1135.8165125846863, "timesteps_since_restore": 0, "iterations_since_restore": 28, "mean_throughput": 1489.268115458946, "atoms": 1, "setup_time": 10.843422889709473}
{"apply": 0.01741468906402588, "batch_time": 0.03182798397691944, "d2h": 0.000680994987487793, "data_time": 0.0017394495132329213, "fwd": 0.028324294090270995, "get_state_time_mean": NaN, "get_state_time_total": 0.0, "grad": 0.04778203964233398, "mean_accuracy": 0.1087799996137619, "mean_loss": 34719.59099803268, "neg_mean_accuracy": -0.10369999706745148, "set_state_time_mean": NaN, "set_state_time_total": 0.0, "setup_model_time_mean": NaN, "setup_model_time_total": 0.0, "setup_proc_time_mean": NaN, "setup_proc_time_total": 0.0, "train_accuracy": 0.10425999760627747, "train_loss": 1907.5350766003419, "training_time_mean": NaN, "training_time_total": 0.0, "val_accuracy": 0.10369999706745148, "val_loss": 3.164568352508545, "validation_time_mean": NaN, "validation_time_total": 0.0, "samples": 60000, "num_workers": 1, "done": false, "timesteps_total": null, "episodes_total": null, "training_iteration": 29, "neg_mean_loss": -34719.59099803268, "experiment_id": "b294e26fb4024f24b565d7a567d844f3", "date": "2019-06-03_03-53-36", "timestamp": 1559559216, "time_this_iter_s": 40.37550139427185, "time_total_s": 1176.1920139789581, "pid": 13444, "hostname": "steropes", "node_ip": "169.229.49.254", "config": {"starting_lr": 0.05, "momentum": 0.997, "weight_decay": 0.0001, "steps_per_iteration": null, "pin": false, "model_creator": null, "target_batch_size": 128, "model_string": "resnet50", "min_batch_size": 128, "dataset": "CIFAR", "placement": null, "use_nccl": true, "devices_per_worker": 1, "primary_resource": "extra_gpu", "gpu": false, "verbose": false, "lr_config": {"mode": "log", "steps": 5, "initial_lr": 0.05, "target_lr": 0.05}, "batch_per_device": 128}, "time_since_restore": 1176.1920139789581, "timesteps_since_restore": 0, "iterations_since_restore": 29, "mean_throughput": 1488.8174803137326, "atoms": 1, "setup_time": 10.843422889709473}
{"apply": 0.01757485866546631, "batch_time": 0.032227805898159365, "d2h": 0.0006580591201782226, "data_time": 0.0017388427958768956, "fwd": 0.02821030616760254, "get_state_time_mean": NaN, "get_state_time_total": 0.0, "grad": 0.047357797622680664, "mean_accuracy": 0.10879999846220016, "mean_loss": 82356.33190074944, "neg_mean_accuracy": -0.10089999437332153, "set_state_time_mean": NaN, "set_state_time_total": 0.0, "setup_model_time_mean": NaN, "setup_model_time_total": 0.0, "setup_proc_time_mean": NaN, "setup_proc_time_total": 0.0, "train_accuracy": 0.10443999618291855, "train_loss": 1032.327694050293, "training_time_mean": NaN, "training_time_total": 0.0, "val_accuracy": 0.10089999437332153, "val_loss": 238186.068834375, "validation_time_mean": NaN, "validation_time_total": 0.0, "samples": 60000, "num_workers": 1, "done": false, "timesteps_total": null, "episodes_total": null, "training_iteration": 30, "neg_mean_loss": -82356.33190074944, "experiment_id": "b294e26fb4024f24b565d7a567d844f3", "date": "2019-06-03_03-54-16", "timestamp": 1559559256, "time_this_iter_s": 40.41691017150879, "time_total_s": 1216.608924150467, "pid": 13444, "hostname": "steropes", "node_ip": "169.229.49.254", "config": {"starting_lr": 0.05, "momentum": 0.997, "weight_decay": 0.0001, "steps_per_iteration": null, "pin": false, "model_creator": null, "target_batch_size": 128, "model_string": "resnet50", "min_batch_size": 128, "dataset": "CIFAR", "placement": null, "use_nccl": true, "devices_per_worker": 1, "primary_resource": "extra_gpu", "gpu": false, "verbose": false, "lr_config": {"mode": "log", "steps": 5, "initial_lr": 0.05, "target_lr": 0.05}, "batch_per_device": 128}, "time_since_restore": 1216.608924150467, "timesteps_since_restore": 0, "iterations_since_restore": 30, "mean_throughput": 1487.8938244406627, "atoms": 1, "setup_time": 10.843422889709473}
{"apply": 0.01730167865753174, "batch_time": 0.03200138671488702, "d2h": 0.000693202018737793, "data_time": 0.0017444038635019757, "fwd": 0.028172779083251952, "get_state_time_mean": NaN, "get_state_time_total": 0.0, "grad": 0.04716954231262207, "mean_accuracy": 0.11273999810218811, "mean_loss": 54507.38595684319, "neg_mean_accuracy": -0.1200999990105629, "set_state_time_mean": NaN, "set_state_time_total": 0.0, "setup_model_time_mean": NaN, "setup_model_time_total": 0.0, "setup_proc_time_mean": NaN, "setup_proc_time_total": 0.0, "train_accuracy": 0.10081999748945236, "train_loss": 2686.071762849121, "training_time_mean": NaN, "training_time_total": 0.0, "val_accuracy": 0.1200999990105629, "val_loss": 34321.45680546875, "validation_time_mean": NaN, "validation_time_total": 0.0, "samples": 60000, "num_workers": 1, "done": false, "timesteps_total": null, "episodes_total": null, "training_iteration": 31, "neg_mean_loss": -54507.38595684319, "experiment_id": "b294e26fb4024f24b565d7a567d844f3", "date": "2019-06-03_03-54-57", "timestamp": 1559559297, "time_this_iter_s": 40.42484903335571, "time_total_s": 1257.0337731838226, "pid": 13444, "hostname": "steropes", "node_ip": "169.229.49.254", "config": {"starting_lr": 0.05, "momentum": 0.997, "weight_decay": 0.0001, "steps_per_iteration": null, "pin": false, "model_creator": null, "target_batch_size": 128, "model_string": "resnet50", "min_batch_size": 128, "dataset": "CIFAR", "placement": null, "use_nccl": true, "devices_per_worker": 1, "primary_resource": "extra_gpu", "gpu": false, "verbose": false, "lr_config": {"mode": "log", "steps": 5, "initial_lr": 0.05, "target_lr": 0.05}, "batch_per_device": 128}, "time_since_restore": 1257.0337731838226, "timesteps_since_restore": 0, "iterations_since_restore": 31, "mean_throughput": 1486.7846371589972, "atoms": 1, "setup_time": 10.843422889709473}
{"apply": 0.01705965995788574, "batch_time": 0.03185742112654674, "d2h": 0.0006605386734008789, "data_time": 0.0017428806675669482, "fwd": 0.027821660041809082, "get_state_time_mean": NaN, "get_state_time_total": 0.0, "grad": 0.04749796390533447, "mean_accuracy": 0.11281999796628953, "mean_loss": 54651.56997300193, "neg_mean_accuracy": -0.10029999911785126, "set_state_time_mean": NaN, "set_state_time_total": 0.0, "setup_model_time_mean": NaN, "setup_model_time_total": 0.0, "setup_proc_time_mean": NaN, "setup_proc_time_total": 0.0, "train_accuracy": 0.10209999978542328, "train_loss": 1227.5840464099122, "training_time_mean": NaN, "training_time_total": 0.0, "val_accuracy": 0.10029999911785126, "val_loss": 741.605459614563, "validation_time_mean": NaN, "validation_time_total": 0.0, "samples": 60000, "num_workers": 1, "done": false, "timesteps_total": null, "episodes_total": null, "training_iteration": 32, "neg_mean_loss": -54651.56997300193, "experiment_id": "b294e26fb4024f24b565d7a567d844f3", "date": "2019-06-03_03-55-37", "timestamp": 1559559337, "time_this_iter_s": 40.39264130592346, "time_total_s": 1297.426414489746, "pid": 13444, "hostname": "steropes", "node_ip": "169.229.49.254", "config": {"starting_lr": 0.05, "momentum": 0.997, "weight_decay": 0.0001, "steps_per_iteration": null, "pin": false, "model_creator": null, "target_batch_size": 128, "model_string": "resnet50", "min_batch_size": 128, "dataset": "CIFAR", "placement": null, "use_nccl": true, "devices_per_worker": 1, "primary_resource": "extra_gpu", "gpu": false, "verbose": false, "lr_config": {"mode": "log", "steps": 5, "initial_lr": 0.05, "target_lr": 0.05}, "batch_per_device": 128}, "time_since_restore": 1297.426414489746, "timesteps_since_restore": 0, "iterations_since_restore": 32, "mean_throughput": 1485.6028738105335, "atoms": 1, "setup_time": 10.843422889709473}
{"apply": 0.017301559448242188, "batch_time": 0.03189473514315448, "d2h": 0.000695490837097168, "data_time": 0.0017434367743294561, "fwd": 0.028285789489746093, "get_state_time_mean": NaN, "get_state_time_total": 0.0, "grad": 0.04712939262390137, "mean_accuracy": 0.10501999706029892, "mean_loss": 54651.32981150139, "neg_mean_accuracy": -0.10009999573230743, "set_state_time_mean": NaN, "set_state_time_total": 0.0, "setup_model_time_mean": NaN, "setup_model_time_total": 0.0, "setup_proc_time_mean": NaN, "setup_proc_time_total": 0.0, "train_accuracy": 0.10087999701499939, "train_loss": 149.3107958508301, "training_time_mean": NaN, "training_time_total": 0.0, "val_accuracy": 0.10009999573230743, "val_loss": 4.353389696121216, "validation_time_mean": NaN, "validation_time_total": 0.0, "samples": 60000, "num_workers": 1, "done": false, "timesteps_total": null, "episodes_total": null, "training_iteration": 33, "neg_mean_loss": -54651.32981150139, "experiment_id": "b294e26fb4024f24b565d7a567d844f3", "date": "2019-06-03_03-56-17", "timestamp": 1559559377, "time_this_iter_s": 40.466596364974976, "time_total_s": 1337.893010854721, "pid": 13444, "hostname": "steropes", "node_ip": "169.229.49.254", "config": {"starting_lr": 0.05, "momentum": 0.997, "weight_decay": 0.0001, "steps_per_iteration": null, "pin": false, "model_creator": null, "target_batch_size": 128, "model_string": "resnet50", "min_batch_size": 128, "dataset": "CIFAR", "placement": null, "use_nccl": true, "devices_per_worker": 1, "primary_resource": "extra_gpu", "gpu": false, "verbose": false, "lr_config": {"mode": "log", "steps": 5, "initial_lr": 0.05, "target_lr": 0.05}, "batch_per_device": 128}, "time_since_restore": 1337.893010854721, "timesteps_since_restore": 0, "iterations_since_restore": 33, "mean_throughput": 1484.5829133356801, "atoms": 1, "setup_time": 10.843422889709473}
{"apply": 0.0171403169631958, "batch_time": 0.032087307942064505, "d2h": 0.0006665229797363281, "data_time": 0.0017460831595808649, "fwd": 0.027956438064575196, "get_state_time_mean": NaN, "get_state_time_total": 0.0, "grad": 0.0478515625, "mean_accuracy": 0.10579999685287475, "mean_loss": 54651.42620533676, "neg_mean_accuracy": -0.10759999603033066, "set_state_time_mean": NaN, "set_state_time_total": 0.0, "setup_model_time_mean": NaN, "setup_model_time_total": 0.0, "setup_proc_time_mean": NaN, "setup_proc_time_total": 0.0, "train_accuracy": 0.09901999682188034, "train_loss": 2068.404691703491, "training_time_mean": NaN, "training_time_total": 0.0, "val_accuracy": 0.10759999603033066, "val_loss": 3.6465375293731688, "validation_time_mean": NaN, "validation_time_total": 0.0, "samples": 60000, "num_workers": 1, "done": false, "timesteps_total": null, "episodes_total": null, "training_iteration": 34, "neg_mean_loss": -54651.42620533676, "experiment_id": "b294e26fb4024f24b565d7a567d844f3", "date": "2019-06-03_03-56-58", "timestamp": 1559559418, "time_this_iter_s": 40.43970704078674, "time_total_s": 1378.3327178955078, "pid": 13444, "hostname": "steropes", "node_ip": "169.229.49.254", "config": {"starting_lr": 0.05, "momentum": 0.997, "weight_decay": 0.0001, "steps_per_iteration": null, "pin": false, "model_creator": null, "target_batch_size": 128, "model_string": "resnet50", "min_batch_size": 128, "dataset": "CIFAR", "placement": null, "use_nccl": true, "devices_per_worker": 1, "primary_resource": "extra_gpu", "gpu": false, "verbose": false, "lr_config": {"mode": "log", "steps": 5, "initial_lr": 0.05, "target_lr": 0.05}, "batch_per_device": 128}, "time_since_restore": 1378.3327178955078, "timesteps_since_restore": 0, "iterations_since_restore": 34, "mean_throughput": 1484.1113773331751, "atoms": 1, "setup_time": 10.843422889709473}
{"apply": 0.017369937896728516, "batch_time": 0.031781012498879734, "d2h": 0.0006691455841064453, "data_time": 0.0017267066194578205, "fwd": 0.0281904935836792, "get_state_time_mean": NaN, "get_state_time_total": 0.0, "grad": 0.04798998832702637, "mean_accuracy": 0.10605999678373337, "mean_loss": 86356.01991846175, "neg_mean_accuracy": -0.1021999940276146, "set_state_time_mean": NaN, "set_state_time_total": 0.0, "setup_model_time_mean": NaN, "setup_model_time_total": 0.0, "setup_proc_time_mean": NaN, "setup_proc_time_total": 0.0, "train_accuracy": 0.09923999756574631, "train_loss": 604.1313577832032, "training_time_mean": NaN, "training_time_total": 0.0, "val_accuracy": 0.1021999940276146, "val_loss": 396709.0374, "validation_time_mean": NaN, "validation_time_total": 0.0, "samples": 60000, "num_workers": 1, "done": false, "timesteps_total": null, "episodes_total": null, "training_iteration": 35, "neg_mean_loss": -86356.01991846175, "experiment_id": "b294e26fb4024f24b565d7a567d844f3", "date": "2019-06-03_03-57-38", "timestamp": 1559559458, "time_this_iter_s": 40.40981101989746, "time_total_s": 1418.7425289154053, "pid": 13444, "hostname": "steropes", "node_ip": "169.229.49.254", "config": {"starting_lr": 0.05, "momentum": 0.997, "weight_decay": 0.0001, "steps_per_iteration": null, "pin": false, "model_creator": null, "target_batch_size": 128, "model_string": "resnet50", "min_batch_size": 128, "dataset": "CIFAR", "placement": null, "use_nccl": true, "devices_per_worker": 1, "primary_resource": "extra_gpu", "gpu": false, "verbose": false, "lr_config": {"mode": "log", "steps": 5, "initial_lr": 0.05, "target_lr": 0.05}, "batch_per_device": 128}, "time_since_restore": 1418.7425289154053, "timesteps_since_restore": 0, "iterations_since_restore": 35, "mean_throughput": 1484.1635200737062, "atoms": 1, "setup_time": 10.843422889709473}
{"apply": 0.01720893383026123, "batch_time": 0.03205681450759308, "d2h": 0.0006556987762451171, "data_time": 0.0017371952076397283, "fwd": 0.0281466007232666, "get_state_time_mean": NaN, "get_state_time_total": 0.0, "grad": 0.047858452796936034, "mean_accuracy": 0.10435999631881714, "mean_loss": 79844.5219004631, "neg_mean_accuracy": -0.11159999668598175, "set_state_time_mean": NaN, "set_state_time_total": 0.0, "setup_model_time_mean": NaN, "setup_model_time_total": 0.0, "setup_proc_time_mean": NaN, "setup_proc_time_total": 0.0, "train_accuracy": 0.10263999551534653, "train_loss": 657.4442831842041, "training_time_mean": NaN, "training_time_total": 0.0, "val_accuracy": 0.11159999668598175, "val_loss": 1763.9667154754638, "validation_time_mean": NaN, "validation_time_total": 0.0, "samples": 60000, "num_workers": 1, "done": false, "timesteps_total": null, "episodes_total": null, "training_iteration": 36, "neg_mean_loss": -79844.5219004631, "experiment_id": "b294e26fb4024f24b565d7a567d844f3", "date": "2019-06-03_03-58-19", "timestamp": 1559559499, "time_this_iter_s": 40.398481369018555, "time_total_s": 1459.1410102844238, "pid": 13444, "hostname": "steropes", "node_ip": "169.229.49.254", "config": {"starting_lr": 0.05, "momentum": 0.997, "weight_decay": 0.0001, "steps_per_iteration": null, "pin": false, "model_creator": null, "target_batch_size": 128, "model_string": "resnet50", "min_batch_size": 128, "dataset": "CIFAR", "placement": null, "use_nccl": true, "devices_per_worker": 1, "primary_resource": "extra_gpu", "gpu": false, "verbose": false, "lr_config": {"mode": "log", "steps": 5, "initial_lr": 0.05, "target_lr": 0.05}, "batch_per_device": 128}, "time_since_restore": 1459.1410102844238, "timesteps_since_restore": 0, "iterations_since_restore": 36, "mean_throughput": 1484.3571824171622, "atoms": 1, "setup_time": 10.843422889709473}
{"apply": 0.01718604564666748, "batch_time": 0.0314231371577782, "d2h": 0.0006648063659667969, "data_time": 0.0017692890313580213, "fwd": 0.027797579765319824, "get_state_time_mean": NaN, "get_state_time_total": 0.0, "grad": 0.04741809368133545, "mean_accuracy": 0.1050199955701828, "mean_loss": 79701.01453904403, "neg_mean_accuracy": -0.10359999537467957, "set_state_time_mean": NaN, "set_state_time_total": 0.0, "setup_model_time_mean": NaN, "setup_model_time_total": 0.0, "setup_proc_time_mean": NaN, "setup_proc_time_total": 0.0, "train_accuracy": 0.10593999922275543, "train_loss": 346.17878110290525, "training_time_mean": NaN, "training_time_total": 0.0, "val_accuracy": 0.10359999537467957, "val_loss": 24.068652519226074, "validation_time_mean": NaN, "validation_time_total": 0.0, "samples": 60000, "num_workers": 1, "done": false, "timesteps_total": null, "episodes_total": null, "training_iteration": 37, "neg_mean_loss": -79701.01453904403, "experiment_id": "b294e26fb4024f24b565d7a567d844f3", "date": "2019-06-03_03-58-59", "timestamp": 1559559539, "time_this_iter_s": 40.51823902130127, "time_total_s": 1499.659249305725, "pid": 13444, "hostname": "steropes", "node_ip": "169.229.49.254", "config": {"starting_lr": 0.05, "momentum": 0.997, "weight_decay": 0.0001, "steps_per_iteration": null, "pin": false, "model_creator": null, "target_batch_size": 128, "model_string": "resnet50", "min_batch_size": 128, "dataset": "CIFAR", "placement": null, "use_nccl": true, "devices_per_worker": 1, "primary_resource": "extra_gpu", "gpu": false, "verbose": false, "lr_config": {"mode": "log", "steps": 5, "initial_lr": 0.05, "target_lr": 0.05}, "batch_per_device": 128}, "time_since_restore": 1499.659249305725, "timesteps_since_restore": 0, "iterations_since_restore": 37, "mean_throughput": 1483.435743735019, "atoms": 1, "setup_time": 10.843422889709473}
{"apply": 0.017455649375915528, "batch_time": 0.03195371808885019, "d2h": 0.0006780862808227539, "data_time": 0.0017401873303191436, "fwd": 0.028793478012084962, "get_state_time_mean": NaN, "get_state_time_total": 0.0, "grad": 0.047316789627075195, "mean_accuracy": 0.10485999584197998, "mean_loss": 79710.00841490974, "neg_mean_accuracy": -0.09929999709129333, "set_state_time_mean": NaN, "set_state_time_total": 0.0, "setup_model_time_mean": NaN, "setup_model_time_total": 0.0, "setup_proc_time_mean": NaN, "setup_proc_time_total": 0.0, "train_accuracy": 0.10161999613046646, "train_loss": 13065.454695819702, "training_time_mean": NaN, "training_time_total": 0.0, "val_accuracy": 0.09929999709129333, "val_loss": 49.3227690246582, "validation_time_mean": NaN, "validation_time_total": 0.0, "samples": 60000, "num_workers": 1, "done": false, "timesteps_total": null, "episodes_total": null, "training_iteration": 38, "neg_mean_loss": -79710.00841490974, "experiment_id": "b294e26fb4024f24b565d7a567d844f3", "date": "2019-06-03_03-59-40", "timestamp": 1559559580, "time_this_iter_s": 40.454408168792725, "time_total_s": 1540.1136574745178, "pid": 13444, "hostname": "steropes", "node_ip": "169.229.49.254", "config": {"starting_lr": 0.05, "momentum": 0.997, "weight_decay": 0.0001, "steps_per_iteration": null, "pin": false, "model_creator": null, "target_batch_size": 128, "model_string": "resnet50", "min_batch_size": 128, "dataset": "CIFAR", "placement": null, "use_nccl": true, "devices_per_worker": 1, "primary_resource": "extra_gpu", "gpu": false, "verbose": false, "lr_config": {"mode": "log", "steps": 5, "initial_lr": 0.05, "target_lr": 0.05}, "batch_per_device": 128}, "time_since_restore": 1540.1136574745178, "timesteps_since_restore": 0, "iterations_since_restore": 38, "mean_throughput": 1483.5251038838262, "atoms": 1, "setup_time": 10.843422889709473}
{"apply": 0.01740717887878418, "batch_time": 0.03201753881913197, "d2h": 0.0007566213607788086, "data_time": 0.0017475746476741704, "fwd": 0.028659296035766602, "get_state_time_mean": NaN, "get_state_time_total": 0.0, "grad": 0.04810309410095215, "mean_accuracy": 0.10587999671697616, "mean_loss": 139927.44544302888, "neg_mean_accuracy": -0.11270000040531158, "set_state_time_mean": NaN, "set_state_time_total": 0.0, "setup_model_time_mean": NaN, "setup_model_time_total": 0.0, "setup_proc_time_mean": NaN, "setup_proc_time_total": 0.0, "train_accuracy": 0.10049999505281448, "train_loss": 10175.31023642334, "training_time_mean": NaN, "training_time_total": 0.0, "val_accuracy": 0.11270000040531158, "val_loss": 301090.831678125, "validation_time_mean": NaN, "validation_time_total": 0.0, "samples": 60000, "num_workers": 1, "done": false, "timesteps_total": null, "episodes_total": null, "training_iteration": 39, "neg_mean_loss": -139927.44544302888, "experiment_id": "b294e26fb4024f24b565d7a567d844f3", "date": "2019-06-03_04-00-20", "timestamp": 1559559620, "time_this_iter_s": 40.43211364746094, "time_total_s": 1580.5457711219788, "pid": 13444, "hostname": "steropes", "node_ip": "169.229.49.254", "config": {"starting_lr": 0.05, "momentum": 0.997, "weight_decay": 0.0001, "steps_per_iteration": null, "pin": false, "model_creator": null, "target_batch_size": 128, "model_string": "resnet50", "min_batch_size": 128, "dataset": "CIFAR", "placement": null, "use_nccl": true, "devices_per_worker": 1, "primary_resource": "extra_gpu", "gpu": false, "verbose": false, "lr_config": {"mode": "log", "steps": 5, "initial_lr": 0.05, "target_lr": 0.05}, "batch_per_device": 128}, "time_since_restore": 1580.5457711219788, "timesteps_since_restore": 0, "iterations_since_restore": 39, "mean_throughput": 1483.5807510697587, "atoms": 1, "setup_time": 10.843422889709473}
{"apply": 0.01751999855041504, "batch_time": 0.031799956213069865, "d2h": 0.000668644905090332, "data_time": 0.0017467484144908388, "fwd": 0.028407359123229982, "get_state_time_mean": NaN, "get_state_time_total": 0.0, "grad": 0.047313356399536134, "mean_accuracy": 0.1040399968624115, "mean_loss": 231796.28378802887, "neg_mean_accuracy": -0.09299999475479126, "set_state_time_mean": NaN, "set_state_time_total": 0.0, "setup_model_time_mean": NaN, "setup_model_time_total": 0.0, "setup_proc_time_mean": NaN, "setup_proc_time_total": 0.0, "train_accuracy": 0.09901999682188034, "train_loss": 54983.26580309936, "training_time_mean": NaN, "training_time_total": 0.0, "val_accuracy": 0.09299999475479126, "val_loss": 856053.229125, "validation_time_mean": NaN, "validation_time_total": 0.0, "samples": 60000, "num_workers": 1, "done": false, "timesteps_total": null, "episodes_total": null, "training_iteration": 40, "neg_mean_loss": -231796.28378802887, "experiment_id": "b294e26fb4024f24b565d7a567d844f3", "date": "2019-06-03_04-01-00", "timestamp": 1559559660, "time_this_iter_s": 40.38599967956543, "time_total_s": 1620.9317708015442, "pid": 13444, "hostname": "steropes", "node_ip": "169.229.49.254", "config": {"starting_lr": 0.05, "momentum": 0.997, "weight_decay": 0.0001, "steps_per_iteration": null, "pin": false, "model_creator": null, "target_batch_size": 128, "model_string": "resnet50", "min_batch_size": 128, "dataset": "CIFAR", "placement": null, "use_nccl": true, "devices_per_worker": 1, "primary_resource": "extra_gpu", "gpu": false, "verbose": false, "lr_config": {"mode": "log", "steps": 5, "initial_lr": 0.05, "target_lr": 0.05}, "batch_per_device": 128}, "time_since_restore": 1620.9317708015442, "timesteps_since_restore": 0, "iterations_since_restore": 40, "mean_throughput": 1483.7554736992463, "atoms": 1, "setup_time": 10.843422889709473}
{"apply": 0.017072319984436035, "batch_time": 0.03154465820215925, "d2h": 0.0006715297698974609, "data_time": 0.0017325323256080413, "fwd": 0.02779228687286377, "get_state_time_mean": NaN, "get_state_time_total": 0.0, "grad": 0.0469757080078125, "mean_accuracy": 0.09963999688625336, "mean_loss": 530556.2970592435, "neg_mean_accuracy": -0.08959999680519104, "set_state_time_mean": NaN, "set_state_time_total": 0.0, "setup_model_time_mean": NaN, "setup_model_time_total": 0.0, "setup_proc_time_mean": NaN, "setup_proc_time_total": 0.0, "train_accuracy": 0.1028599962592125, "train_loss": 34611.85499780823, "training_time_mean": NaN, "training_time_total": 0.0, "val_accuracy": 0.08959999680519104, "val_loss": 1495564.0330715491, "validation_time_mean": NaN, "validation_time_total": 0.0, "samples": 60000, "num_workers": 1, "done": false, "timesteps_total": null, "episodes_total": null, "training_iteration": 41, "neg_mean_loss": -530556.2970592435, "experiment_id": "b294e26fb4024f24b565d7a567d844f3", "date": "2019-06-03_04-01-41", "timestamp": 1559559701, "time_this_iter_s": 40.35536026954651, "time_total_s": 1661.2871310710907, "pid": 13444, "hostname": "steropes", "node_ip": "169.229.49.254", "config": {"starting_lr": 0.05, "momentum": 0.997, "weight_decay": 0.0001, "steps_per_iteration": null, "pin": false, "model_creator": null, "target_batch_size": 128, "model_string": "resnet50", "min_batch_size": 128, "dataset": "CIFAR", "placement": null, "use_nccl": true, "devices_per_worker": 1, "primary_resource": "extra_gpu", "gpu": false, "verbose": false, "lr_config": {"mode": "log", "steps": 5, "initial_lr": 0.05, "target_lr": 0.05}, "batch_per_device": 128}, "time_since_restore": 1661.2871310710907, "timesteps_since_restore": 0, "iterations_since_restore": 41, "mean_throughput": 1484.0719843093136, "atoms": 1, "setup_time": 10.843422889709473}
{"apply": 0.017058825492858885, "batch_time": 0.03207504900195931, "d2h": 0.0006848573684692383, "data_time": 0.0017489454020624576, "fwd": 0.028532767295837404, "get_state_time_mean": NaN, "get_state_time_total": 0.0, "grad": 0.04713082313537598, "mean_accuracy": 0.10165999680757523, "mean_loss": 530600.0781157957, "neg_mean_accuracy": -0.11369999498128891, "set_state_time_mean": NaN, "set_state_time_total": 0.0, "setup_model_time_mean": NaN, "setup_model_time_total": 0.0, "setup_proc_time_mean": NaN, "setup_proc_time_total": 0.0, "train_accuracy": 0.10179999470710754, "train_loss": 3435.973549423828, "training_time_mean": NaN, "training_time_total": 0.0, "val_accuracy": 0.11369999498128891, "val_loss": 242.97393528022766, "validation_time_mean": NaN, "validation_time_total": 0.0, "samples": 60000, "num_workers": 1, "done": false, "timesteps_total": null, "episodes_total": null, "training_iteration": 42, "neg_mean_loss": -530600.0781157957, "experiment_id": "b294e26fb4024f24b565d7a567d844f3", "date": "2019-06-03_04-02-21", "timestamp": 1559559741, "time_this_iter_s": 40.47442030906677, "time_total_s": 1701.7615513801575, "pid": 13444, "hostname": "steropes", "node_ip": "169.229.49.254", "config": {"starting_lr": 0.05, "momentum": 0.997, "weight_decay": 0.0001, "steps_per_iteration": null, "pin": false, "model_creator": null, "target_batch_size": 128, "model_string": "resnet50", "min_batch_size": 128, "dataset": "CIFAR", "placement": null, "use_nccl": true, "devices_per_worker": 1, "primary_resource": "extra_gpu", "gpu": false, "verbose": false, "lr_config": {"mode": "log", "steps": 5, "initial_lr": 0.05, "target_lr": 0.05}, "batch_per_device": 128}, "time_since_restore": 1701.7615513801575, "timesteps_since_restore": 0, "iterations_since_restore": 42, "mean_throughput": 1484.3937327422539, "atoms": 1, "setup_time": 10.843422889709473}
{"apply": 0.0172579288482666, "batch_time": 0.03182846383203434, "d2h": 0.000670933723449707, "data_time": 0.0017383183969561097, "fwd": 0.028646683692932128, "get_state_time_mean": NaN, "get_state_time_total": 0.0, "grad": 0.047388672828674316, "mean_accuracy": 0.10175999701023102, "mean_loss": 530590.8209270067, "neg_mean_accuracy": -0.0997999981045723, "set_state_time_mean": NaN, "set_state_time_total": 0.0, "setup_model_time_mean": NaN, "setup_model_time_total": 0.0, "setup_proc_time_mean": NaN, "setup_proc_time_total": 0.0, "train_accuracy": 0.10151999443769455, "train_loss": 3648.193832744751, "training_time_mean": NaN, "training_time_total": 0.0, "val_accuracy": 0.0997999981045723, "val_loss": 3.0368250789642333, "validation_time_mean": NaN, "validation_time_total": 0.0, "samples": 60000, "num_workers": 1, "done": false, "timesteps_total": null, "episodes_total": null, "training_iteration": 43, "neg_mean_loss": -530590.8209270067, "experiment_id": "b294e26fb4024f24b565d7a567d844f3", "date": "2019-06-03_04-03-02", "timestamp": 1559559782, "time_this_iter_s": 40.45335102081299, "time_total_s": 1742.2149024009705, "pid": 13444, "hostname": "steropes", "node_ip": "169.229.49.254", "config": {"starting_lr": 0.05, "momentum": 0.997, "weight_decay": 0.0001, "steps_per_iteration": null, "pin": false, "model_creator": null, "target_batch_size": 128, "model_string": "resnet50", "min_batch_size": 128, "dataset": "CIFAR", "placement": null, "use_nccl": true, "devices_per_worker": 1, "primary_resource": "extra_gpu", "gpu": false, "verbose": false, "lr_config": {"mode": "log", "steps": 5, "initial_lr": 0.05, "target_lr": 0.05}, "batch_per_device": 128}, "time_since_restore": 1742.2149024009705, "timesteps_since_restore": 0, "iterations_since_restore": 43, "mean_throughput": 1484.40106123515, "atoms": 1, "setup_time": 10.843422889709473}
{"apply": 0.017232441902160646, "batch_time": 0.031650639787504944, "d2h": 0.0006757736206054688, "data_time": 0.0017307926626766428, "fwd": 0.02805769443511963, "get_state_time_mean": NaN, "get_state_time_total": 0.0, "grad": 0.04886000156402588, "mean_accuracy": 0.09921999573707581, "mean_loss": 470374.24015236215, "neg_mean_accuracy": -0.09999999403953552, "set_state_time_mean": NaN, "set_state_time_total": 0.0, "setup_model_time_mean": NaN, "setup_model_time_total": 0.0, "setup_proc_time_mean": NaN, "setup_proc_time_total": 0.0, "train_accuracy": 0.1056399941444397, "train_loss": 29486.533355238036, "training_time_mean": NaN, "training_time_total": 0.0, "val_accuracy": 0.09999999403953552, "val_loss": 7.9278049026489255, "validation_time_mean": NaN, "validation_time_total": 0.0, "samples": 60000, "num_workers": 1, "done": false, "timesteps_total": null, "episodes_total": null, "training_iteration": 44, "neg_mean_loss": -470374.24015236215, "experiment_id": "b294e26fb4024f24b565d7a567d844f3", "date": "2019-06-03_04-03-42", "timestamp": 1559559822, "time_this_iter_s": 40.47966289520264, "time_total_s": 1782.694565296173, "pid": 13444, "hostname": "steropes", "node_ip": "169.229.49.254", "config": {"starting_lr": 0.05, "momentum": 0.997, "weight_decay": 0.0001, "steps_per_iteration": null, "pin": false, "model_creator": null, "target_batch_size": 128, "model_string": "resnet50", "min_batch_size": 128, "dataset": "CIFAR", "placement": null, "use_nccl": true, "devices_per_worker": 1, "primary_resource": "extra_gpu", "gpu": false, "verbose": false, "lr_config": {"mode": "log", "steps": 5, "initial_lr": 0.05, "target_lr": 0.05}, "batch_per_device": 128}, "time_since_restore": 1782.694565296173, "timesteps_since_restore": 0, "iterations_since_restore": 44, "mean_throughput": 1484.0519446439494, "atoms": 1, "setup_time": 10.843422889709473}
