apply,batch_time,d2h,data_time,fwd,get_state_time_mean,get_state_time_total,grad,mean_accuracy,mean_loss,neg_mean_accuracy,set_state_time_mean,set_state_time_total,setup_model_time_mean,setup_model_time_total,setup_proc_time_mean,setup_proc_time_total,train_accuracy,train_loss,training_time_mean,training_time_total,val_accuracy,val_loss,validation_time_mean,validation_time_total,samples,num_workers,done,timesteps_total,episodes_total,training_iteration,neg_mean_loss,experiment_id,date,timestamp,time_this_iter_s,time_total_s,pid,hostname,node_ip,config,time_since_restore,timesteps_since_restore,iterations_since_restore,mean_throughput,atoms,setup_time
0.017923665046691895,0.04142751874802988,0.0007162094116210938,0.0019770705181619396,0.140893816947937,nan,0.0,0.16447250843048095,0.2928999960422516,2.2454242919921876,-0.2928999960422516,nan,0.0,8.366413354873657,8.366413354873657,0.4566993713378906,0.4566993713378906,0.20679999887943268,2.4363419409942626,nan,0.0,0.2928999960422516,2.2454242919921876,nan,0.0,60000,1,False,,,1,-2.2454242919921876,708f23e12e474ba9a9ecbc546059bf0d,2019-06-06_07-27-45,1559831265,47.3131206035614,47.3131206035614,25093,steropes,169.229.49.254,"{'starting_lr': 0.0005, 'momentum': 0.997, 'weight_decay': 0.0005, 'steps_per_iteration': None, 'pin': False, 'model_creator': None, 'target_batch_size': 128, 'model_string': 'resnet50', 'min_batch_size': 128, 'dataset': 'CIFAR', 'placement': None, 'use_nccl': True, 'devices_per_worker': 1, 'primary_resource': 'extra_gpu', 'gpu': False, 'verbose': False, 'lr_config': {'mode': 'log', 'steps': 5, 'initial_lr': 0.0005, 'target_lr': 0.0005}, 'batch_per_device': 128}",47.3131206035614,0,1,1268.144390238947,1,8.927977800369263
0.018250703811645508,0.03327796429018431,0.0007331609725952148,0.0018695547147785001,0.028416967391967772,nan,0.0,0.04831485748291016,0.31709998846054077,2.3601675029754636,-0.34129998087882996,nan,0.0,nan,0.0,nan,0.0,0.30483999848365784,2.0992198796081545,nan,0.0,0.34129998087882996,2.47491071395874,nan,0.0,60000,1,False,,,2,-2.3601675029754636,708f23e12e474ba9a9ecbc546059bf0d,2019-06-06_07-28-26,1559831306,41.848717212677,89.1618378162384,25093,steropes,169.229.49.254,"{'starting_lr': 0.0005, 'momentum': 0.997, 'weight_decay': 0.0005, 'steps_per_iteration': None, 'pin': False, 'model_creator': None, 'target_batch_size': 128, 'model_string': 'resnet50', 'min_batch_size': 128, 'dataset': 'CIFAR', 'placement': None, 'use_nccl': True, 'devices_per_worker': 1, 'primary_resource': 'extra_gpu', 'gpu': False, 'verbose': False, 'lr_config': {'mode': 'log', 'steps': 5, 'initial_lr': 0.0005, 'target_lr': 0.0005}, 'batch_per_device': 128}",89.1618378162384,0,2,1345.86458288193,1,8.927977800369263
0.018094849586486817,0.03211500674863405,0.0007306575775146484,0.0018408261906460424,0.028228068351745607,nan,0.0,0.04800469875335693,0.3308333257834117,9.323732753753662,-0.35830000042915344,nan,0.0,nan,0.0,nan,0.0,0.3372199833393097,2.419813013343811,nan,0.0,0.35830000042915344,23.25086325531006,nan,0.0,60000,1,False,,,3,-9.323732753753662,708f23e12e474ba9a9ecbc546059bf0d,2019-06-06_07-29-08,1559831348,41.4045467376709,130.5663845539093,25093,steropes,169.229.49.254,"{'starting_lr': 0.0005, 'momentum': 0.997, 'weight_decay': 0.0005, 'steps_per_iteration': None, 'pin': False, 'model_creator': None, 'target_batch_size': 128, 'model_string': 'resnet50', 'min_batch_size': 128, 'dataset': 'CIFAR', 'placement': None, 'use_nccl': True, 'devices_per_worker': 1, 'primary_resource': 'extra_gpu', 'gpu': False, 'verbose': False, 'lr_config': {'mode': 'log', 'steps': 5, 'initial_lr': 0.0005, 'target_lr': 0.0005}, 'batch_per_device': 128}",130.5663845539093,0,3,1378.6062227577147,1,8.927977800369263
0.01939680576324463,0.03167961518975753,0.0007138252258300781,0.0018655064770632692,0.02891054153442383,nan,0.0,0.04961585998535156,0.3387249931693077,8.491123137331009,-0.36239999532699585,nan,0.0,nan,0.0,nan,0.0,0.3289799988269806,2.4921769397735596,nan,0.0,0.36239999532699585,5.9932942880630495,nan,0.0,60000,1,False,,,4,-8.491123137331009,708f23e12e474ba9a9ecbc546059bf0d,2019-06-06_07-29-49,1559831389,41.46495175361633,172.03133630752563,25093,steropes,169.229.49.254,"{'starting_lr': 0.0005, 'momentum': 0.997, 'weight_decay': 0.0005, 'steps_per_iteration': None, 'pin': False, 'model_creator': None, 'target_batch_size': 128, 'model_string': 'resnet50', 'min_batch_size': 128, 'dataset': 'CIFAR', 'placement': None, 'use_nccl': True, 'devices_per_worker': 1, 'primary_resource': 'extra_gpu', 'gpu': False, 'verbose': False, 'lr_config': {'mode': 'log', 'steps': 5, 'initial_lr': 0.0005, 'target_lr': 0.0005}, 'batch_per_device': 128}",172.03133630752563,0,4,1395.0918470138379,1,8.927977800369263
0.019678020477294923,0.031656060037733635,0.0007122516632080078,0.0018569642625501394,0.029503250122070314,nan,0.0,0.04803578853607178,0.338839989900589,7.230575467300414,-0.3392999768257141,nan,0.0,nan,0.0,nan,0.0,0.33361998200416565,2.3322388537979126,nan,0.0,0.3392999768257141,2.1883847871780397,nan,0.0,60000,1,False,,,5,-7.230575467300414,708f23e12e474ba9a9ecbc546059bf0d,2019-06-06_07-30-31,1559831431,41.48952555656433,213.52086186408997,25093,steropes,169.229.49.254,"{'starting_lr': 0.0005, 'momentum': 0.997, 'weight_decay': 0.0005, 'steps_per_iteration': None, 'pin': False, 'model_creator': None, 'target_batch_size': 128, 'model_string': 'resnet50', 'min_batch_size': 128, 'dataset': 'CIFAR', 'placement': None, 'use_nccl': True, 'devices_per_worker': 1, 'primary_resource': 'extra_gpu', 'gpu': False, 'verbose': False, 'lr_config': {'mode': 'log', 'steps': 5, 'initial_lr': 0.0005, 'target_lr': 0.0005}, 'batch_per_device': 128}",213.52086186408997,0,5,1405.0121604022052,1,8.927977800369263
0.01791536808013916,0.03262781795067123,0.0006780385971069336,0.0018738383222418977,0.02786686420440674,nan,0.0,0.04953629970550537,0.3583199858665466,7.992560411949157,-0.3902999758720398,nan,0.0,nan,0.0,nan,0.0,0.34995999932289124,2.0952235863876343,nan,0.0,0.3902999758720398,6.055349015235901,nan,0.0,60000,1,False,,,6,-7.992560411949157,708f23e12e474ba9a9ecbc546059bf0d,2019-06-06_07-31-12,1559831472,41.51564645767212,255.03650832176208,25093,steropes,169.229.49.254,"{'starting_lr': 0.0005, 'momentum': 0.997, 'weight_decay': 0.0005, 'steps_per_iteration': None, 'pin': False, 'model_creator': None, 'target_batch_size': 128, 'model_string': 'resnet50', 'min_batch_size': 128, 'dataset': 'CIFAR', 'placement': None, 'use_nccl': True, 'devices_per_worker': 1, 'primary_resource': 'extra_gpu', 'gpu': False, 'verbose': False, 'lr_config': {'mode': 'log', 'steps': 5, 'initial_lr': 0.0005, 'target_lr': 0.0005}, 'batch_per_device': 128}",255.03650832176208,0,6,1444.2255851010466,1,8.927977800369263
0.017775702476501464,0.03224845173992688,0.0007055759429931641,0.0018903392050272363,0.028070354461669923,nan,0.0,0.0498842716217041,0.3769799888134003,8.216665939178466,-0.43459999561309814,nan,0.0,nan,0.0,nan,0.0,0.3770599961280823,1.9216647864151002,nan,0.0,0.43459999561309814,3.595438350105286,nan,0.0,60000,1,False,,,7,-8.216665939178466,708f23e12e474ba9a9ecbc546059bf0d,2019-06-06_07-31-54,1559831514,41.39194130897522,296.4284496307373,25093,steropes,169.229.49.254,"{'starting_lr': 0.0005, 'momentum': 0.997, 'weight_decay': 0.0005, 'steps_per_iteration': None, 'pin': False, 'model_creator': None, 'target_batch_size': 128, 'model_string': 'resnet50', 'min_batch_size': 128, 'dataset': 'CIFAR', 'placement': None, 'use_nccl': True, 'devices_per_worker': 1, 'primary_resource': 'extra_gpu', 'gpu': False, 'verbose': False, 'lr_config': {'mode': 'log', 'steps': 5, 'initial_lr': 0.0005, 'target_lr': 0.0005}, 'batch_per_device': 128}",296.4284496307373,0,7,1447.4083705586065,1,8.927977800369263
0.018010163307189943,0.03186011917983429,0.0007018327713012695,0.001853063588252153,0.027985787391662596,nan,0.0,0.04792635440826416,0.38257998824119566,4.773392582969666,-0.3862999975681305,nan,0.0,nan,0.0,nan,0.0,0.39287999272346497,1.977139425315857,nan,0.0,0.3862999975681305,6.034496474266052,nan,0.0,60000,1,True,,,8,-4.773392582969666,708f23e12e474ba9a9ecbc546059bf0d,2019-06-06_07-32-35,1559831555,41.34375762939453,337.77220726013184,25093,steropes,169.229.49.254,"{'starting_lr': 0.0005, 'momentum': 0.997, 'weight_decay': 0.0005, 'steps_per_iteration': None, 'pin': False, 'model_creator': None, 'target_batch_size': 128, 'model_string': 'resnet50', 'min_batch_size': 128, 'dataset': 'CIFAR', 'placement': None, 'use_nccl': True, 'devices_per_worker': 1, 'primary_resource': 'extra_gpu', 'gpu': False, 'verbose': False, 'lr_config': {'mode': 'log', 'steps': 5, 'initial_lr': 0.0005, 'target_lr': 0.0005}, 'batch_per_device': 128}",337.77220726013184,0,8,1447.833073848412,1,8.927977800369263
