{"apply": 0.017923665046691895, "batch_time": 0.04142751874802988, "d2h": 0.0007162094116210938, "data_time": 0.0019770705181619396, "fwd": 0.140893816947937, "get_state_time_mean": NaN, "get_state_time_total": 0.0, "grad": 0.16447250843048095, "mean_accuracy": 0.2928999960422516, "mean_loss": 2.2454242919921876, "neg_mean_accuracy": -0.2928999960422516, "set_state_time_mean": NaN, "set_state_time_total": 0.0, "setup_model_time_mean": 8.366413354873657, "setup_model_time_total": 8.366413354873657, "setup_proc_time_mean": 0.4566993713378906, "setup_proc_time_total": 0.4566993713378906, "train_accuracy": 0.20679999887943268, "train_loss": 2.4363419409942626, "training_time_mean": NaN, "training_time_total": 0.0, "val_accuracy": 0.2928999960422516, "val_loss": 2.2454242919921876, "validation_time_mean": NaN, "validation_time_total": 0.0, "samples": 60000, "num_workers": 1, "done": false, "timesteps_total": null, "episodes_total": null, "training_iteration": 1, "neg_mean_loss": -2.2454242919921876, "experiment_id": "708f23e12e474ba9a9ecbc546059bf0d", "date": "2019-06-06_07-27-45", "timestamp": 1559831265, "time_this_iter_s": 47.3131206035614, "time_total_s": 47.3131206035614, "pid": 25093, "hostname": "steropes", "node_ip": "169.229.49.254", "config": {"starting_lr": 0.0005, "momentum": 0.997, "weight_decay": 0.0005, "steps_per_iteration": null, "pin": false, "model_creator": null, "target_batch_size": 128, "model_string": "resnet50", "min_batch_size": 128, "dataset": "CIFAR", "placement": null, "use_nccl": true, "devices_per_worker": 1, "primary_resource": "extra_gpu", "gpu": false, "verbose": false, "lr_config": {"mode": "log", "steps": 5, "initial_lr": 0.0005, "target_lr": 0.0005}, "batch_per_device": 128}, "time_since_restore": 47.3131206035614, "timesteps_since_restore": 0, "iterations_since_restore": 1, "mean_throughput": 1268.144390238947, "atoms": 1, "setup_time": 8.927977800369263}
{"apply": 0.018250703811645508, "batch_time": 0.03327796429018431, "d2h": 0.0007331609725952148, "data_time": 0.0018695547147785001, "fwd": 0.028416967391967772, "get_state_time_mean": NaN, "get_state_time_total": 0.0, "grad": 0.04831485748291016, "mean_accuracy": 0.31709998846054077, "mean_loss": 2.3601675029754636, "neg_mean_accuracy": -0.34129998087882996, "set_state_time_mean": NaN, "set_state_time_total": 0.0, "setup_model_time_mean": NaN, "setup_model_time_total": 0.0, "setup_proc_time_mean": NaN, "setup_proc_time_total": 0.0, "train_accuracy": 0.30483999848365784, "train_loss": 2.0992198796081545, "training_time_mean": NaN, "training_time_total": 0.0, "val_accuracy": 0.34129998087882996, "val_loss": 2.47491071395874, "validation_time_mean": NaN, "validation_time_total": 0.0, "samples": 60000, "num_workers": 1, "done": false, "timesteps_total": null, "episodes_total": null, "training_iteration": 2, "neg_mean_loss": -2.3601675029754636, "experiment_id": "708f23e12e474ba9a9ecbc546059bf0d", "date": "2019-06-06_07-28-26", "timestamp": 1559831306, "time_this_iter_s": 41.848717212677, "time_total_s": 89.1618378162384, "pid": 25093, "hostname": "steropes", "node_ip": "169.229.49.254", "config": {"starting_lr": 0.0005, "momentum": 0.997, "weight_decay": 0.0005, "steps_per_iteration": null, "pin": false, "model_creator": null, "target_batch_size": 128, "model_string": "resnet50", "min_batch_size": 128, "dataset": "CIFAR", "placement": null, "use_nccl": true, "devices_per_worker": 1, "primary_resource": "extra_gpu", "gpu": false, "verbose": false, "lr_config": {"mode": "log", "steps": 5, "initial_lr": 0.0005, "target_lr": 0.0005}, "batch_per_device": 128}, "time_since_restore": 89.1618378162384, "timesteps_since_restore": 0, "iterations_since_restore": 2, "mean_throughput": 1345.86458288193, "atoms": 1, "setup_time": 8.927977800369263}
{"apply": 0.018094849586486817, "batch_time": 0.03211500674863405, "d2h": 0.0007306575775146484, "data_time": 0.0018408261906460424, "fwd": 0.028228068351745607, "get_state_time_mean": NaN, "get_state_time_total": 0.0, "grad": 0.04800469875335693, "mean_accuracy": 0.3308333257834117, "mean_loss": 9.323732753753662, "neg_mean_accuracy": -0.35830000042915344, "set_state_time_mean": NaN, "set_state_time_total": 0.0, "setup_model_time_mean": NaN, "setup_model_time_total": 0.0, "setup_proc_time_mean": NaN, "setup_proc_time_total": 0.0, "train_accuracy": 0.3372199833393097, "train_loss": 2.419813013343811, "training_time_mean": NaN, "training_time_total": 0.0, "val_accuracy": 0.35830000042915344, "val_loss": 23.25086325531006, "validation_time_mean": NaN, "validation_time_total": 0.0, "samples": 60000, "num_workers": 1, "done": false, "timesteps_total": null, "episodes_total": null, "training_iteration": 3, "neg_mean_loss": -9.323732753753662, "experiment_id": "708f23e12e474ba9a9ecbc546059bf0d", "date": "2019-06-06_07-29-08", "timestamp": 1559831348, "time_this_iter_s": 41.4045467376709, "time_total_s": 130.5663845539093, "pid": 25093, "hostname": "steropes", "node_ip": "169.229.49.254", "config": {"starting_lr": 0.0005, "momentum": 0.997, "weight_decay": 0.0005, "steps_per_iteration": null, "pin": false, "model_creator": null, "target_batch_size": 128, "model_string": "resnet50", "min_batch_size": 128, "dataset": "CIFAR", "placement": null, "use_nccl": true, "devices_per_worker": 1, "primary_resource": "extra_gpu", "gpu": false, "verbose": false, "lr_config": {"mode": "log", "steps": 5, "initial_lr": 0.0005, "target_lr": 0.0005}, "batch_per_device": 128}, "time_since_restore": 130.5663845539093, "timesteps_since_restore": 0, "iterations_since_restore": 3, "mean_throughput": 1378.6062227577147, "atoms": 1, "setup_time": 8.927977800369263}
{"apply": 0.01939680576324463, "batch_time": 0.03167961518975753, "d2h": 0.0007138252258300781, "data_time": 0.0018655064770632692, "fwd": 0.02891054153442383, "get_state_time_mean": NaN, "get_state_time_total": 0.0, "grad": 0.04961585998535156, "mean_accuracy": 0.3387249931693077, "mean_loss": 8.491123137331009, "neg_mean_accuracy": -0.36239999532699585, "set_state_time_mean": NaN, "set_state_time_total": 0.0, "setup_model_time_mean": NaN, "setup_model_time_total": 0.0, "setup_proc_time_mean": NaN, "setup_proc_time_total": 0.0, "train_accuracy": 0.3289799988269806, "train_loss": 2.4921769397735596, "training_time_mean": NaN, "training_time_total": 0.0, "val_accuracy": 0.36239999532699585, "val_loss": 5.9932942880630495, "validation_time_mean": NaN, "validation_time_total": 0.0, "samples": 60000, "num_workers": 1, "done": false, "timesteps_total": null, "episodes_total": null, "training_iteration": 4, "neg_mean_loss": -8.491123137331009, "experiment_id": "708f23e12e474ba9a9ecbc546059bf0d", "date": "2019-06-06_07-29-49", "timestamp": 1559831389, "time_this_iter_s": 41.46495175361633, "time_total_s": 172.03133630752563, "pid": 25093, "hostname": "steropes", "node_ip": "169.229.49.254", "config": {"starting_lr": 0.0005, "momentum": 0.997, "weight_decay": 0.0005, "steps_per_iteration": null, "pin": false, "model_creator": null, "target_batch_size": 128, "model_string": "resnet50", "min_batch_size": 128, "dataset": "CIFAR", "placement": null, "use_nccl": true, "devices_per_worker": 1, "primary_resource": "extra_gpu", "gpu": false, "verbose": false, "lr_config": {"mode": "log", "steps": 5, "initial_lr": 0.0005, "target_lr": 0.0005}, "batch_per_device": 128}, "time_since_restore": 172.03133630752563, "timesteps_since_restore": 0, "iterations_since_restore": 4, "mean_throughput": 1395.0918470138379, "atoms": 1, "setup_time": 8.927977800369263}
{"apply": 0.019678020477294923, "batch_time": 0.031656060037733635, "d2h": 0.0007122516632080078, "data_time": 0.0018569642625501394, "fwd": 0.029503250122070314, "get_state_time_mean": NaN, "get_state_time_total": 0.0, "grad": 0.04803578853607178, "mean_accuracy": 0.338839989900589, "mean_loss": 7.230575467300414, "neg_mean_accuracy": -0.3392999768257141, "set_state_time_mean": NaN, "set_state_time_total": 0.0, "setup_model_time_mean": NaN, "setup_model_time_total": 0.0, "setup_proc_time_mean": NaN, "setup_proc_time_total": 0.0, "train_accuracy": 0.33361998200416565, "train_loss": 2.3322388537979126, "training_time_mean": NaN, "training_time_total": 0.0, "val_accuracy": 0.3392999768257141, "val_loss": 2.1883847871780397, "validation_time_mean": NaN, "validation_time_total": 0.0, "samples": 60000, "num_workers": 1, "done": false, "timesteps_total": null, "episodes_total": null, "training_iteration": 5, "neg_mean_loss": -7.230575467300414, "experiment_id": "708f23e12e474ba9a9ecbc546059bf0d", "date": "2019-06-06_07-30-31", "timestamp": 1559831431, "time_this_iter_s": 41.48952555656433, "time_total_s": 213.52086186408997, "pid": 25093, "hostname": "steropes", "node_ip": "169.229.49.254", "config": {"starting_lr": 0.0005, "momentum": 0.997, "weight_decay": 0.0005, "steps_per_iteration": null, "pin": false, "model_creator": null, "target_batch_size": 128, "model_string": "resnet50", "min_batch_size": 128, "dataset": "CIFAR", "placement": null, "use_nccl": true, "devices_per_worker": 1, "primary_resource": "extra_gpu", "gpu": false, "verbose": false, "lr_config": {"mode": "log", "steps": 5, "initial_lr": 0.0005, "target_lr": 0.0005}, "batch_per_device": 128}, "time_since_restore": 213.52086186408997, "timesteps_since_restore": 0, "iterations_since_restore": 5, "mean_throughput": 1405.0121604022052, "atoms": 1, "setup_time": 8.927977800369263}
{"apply": 0.01791536808013916, "batch_time": 0.03262781795067123, "d2h": 0.0006780385971069336, "data_time": 0.0018738383222418977, "fwd": 0.02786686420440674, "get_state_time_mean": NaN, "get_state_time_total": 0.0, "grad": 0.04953629970550537, "mean_accuracy": 0.3583199858665466, "mean_loss": 7.992560411949157, "neg_mean_accuracy": -0.3902999758720398, "set_state_time_mean": NaN, "set_state_time_total": 0.0, "setup_model_time_mean": NaN, "setup_model_time_total": 0.0, "setup_proc_time_mean": NaN, "setup_proc_time_total": 0.0, "train_accuracy": 0.34995999932289124, "train_loss": 2.0952235863876343, "training_time_mean": NaN, "training_time_total": 0.0, "val_accuracy": 0.3902999758720398, "val_loss": 6.055349015235901, "validation_time_mean": NaN, "validation_time_total": 0.0, "samples": 60000, "num_workers": 1, "done": false, "timesteps_total": null, "episodes_total": null, "training_iteration": 6, "neg_mean_loss": -7.992560411949157, "experiment_id": "708f23e12e474ba9a9ecbc546059bf0d", "date": "2019-06-06_07-31-12", "timestamp": 1559831472, "time_this_iter_s": 41.51564645767212, "time_total_s": 255.03650832176208, "pid": 25093, "hostname": "steropes", "node_ip": "169.229.49.254", "config": {"starting_lr": 0.0005, "momentum": 0.997, "weight_decay": 0.0005, "steps_per_iteration": null, "pin": false, "model_creator": null, "target_batch_size": 128, "model_string": "resnet50", "min_batch_size": 128, "dataset": "CIFAR", "placement": null, "use_nccl": true, "devices_per_worker": 1, "primary_resource": "extra_gpu", "gpu": false, "verbose": false, "lr_config": {"mode": "log", "steps": 5, "initial_lr": 0.0005, "target_lr": 0.0005}, "batch_per_device": 128}, "time_since_restore": 255.03650832176208, "timesteps_since_restore": 0, "iterations_since_restore": 6, "mean_throughput": 1444.2255851010466, "atoms": 1, "setup_time": 8.927977800369263}
{"apply": 0.017775702476501464, "batch_time": 0.03224845173992688, "d2h": 0.0007055759429931641, "data_time": 0.0018903392050272363, "fwd": 0.028070354461669923, "get_state_time_mean": NaN, "get_state_time_total": 0.0, "grad": 0.0498842716217041, "mean_accuracy": 0.3769799888134003, "mean_loss": 8.216665939178466, "neg_mean_accuracy": -0.43459999561309814, "set_state_time_mean": NaN, "set_state_time_total": 0.0, "setup_model_time_mean": NaN, "setup_model_time_total": 0.0, "setup_proc_time_mean": NaN, "setup_proc_time_total": 0.0, "train_accuracy": 0.3770599961280823, "train_loss": 1.9216647864151002, "training_time_mean": NaN, "training_time_total": 0.0, "val_accuracy": 0.43459999561309814, "val_loss": 3.595438350105286, "validation_time_mean": NaN, "validation_time_total": 0.0, "samples": 60000, "num_workers": 1, "done": false, "timesteps_total": null, "episodes_total": null, "training_iteration": 7, "neg_mean_loss": -8.216665939178466, "experiment_id": "708f23e12e474ba9a9ecbc546059bf0d", "date": "2019-06-06_07-31-54", "timestamp": 1559831514, "time_this_iter_s": 41.39194130897522, "time_total_s": 296.4284496307373, "pid": 25093, "hostname": "steropes", "node_ip": "169.229.49.254", "config": {"starting_lr": 0.0005, "momentum": 0.997, "weight_decay": 0.0005, "steps_per_iteration": null, "pin": false, "model_creator": null, "target_batch_size": 128, "model_string": "resnet50", "min_batch_size": 128, "dataset": "CIFAR", "placement": null, "use_nccl": true, "devices_per_worker": 1, "primary_resource": "extra_gpu", "gpu": false, "verbose": false, "lr_config": {"mode": "log", "steps": 5, "initial_lr": 0.0005, "target_lr": 0.0005}, "batch_per_device": 128}, "time_since_restore": 296.4284496307373, "timesteps_since_restore": 0, "iterations_since_restore": 7, "mean_throughput": 1447.4083705586065, "atoms": 1, "setup_time": 8.927977800369263}
{"apply": 0.018010163307189943, "batch_time": 0.03186011917983429, "d2h": 0.0007018327713012695, "data_time": 0.001853063588252153, "fwd": 0.027985787391662596, "get_state_time_mean": NaN, "get_state_time_total": 0.0, "grad": 0.04792635440826416, "mean_accuracy": 0.38257998824119566, "mean_loss": 4.773392582969666, "neg_mean_accuracy": -0.3862999975681305, "set_state_time_mean": NaN, "set_state_time_total": 0.0, "setup_model_time_mean": NaN, "setup_model_time_total": 0.0, "setup_proc_time_mean": NaN, "setup_proc_time_total": 0.0, "train_accuracy": 0.39287999272346497, "train_loss": 1.977139425315857, "training_time_mean": NaN, "training_time_total": 0.0, "val_accuracy": 0.3862999975681305, "val_loss": 6.034496474266052, "validation_time_mean": NaN, "validation_time_total": 0.0, "samples": 60000, "num_workers": 1, "done": true, "timesteps_total": null, "episodes_total": null, "training_iteration": 8, "neg_mean_loss": -4.773392582969666, "experiment_id": "708f23e12e474ba9a9ecbc546059bf0d", "date": "2019-06-06_07-32-35", "timestamp": 1559831555, "time_this_iter_s": 41.34375762939453, "time_total_s": 337.77220726013184, "pid": 25093, "hostname": "steropes", "node_ip": "169.229.49.254", "config": {"starting_lr": 0.0005, "momentum": 0.997, "weight_decay": 0.0005, "steps_per_iteration": null, "pin": false, "model_creator": null, "target_batch_size": 128, "model_string": "resnet50", "min_batch_size": 128, "dataset": "CIFAR", "placement": null, "use_nccl": true, "devices_per_worker": 1, "primary_resource": "extra_gpu", "gpu": false, "verbose": false, "lr_config": {"mode": "log", "steps": 5, "initial_lr": 0.0005, "target_lr": 0.0005}, "batch_per_device": 128}, "time_since_restore": 337.77220726013184, "timesteps_since_restore": 0, "iterations_since_restore": 8, "mean_throughput": 1447.833073848412, "atoms": 1, "setup_time": 8.927977800369263}
