{"apply": 0.017894554138183593, "batch_time": 0.0409779005412814, "d2h": 0.0006711721420288086, "data_time": 0.001801185290831739, "fwd": 0.12212269306182862, "get_state_time_mean": NaN, "get_state_time_total": 0.0, "grad": 0.16839134693145752, "mean_accuracy": 0.26260000467300415, "mean_loss": 1.9735683559417725, "neg_mean_accuracy": -0.26260000467300415, "set_state_time_mean": NaN, "set_state_time_total": 0.0, "setup_model_time_mean": 10.364076137542725, "setup_model_time_total": 10.364076137542725, "setup_proc_time_mean": 0.17602276802062988, "setup_proc_time_total": 0.17602276802062988, "train_accuracy": 0.16638000309467316, "train_loss": 4.700606927871704, "training_time_mean": NaN, "training_time_total": 0.0, "val_accuracy": 0.26260000467300415, "val_loss": 1.9735683559417725, "validation_time_mean": NaN, "validation_time_total": 0.0, "samples": 60000, "num_workers": 1, "done": false, "timesteps_total": null, "episodes_total": null, "training_iteration": 1, "neg_mean_loss": -1.9735683559417725, "experiment_id": "0ff9dd98c7704040b20ba75509c989c5", "date": "2019-06-06_07-08-46", "timestamp": 1559830126, "time_this_iter_s": 46.333972454071045, "time_total_s": 46.333972454071045, "pid": 6863, "hostname": "steropes", "node_ip": "169.229.49.254", "config": {"starting_lr": 0.1, "momentum": 0.9, "weight_decay": 0.001, "steps_per_iteration": null, "pin": false, "model_creator": null, "target_batch_size": 128, "model_string": "resnet50", "min_batch_size": 128, "dataset": "CIFAR", "placement": null, "use_nccl": true, "devices_per_worker": 1, "primary_resource": "extra_gpu", "gpu": false, "verbose": false, "lr_config": {"mode": "log", "steps": 5, "initial_lr": 0.1, "target_lr": 0.1}, "batch_per_device": 128}, "time_since_restore": 46.333972454071045, "timesteps_since_restore": 0, "iterations_since_restore": 1, "mean_throughput": 1294.9437741885479, "atoms": 1, "setup_time": 10.903505802154541}
{"apply": 0.017811679840087892, "batch_time": 0.03192543681663803, "d2h": 0.0006910085678100586, "data_time": 0.0017444489861998106, "fwd": 0.028233790397644044, "get_state_time_mean": NaN, "get_state_time_total": 0.0, "grad": 0.049039673805236814, "mean_accuracy": 0.30924999713897705, "mean_loss": 1.8496676292419434, "neg_mean_accuracy": -0.35589998960494995, "set_state_time_mean": NaN, "set_state_time_total": 0.0, "setup_model_time_mean": NaN, "setup_model_time_total": 0.0, "setup_proc_time_mean": NaN, "setup_proc_time_total": 0.0, "train_accuracy": 0.3034600019454956, "train_loss": 1.8541344931411743, "training_time_mean": NaN, "training_time_total": 0.0, "val_accuracy": 0.35589998960494995, "val_loss": 1.7257669025421143, "validation_time_mean": NaN, "validation_time_total": 0.0, "samples": 60000, "num_workers": 1, "done": true, "timesteps_total": null, "episodes_total": null, "training_iteration": 2, "neg_mean_loss": -1.8496676292419434, "experiment_id": "0ff9dd98c7704040b20ba75509c989c5", "date": "2019-06-06_07-09-27", "timestamp": 1559830167, "time_this_iter_s": 40.908543825149536, "time_total_s": 87.24251627922058, "pid": 6863, "hostname": "steropes", "node_ip": "169.229.49.254", "config": {"starting_lr": 0.1, "momentum": 0.9, "weight_decay": 0.001, "steps_per_iteration": null, "pin": false, "model_creator": null, "target_batch_size": 128, "model_string": "resnet50", "min_batch_size": 128, "dataset": "CIFAR", "placement": null, "use_nccl": true, "devices_per_worker": 1, "primary_resource": "extra_gpu", "gpu": false, "verbose": false, "lr_config": {"mode": "log", "steps": 5, "initial_lr": 0.1, "target_lr": 0.1}, "batch_per_device": 128}, "time_since_restore": 87.24251627922058, "timesteps_since_restore": 0, "iterations_since_restore": 2, "mean_throughput": 1375.473495277714, "atoms": 1, "setup_time": 10.903505802154541}
