apply,batch_time,d2h,data_time,fwd,get_state_time_mean,get_state_time_total,grad,mean_accuracy,mean_loss,neg_mean_accuracy,set_state_time_mean,set_state_time_total,setup_model_time_mean,setup_model_time_total,setup_proc_time_mean,setup_proc_time_total,train_accuracy,train_loss,training_time_mean,training_time_total,val_accuracy,val_loss,validation_time_mean,validation_time_total,samples,num_workers,done,timesteps_total,episodes_total,training_iteration,neg_mean_loss,experiment_id,date,timestamp,time_this_iter_s,time_total_s,pid,hostname,node_ip,config,time_since_restore,timesteps_since_restore,iterations_since_restore,mean_throughput,atoms,setup_time
0.018326234817504884,0.041924497749232036,0.0006781339645385743,0.0019373814468188664,0.11577372550964356,nan,0.0,0.16487367153167726,0.1972000002861023,294.5416657356262,-0.1972000002861023,nan,0.0,8.33845591545105,8.33845591545105,0.1865830421447754,0.1865830421447754,0.17577999830245972,4.100869200439453,nan,0.0,0.1972000002861023,294.5416657356262,nan,0.0,60000,1,False,,,1,-294.5416657356262,b6dbe5767feb402e898bbe8411802984,2019-06-03_04-45-13,1559562313,46.677903175354004,46.677903175354004,25517,steropes,169.229.49.254,"{'starting_lr': 0.005, 'momentum': 0.99, 'weight_decay': 0.0005, 'steps_per_iteration': None, 'pin': False, 'model_creator': None, 'target_batch_size': 128, 'model_string': 'resnet50', 'min_batch_size': 128, 'dataset': 'CIFAR', 'placement': None, 'use_nccl': True, 'devices_per_worker': 1, 'primary_resource': 'extra_gpu', 'gpu': False, 'verbose': False, 'lr_config': {'mode': 'log', 'steps': 5, 'initial_lr': 0.005, 'target_lr': 0.005}, 'batch_per_device': 128}",46.677903175354004,0,1,1285.4019729234815,1,9.121720790863037
0.017631053924560547,0.031940967221803306,0.0007219552993774414,0.001860441759114375,0.027888727188110352,nan,0.0,0.047526216506958006,0.22689999639987946,151.13090781440735,-0.2565999925136566,nan,0.0,nan,0.0,nan,0.0,0.21451999247074127,3.044796814880371,nan,0.0,0.2565999925136566,7.720149893188476,nan,0.0,60000,1,False,,,2,-151.13090781440735,b6dbe5767feb402e898bbe8411802984,2019-06-03_04-45-54,1559562354,40.98141622543335,87.65931940078735,25517,steropes,169.229.49.254,"{'starting_lr': 0.005, 'momentum': 0.99, 'weight_decay': 0.0005, 'steps_per_iteration': None, 'pin': False, 'model_creator': None, 'target_batch_size': 128, 'model_string': 'resnet50', 'min_batch_size': 128, 'dataset': 'CIFAR', 'placement': None, 'use_nccl': True, 'devices_per_worker': 1, 'primary_resource': 'extra_gpu', 'gpu': False, 'verbose': False, 'lr_config': {'mode': 'log', 'steps': 5, 'initial_lr': 0.005, 'target_lr': 0.005}, 'batch_per_device': 128}",87.65931940078735,0,2,1368.9332743225368,1,9.121720790863037
0.01755800247192383,0.0325516839570637,0.0006854772567749023,0.001782575226805704,0.02780330181121826,nan,0.0,0.047951149940490725,0.26609999934832257,101.94790988324483,-0.34450000524520874,nan,0.0,nan,0.0,nan,0.0,0.28435999155044556,2.213849615097046,nan,0.0,0.34450000524520874,3.5819140209198,nan,0.0,60000,1,False,,,3,-101.94790988324483,b6dbe5767feb402e898bbe8411802984,2019-06-03_04-46-35,1559562395,40.82716941833496,128.48648881912231,25517,steropes,169.229.49.254,"{'starting_lr': 0.005, 'momentum': 0.99, 'weight_decay': 0.0005, 'steps_per_iteration': None, 'pin': False, 'model_creator': None, 'target_batch_size': 128, 'model_string': 'resnet50', 'min_batch_size': 128, 'dataset': 'CIFAR', 'placement': None, 'use_nccl': True, 'devices_per_worker': 1, 'primary_resource': 'extra_gpu', 'gpu': False, 'verbose': False, 'lr_config': {'mode': 'log', 'steps': 5, 'initial_lr': 0.005, 'target_lr': 0.005}, 'batch_per_device': 128}",128.48648881912231,0,3,1400.9214738721057,1,9.121720790863037
0.018865561485290526,0.033579910857768,0.0006461620330810546,0.0018010517520367947,0.029758429527282713,nan,0.0,0.051157569885253905,0.29352499544620514,77.17018018245696,-0.3757999837398529,nan,0.0,nan,0.0,nan,0.0,0.3522599935531616,1.8475833596801758,nan,0.0,0.3757999837398529,2.8369910800933837,nan,0.0,60000,1,False,,,4,-77.17018018245696,b6dbe5767feb402e898bbe8411802984,2019-06-03_04-47-17,1559562437,42.30984807014465,170.79633688926697,25517,steropes,169.229.49.254,"{'starting_lr': 0.005, 'momentum': 0.99, 'weight_decay': 0.0005, 'steps_per_iteration': None, 'pin': False, 'model_creator': None, 'target_batch_size': 128, 'model_string': 'resnet50', 'min_batch_size': 128, 'dataset': 'CIFAR', 'placement': None, 'use_nccl': True, 'devices_per_worker': 1, 'primary_resource': 'extra_gpu', 'gpu': False, 'verbose': False, 'lr_config': {'mode': 'log', 'steps': 5, 'initial_lr': 0.005, 'target_lr': 0.005}, 'batch_per_device': 128}",170.79633688926697,0,4,1405.1786757680773,1,9.121720790863037
0.018314814567565917,0.03556077087981791,0.0006557226181030274,0.0017967803398971363,0.02845785617828369,nan,0.0,0.049397754669189456,0.32043999433517456,62.099601326026914,-0.42809998989105225,nan,0.0,nan,0.0,nan,0.0,0.3877999782562256,1.6789147012329102,nan,0.0,0.42809998989105225,1.8172859003067017,nan,0.0,60000,1,False,,,5,-62.099601326026914,b6dbe5767feb402e898bbe8411802984,2019-06-03_04-48-00,1559562480,42.69352865219116,213.48986554145813,25517,steropes,169.229.49.254,"{'starting_lr': 0.005, 'momentum': 0.99, 'weight_decay': 0.0005, 'steps_per_iteration': None, 'pin': False, 'model_creator': None, 'target_batch_size': 128, 'model_string': 'resnet50', 'min_batch_size': 128, 'dataset': 'CIFAR', 'placement': None, 'use_nccl': True, 'devices_per_worker': 1, 'primary_resource': 'extra_gpu', 'gpu': False, 'verbose': False, 'lr_config': {'mode': 'log', 'steps': 5, 'initial_lr': 0.005, 'target_lr': 0.005}, 'batch_per_device': 128}",213.48986554145813,0,5,1405.2154535948775,1,9.121720790863037
0.019027137756347658,0.03521520578408543,0.000662541389465332,0.0017586961731581431,0.028905510902404785,nan,0.0,0.05177879333496094,0.36637999415397643,3.538915086631775,-0.4268999993801117,nan,0.0,nan,0.0,nan,0.0,0.41857999563217163,1.5951405505371095,nan,0.0,0.4268999993801117,1.7382345386505127,nan,0.0,60000,1,False,,,6,-3.538915086631775,b6dbe5767feb402e898bbe8411802984,2019-06-03_04-48-43,1559562523,43.14921975135803,256.63908529281616,25517,steropes,169.229.49.254,"{'starting_lr': 0.005, 'momentum': 0.99, 'weight_decay': 0.0005, 'steps_per_iteration': None, 'pin': False, 'model_creator': None, 'target_batch_size': 128, 'model_string': 'resnet50', 'min_batch_size': 128, 'dataset': 'CIFAR', 'placement': None, 'use_nccl': True, 'devices_per_worker': 1, 'primary_resource': 'extra_gpu', 'gpu': False, 'verbose': False, 'lr_config': {'mode': 'log', 'steps': 5, 'initial_lr': 0.005, 'target_lr': 0.005}, 'batch_per_device': 128}",256.63908529281616,0,6,1428.8320789800216,1,9.121720790863037
0.019379949569702147,0.06802602708339692,0.0006444454193115234,0.002884659840136158,0.1497081756591797,nan,0.0,0.21323635578155517,0.4080399930477142,2.324390708560944,-0.4648999869823456,3.5409733057022095,3.5409733057022095,10.108956694602966,10.108956694602966,1.606705665588379,1.606705665588379,0.43567997217178345,1.5424379281044005,nan,0.0,0.4648999869823456,1.64752800283432,nan,0.0,60000,2,False,,,7,-2.324390708560944,b6dbe5767feb402e898bbe8411802984,2019-06-03_04-49-39,1559562579,34.44787359237671,291.08695888519287,5814,steropes,169.229.49.254,"{'starting_lr': 0.005, 'momentum': 0.99, 'weight_decay': 0.0005, 'steps_per_iteration': None, 'pin': False, 'model_creator': None, 'target_batch_size': 128, 'model_string': 'resnet50', 'min_batch_size': 128, 'dataset': 'CIFAR', 'placement': None, 'use_nccl': True, 'devices_per_worker': 1, 'primary_resource': 'extra_gpu', 'gpu': False, 'verbose': False, 'lr_config': {'mode': 'log', 'steps': 5, 'initial_lr': 0.005, 'target_lr': 0.007071067811865476}, 'batch_per_device': 128}",34.44787359237671,0,1,1741.756632331872,2,20.906020879745483
0.018239593505859374,0.04108527898788453,0.0006488442420959472,0.0026476693396665614,0.027925968170166016,nan,0.0,0.08248662948608398,0.4349199891090393,1.8978291709709167,-0.4788999855518341,nan,0.0,nan,0.0,nan,0.0,0.459199994802475,1.4799919921302795,nan,0.0,0.4788999855518341,1.4491063329696656,nan,0.0,60000,2,False,,,8,-1.8978291709709167,b6dbe5767feb402e898bbe8411802984,2019-06-03_04-50-07,1559562607,28.452129125595093,319.53908801078796,5814,steropes,169.229.49.254,"{'starting_lr': 0.005, 'momentum': 0.99, 'weight_decay': 0.0005, 'steps_per_iteration': None, 'pin': False, 'model_creator': None, 'target_batch_size': 128, 'model_string': 'resnet50', 'min_batch_size': 128, 'dataset': 'CIFAR', 'placement': None, 'use_nccl': True, 'devices_per_worker': 1, 'primary_resource': 'extra_gpu', 'gpu': False, 'verbose': False, 'lr_config': {'mode': 'log', 'steps': 5, 'initial_lr': 0.005, 'target_lr': 0.007071067811865476}, 'batch_per_device': 128}",62.9000027179718,0,2,1907.784311732469,2,20.906020879745483
0.017996132373809814,0.0384304016828537,0.0006649255752563476,0.0027258949620383127,0.028584289550781253,nan,0.0,0.08117733001708985,0.4602799952030182,1.63208570892334,-0.5026000142097473,nan,0.0,nan,0.0,nan,0.0,0.480459988117218,1.4353841023445129,nan,0.0,0.5026000142097473,1.5082737698554993,nan,0.0,60000,2,False,,,9,-1.63208570892334,b6dbe5767feb402e898bbe8411802984,2019-06-03_04-50-35,1559562635,28.349531650543213,347.8886196613312,5814,steropes,169.229.49.254,"{'starting_lr': 0.005, 'momentum': 0.99, 'weight_decay': 0.0005, 'steps_per_iteration': None, 'pin': False, 'model_creator': None, 'target_batch_size': 128, 'model_string': 'resnet50', 'min_batch_size': 128, 'dataset': 'CIFAR', 'placement': None, 'use_nccl': True, 'devices_per_worker': 1, 'primary_resource': 'extra_gpu', 'gpu': False, 'verbose': False, 'lr_config': {'mode': 'log', 'steps': 5, 'initial_lr': 0.005, 'target_lr': 0.007071067811865476}, 'batch_per_device': 128}",91.24953436851501,0,3,1972.6067908011073,2,20.906020879745483
0.019726669788360594,0.039384940266609186,0.0006459116935729981,0.0027399257737763076,0.029411673545837402,nan,0.0,0.08215749263763428,0.47747998833656313,1.550068075466156,-0.5140999555587769,nan,0.0,nan,0.0,nan,0.0,0.4836999773979187,1.4196669861030577,nan,0.0,0.5140999555587769,1.4071977330207823,nan,0.0,60000,2,False,,,10,-1.550068075466156,b6dbe5767feb402e898bbe8411802984,2019-06-03_04-51-04,1559562664,28.27800154685974,376.1666212081909,5814,steropes,169.229.49.254,"{'starting_lr': 0.005, 'momentum': 0.99, 'weight_decay': 0.0005, 'steps_per_iteration': None, 'pin': False, 'model_creator': None, 'target_batch_size': 128, 'model_string': 'resnet50', 'min_batch_size': 128, 'dataset': 'CIFAR', 'placement': None, 'use_nccl': True, 'devices_per_worker': 1, 'primary_resource': 'extra_gpu', 'gpu': False, 'verbose': False, 'lr_config': {'mode': 'log', 'steps': 5, 'initial_lr': 0.005, 'target_lr': 0.007071067811865476}, 'batch_per_device': 128}",119.52753591537476,0,4,2007.8995754682105,2,20.906020879745483
0.019751131534576416,0.039207613468170165,0.0006902813911437988,0.0026896711514920605,0.028633379936218263,nan,0.0,0.08132055997848511,0.4960199952125549,1.4776525734901427,-0.5196000337600708,nan,0.0,nan,0.0,nan,0.0,0.5007799863815308,1.377484633331299,nan,0.0,0.5196000337600708,1.3761570287704468,nan,0.0,60000,2,False,,,11,-1.4776525734901427,b6dbe5767feb402e898bbe8411802984,2019-06-03_04-51-32,1559562692,28.671884536743164,404.8385057449341,5814,steropes,169.229.49.254,"{'starting_lr': 0.005, 'momentum': 0.99, 'weight_decay': 0.0005, 'steps_per_iteration': None, 'pin': False, 'model_creator': None, 'target_batch_size': 128, 'model_string': 'resnet50', 'min_batch_size': 128, 'dataset': 'CIFAR', 'placement': None, 'use_nccl': True, 'devices_per_worker': 1, 'primary_resource': 'extra_gpu', 'gpu': False, 'verbose': False, 'lr_config': {'mode': 'log', 'steps': 5, 'initial_lr': 0.005, 'target_lr': 0.007071067811865476}, 'batch_per_device': 128}",148.19942045211792,0,5,2024.2933047411823,2,20.906020879745483
0.020121026039123538,0.04056321680545807,0.0006722450256347657,0.0027665866881000753,0.030078196525573732,nan,0.0,0.08370107412338257,0.511379998922348,1.4290026176452637,-0.541700005531311,nan,0.0,nan,0.0,nan,0.0,0.5156599879264832,1.3355783044052125,nan,0.0,0.541700005531311,1.4042782236099243,nan,0.0,60000,2,False,,,12,-1.4290026176452637,b6dbe5767feb402e898bbe8411802984,2019-06-03_04-52-01,1559562721,28.88052725791931,433.7190330028534,5814,steropes,169.229.49.254,"{'starting_lr': 0.005, 'momentum': 0.99, 'weight_decay': 0.0005, 'steps_per_iteration': None, 'pin': False, 'model_creator': None, 'target_batch_size': 128, 'model_string': 'resnet50', 'min_batch_size': 128, 'dataset': 'CIFAR', 'placement': None, 'use_nccl': True, 'devices_per_worker': 1, 'primary_resource': 'extra_gpu', 'gpu': False, 'verbose': False, 'lr_config': {'mode': 'log', 'steps': 5, 'initial_lr': 0.005, 'target_lr': 0.007071067811865476}, 'batch_per_device': 128}",177.07994771003723,0,6,2103.3075785199353,2,20.906020879745483
0.018094050884246825,0.12201357781887054,0.0006660819053649902,0.005341635674846416,0.2194936454296112,nan,0.0,0.2644628405570984,0.536899983882904,1.3673570606803893,-0.5661999583244324,7.485919177532196,7.485919177532196,12.713204801082611,12.713204801082611,4.5146045088768005,4.5146045088768005,0.5472599864006042,1.2562544295692444,nan,0.0,0.5661999583244324,1.2539875852584839,nan,0.0,60000,4,False,,,14,-1.3673570606803893,b6dbe5767feb402e898bbe8411802984,2019-06-03_04-53-20,1559562800,24.77297067642212,487.2499690055847,5784,steropes,169.229.49.254,"{'starting_lr': 0.005, 'momentum': 0.99, 'weight_decay': 0.0005, 'steps_per_iteration': None, 'pin': False, 'model_creator': None, 'target_batch_size': 128, 'model_string': 'resnet50', 'min_batch_size': 128, 'dataset': 'CIFAR', 'placement': None, 'use_nccl': True, 'devices_per_worker': 1, 'primary_resource': 'extra_gpu', 'gpu': False, 'verbose': False, 'lr_config': {'mode': 'log', 'steps': 5, 'initial_lr': 0.005, 'target_lr': 0.01}, 'batch_per_device': 128}",24.77297067642212,0,1,2421.983572607819,4,53.33817386627197
0.01819016337394714,0.06341820359230042,0.0006874978542327882,0.0050296783447265625,0.029482877254486083,nan,0.0,0.1022338092327118,0.5523199915885926,1.321305056142807,-0.5911999940872192,nan,0.0,nan,0.0,nan,0.0,0.5661799907684326,1.2066781190872193,nan,0.0,0.5911999940872192,1.1769377103328704,nan,0.0,60000,4,False,,,15,-1.321305056142807,b6dbe5767feb402e898bbe8411802984,2019-06-03_04-53-36,1559562816,16.658941507339478,503.9089105129242,5784,steropes,169.229.49.254,"{'starting_lr': 0.005, 'momentum': 0.99, 'weight_decay': 0.0005, 'steps_per_iteration': None, 'pin': False, 'model_creator': None, 'target_batch_size': 128, 'model_string': 'resnet50', 'min_batch_size': 128, 'dataset': 'CIFAR', 'placement': None, 'use_nccl': True, 'devices_per_worker': 1, 'primary_resource': 'extra_gpu', 'gpu': False, 'verbose': False, 'lr_config': {'mode': 'log', 'steps': 5, 'initial_lr': 0.005, 'target_lr': 0.01}, 'batch_per_device': 128}",41.4319121837616,0,2,2896.304284822479,4,53.33817386627197
0.017499381303787233,0.04929273724555969,0.0007004439830780029,0.005258546800029521,0.028984731435775755,nan,0.0,0.09356207847595216,0.5672399878501893,1.343295222263336,-0.5942000150680542,nan,0.0,nan,0.0,nan,0.0,0.5852999687194824,1.1537537233734132,nan,0.0,0.5942000150680542,1.4861078593730928,nan,0.0,60000,4,False,,,16,-1.343295222263336,b6dbe5767feb402e898bbe8411802984,2019-06-03_04-53-52,1559562832,16.051196336746216,519.9601068496704,5784,steropes,169.229.49.254,"{'starting_lr': 0.005, 'momentum': 0.99, 'weight_decay': 0.0005, 'steps_per_iteration': None, 'pin': False, 'model_creator': None, 'target_batch_size': 128, 'model_string': 'resnet50', 'min_batch_size': 128, 'dataset': 'CIFAR', 'placement': None, 'use_nccl': True, 'devices_per_worker': 1, 'primary_resource': 'extra_gpu', 'gpu': False, 'verbose': False, 'lr_config': {'mode': 'log', 'steps': 5, 'initial_lr': 0.005, 'target_lr': 0.01}, 'batch_per_device': 128}",57.48310852050781,0,3,3131.339274231707,4,53.33817386627197
0.018359893560409547,0.05075949132442474,0.0006954014301300049,0.005199088125812764,0.028944915533065795,nan,0.0,0.0975742757320404,0.579919981956482,1.2897492190933229,-0.6050999760627747,nan,0.0,nan,0.0,nan,0.0,0.5964800119400024,1.1263740079641342,nan,0.0,0.6050999760627747,1.1365482077598572,nan,0.0,60000,4,False,,,17,-1.2897492190933229,b6dbe5767feb402e898bbe8411802984,2019-06-03_04-54-09,1559562849,16.451032638549805,536.4111394882202,5784,steropes,169.229.49.254,"{'starting_lr': 0.005, 'momentum': 0.99, 'weight_decay': 0.0005, 'steps_per_iteration': None, 'pin': False, 'model_creator': None, 'target_batch_size': 128, 'model_string': 'resnet50', 'min_batch_size': 128, 'dataset': 'CIFAR', 'placement': None, 'use_nccl': True, 'devices_per_worker': 1, 'primary_resource': 'extra_gpu', 'gpu': False, 'verbose': False, 'lr_config': {'mode': 'log', 'steps': 5, 'initial_lr': 0.005, 'target_lr': 0.01}, 'batch_per_device': 128}",73.93414115905762,0,4,3246.1161609560536,4,53.33817386627197
0.01842748522758484,0.05181670486927033,0.0007306039333343506,0.005188622036758734,0.03190200924873352,nan,0.0,0.0984809935092926,0.5926399946212768,1.2409422729015351,-0.6065000295639038,nan,0.0,nan,0.0,nan,0.0,0.6004999876022339,1.1168819493961335,nan,0.0,0.6065000295639038,1.151130001783371,nan,0.0,60000,4,False,,,18,-1.2409422729015351,b6dbe5767feb402e898bbe8411802984,2019-06-03_04-54-25,1559562865,16.50068426132202,552.9118237495422,5784,steropes,169.229.49.254,"{'starting_lr': 0.005, 'momentum': 0.99, 'weight_decay': 0.0005, 'steps_per_iteration': None, 'pin': False, 'model_creator': None, 'target_batch_size': 128, 'model_string': 'resnet50', 'min_batch_size': 128, 'dataset': 'CIFAR', 'placement': None, 'use_nccl': True, 'devices_per_worker': 1, 'primary_resource': 'extra_gpu', 'gpu': False, 'verbose': False, 'lr_config': {'mode': 'log', 'steps': 5, 'initial_lr': 0.005, 'target_lr': 0.01}, 'batch_per_device': 128}",90.43482542037964,0,5,3317.2897064777057,4,53.33817386627197
0.017838656902313232,0.04984218776226044,0.0006860554218292237,0.005102545631175138,0.028328669071197507,nan,0.0,0.09857456088066101,0.6053600072860718,1.2074437751817704,-0.629800021648407,nan,0.0,nan,0.0,nan,0.0,0.6130599975585938,1.0821833128166198,nan,0.0,0.629800021648407,1.0864950966596603,nan,0.0,60000,4,False,,,19,-1.2074437751817704,b6dbe5767feb402e898bbe8411802984,2019-06-03_04-54-42,1559562882,16.6940495967865,569.6058733463287,5784,steropes,169.229.49.254,"{'starting_lr': 0.005, 'momentum': 0.99, 'weight_decay': 0.0005, 'steps_per_iteration': None, 'pin': False, 'model_creator': None, 'target_batch_size': 128, 'model_string': 'resnet50', 'min_batch_size': 128, 'dataset': 'CIFAR', 'placement': None, 'use_nccl': True, 'devices_per_worker': 1, 'primary_resource': 'extra_gpu', 'gpu': False, 'verbose': False, 'lr_config': {'mode': 'log', 'steps': 5, 'initial_lr': 0.005, 'target_lr': 0.01}, 'batch_per_device': 128}",107.12887501716614,0,6,3642.7077763603456,4,53.33817386627197
0.01779109239578247,0.04948946237564088,0.0007270634174346923,0.005151111860664523,0.031035381555557254,nan,0.0,0.0984613299369812,0.6145400047302246,1.1819186140727997,-0.6370999813079834,nan,0.0,nan,0.0,nan,0.0,0.6214799880981445,1.051055881576538,nan,0.0,0.6370999813079834,1.0493119047880173,nan,0.0,60000,4,False,,,20,-1.1819186140727997,b6dbe5767feb402e898bbe8411802984,2019-06-03_04-54-58,1559562898,16.54518485069275,586.1510581970215,5784,steropes,169.229.49.254,"{'starting_lr': 0.005, 'momentum': 0.99, 'weight_decay': 0.0005, 'steps_per_iteration': None, 'pin': False, 'model_creator': None, 'target_batch_size': 128, 'model_string': 'resnet50', 'min_batch_size': 128, 'dataset': 'CIFAR', 'placement': None, 'use_nccl': True, 'devices_per_worker': 1, 'primary_resource': 'extra_gpu', 'gpu': False, 'verbose': False, 'lr_config': {'mode': 'log', 'steps': 5, 'initial_lr': 0.005, 'target_lr': 0.01}, 'batch_per_device': 128}",123.67405986785889,0,7,3647.746663170472,4,53.33817386627197
0.018146443367004397,0.05467987656593323,0.0007135748863220214,0.005231016752671223,0.03082447648048401,nan,0.0,0.09882436394691467,0.6238399982452393,1.0965445393276216,-0.6406999826431274,nan,0.0,nan,0.0,nan,0.0,0.6364799737930298,1.0244604100990296,nan,0.0,0.6406999826431274,1.0592374856472015,nan,0.0,60000,4,False,,,21,-1.0965445393276216,b6dbe5767feb402e898bbe8411802984,2019-06-03_04-55-15,1559562915,16.814711809158325,602.9657700061798,5784,steropes,169.229.49.254,"{'starting_lr': 0.005, 'momentum': 0.99, 'weight_decay': 0.0005, 'steps_per_iteration': None, 'pin': False, 'model_creator': None, 'target_batch_size': 128, 'model_string': 'resnet50', 'min_batch_size': 128, 'dataset': 'CIFAR', 'placement': None, 'use_nccl': True, 'devices_per_worker': 1, 'primary_resource': 'extra_gpu', 'gpu': False, 'verbose': False, 'lr_config': {'mode': 'log', 'steps': 5, 'initial_lr': 0.005, 'target_lr': 0.01}, 'batch_per_device': 128}",140.4887716770172,0,8,3614.1913925081926,4,53.33817386627197
0.019405120611190797,0.05368156433105469,0.0008042871952056885,0.005284260122143492,0.031296145915985105,nan,0.0,0.09914252758026124,0.6342200040817261,1.0681529440402984,-0.6570000052452087,nan,0.0,nan,0.0,nan,0.0,0.642799973487854,0.9967648658943176,nan,0.0,0.6570000052452087,0.9945902313232422,nan,0.0,60000,4,False,,,22,-1.0681529440402984,b6dbe5767feb402e898bbe8411802984,2019-06-03_04-55-32,1559562932,16.592265129089355,619.5580351352692,5784,steropes,169.229.49.254,"{'starting_lr': 0.005, 'momentum': 0.99, 'weight_decay': 0.0005, 'steps_per_iteration': None, 'pin': False, 'model_creator': None, 'target_batch_size': 128, 'model_string': 'resnet50', 'min_batch_size': 128, 'dataset': 'CIFAR', 'placement': None, 'use_nccl': True, 'devices_per_worker': 1, 'primary_resource': 'extra_gpu', 'gpu': False, 'verbose': False, 'lr_config': {'mode': 'log', 'steps': 5, 'initial_lr': 0.005, 'target_lr': 0.01}, 'batch_per_device': 128}",157.08103680610657,0,9,3608.0526345240924,4,53.33817386627197
0.017710459232330323,0.05168345272541046,0.0007339537143707276,0.0052105699266706195,0.02947705388069153,nan,0.0,0.09695997238159179,0.6488599896430969,1.0250334684610367,-0.6796999573707581,nan,0.0,nan,0.0,nan,0.0,0.6629799604415894,0.9460456046485901,nan,0.0,0.6796999573707581,0.935532623887062,nan,0.0,60000,4,False,,,23,-1.0250334684610367,b6dbe5767feb402e898bbe8411802984,2019-06-03_04-55-49,1559562949,16.86817741394043,636.4262125492096,5784,steropes,169.229.49.254,"{'starting_lr': 0.005, 'momentum': 0.99, 'weight_decay': 0.0005, 'steps_per_iteration': None, 'pin': False, 'model_creator': None, 'target_batch_size': 128, 'model_string': 'resnet50', 'min_batch_size': 128, 'dataset': 'CIFAR', 'placement': None, 'use_nccl': True, 'devices_per_worker': 1, 'primary_resource': 'extra_gpu', 'gpu': False, 'verbose': False, 'lr_config': {'mode': 'log', 'steps': 5, 'initial_lr': 0.005, 'target_lr': 0.01}, 'batch_per_device': 128}",173.949214220047,0,10,3592.176163332445,4,53.33817386627197
0.01763458847999573,0.04992415308952332,0.000961226224899292,0.0052495306851912515,0.03084833025932312,nan,0.0,0.09643263220787049,0.658519983291626,0.9945828924798967,-0.6780999898910522,nan,0.0,nan,0.0,nan,0.0,0.67221999168396,0.9228201063013077,nan,0.0,0.6780999898910522,0.9342422167539597,nan,0.0,60000,4,False,,,24,-0.9945828924798967,b6dbe5767feb402e898bbe8411802984,2019-06-03_04-56-05,1559562965,16.4650616645813,652.8912742137909,5784,steropes,169.229.49.254,"{'starting_lr': 0.005, 'momentum': 0.99, 'weight_decay': 0.0005, 'steps_per_iteration': None, 'pin': False, 'model_creator': None, 'target_batch_size': 128, 'model_string': 'resnet50', 'min_batch_size': 128, 'dataset': 'CIFAR', 'placement': None, 'use_nccl': True, 'devices_per_worker': 1, 'primary_resource': 'extra_gpu', 'gpu': False, 'verbose': False, 'lr_config': {'mode': 'log', 'steps': 5, 'initial_lr': 0.005, 'target_lr': 0.01}, 'batch_per_device': 128}",190.4142758846283,0,11,3602.052705192705,4,53.33817386627197
0.018428415060043335,0.05024295449256897,0.00072593092918396,0.005086740668939084,0.028700017929077146,nan,0.0,0.09896854162216187,0.6700599908828735,0.9983951431512834,-0.6948000192642212,nan,0.0,nan,0.0,nan,0.0,0.6846199631690979,0.8878901485013962,nan,0.0,0.6948000192642212,1.0683731581449507,nan,0.0,60000,4,False,,,25,-0.9983951431512834,b6dbe5767feb402e898bbe8411802984,2019-06-03_04-56-22,1559562982,16.511292695999146,669.40256690979,5784,steropes,169.229.49.254,"{'starting_lr': 0.005, 'momentum': 0.99, 'weight_decay': 0.0005, 'steps_per_iteration': None, 'pin': False, 'model_creator': None, 'target_batch_size': 128, 'model_string': 'resnet50', 'min_batch_size': 128, 'dataset': 'CIFAR', 'placement': None, 'use_nccl': True, 'devices_per_worker': 1, 'primary_resource': 'extra_gpu', 'gpu': False, 'verbose': False, 'lr_config': {'mode': 'log', 'steps': 5, 'initial_lr': 0.005, 'target_lr': 0.01}, 'batch_per_device': 128}",206.92556858062744,0,12,3603.518803587879,4,53.33817386627197
0.0190826416015625,0.0515592098236084,0.000733768939971924,0.005359915446261971,0.02954719662666321,nan,0.0,0.09644556045532227,0.6806999921798706,0.9714403603410722,-0.6938999891281128,nan,0.0,nan,0.0,nan,0.0,0.696619987487793,0.8585045208311082,nan,0.0,0.6938999891281128,0.9244635715961456,nan,0.0,60000,4,False,,,26,-0.9714403603410722,b6dbe5767feb402e898bbe8411802984,2019-06-03_04-56-38,1559562998,16.677128791809082,686.0796957015991,5784,steropes,169.229.49.254,"{'starting_lr': 0.005, 'momentum': 0.99, 'weight_decay': 0.0005, 'steps_per_iteration': None, 'pin': False, 'model_creator': None, 'target_batch_size': 128, 'model_string': 'resnet50', 'min_batch_size': 128, 'dataset': 'CIFAR', 'placement': None, 'use_nccl': True, 'devices_per_worker': 1, 'primary_resource': 'extra_gpu', 'gpu': False, 'verbose': False, 'lr_config': {'mode': 'log', 'steps': 5, 'initial_lr': 0.005, 'target_lr': 0.01}, 'batch_per_device': 128}",223.60269737243652,0,13,3609.4858916464227,4,53.33817386627197
0.01798439621925354,0.0512392282485962,0.0006982028484344482,0.005332550223992796,0.029779976606369017,nan,0.0,0.10084134340286255,0.6911199927330017,0.9627176031494139,-0.7091000080108643,nan,0.0,nan,0.0,nan,0.0,0.7032399773597717,0.8376945746040344,nan,0.0,0.7091000080108643,0.9509764453649521,nan,0.0,60000,4,False,,,27,-0.9627176031494139,b6dbe5767feb402e898bbe8411802984,2019-06-03_04-56-55,1559563015,16.56709909439087,702.64679479599,5784,steropes,169.229.49.254,"{'starting_lr': 0.005, 'momentum': 0.99, 'weight_decay': 0.0005, 'steps_per_iteration': None, 'pin': False, 'model_creator': None, 'target_batch_size': 128, 'model_string': 'resnet50', 'min_batch_size': 128, 'dataset': 'CIFAR', 'placement': None, 'use_nccl': True, 'devices_per_worker': 1, 'primary_resource': 'extra_gpu', 'gpu': False, 'verbose': False, 'lr_config': {'mode': 'log', 'steps': 5, 'initial_lr': 0.005, 'target_lr': 0.01}, 'batch_per_device': 128}",240.1697964668274,0,14,3610.578893961678,4,53.33817386627197
0.01916442513465881,0.05317212641239166,0.00070684552192688,0.005674474093378806,0.029436099529266357,nan,0.0,0.09593346118927003,0.6978799939155579,0.9436129892349243,-0.7134999632835388,nan,0.0,nan,0.0,nan,0.0,0.7142799496650696,0.8121504696559906,nan,0.0,0.7134999632835388,0.8400095543146133,nan,0.0,60000,4,False,,,28,-0.9436129892349243,b6dbe5767feb402e898bbe8411802984,2019-06-03_04-57-12,1559563032,16.717992067337036,719.364786863327,5784,steropes,169.229.49.254,"{'starting_lr': 0.005, 'momentum': 0.99, 'weight_decay': 0.0005, 'steps_per_iteration': None, 'pin': False, 'model_creator': None, 'target_batch_size': 128, 'model_string': 'resnet50', 'min_batch_size': 128, 'dataset': 'CIFAR', 'placement': None, 'use_nccl': True, 'devices_per_worker': 1, 'primary_resource': 'extra_gpu', 'gpu': False, 'verbose': False, 'lr_config': {'mode': 'log', 'steps': 5, 'initial_lr': 0.005, 'target_lr': 0.01}, 'batch_per_device': 128}",256.88778853416443,0,15,3617.1167288613105,4,53.33817386627197
0.018769508600234984,0.0603571742773056,0.0007017731666564942,0.005594214614556761,0.029567450284957886,nan,0.0,0.10170664191246033,0.7066199898719787,0.9293667872905731,-0.7217999696731567,nan,0.0,nan,0.0,nan,0.0,0.7190600037574768,0.7907289970874786,nan,0.0,0.7217999696731567,0.8630112070322037,nan,0.0,60000,4,False,,,29,-0.9293667872905731,b6dbe5767feb402e898bbe8411802984,2019-06-03_04-57-28,1559563048,16.738753080368042,736.1035399436951,5784,steropes,169.229.49.254,"{'starting_lr': 0.005, 'momentum': 0.99, 'weight_decay': 0.0005, 'steps_per_iteration': None, 'pin': False, 'model_creator': None, 'target_batch_size': 128, 'model_string': 'resnet50', 'min_batch_size': 128, 'dataset': 'CIFAR', 'placement': None, 'use_nccl': True, 'devices_per_worker': 1, 'primary_resource': 'extra_gpu', 'gpu': False, 'verbose': False, 'lr_config': {'mode': 'log', 'steps': 5, 'initial_lr': 0.005, 'target_lr': 0.01}, 'batch_per_device': 128}",273.62654161453247,0,16,3605.2190539454537,4,53.33817386627197
0.020504450798034667,0.052502495050430295,0.0006812334060668946,0.005814056615440213,0.030835837125778198,nan,0.0,0.10168456435203552,0.7142799854278564,0.8745439109706877,-0.7330999970436096,nan,0.0,nan,0.0,nan,0.0,0.7307999730110168,0.7663590847969055,nan,0.0,0.7330999970436096,0.7942587765455246,nan,0.0,60000,4,False,,,30,-0.8745439109706877,b6dbe5767feb402e898bbe8411802984,2019-06-03_04-57-45,1559563065,16.72344994544983,752.8269898891449,5784,steropes,169.229.49.254,"{'starting_lr': 0.005, 'momentum': 0.99, 'weight_decay': 0.0005, 'steps_per_iteration': None, 'pin': False, 'model_creator': None, 'target_batch_size': 128, 'model_string': 'resnet50', 'min_batch_size': 128, 'dataset': 'CIFAR', 'placement': None, 'use_nccl': True, 'devices_per_worker': 1, 'primary_resource': 'extra_gpu', 'gpu': False, 'verbose': False, 'lr_config': {'mode': 'log', 'steps': 5, 'initial_lr': 0.005, 'target_lr': 0.01}, 'batch_per_device': 128}",290.3499915599823,0,17,3596.050683949589,4,53.33817386627197
0.01979554295539856,0.050799572467803956,0.0006959855556488038,0.005510043124763333,0.02952154874801636,nan,0.0,0.09692675471305846,0.7219199895858764,0.8444017940092087,-0.7321000099182129,nan,0.0,nan,0.0,nan,0.0,0.7355799674987793,0.7495943056154252,nan,0.0,0.7321000099182129,0.7737529867887497,nan,0.0,60000,4,False,,,31,-0.8444017940092087,b6dbe5767feb402e898bbe8411802984,2019-06-03_04-58-02,1559563082,16.492645025253296,769.3196349143982,5784,steropes,169.229.49.254,"{'starting_lr': 0.005, 'momentum': 0.99, 'weight_decay': 0.0005, 'steps_per_iteration': None, 'pin': False, 'model_creator': None, 'target_batch_size': 128, 'model_string': 'resnet50', 'min_batch_size': 128, 'dataset': 'CIFAR', 'placement': None, 'use_nccl': True, 'devices_per_worker': 1, 'primary_resource': 'extra_gpu', 'gpu': False, 'verbose': False, 'lr_config': {'mode': 'log', 'steps': 5, 'initial_lr': 0.005, 'target_lr': 0.01}, 'batch_per_device': 128}",306.8426365852356,0,18,3604.0206234598295,4,53.33817386627197
0.01957888603210449,0.048388817906379694,0.0006722688674926757,0.005489847489765712,0.03262957334518433,nan,0.0,0.10232378244400024,0.7274199843406677,0.8078291262388231,-0.7365999817848206,nan,0.0,nan,0.0,nan,0.0,0.7391999959945679,0.7404780102539062,nan,0.0,0.7365999817848206,0.7681131065130233,nan,0.0,60000,4,False,,,32,-0.8078291262388231,b6dbe5767feb402e898bbe8411802984,2019-06-03_04-58-18,1559563098,16.747836112976074,786.0674710273743,5784,steropes,169.229.49.254,"{'starting_lr': 0.005, 'momentum': 0.99, 'weight_decay': 0.0005, 'steps_per_iteration': None, 'pin': False, 'model_creator': None, 'target_batch_size': 128, 'model_string': 'resnet50', 'min_batch_size': 128, 'dataset': 'CIFAR', 'placement': None, 'use_nccl': True, 'devices_per_worker': 1, 'primary_resource': 'extra_gpu', 'gpu': False, 'verbose': False, 'lr_config': {'mode': 'log', 'steps': 5, 'initial_lr': 0.005, 'target_lr': 0.01}, 'batch_per_device': 128}",323.59047269821167,0,19,3596.212452730789,4,53.33817386627197
0.017929995059967042,0.052973386645317075,0.0007012128829956054,0.00538086647890052,0.031108224391937257,nan,0.0,0.0994851291179657,0.7301799893379212,0.8058947303295134,-0.7272999882698059,nan,0.0,nan,0.0,nan,0.0,0.7485799789428711,0.7177637953805923,nan,0.0,0.7272999882698059,0.8303375747680664,nan,0.0,60000,4,False,,,33,-0.8058947303295134,b6dbe5767feb402e898bbe8411802984,2019-06-03_04-58-35,1559563115,16.676459789276123,802.7439308166504,5784,steropes,169.229.49.254,"{'starting_lr': 0.005, 'momentum': 0.99, 'weight_decay': 0.0005, 'steps_per_iteration': None, 'pin': False, 'model_creator': None, 'target_batch_size': 128, 'model_string': 'resnet50', 'min_batch_size': 128, 'dataset': 'CIFAR', 'placement': None, 'use_nccl': True, 'devices_per_worker': 1, 'primary_resource': 'extra_gpu', 'gpu': False, 'verbose': False, 'lr_config': {'mode': 'log', 'steps': 5, 'initial_lr': 0.005, 'target_lr': 0.01}, 'batch_per_device': 128}",340.2669324874878,0,20,3598.003817067537,4,53.33817386627197
0.01940259337425232,0.04960719645023346,0.0007286667823791504,0.005144401472442005,0.030037117004394535,nan,0.0,0.09708155393600464,0.7357399821281433,0.8314302638959884,-0.7495999336242676,nan,0.0,nan,0.0,nan,0.0,0.7525999546051025,0.7004244561815263,nan,0.0,0.7495999336242676,0.9906888748645781,nan,0.0,60000,4,False,,,34,-0.8314302638959884,b6dbe5767feb402e898bbe8411802984,2019-06-03_04-58-51,1559563131,16.43629026412964,819.18022108078,5784,steropes,169.229.49.254,"{'starting_lr': 0.005, 'momentum': 0.99, 'weight_decay': 0.0005, 'steps_per_iteration': None, 'pin': False, 'model_creator': None, 'target_batch_size': 128, 'model_string': 'resnet50', 'min_batch_size': 128, 'dataset': 'CIFAR', 'placement': None, 'use_nccl': True, 'devices_per_worker': 1, 'primary_resource': 'extra_gpu', 'gpu': False, 'verbose': False, 'lr_config': {'mode': 'log', 'steps': 5, 'initial_lr': 0.005, 'target_lr': 0.01}, 'batch_per_device': 128}",356.70322275161743,0,21,3611.103854382836,4,53.33817386627197
0.018583112955093385,0.0524910420179367,0.0007036507129669189,0.005149076787792906,0.03160912394523621,nan,0.0,0.09854333400726319,0.7377399921417236,0.8221456657314301,-0.7431000471115112,nan,0.0,nan,0.0,nan,0.0,0.7526999711990356,0.7056963841438293,nan,0.0,0.7431000471115112,0.7478357857227326,nan,0.0,60000,4,False,,,35,-0.8221456657314301,b6dbe5767feb402e898bbe8411802984,2019-06-03_04-59-08,1559563148,16.733153343200684,835.9133744239807,5784,steropes,169.229.49.254,"{'starting_lr': 0.005, 'momentum': 0.99, 'weight_decay': 0.0005, 'steps_per_iteration': None, 'pin': False, 'model_creator': None, 'target_batch_size': 128, 'model_string': 'resnet50', 'min_batch_size': 128, 'dataset': 'CIFAR', 'placement': None, 'use_nccl': True, 'devices_per_worker': 1, 'primary_resource': 'extra_gpu', 'gpu': False, 'verbose': False, 'lr_config': {'mode': 'log', 'steps': 5, 'initial_lr': 0.005, 'target_lr': 0.01}, 'batch_per_device': 128}",373.4363760948181,0,22,3610.6825207011234,4,53.33817386627197
0.019113337993621825,0.050792384147644046,0.0007570624351501465,0.005324344853965603,0.029597431421279907,nan,0.0,0.09878940582275392,0.7385199785232544,0.8224364853143691,-0.7359999418258667,nan,0.0,nan,0.0,nan,0.0,0.7446999549865723,0.7318138819503783,nan,0.0,0.7359999418258667,0.7752070847034455,nan,0.0,60000,4,False,,,36,-0.8224364853143691,b6dbe5767feb402e898bbe8411802984,2019-06-03_04-59-25,1559563165,16.439279556274414,852.3526539802551,5784,steropes,169.229.49.254,"{'starting_lr': 0.005, 'momentum': 0.99, 'weight_decay': 0.0005, 'steps_per_iteration': None, 'pin': False, 'model_creator': None, 'target_batch_size': 128, 'model_string': 'resnet50', 'min_batch_size': 128, 'dataset': 'CIFAR', 'placement': None, 'use_nccl': True, 'devices_per_worker': 1, 'primary_resource': 'extra_gpu', 'gpu': False, 'verbose': False, 'lr_config': {'mode': 'log', 'steps': 5, 'initial_lr': 0.005, 'target_lr': 0.01}, 'batch_per_device': 128}",389.87565565109253,0,23,3613.003122350823,4,53.33817386627197
0.018780231475830078,0.050837811827659604,0.0007438361644744873,0.005101618109917154,0.029988861083984377,nan,0.0,0.09981780052185059,0.7355599761009216,0.8351667975664139,-0.7217999696731567,nan,0.0,nan,0.0,nan,0.0,0.7443200349807739,0.723744160797596,nan,0.0,0.7217999696731567,0.8317646677732468,nan,0.0,60000,4,False,,,37,-0.8351667975664139,b6dbe5767feb402e898bbe8411802984,2019-06-03_04-59-41,1559563181,16.641449451446533,868.9941034317017,5784,steropes,169.229.49.254,"{'starting_lr': 0.005, 'momentum': 0.99, 'weight_decay': 0.0005, 'steps_per_iteration': None, 'pin': False, 'model_creator': None, 'target_batch_size': 128, 'model_string': 'resnet50', 'min_batch_size': 128, 'dataset': 'CIFAR', 'placement': None, 'use_nccl': True, 'devices_per_worker': 1, 'primary_resource': 'extra_gpu', 'gpu': False, 'verbose': False, 'lr_config': {'mode': 'log', 'steps': 5, 'initial_lr': 0.005, 'target_lr': 0.01}, 'batch_per_device': 128}",406.51710510253906,0,24,3617.638360641696,4,53.33817386627197
0.018811172246932985,0.04934022128582001,0.0007033467292785645,0.005173714793458277,0.02969399094581604,nan,0.0,0.09960113763809204,0.7394199728965759,0.822180730805397,-0.7465999722480774,nan,0.0,nan,0.0,nan,0.0,0.7569799423217773,0.6971273355722427,nan,0.0,0.7465999722480774,0.7654072409629822,nan,0.0,60000,4,False,,,38,-0.822180730805397,b6dbe5767feb402e898bbe8411802984,2019-06-03_04-59-58,1559563198,16.5756733417511,885.5697767734528,5784,steropes,169.229.49.254,"{'starting_lr': 0.005, 'momentum': 0.99, 'weight_decay': 0.0005, 'steps_per_iteration': None, 'pin': False, 'model_creator': None, 'target_batch_size': 128, 'model_string': 'resnet50', 'min_batch_size': 128, 'dataset': 'CIFAR', 'placement': None, 'use_nccl': True, 'devices_per_worker': 1, 'primary_resource': 'extra_gpu', 'gpu': False, 'verbose': False, 'lr_config': {'mode': 'log', 'steps': 5, 'initial_lr': 0.005, 'target_lr': 0.01}, 'batch_per_device': 128}",423.09277844429016,0,25,3622.0406007885613,4,53.33817386627197
0.018521320819854737,0.04972309172153473,0.0007040679454803466,0.005342294975202911,0.029989492893218995,nan,0.0,0.09634949564933777,0.7374799847602844,0.7790659302425385,-0.7398999929428101,nan,0.0,nan,0.0,nan,0.0,0.7632799744606018,0.678686486825943,nan,0.0,0.7398999929428101,0.7751148720502854,nan,0.0,60000,4,False,,,39,-0.7790659302425385,b6dbe5767feb402e898bbe8411802984,2019-06-03_05-00-14,1559563214,16.637640953063965,902.2074177265167,5784,steropes,169.229.49.254,"{'starting_lr': 0.005, 'momentum': 0.99, 'weight_decay': 0.0005, 'steps_per_iteration': None, 'pin': False, 'model_creator': None, 'target_batch_size': 128, 'model_string': 'resnet50', 'min_batch_size': 128, 'dataset': 'CIFAR', 'placement': None, 'use_nccl': True, 'devices_per_worker': 1, 'primary_resource': 'extra_gpu', 'gpu': False, 'verbose': False, 'lr_config': {'mode': 'log', 'steps': 5, 'initial_lr': 0.005, 'target_lr': 0.01}, 'batch_per_device': 128}",439.7304193973541,0,26,3613.256841752406,4,53.33817386627197
0.020694315433502197,0.0496576726436615,0.0006789028644561767,0.005238152280145762,0.032828998565673825,nan,0.0,0.10150732994079589,0.7388199687004089,0.7754597595310211,-0.7497999668121338,nan,0.0,nan,0.0,nan,0.0,0.7666599750518799,0.6709031057500839,nan,0.0,0.7497999668121338,0.7298049321651459,nan,0.0,60000,4,False,,,40,-0.7754597595310211,b6dbe5767feb402e898bbe8411802984,2019-06-03_05-00-31,1559563231,16.644803285598755,918.8522210121155,5784,steropes,169.229.49.254,"{'starting_lr': 0.005, 'momentum': 0.99, 'weight_decay': 0.0005, 'steps_per_iteration': None, 'pin': False, 'model_creator': None, 'target_batch_size': 128, 'model_string': 'resnet50', 'min_batch_size': 128, 'dataset': 'CIFAR', 'placement': None, 'use_nccl': True, 'devices_per_worker': 1, 'primary_resource': 'extra_gpu', 'gpu': False, 'verbose': False, 'lr_config': {'mode': 'log', 'steps': 5, 'initial_lr': 0.005, 'target_lr': 0.01}, 'batch_per_device': 128}",456.3752226829529,0,27,3617.1055408005286,4,53.33817386627197
0.018023788928985596,0.051249533891677856,0.0006937146186828612,0.005461529809601453,0.02996664047241211,nan,0.0,0.1015981614589691,0.7436599731445312,0.7585537897872925,-0.7601999640464783,nan,0.0,nan,0.0,nan,0.0,0.7730799913406372,0.650494926481247,nan,0.0,0.7601999640464783,0.6906772359848022,nan,0.0,60000,4,False,,,41,-0.7585537897872925,b6dbe5767feb402e898bbe8411802984,2019-06-03_05-00-48,1559563248,16.453160047531128,935.3053810596466,5784,steropes,169.229.49.254,"{'starting_lr': 0.005, 'momentum': 0.99, 'weight_decay': 0.0005, 'steps_per_iteration': None, 'pin': False, 'model_creator': None, 'target_batch_size': 128, 'model_string': 'resnet50', 'min_batch_size': 128, 'dataset': 'CIFAR', 'placement': None, 'use_nccl': True, 'devices_per_worker': 1, 'primary_resource': 'extra_gpu', 'gpu': False, 'verbose': False, 'lr_config': {'mode': 'log', 'steps': 5, 'initial_lr': 0.005, 'target_lr': 0.01}, 'batch_per_device': 128}",472.828382730484,0,28,3616.5006359458075,4,53.33817386627197
0.01865283250808716,0.05158804059028626,0.000696718692779541,0.005484551191329956,0.032022124528884886,nan,0.0,0.10102525353431702,0.7530999779701233,0.7279194129228592,-0.7689999938011169,nan,0.0,nan,0.0,nan,0.0,0.781980037689209,0.6233344998550415,nan,0.0,0.7689999938011169,0.6785927834510803,nan,0.0,60000,4,False,,,42,-0.7279194129228592,b6dbe5767feb402e898bbe8411802984,2019-06-03_05-01-04,1559563264,16.41006636619568,951.7154474258423,5784,steropes,169.229.49.254,"{'starting_lr': 0.005, 'momentum': 0.99, 'weight_decay': 0.0005, 'steps_per_iteration': None, 'pin': False, 'model_creator': None, 'target_batch_size': 128, 'model_string': 'resnet50', 'min_batch_size': 128, 'dataset': 'CIFAR', 'placement': None, 'use_nccl': True, 'devices_per_worker': 1, 'primary_resource': 'extra_gpu', 'gpu': False, 'verbose': False, 'lr_config': {'mode': 'log', 'steps': 5, 'initial_lr': 0.005, 'target_lr': 0.01}, 'batch_per_device': 128}",489.2384490966797,0,29,3626.616233665749,4,53.33817386627197
0.017463481426239012,0.05006773173809051,0.0007148146629333496,0.0054447626580997385,0.02906293272972107,nan,0.0,0.09799573421478272,0.7587399840354919,0.7038578656721115,-0.7748000025749207,nan,0.0,nan,0.0,nan,0.0,0.7863999605178833,0.6127240611624718,nan,0.0,0.7748000025749207,0.6450995047092438,nan,0.0,60000,4,False,,,43,-0.7038578656721115,b6dbe5767feb402e898bbe8411802984,2019-06-03_05-01-21,1559563281,16.77872633934021,968.4941737651825,5784,steropes,169.229.49.254,"{'starting_lr': 0.005, 'momentum': 0.99, 'weight_decay': 0.0005, 'steps_per_iteration': None, 'pin': False, 'model_creator': None, 'target_batch_size': 128, 'model_string': 'resnet50', 'min_batch_size': 128, 'dataset': 'CIFAR', 'placement': None, 'use_nccl': True, 'devices_per_worker': 1, 'primary_resource': 'extra_gpu', 'gpu': False, 'verbose': False, 'lr_config': {'mode': 'log', 'steps': 5, 'initial_lr': 0.005, 'target_lr': 0.01}, 'batch_per_device': 128}",506.0171754360199,0,30,3617.7359025121027,4,53.33817386627197
0.018189799785614014,0.05286465287208557,0.0007067024707794189,0.005326893256635082,0.03001510500907898,nan,0.0,0.09517481327056886,0.7649999856948853,0.6818213248395919,-0.7712000012397766,nan,0.0,nan,0.0,nan,0.0,0.7922599911689758,0.5999395063924791,nan,0.0,0.7712000012397766,0.6649321678876877,nan,0.0,60000,4,False,,,44,-0.6818213248395919,b6dbe5767feb402e898bbe8411802984,2019-06-03_05-01-37,1559563297,16.632579803466797,985.1267535686493,5784,steropes,169.229.49.254,"{'starting_lr': 0.005, 'momentum': 0.99, 'weight_decay': 0.0005, 'steps_per_iteration': None, 'pin': False, 'model_creator': None, 'target_batch_size': 128, 'model_string': 'resnet50', 'min_batch_size': 128, 'dataset': 'CIFAR', 'placement': None, 'use_nccl': True, 'devices_per_worker': 1, 'primary_resource': 'extra_gpu', 'gpu': False, 'verbose': False, 'lr_config': {'mode': 'log', 'steps': 5, 'initial_lr': 0.005, 'target_lr': 0.01}, 'batch_per_device': 128}",522.6497552394867,0,31,3617.9560723293102,4,53.33817386627197
0.018874382972717284,0.050786560773849486,0.0007280051708221435,0.0052721780173632556,0.03329824209213257,nan,0.0,0.09931071400642395,0.7697199821472168,0.6664261485815048,-0.7733999490737915,nan,0.0,nan,0.0,nan,0.0,0.7986799478530884,0.5814933694672585,nan,0.0,0.7733999490737915,0.6528290508747101,nan,0.0,60000,4,False,,,45,-0.6664261485815048,b6dbe5767feb402e898bbe8411802984,2019-06-03_05-01-54,1559563314,16.71362805366516,1001.8403816223145,5784,steropes,169.229.49.254,"{'starting_lr': 0.005, 'momentum': 0.99, 'weight_decay': 0.0005, 'steps_per_iteration': None, 'pin': False, 'model_creator': None, 'target_batch_size': 128, 'model_string': 'resnet50', 'min_batch_size': 128, 'dataset': 'CIFAR', 'placement': None, 'use_nccl': True, 'devices_per_worker': 1, 'primary_resource': 'extra_gpu', 'gpu': False, 'verbose': False, 'lr_config': {'mode': 'log', 'steps': 5, 'initial_lr': 0.005, 'target_lr': 0.01}, 'batch_per_device': 128}",539.3633832931519,0,32,3614.955837947869,4,53.33817386627197
0.019224852323532104,0.04909959733486176,0.000721430778503418,0.005197121780745838,0.029127484560012816,nan,0.0,0.09940752983093262,0.7750399827957153,0.6544544583892822,-0.786799967288971,nan,0.0,nan,0.0,nan,0.0,0.8025400042533875,0.5686192494773865,nan,0.0,0.786799967288971,0.6308187850236893,nan,0.0,60000,4,False,,,46,-0.6544544583892822,b6dbe5767feb402e898bbe8411802984,2019-06-03_05-02-11,1559563331,16.62832236289978,1018.4687039852142,5784,steropes,169.229.49.254,"{'starting_lr': 0.005, 'momentum': 0.99, 'weight_decay': 0.0005, 'steps_per_iteration': None, 'pin': False, 'model_creator': None, 'target_batch_size': 128, 'model_string': 'resnet50', 'min_batch_size': 128, 'dataset': 'CIFAR', 'placement': None, 'use_nccl': True, 'devices_per_worker': 1, 'primary_resource': 'extra_gpu', 'gpu': False, 'verbose': False, 'lr_config': {'mode': 'log', 'steps': 5, 'initial_lr': 0.005, 'target_lr': 0.01}, 'batch_per_device': 128}",555.9917056560516,0,33,3607.337084244756,4,53.33817386627197
0.018068152666091918,0.05140317380428315,0.0007226407527923585,0.00515937622712583,0.029970890283584593,nan,0.0,0.09998274445533752,0.7767199873924255,0.6525989843559266,-0.777400016784668,nan,0.0,nan,0.0,nan,0.0,0.8048999309539795,0.5596038812017441,nan,0.0,0.777400016784668,0.6693154132843018,nan,0.0,60000,4,False,,,47,-0.6525989843559266,b6dbe5767feb402e898bbe8411802984,2019-06-03_05-02-27,1559563347,16.604336977005005,1035.0730409622192,5784,steropes,169.229.49.254,"{'starting_lr': 0.005, 'momentum': 0.99, 'weight_decay': 0.0005, 'steps_per_iteration': None, 'pin': False, 'model_creator': None, 'target_batch_size': 128, 'model_string': 'resnet50', 'min_batch_size': 128, 'dataset': 'CIFAR', 'placement': None, 'use_nccl': True, 'devices_per_worker': 1, 'primary_resource': 'extra_gpu', 'gpu': False, 'verbose': False, 'lr_config': {'mode': 'log', 'steps': 5, 'initial_lr': 0.005, 'target_lr': 0.01}, 'batch_per_device': 128}",572.5960426330566,0,34,3598.9295050470014,4,53.33817386627197
0.018312823772430417,0.049970734119415286,0.0007123053073883057,0.0053206250375630905,0.028183513879776002,nan,0.0,0.09741894602775573,0.7806599855422973,0.6411886755561829,-0.7944999933242798,nan,0.0,nan,0.0,nan,0.0,0.8024399876594543,0.5640626796531677,nan,0.0,0.7944999933242798,0.5880479607105256,nan,0.0,60000,4,False,,,48,-0.6411886755561829,b6dbe5767feb402e898bbe8411802984,2019-06-03_05-02-44,1559563364,16.471218824386597,1051.5442597866058,5784,steropes,169.229.49.254,"{'starting_lr': 0.005, 'momentum': 0.99, 'weight_decay': 0.0005, 'steps_per_iteration': None, 'pin': False, 'model_creator': None, 'target_batch_size': 128, 'model_string': 'resnet50', 'min_batch_size': 128, 'dataset': 'CIFAR', 'placement': None, 'use_nccl': True, 'devices_per_worker': 1, 'primary_resource': 'extra_gpu', 'gpu': False, 'verbose': False, 'lr_config': {'mode': 'log', 'steps': 5, 'initial_lr': 0.005, 'target_lr': 0.01}, 'batch_per_device': 128}",589.0672614574432,0,35,3612.2546010176748,4,53.33817386627197
0.018520504236221313,0.05109921991825104,0.0007498323917388916,0.00566268514613716,0.03091424107551575,nan,0.0,0.10126976370811464,0.7801799774169922,0.6443357878160476,-0.7687999606132507,nan,0.0,nan,0.0,nan,0.0,0.8099199533462524,0.5448130918693543,nan,0.0,0.7687999606132507,0.6806677291870118,nan,0.0,60000,4,False,,,49,-0.6443357878160476,b6dbe5767feb402e898bbe8411802984,2019-06-03_05-03-01,1559563381,16.75301432609558,1068.2972741127014,5784,steropes,169.229.49.254,"{'starting_lr': 0.005, 'momentum': 0.99, 'weight_decay': 0.0005, 'steps_per_iteration': None, 'pin': False, 'model_creator': None, 'target_batch_size': 128, 'model_string': 'resnet50', 'min_batch_size': 128, 'dataset': 'CIFAR', 'placement': None, 'use_nccl': True, 'devices_per_worker': 1, 'primary_resource': 'extra_gpu', 'gpu': False, 'verbose': False, 'lr_config': {'mode': 'log', 'steps': 5, 'initial_lr': 0.005, 'target_lr': 0.01}, 'batch_per_device': 128}",605.8202757835388,0,36,3607.0246365862863,4,53.33817386627197
0.017599940299987793,0.05073399543762207,0.000705653429031372,0.005167717228130419,0.02861506938934326,nan,0.0,0.0977814793586731,0.7840399861335754,0.6370256744146348,-0.7926999926567078,nan,0.0,nan,0.0,nan,0.0,0.8071199655532837,0.5545011537075042,nan,0.0,0.7926999926567078,0.6162784838676452,nan,0.0,60000,4,False,,,50,-0.6370256744146348,b6dbe5767feb402e898bbe8411802984,2019-06-03_05-03-17,1559563397,16.42611289024353,1084.723387002945,5784,steropes,169.229.49.254,"{'starting_lr': 0.005, 'momentum': 0.99, 'weight_decay': 0.0005, 'steps_per_iteration': None, 'pin': False, 'model_creator': None, 'target_batch_size': 128, 'model_string': 'resnet50', 'min_batch_size': 128, 'dataset': 'CIFAR', 'placement': None, 'use_nccl': True, 'devices_per_worker': 1, 'primary_resource': 'extra_gpu', 'gpu': False, 'verbose': False, 'lr_config': {'mode': 'log', 'steps': 5, 'initial_lr': 0.005, 'target_lr': 0.01}, 'batch_per_device': 128}",622.2463886737823,0,37,3619.536951352617,4,53.33817386627197
0.02070985436439514,0.04872898459434509,0.0007215321063995362,0.005186024369025717,0.035029470920562744,nan,0.0,0.09849553108215331,0.780619990825653,0.6478375719213487,-0.7696999907493591,nan,0.0,nan,0.0,nan,0.0,0.8100200295448303,0.546053956875801,nan,0.0,0.7696999907493591,0.6848782725572586,nan,0.0,60000,4,False,,,51,-0.6478375719213487,b6dbe5767feb402e898bbe8411802984,2019-06-03_05-03-34,1559563414,16.781839847564697,1101.5052268505096,5784,steropes,169.229.49.254,"{'starting_lr': 0.005, 'momentum': 0.99, 'weight_decay': 0.0005, 'steps_per_iteration': None, 'pin': False, 'model_creator': None, 'target_batch_size': 128, 'model_string': 'resnet50', 'min_batch_size': 128, 'dataset': 'CIFAR', 'placement': None, 'use_nccl': True, 'devices_per_worker': 1, 'primary_resource': 'extra_gpu', 'gpu': False, 'verbose': False, 'lr_config': {'mode': 'log', 'steps': 5, 'initial_lr': 0.005, 'target_lr': 0.01}, 'batch_per_device': 128}",639.028228521347,0,38,3612.84987047801,4,53.33817386627197
0.018120557069778442,0.04933894574642181,0.000713890790939331,0.005201390811375209,0.03111064434051514,nan,0.0,0.0989459753036499,0.7826599836349487,0.6376813760948181,-0.7875999808311462,nan,0.0,nan,0.0,nan,0.0,0.8092600107192993,0.5493743027925492,nan,0.0,0.7875999808311462,0.6185344341516494,nan,0.0,60000,4,False,,,52,-0.6376813760948181,b6dbe5767feb402e898bbe8411802984,2019-06-03_05-03-50,1559563430,16.603026628494263,1118.108253479004,5784,steropes,169.229.49.254,"{'starting_lr': 0.005, 'momentum': 0.99, 'weight_decay': 0.0005, 'steps_per_iteration': None, 'pin': False, 'model_creator': None, 'target_batch_size': 128, 'model_string': 'resnet50', 'min_batch_size': 128, 'dataset': 'CIFAR', 'placement': None, 'use_nccl': True, 'devices_per_worker': 1, 'primary_resource': 'extra_gpu', 'gpu': False, 'verbose': False, 'lr_config': {'mode': 'log', 'steps': 5, 'initial_lr': 0.005, 'target_lr': 0.01}, 'batch_per_device': 128}",655.6312551498413,0,39,3612.9072255930755,4,53.33817386627197
0.01717332601547241,0.04964362680912018,0.0006974995136260987,0.005261783697167221,0.02814599871635437,nan,0.0,0.097100567817688,0.7815399765968323,0.6458685129499435,-0.7888999581336975,nan,0.0,nan,0.0,nan,0.0,0.8168399930000305,0.5273770142745972,nan,0.0,0.7888999581336975,0.6289836449861527,nan,0.0,60000,4,False,,,53,-0.6458685129499435,b6dbe5767feb402e898bbe8411802984,2019-06-03_05-04-07,1559563447,16.463891744613647,1134.5721452236176,5784,steropes,169.229.49.254,"{'starting_lr': 0.005, 'momentum': 0.99, 'weight_decay': 0.0005, 'steps_per_iteration': None, 'pin': False, 'model_creator': None, 'target_batch_size': 128, 'model_string': 'resnet50', 'min_batch_size': 128, 'dataset': 'CIFAR', 'placement': None, 'use_nccl': True, 'devices_per_worker': 1, 'primary_resource': 'extra_gpu', 'gpu': False, 'verbose': False, 'lr_config': {'mode': 'log', 'steps': 5, 'initial_lr': 0.005, 'target_lr': 0.01}, 'batch_per_device': 128}",672.095146894455,0,40,3613.226430894551,4,53.33817386627197
0.0192638099193573,0.050127658247947696,0.0007222414016723633,0.005553438347213123,0.03281787037849426,nan,0.0,0.10111054182052612,0.7856399893760682,0.6348565548181533,-0.7893000245094299,nan,0.0,nan,0.0,nan,0.0,0.8169800043106079,0.5269440997171402,nan,0.0,0.7893000245094299,0.6256079385280608,nan,0.0,60000,4,False,,,54,-0.6348565548181533,b6dbe5767feb402e898bbe8411802984,2019-06-03_05-04-24,1559563464,17.07112765312195,1151.6432728767395,5784,steropes,169.229.49.254,"{'starting_lr': 0.005, 'momentum': 0.99, 'weight_decay': 0.0005, 'steps_per_iteration': None, 'pin': False, 'model_creator': None, 'target_batch_size': 128, 'model_string': 'resnet50', 'min_batch_size': 128, 'dataset': 'CIFAR', 'placement': None, 'use_nccl': True, 'devices_per_worker': 1, 'primary_resource': 'extra_gpu', 'gpu': False, 'verbose': False, 'lr_config': {'mode': 'log', 'steps': 5, 'initial_lr': 0.005, 'target_lr': 0.01}, 'batch_per_device': 128}",689.1662745475769,0,41,3599.435391299094,4,53.33817386627197
0.01735377907752991,0.04895120561122895,0.0007157087326049805,0.0051707990315495705,0.028689712285995483,nan,0.0,0.09754680395126343,0.7860599875450134,0.6318305140256881,-0.7947999835014343,nan,0.0,nan,0.0,nan,0.0,0.8176599740982056,0.5274638650584221,nan,0.0,0.7947999835014343,0.6011482799053192,nan,0.0,60000,4,False,,,55,-0.6318305140256881,b6dbe5767feb402e898bbe8411802984,2019-06-03_05-04-40,1559563480,16.43733286857605,1168.0806057453156,5784,steropes,169.229.49.254,"{'starting_lr': 0.005, 'momentum': 0.99, 'weight_decay': 0.0005, 'steps_per_iteration': None, 'pin': False, 'model_creator': None, 'target_batch_size': 128, 'model_string': 'resnet50', 'min_batch_size': 128, 'dataset': 'CIFAR', 'placement': None, 'use_nccl': True, 'devices_per_worker': 1, 'primary_resource': 'extra_gpu', 'gpu': False, 'verbose': False, 'lr_config': {'mode': 'log', 'steps': 5, 'initial_lr': 0.005, 'target_lr': 0.01}, 'batch_per_device': 128}",705.603607416153,0,42,3598.950648139564,4,53.33817386627197
0.01962774395942688,0.05082405805587768,0.0007394134998321533,0.00530735327272999,0.031615293025970465,nan,0.0,0.09627238512039185,0.7932799816131592,0.6105764856719971,-0.8057999610900879,nan,0.0,nan,0.0,nan,0.0,0.8213800191879272,0.5094063231539726,nan,0.0,0.8057999610900879,0.5786081307888031,nan,0.0,60000,4,False,,,56,-0.6105764856719971,b6dbe5767feb402e898bbe8411802984,2019-06-03_05-04-57,1559563497,16.53497838973999,1184.6155841350555,5784,steropes,169.229.49.254,"{'starting_lr': 0.005, 'momentum': 0.99, 'weight_decay': 0.0005, 'steps_per_iteration': None, 'pin': False, 'model_creator': None, 'target_batch_size': 128, 'model_string': 'resnet50', 'min_batch_size': 128, 'dataset': 'CIFAR', 'placement': None, 'use_nccl': True, 'devices_per_worker': 1, 'primary_resource': 'extra_gpu', 'gpu': False, 'verbose': False, 'lr_config': {'mode': 'log', 'steps': 5, 'initial_lr': 0.005, 'target_lr': 0.01}, 'batch_per_device': 128}",722.138585805893,0,43,3609.6402147495924,4,53.33817386627197
0.017805063724517824,0.05209653675556182,0.0007230043411254883,0.005492086313208755,0.03220345973968506,nan,0.0,0.09691026210784912,0.7946199774742126,0.6091621191978455,-0.7942999601364136,nan,0.0,nan,0.0,nan,0.0,0.8220199346542358,0.5140626923298836,nan,0.0,0.7942999601364136,0.6114626017808914,nan,0.0,60000,4,False,,,57,-0.6091621191978455,b6dbe5767feb402e898bbe8411802984,2019-06-03_05-05-13,1559563513,16.529766082763672,1201.1453502178192,5784,steropes,169.229.49.254,"{'starting_lr': 0.005, 'momentum': 0.99, 'weight_decay': 0.0005, 'steps_per_iteration': None, 'pin': False, 'model_creator': None, 'target_batch_size': 128, 'model_string': 'resnet50', 'min_batch_size': 128, 'dataset': 'CIFAR', 'placement': None, 'use_nccl': True, 'devices_per_worker': 1, 'primary_resource': 'extra_gpu', 'gpu': False, 'verbose': False, 'lr_config': {'mode': 'log', 'steps': 5, 'initial_lr': 0.005, 'target_lr': 0.01}, 'batch_per_device': 128}",738.6683518886566,0,44,3612.8242796260674,4,53.33817386627197
0.018660742044448852,0.05151930749416351,0.0007071316242218018,0.00569725219084292,0.028947830200195312,nan,0.0,0.09755910634994507,0.795959985256195,0.6038572204256057,-0.7955999970436096,nan,0.0,nan,0.0,nan,0.0,0.821340024471283,0.5146816639208793,nan,0.0,0.7955999970436096,0.6024591511249542,nan,0.0,60000,4,False,,,58,-0.6038572204256057,b6dbe5767feb402e898bbe8411802984,2019-06-03_05-05-30,1559563530,16.522122621536255,1217.6674728393555,5784,steropes,169.229.49.254,"{'starting_lr': 0.005, 'momentum': 0.99, 'weight_decay': 0.0005, 'steps_per_iteration': None, 'pin': False, 'model_creator': None, 'target_batch_size': 128, 'model_string': 'resnet50', 'min_batch_size': 128, 'dataset': 'CIFAR', 'placement': None, 'use_nccl': True, 'devices_per_worker': 1, 'primary_resource': 'extra_gpu', 'gpu': False, 'verbose': False, 'lr_config': {'mode': 'log', 'steps': 5, 'initial_lr': 0.005, 'target_lr': 0.01}, 'batch_per_device': 128}",755.1904745101929,0,45,3610.2832868775695,4,53.33817386627197
0.018269622325897218,0.04988508820533752,0.0006995022296905517,0.005566927851462851,0.030589884519577025,nan,0.0,0.10079020261764526,0.7971399903297425,0.6020372543239593,-0.7952000498771667,nan,0.0,nan,0.0,nan,0.0,0.8237199783325195,0.5106533126831054,nan,0.0,0.7952000498771667,0.6165081080198288,nan,0.0,60000,4,False,,,59,-0.6020372543239593,b6dbe5767feb402e898bbe8411802984,2019-06-03_05-05-46,1559563546,16.49507737159729,1234.1625502109528,5784,steropes,169.229.49.254,"{'starting_lr': 0.005, 'momentum': 0.99, 'weight_decay': 0.0005, 'steps_per_iteration': None, 'pin': False, 'model_creator': None, 'target_batch_size': 128, 'model_string': 'resnet50', 'min_batch_size': 128, 'dataset': 'CIFAR', 'placement': None, 'use_nccl': True, 'devices_per_worker': 1, 'primary_resource': 'extra_gpu', 'gpu': False, 'verbose': False, 'lr_config': {'mode': 'log', 'steps': 5, 'initial_lr': 0.005, 'target_lr': 0.01}, 'batch_per_device': 128}",771.6855518817902,0,46,3635.4858794261972,4,53.33817386627197
0.017488700151443482,0.05576327741146087,0.0007415473461151124,0.00592967624566993,0.028926360607147216,nan,0.0,0.09958680868148805,0.7962999820709229,0.6041362281751633,-0.7905999422073364,nan,0.0,nan,0.0,nan,0.0,0.82315993309021,0.5082492120027542,nan,0.0,0.7905999422073364,0.6116431491613388,nan,0.0,60000,4,False,,,60,-0.6041362281751633,b6dbe5767feb402e898bbe8411802984,2019-06-03_05-06-03,1559563563,16.761069536209106,1250.9236197471619,5784,steropes,169.229.49.254,"{'starting_lr': 0.005, 'momentum': 0.99, 'weight_decay': 0.0005, 'steps_per_iteration': None, 'pin': False, 'model_creator': None, 'target_batch_size': 128, 'model_string': 'resnet50', 'min_batch_size': 128, 'dataset': 'CIFAR', 'placement': None, 'use_nccl': True, 'devices_per_worker': 1, 'primary_resource': 'extra_gpu', 'gpu': False, 'verbose': False, 'lr_config': {'mode': 'log', 'steps': 5, 'initial_lr': 0.005, 'target_lr': 0.01}, 'batch_per_device': 128}",788.4466214179993,0,47,3621.27884663186,4,53.33817386627197
0.018355244398117067,0.051134511828422546,0.0007538020610809327,0.005538256192693906,0.02904864549636841,nan,0.0,0.09956434369087219,0.7952799797058105,0.6053639849114418,-0.8006999492645264,nan,0.0,nan,0.0,nan,0.0,0.8303999900817871,0.49305495192050935,nan,0.0,0.8006999492645264,0.5847469144701958,nan,0.0,60000,4,False,,,61,-0.6053639849114418,b6dbe5767feb402e898bbe8411802984,2019-06-03_05-06-20,1559563580,16.917927265167236,1267.841547012329,5784,steropes,169.229.49.254,"{'starting_lr': 0.005, 'momentum': 0.99, 'weight_decay': 0.0005, 'steps_per_iteration': None, 'pin': False, 'model_creator': None, 'target_batch_size': 128, 'model_string': 'resnet50', 'min_batch_size': 128, 'dataset': 'CIFAR', 'placement': None, 'use_nccl': True, 'devices_per_worker': 1, 'primary_resource': 'extra_gpu', 'gpu': False, 'verbose': False, 'lr_config': {'mode': 'log', 'steps': 5, 'initial_lr': 0.005, 'target_lr': 0.01}, 'batch_per_device': 128}",805.3645486831665,0,48,3604.616155926971,4,53.33817386627197
0.018202650547027587,0.05003548562526702,0.0007961511611938477,0.005282388049729017,0.029517257213592527,nan,0.0,0.09803582429885864,0.8033599734306336,0.5805189642691613,-0.8346999287605286,nan,0.0,nan,0.0,nan,0.0,0.8537600040435791,0.42103766977787016,nan,0.0,0.8346999287605286,0.48723749856948856,nan,0.0,60000,4,False,,,62,-0.5805189642691613,b6dbe5767feb402e898bbe8411802984,2019-06-03_05-06-37,1559563597,16.64728808403015,1284.4888350963593,5784,steropes,169.229.49.254,"{'starting_lr': 0.005, 'momentum': 0.99, 'weight_decay': 0.0005, 'steps_per_iteration': None, 'pin': False, 'model_creator': None, 'target_batch_size': 128, 'model_string': 'resnet50', 'min_batch_size': 128, 'dataset': 'CIFAR', 'placement': None, 'use_nccl': True, 'devices_per_worker': 1, 'primary_resource': 'extra_gpu', 'gpu': False, 'verbose': False, 'lr_config': {'mode': 'log', 'steps': 5, 'initial_lr': 0.005, 'target_lr': 0.01}, 'batch_per_device': 128}",822.0118367671967,0,49,3599.5314494646723,4,53.33817386627197
0.01924929618835449,0.050474002957344055,0.0007411599159240723,0.005349067400912849,0.030284446477890015,nan,0.0,0.09544614553451539,0.812619972229004,0.5546172446131706,-0.8418999910354614,nan,0.0,nan,0.0,nan,0.0,0.8736799359321594,0.36171907869338993,nan,0.0,0.8418999910354614,0.4729505528450012,nan,0.0,60000,4,False,,,63,-0.5546172446131706,b6dbe5767feb402e898bbe8411802984,2019-06-03_05-06-53,1559563613,16.378050804138184,1300.8668859004974,5784,steropes,169.229.49.254,"{'starting_lr': 0.005, 'momentum': 0.99, 'weight_decay': 0.0005, 'steps_per_iteration': None, 'pin': False, 'model_creator': None, 'target_batch_size': 128, 'model_string': 'resnet50', 'min_batch_size': 128, 'dataset': 'CIFAR', 'placement': None, 'use_nccl': True, 'devices_per_worker': 1, 'primary_resource': 'extra_gpu', 'gpu': False, 'verbose': False, 'lr_config': {'mode': 'log', 'steps': 5, 'initial_lr': 0.005, 'target_lr': 0.01}, 'batch_per_device': 128}",838.3898875713348,0,50,3605.773568450671,4,53.33817386627197
