{"apply": 0.01660165786743164, "batch_time": 0.04135053067267695, "d2h": 0.0006645917892456055, "data_time": 0.0018709992508754096, "fwd": 0.11718559265136719, "get_state_time_mean": NaN, "get_state_time_total": 0.0, "grad": 0.16511061191558837, "mean_accuracy": 0.25929999351501465, "mean_loss": 2.1174934028625487, "neg_mean_accuracy": -0.25929999351501465, "set_state_time_mean": NaN, "set_state_time_total": 0.0, "setup_model_time_mean": 8.504026412963867, "setup_model_time_total": 8.504026412963867, "setup_proc_time_mean": 0.41712117195129395, "setup_proc_time_total": 0.41712117195129395, "train_accuracy": 0.1852400004863739, "train_loss": 2.3459591667175292, "training_time_mean": NaN, "training_time_total": 0.0, "val_accuracy": 0.25929999351501465, "val_loss": 2.1174934028625487, "validation_time_mean": NaN, "validation_time_total": 0.0, "samples": 60000, "num_workers": 1, "done": false, "timesteps_total": null, "episodes_total": null, "training_iteration": 1, "neg_mean_loss": -2.1174934028625487, "experiment_id": "97fbf69d43e640f79f55d23b1a1f4c5f", "date": "2019-06-03_04-20-08", "timestamp": 1559560808, "time_this_iter_s": 45.811954498291016, "time_total_s": 45.811954498291016, "pid": 28603, "hostname": "steropes", "node_ip": "169.229.49.254", "config": {"starting_lr": 0.0005, "momentum": 0.95, "weight_decay": 0.005, "steps_per_iteration": null, "pin": false, "model_creator": null, "target_batch_size": 128, "model_string": "resnet50", "min_batch_size": 128, "dataset": "CIFAR", "placement": null, "use_nccl": true, "devices_per_worker": 1, "primary_resource": "extra_gpu", "gpu": false, "verbose": false, "lr_config": {"mode": "log", "steps": 5, "initial_lr": 0.0005, "target_lr": 0.0005}, "batch_per_device": 128}, "time_since_restore": 45.811954498291016, "timesteps_since_restore": 0, "iterations_since_restore": 1, "mean_throughput": 1309.6976036654553, "atoms": 1, "setup_time": 9.046999454498291}
{"apply": 0.017187952995300293, "batch_time": 0.03205861019182809, "d2h": 0.0006616592407226562, "data_time": 0.0017841697653846057, "fwd": 0.0281217098236084, "get_state_time_mean": NaN, "get_state_time_total": 0.0, "grad": 0.04791719913482666, "mean_accuracy": 0.3028999865055084, "mean_loss": 1.959535506057739, "neg_mean_accuracy": -0.3464999794960022, "set_state_time_mean": NaN, "set_state_time_total": 0.0, "setup_model_time_mean": NaN, "setup_model_time_total": 0.0, "setup_proc_time_mean": NaN, "setup_proc_time_total": 0.0, "train_accuracy": 0.28718000650405884, "train_loss": 1.9609540127563476, "training_time_mean": NaN, "training_time_total": 0.0, "val_accuracy": 0.3464999794960022, "val_loss": 1.8015776092529296, "validation_time_mean": NaN, "validation_time_total": 0.0, "samples": 60000, "num_workers": 1, "done": false, "timesteps_total": null, "episodes_total": null, "training_iteration": 2, "neg_mean_loss": -1.959535506057739, "experiment_id": "97fbf69d43e640f79f55d23b1a1f4c5f", "date": "2019-06-03_04-20-48", "timestamp": 1559560848, "time_this_iter_s": 40.25887966156006, "time_total_s": 86.07083415985107, "pid": 28603, "hostname": "steropes", "node_ip": "169.229.49.254", "config": {"starting_lr": 0.0005, "momentum": 0.95, "weight_decay": 0.005, "steps_per_iteration": null, "pin": false, "model_creator": null, "target_batch_size": 128, "model_string": "resnet50", "min_batch_size": 128, "dataset": "CIFAR", "placement": null, "use_nccl": true, "devices_per_worker": 1, "primary_resource": "extra_gpu", "gpu": false, "verbose": false, "lr_config": {"mode": "log", "steps": 5, "initial_lr": 0.0005, "target_lr": 0.0005}, "batch_per_device": 128}, "time_since_restore": 86.07083415985107, "timesteps_since_restore": 0, "iterations_since_restore": 2, "mean_throughput": 1394.1969544721817, "atoms": 1, "setup_time": 9.046999454498291}
{"apply": 0.01682448387145996, "batch_time": 0.03240154664727706, "d2h": 0.0006664037704467773, "data_time": 0.0017672981447575953, "fwd": 0.02820398807525635, "get_state_time_mean": NaN, "get_state_time_total": 0.0, "grad": 0.047575640678405764, "mean_accuracy": 0.3323333164056142, "mean_loss": 1.8622951440811155, "neg_mean_accuracy": -0.3911999762058258, "set_state_time_mean": NaN, "set_state_time_total": 0.0, "setup_model_time_mean": NaN, "setup_model_time_total": 0.0, "setup_proc_time_mean": NaN, "setup_proc_time_total": 0.0, "train_accuracy": 0.33815997838974, "train_loss": 1.8204925540924073, "training_time_mean": NaN, "training_time_total": 0.0, "val_accuracy": 0.3911999762058258, "val_loss": 1.6678144201278686, "validation_time_mean": NaN, "validation_time_total": 0.0, "samples": 60000, "num_workers": 1, "done": false, "timesteps_total": null, "episodes_total": null, "training_iteration": 3, "neg_mean_loss": -1.8622951440811155, "experiment_id": "97fbf69d43e640f79f55d23b1a1f4c5f", "date": "2019-06-03_04-21-28", "timestamp": 1559560888, "time_this_iter_s": 40.27151966094971, "time_total_s": 126.34235382080078, "pid": 28603, "hostname": "steropes", "node_ip": "169.229.49.254", "config": {"starting_lr": 0.0005, "momentum": 0.95, "weight_decay": 0.005, "steps_per_iteration": null, "pin": false, "model_creator": null, "target_batch_size": 128, "model_string": "resnet50", "min_batch_size": 128, "dataset": "CIFAR", "placement": null, "use_nccl": true, "devices_per_worker": 1, "primary_resource": "extra_gpu", "gpu": false, "verbose": false, "lr_config": {"mode": "log", "steps": 5, "initial_lr": 0.0005, "target_lr": 0.0005}, "batch_per_device": 128}, "time_since_restore": 126.34235382080078, "timesteps_since_restore": 0, "iterations_since_restore": 3, "mean_throughput": 1424.6970905286523, "atoms": 1, "setup_time": 9.046999454498291}
{"apply": 0.01678135395050049, "batch_time": 0.031535076189644726, "d2h": 0.0006565570831298829, "data_time": 0.0018125086489235958, "fwd": 0.027855801582336425, "get_state_time_mean": NaN, "get_state_time_total": 0.0, "grad": 0.04714634418487549, "mean_accuracy": 0.3525249883532524, "mean_loss": 1.7978825809001922, "neg_mean_accuracy": -0.413100004196167, "set_state_time_mean": NaN, "set_state_time_total": 0.0, "setup_model_time_mean": NaN, "setup_model_time_total": 0.0, "setup_proc_time_mean": NaN, "setup_proc_time_total": 0.0, "train_accuracy": 0.3745400011539459, "train_loss": 1.7078823079299927, "training_time_mean": NaN, "training_time_total": 0.0, "val_accuracy": 0.413100004196167, "val_loss": 1.6046448913574218, "validation_time_mean": NaN, "validation_time_total": 0.0, "samples": 60000, "num_workers": 1, "done": false, "timesteps_total": null, "episodes_total": null, "training_iteration": 4, "neg_mean_loss": -1.7978825809001922, "experiment_id": "97fbf69d43e640f79f55d23b1a1f4c5f", "date": "2019-06-03_04-22-08", "timestamp": 1559560928, "time_this_iter_s": 40.26589035987854, "time_total_s": 166.60824418067932, "pid": 28603, "hostname": "steropes", "node_ip": "169.229.49.254", "config": {"starting_lr": 0.0005, "momentum": 0.95, "weight_decay": 0.005, "steps_per_iteration": null, "pin": false, "model_creator": null, "target_batch_size": 128, "model_string": "resnet50", "min_batch_size": 128, "dataset": "CIFAR", "placement": null, "use_nccl": true, "devices_per_worker": 1, "primary_resource": "extra_gpu", "gpu": false, "verbose": false, "lr_config": {"mode": "log", "steps": 5, "initial_lr": 0.0005, "target_lr": 0.0005}, "batch_per_device": 128}, "time_since_restore": 166.60824418067932, "timesteps_since_restore": 0, "iterations_since_restore": 4, "mean_throughput": 1440.501733594084, "atoms": 1, "setup_time": 9.046999454498291}
{"apply": 0.016739201545715333, "batch_time": 0.03168875356263752, "d2h": 0.0006732702255249024, "data_time": 0.0017637974770782548, "fwd": 0.02837200164794922, "get_state_time_mean": NaN, "get_state_time_total": 0.0, "grad": 0.047945046424865724, "mean_accuracy": 0.37291998863220216, "mean_loss": 1.7412413467025758, "neg_mean_accuracy": -0.4544999897480011, "set_state_time_mean": NaN, "set_state_time_total": 0.0, "setup_model_time_mean": NaN, "setup_model_time_total": 0.0, "setup_proc_time_mean": NaN, "setup_proc_time_total": 0.0, "train_accuracy": 0.403579980134964, "train_loss": 1.6348061219024659, "training_time_mean": NaN, "training_time_total": 0.0, "val_accuracy": 0.4544999897480011, "val_loss": 1.5146764099121093, "validation_time_mean": NaN, "validation_time_total": 0.0, "samples": 60000, "num_workers": 1, "done": false, "timesteps_total": null, "episodes_total": null, "training_iteration": 5, "neg_mean_loss": -1.7412413467025758, "experiment_id": "97fbf69d43e640f79f55d23b1a1f4c5f", "date": "2019-06-03_04-22-49", "timestamp": 1559560969, "time_this_iter_s": 40.06793737411499, "time_total_s": 206.6761815547943, "pid": 28603, "hostname": "steropes", "node_ip": "169.229.49.254", "config": {"starting_lr": 0.0005, "momentum": 0.95, "weight_decay": 0.005, "steps_per_iteration": null, "pin": false, "model_creator": null, "target_batch_size": 128, "model_string": "resnet50", "min_batch_size": 128, "dataset": "CIFAR", "placement": null, "use_nccl": true, "devices_per_worker": 1, "primary_resource": "extra_gpu", "gpu": false, "verbose": false, "lr_config": {"mode": "log", "steps": 5, "initial_lr": 0.0005, "target_lr": 0.0005}, "batch_per_device": 128}, "time_since_restore": 206.6761815547943, "timesteps_since_restore": 0, "iterations_since_restore": 5, "mean_throughput": 1451.5428660615669, "atoms": 1, "setup_time": 9.046999454498291}
{"apply": 0.016837525367736816, "batch_time": 0.03173578238185448, "d2h": 0.0006809473037719726, "data_time": 0.0017610236506937714, "fwd": 0.028232836723327638, "get_state_time_mean": NaN, "get_state_time_total": 0.0, "grad": 0.04981749057769776, "mean_accuracy": 0.412039989233017, "mean_loss": 1.6139822705078124, "neg_mean_accuracy": -0.45489999651908875, "set_state_time_mean": NaN, "set_state_time_total": 0.0, "setup_model_time_mean": NaN, "setup_model_time_total": 0.0, "setup_proc_time_mean": NaN, "setup_proc_time_total": 0.0, "train_accuracy": 0.4204399883747101, "train_loss": 1.5819919609832764, "training_time_mean": NaN, "training_time_total": 0.0, "val_accuracy": 0.45489999651908875, "val_loss": 1.4811980218887328, "validation_time_mean": NaN, "validation_time_total": 0.0, "samples": 60000, "num_workers": 1, "done": false, "timesteps_total": null, "episodes_total": null, "training_iteration": 6, "neg_mean_loss": -1.6139822705078124, "experiment_id": "97fbf69d43e640f79f55d23b1a1f4c5f", "date": "2019-06-03_04-23-29", "timestamp": 1559561009, "time_this_iter_s": 40.13880920410156, "time_total_s": 246.81499075889587, "pid": 28603, "hostname": "steropes", "node_ip": "169.229.49.254", "config": {"starting_lr": 0.0005, "momentum": 0.95, "weight_decay": 0.005, "steps_per_iteration": null, "pin": false, "model_creator": null, "target_batch_size": 128, "model_string": "resnet50", "min_batch_size": 128, "dataset": "CIFAR", "placement": null, "use_nccl": true, "devices_per_worker": 1, "primary_resource": "extra_gpu", "gpu": false, "verbose": false, "lr_config": {"mode": "log", "steps": 5, "initial_lr": 0.0005, "target_lr": 0.0005}, "batch_per_device": 128}, "time_since_restore": 246.81499075889587, "timesteps_since_restore": 0, "iterations_since_restore": 6, "mean_throughput": 1492.511880426651, "atoms": 1, "setup_time": 9.046999454498291}
{"apply": 0.016853904724121092, "batch_time": 0.03175730946697766, "d2h": 0.0006735801696777343, "data_time": 0.001780230066050654, "fwd": 0.028622245788574217, "get_state_time_mean": NaN, "get_state_time_total": 0.0, "grad": 0.04746510982513428, "mean_accuracy": 0.4368799924850464, "mean_loss": 1.5441168307876585, "neg_mean_accuracy": -0.4706999957561493, "set_state_time_mean": NaN, "set_state_time_total": 0.0, "setup_model_time_mean": NaN, "setup_model_time_total": 0.0, "setup_proc_time_mean": NaN, "setup_proc_time_total": 0.0, "train_accuracy": 0.44241997599601746, "train_loss": 1.533065834274292, "training_time_mean": NaN, "training_time_total": 0.0, "val_accuracy": 0.4706999957561493, "val_loss": 1.4522504106521605, "validation_time_mean": NaN, "validation_time_total": 0.0, "samples": 60000, "num_workers": 1, "done": false, "timesteps_total": null, "episodes_total": null, "training_iteration": 7, "neg_mean_loss": -1.5441168307876585, "experiment_id": "97fbf69d43e640f79f55d23b1a1f4c5f", "date": "2019-06-03_04-24-09", "timestamp": 1559561049, "time_this_iter_s": 40.13986873626709, "time_total_s": 286.95485949516296, "pid": 28603, "hostname": "steropes", "node_ip": "169.229.49.254", "config": {"starting_lr": 0.0005, "momentum": 0.95, "weight_decay": 0.005, "steps_per_iteration": null, "pin": false, "model_creator": null, "target_batch_size": 128, "model_string": "resnet50", "min_batch_size": 128, "dataset": "CIFAR", "placement": null, "use_nccl": true, "devices_per_worker": 1, "primary_resource": "extra_gpu", "gpu": false, "verbose": false, "lr_config": {"mode": "log", "steps": 5, "initial_lr": 0.0005, "target_lr": 0.0005}, "batch_per_device": 128}, "time_since_restore": 286.95485949516296, "timesteps_since_restore": 0, "iterations_since_restore": 7, "mean_throughput": 1493.3960308802184, "atoms": 1, "setup_time": 9.046999454498291}
{"apply": 0.01670849323272705, "batch_time": 0.031668518162980865, "d2h": 0.0006829738616943359, "data_time": 0.001737353746848338, "fwd": 0.028133058547973634, "get_state_time_mean": NaN, "get_state_time_total": 0.0, "grad": 0.04791967868804932, "mean_accuracy": 0.4564599931240082, "mean_loss": 1.4909828176116942, "neg_mean_accuracy": -0.48909997940063477, "set_state_time_mean": NaN, "set_state_time_total": 0.0, "setup_model_time_mean": NaN, "setup_model_time_total": 0.0, "setup_proc_time_mean": NaN, "setup_proc_time_total": 0.0, "train_accuracy": 0.45951998233795166, "train_loss": 1.48356697555542, "training_time_mean": NaN, "training_time_total": 0.0, "val_accuracy": 0.48909997940063477, "val_loss": 1.402144354248047, "validation_time_mean": NaN, "validation_time_total": 0.0, "samples": 60000, "num_workers": 1, "done": false, "timesteps_total": null, "episodes_total": null, "training_iteration": 8, "neg_mean_loss": -1.4909828176116942, "experiment_id": "97fbf69d43e640f79f55d23b1a1f4c5f", "date": "2019-06-03_04-24-49", "timestamp": 1559561089, "time_this_iter_s": 40.003193855285645, "time_total_s": 326.9580533504486, "pid": 28603, "hostname": "steropes", "node_ip": "169.229.49.254", "config": {"starting_lr": 0.0005, "momentum": 0.95, "weight_decay": 0.005, "steps_per_iteration": null, "pin": false, "model_creator": null, "target_batch_size": 128, "model_string": "resnet50", "min_batch_size": 128, "dataset": "CIFAR", "placement": null, "use_nccl": true, "devices_per_worker": 1, "primary_resource": "extra_gpu", "gpu": false, "verbose": false, "lr_config": {"mode": "log", "steps": 5, "initial_lr": 0.0005, "target_lr": 0.0005}, "batch_per_device": 128}, "time_since_restore": 326.9580533504486, "timesteps_since_restore": 0, "iterations_since_restore": 8, "mean_throughput": 1495.393436409069, "atoms": 1, "setup_time": 9.046999454498291}
{"apply": 0.016616630554199218, "batch_time": 0.03137696242030663, "d2h": 0.0006684541702270507, "data_time": 0.0018708248577459388, "fwd": 0.027832841873168944, "get_state_time_mean": NaN, "get_state_time_total": 0.0, "grad": 0.04766569137573242, "mean_accuracy": 0.47297999262809753, "mean_loss": 1.446895902633667, "neg_mean_accuracy": -0.49570000171661377, "set_state_time_mean": NaN, "set_state_time_total": 0.0, "setup_model_time_mean": NaN, "setup_model_time_total": 0.0, "setup_proc_time_mean": NaN, "setup_proc_time_total": 0.0, "train_accuracy": 0.47279998660087585, "train_loss": 1.4500678923797607, "training_time_mean": NaN, "training_time_total": 0.0, "val_accuracy": 0.49570000171661377, "val_loss": 1.3842103164672852, "validation_time_mean": NaN, "validation_time_total": 0.0, "samples": 60000, "num_workers": 1, "done": false, "timesteps_total": null, "episodes_total": null, "training_iteration": 9, "neg_mean_loss": -1.446895902633667, "experiment_id": "97fbf69d43e640f79f55d23b1a1f4c5f", "date": "2019-06-03_04-25-29", "timestamp": 1559561129, "time_this_iter_s": 40.094969749450684, "time_total_s": 367.0530230998993, "pid": 28603, "hostname": "steropes", "node_ip": "169.229.49.254", "config": {"starting_lr": 0.0005, "momentum": 0.95, "weight_decay": 0.005, "steps_per_iteration": null, "pin": false, "model_creator": null, "target_batch_size": 128, "model_string": "resnet50", "min_batch_size": 128, "dataset": "CIFAR", "placement": null, "use_nccl": true, "devices_per_worker": 1, "primary_resource": "extra_gpu", "gpu": false, "verbose": false, "lr_config": {"mode": "log", "steps": 5, "initial_lr": 0.0005, "target_lr": 0.0005}, "batch_per_device": 128}, "time_since_restore": 367.0530230998993, "timesteps_since_restore": 0, "iterations_since_restore": 9, "mean_throughput": 1496.6686139591882, "atoms": 1, "setup_time": 9.046999454498291}
{"apply": 0.01662590503692627, "batch_time": 0.031435036961036396, "d2h": 0.0007681846618652344, "data_time": 0.0017784782077955163, "fwd": 0.027863526344299318, "get_state_time_mean": NaN, "get_state_time_total": 0.0, "grad": 0.04705679416656494, "mean_accuracy": 0.48371999263763427, "mean_loss": 1.4136741368103027, "neg_mean_accuracy": -0.5081999897956848, "set_state_time_mean": NaN, "set_state_time_total": 0.0, "setup_model_time_mean": NaN, "setup_model_time_total": 0.0, "setup_proc_time_mean": NaN, "setup_proc_time_total": 0.0, "train_accuracy": 0.4861599802970886, "train_loss": 1.4129037770843507, "training_time_mean": NaN, "training_time_total": 0.0, "val_accuracy": 0.5081999897956848, "val_loss": 1.3485675807952882, "validation_time_mean": NaN, "validation_time_total": 0.0, "samples": 60000, "num_workers": 1, "done": false, "timesteps_total": null, "episodes_total": null, "training_iteration": 10, "neg_mean_loss": -1.4136741368103027, "experiment_id": "97fbf69d43e640f79f55d23b1a1f4c5f", "date": "2019-06-03_04-26-09", "timestamp": 1559561169, "time_this_iter_s": 40.038867473602295, "time_total_s": 407.0918905735016, "pid": 28603, "hostname": "steropes", "node_ip": "169.229.49.254", "config": {"starting_lr": 0.0005, "momentum": 0.95, "weight_decay": 0.005, "steps_per_iteration": null, "pin": false, "model_creator": null, "target_batch_size": 128, "model_string": "resnet50", "min_batch_size": 128, "dataset": "CIFAR", "placement": null, "use_nccl": true, "devices_per_worker": 1, "primary_resource": "extra_gpu", "gpu": false, "verbose": false, "lr_config": {"mode": "log", "steps": 5, "initial_lr": 0.0005, "target_lr": 0.0005}, "batch_per_device": 128}, "time_since_restore": 407.0918905735016, "timesteps_since_restore": 0, "iterations_since_restore": 10, "mean_throughput": 1496.8854138645347, "atoms": 1, "setup_time": 9.046999454498291}
{"apply": 0.016791439056396483, "batch_time": 0.03161838990223559, "d2h": 0.0006845951080322266, "data_time": 0.001773988499360926, "fwd": 0.02769184112548828, "get_state_time_mean": NaN, "get_state_time_total": 0.0, "grad": 0.04763665199279785, "mean_accuracy": 0.4975399911403656, "mean_loss": 1.379733338508606, "neg_mean_accuracy": -0.5239999890327454, "set_state_time_mean": NaN, "set_state_time_total": 0.0, "setup_model_time_mean": NaN, "setup_model_time_total": 0.0, "setup_proc_time_mean": NaN, "setup_proc_time_total": 0.0, "train_accuracy": 0.4994399845600128, "train_loss": 1.3765367768096923, "training_time_mean": NaN, "training_time_total": 0.0, "val_accuracy": 0.5239999890327454, "val_loss": 1.311494030380249, "validation_time_mean": NaN, "validation_time_total": 0.0, "samples": 60000, "num_workers": 1, "done": false, "timesteps_total": null, "episodes_total": null, "training_iteration": 11, "neg_mean_loss": -1.379733338508606, "experiment_id": "97fbf69d43e640f79f55d23b1a1f4c5f", "date": "2019-06-03_04-26-49", "timestamp": 1559561209, "time_this_iter_s": 40.158282995224, "time_total_s": 447.2501735687256, "pid": 28603, "hostname": "steropes", "node_ip": "169.229.49.254", "config": {"starting_lr": 0.0005, "momentum": 0.95, "weight_decay": 0.005, "steps_per_iteration": null, "pin": false, "model_creator": null, "target_batch_size": 128, "model_string": "resnet50", "min_batch_size": 128, "dataset": "CIFAR", "placement": null, "use_nccl": true, "devices_per_worker": 1, "primary_resource": "extra_gpu", "gpu": false, "verbose": false, "lr_config": {"mode": "log", "steps": 5, "initial_lr": 0.0005, "target_lr": 0.0005}, "batch_per_device": 128}, "time_since_restore": 447.2501735687256, "timesteps_since_restore": 0, "iterations_since_restore": 11, "mean_throughput": 1496.7400409934783, "atoms": 1, "setup_time": 9.046999454498291}
{"apply": 0.01681351661682129, "batch_time": 0.031670860097378115, "d2h": 0.0006614923477172852, "data_time": 0.0018173343385272014, "fwd": 0.028582334518432617, "get_state_time_mean": NaN, "get_state_time_total": 0.0, "grad": 0.04793517589569092, "mean_accuracy": 0.5108199834823608, "mean_loss": 1.3462917332458497, "neg_mean_accuracy": -0.5370999574661255, "set_state_time_mean": NaN, "set_state_time_total": 0.0, "setup_model_time_mean": NaN, "setup_model_time_total": 0.0, "setup_proc_time_mean": NaN, "setup_proc_time_total": 0.0, "train_accuracy": 0.5140599608421326, "train_loss": 1.342741769218445, "training_time_mean": NaN, "training_time_total": 0.0, "val_accuracy": 0.5370999574661255, "val_loss": 1.285042384338379, "validation_time_mean": NaN, "validation_time_total": 0.0, "samples": 60000, "num_workers": 1, "done": true, "timesteps_total": null, "episodes_total": null, "training_iteration": 12, "neg_mean_loss": -1.3462917332458497, "experiment_id": "97fbf69d43e640f79f55d23b1a1f4c5f", "date": "2019-06-03_04-27-29", "timestamp": 1559561249, "time_this_iter_s": 40.29972839355469, "time_total_s": 487.5499019622803, "pid": 28603, "hostname": "steropes", "node_ip": "169.229.49.254", "config": {"starting_lr": 0.0005, "momentum": 0.95, "weight_decay": 0.005, "steps_per_iteration": null, "pin": false, "model_creator": null, "target_batch_size": 128, "model_string": "resnet50", "min_batch_size": 128, "dataset": "CIFAR", "placement": null, "use_nccl": true, "devices_per_worker": 1, "primary_resource": "extra_gpu", "gpu": false, "verbose": false, "lr_config": {"mode": "log", "steps": 5, "initial_lr": 0.0005, "target_lr": 0.0005}, "batch_per_device": 128}, "time_since_restore": 487.5499019622803, "timesteps_since_restore": 0, "iterations_since_restore": 12, "mean_throughput": 1495.5472594711832, "atoms": 1, "setup_time": 9.046999454498291}
