{"apply": 0.01835331916809082, "batch_time": 0.042943372002130824, "d2h": 0.000682830810546875, "data_time": 0.0018778542423492197, "fwd": 0.12004516124725342, "get_state_time_mean": NaN, "get_state_time_total": 0.0, "grad": 0.16546952724456787, "mean_accuracy": 0.09999999403953552, "mean_loss": 2.811563169673279e+26, "neg_mean_accuracy": -0.09999999403953552, "set_state_time_mean": NaN, "set_state_time_total": 0.0, "setup_model_time_mean": 8.267388105392456, "setup_model_time_total": 8.267388105392456, "setup_proc_time_mean": 0.46103572845458984, "setup_proc_time_total": 0.46103572845458984, "train_accuracy": 0.10189999639987946, "train_loss": 2180512904.2279835, "training_time_mean": NaN, "training_time_total": 0.0, "val_accuracy": 0.09999999403953552, "val_loss": 2.811563169673279e+26, "validation_time_mean": NaN, "validation_time_total": 0.0, "samples": 60000, "num_workers": 1, "done": false, "timesteps_total": null, "episodes_total": null, "training_iteration": 1, "neg_mean_loss": -2.811563169673279e+26, "experiment_id": "d67331b5f3ec4c169866b1d853c611ec", "date": "2019-06-06_07-12-03", "timestamp": 1559830323, "time_this_iter_s": 46.58647561073303, "time_total_s": 46.58647561073303, "pid": 9286, "hostname": "steropes", "node_ip": "169.229.49.254", "config": {"starting_lr": 1.0, "momentum": 0.99, "weight_decay": 0.0005, "steps_per_iteration": null, "pin": false, "model_creator": null, "target_batch_size": 128, "model_string": "resnet50", "min_batch_size": 128, "dataset": "CIFAR", "placement": null, "use_nccl": true, "devices_per_worker": 1, "primary_resource": "extra_gpu", "gpu": false, "verbose": false, "lr_config": {"mode": "log", "steps": 5, "initial_lr": 1.0, "target_lr": 1.0}, "batch_per_device": 128}, "time_since_restore": 46.58647561073303, "timesteps_since_restore": 0, "iterations_since_restore": 1, "mean_throughput": 1287.9239012307662, "atoms": 1, "setup_time": 10.4363694190979}
{"apply": 0.017363500595092774, "batch_time": 0.03487614136707934, "d2h": 0.0007407188415527344, "data_time": 0.0018493909665080897, "fwd": 0.02789196968078613, "get_state_time_mean": NaN, "get_state_time_total": 0.0, "grad": 0.048457217216491696, "mean_accuracy": 0.04999999701976776, "mean_loss": NaN, "neg_mean_accuracy": -0.0, "set_state_time_mean": NaN, "set_state_time_total": 0.0, "setup_model_time_mean": NaN, "setup_model_time_total": 0.0, "setup_proc_time_mean": NaN, "setup_proc_time_total": 0.0, "train_accuracy": 0.08748000115156174, "train_loss": NaN, "training_time_mean": NaN, "training_time_total": 0.0, "val_accuracy": 0.0, "val_loss": NaN, "validation_time_mean": NaN, "validation_time_total": 0.0, "samples": 60000, "num_workers": 1, "done": true, "timesteps_total": null, "episodes_total": null, "training_iteration": 2, "neg_mean_loss": NaN, "experiment_id": "d67331b5f3ec4c169866b1d853c611ec", "date": "2019-06-06_07-12-44", "timestamp": 1559830364, "time_this_iter_s": 41.64976716041565, "time_total_s": 88.23624277114868, "pid": 9286, "hostname": "steropes", "node_ip": "169.229.49.254", "config": {"starting_lr": 1.0, "momentum": 0.99, "weight_decay": 0.0005, "steps_per_iteration": null, "pin": false, "model_creator": null, "target_batch_size": 128, "model_string": "resnet50", "min_batch_size": 128, "dataset": "CIFAR", "placement": null, "use_nccl": true, "devices_per_worker": 1, "primary_resource": "extra_gpu", "gpu": false, "verbose": false, "lr_config": {"mode": "log", "steps": 5, "initial_lr": 1.0, "target_lr": 1.0}, "batch_per_device": 128}, "time_since_restore": 88.23624277114868, "timesteps_since_restore": 0, "iterations_since_restore": 2, "mean_throughput": 1359.982236343982, "atoms": 1, "setup_time": 10.4363694190979}
