{"apply": 0.007486677169799805, "batch_time": 0.19121825695037842, "d2h": 0.00594179630279541, "data_time": 0.048373597008841376, "fwd": 0.09578683376312255, "get_state_time_mean": NaN, "get_state_time_total": 0.0, "grad": 0.1872457504272461, "mean_accuracy": 0.09669999778270721, "mean_loss": 2.316630419921875, "neg_mean_accuracy": -0.09669999778270721, "set_state_time_mean": NaN, "set_state_time_total": 0.0, "setup_model_time_mean": 9.500241994857788, "setup_model_time_total": 9.500241994857788, "setup_proc_time_mean": 0.20901799201965332, "setup_proc_time_total": 0.20901799201965332, "train_accuracy": 0.10384000092744827, "train_loss": 5.040624044799805, "training_time_mean": NaN, "training_time_total": 0.0, "validation_time_mean": NaN, "validation_time_total": 0.0, "samples": 60000, "num_workers": 1, "done": false, "timesteps_total": null, "episodes_total": null, "training_iteration": 1, "neg_mean_loss": -2.316630419921875, "experiment_id": "1c8bd3e9bbb341b2a7dce49ae275149c", "date": "2019-05-30_14-41-42", "timestamp": 1559252502, "time_this_iter_s": 13.114766836166382, "time_total_s": 13.114766836166382, "pid": 27880, "hostname": "steropes", "node_ip": "169.229.49.254", "config": {"starting_lr": 0.5, "momentum": 0.9, "weight_decay": 0.0005, "steps_per_iteration": null, "pin": false, "model_creator": null, "target_batch_size": 1024, "model_string": "resnet18", "min_batch_size": 512, "dataset": "CIFAR", "placement": null, "use_nccl": true, "devices_per_worker": 1, "primary_resource": "extra_gpu", "gpu": false, "verbose": false, "lr_config": {"mode": "log", "steps": 5, "initial_lr": 0.5, "target_lr": 0.5}, "batch_per_device": 1024}, "time_since_restore": 13.114766836166382, "timesteps_since_restore": 0, "iterations_since_restore": 1, "mean_throughput": 4574.96378552523, "atoms": 1, "resource_time": 13.114766836166382}
{"apply": 0.008141183853149414, "batch_time": 0.12390334606170654, "d2h": 0.004514837265014648, "data_time": 0.038659343914109835, "fwd": 0.02489771842956543, "get_state_time_mean": NaN, "get_state_time_total": 0.0, "grad": 0.0460524320602417, "mean_accuracy": 0.16089999675750732, "mean_loss": 2.115221295928955, "neg_mean_accuracy": -0.16089999675750732, "set_state_time_mean": NaN, "set_state_time_total": 0.0, "setup_model_time_mean": NaN, "setup_model_time_total": 0.0, "setup_proc_time_mean": NaN, "setup_proc_time_total": 0.0, "train_accuracy": 0.1303199976682663, "train_loss": 2.2604057050323485, "training_time_mean": NaN, "training_time_total": 0.0, "validation_time_mean": NaN, "validation_time_total": 0.0, "samples": 60000, "num_workers": 1, "done": false, "timesteps_total": null, "episodes_total": null, "training_iteration": 2, "neg_mean_loss": -2.115221295928955, "experiment_id": "1c8bd3e9bbb341b2a7dce49ae275149c", "date": "2019-05-30_14-41-50", "timestamp": 1559252510, "time_this_iter_s": 8.33727240562439, "time_total_s": 21.45203924179077, "pid": 27880, "hostname": "steropes", "node_ip": "169.229.49.254", "config": {"starting_lr": 0.5, "momentum": 0.9, "weight_decay": 0.0005, "steps_per_iteration": null, "pin": false, "model_creator": null, "target_batch_size": 1024, "model_string": "resnet18", "min_batch_size": 512, "dataset": "CIFAR", "placement": null, "use_nccl": true, "devices_per_worker": 1, "primary_resource": "extra_gpu", "gpu": false, "verbose": false, "lr_config": {"mode": "log", "steps": 5, "initial_lr": 0.5, "target_lr": 0.5}, "batch_per_device": 1024}, "time_since_restore": 21.45203924179077, "timesteps_since_restore": 0, "iterations_since_restore": 2, "mean_throughput": 5593.82995751618, "atoms": 1, "resource_time": 21.45203924179077}
{"apply": 0.006943106651306152, "batch_time": 0.12772884368896484, "d2h": 0.0060341119766235355, "data_time": 0.03846115968665298, "fwd": 0.038643288612365725, "get_state_time_mean": NaN, "get_state_time_total": 0.0, "grad": 0.058615803718566895, "mean_accuracy": 0.1818999946117401, "mean_loss": 2.0702414920806884, "neg_mean_accuracy": -0.1818999946117401, "set_state_time_mean": NaN, "set_state_time_total": 0.0, "setup_model_time_mean": NaN, "setup_model_time_total": 0.0, "setup_proc_time_mean": NaN, "setup_proc_time_total": 0.0, "train_accuracy": 0.18851999938488007, "train_loss": 2.0411263056564333, "training_time_mean": NaN, "training_time_total": 0.0, "validation_time_mean": NaN, "validation_time_total": 0.0, "samples": 60000, "num_workers": 1, "done": false, "timesteps_total": null, "episodes_total": null, "training_iteration": 3, "neg_mean_loss": -2.0702414920806884, "experiment_id": "1c8bd3e9bbb341b2a7dce49ae275149c", "date": "2019-05-30_14-41-58", "timestamp": 1559252518, "time_this_iter_s": 8.387528419494629, "time_total_s": 29.8395676612854, "pid": 27880, "hostname": "steropes", "node_ip": "169.229.49.254", "config": {"starting_lr": 0.5, "momentum": 0.9, "weight_decay": 0.0005, "steps_per_iteration": null, "pin": false, "model_creator": null, "target_batch_size": 1024, "model_string": "resnet18", "min_batch_size": 512, "dataset": "CIFAR", "placement": null, "use_nccl": true, "devices_per_worker": 1, "primary_resource": "extra_gpu", "gpu": false, "verbose": false, "lr_config": {"mode": "log", "steps": 5, "initial_lr": 0.5, "target_lr": 0.5}, "batch_per_device": 1024}, "time_since_restore": 29.8395676612854, "timesteps_since_restore": 0, "iterations_since_restore": 3, "mean_throughput": 6032.208373228473, "atoms": 1, "resource_time": 29.8395676612854}
{"apply": 0.008087062835693359, "batch_time": 0.12823565006256105, "d2h": 0.004611968994140625, "data_time": 0.03465156165920958, "fwd": 0.04159026145935059, "get_state_time_mean": NaN, "get_state_time_total": 0.0, "grad": 0.06143441200256348, "mean_accuracy": 0.24329999089241028, "mean_loss": 1.9094508819580078, "neg_mean_accuracy": -0.24329999089241028, "set_state_time_mean": NaN, "set_state_time_total": 0.0, "setup_model_time_mean": NaN, "setup_model_time_total": 0.0, "setup_proc_time_mean": NaN, "setup_proc_time_total": 0.0, "train_accuracy": 0.22630000114440918, "train_loss": 1.928811509590149, "training_time_mean": NaN, "training_time_total": 0.0, "validation_time_mean": NaN, "validation_time_total": 0.0, "samples": 60000, "num_workers": 1, "done": false, "timesteps_total": null, "episodes_total": null, "training_iteration": 4, "neg_mean_loss": -1.9094508819580078, "experiment_id": "1c8bd3e9bbb341b2a7dce49ae275149c", "date": "2019-05-30_14-42-07", "timestamp": 1559252527, "time_this_iter_s": 8.519069194793701, "time_total_s": 38.3586368560791, "pid": 27880, "hostname": "steropes", "node_ip": "169.229.49.254", "config": {"starting_lr": 0.5, "momentum": 0.9, "weight_decay": 0.0005, "steps_per_iteration": null, "pin": false, "model_creator": null, "target_batch_size": 1024, "model_string": "resnet18", "min_batch_size": 512, "dataset": "CIFAR", "placement": null, "use_nccl": true, "devices_per_worker": 1, "primary_resource": "extra_gpu", "gpu": false, "verbose": false, "lr_config": {"mode": "log", "steps": 5, "initial_lr": 0.5, "target_lr": 0.5}, "batch_per_device": 1024}, "time_since_restore": 38.3586368560791, "timesteps_since_restore": 0, "iterations_since_restore": 4, "mean_throughput": 6256.685292675898, "atoms": 1, "resource_time": 38.3586368560791}
{"apply": 0.006886887550354004, "batch_time": 0.12256488800048829, "d2h": 0.004444313049316406, "data_time": 0.03496679481194944, "fwd": 0.031726408004760745, "get_state_time_mean": NaN, "get_state_time_total": 0.0, "grad": 0.06733686923980713, "mean_accuracy": 0.2474999874830246, "mean_loss": 1.9167827856063844, "neg_mean_accuracy": -0.2474999874830246, "set_state_time_mean": NaN, "set_state_time_total": 0.0, "setup_model_time_mean": NaN, "setup_model_time_total": 0.0, "setup_proc_time_mean": NaN, "setup_proc_time_total": 0.0, "train_accuracy": 0.2568199932575226, "train_loss": 1.8664705014419556, "training_time_mean": NaN, "training_time_total": 0.0, "validation_time_mean": NaN, "validation_time_total": 0.0, "samples": 60000, "num_workers": 1, "done": false, "timesteps_total": null, "episodes_total": null, "training_iteration": 5, "neg_mean_loss": -1.9167827856063844, "experiment_id": "1c8bd3e9bbb341b2a7dce49ae275149c", "date": "2019-05-30_14-42-15", "timestamp": 1559252535, "time_this_iter_s": 8.317131519317627, "time_total_s": 46.67576837539673, "pid": 27880, "hostname": "steropes", "node_ip": "169.229.49.254", "config": {"starting_lr": 0.5, "momentum": 0.9, "weight_decay": 0.0005, "steps_per_iteration": null, "pin": false, "model_creator": null, "target_batch_size": 1024, "model_string": "resnet18", "min_batch_size": 512, "dataset": "CIFAR", "placement": null, "use_nccl": true, "devices_per_worker": 1, "primary_resource": "extra_gpu", "gpu": false, "verbose": false, "lr_config": {"mode": "log", "steps": 5, "initial_lr": 0.5, "target_lr": 0.5}, "batch_per_device": 1024}, "time_since_restore": 46.67576837539673, "timesteps_since_restore": 0, "iterations_since_restore": 5, "mean_throughput": 6427.261496656051, "atoms": 1, "resource_time": 46.67576837539673}
{"apply": 0.007977604866027832, "batch_time": 0.12415826320648193, "d2h": 0.006071639060974121, "data_time": 0.04474572746121153, "fwd": 0.031330657005310056, "get_state_time_mean": NaN, "get_state_time_total": 0.0, "grad": 0.05332658290863037, "mean_accuracy": 0.3100999891757965, "mean_loss": 1.7366085042953492, "neg_mean_accuracy": -0.3100999891757965, "set_state_time_mean": NaN, "set_state_time_total": 0.0, "setup_model_time_mean": NaN, "setup_model_time_total": 0.0, "setup_proc_time_mean": NaN, "setup_proc_time_total": 0.0, "train_accuracy": 0.2907799780368805, "train_loss": 1.7815811562347412, "training_time_mean": NaN, "training_time_total": 0.0, "validation_time_mean": NaN, "validation_time_total": 0.0, "samples": 60000, "num_workers": 1, "done": false, "timesteps_total": null, "episodes_total": null, "training_iteration": 6, "neg_mean_loss": -1.7366085042953492, "experiment_id": "1c8bd3e9bbb341b2a7dce49ae275149c", "date": "2019-05-30_14-42-24", "timestamp": 1559252544, "time_this_iter_s": 8.533167362213135, "time_total_s": 55.20893573760986, "pid": 27880, "hostname": "steropes", "node_ip": "169.229.49.254", "config": {"starting_lr": 0.5, "momentum": 0.9, "weight_decay": 0.0005, "steps_per_iteration": null, "pin": false, "model_creator": null, "target_batch_size": 1024, "model_string": "resnet18", "min_batch_size": 512, "dataset": "CIFAR", "placement": null, "use_nccl": true, "devices_per_worker": 1, "primary_resource": "extra_gpu", "gpu": false, "verbose": false, "lr_config": {"mode": "log", "steps": 5, "initial_lr": 0.5, "target_lr": 0.5}, "batch_per_device": 1024}, "time_since_restore": 55.20893573760986, "timesteps_since_restore": 0, "iterations_since_restore": 6, "mean_throughput": 7126.8098750307445, "atoms": 1, "resource_time": 55.20893573760986}
{"apply": 0.006797695159912109, "batch_time": 0.11668703556060792, "d2h": 0.004539299011230469, "data_time": 0.04291471656487913, "fwd": 0.025585436820983888, "get_state_time_mean": NaN, "get_state_time_total": 0.0, "grad": 0.04436626434326172, "mean_accuracy": 0.3342999815940857, "mean_loss": 1.697910461997986, "neg_mean_accuracy": -0.3342999815940857, "set_state_time_mean": NaN, "set_state_time_total": 0.0, "setup_model_time_mean": NaN, "setup_model_time_total": 0.0, "setup_proc_time_mean": NaN, "setup_proc_time_total": 0.0, "train_accuracy": 0.3263999819755554, "train_loss": 1.7067873812484742, "training_time_mean": NaN, "training_time_total": 0.0, "validation_time_mean": NaN, "validation_time_total": 0.0, "samples": 60000, "num_workers": 1, "done": false, "timesteps_total": null, "episodes_total": null, "training_iteration": 7, "neg_mean_loss": -1.697910461997986, "experiment_id": "1c8bd3e9bbb341b2a7dce49ae275149c", "date": "2019-05-30_14-42-32", "timestamp": 1559252552, "time_this_iter_s": 7.794794321060181, "time_total_s": 63.003730058670044, "pid": 27880, "hostname": "steropes", "node_ip": "169.229.49.254", "config": {"starting_lr": 0.5, "momentum": 0.9, "weight_decay": 0.0005, "steps_per_iteration": null, "pin": false, "model_creator": null, "target_batch_size": 1024, "model_string": "resnet18", "min_batch_size": 512, "dataset": "CIFAR", "placement": null, "use_nccl": true, "devices_per_worker": 1, "primary_resource": "extra_gpu", "gpu": false, "verbose": false, "lr_config": {"mode": "log", "steps": 5, "initial_lr": 0.5, "target_lr": 0.5}, "batch_per_device": 1024}, "time_since_restore": 63.003730058670044, "timesteps_since_restore": 0, "iterations_since_restore": 7, "mean_throughput": 7219.827894119207, "atoms": 1, "resource_time": 63.003730058670044}
{"apply": 0.006823945045471192, "batch_time": 0.12077381610870361, "d2h": 0.004478979110717774, "data_time": 0.034552729859644055, "fwd": 0.028234982490539552, "get_state_time_mean": NaN, "get_state_time_total": 0.0, "grad": 0.05676655769348145, "mean_accuracy": 0.3499999940395355, "mean_loss": 1.6237420053482057, "neg_mean_accuracy": -0.3499999940395355, "set_state_time_mean": NaN, "set_state_time_total": 0.0, "setup_model_time_mean": NaN, "setup_model_time_total": 0.0, "setup_proc_time_mean": NaN, "setup_proc_time_total": 0.0, "train_accuracy": 0.3629799783229828, "train_loss": 1.6340151603698732, "training_time_mean": NaN, "training_time_total": 0.0, "validation_time_mean": NaN, "validation_time_total": 0.0, "samples": 60000, "num_workers": 1, "done": false, "timesteps_total": null, "episodes_total": null, "training_iteration": 8, "neg_mean_loss": -1.6237420053482057, "experiment_id": "1c8bd3e9bbb341b2a7dce49ae275149c", "date": "2019-05-30_14-42-39", "timestamp": 1559252559, "time_this_iter_s": 7.6444501876831055, "time_total_s": 70.64818024635315, "pid": 27880, "hostname": "steropes", "node_ip": "169.229.49.254", "config": {"starting_lr": 0.5, "momentum": 0.9, "weight_decay": 0.0005, "steps_per_iteration": null, "pin": false, "model_creator": null, "target_batch_size": 1024, "model_string": "resnet18", "min_batch_size": 512, "dataset": "CIFAR", "placement": null, "use_nccl": true, "devices_per_worker": 1, "primary_resource": "extra_gpu", "gpu": false, "verbose": false, "lr_config": {"mode": "log", "steps": 5, "initial_lr": 0.5, "target_lr": 0.5}, "batch_per_device": 1024}, "time_since_restore": 70.64818024635315, "timesteps_since_restore": 0, "iterations_since_restore": 8, "mean_throughput": 7351.290783634617, "atoms": 1, "resource_time": 70.64818024635315}
{"apply": 0.007143330574035644, "batch_time": 0.12140700817108155, "d2h": 0.007681488990783691, "data_time": 0.03982528861688108, "fwd": 0.025886273384094237, "get_state_time_mean": NaN, "get_state_time_total": 0.0, "grad": 0.048510384559631345, "mean_accuracy": 0.3971000015735626, "mean_loss": 1.5770904644012451, "neg_mean_accuracy": -0.3971000015735626, "set_state_time_mean": NaN, "set_state_time_total": 0.0, "setup_model_time_mean": NaN, "setup_model_time_total": 0.0, "setup_proc_time_mean": NaN, "setup_proc_time_total": 0.0, "train_accuracy": 0.41519999504089355, "train_loss": 1.544034767112732, "training_time_mean": NaN, "training_time_total": 0.0, "validation_time_mean": NaN, "validation_time_total": 0.0, "samples": 60000, "num_workers": 1, "done": false, "timesteps_total": null, "episodes_total": null, "training_iteration": 9, "neg_mean_loss": -1.5770904644012451, "experiment_id": "1c8bd3e9bbb341b2a7dce49ae275149c", "date": "2019-05-30_14-42-48", "timestamp": 1559252568, "time_this_iter_s": 8.290019512176514, "time_total_s": 78.93819975852966, "pid": 27880, "hostname": "steropes", "node_ip": "169.229.49.254", "config": {"starting_lr": 0.5, "momentum": 0.9, "weight_decay": 0.0005, "steps_per_iteration": null, "pin": false, "model_creator": null, "target_batch_size": 1024, "model_string": "resnet18", "min_batch_size": 512, "dataset": "CIFAR", "placement": null, "use_nccl": true, "devices_per_worker": 1, "primary_resource": "extra_gpu", "gpu": false, "verbose": false, "lr_config": {"mode": "log", "steps": 5, "initial_lr": 0.5, "target_lr": 0.5}, "batch_per_device": 1024}, "time_since_restore": 78.93819975852966, "timesteps_since_restore": 0, "iterations_since_restore": 9, "mean_throughput": 7392.7829377442185, "atoms": 1, "resource_time": 78.93819975852966}
{"apply": 0.008601975440979005, "batch_time": 0.13333308696746826, "d2h": 0.005503082275390625, "data_time": 0.03980017681511081, "fwd": 0.030666685104370116, "get_state_time_mean": NaN, "get_state_time_total": 0.0, "grad": 0.053459787368774415, "mean_accuracy": 0.4449999928474426, "mean_loss": 1.5638314952850343, "neg_mean_accuracy": -0.4449999928474426, "set_state_time_mean": NaN, "set_state_time_total": 0.0, "setup_model_time_mean": NaN, "setup_model_time_total": 0.0, "setup_proc_time_mean": NaN, "setup_proc_time_total": 0.0, "train_accuracy": 0.45273998379707336, "train_loss": 1.4528929540252686, "training_time_mean": NaN, "training_time_total": 0.0, "validation_time_mean": NaN, "validation_time_total": 0.0, "samples": 60000, "num_workers": 1, "done": false, "timesteps_total": null, "episodes_total": null, "training_iteration": 10, "neg_mean_loss": -1.5638314952850343, "experiment_id": "1c8bd3e9bbb341b2a7dce49ae275149c", "date": "2019-05-30_14-42-56", "timestamp": 1559252576, "time_this_iter_s": 8.451526641845703, "time_total_s": 87.38972640037537, "pid": 27880, "hostname": "steropes", "node_ip": "169.229.49.254", "config": {"starting_lr": 0.5, "momentum": 0.9, "weight_decay": 0.0005, "steps_per_iteration": null, "pin": false, "model_creator": null, "target_batch_size": 1024, "model_string": "resnet18", "min_batch_size": 512, "dataset": "CIFAR", "placement": null, "use_nccl": true, "devices_per_worker": 1, "primary_resource": "extra_gpu", "gpu": false, "verbose": false, "lr_config": {"mode": "log", "steps": 5, "initial_lr": 0.5, "target_lr": 0.5}, "batch_per_device": 1024}, "time_since_restore": 87.38972640037537, "timesteps_since_restore": 0, "iterations_since_restore": 10, "mean_throughput": 7368.3788287890775, "atoms": 1, "resource_time": 87.38972640037537}
{"apply": 0.006849908828735351, "batch_time": 0.12859556674957276, "d2h": 0.004920363426208496, "data_time": 0.028405452261165698, "fwd": 0.033733558654785153, "get_state_time_mean": NaN, "get_state_time_total": 0.0, "grad": 0.05703976154327393, "mean_accuracy": 0.49789997935295105, "mean_loss": 1.414149974822998, "neg_mean_accuracy": -0.49789997935295105, "set_state_time_mean": NaN, "set_state_time_total": 0.0, "setup_model_time_mean": NaN, "setup_model_time_total": 0.0, "setup_proc_time_mean": NaN, "setup_proc_time_total": 0.0, "train_accuracy": 0.5083000063896179, "train_loss": 1.3405935229110717, "training_time_mean": NaN, "training_time_total": 0.0, "validation_time_mean": NaN, "validation_time_total": 0.0, "samples": 60000, "num_workers": 1, "done": false, "timesteps_total": null, "episodes_total": null, "training_iteration": 11, "neg_mean_loss": -1.414149974822998, "experiment_id": "1c8bd3e9bbb341b2a7dce49ae275149c", "date": "2019-05-30_14-43-04", "timestamp": 1559252584, "time_this_iter_s": 7.886698007583618, "time_total_s": 95.27642440795898, "pid": 27880, "hostname": "steropes", "node_ip": "169.229.49.254", "config": {"starting_lr": 0.5, "momentum": 0.9, "weight_decay": 0.0005, "steps_per_iteration": null, "pin": false, "model_creator": null, "target_batch_size": 1024, "model_string": "resnet18", "min_batch_size": 512, "dataset": "CIFAR", "placement": null, "use_nccl": true, "devices_per_worker": 1, "primary_resource": "extra_gpu", "gpu": false, "verbose": false, "lr_config": {"mode": "log", "steps": 5, "initial_lr": 0.5, "target_lr": 0.5}, "batch_per_device": 1024}, "time_since_restore": 95.27642440795898, "timesteps_since_restore": 0, "iterations_since_restore": 11, "mean_throughput": 7487.194772400837, "atoms": 1, "resource_time": 95.27642440795898}
{"apply": 0.007129478454589844, "batch_time": 0.14333031177520753, "d2h": 0.005052995681762695, "data_time": 0.03813716343470982, "fwd": 0.028114676475524902, "get_state_time_mean": NaN, "get_state_time_total": 0.0, "grad": 0.057994413375854495, "mean_accuracy": 0.5561000108718872, "mean_loss": 1.2216579343795777, "neg_mean_accuracy": -0.5561000108718872, "set_state_time_mean": NaN, "set_state_time_total": 0.0, "setup_model_time_mean": NaN, "setup_model_time_total": 0.0, "setup_proc_time_mean": NaN, "setup_proc_time_total": 0.0, "train_accuracy": 0.5454199910163879, "train_loss": 1.2436328074645997, "training_time_mean": NaN, "training_time_total": 0.0, "validation_time_mean": NaN, "validation_time_total": 0.0, "samples": 60000, "num_workers": 1, "done": true, "timesteps_total": null, "episodes_total": null, "training_iteration": 12, "neg_mean_loss": -1.2216579343795777, "experiment_id": "1c8bd3e9bbb341b2a7dce49ae275149c", "date": "2019-05-30_14-43-12", "timestamp": 1559252592, "time_this_iter_s": 8.456964254379272, "time_total_s": 103.73338866233826, "pid": 27880, "hostname": "steropes", "node_ip": "169.229.49.254", "config": {"starting_lr": 0.5, "momentum": 0.9, "weight_decay": 0.0005, "steps_per_iteration": null, "pin": false, "model_creator": null, "target_batch_size": 1024, "model_string": "resnet18", "min_batch_size": 512, "dataset": "CIFAR", "placement": null, "use_nccl": true, "devices_per_worker": 1, "primary_resource": "extra_gpu", "gpu": false, "verbose": false, "lr_config": {"mode": "log", "steps": 5, "initial_lr": 0.5, "target_lr": 0.5}, "batch_per_device": 1024}, "time_since_restore": 103.73338866233826, "timesteps_since_restore": 0, "iterations_since_restore": 12, "mean_throughput": 7365.498302449448, "atoms": 1, "resource_time": 103.73338866233826}
