{"apply": 0.018183422088623048, "batch_time": 0.04954367951501774, "d2h": 0.0007515668869018555, "data_time": 0.0018781182711081737, "fwd": 0.1696096658706665, "get_state_time_mean": NaN, "get_state_time_total": 0.0, "grad": 0.16311473846435548, "mean_accuracy": 0.25689998269081116, "mean_loss": 2.057784910774231, "neg_mean_accuracy": -0.25689998269081116, "set_state_time_mean": NaN, "set_state_time_total": 0.0, "setup_model_time_mean": 18.58979368209839, "setup_model_time_total": 18.58979368209839, "setup_proc_time_mean": 1.8984019756317139, "setup_proc_time_total": 1.8984019756317139, "train_accuracy": 0.19213999807834625, "train_loss": 2.3289885237121584, "training_time_mean": NaN, "training_time_total": 0.0, "val_accuracy": 0.25689998269081116, "val_loss": 2.057784910774231, "validation_time_mean": NaN, "validation_time_total": 0.0, "samples": 60000, "num_workers": 1, "done": false, "timesteps_total": null, "episodes_total": null, "training_iteration": 1, "neg_mean_loss": -2.057784910774231, "experiment_id": "8a438db9eb9d446f9b77f3e1c13c6692", "date": "2019-06-03_22-45-19", "timestamp": 1559627119, "time_this_iter_s": 47.29563498497009, "time_total_s": 47.29563498497009, "pid": 13579, "hostname": "steropes", "node_ip": "169.229.49.254", "config": {"starting_lr": 0.0005, "momentum": 0.95, "weight_decay": 0.005, "steps_per_iteration": null, "pin": false, "model_creator": null, "target_batch_size": 128, "model_string": "resnet50", "min_batch_size": 128, "dataset": "CIFAR", "placement": null, "use_nccl": true, "devices_per_worker": 1, "primary_resource": "extra_gpu", "gpu": false, "verbose": false, "lr_config": {"mode": "log", "steps": 5, "initial_lr": 0.0005, "target_lr": 0.0005}, "batch_per_device": 128}, "time_since_restore": 47.29563498497009, "timesteps_since_restore": 0, "iterations_since_restore": 1, "mean_throughput": 1268.613681173244, "atoms": 1, "setup_time": 20.58740782737732}
{"apply": 0.017599868774414062, "batch_time": 0.03161481664150576, "d2h": 0.0007854461669921875, "data_time": 0.0017880503173984224, "fwd": 0.027930808067321778, "get_state_time_mean": NaN, "get_state_time_total": 0.0, "grad": 0.0474578857421875, "mean_accuracy": 0.3042999804019928, "mean_loss": 1.9246358632087708, "neg_mean_accuracy": -0.35169997811317444, "set_state_time_mean": NaN, "set_state_time_total": 0.0, "setup_model_time_mean": NaN, "setup_model_time_total": 0.0, "setup_proc_time_mean": NaN, "setup_proc_time_total": 0.0, "train_accuracy": 0.2884399890899658, "train_loss": 1.9729627756118775, "training_time_mean": NaN, "training_time_total": 0.0, "val_accuracy": 0.35169997811317444, "val_loss": 1.7914868156433106, "validation_time_mean": NaN, "validation_time_total": 0.0, "samples": 60000, "num_workers": 1, "done": false, "timesteps_total": null, "episodes_total": null, "training_iteration": 2, "neg_mean_loss": -1.9246358632087708, "experiment_id": "8a438db9eb9d446f9b77f3e1c13c6692", "date": "2019-06-03_22-46-00", "timestamp": 1559627160, "time_this_iter_s": 40.98660469055176, "time_total_s": 88.28223967552185, "pid": 13579, "hostname": "steropes", "node_ip": "169.229.49.254", "config": {"starting_lr": 0.0005, "momentum": 0.95, "weight_decay": 0.005, "steps_per_iteration": null, "pin": false, "model_creator": null, "target_batch_size": 128, "model_string": "resnet50", "min_batch_size": 128, "dataset": "CIFAR", "placement": null, "use_nccl": true, "devices_per_worker": 1, "primary_resource": "extra_gpu", "gpu": false, "verbose": false, "lr_config": {"mode": "log", "steps": 5, "initial_lr": 0.0005, "target_lr": 0.0005}, "batch_per_device": 128}, "time_since_restore": 88.28223967552185, "timesteps_since_restore": 0, "iterations_since_restore": 2, "mean_throughput": 1359.2701162102248, "atoms": 1, "setup_time": 20.58740782737732}
{"apply": 0.017372560501098634, "batch_time": 0.03150199938424026, "d2h": 0.000769352912902832, "data_time": 0.0017569802911080363, "fwd": 0.027521419525146484, "get_state_time_mean": NaN, "get_state_time_total": 0.0, "grad": 0.047874069213867186, "mean_accuracy": 0.3323666552702586, "mean_loss": 1.8455107917149862, "neg_mean_accuracy": -0.38850000500679016, "set_state_time_mean": NaN, "set_state_time_total": 0.0, "setup_model_time_mean": NaN, "setup_model_time_total": 0.0, "setup_proc_time_mean": NaN, "setup_proc_time_total": 0.0, "train_accuracy": 0.3405199944972992, "train_loss": 1.8169539263153076, "training_time_mean": NaN, "training_time_total": 0.0, "val_accuracy": 0.38850000500679016, "val_loss": 1.687260648727417, "validation_time_mean": NaN, "validation_time_total": 0.0, "samples": 60000, "num_workers": 1, "done": true, "timesteps_total": null, "episodes_total": null, "training_iteration": 3, "neg_mean_loss": -1.8455107917149862, "experiment_id": "8a438db9eb9d446f9b77f3e1c13c6692", "date": "2019-06-03_22-46-41", "timestamp": 1559627201, "time_this_iter_s": 40.61971402168274, "time_total_s": 128.9019536972046, "pid": 13579, "hostname": "steropes", "node_ip": "169.229.49.254", "config": {"starting_lr": 0.0005, "momentum": 0.95, "weight_decay": 0.005, "steps_per_iteration": null, "pin": false, "model_creator": null, "target_batch_size": 128, "model_string": "resnet50", "min_batch_size": 128, "dataset": "CIFAR", "placement": null, "use_nccl": true, "devices_per_worker": 1, "primary_resource": "extra_gpu", "gpu": false, "verbose": false, "lr_config": {"mode": "log", "steps": 5, "initial_lr": 0.0005, "target_lr": 0.0005}, "batch_per_device": 128}, "time_since_restore": 128.9019536972046, "timesteps_since_restore": 0, "iterations_since_restore": 3, "mean_throughput": 1396.4046112229912, "atoms": 1, "setup_time": 20.58740782737732}
