{"apply": 0.02030961513519287, "batch_time": 0.04160619083839127, "d2h": 0.0007129669189453125, "data_time": 0.0018461823768323035, "fwd": 0.11905539035797119, "get_state_time_mean": NaN, "get_state_time_total": 0.0, "grad": 0.16925408840179443, "mean_accuracy": 0.17189998924732208, "mean_loss": 2.262282495880127, "neg_mean_accuracy": -0.17189998924732208, "set_state_time_mean": NaN, "set_state_time_total": 0.0, "setup_model_time_mean": 8.513376235961914, "setup_model_time_total": 8.513376235961914, "setup_proc_time_mean": 0.42285919189453125, "setup_proc_time_total": 0.42285919189453125, "train_accuracy": 0.1577799916267395, "train_loss": 4.051287237319946, "training_time_mean": NaN, "training_time_total": 0.0, "val_accuracy": 0.17189998924732208, "val_loss": 2.262282495880127, "validation_time_mean": NaN, "validation_time_total": 0.0, "samples": 60000, "num_workers": 1, "done": false, "timesteps_total": null, "episodes_total": null, "training_iteration": 1, "neg_mean_loss": -2.262282495880127, "experiment_id": "dc8e3348b1024d779cf97ec7e749c3b2", "date": "2019-06-03_22-08-24", "timestamp": 1559624904, "time_this_iter_s": 47.127511739730835, "time_total_s": 47.127511739730835, "pid": 6886, "hostname": "steropes", "node_ip": "169.229.49.254", "config": {"starting_lr": 0.1, "momentum": 0.95, "weight_decay": 0.001, "steps_per_iteration": null, "pin": false, "model_creator": null, "target_batch_size": 128, "model_string": "resnet50", "min_batch_size": 128, "dataset": "CIFAR", "placement": null, "use_nccl": true, "devices_per_worker": 1, "primary_resource": "extra_gpu", "gpu": false, "verbose": false, "lr_config": {"mode": "log", "steps": 5, "initial_lr": 0.1, "target_lr": 0.1}, "batch_per_device": 128}, "time_since_restore": 47.127511739730835, "timesteps_since_restore": 0, "iterations_since_restore": 1, "mean_throughput": 1273.1376270792834, "atoms": 1, "setup_time": 9.061383962631226}
{"apply": 0.018079161643981934, "batch_time": 0.03174407874481588, "d2h": 0.0007081985473632813, "data_time": 0.0017474228158936172, "fwd": 0.027857232093811034, "get_state_time_mean": NaN, "get_state_time_total": 0.0, "grad": 0.04801278114318848, "mean_accuracy": 0.2053999900817871, "mean_loss": 2.1775399930953983, "neg_mean_accuracy": -0.23889999091625214, "set_state_time_mean": NaN, "set_state_time_total": 0.0, "setup_model_time_mean": NaN, "setup_model_time_total": 0.0, "setup_proc_time_mean": NaN, "setup_proc_time_total": 0.0, "train_accuracy": 0.23871999979019165, "train_loss": 2.0499506606674194, "training_time_mean": NaN, "training_time_total": 0.0, "val_accuracy": 0.23889999091625214, "val_loss": 2.092797490310669, "validation_time_mean": NaN, "validation_time_total": 0.0, "samples": 60000, "num_workers": 1, "done": false, "timesteps_total": null, "episodes_total": null, "training_iteration": 2, "neg_mean_loss": -2.1775399930953983, "experiment_id": "dc8e3348b1024d779cf97ec7e749c3b2", "date": "2019-06-03_22-09-05", "timestamp": 1559624945, "time_this_iter_s": 41.43316912651062, "time_total_s": 88.56068086624146, "pid": 6886, "hostname": "steropes", "node_ip": "169.229.49.254", "config": {"starting_lr": 0.1, "momentum": 0.95, "weight_decay": 0.001, "steps_per_iteration": null, "pin": false, "model_creator": null, "target_batch_size": 128, "model_string": "resnet50", "min_batch_size": 128, "dataset": "CIFAR", "placement": null, "use_nccl": true, "devices_per_worker": 1, "primary_resource": "extra_gpu", "gpu": false, "verbose": false, "lr_config": {"mode": "log", "steps": 5, "initial_lr": 0.1, "target_lr": 0.1}, "batch_per_device": 128}, "time_since_restore": 88.56068086624146, "timesteps_since_restore": 0, "iterations_since_restore": 2, "mean_throughput": 1354.999627017134, "atoms": 1, "setup_time": 9.061383962631226}
{"apply": 0.018844032287597658, "batch_time": 0.03173340724993356, "d2h": 0.0007246017456054687, "data_time": 0.0018064329386367213, "fwd": 0.028374123573303222, "get_state_time_mean": NaN, "get_state_time_total": 0.0, "grad": 0.04901289939880371, "mean_accuracy": 0.25433332721392315, "mean_loss": 2.0470895030975345, "neg_mean_accuracy": -0.3522000014781952, "set_state_time_mean": NaN, "set_state_time_total": 0.0, "setup_model_time_mean": NaN, "setup_model_time_total": 0.0, "setup_proc_time_mean": NaN, "setup_proc_time_total": 0.0, "train_accuracy": 0.33267998695373535, "train_loss": 1.7909034093475342, "training_time_mean": NaN, "training_time_total": 0.0, "val_accuracy": 0.3522000014781952, "val_loss": 1.7861885231018066, "validation_time_mean": NaN, "validation_time_total": 0.0, "samples": 60000, "num_workers": 1, "done": true, "timesteps_total": null, "episodes_total": null, "training_iteration": 3, "neg_mean_loss": -2.0470895030975345, "experiment_id": "dc8e3348b1024d779cf97ec7e749c3b2", "date": "2019-06-03_22-09-47", "timestamp": 1559624987, "time_this_iter_s": 41.82094097137451, "time_total_s": 130.38162183761597, "pid": 6886, "hostname": "steropes", "node_ip": "169.229.49.254", "config": {"starting_lr": 0.1, "momentum": 0.95, "weight_decay": 0.001, "steps_per_iteration": null, "pin": false, "model_creator": null, "target_batch_size": 128, "model_string": "resnet50", "min_batch_size": 128, "dataset": "CIFAR", "placement": null, "use_nccl": true, "devices_per_worker": 1, "primary_resource": "extra_gpu", "gpu": false, "verbose": false, "lr_config": {"mode": "log", "steps": 5, "initial_lr": 0.1, "target_lr": 0.1}, "batch_per_device": 128}, "time_since_restore": 130.38162183761597, "timesteps_since_restore": 0, "iterations_since_restore": 3, "mean_throughput": 1380.559451520144, "atoms": 1, "setup_time": 9.061383962631226}
