apply,batch_time,d2h,data_time,fwd,get_state_time_mean,get_state_time_total,grad,mean_accuracy,mean_loss,neg_mean_accuracy,set_state_time_mean,set_state_time_total,setup_model_time_mean,setup_model_time_total,setup_proc_time_mean,setup_proc_time_total,train_accuracy,train_loss,training_time_mean,training_time_total,val_accuracy,val_loss,validation_time_mean,validation_time_total,samples,num_workers,done,timesteps_total,episodes_total,training_iteration,neg_mean_loss,experiment_id,date,timestamp,time_this_iter_s,time_total_s,pid,hostname,node_ip,config,time_since_restore,timesteps_since_restore,iterations_since_restore,mean_throughput,atoms,setup_time
0.017136025428771972,0.046340371988996674,0.0006599664688110351,0.0019196073722351542,0.18921923637390137,nan,0.0,0.2025376081466675,0.296099990606308,1.9229809810638427,-0.296099990606308,nan,0.0,12.63999080657959,12.63999080657959,0.3212904930114746,0.3212904930114746,0.22445999085903168,2.2778177768707275,nan,0.0,0.296099990606308,1.9229809810638427,nan,0.0,60000,1,False,,,1,-1.9229809810638427,c1b06ae3a3584bb1902d749a0cf591f0,2019-06-06_07-26-08,1559831168,47.34991216659546,47.34991216659546,25092,steropes,169.229.49.254,"{'starting_lr': 0.001, 'momentum': 0.95, 'weight_decay': 0.001, 'steps_per_iteration': None, 'pin': False, 'model_creator': None, 'target_batch_size': 128, 'model_string': 'resnet50', 'min_batch_size': 128, 'dataset': 'CIFAR', 'placement': None, 'use_nccl': True, 'devices_per_worker': 1, 'primary_resource': 'extra_gpu', 'gpu': False, 'verbose': False, 'lr_config': {'mode': 'log', 'steps': 5, 'initial_lr': 0.001, 'target_lr': 0.001}, 'batch_per_device': 128}",47.34991216659546,0,1,1267.1596257219533,1,13.357522249221802
0.017014455795288087,0.03283101395715641,0.0007147550582885742,0.0017923991698438248,0.028073668479919434,nan,0.0,0.048528528213500975,0.3397499918937683,1.860079752922058,-0.38339999318122864,nan,0.0,nan,0.0,nan,0.0,0.3361800014972687,1.854219842147827,nan,0.0,0.38339999318122864,1.7971785247802734,nan,0.0,60000,1,False,,,2,-1.860079752922058,c1b06ae3a3584bb1902d749a0cf591f0,2019-06-06_07-26-48,1559831208,40.56506085395813,87.91497302055359,25092,steropes,169.229.49.254,"{'starting_lr': 0.001, 'momentum': 0.95, 'weight_decay': 0.001, 'steps_per_iteration': None, 'pin': False, 'model_creator': None, 'target_batch_size': 128, 'model_string': 'resnet50', 'min_batch_size': 128, 'dataset': 'CIFAR', 'placement': None, 'use_nccl': True, 'devices_per_worker': 1, 'primary_resource': 'extra_gpu', 'gpu': False, 'verbose': False, 'lr_config': {'mode': 'log', 'steps': 5, 'initial_lr': 0.001, 'target_lr': 0.001}, 'batch_per_device': 128}",87.91497302055359,0,2,1364.9526543177742,1,13.357522249221802
0.017075085639953615,0.03252077706252472,0.0006803035736083985,0.0018356462268878126,0.028036165237426757,nan,0.0,0.04776744842529297,0.369133323431015,1.7763844134012858,-0.4278999865055084,nan,0.0,nan,0.0,nan,0.0,0.3803199827671051,1.7202856197738647,nan,0.0,0.4278999865055084,1.6089937343597411,nan,0.0,60000,1,False,,,3,-1.7763844134012858,c1b06ae3a3584bb1902d749a0cf591f0,2019-06-06_07-27-29,1559831249,40.52014446258545,128.43511748313904,25092,steropes,169.229.49.254,"{'starting_lr': 0.001, 'momentum': 0.95, 'weight_decay': 0.001, 'steps_per_iteration': None, 'pin': False, 'model_creator': None, 'target_batch_size': 128, 'model_string': 'resnet50', 'min_batch_size': 128, 'dataset': 'CIFAR', 'placement': None, 'use_nccl': True, 'devices_per_worker': 1, 'primary_resource': 'extra_gpu', 'gpu': False, 'verbose': False, 'lr_config': {'mode': 'log', 'steps': 5, 'initial_lr': 0.001, 'target_lr': 0.001}, 'batch_per_device': 128}",128.43511748313904,0,3,1401.4818320884935,1,13.357522249221802
0.016978907585144042,0.0315334314032446,0.0006658554077148438,0.0017913613477936181,0.028136348724365233,nan,0.0,0.04934568405151367,0.38589999079704285,1.7386075877189637,-0.43619999289512634,nan,0.0,nan,0.0,nan,0.0,0.4122599959373474,1.629885751991272,nan,0.0,0.43619999289512634,1.625277110671997,nan,0.0,60000,1,False,,,4,-1.7386075877189637,c1b06ae3a3584bb1902d749a0cf591f0,2019-06-06_07-28-09,1559831289,40.529857873916626,168.96497535705566,25092,steropes,169.229.49.254,"{'starting_lr': 0.001, 'momentum': 0.95, 'weight_decay': 0.001, 'steps_per_iteration': None, 'pin': False, 'model_creator': None, 'target_batch_size': 128, 'model_string': 'resnet50', 'min_batch_size': 128, 'dataset': 'CIFAR', 'placement': None, 'use_nccl': True, 'devices_per_worker': 1, 'primary_resource': 'extra_gpu', 'gpu': False, 'verbose': False, 'lr_config': {'mode': 'log', 'steps': 5, 'initial_lr': 0.001, 'target_lr': 0.001}, 'batch_per_device': 128}",168.96497535705566,0,4,1420.4088463744843,1,13.357522249221802
0.017134976387023926,0.03198744979085801,0.0006798028945922852,0.0018143513623405905,0.027834177017211914,nan,0.0,0.048265719413757326,0.40177999138832093,1.6871943887710572,-0.4652999937534332,nan,0.0,nan,0.0,nan,0.0,0.4434199929237366,1.5403513648223877,nan,0.0,0.4652999937534332,1.481541592979431,nan,0.0,60000,1,False,,,5,-1.6871943887710572,c1b06ae3a3584bb1902d749a0cf591f0,2019-06-06_07-28-50,1559831330,40.449923038482666,209.41489839553833,25092,steropes,169.229.49.254,"{'starting_lr': 0.001, 'momentum': 0.95, 'weight_decay': 0.001, 'steps_per_iteration': None, 'pin': False, 'model_creator': None, 'target_batch_size': 128, 'model_string': 'resnet50', 'min_batch_size': 128, 'dataset': 'CIFAR', 'placement': None, 'use_nccl': True, 'devices_per_worker': 1, 'primary_resource': 'extra_gpu', 'gpu': False, 'verbose': False, 'lr_config': {'mode': 'log', 'steps': 5, 'initial_lr': 0.001, 'target_lr': 0.001}, 'batch_per_device': 128}",209.41489839553833,0,5,1432.559073058964,1,13.357522249221802
0.01723020076751709,0.03206345703028425,0.0009184598922729493,0.001818220328796855,0.02883293628692627,nan,0.0,0.04828579425811767,0.4407399892807007,1.5869683179855347,-0.4908999800682068,nan,0.0,nan,0.0,nan,0.0,0.46101999282836914,1.4939546055603028,nan,0.0,0.4908999800682068,1.4218506271362306,nan,0.0,60000,1,False,,,6,-1.5869683179855347,c1b06ae3a3584bb1902d749a0cf591f0,2019-06-06_07-29-30,1559831370,40.401684045791626,249.81658244132996,25092,steropes,169.229.49.254,"{'starting_lr': 0.001, 'momentum': 0.95, 'weight_decay': 0.001, 'steps_per_iteration': None, 'pin': False, 'model_creator': None, 'target_batch_size': 128, 'model_string': 'resnet50', 'min_batch_size': 128, 'dataset': 'CIFAR', 'placement': None, 'use_nccl': True, 'devices_per_worker': 1, 'primary_resource': 'extra_gpu', 'gpu': False, 'verbose': False, 'lr_config': {'mode': 'log', 'steps': 5, 'initial_lr': 0.001, 'target_lr': 0.001}, 'batch_per_device': 128}",249.81658244132996,0,6,1481.7213281879715,1,13.357522249221802
0.016750025749206542,0.03182728079300892,0.000778961181640625,0.0018365785593876752,0.02796790599822998,nan,0.0,0.04916505813598633,0.46661998629570006,1.5006177888107302,-0.5127999782562256,nan,0.0,nan,0.0,nan,0.0,0.48019999265670776,1.4480468910980224,nan,0.0,0.5127999782562256,1.36542587890625,nan,0.0,60000,1,False,,,7,-1.5006177888107302,c1b06ae3a3584bb1902d749a0cf591f0,2019-06-06_07-30-11,1559831411,40.476361989974976,290.29294443130493,25092,steropes,169.229.49.254,"{'starting_lr': 0.001, 'momentum': 0.95, 'weight_decay': 0.001, 'steps_per_iteration': None, 'pin': False, 'model_creator': None, 'target_batch_size': 128, 'model_string': 'resnet50', 'min_batch_size': 128, 'dataset': 'CIFAR', 'placement': None, 'use_nccl': True, 'devices_per_worker': 1, 'primary_resource': 'extra_gpu', 'gpu': False, 'verbose': False, 'lr_config': {'mode': 'log', 'steps': 5, 'initial_lr': 0.001, 'target_lr': 0.001}, 'batch_per_device': 128}",290.29294443130493,0,7,1482.3707609345424,1,13.357522249221802
0.01708087921142578,0.03213499769379821,0.000674128532409668,0.0018327413007731329,0.028504157066345216,nan,0.0,0.04779667854309082,0.4837199807167053,1.4486485439682009,-0.5133999586105347,nan,0.0,nan,0.0,nan,0.0,0.49977999925613403,1.4034516848373413,nan,0.0,0.5133999586105347,1.3491475101470947,nan,0.0,60000,1,True,,,8,-1.4486485439682009,c1b06ae3a3584bb1902d749a0cf591f0,2019-06-06_07-30-51,1559831451,40.5525860786438,330.84553050994873,25092,steropes,169.229.49.254,"{'starting_lr': 0.001, 'momentum': 0.95, 'weight_decay': 0.001, 'steps_per_iteration': None, 'pin': False, 'model_creator': None, 'target_batch_size': 128, 'model_string': 'resnet50', 'min_batch_size': 128, 'dataset': 'CIFAR', 'placement': None, 'use_nccl': True, 'devices_per_worker': 1, 'primary_resource': 'extra_gpu', 'gpu': False, 'verbose': False, 'lr_config': {'mode': 'log', 'steps': 5, 'initial_lr': 0.001, 'target_lr': 0.001}, 'batch_per_device': 128}",330.84553050994873,0,8,1482.134082061399,1,13.357522249221802
