{"apply": 0.017136025428771972, "batch_time": 0.046340371988996674, "d2h": 0.0006599664688110351, "data_time": 0.0019196073722351542, "fwd": 0.18921923637390137, "get_state_time_mean": NaN, "get_state_time_total": 0.0, "grad": 0.2025376081466675, "mean_accuracy": 0.296099990606308, "mean_loss": 1.9229809810638427, "neg_mean_accuracy": -0.296099990606308, "set_state_time_mean": NaN, "set_state_time_total": 0.0, "setup_model_time_mean": 12.63999080657959, "setup_model_time_total": 12.63999080657959, "setup_proc_time_mean": 0.3212904930114746, "setup_proc_time_total": 0.3212904930114746, "train_accuracy": 0.22445999085903168, "train_loss": 2.2778177768707275, "training_time_mean": NaN, "training_time_total": 0.0, "val_accuracy": 0.296099990606308, "val_loss": 1.9229809810638427, "validation_time_mean": NaN, "validation_time_total": 0.0, "samples": 60000, "num_workers": 1, "done": false, "timesteps_total": null, "episodes_total": null, "training_iteration": 1, "neg_mean_loss": -1.9229809810638427, "experiment_id": "c1b06ae3a3584bb1902d749a0cf591f0", "date": "2019-06-06_07-26-08", "timestamp": 1559831168, "time_this_iter_s": 47.34991216659546, "time_total_s": 47.34991216659546, "pid": 25092, "hostname": "steropes", "node_ip": "169.229.49.254", "config": {"starting_lr": 0.001, "momentum": 0.95, "weight_decay": 0.001, "steps_per_iteration": null, "pin": false, "model_creator": null, "target_batch_size": 128, "model_string": "resnet50", "min_batch_size": 128, "dataset": "CIFAR", "placement": null, "use_nccl": true, "devices_per_worker": 1, "primary_resource": "extra_gpu", "gpu": false, "verbose": false, "lr_config": {"mode": "log", "steps": 5, "initial_lr": 0.001, "target_lr": 0.001}, "batch_per_device": 128}, "time_since_restore": 47.34991216659546, "timesteps_since_restore": 0, "iterations_since_restore": 1, "mean_throughput": 1267.1596257219533, "atoms": 1, "setup_time": 13.357522249221802}
{"apply": 0.017014455795288087, "batch_time": 0.03283101395715641, "d2h": 0.0007147550582885742, "data_time": 0.0017923991698438248, "fwd": 0.028073668479919434, "get_state_time_mean": NaN, "get_state_time_total": 0.0, "grad": 0.048528528213500975, "mean_accuracy": 0.3397499918937683, "mean_loss": 1.860079752922058, "neg_mean_accuracy": -0.38339999318122864, "set_state_time_mean": NaN, "set_state_time_total": 0.0, "setup_model_time_mean": NaN, "setup_model_time_total": 0.0, "setup_proc_time_mean": NaN, "setup_proc_time_total": 0.0, "train_accuracy": 0.3361800014972687, "train_loss": 1.854219842147827, "training_time_mean": NaN, "training_time_total": 0.0, "val_accuracy": 0.38339999318122864, "val_loss": 1.7971785247802734, "validation_time_mean": NaN, "validation_time_total": 0.0, "samples": 60000, "num_workers": 1, "done": false, "timesteps_total": null, "episodes_total": null, "training_iteration": 2, "neg_mean_loss": -1.860079752922058, "experiment_id": "c1b06ae3a3584bb1902d749a0cf591f0", "date": "2019-06-06_07-26-48", "timestamp": 1559831208, "time_this_iter_s": 40.56506085395813, "time_total_s": 87.91497302055359, "pid": 25092, "hostname": "steropes", "node_ip": "169.229.49.254", "config": {"starting_lr": 0.001, "momentum": 0.95, "weight_decay": 0.001, "steps_per_iteration": null, "pin": false, "model_creator": null, "target_batch_size": 128, "model_string": "resnet50", "min_batch_size": 128, "dataset": "CIFAR", "placement": null, "use_nccl": true, "devices_per_worker": 1, "primary_resource": "extra_gpu", "gpu": false, "verbose": false, "lr_config": {"mode": "log", "steps": 5, "initial_lr": 0.001, "target_lr": 0.001}, "batch_per_device": 128}, "time_since_restore": 87.91497302055359, "timesteps_since_restore": 0, "iterations_since_restore": 2, "mean_throughput": 1364.9526543177742, "atoms": 1, "setup_time": 13.357522249221802}
{"apply": 0.017075085639953615, "batch_time": 0.03252077706252472, "d2h": 0.0006803035736083985, "data_time": 0.0018356462268878126, "fwd": 0.028036165237426757, "get_state_time_mean": NaN, "get_state_time_total": 0.0, "grad": 0.04776744842529297, "mean_accuracy": 0.369133323431015, "mean_loss": 1.7763844134012858, "neg_mean_accuracy": -0.4278999865055084, "set_state_time_mean": NaN, "set_state_time_total": 0.0, "setup_model_time_mean": NaN, "setup_model_time_total": 0.0, "setup_proc_time_mean": NaN, "setup_proc_time_total": 0.0, "train_accuracy": 0.3803199827671051, "train_loss": 1.7202856197738647, "training_time_mean": NaN, "training_time_total": 0.0, "val_accuracy": 0.4278999865055084, "val_loss": 1.6089937343597411, "validation_time_mean": NaN, "validation_time_total": 0.0, "samples": 60000, "num_workers": 1, "done": false, "timesteps_total": null, "episodes_total": null, "training_iteration": 3, "neg_mean_loss": -1.7763844134012858, "experiment_id": "c1b06ae3a3584bb1902d749a0cf591f0", "date": "2019-06-06_07-27-29", "timestamp": 1559831249, "time_this_iter_s": 40.52014446258545, "time_total_s": 128.43511748313904, "pid": 25092, "hostname": "steropes", "node_ip": "169.229.49.254", "config": {"starting_lr": 0.001, "momentum": 0.95, "weight_decay": 0.001, "steps_per_iteration": null, "pin": false, "model_creator": null, "target_batch_size": 128, "model_string": "resnet50", "min_batch_size": 128, "dataset": "CIFAR", "placement": null, "use_nccl": true, "devices_per_worker": 1, "primary_resource": "extra_gpu", "gpu": false, "verbose": false, "lr_config": {"mode": "log", "steps": 5, "initial_lr": 0.001, "target_lr": 0.001}, "batch_per_device": 128}, "time_since_restore": 128.43511748313904, "timesteps_since_restore": 0, "iterations_since_restore": 3, "mean_throughput": 1401.4818320884935, "atoms": 1, "setup_time": 13.357522249221802}
{"apply": 0.016978907585144042, "batch_time": 0.0315334314032446, "d2h": 0.0006658554077148438, "data_time": 0.0017913613477936181, "fwd": 0.028136348724365233, "get_state_time_mean": NaN, "get_state_time_total": 0.0, "grad": 0.04934568405151367, "mean_accuracy": 0.38589999079704285, "mean_loss": 1.7386075877189637, "neg_mean_accuracy": -0.43619999289512634, "set_state_time_mean": NaN, "set_state_time_total": 0.0, "setup_model_time_mean": NaN, "setup_model_time_total": 0.0, "setup_proc_time_mean": NaN, "setup_proc_time_total": 0.0, "train_accuracy": 0.4122599959373474, "train_loss": 1.629885751991272, "training_time_mean": NaN, "training_time_total": 0.0, "val_accuracy": 0.43619999289512634, "val_loss": 1.625277110671997, "validation_time_mean": NaN, "validation_time_total": 0.0, "samples": 60000, "num_workers": 1, "done": false, "timesteps_total": null, "episodes_total": null, "training_iteration": 4, "neg_mean_loss": -1.7386075877189637, "experiment_id": "c1b06ae3a3584bb1902d749a0cf591f0", "date": "2019-06-06_07-28-09", "timestamp": 1559831289, "time_this_iter_s": 40.529857873916626, "time_total_s": 168.96497535705566, "pid": 25092, "hostname": "steropes", "node_ip": "169.229.49.254", "config": {"starting_lr": 0.001, "momentum": 0.95, "weight_decay": 0.001, "steps_per_iteration": null, "pin": false, "model_creator": null, "target_batch_size": 128, "model_string": "resnet50", "min_batch_size": 128, "dataset": "CIFAR", "placement": null, "use_nccl": true, "devices_per_worker": 1, "primary_resource": "extra_gpu", "gpu": false, "verbose": false, "lr_config": {"mode": "log", "steps": 5, "initial_lr": 0.001, "target_lr": 0.001}, "batch_per_device": 128}, "time_since_restore": 168.96497535705566, "timesteps_since_restore": 0, "iterations_since_restore": 4, "mean_throughput": 1420.4088463744843, "atoms": 1, "setup_time": 13.357522249221802}
{"apply": 0.017134976387023926, "batch_time": 0.03198744979085801, "d2h": 0.0006798028945922852, "data_time": 0.0018143513623405905, "fwd": 0.027834177017211914, "get_state_time_mean": NaN, "get_state_time_total": 0.0, "grad": 0.048265719413757326, "mean_accuracy": 0.40177999138832093, "mean_loss": 1.6871943887710572, "neg_mean_accuracy": -0.4652999937534332, "set_state_time_mean": NaN, "set_state_time_total": 0.0, "setup_model_time_mean": NaN, "setup_model_time_total": 0.0, "setup_proc_time_mean": NaN, "setup_proc_time_total": 0.0, "train_accuracy": 0.4434199929237366, "train_loss": 1.5403513648223877, "training_time_mean": NaN, "training_time_total": 0.0, "val_accuracy": 0.4652999937534332, "val_loss": 1.481541592979431, "validation_time_mean": NaN, "validation_time_total": 0.0, "samples": 60000, "num_workers": 1, "done": false, "timesteps_total": null, "episodes_total": null, "training_iteration": 5, "neg_mean_loss": -1.6871943887710572, "experiment_id": "c1b06ae3a3584bb1902d749a0cf591f0", "date": "2019-06-06_07-28-50", "timestamp": 1559831330, "time_this_iter_s": 40.449923038482666, "time_total_s": 209.41489839553833, "pid": 25092, "hostname": "steropes", "node_ip": "169.229.49.254", "config": {"starting_lr": 0.001, "momentum": 0.95, "weight_decay": 0.001, "steps_per_iteration": null, "pin": false, "model_creator": null, "target_batch_size": 128, "model_string": "resnet50", "min_batch_size": 128, "dataset": "CIFAR", "placement": null, "use_nccl": true, "devices_per_worker": 1, "primary_resource": "extra_gpu", "gpu": false, "verbose": false, "lr_config": {"mode": "log", "steps": 5, "initial_lr": 0.001, "target_lr": 0.001}, "batch_per_device": 128}, "time_since_restore": 209.41489839553833, "timesteps_since_restore": 0, "iterations_since_restore": 5, "mean_throughput": 1432.559073058964, "atoms": 1, "setup_time": 13.357522249221802}
{"apply": 0.01723020076751709, "batch_time": 0.03206345703028425, "d2h": 0.0009184598922729493, "data_time": 0.001818220328796855, "fwd": 0.02883293628692627, "get_state_time_mean": NaN, "get_state_time_total": 0.0, "grad": 0.04828579425811767, "mean_accuracy": 0.4407399892807007, "mean_loss": 1.5869683179855347, "neg_mean_accuracy": -0.4908999800682068, "set_state_time_mean": NaN, "set_state_time_total": 0.0, "setup_model_time_mean": NaN, "setup_model_time_total": 0.0, "setup_proc_time_mean": NaN, "setup_proc_time_total": 0.0, "train_accuracy": 0.46101999282836914, "train_loss": 1.4939546055603028, "training_time_mean": NaN, "training_time_total": 0.0, "val_accuracy": 0.4908999800682068, "val_loss": 1.4218506271362306, "validation_time_mean": NaN, "validation_time_total": 0.0, "samples": 60000, "num_workers": 1, "done": false, "timesteps_total": null, "episodes_total": null, "training_iteration": 6, "neg_mean_loss": -1.5869683179855347, "experiment_id": "c1b06ae3a3584bb1902d749a0cf591f0", "date": "2019-06-06_07-29-30", "timestamp": 1559831370, "time_this_iter_s": 40.401684045791626, "time_total_s": 249.81658244132996, "pid": 25092, "hostname": "steropes", "node_ip": "169.229.49.254", "config": {"starting_lr": 0.001, "momentum": 0.95, "weight_decay": 0.001, "steps_per_iteration": null, "pin": false, "model_creator": null, "target_batch_size": 128, "model_string": "resnet50", "min_batch_size": 128, "dataset": "CIFAR", "placement": null, "use_nccl": true, "devices_per_worker": 1, "primary_resource": "extra_gpu", "gpu": false, "verbose": false, "lr_config": {"mode": "log", "steps": 5, "initial_lr": 0.001, "target_lr": 0.001}, "batch_per_device": 128}, "time_since_restore": 249.81658244132996, "timesteps_since_restore": 0, "iterations_since_restore": 6, "mean_throughput": 1481.7213281879715, "atoms": 1, "setup_time": 13.357522249221802}
{"apply": 0.016750025749206542, "batch_time": 0.03182728079300892, "d2h": 0.000778961181640625, "data_time": 0.0018365785593876752, "fwd": 0.02796790599822998, "get_state_time_mean": NaN, "get_state_time_total": 0.0, "grad": 0.04916505813598633, "mean_accuracy": 0.46661998629570006, "mean_loss": 1.5006177888107302, "neg_mean_accuracy": -0.5127999782562256, "set_state_time_mean": NaN, "set_state_time_total": 0.0, "setup_model_time_mean": NaN, "setup_model_time_total": 0.0, "setup_proc_time_mean": NaN, "setup_proc_time_total": 0.0, "train_accuracy": 0.48019999265670776, "train_loss": 1.4480468910980224, "training_time_mean": NaN, "training_time_total": 0.0, "val_accuracy": 0.5127999782562256, "val_loss": 1.36542587890625, "validation_time_mean": NaN, "validation_time_total": 0.0, "samples": 60000, "num_workers": 1, "done": false, "timesteps_total": null, "episodes_total": null, "training_iteration": 7, "neg_mean_loss": -1.5006177888107302, "experiment_id": "c1b06ae3a3584bb1902d749a0cf591f0", "date": "2019-06-06_07-30-11", "timestamp": 1559831411, "time_this_iter_s": 40.476361989974976, "time_total_s": 290.29294443130493, "pid": 25092, "hostname": "steropes", "node_ip": "169.229.49.254", "config": {"starting_lr": 0.001, "momentum": 0.95, "weight_decay": 0.001, "steps_per_iteration": null, "pin": false, "model_creator": null, "target_batch_size": 128, "model_string": "resnet50", "min_batch_size": 128, "dataset": "CIFAR", "placement": null, "use_nccl": true, "devices_per_worker": 1, "primary_resource": "extra_gpu", "gpu": false, "verbose": false, "lr_config": {"mode": "log", "steps": 5, "initial_lr": 0.001, "target_lr": 0.001}, "batch_per_device": 128}, "time_since_restore": 290.29294443130493, "timesteps_since_restore": 0, "iterations_since_restore": 7, "mean_throughput": 1482.3707609345424, "atoms": 1, "setup_time": 13.357522249221802}
{"apply": 0.01708087921142578, "batch_time": 0.03213499769379821, "d2h": 0.000674128532409668, "data_time": 0.0018327413007731329, "fwd": 0.028504157066345216, "get_state_time_mean": NaN, "get_state_time_total": 0.0, "grad": 0.04779667854309082, "mean_accuracy": 0.4837199807167053, "mean_loss": 1.4486485439682009, "neg_mean_accuracy": -0.5133999586105347, "set_state_time_mean": NaN, "set_state_time_total": 0.0, "setup_model_time_mean": NaN, "setup_model_time_total": 0.0, "setup_proc_time_mean": NaN, "setup_proc_time_total": 0.0, "train_accuracy": 0.49977999925613403, "train_loss": 1.4034516848373413, "training_time_mean": NaN, "training_time_total": 0.0, "val_accuracy": 0.5133999586105347, "val_loss": 1.3491475101470947, "validation_time_mean": NaN, "validation_time_total": 0.0, "samples": 60000, "num_workers": 1, "done": true, "timesteps_total": null, "episodes_total": null, "training_iteration": 8, "neg_mean_loss": -1.4486485439682009, "experiment_id": "c1b06ae3a3584bb1902d749a0cf591f0", "date": "2019-06-06_07-30-51", "timestamp": 1559831451, "time_this_iter_s": 40.5525860786438, "time_total_s": 330.84553050994873, "pid": 25092, "hostname": "steropes", "node_ip": "169.229.49.254", "config": {"starting_lr": 0.001, "momentum": 0.95, "weight_decay": 0.001, "steps_per_iteration": null, "pin": false, "model_creator": null, "target_batch_size": 128, "model_string": "resnet50", "min_batch_size": 128, "dataset": "CIFAR", "placement": null, "use_nccl": true, "devices_per_worker": 1, "primary_resource": "extra_gpu", "gpu": false, "verbose": false, "lr_config": {"mode": "log", "steps": 5, "initial_lr": 0.001, "target_lr": 0.001}, "batch_per_device": 128}, "time_since_restore": 330.84553050994873, "timesteps_since_restore": 0, "iterations_since_restore": 8, "mean_throughput": 1482.134082061399, "atoms": 1, "setup_time": 13.357522249221802}
