apply,batch_time,d2h,data_time,fwd,get_state_time_mean,get_state_time_total,grad,mean_accuracy,mean_loss,neg_mean_accuracy,set_state_time_mean,set_state_time_total,setup_model_time_mean,setup_model_time_total,setup_proc_time_mean,setup_proc_time_total,train_accuracy,train_loss,training_time_mean,training_time_total,val_accuracy,val_loss,validation_time_mean,validation_time_total,samples,num_workers,done,timesteps_total,episodes_total,training_iteration,neg_mean_loss,experiment_id,date,timestamp,time_this_iter_s,time_total_s,pid,hostname,node_ip,config,time_since_restore,timesteps_since_restore,iterations_since_restore,mean_throughput,atoms,setup_time
0.017255830764770507,0.04144400584546826,0.0006888628005981446,0.0019094242769129137,0.11857023239135742,nan,0.0,0.16402533054351806,0.33649998903274536,3.59725193939209,-0.33649998903274536,nan,0.0,10.597521305084229,10.597521305084229,0.2585489749908447,0.2585489749908447,0.2623800039291382,2.6046832032775877,nan,0.0,0.33649998903274536,3.59725193939209,nan,0.0,60000,1,False,,,1,-3.59725193939209,83945e2576dd42869ffbe8778ea9d7de,2019-06-06_07-12-05,1559830325,46.43643045425415,46.43643045425415,10552,steropes,169.229.49.254,"{'starting_lr': 0.01, 'momentum': 0.9, 'weight_decay': 0.0005, 'steps_per_iteration': None, 'pin': False, 'model_creator': None, 'target_batch_size': 128, 'model_string': 'resnet50', 'min_batch_size': 128, 'dataset': 'CIFAR', 'placement': None, 'use_nccl': True, 'devices_per_worker': 1, 'primary_resource': 'extra_gpu', 'gpu': False, 'verbose': False, 'lr_config': {'mode': 'log', 'steps': 5, 'initial_lr': 0.01, 'target_lr': 0.01}, 'batch_per_device': 128}",46.43643045425415,0,1,1292.0866302754969,1,11.275575876235962
0.017960119247436523,0.033611997773375694,0.0007488250732421875,0.001846405551256731,0.02820289134979248,nan,0.0,0.04848945140838623,0.36719998717308044,37.745224327850345,-0.3978999853134155,nan,0.0,nan,0.0,nan,0.0,0.36817997694015503,2.04291068901062,nan,0.0,0.3978999853134155,71.8931967163086,nan,0.0,60000,1,False,,,2,-37.745224327850345,83945e2576dd42869ffbe8778ea9d7de,2019-06-06_07-12-46,1559830366,41.10595965385437,87.54239010810852,10552,steropes,169.229.49.254,"{'starting_lr': 0.01, 'momentum': 0.9, 'weight_decay': 0.0005, 'steps_per_iteration': None, 'pin': False, 'model_creator': None, 'target_batch_size': 128, 'model_string': 'resnet50', 'min_batch_size': 128, 'dataset': 'CIFAR', 'placement': None, 'use_nccl': True, 'devices_per_worker': 1, 'primary_resource': 'extra_gpu', 'gpu': False, 'verbose': False, 'lr_config': {'mode': 'log', 'steps': 5, 'initial_lr': 0.01, 'target_lr': 0.01}, 'batch_per_device': 128}",87.54239010810852,0,2,1370.7618574310384,1,11.275575876235962
0.017160558700561525,0.031266321109820014,0.0007423877716064454,0.0018129007285818115,0.028017163276672363,nan,0.0,0.04880712032318115,0.3151666571696599,28.709029901631677,-0.2110999971628189,nan,0.0,nan,0.0,nan,0.0,0.3633599877357483,2.0468012937164306,nan,0.0,0.2110999971628189,10.636641049194337,nan,0.0,60000,1,False,,,3,-28.709029901631677,83945e2576dd42869ffbe8778ea9d7de,2019-06-06_07-13-27,1559830407,41.013264179229736,128.55565428733826,10552,steropes,169.229.49.254,"{'starting_lr': 0.01, 'momentum': 0.9, 'weight_decay': 0.0005, 'steps_per_iteration': None, 'pin': False, 'model_creator': None, 'target_batch_size': 128, 'model_string': 'resnet50', 'min_batch_size': 128, 'dataset': 'CIFAR', 'placement': None, 'use_nccl': True, 'devices_per_worker': 1, 'primary_resource': 'extra_gpu', 'gpu': False, 'verbose': False, 'lr_config': {'mode': 'log', 'steps': 5, 'initial_lr': 0.01, 'target_lr': 0.01}, 'batch_per_device': 128}",128.55565428733826,0,3,1400.1668568877126,1,11.275575876235962
0.018366265296936034,0.032635118387922456,0.0006936073303222656,0.0018551063049784707,0.028567409515380858,nan,0.0,0.04781274795532227,0.34312498942017555,22.12313407840729,-0.4269999861717224,nan,0.0,nan,0.0,nan,0.0,0.3805199861526489,1.8940879866790772,nan,0.0,0.4269999861717224,2.365446608734131,nan,0.0,60000,1,False,,,4,-22.12313407840729,83945e2576dd42869ffbe8778ea9d7de,2019-06-06_07-14-08,1559830448,40.91257071495056,169.46822500228882,10552,steropes,169.229.49.254,"{'starting_lr': 0.01, 'momentum': 0.9, 'weight_decay': 0.0005, 'steps_per_iteration': None, 'pin': False, 'model_creator': None, 'target_batch_size': 128, 'model_string': 'resnet50', 'min_batch_size': 128, 'dataset': 'CIFAR', 'placement': None, 'use_nccl': True, 'devices_per_worker': 1, 'primary_resource': 'extra_gpu', 'gpu': False, 'verbose': False, 'lr_config': {'mode': 'log', 'steps': 5, 'initial_lr': 0.01, 'target_lr': 0.01}, 'batch_per_device': 128}",169.46822500228882,0,4,1416.1901232498776,1,11.275575876235962
0.018137288093566895,0.03148012825205356,0.0007422447204589843,0.0018315510371761858,0.0291534423828125,nan,0.0,0.047671937942504884,0.3668399900197983,18.01299215866089,-0.4616999924182892,nan,0.0,nan,0.0,nan,0.0,0.42239999771118164,1.7195889945220948,nan,0.0,0.4616999924182892,1.5724244796752929,nan,0.0,60000,1,False,,,5,-18.01299215866089,83945e2576dd42869ffbe8778ea9d7de,2019-06-06_07-14-49,1559830489,41.05937385559082,210.52759885787964,10552,steropes,169.229.49.254,"{'starting_lr': 0.01, 'momentum': 0.9, 'weight_decay': 0.0005, 'steps_per_iteration': None, 'pin': False, 'model_creator': None, 'target_batch_size': 128, 'model_string': 'resnet50', 'min_batch_size': 128, 'dataset': 'CIFAR', 'placement': None, 'use_nccl': True, 'devices_per_worker': 1, 'primary_resource': 'extra_gpu', 'gpu': False, 'verbose': False, 'lr_config': {'mode': 'log', 'steps': 5, 'initial_lr': 0.01, 'target_lr': 0.01}, 'batch_per_device': 128}",210.52759885787964,0,5,1424.9871146368862,1,11.275575876235962
0.01711575984954834,0.03138883204399785,0.0006885290145874024,0.0018312607884711926,0.02781674861907959,nan,0.0,0.04790315628051758,0.39341998994350436,17.58252106327057,-0.46939998865127563,nan,0.0,nan,0.0,nan,0.0,0.4408399760723114,1.6767701779556274,nan,0.0,0.46939998865127563,1.4448964624404907,nan,0.0,60000,1,False,,,6,-17.58252106327057,83945e2576dd42869ffbe8778ea9d7de,2019-06-06_07-15-30,1559830530,41.035160064697266,251.5627589225769,10552,steropes,169.229.49.254,"{'starting_lr': 0.01, 'momentum': 0.9, 'weight_decay': 0.0005, 'steps_per_iteration': None, 'pin': False, 'model_creator': None, 'target_batch_size': 128, 'model_string': 'resnet50', 'min_batch_size': 128, 'dataset': 'CIFAR', 'placement': None, 'use_nccl': True, 'devices_per_worker': 1, 'primary_resource': 'extra_gpu', 'gpu': False, 'verbose': False, 'lr_config': {'mode': 'log', 'steps': 5, 'initial_lr': 0.01, 'target_lr': 0.01}, 'batch_per_device': 128}",251.5627589225769,0,6,1462.5089502442747,1,11.275575876235962
0.02348597049713135,0.032129698161837424,0.0007768392562866211,0.0018559081475143238,0.0324002742767334,nan,0.0,0.049684691429138186,0.3886999934911728,3.654064834899903,-0.3743000030517578,nan,0.0,nan,0.0,nan,0.0,0.37845999002456665,1.8416772997665405,nan,0.0,0.3743000030517578,2.250915574455261,nan,0.0,60000,1,False,,,7,-3.654064834899903,83945e2576dd42869ffbe8778ea9d7de,2019-06-06_07-16-11,1559830571,41.14969611167908,292.712455034256,10552,steropes,169.229.49.254,"{'starting_lr': 0.01, 'momentum': 0.9, 'weight_decay': 0.0005, 'steps_per_iteration': None, 'pin': False, 'model_creator': None, 'target_batch_size': 128, 'model_string': 'resnet50', 'min_batch_size': 128, 'dataset': 'CIFAR', 'placement': None, 'use_nccl': True, 'devices_per_worker': 1, 'primary_resource': 'extra_gpu', 'gpu': False, 'verbose': False, 'lr_config': {'mode': 'log', 'steps': 5, 'initial_lr': 0.01, 'target_lr': 0.01}, 'batch_per_device': 128}",292.712455034256,0,7,1462.1972111115238,1,11.275575876235962
0.01825098991394043,0.0321086931832229,0.0007890939712524414,0.0018161629776820502,0.029271817207336424,nan,0.0,0.04943490028381348,0.4431999921798706,2.0200129128265383,-0.483599990606308,nan,0.0,nan,0.0,nan,0.0,0.42791998386383057,1.6633594955444335,nan,0.0,0.483599990606308,2.4663814388275145,nan,0.0,60000,1,True,,,8,-2.0200129128265383,83945e2576dd42869ffbe8778ea9d7de,2019-06-06_07-16-52,1559830612,41.0999710559845,333.8124260902405,10552,steropes,169.229.49.254,"{'starting_lr': 0.01, 'momentum': 0.9, 'weight_decay': 0.0005, 'steps_per_iteration': None, 'pin': False, 'model_creator': None, 'target_batch_size': 128, 'model_string': 'resnet50', 'min_batch_size': 128, 'dataset': 'CIFAR', 'placement': None, 'use_nccl': True, 'devices_per_worker': 1, 'primary_resource': 'extra_gpu', 'gpu': False, 'verbose': False, 'lr_config': {'mode': 'log', 'steps': 5, 'initial_lr': 0.01, 'target_lr': 0.01}, 'batch_per_device': 128}",333.8124260902405,0,8,1461.5810189609654,1,11.275575876235962
