{"apply": 0.017255830764770507, "batch_time": 0.04144400584546826, "d2h": 0.0006888628005981446, "data_time": 0.0019094242769129137, "fwd": 0.11857023239135742, "get_state_time_mean": NaN, "get_state_time_total": 0.0, "grad": 0.16402533054351806, "mean_accuracy": 0.33649998903274536, "mean_loss": 3.59725193939209, "neg_mean_accuracy": -0.33649998903274536, "set_state_time_mean": NaN, "set_state_time_total": 0.0, "setup_model_time_mean": 10.597521305084229, "setup_model_time_total": 10.597521305084229, "setup_proc_time_mean": 0.2585489749908447, "setup_proc_time_total": 0.2585489749908447, "train_accuracy": 0.2623800039291382, "train_loss": 2.6046832032775877, "training_time_mean": NaN, "training_time_total": 0.0, "val_accuracy": 0.33649998903274536, "val_loss": 3.59725193939209, "validation_time_mean": NaN, "validation_time_total": 0.0, "samples": 60000, "num_workers": 1, "done": false, "timesteps_total": null, "episodes_total": null, "training_iteration": 1, "neg_mean_loss": -3.59725193939209, "experiment_id": "83945e2576dd42869ffbe8778ea9d7de", "date": "2019-06-06_07-12-05", "timestamp": 1559830325, "time_this_iter_s": 46.43643045425415, "time_total_s": 46.43643045425415, "pid": 10552, "hostname": "steropes", "node_ip": "169.229.49.254", "config": {"starting_lr": 0.01, "momentum": 0.9, "weight_decay": 0.0005, "steps_per_iteration": null, "pin": false, "model_creator": null, "target_batch_size": 128, "model_string": "resnet50", "min_batch_size": 128, "dataset": "CIFAR", "placement": null, "use_nccl": true, "devices_per_worker": 1, "primary_resource": "extra_gpu", "gpu": false, "verbose": false, "lr_config": {"mode": "log", "steps": 5, "initial_lr": 0.01, "target_lr": 0.01}, "batch_per_device": 128}, "time_since_restore": 46.43643045425415, "timesteps_since_restore": 0, "iterations_since_restore": 1, "mean_throughput": 1292.0866302754969, "atoms": 1, "setup_time": 11.275575876235962}
{"apply": 0.017960119247436523, "batch_time": 0.033611997773375694, "d2h": 0.0007488250732421875, "data_time": 0.001846405551256731, "fwd": 0.02820289134979248, "get_state_time_mean": NaN, "get_state_time_total": 0.0, "grad": 0.04848945140838623, "mean_accuracy": 0.36719998717308044, "mean_loss": 37.745224327850345, "neg_mean_accuracy": -0.3978999853134155, "set_state_time_mean": NaN, "set_state_time_total": 0.0, "setup_model_time_mean": NaN, "setup_model_time_total": 0.0, "setup_proc_time_mean": NaN, "setup_proc_time_total": 0.0, "train_accuracy": 0.36817997694015503, "train_loss": 2.04291068901062, "training_time_mean": NaN, "training_time_total": 0.0, "val_accuracy": 0.3978999853134155, "val_loss": 71.8931967163086, "validation_time_mean": NaN, "validation_time_total": 0.0, "samples": 60000, "num_workers": 1, "done": false, "timesteps_total": null, "episodes_total": null, "training_iteration": 2, "neg_mean_loss": -37.745224327850345, "experiment_id": "83945e2576dd42869ffbe8778ea9d7de", "date": "2019-06-06_07-12-46", "timestamp": 1559830366, "time_this_iter_s": 41.10595965385437, "time_total_s": 87.54239010810852, "pid": 10552, "hostname": "steropes", "node_ip": "169.229.49.254", "config": {"starting_lr": 0.01, "momentum": 0.9, "weight_decay": 0.0005, "steps_per_iteration": null, "pin": false, "model_creator": null, "target_batch_size": 128, "model_string": "resnet50", "min_batch_size": 128, "dataset": "CIFAR", "placement": null, "use_nccl": true, "devices_per_worker": 1, "primary_resource": "extra_gpu", "gpu": false, "verbose": false, "lr_config": {"mode": "log", "steps": 5, "initial_lr": 0.01, "target_lr": 0.01}, "batch_per_device": 128}, "time_since_restore": 87.54239010810852, "timesteps_since_restore": 0, "iterations_since_restore": 2, "mean_throughput": 1370.7618574310384, "atoms": 1, "setup_time": 11.275575876235962}
{"apply": 0.017160558700561525, "batch_time": 0.031266321109820014, "d2h": 0.0007423877716064454, "data_time": 0.0018129007285818115, "fwd": 0.028017163276672363, "get_state_time_mean": NaN, "get_state_time_total": 0.0, "grad": 0.04880712032318115, "mean_accuracy": 0.3151666571696599, "mean_loss": 28.709029901631677, "neg_mean_accuracy": -0.2110999971628189, "set_state_time_mean": NaN, "set_state_time_total": 0.0, "setup_model_time_mean": NaN, "setup_model_time_total": 0.0, "setup_proc_time_mean": NaN, "setup_proc_time_total": 0.0, "train_accuracy": 0.3633599877357483, "train_loss": 2.0468012937164306, "training_time_mean": NaN, "training_time_total": 0.0, "val_accuracy": 0.2110999971628189, "val_loss": 10.636641049194337, "validation_time_mean": NaN, "validation_time_total": 0.0, "samples": 60000, "num_workers": 1, "done": false, "timesteps_total": null, "episodes_total": null, "training_iteration": 3, "neg_mean_loss": -28.709029901631677, "experiment_id": "83945e2576dd42869ffbe8778ea9d7de", "date": "2019-06-06_07-13-27", "timestamp": 1559830407, "time_this_iter_s": 41.013264179229736, "time_total_s": 128.55565428733826, "pid": 10552, "hostname": "steropes", "node_ip": "169.229.49.254", "config": {"starting_lr": 0.01, "momentum": 0.9, "weight_decay": 0.0005, "steps_per_iteration": null, "pin": false, "model_creator": null, "target_batch_size": 128, "model_string": "resnet50", "min_batch_size": 128, "dataset": "CIFAR", "placement": null, "use_nccl": true, "devices_per_worker": 1, "primary_resource": "extra_gpu", "gpu": false, "verbose": false, "lr_config": {"mode": "log", "steps": 5, "initial_lr": 0.01, "target_lr": 0.01}, "batch_per_device": 128}, "time_since_restore": 128.55565428733826, "timesteps_since_restore": 0, "iterations_since_restore": 3, "mean_throughput": 1400.1668568877126, "atoms": 1, "setup_time": 11.275575876235962}
{"apply": 0.018366265296936034, "batch_time": 0.032635118387922456, "d2h": 0.0006936073303222656, "data_time": 0.0018551063049784707, "fwd": 0.028567409515380858, "get_state_time_mean": NaN, "get_state_time_total": 0.0, "grad": 0.04781274795532227, "mean_accuracy": 0.34312498942017555, "mean_loss": 22.12313407840729, "neg_mean_accuracy": -0.4269999861717224, "set_state_time_mean": NaN, "set_state_time_total": 0.0, "setup_model_time_mean": NaN, "setup_model_time_total": 0.0, "setup_proc_time_mean": NaN, "setup_proc_time_total": 0.0, "train_accuracy": 0.3805199861526489, "train_loss": 1.8940879866790772, "training_time_mean": NaN, "training_time_total": 0.0, "val_accuracy": 0.4269999861717224, "val_loss": 2.365446608734131, "validation_time_mean": NaN, "validation_time_total": 0.0, "samples": 60000, "num_workers": 1, "done": false, "timesteps_total": null, "episodes_total": null, "training_iteration": 4, "neg_mean_loss": -22.12313407840729, "experiment_id": "83945e2576dd42869ffbe8778ea9d7de", "date": "2019-06-06_07-14-08", "timestamp": 1559830448, "time_this_iter_s": 40.91257071495056, "time_total_s": 169.46822500228882, "pid": 10552, "hostname": "steropes", "node_ip": "169.229.49.254", "config": {"starting_lr": 0.01, "momentum": 0.9, "weight_decay": 0.0005, "steps_per_iteration": null, "pin": false, "model_creator": null, "target_batch_size": 128, "model_string": "resnet50", "min_batch_size": 128, "dataset": "CIFAR", "placement": null, "use_nccl": true, "devices_per_worker": 1, "primary_resource": "extra_gpu", "gpu": false, "verbose": false, "lr_config": {"mode": "log", "steps": 5, "initial_lr": 0.01, "target_lr": 0.01}, "batch_per_device": 128}, "time_since_restore": 169.46822500228882, "timesteps_since_restore": 0, "iterations_since_restore": 4, "mean_throughput": 1416.1901232498776, "atoms": 1, "setup_time": 11.275575876235962}
{"apply": 0.018137288093566895, "batch_time": 0.03148012825205356, "d2h": 0.0007422447204589843, "data_time": 0.0018315510371761858, "fwd": 0.0291534423828125, "get_state_time_mean": NaN, "get_state_time_total": 0.0, "grad": 0.047671937942504884, "mean_accuracy": 0.3668399900197983, "mean_loss": 18.01299215866089, "neg_mean_accuracy": -0.4616999924182892, "set_state_time_mean": NaN, "set_state_time_total": 0.0, "setup_model_time_mean": NaN, "setup_model_time_total": 0.0, "setup_proc_time_mean": NaN, "setup_proc_time_total": 0.0, "train_accuracy": 0.42239999771118164, "train_loss": 1.7195889945220948, "training_time_mean": NaN, "training_time_total": 0.0, "val_accuracy": 0.4616999924182892, "val_loss": 1.5724244796752929, "validation_time_mean": NaN, "validation_time_total": 0.0, "samples": 60000, "num_workers": 1, "done": false, "timesteps_total": null, "episodes_total": null, "training_iteration": 5, "neg_mean_loss": -18.01299215866089, "experiment_id": "83945e2576dd42869ffbe8778ea9d7de", "date": "2019-06-06_07-14-49", "timestamp": 1559830489, "time_this_iter_s": 41.05937385559082, "time_total_s": 210.52759885787964, "pid": 10552, "hostname": "steropes", "node_ip": "169.229.49.254", "config": {"starting_lr": 0.01, "momentum": 0.9, "weight_decay": 0.0005, "steps_per_iteration": null, "pin": false, "model_creator": null, "target_batch_size": 128, "model_string": "resnet50", "min_batch_size": 128, "dataset": "CIFAR", "placement": null, "use_nccl": true, "devices_per_worker": 1, "primary_resource": "extra_gpu", "gpu": false, "verbose": false, "lr_config": {"mode": "log", "steps": 5, "initial_lr": 0.01, "target_lr": 0.01}, "batch_per_device": 128}, "time_since_restore": 210.52759885787964, "timesteps_since_restore": 0, "iterations_since_restore": 5, "mean_throughput": 1424.9871146368862, "atoms": 1, "setup_time": 11.275575876235962}
{"apply": 0.01711575984954834, "batch_time": 0.03138883204399785, "d2h": 0.0006885290145874024, "data_time": 0.0018312607884711926, "fwd": 0.02781674861907959, "get_state_time_mean": NaN, "get_state_time_total": 0.0, "grad": 0.04790315628051758, "mean_accuracy": 0.39341998994350436, "mean_loss": 17.58252106327057, "neg_mean_accuracy": -0.46939998865127563, "set_state_time_mean": NaN, "set_state_time_total": 0.0, "setup_model_time_mean": NaN, "setup_model_time_total": 0.0, "setup_proc_time_mean": NaN, "setup_proc_time_total": 0.0, "train_accuracy": 0.4408399760723114, "train_loss": 1.6767701779556274, "training_time_mean": NaN, "training_time_total": 0.0, "val_accuracy": 0.46939998865127563, "val_loss": 1.4448964624404907, "validation_time_mean": NaN, "validation_time_total": 0.0, "samples": 60000, "num_workers": 1, "done": false, "timesteps_total": null, "episodes_total": null, "training_iteration": 6, "neg_mean_loss": -17.58252106327057, "experiment_id": "83945e2576dd42869ffbe8778ea9d7de", "date": "2019-06-06_07-15-30", "timestamp": 1559830530, "time_this_iter_s": 41.035160064697266, "time_total_s": 251.5627589225769, "pid": 10552, "hostname": "steropes", "node_ip": "169.229.49.254", "config": {"starting_lr": 0.01, "momentum": 0.9, "weight_decay": 0.0005, "steps_per_iteration": null, "pin": false, "model_creator": null, "target_batch_size": 128, "model_string": "resnet50", "min_batch_size": 128, "dataset": "CIFAR", "placement": null, "use_nccl": true, "devices_per_worker": 1, "primary_resource": "extra_gpu", "gpu": false, "verbose": false, "lr_config": {"mode": "log", "steps": 5, "initial_lr": 0.01, "target_lr": 0.01}, "batch_per_device": 128}, "time_since_restore": 251.5627589225769, "timesteps_since_restore": 0, "iterations_since_restore": 6, "mean_throughput": 1462.5089502442747, "atoms": 1, "setup_time": 11.275575876235962}
{"apply": 0.02348597049713135, "batch_time": 0.032129698161837424, "d2h": 0.0007768392562866211, "data_time": 0.0018559081475143238, "fwd": 0.0324002742767334, "get_state_time_mean": NaN, "get_state_time_total": 0.0, "grad": 0.049684691429138186, "mean_accuracy": 0.3886999934911728, "mean_loss": 3.654064834899903, "neg_mean_accuracy": -0.3743000030517578, "set_state_time_mean": NaN, "set_state_time_total": 0.0, "setup_model_time_mean": NaN, "setup_model_time_total": 0.0, "setup_proc_time_mean": NaN, "setup_proc_time_total": 0.0, "train_accuracy": 0.37845999002456665, "train_loss": 1.8416772997665405, "training_time_mean": NaN, "training_time_total": 0.0, "val_accuracy": 0.3743000030517578, "val_loss": 2.250915574455261, "validation_time_mean": NaN, "validation_time_total": 0.0, "samples": 60000, "num_workers": 1, "done": false, "timesteps_total": null, "episodes_total": null, "training_iteration": 7, "neg_mean_loss": -3.654064834899903, "experiment_id": "83945e2576dd42869ffbe8778ea9d7de", "date": "2019-06-06_07-16-11", "timestamp": 1559830571, "time_this_iter_s": 41.14969611167908, "time_total_s": 292.712455034256, "pid": 10552, "hostname": "steropes", "node_ip": "169.229.49.254", "config": {"starting_lr": 0.01, "momentum": 0.9, "weight_decay": 0.0005, "steps_per_iteration": null, "pin": false, "model_creator": null, "target_batch_size": 128, "model_string": "resnet50", "min_batch_size": 128, "dataset": "CIFAR", "placement": null, "use_nccl": true, "devices_per_worker": 1, "primary_resource": "extra_gpu", "gpu": false, "verbose": false, "lr_config": {"mode": "log", "steps": 5, "initial_lr": 0.01, "target_lr": 0.01}, "batch_per_device": 128}, "time_since_restore": 292.712455034256, "timesteps_since_restore": 0, "iterations_since_restore": 7, "mean_throughput": 1462.1972111115238, "atoms": 1, "setup_time": 11.275575876235962}
{"apply": 0.01825098991394043, "batch_time": 0.0321086931832229, "d2h": 0.0007890939712524414, "data_time": 0.0018161629776820502, "fwd": 0.029271817207336424, "get_state_time_mean": NaN, "get_state_time_total": 0.0, "grad": 0.04943490028381348, "mean_accuracy": 0.4431999921798706, "mean_loss": 2.0200129128265383, "neg_mean_accuracy": -0.483599990606308, "set_state_time_mean": NaN, "set_state_time_total": 0.0, "setup_model_time_mean": NaN, "setup_model_time_total": 0.0, "setup_proc_time_mean": NaN, "setup_proc_time_total": 0.0, "train_accuracy": 0.42791998386383057, "train_loss": 1.6633594955444335, "training_time_mean": NaN, "training_time_total": 0.0, "val_accuracy": 0.483599990606308, "val_loss": 2.4663814388275145, "validation_time_mean": NaN, "validation_time_total": 0.0, "samples": 60000, "num_workers": 1, "done": true, "timesteps_total": null, "episodes_total": null, "training_iteration": 8, "neg_mean_loss": -2.0200129128265383, "experiment_id": "83945e2576dd42869ffbe8778ea9d7de", "date": "2019-06-06_07-16-52", "timestamp": 1559830612, "time_this_iter_s": 41.0999710559845, "time_total_s": 333.8124260902405, "pid": 10552, "hostname": "steropes", "node_ip": "169.229.49.254", "config": {"starting_lr": 0.01, "momentum": 0.9, "weight_decay": 0.0005, "steps_per_iteration": null, "pin": false, "model_creator": null, "target_batch_size": 128, "model_string": "resnet50", "min_batch_size": 128, "dataset": "CIFAR", "placement": null, "use_nccl": true, "devices_per_worker": 1, "primary_resource": "extra_gpu", "gpu": false, "verbose": false, "lr_config": {"mode": "log", "steps": 5, "initial_lr": 0.01, "target_lr": 0.01}, "batch_per_device": 128}, "time_since_restore": 333.8124260902405, "timesteps_since_restore": 0, "iterations_since_restore": 8, "mean_throughput": 1461.5810189609654, "atoms": 1, "setup_time": 11.275575876235962}
