apply,batch_time,d2h,data_time,fwd,get_state_time_mean,get_state_time_total,grad,mean_accuracy,mean_loss,neg_mean_accuracy,set_state_time_mean,set_state_time_total,setup_model_time_mean,setup_model_time_total,setup_proc_time_mean,setup_proc_time_total,train_accuracy,train_loss,training_time_mean,training_time_total,validation_time_mean,validation_time_total,samples,num_workers,done,timesteps_total,episodes_total,training_iteration,neg_mean_loss,experiment_id,date,timestamp,time_this_iter_s,time_total_s,pid,hostname,node_ip,config,time_since_restore,timesteps_since_restore,iterations_since_restore,mean_throughput,atoms,resource_time
0.013226890563964843,0.2066359281539917,0.0054356098175048825,0.030843369814814354,0.08558995723724365,nan,0.0,0.1683588981628418,0.09999999403953552,13.057218170166015,-0.09999999403953552,nan,0.0,9.488506555557251,9.488506555557251,0.28025269508361816,0.28025269508361816,0.12005999684333801,6.336351970672608,nan,0.0,nan,0.0,60000,1,False,,,1,-13.057218170166015,e800594855a04290bd190a71868c6e9b,2019-05-30_14-39-46,1559252386,12.572599649429321,12.572599649429321,23174,steropes,169.229.49.254,"{'starting_lr': 1.0, 'momentum': 0.95, 'weight_decay': 0.005, 'steps_per_iteration': None, 'pin': False, 'model_creator': None, 'target_batch_size': 1024, 'model_string': 'resnet18', 'min_batch_size': 512, 'dataset': 'CIFAR', 'placement': None, 'use_nccl': True, 'devices_per_worker': 1, 'primary_resource': 'extra_gpu', 'gpu': False, 'verbose': False, 'lr_config': {'mode': 'log', 'steps': 5, 'initial_lr': 1.0, 'target_lr': 1.0}, 'batch_per_device': 1024}",12.572599649429321,0,1,4772.206064866654,1,12.572599649429321
0.011080646514892578,0.16387224197387695,0.005012655258178711,0.05445022972262636,0.025546979904174805,nan,0.0,0.04844377040863037,0.09999999403953552,3.2120903228759765,-0.09999999403953552,nan,0.0,nan,0.0,nan,0.0,0.1230199933052063,7.068539234466552,nan,0.0,nan,0.0,60000,1,False,,,2,-3.2120903228759765,e800594855a04290bd190a71868c6e9b,2019-05-30_14-39-56,1559252396,9.79213809967041,22.36473774909973,23174,steropes,169.229.49.254,"{'starting_lr': 1.0, 'momentum': 0.95, 'weight_decay': 0.005, 'steps_per_iteration': None, 'pin': False, 'model_creator': None, 'target_batch_size': 1024, 'model_string': 'resnet18', 'min_batch_size': 512, 'dataset': 'CIFAR', 'placement': None, 'use_nccl': True, 'devices_per_worker': 1, 'primary_resource': 'extra_gpu', 'gpu': False, 'verbose': False, 'lr_config': {'mode': 'log', 'steps': 5, 'initial_lr': 1.0, 'target_lr': 1.0}, 'batch_per_device': 1024}",22.36473774909973,0,2,5365.522543315555,1,22.36473774909973
0.007790136337280274,0.16680967807769775,0.005827879905700684,0.04195119896713568,0.02705113887786865,nan,0.0,0.052852845191955565,0.09999999403953552,8.99982735595703,-0.09999999403953552,nan,0.0,nan,0.0,nan,0.0,0.10865999758243561,7.506570385284424,nan,0.0,nan,0.0,60000,1,False,,,3,-8.99982735595703,e800594855a04290bd190a71868c6e9b,2019-05-30_14-40-05,1559252405,8.900940418243408,31.26567816734314,23174,steropes,169.229.49.254,"{'starting_lr': 1.0, 'momentum': 0.95, 'weight_decay': 0.005, 'steps_per_iteration': None, 'pin': False, 'model_creator': None, 'target_batch_size': 1024, 'model_string': 'resnet18', 'min_batch_size': 512, 'dataset': 'CIFAR', 'placement': None, 'use_nccl': True, 'devices_per_worker': 1, 'primary_resource': 'extra_gpu', 'gpu': False, 'verbose': False, 'lr_config': {'mode': 'log', 'steps': 5, 'initial_lr': 1.0, 'target_lr': 1.0}, 'batch_per_device': 1024}",31.26567816734314,0,3,5757.045754261539,1,31.26567816734314
0.008410096168518066,0.1429574966430664,0.007828283309936523,0.04687489295492367,0.035136866569519046,nan,0.0,0.05895681381225586,0.09999999403953552,3.5053327453613283,-0.09999999403953552,nan,0.0,nan,0.0,nan,0.0,0.12011999636888504,8.710791425323487,nan,0.0,nan,0.0,60000,1,False,,,4,-3.5053327453613283,e800594855a04290bd190a71868c6e9b,2019-05-30_14-40-14,1559252414,9.108129262924194,40.373807430267334,23174,steropes,169.229.49.254,"{'starting_lr': 1.0, 'momentum': 0.95, 'weight_decay': 0.005, 'steps_per_iteration': None, 'pin': False, 'model_creator': None, 'target_batch_size': 1024, 'model_string': 'resnet18', 'min_batch_size': 512, 'dataset': 'CIFAR', 'placement': None, 'use_nccl': True, 'devices_per_worker': 1, 'primary_resource': 'extra_gpu', 'gpu': False, 'verbose': False, 'lr_config': {'mode': 'log', 'steps': 5, 'initial_lr': 1.0, 'target_lr': 1.0}, 'batch_per_device': 1024}",40.373807430267334,0,4,5944.372276298794,1,40.373807430267334
0.008438754081726074,0.1532339096069336,0.00632927417755127,0.04231146403721401,0.030332231521606447,nan,0.0,0.05530946254730225,0.09999999403953552,7.1080007675170895,-0.09999999403953552,nan,0.0,nan,0.0,nan,0.0,0.1198199987411499,7.91937739654541,nan,0.0,nan,0.0,60000,1,False,,,5,-7.1080007675170895,e800594855a04290bd190a71868c6e9b,2019-05-30_14-40-23,1559252423,8.95045280456543,49.324260234832764,23174,steropes,169.229.49.254,"{'starting_lr': 1.0, 'momentum': 0.95, 'weight_decay': 0.005, 'steps_per_iteration': None, 'pin': False, 'model_creator': None, 'target_batch_size': 1024, 'model_string': 'resnet18', 'min_batch_size': 512, 'dataset': 'CIFAR', 'placement': None, 'use_nccl': True, 'devices_per_worker': 1, 'primary_resource': 'extra_gpu', 'gpu': False, 'verbose': False, 'lr_config': {'mode': 'log', 'steps': 5, 'initial_lr': 1.0, 'target_lr': 1.0}, 'batch_per_device': 1024}",49.324260234832764,0,5,6082.126685596007,1,49.324260234832764
0.008999443054199219,0.14347798824310304,0.00793142318725586,0.03785865647452218,0.03158693313598633,nan,0.0,0.05743207931518555,0.09959999471902847,28610.343459375,-0.09959999471902847,nan,0.0,nan,0.0,nan,0.0,0.1048399955034256,15.202590621948243,nan,0.0,nan,0.0,60000,1,False,,,6,-28610.343459375,e800594855a04290bd190a71868c6e9b,2019-05-30_14-40-32,1559252432,8.537810802459717,57.86207103729248,23174,steropes,169.229.49.254,"{'starting_lr': 1.0, 'momentum': 0.95, 'weight_decay': 0.005, 'steps_per_iteration': None, 'pin': False, 'model_creator': None, 'target_batch_size': 1024, 'model_string': 'resnet18', 'min_batch_size': 512, 'dataset': 'CIFAR', 'placement': None, 'use_nccl': True, 'devices_per_worker': 1, 'primary_resource': 'extra_gpu', 'gpu': False, 'verbose': False, 'lr_config': {'mode': 'log', 'steps': 5, 'initial_lr': 1.0, 'target_lr': 1.0}, 'batch_per_device': 1024}",57.86207103729248,0,6,6623.982330757582,1,57.86207103729248
0.008419632911682129,0.15343623161315917,0.006307649612426758,0.032005694447731485,0.029903459548950195,nan,0.0,0.05723679065704346,0.10019999742507935,26.068389013671876,-0.10019999742507935,nan,0.0,nan,0.0,nan,0.0,0.10238000005483627,14.258966409759521,nan,0.0,nan,0.0,60000,1,False,,,7,-26.068389013671876,e800594855a04290bd190a71868c6e9b,2019-05-30_14-40-40,1559252440,8.74360966682434,66.60568070411682,23174,steropes,169.229.49.254,"{'starting_lr': 1.0, 'momentum': 0.95, 'weight_decay': 0.005, 'steps_per_iteration': None, 'pin': False, 'model_creator': None, 'target_batch_size': 1024, 'model_string': 'resnet18', 'min_batch_size': 512, 'dataset': 'CIFAR', 'placement': None, 'use_nccl': True, 'devices_per_worker': 1, 'primary_resource': 'extra_gpu', 'gpu': False, 'verbose': False, 'lr_config': {'mode': 'log', 'steps': 5, 'initial_lr': 1.0, 'target_lr': 1.0}, 'batch_per_device': 1024}",66.60568070411682,0,7,6780.964686409581,1,66.60568070411682
0.00781717300415039,0.1894914150238037,0.007104730606079102,0.042976963276765784,0.03090672492980957,nan,0.0,0.0627025842666626,0.09999999403953552,5139436094.2592,-0.09999999403953552,nan,0.0,nan,0.0,nan,0.0,0.10201999545097351,49.31478376831055,nan,0.0,nan,0.0,60000,1,False,,,8,-5139436094.2592,e800594855a04290bd190a71868c6e9b,2019-05-30_14-40-50,1559252450,9.462178707122803,76.06785941123962,23174,steropes,169.229.49.254,"{'starting_lr': 1.0, 'momentum': 0.95, 'weight_decay': 0.005, 'steps_per_iteration': None, 'pin': False, 'model_creator': None, 'target_batch_size': 1024, 'model_string': 'resnet18', 'min_batch_size': 512, 'dataset': 'CIFAR', 'placement': None, 'use_nccl': True, 'devices_per_worker': 1, 'primary_resource': 'extra_gpu', 'gpu': False, 'verbose': False, 'lr_config': {'mode': 'log', 'steps': 5, 'initial_lr': 1.0, 'target_lr': 1.0}, 'batch_per_device': 1024}",76.06785941123962,0,8,6696.008939497866,1,76.06785941123962
0.007323360443115235,0.1860966682434082,0.006043243408203125,0.04438988529905981,0.03515703678131103,nan,0.0,0.07156257629394532,0.07859999686479568,339.304008203125,-0.07859999686479568,nan,0.0,nan,0.0,nan,0.0,0.10226000100374222,429.028218046875,nan,0.0,nan,0.0,60000,1,False,,,9,-339.304008203125,e800594855a04290bd190a71868c6e9b,2019-05-30_14-40-59,1559252459,9.299291372299194,85.36715078353882,23174,steropes,169.229.49.254,"{'starting_lr': 1.0, 'momentum': 0.95, 'weight_decay': 0.005, 'steps_per_iteration': None, 'pin': False, 'model_creator': None, 'target_batch_size': 1024, 'model_string': 'resnet18', 'min_batch_size': 512, 'dataset': 'CIFAR', 'placement': None, 'use_nccl': True, 'devices_per_worker': 1, 'primary_resource': 'extra_gpu', 'gpu': False, 'verbose': False, 'lr_config': {'mode': 'log', 'steps': 5, 'initial_lr': 1.0, 'target_lr': 1.0}, 'batch_per_device': 1024}",85.36715078353882,0,9,6667.572321105513,1,85.36715078353882
0.008337831497192383,0.15420820713043212,0.005385351181030273,0.03501920797386948,0.03266720771789551,nan,0.0,0.049563121795654294,0.09999999403953552,41.732298889160155,-0.09999999403953552,nan,0.0,nan,0.0,nan,0.0,0.10077999532222748,285.3652819702148,nan,0.0,nan,0.0,60000,1,False,,,10,-41.732298889160155,e800594855a04290bd190a71868c6e9b,2019-05-30_14-41-08,1559252468,8.444050073623657,93.81120085716248,23174,steropes,169.229.49.254,"{'starting_lr': 1.0, 'momentum': 0.95, 'weight_decay': 0.005, 'steps_per_iteration': None, 'pin': False, 'model_creator': None, 'target_batch_size': 1024, 'model_string': 'resnet18', 'min_batch_size': 512, 'dataset': 'CIFAR', 'placement': None, 'use_nccl': True, 'devices_per_worker': 1, 'primary_resource': 'extra_gpu', 'gpu': False, 'verbose': False, 'lr_config': {'mode': 'log', 'steps': 5, 'initial_lr': 1.0, 'target_lr': 1.0}, 'batch_per_device': 1024}",93.81120085716248,0,10,6743.46615298134,1,93.81120085716248
0.007753157615661621,0.15159780979156495,0.0067852258682250975,0.04324851717267718,0.0327643871307373,nan,0.0,0.06237435340881348,0.09999999403953552,320.2590864746094,-0.09999999403953552,nan,0.0,nan,0.0,nan,0.0,0.10012000054121017,231.26732354003906,nan,0.0,nan,0.0,60000,1,True,,,11,-320.2590864746094,e800594855a04290bd190a71868c6e9b,2019-05-30_14-41-16,1559252476,8.657002687454224,102.4682035446167,23174,steropes,169.229.49.254,"{'starting_lr': 1.0, 'momentum': 0.95, 'weight_decay': 0.005, 'steps_per_iteration': None, 'pin': False, 'model_creator': None, 'target_batch_size': 1024, 'model_string': 'resnet18', 'min_batch_size': 512, 'dataset': 'CIFAR', 'placement': None, 'use_nccl': True, 'devices_per_worker': 1, 'primary_resource': 'extra_gpu', 'gpu': False, 'verbose': False, 'lr_config': {'mode': 'log', 'steps': 5, 'initial_lr': 1.0, 'target_lr': 1.0}, 'batch_per_device': 1024}",102.4682035446167,0,11,6725.4494910480635,1,102.4682035446167
