{"apply": 0.013226890563964843, "batch_time": 0.2066359281539917, "d2h": 0.0054356098175048825, "data_time": 0.030843369814814354, "fwd": 0.08558995723724365, "get_state_time_mean": NaN, "get_state_time_total": 0.0, "grad": 0.1683588981628418, "mean_accuracy": 0.09999999403953552, "mean_loss": 13.057218170166015, "neg_mean_accuracy": -0.09999999403953552, "set_state_time_mean": NaN, "set_state_time_total": 0.0, "setup_model_time_mean": 9.488506555557251, "setup_model_time_total": 9.488506555557251, "setup_proc_time_mean": 0.28025269508361816, "setup_proc_time_total": 0.28025269508361816, "train_accuracy": 0.12005999684333801, "train_loss": 6.336351970672608, "training_time_mean": NaN, "training_time_total": 0.0, "validation_time_mean": NaN, "validation_time_total": 0.0, "samples": 60000, "num_workers": 1, "done": false, "timesteps_total": null, "episodes_total": null, "training_iteration": 1, "neg_mean_loss": -13.057218170166015, "experiment_id": "e800594855a04290bd190a71868c6e9b", "date": "2019-05-30_14-39-46", "timestamp": 1559252386, "time_this_iter_s": 12.572599649429321, "time_total_s": 12.572599649429321, "pid": 23174, "hostname": "steropes", "node_ip": "169.229.49.254", "config": {"starting_lr": 1.0, "momentum": 0.95, "weight_decay": 0.005, "steps_per_iteration": null, "pin": false, "model_creator": null, "target_batch_size": 1024, "model_string": "resnet18", "min_batch_size": 512, "dataset": "CIFAR", "placement": null, "use_nccl": true, "devices_per_worker": 1, "primary_resource": "extra_gpu", "gpu": false, "verbose": false, "lr_config": {"mode": "log", "steps": 5, "initial_lr": 1.0, "target_lr": 1.0}, "batch_per_device": 1024}, "time_since_restore": 12.572599649429321, "timesteps_since_restore": 0, "iterations_since_restore": 1, "mean_throughput": 4772.206064866654, "atoms": 1, "resource_time": 12.572599649429321}
{"apply": 0.011080646514892578, "batch_time": 0.16387224197387695, "d2h": 0.005012655258178711, "data_time": 0.05445022972262636, "fwd": 0.025546979904174805, "get_state_time_mean": NaN, "get_state_time_total": 0.0, "grad": 0.04844377040863037, "mean_accuracy": 0.09999999403953552, "mean_loss": 3.2120903228759765, "neg_mean_accuracy": -0.09999999403953552, "set_state_time_mean": NaN, "set_state_time_total": 0.0, "setup_model_time_mean": NaN, "setup_model_time_total": 0.0, "setup_proc_time_mean": NaN, "setup_proc_time_total": 0.0, "train_accuracy": 0.1230199933052063, "train_loss": 7.068539234466552, "training_time_mean": NaN, "training_time_total": 0.0, "validation_time_mean": NaN, "validation_time_total": 0.0, "samples": 60000, "num_workers": 1, "done": false, "timesteps_total": null, "episodes_total": null, "training_iteration": 2, "neg_mean_loss": -3.2120903228759765, "experiment_id": "e800594855a04290bd190a71868c6e9b", "date": "2019-05-30_14-39-56", "timestamp": 1559252396, "time_this_iter_s": 9.79213809967041, "time_total_s": 22.36473774909973, "pid": 23174, "hostname": "steropes", "node_ip": "169.229.49.254", "config": {"starting_lr": 1.0, "momentum": 0.95, "weight_decay": 0.005, "steps_per_iteration": null, "pin": false, "model_creator": null, "target_batch_size": 1024, "model_string": "resnet18", "min_batch_size": 512, "dataset": "CIFAR", "placement": null, "use_nccl": true, "devices_per_worker": 1, "primary_resource": "extra_gpu", "gpu": false, "verbose": false, "lr_config": {"mode": "log", "steps": 5, "initial_lr": 1.0, "target_lr": 1.0}, "batch_per_device": 1024}, "time_since_restore": 22.36473774909973, "timesteps_since_restore": 0, "iterations_since_restore": 2, "mean_throughput": 5365.522543315555, "atoms": 1, "resource_time": 22.36473774909973}
{"apply": 0.007790136337280274, "batch_time": 0.16680967807769775, "d2h": 0.005827879905700684, "data_time": 0.04195119896713568, "fwd": 0.02705113887786865, "get_state_time_mean": NaN, "get_state_time_total": 0.0, "grad": 0.052852845191955565, "mean_accuracy": 0.09999999403953552, "mean_loss": 8.99982735595703, "neg_mean_accuracy": -0.09999999403953552, "set_state_time_mean": NaN, "set_state_time_total": 0.0, "setup_model_time_mean": NaN, "setup_model_time_total": 0.0, "setup_proc_time_mean": NaN, "setup_proc_time_total": 0.0, "train_accuracy": 0.10865999758243561, "train_loss": 7.506570385284424, "training_time_mean": NaN, "training_time_total": 0.0, "validation_time_mean": NaN, "validation_time_total": 0.0, "samples": 60000, "num_workers": 1, "done": false, "timesteps_total": null, "episodes_total": null, "training_iteration": 3, "neg_mean_loss": -8.99982735595703, "experiment_id": "e800594855a04290bd190a71868c6e9b", "date": "2019-05-30_14-40-05", "timestamp": 1559252405, "time_this_iter_s": 8.900940418243408, "time_total_s": 31.26567816734314, "pid": 23174, "hostname": "steropes", "node_ip": "169.229.49.254", "config": {"starting_lr": 1.0, "momentum": 0.95, "weight_decay": 0.005, "steps_per_iteration": null, "pin": false, "model_creator": null, "target_batch_size": 1024, "model_string": "resnet18", "min_batch_size": 512, "dataset": "CIFAR", "placement": null, "use_nccl": true, "devices_per_worker": 1, "primary_resource": "extra_gpu", "gpu": false, "verbose": false, "lr_config": {"mode": "log", "steps": 5, "initial_lr": 1.0, "target_lr": 1.0}, "batch_per_device": 1024}, "time_since_restore": 31.26567816734314, "timesteps_since_restore": 0, "iterations_since_restore": 3, "mean_throughput": 5757.045754261539, "atoms": 1, "resource_time": 31.26567816734314}
{"apply": 0.008410096168518066, "batch_time": 0.1429574966430664, "d2h": 0.007828283309936523, "data_time": 0.04687489295492367, "fwd": 0.035136866569519046, "get_state_time_mean": NaN, "get_state_time_total": 0.0, "grad": 0.05895681381225586, "mean_accuracy": 0.09999999403953552, "mean_loss": 3.5053327453613283, "neg_mean_accuracy": -0.09999999403953552, "set_state_time_mean": NaN, "set_state_time_total": 0.0, "setup_model_time_mean": NaN, "setup_model_time_total": 0.0, "setup_proc_time_mean": NaN, "setup_proc_time_total": 0.0, "train_accuracy": 0.12011999636888504, "train_loss": 8.710791425323487, "training_time_mean": NaN, "training_time_total": 0.0, "validation_time_mean": NaN, "validation_time_total": 0.0, "samples": 60000, "num_workers": 1, "done": false, "timesteps_total": null, "episodes_total": null, "training_iteration": 4, "neg_mean_loss": -3.5053327453613283, "experiment_id": "e800594855a04290bd190a71868c6e9b", "date": "2019-05-30_14-40-14", "timestamp": 1559252414, "time_this_iter_s": 9.108129262924194, "time_total_s": 40.373807430267334, "pid": 23174, "hostname": "steropes", "node_ip": "169.229.49.254", "config": {"starting_lr": 1.0, "momentum": 0.95, "weight_decay": 0.005, "steps_per_iteration": null, "pin": false, "model_creator": null, "target_batch_size": 1024, "model_string": "resnet18", "min_batch_size": 512, "dataset": "CIFAR", "placement": null, "use_nccl": true, "devices_per_worker": 1, "primary_resource": "extra_gpu", "gpu": false, "verbose": false, "lr_config": {"mode": "log", "steps": 5, "initial_lr": 1.0, "target_lr": 1.0}, "batch_per_device": 1024}, "time_since_restore": 40.373807430267334, "timesteps_since_restore": 0, "iterations_since_restore": 4, "mean_throughput": 5944.372276298794, "atoms": 1, "resource_time": 40.373807430267334}
{"apply": 0.008438754081726074, "batch_time": 0.1532339096069336, "d2h": 0.00632927417755127, "data_time": 0.04231146403721401, "fwd": 0.030332231521606447, "get_state_time_mean": NaN, "get_state_time_total": 0.0, "grad": 0.05530946254730225, "mean_accuracy": 0.09999999403953552, "mean_loss": 7.1080007675170895, "neg_mean_accuracy": -0.09999999403953552, "set_state_time_mean": NaN, "set_state_time_total": 0.0, "setup_model_time_mean": NaN, "setup_model_time_total": 0.0, "setup_proc_time_mean": NaN, "setup_proc_time_total": 0.0, "train_accuracy": 0.1198199987411499, "train_loss": 7.91937739654541, "training_time_mean": NaN, "training_time_total": 0.0, "validation_time_mean": NaN, "validation_time_total": 0.0, "samples": 60000, "num_workers": 1, "done": false, "timesteps_total": null, "episodes_total": null, "training_iteration": 5, "neg_mean_loss": -7.1080007675170895, "experiment_id": "e800594855a04290bd190a71868c6e9b", "date": "2019-05-30_14-40-23", "timestamp": 1559252423, "time_this_iter_s": 8.95045280456543, "time_total_s": 49.324260234832764, "pid": 23174, "hostname": "steropes", "node_ip": "169.229.49.254", "config": {"starting_lr": 1.0, "momentum": 0.95, "weight_decay": 0.005, "steps_per_iteration": null, "pin": false, "model_creator": null, "target_batch_size": 1024, "model_string": "resnet18", "min_batch_size": 512, "dataset": "CIFAR", "placement": null, "use_nccl": true, "devices_per_worker": 1, "primary_resource": "extra_gpu", "gpu": false, "verbose": false, "lr_config": {"mode": "log", "steps": 5, "initial_lr": 1.0, "target_lr": 1.0}, "batch_per_device": 1024}, "time_since_restore": 49.324260234832764, "timesteps_since_restore": 0, "iterations_since_restore": 5, "mean_throughput": 6082.126685596007, "atoms": 1, "resource_time": 49.324260234832764}
{"apply": 0.008999443054199219, "batch_time": 0.14347798824310304, "d2h": 0.00793142318725586, "data_time": 0.03785865647452218, "fwd": 0.03158693313598633, "get_state_time_mean": NaN, "get_state_time_total": 0.0, "grad": 0.05743207931518555, "mean_accuracy": 0.09959999471902847, "mean_loss": 28610.343459375, "neg_mean_accuracy": -0.09959999471902847, "set_state_time_mean": NaN, "set_state_time_total": 0.0, "setup_model_time_mean": NaN, "setup_model_time_total": 0.0, "setup_proc_time_mean": NaN, "setup_proc_time_total": 0.0, "train_accuracy": 0.1048399955034256, "train_loss": 15.202590621948243, "training_time_mean": NaN, "training_time_total": 0.0, "validation_time_mean": NaN, "validation_time_total": 0.0, "samples": 60000, "num_workers": 1, "done": false, "timesteps_total": null, "episodes_total": null, "training_iteration": 6, "neg_mean_loss": -28610.343459375, "experiment_id": "e800594855a04290bd190a71868c6e9b", "date": "2019-05-30_14-40-32", "timestamp": 1559252432, "time_this_iter_s": 8.537810802459717, "time_total_s": 57.86207103729248, "pid": 23174, "hostname": "steropes", "node_ip": "169.229.49.254", "config": {"starting_lr": 1.0, "momentum": 0.95, "weight_decay": 0.005, "steps_per_iteration": null, "pin": false, "model_creator": null, "target_batch_size": 1024, "model_string": "resnet18", "min_batch_size": 512, "dataset": "CIFAR", "placement": null, "use_nccl": true, "devices_per_worker": 1, "primary_resource": "extra_gpu", "gpu": false, "verbose": false, "lr_config": {"mode": "log", "steps": 5, "initial_lr": 1.0, "target_lr": 1.0}, "batch_per_device": 1024}, "time_since_restore": 57.86207103729248, "timesteps_since_restore": 0, "iterations_since_restore": 6, "mean_throughput": 6623.982330757582, "atoms": 1, "resource_time": 57.86207103729248}
{"apply": 0.008419632911682129, "batch_time": 0.15343623161315917, "d2h": 0.006307649612426758, "data_time": 0.032005694447731485, "fwd": 0.029903459548950195, "get_state_time_mean": NaN, "get_state_time_total": 0.0, "grad": 0.05723679065704346, "mean_accuracy": 0.10019999742507935, "mean_loss": 26.068389013671876, "neg_mean_accuracy": -0.10019999742507935, "set_state_time_mean": NaN, "set_state_time_total": 0.0, "setup_model_time_mean": NaN, "setup_model_time_total": 0.0, "setup_proc_time_mean": NaN, "setup_proc_time_total": 0.0, "train_accuracy": 0.10238000005483627, "train_loss": 14.258966409759521, "training_time_mean": NaN, "training_time_total": 0.0, "validation_time_mean": NaN, "validation_time_total": 0.0, "samples": 60000, "num_workers": 1, "done": false, "timesteps_total": null, "episodes_total": null, "training_iteration": 7, "neg_mean_loss": -26.068389013671876, "experiment_id": "e800594855a04290bd190a71868c6e9b", "date": "2019-05-30_14-40-40", "timestamp": 1559252440, "time_this_iter_s": 8.74360966682434, "time_total_s": 66.60568070411682, "pid": 23174, "hostname": "steropes", "node_ip": "169.229.49.254", "config": {"starting_lr": 1.0, "momentum": 0.95, "weight_decay": 0.005, "steps_per_iteration": null, "pin": false, "model_creator": null, "target_batch_size": 1024, "model_string": "resnet18", "min_batch_size": 512, "dataset": "CIFAR", "placement": null, "use_nccl": true, "devices_per_worker": 1, "primary_resource": "extra_gpu", "gpu": false, "verbose": false, "lr_config": {"mode": "log", "steps": 5, "initial_lr": 1.0, "target_lr": 1.0}, "batch_per_device": 1024}, "time_since_restore": 66.60568070411682, "timesteps_since_restore": 0, "iterations_since_restore": 7, "mean_throughput": 6780.964686409581, "atoms": 1, "resource_time": 66.60568070411682}
{"apply": 0.00781717300415039, "batch_time": 0.1894914150238037, "d2h": 0.007104730606079102, "data_time": 0.042976963276765784, "fwd": 0.03090672492980957, "get_state_time_mean": NaN, "get_state_time_total": 0.0, "grad": 0.0627025842666626, "mean_accuracy": 0.09999999403953552, "mean_loss": 5139436094.2592, "neg_mean_accuracy": -0.09999999403953552, "set_state_time_mean": NaN, "set_state_time_total": 0.0, "setup_model_time_mean": NaN, "setup_model_time_total": 0.0, "setup_proc_time_mean": NaN, "setup_proc_time_total": 0.0, "train_accuracy": 0.10201999545097351, "train_loss": 49.31478376831055, "training_time_mean": NaN, "training_time_total": 0.0, "validation_time_mean": NaN, "validation_time_total": 0.0, "samples": 60000, "num_workers": 1, "done": false, "timesteps_total": null, "episodes_total": null, "training_iteration": 8, "neg_mean_loss": -5139436094.2592, "experiment_id": "e800594855a04290bd190a71868c6e9b", "date": "2019-05-30_14-40-50", "timestamp": 1559252450, "time_this_iter_s": 9.462178707122803, "time_total_s": 76.06785941123962, "pid": 23174, "hostname": "steropes", "node_ip": "169.229.49.254", "config": {"starting_lr": 1.0, "momentum": 0.95, "weight_decay": 0.005, "steps_per_iteration": null, "pin": false, "model_creator": null, "target_batch_size": 1024, "model_string": "resnet18", "min_batch_size": 512, "dataset": "CIFAR", "placement": null, "use_nccl": true, "devices_per_worker": 1, "primary_resource": "extra_gpu", "gpu": false, "verbose": false, "lr_config": {"mode": "log", "steps": 5, "initial_lr": 1.0, "target_lr": 1.0}, "batch_per_device": 1024}, "time_since_restore": 76.06785941123962, "timesteps_since_restore": 0, "iterations_since_restore": 8, "mean_throughput": 6696.008939497866, "atoms": 1, "resource_time": 76.06785941123962}
{"apply": 0.007323360443115235, "batch_time": 0.1860966682434082, "d2h": 0.006043243408203125, "data_time": 0.04438988529905981, "fwd": 0.03515703678131103, "get_state_time_mean": NaN, "get_state_time_total": 0.0, "grad": 0.07156257629394532, "mean_accuracy": 0.07859999686479568, "mean_loss": 339.304008203125, "neg_mean_accuracy": -0.07859999686479568, "set_state_time_mean": NaN, "set_state_time_total": 0.0, "setup_model_time_mean": NaN, "setup_model_time_total": 0.0, "setup_proc_time_mean": NaN, "setup_proc_time_total": 0.0, "train_accuracy": 0.10226000100374222, "train_loss": 429.028218046875, "training_time_mean": NaN, "training_time_total": 0.0, "validation_time_mean": NaN, "validation_time_total": 0.0, "samples": 60000, "num_workers": 1, "done": false, "timesteps_total": null, "episodes_total": null, "training_iteration": 9, "neg_mean_loss": -339.304008203125, "experiment_id": "e800594855a04290bd190a71868c6e9b", "date": "2019-05-30_14-40-59", "timestamp": 1559252459, "time_this_iter_s": 9.299291372299194, "time_total_s": 85.36715078353882, "pid": 23174, "hostname": "steropes", "node_ip": "169.229.49.254", "config": {"starting_lr": 1.0, "momentum": 0.95, "weight_decay": 0.005, "steps_per_iteration": null, "pin": false, "model_creator": null, "target_batch_size": 1024, "model_string": "resnet18", "min_batch_size": 512, "dataset": "CIFAR", "placement": null, "use_nccl": true, "devices_per_worker": 1, "primary_resource": "extra_gpu", "gpu": false, "verbose": false, "lr_config": {"mode": "log", "steps": 5, "initial_lr": 1.0, "target_lr": 1.0}, "batch_per_device": 1024}, "time_since_restore": 85.36715078353882, "timesteps_since_restore": 0, "iterations_since_restore": 9, "mean_throughput": 6667.572321105513, "atoms": 1, "resource_time": 85.36715078353882}
{"apply": 0.008337831497192383, "batch_time": 0.15420820713043212, "d2h": 0.005385351181030273, "data_time": 0.03501920797386948, "fwd": 0.03266720771789551, "get_state_time_mean": NaN, "get_state_time_total": 0.0, "grad": 0.049563121795654294, "mean_accuracy": 0.09999999403953552, "mean_loss": 41.732298889160155, "neg_mean_accuracy": -0.09999999403953552, "set_state_time_mean": NaN, "set_state_time_total": 0.0, "setup_model_time_mean": NaN, "setup_model_time_total": 0.0, "setup_proc_time_mean": NaN, "setup_proc_time_total": 0.0, "train_accuracy": 0.10077999532222748, "train_loss": 285.3652819702148, "training_time_mean": NaN, "training_time_total": 0.0, "validation_time_mean": NaN, "validation_time_total": 0.0, "samples": 60000, "num_workers": 1, "done": false, "timesteps_total": null, "episodes_total": null, "training_iteration": 10, "neg_mean_loss": -41.732298889160155, "experiment_id": "e800594855a04290bd190a71868c6e9b", "date": "2019-05-30_14-41-08", "timestamp": 1559252468, "time_this_iter_s": 8.444050073623657, "time_total_s": 93.81120085716248, "pid": 23174, "hostname": "steropes", "node_ip": "169.229.49.254", "config": {"starting_lr": 1.0, "momentum": 0.95, "weight_decay": 0.005, "steps_per_iteration": null, "pin": false, "model_creator": null, "target_batch_size": 1024, "model_string": "resnet18", "min_batch_size": 512, "dataset": "CIFAR", "placement": null, "use_nccl": true, "devices_per_worker": 1, "primary_resource": "extra_gpu", "gpu": false, "verbose": false, "lr_config": {"mode": "log", "steps": 5, "initial_lr": 1.0, "target_lr": 1.0}, "batch_per_device": 1024}, "time_since_restore": 93.81120085716248, "timesteps_since_restore": 0, "iterations_since_restore": 10, "mean_throughput": 6743.46615298134, "atoms": 1, "resource_time": 93.81120085716248}
{"apply": 0.007753157615661621, "batch_time": 0.15159780979156495, "d2h": 0.0067852258682250975, "data_time": 0.04324851717267718, "fwd": 0.0327643871307373, "get_state_time_mean": NaN, "get_state_time_total": 0.0, "grad": 0.06237435340881348, "mean_accuracy": 0.09999999403953552, "mean_loss": 320.2590864746094, "neg_mean_accuracy": -0.09999999403953552, "set_state_time_mean": NaN, "set_state_time_total": 0.0, "setup_model_time_mean": NaN, "setup_model_time_total": 0.0, "setup_proc_time_mean": NaN, "setup_proc_time_total": 0.0, "train_accuracy": 0.10012000054121017, "train_loss": 231.26732354003906, "training_time_mean": NaN, "training_time_total": 0.0, "validation_time_mean": NaN, "validation_time_total": 0.0, "samples": 60000, "num_workers": 1, "done": true, "timesteps_total": null, "episodes_total": null, "training_iteration": 11, "neg_mean_loss": -320.2590864746094, "experiment_id": "e800594855a04290bd190a71868c6e9b", "date": "2019-05-30_14-41-16", "timestamp": 1559252476, "time_this_iter_s": 8.657002687454224, "time_total_s": 102.4682035446167, "pid": 23174, "hostname": "steropes", "node_ip": "169.229.49.254", "config": {"starting_lr": 1.0, "momentum": 0.95, "weight_decay": 0.005, "steps_per_iteration": null, "pin": false, "model_creator": null, "target_batch_size": 1024, "model_string": "resnet18", "min_batch_size": 512, "dataset": "CIFAR", "placement": null, "use_nccl": true, "devices_per_worker": 1, "primary_resource": "extra_gpu", "gpu": false, "verbose": false, "lr_config": {"mode": "log", "steps": 5, "initial_lr": 1.0, "target_lr": 1.0}, "batch_per_device": 1024}, "time_since_restore": 102.4682035446167, "timesteps_since_restore": 0, "iterations_since_restore": 11, "mean_throughput": 6725.4494910480635, "atoms": 1, "resource_time": 102.4682035446167}
