{"apply": 0.019619178771972657, "batch_time": 0.041471348533147497, "d2h": 0.0006935358047485352, "data_time": 0.001944061435397019, "fwd": 0.11914629936218261, "get_state_time_mean": NaN, "get_state_time_total": 0.0, "grad": 0.17245914936065673, "mean_accuracy": 0.16859999299049377, "mean_loss": 2.246323206329346, "neg_mean_accuracy": -0.16859999299049377, "set_state_time_mean": NaN, "set_state_time_total": 0.0, "setup_model_time_mean": 17.489108085632324, "setup_model_time_total": 17.489108085632324, "setup_proc_time_mean": 0.18195056915283203, "setup_proc_time_total": 0.18195056915283203, "train_accuracy": 0.13447999954223633, "train_loss": 2.6035724378204343, "training_time_mean": NaN, "training_time_total": 0.0, "val_accuracy": 0.16859999299049377, "val_loss": 2.246323206329346, "validation_time_mean": NaN, "validation_time_total": 0.0, "samples": 60000, "num_workers": 1, "done": false, "timesteps_total": null, "episodes_total": null, "training_iteration": 1, "neg_mean_loss": -2.246323206329346, "experiment_id": "f87ae0a987474fad86877cde57c1fc0e", "date": "2019-06-06_09-33-12", "timestamp": 1559838792, "time_this_iter_s": 47.245171308517456, "time_total_s": 47.245171308517456, "pid": 14676, "hostname": "steropes", "node_ip": "169.229.49.254", "config": {"starting_lr": 0.0001, "momentum": 0.95, "weight_decay": 0.0001, "steps_per_iteration": null, "pin": false, "model_creator": null, "target_batch_size": 128, "model_string": "resnet50", "min_batch_size": 128, "dataset": "CIFAR", "placement": null, "use_nccl": true, "devices_per_worker": 1, "primary_resource": "extra_gpu", "gpu": false, "verbose": false, "lr_config": {"mode": "log", "steps": 5, "initial_lr": 0.0001, "target_lr": 0.0001}, "batch_per_device": 128}, "time_since_restore": 47.245171308517456, "timesteps_since_restore": 0, "iterations_since_restore": 1, "mean_throughput": 1269.9686250053555, "atoms": 1, "setup_time": 18.312110900878906}
{"apply": 0.01784505844116211, "batch_time": 0.032022838351092764, "d2h": 0.0007210254669189453, "data_time": 0.0018182721589227466, "fwd": 0.02897610664367676, "get_state_time_mean": NaN, "get_state_time_total": 0.0, "grad": 0.05024120807647705, "mean_accuracy": 0.19244999438524246, "mean_loss": 2.187714179420471, "neg_mean_accuracy": -0.21629999577999115, "set_state_time_mean": NaN, "set_state_time_total": 0.0, "setup_model_time_mean": NaN, "setup_model_time_total": 0.0, "setup_proc_time_mean": NaN, "setup_proc_time_total": 0.0, "train_accuracy": 0.18257999420166016, "train_loss": 2.2055774877929686, "training_time_mean": NaN, "training_time_total": 0.0, "val_accuracy": 0.21629999577999115, "val_loss": 2.1291051525115967, "validation_time_mean": NaN, "validation_time_total": 0.0, "samples": 60000, "num_workers": 1, "done": false, "timesteps_total": null, "episodes_total": null, "training_iteration": 2, "neg_mean_loss": -2.187714179420471, "experiment_id": "f87ae0a987474fad86877cde57c1fc0e", "date": "2019-06-06_09-33-54", "timestamp": 1559838834, "time_this_iter_s": 42.068443059921265, "time_total_s": 89.31361436843872, "pid": 14676, "hostname": "steropes", "node_ip": "169.229.49.254", "config": {"starting_lr": 0.0001, "momentum": 0.95, "weight_decay": 0.0001, "steps_per_iteration": null, "pin": false, "model_creator": null, "target_batch_size": 128, "model_string": "resnet50", "min_batch_size": 128, "dataset": "CIFAR", "placement": null, "use_nccl": true, "devices_per_worker": 1, "primary_resource": "extra_gpu", "gpu": false, "verbose": false, "lr_config": {"mode": "log", "steps": 5, "initial_lr": 0.0001, "target_lr": 0.0001}, "batch_per_device": 128}, "time_since_restore": 89.31361436843872, "timesteps_since_restore": 0, "iterations_since_restore": 2, "mean_throughput": 1343.5747159391517, "atoms": 1, "setup_time": 18.312110900878906}
{"apply": 0.017842602729797364, "batch_time": 0.03302022173434873, "d2h": 0.0006982088088989258, "data_time": 0.0018012511455799307, "fwd": 0.028291845321655275, "get_state_time_mean": NaN, "get_state_time_total": 0.0, "grad": 0.05025627613067627, "mean_accuracy": 0.2102333257595698, "mean_loss": 2.138870016225179, "neg_mean_accuracy": -0.2457999885082245, "set_state_time_mean": NaN, "set_state_time_total": 0.0, "setup_model_time_mean": NaN, "setup_model_time_total": 0.0, "setup_proc_time_mean": NaN, "setup_proc_time_total": 0.0, "train_accuracy": 0.21103999018669128, "train_loss": 2.1268049655914307, "training_time_mean": NaN, "training_time_total": 0.0, "val_accuracy": 0.2457999885082245, "val_loss": 2.0411816898345947, "validation_time_mean": NaN, "validation_time_total": 0.0, "samples": 60000, "num_workers": 1, "done": true, "timesteps_total": null, "episodes_total": null, "training_iteration": 3, "neg_mean_loss": -2.138870016225179, "experiment_id": "f87ae0a987474fad86877cde57c1fc0e", "date": "2019-06-06_09-34-36", "timestamp": 1559838876, "time_this_iter_s": 42.087491035461426, "time_total_s": 131.40110540390015, "pid": 14676, "hostname": "steropes", "node_ip": "169.229.49.254", "config": {"starting_lr": 0.0001, "momentum": 0.95, "weight_decay": 0.0001, "steps_per_iteration": null, "pin": false, "model_creator": null, "target_batch_size": 128, "model_string": "resnet50", "min_batch_size": 128, "dataset": "CIFAR", "placement": null, "use_nccl": true, "devices_per_worker": 1, "primary_resource": "extra_gpu", "gpu": false, "verbose": false, "lr_config": {"mode": "log", "steps": 5, "initial_lr": 0.0001, "target_lr": 0.0001}, "batch_per_device": 128}, "time_since_restore": 131.40110540390015, "timesteps_since_restore": 0, "iterations_since_restore": 3, "mean_throughput": 1369.8467773079544, "atoms": 1, "setup_time": 18.312110900878906}
