{"apply": 0.017218756675720214, "batch_time": 0.04174512549291683, "d2h": 0.0006812572479248047, "data_time": 0.001893787432814498, "fwd": 0.12057609558105468, "get_state_time_mean": NaN, "get_state_time_total": 0.0, "grad": 0.17409129142761232, "mean_accuracy": 0.3093000054359436, "mean_loss": 2.2155882900238035, "neg_mean_accuracy": -0.3093000054359436, "set_state_time_mean": NaN, "set_state_time_total": 0.0, "setup_model_time_mean": 10.28244423866272, "setup_model_time_total": 10.28244423866272, "setup_proc_time_mean": 0.5172560214996338, "setup_proc_time_total": 0.5172560214996338, "train_accuracy": 0.22822000086307526, "train_loss": 2.448983016281128, "training_time_mean": NaN, "training_time_total": 0.0, "val_accuracy": 0.3093000054359436, "val_loss": 2.2155882900238035, "validation_time_mean": NaN, "validation_time_total": 0.0, "samples": 60000, "num_workers": 1, "done": false, "timesteps_total": null, "episodes_total": null, "training_iteration": 1, "neg_mean_loss": -2.2155882900238035, "experiment_id": "17004fac2d6f466f986915544a6b27ac", "date": "2019-06-06_09-38-45", "timestamp": 1559839125, "time_this_iter_s": 46.509501218795776, "time_total_s": 46.509501218795776, "pid": 20854, "hostname": "steropes", "node_ip": "169.229.49.254", "config": {"starting_lr": 0.001, "momentum": 0.997, "weight_decay": 0.005, "steps_per_iteration": null, "pin": false, "model_creator": null, "target_batch_size": 128, "model_string": "resnet50", "min_batch_size": 128, "dataset": "CIFAR", "placement": null, "use_nccl": true, "devices_per_worker": 1, "primary_resource": "extra_gpu", "gpu": false, "verbose": false, "lr_config": {"mode": "log", "steps": 5, "initial_lr": 0.001, "target_lr": 0.001}, "batch_per_device": 128}, "time_since_restore": 46.509501218795776, "timesteps_since_restore": 0, "iterations_since_restore": 1, "mean_throughput": 1290.0566056663224, "atoms": 1, "setup_time": 11.392093658447266}
{"apply": 0.017026066780090332, "batch_time": 0.03238211402410193, "d2h": 0.0006727695465087891, "data_time": 0.0018609259134668218, "fwd": 0.027675580978393555, "get_state_time_mean": NaN, "get_state_time_total": 0.0, "grad": 0.04860513210296631, "mean_accuracy": 0.31219999492168427, "mean_loss": 2.025938512992859, "neg_mean_accuracy": -0.3150999844074249, "set_state_time_mean": NaN, "set_state_time_total": 0.0, "setup_model_time_mean": NaN, "setup_model_time_total": 0.0, "setup_proc_time_mean": NaN, "setup_proc_time_total": 0.0, "train_accuracy": 0.3064599931240082, "train_loss": 2.2675696849822997, "training_time_mean": NaN, "training_time_total": 0.0, "val_accuracy": 0.3150999844074249, "val_loss": 1.836288735961914, "validation_time_mean": NaN, "validation_time_total": 0.0, "samples": 60000, "num_workers": 1, "done": false, "timesteps_total": null, "episodes_total": null, "training_iteration": 2, "neg_mean_loss": -2.025938512992859, "experiment_id": "17004fac2d6f466f986915544a6b27ac", "date": "2019-06-06_09-39-26", "timestamp": 1559839166, "time_this_iter_s": 40.97371315956116, "time_total_s": 87.48321437835693, "pid": 20854, "hostname": "steropes", "node_ip": "169.229.49.254", "config": {"starting_lr": 0.001, "momentum": 0.997, "weight_decay": 0.005, "steps_per_iteration": null, "pin": false, "model_creator": null, "target_batch_size": 128, "model_string": "resnet50", "min_batch_size": 128, "dataset": "CIFAR", "placement": null, "use_nccl": true, "devices_per_worker": 1, "primary_resource": "extra_gpu", "gpu": false, "verbose": false, "lr_config": {"mode": "log", "steps": 5, "initial_lr": 0.001, "target_lr": 0.001}, "batch_per_device": 128}, "time_since_restore": 87.48321437835693, "timesteps_since_restore": 0, "iterations_since_restore": 2, "mean_throughput": 1371.6891276881586, "atoms": 1, "setup_time": 11.392093658447266}
{"apply": 0.017183470726013183, "batch_time": 0.03228106981591333, "d2h": 0.0006331205368041992, "data_time": 0.0018655918443294438, "fwd": 0.02911653518676758, "get_state_time_mean": NaN, "get_state_time_total": 0.0, "grad": 0.048581933975219725, "mean_accuracy": 0.31206666429837543, "mean_loss": 1.9656496571858721, "neg_mean_accuracy": -0.3118000030517578, "set_state_time_mean": NaN, "set_state_time_total": 0.0, "setup_model_time_mean": NaN, "setup_model_time_total": 0.0, "setup_proc_time_mean": NaN, "setup_proc_time_total": 0.0, "train_accuracy": 0.3317999839782715, "train_loss": 1.87617967086792, "training_time_mean": NaN, "training_time_total": 0.0, "val_accuracy": 0.3118000030517578, "val_loss": 1.8450719455718994, "validation_time_mean": NaN, "validation_time_total": 0.0, "samples": 60000, "num_workers": 1, "done": true, "timesteps_total": null, "episodes_total": null, "training_iteration": 3, "neg_mean_loss": -1.9656496571858721, "experiment_id": "17004fac2d6f466f986915544a6b27ac", "date": "2019-06-06_09-40-07", "timestamp": 1559839207, "time_this_iter_s": 40.79394769668579, "time_total_s": 128.27716207504272, "pid": 20854, "hostname": "steropes", "node_ip": "169.229.49.254", "config": {"starting_lr": 0.001, "momentum": 0.997, "weight_decay": 0.005, "steps_per_iteration": null, "pin": false, "model_creator": null, "target_batch_size": 128, "model_string": "resnet50", "min_batch_size": 128, "dataset": "CIFAR", "placement": null, "use_nccl": true, "devices_per_worker": 1, "primary_resource": "extra_gpu", "gpu": false, "verbose": false, "lr_config": {"mode": "log", "steps": 5, "initial_lr": 0.001, "target_lr": 0.001}, "batch_per_device": 128}, "time_since_restore": 128.27716207504272, "timesteps_since_restore": 0, "iterations_since_restore": 3, "mean_throughput": 1403.2077492521698, "atoms": 1, "setup_time": 11.392093658447266}
