{"apply": 0.01771690845489502, "batch_time": 0.04068036019047604, "d2h": 0.0006946563720703125, "data_time": 0.0018727504993643603, "fwd": 0.11596765518188476, "get_state_time_mean": NaN, "get_state_time_total": 0.0, "grad": 0.16376984119415283, "mean_accuracy": 0.20960000157356262, "mean_loss": 2.039665326309204, "neg_mean_accuracy": -0.20960000157356262, "set_state_time_mean": NaN, "set_state_time_total": 0.0, "setup_model_time_mean": 9.636713981628418, "setup_model_time_total": 9.636713981628418, "setup_proc_time_mean": 0.473538875579834, "setup_proc_time_total": 0.473538875579834, "train_accuracy": 0.1613999903202057, "train_loss": 4.041307262229919, "training_time_mean": NaN, "training_time_total": 0.0, "val_accuracy": 0.20960000157356262, "val_loss": 2.039665326309204, "validation_time_mean": NaN, "validation_time_total": 0.0, "samples": 60000, "num_workers": 1, "done": false, "timesteps_total": null, "episodes_total": null, "training_iteration": 1, "neg_mean_loss": -2.039665326309204, "experiment_id": "6f9c34ce3ffb411a8e2811ca0a17764d", "date": "2019-06-06_07-26-47", "timestamp": 1559831207, "time_this_iter_s": 46.98484539985657, "time_total_s": 46.98484539985657, "pid": 25104, "hostname": "steropes", "node_ip": "169.229.49.254", "config": {"starting_lr": 0.1, "momentum": 0.9, "weight_decay": 0.005, "steps_per_iteration": null, "pin": false, "model_creator": null, "target_batch_size": 128, "model_string": "resnet50", "min_batch_size": 128, "dataset": "CIFAR", "placement": null, "use_nccl": true, "devices_per_worker": 1, "primary_resource": "extra_gpu", "gpu": false, "verbose": false, "lr_config": {"mode": "log", "steps": 5, "initial_lr": 0.1, "target_lr": 0.1}, "batch_per_device": 128}, "time_since_restore": 46.98484539985657, "timesteps_since_restore": 0, "iterations_since_restore": 1, "mean_throughput": 1277.0036516947623, "atoms": 1, "setup_time": 10.209667444229126}
{"apply": 0.017337965965270995, "batch_time": 0.0313659438604041, "d2h": 0.000669407844543457, "data_time": 0.0017961992327209628, "fwd": 0.028377127647399903, "get_state_time_mean": NaN, "get_state_time_total": 0.0, "grad": 0.048868632316589354, "mean_accuracy": 0.2830999940633774, "mean_loss": 1.8938113031387327, "neg_mean_accuracy": -0.35659998655319214, "set_state_time_mean": NaN, "set_state_time_total": 0.0, "setup_model_time_mean": NaN, "setup_model_time_total": 0.0, "setup_proc_time_mean": NaN, "setup_proc_time_total": 0.0, "train_accuracy": 0.29933997988700867, "train_loss": 1.8486153696060181, "training_time_mean": NaN, "training_time_total": 0.0, "val_accuracy": 0.35659998655319214, "val_loss": 1.7479572799682617, "validation_time_mean": NaN, "validation_time_total": 0.0, "samples": 60000, "num_workers": 1, "done": true, "timesteps_total": null, "episodes_total": null, "training_iteration": 2, "neg_mean_loss": -1.8938113031387327, "experiment_id": "6f9c34ce3ffb411a8e2811ca0a17764d", "date": "2019-06-06_07-27-28", "timestamp": 1559831248, "time_this_iter_s": 40.928823947906494, "time_total_s": 87.91366934776306, "pid": 25104, "hostname": "steropes", "node_ip": "169.229.49.254", "config": {"starting_lr": 0.1, "momentum": 0.9, "weight_decay": 0.005, "steps_per_iteration": null, "pin": false, "model_creator": null, "target_batch_size": 128, "model_string": "resnet50", "min_batch_size": 128, "dataset": "CIFAR", "placement": null, "use_nccl": true, "devices_per_worker": 1, "primary_resource": "extra_gpu", "gpu": false, "verbose": false, "lr_config": {"mode": "log", "steps": 5, "initial_lr": 0.1, "target_lr": 0.1}, "batch_per_device": 128}, "time_since_restore": 87.91366934776306, "timesteps_since_restore": 0, "iterations_since_restore": 2, "mean_throughput": 1364.9718179702486, "atoms": 1, "setup_time": 10.209667444229126}
