{"apply": 0.01906733512878418, "batch_time": 0.0420730506317525, "d2h": 0.0006557703018188477, "data_time": 0.0018803548934819448, "fwd": 0.21373372077941893, "get_state_time_mean": NaN, "get_state_time_total": 0.0, "grad": 0.2004179000854492, "mean_accuracy": 0.20659999549388885, "mean_loss": 2.435151958847046, "neg_mean_accuracy": -0.20659999549388885, "set_state_time_mean": NaN, "set_state_time_total": 0.0, "setup_model_time_mean": 22.01009178161621, "setup_model_time_total": 22.01009178161621, "setup_proc_time_mean": 1.6575582027435303, "setup_proc_time_total": 1.6575582027435303, "train_accuracy": 0.15587998926639557, "train_loss": 3.7280437875366212, "training_time_mean": NaN, "training_time_total": 0.0, "val_accuracy": 0.20659999549388885, "val_loss": 2.435151958847046, "validation_time_mean": NaN, "validation_time_total": 0.0, "samples": 60000, "num_workers": 1, "done": false, "timesteps_total": null, "episodes_total": null, "training_iteration": 1, "neg_mean_loss": -2.435151958847046, "experiment_id": "510c4c1c4f3e4f24a099e3b05b4360de", "date": "2019-06-02_20-35-10", "timestamp": 1559532910, "time_this_iter_s": 48.83096194267273, "time_total_s": 48.83096194267273, "pid": 6262, "hostname": "steropes", "node_ip": "169.229.49.254", "config": {"starting_lr": 0.1, "momentum": 0.95, "weight_decay": 0.005, "steps_per_iteration": null, "pin": false, "model_creator": null, "target_batch_size": 128, "model_string": "resnet50", "min_batch_size": 128, "dataset": "CIFAR", "placement": null, "use_nccl": true, "devices_per_worker": 1, "primary_resource": "extra_gpu", "gpu": false, "verbose": false, "lr_config": {"mode": "log", "steps": 5, "initial_lr": 0.1, "target_lr": 0.1}, "batch_per_device": 128}, "time_since_restore": 48.83096194267273, "timesteps_since_restore": 0, "iterations_since_restore": 1, "mean_throughput": 1228.7265103953816, "atoms": 1, "setup_time": 23.76109743118286}
{"apply": 0.018845033645629884, "batch_time": 0.03210325784321073, "d2h": 0.0006728172302246094, "data_time": 0.00176701033511735, "fwd": 0.02805449962615967, "get_state_time_mean": NaN, "get_state_time_total": 0.0, "grad": 0.04764974117279053, "mean_accuracy": 0.24649999290704727, "mean_loss": 2.227326295852661, "neg_mean_accuracy": -0.2863999903202057, "set_state_time_mean": NaN, "set_state_time_total": 0.0, "setup_model_time_mean": NaN, "setup_model_time_total": 0.0, "setup_proc_time_mean": NaN, "setup_proc_time_total": 0.0, "train_accuracy": 0.260019987821579, "train_loss": 1.9400283699798584, "training_time_mean": NaN, "training_time_total": 0.0, "val_accuracy": 0.2863999903202057, "val_loss": 2.0195006328582763, "validation_time_mean": NaN, "validation_time_total": 0.0, "samples": 60000, "num_workers": 1, "done": false, "timesteps_total": null, "episodes_total": null, "training_iteration": 2, "neg_mean_loss": -2.227326295852661, "experiment_id": "510c4c1c4f3e4f24a099e3b05b4360de", "date": "2019-06-02_20-35-52", "timestamp": 1559532952, "time_this_iter_s": 42.08720922470093, "time_total_s": 90.91817116737366, "pid": 6262, "hostname": "steropes", "node_ip": "169.229.49.254", "config": {"starting_lr": 0.1, "momentum": 0.95, "weight_decay": 0.005, "steps_per_iteration": null, "pin": false, "model_creator": null, "target_batch_size": 128, "model_string": "resnet50", "min_batch_size": 128, "dataset": "CIFAR", "placement": null, "use_nccl": true, "devices_per_worker": 1, "primary_resource": "extra_gpu", "gpu": false, "verbose": false, "lr_config": {"mode": "log", "steps": 5, "initial_lr": 0.1, "target_lr": 0.1}, "batch_per_device": 128}, "time_since_restore": 90.91817116737366, "timesteps_since_restore": 0, "iterations_since_restore": 2, "mean_throughput": 1319.8639625381325, "atoms": 1, "setup_time": 23.76109743118286}
{"apply": 0.019150543212890624, "batch_time": 0.03258907945850228, "d2h": 0.0007654666900634765, "data_time": 0.0017729189694689973, "fwd": 0.02982983589172363, "get_state_time_mean": NaN, "get_state_time_total": 0.0, "grad": 0.04994258880615234, "mean_accuracy": 0.23219999174276987, "mean_loss": 2.25112120997111, "neg_mean_accuracy": -0.2035999894142151, "set_state_time_mean": NaN, "set_state_time_total": 0.0, "setup_model_time_mean": NaN, "setup_model_time_total": 0.0, "setup_proc_time_mean": NaN, "setup_proc_time_total": 0.0, "train_accuracy": 0.2985599935054779, "train_loss": 1.8837926266098022, "training_time_mean": NaN, "training_time_total": 0.0, "val_accuracy": 0.2035999894142151, "val_loss": 2.298711038208008, "validation_time_mean": NaN, "validation_time_total": 0.0, "samples": 60000, "num_workers": 1, "done": true, "timesteps_total": null, "episodes_total": null, "training_iteration": 3, "neg_mean_loss": -2.25112120997111, "experiment_id": "510c4c1c4f3e4f24a099e3b05b4360de", "date": "2019-06-02_20-36-34", "timestamp": 1559532994, "time_this_iter_s": 41.93740129470825, "time_total_s": 132.8555724620819, "pid": 6262, "hostname": "steropes", "node_ip": "169.229.49.254", "config": {"starting_lr": 0.1, "momentum": 0.95, "weight_decay": 0.005, "steps_per_iteration": null, "pin": false, "model_creator": null, "target_batch_size": 128, "model_string": "resnet50", "min_batch_size": 128, "dataset": "CIFAR", "placement": null, "use_nccl": true, "devices_per_worker": 1, "primary_resource": "extra_gpu", "gpu": false, "verbose": false, "lr_config": {"mode": "log", "steps": 5, "initial_lr": 0.1, "target_lr": 0.1}, "batch_per_device": 128}, "time_since_restore": 132.8555724620819, "timesteps_since_restore": 0, "iterations_since_restore": 3, "mean_throughput": 1354.8508316711777, "atoms": 1, "setup_time": 23.76109743118286}
