{"apply": 0.017697596549987794, "batch_time": 0.04639439643183841, "d2h": 0.0006780147552490235, "data_time": 0.0018809244151005659, "fwd": 0.11810481548309326, "get_state_time_mean": NaN, "get_state_time_total": 0.0, "grad": 0.3025409698486328, "mean_accuracy": 0.1005999967455864, "mean_loss": 2.703407251739502, "neg_mean_accuracy": -0.1005999967455864, "set_state_time_mean": NaN, "set_state_time_total": 0.0, "setup_model_time_mean": 10.985627174377441, "setup_model_time_total": 10.985627174377441, "setup_proc_time_mean": 0.2955656051635742, "setup_proc_time_total": 0.2955656051635742, "train_accuracy": 0.10367999970912933, "train_loss": 6.8851820828247075, "training_time_mean": NaN, "training_time_total": 0.0, "val_accuracy": 0.1005999967455864, "val_loss": 2.703407251739502, "validation_time_mean": NaN, "validation_time_total": 0.0, "samples": 60000, "num_workers": 1, "done": false, "timesteps_total": null, "episodes_total": null, "training_iteration": 1, "neg_mean_loss": -2.703407251739502, "experiment_id": "55ba5f7b86c942bca754be9d4d93cde2", "date": "2019-06-06_07-26-07", "timestamp": 1559831167, "time_this_iter_s": 48.51050424575806, "time_total_s": 48.51050424575806, "pid": 25088, "hostname": "steropes", "node_ip": "169.229.49.254", "config": {"starting_lr": 0.05, "momentum": 0.997, "weight_decay": 0.001, "steps_per_iteration": null, "pin": false, "model_creator": null, "target_batch_size": 128, "model_string": "resnet50", "min_batch_size": 128, "dataset": "CIFAR", "placement": null, "use_nccl": true, "devices_per_worker": 1, "primary_resource": "extra_gpu", "gpu": false, "verbose": false, "lr_config": {"mode": "log", "steps": 5, "initial_lr": 0.05, "target_lr": 0.05}, "batch_per_device": 128}, "time_since_restore": 48.51050424575806, "timesteps_since_restore": 0, "iterations_since_restore": 1, "mean_throughput": 1236.843231392954, "atoms": 1, "setup_time": 11.931115865707397}
{"apply": 0.018026447296142577, "batch_time": 0.032248312913918796, "d2h": 0.0006614446640014649, "data_time": 0.001779657495601098, "fwd": 0.02826828956604004, "get_state_time_mean": NaN, "get_state_time_total": 0.0, "grad": 0.04774456024169922, "mean_accuracy": 0.10294999554753304, "mean_loss": 4.467070783615112, "neg_mean_accuracy": -0.10529999434947968, "set_state_time_mean": NaN, "set_state_time_total": 0.0, "setup_model_time_mean": NaN, "setup_model_time_total": 0.0, "setup_proc_time_mean": NaN, "setup_proc_time_total": 0.0, "train_accuracy": 0.11045999825000763, "train_loss": 9.594995182418824, "training_time_mean": NaN, "training_time_total": 0.0, "val_accuracy": 0.10529999434947968, "val_loss": 6.230734315490722, "validation_time_mean": NaN, "validation_time_total": 0.0, "samples": 60000, "num_workers": 1, "done": true, "timesteps_total": null, "episodes_total": null, "training_iteration": 2, "neg_mean_loss": -4.467070783615112, "experiment_id": "55ba5f7b86c942bca754be9d4d93cde2", "date": "2019-06-06_07-26-48", "timestamp": 1559831208, "time_this_iter_s": 41.12847828865051, "time_total_s": 89.63898253440857, "pid": 25088, "hostname": "steropes", "node_ip": "169.229.49.254", "config": {"starting_lr": 0.05, "momentum": 0.997, "weight_decay": 0.001, "steps_per_iteration": null, "pin": false, "model_creator": null, "target_batch_size": 128, "model_string": "resnet50", "min_batch_size": 128, "dataset": "CIFAR", "placement": null, "use_nccl": true, "devices_per_worker": 1, "primary_resource": "extra_gpu", "gpu": false, "verbose": false, "lr_config": {"mode": "log", "steps": 5, "initial_lr": 0.05, "target_lr": 0.05}, "batch_per_device": 128}, "time_since_restore": 89.63898253440857, "timesteps_since_restore": 0, "iterations_since_restore": 2, "mean_throughput": 1338.6997129815934, "atoms": 1, "setup_time": 11.931115865707397}
