{"apply": 0.01742696762084961, "batch_time": 0.041252996348127534, "d2h": 0.0006728649139404296, "data_time": 0.0018497238988461702, "fwd": 0.1161350965499878, "get_state_time_mean": NaN, "get_state_time_total": 0.0, "grad": 0.18815896511077881, "mean_accuracy": 0.1922999918460846, "mean_loss": 2.16872752494812, "neg_mean_accuracy": -0.1922999918460846, "set_state_time_mean": NaN, "set_state_time_total": 0.0, "setup_model_time_mean": 11.076456069946289, "setup_model_time_total": 11.076456069946289, "setup_proc_time_mean": 0.1451277732849121, "setup_proc_time_total": 0.1451277732849121, "train_accuracy": 0.1650799959897995, "train_loss": 3.7703057514953615, "training_time_mean": NaN, "training_time_total": 0.0, "val_accuracy": 0.1922999918460846, "val_loss": 2.16872752494812, "validation_time_mean": NaN, "validation_time_total": 0.0, "samples": 60000, "num_workers": 1, "done": false, "timesteps_total": null, "episodes_total": null, "training_iteration": 1, "neg_mean_loss": -2.16872752494812, "experiment_id": "ed1ba484405e43f6812b11e85f194022", "date": "2019-06-06_10-31-36", "timestamp": 1559842296, "time_this_iter_s": 46.93611764907837, "time_total_s": 46.93611764907837, "pid": 11484, "hostname": "steropes", "node_ip": "169.229.49.254", "config": {"starting_lr": 0.5, "momentum": 0.9, "weight_decay": 0.005, "steps_per_iteration": null, "pin": false, "model_creator": null, "target_batch_size": 128, "model_string": "resnet50", "min_batch_size": 128, "dataset": "CIFAR", "placement": null, "use_nccl": true, "devices_per_worker": 1, "primary_resource": "extra_gpu", "gpu": false, "verbose": false, "lr_config": {"mode": "log", "steps": 5, "initial_lr": 0.5, "target_lr": 0.5}, "batch_per_device": 128}, "time_since_restore": 46.93611764907837, "timesteps_since_restore": 0, "iterations_since_restore": 1, "mean_throughput": 1278.330039643798, "atoms": 1, "setup_time": 11.613452672958374}
{"apply": 0.017585039138793945, "batch_time": 0.03141059452974344, "d2h": 0.0006763696670532227, "data_time": 0.0018006413793929703, "fwd": 0.02793097496032715, "get_state_time_mean": NaN, "get_state_time_total": 0.0, "grad": 0.04831020832061768, "mean_accuracy": 0.14614999294281006, "mean_loss": 2.556330551147461, "neg_mean_accuracy": -0.09999999403953552, "set_state_time_mean": NaN, "set_state_time_total": 0.0, "setup_model_time_mean": NaN, "setup_model_time_total": 0.0, "setup_proc_time_mean": NaN, "setup_proc_time_total": 0.0, "train_accuracy": 0.17803999781608582, "train_loss": 2.2441082224273683, "training_time_mean": NaN, "training_time_total": 0.0, "val_accuracy": 0.09999999403953552, "val_loss": 2.943933577346802, "validation_time_mean": NaN, "validation_time_total": 0.0, "samples": 60000, "num_workers": 1, "done": false, "timesteps_total": null, "episodes_total": null, "training_iteration": 2, "neg_mean_loss": -2.556330551147461, "experiment_id": "ed1ba484405e43f6812b11e85f194022", "date": "2019-06-06_10-32-17", "timestamp": 1559842337, "time_this_iter_s": 40.474977254867554, "time_total_s": 87.41109490394592, "pid": 11484, "hostname": "steropes", "node_ip": "169.229.49.254", "config": {"starting_lr": 0.5, "momentum": 0.9, "weight_decay": 0.005, "steps_per_iteration": null, "pin": false, "model_creator": null, "target_batch_size": 128, "model_string": "resnet50", "min_batch_size": 128, "dataset": "CIFAR", "placement": null, "use_nccl": true, "devices_per_worker": 1, "primary_resource": "extra_gpu", "gpu": false, "verbose": false, "lr_config": {"mode": "log", "steps": 5, "initial_lr": 0.5, "target_lr": 0.5}, "batch_per_device": 128}, "time_since_restore": 87.41109490394592, "timesteps_since_restore": 0, "iterations_since_restore": 2, "mean_throughput": 1372.8203470876435, "atoms": 1, "setup_time": 11.613452672958374}
{"apply": 0.017466020584106446, "batch_time": 0.03182259088830103, "d2h": 0.0006817817687988281, "data_time": 0.0018832805516469813, "fwd": 0.028074359893798827, "get_state_time_mean": NaN, "get_state_time_total": 0.0, "grad": 0.047265028953552245, "mean_accuracy": 0.13983332614103952, "mean_loss": 3.268894857533773, "neg_mean_accuracy": -0.12719999253749847, "set_state_time_mean": NaN, "set_state_time_total": 0.0, "setup_model_time_mean": NaN, "setup_model_time_total": 0.0, "setup_proc_time_mean": NaN, "setup_proc_time_total": 0.0, "train_accuracy": 0.1762399971485138, "train_loss": 2.2570364461517336, "training_time_mean": NaN, "training_time_total": 0.0, "val_accuracy": 0.12719999253749847, "val_loss": 4.694023470306396, "validation_time_mean": NaN, "validation_time_total": 0.0, "samples": 60000, "num_workers": 1, "done": true, "timesteps_total": null, "episodes_total": null, "training_iteration": 3, "neg_mean_loss": -3.268894857533773, "experiment_id": "ed1ba484405e43f6812b11e85f194022", "date": "2019-06-06_10-32-57", "timestamp": 1559842377, "time_this_iter_s": 40.37573790550232, "time_total_s": 127.78683280944824, "pid": 11484, "hostname": "steropes", "node_ip": "169.229.49.254", "config": {"starting_lr": 0.5, "momentum": 0.9, "weight_decay": 0.005, "steps_per_iteration": null, "pin": false, "model_creator": null, "target_batch_size": 128, "model_string": "resnet50", "min_batch_size": 128, "dataset": "CIFAR", "placement": null, "use_nccl": true, "devices_per_worker": 1, "primary_resource": "extra_gpu", "gpu": false, "verbose": false, "lr_config": {"mode": "log", "steps": 5, "initial_lr": 0.5, "target_lr": 0.5}, "batch_per_device": 128}, "time_since_restore": 127.78683280944824, "timesteps_since_restore": 0, "iterations_since_restore": 3, "mean_throughput": 1408.5910088446265, "atoms": 1, "setup_time": 11.613452672958374}
