{"apply": 0.017894458770751954, "batch_time": 0.04658258715762368, "d2h": 0.0006828069686889649, "data_time": 0.0018939807286957645, "fwd": 0.21178755760192872, "get_state_time_mean": NaN, "get_state_time_total": 0.0, "grad": 0.16528396606445311, "mean_accuracy": 0.09999999403953552, "mean_loss": 5.391745591459933e+23, "neg_mean_accuracy": -0.09999999403953552, "set_state_time_mean": NaN, "set_state_time_total": 0.0, "setup_model_time_mean": 11.09761357307434, "setup_model_time_total": 11.09761357307434, "setup_proc_time_mean": 0.25584912300109863, "setup_proc_time_total": 0.25584912300109863, "train_accuracy": 0.10123999416828156, "train_loss": 15569239140515.758, "training_time_mean": NaN, "training_time_total": 0.0, "val_accuracy": 0.09999999403953552, "val_loss": 5.391745591459933e+23, "validation_time_mean": NaN, "validation_time_total": 0.0, "samples": 60000, "num_workers": 1, "done": false, "timesteps_total": null, "episodes_total": null, "training_iteration": 1, "neg_mean_loss": -5.391745591459933e+23, "experiment_id": "1ffcaf6d0f7144aeb00425aaf60edb4e", "date": "2019-06-02_20-37-33", "timestamp": 1559533053, "time_this_iter_s": 47.91451144218445, "time_total_s": 47.91451144218445, "pid": 6260, "hostname": "steropes", "node_ip": "169.229.49.254", "config": {"starting_lr": 1.0, "momentum": 0.99, "weight_decay": 0.005, "steps_per_iteration": null, "pin": false, "model_creator": null, "target_batch_size": 128, "model_string": "resnet50", "min_batch_size": 128, "dataset": "CIFAR", "placement": null, "use_nccl": true, "devices_per_worker": 1, "primary_resource": "extra_gpu", "gpu": false, "verbose": false, "lr_config": {"mode": "log", "steps": 5, "initial_lr": 1.0, "target_lr": 1.0}, "batch_per_device": 128}, "time_since_restore": 47.91451144218445, "timesteps_since_restore": 0, "iterations_since_restore": 1, "mean_throughput": 1252.227046343806, "atoms": 1, "setup_time": 11.47309923171997}
{"apply": 0.017239093780517578, "batch_time": 0.03175076653685751, "d2h": 0.0006754398345947266, "data_time": 0.0017934394309587795, "fwd": 0.02893784046173096, "get_state_time_mean": NaN, "get_state_time_total": 0.0, "grad": 0.04760830402374268, "mean_accuracy": 0.04999999701976776, "mean_loss": NaN, "neg_mean_accuracy": -0.0, "set_state_time_mean": NaN, "set_state_time_total": 0.0, "setup_model_time_mean": NaN, "setup_model_time_total": 0.0, "setup_proc_time_mean": NaN, "setup_proc_time_total": 0.0, "train_accuracy": 0.015879999846220016, "train_loss": NaN, "training_time_mean": NaN, "training_time_total": 0.0, "val_accuracy": 0.0, "val_loss": NaN, "validation_time_mean": NaN, "validation_time_total": 0.0, "samples": 60000, "num_workers": 1, "done": false, "timesteps_total": null, "episodes_total": null, "training_iteration": 2, "neg_mean_loss": NaN, "experiment_id": "1ffcaf6d0f7144aeb00425aaf60edb4e", "date": "2019-06-02_20-38-14", "timestamp": 1559533094, "time_this_iter_s": 40.977442264556885, "time_total_s": 88.89195370674133, "pid": 6260, "hostname": "steropes", "node_ip": "169.229.49.254", "config": {"starting_lr": 1.0, "momentum": 0.99, "weight_decay": 0.005, "steps_per_iteration": null, "pin": false, "model_creator": null, "target_batch_size": 128, "model_string": "resnet50", "min_batch_size": 128, "dataset": "CIFAR", "placement": null, "use_nccl": true, "devices_per_worker": 1, "primary_resource": "extra_gpu", "gpu": false, "verbose": false, "lr_config": {"mode": "log", "steps": 5, "initial_lr": 1.0, "target_lr": 1.0}, "batch_per_device": 128}, "time_since_restore": 88.89195370674133, "timesteps_since_restore": 0, "iterations_since_restore": 2, "mean_throughput": 1349.9504277581402, "atoms": 1, "setup_time": 11.47309923171997}
{"apply": 0.017608070373535158, "batch_time": 0.03160696693613559, "d2h": 0.000709700584411621, "data_time": 0.0017737348366271505, "fwd": 0.028206515312194824, "get_state_time_mean": NaN, "get_state_time_total": 0.0, "grad": 0.04789633750915527, "mean_accuracy": 0.03333333134651184, "mean_loss": NaN, "neg_mean_accuracy": -0.0, "set_state_time_mean": NaN, "set_state_time_total": 0.0, "setup_model_time_mean": NaN, "setup_model_time_total": 0.0, "setup_proc_time_mean": NaN, "setup_proc_time_total": 0.0, "train_accuracy": 0.0, "train_loss": NaN, "training_time_mean": NaN, "training_time_total": 0.0, "val_accuracy": 0.0, "val_loss": NaN, "validation_time_mean": NaN, "validation_time_total": 0.0, "samples": 60000, "num_workers": 1, "done": true, "timesteps_total": null, "episodes_total": null, "training_iteration": 3, "neg_mean_loss": NaN, "experiment_id": "1ffcaf6d0f7144aeb00425aaf60edb4e", "date": "2019-06-02_20-38-55", "timestamp": 1559533135, "time_this_iter_s": 40.93599534034729, "time_total_s": 129.82794904708862, "pid": 6260, "hostname": "steropes", "node_ip": "169.229.49.254", "config": {"starting_lr": 1.0, "momentum": 0.99, "weight_decay": 0.005, "steps_per_iteration": null, "pin": false, "model_creator": null, "target_batch_size": 128, "model_string": "resnet50", "min_batch_size": 128, "dataset": "CIFAR", "placement": null, "use_nccl": true, "devices_per_worker": 1, "primary_resource": "extra_gpu", "gpu": false, "verbose": false, "lr_config": {"mode": "log", "steps": 5, "initial_lr": 1.0, "target_lr": 1.0}, "batch_per_device": 128}, "time_since_restore": 129.82794904708862, "timesteps_since_restore": 0, "iterations_since_restore": 3, "mean_throughput": 1386.4473575076697, "atoms": 1, "setup_time": 11.47309923171997}
