apply,batch_time,d2h,data_time,fwd,get_state_time_mean,get_state_time_total,grad,mean_accuracy,mean_loss,neg_mean_accuracy,set_state_time_mean,set_state_time_total,setup_model_time_mean,setup_model_time_total,setup_proc_time_mean,setup_proc_time_total,train_accuracy,train_loss,training_time_mean,training_time_total,validation_time_mean,validation_time_total,samples,num_workers,done,timesteps_total,episodes_total,training_iteration,neg_mean_loss,experiment_id,date,timestamp,time_this_iter_s,time_total_s,pid,hostname,node_ip,config,time_since_restore,timesteps_since_restore,iterations_since_restore,mean_throughput,atoms,resource_time
0.00815727710723877,0.18309285640716552,0.005983591079711914,0.03278840318018077,0.08802738189697265,nan,0.0,0.17414791584014894,0.26489999890327454,2.2240334884643556,-0.26489999890327454,nan,0.0,16.611562252044678,16.611562252044678,1.8146288394927979,1.8146288394927979,0.27998000383377075,2.3524504636383057,nan,0.0,nan,0.0,60000,1,False,,,1,-2.2240334884643556,60aef339b01d4e74b26db5f49b817a8c,2019-05-30_14-15-19,1559250919,11.669071197509766,11.669071197509766,21743,steropes,169.229.49.254,"{'starting_lr': 0.01, 'momentum': 0.997, 'weight_decay': 0.001, 'steps_per_iteration': None, 'pin': False, 'model_creator': None, 'target_batch_size': 1024, 'model_string': 'resnet18', 'min_batch_size': 512, 'dataset': 'CIFAR', 'placement': None, 'use_nccl': True, 'devices_per_worker': 1, 'primary_resource': 'extra_gpu', 'gpu': False, 'verbose': False, 'lr_config': {'mode': 'log', 'steps': 5, 'initial_lr': 0.01, 'target_lr': 0.01}, 'batch_per_device': 1024}",11.669071197509766,0,1,5141.758954795642,1,11.669071197509766
0.008447670936584472,0.1502894163131714,0.0063971996307373045,0.03174788611275809,0.03333687782287598,nan,0.0,0.06493399143218995,0.3725999891757965,1.8499123691558839,-0.3725999891757965,nan,0.0,nan,0.0,nan,0.0,0.39003998041152954,1.665855284843445,nan,0.0,nan,0.0,60000,1,False,,,2,-1.8499123691558839,60aef339b01d4e74b26db5f49b817a8c,2019-05-30_14-15-27,1559250927,8.120162010192871,19.789233207702637,21743,steropes,169.229.49.254,"{'starting_lr': 0.01, 'momentum': 0.997, 'weight_decay': 0.001, 'steps_per_iteration': None, 'pin': False, 'model_creator': None, 'target_batch_size': 1024, 'model_string': 'resnet18', 'min_batch_size': 512, 'dataset': 'CIFAR', 'placement': None, 'use_nccl': True, 'devices_per_worker': 1, 'primary_resource': 'extra_gpu', 'gpu': False, 'verbose': False, 'lr_config': {'mode': 'log', 'steps': 5, 'initial_lr': 0.01, 'target_lr': 0.01}, 'batch_per_device': 1024}",19.789233207702637,0,2,6063.851750100672,1,19.789233207702637
0.009653997421264649,0.1467287540435791,0.0050499200820922855,0.022243460830377072,0.03188803195953369,nan,0.0,0.05599181652069092,0.4755999743938446,1.4672182907104492,-0.4755999743938446,nan,0.0,nan,0.0,nan,0.0,0.4334999918937683,1.5454738321304322,nan,0.0,nan,0.0,60000,1,False,,,3,-1.4672182907104492,60aef339b01d4e74b26db5f49b817a8c,2019-05-30_14-15-35,1559250935,8.10649561882019,27.895728826522827,21743,steropes,169.229.49.254,"{'starting_lr': 0.01, 'momentum': 0.997, 'weight_decay': 0.001, 'steps_per_iteration': None, 'pin': False, 'model_creator': None, 'target_batch_size': 1024, 'model_string': 'resnet18', 'min_batch_size': 512, 'dataset': 'CIFAR', 'placement': None, 'use_nccl': True, 'devices_per_worker': 1, 'primary_resource': 'extra_gpu', 'gpu': False, 'verbose': False, 'lr_config': {'mode': 'log', 'steps': 5, 'initial_lr': 0.01, 'target_lr': 0.01}, 'batch_per_device': 1024}",27.895728826522827,0,3,6452.542320992748,1,27.895728826522827
0.007312178611755371,0.15936119556427003,0.00644371509552002,0.04634737968444824,0.03357393741607666,nan,0.0,0.05352749824523926,0.49559998512268066,1.3941634510040284,-0.49559998512268066,nan,0.0,nan,0.0,nan,0.0,0.46487998962402344,1.462337070388794,nan,0.0,nan,0.0,60000,1,False,,,4,-1.3941634510040284,60aef339b01d4e74b26db5f49b817a8c,2019-05-30_14-15-44,1559250944,9.272125244140625,37.16785407066345,21743,steropes,169.229.49.254,"{'starting_lr': 0.01, 'momentum': 0.997, 'weight_decay': 0.001, 'steps_per_iteration': None, 'pin': False, 'model_creator': None, 'target_batch_size': 1024, 'model_string': 'resnet18', 'min_batch_size': 512, 'dataset': 'CIFAR', 'placement': None, 'use_nccl': True, 'devices_per_worker': 1, 'primary_resource': 'extra_gpu', 'gpu': False, 'verbose': False, 'lr_config': {'mode': 'log', 'steps': 5, 'initial_lr': 0.01, 'target_lr': 0.01}, 'batch_per_device': 1024}",37.16785407066345,0,4,6457.134778428616,1,37.16785407066345
0.007882642745971679,0.1394965410232544,0.007108855247497559,0.043172690333152304,0.02847447395324707,nan,0.0,0.04955956935882568,0.5234000086784363,1.3313751428604126,-0.5234000086784363,nan,0.0,nan,0.0,nan,0.0,0.4924199879169464,1.3963097603607177,nan,0.0,nan,0.0,60000,1,False,,,5,-1.3313751428604126,60aef339b01d4e74b26db5f49b817a8c,2019-05-30_14-15-53,1559250953,8.788009643554688,45.95586371421814,21743,steropes,169.229.49.254,"{'starting_lr': 0.01, 'momentum': 0.997, 'weight_decay': 0.001, 'steps_per_iteration': None, 'pin': False, 'model_creator': None, 'target_batch_size': 1024, 'model_string': 'resnet18', 'min_batch_size': 512, 'dataset': 'CIFAR', 'placement': None, 'use_nccl': True, 'devices_per_worker': 1, 'primary_resource': 'extra_gpu', 'gpu': False, 'verbose': False, 'lr_config': {'mode': 'log', 'steps': 5, 'initial_lr': 0.01, 'target_lr': 0.01}, 'batch_per_device': 1024}",45.95586371421814,0,5,6527.94354986315,1,45.95586371421814
0.008366680145263672,0.1276942729949951,0.00525820255279541,0.03912223601827816,0.02531294822692871,nan,0.0,0.05538594722747803,0.5363999605178833,1.3018425653457641,-0.5363999605178833,nan,0.0,nan,0.0,nan,0.0,0.520579993724823,1.3265223398208619,nan,0.0,nan,0.0,60000,1,False,,,6,-1.3018425653457641,60aef339b01d4e74b26db5f49b817a8c,2019-05-30_14-16-01,1559250961,8.471535205841064,54.427398920059204,21743,steropes,169.229.49.254,"{'starting_lr': 0.01, 'momentum': 0.997, 'weight_decay': 0.001, 'steps_per_iteration': None, 'pin': False, 'model_creator': None, 'target_batch_size': 1024, 'model_string': 'resnet18', 'min_batch_size': 512, 'dataset': 'CIFAR', 'placement': None, 'use_nccl': True, 'devices_per_worker': 1, 'primary_resource': 'extra_gpu', 'gpu': False, 'verbose': False, 'lr_config': {'mode': 'log', 'steps': 5, 'initial_lr': 0.01, 'target_lr': 0.01}, 'batch_per_device': 1024}",54.427398920059204,0,6,7016.110324202435,1,54.427398920059204
0.007998085021972657,0.15896234512329102,0.0051211357116699215,0.03883257690741091,0.023123455047607423,nan,0.0,0.047124695777893064,0.5546999573707581,1.2478492143630981,-0.5546999573707581,nan,0.0,nan,0.0,nan,0.0,0.5379399657249451,1.2738985639572145,nan,0.0,nan,0.0,60000,1,False,,,7,-1.2478492143630981,60aef339b01d4e74b26db5f49b817a8c,2019-05-30_14-16-10,1559250970,8.857658386230469,63.28505730628967,21743,steropes,169.229.49.254,"{'starting_lr': 0.01, 'momentum': 0.997, 'weight_decay': 0.001, 'steps_per_iteration': None, 'pin': False, 'model_creator': None, 'target_batch_size': 1024, 'model_string': 'resnet18', 'min_batch_size': 512, 'dataset': 'CIFAR', 'placement': None, 'use_nccl': True, 'devices_per_worker': 1, 'primary_resource': 'extra_gpu', 'gpu': False, 'verbose': False, 'lr_config': {'mode': 'log', 'steps': 5, 'initial_lr': 0.01, 'target_lr': 0.01}, 'batch_per_device': 1024}",63.28505730628967,0,7,6897.139211854668,1,63.28505730628967
0.0078075647354125975,0.1166672945022583,0.005384254455566406,0.04042964078942124,0.02169978618621826,nan,0.0,0.04488363265991211,0.5737000107765198,1.1848682390213012,-0.5737000107765198,nan,0.0,nan,0.0,nan,0.0,0.5576399564743042,1.2297595452880858,nan,0.0,nan,0.0,60000,1,False,,,8,-1.1848682390213012,60aef339b01d4e74b26db5f49b817a8c,2019-05-30_14-16-18,1559250978,7.916856527328491,71.20191383361816,21743,steropes,169.229.49.254,"{'starting_lr': 0.01, 'momentum': 0.997, 'weight_decay': 0.001, 'steps_per_iteration': None, 'pin': False, 'model_creator': None, 'target_batch_size': 1024, 'model_string': 'resnet18', 'min_batch_size': 512, 'dataset': 'CIFAR', 'placement': None, 'use_nccl': True, 'devices_per_worker': 1, 'primary_resource': 'extra_gpu', 'gpu': False, 'verbose': False, 'lr_config': {'mode': 'log', 'steps': 5, 'initial_lr': 0.01, 'target_lr': 0.01}, 'batch_per_device': 1024}",71.20191383361816,0,8,6927.342694158483,1,71.20191383361816
0.007365965843200683,0.12006566524505616,0.006764364242553711,0.04264996003131477,0.022023820877075197,nan,0.0,0.044054269790649414,0.5800999999046326,1.1686862722396851,-0.5800999999046326,nan,0.0,nan,0.0,nan,0.0,0.572380006313324,1.1868675107192994,nan,0.0,nan,0.0,60000,1,False,,,9,-1.1686862722396851,60aef339b01d4e74b26db5f49b817a8c,2019-05-30_14-17-19,1559251039,9.085947036743164,80.28786087036133,21743,steropes,169.229.49.254,"{'starting_lr': 0.01, 'momentum': 0.997, 'weight_decay': 0.001, 'steps_per_iteration': None, 'pin': False, 'model_creator': None, 'target_batch_size': 1024, 'model_string': 'resnet18', 'min_batch_size': 512, 'dataset': 'CIFAR', 'placement': None, 'use_nccl': True, 'devices_per_worker': 1, 'primary_resource': 'extra_gpu', 'gpu': False, 'verbose': False, 'lr_config': {'mode': 'log', 'steps': 5, 'initial_lr': 0.01, 'target_lr': 0.01}, 'batch_per_device': 1024}",80.28786087036133,0,9,6957.157339704423,1,80.28786087036133
0.00763545036315918,0.1280202865600586,0.0051430463790893555,0.04939160055043746,0.02295365333557129,nan,0.0,0.04351661205291748,0.5977999567985535,1.111732731437683,-0.5977999567985535,nan,0.0,nan,0.0,nan,0.0,0.590939998626709,1.1350662579345703,nan,0.0,nan,0.0,60000,1,False,,,10,-1.111732731437683,60aef339b01d4e74b26db5f49b817a8c,2019-05-30_14-17-28,1559251048,9.348083019256592,89.63594388961792,21743,steropes,169.229.49.254,"{'starting_lr': 0.01, 'momentum': 0.997, 'weight_decay': 0.001, 'steps_per_iteration': None, 'pin': False, 'model_creator': None, 'target_batch_size': 1024, 'model_string': 'resnet18', 'min_batch_size': 512, 'dataset': 'CIFAR', 'placement': None, 'use_nccl': True, 'devices_per_worker': 1, 'primary_resource': 'extra_gpu', 'gpu': False, 'verbose': False, 'lr_config': {'mode': 'log', 'steps': 5, 'initial_lr': 0.01, 'target_lr': 0.01}, 'batch_per_device': 1024}",89.63594388961792,0,10,6867.9531554178075,1,89.63594388961792
0.007937479019165038,0.12690436840057373,0.005535030364990234,0.060950576042642396,0.028308796882629394,nan,0.0,0.04609975814819336,0.590499997138977,1.1409930755615234,-0.590499997138977,nan,0.0,nan,0.0,nan,0.0,0.6066200137138367,1.0928642742919923,nan,0.0,nan,0.0,60000,1,False,,,11,-1.1409930755615234,60aef339b01d4e74b26db5f49b817a8c,2019-05-30_14-17-37,1559251057,9.360860586166382,98.9968044757843,21743,steropes,169.229.49.254,"{'starting_lr': 0.01, 'momentum': 0.997, 'weight_decay': 0.001, 'steps_per_iteration': None, 'pin': False, 'model_creator': None, 'target_batch_size': 1024, 'model_string': 'resnet18', 'min_batch_size': 512, 'dataset': 'CIFAR', 'placement': None, 'use_nccl': True, 'devices_per_worker': 1, 'primary_resource': 'extra_gpu', 'gpu': False, 'verbose': False, 'lr_config': {'mode': 'log', 'steps': 5, 'initial_lr': 0.01, 'target_lr': 0.01}, 'batch_per_device': 1024}",98.9968044757843,0,11,6730.914118289793,1,98.9968044757843
0.0074969053268432615,0.11921572685241699,0.007074952125549316,0.03781752197109923,0.023664069175720216,nan,0.0,0.04472126960754395,0.5762999653816223,1.2052003618240357,-0.5762999653816223,nan,0.0,nan,0.0,nan,0.0,0.6193599700927734,1.066939404373169,nan,0.0,nan,0.0,60000,1,True,,,12,-1.2052003618240357,60aef339b01d4e74b26db5f49b817a8c,2019-05-30_14-17-45,1559251065,7.427248001098633,106.42405247688293,21743,steropes,169.229.49.254,"{'starting_lr': 0.01, 'momentum': 0.997, 'weight_decay': 0.001, 'steps_per_iteration': None, 'pin': False, 'model_creator': None, 'target_batch_size': 1024, 'model_string': 'resnet18', 'min_batch_size': 512, 'dataset': 'CIFAR', 'placement': None, 'use_nccl': True, 'devices_per_worker': 1, 'primary_resource': 'extra_gpu', 'gpu': False, 'verbose': False, 'lr_config': {'mode': 'log', 'steps': 5, 'initial_lr': 0.01, 'target_lr': 0.01}, 'batch_per_device': 1024}",106.42405247688293,0,12,6954.104133659933,1,106.42405247688293
