{"apply": 0.00815727710723877, "batch_time": 0.18309285640716552, "d2h": 0.005983591079711914, "data_time": 0.03278840318018077, "fwd": 0.08802738189697265, "get_state_time_mean": NaN, "get_state_time_total": 0.0, "grad": 0.17414791584014894, "mean_accuracy": 0.26489999890327454, "mean_loss": 2.2240334884643556, "neg_mean_accuracy": -0.26489999890327454, "set_state_time_mean": NaN, "set_state_time_total": 0.0, "setup_model_time_mean": 16.611562252044678, "setup_model_time_total": 16.611562252044678, "setup_proc_time_mean": 1.8146288394927979, "setup_proc_time_total": 1.8146288394927979, "train_accuracy": 0.27998000383377075, "train_loss": 2.3524504636383057, "training_time_mean": NaN, "training_time_total": 0.0, "validation_time_mean": NaN, "validation_time_total": 0.0, "samples": 60000, "num_workers": 1, "done": false, "timesteps_total": null, "episodes_total": null, "training_iteration": 1, "neg_mean_loss": -2.2240334884643556, "experiment_id": "60aef339b01d4e74b26db5f49b817a8c", "date": "2019-05-30_14-15-19", "timestamp": 1559250919, "time_this_iter_s": 11.669071197509766, "time_total_s": 11.669071197509766, "pid": 21743, "hostname": "steropes", "node_ip": "169.229.49.254", "config": {"starting_lr": 0.01, "momentum": 0.997, "weight_decay": 0.001, "steps_per_iteration": null, "pin": false, "model_creator": null, "target_batch_size": 1024, "model_string": "resnet18", "min_batch_size": 512, "dataset": "CIFAR", "placement": null, "use_nccl": true, "devices_per_worker": 1, "primary_resource": "extra_gpu", "gpu": false, "verbose": false, "lr_config": {"mode": "log", "steps": 5, "initial_lr": 0.01, "target_lr": 0.01}, "batch_per_device": 1024}, "time_since_restore": 11.669071197509766, "timesteps_since_restore": 0, "iterations_since_restore": 1, "mean_throughput": 5141.758954795642, "atoms": 1, "resource_time": 11.669071197509766}
{"apply": 0.008447670936584472, "batch_time": 0.1502894163131714, "d2h": 0.0063971996307373045, "data_time": 0.03174788611275809, "fwd": 0.03333687782287598, "get_state_time_mean": NaN, "get_state_time_total": 0.0, "grad": 0.06493399143218995, "mean_accuracy": 0.3725999891757965, "mean_loss": 1.8499123691558839, "neg_mean_accuracy": -0.3725999891757965, "set_state_time_mean": NaN, "set_state_time_total": 0.0, "setup_model_time_mean": NaN, "setup_model_time_total": 0.0, "setup_proc_time_mean": NaN, "setup_proc_time_total": 0.0, "train_accuracy": 0.39003998041152954, "train_loss": 1.665855284843445, "training_time_mean": NaN, "training_time_total": 0.0, "validation_time_mean": NaN, "validation_time_total": 0.0, "samples": 60000, "num_workers": 1, "done": false, "timesteps_total": null, "episodes_total": null, "training_iteration": 2, "neg_mean_loss": -1.8499123691558839, "experiment_id": "60aef339b01d4e74b26db5f49b817a8c", "date": "2019-05-30_14-15-27", "timestamp": 1559250927, "time_this_iter_s": 8.120162010192871, "time_total_s": 19.789233207702637, "pid": 21743, "hostname": "steropes", "node_ip": "169.229.49.254", "config": {"starting_lr": 0.01, "momentum": 0.997, "weight_decay": 0.001, "steps_per_iteration": null, "pin": false, "model_creator": null, "target_batch_size": 1024, "model_string": "resnet18", "min_batch_size": 512, "dataset": "CIFAR", "placement": null, "use_nccl": true, "devices_per_worker": 1, "primary_resource": "extra_gpu", "gpu": false, "verbose": false, "lr_config": {"mode": "log", "steps": 5, "initial_lr": 0.01, "target_lr": 0.01}, "batch_per_device": 1024}, "time_since_restore": 19.789233207702637, "timesteps_since_restore": 0, "iterations_since_restore": 2, "mean_throughput": 6063.851750100672, "atoms": 1, "resource_time": 19.789233207702637}
{"apply": 0.009653997421264649, "batch_time": 0.1467287540435791, "d2h": 0.0050499200820922855, "data_time": 0.022243460830377072, "fwd": 0.03188803195953369, "get_state_time_mean": NaN, "get_state_time_total": 0.0, "grad": 0.05599181652069092, "mean_accuracy": 0.4755999743938446, "mean_loss": 1.4672182907104492, "neg_mean_accuracy": -0.4755999743938446, "set_state_time_mean": NaN, "set_state_time_total": 0.0, "setup_model_time_mean": NaN, "setup_model_time_total": 0.0, "setup_proc_time_mean": NaN, "setup_proc_time_total": 0.0, "train_accuracy": 0.4334999918937683, "train_loss": 1.5454738321304322, "training_time_mean": NaN, "training_time_total": 0.0, "validation_time_mean": NaN, "validation_time_total": 0.0, "samples": 60000, "num_workers": 1, "done": false, "timesteps_total": null, "episodes_total": null, "training_iteration": 3, "neg_mean_loss": -1.4672182907104492, "experiment_id": "60aef339b01d4e74b26db5f49b817a8c", "date": "2019-05-30_14-15-35", "timestamp": 1559250935, "time_this_iter_s": 8.10649561882019, "time_total_s": 27.895728826522827, "pid": 21743, "hostname": "steropes", "node_ip": "169.229.49.254", "config": {"starting_lr": 0.01, "momentum": 0.997, "weight_decay": 0.001, "steps_per_iteration": null, "pin": false, "model_creator": null, "target_batch_size": 1024, "model_string": "resnet18", "min_batch_size": 512, "dataset": "CIFAR", "placement": null, "use_nccl": true, "devices_per_worker": 1, "primary_resource": "extra_gpu", "gpu": false, "verbose": false, "lr_config": {"mode": "log", "steps": 5, "initial_lr": 0.01, "target_lr": 0.01}, "batch_per_device": 1024}, "time_since_restore": 27.895728826522827, "timesteps_since_restore": 0, "iterations_since_restore": 3, "mean_throughput": 6452.542320992748, "atoms": 1, "resource_time": 27.895728826522827}
{"apply": 0.007312178611755371, "batch_time": 0.15936119556427003, "d2h": 0.00644371509552002, "data_time": 0.04634737968444824, "fwd": 0.03357393741607666, "get_state_time_mean": NaN, "get_state_time_total": 0.0, "grad": 0.05352749824523926, "mean_accuracy": 0.49559998512268066, "mean_loss": 1.3941634510040284, "neg_mean_accuracy": -0.49559998512268066, "set_state_time_mean": NaN, "set_state_time_total": 0.0, "setup_model_time_mean": NaN, "setup_model_time_total": 0.0, "setup_proc_time_mean": NaN, "setup_proc_time_total": 0.0, "train_accuracy": 0.46487998962402344, "train_loss": 1.462337070388794, "training_time_mean": NaN, "training_time_total": 0.0, "validation_time_mean": NaN, "validation_time_total": 0.0, "samples": 60000, "num_workers": 1, "done": false, "timesteps_total": null, "episodes_total": null, "training_iteration": 4, "neg_mean_loss": -1.3941634510040284, "experiment_id": "60aef339b01d4e74b26db5f49b817a8c", "date": "2019-05-30_14-15-44", "timestamp": 1559250944, "time_this_iter_s": 9.272125244140625, "time_total_s": 37.16785407066345, "pid": 21743, "hostname": "steropes", "node_ip": "169.229.49.254", "config": {"starting_lr": 0.01, "momentum": 0.997, "weight_decay": 0.001, "steps_per_iteration": null, "pin": false, "model_creator": null, "target_batch_size": 1024, "model_string": "resnet18", "min_batch_size": 512, "dataset": "CIFAR", "placement": null, "use_nccl": true, "devices_per_worker": 1, "primary_resource": "extra_gpu", "gpu": false, "verbose": false, "lr_config": {"mode": "log", "steps": 5, "initial_lr": 0.01, "target_lr": 0.01}, "batch_per_device": 1024}, "time_since_restore": 37.16785407066345, "timesteps_since_restore": 0, "iterations_since_restore": 4, "mean_throughput": 6457.134778428616, "atoms": 1, "resource_time": 37.16785407066345}
{"apply": 0.007882642745971679, "batch_time": 0.1394965410232544, "d2h": 0.007108855247497559, "data_time": 0.043172690333152304, "fwd": 0.02847447395324707, "get_state_time_mean": NaN, "get_state_time_total": 0.0, "grad": 0.04955956935882568, "mean_accuracy": 0.5234000086784363, "mean_loss": 1.3313751428604126, "neg_mean_accuracy": -0.5234000086784363, "set_state_time_mean": NaN, "set_state_time_total": 0.0, "setup_model_time_mean": NaN, "setup_model_time_total": 0.0, "setup_proc_time_mean": NaN, "setup_proc_time_total": 0.0, "train_accuracy": 0.4924199879169464, "train_loss": 1.3963097603607177, "training_time_mean": NaN, "training_time_total": 0.0, "validation_time_mean": NaN, "validation_time_total": 0.0, "samples": 60000, "num_workers": 1, "done": false, "timesteps_total": null, "episodes_total": null, "training_iteration": 5, "neg_mean_loss": -1.3313751428604126, "experiment_id": "60aef339b01d4e74b26db5f49b817a8c", "date": "2019-05-30_14-15-53", "timestamp": 1559250953, "time_this_iter_s": 8.788009643554688, "time_total_s": 45.95586371421814, "pid": 21743, "hostname": "steropes", "node_ip": "169.229.49.254", "config": {"starting_lr": 0.01, "momentum": 0.997, "weight_decay": 0.001, "steps_per_iteration": null, "pin": false, "model_creator": null, "target_batch_size": 1024, "model_string": "resnet18", "min_batch_size": 512, "dataset": "CIFAR", "placement": null, "use_nccl": true, "devices_per_worker": 1, "primary_resource": "extra_gpu", "gpu": false, "verbose": false, "lr_config": {"mode": "log", "steps": 5, "initial_lr": 0.01, "target_lr": 0.01}, "batch_per_device": 1024}, "time_since_restore": 45.95586371421814, "timesteps_since_restore": 0, "iterations_since_restore": 5, "mean_throughput": 6527.94354986315, "atoms": 1, "resource_time": 45.95586371421814}
{"apply": 0.008366680145263672, "batch_time": 0.1276942729949951, "d2h": 0.00525820255279541, "data_time": 0.03912223601827816, "fwd": 0.02531294822692871, "get_state_time_mean": NaN, "get_state_time_total": 0.0, "grad": 0.05538594722747803, "mean_accuracy": 0.5363999605178833, "mean_loss": 1.3018425653457641, "neg_mean_accuracy": -0.5363999605178833, "set_state_time_mean": NaN, "set_state_time_total": 0.0, "setup_model_time_mean": NaN, "setup_model_time_total": 0.0, "setup_proc_time_mean": NaN, "setup_proc_time_total": 0.0, "train_accuracy": 0.520579993724823, "train_loss": 1.3265223398208619, "training_time_mean": NaN, "training_time_total": 0.0, "validation_time_mean": NaN, "validation_time_total": 0.0, "samples": 60000, "num_workers": 1, "done": false, "timesteps_total": null, "episodes_total": null, "training_iteration": 6, "neg_mean_loss": -1.3018425653457641, "experiment_id": "60aef339b01d4e74b26db5f49b817a8c", "date": "2019-05-30_14-16-01", "timestamp": 1559250961, "time_this_iter_s": 8.471535205841064, "time_total_s": 54.427398920059204, "pid": 21743, "hostname": "steropes", "node_ip": "169.229.49.254", "config": {"starting_lr": 0.01, "momentum": 0.997, "weight_decay": 0.001, "steps_per_iteration": null, "pin": false, "model_creator": null, "target_batch_size": 1024, "model_string": "resnet18", "min_batch_size": 512, "dataset": "CIFAR", "placement": null, "use_nccl": true, "devices_per_worker": 1, "primary_resource": "extra_gpu", "gpu": false, "verbose": false, "lr_config": {"mode": "log", "steps": 5, "initial_lr": 0.01, "target_lr": 0.01}, "batch_per_device": 1024}, "time_since_restore": 54.427398920059204, "timesteps_since_restore": 0, "iterations_since_restore": 6, "mean_throughput": 7016.110324202435, "atoms": 1, "resource_time": 54.427398920059204}
{"apply": 0.007998085021972657, "batch_time": 0.15896234512329102, "d2h": 0.0051211357116699215, "data_time": 0.03883257690741091, "fwd": 0.023123455047607423, "get_state_time_mean": NaN, "get_state_time_total": 0.0, "grad": 0.047124695777893064, "mean_accuracy": 0.5546999573707581, "mean_loss": 1.2478492143630981, "neg_mean_accuracy": -0.5546999573707581, "set_state_time_mean": NaN, "set_state_time_total": 0.0, "setup_model_time_mean": NaN, "setup_model_time_total": 0.0, "setup_proc_time_mean": NaN, "setup_proc_time_total": 0.0, "train_accuracy": 0.5379399657249451, "train_loss": 1.2738985639572145, "training_time_mean": NaN, "training_time_total": 0.0, "validation_time_mean": NaN, "validation_time_total": 0.0, "samples": 60000, "num_workers": 1, "done": false, "timesteps_total": null, "episodes_total": null, "training_iteration": 7, "neg_mean_loss": -1.2478492143630981, "experiment_id": "60aef339b01d4e74b26db5f49b817a8c", "date": "2019-05-30_14-16-10", "timestamp": 1559250970, "time_this_iter_s": 8.857658386230469, "time_total_s": 63.28505730628967, "pid": 21743, "hostname": "steropes", "node_ip": "169.229.49.254", "config": {"starting_lr": 0.01, "momentum": 0.997, "weight_decay": 0.001, "steps_per_iteration": null, "pin": false, "model_creator": null, "target_batch_size": 1024, "model_string": "resnet18", "min_batch_size": 512, "dataset": "CIFAR", "placement": null, "use_nccl": true, "devices_per_worker": 1, "primary_resource": "extra_gpu", "gpu": false, "verbose": false, "lr_config": {"mode": "log", "steps": 5, "initial_lr": 0.01, "target_lr": 0.01}, "batch_per_device": 1024}, "time_since_restore": 63.28505730628967, "timesteps_since_restore": 0, "iterations_since_restore": 7, "mean_throughput": 6897.139211854668, "atoms": 1, "resource_time": 63.28505730628967}
{"apply": 0.0078075647354125975, "batch_time": 0.1166672945022583, "d2h": 0.005384254455566406, "data_time": 0.04042964078942124, "fwd": 0.02169978618621826, "get_state_time_mean": NaN, "get_state_time_total": 0.0, "grad": 0.04488363265991211, "mean_accuracy": 0.5737000107765198, "mean_loss": 1.1848682390213012, "neg_mean_accuracy": -0.5737000107765198, "set_state_time_mean": NaN, "set_state_time_total": 0.0, "setup_model_time_mean": NaN, "setup_model_time_total": 0.0, "setup_proc_time_mean": NaN, "setup_proc_time_total": 0.0, "train_accuracy": 0.5576399564743042, "train_loss": 1.2297595452880858, "training_time_mean": NaN, "training_time_total": 0.0, "validation_time_mean": NaN, "validation_time_total": 0.0, "samples": 60000, "num_workers": 1, "done": false, "timesteps_total": null, "episodes_total": null, "training_iteration": 8, "neg_mean_loss": -1.1848682390213012, "experiment_id": "60aef339b01d4e74b26db5f49b817a8c", "date": "2019-05-30_14-16-18", "timestamp": 1559250978, "time_this_iter_s": 7.916856527328491, "time_total_s": 71.20191383361816, "pid": 21743, "hostname": "steropes", "node_ip": "169.229.49.254", "config": {"starting_lr": 0.01, "momentum": 0.997, "weight_decay": 0.001, "steps_per_iteration": null, "pin": false, "model_creator": null, "target_batch_size": 1024, "model_string": "resnet18", "min_batch_size": 512, "dataset": "CIFAR", "placement": null, "use_nccl": true, "devices_per_worker": 1, "primary_resource": "extra_gpu", "gpu": false, "verbose": false, "lr_config": {"mode": "log", "steps": 5, "initial_lr": 0.01, "target_lr": 0.01}, "batch_per_device": 1024}, "time_since_restore": 71.20191383361816, "timesteps_since_restore": 0, "iterations_since_restore": 8, "mean_throughput": 6927.342694158483, "atoms": 1, "resource_time": 71.20191383361816}
{"apply": 0.007365965843200683, "batch_time": 0.12006566524505616, "d2h": 0.006764364242553711, "data_time": 0.04264996003131477, "fwd": 0.022023820877075197, "get_state_time_mean": NaN, "get_state_time_total": 0.0, "grad": 0.044054269790649414, "mean_accuracy": 0.5800999999046326, "mean_loss": 1.1686862722396851, "neg_mean_accuracy": -0.5800999999046326, "set_state_time_mean": NaN, "set_state_time_total": 0.0, "setup_model_time_mean": NaN, "setup_model_time_total": 0.0, "setup_proc_time_mean": NaN, "setup_proc_time_total": 0.0, "train_accuracy": 0.572380006313324, "train_loss": 1.1868675107192994, "training_time_mean": NaN, "training_time_total": 0.0, "validation_time_mean": NaN, "validation_time_total": 0.0, "samples": 60000, "num_workers": 1, "done": false, "timesteps_total": null, "episodes_total": null, "training_iteration": 9, "neg_mean_loss": -1.1686862722396851, "experiment_id": "60aef339b01d4e74b26db5f49b817a8c", "date": "2019-05-30_14-17-19", "timestamp": 1559251039, "time_this_iter_s": 9.085947036743164, "time_total_s": 80.28786087036133, "pid": 21743, "hostname": "steropes", "node_ip": "169.229.49.254", "config": {"starting_lr": 0.01, "momentum": 0.997, "weight_decay": 0.001, "steps_per_iteration": null, "pin": false, "model_creator": null, "target_batch_size": 1024, "model_string": "resnet18", "min_batch_size": 512, "dataset": "CIFAR", "placement": null, "use_nccl": true, "devices_per_worker": 1, "primary_resource": "extra_gpu", "gpu": false, "verbose": false, "lr_config": {"mode": "log", "steps": 5, "initial_lr": 0.01, "target_lr": 0.01}, "batch_per_device": 1024}, "time_since_restore": 80.28786087036133, "timesteps_since_restore": 0, "iterations_since_restore": 9, "mean_throughput": 6957.157339704423, "atoms": 1, "resource_time": 80.28786087036133}
{"apply": 0.00763545036315918, "batch_time": 0.1280202865600586, "d2h": 0.0051430463790893555, "data_time": 0.04939160055043746, "fwd": 0.02295365333557129, "get_state_time_mean": NaN, "get_state_time_total": 0.0, "grad": 0.04351661205291748, "mean_accuracy": 0.5977999567985535, "mean_loss": 1.111732731437683, "neg_mean_accuracy": -0.5977999567985535, "set_state_time_mean": NaN, "set_state_time_total": 0.0, "setup_model_time_mean": NaN, "setup_model_time_total": 0.0, "setup_proc_time_mean": NaN, "setup_proc_time_total": 0.0, "train_accuracy": 0.590939998626709, "train_loss": 1.1350662579345703, "training_time_mean": NaN, "training_time_total": 0.0, "validation_time_mean": NaN, "validation_time_total": 0.0, "samples": 60000, "num_workers": 1, "done": false, "timesteps_total": null, "episodes_total": null, "training_iteration": 10, "neg_mean_loss": -1.111732731437683, "experiment_id": "60aef339b01d4e74b26db5f49b817a8c", "date": "2019-05-30_14-17-28", "timestamp": 1559251048, "time_this_iter_s": 9.348083019256592, "time_total_s": 89.63594388961792, "pid": 21743, "hostname": "steropes", "node_ip": "169.229.49.254", "config": {"starting_lr": 0.01, "momentum": 0.997, "weight_decay": 0.001, "steps_per_iteration": null, "pin": false, "model_creator": null, "target_batch_size": 1024, "model_string": "resnet18", "min_batch_size": 512, "dataset": "CIFAR", "placement": null, "use_nccl": true, "devices_per_worker": 1, "primary_resource": "extra_gpu", "gpu": false, "verbose": false, "lr_config": {"mode": "log", "steps": 5, "initial_lr": 0.01, "target_lr": 0.01}, "batch_per_device": 1024}, "time_since_restore": 89.63594388961792, "timesteps_since_restore": 0, "iterations_since_restore": 10, "mean_throughput": 6867.9531554178075, "atoms": 1, "resource_time": 89.63594388961792}
{"apply": 0.007937479019165038, "batch_time": 0.12690436840057373, "d2h": 0.005535030364990234, "data_time": 0.060950576042642396, "fwd": 0.028308796882629394, "get_state_time_mean": NaN, "get_state_time_total": 0.0, "grad": 0.04609975814819336, "mean_accuracy": 0.590499997138977, "mean_loss": 1.1409930755615234, "neg_mean_accuracy": -0.590499997138977, "set_state_time_mean": NaN, "set_state_time_total": 0.0, "setup_model_time_mean": NaN, "setup_model_time_total": 0.0, "setup_proc_time_mean": NaN, "setup_proc_time_total": 0.0, "train_accuracy": 0.6066200137138367, "train_loss": 1.0928642742919923, "training_time_mean": NaN, "training_time_total": 0.0, "validation_time_mean": NaN, "validation_time_total": 0.0, "samples": 60000, "num_workers": 1, "done": false, "timesteps_total": null, "episodes_total": null, "training_iteration": 11, "neg_mean_loss": -1.1409930755615234, "experiment_id": "60aef339b01d4e74b26db5f49b817a8c", "date": "2019-05-30_14-17-37", "timestamp": 1559251057, "time_this_iter_s": 9.360860586166382, "time_total_s": 98.9968044757843, "pid": 21743, "hostname": "steropes", "node_ip": "169.229.49.254", "config": {"starting_lr": 0.01, "momentum": 0.997, "weight_decay": 0.001, "steps_per_iteration": null, "pin": false, "model_creator": null, "target_batch_size": 1024, "model_string": "resnet18", "min_batch_size": 512, "dataset": "CIFAR", "placement": null, "use_nccl": true, "devices_per_worker": 1, "primary_resource": "extra_gpu", "gpu": false, "verbose": false, "lr_config": {"mode": "log", "steps": 5, "initial_lr": 0.01, "target_lr": 0.01}, "batch_per_device": 1024}, "time_since_restore": 98.9968044757843, "timesteps_since_restore": 0, "iterations_since_restore": 11, "mean_throughput": 6730.914118289793, "atoms": 1, "resource_time": 98.9968044757843}
{"apply": 0.0074969053268432615, "batch_time": 0.11921572685241699, "d2h": 0.007074952125549316, "data_time": 0.03781752197109923, "fwd": 0.023664069175720216, "get_state_time_mean": NaN, "get_state_time_total": 0.0, "grad": 0.04472126960754395, "mean_accuracy": 0.5762999653816223, "mean_loss": 1.2052003618240357, "neg_mean_accuracy": -0.5762999653816223, "set_state_time_mean": NaN, "set_state_time_total": 0.0, "setup_model_time_mean": NaN, "setup_model_time_total": 0.0, "setup_proc_time_mean": NaN, "setup_proc_time_total": 0.0, "train_accuracy": 0.6193599700927734, "train_loss": 1.066939404373169, "training_time_mean": NaN, "training_time_total": 0.0, "validation_time_mean": NaN, "validation_time_total": 0.0, "samples": 60000, "num_workers": 1, "done": true, "timesteps_total": null, "episodes_total": null, "training_iteration": 12, "neg_mean_loss": -1.2052003618240357, "experiment_id": "60aef339b01d4e74b26db5f49b817a8c", "date": "2019-05-30_14-17-45", "timestamp": 1559251065, "time_this_iter_s": 7.427248001098633, "time_total_s": 106.42405247688293, "pid": 21743, "hostname": "steropes", "node_ip": "169.229.49.254", "config": {"starting_lr": 0.01, "momentum": 0.997, "weight_decay": 0.001, "steps_per_iteration": null, "pin": false, "model_creator": null, "target_batch_size": 1024, "model_string": "resnet18", "min_batch_size": 512, "dataset": "CIFAR", "placement": null, "use_nccl": true, "devices_per_worker": 1, "primary_resource": "extra_gpu", "gpu": false, "verbose": false, "lr_config": {"mode": "log", "steps": 5, "initial_lr": 0.01, "target_lr": 0.01}, "batch_per_device": 1024}, "time_since_restore": 106.42405247688293, "timesteps_since_restore": 0, "iterations_since_restore": 12, "mean_throughput": 6954.104133659933, "atoms": 1, "resource_time": 106.42405247688293}
