{"apply": 0.017181658744812013, "batch_time": 0.04093986825097965, "d2h": 0.0006542682647705078, "data_time": 0.001866284538717831, "fwd": 0.1745434284210205, "get_state_time_mean": NaN, "get_state_time_total": 0.0, "grad": 0.16367073059082032, "mean_accuracy": 0.09999999403953552, "mean_loss": 2.5424516326904296, "neg_mean_accuracy": -0.09999999403953552, "set_state_time_mean": NaN, "set_state_time_total": 0.0, "setup_model_time_mean": 8.537917613983154, "setup_model_time_total": 8.537917613983154, "setup_proc_time_mean": 0.15903568267822266, "setup_proc_time_total": 0.15903568267822266, "train_accuracy": 0.10873999446630478, "train_loss": 4.057396401367187, "training_time_mean": NaN, "training_time_total": 0.0, "val_accuracy": 0.09999999403953552, "val_loss": 2.5424516326904296, "validation_time_mean": NaN, "validation_time_total": 0.0, "samples": 60000, "num_workers": 1, "done": false, "timesteps_total": null, "episodes_total": null, "training_iteration": 1, "neg_mean_loss": -2.5424516326904296, "experiment_id": "3a9edf63ee064a6199ea9bb0f1a14965", "date": "2019-06-02_20-37-21", "timestamp": 1559533041, "time_this_iter_s": 46.597466468811035, "time_total_s": 46.597466468811035, "pid": 6268, "hostname": "steropes", "node_ip": "169.229.49.254", "config": {"starting_lr": 0.5, "momentum": 0.9, "weight_decay": 0.001, "steps_per_iteration": null, "pin": false, "model_creator": null, "target_batch_size": 128, "model_string": "resnet50", "min_batch_size": 128, "dataset": "CIFAR", "placement": null, "use_nccl": true, "devices_per_worker": 1, "primary_resource": "extra_gpu", "gpu": false, "verbose": false, "lr_config": {"mode": "log", "steps": 5, "initial_lr": 0.5, "target_lr": 0.5}, "batch_per_device": 128}, "time_since_restore": 46.597466468811035, "timesteps_since_restore": 0, "iterations_since_restore": 1, "mean_throughput": 1287.6203392490418, "atoms": 1, "setup_time": 8.813292026519775}
{"apply": 0.01809558868408203, "batch_time": 0.03126424173765545, "d2h": 0.0007617712020874023, "data_time": 0.0017945217659406346, "fwd": 0.027871036529541017, "get_state_time_mean": NaN, "get_state_time_total": 0.0, "grad": 0.048651838302612306, "mean_accuracy": 0.16784999519586563, "mean_loss": 2.2339881004333497, "neg_mean_accuracy": -0.23569999635219574, "set_state_time_mean": NaN, "set_state_time_total": 0.0, "setup_model_time_mean": NaN, "setup_model_time_total": 0.0, "setup_proc_time_mean": NaN, "setup_proc_time_total": 0.0, "train_accuracy": 0.2076999992132187, "train_loss": 2.081228864402771, "training_time_mean": NaN, "training_time_total": 0.0, "val_accuracy": 0.23569999635219574, "val_loss": 1.9255245681762696, "validation_time_mean": NaN, "validation_time_total": 0.0, "samples": 60000, "num_workers": 1, "done": false, "timesteps_total": null, "episodes_total": null, "training_iteration": 2, "neg_mean_loss": -2.2339881004333497, "experiment_id": "3a9edf63ee064a6199ea9bb0f1a14965", "date": "2019-06-02_20-38-02", "timestamp": 1559533082, "time_this_iter_s": 40.3853280544281, "time_total_s": 86.98279452323914, "pid": 6268, "hostname": "steropes", "node_ip": "169.229.49.254", "config": {"starting_lr": 0.5, "momentum": 0.9, "weight_decay": 0.001, "steps_per_iteration": null, "pin": false, "model_creator": null, "target_batch_size": 128, "model_string": "resnet50", "min_batch_size": 128, "dataset": "CIFAR", "placement": null, "use_nccl": true, "devices_per_worker": 1, "primary_resource": "extra_gpu", "gpu": false, "verbose": false, "lr_config": {"mode": "log", "steps": 5, "initial_lr": 0.5, "target_lr": 0.5}, "batch_per_device": 128}, "time_since_restore": 86.98279452323914, "timesteps_since_restore": 0, "iterations_since_restore": 2, "mean_throughput": 1379.5799286239187, "atoms": 1, "setup_time": 8.813292026519775}
{"apply": 0.017988061904907225, "batch_time": 0.03139650972583626, "d2h": 0.0007155895233154297, "data_time": 0.001755425997097474, "fwd": 0.02826707363128662, "get_state_time_mean": NaN, "get_state_time_total": 0.0, "grad": 0.047365880012512206, "mean_accuracy": 0.19579999148845673, "mean_loss": 2.1870696408589683, "neg_mean_accuracy": -0.2516999840736389, "set_state_time_mean": NaN, "set_state_time_total": 0.0, "setup_model_time_mean": NaN, "setup_model_time_total": 0.0, "setup_proc_time_mean": NaN, "setup_proc_time_total": 0.0, "train_accuracy": 0.26451998949050903, "train_loss": 1.939368716506958, "training_time_mean": NaN, "training_time_total": 0.0, "val_accuracy": 0.2516999840736389, "val_loss": 2.093232721710205, "validation_time_mean": NaN, "validation_time_total": 0.0, "samples": 60000, "num_workers": 1, "done": true, "timesteps_total": null, "episodes_total": null, "training_iteration": 3, "neg_mean_loss": -2.1870696408589683, "experiment_id": "3a9edf63ee064a6199ea9bb0f1a14965", "date": "2019-06-02_20-38-42", "timestamp": 1559533122, "time_this_iter_s": 40.50733709335327, "time_total_s": 127.49013161659241, "pid": 6268, "hostname": "steropes", "node_ip": "169.229.49.254", "config": {"starting_lr": 0.5, "momentum": 0.9, "weight_decay": 0.001, "steps_per_iteration": null, "pin": false, "model_creator": null, "target_batch_size": 128, "model_string": "resnet50", "min_batch_size": 128, "dataset": "CIFAR", "placement": null, "use_nccl": true, "devices_per_worker": 1, "primary_resource": "extra_gpu", "gpu": false, "verbose": false, "lr_config": {"mode": "log", "steps": 5, "initial_lr": 0.5, "target_lr": 0.5}, "batch_per_device": 128}, "time_since_restore": 127.49013161659241, "timesteps_since_restore": 0, "iterations_since_restore": 3, "mean_throughput": 1411.8708310815343, "atoms": 1, "setup_time": 8.813292026519775}
