apply,batch_time,d2h,data_time,fwd,get_state_time_mean,get_state_time_total,grad,mean_accuracy,mean_loss,neg_mean_accuracy,set_state_time_mean,set_state_time_total,setup_model_time_mean,setup_model_time_total,setup_proc_time_mean,setup_proc_time_total,train_accuracy,train_loss,training_time_mean,training_time_total,val_accuracy,val_loss,validation_time_mean,validation_time_total,samples,num_workers,done,timesteps_total,episodes_total,training_iteration,neg_mean_loss,experiment_id,date,timestamp,time_this_iter_s,time_total_s,pid,hostname,node_ip,config,time_since_restore,timesteps_since_restore,iterations_since_restore,mean_throughput,atoms,setup_time
0.018882012367248534,0.049772446668600735,0.0007353782653808594,0.0018803091610179229,0.15884556770324706,nan,0.0,0.16480109691619874,0.27889999747276306,1.9820992137908935,-0.27889999747276306,nan,0.0,15.325905084609985,15.325905084609985,1.6397521495819092,1.6397521495819092,0.19061999022960663,2.3117761389923097,nan,0.0,0.27889999747276306,1.9820992137908935,nan,0.0,60000,1,False,,,1,-1.9820992137908935,12fc71bec2e9498cb912a42f53c727aa,2019-06-06_02-15-21,1559812521,47.843291997909546,47.843291997909546,9780,steropes,169.229.49.254,"{'starting_lr': 0.001, 'momentum': 0.9, 'weight_decay': 0.005, 'steps_per_iteration': None, 'pin': False, 'model_creator': None, 'target_batch_size': 128, 'model_string': 'resnet50', 'min_batch_size': 128, 'dataset': 'CIFAR', 'placement': None, 'use_nccl': True, 'devices_per_worker': 1, 'primary_resource': 'extra_gpu', 'gpu': False, 'verbose': False, 'lr_config': {'mode': 'log', 'steps': 5, 'initial_lr': 0.001, 'target_lr': 0.001}, 'batch_per_device': 128}",47.843291997909546,0,1,1254.09213584248,1,17.06239891052246
0.01886560916900635,0.032452197014531003,0.0007736682891845703,0.0018923758240916844,0.028084063529968263,nan,0.0,0.049382352828979494,0.31334999203681946,1.88516022605896,-0.34779998660087585,nan,0.0,nan,0.0,nan,0.0,0.2882799804210663,1.9591348446273804,nan,0.0,0.34779998660087585,1.7882212383270264,nan,0.0,60000,1,False,,,2,-1.88516022605896,12fc71bec2e9498cb912a42f53c727aa,2019-06-06_02-16-03,1559812563,41.55532693862915,89.3986189365387,9780,steropes,169.229.49.254,"{'starting_lr': 0.001, 'momentum': 0.9, 'weight_decay': 0.005, 'steps_per_iteration': None, 'pin': False, 'model_creator': None, 'target_batch_size': 128, 'model_string': 'resnet50', 'min_batch_size': 128, 'dataset': 'CIFAR', 'placement': None, 'use_nccl': True, 'devices_per_worker': 1, 'primary_resource': 'extra_gpu', 'gpu': False, 'verbose': False, 'lr_config': {'mode': 'log', 'steps': 5, 'initial_lr': 0.001, 'target_lr': 0.001}, 'batch_per_device': 128}",89.3986189365387,0,2,1342.2962647203615,1,17.06239891052246
0.017854905128479003,0.03188948389850085,0.0009009361267089844,0.0018821652892910307,0.028171873092651366,nan,0.0,0.0479341983795166,0.3264666597048442,1.8398108289082844,-0.35269999504089355,nan,0.0,nan,0.0,nan,0.0,0.3405799865722656,1.8068810391998291,nan,0.0,0.35269999504089355,1.7491120346069335,nan,0.0,60000,1,False,,,3,-1.8398108289082844,12fc71bec2e9498cb912a42f53c727aa,2019-06-06_02-16-44,1559812604,41.22826814651489,130.6268870830536,9780,steropes,169.229.49.254,"{'starting_lr': 0.001, 'momentum': 0.9, 'weight_decay': 0.005, 'steps_per_iteration': None, 'pin': False, 'model_creator': None, 'target_batch_size': 128, 'model_string': 'resnet50', 'min_batch_size': 128, 'dataset': 'CIFAR', 'placement': None, 'use_nccl': True, 'devices_per_worker': 1, 'primary_resource': 'extra_gpu', 'gpu': False, 'verbose': False, 'lr_config': {'mode': 'log', 'steps': 5, 'initial_lr': 0.001, 'target_lr': 0.001}, 'batch_per_device': 128}",130.6268870830536,0,3,1377.9651490249305,1,17.06239891052246
0.01791403293609619,0.032663381552394434,0.0008199214935302734,0.0018771524014680283,0.028188586235046387,nan,0.0,0.04922726154327393,0.3463999927043915,1.7880523916244506,-0.40619999170303345,nan,0.0,nan,0.0,nan,0.0,0.3743000030517578,1.7075677960968016,nan,0.0,0.40619999170303345,1.6327770797729493,nan,0.0,60000,1,False,,,4,-1.7880523916244506,12fc71bec2e9498cb912a42f53c727aa,2019-06-06_02-17-26,1559812646,41.45396184921265,172.08084893226624,9780,steropes,169.229.49.254,"{'starting_lr': 0.001, 'momentum': 0.9, 'weight_decay': 0.005, 'steps_per_iteration': None, 'pin': False, 'model_creator': None, 'target_batch_size': 128, 'model_string': 'resnet50', 'min_batch_size': 128, 'dataset': 'CIFAR', 'placement': None, 'use_nccl': True, 'devices_per_worker': 1, 'primary_resource': 'extra_gpu', 'gpu': False, 'verbose': False, 'lr_config': {'mode': 'log', 'steps': 5, 'initial_lr': 0.001, 'target_lr': 0.001}, 'batch_per_device': 128}",172.08084893226624,0,4,1394.6884532056472,1,17.06239891052246
0.018911981582641603,0.03216727172272115,0.0007438182830810547,0.001861338725175394,0.02868034839630127,nan,0.0,0.048615765571594236,0.3613999903202057,1.7495743495178222,-0.4213999807834625,nan,0.0,nan,0.0,nan,0.0,0.4017399847507477,1.6292148706436158,nan,0.0,0.4213999807834625,1.5956621810913085,nan,0.0,60000,1,False,,,5,-1.7495743495178222,12fc71bec2e9498cb912a42f53c727aa,2019-06-06_02-18-07,1559812687,41.28422951698303,213.36507844924927,9780,steropes,169.229.49.254,"{'starting_lr': 0.001, 'momentum': 0.9, 'weight_decay': 0.005, 'steps_per_iteration': None, 'pin': False, 'model_creator': None, 'target_batch_size': 128, 'model_string': 'resnet50', 'min_batch_size': 128, 'dataset': 'CIFAR', 'placement': None, 'use_nccl': True, 'devices_per_worker': 1, 'primary_resource': 'extra_gpu', 'gpu': False, 'verbose': False, 'lr_config': {'mode': 'log', 'steps': 5, 'initial_lr': 0.001, 'target_lr': 0.001}, 'batch_per_device': 128}",213.36507844924927,0,5,1406.0362819053785,1,17.06239891052246
0.018459224700927736,0.03216374976725518,0.0008405208587646485,0.0018777920461981498,0.027956557273864747,nan,0.0,0.048678803443908694,0.3963599860668182,1.6503924546051025,-0.4536999762058258,nan,0.0,nan,0.0,nan,0.0,0.4214399755001068,1.5752726489257813,nan,0.0,0.4536999762058258,1.486189739227295,nan,0.0,60000,1,False,,,6,-1.6503924546051025,12fc71bec2e9498cb912a42f53c727aa,2019-06-06_02-18-48,1559812728,41.37551021575928,254.74058866500854,9780,steropes,169.229.49.254,"{'starting_lr': 0.001, 'momentum': 0.9, 'weight_decay': 0.005, 'steps_per_iteration': None, 'pin': False, 'model_creator': None, 'target_batch_size': 128, 'model_string': 'resnet50', 'min_batch_size': 128, 'dataset': 'CIFAR', 'placement': None, 'use_nccl': True, 'devices_per_worker': 1, 'primary_resource': 'extra_gpu', 'gpu': False, 'verbose': False, 'lr_config': {'mode': 'log', 'steps': 5, 'initial_lr': 0.001, 'target_lr': 0.001}, 'batch_per_device': 128}",254.74058866500854,0,6,1449.9900321850948,1,17.06239891052246
0.02008376121520996,0.031621628169771994,0.0007698774337768554,0.0018708315651739954,0.02940216064453125,nan,0.0,0.04878971576690674,0.4205199837684631,1.584776101760864,-0.46859997510910034,nan,0.0,nan,0.0,nan,0.0,0.4390999972820282,1.5287703396987915,nan,0.0,0.46859997510910034,1.460139474105835,nan,0.0,60000,1,False,,,7,-1.584776101760864,12fc71bec2e9498cb912a42f53c727aa,2019-06-06_02-19-30,1559812770,41.36365008354187,296.1042387485504,9780,steropes,169.229.49.254,"{'starting_lr': 0.001, 'momentum': 0.9, 'weight_decay': 0.005, 'steps_per_iteration': None, 'pin': False, 'model_creator': None, 'target_batch_size': 128, 'model_string': 'resnet50', 'min_batch_size': 128, 'dataset': 'CIFAR', 'placement': None, 'use_nccl': True, 'devices_per_worker': 1, 'primary_resource': 'extra_gpu', 'gpu': False, 'verbose': False, 'lr_config': {'mode': 'log', 'steps': 5, 'initial_lr': 0.001, 'target_lr': 0.001}, 'batch_per_device': 128}",296.1042387485504,0,7,1451.3364008960816,1,17.06239891052246
0.0174668550491333,0.03242705743524093,0.000742959976196289,0.0018433140366888412,0.027973461151123046,nan,0.0,0.048495149612426756,0.4490599811077118,1.5111447451019286,-0.49539998173713684,nan,0.0,nan,0.0,nan,0.0,0.46125999093055725,1.4796762497329712,nan,0.0,0.49539998173713684,1.3809552513122558,nan,0.0,60000,1,False,,,8,-1.5111447451019286,12fc71bec2e9498cb912a42f53c727aa,2019-06-06_02-20-11,1559812811,41.36746835708618,337.4717071056366,9780,steropes,169.229.49.254,"{'starting_lr': 0.001, 'momentum': 0.9, 'weight_decay': 0.005, 'steps_per_iteration': None, 'pin': False, 'model_creator': None, 'target_batch_size': 128, 'model_string': 'resnet50', 'min_batch_size': 128, 'dataset': 'CIFAR', 'placement': None, 'use_nccl': True, 'devices_per_worker': 1, 'primary_resource': 'extra_gpu', 'gpu': False, 'verbose': False, 'lr_config': {'mode': 'log', 'steps': 5, 'initial_lr': 0.001, 'target_lr': 0.001}, 'batch_per_device': 128}",337.4717071056366,0,8,1450.3597599147822,1,17.06239891052246
0.01834759712219238,0.03258393686028976,0.0007622718811035156,0.0018659522161459375,0.028496217727661134,nan,0.0,0.05013566017150879,0.46699997782707214,1.4640276139068604,-0.4958999752998352,nan,0.0,nan,0.0,nan,0.0,0.4745999872684479,1.4429216040039063,nan,0.0,0.4958999752998352,1.3971914237976075,nan,0.0,60000,1,False,,,9,-1.4640276139068604,12fc71bec2e9498cb912a42f53c727aa,2019-06-06_02-20-52,1559812852,41.299150705337524,378.7708578109741,9780,steropes,169.229.49.254,"{'starting_lr': 0.001, 'momentum': 0.9, 'weight_decay': 0.005, 'steps_per_iteration': None, 'pin': False, 'model_creator': None, 'target_batch_size': 128, 'model_string': 'resnet50', 'min_batch_size': 128, 'dataset': 'CIFAR', 'placement': None, 'use_nccl': True, 'devices_per_worker': 1, 'primary_resource': 'extra_gpu', 'gpu': False, 'verbose': False, 'lr_config': {'mode': 'log', 'steps': 5, 'initial_lr': 0.001, 'target_lr': 0.001}, 'batch_per_device': 128}",378.7708578109741,0,9,1451.4460778353098,1,17.06239891052246
0.019592785835266115,0.03234768517409699,0.0008149385452270508,0.0018538617721908842,0.029436731338500978,nan,0.0,0.04884772300720215,0.48443998098373414,1.4141912791442874,-0.5085999965667725,nan,0.0,nan,0.0,nan,0.0,0.49063998460769653,1.404645001449585,nan,0.0,0.5085999965667725,1.3464805072784425,nan,0.0,60000,1,True,,,10,-1.4141912791442874,12fc71bec2e9498cb912a42f53c727aa,2019-06-06_02-21-33,1559812893,41.18770432472229,419.9585621356964,9780,steropes,169.229.49.254,"{'starting_lr': 0.001, 'momentum': 0.9, 'weight_decay': 0.005, 'steps_per_iteration': None, 'pin': False, 'model_creator': None, 'target_batch_size': 128, 'model_string': 'resnet50', 'min_batch_size': 128, 'dataset': 'CIFAR', 'placement': None, 'use_nccl': True, 'devices_per_worker': 1, 'primary_resource': 'extra_gpu', 'gpu': False, 'verbose': False, 'lr_config': {'mode': 'log', 'steps': 5, 'initial_lr': 0.001, 'target_lr': 0.001}, 'batch_per_device': 128}",419.9585621356964,0,10,1452.124267125079,1,17.06239891052246
