{"apply": 0.018882012367248534, "batch_time": 0.049772446668600735, "d2h": 0.0007353782653808594, "data_time": 0.0018803091610179229, "fwd": 0.15884556770324706, "get_state_time_mean": NaN, "get_state_time_total": 0.0, "grad": 0.16480109691619874, "mean_accuracy": 0.27889999747276306, "mean_loss": 1.9820992137908935, "neg_mean_accuracy": -0.27889999747276306, "set_state_time_mean": NaN, "set_state_time_total": 0.0, "setup_model_time_mean": 15.325905084609985, "setup_model_time_total": 15.325905084609985, "setup_proc_time_mean": 1.6397521495819092, "setup_proc_time_total": 1.6397521495819092, "train_accuracy": 0.19061999022960663, "train_loss": 2.3117761389923097, "training_time_mean": NaN, "training_time_total": 0.0, "val_accuracy": 0.27889999747276306, "val_loss": 1.9820992137908935, "validation_time_mean": NaN, "validation_time_total": 0.0, "samples": 60000, "num_workers": 1, "done": false, "timesteps_total": null, "episodes_total": null, "training_iteration": 1, "neg_mean_loss": -1.9820992137908935, "experiment_id": "12fc71bec2e9498cb912a42f53c727aa", "date": "2019-06-06_02-15-21", "timestamp": 1559812521, "time_this_iter_s": 47.843291997909546, "time_total_s": 47.843291997909546, "pid": 9780, "hostname": "steropes", "node_ip": "169.229.49.254", "config": {"starting_lr": 0.001, "momentum": 0.9, "weight_decay": 0.005, "steps_per_iteration": null, "pin": false, "model_creator": null, "target_batch_size": 128, "model_string": "resnet50", "min_batch_size": 128, "dataset": "CIFAR", "placement": null, "use_nccl": true, "devices_per_worker": 1, "primary_resource": "extra_gpu", "gpu": false, "verbose": false, "lr_config": {"mode": "log", "steps": 5, "initial_lr": 0.001, "target_lr": 0.001}, "batch_per_device": 128}, "time_since_restore": 47.843291997909546, "timesteps_since_restore": 0, "iterations_since_restore": 1, "mean_throughput": 1254.09213584248, "atoms": 1, "setup_time": 17.06239891052246}
{"apply": 0.01886560916900635, "batch_time": 0.032452197014531003, "d2h": 0.0007736682891845703, "data_time": 0.0018923758240916844, "fwd": 0.028084063529968263, "get_state_time_mean": NaN, "get_state_time_total": 0.0, "grad": 0.049382352828979494, "mean_accuracy": 0.31334999203681946, "mean_loss": 1.88516022605896, "neg_mean_accuracy": -0.34779998660087585, "set_state_time_mean": NaN, "set_state_time_total": 0.0, "setup_model_time_mean": NaN, "setup_model_time_total": 0.0, "setup_proc_time_mean": NaN, "setup_proc_time_total": 0.0, "train_accuracy": 0.2882799804210663, "train_loss": 1.9591348446273804, "training_time_mean": NaN, "training_time_total": 0.0, "val_accuracy": 0.34779998660087585, "val_loss": 1.7882212383270264, "validation_time_mean": NaN, "validation_time_total": 0.0, "samples": 60000, "num_workers": 1, "done": false, "timesteps_total": null, "episodes_total": null, "training_iteration": 2, "neg_mean_loss": -1.88516022605896, "experiment_id": "12fc71bec2e9498cb912a42f53c727aa", "date": "2019-06-06_02-16-03", "timestamp": 1559812563, "time_this_iter_s": 41.55532693862915, "time_total_s": 89.3986189365387, "pid": 9780, "hostname": "steropes", "node_ip": "169.229.49.254", "config": {"starting_lr": 0.001, "momentum": 0.9, "weight_decay": 0.005, "steps_per_iteration": null, "pin": false, "model_creator": null, "target_batch_size": 128, "model_string": "resnet50", "min_batch_size": 128, "dataset": "CIFAR", "placement": null, "use_nccl": true, "devices_per_worker": 1, "primary_resource": "extra_gpu", "gpu": false, "verbose": false, "lr_config": {"mode": "log", "steps": 5, "initial_lr": 0.001, "target_lr": 0.001}, "batch_per_device": 128}, "time_since_restore": 89.3986189365387, "timesteps_since_restore": 0, "iterations_since_restore": 2, "mean_throughput": 1342.2962647203615, "atoms": 1, "setup_time": 17.06239891052246}
{"apply": 0.017854905128479003, "batch_time": 0.03188948389850085, "d2h": 0.0009009361267089844, "data_time": 0.0018821652892910307, "fwd": 0.028171873092651366, "get_state_time_mean": NaN, "get_state_time_total": 0.0, "grad": 0.0479341983795166, "mean_accuracy": 0.3264666597048442, "mean_loss": 1.8398108289082844, "neg_mean_accuracy": -0.35269999504089355, "set_state_time_mean": NaN, "set_state_time_total": 0.0, "setup_model_time_mean": NaN, "setup_model_time_total": 0.0, "setup_proc_time_mean": NaN, "setup_proc_time_total": 0.0, "train_accuracy": 0.3405799865722656, "train_loss": 1.8068810391998291, "training_time_mean": NaN, "training_time_total": 0.0, "val_accuracy": 0.35269999504089355, "val_loss": 1.7491120346069335, "validation_time_mean": NaN, "validation_time_total": 0.0, "samples": 60000, "num_workers": 1, "done": false, "timesteps_total": null, "episodes_total": null, "training_iteration": 3, "neg_mean_loss": -1.8398108289082844, "experiment_id": "12fc71bec2e9498cb912a42f53c727aa", "date": "2019-06-06_02-16-44", "timestamp": 1559812604, "time_this_iter_s": 41.22826814651489, "time_total_s": 130.6268870830536, "pid": 9780, "hostname": "steropes", "node_ip": "169.229.49.254", "config": {"starting_lr": 0.001, "momentum": 0.9, "weight_decay": 0.005, "steps_per_iteration": null, "pin": false, "model_creator": null, "target_batch_size": 128, "model_string": "resnet50", "min_batch_size": 128, "dataset": "CIFAR", "placement": null, "use_nccl": true, "devices_per_worker": 1, "primary_resource": "extra_gpu", "gpu": false, "verbose": false, "lr_config": {"mode": "log", "steps": 5, "initial_lr": 0.001, "target_lr": 0.001}, "batch_per_device": 128}, "time_since_restore": 130.6268870830536, "timesteps_since_restore": 0, "iterations_since_restore": 3, "mean_throughput": 1377.9651490249305, "atoms": 1, "setup_time": 17.06239891052246}
{"apply": 0.01791403293609619, "batch_time": 0.032663381552394434, "d2h": 0.0008199214935302734, "data_time": 0.0018771524014680283, "fwd": 0.028188586235046387, "get_state_time_mean": NaN, "get_state_time_total": 0.0, "grad": 0.04922726154327393, "mean_accuracy": 0.3463999927043915, "mean_loss": 1.7880523916244506, "neg_mean_accuracy": -0.40619999170303345, "set_state_time_mean": NaN, "set_state_time_total": 0.0, "setup_model_time_mean": NaN, "setup_model_time_total": 0.0, "setup_proc_time_mean": NaN, "setup_proc_time_total": 0.0, "train_accuracy": 0.3743000030517578, "train_loss": 1.7075677960968016, "training_time_mean": NaN, "training_time_total": 0.0, "val_accuracy": 0.40619999170303345, "val_loss": 1.6327770797729493, "validation_time_mean": NaN, "validation_time_total": 0.0, "samples": 60000, "num_workers": 1, "done": false, "timesteps_total": null, "episodes_total": null, "training_iteration": 4, "neg_mean_loss": -1.7880523916244506, "experiment_id": "12fc71bec2e9498cb912a42f53c727aa", "date": "2019-06-06_02-17-26", "timestamp": 1559812646, "time_this_iter_s": 41.45396184921265, "time_total_s": 172.08084893226624, "pid": 9780, "hostname": "steropes", "node_ip": "169.229.49.254", "config": {"starting_lr": 0.001, "momentum": 0.9, "weight_decay": 0.005, "steps_per_iteration": null, "pin": false, "model_creator": null, "target_batch_size": 128, "model_string": "resnet50", "min_batch_size": 128, "dataset": "CIFAR", "placement": null, "use_nccl": true, "devices_per_worker": 1, "primary_resource": "extra_gpu", "gpu": false, "verbose": false, "lr_config": {"mode": "log", "steps": 5, "initial_lr": 0.001, "target_lr": 0.001}, "batch_per_device": 128}, "time_since_restore": 172.08084893226624, "timesteps_since_restore": 0, "iterations_since_restore": 4, "mean_throughput": 1394.6884532056472, "atoms": 1, "setup_time": 17.06239891052246}
{"apply": 0.018911981582641603, "batch_time": 0.03216727172272115, "d2h": 0.0007438182830810547, "data_time": 0.001861338725175394, "fwd": 0.02868034839630127, "get_state_time_mean": NaN, "get_state_time_total": 0.0, "grad": 0.048615765571594236, "mean_accuracy": 0.3613999903202057, "mean_loss": 1.7495743495178222, "neg_mean_accuracy": -0.4213999807834625, "set_state_time_mean": NaN, "set_state_time_total": 0.0, "setup_model_time_mean": NaN, "setup_model_time_total": 0.0, "setup_proc_time_mean": NaN, "setup_proc_time_total": 0.0, "train_accuracy": 0.4017399847507477, "train_loss": 1.6292148706436158, "training_time_mean": NaN, "training_time_total": 0.0, "val_accuracy": 0.4213999807834625, "val_loss": 1.5956621810913085, "validation_time_mean": NaN, "validation_time_total": 0.0, "samples": 60000, "num_workers": 1, "done": false, "timesteps_total": null, "episodes_total": null, "training_iteration": 5, "neg_mean_loss": -1.7495743495178222, "experiment_id": "12fc71bec2e9498cb912a42f53c727aa", "date": "2019-06-06_02-18-07", "timestamp": 1559812687, "time_this_iter_s": 41.28422951698303, "time_total_s": 213.36507844924927, "pid": 9780, "hostname": "steropes", "node_ip": "169.229.49.254", "config": {"starting_lr": 0.001, "momentum": 0.9, "weight_decay": 0.005, "steps_per_iteration": null, "pin": false, "model_creator": null, "target_batch_size": 128, "model_string": "resnet50", "min_batch_size": 128, "dataset": "CIFAR", "placement": null, "use_nccl": true, "devices_per_worker": 1, "primary_resource": "extra_gpu", "gpu": false, "verbose": false, "lr_config": {"mode": "log", "steps": 5, "initial_lr": 0.001, "target_lr": 0.001}, "batch_per_device": 128}, "time_since_restore": 213.36507844924927, "timesteps_since_restore": 0, "iterations_since_restore": 5, "mean_throughput": 1406.0362819053785, "atoms": 1, "setup_time": 17.06239891052246}
{"apply": 0.018459224700927736, "batch_time": 0.03216374976725518, "d2h": 0.0008405208587646485, "data_time": 0.0018777920461981498, "fwd": 0.027956557273864747, "get_state_time_mean": NaN, "get_state_time_total": 0.0, "grad": 0.048678803443908694, "mean_accuracy": 0.3963599860668182, "mean_loss": 1.6503924546051025, "neg_mean_accuracy": -0.4536999762058258, "set_state_time_mean": NaN, "set_state_time_total": 0.0, "setup_model_time_mean": NaN, "setup_model_time_total": 0.0, "setup_proc_time_mean": NaN, "setup_proc_time_total": 0.0, "train_accuracy": 0.4214399755001068, "train_loss": 1.5752726489257813, "training_time_mean": NaN, "training_time_total": 0.0, "val_accuracy": 0.4536999762058258, "val_loss": 1.486189739227295, "validation_time_mean": NaN, "validation_time_total": 0.0, "samples": 60000, "num_workers": 1, "done": false, "timesteps_total": null, "episodes_total": null, "training_iteration": 6, "neg_mean_loss": -1.6503924546051025, "experiment_id": "12fc71bec2e9498cb912a42f53c727aa", "date": "2019-06-06_02-18-48", "timestamp": 1559812728, "time_this_iter_s": 41.37551021575928, "time_total_s": 254.74058866500854, "pid": 9780, "hostname": "steropes", "node_ip": "169.229.49.254", "config": {"starting_lr": 0.001, "momentum": 0.9, "weight_decay": 0.005, "steps_per_iteration": null, "pin": false, "model_creator": null, "target_batch_size": 128, "model_string": "resnet50", "min_batch_size": 128, "dataset": "CIFAR", "placement": null, "use_nccl": true, "devices_per_worker": 1, "primary_resource": "extra_gpu", "gpu": false, "verbose": false, "lr_config": {"mode": "log", "steps": 5, "initial_lr": 0.001, "target_lr": 0.001}, "batch_per_device": 128}, "time_since_restore": 254.74058866500854, "timesteps_since_restore": 0, "iterations_since_restore": 6, "mean_throughput": 1449.9900321850948, "atoms": 1, "setup_time": 17.06239891052246}
{"apply": 0.02008376121520996, "batch_time": 0.031621628169771994, "d2h": 0.0007698774337768554, "data_time": 0.0018708315651739954, "fwd": 0.02940216064453125, "get_state_time_mean": NaN, "get_state_time_total": 0.0, "grad": 0.04878971576690674, "mean_accuracy": 0.4205199837684631, "mean_loss": 1.584776101760864, "neg_mean_accuracy": -0.46859997510910034, "set_state_time_mean": NaN, "set_state_time_total": 0.0, "setup_model_time_mean": NaN, "setup_model_time_total": 0.0, "setup_proc_time_mean": NaN, "setup_proc_time_total": 0.0, "train_accuracy": 0.4390999972820282, "train_loss": 1.5287703396987915, "training_time_mean": NaN, "training_time_total": 0.0, "val_accuracy": 0.46859997510910034, "val_loss": 1.460139474105835, "validation_time_mean": NaN, "validation_time_total": 0.0, "samples": 60000, "num_workers": 1, "done": false, "timesteps_total": null, "episodes_total": null, "training_iteration": 7, "neg_mean_loss": -1.584776101760864, "experiment_id": "12fc71bec2e9498cb912a42f53c727aa", "date": "2019-06-06_02-19-30", "timestamp": 1559812770, "time_this_iter_s": 41.36365008354187, "time_total_s": 296.1042387485504, "pid": 9780, "hostname": "steropes", "node_ip": "169.229.49.254", "config": {"starting_lr": 0.001, "momentum": 0.9, "weight_decay": 0.005, "steps_per_iteration": null, "pin": false, "model_creator": null, "target_batch_size": 128, "model_string": "resnet50", "min_batch_size": 128, "dataset": "CIFAR", "placement": null, "use_nccl": true, "devices_per_worker": 1, "primary_resource": "extra_gpu", "gpu": false, "verbose": false, "lr_config": {"mode": "log", "steps": 5, "initial_lr": 0.001, "target_lr": 0.001}, "batch_per_device": 128}, "time_since_restore": 296.1042387485504, "timesteps_since_restore": 0, "iterations_since_restore": 7, "mean_throughput": 1451.3364008960816, "atoms": 1, "setup_time": 17.06239891052246}
{"apply": 0.0174668550491333, "batch_time": 0.03242705743524093, "d2h": 0.000742959976196289, "data_time": 0.0018433140366888412, "fwd": 0.027973461151123046, "get_state_time_mean": NaN, "get_state_time_total": 0.0, "grad": 0.048495149612426756, "mean_accuracy": 0.4490599811077118, "mean_loss": 1.5111447451019286, "neg_mean_accuracy": -0.49539998173713684, "set_state_time_mean": NaN, "set_state_time_total": 0.0, "setup_model_time_mean": NaN, "setup_model_time_total": 0.0, "setup_proc_time_mean": NaN, "setup_proc_time_total": 0.0, "train_accuracy": 0.46125999093055725, "train_loss": 1.4796762497329712, "training_time_mean": NaN, "training_time_total": 0.0, "val_accuracy": 0.49539998173713684, "val_loss": 1.3809552513122558, "validation_time_mean": NaN, "validation_time_total": 0.0, "samples": 60000, "num_workers": 1, "done": false, "timesteps_total": null, "episodes_total": null, "training_iteration": 8, "neg_mean_loss": -1.5111447451019286, "experiment_id": "12fc71bec2e9498cb912a42f53c727aa", "date": "2019-06-06_02-20-11", "timestamp": 1559812811, "time_this_iter_s": 41.36746835708618, "time_total_s": 337.4717071056366, "pid": 9780, "hostname": "steropes", "node_ip": "169.229.49.254", "config": {"starting_lr": 0.001, "momentum": 0.9, "weight_decay": 0.005, "steps_per_iteration": null, "pin": false, "model_creator": null, "target_batch_size": 128, "model_string": "resnet50", "min_batch_size": 128, "dataset": "CIFAR", "placement": null, "use_nccl": true, "devices_per_worker": 1, "primary_resource": "extra_gpu", "gpu": false, "verbose": false, "lr_config": {"mode": "log", "steps": 5, "initial_lr": 0.001, "target_lr": 0.001}, "batch_per_device": 128}, "time_since_restore": 337.4717071056366, "timesteps_since_restore": 0, "iterations_since_restore": 8, "mean_throughput": 1450.3597599147822, "atoms": 1, "setup_time": 17.06239891052246}
{"apply": 0.01834759712219238, "batch_time": 0.03258393686028976, "d2h": 0.0007622718811035156, "data_time": 0.0018659522161459375, "fwd": 0.028496217727661134, "get_state_time_mean": NaN, "get_state_time_total": 0.0, "grad": 0.05013566017150879, "mean_accuracy": 0.46699997782707214, "mean_loss": 1.4640276139068604, "neg_mean_accuracy": -0.4958999752998352, "set_state_time_mean": NaN, "set_state_time_total": 0.0, "setup_model_time_mean": NaN, "setup_model_time_total": 0.0, "setup_proc_time_mean": NaN, "setup_proc_time_total": 0.0, "train_accuracy": 0.4745999872684479, "train_loss": 1.4429216040039063, "training_time_mean": NaN, "training_time_total": 0.0, "val_accuracy": 0.4958999752998352, "val_loss": 1.3971914237976075, "validation_time_mean": NaN, "validation_time_total": 0.0, "samples": 60000, "num_workers": 1, "done": false, "timesteps_total": null, "episodes_total": null, "training_iteration": 9, "neg_mean_loss": -1.4640276139068604, "experiment_id": "12fc71bec2e9498cb912a42f53c727aa", "date": "2019-06-06_02-20-52", "timestamp": 1559812852, "time_this_iter_s": 41.299150705337524, "time_total_s": 378.7708578109741, "pid": 9780, "hostname": "steropes", "node_ip": "169.229.49.254", "config": {"starting_lr": 0.001, "momentum": 0.9, "weight_decay": 0.005, "steps_per_iteration": null, "pin": false, "model_creator": null, "target_batch_size": 128, "model_string": "resnet50", "min_batch_size": 128, "dataset": "CIFAR", "placement": null, "use_nccl": true, "devices_per_worker": 1, "primary_resource": "extra_gpu", "gpu": false, "verbose": false, "lr_config": {"mode": "log", "steps": 5, "initial_lr": 0.001, "target_lr": 0.001}, "batch_per_device": 128}, "time_since_restore": 378.7708578109741, "timesteps_since_restore": 0, "iterations_since_restore": 9, "mean_throughput": 1451.4460778353098, "atoms": 1, "setup_time": 17.06239891052246}
{"apply": 0.019592785835266115, "batch_time": 0.03234768517409699, "d2h": 0.0008149385452270508, "data_time": 0.0018538617721908842, "fwd": 0.029436731338500978, "get_state_time_mean": NaN, "get_state_time_total": 0.0, "grad": 0.04884772300720215, "mean_accuracy": 0.48443998098373414, "mean_loss": 1.4141912791442874, "neg_mean_accuracy": -0.5085999965667725, "set_state_time_mean": NaN, "set_state_time_total": 0.0, "setup_model_time_mean": NaN, "setup_model_time_total": 0.0, "setup_proc_time_mean": NaN, "setup_proc_time_total": 0.0, "train_accuracy": 0.49063998460769653, "train_loss": 1.404645001449585, "training_time_mean": NaN, "training_time_total": 0.0, "val_accuracy": 0.5085999965667725, "val_loss": 1.3464805072784425, "validation_time_mean": NaN, "validation_time_total": 0.0, "samples": 60000, "num_workers": 1, "done": true, "timesteps_total": null, "episodes_total": null, "training_iteration": 10, "neg_mean_loss": -1.4141912791442874, "experiment_id": "12fc71bec2e9498cb912a42f53c727aa", "date": "2019-06-06_02-21-33", "timestamp": 1559812893, "time_this_iter_s": 41.18770432472229, "time_total_s": 419.9585621356964, "pid": 9780, "hostname": "steropes", "node_ip": "169.229.49.254", "config": {"starting_lr": 0.001, "momentum": 0.9, "weight_decay": 0.005, "steps_per_iteration": null, "pin": false, "model_creator": null, "target_batch_size": 128, "model_string": "resnet50", "min_batch_size": 128, "dataset": "CIFAR", "placement": null, "use_nccl": true, "devices_per_worker": 1, "primary_resource": "extra_gpu", "gpu": false, "verbose": false, "lr_config": {"mode": "log", "steps": 5, "initial_lr": 0.001, "target_lr": 0.001}, "batch_per_device": 128}, "time_since_restore": 419.9585621356964, "timesteps_since_restore": 0, "iterations_since_restore": 10, "mean_throughput": 1452.124267125079, "atoms": 1, "setup_time": 17.06239891052246}
