apply,batch_time,d2h,data_time,fwd,get_state_time_mean,get_state_time_total,grad,mean_accuracy,mean_loss,neg_mean_accuracy,set_state_time_mean,set_state_time_total,setup_model_time_mean,setup_model_time_total,setup_proc_time_mean,setup_proc_time_total,train_accuracy,train_loss,training_time_mean,training_time_total,val_accuracy,val_loss,validation_time_mean,validation_time_total,samples,num_workers,done,timesteps_total,episodes_total,training_iteration,neg_mean_loss,experiment_id,date,timestamp,time_this_iter_s,time_total_s,pid,hostname,node_ip,config,time_since_restore,timesteps_since_restore,iterations_since_restore,mean_throughput,atoms,setup_time
0.017645740509033205,0.04568390303020236,0.0006570816040039062,0.0019358533727543434,0.1165247917175293,nan,0.0,0.17014713287353517,0.2635999917984009,2.0663323303222656,-0.2635999917984009,nan,0.0,8.380784034729004,8.380784034729004,0.2393355369567871,0.2393355369567871,0.19581998884677887,2.3302419897460935,nan,0.0,0.2635999917984009,2.0663323303222656,nan,0.0,60000,1,False,,,1,-2.0663323303222656,700077ce3d5f47ae974b87ae7a0accd9,2019-06-06_09-33-22,1559838802,46.59766721725464,46.59766721725464,14821,steropes,169.229.49.254,"{'starting_lr': 0.0005, 'momentum': 0.95, 'weight_decay': 0.005, 'steps_per_iteration': None, 'pin': False, 'model_creator': None, 'target_batch_size': 128, 'model_string': 'resnet50', 'min_batch_size': 128, 'dataset': 'CIFAR', 'placement': None, 'use_nccl': True, 'devices_per_worker': 1, 'primary_resource': 'extra_gpu', 'gpu': False, 'verbose': False, 'lr_config': {'mode': 'log', 'steps': 5, 'initial_lr': 0.0005, 'target_lr': 0.0005}, 'batch_per_device': 128}",46.59766721725464,0,1,1287.615740725936,1,9.075303077697754
0.01806371212005615,0.03287550165683408,0.000704503059387207,0.0018404048422108526,0.028502249717712404,nan,0.0,0.049847769737243655,0.30489999055862427,1.9205188608169554,-0.34619998931884766,nan,0.0,nan,0.0,nan,0.0,0.2923800051212311,1.941534672241211,nan,0.0,0.34619998931884766,1.7747053913116455,nan,0.0,60000,1,False,,,2,-1.9205188608169554,700077ce3d5f47ae974b87ae7a0accd9,2019-06-06_09-34-04,1559838844,41.40870547294617,88.0063726902008,14821,steropes,169.229.49.254,"{'starting_lr': 0.0005, 'momentum': 0.95, 'weight_decay': 0.005, 'steps_per_iteration': None, 'pin': False, 'model_creator': None, 'target_batch_size': 128, 'model_string': 'resnet50', 'min_batch_size': 128, 'dataset': 'CIFAR', 'placement': None, 'use_nccl': True, 'devices_per_worker': 1, 'primary_resource': 'extra_gpu', 'gpu': False, 'verbose': False, 'lr_config': {'mode': 'log', 'steps': 5, 'initial_lr': 0.0005, 'target_lr': 0.0005}, 'batch_per_device': 128}",88.0063726902008,0,2,1363.5349977103087,1,9.075303077697754
0.01727149486541748,0.03228716910639896,0.0007762432098388672,0.0018429987875701827,0.028313851356506346,nan,0.0,0.049027109146118165,0.3325999875863393,1.83787459526062,-0.3879999816417694,nan,0.0,nan,0.0,nan,0.0,0.34101998805999756,1.8079380759429933,nan,0.0,0.3879999816417694,1.6725860641479493,nan,0.0,60000,1,False,,,3,-1.83787459526062,700077ce3d5f47ae974b87ae7a0accd9,2019-06-06_09-34-45,1559838885,41.043840408325195,129.050213098526,14821,steropes,169.229.49.254,"{'starting_lr': 0.0005, 'momentum': 0.95, 'weight_decay': 0.005, 'steps_per_iteration': None, 'pin': False, 'model_creator': None, 'target_batch_size': 128, 'model_string': 'resnet50', 'min_batch_size': 128, 'dataset': 'CIFAR', 'placement': None, 'use_nccl': True, 'devices_per_worker': 1, 'primary_resource': 'extra_gpu', 'gpu': False, 'verbose': False, 'lr_config': {'mode': 'log', 'steps': 5, 'initial_lr': 0.0005, 'target_lr': 0.0005}, 'batch_per_device': 128}",129.050213098526,0,3,1394.8004992075005,1,9.075303077697754
0.018671441078186034,0.03181246564358096,0.0007279157638549804,0.0019126627451318608,0.029027652740478516,nan,0.0,0.04881019592285156,0.354499988257885,1.7772235688209532,-0.420199990272522,nan,0.0,nan,0.0,nan,0.0,0.36893999576568604,1.7243869240188598,nan,0.0,0.420199990272522,1.5952704895019532,nan,0.0,60000,1,True,,,4,-1.7772235688209532,700077ce3d5f47ae974b87ae7a0accd9,2019-06-06_09-35-26,1559838926,41.293498516082764,170.34371161460876,14821,steropes,169.229.49.254,"{'starting_lr': 0.0005, 'momentum': 0.95, 'weight_decay': 0.005, 'steps_per_iteration': None, 'pin': False, 'model_creator': None, 'target_batch_size': 128, 'model_string': 'resnet50', 'min_batch_size': 128, 'dataset': 'CIFAR', 'placement': None, 'use_nccl': True, 'devices_per_worker': 1, 'primary_resource': 'extra_gpu', 'gpu': False, 'verbose': False, 'lr_config': {'mode': 'log', 'steps': 5, 'initial_lr': 0.0005, 'target_lr': 0.0005}, 'batch_per_device': 128}",170.34371161460876,0,4,1408.9112597648727,1,9.075303077697754
