{"apply": 0.017645740509033205, "batch_time": 0.04568390303020236, "d2h": 0.0006570816040039062, "data_time": 0.0019358533727543434, "fwd": 0.1165247917175293, "get_state_time_mean": NaN, "get_state_time_total": 0.0, "grad": 0.17014713287353517, "mean_accuracy": 0.2635999917984009, "mean_loss": 2.0663323303222656, "neg_mean_accuracy": -0.2635999917984009, "set_state_time_mean": NaN, "set_state_time_total": 0.0, "setup_model_time_mean": 8.380784034729004, "setup_model_time_total": 8.380784034729004, "setup_proc_time_mean": 0.2393355369567871, "setup_proc_time_total": 0.2393355369567871, "train_accuracy": 0.19581998884677887, "train_loss": 2.3302419897460935, "training_time_mean": NaN, "training_time_total": 0.0, "val_accuracy": 0.2635999917984009, "val_loss": 2.0663323303222656, "validation_time_mean": NaN, "validation_time_total": 0.0, "samples": 60000, "num_workers": 1, "done": false, "timesteps_total": null, "episodes_total": null, "training_iteration": 1, "neg_mean_loss": -2.0663323303222656, "experiment_id": "700077ce3d5f47ae974b87ae7a0accd9", "date": "2019-06-06_09-33-22", "timestamp": 1559838802, "time_this_iter_s": 46.59766721725464, "time_total_s": 46.59766721725464, "pid": 14821, "hostname": "steropes", "node_ip": "169.229.49.254", "config": {"starting_lr": 0.0005, "momentum": 0.95, "weight_decay": 0.005, "steps_per_iteration": null, "pin": false, "model_creator": null, "target_batch_size": 128, "model_string": "resnet50", "min_batch_size": 128, "dataset": "CIFAR", "placement": null, "use_nccl": true, "devices_per_worker": 1, "primary_resource": "extra_gpu", "gpu": false, "verbose": false, "lr_config": {"mode": "log", "steps": 5, "initial_lr": 0.0005, "target_lr": 0.0005}, "batch_per_device": 128}, "time_since_restore": 46.59766721725464, "timesteps_since_restore": 0, "iterations_since_restore": 1, "mean_throughput": 1287.615740725936, "atoms": 1, "setup_time": 9.075303077697754}
{"apply": 0.01806371212005615, "batch_time": 0.03287550165683408, "d2h": 0.000704503059387207, "data_time": 0.0018404048422108526, "fwd": 0.028502249717712404, "get_state_time_mean": NaN, "get_state_time_total": 0.0, "grad": 0.049847769737243655, "mean_accuracy": 0.30489999055862427, "mean_loss": 1.9205188608169554, "neg_mean_accuracy": -0.34619998931884766, "set_state_time_mean": NaN, "set_state_time_total": 0.0, "setup_model_time_mean": NaN, "setup_model_time_total": 0.0, "setup_proc_time_mean": NaN, "setup_proc_time_total": 0.0, "train_accuracy": 0.2923800051212311, "train_loss": 1.941534672241211, "training_time_mean": NaN, "training_time_total": 0.0, "val_accuracy": 0.34619998931884766, "val_loss": 1.7747053913116455, "validation_time_mean": NaN, "validation_time_total": 0.0, "samples": 60000, "num_workers": 1, "done": false, "timesteps_total": null, "episodes_total": null, "training_iteration": 2, "neg_mean_loss": -1.9205188608169554, "experiment_id": "700077ce3d5f47ae974b87ae7a0accd9", "date": "2019-06-06_09-34-04", "timestamp": 1559838844, "time_this_iter_s": 41.40870547294617, "time_total_s": 88.0063726902008, "pid": 14821, "hostname": "steropes", "node_ip": "169.229.49.254", "config": {"starting_lr": 0.0005, "momentum": 0.95, "weight_decay": 0.005, "steps_per_iteration": null, "pin": false, "model_creator": null, "target_batch_size": 128, "model_string": "resnet50", "min_batch_size": 128, "dataset": "CIFAR", "placement": null, "use_nccl": true, "devices_per_worker": 1, "primary_resource": "extra_gpu", "gpu": false, "verbose": false, "lr_config": {"mode": "log", "steps": 5, "initial_lr": 0.0005, "target_lr": 0.0005}, "batch_per_device": 128}, "time_since_restore": 88.0063726902008, "timesteps_since_restore": 0, "iterations_since_restore": 2, "mean_throughput": 1363.5349977103087, "atoms": 1, "setup_time": 9.075303077697754}
{"apply": 0.01727149486541748, "batch_time": 0.03228716910639896, "d2h": 0.0007762432098388672, "data_time": 0.0018429987875701827, "fwd": 0.028313851356506346, "get_state_time_mean": NaN, "get_state_time_total": 0.0, "grad": 0.049027109146118165, "mean_accuracy": 0.3325999875863393, "mean_loss": 1.83787459526062, "neg_mean_accuracy": -0.3879999816417694, "set_state_time_mean": NaN, "set_state_time_total": 0.0, "setup_model_time_mean": NaN, "setup_model_time_total": 0.0, "setup_proc_time_mean": NaN, "setup_proc_time_total": 0.0, "train_accuracy": 0.34101998805999756, "train_loss": 1.8079380759429933, "training_time_mean": NaN, "training_time_total": 0.0, "val_accuracy": 0.3879999816417694, "val_loss": 1.6725860641479493, "validation_time_mean": NaN, "validation_time_total": 0.0, "samples": 60000, "num_workers": 1, "done": false, "timesteps_total": null, "episodes_total": null, "training_iteration": 3, "neg_mean_loss": -1.83787459526062, "experiment_id": "700077ce3d5f47ae974b87ae7a0accd9", "date": "2019-06-06_09-34-45", "timestamp": 1559838885, "time_this_iter_s": 41.043840408325195, "time_total_s": 129.050213098526, "pid": 14821, "hostname": "steropes", "node_ip": "169.229.49.254", "config": {"starting_lr": 0.0005, "momentum": 0.95, "weight_decay": 0.005, "steps_per_iteration": null, "pin": false, "model_creator": null, "target_batch_size": 128, "model_string": "resnet50", "min_batch_size": 128, "dataset": "CIFAR", "placement": null, "use_nccl": true, "devices_per_worker": 1, "primary_resource": "extra_gpu", "gpu": false, "verbose": false, "lr_config": {"mode": "log", "steps": 5, "initial_lr": 0.0005, "target_lr": 0.0005}, "batch_per_device": 128}, "time_since_restore": 129.050213098526, "timesteps_since_restore": 0, "iterations_since_restore": 3, "mean_throughput": 1394.8004992075005, "atoms": 1, "setup_time": 9.075303077697754}
{"apply": 0.018671441078186034, "batch_time": 0.03181246564358096, "d2h": 0.0007279157638549804, "data_time": 0.0019126627451318608, "fwd": 0.029027652740478516, "get_state_time_mean": NaN, "get_state_time_total": 0.0, "grad": 0.04881019592285156, "mean_accuracy": 0.354499988257885, "mean_loss": 1.7772235688209532, "neg_mean_accuracy": -0.420199990272522, "set_state_time_mean": NaN, "set_state_time_total": 0.0, "setup_model_time_mean": NaN, "setup_model_time_total": 0.0, "setup_proc_time_mean": NaN, "setup_proc_time_total": 0.0, "train_accuracy": 0.36893999576568604, "train_loss": 1.7243869240188598, "training_time_mean": NaN, "training_time_total": 0.0, "val_accuracy": 0.420199990272522, "val_loss": 1.5952704895019532, "validation_time_mean": NaN, "validation_time_total": 0.0, "samples": 60000, "num_workers": 1, "done": true, "timesteps_total": null, "episodes_total": null, "training_iteration": 4, "neg_mean_loss": -1.7772235688209532, "experiment_id": "700077ce3d5f47ae974b87ae7a0accd9", "date": "2019-06-06_09-35-26", "timestamp": 1559838926, "time_this_iter_s": 41.293498516082764, "time_total_s": 170.34371161460876, "pid": 14821, "hostname": "steropes", "node_ip": "169.229.49.254", "config": {"starting_lr": 0.0005, "momentum": 0.95, "weight_decay": 0.005, "steps_per_iteration": null, "pin": false, "model_creator": null, "target_batch_size": 128, "model_string": "resnet50", "min_batch_size": 128, "dataset": "CIFAR", "placement": null, "use_nccl": true, "devices_per_worker": 1, "primary_resource": "extra_gpu", "gpu": false, "verbose": false, "lr_config": {"mode": "log", "steps": 5, "initial_lr": 0.0005, "target_lr": 0.0005}, "batch_per_device": 128}, "time_since_restore": 170.34371161460876, "timesteps_since_restore": 0, "iterations_since_restore": 4, "mean_throughput": 1408.9112597648727, "atoms": 1, "setup_time": 9.075303077697754}
