{"apply": 0.021338510513305663, "batch_time": 0.04273853724515891, "d2h": 0.0007539033889770508, "data_time": 0.002009880817149911, "fwd": 0.12134828567504882, "get_state_time_mean": NaN, "get_state_time_total": 0.0, "grad": 0.16489315032958984, "mean_accuracy": 0.09999999403953552, "mean_loss": 9.204256206970216e+17, "neg_mean_accuracy": -0.09999999403953552, "set_state_time_mean": NaN, "set_state_time_total": 0.0, "setup_model_time_mean": 8.684063196182251, "setup_model_time_total": 8.684063196182251, "setup_proc_time_mean": 0.17151474952697754, "setup_proc_time_total": 0.17151474952697754, "train_accuracy": 0.10037999600172043, "train_loss": 193821092.50143495, "training_time_mean": NaN, "training_time_total": 0.0, "val_accuracy": 0.09999999403953552, "val_loss": 9.204256206970216e+17, "validation_time_mean": NaN, "validation_time_total": 0.0, "samples": 60000, "num_workers": 1, "done": false, "timesteps_total": null, "episodes_total": null, "training_iteration": 1, "neg_mean_loss": -9.204256206970216e+17, "experiment_id": "b7b08a421f124e72844e2f481723dbdf", "date": "2019-06-03_04-30-51", "timestamp": 1559561451, "time_this_iter_s": 46.9752242565155, "time_total_s": 46.9752242565155, "pid": 10022, "hostname": "steropes", "node_ip": "169.229.49.254", "config": {"starting_lr": 1.0, "momentum": 0.99, "weight_decay": 0.0005, "steps_per_iteration": null, "pin": false, "model_creator": null, "target_batch_size": 128, "model_string": "resnet50", "min_batch_size": 128, "dataset": "CIFAR", "placement": null, "use_nccl": true, "devices_per_worker": 1, "primary_resource": "extra_gpu", "gpu": false, "verbose": false, "lr_config": {"mode": "log", "steps": 5, "initial_lr": 1.0, "target_lr": 1.0}, "batch_per_device": 128}, "time_since_restore": 46.9752242565155, "timesteps_since_restore": 0, "iterations_since_restore": 1, "mean_throughput": 1277.2665269780919, "atoms": 1, "setup_time": 9.439671039581299}
{"apply": 0.017948150634765625, "batch_time": 0.03301246860359289, "d2h": 0.0008700609207153321, "data_time": 0.001842081699224994, "fwd": 0.02822704315185547, "get_state_time_mean": NaN, "get_state_time_total": 0.0, "grad": 0.04908223152160644, "mean_accuracy": 0.050049997018504655, "mean_loss": NaN, "neg_mean_accuracy": -9.999999747378752e-05, "set_state_time_mean": NaN, "set_state_time_total": 0.0, "setup_model_time_mean": NaN, "setup_model_time_total": 0.0, "setup_proc_time_mean": NaN, "setup_proc_time_total": 0.0, "train_accuracy": 0.05460000038146973, "train_loss": NaN, "training_time_mean": NaN, "training_time_total": 0.0, "val_accuracy": 9.999999747378752e-05, "val_loss": NaN, "validation_time_mean": NaN, "validation_time_total": 0.0, "samples": 60000, "num_workers": 1, "done": false, "timesteps_total": null, "episodes_total": null, "training_iteration": 2, "neg_mean_loss": NaN, "experiment_id": "b7b08a421f124e72844e2f481723dbdf", "date": "2019-06-03_04-31-33", "timestamp": 1559561493, "time_this_iter_s": 41.48918390274048, "time_total_s": 88.46440815925598, "pid": 10022, "hostname": "steropes", "node_ip": "169.229.49.254", "config": {"starting_lr": 1.0, "momentum": 0.99, "weight_decay": 0.0005, "steps_per_iteration": null, "pin": false, "model_creator": null, "target_batch_size": 128, "model_string": "resnet50", "min_batch_size": 128, "dataset": "CIFAR", "placement": null, "use_nccl": true, "devices_per_worker": 1, "primary_resource": "extra_gpu", "gpu": false, "verbose": false, "lr_config": {"mode": "log", "steps": 5, "initial_lr": 1.0, "target_lr": 1.0}, "batch_per_device": 128}, "time_since_restore": 88.46440815925598, "timesteps_since_restore": 0, "iterations_since_restore": 2, "mean_throughput": 1356.4751027281989, "atoms": 1, "setup_time": 9.439671039581299}
{"apply": 0.018392443656921387, "batch_time": 0.03220420245882831, "d2h": 0.0006750583648681641, "data_time": 0.0018198825514225093, "fwd": 0.028466415405273438, "get_state_time_mean": NaN, "get_state_time_total": 0.0, "grad": 0.05029172897338867, "mean_accuracy": 0.03339999801149437, "mean_loss": NaN, "neg_mean_accuracy": -9.999999747378752e-05, "set_state_time_mean": NaN, "set_state_time_total": 0.0, "setup_model_time_mean": NaN, "setup_model_time_total": 0.0, "setup_proc_time_mean": NaN, "setup_proc_time_total": 0.0, "train_accuracy": 0.0, "train_loss": NaN, "training_time_mean": NaN, "training_time_total": 0.0, "val_accuracy": 9.999999747378752e-05, "val_loss": NaN, "validation_time_mean": NaN, "validation_time_total": 0.0, "samples": 60000, "num_workers": 1, "done": true, "timesteps_total": null, "episodes_total": null, "training_iteration": 3, "neg_mean_loss": NaN, "experiment_id": "b7b08a421f124e72844e2f481723dbdf", "date": "2019-06-03_04-32-14", "timestamp": 1559561534, "time_this_iter_s": 41.254558801651, "time_total_s": 129.71896696090698, "pid": 10022, "hostname": "steropes", "node_ip": "169.229.49.254", "config": {"starting_lr": 1.0, "momentum": 0.99, "weight_decay": 0.0005, "steps_per_iteration": null, "pin": false, "model_creator": null, "target_batch_size": 128, "model_string": "resnet50", "min_batch_size": 128, "dataset": "CIFAR", "placement": null, "use_nccl": true, "devices_per_worker": 1, "primary_resource": "extra_gpu", "gpu": false, "verbose": false, "lr_config": {"mode": "log", "steps": 5, "initial_lr": 1.0, "target_lr": 1.0}, "batch_per_device": 128}, "time_since_restore": 129.71896696090698, "timesteps_since_restore": 0, "iterations_since_restore": 3, "mean_throughput": 1387.6117032200518, "atoms": 1, "setup_time": 9.439671039581299}
