{"apply": 0.018123555183410644, "batch_time": 0.04180777827395669, "d2h": 0.000718379020690918, "data_time": 0.0019255922273601718, "fwd": 0.13867542743682862, "get_state_time_mean": NaN, "get_state_time_total": 0.0, "grad": 0.16485769748687745, "mean_accuracy": 0.09999999403953552, "mean_loss": 2.3390995803833006, "neg_mean_accuracy": -0.09999999403953552, "set_state_time_mean": NaN, "set_state_time_total": 0.0, "setup_model_time_mean": 9.487794160842896, "setup_model_time_total": 9.487794160842896, "setup_proc_time_mean": 0.2562117576599121, "setup_proc_time_total": 0.2562117576599121, "train_accuracy": 0.1024399995803833, "train_loss": 3.686146768875122, "training_time_mean": NaN, "training_time_total": 0.0, "val_accuracy": 0.09999999403953552, "val_loss": 2.3390995803833006, "validation_time_mean": NaN, "validation_time_total": 0.0, "samples": 60000, "num_workers": 1, "done": false, "timesteps_total": null, "episodes_total": null, "training_iteration": 1, "neg_mean_loss": -2.3390995803833006, "experiment_id": "a4f18c4273ba4cc18868297d06c76b85", "date": "2019-06-03_22-15-32", "timestamp": 1559625332, "time_this_iter_s": 47.2754762172699, "time_total_s": 47.2754762172699, "pid": 15990, "hostname": "steropes", "node_ip": "169.229.49.254", "config": {"starting_lr": 1.0, "momentum": 0.9, "weight_decay": 0.0005, "steps_per_iteration": null, "pin": false, "model_creator": null, "target_batch_size": 128, "model_string": "resnet50", "min_batch_size": 128, "dataset": "CIFAR", "placement": null, "use_nccl": true, "devices_per_worker": 1, "primary_resource": "extra_gpu", "gpu": false, "verbose": false, "lr_config": {"mode": "log", "steps": 5, "initial_lr": 1.0, "target_lr": 1.0}, "batch_per_device": 128}, "time_since_restore": 47.2754762172699, "timesteps_since_restore": 0, "iterations_since_restore": 1, "mean_throughput": 1269.1527872345434, "atoms": 1, "setup_time": 12.135799646377563}
{"apply": 0.017676162719726562, "batch_time": 0.032290289673624156, "d2h": 0.0007019519805908203, "data_time": 0.0018412042456819578, "fwd": 0.028174233436584473, "get_state_time_mean": NaN, "get_state_time_total": 0.0, "grad": 0.04807543754577637, "mean_accuracy": 0.1111999936401844, "mean_loss": 2.3047217273712155, "neg_mean_accuracy": -0.12239999324083328, "set_state_time_mean": NaN, "set_state_time_total": 0.0, "setup_model_time_mean": NaN, "setup_model_time_total": 0.0, "setup_proc_time_mean": NaN, "setup_proc_time_total": 0.0, "train_accuracy": 0.12678000330924988, "train_loss": 2.3869568244934083, "training_time_mean": NaN, "training_time_total": 0.0, "val_accuracy": 0.12239999324083328, "val_loss": 2.270343874359131, "validation_time_mean": NaN, "validation_time_total": 0.0, "samples": 60000, "num_workers": 1, "done": false, "timesteps_total": null, "episodes_total": null, "training_iteration": 2, "neg_mean_loss": -2.3047217273712155, "experiment_id": "a4f18c4273ba4cc18868297d06c76b85", "date": "2019-06-03_22-16-13", "timestamp": 1559625373, "time_this_iter_s": 41.233800172805786, "time_total_s": 88.50927639007568, "pid": 15990, "hostname": "steropes", "node_ip": "169.229.49.254", "config": {"starting_lr": 1.0, "momentum": 0.9, "weight_decay": 0.0005, "steps_per_iteration": null, "pin": false, "model_creator": null, "target_batch_size": 128, "model_string": "resnet50", "min_batch_size": 128, "dataset": "CIFAR", "placement": null, "use_nccl": true, "devices_per_worker": 1, "primary_resource": "extra_gpu", "gpu": false, "verbose": false, "lr_config": {"mode": "log", "steps": 5, "initial_lr": 1.0, "target_lr": 1.0}, "batch_per_device": 128}, "time_since_restore": 88.50927639007568, "timesteps_since_restore": 0, "iterations_since_restore": 2, "mean_throughput": 1355.7862538727838, "atoms": 1, "setup_time": 12.135799646377563}
{"apply": 0.017836332321166992, "batch_time": 0.03245893611183649, "d2h": 0.000991082191467285, "data_time": 0.0018330248420500694, "fwd": 0.028931713104248045, "get_state_time_mean": NaN, "get_state_time_total": 0.0, "grad": 0.04805488586425781, "mean_accuracy": 0.11076666166385014, "mean_loss": 2.3084889002482094, "neg_mean_accuracy": -0.10989999771118164, "set_state_time_mean": NaN, "set_state_time_total": 0.0, "setup_model_time_mean": NaN, "setup_model_time_total": 0.0, "setup_proc_time_mean": NaN, "setup_proc_time_total": 0.0, "train_accuracy": 0.21427999436855316, "train_loss": 2.1112054315185547, "training_time_mean": NaN, "training_time_total": 0.0, "val_accuracy": 0.10989999771118164, "val_loss": 2.3160232460021972, "validation_time_mean": NaN, "validation_time_total": 0.0, "samples": 60000, "num_workers": 1, "done": true, "timesteps_total": null, "episodes_total": null, "training_iteration": 3, "neg_mean_loss": -2.3084889002482094, "experiment_id": "a4f18c4273ba4cc18868297d06c76b85", "date": "2019-06-03_22-16-54", "timestamp": 1559625414, "time_this_iter_s": 41.191314458847046, "time_total_s": 129.70059084892273, "pid": 15990, "hostname": "steropes", "node_ip": "169.229.49.254", "config": {"starting_lr": 1.0, "momentum": 0.9, "weight_decay": 0.0005, "steps_per_iteration": null, "pin": false, "model_creator": null, "target_batch_size": 128, "model_string": "resnet50", "min_batch_size": 128, "dataset": "CIFAR", "placement": null, "use_nccl": true, "devices_per_worker": 1, "primary_resource": "extra_gpu", "gpu": false, "verbose": false, "lr_config": {"mode": "log", "steps": 5, "initial_lr": 1.0, "target_lr": 1.0}, "batch_per_device": 128}, "time_since_restore": 129.70059084892273, "timesteps_since_restore": 0, "iterations_since_restore": 3, "mean_throughput": 1387.8082014843515, "atoms": 1, "setup_time": 12.135799646377563}
