{"apply": 0.017957186698913573, "batch_time": 0.04259329807909229, "d2h": 0.0006506204605102539, "data_time": 0.0018027493411012928, "fwd": 0.11915421485900879, "get_state_time_mean": NaN, "get_state_time_total": 0.0, "grad": 0.21419892311096192, "mean_accuracy": 0.2927999794483185, "mean_loss": 1.9748061599731446, "neg_mean_accuracy": -0.2927999794483185, "set_state_time_mean": NaN, "set_state_time_total": 0.0, "setup_model_time_mean": 10.955379962921143, "setup_model_time_total": 10.955379962921143, "setup_proc_time_mean": 1.8371422290802002, "setup_proc_time_total": 1.8371422290802002, "train_accuracy": 0.2001200020313263, "train_loss": 2.2769707278060913, "training_time_mean": NaN, "training_time_total": 0.0, "val_accuracy": 0.2927999794483185, "val_loss": 1.9748061599731446, "validation_time_mean": NaN, "validation_time_total": 0.0, "samples": 60000, "num_workers": 1, "done": false, "timesteps_total": null, "episodes_total": null, "training_iteration": 1, "neg_mean_loss": -1.9748061599731446, "experiment_id": "f5e721f34c6746698d4b8b59af27edc4", "date": "2019-06-03_03-34-49", "timestamp": 1559558089, "time_this_iter_s": 47.155290842056274, "time_total_s": 47.155290842056274, "pid": 13433, "hostname": "steropes", "node_ip": "169.229.49.254", "config": {"starting_lr": 0.001, "momentum": 0.9, "weight_decay": 0.005, "steps_per_iteration": null, "pin": false, "model_creator": null, "target_batch_size": 128, "model_string": "resnet50", "min_batch_size": 128, "dataset": "CIFAR", "placement": null, "use_nccl": true, "devices_per_worker": 1, "primary_resource": "extra_gpu", "gpu": false, "verbose": false, "lr_config": {"mode": "log", "steps": 5, "initial_lr": 0.001, "target_lr": 0.001}, "batch_per_device": 128}, "time_since_restore": 47.155290842056274, "timesteps_since_restore": 0, "iterations_since_restore": 1, "mean_throughput": 1272.3891959477494, "atoms": 1, "setup_time": 12.891346216201782}
{"apply": 0.017649340629577636, "batch_time": 0.031931620609911185, "d2h": 0.0006639957427978516, "data_time": 0.0017829380376869455, "fwd": 0.028037357330322265, "get_state_time_mean": NaN, "get_state_time_total": 0.0, "grad": 0.048694801330566403, "mean_accuracy": 0.32749998569488525, "mean_loss": 1.873961136817932, "neg_mean_accuracy": -0.362199991941452, "set_state_time_mean": NaN, "set_state_time_total": 0.0, "setup_model_time_mean": NaN, "setup_model_time_total": 0.0, "setup_proc_time_mean": NaN, "setup_proc_time_total": 0.0, "train_accuracy": 0.29499998688697815, "train_loss": 1.9436822704696655, "training_time_mean": NaN, "training_time_total": 0.0, "val_accuracy": 0.362199991941452, "val_loss": 1.7731161136627198, "validation_time_mean": NaN, "validation_time_total": 0.0, "samples": 60000, "num_workers": 1, "done": false, "timesteps_total": null, "episodes_total": null, "training_iteration": 2, "neg_mean_loss": -1.873961136817932, "experiment_id": "f5e721f34c6746698d4b8b59af27edc4", "date": "2019-06-03_03-35-30", "timestamp": 1559558130, "time_this_iter_s": 41.24836182594299, "time_total_s": 88.40365266799927, "pid": 13433, "hostname": "steropes", "node_ip": "169.229.49.254", "config": {"starting_lr": 0.001, "momentum": 0.9, "weight_decay": 0.005, "steps_per_iteration": null, "pin": false, "model_creator": null, "target_batch_size": 128, "model_string": "resnet50", "min_batch_size": 128, "dataset": "CIFAR", "placement": null, "use_nccl": true, "devices_per_worker": 1, "primary_resource": "extra_gpu", "gpu": false, "verbose": false, "lr_config": {"mode": "log", "steps": 5, "initial_lr": 0.001, "target_lr": 0.001}, "batch_per_device": 128}, "time_since_restore": 88.40365266799927, "timesteps_since_restore": 0, "iterations_since_restore": 2, "mean_throughput": 1357.403946096231, "atoms": 1, "setup_time": 12.891346216201782}
{"apply": 0.01770319938659668, "batch_time": 0.032021984269347374, "d2h": 0.0006668806076049804, "data_time": 0.0019119145620204604, "fwd": 0.027957963943481445, "get_state_time_mean": NaN, "get_state_time_total": 0.0, "grad": 0.04835219383239746, "mean_accuracy": 0.3438333173592885, "mean_loss": 1.8240742618560792, "neg_mean_accuracy": -0.3764999806880951, "set_state_time_mean": NaN, "set_state_time_total": 0.0, "setup_model_time_mean": NaN, "setup_model_time_total": 0.0, "setup_proc_time_mean": NaN, "setup_proc_time_total": 0.0, "train_accuracy": 0.3380599915981293, "train_loss": 1.808380067100525, "training_time_mean": NaN, "training_time_total": 0.0, "val_accuracy": 0.3764999806880951, "val_loss": 1.724300511932373, "validation_time_mean": NaN, "validation_time_total": 0.0, "samples": 60000, "num_workers": 1, "done": false, "timesteps_total": null, "episodes_total": null, "training_iteration": 3, "neg_mean_loss": -1.8240742618560792, "experiment_id": "f5e721f34c6746698d4b8b59af27edc4", "date": "2019-06-03_03-36-11", "timestamp": 1559558171, "time_this_iter_s": 41.050084829330444, "time_total_s": 129.4537374973297, "pid": 13433, "hostname": "steropes", "node_ip": "169.229.49.254", "config": {"starting_lr": 0.001, "momentum": 0.9, "weight_decay": 0.005, "steps_per_iteration": null, "pin": false, "model_creator": null, "target_batch_size": 128, "model_string": "resnet50", "min_batch_size": 128, "dataset": "CIFAR", "placement": null, "use_nccl": true, "devices_per_worker": 1, "primary_resource": "extra_gpu", "gpu": false, "verbose": false, "lr_config": {"mode": "log", "steps": 5, "initial_lr": 0.001, "target_lr": 0.001}, "batch_per_device": 128}, "time_since_restore": 129.4537374973297, "timesteps_since_restore": 0, "iterations_since_restore": 3, "mean_throughput": 1390.4531073924238, "atoms": 1, "setup_time": 12.891346216201782}
{"apply": 0.018112659454345703, "batch_time": 0.03229637991023969, "d2h": 0.0006259202957153321, "data_time": 0.0018058512216943608, "fwd": 0.02808513641357422, "get_state_time_mean": NaN, "get_state_time_total": 0.0, "grad": 0.048009610176086424, "mean_accuracy": 0.3610749840736389, "mean_loss": 1.7684927060127258, "neg_mean_accuracy": -0.41279998421669006, "set_state_time_mean": NaN, "set_state_time_total": 0.0, "setup_model_time_mean": NaN, "setup_model_time_total": 0.0, "setup_proc_time_mean": NaN, "setup_proc_time_total": 0.0, "train_accuracy": 0.37265998125076294, "train_loss": 1.7158130171966552, "training_time_mean": NaN, "training_time_total": 0.0, "val_accuracy": 0.41279998421669006, "val_loss": 1.6017480384826661, "validation_time_mean": NaN, "validation_time_total": 0.0, "samples": 60000, "num_workers": 1, "done": false, "timesteps_total": null, "episodes_total": null, "training_iteration": 4, "neg_mean_loss": -1.7684927060127258, "experiment_id": "f5e721f34c6746698d4b8b59af27edc4", "date": "2019-06-03_03-36-52", "timestamp": 1559558212, "time_this_iter_s": 40.7964653968811, "time_total_s": 170.25020289421082, "pid": 13433, "hostname": "steropes", "node_ip": "169.229.49.254", "config": {"starting_lr": 0.001, "momentum": 0.9, "weight_decay": 0.005, "steps_per_iteration": null, "pin": false, "model_creator": null, "target_batch_size": 128, "model_string": "resnet50", "min_batch_size": 128, "dataset": "CIFAR", "placement": null, "use_nccl": true, "devices_per_worker": 1, "primary_resource": "extra_gpu", "gpu": false, "verbose": false, "lr_config": {"mode": "log", "steps": 5, "initial_lr": 0.001, "target_lr": 0.001}, "batch_per_device": 128}, "time_since_restore": 170.25020289421082, "timesteps_since_restore": 0, "iterations_since_restore": 4, "mean_throughput": 1409.685484496979, "atoms": 1, "setup_time": 12.891346216201782}
{"apply": 0.017523741722106932, "batch_time": 0.03233704687673834, "d2h": 0.0006343364715576172, "data_time": 0.0018078756454350698, "fwd": 0.02816452980041504, "get_state_time_mean": NaN, "get_state_time_total": 0.0, "grad": 0.0485480785369873, "mean_accuracy": 0.3756199836730957, "mean_loss": 1.7222597767257688, "neg_mean_accuracy": -0.43379998207092285, "set_state_time_mean": NaN, "set_state_time_total": 0.0, "setup_model_time_mean": NaN, "setup_model_time_total": 0.0, "setup_proc_time_mean": NaN, "setup_proc_time_total": 0.0, "train_accuracy": 0.4015199840068817, "train_loss": 1.629530665245056, "training_time_mean": NaN, "training_time_total": 0.0, "val_accuracy": 0.43379998207092285, "val_loss": 1.537328059577942, "validation_time_mean": NaN, "validation_time_total": 0.0, "samples": 60000, "num_workers": 1, "done": false, "timesteps_total": null, "episodes_total": null, "training_iteration": 5, "neg_mean_loss": -1.7222597767257688, "experiment_id": "f5e721f34c6746698d4b8b59af27edc4", "date": "2019-06-03_03-37-33", "timestamp": 1559558253, "time_this_iter_s": 40.92724347114563, "time_total_s": 211.17744636535645, "pid": 13433, "hostname": "steropes", "node_ip": "169.229.49.254", "config": {"starting_lr": 0.001, "momentum": 0.9, "weight_decay": 0.005, "steps_per_iteration": null, "pin": false, "model_creator": null, "target_batch_size": 128, "model_string": "resnet50", "min_batch_size": 128, "dataset": "CIFAR", "placement": null, "use_nccl": true, "devices_per_worker": 1, "primary_resource": "extra_gpu", "gpu": false, "verbose": false, "lr_config": {"mode": "log", "steps": 5, "initial_lr": 0.001, "target_lr": 0.001}, "batch_per_device": 128}, "time_since_restore": 211.17744636535645, "timesteps_since_restore": 0, "iterations_since_restore": 5, "mean_throughput": 1420.6021241012284, "atoms": 1, "setup_time": 12.891346216201782}
{"apply": 0.01779599189758301, "batch_time": 0.0324704647064209, "d2h": 0.0006609439849853515, "data_time": 0.001808384800201182, "fwd": 0.02823772430419922, "get_state_time_mean": NaN, "get_state_time_total": 0.0, "grad": 0.04811947345733643, "mean_accuracy": 0.4067599833011627, "mean_loss": 1.626130315437317, "neg_mean_accuracy": -0.44849997758865356, "set_state_time_mean": NaN, "set_state_time_total": 0.0, "setup_model_time_mean": NaN, "setup_model_time_total": 0.0, "setup_proc_time_mean": NaN, "setup_proc_time_total": 0.0, "train_accuracy": 0.4221799969673157, "train_loss": 1.5806077681732178, "training_time_mean": NaN, "training_time_total": 0.0, "val_accuracy": 0.44849997758865356, "val_loss": 1.4941588535308838, "validation_time_mean": NaN, "validation_time_total": 0.0, "samples": 60000, "num_workers": 1, "done": false, "timesteps_total": null, "episodes_total": null, "training_iteration": 6, "neg_mean_loss": -1.626130315437317, "experiment_id": "f5e721f34c6746698d4b8b59af27edc4", "date": "2019-06-03_03-38-13", "timestamp": 1559558293, "time_this_iter_s": 40.85815930366516, "time_total_s": 252.0356056690216, "pid": 13433, "hostname": "steropes", "node_ip": "169.229.49.254", "config": {"starting_lr": 0.001, "momentum": 0.9, "weight_decay": 0.005, "steps_per_iteration": null, "pin": false, "model_creator": null, "target_batch_size": 128, "model_string": "resnet50", "min_batch_size": 128, "dataset": "CIFAR", "placement": null, "use_nccl": true, "devices_per_worker": 1, "primary_resource": "extra_gpu", "gpu": false, "verbose": false, "lr_config": {"mode": "log", "steps": 5, "initial_lr": 0.001, "target_lr": 0.001}, "batch_per_device": 128}, "time_since_restore": 252.0356056690216, "timesteps_since_restore": 0, "iterations_since_restore": 6, "mean_throughput": 1464.2652094670934, "atoms": 1, "setup_time": 12.891346216201782}
{"apply": 0.01818244457244873, "batch_time": 0.0322398988506462, "d2h": 0.0010486364364624024, "data_time": 0.0018414755916351553, "fwd": 0.028824925422668457, "get_state_time_mean": NaN, "get_state_time_total": 0.0, "grad": 0.048081612586975096, "mean_accuracy": 0.42727998495101926, "mean_loss": 1.562748716850281, "neg_mean_accuracy": -0.46480000019073486, "set_state_time_mean": NaN, "set_state_time_total": 0.0, "setup_model_time_mean": NaN, "setup_model_time_total": 0.0, "setup_proc_time_mean": NaN, "setup_proc_time_total": 0.0, "train_accuracy": 0.4415600001811981, "train_loss": 1.5256546534729003, "training_time_mean": NaN, "training_time_total": 0.0, "val_accuracy": 0.46480000019073486, "val_loss": 1.456208120727539, "validation_time_mean": NaN, "validation_time_total": 0.0, "samples": 60000, "num_workers": 1, "done": false, "timesteps_total": null, "episodes_total": null, "training_iteration": 7, "neg_mean_loss": -1.562748716850281, "experiment_id": "f5e721f34c6746698d4b8b59af27edc4", "date": "2019-06-03_03-38-54", "timestamp": 1559558334, "time_this_iter_s": 41.01407337188721, "time_total_s": 293.0496790409088, "pid": 13433, "hostname": "steropes", "node_ip": "169.229.49.254", "config": {"starting_lr": 0.001, "momentum": 0.9, "weight_decay": 0.005, "steps_per_iteration": null, "pin": false, "model_creator": null, "target_batch_size": 128, "model_string": "resnet50", "min_batch_size": 128, "dataset": "CIFAR", "placement": null, "use_nccl": true, "devices_per_worker": 1, "primary_resource": "extra_gpu", "gpu": false, "verbose": false, "lr_config": {"mode": "log", "steps": 5, "initial_lr": 0.001, "target_lr": 0.001}, "batch_per_device": 128}, "time_since_restore": 293.0496790409088, "timesteps_since_restore": 0, "iterations_since_restore": 7, "mean_throughput": 1465.9431392713716, "atoms": 1, "setup_time": 12.891346216201782}
{"apply": 0.018083810806274414, "batch_time": 0.032039910932130454, "d2h": 0.0006256818771362305, "data_time": 0.0018002249090872762, "fwd": 0.02855343818664551, "get_state_time_mean": NaN, "get_state_time_total": 0.0, "grad": 0.0480877161026001, "mean_accuracy": 0.4489199876785278, "mean_loss": 1.4976548184585572, "neg_mean_accuracy": -0.4846999943256378, "set_state_time_mean": NaN, "set_state_time_total": 0.0, "setup_model_time_mean": NaN, "setup_model_time_total": 0.0, "setup_proc_time_mean": NaN, "setup_proc_time_total": 0.0, "train_accuracy": 0.45875999331474304, "train_loss": 1.4830241816711425, "training_time_mean": NaN, "training_time_total": 0.0, "val_accuracy": 0.4846999943256378, "val_loss": 1.3988310199737548, "validation_time_mean": NaN, "validation_time_total": 0.0, "samples": 60000, "num_workers": 1, "done": false, "timesteps_total": null, "episodes_total": null, "training_iteration": 8, "neg_mean_loss": -1.4976548184585572, "experiment_id": "f5e721f34c6746698d4b8b59af27edc4", "date": "2019-06-03_03-39-35", "timestamp": 1559558375, "time_this_iter_s": 40.884490728378296, "time_total_s": 333.9341697692871, "pid": 13433, "hostname": "steropes", "node_ip": "169.229.49.254", "config": {"starting_lr": 0.001, "momentum": 0.9, "weight_decay": 0.005, "steps_per_iteration": null, "pin": false, "model_creator": null, "target_batch_size": 128, "model_string": "resnet50", "min_batch_size": 128, "dataset": "CIFAR", "placement": null, "use_nccl": true, "devices_per_worker": 1, "primary_resource": "extra_gpu", "gpu": false, "verbose": false, "lr_config": {"mode": "log", "steps": 5, "initial_lr": 0.001, "target_lr": 0.001}, "batch_per_device": 128}, "time_since_restore": 333.9341697692871, "timesteps_since_restore": 0, "iterations_since_restore": 8, "mean_throughput": 1467.1301440508594, "atoms": 1, "setup_time": 12.891346216201782}
{"apply": 0.018112659454345703, "batch_time": 0.031996630415131774, "d2h": 0.0006532430648803711, "data_time": 0.001794126027685297, "fwd": 0.02879478931427002, "get_state_time_mean": NaN, "get_state_time_total": 0.0, "grad": 0.04858179092407226, "mean_accuracy": 0.46315999031066896, "mean_loss": 1.4551974738693239, "neg_mean_accuracy": -0.48399999737739563, "set_state_time_mean": NaN, "set_state_time_total": 0.0, "setup_model_time_mean": NaN, "setup_model_time_total": 0.0, "setup_proc_time_mean": NaN, "setup_proc_time_total": 0.0, "train_accuracy": 0.4744799733161926, "train_loss": 1.4453428278732299, "training_time_mean": NaN, "training_time_total": 0.0, "val_accuracy": 0.48399999737739563, "val_loss": 1.389461315536499, "validation_time_mean": NaN, "validation_time_total": 0.0, "samples": 60000, "num_workers": 1, "done": false, "timesteps_total": null, "episodes_total": null, "training_iteration": 9, "neg_mean_loss": -1.4551974738693239, "experiment_id": "f5e721f34c6746698d4b8b59af27edc4", "date": "2019-06-03_03-40-16", "timestamp": 1559558416, "time_this_iter_s": 40.947773456573486, "time_total_s": 374.8819432258606, "pid": 13433, "hostname": "steropes", "node_ip": "169.229.49.254", "config": {"starting_lr": 0.001, "momentum": 0.9, "weight_decay": 0.005, "steps_per_iteration": null, "pin": false, "model_creator": null, "target_batch_size": 128, "model_string": "resnet50", "min_batch_size": 128, "dataset": "CIFAR", "placement": null, "use_nccl": true, "devices_per_worker": 1, "primary_resource": "extra_gpu", "gpu": false, "verbose": false, "lr_config": {"mode": "log", "steps": 5, "initial_lr": 0.001, "target_lr": 0.001}, "batch_per_device": 128}, "time_since_restore": 374.8819432258606, "timesteps_since_restore": 0, "iterations_since_restore": 9, "mean_throughput": 1466.0453193115115, "atoms": 1, "setup_time": 12.891346216201782}
{"apply": 0.018328046798706053, "batch_time": 0.03177810017066666, "d2h": 0.0006590127944946289, "data_time": 0.0018574776856795602, "fwd": 0.02840554714202881, "get_state_time_mean": NaN, "get_state_time_total": 0.0, "grad": 0.04791233539581299, "mean_accuracy": 0.4762199938297272, "mean_loss": 1.4220395864105224, "neg_mean_accuracy": -0.499099999666214, "set_state_time_mean": NaN, "set_state_time_total": 0.0, "setup_model_time_mean": NaN, "setup_model_time_total": 0.0, "setup_proc_time_mean": NaN, "setup_proc_time_total": 0.0, "train_accuracy": 0.4866800010204315, "train_loss": 1.4014457759094239, "training_time_mean": NaN, "training_time_total": 0.0, "val_accuracy": 0.499099999666214, "val_loss": 1.3715386222839356, "validation_time_mean": NaN, "validation_time_total": 0.0, "samples": 60000, "num_workers": 1, "done": false, "timesteps_total": null, "episodes_total": null, "training_iteration": 10, "neg_mean_loss": -1.4220395864105224, "experiment_id": "f5e721f34c6746698d4b8b59af27edc4", "date": "2019-06-03_03-40-57", "timestamp": 1559558457, "time_this_iter_s": 40.986390352249146, "time_total_s": 415.86833357810974, "pid": 13433, "hostname": "steropes", "node_ip": "169.229.49.254", "config": {"starting_lr": 0.001, "momentum": 0.9, "weight_decay": 0.005, "steps_per_iteration": null, "pin": false, "model_creator": null, "target_batch_size": 128, "model_string": "resnet50", "min_batch_size": 128, "dataset": "CIFAR", "placement": null, "use_nccl": true, "devices_per_worker": 1, "primary_resource": "extra_gpu", "gpu": false, "verbose": false, "lr_config": {"mode": "log", "steps": 5, "initial_lr": 0.001, "target_lr": 0.001}, "batch_per_device": 128}, "time_since_restore": 415.86833357810974, "timesteps_since_restore": 0, "iterations_since_restore": 10, "mean_throughput": 1465.6216942693627, "atoms": 1, "setup_time": 12.891346216201782}
{"apply": 0.017680716514587403, "batch_time": 0.032208008102223844, "d2h": 0.0006280183792114258, "data_time": 0.0019339173651107438, "fwd": 0.02818436622619629, "get_state_time_mean": NaN, "get_state_time_total": 0.0, "grad": 0.04829196929931641, "mean_accuracy": 0.4922599971294403, "mean_loss": 1.3826370653915405, "neg_mean_accuracy": -0.5286999940872192, "set_state_time_mean": NaN, "set_state_time_total": 0.0, "setup_model_time_mean": NaN, "setup_model_time_total": 0.0, "setup_proc_time_mean": NaN, "setup_proc_time_total": 0.0, "train_accuracy": 0.5005800127983093, "train_loss": 1.373158183708191, "training_time_mean": NaN, "training_time_total": 0.0, "val_accuracy": 0.5286999940872192, "val_loss": 1.2971462484359741, "validation_time_mean": NaN, "validation_time_total": 0.0, "samples": 60000, "num_workers": 1, "done": false, "timesteps_total": null, "episodes_total": null, "training_iteration": 11, "neg_mean_loss": -1.3826370653915405, "experiment_id": "f5e721f34c6746698d4b8b59af27edc4", "date": "2019-06-03_03-41-38", "timestamp": 1559558498, "time_this_iter_s": 41.03967905044556, "time_total_s": 456.9080126285553, "pid": 13433, "hostname": "steropes", "node_ip": "169.229.49.254", "config": {"starting_lr": 0.001, "momentum": 0.9, "weight_decay": 0.005, "steps_per_iteration": null, "pin": false, "model_creator": null, "target_batch_size": 128, "model_string": "resnet50", "min_batch_size": 128, "dataset": "CIFAR", "placement": null, "use_nccl": true, "devices_per_worker": 1, "primary_resource": "extra_gpu", "gpu": false, "verbose": false, "lr_config": {"mode": "log", "steps": 5, "initial_lr": 0.001, "target_lr": 0.001}, "batch_per_device": 128}, "time_since_restore": 456.9080126285553, "timesteps_since_restore": 0, "iterations_since_restore": 11, "mean_throughput": 1464.3231752265517, "atoms": 1, "setup_time": 12.891346216201782}
{"apply": 0.017995238304138184, "batch_time": 0.03183698352379135, "d2h": 0.0006450653076171875, "data_time": 0.0018239265207744316, "fwd": 0.02811598777770996, "get_state_time_mean": NaN, "get_state_time_total": 0.0, "grad": 0.047475218772888184, "mean_accuracy": 0.506359988451004, "mean_loss": 1.347907843399048, "neg_mean_accuracy": -0.5352999567985535, "set_state_time_mean": NaN, "set_state_time_total": 0.0, "setup_model_time_mean": NaN, "setup_model_time_total": 0.0, "setup_proc_time_mean": NaN, "setup_proc_time_total": 0.0, "train_accuracy": 0.5129799842834473, "train_loss": 1.3380901305389403, "training_time_mean": NaN, "training_time_total": 0.0, "val_accuracy": 0.5352999567985535, "val_loss": 1.2825620107650757, "validation_time_mean": NaN, "validation_time_total": 0.0, "samples": 60000, "num_workers": 1, "done": false, "timesteps_total": null, "episodes_total": null, "training_iteration": 12, "neg_mean_loss": -1.347907843399048, "experiment_id": "f5e721f34c6746698d4b8b59af27edc4", "date": "2019-06-03_03-42-19", "timestamp": 1559558539, "time_this_iter_s": 40.81439471244812, "time_total_s": 497.7224073410034, "pid": 13433, "hostname": "steropes", "node_ip": "169.229.49.254", "config": {"starting_lr": 0.001, "momentum": 0.9, "weight_decay": 0.005, "steps_per_iteration": null, "pin": false, "model_creator": null, "target_batch_size": 128, "model_string": "resnet50", "min_batch_size": 128, "dataset": "CIFAR", "placement": null, "use_nccl": true, "devices_per_worker": 1, "primary_resource": "extra_gpu", "gpu": false, "verbose": false, "lr_config": {"mode": "log", "steps": 5, "initial_lr": 0.001, "target_lr": 0.001}, "batch_per_device": 128}, "time_since_restore": 497.7224073410034, "timesteps_since_restore": 0, "iterations_since_restore": 12, "mean_throughput": 1465.7517623173064, "atoms": 1, "setup_time": 12.891346216201782}
{"apply": 0.01811487674713135, "batch_time": 0.032132701028751424, "d2h": 0.0006605386734008789, "data_time": 0.0017764848821303423, "fwd": 0.028629255294799805, "get_state_time_mean": NaN, "get_state_time_total": 0.0, "grad": 0.048074531555175784, "mean_accuracy": 0.5174799919128418, "mean_loss": 1.3208250742340089, "neg_mean_accuracy": -0.5403000116348267, "set_state_time_mean": NaN, "set_state_time_total": 0.0, "setup_model_time_mean": NaN, "setup_model_time_total": 0.0, "setup_proc_time_mean": NaN, "setup_proc_time_total": 0.0, "train_accuracy": 0.5299000144004822, "train_loss": 1.295597123374939, "training_time_mean": NaN, "training_time_total": 0.0, "val_accuracy": 0.5403000116348267, "val_loss": 1.2634171741485596, "validation_time_mean": NaN, "validation_time_total": 0.0, "samples": 60000, "num_workers": 1, "done": false, "timesteps_total": null, "episodes_total": null, "training_iteration": 13, "neg_mean_loss": -1.3208250742340089, "experiment_id": "f5e721f34c6746698d4b8b59af27edc4", "date": "2019-06-03_03-43-00", "timestamp": 1559558580, "time_this_iter_s": 40.901238441467285, "time_total_s": 538.6236457824707, "pid": 13433, "hostname": "steropes", "node_ip": "169.229.49.254", "config": {"starting_lr": 0.001, "momentum": 0.9, "weight_decay": 0.005, "steps_per_iteration": null, "pin": false, "model_creator": null, "target_batch_size": 128, "model_string": "resnet50", "min_batch_size": 128, "dataset": "CIFAR", "placement": null, "use_nccl": true, "devices_per_worker": 1, "primary_resource": "extra_gpu", "gpu": false, "verbose": false, "lr_config": {"mode": "log", "steps": 5, "initial_lr": 0.001, "target_lr": 0.001}, "batch_per_device": 128}, "time_since_restore": 538.6236457824707, "timesteps_since_restore": 0, "iterations_since_restore": 13, "mean_throughput": 1465.6314846354987, "atoms": 1, "setup_time": 12.891346216201782}
{"apply": 0.01785399913787842, "batch_time": 0.031851997858361354, "d2h": 0.0006907939910888672, "data_time": 0.0017997291691772774, "fwd": 0.028186988830566407, "get_state_time_mean": NaN, "get_state_time_total": 0.0, "grad": 0.047861337661743164, "mean_accuracy": 0.5305999934673309, "mean_loss": 1.2920437105560303, "neg_mean_accuracy": -0.5496000051498413, "set_state_time_mean": NaN, "set_state_time_total": 0.0, "setup_model_time_mean": NaN, "setup_model_time_total": 0.0, "setup_proc_time_mean": NaN, "setup_proc_time_total": 0.0, "train_accuracy": 0.5393800139427185, "train_loss": 1.273332424926758, "training_time_mean": NaN, "training_time_total": 0.0, "val_accuracy": 0.5496000051498413, "val_loss": 1.2455544971466064, "validation_time_mean": NaN, "validation_time_total": 0.0, "samples": 60000, "num_workers": 1, "done": false, "timesteps_total": null, "episodes_total": null, "training_iteration": 14, "neg_mean_loss": -1.2920437105560303, "experiment_id": "f5e721f34c6746698d4b8b59af27edc4", "date": "2019-06-03_03-43-41", "timestamp": 1559558621, "time_this_iter_s": 40.737908601760864, "time_total_s": 579.3615543842316, "pid": 13433, "hostname": "steropes", "node_ip": "169.229.49.254", "config": {"starting_lr": 0.001, "momentum": 0.9, "weight_decay": 0.005, "steps_per_iteration": null, "pin": false, "model_creator": null, "target_batch_size": 128, "model_string": "resnet50", "min_batch_size": 128, "dataset": "CIFAR", "placement": null, "use_nccl": true, "devices_per_worker": 1, "primary_resource": "extra_gpu", "gpu": false, "verbose": false, "lr_config": {"mode": "log", "steps": 5, "initial_lr": 0.001, "target_lr": 0.001}, "batch_per_device": 128}, "time_since_restore": 579.3615543842316, "timesteps_since_restore": 0, "iterations_since_restore": 14, "mean_throughput": 1467.135665985755, "atoms": 1, "setup_time": 12.891346216201782}
{"apply": 0.017646002769470214, "batch_time": 0.031787947763370565, "d2h": 0.0006748914718627929, "data_time": 0.0018041231443205149, "fwd": 0.02869861125946045, "get_state_time_mean": NaN, "get_state_time_total": 0.0, "grad": 0.047885680198669435, "mean_accuracy": 0.545199990272522, "mean_loss": 1.255035380706787, "neg_mean_accuracy": -0.5720999836921692, "set_state_time_mean": NaN, "set_state_time_total": 0.0, "setup_model_time_mean": NaN, "setup_model_time_total": 0.0, "setup_proc_time_mean": NaN, "setup_proc_time_total": 0.0, "train_accuracy": 0.5513399839401245, "train_loss": 1.2396930493927, "training_time_mean": NaN, "training_time_total": 0.0, "val_accuracy": 0.5720999836921692, "val_loss": 1.1864969730377197, "validation_time_mean": NaN, "validation_time_total": 0.0, "samples": 60000, "num_workers": 1, "done": false, "timesteps_total": null, "episodes_total": null, "training_iteration": 15, "neg_mean_loss": -1.255035380706787, "experiment_id": "f5e721f34c6746698d4b8b59af27edc4", "date": "2019-06-03_03-44-22", "timestamp": 1559558662, "time_this_iter_s": 40.86178112030029, "time_total_s": 620.2233355045319, "pid": 13433, "hostname": "steropes", "node_ip": "169.229.49.254", "config": {"starting_lr": 0.001, "momentum": 0.9, "weight_decay": 0.005, "steps_per_iteration": null, "pin": false, "model_creator": null, "target_batch_size": 128, "model_string": "resnet50", "min_batch_size": 128, "dataset": "CIFAR", "placement": null, "use_nccl": true, "devices_per_worker": 1, "primary_resource": "extra_gpu", "gpu": false, "verbose": false, "lr_config": {"mode": "log", "steps": 5, "initial_lr": 0.001, "target_lr": 0.001}, "batch_per_device": 128}, "time_since_restore": 620.2233355045319, "timesteps_since_restore": 0, "iterations_since_restore": 15, "mean_throughput": 1468.030230779408, "atoms": 1, "setup_time": 12.891346216201782}
{"apply": 0.017879843711853027, "batch_time": 0.03193631956848917, "d2h": 0.0006723403930664062, "data_time": 0.001785944794754848, "fwd": 0.028212094306945802, "get_state_time_mean": NaN, "get_state_time_total": 0.0, "grad": 0.04776368141174316, "mean_accuracy": 0.5542799830436707, "mean_loss": 1.2323191437149048, "neg_mean_accuracy": -0.5740999579429626, "set_state_time_mean": NaN, "set_state_time_total": 0.0, "setup_model_time_mean": NaN, "setup_model_time_total": 0.0, "setup_proc_time_mean": NaN, "setup_proc_time_total": 0.0, "train_accuracy": 0.5650799870491028, "train_loss": 1.206470245513916, "training_time_mean": NaN, "training_time_total": 0.0, "val_accuracy": 0.5740999579429626, "val_loss": 1.1835650634765624, "validation_time_mean": NaN, "validation_time_total": 0.0, "samples": 60000, "num_workers": 1, "done": false, "timesteps_total": null, "episodes_total": null, "training_iteration": 16, "neg_mean_loss": -1.2323191437149048, "experiment_id": "f5e721f34c6746698d4b8b59af27edc4", "date": "2019-06-03_03-45-02", "timestamp": 1559558702, "time_this_iter_s": 40.80418515205383, "time_total_s": 661.0275206565857, "pid": 13433, "hostname": "steropes", "node_ip": "169.229.49.254", "config": {"starting_lr": 0.001, "momentum": 0.9, "weight_decay": 0.005, "steps_per_iteration": null, "pin": false, "model_creator": null, "target_batch_size": 128, "model_string": "resnet50", "min_batch_size": 128, "dataset": "CIFAR", "placement": null, "use_nccl": true, "devices_per_worker": 1, "primary_resource": "extra_gpu", "gpu": false, "verbose": false, "lr_config": {"mode": "log", "steps": 5, "initial_lr": 0.001, "target_lr": 0.001}, "batch_per_device": 128}, "time_since_restore": 661.0275206565857, "timesteps_since_restore": 0, "iterations_since_restore": 16, "mean_throughput": 1469.7238695883434, "atoms": 1, "setup_time": 12.891346216201782}
{"apply": 0.017498183250427245, "batch_time": 0.032050428511221196, "d2h": 0.0006740331649780273, "data_time": 0.0017773598966086307, "fwd": 0.027698183059692384, "get_state_time_mean": NaN, "get_state_time_total": 0.0, "grad": 0.04822876453399658, "mean_accuracy": 0.56489999294281, "mean_loss": 1.2048820643234253, "neg_mean_accuracy": -0.5884000062942505, "set_state_time_mean": NaN, "set_state_time_total": 0.0, "setup_model_time_mean": NaN, "setup_model_time_total": 0.0, "setup_proc_time_mean": NaN, "setup_proc_time_total": 0.0, "train_accuracy": 0.5722599625587463, "train_loss": 1.180583475151062, "training_time_mean": NaN, "training_time_total": 0.0, "val_accuracy": 0.5884000062942505, "val_loss": 1.1453766138076782, "validation_time_mean": NaN, "validation_time_total": 0.0, "samples": 60000, "num_workers": 1, "done": false, "timesteps_total": null, "episodes_total": null, "training_iteration": 17, "neg_mean_loss": -1.2048820643234253, "experiment_id": "f5e721f34c6746698d4b8b59af27edc4", "date": "2019-06-03_03-45-43", "timestamp": 1559558743, "time_this_iter_s": 40.758217573165894, "time_total_s": 701.7857382297516, "pid": 13433, "hostname": "steropes", "node_ip": "169.229.49.254", "config": {"starting_lr": 0.001, "momentum": 0.9, "weight_decay": 0.005, "steps_per_iteration": null, "pin": false, "model_creator": null, "target_batch_size": 128, "model_string": "resnet50", "min_batch_size": 128, "dataset": "CIFAR", "placement": null, "use_nccl": true, "devices_per_worker": 1, "primary_resource": "extra_gpu", "gpu": false, "verbose": false, "lr_config": {"mode": "log", "steps": 5, "initial_lr": 0.001, "target_lr": 0.001}, "batch_per_device": 128}, "time_since_restore": 701.7857382297516, "timesteps_since_restore": 0, "iterations_since_restore": 17, "mean_throughput": 1470.1284694352985, "atoms": 1, "setup_time": 12.891346216201782}
{"apply": 0.017786860466003418, "batch_time": 0.03195789192296282, "d2h": 0.0006843090057373046, "data_time": 0.0017942260293399587, "fwd": 0.02827160358428955, "get_state_time_mean": NaN, "get_state_time_total": 0.0, "grad": 0.048126387596130374, "mean_accuracy": 0.5771599888801575, "mean_loss": 1.1761390809631347, "neg_mean_accuracy": -0.6015999913215637, "set_state_time_mean": NaN, "set_state_time_total": 0.0, "setup_model_time_mean": NaN, "setup_model_time_total": 0.0, "setup_proc_time_mean": NaN, "setup_proc_time_total": 0.0, "train_accuracy": 0.5861200094223022, "train_loss": 1.1481127704620362, "training_time_mean": NaN, "training_time_total": 0.0, "val_accuracy": 0.6015999913215637, "val_loss": 1.119702257347107, "validation_time_mean": NaN, "validation_time_total": 0.0, "samples": 60000, "num_workers": 1, "done": false, "timesteps_total": null, "episodes_total": null, "training_iteration": 18, "neg_mean_loss": -1.1761390809631347, "experiment_id": "f5e721f34c6746698d4b8b59af27edc4", "date": "2019-06-03_03-46-24", "timestamp": 1559558784, "time_this_iter_s": 40.826972007751465, "time_total_s": 742.612710237503, "pid": 13433, "hostname": "steropes", "node_ip": "169.229.49.254", "config": {"starting_lr": 0.001, "momentum": 0.9, "weight_decay": 0.005, "steps_per_iteration": null, "pin": false, "model_creator": null, "target_batch_size": 128, "model_string": "resnet50", "min_batch_size": 128, "dataset": "CIFAR", "placement": null, "use_nccl": true, "devices_per_worker": 1, "primary_resource": "extra_gpu", "gpu": false, "verbose": false, "lr_config": {"mode": "log", "steps": 5, "initial_lr": 0.001, "target_lr": 0.001}, "batch_per_device": 128}, "time_since_restore": 742.612710237503, "timesteps_since_restore": 0, "iterations_since_restore": 18, "mean_throughput": 1470.664169826179, "atoms": 1, "setup_time": 12.891346216201782}
{"apply": 0.018114185333251952, "batch_time": 0.03178712687914884, "d2h": 0.00068817138671875, "data_time": 0.0017766037865367997, "fwd": 0.02825033664703369, "get_state_time_mean": NaN, "get_state_time_total": 0.0, "grad": 0.04778316020965576, "mean_accuracy": 0.5890399813652039, "mean_loss": 1.145470493927002, "neg_mean_accuracy": -0.6089999675750732, "set_state_time_mean": NaN, "set_state_time_total": 0.0, "setup_model_time_mean": NaN, "setup_model_time_total": 0.0, "setup_proc_time_mean": NaN, "setup_proc_time_total": 0.0, "train_accuracy": 0.6000199913978577, "train_loss": 1.1156168118286134, "training_time_mean": NaN, "training_time_total": 0.0, "val_accuracy": 0.6089999675750732, "val_loss": 1.0922115619659425, "validation_time_mean": NaN, "validation_time_total": 0.0, "samples": 60000, "num_workers": 1, "done": false, "timesteps_total": null, "episodes_total": null, "training_iteration": 19, "neg_mean_loss": -1.145470493927002, "experiment_id": "f5e721f34c6746698d4b8b59af27edc4", "date": "2019-06-03_03-47-05", "timestamp": 1559558825, "time_this_iter_s": 40.70690035820007, "time_total_s": 783.3196105957031, "pid": 13433, "hostname": "steropes", "node_ip": "169.229.49.254", "config": {"starting_lr": 0.001, "momentum": 0.9, "weight_decay": 0.005, "steps_per_iteration": null, "pin": false, "model_creator": null, "target_batch_size": 128, "model_string": "resnet50", "min_batch_size": 128, "dataset": "CIFAR", "placement": null, "use_nccl": true, "devices_per_worker": 1, "primary_resource": "extra_gpu", "gpu": false, "verbose": false, "lr_config": {"mode": "log", "steps": 5, "initial_lr": 0.001, "target_lr": 0.001}, "batch_per_device": 128}, "time_since_restore": 783.3196105957031, "timesteps_since_restore": 0, "iterations_since_restore": 19, "mean_throughput": 1470.8877993317203, "atoms": 1, "setup_time": 12.891346216201782}
{"apply": 0.017506885528564452, "batch_time": 0.03196682507478738, "d2h": 0.0006872177124023438, "data_time": 0.001835085241995809, "fwd": 0.027689671516418456, "get_state_time_mean": NaN, "get_state_time_total": 0.0, "grad": 0.04805524349212646, "mean_accuracy": 0.5964999794960022, "mean_loss": 1.1281822793960572, "neg_mean_accuracy": -0.6093999743461609, "set_state_time_mean": NaN, "set_state_time_total": 0.0, "setup_model_time_mean": NaN, "setup_model_time_total": 0.0, "setup_proc_time_mean": NaN, "setup_proc_time_total": 0.0, "train_accuracy": 0.6086999773979187, "train_loss": 1.087655906562805, "training_time_mean": NaN, "training_time_total": 0.0, "val_accuracy": 0.6093999743461609, "val_loss": 1.1000559003829955, "validation_time_mean": NaN, "validation_time_total": 0.0, "samples": 60000, "num_workers": 1, "done": false, "timesteps_total": null, "episodes_total": null, "training_iteration": 20, "neg_mean_loss": -1.1281822793960572, "experiment_id": "f5e721f34c6746698d4b8b59af27edc4", "date": "2019-06-03_03-47-45", "timestamp": 1559558865, "time_this_iter_s": 40.68950629234314, "time_total_s": 824.0091168880463, "pid": 13433, "hostname": "steropes", "node_ip": "169.229.49.254", "config": {"starting_lr": 0.001, "momentum": 0.9, "weight_decay": 0.005, "steps_per_iteration": null, "pin": false, "model_creator": null, "target_batch_size": 128, "model_string": "resnet50", "min_batch_size": 128, "dataset": "CIFAR", "placement": null, "use_nccl": true, "devices_per_worker": 1, "primary_resource": "extra_gpu", "gpu": false, "verbose": false, "lr_config": {"mode": "log", "steps": 5, "initial_lr": 0.001, "target_lr": 0.001}, "batch_per_device": 128}, "time_since_restore": 824.0091168880463, "timesteps_since_restore": 0, "iterations_since_restore": 20, "mean_throughput": 1472.1312393528808, "atoms": 1, "setup_time": 12.891346216201782}
{"apply": 0.017958474159240723, "batch_time": 0.031930932515784154, "d2h": 0.0006842136383056641, "data_time": 0.0017897936389269426, "fwd": 0.02861316204071045, "get_state_time_mean": NaN, "get_state_time_total": 0.0, "grad": 0.04778177738189697, "mean_accuracy": 0.606339979171753, "mean_loss": 1.1021323241043093, "neg_mean_accuracy": -0.6232999563217163, "set_state_time_mean": NaN, "set_state_time_total": 0.0, "setup_model_time_mean": NaN, "setup_model_time_total": 0.0, "setup_proc_time_mean": NaN, "setup_proc_time_total": 0.0, "train_accuracy": 0.620199978351593, "train_loss": 1.0588602187347411, "training_time_mean": NaN, "training_time_total": 0.0, "val_accuracy": 0.6232999563217163, "val_loss": 1.0533152870178222, "validation_time_mean": NaN, "validation_time_total": 0.0, "samples": 60000, "num_workers": 1, "done": false, "timesteps_total": null, "episodes_total": null, "training_iteration": 21, "neg_mean_loss": -1.1021323241043093, "experiment_id": "f5e721f34c6746698d4b8b59af27edc4", "date": "2019-06-03_03-48-26", "timestamp": 1559558906, "time_this_iter_s": 40.74696207046509, "time_total_s": 864.7560789585114, "pid": 13433, "hostname": "steropes", "node_ip": "169.229.49.254", "config": {"starting_lr": 0.001, "momentum": 0.9, "weight_decay": 0.005, "steps_per_iteration": null, "pin": false, "model_creator": null, "target_batch_size": 128, "model_string": "resnet50", "min_batch_size": 128, "dataset": "CIFAR", "placement": null, "use_nccl": true, "devices_per_worker": 1, "primary_resource": "extra_gpu", "gpu": false, "verbose": false, "lr_config": {"mode": "log", "steps": 5, "initial_lr": 0.001, "target_lr": 0.001}, "batch_per_device": 128}, "time_since_restore": 864.7560789585114, "timesteps_since_restore": 0, "iterations_since_restore": 21, "mean_throughput": 1472.5447448629284, "atoms": 1, "setup_time": 12.891346216201782}
{"apply": 0.01751432418823242, "batch_time": 0.03199372714078879, "d2h": 0.0006837129592895507, "data_time": 0.0017711591842534292, "fwd": 0.027817392349243165, "get_state_time_mean": NaN, "get_state_time_total": 0.0, "grad": 0.048379921913146974, "mean_accuracy": 0.6152999758720398, "mean_loss": 1.0794055799102782, "neg_mean_accuracy": -0.6331999897956848, "set_state_time_mean": NaN, "set_state_time_total": 0.0, "setup_model_time_mean": NaN, "setup_model_time_total": 0.0, "setup_proc_time_mean": NaN, "setup_proc_time_total": 0.0, "train_accuracy": 0.6293599605560303, "train_loss": 1.036727462348938, "training_time_mean": NaN, "training_time_total": 0.0, "val_accuracy": 0.6331999897956848, "val_loss": 1.0317428928375245, "validation_time_mean": NaN, "validation_time_total": 0.0, "samples": 60000, "num_workers": 1, "done": false, "timesteps_total": null, "episodes_total": null, "training_iteration": 22, "neg_mean_loss": -1.0794055799102782, "experiment_id": "f5e721f34c6746698d4b8b59af27edc4", "date": "2019-06-03_03-49-07", "timestamp": 1559558947, "time_this_iter_s": 40.72996711730957, "time_total_s": 905.4860460758209, "pid": 13433, "hostname": "steropes", "node_ip": "169.229.49.254", "config": {"starting_lr": 0.001, "momentum": 0.9, "weight_decay": 0.005, "steps_per_iteration": null, "pin": false, "model_creator": null, "target_batch_size": 128, "model_string": "resnet50", "min_batch_size": 128, "dataset": "CIFAR", "placement": null, "use_nccl": true, "devices_per_worker": 1, "primary_resource": "extra_gpu", "gpu": false, "verbose": false, "lr_config": {"mode": "log", "steps": 5, "initial_lr": 0.001, "target_lr": 0.001}, "batch_per_device": 128}, "time_since_restore": 905.4860460758209, "timesteps_since_restore": 0, "iterations_since_restore": 22, "mean_throughput": 1472.7490094429575, "atoms": 1, "setup_time": 12.891346216201782}
{"apply": 0.017827749252319336, "batch_time": 0.03163715253902387, "d2h": 0.000684666633605957, "data_time": 0.0018820726048306127, "fwd": 0.028226494789123535, "get_state_time_mean": NaN, "get_state_time_total": 0.0, "grad": 0.04778995513916016, "mean_accuracy": 0.6232199788093566, "mean_loss": 1.0560312578582765, "neg_mean_accuracy": -0.6412000060081482, "set_state_time_mean": NaN, "set_state_time_total": 0.0, "setup_model_time_mean": NaN, "setup_model_time_total": 0.0, "setup_proc_time_mean": NaN, "setup_proc_time_total": 0.0, "train_accuracy": 0.6400600075721741, "train_loss": 1.0059287994003296, "training_time_mean": NaN, "training_time_total": 0.0, "val_accuracy": 0.6412000060081482, "val_loss": 1.0028306470870971, "validation_time_mean": NaN, "validation_time_total": 0.0, "samples": 60000, "num_workers": 1, "done": false, "timesteps_total": null, "episodes_total": null, "training_iteration": 23, "neg_mean_loss": -1.0560312578582765, "experiment_id": "f5e721f34c6746698d4b8b59af27edc4", "date": "2019-06-03_03-49-48", "timestamp": 1559558988, "time_this_iter_s": 40.75824975967407, "time_total_s": 946.244295835495, "pid": 13433, "hostname": "steropes", "node_ip": "169.229.49.254", "config": {"starting_lr": 0.001, "momentum": 0.9, "weight_decay": 0.005, "steps_per_iteration": null, "pin": false, "model_creator": null, "target_batch_size": 128, "model_string": "resnet50", "min_batch_size": 128, "dataset": "CIFAR", "placement": null, "use_nccl": true, "devices_per_worker": 1, "primary_resource": "extra_gpu", "gpu": false, "verbose": false, "lr_config": {"mode": "log", "steps": 5, "initial_lr": 0.001, "target_lr": 0.001}, "batch_per_device": 128}, "time_since_restore": 946.244295835495, "timesteps_since_restore": 0, "iterations_since_restore": 23, "mean_throughput": 1473.246027981272, "atoms": 1, "setup_time": 12.891346216201782}
{"apply": 0.01797595024108887, "batch_time": 0.03196814090390749, "d2h": 0.0006622552871704101, "data_time": 0.0017799318903852302, "fwd": 0.028449535369873047, "get_state_time_mean": NaN, "get_state_time_total": 0.0, "grad": 0.047942709922790525, "mean_accuracy": 0.6300399780273438, "mean_loss": 1.0376946870994568, "neg_mean_accuracy": -0.6430999636650085, "set_state_time_mean": NaN, "set_state_time_total": 0.0, "setup_model_time_mean": NaN, "setup_model_time_total": 0.0, "setup_proc_time_mean": NaN, "setup_proc_time_total": 0.0, "train_accuracy": 0.6509000062942505, "train_loss": 0.9769918557739258, "training_time_mean": NaN, "training_time_total": 0.0, "val_accuracy": 0.6430999636650085, "val_loss": 1.0005287081718446, "validation_time_mean": NaN, "validation_time_total": 0.0, "samples": 60000, "num_workers": 1, "done": false, "timesteps_total": null, "episodes_total": null, "training_iteration": 24, "neg_mean_loss": -1.0376946870994568, "experiment_id": "f5e721f34c6746698d4b8b59af27edc4", "date": "2019-06-03_03-50-28", "timestamp": 1559559028, "time_this_iter_s": 40.720234394073486, "time_total_s": 986.9645302295685, "pid": 13433, "hostname": "steropes", "node_ip": "169.229.49.254", "config": {"starting_lr": 0.001, "momentum": 0.9, "weight_decay": 0.005, "steps_per_iteration": null, "pin": false, "model_creator": null, "target_batch_size": 128, "model_string": "resnet50", "min_batch_size": 128, "dataset": "CIFAR", "placement": null, "use_nccl": true, "devices_per_worker": 1, "primary_resource": "extra_gpu", "gpu": false, "verbose": false, "lr_config": {"mode": "log", "steps": 5, "initial_lr": 0.001, "target_lr": 0.001}, "batch_per_device": 128}, "time_since_restore": 986.9645302295685, "timesteps_since_restore": 0, "iterations_since_restore": 24, "mean_throughput": 1473.149511133502, "atoms": 1, "setup_time": 12.891346216201782}
{"apply": 0.01773724555969238, "batch_time": 0.03233483169652239, "d2h": 0.0006676912307739258, "data_time": 0.0017679103500093036, "fwd": 0.02808666229248047, "get_state_time_mean": NaN, "get_state_time_total": 0.0, "grad": 0.04768686294555664, "mean_accuracy": 0.6392999768257142, "mean_loss": 1.0125862550354003, "neg_mean_accuracy": -0.6556999683380127, "set_state_time_mean": NaN, "set_state_time_total": 0.0, "setup_model_time_mean": NaN, "setup_model_time_total": 0.0, "setup_proc_time_mean": NaN, "setup_proc_time_total": 0.0, "train_accuracy": 0.6574199795722961, "train_loss": 0.9503779262924195, "training_time_mean": NaN, "training_time_total": 0.0, "val_accuracy": 0.6556999683380127, "val_loss": 0.9745137400627136, "validation_time_mean": NaN, "validation_time_total": 0.0, "samples": 60000, "num_workers": 1, "done": false, "timesteps_total": null, "episodes_total": null, "training_iteration": 25, "neg_mean_loss": -1.0125862550354003, "experiment_id": "f5e721f34c6746698d4b8b59af27edc4", "date": "2019-06-03_03-51-09", "timestamp": 1559559069, "time_this_iter_s": 40.75820708274841, "time_total_s": 1027.722737312317, "pid": 13433, "hostname": "steropes", "node_ip": "169.229.49.254", "config": {"starting_lr": 0.001, "momentum": 0.9, "weight_decay": 0.005, "steps_per_iteration": null, "pin": false, "model_creator": null, "target_batch_size": 128, "model_string": "resnet50", "min_batch_size": 128, "dataset": "CIFAR", "placement": null, "use_nccl": true, "devices_per_worker": 1, "primary_resource": "extra_gpu", "gpu": false, "verbose": false, "lr_config": {"mode": "log", "steps": 5, "initial_lr": 0.001, "target_lr": 0.001}, "batch_per_device": 128}, "time_since_restore": 1027.722737312317, "timesteps_since_restore": 0, "iterations_since_restore": 25, "mean_throughput": 1472.6527490165893, "atoms": 1, "setup_time": 12.891346216201782}
{"apply": 0.017728972434997558, "batch_time": 0.03172750412663327, "d2h": 0.0006810903549194336, "data_time": 0.001769217688714147, "fwd": 0.028023624420166017, "get_state_time_mean": NaN, "get_state_time_total": 0.0, "grad": 0.047748899459838866, "mean_accuracy": 0.6491799831390381, "mean_loss": 0.9873993353843689, "neg_mean_accuracy": -0.6726999878883362, "set_state_time_mean": NaN, "set_state_time_total": 0.0, "setup_model_time_mean": NaN, "setup_model_time_total": 0.0, "setup_proc_time_mean": NaN, "setup_proc_time_total": 0.0, "train_accuracy": 0.6675800085067749, "train_loss": 0.930451302986145, "training_time_mean": NaN, "training_time_total": 0.0, "val_accuracy": 0.6726999878883362, "val_loss": 0.9273806887626648, "validation_time_mean": NaN, "validation_time_total": 0.0, "samples": 60000, "num_workers": 1, "done": false, "timesteps_total": null, "episodes_total": null, "training_iteration": 26, "neg_mean_loss": -0.9873993353843689, "experiment_id": "f5e721f34c6746698d4b8b59af27edc4", "date": "2019-06-03_03-51-50", "timestamp": 1559559110, "time_this_iter_s": 40.61941719055176, "time_total_s": 1068.3421545028687, "pid": 13433, "hostname": "steropes", "node_ip": "169.229.49.254", "config": {"starting_lr": 0.001, "momentum": 0.9, "weight_decay": 0.005, "steps_per_iteration": null, "pin": false, "model_creator": null, "target_batch_size": 128, "model_string": "resnet50", "min_batch_size": 128, "dataset": "CIFAR", "placement": null, "use_nccl": true, "devices_per_worker": 1, "primary_resource": "extra_gpu", "gpu": false, "verbose": false, "lr_config": {"mode": "log", "steps": 5, "initial_lr": 0.001, "target_lr": 0.001}, "batch_per_device": 128}, "time_since_restore": 1068.3421545028687, "timesteps_since_restore": 0, "iterations_since_restore": 26, "mean_throughput": 1473.5753460170993, "atoms": 1, "setup_time": 12.891346216201782}
{"apply": 0.017693233489990235, "batch_time": 0.03217607510240772, "d2h": 0.0006613969802856445, "data_time": 0.0018708358335373042, "fwd": 0.02797846794128418, "get_state_time_mean": NaN, "get_state_time_total": 0.0, "grad": 0.04777181148529053, "mean_accuracy": 0.657699978351593, "mean_loss": 0.9658596315956116, "neg_mean_accuracy": -0.6757999658584595, "set_state_time_mean": NaN, "set_state_time_total": 0.0, "setup_model_time_mean": NaN, "setup_model_time_total": 0.0, "setup_proc_time_mean": NaN, "setup_proc_time_total": 0.0, "train_accuracy": 0.6757599711418152, "train_loss": 0.9061753517913819, "training_time_mean": NaN, "training_time_total": 0.0, "val_accuracy": 0.6757999658584595, "val_loss": 0.9240443738937378, "validation_time_mean": NaN, "validation_time_total": 0.0, "samples": 60000, "num_workers": 1, "done": false, "timesteps_total": null, "episodes_total": null, "training_iteration": 27, "neg_mean_loss": -0.9658596315956116, "experiment_id": "f5e721f34c6746698d4b8b59af27edc4", "date": "2019-06-03_03-52-30", "timestamp": 1559559150, "time_this_iter_s": 40.64991044998169, "time_total_s": 1108.9920649528503, "pid": 13433, "hostname": "steropes", "node_ip": "169.229.49.254", "config": {"starting_lr": 0.001, "momentum": 0.9, "weight_decay": 0.005, "steps_per_iteration": null, "pin": false, "model_creator": null, "target_batch_size": 128, "model_string": "resnet50", "min_batch_size": 128, "dataset": "CIFAR", "placement": null, "use_nccl": true, "devices_per_worker": 1, "primary_resource": "extra_gpu", "gpu": false, "verbose": false, "lr_config": {"mode": "log", "steps": 5, "initial_lr": 0.001, "target_lr": 0.001}, "batch_per_device": 128}, "time_since_restore": 1108.9920649528503, "timesteps_since_restore": 0, "iterations_since_restore": 27, "mean_throughput": 1474.154978798784, "atoms": 1, "setup_time": 12.891346216201782}
{"apply": 0.01797513961791992, "batch_time": 0.031979419008086, "d2h": 0.0006433486938476563, "data_time": 0.0017814563058526315, "fwd": 0.028027033805847167, "get_state_time_mean": NaN, "get_state_time_total": 0.0, "grad": 0.04787447452545166, "mean_accuracy": 0.6657999753952026, "mean_loss": 0.9461838412475586, "neg_mean_accuracy": -0.6816999912261963, "set_state_time_mean": NaN, "set_state_time_total": 0.0, "setup_model_time_mean": NaN, "setup_model_time_total": 0.0, "setup_proc_time_mean": NaN, "setup_proc_time_total": 0.0, "train_accuracy": 0.6863999962806702, "train_loss": 0.8796771768188476, "training_time_mean": NaN, "training_time_total": 0.0, "val_accuracy": 0.6816999912261963, "val_loss": 0.9044516953468322, "validation_time_mean": NaN, "validation_time_total": 0.0, "samples": 60000, "num_workers": 1, "done": false, "timesteps_total": null, "episodes_total": null, "training_iteration": 28, "neg_mean_loss": -0.9461838412475586, "experiment_id": "f5e721f34c6746698d4b8b59af27edc4", "date": "2019-06-03_03-53-11", "timestamp": 1559559191, "time_this_iter_s": 40.740081787109375, "time_total_s": 1149.7321467399597, "pid": 13433, "hostname": "steropes", "node_ip": "169.229.49.254", "config": {"starting_lr": 0.001, "momentum": 0.9, "weight_decay": 0.005, "steps_per_iteration": null, "pin": false, "model_creator": null, "target_batch_size": 128, "model_string": "resnet50", "min_batch_size": 128, "dataset": "CIFAR", "placement": null, "use_nccl": true, "devices_per_worker": 1, "primary_resource": "extra_gpu", "gpu": false, "verbose": false, "lr_config": {"mode": "log", "steps": 5, "initial_lr": 0.001, "target_lr": 0.001}, "batch_per_device": 128}, "time_since_restore": 1149.7321467399597, "timesteps_since_restore": 0, "iterations_since_restore": 28, "mean_throughput": 1474.2866090974594, "atoms": 1, "setup_time": 12.891346216201782}
{"apply": 0.017728424072265624, "batch_time": 0.03167765955381756, "d2h": 0.0006563663482666016, "data_time": 0.0017874917715711668, "fwd": 0.02792356014251709, "get_state_time_mean": NaN, "get_state_time_total": 0.0, "grad": 0.048312950134277347, "mean_accuracy": 0.67461998462677, "mean_loss": 0.924344429912567, "neg_mean_accuracy": -0.6872000098228455, "set_state_time_mean": NaN, "set_state_time_total": 0.0, "setup_model_time_mean": NaN, "setup_model_time_total": 0.0, "setup_proc_time_mean": NaN, "setup_proc_time_total": 0.0, "train_accuracy": 0.6944999694824219, "train_loss": 0.8584838460159302, "training_time_mean": NaN, "training_time_total": 0.0, "val_accuracy": 0.6872000098228455, "val_loss": 0.8913316514968872, "validation_time_mean": NaN, "validation_time_total": 0.0, "samples": 60000, "num_workers": 1, "done": false, "timesteps_total": null, "episodes_total": null, "training_iteration": 29, "neg_mean_loss": -0.924344429912567, "experiment_id": "f5e721f34c6746698d4b8b59af27edc4", "date": "2019-06-03_03-53-52", "timestamp": 1559559232, "time_this_iter_s": 40.8004686832428, "time_total_s": 1190.5326154232025, "pid": 13433, "hostname": "steropes", "node_ip": "169.229.49.254", "config": {"starting_lr": 0.001, "momentum": 0.9, "weight_decay": 0.005, "steps_per_iteration": null, "pin": false, "model_creator": null, "target_batch_size": 128, "model_string": "resnet50", "min_batch_size": 128, "dataset": "CIFAR", "placement": null, "use_nccl": true, "devices_per_worker": 1, "primary_resource": "extra_gpu", "gpu": false, "verbose": false, "lr_config": {"mode": "log", "steps": 5, "initial_lr": 0.001, "target_lr": 0.001}, "batch_per_device": 128}, "time_since_restore": 1190.5326154232025, "timesteps_since_restore": 0, "iterations_since_restore": 29, "mean_throughput": 1473.7055472507027, "atoms": 1, "setup_time": 12.891346216201782}
{"apply": 0.017771053314208984, "batch_time": 0.03199392934388752, "d2h": 0.0007480382919311523, "data_time": 0.0017784855249897598, "fwd": 0.028224968910217287, "get_state_time_mean": NaN, "get_state_time_total": 0.0, "grad": 0.048529839515686034, "mean_accuracy": 0.6819799900054931, "mean_loss": 0.9054514428329469, "neg_mean_accuracy": -0.6924999952316284, "set_state_time_mean": NaN, "set_state_time_total": 0.0, "setup_model_time_mean": NaN, "setup_model_time_total": 0.0, "setup_proc_time_mean": NaN, "setup_proc_time_total": 0.0, "train_accuracy": 0.6967999935150146, "train_loss": 0.8496326587677002, "training_time_mean": NaN, "training_time_total": 0.0, "val_accuracy": 0.6924999952316284, "val_loss": 0.8800488046646118, "validation_time_mean": NaN, "validation_time_total": 0.0, "samples": 60000, "num_workers": 1, "done": false, "timesteps_total": null, "episodes_total": null, "training_iteration": 30, "neg_mean_loss": -0.9054514428329469, "experiment_id": "f5e721f34c6746698d4b8b59af27edc4", "date": "2019-06-03_03-54-33", "timestamp": 1559559273, "time_this_iter_s": 40.86416673660278, "time_total_s": 1231.3967821598053, "pid": 13433, "hostname": "steropes", "node_ip": "169.229.49.254", "config": {"starting_lr": 0.001, "momentum": 0.9, "weight_decay": 0.005, "steps_per_iteration": null, "pin": false, "model_creator": null, "target_batch_size": 128, "model_string": "resnet50", "min_batch_size": 128, "dataset": "CIFAR", "placement": null, "use_nccl": true, "devices_per_worker": 1, "primary_resource": "extra_gpu", "gpu": false, "verbose": false, "lr_config": {"mode": "log", "steps": 5, "initial_lr": 0.001, "target_lr": 0.001}, "batch_per_device": 128}, "time_since_restore": 1231.3967821598053, "timesteps_since_restore": 0, "iterations_since_restore": 30, "mean_throughput": 1472.9388765680483, "atoms": 1, "setup_time": 12.891346216201782}
{"apply": 0.01798419952392578, "batch_time": 0.03187517878375476, "d2h": 0.00066375732421875, "data_time": 0.0018245917756844056, "fwd": 0.028405356407165527, "get_state_time_mean": NaN, "get_state_time_total": 0.0, "grad": 0.04863207340240479, "mean_accuracy": 0.6881999850273133, "mean_loss": 0.8890156492996215, "neg_mean_accuracy": -0.7037999629974365, "set_state_time_mean": NaN, "set_state_time_total": 0.0, "setup_model_time_mean": NaN, "setup_model_time_total": 0.0, "setup_proc_time_mean": NaN, "setup_proc_time_total": 0.0, "train_accuracy": 0.7025399804115295, "train_loss": 0.8293043023300171, "training_time_mean": NaN, "training_time_total": 0.0, "val_accuracy": 0.7037999629974365, "val_loss": 0.8452017210960389, "validation_time_mean": NaN, "validation_time_total": 0.0, "samples": 60000, "num_workers": 1, "done": false, "timesteps_total": null, "episodes_total": null, "training_iteration": 31, "neg_mean_loss": -0.8890156492996215, "experiment_id": "f5e721f34c6746698d4b8b59af27edc4", "date": "2019-06-03_03-55-14", "timestamp": 1559559314, "time_this_iter_s": 40.868897438049316, "time_total_s": 1272.2656795978546, "pid": 13433, "hostname": "steropes", "node_ip": "169.229.49.254", "config": {"starting_lr": 0.001, "momentum": 0.9, "weight_decay": 0.005, "steps_per_iteration": null, "pin": false, "model_creator": null, "target_batch_size": 128, "model_string": "resnet50", "min_batch_size": 128, "dataset": "CIFAR", "placement": null, "use_nccl": true, "devices_per_worker": 1, "primary_resource": "extra_gpu", "gpu": false, "verbose": false, "lr_config": {"mode": "log", "steps": 5, "initial_lr": 0.001, "target_lr": 0.001}, "batch_per_device": 128}, "time_since_restore": 1272.2656795978546, "timesteps_since_restore": 0, "iterations_since_restore": 31, "mean_throughput": 1471.1368851388147, "atoms": 1, "setup_time": 12.891346216201782}
{"apply": 0.017812180519104003, "batch_time": 0.03193476230283327, "d2h": 0.0006641387939453125, "data_time": 0.001782745961338053, "fwd": 0.028177690505981446, "get_state_time_mean": NaN, "get_state_time_total": 0.0, "grad": 0.04913334846496582, "mean_accuracy": 0.6935399889945983, "mean_loss": 0.8759660318756103, "neg_mean_accuracy": -0.7024999856948853, "set_state_time_mean": NaN, "set_state_time_total": 0.0, "setup_model_time_mean": NaN, "setup_model_time_total": 0.0, "setup_proc_time_mean": NaN, "setup_proc_time_total": 0.0, "train_accuracy": 0.7123199701309204, "train_loss": 0.8090157635116577, "training_time_mean": NaN, "training_time_total": 0.0, "val_accuracy": 0.7024999856948853, "val_loss": 0.8587962867736817, "validation_time_mean": NaN, "validation_time_total": 0.0, "samples": 60000, "num_workers": 1, "done": false, "timesteps_total": null, "episodes_total": null, "training_iteration": 32, "neg_mean_loss": -0.8759660318756103, "experiment_id": "f5e721f34c6746698d4b8b59af27edc4", "date": "2019-06-03_03-55-55", "timestamp": 1559559355, "time_this_iter_s": 40.896459341049194, "time_total_s": 1313.1621389389038, "pid": 13433, "hostname": "steropes", "node_ip": "169.229.49.254", "config": {"starting_lr": 0.001, "momentum": 0.9, "weight_decay": 0.005, "steps_per_iteration": null, "pin": false, "model_creator": null, "target_batch_size": 128, "model_string": "resnet50", "min_batch_size": 128, "dataset": "CIFAR", "placement": null, "use_nccl": true, "devices_per_worker": 1, "primary_resource": "extra_gpu", "gpu": false, "verbose": false, "lr_config": {"mode": "log", "steps": 5, "initial_lr": 0.001, "target_lr": 0.001}, "batch_per_device": 128}, "time_since_restore": 1313.1621389389038, "timesteps_since_restore": 0, "iterations_since_restore": 32, "mean_throughput": 1469.3604550872017, "atoms": 1, "setup_time": 12.891346216201782}
{"apply": 0.018382930755615236, "batch_time": 0.03166613397718985, "d2h": 0.0008512020111083984, "data_time": 0.0017898515667147039, "fwd": 0.02902812957763672, "get_state_time_mean": NaN, "get_state_time_total": 0.0, "grad": 0.04822096824645996, "mean_accuracy": 0.7006999850273132, "mean_loss": 0.8571435605239868, "neg_mean_accuracy": -0.7174999713897705, "set_state_time_mean": NaN, "set_state_time_total": 0.0, "setup_model_time_mean": NaN, "setup_model_time_total": 0.0, "setup_proc_time_mean": NaN, "setup_proc_time_total": 0.0, "train_accuracy": 0.7219199538230896, "train_loss": 0.7849852890396118, "training_time_mean": NaN, "training_time_total": 0.0, "val_accuracy": 0.7174999713897705, "val_loss": 0.8103393385887147, "validation_time_mean": NaN, "validation_time_total": 0.0, "samples": 60000, "num_workers": 1, "done": false, "timesteps_total": null, "episodes_total": null, "training_iteration": 33, "neg_mean_loss": -0.8571435605239868, "experiment_id": "f5e721f34c6746698d4b8b59af27edc4", "date": "2019-06-03_03-56-36", "timestamp": 1559559396, "time_this_iter_s": 40.816445112228394, "time_total_s": 1353.9785840511322, "pid": 13433, "hostname": "steropes", "node_ip": "169.229.49.254", "config": {"starting_lr": 0.001, "momentum": 0.9, "weight_decay": 0.005, "steps_per_iteration": null, "pin": false, "model_creator": null, "target_batch_size": 128, "model_string": "resnet50", "min_batch_size": 128, "dataset": "CIFAR", "placement": null, "use_nccl": true, "devices_per_worker": 1, "primary_resource": "extra_gpu", "gpu": false, "verbose": false, "lr_config": {"mode": "log", "steps": 5, "initial_lr": 0.001, "target_lr": 0.001}, "batch_per_device": 128}, "time_since_restore": 1353.9785840511322, "timesteps_since_restore": 0, "iterations_since_restore": 33, "mean_throughput": 1468.8110683148268, "atoms": 1, "setup_time": 12.891346216201782}
{"apply": 0.017713475227355956, "batch_time": 0.03193906590908389, "d2h": 0.0006692886352539062, "data_time": 0.001779685544845698, "fwd": 0.02783055305480957, "get_state_time_mean": NaN, "get_state_time_total": 0.0, "grad": 0.04762468338012695, "mean_accuracy": 0.7057199835777282, "mean_loss": 0.844074298477173, "neg_mean_accuracy": -0.7123000025749207, "set_state_time_mean": NaN, "set_state_time_total": 0.0, "setup_model_time_mean": NaN, "setup_model_time_total": 0.0, "setup_proc_time_mean": NaN, "setup_proc_time_total": 0.0, "train_accuracy": 0.7246599793434143, "train_loss": 0.7732386286926269, "training_time_mean": NaN, "training_time_total": 0.0, "val_accuracy": 0.7123000025749207, "val_loss": 0.8259853412628174, "validation_time_mean": NaN, "validation_time_total": 0.0, "samples": 60000, "num_workers": 1, "done": false, "timesteps_total": null, "episodes_total": null, "training_iteration": 34, "neg_mean_loss": -0.844074298477173, "experiment_id": "f5e721f34c6746698d4b8b59af27edc4", "date": "2019-06-03_03-57-16", "timestamp": 1559559436, "time_this_iter_s": 40.81691122055054, "time_total_s": 1394.7954952716827, "pid": 13433, "hostname": "steropes", "node_ip": "169.229.49.254", "config": {"starting_lr": 0.001, "momentum": 0.9, "weight_decay": 0.005, "steps_per_iteration": null, "pin": false, "model_creator": null, "target_batch_size": 128, "model_string": "resnet50", "min_batch_size": 128, "dataset": "CIFAR", "placement": null, "use_nccl": true, "devices_per_worker": 1, "primary_resource": "extra_gpu", "gpu": false, "verbose": false, "lr_config": {"mode": "log", "steps": 5, "initial_lr": 0.001, "target_lr": 0.001}, "batch_per_device": 128}, "time_since_restore": 1394.7954952716827, "timesteps_since_restore": 0, "iterations_since_restore": 34, "mean_throughput": 1468.6927805975595, "atoms": 1, "setup_time": 12.891346216201782}
{"apply": 0.01780247688293457, "batch_time": 0.03198605247690708, "d2h": 0.0006635665893554687, "data_time": 0.0017976273051308245, "fwd": 0.028116440773010253, "get_state_time_mean": NaN, "get_state_time_total": 0.0, "grad": 0.04861760139465332, "mean_accuracy": 0.712559986114502, "mean_loss": 0.8266780601119995, "neg_mean_accuracy": -0.7267000079154968, "set_state_time_mean": NaN, "set_state_time_total": 0.0, "setup_model_time_mean": NaN, "setup_model_time_total": 0.0, "setup_proc_time_mean": NaN, "setup_proc_time_total": 0.0, "train_accuracy": 0.7322799563407898, "train_loss": 0.7524551594352722, "training_time_mean": NaN, "training_time_total": 0.0, "val_accuracy": 0.7267000079154968, "val_loss": 0.7930676128387452, "validation_time_mean": NaN, "validation_time_total": 0.0, "samples": 60000, "num_workers": 1, "done": false, "timesteps_total": null, "episodes_total": null, "training_iteration": 35, "neg_mean_loss": -0.8266780601119995, "experiment_id": "f5e721f34c6746698d4b8b59af27edc4", "date": "2019-06-03_03-57-57", "timestamp": 1559559477, "time_this_iter_s": 41.01138949394226, "time_total_s": 1435.806884765625, "pid": 13433, "hostname": "steropes", "node_ip": "169.229.49.254", "config": {"starting_lr": 0.001, "momentum": 0.9, "weight_decay": 0.005, "steps_per_iteration": null, "pin": false, "model_creator": null, "target_batch_size": 128, "model_string": "resnet50", "min_batch_size": 128, "dataset": "CIFAR", "placement": null, "use_nccl": true, "devices_per_worker": 1, "primary_resource": "extra_gpu", "gpu": false, "verbose": false, "lr_config": {"mode": "log", "steps": 5, "initial_lr": 0.001, "target_lr": 0.001}, "batch_per_device": 128}, "time_since_restore": 1435.806884765625, "timesteps_since_restore": 0, "iterations_since_restore": 35, "mean_throughput": 1467.6345204917561, "atoms": 1, "setup_time": 12.891346216201782}
{"apply": 0.017879891395568847, "batch_time": 0.03198433525954621, "d2h": 0.000666046142578125, "data_time": 0.0018111848465317045, "fwd": 0.028056764602661134, "get_state_time_mean": NaN, "get_state_time_total": 0.0, "grad": 0.04759805202484131, "mean_accuracy": 0.7170199871063232, "mean_loss": 0.8170301856040956, "neg_mean_accuracy": -0.726099967956543, "set_state_time_mean": NaN, "set_state_time_total": 0.0, "setup_model_time_mean": NaN, "setup_model_time_total": 0.0, "setup_proc_time_mean": NaN, "setup_proc_time_total": 0.0, "train_accuracy": 0.7373799681663513, "train_loss": 0.7358690705299378, "training_time_mean": NaN, "training_time_total": 0.0, "val_accuracy": 0.726099967956543, "val_loss": 0.7969623485565186, "validation_time_mean": NaN, "validation_time_total": 0.0, "samples": 60000, "num_workers": 1, "done": false, "timesteps_total": null, "episodes_total": null, "training_iteration": 36, "neg_mean_loss": -0.8170301856040956, "experiment_id": "f5e721f34c6746698d4b8b59af27edc4", "date": "2019-06-03_03-58-38", "timestamp": 1559559518, "time_this_iter_s": 40.869176626205444, "time_total_s": 1476.6760613918304, "pid": 13433, "hostname": "steropes", "node_ip": "169.229.49.254", "config": {"starting_lr": 0.001, "momentum": 0.9, "weight_decay": 0.005, "steps_per_iteration": null, "pin": false, "model_creator": null, "target_batch_size": 128, "model_string": "resnet50", "min_batch_size": 128, "dataset": "CIFAR", "placement": null, "use_nccl": true, "devices_per_worker": 1, "primary_resource": "extra_gpu", "gpu": false, "verbose": false, "lr_config": {"mode": "log", "steps": 5, "initial_lr": 0.001, "target_lr": 0.001}, "batch_per_device": 128}, "time_since_restore": 1476.6760613918304, "timesteps_since_restore": 0, "iterations_since_restore": 36, "mean_throughput": 1467.6325108336484, "atoms": 1, "setup_time": 12.891346216201782}
{"apply": 0.017589592933654787, "batch_time": 0.03196232831930813, "d2h": 0.0006644010543823242, "data_time": 0.0017910747576857467, "fwd": 0.02800896167755127, "get_state_time_mean": NaN, "get_state_time_total": 0.0, "grad": 0.048231101036071776, "mean_accuracy": 0.7215199828147888, "mean_loss": 0.8024682729339601, "neg_mean_accuracy": -0.7249999642372131, "set_state_time_mean": NaN, "set_state_time_total": 0.0, "setup_model_time_mean": NaN, "setup_model_time_total": 0.0, "setup_proc_time_mean": NaN, "setup_proc_time_total": 0.0, "train_accuracy": 0.7420600056648254, "train_loss": 0.7223605346488953, "training_time_mean": NaN, "training_time_total": 0.0, "val_accuracy": 0.7249999642372131, "val_loss": 0.7859867234230041, "validation_time_mean": NaN, "validation_time_total": 0.0, "samples": 60000, "num_workers": 1, "done": false, "timesteps_total": null, "episodes_total": null, "training_iteration": 37, "neg_mean_loss": -0.8024682729339601, "experiment_id": "f5e721f34c6746698d4b8b59af27edc4", "date": "2019-06-03_03-59-19", "timestamp": 1559559559, "time_this_iter_s": 40.83919286727905, "time_total_s": 1517.5152542591095, "pid": 13433, "hostname": "steropes", "node_ip": "169.229.49.254", "config": {"starting_lr": 0.001, "momentum": 0.9, "weight_decay": 0.005, "steps_per_iteration": null, "pin": false, "model_creator": null, "target_batch_size": 128, "model_string": "resnet50", "min_batch_size": 128, "dataset": "CIFAR", "placement": null, "use_nccl": true, "devices_per_worker": 1, "primary_resource": "extra_gpu", "gpu": false, "verbose": false, "lr_config": {"mode": "log", "steps": 5, "initial_lr": 0.001, "target_lr": 0.001}, "batch_per_device": 128}, "time_since_restore": 1517.5152542591095, "timesteps_since_restore": 0, "iterations_since_restore": 37, "mean_throughput": 1468.0436107460755, "atoms": 1, "setup_time": 12.891346216201782}
{"apply": 0.01789252758026123, "batch_time": 0.031978537764730336, "d2h": 0.0006737709045410156, "data_time": 0.0018246698257563365, "fwd": 0.02834014892578125, "get_state_time_mean": NaN, "get_state_time_total": 0.0, "grad": 0.047840118408203125, "mean_accuracy": 0.7249399900436402, "mean_loss": 0.7927848941802977, "neg_mean_accuracy": -0.7346000075340271, "set_state_time_mean": NaN, "set_state_time_total": 0.0, "setup_model_time_mean": NaN, "setup_model_time_total": 0.0, "setup_proc_time_mean": NaN, "setup_proc_time_total": 0.0, "train_accuracy": 0.7483800053596497, "train_loss": 0.7103503276443481, "training_time_mean": NaN, "training_time_total": 0.0, "val_accuracy": 0.7346000075340271, "val_loss": 0.761922444820404, "validation_time_mean": NaN, "validation_time_total": 0.0, "samples": 60000, "num_workers": 1, "done": false, "timesteps_total": null, "episodes_total": null, "training_iteration": 38, "neg_mean_loss": -0.7927848941802977, "experiment_id": "f5e721f34c6746698d4b8b59af27edc4", "date": "2019-06-03_04-00-00", "timestamp": 1559559600, "time_this_iter_s": 40.8916757106781, "time_total_s": 1558.4069299697876, "pid": 13433, "hostname": "steropes", "node_ip": "169.229.49.254", "config": {"starting_lr": 0.001, "momentum": 0.9, "weight_decay": 0.005, "steps_per_iteration": null, "pin": false, "model_creator": null, "target_batch_size": 128, "model_string": "resnet50", "min_batch_size": 128, "dataset": "CIFAR", "placement": null, "use_nccl": true, "devices_per_worker": 1, "primary_resource": "extra_gpu", "gpu": false, "verbose": false, "lr_config": {"mode": "log", "steps": 5, "initial_lr": 0.001, "target_lr": 0.001}, "batch_per_device": 128}, "time_since_restore": 1558.4069299697876, "timesteps_since_restore": 0, "iterations_since_restore": 38, "mean_throughput": 1467.5034129606238, "atoms": 1, "setup_time": 12.891346216201782}
{"apply": 0.017764830589294435, "batch_time": 0.03217268593703644, "d2h": 0.0006774663925170898, "data_time": 0.001826698517860354, "fwd": 0.028072476387023926, "get_state_time_mean": NaN, "get_state_time_total": 0.0, "grad": 0.04773943424224854, "mean_accuracy": 0.7294599890708924, "mean_loss": 0.7836465088081359, "neg_mean_accuracy": -0.7348999977111816, "set_state_time_mean": NaN, "set_state_time_total": 0.0, "setup_model_time_mean": NaN, "setup_model_time_total": 0.0, "setup_proc_time_mean": NaN, "setup_proc_time_total": 0.0, "train_accuracy": 0.7533599734306335, "train_loss": 0.6943391093444824, "training_time_mean": NaN, "training_time_total": 0.0, "val_accuracy": 0.7348999977111816, "val_loss": 0.7802934144020081, "validation_time_mean": NaN, "validation_time_total": 0.0, "samples": 60000, "num_workers": 1, "done": false, "timesteps_total": null, "episodes_total": null, "training_iteration": 39, "neg_mean_loss": -0.7836465088081359, "experiment_id": "f5e721f34c6746698d4b8b59af27edc4", "date": "2019-06-03_04-00-41", "timestamp": 1559559641, "time_this_iter_s": 41.007651567459106, "time_total_s": 1599.4145815372467, "pid": 13433, "hostname": "steropes", "node_ip": "169.229.49.254", "config": {"starting_lr": 0.001, "momentum": 0.9, "weight_decay": 0.005, "steps_per_iteration": null, "pin": false, "model_creator": null, "target_batch_size": 128, "model_string": "resnet50", "min_batch_size": 128, "dataset": "CIFAR", "placement": null, "use_nccl": true, "devices_per_worker": 1, "primary_resource": "extra_gpu", "gpu": false, "verbose": false, "lr_config": {"mode": "log", "steps": 5, "initial_lr": 0.001, "target_lr": 0.001}, "batch_per_device": 128}, "time_since_restore": 1599.4145815372467, "timesteps_since_restore": 0, "iterations_since_restore": 39, "mean_throughput": 1466.1354835691786, "atoms": 1, "setup_time": 12.891346216201782}
{"apply": 0.01783568859100342, "batch_time": 0.03193415871149377, "d2h": 0.0006690263748168945, "data_time": 0.0017893497291428353, "fwd": 0.028531885147094725, "get_state_time_mean": NaN, "get_state_time_total": 0.0, "grad": 0.04777047634124756, "mean_accuracy": 0.7303199887275695, "mean_loss": 0.7805465856933594, "neg_mean_accuracy": -0.7310000061988831, "set_state_time_mean": NaN, "set_state_time_total": 0.0, "setup_model_time_mean": NaN, "setup_model_time_total": 0.0, "setup_proc_time_mean": NaN, "setup_proc_time_total": 0.0, "train_accuracy": 0.7589799761772156, "train_loss": 0.677732926902771, "training_time_mean": NaN, "training_time_total": 0.0, "val_accuracy": 0.7310000061988831, "val_loss": 0.777567997264862, "validation_time_mean": NaN, "validation_time_total": 0.0, "samples": 60000, "num_workers": 1, "done": false, "timesteps_total": null, "episodes_total": null, "training_iteration": 40, "neg_mean_loss": -0.7805465856933594, "experiment_id": "f5e721f34c6746698d4b8b59af27edc4", "date": "2019-06-03_04-01-22", "timestamp": 1559559682, "time_this_iter_s": 40.89342260360718, "time_total_s": 1640.3080041408539, "pid": 13433, "hostname": "steropes", "node_ip": "169.229.49.254", "config": {"starting_lr": 0.001, "momentum": 0.9, "weight_decay": 0.005, "steps_per_iteration": null, "pin": false, "model_creator": null, "target_batch_size": 128, "model_string": "resnet50", "min_batch_size": 128, "dataset": "CIFAR", "placement": null, "use_nccl": true, "devices_per_worker": 1, "primary_resource": "extra_gpu", "gpu": false, "verbose": false, "lr_config": {"mode": "log", "steps": 5, "initial_lr": 0.001, "target_lr": 0.001}, "batch_per_device": 128}, "time_since_restore": 1640.3080041408539, "timesteps_since_restore": 0, "iterations_since_restore": 40, "mean_throughput": 1466.9816302023446, "atoms": 1, "setup_time": 12.891346216201782}
{"apply": 0.018078875541687012, "batch_time": 0.031849713265141355, "d2h": 0.0006778478622436523, "data_time": 0.001839193846563549, "fwd": 0.028351521492004393, "get_state_time_mean": NaN, "get_state_time_total": 0.0, "grad": 0.04893560409545898, "mean_accuracy": 0.7340999960899353, "mean_loss": 0.7689318449783326, "neg_mean_accuracy": -0.7450000047683716, "set_state_time_mean": NaN, "set_state_time_total": 0.0, "setup_model_time_mean": NaN, "setup_model_time_total": 0.0, "setup_proc_time_mean": NaN, "setup_proc_time_total": 0.0, "train_accuracy": 0.765019953250885, "train_loss": 0.666860596485138, "training_time_mean": NaN, "training_time_total": 0.0, "val_accuracy": 0.7450000047683716, "val_loss": 0.7388886449813843, "validation_time_mean": NaN, "validation_time_total": 0.0, "samples": 60000, "num_workers": 1, "done": false, "timesteps_total": null, "episodes_total": null, "training_iteration": 41, "neg_mean_loss": -0.7689318449783326, "experiment_id": "f5e721f34c6746698d4b8b59af27edc4", "date": "2019-06-03_04-02-03", "timestamp": 1559559723, "time_this_iter_s": 40.941251039505005, "time_total_s": 1681.249255180359, "pid": 13433, "hostname": "steropes", "node_ip": "169.229.49.254", "config": {"starting_lr": 0.001, "momentum": 0.9, "weight_decay": 0.005, "steps_per_iteration": null, "pin": false, "model_creator": null, "target_batch_size": 128, "model_string": "resnet50", "min_batch_size": 128, "dataset": "CIFAR", "placement": null, "use_nccl": true, "devices_per_worker": 1, "primary_resource": "extra_gpu", "gpu": false, "verbose": false, "lr_config": {"mode": "log", "steps": 5, "initial_lr": 0.001, "target_lr": 0.001}, "batch_per_device": 128}, "time_since_restore": 1681.249255180359, "timesteps_since_restore": 0, "iterations_since_restore": 41, "mean_throughput": 1466.4648208956917, "atoms": 1, "setup_time": 12.891346216201782}
{"apply": 0.017794132232666016, "batch_time": 0.03209624712980246, "d2h": 0.0006766080856323242, "data_time": 0.0019136725179374676, "fwd": 0.02781400680541992, "get_state_time_mean": NaN, "get_state_time_total": 0.0, "grad": 0.04819929599761963, "mean_accuracy": 0.7361199975013732, "mean_loss": 0.7692528528022765, "neg_mean_accuracy": -0.7350999712944031, "set_state_time_mean": NaN, "set_state_time_total": 0.0, "setup_model_time_mean": NaN, "setup_model_time_total": 0.0, "setup_proc_time_mean": NaN, "setup_proc_time_total": 0.0, "train_accuracy": 0.770639955997467, "train_loss": 0.650047223701477, "training_time_mean": NaN, "training_time_total": 0.0, "val_accuracy": 0.7350999712944031, "val_loss": 0.7875917625427246, "validation_time_mean": NaN, "validation_time_total": 0.0, "samples": 60000, "num_workers": 1, "done": false, "timesteps_total": null, "episodes_total": null, "training_iteration": 42, "neg_mean_loss": -0.7692528528022765, "experiment_id": "f5e721f34c6746698d4b8b59af27edc4", "date": "2019-06-03_04-02-44", "timestamp": 1559559764, "time_this_iter_s": 40.87359285354614, "time_total_s": 1722.122848033905, "pid": 13433, "hostname": "steropes", "node_ip": "169.229.49.254", "config": {"starting_lr": 0.001, "momentum": 0.9, "weight_decay": 0.005, "steps_per_iteration": null, "pin": false, "model_creator": null, "target_batch_size": 128, "model_string": "resnet50", "min_batch_size": 128, "dataset": "CIFAR", "placement": null, "use_nccl": true, "devices_per_worker": 1, "primary_resource": "extra_gpu", "gpu": false, "verbose": false, "lr_config": {"mode": "log", "steps": 5, "initial_lr": 0.001, "target_lr": 0.001}, "batch_per_device": 128}, "time_since_restore": 1722.122848033905, "timesteps_since_restore": 0, "iterations_since_restore": 42, "mean_throughput": 1466.2184455753659, "atoms": 1, "setup_time": 12.891346216201782}
{"apply": 0.017787814140319824, "batch_time": 0.03250595587718336, "d2h": 0.0006579875946044922, "data_time": 0.0018402524006641125, "fwd": 0.02792634963989258, "get_state_time_mean": NaN, "get_state_time_total": 0.0, "grad": 0.04884014129638672, "mean_accuracy": 0.7377999901771546, "mean_loss": 0.7683514928627014, "neg_mean_accuracy": -0.7429999709129333, "set_state_time_mean": NaN, "set_state_time_total": 0.0, "setup_model_time_mean": NaN, "setup_model_time_total": 0.0, "setup_proc_time_mean": NaN, "setup_proc_time_total": 0.0, "train_accuracy": 0.7724599838256836, "train_loss": 0.6408014352226258, "training_time_mean": NaN, "training_time_total": 0.0, "val_accuracy": 0.7429999709129333, "val_loss": 0.7574156451225281, "validation_time_mean": NaN, "validation_time_total": 0.0, "samples": 60000, "num_workers": 1, "done": false, "timesteps_total": null, "episodes_total": null, "training_iteration": 43, "neg_mean_loss": -0.7683514928627014, "experiment_id": "f5e721f34c6746698d4b8b59af27edc4", "date": "2019-06-03_04-03-25", "timestamp": 1559559805, "time_this_iter_s": 40.980626583099365, "time_total_s": 1763.1034746170044, "pid": 13433, "hostname": "steropes", "node_ip": "169.229.49.254", "config": {"starting_lr": 0.001, "momentum": 0.9, "weight_decay": 0.005, "steps_per_iteration": null, "pin": false, "model_creator": null, "target_batch_size": 128, "model_string": "resnet50", "min_batch_size": 128, "dataset": "CIFAR", "placement": null, "use_nccl": true, "devices_per_worker": 1, "primary_resource": "extra_gpu", "gpu": false, "verbose": false, "lr_config": {"mode": "log", "steps": 5, "initial_lr": 0.001, "target_lr": 0.001}, "batch_per_device": 128}, "time_since_restore": 1763.1034746170044, "timesteps_since_restore": 0, "iterations_since_restore": 43, "mean_throughput": 1465.5812640886725, "atoms": 1, "setup_time": 12.891346216201782}
