{"apply": 0.016946244239807128, "batch_time": 0.04401540756225586, "d2h": 0.0006773710250854492, "data_time": 0.0018351657311324878, "fwd": 0.1774048089981079, "get_state_time_mean": NaN, "get_state_time_total": 0.0, "grad": 0.23386106491088868, "mean_accuracy": 0.09999999403953552, "mean_loss": 2.762909367752075, "neg_mean_accuracy": -0.09999999403953552, "set_state_time_mean": NaN, "set_state_time_total": 0.0, "setup_model_time_mean": 22.420985221862793, "setup_model_time_total": 22.420985221862793, "setup_proc_time_mean": 1.8515536785125732, "setup_proc_time_total": 1.8515536785125732, "train_accuracy": 0.12967999279499054, "train_loss": 4.554982152709961, "training_time_mean": NaN, "training_time_total": 0.0, "val_accuracy": 0.09999999403953552, "val_loss": 2.762909367752075, "validation_time_mean": NaN, "validation_time_total": 0.0, "samples": 60000, "num_workers": 1, "done": false, "timesteps_total": null, "episodes_total": null, "training_iteration": 1, "neg_mean_loss": -2.762909367752075, "experiment_id": "acb88461c4724c44a2372a6176698140", "date": "2019-06-06_13-16-49", "timestamp": 1559852209, "time_this_iter_s": 47.683255672454834, "time_total_s": 47.683255672454834, "pid": 11385, "hostname": "steropes", "node_ip": "169.229.49.254", "config": {"starting_lr": 0.5, "momentum": 0.95, "weight_decay": 0.0005, "steps_per_iteration": null, "pin": false, "model_creator": null, "target_batch_size": 128, "model_string": "resnet50", "min_batch_size": 128, "dataset": "CIFAR", "placement": null, "use_nccl": true, "devices_per_worker": 1, "primary_resource": "extra_gpu", "gpu": false, "verbose": false, "lr_config": {"mode": "log", "steps": 5, "initial_lr": 0.5, "target_lr": 0.5}, "batch_per_device": 128}, "time_since_restore": 47.683255672454834, "timesteps_since_restore": 0, "iterations_since_restore": 1, "mean_throughput": 1258.3012223692363, "atoms": 1, "setup_time": 25.903189659118652}
{"apply": 0.01676011085510254, "batch_time": 0.030918190750894668, "d2h": 0.0006982326507568359, "data_time": 0.0017526369265583165, "fwd": 0.027231788635253905, "get_state_time_mean": NaN, "get_state_time_total": 0.0, "grad": 0.04734666347503662, "mean_accuracy": 0.12509999424219131, "mean_loss": 2.610509745597839, "neg_mean_accuracy": -0.1501999944448471, "set_state_time_mean": NaN, "set_state_time_total": 0.0, "setup_model_time_mean": NaN, "setup_model_time_total": 0.0, "setup_proc_time_mean": NaN, "setup_proc_time_total": 0.0, "train_accuracy": 0.1819399893283844, "train_loss": 2.1630262931060793, "training_time_mean": NaN, "training_time_total": 0.0, "val_accuracy": 0.1501999944448471, "val_loss": 2.4581101234436034, "validation_time_mean": NaN, "validation_time_total": 0.0, "samples": 60000, "num_workers": 1, "done": false, "timesteps_total": null, "episodes_total": null, "training_iteration": 2, "neg_mean_loss": -2.610509745597839, "experiment_id": "acb88461c4724c44a2372a6176698140", "date": "2019-06-06_13-17-29", "timestamp": 1559852249, "time_this_iter_s": 39.912100076675415, "time_total_s": 87.59535574913025, "pid": 11385, "hostname": "steropes", "node_ip": "169.229.49.254", "config": {"starting_lr": 0.5, "momentum": 0.95, "weight_decay": 0.0005, "steps_per_iteration": null, "pin": false, "model_creator": null, "target_batch_size": 128, "model_string": "resnet50", "min_batch_size": 128, "dataset": "CIFAR", "placement": null, "use_nccl": true, "devices_per_worker": 1, "primary_resource": "extra_gpu", "gpu": false, "verbose": false, "lr_config": {"mode": "log", "steps": 5, "initial_lr": 0.5, "target_lr": 0.5}, "batch_per_device": 128}, "time_since_restore": 87.59535574913025, "timesteps_since_restore": 0, "iterations_since_restore": 2, "mean_throughput": 1369.9291475866005, "atoms": 1, "setup_time": 25.903189659118652}
{"apply": 0.01716475486755371, "batch_time": 0.03163319599779346, "d2h": 0.0007566928863525391, "data_time": 0.0017913601282612442, "fwd": 0.02884058952331543, "get_state_time_mean": NaN, "get_state_time_total": 0.0, "grad": 0.04694817066192627, "mean_accuracy": 0.13673332830270132, "mean_loss": 2.4761496051788328, "neg_mean_accuracy": -0.1599999964237213, "set_state_time_mean": NaN, "set_state_time_total": 0.0, "setup_model_time_mean": NaN, "setup_model_time_total": 0.0, "setup_proc_time_mean": NaN, "setup_proc_time_total": 0.0, "train_accuracy": 0.20825999975204468, "train_loss": 2.06908206741333, "training_time_mean": NaN, "training_time_total": 0.0, "val_accuracy": 0.1599999964237213, "val_loss": 2.2074293243408203, "validation_time_mean": NaN, "validation_time_total": 0.0, "samples": 60000, "num_workers": 1, "done": true, "timesteps_total": null, "episodes_total": null, "training_iteration": 3, "neg_mean_loss": -2.4761496051788328, "experiment_id": "acb88461c4724c44a2372a6176698140", "date": "2019-06-06_13-18-09", "timestamp": 1559852289, "time_this_iter_s": 39.82323098182678, "time_total_s": 127.41858673095703, "pid": 11385, "hostname": "steropes", "node_ip": "169.229.49.254", "config": {"starting_lr": 0.5, "momentum": 0.95, "weight_decay": 0.0005, "steps_per_iteration": null, "pin": false, "model_creator": null, "target_batch_size": 128, "model_string": "resnet50", "min_batch_size": 128, "dataset": "CIFAR", "placement": null, "use_nccl": true, "devices_per_worker": 1, "primary_resource": "extra_gpu", "gpu": false, "verbose": false, "lr_config": {"mode": "log", "steps": 5, "initial_lr": 0.5, "target_lr": 0.5}, "batch_per_device": 128}, "time_since_restore": 127.41858673095703, "timesteps_since_restore": 0, "iterations_since_restore": 3, "mean_throughput": 1412.661264121077, "atoms": 1, "setup_time": 25.903189659118652}
