{"apply": 0.01814265251159668, "batch_time": 0.042764334739009036, "d2h": 0.0006732702255249024, "data_time": 0.0019257678400220165, "fwd": 0.12002878189086914, "get_state_time_mean": NaN, "get_state_time_total": 0.0, "grad": 0.16979212760925294, "mean_accuracy": 0.10029999911785126, "mean_loss": 2.396456407546997, "neg_mean_accuracy": -0.10029999911785126, "set_state_time_mean": NaN, "set_state_time_total": 0.0, "setup_model_time_mean": 8.945894241333008, "setup_model_time_total": 8.945894241333008, "setup_proc_time_mean": 1.1081838607788086, "setup_proc_time_total": 1.1081838607788086, "train_accuracy": 0.09882000088691711, "train_loss": 4.147824562683105, "training_time_mean": NaN, "training_time_total": 0.0, "val_accuracy": 0.10029999911785126, "val_loss": 2.396456407546997, "validation_time_mean": NaN, "validation_time_total": 0.0, "samples": 60000, "num_workers": 1, "done": false, "timesteps_total": null, "episodes_total": null, "training_iteration": 1, "neg_mean_loss": -2.396456407546997, "experiment_id": "66b6f67768c9442f984a72dc1149eac7", "date": "2019-06-03_22-17-45", "timestamp": 1559625465, "time_this_iter_s": 46.64328575134277, "time_total_s": 46.64328575134277, "pid": 16885, "hostname": "steropes", "node_ip": "169.229.49.254", "config": {"starting_lr": 0.5, "momentum": 0.95, "weight_decay": 0.0001, "steps_per_iteration": null, "pin": false, "model_creator": null, "target_batch_size": 128, "model_string": "resnet50", "min_batch_size": 128, "dataset": "CIFAR", "placement": null, "use_nccl": true, "devices_per_worker": 1, "primary_resource": "extra_gpu", "gpu": false, "verbose": false, "lr_config": {"mode": "log", "steps": 5, "initial_lr": 0.5, "target_lr": 0.5}, "batch_per_device": 128}, "time_since_restore": 46.64328575134277, "timesteps_since_restore": 0, "iterations_since_restore": 1, "mean_throughput": 1286.354838122183, "atoms": 1, "setup_time": 10.160745859146118}
{"apply": 0.01864347457885742, "batch_time": 0.032599563840069345, "d2h": 0.0007047653198242188, "data_time": 0.0019373046162793094, "fwd": 0.028836989402770997, "get_state_time_mean": NaN, "get_state_time_total": 0.0, "grad": 0.04828810691833496, "mean_accuracy": 0.10019999742507935, "mean_loss": 2.3586402408599856, "neg_mean_accuracy": -0.10009999573230743, "set_state_time_mean": NaN, "set_state_time_total": 0.0, "setup_model_time_mean": NaN, "setup_model_time_total": 0.0, "setup_proc_time_mean": NaN, "setup_proc_time_total": 0.0, "train_accuracy": 0.0987199991941452, "train_loss": 2.3360533836364747, "training_time_mean": NaN, "training_time_total": 0.0, "val_accuracy": 0.10009999573230743, "val_loss": 2.3208240741729735, "validation_time_mean": NaN, "validation_time_total": 0.0, "samples": 60000, "num_workers": 1, "done": false, "timesteps_total": null, "episodes_total": null, "training_iteration": 2, "neg_mean_loss": -2.3586402408599856, "experiment_id": "66b6f67768c9442f984a72dc1149eac7", "date": "2019-06-03_22-18-26", "timestamp": 1559625506, "time_this_iter_s": 41.193352699279785, "time_total_s": 87.83663845062256, "pid": 16885, "hostname": "steropes", "node_ip": "169.229.49.254", "config": {"starting_lr": 0.5, "momentum": 0.95, "weight_decay": 0.0001, "steps_per_iteration": null, "pin": false, "model_creator": null, "target_batch_size": 128, "model_string": "resnet50", "min_batch_size": 128, "dataset": "CIFAR", "placement": null, "use_nccl": true, "devices_per_worker": 1, "primary_resource": "extra_gpu", "gpu": false, "verbose": false, "lr_config": {"mode": "log", "steps": 5, "initial_lr": 0.5, "target_lr": 0.5}, "batch_per_device": 128}, "time_since_restore": 87.83663845062256, "timesteps_since_restore": 0, "iterations_since_restore": 2, "mean_throughput": 1366.1690556782737, "atoms": 1, "setup_time": 10.160745859146118}
{"apply": 0.01785752773284912, "batch_time": 0.032055094272275514, "d2h": 0.0007108211517333985, "data_time": 0.001870852906990539, "fwd": 0.02885265350341797, "get_state_time_mean": NaN, "get_state_time_total": 0.0, "grad": 0.04838528633117676, "mean_accuracy": 0.10016666352748871, "mean_loss": 2.3486223233540855, "neg_mean_accuracy": -0.10009999573230743, "set_state_time_mean": NaN, "set_state_time_total": 0.0, "setup_model_time_mean": NaN, "setup_model_time_total": 0.0, "setup_proc_time_mean": NaN, "setup_proc_time_total": 0.0, "train_accuracy": 0.1017799973487854, "train_loss": 2.3319745755004884, "training_time_mean": NaN, "training_time_total": 0.0, "val_accuracy": 0.10009999573230743, "val_loss": 2.3285864883422853, "validation_time_mean": NaN, "validation_time_total": 0.0, "samples": 60000, "num_workers": 1, "done": true, "timesteps_total": null, "episodes_total": null, "training_iteration": 3, "neg_mean_loss": -2.3486223233540855, "experiment_id": "66b6f67768c9442f984a72dc1149eac7", "date": "2019-06-03_22-19-07", "timestamp": 1559625547, "time_this_iter_s": 40.90942049026489, "time_total_s": 128.74605894088745, "pid": 16885, "hostname": "steropes", "node_ip": "169.229.49.254", "config": {"starting_lr": 0.5, "momentum": 0.95, "weight_decay": 0.0001, "steps_per_iteration": null, "pin": false, "model_creator": null, "target_batch_size": 128, "model_string": "resnet50", "min_batch_size": 128, "dataset": "CIFAR", "placement": null, "use_nccl": true, "devices_per_worker": 1, "primary_resource": "extra_gpu", "gpu": false, "verbose": false, "lr_config": {"mode": "log", "steps": 5, "initial_lr": 0.5, "target_lr": 0.5}, "batch_per_device": 128}, "time_since_restore": 128.74605894088745, "timesteps_since_restore": 0, "iterations_since_restore": 3, "mean_throughput": 1398.0978354996746, "atoms": 1, "setup_time": 10.160745859146118}
