{"apply": 0.018130922317504884, "batch_time": 0.04169148131261898, "d2h": 0.0007446765899658203, "data_time": 0.001980878507999508, "fwd": 0.1369232416152954, "get_state_time_mean": NaN, "get_state_time_total": 0.0, "grad": 0.1660688638687134, "mean_accuracy": 0.09999999403953552, "mean_loss": 366666216956021.94, "neg_mean_accuracy": -0.09999999403953552, "set_state_time_mean": NaN, "set_state_time_total": 0.0, "setup_model_time_mean": 8.831744194030762, "setup_model_time_total": 8.831744194030762, "setup_proc_time_mean": 0.5303483009338379, "setup_proc_time_total": 0.5303483009338379, "train_accuracy": 0.10379999876022339, "train_loss": 14608201.792926496, "training_time_mean": NaN, "training_time_total": 0.0, "val_accuracy": 0.09999999403953552, "val_loss": 366666216956021.94, "validation_time_mean": NaN, "validation_time_total": 0.0, "samples": 60000, "num_workers": 1, "done": false, "timesteps_total": null, "episodes_total": null, "training_iteration": 1, "neg_mean_loss": -366666216956021.94, "experiment_id": "63964a4f6cfb4a87a80dea1dc2be1d31", "date": "2019-06-06_07-17-51", "timestamp": 1559830671, "time_this_iter_s": 47.15118217468262, "time_total_s": 47.15118217468262, "pid": 16834, "hostname": "steropes", "node_ip": "169.229.49.254", "config": {"starting_lr": 0.5, "momentum": 0.997, "weight_decay": 0.005, "steps_per_iteration": null, "pin": false, "model_creator": null, "target_batch_size": 128, "model_string": "resnet50", "min_batch_size": 128, "dataset": "CIFAR", "placement": null, "use_nccl": true, "devices_per_worker": 1, "primary_resource": "extra_gpu", "gpu": false, "verbose": false, "lr_config": {"mode": "log", "steps": 5, "initial_lr": 0.5, "target_lr": 0.5}, "batch_per_device": 128}, "time_since_restore": 47.15118217468262, "timesteps_since_restore": 0, "iterations_since_restore": 1, "mean_throughput": 1272.5002302459795, "atoms": 1, "setup_time": 9.807755470275879}
{"apply": 0.018763160705566405, "batch_time": 0.03241668170011496, "d2h": 0.0008114099502563477, "data_time": 0.0018832604293628117, "fwd": 0.02872333526611328, "get_state_time_mean": NaN, "get_state_time_total": 0.0, "grad": 0.04976930618286133, "mean_accuracy": 0.09999999403953552, "mean_loss": 2282388296533698.0, "neg_mean_accuracy": -0.09999999403953552, "set_state_time_mean": NaN, "set_state_time_total": 0.0, "setup_model_time_mean": NaN, "setup_model_time_total": 0.0, "setup_proc_time_mean": NaN, "setup_proc_time_total": 0.0, "train_accuracy": 0.10501999408006668, "train_loss": 222330142395092.75, "training_time_mean": NaN, "training_time_total": 0.0, "val_accuracy": 0.09999999403953552, "val_loss": 4198110376111374.5, "validation_time_mean": NaN, "validation_time_total": 0.0, "samples": 60000, "num_workers": 1, "done": true, "timesteps_total": null, "episodes_total": null, "training_iteration": 2, "neg_mean_loss": -2282388296533698.0, "experiment_id": "63964a4f6cfb4a87a80dea1dc2be1d31", "date": "2019-06-06_07-18-33", "timestamp": 1559830713, "time_this_iter_s": 41.735493659973145, "time_total_s": 88.88667583465576, "pid": 16834, "hostname": "steropes", "node_ip": "169.229.49.254", "config": {"starting_lr": 0.5, "momentum": 0.997, "weight_decay": 0.005, "steps_per_iteration": null, "pin": false, "model_creator": null, "target_batch_size": 128, "model_string": "resnet50", "min_batch_size": 128, "dataset": "CIFAR", "placement": null, "use_nccl": true, "devices_per_worker": 1, "primary_resource": "extra_gpu", "gpu": false, "verbose": false, "lr_config": {"mode": "log", "steps": 5, "initial_lr": 0.5, "target_lr": 0.5}, "batch_per_device": 128}, "time_since_restore": 88.88667583465576, "timesteps_since_restore": 0, "iterations_since_restore": 2, "mean_throughput": 1350.0310152294846, "atoms": 1, "setup_time": 9.807755470275879}
