{"apply": 0.017371463775634765, "batch_time": 0.04260393335849424, "d2h": 0.0006914138793945312, "data_time": 0.0019171164773614205, "fwd": 0.11980443000793457, "get_state_time_mean": NaN, "get_state_time_total": 0.0, "grad": 0.16542439460754393, "mean_accuracy": 0.2742999792098999, "mean_loss": 1.990604034423828, "neg_mean_accuracy": -0.2742999792098999, "set_state_time_mean": NaN, "set_state_time_total": 0.0, "setup_model_time_mean": 10.937175035476685, "setup_model_time_total": 10.937175035476685, "setup_proc_time_mean": 0.7283034324645996, "setup_proc_time_total": 0.7283034324645996, "train_accuracy": 0.19054000079631805, "train_loss": 2.2975308053588868, "training_time_mean": NaN, "training_time_total": 0.0, "val_accuracy": 0.2742999792098999, "val_loss": 1.990604034423828, "validation_time_mean": NaN, "validation_time_total": 0.0, "samples": 60000, "num_workers": 1, "done": false, "timesteps_total": null, "episodes_total": null, "training_iteration": 1, "neg_mean_loss": -1.990604034423828, "experiment_id": "bb4feb2d8e12458b9a177a11bea64d88", "date": "2019-06-06_09-35-34", "timestamp": 1559838934, "time_this_iter_s": 46.60145330429077, "time_total_s": 46.60145330429077, "pid": 14835, "hostname": "steropes", "node_ip": "169.229.49.254", "config": {"starting_lr": 0.001, "momentum": 0.9, "weight_decay": 0.005, "steps_per_iteration": null, "pin": false, "model_creator": null, "target_batch_size": 128, "model_string": "resnet50", "min_batch_size": 128, "dataset": "CIFAR", "placement": null, "use_nccl": true, "devices_per_worker": 1, "primary_resource": "extra_gpu", "gpu": false, "verbose": false, "lr_config": {"mode": "log", "steps": 5, "initial_lr": 0.001, "target_lr": 0.001}, "batch_per_device": 128}, "time_since_restore": 46.60145330429077, "timesteps_since_restore": 0, "iterations_since_restore": 1, "mean_throughput": 1287.5106951594923, "atoms": 1, "setup_time": 11.786520719528198}
{"apply": 0.017447590827941895, "batch_time": 0.03248210496540311, "d2h": 0.0007498741149902343, "data_time": 0.0019131060451497812, "fwd": 0.028803014755249025, "get_state_time_mean": NaN, "get_state_time_total": 0.0, "grad": 0.047760844230651855, "mean_accuracy": 0.3120499849319458, "mean_loss": 1.8826504452705382, "neg_mean_accuracy": -0.3497999906539917, "set_state_time_mean": NaN, "set_state_time_total": 0.0, "setup_model_time_mean": NaN, "setup_model_time_total": 0.0, "setup_proc_time_mean": NaN, "setup_proc_time_total": 0.0, "train_accuracy": 0.2879999876022339, "train_loss": 1.942684584312439, "training_time_mean": NaN, "training_time_total": 0.0, "val_accuracy": 0.3497999906539917, "val_loss": 1.7746968561172485, "validation_time_mean": NaN, "validation_time_total": 0.0, "samples": 60000, "num_workers": 1, "done": false, "timesteps_total": null, "episodes_total": null, "training_iteration": 2, "neg_mean_loss": -1.8826504452705382, "experiment_id": "bb4feb2d8e12458b9a177a11bea64d88", "date": "2019-06-06_09-36-16", "timestamp": 1559838976, "time_this_iter_s": 41.28542470932007, "time_total_s": 87.88687801361084, "pid": 14835, "hostname": "steropes", "node_ip": "169.229.49.254", "config": {"starting_lr": 0.001, "momentum": 0.9, "weight_decay": 0.005, "steps_per_iteration": null, "pin": false, "model_creator": null, "target_batch_size": 128, "model_string": "resnet50", "min_batch_size": 128, "dataset": "CIFAR", "placement": null, "use_nccl": true, "devices_per_worker": 1, "primary_resource": "extra_gpu", "gpu": false, "verbose": false, "lr_config": {"mode": "log", "steps": 5, "initial_lr": 0.001, "target_lr": 0.001}, "batch_per_device": 128}, "time_since_restore": 87.88687801361084, "timesteps_since_restore": 0, "iterations_since_restore": 2, "mean_throughput": 1365.3886837252865, "atoms": 1, "setup_time": 11.786520719528198}
{"apply": 0.018032526969909667, "batch_time": 0.032460372659224496, "d2h": 0.000677490234375, "data_time": 0.001816381883743169, "fwd": 0.028413820266723632, "get_state_time_mean": NaN, "get_state_time_total": 0.0, "grad": 0.048041558265686034, "mean_accuracy": 0.33506665627161664, "mean_loss": 1.829703037325541, "neg_mean_accuracy": -0.38109999895095825, "set_state_time_mean": NaN, "set_state_time_total": 0.0, "setup_model_time_mean": NaN, "setup_model_time_total": 0.0, "setup_proc_time_mean": NaN, "setup_proc_time_total": 0.0, "train_accuracy": 0.34049999713897705, "train_loss": 1.8009203680419923, "training_time_mean": NaN, "training_time_total": 0.0, "val_accuracy": 0.38109999895095825, "val_loss": 1.7238082214355468, "validation_time_mean": NaN, "validation_time_total": 0.0, "samples": 60000, "num_workers": 1, "done": true, "timesteps_total": null, "episodes_total": null, "training_iteration": 3, "neg_mean_loss": -1.829703037325541, "experiment_id": "bb4feb2d8e12458b9a177a11bea64d88", "date": "2019-06-06_09-36-56", "timestamp": 1559839016, "time_this_iter_s": 40.6807074546814, "time_total_s": 128.56758546829224, "pid": 14835, "hostname": "steropes", "node_ip": "169.229.49.254", "config": {"starting_lr": 0.001, "momentum": 0.9, "weight_decay": 0.005, "steps_per_iteration": null, "pin": false, "model_creator": null, "target_batch_size": 128, "model_string": "resnet50", "min_batch_size": 128, "dataset": "CIFAR", "placement": null, "use_nccl": true, "devices_per_worker": 1, "primary_resource": "extra_gpu", "gpu": false, "verbose": false, "lr_config": {"mode": "log", "steps": 5, "initial_lr": 0.001, "target_lr": 0.001}, "batch_per_device": 128}, "time_since_restore": 128.56758546829224, "timesteps_since_restore": 0, "iterations_since_restore": 3, "mean_throughput": 1400.0390028692934, "atoms": 1, "setup_time": 11.786520719528198}
