apply,batch_time,d2h,data_time,fwd,get_state_time_mean,get_state_time_total,grad,mean_accuracy,mean_loss,neg_mean_accuracy,set_state_time_mean,set_state_time_total,setup_model_time_mean,setup_model_time_total,setup_proc_time_mean,setup_proc_time_total,train_accuracy,train_loss,training_time_mean,training_time_total,validation_time_mean,validation_time_total,samples,num_workers,done,timesteps_total,episodes_total,training_iteration,neg_mean_loss,experiment_id,date,timestamp,time_this_iter_s,time_total_s,pid,hostname,node_ip,config,time_since_restore,timesteps_since_restore,iterations_since_restore,mean_throughput,atoms,resource_time
0.007220840454101563,0.18721399307250977,0.004789209365844727,0.03445708994962731,0.07846236228942871,nan,0.0,0.16433300971984863,0.24199999868869781,2.125840783691406,-0.24199999868869781,nan,0.0,7.927083730697632,7.927083730697632,1.788773775100708,1.788773775100708,0.13843999803066254,4.197795123825073,nan,0.0,nan,0.0,60000,1,False,,,1,-2.125840783691406,51b1b709a4164ed1b9bf28fe8cdf5f73,2019-05-30_14-35-43,1559252143,11.313591957092285,11.313591957092285,13447,steropes,169.229.49.254,"{'starting_lr': 0.0005, 'momentum': 0.95, 'weight_decay': 0.0005, 'steps_per_iteration': None, 'pin': False, 'model_creator': None, 'target_batch_size': 1024, 'model_string': 'resnet18', 'min_batch_size': 512, 'dataset': 'CIFAR', 'placement': None, 'use_nccl': True, 'devices_per_worker': 1, 'primary_resource': 'extra_gpu', 'gpu': False, 'verbose': False, 'lr_config': {'mode': 'log', 'steps': 5, 'initial_lr': 0.0005, 'target_lr': 0.0005}, 'batch_per_device': 1024}",11.313591957092285,0,1,5303.317825280566,1,11.313591957092285
0.0076882362365722655,0.13160133361816406,0.0069756746292114254,0.04742668112929987,0.023531556129455566,nan,0.0,0.04499208927154541,0.3319999873638153,1.8328714477539063,-0.3319999873638153,nan,0.0,nan,0.0,nan,0.0,0.284280002117157,1.9670970970535278,nan,0.0,nan,0.0,60000,1,False,,,2,-1.8328714477539063,51b1b709a4164ed1b9bf28fe8cdf5f73,2019-05-30_14-35-51,1559252151,7.782209873199463,19.095801830291748,13447,steropes,169.229.49.254,"{'starting_lr': 0.0005, 'momentum': 0.95, 'weight_decay': 0.0005, 'steps_per_iteration': None, 'pin': False, 'model_creator': None, 'target_batch_size': 1024, 'model_string': 'resnet18', 'min_batch_size': 512, 'dataset': 'CIFAR', 'placement': None, 'use_nccl': True, 'devices_per_worker': 1, 'primary_resource': 'extra_gpu', 'gpu': False, 'verbose': False, 'lr_config': {'mode': 'log', 'steps': 5, 'initial_lr': 0.0005, 'target_lr': 0.0005}, 'batch_per_device': 1024}",19.095801830291748,0,2,6284.052757446452,1,19.095801830291748
0.007919907569885254,0.15008726119995117,0.0082902193069458,0.039873162094427615,0.024856829643249513,nan,0.0,0.04832413196563721,0.37689998745918274,1.7011073032379151,-0.37689998745918274,nan,0.0,nan,0.0,nan,0.0,0.33483999967575073,1.810658374519348,nan,0.0,nan,0.0,60000,1,False,,,3,-1.7011073032379151,51b1b709a4164ed1b9bf28fe8cdf5f73,2019-05-30_14-35-59,1559252159,8.018490076065063,27.11429190635681,13447,steropes,169.229.49.254,"{'starting_lr': 0.0005, 'momentum': 0.95, 'weight_decay': 0.0005, 'steps_per_iteration': None, 'pin': False, 'model_creator': None, 'target_batch_size': 1024, 'model_string': 'resnet18', 'min_batch_size': 512, 'dataset': 'CIFAR', 'placement': None, 'use_nccl': True, 'devices_per_worker': 1, 'primary_resource': 'extra_gpu', 'gpu': False, 'verbose': False, 'lr_config': {'mode': 'log', 'steps': 5, 'initial_lr': 0.0005, 'target_lr': 0.0005}, 'batch_per_device': 1024}",27.11429190635681,0,3,6638.509241619888,1,27.11429190635681
0.008142805099487305,0.14394652843475342,0.00875389575958252,0.037112600949345806,0.0248516321182251,nan,0.0,0.052536964416503906,0.4009999930858612,1.624297878265381,-0.4009999930858612,nan,0.0,nan,0.0,nan,0.0,0.36719998717308044,1.7169755321121216,nan,0.0,nan,0.0,60000,1,False,,,4,-1.624297878265381,51b1b709a4164ed1b9bf28fe8cdf5f73,2019-05-30_14-36-07,1559252167,8.268102407455444,35.382394313812256,13447,steropes,169.229.49.254,"{'starting_lr': 0.0005, 'momentum': 0.95, 'weight_decay': 0.0005, 'steps_per_iteration': None, 'pin': False, 'model_creator': None, 'target_batch_size': 1024, 'model_string': 'resnet18', 'min_batch_size': 512, 'dataset': 'CIFAR', 'placement': None, 'use_nccl': True, 'devices_per_worker': 1, 'primary_resource': 'extra_gpu', 'gpu': False, 'verbose': False, 'lr_config': {'mode': 'log', 'steps': 5, 'initial_lr': 0.0005, 'target_lr': 0.0005}, 'batch_per_device': 1024}",35.382394313812256,0,4,6782.97637028162,1,35.382394313812256
0.007900142669677734,0.13766562938690186,0.00572206974029541,0.036682158100361725,0.026873445510864256,nan,0.0,0.04868030548095703,0.4268999993801117,1.5608612176895142,-0.4268999993801117,nan,0.0,nan,0.0,nan,0.0,0.39243999123573303,1.6449982109069825,nan,0.0,nan,0.0,60000,1,False,,,5,-1.5608612176895142,51b1b709a4164ed1b9bf28fe8cdf5f73,2019-05-30_14-36-15,1559252175,8.075193643569946,43.4575879573822,13447,steropes,169.229.49.254,"{'starting_lr': 0.0005, 'momentum': 0.95, 'weight_decay': 0.0005, 'steps_per_iteration': None, 'pin': False, 'model_creator': None, 'target_batch_size': 1024, 'model_string': 'resnet18', 'min_batch_size': 512, 'dataset': 'CIFAR', 'placement': None, 'use_nccl': True, 'devices_per_worker': 1, 'primary_resource': 'extra_gpu', 'gpu': False, 'verbose': False, 'lr_config': {'mode': 'log', 'steps': 5, 'initial_lr': 0.0005, 'target_lr': 0.0005}, 'batch_per_device': 1024}",43.4575879573822,0,5,6903.2221721174765,1,43.4575879573822
0.008327126502990723,0.13613266944885255,0.007159924507141114,0.04684982981000628,0.029627656936645506,nan,0.0,0.05062170028686523,0.4364999830722809,1.5153880327224731,-0.4364999830722809,nan,0.0,nan,0.0,nan,0.0,0.4156000018119812,1.594534097442627,nan,0.0,nan,0.0,60000,1,False,,,6,-1.5153880327224731,51b1b709a4164ed1b9bf28fe8cdf5f73,2019-05-30_14-36-24,1559252184,8.520397663116455,51.97798562049866,13447,steropes,169.229.49.254,"{'starting_lr': 0.0005, 'momentum': 0.95, 'weight_decay': 0.0005, 'steps_per_iteration': None, 'pin': False, 'model_creator': None, 'target_batch_size': 1024, 'model_string': 'resnet18', 'min_batch_size': 512, 'dataset': 'CIFAR', 'placement': None, 'use_nccl': True, 'devices_per_worker': 1, 'primary_resource': 'extra_gpu', 'gpu': False, 'verbose': False, 'lr_config': {'mode': 'log', 'steps': 5, 'initial_lr': 0.0005, 'target_lr': 0.0005}, 'batch_per_device': 1024}",51.97798562049866,0,6,7377.393147682982,1,51.97798562049866
0.009459996223449707,0.1400660276412964,0.0066288232803344725,0.04717707633972168,0.02379264831542969,nan,0.0,0.048847317695617676,0.4542999863624573,1.470648656654358,-0.4542999863624573,nan,0.0,nan,0.0,nan,0.0,0.42989999055862427,1.5490355101394653,nan,0.0,nan,0.0,60000,1,False,,,7,-1.470648656654358,51b1b709a4164ed1b9bf28fe8cdf5f73,2019-05-30_14-36-32,1559252192,8.337705850601196,60.31569147109985,13447,steropes,169.229.49.254,"{'starting_lr': 0.0005, 'momentum': 0.95, 'weight_decay': 0.0005, 'steps_per_iteration': None, 'pin': False, 'model_creator': None, 'target_batch_size': 1024, 'model_string': 'resnet18', 'min_batch_size': 512, 'dataset': 'CIFAR', 'placement': None, 'use_nccl': True, 'devices_per_worker': 1, 'primary_resource': 'extra_gpu', 'gpu': False, 'verbose': False, 'lr_config': {'mode': 'log', 'steps': 5, 'initial_lr': 0.0005, 'target_lr': 0.0005}, 'batch_per_device': 1024}",60.31569147109985,0,7,7277.97326779352,1,60.31569147109985
0.009789991378784179,0.13547008037567138,0.006971430778503418,0.05475038898234465,0.028921294212341308,nan,0.0,0.051646757125854495,0.47079998254776,1.4579950801849366,-0.47079998254776,nan,0.0,nan,0.0,nan,0.0,0.44538000226020813,1.512881633605957,nan,0.0,nan,0.0,60000,1,False,,,8,-1.4579950801849366,51b1b709a4164ed1b9bf28fe8cdf5f73,2019-05-30_14-36-41,1559252201,8.681974411010742,68.9976658821106,13447,steropes,169.229.49.254,"{'starting_lr': 0.0005, 'momentum': 0.95, 'weight_decay': 0.0005, 'steps_per_iteration': None, 'pin': False, 'model_creator': None, 'target_batch_size': 1024, 'model_string': 'resnet18', 'min_batch_size': 512, 'dataset': 'CIFAR', 'placement': None, 'use_nccl': True, 'devices_per_worker': 1, 'primary_resource': 'extra_gpu', 'gpu': False, 'verbose': False, 'lr_config': {'mode': 'log', 'steps': 5, 'initial_lr': 0.0005, 'target_lr': 0.0005}, 'batch_per_device': 1024}",68.9976658821106,0,8,7162.670933188531,1,68.9976658821106
0.01024329662322998,0.14394233226776124,0.0068303108215332035,0.05098286940127003,0.028563737869262695,nan,0.0,0.04840762615203857,0.48339998722076416,1.41005954246521,-0.48339998722076416,nan,0.0,nan,0.0,nan,0.0,0.45965999364852905,1.475921438217163,nan,0.0,nan,0.0,60000,1,False,,,9,-1.41005954246521,51b1b709a4164ed1b9bf28fe8cdf5f73,2019-05-30_14-36-49,1559252209,8.729528188705444,77.72719407081604,13447,steropes,169.229.49.254,"{'starting_lr': 0.0005, 'momentum': 0.95, 'weight_decay': 0.0005, 'steps_per_iteration': None, 'pin': False, 'model_creator': None, 'target_batch_size': 1024, 'model_string': 'resnet18', 'min_batch_size': 512, 'dataset': 'CIFAR', 'placement': None, 'use_nccl': True, 'devices_per_worker': 1, 'primary_resource': 'extra_gpu', 'gpu': False, 'verbose': False, 'lr_config': {'mode': 'log', 'steps': 5, 'initial_lr': 0.0005, 'target_lr': 0.0005}, 'batch_per_device': 1024}",77.72719407081604,0,9,7084.620736480275,1,77.72719407081604
0.007812356948852539,0.1527961015701294,0.008745312690734863,0.03958765827879614,0.02868473529815674,nan,0.0,0.044792556762695314,0.4878999888896942,1.386589344406128,-0.4878999888896942,nan,0.0,nan,0.0,nan,0.0,0.47221997380256653,1.4481631479644776,nan,0.0,nan,0.0,60000,1,False,,,10,-1.386589344406128,51b1b709a4164ed1b9bf28fe8cdf5f73,2019-05-30_14-36-58,1559252218,8.16750979423523,85.89470386505127,13447,steropes,169.229.49.254,"{'starting_lr': 0.0005, 'momentum': 0.95, 'weight_decay': 0.0005, 'steps_per_iteration': None, 'pin': False, 'model_creator': None, 'target_batch_size': 1024, 'model_string': 'resnet18', 'min_batch_size': 512, 'dataset': 'CIFAR', 'placement': None, 'use_nccl': True, 'devices_per_worker': 1, 'primary_resource': 'extra_gpu', 'gpu': False, 'verbose': False, 'lr_config': {'mode': 'log', 'steps': 5, 'initial_lr': 0.0005, 'target_lr': 0.0005}, 'batch_per_device': 1024}",85.89470386505127,0,10,7069.209114297354,1,85.89470386505127
0.007426810264587402,0.14853012561798096,0.0059345483779907225,0.05903752482667261,0.025249242782592773,nan,0.0,0.04397084712982178,0.5049999952316284,1.3585194589614868,-0.5049999952316284,nan,0.0,nan,0.0,nan,0.0,0.4816199839115143,1.4218549657821655,nan,0.0,nan,0.0,60000,1,False,,,11,-1.3585194589614868,51b1b709a4164ed1b9bf28fe8cdf5f73,2019-05-30_14-37-07,1559252227,8.964383125305176,94.85908699035645,13447,steropes,169.229.49.254,"{'starting_lr': 0.0005, 'momentum': 0.95, 'weight_decay': 0.0005, 'steps_per_iteration': None, 'pin': False, 'model_creator': None, 'target_batch_size': 1024, 'model_string': 'resnet18', 'min_batch_size': 512, 'dataset': 'CIFAR', 'placement': None, 'use_nccl': True, 'devices_per_worker': 1, 'primary_resource': 'extra_gpu', 'gpu': False, 'verbose': False, 'lr_config': {'mode': 'log', 'steps': 5, 'initial_lr': 0.0005, 'target_lr': 0.0005}, 'batch_per_device': 1024}",94.85908699035645,0,11,6995.9834334309535,1,94.85908699035645
0.008173775672912598,0.15989108085632325,0.006662774085998535,0.04317669965782944,0.028922009468078613,nan,0.0,0.054286837577819824,0.512499988079071,1.340002096939087,-0.512499988079071,nan,0.0,nan,0.0,nan,0.0,0.49139997363090515,1.3962114170074462,nan,0.0,nan,0.0,60000,1,False,,,12,-1.340002096939087,51b1b709a4164ed1b9bf28fe8cdf5f73,2019-05-30_14-37-15,1559252235,8.463418960571289,103.32250595092773,13447,steropes,169.229.49.254,"{'starting_lr': 0.0005, 'momentum': 0.95, 'weight_decay': 0.0005, 'steps_per_iteration': None, 'pin': False, 'model_creator': None, 'target_batch_size': 1024, 'model_string': 'resnet18', 'min_batch_size': 512, 'dataset': 'CIFAR', 'placement': None, 'use_nccl': True, 'devices_per_worker': 1, 'primary_resource': 'extra_gpu', 'gpu': False, 'verbose': False, 'lr_config': {'mode': 'log', 'steps': 5, 'initial_lr': 0.0005, 'target_lr': 0.0005}, 'batch_per_device': 1024}",103.32250595092773,0,12,6975.5340316444435,1,103.32250595092773
0.007914471626281738,0.1281951904296875,0.006435561180114746,0.04725289344787598,0.02281234264373779,nan,0.0,0.04406828880310058,0.5152999758720398,1.3279263805389405,-0.5152999758720398,nan,0.0,nan,0.0,nan,0.0,0.5010799765586853,1.3724173922348022,nan,0.0,nan,0.0,60000,1,False,,,13,-1.3279263805389405,51b1b709a4164ed1b9bf28fe8cdf5f73,2019-05-30_14-37-23,1559252243,8.091612815856934,111.41411876678467,13447,steropes,169.229.49.254,"{'starting_lr': 0.0005, 'momentum': 0.95, 'weight_decay': 0.0005, 'steps_per_iteration': None, 'pin': False, 'model_creator': None, 'target_batch_size': 1024, 'model_string': 'resnet18', 'min_batch_size': 512, 'dataset': 'CIFAR', 'placement': None, 'use_nccl': True, 'devices_per_worker': 1, 'primary_resource': 'extra_gpu', 'gpu': False, 'verbose': False, 'lr_config': {'mode': 'log', 'steps': 5, 'initial_lr': 0.0005, 'target_lr': 0.0005}, 'batch_per_device': 1024}",111.41411876678467,0,13,7072.629919592185,1,111.41411876678467
0.008130073547363281,0.12774112224578857,0.0060492753982543945,0.04454256563770528,0.02142806053161621,nan,0.0,0.042654895782470705,0.5218999981880188,1.3107483842849732,-0.5218999981880188,nan,0.0,nan,0.0,nan,0.0,0.5103799700737,1.3471093648147583,nan,0.0,nan,0.0,60000,1,False,,,14,-1.3107483842849732,51b1b709a4164ed1b9bf28fe8cdf5f73,2019-05-30_14-37-31,1559252251,7.569000720977783,118.98311948776245,13447,steropes,169.229.49.254,"{'starting_lr': 0.0005, 'momentum': 0.95, 'weight_decay': 0.0005, 'steps_per_iteration': None, 'pin': False, 'model_creator': None, 'target_batch_size': 1024, 'model_string': 'resnet18', 'min_batch_size': 512, 'dataset': 'CIFAR', 'placement': None, 'use_nccl': True, 'devices_per_worker': 1, 'primary_resource': 'extra_gpu', 'gpu': False, 'verbose': False, 'lr_config': {'mode': 'log', 'steps': 5, 'initial_lr': 0.0005, 'target_lr': 0.0005}, 'batch_per_device': 1024}",118.98311948776245,0,14,7271.578757357151,1,118.98311948776245
0.0074141502380371095,0.118339204788208,0.005527496337890625,0.027608496802193776,0.020934176445007325,nan,0.0,0.04626531600952148,0.536799967288971,1.2718642887115479,-0.536799967288971,nan,0.0,nan,0.0,nan,0.0,0.51774001121521,1.3243836758422851,nan,0.0,nan,0.0,60000,1,False,,,15,-1.2718642887115479,51b1b709a4164ed1b9bf28fe8cdf5f73,2019-05-30_14-37-38,1559252258,7.418503999710083,126.40162348747253,13447,steropes,169.229.49.254,"{'starting_lr': 0.0005, 'momentum': 0.95, 'weight_decay': 0.0005, 'steps_per_iteration': None, 'pin': False, 'model_creator': None, 'target_batch_size': 1024, 'model_string': 'resnet18', 'min_batch_size': 512, 'dataset': 'CIFAR', 'placement': None, 'use_nccl': True, 'devices_per_worker': 1, 'primary_resource': 'extra_gpu', 'gpu': False, 'verbose': False, 'lr_config': {'mode': 'log', 'steps': 5, 'initial_lr': 0.0005, 'target_lr': 0.0005}, 'batch_per_device': 1024}",126.40162348747253,0,15,7406.033708371743,1,126.40162348747253
0.00842578411102295,0.12593684196472169,0.006058812141418457,0.03496456632808763,0.029060745239257814,nan,0.0,0.057120323181152344,0.5353999733924866,1.27150064868927,-0.5353999733924866,nan,0.0,nan,0.0,nan,0.0,0.5239799618721008,1.3098835163879394,nan,0.0,nan,0.0,60000,1,False,,,16,-1.27150064868927,51b1b709a4164ed1b9bf28fe8cdf5f73,2019-05-30_14-37-46,1559252266,8.173280954360962,134.5749044418335,13447,steropes,169.229.49.254,"{'starting_lr': 0.0005, 'momentum': 0.95, 'weight_decay': 0.0005, 'steps_per_iteration': None, 'pin': False, 'model_creator': None, 'target_batch_size': 1024, 'model_string': 'resnet18', 'min_batch_size': 512, 'dataset': 'CIFAR', 'placement': None, 'use_nccl': True, 'devices_per_worker': 1, 'primary_resource': 'extra_gpu', 'gpu': False, 'verbose': False, 'lr_config': {'mode': 'log', 'steps': 5, 'initial_lr': 0.0005, 'target_lr': 0.0005}, 'batch_per_device': 1024}",134.5749044418335,0,16,7553.591539985543,1,134.5749044418335
0.008267378807067871,0.14766433238983154,0.006982994079589844,0.04291755812508719,0.033056330680847165,nan,0.0,0.0565471887588501,0.5432000160217285,1.2511577301025392,-0.5432000160217285,nan,0.0,nan,0.0,nan,0.0,0.5342400074005127,1.2906317276382446,nan,0.0,nan,0.0,60000,1,False,,,17,-1.2511577301025392,51b1b709a4164ed1b9bf28fe8cdf5f73,2019-05-30_14-37-55,1559252275,8.5242440700531,143.0991485118866,13447,steropes,169.229.49.254,"{'starting_lr': 0.0005, 'momentum': 0.95, 'weight_decay': 0.0005, 'steps_per_iteration': None, 'pin': False, 'model_creator': None, 'target_batch_size': 1024, 'model_string': 'resnet18', 'min_batch_size': 512, 'dataset': 'CIFAR', 'placement': None, 'use_nccl': True, 'devices_per_worker': 1, 'primary_resource': 'extra_gpu', 'gpu': False, 'verbose': False, 'lr_config': {'mode': 'log', 'steps': 5, 'initial_lr': 0.0005, 'target_lr': 0.0005}, 'batch_per_device': 1024}",143.0991485118866,0,17,7542.0399591975365,1,143.0991485118866
0.010500097274780273,0.14405472278594972,0.00706939697265625,0.04074004718235561,0.030972838401794434,nan,0.0,0.04999396800994873,0.5568999648094177,1.2359150482177734,-0.5568999648094177,nan,0.0,nan,0.0,nan,0.0,0.5418199896812439,1.2657829303741455,nan,0.0,nan,0.0,60000,1,False,,,18,-1.2359150482177734,51b1b709a4164ed1b9bf28fe8cdf5f73,2019-05-30_14-38-04,1559252284,8.698847532272339,151.79799604415894,13447,steropes,169.229.49.254,"{'starting_lr': 0.0005, 'momentum': 0.95, 'weight_decay': 0.0005, 'steps_per_iteration': None, 'pin': False, 'model_creator': None, 'target_batch_size': 1024, 'model_string': 'resnet18', 'min_batch_size': 512, 'dataset': 'CIFAR', 'placement': None, 'use_nccl': True, 'devices_per_worker': 1, 'primary_resource': 'extra_gpu', 'gpu': False, 'verbose': False, 'lr_config': {'mode': 'log', 'steps': 5, 'initial_lr': 0.0005, 'target_lr': 0.0005}, 'batch_per_device': 1024}",151.79799604415894,0,18,7428.634882061139,1,151.79799604415894
0.00900263786315918,0.13517022132873535,0.008185505867004395,0.04650754344706633,0.026302146911621093,nan,0.0,0.05116903781890869,0.5600000023841858,1.2110639293670655,-0.5600000023841858,nan,0.0,nan,0.0,nan,0.0,0.5479999780654907,1.251636332168579,nan,0.0,nan,0.0,60000,1,False,,,19,-1.2110639293670655,51b1b709a4164ed1b9bf28fe8cdf5f73,2019-05-30_14-38-12,1559252292,8.525454998016357,160.3234510421753,13447,steropes,169.229.49.254,"{'starting_lr': 0.0005, 'momentum': 0.95, 'weight_decay': 0.0005, 'steps_per_iteration': None, 'pin': False, 'model_creator': None, 'target_batch_size': 1024, 'model_string': 'resnet18', 'min_batch_size': 512, 'dataset': 'CIFAR', 'placement': None, 'use_nccl': True, 'devices_per_worker': 1, 'primary_resource': 'extra_gpu', 'gpu': False, 'verbose': False, 'lr_config': {'mode': 'log', 'steps': 5, 'initial_lr': 0.0005, 'target_lr': 0.0005}, 'batch_per_device': 1024}",160.3234510421753,0,19,7256.754447480676,1,160.3234510421753
0.008411335945129394,0.1361215591430664,0.007442688941955567,0.04007002772117148,0.027861261367797853,nan,0.0,0.05531737804412842,0.5683000087738037,1.2006598718643189,-0.5683000087738037,nan,0.0,nan,0.0,nan,0.0,0.5526599884033203,1.2353600468444825,nan,0.0,nan,0.0,60000,1,False,,,20,-1.2006598718643189,51b1b709a4164ed1b9bf28fe8cdf5f73,2019-05-30_14-38-20,1559252300,8.375707864761353,168.69915890693665,13447,steropes,169.229.49.254,"{'starting_lr': 0.0005, 'momentum': 0.95, 'weight_decay': 0.0005, 'steps_per_iteration': None, 'pin': False, 'model_creator': None, 'target_batch_size': 1024, 'model_string': 'resnet18', 'min_batch_size': 512, 'dataset': 'CIFAR', 'placement': None, 'use_nccl': True, 'devices_per_worker': 1, 'primary_resource': 'extra_gpu', 'gpu': False, 'verbose': False, 'lr_config': {'mode': 'log', 'steps': 5, 'initial_lr': 0.0005, 'target_lr': 0.0005}, 'batch_per_device': 1024}",168.69915890693665,0,20,7092.53502902867,1,168.69915890693665
0.007665610313415528,0.1373814344406128,0.006813955307006836,0.050872593509907624,0.025901198387145996,nan,0.0,0.04875009059906006,0.5679000020027161,1.1929199489593505,-0.5679000020027161,nan,0.0,nan,0.0,nan,0.0,0.559719979763031,1.2209967836761475,nan,0.0,nan,0.0,60000,1,False,,,21,-1.1929199489593505,51b1b709a4164ed1b9bf28fe8cdf5f73,2019-05-30_14-38-29,1559252309,8.380897998809814,177.08005690574646,13447,steropes,169.229.49.254,"{'starting_lr': 0.0005, 'momentum': 0.95, 'weight_decay': 0.0005, 'steps_per_iteration': None, 'pin': False, 'model_creator': None, 'target_batch_size': 1024, 'model_string': 'resnet18', 'min_batch_size': 512, 'dataset': 'CIFAR', 'placement': None, 'use_nccl': True, 'devices_per_worker': 1, 'primary_resource': 'extra_gpu', 'gpu': False, 'verbose': False, 'lr_config': {'mode': 'log', 'steps': 5, 'initial_lr': 0.0005, 'target_lr': 0.0005}, 'batch_per_device': 1024}",177.08005690574646,0,21,7057.892008246938,1,177.08005690574646
0.007607054710388183,0.13759491443634034,0.006405782699584961,0.047496854042520326,0.024814677238464356,nan,0.0,0.04586493968963623,0.5669999718666077,1.190819623184204,-0.5669999718666077,nan,0.0,nan,0.0,nan,0.0,0.5637199878692627,1.2097735566711425,nan,0.0,nan,0.0,60000,1,False,,,22,-1.190819623184204,51b1b709a4164ed1b9bf28fe8cdf5f73,2019-05-30_14-38-37,1559252317,8.477453231811523,185.55751013755798,13447,steropes,169.229.49.254,"{'starting_lr': 0.0005, 'momentum': 0.95, 'weight_decay': 0.0005, 'steps_per_iteration': None, 'pin': False, 'model_creator': None, 'target_batch_size': 1024, 'model_string': 'resnet18', 'min_batch_size': 512, 'dataset': 'CIFAR', 'placement': None, 'use_nccl': True, 'devices_per_worker': 1, 'primary_resource': 'extra_gpu', 'gpu': False, 'verbose': False, 'lr_config': {'mode': 'log', 'steps': 5, 'initial_lr': 0.0005, 'target_lr': 0.0005}, 'batch_per_device': 1024}",185.55751013755798,0,22,7065.671158691643,1,185.55751013755798
0.008074498176574707,0.13912565708160402,0.006021189689636231,0.06006884088321608,0.02704184055328369,nan,0.0,0.04939234256744385,0.5789999961853027,1.1660049325942994,-0.5789999961853027,nan,0.0,nan,0.0,nan,0.0,0.5667399764060974,1.1967960968399047,nan,0.0,nan,0.0,60000,1,False,,,23,-1.1660049325942994,51b1b709a4164ed1b9bf28fe8cdf5f73,2019-05-30_14-38-46,1559252326,9.013518810272217,194.5710289478302,13447,steropes,169.229.49.254,"{'starting_lr': 0.0005, 'momentum': 0.95, 'weight_decay': 0.0005, 'steps_per_iteration': None, 'pin': False, 'model_creator': None, 'target_batch_size': 1024, 'model_string': 'resnet18', 'min_batch_size': 512, 'dataset': 'CIFAR', 'placement': None, 'use_nccl': True, 'devices_per_worker': 1, 'primary_resource': 'extra_gpu', 'gpu': False, 'verbose': False, 'lr_config': {'mode': 'log', 'steps': 5, 'initial_lr': 0.0005, 'target_lr': 0.0005}, 'batch_per_device': 1024}",194.5710289478302,0,23,7013.691788647444,1,194.5710289478302
0.009117889404296874,0.13629500865936278,0.006763076782226563,0.054923733886407346,0.023309898376464844,nan,0.0,0.05103597640991211,0.5879999995231628,1.1455782287597656,-0.5879999995231628,nan,0.0,nan,0.0,nan,0.0,0.5740199685096741,1.1825240465545654,nan,0.0,nan,0.0,60000,1,False,,,24,-1.1455782287597656,51b1b709a4164ed1b9bf28fe8cdf5f73,2019-05-30_14-38-55,1559252335,8.629527807235718,203.20055675506592,13447,steropes,169.229.49.254,"{'starting_lr': 0.0005, 'momentum': 0.95, 'weight_decay': 0.0005, 'steps_per_iteration': None, 'pin': False, 'model_creator': None, 'target_batch_size': 1024, 'model_string': 'resnet18', 'min_batch_size': 512, 'dataset': 'CIFAR', 'placement': None, 'use_nccl': True, 'devices_per_worker': 1, 'primary_resource': 'extra_gpu', 'gpu': False, 'verbose': False, 'lr_config': {'mode': 'log', 'steps': 5, 'initial_lr': 0.0005, 'target_lr': 0.0005}, 'batch_per_device': 1024}",203.20055675506592,0,24,6996.679915096644,1,203.20055675506592
0.009363508224487305,0.14682986736297607,0.0060779333114624025,0.048474847053994935,0.02987062931060791,nan,0.0,0.05265605449676514,0.5935999751091003,1.1318980073928833,-0.5935999751091003,nan,0.0,nan,0.0,nan,0.0,0.578220009803772,1.1669906243515014,nan,0.0,nan,0.0,60000,1,False,,,25,-1.1318980073928833,51b1b709a4164ed1b9bf28fe8cdf5f73,2019-05-30_14-39-04,1559252344,8.692959070205688,211.8935158252716,13447,steropes,169.229.49.254,"{'starting_lr': 0.0005, 'momentum': 0.95, 'weight_decay': 0.0005, 'steps_per_iteration': None, 'pin': False, 'model_creator': None, 'target_batch_size': 1024, 'model_string': 'resnet18', 'min_batch_size': 512, 'dataset': 'CIFAR', 'placement': None, 'use_nccl': True, 'devices_per_worker': 1, 'primary_resource': 'extra_gpu', 'gpu': False, 'verbose': False, 'lr_config': {'mode': 'log', 'steps': 5, 'initial_lr': 0.0005, 'target_lr': 0.0005}, 'batch_per_device': 1024}",211.8935158252716,0,25,6945.290011987678,1,211.8935158252716
0.011457490921020507,0.1564495325088501,0.0062149763107299805,0.045977587602576434,0.024892687797546387,nan,0.0,0.054953265190124514,0.5947999954223633,1.1216126398086548,-0.5947999954223633,nan,0.0,nan,0.0,nan,0.0,0.5871399641036987,1.1540648278808594,nan,0.0,nan,0.0,60000,1,False,,,26,-1.1216126398086548,51b1b709a4164ed1b9bf28fe8cdf5f73,2019-05-30_14-39-12,1559252352,8.683831453323364,220.57734727859497,13447,steropes,169.229.49.254,"{'starting_lr': 0.0005, 'momentum': 0.95, 'weight_decay': 0.0005, 'steps_per_iteration': None, 'pin': False, 'model_creator': None, 'target_batch_size': 1024, 'model_string': 'resnet18', 'min_batch_size': 512, 'dataset': 'CIFAR', 'placement': None, 'use_nccl': True, 'devices_per_worker': 1, 'primary_resource': 'extra_gpu', 'gpu': False, 'verbose': False, 'lr_config': {'mode': 'log', 'steps': 5, 'initial_lr': 0.0005, 'target_lr': 0.0005}, 'batch_per_device': 1024}",220.57734727859497,0,26,6896.918585080488,1,220.57734727859497
0.00799710750579834,0.1385478973388672,0.005808568000793457,0.04311912400381906,0.024649405479431154,nan,0.0,0.04417307376861572,0.5956000089645386,1.1160807851791381,-0.5956000089645386,nan,0.0,nan,0.0,nan,0.0,0.5908399820327759,1.1409881573104859,nan,0.0,nan,0.0,60000,1,False,,,27,-1.1160807851791381,51b1b709a4164ed1b9bf28fe8cdf5f73,2019-05-30_14-39-21,1559252361,8.193886280059814,228.77123355865479,13447,steropes,169.229.49.254,"{'starting_lr': 0.0005, 'momentum': 0.95, 'weight_decay': 0.0005, 'steps_per_iteration': None, 'pin': False, 'model_creator': None, 'target_batch_size': 1024, 'model_string': 'resnet18', 'min_batch_size': 512, 'dataset': 'CIFAR', 'placement': None, 'use_nccl': True, 'devices_per_worker': 1, 'primary_resource': 'extra_gpu', 'gpu': False, 'verbose': False, 'lr_config': {'mode': 'log', 'steps': 5, 'initial_lr': 0.0005, 'target_lr': 0.0005}, 'batch_per_device': 1024}",228.77123355865479,0,27,6942.174783015659,1,228.77123355865479
0.007533621788024902,0.13442134857177734,0.0059627056121826175,0.03793346638582191,0.023713850975036622,nan,0.0,0.04802634716033936,0.6015999913215637,1.1047963905334472,-0.6015999913215637,nan,0.0,nan,0.0,nan,0.0,0.5897200107574463,1.1306340007400513,nan,0.0,nan,0.0,60000,1,False,,,28,-1.1047963905334472,51b1b709a4164ed1b9bf28fe8cdf5f73,2019-05-30_14-39-28,1559252368,7.701096773147583,236.47233033180237,13447,steropes,169.229.49.254,"{'starting_lr': 0.0005, 'momentum': 0.95, 'weight_decay': 0.0005, 'steps_per_iteration': None, 'pin': False, 'model_creator': None, 'target_batch_size': 1024, 'model_string': 'resnet18', 'min_batch_size': 512, 'dataset': 'CIFAR', 'placement': None, 'use_nccl': True, 'devices_per_worker': 1, 'primary_resource': 'extra_gpu', 'gpu': False, 'verbose': False, 'lr_config': {'mode': 'log', 'steps': 5, 'initial_lr': 0.0005, 'target_lr': 0.0005}, 'batch_per_device': 1024}",236.47233033180237,0,28,7159.612293955651,1,236.47233033180237
0.008899474143981933,0.13302195072174072,0.006599807739257812,0.045604530645876516,0.023675990104675294,nan,0.0,0.046161341667175296,0.6060999631881714,1.0936402324676513,-0.6060999631881714,nan,0.0,nan,0.0,nan,0.0,0.5985599756240845,1.1213059725952148,nan,0.0,nan,0.0,60000,1,False,,,29,-1.0936402324676513,51b1b709a4164ed1b9bf28fe8cdf5f73,2019-05-30_14-39-36,1559252376,8.007948875427246,244.48027920722961,13447,steropes,169.229.49.254,"{'starting_lr': 0.0005, 'momentum': 0.95, 'weight_decay': 0.0005, 'steps_per_iteration': None, 'pin': False, 'model_creator': None, 'target_batch_size': 1024, 'model_string': 'resnet18', 'min_batch_size': 512, 'dataset': 'CIFAR', 'placement': None, 'use_nccl': True, 'devices_per_worker': 1, 'primary_resource': 'extra_gpu', 'gpu': False, 'verbose': False, 'lr_config': {'mode': 'log', 'steps': 5, 'initial_lr': 0.0005, 'target_lr': 0.0005}, 'batch_per_device': 1024}",244.48027920722961,0,29,7267.419535319574,1,244.48027920722961
0.007514691352844239,0.12460899353027344,0.005955791473388672,0.033914556308668485,0.022722721099853516,nan,0.0,0.04396762847900391,0.6072999835014343,1.0882455759048462,-0.6072999835014343,nan,0.0,nan,0.0,nan,0.0,0.6032199859619141,1.1092301885986329,nan,0.0,nan,0.0,60000,1,False,,,30,-1.0882455759048462,51b1b709a4164ed1b9bf28fe8cdf5f73,2019-05-30_14-39-45,1559252385,8.312577724456787,252.7928569316864,13447,steropes,169.229.49.254,"{'starting_lr': 0.0005, 'momentum': 0.95, 'weight_decay': 0.0005, 'steps_per_iteration': None, 'pin': False, 'model_creator': None, 'target_batch_size': 1024, 'model_string': 'resnet18', 'min_batch_size': 512, 'dataset': 'CIFAR', 'placement': None, 'use_nccl': True, 'devices_per_worker': 1, 'primary_resource': 'extra_gpu', 'gpu': False, 'verbose': False, 'lr_config': {'mode': 'log', 'steps': 5, 'initial_lr': 0.0005, 'target_lr': 0.0005}, 'batch_per_device': 1024}",252.7928569316864,0,30,7334.9923834580595,1,252.7928569316864
0.007589793205261231,0.13104619979858398,0.0058198213577270504,0.03958267095137616,0.02475922107696533,nan,0.0,0.05027680397033692,0.597000002861023,1.1191336795806885,-0.597000002861023,nan,0.0,nan,0.0,nan,0.0,0.6043599843978882,1.1021459154891968,nan,0.0,nan,0.0,60000,1,False,,,31,-1.1191336795806885,51b1b709a4164ed1b9bf28fe8cdf5f73,2019-05-30_14-39-53,1559252393,8.220793008804321,261.0136499404907,13447,steropes,169.229.49.254,"{'starting_lr': 0.0005, 'momentum': 0.95, 'weight_decay': 0.0005, 'steps_per_iteration': None, 'pin': False, 'model_creator': None, 'target_batch_size': 1024, 'model_string': 'resnet18', 'min_batch_size': 512, 'dataset': 'CIFAR', 'placement': None, 'use_nccl': True, 'devices_per_worker': 1, 'primary_resource': 'extra_gpu', 'gpu': False, 'verbose': False, 'lr_config': {'mode': 'log', 'steps': 5, 'initial_lr': 0.0005, 'target_lr': 0.0005}, 'batch_per_device': 1024}",261.0136499404907,0,31,7418.985780228907,1,261.0136499404907
0.00818650722503662,0.1271956205368042,0.007295775413513184,0.053759321874501755,0.027728772163391112,nan,0.0,0.05070803165435791,0.6139000058174133,1.0711041721343995,-0.6139000058174133,nan,0.0,nan,0.0,nan,0.0,0.6072799563407898,1.092727092514038,nan,0.0,nan,0.0,60000,1,False,,,32,-1.0711041721343995,51b1b709a4164ed1b9bf28fe8cdf5f73,2019-05-30_14-40-02,1559252402,8.742614269256592,269.7562642097473,13447,steropes,169.229.49.254,"{'starting_lr': 0.0005, 'momentum': 0.95, 'weight_decay': 0.0005, 'steps_per_iteration': None, 'pin': False, 'model_creator': None, 'target_batch_size': 1024, 'model_string': 'resnet18', 'min_batch_size': 512, 'dataset': 'CIFAR', 'placement': None, 'use_nccl': True, 'devices_per_worker': 1, 'primary_resource': 'extra_gpu', 'gpu': False, 'verbose': False, 'lr_config': {'mode': 'log', 'steps': 5, 'initial_lr': 0.0005, 'target_lr': 0.0005}, 'batch_per_device': 1024}",269.7562642097473,0,32,7319.657087926048,1,269.7562642097473
0.008538126945495605,0.13824636936187745,0.009792017936706542,0.03827412760987574,0.028934192657470704,nan,0.0,0.052519726753234866,0.6207000017166138,1.0581962915420533,-0.6207000017166138,nan,0.0,nan,0.0,nan,0.0,0.6110799908638,1.0793195626831054,nan,0.0,nan,0.0,60000,1,False,,,33,-1.0581962915420533,51b1b709a4164ed1b9bf28fe8cdf5f73,2019-05-30_14-40-10,1559252410,8.150927305221558,277.9071915149689,13447,steropes,169.229.49.254,"{'starting_lr': 0.0005, 'momentum': 0.95, 'weight_decay': 0.0005, 'steps_per_iteration': None, 'pin': False, 'model_creator': None, 'target_batch_size': 1024, 'model_string': 'resnet18', 'min_batch_size': 512, 'dataset': 'CIFAR', 'placement': None, 'use_nccl': True, 'devices_per_worker': 1, 'primary_resource': 'extra_gpu', 'gpu': False, 'verbose': False, 'lr_config': {'mode': 'log', 'steps': 5, 'initial_lr': 0.0005, 'target_lr': 0.0005}, 'batch_per_device': 1024}",277.9071915149689,0,33,7240.193466825604,1,277.9071915149689
0.007518839836120605,0.13461978435516359,0.005323863029479981,0.03886295338066257,0.03362791538238526,nan,0.0,0.05252068042755127,0.6243000030517578,1.0498022665023803,-0.6243000030517578,nan,0.0,nan,0.0,nan,0.0,0.615880012512207,1.0708763683319091,nan,0.0,nan,0.0,60000,1,False,,,34,-1.0498022665023803,51b1b709a4164ed1b9bf28fe8cdf5f73,2019-05-30_14-40-18,1559252418,8.378380298614502,286.2855718135834,13447,steropes,169.229.49.254,"{'starting_lr': 0.0005, 'momentum': 0.95, 'weight_decay': 0.0005, 'steps_per_iteration': None, 'pin': False, 'model_creator': None, 'target_batch_size': 1024, 'model_string': 'resnet18', 'min_batch_size': 512, 'dataset': 'CIFAR', 'placement': None, 'use_nccl': True, 'devices_per_worker': 1, 'primary_resource': 'extra_gpu', 'gpu': False, 'verbose': False, 'lr_config': {'mode': 'log', 'steps': 5, 'initial_lr': 0.0005, 'target_lr': 0.0005}, 'batch_per_device': 1024}",286.2855718135834,0,34,7176.038804465969,1,286.2855718135834
0.007310914993286133,0.12154278755187989,0.0053375244140625,0.05158161143867337,0.03408205509185791,nan,0.0,0.050661683082580566,0.6269999742507935,1.0388540094375611,-0.6269999742507935,nan,0.0,nan,0.0,nan,0.0,0.6174799799919128,1.0627173140335082,nan,0.0,nan,0.0,60000,1,False,,,35,-1.0388540094375611,51b1b709a4164ed1b9bf28fe8cdf5f73,2019-05-30_14-40-27,1559252427,8.907054901123047,295.1926267147064,13447,steropes,169.229.49.254,"{'starting_lr': 0.0005, 'momentum': 0.95, 'weight_decay': 0.0005, 'steps_per_iteration': None, 'pin': False, 'model_creator': None, 'target_batch_size': 1024, 'model_string': 'resnet18', 'min_batch_size': 512, 'dataset': 'CIFAR', 'placement': None, 'use_nccl': True, 'devices_per_worker': 1, 'primary_resource': 'extra_gpu', 'gpu': False, 'verbose': False, 'lr_config': {'mode': 'log', 'steps': 5, 'initial_lr': 0.0005, 'target_lr': 0.0005}, 'batch_per_device': 1024}",295.1926267147064,0,35,7075.442678366688,1,295.1926267147064
0.010474109649658203,0.14598634243011474,0.007753610610961914,0.04637750800775022,0.03237252235412598,nan,0.0,0.06928658485412598,0.6277999877929688,1.0516458251953125,-0.6277999877929688,nan,0.0,nan,0.0,nan,0.0,0.6233199834823608,1.0540597380065917,nan,0.0,nan,0.0,60000,1,False,,,36,-1.0516458251953125,51b1b709a4164ed1b9bf28fe8cdf5f73,2019-05-30_14-40-36,1559252436,8.867043495178223,304.05967020988464,13447,steropes,169.229.49.254,"{'starting_lr': 0.0005, 'momentum': 0.95, 'weight_decay': 0.0005, 'steps_per_iteration': None, 'pin': False, 'model_creator': None, 'target_batch_size': 1024, 'model_string': 'resnet18', 'min_batch_size': 512, 'dataset': 'CIFAR', 'placement': None, 'use_nccl': True, 'devices_per_worker': 1, 'primary_resource': 'extra_gpu', 'gpu': False, 'verbose': False, 'lr_config': {'mode': 'log', 'steps': 5, 'initial_lr': 0.0005, 'target_lr': 0.0005}, 'batch_per_device': 1024}",304.05967020988464,0,36,6969.2199972607,1,304.05967020988464
0.007207036018371582,0.1365729570388794,0.006756830215454102,0.040596981437838804,0.03246896266937256,nan,0.0,0.054740190505981445,0.6351000070571899,1.0229627685546876,-0.6351000070571899,nan,0.0,nan,0.0,nan,0.0,0.6263799667358398,1.0433926775741578,nan,0.0,nan,0.0,60000,1,False,,,37,-1.0229627685546876,51b1b709a4164ed1b9bf28fe8cdf5f73,2019-05-30_14-40-44,1559252444,8.442948579788208,312.50261878967285,13447,steropes,169.229.49.254,"{'starting_lr': 0.0005, 'momentum': 0.95, 'weight_decay': 0.0005, 'steps_per_iteration': None, 'pin': False, 'model_creator': None, 'target_batch_size': 1024, 'model_string': 'resnet18', 'min_batch_size': 512, 'dataset': 'CIFAR', 'placement': None, 'use_nccl': True, 'devices_per_worker': 1, 'primary_resource': 'extra_gpu', 'gpu': False, 'verbose': False, 'lr_config': {'mode': 'log', 'steps': 5, 'initial_lr': 0.0005, 'target_lr': 0.0005}, 'batch_per_device': 1024}",312.50261878967285,0,37,7018.0759694439885,1,312.50261878967285
0.01116194725036621,0.16510436534881592,0.005736088752746582,0.0345372131892613,0.045972681045532225,nan,0.0,0.058182144165039064,0.6308000087738037,1.035579414176941,-0.6308000087738037,nan,0.0,nan,0.0,nan,0.0,0.6279000043869019,1.0364076695251465,nan,0.0,nan,0.0,60000,1,False,,,38,-1.035579414176941,51b1b709a4164ed1b9bf28fe8cdf5f73,2019-05-30_14-40-53,1559252453,8.773355484008789,321.27597427368164,13447,steropes,169.229.49.254,"{'starting_lr': 0.0005, 'momentum': 0.95, 'weight_decay': 0.0005, 'steps_per_iteration': None, 'pin': False, 'model_creator': None, 'target_batch_size': 1024, 'model_string': 'resnet18', 'min_batch_size': 512, 'dataset': 'CIFAR', 'placement': None, 'use_nccl': True, 'devices_per_worker': 1, 'primary_resource': 'extra_gpu', 'gpu': False, 'verbose': False, 'lr_config': {'mode': 'log', 'steps': 5, 'initial_lr': 0.0005, 'target_lr': 0.0005}, 'batch_per_device': 1024}",321.27597427368164,0,38,6917.353501324625,1,321.27597427368164
0.008434152603149414,0.12949802875518798,0.006897449493408203,0.031027555465698242,0.034426212310791016,nan,0.0,0.05399794578552246,0.6370999813079834,1.0115128259658814,-0.6370999813079834,nan,0.0,nan,0.0,nan,0.0,0.6329799890518188,1.0270156732559204,nan,0.0,nan,0.0,60000,1,False,,,39,-1.0115128259658814,51b1b709a4164ed1b9bf28fe8cdf5f73,2019-05-30_14-41-01,1559252461,8.268014192581177,329.5439884662628,13447,steropes,169.229.49.254,"{'starting_lr': 0.0005, 'momentum': 0.95, 'weight_decay': 0.0005, 'steps_per_iteration': None, 'pin': False, 'model_creator': None, 'target_batch_size': 1024, 'model_string': 'resnet18', 'min_batch_size': 512, 'dataset': 'CIFAR', 'placement': None, 'use_nccl': True, 'devices_per_worker': 1, 'primary_resource': 'extra_gpu', 'gpu': False, 'verbose': False, 'lr_config': {'mode': 'log', 'steps': 5, 'initial_lr': 0.0005, 'target_lr': 0.0005}, 'batch_per_device': 1024}",329.5439884662628,0,39,6935.000081844927,1,329.5439884662628
0.007996082305908203,0.11854894161224365,0.007659626007080078,0.027394586679886798,0.026778006553649904,nan,0.0,0.05174710750579834,0.6381999850273132,1.012489152908325,-0.6381999850273132,nan,0.0,nan,0.0,nan,0.0,0.6335399746894836,1.0198001704025268,nan,0.0,nan,0.0,60000,1,False,,,40,-1.012489152908325,51b1b709a4164ed1b9bf28fe8cdf5f73,2019-05-30_14-41-09,1559252469,7.68764066696167,337.2316291332245,13447,steropes,169.229.49.254,"{'starting_lr': 0.0005, 'momentum': 0.95, 'weight_decay': 0.0005, 'steps_per_iteration': None, 'pin': False, 'model_creator': None, 'target_batch_size': 1024, 'model_string': 'resnet18', 'min_batch_size': 512, 'dataset': 'CIFAR', 'placement': None, 'use_nccl': True, 'devices_per_worker': 1, 'primary_resource': 'extra_gpu', 'gpu': False, 'verbose': False, 'lr_config': {'mode': 'log', 'steps': 5, 'initial_lr': 0.0005, 'target_lr': 0.0005}, 'batch_per_device': 1024}",337.2316291332245,0,40,7136.159568706396,1,337.2316291332245
0.008371949195861816,0.1239549160003662,0.005021739006042481,0.028751057021471918,0.026569294929504394,nan,0.0,0.05923454761505127,0.6426999568939209,1.002491691493988,-0.6426999568939209,nan,0.0,nan,0.0,nan,0.0,0.6349200010299683,1.018908973045349,nan,0.0,nan,0.0,60000,1,False,,,41,-1.002491691493988,51b1b709a4164ed1b9bf28fe8cdf5f73,2019-05-30_14-41-17,1559252477,7.781496047973633,345.0131251811981,13447,steropes,169.229.49.254,"{'starting_lr': 0.0005, 'momentum': 0.95, 'weight_decay': 0.0005, 'steps_per_iteration': None, 'pin': False, 'model_creator': None, 'target_batch_size': 1024, 'model_string': 'resnet18', 'min_batch_size': 512, 'dataset': 'CIFAR', 'placement': None, 'use_nccl': True, 'devices_per_worker': 1, 'primary_resource': 'extra_gpu', 'gpu': False, 'verbose': False, 'lr_config': {'mode': 'log', 'steps': 5, 'initial_lr': 0.0005, 'target_lr': 0.0005}, 'batch_per_device': 1024}",345.0131251811981,0,41,7325.315672781711,1,345.0131251811981
0.009241175651550294,0.12006146907806396,0.008511638641357422,0.03347106369174257,0.03427412509918213,nan,0.0,0.06161234378814697,0.6401000022888184,1.003837199306488,-0.6401000022888184,nan,0.0,nan,0.0,nan,0.0,0.638979971408844,1.003539051170349,nan,0.0,nan,0.0,60000,1,False,,,42,-1.003837199306488,51b1b709a4164ed1b9bf28fe8cdf5f73,2019-05-30_14-41-25,1559252485,7.982649087905884,352.995774269104,13447,steropes,169.229.49.254,"{'starting_lr': 0.0005, 'momentum': 0.95, 'weight_decay': 0.0005, 'steps_per_iteration': None, 'pin': False, 'model_creator': None, 'target_batch_size': 1024, 'model_string': 'resnet18', 'min_batch_size': 512, 'dataset': 'CIFAR', 'placement': None, 'use_nccl': True, 'devices_per_worker': 1, 'primary_resource': 'extra_gpu', 'gpu': False, 'verbose': False, 'lr_config': {'mode': 'log', 'steps': 5, 'initial_lr': 0.0005, 'target_lr': 0.0005}, 'batch_per_device': 1024}",352.995774269104,0,42,7408.572364008956,1,352.995774269104
0.008181095123291016,0.14339032173156738,0.00429685115814209,0.026821355430447325,0.03822042942047119,nan,0.0,0.05197913646697998,0.6438999772071838,0.99907620677948,-0.6438999772071838,nan,0.0,nan,0.0,nan,0.0,0.641979992389679,1.0003654055023192,nan,0.0,nan,0.0,60000,1,False,,,43,-0.99907620677948,51b1b709a4164ed1b9bf28fe8cdf5f73,2019-05-30_14-41-33,1559252493,7.9082231521606445,360.90399742126465,13447,steropes,169.229.49.254,"{'starting_lr': 0.0005, 'momentum': 0.95, 'weight_decay': 0.0005, 'steps_per_iteration': None, 'pin': False, 'model_creator': None, 'target_batch_size': 1024, 'model_string': 'resnet18', 'min_batch_size': 512, 'dataset': 'CIFAR', 'placement': None, 'use_nccl': True, 'devices_per_worker': 1, 'primary_resource': 'extra_gpu', 'gpu': False, 'verbose': False, 'lr_config': {'mode': 'log', 'steps': 5, 'initial_lr': 0.0005, 'target_lr': 0.0005}, 'batch_per_device': 1024}",360.90399742126465,0,43,7570.308475773156,1,360.90399742126465
0.007291078567504883,0.13086998462677002,0.005110049247741699,0.030081257528188278,0.03693785667419434,nan,0.0,0.0476757287979126,0.6509999632835388,0.984661992073059,-0.6509999632835388,nan,0.0,nan,0.0,nan,0.0,0.6458199620246887,0.9905359017944336,nan,0.0,nan,0.0,60000,1,False,,,44,-0.984661992073059,51b1b709a4164ed1b9bf28fe8cdf5f73,2019-05-30_14-41-41,1559252501,8.312405824661255,369.2164032459259,13447,steropes,169.229.49.254,"{'starting_lr': 0.0005, 'momentum': 0.95, 'weight_decay': 0.0005, 'steps_per_iteration': None, 'pin': False, 'model_creator': None, 'target_batch_size': 1024, 'model_string': 'resnet18', 'min_batch_size': 512, 'dataset': 'CIFAR', 'placement': None, 'use_nccl': True, 'devices_per_worker': 1, 'primary_resource': 'extra_gpu', 'gpu': False, 'verbose': False, 'lr_config': {'mode': 'log', 'steps': 5, 'initial_lr': 0.0005, 'target_lr': 0.0005}, 'batch_per_device': 1024}",369.2164032459259,0,44,7561.839382727957,1,369.2164032459259
0.007297444343566895,0.12883248329162597,0.005277085304260254,0.04664369505278918,0.036681604385375974,nan,0.0,0.06307036876678467,0.6489999890327454,0.9866836165428161,-0.6489999890327454,nan,0.0,nan,0.0,nan,0.0,0.6447799801826477,0.9891711890029907,nan,0.0,nan,0.0,60000,1,False,,,45,-0.9866836165428161,51b1b709a4164ed1b9bf28fe8cdf5f73,2019-05-30_14-41-50,1559252510,9.117294788360596,378.3336980342865,13447,steropes,169.229.49.254,"{'starting_lr': 0.0005, 'momentum': 0.95, 'weight_decay': 0.0005, 'steps_per_iteration': None, 'pin': False, 'model_creator': None, 'target_batch_size': 1024, 'model_string': 'resnet18', 'min_batch_size': 512, 'dataset': 'CIFAR', 'placement': None, 'use_nccl': True, 'devices_per_worker': 1, 'primary_resource': 'extra_gpu', 'gpu': False, 'verbose': False, 'lr_config': {'mode': 'log', 'steps': 5, 'initial_lr': 0.0005, 'target_lr': 0.0005}, 'batch_per_device': 1024}",378.3336980342865,0,45,7298.818618518002,1,378.3336980342865
0.008721542358398438,0.12327709197998046,0.0068264961242675785,0.036065043235311706,0.03509631156921387,nan,0.0,0.062438249588012695,0.6439999938011169,0.9981356927871704,-0.6439999938011169,nan,0.0,nan,0.0,nan,0.0,0.6486200094223022,0.9825016605186463,nan,0.0,nan,0.0,60000,1,False,,,46,-0.9981356927871704,51b1b709a4164ed1b9bf28fe8cdf5f73,2019-05-30_14-41-59,1559252519,8.677298545837402,387.0109965801239,13447,steropes,169.229.49.254,"{'starting_lr': 0.0005, 'momentum': 0.95, 'weight_decay': 0.0005, 'steps_per_iteration': None, 'pin': False, 'model_creator': None, 'target_batch_size': 1024, 'model_string': 'resnet18', 'min_batch_size': 512, 'dataset': 'CIFAR', 'placement': None, 'use_nccl': True, 'devices_per_worker': 1, 'primary_resource': 'extra_gpu', 'gpu': False, 'verbose': False, 'lr_config': {'mode': 'log', 'steps': 5, 'initial_lr': 0.0005, 'target_lr': 0.0005}, 'batch_per_device': 1024}",387.0109965801239,0,46,7143.137255124582,1,387.0109965801239
0.01109936237335205,0.11967458724975585,0.004929304122924805,0.023633494669077347,0.02852740287780762,nan,0.0,0.06567151546478271,0.660099983215332,0.9636334155082703,-0.660099983215332,nan,0.0,nan,0.0,nan,0.0,0.6522200107574463,0.9726476998138428,nan,0.0,nan,0.0,60000,1,False,,,47,-0.9636334155082703,51b1b709a4164ed1b9bf28fe8cdf5f73,2019-05-30_14-42-07,1559252527,8.32817816734314,395.33917474746704,13447,steropes,169.229.49.254,"{'starting_lr': 0.0005, 'momentum': 0.95, 'weight_decay': 0.0005, 'steps_per_iteration': None, 'pin': False, 'model_creator': None, 'target_batch_size': 1024, 'model_string': 'resnet18', 'min_batch_size': 512, 'dataset': 'CIFAR', 'placement': None, 'use_nccl': True, 'devices_per_worker': 1, 'primary_resource': 'extra_gpu', 'gpu': False, 'verbose': False, 'lr_config': {'mode': 'log', 'steps': 5, 'initial_lr': 0.0005, 'target_lr': 0.0005}, 'batch_per_device': 1024}",395.33917474746704,0,47,7084.846315388224,1,395.33917474746704
0.00854949951171875,0.123722505569458,0.006510376930236816,0.04095089678861657,0.027703070640563966,nan,0.0,0.06024248600006103,0.6599000096321106,0.9675977843284607,-0.6599000096321106,nan,0.0,nan,0.0,nan,0.0,0.6555799841880798,0.965908243675232,nan,0.0,nan,0.0,60000,1,False,,,48,-0.9675977843284607,51b1b709a4164ed1b9bf28fe8cdf5f73,2019-05-30_14-42-16,1559252536,8.712325811386108,404.05150055885315,13447,steropes,169.229.49.254,"{'starting_lr': 0.0005, 'momentum': 0.95, 'weight_decay': 0.0005, 'steps_per_iteration': None, 'pin': False, 'model_creator': None, 'target_batch_size': 1024, 'model_string': 'resnet18', 'min_batch_size': 512, 'dataset': 'CIFAR', 'placement': None, 'use_nccl': True, 'devices_per_worker': 1, 'primary_resource': 'extra_gpu', 'gpu': False, 'verbose': False, 'lr_config': {'mode': 'log', 'steps': 5, 'initial_lr': 0.0005, 'target_lr': 0.0005}, 'batch_per_device': 1024}",404.05150055885315,0,48,6952.814685720411,1,404.05150055885315
0.007008481025695801,0.12116546630859375,0.004928421974182129,0.026954558430885782,0.02897467613220215,nan,0.0,0.06952941417694092,0.6575999855995178,0.9727323468208313,-0.6575999855995178,nan,0.0,nan,0.0,nan,0.0,0.6545599699020386,0.9618216626358033,nan,0.0,nan,0.0,60000,1,False,,,49,-0.9727323468208313,51b1b709a4164ed1b9bf28fe8cdf5f73,2019-05-30_14-42-24,1559252544,8.210318565368652,412.2618191242218,13447,steropes,169.229.49.254,"{'starting_lr': 0.0005, 'momentum': 0.95, 'weight_decay': 0.0005, 'steps_per_iteration': None, 'pin': False, 'model_creator': None, 'target_batch_size': 1024, 'model_string': 'resnet18', 'min_batch_size': 512, 'dataset': 'CIFAR', 'placement': None, 'use_nccl': True, 'devices_per_worker': 1, 'primary_resource': 'extra_gpu', 'gpu': False, 'verbose': False, 'lr_config': {'mode': 'log', 'steps': 5, 'initial_lr': 0.0005, 'target_lr': 0.0005}, 'batch_per_device': 1024}",412.2618191242218,0,49,6969.304416460763,1,412.2618191242218
0.0072498321533203125,0.12109870910644531,0.005108284950256348,0.03138164111546108,0.024849987030029295,nan,0.0,0.053403925895690915,0.6611999869346619,0.9587701529502869,-0.6611999869346619,nan,0.0,nan,0.0,nan,0.0,0.6585599780082703,0.9538954421806335,nan,0.0,nan,0.0,60000,1,False,,,50,-0.9587701529502869,51b1b709a4164ed1b9bf28fe8cdf5f73,2019-05-30_14-42-32,1559252552,7.851730585098267,420.11354970932007,13447,steropes,169.229.49.254,"{'starting_lr': 0.0005, 'momentum': 0.95, 'weight_decay': 0.0005, 'steps_per_iteration': None, 'pin': False, 'model_creator': None, 'target_batch_size': 1024, 'model_string': 'resnet18', 'min_batch_size': 512, 'dataset': 'CIFAR', 'placement': None, 'use_nccl': True, 'devices_per_worker': 1, 'primary_resource': 'extra_gpu', 'gpu': False, 'verbose': False, 'lr_config': {'mode': 'log', 'steps': 5, 'initial_lr': 0.0005, 'target_lr': 0.0005}, 'batch_per_device': 1024}",420.11354970932007,0,50,7180.385498836447,1,420.11354970932007
0.007313990592956543,0.12386834621429443,0.006305575370788574,0.02963111838515924,0.026880717277526854,nan,0.0,0.05427906513214111,0.6642999649047852,0.9457168140411377,-0.6642999649047852,nan,0.0,nan,0.0,nan,0.0,0.6639800071716309,0.9424447397041321,nan,0.0,nan,0.0,60000,1,False,,,51,-0.9457168140411377,51b1b709a4164ed1b9bf28fe8cdf5f73,2019-05-30_14-42-40,1559252560,8.038540363311768,428.15209007263184,13447,steropes,169.229.49.254,"{'starting_lr': 0.0005, 'momentum': 0.95, 'weight_decay': 0.0005, 'steps_per_iteration': None, 'pin': False, 'model_creator': None, 'target_batch_size': 1024, 'model_string': 'resnet18', 'min_batch_size': 512, 'dataset': 'CIFAR', 'placement': None, 'use_nccl': True, 'devices_per_worker': 1, 'primary_resource': 'extra_gpu', 'gpu': False, 'verbose': False, 'lr_config': {'mode': 'log', 'steps': 5, 'initial_lr': 0.0005, 'target_lr': 0.0005}, 'batch_per_device': 1024}",428.15209007263184,0,51,7291.867054848831,1,428.15209007263184
0.007352471351623535,0.13528316020965575,0.004774212837219238,0.04567607081666285,0.023032236099243163,nan,0.0,0.04826955795288086,0.6668999791145325,0.9389891226768494,-0.6668999791145325,nan,0.0,nan,0.0,nan,0.0,0.6655200123786926,0.9405276576423645,nan,0.0,nan,0.0,60000,1,False,,,52,-0.9389891226768494,51b1b709a4164ed1b9bf28fe8cdf5f73,2019-05-30_14-42-49,1559252569,8.901246786117554,437.0533368587494,13447,steropes,169.229.49.254,"{'starting_lr': 0.0005, 'momentum': 0.95, 'weight_decay': 0.0005, 'steps_per_iteration': None, 'pin': False, 'model_creator': None, 'target_batch_size': 1024, 'model_string': 'resnet18', 'min_batch_size': 512, 'dataset': 'CIFAR', 'placement': None, 'use_nccl': True, 'devices_per_worker': 1, 'primary_resource': 'extra_gpu', 'gpu': False, 'verbose': False, 'lr_config': {'mode': 'log', 'steps': 5, 'initial_lr': 0.0005, 'target_lr': 0.0005}, 'batch_per_device': 1024}",437.0533368587494,0,52,7191.70598861198,1,437.0533368587494
0.007611536979675293,0.12525465488433837,0.005350160598754883,0.028333274685606664,0.022669291496276854,nan,0.0,0.04494302272796631,0.6690999865531921,0.9357559938430786,-0.6690999865531921,nan,0.0,nan,0.0,nan,0.0,0.6667199730873108,0.9321208424568176,nan,0.0,nan,0.0,60000,1,False,,,53,-0.9357559938430786,51b1b709a4164ed1b9bf28fe8cdf5f73,2019-05-30_14-42-57,1559252577,8.202415704727173,445.25575256347656,13447,steropes,169.229.49.254,"{'starting_lr': 0.0005, 'momentum': 0.95, 'weight_decay': 0.0005, 'steps_per_iteration': None, 'pin': False, 'model_creator': None, 'target_batch_size': 1024, 'model_string': 'resnet18', 'min_batch_size': 512, 'dataset': 'CIFAR', 'placement': None, 'use_nccl': True, 'devices_per_worker': 1, 'primary_resource': 'extra_gpu', 'gpu': False, 'verbose': False, 'lr_config': {'mode': 'log', 'steps': 5, 'initial_lr': 0.0005, 'target_lr': 0.0005}, 'batch_per_device': 1024}",445.25575256347656,0,53,7280.701304180437,1,445.25575256347656
0.0075519800186157225,0.12072451114654541,0.004687738418579101,0.02651832055072395,0.02329530715942383,nan,0.0,0.06232137680053711,0.6732000112533569,0.9272046652793884,-0.6732000112533569,nan,0.0,nan,0.0,nan,0.0,0.6714800000190735,0.9240724710845948,nan,0.0,nan,0.0,60000,1,False,,,54,-0.9272046652793884,51b1b709a4164ed1b9bf28fe8cdf5f73,2019-05-30_14-43-05,1559252585,8.26083779335022,453.5165903568268,13447,steropes,169.229.49.254,"{'starting_lr': 0.0005, 'momentum': 0.95, 'weight_decay': 0.0005, 'steps_per_iteration': None, 'pin': False, 'model_creator': None, 'target_batch_size': 1024, 'model_string': 'resnet18', 'min_batch_size': 512, 'dataset': 'CIFAR', 'placement': None, 'use_nccl': True, 'devices_per_worker': 1, 'primary_resource': 'extra_gpu', 'gpu': False, 'verbose': False, 'lr_config': {'mode': 'log', 'steps': 5, 'initial_lr': 0.0005, 'target_lr': 0.0005}, 'batch_per_device': 1024}",453.5165903568268,0,54,7271.784964943429,1,453.5165903568268
0.0071887016296386715,0.1409083366394043,0.0055187463760375975,0.0364002597575285,0.034397006034851074,nan,0.0,0.05654938220977783,0.6675999760627747,0.9298406571388245,-0.6675999760627747,nan,0.0,nan,0.0,nan,0.0,0.6731199622154236,0.917152389755249,nan,0.0,nan,0.0,60000,1,False,,,55,-0.9298406571388245,51b1b709a4164ed1b9bf28fe8cdf5f73,2019-05-30_14-43-14,1559252594,8.717997550964355,462.23458790779114,13447,steropes,169.229.49.254,"{'starting_lr': 0.0005, 'momentum': 0.95, 'weight_decay': 0.0005, 'steps_per_iteration': None, 'pin': False, 'model_creator': None, 'target_batch_size': 1024, 'model_string': 'resnet18', 'min_batch_size': 512, 'dataset': 'CIFAR', 'placement': None, 'use_nccl': True, 'devices_per_worker': 1, 'primary_resource': 'extra_gpu', 'gpu': False, 'verbose': False, 'lr_config': {'mode': 'log', 'steps': 5, 'initial_lr': 0.0005, 'target_lr': 0.0005}, 'batch_per_device': 1024}",462.23458790779114,0,55,7122.260452714825,1,462.23458790779114
0.007790803909301758,0.13447179794311523,0.004843330383300782,0.0364580689644327,0.026169753074645995,nan,0.0,0.05111362934112549,0.6696000099182129,0.9337989493370056,-0.6696000099182129,nan,0.0,nan,0.0,nan,0.0,0.6732999682426453,0.914183121623993,nan,0.0,nan,0.0,60000,1,False,,,56,-0.9337989493370056,51b1b709a4164ed1b9bf28fe8cdf5f73,2019-05-30_14-43-22,1559252602,7.8312554359436035,470.06584334373474,13447,steropes,169.229.49.254,"{'starting_lr': 0.0005, 'momentum': 0.95, 'weight_decay': 0.0005, 'steps_per_iteration': None, 'pin': False, 'model_creator': None, 'target_batch_size': 1024, 'model_string': 'resnet18', 'min_batch_size': 512, 'dataset': 'CIFAR', 'placement': None, 'use_nccl': True, 'devices_per_worker': 1, 'primary_resource': 'extra_gpu', 'gpu': False, 'verbose': False, 'lr_config': {'mode': 'log', 'steps': 5, 'initial_lr': 0.0005, 'target_lr': 0.0005}, 'batch_per_device': 1024}",470.06584334373474,0,56,7157.483153758962,1,470.06584334373474
0.0071477174758911135,0.14354400634765624,0.004946422576904297,0.030315554871851086,0.02979257106781006,nan,0.0,0.06639294624328614,0.6710000038146973,0.9250497737884521,-0.6710000038146973,nan,0.0,nan,0.0,nan,0.0,0.6757599711418152,0.9089459317016602,nan,0.0,nan,0.0,60000,1,False,,,57,-0.9250497737884521,51b1b709a4164ed1b9bf28fe8cdf5f73,2019-05-30_14-43-30,1559252610,8.16207504272461,478.22791838645935,13447,steropes,169.229.49.254,"{'starting_lr': 0.0005, 'momentum': 0.95, 'weight_decay': 0.0005, 'steps_per_iteration': None, 'pin': False, 'model_creator': None, 'target_batch_size': 1024, 'model_string': 'resnet18', 'min_batch_size': 512, 'dataset': 'CIFAR', 'placement': None, 'use_nccl': True, 'devices_per_worker': 1, 'primary_resource': 'extra_gpu', 'gpu': False, 'verbose': False, 'lr_config': {'mode': 'log', 'steps': 5, 'initial_lr': 0.0005, 'target_lr': 0.0005}, 'batch_per_device': 1024}",478.22791838645935,0,57,7285.974718469485,1,478.22791838645935
0.007320880889892578,0.13207473754882812,0.005077934265136719,0.03279012076708735,0.024695968627929686,nan,0.0,0.04604561328887939,0.6711999773979187,0.9232620553970337,-0.6711999773979187,nan,0.0,nan,0.0,nan,0.0,0.6786400079727173,0.9041705147743225,nan,0.0,nan,0.0,60000,1,False,,,58,-0.9232620553970337,51b1b709a4164ed1b9bf28fe8cdf5f73,2019-05-30_14-43-38,1559252618,8.079535007476807,486.30745339393616,13447,steropes,169.229.49.254,"{'starting_lr': 0.0005, 'momentum': 0.95, 'weight_decay': 0.0005, 'steps_per_iteration': None, 'pin': False, 'model_creator': None, 'target_batch_size': 1024, 'model_string': 'resnet18', 'min_batch_size': 512, 'dataset': 'CIFAR', 'placement': None, 'use_nccl': True, 'devices_per_worker': 1, 'primary_resource': 'extra_gpu', 'gpu': False, 'verbose': False, 'lr_config': {'mode': 'log', 'steps': 5, 'initial_lr': 0.0005, 'target_lr': 0.0005}, 'batch_per_device': 1024}",486.30745339393616,0,58,7307.786053011073,1,486.30745339393616
0.007297658920288086,0.14561090469360352,0.004770970344543457,0.037994842140042055,0.021176767349243165,nan,0.0,0.046413850784301755,0.6696000099182129,0.9302059038162231,-0.6696000099182129,nan,0.0,nan,0.0,nan,0.0,0.6788199543952942,0.8955432459259033,nan,0.0,nan,0.0,60000,1,False,,,59,-0.9302059038162231,51b1b709a4164ed1b9bf28fe8cdf5f73,2019-05-30_14-43-47,1559252627,8.609772682189941,494.9172260761261,13447,steropes,169.229.49.254,"{'starting_lr': 0.0005, 'momentum': 0.95, 'weight_decay': 0.0005, 'steps_per_iteration': None, 'pin': False, 'model_creator': None, 'target_batch_size': 1024, 'model_string': 'resnet18', 'min_batch_size': 512, 'dataset': 'CIFAR', 'placement': None, 'use_nccl': True, 'devices_per_worker': 1, 'primary_resource': 'extra_gpu', 'gpu': False, 'verbose': False, 'lr_config': {'mode': 'log', 'steps': 5, 'initial_lr': 0.0005, 'target_lr': 0.0005}, 'batch_per_device': 1024}",494.9172260761261,0,59,7246.1961033977395,1,494.9172260761261
0.00783085823059082,0.1331134557723999,0.006433534622192383,0.04536529949733189,0.02130746841430664,nan,0.0,0.04665541648864746,0.6741999983787537,0.9238799558639527,-0.6741999983787537,nan,0.0,nan,0.0,nan,0.0,0.6818199753761292,0.8919361967468262,nan,0.0,nan,0.0,60000,1,False,,,60,-0.9238799558639527,51b1b709a4164ed1b9bf28fe8cdf5f73,2019-05-30_14-43-56,1559252636,8.786123037338257,503.70334911346436,13447,steropes,169.229.49.254,"{'starting_lr': 0.0005, 'momentum': 0.95, 'weight_decay': 0.0005, 'steps_per_iteration': None, 'pin': False, 'model_creator': None, 'target_batch_size': 1024, 'model_string': 'resnet18', 'min_batch_size': 512, 'dataset': 'CIFAR', 'placement': None, 'use_nccl': True, 'devices_per_worker': 1, 'primary_resource': 'extra_gpu', 'gpu': False, 'verbose': False, 'lr_config': {'mode': 'log', 'steps': 5, 'initial_lr': 0.0005, 'target_lr': 0.0005}, 'batch_per_device': 1024}",503.70334911346436,0,60,7234.281704106276,1,503.70334911346436
0.007307767868041992,0.13344807624816896,0.00781543254852295,0.041845365446441025,0.028607511520385744,nan,0.0,0.06460292339324951,0.67249995470047,0.9147201594352722,-0.67249995470047,nan,0.0,nan,0.0,nan,0.0,0.6827999949455261,0.8872296278572083,nan,0.0,nan,0.0,60000,1,False,,,61,-0.9147201594352722,51b1b709a4164ed1b9bf28fe8cdf5f73,2019-05-30_14-44-05,1559252645,8.916402101516724,512.6197512149811,13447,steropes,169.229.49.254,"{'starting_lr': 0.0005, 'momentum': 0.95, 'weight_decay': 0.0005, 'steps_per_iteration': None, 'pin': False, 'model_creator': None, 'target_batch_size': 1024, 'model_string': 'resnet18', 'min_batch_size': 512, 'dataset': 'CIFAR', 'placement': None, 'use_nccl': True, 'devices_per_worker': 1, 'primary_resource': 'extra_gpu', 'gpu': False, 'verbose': False, 'lr_config': {'mode': 'log', 'steps': 5, 'initial_lr': 0.0005, 'target_lr': 0.0005}, 'batch_per_device': 1024}",512.6197512149811,0,61,7049.806110767387,1,512.6197512149811
0.007571578025817871,0.15679023265838624,0.00739593505859375,0.04126512274450185,0.029584813117980956,nan,0.0,0.05976107120513916,0.6791999936103821,0.9016466631889343,-0.6791999936103821,nan,0.0,nan,0.0,nan,0.0,0.6873599886894226,0.8782588940238952,nan,0.0,nan,0.0,60000,1,False,,,62,-0.9016466631889343,51b1b709a4164ed1b9bf28fe8cdf5f73,2019-05-30_14-44-14,1559252654,8.98907470703125,521.6088259220123,13447,steropes,169.229.49.254,"{'starting_lr': 0.0005, 'momentum': 0.95, 'weight_decay': 0.0005, 'steps_per_iteration': None, 'pin': False, 'model_creator': None, 'target_batch_size': 1024, 'model_string': 'resnet18', 'min_batch_size': 512, 'dataset': 'CIFAR', 'placement': None, 'use_nccl': True, 'devices_per_worker': 1, 'primary_resource': 'extra_gpu', 'gpu': False, 'verbose': False, 'lr_config': {'mode': 'log', 'steps': 5, 'initial_lr': 0.0005, 'target_lr': 0.0005}, 'batch_per_device': 1024}",521.6088259220123,0,62,6915.409659109248,1,521.6088259220123
0.008105301856994629,0.1399531602859497,0.005999970436096192,0.037386748255515585,0.03052370548248291,nan,0.0,0.05073871612548828,0.6791999936103821,0.9019492062568665,-0.6791999936103821,nan,0.0,nan,0.0,nan,0.0,0.685920000076294,0.8781631509590149,nan,0.0,nan,0.0,60000,1,False,,,63,-0.9019492062568665,51b1b709a4164ed1b9bf28fe8cdf5f73,2019-05-30_14-44-22,1559252662,8.772467374801636,530.381293296814,13447,steropes,169.229.49.254,"{'starting_lr': 0.0005, 'momentum': 0.95, 'weight_decay': 0.0005, 'steps_per_iteration': None, 'pin': False, 'model_creator': None, 'target_batch_size': 1024, 'model_string': 'resnet18', 'min_batch_size': 512, 'dataset': 'CIFAR', 'placement': None, 'use_nccl': True, 'devices_per_worker': 1, 'primary_resource': 'extra_gpu', 'gpu': False, 'verbose': False, 'lr_config': {'mode': 'log', 'steps': 5, 'initial_lr': 0.0005, 'target_lr': 0.0005}, 'batch_per_device': 1024}",530.381293296814,0,63,6806.686096069589,1,530.381293296814
0.0074148416519165036,0.132889986038208,0.006091451644897461,0.04058589254106794,0.022672533988952637,nan,0.0,0.04449758529663086,0.6816999912261963,0.8983137613296509,-0.6816999912261963,nan,0.0,nan,0.0,nan,0.0,0.689300000667572,0.8704288389968872,nan,0.0,nan,0.0,60000,1,False,,,64,-0.8983137613296509,51b1b709a4164ed1b9bf28fe8cdf5f73,2019-05-30_14-44-30,1559252670,8.048616647720337,538.4299099445343,13447,steropes,169.229.49.254,"{'starting_lr': 0.0005, 'momentum': 0.95, 'weight_decay': 0.0005, 'steps_per_iteration': None, 'pin': False, 'model_creator': None, 'target_batch_size': 1024, 'model_string': 'resnet18', 'min_batch_size': 512, 'dataset': 'CIFAR', 'placement': None, 'use_nccl': True, 'devices_per_worker': 1, 'primary_resource': 'extra_gpu', 'gpu': False, 'verbose': False, 'lr_config': {'mode': 'log', 'steps': 5, 'initial_lr': 0.0005, 'target_lr': 0.0005}, 'batch_per_device': 1024}",538.4299099445343,0,64,6894.465422737435,1,538.4299099445343
0.007544398307800293,0.15314056873321533,0.005988693237304688,0.03557762807729293,0.02712550163269043,nan,0.0,0.04993429183959961,0.6825999617576599,0.8964961649894715,-0.6825999617576599,nan,0.0,nan,0.0,nan,0.0,0.6903600096702576,0.8699449453926087,nan,0.0,nan,0.0,60000,1,False,,,65,-0.8964961649894715,51b1b709a4164ed1b9bf28fe8cdf5f73,2019-05-30_14-44-39,1559252679,8.175153970718384,546.6050639152527,13447,steropes,169.229.49.254,"{'starting_lr': 0.0005, 'momentum': 0.95, 'weight_decay': 0.0005, 'steps_per_iteration': None, 'pin': False, 'model_creator': None, 'target_batch_size': 1024, 'model_string': 'resnet18', 'min_batch_size': 512, 'dataset': 'CIFAR', 'placement': None, 'use_nccl': True, 'devices_per_worker': 1, 'primary_resource': 'extra_gpu', 'gpu': False, 'verbose': False, 'lr_config': {'mode': 'log', 'steps': 5, 'initial_lr': 0.0005, 'target_lr': 0.0005}, 'batch_per_device': 1024}",546.6050639152527,0,65,6992.6580744675775,1,546.6050639152527
0.009841680526733398,0.14359374046325685,0.005415701866149902,0.03764362237891372,0.02875964641571045,nan,0.0,0.04577860832214355,0.6836000084877014,0.8967028746604919,-0.6836000084877014,nan,0.0,nan,0.0,nan,0.0,0.6890400052070618,0.8691337540054321,nan,0.0,nan,0.0,60000,1,False,,,66,-0.8967028746604919,51b1b709a4164ed1b9bf28fe8cdf5f73,2019-05-30_14-44-47,1559252687,8.664345502853394,555.2694094181061,13447,steropes,169.229.49.254,"{'starting_lr': 0.0005, 'momentum': 0.95, 'weight_decay': 0.0005, 'steps_per_iteration': None, 'pin': False, 'model_creator': None, 'target_batch_size': 1024, 'model_string': 'resnet18', 'min_batch_size': 512, 'dataset': 'CIFAR', 'placement': None, 'use_nccl': True, 'devices_per_worker': 1, 'primary_resource': 'extra_gpu', 'gpu': False, 'verbose': False, 'lr_config': {'mode': 'log', 'steps': 5, 'initial_lr': 0.0005, 'target_lr': 0.0005}, 'batch_per_device': 1024}",555.2694094181061,0,66,7033.983130229353,1,555.2694094181061
0.00765533447265625,0.1336670160293579,0.005110883712768554,0.030525105340140208,0.032179069519042966,nan,0.0,0.06356978416442871,0.6836999654769897,0.8946918462753296,-0.6836999654769897,nan,0.0,nan,0.0,nan,0.0,0.6931799650192261,0.8636123534393311,nan,0.0,nan,0.0,60000,1,False,,,67,-0.8946918462753296,51b1b709a4164ed1b9bf28fe8cdf5f73,2019-05-30_14-44-56,1559252696,8.49958610534668,563.7689955234528,13447,steropes,169.229.49.254,"{'starting_lr': 0.0005, 'momentum': 0.95, 'weight_decay': 0.0005, 'steps_per_iteration': None, 'pin': False, 'model_creator': None, 'target_batch_size': 1024, 'model_string': 'resnet18', 'min_batch_size': 512, 'dataset': 'CIFAR', 'placement': None, 'use_nccl': True, 'devices_per_worker': 1, 'primary_resource': 'extra_gpu', 'gpu': False, 'verbose': False, 'lr_config': {'mode': 'log', 'steps': 5, 'initial_lr': 0.0005, 'target_lr': 0.0005}, 'batch_per_device': 1024}",563.7689955234528,0,67,7115.651809263119,1,563.7689955234528
0.008596968650817872,0.13620462417602539,0.004995155334472656,0.030015079342589086,0.025371551513671875,nan,0.0,0.05541059970855713,0.6845999956130981,0.8950371086120605,-0.6845999956130981,nan,0.0,nan,0.0,nan,0.0,0.6915799975395203,0.8683995529937744,nan,0.0,nan,0.0,60000,1,False,,,68,-0.8950371086120605,51b1b709a4164ed1b9bf28fe8cdf5f73,2019-05-30_14-45-04,1559252704,8.037427186965942,571.8064227104187,13447,steropes,169.229.49.254,"{'starting_lr': 0.0005, 'momentum': 0.95, 'weight_decay': 0.0005, 'steps_per_iteration': None, 'pin': False, 'model_creator': None, 'target_batch_size': 1024, 'model_string': 'resnet18', 'min_batch_size': 512, 'dataset': 'CIFAR', 'placement': None, 'use_nccl': True, 'devices_per_worker': 1, 'primary_resource': 'extra_gpu', 'gpu': False, 'verbose': False, 'lr_config': {'mode': 'log', 'steps': 5, 'initial_lr': 0.0005, 'target_lr': 0.0005}, 'batch_per_device': 1024}",571.8064227104187,0,68,7241.910557249663,1,571.8064227104187
