{"apply": 0.016753888130187987, "batch_time": 0.04100623915467081, "d2h": 0.0007509708404541016, "data_time": 0.0018254875222130506, "fwd": 0.11527972221374512, "get_state_time_mean": NaN, "get_state_time_total": 0.0, "grad": 0.16352903842926025, "mean_accuracy": 0.2248999923467636, "mean_loss": 12.189784199523926, "neg_mean_accuracy": -0.2248999923467636, "set_state_time_mean": NaN, "set_state_time_total": 0.0, "setup_model_time_mean": 8.566794395446777, "setup_model_time_total": 8.566794395446777, "setup_proc_time_mean": 0.13994622230529785, "setup_proc_time_total": 0.13994622230529785, "train_accuracy": 0.1832199990749359, "train_loss": 3.758382930603027, "training_time_mean": NaN, "training_time_total": 0.0, "val_accuracy": 0.2248999923467636, "val_loss": 12.189784199523926, "validation_time_mean": NaN, "validation_time_total": 0.0, "samples": 60000, "num_workers": 1, "done": false, "timesteps_total": null, "episodes_total": null, "training_iteration": 1, "neg_mean_loss": -12.189784199523926, "experiment_id": "fccdd7154c864f53947acf05906da3d7", "date": "2019-06-06_07-04-27", "timestamp": 1559829867, "time_this_iter_s": 45.804189920425415, "time_total_s": 45.804189920425415, "pid": 31656, "hostname": "steropes", "node_ip": "169.229.49.254", "config": {"starting_lr": 0.005, "momentum": 0.997, "weight_decay": 0.001, "steps_per_iteration": null, "pin": false, "model_creator": null, "target_batch_size": 128, "model_string": "resnet50", "min_batch_size": 128, "dataset": "CIFAR", "placement": null, "use_nccl": true, "devices_per_worker": 1, "primary_resource": "extra_gpu", "gpu": false, "verbose": false, "lr_config": {"mode": "log", "steps": 5, "initial_lr": 0.005, "target_lr": 0.005}, "batch_per_device": 128}, "time_since_restore": 45.804189920425415, "timesteps_since_restore": 0, "iterations_since_restore": 1, "mean_throughput": 1309.9203754807925, "atoms": 1, "setup_time": 8.829968452453613}
{"apply": 0.017662811279296874, "batch_time": 0.030920967271056355, "d2h": 0.0008141517639160157, "data_time": 0.0017609120634815578, "fwd": 0.028659248352050783, "get_state_time_mean": NaN, "get_state_time_total": 0.0, "grad": 0.048044133186340335, "mean_accuracy": 0.2562999948859215, "mean_loss": 7.052019062423706, "neg_mean_accuracy": -0.28769999742507935, "set_state_time_mean": NaN, "set_state_time_total": 0.0, "setup_model_time_mean": NaN, "setup_model_time_total": 0.0, "setup_proc_time_mean": NaN, "setup_proc_time_total": 0.0, "train_accuracy": 0.22369998693466187, "train_loss": 2.4879628936386107, "training_time_mean": NaN, "training_time_total": 0.0, "val_accuracy": 0.28769999742507935, "val_loss": 1.9142539253234863, "validation_time_mean": NaN, "validation_time_total": 0.0, "samples": 60000, "num_workers": 1, "done": true, "timesteps_total": null, "episodes_total": null, "training_iteration": 2, "neg_mean_loss": -7.052019062423706, "experiment_id": "fccdd7154c864f53947acf05906da3d7", "date": "2019-06-06_07-05-07", "timestamp": 1559829907, "time_this_iter_s": 40.492950677871704, "time_total_s": 86.29714059829712, "pid": 31656, "hostname": "steropes", "node_ip": "169.229.49.254", "config": {"starting_lr": 0.005, "momentum": 0.997, "weight_decay": 0.001, "steps_per_iteration": null, "pin": false, "model_creator": null, "target_batch_size": 128, "model_string": "resnet50", "min_batch_size": 128, "dataset": "CIFAR", "placement": null, "use_nccl": true, "devices_per_worker": 1, "primary_resource": "extra_gpu", "gpu": false, "verbose": false, "lr_config": {"mode": "log", "steps": 5, "initial_lr": 0.005, "target_lr": 0.005}, "batch_per_device": 128}, "time_since_restore": 86.29714059829712, "timesteps_since_restore": 0, "iterations_since_restore": 2, "mean_throughput": 1390.5412348848965, "atoms": 1, "setup_time": 8.829968452453613}
