{"apply": 0.02113296985626221, "batch_time": 0.049832745443416544, "d2h": 0.0007852315902709961, "data_time": 0.0018487598585045855, "fwd": 0.15729303359985353, "get_state_time_mean": NaN, "get_state_time_total": 0.0, "grad": 0.22017405033111573, "mean_accuracy": 0.1386999934911728, "mean_loss": 2.3605111824035645, "neg_mean_accuracy": -0.1386999934911728, "set_state_time_mean": NaN, "set_state_time_total": 0.0, "setup_model_time_mean": 18.074496746063232, "setup_model_time_total": 18.074496746063232, "setup_proc_time_mean": 1.7756295204162598, "setup_proc_time_total": 1.7756295204162598, "train_accuracy": 0.11507999897003174, "train_loss": 2.74127560546875, "training_time_mean": NaN, "training_time_total": 0.0, "val_accuracy": 0.1386999934911728, "val_loss": 2.3605111824035645, "validation_time_mean": NaN, "validation_time_total": 0.0, "samples": 60000, "num_workers": 1, "done": false, "timesteps_total": null, "episodes_total": null, "training_iteration": 1, "neg_mean_loss": -2.3605111824035645, "experiment_id": "318c9a8640704f29b0267627520c3e8a", "date": "2019-06-06_09-28-26", "timestamp": 1559838506, "time_this_iter_s": 48.42146420478821, "time_total_s": 48.42146420478821, "pid": 9136, "hostname": "steropes", "node_ip": "169.229.49.254", "config": {"starting_lr": 0.0001, "momentum": 0.9, "weight_decay": 0.0001, "steps_per_iteration": null, "pin": false, "model_creator": null, "target_batch_size": 128, "model_string": "resnet50", "min_batch_size": 128, "dataset": "CIFAR", "placement": null, "use_nccl": true, "devices_per_worker": 1, "primary_resource": "extra_gpu", "gpu": false, "verbose": false, "lr_config": {"mode": "log", "steps": 5, "initial_lr": 0.0001, "target_lr": 0.0001}, "batch_per_device": 128}, "time_since_restore": 48.42146420478821, "timesteps_since_restore": 0, "iterations_since_restore": 1, "mean_throughput": 1239.1175900584713, "atoms": 1, "setup_time": 21.591365098953247}
{"apply": 0.018210077285766603, "batch_time": 0.03224176998379864, "d2h": 0.0007645845413208008, "data_time": 0.001829049166511087, "fwd": 0.029300713539123537, "get_state_time_mean": NaN, "get_state_time_total": 0.0, "grad": 0.04905703067779541, "mean_accuracy": 0.15164999663829803, "mean_loss": 2.3077066537857056, "neg_mean_accuracy": -0.16459999978542328, "set_state_time_mean": NaN, "set_state_time_total": 0.0, "setup_model_time_mean": NaN, "setup_model_time_total": 0.0, "setup_proc_time_mean": NaN, "setup_proc_time_total": 0.0, "train_accuracy": 0.14323998987674713, "train_loss": 2.3379146974945066, "training_time_mean": NaN, "training_time_total": 0.0, "val_accuracy": 0.16459999978542328, "val_loss": 2.2549021251678467, "validation_time_mean": NaN, "validation_time_total": 0.0, "samples": 60000, "num_workers": 1, "done": false, "timesteps_total": null, "episodes_total": null, "training_iteration": 2, "neg_mean_loss": -2.3077066537857056, "experiment_id": "318c9a8640704f29b0267627520c3e8a", "date": "2019-06-06_09-29-08", "timestamp": 1559838548, "time_this_iter_s": 41.784918785095215, "time_total_s": 90.20638298988342, "pid": 9136, "hostname": "steropes", "node_ip": "169.229.49.254", "config": {"starting_lr": 0.0001, "momentum": 0.9, "weight_decay": 0.0001, "steps_per_iteration": null, "pin": false, "model_creator": null, "target_batch_size": 128, "model_string": "resnet50", "min_batch_size": 128, "dataset": "CIFAR", "placement": null, "use_nccl": true, "devices_per_worker": 1, "primary_resource": "extra_gpu", "gpu": false, "verbose": false, "lr_config": {"mode": "log", "steps": 5, "initial_lr": 0.0001, "target_lr": 0.0001}, "batch_per_device": 128}, "time_since_restore": 90.20638298988342, "timesteps_since_restore": 0, "iterations_since_restore": 2, "mean_throughput": 1330.2791181236519, "atoms": 1, "setup_time": 21.591365098953247}
{"apply": 0.01742563247680664, "batch_time": 0.03351992896840542, "d2h": 0.0008608818054199219, "data_time": 0.0018296260053239516, "fwd": 0.028847336769104004, "get_state_time_mean": NaN, "get_state_time_total": 0.0, "grad": 0.04882533550262451, "mean_accuracy": 0.16299999753634134, "mean_loss": 2.269153159840902, "neg_mean_accuracy": -0.18569999933242798, "set_state_time_mean": NaN, "set_state_time_total": 0.0, "setup_model_time_mean": NaN, "setup_model_time_total": 0.0, "setup_proc_time_mean": NaN, "setup_proc_time_total": 0.0, "train_accuracy": 0.1649799942970276, "train_loss": 2.259573209991455, "training_time_mean": NaN, "training_time_total": 0.0, "val_accuracy": 0.18569999933242798, "val_loss": 2.192046171951294, "validation_time_mean": NaN, "validation_time_total": 0.0, "samples": 60000, "num_workers": 1, "done": true, "timesteps_total": null, "episodes_total": null, "training_iteration": 3, "neg_mean_loss": -2.269153159840902, "experiment_id": "318c9a8640704f29b0267627520c3e8a", "date": "2019-06-06_09-29-50", "timestamp": 1559838590, "time_this_iter_s": 41.43668270111084, "time_total_s": 131.64306569099426, "pid": 9136, "hostname": "steropes", "node_ip": "169.229.49.254", "config": {"starting_lr": 0.0001, "momentum": 0.9, "weight_decay": 0.0001, "steps_per_iteration": null, "pin": false, "model_creator": null, "target_batch_size": 128, "model_string": "resnet50", "min_batch_size": 128, "dataset": "CIFAR", "placement": null, "use_nccl": true, "devices_per_worker": 1, "primary_resource": "extra_gpu", "gpu": false, "verbose": false, "lr_config": {"mode": "log", "steps": 5, "initial_lr": 0.0001, "target_lr": 0.0001}, "batch_per_device": 128}, "time_since_restore": 131.64306569099426, "timesteps_since_restore": 0, "iterations_since_restore": 3, "mean_throughput": 1367.3302868737792, "atoms": 1, "setup_time": 21.591365098953247}
