apply,batch_time,d2h,data_time,fwd,get_state_time_mean,get_state_time_total,grad,mean_accuracy,mean_loss,neg_mean_accuracy,set_state_time_mean,set_state_time_total,setup_model_time_mean,setup_model_time_total,setup_proc_time_mean,setup_proc_time_total,train_accuracy,train_loss,training_time_mean,training_time_total,validation_time_mean,validation_time_total,samples,num_workers,done,timesteps_total,episodes_total,training_iteration,neg_mean_loss,experiment_id,date,timestamp,time_this_iter_s,time_total_s,pid,hostname,node_ip,config,time_since_restore,timesteps_since_restore,iterations_since_restore,mean_throughput,atoms,resource_time
0.008106422424316407,0.18329851627349852,0.005713081359863282,0.04336176599775042,0.09615511894226074,nan,0.0,0.15951483249664306,0.42179998755455017,1.5634174602508546,-0.42179998755455017,nan,0.0,16.842525720596313,16.842525720596313,1.8227856159210205,1.8227856159210205,0.33545997738838196,2.001697582435608,nan,0.0,nan,0.0,60000,1,False,,,1,-1.5634174602508546,11fcca2dd9a9480b90d925caf3605a8e,2019-05-30_14-35-53,1559252153,12.383424043655396,12.383424043655396,13453,steropes,169.229.49.254,"{'starting_lr': 0.05, 'momentum': 0.9, 'weight_decay': 0.005, 'steps_per_iteration': None, 'pin': False, 'model_creator': None, 'target_batch_size': 1024, 'model_string': 'resnet18', 'min_batch_size': 512, 'dataset': 'CIFAR', 'placement': None, 'use_nccl': True, 'devices_per_worker': 1, 'primary_resource': 'extra_gpu', 'gpu': False, 'verbose': False, 'lr_config': {'mode': 'log', 'steps': 5, 'initial_lr': 0.05, 'target_lr': 0.05}, 'batch_per_device': 1024}",12.383424043655396,0,1,4845.155237329651,1,12.383424043655396
0.007909011840820313,0.1311535120010376,0.007691812515258789,0.04639007607284857,0.03869121074676514,nan,0.0,0.07085640430450439,0.4932999908924103,1.418728337097168,-0.4932999908924103,nan,0.0,nan,0.0,nan,0.0,0.4807799756526947,1.4244377390670777,nan,0.0,nan,0.0,60000,1,False,,,2,-1.418728337097168,11fcca2dd9a9480b90d925caf3605a8e,2019-05-30_14-36-02,1559252162,8.825121879577637,21.208545923233032,13453,steropes,169.229.49.254,"{'starting_lr': 0.05, 'momentum': 0.9, 'weight_decay': 0.005, 'steps_per_iteration': None, 'pin': False, 'model_creator': None, 'target_batch_size': 1024, 'model_string': 'resnet18', 'min_batch_size': 512, 'dataset': 'CIFAR', 'placement': None, 'use_nccl': True, 'devices_per_worker': 1, 'primary_resource': 'extra_gpu', 'gpu': False, 'verbose': False, 'lr_config': {'mode': 'log', 'steps': 5, 'initial_lr': 0.05, 'target_lr': 0.05}, 'batch_per_device': 1024}",21.208545923233032,0,2,5658.04564102552,1,21.208545923233032
0.008767390251159668,0.12923643589019776,0.006857180595397949,0.03659195802649673,0.03229703903198242,nan,0.0,0.056937789916992186,0.5171999931335449,1.3344632204055786,-0.5171999931335449,nan,0.0,nan,0.0,nan,0.0,0.5405600070953369,1.2628702209472655,nan,0.0,nan,0.0,60000,1,False,,,3,-1.3344632204055786,11fcca2dd9a9480b90d925caf3605a8e,2019-05-30_14-36-10,1559252170,8.747437477111816,29.95598340034485,13453,steropes,169.229.49.254,"{'starting_lr': 0.05, 'momentum': 0.9, 'weight_decay': 0.005, 'steps_per_iteration': None, 'pin': False, 'model_creator': None, 'target_batch_size': 1024, 'model_string': 'resnet18', 'min_batch_size': 512, 'dataset': 'CIFAR', 'placement': None, 'use_nccl': True, 'devices_per_worker': 1, 'primary_resource': 'extra_gpu', 'gpu': False, 'verbose': False, 'lr_config': {'mode': 'log', 'steps': 5, 'initial_lr': 0.05, 'target_lr': 0.05}, 'batch_per_device': 1024}",29.95598340034485,0,3,6008.760349640382,1,29.95598340034485
0.007828617095947265,0.13706593513488768,0.007434773445129395,0.04818268698088977,0.03010556697845459,nan,0.0,0.06002929210662842,0.5906000137329102,1.142757858467102,-0.5906000137329102,nan,0.0,nan,0.0,nan,0.0,0.5989199876785278,1.1174450910949707,nan,0.0,nan,0.0,60000,1,False,,,4,-1.142757858467102,11fcca2dd9a9480b90d925caf3605a8e,2019-05-30_14-36-20,1559252180,9.154845237731934,39.11082863807678,13453,steropes,169.229.49.254,"{'starting_lr': 0.05, 'momentum': 0.9, 'weight_decay': 0.005, 'steps_per_iteration': None, 'pin': False, 'model_creator': None, 'target_batch_size': 1024, 'model_string': 'resnet18', 'min_batch_size': 512, 'dataset': 'CIFAR', 'placement': None, 'use_nccl': True, 'devices_per_worker': 1, 'primary_resource': 'extra_gpu', 'gpu': False, 'verbose': False, 'lr_config': {'mode': 'log', 'steps': 5, 'initial_lr': 0.05, 'target_lr': 0.05}, 'batch_per_device': 1024}",39.11082863807678,0,4,6136.349974584602,1,39.11082863807678
0.008089852333068848,0.13250265121459961,0.006609272956848144,0.06232118606567383,0.025806021690368653,nan,0.0,0.04566390514373779,0.5932999849319458,1.133968009185791,-0.5932999849319458,nan,0.0,nan,0.0,nan,0.0,0.6281999945640564,1.036605439338684,nan,0.0,nan,0.0,60000,1,False,,,5,-1.133968009185791,11fcca2dd9a9480b90d925caf3605a8e,2019-05-30_14-36-29,1559252189,9.543373823165894,48.654202461242676,13453,steropes,169.229.49.254,"{'starting_lr': 0.05, 'momentum': 0.9, 'weight_decay': 0.005, 'steps_per_iteration': None, 'pin': False, 'model_creator': None, 'target_batch_size': 1024, 'model_string': 'resnet18', 'min_batch_size': 512, 'dataset': 'CIFAR', 'placement': None, 'use_nccl': True, 'devices_per_worker': 1, 'primary_resource': 'extra_gpu', 'gpu': False, 'verbose': False, 'lr_config': {'mode': 'log', 'steps': 5, 'initial_lr': 0.05, 'target_lr': 0.05}, 'batch_per_device': 1024}",48.654202461242676,0,5,6165.895039091377,1,48.654202461242676
0.008157181739807128,0.1346214532852173,0.006449222564697266,0.04613013170203384,0.027985334396362305,nan,0.0,0.05028214454650879,0.6534000039100647,0.9953088962554931,-0.6534000039100647,nan,0.0,nan,0.0,nan,0.0,0.6597399711608887,0.9672326869010925,nan,0.0,nan,0.0,60000,1,False,,,6,-0.9953088962554931,11fcca2dd9a9480b90d925caf3605a8e,2019-05-30_14-36-38,1559252198,8.877589702606201,57.53179216384888,13453,steropes,169.229.49.254,"{'starting_lr': 0.05, 'momentum': 0.9, 'weight_decay': 0.005, 'steps_per_iteration': None, 'pin': False, 'model_creator': None, 'target_batch_size': 1024, 'model_string': 'resnet18', 'min_batch_size': 512, 'dataset': 'CIFAR', 'placement': None, 'use_nccl': True, 'devices_per_worker': 1, 'primary_resource': 'extra_gpu', 'gpu': False, 'verbose': False, 'lr_config': {'mode': 'log', 'steps': 5, 'initial_lr': 0.05, 'target_lr': 0.05}, 'batch_per_device': 1024}",57.53179216384888,0,6,6644.670012992287,1,57.53179216384888
0.008023476600646973,0.1369502305984497,0.0058197021484375,0.0525798748950569,0.024298095703125,nan,0.0,0.04320201873779297,0.6524999737739563,1.0027596839904784,-0.6524999737739563,nan,0.0,nan,0.0,nan,0.0,0.6767399907112122,0.9169708595657349,nan,0.0,nan,0.0,60000,1,False,,,7,-1.0027596839904784,11fcca2dd9a9480b90d925caf3605a8e,2019-05-30_14-36-47,1559252207,9.044439792633057,66.57623195648193,13453,steropes,169.229.49.254,"{'starting_lr': 0.05, 'momentum': 0.9, 'weight_decay': 0.005, 'steps_per_iteration': None, 'pin': False, 'model_creator': None, 'target_batch_size': 1024, 'model_string': 'resnet18', 'min_batch_size': 512, 'dataset': 'CIFAR', 'placement': None, 'use_nccl': True, 'devices_per_worker': 1, 'primary_resource': 'extra_gpu', 'gpu': False, 'verbose': False, 'lr_config': {'mode': 'log', 'steps': 5, 'initial_lr': 0.05, 'target_lr': 0.05}, 'batch_per_device': 1024}",66.57623195648193,0,7,6612.552454952886,1,66.57623195648193
0.008283042907714843,0.14452826976776123,0.007010245323181152,0.038633910977110573,0.027614760398864745,nan,0.0,0.05880918502807617,0.6046000123023987,1.112642439842224,-0.6046000123023987,nan,0.0,nan,0.0,nan,0.0,0.6920599937438965,0.8803869363212585,nan,0.0,nan,0.0,60000,1,False,,,8,-1.112642439842224,11fcca2dd9a9480b90d925caf3605a8e,2019-05-30_14-36-56,1559252216,8.833655834197998,75.40988779067993,13453,steropes,169.229.49.254,"{'starting_lr': 0.05, 'momentum': 0.9, 'weight_decay': 0.005, 'steps_per_iteration': None, 'pin': False, 'model_creator': None, 'target_batch_size': 1024, 'model_string': 'resnet18', 'min_batch_size': 512, 'dataset': 'CIFAR', 'placement': None, 'use_nccl': True, 'devices_per_worker': 1, 'primary_resource': 'extra_gpu', 'gpu': False, 'verbose': False, 'lr_config': {'mode': 'log', 'steps': 5, 'initial_lr': 0.05, 'target_lr': 0.05}, 'batch_per_device': 1024}",75.40988779067993,0,8,6600.008959877734,1,75.40988779067993
0.008060574531555176,0.1389136791229248,0.00794670581817627,0.04060615812029157,0.026465415954589844,nan,0.0,0.04955880641937256,0.7019000053405762,0.8714035762786865,-0.7019000053405762,nan,0.0,nan,0.0,nan,0.0,0.7089399695396423,0.8319536616134644,nan,0.0,nan,0.0,60000,1,False,,,9,-0.8714035762786865,11fcca2dd9a9480b90d925caf3605a8e,2019-05-30_14-37-05,1559252225,8.605438470840454,84.01532626152039,13453,steropes,169.229.49.254,"{'starting_lr': 0.05, 'momentum': 0.9, 'weight_decay': 0.005, 'steps_per_iteration': None, 'pin': False, 'model_creator': None, 'target_batch_size': 1024, 'model_string': 'resnet18', 'min_batch_size': 512, 'dataset': 'CIFAR', 'placement': None, 'use_nccl': True, 'devices_per_worker': 1, 'primary_resource': 'extra_gpu', 'gpu': False, 'verbose': False, 'lr_config': {'mode': 'log', 'steps': 5, 'initial_lr': 0.05, 'target_lr': 0.05}, 'batch_per_device': 1024}",84.01532626152039,0,9,6680.760126837956,1,84.01532626152039
0.00879809856414795,0.1449237585067749,0.005384254455566406,0.03909579588442433,0.03205525875091553,nan,0.0,0.05159785747528076,0.6919999718666077,0.9112734658241272,-0.6919999718666077,nan,0.0,nan,0.0,nan,0.0,0.722279965877533,0.7986332893371582,nan,0.0,nan,0.0,60000,1,False,,,10,-0.9112734658241272,11fcca2dd9a9480b90d925caf3605a8e,2019-05-30_14-37-13,1559252233,8.71469759941101,92.7300238609314,13453,steropes,169.229.49.254,"{'starting_lr': 0.05, 'momentum': 0.9, 'weight_decay': 0.005, 'steps_per_iteration': None, 'pin': False, 'model_creator': None, 'target_batch_size': 1024, 'model_string': 'resnet18', 'min_batch_size': 512, 'dataset': 'CIFAR', 'placement': None, 'use_nccl': True, 'devices_per_worker': 1, 'primary_resource': 'extra_gpu', 'gpu': False, 'verbose': False, 'lr_config': {'mode': 'log', 'steps': 5, 'initial_lr': 0.05, 'target_lr': 0.05}, 'batch_per_device': 1024}",92.7300238609314,0,10,6806.37736975073,1,92.7300238609314
0.007202529907226562,0.1267263412475586,0.0062969446182250975,0.046855678363722196,0.02567152976989746,nan,0.0,0.0462568998336792,0.6965999603271484,0.8996425659179688,-0.6965999603271484,nan,0.0,nan,0.0,nan,0.0,0.7279799580574036,0.7822557248306274,nan,0.0,nan,0.0,60000,1,False,,,11,-0.8996425659179688,11fcca2dd9a9480b90d925caf3605a8e,2019-05-30_14-37-22,1559252242,8.450966835021973,101.18099069595337,13453,steropes,169.229.49.254,"{'starting_lr': 0.05, 'momentum': 0.9, 'weight_decay': 0.005, 'steps_per_iteration': None, 'pin': False, 'model_creator': None, 'target_batch_size': 1024, 'model_string': 'resnet18', 'min_batch_size': 512, 'dataset': 'CIFAR', 'placement': None, 'use_nccl': True, 'devices_per_worker': 1, 'primary_resource': 'extra_gpu', 'gpu': False, 'verbose': False, 'lr_config': {'mode': 'log', 'steps': 5, 'initial_lr': 0.05, 'target_lr': 0.05}, 'batch_per_device': 1024}",101.18099069595337,0,11,6872.911494638969,1,101.18099069595337
0.007607960700988769,0.1226414680480957,0.005039525032043457,0.04486883903036312,0.023584842681884766,nan,0.0,0.04393644332885742,0.7062000036239624,0.8609299940109253,-0.7062000036239624,nan,0.0,nan,0.0,nan,0.0,0.733519971370697,0.7736472534179688,nan,0.0,nan,0.0,60000,1,False,,,12,-0.8609299940109253,11fcca2dd9a9480b90d925caf3605a8e,2019-05-30_14-37-29,1559252249,7.593316316604614,108.77430701255798,13453,steropes,169.229.49.254,"{'starting_lr': 0.05, 'momentum': 0.9, 'weight_decay': 0.005, 'steps_per_iteration': None, 'pin': False, 'model_creator': None, 'target_batch_size': 1024, 'model_string': 'resnet18', 'min_batch_size': 512, 'dataset': 'CIFAR', 'placement': None, 'use_nccl': True, 'devices_per_worker': 1, 'primary_resource': 'extra_gpu', 'gpu': False, 'verbose': False, 'lr_config': {'mode': 'log', 'steps': 5, 'initial_lr': 0.05, 'target_lr': 0.05}, 'batch_per_device': 1024}",108.77430701255798,0,12,7109.2587773829,1,108.77430701255798
0.007883834838867187,0.12185091972351074,0.004673099517822266,0.045509747096470425,0.029769468307495116,nan,0.0,0.05960369110107422,0.6766999959945679,0.9341998898506164,-0.6766999959945679,nan,0.0,nan,0.0,nan,0.0,0.7432199716567993,0.7462466348648071,nan,0.0,nan,0.0,60000,1,False,,,13,-0.9341998898506164,11fcca2dd9a9480b90d925caf3605a8e,2019-05-30_14-37-37,1559252257,7.897118806838989,116.67142581939697,13453,steropes,169.229.49.254,"{'starting_lr': 0.05, 'momentum': 0.9, 'weight_decay': 0.005, 'steps_per_iteration': None, 'pin': False, 'model_creator': None, 'target_batch_size': 1024, 'model_string': 'resnet18', 'min_batch_size': 512, 'dataset': 'CIFAR', 'placement': None, 'use_nccl': True, 'devices_per_worker': 1, 'primary_resource': 'extra_gpu', 'gpu': False, 'verbose': False, 'lr_config': {'mode': 'log', 'steps': 5, 'initial_lr': 0.05, 'target_lr': 0.05}, 'batch_per_device': 1024}",116.67142581939697,0,13,7270.623597709764,1,116.67142581939697
0.008042359352111816,0.1249882698059082,0.005269145965576172,0.04134188866128727,0.03685240745544434,nan,0.0,0.059509801864624026,0.7360000014305115,0.7791477304458618,-0.7360000014305115,nan,0.0,nan,0.0,nan,0.0,0.7521399855613708,0.7229857601165771,nan,0.0,nan,0.0,60000,1,False,,,14,-0.7791477304458618,11fcca2dd9a9480b90d925caf3605a8e,2019-05-30_14-37-45,1559252265,8.169002294540405,124.84042811393738,13453,steropes,169.229.49.254,"{'starting_lr': 0.05, 'momentum': 0.9, 'weight_decay': 0.005, 'steps_per_iteration': None, 'pin': False, 'model_creator': None, 'target_batch_size': 1024, 'model_string': 'resnet18', 'min_batch_size': 512, 'dataset': 'CIFAR', 'placement': None, 'use_nccl': True, 'devices_per_worker': 1, 'primary_resource': 'extra_gpu', 'gpu': False, 'verbose': False, 'lr_config': {'mode': 'log', 'steps': 5, 'initial_lr': 0.05, 'target_lr': 0.05}, 'batch_per_device': 1024}",124.84042811393738,0,14,7348.350516493433,1,124.84042811393738
0.008171510696411134,0.15018072128295898,0.004891490936279297,0.03586769104003906,0.035326457023620604,nan,0.0,0.0669055700302124,0.696399986743927,0.9047796705245972,-0.696399986743927,nan,0.0,nan,0.0,nan,0.0,0.759719967842102,0.7010918433761597,nan,0.0,nan,0.0,60000,1,False,,,15,-0.9047796705245972,11fcca2dd9a9480b90d925caf3605a8e,2019-05-30_14-37-54,1559252274,8.262571573257446,133.10299968719482,13453,steropes,169.229.49.254,"{'starting_lr': 0.05, 'momentum': 0.9, 'weight_decay': 0.005, 'steps_per_iteration': None, 'pin': False, 'model_creator': None, 'target_batch_size': 1024, 'model_string': 'resnet18', 'min_batch_size': 512, 'dataset': 'CIFAR', 'placement': None, 'use_nccl': True, 'devices_per_worker': 1, 'primary_resource': 'extra_gpu', 'gpu': False, 'verbose': False, 'lr_config': {'mode': 'log', 'steps': 5, 'initial_lr': 0.05, 'target_lr': 0.05}, 'batch_per_device': 1024}",133.10299968719482,0,15,7430.6430571779665,1,133.10299968719482
0.00961925983428955,0.14308536052703857,0.006731748580932617,0.03197470489813357,0.039442706108093264,nan,0.0,0.06195347309112549,0.6836999654769897,0.9358838793754578,-0.6836999654769897,nan,0.0,nan,0.0,nan,0.0,0.759719967842102,0.699840901889801,nan,0.0,nan,0.0,60000,1,False,,,16,-0.9358838793754578,11fcca2dd9a9480b90d925caf3605a8e,2019-05-30_14-38-02,1559252282,8.390928268432617,141.49392795562744,13453,steropes,169.229.49.254,"{'starting_lr': 0.05, 'momentum': 0.9, 'weight_decay': 0.005, 'steps_per_iteration': None, 'pin': False, 'model_creator': None, 'target_batch_size': 1024, 'model_string': 'resnet18', 'min_batch_size': 512, 'dataset': 'CIFAR', 'placement': None, 'use_nccl': True, 'devices_per_worker': 1, 'primary_resource': 'extra_gpu', 'gpu': False, 'verbose': False, 'lr_config': {'mode': 'log', 'steps': 5, 'initial_lr': 0.05, 'target_lr': 0.05}, 'batch_per_device': 1024}",141.49392795562744,0,16,7441.710559542363,1,141.49392795562744
0.010423493385314942,0.12572836875915527,0.005527973175048828,0.03196256501334054,0.03583779335021973,nan,0.0,0.07120292186737061,0.6979999542236328,0.8602003887176514,-0.6979999542236328,nan,0.0,nan,0.0,nan,0.0,0.7692399621009827,0.6778632129287719,nan,0.0,nan,0.0,60000,1,False,,,17,-0.8602003887176514,11fcca2dd9a9480b90d925caf3605a8e,2019-05-30_14-38-10,1559252290,8.313751697540283,149.80767965316772,13453,steropes,169.229.49.254,"{'starting_lr': 0.05, 'momentum': 0.9, 'weight_decay': 0.005, 'steps_per_iteration': None, 'pin': False, 'model_creator': None, 'target_batch_size': 1024, 'model_string': 'resnet18', 'min_batch_size': 512, 'dataset': 'CIFAR', 'placement': None, 'use_nccl': True, 'devices_per_worker': 1, 'primary_resource': 'extra_gpu', 'gpu': False, 'verbose': False, 'lr_config': {'mode': 'log', 'steps': 5, 'initial_lr': 0.05, 'target_lr': 0.05}, 'batch_per_device': 1024}",149.80767965316772,0,17,7311.054106995501,1,149.80767965316772
0.007706189155578613,0.14078757762908936,0.007663369178771973,0.04021058763776507,0.03669483661651611,nan,0.0,0.06125917434692383,0.7479000091552734,0.755135978603363,-0.7479000091552734,nan,0.0,nan,0.0,nan,0.0,0.7727199792861938,0.6677386038017273,nan,0.0,nan,0.0,60000,1,False,,,18,-0.755135978603363,11fcca2dd9a9480b90d925caf3605a8e,2019-05-30_14-38-19,1559252299,8.868922233581543,158.67660188674927,13453,steropes,169.229.49.254,"{'starting_lr': 0.05, 'momentum': 0.9, 'weight_decay': 0.005, 'steps_per_iteration': None, 'pin': False, 'model_creator': None, 'target_batch_size': 1024, 'model_string': 'resnet18', 'min_batch_size': 512, 'dataset': 'CIFAR', 'placement': None, 'use_nccl': True, 'devices_per_worker': 1, 'primary_resource': 'extra_gpu', 'gpu': False, 'verbose': False, 'lr_config': {'mode': 'log', 'steps': 5, 'initial_lr': 0.05, 'target_lr': 0.05}, 'batch_per_device': 1024}",158.67660188674927,0,18,7141.910203317127,1,158.67660188674927
0.007721161842346192,0.1503221035003662,0.00567169189453125,0.03524643061112384,0.032599258422851565,nan,0.0,0.04781553745269775,0.7452999949455261,0.7568308818817139,-0.7452999949455261,nan,0.0,nan,0.0,nan,0.0,0.7687399983406067,0.6760366427612304,nan,0.0,nan,0.0,60000,1,False,,,19,-0.7568308818817139,11fcca2dd9a9480b90d925caf3605a8e,2019-05-30_14-38-28,1559252308,8.281323671340942,166.9579255580902,13453,steropes,169.229.49.254,"{'starting_lr': 0.05, 'momentum': 0.9, 'weight_decay': 0.005, 'steps_per_iteration': None, 'pin': False, 'model_creator': None, 'target_batch_size': 1024, 'model_string': 'resnet18', 'min_batch_size': 512, 'dataset': 'CIFAR', 'placement': None, 'use_nccl': True, 'devices_per_worker': 1, 'primary_resource': 'extra_gpu', 'gpu': False, 'verbose': False, 'lr_config': {'mode': 'log', 'steps': 5, 'initial_lr': 0.05, 'target_lr': 0.05}, 'batch_per_device': 1024}",166.9579255580902,0,19,7122.862107489796,1,166.9579255580902
0.010361051559448243,0.14458775520324707,0.00663151741027832,0.045191005784638076,0.026184797286987305,nan,0.0,0.05446538925170898,0.6344000101089478,1.1369123559951781,-0.6344000101089478,nan,0.0,nan,0.0,nan,0.0,0.7780599594116211,0.657040109500885,nan,0.0,nan,0.0,60000,1,False,,,20,-1.1369123559951781,11fcca2dd9a9480b90d925caf3605a8e,2019-05-30_14-38-36,1559252316,8.797074794769287,175.7550003528595,13453,steropes,169.229.49.254,"{'starting_lr': 0.05, 'momentum': 0.9, 'weight_decay': 0.005, 'steps_per_iteration': None, 'pin': False, 'model_creator': None, 'target_batch_size': 1024, 'model_string': 'resnet18', 'min_batch_size': 512, 'dataset': 'CIFAR', 'placement': None, 'use_nccl': True, 'devices_per_worker': 1, 'primary_resource': 'extra_gpu', 'gpu': False, 'verbose': False, 'lr_config': {'mode': 'log', 'steps': 5, 'initial_lr': 0.05, 'target_lr': 0.05}, 'batch_per_device': 1024}",175.7550003528595,0,20,7033.5993416017545,1,175.7550003528595
0.013185477256774903,0.17464809417724608,0.006877613067626953,0.04484682667012117,0.033317041397094724,nan,0.0,0.06391305923461914,0.7109999656677246,0.8581390931129456,-0.7109999656677246,nan,0.0,nan,0.0,nan,0.0,0.7778799533843994,0.653411937046051,nan,0.0,nan,0.0,60000,1,False,,,21,-0.8581390931129456,11fcca2dd9a9480b90d925caf3605a8e,2019-05-30_14-38-46,1559252326,9.348000764846802,185.1030011177063,13453,steropes,169.229.49.254,"{'starting_lr': 0.05, 'momentum': 0.9, 'weight_decay': 0.005, 'steps_per_iteration': None, 'pin': False, 'model_creator': None, 'target_batch_size': 1024, 'model_string': 'resnet18', 'min_batch_size': 512, 'dataset': 'CIFAR', 'placement': None, 'use_nccl': True, 'devices_per_worker': 1, 'primary_resource': 'extra_gpu', 'gpu': False, 'verbose': False, 'lr_config': {'mode': 'log', 'steps': 5, 'initial_lr': 0.05, 'target_lr': 0.05}, 'batch_per_device': 1024}",185.1030011177063,0,21,6879.235528821653,1,185.1030011177063
0.0078077554702758786,0.1380624294281006,0.007835960388183594,0.03858067551437689,0.03276791572570801,nan,0.0,0.05508143901824951,0.7383999824523926,0.7582630264282226,-0.7383999824523926,nan,0.0,nan,0.0,nan,0.0,0.7810199856758118,0.6405060995864869,nan,0.0,nan,0.0,60000,1,False,,,22,-0.7582630264282226,11fcca2dd9a9480b90d925caf3605a8e,2019-05-30_14-38-54,1559252334,8.591946125030518,193.69494724273682,13453,steropes,169.229.49.254,"{'starting_lr': 0.05, 'momentum': 0.9, 'weight_decay': 0.005, 'steps_per_iteration': None, 'pin': False, 'model_creator': None, 'target_batch_size': 1024, 'model_string': 'resnet18', 'min_batch_size': 512, 'dataset': 'CIFAR', 'placement': None, 'use_nccl': True, 'devices_per_worker': 1, 'primary_resource': 'extra_gpu', 'gpu': False, 'verbose': False, 'lr_config': {'mode': 'log', 'steps': 5, 'initial_lr': 0.05, 'target_lr': 0.05}, 'batch_per_device': 1024}",193.69494724273682,0,22,6835.629232790511,1,193.69494724273682
0.008504438400268554,0.1502225160598755,0.005476808547973633,0.0443139124889763,0.0330031156539917,nan,0.0,0.06230840682983398,0.7148999571800232,0.8454878646850585,-0.7148999571800232,nan,0.0,nan,0.0,nan,0.0,0.7841199636459351,0.6323279955482483,nan,0.0,nan,0.0,60000,1,False,,,23,-0.8454878646850585,11fcca2dd9a9480b90d925caf3605a8e,2019-05-30_14-39-03,1559252343,8.890000343322754,202.58494758605957,13453,steropes,169.229.49.254,"{'starting_lr': 0.05, 'momentum': 0.9, 'weight_decay': 0.005, 'steps_per_iteration': None, 'pin': False, 'model_creator': None, 'target_batch_size': 1024, 'model_string': 'resnet18', 'min_batch_size': 512, 'dataset': 'CIFAR', 'placement': None, 'use_nccl': True, 'devices_per_worker': 1, 'primary_resource': 'extra_gpu', 'gpu': False, 'verbose': False, 'lr_config': {'mode': 'log', 'steps': 5, 'initial_lr': 0.05, 'target_lr': 0.05}, 'batch_per_device': 1024}",202.58494758605957,0,23,6832.349096418092,1,202.58494758605957
0.007174110412597657,0.15406413078308107,0.004596281051635742,0.0249038569781245,0.037147355079650876,nan,0.0,0.0713918685913086,0.6758999824523926,1.0040673018455506,-0.6758999824523926,nan,0.0,nan,0.0,nan,0.0,0.7809000015258789,0.6434529816055298,nan,0.0,nan,0.0,60000,1,False,,,24,-1.0040673018455506,11fcca2dd9a9480b90d925caf3605a8e,2019-05-30_14-39-12,1559252352,8.493034362792969,211.07798194885254,13453,steropes,169.229.49.254,"{'starting_lr': 0.05, 'momentum': 0.9, 'weight_decay': 0.005, 'steps_per_iteration': None, 'pin': False, 'model_creator': None, 'target_batch_size': 1024, 'model_string': 'resnet18', 'min_batch_size': 512, 'dataset': 'CIFAR', 'placement': None, 'use_nccl': True, 'devices_per_worker': 1, 'primary_resource': 'extra_gpu', 'gpu': False, 'verbose': False, 'lr_config': {'mode': 'log', 'steps': 5, 'initial_lr': 0.05, 'target_lr': 0.05}, 'batch_per_device': 1024}",211.07798194885254,0,24,6799.565131724487,1,211.07798194885254
0.007791662216186523,0.12816507816314698,0.006272411346435547,0.03864363748200086,0.027643322944641113,nan,0.0,0.05586650371551514,0.7200999855995178,0.8279218368530273,-0.7200999855995178,nan,0.0,nan,0.0,nan,0.0,0.7884199619293213,0.618957171497345,nan,0.0,nan,0.0,60000,1,False,,,25,-0.8279218368530273,11fcca2dd9a9480b90d925caf3605a8e,2019-05-30_14-39-20,1559252360,8.148993253707886,219.22697520256042,13453,steropes,169.229.49.254,"{'starting_lr': 0.05, 'momentum': 0.9, 'weight_decay': 0.005, 'steps_per_iteration': None, 'pin': False, 'model_creator': None, 'target_batch_size': 1024, 'model_string': 'resnet18', 'min_batch_size': 512, 'dataset': 'CIFAR', 'placement': None, 'use_nccl': True, 'devices_per_worker': 1, 'primary_resource': 'extra_gpu', 'gpu': False, 'verbose': False, 'lr_config': {'mode': 'log', 'steps': 5, 'initial_lr': 0.05, 'target_lr': 0.05}, 'batch_per_device': 1024}",219.22697520256042,0,25,6900.931956455698,1,219.22697520256042
0.007494664192199707,0.13096072673797607,0.0047468900680541996,0.04340744991691745,0.024854588508605956,nan,0.0,0.04832763671875,0.5457000136375427,1.477744270515442,-0.5457000136375427,nan,0.0,nan,0.0,nan,0.0,0.7851399779319763,0.6302554602241516,nan,0.0,nan,0.0,60000,1,False,,,26,-1.477744270515442,11fcca2dd9a9480b90d925caf3605a8e,2019-05-30_14-39-28,1559252368,7.853513240814209,227.08048844337463,13453,steropes,169.229.49.254,"{'starting_lr': 0.05, 'momentum': 0.9, 'weight_decay': 0.005, 'steps_per_iteration': None, 'pin': False, 'model_creator': None, 'target_batch_size': 1024, 'model_string': 'resnet18', 'min_batch_size': 512, 'dataset': 'CIFAR', 'placement': None, 'use_nccl': True, 'devices_per_worker': 1, 'primary_resource': 'extra_gpu', 'gpu': False, 'verbose': False, 'lr_config': {'mode': 'log', 'steps': 5, 'initial_lr': 0.05, 'target_lr': 0.05}, 'batch_per_device': 1024}",227.08048844337463,0,26,7146.614860057988,1,227.08048844337463
0.008021926879882813,0.12656717300415038,0.0063770532608032225,0.04073097267929388,0.024554800987243653,nan,0.0,0.05091383457183838,0.734499990940094,0.792744017982483,-0.734499990940094,nan,0.0,nan,0.0,nan,0.0,0.795740008354187,0.602592753162384,nan,0.0,nan,0.0,60000,1,False,,,27,-0.792744017982483,11fcca2dd9a9480b90d925caf3605a8e,2019-05-30_14-39-35,1559252375,7.6512510776519775,234.7317395210266,13453,steropes,169.229.49.254,"{'starting_lr': 0.05, 'momentum': 0.9, 'weight_decay': 0.005, 'steps_per_iteration': None, 'pin': False, 'model_creator': None, 'target_batch_size': 1024, 'model_string': 'resnet18', 'min_batch_size': 512, 'dataset': 'CIFAR', 'placement': None, 'use_nccl': True, 'devices_per_worker': 1, 'primary_resource': 'extra_gpu', 'gpu': False, 'verbose': False, 'lr_config': {'mode': 'log', 'steps': 5, 'initial_lr': 0.05, 'target_lr': 0.05}, 'batch_per_device': 1024}",234.7317395210266,0,27,7310.437102649067,1,234.7317395210266
0.007956194877624511,0.12684988975524902,0.005073142051696777,0.03694548898813676,0.02893986701965332,nan,0.0,0.04703707695007324,0.6780999898910522,0.9945472514152527,-0.6780999898910522,nan,0.0,nan,0.0,nan,0.0,0.7927199602127075,0.6107832425117493,nan,0.0,nan,0.0,60000,1,False,,,28,-0.9945472514152527,11fcca2dd9a9480b90d925caf3605a8e,2019-05-30_14-39-44,1559252384,8.434229135513306,243.16596865653992,13453,steropes,169.229.49.254,"{'starting_lr': 0.05, 'momentum': 0.9, 'weight_decay': 0.005, 'steps_per_iteration': None, 'pin': False, 'model_creator': None, 'target_batch_size': 1024, 'model_string': 'resnet18', 'min_batch_size': 512, 'dataset': 'CIFAR', 'placement': None, 'use_nccl': True, 'devices_per_worker': 1, 'primary_resource': 'extra_gpu', 'gpu': False, 'verbose': False, 'lr_config': {'mode': 'log', 'steps': 5, 'initial_lr': 0.05, 'target_lr': 0.05}, 'batch_per_device': 1024}",243.16596865653992,0,28,7392.538279345571,1,243.16596865653992
0.007587599754333496,0.13736751079559326,0.00483245849609375,0.0440616461695457,0.02430691719055176,nan,0.0,0.057746052742004395,0.7623999714851379,0.7083405133247376,-0.7623999714851379,nan,0.0,nan,0.0,nan,0.0,0.7974199652671814,0.5980170033073425,nan,0.0,nan,0.0,60000,1,False,,,29,-0.7083405133247376,11fcca2dd9a9480b90d925caf3605a8e,2019-05-30_14-39-53,1559252393,8.814254999160767,251.98022365570068,13453,steropes,169.229.49.254,"{'starting_lr': 0.05, 'momentum': 0.9, 'weight_decay': 0.005, 'steps_per_iteration': None, 'pin': False, 'model_creator': None, 'target_batch_size': 1024, 'model_string': 'resnet18', 'min_batch_size': 512, 'dataset': 'CIFAR', 'placement': None, 'use_nccl': True, 'devices_per_worker': 1, 'primary_resource': 'extra_gpu', 'gpu': False, 'verbose': False, 'lr_config': {'mode': 'log', 'steps': 5, 'initial_lr': 0.05, 'target_lr': 0.05}, 'batch_per_device': 1024}",251.98022365570068,0,29,7334.481716529969,1,251.98022365570068
0.00940098762512207,0.1244920015335083,0.006305813789367676,0.0450565328403395,0.0362778902053833,nan,0.0,0.06284019947052003,0.7591999769210815,0.7356200885772705,-0.7591999769210815,nan,0.0,nan,0.0,nan,0.0,0.7966399788856506,0.5957007449913025,nan,0.0,nan,0.0,60000,1,False,,,30,-0.7356200885772705,11fcca2dd9a9480b90d925caf3605a8e,2019-05-30_14-40-01,1559252401,8.742446899414062,260.72267055511475,13453,steropes,169.229.49.254,"{'starting_lr': 0.05, 'momentum': 0.9, 'weight_decay': 0.005, 'steps_per_iteration': None, 'pin': False, 'model_creator': None, 'target_batch_size': 1024, 'model_string': 'resnet18', 'min_batch_size': 512, 'dataset': 'CIFAR', 'placement': None, 'use_nccl': True, 'devices_per_worker': 1, 'primary_resource': 'extra_gpu', 'gpu': False, 'verbose': False, 'lr_config': {'mode': 'log', 'steps': 5, 'initial_lr': 0.05, 'target_lr': 0.05}, 'batch_per_device': 1024}",260.72267055511475,0,30,7229.590302405771,1,260.72267055511475
0.007409477233886718,0.1284928560256958,0.009104084968566895,0.03448666845049177,0.0331587553024292,nan,0.0,0.060462331771850585,0.7550999522209167,0.7328850384712219,-0.7550999522209167,nan,0.0,nan,0.0,nan,0.0,0.8010599613189697,0.589475214881897,nan,0.0,nan,0.0,60000,1,False,,,31,-0.7328850384712219,11fcca2dd9a9480b90d925caf3605a8e,2019-05-30_14-40-10,1559252410,8.461868286132812,269.18453884124756,13453,steropes,169.229.49.254,"{'starting_lr': 0.05, 'momentum': 0.9, 'weight_decay': 0.005, 'steps_per_iteration': None, 'pin': False, 'model_creator': None, 'target_batch_size': 1024, 'model_string': 'resnet18', 'min_batch_size': 512, 'dataset': 'CIFAR', 'placement': None, 'use_nccl': True, 'devices_per_worker': 1, 'primary_resource': 'extra_gpu', 'gpu': False, 'verbose': False, 'lr_config': {'mode': 'log', 'steps': 5, 'initial_lr': 0.05, 'target_lr': 0.05}, 'batch_per_device': 1024}",269.18453884124756,0,31,7125.136718728434,1,269.18453884124756
0.007265257835388184,0.1329728126525879,0.005558276176452636,0.038002208787567764,0.02621171474456787,nan,0.0,0.052946734428405764,0.7541999816894531,0.7474502511978149,-0.7541999816894531,nan,0.0,nan,0.0,nan,0.0,0.803059995174408,0.5852613463401795,nan,0.0,nan,0.0,60000,1,False,,,32,-0.7474502511978149,11fcca2dd9a9480b90d925caf3605a8e,2019-05-30_14-40-19,1559252419,8.629834413528442,277.814373254776,13453,steropes,169.229.49.254,"{'starting_lr': 0.05, 'momentum': 0.9, 'weight_decay': 0.005, 'steps_per_iteration': None, 'pin': False, 'model_creator': None, 'target_batch_size': 1024, 'model_string': 'resnet18', 'min_batch_size': 512, 'dataset': 'CIFAR', 'placement': None, 'use_nccl': True, 'devices_per_worker': 1, 'primary_resource': 'extra_gpu', 'gpu': False, 'verbose': False, 'lr_config': {'mode': 'log', 'steps': 5, 'initial_lr': 0.05, 'target_lr': 0.05}, 'batch_per_device': 1024}",277.814373254776,0,32,6963.2978511083775,1,277.814373254776
0.007482552528381347,0.13975856304168702,0.006428217887878418,0.03829093855254504,0.03690314292907715,nan,0.0,0.0537372350692749,0.7414999604225159,0.7824787576675415,-0.7414999604225159,nan,0.0,nan,0.0,nan,0.0,0.7994999885559082,0.5888171800231934,nan,0.0,nan,0.0,60000,1,False,,,33,-0.7824787576675415,11fcca2dd9a9480b90d925caf3605a8e,2019-05-30_14-40-27,1559252427,8.547476768493652,286.36185002326965,13453,steropes,169.229.49.254,"{'starting_lr': 0.05, 'momentum': 0.9, 'weight_decay': 0.005, 'steps_per_iteration': None, 'pin': False, 'model_creator': None, 'target_batch_size': 1024, 'model_string': 'resnet18', 'min_batch_size': 512, 'dataset': 'CIFAR', 'placement': None, 'use_nccl': True, 'devices_per_worker': 1, 'primary_resource': 'extra_gpu', 'gpu': False, 'verbose': False, 'lr_config': {'mode': 'log', 'steps': 5, 'initial_lr': 0.05, 'target_lr': 0.05}, 'batch_per_device': 1024}",286.36185002326965,0,33,6945.039269413187,1,286.36185002326965
0.008758234977722167,0.13552677631378174,0.004283475875854492,0.03958543466061962,0.03359928131103516,nan,0.0,0.06399376392364502,0.7513999938964844,0.745153675365448,-0.7513999938964844,nan,0.0,nan,0.0,nan,0.0,0.795199990272522,0.5979532088088989,nan,0.0,nan,0.0,60000,1,False,,,34,-0.745153675365448,11fcca2dd9a9480b90d925caf3605a8e,2019-05-30_14-40-36,1559252436,8.737363338470459,295.0992133617401,13453,steropes,169.229.49.254,"{'starting_lr': 0.05, 'momentum': 0.9, 'weight_decay': 0.005, 'steps_per_iteration': None, 'pin': False, 'model_creator': None, 'target_batch_size': 1024, 'model_string': 'resnet18', 'min_batch_size': 512, 'dataset': 'CIFAR', 'placement': None, 'use_nccl': True, 'devices_per_worker': 1, 'primary_resource': 'extra_gpu', 'gpu': False, 'verbose': False, 'lr_config': {'mode': 'log', 'steps': 5, 'initial_lr': 0.05, 'target_lr': 0.05}, 'batch_per_device': 1024}",295.0992133617401,0,34,6957.422614692238,1,295.0992133617401
0.009923768043518067,0.14220707416534423,0.006212544441223144,0.037804905249148,0.035185933113098145,nan,0.0,0.0653522253036499,0.7574999928474426,0.7202691179275512,-0.7574999928474426,nan,0.0,nan,0.0,nan,0.0,0.8034200072288513,0.5773418625640869,nan,0.0,nan,0.0,60000,1,False,,,35,-0.7202691179275512,11fcca2dd9a9480b90d925caf3605a8e,2019-05-30_14-40-44,1559252444,8.607649326324463,303.7068626880646,13453,steropes,169.229.49.254,"{'starting_lr': 0.05, 'momentum': 0.9, 'weight_decay': 0.005, 'steps_per_iteration': None, 'pin': False, 'model_creator': None, 'target_batch_size': 1024, 'model_string': 'resnet18', 'min_batch_size': 512, 'dataset': 'CIFAR', 'placement': None, 'use_nccl': True, 'devices_per_worker': 1, 'primary_resource': 'extra_gpu', 'gpu': False, 'verbose': False, 'lr_config': {'mode': 'log', 'steps': 5, 'initial_lr': 0.05, 'target_lr': 0.05}, 'batch_per_device': 1024}",303.7068626880646,0,35,6979.2399245622255,1,303.7068626880646
0.008234763145446777,0.13917107582092286,0.005671477317810059,0.03263864225270797,0.03326938152313232,nan,0.0,0.060370779037475585,0.7634999752044678,0.7009280478477478,-0.7634999752044678,nan,0.0,nan,0.0,nan,0.0,0.8047399520874023,0.5708004496383667,nan,0.0,nan,0.0,60000,1,False,,,36,-0.7009280478477478,11fcca2dd9a9480b90d925caf3605a8e,2019-05-30_14-40-53,1559252453,8.476208686828613,312.1830713748932,13453,steropes,169.229.49.254,"{'starting_lr': 0.05, 'momentum': 0.9, 'weight_decay': 0.005, 'steps_per_iteration': None, 'pin': False, 'model_creator': None, 'target_batch_size': 1024, 'model_string': 'resnet18', 'min_batch_size': 512, 'dataset': 'CIFAR', 'placement': None, 'use_nccl': True, 'devices_per_worker': 1, 'primary_resource': 'extra_gpu', 'gpu': False, 'verbose': False, 'lr_config': {'mode': 'log', 'steps': 5, 'initial_lr': 0.05, 'target_lr': 0.05}, 'batch_per_device': 1024}",312.1830713748932,0,36,6976.910257759408,1,312.1830713748932
0.007141208648681641,0.14036571979522705,0.005163002014160156,0.03535096985953195,0.03892695903778076,nan,0.0,0.05062716007232666,0.7218999862670898,0.8680561239242554,-0.7218999862670898,nan,0.0,nan,0.0,nan,0.0,0.8053799867630005,0.5741521546554565,nan,0.0,nan,0.0,60000,1,False,,,37,-0.8680561239242554,11fcca2dd9a9480b90d925caf3605a8e,2019-05-30_14-41-02,1559252462,8.55837368965149,320.7414450645447,13453,steropes,169.229.49.254,"{'starting_lr': 0.05, 'momentum': 0.9, 'weight_decay': 0.005, 'steps_per_iteration': None, 'pin': False, 'model_creator': None, 'target_batch_size': 1024, 'model_string': 'resnet18', 'min_batch_size': 512, 'dataset': 'CIFAR', 'placement': None, 'use_nccl': True, 'devices_per_worker': 1, 'primary_resource': 'extra_gpu', 'gpu': False, 'verbose': False, 'lr_config': {'mode': 'log', 'steps': 5, 'initial_lr': 0.05, 'target_lr': 0.05}, 'batch_per_device': 1024}",320.7414450645447,0,37,6988.52425528625,1,320.7414450645447
0.0075958251953125,0.12304110527038574,0.005723404884338379,0.05024434109123386,0.023237180709838868,nan,0.0,0.04598879814147949,0.7178999781608582,0.8645584123611451,-0.7178999781608582,nan,0.0,nan,0.0,nan,0.0,0.8065199851989746,0.5728309077644348,nan,0.0,nan,0.0,60000,1,False,,,38,-0.8645584123611451,11fcca2dd9a9480b90d925caf3605a8e,2019-05-30_14-41-10,1559252470,8.461766958236694,329.2032120227814,13453,steropes,169.229.49.254,"{'starting_lr': 0.05, 'momentum': 0.9, 'weight_decay': 0.005, 'steps_per_iteration': None, 'pin': False, 'model_creator': None, 'target_batch_size': 1024, 'model_string': 'resnet18', 'min_batch_size': 512, 'dataset': 'CIFAR', 'placement': None, 'use_nccl': True, 'devices_per_worker': 1, 'primary_resource': 'extra_gpu', 'gpu': False, 'verbose': False, 'lr_config': {'mode': 'log', 'steps': 5, 'initial_lr': 0.05, 'target_lr': 0.05}, 'batch_per_device': 1024}",329.2032120227814,0,38,7002.509356732404,1,329.2032120227814
0.0074743986129760746,0.12839784622192382,0.004589438438415527,0.0364426496077557,0.02759430408477783,nan,0.0,0.05263783931732178,0.7444999814033508,0.7554078903198242,-0.7444999814033508,nan,0.0,nan,0.0,nan,0.0,0.8062799572944641,0.5714938425254822,nan,0.0,nan,0.0,60000,1,False,,,39,-0.7554078903198242,11fcca2dd9a9480b90d925caf3605a8e,2019-05-30_14-41-18,1559252478,8.194082260131836,337.3972942829132,13453,steropes,169.229.49.254,"{'starting_lr': 0.05, 'momentum': 0.9, 'weight_decay': 0.005, 'steps_per_iteration': None, 'pin': False, 'model_creator': None, 'target_batch_size': 1024, 'model_string': 'resnet18', 'min_batch_size': 512, 'dataset': 'CIFAR', 'placement': None, 'use_nccl': True, 'devices_per_worker': 1, 'primary_resource': 'extra_gpu', 'gpu': False, 'verbose': False, 'lr_config': {'mode': 'log', 'steps': 5, 'initial_lr': 0.05, 'target_lr': 0.05}, 'batch_per_device': 1024}",337.3972942829132,0,39,7092.452035527396,1,337.3972942829132
0.007440781593322754,0.12141525745391846,0.004837894439697265,0.03837439965228645,0.022055435180664062,nan,0.0,0.04277613162994385,0.717799961566925,0.8491590527534485,-0.717799961566925,nan,0.0,nan,0.0,nan,0.0,0.8100799918174744,0.5608269748878479,nan,0.0,nan,0.0,60000,1,False,,,40,-0.8491590527534485,11fcca2dd9a9480b90d925caf3605a8e,2019-05-30_14-41-26,1559252486,7.854612588882446,345.25190687179565,13453,steropes,169.229.49.254,"{'starting_lr': 0.05, 'momentum': 0.9, 'weight_decay': 0.005, 'steps_per_iteration': None, 'pin': False, 'model_creator': None, 'target_batch_size': 1024, 'model_string': 'resnet18', 'min_batch_size': 512, 'dataset': 'CIFAR', 'placement': None, 'use_nccl': True, 'devices_per_worker': 1, 'primary_resource': 'extra_gpu', 'gpu': False, 'verbose': False, 'lr_config': {'mode': 'log', 'steps': 5, 'initial_lr': 0.05, 'target_lr': 0.05}, 'batch_per_device': 1024}",345.25190687179565,0,40,7221.005411780556,1,345.25190687179565
0.007426762580871582,0.12861359119415283,0.004451751708984375,0.03232694158748704,0.02948594093322754,nan,0.0,0.05605592727661133,0.7633000016212463,0.7007148294448853,-0.7633000016212463,nan,0.0,nan,0.0,nan,0.0,0.8073999881744385,0.5636854585456849,nan,0.0,nan,0.0,60000,1,False,,,41,-0.7007148294448853,11fcca2dd9a9480b90d925caf3605a8e,2019-05-30_14-41-34,1559252494,8.049010038375854,353.3009169101715,13453,steropes,169.229.49.254,"{'starting_lr': 0.05, 'momentum': 0.9, 'weight_decay': 0.005, 'steps_per_iteration': None, 'pin': False, 'model_creator': None, 'target_batch_size': 1024, 'model_string': 'resnet18', 'min_batch_size': 512, 'dataset': 'CIFAR', 'placement': None, 'use_nccl': True, 'devices_per_worker': 1, 'primary_resource': 'extra_gpu', 'gpu': False, 'verbose': False, 'lr_config': {'mode': 'log', 'steps': 5, 'initial_lr': 0.05, 'target_lr': 0.05}, 'batch_per_device': 1024}",353.3009169101715,0,41,7296.018778876459,1,353.3009169101715
0.007823038101196288,0.11822028160095215,0.004554390907287598,0.03423093289745097,0.02917485237121582,nan,0.0,0.05196709632873535,0.6973999738693237,0.9361807174682617,-0.6973999738693237,nan,0.0,nan,0.0,nan,0.0,0.8129799962043762,0.5593193578910828,nan,0.0,nan,0.0,60000,1,False,,,42,-0.9361807174682617,11fcca2dd9a9480b90d925caf3605a8e,2019-05-30_14-41-42,1559252502,8.32274055480957,361.6236574649811,13453,steropes,169.229.49.254,"{'starting_lr': 0.05, 'momentum': 0.9, 'weight_decay': 0.005, 'steps_per_iteration': None, 'pin': False, 'model_creator': None, 'target_batch_size': 1024, 'model_string': 'resnet18', 'min_batch_size': 512, 'dataset': 'CIFAR', 'placement': None, 'use_nccl': True, 'devices_per_worker': 1, 'primary_resource': 'extra_gpu', 'gpu': False, 'verbose': False, 'lr_config': {'mode': 'log', 'steps': 5, 'initial_lr': 0.05, 'target_lr': 0.05}, 'batch_per_device': 1024}",361.6236574649811,0,42,7338.069304948179,1,361.6236574649811
0.009174108505249023,0.12138547897338867,0.004701566696166992,0.031115264308695892,0.023916459083557128,nan,0.0,0.048499655723571775,0.7685999870300293,0.7043133416175842,-0.7685999870300293,nan,0.0,nan,0.0,nan,0.0,0.8109599947929382,0.5596478620147705,nan,0.0,nan,0.0,60000,1,False,,,43,-0.7043133416175842,11fcca2dd9a9480b90d925caf3605a8e,2019-05-30_14-41-51,1559252511,8.589412689208984,370.21307015419006,13453,steropes,169.229.49.254,"{'starting_lr': 0.05, 'momentum': 0.9, 'weight_decay': 0.005, 'steps_per_iteration': None, 'pin': False, 'model_creator': None, 'target_batch_size': 1024, 'model_string': 'resnet18', 'min_batch_size': 512, 'dataset': 'CIFAR', 'placement': None, 'use_nccl': True, 'devices_per_worker': 1, 'primary_resource': 'extra_gpu', 'gpu': False, 'verbose': False, 'lr_config': {'mode': 'log', 'steps': 5, 'initial_lr': 0.05, 'target_lr': 0.05}, 'batch_per_device': 1024}",370.21307015419006,0,43,7315.230309047649,1,370.21307015419006
0.007691049575805664,0.12040450572967529,0.004960823059082031,0.03574719234388702,0.024553346633911132,nan,0.0,0.044574427604675296,0.7267000079154968,0.8273229568481445,-0.7267000079154968,nan,0.0,nan,0.0,nan,0.0,0.8114399909973145,0.5553599551010132,nan,0.0,nan,0.0,60000,1,False,,,44,-0.8273229568481445,11fcca2dd9a9480b90d925caf3605a8e,2019-05-30_14-42-00,1559252520,8.507237911224365,378.72030806541443,13453,steropes,169.229.49.254,"{'starting_lr': 0.05, 'momentum': 0.9, 'weight_decay': 0.005, 'steps_per_iteration': None, 'pin': False, 'model_creator': None, 'target_batch_size': 1024, 'model_string': 'resnet18', 'min_batch_size': 512, 'dataset': 'CIFAR', 'placement': None, 'use_nccl': True, 'devices_per_worker': 1, 'primary_resource': 'extra_gpu', 'gpu': False, 'verbose': False, 'lr_config': {'mode': 'log', 'steps': 5, 'initial_lr': 0.05, 'target_lr': 0.05}, 'batch_per_device': 1024}",378.72030806541443,0,44,7259.793166278841,1,378.72030806541443
0.007659816741943359,0.12298235893249512,0.00513007640838623,0.03009442407257703,0.022378969192504882,nan,0.0,0.04854650497436523,0.7439000010490417,0.7988942614555359,-0.7439000010490417,nan,0.0,nan,0.0,nan,0.0,0.8105799555778503,0.5595437067985535,nan,0.0,nan,0.0,60000,1,False,,,45,-0.7988942614555359,11fcca2dd9a9480b90d925caf3605a8e,2019-05-30_14-42-08,1559252528,8.169193983078003,386.88950204849243,13453,steropes,169.229.49.254,"{'starting_lr': 0.05, 'momentum': 0.9, 'weight_decay': 0.005, 'steps_per_iteration': None, 'pin': False, 'model_creator': None, 'target_batch_size': 1024, 'model_string': 'resnet18', 'min_batch_size': 512, 'dataset': 'CIFAR', 'placement': None, 'use_nccl': True, 'devices_per_worker': 1, 'primary_resource': 'extra_gpu', 'gpu': False, 'verbose': False, 'lr_config': {'mode': 'log', 'steps': 5, 'initial_lr': 0.05, 'target_lr': 0.05}, 'batch_per_device': 1024}",386.88950204849243,0,45,7204.946859609504,1,386.88950204849243
0.00987226963043213,0.129628586769104,0.004923295974731445,0.038860014506748745,0.022885465621948244,nan,0.0,0.048012709617614745,0.7670999765396118,0.6821155497550965,-0.7670999765396118,nan,0.0,nan,0.0,nan,0.0,0.8096599578857422,0.562757039012909,nan,0.0,nan,0.0,60000,1,False,,,46,-0.6821155497550965,11fcca2dd9a9480b90d925caf3605a8e,2019-05-30_14-42-17,1559252537,8.858780860900879,395.7482829093933,13453,steropes,169.229.49.254,"{'starting_lr': 0.05, 'momentum': 0.9, 'weight_decay': 0.005, 'steps_per_iteration': None, 'pin': False, 'model_creator': None, 'target_batch_size': 1024, 'model_string': 'resnet18', 'min_batch_size': 512, 'dataset': 'CIFAR', 'placement': None, 'use_nccl': True, 'devices_per_worker': 1, 'primary_resource': 'extra_gpu', 'gpu': False, 'verbose': False, 'lr_config': {'mode': 'log', 'steps': 5, 'initial_lr': 0.05, 'target_lr': 0.05}, 'batch_per_device': 1024}",395.7482829093933,0,46,7067.508983179593,1,395.7482829093933
0.008139872550964355,0.12531754970550538,0.004611849784851074,0.031699029766783425,0.023049020767211915,nan,0.0,0.04358615875244141,0.7358999848365784,0.8056011395454407,-0.7358999848365784,nan,0.0,nan,0.0,nan,0.0,0.8144800066947937,0.5477993446922302,nan,0.0,nan,0.0,60000,1,True,,,47,-0.8056011395454407,11fcca2dd9a9480b90d925caf3605a8e,2019-05-30_14-42-25,1559252545,8.282634496688843,404.03091740608215,13453,steropes,169.229.49.254,"{'starting_lr': 0.05, 'momentum': 0.9, 'weight_decay': 0.005, 'steps_per_iteration': None, 'pin': False, 'model_creator': None, 'target_batch_size': 1024, 'model_string': 'resnet18', 'min_batch_size': 512, 'dataset': 'CIFAR', 'placement': None, 'use_nccl': True, 'devices_per_worker': 1, 'primary_resource': 'extra_gpu', 'gpu': False, 'verbose': False, 'lr_config': {'mode': 'log', 'steps': 5, 'initial_lr': 0.05, 'target_lr': 0.05}, 'batch_per_device': 1024}",404.03091740608215,0,47,7074.192914708007,1,404.03091740608215
