{"apply": 0.008106422424316407, "batch_time": 0.18329851627349852, "d2h": 0.005713081359863282, "data_time": 0.04336176599775042, "fwd": 0.09615511894226074, "get_state_time_mean": NaN, "get_state_time_total": 0.0, "grad": 0.15951483249664306, "mean_accuracy": 0.42179998755455017, "mean_loss": 1.5634174602508546, "neg_mean_accuracy": -0.42179998755455017, "set_state_time_mean": NaN, "set_state_time_total": 0.0, "setup_model_time_mean": 16.842525720596313, "setup_model_time_total": 16.842525720596313, "setup_proc_time_mean": 1.8227856159210205, "setup_proc_time_total": 1.8227856159210205, "train_accuracy": 0.33545997738838196, "train_loss": 2.001697582435608, "training_time_mean": NaN, "training_time_total": 0.0, "validation_time_mean": NaN, "validation_time_total": 0.0, "samples": 60000, "num_workers": 1, "done": false, "timesteps_total": null, "episodes_total": null, "training_iteration": 1, "neg_mean_loss": -1.5634174602508546, "experiment_id": "11fcca2dd9a9480b90d925caf3605a8e", "date": "2019-05-30_14-35-53", "timestamp": 1559252153, "time_this_iter_s": 12.383424043655396, "time_total_s": 12.383424043655396, "pid": 13453, "hostname": "steropes", "node_ip": "169.229.49.254", "config": {"starting_lr": 0.05, "momentum": 0.9, "weight_decay": 0.005, "steps_per_iteration": null, "pin": false, "model_creator": null, "target_batch_size": 1024, "model_string": "resnet18", "min_batch_size": 512, "dataset": "CIFAR", "placement": null, "use_nccl": true, "devices_per_worker": 1, "primary_resource": "extra_gpu", "gpu": false, "verbose": false, "lr_config": {"mode": "log", "steps": 5, "initial_lr": 0.05, "target_lr": 0.05}, "batch_per_device": 1024}, "time_since_restore": 12.383424043655396, "timesteps_since_restore": 0, "iterations_since_restore": 1, "mean_throughput": 4845.155237329651, "atoms": 1, "resource_time": 12.383424043655396}
{"apply": 0.007909011840820313, "batch_time": 0.1311535120010376, "d2h": 0.007691812515258789, "data_time": 0.04639007607284857, "fwd": 0.03869121074676514, "get_state_time_mean": NaN, "get_state_time_total": 0.0, "grad": 0.07085640430450439, "mean_accuracy": 0.4932999908924103, "mean_loss": 1.418728337097168, "neg_mean_accuracy": -0.4932999908924103, "set_state_time_mean": NaN, "set_state_time_total": 0.0, "setup_model_time_mean": NaN, "setup_model_time_total": 0.0, "setup_proc_time_mean": NaN, "setup_proc_time_total": 0.0, "train_accuracy": 0.4807799756526947, "train_loss": 1.4244377390670777, "training_time_mean": NaN, "training_time_total": 0.0, "validation_time_mean": NaN, "validation_time_total": 0.0, "samples": 60000, "num_workers": 1, "done": false, "timesteps_total": null, "episodes_total": null, "training_iteration": 2, "neg_mean_loss": -1.418728337097168, "experiment_id": "11fcca2dd9a9480b90d925caf3605a8e", "date": "2019-05-30_14-36-02", "timestamp": 1559252162, "time_this_iter_s": 8.825121879577637, "time_total_s": 21.208545923233032, "pid": 13453, "hostname": "steropes", "node_ip": "169.229.49.254", "config": {"starting_lr": 0.05, "momentum": 0.9, "weight_decay": 0.005, "steps_per_iteration": null, "pin": false, "model_creator": null, "target_batch_size": 1024, "model_string": "resnet18", "min_batch_size": 512, "dataset": "CIFAR", "placement": null, "use_nccl": true, "devices_per_worker": 1, "primary_resource": "extra_gpu", "gpu": false, "verbose": false, "lr_config": {"mode": "log", "steps": 5, "initial_lr": 0.05, "target_lr": 0.05}, "batch_per_device": 1024}, "time_since_restore": 21.208545923233032, "timesteps_since_restore": 0, "iterations_since_restore": 2, "mean_throughput": 5658.04564102552, "atoms": 1, "resource_time": 21.208545923233032}
{"apply": 0.008767390251159668, "batch_time": 0.12923643589019776, "d2h": 0.006857180595397949, "data_time": 0.03659195802649673, "fwd": 0.03229703903198242, "get_state_time_mean": NaN, "get_state_time_total": 0.0, "grad": 0.056937789916992186, "mean_accuracy": 0.5171999931335449, "mean_loss": 1.3344632204055786, "neg_mean_accuracy": -0.5171999931335449, "set_state_time_mean": NaN, "set_state_time_total": 0.0, "setup_model_time_mean": NaN, "setup_model_time_total": 0.0, "setup_proc_time_mean": NaN, "setup_proc_time_total": 0.0, "train_accuracy": 0.5405600070953369, "train_loss": 1.2628702209472655, "training_time_mean": NaN, "training_time_total": 0.0, "validation_time_mean": NaN, "validation_time_total": 0.0, "samples": 60000, "num_workers": 1, "done": false, "timesteps_total": null, "episodes_total": null, "training_iteration": 3, "neg_mean_loss": -1.3344632204055786, "experiment_id": "11fcca2dd9a9480b90d925caf3605a8e", "date": "2019-05-30_14-36-10", "timestamp": 1559252170, "time_this_iter_s": 8.747437477111816, "time_total_s": 29.95598340034485, "pid": 13453, "hostname": "steropes", "node_ip": "169.229.49.254", "config": {"starting_lr": 0.05, "momentum": 0.9, "weight_decay": 0.005, "steps_per_iteration": null, "pin": false, "model_creator": null, "target_batch_size": 1024, "model_string": "resnet18", "min_batch_size": 512, "dataset": "CIFAR", "placement": null, "use_nccl": true, "devices_per_worker": 1, "primary_resource": "extra_gpu", "gpu": false, "verbose": false, "lr_config": {"mode": "log", "steps": 5, "initial_lr": 0.05, "target_lr": 0.05}, "batch_per_device": 1024}, "time_since_restore": 29.95598340034485, "timesteps_since_restore": 0, "iterations_since_restore": 3, "mean_throughput": 6008.760349640382, "atoms": 1, "resource_time": 29.95598340034485}
{"apply": 0.007828617095947265, "batch_time": 0.13706593513488768, "d2h": 0.007434773445129395, "data_time": 0.04818268698088977, "fwd": 0.03010556697845459, "get_state_time_mean": NaN, "get_state_time_total": 0.0, "grad": 0.06002929210662842, "mean_accuracy": 0.5906000137329102, "mean_loss": 1.142757858467102, "neg_mean_accuracy": -0.5906000137329102, "set_state_time_mean": NaN, "set_state_time_total": 0.0, "setup_model_time_mean": NaN, "setup_model_time_total": 0.0, "setup_proc_time_mean": NaN, "setup_proc_time_total": 0.0, "train_accuracy": 0.5989199876785278, "train_loss": 1.1174450910949707, "training_time_mean": NaN, "training_time_total": 0.0, "validation_time_mean": NaN, "validation_time_total": 0.0, "samples": 60000, "num_workers": 1, "done": false, "timesteps_total": null, "episodes_total": null, "training_iteration": 4, "neg_mean_loss": -1.142757858467102, "experiment_id": "11fcca2dd9a9480b90d925caf3605a8e", "date": "2019-05-30_14-36-20", "timestamp": 1559252180, "time_this_iter_s": 9.154845237731934, "time_total_s": 39.11082863807678, "pid": 13453, "hostname": "steropes", "node_ip": "169.229.49.254", "config": {"starting_lr": 0.05, "momentum": 0.9, "weight_decay": 0.005, "steps_per_iteration": null, "pin": false, "model_creator": null, "target_batch_size": 1024, "model_string": "resnet18", "min_batch_size": 512, "dataset": "CIFAR", "placement": null, "use_nccl": true, "devices_per_worker": 1, "primary_resource": "extra_gpu", "gpu": false, "verbose": false, "lr_config": {"mode": "log", "steps": 5, "initial_lr": 0.05, "target_lr": 0.05}, "batch_per_device": 1024}, "time_since_restore": 39.11082863807678, "timesteps_since_restore": 0, "iterations_since_restore": 4, "mean_throughput": 6136.349974584602, "atoms": 1, "resource_time": 39.11082863807678}
{"apply": 0.008089852333068848, "batch_time": 0.13250265121459961, "d2h": 0.006609272956848144, "data_time": 0.06232118606567383, "fwd": 0.025806021690368653, "get_state_time_mean": NaN, "get_state_time_total": 0.0, "grad": 0.04566390514373779, "mean_accuracy": 0.5932999849319458, "mean_loss": 1.133968009185791, "neg_mean_accuracy": -0.5932999849319458, "set_state_time_mean": NaN, "set_state_time_total": 0.0, "setup_model_time_mean": NaN, "setup_model_time_total": 0.0, "setup_proc_time_mean": NaN, "setup_proc_time_total": 0.0, "train_accuracy": 0.6281999945640564, "train_loss": 1.036605439338684, "training_time_mean": NaN, "training_time_total": 0.0, "validation_time_mean": NaN, "validation_time_total": 0.0, "samples": 60000, "num_workers": 1, "done": false, "timesteps_total": null, "episodes_total": null, "training_iteration": 5, "neg_mean_loss": -1.133968009185791, "experiment_id": "11fcca2dd9a9480b90d925caf3605a8e", "date": "2019-05-30_14-36-29", "timestamp": 1559252189, "time_this_iter_s": 9.543373823165894, "time_total_s": 48.654202461242676, "pid": 13453, "hostname": "steropes", "node_ip": "169.229.49.254", "config": {"starting_lr": 0.05, "momentum": 0.9, "weight_decay": 0.005, "steps_per_iteration": null, "pin": false, "model_creator": null, "target_batch_size": 1024, "model_string": "resnet18", "min_batch_size": 512, "dataset": "CIFAR", "placement": null, "use_nccl": true, "devices_per_worker": 1, "primary_resource": "extra_gpu", "gpu": false, "verbose": false, "lr_config": {"mode": "log", "steps": 5, "initial_lr": 0.05, "target_lr": 0.05}, "batch_per_device": 1024}, "time_since_restore": 48.654202461242676, "timesteps_since_restore": 0, "iterations_since_restore": 5, "mean_throughput": 6165.895039091377, "atoms": 1, "resource_time": 48.654202461242676}
{"apply": 0.008157181739807128, "batch_time": 0.1346214532852173, "d2h": 0.006449222564697266, "data_time": 0.04613013170203384, "fwd": 0.027985334396362305, "get_state_time_mean": NaN, "get_state_time_total": 0.0, "grad": 0.05028214454650879, "mean_accuracy": 0.6534000039100647, "mean_loss": 0.9953088962554931, "neg_mean_accuracy": -0.6534000039100647, "set_state_time_mean": NaN, "set_state_time_total": 0.0, "setup_model_time_mean": NaN, "setup_model_time_total": 0.0, "setup_proc_time_mean": NaN, "setup_proc_time_total": 0.0, "train_accuracy": 0.6597399711608887, "train_loss": 0.9672326869010925, "training_time_mean": NaN, "training_time_total": 0.0, "validation_time_mean": NaN, "validation_time_total": 0.0, "samples": 60000, "num_workers": 1, "done": false, "timesteps_total": null, "episodes_total": null, "training_iteration": 6, "neg_mean_loss": -0.9953088962554931, "experiment_id": "11fcca2dd9a9480b90d925caf3605a8e", "date": "2019-05-30_14-36-38", "timestamp": 1559252198, "time_this_iter_s": 8.877589702606201, "time_total_s": 57.53179216384888, "pid": 13453, "hostname": "steropes", "node_ip": "169.229.49.254", "config": {"starting_lr": 0.05, "momentum": 0.9, "weight_decay": 0.005, "steps_per_iteration": null, "pin": false, "model_creator": null, "target_batch_size": 1024, "model_string": "resnet18", "min_batch_size": 512, "dataset": "CIFAR", "placement": null, "use_nccl": true, "devices_per_worker": 1, "primary_resource": "extra_gpu", "gpu": false, "verbose": false, "lr_config": {"mode": "log", "steps": 5, "initial_lr": 0.05, "target_lr": 0.05}, "batch_per_device": 1024}, "time_since_restore": 57.53179216384888, "timesteps_since_restore": 0, "iterations_since_restore": 6, "mean_throughput": 6644.670012992287, "atoms": 1, "resource_time": 57.53179216384888}
{"apply": 0.008023476600646973, "batch_time": 0.1369502305984497, "d2h": 0.0058197021484375, "data_time": 0.0525798748950569, "fwd": 0.024298095703125, "get_state_time_mean": NaN, "get_state_time_total": 0.0, "grad": 0.04320201873779297, "mean_accuracy": 0.6524999737739563, "mean_loss": 1.0027596839904784, "neg_mean_accuracy": -0.6524999737739563, "set_state_time_mean": NaN, "set_state_time_total": 0.0, "setup_model_time_mean": NaN, "setup_model_time_total": 0.0, "setup_proc_time_mean": NaN, "setup_proc_time_total": 0.0, "train_accuracy": 0.6767399907112122, "train_loss": 0.9169708595657349, "training_time_mean": NaN, "training_time_total": 0.0, "validation_time_mean": NaN, "validation_time_total": 0.0, "samples": 60000, "num_workers": 1, "done": false, "timesteps_total": null, "episodes_total": null, "training_iteration": 7, "neg_mean_loss": -1.0027596839904784, "experiment_id": "11fcca2dd9a9480b90d925caf3605a8e", "date": "2019-05-30_14-36-47", "timestamp": 1559252207, "time_this_iter_s": 9.044439792633057, "time_total_s": 66.57623195648193, "pid": 13453, "hostname": "steropes", "node_ip": "169.229.49.254", "config": {"starting_lr": 0.05, "momentum": 0.9, "weight_decay": 0.005, "steps_per_iteration": null, "pin": false, "model_creator": null, "target_batch_size": 1024, "model_string": "resnet18", "min_batch_size": 512, "dataset": "CIFAR", "placement": null, "use_nccl": true, "devices_per_worker": 1, "primary_resource": "extra_gpu", "gpu": false, "verbose": false, "lr_config": {"mode": "log", "steps": 5, "initial_lr": 0.05, "target_lr": 0.05}, "batch_per_device": 1024}, "time_since_restore": 66.57623195648193, "timesteps_since_restore": 0, "iterations_since_restore": 7, "mean_throughput": 6612.552454952886, "atoms": 1, "resource_time": 66.57623195648193}
{"apply": 0.008283042907714843, "batch_time": 0.14452826976776123, "d2h": 0.007010245323181152, "data_time": 0.038633910977110573, "fwd": 0.027614760398864745, "get_state_time_mean": NaN, "get_state_time_total": 0.0, "grad": 0.05880918502807617, "mean_accuracy": 0.6046000123023987, "mean_loss": 1.112642439842224, "neg_mean_accuracy": -0.6046000123023987, "set_state_time_mean": NaN, "set_state_time_total": 0.0, "setup_model_time_mean": NaN, "setup_model_time_total": 0.0, "setup_proc_time_mean": NaN, "setup_proc_time_total": 0.0, "train_accuracy": 0.6920599937438965, "train_loss": 0.8803869363212585, "training_time_mean": NaN, "training_time_total": 0.0, "validation_time_mean": NaN, "validation_time_total": 0.0, "samples": 60000, "num_workers": 1, "done": false, "timesteps_total": null, "episodes_total": null, "training_iteration": 8, "neg_mean_loss": -1.112642439842224, "experiment_id": "11fcca2dd9a9480b90d925caf3605a8e", "date": "2019-05-30_14-36-56", "timestamp": 1559252216, "time_this_iter_s": 8.833655834197998, "time_total_s": 75.40988779067993, "pid": 13453, "hostname": "steropes", "node_ip": "169.229.49.254", "config": {"starting_lr": 0.05, "momentum": 0.9, "weight_decay": 0.005, "steps_per_iteration": null, "pin": false, "model_creator": null, "target_batch_size": 1024, "model_string": "resnet18", "min_batch_size": 512, "dataset": "CIFAR", "placement": null, "use_nccl": true, "devices_per_worker": 1, "primary_resource": "extra_gpu", "gpu": false, "verbose": false, "lr_config": {"mode": "log", "steps": 5, "initial_lr": 0.05, "target_lr": 0.05}, "batch_per_device": 1024}, "time_since_restore": 75.40988779067993, "timesteps_since_restore": 0, "iterations_since_restore": 8, "mean_throughput": 6600.008959877734, "atoms": 1, "resource_time": 75.40988779067993}
{"apply": 0.008060574531555176, "batch_time": 0.1389136791229248, "d2h": 0.00794670581817627, "data_time": 0.04060615812029157, "fwd": 0.026465415954589844, "get_state_time_mean": NaN, "get_state_time_total": 0.0, "grad": 0.04955880641937256, "mean_accuracy": 0.7019000053405762, "mean_loss": 0.8714035762786865, "neg_mean_accuracy": -0.7019000053405762, "set_state_time_mean": NaN, "set_state_time_total": 0.0, "setup_model_time_mean": NaN, "setup_model_time_total": 0.0, "setup_proc_time_mean": NaN, "setup_proc_time_total": 0.0, "train_accuracy": 0.7089399695396423, "train_loss": 0.8319536616134644, "training_time_mean": NaN, "training_time_total": 0.0, "validation_time_mean": NaN, "validation_time_total": 0.0, "samples": 60000, "num_workers": 1, "done": false, "timesteps_total": null, "episodes_total": null, "training_iteration": 9, "neg_mean_loss": -0.8714035762786865, "experiment_id": "11fcca2dd9a9480b90d925caf3605a8e", "date": "2019-05-30_14-37-05", "timestamp": 1559252225, "time_this_iter_s": 8.605438470840454, "time_total_s": 84.01532626152039, "pid": 13453, "hostname": "steropes", "node_ip": "169.229.49.254", "config": {"starting_lr": 0.05, "momentum": 0.9, "weight_decay": 0.005, "steps_per_iteration": null, "pin": false, "model_creator": null, "target_batch_size": 1024, "model_string": "resnet18", "min_batch_size": 512, "dataset": "CIFAR", "placement": null, "use_nccl": true, "devices_per_worker": 1, "primary_resource": "extra_gpu", "gpu": false, "verbose": false, "lr_config": {"mode": "log", "steps": 5, "initial_lr": 0.05, "target_lr": 0.05}, "batch_per_device": 1024}, "time_since_restore": 84.01532626152039, "timesteps_since_restore": 0, "iterations_since_restore": 9, "mean_throughput": 6680.760126837956, "atoms": 1, "resource_time": 84.01532626152039}
{"apply": 0.00879809856414795, "batch_time": 0.1449237585067749, "d2h": 0.005384254455566406, "data_time": 0.03909579588442433, "fwd": 0.03205525875091553, "get_state_time_mean": NaN, "get_state_time_total": 0.0, "grad": 0.05159785747528076, "mean_accuracy": 0.6919999718666077, "mean_loss": 0.9112734658241272, "neg_mean_accuracy": -0.6919999718666077, "set_state_time_mean": NaN, "set_state_time_total": 0.0, "setup_model_time_mean": NaN, "setup_model_time_total": 0.0, "setup_proc_time_mean": NaN, "setup_proc_time_total": 0.0, "train_accuracy": 0.722279965877533, "train_loss": 0.7986332893371582, "training_time_mean": NaN, "training_time_total": 0.0, "validation_time_mean": NaN, "validation_time_total": 0.0, "samples": 60000, "num_workers": 1, "done": false, "timesteps_total": null, "episodes_total": null, "training_iteration": 10, "neg_mean_loss": -0.9112734658241272, "experiment_id": "11fcca2dd9a9480b90d925caf3605a8e", "date": "2019-05-30_14-37-13", "timestamp": 1559252233, "time_this_iter_s": 8.71469759941101, "time_total_s": 92.7300238609314, "pid": 13453, "hostname": "steropes", "node_ip": "169.229.49.254", "config": {"starting_lr": 0.05, "momentum": 0.9, "weight_decay": 0.005, "steps_per_iteration": null, "pin": false, "model_creator": null, "target_batch_size": 1024, "model_string": "resnet18", "min_batch_size": 512, "dataset": "CIFAR", "placement": null, "use_nccl": true, "devices_per_worker": 1, "primary_resource": "extra_gpu", "gpu": false, "verbose": false, "lr_config": {"mode": "log", "steps": 5, "initial_lr": 0.05, "target_lr": 0.05}, "batch_per_device": 1024}, "time_since_restore": 92.7300238609314, "timesteps_since_restore": 0, "iterations_since_restore": 10, "mean_throughput": 6806.37736975073, "atoms": 1, "resource_time": 92.7300238609314}
{"apply": 0.007202529907226562, "batch_time": 0.1267263412475586, "d2h": 0.0062969446182250975, "data_time": 0.046855678363722196, "fwd": 0.02567152976989746, "get_state_time_mean": NaN, "get_state_time_total": 0.0, "grad": 0.0462568998336792, "mean_accuracy": 0.6965999603271484, "mean_loss": 0.8996425659179688, "neg_mean_accuracy": -0.6965999603271484, "set_state_time_mean": NaN, "set_state_time_total": 0.0, "setup_model_time_mean": NaN, "setup_model_time_total": 0.0, "setup_proc_time_mean": NaN, "setup_proc_time_total": 0.0, "train_accuracy": 0.7279799580574036, "train_loss": 0.7822557248306274, "training_time_mean": NaN, "training_time_total": 0.0, "validation_time_mean": NaN, "validation_time_total": 0.0, "samples": 60000, "num_workers": 1, "done": false, "timesteps_total": null, "episodes_total": null, "training_iteration": 11, "neg_mean_loss": -0.8996425659179688, "experiment_id": "11fcca2dd9a9480b90d925caf3605a8e", "date": "2019-05-30_14-37-22", "timestamp": 1559252242, "time_this_iter_s": 8.450966835021973, "time_total_s": 101.18099069595337, "pid": 13453, "hostname": "steropes", "node_ip": "169.229.49.254", "config": {"starting_lr": 0.05, "momentum": 0.9, "weight_decay": 0.005, "steps_per_iteration": null, "pin": false, "model_creator": null, "target_batch_size": 1024, "model_string": "resnet18", "min_batch_size": 512, "dataset": "CIFAR", "placement": null, "use_nccl": true, "devices_per_worker": 1, "primary_resource": "extra_gpu", "gpu": false, "verbose": false, "lr_config": {"mode": "log", "steps": 5, "initial_lr": 0.05, "target_lr": 0.05}, "batch_per_device": 1024}, "time_since_restore": 101.18099069595337, "timesteps_since_restore": 0, "iterations_since_restore": 11, "mean_throughput": 6872.911494638969, "atoms": 1, "resource_time": 101.18099069595337}
{"apply": 0.007607960700988769, "batch_time": 0.1226414680480957, "d2h": 0.005039525032043457, "data_time": 0.04486883903036312, "fwd": 0.023584842681884766, "get_state_time_mean": NaN, "get_state_time_total": 0.0, "grad": 0.04393644332885742, "mean_accuracy": 0.7062000036239624, "mean_loss": 0.8609299940109253, "neg_mean_accuracy": -0.7062000036239624, "set_state_time_mean": NaN, "set_state_time_total": 0.0, "setup_model_time_mean": NaN, "setup_model_time_total": 0.0, "setup_proc_time_mean": NaN, "setup_proc_time_total": 0.0, "train_accuracy": 0.733519971370697, "train_loss": 0.7736472534179688, "training_time_mean": NaN, "training_time_total": 0.0, "validation_time_mean": NaN, "validation_time_total": 0.0, "samples": 60000, "num_workers": 1, "done": false, "timesteps_total": null, "episodes_total": null, "training_iteration": 12, "neg_mean_loss": -0.8609299940109253, "experiment_id": "11fcca2dd9a9480b90d925caf3605a8e", "date": "2019-05-30_14-37-29", "timestamp": 1559252249, "time_this_iter_s": 7.593316316604614, "time_total_s": 108.77430701255798, "pid": 13453, "hostname": "steropes", "node_ip": "169.229.49.254", "config": {"starting_lr": 0.05, "momentum": 0.9, "weight_decay": 0.005, "steps_per_iteration": null, "pin": false, "model_creator": null, "target_batch_size": 1024, "model_string": "resnet18", "min_batch_size": 512, "dataset": "CIFAR", "placement": null, "use_nccl": true, "devices_per_worker": 1, "primary_resource": "extra_gpu", "gpu": false, "verbose": false, "lr_config": {"mode": "log", "steps": 5, "initial_lr": 0.05, "target_lr": 0.05}, "batch_per_device": 1024}, "time_since_restore": 108.77430701255798, "timesteps_since_restore": 0, "iterations_since_restore": 12, "mean_throughput": 7109.2587773829, "atoms": 1, "resource_time": 108.77430701255798}
{"apply": 0.007883834838867187, "batch_time": 0.12185091972351074, "d2h": 0.004673099517822266, "data_time": 0.045509747096470425, "fwd": 0.029769468307495116, "get_state_time_mean": NaN, "get_state_time_total": 0.0, "grad": 0.05960369110107422, "mean_accuracy": 0.6766999959945679, "mean_loss": 0.9341998898506164, "neg_mean_accuracy": -0.6766999959945679, "set_state_time_mean": NaN, "set_state_time_total": 0.0, "setup_model_time_mean": NaN, "setup_model_time_total": 0.0, "setup_proc_time_mean": NaN, "setup_proc_time_total": 0.0, "train_accuracy": 0.7432199716567993, "train_loss": 0.7462466348648071, "training_time_mean": NaN, "training_time_total": 0.0, "validation_time_mean": NaN, "validation_time_total": 0.0, "samples": 60000, "num_workers": 1, "done": false, "timesteps_total": null, "episodes_total": null, "training_iteration": 13, "neg_mean_loss": -0.9341998898506164, "experiment_id": "11fcca2dd9a9480b90d925caf3605a8e", "date": "2019-05-30_14-37-37", "timestamp": 1559252257, "time_this_iter_s": 7.897118806838989, "time_total_s": 116.67142581939697, "pid": 13453, "hostname": "steropes", "node_ip": "169.229.49.254", "config": {"starting_lr": 0.05, "momentum": 0.9, "weight_decay": 0.005, "steps_per_iteration": null, "pin": false, "model_creator": null, "target_batch_size": 1024, "model_string": "resnet18", "min_batch_size": 512, "dataset": "CIFAR", "placement": null, "use_nccl": true, "devices_per_worker": 1, "primary_resource": "extra_gpu", "gpu": false, "verbose": false, "lr_config": {"mode": "log", "steps": 5, "initial_lr": 0.05, "target_lr": 0.05}, "batch_per_device": 1024}, "time_since_restore": 116.67142581939697, "timesteps_since_restore": 0, "iterations_since_restore": 13, "mean_throughput": 7270.623597709764, "atoms": 1, "resource_time": 116.67142581939697}
{"apply": 0.008042359352111816, "batch_time": 0.1249882698059082, "d2h": 0.005269145965576172, "data_time": 0.04134188866128727, "fwd": 0.03685240745544434, "get_state_time_mean": NaN, "get_state_time_total": 0.0, "grad": 0.059509801864624026, "mean_accuracy": 0.7360000014305115, "mean_loss": 0.7791477304458618, "neg_mean_accuracy": -0.7360000014305115, "set_state_time_mean": NaN, "set_state_time_total": 0.0, "setup_model_time_mean": NaN, "setup_model_time_total": 0.0, "setup_proc_time_mean": NaN, "setup_proc_time_total": 0.0, "train_accuracy": 0.7521399855613708, "train_loss": 0.7229857601165771, "training_time_mean": NaN, "training_time_total": 0.0, "validation_time_mean": NaN, "validation_time_total": 0.0, "samples": 60000, "num_workers": 1, "done": false, "timesteps_total": null, "episodes_total": null, "training_iteration": 14, "neg_mean_loss": -0.7791477304458618, "experiment_id": "11fcca2dd9a9480b90d925caf3605a8e", "date": "2019-05-30_14-37-45", "timestamp": 1559252265, "time_this_iter_s": 8.169002294540405, "time_total_s": 124.84042811393738, "pid": 13453, "hostname": "steropes", "node_ip": "169.229.49.254", "config": {"starting_lr": 0.05, "momentum": 0.9, "weight_decay": 0.005, "steps_per_iteration": null, "pin": false, "model_creator": null, "target_batch_size": 1024, "model_string": "resnet18", "min_batch_size": 512, "dataset": "CIFAR", "placement": null, "use_nccl": true, "devices_per_worker": 1, "primary_resource": "extra_gpu", "gpu": false, "verbose": false, "lr_config": {"mode": "log", "steps": 5, "initial_lr": 0.05, "target_lr": 0.05}, "batch_per_device": 1024}, "time_since_restore": 124.84042811393738, "timesteps_since_restore": 0, "iterations_since_restore": 14, "mean_throughput": 7348.350516493433, "atoms": 1, "resource_time": 124.84042811393738}
{"apply": 0.008171510696411134, "batch_time": 0.15018072128295898, "d2h": 0.004891490936279297, "data_time": 0.03586769104003906, "fwd": 0.035326457023620604, "get_state_time_mean": NaN, "get_state_time_total": 0.0, "grad": 0.0669055700302124, "mean_accuracy": 0.696399986743927, "mean_loss": 0.9047796705245972, "neg_mean_accuracy": -0.696399986743927, "set_state_time_mean": NaN, "set_state_time_total": 0.0, "setup_model_time_mean": NaN, "setup_model_time_total": 0.0, "setup_proc_time_mean": NaN, "setup_proc_time_total": 0.0, "train_accuracy": 0.759719967842102, "train_loss": 0.7010918433761597, "training_time_mean": NaN, "training_time_total": 0.0, "validation_time_mean": NaN, "validation_time_total": 0.0, "samples": 60000, "num_workers": 1, "done": false, "timesteps_total": null, "episodes_total": null, "training_iteration": 15, "neg_mean_loss": -0.9047796705245972, "experiment_id": "11fcca2dd9a9480b90d925caf3605a8e", "date": "2019-05-30_14-37-54", "timestamp": 1559252274, "time_this_iter_s": 8.262571573257446, "time_total_s": 133.10299968719482, "pid": 13453, "hostname": "steropes", "node_ip": "169.229.49.254", "config": {"starting_lr": 0.05, "momentum": 0.9, "weight_decay": 0.005, "steps_per_iteration": null, "pin": false, "model_creator": null, "target_batch_size": 1024, "model_string": "resnet18", "min_batch_size": 512, "dataset": "CIFAR", "placement": null, "use_nccl": true, "devices_per_worker": 1, "primary_resource": "extra_gpu", "gpu": false, "verbose": false, "lr_config": {"mode": "log", "steps": 5, "initial_lr": 0.05, "target_lr": 0.05}, "batch_per_device": 1024}, "time_since_restore": 133.10299968719482, "timesteps_since_restore": 0, "iterations_since_restore": 15, "mean_throughput": 7430.6430571779665, "atoms": 1, "resource_time": 133.10299968719482}
{"apply": 0.00961925983428955, "batch_time": 0.14308536052703857, "d2h": 0.006731748580932617, "data_time": 0.03197470489813357, "fwd": 0.039442706108093264, "get_state_time_mean": NaN, "get_state_time_total": 0.0, "grad": 0.06195347309112549, "mean_accuracy": 0.6836999654769897, "mean_loss": 0.9358838793754578, "neg_mean_accuracy": -0.6836999654769897, "set_state_time_mean": NaN, "set_state_time_total": 0.0, "setup_model_time_mean": NaN, "setup_model_time_total": 0.0, "setup_proc_time_mean": NaN, "setup_proc_time_total": 0.0, "train_accuracy": 0.759719967842102, "train_loss": 0.699840901889801, "training_time_mean": NaN, "training_time_total": 0.0, "validation_time_mean": NaN, "validation_time_total": 0.0, "samples": 60000, "num_workers": 1, "done": false, "timesteps_total": null, "episodes_total": null, "training_iteration": 16, "neg_mean_loss": -0.9358838793754578, "experiment_id": "11fcca2dd9a9480b90d925caf3605a8e", "date": "2019-05-30_14-38-02", "timestamp": 1559252282, "time_this_iter_s": 8.390928268432617, "time_total_s": 141.49392795562744, "pid": 13453, "hostname": "steropes", "node_ip": "169.229.49.254", "config": {"starting_lr": 0.05, "momentum": 0.9, "weight_decay": 0.005, "steps_per_iteration": null, "pin": false, "model_creator": null, "target_batch_size": 1024, "model_string": "resnet18", "min_batch_size": 512, "dataset": "CIFAR", "placement": null, "use_nccl": true, "devices_per_worker": 1, "primary_resource": "extra_gpu", "gpu": false, "verbose": false, "lr_config": {"mode": "log", "steps": 5, "initial_lr": 0.05, "target_lr": 0.05}, "batch_per_device": 1024}, "time_since_restore": 141.49392795562744, "timesteps_since_restore": 0, "iterations_since_restore": 16, "mean_throughput": 7441.710559542363, "atoms": 1, "resource_time": 141.49392795562744}
{"apply": 0.010423493385314942, "batch_time": 0.12572836875915527, "d2h": 0.005527973175048828, "data_time": 0.03196256501334054, "fwd": 0.03583779335021973, "get_state_time_mean": NaN, "get_state_time_total": 0.0, "grad": 0.07120292186737061, "mean_accuracy": 0.6979999542236328, "mean_loss": 0.8602003887176514, "neg_mean_accuracy": -0.6979999542236328, "set_state_time_mean": NaN, "set_state_time_total": 0.0, "setup_model_time_mean": NaN, "setup_model_time_total": 0.0, "setup_proc_time_mean": NaN, "setup_proc_time_total": 0.0, "train_accuracy": 0.7692399621009827, "train_loss": 0.6778632129287719, "training_time_mean": NaN, "training_time_total": 0.0, "validation_time_mean": NaN, "validation_time_total": 0.0, "samples": 60000, "num_workers": 1, "done": false, "timesteps_total": null, "episodes_total": null, "training_iteration": 17, "neg_mean_loss": -0.8602003887176514, "experiment_id": "11fcca2dd9a9480b90d925caf3605a8e", "date": "2019-05-30_14-38-10", "timestamp": 1559252290, "time_this_iter_s": 8.313751697540283, "time_total_s": 149.80767965316772, "pid": 13453, "hostname": "steropes", "node_ip": "169.229.49.254", "config": {"starting_lr": 0.05, "momentum": 0.9, "weight_decay": 0.005, "steps_per_iteration": null, "pin": false, "model_creator": null, "target_batch_size": 1024, "model_string": "resnet18", "min_batch_size": 512, "dataset": "CIFAR", "placement": null, "use_nccl": true, "devices_per_worker": 1, "primary_resource": "extra_gpu", "gpu": false, "verbose": false, "lr_config": {"mode": "log", "steps": 5, "initial_lr": 0.05, "target_lr": 0.05}, "batch_per_device": 1024}, "time_since_restore": 149.80767965316772, "timesteps_since_restore": 0, "iterations_since_restore": 17, "mean_throughput": 7311.054106995501, "atoms": 1, "resource_time": 149.80767965316772}
{"apply": 0.007706189155578613, "batch_time": 0.14078757762908936, "d2h": 0.007663369178771973, "data_time": 0.04021058763776507, "fwd": 0.03669483661651611, "get_state_time_mean": NaN, "get_state_time_total": 0.0, "grad": 0.06125917434692383, "mean_accuracy": 0.7479000091552734, "mean_loss": 0.755135978603363, "neg_mean_accuracy": -0.7479000091552734, "set_state_time_mean": NaN, "set_state_time_total": 0.0, "setup_model_time_mean": NaN, "setup_model_time_total": 0.0, "setup_proc_time_mean": NaN, "setup_proc_time_total": 0.0, "train_accuracy": 0.7727199792861938, "train_loss": 0.6677386038017273, "training_time_mean": NaN, "training_time_total": 0.0, "validation_time_mean": NaN, "validation_time_total": 0.0, "samples": 60000, "num_workers": 1, "done": false, "timesteps_total": null, "episodes_total": null, "training_iteration": 18, "neg_mean_loss": -0.755135978603363, "experiment_id": "11fcca2dd9a9480b90d925caf3605a8e", "date": "2019-05-30_14-38-19", "timestamp": 1559252299, "time_this_iter_s": 8.868922233581543, "time_total_s": 158.67660188674927, "pid": 13453, "hostname": "steropes", "node_ip": "169.229.49.254", "config": {"starting_lr": 0.05, "momentum": 0.9, "weight_decay": 0.005, "steps_per_iteration": null, "pin": false, "model_creator": null, "target_batch_size": 1024, "model_string": "resnet18", "min_batch_size": 512, "dataset": "CIFAR", "placement": null, "use_nccl": true, "devices_per_worker": 1, "primary_resource": "extra_gpu", "gpu": false, "verbose": false, "lr_config": {"mode": "log", "steps": 5, "initial_lr": 0.05, "target_lr": 0.05}, "batch_per_device": 1024}, "time_since_restore": 158.67660188674927, "timesteps_since_restore": 0, "iterations_since_restore": 18, "mean_throughput": 7141.910203317127, "atoms": 1, "resource_time": 158.67660188674927}
{"apply": 0.007721161842346192, "batch_time": 0.1503221035003662, "d2h": 0.00567169189453125, "data_time": 0.03524643061112384, "fwd": 0.032599258422851565, "get_state_time_mean": NaN, "get_state_time_total": 0.0, "grad": 0.04781553745269775, "mean_accuracy": 0.7452999949455261, "mean_loss": 0.7568308818817139, "neg_mean_accuracy": -0.7452999949455261, "set_state_time_mean": NaN, "set_state_time_total": 0.0, "setup_model_time_mean": NaN, "setup_model_time_total": 0.0, "setup_proc_time_mean": NaN, "setup_proc_time_total": 0.0, "train_accuracy": 0.7687399983406067, "train_loss": 0.6760366427612304, "training_time_mean": NaN, "training_time_total": 0.0, "validation_time_mean": NaN, "validation_time_total": 0.0, "samples": 60000, "num_workers": 1, "done": false, "timesteps_total": null, "episodes_total": null, "training_iteration": 19, "neg_mean_loss": -0.7568308818817139, "experiment_id": "11fcca2dd9a9480b90d925caf3605a8e", "date": "2019-05-30_14-38-28", "timestamp": 1559252308, "time_this_iter_s": 8.281323671340942, "time_total_s": 166.9579255580902, "pid": 13453, "hostname": "steropes", "node_ip": "169.229.49.254", "config": {"starting_lr": 0.05, "momentum": 0.9, "weight_decay": 0.005, "steps_per_iteration": null, "pin": false, "model_creator": null, "target_batch_size": 1024, "model_string": "resnet18", "min_batch_size": 512, "dataset": "CIFAR", "placement": null, "use_nccl": true, "devices_per_worker": 1, "primary_resource": "extra_gpu", "gpu": false, "verbose": false, "lr_config": {"mode": "log", "steps": 5, "initial_lr": 0.05, "target_lr": 0.05}, "batch_per_device": 1024}, "time_since_restore": 166.9579255580902, "timesteps_since_restore": 0, "iterations_since_restore": 19, "mean_throughput": 7122.862107489796, "atoms": 1, "resource_time": 166.9579255580902}
{"apply": 0.010361051559448243, "batch_time": 0.14458775520324707, "d2h": 0.00663151741027832, "data_time": 0.045191005784638076, "fwd": 0.026184797286987305, "get_state_time_mean": NaN, "get_state_time_total": 0.0, "grad": 0.05446538925170898, "mean_accuracy": 0.6344000101089478, "mean_loss": 1.1369123559951781, "neg_mean_accuracy": -0.6344000101089478, "set_state_time_mean": NaN, "set_state_time_total": 0.0, "setup_model_time_mean": NaN, "setup_model_time_total": 0.0, "setup_proc_time_mean": NaN, "setup_proc_time_total": 0.0, "train_accuracy": 0.7780599594116211, "train_loss": 0.657040109500885, "training_time_mean": NaN, "training_time_total": 0.0, "validation_time_mean": NaN, "validation_time_total": 0.0, "samples": 60000, "num_workers": 1, "done": false, "timesteps_total": null, "episodes_total": null, "training_iteration": 20, "neg_mean_loss": -1.1369123559951781, "experiment_id": "11fcca2dd9a9480b90d925caf3605a8e", "date": "2019-05-30_14-38-36", "timestamp": 1559252316, "time_this_iter_s": 8.797074794769287, "time_total_s": 175.7550003528595, "pid": 13453, "hostname": "steropes", "node_ip": "169.229.49.254", "config": {"starting_lr": 0.05, "momentum": 0.9, "weight_decay": 0.005, "steps_per_iteration": null, "pin": false, "model_creator": null, "target_batch_size": 1024, "model_string": "resnet18", "min_batch_size": 512, "dataset": "CIFAR", "placement": null, "use_nccl": true, "devices_per_worker": 1, "primary_resource": "extra_gpu", "gpu": false, "verbose": false, "lr_config": {"mode": "log", "steps": 5, "initial_lr": 0.05, "target_lr": 0.05}, "batch_per_device": 1024}, "time_since_restore": 175.7550003528595, "timesteps_since_restore": 0, "iterations_since_restore": 20, "mean_throughput": 7033.5993416017545, "atoms": 1, "resource_time": 175.7550003528595}
{"apply": 0.013185477256774903, "batch_time": 0.17464809417724608, "d2h": 0.006877613067626953, "data_time": 0.04484682667012117, "fwd": 0.033317041397094724, "get_state_time_mean": NaN, "get_state_time_total": 0.0, "grad": 0.06391305923461914, "mean_accuracy": 0.7109999656677246, "mean_loss": 0.8581390931129456, "neg_mean_accuracy": -0.7109999656677246, "set_state_time_mean": NaN, "set_state_time_total": 0.0, "setup_model_time_mean": NaN, "setup_model_time_total": 0.0, "setup_proc_time_mean": NaN, "setup_proc_time_total": 0.0, "train_accuracy": 0.7778799533843994, "train_loss": 0.653411937046051, "training_time_mean": NaN, "training_time_total": 0.0, "validation_time_mean": NaN, "validation_time_total": 0.0, "samples": 60000, "num_workers": 1, "done": false, "timesteps_total": null, "episodes_total": null, "training_iteration": 21, "neg_mean_loss": -0.8581390931129456, "experiment_id": "11fcca2dd9a9480b90d925caf3605a8e", "date": "2019-05-30_14-38-46", "timestamp": 1559252326, "time_this_iter_s": 9.348000764846802, "time_total_s": 185.1030011177063, "pid": 13453, "hostname": "steropes", "node_ip": "169.229.49.254", "config": {"starting_lr": 0.05, "momentum": 0.9, "weight_decay": 0.005, "steps_per_iteration": null, "pin": false, "model_creator": null, "target_batch_size": 1024, "model_string": "resnet18", "min_batch_size": 512, "dataset": "CIFAR", "placement": null, "use_nccl": true, "devices_per_worker": 1, "primary_resource": "extra_gpu", "gpu": false, "verbose": false, "lr_config": {"mode": "log", "steps": 5, "initial_lr": 0.05, "target_lr": 0.05}, "batch_per_device": 1024}, "time_since_restore": 185.1030011177063, "timesteps_since_restore": 0, "iterations_since_restore": 21, "mean_throughput": 6879.235528821653, "atoms": 1, "resource_time": 185.1030011177063}
{"apply": 0.0078077554702758786, "batch_time": 0.1380624294281006, "d2h": 0.007835960388183594, "data_time": 0.03858067551437689, "fwd": 0.03276791572570801, "get_state_time_mean": NaN, "get_state_time_total": 0.0, "grad": 0.05508143901824951, "mean_accuracy": 0.7383999824523926, "mean_loss": 0.7582630264282226, "neg_mean_accuracy": -0.7383999824523926, "set_state_time_mean": NaN, "set_state_time_total": 0.0, "setup_model_time_mean": NaN, "setup_model_time_total": 0.0, "setup_proc_time_mean": NaN, "setup_proc_time_total": 0.0, "train_accuracy": 0.7810199856758118, "train_loss": 0.6405060995864869, "training_time_mean": NaN, "training_time_total": 0.0, "validation_time_mean": NaN, "validation_time_total": 0.0, "samples": 60000, "num_workers": 1, "done": false, "timesteps_total": null, "episodes_total": null, "training_iteration": 22, "neg_mean_loss": -0.7582630264282226, "experiment_id": "11fcca2dd9a9480b90d925caf3605a8e", "date": "2019-05-30_14-38-54", "timestamp": 1559252334, "time_this_iter_s": 8.591946125030518, "time_total_s": 193.69494724273682, "pid": 13453, "hostname": "steropes", "node_ip": "169.229.49.254", "config": {"starting_lr": 0.05, "momentum": 0.9, "weight_decay": 0.005, "steps_per_iteration": null, "pin": false, "model_creator": null, "target_batch_size": 1024, "model_string": "resnet18", "min_batch_size": 512, "dataset": "CIFAR", "placement": null, "use_nccl": true, "devices_per_worker": 1, "primary_resource": "extra_gpu", "gpu": false, "verbose": false, "lr_config": {"mode": "log", "steps": 5, "initial_lr": 0.05, "target_lr": 0.05}, "batch_per_device": 1024}, "time_since_restore": 193.69494724273682, "timesteps_since_restore": 0, "iterations_since_restore": 22, "mean_throughput": 6835.629232790511, "atoms": 1, "resource_time": 193.69494724273682}
{"apply": 0.008504438400268554, "batch_time": 0.1502225160598755, "d2h": 0.005476808547973633, "data_time": 0.0443139124889763, "fwd": 0.0330031156539917, "get_state_time_mean": NaN, "get_state_time_total": 0.0, "grad": 0.06230840682983398, "mean_accuracy": 0.7148999571800232, "mean_loss": 0.8454878646850585, "neg_mean_accuracy": -0.7148999571800232, "set_state_time_mean": NaN, "set_state_time_total": 0.0, "setup_model_time_mean": NaN, "setup_model_time_total": 0.0, "setup_proc_time_mean": NaN, "setup_proc_time_total": 0.0, "train_accuracy": 0.7841199636459351, "train_loss": 0.6323279955482483, "training_time_mean": NaN, "training_time_total": 0.0, "validation_time_mean": NaN, "validation_time_total": 0.0, "samples": 60000, "num_workers": 1, "done": false, "timesteps_total": null, "episodes_total": null, "training_iteration": 23, "neg_mean_loss": -0.8454878646850585, "experiment_id": "11fcca2dd9a9480b90d925caf3605a8e", "date": "2019-05-30_14-39-03", "timestamp": 1559252343, "time_this_iter_s": 8.890000343322754, "time_total_s": 202.58494758605957, "pid": 13453, "hostname": "steropes", "node_ip": "169.229.49.254", "config": {"starting_lr": 0.05, "momentum": 0.9, "weight_decay": 0.005, "steps_per_iteration": null, "pin": false, "model_creator": null, "target_batch_size": 1024, "model_string": "resnet18", "min_batch_size": 512, "dataset": "CIFAR", "placement": null, "use_nccl": true, "devices_per_worker": 1, "primary_resource": "extra_gpu", "gpu": false, "verbose": false, "lr_config": {"mode": "log", "steps": 5, "initial_lr": 0.05, "target_lr": 0.05}, "batch_per_device": 1024}, "time_since_restore": 202.58494758605957, "timesteps_since_restore": 0, "iterations_since_restore": 23, "mean_throughput": 6832.349096418092, "atoms": 1, "resource_time": 202.58494758605957}
{"apply": 0.007174110412597657, "batch_time": 0.15406413078308107, "d2h": 0.004596281051635742, "data_time": 0.0249038569781245, "fwd": 0.037147355079650876, "get_state_time_mean": NaN, "get_state_time_total": 0.0, "grad": 0.0713918685913086, "mean_accuracy": 0.6758999824523926, "mean_loss": 1.0040673018455506, "neg_mean_accuracy": -0.6758999824523926, "set_state_time_mean": NaN, "set_state_time_total": 0.0, "setup_model_time_mean": NaN, "setup_model_time_total": 0.0, "setup_proc_time_mean": NaN, "setup_proc_time_total": 0.0, "train_accuracy": 0.7809000015258789, "train_loss": 0.6434529816055298, "training_time_mean": NaN, "training_time_total": 0.0, "validation_time_mean": NaN, "validation_time_total": 0.0, "samples": 60000, "num_workers": 1, "done": false, "timesteps_total": null, "episodes_total": null, "training_iteration": 24, "neg_mean_loss": -1.0040673018455506, "experiment_id": "11fcca2dd9a9480b90d925caf3605a8e", "date": "2019-05-30_14-39-12", "timestamp": 1559252352, "time_this_iter_s": 8.493034362792969, "time_total_s": 211.07798194885254, "pid": 13453, "hostname": "steropes", "node_ip": "169.229.49.254", "config": {"starting_lr": 0.05, "momentum": 0.9, "weight_decay": 0.005, "steps_per_iteration": null, "pin": false, "model_creator": null, "target_batch_size": 1024, "model_string": "resnet18", "min_batch_size": 512, "dataset": "CIFAR", "placement": null, "use_nccl": true, "devices_per_worker": 1, "primary_resource": "extra_gpu", "gpu": false, "verbose": false, "lr_config": {"mode": "log", "steps": 5, "initial_lr": 0.05, "target_lr": 0.05}, "batch_per_device": 1024}, "time_since_restore": 211.07798194885254, "timesteps_since_restore": 0, "iterations_since_restore": 24, "mean_throughput": 6799.565131724487, "atoms": 1, "resource_time": 211.07798194885254}
{"apply": 0.007791662216186523, "batch_time": 0.12816507816314698, "d2h": 0.006272411346435547, "data_time": 0.03864363748200086, "fwd": 0.027643322944641113, "get_state_time_mean": NaN, "get_state_time_total": 0.0, "grad": 0.05586650371551514, "mean_accuracy": 0.7200999855995178, "mean_loss": 0.8279218368530273, "neg_mean_accuracy": -0.7200999855995178, "set_state_time_mean": NaN, "set_state_time_total": 0.0, "setup_model_time_mean": NaN, "setup_model_time_total": 0.0, "setup_proc_time_mean": NaN, "setup_proc_time_total": 0.0, "train_accuracy": 0.7884199619293213, "train_loss": 0.618957171497345, "training_time_mean": NaN, "training_time_total": 0.0, "validation_time_mean": NaN, "validation_time_total": 0.0, "samples": 60000, "num_workers": 1, "done": false, "timesteps_total": null, "episodes_total": null, "training_iteration": 25, "neg_mean_loss": -0.8279218368530273, "experiment_id": "11fcca2dd9a9480b90d925caf3605a8e", "date": "2019-05-30_14-39-20", "timestamp": 1559252360, "time_this_iter_s": 8.148993253707886, "time_total_s": 219.22697520256042, "pid": 13453, "hostname": "steropes", "node_ip": "169.229.49.254", "config": {"starting_lr": 0.05, "momentum": 0.9, "weight_decay": 0.005, "steps_per_iteration": null, "pin": false, "model_creator": null, "target_batch_size": 1024, "model_string": "resnet18", "min_batch_size": 512, "dataset": "CIFAR", "placement": null, "use_nccl": true, "devices_per_worker": 1, "primary_resource": "extra_gpu", "gpu": false, "verbose": false, "lr_config": {"mode": "log", "steps": 5, "initial_lr": 0.05, "target_lr": 0.05}, "batch_per_device": 1024}, "time_since_restore": 219.22697520256042, "timesteps_since_restore": 0, "iterations_since_restore": 25, "mean_throughput": 6900.931956455698, "atoms": 1, "resource_time": 219.22697520256042}
{"apply": 0.007494664192199707, "batch_time": 0.13096072673797607, "d2h": 0.0047468900680541996, "data_time": 0.04340744991691745, "fwd": 0.024854588508605956, "get_state_time_mean": NaN, "get_state_time_total": 0.0, "grad": 0.04832763671875, "mean_accuracy": 0.5457000136375427, "mean_loss": 1.477744270515442, "neg_mean_accuracy": -0.5457000136375427, "set_state_time_mean": NaN, "set_state_time_total": 0.0, "setup_model_time_mean": NaN, "setup_model_time_total": 0.0, "setup_proc_time_mean": NaN, "setup_proc_time_total": 0.0, "train_accuracy": 0.7851399779319763, "train_loss": 0.6302554602241516, "training_time_mean": NaN, "training_time_total": 0.0, "validation_time_mean": NaN, "validation_time_total": 0.0, "samples": 60000, "num_workers": 1, "done": false, "timesteps_total": null, "episodes_total": null, "training_iteration": 26, "neg_mean_loss": -1.477744270515442, "experiment_id": "11fcca2dd9a9480b90d925caf3605a8e", "date": "2019-05-30_14-39-28", "timestamp": 1559252368, "time_this_iter_s": 7.853513240814209, "time_total_s": 227.08048844337463, "pid": 13453, "hostname": "steropes", "node_ip": "169.229.49.254", "config": {"starting_lr": 0.05, "momentum": 0.9, "weight_decay": 0.005, "steps_per_iteration": null, "pin": false, "model_creator": null, "target_batch_size": 1024, "model_string": "resnet18", "min_batch_size": 512, "dataset": "CIFAR", "placement": null, "use_nccl": true, "devices_per_worker": 1, "primary_resource": "extra_gpu", "gpu": false, "verbose": false, "lr_config": {"mode": "log", "steps": 5, "initial_lr": 0.05, "target_lr": 0.05}, "batch_per_device": 1024}, "time_since_restore": 227.08048844337463, "timesteps_since_restore": 0, "iterations_since_restore": 26, "mean_throughput": 7146.614860057988, "atoms": 1, "resource_time": 227.08048844337463}
{"apply": 0.008021926879882813, "batch_time": 0.12656717300415038, "d2h": 0.0063770532608032225, "data_time": 0.04073097267929388, "fwd": 0.024554800987243653, "get_state_time_mean": NaN, "get_state_time_total": 0.0, "grad": 0.05091383457183838, "mean_accuracy": 0.734499990940094, "mean_loss": 0.792744017982483, "neg_mean_accuracy": -0.734499990940094, "set_state_time_mean": NaN, "set_state_time_total": 0.0, "setup_model_time_mean": NaN, "setup_model_time_total": 0.0, "setup_proc_time_mean": NaN, "setup_proc_time_total": 0.0, "train_accuracy": 0.795740008354187, "train_loss": 0.602592753162384, "training_time_mean": NaN, "training_time_total": 0.0, "validation_time_mean": NaN, "validation_time_total": 0.0, "samples": 60000, "num_workers": 1, "done": false, "timesteps_total": null, "episodes_total": null, "training_iteration": 27, "neg_mean_loss": -0.792744017982483, "experiment_id": "11fcca2dd9a9480b90d925caf3605a8e", "date": "2019-05-30_14-39-35", "timestamp": 1559252375, "time_this_iter_s": 7.6512510776519775, "time_total_s": 234.7317395210266, "pid": 13453, "hostname": "steropes", "node_ip": "169.229.49.254", "config": {"starting_lr": 0.05, "momentum": 0.9, "weight_decay": 0.005, "steps_per_iteration": null, "pin": false, "model_creator": null, "target_batch_size": 1024, "model_string": "resnet18", "min_batch_size": 512, "dataset": "CIFAR", "placement": null, "use_nccl": true, "devices_per_worker": 1, "primary_resource": "extra_gpu", "gpu": false, "verbose": false, "lr_config": {"mode": "log", "steps": 5, "initial_lr": 0.05, "target_lr": 0.05}, "batch_per_device": 1024}, "time_since_restore": 234.7317395210266, "timesteps_since_restore": 0, "iterations_since_restore": 27, "mean_throughput": 7310.437102649067, "atoms": 1, "resource_time": 234.7317395210266}
{"apply": 0.007956194877624511, "batch_time": 0.12684988975524902, "d2h": 0.005073142051696777, "data_time": 0.03694548898813676, "fwd": 0.02893986701965332, "get_state_time_mean": NaN, "get_state_time_total": 0.0, "grad": 0.04703707695007324, "mean_accuracy": 0.6780999898910522, "mean_loss": 0.9945472514152527, "neg_mean_accuracy": -0.6780999898910522, "set_state_time_mean": NaN, "set_state_time_total": 0.0, "setup_model_time_mean": NaN, "setup_model_time_total": 0.0, "setup_proc_time_mean": NaN, "setup_proc_time_total": 0.0, "train_accuracy": 0.7927199602127075, "train_loss": 0.6107832425117493, "training_time_mean": NaN, "training_time_total": 0.0, "validation_time_mean": NaN, "validation_time_total": 0.0, "samples": 60000, "num_workers": 1, "done": false, "timesteps_total": null, "episodes_total": null, "training_iteration": 28, "neg_mean_loss": -0.9945472514152527, "experiment_id": "11fcca2dd9a9480b90d925caf3605a8e", "date": "2019-05-30_14-39-44", "timestamp": 1559252384, "time_this_iter_s": 8.434229135513306, "time_total_s": 243.16596865653992, "pid": 13453, "hostname": "steropes", "node_ip": "169.229.49.254", "config": {"starting_lr": 0.05, "momentum": 0.9, "weight_decay": 0.005, "steps_per_iteration": null, "pin": false, "model_creator": null, "target_batch_size": 1024, "model_string": "resnet18", "min_batch_size": 512, "dataset": "CIFAR", "placement": null, "use_nccl": true, "devices_per_worker": 1, "primary_resource": "extra_gpu", "gpu": false, "verbose": false, "lr_config": {"mode": "log", "steps": 5, "initial_lr": 0.05, "target_lr": 0.05}, "batch_per_device": 1024}, "time_since_restore": 243.16596865653992, "timesteps_since_restore": 0, "iterations_since_restore": 28, "mean_throughput": 7392.538279345571, "atoms": 1, "resource_time": 243.16596865653992}
{"apply": 0.007587599754333496, "batch_time": 0.13736751079559326, "d2h": 0.00483245849609375, "data_time": 0.0440616461695457, "fwd": 0.02430691719055176, "get_state_time_mean": NaN, "get_state_time_total": 0.0, "grad": 0.057746052742004395, "mean_accuracy": 0.7623999714851379, "mean_loss": 0.7083405133247376, "neg_mean_accuracy": -0.7623999714851379, "set_state_time_mean": NaN, "set_state_time_total": 0.0, "setup_model_time_mean": NaN, "setup_model_time_total": 0.0, "setup_proc_time_mean": NaN, "setup_proc_time_total": 0.0, "train_accuracy": 0.7974199652671814, "train_loss": 0.5980170033073425, "training_time_mean": NaN, "training_time_total": 0.0, "validation_time_mean": NaN, "validation_time_total": 0.0, "samples": 60000, "num_workers": 1, "done": false, "timesteps_total": null, "episodes_total": null, "training_iteration": 29, "neg_mean_loss": -0.7083405133247376, "experiment_id": "11fcca2dd9a9480b90d925caf3605a8e", "date": "2019-05-30_14-39-53", "timestamp": 1559252393, "time_this_iter_s": 8.814254999160767, "time_total_s": 251.98022365570068, "pid": 13453, "hostname": "steropes", "node_ip": "169.229.49.254", "config": {"starting_lr": 0.05, "momentum": 0.9, "weight_decay": 0.005, "steps_per_iteration": null, "pin": false, "model_creator": null, "target_batch_size": 1024, "model_string": "resnet18", "min_batch_size": 512, "dataset": "CIFAR", "placement": null, "use_nccl": true, "devices_per_worker": 1, "primary_resource": "extra_gpu", "gpu": false, "verbose": false, "lr_config": {"mode": "log", "steps": 5, "initial_lr": 0.05, "target_lr": 0.05}, "batch_per_device": 1024}, "time_since_restore": 251.98022365570068, "timesteps_since_restore": 0, "iterations_since_restore": 29, "mean_throughput": 7334.481716529969, "atoms": 1, "resource_time": 251.98022365570068}
{"apply": 0.00940098762512207, "batch_time": 0.1244920015335083, "d2h": 0.006305813789367676, "data_time": 0.0450565328403395, "fwd": 0.0362778902053833, "get_state_time_mean": NaN, "get_state_time_total": 0.0, "grad": 0.06284019947052003, "mean_accuracy": 0.7591999769210815, "mean_loss": 0.7356200885772705, "neg_mean_accuracy": -0.7591999769210815, "set_state_time_mean": NaN, "set_state_time_total": 0.0, "setup_model_time_mean": NaN, "setup_model_time_total": 0.0, "setup_proc_time_mean": NaN, "setup_proc_time_total": 0.0, "train_accuracy": 0.7966399788856506, "train_loss": 0.5957007449913025, "training_time_mean": NaN, "training_time_total": 0.0, "validation_time_mean": NaN, "validation_time_total": 0.0, "samples": 60000, "num_workers": 1, "done": false, "timesteps_total": null, "episodes_total": null, "training_iteration": 30, "neg_mean_loss": -0.7356200885772705, "experiment_id": "11fcca2dd9a9480b90d925caf3605a8e", "date": "2019-05-30_14-40-01", "timestamp": 1559252401, "time_this_iter_s": 8.742446899414062, "time_total_s": 260.72267055511475, "pid": 13453, "hostname": "steropes", "node_ip": "169.229.49.254", "config": {"starting_lr": 0.05, "momentum": 0.9, "weight_decay": 0.005, "steps_per_iteration": null, "pin": false, "model_creator": null, "target_batch_size": 1024, "model_string": "resnet18", "min_batch_size": 512, "dataset": "CIFAR", "placement": null, "use_nccl": true, "devices_per_worker": 1, "primary_resource": "extra_gpu", "gpu": false, "verbose": false, "lr_config": {"mode": "log", "steps": 5, "initial_lr": 0.05, "target_lr": 0.05}, "batch_per_device": 1024}, "time_since_restore": 260.72267055511475, "timesteps_since_restore": 0, "iterations_since_restore": 30, "mean_throughput": 7229.590302405771, "atoms": 1, "resource_time": 260.72267055511475}
{"apply": 0.007409477233886718, "batch_time": 0.1284928560256958, "d2h": 0.009104084968566895, "data_time": 0.03448666845049177, "fwd": 0.0331587553024292, "get_state_time_mean": NaN, "get_state_time_total": 0.0, "grad": 0.060462331771850585, "mean_accuracy": 0.7550999522209167, "mean_loss": 0.7328850384712219, "neg_mean_accuracy": -0.7550999522209167, "set_state_time_mean": NaN, "set_state_time_total": 0.0, "setup_model_time_mean": NaN, "setup_model_time_total": 0.0, "setup_proc_time_mean": NaN, "setup_proc_time_total": 0.0, "train_accuracy": 0.8010599613189697, "train_loss": 0.589475214881897, "training_time_mean": NaN, "training_time_total": 0.0, "validation_time_mean": NaN, "validation_time_total": 0.0, "samples": 60000, "num_workers": 1, "done": false, "timesteps_total": null, "episodes_total": null, "training_iteration": 31, "neg_mean_loss": -0.7328850384712219, "experiment_id": "11fcca2dd9a9480b90d925caf3605a8e", "date": "2019-05-30_14-40-10", "timestamp": 1559252410, "time_this_iter_s": 8.461868286132812, "time_total_s": 269.18453884124756, "pid": 13453, "hostname": "steropes", "node_ip": "169.229.49.254", "config": {"starting_lr": 0.05, "momentum": 0.9, "weight_decay": 0.005, "steps_per_iteration": null, "pin": false, "model_creator": null, "target_batch_size": 1024, "model_string": "resnet18", "min_batch_size": 512, "dataset": "CIFAR", "placement": null, "use_nccl": true, "devices_per_worker": 1, "primary_resource": "extra_gpu", "gpu": false, "verbose": false, "lr_config": {"mode": "log", "steps": 5, "initial_lr": 0.05, "target_lr": 0.05}, "batch_per_device": 1024}, "time_since_restore": 269.18453884124756, "timesteps_since_restore": 0, "iterations_since_restore": 31, "mean_throughput": 7125.136718728434, "atoms": 1, "resource_time": 269.18453884124756}
{"apply": 0.007265257835388184, "batch_time": 0.1329728126525879, "d2h": 0.005558276176452636, "data_time": 0.038002208787567764, "fwd": 0.02621171474456787, "get_state_time_mean": NaN, "get_state_time_total": 0.0, "grad": 0.052946734428405764, "mean_accuracy": 0.7541999816894531, "mean_loss": 0.7474502511978149, "neg_mean_accuracy": -0.7541999816894531, "set_state_time_mean": NaN, "set_state_time_total": 0.0, "setup_model_time_mean": NaN, "setup_model_time_total": 0.0, "setup_proc_time_mean": NaN, "setup_proc_time_total": 0.0, "train_accuracy": 0.803059995174408, "train_loss": 0.5852613463401795, "training_time_mean": NaN, "training_time_total": 0.0, "validation_time_mean": NaN, "validation_time_total": 0.0, "samples": 60000, "num_workers": 1, "done": false, "timesteps_total": null, "episodes_total": null, "training_iteration": 32, "neg_mean_loss": -0.7474502511978149, "experiment_id": "11fcca2dd9a9480b90d925caf3605a8e", "date": "2019-05-30_14-40-19", "timestamp": 1559252419, "time_this_iter_s": 8.629834413528442, "time_total_s": 277.814373254776, "pid": 13453, "hostname": "steropes", "node_ip": "169.229.49.254", "config": {"starting_lr": 0.05, "momentum": 0.9, "weight_decay": 0.005, "steps_per_iteration": null, "pin": false, "model_creator": null, "target_batch_size": 1024, "model_string": "resnet18", "min_batch_size": 512, "dataset": "CIFAR", "placement": null, "use_nccl": true, "devices_per_worker": 1, "primary_resource": "extra_gpu", "gpu": false, "verbose": false, "lr_config": {"mode": "log", "steps": 5, "initial_lr": 0.05, "target_lr": 0.05}, "batch_per_device": 1024}, "time_since_restore": 277.814373254776, "timesteps_since_restore": 0, "iterations_since_restore": 32, "mean_throughput": 6963.2978511083775, "atoms": 1, "resource_time": 277.814373254776}
{"apply": 0.007482552528381347, "batch_time": 0.13975856304168702, "d2h": 0.006428217887878418, "data_time": 0.03829093855254504, "fwd": 0.03690314292907715, "get_state_time_mean": NaN, "get_state_time_total": 0.0, "grad": 0.0537372350692749, "mean_accuracy": 0.7414999604225159, "mean_loss": 0.7824787576675415, "neg_mean_accuracy": -0.7414999604225159, "set_state_time_mean": NaN, "set_state_time_total": 0.0, "setup_model_time_mean": NaN, "setup_model_time_total": 0.0, "setup_proc_time_mean": NaN, "setup_proc_time_total": 0.0, "train_accuracy": 0.7994999885559082, "train_loss": 0.5888171800231934, "training_time_mean": NaN, "training_time_total": 0.0, "validation_time_mean": NaN, "validation_time_total": 0.0, "samples": 60000, "num_workers": 1, "done": false, "timesteps_total": null, "episodes_total": null, "training_iteration": 33, "neg_mean_loss": -0.7824787576675415, "experiment_id": "11fcca2dd9a9480b90d925caf3605a8e", "date": "2019-05-30_14-40-27", "timestamp": 1559252427, "time_this_iter_s": 8.547476768493652, "time_total_s": 286.36185002326965, "pid": 13453, "hostname": "steropes", "node_ip": "169.229.49.254", "config": {"starting_lr": 0.05, "momentum": 0.9, "weight_decay": 0.005, "steps_per_iteration": null, "pin": false, "model_creator": null, "target_batch_size": 1024, "model_string": "resnet18", "min_batch_size": 512, "dataset": "CIFAR", "placement": null, "use_nccl": true, "devices_per_worker": 1, "primary_resource": "extra_gpu", "gpu": false, "verbose": false, "lr_config": {"mode": "log", "steps": 5, "initial_lr": 0.05, "target_lr": 0.05}, "batch_per_device": 1024}, "time_since_restore": 286.36185002326965, "timesteps_since_restore": 0, "iterations_since_restore": 33, "mean_throughput": 6945.039269413187, "atoms": 1, "resource_time": 286.36185002326965}
{"apply": 0.008758234977722167, "batch_time": 0.13552677631378174, "d2h": 0.004283475875854492, "data_time": 0.03958543466061962, "fwd": 0.03359928131103516, "get_state_time_mean": NaN, "get_state_time_total": 0.0, "grad": 0.06399376392364502, "mean_accuracy": 0.7513999938964844, "mean_loss": 0.745153675365448, "neg_mean_accuracy": -0.7513999938964844, "set_state_time_mean": NaN, "set_state_time_total": 0.0, "setup_model_time_mean": NaN, "setup_model_time_total": 0.0, "setup_proc_time_mean": NaN, "setup_proc_time_total": 0.0, "train_accuracy": 0.795199990272522, "train_loss": 0.5979532088088989, "training_time_mean": NaN, "training_time_total": 0.0, "validation_time_mean": NaN, "validation_time_total": 0.0, "samples": 60000, "num_workers": 1, "done": false, "timesteps_total": null, "episodes_total": null, "training_iteration": 34, "neg_mean_loss": -0.745153675365448, "experiment_id": "11fcca2dd9a9480b90d925caf3605a8e", "date": "2019-05-30_14-40-36", "timestamp": 1559252436, "time_this_iter_s": 8.737363338470459, "time_total_s": 295.0992133617401, "pid": 13453, "hostname": "steropes", "node_ip": "169.229.49.254", "config": {"starting_lr": 0.05, "momentum": 0.9, "weight_decay": 0.005, "steps_per_iteration": null, "pin": false, "model_creator": null, "target_batch_size": 1024, "model_string": "resnet18", "min_batch_size": 512, "dataset": "CIFAR", "placement": null, "use_nccl": true, "devices_per_worker": 1, "primary_resource": "extra_gpu", "gpu": false, "verbose": false, "lr_config": {"mode": "log", "steps": 5, "initial_lr": 0.05, "target_lr": 0.05}, "batch_per_device": 1024}, "time_since_restore": 295.0992133617401, "timesteps_since_restore": 0, "iterations_since_restore": 34, "mean_throughput": 6957.422614692238, "atoms": 1, "resource_time": 295.0992133617401}
{"apply": 0.009923768043518067, "batch_time": 0.14220707416534423, "d2h": 0.006212544441223144, "data_time": 0.037804905249148, "fwd": 0.035185933113098145, "get_state_time_mean": NaN, "get_state_time_total": 0.0, "grad": 0.0653522253036499, "mean_accuracy": 0.7574999928474426, "mean_loss": 0.7202691179275512, "neg_mean_accuracy": -0.7574999928474426, "set_state_time_mean": NaN, "set_state_time_total": 0.0, "setup_model_time_mean": NaN, "setup_model_time_total": 0.0, "setup_proc_time_mean": NaN, "setup_proc_time_total": 0.0, "train_accuracy": 0.8034200072288513, "train_loss": 0.5773418625640869, "training_time_mean": NaN, "training_time_total": 0.0, "validation_time_mean": NaN, "validation_time_total": 0.0, "samples": 60000, "num_workers": 1, "done": false, "timesteps_total": null, "episodes_total": null, "training_iteration": 35, "neg_mean_loss": -0.7202691179275512, "experiment_id": "11fcca2dd9a9480b90d925caf3605a8e", "date": "2019-05-30_14-40-44", "timestamp": 1559252444, "time_this_iter_s": 8.607649326324463, "time_total_s": 303.7068626880646, "pid": 13453, "hostname": "steropes", "node_ip": "169.229.49.254", "config": {"starting_lr": 0.05, "momentum": 0.9, "weight_decay": 0.005, "steps_per_iteration": null, "pin": false, "model_creator": null, "target_batch_size": 1024, "model_string": "resnet18", "min_batch_size": 512, "dataset": "CIFAR", "placement": null, "use_nccl": true, "devices_per_worker": 1, "primary_resource": "extra_gpu", "gpu": false, "verbose": false, "lr_config": {"mode": "log", "steps": 5, "initial_lr": 0.05, "target_lr": 0.05}, "batch_per_device": 1024}, "time_since_restore": 303.7068626880646, "timesteps_since_restore": 0, "iterations_since_restore": 35, "mean_throughput": 6979.2399245622255, "atoms": 1, "resource_time": 303.7068626880646}
{"apply": 0.008234763145446777, "batch_time": 0.13917107582092286, "d2h": 0.005671477317810059, "data_time": 0.03263864225270797, "fwd": 0.03326938152313232, "get_state_time_mean": NaN, "get_state_time_total": 0.0, "grad": 0.060370779037475585, "mean_accuracy": 0.7634999752044678, "mean_loss": 0.7009280478477478, "neg_mean_accuracy": -0.7634999752044678, "set_state_time_mean": NaN, "set_state_time_total": 0.0, "setup_model_time_mean": NaN, "setup_model_time_total": 0.0, "setup_proc_time_mean": NaN, "setup_proc_time_total": 0.0, "train_accuracy": 0.8047399520874023, "train_loss": 0.5708004496383667, "training_time_mean": NaN, "training_time_total": 0.0, "validation_time_mean": NaN, "validation_time_total": 0.0, "samples": 60000, "num_workers": 1, "done": false, "timesteps_total": null, "episodes_total": null, "training_iteration": 36, "neg_mean_loss": -0.7009280478477478, "experiment_id": "11fcca2dd9a9480b90d925caf3605a8e", "date": "2019-05-30_14-40-53", "timestamp": 1559252453, "time_this_iter_s": 8.476208686828613, "time_total_s": 312.1830713748932, "pid": 13453, "hostname": "steropes", "node_ip": "169.229.49.254", "config": {"starting_lr": 0.05, "momentum": 0.9, "weight_decay": 0.005, "steps_per_iteration": null, "pin": false, "model_creator": null, "target_batch_size": 1024, "model_string": "resnet18", "min_batch_size": 512, "dataset": "CIFAR", "placement": null, "use_nccl": true, "devices_per_worker": 1, "primary_resource": "extra_gpu", "gpu": false, "verbose": false, "lr_config": {"mode": "log", "steps": 5, "initial_lr": 0.05, "target_lr": 0.05}, "batch_per_device": 1024}, "time_since_restore": 312.1830713748932, "timesteps_since_restore": 0, "iterations_since_restore": 36, "mean_throughput": 6976.910257759408, "atoms": 1, "resource_time": 312.1830713748932}
{"apply": 0.007141208648681641, "batch_time": 0.14036571979522705, "d2h": 0.005163002014160156, "data_time": 0.03535096985953195, "fwd": 0.03892695903778076, "get_state_time_mean": NaN, "get_state_time_total": 0.0, "grad": 0.05062716007232666, "mean_accuracy": 0.7218999862670898, "mean_loss": 0.8680561239242554, "neg_mean_accuracy": -0.7218999862670898, "set_state_time_mean": NaN, "set_state_time_total": 0.0, "setup_model_time_mean": NaN, "setup_model_time_total": 0.0, "setup_proc_time_mean": NaN, "setup_proc_time_total": 0.0, "train_accuracy": 0.8053799867630005, "train_loss": 0.5741521546554565, "training_time_mean": NaN, "training_time_total": 0.0, "validation_time_mean": NaN, "validation_time_total": 0.0, "samples": 60000, "num_workers": 1, "done": false, "timesteps_total": null, "episodes_total": null, "training_iteration": 37, "neg_mean_loss": -0.8680561239242554, "experiment_id": "11fcca2dd9a9480b90d925caf3605a8e", "date": "2019-05-30_14-41-02", "timestamp": 1559252462, "time_this_iter_s": 8.55837368965149, "time_total_s": 320.7414450645447, "pid": 13453, "hostname": "steropes", "node_ip": "169.229.49.254", "config": {"starting_lr": 0.05, "momentum": 0.9, "weight_decay": 0.005, "steps_per_iteration": null, "pin": false, "model_creator": null, "target_batch_size": 1024, "model_string": "resnet18", "min_batch_size": 512, "dataset": "CIFAR", "placement": null, "use_nccl": true, "devices_per_worker": 1, "primary_resource": "extra_gpu", "gpu": false, "verbose": false, "lr_config": {"mode": "log", "steps": 5, "initial_lr": 0.05, "target_lr": 0.05}, "batch_per_device": 1024}, "time_since_restore": 320.7414450645447, "timesteps_since_restore": 0, "iterations_since_restore": 37, "mean_throughput": 6988.52425528625, "atoms": 1, "resource_time": 320.7414450645447}
{"apply": 0.0075958251953125, "batch_time": 0.12304110527038574, "d2h": 0.005723404884338379, "data_time": 0.05024434109123386, "fwd": 0.023237180709838868, "get_state_time_mean": NaN, "get_state_time_total": 0.0, "grad": 0.04598879814147949, "mean_accuracy": 0.7178999781608582, "mean_loss": 0.8645584123611451, "neg_mean_accuracy": -0.7178999781608582, "set_state_time_mean": NaN, "set_state_time_total": 0.0, "setup_model_time_mean": NaN, "setup_model_time_total": 0.0, "setup_proc_time_mean": NaN, "setup_proc_time_total": 0.0, "train_accuracy": 0.8065199851989746, "train_loss": 0.5728309077644348, "training_time_mean": NaN, "training_time_total": 0.0, "validation_time_mean": NaN, "validation_time_total": 0.0, "samples": 60000, "num_workers": 1, "done": false, "timesteps_total": null, "episodes_total": null, "training_iteration": 38, "neg_mean_loss": -0.8645584123611451, "experiment_id": "11fcca2dd9a9480b90d925caf3605a8e", "date": "2019-05-30_14-41-10", "timestamp": 1559252470, "time_this_iter_s": 8.461766958236694, "time_total_s": 329.2032120227814, "pid": 13453, "hostname": "steropes", "node_ip": "169.229.49.254", "config": {"starting_lr": 0.05, "momentum": 0.9, "weight_decay": 0.005, "steps_per_iteration": null, "pin": false, "model_creator": null, "target_batch_size": 1024, "model_string": "resnet18", "min_batch_size": 512, "dataset": "CIFAR", "placement": null, "use_nccl": true, "devices_per_worker": 1, "primary_resource": "extra_gpu", "gpu": false, "verbose": false, "lr_config": {"mode": "log", "steps": 5, "initial_lr": 0.05, "target_lr": 0.05}, "batch_per_device": 1024}, "time_since_restore": 329.2032120227814, "timesteps_since_restore": 0, "iterations_since_restore": 38, "mean_throughput": 7002.509356732404, "atoms": 1, "resource_time": 329.2032120227814}
{"apply": 0.0074743986129760746, "batch_time": 0.12839784622192382, "d2h": 0.004589438438415527, "data_time": 0.0364426496077557, "fwd": 0.02759430408477783, "get_state_time_mean": NaN, "get_state_time_total": 0.0, "grad": 0.05263783931732178, "mean_accuracy": 0.7444999814033508, "mean_loss": 0.7554078903198242, "neg_mean_accuracy": -0.7444999814033508, "set_state_time_mean": NaN, "set_state_time_total": 0.0, "setup_model_time_mean": NaN, "setup_model_time_total": 0.0, "setup_proc_time_mean": NaN, "setup_proc_time_total": 0.0, "train_accuracy": 0.8062799572944641, "train_loss": 0.5714938425254822, "training_time_mean": NaN, "training_time_total": 0.0, "validation_time_mean": NaN, "validation_time_total": 0.0, "samples": 60000, "num_workers": 1, "done": false, "timesteps_total": null, "episodes_total": null, "training_iteration": 39, "neg_mean_loss": -0.7554078903198242, "experiment_id": "11fcca2dd9a9480b90d925caf3605a8e", "date": "2019-05-30_14-41-18", "timestamp": 1559252478, "time_this_iter_s": 8.194082260131836, "time_total_s": 337.3972942829132, "pid": 13453, "hostname": "steropes", "node_ip": "169.229.49.254", "config": {"starting_lr": 0.05, "momentum": 0.9, "weight_decay": 0.005, "steps_per_iteration": null, "pin": false, "model_creator": null, "target_batch_size": 1024, "model_string": "resnet18", "min_batch_size": 512, "dataset": "CIFAR", "placement": null, "use_nccl": true, "devices_per_worker": 1, "primary_resource": "extra_gpu", "gpu": false, "verbose": false, "lr_config": {"mode": "log", "steps": 5, "initial_lr": 0.05, "target_lr": 0.05}, "batch_per_device": 1024}, "time_since_restore": 337.3972942829132, "timesteps_since_restore": 0, "iterations_since_restore": 39, "mean_throughput": 7092.452035527396, "atoms": 1, "resource_time": 337.3972942829132}
{"apply": 0.007440781593322754, "batch_time": 0.12141525745391846, "d2h": 0.004837894439697265, "data_time": 0.03837439965228645, "fwd": 0.022055435180664062, "get_state_time_mean": NaN, "get_state_time_total": 0.0, "grad": 0.04277613162994385, "mean_accuracy": 0.717799961566925, "mean_loss": 0.8491590527534485, "neg_mean_accuracy": -0.717799961566925, "set_state_time_mean": NaN, "set_state_time_total": 0.0, "setup_model_time_mean": NaN, "setup_model_time_total": 0.0, "setup_proc_time_mean": NaN, "setup_proc_time_total": 0.0, "train_accuracy": 0.8100799918174744, "train_loss": 0.5608269748878479, "training_time_mean": NaN, "training_time_total": 0.0, "validation_time_mean": NaN, "validation_time_total": 0.0, "samples": 60000, "num_workers": 1, "done": false, "timesteps_total": null, "episodes_total": null, "training_iteration": 40, "neg_mean_loss": -0.8491590527534485, "experiment_id": "11fcca2dd9a9480b90d925caf3605a8e", "date": "2019-05-30_14-41-26", "timestamp": 1559252486, "time_this_iter_s": 7.854612588882446, "time_total_s": 345.25190687179565, "pid": 13453, "hostname": "steropes", "node_ip": "169.229.49.254", "config": {"starting_lr": 0.05, "momentum": 0.9, "weight_decay": 0.005, "steps_per_iteration": null, "pin": false, "model_creator": null, "target_batch_size": 1024, "model_string": "resnet18", "min_batch_size": 512, "dataset": "CIFAR", "placement": null, "use_nccl": true, "devices_per_worker": 1, "primary_resource": "extra_gpu", "gpu": false, "verbose": false, "lr_config": {"mode": "log", "steps": 5, "initial_lr": 0.05, "target_lr": 0.05}, "batch_per_device": 1024}, "time_since_restore": 345.25190687179565, "timesteps_since_restore": 0, "iterations_since_restore": 40, "mean_throughput": 7221.005411780556, "atoms": 1, "resource_time": 345.25190687179565}
{"apply": 0.007426762580871582, "batch_time": 0.12861359119415283, "d2h": 0.004451751708984375, "data_time": 0.03232694158748704, "fwd": 0.02948594093322754, "get_state_time_mean": NaN, "get_state_time_total": 0.0, "grad": 0.05605592727661133, "mean_accuracy": 0.7633000016212463, "mean_loss": 0.7007148294448853, "neg_mean_accuracy": -0.7633000016212463, "set_state_time_mean": NaN, "set_state_time_total": 0.0, "setup_model_time_mean": NaN, "setup_model_time_total": 0.0, "setup_proc_time_mean": NaN, "setup_proc_time_total": 0.0, "train_accuracy": 0.8073999881744385, "train_loss": 0.5636854585456849, "training_time_mean": NaN, "training_time_total": 0.0, "validation_time_mean": NaN, "validation_time_total": 0.0, "samples": 60000, "num_workers": 1, "done": false, "timesteps_total": null, "episodes_total": null, "training_iteration": 41, "neg_mean_loss": -0.7007148294448853, "experiment_id": "11fcca2dd9a9480b90d925caf3605a8e", "date": "2019-05-30_14-41-34", "timestamp": 1559252494, "time_this_iter_s": 8.049010038375854, "time_total_s": 353.3009169101715, "pid": 13453, "hostname": "steropes", "node_ip": "169.229.49.254", "config": {"starting_lr": 0.05, "momentum": 0.9, "weight_decay": 0.005, "steps_per_iteration": null, "pin": false, "model_creator": null, "target_batch_size": 1024, "model_string": "resnet18", "min_batch_size": 512, "dataset": "CIFAR", "placement": null, "use_nccl": true, "devices_per_worker": 1, "primary_resource": "extra_gpu", "gpu": false, "verbose": false, "lr_config": {"mode": "log", "steps": 5, "initial_lr": 0.05, "target_lr": 0.05}, "batch_per_device": 1024}, "time_since_restore": 353.3009169101715, "timesteps_since_restore": 0, "iterations_since_restore": 41, "mean_throughput": 7296.018778876459, "atoms": 1, "resource_time": 353.3009169101715}
{"apply": 0.007823038101196288, "batch_time": 0.11822028160095215, "d2h": 0.004554390907287598, "data_time": 0.03423093289745097, "fwd": 0.02917485237121582, "get_state_time_mean": NaN, "get_state_time_total": 0.0, "grad": 0.05196709632873535, "mean_accuracy": 0.6973999738693237, "mean_loss": 0.9361807174682617, "neg_mean_accuracy": -0.6973999738693237, "set_state_time_mean": NaN, "set_state_time_total": 0.0, "setup_model_time_mean": NaN, "setup_model_time_total": 0.0, "setup_proc_time_mean": NaN, "setup_proc_time_total": 0.0, "train_accuracy": 0.8129799962043762, "train_loss": 0.5593193578910828, "training_time_mean": NaN, "training_time_total": 0.0, "validation_time_mean": NaN, "validation_time_total": 0.0, "samples": 60000, "num_workers": 1, "done": false, "timesteps_total": null, "episodes_total": null, "training_iteration": 42, "neg_mean_loss": -0.9361807174682617, "experiment_id": "11fcca2dd9a9480b90d925caf3605a8e", "date": "2019-05-30_14-41-42", "timestamp": 1559252502, "time_this_iter_s": 8.32274055480957, "time_total_s": 361.6236574649811, "pid": 13453, "hostname": "steropes", "node_ip": "169.229.49.254", "config": {"starting_lr": 0.05, "momentum": 0.9, "weight_decay": 0.005, "steps_per_iteration": null, "pin": false, "model_creator": null, "target_batch_size": 1024, "model_string": "resnet18", "min_batch_size": 512, "dataset": "CIFAR", "placement": null, "use_nccl": true, "devices_per_worker": 1, "primary_resource": "extra_gpu", "gpu": false, "verbose": false, "lr_config": {"mode": "log", "steps": 5, "initial_lr": 0.05, "target_lr": 0.05}, "batch_per_device": 1024}, "time_since_restore": 361.6236574649811, "timesteps_since_restore": 0, "iterations_since_restore": 42, "mean_throughput": 7338.069304948179, "atoms": 1, "resource_time": 361.6236574649811}
{"apply": 0.009174108505249023, "batch_time": 0.12138547897338867, "d2h": 0.004701566696166992, "data_time": 0.031115264308695892, "fwd": 0.023916459083557128, "get_state_time_mean": NaN, "get_state_time_total": 0.0, "grad": 0.048499655723571775, "mean_accuracy": 0.7685999870300293, "mean_loss": 0.7043133416175842, "neg_mean_accuracy": -0.7685999870300293, "set_state_time_mean": NaN, "set_state_time_total": 0.0, "setup_model_time_mean": NaN, "setup_model_time_total": 0.0, "setup_proc_time_mean": NaN, "setup_proc_time_total": 0.0, "train_accuracy": 0.8109599947929382, "train_loss": 0.5596478620147705, "training_time_mean": NaN, "training_time_total": 0.0, "validation_time_mean": NaN, "validation_time_total": 0.0, "samples": 60000, "num_workers": 1, "done": false, "timesteps_total": null, "episodes_total": null, "training_iteration": 43, "neg_mean_loss": -0.7043133416175842, "experiment_id": "11fcca2dd9a9480b90d925caf3605a8e", "date": "2019-05-30_14-41-51", "timestamp": 1559252511, "time_this_iter_s": 8.589412689208984, "time_total_s": 370.21307015419006, "pid": 13453, "hostname": "steropes", "node_ip": "169.229.49.254", "config": {"starting_lr": 0.05, "momentum": 0.9, "weight_decay": 0.005, "steps_per_iteration": null, "pin": false, "model_creator": null, "target_batch_size": 1024, "model_string": "resnet18", "min_batch_size": 512, "dataset": "CIFAR", "placement": null, "use_nccl": true, "devices_per_worker": 1, "primary_resource": "extra_gpu", "gpu": false, "verbose": false, "lr_config": {"mode": "log", "steps": 5, "initial_lr": 0.05, "target_lr": 0.05}, "batch_per_device": 1024}, "time_since_restore": 370.21307015419006, "timesteps_since_restore": 0, "iterations_since_restore": 43, "mean_throughput": 7315.230309047649, "atoms": 1, "resource_time": 370.21307015419006}
{"apply": 0.007691049575805664, "batch_time": 0.12040450572967529, "d2h": 0.004960823059082031, "data_time": 0.03574719234388702, "fwd": 0.024553346633911132, "get_state_time_mean": NaN, "get_state_time_total": 0.0, "grad": 0.044574427604675296, "mean_accuracy": 0.7267000079154968, "mean_loss": 0.8273229568481445, "neg_mean_accuracy": -0.7267000079154968, "set_state_time_mean": NaN, "set_state_time_total": 0.0, "setup_model_time_mean": NaN, "setup_model_time_total": 0.0, "setup_proc_time_mean": NaN, "setup_proc_time_total": 0.0, "train_accuracy": 0.8114399909973145, "train_loss": 0.5553599551010132, "training_time_mean": NaN, "training_time_total": 0.0, "validation_time_mean": NaN, "validation_time_total": 0.0, "samples": 60000, "num_workers": 1, "done": false, "timesteps_total": null, "episodes_total": null, "training_iteration": 44, "neg_mean_loss": -0.8273229568481445, "experiment_id": "11fcca2dd9a9480b90d925caf3605a8e", "date": "2019-05-30_14-42-00", "timestamp": 1559252520, "time_this_iter_s": 8.507237911224365, "time_total_s": 378.72030806541443, "pid": 13453, "hostname": "steropes", "node_ip": "169.229.49.254", "config": {"starting_lr": 0.05, "momentum": 0.9, "weight_decay": 0.005, "steps_per_iteration": null, "pin": false, "model_creator": null, "target_batch_size": 1024, "model_string": "resnet18", "min_batch_size": 512, "dataset": "CIFAR", "placement": null, "use_nccl": true, "devices_per_worker": 1, "primary_resource": "extra_gpu", "gpu": false, "verbose": false, "lr_config": {"mode": "log", "steps": 5, "initial_lr": 0.05, "target_lr": 0.05}, "batch_per_device": 1024}, "time_since_restore": 378.72030806541443, "timesteps_since_restore": 0, "iterations_since_restore": 44, "mean_throughput": 7259.793166278841, "atoms": 1, "resource_time": 378.72030806541443}
{"apply": 0.007659816741943359, "batch_time": 0.12298235893249512, "d2h": 0.00513007640838623, "data_time": 0.03009442407257703, "fwd": 0.022378969192504882, "get_state_time_mean": NaN, "get_state_time_total": 0.0, "grad": 0.04854650497436523, "mean_accuracy": 0.7439000010490417, "mean_loss": 0.7988942614555359, "neg_mean_accuracy": -0.7439000010490417, "set_state_time_mean": NaN, "set_state_time_total": 0.0, "setup_model_time_mean": NaN, "setup_model_time_total": 0.0, "setup_proc_time_mean": NaN, "setup_proc_time_total": 0.0, "train_accuracy": 0.8105799555778503, "train_loss": 0.5595437067985535, "training_time_mean": NaN, "training_time_total": 0.0, "validation_time_mean": NaN, "validation_time_total": 0.0, "samples": 60000, "num_workers": 1, "done": false, "timesteps_total": null, "episodes_total": null, "training_iteration": 45, "neg_mean_loss": -0.7988942614555359, "experiment_id": "11fcca2dd9a9480b90d925caf3605a8e", "date": "2019-05-30_14-42-08", "timestamp": 1559252528, "time_this_iter_s": 8.169193983078003, "time_total_s": 386.88950204849243, "pid": 13453, "hostname": "steropes", "node_ip": "169.229.49.254", "config": {"starting_lr": 0.05, "momentum": 0.9, "weight_decay": 0.005, "steps_per_iteration": null, "pin": false, "model_creator": null, "target_batch_size": 1024, "model_string": "resnet18", "min_batch_size": 512, "dataset": "CIFAR", "placement": null, "use_nccl": true, "devices_per_worker": 1, "primary_resource": "extra_gpu", "gpu": false, "verbose": false, "lr_config": {"mode": "log", "steps": 5, "initial_lr": 0.05, "target_lr": 0.05}, "batch_per_device": 1024}, "time_since_restore": 386.88950204849243, "timesteps_since_restore": 0, "iterations_since_restore": 45, "mean_throughput": 7204.946859609504, "atoms": 1, "resource_time": 386.88950204849243}
{"apply": 0.00987226963043213, "batch_time": 0.129628586769104, "d2h": 0.004923295974731445, "data_time": 0.038860014506748745, "fwd": 0.022885465621948244, "get_state_time_mean": NaN, "get_state_time_total": 0.0, "grad": 0.048012709617614745, "mean_accuracy": 0.7670999765396118, "mean_loss": 0.6821155497550965, "neg_mean_accuracy": -0.7670999765396118, "set_state_time_mean": NaN, "set_state_time_total": 0.0, "setup_model_time_mean": NaN, "setup_model_time_total": 0.0, "setup_proc_time_mean": NaN, "setup_proc_time_total": 0.0, "train_accuracy": 0.8096599578857422, "train_loss": 0.562757039012909, "training_time_mean": NaN, "training_time_total": 0.0, "validation_time_mean": NaN, "validation_time_total": 0.0, "samples": 60000, "num_workers": 1, "done": false, "timesteps_total": null, "episodes_total": null, "training_iteration": 46, "neg_mean_loss": -0.6821155497550965, "experiment_id": "11fcca2dd9a9480b90d925caf3605a8e", "date": "2019-05-30_14-42-17", "timestamp": 1559252537, "time_this_iter_s": 8.858780860900879, "time_total_s": 395.7482829093933, "pid": 13453, "hostname": "steropes", "node_ip": "169.229.49.254", "config": {"starting_lr": 0.05, "momentum": 0.9, "weight_decay": 0.005, "steps_per_iteration": null, "pin": false, "model_creator": null, "target_batch_size": 1024, "model_string": "resnet18", "min_batch_size": 512, "dataset": "CIFAR", "placement": null, "use_nccl": true, "devices_per_worker": 1, "primary_resource": "extra_gpu", "gpu": false, "verbose": false, "lr_config": {"mode": "log", "steps": 5, "initial_lr": 0.05, "target_lr": 0.05}, "batch_per_device": 1024}, "time_since_restore": 395.7482829093933, "timesteps_since_restore": 0, "iterations_since_restore": 46, "mean_throughput": 7067.508983179593, "atoms": 1, "resource_time": 395.7482829093933}
{"apply": 0.008139872550964355, "batch_time": 0.12531754970550538, "d2h": 0.004611849784851074, "data_time": 0.031699029766783425, "fwd": 0.023049020767211915, "get_state_time_mean": NaN, "get_state_time_total": 0.0, "grad": 0.04358615875244141, "mean_accuracy": 0.7358999848365784, "mean_loss": 0.8056011395454407, "neg_mean_accuracy": -0.7358999848365784, "set_state_time_mean": NaN, "set_state_time_total": 0.0, "setup_model_time_mean": NaN, "setup_model_time_total": 0.0, "setup_proc_time_mean": NaN, "setup_proc_time_total": 0.0, "train_accuracy": 0.8144800066947937, "train_loss": 0.5477993446922302, "training_time_mean": NaN, "training_time_total": 0.0, "validation_time_mean": NaN, "validation_time_total": 0.0, "samples": 60000, "num_workers": 1, "done": true, "timesteps_total": null, "episodes_total": null, "training_iteration": 47, "neg_mean_loss": -0.8056011395454407, "experiment_id": "11fcca2dd9a9480b90d925caf3605a8e", "date": "2019-05-30_14-42-25", "timestamp": 1559252545, "time_this_iter_s": 8.282634496688843, "time_total_s": 404.03091740608215, "pid": 13453, "hostname": "steropes", "node_ip": "169.229.49.254", "config": {"starting_lr": 0.05, "momentum": 0.9, "weight_decay": 0.005, "steps_per_iteration": null, "pin": false, "model_creator": null, "target_batch_size": 1024, "model_string": "resnet18", "min_batch_size": 512, "dataset": "CIFAR", "placement": null, "use_nccl": true, "devices_per_worker": 1, "primary_resource": "extra_gpu", "gpu": false, "verbose": false, "lr_config": {"mode": "log", "steps": 5, "initial_lr": 0.05, "target_lr": 0.05}, "batch_per_device": 1024}, "time_since_restore": 404.03091740608215, "timesteps_since_restore": 0, "iterations_since_restore": 47, "mean_throughput": 7074.192914708007, "atoms": 1, "resource_time": 404.03091740608215}
