apply,batch_time,d2h,data_time,fwd,get_state_time_mean,get_state_time_total,grad,mean_accuracy,mean_loss,neg_mean_accuracy,set_state_time_mean,set_state_time_total,setup_model_time_mean,setup_model_time_total,setup_proc_time_mean,setup_proc_time_total,train_accuracy,train_loss,training_time_mean,training_time_total,val_accuracy,val_loss,validation_time_mean,validation_time_total,samples,num_workers,done,timesteps_total,episodes_total,training_iteration,neg_mean_loss,experiment_id,date,timestamp,time_this_iter_s,time_total_s,pid,hostname,node_ip,config,time_since_restore,timesteps_since_restore,iterations_since_restore,mean_throughput,atoms,setup_time
0.01892669200897217,0.04460686067991619,0.0007932186126708984,0.0018490348630549047,0.1555083990097046,nan,0.0,0.21261415481567383,0.2906999886035919,2.265070484542847,-0.2906999886035919,nan,0.0,20.110945224761963,20.110945224761963,1.7746236324310303,1.7746236324310303,0.21967999637126923,2.3839459286499025,nan,0.0,0.2906999886035919,2.265070484542847,nan,0.0,60000,1,False,,,1,-2.265070484542847,60808dd6072c440289b3a1e3fd0fda72,2019-06-06_09-28-28,1559838508,47.61218070983887,47.61218070983887,9130,steropes,169.229.49.254,"{'starting_lr': 0.0005, 'momentum': 0.99, 'weight_decay': 0.001, 'steps_per_iteration': None, 'pin': False, 'model_creator': None, 'target_batch_size': 128, 'model_string': 'resnet50', 'min_batch_size': 128, 'dataset': 'CIFAR', 'placement': None, 'use_nccl': True, 'devices_per_worker': 1, 'primary_resource': 'extra_gpu', 'gpu': False, 'verbose': False, 'lr_config': {'mode': 'log', 'steps': 5, 'initial_lr': 0.0005, 'target_lr': 0.0005}, 'batch_per_device': 128}",47.61218070983887,0,1,1260.1793014437671,1,23.602413177490234
0.01793363094329834,0.03178984304017658,0.0007583141326904297,0.0018368035631106637,0.027822542190551757,nan,0.0,0.049846553802490236,0.34094998240470886,2.1005553871154787,-0.3911999762058258,nan,0.0,nan,0.0,nan,0.0,0.3294200003147125,2.01845701171875,nan,0.0,0.3911999762058258,1.9360402896881104,nan,0.0,60000,1,False,,,2,-2.1005553871154787,60808dd6072c440289b3a1e3fd0fda72,2019-06-06_09-29-08,1559838548,40.775338888168335,88.3875195980072,9130,steropes,169.229.49.254,"{'starting_lr': 0.0005, 'momentum': 0.99, 'weight_decay': 0.001, 'steps_per_iteration': None, 'pin': False, 'model_creator': None, 'target_batch_size': 128, 'model_string': 'resnet50', 'min_batch_size': 128, 'dataset': 'CIFAR', 'placement': None, 'use_nccl': True, 'devices_per_worker': 1, 'primary_resource': 'extra_gpu', 'gpu': False, 'verbose': False, 'lr_config': {'mode': 'log', 'steps': 5, 'initial_lr': 0.0005, 'target_lr': 0.0005}, 'batch_per_device': 128}",88.3875195980072,0,2,1357.6527839413682,1,23.602413177490234
0.017716002464294434,0.033861483199686945,0.0008116722106933594,0.0018060134195000924,0.02828073501586914,nan,0.0,0.04841787815093994,0.3626333177089691,2.8498881060918175,-0.4059999883174896,nan,0.0,nan,0.0,nan,0.0,0.38089999556541443,1.904781382675171,nan,0.0,0.4059999883174896,4.348553544044495,nan,0.0,60000,1,False,,,3,-2.8498881060918175,60808dd6072c440289b3a1e3fd0fda72,2019-06-06_09-29-49,1559838589,40.83340835571289,129.2209279537201,9130,steropes,169.229.49.254,"{'starting_lr': 0.0005, 'momentum': 0.99, 'weight_decay': 0.001, 'steps_per_iteration': None, 'pin': False, 'model_creator': None, 'target_batch_size': 128, 'model_string': 'resnet50', 'min_batch_size': 128, 'dataset': 'CIFAR', 'placement': None, 'use_nccl': True, 'devices_per_worker': 1, 'primary_resource': 'extra_gpu', 'gpu': False, 'verbose': False, 'lr_config': {'mode': 'log', 'steps': 5, 'initial_lr': 0.0005, 'target_lr': 0.0005}, 'batch_per_device': 128}",129.2209279537201,0,3,1392.9588619773078,1,23.602413177490234
0.018192982673645018,0.032502261898185635,0.0007933378219604492,0.001862377156991788,0.028112292289733887,nan,0.0,0.0486241340637207,0.38234998285770416,2.6494210987567905,-0.4414999783039093,nan,0.0,nan,0.0,nan,0.0,0.41307997703552246,1.754410199508667,nan,0.0,0.4414999783039093,2.048020076751709,nan,0.0,60000,1,False,,,4,-2.6494210987567905,60808dd6072c440289b3a1e3fd0fda72,2019-06-06_09-30-31,1559838631,41.26507234573364,170.48600029945374,9130,steropes,169.229.49.254,"{'starting_lr': 0.0005, 'momentum': 0.99, 'weight_decay': 0.001, 'steps_per_iteration': None, 'pin': False, 'model_creator': None, 'target_batch_size': 128, 'model_string': 'resnet50', 'min_batch_size': 128, 'dataset': 'CIFAR', 'placement': None, 'use_nccl': True, 'devices_per_worker': 1, 'primary_resource': 'extra_gpu', 'gpu': False, 'verbose': False, 'lr_config': {'mode': 'log', 'steps': 5, 'initial_lr': 0.0005, 'target_lr': 0.0005}, 'batch_per_device': 128}",170.48600029945374,0,4,1407.736243851449,1,23.602413177490234
0.017662644386291504,0.03193577331832693,0.000748443603515625,0.0018435853826420387,0.02745950222015381,nan,0.0,0.047826838493347165,0.40033998489379885,2.499851148262024,-0.4722999930381775,nan,0.0,nan,0.0,nan,0.0,0.4389599859714508,1.6154096412277221,nan,0.0,0.4722999930381775,1.9015713462829589,nan,0.0,60000,1,False,,,5,-2.499851148262024,60808dd6072c440289b3a1e3fd0fda72,2019-06-06_09-31-11,1559838671,40.856040239334106,211.34204053878784,9130,steropes,169.229.49.254,"{'starting_lr': 0.0005, 'momentum': 0.99, 'weight_decay': 0.001, 'steps_per_iteration': None, 'pin': False, 'model_creator': None, 'target_batch_size': 128, 'model_string': 'resnet50', 'min_batch_size': 128, 'dataset': 'CIFAR', 'placement': None, 'use_nccl': True, 'devices_per_worker': 1, 'primary_resource': 'extra_gpu', 'gpu': False, 'verbose': False, 'lr_config': {'mode': 'log', 'steps': 5, 'initial_lr': 0.0005, 'target_lr': 0.0005}, 'batch_per_device': 128}",211.34204053878784,0,5,1419.4961304240046,1,23.602413177490234
0.0183565616607666,0.03194643575933915,0.0007869482040405273,0.0018017163971805817,0.028458523750305175,nan,0.0,0.04806685447692871,0.438539981842041,2.361621408958435,-0.48169997334480286,nan,0.0,nan,0.0,nan,0.0,0.46074000000953674,1.5568103699493407,nan,0.0,0.48169997334480286,1.5739217880249023,nan,0.0,60000,1,False,,,6,-2.361621408958435,60808dd6072c440289b3a1e3fd0fda72,2019-06-06_09-31-52,1559838712,40.7056245803833,252.04766511917114,9130,steropes,169.229.49.254,"{'starting_lr': 0.0005, 'momentum': 0.99, 'weight_decay': 0.001, 'steps_per_iteration': None, 'pin': False, 'model_creator': None, 'target_batch_size': 128, 'model_string': 'resnet50', 'min_batch_size': 128, 'dataset': 'CIFAR', 'placement': None, 'use_nccl': True, 'devices_per_worker': 1, 'primary_resource': 'extra_gpu', 'gpu': False, 'verbose': False, 'lr_config': {'mode': 'log', 'steps': 5, 'initial_lr': 0.0005, 'target_lr': 0.0005}, 'batch_per_device': 128}",252.04766511917114,0,6,1467.4516949437516,1,23.602413177490234
0.01892836093902588,0.03283926505076734,0.0007936477661132813,0.001817802638958787,0.028670382499694825,nan,0.0,0.0484555721282959,0.46077998280525206,2.5393857831573485,-0.5023999810218811,nan,0.0,nan,0.0,nan,0.0,0.48301997780799866,1.49253429813385,nan,0.0,0.5023999810218811,2.8248621606826783,nan,0.0,60000,1,False,,,7,-2.5393857831573485,60808dd6072c440289b3a1e3fd0fda72,2019-06-06_09-32-33,1559838753,41.266209840774536,293.3138749599457,9130,steropes,169.229.49.254,"{'starting_lr': 0.0005, 'momentum': 0.99, 'weight_decay': 0.001, 'steps_per_iteration': None, 'pin': False, 'model_creator': None, 'target_batch_size': 128, 'model_string': 'resnet50', 'min_batch_size': 128, 'dataset': 'CIFAR', 'placement': None, 'use_nccl': True, 'devices_per_worker': 1, 'primary_resource': 'extra_gpu', 'gpu': False, 'verbose': False, 'lr_config': {'mode': 'log', 'steps': 5, 'initial_lr': 0.0005, 'target_lr': 0.0005}, 'batch_per_device': 128}",293.3138749599457,0,7,1463.9377210779708,1,23.602413177490234
0.017697763442993165,0.03201144254660305,0.0007344245910644531,0.0018177691018185043,0.02728242874145508,nan,0.0,0.046978092193603514,0.4792399823665619,2.0147719842147827,-0.4982999861240387,nan,0.0,nan,0.0,nan,0.0,0.5027399659156799,1.4746470776367187,nan,0.0,0.4982999861240387,1.725484549331665,nan,0.0,60000,1,False,,,8,-2.0147719842147827,60808dd6072c440289b3a1e3fd0fda72,2019-06-06_09-33-14,1559838794,40.97308659553528,334.28696155548096,9130,steropes,169.229.49.254,"{'starting_lr': 0.0005, 'momentum': 0.99, 'weight_decay': 0.001, 'steps_per_iteration': None, 'pin': False, 'model_creator': None, 'target_batch_size': 128, 'model_string': 'resnet50', 'min_batch_size': 128, 'dataset': 'CIFAR', 'placement': None, 'use_nccl': True, 'devices_per_worker': 1, 'primary_resource': 'extra_gpu', 'gpu': False, 'verbose': False, 'lr_config': {'mode': 'log', 'steps': 5, 'initial_lr': 0.0005, 'target_lr': 0.0005}, 'batch_per_device': 128}",334.28696155548096,0,8,1462.9406085034905,1,23.602413177490234
0.018266463279724122,0.03225607509854474,0.0007662773132324219,0.0018257094771051041,0.028011465072631837,nan,0.0,0.047467613220214845,0.49745998382568357,2.068324675865173,-0.5325999855995178,nan,0.0,nan,0.0,nan,0.0,0.5069199800491333,1.4071058819198607,nan,0.0,0.5325999855995178,2.315783535003662,nan,0.0,60000,1,False,,,9,-2.068324675865173,60808dd6072c440289b3a1e3fd0fda72,2019-06-06_09-33-55,1559838835,40.888938903808594,375.17590045928955,9130,steropes,169.229.49.254,"{'starting_lr': 0.0005, 'momentum': 0.99, 'weight_decay': 0.001, 'steps_per_iteration': None, 'pin': False, 'model_creator': None, 'target_batch_size': 128, 'model_string': 'resnet50', 'min_batch_size': 128, 'dataset': 'CIFAR', 'placement': None, 'use_nccl': True, 'devices_per_worker': 1, 'primary_resource': 'extra_gpu', 'gpu': False, 'verbose': False, 'lr_config': {'mode': 'log', 'steps': 5, 'initial_lr': 0.0005, 'target_lr': 0.0005}, 'batch_per_device': 128}",375.17590045928955,0,9,1465.6287395641084,1,23.602413177490234
0.01777832508087158,0.031646194337289546,0.0007493019104003907,0.0018010255320907553,0.02731809616088867,nan,0.0,0.047237610816955565,0.509279978275299,2.037138641624451,-0.5313999652862549,nan,0.0,nan,0.0,nan,0.0,0.5183799862861633,1.4143803801727295,nan,0.0,0.5313999652862549,1.7456411750793457,nan,0.0,60000,1,True,,,10,-2.037138641624451,60808dd6072c440289b3a1e3fd0fda72,2019-06-06_09-34-36,1559838876,40.71853494644165,415.8944354057312,9130,steropes,169.229.49.254,"{'starting_lr': 0.0005, 'momentum': 0.99, 'weight_decay': 0.001, 'steps_per_iteration': None, 'pin': False, 'model_creator': None, 'target_batch_size': 128, 'model_string': 'resnet50', 'min_batch_size': 128, 'dataset': 'CIFAR', 'placement': None, 'use_nccl': True, 'devices_per_worker': 1, 'primary_resource': 'extra_gpu', 'gpu': False, 'verbose': False, 'lr_config': {'mode': 'log', 'steps': 5, 'initial_lr': 0.0005, 'target_lr': 0.0005}, 'batch_per_device': 128}",415.8944354057312,0,10,1466.6138950827783,1,23.602413177490234
