{"apply": 0.01892669200897217, "batch_time": 0.04460686067991619, "d2h": 0.0007932186126708984, "data_time": 0.0018490348630549047, "fwd": 0.1555083990097046, "get_state_time_mean": NaN, "get_state_time_total": 0.0, "grad": 0.21261415481567383, "mean_accuracy": 0.2906999886035919, "mean_loss": 2.265070484542847, "neg_mean_accuracy": -0.2906999886035919, "set_state_time_mean": NaN, "set_state_time_total": 0.0, "setup_model_time_mean": 20.110945224761963, "setup_model_time_total": 20.110945224761963, "setup_proc_time_mean": 1.7746236324310303, "setup_proc_time_total": 1.7746236324310303, "train_accuracy": 0.21967999637126923, "train_loss": 2.3839459286499025, "training_time_mean": NaN, "training_time_total": 0.0, "val_accuracy": 0.2906999886035919, "val_loss": 2.265070484542847, "validation_time_mean": NaN, "validation_time_total": 0.0, "samples": 60000, "num_workers": 1, "done": false, "timesteps_total": null, "episodes_total": null, "training_iteration": 1, "neg_mean_loss": -2.265070484542847, "experiment_id": "60808dd6072c440289b3a1e3fd0fda72", "date": "2019-06-06_09-28-28", "timestamp": 1559838508, "time_this_iter_s": 47.61218070983887, "time_total_s": 47.61218070983887, "pid": 9130, "hostname": "steropes", "node_ip": "169.229.49.254", "config": {"starting_lr": 0.0005, "momentum": 0.99, "weight_decay": 0.001, "steps_per_iteration": null, "pin": false, "model_creator": null, "target_batch_size": 128, "model_string": "resnet50", "min_batch_size": 128, "dataset": "CIFAR", "placement": null, "use_nccl": true, "devices_per_worker": 1, "primary_resource": "extra_gpu", "gpu": false, "verbose": false, "lr_config": {"mode": "log", "steps": 5, "initial_lr": 0.0005, "target_lr": 0.0005}, "batch_per_device": 128}, "time_since_restore": 47.61218070983887, "timesteps_since_restore": 0, "iterations_since_restore": 1, "mean_throughput": 1260.1793014437671, "atoms": 1, "setup_time": 23.602413177490234}
{"apply": 0.01793363094329834, "batch_time": 0.03178984304017658, "d2h": 0.0007583141326904297, "data_time": 0.0018368035631106637, "fwd": 0.027822542190551757, "get_state_time_mean": NaN, "get_state_time_total": 0.0, "grad": 0.049846553802490236, "mean_accuracy": 0.34094998240470886, "mean_loss": 2.1005553871154787, "neg_mean_accuracy": -0.3911999762058258, "set_state_time_mean": NaN, "set_state_time_total": 0.0, "setup_model_time_mean": NaN, "setup_model_time_total": 0.0, "setup_proc_time_mean": NaN, "setup_proc_time_total": 0.0, "train_accuracy": 0.3294200003147125, "train_loss": 2.01845701171875, "training_time_mean": NaN, "training_time_total": 0.0, "val_accuracy": 0.3911999762058258, "val_loss": 1.9360402896881104, "validation_time_mean": NaN, "validation_time_total": 0.0, "samples": 60000, "num_workers": 1, "done": false, "timesteps_total": null, "episodes_total": null, "training_iteration": 2, "neg_mean_loss": -2.1005553871154787, "experiment_id": "60808dd6072c440289b3a1e3fd0fda72", "date": "2019-06-06_09-29-08", "timestamp": 1559838548, "time_this_iter_s": 40.775338888168335, "time_total_s": 88.3875195980072, "pid": 9130, "hostname": "steropes", "node_ip": "169.229.49.254", "config": {"starting_lr": 0.0005, "momentum": 0.99, "weight_decay": 0.001, "steps_per_iteration": null, "pin": false, "model_creator": null, "target_batch_size": 128, "model_string": "resnet50", "min_batch_size": 128, "dataset": "CIFAR", "placement": null, "use_nccl": true, "devices_per_worker": 1, "primary_resource": "extra_gpu", "gpu": false, "verbose": false, "lr_config": {"mode": "log", "steps": 5, "initial_lr": 0.0005, "target_lr": 0.0005}, "batch_per_device": 128}, "time_since_restore": 88.3875195980072, "timesteps_since_restore": 0, "iterations_since_restore": 2, "mean_throughput": 1357.6527839413682, "atoms": 1, "setup_time": 23.602413177490234}
{"apply": 0.017716002464294434, "batch_time": 0.033861483199686945, "d2h": 0.0008116722106933594, "data_time": 0.0018060134195000924, "fwd": 0.02828073501586914, "get_state_time_mean": NaN, "get_state_time_total": 0.0, "grad": 0.04841787815093994, "mean_accuracy": 0.3626333177089691, "mean_loss": 2.8498881060918175, "neg_mean_accuracy": -0.4059999883174896, "set_state_time_mean": NaN, "set_state_time_total": 0.0, "setup_model_time_mean": NaN, "setup_model_time_total": 0.0, "setup_proc_time_mean": NaN, "setup_proc_time_total": 0.0, "train_accuracy": 0.38089999556541443, "train_loss": 1.904781382675171, "training_time_mean": NaN, "training_time_total": 0.0, "val_accuracy": 0.4059999883174896, "val_loss": 4.348553544044495, "validation_time_mean": NaN, "validation_time_total": 0.0, "samples": 60000, "num_workers": 1, "done": false, "timesteps_total": null, "episodes_total": null, "training_iteration": 3, "neg_mean_loss": -2.8498881060918175, "experiment_id": "60808dd6072c440289b3a1e3fd0fda72", "date": "2019-06-06_09-29-49", "timestamp": 1559838589, "time_this_iter_s": 40.83340835571289, "time_total_s": 129.2209279537201, "pid": 9130, "hostname": "steropes", "node_ip": "169.229.49.254", "config": {"starting_lr": 0.0005, "momentum": 0.99, "weight_decay": 0.001, "steps_per_iteration": null, "pin": false, "model_creator": null, "target_batch_size": 128, "model_string": "resnet50", "min_batch_size": 128, "dataset": "CIFAR", "placement": null, "use_nccl": true, "devices_per_worker": 1, "primary_resource": "extra_gpu", "gpu": false, "verbose": false, "lr_config": {"mode": "log", "steps": 5, "initial_lr": 0.0005, "target_lr": 0.0005}, "batch_per_device": 128}, "time_since_restore": 129.2209279537201, "timesteps_since_restore": 0, "iterations_since_restore": 3, "mean_throughput": 1392.9588619773078, "atoms": 1, "setup_time": 23.602413177490234}
{"apply": 0.018192982673645018, "batch_time": 0.032502261898185635, "d2h": 0.0007933378219604492, "data_time": 0.001862377156991788, "fwd": 0.028112292289733887, "get_state_time_mean": NaN, "get_state_time_total": 0.0, "grad": 0.0486241340637207, "mean_accuracy": 0.38234998285770416, "mean_loss": 2.6494210987567905, "neg_mean_accuracy": -0.4414999783039093, "set_state_time_mean": NaN, "set_state_time_total": 0.0, "setup_model_time_mean": NaN, "setup_model_time_total": 0.0, "setup_proc_time_mean": NaN, "setup_proc_time_total": 0.0, "train_accuracy": 0.41307997703552246, "train_loss": 1.754410199508667, "training_time_mean": NaN, "training_time_total": 0.0, "val_accuracy": 0.4414999783039093, "val_loss": 2.048020076751709, "validation_time_mean": NaN, "validation_time_total": 0.0, "samples": 60000, "num_workers": 1, "done": false, "timesteps_total": null, "episodes_total": null, "training_iteration": 4, "neg_mean_loss": -2.6494210987567905, "experiment_id": "60808dd6072c440289b3a1e3fd0fda72", "date": "2019-06-06_09-30-31", "timestamp": 1559838631, "time_this_iter_s": 41.26507234573364, "time_total_s": 170.48600029945374, "pid": 9130, "hostname": "steropes", "node_ip": "169.229.49.254", "config": {"starting_lr": 0.0005, "momentum": 0.99, "weight_decay": 0.001, "steps_per_iteration": null, "pin": false, "model_creator": null, "target_batch_size": 128, "model_string": "resnet50", "min_batch_size": 128, "dataset": "CIFAR", "placement": null, "use_nccl": true, "devices_per_worker": 1, "primary_resource": "extra_gpu", "gpu": false, "verbose": false, "lr_config": {"mode": "log", "steps": 5, "initial_lr": 0.0005, "target_lr": 0.0005}, "batch_per_device": 128}, "time_since_restore": 170.48600029945374, "timesteps_since_restore": 0, "iterations_since_restore": 4, "mean_throughput": 1407.736243851449, "atoms": 1, "setup_time": 23.602413177490234}
{"apply": 0.017662644386291504, "batch_time": 0.03193577331832693, "d2h": 0.000748443603515625, "data_time": 0.0018435853826420387, "fwd": 0.02745950222015381, "get_state_time_mean": NaN, "get_state_time_total": 0.0, "grad": 0.047826838493347165, "mean_accuracy": 0.40033998489379885, "mean_loss": 2.499851148262024, "neg_mean_accuracy": -0.4722999930381775, "set_state_time_mean": NaN, "set_state_time_total": 0.0, "setup_model_time_mean": NaN, "setup_model_time_total": 0.0, "setup_proc_time_mean": NaN, "setup_proc_time_total": 0.0, "train_accuracy": 0.4389599859714508, "train_loss": 1.6154096412277221, "training_time_mean": NaN, "training_time_total": 0.0, "val_accuracy": 0.4722999930381775, "val_loss": 1.9015713462829589, "validation_time_mean": NaN, "validation_time_total": 0.0, "samples": 60000, "num_workers": 1, "done": false, "timesteps_total": null, "episodes_total": null, "training_iteration": 5, "neg_mean_loss": -2.499851148262024, "experiment_id": "60808dd6072c440289b3a1e3fd0fda72", "date": "2019-06-06_09-31-11", "timestamp": 1559838671, "time_this_iter_s": 40.856040239334106, "time_total_s": 211.34204053878784, "pid": 9130, "hostname": "steropes", "node_ip": "169.229.49.254", "config": {"starting_lr": 0.0005, "momentum": 0.99, "weight_decay": 0.001, "steps_per_iteration": null, "pin": false, "model_creator": null, "target_batch_size": 128, "model_string": "resnet50", "min_batch_size": 128, "dataset": "CIFAR", "placement": null, "use_nccl": true, "devices_per_worker": 1, "primary_resource": "extra_gpu", "gpu": false, "verbose": false, "lr_config": {"mode": "log", "steps": 5, "initial_lr": 0.0005, "target_lr": 0.0005}, "batch_per_device": 128}, "time_since_restore": 211.34204053878784, "timesteps_since_restore": 0, "iterations_since_restore": 5, "mean_throughput": 1419.4961304240046, "atoms": 1, "setup_time": 23.602413177490234}
{"apply": 0.0183565616607666, "batch_time": 0.03194643575933915, "d2h": 0.0007869482040405273, "data_time": 0.0018017163971805817, "fwd": 0.028458523750305175, "get_state_time_mean": NaN, "get_state_time_total": 0.0, "grad": 0.04806685447692871, "mean_accuracy": 0.438539981842041, "mean_loss": 2.361621408958435, "neg_mean_accuracy": -0.48169997334480286, "set_state_time_mean": NaN, "set_state_time_total": 0.0, "setup_model_time_mean": NaN, "setup_model_time_total": 0.0, "setup_proc_time_mean": NaN, "setup_proc_time_total": 0.0, "train_accuracy": 0.46074000000953674, "train_loss": 1.5568103699493407, "training_time_mean": NaN, "training_time_total": 0.0, "val_accuracy": 0.48169997334480286, "val_loss": 1.5739217880249023, "validation_time_mean": NaN, "validation_time_total": 0.0, "samples": 60000, "num_workers": 1, "done": false, "timesteps_total": null, "episodes_total": null, "training_iteration": 6, "neg_mean_loss": -2.361621408958435, "experiment_id": "60808dd6072c440289b3a1e3fd0fda72", "date": "2019-06-06_09-31-52", "timestamp": 1559838712, "time_this_iter_s": 40.7056245803833, "time_total_s": 252.04766511917114, "pid": 9130, "hostname": "steropes", "node_ip": "169.229.49.254", "config": {"starting_lr": 0.0005, "momentum": 0.99, "weight_decay": 0.001, "steps_per_iteration": null, "pin": false, "model_creator": null, "target_batch_size": 128, "model_string": "resnet50", "min_batch_size": 128, "dataset": "CIFAR", "placement": null, "use_nccl": true, "devices_per_worker": 1, "primary_resource": "extra_gpu", "gpu": false, "verbose": false, "lr_config": {"mode": "log", "steps": 5, "initial_lr": 0.0005, "target_lr": 0.0005}, "batch_per_device": 128}, "time_since_restore": 252.04766511917114, "timesteps_since_restore": 0, "iterations_since_restore": 6, "mean_throughput": 1467.4516949437516, "atoms": 1, "setup_time": 23.602413177490234}
{"apply": 0.01892836093902588, "batch_time": 0.03283926505076734, "d2h": 0.0007936477661132813, "data_time": 0.001817802638958787, "fwd": 0.028670382499694825, "get_state_time_mean": NaN, "get_state_time_total": 0.0, "grad": 0.0484555721282959, "mean_accuracy": 0.46077998280525206, "mean_loss": 2.5393857831573485, "neg_mean_accuracy": -0.5023999810218811, "set_state_time_mean": NaN, "set_state_time_total": 0.0, "setup_model_time_mean": NaN, "setup_model_time_total": 0.0, "setup_proc_time_mean": NaN, "setup_proc_time_total": 0.0, "train_accuracy": 0.48301997780799866, "train_loss": 1.49253429813385, "training_time_mean": NaN, "training_time_total": 0.0, "val_accuracy": 0.5023999810218811, "val_loss": 2.8248621606826783, "validation_time_mean": NaN, "validation_time_total": 0.0, "samples": 60000, "num_workers": 1, "done": false, "timesteps_total": null, "episodes_total": null, "training_iteration": 7, "neg_mean_loss": -2.5393857831573485, "experiment_id": "60808dd6072c440289b3a1e3fd0fda72", "date": "2019-06-06_09-32-33", "timestamp": 1559838753, "time_this_iter_s": 41.266209840774536, "time_total_s": 293.3138749599457, "pid": 9130, "hostname": "steropes", "node_ip": "169.229.49.254", "config": {"starting_lr": 0.0005, "momentum": 0.99, "weight_decay": 0.001, "steps_per_iteration": null, "pin": false, "model_creator": null, "target_batch_size": 128, "model_string": "resnet50", "min_batch_size": 128, "dataset": "CIFAR", "placement": null, "use_nccl": true, "devices_per_worker": 1, "primary_resource": "extra_gpu", "gpu": false, "verbose": false, "lr_config": {"mode": "log", "steps": 5, "initial_lr": 0.0005, "target_lr": 0.0005}, "batch_per_device": 128}, "time_since_restore": 293.3138749599457, "timesteps_since_restore": 0, "iterations_since_restore": 7, "mean_throughput": 1463.9377210779708, "atoms": 1, "setup_time": 23.602413177490234}
{"apply": 0.017697763442993165, "batch_time": 0.03201144254660305, "d2h": 0.0007344245910644531, "data_time": 0.0018177691018185043, "fwd": 0.02728242874145508, "get_state_time_mean": NaN, "get_state_time_total": 0.0, "grad": 0.046978092193603514, "mean_accuracy": 0.4792399823665619, "mean_loss": 2.0147719842147827, "neg_mean_accuracy": -0.4982999861240387, "set_state_time_mean": NaN, "set_state_time_total": 0.0, "setup_model_time_mean": NaN, "setup_model_time_total": 0.0, "setup_proc_time_mean": NaN, "setup_proc_time_total": 0.0, "train_accuracy": 0.5027399659156799, "train_loss": 1.4746470776367187, "training_time_mean": NaN, "training_time_total": 0.0, "val_accuracy": 0.4982999861240387, "val_loss": 1.725484549331665, "validation_time_mean": NaN, "validation_time_total": 0.0, "samples": 60000, "num_workers": 1, "done": false, "timesteps_total": null, "episodes_total": null, "training_iteration": 8, "neg_mean_loss": -2.0147719842147827, "experiment_id": "60808dd6072c440289b3a1e3fd0fda72", "date": "2019-06-06_09-33-14", "timestamp": 1559838794, "time_this_iter_s": 40.97308659553528, "time_total_s": 334.28696155548096, "pid": 9130, "hostname": "steropes", "node_ip": "169.229.49.254", "config": {"starting_lr": 0.0005, "momentum": 0.99, "weight_decay": 0.001, "steps_per_iteration": null, "pin": false, "model_creator": null, "target_batch_size": 128, "model_string": "resnet50", "min_batch_size": 128, "dataset": "CIFAR", "placement": null, "use_nccl": true, "devices_per_worker": 1, "primary_resource": "extra_gpu", "gpu": false, "verbose": false, "lr_config": {"mode": "log", "steps": 5, "initial_lr": 0.0005, "target_lr": 0.0005}, "batch_per_device": 128}, "time_since_restore": 334.28696155548096, "timesteps_since_restore": 0, "iterations_since_restore": 8, "mean_throughput": 1462.9406085034905, "atoms": 1, "setup_time": 23.602413177490234}
{"apply": 0.018266463279724122, "batch_time": 0.03225607509854474, "d2h": 0.0007662773132324219, "data_time": 0.0018257094771051041, "fwd": 0.028011465072631837, "get_state_time_mean": NaN, "get_state_time_total": 0.0, "grad": 0.047467613220214845, "mean_accuracy": 0.49745998382568357, "mean_loss": 2.068324675865173, "neg_mean_accuracy": -0.5325999855995178, "set_state_time_mean": NaN, "set_state_time_total": 0.0, "setup_model_time_mean": NaN, "setup_model_time_total": 0.0, "setup_proc_time_mean": NaN, "setup_proc_time_total": 0.0, "train_accuracy": 0.5069199800491333, "train_loss": 1.4071058819198607, "training_time_mean": NaN, "training_time_total": 0.0, "val_accuracy": 0.5325999855995178, "val_loss": 2.315783535003662, "validation_time_mean": NaN, "validation_time_total": 0.0, "samples": 60000, "num_workers": 1, "done": false, "timesteps_total": null, "episodes_total": null, "training_iteration": 9, "neg_mean_loss": -2.068324675865173, "experiment_id": "60808dd6072c440289b3a1e3fd0fda72", "date": "2019-06-06_09-33-55", "timestamp": 1559838835, "time_this_iter_s": 40.888938903808594, "time_total_s": 375.17590045928955, "pid": 9130, "hostname": "steropes", "node_ip": "169.229.49.254", "config": {"starting_lr": 0.0005, "momentum": 0.99, "weight_decay": 0.001, "steps_per_iteration": null, "pin": false, "model_creator": null, "target_batch_size": 128, "model_string": "resnet50", "min_batch_size": 128, "dataset": "CIFAR", "placement": null, "use_nccl": true, "devices_per_worker": 1, "primary_resource": "extra_gpu", "gpu": false, "verbose": false, "lr_config": {"mode": "log", "steps": 5, "initial_lr": 0.0005, "target_lr": 0.0005}, "batch_per_device": 128}, "time_since_restore": 375.17590045928955, "timesteps_since_restore": 0, "iterations_since_restore": 9, "mean_throughput": 1465.6287395641084, "atoms": 1, "setup_time": 23.602413177490234}
{"apply": 0.01777832508087158, "batch_time": 0.031646194337289546, "d2h": 0.0007493019104003907, "data_time": 0.0018010255320907553, "fwd": 0.02731809616088867, "get_state_time_mean": NaN, "get_state_time_total": 0.0, "grad": 0.047237610816955565, "mean_accuracy": 0.509279978275299, "mean_loss": 2.037138641624451, "neg_mean_accuracy": -0.5313999652862549, "set_state_time_mean": NaN, "set_state_time_total": 0.0, "setup_model_time_mean": NaN, "setup_model_time_total": 0.0, "setup_proc_time_mean": NaN, "setup_proc_time_total": 0.0, "train_accuracy": 0.5183799862861633, "train_loss": 1.4143803801727295, "training_time_mean": NaN, "training_time_total": 0.0, "val_accuracy": 0.5313999652862549, "val_loss": 1.7456411750793457, "validation_time_mean": NaN, "validation_time_total": 0.0, "samples": 60000, "num_workers": 1, "done": true, "timesteps_total": null, "episodes_total": null, "training_iteration": 10, "neg_mean_loss": -2.037138641624451, "experiment_id": "60808dd6072c440289b3a1e3fd0fda72", "date": "2019-06-06_09-34-36", "timestamp": 1559838876, "time_this_iter_s": 40.71853494644165, "time_total_s": 415.8944354057312, "pid": 9130, "hostname": "steropes", "node_ip": "169.229.49.254", "config": {"starting_lr": 0.0005, "momentum": 0.99, "weight_decay": 0.001, "steps_per_iteration": null, "pin": false, "model_creator": null, "target_batch_size": 128, "model_string": "resnet50", "min_batch_size": 128, "dataset": "CIFAR", "placement": null, "use_nccl": true, "devices_per_worker": 1, "primary_resource": "extra_gpu", "gpu": false, "verbose": false, "lr_config": {"mode": "log", "steps": 5, "initial_lr": 0.0005, "target_lr": 0.0005}, "batch_per_device": 128}, "time_since_restore": 415.8944354057312, "timesteps_since_restore": 0, "iterations_since_restore": 10, "mean_throughput": 1466.6138950827783, "atoms": 1, "setup_time": 23.602413177490234}
