{"apply": 0.017019820213317872, "batch_time": 0.04122113879722885, "d2h": 0.0007061481475830079, "data_time": 0.0018657162366315836, "fwd": 0.11837990283966064, "get_state_time_mean": NaN, "get_state_time_total": 0.0, "grad": 0.19344892501831054, "mean_accuracy": 0.2895999848842621, "mean_loss": 3.606219480895996, "neg_mean_accuracy": -0.2895999848842621, "set_state_time_mean": NaN, "set_state_time_total": 0.0, "setup_model_time_mean": 15.628244638442993, "setup_model_time_total": 15.628244638442993, "setup_proc_time_mean": 1.9485597610473633, "setup_proc_time_total": 1.9485597610473633, "train_accuracy": 0.21772000193595886, "train_loss": 2.595545378417969, "training_time_mean": NaN, "training_time_total": 0.0, "val_accuracy": 0.2895999848842621, "val_loss": 3.606219480895996, "validation_time_mean": NaN, "validation_time_total": 0.0, "samples": 60000, "num_workers": 1, "done": false, "timesteps_total": null, "episodes_total": null, "training_iteration": 1, "neg_mean_loss": -3.606219480895996, "experiment_id": "9df8a06a130d4d7c84dfb3f8bc3c7bc8", "date": "2019-06-03_22-25-21", "timestamp": 1559625921, "time_this_iter_s": 47.38322424888611, "time_total_s": 47.38322424888611, "pid": 26260, "hostname": "steropes", "node_ip": "169.229.49.254", "config": {"starting_lr": 0.001, "momentum": 0.99, "weight_decay": 0.0001, "steps_per_iteration": null, "pin": false, "model_creator": null, "target_batch_size": 128, "model_string": "resnet50", "min_batch_size": 128, "dataset": "CIFAR", "placement": null, "use_nccl": true, "devices_per_worker": 1, "primary_resource": "extra_gpu", "gpu": false, "verbose": false, "lr_config": {"mode": "log", "steps": 5, "initial_lr": 0.001, "target_lr": 0.001}, "batch_per_device": 128}, "time_since_restore": 47.38322424888611, "timesteps_since_restore": 0, "iterations_since_restore": 1, "mean_throughput": 1266.2686800214483, "atoms": 1, "setup_time": 17.672980070114136}
{"apply": 0.016723275184631348, "batch_time": 0.031415124482746366, "d2h": 0.0006641149520874023, "data_time": 0.0018104805665857652, "fwd": 0.027278804779052736, "get_state_time_mean": NaN, "get_state_time_total": 0.0, "grad": 0.046789145469665526, "mean_accuracy": 0.3198999911546707, "mean_loss": 2.928476908493042, "neg_mean_accuracy": -0.35019999742507935, "set_state_time_mean": NaN, "set_state_time_total": 0.0, "setup_model_time_mean": NaN, "setup_model_time_total": 0.0, "setup_proc_time_mean": NaN, "setup_proc_time_total": 0.0, "train_accuracy": 0.3173399865627289, "train_loss": 2.4029617712783815, "training_time_mean": NaN, "training_time_total": 0.0, "val_accuracy": 0.35019999742507935, "val_loss": 2.2507343360900878, "validation_time_mean": NaN, "validation_time_total": 0.0, "samples": 60000, "num_workers": 1, "done": false, "timesteps_total": null, "episodes_total": null, "training_iteration": 2, "neg_mean_loss": -2.928476908493042, "experiment_id": "9df8a06a130d4d7c84dfb3f8bc3c7bc8", "date": "2019-06-03_22-26-01", "timestamp": 1559625961, "time_this_iter_s": 40.05561280250549, "time_total_s": 87.4388370513916, "pid": 26260, "hostname": "steropes", "node_ip": "169.229.49.254", "config": {"starting_lr": 0.001, "momentum": 0.99, "weight_decay": 0.0001, "steps_per_iteration": null, "pin": false, "model_creator": null, "target_batch_size": 128, "model_string": "resnet50", "min_batch_size": 128, "dataset": "CIFAR", "placement": null, "use_nccl": true, "devices_per_worker": 1, "primary_resource": "extra_gpu", "gpu": false, "verbose": false, "lr_config": {"mode": "log", "steps": 5, "initial_lr": 0.001, "target_lr": 0.001}, "batch_per_device": 128}, "time_since_restore": 87.4388370513916, "timesteps_since_restore": 0, "iterations_since_restore": 2, "mean_throughput": 1372.3852880795164, "atoms": 1, "setup_time": 17.672980070114136}
{"apply": 0.016835856437683105, "batch_time": 0.03163354306281367, "d2h": 0.000661778450012207, "data_time": 0.0017726659165014087, "fwd": 0.027328848838806152, "get_state_time_mean": NaN, "get_state_time_total": 0.0, "grad": 0.046857166290283206, "mean_accuracy": 0.3105333248774211, "mean_loss": 6.987532727940877, "neg_mean_accuracy": -0.29179999232292175, "set_state_time_mean": NaN, "set_state_time_total": 0.0, "setup_model_time_mean": NaN, "setup_model_time_total": 0.0, "setup_proc_time_mean": NaN, "setup_proc_time_total": 0.0, "train_accuracy": 0.3222000002861023, "train_loss": 2.4699172492218016, "training_time_mean": NaN, "training_time_total": 0.0, "val_accuracy": 0.29179999232292175, "val_loss": 15.105644366836549, "validation_time_mean": NaN, "validation_time_total": 0.0, "samples": 60000, "num_workers": 1, "done": false, "timesteps_total": null, "episodes_total": null, "training_iteration": 3, "neg_mean_loss": -6.987532727940877, "experiment_id": "9df8a06a130d4d7c84dfb3f8bc3c7bc8", "date": "2019-06-03_22-26-40", "timestamp": 1559626000, "time_this_iter_s": 39.843751668930054, "time_total_s": 127.28258872032166, "pid": 26260, "hostname": "steropes", "node_ip": "169.229.49.254", "config": {"starting_lr": 0.001, "momentum": 0.99, "weight_decay": 0.0001, "steps_per_iteration": null, "pin": false, "model_creator": null, "target_batch_size": 128, "model_string": "resnet50", "min_batch_size": 128, "dataset": "CIFAR", "placement": null, "use_nccl": true, "devices_per_worker": 1, "primary_resource": "extra_gpu", "gpu": false, "verbose": false, "lr_config": {"mode": "log", "steps": 5, "initial_lr": 0.001, "target_lr": 0.001}, "batch_per_device": 128}, "time_since_restore": 127.28258872032166, "timesteps_since_restore": 0, "iterations_since_restore": 3, "mean_throughput": 1414.1703546607946, "atoms": 1, "setup_time": 17.672980070114136}
{"apply": 0.0171600341796875, "batch_time": 0.0314234932766685, "d2h": 0.0006266593933105469, "data_time": 0.0017908479246641973, "fwd": 0.02812325954437256, "get_state_time_mean": NaN, "get_state_time_total": 0.0, "grad": 0.0474362850189209, "mean_accuracy": 0.31027498841285706, "mean_loss": 27.256814434146882, "neg_mean_accuracy": -0.30949997901916504, "set_state_time_mean": NaN, "set_state_time_total": 0.0, "setup_model_time_mean": NaN, "setup_model_time_total": 0.0, "setup_proc_time_mean": NaN, "setup_proc_time_total": 0.0, "train_accuracy": 0.3383199870586395, "train_loss": 2.1085841385650634, "training_time_mean": NaN, "training_time_total": 0.0, "val_accuracy": 0.30949997901916504, "val_loss": 88.0646595527649, "validation_time_mean": NaN, "validation_time_total": 0.0, "samples": 60000, "num_workers": 1, "done": false, "timesteps_total": null, "episodes_total": null, "training_iteration": 4, "neg_mean_loss": -27.256814434146882, "experiment_id": "9df8a06a130d4d7c84dfb3f8bc3c7bc8", "date": "2019-06-03_22-27-20", "timestamp": 1559626040, "time_this_iter_s": 39.757447242736816, "time_total_s": 167.04003596305847, "pid": 26260, "hostname": "steropes", "node_ip": "169.229.49.254", "config": {"starting_lr": 0.001, "momentum": 0.99, "weight_decay": 0.0001, "steps_per_iteration": null, "pin": false, "model_creator": null, "target_batch_size": 128, "model_string": "resnet50", "min_batch_size": 128, "dataset": "CIFAR", "placement": null, "use_nccl": true, "devices_per_worker": 1, "primary_resource": "extra_gpu", "gpu": false, "verbose": false, "lr_config": {"mode": "log", "steps": 5, "initial_lr": 0.001, "target_lr": 0.001}, "batch_per_device": 128}, "time_since_restore": 167.04003596305847, "timesteps_since_restore": 0, "iterations_since_restore": 4, "mean_throughput": 1436.7760910062716, "atoms": 1, "setup_time": 17.672980070114136}
{"apply": 0.017086243629455565, "batch_time": 0.03110640863829021, "d2h": 0.000754237174987793, "data_time": 0.0017918400142503822, "fwd": 0.027680253982543944, "get_state_time_mean": NaN, "get_state_time_total": 0.0, "grad": 0.047109556198120114, "mean_accuracy": 0.3231799900531769, "mean_loss": 22.184264030494692, "neg_mean_accuracy": -0.3747999966144562, "set_state_time_mean": NaN, "set_state_time_total": 0.0, "setup_model_time_mean": NaN, "setup_model_time_total": 0.0, "setup_proc_time_mean": NaN, "setup_proc_time_total": 0.0, "train_accuracy": 0.33309999108314514, "train_loss": 2.123840731124878, "training_time_mean": NaN, "training_time_total": 0.0, "val_accuracy": 0.3747999966144562, "val_loss": 1.8940624158859254, "validation_time_mean": NaN, "validation_time_total": 0.0, "samples": 60000, "num_workers": 1, "done": false, "timesteps_total": null, "episodes_total": null, "training_iteration": 5, "neg_mean_loss": -22.184264030494692, "experiment_id": "9df8a06a130d4d7c84dfb3f8bc3c7bc8", "date": "2019-06-03_22-28-00", "timestamp": 1559626080, "time_this_iter_s": 39.7005729675293, "time_total_s": 206.74060893058777, "pid": 26260, "hostname": "steropes", "node_ip": "169.229.49.254", "config": {"starting_lr": 0.001, "momentum": 0.99, "weight_decay": 0.0001, "steps_per_iteration": null, "pin": false, "model_creator": null, "target_batch_size": 128, "model_string": "resnet50", "min_batch_size": 128, "dataset": "CIFAR", "placement": null, "use_nccl": true, "devices_per_worker": 1, "primary_resource": "extra_gpu", "gpu": false, "verbose": false, "lr_config": {"mode": "log", "steps": 5, "initial_lr": 0.001, "target_lr": 0.001}, "batch_per_device": 128}, "time_since_restore": 206.74060893058777, "timesteps_since_restore": 0, "iterations_since_restore": 5, "mean_throughput": 1451.0889374247429, "atoms": 1, "setup_time": 17.672980070114136}
{"apply": 0.017021822929382324, "batch_time": 0.03145498867276349, "d2h": 0.0006641864776611329, "data_time": 0.001782697789809283, "fwd": 0.027692222595214845, "get_state_time_mean": NaN, "get_state_time_total": 0.0, "grad": 0.04770383834838867, "mean_accuracy": 0.34683998823165896, "mean_loss": 21.990414406051634, "neg_mean_accuracy": -0.40789997577667236, "set_state_time_mean": NaN, "set_state_time_total": 0.0, "setup_model_time_mean": NaN, "setup_model_time_total": 0.0, "setup_proc_time_mean": NaN, "setup_proc_time_total": 0.0, "train_accuracy": 0.3881399929523468, "train_loss": 1.859795998764038, "training_time_mean": NaN, "training_time_total": 0.0, "val_accuracy": 0.40789997577667236, "val_loss": 2.636971358680725, "validation_time_mean": NaN, "validation_time_total": 0.0, "samples": 60000, "num_workers": 1, "done": false, "timesteps_total": null, "episodes_total": null, "training_iteration": 6, "neg_mean_loss": -21.990414406051634, "experiment_id": "9df8a06a130d4d7c84dfb3f8bc3c7bc8", "date": "2019-06-03_22-28-40", "timestamp": 1559626120, "time_this_iter_s": 39.74489617347717, "time_total_s": 246.48550510406494, "pid": 26260, "hostname": "steropes", "node_ip": "169.229.49.254", "config": {"starting_lr": 0.001, "momentum": 0.99, "weight_decay": 0.0001, "steps_per_iteration": null, "pin": false, "model_creator": null, "target_batch_size": 128, "model_string": "resnet50", "min_batch_size": 128, "dataset": "CIFAR", "placement": null, "use_nccl": true, "devices_per_worker": 1, "primary_resource": "extra_gpu", "gpu": false, "verbose": false, "lr_config": {"mode": "log", "steps": 5, "initial_lr": 0.001, "target_lr": 0.001}, "batch_per_device": 128}, "time_since_restore": 246.48550510406494, "timesteps_since_restore": 0, "iterations_since_restore": 6, "mean_throughput": 1506.7581359113917, "atoms": 1, "setup_time": 17.672980070114136}
{"apply": 0.01692647933959961, "batch_time": 0.03157943713514111, "d2h": 0.0006702899932861328, "data_time": 0.001830141257751933, "fwd": 0.02778773307800293, "get_state_time_mean": NaN, "get_state_time_total": 0.0, "grad": 0.04728167057037354, "mean_accuracy": 0.35513998866081237, "mean_loss": 22.035272431106566, "neg_mean_accuracy": -0.39169999957084656, "set_state_time_mean": NaN, "set_state_time_total": 0.0, "setup_model_time_mean": NaN, "setup_model_time_total": 0.0, "setup_proc_time_mean": NaN, "setup_proc_time_total": 0.0, "train_accuracy": 0.389739990234375, "train_loss": 1.9354376525497436, "training_time_mean": NaN, "training_time_total": 0.0, "val_accuracy": 0.39169999957084656, "val_loss": 2.4750244613647463, "validation_time_mean": NaN, "validation_time_total": 0.0, "samples": 60000, "num_workers": 1, "done": false, "timesteps_total": null, "episodes_total": null, "training_iteration": 7, "neg_mean_loss": -22.035272431106566, "experiment_id": "9df8a06a130d4d7c84dfb3f8bc3c7bc8", "date": "2019-06-03_22-29-20", "timestamp": 1559626160, "time_this_iter_s": 39.835158348083496, "time_total_s": 286.32066345214844, "pid": 26260, "hostname": "steropes", "node_ip": "169.229.49.254", "config": {"starting_lr": 0.001, "momentum": 0.99, "weight_decay": 0.0001, "steps_per_iteration": null, "pin": false, "model_creator": null, "target_batch_size": 128, "model_string": "resnet50", "min_batch_size": 128, "dataset": "CIFAR", "placement": null, "use_nccl": true, "devices_per_worker": 1, "primary_resource": "extra_gpu", "gpu": false, "verbose": false, "lr_config": {"mode": "log", "steps": 5, "initial_lr": 0.001, "target_lr": 0.001}, "batch_per_device": 128}, "time_since_restore": 286.32066345214844, "timesteps_since_restore": 0, "iterations_since_restore": 7, "mean_throughput": 1508.4283619577989, "atoms": 1, "setup_time": 17.672980070114136}
{"apply": 0.01663925647735596, "batch_time": 0.03135098384905465, "d2h": 0.0006672620773315429, "data_time": 0.0017952254361203869, "fwd": 0.0272371768951416, "get_state_time_mean": NaN, "get_state_time_total": 0.0, "grad": 0.04721529483795166, "mean_accuracy": 0.3736599862575531, "mean_loss": 19.830512751426696, "neg_mean_accuracy": -0.38439998030662537, "set_state_time_mean": NaN, "set_state_time_total": 0.0, "setup_model_time_mean": NaN, "setup_model_time_total": 0.0, "setup_proc_time_mean": NaN, "setup_proc_time_total": 0.0, "train_accuracy": 0.39813998341560364, "train_loss": 1.8745808257675172, "training_time_mean": NaN, "training_time_total": 0.0, "val_accuracy": 0.38439998030662537, "val_loss": 4.081845968437195, "validation_time_mean": NaN, "validation_time_total": 0.0, "samples": 60000, "num_workers": 1, "done": false, "timesteps_total": null, "episodes_total": null, "training_iteration": 8, "neg_mean_loss": -19.830512751426696, "experiment_id": "9df8a06a130d4d7c84dfb3f8bc3c7bc8", "date": "2019-06-03_22-29-59", "timestamp": 1559626199, "time_this_iter_s": 39.696967124938965, "time_total_s": 326.0176305770874, "pid": 26260, "hostname": "steropes", "node_ip": "169.229.49.254", "config": {"starting_lr": 0.001, "momentum": 0.99, "weight_decay": 0.0001, "steps_per_iteration": null, "pin": false, "model_creator": null, "target_batch_size": 128, "model_string": "resnet50", "min_batch_size": 128, "dataset": "CIFAR", "placement": null, "use_nccl": true, "devices_per_worker": 1, "primary_resource": "extra_gpu", "gpu": false, "verbose": false, "lr_config": {"mode": "log", "steps": 5, "initial_lr": 0.001, "target_lr": 0.001}, "batch_per_device": 128}, "time_since_restore": 326.0176305770874, "timesteps_since_restore": 0, "iterations_since_restore": 8, "mean_throughput": 1509.544508308553, "atoms": 1, "setup_time": 17.672980070114136}
{"apply": 0.017056202888488768, "batch_time": 0.03151695637763301, "d2h": 0.0007879495620727539, "data_time": 0.001835317562913041, "fwd": 0.02871384620666504, "get_state_time_mean": NaN, "get_state_time_total": 0.0, "grad": 0.04744143486022949, "mean_accuracy": 0.3997799873352051, "mean_loss": 3.575418598442077, "neg_mean_accuracy": -0.4400999844074249, "set_state_time_mean": NaN, "set_state_time_total": 0.0, "setup_model_time_mean": NaN, "setup_model_time_total": 0.0, "setup_proc_time_mean": NaN, "setup_proc_time_total": 0.0, "train_accuracy": 0.41825997829437256, "train_loss": 1.749439568901062, "training_time_mean": NaN, "training_time_total": 0.0, "val_accuracy": 0.4400999844074249, "val_loss": 6.7891887878417965, "validation_time_mean": NaN, "validation_time_total": 0.0, "samples": 60000, "num_workers": 1, "done": false, "timesteps_total": null, "episodes_total": null, "training_iteration": 9, "neg_mean_loss": -3.575418598442077, "experiment_id": "9df8a06a130d4d7c84dfb3f8bc3c7bc8", "date": "2019-06-03_22-30-39", "timestamp": 1559626239, "time_this_iter_s": 39.84266996383667, "time_total_s": 365.8603005409241, "pid": 26260, "hostname": "steropes", "node_ip": "169.229.49.254", "config": {"starting_lr": 0.001, "momentum": 0.99, "weight_decay": 0.0001, "steps_per_iteration": null, "pin": false, "model_creator": null, "target_batch_size": 128, "model_string": "resnet50", "min_batch_size": 128, "dataset": "CIFAR", "placement": null, "use_nccl": true, "devices_per_worker": 1, "primary_resource": "extra_gpu", "gpu": false, "verbose": false, "lr_config": {"mode": "log", "steps": 5, "initial_lr": 0.001, "target_lr": 0.001}, "batch_per_device": 128}, "time_since_restore": 365.8603005409241, "timesteps_since_restore": 0, "iterations_since_restore": 9, "mean_throughput": 1508.897513305717, "atoms": 1, "setup_time": 17.672980070114136}
{"apply": 0.0168959379196167, "batch_time": 0.03173396858987929, "d2h": 0.000670170783996582, "data_time": 0.0017859301603663608, "fwd": 0.02817564010620117, "get_state_time_mean": NaN, "get_state_time_total": 0.0, "grad": 0.04696965217590332, "mean_accuracy": 0.41683998703956604, "mean_loss": 7.009452530670165, "neg_mean_accuracy": -0.460099995136261, "set_state_time_mean": NaN, "set_state_time_total": 0.0, "setup_model_time_mean": NaN, "setup_model_time_total": 0.0, "setup_proc_time_mean": NaN, "setup_proc_time_total": 0.0, "train_accuracy": 0.44064000248908997, "train_loss": 1.7209559285354614, "training_time_mean": NaN, "training_time_total": 0.0, "val_accuracy": 0.460099995136261, "val_loss": 19.064232077026368, "validation_time_mean": NaN, "validation_time_total": 0.0, "samples": 60000, "num_workers": 1, "done": false, "timesteps_total": null, "episodes_total": null, "training_iteration": 10, "neg_mean_loss": -7.009452530670165, "experiment_id": "9df8a06a130d4d7c84dfb3f8bc3c7bc8", "date": "2019-06-03_22-31-19", "timestamp": 1559626279, "time_this_iter_s": 39.73153758049011, "time_total_s": 405.5918381214142, "pid": 26260, "hostname": "steropes", "node_ip": "169.229.49.254", "config": {"starting_lr": 0.001, "momentum": 0.99, "weight_decay": 0.0001, "steps_per_iteration": null, "pin": false, "model_creator": null, "target_batch_size": 128, "model_string": "resnet50", "min_batch_size": 128, "dataset": "CIFAR", "placement": null, "use_nccl": true, "devices_per_worker": 1, "primary_resource": "extra_gpu", "gpu": false, "verbose": false, "lr_config": {"mode": "log", "steps": 5, "initial_lr": 0.001, "target_lr": 0.001}, "batch_per_device": 128}, "time_since_restore": 405.5918381214142, "timesteps_since_restore": 0, "iterations_since_restore": 10, "mean_throughput": 1508.662519490694, "atoms": 1, "setup_time": 17.672980070114136}
{"apply": 0.016939783096313478, "batch_time": 0.03174454954606068, "d2h": 0.0006757974624633789, "data_time": 0.0017793440757810002, "fwd": 0.027604269981384277, "get_state_time_mean": NaN, "get_state_time_total": 0.0, "grad": 0.047173261642456055, "mean_accuracy": 0.42589998841285703, "mean_loss": 7.529982639961243, "neg_mean_accuracy": -0.45319998264312744, "set_state_time_mean": NaN, "set_state_time_total": 0.0, "setup_model_time_mean": NaN, "setup_model_time_total": 0.0, "setup_proc_time_mean": NaN, "setup_proc_time_total": 0.0, "train_accuracy": 0.4360399842262268, "train_loss": 1.8660258699798584, "training_time_mean": NaN, "training_time_total": 0.0, "val_accuracy": 0.45319998264312744, "val_loss": 5.239621905136109, "validation_time_mean": NaN, "validation_time_total": 0.0, "samples": 60000, "num_workers": 1, "done": false, "timesteps_total": null, "episodes_total": null, "training_iteration": 11, "neg_mean_loss": -7.529982639961243, "experiment_id": "9df8a06a130d4d7c84dfb3f8bc3c7bc8", "date": "2019-06-03_22-31-59", "timestamp": 1559626319, "time_this_iter_s": 39.71957015991211, "time_total_s": 445.3114082813263, "pid": 26260, "hostname": "steropes", "node_ip": "169.229.49.254", "config": {"starting_lr": 0.001, "momentum": 0.99, "weight_decay": 0.0001, "steps_per_iteration": null, "pin": false, "model_creator": null, "target_batch_size": 128, "model_string": "resnet50", "min_batch_size": 128, "dataset": "CIFAR", "placement": null, "use_nccl": true, "devices_per_worker": 1, "primary_resource": "extra_gpu", "gpu": false, "verbose": false, "lr_config": {"mode": "log", "steps": 5, "initial_lr": 0.001, "target_lr": 0.001}, "batch_per_device": 128}, "time_since_restore": 445.3114082813263, "timesteps_since_restore": 0, "iterations_since_restore": 11, "mean_throughput": 1508.854633184417, "atoms": 1, "setup_time": 17.672980070114136}
{"apply": 0.01683962345123291, "batch_time": 0.03151703786246384, "d2h": 0.0006910562515258789, "data_time": 0.0017616663442548278, "fwd": 0.028226089477539063, "get_state_time_mean": NaN, "get_state_time_total": 0.0, "grad": 0.047148728370666505, "mean_accuracy": 0.43887998461723327, "mean_loss": 7.776937662544251, "neg_mean_accuracy": -0.45659998059272766, "set_state_time_mean": NaN, "set_state_time_total": 0.0, "setup_model_time_mean": NaN, "setup_model_time_total": 0.0, "setup_proc_time_mean": NaN, "setup_proc_time_total": 0.0, "train_accuracy": 0.45619997382164, "train_loss": 1.664120094642639, "training_time_mean": NaN, "training_time_total": 0.0, "val_accuracy": 0.45659998059272766, "val_loss": 3.7097995742797854, "validation_time_mean": NaN, "validation_time_total": 0.0, "samples": 60000, "num_workers": 1, "done": true, "timesteps_total": null, "episodes_total": null, "training_iteration": 12, "neg_mean_loss": -7.776937662544251, "experiment_id": "9df8a06a130d4d7c84dfb3f8bc3c7bc8", "date": "2019-06-03_22-32-38", "timestamp": 1559626358, "time_this_iter_s": 39.67740488052368, "time_total_s": 484.98881316185, "pid": 26260, "hostname": "steropes", "node_ip": "169.229.49.254", "config": {"starting_lr": 0.001, "momentum": 0.99, "weight_decay": 0.0001, "steps_per_iteration": null, "pin": false, "model_creator": null, "target_batch_size": 128, "model_string": "resnet50", "min_batch_size": 128, "dataset": "CIFAR", "placement": null, "use_nccl": true, "devices_per_worker": 1, "primary_resource": "extra_gpu", "gpu": false, "verbose": false, "lr_config": {"mode": "log", "steps": 5, "initial_lr": 0.001, "target_lr": 0.001}, "batch_per_device": 128}, "time_since_restore": 484.98881316185, "timesteps_since_restore": 0, "iterations_since_restore": 12, "mean_throughput": 1510.0527064643843, "atoms": 1, "setup_time": 17.672980070114136}
