{"apply": 0.017519593238830566, "batch_time": 0.051232494885408424, "d2h": 0.0006963729858398438, "data_time": 0.0019049455442696887, "fwd": 0.11902892589569092, "get_state_time_mean": NaN, "get_state_time_total": 0.0, "grad": 0.1650637149810791, "mean_accuracy": 0.09510000050067902, "mean_loss": 6.749033775880659e+16, "neg_mean_accuracy": -0.09510000050067902, "set_state_time_mean": NaN, "set_state_time_total": 0.0, "setup_model_time_mean": 10.013503789901733, "setup_model_time_total": 10.013503789901733, "setup_proc_time_mean": 0.1255507469177246, "setup_proc_time_total": 0.1255507469177246, "train_accuracy": 0.10147999972105026, "train_loss": 68255920154.32608, "training_time_mean": NaN, "training_time_total": 0.0, "val_accuracy": 0.09510000050067902, "val_loss": 6.749033775880659e+16, "validation_time_mean": NaN, "validation_time_total": 0.0, "samples": 60000, "num_workers": 1, "done": false, "timesteps_total": null, "episodes_total": null, "training_iteration": 1, "neg_mean_loss": -6.749033775880659e+16, "experiment_id": "a342ba633aec4230b3cea49214467093", "date": "2019-06-06_10-31-33", "timestamp": 1559842293, "time_this_iter_s": 47.241196632385254, "time_total_s": 47.241196632385254, "pid": 7402, "hostname": "steropes", "node_ip": "169.229.49.254", "config": {"starting_lr": 1.0, "momentum": 0.997, "weight_decay": 0.001, "steps_per_iteration": null, "pin": false, "model_creator": null, "target_batch_size": 128, "model_string": "resnet50", "min_batch_size": 128, "dataset": "CIFAR", "placement": null, "use_nccl": true, "devices_per_worker": 1, "primary_resource": "extra_gpu", "gpu": false, "verbose": false, "lr_config": {"mode": "log", "steps": 5, "initial_lr": 1.0, "target_lr": 1.0}, "batch_per_device": 128}, "time_since_restore": 47.241196632385254, "timesteps_since_restore": 0, "iterations_since_restore": 1, "mean_throughput": 1270.0746798132511, "atoms": 1, "setup_time": 10.26218318939209}
{"apply": 0.01732659339904785, "batch_time": 0.03225997429859789, "d2h": 0.0007338523864746094, "data_time": 0.0018738651519541241, "fwd": 0.02791934013366699, "get_state_time_mean": NaN, "get_state_time_total": 0.0, "grad": 0.04784088134765625, "mean_accuracy": 0.04755000025033951, "mean_loss": NaN, "neg_mean_accuracy": -0.0, "set_state_time_mean": NaN, "set_state_time_total": 0.0, "setup_model_time_mean": NaN, "setup_model_time_total": 0.0, "setup_proc_time_mean": NaN, "setup_proc_time_total": 0.0, "train_accuracy": 0.03551999852061272, "train_loss": NaN, "training_time_mean": NaN, "training_time_total": 0.0, "val_accuracy": 0.0, "val_loss": NaN, "validation_time_mean": NaN, "validation_time_total": 0.0, "samples": 60000, "num_workers": 1, "done": false, "timesteps_total": null, "episodes_total": null, "training_iteration": 2, "neg_mean_loss": NaN, "experiment_id": "a342ba633aec4230b3cea49214467093", "date": "2019-06-06_10-32-14", "timestamp": 1559842334, "time_this_iter_s": 41.248481035232544, "time_total_s": 88.4896776676178, "pid": 7402, "hostname": "steropes", "node_ip": "169.229.49.254", "config": {"starting_lr": 1.0, "momentum": 0.997, "weight_decay": 0.001, "steps_per_iteration": null, "pin": false, "model_creator": null, "target_batch_size": 128, "model_string": "resnet50", "min_batch_size": 128, "dataset": "CIFAR", "placement": null, "use_nccl": true, "devices_per_worker": 1, "primary_resource": "extra_gpu", "gpu": false, "verbose": false, "lr_config": {"mode": "log", "steps": 5, "initial_lr": 1.0, "target_lr": 1.0}, "batch_per_device": 128}, "time_since_restore": 88.4896776676178, "timesteps_since_restore": 0, "iterations_since_restore": 2, "mean_throughput": 1356.087300279709, "atoms": 1, "setup_time": 10.26218318939209}
{"apply": 0.017058634757995607, "batch_time": 0.0322287324108655, "d2h": 0.0007213354110717773, "data_time": 0.0017820483888201701, "fwd": 0.027466630935668944, "get_state_time_mean": NaN, "get_state_time_total": 0.0, "grad": 0.04765779972076416, "mean_accuracy": 0.031700000166893005, "mean_loss": NaN, "neg_mean_accuracy": -0.0, "set_state_time_mean": NaN, "set_state_time_total": 0.0, "setup_model_time_mean": NaN, "setup_model_time_total": 0.0, "setup_proc_time_mean": NaN, "setup_proc_time_total": 0.0, "train_accuracy": 0.0, "train_loss": NaN, "training_time_mean": NaN, "training_time_total": 0.0, "val_accuracy": 0.0, "val_loss": NaN, "validation_time_mean": NaN, "validation_time_total": 0.0, "samples": 60000, "num_workers": 1, "done": true, "timesteps_total": null, "episodes_total": null, "training_iteration": 3, "neg_mean_loss": NaN, "experiment_id": "a342ba633aec4230b3cea49214467093", "date": "2019-06-06_10-32-55", "timestamp": 1559842375, "time_this_iter_s": 40.706212282180786, "time_total_s": 129.19588994979858, "pid": 7402, "hostname": "steropes", "node_ip": "169.229.49.254", "config": {"starting_lr": 1.0, "momentum": 0.997, "weight_decay": 0.001, "steps_per_iteration": null, "pin": false, "model_creator": null, "target_batch_size": 128, "model_string": "resnet50", "min_batch_size": 128, "dataset": "CIFAR", "placement": null, "use_nccl": true, "devices_per_worker": 1, "primary_resource": "extra_gpu", "gpu": false, "verbose": false, "lr_config": {"mode": "log", "steps": 5, "initial_lr": 1.0, "target_lr": 1.0}, "batch_per_device": 128}, "time_since_restore": 129.19588994979858, "timesteps_since_restore": 0, "iterations_since_restore": 3, "mean_throughput": 1393.2301466508166, "atoms": 1, "setup_time": 10.26218318939209}
