apply,batch_time,d2h,data_time,fwd,get_state_time_mean,get_state_time_total,grad,mean_accuracy,mean_loss,neg_mean_accuracy,set_state_time_mean,set_state_time_total,setup_model_time_mean,setup_model_time_total,setup_proc_time_mean,setup_proc_time_total,train_accuracy,train_loss,training_time_mean,training_time_total,validation_time_mean,validation_time_total,samples,num_workers,done,timesteps_total,episodes_total,training_iteration,neg_mean_loss,experiment_id,date,timestamp,time_this_iter_s,time_total_s,pid,hostname,node_ip,config,time_since_restore,timesteps_since_restore,iterations_since_restore,mean_throughput,atoms
0.007930827140808106,0.19137997627258302,0.0049855709075927734,0.03755922706759706,0.07663609981536865,nan,0.0,0.1664630651473999,0.3052999973297119,1.8959662263870238,-0.3052999973297119,nan,0.0,9.398789405822754,9.398789405822754,0.5359106063842773,0.5359106063842773,0.1783600002527237,3.3826147717285155,nan,0.0,nan,0.0,60000,1,False,,,1,-1.8959662263870238,0bbe31d119b14d389dbf258890aa3dc1,2019-05-30_14-51-02,1559253062,12.252317428588867,12.252317428588867,16039,steropes,169.229.49.254,"{'starting_lr': 0.001, 'momentum': 0.997, 'weight_decay': 0.0001, 'steps_per_iteration': None, 'pin': False, 'model_creator': None, 'target_batch_size': 1024, 'model_string': 'resnet18', 'min_batch_size': 512, 'dataset': 'CIFAR', 'placement': None, 'use_nccl': True, 'devices_per_worker': 1, 'primary_resource': 'extra_gpu', 'gpu': False, 'verbose': False, 'lr_config': {'mode': 'log', 'steps': 5, 'initial_lr': 0.001, 'target_lr': 0.001}, 'batch_per_device': 1024}",12.252317428588867,0,1,4896.905181370934,1
0.007170462608337402,0.13731129169464112,0.004965376853942871,0.05018009944837921,0.023683571815490724,nan,0.0,0.05378756523132324,0.37869998812675476,1.6811156412124635,-0.37869998812675476,nan,0.0,nan,0.0,nan,0.0,0.32965999841690063,1.8483783114624024,nan,0.0,nan,0.0,60000,1,False,,,2,-1.6811156412124635,0bbe31d119b14d389dbf258890aa3dc1,2019-05-30_14-51-11,1559253071,8.671887397766113,20.92420482635498,16039,steropes,169.229.49.254,"{'starting_lr': 0.001, 'momentum': 0.997, 'weight_decay': 0.0001, 'steps_per_iteration': None, 'pin': False, 'model_creator': None, 'target_batch_size': 1024, 'model_string': 'resnet18', 'min_batch_size': 512, 'dataset': 'CIFAR', 'placement': None, 'use_nccl': True, 'devices_per_worker': 1, 'primary_resource': 'extra_gpu', 'gpu': False, 'verbose': False, 'lr_config': {'mode': 'log', 'steps': 5, 'initial_lr': 0.001, 'target_lr': 0.001}, 'batch_per_device': 1024}",20.92420482635498,0,2,5734.8715867792625,1
0.007408738136291504,0.12252023220062255,0.00500192642211914,0.04741877439070721,0.03413236141204834,nan,0.0,0.07037808895111083,0.43140000104904175,1.5609047122955322,-0.43140000104904175,nan,0.0,nan,0.0,nan,0.0,0.3843799829483032,1.6685542195129395,nan,0.0,nan,0.0,60000,1,False,,,3,-1.5609047122955322,0bbe31d119b14d389dbf258890aa3dc1,2019-05-30_14-51-20,1559253080,8.850491046905518,29.774695873260498,16039,steropes,169.229.49.254,"{'starting_lr': 0.001, 'momentum': 0.997, 'weight_decay': 0.0001, 'steps_per_iteration': None, 'pin': False, 'model_creator': None, 'target_batch_size': 1024, 'model_string': 'resnet18', 'min_batch_size': 512, 'dataset': 'CIFAR', 'placement': None, 'use_nccl': True, 'devices_per_worker': 1, 'primary_resource': 'extra_gpu', 'gpu': False, 'verbose': False, 'lr_config': {'mode': 'log', 'steps': 5, 'initial_lr': 0.001, 'target_lr': 0.001}, 'batch_per_device': 1024}",29.774695873260498,0,3,6045.300773112561,1
0.007190966606140136,0.12452812194824218,0.005073404312133789,0.04242008559557856,0.026483869552612303,nan,0.0,0.05528416633605957,0.45069998502731323,1.5019476678848267,-0.45069998502731323,nan,0.0,nan,0.0,nan,0.0,0.4233599901199341,1.5651792527770996,nan,0.0,nan,0.0,60000,1,False,,,4,-1.5019476678848267,0bbe31d119b14d389dbf258890aa3dc1,2019-05-30_14-51-28,1559253088,8.241832971572876,38.016528844833374,16039,steropes,169.229.49.254,"{'starting_lr': 0.001, 'momentum': 0.997, 'weight_decay': 0.0001, 'steps_per_iteration': None, 'pin': False, 'model_creator': None, 'target_batch_size': 1024, 'model_string': 'resnet18', 'min_batch_size': 512, 'dataset': 'CIFAR', 'placement': None, 'use_nccl': True, 'devices_per_worker': 1, 'primary_resource': 'extra_gpu', 'gpu': False, 'verbose': False, 'lr_config': {'mode': 'log', 'steps': 5, 'initial_lr': 0.001, 'target_lr': 0.001}, 'batch_per_device': 1024}",38.016528844833374,0,4,6312.947007674551,1
0.009042191505432128,0.13515830039978027,0.007169842720031738,0.04392692020961216,0.02993485927581787,nan,0.0,0.048451781272888184,0.4851999878883362,1.419534133720398,-0.4851999878883362,nan,0.0,nan,0.0,nan,0.0,0.45396000146865845,1.4891711114120483,nan,0.0,nan,0.0,60000,1,False,,,5,-1.419534133720398,0bbe31d119b14d389dbf258890aa3dc1,2019-05-30_14-51-37,1559253097,8.659232139587402,46.675760984420776,16039,steropes,169.229.49.254,"{'starting_lr': 0.001, 'momentum': 0.997, 'weight_decay': 0.0001, 'steps_per_iteration': None, 'pin': False, 'model_creator': None, 'target_batch_size': 1024, 'model_string': 'resnet18', 'min_batch_size': 512, 'dataset': 'CIFAR', 'placement': None, 'use_nccl': True, 'devices_per_worker': 1, 'primary_resource': 'extra_gpu', 'gpu': False, 'verbose': False, 'lr_config': {'mode': 'log', 'steps': 5, 'initial_lr': 0.001, 'target_lr': 0.001}, 'batch_per_device': 1024}",46.675760984420776,0,5,6427.227944579122,1
0.007269716262817383,0.13161449432373046,0.004943251609802246,0.046658462407637616,0.02908656597137451,nan,0.0,0.05685203075408936,0.4952999949455261,1.393443911743164,-0.4952999949455261,nan,0.0,nan,0.0,nan,0.0,0.4803999960422516,1.4284490988922118,nan,0.0,nan,0.0,60000,1,False,,,6,-1.393443911743164,0bbe31d119b14d389dbf258890aa3dc1,2019-05-30_14-51-45,1559253105,8.723924398422241,55.39968538284302,16039,steropes,169.229.49.254,"{'starting_lr': 0.001, 'momentum': 0.997, 'weight_decay': 0.0001, 'steps_per_iteration': None, 'pin': False, 'model_creator': None, 'target_batch_size': 1024, 'model_string': 'resnet18', 'min_batch_size': 512, 'dataset': 'CIFAR', 'placement': None, 'use_nccl': True, 'devices_per_worker': 1, 'primary_resource': 'extra_gpu', 'gpu': False, 'verbose': False, 'lr_config': {'mode': 'log', 'steps': 5, 'initial_lr': 0.001, 'target_lr': 0.001}, 'batch_per_device': 1024}",55.39968538284302,0,6,6952.8465732029135,1
0.007318425178527832,0.15393786430358886,0.006121683120727539,0.050205303698169945,0.03188300132751465,nan,0.0,0.05810790061950684,0.5189999938011169,1.3494997665405273,-0.5189999938011169,nan,0.0,nan,0.0,nan,0.0,0.4980599880218506,1.3811634944534301,nan,0.0,nan,0.0,60000,1,False,,,7,-1.3494997665405273,0bbe31d119b14d389dbf258890aa3dc1,2019-05-30_14-51-54,1559253114,9.180668830871582,64.5803542137146,16039,steropes,169.229.49.254,"{'starting_lr': 0.001, 'momentum': 0.997, 'weight_decay': 0.0001, 'steps_per_iteration': None, 'pin': False, 'model_creator': None, 'target_batch_size': 1024, 'model_string': 'resnet18', 'min_batch_size': 512, 'dataset': 'CIFAR', 'placement': None, 'use_nccl': True, 'devices_per_worker': 1, 'primary_resource': 'extra_gpu', 'gpu': False, 'verbose': False, 'lr_config': {'mode': 'log', 'steps': 5, 'initial_lr': 0.001, 'target_lr': 0.001}, 'batch_per_device': 1024}",64.5803542137146,0,7,6871.818826154066,1
0.006903219223022461,0.1614900827407837,0.0050602912902832035,0.04720648454160106,0.02226729393005371,nan,0.0,0.0451467752456665,0.5271999835968018,1.3069180736541748,-0.5271999835968018,nan,0.0,nan,0.0,nan,0.0,0.5105800032615662,1.3472358157348632,nan,0.0,nan,0.0,60000,1,False,,,8,-1.3069180736541748,0bbe31d119b14d389dbf258890aa3dc1,2019-05-30_14-52-03,1559253123,8.783432960510254,73.36378717422485,16039,steropes,169.229.49.254,"{'starting_lr': 0.001, 'momentum': 0.997, 'weight_decay': 0.0001, 'steps_per_iteration': None, 'pin': False, 'model_creator': None, 'target_batch_size': 1024, 'model_string': 'resnet18', 'min_batch_size': 512, 'dataset': 'CIFAR', 'placement': None, 'use_nccl': True, 'devices_per_worker': 1, 'primary_resource': 'extra_gpu', 'gpu': False, 'verbose': False, 'lr_config': {'mode': 'log', 'steps': 5, 'initial_lr': 0.001, 'target_lr': 0.001}, 'batch_per_device': 1024}",73.36378717422485,0,8,6882.39009188375,1
0.007636737823486328,0.15409519672393798,0.00604400634765625,0.036163656079039284,0.028011798858642578,nan,0.0,0.0495150089263916,0.5299999713897705,1.2933156105041503,-0.5299999713897705,nan,0.0,nan,0.0,nan,0.0,0.5244799852371216,1.3029042376708984,nan,0.0,nan,0.0,60000,1,False,,,9,-1.2933156105041503,0bbe31d119b14d389dbf258890aa3dc1,2019-05-30_14-52-12,1559253132,8.614247560501099,81.97803473472595,16039,steropes,169.229.49.254,"{'starting_lr': 0.001, 'momentum': 0.997, 'weight_decay': 0.0001, 'steps_per_iteration': None, 'pin': False, 'model_creator': None, 'target_batch_size': 1024, 'model_string': 'resnet18', 'min_batch_size': 512, 'dataset': 'CIFAR', 'placement': None, 'use_nccl': True, 'devices_per_worker': 1, 'primary_resource': 'extra_gpu', 'gpu': False, 'verbose': False, 'lr_config': {'mode': 'log', 'steps': 5, 'initial_lr': 0.001, 'target_lr': 0.001}, 'batch_per_device': 1024}",81.97803473472595,0,9,6824.086420058197,1
0.007287335395812988,0.13167147636413573,0.0077663898468017575,0.03187582444171516,0.024925851821899415,nan,0.0,0.05110688209533691,0.5503000020980835,1.2483079132080077,-0.5503000020980835,nan,0.0,nan,0.0,nan,0.0,0.5450199842453003,1.2568358612442017,nan,0.0,nan,0.0,60000,1,False,,,10,-1.2483079132080077,0bbe31d119b14d389dbf258890aa3dc1,2019-05-30_14-52-20,1559253140,8.12778091430664,90.10581564903259,16039,steropes,169.229.49.254,"{'starting_lr': 0.001, 'momentum': 0.997, 'weight_decay': 0.0001, 'steps_per_iteration': None, 'pin': False, 'model_creator': None, 'target_batch_size': 1024, 'model_string': 'resnet18', 'min_batch_size': 512, 'dataset': 'CIFAR', 'placement': None, 'use_nccl': True, 'devices_per_worker': 1, 'primary_resource': 'extra_gpu', 'gpu': False, 'verbose': False, 'lr_config': {'mode': 'log', 'steps': 5, 'initial_lr': 0.001, 'target_lr': 0.001}, 'batch_per_device': 1024}",90.10581564903259,0,10,6907.591962181287,1
0.006941604614257813,0.13406589031219482,0.00528867244720459,0.04574547008592255,0.020765852928161622,nan,0.0,0.04586448669433594,0.5673999786376953,1.2064118211746215,-0.5673999786376953,nan,0.0,nan,0.0,nan,0.0,0.5606200098991394,1.2168185348510743,nan,0.0,nan,0.0,60000,1,False,,,11,-1.2064118211746215,0bbe31d119b14d389dbf258890aa3dc1,2019-05-30_14-52-28,1559253148,7.877954483032227,97.98377013206482,16039,steropes,169.229.49.254,"{'starting_lr': 0.001, 'momentum': 0.997, 'weight_decay': 0.0001, 'steps_per_iteration': None, 'pin': False, 'model_creator': None, 'target_batch_size': 1024, 'model_string': 'resnet18', 'min_batch_size': 512, 'dataset': 'CIFAR', 'placement': None, 'use_nccl': True, 'devices_per_worker': 1, 'primary_resource': 'extra_gpu', 'gpu': False, 'verbose': False, 'lr_config': {'mode': 'log', 'steps': 5, 'initial_lr': 0.001, 'target_lr': 0.001}, 'batch_per_device': 1024}",97.98377013206482,0,11,7044.8177103577655,1
0.006923890113830567,0.12382643222808838,0.005119895935058594,0.045258745855214645,0.022815132141113283,nan,0.0,0.04350862503051758,0.5823999643325806,1.1763884298324585,-0.5823999643325806,nan,0.0,nan,0.0,nan,0.0,0.5722799897193909,1.178169413986206,nan,0.0,nan,0.0,60000,1,True,,,12,-1.1763884298324585,0bbe31d119b14d389dbf258890aa3dc1,2019-05-30_14-52-35,1559253155,7.501821517944336,105.48559165000916,16039,steropes,169.229.49.254,"{'starting_lr': 0.001, 'momentum': 0.997, 'weight_decay': 0.0001, 'steps_per_iteration': None, 'pin': False, 'model_creator': None, 'target_batch_size': 1024, 'model_string': 'resnet18', 'min_batch_size': 512, 'dataset': 'CIFAR', 'placement': None, 'use_nccl': True, 'devices_per_worker': 1, 'primary_resource': 'extra_gpu', 'gpu': False, 'verbose': False, 'lr_config': {'mode': 'log', 'steps': 5, 'initial_lr': 0.001, 'target_lr': 0.001}, 'batch_per_device': 1024}",105.48559165000916,0,12,7333.951842229838,1
