apply,batch_time,d2h,data_time,fwd,get_state_time_mean,get_state_time_total,grad,mean_accuracy,mean_loss,neg_mean_accuracy,set_state_time_mean,set_state_time_total,setup_model_time_mean,setup_model_time_total,setup_proc_time_mean,setup_proc_time_total,train_accuracy,train_loss,training_time_mean,training_time_total,val_accuracy,val_loss,validation_time_mean,validation_time_total,samples,num_workers,done,timesteps_total,episodes_total,training_iteration,neg_mean_loss,experiment_id,date,timestamp,time_this_iter_s,time_total_s,pid,hostname,node_ip,config,time_since_restore,timesteps_since_restore,iterations_since_restore,mean_throughput,atoms,setup_time
0.017174816131591795,0.046534435658515255,0.0006727457046508789,0.0018182776468184292,0.12006332874298095,nan,0.0,0.22874054908752442,0.25270000100135803,3.0379146663665773,-0.25270000100135803,nan,0.0,8.395500659942627,8.395500659942627,0.12083888053894043,0.12083888053894043,0.20927999913692474,2.4853060594177245,nan,0.0,0.25270000100135803,3.0379146663665773,nan,0.0,60000,1,False,,,1,-3.0379146663665773,55296de2f1ee4794abece7a78cf0e9b6,2019-06-06_10-30-55,1559842255,46.653050661087036,46.653050661087036,7395,steropes,169.229.49.254,"{'starting_lr': 0.0005, 'momentum': 0.997, 'weight_decay': 0.001, 'steps_per_iteration': None, 'pin': False, 'model_creator': None, 'target_batch_size': 128, 'model_string': 'resnet50', 'min_batch_size': 128, 'dataset': 'CIFAR', 'placement': None, 'use_nccl': True, 'devices_per_worker': 1, 'primary_resource': 'extra_gpu', 'gpu': False, 'verbose': False, 'lr_config': {'mode': 'log', 'steps': 5, 'initial_lr': 0.0005, 'target_lr': 0.0005}, 'batch_per_device': 128}",46.653050661087036,0,1,1286.0854419593313,1,8.636327028274536
0.017232704162597656,0.031399744975415964,0.000680994987487793,0.0017771629421302424,0.02817838191986084,nan,0.0,0.047754955291748044,0.28999999165534973,2.7659853099823,-0.32729998230934143,nan,0.0,nan,0.0,nan,0.0,0.2842400074005127,2.247142080535889,nan,0.0,0.32729998230934143,2.4940559535980227,nan,0.0,60000,1,False,,,2,-2.7659853099823,55296de2f1ee4794abece7a78cf0e9b6,2019-06-06_10-31-35,1559842295,40.15859293937683,86.81164360046387,7395,steropes,169.229.49.254,"{'starting_lr': 0.0005, 'momentum': 0.997, 'weight_decay': 0.001, 'steps_per_iteration': None, 'pin': False, 'model_creator': None, 'target_batch_size': 128, 'model_string': 'resnet50', 'min_batch_size': 128, 'dataset': 'CIFAR', 'placement': None, 'use_nccl': True, 'devices_per_worker': 1, 'primary_resource': 'extra_gpu', 'gpu': False, 'verbose': False, 'lr_config': {'mode': 'log', 'steps': 5, 'initial_lr': 0.0005, 'target_lr': 0.0005}, 'batch_per_device': 128}",86.81164360046387,0,2,1382.2994352693872,1,8.636327028274536
0.0169158935546875,0.032323867459840415,0.0006782293319702148,0.0017576120088777273,0.02770678997039795,nan,0.0,0.04816572666168213,0.31359999378522235,2.7604524394989016,-0.36079999804496765,nan,0.0,nan,0.0,nan,0.0,0.3230399787425995,2.080446657791138,nan,0.0,0.36079999804496765,2.7493866985321045,nan,0.0,60000,1,False,,,3,-2.7604524394989016,55296de2f1ee4794abece7a78cf0e9b6,2019-06-06_10-32-15,1559842335,40.322410106658936,127.1340537071228,7395,steropes,169.229.49.254,"{'starting_lr': 0.0005, 'momentum': 0.997, 'weight_decay': 0.001, 'steps_per_iteration': None, 'pin': False, 'model_creator': None, 'target_batch_size': 128, 'model_string': 'resnet50', 'min_batch_size': 128, 'dataset': 'CIFAR', 'placement': None, 'use_nccl': True, 'devices_per_worker': 1, 'primary_resource': 'extra_gpu', 'gpu': False, 'verbose': False, 'lr_config': {'mode': 'log', 'steps': 5, 'initial_lr': 0.0005, 'target_lr': 0.0005}, 'batch_per_device': 128}",127.1340537071228,0,3,1415.8249472729603,1,8.636327028274536
0.016592931747436524,0.03173248375518412,0.0008352756500244141,0.0017014866899651335,0.02772355079650879,nan,0.0,0.04752039909362793,0.3290249928832054,3.001855006313324,-0.37529999017715454,nan,0.0,nan,0.0,nan,0.0,0.3407599925994873,2.2424076977539062,nan,0.0,0.37529999017715454,3.7260627067565917,nan,0.0,60000,1,True,,,4,-3.001855006313324,55296de2f1ee4794abece7a78cf0e9b6,2019-06-06_10-32-55,1559842375,39.99229669570923,167.12635040283203,7395,steropes,169.229.49.254,"{'starting_lr': 0.0005, 'momentum': 0.997, 'weight_decay': 0.001, 'steps_per_iteration': None, 'pin': False, 'model_creator': None, 'target_batch_size': 128, 'model_string': 'resnet50', 'min_batch_size': 128, 'dataset': 'CIFAR', 'placement': None, 'use_nccl': True, 'devices_per_worker': 1, 'primary_resource': 'extra_gpu', 'gpu': False, 'verbose': False, 'lr_config': {'mode': 'log', 'steps': 5, 'initial_lr': 0.0005, 'target_lr': 0.0005}, 'batch_per_device': 128}",167.12635040283203,0,4,1436.0359358494477,1,8.636327028274536
