{"apply": 0.017174816131591795, "batch_time": 0.046534435658515255, "d2h": 0.0006727457046508789, "data_time": 0.0018182776468184292, "fwd": 0.12006332874298095, "get_state_time_mean": NaN, "get_state_time_total": 0.0, "grad": 0.22874054908752442, "mean_accuracy": 0.25270000100135803, "mean_loss": 3.0379146663665773, "neg_mean_accuracy": -0.25270000100135803, "set_state_time_mean": NaN, "set_state_time_total": 0.0, "setup_model_time_mean": 8.395500659942627, "setup_model_time_total": 8.395500659942627, "setup_proc_time_mean": 0.12083888053894043, "setup_proc_time_total": 0.12083888053894043, "train_accuracy": 0.20927999913692474, "train_loss": 2.4853060594177245, "training_time_mean": NaN, "training_time_total": 0.0, "val_accuracy": 0.25270000100135803, "val_loss": 3.0379146663665773, "validation_time_mean": NaN, "validation_time_total": 0.0, "samples": 60000, "num_workers": 1, "done": false, "timesteps_total": null, "episodes_total": null, "training_iteration": 1, "neg_mean_loss": -3.0379146663665773, "experiment_id": "55296de2f1ee4794abece7a78cf0e9b6", "date": "2019-06-06_10-30-55", "timestamp": 1559842255, "time_this_iter_s": 46.653050661087036, "time_total_s": 46.653050661087036, "pid": 7395, "hostname": "steropes", "node_ip": "169.229.49.254", "config": {"starting_lr": 0.0005, "momentum": 0.997, "weight_decay": 0.001, "steps_per_iteration": null, "pin": false, "model_creator": null, "target_batch_size": 128, "model_string": "resnet50", "min_batch_size": 128, "dataset": "CIFAR", "placement": null, "use_nccl": true, "devices_per_worker": 1, "primary_resource": "extra_gpu", "gpu": false, "verbose": false, "lr_config": {"mode": "log", "steps": 5, "initial_lr": 0.0005, "target_lr": 0.0005}, "batch_per_device": 128}, "time_since_restore": 46.653050661087036, "timesteps_since_restore": 0, "iterations_since_restore": 1, "mean_throughput": 1286.0854419593313, "atoms": 1, "setup_time": 8.636327028274536}
{"apply": 0.017232704162597656, "batch_time": 0.031399744975415964, "d2h": 0.000680994987487793, "data_time": 0.0017771629421302424, "fwd": 0.02817838191986084, "get_state_time_mean": NaN, "get_state_time_total": 0.0, "grad": 0.047754955291748044, "mean_accuracy": 0.28999999165534973, "mean_loss": 2.7659853099823, "neg_mean_accuracy": -0.32729998230934143, "set_state_time_mean": NaN, "set_state_time_total": 0.0, "setup_model_time_mean": NaN, "setup_model_time_total": 0.0, "setup_proc_time_mean": NaN, "setup_proc_time_total": 0.0, "train_accuracy": 0.2842400074005127, "train_loss": 2.247142080535889, "training_time_mean": NaN, "training_time_total": 0.0, "val_accuracy": 0.32729998230934143, "val_loss": 2.4940559535980227, "validation_time_mean": NaN, "validation_time_total": 0.0, "samples": 60000, "num_workers": 1, "done": false, "timesteps_total": null, "episodes_total": null, "training_iteration": 2, "neg_mean_loss": -2.7659853099823, "experiment_id": "55296de2f1ee4794abece7a78cf0e9b6", "date": "2019-06-06_10-31-35", "timestamp": 1559842295, "time_this_iter_s": 40.15859293937683, "time_total_s": 86.81164360046387, "pid": 7395, "hostname": "steropes", "node_ip": "169.229.49.254", "config": {"starting_lr": 0.0005, "momentum": 0.997, "weight_decay": 0.001, "steps_per_iteration": null, "pin": false, "model_creator": null, "target_batch_size": 128, "model_string": "resnet50", "min_batch_size": 128, "dataset": "CIFAR", "placement": null, "use_nccl": true, "devices_per_worker": 1, "primary_resource": "extra_gpu", "gpu": false, "verbose": false, "lr_config": {"mode": "log", "steps": 5, "initial_lr": 0.0005, "target_lr": 0.0005}, "batch_per_device": 128}, "time_since_restore": 86.81164360046387, "timesteps_since_restore": 0, "iterations_since_restore": 2, "mean_throughput": 1382.2994352693872, "atoms": 1, "setup_time": 8.636327028274536}
{"apply": 0.0169158935546875, "batch_time": 0.032323867459840415, "d2h": 0.0006782293319702148, "data_time": 0.0017576120088777273, "fwd": 0.02770678997039795, "get_state_time_mean": NaN, "get_state_time_total": 0.0, "grad": 0.04816572666168213, "mean_accuracy": 0.31359999378522235, "mean_loss": 2.7604524394989016, "neg_mean_accuracy": -0.36079999804496765, "set_state_time_mean": NaN, "set_state_time_total": 0.0, "setup_model_time_mean": NaN, "setup_model_time_total": 0.0, "setup_proc_time_mean": NaN, "setup_proc_time_total": 0.0, "train_accuracy": 0.3230399787425995, "train_loss": 2.080446657791138, "training_time_mean": NaN, "training_time_total": 0.0, "val_accuracy": 0.36079999804496765, "val_loss": 2.7493866985321045, "validation_time_mean": NaN, "validation_time_total": 0.0, "samples": 60000, "num_workers": 1, "done": false, "timesteps_total": null, "episodes_total": null, "training_iteration": 3, "neg_mean_loss": -2.7604524394989016, "experiment_id": "55296de2f1ee4794abece7a78cf0e9b6", "date": "2019-06-06_10-32-15", "timestamp": 1559842335, "time_this_iter_s": 40.322410106658936, "time_total_s": 127.1340537071228, "pid": 7395, "hostname": "steropes", "node_ip": "169.229.49.254", "config": {"starting_lr": 0.0005, "momentum": 0.997, "weight_decay": 0.001, "steps_per_iteration": null, "pin": false, "model_creator": null, "target_batch_size": 128, "model_string": "resnet50", "min_batch_size": 128, "dataset": "CIFAR", "placement": null, "use_nccl": true, "devices_per_worker": 1, "primary_resource": "extra_gpu", "gpu": false, "verbose": false, "lr_config": {"mode": "log", "steps": 5, "initial_lr": 0.0005, "target_lr": 0.0005}, "batch_per_device": 128}, "time_since_restore": 127.1340537071228, "timesteps_since_restore": 0, "iterations_since_restore": 3, "mean_throughput": 1415.8249472729603, "atoms": 1, "setup_time": 8.636327028274536}
{"apply": 0.016592931747436524, "batch_time": 0.03173248375518412, "d2h": 0.0008352756500244141, "data_time": 0.0017014866899651335, "fwd": 0.02772355079650879, "get_state_time_mean": NaN, "get_state_time_total": 0.0, "grad": 0.04752039909362793, "mean_accuracy": 0.3290249928832054, "mean_loss": 3.001855006313324, "neg_mean_accuracy": -0.37529999017715454, "set_state_time_mean": NaN, "set_state_time_total": 0.0, "setup_model_time_mean": NaN, "setup_model_time_total": 0.0, "setup_proc_time_mean": NaN, "setup_proc_time_total": 0.0, "train_accuracy": 0.3407599925994873, "train_loss": 2.2424076977539062, "training_time_mean": NaN, "training_time_total": 0.0, "val_accuracy": 0.37529999017715454, "val_loss": 3.7260627067565917, "validation_time_mean": NaN, "validation_time_total": 0.0, "samples": 60000, "num_workers": 1, "done": true, "timesteps_total": null, "episodes_total": null, "training_iteration": 4, "neg_mean_loss": -3.001855006313324, "experiment_id": "55296de2f1ee4794abece7a78cf0e9b6", "date": "2019-06-06_10-32-55", "timestamp": 1559842375, "time_this_iter_s": 39.99229669570923, "time_total_s": 167.12635040283203, "pid": 7395, "hostname": "steropes", "node_ip": "169.229.49.254", "config": {"starting_lr": 0.0005, "momentum": 0.997, "weight_decay": 0.001, "steps_per_iteration": null, "pin": false, "model_creator": null, "target_batch_size": 128, "model_string": "resnet50", "min_batch_size": 128, "dataset": "CIFAR", "placement": null, "use_nccl": true, "devices_per_worker": 1, "primary_resource": "extra_gpu", "gpu": false, "verbose": false, "lr_config": {"mode": "log", "steps": 5, "initial_lr": 0.0005, "target_lr": 0.0005}, "batch_per_device": 128}, "time_since_restore": 167.12635040283203, "timesteps_since_restore": 0, "iterations_since_restore": 4, "mean_throughput": 1436.0359358494477, "atoms": 1, "setup_time": 8.636327028274536}
