apply,batch_time,d2h,data_time,fwd,get_state_time_mean,get_state_time_total,grad,mean_accuracy,mean_loss,neg_mean_accuracy,set_state_time_mean,set_state_time_total,setup_model_time_mean,setup_model_time_total,setup_proc_time_mean,setup_proc_time_total,train_accuracy,train_loss,training_time_mean,training_time_total,validation_time_mean,validation_time_total,samples,num_workers,done,timesteps_total,episodes_total,training_iteration,neg_mean_loss,experiment_id,date,timestamp,time_this_iter_s,time_total_s,pid,hostname,node_ip,config,time_since_restore,timesteps_since_restore,iterations_since_restore,mean_throughput,atoms,resource_time
0.007529544830322266,0.1882701873779297,0.0053765296936035155,0.03433346261783522,0.08145310878753662,nan,0.0,0.1552361249923706,0.3028999865055084,2.0077242408752443,-0.3028999865055084,nan,0.0,11.096207618713379,11.096207618713379,0.5658519268035889,0.5658519268035889,0.18709999322891235,3.2953263217926025,nan,0.0,nan,0.0,60000,1,False,,,1,-2.0077242408752443,28276ce4254f43d99bbad1e95145c114,2019-05-30_15-00-35,1559253635,12.49341869354248,12.49341869354248,32741,steropes,169.229.49.254,"{'starting_lr': 0.001, 'momentum': 0.997, 'weight_decay': 0.0001, 'steps_per_iteration': None, 'pin': False, 'model_creator': None, 'target_batch_size': 1024, 'model_string': 'resnet18', 'min_batch_size': 512, 'dataset': 'CIFAR', 'placement': None, 'use_nccl': True, 'devices_per_worker': 1, 'primary_resource': 'extra_gpu', 'gpu': False, 'verbose': False, 'lr_config': {'mode': 'log', 'steps': 5, 'initial_lr': 0.001, 'target_lr': 0.001}, 'batch_per_device': 1024}",12.49341869354248,0,1,4802.48144573908,1,12.49341869354248
0.008370113372802735,0.14314827919006348,0.0052481889724731445,0.030900381049331353,0.02308013439178467,nan,0.0,0.05150599479675293,0.36409997940063477,1.7744850425720216,-0.36409997940063477,nan,0.0,nan,0.0,nan,0.0,0.3277599811553955,1.8532593656539917,nan,0.0,nan,0.0,60000,1,False,,,2,-1.7744850425720216,28276ce4254f43d99bbad1e95145c114,2019-05-30_15-00-44,1559253644,8.465129852294922,20.958548545837402,32741,steropes,169.229.49.254,"{'starting_lr': 0.001, 'momentum': 0.997, 'weight_decay': 0.0001, 'steps_per_iteration': None, 'pin': False, 'model_creator': None, 'target_batch_size': 1024, 'model_string': 'resnet18', 'min_batch_size': 512, 'dataset': 'CIFAR', 'placement': None, 'use_nccl': True, 'devices_per_worker': 1, 'primary_resource': 'extra_gpu', 'gpu': False, 'verbose': False, 'lr_config': {'mode': 'log', 'steps': 5, 'initial_lr': 0.001, 'target_lr': 0.001}, 'batch_per_device': 1024}",20.958548545837402,0,2,5725.53313968401,1,20.958548545837402
0.007623410224914551,0.13985350131988525,0.007630038261413574,0.04086458439729652,0.030715274810791015,nan,0.0,0.055710649490356444,0.39649999141693115,1.6932778606414796,-0.39649999141693115,nan,0.0,nan,0.0,nan,0.0,0.3853999972343445,1.6671020624923707,nan,0.0,nan,0.0,60000,1,False,,,3,-1.6932778606414796,28276ce4254f43d99bbad1e95145c114,2019-05-30_15-00-52,1559253652,8.648530960083008,29.60707950592041,32741,steropes,169.229.49.254,"{'starting_lr': 0.001, 'momentum': 0.997, 'weight_decay': 0.0001, 'steps_per_iteration': None, 'pin': False, 'model_creator': None, 'target_batch_size': 1024, 'model_string': 'resnet18', 'min_batch_size': 512, 'dataset': 'CIFAR', 'placement': None, 'use_nccl': True, 'devices_per_worker': 1, 'primary_resource': 'extra_gpu', 'gpu': False, 'verbose': False, 'lr_config': {'mode': 'log', 'steps': 5, 'initial_lr': 0.001, 'target_lr': 0.001}, 'batch_per_device': 1024}",29.60707950592041,0,3,6079.571092270735,1,29.60707950592041
0.008324360847473145,0.13938398361206056,0.005494928359985352,0.038457987259845346,0.02485518455505371,nan,0.0,0.054975247383117674,0.4520999789237976,1.5181897066116332,-0.4520999789237976,nan,0.0,nan,0.0,nan,0.0,0.4201200008392334,1.568624055366516,nan,0.0,nan,0.0,60000,1,False,,,4,-1.5181897066116332,28276ce4254f43d99bbad1e95145c114,2019-05-30_15-01-01,1559253661,8.397188425064087,38.0042679309845,32741,steropes,169.229.49.254,"{'starting_lr': 0.001, 'momentum': 0.997, 'weight_decay': 0.0001, 'steps_per_iteration': None, 'pin': False, 'model_creator': None, 'target_batch_size': 1024, 'model_string': 'resnet18', 'min_batch_size': 512, 'dataset': 'CIFAR', 'placement': None, 'use_nccl': True, 'devices_per_worker': 1, 'primary_resource': 'extra_gpu', 'gpu': False, 'verbose': False, 'lr_config': {'mode': 'log', 'steps': 5, 'initial_lr': 0.001, 'target_lr': 0.001}, 'batch_per_device': 1024}",38.0042679309845,0,4,6315.022677911673,1,38.0042679309845
0.007274031639099121,0.1494269847869873,0.004986476898193359,0.054101321162009726,0.02431342601776123,nan,0.0,0.05390069484710693,0.47269999980926514,1.470985560798645,-0.47269999980926514,nan,0.0,nan,0.0,nan,0.0,0.44975998997688293,1.498009107208252,nan,0.0,nan,0.0,60000,1,False,,,5,-1.470985560798645,28276ce4254f43d99bbad1e95145c114,2019-05-30_15-01-10,1559253670,9.386922836303711,47.39119076728821,32741,steropes,169.229.49.254,"{'starting_lr': 0.001, 'momentum': 0.997, 'weight_decay': 0.0001, 'steps_per_iteration': None, 'pin': False, 'model_creator': None, 'target_batch_size': 1024, 'model_string': 'resnet18', 'min_batch_size': 512, 'dataset': 'CIFAR', 'placement': None, 'use_nccl': True, 'devices_per_worker': 1, 'primary_resource': 'extra_gpu', 'gpu': False, 'verbose': False, 'lr_config': {'mode': 'log', 'steps': 5, 'initial_lr': 0.001, 'target_lr': 0.001}, 'batch_per_device': 1024}",47.39119076728821,0,5,6330.234605729449,1,47.39119076728821
0.008324837684631348,0.1494601249694824,0.005470061302185058,0.05138293577700245,0.02520630359649658,nan,0.0,0.05428605079650879,0.5076000094413757,1.3447099769592286,-0.5076000094413757,nan,0.0,nan,0.0,nan,0.0,0.4787999987602234,1.4313227542114257,nan,0.0,nan,0.0,60000,1,False,,,6,-1.3447099769592286,28276ce4254f43d99bbad1e95145c114,2019-05-30_15-01-19,1559253679,9.146573066711426,56.537763833999634,32741,steropes,169.229.49.254,"{'starting_lr': 0.001, 'momentum': 0.997, 'weight_decay': 0.0001, 'steps_per_iteration': None, 'pin': False, 'model_creator': None, 'target_batch_size': 1024, 'model_string': 'resnet18', 'min_batch_size': 512, 'dataset': 'CIFAR', 'placement': None, 'use_nccl': True, 'devices_per_worker': 1, 'primary_resource': 'extra_gpu', 'gpu': False, 'verbose': False, 'lr_config': {'mode': 'log', 'steps': 5, 'initial_lr': 0.001, 'target_lr': 0.001}, 'batch_per_device': 1024}",56.537763833999634,0,6,6811.259997128565,1,56.537763833999634
0.008397960662841797,0.14918148517608643,0.005497145652770996,0.05719530339143714,0.024224042892456055,nan,0.0,0.04862267971038818,0.5187999606132507,1.333980806541443,-0.5187999606132507,nan,0.0,nan,0.0,nan,0.0,0.4978799819946289,1.3781257168960572,nan,0.0,nan,0.0,60000,1,False,,,7,-1.333980806541443,28276ce4254f43d99bbad1e95145c114,2019-05-30_15-01-29,1559253689,9.444191932678223,65.98195576667786,32741,steropes,169.229.49.254,"{'starting_lr': 0.001, 'momentum': 0.997, 'weight_decay': 0.0001, 'steps_per_iteration': None, 'pin': False, 'model_creator': None, 'target_batch_size': 1024, 'model_string': 'resnet18', 'min_batch_size': 512, 'dataset': 'CIFAR', 'placement': None, 'use_nccl': True, 'devices_per_worker': 1, 'primary_resource': 'extra_gpu', 'gpu': False, 'verbose': False, 'lr_config': {'mode': 'log', 'steps': 5, 'initial_lr': 0.001, 'target_lr': 0.001}, 'batch_per_device': 1024}",65.98195576667786,0,7,6663.146148329332,1,65.98195576667786
0.007835936546325684,0.16512837409973144,0.0053332805633544925,0.04483956220198651,0.025667214393615724,nan,0.0,0.05305173397064209,0.5407999753952026,1.2839654237747193,-0.5407999753952026,nan,0.0,nan,0.0,nan,0.0,0.5158199667930603,1.326063100090027,nan,0.0,nan,0.0,60000,1,False,,,8,-1.2839654237747193,28276ce4254f43d99bbad1e95145c114,2019-05-30_15-01-38,1559253698,8.993957281112671,74.97591304779053,32741,steropes,169.229.49.254,"{'starting_lr': 0.001, 'momentum': 0.997, 'weight_decay': 0.0001, 'steps_per_iteration': None, 'pin': False, 'model_creator': None, 'target_batch_size': 1024, 'model_string': 'resnet18', 'min_batch_size': 512, 'dataset': 'CIFAR', 'placement': None, 'use_nccl': True, 'devices_per_worker': 1, 'primary_resource': 'extra_gpu', 'gpu': False, 'verbose': False, 'lr_config': {'mode': 'log', 'steps': 5, 'initial_lr': 0.001, 'target_lr': 0.001}, 'batch_per_device': 1024}",74.97591304779053,0,8,6612.41390887455,1,74.97591304779053
0.008974194526672363,0.1550119400024414,0.006810498237609863,0.044421687418100785,0.023303580284118653,nan,0.0,0.05368893146514893,0.5491999983787537,1.2487404537200928,-0.5491999983787537,nan,0.0,nan,0.0,nan,0.0,0.5324199795722961,1.2891125562286376,nan,0.0,nan,0.0,60000,1,False,,,9,-1.2487404537200928,28276ce4254f43d99bbad1e95145c114,2019-05-30_15-01-47,1559253707,9.130104064941406,84.10601711273193,32741,steropes,169.229.49.254,"{'starting_lr': 0.001, 'momentum': 0.997, 'weight_decay': 0.0001, 'steps_per_iteration': None, 'pin': False, 'model_creator': None, 'target_batch_size': 1024, 'model_string': 'resnet18', 'min_batch_size': 512, 'dataset': 'CIFAR', 'placement': None, 'use_nccl': True, 'devices_per_worker': 1, 'primary_resource': 'extra_gpu', 'gpu': False, 'verbose': False, 'lr_config': {'mode': 'log', 'steps': 5, 'initial_lr': 0.001, 'target_lr': 0.001}, 'batch_per_device': 1024}",84.10601711273193,0,9,6507.291840489363,1,84.10601711273193
0.008182692527770995,0.1434473991394043,0.005639266967773437,0.046919019854798606,0.02597360610961914,nan,0.0,0.0588761568069458,0.5658999681472778,1.2081016374588012,-0.5658999681472778,nan,0.0,nan,0.0,nan,0.0,0.5507799983024597,1.244794635734558,nan,0.0,nan,0.0,60000,1,False,,,10,-1.2081016374588012,28276ce4254f43d99bbad1e95145c114,2019-05-30_15-01-56,1559253716,8.75117039680481,92.85718750953674,32741,steropes,169.229.49.254,"{'starting_lr': 0.001, 'momentum': 0.997, 'weight_decay': 0.0001, 'steps_per_iteration': None, 'pin': False, 'model_creator': None, 'target_batch_size': 1024, 'model_string': 'resnet18', 'min_batch_size': 512, 'dataset': 'CIFAR', 'placement': None, 'use_nccl': True, 'devices_per_worker': 1, 'primary_resource': 'extra_gpu', 'gpu': False, 'verbose': False, 'lr_config': {'mode': 'log', 'steps': 5, 'initial_lr': 0.001, 'target_lr': 0.001}, 'batch_per_device': 1024}",92.85718750953674,0,10,6598.282676769638,1,92.85718750953674
0.0076608419418334964,0.12742323875427247,0.005280804634094238,0.04516142241808833,0.026430439949035645,nan,0.0,0.05137588977813721,0.5831999778747559,1.1749028354644775,-0.5831999778747559,nan,0.0,nan,0.0,nan,0.0,0.5614599585533142,1.2091514846038818,nan,0.0,nan,0.0,60000,1,True,,,11,-1.1749028354644775,28276ce4254f43d99bbad1e95145c114,2019-05-30_15-02-04,1559253724,8.377716541290283,101.23490405082703,32741,steropes,169.229.49.254,"{'starting_lr': 0.001, 'momentum': 0.997, 'weight_decay': 0.0001, 'steps_per_iteration': None, 'pin': False, 'model_creator': None, 'target_batch_size': 1024, 'model_string': 'resnet18', 'min_batch_size': 512, 'dataset': 'CIFAR', 'placement': None, 'use_nccl': True, 'devices_per_worker': 1, 'primary_resource': 'extra_gpu', 'gpu': False, 'verbose': False, 'lr_config': {'mode': 'log', 'steps': 5, 'initial_lr': 0.001, 'target_lr': 0.001}, 'batch_per_device': 1024}",101.23490405082703,0,11,6711.780802960761,1,101.23490405082703
