{"apply": 0.018345856666564943, "batch_time": 0.042447971392281444, "d2h": 0.0006661891937255859, "data_time": 0.0018472336137386235, "fwd": 0.1197235107421875, "get_state_time_mean": NaN, "get_state_time_total": 0.0, "grad": 0.1683476209640503, "mean_accuracy": 0.23729999363422394, "mean_loss": 2.287174676132202, "neg_mean_accuracy": -0.23729999363422394, "set_state_time_mean": NaN, "set_state_time_total": 0.0, "setup_model_time_mean": 8.402330875396729, "setup_model_time_total": 8.402330875396729, "setup_proc_time_mean": 0.21901679039001465, "setup_proc_time_total": 0.21901679039001465, "train_accuracy": 0.15724000334739685, "train_loss": 2.5905926237487793, "training_time_mean": NaN, "training_time_total": 0.0, "val_accuracy": 0.23729999363422394, "val_loss": 2.287174676132202, "validation_time_mean": NaN, "validation_time_total": 0.0, "samples": 60000, "num_workers": 1, "done": false, "timesteps_total": null, "episodes_total": null, "training_iteration": 1, "neg_mean_loss": -2.287174676132202, "experiment_id": "fa6f3d757a784529a41d34c4191ae792", "date": "2019-06-03_22-35-57", "timestamp": 1559626557, "time_this_iter_s": 47.04314875602722, "time_total_s": 47.04314875602722, "pid": 4961, "hostname": "steropes", "node_ip": "169.229.49.254", "config": {"starting_lr": 0.0001, "momentum": 0.997, "weight_decay": 0.001, "steps_per_iteration": null, "pin": false, "model_creator": null, "target_batch_size": 128, "model_string": "resnet50", "min_batch_size": 128, "dataset": "CIFAR", "placement": null, "use_nccl": true, "devices_per_worker": 1, "primary_resource": "extra_gpu", "gpu": false, "verbose": false, "lr_config": {"mode": "log", "steps": 5, "initial_lr": 0.0001, "target_lr": 0.0001}, "batch_per_device": 128}, "time_since_restore": 47.04314875602722, "timesteps_since_restore": 0, "iterations_since_restore": 1, "mean_throughput": 1275.4224188454482, "atoms": 1, "setup_time": 9.15915560722351}
{"apply": 0.01840829849243164, "batch_time": 0.031369876257980926, "d2h": 0.0007201910018920898, "data_time": 0.0017699170905305906, "fwd": 0.02778515815734863, "get_state_time_mean": NaN, "get_state_time_total": 0.0, "grad": 0.04862403869628906, "mean_accuracy": 0.26464999467134476, "mean_loss": 2.120465827178955, "neg_mean_accuracy": -0.2919999957084656, "set_state_time_mean": NaN, "set_state_time_total": 0.0, "setup_model_time_mean": NaN, "setup_model_time_total": 0.0, "setup_proc_time_mean": NaN, "setup_proc_time_total": 0.0, "train_accuracy": 0.2656799852848053, "train_loss": 2.0708120632934572, "training_time_mean": NaN, "training_time_total": 0.0, "val_accuracy": 0.2919999957084656, "val_loss": 1.953756978225708, "validation_time_mean": NaN, "validation_time_total": 0.0, "samples": 60000, "num_workers": 1, "done": false, "timesteps_total": null, "episodes_total": null, "training_iteration": 2, "neg_mean_loss": -2.120465827178955, "experiment_id": "fa6f3d757a784529a41d34c4191ae792", "date": "2019-06-03_22-36-39", "timestamp": 1559626599, "time_this_iter_s": 41.355520486831665, "time_total_s": 88.39866924285889, "pid": 4961, "hostname": "steropes", "node_ip": "169.229.49.254", "config": {"starting_lr": 0.0001, "momentum": 0.997, "weight_decay": 0.001, "steps_per_iteration": null, "pin": false, "model_creator": null, "target_batch_size": 128, "model_string": "resnet50", "min_batch_size": 128, "dataset": "CIFAR", "placement": null, "use_nccl": true, "devices_per_worker": 1, "primary_resource": "extra_gpu", "gpu": false, "verbose": false, "lr_config": {"mode": "log", "steps": 5, "initial_lr": 0.0001, "target_lr": 0.0001}, "batch_per_device": 128}, "time_since_restore": 88.39866924285889, "timesteps_since_restore": 0, "iterations_since_restore": 2, "mean_throughput": 1357.4839834204229, "atoms": 1, "setup_time": 9.15915560722351}
{"apply": 0.018312835693359376, "batch_time": 0.03377929216698755, "d2h": 0.0007223367691040039, "data_time": 0.0017651420115205028, "fwd": 0.027531981468200684, "get_state_time_mean": NaN, "get_state_time_total": 0.0, "grad": 0.047989702224731444, "mean_accuracy": 0.288933331767718, "mean_loss": 2.095587334314982, "neg_mean_accuracy": -0.3375000059604645, "set_state_time_mean": NaN, "set_state_time_total": 0.0, "setup_model_time_mean": NaN, "setup_model_time_total": 0.0, "setup_proc_time_mean": NaN, "setup_proc_time_total": 0.0, "train_accuracy": 0.31272000074386597, "train_loss": 1.9580350036621095, "training_time_mean": NaN, "training_time_total": 0.0, "val_accuracy": 0.3375000059604645, "val_loss": 2.045830348587036, "validation_time_mean": NaN, "validation_time_total": 0.0, "samples": 60000, "num_workers": 1, "done": true, "timesteps_total": null, "episodes_total": null, "training_iteration": 3, "neg_mean_loss": -2.095587334314982, "experiment_id": "fa6f3d757a784529a41d34c4191ae792", "date": "2019-06-03_22-37-20", "timestamp": 1559626640, "time_this_iter_s": 41.52444410324097, "time_total_s": 129.92311334609985, "pid": 4961, "hostname": "steropes", "node_ip": "169.229.49.254", "config": {"starting_lr": 0.0001, "momentum": 0.997, "weight_decay": 0.001, "steps_per_iteration": null, "pin": false, "model_creator": null, "target_batch_size": 128, "model_string": "resnet50", "min_batch_size": 128, "dataset": "CIFAR", "placement": null, "use_nccl": true, "devices_per_worker": 1, "primary_resource": "extra_gpu", "gpu": false, "verbose": false, "lr_config": {"mode": "log", "steps": 5, "initial_lr": 0.0001, "target_lr": 0.0001}, "batch_per_device": 128}, "time_since_restore": 129.92311334609985, "timesteps_since_restore": 0, "iterations_since_restore": 3, "mean_throughput": 1385.4313888208364, "atoms": 1, "setup_time": 9.15915560722351}
