{"apply": 0.017924928665161134, "batch_time": 0.042273627051824254, "d2h": 0.0007254600524902344, "data_time": 0.0018946209831920732, "fwd": 0.15395791530609132, "get_state_time_mean": NaN, "get_state_time_total": 0.0, "grad": 0.16289215087890624, "mean_accuracy": 0.1613999903202057, "mean_loss": 128.96117940979005, "neg_mean_accuracy": -0.1613999903202057, "set_state_time_mean": NaN, "set_state_time_total": 0.0, "setup_model_time_mean": 9.121944427490234, "setup_model_time_total": 9.121944427490234, "setup_proc_time_mean": 0.4440629482269287, "setup_proc_time_total": 0.4440629482269287, "train_accuracy": 0.18209999799728394, "train_loss": 4.19745917388916, "training_time_mean": NaN, "training_time_total": 0.0, "val_accuracy": 0.1613999903202057, "val_loss": 128.96117940979005, "validation_time_mean": NaN, "validation_time_total": 0.0, "samples": 60000, "num_workers": 1, "done": false, "timesteps_total": null, "episodes_total": null, "training_iteration": 1, "neg_mean_loss": -128.96117940979005, "experiment_id": "079db26d157a4baf8b3bdc27f153efca", "date": "2019-06-06_02-20-39", "timestamp": 1559812839, "time_this_iter_s": 46.95268225669861, "time_total_s": 46.95268225669861, "pid": 15547, "hostname": "steropes", "node_ip": "169.229.49.254", "config": {"starting_lr": 0.005, "momentum": 0.99, "weight_decay": 0.0005, "steps_per_iteration": null, "pin": false, "model_creator": null, "target_batch_size": 128, "model_string": "resnet50", "min_batch_size": 128, "dataset": "CIFAR", "placement": null, "use_nccl": true, "devices_per_worker": 1, "primary_resource": "extra_gpu", "gpu": false, "verbose": false, "lr_config": {"mode": "log", "steps": 5, "initial_lr": 0.005, "target_lr": 0.005}, "batch_per_device": 128}, "time_since_restore": 46.95268225669861, "timesteps_since_restore": 0, "iterations_since_restore": 1, "mean_throughput": 1277.8749596142025, "atoms": 1, "setup_time": 9.664807558059692}
{"apply": 0.017801642417907715, "batch_time": 0.0335324565066567, "d2h": 0.0007760047912597657, "data_time": 0.0018493671856267982, "fwd": 0.028611373901367188, "get_state_time_mean": NaN, "get_state_time_total": 0.0, "grad": 0.048542451858520505, "mean_accuracy": 0.18619999289512634, "mean_loss": 65.71769806308747, "neg_mean_accuracy": -0.210999995470047, "set_state_time_mean": NaN, "set_state_time_total": 0.0, "setup_model_time_mean": NaN, "setup_model_time_total": 0.0, "setup_proc_time_mean": NaN, "setup_proc_time_total": 0.0, "train_accuracy": 0.2033199965953827, "train_loss": 3.3132239669799803, "training_time_mean": NaN, "training_time_total": 0.0, "val_accuracy": 0.210999995470047, "val_loss": 2.4742167163848876, "validation_time_mean": NaN, "validation_time_total": 0.0, "samples": 60000, "num_workers": 1, "done": false, "timesteps_total": null, "episodes_total": null, "training_iteration": 2, "neg_mean_loss": -65.71769806308747, "experiment_id": "079db26d157a4baf8b3bdc27f153efca", "date": "2019-06-06_02-21-20", "timestamp": 1559812880, "time_this_iter_s": 41.387330770492554, "time_total_s": 88.34001302719116, "pid": 15547, "hostname": "steropes", "node_ip": "169.229.49.254", "config": {"starting_lr": 0.005, "momentum": 0.99, "weight_decay": 0.0005, "steps_per_iteration": null, "pin": false, "model_creator": null, "target_batch_size": 128, "model_string": "resnet50", "min_batch_size": 128, "dataset": "CIFAR", "placement": null, "use_nccl": true, "devices_per_worker": 1, "primary_resource": "extra_gpu", "gpu": false, "verbose": false, "lr_config": {"mode": "log", "steps": 5, "initial_lr": 0.005, "target_lr": 0.005}, "batch_per_device": 128}, "time_since_restore": 88.34001302719116, "timesteps_since_restore": 0, "iterations_since_restore": 2, "mean_throughput": 1358.3823137191537, "atoms": 1, "setup_time": 9.664807558059692}
{"apply": 0.017676138877868654, "batch_time": 0.032130437561228305, "d2h": 0.0008316516876220703, "data_time": 0.001838421882570857, "fwd": 0.0288088321685791, "get_state_time_mean": NaN, "get_state_time_total": 0.0, "grad": 0.04862468242645264, "mean_accuracy": 0.21589999397595724, "mean_loss": 44.518883870442714, "neg_mean_accuracy": -0.275299996137619, "set_state_time_mean": NaN, "set_state_time_total": 0.0, "setup_model_time_mean": NaN, "setup_model_time_total": 0.0, "setup_proc_time_mean": NaN, "setup_proc_time_total": 0.0, "train_accuracy": 0.23943999409675598, "train_loss": 2.1795778127288816, "training_time_mean": NaN, "training_time_total": 0.0, "val_accuracy": 0.275299996137619, "val_loss": 2.121255485153198, "validation_time_mean": NaN, "validation_time_total": 0.0, "samples": 60000, "num_workers": 1, "done": true, "timesteps_total": null, "episodes_total": null, "training_iteration": 3, "neg_mean_loss": -44.518883870442714, "experiment_id": "079db26d157a4baf8b3bdc27f153efca", "date": "2019-06-06_02-22-02", "timestamp": 1559812922, "time_this_iter_s": 41.242467641830444, "time_total_s": 129.5824806690216, "pid": 15547, "hostname": "steropes", "node_ip": "169.229.49.254", "config": {"starting_lr": 0.005, "momentum": 0.99, "weight_decay": 0.0005, "steps_per_iteration": null, "pin": false, "model_creator": null, "target_batch_size": 128, "model_string": "resnet50", "min_batch_size": 128, "dataset": "CIFAR", "placement": null, "use_nccl": true, "devices_per_worker": 1, "primary_resource": "extra_gpu", "gpu": false, "verbose": false, "lr_config": {"mode": "log", "steps": 5, "initial_lr": 0.005, "target_lr": 0.005}, "batch_per_device": 128}, "time_since_restore": 129.5824806690216, "timesteps_since_restore": 0, "iterations_since_restore": 3, "mean_throughput": 1389.0719361649035, "atoms": 1, "setup_time": 9.664807558059692}
