{"apply": 0.01911020278930664, "batch_time": 0.042221612568143045, "d2h": 0.0007182598114013672, "data_time": 0.0019601263353586805, "fwd": 0.12870049476623535, "get_state_time_mean": NaN, "get_state_time_total": 0.0, "grad": 0.16562271118164062, "mean_accuracy": 0.1476999968290329, "mean_loss": 2.2082354400634765, "neg_mean_accuracy": -0.1476999968290329, "set_state_time_mean": NaN, "set_state_time_total": 0.0, "setup_model_time_mean": 8.971720695495605, "setup_model_time_total": 8.971720695495605, "setup_proc_time_mean": 0.39150309562683105, "setup_proc_time_total": 0.39150309562683105, "train_accuracy": 0.12963999807834625, "train_loss": 4.159611148147583, "training_time_mean": NaN, "training_time_total": 0.0, "val_accuracy": 0.1476999968290329, "val_loss": 2.2082354400634765, "validation_time_mean": NaN, "validation_time_total": 0.0, "samples": 60000, "num_workers": 1, "done": false, "timesteps_total": null, "episodes_total": null, "training_iteration": 1, "neg_mean_loss": -2.2082354400634765, "experiment_id": "eac9eb28e550459da406f1a1c308c5f9", "date": "2019-06-03_22-16-54", "timestamp": 1559625414, "time_this_iter_s": 47.242499113082886, "time_total_s": 47.242499113082886, "pid": 16959, "hostname": "steropes", "node_ip": "169.229.49.254", "config": {"starting_lr": 0.5, "momentum": 0.9, "weight_decay": 0.0005, "steps_per_iteration": null, "pin": false, "model_creator": null, "target_batch_size": 128, "model_string": "resnet50", "min_batch_size": 128, "dataset": "CIFAR", "placement": null, "use_nccl": true, "devices_per_worker": 1, "primary_resource": "extra_gpu", "gpu": false, "verbose": false, "lr_config": {"mode": "log", "steps": 5, "initial_lr": 0.5, "target_lr": 0.5}, "batch_per_device": 128}, "time_since_restore": 47.242499113082886, "timesteps_since_restore": 0, "iterations_since_restore": 1, "mean_throughput": 1270.04000992138, "atoms": 1, "setup_time": 9.486962795257568}
{"apply": 0.018528246879577638, "batch_time": 0.03187960009031658, "d2h": 0.0007212162017822266, "data_time": 0.0018848610656035832, "fwd": 0.028318119049072266, "get_state_time_mean": NaN, "get_state_time_total": 0.0, "grad": 0.04948573112487793, "mean_accuracy": 0.17374999821186066, "mean_loss": 2.245500458908081, "neg_mean_accuracy": -0.19979999959468842, "set_state_time_mean": NaN, "set_state_time_total": 0.0, "setup_model_time_mean": NaN, "setup_model_time_total": 0.0, "setup_proc_time_mean": NaN, "setup_proc_time_total": 0.0, "train_accuracy": 0.20145998895168304, "train_loss": 2.105231437225342, "training_time_mean": NaN, "training_time_total": 0.0, "val_accuracy": 0.19979999959468842, "val_loss": 2.2827654777526853, "validation_time_mean": NaN, "validation_time_total": 0.0, "samples": 60000, "num_workers": 1, "done": false, "timesteps_total": null, "episodes_total": null, "training_iteration": 2, "neg_mean_loss": -2.245500458908081, "experiment_id": "eac9eb28e550459da406f1a1c308c5f9", "date": "2019-06-03_22-17-36", "timestamp": 1559625456, "time_this_iter_s": 42.81478524208069, "time_total_s": 90.05728435516357, "pid": 16959, "hostname": "steropes", "node_ip": "169.229.49.254", "config": {"starting_lr": 0.5, "momentum": 0.9, "weight_decay": 0.0005, "steps_per_iteration": null, "pin": false, "model_creator": null, "target_batch_size": 128, "model_string": "resnet50", "min_batch_size": 128, "dataset": "CIFAR", "placement": null, "use_nccl": true, "devices_per_worker": 1, "primary_resource": "extra_gpu", "gpu": false, "verbose": false, "lr_config": {"mode": "log", "steps": 5, "initial_lr": 0.5, "target_lr": 0.5}, "batch_per_device": 128}, "time_since_restore": 90.05728435516357, "timesteps_since_restore": 0, "iterations_since_restore": 2, "mean_throughput": 1332.4824750735916, "atoms": 1, "setup_time": 9.486962795257568}
{"apply": 0.020130348205566407, "batch_time": 0.03186471552788457, "d2h": 0.0007234811782836914, "data_time": 0.0018580880616327075, "fwd": 0.028472089767456056, "get_state_time_mean": NaN, "get_state_time_total": 0.0, "grad": 0.04963653087615967, "mean_accuracy": 0.2178666591644287, "mean_loss": 2.1220520530064904, "neg_mean_accuracy": -0.3060999810695648, "set_state_time_mean": NaN, "set_state_time_total": 0.0, "setup_model_time_mean": NaN, "setup_model_time_total": 0.0, "setup_proc_time_mean": NaN, "setup_proc_time_total": 0.0, "train_accuracy": 0.2730199992656708, "train_loss": 1.9222623371124268, "training_time_mean": NaN, "training_time_total": 0.0, "val_accuracy": 0.3060999810695648, "val_loss": 1.8751552412033081, "validation_time_mean": NaN, "validation_time_total": 0.0, "samples": 60000, "num_workers": 1, "done": true, "timesteps_total": null, "episodes_total": null, "training_iteration": 3, "neg_mean_loss": -2.1220520530064904, "experiment_id": "eac9eb28e550459da406f1a1c308c5f9", "date": "2019-06-03_22-18-18", "timestamp": 1559625498, "time_this_iter_s": 41.45093393325806, "time_total_s": 131.50821828842163, "pid": 16959, "hostname": "steropes", "node_ip": "169.229.49.254", "config": {"starting_lr": 0.5, "momentum": 0.9, "weight_decay": 0.0005, "steps_per_iteration": null, "pin": false, "model_creator": null, "target_batch_size": 128, "model_string": "resnet50", "min_batch_size": 128, "dataset": "CIFAR", "placement": null, "use_nccl": true, "devices_per_worker": 1, "primary_resource": "extra_gpu", "gpu": false, "verbose": false, "lr_config": {"mode": "log", "steps": 5, "initial_lr": 0.5, "target_lr": 0.5}, "batch_per_device": 128}, "time_since_restore": 131.50821828842163, "timesteps_since_restore": 0, "iterations_since_restore": 3, "mean_throughput": 1368.7330666640212, "atoms": 1, "setup_time": 9.486962795257568}
