{"apply": 0.017862367630004882, "batch_time": 0.041327256190625924, "d2h": 0.0008458614349365235, "data_time": 0.0018039938738888793, "fwd": 0.1527622699737549, "get_state_time_mean": NaN, "get_state_time_total": 0.0, "grad": 0.16368227005004882, "mean_accuracy": 0.09769999980926514, "mean_loss": 2.355979438781738, "neg_mean_accuracy": -0.09769999980926514, "set_state_time_mean": NaN, "set_state_time_total": 0.0, "setup_model_time_mean": 11.71623158454895, "setup_model_time_total": 11.71623158454895, "setup_proc_time_mean": 0.2574596405029297, "setup_proc_time_total": 0.2574596405029297, "train_accuracy": 0.10037999600172043, "train_loss": 4.273566136627197, "training_time_mean": NaN, "training_time_total": 0.0, "val_accuracy": 0.09769999980926514, "val_loss": 2.355979438781738, "validation_time_mean": NaN, "validation_time_total": 0.0, "samples": 60000, "num_workers": 1, "done": false, "timesteps_total": null, "episodes_total": null, "training_iteration": 1, "neg_mean_loss": -2.355979438781738, "experiment_id": "aa30f8e2fce843cb81ac6f1563134a3a", "date": "2019-06-06_14-19-54", "timestamp": 1559855994, "time_this_iter_s": 47.497724294662476, "time_total_s": 47.497724294662476, "pid": 2126, "hostname": "steropes", "node_ip": "169.229.49.254", "config": {"starting_lr": 0.5, "momentum": 0.9, "weight_decay": 0.0001, "steps_per_iteration": null, "pin": false, "model_creator": null, "target_batch_size": 128, "model_string": "resnet50", "min_batch_size": 128, "dataset": "CIFAR", "placement": null, "use_nccl": true, "devices_per_worker": 1, "primary_resource": "extra_gpu", "gpu": false, "verbose": false, "lr_config": {"mode": "log", "steps": 5, "initial_lr": 0.5, "target_lr": 0.5}, "batch_per_device": 128}, "time_since_restore": 47.497724294662476, "timesteps_since_restore": 0, "iterations_since_restore": 1, "mean_throughput": 1263.2161386562634, "atoms": 1, "setup_time": 13.344200849533081}
{"apply": 0.017629265785217285, "batch_time": 0.031741770007942295, "d2h": 0.000769662857055664, "data_time": 0.0018307083403058064, "fwd": 0.027945423126220705, "get_state_time_mean": NaN, "get_state_time_total": 0.0, "grad": 0.04777071475982666, "mean_accuracy": 0.14054999500513077, "mean_loss": 2.429290514564514, "neg_mean_accuracy": -0.1833999902009964, "set_state_time_mean": NaN, "set_state_time_total": 0.0, "setup_model_time_mean": NaN, "setup_model_time_total": 0.0, "setup_proc_time_mean": NaN, "setup_proc_time_total": 0.0, "train_accuracy": 0.12894000113010406, "train_loss": 2.27384131690979, "training_time_mean": NaN, "training_time_total": 0.0, "val_accuracy": 0.1833999902009964, "val_loss": 2.50260159034729, "validation_time_mean": NaN, "validation_time_total": 0.0, "samples": 60000, "num_workers": 1, "done": false, "timesteps_total": null, "episodes_total": null, "training_iteration": 2, "neg_mean_loss": -2.429290514564514, "experiment_id": "aa30f8e2fce843cb81ac6f1563134a3a", "date": "2019-06-06_14-20-36", "timestamp": 1559856036, "time_this_iter_s": 41.50698399543762, "time_total_s": 89.0047082901001, "pid": 2126, "hostname": "steropes", "node_ip": "169.229.49.254", "config": {"starting_lr": 0.5, "momentum": 0.9, "weight_decay": 0.0001, "steps_per_iteration": null, "pin": false, "model_creator": null, "target_batch_size": 128, "model_string": "resnet50", "min_batch_size": 128, "dataset": "CIFAR", "placement": null, "use_nccl": true, "devices_per_worker": 1, "primary_resource": "extra_gpu", "gpu": false, "verbose": false, "lr_config": {"mode": "log", "steps": 5, "initial_lr": 0.5, "target_lr": 0.5}, "batch_per_device": 128}, "time_since_restore": 89.0047082901001, "timesteps_since_restore": 0, "iterations_since_restore": 2, "mean_throughput": 1348.2407609248487, "atoms": 1, "setup_time": 13.344200849533081}
{"apply": 0.017815232276916504, "batch_time": 0.03294395796860321, "d2h": 0.0007041692733764648, "data_time": 0.0017945577421456652, "fwd": 0.02778627872467041, "get_state_time_mean": NaN, "get_state_time_total": 0.0, "grad": 0.04747462272644043, "mean_accuracy": 0.15783332784970602, "mean_loss": 2.303480088297526, "neg_mean_accuracy": -0.1923999935388565, "set_state_time_mean": NaN, "set_state_time_total": 0.0, "setup_model_time_mean": NaN, "setup_model_time_total": 0.0, "setup_proc_time_mean": NaN, "setup_proc_time_total": 0.0, "train_accuracy": 0.19271999597549438, "train_loss": 2.08543924949646, "training_time_mean": NaN, "training_time_total": 0.0, "val_accuracy": 0.1923999935388565, "val_loss": 2.05185923576355, "validation_time_mean": NaN, "validation_time_total": 0.0, "samples": 60000, "num_workers": 1, "done": true, "timesteps_total": null, "episodes_total": null, "training_iteration": 3, "neg_mean_loss": -2.303480088297526, "experiment_id": "aa30f8e2fce843cb81ac6f1563134a3a", "date": "2019-06-06_14-21-17", "timestamp": 1559856077, "time_this_iter_s": 40.86084008216858, "time_total_s": 129.86554837226868, "pid": 2126, "hostname": "steropes", "node_ip": "169.229.49.254", "config": {"starting_lr": 0.5, "momentum": 0.9, "weight_decay": 0.0001, "steps_per_iteration": null, "pin": false, "model_creator": null, "target_batch_size": 128, "model_string": "resnet50", "min_batch_size": 128, "dataset": "CIFAR", "placement": null, "use_nccl": true, "devices_per_worker": 1, "primary_resource": "extra_gpu", "gpu": false, "verbose": false, "lr_config": {"mode": "log", "steps": 5, "initial_lr": 0.5, "target_lr": 0.5}, "batch_per_device": 128}, "time_since_restore": 129.86554837226868, "timesteps_since_restore": 0, "iterations_since_restore": 3, "mean_throughput": 1386.0446646791602, "atoms": 1, "setup_time": 13.344200849533081}
