{"apply": 0.017393779754638673, "batch_time": 0.052167729486393026, "d2h": 0.0006703615188598632, "data_time": 0.002048013155417674, "fwd": 0.19237158298492432, "get_state_time_mean": NaN, "get_state_time_total": 0.0, "grad": 0.16712372303009032, "mean_accuracy": 0.1712999939918518, "mean_loss": 2.2112272060394287, "neg_mean_accuracy": -0.1712999939918518, "set_state_time_mean": NaN, "set_state_time_total": 0.0, "setup_model_time_mean": 18.092267990112305, "setup_model_time_total": 18.092267990112305, "setup_proc_time_mean": 1.9007256031036377, "setup_proc_time_total": 1.9007256031036377, "train_accuracy": 0.12073999643325806, "train_loss": 4.509959798965454, "training_time_mean": NaN, "training_time_total": 0.0, "val_accuracy": 0.1712999939918518, "val_loss": 2.2112272060394287, "validation_time_mean": NaN, "validation_time_total": 0.0, "samples": 60000, "num_workers": 1, "done": false, "timesteps_total": null, "episodes_total": null, "training_iteration": 1, "neg_mean_loss": -2.2112272060394287, "experiment_id": "a39969b077dd4f359a2124aa2ed13a83", "date": "2019-06-02_20-14-41", "timestamp": 1559531681, "time_this_iter_s": 47.98289895057678, "time_total_s": 47.98289895057678, "pid": 18835, "hostname": "steropes", "node_ip": "169.229.49.254", "config": {"starting_lr": 0.05, "momentum": 0.95, "weight_decay": 0.0005, "steps_per_iteration": null, "pin": false, "model_creator": null, "target_batch_size": 128, "model_string": "resnet50", "min_batch_size": 128, "dataset": "CIFAR", "placement": null, "use_nccl": true, "devices_per_worker": 1, "primary_resource": "extra_gpu", "gpu": false, "verbose": false, "lr_config": {"mode": "log", "steps": 5, "initial_lr": 0.05, "target_lr": 0.05}, "batch_per_device": 128}, "time_since_restore": 47.98289895057678, "timesteps_since_restore": 0, "iterations_since_restore": 1, "mean_throughput": 1250.4431064531236, "atoms": 1, "setup_time": 21.620802402496338}
{"apply": 0.01722390651702881, "batch_time": 0.031789505029026464, "d2h": 0.00065765380859375, "data_time": 0.0017811434957987207, "fwd": 0.02768828868865967, "get_state_time_mean": NaN, "get_state_time_total": 0.0, "grad": 0.04743258953094483, "mean_accuracy": 0.2535499930381775, "mean_loss": 2.022801991081238, "neg_mean_accuracy": -0.3357999920845032, "set_state_time_mean": NaN, "set_state_time_total": 0.0, "setup_model_time_mean": NaN, "setup_model_time_total": 0.0, "setup_proc_time_mean": NaN, "setup_proc_time_total": 0.0, "train_accuracy": 0.23070000112056732, "train_loss": 2.0408867327880857, "training_time_mean": NaN, "training_time_total": 0.0, "val_accuracy": 0.3357999920845032, "val_loss": 1.834376776123047, "validation_time_mean": NaN, "validation_time_total": 0.0, "samples": 60000, "num_workers": 1, "done": false, "timesteps_total": null, "episodes_total": null, "training_iteration": 2, "neg_mean_loss": -2.022801991081238, "experiment_id": "a39969b077dd4f359a2124aa2ed13a83", "date": "2019-06-02_20-15-22", "timestamp": 1559531722, "time_this_iter_s": 41.048150300979614, "time_total_s": 89.0310492515564, "pid": 18835, "hostname": "steropes", "node_ip": "169.229.49.254", "config": {"starting_lr": 0.05, "momentum": 0.95, "weight_decay": 0.0005, "steps_per_iteration": null, "pin": false, "model_creator": null, "target_batch_size": 128, "model_string": "resnet50", "min_batch_size": 128, "dataset": "CIFAR", "placement": null, "use_nccl": true, "devices_per_worker": 1, "primary_resource": "extra_gpu", "gpu": false, "verbose": false, "lr_config": {"mode": "log", "steps": 5, "initial_lr": 0.05, "target_lr": 0.05}, "batch_per_device": 128}, "time_since_restore": 89.0310492515564, "timesteps_since_restore": 0, "iterations_since_restore": 2, "mean_throughput": 1347.8397524833463, "atoms": 1, "setup_time": 21.620802402496338}
{"apply": 0.017342209815979004, "batch_time": 0.03215572200243986, "d2h": 0.0006348133087158203, "data_time": 0.0017822868073992717, "fwd": 0.028148198127746583, "get_state_time_mean": NaN, "get_state_time_total": 0.0, "grad": 0.04834041595458984, "mean_accuracy": 0.29586665829022724, "mean_loss": 1.915064276822408, "neg_mean_accuracy": -0.3804999887943268, "set_state_time_mean": NaN, "set_state_time_total": 0.0, "setup_model_time_mean": NaN, "setup_model_time_total": 0.0, "setup_proc_time_mean": NaN, "setup_proc_time_total": 0.0, "train_accuracy": 0.3285999894142151, "train_loss": 1.7869319842529297, "training_time_mean": NaN, "training_time_total": 0.0, "val_accuracy": 0.3804999887943268, "val_loss": 1.6995888483047485, "validation_time_mean": NaN, "validation_time_total": 0.0, "samples": 60000, "num_workers": 1, "done": true, "timesteps_total": null, "episodes_total": null, "training_iteration": 3, "neg_mean_loss": -1.915064276822408, "experiment_id": "a39969b077dd4f359a2124aa2ed13a83", "date": "2019-06-02_20-16-03", "timestamp": 1559531763, "time_this_iter_s": 40.649192571640015, "time_total_s": 129.6802418231964, "pid": 18835, "hostname": "steropes", "node_ip": "169.229.49.254", "config": {"starting_lr": 0.05, "momentum": 0.95, "weight_decay": 0.0005, "steps_per_iteration": null, "pin": false, "model_creator": null, "target_batch_size": 128, "model_string": "resnet50", "min_batch_size": 128, "dataset": "CIFAR", "placement": null, "use_nccl": true, "devices_per_worker": 1, "primary_resource": "extra_gpu", "gpu": false, "verbose": false, "lr_config": {"mode": "log", "steps": 5, "initial_lr": 0.05, "target_lr": 0.05}, "batch_per_device": 128}, "time_since_restore": 129.6802418231964, "timesteps_since_restore": 0, "iterations_since_restore": 3, "mean_throughput": 1388.0252468000717, "atoms": 1, "setup_time": 21.620802402496338}
