{"apply": 0.017031240463256835, "batch_time": 0.04248518279836148, "d2h": 0.0006711006164550782, "data_time": 0.0018891739418439549, "fwd": 0.11530842781066894, "get_state_time_mean": NaN, "get_state_time_total": 0.0, "grad": 0.1632392406463623, "mean_accuracy": 0.30149999260902405, "mean_loss": 2.0172305389404297, "neg_mean_accuracy": -0.30149999260902405, "set_state_time_mean": NaN, "set_state_time_total": 0.0, "setup_model_time_mean": 8.480031728744507, "setup_model_time_total": 8.480031728744507, "setup_proc_time_mean": 0.4288299083709717, "setup_proc_time_total": 0.4288299083709717, "train_accuracy": 0.2201399952173233, "train_loss": 2.2872740341186524, "training_time_mean": NaN, "training_time_total": 0.0, "val_accuracy": 0.30149999260902405, "val_loss": 2.0172305389404297, "validation_time_mean": NaN, "validation_time_total": 0.0, "samples": 60000, "num_workers": 1, "done": false, "timesteps_total": null, "episodes_total": null, "training_iteration": 1, "neg_mean_loss": -2.0172305389404297, "experiment_id": "f6983c0b9d2c41bd9f933f0b31359152", "date": "2019-06-02_20-23-15", "timestamp": 1559532195, "time_this_iter_s": 46.54519319534302, "time_total_s": 46.54519319534302, "pid": 27992, "hostname": "steropes", "node_ip": "169.229.49.254", "config": {"starting_lr": 0.001, "momentum": 0.95, "weight_decay": 0.0005, "steps_per_iteration": null, "pin": false, "model_creator": null, "target_batch_size": 128, "model_string": "resnet50", "min_batch_size": 128, "dataset": "CIFAR", "placement": null, "use_nccl": true, "devices_per_worker": 1, "primary_resource": "extra_gpu", "gpu": false, "verbose": false, "lr_config": {"mode": "log", "steps": 5, "initial_lr": 0.001, "target_lr": 0.001}, "batch_per_device": 128}, "time_since_restore": 46.54519319534302, "timesteps_since_restore": 0, "iterations_since_restore": 1, "mean_throughput": 1289.0624087594979, "atoms": 1, "setup_time": 9.005828619003296}
{"apply": 0.018414807319641114, "batch_time": 0.03199253806584998, "d2h": 0.0006680488586425781, "data_time": 0.001768475603264616, "fwd": 0.02840738296508789, "get_state_time_mean": NaN, "get_state_time_total": 0.0, "grad": 0.04885752201080322, "mean_accuracy": 0.34039999544620514, "mean_loss": 1.8941070990562439, "neg_mean_accuracy": -0.37929999828338623, "set_state_time_mean": NaN, "set_state_time_total": 0.0, "setup_model_time_mean": NaN, "setup_model_time_total": 0.0, "setup_proc_time_mean": NaN, "setup_proc_time_total": 0.0, "train_accuracy": 0.3259599804878235, "train_loss": 1.878031750831604, "training_time_mean": NaN, "training_time_total": 0.0, "val_accuracy": 0.37929999828338623, "val_loss": 1.770983659172058, "validation_time_mean": NaN, "validation_time_total": 0.0, "samples": 60000, "num_workers": 1, "done": false, "timesteps_total": null, "episodes_total": null, "training_iteration": 2, "neg_mean_loss": -1.8941070990562439, "experiment_id": "f6983c0b9d2c41bd9f933f0b31359152", "date": "2019-06-02_20-23-56", "timestamp": 1559532236, "time_this_iter_s": 40.65160846710205, "time_total_s": 87.19680166244507, "pid": 27992, "hostname": "steropes", "node_ip": "169.229.49.254", "config": {"starting_lr": 0.001, "momentum": 0.95, "weight_decay": 0.0005, "steps_per_iteration": null, "pin": false, "model_creator": null, "target_batch_size": 128, "model_string": "resnet50", "min_batch_size": 128, "dataset": "CIFAR", "placement": null, "use_nccl": true, "devices_per_worker": 1, "primary_resource": "extra_gpu", "gpu": false, "verbose": false, "lr_config": {"mode": "log", "steps": 5, "initial_lr": 0.001, "target_lr": 0.001}, "batch_per_device": 128}, "time_since_restore": 87.19680166244507, "timesteps_since_restore": 0, "iterations_since_restore": 2, "mean_throughput": 1376.1915985337873, "atoms": 1, "setup_time": 9.005828619003296}
{"apply": 0.017053103446960448, "batch_time": 0.031420529643191565, "d2h": 0.000671553611755371, "data_time": 0.0017567754096692175, "fwd": 0.027280259132385253, "get_state_time_mean": NaN, "get_state_time_total": 0.0, "grad": 0.0473139762878418, "mean_accuracy": 0.3686666587988536, "mean_loss": 1.8103438982009887, "neg_mean_accuracy": -0.4251999855041504, "set_state_time_mean": NaN, "set_state_time_total": 0.0, "setup_model_time_mean": NaN, "setup_model_time_total": 0.0, "setup_proc_time_mean": NaN, "setup_proc_time_total": 0.0, "train_accuracy": 0.3782399892807007, "train_loss": 1.719014849243164, "training_time_mean": NaN, "training_time_total": 0.0, "val_accuracy": 0.4251999855041504, "val_loss": 1.6428174964904785, "validation_time_mean": NaN, "validation_time_total": 0.0, "samples": 60000, "num_workers": 1, "done": false, "timesteps_total": null, "episodes_total": null, "training_iteration": 3, "neg_mean_loss": -1.8103438982009887, "experiment_id": "f6983c0b9d2c41bd9f933f0b31359152", "date": "2019-06-02_20-24-36", "timestamp": 1559532276, "time_this_iter_s": 40.463037729263306, "time_total_s": 127.65983939170837, "pid": 27992, "hostname": "steropes", "node_ip": "169.229.49.254", "config": {"starting_lr": 0.001, "momentum": 0.95, "weight_decay": 0.0005, "steps_per_iteration": null, "pin": false, "model_creator": null, "target_batch_size": 128, "model_string": "resnet50", "min_batch_size": 128, "dataset": "CIFAR", "placement": null, "use_nccl": true, "devices_per_worker": 1, "primary_resource": "extra_gpu", "gpu": false, "verbose": false, "lr_config": {"mode": "log", "steps": 5, "initial_lr": 0.001, "target_lr": 0.001}, "batch_per_device": 128}, "time_since_restore": 127.65983939170837, "timesteps_since_restore": 0, "iterations_since_restore": 3, "mean_throughput": 1409.9921996619694, "atoms": 1, "setup_time": 9.005828619003296}
{"apply": 0.016956186294555663, "batch_time": 0.03151091442832464, "d2h": 0.0006973505020141602, "data_time": 0.0017495606561451008, "fwd": 0.02718691825866699, "get_state_time_mean": NaN, "get_state_time_total": 0.0, "grad": 0.04816658496856689, "mean_accuracy": 0.3872249945998192, "mean_loss": 1.7504272738933562, "neg_mean_accuracy": -0.44290000200271606, "set_state_time_mean": NaN, "set_state_time_total": 0.0, "setup_model_time_mean": NaN, "setup_model_time_total": 0.0, "setup_proc_time_mean": NaN, "setup_proc_time_total": 0.0, "train_accuracy": 0.4153600037097931, "train_loss": 1.6311413061523437, "training_time_mean": NaN, "training_time_total": 0.0, "val_accuracy": 0.44290000200271606, "val_loss": 1.570677400970459, "validation_time_mean": NaN, "validation_time_total": 0.0, "samples": 60000, "num_workers": 1, "done": false, "timesteps_total": null, "episodes_total": null, "training_iteration": 4, "neg_mean_loss": -1.7504272738933562, "experiment_id": "f6983c0b9d2c41bd9f933f0b31359152", "date": "2019-06-02_20-25-17", "timestamp": 1559532317, "time_this_iter_s": 40.30600047111511, "time_total_s": 167.9658398628235, "pid": 27992, "hostname": "steropes", "node_ip": "169.229.49.254", "config": {"starting_lr": 0.001, "momentum": 0.95, "weight_decay": 0.0005, "steps_per_iteration": null, "pin": false, "model_creator": null, "target_batch_size": 128, "model_string": "resnet50", "min_batch_size": 128, "dataset": "CIFAR", "placement": null, "use_nccl": true, "devices_per_worker": 1, "primary_resource": "extra_gpu", "gpu": false, "verbose": false, "lr_config": {"mode": "log", "steps": 5, "initial_lr": 0.001, "target_lr": 0.001}, "batch_per_device": 128}, "time_since_restore": 167.9658398628235, "timesteps_since_restore": 0, "iterations_since_restore": 4, "mean_throughput": 1428.8575090769332, "atoms": 1, "setup_time": 9.005828619003296}
{"apply": 0.017025232315063477, "batch_time": 0.03170755845081957, "d2h": 0.0007096767425537109, "data_time": 0.0017416855258405057, "fwd": 0.027286076545715333, "get_state_time_mean": NaN, "get_state_time_total": 0.0, "grad": 0.04736006259918213, "mean_accuracy": 0.4038599908351898, "mean_loss": 1.692378183326721, "neg_mean_accuracy": -0.47039997577667236, "set_state_time_mean": NaN, "set_state_time_total": 0.0, "setup_model_time_mean": NaN, "setup_model_time_total": 0.0, "setup_proc_time_mean": NaN, "setup_proc_time_total": 0.0, "train_accuracy": 0.4349599778652191, "train_loss": 1.5685116851425172, "training_time_mean": NaN, "training_time_total": 0.0, "val_accuracy": 0.47039997577667236, "val_loss": 1.4601818210601807, "validation_time_mean": NaN, "validation_time_total": 0.0, "samples": 60000, "num_workers": 1, "done": false, "timesteps_total": null, "episodes_total": null, "training_iteration": 5, "neg_mean_loss": -1.692378183326721, "experiment_id": "f6983c0b9d2c41bd9f933f0b31359152", "date": "2019-06-02_20-25-57", "timestamp": 1559532357, "time_this_iter_s": 40.31546187400818, "time_total_s": 208.28130173683167, "pid": 27992, "hostname": "steropes", "node_ip": "169.229.49.254", "config": {"starting_lr": 0.001, "momentum": 0.95, "weight_decay": 0.0005, "steps_per_iteration": null, "pin": false, "model_creator": null, "target_batch_size": 128, "model_string": "resnet50", "min_batch_size": 128, "dataset": "CIFAR", "placement": null, "use_nccl": true, "devices_per_worker": 1, "primary_resource": "extra_gpu", "gpu": false, "verbose": false, "lr_config": {"mode": "log", "steps": 5, "initial_lr": 0.001, "target_lr": 0.001}, "batch_per_device": 128}, "time_since_restore": 208.28130173683167, "timesteps_since_restore": 0, "iterations_since_restore": 5, "mean_throughput": 1440.3555625046995, "atoms": 1, "setup_time": 9.005828619003296}
{"apply": 0.01706857681274414, "batch_time": 0.03118418138238448, "d2h": 0.000699305534362793, "data_time": 0.0017388007220099954, "fwd": 0.027231502532958984, "get_state_time_mean": NaN, "get_state_time_total": 0.0, "grad": 0.04758706092834473, "mean_accuracy": 0.4408199906349182, "mean_loss": 1.5814823967361449, "neg_mean_accuracy": -0.486299991607666, "set_state_time_mean": NaN, "set_state_time_total": 0.0, "setup_model_time_mean": NaN, "setup_model_time_total": 0.0, "setup_proc_time_mean": NaN, "setup_proc_time_total": 0.0, "train_accuracy": 0.4626999795436859, "train_loss": 1.4968858725738525, "training_time_mean": NaN, "training_time_total": 0.0, "val_accuracy": 0.486299991607666, "val_loss": 1.4627516059875487, "validation_time_mean": NaN, "validation_time_total": 0.0, "samples": 60000, "num_workers": 1, "done": false, "timesteps_total": null, "episodes_total": null, "training_iteration": 6, "neg_mean_loss": -1.5814823967361449, "experiment_id": "f6983c0b9d2c41bd9f933f0b31359152", "date": "2019-06-02_20-26-37", "timestamp": 1559532397, "time_this_iter_s": 40.44903564453125, "time_total_s": 248.73033738136292, "pid": 27992, "hostname": "steropes", "node_ip": "169.229.49.254", "config": {"starting_lr": 0.001, "momentum": 0.95, "weight_decay": 0.0005, "steps_per_iteration": null, "pin": false, "model_creator": null, "target_batch_size": 128, "model_string": "resnet50", "min_batch_size": 128, "dataset": "CIFAR", "placement": null, "use_nccl": true, "devices_per_worker": 1, "primary_resource": "extra_gpu", "gpu": false, "verbose": false, "lr_config": {"mode": "log", "steps": 5, "initial_lr": 0.001, "target_lr": 0.001}, "batch_per_device": 128}, "time_since_restore": 248.73033738136292, "timesteps_since_restore": 0, "iterations_since_restore": 6, "mean_throughput": 1483.7854960206907, "atoms": 1, "setup_time": 9.005828619003296}
{"apply": 0.016979622840881347, "batch_time": 0.03135514862929718, "d2h": 0.0007012128829956054, "data_time": 0.0017191808851783538, "fwd": 0.02758183479309082, "get_state_time_mean": NaN, "get_state_time_total": 0.0, "grad": 0.05164105892181396, "mean_accuracy": 0.4652799844741821, "mean_loss": 1.5056079714202881, "neg_mean_accuracy": -0.5015999674797058, "set_state_time_mean": NaN, "set_state_time_total": 0.0, "setup_model_time_mean": NaN, "setup_model_time_total": 0.0, "setup_proc_time_mean": NaN, "setup_proc_time_total": 0.0, "train_accuracy": 0.4768199920654297, "train_loss": 1.4673976772689818, "training_time_mean": NaN, "training_time_total": 0.0, "val_accuracy": 0.5015999674797058, "val_loss": 1.3916115325927734, "validation_time_mean": NaN, "validation_time_total": 0.0, "samples": 60000, "num_workers": 1, "done": false, "timesteps_total": null, "episodes_total": null, "training_iteration": 7, "neg_mean_loss": -1.5056079714202881, "experiment_id": "f6983c0b9d2c41bd9f933f0b31359152", "date": "2019-06-02_20-27-18", "timestamp": 1559532438, "time_this_iter_s": 40.23397731781006, "time_total_s": 288.964314699173, "pid": 27992, "hostname": "steropes", "node_ip": "169.229.49.254", "config": {"starting_lr": 0.001, "momentum": 0.95, "weight_decay": 0.0005, "steps_per_iteration": null, "pin": false, "model_creator": null, "target_batch_size": 128, "model_string": "resnet50", "min_batch_size": 128, "dataset": "CIFAR", "placement": null, "use_nccl": true, "devices_per_worker": 1, "primary_resource": "extra_gpu", "gpu": false, "verbose": false, "lr_config": {"mode": "log", "steps": 5, "initial_lr": 0.001, "target_lr": 0.001}, "batch_per_device": 128}, "time_since_restore": 288.964314699173, "timesteps_since_restore": 0, "iterations_since_restore": 7, "mean_throughput": 1486.8568386524216, "atoms": 1, "setup_time": 9.005828619003296}
{"apply": 0.01722400188446045, "batch_time": 0.031206088730051547, "d2h": 0.0006939649581909179, "data_time": 0.001682219907755742, "fwd": 0.02839069366455078, "get_state_time_mean": NaN, "get_state_time_total": 0.0, "grad": 0.048244166374206546, "mean_accuracy": 0.48305999040603637, "mean_loss": 1.4488207163238527, "neg_mean_accuracy": -0.5141000151634216, "set_state_time_mean": NaN, "set_state_time_total": 0.0, "setup_model_time_mean": NaN, "setup_model_time_total": 0.0, "setup_proc_time_mean": NaN, "setup_proc_time_total": 0.0, "train_accuracy": 0.4958999752998352, "train_loss": 1.4095047402954102, "training_time_mean": NaN, "training_time_total": 0.0, "val_accuracy": 0.5141000151634216, "val_loss": 1.3588812210083008, "validation_time_mean": NaN, "validation_time_total": 0.0, "samples": 60000, "num_workers": 1, "done": false, "timesteps_total": null, "episodes_total": null, "training_iteration": 8, "neg_mean_loss": -1.4488207163238527, "experiment_id": "f6983c0b9d2c41bd9f933f0b31359152", "date": "2019-06-02_20-27-58", "timestamp": 1559532478, "time_this_iter_s": 40.2237651348114, "time_total_s": 329.1880798339844, "pid": 27992, "hostname": "steropes", "node_ip": "169.229.49.254", "config": {"starting_lr": 0.001, "momentum": 0.95, "weight_decay": 0.0005, "steps_per_iteration": null, "pin": false, "model_creator": null, "target_batch_size": 128, "model_string": "resnet50", "min_batch_size": 128, "dataset": "CIFAR", "placement": null, "use_nccl": true, "devices_per_worker": 1, "primary_resource": "extra_gpu", "gpu": false, "verbose": false, "lr_config": {"mode": "log", "steps": 5, "initial_lr": 0.001, "target_lr": 0.001}, "batch_per_device": 128}, "time_since_restore": 329.1880798339844, "timesteps_since_restore": 0, "iterations_since_restore": 8, "mean_throughput": 1488.6221593258892, "atoms": 1, "setup_time": 9.005828619003296}
{"apply": 0.01688518524169922, "batch_time": 0.03129910517342483, "d2h": 0.0007007122039794922, "data_time": 0.0016981360247677855, "fwd": 0.02708597183227539, "get_state_time_mean": NaN, "get_state_time_total": 0.0, "grad": 0.047501540184020995, "mean_accuracy": 0.4971999883651733, "mean_loss": 1.413932501335144, "neg_mean_accuracy": -0.5135999917984009, "set_state_time_mean": NaN, "set_state_time_total": 0.0, "setup_model_time_mean": NaN, "setup_model_time_total": 0.0, "setup_proc_time_mean": NaN, "setup_proc_time_total": 0.0, "train_accuracy": 0.5080599784851074, "train_loss": 1.3773595502471925, "training_time_mean": NaN, "training_time_total": 0.0, "val_accuracy": 0.5135999917984009, "val_loss": 1.3962363260269166, "validation_time_mean": NaN, "validation_time_total": 0.0, "samples": 60000, "num_workers": 1, "done": false, "timesteps_total": null, "episodes_total": null, "training_iteration": 9, "neg_mean_loss": -1.413932501335144, "experiment_id": "f6983c0b9d2c41bd9f933f0b31359152", "date": "2019-06-02_20-28-38", "timestamp": 1559532518, "time_this_iter_s": 39.976030588150024, "time_total_s": 369.1641104221344, "pid": 27992, "hostname": "steropes", "node_ip": "169.229.49.254", "config": {"starting_lr": 0.001, "momentum": 0.95, "weight_decay": 0.0005, "steps_per_iteration": null, "pin": false, "model_creator": null, "target_batch_size": 128, "model_string": "resnet50", "min_batch_size": 128, "dataset": "CIFAR", "placement": null, "use_nccl": true, "devices_per_worker": 1, "primary_resource": "extra_gpu", "gpu": false, "verbose": false, "lr_config": {"mode": "log", "steps": 5, "initial_lr": 0.001, "target_lr": 0.001}, "batch_per_device": 128}, "time_since_restore": 369.1641104221344, "timesteps_since_restore": 0, "iterations_since_restore": 9, "mean_throughput": 1491.0635173611274, "atoms": 1, "setup_time": 9.005828619003296}
{"apply": 0.022836136817932128, "batch_time": 0.03160123885432376, "d2h": 0.0007062911987304688, "data_time": 0.0016971762527895095, "fwd": 0.03071894645690918, "get_state_time_mean": NaN, "get_state_time_total": 0.0, "grad": 0.048780393600463864, "mean_accuracy": 0.510099995136261, "mean_loss": 1.3811782087326052, "neg_mean_accuracy": -0.5349000096321106, "set_state_time_mean": NaN, "set_state_time_total": 0.0, "setup_model_time_mean": NaN, "setup_model_time_total": 0.0, "setup_proc_time_mean": NaN, "setup_proc_time_total": 0.0, "train_accuracy": 0.5212000012397766, "train_loss": 1.3407837057876586, "training_time_mean": NaN, "training_time_total": 0.0, "val_accuracy": 0.5349000096321106, "val_loss": 1.2964103580474853, "validation_time_mean": NaN, "validation_time_total": 0.0, "samples": 60000, "num_workers": 1, "done": false, "timesteps_total": null, "episodes_total": null, "training_iteration": 10, "neg_mean_loss": -1.3811782087326052, "experiment_id": "f6983c0b9d2c41bd9f933f0b31359152", "date": "2019-06-02_20-29-18", "timestamp": 1559532558, "time_this_iter_s": 40.14800834655762, "time_total_s": 409.312118768692, "pid": 27992, "hostname": "steropes", "node_ip": "169.229.49.254", "config": {"starting_lr": 0.001, "momentum": 0.95, "weight_decay": 0.0005, "steps_per_iteration": null, "pin": false, "model_creator": null, "target_batch_size": 128, "model_string": "resnet50", "min_batch_size": 128, "dataset": "CIFAR", "placement": null, "use_nccl": true, "devices_per_worker": 1, "primary_resource": "extra_gpu", "gpu": false, "verbose": false, "lr_config": {"mode": "log", "steps": 5, "initial_lr": 0.001, "target_lr": 0.001}, "batch_per_device": 128}, "time_since_restore": 409.312118768692, "timesteps_since_restore": 0, "iterations_since_restore": 10, "mean_throughput": 1492.3055149435554, "atoms": 1, "setup_time": 9.005828619003296}
{"apply": 0.02313950061798096, "batch_time": 0.03491353686851791, "d2h": 0.0007067441940307618, "data_time": 0.0017181394045310253, "fwd": 0.031070804595947264, "get_state_time_mean": NaN, "get_state_time_total": 0.0, "grad": 0.04917755126953125, "mean_accuracy": 0.5234799981117249, "mean_loss": 1.3419831535720825, "neg_mean_accuracy": -0.5532000064849854, "set_state_time_mean": NaN, "set_state_time_total": 0.0, "setup_model_time_mean": NaN, "setup_model_time_total": 0.0, "setup_proc_time_mean": NaN, "setup_proc_time_total": 0.0, "train_accuracy": 0.5316799879074097, "train_loss": 1.3070722274017335, "training_time_mean": NaN, "training_time_total": 0.0, "val_accuracy": 0.5532000064849854, "val_loss": 1.2667763301849366, "validation_time_mean": NaN, "validation_time_total": 0.0, "samples": 60000, "num_workers": 1, "done": false, "timesteps_total": null, "episodes_total": null, "training_iteration": 11, "neg_mean_loss": -1.3419831535720825, "experiment_id": "f6983c0b9d2c41bd9f933f0b31359152", "date": "2019-06-02_20-29-59", "timestamp": 1559532599, "time_this_iter_s": 40.71703004837036, "time_total_s": 450.0291488170624, "pid": 27992, "hostname": "steropes", "node_ip": "169.229.49.254", "config": {"starting_lr": 0.001, "momentum": 0.95, "weight_decay": 0.0005, "steps_per_iteration": null, "pin": false, "model_creator": null, "target_batch_size": 128, "model_string": "resnet50", "min_batch_size": 128, "dataset": "CIFAR", "placement": null, "use_nccl": true, "devices_per_worker": 1, "primary_resource": "extra_gpu", "gpu": false, "verbose": false, "lr_config": {"mode": "log", "steps": 5, "initial_lr": 0.001, "target_lr": 0.001}, "batch_per_device": 128}, "time_since_restore": 450.0291488170624, "timesteps_since_restore": 0, "iterations_since_restore": 11, "mean_throughput": 1490.3187133229487, "atoms": 1, "setup_time": 9.005828619003296}
{"apply": 0.01708652973175049, "batch_time": 0.03293418582481674, "d2h": 0.0006941556930541992, "data_time": 0.0017164966944233535, "fwd": 0.027224969863891602, "get_state_time_mean": NaN, "get_state_time_total": 0.0, "grad": 0.04669973850250244, "mean_accuracy": 0.5357800006866456, "mean_loss": 1.3097621703720093, "neg_mean_accuracy": -0.5630999803543091, "set_state_time_mean": NaN, "set_state_time_total": 0.0, "setup_model_time_mean": NaN, "setup_model_time_total": 0.0, "setup_proc_time_mean": NaN, "setup_proc_time_total": 0.0, "train_accuracy": 0.5414000153541565, "train_loss": 1.2875144857788086, "training_time_mean": NaN, "training_time_total": 0.0, "val_accuracy": 0.5630999803543091, "val_loss": 1.2305066165924072, "validation_time_mean": NaN, "validation_time_total": 0.0, "samples": 60000, "num_workers": 1, "done": false, "timesteps_total": null, "episodes_total": null, "training_iteration": 12, "neg_mean_loss": -1.3097621703720093, "experiment_id": "f6983c0b9d2c41bd9f933f0b31359152", "date": "2019-06-02_20-30-39", "timestamp": 1559532639, "time_this_iter_s": 40.43353891372681, "time_total_s": 490.4626877307892, "pid": 27992, "hostname": "steropes", "node_ip": "169.229.49.254", "config": {"starting_lr": 0.001, "momentum": 0.95, "weight_decay": 0.0005, "steps_per_iteration": null, "pin": false, "model_creator": null, "target_batch_size": 128, "model_string": "resnet50", "min_batch_size": 128, "dataset": "CIFAR", "placement": null, "use_nccl": true, "devices_per_worker": 1, "primary_resource": "extra_gpu", "gpu": false, "verbose": false, "lr_config": {"mode": "log", "steps": 5, "initial_lr": 0.001, "target_lr": 0.001}, "batch_per_device": 128}, "time_since_restore": 490.4626877307892, "timesteps_since_restore": 0, "iterations_since_restore": 12, "mean_throughput": 1488.8427276708655, "atoms": 1, "setup_time": 9.005828619003296}
{"apply": 0.017153024673461914, "batch_time": 0.03158388258535651, "d2h": 0.0006907939910888672, "data_time": 0.001669663602433851, "fwd": 0.027811861038208006, "get_state_time_mean": NaN, "get_state_time_total": 0.0, "grad": 0.048753881454467775, "mean_accuracy": 0.5456200003623962, "mean_loss": 1.2783766786956787, "neg_mean_accuracy": -0.5633000135421753, "set_state_time_mean": NaN, "set_state_time_total": 0.0, "setup_model_time_mean": NaN, "setup_model_time_total": 0.0, "setup_proc_time_mean": NaN, "setup_proc_time_total": 0.0, "train_accuracy": 0.5523999929428101, "train_loss": 1.2441569483947754, "training_time_mean": NaN, "training_time_total": 0.0, "val_accuracy": 0.5633000135421753, "val_loss": 1.2019537626266479, "validation_time_mean": NaN, "validation_time_total": 0.0, "samples": 60000, "num_workers": 1, "done": false, "timesteps_total": null, "episodes_total": null, "training_iteration": 13, "neg_mean_loss": -1.2783766786956787, "experiment_id": "f6983c0b9d2c41bd9f933f0b31359152", "date": "2019-06-02_20-31-20", "timestamp": 1559532680, "time_this_iter_s": 40.75597834587097, "time_total_s": 531.2186660766602, "pid": 27992, "hostname": "steropes", "node_ip": "169.229.49.254", "config": {"starting_lr": 0.001, "momentum": 0.95, "weight_decay": 0.0005, "steps_per_iteration": null, "pin": false, "model_creator": null, "target_batch_size": 128, "model_string": "resnet50", "min_batch_size": 128, "dataset": "CIFAR", "placement": null, "use_nccl": true, "devices_per_worker": 1, "primary_resource": "extra_gpu", "gpu": false, "verbose": false, "lr_config": {"mode": "log", "steps": 5, "initial_lr": 0.001, "target_lr": 0.001}, "batch_per_device": 128}, "time_since_restore": 531.2186660766602, "timesteps_since_restore": 0, "iterations_since_restore": 13, "mean_throughput": 1484.9202339478393, "atoms": 1, "setup_time": 9.005828619003296}
{"apply": 0.016712141036987305, "batch_time": 0.03178228909456277, "d2h": 0.0006906032562255859, "data_time": 0.001667702594376586, "fwd": 0.027005434036254883, "get_state_time_mean": NaN, "get_state_time_total": 0.0, "grad": 0.046702909469604495, "mean_accuracy": 0.558459997177124, "mean_loss": 1.2377505438232421, "neg_mean_accuracy": -0.5777999758720398, "set_state_time_mean": NaN, "set_state_time_total": 0.0, "setup_model_time_mean": NaN, "setup_model_time_total": 0.0, "setup_proc_time_mean": NaN, "setup_proc_time_total": 0.0, "train_accuracy": 0.5640199780464172, "train_loss": 1.2181338203430176, "training_time_mean": NaN, "training_time_total": 0.0, "val_accuracy": 0.5777999758720398, "val_loss": 1.1931056516647338, "validation_time_mean": NaN, "validation_time_total": 0.0, "samples": 60000, "num_workers": 1, "done": false, "timesteps_total": null, "episodes_total": null, "training_iteration": 14, "neg_mean_loss": -1.2377505438232421, "experiment_id": "f6983c0b9d2c41bd9f933f0b31359152", "date": "2019-06-02_20-32-00", "timestamp": 1559532720, "time_this_iter_s": 39.94503617286682, "time_total_s": 571.163702249527, "pid": 27992, "hostname": "steropes", "node_ip": "169.229.49.254", "config": {"starting_lr": 0.001, "momentum": 0.95, "weight_decay": 0.0005, "steps_per_iteration": null, "pin": false, "model_creator": null, "target_batch_size": 128, "model_string": "resnet50", "min_batch_size": 128, "dataset": "CIFAR", "placement": null, "use_nccl": true, "devices_per_worker": 1, "primary_resource": "extra_gpu", "gpu": false, "verbose": false, "lr_config": {"mode": "log", "steps": 5, "initial_lr": 0.001, "target_lr": 0.001}, "batch_per_device": 128}, "time_since_restore": 571.163702249527, "timesteps_since_restore": 0, "iterations_since_restore": 14, "mean_throughput": 1485.1481134361347, "atoms": 1, "setup_time": 9.005828619003296}
{"apply": 0.016960787773132324, "batch_time": 0.034842805017398885, "d2h": 0.000687861442565918, "data_time": 0.001696091478742907, "fwd": 0.027343058586120607, "get_state_time_mean": NaN, "get_state_time_total": 0.0, "grad": 0.04714858531951904, "mean_accuracy": 0.5655399918556213, "mean_loss": 1.2174691821289063, "neg_mean_accuracy": -0.5702999830245972, "set_state_time_mean": NaN, "set_state_time_total": 0.0, "setup_model_time_mean": NaN, "setup_model_time_total": 0.0, "setup_proc_time_mean": NaN, "setup_proc_time_total": 0.0, "train_accuracy": 0.5692799687385559, "train_loss": 1.2091567553329468, "training_time_mean": NaN, "training_time_total": 0.0, "val_accuracy": 0.5702999830245972, "val_loss": 1.1950035495758056, "validation_time_mean": NaN, "validation_time_total": 0.0, "samples": 60000, "num_workers": 1, "done": false, "timesteps_total": null, "episodes_total": null, "training_iteration": 15, "neg_mean_loss": -1.2174691821289063, "experiment_id": "f6983c0b9d2c41bd9f933f0b31359152", "date": "2019-06-02_20-32-40", "timestamp": 1559532760, "time_this_iter_s": 40.43067145347595, "time_total_s": 611.5943737030029, "pid": 27992, "hostname": "steropes", "node_ip": "169.229.49.254", "config": {"starting_lr": 0.001, "momentum": 0.95, "weight_decay": 0.0005, "steps_per_iteration": null, "pin": false, "model_creator": null, "target_batch_size": 128, "model_string": "resnet50", "min_batch_size": 128, "dataset": "CIFAR", "placement": null, "use_nccl": true, "devices_per_worker": 1, "primary_resource": "extra_gpu", "gpu": false, "verbose": false, "lr_config": {"mode": "log", "steps": 5, "initial_lr": 0.001, "target_lr": 0.001}, "batch_per_device": 128}, "time_since_restore": 611.5943737030029, "timesteps_since_restore": 0, "iterations_since_restore": 15, "mean_throughput": 1483.0728415866595, "atoms": 1, "setup_time": 9.005828619003296}
{"apply": 0.0170196533203125, "batch_time": 0.03158848798727688, "d2h": 0.0006939411163330078, "data_time": 0.0016578280407449474, "fwd": 0.027144098281860353, "get_state_time_mean": NaN, "get_state_time_total": 0.0, "grad": 0.04748115539550781, "mean_accuracy": 0.5717599868774415, "mean_loss": 1.221653218307495, "neg_mean_accuracy": -0.5842999815940857, "set_state_time_mean": NaN, "set_state_time_total": 0.0, "setup_model_time_mean": NaN, "setup_model_time_total": 0.0, "setup_proc_time_mean": NaN, "setup_proc_time_total": 0.0, "train_accuracy": 0.5846999883651733, "train_loss": 1.16817452293396, "training_time_mean": NaN, "training_time_total": 0.0, "val_accuracy": 0.5842999815940857, "val_loss": 1.2876965110778809, "validation_time_mean": NaN, "validation_time_total": 0.0, "samples": 60000, "num_workers": 1, "done": false, "timesteps_total": null, "episodes_total": null, "training_iteration": 16, "neg_mean_loss": -1.221653218307495, "experiment_id": "f6983c0b9d2c41bd9f933f0b31359152", "date": "2019-06-02_20-33-20", "timestamp": 1559532800, "time_this_iter_s": 40.055134534835815, "time_total_s": 651.6495082378387, "pid": 27992, "hostname": "steropes", "node_ip": "169.229.49.254", "config": {"starting_lr": 0.001, "momentum": 0.95, "weight_decay": 0.0005, "steps_per_iteration": null, "pin": false, "model_creator": null, "target_batch_size": 128, "model_string": "resnet50", "min_batch_size": 128, "dataset": "CIFAR", "placement": null, "use_nccl": true, "devices_per_worker": 1, "primary_resource": "extra_gpu", "gpu": false, "verbose": false, "lr_config": {"mode": "log", "steps": 5, "initial_lr": 0.001, "target_lr": 0.001}, "batch_per_device": 128}, "time_since_restore": 651.6495082378387, "timesteps_since_restore": 0, "iterations_since_restore": 16, "mean_throughput": 1487.9415512510395, "atoms": 1, "setup_time": 9.005828619003296}
