apply,batch_time,d2h,data_time,fwd,get_state_time_mean,get_state_time_total,grad,mean_accuracy,mean_loss,neg_mean_accuracy,set_state_time_mean,set_state_time_total,setup_model_time_mean,setup_model_time_total,setup_proc_time_mean,setup_proc_time_total,train_accuracy,train_loss,training_time_mean,training_time_total,validation_time_mean,validation_time_total,samples,num_workers,done,timesteps_total,episodes_total,training_iteration,neg_mean_loss,experiment_id,date,timestamp,time_this_iter_s,time_total_s,pid,hostname,node_ip,config,time_since_restore,timesteps_since_restore,iterations_since_restore,mean_throughput,atoms
0.007521247863769532,0.1758030652999878,0.005326414108276367,0.04093060201528121,0.0923919677734375,nan,0.0,0.15626606941223145,0.3547999858856201,1.7983156284332276,-0.3547999858856201,nan,0.0,7.955085039138794,7.955085039138794,1.7299087047576904,1.7299087047576904,0.25582000613212585,2.534094820899963,nan,0.0,nan,0.0,60000,1,False,,,1,-1.7983156284332276,65659d72cf4c414eb84416aaab06195d,2019-05-30_14-25-28,1559251528,11.582346200942993,11.582346200942993,26972,steropes,169.229.49.254,"{'starting_lr': 0.005, 'momentum': 0.997, 'weight_decay': 0.0005, 'steps_per_iteration': None, 'pin': False, 'model_creator': None, 'target_batch_size': 1024, 'model_string': 'resnet18', 'min_batch_size': 512, 'dataset': 'CIFAR', 'placement': None, 'use_nccl': True, 'devices_per_worker': 1, 'primary_resource': 'extra_gpu', 'gpu': False, 'verbose': False, 'lr_config': {'mode': 'log', 'steps': 5, 'initial_lr': 0.005, 'target_lr': 0.005}, 'batch_per_device': 1024}",11.582346200942993,0,1,5180.259938640888,1
0.007285714149475098,0.12480411529541016,0.004561114311218262,0.032955335111034156,0.024639487266540527,nan,0.0,0.059587407112121585,0.4197999835014343,1.6692676290512085,-0.4197999835014343,nan,0.0,nan,0.0,nan,0.0,0.39625999331474304,1.6570535335540773,nan,0.0,nan,0.0,60000,1,False,,,2,-1.6692676290512085,65659d72cf4c414eb84416aaab06195d,2019-05-30_14-25-36,1559251536,7.605809211730957,19.18815541267395,26972,steropes,169.229.49.254,"{'starting_lr': 0.005, 'momentum': 0.997, 'weight_decay': 0.0005, 'steps_per_iteration': None, 'pin': False, 'model_creator': None, 'target_batch_size': 1024, 'model_string': 'resnet18', 'min_batch_size': 512, 'dataset': 'CIFAR', 'placement': None, 'use_nccl': True, 'devices_per_worker': 1, 'primary_resource': 'extra_gpu', 'gpu': False, 'verbose': False, 'lr_config': {'mode': 'log', 'steps': 5, 'initial_lr': 0.005, 'target_lr': 0.005}, 'batch_per_device': 1024}",19.18815541267395,0,2,6253.802092120918,1
0.009141898155212403,0.14819839000701904,0.005219364166259765,0.03926841093569386,0.03235621452331543,nan,0.0,0.05662705898284912,0.44449999928474426,1.569465580368042,-0.44449999928474426,nan,0.0,nan,0.0,nan,0.0,0.4364999830722809,1.533201770477295,nan,0.0,nan,0.0,60000,1,False,,,3,-1.569465580368042,65659d72cf4c414eb84416aaab06195d,2019-05-30_14-25-44,1559251544,8.244254350662231,27.43240976333618,26972,steropes,169.229.49.254,"{'starting_lr': 0.005, 'momentum': 0.997, 'weight_decay': 0.0005, 'steps_per_iteration': None, 'pin': False, 'model_creator': None, 'target_batch_size': 1024, 'model_string': 'resnet18', 'min_batch_size': 512, 'dataset': 'CIFAR', 'placement': None, 'use_nccl': True, 'devices_per_worker': 1, 'primary_resource': 'extra_gpu', 'gpu': False, 'verbose': False, 'lr_config': {'mode': 'log', 'steps': 5, 'initial_lr': 0.005, 'target_lr': 0.005}, 'batch_per_device': 1024}",27.43240976333618,0,3,6561.504220370466,1
0.007119393348693848,0.14987518787384033,0.006900358200073242,0.03689805828795141,0.0288677453994751,nan,0.0,0.0584136962890625,0.5048999786376953,1.3971885025024413,-0.5048999786376953,nan,0.0,nan,0.0,nan,0.0,0.46633997559547424,1.4613335736465454,nan,0.0,nan,0.0,60000,1,False,,,4,-1.3971885025024413,65659d72cf4c414eb84416aaab06195d,2019-05-30_14-25-52,1559251552,8.462188243865967,35.89459800720215,26972,steropes,169.229.49.254,"{'starting_lr': 0.005, 'momentum': 0.997, 'weight_decay': 0.0005, 'steps_per_iteration': None, 'pin': False, 'model_creator': None, 'target_batch_size': 1024, 'model_string': 'resnet18', 'min_batch_size': 512, 'dataset': 'CIFAR', 'placement': None, 'use_nccl': True, 'devices_per_worker': 1, 'primary_resource': 'extra_gpu', 'gpu': False, 'verbose': False, 'lr_config': {'mode': 'log', 'steps': 5, 'initial_lr': 0.005, 'target_lr': 0.005}, 'batch_per_device': 1024}",35.89459800720215,0,4,6686.168393216031,1
0.006882810592651367,0.14642953872680664,0.004556846618652344,0.03628802299499512,0.029577255249023438,nan,0.0,0.06471376419067383,0.5087999701499939,1.4022812618255616,-0.5087999701499939,nan,0.0,nan,0.0,nan,0.0,0.4899599850177765,1.4038651670074462,nan,0.0,nan,0.0,60000,1,False,,,5,-1.4022812618255616,65659d72cf4c414eb84416aaab06195d,2019-05-30_14-26-01,1559251561,8.56521487236023,44.45981287956238,26972,steropes,169.229.49.254,"{'starting_lr': 0.005, 'momentum': 0.997, 'weight_decay': 0.0005, 'steps_per_iteration': None, 'pin': False, 'model_creator': None, 'target_batch_size': 1024, 'model_string': 'resnet18', 'min_batch_size': 512, 'dataset': 'CIFAR', 'placement': None, 'use_nccl': True, 'devices_per_worker': 1, 'primary_resource': 'extra_gpu', 'gpu': False, 'verbose': False, 'lr_config': {'mode': 'log', 'steps': 5, 'initial_lr': 0.005, 'target_lr': 0.005}, 'batch_per_device': 1024}",44.45981287956238,0,5,6747.57228475173,1
0.007051348686218262,0.1261383056640625,0.005346250534057617,0.05003182742060447,0.027497220039367675,nan,0.0,0.06413369178771973,0.5252999663352966,1.3885449703216552,-0.5252999663352966,nan,0.0,nan,0.0,nan,0.0,0.509119987487793,1.3487687551498413,nan,0.0,nan,0.0,60000,1,False,,,6,-1.3885449703216552,65659d72cf4c414eb84416aaab06195d,2019-05-30_14-26-10,1559251570,9.209721803665161,53.66953468322754,26972,steropes,169.229.49.254,"{'starting_lr': 0.005, 'momentum': 0.997, 'weight_decay': 0.0005, 'steps_per_iteration': None, 'pin': False, 'model_creator': None, 'target_batch_size': 1024, 'model_string': 'resnet18', 'min_batch_size': 512, 'dataset': 'CIFAR', 'placement': None, 'use_nccl': True, 'devices_per_worker': 1, 'primary_resource': 'extra_gpu', 'gpu': False, 'verbose': False, 'lr_config': {'mode': 'log', 'steps': 5, 'initial_lr': 0.005, 'target_lr': 0.005}, 'batch_per_device': 1024}",53.66953468322754,0,6,7127.941335142709,1
0.006883049011230468,0.13974034786224365,0.00513153076171875,0.04255211596586266,0.024394726753234862,nan,0.0,0.055304312705993654,0.529699981212616,1.3242863731384278,-0.529699981212616,nan,0.0,nan,0.0,nan,0.0,0.5243200063705444,1.3137456173706055,nan,0.0,nan,0.0,60000,1,False,,,7,-1.3242863731384278,65659d72cf4c414eb84416aaab06195d,2019-05-30_14-26-19,1559251579,8.628095149993896,62.297629833221436,26972,steropes,169.229.49.254,"{'starting_lr': 0.005, 'momentum': 0.997, 'weight_decay': 0.0005, 'steps_per_iteration': None, 'pin': False, 'model_creator': None, 'target_batch_size': 1024, 'model_string': 'resnet18', 'min_batch_size': 512, 'dataset': 'CIFAR', 'placement': None, 'use_nccl': True, 'devices_per_worker': 1, 'primary_resource': 'extra_gpu', 'gpu': False, 'verbose': False, 'lr_config': {'mode': 'log', 'steps': 5, 'initial_lr': 0.005, 'target_lr': 0.005}, 'batch_per_device': 1024}",62.297629833221436,0,7,6958.914547742191,1
0.007138633728027343,0.13843679428100586,0.007790970802307129,0.04224853126370177,0.04107949733734131,nan,0.0,0.05459413528442383,0.5622999668121338,1.223167406463623,-0.5622999668121338,nan,0.0,nan,0.0,nan,0.0,0.5382599830627441,1.2748351749420166,nan,0.0,nan,0.0,60000,1,False,,,8,-1.223167406463623,65659d72cf4c414eb84416aaab06195d,2019-05-30_14-26-28,1559251588,8.913893699645996,71.21152353286743,26972,steropes,169.229.49.254,"{'starting_lr': 0.005, 'momentum': 0.997, 'weight_decay': 0.0005, 'steps_per_iteration': None, 'pin': False, 'model_creator': None, 'target_batch_size': 1024, 'model_string': 'resnet18', 'min_batch_size': 512, 'dataset': 'CIFAR', 'placement': None, 'use_nccl': True, 'devices_per_worker': 1, 'primary_resource': 'extra_gpu', 'gpu': False, 'verbose': False, 'lr_config': {'mode': 'log', 'steps': 5, 'initial_lr': 0.005, 'target_lr': 0.005}, 'batch_per_device': 1024}",71.21152353286743,0,8,6852.475389499892,1
0.006809234619140625,0.13478941917419435,0.005274510383605957,0.03906947739270269,0.03442318439483642,nan,0.0,0.059198427200317386,0.5787999629974365,1.1681127895355226,-0.5787999629974365,nan,0.0,nan,0.0,nan,0.0,0.5584799647331238,1.22011669216156,nan,0.0,nan,0.0,60000,1,False,,,9,-1.1681127895355226,65659d72cf4c414eb84416aaab06195d,2019-05-30_14-26-36,1559251596,8.589702844619751,79.80122637748718,26972,steropes,169.229.49.254,"{'starting_lr': 0.005, 'momentum': 0.997, 'weight_decay': 0.0005, 'steps_per_iteration': None, 'pin': False, 'model_creator': None, 'target_batch_size': 1024, 'model_string': 'resnet18', 'min_batch_size': 512, 'dataset': 'CIFAR', 'placement': None, 'use_nccl': True, 'devices_per_worker': 1, 'primary_resource': 'extra_gpu', 'gpu': False, 'verbose': False, 'lr_config': {'mode': 'log', 'steps': 5, 'initial_lr': 0.005, 'target_lr': 0.005}, 'batch_per_device': 1024}",79.80122637748718,0,9,6832.5719557042285,1
0.00693964958190918,0.14476821422576905,0.004466056823730469,0.041183500873799225,0.03155205249786377,nan,0.0,0.05242397785186768,0.558899998664856,1.249660246658325,-0.558899998664856,nan,0.0,nan,0.0,nan,0.0,0.5749599933624268,1.1816336108016967,nan,0.0,nan,0.0,60000,1,False,,,10,-1.249660246658325,65659d72cf4c414eb84416aaab06195d,2019-05-30_14-26-45,1559251605,8.877382516860962,88.67860889434814,26972,steropes,169.229.49.254,"{'starting_lr': 0.005, 'momentum': 0.997, 'weight_decay': 0.0005, 'steps_per_iteration': None, 'pin': False, 'model_creator': None, 'target_batch_size': 1024, 'model_string': 'resnet18', 'min_batch_size': 512, 'dataset': 'CIFAR', 'placement': None, 'use_nccl': True, 'devices_per_worker': 1, 'primary_resource': 'extra_gpu', 'gpu': False, 'verbose': False, 'lr_config': {'mode': 'log', 'steps': 5, 'initial_lr': 0.005, 'target_lr': 0.005}, 'batch_per_device': 1024}",88.67860889434814,0,10,6784.358542555175,1
0.006619143486022949,0.13313076496124268,0.006120061874389649,0.042252457871729016,0.03965630531311035,nan,0.0,0.07059941291809083,0.5961999893188477,1.1707375467300416,-0.5961999893188477,nan,0.0,nan,0.0,nan,0.0,0.5898199677467346,1.1432372756576539,nan,0.0,nan,0.0,60000,1,False,,,11,-1.1707375467300416,65659d72cf4c414eb84416aaab06195d,2019-05-30_14-26-54,1559251614,8.759858846664429,97.43846774101257,26972,steropes,169.229.49.254,"{'starting_lr': 0.005, 'momentum': 0.997, 'weight_decay': 0.0005, 'steps_per_iteration': None, 'pin': False, 'model_creator': None, 'target_batch_size': 1024, 'model_string': 'resnet18', 'min_batch_size': 512, 'dataset': 'CIFAR', 'placement': None, 'use_nccl': True, 'devices_per_worker': 1, 'primary_resource': 'extra_gpu', 'gpu': False, 'verbose': False, 'lr_config': {'mode': 'log', 'steps': 5, 'initial_lr': 0.005, 'target_lr': 0.005}, 'batch_per_device': 1024}",97.43846774101257,0,11,6854.100471542314,1
0.007179665565490723,0.14129762649536132,0.00511622428894043,0.03778634265977509,0.03629777431488037,nan,0.0,0.05781278610229492,0.615399956703186,1.092619619178772,-0.615399956703186,nan,0.0,nan,0.0,nan,0.0,0.6035599708557129,1.1025422836685181,nan,0.0,nan,0.0,60000,1,False,,,12,-1.092619619178772,65659d72cf4c414eb84416aaab06195d,2019-05-30_14-27-03,1559251623,8.786024808883667,106.22449254989624,26972,steropes,169.229.49.254,"{'starting_lr': 0.005, 'momentum': 0.997, 'weight_decay': 0.0005, 'steps_per_iteration': None, 'pin': False, 'model_creator': None, 'target_batch_size': 1024, 'model_string': 'resnet18', 'min_batch_size': 512, 'dataset': 'CIFAR', 'placement': None, 'use_nccl': True, 'devices_per_worker': 1, 'primary_resource': 'extra_gpu', 'gpu': False, 'verbose': False, 'lr_config': {'mode': 'log', 'steps': 5, 'initial_lr': 0.005, 'target_lr': 0.005}, 'batch_per_device': 1024}",106.22449254989624,0,12,6829.446946671753,1
0.007111644744873047,0.12132833003997803,0.005641841888427734,0.04520025545237016,0.021078109741210938,nan,0.0,0.04319131374359131,0.6261999607086182,1.0747280389785767,-0.6261999607086182,nan,0.0,nan,0.0,nan,0.0,0.6155799627304077,1.0752160905456543,nan,0.0,nan,0.0,60000,1,False,,,13,-1.0747280389785767,65659d72cf4c414eb84416aaab06195d,2019-05-30_14-27-10,1559251630,7.758168935775757,113.982661485672,26972,steropes,169.229.49.254,"{'starting_lr': 0.005, 'momentum': 0.997, 'weight_decay': 0.0005, 'steps_per_iteration': None, 'pin': False, 'model_creator': None, 'target_batch_size': 1024, 'model_string': 'resnet18', 'min_batch_size': 512, 'dataset': 'CIFAR', 'placement': None, 'use_nccl': True, 'devices_per_worker': 1, 'primary_resource': 'extra_gpu', 'gpu': False, 'verbose': False, 'lr_config': {'mode': 'log', 'steps': 5, 'initial_lr': 0.005, 'target_lr': 0.005}, 'batch_per_device': 1024}",113.982661485672,0,13,7013.993413277327,1
0.00658712387084961,0.11944749355316162,0.0044272422790527345,0.04506170019811513,0.020381712913513185,nan,0.0,0.04313375949859619,0.6354999542236328,1.0324833532333375,-0.6354999542236328,nan,0.0,nan,0.0,nan,0.0,0.6332600116729736,1.0398295169448852,nan,0.0,nan,0.0,60000,1,False,,,14,-1.0324833532333375,65659d72cf4c414eb84416aaab06195d,2019-05-30_14-27-18,1559251638,7.287438869476318,121.27010035514832,26972,steropes,169.229.49.254,"{'starting_lr': 0.005, 'momentum': 0.997, 'weight_decay': 0.0005, 'steps_per_iteration': None, 'pin': False, 'model_creator': None, 'target_batch_size': 1024, 'model_string': 'resnet18', 'min_batch_size': 512, 'dataset': 'CIFAR', 'placement': None, 'use_nccl': True, 'devices_per_worker': 1, 'primary_resource': 'extra_gpu', 'gpu': False, 'verbose': False, 'lr_config': {'mode': 'log', 'steps': 5, 'initial_lr': 0.005, 'target_lr': 0.005}, 'batch_per_device': 1024}",121.27010035514832,0,14,7234.257497650589,1
0.006710195541381836,0.11650116443634033,0.004644989967346191,0.045863385103186785,0.02125985622406006,nan,0.0,0.0419696569442749,0.6424999833106995,1.003811964416504,-0.6424999833106995,nan,0.0,nan,0.0,nan,0.0,0.6378799676895142,1.0112066927337646,nan,0.0,nan,0.0,60000,1,False,,,15,-1.003811964416504,65659d72cf4c414eb84416aaab06195d,2019-05-30_14-27-25,1559251645,7.270502328872681,128.540602684021,26972,steropes,169.229.49.254,"{'starting_lr': 0.005, 'momentum': 0.997, 'weight_decay': 0.0005, 'steps_per_iteration': None, 'pin': False, 'model_creator': None, 'target_batch_size': 1024, 'model_string': 'resnet18', 'min_batch_size': 512, 'dataset': 'CIFAR', 'placement': None, 'use_nccl': True, 'devices_per_worker': 1, 'primary_resource': 'extra_gpu', 'gpu': False, 'verbose': False, 'lr_config': {'mode': 'log', 'steps': 5, 'initial_lr': 0.005, 'target_lr': 0.005}, 'batch_per_device': 1024}",128.540602684021,0,15,7525.875589235232,1
0.007166337966918945,0.11782779693603515,0.004555034637451172,0.04610820205844179,0.02116372585296631,nan,0.0,0.043210935592651364,0.6624999642372131,0.9711083567619324,-0.6624999642372131,nan,0.0,nan,0.0,nan,0.0,0.6492800116539001,0.9796216781997681,nan,0.0,nan,0.0,60000,1,False,,,16,-0.9711083567619324,65659d72cf4c414eb84416aaab06195d,2019-05-30_14-27-32,1559251652,7.371031045913696,135.9116337299347,26972,steropes,169.229.49.254,"{'starting_lr': 0.005, 'momentum': 0.997, 'weight_decay': 0.0005, 'steps_per_iteration': None, 'pin': False, 'model_creator': None, 'target_batch_size': 1024, 'model_string': 'resnet18', 'min_batch_size': 512, 'dataset': 'CIFAR', 'placement': None, 'use_nccl': True, 'devices_per_worker': 1, 'primary_resource': 'extra_gpu', 'gpu': False, 'verbose': False, 'lr_config': {'mode': 'log', 'steps': 5, 'initial_lr': 0.005, 'target_lr': 0.005}, 'batch_per_device': 1024}",135.9116337299347,0,16,7797.545475646009,1
0.006712579727172851,0.1165985107421875,0.005042433738708496,0.044824566159929545,0.020760369300842286,nan,0.0,0.04319055080413818,0.6654999852180481,0.9493454057693481,-0.6654999852180481,nan,0.0,nan,0.0,nan,0.0,0.6588999629020691,0.9494955668830871,nan,0.0,nan,0.0,60000,1,False,,,17,-0.9493454057693481,65659d72cf4c414eb84416aaab06195d,2019-05-30_14-27-40,1559251660,7.348310947418213,143.2599446773529,26972,steropes,169.229.49.254,"{'starting_lr': 0.005, 'momentum': 0.997, 'weight_decay': 0.0005, 'steps_per_iteration': None, 'pin': False, 'model_creator': None, 'target_batch_size': 1024, 'model_string': 'resnet18', 'min_batch_size': 512, 'dataset': 'CIFAR', 'placement': None, 'use_nccl': True, 'devices_per_worker': 1, 'primary_resource': 'extra_gpu', 'gpu': False, 'verbose': False, 'lr_config': {'mode': 'log', 'steps': 5, 'initial_lr': 0.005, 'target_lr': 0.005}, 'batch_per_device': 1024}",143.2599446773529,0,17,8100.259446371623,1
0.00675971508026123,0.11762430667877197,0.004892396926879883,0.04524481539823571,0.020835256576538085,nan,0.0,0.04305756092071533,0.6747999787330627,0.9326242060661316,-0.6747999787330627,nan,0.0,nan,0.0,nan,0.0,0.6666399836540222,0.9229309384918213,nan,0.0,nan,0.0,60000,1,False,,,18,-0.9326242060661316,65659d72cf4c414eb84416aaab06195d,2019-05-30_14-27-47,1559251667,7.307805776596069,150.56775045394897,26972,steropes,169.229.49.254,"{'starting_lr': 0.005, 'momentum': 0.997, 'weight_decay': 0.0005, 'steps_per_iteration': None, 'pin': False, 'model_creator': None, 'target_batch_size': 1024, 'model_string': 'resnet18', 'min_batch_size': 512, 'dataset': 'CIFAR', 'placement': None, 'use_nccl': True, 'devices_per_worker': 1, 'primary_resource': 'extra_gpu', 'gpu': False, 'verbose': False, 'lr_config': {'mode': 'log', 'steps': 5, 'initial_lr': 0.005, 'target_lr': 0.005}, 'batch_per_device': 1024}",150.56775045394897,0,18,8199.974528614328,1
0.006665706634521484,0.11679832935333252,0.005238962173461914,0.04756231697238222,0.021210145950317384,nan,0.0,0.04238505363464355,0.6789000034332275,0.912250786781311,-0.6789000034332275,nan,0.0,nan,0.0,nan,0.0,0.6809799671173096,0.8974657753753662,nan,0.0,nan,0.0,60000,1,False,,,19,-0.912250786781311,65659d72cf4c414eb84416aaab06195d,2019-05-30_14-27-54,1559251674,7.377923250198364,157.94567370414734,26972,steropes,169.229.49.254,"{'starting_lr': 0.005, 'momentum': 0.997, 'weight_decay': 0.0005, 'steps_per_iteration': None, 'pin': False, 'model_creator': None, 'target_batch_size': 1024, 'model_string': 'resnet18', 'min_batch_size': 512, 'dataset': 'CIFAR', 'placement': None, 'use_nccl': True, 'devices_per_worker': 1, 'primary_resource': 'extra_gpu', 'gpu': False, 'verbose': False, 'lr_config': {'mode': 'log', 'steps': 5, 'initial_lr': 0.005, 'target_lr': 0.005}, 'batch_per_device': 1024}",157.94567370414734,0,19,8179.738965366881,1
0.007034015655517578,0.11774263381958008,0.004559135437011719,0.04607896415554747,0.02083876132965088,nan,0.0,0.0424614429473877,0.6775999665260315,0.9125281930923462,-0.6775999665260315,nan,0.0,nan,0.0,nan,0.0,0.6914799809455872,0.8678945219230652,nan,0.0,nan,0.0,60000,1,False,,,20,-0.9125281930923462,65659d72cf4c414eb84416aaab06195d,2019-05-30_14-28-02,1559251682,7.305557012557983,165.25123071670532,26972,steropes,169.229.49.254,"{'starting_lr': 0.005, 'momentum': 0.997, 'weight_decay': 0.0005, 'steps_per_iteration': None, 'pin': False, 'model_creator': None, 'target_batch_size': 1024, 'model_string': 'resnet18', 'min_batch_size': 512, 'dataset': 'CIFAR', 'placement': None, 'use_nccl': True, 'devices_per_worker': 1, 'primary_resource': 'extra_gpu', 'gpu': False, 'verbose': False, 'lr_config': {'mode': 'log', 'steps': 5, 'initial_lr': 0.005, 'target_lr': 0.005}, 'batch_per_device': 1024}",165.25123071670532,0,20,8171.926959568467,1
0.007082033157348633,0.11738121509552002,0.005040264129638672,0.04553944237378179,0.021241164207458495,nan,0.0,0.04285752773284912,0.6962999701499939,0.8658848487854004,-0.6962999701499939,nan,0.0,nan,0.0,nan,0.0,0.6966599822044373,0.8491930465126037,nan,0.0,nan,0.0,60000,1,False,,,21,-0.8658848487854004,65659d72cf4c414eb84416aaab06195d,2019-05-30_14-28-09,1559251689,7.303955793380737,172.55518651008606,26972,steropes,169.229.49.254,"{'starting_lr': 0.005, 'momentum': 0.997, 'weight_decay': 0.0005, 'steps_per_iteration': None, 'pin': False, 'model_creator': None, 'target_batch_size': 1024, 'model_string': 'resnet18', 'min_batch_size': 512, 'dataset': 'CIFAR', 'placement': None, 'use_nccl': True, 'devices_per_worker': 1, 'primary_resource': 'extra_gpu', 'gpu': False, 'verbose': False, 'lr_config': {'mode': 'log', 'steps': 5, 'initial_lr': 0.005, 'target_lr': 0.005}, 'batch_per_device': 1024}",172.55518651008606,0,21,8186.886979940763,1
0.006799674034118653,0.11645698547363281,0.004720258712768555,0.04641943561787508,0.020700478553771974,nan,0.0,0.0421492338180542,0.7060999870300293,0.8388733881950379,-0.7060999870300293,nan,0.0,nan,0.0,nan,0.0,0.7075999975204468,0.8199289205932617,nan,0.0,nan,0.0,60000,1,False,,,22,-0.8388733881950379,65659d72cf4c414eb84416aaab06195d,2019-05-30_14-28-16,1559251696,7.352205038070679,179.90739154815674,26972,steropes,169.229.49.254,"{'starting_lr': 0.005, 'momentum': 0.997, 'weight_decay': 0.0005, 'steps_per_iteration': None, 'pin': False, 'model_creator': None, 'target_batch_size': 1024, 'model_string': 'resnet18', 'min_batch_size': 512, 'dataset': 'CIFAR', 'placement': None, 'use_nccl': True, 'devices_per_worker': 1, 'primary_resource': 'extra_gpu', 'gpu': False, 'verbose': False, 'lr_config': {'mode': 'log', 'steps': 5, 'initial_lr': 0.005, 'target_lr': 0.005}, 'batch_per_device': 1024}",179.90739154815674,0,22,8186.015521686551,1
0.006789851188659668,0.11563398838043212,0.0046396970748901365,0.046429308093324,0.020583057403564455,nan,0.0,0.042578268051147464,0.7093999981880188,0.8268725580215454,-0.7093999981880188,nan,0.0,nan,0.0,nan,0.0,0.716219961643219,0.7921044749832153,nan,0.0,nan,0.0,60000,1,False,,,23,-0.8268725580215454,65659d72cf4c414eb84416aaab06195d,2019-05-30_14-28-24,1559251704,7.318995475769043,187.22638702392578,26972,steropes,169.229.49.254,"{'starting_lr': 0.005, 'momentum': 0.997, 'weight_decay': 0.0005, 'steps_per_iteration': None, 'pin': False, 'model_creator': None, 'target_batch_size': 1024, 'model_string': 'resnet18', 'min_batch_size': 512, 'dataset': 'CIFAR', 'placement': None, 'use_nccl': True, 'devices_per_worker': 1, 'primary_resource': 'extra_gpu', 'gpu': False, 'verbose': False, 'lr_config': {'mode': 'log', 'steps': 5, 'initial_lr': 0.005, 'target_lr': 0.005}, 'batch_per_device': 1024}",187.22638702392578,0,23,8183.517592214476,1
0.006690120697021485,0.11833021640777588,0.004779005050659179,0.048207818245401185,0.020776653289794923,nan,0.0,0.04209368228912354,0.7193999886512756,0.8019985299110413,-0.7193999886512756,nan,0.0,nan,0.0,nan,0.0,0.726099967956543,0.7758665889167785,nan,0.0,nan,0.0,60000,1,False,,,24,-0.8019985299110413,65659d72cf4c414eb84416aaab06195d,2019-05-30_14-28-31,1559251711,7.441987037658691,194.66837406158447,26972,steropes,169.229.49.254,"{'starting_lr': 0.005, 'momentum': 0.997, 'weight_decay': 0.0005, 'steps_per_iteration': None, 'pin': False, 'model_creator': None, 'target_batch_size': 1024, 'model_string': 'resnet18', 'min_batch_size': 512, 'dataset': 'CIFAR', 'placement': None, 'use_nccl': True, 'devices_per_worker': 1, 'primary_resource': 'extra_gpu', 'gpu': False, 'verbose': False, 'lr_config': {'mode': 'log', 'steps': 5, 'initial_lr': 0.005, 'target_lr': 0.005}, 'batch_per_device': 1024}",194.66837406158447,0,24,8169.244611682308,1
0.006703019142150879,0.11668996810913086,0.004695367813110351,0.04602085327615543,0.020627880096435548,nan,0.0,0.04366245269775391,0.7257999777793884,0.7879376909255982,-0.7257999777793884,nan,0.0,nan,0.0,nan,0.0,0.7332599759101868,0.7514620212936401,nan,0.0,nan,0.0,60000,1,False,,,25,-0.7879376909255982,65659d72cf4c414eb84416aaab06195d,2019-05-30_14-28-39,1559251719,7.341491460800171,202.00986552238464,26972,steropes,169.229.49.254,"{'starting_lr': 0.005, 'momentum': 0.997, 'weight_decay': 0.0005, 'steps_per_iteration': None, 'pin': False, 'model_creator': None, 'target_batch_size': 1024, 'model_string': 'resnet18', 'min_batch_size': 512, 'dataset': 'CIFAR', 'placement': None, 'use_nccl': True, 'devices_per_worker': 1, 'primary_resource': 'extra_gpu', 'gpu': False, 'verbose': False, 'lr_config': {'mode': 'log', 'steps': 5, 'initial_lr': 0.005, 'target_lr': 0.005}, 'batch_per_device': 1024}",202.00986552238464,0,25,8161.259944939033,1
0.006678295135498047,0.11753804683685302,0.004577851295471192,0.0467442444392613,0.020577073097229004,nan,0.0,0.04316291809082031,0.717199981212616,0.8135108208656311,-0.717199981212616,nan,0.0,nan,0.0,nan,0.0,0.7351399660110474,0.7398801450157165,nan,0.0,nan,0.0,60000,1,False,,,26,-0.8135108208656311,65659d72cf4c414eb84416aaab06195d,2019-05-30_14-28-46,1559251726,7.3335487842559814,209.34341430664062,26972,steropes,169.229.49.254,"{'starting_lr': 0.005, 'momentum': 0.997, 'weight_decay': 0.0005, 'steps_per_iteration': None, 'pin': False, 'model_creator': None, 'target_batch_size': 1024, 'model_string': 'resnet18', 'min_batch_size': 512, 'dataset': 'CIFAR', 'placement': None, 'use_nccl': True, 'devices_per_worker': 1, 'primary_resource': 'extra_gpu', 'gpu': False, 'verbose': False, 'lr_config': {'mode': 'log', 'steps': 5, 'initial_lr': 0.005, 'target_lr': 0.005}, 'batch_per_device': 1024}",209.34341430664062,0,26,8154.695136634904,1
0.006597065925598144,0.11759753227233886,0.0045364141464233395,0.0480526758700001,0.020453429222106932,nan,0.0,0.042111444473266604,0.7252999544143677,0.7887662828445434,-0.7252999544143677,nan,0.0,nan,0.0,nan,0.0,0.7446199655532837,0.7173900674247742,nan,0.0,nan,0.0,60000,1,False,,,27,-0.7887662828445434,65659d72cf4c414eb84416aaab06195d,2019-05-30_14-28-53,1559251733,7.403404951095581,216.7468192577362,26972,steropes,169.229.49.254,"{'starting_lr': 0.005, 'momentum': 0.997, 'weight_decay': 0.0005, 'steps_per_iteration': None, 'pin': False, 'model_creator': None, 'target_batch_size': 1024, 'model_string': 'resnet18', 'min_batch_size': 512, 'dataset': 'CIFAR', 'placement': None, 'use_nccl': True, 'devices_per_worker': 1, 'primary_resource': 'extra_gpu', 'gpu': False, 'verbose': False, 'lr_config': {'mode': 'log', 'steps': 5, 'initial_lr': 0.005, 'target_lr': 0.005}, 'batch_per_device': 1024}",216.7468192577362,0,27,8143.3634964341,1
0.007021570205688476,0.12523987293243408,0.005038666725158692,0.04817536412453165,0.020667076110839844,nan,0.0,0.04189841747283936,0.7329999804496765,0.7686436944961548,-0.7329999804496765,nan,0.0,nan,0.0,nan,0.0,0.7516399621963501,0.7025203206443786,nan,0.0,nan,0.0,60000,1,False,,,28,-0.7686436944961548,65659d72cf4c414eb84416aaab06195d,2019-05-30_14-29-01,1559251741,7.491575717926025,224.23839497566223,26972,steropes,169.229.49.254,"{'starting_lr': 0.005, 'momentum': 0.997, 'weight_decay': 0.0005, 'steps_per_iteration': None, 'pin': False, 'model_creator': None, 'target_batch_size': 1024, 'model_string': 'resnet18', 'min_batch_size': 512, 'dataset': 'CIFAR', 'placement': None, 'use_nccl': True, 'devices_per_worker': 1, 'primary_resource': 'extra_gpu', 'gpu': False, 'verbose': False, 'lr_config': {'mode': 'log', 'steps': 5, 'initial_lr': 0.005, 'target_lr': 0.005}, 'batch_per_device': 1024}",224.23839497566223,0,28,8105.390263936555,1
0.006671094894409179,0.11760962009429932,0.004399561882019043,0.04737546006027533,0.020461153984069825,nan,0.0,0.04320149421691895,0.7404999732971191,0.7528125589370728,-0.7404999732971191,nan,0.0,nan,0.0,nan,0.0,0.7550199627876282,0.6906216965293884,nan,0.0,nan,0.0,60000,1,False,,,29,-0.7528125589370728,65659d72cf4c414eb84416aaab06195d,2019-05-30_14-29-08,1559251748,7.382930755615234,231.62132573127747,26972,steropes,169.229.49.254,"{'starting_lr': 0.005, 'momentum': 0.997, 'weight_decay': 0.0005, 'steps_per_iteration': None, 'pin': False, 'model_creator': None, 'target_batch_size': 1024, 'model_string': 'resnet18', 'min_batch_size': 512, 'dataset': 'CIFAR', 'placement': None, 'use_nccl': True, 'devices_per_worker': 1, 'primary_resource': 'extra_gpu', 'gpu': False, 'verbose': False, 'lr_config': {'mode': 'log', 'steps': 5, 'initial_lr': 0.005, 'target_lr': 0.005}, 'batch_per_device': 1024}",231.62132573127747,0,29,8118.343736613358,1
0.006911325454711914,0.12399156093597412,0.0050699710845947266,0.04817981622656997,0.02041306495666504,nan,0.0,0.0423452615737915,0.7479000091552734,0.7337300526618957,-0.7479000091552734,nan,0.0,nan,0.0,nan,0.0,0.765720009803772,0.659844543132782,nan,0.0,nan,0.0,60000,1,False,,,30,-0.7337300526618957,65659d72cf4c414eb84416aaab06195d,2019-05-30_14-29-16,1559251756,7.508048057556152,239.12937378883362,26972,steropes,169.229.49.254,"{'starting_lr': 0.005, 'momentum': 0.997, 'weight_decay': 0.0005, 'steps_per_iteration': None, 'pin': False, 'model_creator': None, 'target_batch_size': 1024, 'model_string': 'resnet18', 'min_batch_size': 512, 'dataset': 'CIFAR', 'placement': None, 'use_nccl': True, 'devices_per_worker': 1, 'primary_resource': 'extra_gpu', 'gpu': False, 'verbose': False, 'lr_config': {'mode': 'log', 'steps': 5, 'initial_lr': 0.005, 'target_lr': 0.005}, 'batch_per_device': 1024}",239.12937378883362,0,30,8081.91869007541,1
0.0066929817199707035,0.11821603775024414,0.004319024085998535,0.04652818854974241,0.02012364864349365,nan,0.0,0.04208240509033203,0.7452999949455261,0.7396566628456116,-0.7452999949455261,nan,0.0,nan,0.0,nan,0.0,0.7677399516105652,0.651911510925293,nan,0.0,nan,0.0,60000,1,False,,,31,-0.7396566628456116,65659d72cf4c414eb84416aaab06195d,2019-05-30_14-29-23,1559251763,7.28843879699707,246.4178125858307,26972,steropes,169.229.49.254,"{'starting_lr': 0.005, 'momentum': 0.997, 'weight_decay': 0.0005, 'steps_per_iteration': None, 'pin': False, 'model_creator': None, 'target_batch_size': 1024, 'model_string': 'resnet18', 'min_batch_size': 512, 'dataset': 'CIFAR', 'placement': None, 'use_nccl': True, 'devices_per_worker': 1, 'primary_resource': 'extra_gpu', 'gpu': False, 'verbose': False, 'lr_config': {'mode': 'log', 'steps': 5, 'initial_lr': 0.005, 'target_lr': 0.005}, 'batch_per_device': 1024}",246.4178125858307,0,31,8091.752510870744,1
0.006510186195373535,0.11661300659179688,0.004344797134399414,0.04745885304042271,0.01981673240661621,nan,0.0,0.04251222610473633,0.7498999834060669,0.7106099076271057,-0.7498999834060669,nan,0.0,nan,0.0,nan,0.0,0.7768999934196472,0.6337927119636536,nan,0.0,nan,0.0,60000,1,False,,,32,-0.7106099076271057,65659d72cf4c414eb84416aaab06195d,2019-05-30_14-29-30,1559251770,7.340754270553589,253.75856685638428,26972,steropes,169.229.49.254,"{'starting_lr': 0.005, 'momentum': 0.997, 'weight_decay': 0.0005, 'steps_per_iteration': None, 'pin': False, 'model_creator': None, 'target_batch_size': 1024, 'model_string': 'resnet18', 'min_batch_size': 512, 'dataset': 'CIFAR', 'placement': None, 'use_nccl': True, 'devices_per_worker': 1, 'primary_resource': 'extra_gpu', 'gpu': False, 'verbose': False, 'lr_config': {'mode': 'log', 'steps': 5, 'initial_lr': 0.005, 'target_lr': 0.005}, 'batch_per_device': 1024}",253.75856685638428,0,32,8105.450464316791,1
0.006589198112487793,0.11635370254516601,0.004549717903137207,0.047037956665973275,0.02011096477508545,nan,0.0,0.04204592704772949,0.7541999816894531,0.7131670406341553,-0.7541999816894531,nan,0.0,nan,0.0,nan,0.0,0.7784199714660645,0.6197926390647888,nan,0.0,nan,0.0,60000,1,False,,,33,-0.7131670406341553,65659d72cf4c414eb84416aaab06195d,2019-05-30_14-29-38,1559251778,7.257649183273315,261.0162160396576,26972,steropes,169.229.49.254,"{'starting_lr': 0.005, 'momentum': 0.997, 'weight_decay': 0.0005, 'steps_per_iteration': None, 'pin': False, 'model_creator': None, 'target_batch_size': 1024, 'model_string': 'resnet18', 'min_batch_size': 512, 'dataset': 'CIFAR', 'placement': None, 'use_nccl': True, 'devices_per_worker': 1, 'primary_resource': 'extra_gpu', 'gpu': False, 'verbose': False, 'lr_config': {'mode': 'log', 'steps': 5, 'initial_lr': 0.005, 'target_lr': 0.005}, 'batch_per_device': 1024}",261.0162160396576,0,33,8157.007341299606,1
0.006710648536682129,0.11545183658599853,0.00441446304321289,0.047938697192133686,0.020225787162780763,nan,0.0,0.04189245700836182,0.7530999779701233,0.7097486266136169,-0.7530999779701233,nan,0.0,nan,0.0,nan,0.0,0.7809000015258789,0.6155283937454223,nan,0.0,nan,0.0,60000,1,False,,,34,-0.7097486266136169,65659d72cf4c414eb84416aaab06195d,2019-05-30_14-29-45,1559251785,7.315128326416016,268.3313443660736,26972,steropes,169.229.49.254,"{'starting_lr': 0.005, 'momentum': 0.997, 'weight_decay': 0.0005, 'steps_per_iteration': None, 'pin': False, 'model_creator': None, 'target_batch_size': 1024, 'model_string': 'resnet18', 'min_batch_size': 512, 'dataset': 'CIFAR', 'placement': None, 'use_nccl': True, 'devices_per_worker': 1, 'primary_resource': 'extra_gpu', 'gpu': False, 'verbose': False, 'lr_config': {'mode': 'log', 'steps': 5, 'initial_lr': 0.005, 'target_lr': 0.005}, 'batch_per_device': 1024}",268.3313443660736,0,34,8172.074609335343,1
0.006976962089538574,0.11761386394500732,0.004565811157226563,0.04697680473327637,0.020336604118347167,nan,0.0,0.04239182472229004,0.7513999938964844,0.7169427483558655,-0.7513999938964844,nan,0.0,nan,0.0,nan,0.0,0.7848399877548218,0.6002832894325256,nan,0.0,nan,0.0,60000,1,False,,,35,-0.7169427483558655,65659d72cf4c414eb84416aaab06195d,2019-05-30_14-29-52,1559251792,7.298110485076904,275.6294548511505,26972,steropes,169.229.49.254,"{'starting_lr': 0.005, 'momentum': 0.997, 'weight_decay': 0.0005, 'steps_per_iteration': None, 'pin': False, 'model_creator': None, 'target_batch_size': 1024, 'model_string': 'resnet18', 'min_batch_size': 512, 'dataset': 'CIFAR', 'placement': None, 'use_nccl': True, 'devices_per_worker': 1, 'primary_resource': 'extra_gpu', 'gpu': False, 'verbose': False, 'lr_config': {'mode': 'log', 'steps': 5, 'initial_lr': 0.005, 'target_lr': 0.005}, 'batch_per_device': 1024}",275.6294548511505,0,35,8219.076720872325,1
0.006673979759216309,0.11600222587585449,0.004514098167419434,0.04732168450647471,0.0205458402633667,nan,0.0,0.041581583023071286,0.7536999583244324,0.7066556012153625,-0.7536999583244324,nan,0.0,nan,0.0,nan,0.0,0.7888399958610535,0.5938904456520081,nan,0.0,nan,0.0,60000,1,False,,,36,-0.7066556012153625,65659d72cf4c414eb84416aaab06195d,2019-05-30_14-29-59,1559251799,7.303442716598511,282.932897567749,26972,steropes,169.229.49.254,"{'starting_lr': 0.005, 'momentum': 0.997, 'weight_decay': 0.0005, 'steps_per_iteration': None, 'pin': False, 'model_creator': None, 'target_batch_size': 1024, 'model_string': 'resnet18', 'min_batch_size': 512, 'dataset': 'CIFAR', 'placement': None, 'use_nccl': True, 'devices_per_worker': 1, 'primary_resource': 'extra_gpu', 'gpu': False, 'verbose': False, 'lr_config': {'mode': 'log', 'steps': 5, 'initial_lr': 0.005, 'target_lr': 0.005}, 'batch_per_device': 1024}",282.932897567749,0,36,8215.699458092382,1
0.006546187400817871,0.11612088680267334,0.004274392127990722,0.045452200636571766,0.02006874084472656,nan,0.0,0.0421980619430542,0.7665999531745911,0.6716755654335022,-0.7665999531745911,nan,0.0,nan,0.0,nan,0.0,0.7938599586486816,0.5836455635070801,nan,0.0,nan,0.0,60000,1,False,,,37,-0.6716755654335022,65659d72cf4c414eb84416aaab06195d,2019-05-30_14-30-07,1559251807,7.225334405899048,290.15823197364807,26972,steropes,169.229.49.254,"{'starting_lr': 0.005, 'momentum': 0.997, 'weight_decay': 0.0005, 'steps_per_iteration': None, 'pin': False, 'model_creator': None, 'target_batch_size': 1024, 'model_string': 'resnet18', 'min_batch_size': 512, 'dataset': 'CIFAR', 'placement': None, 'use_nccl': True, 'devices_per_worker': 1, 'primary_resource': 'extra_gpu', 'gpu': False, 'verbose': False, 'lr_config': {'mode': 'log', 'steps': 5, 'initial_lr': 0.005, 'target_lr': 0.005}, 'batch_per_device': 1024}",290.15823197364807,0,37,8241.749744812147,1
0.006564807891845703,0.1186438798904419,0.004311800003051758,0.047871998378208706,0.020304107666015626,nan,0.0,0.04192874431610107,0.7619999647140503,0.696230883026123,-0.7619999647140503,nan,0.0,nan,0.0,nan,0.0,0.7926999926567078,0.5840058963394165,nan,0.0,nan,0.0,60000,1,False,,,38,-0.696230883026123,65659d72cf4c414eb84416aaab06195d,2019-05-30_14-30-14,1559251814,7.338316440582275,297.49654841423035,26972,steropes,169.229.49.254,"{'starting_lr': 0.005, 'momentum': 0.997, 'weight_decay': 0.0005, 'steps_per_iteration': None, 'pin': False, 'model_creator': None, 'target_batch_size': 1024, 'model_string': 'resnet18', 'min_batch_size': 512, 'dataset': 'CIFAR', 'placement': None, 'use_nccl': True, 'devices_per_worker': 1, 'primary_resource': 'extra_gpu', 'gpu': False, 'verbose': False, 'lr_config': {'mode': 'log', 'steps': 5, 'initial_lr': 0.005, 'target_lr': 0.005}, 'batch_per_device': 1024}",297.49654841423035,0,38,8223.525065369247,1
0.006534075736999512,0.117183518409729,0.0043768644332885746,0.04858604255987673,0.019946813583374023,nan,0.0,0.041307377815246585,0.7692999839782715,0.6639460683822632,-0.7692999839782715,nan,0.0,nan,0.0,nan,0.0,0.7973600029945374,0.5716206094551086,nan,0.0,nan,0.0,60000,1,False,,,39,-0.6639460683822632,65659d72cf4c414eb84416aaab06195d,2019-05-30_14-30-21,1559251821,7.3323891162872314,304.8289375305176,26972,steropes,169.229.49.254,"{'starting_lr': 0.005, 'momentum': 0.997, 'weight_decay': 0.0005, 'steps_per_iteration': None, 'pin': False, 'model_creator': None, 'target_batch_size': 1024, 'model_string': 'resnet18', 'min_batch_size': 512, 'dataset': 'CIFAR', 'placement': None, 'use_nccl': True, 'devices_per_worker': 1, 'primary_resource': 'extra_gpu', 'gpu': False, 'verbose': False, 'lr_config': {'mode': 'log', 'steps': 5, 'initial_lr': 0.005, 'target_lr': 0.005}, 'batch_per_device': 1024}",304.8289375305176,0,39,8219.63584988252,1
0.006765007972717285,0.11750352382659912,0.004360175132751465,0.04818155327621771,0.02006397247314453,nan,0.0,0.042356324195861814,0.7720999717712402,0.6493922372817993,-0.7720999717712402,nan,0.0,nan,0.0,nan,0.0,0.8045399785041809,0.5519469303512573,nan,0.0,nan,0.0,60000,1,False,,,40,-0.6493922372817993,65659d72cf4c414eb84416aaab06195d,2019-05-30_14-30-29,1559251829,7.353410720825195,312.1823482513428,26972,steropes,169.229.49.254,"{'starting_lr': 0.005, 'momentum': 0.997, 'weight_decay': 0.0005, 'steps_per_iteration': None, 'pin': False, 'model_creator': None, 'target_batch_size': 1024, 'model_string': 'resnet18', 'min_batch_size': 512, 'dataset': 'CIFAR', 'placement': None, 'use_nccl': True, 'devices_per_worker': 1, 'primary_resource': 'extra_gpu', 'gpu': False, 'verbose': False, 'lr_config': {'mode': 'log', 'steps': 5, 'initial_lr': 0.005, 'target_lr': 0.005}, 'batch_per_device': 1024}",312.1823482513428,0,40,8207.200954423985,1
0.0068561315536499025,0.11838514804840088,0.004439687728881836,0.04753969153579401,0.020731735229492187,nan,0.0,0.04189424514770508,0.7718999981880188,0.6782799916267395,-0.7718999981880188,nan,0.0,nan,0.0,nan,0.0,0.8119999766349792,0.5381483884620667,nan,0.0,nan,0.0,60000,1,False,,,41,-0.6782799916267395,65659d72cf4c414eb84416aaab06195d,2019-05-30_14-30-36,1559251836,7.333990097045898,319.5163383483887,26972,steropes,169.229.49.254,"{'starting_lr': 0.005, 'momentum': 0.997, 'weight_decay': 0.0005, 'steps_per_iteration': None, 'pin': False, 'model_creator': None, 'target_batch_size': 1024, 'model_string': 'resnet18', 'min_batch_size': 512, 'dataset': 'CIFAR', 'placement': None, 'use_nccl': True, 'devices_per_worker': 1, 'primary_resource': 'extra_gpu', 'gpu': False, 'verbose': False, 'lr_config': {'mode': 'log', 'steps': 5, 'initial_lr': 0.005, 'target_lr': 0.005}, 'batch_per_device': 1024}",319.5163383483887,0,41,8200.34710983252,1
0.00696866512298584,0.11805222034454346,0.004346108436584473,0.04685673421742965,0.02095153331756592,nan,0.0,0.0414348840713501,0.7716000080108643,0.666936456489563,-0.7716000080108643,nan,0.0,nan,0.0,nan,0.0,0.8098999857902527,0.5376066998100281,nan,0.0,nan,0.0,60000,1,False,,,42,-0.666936456489563,65659d72cf4c414eb84416aaab06195d,2019-05-30_14-30-43,1559251843,7.259077310562134,326.7754156589508,26972,steropes,169.229.49.254,"{'starting_lr': 0.005, 'momentum': 0.997, 'weight_decay': 0.0005, 'steps_per_iteration': None, 'pin': False, 'model_creator': None, 'target_batch_size': 1024, 'model_string': 'resnet18', 'min_batch_size': 512, 'dataset': 'CIFAR', 'placement': None, 'use_nccl': True, 'devices_per_worker': 1, 'primary_resource': 'extra_gpu', 'gpu': False, 'verbose': False, 'lr_config': {'mode': 'log', 'steps': 5, 'initial_lr': 0.005, 'target_lr': 0.005}, 'batch_per_device': 1024}",326.7754156589508,0,42,8192.788182493312,1
0.0065212249755859375,0.11691100597381592,0.004384398460388184,0.04843345466925173,0.0198822021484375,nan,0.0,0.04283750057220459,0.7744999527931213,0.6654999137878418,-0.7744999527931213,nan,0.0,nan,0.0,nan,0.0,0.8100799918174744,0.5343793344688416,nan,0.0,nan,0.0,60000,1,False,,,43,-0.6654999137878418,65659d72cf4c414eb84416aaab06195d,2019-05-30_14-30-51,1559251851,7.355548858642578,334.1309645175934,26972,steropes,169.229.49.254,"{'starting_lr': 0.005, 'momentum': 0.997, 'weight_decay': 0.0005, 'steps_per_iteration': None, 'pin': False, 'model_creator': None, 'target_batch_size': 1024, 'model_string': 'resnet18', 'min_batch_size': 512, 'dataset': 'CIFAR', 'placement': None, 'use_nccl': True, 'devices_per_worker': 1, 'primary_resource': 'extra_gpu', 'gpu': False, 'verbose': False, 'lr_config': {'mode': 'log', 'steps': 5, 'initial_lr': 0.005, 'target_lr': 0.005}, 'batch_per_device': 1024}",334.1309645175934,0,43,8188.933041984985,1
0.006718206405639649,0.1191784381866455,0.004479813575744629,0.04617402018332968,0.02028932571411133,nan,0.0,0.04242925643920899,0.7784000039100647,0.6433138353347778,-0.7784000039100647,nan,0.0,nan,0.0,nan,0.0,0.8151999711990356,0.5247599410438537,nan,0.0,nan,0.0,60000,1,False,,,44,-0.6433138353347778,65659d72cf4c414eb84416aaab06195d,2019-05-30_14-30-58,1559251858,7.296082973480225,341.4270474910736,26972,steropes,169.229.49.254,"{'starting_lr': 0.005, 'momentum': 0.997, 'weight_decay': 0.0005, 'steps_per_iteration': None, 'pin': False, 'model_creator': None, 'target_batch_size': 1024, 'model_string': 'resnet18', 'min_batch_size': 512, 'dataset': 'CIFAR', 'placement': None, 'use_nccl': True, 'devices_per_worker': 1, 'primary_resource': 'extra_gpu', 'gpu': False, 'verbose': False, 'lr_config': {'mode': 'log', 'steps': 5, 'initial_lr': 0.005, 'target_lr': 0.005}, 'batch_per_device': 1024}",341.4270474910736,0,44,8197.054957289482,1
0.0066594362258911135,0.11748530864715576,0.0044147253036499025,0.04780261370600486,0.020430803298950195,nan,0.0,0.041640615463256835,0.777999997138977,0.6376144876480102,-0.777999997138977,nan,0.0,nan,0.0,nan,0.0,0.8196600079536438,0.5157092472839355,nan,0.0,nan,0.0,60000,1,False,,,45,-0.6376144876480102,65659d72cf4c414eb84416aaab06195d,2019-05-30_14-31-05,1559251865,7.361161231994629,348.78820872306824,26972,steropes,169.229.49.254,"{'starting_lr': 0.005, 'momentum': 0.997, 'weight_decay': 0.0005, 'steps_per_iteration': None, 'pin': False, 'model_creator': None, 'target_batch_size': 1024, 'model_string': 'resnet18', 'min_batch_size': 512, 'dataset': 'CIFAR', 'placement': None, 'use_nccl': True, 'devices_per_worker': 1, 'primary_resource': 'extra_gpu', 'gpu': False, 'verbose': False, 'lr_config': {'mode': 'log', 'steps': 5, 'initial_lr': 0.005, 'target_lr': 0.005}, 'batch_per_device': 1024}",348.78820872306824,0,45,8195.31755631728,1
0.006787943840026856,0.11930904388427735,0.005172824859619141,0.04745342780132683,0.020354032516479492,nan,0.0,0.042857027053833006,0.7807999849319458,0.6421991925239563,-0.7807999849319458,nan,0.0,nan,0.0,nan,0.0,0.8211399912834167,0.5061937642860412,nan,0.0,nan,0.0,60000,1,False,,,46,-0.6421991925239563,65659d72cf4c414eb84416aaab06195d,2019-05-30_14-31-13,1559251873,7.395881652832031,356.18409037590027,26972,steropes,169.229.49.254,"{'starting_lr': 0.005, 'momentum': 0.997, 'weight_decay': 0.0005, 'steps_per_iteration': None, 'pin': False, 'model_creator': None, 'target_batch_size': 1024, 'model_string': 'resnet18', 'min_batch_size': 512, 'dataset': 'CIFAR', 'placement': None, 'use_nccl': True, 'devices_per_worker': 1, 'primary_resource': 'extra_gpu', 'gpu': False, 'verbose': False, 'lr_config': {'mode': 'log', 'steps': 5, 'initial_lr': 0.005, 'target_lr': 0.005}, 'batch_per_device': 1024}",356.18409037590027,0,46,8181.484342435857,1
0.0066021203994750975,0.11732096672058105,0.0045136213302612305,0.04678733981385523,0.020303773880004882,nan,0.0,0.04236693382263183,0.7798999547958374,0.658074842453003,-0.7798999547958374,nan,0.0,nan,0.0,nan,0.0,0.8213599920272827,0.504255537033081,nan,0.0,nan,0.0,60000,1,False,,,47,-0.658074842453003,65659d72cf4c414eb84416aaab06195d,2019-05-30_14-31-20,1559251880,7.3375208377838135,363.5216112136841,26972,steropes,169.229.49.254,"{'starting_lr': 0.005, 'momentum': 0.997, 'weight_decay': 0.0005, 'steps_per_iteration': None, 'pin': False, 'model_creator': None, 'target_batch_size': 1024, 'model_string': 'resnet18', 'min_batch_size': 512, 'dataset': 'CIFAR', 'placement': None, 'use_nccl': True, 'devices_per_worker': 1, 'primary_resource': 'extra_gpu', 'gpu': False, 'verbose': False, 'lr_config': {'mode': 'log', 'steps': 5, 'initial_lr': 0.005, 'target_lr': 0.005}, 'batch_per_device': 1024}",363.5216112136841,0,47,8164.018941253319,1
0.006677985191345215,0.12291927337646484,0.004612278938293457,0.04647559049178143,0.021178436279296876,nan,0.0,0.04201328754425049,0.7766000032424927,0.6654503116607666,-0.7766000032424927,nan,0.0,nan,0.0,nan,0.0,0.827019989490509,0.48913975211143496,nan,0.0,nan,0.0,60000,1,False,,,48,-0.6654503116607666,65659d72cf4c414eb84416aaab06195d,2019-05-30_14-31-27,1559251887,7.370392322540283,370.89200353622437,26972,steropes,169.229.49.254,"{'starting_lr': 0.005, 'momentum': 0.997, 'weight_decay': 0.0005, 'steps_per_iteration': None, 'pin': False, 'model_creator': None, 'target_batch_size': 1024, 'model_string': 'resnet18', 'min_batch_size': 512, 'dataset': 'CIFAR', 'placement': None, 'use_nccl': True, 'devices_per_worker': 1, 'primary_resource': 'extra_gpu', 'gpu': False, 'verbose': False, 'lr_config': {'mode': 'log', 'steps': 5, 'initial_lr': 0.005, 'target_lr': 0.005}, 'batch_per_device': 1024}",370.89200353622437,0,48,8160.721696391843,1
0.006671023368835449,0.12025325298309326,0.004879164695739746,0.05848920102022132,0.020587468147277833,nan,0.0,0.04149141311645508,0.7831000089645386,0.6396487289428711,-0.7831000089645386,nan,0.0,nan,0.0,nan,0.0,0.8293600082397461,0.48631567169189455,nan,0.0,nan,0.0,60000,1,False,,,49,-0.6396487289428711,65659d72cf4c414eb84416aaab06195d,2019-05-30_14-31-35,1559251895,7.92810583114624,378.8201093673706,26972,steropes,169.229.49.254,"{'starting_lr': 0.005, 'momentum': 0.997, 'weight_decay': 0.0005, 'steps_per_iteration': None, 'pin': False, 'model_creator': None, 'target_batch_size': 1024, 'model_string': 'resnet18', 'min_batch_size': 512, 'dataset': 'CIFAR', 'placement': None, 'use_nccl': True, 'devices_per_worker': 1, 'primary_resource': 'extra_gpu', 'gpu': False, 'verbose': False, 'lr_config': {'mode': 'log', 'steps': 5, 'initial_lr': 0.005, 'target_lr': 0.005}, 'batch_per_device': 1024}",378.8201093673706,0,49,8022.78934424323,1
0.006862783432006836,0.11975898742675781,0.004825615882873535,0.058055464102297415,0.021213245391845704,nan,0.0,0.04198555946350098,0.788599967956543,0.6294137008666992,-0.788599967956543,nan,0.0,nan,0.0,nan,0.0,0.8309599757194519,0.48246070568084715,nan,0.0,nan,0.0,60000,1,False,,,50,-0.6294137008666992,65659d72cf4c414eb84416aaab06195d,2019-05-30_14-31-43,1559251903,7.903122186660767,386.7232315540314,26972,steropes,169.229.49.254,"{'starting_lr': 0.005, 'momentum': 0.997, 'weight_decay': 0.0005, 'steps_per_iteration': None, 'pin': False, 'model_creator': None, 'target_batch_size': 1024, 'model_string': 'resnet18', 'min_batch_size': 512, 'dataset': 'CIFAR', 'placement': None, 'use_nccl': True, 'devices_per_worker': 1, 'primary_resource': 'extra_gpu', 'gpu': False, 'verbose': False, 'lr_config': {'mode': 'log', 'steps': 5, 'initial_lr': 0.005, 'target_lr': 0.005}, 'batch_per_device': 1024}",386.7232315540314,0,50,7908.172447280739,1
0.00667572021484375,0.12195219993591308,0.004410195350646973,0.048059088843209405,0.02057650089263916,nan,0.0,0.042868852615356445,0.7901999950408936,0.6273486221313477,-0.7901999950408936,nan,0.0,nan,0.0,nan,0.0,0.8338599801063538,0.4744071608161926,nan,0.0,nan,0.0,60000,1,False,,,51,-0.6273486221313477,65659d72cf4c414eb84416aaab06195d,2019-05-30_14-31-51,1559251911,7.509894371032715,394.2331259250641,26972,steropes,169.229.49.254,"{'starting_lr': 0.005, 'momentum': 0.997, 'weight_decay': 0.0005, 'steps_per_iteration': None, 'pin': False, 'model_creator': None, 'target_batch_size': 1024, 'model_string': 'resnet18', 'min_batch_size': 512, 'dataset': 'CIFAR', 'placement': None, 'use_nccl': True, 'devices_per_worker': 1, 'primary_resource': 'extra_gpu', 'gpu': False, 'verbose': False, 'lr_config': {'mode': 'log', 'steps': 5, 'initial_lr': 0.005, 'target_lr': 0.005}, 'batch_per_device': 1024}",394.2331259250641,0,51,7884.476516380191,1
0.006940531730651856,0.12589101791381835,0.004961562156677246,0.0492636184303128,0.020305228233337403,nan,0.0,0.04237771034240723,0.7990999817848206,0.5956019504547119,-0.7990999817848206,nan,0.0,nan,0.0,nan,0.0,0.8366999626159668,0.46427101359367373,nan,0.0,nan,0.0,60000,1,False,,,52,-0.5956019504547119,65659d72cf4c414eb84416aaab06195d,2019-05-30_14-31-58,1559251918,7.537095069885254,401.77022099494934,26972,steropes,169.229.49.254,"{'starting_lr': 0.005, 'momentum': 0.997, 'weight_decay': 0.0005, 'steps_per_iteration': None, 'pin': False, 'model_creator': None, 'target_batch_size': 1024, 'model_string': 'resnet18', 'min_batch_size': 512, 'dataset': 'CIFAR', 'placement': None, 'use_nccl': True, 'devices_per_worker': 1, 'primary_resource': 'extra_gpu', 'gpu': False, 'verbose': False, 'lr_config': {'mode': 'log', 'steps': 5, 'initial_lr': 0.005, 'target_lr': 0.005}, 'batch_per_device': 1024}",401.77022099494934,0,52,7843.337552400678,1
0.007174491882324219,0.13589656352996826,0.004363512992858887,0.04942582091506647,0.02111995220184326,nan,0.0,0.042125582695007324,0.7962999939918518,0.6091498369216919,-0.7962999939918518,nan,0.0,nan,0.0,nan,0.0,0.8393599987030029,0.4587588948917389,nan,0.0,nan,0.0,60000,1,False,,,53,-0.6091498369216919,65659d72cf4c414eb84416aaab06195d,2019-05-30_14-32-06,1559251926,7.662279844284058,409.4325008392334,26972,steropes,169.229.49.254,"{'starting_lr': 0.005, 'momentum': 0.997, 'weight_decay': 0.0005, 'steps_per_iteration': None, 'pin': False, 'model_creator': None, 'target_batch_size': 1024, 'model_string': 'resnet18', 'min_batch_size': 512, 'dataset': 'CIFAR', 'placement': None, 'use_nccl': True, 'devices_per_worker': 1, 'primary_resource': 'extra_gpu', 'gpu': False, 'verbose': False, 'lr_config': {'mode': 'log', 'steps': 5, 'initial_lr': 0.005, 'target_lr': 0.005}, 'batch_per_device': 1024}",409.4325008392334,0,53,7783.936552115988,1
0.006784963607788086,0.11777119636535645,0.004543113708496094,0.04854748686965631,0.020862436294555663,nan,0.0,0.04193525314331055,0.7902999520301819,0.6410323246002197,-0.7902999520301819,nan,0.0,nan,0.0,nan,0.0,0.8418399691581726,0.4509407721710205,nan,0.0,nan,0.0,60000,1,False,,,54,-0.6410323246002197,65659d72cf4c414eb84416aaab06195d,2019-05-30_14-32-13,1559251933,7.408473014831543,416.84097385406494,26972,steropes,169.229.49.254,"{'starting_lr': 0.005, 'momentum': 0.997, 'weight_decay': 0.0005, 'steps_per_iteration': None, 'pin': False, 'model_creator': None, 'target_batch_size': 1024, 'model_string': 'resnet18', 'min_batch_size': 512, 'dataset': 'CIFAR', 'placement': None, 'use_nccl': True, 'devices_per_worker': 1, 'primary_resource': 'extra_gpu', 'gpu': False, 'verbose': False, 'lr_config': {'mode': 'log', 'steps': 5, 'initial_lr': 0.005, 'target_lr': 0.005}, 'batch_per_device': 1024}",416.84097385406494,0,54,7890.309001159156,1
0.006666994094848633,0.11853256225585937,0.004605627059936524,0.05481348718915667,0.020430970191955566,nan,0.0,0.04112133979797363,0.7961999773979187,0.6151804621696472,-0.7961999773979187,nan,0.0,nan,0.0,nan,0.0,0.8438999652862549,0.4424507743453979,nan,0.0,nan,0.0,60000,1,False,,,55,-0.6151804621696472,65659d72cf4c414eb84416aaab06195d,2019-05-30_14-32-21,1559251941,7.631902694702148,424.4728765487671,26972,steropes,169.229.49.254,"{'starting_lr': 0.005, 'momentum': 0.997, 'weight_decay': 0.0005, 'steps_per_iteration': None, 'pin': False, 'model_creator': None, 'target_batch_size': 1024, 'model_string': 'resnet18', 'min_batch_size': 512, 'dataset': 'CIFAR', 'placement': None, 'use_nccl': True, 'devices_per_worker': 1, 'primary_resource': 'extra_gpu', 'gpu': False, 'verbose': False, 'lr_config': {'mode': 'log', 'steps': 5, 'initial_lr': 0.005, 'target_lr': 0.005}, 'batch_per_device': 1024}",424.4728765487671,0,55,7946.998988072104,1
0.006559300422668457,0.1197779655456543,0.004429936408996582,0.051197952153731366,0.0200852632522583,nan,0.0,0.04129855632781983,0.8032999634742737,0.5871668593406677,-0.8032999634742737,nan,0.0,nan,0.0,nan,0.0,0.8455399870872498,0.44209382373809814,nan,0.0,nan,0.0,60000,1,False,,,56,-0.5871668593406677,65659d72cf4c414eb84416aaab06195d,2019-05-30_14-32-29,1559251949,7.467889070510864,431.94076561927795,26972,steropes,169.229.49.254,"{'starting_lr': 0.005, 'momentum': 0.997, 'weight_decay': 0.0005, 'steps_per_iteration': None, 'pin': False, 'model_creator': None, 'target_batch_size': 1024, 'model_string': 'resnet18', 'min_batch_size': 512, 'dataset': 'CIFAR', 'placement': None, 'use_nccl': True, 'devices_per_worker': 1, 'primary_resource': 'extra_gpu', 'gpu': False, 'verbose': False, 'lr_config': {'mode': 'log', 'steps': 5, 'initial_lr': 0.005, 'target_lr': 0.005}, 'batch_per_device': 1024}",431.94076561927795,0,56,7955.853184821181,1
0.006817936897277832,0.13302879333496093,0.0041990518569946286,0.04911462141543019,0.020828557014465333,nan,0.0,0.041289353370666505,0.8037999868392944,0.5989092699050903,-0.8037999868392944,nan,0.0,nan,0.0,nan,0.0,0.8467400074005127,0.43516758781433107,nan,0.0,nan,0.0,60000,1,False,,,57,-0.5989092699050903,65659d72cf4c414eb84416aaab06195d,2019-05-30_14-32-36,1559251956,7.553445100784302,439.49421072006226,26972,steropes,169.229.49.254,"{'starting_lr': 0.005, 'momentum': 0.997, 'weight_decay': 0.0005, 'steps_per_iteration': None, 'pin': False, 'model_creator': None, 'target_batch_size': 1024, 'model_string': 'resnet18', 'min_batch_size': 512, 'dataset': 'CIFAR', 'placement': None, 'use_nccl': True, 'devices_per_worker': 1, 'primary_resource': 'extra_gpu', 'gpu': False, 'verbose': False, 'lr_config': {'mode': 'log', 'steps': 5, 'initial_lr': 0.005, 'target_lr': 0.005}, 'batch_per_device': 1024}",439.49421072006226,0,57,7952.406922787068,1
0.006808423995971679,0.12263531684875488,0.0043400049209594725,0.055302542083117426,0.020735335350036622,nan,0.0,0.04167063236236572,0.7900999784469604,0.643380219078064,-0.7900999784469604,nan,0.0,nan,0.0,nan,0.0,0.8489399552345276,0.431240689201355,nan,0.0,nan,0.0,60000,1,False,,,58,-0.643380219078064,65659d72cf4c414eb84416aaab06195d,2019-05-30_14-32-44,1559251964,7.809538841247559,447.3037495613098,26972,steropes,169.229.49.254,"{'starting_lr': 0.005, 'momentum': 0.997, 'weight_decay': 0.0005, 'steps_per_iteration': None, 'pin': False, 'model_creator': None, 'target_batch_size': 1024, 'model_string': 'resnet18', 'min_batch_size': 512, 'dataset': 'CIFAR', 'placement': None, 'use_nccl': True, 'devices_per_worker': 1, 'primary_resource': 'extra_gpu', 'gpu': False, 'verbose': False, 'lr_config': {'mode': 'log', 'steps': 5, 'initial_lr': 0.005, 'target_lr': 0.005}, 'batch_per_device': 1024}",447.3037495613098,0,58,7921.487244544179,1
0.006493425369262696,0.11995766162872315,0.004454803466796875,0.056994822560524454,0.01972231864929199,nan,0.0,0.04192471504211426,0.8018999695777893,0.6086392315864563,-0.8018999695777893,nan,0.0,nan,0.0,nan,0.0,0.8497799634933472,0.42492217697143553,nan,0.0,nan,0.0,60000,1,False,,,59,-0.6086392315864563,65659d72cf4c414eb84416aaab06195d,2019-05-30_14-32-52,1559251972,7.757776975631714,455.0615265369415,26972,steropes,169.229.49.254,"{'starting_lr': 0.005, 'momentum': 0.997, 'weight_decay': 0.0005, 'steps_per_iteration': None, 'pin': False, 'model_creator': None, 'target_batch_size': 1024, 'model_string': 'resnet18', 'min_batch_size': 512, 'dataset': 'CIFAR', 'placement': None, 'use_nccl': True, 'devices_per_worker': 1, 'primary_resource': 'extra_gpu', 'gpu': False, 'verbose': False, 'lr_config': {'mode': 'log', 'steps': 5, 'initial_lr': 0.005, 'target_lr': 0.005}, 'batch_per_device': 1024}",455.0615265369415,0,59,7849.102111768814,1
0.006534504890441895,0.11764962673187256,0.004447674751281739,0.06067923623688367,0.0198716402053833,nan,0.0,0.0412062406539917,0.8041999936103821,0.5945430807113647,-0.8041999936103821,nan,0.0,nan,0.0,nan,0.0,0.8537999987602234,0.4144433952331543,nan,0.0,nan,0.0,60000,1,False,,,60,-0.5945430807113647,65659d72cf4c414eb84416aaab06195d,2019-05-30_14-33-00,1559251980,8.011443376541138,463.07296991348267,26972,steropes,169.229.49.254,"{'starting_lr': 0.005, 'momentum': 0.997, 'weight_decay': 0.0005, 'steps_per_iteration': None, 'pin': False, 'model_creator': None, 'target_batch_size': 1024, 'model_string': 'resnet18', 'min_batch_size': 512, 'dataset': 'CIFAR', 'placement': None, 'use_nccl': True, 'devices_per_worker': 1, 'primary_resource': 'extra_gpu', 'gpu': False, 'verbose': False, 'lr_config': {'mode': 'log', 'steps': 5, 'initial_lr': 0.005, 'target_lr': 0.005}, 'batch_per_device': 1024}",463.07296991348267,0,60,7771.924879728729,1
0.0069316387176513675,0.12013981342315674,0.004397773742675781,0.06561692393555933,0.020674848556518556,nan,0.0,0.041763138771057126,0.7994999885559082,0.6275454690933228,-0.7994999885559082,nan,0.0,nan,0.0,nan,0.0,0.8544600009918213,0.413028672914505,nan,0.0,nan,0.0,60000,1,False,,,61,-0.6275454690933228,65659d72cf4c414eb84416aaab06195d,2019-05-30_14-33-08,1559251988,8.211127042770386,471.28409695625305,26972,steropes,169.229.49.254,"{'starting_lr': 0.005, 'momentum': 0.997, 'weight_decay': 0.0005, 'steps_per_iteration': None, 'pin': False, 'model_creator': None, 'target_batch_size': 1024, 'model_string': 'resnet18', 'min_batch_size': 512, 'dataset': 'CIFAR', 'placement': None, 'use_nccl': True, 'devices_per_worker': 1, 'primary_resource': 'extra_gpu', 'gpu': False, 'verbose': False, 'lr_config': {'mode': 'log', 'steps': 5, 'initial_lr': 0.005, 'target_lr': 0.005}, 'batch_per_device': 1024}",471.28409695625305,0,61,7625.104645188304,1
0.006572151184082031,0.12041099071502685,0.004556465148925781,0.06045884015608807,0.020464825630187988,nan,0.0,0.042175912857055665,0.8222999572753906,0.5463358044624329,-0.8222999572753906,nan,0.0,nan,0.0,nan,0.0,0.8682399988174438,0.3777605344867706,nan,0.0,nan,0.0,60000,1,False,,,62,-0.5463358044624329,65659d72cf4c414eb84416aaab06195d,2019-05-30_14-33-16,1559251996,8.047729730606079,479.33182668685913,26972,steropes,169.229.49.254,"{'starting_lr': 0.005, 'momentum': 0.997, 'weight_decay': 0.0005, 'steps_per_iteration': None, 'pin': False, 'model_creator': None, 'target_batch_size': 1024, 'model_string': 'resnet18', 'min_batch_size': 512, 'dataset': 'CIFAR', 'placement': None, 'use_nccl': True, 'devices_per_worker': 1, 'primary_resource': 'extra_gpu', 'gpu': False, 'verbose': False, 'lr_config': {'mode': 'log', 'steps': 5, 'initial_lr': 0.005, 'target_lr': 0.005}, 'batch_per_device': 1024}",479.33182668685913,0,62,7530.48665501415,1
0.006464767456054688,0.11678047180175781,0.004448437690734863,0.05798272697293028,0.020070981979370118,nan,0.0,0.04157867431640625,0.8217999935150146,0.5388841911315918,-0.8217999935150146,nan,0.0,nan,0.0,nan,0.0,0.8759199976921082,0.35075898573875425,nan,0.0,nan,0.0,60000,1,False,,,63,-0.5388841911315918,65659d72cf4c414eb84416aaab06195d,2019-05-30_14-33-24,1559252004,7.785512685775757,487.1173393726349,26972,steropes,169.229.49.254,"{'starting_lr': 0.005, 'momentum': 0.997, 'weight_decay': 0.0005, 'steps_per_iteration': None, 'pin': False, 'model_creator': None, 'target_batch_size': 1024, 'model_string': 'resnet18', 'min_batch_size': 512, 'dataset': 'CIFAR', 'placement': None, 'use_nccl': True, 'devices_per_worker': 1, 'primary_resource': 'extra_gpu', 'gpu': False, 'verbose': False, 'lr_config': {'mode': 'log', 'steps': 5, 'initial_lr': 0.005, 'target_lr': 0.005}, 'batch_per_device': 1024}",487.1173393726349,0,63,7535.029870078122,1
0.006624674797058106,0.12027187347412109,0.004580378532409668,0.05213962769021793,0.020214390754699708,nan,0.0,0.04162898063659668,0.8291999697685242,0.5266819877624511,-0.8291999697685242,nan,0.0,nan,0.0,nan,0.0,0.8834599852561951,0.33351749105453493,nan,0.0,nan,0.0,60000,1,False,,,64,-0.5266819877624511,65659d72cf4c414eb84416aaab06195d,2019-05-30_14-33-31,1559252011,7.548544406890869,494.66588377952576,26972,steropes,169.229.49.254,"{'starting_lr': 0.005, 'momentum': 0.997, 'weight_decay': 0.0005, 'steps_per_iteration': None, 'pin': False, 'model_creator': None, 'target_batch_size': 1024, 'model_string': 'resnet18', 'min_batch_size': 512, 'dataset': 'CIFAR', 'placement': None, 'use_nccl': True, 'devices_per_worker': 1, 'primary_resource': 'extra_gpu', 'gpu': False, 'verbose': False, 'lr_config': {'mode': 'log', 'steps': 5, 'initial_lr': 0.005, 'target_lr': 0.005}, 'batch_per_device': 1024}",494.66588377952576,0,64,7574.837500900659,1
0.007070589065551758,0.12304322719573975,0.004408931732177735,0.04742526521488112,0.020693039894104003,nan,0.0,0.04168996810913086,0.8289999961853027,0.5286743511199952,-0.8289999961853027,nan,0.0,nan,0.0,nan,0.0,0.8894000053405762,0.3172849671459198,nan,0.0,nan,0.0,60000,1,False,,,65,-0.5286743511199952,65659d72cf4c414eb84416aaab06195d,2019-05-30_14-33-39,1559252019,7.4674437046051025,502.13332748413086,26972,steropes,169.229.49.254,"{'starting_lr': 0.005, 'momentum': 0.997, 'weight_decay': 0.0005, 'steps_per_iteration': None, 'pin': False, 'model_creator': None, 'target_batch_size': 1024, 'model_string': 'resnet18', 'min_batch_size': 512, 'dataset': 'CIFAR', 'placement': None, 'use_nccl': True, 'devices_per_worker': 1, 'primary_resource': 'extra_gpu', 'gpu': False, 'verbose': False, 'lr_config': {'mode': 'log', 'steps': 5, 'initial_lr': 0.005, 'target_lr': 0.005}, 'batch_per_device': 1024}",502.13332748413086,0,65,7680.332264374328,1
0.006638169288635254,0.13443470001220703,0.004178261756896973,0.06080712590898786,0.020843648910522462,nan,0.0,0.041425037384033206,0.8312000036239624,0.5253391494750976,-0.8312000036239624,nan,0.0,nan,0.0,nan,0.0,0.8943799734115601,0.30320882402420046,nan,0.0,nan,0.0,60000,1,False,,,66,-0.5253391494750976,65659d72cf4c414eb84416aaab06195d,2019-05-30_14-33-47,1559252027,8.143213987350464,510.2765414714813,26972,steropes,169.229.49.254,"{'starting_lr': 0.005, 'momentum': 0.997, 'weight_decay': 0.0005, 'steps_per_iteration': None, 'pin': False, 'model_creator': None, 'target_batch_size': 1024, 'model_string': 'resnet18', 'min_batch_size': 512, 'dataset': 'CIFAR', 'placement': None, 'use_nccl': True, 'devices_per_worker': 1, 'primary_resource': 'extra_gpu', 'gpu': False, 'verbose': False, 'lr_config': {'mode': 'log', 'steps': 5, 'initial_lr': 0.005, 'target_lr': 0.005}, 'batch_per_device': 1024}",510.2765414714813,0,66,7693.709209313876,1
0.006695103645324707,0.12297954559326171,0.004419732093811035,0.05680525546171227,0.020221972465515138,nan,0.0,0.04116373062133789,0.8316999673843384,0.5280498250961304,-0.8316999673843384,nan,0.0,nan,0.0,nan,0.0,0.8996599912643433,0.28923233087539674,nan,0.0,nan,0.0,60000,1,False,,,67,-0.5280498250961304,65659d72cf4c414eb84416aaab06195d,2019-05-30_14-33-55,1559252035,7.807238340377808,518.0837798118591,26972,steropes,169.229.49.254,"{'starting_lr': 0.005, 'momentum': 0.997, 'weight_decay': 0.0005, 'steps_per_iteration': None, 'pin': False, 'model_creator': None, 'target_batch_size': 1024, 'model_string': 'resnet18', 'min_batch_size': 512, 'dataset': 'CIFAR', 'placement': None, 'use_nccl': True, 'devices_per_worker': 1, 'primary_resource': 'extra_gpu', 'gpu': False, 'verbose': False, 'lr_config': {'mode': 'log', 'steps': 5, 'initial_lr': 0.005, 'target_lr': 0.005}, 'batch_per_device': 1024}",518.0837798118591,0,67,7741.466364077784,1
0.006534194946289063,0.11679177284240723,0.004480504989624023,0.05772864575288734,0.019798922538757324,nan,0.0,0.04095020294189453,0.8283999562263489,0.531428671169281,-0.8283999562263489,nan,0.0,nan,0.0,nan,0.0,0.9022799730300903,0.2787949887180328,nan,0.0,nan,0.0,60000,1,False,,,68,-0.531428671169281,65659d72cf4c414eb84416aaab06195d,2019-05-30_14-34-03,1559252043,7.76064133644104,525.8444211483002,26972,steropes,169.229.49.254,"{'starting_lr': 0.005, 'momentum': 0.997, 'weight_decay': 0.0005, 'steps_per_iteration': None, 'pin': False, 'model_creator': None, 'target_batch_size': 1024, 'model_string': 'resnet18', 'min_batch_size': 512, 'dataset': 'CIFAR', 'placement': None, 'use_nccl': True, 'devices_per_worker': 1, 'primary_resource': 'extra_gpu', 'gpu': False, 'verbose': False, 'lr_config': {'mode': 'log', 'steps': 5, 'initial_lr': 0.005, 'target_lr': 0.005}, 'batch_per_device': 1024}",525.8444211483002,0,68,7746.4379033918185,1
0.006411218643188476,0.13134560585021973,0.00446317195892334,0.06347435834456464,0.01948685646057129,nan,0.0,0.04124526977539063,0.8363999724388123,0.5259912559509278,-0.8363999724388123,nan,0.0,nan,0.0,nan,0.0,0.9040799736976624,0.2712282964134216,nan,0.0,nan,0.0,60000,1,False,,,69,-0.5259912559509278,65659d72cf4c414eb84416aaab06195d,2019-05-30_14-34-11,1559252051,8.17125940322876,534.0156805515289,26972,steropes,169.229.49.254,"{'starting_lr': 0.005, 'momentum': 0.997, 'weight_decay': 0.0005, 'steps_per_iteration': None, 'pin': False, 'model_creator': None, 'target_batch_size': 1024, 'model_string': 'resnet18', 'min_batch_size': 512, 'dataset': 'CIFAR', 'placement': None, 'use_nccl': True, 'devices_per_worker': 1, 'primary_resource': 'extra_gpu', 'gpu': False, 'verbose': False, 'lr_config': {'mode': 'log', 'steps': 5, 'initial_lr': 0.005, 'target_lr': 0.005}, 'batch_per_device': 1024}",534.0156805515289,0,69,7623.850508520989,1
0.006862378120422364,0.11722698211669921,0.004485392570495605,0.05099857583337901,0.02034780979156494,nan,0.0,0.04102349281311035,0.8319000005722046,0.5322212118148804,-0.8319000005722046,nan,0.0,nan,0.0,nan,0.0,0.909779965877533,0.2571748455142975,nan,0.0,nan,0.0,60000,1,False,,,70,-0.5322212118148804,65659d72cf4c414eb84416aaab06195d,2019-05-30_14-34-18,1559252058,7.482408046722412,541.4980885982513,26972,steropes,169.229.49.254,"{'starting_lr': 0.005, 'momentum': 0.997, 'weight_decay': 0.0005, 'steps_per_iteration': None, 'pin': False, 'model_creator': None, 'target_batch_size': 1024, 'model_string': 'resnet18', 'min_batch_size': 512, 'dataset': 'CIFAR', 'placement': None, 'use_nccl': True, 'devices_per_worker': 1, 'primary_resource': 'extra_gpu', 'gpu': False, 'verbose': False, 'lr_config': {'mode': 'log', 'steps': 5, 'initial_lr': 0.005, 'target_lr': 0.005}, 'batch_per_device': 1024}",541.4980885982513,0,70,7620.9518565787275,1
0.006729626655578613,0.11775200366973877,0.004706788063049317,0.04985651677968551,0.02011716365814209,nan,0.0,0.04121997356414795,0.8352999687194824,0.5272696331977844,-0.8352999687194824,nan,0.0,nan,0.0,nan,0.0,0.9108999967575073,0.24973944003105164,nan,0.0,nan,0.0,60000,1,False,,,71,-0.5272696331977844,65659d72cf4c414eb84416aaab06195d,2019-05-30_14-34-26,1559252066,7.44635009765625,548.9444386959076,26972,steropes,169.229.49.254,"{'starting_lr': 0.005, 'momentum': 0.997, 'weight_decay': 0.0005, 'steps_per_iteration': None, 'pin': False, 'model_creator': None, 'target_batch_size': 1024, 'model_string': 'resnet18', 'min_batch_size': 512, 'dataset': 'CIFAR', 'placement': None, 'use_nccl': True, 'devices_per_worker': 1, 'primary_resource': 'extra_gpu', 'gpu': False, 'verbose': False, 'lr_config': {'mode': 'log', 'steps': 5, 'initial_lr': 0.005, 'target_lr': 0.005}, 'batch_per_device': 1024}",548.9444386959076,0,71,7758.293607895775,1
0.006721687316894531,0.11549923419952393,0.004692268371582031,0.05705939020429339,0.019965052604675293,nan,0.0,0.04136228561401367,0.8321999907493591,0.5387916127204895,-0.8321999907493591,nan,0.0,nan,0.0,nan,0.0,0.9172599911689758,0.23817906766414643,nan,0.0,nan,0.0,60000,1,False,,,72,-0.5387916127204895,65659d72cf4c414eb84416aaab06195d,2019-05-30_14-34-33,1559252073,7.814070701599121,556.7585093975067,26972,steropes,169.229.49.254,"{'starting_lr': 0.005, 'momentum': 0.997, 'weight_decay': 0.0005, 'steps_per_iteration': None, 'pin': False, 'model_creator': None, 'target_batch_size': 1024, 'model_string': 'resnet18', 'min_batch_size': 512, 'dataset': 'CIFAR', 'placement': None, 'use_nccl': True, 'devices_per_worker': 1, 'primary_resource': 'extra_gpu', 'gpu': False, 'verbose': False, 'lr_config': {'mode': 'log', 'steps': 5, 'initial_lr': 0.005, 'target_lr': 0.005}, 'batch_per_device': 1024}",556.7585093975067,0,72,7756.921877510264,1
0.006528043746948242,0.11787364482879639,0.004419207572937012,0.06221014139603595,0.019586634635925294,nan,0.0,0.041032958030700686,0.8359999656677246,0.540915600013733,-0.8359999656677246,nan,0.0,nan,0.0,nan,0.0,0.9188399910926819,0.23189418481826782,nan,0.0,nan,0.0,60000,1,False,,,73,-0.540915600013733,65659d72cf4c414eb84416aaab06195d,2019-05-30_14-34-41,1559252081,7.984639883041382,564.7431492805481,26972,steropes,169.229.49.254,"{'starting_lr': 0.005, 'momentum': 0.997, 'weight_decay': 0.0005, 'steps_per_iteration': None, 'pin': False, 'model_creator': None, 'target_batch_size': 1024, 'model_string': 'resnet18', 'min_batch_size': 512, 'dataset': 'CIFAR', 'placement': None, 'use_nccl': True, 'devices_per_worker': 1, 'primary_resource': 'extra_gpu', 'gpu': False, 'verbose': False, 'lr_config': {'mode': 'log', 'steps': 5, 'initial_lr': 0.005, 'target_lr': 0.005}, 'batch_per_device': 1024}",564.7431492805481,0,73,7712.254206110089,1
0.006692409515380859,0.1164505958557129,0.0048172235488891605,0.04736537349467375,0.020627307891845702,nan,0.0,0.041440582275390624,0.8339999914169312,0.5485106777191162,-0.8339999914169312,nan,0.0,nan,0.0,nan,0.0,0.9223799705505371,0.2196587744808197,nan,0.0,nan,0.0,60000,1,False,,,74,-0.5485106777191162,65659d72cf4c414eb84416aaab06195d,2019-05-30_14-34-49,1559252089,7.383480548858643,572.1266298294067,26972,steropes,169.229.49.254,"{'starting_lr': 0.005, 'momentum': 0.997, 'weight_decay': 0.0005, 'steps_per_iteration': None, 'pin': False, 'model_creator': None, 'target_batch_size': 1024, 'model_string': 'resnet18', 'min_batch_size': 512, 'dataset': 'CIFAR', 'placement': None, 'use_nccl': True, 'devices_per_worker': 1, 'primary_resource': 'extra_gpu', 'gpu': False, 'verbose': False, 'lr_config': {'mode': 'log', 'steps': 5, 'initial_lr': 0.005, 'target_lr': 0.005}, 'batch_per_device': 1024}",572.1266298294067,0,74,7871.670910681997,1
0.006754446029663086,0.11894721984863281,0.004716706275939941,0.049924636373714526,0.02051715850830078,nan,0.0,0.04181380271911621,0.8376999497413635,0.5454373187065125,-0.8376999497413635,nan,0.0,nan,0.0,nan,0.0,0.9237399697303772,0.21533830651760102,nan,0.0,nan,0.0,60000,1,False,,,75,-0.5454373187065125,65659d72cf4c414eb84416aaab06195d,2019-05-30_14-34-56,1559252096,7.453657865524292,579.580287694931,26972,steropes,169.229.49.254,"{'starting_lr': 0.005, 'momentum': 0.997, 'weight_decay': 0.0005, 'steps_per_iteration': None, 'pin': False, 'model_creator': None, 'target_batch_size': 1024, 'model_string': 'resnet18', 'min_batch_size': 512, 'dataset': 'CIFAR', 'placement': None, 'use_nccl': True, 'devices_per_worker': 1, 'primary_resource': 'extra_gpu', 'gpu': False, 'verbose': False, 'lr_config': {'mode': 'log', 'steps': 5, 'initial_lr': 0.005, 'target_lr': 0.005}, 'batch_per_device': 1024}",579.580287694931,0,75,7877.613817963418,1
