{"apply": 0.018271780014038085, "batch_time": 0.041195923769021335, "d2h": 0.000657343864440918, "data_time": 0.001835441345448994, "fwd": 0.11390213966369629, "get_state_time_mean": NaN, "get_state_time_total": 0.0, "grad": 0.1667252540588379, "mean_accuracy": 0.15029999613761902, "mean_loss": 2.3167455421447753, "neg_mean_accuracy": -0.15029999613761902, "set_state_time_mean": NaN, "set_state_time_total": 0.0, "setup_model_time_mean": 8.34368634223938, "setup_model_time_total": 8.34368634223938, "setup_proc_time_mean": 0.1711595058441162, "setup_proc_time_total": 0.1711595058441162, "train_accuracy": 0.1486399918794632, "train_loss": 4.397774936141968, "training_time_mean": NaN, "training_time_total": 0.0, "val_accuracy": 0.15029999613761902, "val_loss": 2.3167455421447753, "validation_time_mean": NaN, "validation_time_total": 0.0, "samples": 60000, "num_workers": 1, "done": false, "timesteps_total": null, "episodes_total": null, "training_iteration": 1, "neg_mean_loss": -2.3167455421447753, "experiment_id": "ca3fe88175cf464f9cfb1017bdbfc29c", "date": "2019-06-06_09-31-20", "timestamp": 1559838680, "time_this_iter_s": 47.395599365234375, "time_total_s": 47.395599365234375, "pid": 13026, "hostname": "steropes", "node_ip": "169.229.49.254", "config": {"starting_lr": 0.5, "momentum": 0.9, "weight_decay": 0.005, "steps_per_iteration": null, "pin": false, "model_creator": null, "target_batch_size": 128, "model_string": "resnet50", "min_batch_size": 128, "dataset": "CIFAR", "placement": null, "use_nccl": true, "devices_per_worker": 1, "primary_resource": "extra_gpu", "gpu": false, "verbose": false, "lr_config": {"mode": "log", "steps": 5, "initial_lr": 0.5, "target_lr": 0.5}, "batch_per_device": 128}, "time_since_restore": 47.395599365234375, "timesteps_since_restore": 0, "iterations_since_restore": 1, "mean_throughput": 1265.9379780925601, "atoms": 1, "setup_time": 8.961035966873169}
{"apply": 0.021749663352966308, "batch_time": 0.033325979981241344, "d2h": 0.0006658315658569336, "data_time": 0.0017419678475850684, "fwd": 0.029934000968933106, "get_state_time_mean": NaN, "get_state_time_total": 0.0, "grad": 0.04949765205383301, "mean_accuracy": 0.144849993288517, "mean_loss": 2.451893480682373, "neg_mean_accuracy": -0.13939999043941498, "set_state_time_mean": NaN, "set_state_time_total": 0.0, "setup_model_time_mean": NaN, "setup_model_time_total": 0.0, "setup_proc_time_mean": NaN, "setup_proc_time_total": 0.0, "train_accuracy": 0.17707999050617218, "train_loss": 2.252121714477539, "training_time_mean": NaN, "training_time_total": 0.0, "val_accuracy": 0.13939999043941498, "val_loss": 2.587041419219971, "validation_time_mean": NaN, "validation_time_total": 0.0, "samples": 60000, "num_workers": 1, "done": false, "timesteps_total": null, "episodes_total": null, "training_iteration": 2, "neg_mean_loss": -2.451893480682373, "experiment_id": "ca3fe88175cf464f9cfb1017bdbfc29c", "date": "2019-06-06_09-32-02", "timestamp": 1559838722, "time_this_iter_s": 41.725101709365845, "time_total_s": 89.12070107460022, "pid": 13026, "hostname": "steropes", "node_ip": "169.229.49.254", "config": {"starting_lr": 0.5, "momentum": 0.9, "weight_decay": 0.005, "steps_per_iteration": null, "pin": false, "model_creator": null, "target_batch_size": 128, "model_string": "resnet50", "min_batch_size": 128, "dataset": "CIFAR", "placement": null, "use_nccl": true, "devices_per_worker": 1, "primary_resource": "extra_gpu", "gpu": false, "verbose": false, "lr_config": {"mode": "log", "steps": 5, "initial_lr": 0.5, "target_lr": 0.5}, "batch_per_device": 128}, "time_since_restore": 89.12070107460022, "timesteps_since_restore": 0, "iterations_since_restore": 2, "mean_throughput": 1346.4859272483204, "atoms": 1, "setup_time": 8.961035966873169}
{"apply": 0.01821577548980713, "batch_time": 0.03168839442579052, "d2h": 0.0006731986999511719, "data_time": 0.0018438847778398362, "fwd": 0.027829909324645997, "get_state_time_mean": NaN, "get_state_time_total": 0.0, "grad": 0.04858417510986328, "mean_accuracy": 0.1298999935388565, "mean_loss": NaN, "neg_mean_accuracy": -0.09999999403953552, "set_state_time_mean": NaN, "set_state_time_total": 0.0, "setup_model_time_mean": NaN, "setup_model_time_total": 0.0, "setup_proc_time_mean": NaN, "setup_proc_time_total": 0.0, "train_accuracy": 0.12529999017715454, "train_loss": NaN, "training_time_mean": NaN, "training_time_total": 0.0, "val_accuracy": 0.09999999403953552, "val_loss": NaN, "validation_time_mean": NaN, "validation_time_total": 0.0, "samples": 60000, "num_workers": 1, "done": true, "timesteps_total": null, "episodes_total": null, "training_iteration": 3, "neg_mean_loss": NaN, "experiment_id": "ca3fe88175cf464f9cfb1017bdbfc29c", "date": "2019-06-06_09-32-44", "timestamp": 1559838764, "time_this_iter_s": 41.60593366622925, "time_total_s": 130.72663474082947, "pid": 13026, "hostname": "steropes", "node_ip": "169.229.49.254", "config": {"starting_lr": 0.5, "momentum": 0.9, "weight_decay": 0.005, "steps_per_iteration": null, "pin": false, "model_creator": null, "target_batch_size": 128, "model_string": "resnet50", "min_batch_size": 128, "dataset": "CIFAR", "placement": null, "use_nccl": true, "devices_per_worker": 1, "primary_resource": "extra_gpu", "gpu": false, "verbose": false, "lr_config": {"mode": "log", "steps": 5, "initial_lr": 0.5, "target_lr": 0.5}, "batch_per_device": 128}, "time_since_restore": 130.72663474082947, "timesteps_since_restore": 0, "iterations_since_restore": 3, "mean_throughput": 1376.9145402160068, "atoms": 1, "setup_time": 8.961035966873169}
