{"apply": 0.018457603454589844, "batch_time": 0.04550127439861056, "d2h": 0.0008124589920043945, "data_time": 0.0019052516468955427, "fwd": 0.11911978721618652, "get_state_time_mean": NaN, "get_state_time_total": 0.0, "grad": 0.2534823179244995, "mean_accuracy": 0.09989999979734421, "mean_loss": 3.217663948059082, "neg_mean_accuracy": -0.09989999979734421, "set_state_time_mean": NaN, "set_state_time_total": 0.0, "setup_model_time_mean": 12.7937912940979, "setup_model_time_total": 12.7937912940979, "setup_proc_time_mean": 1.7144725322723389, "setup_proc_time_total": 1.7144725322723389, "train_accuracy": 0.09963999688625336, "train_loss": 24.308003915863036, "training_time_mean": NaN, "training_time_total": 0.0, "val_accuracy": 0.09989999979734421, "val_loss": 3.217663948059082, "validation_time_mean": NaN, "validation_time_total": 0.0, "samples": 60000, "num_workers": 1, "done": false, "timesteps_total": null, "episodes_total": null, "training_iteration": 1, "neg_mean_loss": -3.217663948059082, "experiment_id": "fcf7cd9b931145f980373a44fa738333", "date": "2019-06-06_10-28-34", "timestamp": 1559842114, "time_this_iter_s": 48.496283769607544, "time_total_s": 48.496283769607544, "pid": 7403, "hostname": "steropes", "node_ip": "169.229.49.254", "config": {"starting_lr": 0.5, "momentum": 0.99, "weight_decay": 0.0001, "steps_per_iteration": null, "pin": false, "model_creator": null, "target_batch_size": 128, "model_string": "resnet50", "min_batch_size": 128, "dataset": "CIFAR", "placement": null, "use_nccl": true, "devices_per_worker": 1, "primary_resource": "extra_gpu", "gpu": false, "verbose": false, "lr_config": {"mode": "log", "steps": 5, "initial_lr": 0.5, "target_lr": 0.5}, "batch_per_device": 128}, "time_since_restore": 48.496283769607544, "timesteps_since_restore": 0, "iterations_since_restore": 1, "mean_throughput": 1237.2060843768554, "atoms": 1, "setup_time": 14.604730367660522}
{"apply": 0.01863837242126465, "batch_time": 0.03183586386185658, "d2h": 0.0007159709930419922, "data_time": 0.001838267001959369, "fwd": 0.028986120223999025, "get_state_time_mean": NaN, "get_state_time_total": 0.0, "grad": 0.0508770227432251, "mean_accuracy": 0.10664999857544899, "mean_loss": 7824041.548831974, "neg_mean_accuracy": -0.11339999735355377, "set_state_time_mean": NaN, "set_state_time_total": 0.0, "setup_model_time_mean": NaN, "setup_model_time_total": 0.0, "setup_proc_time_mean": NaN, "setup_proc_time_total": 0.0, "train_accuracy": 0.10063999891281128, "train_loss": 2038.3798489971923, "training_time_mean": NaN, "training_time_total": 0.0, "val_accuracy": 0.11339999735355377, "val_loss": 15648079.88, "validation_time_mean": NaN, "validation_time_total": 0.0, "samples": 60000, "num_workers": 1, "done": false, "timesteps_total": null, "episodes_total": null, "training_iteration": 2, "neg_mean_loss": -7824041.548831974, "experiment_id": "fcf7cd9b931145f980373a44fa738333", "date": "2019-06-06_10-29-18", "timestamp": 1559842158, "time_this_iter_s": 43.23303723335266, "time_total_s": 91.7293210029602, "pid": 7403, "hostname": "steropes", "node_ip": "169.229.49.254", "config": {"starting_lr": 0.5, "momentum": 0.99, "weight_decay": 0.0001, "steps_per_iteration": null, "pin": false, "model_creator": null, "target_batch_size": 128, "model_string": "resnet50", "min_batch_size": 128, "dataset": "CIFAR", "placement": null, "use_nccl": true, "devices_per_worker": 1, "primary_resource": "extra_gpu", "gpu": false, "verbose": false, "lr_config": {"mode": "log", "steps": 5, "initial_lr": 0.5, "target_lr": 0.5}, "batch_per_device": 128}, "time_since_restore": 91.7293210029602, "timesteps_since_restore": 0, "iterations_since_restore": 2, "mean_throughput": 1308.1935886062995, "atoms": 1, "setup_time": 14.604730367660522}
{"apply": 0.018234896659851074, "batch_time": 0.03183794625197785, "d2h": 0.0007152318954467774, "data_time": 0.0018832043308736114, "fwd": 0.027741336822509767, "get_state_time_mean": NaN, "get_state_time_total": 0.0, "grad": 0.049058389663696286, "mean_accuracy": 0.1052999993165334, "mean_loss": 5216077.19567838, "neg_mean_accuracy": -0.10260000079870224, "set_state_time_mean": NaN, "set_state_time_total": 0.0, "setup_model_time_mean": NaN, "setup_model_time_total": 0.0, "setup_proc_time_mean": NaN, "setup_proc_time_total": 0.0, "train_accuracy": 0.1036200001835823, "train_loss": 19750.285356152344, "training_time_mean": NaN, "training_time_total": 0.0, "val_accuracy": 0.10260000079870224, "val_loss": 148.48937119140626, "validation_time_mean": NaN, "validation_time_total": 0.0, "samples": 60000, "num_workers": 1, "done": true, "timesteps_total": null, "episodes_total": null, "training_iteration": 3, "neg_mean_loss": -5216077.19567838, "experiment_id": "fcf7cd9b931145f980373a44fa738333", "date": "2019-06-06_10-30-00", "timestamp": 1559842200, "time_this_iter_s": 41.84715557098389, "time_total_s": 133.5764765739441, "pid": 7403, "hostname": "steropes", "node_ip": "169.229.49.254", "config": {"starting_lr": 0.5, "momentum": 0.99, "weight_decay": 0.0001, "steps_per_iteration": null, "pin": false, "model_creator": null, "target_batch_size": 128, "model_string": "resnet50", "min_batch_size": 128, "dataset": "CIFAR", "placement": null, "use_nccl": true, "devices_per_worker": 1, "primary_resource": "extra_gpu", "gpu": false, "verbose": false, "lr_config": {"mode": "log", "steps": 5, "initial_lr": 0.5, "target_lr": 0.5}, "batch_per_device": 128}, "time_since_restore": 133.5764765739441, "timesteps_since_restore": 0, "iterations_since_restore": 3, "mean_throughput": 1347.5396565508308, "atoms": 1, "setup_time": 14.604730367660522}
