apply,batch_time,d2h,data_time,fwd,get_state_time_mean,get_state_time_total,grad,mean_accuracy,mean_loss,neg_mean_accuracy,set_state_time_mean,set_state_time_total,setup_model_time_mean,setup_model_time_total,setup_proc_time_mean,setup_proc_time_total,train_accuracy,train_loss,training_time_mean,training_time_total,validation_time_mean,validation_time_total,samples,num_workers,done,timesteps_total,episodes_total,training_iteration,neg_mean_loss,experiment_id,date,timestamp,time_this_iter_s,time_total_s,pid,hostname,node_ip,config,time_since_restore,timesteps_since_restore,iterations_since_restore,mean_throughput,atoms,resource_time
0.007019639015197754,0.19054534435272216,0.0051316976547241214,0.041596461315544286,0.07483253479003907,nan,0.0,0.1820988655090332,0.3215000033378601,1.909309143447876,-0.3215000033378601,nan,0.0,9.841866731643677,9.841866731643677,1.608536958694458,1.608536958694458,0.25779998302459717,2.5517394585418702,nan,0.0,nan,0.0,60000,1,False,,,1,-1.909309143447876,d52a417014cd4417a5e099629b0e5417,2019-05-30_14-01-18,1559250078,11.871474981307983,11.871474981307983,18246,steropes,169.229.49.254,"{'starting_lr': 0.005, 'momentum': 0.997, 'weight_decay': 0.0005, 'steps_per_iteration': None, 'pin': False, 'model_creator': None, 'target_batch_size': 1024, 'model_string': 'resnet18', 'min_batch_size': 512, 'dataset': 'CIFAR', 'placement': None, 'use_nccl': True, 'devices_per_worker': 1, 'primary_resource': 'extra_gpu', 'gpu': False, 'verbose': False, 'lr_config': {'mode': 'log', 'steps': 5, 'initial_lr': 0.005, 'target_lr': 0.005}, 'batch_per_device': 1024}",11.871474981307983,0,1,5054.094309946921,1,11.871474981307983
0.007400989532470703,0.11419336795806885,0.004767274856567383,0.03980232744800801,0.022114825248718262,nan,0.0,0.05195727348327637,0.38429999351501465,1.7852632543563842,-0.38429999351501465,nan,0.0,nan,0.0,nan,0.0,0.3845599889755249,1.6726977045059204,nan,0.0,nan,0.0,60000,1,False,,,2,-1.7852632543563842,d52a417014cd4417a5e099629b0e5417,2019-05-30_14-01-26,1559250086,7.635911464691162,19.507386445999146,18246,steropes,169.229.49.254,"{'starting_lr': 0.005, 'momentum': 0.997, 'weight_decay': 0.0005, 'steps_per_iteration': None, 'pin': False, 'model_creator': None, 'target_batch_size': 1024, 'model_string': 'resnet18', 'min_batch_size': 512, 'dataset': 'CIFAR', 'placement': None, 'use_nccl': True, 'devices_per_worker': 1, 'primary_resource': 'extra_gpu', 'gpu': False, 'verbose': False, 'lr_config': {'mode': 'log', 'steps': 5, 'initial_lr': 0.005, 'target_lr': 0.005}, 'batch_per_device': 1024}",19.507386445999146,0,2,6151.433908758951,1,19.507386445999146
0.009279322624206544,0.1333469867706299,0.006718850135803223,0.028572822103694995,0.034442996978759764,nan,0.0,0.059133267402648924,0.4203999936580658,1.6545950300216674,-0.4203999936580658,nan,0.0,nan,0.0,nan,0.0,0.43522000312805176,1.5455125776290894,nan,0.0,nan,0.0,60000,1,False,,,3,-1.6545950300216674,d52a417014cd4417a5e099629b0e5417,2019-05-30_14-01-34,1559250094,8.371917724609375,27.87930417060852,18246,steropes,169.229.49.254,"{'starting_lr': 0.005, 'momentum': 0.997, 'weight_decay': 0.0005, 'steps_per_iteration': None, 'pin': False, 'model_creator': None, 'target_batch_size': 1024, 'model_string': 'resnet18', 'min_batch_size': 512, 'dataset': 'CIFAR', 'placement': None, 'use_nccl': True, 'devices_per_worker': 1, 'primary_resource': 'extra_gpu', 'gpu': False, 'verbose': False, 'lr_config': {'mode': 'log', 'steps': 5, 'initial_lr': 0.005, 'target_lr': 0.005}, 'batch_per_device': 1024}",27.87930417060852,0,3,6456.322940933562,1,27.87930417060852
0.010635924339294434,0.13641824722290039,0.005413556098937988,0.028769823969626913,0.033920907974243165,nan,0.0,0.05690498352050781,0.48240000009536743,1.4958113792419434,-0.48240000009536743,nan,0.0,nan,0.0,nan,0.0,0.4568599760532379,1.4892132577896118,nan,0.0,nan,0.0,60000,1,False,,,4,-1.4958113792419434,d52a417014cd4417a5e099629b0e5417,2019-05-30_14-01-42,1559250102,8.265655755996704,36.144959926605225,18246,steropes,169.229.49.254,"{'starting_lr': 0.005, 'momentum': 0.997, 'weight_decay': 0.0005, 'steps_per_iteration': None, 'pin': False, 'model_creator': None, 'target_batch_size': 1024, 'model_string': 'resnet18', 'min_batch_size': 512, 'dataset': 'CIFAR', 'placement': None, 'use_nccl': True, 'devices_per_worker': 1, 'primary_resource': 'extra_gpu', 'gpu': False, 'verbose': False, 'lr_config': {'mode': 'log', 'steps': 5, 'initial_lr': 0.005, 'target_lr': 0.005}, 'batch_per_device': 1024}",36.144959926605225,0,4,6639.852373989412,1,36.144959926605225
0.007259225845336914,0.13534035682678222,0.005707979202270508,0.04695641751192054,0.027554941177368165,nan,0.0,0.05659303665161133,0.4878000020980835,1.5414276288986206,-0.4878000020980835,nan,0.0,nan,0.0,nan,0.0,0.48183998465538025,1.429675168685913,nan,0.0,nan,0.0,60000,1,False,,,5,-1.5414276288986206,d52a417014cd4417a5e099629b0e5417,2019-05-30_14-01-51,1559250111,8.850141763687134,44.99510169029236,18246,steropes,169.229.49.254,"{'starting_lr': 0.005, 'momentum': 0.997, 'weight_decay': 0.0005, 'steps_per_iteration': None, 'pin': False, 'model_creator': None, 'target_batch_size': 1024, 'model_string': 'resnet18', 'min_batch_size': 512, 'dataset': 'CIFAR', 'placement': None, 'use_nccl': True, 'devices_per_worker': 1, 'primary_resource': 'extra_gpu', 'gpu': False, 'verbose': False, 'lr_config': {'mode': 'log', 'steps': 5, 'initial_lr': 0.005, 'target_lr': 0.005}, 'batch_per_device': 1024}",44.99510169029236,0,5,6667.317206667148,1,44.99510169029236
0.009253954887390137,0.12483508586883545,0.007037472724914551,0.03415173900370695,0.027543520927429198,nan,0.0,0.053166747093200684,0.5295999646186829,1.3248098609924317,-0.5295999646186829,nan,0.0,nan,0.0,nan,0.0,0.5090599656105042,1.3680317431640625,nan,0.0,nan,0.0,60000,1,False,,,6,-1.3248098609924317,d52a417014cd4417a5e099629b0e5417,2019-05-30_14-02-00,1559250120,8.304860830307007,53.299962520599365,18246,steropes,169.229.49.254,"{'starting_lr': 0.005, 'momentum': 0.997, 'weight_decay': 0.0005, 'steps_per_iteration': None, 'pin': False, 'model_creator': None, 'target_batch_size': 1024, 'model_string': 'resnet18', 'min_batch_size': 512, 'dataset': 'CIFAR', 'placement': None, 'use_nccl': True, 'devices_per_worker': 1, 'primary_resource': 'extra_gpu', 'gpu': False, 'verbose': False, 'lr_config': {'mode': 'log', 'steps': 5, 'initial_lr': 0.005, 'target_lr': 0.005}, 'batch_per_device': 1024}",53.299962520599365,0,6,7241.30500105412,1,53.299962520599365
0.008455729484558106,0.12386903762817383,0.006045889854431152,0.038822835805464764,0.02350015640258789,nan,0.0,0.05600745677947998,0.5381999611854553,1.29658131275177,-0.5381999611854553,nan,0.0,nan,0.0,nan,0.0,0.5306199789047241,1.2993085734176635,nan,0.0,nan,0.0,60000,1,False,,,7,-1.29658131275177,d52a417014cd4417a5e099629b0e5417,2019-05-30_14-02-08,1559250128,8.678833961486816,61.97879648208618,18246,steropes,169.229.49.254,"{'starting_lr': 0.005, 'momentum': 0.997, 'weight_decay': 0.0005, 'steps_per_iteration': None, 'pin': False, 'model_creator': None, 'target_batch_size': 1024, 'model_string': 'resnet18', 'min_batch_size': 512, 'dataset': 'CIFAR', 'placement': None, 'use_nccl': True, 'devices_per_worker': 1, 'primary_resource': 'extra_gpu', 'gpu': False, 'verbose': False, 'lr_config': {'mode': 'log', 'steps': 5, 'initial_lr': 0.005, 'target_lr': 0.005}, 'batch_per_device': 1024}",61.97879648208618,0,7,7063.484310551676,1,61.97879648208618
0.007600092887878418,0.11844959259033203,0.007864427566528321,0.036303505605580856,0.027081561088562012,nan,0.0,0.058683466911315915,0.574400007724762,1.2097785205841065,-0.574400007724762,nan,0.0,nan,0.0,nan,0.0,0.5511599779129028,1.2441127809524537,nan,0.0,nan,0.0,60000,1,False,,,8,-1.2097785205841065,d52a417014cd4417a5e099629b0e5417,2019-05-30_14-02-17,1559250137,8.330876350402832,70.30967283248901,18246,steropes,169.229.49.254,"{'starting_lr': 0.005, 'momentum': 0.997, 'weight_decay': 0.0005, 'steps_per_iteration': None, 'pin': False, 'model_creator': None, 'target_batch_size': 1024, 'model_string': 'resnet18', 'min_batch_size': 512, 'dataset': 'CIFAR', 'placement': None, 'use_nccl': True, 'devices_per_worker': 1, 'primary_resource': 'extra_gpu', 'gpu': False, 'verbose': False, 'lr_config': {'mode': 'log', 'steps': 5, 'initial_lr': 0.005, 'target_lr': 0.005}, 'batch_per_device': 1024}",70.30967283248901,0,8,7070.317828376951,1,70.30967283248901
0.007304835319519043,0.1258403778076172,0.005363893508911133,0.031893559864589145,0.02372581958770752,nan,0.0,0.05159227848052979,0.5864999890327454,1.149113907623291,-0.5864999890327454,nan,0.0,nan,0.0,nan,0.0,0.5695199966430664,1.197963183670044,nan,0.0,nan,0.0,60000,1,False,,,9,-1.149113907623291,d52a417014cd4417a5e099629b0e5417,2019-05-30_14-02-25,1559250145,8.45703935623169,78.7667121887207,18246,steropes,169.229.49.254,"{'starting_lr': 0.005, 'momentum': 0.997, 'weight_decay': 0.0005, 'steps_per_iteration': None, 'pin': False, 'model_creator': None, 'target_batch_size': 1024, 'model_string': 'resnet18', 'min_batch_size': 512, 'dataset': 'CIFAR', 'placement': None, 'use_nccl': True, 'devices_per_worker': 1, 'primary_resource': 'extra_gpu', 'gpu': False, 'verbose': False, 'lr_config': {'mode': 'log', 'steps': 5, 'initial_lr': 0.005, 'target_lr': 0.005}, 'batch_per_device': 1024}",78.7667121887207,0,9,7038.570011226327,1,78.7667121887207
0.006909680366516113,0.13677260875701905,0.0057991743087768555,0.03437645094735282,0.022240161895751953,nan,0.0,0.04550294876098633,0.5958999991416931,1.1804789768218995,-0.5958999991416931,nan,0.0,nan,0.0,nan,0.0,0.5818600058555603,1.1661894878768921,nan,0.0,nan,0.0,60000,1,False,,,10,-1.1804789768218995,d52a417014cd4417a5e099629b0e5417,2019-05-30_14-02-33,1559250153,8.261797189712524,87.02850937843323,18246,steropes,169.229.49.254,"{'starting_lr': 0.005, 'momentum': 0.997, 'weight_decay': 0.0005, 'steps_per_iteration': None, 'pin': False, 'model_creator': None, 'target_batch_size': 1024, 'model_string': 'resnet18', 'min_batch_size': 512, 'dataset': 'CIFAR', 'placement': None, 'use_nccl': True, 'devices_per_worker': 1, 'primary_resource': 'extra_gpu', 'gpu': False, 'verbose': False, 'lr_config': {'mode': 'log', 'steps': 5, 'initial_lr': 0.005, 'target_lr': 0.005}, 'batch_per_device': 1024}",87.02850937843323,0,10,7137.089357760754,1,87.02850937843323
0.009302234649658203,0.13499643802642822,0.0054726839065551754,0.029498786342387298,0.023369836807250976,nan,0.0,0.053056955337524414,0.6139999628067017,1.0933390005111694,-0.6139999628067017,nan,0.0,nan,0.0,nan,0.0,0.6009399890899658,1.1214643546295167,nan,0.0,nan,0.0,60000,1,False,,,11,-1.0933390005111694,d52a417014cd4417a5e099629b0e5417,2019-05-30_14-02-42,1559250162,8.282217264175415,95.31072664260864,18246,steropes,169.229.49.254,"{'starting_lr': 0.005, 'momentum': 0.997, 'weight_decay': 0.0005, 'steps_per_iteration': None, 'pin': False, 'model_creator': None, 'target_batch_size': 1024, 'model_string': 'resnet18', 'min_batch_size': 512, 'dataset': 'CIFAR', 'placement': None, 'use_nccl': True, 'devices_per_worker': 1, 'primary_resource': 'extra_gpu', 'gpu': False, 'verbose': False, 'lr_config': {'mode': 'log', 'steps': 5, 'initial_lr': 0.005, 'target_lr': 0.005}, 'batch_per_device': 1024}",95.31072664260864,0,11,7140.938632013821,1,95.31072664260864
0.00736703872680664,0.1444549083709717,0.006068015098571777,0.04006966279477489,0.02670276165008545,nan,0.0,0.053746390342712405,0.6435999870300293,1.029304041004181,-0.6435999870300293,nan,0.0,nan,0.0,nan,0.0,0.614080011844635,1.0795089085006715,nan,0.0,nan,0.0,60000,1,False,,,12,-1.029304041004181,d52a417014cd4417a5e099629b0e5417,2019-05-30_14-02-51,1559250171,8.933337688446045,104.24406433105469,18246,steropes,169.229.49.254,"{'starting_lr': 0.005, 'momentum': 0.997, 'weight_decay': 0.0005, 'steps_per_iteration': None, 'pin': False, 'model_creator': None, 'target_batch_size': 1024, 'model_string': 'resnet18', 'min_batch_size': 512, 'dataset': 'CIFAR', 'placement': None, 'use_nccl': True, 'devices_per_worker': 1, 'primary_resource': 'extra_gpu', 'gpu': False, 'verbose': False, 'lr_config': {'mode': 'log', 'steps': 5, 'initial_lr': 0.005, 'target_lr': 0.005}, 'batch_per_device': 1024}",104.24406433105469,0,12,7097.9620436829,1,104.24406433105469
0.006981945037841797,0.11653401851654052,0.00525968074798584,0.040578545356283385,0.0208148717880249,nan,0.0,0.04383981227874756,0.6366999745368958,1.0113454595565796,-0.6366999745368958,nan,0.0,nan,0.0,nan,0.0,0.6266199946403503,1.0424901538085938,nan,0.0,nan,0.0,60000,1,False,,,13,-1.0113454595565796,d52a417014cd4417a5e099629b0e5417,2019-05-30_14-02-59,1559250179,8.097527265548706,112.3415915966034,18246,steropes,169.229.49.254,"{'starting_lr': 0.005, 'momentum': 0.997, 'weight_decay': 0.0005, 'steps_per_iteration': None, 'pin': False, 'model_creator': None, 'target_batch_size': 1024, 'model_string': 'resnet18', 'min_batch_size': 512, 'dataset': 'CIFAR', 'placement': None, 'use_nccl': True, 'devices_per_worker': 1, 'primary_resource': 'extra_gpu', 'gpu': False, 'verbose': False, 'lr_config': {'mode': 'log', 'steps': 5, 'initial_lr': 0.005, 'target_lr': 0.005}, 'batch_per_device': 1024}",112.3415915966034,0,13,7137.36517174454,1,112.3415915966034
0.00785965919494629,0.11452784538269042,0.0035662770271301268,0.012373600687299455,0.05020332336425781,nan,0.0,0.10957269668579102,0.6575000286102295,0.970259033536911,-0.6575000286102295,3.4016717672348022,3.4016717672348022,11.002933621406555,11.002933621406555,1.7912830114364624,1.7912830114364624,0.637179970741272,1.015868486766815,nan,0.0,nan,0.0,60000,2,False,,,14,-0.970259033536911,d52a417014cd4417a5e099629b0e5417,2019-05-30_14-03-35,1559250215,8.602837800979614,120.94442939758301,18252,steropes,169.229.49.254,"{'starting_lr': 0.005, 'momentum': 0.997, 'weight_decay': 0.0005, 'steps_per_iteration': None, 'pin': False, 'model_creator': None, 'target_batch_size': 1024, 'model_string': 'resnet18', 'min_batch_size': 512, 'dataset': 'CIFAR', 'placement': None, 'use_nccl': True, 'devices_per_worker': 1, 'primary_resource': 'extra_gpu', 'gpu': False, 'verbose': False, 'lr_config': {'mode': 'log', 'steps': 5, 'initial_lr': 0.005, 'target_lr': 0.005}, 'batch_per_device': 512}",8.602837800979614,0,1,6974.340726058723,2,129.54726719856262
0.007525062561035157,0.08735712766647338,0.003857481479644775,0.014014010526696031,0.017005884647369386,nan,0.0,0.047621405124664305,0.6684999465942383,0.9466300665378571,-0.6684999465942383,nan,0.0,nan,0.0,nan,0.0,0.6485999822616577,0.9849298525047303,nan,0.0,nan,0.0,60000,2,False,,,15,-0.9466300665378571,d52a417014cd4417a5e099629b0e5417,2019-05-30_14-03-41,1559250221,6.35198974609375,127.29641914367676,18252,steropes,169.229.49.254,"{'starting_lr': 0.005, 'momentum': 0.997, 'weight_decay': 0.0005, 'steps_per_iteration': None, 'pin': False, 'model_creator': None, 'target_batch_size': 1024, 'model_string': 'resnet18', 'min_batch_size': 512, 'dataset': 'CIFAR', 'placement': None, 'use_nccl': True, 'devices_per_worker': 1, 'primary_resource': 'extra_gpu', 'gpu': False, 'verbose': False, 'lr_config': {'mode': 'log', 'steps': 5, 'initial_lr': 0.005, 'target_lr': 0.005}, 'batch_per_device': 512}",14.954827547073364,0,2,8024.053452953764,2,142.25124669075012
0.008991491794586182,0.09661353826522827,0.003343629837036133,0.013083401991396534,0.02387099266052246,nan,0.0,0.05654977560043335,0.6669999957084656,0.9403445513248443,-0.6669999957084656,nan,0.0,nan,0.0,nan,0.0,0.6579400300979614,0.9540911141872406,nan,0.0,nan,0.0,60000,2,False,,,16,-0.9403445513248443,d52a417014cd4417a5e099629b0e5417,2019-05-30_14-03-48,1559250228,6.551142692565918,133.84756183624268,18252,steropes,169.229.49.254,"{'starting_lr': 0.005, 'momentum': 0.997, 'weight_decay': 0.0005, 'steps_per_iteration': None, 'pin': False, 'model_creator': None, 'target_batch_size': 1024, 'model_string': 'resnet18', 'min_batch_size': 512, 'dataset': 'CIFAR', 'placement': None, 'use_nccl': True, 'devices_per_worker': 1, 'primary_resource': 'extra_gpu', 'gpu': False, 'verbose': False, 'lr_config': {'mode': 'log', 'steps': 5, 'initial_lr': 0.005, 'target_lr': 0.005}, 'batch_per_device': 512}",21.505970239639282,0,3,8369.657978382545,2,155.35353207588196
0.009054124355316162,0.10126254558563233,0.0033994317054748535,0.01305453144774145,0.02068326473236084,nan,0.0,0.049457204341888425,0.6776999831199646,0.9271385154247285,-0.6776999831199646,nan,0.0,nan,0.0,nan,0.0,0.6676599979400635,0.9302902488040924,nan,0.0,nan,0.0,60000,2,False,,,17,-0.9271385154247285,d52a417014cd4417a5e099629b0e5417,2019-05-30_14-03-54,1559250234,6.31884503364563,140.1664068698883,18252,steropes,169.229.49.254,"{'starting_lr': 0.005, 'momentum': 0.997, 'weight_decay': 0.0005, 'steps_per_iteration': None, 'pin': False, 'model_creator': None, 'target_batch_size': 1024, 'model_string': 'resnet18', 'min_batch_size': 512, 'dataset': 'CIFAR', 'placement': None, 'use_nccl': True, 'devices_per_worker': 1, 'primary_resource': 'extra_gpu', 'gpu': False, 'verbose': False, 'lr_config': {'mode': 'log', 'steps': 5, 'initial_lr': 0.005, 'target_lr': 0.005}, 'batch_per_device': 512}",27.824815273284912,0,4,8625.282222186559,2,167.99122214317322
0.007665395736694336,0.08568319082260131,0.0034403443336486813,0.013677244283715074,0.01655116081237793,nan,0.0,0.04994796514511109,0.6872999668121338,0.8996048301219941,-0.6872999668121338,nan,0.0,nan,0.0,nan,0.0,0.6775000095367432,0.9062388348293304,nan,0.0,nan,0.0,60000,2,False,,,18,-0.8996048301219941,d52a417014cd4417a5e099629b0e5417,2019-05-30_14-04-00,1559250240,6.161731004714966,146.32813787460327,18252,steropes,169.229.49.254,"{'starting_lr': 0.005, 'momentum': 0.997, 'weight_decay': 0.0005, 'steps_per_iteration': None, 'pin': False, 'model_creator': None, 'target_batch_size': 1024, 'model_string': 'resnet18', 'min_batch_size': 512, 'dataset': 'CIFAR', 'placement': None, 'use_nccl': True, 'devices_per_worker': 1, 'primary_resource': 'extra_gpu', 'gpu': False, 'verbose': False, 'lr_config': {'mode': 'log', 'steps': 5, 'initial_lr': 0.005, 'target_lr': 0.005}, 'batch_per_device': 512}",33.98654627799988,0,5,8826.90459335952,2,180.31468415260315
0.007950663566589355,0.08631572723388672,0.002803325653076172,0.01348351459113919,0.01768798828125,nan,0.0,0.04749258756637573,0.6926999688148499,0.8743084188461303,-0.6926999688148499,nan,0.0,nan,0.0,nan,0.0,0.6855800151824951,0.8763045247650146,nan,0.0,nan,0.0,60000,2,False,,,19,-0.8743084188461303,d52a417014cd4417a5e099629b0e5417,2019-05-30_14-04-07,1559250247,6.454712629318237,152.7828505039215,18252,steropes,169.229.49.254,"{'starting_lr': 0.005, 'momentum': 0.997, 'weight_decay': 0.0005, 'steps_per_iteration': None, 'pin': False, 'model_creator': None, 'target_batch_size': 1024, 'model_string': 'resnet18', 'min_batch_size': 512, 'dataset': 'CIFAR', 'placement': None, 'use_nccl': True, 'devices_per_worker': 1, 'primary_resource': 'extra_gpu', 'gpu': False, 'verbose': False, 'lr_config': {'mode': 'log', 'steps': 5, 'initial_lr': 0.005, 'target_lr': 0.005}, 'batch_per_device': 512}",40.441258907318115,0,6,9422.456794255148,2,193.22410941123962
0.009503996372222899,0.08384885787963867,0.0033864259719848635,0.014617657174869458,0.021953845024108888,nan,0.0,0.05040972232818604,0.699999988079071,0.8527483394622802,-0.699999988079071,nan,0.0,nan,0.0,nan,0.0,0.6947599649429321,0.8536680372714996,nan,0.0,nan,0.0,60000,2,False,,,20,-0.8527483394622802,d52a417014cd4417a5e099629b0e5417,2019-05-30_14-04-13,1559250253,6.405138731002808,159.18798923492432,18252,steropes,169.229.49.254,"{'starting_lr': 0.005, 'momentum': 0.997, 'weight_decay': 0.0005, 'steps_per_iteration': None, 'pin': False, 'model_creator': None, 'target_batch_size': 1024, 'model_string': 'resnet18', 'min_batch_size': 512, 'dataset': 'CIFAR', 'placement': None, 'use_nccl': True, 'devices_per_worker': 1, 'primary_resource': 'extra_gpu', 'gpu': False, 'verbose': False, 'lr_config': {'mode': 'log', 'steps': 5, 'initial_lr': 0.005, 'target_lr': 0.005}, 'batch_per_device': 512}",46.84639763832092,0,7,9406.75538044865,2,206.03438687324524
0.009401214122772217,0.09104475975036622,0.003986823558807372,0.013262395956078355,0.026446747779846194,nan,0.0,0.0586165189743042,0.7106000185012817,0.8266810735702514,-0.7106000185012817,nan,0.0,nan,0.0,nan,0.0,0.7000999450683594,0.834288099308014,nan,0.0,nan,0.0,60000,2,False,,,21,-0.8266810735702514,d52a417014cd4417a5e099629b0e5417,2019-05-30_14-04-20,1559250260,6.594056129455566,165.78204536437988,18252,steropes,169.229.49.254,"{'starting_lr': 0.005, 'momentum': 0.997, 'weight_decay': 0.0005, 'steps_per_iteration': None, 'pin': False, 'model_creator': None, 'target_batch_size': 1024, 'model_string': 'resnet18', 'min_batch_size': 512, 'dataset': 'CIFAR', 'placement': None, 'use_nccl': True, 'devices_per_worker': 1, 'primary_resource': 'extra_gpu', 'gpu': False, 'verbose': False, 'lr_config': {'mode': 'log', 'steps': 5, 'initial_lr': 0.005, 'target_lr': 0.005}, 'batch_per_device': 512}",53.44045376777649,0,8,9394.112604326483,2,219.22249913215637
0.008442962169647216,0.09698039293289185,0.004291057586669922,0.01322925090789795,0.01888251304626465,nan,0.0,0.05193397998809814,0.7132999897003174,0.8180995651721954,-0.7132999897003174,nan,0.0,nan,0.0,nan,0.0,0.7092399597167969,0.8093166125774384,nan,0.0,nan,0.0,60000,2,False,,,22,-0.8180995651721954,d52a417014cd4417a5e099629b0e5417,2019-05-30_14-04-26,1559250266,6.216479301452637,171.99852466583252,18252,steropes,169.229.49.254,"{'starting_lr': 0.005, 'momentum': 0.997, 'weight_decay': 0.0005, 'steps_per_iteration': None, 'pin': False, 'model_creator': None, 'target_batch_size': 1024, 'model_string': 'resnet18', 'min_batch_size': 512, 'dataset': 'CIFAR', 'placement': None, 'use_nccl': True, 'devices_per_worker': 1, 'primary_resource': 'extra_gpu', 'gpu': False, 'verbose': False, 'lr_config': {'mode': 'log', 'steps': 5, 'initial_lr': 0.005, 'target_lr': 0.005}, 'batch_per_device': 512}",59.656933069229126,0,9,9424.32257985366,2,231.65545773506165
0.007709777355194092,0.09168058633804321,0.004193806648254394,0.013142794978861906,0.01885477304458618,nan,0.0,0.04697860479354858,0.7087000012397766,0.8357983052253724,-0.7087000012397766,nan,0.0,nan,0.0,nan,0.0,0.719059944152832,0.7872261787509918,nan,0.0,nan,0.0,60000,2,False,,,23,-0.8357983052253724,d52a417014cd4417a5e099629b0e5417,2019-05-30_14-04-32,1559250272,6.2169835567474365,178.21550822257996,18252,steropes,169.229.49.254,"{'starting_lr': 0.005, 'momentum': 0.997, 'weight_decay': 0.0005, 'steps_per_iteration': None, 'pin': False, 'model_creator': None, 'target_batch_size': 1024, 'model_string': 'resnet18', 'min_batch_size': 512, 'dataset': 'CIFAR', 'placement': None, 'use_nccl': True, 'devices_per_worker': 1, 'primary_resource': 'extra_gpu', 'gpu': False, 'verbose': False, 'lr_config': {'mode': 'log', 'steps': 5, 'initial_lr': 0.005, 'target_lr': 0.005}, 'batch_per_device': 512}",65.87391662597656,0,10,9407.997803613795,2,244.08942484855652
0.007709896564483643,0.07964452505111694,0.0036200165748596193,0.01402207053437525,0.01699817180633545,nan,0.0,0.04611563682556152,0.723099946975708,0.7957409755229949,-0.723099946975708,nan,0.0,nan,0.0,nan,0.0,0.7267999649047852,0.7690082842350006,nan,0.0,nan,0.0,60000,2,False,,,24,-0.7957409755229949,d52a417014cd4417a5e099629b0e5417,2019-05-30_14-04-38,1559250278,6.251113414764404,184.46662163734436,18252,steropes,169.229.49.254,"{'starting_lr': 0.005, 'momentum': 0.997, 'weight_decay': 0.0005, 'steps_per_iteration': None, 'pin': False, 'model_creator': None, 'target_batch_size': 1024, 'model_string': 'resnet18', 'min_batch_size': 512, 'dataset': 'CIFAR', 'placement': None, 'use_nccl': True, 'devices_per_worker': 1, 'primary_resource': 'extra_gpu', 'gpu': False, 'verbose': False, 'lr_config': {'mode': 'log', 'steps': 5, 'initial_lr': 0.005, 'target_lr': 0.005}, 'batch_per_device': 512}",72.12503004074097,0,11,9468.454066648947,2,256.5916516780853
0.007990765571594238,0.08351473808288573,0.0037437200546264647,0.012994990056874801,0.018818247318267825,nan,0.0,0.05169798135757446,0.7274999618530273,0.776219793510437,-0.7274999618530273,nan,0.0,nan,0.0,nan,0.0,0.7328799962997437,0.752268377494812,nan,0.0,nan,0.0,60000,2,False,,,25,-0.776219793510437,d52a417014cd4417a5e099629b0e5417,2019-05-30_14-04-45,1559250285,6.5208940505981445,190.9875156879425,18252,steropes,169.229.49.254,"{'starting_lr': 0.005, 'momentum': 0.997, 'weight_decay': 0.0005, 'steps_per_iteration': None, 'pin': False, 'model_creator': None, 'target_batch_size': 1024, 'model_string': 'resnet18', 'min_batch_size': 512, 'dataset': 'CIFAR', 'placement': None, 'use_nccl': True, 'devices_per_worker': 1, 'primary_resource': 'extra_gpu', 'gpu': False, 'verbose': False, 'lr_config': {'mode': 'log', 'steps': 5, 'initial_lr': 0.005, 'target_lr': 0.005}, 'batch_per_device': 512}",78.64592409133911,0,12,9433.985690171317,2,269.6334397792816
0.008732950687408448,0.08337250947952271,0.003330528736114502,0.013336483313112844,0.02178105115890503,nan,0.0,0.057594704627990725,0.7280999422073364,0.7816350600242614,-0.7280999422073364,nan,0.0,nan,0.0,nan,0.0,0.7415199875831604,0.7279133075332642,nan,0.0,nan,0.0,60000,2,False,,,26,-0.7816350600242614,d52a417014cd4417a5e099629b0e5417,2019-05-30_14-04-51,1559250291,6.364126205444336,197.35164189338684,18252,steropes,169.229.49.254,"{'starting_lr': 0.005, 'momentum': 0.997, 'weight_decay': 0.0005, 'steps_per_iteration': None, 'pin': False, 'model_creator': None, 'target_batch_size': 1024, 'model_string': 'resnet18', 'min_batch_size': 512, 'dataset': 'CIFAR', 'placement': None, 'use_nccl': True, 'devices_per_worker': 1, 'primary_resource': 'extra_gpu', 'gpu': False, 'verbose': False, 'lr_config': {'mode': 'log', 'steps': 5, 'initial_lr': 0.005, 'target_lr': 0.005}, 'batch_per_device': 512}",85.01005029678345,0,13,9502.696253158008,2,282.3616921901703
0.008240056037902833,0.08445996046066284,0.003492867946624756,0.012783264627262036,0.016557836532592775,nan,0.0,0.047660684585571295,0.733299970626831,0.7594240856647492,-0.733299970626831,nan,0.0,nan,0.0,nan,0.0,0.7438799738883972,0.7138206012153625,nan,0.0,nan,0.0,60000,2,False,,,27,-0.7594240856647492,d52a417014cd4417a5e099629b0e5417,2019-05-30_14-04-57,1559250297,5.906718969345093,203.25836086273193,18252,steropes,169.229.49.254,"{'starting_lr': 0.005, 'momentum': 0.997, 'weight_decay': 0.0005, 'steps_per_iteration': None, 'pin': False, 'model_creator': None, 'target_batch_size': 1024, 'model_string': 'resnet18', 'min_batch_size': 512, 'dataset': 'CIFAR', 'placement': None, 'use_nccl': True, 'devices_per_worker': 1, 'primary_resource': 'extra_gpu', 'gpu': False, 'verbose': False, 'lr_config': {'mode': 'log', 'steps': 5, 'initial_lr': 0.005, 'target_lr': 0.005}, 'batch_per_device': 512}",90.91676926612854,0,14,9596.857693926619,2,294.1751301288605
0.007724881172180176,0.07526717185974122,0.0031761884689331054,0.011623358239932935,0.016375064849853516,nan,0.0,0.04561684131622314,0.7441999912261963,0.7410873363971711,-0.7441999912261963,nan,0.0,nan,0.0,nan,0.0,0.7509999871253967,0.7016792560100555,nan,0.0,nan,0.0,60000,2,False,,,28,-0.7410873363971711,d52a417014cd4417a5e099629b0e5417,2019-05-30_14-05-03,1559250303,5.4431633949279785,208.7015242576599,18252,steropes,169.229.49.254,"{'starting_lr': 0.005, 'momentum': 0.997, 'weight_decay': 0.0005, 'steps_per_iteration': None, 'pin': False, 'model_creator': None, 'target_batch_size': 1024, 'model_string': 'resnet18', 'min_batch_size': 512, 'dataset': 'CIFAR', 'placement': None, 'use_nccl': True, 'devices_per_worker': 1, 'primary_resource': 'extra_gpu', 'gpu': False, 'verbose': False, 'lr_config': {'mode': 'log', 'steps': 5, 'initial_lr': 0.005, 'target_lr': 0.005}, 'batch_per_device': 512}",96.35993266105652,0,15,9840.446865614318,2,305.06145691871643
0.007930505275726318,0.07789754867553711,0.003390681743621826,0.01083232188711361,0.017034900188446042,nan,0.0,0.04382557868957519,0.746999979019165,0.735036719608307,-0.746999979019165,nan,0.0,nan,0.0,nan,0.0,0.7562400102615356,0.6867190958213807,nan,0.0,nan,0.0,60000,2,False,,,29,-0.735036719608307,d52a417014cd4417a5e099629b0e5417,2019-05-30_14-05-08,1559250308,5.473566770553589,214.1750910282135,18252,steropes,169.229.49.254,"{'starting_lr': 0.005, 'momentum': 0.997, 'weight_decay': 0.0005, 'steps_per_iteration': None, 'pin': False, 'model_creator': None, 'target_batch_size': 1024, 'model_string': 'resnet18', 'min_batch_size': 512, 'dataset': 'CIFAR', 'placement': None, 'use_nccl': True, 'devices_per_worker': 1, 'primary_resource': 'extra_gpu', 'gpu': False, 'verbose': False, 'lr_config': {'mode': 'log', 'steps': 5, 'initial_lr': 0.005, 'target_lr': 0.005}, 'batch_per_device': 512}",101.83349943161011,0,16,10097.988247265484,2,316.0085904598236
0.007633018493652344,0.07871973514556885,0.003258824348449707,0.011343904903956821,0.016900694370269774,nan,0.0,0.045152556896209714,0.7488999962806702,0.7317079131603241,-0.7488999962806702,nan,0.0,nan,0.0,nan,0.0,0.7591999769210815,0.6728024480438233,nan,0.0,nan,0.0,60000,2,False,,,30,-0.7317079131603241,d52a417014cd4417a5e099629b0e5417,2019-05-30_14-05-13,1559250313,5.385132312774658,219.56022334098816,18252,steropes,169.229.49.254,"{'starting_lr': 0.005, 'momentum': 0.997, 'weight_decay': 0.0005, 'steps_per_iteration': None, 'pin': False, 'model_creator': None, 'target_batch_size': 1024, 'model_string': 'resnet18', 'min_batch_size': 512, 'dataset': 'CIFAR', 'placement': None, 'use_nccl': True, 'devices_per_worker': 1, 'primary_resource': 'extra_gpu', 'gpu': False, 'verbose': False, 'lr_config': {'mode': 'log', 'steps': 5, 'initial_lr': 0.005, 'target_lr': 0.005}, 'batch_per_device': 512}",107.21863174438477,0,17,10499.375853090683,2,326.7788550853729
0.007515895366668701,0.08394873142242432,0.004931938648223877,0.01108705997467041,0.0195900559425354,nan,0.0,0.04705898761749268,0.7479999661445618,0.7336231492519378,-0.7479999661445618,nan,0.0,nan,0.0,nan,0.0,0.7662599682807922,0.6579280462932586,nan,0.0,nan,0.0,60000,2,False,,,31,-0.7336231492519378,d52a417014cd4417a5e099629b0e5417,2019-05-30_14-05-19,1559250319,5.655763149261475,225.21598649024963,18252,steropes,169.229.49.254,"{'starting_lr': 0.005, 'momentum': 0.997, 'weight_decay': 0.0005, 'steps_per_iteration': None, 'pin': False, 'model_creator': None, 'target_batch_size': 1024, 'model_string': 'resnet18', 'min_batch_size': 512, 'dataset': 'CIFAR', 'placement': None, 'use_nccl': True, 'devices_per_worker': 1, 'primary_resource': 'extra_gpu', 'gpu': False, 'verbose': False, 'lr_config': {'mode': 'log', 'steps': 5, 'initial_lr': 0.005, 'target_lr': 0.005}, 'batch_per_device': 512}",112.87439489364624,0,18,10766.28654156513,2,338.0903813838959
0.007656502723693848,0.08457139730453492,0.0036847829818725582,0.011435496563814124,0.016406702995300292,nan,0.0,0.04633307456970215,0.7481999397277832,0.7179558042049408,-0.7481999397277832,nan,0.0,nan,0.0,nan,0.0,0.7679200172424316,0.6514285350704193,nan,0.0,nan,0.0,60000,2,False,,,32,-0.7179558042049408,d52a417014cd4417a5e099629b0e5417,2019-05-30_14-05-25,1559250325,5.774698972702026,230.99068546295166,18252,steropes,169.229.49.254,"{'starting_lr': 0.005, 'momentum': 0.997, 'weight_decay': 0.0005, 'steps_per_iteration': None, 'pin': False, 'model_creator': None, 'target_batch_size': 1024, 'model_string': 'resnet18', 'min_batch_size': 512, 'dataset': 'CIFAR', 'placement': None, 'use_nccl': True, 'devices_per_worker': 1, 'primary_resource': 'extra_gpu', 'gpu': False, 'verbose': False, 'lr_config': {'mode': 'log', 'steps': 5, 'initial_lr': 0.005, 'target_lr': 0.005}, 'batch_per_device': 512}",118.64909386634827,0,19,10817.538224356298,2,349.6397793292999
0.008428227901458741,0.08915061950683595,0.0031838297843933107,0.010946538983559122,0.017853641510009767,nan,0.0,0.04766339063644409,0.756600022315979,0.701694534778595,-0.756600022315979,nan,0.0,nan,0.0,nan,0.0,0.7756799459457397,0.6279988303756714,nan,0.0,nan,0.0,60000,2,False,,,33,-0.701694534778595,d52a417014cd4417a5e099629b0e5417,2019-05-30_14-05-31,1559250331,5.845319509506226,236.83600497245789,18252,steropes,169.229.49.254,"{'starting_lr': 0.005, 'momentum': 0.997, 'weight_decay': 0.0005, 'steps_per_iteration': None, 'pin': False, 'model_creator': None, 'target_batch_size': 1024, 'model_string': 'resnet18', 'min_batch_size': 512, 'dataset': 'CIFAR', 'placement': None, 'use_nccl': True, 'devices_per_worker': 1, 'primary_resource': 'extra_gpu', 'gpu': False, 'verbose': False, 'lr_config': {'mode': 'log', 'steps': 5, 'initial_lr': 0.005, 'target_lr': 0.005}, 'batch_per_device': 512}",124.49441337585449,0,20,10662.91427984874,2,361.3304183483124
0.008346450328826905,0.0805675506591797,0.002864229679107666,0.011374760647209324,0.018251883983612063,nan,0.0,0.048408138751983645,0.7545999884605408,0.7175968904972077,-0.7545999884605408,nan,0.0,nan,0.0,nan,0.0,0.7823200225830078,0.6163799181842804,nan,0.0,nan,0.0,60000,2,False,,,34,-0.7175968904972077,d52a417014cd4417a5e099629b0e5417,2019-05-30_14-05-36,1559250336,5.753882169723511,242.5898871421814,18252,steropes,169.229.49.254,"{'starting_lr': 0.005, 'momentum': 0.997, 'weight_decay': 0.0005, 'steps_per_iteration': None, 'pin': False, 'model_creator': None, 'target_batch_size': 1024, 'model_string': 'resnet18', 'min_batch_size': 512, 'dataset': 'CIFAR', 'placement': None, 'use_nccl': True, 'devices_per_worker': 1, 'primary_resource': 'extra_gpu', 'gpu': False, 'verbose': False, 'lr_config': {'mode': 'log', 'steps': 5, 'initial_lr': 0.005, 'target_lr': 0.005}, 'batch_per_device': 512}",130.248295545578,0,21,10557.728516051082,2,372.8381826877594
0.00835115909576416,0.08369823694229125,0.0030301094055175783,0.012097925555949308,0.01705775260925293,nan,0.0,0.04911659955978394,0.760200023651123,0.6883678981781005,-0.760200023651123,nan,0.0,nan,0.0,nan,0.0,0.7842999696731567,0.6051045092487335,nan,0.0,nan,0.0,60000,2,False,,,35,-0.6883678981781005,d52a417014cd4417a5e099629b0e5417,2019-05-30_14-05-42,1559250342,5.972938776016235,248.56282591819763,18252,steropes,169.229.49.254,"{'starting_lr': 0.005, 'momentum': 0.997, 'weight_decay': 0.0005, 'steps_per_iteration': None, 'pin': False, 'model_creator': None, 'target_batch_size': 1024, 'model_string': 'resnet18', 'min_batch_size': 512, 'dataset': 'CIFAR', 'placement': None, 'use_nccl': True, 'devices_per_worker': 1, 'primary_resource': 'extra_gpu', 'gpu': False, 'verbose': False, 'lr_config': {'mode': 'log', 'steps': 5, 'initial_lr': 0.005, 'target_lr': 0.005}, 'batch_per_device': 512}",136.22123432159424,0,22,10343.756429442165,2,384.78406023979187
0.008259963989257813,0.0863183617591858,0.0027975678443908692,0.011729196626312877,0.01849043369293213,nan,0.0,0.050289237499237055,0.7596999406814575,0.6777035969257355,-0.7596999406814575,nan,0.0,nan,0.0,nan,0.0,0.7888399958610535,0.5955075959587097,nan,0.0,nan,0.0,60000,2,False,,,36,-0.6777035969257355,d52a417014cd4417a5e099629b0e5417,2019-05-30_14-05-48,1559250348,5.9571003913879395,254.51992630958557,18252,steropes,169.229.49.254,"{'starting_lr': 0.005, 'momentum': 0.997, 'weight_decay': 0.0005, 'steps_per_iteration': None, 'pin': False, 'model_creator': None, 'target_batch_size': 1024, 'model_string': 'resnet18', 'min_batch_size': 512, 'dataset': 'CIFAR', 'placement': None, 'use_nccl': True, 'devices_per_worker': 1, 'primary_resource': 'extra_gpu', 'gpu': False, 'verbose': False, 'lr_config': {'mode': 'log', 'steps': 5, 'initial_lr': 0.005, 'target_lr': 0.005}, 'batch_per_device': 512}",142.17833471298218,0,23,10237.391581274267,2,396.69826102256775
0.008085739612579346,0.08367232084274293,0.0045201778411865234,0.011421006553027094,0.017350280284881593,nan,0.0,0.04720472097396851,0.7601000070571899,0.7024541019439697,-0.7601000070571899,nan,0.0,nan,0.0,nan,0.0,0.7885199785232544,0.588890670003891,nan,0.0,nan,0.0,60000,2,False,,,37,-0.7024541019439697,d52a417014cd4417a5e099629b0e5417,2019-05-30_14-05-54,1559250354,5.876997947692871,260.39692425727844,18252,steropes,169.229.49.254,"{'starting_lr': 0.005, 'momentum': 0.997, 'weight_decay': 0.0005, 'steps_per_iteration': None, 'pin': False, 'model_creator': None, 'target_batch_size': 1024, 'model_string': 'resnet18', 'min_batch_size': 512, 'dataset': 'CIFAR', 'placement': None, 'use_nccl': True, 'devices_per_worker': 1, 'primary_resource': 'extra_gpu', 'gpu': False, 'verbose': False, 'lr_config': {'mode': 'log', 'steps': 5, 'initial_lr': 0.005, 'target_lr': 0.005}, 'batch_per_device': 512}",148.05533266067505,0,24,10201.778531954533,2,408.4522569179535
0.007681846618652344,0.08154088258743286,0.003582489490509033,0.01271585785612768,0.018855535984039308,nan,0.0,0.05174087285995484,0.7691999673843384,0.66772922706604,-0.7691999673843384,nan,0.0,nan,0.0,nan,0.0,0.7948799729347229,0.5833403278541565,nan,0.0,nan,0.0,60000,2,False,,,38,-0.66772922706604,d52a417014cd4417a5e099629b0e5417,2019-05-30_14-06-00,1559250360,5.95824933052063,266.3551735877991,18252,steropes,169.229.49.254,"{'starting_lr': 0.005, 'momentum': 0.997, 'weight_decay': 0.0005, 'steps_per_iteration': None, 'pin': False, 'model_creator': None, 'target_batch_size': 1024, 'model_string': 'resnet18', 'min_batch_size': 512, 'dataset': 'CIFAR', 'placement': None, 'use_nccl': True, 'devices_per_worker': 1, 'primary_resource': 'extra_gpu', 'gpu': False, 'verbose': False, 'lr_config': {'mode': 'log', 'steps': 5, 'initial_lr': 0.005, 'target_lr': 0.005}, 'batch_per_device': 512}",154.01358199119568,0,25,10162.75224859634,2,420.36875557899475
0.008888983726501464,0.08928619623184203,0.0035794854164123537,0.011636639127925952,0.0211989164352417,nan,0.0,0.05222352743148804,0.7673999667167664,0.6899698704719543,-0.7673999667167664,nan,0.0,nan,0.0,nan,0.0,0.7983599901199341,0.5703449196147918,nan,0.0,nan,0.0,60000,2,False,,,39,-0.6899698704719543,d52a417014cd4417a5e099629b0e5417,2019-05-30_14-06-06,1559250366,5.996493101119995,272.35166668891907,18252,steropes,169.229.49.254,"{'starting_lr': 0.005, 'momentum': 0.997, 'weight_decay': 0.0005, 'steps_per_iteration': None, 'pin': False, 'model_creator': None, 'target_batch_size': 1024, 'model_string': 'resnet18', 'min_batch_size': 512, 'dataset': 'CIFAR', 'placement': None, 'use_nccl': True, 'devices_per_worker': 1, 'primary_resource': 'extra_gpu', 'gpu': False, 'verbose': False, 'lr_config': {'mode': 'log', 'steps': 5, 'initial_lr': 0.005, 'target_lr': 0.005}, 'batch_per_device': 512}",160.01007509231567,0,26,10079.911191700408,2,432.36174178123474
0.00914381742477417,0.08777878284454346,0.002957189083099365,0.011649375059166734,0.018907392024993898,nan,0.0,0.04908667802810669,0.7727999687194824,0.6594864718914032,-0.7727999687194824,nan,0.0,nan,0.0,nan,0.0,0.7993999719619751,0.566596967086792,nan,0.0,nan,0.0,60000,2,False,,,40,-0.6594864718914032,d52a417014cd4417a5e099629b0e5417,2019-05-30_14-06-12,1559250372,6.203973770141602,278.55564045906067,18252,steropes,169.229.49.254,"{'starting_lr': 0.005, 'momentum': 0.997, 'weight_decay': 0.0005, 'steps_per_iteration': None, 'pin': False, 'model_creator': None, 'target_batch_size': 1024, 'model_string': 'resnet18', 'min_batch_size': 512, 'dataset': 'CIFAR', 'placement': None, 'use_nccl': True, 'devices_per_worker': 1, 'primary_resource': 'extra_gpu', 'gpu': False, 'verbose': False, 'lr_config': {'mode': 'log', 'steps': 5, 'initial_lr': 0.005, 'target_lr': 0.005}, 'batch_per_device': 512}",166.21404886245728,0,27,10002.26620520945,2,444.76968932151794
0.007752931118011474,0.08425168991088866,0.0032962203025817868,0.011892364949596172,0.020870232582092287,nan,0.0,0.05076231956481934,0.7720999717712402,0.6748304348468781,-0.7720999717712402,nan,0.0,nan,0.0,nan,0.0,0.8038399815559387,0.5525985991764069,nan,0.0,nan,0.0,60000,2,False,,,41,-0.6748304348468781,d52a417014cd4417a5e099629b0e5417,2019-05-30_14-06-18,1559250378,5.939579248428345,284.495219707489,18252,steropes,169.229.49.254,"{'starting_lr': 0.005, 'momentum': 0.997, 'weight_decay': 0.0005, 'steps_per_iteration': None, 'pin': False, 'model_creator': None, 'target_batch_size': 1024, 'model_string': 'resnet18', 'min_batch_size': 512, 'dataset': 'CIFAR', 'placement': None, 'use_nccl': True, 'devices_per_worker': 1, 'primary_resource': 'extra_gpu', 'gpu': False, 'verbose': False, 'lr_config': {'mode': 'log', 'steps': 5, 'initial_lr': 0.005, 'target_lr': 0.005}, 'batch_per_device': 512}",172.15362811088562,0,28,10008.111534490055,2,456.64884781837463
0.008238065242767333,0.08263323307037354,0.0029589772224426266,0.011989189653980489,0.01791118383407593,nan,0.0,0.04617769718170166,0.7803999781608582,0.6402145522117615,-0.7803999781608582,nan,0.0,nan,0.0,nan,0.0,0.8057799339294434,0.5485129289245605,nan,0.0,nan,0.0,60000,2,False,,,42,-0.6402145522117615,d52a417014cd4417a5e099629b0e5417,2019-05-30_14-06-24,1559250384,5.773598670959473,290.2688183784485,18252,steropes,169.229.49.254,"{'starting_lr': 0.005, 'momentum': 0.997, 'weight_decay': 0.0005, 'steps_per_iteration': None, 'pin': False, 'model_creator': None, 'target_batch_size': 1024, 'model_string': 'resnet18', 'min_batch_size': 512, 'dataset': 'CIFAR', 'placement': None, 'use_nccl': True, 'devices_per_worker': 1, 'primary_resource': 'extra_gpu', 'gpu': False, 'verbose': False, 'lr_config': {'mode': 'log', 'steps': 5, 'initial_lr': 0.005, 'target_lr': 0.005}, 'batch_per_device': 512}",177.9272267818451,0,29,10042.754194357729,2,468.1960451602936
0.007897663116455077,0.08414165973663329,0.003184652328491211,0.011890085376038844,0.017447733879089357,nan,0.0,0.04899353981018066,0.7842999696731567,0.6362898939132691,-0.7842999696731567,nan,0.0,nan,0.0,nan,0.0,0.809440016746521,0.5387330599594116,nan,0.0,nan,0.0,60000,2,False,,,43,-0.6362898939132691,d52a417014cd4417a5e099629b0e5417,2019-05-30_14-06-30,1559250390,5.97095251083374,296.2397708892822,18252,steropes,169.229.49.254,"{'starting_lr': 0.005, 'momentum': 0.997, 'weight_decay': 0.0005, 'steps_per_iteration': None, 'pin': False, 'model_creator': None, 'target_batch_size': 1024, 'model_string': 'resnet18', 'min_batch_size': 512, 'dataset': 'CIFAR', 'placement': None, 'use_nccl': True, 'devices_per_worker': 1, 'primary_resource': 'extra_gpu', 'gpu': False, 'verbose': False, 'lr_config': {'mode': 'log', 'steps': 5, 'initial_lr': 0.005, 'target_lr': 0.005}, 'batch_per_device': 512}",183.89817929267883,0,30,10038.460985228185,2,480.13795018196106
0.008375322818756102,0.08304734230041505,0.0030159831047058107,0.011730736615706464,0.0186461329460144,nan,0.0,0.05057761669158936,0.7824000120162964,0.6541293981075287,-0.7824000120162964,nan,0.0,nan,0.0,nan,0.0,0.8125799894332886,0.5341665328788757,nan,0.0,nan,0.0,60000,2,False,,,44,-0.6541293981075287,d52a417014cd4417a5e099629b0e5417,2019-05-30_14-06-36,1559250396,5.8618528842926025,302.10162377357483,18252,steropes,169.229.49.254,"{'starting_lr': 0.005, 'momentum': 0.997, 'weight_decay': 0.0005, 'steps_per_iteration': None, 'pin': False, 'model_creator': None, 'target_batch_size': 1024, 'model_string': 'resnet18', 'min_batch_size': 512, 'dataset': 'CIFAR', 'placement': None, 'use_nccl': True, 'devices_per_worker': 1, 'primary_resource': 'extra_gpu', 'gpu': False, 'verbose': False, 'lr_config': {'mode': 'log', 'steps': 5, 'initial_lr': 0.005, 'target_lr': 0.005}, 'batch_per_device': 512}",189.76003217697144,0,31,10083.888554132649,2,491.86165595054626
0.010752344131469726,0.08402193784713745,0.00290449857711792,0.012140945512421276,0.02236815690994263,nan,0.0,0.05340996980667115,0.785099983215332,0.6326444504261017,-0.785099983215332,nan,0.0,nan,0.0,nan,0.0,0.8135799765586853,0.5217791851615906,nan,0.0,nan,0.0,60000,2,False,,,45,-0.6326444504261017,d52a417014cd4417a5e099629b0e5417,2019-05-30_14-06-42,1559250402,6.0235795974731445,308.125203371048,18252,steropes,169.229.49.254,"{'starting_lr': 0.005, 'momentum': 0.997, 'weight_decay': 0.0005, 'steps_per_iteration': None, 'pin': False, 'model_creator': None, 'target_batch_size': 1024, 'model_string': 'resnet18', 'min_batch_size': 512, 'dataset': 'CIFAR', 'placement': None, 'use_nccl': True, 'devices_per_worker': 1, 'primary_resource': 'extra_gpu', 'gpu': False, 'verbose': False, 'lr_config': {'mode': 'log', 'steps': 5, 'initial_lr': 0.005, 'target_lr': 0.005}, 'batch_per_device': 512}",195.78361177444458,0,32,10145.404833187593,2,503.90881514549255
0.008763909339904785,0.08924012184143067,0.003916478157043457,0.011849778039114816,0.018803095817565917,nan,0.0,0.052109694480896,0.781499981880188,0.6367510061740875,-0.781499981880188,nan,0.0,nan,0.0,nan,0.0,0.8153599500656128,0.5212099370622635,nan,0.0,nan,0.0,60000,2,False,,,46,-0.6367510061740875,d52a417014cd4417a5e099629b0e5417,2019-05-30_14-06-48,1559250408,5.915395259857178,314.04059863090515,18252,steropes,169.229.49.254,"{'starting_lr': 0.005, 'momentum': 0.997, 'weight_decay': 0.0005, 'steps_per_iteration': None, 'pin': False, 'model_creator': None, 'target_batch_size': 1024, 'model_string': 'resnet18', 'min_batch_size': 512, 'dataset': 'CIFAR', 'placement': None, 'use_nccl': True, 'devices_per_worker': 1, 'primary_resource': 'extra_gpu', 'gpu': False, 'verbose': False, 'lr_config': {'mode': 'log', 'steps': 5, 'initial_lr': 0.005, 'target_lr': 0.005}, 'batch_per_device': 512}",201.69900703430176,0,33,10153.708762272967,2,515.7396056652069
0.007675397396087647,0.07880327701568604,0.0027332305908203125,0.0106973867027127,0.0163022518157959,nan,0.0,0.04478251934051514,0.7882000207901001,0.6209812484741211,-0.7882000207901001,nan,0.0,nan,0.0,nan,0.0,0.8199799656867981,0.5069972684669495,nan,0.0,nan,0.0,60000,2,False,,,47,-0.6209812484741211,d52a417014cd4417a5e099629b0e5417,2019-05-30_14-06-53,1559250413,5.285287141799927,319.3258857727051,18252,steropes,169.229.49.254,"{'starting_lr': 0.005, 'momentum': 0.997, 'weight_decay': 0.0005, 'steps_per_iteration': None, 'pin': False, 'model_creator': None, 'target_batch_size': 1024, 'model_string': 'resnet18', 'min_batch_size': 512, 'dataset': 'CIFAR', 'placement': None, 'use_nccl': True, 'devices_per_worker': 1, 'primary_resource': 'extra_gpu', 'gpu': False, 'verbose': False, 'lr_config': {'mode': 'log', 'steps': 5, 'initial_lr': 0.005, 'target_lr': 0.005}, 'batch_per_device': 512}",206.98429417610168,0,34,10324.339722760125,2,526.3101799488068
0.007476496696472168,0.07589622735977172,0.002726280689239502,0.010069275388912278,0.015893328189849853,nan,0.0,0.04403533935546875,0.7860000133514404,0.6366509565353393,-0.7860000133514404,nan,0.0,nan,0.0,nan,0.0,0.8208999633789062,0.5064809342336655,nan,0.0,nan,0.0,60000,2,False,,,48,-0.6366509565353393,d52a417014cd4417a5e099629b0e5417,2019-05-30_14-06-58,1559250418,5.084262132644653,324.41014790534973,18252,steropes,169.229.49.254,"{'starting_lr': 0.005, 'momentum': 0.997, 'weight_decay': 0.0005, 'steps_per_iteration': None, 'pin': False, 'model_creator': None, 'target_batch_size': 1024, 'model_string': 'resnet18', 'min_batch_size': 512, 'dataset': 'CIFAR', 'placement': None, 'use_nccl': True, 'devices_per_worker': 1, 'primary_resource': 'extra_gpu', 'gpu': False, 'verbose': False, 'lr_config': {'mode': 'log', 'steps': 5, 'initial_lr': 0.005, 'target_lr': 0.005}, 'batch_per_device': 512}",212.06855630874634,0,35,10649.32799841404,2,536.4787042140961
0.0075688958168029785,0.07425005435943603,0.0029866576194763185,0.009870429428256288,0.015959084033966064,nan,0.0,0.043640816211700434,0.7787999510765076,0.664914286327362,-0.7787999510765076,nan,0.0,nan,0.0,nan,0.0,0.8242199420928955,0.4966119076728821,nan,0.0,nan,0.0,60000,2,False,,,49,-0.664914286327362,d52a417014cd4417a5e099629b0e5417,2019-05-30_14-07-03,1559250423,5.144165992736816,329.55431389808655,18252,steropes,169.229.49.254,"{'starting_lr': 0.005, 'momentum': 0.997, 'weight_decay': 0.0005, 'steps_per_iteration': None, 'pin': False, 'model_creator': None, 'target_batch_size': 1024, 'model_string': 'resnet18', 'min_batch_size': 512, 'dataset': 'CIFAR', 'placement': None, 'use_nccl': True, 'devices_per_worker': 1, 'primary_resource': 'extra_gpu', 'gpu': False, 'verbose': False, 'lr_config': {'mode': 'log', 'steps': 5, 'initial_lr': 0.005, 'target_lr': 0.005}, 'batch_per_device': 512}",217.21272230148315,0,36,10927.727190886973,2,546.7670361995697
0.007448863983154297,0.07610210180282592,0.002797162532806397,0.010052359834009287,0.01591248512268066,nan,0.0,0.04375301599502564,0.7953000068664551,0.6177037365913391,-0.7953000068664551,nan,0.0,nan,0.0,nan,0.0,0.8259400129318237,0.4931529647731781,nan,0.0,nan,0.0,60000,2,False,,,50,-0.6177037365913391,d52a417014cd4417a5e099629b0e5417,2019-05-30_14-07-09,1559250429,5.162409782409668,334.7167236804962,18252,steropes,169.229.49.254,"{'starting_lr': 0.005, 'momentum': 0.997, 'weight_decay': 0.0005, 'steps_per_iteration': None, 'pin': False, 'model_creator': None, 'target_batch_size': 1024, 'model_string': 'resnet18', 'min_batch_size': 512, 'dataset': 'CIFAR', 'placement': None, 'use_nccl': True, 'devices_per_worker': 1, 'primary_resource': 'extra_gpu', 'gpu': False, 'verbose': False, 'lr_config': {'mode': 'log', 'steps': 5, 'initial_lr': 0.005, 'target_lr': 0.005}, 'batch_per_device': 512}",222.37513208389282,0,37,11281.6185867432,2,557.091855764389
0.008229851722717285,0.07809888124465943,0.0027611613273620605,0.010528381989926708,0.017215824127197264,nan,0.0,0.04533008337020874,0.7970999479293823,0.6137660068035126,-0.7970999479293823,nan,0.0,nan,0.0,nan,0.0,0.8307999968528748,0.4817765017461777,nan,0.0,nan,0.0,60000,2,False,,,51,-0.6137660068035126,d52a417014cd4417a5e099629b0e5417,2019-05-30_14-07-14,1559250434,5.391515493392944,340.10823917388916,18252,steropes,169.229.49.254,"{'starting_lr': 0.005, 'momentum': 0.997, 'weight_decay': 0.0005, 'steps_per_iteration': None, 'pin': False, 'model_creator': None, 'target_batch_size': 1024, 'model_string': 'resnet18', 'min_batch_size': 512, 'dataset': 'CIFAR', 'placement': None, 'use_nccl': True, 'devices_per_worker': 1, 'primary_resource': 'extra_gpu', 'gpu': False, 'verbose': False, 'lr_config': {'mode': 'log', 'steps': 5, 'initial_lr': 0.005, 'target_lr': 0.005}, 'batch_per_device': 512}",227.76664757728577,0,38,11508.340921166133,2,567.8748867511749
0.008081912994384766,0.08153369426727294,0.0027030467987060546,0.010831268466248805,0.01654045581817627,nan,0.0,0.0476280689239502,0.7918000221252441,0.6302826691150665,-0.7918000221252441,nan,0.0,nan,0.0,nan,0.0,0.8330999612808228,0.4786646868181229,nan,0.0,nan,0.0,60000,2,False,,,52,-0.6302826691150665,d52a417014cd4417a5e099629b0e5417,2019-05-30_14-07-20,1559250440,5.488016843795776,345.59625601768494,18252,steropes,169.229.49.254,"{'starting_lr': 0.005, 'momentum': 0.997, 'weight_decay': 0.0005, 'steps_per_iteration': None, 'pin': False, 'model_creator': None, 'target_batch_size': 1024, 'model_string': 'resnet18', 'min_batch_size': 512, 'dataset': 'CIFAR', 'placement': None, 'use_nccl': True, 'devices_per_worker': 1, 'primary_resource': 'extra_gpu', 'gpu': False, 'verbose': False, 'lr_config': {'mode': 'log', 'steps': 5, 'initial_lr': 0.005, 'target_lr': 0.005}, 'batch_per_device': 512}",233.25466442108154,0,39,11419.533130499904,2,578.8509204387665
