{"apply": 0.007019639015197754, "batch_time": 0.19054534435272216, "d2h": 0.0051316976547241214, "data_time": 0.041596461315544286, "fwd": 0.07483253479003907, "get_state_time_mean": NaN, "get_state_time_total": 0.0, "grad": 0.1820988655090332, "mean_accuracy": 0.3215000033378601, "mean_loss": 1.909309143447876, "neg_mean_accuracy": -0.3215000033378601, "set_state_time_mean": NaN, "set_state_time_total": 0.0, "setup_model_time_mean": 9.841866731643677, "setup_model_time_total": 9.841866731643677, "setup_proc_time_mean": 1.608536958694458, "setup_proc_time_total": 1.608536958694458, "train_accuracy": 0.25779998302459717, "train_loss": 2.5517394585418702, "training_time_mean": NaN, "training_time_total": 0.0, "validation_time_mean": NaN, "validation_time_total": 0.0, "samples": 60000, "num_workers": 1, "done": false, "timesteps_total": null, "episodes_total": null, "training_iteration": 1, "neg_mean_loss": -1.909309143447876, "experiment_id": "d52a417014cd4417a5e099629b0e5417", "date": "2019-05-30_14-01-18", "timestamp": 1559250078, "time_this_iter_s": 11.871474981307983, "time_total_s": 11.871474981307983, "pid": 18246, "hostname": "steropes", "node_ip": "169.229.49.254", "config": {"starting_lr": 0.005, "momentum": 0.997, "weight_decay": 0.0005, "steps_per_iteration": null, "pin": false, "model_creator": null, "target_batch_size": 1024, "model_string": "resnet18", "min_batch_size": 512, "dataset": "CIFAR", "placement": null, "use_nccl": true, "devices_per_worker": 1, "primary_resource": "extra_gpu", "gpu": false, "verbose": false, "lr_config": {"mode": "log", "steps": 5, "initial_lr": 0.005, "target_lr": 0.005}, "batch_per_device": 1024}, "time_since_restore": 11.871474981307983, "timesteps_since_restore": 0, "iterations_since_restore": 1, "mean_throughput": 5054.094309946921, "atoms": 1, "resource_time": 11.871474981307983}
{"apply": 0.007400989532470703, "batch_time": 0.11419336795806885, "d2h": 0.004767274856567383, "data_time": 0.03980232744800801, "fwd": 0.022114825248718262, "get_state_time_mean": NaN, "get_state_time_total": 0.0, "grad": 0.05195727348327637, "mean_accuracy": 0.38429999351501465, "mean_loss": 1.7852632543563842, "neg_mean_accuracy": -0.38429999351501465, "set_state_time_mean": NaN, "set_state_time_total": 0.0, "setup_model_time_mean": NaN, "setup_model_time_total": 0.0, "setup_proc_time_mean": NaN, "setup_proc_time_total": 0.0, "train_accuracy": 0.3845599889755249, "train_loss": 1.6726977045059204, "training_time_mean": NaN, "training_time_total": 0.0, "validation_time_mean": NaN, "validation_time_total": 0.0, "samples": 60000, "num_workers": 1, "done": false, "timesteps_total": null, "episodes_total": null, "training_iteration": 2, "neg_mean_loss": -1.7852632543563842, "experiment_id": "d52a417014cd4417a5e099629b0e5417", "date": "2019-05-30_14-01-26", "timestamp": 1559250086, "time_this_iter_s": 7.635911464691162, "time_total_s": 19.507386445999146, "pid": 18246, "hostname": "steropes", "node_ip": "169.229.49.254", "config": {"starting_lr": 0.005, "momentum": 0.997, "weight_decay": 0.0005, "steps_per_iteration": null, "pin": false, "model_creator": null, "target_batch_size": 1024, "model_string": "resnet18", "min_batch_size": 512, "dataset": "CIFAR", "placement": null, "use_nccl": true, "devices_per_worker": 1, "primary_resource": "extra_gpu", "gpu": false, "verbose": false, "lr_config": {"mode": "log", "steps": 5, "initial_lr": 0.005, "target_lr": 0.005}, "batch_per_device": 1024}, "time_since_restore": 19.507386445999146, "timesteps_since_restore": 0, "iterations_since_restore": 2, "mean_throughput": 6151.433908758951, "atoms": 1, "resource_time": 19.507386445999146}
{"apply": 0.009279322624206544, "batch_time": 0.1333469867706299, "d2h": 0.006718850135803223, "data_time": 0.028572822103694995, "fwd": 0.034442996978759764, "get_state_time_mean": NaN, "get_state_time_total": 0.0, "grad": 0.059133267402648924, "mean_accuracy": 0.4203999936580658, "mean_loss": 1.6545950300216674, "neg_mean_accuracy": -0.4203999936580658, "set_state_time_mean": NaN, "set_state_time_total": 0.0, "setup_model_time_mean": NaN, "setup_model_time_total": 0.0, "setup_proc_time_mean": NaN, "setup_proc_time_total": 0.0, "train_accuracy": 0.43522000312805176, "train_loss": 1.5455125776290894, "training_time_mean": NaN, "training_time_total": 0.0, "validation_time_mean": NaN, "validation_time_total": 0.0, "samples": 60000, "num_workers": 1, "done": false, "timesteps_total": null, "episodes_total": null, "training_iteration": 3, "neg_mean_loss": -1.6545950300216674, "experiment_id": "d52a417014cd4417a5e099629b0e5417", "date": "2019-05-30_14-01-34", "timestamp": 1559250094, "time_this_iter_s": 8.371917724609375, "time_total_s": 27.87930417060852, "pid": 18246, "hostname": "steropes", "node_ip": "169.229.49.254", "config": {"starting_lr": 0.005, "momentum": 0.997, "weight_decay": 0.0005, "steps_per_iteration": null, "pin": false, "model_creator": null, "target_batch_size": 1024, "model_string": "resnet18", "min_batch_size": 512, "dataset": "CIFAR", "placement": null, "use_nccl": true, "devices_per_worker": 1, "primary_resource": "extra_gpu", "gpu": false, "verbose": false, "lr_config": {"mode": "log", "steps": 5, "initial_lr": 0.005, "target_lr": 0.005}, "batch_per_device": 1024}, "time_since_restore": 27.87930417060852, "timesteps_since_restore": 0, "iterations_since_restore": 3, "mean_throughput": 6456.322940933562, "atoms": 1, "resource_time": 27.87930417060852}
{"apply": 0.010635924339294434, "batch_time": 0.13641824722290039, "d2h": 0.005413556098937988, "data_time": 0.028769823969626913, "fwd": 0.033920907974243165, "get_state_time_mean": NaN, "get_state_time_total": 0.0, "grad": 0.05690498352050781, "mean_accuracy": 0.48240000009536743, "mean_loss": 1.4958113792419434, "neg_mean_accuracy": -0.48240000009536743, "set_state_time_mean": NaN, "set_state_time_total": 0.0, "setup_model_time_mean": NaN, "setup_model_time_total": 0.0, "setup_proc_time_mean": NaN, "setup_proc_time_total": 0.0, "train_accuracy": 0.4568599760532379, "train_loss": 1.4892132577896118, "training_time_mean": NaN, "training_time_total": 0.0, "validation_time_mean": NaN, "validation_time_total": 0.0, "samples": 60000, "num_workers": 1, "done": false, "timesteps_total": null, "episodes_total": null, "training_iteration": 4, "neg_mean_loss": -1.4958113792419434, "experiment_id": "d52a417014cd4417a5e099629b0e5417", "date": "2019-05-30_14-01-42", "timestamp": 1559250102, "time_this_iter_s": 8.265655755996704, "time_total_s": 36.144959926605225, "pid": 18246, "hostname": "steropes", "node_ip": "169.229.49.254", "config": {"starting_lr": 0.005, "momentum": 0.997, "weight_decay": 0.0005, "steps_per_iteration": null, "pin": false, "model_creator": null, "target_batch_size": 1024, "model_string": "resnet18", "min_batch_size": 512, "dataset": "CIFAR", "placement": null, "use_nccl": true, "devices_per_worker": 1, "primary_resource": "extra_gpu", "gpu": false, "verbose": false, "lr_config": {"mode": "log", "steps": 5, "initial_lr": 0.005, "target_lr": 0.005}, "batch_per_device": 1024}, "time_since_restore": 36.144959926605225, "timesteps_since_restore": 0, "iterations_since_restore": 4, "mean_throughput": 6639.852373989412, "atoms": 1, "resource_time": 36.144959926605225}
{"apply": 0.007259225845336914, "batch_time": 0.13534035682678222, "d2h": 0.005707979202270508, "data_time": 0.04695641751192054, "fwd": 0.027554941177368165, "get_state_time_mean": NaN, "get_state_time_total": 0.0, "grad": 0.05659303665161133, "mean_accuracy": 0.4878000020980835, "mean_loss": 1.5414276288986206, "neg_mean_accuracy": -0.4878000020980835, "set_state_time_mean": NaN, "set_state_time_total": 0.0, "setup_model_time_mean": NaN, "setup_model_time_total": 0.0, "setup_proc_time_mean": NaN, "setup_proc_time_total": 0.0, "train_accuracy": 0.48183998465538025, "train_loss": 1.429675168685913, "training_time_mean": NaN, "training_time_total": 0.0, "validation_time_mean": NaN, "validation_time_total": 0.0, "samples": 60000, "num_workers": 1, "done": false, "timesteps_total": null, "episodes_total": null, "training_iteration": 5, "neg_mean_loss": -1.5414276288986206, "experiment_id": "d52a417014cd4417a5e099629b0e5417", "date": "2019-05-30_14-01-51", "timestamp": 1559250111, "time_this_iter_s": 8.850141763687134, "time_total_s": 44.99510169029236, "pid": 18246, "hostname": "steropes", "node_ip": "169.229.49.254", "config": {"starting_lr": 0.005, "momentum": 0.997, "weight_decay": 0.0005, "steps_per_iteration": null, "pin": false, "model_creator": null, "target_batch_size": 1024, "model_string": "resnet18", "min_batch_size": 512, "dataset": "CIFAR", "placement": null, "use_nccl": true, "devices_per_worker": 1, "primary_resource": "extra_gpu", "gpu": false, "verbose": false, "lr_config": {"mode": "log", "steps": 5, "initial_lr": 0.005, "target_lr": 0.005}, "batch_per_device": 1024}, "time_since_restore": 44.99510169029236, "timesteps_since_restore": 0, "iterations_since_restore": 5, "mean_throughput": 6667.317206667148, "atoms": 1, "resource_time": 44.99510169029236}
{"apply": 0.009253954887390137, "batch_time": 0.12483508586883545, "d2h": 0.007037472724914551, "data_time": 0.03415173900370695, "fwd": 0.027543520927429198, "get_state_time_mean": NaN, "get_state_time_total": 0.0, "grad": 0.053166747093200684, "mean_accuracy": 0.5295999646186829, "mean_loss": 1.3248098609924317, "neg_mean_accuracy": -0.5295999646186829, "set_state_time_mean": NaN, "set_state_time_total": 0.0, "setup_model_time_mean": NaN, "setup_model_time_total": 0.0, "setup_proc_time_mean": NaN, "setup_proc_time_total": 0.0, "train_accuracy": 0.5090599656105042, "train_loss": 1.3680317431640625, "training_time_mean": NaN, "training_time_total": 0.0, "validation_time_mean": NaN, "validation_time_total": 0.0, "samples": 60000, "num_workers": 1, "done": false, "timesteps_total": null, "episodes_total": null, "training_iteration": 6, "neg_mean_loss": -1.3248098609924317, "experiment_id": "d52a417014cd4417a5e099629b0e5417", "date": "2019-05-30_14-02-00", "timestamp": 1559250120, "time_this_iter_s": 8.304860830307007, "time_total_s": 53.299962520599365, "pid": 18246, "hostname": "steropes", "node_ip": "169.229.49.254", "config": {"starting_lr": 0.005, "momentum": 0.997, "weight_decay": 0.0005, "steps_per_iteration": null, "pin": false, "model_creator": null, "target_batch_size": 1024, "model_string": "resnet18", "min_batch_size": 512, "dataset": "CIFAR", "placement": null, "use_nccl": true, "devices_per_worker": 1, "primary_resource": "extra_gpu", "gpu": false, "verbose": false, "lr_config": {"mode": "log", "steps": 5, "initial_lr": 0.005, "target_lr": 0.005}, "batch_per_device": 1024}, "time_since_restore": 53.299962520599365, "timesteps_since_restore": 0, "iterations_since_restore": 6, "mean_throughput": 7241.30500105412, "atoms": 1, "resource_time": 53.299962520599365}
{"apply": 0.008455729484558106, "batch_time": 0.12386903762817383, "d2h": 0.006045889854431152, "data_time": 0.038822835805464764, "fwd": 0.02350015640258789, "get_state_time_mean": NaN, "get_state_time_total": 0.0, "grad": 0.05600745677947998, "mean_accuracy": 0.5381999611854553, "mean_loss": 1.29658131275177, "neg_mean_accuracy": -0.5381999611854553, "set_state_time_mean": NaN, "set_state_time_total": 0.0, "setup_model_time_mean": NaN, "setup_model_time_total": 0.0, "setup_proc_time_mean": NaN, "setup_proc_time_total": 0.0, "train_accuracy": 0.5306199789047241, "train_loss": 1.2993085734176635, "training_time_mean": NaN, "training_time_total": 0.0, "validation_time_mean": NaN, "validation_time_total": 0.0, "samples": 60000, "num_workers": 1, "done": false, "timesteps_total": null, "episodes_total": null, "training_iteration": 7, "neg_mean_loss": -1.29658131275177, "experiment_id": "d52a417014cd4417a5e099629b0e5417", "date": "2019-05-30_14-02-08", "timestamp": 1559250128, "time_this_iter_s": 8.678833961486816, "time_total_s": 61.97879648208618, "pid": 18246, "hostname": "steropes", "node_ip": "169.229.49.254", "config": {"starting_lr": 0.005, "momentum": 0.997, "weight_decay": 0.0005, "steps_per_iteration": null, "pin": false, "model_creator": null, "target_batch_size": 1024, "model_string": "resnet18", "min_batch_size": 512, "dataset": "CIFAR", "placement": null, "use_nccl": true, "devices_per_worker": 1, "primary_resource": "extra_gpu", "gpu": false, "verbose": false, "lr_config": {"mode": "log", "steps": 5, "initial_lr": 0.005, "target_lr": 0.005}, "batch_per_device": 1024}, "time_since_restore": 61.97879648208618, "timesteps_since_restore": 0, "iterations_since_restore": 7, "mean_throughput": 7063.484310551676, "atoms": 1, "resource_time": 61.97879648208618}
{"apply": 0.007600092887878418, "batch_time": 0.11844959259033203, "d2h": 0.007864427566528321, "data_time": 0.036303505605580856, "fwd": 0.027081561088562012, "get_state_time_mean": NaN, "get_state_time_total": 0.0, "grad": 0.058683466911315915, "mean_accuracy": 0.574400007724762, "mean_loss": 1.2097785205841065, "neg_mean_accuracy": -0.574400007724762, "set_state_time_mean": NaN, "set_state_time_total": 0.0, "setup_model_time_mean": NaN, "setup_model_time_total": 0.0, "setup_proc_time_mean": NaN, "setup_proc_time_total": 0.0, "train_accuracy": 0.5511599779129028, "train_loss": 1.2441127809524537, "training_time_mean": NaN, "training_time_total": 0.0, "validation_time_mean": NaN, "validation_time_total": 0.0, "samples": 60000, "num_workers": 1, "done": false, "timesteps_total": null, "episodes_total": null, "training_iteration": 8, "neg_mean_loss": -1.2097785205841065, "experiment_id": "d52a417014cd4417a5e099629b0e5417", "date": "2019-05-30_14-02-17", "timestamp": 1559250137, "time_this_iter_s": 8.330876350402832, "time_total_s": 70.30967283248901, "pid": 18246, "hostname": "steropes", "node_ip": "169.229.49.254", "config": {"starting_lr": 0.005, "momentum": 0.997, "weight_decay": 0.0005, "steps_per_iteration": null, "pin": false, "model_creator": null, "target_batch_size": 1024, "model_string": "resnet18", "min_batch_size": 512, "dataset": "CIFAR", "placement": null, "use_nccl": true, "devices_per_worker": 1, "primary_resource": "extra_gpu", "gpu": false, "verbose": false, "lr_config": {"mode": "log", "steps": 5, "initial_lr": 0.005, "target_lr": 0.005}, "batch_per_device": 1024}, "time_since_restore": 70.30967283248901, "timesteps_since_restore": 0, "iterations_since_restore": 8, "mean_throughput": 7070.317828376951, "atoms": 1, "resource_time": 70.30967283248901}
{"apply": 0.007304835319519043, "batch_time": 0.1258403778076172, "d2h": 0.005363893508911133, "data_time": 0.031893559864589145, "fwd": 0.02372581958770752, "get_state_time_mean": NaN, "get_state_time_total": 0.0, "grad": 0.05159227848052979, "mean_accuracy": 0.5864999890327454, "mean_loss": 1.149113907623291, "neg_mean_accuracy": -0.5864999890327454, "set_state_time_mean": NaN, "set_state_time_total": 0.0, "setup_model_time_mean": NaN, "setup_model_time_total": 0.0, "setup_proc_time_mean": NaN, "setup_proc_time_total": 0.0, "train_accuracy": 0.5695199966430664, "train_loss": 1.197963183670044, "training_time_mean": NaN, "training_time_total": 0.0, "validation_time_mean": NaN, "validation_time_total": 0.0, "samples": 60000, "num_workers": 1, "done": false, "timesteps_total": null, "episodes_total": null, "training_iteration": 9, "neg_mean_loss": -1.149113907623291, "experiment_id": "d52a417014cd4417a5e099629b0e5417", "date": "2019-05-30_14-02-25", "timestamp": 1559250145, "time_this_iter_s": 8.45703935623169, "time_total_s": 78.7667121887207, "pid": 18246, "hostname": "steropes", "node_ip": "169.229.49.254", "config": {"starting_lr": 0.005, "momentum": 0.997, "weight_decay": 0.0005, "steps_per_iteration": null, "pin": false, "model_creator": null, "target_batch_size": 1024, "model_string": "resnet18", "min_batch_size": 512, "dataset": "CIFAR", "placement": null, "use_nccl": true, "devices_per_worker": 1, "primary_resource": "extra_gpu", "gpu": false, "verbose": false, "lr_config": {"mode": "log", "steps": 5, "initial_lr": 0.005, "target_lr": 0.005}, "batch_per_device": 1024}, "time_since_restore": 78.7667121887207, "timesteps_since_restore": 0, "iterations_since_restore": 9, "mean_throughput": 7038.570011226327, "atoms": 1, "resource_time": 78.7667121887207}
{"apply": 0.006909680366516113, "batch_time": 0.13677260875701905, "d2h": 0.0057991743087768555, "data_time": 0.03437645094735282, "fwd": 0.022240161895751953, "get_state_time_mean": NaN, "get_state_time_total": 0.0, "grad": 0.04550294876098633, "mean_accuracy": 0.5958999991416931, "mean_loss": 1.1804789768218995, "neg_mean_accuracy": -0.5958999991416931, "set_state_time_mean": NaN, "set_state_time_total": 0.0, "setup_model_time_mean": NaN, "setup_model_time_total": 0.0, "setup_proc_time_mean": NaN, "setup_proc_time_total": 0.0, "train_accuracy": 0.5818600058555603, "train_loss": 1.1661894878768921, "training_time_mean": NaN, "training_time_total": 0.0, "validation_time_mean": NaN, "validation_time_total": 0.0, "samples": 60000, "num_workers": 1, "done": false, "timesteps_total": null, "episodes_total": null, "training_iteration": 10, "neg_mean_loss": -1.1804789768218995, "experiment_id": "d52a417014cd4417a5e099629b0e5417", "date": "2019-05-30_14-02-33", "timestamp": 1559250153, "time_this_iter_s": 8.261797189712524, "time_total_s": 87.02850937843323, "pid": 18246, "hostname": "steropes", "node_ip": "169.229.49.254", "config": {"starting_lr": 0.005, "momentum": 0.997, "weight_decay": 0.0005, "steps_per_iteration": null, "pin": false, "model_creator": null, "target_batch_size": 1024, "model_string": "resnet18", "min_batch_size": 512, "dataset": "CIFAR", "placement": null, "use_nccl": true, "devices_per_worker": 1, "primary_resource": "extra_gpu", "gpu": false, "verbose": false, "lr_config": {"mode": "log", "steps": 5, "initial_lr": 0.005, "target_lr": 0.005}, "batch_per_device": 1024}, "time_since_restore": 87.02850937843323, "timesteps_since_restore": 0, "iterations_since_restore": 10, "mean_throughput": 7137.089357760754, "atoms": 1, "resource_time": 87.02850937843323}
{"apply": 0.009302234649658203, "batch_time": 0.13499643802642822, "d2h": 0.0054726839065551754, "data_time": 0.029498786342387298, "fwd": 0.023369836807250976, "get_state_time_mean": NaN, "get_state_time_total": 0.0, "grad": 0.053056955337524414, "mean_accuracy": 0.6139999628067017, "mean_loss": 1.0933390005111694, "neg_mean_accuracy": -0.6139999628067017, "set_state_time_mean": NaN, "set_state_time_total": 0.0, "setup_model_time_mean": NaN, "setup_model_time_total": 0.0, "setup_proc_time_mean": NaN, "setup_proc_time_total": 0.0, "train_accuracy": 0.6009399890899658, "train_loss": 1.1214643546295167, "training_time_mean": NaN, "training_time_total": 0.0, "validation_time_mean": NaN, "validation_time_total": 0.0, "samples": 60000, "num_workers": 1, "done": false, "timesteps_total": null, "episodes_total": null, "training_iteration": 11, "neg_mean_loss": -1.0933390005111694, "experiment_id": "d52a417014cd4417a5e099629b0e5417", "date": "2019-05-30_14-02-42", "timestamp": 1559250162, "time_this_iter_s": 8.282217264175415, "time_total_s": 95.31072664260864, "pid": 18246, "hostname": "steropes", "node_ip": "169.229.49.254", "config": {"starting_lr": 0.005, "momentum": 0.997, "weight_decay": 0.0005, "steps_per_iteration": null, "pin": false, "model_creator": null, "target_batch_size": 1024, "model_string": "resnet18", "min_batch_size": 512, "dataset": "CIFAR", "placement": null, "use_nccl": true, "devices_per_worker": 1, "primary_resource": "extra_gpu", "gpu": false, "verbose": false, "lr_config": {"mode": "log", "steps": 5, "initial_lr": 0.005, "target_lr": 0.005}, "batch_per_device": 1024}, "time_since_restore": 95.31072664260864, "timesteps_since_restore": 0, "iterations_since_restore": 11, "mean_throughput": 7140.938632013821, "atoms": 1, "resource_time": 95.31072664260864}
{"apply": 0.00736703872680664, "batch_time": 0.1444549083709717, "d2h": 0.006068015098571777, "data_time": 0.04006966279477489, "fwd": 0.02670276165008545, "get_state_time_mean": NaN, "get_state_time_total": 0.0, "grad": 0.053746390342712405, "mean_accuracy": 0.6435999870300293, "mean_loss": 1.029304041004181, "neg_mean_accuracy": -0.6435999870300293, "set_state_time_mean": NaN, "set_state_time_total": 0.0, "setup_model_time_mean": NaN, "setup_model_time_total": 0.0, "setup_proc_time_mean": NaN, "setup_proc_time_total": 0.0, "train_accuracy": 0.614080011844635, "train_loss": 1.0795089085006715, "training_time_mean": NaN, "training_time_total": 0.0, "validation_time_mean": NaN, "validation_time_total": 0.0, "samples": 60000, "num_workers": 1, "done": false, "timesteps_total": null, "episodes_total": null, "training_iteration": 12, "neg_mean_loss": -1.029304041004181, "experiment_id": "d52a417014cd4417a5e099629b0e5417", "date": "2019-05-30_14-02-51", "timestamp": 1559250171, "time_this_iter_s": 8.933337688446045, "time_total_s": 104.24406433105469, "pid": 18246, "hostname": "steropes", "node_ip": "169.229.49.254", "config": {"starting_lr": 0.005, "momentum": 0.997, "weight_decay": 0.0005, "steps_per_iteration": null, "pin": false, "model_creator": null, "target_batch_size": 1024, "model_string": "resnet18", "min_batch_size": 512, "dataset": "CIFAR", "placement": null, "use_nccl": true, "devices_per_worker": 1, "primary_resource": "extra_gpu", "gpu": false, "verbose": false, "lr_config": {"mode": "log", "steps": 5, "initial_lr": 0.005, "target_lr": 0.005}, "batch_per_device": 1024}, "time_since_restore": 104.24406433105469, "timesteps_since_restore": 0, "iterations_since_restore": 12, "mean_throughput": 7097.9620436829, "atoms": 1, "resource_time": 104.24406433105469}
{"apply": 0.006981945037841797, "batch_time": 0.11653401851654052, "d2h": 0.00525968074798584, "data_time": 0.040578545356283385, "fwd": 0.0208148717880249, "get_state_time_mean": NaN, "get_state_time_total": 0.0, "grad": 0.04383981227874756, "mean_accuracy": 0.6366999745368958, "mean_loss": 1.0113454595565796, "neg_mean_accuracy": -0.6366999745368958, "set_state_time_mean": NaN, "set_state_time_total": 0.0, "setup_model_time_mean": NaN, "setup_model_time_total": 0.0, "setup_proc_time_mean": NaN, "setup_proc_time_total": 0.0, "train_accuracy": 0.6266199946403503, "train_loss": 1.0424901538085938, "training_time_mean": NaN, "training_time_total": 0.0, "validation_time_mean": NaN, "validation_time_total": 0.0, "samples": 60000, "num_workers": 1, "done": false, "timesteps_total": null, "episodes_total": null, "training_iteration": 13, "neg_mean_loss": -1.0113454595565796, "experiment_id": "d52a417014cd4417a5e099629b0e5417", "date": "2019-05-30_14-02-59", "timestamp": 1559250179, "time_this_iter_s": 8.097527265548706, "time_total_s": 112.3415915966034, "pid": 18246, "hostname": "steropes", "node_ip": "169.229.49.254", "config": {"starting_lr": 0.005, "momentum": 0.997, "weight_decay": 0.0005, "steps_per_iteration": null, "pin": false, "model_creator": null, "target_batch_size": 1024, "model_string": "resnet18", "min_batch_size": 512, "dataset": "CIFAR", "placement": null, "use_nccl": true, "devices_per_worker": 1, "primary_resource": "extra_gpu", "gpu": false, "verbose": false, "lr_config": {"mode": "log", "steps": 5, "initial_lr": 0.005, "target_lr": 0.005}, "batch_per_device": 1024}, "time_since_restore": 112.3415915966034, "timesteps_since_restore": 0, "iterations_since_restore": 13, "mean_throughput": 7137.36517174454, "atoms": 1, "resource_time": 112.3415915966034}
{"apply": 0.00785965919494629, "batch_time": 0.11452784538269042, "d2h": 0.0035662770271301268, "data_time": 0.012373600687299455, "fwd": 0.05020332336425781, "get_state_time_mean": NaN, "get_state_time_total": 0.0, "grad": 0.10957269668579102, "mean_accuracy": 0.6575000286102295, "mean_loss": 0.970259033536911, "neg_mean_accuracy": -0.6575000286102295, "set_state_time_mean": 3.4016717672348022, "set_state_time_total": 3.4016717672348022, "setup_model_time_mean": 11.002933621406555, "setup_model_time_total": 11.002933621406555, "setup_proc_time_mean": 1.7912830114364624, "setup_proc_time_total": 1.7912830114364624, "train_accuracy": 0.637179970741272, "train_loss": 1.015868486766815, "training_time_mean": NaN, "training_time_total": 0.0, "validation_time_mean": NaN, "validation_time_total": 0.0, "samples": 60000, "num_workers": 2, "done": false, "timesteps_total": null, "episodes_total": null, "training_iteration": 14, "neg_mean_loss": -0.970259033536911, "experiment_id": "d52a417014cd4417a5e099629b0e5417", "date": "2019-05-30_14-03-35", "timestamp": 1559250215, "time_this_iter_s": 8.602837800979614, "time_total_s": 120.94442939758301, "pid": 18252, "hostname": "steropes", "node_ip": "169.229.49.254", "config": {"starting_lr": 0.005, "momentum": 0.997, "weight_decay": 0.0005, "steps_per_iteration": null, "pin": false, "model_creator": null, "target_batch_size": 1024, "model_string": "resnet18", "min_batch_size": 512, "dataset": "CIFAR", "placement": null, "use_nccl": true, "devices_per_worker": 1, "primary_resource": "extra_gpu", "gpu": false, "verbose": false, "lr_config": {"mode": "log", "steps": 5, "initial_lr": 0.005, "target_lr": 0.005}, "batch_per_device": 512}, "time_since_restore": 8.602837800979614, "timesteps_since_restore": 0, "iterations_since_restore": 1, "mean_throughput": 6974.340726058723, "atoms": 2, "resource_time": 129.54726719856262}
{"apply": 0.007525062561035157, "batch_time": 0.08735712766647338, "d2h": 0.003857481479644775, "data_time": 0.014014010526696031, "fwd": 0.017005884647369386, "get_state_time_mean": NaN, "get_state_time_total": 0.0, "grad": 0.047621405124664305, "mean_accuracy": 0.6684999465942383, "mean_loss": 0.9466300665378571, "neg_mean_accuracy": -0.6684999465942383, "set_state_time_mean": NaN, "set_state_time_total": 0.0, "setup_model_time_mean": NaN, "setup_model_time_total": 0.0, "setup_proc_time_mean": NaN, "setup_proc_time_total": 0.0, "train_accuracy": 0.6485999822616577, "train_loss": 0.9849298525047303, "training_time_mean": NaN, "training_time_total": 0.0, "validation_time_mean": NaN, "validation_time_total": 0.0, "samples": 60000, "num_workers": 2, "done": false, "timesteps_total": null, "episodes_total": null, "training_iteration": 15, "neg_mean_loss": -0.9466300665378571, "experiment_id": "d52a417014cd4417a5e099629b0e5417", "date": "2019-05-30_14-03-41", "timestamp": 1559250221, "time_this_iter_s": 6.35198974609375, "time_total_s": 127.29641914367676, "pid": 18252, "hostname": "steropes", "node_ip": "169.229.49.254", "config": {"starting_lr": 0.005, "momentum": 0.997, "weight_decay": 0.0005, "steps_per_iteration": null, "pin": false, "model_creator": null, "target_batch_size": 1024, "model_string": "resnet18", "min_batch_size": 512, "dataset": "CIFAR", "placement": null, "use_nccl": true, "devices_per_worker": 1, "primary_resource": "extra_gpu", "gpu": false, "verbose": false, "lr_config": {"mode": "log", "steps": 5, "initial_lr": 0.005, "target_lr": 0.005}, "batch_per_device": 512}, "time_since_restore": 14.954827547073364, "timesteps_since_restore": 0, "iterations_since_restore": 2, "mean_throughput": 8024.053452953764, "atoms": 2, "resource_time": 142.25124669075012}
{"apply": 0.008991491794586182, "batch_time": 0.09661353826522827, "d2h": 0.003343629837036133, "data_time": 0.013083401991396534, "fwd": 0.02387099266052246, "get_state_time_mean": NaN, "get_state_time_total": 0.0, "grad": 0.05654977560043335, "mean_accuracy": 0.6669999957084656, "mean_loss": 0.9403445513248443, "neg_mean_accuracy": -0.6669999957084656, "set_state_time_mean": NaN, "set_state_time_total": 0.0, "setup_model_time_mean": NaN, "setup_model_time_total": 0.0, "setup_proc_time_mean": NaN, "setup_proc_time_total": 0.0, "train_accuracy": 0.6579400300979614, "train_loss": 0.9540911141872406, "training_time_mean": NaN, "training_time_total": 0.0, "validation_time_mean": NaN, "validation_time_total": 0.0, "samples": 60000, "num_workers": 2, "done": false, "timesteps_total": null, "episodes_total": null, "training_iteration": 16, "neg_mean_loss": -0.9403445513248443, "experiment_id": "d52a417014cd4417a5e099629b0e5417", "date": "2019-05-30_14-03-48", "timestamp": 1559250228, "time_this_iter_s": 6.551142692565918, "time_total_s": 133.84756183624268, "pid": 18252, "hostname": "steropes", "node_ip": "169.229.49.254", "config": {"starting_lr": 0.005, "momentum": 0.997, "weight_decay": 0.0005, "steps_per_iteration": null, "pin": false, "model_creator": null, "target_batch_size": 1024, "model_string": "resnet18", "min_batch_size": 512, "dataset": "CIFAR", "placement": null, "use_nccl": true, "devices_per_worker": 1, "primary_resource": "extra_gpu", "gpu": false, "verbose": false, "lr_config": {"mode": "log", "steps": 5, "initial_lr": 0.005, "target_lr": 0.005}, "batch_per_device": 512}, "time_since_restore": 21.505970239639282, "timesteps_since_restore": 0, "iterations_since_restore": 3, "mean_throughput": 8369.657978382545, "atoms": 2, "resource_time": 155.35353207588196}
{"apply": 0.009054124355316162, "batch_time": 0.10126254558563233, "d2h": 0.0033994317054748535, "data_time": 0.01305453144774145, "fwd": 0.02068326473236084, "get_state_time_mean": NaN, "get_state_time_total": 0.0, "grad": 0.049457204341888425, "mean_accuracy": 0.6776999831199646, "mean_loss": 0.9271385154247285, "neg_mean_accuracy": -0.6776999831199646, "set_state_time_mean": NaN, "set_state_time_total": 0.0, "setup_model_time_mean": NaN, "setup_model_time_total": 0.0, "setup_proc_time_mean": NaN, "setup_proc_time_total": 0.0, "train_accuracy": 0.6676599979400635, "train_loss": 0.9302902488040924, "training_time_mean": NaN, "training_time_total": 0.0, "validation_time_mean": NaN, "validation_time_total": 0.0, "samples": 60000, "num_workers": 2, "done": false, "timesteps_total": null, "episodes_total": null, "training_iteration": 17, "neg_mean_loss": -0.9271385154247285, "experiment_id": "d52a417014cd4417a5e099629b0e5417", "date": "2019-05-30_14-03-54", "timestamp": 1559250234, "time_this_iter_s": 6.31884503364563, "time_total_s": 140.1664068698883, "pid": 18252, "hostname": "steropes", "node_ip": "169.229.49.254", "config": {"starting_lr": 0.005, "momentum": 0.997, "weight_decay": 0.0005, "steps_per_iteration": null, "pin": false, "model_creator": null, "target_batch_size": 1024, "model_string": "resnet18", "min_batch_size": 512, "dataset": "CIFAR", "placement": null, "use_nccl": true, "devices_per_worker": 1, "primary_resource": "extra_gpu", "gpu": false, "verbose": false, "lr_config": {"mode": "log", "steps": 5, "initial_lr": 0.005, "target_lr": 0.005}, "batch_per_device": 512}, "time_since_restore": 27.824815273284912, "timesteps_since_restore": 0, "iterations_since_restore": 4, "mean_throughput": 8625.282222186559, "atoms": 2, "resource_time": 167.99122214317322}
{"apply": 0.007665395736694336, "batch_time": 0.08568319082260131, "d2h": 0.0034403443336486813, "data_time": 0.013677244283715074, "fwd": 0.01655116081237793, "get_state_time_mean": NaN, "get_state_time_total": 0.0, "grad": 0.04994796514511109, "mean_accuracy": 0.6872999668121338, "mean_loss": 0.8996048301219941, "neg_mean_accuracy": -0.6872999668121338, "set_state_time_mean": NaN, "set_state_time_total": 0.0, "setup_model_time_mean": NaN, "setup_model_time_total": 0.0, "setup_proc_time_mean": NaN, "setup_proc_time_total": 0.0, "train_accuracy": 0.6775000095367432, "train_loss": 0.9062388348293304, "training_time_mean": NaN, "training_time_total": 0.0, "validation_time_mean": NaN, "validation_time_total": 0.0, "samples": 60000, "num_workers": 2, "done": false, "timesteps_total": null, "episodes_total": null, "training_iteration": 18, "neg_mean_loss": -0.8996048301219941, "experiment_id": "d52a417014cd4417a5e099629b0e5417", "date": "2019-05-30_14-04-00", "timestamp": 1559250240, "time_this_iter_s": 6.161731004714966, "time_total_s": 146.32813787460327, "pid": 18252, "hostname": "steropes", "node_ip": "169.229.49.254", "config": {"starting_lr": 0.005, "momentum": 0.997, "weight_decay": 0.0005, "steps_per_iteration": null, "pin": false, "model_creator": null, "target_batch_size": 1024, "model_string": "resnet18", "min_batch_size": 512, "dataset": "CIFAR", "placement": null, "use_nccl": true, "devices_per_worker": 1, "primary_resource": "extra_gpu", "gpu": false, "verbose": false, "lr_config": {"mode": "log", "steps": 5, "initial_lr": 0.005, "target_lr": 0.005}, "batch_per_device": 512}, "time_since_restore": 33.98654627799988, "timesteps_since_restore": 0, "iterations_since_restore": 5, "mean_throughput": 8826.90459335952, "atoms": 2, "resource_time": 180.31468415260315}
{"apply": 0.007950663566589355, "batch_time": 0.08631572723388672, "d2h": 0.002803325653076172, "data_time": 0.01348351459113919, "fwd": 0.01768798828125, "get_state_time_mean": NaN, "get_state_time_total": 0.0, "grad": 0.04749258756637573, "mean_accuracy": 0.6926999688148499, "mean_loss": 0.8743084188461303, "neg_mean_accuracy": -0.6926999688148499, "set_state_time_mean": NaN, "set_state_time_total": 0.0, "setup_model_time_mean": NaN, "setup_model_time_total": 0.0, "setup_proc_time_mean": NaN, "setup_proc_time_total": 0.0, "train_accuracy": 0.6855800151824951, "train_loss": 0.8763045247650146, "training_time_mean": NaN, "training_time_total": 0.0, "validation_time_mean": NaN, "validation_time_total": 0.0, "samples": 60000, "num_workers": 2, "done": false, "timesteps_total": null, "episodes_total": null, "training_iteration": 19, "neg_mean_loss": -0.8743084188461303, "experiment_id": "d52a417014cd4417a5e099629b0e5417", "date": "2019-05-30_14-04-07", "timestamp": 1559250247, "time_this_iter_s": 6.454712629318237, "time_total_s": 152.7828505039215, "pid": 18252, "hostname": "steropes", "node_ip": "169.229.49.254", "config": {"starting_lr": 0.005, "momentum": 0.997, "weight_decay": 0.0005, "steps_per_iteration": null, "pin": false, "model_creator": null, "target_batch_size": 1024, "model_string": "resnet18", "min_batch_size": 512, "dataset": "CIFAR", "placement": null, "use_nccl": true, "devices_per_worker": 1, "primary_resource": "extra_gpu", "gpu": false, "verbose": false, "lr_config": {"mode": "log", "steps": 5, "initial_lr": 0.005, "target_lr": 0.005}, "batch_per_device": 512}, "time_since_restore": 40.441258907318115, "timesteps_since_restore": 0, "iterations_since_restore": 6, "mean_throughput": 9422.456794255148, "atoms": 2, "resource_time": 193.22410941123962}
{"apply": 0.009503996372222899, "batch_time": 0.08384885787963867, "d2h": 0.0033864259719848635, "data_time": 0.014617657174869458, "fwd": 0.021953845024108888, "get_state_time_mean": NaN, "get_state_time_total": 0.0, "grad": 0.05040972232818604, "mean_accuracy": 0.699999988079071, "mean_loss": 0.8527483394622802, "neg_mean_accuracy": -0.699999988079071, "set_state_time_mean": NaN, "set_state_time_total": 0.0, "setup_model_time_mean": NaN, "setup_model_time_total": 0.0, "setup_proc_time_mean": NaN, "setup_proc_time_total": 0.0, "train_accuracy": 0.6947599649429321, "train_loss": 0.8536680372714996, "training_time_mean": NaN, "training_time_total": 0.0, "validation_time_mean": NaN, "validation_time_total": 0.0, "samples": 60000, "num_workers": 2, "done": false, "timesteps_total": null, "episodes_total": null, "training_iteration": 20, "neg_mean_loss": -0.8527483394622802, "experiment_id": "d52a417014cd4417a5e099629b0e5417", "date": "2019-05-30_14-04-13", "timestamp": 1559250253, "time_this_iter_s": 6.405138731002808, "time_total_s": 159.18798923492432, "pid": 18252, "hostname": "steropes", "node_ip": "169.229.49.254", "config": {"starting_lr": 0.005, "momentum": 0.997, "weight_decay": 0.0005, "steps_per_iteration": null, "pin": false, "model_creator": null, "target_batch_size": 1024, "model_string": "resnet18", "min_batch_size": 512, "dataset": "CIFAR", "placement": null, "use_nccl": true, "devices_per_worker": 1, "primary_resource": "extra_gpu", "gpu": false, "verbose": false, "lr_config": {"mode": "log", "steps": 5, "initial_lr": 0.005, "target_lr": 0.005}, "batch_per_device": 512}, "time_since_restore": 46.84639763832092, "timesteps_since_restore": 0, "iterations_since_restore": 7, "mean_throughput": 9406.75538044865, "atoms": 2, "resource_time": 206.03438687324524}
{"apply": 0.009401214122772217, "batch_time": 0.09104475975036622, "d2h": 0.003986823558807372, "data_time": 0.013262395956078355, "fwd": 0.026446747779846194, "get_state_time_mean": NaN, "get_state_time_total": 0.0, "grad": 0.0586165189743042, "mean_accuracy": 0.7106000185012817, "mean_loss": 0.8266810735702514, "neg_mean_accuracy": -0.7106000185012817, "set_state_time_mean": NaN, "set_state_time_total": 0.0, "setup_model_time_mean": NaN, "setup_model_time_total": 0.0, "setup_proc_time_mean": NaN, "setup_proc_time_total": 0.0, "train_accuracy": 0.7000999450683594, "train_loss": 0.834288099308014, "training_time_mean": NaN, "training_time_total": 0.0, "validation_time_mean": NaN, "validation_time_total": 0.0, "samples": 60000, "num_workers": 2, "done": false, "timesteps_total": null, "episodes_total": null, "training_iteration": 21, "neg_mean_loss": -0.8266810735702514, "experiment_id": "d52a417014cd4417a5e099629b0e5417", "date": "2019-05-30_14-04-20", "timestamp": 1559250260, "time_this_iter_s": 6.594056129455566, "time_total_s": 165.78204536437988, "pid": 18252, "hostname": "steropes", "node_ip": "169.229.49.254", "config": {"starting_lr": 0.005, "momentum": 0.997, "weight_decay": 0.0005, "steps_per_iteration": null, "pin": false, "model_creator": null, "target_batch_size": 1024, "model_string": "resnet18", "min_batch_size": 512, "dataset": "CIFAR", "placement": null, "use_nccl": true, "devices_per_worker": 1, "primary_resource": "extra_gpu", "gpu": false, "verbose": false, "lr_config": {"mode": "log", "steps": 5, "initial_lr": 0.005, "target_lr": 0.005}, "batch_per_device": 512}, "time_since_restore": 53.44045376777649, "timesteps_since_restore": 0, "iterations_since_restore": 8, "mean_throughput": 9394.112604326483, "atoms": 2, "resource_time": 219.22249913215637}
{"apply": 0.008442962169647216, "batch_time": 0.09698039293289185, "d2h": 0.004291057586669922, "data_time": 0.01322925090789795, "fwd": 0.01888251304626465, "get_state_time_mean": NaN, "get_state_time_total": 0.0, "grad": 0.05193397998809814, "mean_accuracy": 0.7132999897003174, "mean_loss": 0.8180995651721954, "neg_mean_accuracy": -0.7132999897003174, "set_state_time_mean": NaN, "set_state_time_total": 0.0, "setup_model_time_mean": NaN, "setup_model_time_total": 0.0, "setup_proc_time_mean": NaN, "setup_proc_time_total": 0.0, "train_accuracy": 0.7092399597167969, "train_loss": 0.8093166125774384, "training_time_mean": NaN, "training_time_total": 0.0, "validation_time_mean": NaN, "validation_time_total": 0.0, "samples": 60000, "num_workers": 2, "done": false, "timesteps_total": null, "episodes_total": null, "training_iteration": 22, "neg_mean_loss": -0.8180995651721954, "experiment_id": "d52a417014cd4417a5e099629b0e5417", "date": "2019-05-30_14-04-26", "timestamp": 1559250266, "time_this_iter_s": 6.216479301452637, "time_total_s": 171.99852466583252, "pid": 18252, "hostname": "steropes", "node_ip": "169.229.49.254", "config": {"starting_lr": 0.005, "momentum": 0.997, "weight_decay": 0.0005, "steps_per_iteration": null, "pin": false, "model_creator": null, "target_batch_size": 1024, "model_string": "resnet18", "min_batch_size": 512, "dataset": "CIFAR", "placement": null, "use_nccl": true, "devices_per_worker": 1, "primary_resource": "extra_gpu", "gpu": false, "verbose": false, "lr_config": {"mode": "log", "steps": 5, "initial_lr": 0.005, "target_lr": 0.005}, "batch_per_device": 512}, "time_since_restore": 59.656933069229126, "timesteps_since_restore": 0, "iterations_since_restore": 9, "mean_throughput": 9424.32257985366, "atoms": 2, "resource_time": 231.65545773506165}
{"apply": 0.007709777355194092, "batch_time": 0.09168058633804321, "d2h": 0.004193806648254394, "data_time": 0.013142794978861906, "fwd": 0.01885477304458618, "get_state_time_mean": NaN, "get_state_time_total": 0.0, "grad": 0.04697860479354858, "mean_accuracy": 0.7087000012397766, "mean_loss": 0.8357983052253724, "neg_mean_accuracy": -0.7087000012397766, "set_state_time_mean": NaN, "set_state_time_total": 0.0, "setup_model_time_mean": NaN, "setup_model_time_total": 0.0, "setup_proc_time_mean": NaN, "setup_proc_time_total": 0.0, "train_accuracy": 0.719059944152832, "train_loss": 0.7872261787509918, "training_time_mean": NaN, "training_time_total": 0.0, "validation_time_mean": NaN, "validation_time_total": 0.0, "samples": 60000, "num_workers": 2, "done": false, "timesteps_total": null, "episodes_total": null, "training_iteration": 23, "neg_mean_loss": -0.8357983052253724, "experiment_id": "d52a417014cd4417a5e099629b0e5417", "date": "2019-05-30_14-04-32", "timestamp": 1559250272, "time_this_iter_s": 6.2169835567474365, "time_total_s": 178.21550822257996, "pid": 18252, "hostname": "steropes", "node_ip": "169.229.49.254", "config": {"starting_lr": 0.005, "momentum": 0.997, "weight_decay": 0.0005, "steps_per_iteration": null, "pin": false, "model_creator": null, "target_batch_size": 1024, "model_string": "resnet18", "min_batch_size": 512, "dataset": "CIFAR", "placement": null, "use_nccl": true, "devices_per_worker": 1, "primary_resource": "extra_gpu", "gpu": false, "verbose": false, "lr_config": {"mode": "log", "steps": 5, "initial_lr": 0.005, "target_lr": 0.005}, "batch_per_device": 512}, "time_since_restore": 65.87391662597656, "timesteps_since_restore": 0, "iterations_since_restore": 10, "mean_throughput": 9407.997803613795, "atoms": 2, "resource_time": 244.08942484855652}
{"apply": 0.007709896564483643, "batch_time": 0.07964452505111694, "d2h": 0.0036200165748596193, "data_time": 0.01402207053437525, "fwd": 0.01699817180633545, "get_state_time_mean": NaN, "get_state_time_total": 0.0, "grad": 0.04611563682556152, "mean_accuracy": 0.723099946975708, "mean_loss": 0.7957409755229949, "neg_mean_accuracy": -0.723099946975708, "set_state_time_mean": NaN, "set_state_time_total": 0.0, "setup_model_time_mean": NaN, "setup_model_time_total": 0.0, "setup_proc_time_mean": NaN, "setup_proc_time_total": 0.0, "train_accuracy": 0.7267999649047852, "train_loss": 0.7690082842350006, "training_time_mean": NaN, "training_time_total": 0.0, "validation_time_mean": NaN, "validation_time_total": 0.0, "samples": 60000, "num_workers": 2, "done": false, "timesteps_total": null, "episodes_total": null, "training_iteration": 24, "neg_mean_loss": -0.7957409755229949, "experiment_id": "d52a417014cd4417a5e099629b0e5417", "date": "2019-05-30_14-04-38", "timestamp": 1559250278, "time_this_iter_s": 6.251113414764404, "time_total_s": 184.46662163734436, "pid": 18252, "hostname": "steropes", "node_ip": "169.229.49.254", "config": {"starting_lr": 0.005, "momentum": 0.997, "weight_decay": 0.0005, "steps_per_iteration": null, "pin": false, "model_creator": null, "target_batch_size": 1024, "model_string": "resnet18", "min_batch_size": 512, "dataset": "CIFAR", "placement": null, "use_nccl": true, "devices_per_worker": 1, "primary_resource": "extra_gpu", "gpu": false, "verbose": false, "lr_config": {"mode": "log", "steps": 5, "initial_lr": 0.005, "target_lr": 0.005}, "batch_per_device": 512}, "time_since_restore": 72.12503004074097, "timesteps_since_restore": 0, "iterations_since_restore": 11, "mean_throughput": 9468.454066648947, "atoms": 2, "resource_time": 256.5916516780853}
{"apply": 0.007990765571594238, "batch_time": 0.08351473808288573, "d2h": 0.0037437200546264647, "data_time": 0.012994990056874801, "fwd": 0.018818247318267825, "get_state_time_mean": NaN, "get_state_time_total": 0.0, "grad": 0.05169798135757446, "mean_accuracy": 0.7274999618530273, "mean_loss": 0.776219793510437, "neg_mean_accuracy": -0.7274999618530273, "set_state_time_mean": NaN, "set_state_time_total": 0.0, "setup_model_time_mean": NaN, "setup_model_time_total": 0.0, "setup_proc_time_mean": NaN, "setup_proc_time_total": 0.0, "train_accuracy": 0.7328799962997437, "train_loss": 0.752268377494812, "training_time_mean": NaN, "training_time_total": 0.0, "validation_time_mean": NaN, "validation_time_total": 0.0, "samples": 60000, "num_workers": 2, "done": false, "timesteps_total": null, "episodes_total": null, "training_iteration": 25, "neg_mean_loss": -0.776219793510437, "experiment_id": "d52a417014cd4417a5e099629b0e5417", "date": "2019-05-30_14-04-45", "timestamp": 1559250285, "time_this_iter_s": 6.5208940505981445, "time_total_s": 190.9875156879425, "pid": 18252, "hostname": "steropes", "node_ip": "169.229.49.254", "config": {"starting_lr": 0.005, "momentum": 0.997, "weight_decay": 0.0005, "steps_per_iteration": null, "pin": false, "model_creator": null, "target_batch_size": 1024, "model_string": "resnet18", "min_batch_size": 512, "dataset": "CIFAR", "placement": null, "use_nccl": true, "devices_per_worker": 1, "primary_resource": "extra_gpu", "gpu": false, "verbose": false, "lr_config": {"mode": "log", "steps": 5, "initial_lr": 0.005, "target_lr": 0.005}, "batch_per_device": 512}, "time_since_restore": 78.64592409133911, "timesteps_since_restore": 0, "iterations_since_restore": 12, "mean_throughput": 9433.985690171317, "atoms": 2, "resource_time": 269.6334397792816}
{"apply": 0.008732950687408448, "batch_time": 0.08337250947952271, "d2h": 0.003330528736114502, "data_time": 0.013336483313112844, "fwd": 0.02178105115890503, "get_state_time_mean": NaN, "get_state_time_total": 0.0, "grad": 0.057594704627990725, "mean_accuracy": 0.7280999422073364, "mean_loss": 0.7816350600242614, "neg_mean_accuracy": -0.7280999422073364, "set_state_time_mean": NaN, "set_state_time_total": 0.0, "setup_model_time_mean": NaN, "setup_model_time_total": 0.0, "setup_proc_time_mean": NaN, "setup_proc_time_total": 0.0, "train_accuracy": 0.7415199875831604, "train_loss": 0.7279133075332642, "training_time_mean": NaN, "training_time_total": 0.0, "validation_time_mean": NaN, "validation_time_total": 0.0, "samples": 60000, "num_workers": 2, "done": false, "timesteps_total": null, "episodes_total": null, "training_iteration": 26, "neg_mean_loss": -0.7816350600242614, "experiment_id": "d52a417014cd4417a5e099629b0e5417", "date": "2019-05-30_14-04-51", "timestamp": 1559250291, "time_this_iter_s": 6.364126205444336, "time_total_s": 197.35164189338684, "pid": 18252, "hostname": "steropes", "node_ip": "169.229.49.254", "config": {"starting_lr": 0.005, "momentum": 0.997, "weight_decay": 0.0005, "steps_per_iteration": null, "pin": false, "model_creator": null, "target_batch_size": 1024, "model_string": "resnet18", "min_batch_size": 512, "dataset": "CIFAR", "placement": null, "use_nccl": true, "devices_per_worker": 1, "primary_resource": "extra_gpu", "gpu": false, "verbose": false, "lr_config": {"mode": "log", "steps": 5, "initial_lr": 0.005, "target_lr": 0.005}, "batch_per_device": 512}, "time_since_restore": 85.01005029678345, "timesteps_since_restore": 0, "iterations_since_restore": 13, "mean_throughput": 9502.696253158008, "atoms": 2, "resource_time": 282.3616921901703}
{"apply": 0.008240056037902833, "batch_time": 0.08445996046066284, "d2h": 0.003492867946624756, "data_time": 0.012783264627262036, "fwd": 0.016557836532592775, "get_state_time_mean": NaN, "get_state_time_total": 0.0, "grad": 0.047660684585571295, "mean_accuracy": 0.733299970626831, "mean_loss": 0.7594240856647492, "neg_mean_accuracy": -0.733299970626831, "set_state_time_mean": NaN, "set_state_time_total": 0.0, "setup_model_time_mean": NaN, "setup_model_time_total": 0.0, "setup_proc_time_mean": NaN, "setup_proc_time_total": 0.0, "train_accuracy": 0.7438799738883972, "train_loss": 0.7138206012153625, "training_time_mean": NaN, "training_time_total": 0.0, "validation_time_mean": NaN, "validation_time_total": 0.0, "samples": 60000, "num_workers": 2, "done": false, "timesteps_total": null, "episodes_total": null, "training_iteration": 27, "neg_mean_loss": -0.7594240856647492, "experiment_id": "d52a417014cd4417a5e099629b0e5417", "date": "2019-05-30_14-04-57", "timestamp": 1559250297, "time_this_iter_s": 5.906718969345093, "time_total_s": 203.25836086273193, "pid": 18252, "hostname": "steropes", "node_ip": "169.229.49.254", "config": {"starting_lr": 0.005, "momentum": 0.997, "weight_decay": 0.0005, "steps_per_iteration": null, "pin": false, "model_creator": null, "target_batch_size": 1024, "model_string": "resnet18", "min_batch_size": 512, "dataset": "CIFAR", "placement": null, "use_nccl": true, "devices_per_worker": 1, "primary_resource": "extra_gpu", "gpu": false, "verbose": false, "lr_config": {"mode": "log", "steps": 5, "initial_lr": 0.005, "target_lr": 0.005}, "batch_per_device": 512}, "time_since_restore": 90.91676926612854, "timesteps_since_restore": 0, "iterations_since_restore": 14, "mean_throughput": 9596.857693926619, "atoms": 2, "resource_time": 294.1751301288605}
{"apply": 0.007724881172180176, "batch_time": 0.07526717185974122, "d2h": 0.0031761884689331054, "data_time": 0.011623358239932935, "fwd": 0.016375064849853516, "get_state_time_mean": NaN, "get_state_time_total": 0.0, "grad": 0.04561684131622314, "mean_accuracy": 0.7441999912261963, "mean_loss": 0.7410873363971711, "neg_mean_accuracy": -0.7441999912261963, "set_state_time_mean": NaN, "set_state_time_total": 0.0, "setup_model_time_mean": NaN, "setup_model_time_total": 0.0, "setup_proc_time_mean": NaN, "setup_proc_time_total": 0.0, "train_accuracy": 0.7509999871253967, "train_loss": 0.7016792560100555, "training_time_mean": NaN, "training_time_total": 0.0, "validation_time_mean": NaN, "validation_time_total": 0.0, "samples": 60000, "num_workers": 2, "done": false, "timesteps_total": null, "episodes_total": null, "training_iteration": 28, "neg_mean_loss": -0.7410873363971711, "experiment_id": "d52a417014cd4417a5e099629b0e5417", "date": "2019-05-30_14-05-03", "timestamp": 1559250303, "time_this_iter_s": 5.4431633949279785, "time_total_s": 208.7015242576599, "pid": 18252, "hostname": "steropes", "node_ip": "169.229.49.254", "config": {"starting_lr": 0.005, "momentum": 0.997, "weight_decay": 0.0005, "steps_per_iteration": null, "pin": false, "model_creator": null, "target_batch_size": 1024, "model_string": "resnet18", "min_batch_size": 512, "dataset": "CIFAR", "placement": null, "use_nccl": true, "devices_per_worker": 1, "primary_resource": "extra_gpu", "gpu": false, "verbose": false, "lr_config": {"mode": "log", "steps": 5, "initial_lr": 0.005, "target_lr": 0.005}, "batch_per_device": 512}, "time_since_restore": 96.35993266105652, "timesteps_since_restore": 0, "iterations_since_restore": 15, "mean_throughput": 9840.446865614318, "atoms": 2, "resource_time": 305.06145691871643}
{"apply": 0.007930505275726318, "batch_time": 0.07789754867553711, "d2h": 0.003390681743621826, "data_time": 0.01083232188711361, "fwd": 0.017034900188446042, "get_state_time_mean": NaN, "get_state_time_total": 0.0, "grad": 0.04382557868957519, "mean_accuracy": 0.746999979019165, "mean_loss": 0.735036719608307, "neg_mean_accuracy": -0.746999979019165, "set_state_time_mean": NaN, "set_state_time_total": 0.0, "setup_model_time_mean": NaN, "setup_model_time_total": 0.0, "setup_proc_time_mean": NaN, "setup_proc_time_total": 0.0, "train_accuracy": 0.7562400102615356, "train_loss": 0.6867190958213807, "training_time_mean": NaN, "training_time_total": 0.0, "validation_time_mean": NaN, "validation_time_total": 0.0, "samples": 60000, "num_workers": 2, "done": false, "timesteps_total": null, "episodes_total": null, "training_iteration": 29, "neg_mean_loss": -0.735036719608307, "experiment_id": "d52a417014cd4417a5e099629b0e5417", "date": "2019-05-30_14-05-08", "timestamp": 1559250308, "time_this_iter_s": 5.473566770553589, "time_total_s": 214.1750910282135, "pid": 18252, "hostname": "steropes", "node_ip": "169.229.49.254", "config": {"starting_lr": 0.005, "momentum": 0.997, "weight_decay": 0.0005, "steps_per_iteration": null, "pin": false, "model_creator": null, "target_batch_size": 1024, "model_string": "resnet18", "min_batch_size": 512, "dataset": "CIFAR", "placement": null, "use_nccl": true, "devices_per_worker": 1, "primary_resource": "extra_gpu", "gpu": false, "verbose": false, "lr_config": {"mode": "log", "steps": 5, "initial_lr": 0.005, "target_lr": 0.005}, "batch_per_device": 512}, "time_since_restore": 101.83349943161011, "timesteps_since_restore": 0, "iterations_since_restore": 16, "mean_throughput": 10097.988247265484, "atoms": 2, "resource_time": 316.0085904598236}
{"apply": 0.007633018493652344, "batch_time": 0.07871973514556885, "d2h": 0.003258824348449707, "data_time": 0.011343904903956821, "fwd": 0.016900694370269774, "get_state_time_mean": NaN, "get_state_time_total": 0.0, "grad": 0.045152556896209714, "mean_accuracy": 0.7488999962806702, "mean_loss": 0.7317079131603241, "neg_mean_accuracy": -0.7488999962806702, "set_state_time_mean": NaN, "set_state_time_total": 0.0, "setup_model_time_mean": NaN, "setup_model_time_total": 0.0, "setup_proc_time_mean": NaN, "setup_proc_time_total": 0.0, "train_accuracy": 0.7591999769210815, "train_loss": 0.6728024480438233, "training_time_mean": NaN, "training_time_total": 0.0, "validation_time_mean": NaN, "validation_time_total": 0.0, "samples": 60000, "num_workers": 2, "done": false, "timesteps_total": null, "episodes_total": null, "training_iteration": 30, "neg_mean_loss": -0.7317079131603241, "experiment_id": "d52a417014cd4417a5e099629b0e5417", "date": "2019-05-30_14-05-13", "timestamp": 1559250313, "time_this_iter_s": 5.385132312774658, "time_total_s": 219.56022334098816, "pid": 18252, "hostname": "steropes", "node_ip": "169.229.49.254", "config": {"starting_lr": 0.005, "momentum": 0.997, "weight_decay": 0.0005, "steps_per_iteration": null, "pin": false, "model_creator": null, "target_batch_size": 1024, "model_string": "resnet18", "min_batch_size": 512, "dataset": "CIFAR", "placement": null, "use_nccl": true, "devices_per_worker": 1, "primary_resource": "extra_gpu", "gpu": false, "verbose": false, "lr_config": {"mode": "log", "steps": 5, "initial_lr": 0.005, "target_lr": 0.005}, "batch_per_device": 512}, "time_since_restore": 107.21863174438477, "timesteps_since_restore": 0, "iterations_since_restore": 17, "mean_throughput": 10499.375853090683, "atoms": 2, "resource_time": 326.7788550853729}
{"apply": 0.007515895366668701, "batch_time": 0.08394873142242432, "d2h": 0.004931938648223877, "data_time": 0.01108705997467041, "fwd": 0.0195900559425354, "get_state_time_mean": NaN, "get_state_time_total": 0.0, "grad": 0.04705898761749268, "mean_accuracy": 0.7479999661445618, "mean_loss": 0.7336231492519378, "neg_mean_accuracy": -0.7479999661445618, "set_state_time_mean": NaN, "set_state_time_total": 0.0, "setup_model_time_mean": NaN, "setup_model_time_total": 0.0, "setup_proc_time_mean": NaN, "setup_proc_time_total": 0.0, "train_accuracy": 0.7662599682807922, "train_loss": 0.6579280462932586, "training_time_mean": NaN, "training_time_total": 0.0, "validation_time_mean": NaN, "validation_time_total": 0.0, "samples": 60000, "num_workers": 2, "done": false, "timesteps_total": null, "episodes_total": null, "training_iteration": 31, "neg_mean_loss": -0.7336231492519378, "experiment_id": "d52a417014cd4417a5e099629b0e5417", "date": "2019-05-30_14-05-19", "timestamp": 1559250319, "time_this_iter_s": 5.655763149261475, "time_total_s": 225.21598649024963, "pid": 18252, "hostname": "steropes", "node_ip": "169.229.49.254", "config": {"starting_lr": 0.005, "momentum": 0.997, "weight_decay": 0.0005, "steps_per_iteration": null, "pin": false, "model_creator": null, "target_batch_size": 1024, "model_string": "resnet18", "min_batch_size": 512, "dataset": "CIFAR", "placement": null, "use_nccl": true, "devices_per_worker": 1, "primary_resource": "extra_gpu", "gpu": false, "verbose": false, "lr_config": {"mode": "log", "steps": 5, "initial_lr": 0.005, "target_lr": 0.005}, "batch_per_device": 512}, "time_since_restore": 112.87439489364624, "timesteps_since_restore": 0, "iterations_since_restore": 18, "mean_throughput": 10766.28654156513, "atoms": 2, "resource_time": 338.0903813838959}
{"apply": 0.007656502723693848, "batch_time": 0.08457139730453492, "d2h": 0.0036847829818725582, "data_time": 0.011435496563814124, "fwd": 0.016406702995300292, "get_state_time_mean": NaN, "get_state_time_total": 0.0, "grad": 0.04633307456970215, "mean_accuracy": 0.7481999397277832, "mean_loss": 0.7179558042049408, "neg_mean_accuracy": -0.7481999397277832, "set_state_time_mean": NaN, "set_state_time_total": 0.0, "setup_model_time_mean": NaN, "setup_model_time_total": 0.0, "setup_proc_time_mean": NaN, "setup_proc_time_total": 0.0, "train_accuracy": 0.7679200172424316, "train_loss": 0.6514285350704193, "training_time_mean": NaN, "training_time_total": 0.0, "validation_time_mean": NaN, "validation_time_total": 0.0, "samples": 60000, "num_workers": 2, "done": false, "timesteps_total": null, "episodes_total": null, "training_iteration": 32, "neg_mean_loss": -0.7179558042049408, "experiment_id": "d52a417014cd4417a5e099629b0e5417", "date": "2019-05-30_14-05-25", "timestamp": 1559250325, "time_this_iter_s": 5.774698972702026, "time_total_s": 230.99068546295166, "pid": 18252, "hostname": "steropes", "node_ip": "169.229.49.254", "config": {"starting_lr": 0.005, "momentum": 0.997, "weight_decay": 0.0005, "steps_per_iteration": null, "pin": false, "model_creator": null, "target_batch_size": 1024, "model_string": "resnet18", "min_batch_size": 512, "dataset": "CIFAR", "placement": null, "use_nccl": true, "devices_per_worker": 1, "primary_resource": "extra_gpu", "gpu": false, "verbose": false, "lr_config": {"mode": "log", "steps": 5, "initial_lr": 0.005, "target_lr": 0.005}, "batch_per_device": 512}, "time_since_restore": 118.64909386634827, "timesteps_since_restore": 0, "iterations_since_restore": 19, "mean_throughput": 10817.538224356298, "atoms": 2, "resource_time": 349.6397793292999}
{"apply": 0.008428227901458741, "batch_time": 0.08915061950683595, "d2h": 0.0031838297843933107, "data_time": 0.010946538983559122, "fwd": 0.017853641510009767, "get_state_time_mean": NaN, "get_state_time_total": 0.0, "grad": 0.04766339063644409, "mean_accuracy": 0.756600022315979, "mean_loss": 0.701694534778595, "neg_mean_accuracy": -0.756600022315979, "set_state_time_mean": NaN, "set_state_time_total": 0.0, "setup_model_time_mean": NaN, "setup_model_time_total": 0.0, "setup_proc_time_mean": NaN, "setup_proc_time_total": 0.0, "train_accuracy": 0.7756799459457397, "train_loss": 0.6279988303756714, "training_time_mean": NaN, "training_time_total": 0.0, "validation_time_mean": NaN, "validation_time_total": 0.0, "samples": 60000, "num_workers": 2, "done": false, "timesteps_total": null, "episodes_total": null, "training_iteration": 33, "neg_mean_loss": -0.701694534778595, "experiment_id": "d52a417014cd4417a5e099629b0e5417", "date": "2019-05-30_14-05-31", "timestamp": 1559250331, "time_this_iter_s": 5.845319509506226, "time_total_s": 236.83600497245789, "pid": 18252, "hostname": "steropes", "node_ip": "169.229.49.254", "config": {"starting_lr": 0.005, "momentum": 0.997, "weight_decay": 0.0005, "steps_per_iteration": null, "pin": false, "model_creator": null, "target_batch_size": 1024, "model_string": "resnet18", "min_batch_size": 512, "dataset": "CIFAR", "placement": null, "use_nccl": true, "devices_per_worker": 1, "primary_resource": "extra_gpu", "gpu": false, "verbose": false, "lr_config": {"mode": "log", "steps": 5, "initial_lr": 0.005, "target_lr": 0.005}, "batch_per_device": 512}, "time_since_restore": 124.49441337585449, "timesteps_since_restore": 0, "iterations_since_restore": 20, "mean_throughput": 10662.91427984874, "atoms": 2, "resource_time": 361.3304183483124}
{"apply": 0.008346450328826905, "batch_time": 0.0805675506591797, "d2h": 0.002864229679107666, "data_time": 0.011374760647209324, "fwd": 0.018251883983612063, "get_state_time_mean": NaN, "get_state_time_total": 0.0, "grad": 0.048408138751983645, "mean_accuracy": 0.7545999884605408, "mean_loss": 0.7175968904972077, "neg_mean_accuracy": -0.7545999884605408, "set_state_time_mean": NaN, "set_state_time_total": 0.0, "setup_model_time_mean": NaN, "setup_model_time_total": 0.0, "setup_proc_time_mean": NaN, "setup_proc_time_total": 0.0, "train_accuracy": 0.7823200225830078, "train_loss": 0.6163799181842804, "training_time_mean": NaN, "training_time_total": 0.0, "validation_time_mean": NaN, "validation_time_total": 0.0, "samples": 60000, "num_workers": 2, "done": false, "timesteps_total": null, "episodes_total": null, "training_iteration": 34, "neg_mean_loss": -0.7175968904972077, "experiment_id": "d52a417014cd4417a5e099629b0e5417", "date": "2019-05-30_14-05-36", "timestamp": 1559250336, "time_this_iter_s": 5.753882169723511, "time_total_s": 242.5898871421814, "pid": 18252, "hostname": "steropes", "node_ip": "169.229.49.254", "config": {"starting_lr": 0.005, "momentum": 0.997, "weight_decay": 0.0005, "steps_per_iteration": null, "pin": false, "model_creator": null, "target_batch_size": 1024, "model_string": "resnet18", "min_batch_size": 512, "dataset": "CIFAR", "placement": null, "use_nccl": true, "devices_per_worker": 1, "primary_resource": "extra_gpu", "gpu": false, "verbose": false, "lr_config": {"mode": "log", "steps": 5, "initial_lr": 0.005, "target_lr": 0.005}, "batch_per_device": 512}, "time_since_restore": 130.248295545578, "timesteps_since_restore": 0, "iterations_since_restore": 21, "mean_throughput": 10557.728516051082, "atoms": 2, "resource_time": 372.8381826877594}
{"apply": 0.00835115909576416, "batch_time": 0.08369823694229125, "d2h": 0.0030301094055175783, "data_time": 0.012097925555949308, "fwd": 0.01705775260925293, "get_state_time_mean": NaN, "get_state_time_total": 0.0, "grad": 0.04911659955978394, "mean_accuracy": 0.760200023651123, "mean_loss": 0.6883678981781005, "neg_mean_accuracy": -0.760200023651123, "set_state_time_mean": NaN, "set_state_time_total": 0.0, "setup_model_time_mean": NaN, "setup_model_time_total": 0.0, "setup_proc_time_mean": NaN, "setup_proc_time_total": 0.0, "train_accuracy": 0.7842999696731567, "train_loss": 0.6051045092487335, "training_time_mean": NaN, "training_time_total": 0.0, "validation_time_mean": NaN, "validation_time_total": 0.0, "samples": 60000, "num_workers": 2, "done": false, "timesteps_total": null, "episodes_total": null, "training_iteration": 35, "neg_mean_loss": -0.6883678981781005, "experiment_id": "d52a417014cd4417a5e099629b0e5417", "date": "2019-05-30_14-05-42", "timestamp": 1559250342, "time_this_iter_s": 5.972938776016235, "time_total_s": 248.56282591819763, "pid": 18252, "hostname": "steropes", "node_ip": "169.229.49.254", "config": {"starting_lr": 0.005, "momentum": 0.997, "weight_decay": 0.0005, "steps_per_iteration": null, "pin": false, "model_creator": null, "target_batch_size": 1024, "model_string": "resnet18", "min_batch_size": 512, "dataset": "CIFAR", "placement": null, "use_nccl": true, "devices_per_worker": 1, "primary_resource": "extra_gpu", "gpu": false, "verbose": false, "lr_config": {"mode": "log", "steps": 5, "initial_lr": 0.005, "target_lr": 0.005}, "batch_per_device": 512}, "time_since_restore": 136.22123432159424, "timesteps_since_restore": 0, "iterations_since_restore": 22, "mean_throughput": 10343.756429442165, "atoms": 2, "resource_time": 384.78406023979187}
{"apply": 0.008259963989257813, "batch_time": 0.0863183617591858, "d2h": 0.0027975678443908692, "data_time": 0.011729196626312877, "fwd": 0.01849043369293213, "get_state_time_mean": NaN, "get_state_time_total": 0.0, "grad": 0.050289237499237055, "mean_accuracy": 0.7596999406814575, "mean_loss": 0.6777035969257355, "neg_mean_accuracy": -0.7596999406814575, "set_state_time_mean": NaN, "set_state_time_total": 0.0, "setup_model_time_mean": NaN, "setup_model_time_total": 0.0, "setup_proc_time_mean": NaN, "setup_proc_time_total": 0.0, "train_accuracy": 0.7888399958610535, "train_loss": 0.5955075959587097, "training_time_mean": NaN, "training_time_total": 0.0, "validation_time_mean": NaN, "validation_time_total": 0.0, "samples": 60000, "num_workers": 2, "done": false, "timesteps_total": null, "episodes_total": null, "training_iteration": 36, "neg_mean_loss": -0.6777035969257355, "experiment_id": "d52a417014cd4417a5e099629b0e5417", "date": "2019-05-30_14-05-48", "timestamp": 1559250348, "time_this_iter_s": 5.9571003913879395, "time_total_s": 254.51992630958557, "pid": 18252, "hostname": "steropes", "node_ip": "169.229.49.254", "config": {"starting_lr": 0.005, "momentum": 0.997, "weight_decay": 0.0005, "steps_per_iteration": null, "pin": false, "model_creator": null, "target_batch_size": 1024, "model_string": "resnet18", "min_batch_size": 512, "dataset": "CIFAR", "placement": null, "use_nccl": true, "devices_per_worker": 1, "primary_resource": "extra_gpu", "gpu": false, "verbose": false, "lr_config": {"mode": "log", "steps": 5, "initial_lr": 0.005, "target_lr": 0.005}, "batch_per_device": 512}, "time_since_restore": 142.17833471298218, "timesteps_since_restore": 0, "iterations_since_restore": 23, "mean_throughput": 10237.391581274267, "atoms": 2, "resource_time": 396.69826102256775}
{"apply": 0.008085739612579346, "batch_time": 0.08367232084274293, "d2h": 0.0045201778411865234, "data_time": 0.011421006553027094, "fwd": 0.017350280284881593, "get_state_time_mean": NaN, "get_state_time_total": 0.0, "grad": 0.04720472097396851, "mean_accuracy": 0.7601000070571899, "mean_loss": 0.7024541019439697, "neg_mean_accuracy": -0.7601000070571899, "set_state_time_mean": NaN, "set_state_time_total": 0.0, "setup_model_time_mean": NaN, "setup_model_time_total": 0.0, "setup_proc_time_mean": NaN, "setup_proc_time_total": 0.0, "train_accuracy": 0.7885199785232544, "train_loss": 0.588890670003891, "training_time_mean": NaN, "training_time_total": 0.0, "validation_time_mean": NaN, "validation_time_total": 0.0, "samples": 60000, "num_workers": 2, "done": false, "timesteps_total": null, "episodes_total": null, "training_iteration": 37, "neg_mean_loss": -0.7024541019439697, "experiment_id": "d52a417014cd4417a5e099629b0e5417", "date": "2019-05-30_14-05-54", "timestamp": 1559250354, "time_this_iter_s": 5.876997947692871, "time_total_s": 260.39692425727844, "pid": 18252, "hostname": "steropes", "node_ip": "169.229.49.254", "config": {"starting_lr": 0.005, "momentum": 0.997, "weight_decay": 0.0005, "steps_per_iteration": null, "pin": false, "model_creator": null, "target_batch_size": 1024, "model_string": "resnet18", "min_batch_size": 512, "dataset": "CIFAR", "placement": null, "use_nccl": true, "devices_per_worker": 1, "primary_resource": "extra_gpu", "gpu": false, "verbose": false, "lr_config": {"mode": "log", "steps": 5, "initial_lr": 0.005, "target_lr": 0.005}, "batch_per_device": 512}, "time_since_restore": 148.05533266067505, "timesteps_since_restore": 0, "iterations_since_restore": 24, "mean_throughput": 10201.778531954533, "atoms": 2, "resource_time": 408.4522569179535}
{"apply": 0.007681846618652344, "batch_time": 0.08154088258743286, "d2h": 0.003582489490509033, "data_time": 0.01271585785612768, "fwd": 0.018855535984039308, "get_state_time_mean": NaN, "get_state_time_total": 0.0, "grad": 0.05174087285995484, "mean_accuracy": 0.7691999673843384, "mean_loss": 0.66772922706604, "neg_mean_accuracy": -0.7691999673843384, "set_state_time_mean": NaN, "set_state_time_total": 0.0, "setup_model_time_mean": NaN, "setup_model_time_total": 0.0, "setup_proc_time_mean": NaN, "setup_proc_time_total": 0.0, "train_accuracy": 0.7948799729347229, "train_loss": 0.5833403278541565, "training_time_mean": NaN, "training_time_total": 0.0, "validation_time_mean": NaN, "validation_time_total": 0.0, "samples": 60000, "num_workers": 2, "done": false, "timesteps_total": null, "episodes_total": null, "training_iteration": 38, "neg_mean_loss": -0.66772922706604, "experiment_id": "d52a417014cd4417a5e099629b0e5417", "date": "2019-05-30_14-06-00", "timestamp": 1559250360, "time_this_iter_s": 5.95824933052063, "time_total_s": 266.3551735877991, "pid": 18252, "hostname": "steropes", "node_ip": "169.229.49.254", "config": {"starting_lr": 0.005, "momentum": 0.997, "weight_decay": 0.0005, "steps_per_iteration": null, "pin": false, "model_creator": null, "target_batch_size": 1024, "model_string": "resnet18", "min_batch_size": 512, "dataset": "CIFAR", "placement": null, "use_nccl": true, "devices_per_worker": 1, "primary_resource": "extra_gpu", "gpu": false, "verbose": false, "lr_config": {"mode": "log", "steps": 5, "initial_lr": 0.005, "target_lr": 0.005}, "batch_per_device": 512}, "time_since_restore": 154.01358199119568, "timesteps_since_restore": 0, "iterations_since_restore": 25, "mean_throughput": 10162.75224859634, "atoms": 2, "resource_time": 420.36875557899475}
{"apply": 0.008888983726501464, "batch_time": 0.08928619623184203, "d2h": 0.0035794854164123537, "data_time": 0.011636639127925952, "fwd": 0.0211989164352417, "get_state_time_mean": NaN, "get_state_time_total": 0.0, "grad": 0.05222352743148804, "mean_accuracy": 0.7673999667167664, "mean_loss": 0.6899698704719543, "neg_mean_accuracy": -0.7673999667167664, "set_state_time_mean": NaN, "set_state_time_total": 0.0, "setup_model_time_mean": NaN, "setup_model_time_total": 0.0, "setup_proc_time_mean": NaN, "setup_proc_time_total": 0.0, "train_accuracy": 0.7983599901199341, "train_loss": 0.5703449196147918, "training_time_mean": NaN, "training_time_total": 0.0, "validation_time_mean": NaN, "validation_time_total": 0.0, "samples": 60000, "num_workers": 2, "done": false, "timesteps_total": null, "episodes_total": null, "training_iteration": 39, "neg_mean_loss": -0.6899698704719543, "experiment_id": "d52a417014cd4417a5e099629b0e5417", "date": "2019-05-30_14-06-06", "timestamp": 1559250366, "time_this_iter_s": 5.996493101119995, "time_total_s": 272.35166668891907, "pid": 18252, "hostname": "steropes", "node_ip": "169.229.49.254", "config": {"starting_lr": 0.005, "momentum": 0.997, "weight_decay": 0.0005, "steps_per_iteration": null, "pin": false, "model_creator": null, "target_batch_size": 1024, "model_string": "resnet18", "min_batch_size": 512, "dataset": "CIFAR", "placement": null, "use_nccl": true, "devices_per_worker": 1, "primary_resource": "extra_gpu", "gpu": false, "verbose": false, "lr_config": {"mode": "log", "steps": 5, "initial_lr": 0.005, "target_lr": 0.005}, "batch_per_device": 512}, "time_since_restore": 160.01007509231567, "timesteps_since_restore": 0, "iterations_since_restore": 26, "mean_throughput": 10079.911191700408, "atoms": 2, "resource_time": 432.36174178123474}
{"apply": 0.00914381742477417, "batch_time": 0.08777878284454346, "d2h": 0.002957189083099365, "data_time": 0.011649375059166734, "fwd": 0.018907392024993898, "get_state_time_mean": NaN, "get_state_time_total": 0.0, "grad": 0.04908667802810669, "mean_accuracy": 0.7727999687194824, "mean_loss": 0.6594864718914032, "neg_mean_accuracy": -0.7727999687194824, "set_state_time_mean": NaN, "set_state_time_total": 0.0, "setup_model_time_mean": NaN, "setup_model_time_total": 0.0, "setup_proc_time_mean": NaN, "setup_proc_time_total": 0.0, "train_accuracy": 0.7993999719619751, "train_loss": 0.566596967086792, "training_time_mean": NaN, "training_time_total": 0.0, "validation_time_mean": NaN, "validation_time_total": 0.0, "samples": 60000, "num_workers": 2, "done": false, "timesteps_total": null, "episodes_total": null, "training_iteration": 40, "neg_mean_loss": -0.6594864718914032, "experiment_id": "d52a417014cd4417a5e099629b0e5417", "date": "2019-05-30_14-06-12", "timestamp": 1559250372, "time_this_iter_s": 6.203973770141602, "time_total_s": 278.55564045906067, "pid": 18252, "hostname": "steropes", "node_ip": "169.229.49.254", "config": {"starting_lr": 0.005, "momentum": 0.997, "weight_decay": 0.0005, "steps_per_iteration": null, "pin": false, "model_creator": null, "target_batch_size": 1024, "model_string": "resnet18", "min_batch_size": 512, "dataset": "CIFAR", "placement": null, "use_nccl": true, "devices_per_worker": 1, "primary_resource": "extra_gpu", "gpu": false, "verbose": false, "lr_config": {"mode": "log", "steps": 5, "initial_lr": 0.005, "target_lr": 0.005}, "batch_per_device": 512}, "time_since_restore": 166.21404886245728, "timesteps_since_restore": 0, "iterations_since_restore": 27, "mean_throughput": 10002.26620520945, "atoms": 2, "resource_time": 444.76968932151794}
{"apply": 0.007752931118011474, "batch_time": 0.08425168991088866, "d2h": 0.0032962203025817868, "data_time": 0.011892364949596172, "fwd": 0.020870232582092287, "get_state_time_mean": NaN, "get_state_time_total": 0.0, "grad": 0.05076231956481934, "mean_accuracy": 0.7720999717712402, "mean_loss": 0.6748304348468781, "neg_mean_accuracy": -0.7720999717712402, "set_state_time_mean": NaN, "set_state_time_total": 0.0, "setup_model_time_mean": NaN, "setup_model_time_total": 0.0, "setup_proc_time_mean": NaN, "setup_proc_time_total": 0.0, "train_accuracy": 0.8038399815559387, "train_loss": 0.5525985991764069, "training_time_mean": NaN, "training_time_total": 0.0, "validation_time_mean": NaN, "validation_time_total": 0.0, "samples": 60000, "num_workers": 2, "done": false, "timesteps_total": null, "episodes_total": null, "training_iteration": 41, "neg_mean_loss": -0.6748304348468781, "experiment_id": "d52a417014cd4417a5e099629b0e5417", "date": "2019-05-30_14-06-18", "timestamp": 1559250378, "time_this_iter_s": 5.939579248428345, "time_total_s": 284.495219707489, "pid": 18252, "hostname": "steropes", "node_ip": "169.229.49.254", "config": {"starting_lr": 0.005, "momentum": 0.997, "weight_decay": 0.0005, "steps_per_iteration": null, "pin": false, "model_creator": null, "target_batch_size": 1024, "model_string": "resnet18", "min_batch_size": 512, "dataset": "CIFAR", "placement": null, "use_nccl": true, "devices_per_worker": 1, "primary_resource": "extra_gpu", "gpu": false, "verbose": false, "lr_config": {"mode": "log", "steps": 5, "initial_lr": 0.005, "target_lr": 0.005}, "batch_per_device": 512}, "time_since_restore": 172.15362811088562, "timesteps_since_restore": 0, "iterations_since_restore": 28, "mean_throughput": 10008.111534490055, "atoms": 2, "resource_time": 456.64884781837463}
{"apply": 0.008238065242767333, "batch_time": 0.08263323307037354, "d2h": 0.0029589772224426266, "data_time": 0.011989189653980489, "fwd": 0.01791118383407593, "get_state_time_mean": NaN, "get_state_time_total": 0.0, "grad": 0.04617769718170166, "mean_accuracy": 0.7803999781608582, "mean_loss": 0.6402145522117615, "neg_mean_accuracy": -0.7803999781608582, "set_state_time_mean": NaN, "set_state_time_total": 0.0, "setup_model_time_mean": NaN, "setup_model_time_total": 0.0, "setup_proc_time_mean": NaN, "setup_proc_time_total": 0.0, "train_accuracy": 0.8057799339294434, "train_loss": 0.5485129289245605, "training_time_mean": NaN, "training_time_total": 0.0, "validation_time_mean": NaN, "validation_time_total": 0.0, "samples": 60000, "num_workers": 2, "done": false, "timesteps_total": null, "episodes_total": null, "training_iteration": 42, "neg_mean_loss": -0.6402145522117615, "experiment_id": "d52a417014cd4417a5e099629b0e5417", "date": "2019-05-30_14-06-24", "timestamp": 1559250384, "time_this_iter_s": 5.773598670959473, "time_total_s": 290.2688183784485, "pid": 18252, "hostname": "steropes", "node_ip": "169.229.49.254", "config": {"starting_lr": 0.005, "momentum": 0.997, "weight_decay": 0.0005, "steps_per_iteration": null, "pin": false, "model_creator": null, "target_batch_size": 1024, "model_string": "resnet18", "min_batch_size": 512, "dataset": "CIFAR", "placement": null, "use_nccl": true, "devices_per_worker": 1, "primary_resource": "extra_gpu", "gpu": false, "verbose": false, "lr_config": {"mode": "log", "steps": 5, "initial_lr": 0.005, "target_lr": 0.005}, "batch_per_device": 512}, "time_since_restore": 177.9272267818451, "timesteps_since_restore": 0, "iterations_since_restore": 29, "mean_throughput": 10042.754194357729, "atoms": 2, "resource_time": 468.1960451602936}
{"apply": 0.007897663116455077, "batch_time": 0.08414165973663329, "d2h": 0.003184652328491211, "data_time": 0.011890085376038844, "fwd": 0.017447733879089357, "get_state_time_mean": NaN, "get_state_time_total": 0.0, "grad": 0.04899353981018066, "mean_accuracy": 0.7842999696731567, "mean_loss": 0.6362898939132691, "neg_mean_accuracy": -0.7842999696731567, "set_state_time_mean": NaN, "set_state_time_total": 0.0, "setup_model_time_mean": NaN, "setup_model_time_total": 0.0, "setup_proc_time_mean": NaN, "setup_proc_time_total": 0.0, "train_accuracy": 0.809440016746521, "train_loss": 0.5387330599594116, "training_time_mean": NaN, "training_time_total": 0.0, "validation_time_mean": NaN, "validation_time_total": 0.0, "samples": 60000, "num_workers": 2, "done": false, "timesteps_total": null, "episodes_total": null, "training_iteration": 43, "neg_mean_loss": -0.6362898939132691, "experiment_id": "d52a417014cd4417a5e099629b0e5417", "date": "2019-05-30_14-06-30", "timestamp": 1559250390, "time_this_iter_s": 5.97095251083374, "time_total_s": 296.2397708892822, "pid": 18252, "hostname": "steropes", "node_ip": "169.229.49.254", "config": {"starting_lr": 0.005, "momentum": 0.997, "weight_decay": 0.0005, "steps_per_iteration": null, "pin": false, "model_creator": null, "target_batch_size": 1024, "model_string": "resnet18", "min_batch_size": 512, "dataset": "CIFAR", "placement": null, "use_nccl": true, "devices_per_worker": 1, "primary_resource": "extra_gpu", "gpu": false, "verbose": false, "lr_config": {"mode": "log", "steps": 5, "initial_lr": 0.005, "target_lr": 0.005}, "batch_per_device": 512}, "time_since_restore": 183.89817929267883, "timesteps_since_restore": 0, "iterations_since_restore": 30, "mean_throughput": 10038.460985228185, "atoms": 2, "resource_time": 480.13795018196106}
{"apply": 0.008375322818756102, "batch_time": 0.08304734230041505, "d2h": 0.0030159831047058107, "data_time": 0.011730736615706464, "fwd": 0.0186461329460144, "get_state_time_mean": NaN, "get_state_time_total": 0.0, "grad": 0.05057761669158936, "mean_accuracy": 0.7824000120162964, "mean_loss": 0.6541293981075287, "neg_mean_accuracy": -0.7824000120162964, "set_state_time_mean": NaN, "set_state_time_total": 0.0, "setup_model_time_mean": NaN, "setup_model_time_total": 0.0, "setup_proc_time_mean": NaN, "setup_proc_time_total": 0.0, "train_accuracy": 0.8125799894332886, "train_loss": 0.5341665328788757, "training_time_mean": NaN, "training_time_total": 0.0, "validation_time_mean": NaN, "validation_time_total": 0.0, "samples": 60000, "num_workers": 2, "done": false, "timesteps_total": null, "episodes_total": null, "training_iteration": 44, "neg_mean_loss": -0.6541293981075287, "experiment_id": "d52a417014cd4417a5e099629b0e5417", "date": "2019-05-30_14-06-36", "timestamp": 1559250396, "time_this_iter_s": 5.8618528842926025, "time_total_s": 302.10162377357483, "pid": 18252, "hostname": "steropes", "node_ip": "169.229.49.254", "config": {"starting_lr": 0.005, "momentum": 0.997, "weight_decay": 0.0005, "steps_per_iteration": null, "pin": false, "model_creator": null, "target_batch_size": 1024, "model_string": "resnet18", "min_batch_size": 512, "dataset": "CIFAR", "placement": null, "use_nccl": true, "devices_per_worker": 1, "primary_resource": "extra_gpu", "gpu": false, "verbose": false, "lr_config": {"mode": "log", "steps": 5, "initial_lr": 0.005, "target_lr": 0.005}, "batch_per_device": 512}, "time_since_restore": 189.76003217697144, "timesteps_since_restore": 0, "iterations_since_restore": 31, "mean_throughput": 10083.888554132649, "atoms": 2, "resource_time": 491.86165595054626}
{"apply": 0.010752344131469726, "batch_time": 0.08402193784713745, "d2h": 0.00290449857711792, "data_time": 0.012140945512421276, "fwd": 0.02236815690994263, "get_state_time_mean": NaN, "get_state_time_total": 0.0, "grad": 0.05340996980667115, "mean_accuracy": 0.785099983215332, "mean_loss": 0.6326444504261017, "neg_mean_accuracy": -0.785099983215332, "set_state_time_mean": NaN, "set_state_time_total": 0.0, "setup_model_time_mean": NaN, "setup_model_time_total": 0.0, "setup_proc_time_mean": NaN, "setup_proc_time_total": 0.0, "train_accuracy": 0.8135799765586853, "train_loss": 0.5217791851615906, "training_time_mean": NaN, "training_time_total": 0.0, "validation_time_mean": NaN, "validation_time_total": 0.0, "samples": 60000, "num_workers": 2, "done": false, "timesteps_total": null, "episodes_total": null, "training_iteration": 45, "neg_mean_loss": -0.6326444504261017, "experiment_id": "d52a417014cd4417a5e099629b0e5417", "date": "2019-05-30_14-06-42", "timestamp": 1559250402, "time_this_iter_s": 6.0235795974731445, "time_total_s": 308.125203371048, "pid": 18252, "hostname": "steropes", "node_ip": "169.229.49.254", "config": {"starting_lr": 0.005, "momentum": 0.997, "weight_decay": 0.0005, "steps_per_iteration": null, "pin": false, "model_creator": null, "target_batch_size": 1024, "model_string": "resnet18", "min_batch_size": 512, "dataset": "CIFAR", "placement": null, "use_nccl": true, "devices_per_worker": 1, "primary_resource": "extra_gpu", "gpu": false, "verbose": false, "lr_config": {"mode": "log", "steps": 5, "initial_lr": 0.005, "target_lr": 0.005}, "batch_per_device": 512}, "time_since_restore": 195.78361177444458, "timesteps_since_restore": 0, "iterations_since_restore": 32, "mean_throughput": 10145.404833187593, "atoms": 2, "resource_time": 503.90881514549255}
{"apply": 0.008763909339904785, "batch_time": 0.08924012184143067, "d2h": 0.003916478157043457, "data_time": 0.011849778039114816, "fwd": 0.018803095817565917, "get_state_time_mean": NaN, "get_state_time_total": 0.0, "grad": 0.052109694480896, "mean_accuracy": 0.781499981880188, "mean_loss": 0.6367510061740875, "neg_mean_accuracy": -0.781499981880188, "set_state_time_mean": NaN, "set_state_time_total": 0.0, "setup_model_time_mean": NaN, "setup_model_time_total": 0.0, "setup_proc_time_mean": NaN, "setup_proc_time_total": 0.0, "train_accuracy": 0.8153599500656128, "train_loss": 0.5212099370622635, "training_time_mean": NaN, "training_time_total": 0.0, "validation_time_mean": NaN, "validation_time_total": 0.0, "samples": 60000, "num_workers": 2, "done": false, "timesteps_total": null, "episodes_total": null, "training_iteration": 46, "neg_mean_loss": -0.6367510061740875, "experiment_id": "d52a417014cd4417a5e099629b0e5417", "date": "2019-05-30_14-06-48", "timestamp": 1559250408, "time_this_iter_s": 5.915395259857178, "time_total_s": 314.04059863090515, "pid": 18252, "hostname": "steropes", "node_ip": "169.229.49.254", "config": {"starting_lr": 0.005, "momentum": 0.997, "weight_decay": 0.0005, "steps_per_iteration": null, "pin": false, "model_creator": null, "target_batch_size": 1024, "model_string": "resnet18", "min_batch_size": 512, "dataset": "CIFAR", "placement": null, "use_nccl": true, "devices_per_worker": 1, "primary_resource": "extra_gpu", "gpu": false, "verbose": false, "lr_config": {"mode": "log", "steps": 5, "initial_lr": 0.005, "target_lr": 0.005}, "batch_per_device": 512}, "time_since_restore": 201.69900703430176, "timesteps_since_restore": 0, "iterations_since_restore": 33, "mean_throughput": 10153.708762272967, "atoms": 2, "resource_time": 515.7396056652069}
{"apply": 0.007675397396087647, "batch_time": 0.07880327701568604, "d2h": 0.0027332305908203125, "data_time": 0.0106973867027127, "fwd": 0.0163022518157959, "get_state_time_mean": NaN, "get_state_time_total": 0.0, "grad": 0.04478251934051514, "mean_accuracy": 0.7882000207901001, "mean_loss": 0.6209812484741211, "neg_mean_accuracy": -0.7882000207901001, "set_state_time_mean": NaN, "set_state_time_total": 0.0, "setup_model_time_mean": NaN, "setup_model_time_total": 0.0, "setup_proc_time_mean": NaN, "setup_proc_time_total": 0.0, "train_accuracy": 0.8199799656867981, "train_loss": 0.5069972684669495, "training_time_mean": NaN, "training_time_total": 0.0, "validation_time_mean": NaN, "validation_time_total": 0.0, "samples": 60000, "num_workers": 2, "done": false, "timesteps_total": null, "episodes_total": null, "training_iteration": 47, "neg_mean_loss": -0.6209812484741211, "experiment_id": "d52a417014cd4417a5e099629b0e5417", "date": "2019-05-30_14-06-53", "timestamp": 1559250413, "time_this_iter_s": 5.285287141799927, "time_total_s": 319.3258857727051, "pid": 18252, "hostname": "steropes", "node_ip": "169.229.49.254", "config": {"starting_lr": 0.005, "momentum": 0.997, "weight_decay": 0.0005, "steps_per_iteration": null, "pin": false, "model_creator": null, "target_batch_size": 1024, "model_string": "resnet18", "min_batch_size": 512, "dataset": "CIFAR", "placement": null, "use_nccl": true, "devices_per_worker": 1, "primary_resource": "extra_gpu", "gpu": false, "verbose": false, "lr_config": {"mode": "log", "steps": 5, "initial_lr": 0.005, "target_lr": 0.005}, "batch_per_device": 512}, "time_since_restore": 206.98429417610168, "timesteps_since_restore": 0, "iterations_since_restore": 34, "mean_throughput": 10324.339722760125, "atoms": 2, "resource_time": 526.3101799488068}
{"apply": 0.007476496696472168, "batch_time": 0.07589622735977172, "d2h": 0.002726280689239502, "data_time": 0.010069275388912278, "fwd": 0.015893328189849853, "get_state_time_mean": NaN, "get_state_time_total": 0.0, "grad": 0.04403533935546875, "mean_accuracy": 0.7860000133514404, "mean_loss": 0.6366509565353393, "neg_mean_accuracy": -0.7860000133514404, "set_state_time_mean": NaN, "set_state_time_total": 0.0, "setup_model_time_mean": NaN, "setup_model_time_total": 0.0, "setup_proc_time_mean": NaN, "setup_proc_time_total": 0.0, "train_accuracy": 0.8208999633789062, "train_loss": 0.5064809342336655, "training_time_mean": NaN, "training_time_total": 0.0, "validation_time_mean": NaN, "validation_time_total": 0.0, "samples": 60000, "num_workers": 2, "done": false, "timesteps_total": null, "episodes_total": null, "training_iteration": 48, "neg_mean_loss": -0.6366509565353393, "experiment_id": "d52a417014cd4417a5e099629b0e5417", "date": "2019-05-30_14-06-58", "timestamp": 1559250418, "time_this_iter_s": 5.084262132644653, "time_total_s": 324.41014790534973, "pid": 18252, "hostname": "steropes", "node_ip": "169.229.49.254", "config": {"starting_lr": 0.005, "momentum": 0.997, "weight_decay": 0.0005, "steps_per_iteration": null, "pin": false, "model_creator": null, "target_batch_size": 1024, "model_string": "resnet18", "min_batch_size": 512, "dataset": "CIFAR", "placement": null, "use_nccl": true, "devices_per_worker": 1, "primary_resource": "extra_gpu", "gpu": false, "verbose": false, "lr_config": {"mode": "log", "steps": 5, "initial_lr": 0.005, "target_lr": 0.005}, "batch_per_device": 512}, "time_since_restore": 212.06855630874634, "timesteps_since_restore": 0, "iterations_since_restore": 35, "mean_throughput": 10649.32799841404, "atoms": 2, "resource_time": 536.4787042140961}
{"apply": 0.0075688958168029785, "batch_time": 0.07425005435943603, "d2h": 0.0029866576194763185, "data_time": 0.009870429428256288, "fwd": 0.015959084033966064, "get_state_time_mean": NaN, "get_state_time_total": 0.0, "grad": 0.043640816211700434, "mean_accuracy": 0.7787999510765076, "mean_loss": 0.664914286327362, "neg_mean_accuracy": -0.7787999510765076, "set_state_time_mean": NaN, "set_state_time_total": 0.0, "setup_model_time_mean": NaN, "setup_model_time_total": 0.0, "setup_proc_time_mean": NaN, "setup_proc_time_total": 0.0, "train_accuracy": 0.8242199420928955, "train_loss": 0.4966119076728821, "training_time_mean": NaN, "training_time_total": 0.0, "validation_time_mean": NaN, "validation_time_total": 0.0, "samples": 60000, "num_workers": 2, "done": false, "timesteps_total": null, "episodes_total": null, "training_iteration": 49, "neg_mean_loss": -0.664914286327362, "experiment_id": "d52a417014cd4417a5e099629b0e5417", "date": "2019-05-30_14-07-03", "timestamp": 1559250423, "time_this_iter_s": 5.144165992736816, "time_total_s": 329.55431389808655, "pid": 18252, "hostname": "steropes", "node_ip": "169.229.49.254", "config": {"starting_lr": 0.005, "momentum": 0.997, "weight_decay": 0.0005, "steps_per_iteration": null, "pin": false, "model_creator": null, "target_batch_size": 1024, "model_string": "resnet18", "min_batch_size": 512, "dataset": "CIFAR", "placement": null, "use_nccl": true, "devices_per_worker": 1, "primary_resource": "extra_gpu", "gpu": false, "verbose": false, "lr_config": {"mode": "log", "steps": 5, "initial_lr": 0.005, "target_lr": 0.005}, "batch_per_device": 512}, "time_since_restore": 217.21272230148315, "timesteps_since_restore": 0, "iterations_since_restore": 36, "mean_throughput": 10927.727190886973, "atoms": 2, "resource_time": 546.7670361995697}
{"apply": 0.007448863983154297, "batch_time": 0.07610210180282592, "d2h": 0.002797162532806397, "data_time": 0.010052359834009287, "fwd": 0.01591248512268066, "get_state_time_mean": NaN, "get_state_time_total": 0.0, "grad": 0.04375301599502564, "mean_accuracy": 0.7953000068664551, "mean_loss": 0.6177037365913391, "neg_mean_accuracy": -0.7953000068664551, "set_state_time_mean": NaN, "set_state_time_total": 0.0, "setup_model_time_mean": NaN, "setup_model_time_total": 0.0, "setup_proc_time_mean": NaN, "setup_proc_time_total": 0.0, "train_accuracy": 0.8259400129318237, "train_loss": 0.4931529647731781, "training_time_mean": NaN, "training_time_total": 0.0, "validation_time_mean": NaN, "validation_time_total": 0.0, "samples": 60000, "num_workers": 2, "done": false, "timesteps_total": null, "episodes_total": null, "training_iteration": 50, "neg_mean_loss": -0.6177037365913391, "experiment_id": "d52a417014cd4417a5e099629b0e5417", "date": "2019-05-30_14-07-09", "timestamp": 1559250429, "time_this_iter_s": 5.162409782409668, "time_total_s": 334.7167236804962, "pid": 18252, "hostname": "steropes", "node_ip": "169.229.49.254", "config": {"starting_lr": 0.005, "momentum": 0.997, "weight_decay": 0.0005, "steps_per_iteration": null, "pin": false, "model_creator": null, "target_batch_size": 1024, "model_string": "resnet18", "min_batch_size": 512, "dataset": "CIFAR", "placement": null, "use_nccl": true, "devices_per_worker": 1, "primary_resource": "extra_gpu", "gpu": false, "verbose": false, "lr_config": {"mode": "log", "steps": 5, "initial_lr": 0.005, "target_lr": 0.005}, "batch_per_device": 512}, "time_since_restore": 222.37513208389282, "timesteps_since_restore": 0, "iterations_since_restore": 37, "mean_throughput": 11281.6185867432, "atoms": 2, "resource_time": 557.091855764389}
{"apply": 0.008229851722717285, "batch_time": 0.07809888124465943, "d2h": 0.0027611613273620605, "data_time": 0.010528381989926708, "fwd": 0.017215824127197264, "get_state_time_mean": NaN, "get_state_time_total": 0.0, "grad": 0.04533008337020874, "mean_accuracy": 0.7970999479293823, "mean_loss": 0.6137660068035126, "neg_mean_accuracy": -0.7970999479293823, "set_state_time_mean": NaN, "set_state_time_total": 0.0, "setup_model_time_mean": NaN, "setup_model_time_total": 0.0, "setup_proc_time_mean": NaN, "setup_proc_time_total": 0.0, "train_accuracy": 0.8307999968528748, "train_loss": 0.4817765017461777, "training_time_mean": NaN, "training_time_total": 0.0, "validation_time_mean": NaN, "validation_time_total": 0.0, "samples": 60000, "num_workers": 2, "done": false, "timesteps_total": null, "episodes_total": null, "training_iteration": 51, "neg_mean_loss": -0.6137660068035126, "experiment_id": "d52a417014cd4417a5e099629b0e5417", "date": "2019-05-30_14-07-14", "timestamp": 1559250434, "time_this_iter_s": 5.391515493392944, "time_total_s": 340.10823917388916, "pid": 18252, "hostname": "steropes", "node_ip": "169.229.49.254", "config": {"starting_lr": 0.005, "momentum": 0.997, "weight_decay": 0.0005, "steps_per_iteration": null, "pin": false, "model_creator": null, "target_batch_size": 1024, "model_string": "resnet18", "min_batch_size": 512, "dataset": "CIFAR", "placement": null, "use_nccl": true, "devices_per_worker": 1, "primary_resource": "extra_gpu", "gpu": false, "verbose": false, "lr_config": {"mode": "log", "steps": 5, "initial_lr": 0.005, "target_lr": 0.005}, "batch_per_device": 512}, "time_since_restore": 227.76664757728577, "timesteps_since_restore": 0, "iterations_since_restore": 38, "mean_throughput": 11508.340921166133, "atoms": 2, "resource_time": 567.8748867511749}
{"apply": 0.008081912994384766, "batch_time": 0.08153369426727294, "d2h": 0.0027030467987060546, "data_time": 0.010831268466248805, "fwd": 0.01654045581817627, "get_state_time_mean": NaN, "get_state_time_total": 0.0, "grad": 0.0476280689239502, "mean_accuracy": 0.7918000221252441, "mean_loss": 0.6302826691150665, "neg_mean_accuracy": -0.7918000221252441, "set_state_time_mean": NaN, "set_state_time_total": 0.0, "setup_model_time_mean": NaN, "setup_model_time_total": 0.0, "setup_proc_time_mean": NaN, "setup_proc_time_total": 0.0, "train_accuracy": 0.8330999612808228, "train_loss": 0.4786646868181229, "training_time_mean": NaN, "training_time_total": 0.0, "validation_time_mean": NaN, "validation_time_total": 0.0, "samples": 60000, "num_workers": 2, "done": false, "timesteps_total": null, "episodes_total": null, "training_iteration": 52, "neg_mean_loss": -0.6302826691150665, "experiment_id": "d52a417014cd4417a5e099629b0e5417", "date": "2019-05-30_14-07-20", "timestamp": 1559250440, "time_this_iter_s": 5.488016843795776, "time_total_s": 345.59625601768494, "pid": 18252, "hostname": "steropes", "node_ip": "169.229.49.254", "config": {"starting_lr": 0.005, "momentum": 0.997, "weight_decay": 0.0005, "steps_per_iteration": null, "pin": false, "model_creator": null, "target_batch_size": 1024, "model_string": "resnet18", "min_batch_size": 512, "dataset": "CIFAR", "placement": null, "use_nccl": true, "devices_per_worker": 1, "primary_resource": "extra_gpu", "gpu": false, "verbose": false, "lr_config": {"mode": "log", "steps": 5, "initial_lr": 0.005, "target_lr": 0.005}, "batch_per_device": 512}, "time_since_restore": 233.25466442108154, "timesteps_since_restore": 0, "iterations_since_restore": 39, "mean_throughput": 11419.533130499904, "atoms": 2, "resource_time": 578.8509204387665}
