{"apply": 0.018848943710327148, "batch_time": 0.04870858977112589, "d2h": 0.0007218599319458007, "data_time": 0.001868229692854235, "fwd": 0.11493253707885742, "get_state_time_mean": NaN, "get_state_time_total": 0.0, "grad": 0.21451232433319092, "mean_accuracy": 0.09999999403953552, "mean_loss": 8301.7625015625, "neg_mean_accuracy": -0.09999999403953552, "set_state_time_mean": NaN, "set_state_time_total": 0.0, "setup_model_time_mean": 10.453346014022827, "setup_model_time_total": 10.453346014022827, "setup_proc_time_mean": 1.8108112812042236, "setup_proc_time_total": 1.8108112812042236, "train_accuracy": 0.10127999633550644, "train_loss": 18124.943402020264, "training_time_mean": NaN, "training_time_total": 0.0, "val_accuracy": 0.09999999403953552, "val_loss": 8301.7625015625, "validation_time_mean": NaN, "validation_time_total": 0.0, "samples": 60000, "num_workers": 1, "done": false, "timesteps_total": null, "episodes_total": null, "training_iteration": 1, "neg_mean_loss": -8301.7625015625, "experiment_id": "ace48b348a9f4a479596c3894fcae49d", "date": "2019-06-06_07-02-50", "timestamp": 1559829770, "time_this_iter_s": 48.27085256576538, "time_total_s": 48.27085256576538, "pid": 31651, "hostname": "steropes", "node_ip": "169.229.49.254", "config": {"starting_lr": 0.5, "momentum": 0.99, "weight_decay": 0.0005, "steps_per_iteration": null, "pin": false, "model_creator": null, "target_batch_size": 128, "model_string": "resnet50", "min_batch_size": 128, "dataset": "CIFAR", "placement": null, "use_nccl": true, "devices_per_worker": 1, "primary_resource": "extra_gpu", "gpu": false, "verbose": false, "lr_config": {"mode": "log", "steps": 5, "initial_lr": 0.5, "target_lr": 0.5}, "batch_per_device": 128}, "time_since_restore": 48.27085256576538, "timesteps_since_restore": 0, "iterations_since_restore": 1, "mean_throughput": 1242.9838538399608, "atoms": 1, "setup_time": 12.362143278121948}
{"apply": 0.01855762004852295, "batch_time": 0.032098480417758604, "d2h": 0.0007583379745483398, "data_time": 0.001810406784877143, "fwd": 0.027956581115722655, "get_state_time_mean": NaN, "get_state_time_total": 0.0, "grad": 0.048712635040283205, "mean_accuracy": 0.09829999506473541, "mean_loss": 9083532323.22045, "neg_mean_accuracy": -0.0965999960899353, "set_state_time_mean": NaN, "set_state_time_total": 0.0, "setup_model_time_mean": NaN, "setup_model_time_total": 0.0, "setup_proc_time_mean": NaN, "setup_proc_time_total": 0.0, "train_accuracy": 0.10143999755382538, "train_loss": 231969438.1323975, "training_time_mean": NaN, "training_time_total": 0.0, "val_accuracy": 0.0965999960899353, "val_loss": 18167056344.6784, "validation_time_mean": NaN, "validation_time_total": 0.0, "samples": 60000, "num_workers": 1, "done": true, "timesteps_total": null, "episodes_total": null, "training_iteration": 2, "neg_mean_loss": -9083532323.22045, "experiment_id": "ace48b348a9f4a479596c3894fcae49d", "date": "2019-06-06_07-03-32", "timestamp": 1559829812, "time_this_iter_s": 42.15569496154785, "time_total_s": 90.42654752731323, "pid": 31651, "hostname": "steropes", "node_ip": "169.229.49.254", "config": {"starting_lr": 0.5, "momentum": 0.99, "weight_decay": 0.0005, "steps_per_iteration": null, "pin": false, "model_creator": null, "target_batch_size": 128, "model_string": "resnet50", "min_batch_size": 128, "dataset": "CIFAR", "placement": null, "use_nccl": true, "devices_per_worker": 1, "primary_resource": "extra_gpu", "gpu": false, "verbose": false, "lr_config": {"mode": "log", "steps": 5, "initial_lr": 0.5, "target_lr": 0.5}, "batch_per_device": 128}, "time_since_restore": 90.42654752731323, "timesteps_since_restore": 0, "iterations_since_restore": 2, "mean_throughput": 1327.0414066707758, "atoms": 1, "setup_time": 12.362143278121948}
