apply,batch_time,d2h,data_time,fwd,get_state_time_mean,get_state_time_total,grad,mean_accuracy,mean_loss,neg_mean_accuracy,set_state_time_mean,set_state_time_total,setup_model_time_mean,setup_model_time_total,setup_proc_time_mean,setup_proc_time_total,train_accuracy,train_loss,training_time_mean,training_time_total,val_accuracy,val_loss,validation_time_mean,validation_time_total,samples,num_workers,done,timesteps_total,episodes_total,training_iteration,neg_mean_loss,experiment_id,date,timestamp,time_this_iter_s,time_total_s,pid,hostname,node_ip,config,time_since_restore,timesteps_since_restore,iterations_since_restore,mean_throughput,atoms,setup_time
0.018816256523132326,0.04324549662915966,0.0007559061050415039,0.001926532486820465,0.12001042366027832,nan,0.0,0.280937647819519,0.19339999556541443,2.1069071212768553,-0.19339999556541443,nan,0.0,20.876760482788086,20.876760482788086,1.7145493030548096,1.7145493030548096,0.17093999683856964,3.5328564841079713,nan,0.0,0.19339999556541443,2.1069071212768553,nan,0.0,60000,1,False,,,1,-2.1069071212768553,8fae423727524603b504d8777603650d,2019-06-06_10-28-43,1559842123,49.071483850479126,49.071483850479126,7389,steropes,169.229.49.254,"{'starting_lr': 0.05, 'momentum': 0.95, 'weight_decay': 0.005, 'steps_per_iteration': None, 'pin': False, 'model_creator': None, 'target_batch_size': 128, 'model_string': 'resnet50', 'min_batch_size': 128, 'dataset': 'CIFAR', 'placement': None, 'use_nccl': True, 'devices_per_worker': 1, 'primary_resource': 'extra_gpu', 'gpu': False, 'verbose': False, 'lr_config': {'mode': 'log', 'steps': 5, 'initial_lr': 0.05, 'target_lr': 0.05}, 'batch_per_device': 128}",49.071483850479126,0,1,1222.7039432186427,1,22.69201397895813
0.018487548828125,0.0320026029514361,0.0008446931838989258,0.00182254661989334,0.02855494022369385,nan,0.0,0.04877631664276123,0.26169998943805695,1.9476609567642211,-0.32999998331069946,nan,0.0,nan,0.0,nan,0.0,0.3063199818134308,1.8487907586288452,nan,0.0,0.32999998331069946,1.788414792251587,nan,0.0,60000,1,False,,,2,-1.9476609567642211,8fae423727524603b504d8777603650d,2019-06-06_10-29-25,1559842165,41.90586566925049,90.97734951972961,7389,steropes,169.229.49.254,"{'starting_lr': 0.05, 'momentum': 0.95, 'weight_decay': 0.005, 'steps_per_iteration': None, 'pin': False, 'model_creator': None, 'target_batch_size': 128, 'model_string': 'resnet50', 'min_batch_size': 128, 'dataset': 'CIFAR', 'placement': None, 'use_nccl': True, 'devices_per_worker': 1, 'primary_resource': 'extra_gpu', 'gpu': False, 'verbose': False, 'lr_config': {'mode': 'log', 'steps': 5, 'initial_lr': 0.05, 'target_lr': 0.05}, 'batch_per_device': 128}",90.97734951972961,0,2,1319.0034550495707,1,22.69201397895813
0.017931222915649414,0.033517152448243735,0.0008195877075195312,0.001832971182625617,0.028795266151428224,nan,0.0,0.05028774738311768,0.2854333221912384,1.9277835481007894,-0.3328999876976013,nan,0.0,nan,0.0,nan,0.0,0.35211998224258423,1.7399926208114624,nan,0.0,0.3328999876976013,1.8880287307739259,nan,0.0,60000,1,False,,,3,-1.9277835481007894,8fae423727524603b504d8777603650d,2019-06-06_10-30-07,1559842207,41.78297710418701,132.76032662391663,7389,steropes,169.229.49.254,"{'starting_lr': 0.05, 'momentum': 0.95, 'weight_decay': 0.005, 'steps_per_iteration': None, 'pin': False, 'model_creator': None, 'target_batch_size': 128, 'model_string': 'resnet50', 'min_batch_size': 128, 'dataset': 'CIFAR', 'placement': None, 'use_nccl': True, 'devices_per_worker': 1, 'primary_resource': 'extra_gpu', 'gpu': False, 'verbose': False, 'lr_config': {'mode': 'log', 'steps': 5, 'initial_lr': 0.05, 'target_lr': 0.05}, 'batch_per_device': 128}",132.76032662391663,0,3,1355.8215351838742,1,22.69201397895813
0.01782095432281494,0.032227603695060635,0.0007179737091064453,0.001893215472131129,0.02842822074890137,nan,0.0,0.04911901950836182,0.30239999294281006,1.8668090841293337,-0.353300005197525,nan,0.0,nan,0.0,nan,0.0,0.36817997694015503,1.7052672428512574,nan,0.0,0.353300005197525,1.6838856922149659,nan,0.0,60000,1,True,,,4,-1.8668090841293337,8fae423727524603b504d8777603650d,2019-06-06_10-30-49,1559842249,42.05992031097412,174.82024693489075,7389,steropes,169.229.49.254,"{'starting_lr': 0.05, 'momentum': 0.95, 'weight_decay': 0.005, 'steps_per_iteration': None, 'pin': False, 'model_creator': None, 'target_batch_size': 128, 'model_string': 'resnet50', 'min_batch_size': 128, 'dataset': 'CIFAR', 'placement': None, 'use_nccl': True, 'devices_per_worker': 1, 'primary_resource': 'extra_gpu', 'gpu': False, 'verbose': False, 'lr_config': {'mode': 'log', 'steps': 5, 'initial_lr': 0.05, 'target_lr': 0.05}, 'batch_per_device': 128}",174.82024693489075,0,4,1372.8340406220211,1,22.69201397895813
