{"apply": 0.018816256523132326, "batch_time": 0.04324549662915966, "d2h": 0.0007559061050415039, "data_time": 0.001926532486820465, "fwd": 0.12001042366027832, "get_state_time_mean": NaN, "get_state_time_total": 0.0, "grad": 0.280937647819519, "mean_accuracy": 0.19339999556541443, "mean_loss": 2.1069071212768553, "neg_mean_accuracy": -0.19339999556541443, "set_state_time_mean": NaN, "set_state_time_total": 0.0, "setup_model_time_mean": 20.876760482788086, "setup_model_time_total": 20.876760482788086, "setup_proc_time_mean": 1.7145493030548096, "setup_proc_time_total": 1.7145493030548096, "train_accuracy": 0.17093999683856964, "train_loss": 3.5328564841079713, "training_time_mean": NaN, "training_time_total": 0.0, "val_accuracy": 0.19339999556541443, "val_loss": 2.1069071212768553, "validation_time_mean": NaN, "validation_time_total": 0.0, "samples": 60000, "num_workers": 1, "done": false, "timesteps_total": null, "episodes_total": null, "training_iteration": 1, "neg_mean_loss": -2.1069071212768553, "experiment_id": "8fae423727524603b504d8777603650d", "date": "2019-06-06_10-28-43", "timestamp": 1559842123, "time_this_iter_s": 49.071483850479126, "time_total_s": 49.071483850479126, "pid": 7389, "hostname": "steropes", "node_ip": "169.229.49.254", "config": {"starting_lr": 0.05, "momentum": 0.95, "weight_decay": 0.005, "steps_per_iteration": null, "pin": false, "model_creator": null, "target_batch_size": 128, "model_string": "resnet50", "min_batch_size": 128, "dataset": "CIFAR", "placement": null, "use_nccl": true, "devices_per_worker": 1, "primary_resource": "extra_gpu", "gpu": false, "verbose": false, "lr_config": {"mode": "log", "steps": 5, "initial_lr": 0.05, "target_lr": 0.05}, "batch_per_device": 128}, "time_since_restore": 49.071483850479126, "timesteps_since_restore": 0, "iterations_since_restore": 1, "mean_throughput": 1222.7039432186427, "atoms": 1, "setup_time": 22.69201397895813}
{"apply": 0.018487548828125, "batch_time": 0.0320026029514361, "d2h": 0.0008446931838989258, "data_time": 0.00182254661989334, "fwd": 0.02855494022369385, "get_state_time_mean": NaN, "get_state_time_total": 0.0, "grad": 0.04877631664276123, "mean_accuracy": 0.26169998943805695, "mean_loss": 1.9476609567642211, "neg_mean_accuracy": -0.32999998331069946, "set_state_time_mean": NaN, "set_state_time_total": 0.0, "setup_model_time_mean": NaN, "setup_model_time_total": 0.0, "setup_proc_time_mean": NaN, "setup_proc_time_total": 0.0, "train_accuracy": 0.3063199818134308, "train_loss": 1.8487907586288452, "training_time_mean": NaN, "training_time_total": 0.0, "val_accuracy": 0.32999998331069946, "val_loss": 1.788414792251587, "validation_time_mean": NaN, "validation_time_total": 0.0, "samples": 60000, "num_workers": 1, "done": false, "timesteps_total": null, "episodes_total": null, "training_iteration": 2, "neg_mean_loss": -1.9476609567642211, "experiment_id": "8fae423727524603b504d8777603650d", "date": "2019-06-06_10-29-25", "timestamp": 1559842165, "time_this_iter_s": 41.90586566925049, "time_total_s": 90.97734951972961, "pid": 7389, "hostname": "steropes", "node_ip": "169.229.49.254", "config": {"starting_lr": 0.05, "momentum": 0.95, "weight_decay": 0.005, "steps_per_iteration": null, "pin": false, "model_creator": null, "target_batch_size": 128, "model_string": "resnet50", "min_batch_size": 128, "dataset": "CIFAR", "placement": null, "use_nccl": true, "devices_per_worker": 1, "primary_resource": "extra_gpu", "gpu": false, "verbose": false, "lr_config": {"mode": "log", "steps": 5, "initial_lr": 0.05, "target_lr": 0.05}, "batch_per_device": 128}, "time_since_restore": 90.97734951972961, "timesteps_since_restore": 0, "iterations_since_restore": 2, "mean_throughput": 1319.0034550495707, "atoms": 1, "setup_time": 22.69201397895813}
{"apply": 0.017931222915649414, "batch_time": 0.033517152448243735, "d2h": 0.0008195877075195312, "data_time": 0.001832971182625617, "fwd": 0.028795266151428224, "get_state_time_mean": NaN, "get_state_time_total": 0.0, "grad": 0.05028774738311768, "mean_accuracy": 0.2854333221912384, "mean_loss": 1.9277835481007894, "neg_mean_accuracy": -0.3328999876976013, "set_state_time_mean": NaN, "set_state_time_total": 0.0, "setup_model_time_mean": NaN, "setup_model_time_total": 0.0, "setup_proc_time_mean": NaN, "setup_proc_time_total": 0.0, "train_accuracy": 0.35211998224258423, "train_loss": 1.7399926208114624, "training_time_mean": NaN, "training_time_total": 0.0, "val_accuracy": 0.3328999876976013, "val_loss": 1.8880287307739259, "validation_time_mean": NaN, "validation_time_total": 0.0, "samples": 60000, "num_workers": 1, "done": false, "timesteps_total": null, "episodes_total": null, "training_iteration": 3, "neg_mean_loss": -1.9277835481007894, "experiment_id": "8fae423727524603b504d8777603650d", "date": "2019-06-06_10-30-07", "timestamp": 1559842207, "time_this_iter_s": 41.78297710418701, "time_total_s": 132.76032662391663, "pid": 7389, "hostname": "steropes", "node_ip": "169.229.49.254", "config": {"starting_lr": 0.05, "momentum": 0.95, "weight_decay": 0.005, "steps_per_iteration": null, "pin": false, "model_creator": null, "target_batch_size": 128, "model_string": "resnet50", "min_batch_size": 128, "dataset": "CIFAR", "placement": null, "use_nccl": true, "devices_per_worker": 1, "primary_resource": "extra_gpu", "gpu": false, "verbose": false, "lr_config": {"mode": "log", "steps": 5, "initial_lr": 0.05, "target_lr": 0.05}, "batch_per_device": 128}, "time_since_restore": 132.76032662391663, "timesteps_since_restore": 0, "iterations_since_restore": 3, "mean_throughput": 1355.8215351838742, "atoms": 1, "setup_time": 22.69201397895813}
{"apply": 0.01782095432281494, "batch_time": 0.032227603695060635, "d2h": 0.0007179737091064453, "data_time": 0.001893215472131129, "fwd": 0.02842822074890137, "get_state_time_mean": NaN, "get_state_time_total": 0.0, "grad": 0.04911901950836182, "mean_accuracy": 0.30239999294281006, "mean_loss": 1.8668090841293337, "neg_mean_accuracy": -0.353300005197525, "set_state_time_mean": NaN, "set_state_time_total": 0.0, "setup_model_time_mean": NaN, "setup_model_time_total": 0.0, "setup_proc_time_mean": NaN, "setup_proc_time_total": 0.0, "train_accuracy": 0.36817997694015503, "train_loss": 1.7052672428512574, "training_time_mean": NaN, "training_time_total": 0.0, "val_accuracy": 0.353300005197525, "val_loss": 1.6838856922149659, "validation_time_mean": NaN, "validation_time_total": 0.0, "samples": 60000, "num_workers": 1, "done": true, "timesteps_total": null, "episodes_total": null, "training_iteration": 4, "neg_mean_loss": -1.8668090841293337, "experiment_id": "8fae423727524603b504d8777603650d", "date": "2019-06-06_10-30-49", "timestamp": 1559842249, "time_this_iter_s": 42.05992031097412, "time_total_s": 174.82024693489075, "pid": 7389, "hostname": "steropes", "node_ip": "169.229.49.254", "config": {"starting_lr": 0.05, "momentum": 0.95, "weight_decay": 0.005, "steps_per_iteration": null, "pin": false, "model_creator": null, "target_batch_size": 128, "model_string": "resnet50", "min_batch_size": 128, "dataset": "CIFAR", "placement": null, "use_nccl": true, "devices_per_worker": 1, "primary_resource": "extra_gpu", "gpu": false, "verbose": false, "lr_config": {"mode": "log", "steps": 5, "initial_lr": 0.05, "target_lr": 0.05}, "batch_per_device": 128}, "time_since_restore": 174.82024693489075, "timesteps_since_restore": 0, "iterations_since_restore": 4, "mean_throughput": 1372.8340406220211, "atoms": 1, "setup_time": 22.69201397895813}
