apply,batch_time,d2h,data_time,fwd,get_state_time_mean,get_state_time_total,grad,mean_accuracy,mean_loss,neg_mean_accuracy,set_state_time_mean,set_state_time_total,setup_model_time_mean,setup_model_time_total,setup_proc_time_mean,setup_proc_time_total,train_accuracy,train_loss,training_time_mean,training_time_total,val_accuracy,val_loss,validation_time_mean,validation_time_total,samples,num_workers,done,timesteps_total,episodes_total,training_iteration,neg_mean_loss,experiment_id,date,timestamp,time_this_iter_s,time_total_s,pid,hostname,node_ip,config,time_since_restore,timesteps_since_restore,iterations_since_restore,mean_throughput,atoms,setup_time
0.018874859809875487,0.04243210901187945,0.0006911039352416992,0.0019547707589386066,0.1205716609954834,nan,0.0,0.1925879955291748,0.2945999801158905,2.074641860961914,-0.2945999801158905,nan,0.0,10.988872051239014,10.988872051239014,0.14104104042053223,0.14104104042053223,0.22073999047279358,2.286046168060303,nan,0.0,0.2945999801158905,2.074641860961914,nan,0.0,60000,1,False,,,1,-2.074641860961914,9760591111424a2a82311aeb495a46fa,2019-06-03_22-47-42,1559627262,47.7779426574707,47.7779426574707,13568,steropes,169.229.49.254,"{'starting_lr': 0.001, 'momentum': 0.95, 'weight_decay': 0.0005, 'steps_per_iteration': None, 'pin': False, 'model_creator': None, 'target_batch_size': 128, 'model_string': 'resnet50', 'min_batch_size': 128, 'dataset': 'CIFAR', 'placement': None, 'use_nccl': True, 'devices_per_worker': 1, 'primary_resource': 'extra_gpu', 'gpu': False, 'verbose': False, 'lr_config': {'mode': 'log', 'steps': 5, 'initial_lr': 0.001, 'target_lr': 0.001}, 'batch_per_device': 128}",47.7779426574707,0,1,1255.8054398752295,1,11.256941080093384
0.01858839988708496,0.03170923341678668,0.0006613969802856445,0.001815565406818829,0.02869839668273926,nan,0.0,0.04839184284210205,0.3378499895334244,1.9241566823005676,-0.38109999895095825,nan,0.0,nan,0.0,nan,0.0,0.32429999113082886,1.8897978406524658,nan,0.0,0.38109999895095825,1.7736715036392212,nan,0.0,60000,1,False,,,2,-1.9241566823005676,9760591111424a2a82311aeb495a46fa,2019-06-03_22-48-24,1559627304,41.474040508270264,89.25198316574097,13568,steropes,169.229.49.254,"{'starting_lr': 0.001, 'momentum': 0.95, 'weight_decay': 0.0005, 'steps_per_iteration': None, 'pin': False, 'model_creator': None, 'target_batch_size': 128, 'model_string': 'resnet50', 'min_batch_size': 128, 'dataset': 'CIFAR', 'placement': None, 'use_nccl': True, 'devices_per_worker': 1, 'primary_resource': 'extra_gpu', 'gpu': False, 'verbose': False, 'lr_config': {'mode': 'log', 'steps': 5, 'initial_lr': 0.001, 'target_lr': 0.001}, 'batch_per_device': 128}",89.25198316574097,0,2,1344.504258336712,1,11.256941080093384
0.018656492233276367,0.03223277949079682,0.0006790399551391601,0.001849802558684288,0.02809743881225586,nan,0.0,0.04815051555633545,0.3644666572411855,1.836944476890564,-0.41769999265670776,nan,0.0,nan,0.0,nan,0.0,0.3771999776363373,1.7518220671844482,nan,0.0,0.41769999265670776,1.6625200660705566,nan,0.0,60000,1,False,,,3,-1.836944476890564,9760591111424a2a82311aeb495a46fa,2019-06-03_22-49-05,1559627345,41.42639756202698,130.67838072776794,13568,steropes,169.229.49.254,"{'starting_lr': 0.001, 'momentum': 0.95, 'weight_decay': 0.0005, 'steps_per_iteration': None, 'pin': False, 'model_creator': None, 'target_batch_size': 128, 'model_string': 'resnet50', 'min_batch_size': 128, 'dataset': 'CIFAR', 'placement': None, 'use_nccl': True, 'devices_per_worker': 1, 'primary_resource': 'extra_gpu', 'gpu': False, 'verbose': False, 'lr_config': {'mode': 'log', 'steps': 5, 'initial_lr': 0.001, 'target_lr': 0.001}, 'batch_per_device': 128}",130.67838072776794,0,3,1377.42412093872,1,11.256941080093384
0.01971879005432129,0.03304924240595178,0.0006503105163574219,0.001839704220862035,0.029521822929382324,nan,0.0,0.05017976760864258,0.3874249905347824,1.762539415884018,-0.4562999904155731,nan,0.0,nan,0.0,nan,0.0,0.4099999964237213,1.651779715538025,nan,0.0,0.4562999904155731,1.53932423286438,nan,0.0,60000,1,False,,,4,-1.762539415884018,9760591111424a2a82311aeb495a46fa,2019-06-03_22-49-47,1559627387,41.74611020088196,172.4244909286499,13568,steropes,169.229.49.254,"{'starting_lr': 0.001, 'momentum': 0.95, 'weight_decay': 0.0005, 'steps_per_iteration': None, 'pin': False, 'model_creator': None, 'target_batch_size': 128, 'model_string': 'resnet50', 'min_batch_size': 128, 'dataset': 'CIFAR', 'placement': None, 'use_nccl': True, 'devices_per_worker': 1, 'primary_resource': 'extra_gpu', 'gpu': False, 'verbose': False, 'lr_config': {'mode': 'log', 'steps': 5, 'initial_lr': 0.001, 'target_lr': 0.001}, 'batch_per_device': 128}",172.4244909286499,0,4,1391.9103307682522,1,11.256941080093384
0.02057802677154541,0.03272546997553186,0.000665736198425293,0.0018015804193208895,0.029331684112548828,nan,0.0,0.05024545192718506,0.40387998819351195,1.7061621208572386,-0.4696999788284302,nan,0.0,nan,0.0,nan,0.0,0.4354199767112732,1.5671109896469115,nan,0.0,0.4696999788284302,1.480652940750122,nan,0.0,60000,1,False,,,5,-1.7061621208572386,9760591111424a2a82311aeb495a46fa,2019-06-03_22-50-30,1559627430,42.93186688423157,215.35635781288147,13568,steropes,169.229.49.254,"{'starting_lr': 0.001, 'momentum': 0.95, 'weight_decay': 0.0005, 'steps_per_iteration': None, 'pin': False, 'model_creator': None, 'target_batch_size': 128, 'model_string': 'resnet50', 'min_batch_size': 128, 'dataset': 'CIFAR', 'placement': None, 'use_nccl': True, 'devices_per_worker': 1, 'primary_resource': 'extra_gpu', 'gpu': False, 'verbose': False, 'lr_config': {'mode': 'log', 'steps': 5, 'initial_lr': 0.001, 'target_lr': 0.001}, 'batch_per_device': 128}",215.35635781288147,0,5,1393.0366930457053,1,11.256941080093384
0.020436882972717285,0.03330846074261243,0.0006784677505493164,0.001793357722289727,0.030464887619018555,nan,0.0,0.05155682563781738,0.4416999876499176,1.5810718922042848,-0.4836999773979187,nan,0.0,nan,0.0,nan,0.0,0.45503997802734375,1.5136822203445435,nan,0.0,0.4836999773979187,1.4491907176971435,nan,0.0,60000,1,False,,,6,-1.5810718922042848,9760591111424a2a82311aeb495a46fa,2019-06-03_22-51-13,1559627473,43.09123492240906,258.4475927352905,13568,steropes,169.229.49.254,"{'starting_lr': 0.001, 'momentum': 0.95, 'weight_decay': 0.0005, 'steps_per_iteration': None, 'pin': False, 'model_creator': None, 'target_batch_size': 128, 'model_string': 'resnet50', 'min_batch_size': 128, 'dataset': 'CIFAR', 'placement': None, 'use_nccl': True, 'devices_per_worker': 1, 'primary_resource': 'extra_gpu', 'gpu': False, 'verbose': False, 'lr_config': {'mode': 'log', 'steps': 5, 'initial_lr': 0.001, 'target_lr': 0.001}, 'batch_per_device': 128}",258.4475927352905,0,6,1424.0276103807134,1,11.256941080093384
0.019838356971740724,0.05339566171169281,0.0007165789604187012,0.003030289192588962,0.12410486936569215,nan,0.0,0.20437778234481813,0.46631998419761655,1.4996961274719238,-0.5041999816894531,8.29509711265564,8.29509711265564,10.30648159980774,10.30648159980774,5.079657673835754,5.079657673835754,0.4845399856567383,1.4269917218399049,nan,0.0,0.5041999816894531,1.3667926799774168,nan,0.0,60000,2,False,,,7,-1.4996961274719238,9760591111424a2a82311aeb495a46fa,2019-06-03_22-52-22,1559627542,33.671430587768555,292.1190233230591,26905,steropes,169.229.49.254,"{'starting_lr': 0.001, 'momentum': 0.95, 'weight_decay': 0.0005, 'steps_per_iteration': None, 'pin': False, 'model_creator': None, 'target_batch_size': 128, 'model_string': 'resnet50', 'min_batch_size': 128, 'dataset': 'CIFAR', 'placement': None, 'use_nccl': True, 'devices_per_worker': 1, 'primary_resource': 'extra_gpu', 'gpu': False, 'verbose': False, 'lr_config': {'mode': 'log', 'steps': 5, 'initial_lr': 0.001, 'target_lr': 0.0014142135623730952}, 'batch_per_device': 128}",33.671430587768555,0,1,1781.9199512427717,2,29.808340311050415
0.019231414794921874,0.038907301425933835,0.0006820321083068848,0.0028441560511686366,0.02876741886138916,nan,0.0,0.08288701772689819,0.48603997826576234,1.4355574466133116,-0.5162999629974365,nan,0.0,nan,0.0,nan,0.0,0.5004600286483765,1.393625487651825,nan,0.0,0.5162999629974365,1.3418266617774963,nan,0.0,60000,2,False,,,8,-1.4355574466133116,9760591111424a2a82311aeb495a46fa,2019-06-03_22-52-51,1559627571,28.941248893737793,321.0602722167969,26905,steropes,169.229.49.254,"{'starting_lr': 0.001, 'momentum': 0.95, 'weight_decay': 0.0005, 'steps_per_iteration': None, 'pin': False, 'model_creator': None, 'target_batch_size': 128, 'model_string': 'resnet50', 'min_batch_size': 128, 'dataset': 'CIFAR', 'placement': None, 'use_nccl': True, 'devices_per_worker': 1, 'primary_resource': 'extra_gpu', 'gpu': False, 'verbose': False, 'lr_config': {'mode': 'log', 'steps': 5, 'initial_lr': 0.001, 'target_lr': 0.0014142135623730952}, 'batch_per_device': 128}",62.61267948150635,0,2,1916.5386731361025,2,29.808340311050415
0.018815004825592042,0.03822775185108185,0.0006670832633972168,0.002990767055628251,0.028677082061767577,nan,0.0,0.08310333490371705,0.4974199771881104,1.3990248104667662,-0.5131999850273132,nan,0.0,nan,0.0,nan,0.0,0.5037599802017212,1.3777415855407715,nan,0.0,0.5131999850273132,1.356661052131653,nan,0.0,60000,2,False,,,9,-1.3990248104667662,9760591111424a2a82311aeb495a46fa,2019-06-03_22-53-20,1559627600,28.661246299743652,349.7215185165405,26905,steropes,169.229.49.254,"{'starting_lr': 0.001, 'momentum': 0.95, 'weight_decay': 0.0005, 'steps_per_iteration': None, 'pin': False, 'model_creator': None, 'target_batch_size': 128, 'model_string': 'resnet50', 'min_batch_size': 128, 'dataset': 'CIFAR', 'placement': None, 'use_nccl': True, 'devices_per_worker': 1, 'primary_resource': 'extra_gpu', 'gpu': False, 'verbose': False, 'lr_config': {'mode': 'log', 'steps': 5, 'initial_lr': 0.001, 'target_lr': 0.0014142135623730952}, 'batch_per_device': 128}",91.27392578125,0,3,1972.0755616413726,2,29.808340311050415
0.018968474864959717,0.03808171153068542,0.0006641387939453125,0.00277628095782533,0.02870386838912964,nan,0.0,0.086587655544281,0.5089199781417847,1.367501464576721,-0.5271999835968018,nan,0.0,nan,0.0,nan,0.0,0.5118399858474731,1.3615203318595888,nan,0.0,0.5271999835968018,1.3230362112998963,nan,0.0,60000,2,False,,,10,-1.367501464576721,9760591111424a2a82311aeb495a46fa,2019-06-03_22-53-49,1559627629,28.97585892677307,378.6973774433136,26905,steropes,169.229.49.254,"{'starting_lr': 0.001, 'momentum': 0.95, 'weight_decay': 0.0005, 'steps_per_iteration': None, 'pin': False, 'model_creator': None, 'target_batch_size': 128, 'model_string': 'resnet50', 'min_batch_size': 128, 'dataset': 'CIFAR', 'placement': None, 'use_nccl': True, 'devices_per_worker': 1, 'primary_resource': 'extra_gpu', 'gpu': False, 'verbose': False, 'lr_config': {'mode': 'log', 'steps': 5, 'initial_lr': 0.001, 'target_lr': 0.0014142135623730952}, 'batch_per_device': 128}",120.24978470802307,0,4,1995.8362540516594,2,29.808340311050415
0.018387866020202637,0.038237422704696655,0.0006994247436523438,0.002857947227906208,0.029441666603088376,nan,0.0,0.07894409894943237,0.5160799860954285,1.3567799583816529,-0.5195000171661377,nan,0.0,nan,0.0,nan,0.0,0.5220800042152405,1.3298610174369812,nan,0.0,0.5195000171661377,1.3955831867218018,nan,0.0,60000,2,False,,,11,-1.3567799583816529,9760591111424a2a82311aeb495a46fa,2019-06-03_22-54-17,1559627657,28.408074378967285,407.1054518222809,26905,steropes,169.229.49.254,"{'starting_lr': 0.001, 'momentum': 0.95, 'weight_decay': 0.0005, 'steps_per_iteration': None, 'pin': False, 'model_creator': None, 'target_batch_size': 128, 'model_string': 'resnet50', 'min_batch_size': 128, 'dataset': 'CIFAR', 'placement': None, 'use_nccl': True, 'devices_per_worker': 1, 'primary_resource': 'extra_gpu', 'gpu': False, 'verbose': False, 'lr_config': {'mode': 'log', 'steps': 5, 'initial_lr': 0.001, 'target_lr': 0.0014142135623730952}, 'batch_per_device': 128}",148.65785908699036,0,5,2018.0480351524327,2,29.808340311050415
0.019208908081054688,0.03793526589870453,0.0006601810455322266,0.002795440201856652,0.028691315650939943,nan,0.0,0.08102318048477172,0.5248799920082092,1.3391924006080629,-0.5482000112533569,nan,0.0,nan,0.0,nan,0.0,0.5320799946784973,1.3055236289978027,nan,0.0,0.5482000112533569,1.2788548911094666,nan,0.0,60000,2,False,,,12,-1.3391924006080629,9760591111424a2a82311aeb495a46fa,2019-06-03_22-54-45,1559627685,27.585390090942383,434.69084191322327,26905,steropes,169.229.49.254,"{'starting_lr': 0.001, 'momentum': 0.95, 'weight_decay': 0.0005, 'steps_per_iteration': None, 'pin': False, 'model_creator': None, 'target_batch_size': 128, 'model_string': 'resnet50', 'min_batch_size': 128, 'dataset': 'CIFAR', 'placement': None, 'use_nccl': True, 'devices_per_worker': 1, 'primary_resource': 'extra_gpu', 'gpu': False, 'verbose': False, 'lr_config': {'mode': 'log', 'steps': 5, 'initial_lr': 0.001, 'target_lr': 0.0014142135623730952}, 'batch_per_device': 128}",176.24324917793274,0,6,2104.19260742251,2,29.808340311050415
0.019132550557454428,0.06655954137260532,0.0006464322408040365,0.0036252861411213574,0.10441382726033528,nan,0.0,0.24806546370188398,0.5405378897984823,1.29834638068199,-0.5526894728342692,4.6624977588653564,4.6624977588653564,11.588725566864014,11.588725566864014,10.65057142575582,10.65057142575582,0.5501290162404379,1.255296877703832,nan,0.0,0.5526894728342692,1.2502313256740476,nan,0.0,60000,3,True,,,14,-1.29834638068199,9760591111424a2a82311aeb495a46fa,2019-06-03_22-56-02,1559627762,26.37703251838684,489.242516040802,28995,steropes,169.229.49.254,"{'starting_lr': 0.001, 'momentum': 0.95, 'weight_decay': 0.0005, 'steps_per_iteration': None, 'pin': False, 'model_creator': None, 'target_batch_size': 128, 'model_string': 'resnet50', 'min_batch_size': 128, 'dataset': 'CIFAR', 'placement': None, 'use_nccl': True, 'devices_per_worker': 1, 'primary_resource': 'extra_gpu', 'gpu': False, 'verbose': False, 'lr_config': {'mode': 'log', 'steps': 5, 'initial_lr': 0.001, 'target_lr': 0.0017320508075688772}, 'batch_per_device': 128}",26.37703251838684,0,1,2274.6965795125,3,50.830175161361694
