{"apply": 0.018874859809875487, "batch_time": 0.04243210901187945, "d2h": 0.0006911039352416992, "data_time": 0.0019547707589386066, "fwd": 0.1205716609954834, "get_state_time_mean": NaN, "get_state_time_total": 0.0, "grad": 0.1925879955291748, "mean_accuracy": 0.2945999801158905, "mean_loss": 2.074641860961914, "neg_mean_accuracy": -0.2945999801158905, "set_state_time_mean": NaN, "set_state_time_total": 0.0, "setup_model_time_mean": 10.988872051239014, "setup_model_time_total": 10.988872051239014, "setup_proc_time_mean": 0.14104104042053223, "setup_proc_time_total": 0.14104104042053223, "train_accuracy": 0.22073999047279358, "train_loss": 2.286046168060303, "training_time_mean": NaN, "training_time_total": 0.0, "val_accuracy": 0.2945999801158905, "val_loss": 2.074641860961914, "validation_time_mean": NaN, "validation_time_total": 0.0, "samples": 60000, "num_workers": 1, "done": false, "timesteps_total": null, "episodes_total": null, "training_iteration": 1, "neg_mean_loss": -2.074641860961914, "experiment_id": "9760591111424a2a82311aeb495a46fa", "date": "2019-06-03_22-47-42", "timestamp": 1559627262, "time_this_iter_s": 47.7779426574707, "time_total_s": 47.7779426574707, "pid": 13568, "hostname": "steropes", "node_ip": "169.229.49.254", "config": {"starting_lr": 0.001, "momentum": 0.95, "weight_decay": 0.0005, "steps_per_iteration": null, "pin": false, "model_creator": null, "target_batch_size": 128, "model_string": "resnet50", "min_batch_size": 128, "dataset": "CIFAR", "placement": null, "use_nccl": true, "devices_per_worker": 1, "primary_resource": "extra_gpu", "gpu": false, "verbose": false, "lr_config": {"mode": "log", "steps": 5, "initial_lr": 0.001, "target_lr": 0.001}, "batch_per_device": 128}, "time_since_restore": 47.7779426574707, "timesteps_since_restore": 0, "iterations_since_restore": 1, "mean_throughput": 1255.8054398752295, "atoms": 1, "setup_time": 11.256941080093384}
{"apply": 0.01858839988708496, "batch_time": 0.03170923341678668, "d2h": 0.0006613969802856445, "data_time": 0.001815565406818829, "fwd": 0.02869839668273926, "get_state_time_mean": NaN, "get_state_time_total": 0.0, "grad": 0.04839184284210205, "mean_accuracy": 0.3378499895334244, "mean_loss": 1.9241566823005676, "neg_mean_accuracy": -0.38109999895095825, "set_state_time_mean": NaN, "set_state_time_total": 0.0, "setup_model_time_mean": NaN, "setup_model_time_total": 0.0, "setup_proc_time_mean": NaN, "setup_proc_time_total": 0.0, "train_accuracy": 0.32429999113082886, "train_loss": 1.8897978406524658, "training_time_mean": NaN, "training_time_total": 0.0, "val_accuracy": 0.38109999895095825, "val_loss": 1.7736715036392212, "validation_time_mean": NaN, "validation_time_total": 0.0, "samples": 60000, "num_workers": 1, "done": false, "timesteps_total": null, "episodes_total": null, "training_iteration": 2, "neg_mean_loss": -1.9241566823005676, "experiment_id": "9760591111424a2a82311aeb495a46fa", "date": "2019-06-03_22-48-24", "timestamp": 1559627304, "time_this_iter_s": 41.474040508270264, "time_total_s": 89.25198316574097, "pid": 13568, "hostname": "steropes", "node_ip": "169.229.49.254", "config": {"starting_lr": 0.001, "momentum": 0.95, "weight_decay": 0.0005, "steps_per_iteration": null, "pin": false, "model_creator": null, "target_batch_size": 128, "model_string": "resnet50", "min_batch_size": 128, "dataset": "CIFAR", "placement": null, "use_nccl": true, "devices_per_worker": 1, "primary_resource": "extra_gpu", "gpu": false, "verbose": false, "lr_config": {"mode": "log", "steps": 5, "initial_lr": 0.001, "target_lr": 0.001}, "batch_per_device": 128}, "time_since_restore": 89.25198316574097, "timesteps_since_restore": 0, "iterations_since_restore": 2, "mean_throughput": 1344.504258336712, "atoms": 1, "setup_time": 11.256941080093384}
{"apply": 0.018656492233276367, "batch_time": 0.03223277949079682, "d2h": 0.0006790399551391601, "data_time": 0.001849802558684288, "fwd": 0.02809743881225586, "get_state_time_mean": NaN, "get_state_time_total": 0.0, "grad": 0.04815051555633545, "mean_accuracy": 0.3644666572411855, "mean_loss": 1.836944476890564, "neg_mean_accuracy": -0.41769999265670776, "set_state_time_mean": NaN, "set_state_time_total": 0.0, "setup_model_time_mean": NaN, "setup_model_time_total": 0.0, "setup_proc_time_mean": NaN, "setup_proc_time_total": 0.0, "train_accuracy": 0.3771999776363373, "train_loss": 1.7518220671844482, "training_time_mean": NaN, "training_time_total": 0.0, "val_accuracy": 0.41769999265670776, "val_loss": 1.6625200660705566, "validation_time_mean": NaN, "validation_time_total": 0.0, "samples": 60000, "num_workers": 1, "done": false, "timesteps_total": null, "episodes_total": null, "training_iteration": 3, "neg_mean_loss": -1.836944476890564, "experiment_id": "9760591111424a2a82311aeb495a46fa", "date": "2019-06-03_22-49-05", "timestamp": 1559627345, "time_this_iter_s": 41.42639756202698, "time_total_s": 130.67838072776794, "pid": 13568, "hostname": "steropes", "node_ip": "169.229.49.254", "config": {"starting_lr": 0.001, "momentum": 0.95, "weight_decay": 0.0005, "steps_per_iteration": null, "pin": false, "model_creator": null, "target_batch_size": 128, "model_string": "resnet50", "min_batch_size": 128, "dataset": "CIFAR", "placement": null, "use_nccl": true, "devices_per_worker": 1, "primary_resource": "extra_gpu", "gpu": false, "verbose": false, "lr_config": {"mode": "log", "steps": 5, "initial_lr": 0.001, "target_lr": 0.001}, "batch_per_device": 128}, "time_since_restore": 130.67838072776794, "timesteps_since_restore": 0, "iterations_since_restore": 3, "mean_throughput": 1377.42412093872, "atoms": 1, "setup_time": 11.256941080093384}
{"apply": 0.01971879005432129, "batch_time": 0.03304924240595178, "d2h": 0.0006503105163574219, "data_time": 0.001839704220862035, "fwd": 0.029521822929382324, "get_state_time_mean": NaN, "get_state_time_total": 0.0, "grad": 0.05017976760864258, "mean_accuracy": 0.3874249905347824, "mean_loss": 1.762539415884018, "neg_mean_accuracy": -0.4562999904155731, "set_state_time_mean": NaN, "set_state_time_total": 0.0, "setup_model_time_mean": NaN, "setup_model_time_total": 0.0, "setup_proc_time_mean": NaN, "setup_proc_time_total": 0.0, "train_accuracy": 0.4099999964237213, "train_loss": 1.651779715538025, "training_time_mean": NaN, "training_time_total": 0.0, "val_accuracy": 0.4562999904155731, "val_loss": 1.53932423286438, "validation_time_mean": NaN, "validation_time_total": 0.0, "samples": 60000, "num_workers": 1, "done": false, "timesteps_total": null, "episodes_total": null, "training_iteration": 4, "neg_mean_loss": -1.762539415884018, "experiment_id": "9760591111424a2a82311aeb495a46fa", "date": "2019-06-03_22-49-47", "timestamp": 1559627387, "time_this_iter_s": 41.74611020088196, "time_total_s": 172.4244909286499, "pid": 13568, "hostname": "steropes", "node_ip": "169.229.49.254", "config": {"starting_lr": 0.001, "momentum": 0.95, "weight_decay": 0.0005, "steps_per_iteration": null, "pin": false, "model_creator": null, "target_batch_size": 128, "model_string": "resnet50", "min_batch_size": 128, "dataset": "CIFAR", "placement": null, "use_nccl": true, "devices_per_worker": 1, "primary_resource": "extra_gpu", "gpu": false, "verbose": false, "lr_config": {"mode": "log", "steps": 5, "initial_lr": 0.001, "target_lr": 0.001}, "batch_per_device": 128}, "time_since_restore": 172.4244909286499, "timesteps_since_restore": 0, "iterations_since_restore": 4, "mean_throughput": 1391.9103307682522, "atoms": 1, "setup_time": 11.256941080093384}
{"apply": 0.02057802677154541, "batch_time": 0.03272546997553186, "d2h": 0.000665736198425293, "data_time": 0.0018015804193208895, "fwd": 0.029331684112548828, "get_state_time_mean": NaN, "get_state_time_total": 0.0, "grad": 0.05024545192718506, "mean_accuracy": 0.40387998819351195, "mean_loss": 1.7061621208572386, "neg_mean_accuracy": -0.4696999788284302, "set_state_time_mean": NaN, "set_state_time_total": 0.0, "setup_model_time_mean": NaN, "setup_model_time_total": 0.0, "setup_proc_time_mean": NaN, "setup_proc_time_total": 0.0, "train_accuracy": 0.4354199767112732, "train_loss": 1.5671109896469115, "training_time_mean": NaN, "training_time_total": 0.0, "val_accuracy": 0.4696999788284302, "val_loss": 1.480652940750122, "validation_time_mean": NaN, "validation_time_total": 0.0, "samples": 60000, "num_workers": 1, "done": false, "timesteps_total": null, "episodes_total": null, "training_iteration": 5, "neg_mean_loss": -1.7061621208572386, "experiment_id": "9760591111424a2a82311aeb495a46fa", "date": "2019-06-03_22-50-30", "timestamp": 1559627430, "time_this_iter_s": 42.93186688423157, "time_total_s": 215.35635781288147, "pid": 13568, "hostname": "steropes", "node_ip": "169.229.49.254", "config": {"starting_lr": 0.001, "momentum": 0.95, "weight_decay": 0.0005, "steps_per_iteration": null, "pin": false, "model_creator": null, "target_batch_size": 128, "model_string": "resnet50", "min_batch_size": 128, "dataset": "CIFAR", "placement": null, "use_nccl": true, "devices_per_worker": 1, "primary_resource": "extra_gpu", "gpu": false, "verbose": false, "lr_config": {"mode": "log", "steps": 5, "initial_lr": 0.001, "target_lr": 0.001}, "batch_per_device": 128}, "time_since_restore": 215.35635781288147, "timesteps_since_restore": 0, "iterations_since_restore": 5, "mean_throughput": 1393.0366930457053, "atoms": 1, "setup_time": 11.256941080093384}
{"apply": 0.020436882972717285, "batch_time": 0.03330846074261243, "d2h": 0.0006784677505493164, "data_time": 0.001793357722289727, "fwd": 0.030464887619018555, "get_state_time_mean": NaN, "get_state_time_total": 0.0, "grad": 0.05155682563781738, "mean_accuracy": 0.4416999876499176, "mean_loss": 1.5810718922042848, "neg_mean_accuracy": -0.4836999773979187, "set_state_time_mean": NaN, "set_state_time_total": 0.0, "setup_model_time_mean": NaN, "setup_model_time_total": 0.0, "setup_proc_time_mean": NaN, "setup_proc_time_total": 0.0, "train_accuracy": 0.45503997802734375, "train_loss": 1.5136822203445435, "training_time_mean": NaN, "training_time_total": 0.0, "val_accuracy": 0.4836999773979187, "val_loss": 1.4491907176971435, "validation_time_mean": NaN, "validation_time_total": 0.0, "samples": 60000, "num_workers": 1, "done": false, "timesteps_total": null, "episodes_total": null, "training_iteration": 6, "neg_mean_loss": -1.5810718922042848, "experiment_id": "9760591111424a2a82311aeb495a46fa", "date": "2019-06-03_22-51-13", "timestamp": 1559627473, "time_this_iter_s": 43.09123492240906, "time_total_s": 258.4475927352905, "pid": 13568, "hostname": "steropes", "node_ip": "169.229.49.254", "config": {"starting_lr": 0.001, "momentum": 0.95, "weight_decay": 0.0005, "steps_per_iteration": null, "pin": false, "model_creator": null, "target_batch_size": 128, "model_string": "resnet50", "min_batch_size": 128, "dataset": "CIFAR", "placement": null, "use_nccl": true, "devices_per_worker": 1, "primary_resource": "extra_gpu", "gpu": false, "verbose": false, "lr_config": {"mode": "log", "steps": 5, "initial_lr": 0.001, "target_lr": 0.001}, "batch_per_device": 128}, "time_since_restore": 258.4475927352905, "timesteps_since_restore": 0, "iterations_since_restore": 6, "mean_throughput": 1424.0276103807134, "atoms": 1, "setup_time": 11.256941080093384}
{"apply": 0.019838356971740724, "batch_time": 0.05339566171169281, "d2h": 0.0007165789604187012, "data_time": 0.003030289192588962, "fwd": 0.12410486936569215, "get_state_time_mean": NaN, "get_state_time_total": 0.0, "grad": 0.20437778234481813, "mean_accuracy": 0.46631998419761655, "mean_loss": 1.4996961274719238, "neg_mean_accuracy": -0.5041999816894531, "set_state_time_mean": 8.29509711265564, "set_state_time_total": 8.29509711265564, "setup_model_time_mean": 10.30648159980774, "setup_model_time_total": 10.30648159980774, "setup_proc_time_mean": 5.079657673835754, "setup_proc_time_total": 5.079657673835754, "train_accuracy": 0.4845399856567383, "train_loss": 1.4269917218399049, "training_time_mean": NaN, "training_time_total": 0.0, "val_accuracy": 0.5041999816894531, "val_loss": 1.3667926799774168, "validation_time_mean": NaN, "validation_time_total": 0.0, "samples": 60000, "num_workers": 2, "done": false, "timesteps_total": null, "episodes_total": null, "training_iteration": 7, "neg_mean_loss": -1.4996961274719238, "experiment_id": "9760591111424a2a82311aeb495a46fa", "date": "2019-06-03_22-52-22", "timestamp": 1559627542, "time_this_iter_s": 33.671430587768555, "time_total_s": 292.1190233230591, "pid": 26905, "hostname": "steropes", "node_ip": "169.229.49.254", "config": {"starting_lr": 0.001, "momentum": 0.95, "weight_decay": 0.0005, "steps_per_iteration": null, "pin": false, "model_creator": null, "target_batch_size": 128, "model_string": "resnet50", "min_batch_size": 128, "dataset": "CIFAR", "placement": null, "use_nccl": true, "devices_per_worker": 1, "primary_resource": "extra_gpu", "gpu": false, "verbose": false, "lr_config": {"mode": "log", "steps": 5, "initial_lr": 0.001, "target_lr": 0.0014142135623730952}, "batch_per_device": 128}, "time_since_restore": 33.671430587768555, "timesteps_since_restore": 0, "iterations_since_restore": 1, "mean_throughput": 1781.9199512427717, "atoms": 2, "setup_time": 29.808340311050415}
{"apply": 0.019231414794921874, "batch_time": 0.038907301425933835, "d2h": 0.0006820321083068848, "data_time": 0.0028441560511686366, "fwd": 0.02876741886138916, "get_state_time_mean": NaN, "get_state_time_total": 0.0, "grad": 0.08288701772689819, "mean_accuracy": 0.48603997826576234, "mean_loss": 1.4355574466133116, "neg_mean_accuracy": -0.5162999629974365, "set_state_time_mean": NaN, "set_state_time_total": 0.0, "setup_model_time_mean": NaN, "setup_model_time_total": 0.0, "setup_proc_time_mean": NaN, "setup_proc_time_total": 0.0, "train_accuracy": 0.5004600286483765, "train_loss": 1.393625487651825, "training_time_mean": NaN, "training_time_total": 0.0, "val_accuracy": 0.5162999629974365, "val_loss": 1.3418266617774963, "validation_time_mean": NaN, "validation_time_total": 0.0, "samples": 60000, "num_workers": 2, "done": false, "timesteps_total": null, "episodes_total": null, "training_iteration": 8, "neg_mean_loss": -1.4355574466133116, "experiment_id": "9760591111424a2a82311aeb495a46fa", "date": "2019-06-03_22-52-51", "timestamp": 1559627571, "time_this_iter_s": 28.941248893737793, "time_total_s": 321.0602722167969, "pid": 26905, "hostname": "steropes", "node_ip": "169.229.49.254", "config": {"starting_lr": 0.001, "momentum": 0.95, "weight_decay": 0.0005, "steps_per_iteration": null, "pin": false, "model_creator": null, "target_batch_size": 128, "model_string": "resnet50", "min_batch_size": 128, "dataset": "CIFAR", "placement": null, "use_nccl": true, "devices_per_worker": 1, "primary_resource": "extra_gpu", "gpu": false, "verbose": false, "lr_config": {"mode": "log", "steps": 5, "initial_lr": 0.001, "target_lr": 0.0014142135623730952}, "batch_per_device": 128}, "time_since_restore": 62.61267948150635, "timesteps_since_restore": 0, "iterations_since_restore": 2, "mean_throughput": 1916.5386731361025, "atoms": 2, "setup_time": 29.808340311050415}
{"apply": 0.018815004825592042, "batch_time": 0.03822775185108185, "d2h": 0.0006670832633972168, "data_time": 0.002990767055628251, "fwd": 0.028677082061767577, "get_state_time_mean": NaN, "get_state_time_total": 0.0, "grad": 0.08310333490371705, "mean_accuracy": 0.4974199771881104, "mean_loss": 1.3990248104667662, "neg_mean_accuracy": -0.5131999850273132, "set_state_time_mean": NaN, "set_state_time_total": 0.0, "setup_model_time_mean": NaN, "setup_model_time_total": 0.0, "setup_proc_time_mean": NaN, "setup_proc_time_total": 0.0, "train_accuracy": 0.5037599802017212, "train_loss": 1.3777415855407715, "training_time_mean": NaN, "training_time_total": 0.0, "val_accuracy": 0.5131999850273132, "val_loss": 1.356661052131653, "validation_time_mean": NaN, "validation_time_total": 0.0, "samples": 60000, "num_workers": 2, "done": false, "timesteps_total": null, "episodes_total": null, "training_iteration": 9, "neg_mean_loss": -1.3990248104667662, "experiment_id": "9760591111424a2a82311aeb495a46fa", "date": "2019-06-03_22-53-20", "timestamp": 1559627600, "time_this_iter_s": 28.661246299743652, "time_total_s": 349.7215185165405, "pid": 26905, "hostname": "steropes", "node_ip": "169.229.49.254", "config": {"starting_lr": 0.001, "momentum": 0.95, "weight_decay": 0.0005, "steps_per_iteration": null, "pin": false, "model_creator": null, "target_batch_size": 128, "model_string": "resnet50", "min_batch_size": 128, "dataset": "CIFAR", "placement": null, "use_nccl": true, "devices_per_worker": 1, "primary_resource": "extra_gpu", "gpu": false, "verbose": false, "lr_config": {"mode": "log", "steps": 5, "initial_lr": 0.001, "target_lr": 0.0014142135623730952}, "batch_per_device": 128}, "time_since_restore": 91.27392578125, "timesteps_since_restore": 0, "iterations_since_restore": 3, "mean_throughput": 1972.0755616413726, "atoms": 2, "setup_time": 29.808340311050415}
{"apply": 0.018968474864959717, "batch_time": 0.03808171153068542, "d2h": 0.0006641387939453125, "data_time": 0.00277628095782533, "fwd": 0.02870386838912964, "get_state_time_mean": NaN, "get_state_time_total": 0.0, "grad": 0.086587655544281, "mean_accuracy": 0.5089199781417847, "mean_loss": 1.367501464576721, "neg_mean_accuracy": -0.5271999835968018, "set_state_time_mean": NaN, "set_state_time_total": 0.0, "setup_model_time_mean": NaN, "setup_model_time_total": 0.0, "setup_proc_time_mean": NaN, "setup_proc_time_total": 0.0, "train_accuracy": 0.5118399858474731, "train_loss": 1.3615203318595888, "training_time_mean": NaN, "training_time_total": 0.0, "val_accuracy": 0.5271999835968018, "val_loss": 1.3230362112998963, "validation_time_mean": NaN, "validation_time_total": 0.0, "samples": 60000, "num_workers": 2, "done": false, "timesteps_total": null, "episodes_total": null, "training_iteration": 10, "neg_mean_loss": -1.367501464576721, "experiment_id": "9760591111424a2a82311aeb495a46fa", "date": "2019-06-03_22-53-49", "timestamp": 1559627629, "time_this_iter_s": 28.97585892677307, "time_total_s": 378.6973774433136, "pid": 26905, "hostname": "steropes", "node_ip": "169.229.49.254", "config": {"starting_lr": 0.001, "momentum": 0.95, "weight_decay": 0.0005, "steps_per_iteration": null, "pin": false, "model_creator": null, "target_batch_size": 128, "model_string": "resnet50", "min_batch_size": 128, "dataset": "CIFAR", "placement": null, "use_nccl": true, "devices_per_worker": 1, "primary_resource": "extra_gpu", "gpu": false, "verbose": false, "lr_config": {"mode": "log", "steps": 5, "initial_lr": 0.001, "target_lr": 0.0014142135623730952}, "batch_per_device": 128}, "time_since_restore": 120.24978470802307, "timesteps_since_restore": 0, "iterations_since_restore": 4, "mean_throughput": 1995.8362540516594, "atoms": 2, "setup_time": 29.808340311050415}
{"apply": 0.018387866020202637, "batch_time": 0.038237422704696655, "d2h": 0.0006994247436523438, "data_time": 0.002857947227906208, "fwd": 0.029441666603088376, "get_state_time_mean": NaN, "get_state_time_total": 0.0, "grad": 0.07894409894943237, "mean_accuracy": 0.5160799860954285, "mean_loss": 1.3567799583816529, "neg_mean_accuracy": -0.5195000171661377, "set_state_time_mean": NaN, "set_state_time_total": 0.0, "setup_model_time_mean": NaN, "setup_model_time_total": 0.0, "setup_proc_time_mean": NaN, "setup_proc_time_total": 0.0, "train_accuracy": 0.5220800042152405, "train_loss": 1.3298610174369812, "training_time_mean": NaN, "training_time_total": 0.0, "val_accuracy": 0.5195000171661377, "val_loss": 1.3955831867218018, "validation_time_mean": NaN, "validation_time_total": 0.0, "samples": 60000, "num_workers": 2, "done": false, "timesteps_total": null, "episodes_total": null, "training_iteration": 11, "neg_mean_loss": -1.3567799583816529, "experiment_id": "9760591111424a2a82311aeb495a46fa", "date": "2019-06-03_22-54-17", "timestamp": 1559627657, "time_this_iter_s": 28.408074378967285, "time_total_s": 407.1054518222809, "pid": 26905, "hostname": "steropes", "node_ip": "169.229.49.254", "config": {"starting_lr": 0.001, "momentum": 0.95, "weight_decay": 0.0005, "steps_per_iteration": null, "pin": false, "model_creator": null, "target_batch_size": 128, "model_string": "resnet50", "min_batch_size": 128, "dataset": "CIFAR", "placement": null, "use_nccl": true, "devices_per_worker": 1, "primary_resource": "extra_gpu", "gpu": false, "verbose": false, "lr_config": {"mode": "log", "steps": 5, "initial_lr": 0.001, "target_lr": 0.0014142135623730952}, "batch_per_device": 128}, "time_since_restore": 148.65785908699036, "timesteps_since_restore": 0, "iterations_since_restore": 5, "mean_throughput": 2018.0480351524327, "atoms": 2, "setup_time": 29.808340311050415}
{"apply": 0.019208908081054688, "batch_time": 0.03793526589870453, "d2h": 0.0006601810455322266, "data_time": 0.002795440201856652, "fwd": 0.028691315650939943, "get_state_time_mean": NaN, "get_state_time_total": 0.0, "grad": 0.08102318048477172, "mean_accuracy": 0.5248799920082092, "mean_loss": 1.3391924006080629, "neg_mean_accuracy": -0.5482000112533569, "set_state_time_mean": NaN, "set_state_time_total": 0.0, "setup_model_time_mean": NaN, "setup_model_time_total": 0.0, "setup_proc_time_mean": NaN, "setup_proc_time_total": 0.0, "train_accuracy": 0.5320799946784973, "train_loss": 1.3055236289978027, "training_time_mean": NaN, "training_time_total": 0.0, "val_accuracy": 0.5482000112533569, "val_loss": 1.2788548911094666, "validation_time_mean": NaN, "validation_time_total": 0.0, "samples": 60000, "num_workers": 2, "done": false, "timesteps_total": null, "episodes_total": null, "training_iteration": 12, "neg_mean_loss": -1.3391924006080629, "experiment_id": "9760591111424a2a82311aeb495a46fa", "date": "2019-06-03_22-54-45", "timestamp": 1559627685, "time_this_iter_s": 27.585390090942383, "time_total_s": 434.69084191322327, "pid": 26905, "hostname": "steropes", "node_ip": "169.229.49.254", "config": {"starting_lr": 0.001, "momentum": 0.95, "weight_decay": 0.0005, "steps_per_iteration": null, "pin": false, "model_creator": null, "target_batch_size": 128, "model_string": "resnet50", "min_batch_size": 128, "dataset": "CIFAR", "placement": null, "use_nccl": true, "devices_per_worker": 1, "primary_resource": "extra_gpu", "gpu": false, "verbose": false, "lr_config": {"mode": "log", "steps": 5, "initial_lr": 0.001, "target_lr": 0.0014142135623730952}, "batch_per_device": 128}, "time_since_restore": 176.24324917793274, "timesteps_since_restore": 0, "iterations_since_restore": 6, "mean_throughput": 2104.19260742251, "atoms": 2, "setup_time": 29.808340311050415}
{"apply": 0.019132550557454428, "batch_time": 0.06655954137260532, "d2h": 0.0006464322408040365, "data_time": 0.0036252861411213574, "fwd": 0.10441382726033528, "get_state_time_mean": NaN, "get_state_time_total": 0.0, "grad": 0.24806546370188398, "mean_accuracy": 0.5405378897984823, "mean_loss": 1.29834638068199, "neg_mean_accuracy": -0.5526894728342692, "set_state_time_mean": 4.6624977588653564, "set_state_time_total": 4.6624977588653564, "setup_model_time_mean": 11.588725566864014, "setup_model_time_total": 11.588725566864014, "setup_proc_time_mean": 10.65057142575582, "setup_proc_time_total": 10.65057142575582, "train_accuracy": 0.5501290162404379, "train_loss": 1.255296877703832, "training_time_mean": NaN, "training_time_total": 0.0, "val_accuracy": 0.5526894728342692, "val_loss": 1.2502313256740476, "validation_time_mean": NaN, "validation_time_total": 0.0, "samples": 60000, "num_workers": 3, "done": true, "timesteps_total": null, "episodes_total": null, "training_iteration": 14, "neg_mean_loss": -1.29834638068199, "experiment_id": "9760591111424a2a82311aeb495a46fa", "date": "2019-06-03_22-56-02", "timestamp": 1559627762, "time_this_iter_s": 26.37703251838684, "time_total_s": 489.242516040802, "pid": 28995, "hostname": "steropes", "node_ip": "169.229.49.254", "config": {"starting_lr": 0.001, "momentum": 0.95, "weight_decay": 0.0005, "steps_per_iteration": null, "pin": false, "model_creator": null, "target_batch_size": 128, "model_string": "resnet50", "min_batch_size": 128, "dataset": "CIFAR", "placement": null, "use_nccl": true, "devices_per_worker": 1, "primary_resource": "extra_gpu", "gpu": false, "verbose": false, "lr_config": {"mode": "log", "steps": 5, "initial_lr": 0.001, "target_lr": 0.0017320508075688772}, "batch_per_device": 128}, "time_since_restore": 26.37703251838684, "timesteps_since_restore": 0, "iterations_since_restore": 1, "mean_throughput": 2274.6965795125, "atoms": 3, "setup_time": 50.830175161361694}
