{"apply": 0.017258644104003906, "batch_time": 0.041309673574906364, "d2h": 0.0007284164428710937, "data_time": 0.0018225057655588135, "fwd": 0.11917016506195069, "get_state_time_mean": NaN, "get_state_time_total": 0.0, "grad": 0.16848695278167725, "mean_accuracy": 0.27639999985694885, "mean_loss": 2.0285762390136717, "neg_mean_accuracy": -0.27639999985694885, "set_state_time_mean": NaN, "set_state_time_total": 0.0, "setup_model_time_mean": 8.440825939178467, "setup_model_time_total": 8.440825939178467, "setup_proc_time_mean": 0.17919063568115234, "setup_proc_time_total": 0.17919063568115234, "train_accuracy": 0.1966399997472763, "train_loss": 2.2998042858123777, "training_time_mean": NaN, "training_time_total": 0.0, "val_accuracy": 0.27639999985694885, "val_loss": 2.0285762390136717, "validation_time_mean": NaN, "validation_time_total": 0.0, "samples": 60000, "num_workers": 1, "done": false, "timesteps_total": null, "episodes_total": null, "training_iteration": 1, "neg_mean_loss": -2.0285762390136717, "experiment_id": "d27b7b15c42744c08c35df58ea027397", "date": "2019-06-03_04-09-25", "timestamp": 1559560165, "time_this_iter_s": 46.00426959991455, "time_total_s": 46.00426959991455, "pid": 16900, "hostname": "steropes", "node_ip": "169.229.49.254", "config": {"starting_lr": 0.001, "momentum": 0.9, "weight_decay": 0.005, "steps_per_iteration": null, "pin": false, "model_creator": null, "target_batch_size": 128, "model_string": "resnet50", "min_batch_size": 128, "dataset": "CIFAR", "placement": null, "use_nccl": true, "devices_per_worker": 1, "primary_resource": "extra_gpu", "gpu": false, "verbose": false, "lr_config": {"mode": "log", "steps": 5, "initial_lr": 0.001, "target_lr": 0.001}, "batch_per_device": 128}, "time_since_restore": 46.00426959991455, "timesteps_since_restore": 0, "iterations_since_restore": 1, "mean_throughput": 1304.2231752802384, "atoms": 1, "setup_time": 8.73389482498169}
{"apply": 0.018126797676086426, "batch_time": 0.0317953538291062, "d2h": 0.0007251262664794922, "data_time": 0.0017350982217227712, "fwd": 0.028570389747619628, "get_state_time_mean": NaN, "get_state_time_total": 0.0, "grad": 0.04922964572906494, "mean_accuracy": 0.3140999972820282, "mean_loss": 1.9084206322669983, "neg_mean_accuracy": -0.35179999470710754, "set_state_time_mean": NaN, "set_state_time_total": 0.0, "setup_model_time_mean": NaN, "setup_model_time_total": 0.0, "setup_proc_time_mean": NaN, "setup_proc_time_total": 0.0, "train_accuracy": 0.2917799949645996, "train_loss": 1.95527622215271, "training_time_mean": NaN, "training_time_total": 0.0, "val_accuracy": 0.35179999470710754, "val_loss": 1.7882650255203247, "validation_time_mean": NaN, "validation_time_total": 0.0, "samples": 60000, "num_workers": 1, "done": false, "timesteps_total": null, "episodes_total": null, "training_iteration": 2, "neg_mean_loss": -1.9084206322669983, "experiment_id": "d27b7b15c42744c08c35df58ea027397", "date": "2019-06-03_04-10-06", "timestamp": 1559560206, "time_this_iter_s": 40.8949339389801, "time_total_s": 86.89920353889465, "pid": 16900, "hostname": "steropes", "node_ip": "169.229.49.254", "config": {"starting_lr": 0.001, "momentum": 0.9, "weight_decay": 0.005, "steps_per_iteration": null, "pin": false, "model_creator": null, "target_batch_size": 128, "model_string": "resnet50", "min_batch_size": 128, "dataset": "CIFAR", "placement": null, "use_nccl": true, "devices_per_worker": 1, "primary_resource": "extra_gpu", "gpu": false, "verbose": false, "lr_config": {"mode": "log", "steps": 5, "initial_lr": 0.001, "target_lr": 0.001}, "batch_per_device": 128}, "time_since_restore": 86.89920353889465, "timesteps_since_restore": 0, "iterations_since_restore": 2, "mean_throughput": 1380.9069285185067, "atoms": 1, "setup_time": 8.73389482498169}
{"apply": 0.017687535285949706, "batch_time": 0.033603360381307484, "d2h": 0.0006806612014770508, "data_time": 0.0017547076925292344, "fwd": 0.027503132820129395, "get_state_time_mean": NaN, "get_state_time_total": 0.0, "grad": 0.04845099449157715, "mean_accuracy": 0.33079999685287476, "mean_loss": 1.8605235569636027, "neg_mean_accuracy": -0.36419999599456787, "set_state_time_mean": NaN, "set_state_time_total": 0.0, "setup_model_time_mean": NaN, "setup_model_time_total": 0.0, "setup_proc_time_mean": NaN, "setup_proc_time_total": 0.0, "train_accuracy": 0.3434399962425232, "train_loss": 1.8058380489349366, "training_time_mean": NaN, "training_time_total": 0.0, "val_accuracy": 0.36419999599456787, "val_loss": 1.7647294063568115, "validation_time_mean": NaN, "validation_time_total": 0.0, "samples": 60000, "num_workers": 1, "done": false, "timesteps_total": null, "episodes_total": null, "training_iteration": 3, "neg_mean_loss": -1.8605235569636027, "experiment_id": "d27b7b15c42744c08c35df58ea027397", "date": "2019-06-03_04-10-46", "timestamp": 1559560246, "time_this_iter_s": 40.82248044013977, "time_total_s": 127.72168397903442, "pid": 16900, "hostname": "steropes", "node_ip": "169.229.49.254", "config": {"starting_lr": 0.001, "momentum": 0.9, "weight_decay": 0.005, "steps_per_iteration": null, "pin": false, "model_creator": null, "target_batch_size": 128, "model_string": "resnet50", "min_batch_size": 128, "dataset": "CIFAR", "placement": null, "use_nccl": true, "devices_per_worker": 1, "primary_resource": "extra_gpu", "gpu": false, "verbose": false, "lr_config": {"mode": "log", "steps": 5, "initial_lr": 0.001, "target_lr": 0.001}, "batch_per_device": 128}, "time_since_restore": 127.72168397903442, "timesteps_since_restore": 0, "iterations_since_restore": 3, "mean_throughput": 1409.3111587093426, "atoms": 1, "setup_time": 8.73389482498169}
{"apply": 0.017561841011047363, "batch_time": 0.031637221952027915, "d2h": 0.0006597518920898437, "data_time": 0.001788859477128519, "fwd": 0.02782900333404541, "get_state_time_mean": NaN, "get_state_time_total": 0.0, "grad": 0.04884500503540039, "mean_accuracy": 0.3517499938607216, "mean_loss": 1.7964331667423248, "neg_mean_accuracy": -0.4145999848842621, "set_state_time_mean": NaN, "set_state_time_total": 0.0, "setup_model_time_mean": NaN, "setup_model_time_total": 0.0, "setup_proc_time_mean": NaN, "setup_proc_time_total": 0.0, "train_accuracy": 0.3750999867916107, "train_loss": 1.7156823920822144, "training_time_mean": NaN, "training_time_total": 0.0, "val_accuracy": 0.4145999848842621, "val_loss": 1.6041619960784912, "validation_time_mean": NaN, "validation_time_total": 0.0, "samples": 60000, "num_workers": 1, "done": false, "timesteps_total": null, "episodes_total": null, "training_iteration": 4, "neg_mean_loss": -1.7964331667423248, "experiment_id": "d27b7b15c42744c08c35df58ea027397", "date": "2019-06-03_04-11-27", "timestamp": 1559560287, "time_this_iter_s": 40.786170959472656, "time_total_s": 168.50785493850708, "pid": 16900, "hostname": "steropes", "node_ip": "169.229.49.254", "config": {"starting_lr": 0.001, "momentum": 0.9, "weight_decay": 0.005, "steps_per_iteration": null, "pin": false, "model_creator": null, "target_batch_size": 128, "model_string": "resnet50", "min_batch_size": 128, "dataset": "CIFAR", "placement": null, "use_nccl": true, "devices_per_worker": 1, "primary_resource": "extra_gpu", "gpu": false, "verbose": false, "lr_config": {"mode": "log", "steps": 5, "initial_lr": 0.001, "target_lr": 0.001}, "batch_per_device": 128}, "time_since_restore": 168.50785493850708, "timesteps_since_restore": 0, "iterations_since_restore": 4, "mean_throughput": 1424.262827940794, "atoms": 1, "setup_time": 8.73389482498169}
{"apply": 0.017773246765136717, "batch_time": 0.03118333031859579, "d2h": 0.000700831413269043, "data_time": 0.0017247547578933598, "fwd": 0.028402185440063475, "get_state_time_mean": NaN, "get_state_time_total": 0.0, "grad": 0.0482715368270874, "mean_accuracy": 0.3666999936103821, "mean_loss": 1.7512581103515625, "neg_mean_accuracy": -0.42649999260902405, "set_state_time_mean": NaN, "set_state_time_total": 0.0, "setup_model_time_mean": NaN, "setup_model_time_total": 0.0, "setup_proc_time_mean": NaN, "setup_proc_time_total": 0.0, "train_accuracy": 0.40111997723579407, "train_loss": 1.6423530209350585, "training_time_mean": NaN, "training_time_total": 0.0, "val_accuracy": 0.42649999260902405, "val_loss": 1.570557884788513, "validation_time_mean": NaN, "validation_time_total": 0.0, "samples": 60000, "num_workers": 1, "done": false, "timesteps_total": null, "episodes_total": null, "training_iteration": 5, "neg_mean_loss": -1.7512581103515625, "experiment_id": "d27b7b15c42744c08c35df58ea027397", "date": "2019-06-03_04-12-08", "timestamp": 1559560328, "time_this_iter_s": 40.66757035255432, "time_total_s": 209.1754252910614, "pid": 16900, "hostname": "steropes", "node_ip": "169.229.49.254", "config": {"starting_lr": 0.001, "momentum": 0.9, "weight_decay": 0.005, "steps_per_iteration": null, "pin": false, "model_creator": null, "target_batch_size": 128, "model_string": "resnet50", "min_batch_size": 128, "dataset": "CIFAR", "placement": null, "use_nccl": true, "devices_per_worker": 1, "primary_resource": "extra_gpu", "gpu": false, "verbose": false, "lr_config": {"mode": "log", "steps": 5, "initial_lr": 0.001, "target_lr": 0.001}, "batch_per_device": 128}, "time_since_restore": 209.1754252910614, "timesteps_since_restore": 0, "iterations_since_restore": 5, "mean_throughput": 1434.1998062156033, "atoms": 1, "setup_time": 8.73389482498169}
{"apply": 0.01737220287322998, "batch_time": 0.03117817866651318, "d2h": 0.0007129907608032227, "data_time": 0.0017091496216366663, "fwd": 0.027604150772094726, "get_state_time_mean": NaN, "get_state_time_total": 0.0, "grad": 0.04865915775299072, "mean_accuracy": 0.400599992275238, "mean_loss": 1.645459808959961, "neg_mean_accuracy": -0.44589999318122864, "set_state_time_mean": NaN, "set_state_time_total": 0.0, "setup_model_time_mean": NaN, "setup_model_time_total": 0.0, "setup_proc_time_mean": NaN, "setup_proc_time_total": 0.0, "train_accuracy": 0.4202999770641327, "train_loss": 1.5832781718444824, "training_time_mean": NaN, "training_time_total": 0.0, "val_accuracy": 0.44589999318122864, "val_loss": 1.4995847320556641, "validation_time_mean": NaN, "validation_time_total": 0.0, "samples": 60000, "num_workers": 1, "done": false, "timesteps_total": null, "episodes_total": null, "training_iteration": 6, "neg_mean_loss": -1.645459808959961, "experiment_id": "d27b7b15c42744c08c35df58ea027397", "date": "2019-06-03_04-12-48", "timestamp": 1559560368, "time_this_iter_s": 40.5139799118042, "time_total_s": 249.6894052028656, "pid": 16900, "hostname": "steropes", "node_ip": "169.229.49.254", "config": {"starting_lr": 0.001, "momentum": 0.9, "weight_decay": 0.005, "steps_per_iteration": null, "pin": false, "model_creator": null, "target_batch_size": 128, "model_string": "resnet50", "min_batch_size": 128, "dataset": "CIFAR", "placement": null, "use_nccl": true, "devices_per_worker": 1, "primary_resource": "extra_gpu", "gpu": false, "verbose": false, "lr_config": {"mode": "log", "steps": 5, "initial_lr": 0.001, "target_lr": 0.001}, "batch_per_device": 128}, "time_since_restore": 249.6894052028656, "timesteps_since_restore": 0, "iterations_since_restore": 6, "mean_throughput": 1472.8585934509872, "atoms": 1, "setup_time": 8.73389482498169}
{"apply": 0.017084074020385743, "batch_time": 0.031321356568155406, "d2h": 0.0006683826446533203, "data_time": 0.0017291121470653797, "fwd": 0.02752065658569336, "get_state_time_mean": NaN, "get_state_time_total": 0.0, "grad": 0.048076510429382324, "mean_accuracy": 0.42383999228477476, "mean_loss": 1.5795324218368532, "neg_mean_accuracy": -0.46799999475479126, "set_state_time_mean": NaN, "set_state_time_total": 0.0, "setup_model_time_mean": NaN, "setup_model_time_total": 0.0, "setup_proc_time_mean": NaN, "setup_proc_time_total": 0.0, "train_accuracy": 0.4371599853038788, "train_loss": 1.541859469833374, "training_time_mean": NaN, "training_time_total": 0.0, "val_accuracy": 0.46799999475479126, "val_loss": 1.4586280899047852, "validation_time_mean": NaN, "validation_time_total": 0.0, "samples": 60000, "num_workers": 1, "done": false, "timesteps_total": null, "episodes_total": null, "training_iteration": 7, "neg_mean_loss": -1.5795324218368532, "experiment_id": "d27b7b15c42744c08c35df58ea027397", "date": "2019-06-03_04-13-29", "timestamp": 1559560409, "time_this_iter_s": 40.46963334083557, "time_total_s": 290.1590385437012, "pid": 16900, "hostname": "steropes", "node_ip": "169.229.49.254", "config": {"starting_lr": 0.001, "momentum": 0.9, "weight_decay": 0.005, "steps_per_iteration": null, "pin": false, "model_creator": null, "target_batch_size": 128, "model_string": "resnet50", "min_batch_size": 128, "dataset": "CIFAR", "placement": null, "use_nccl": true, "devices_per_worker": 1, "primary_resource": "extra_gpu", "gpu": false, "verbose": false, "lr_config": {"mode": "log", "steps": 5, "initial_lr": 0.001, "target_lr": 0.001}, "batch_per_device": 128}, "time_since_restore": 290.1590385437012, "timesteps_since_restore": 0, "iterations_since_restore": 7, "mean_throughput": 1475.940446523094, "atoms": 1, "setup_time": 8.73389482498169}
{"apply": 0.016978240013122557, "batch_time": 0.03169294852244703, "d2h": 0.0006943702697753906, "data_time": 0.0017075227654498556, "fwd": 0.027508091926574708, "get_state_time_mean": NaN, "get_state_time_total": 0.0, "grad": 0.04765298366546631, "mean_accuracy": 0.44767999053001406, "mean_loss": 1.5077689106369019, "neg_mean_accuracy": -0.48339998722076416, "set_state_time_mean": NaN, "set_state_time_total": 0.0, "setup_model_time_mean": NaN, "setup_model_time_total": 0.0, "setup_proc_time_mean": NaN, "setup_proc_time_total": 0.0, "train_accuracy": 0.45837998390197754, "train_loss": 1.4919336638641358, "training_time_mean": NaN, "training_time_total": 0.0, "val_accuracy": 0.48339998722076416, "val_loss": 1.4059118503570556, "validation_time_mean": NaN, "validation_time_total": 0.0, "samples": 60000, "num_workers": 1, "done": false, "timesteps_total": null, "episodes_total": null, "training_iteration": 8, "neg_mean_loss": -1.5077689106369019, "experiment_id": "d27b7b15c42744c08c35df58ea027397", "date": "2019-06-03_04-14-09", "timestamp": 1559560449, "time_this_iter_s": 40.52585554122925, "time_total_s": 330.6848940849304, "pid": 16900, "hostname": "steropes", "node_ip": "169.229.49.254", "config": {"starting_lr": 0.001, "momentum": 0.9, "weight_decay": 0.005, "steps_per_iteration": null, "pin": false, "model_creator": null, "target_batch_size": 128, "model_string": "resnet50", "min_batch_size": 128, "dataset": "CIFAR", "placement": null, "use_nccl": true, "devices_per_worker": 1, "primary_resource": "extra_gpu", "gpu": false, "verbose": false, "lr_config": {"mode": "log", "steps": 5, "initial_lr": 0.001, "target_lr": 0.001}, "batch_per_device": 128}, "time_since_restore": 330.6848940849304, "timesteps_since_restore": 0, "iterations_since_restore": 8, "mean_throughput": 1478.0974850979203, "atoms": 1, "setup_time": 8.73389482498169}
{"apply": 0.017175984382629395, "batch_time": 0.03271053108987929, "d2h": 0.0007230520248413086, "data_time": 0.0017115142949096992, "fwd": 0.027745366096496582, "get_state_time_mean": NaN, "get_state_time_total": 0.0, "grad": 0.048369097709655764, "mean_accuracy": 0.46235998868942263, "mean_loss": 1.4684724267578124, "neg_mean_accuracy": -0.48799997568130493, "set_state_time_mean": NaN, "set_state_time_total": 0.0, "setup_model_time_mean": NaN, "setup_model_time_total": 0.0, "setup_proc_time_mean": NaN, "setup_proc_time_total": 0.0, "train_accuracy": 0.47181999683380127, "train_loss": 1.4543397385025025, "training_time_mean": NaN, "training_time_total": 0.0, "val_accuracy": 0.48799997568130493, "val_loss": 1.4076795766830443, "validation_time_mean": NaN, "validation_time_total": 0.0, "samples": 60000, "num_workers": 1, "done": false, "timesteps_total": null, "episodes_total": null, "training_iteration": 9, "neg_mean_loss": -1.4684724267578124, "experiment_id": "d27b7b15c42744c08c35df58ea027397", "date": "2019-06-03_04-14-50", "timestamp": 1559560490, "time_this_iter_s": 40.49188709259033, "time_total_s": 371.17678117752075, "pid": 16900, "hostname": "steropes", "node_ip": "169.229.49.254", "config": {"starting_lr": 0.001, "momentum": 0.9, "weight_decay": 0.005, "steps_per_iteration": null, "pin": false, "model_creator": null, "target_batch_size": 128, "model_string": "resnet50", "min_batch_size": 128, "dataset": "CIFAR", "placement": null, "use_nccl": true, "devices_per_worker": 1, "primary_resource": "extra_gpu", "gpu": false, "verbose": false, "lr_config": {"mode": "log", "steps": 5, "initial_lr": 0.001, "target_lr": 0.001}, "batch_per_device": 128}, "time_since_restore": 371.17678117752075, "timesteps_since_restore": 0, "iterations_since_restore": 9, "mean_throughput": 1480.243296997857, "atoms": 1, "setup_time": 8.73389482498169}
{"apply": 0.017988109588623048, "batch_time": 0.03327710719048223, "d2h": 0.0006756305694580079, "data_time": 0.0018009633359396854, "fwd": 0.028291988372802734, "get_state_time_mean": NaN, "get_state_time_total": 0.0, "grad": 0.0483837366104126, "mean_accuracy": 0.47775998711586, "mean_loss": 1.4261627699661255, "neg_mean_accuracy": -0.5034999847412109, "set_state_time_mean": NaN, "set_state_time_total": 0.0, "setup_model_time_mean": NaN, "setup_model_time_total": 0.0, "setup_proc_time_mean": NaN, "setup_proc_time_total": 0.0, "train_accuracy": 0.48673999309539795, "train_loss": 1.4133529909896851, "training_time_mean": NaN, "training_time_total": 0.0, "val_accuracy": 0.5034999847412109, "val_loss": 1.359009600830078, "validation_time_mean": NaN, "validation_time_total": 0.0, "samples": 60000, "num_workers": 1, "done": false, "timesteps_total": null, "episodes_total": null, "training_iteration": 10, "neg_mean_loss": -1.4261627699661255, "experiment_id": "d27b7b15c42744c08c35df58ea027397", "date": "2019-06-03_04-15-31", "timestamp": 1559560531, "time_this_iter_s": 40.87386775016785, "time_total_s": 412.0506489276886, "pid": 16900, "hostname": "steropes", "node_ip": "169.229.49.254", "config": {"starting_lr": 0.001, "momentum": 0.9, "weight_decay": 0.005, "steps_per_iteration": null, "pin": false, "model_creator": null, "target_batch_size": 128, "model_string": "resnet50", "min_batch_size": 128, "dataset": "CIFAR", "placement": null, "use_nccl": true, "devices_per_worker": 1, "primary_resource": "extra_gpu", "gpu": false, "verbose": false, "lr_config": {"mode": "log", "steps": 5, "initial_lr": 0.001, "target_lr": 0.001}, "batch_per_device": 128}, "time_since_restore": 412.0506489276886, "timesteps_since_restore": 0, "iterations_since_restore": 10, "mean_throughput": 1478.738139956522, "atoms": 1, "setup_time": 8.73389482498169}
{"apply": 0.01701362133026123, "batch_time": 0.032995447327819054, "d2h": 0.0007113933563232422, "data_time": 0.0017335286835575348, "fwd": 0.027455711364746095, "get_state_time_mean": NaN, "get_state_time_total": 0.0, "grad": 0.047472381591796876, "mean_accuracy": 0.49237998723983767, "mean_loss": 1.3891461720275877, "neg_mean_accuracy": -0.5189999938011169, "set_state_time_mean": NaN, "set_state_time_total": 0.0, "setup_model_time_mean": NaN, "setup_model_time_total": 0.0, "setup_proc_time_mean": NaN, "setup_proc_time_total": 0.0, "train_accuracy": 0.49709999561309814, "train_loss": 1.3831486968231201, "training_time_mean": NaN, "training_time_total": 0.0, "val_accuracy": 0.5189999938011169, "val_loss": 1.3145017423629761, "validation_time_mean": NaN, "validation_time_total": 0.0, "samples": 60000, "num_workers": 1, "done": false, "timesteps_total": null, "episodes_total": null, "training_iteration": 11, "neg_mean_loss": -1.3891461720275877, "experiment_id": "d27b7b15c42744c08c35df58ea027397", "date": "2019-06-03_04-16-11", "timestamp": 1559560571, "time_this_iter_s": 40.56406044960022, "time_total_s": 452.6147093772888, "pid": 16900, "hostname": "steropes", "node_ip": "169.229.49.254", "config": {"starting_lr": 0.001, "momentum": 0.9, "weight_decay": 0.005, "steps_per_iteration": null, "pin": false, "model_creator": null, "target_batch_size": 128, "model_string": "resnet50", "min_batch_size": 128, "dataset": "CIFAR", "placement": null, "use_nccl": true, "devices_per_worker": 1, "primary_resource": "extra_gpu", "gpu": false, "verbose": false, "lr_config": {"mode": "log", "steps": 5, "initial_lr": 0.001, "target_lr": 0.001}, "batch_per_device": 128}, "time_since_restore": 452.6147093772888, "timesteps_since_restore": 0, "iterations_since_restore": 11, "mean_throughput": 1478.3732646021442, "atoms": 1, "setup_time": 8.73389482498169}
{"apply": 0.01778378486633301, "batch_time": 0.03133684170397022, "d2h": 0.0007107257843017578, "data_time": 0.0017409470989880964, "fwd": 0.02797250747680664, "get_state_time_mean": NaN, "get_state_time_total": 0.0, "grad": 0.04781317710876465, "mean_accuracy": 0.5038199901580811, "mean_loss": 1.3574282826995847, "neg_mean_accuracy": -0.5252000093460083, "set_state_time_mean": NaN, "set_state_time_total": 0.0, "setup_model_time_mean": NaN, "setup_model_time_total": 0.0, "setup_proc_time_mean": NaN, "setup_proc_time_total": 0.0, "train_accuracy": 0.510699987411499, "train_loss": 1.3477056534576417, "training_time_mean": NaN, "training_time_total": 0.0, "val_accuracy": 0.5252000093460083, "val_loss": 1.3000386432647706, "validation_time_mean": NaN, "validation_time_total": 0.0, "samples": 60000, "num_workers": 1, "done": true, "timesteps_total": null, "episodes_total": null, "training_iteration": 12, "neg_mean_loss": -1.3574282826995847, "experiment_id": "d27b7b15c42744c08c35df58ea027397", "date": "2019-06-03_04-16-52", "timestamp": 1559560612, "time_this_iter_s": 40.672555446624756, "time_total_s": 493.2872648239136, "pid": 16900, "hostname": "steropes", "node_ip": "169.229.49.254", "config": {"starting_lr": 0.001, "momentum": 0.9, "weight_decay": 0.005, "steps_per_iteration": null, "pin": false, "model_creator": null, "target_batch_size": 128, "model_string": "resnet50", "min_batch_size": 128, "dataset": "CIFAR", "placement": null, "use_nccl": true, "devices_per_worker": 1, "primary_resource": "extra_gpu", "gpu": false, "verbose": false, "lr_config": {"mode": "log", "steps": 5, "initial_lr": 0.001, "target_lr": 0.001}, "batch_per_device": 128}, "time_since_restore": 493.2872648239136, "timesteps_since_restore": 0, "iterations_since_restore": 12, "mean_throughput": 1476.8963825784592, "atoms": 1, "setup_time": 8.73389482498169}
