{"apply": 0.017642402648925783, "batch_time": 0.04860870445830912, "d2h": 0.000664377212524414, "data_time": 0.0018609460357509916, "fwd": 0.12174515724182129, "get_state_time_mean": NaN, "get_state_time_total": 0.0, "grad": 0.164650559425354, "mean_accuracy": 0.09999999403953552, "mean_loss": 1.3962386974305194e+23, "neg_mean_accuracy": -0.09999999403953552, "set_state_time_mean": NaN, "set_state_time_total": 0.0, "setup_model_time_mean": 13.541593790054321, "setup_model_time_total": 13.541593790054321, "setup_proc_time_mean": 1.7956385612487793, "setup_proc_time_total": 1.7956385612487793, "train_accuracy": 0.10294000059366226, "train_loss": 2489962896064.235, "training_time_mean": NaN, "training_time_total": 0.0, "val_accuracy": 0.09999999403953552, "val_loss": 1.3962386974305194e+23, "validation_time_mean": NaN, "validation_time_total": 0.0, "samples": 60000, "num_workers": 1, "done": false, "timesteps_total": null, "episodes_total": null, "training_iteration": 1, "neg_mean_loss": -1.3962386974305194e+23, "experiment_id": "2c51b34b94004febab759cdc19bb1b85", "date": "2019-06-06_07-02-52", "timestamp": 1559829772, "time_this_iter_s": 47.22111105918884, "time_total_s": 47.22111105918884, "pid": 31660, "hostname": "steropes", "node_ip": "169.229.49.254", "config": {"starting_lr": 1.0, "momentum": 0.997, "weight_decay": 0.0005, "steps_per_iteration": null, "pin": false, "model_creator": null, "target_batch_size": 128, "model_string": "resnet50", "min_batch_size": 128, "dataset": "CIFAR", "placement": null, "use_nccl": true, "devices_per_worker": 1, "primary_resource": "extra_gpu", "gpu": false, "verbose": false, "lr_config": {"mode": "log", "steps": 5, "initial_lr": 1.0, "target_lr": 1.0}, "batch_per_device": 128}, "time_since_restore": 47.22111105918884, "timesteps_since_restore": 0, "iterations_since_restore": 1, "mean_throughput": 1270.6155482160773, "atoms": 1, "setup_time": 15.43932819366455}
{"apply": 0.017545700073242188, "batch_time": 0.033309423470798925, "d2h": 0.0006535768508911133, "data_time": 0.001802298114122942, "fwd": 0.02822766304016113, "get_state_time_mean": NaN, "get_state_time_total": 0.0, "grad": 0.04869964122772217, "mean_accuracy": 0.050049997018504655, "mean_loss": NaN, "neg_mean_accuracy": -9.999999747378752e-05, "set_state_time_mean": NaN, "set_state_time_total": 0.0, "setup_model_time_mean": NaN, "setup_model_time_total": 0.0, "setup_proc_time_mean": NaN, "setup_proc_time_total": 0.0, "train_accuracy": 0.045499999076128006, "train_loss": NaN, "training_time_mean": NaN, "training_time_total": 0.0, "val_accuracy": 9.999999747378752e-05, "val_loss": NaN, "validation_time_mean": NaN, "validation_time_total": 0.0, "samples": 60000, "num_workers": 1, "done": true, "timesteps_total": null, "episodes_total": null, "training_iteration": 2, "neg_mean_loss": NaN, "experiment_id": "2c51b34b94004febab759cdc19bb1b85", "date": "2019-06-06_07-03-33", "timestamp": 1559829813, "time_this_iter_s": 41.17685532569885, "time_total_s": 88.3979663848877, "pid": 31660, "hostname": "steropes", "node_ip": "169.229.49.254", "config": {"starting_lr": 1.0, "momentum": 0.997, "weight_decay": 0.0005, "steps_per_iteration": null, "pin": false, "model_creator": null, "target_batch_size": 128, "model_string": "resnet50", "min_batch_size": 128, "dataset": "CIFAR", "placement": null, "use_nccl": true, "devices_per_worker": 1, "primary_resource": "extra_gpu", "gpu": false, "verbose": false, "lr_config": {"mode": "log", "steps": 5, "initial_lr": 1.0, "target_lr": 1.0}, "batch_per_device": 128}, "time_since_restore": 88.3979663848877, "timesteps_since_restore": 0, "iterations_since_restore": 2, "mean_throughput": 1357.4946596821749, "atoms": 1, "setup_time": 15.43932819366455}
