{"apply": 0.017729973793029784, "batch_time": 0.04390243337124209, "d2h": 0.0007035732269287109, "data_time": 0.0018829799369168099, "fwd": 0.19888315200805665, "get_state_time_mean": NaN, "get_state_time_total": 0.0, "grad": 0.17290802001953126, "mean_accuracy": 0.23979999125003815, "mean_loss": 2.080135939025879, "neg_mean_accuracy": -0.23979999125003815, "set_state_time_mean": NaN, "set_state_time_total": 0.0, "setup_model_time_mean": 23.654844760894775, "setup_model_time_total": 23.654844760894775, "setup_proc_time_mean": 1.6720893383026123, "setup_proc_time_total": 1.6720893383026123, "train_accuracy": 0.15091998875141144, "train_loss": 2.550244583129883, "training_time_mean": NaN, "training_time_total": 0.0, "val_accuracy": 0.23979999125003815, "val_loss": 2.080135939025879, "validation_time_mean": NaN, "validation_time_total": 0.0, "samples": 60000, "num_workers": 1, "done": false, "timesteps_total": null, "episodes_total": null, "training_iteration": 1, "neg_mean_loss": -2.080135939025879, "experiment_id": "ae30dba486f14c82a5b63e981b49c0a0", "date": "2019-06-02_20-35-10", "timestamp": 1559532910, "time_this_iter_s": 47.89359521865845, "time_total_s": 47.89359521865845, "pid": 6277, "hostname": "steropes", "node_ip": "169.229.49.254", "config": {"starting_lr": 0.0001, "momentum": 0.99, "weight_decay": 0.0005, "steps_per_iteration": null, "pin": false, "model_creator": null, "target_batch_size": 128, "model_string": "resnet50", "min_batch_size": 128, "dataset": "CIFAR", "placement": null, "use_nccl": true, "devices_per_worker": 1, "primary_resource": "extra_gpu", "gpu": false, "verbose": false, "lr_config": {"mode": "log", "steps": 5, "initial_lr": 0.0001, "target_lr": 0.0001}, "batch_per_device": 128}, "time_since_restore": 47.89359521865845, "timesteps_since_restore": 0, "iterations_since_restore": 1, "mean_throughput": 1252.7749063657957, "atoms": 1, "setup_time": 25.42483139038086}
{"apply": 0.018391180038452148, "batch_time": 0.032611403284193596, "d2h": 0.0007617950439453125, "data_time": 0.0018484385117240574, "fwd": 0.028620243072509766, "get_state_time_mean": NaN, "get_state_time_total": 0.0, "grad": 0.04930553436279297, "mean_accuracy": 0.2758999988436699, "mean_loss": 1.985930117416382, "neg_mean_accuracy": -0.31200000643730164, "set_state_time_mean": NaN, "set_state_time_total": 0.0, "setup_model_time_mean": NaN, "setup_model_time_total": 0.0, "setup_proc_time_mean": NaN, "setup_proc_time_total": 0.0, "train_accuracy": 0.2604199945926666, "train_loss": 2.0329922298431398, "training_time_mean": NaN, "training_time_total": 0.0, "val_accuracy": 0.31200000643730164, "val_loss": 1.8917242958068847, "validation_time_mean": NaN, "validation_time_total": 0.0, "samples": 60000, "num_workers": 1, "done": false, "timesteps_total": null, "episodes_total": null, "training_iteration": 2, "neg_mean_loss": -1.985930117416382, "experiment_id": "ae30dba486f14c82a5b63e981b49c0a0", "date": "2019-06-02_20-35-52", "timestamp": 1559532952, "time_this_iter_s": 41.42715835571289, "time_total_s": 89.32075357437134, "pid": 6277, "hostname": "steropes", "node_ip": "169.229.49.254", "config": {"starting_lr": 0.0001, "momentum": 0.99, "weight_decay": 0.0005, "steps_per_iteration": null, "pin": false, "model_creator": null, "target_batch_size": 128, "model_string": "resnet50", "min_batch_size": 128, "dataset": "CIFAR", "placement": null, "use_nccl": true, "devices_per_worker": 1, "primary_resource": "extra_gpu", "gpu": false, "verbose": false, "lr_config": {"mode": "log", "steps": 5, "initial_lr": 0.0001, "target_lr": 0.0001}, "batch_per_device": 128}, "time_since_restore": 89.32075357437134, "timesteps_since_restore": 0, "iterations_since_restore": 2, "mean_throughput": 1343.4682598505838, "atoms": 1, "setup_time": 25.42483139038086}
{"apply": 0.01804020404815674, "batch_time": 0.033036108258404306, "d2h": 0.0008109092712402343, "data_time": 0.0018525574823169758, "fwd": 0.029035162925720216, "get_state_time_mean": NaN, "get_state_time_total": 0.0, "grad": 0.04861316680908203, "mean_accuracy": 0.30496666332085925, "mean_loss": 1.9156273519515992, "neg_mean_accuracy": -0.36309999227523804, "set_state_time_mean": NaN, "set_state_time_total": 0.0, "setup_model_time_mean": NaN, "setup_model_time_total": 0.0, "setup_proc_time_mean": NaN, "setup_proc_time_total": 0.0, "train_accuracy": 0.31586000323295593, "train_loss": 1.880563263092041, "training_time_mean": NaN, "training_time_total": 0.0, "val_accuracy": 0.36309999227523804, "val_loss": 1.7750218210220337, "validation_time_mean": NaN, "validation_time_total": 0.0, "samples": 60000, "num_workers": 1, "done": true, "timesteps_total": null, "episodes_total": null, "training_iteration": 3, "neg_mean_loss": -1.9156273519515992, "experiment_id": "ae30dba486f14c82a5b63e981b49c0a0", "date": "2019-06-02_20-36-33", "timestamp": 1559532993, "time_this_iter_s": 41.52432942390442, "time_total_s": 130.84508299827576, "pid": 6277, "hostname": "steropes", "node_ip": "169.229.49.254", "config": {"starting_lr": 0.0001, "momentum": 0.99, "weight_decay": 0.0005, "steps_per_iteration": null, "pin": false, "model_creator": null, "target_batch_size": 128, "model_string": "resnet50", "min_batch_size": 128, "dataset": "CIFAR", "placement": null, "use_nccl": true, "devices_per_worker": 1, "primary_resource": "extra_gpu", "gpu": false, "verbose": false, "lr_config": {"mode": "log", "steps": 5, "initial_lr": 0.0001, "target_lr": 0.0001}, "batch_per_device": 128}, "time_since_restore": 130.84508299827576, "timesteps_since_restore": 0, "iterations_since_restore": 3, "mean_throughput": 1375.6686210245618, "atoms": 1, "setup_time": 25.42483139038086}
