{"apply": 0.01861605644226074, "batch_time": 0.04634001888806307, "d2h": 0.0007940292358398438, "data_time": 0.0019415809065484635, "fwd": 0.12133088111877441, "get_state_time_mean": NaN, "get_state_time_total": 0.0, "grad": 0.23410265445709227, "mean_accuracy": 0.12849999964237213, "mean_loss": 2.515797551727295, "neg_mean_accuracy": -0.12849999964237213, "set_state_time_mean": NaN, "set_state_time_total": 0.0, "setup_model_time_mean": 18.381643295288086, "setup_model_time_total": 18.381643295288086, "setup_proc_time_mean": 1.713137149810791, "setup_proc_time_total": 1.713137149810791, "train_accuracy": 0.10294000059366226, "train_loss": 6.345118958435059, "training_time_mean": NaN, "training_time_total": 0.0, "val_accuracy": 0.12849999964237213, "val_loss": 2.515797551727295, "validation_time_mean": NaN, "validation_time_total": 0.0, "samples": 60000, "num_workers": 1, "done": false, "timesteps_total": null, "episodes_total": null, "training_iteration": 1, "neg_mean_loss": -2.515797551727295, "experiment_id": "3eb45e4e163345a6953d760af0c2b97a", "date": "2019-06-06_10-28-39", "timestamp": 1559842119, "time_this_iter_s": 47.69858169555664, "time_total_s": 47.69858169555664, "pid": 7406, "hostname": "steropes", "node_ip": "169.229.49.254", "config": {"starting_lr": 0.05, "momentum": 0.997, "weight_decay": 0.001, "steps_per_iteration": null, "pin": false, "model_creator": null, "target_batch_size": 128, "model_string": "resnet50", "min_batch_size": 128, "dataset": "CIFAR", "placement": null, "use_nccl": true, "devices_per_worker": 1, "primary_resource": "extra_gpu", "gpu": false, "verbose": false, "lr_config": {"mode": "log", "steps": 5, "initial_lr": 0.05, "target_lr": 0.05}, "batch_per_device": 128}, "time_since_restore": 47.69858169555664, "timesteps_since_restore": 0, "iterations_since_restore": 1, "mean_throughput": 1257.896912212867, "atoms": 1, "setup_time": 20.19267463684082}
{"apply": 0.01774764060974121, "batch_time": 0.032263333284402194, "d2h": 0.0007168531417846679, "data_time": 0.0018637564481066926, "fwd": 0.02816646099090576, "get_state_time_mean": NaN, "get_state_time_total": 0.0, "grad": 0.05021815299987793, "mean_accuracy": 0.1148499995470047, "mean_loss": 15.084457162094116, "neg_mean_accuracy": -0.10119999945163727, "set_state_time_mean": NaN, "set_state_time_total": 0.0, "setup_model_time_mean": NaN, "setup_model_time_total": 0.0, "setup_proc_time_mean": NaN, "setup_proc_time_total": 0.0, "train_accuracy": 0.10678000003099442, "train_loss": 7.944210415802002, "training_time_mean": NaN, "training_time_total": 0.0, "val_accuracy": 0.10119999945163727, "val_loss": 27.653116772460937, "validation_time_mean": NaN, "validation_time_total": 0.0, "samples": 60000, "num_workers": 1, "done": false, "timesteps_total": null, "episodes_total": null, "training_iteration": 2, "neg_mean_loss": -15.084457162094116, "experiment_id": "3eb45e4e163345a6953d760af0c2b97a", "date": "2019-06-06_10-29-21", "timestamp": 1559842161, "time_this_iter_s": 41.25935387611389, "time_total_s": 88.95793557167053, "pid": 7406, "hostname": "steropes", "node_ip": "169.229.49.254", "config": {"starting_lr": 0.05, "momentum": 0.997, "weight_decay": 0.001, "steps_per_iteration": null, "pin": false, "model_creator": null, "target_batch_size": 128, "model_string": "resnet50", "min_batch_size": 128, "dataset": "CIFAR", "placement": null, "use_nccl": true, "devices_per_worker": 1, "primary_resource": "extra_gpu", "gpu": false, "verbose": false, "lr_config": {"mode": "log", "steps": 5, "initial_lr": 0.05, "target_lr": 0.05}, "batch_per_device": 128}, "time_since_restore": 88.95793557167053, "timesteps_since_restore": 0, "iterations_since_restore": 2, "mean_throughput": 1348.94778201411, "atoms": 1, "setup_time": 20.19267463684082}
{"apply": 0.01755800247192383, "batch_time": 0.03250695180289353, "d2h": 0.0007159233093261719, "data_time": 0.0018427719545486333, "fwd": 0.027990436553955077, "get_state_time_mean": NaN, "get_state_time_total": 0.0, "grad": 0.04772171974182129, "mean_accuracy": 0.10636666665474574, "mean_loss": 4208.082375608063, "neg_mean_accuracy": -0.08940000087022781, "set_state_time_mean": NaN, "set_state_time_total": 0.0, "setup_model_time_mean": NaN, "setup_model_time_total": 0.0, "setup_proc_time_mean": NaN, "setup_proc_time_total": 0.0, "train_accuracy": 0.1024399995803833, "train_loss": 16.70528662536621, "training_time_mean": NaN, "training_time_total": 0.0, "val_accuracy": 0.08940000087022781, "val_loss": 12594.0782125, "validation_time_mean": NaN, "validation_time_total": 0.0, "samples": 60000, "num_workers": 1, "done": true, "timesteps_total": null, "episodes_total": null, "training_iteration": 3, "neg_mean_loss": -4208.082375608063, "experiment_id": "3eb45e4e163345a6953d760af0c2b97a", "date": "2019-06-06_10-30-01", "timestamp": 1559842201, "time_this_iter_s": 40.921794176101685, "time_total_s": 129.87972974777222, "pid": 7406, "hostname": "steropes", "node_ip": "169.229.49.254", "config": {"starting_lr": 0.05, "momentum": 0.997, "weight_decay": 0.001, "steps_per_iteration": null, "pin": false, "model_creator": null, "target_batch_size": 128, "model_string": "resnet50", "min_batch_size": 128, "dataset": "CIFAR", "placement": null, "use_nccl": true, "devices_per_worker": 1, "primary_resource": "extra_gpu", "gpu": false, "verbose": false, "lr_config": {"mode": "log", "steps": 5, "initial_lr": 0.05, "target_lr": 0.05}, "batch_per_device": 128}, "time_since_restore": 129.87972974777222, "timesteps_since_restore": 0, "iterations_since_restore": 3, "mean_throughput": 1385.893653158907, "atoms": 1, "setup_time": 20.19267463684082}
