apply,batch_time,d2h,data_time,fwd,get_state_time_mean,get_state_time_total,grad,mean_accuracy,mean_loss,neg_mean_accuracy,set_state_time_mean,set_state_time_total,setup_model_time_mean,setup_model_time_total,setup_proc_time_mean,setup_proc_time_total,train_accuracy,train_loss,training_time_mean,training_time_total,validation_time_mean,validation_time_total,samples,num_workers,done,timesteps_total,episodes_total,training_iteration,neg_mean_loss,experiment_id,date,timestamp,time_this_iter_s,time_total_s,pid,hostname,node_ip,config,time_since_restore,timesteps_since_restore,iterations_since_restore,mean_throughput,atoms
0.007633614540100098,0.18620176315307618,0.0053599834442138675,0.041344715624439476,0.06843738555908203,nan,0.0,0.18124237060546874,0.38259997963905334,1.741181590652466,-0.38259997963905334,nan,0.0,9.06860065460205,9.06860065460205,0.1418323516845703,0.1418323516845703,0.2962000072002411,2.162061689414978,nan,0.0,nan,0.0,60000,1,False,,,1,-1.741181590652466,07e1ee7c13c94a97bea5dcbef91bed78,2019-05-30_15-18-58,1559254738,12.231041193008423,12.231041193008423,12510,steropes,169.229.49.254,"{'starting_lr': 0.05, 'momentum': 0.99, 'weight_decay': 0.005, 'steps_per_iteration': None, 'pin': False, 'model_creator': None, 'target_batch_size': 1024, 'model_string': 'resnet18', 'min_batch_size': 512, 'dataset': 'CIFAR', 'placement': None, 'use_nccl': True, 'devices_per_worker': 1, 'primary_resource': 'extra_gpu', 'gpu': False, 'verbose': False, 'lr_config': {'mode': 'log', 'steps': 5, 'initial_lr': 0.05, 'target_lr': 0.05}, 'batch_per_device': 1024}",12.231041193008423,0,1,4905.506546604694,1
0.009110569953918457,0.1503544807434082,0.006619310379028321,0.024889585923175424,0.027838897705078126,nan,0.0,0.06168732643127441,0.1485999971628189,2.429055030441284,-0.1485999971628189,nan,0.0,nan,0.0,nan,0.0,0.4187600016593933,1.5855707916259765,nan,0.0,nan,0.0,60000,1,False,,,2,-2.429055030441284,07e1ee7c13c94a97bea5dcbef91bed78,2019-05-30_15-19-06,1559254746,8.316496133804321,20.547537326812744,12510,steropes,169.229.49.254,"{'starting_lr': 0.05, 'momentum': 0.99, 'weight_decay': 0.005, 'steps_per_iteration': None, 'pin': False, 'model_creator': None, 'target_batch_size': 1024, 'model_string': 'resnet18', 'min_batch_size': 512, 'dataset': 'CIFAR', 'placement': None, 'use_nccl': True, 'devices_per_worker': 1, 'primary_resource': 'extra_gpu', 'gpu': False, 'verbose': False, 'lr_config': {'mode': 'log', 'steps': 5, 'initial_lr': 0.05, 'target_lr': 0.05}, 'batch_per_device': 1024}",20.547537326812744,0,2,5840.061105947899,1
0.007677745819091797,0.14409704208374025,0.005578970909118653,0.030273924068528777,0.030566906929016112,nan,0.0,0.056829428672790526,0.1143999993801117,12.86618147125244,-0.1143999993801117,nan,0.0,nan,0.0,nan,0.0,0.3897799849510193,1.6680426218032838,nan,0.0,nan,0.0,60000,1,False,,,3,-12.86618147125244,07e1ee7c13c94a97bea5dcbef91bed78,2019-05-30_15-19-14,1559254754,8.06380033493042,28.611337661743164,12510,steropes,169.229.49.254,"{'starting_lr': 0.05, 'momentum': 0.99, 'weight_decay': 0.005, 'steps_per_iteration': None, 'pin': False, 'model_creator': None, 'target_batch_size': 1024, 'model_string': 'resnet18', 'min_batch_size': 512, 'dataset': 'CIFAR', 'placement': None, 'use_nccl': True, 'devices_per_worker': 1, 'primary_resource': 'extra_gpu', 'gpu': False, 'verbose': False, 'lr_config': {'mode': 'log', 'steps': 5, 'initial_lr': 0.05, 'target_lr': 0.05}, 'batch_per_device': 1024}",28.611337661743164,0,3,6291.152137351766,1
0.007474350929260254,0.14133961200714112,0.006109285354614258,0.025070711058013295,0.038488340377807614,nan,0.0,0.04865639209747315,0.32099997997283936,2.310546225738525,-0.32099997997283936,nan,0.0,nan,0.0,nan,0.0,0.41593998670578003,1.5644005233764648,nan,0.0,nan,0.0,60000,1,False,,,4,-2.310546225738525,07e1ee7c13c94a97bea5dcbef91bed78,2019-05-30_15-19-22,1559254762,8.322297096252441,36.933634757995605,12510,steropes,169.229.49.254,"{'starting_lr': 0.05, 'momentum': 0.99, 'weight_decay': 0.005, 'steps_per_iteration': None, 'pin': False, 'model_creator': None, 'target_batch_size': 1024, 'model_string': 'resnet18', 'min_batch_size': 512, 'dataset': 'CIFAR', 'placement': None, 'use_nccl': True, 'devices_per_worker': 1, 'primary_resource': 'extra_gpu', 'gpu': False, 'verbose': False, 'lr_config': {'mode': 'log', 'steps': 5, 'initial_lr': 0.05, 'target_lr': 0.05}, 'batch_per_device': 1024}",36.933634757995605,0,4,6498.079788629924,1
0.008041024208068848,0.13227643966674804,0.006065058708190918,0.027105740138462613,0.028390908241271974,nan,0.0,0.06549935340881348,0.4032999873161316,1.6540353034973145,-0.4032999873161316,nan,0.0,nan,0.0,nan,0.0,0.421099990606308,1.6693665413284302,nan,0.0,nan,0.0,60000,1,False,,,5,-1.6540353034973145,07e1ee7c13c94a97bea5dcbef91bed78,2019-05-30_15-19-31,1559254771,8.104060173034668,45.03769493103027,12510,steropes,169.229.49.254,"{'starting_lr': 0.05, 'momentum': 0.99, 'weight_decay': 0.005, 'steps_per_iteration': None, 'pin': False, 'model_creator': None, 'target_batch_size': 1024, 'model_string': 'resnet18', 'min_batch_size': 512, 'dataset': 'CIFAR', 'placement': None, 'use_nccl': True, 'devices_per_worker': 1, 'primary_resource': 'extra_gpu', 'gpu': False, 'verbose': False, 'lr_config': {'mode': 'log', 'steps': 5, 'initial_lr': 0.05, 'target_lr': 0.05}, 'batch_per_device': 1024}",45.03769493103027,0,5,6661.021954125963,1
0.0073719978332519535,0.13108737468719484,0.005672192573547364,0.025899478367396762,0.03815150260925293,nan,0.0,0.05357675552368164,0.27219998836517334,1.9238218297958374,-0.27219998836517334,nan,0.0,nan,0.0,nan,0.0,0.47217997908592224,1.4525955107879638,nan,0.0,nan,0.0,60000,1,False,,,6,-1.9238218297958374,07e1ee7c13c94a97bea5dcbef91bed78,2019-05-30_15-19-39,1559254779,8.025053024291992,53.062747955322266,12510,steropes,169.229.49.254,"{'starting_lr': 0.05, 'momentum': 0.99, 'weight_decay': 0.005, 'steps_per_iteration': None, 'pin': False, 'model_creator': None, 'target_batch_size': 1024, 'model_string': 'resnet18', 'min_batch_size': 512, 'dataset': 'CIFAR', 'placement': None, 'use_nccl': True, 'devices_per_worker': 1, 'primary_resource': 'extra_gpu', 'gpu': False, 'verbose': False, 'lr_config': {'mode': 'log', 'steps': 5, 'initial_lr': 0.05, 'target_lr': 0.05}, 'batch_per_device': 1024}",53.062747955322266,0,6,7347.15851722432,1
0.0072889566421508786,0.1335371971130371,0.006667923927307129,0.03805979417294872,0.03347237110137939,nan,0.0,0.05264823436737061,0.40609997510910034,1.7123445676803588,-0.40609997510910034,nan,0.0,nan,0.0,nan,0.0,0.5164999961853027,1.351022543182373,nan,0.0,nan,0.0,60000,1,False,,,7,-1.7123445676803588,07e1ee7c13c94a97bea5dcbef91bed78,2019-05-30_15-19-47,1559254787,8.275201320648193,61.33794927597046,12510,steropes,169.229.49.254,"{'starting_lr': 0.05, 'momentum': 0.99, 'weight_decay': 0.005, 'steps_per_iteration': None, 'pin': False, 'model_creator': None, 'target_batch_size': 1024, 'model_string': 'resnet18', 'min_batch_size': 512, 'dataset': 'CIFAR', 'placement': None, 'use_nccl': True, 'devices_per_worker': 1, 'primary_resource': 'extra_gpu', 'gpu': False, 'verbose': False, 'lr_config': {'mode': 'log', 'steps': 5, 'initial_lr': 0.05, 'target_lr': 0.05}, 'batch_per_device': 1024}",61.33794927597046,0,7,7354.595938607427,1
0.0076113462448120115,0.1371387004852295,0.008089041709899903,0.027514739912383412,0.031276392936706546,nan,0.0,0.06217644214630127,0.4659999907016754,1.8974022380828857,-0.4659999907016754,nan,0.0,nan,0.0,nan,0.0,0.5441200137138367,1.2698149662780762,nan,0.0,nan,0.0,60000,1,False,,,8,-1.8974022380828857,07e1ee7c13c94a97bea5dcbef91bed78,2019-05-30_15-19-55,1559254795,8.301146268844604,69.63909554481506,12510,steropes,169.229.49.254,"{'starting_lr': 0.05, 'momentum': 0.99, 'weight_decay': 0.005, 'steps_per_iteration': None, 'pin': False, 'model_creator': None, 'target_batch_size': 1024, 'model_string': 'resnet18', 'min_batch_size': 512, 'dataset': 'CIFAR', 'placement': None, 'use_nccl': True, 'devices_per_worker': 1, 'primary_resource': 'extra_gpu', 'gpu': False, 'verbose': False, 'lr_config': {'mode': 'log', 'steps': 5, 'initial_lr': 0.05, 'target_lr': 0.05}, 'batch_per_device': 1024}",69.63909554481506,0,8,7312.04957840216,1
0.007946491241455078,0.14466333389282227,0.005591487884521485,0.028617742110271842,0.03331060409545898,nan,0.0,0.052324223518371585,0.4601999819278717,1.6431271810531616,-0.4601999819278717,nan,0.0,nan,0.0,nan,0.0,0.554099977016449,1.2650334907531737,nan,0.0,nan,0.0,60000,1,False,,,9,-1.6431271810531616,07e1ee7c13c94a97bea5dcbef91bed78,2019-05-30_15-20-03,1559254803,8.164643049240112,77.80373859405518,12510,steropes,169.229.49.254,"{'starting_lr': 0.05, 'momentum': 0.99, 'weight_decay': 0.005, 'steps_per_iteration': None, 'pin': False, 'model_creator': None, 'target_batch_size': 1024, 'model_string': 'resnet18', 'min_batch_size': 512, 'dataset': 'CIFAR', 'placement': None, 'use_nccl': True, 'devices_per_worker': 1, 'primary_resource': 'extra_gpu', 'gpu': False, 'verbose': False, 'lr_config': {'mode': 'log', 'steps': 5, 'initial_lr': 0.05, 'target_lr': 0.05}, 'batch_per_device': 1024}",77.80373859405518,0,9,7340.254929659093,1
0.008549785614013672,0.13149404525756836,0.0059919595718383786,0.030447692287211517,0.03196253776550293,nan,0.0,0.060197186470031736,0.4794999957084656,1.4370192262649537,-0.4794999957084656,nan,0.0,nan,0.0,nan,0.0,0.5654799938201904,1.2132424507522583,nan,0.0,nan,0.0,60000,1,False,,,10,-1.4370192262649537,07e1ee7c13c94a97bea5dcbef91bed78,2019-05-30_15-20-12,1559254812,8.28421688079834,86.08795547485352,12510,steropes,169.229.49.254,"{'starting_lr': 0.05, 'momentum': 0.99, 'weight_decay': 0.005, 'steps_per_iteration': None, 'pin': False, 'model_creator': None, 'target_batch_size': 1024, 'model_string': 'resnet18', 'min_batch_size': 512, 'dataset': 'CIFAR', 'placement': None, 'use_nccl': True, 'devices_per_worker': 1, 'primary_resource': 'extra_gpu', 'gpu': False, 'verbose': False, 'lr_config': {'mode': 'log', 'steps': 5, 'initial_lr': 0.05, 'target_lr': 0.05}, 'batch_per_device': 1024}",86.08795547485352,0,10,7308.041729413388,1
0.007266378402709961,0.13079659938812255,0.005489540100097656,0.025979358322766363,0.030780768394470213,nan,0.0,0.04870672225952148,0.5550999641418457,1.2944028554916382,-0.5550999641418457,nan,0.0,nan,0.0,nan,0.0,0.5812599658966064,1.1872429670333862,nan,0.0,nan,0.0,60000,1,False,,,11,-1.2944028554916382,07e1ee7c13c94a97bea5dcbef91bed78,2019-05-30_15-20-19,1559254819,7.812610864639282,93.9005663394928,12510,steropes,169.229.49.254,"{'starting_lr': 0.05, 'momentum': 0.99, 'weight_decay': 0.005, 'steps_per_iteration': None, 'pin': False, 'model_creator': None, 'target_batch_size': 1024, 'model_string': 'resnet18', 'min_batch_size': 512, 'dataset': 'CIFAR', 'placement': None, 'use_nccl': True, 'devices_per_worker': 1, 'primary_resource': 'extra_gpu', 'gpu': False, 'verbose': False, 'lr_config': {'mode': 'log', 'steps': 5, 'initial_lr': 0.05, 'target_lr': 0.05}, 'batch_per_device': 1024}",93.9005663394928,0,11,7346.057266778784,1
0.0073969364166259766,0.13574037551879883,0.007842373847961426,0.022847170732459243,0.027486252784729003,nan,0.0,0.05742824077606201,0.5640999674797058,1.27905696144104,-0.5640999674797058,nan,0.0,nan,0.0,nan,0.0,0.5877999663352966,1.1679606620788574,nan,0.0,nan,0.0,60000,1,True,,,12,-1.27905696144104,07e1ee7c13c94a97bea5dcbef91bed78,2019-05-30_15-20-28,1559254828,8.062938451766968,101.96350479125977,12510,steropes,169.229.49.254,"{'starting_lr': 0.05, 'momentum': 0.99, 'weight_decay': 0.005, 'steps_per_iteration': None, 'pin': False, 'model_creator': None, 'target_batch_size': 1024, 'model_string': 'resnet18', 'min_batch_size': 512, 'dataset': 'CIFAR', 'placement': None, 'use_nccl': True, 'devices_per_worker': 1, 'primary_resource': 'extra_gpu', 'gpu': False, 'verbose': False, 'lr_config': {'mode': 'log', 'steps': 5, 'initial_lr': 0.05, 'target_lr': 0.05}, 'batch_per_device': 1024}",101.96350479125977,0,12,7384.43830745448,1
