{"apply": 0.007633614540100098, "batch_time": 0.18620176315307618, "d2h": 0.0053599834442138675, "data_time": 0.041344715624439476, "fwd": 0.06843738555908203, "get_state_time_mean": NaN, "get_state_time_total": 0.0, "grad": 0.18124237060546874, "mean_accuracy": 0.38259997963905334, "mean_loss": 1.741181590652466, "neg_mean_accuracy": -0.38259997963905334, "set_state_time_mean": NaN, "set_state_time_total": 0.0, "setup_model_time_mean": 9.06860065460205, "setup_model_time_total": 9.06860065460205, "setup_proc_time_mean": 0.1418323516845703, "setup_proc_time_total": 0.1418323516845703, "train_accuracy": 0.2962000072002411, "train_loss": 2.162061689414978, "training_time_mean": NaN, "training_time_total": 0.0, "validation_time_mean": NaN, "validation_time_total": 0.0, "samples": 60000, "num_workers": 1, "done": false, "timesteps_total": null, "episodes_total": null, "training_iteration": 1, "neg_mean_loss": -1.741181590652466, "experiment_id": "07e1ee7c13c94a97bea5dcbef91bed78", "date": "2019-05-30_15-18-58", "timestamp": 1559254738, "time_this_iter_s": 12.231041193008423, "time_total_s": 12.231041193008423, "pid": 12510, "hostname": "steropes", "node_ip": "169.229.49.254", "config": {"starting_lr": 0.05, "momentum": 0.99, "weight_decay": 0.005, "steps_per_iteration": null, "pin": false, "model_creator": null, "target_batch_size": 1024, "model_string": "resnet18", "min_batch_size": 512, "dataset": "CIFAR", "placement": null, "use_nccl": true, "devices_per_worker": 1, "primary_resource": "extra_gpu", "gpu": false, "verbose": false, "lr_config": {"mode": "log", "steps": 5, "initial_lr": 0.05, "target_lr": 0.05}, "batch_per_device": 1024}, "time_since_restore": 12.231041193008423, "timesteps_since_restore": 0, "iterations_since_restore": 1, "mean_throughput": 4905.506546604694, "atoms": 1}
{"apply": 0.009110569953918457, "batch_time": 0.1503544807434082, "d2h": 0.006619310379028321, "data_time": 0.024889585923175424, "fwd": 0.027838897705078126, "get_state_time_mean": NaN, "get_state_time_total": 0.0, "grad": 0.06168732643127441, "mean_accuracy": 0.1485999971628189, "mean_loss": 2.429055030441284, "neg_mean_accuracy": -0.1485999971628189, "set_state_time_mean": NaN, "set_state_time_total": 0.0, "setup_model_time_mean": NaN, "setup_model_time_total": 0.0, "setup_proc_time_mean": NaN, "setup_proc_time_total": 0.0, "train_accuracy": 0.4187600016593933, "train_loss": 1.5855707916259765, "training_time_mean": NaN, "training_time_total": 0.0, "validation_time_mean": NaN, "validation_time_total": 0.0, "samples": 60000, "num_workers": 1, "done": false, "timesteps_total": null, "episodes_total": null, "training_iteration": 2, "neg_mean_loss": -2.429055030441284, "experiment_id": "07e1ee7c13c94a97bea5dcbef91bed78", "date": "2019-05-30_15-19-06", "timestamp": 1559254746, "time_this_iter_s": 8.316496133804321, "time_total_s": 20.547537326812744, "pid": 12510, "hostname": "steropes", "node_ip": "169.229.49.254", "config": {"starting_lr": 0.05, "momentum": 0.99, "weight_decay": 0.005, "steps_per_iteration": null, "pin": false, "model_creator": null, "target_batch_size": 1024, "model_string": "resnet18", "min_batch_size": 512, "dataset": "CIFAR", "placement": null, "use_nccl": true, "devices_per_worker": 1, "primary_resource": "extra_gpu", "gpu": false, "verbose": false, "lr_config": {"mode": "log", "steps": 5, "initial_lr": 0.05, "target_lr": 0.05}, "batch_per_device": 1024}, "time_since_restore": 20.547537326812744, "timesteps_since_restore": 0, "iterations_since_restore": 2, "mean_throughput": 5840.061105947899, "atoms": 1}
{"apply": 0.007677745819091797, "batch_time": 0.14409704208374025, "d2h": 0.005578970909118653, "data_time": 0.030273924068528777, "fwd": 0.030566906929016112, "get_state_time_mean": NaN, "get_state_time_total": 0.0, "grad": 0.056829428672790526, "mean_accuracy": 0.1143999993801117, "mean_loss": 12.86618147125244, "neg_mean_accuracy": -0.1143999993801117, "set_state_time_mean": NaN, "set_state_time_total": 0.0, "setup_model_time_mean": NaN, "setup_model_time_total": 0.0, "setup_proc_time_mean": NaN, "setup_proc_time_total": 0.0, "train_accuracy": 0.3897799849510193, "train_loss": 1.6680426218032838, "training_time_mean": NaN, "training_time_total": 0.0, "validation_time_mean": NaN, "validation_time_total": 0.0, "samples": 60000, "num_workers": 1, "done": false, "timesteps_total": null, "episodes_total": null, "training_iteration": 3, "neg_mean_loss": -12.86618147125244, "experiment_id": "07e1ee7c13c94a97bea5dcbef91bed78", "date": "2019-05-30_15-19-14", "timestamp": 1559254754, "time_this_iter_s": 8.06380033493042, "time_total_s": 28.611337661743164, "pid": 12510, "hostname": "steropes", "node_ip": "169.229.49.254", "config": {"starting_lr": 0.05, "momentum": 0.99, "weight_decay": 0.005, "steps_per_iteration": null, "pin": false, "model_creator": null, "target_batch_size": 1024, "model_string": "resnet18", "min_batch_size": 512, "dataset": "CIFAR", "placement": null, "use_nccl": true, "devices_per_worker": 1, "primary_resource": "extra_gpu", "gpu": false, "verbose": false, "lr_config": {"mode": "log", "steps": 5, "initial_lr": 0.05, "target_lr": 0.05}, "batch_per_device": 1024}, "time_since_restore": 28.611337661743164, "timesteps_since_restore": 0, "iterations_since_restore": 3, "mean_throughput": 6291.152137351766, "atoms": 1}
{"apply": 0.007474350929260254, "batch_time": 0.14133961200714112, "d2h": 0.006109285354614258, "data_time": 0.025070711058013295, "fwd": 0.038488340377807614, "get_state_time_mean": NaN, "get_state_time_total": 0.0, "grad": 0.04865639209747315, "mean_accuracy": 0.32099997997283936, "mean_loss": 2.310546225738525, "neg_mean_accuracy": -0.32099997997283936, "set_state_time_mean": NaN, "set_state_time_total": 0.0, "setup_model_time_mean": NaN, "setup_model_time_total": 0.0, "setup_proc_time_mean": NaN, "setup_proc_time_total": 0.0, "train_accuracy": 0.41593998670578003, "train_loss": 1.5644005233764648, "training_time_mean": NaN, "training_time_total": 0.0, "validation_time_mean": NaN, "validation_time_total": 0.0, "samples": 60000, "num_workers": 1, "done": false, "timesteps_total": null, "episodes_total": null, "training_iteration": 4, "neg_mean_loss": -2.310546225738525, "experiment_id": "07e1ee7c13c94a97bea5dcbef91bed78", "date": "2019-05-30_15-19-22", "timestamp": 1559254762, "time_this_iter_s": 8.322297096252441, "time_total_s": 36.933634757995605, "pid": 12510, "hostname": "steropes", "node_ip": "169.229.49.254", "config": {"starting_lr": 0.05, "momentum": 0.99, "weight_decay": 0.005, "steps_per_iteration": null, "pin": false, "model_creator": null, "target_batch_size": 1024, "model_string": "resnet18", "min_batch_size": 512, "dataset": "CIFAR", "placement": null, "use_nccl": true, "devices_per_worker": 1, "primary_resource": "extra_gpu", "gpu": false, "verbose": false, "lr_config": {"mode": "log", "steps": 5, "initial_lr": 0.05, "target_lr": 0.05}, "batch_per_device": 1024}, "time_since_restore": 36.933634757995605, "timesteps_since_restore": 0, "iterations_since_restore": 4, "mean_throughput": 6498.079788629924, "atoms": 1}
{"apply": 0.008041024208068848, "batch_time": 0.13227643966674804, "d2h": 0.006065058708190918, "data_time": 0.027105740138462613, "fwd": 0.028390908241271974, "get_state_time_mean": NaN, "get_state_time_total": 0.0, "grad": 0.06549935340881348, "mean_accuracy": 0.4032999873161316, "mean_loss": 1.6540353034973145, "neg_mean_accuracy": -0.4032999873161316, "set_state_time_mean": NaN, "set_state_time_total": 0.0, "setup_model_time_mean": NaN, "setup_model_time_total": 0.0, "setup_proc_time_mean": NaN, "setup_proc_time_total": 0.0, "train_accuracy": 0.421099990606308, "train_loss": 1.6693665413284302, "training_time_mean": NaN, "training_time_total": 0.0, "validation_time_mean": NaN, "validation_time_total": 0.0, "samples": 60000, "num_workers": 1, "done": false, "timesteps_total": null, "episodes_total": null, "training_iteration": 5, "neg_mean_loss": -1.6540353034973145, "experiment_id": "07e1ee7c13c94a97bea5dcbef91bed78", "date": "2019-05-30_15-19-31", "timestamp": 1559254771, "time_this_iter_s": 8.104060173034668, "time_total_s": 45.03769493103027, "pid": 12510, "hostname": "steropes", "node_ip": "169.229.49.254", "config": {"starting_lr": 0.05, "momentum": 0.99, "weight_decay": 0.005, "steps_per_iteration": null, "pin": false, "model_creator": null, "target_batch_size": 1024, "model_string": "resnet18", "min_batch_size": 512, "dataset": "CIFAR", "placement": null, "use_nccl": true, "devices_per_worker": 1, "primary_resource": "extra_gpu", "gpu": false, "verbose": false, "lr_config": {"mode": "log", "steps": 5, "initial_lr": 0.05, "target_lr": 0.05}, "batch_per_device": 1024}, "time_since_restore": 45.03769493103027, "timesteps_since_restore": 0, "iterations_since_restore": 5, "mean_throughput": 6661.021954125963, "atoms": 1}
{"apply": 0.0073719978332519535, "batch_time": 0.13108737468719484, "d2h": 0.005672192573547364, "data_time": 0.025899478367396762, "fwd": 0.03815150260925293, "get_state_time_mean": NaN, "get_state_time_total": 0.0, "grad": 0.05357675552368164, "mean_accuracy": 0.27219998836517334, "mean_loss": 1.9238218297958374, "neg_mean_accuracy": -0.27219998836517334, "set_state_time_mean": NaN, "set_state_time_total": 0.0, "setup_model_time_mean": NaN, "setup_model_time_total": 0.0, "setup_proc_time_mean": NaN, "setup_proc_time_total": 0.0, "train_accuracy": 0.47217997908592224, "train_loss": 1.4525955107879638, "training_time_mean": NaN, "training_time_total": 0.0, "validation_time_mean": NaN, "validation_time_total": 0.0, "samples": 60000, "num_workers": 1, "done": false, "timesteps_total": null, "episodes_total": null, "training_iteration": 6, "neg_mean_loss": -1.9238218297958374, "experiment_id": "07e1ee7c13c94a97bea5dcbef91bed78", "date": "2019-05-30_15-19-39", "timestamp": 1559254779, "time_this_iter_s": 8.025053024291992, "time_total_s": 53.062747955322266, "pid": 12510, "hostname": "steropes", "node_ip": "169.229.49.254", "config": {"starting_lr": 0.05, "momentum": 0.99, "weight_decay": 0.005, "steps_per_iteration": null, "pin": false, "model_creator": null, "target_batch_size": 1024, "model_string": "resnet18", "min_batch_size": 512, "dataset": "CIFAR", "placement": null, "use_nccl": true, "devices_per_worker": 1, "primary_resource": "extra_gpu", "gpu": false, "verbose": false, "lr_config": {"mode": "log", "steps": 5, "initial_lr": 0.05, "target_lr": 0.05}, "batch_per_device": 1024}, "time_since_restore": 53.062747955322266, "timesteps_since_restore": 0, "iterations_since_restore": 6, "mean_throughput": 7347.15851722432, "atoms": 1}
{"apply": 0.0072889566421508786, "batch_time": 0.1335371971130371, "d2h": 0.006667923927307129, "data_time": 0.03805979417294872, "fwd": 0.03347237110137939, "get_state_time_mean": NaN, "get_state_time_total": 0.0, "grad": 0.05264823436737061, "mean_accuracy": 0.40609997510910034, "mean_loss": 1.7123445676803588, "neg_mean_accuracy": -0.40609997510910034, "set_state_time_mean": NaN, "set_state_time_total": 0.0, "setup_model_time_mean": NaN, "setup_model_time_total": 0.0, "setup_proc_time_mean": NaN, "setup_proc_time_total": 0.0, "train_accuracy": 0.5164999961853027, "train_loss": 1.351022543182373, "training_time_mean": NaN, "training_time_total": 0.0, "validation_time_mean": NaN, "validation_time_total": 0.0, "samples": 60000, "num_workers": 1, "done": false, "timesteps_total": null, "episodes_total": null, "training_iteration": 7, "neg_mean_loss": -1.7123445676803588, "experiment_id": "07e1ee7c13c94a97bea5dcbef91bed78", "date": "2019-05-30_15-19-47", "timestamp": 1559254787, "time_this_iter_s": 8.275201320648193, "time_total_s": 61.33794927597046, "pid": 12510, "hostname": "steropes", "node_ip": "169.229.49.254", "config": {"starting_lr": 0.05, "momentum": 0.99, "weight_decay": 0.005, "steps_per_iteration": null, "pin": false, "model_creator": null, "target_batch_size": 1024, "model_string": "resnet18", "min_batch_size": 512, "dataset": "CIFAR", "placement": null, "use_nccl": true, "devices_per_worker": 1, "primary_resource": "extra_gpu", "gpu": false, "verbose": false, "lr_config": {"mode": "log", "steps": 5, "initial_lr": 0.05, "target_lr": 0.05}, "batch_per_device": 1024}, "time_since_restore": 61.33794927597046, "timesteps_since_restore": 0, "iterations_since_restore": 7, "mean_throughput": 7354.595938607427, "atoms": 1}
{"apply": 0.0076113462448120115, "batch_time": 0.1371387004852295, "d2h": 0.008089041709899903, "data_time": 0.027514739912383412, "fwd": 0.031276392936706546, "get_state_time_mean": NaN, "get_state_time_total": 0.0, "grad": 0.06217644214630127, "mean_accuracy": 0.4659999907016754, "mean_loss": 1.8974022380828857, "neg_mean_accuracy": -0.4659999907016754, "set_state_time_mean": NaN, "set_state_time_total": 0.0, "setup_model_time_mean": NaN, "setup_model_time_total": 0.0, "setup_proc_time_mean": NaN, "setup_proc_time_total": 0.0, "train_accuracy": 0.5441200137138367, "train_loss": 1.2698149662780762, "training_time_mean": NaN, "training_time_total": 0.0, "validation_time_mean": NaN, "validation_time_total": 0.0, "samples": 60000, "num_workers": 1, "done": false, "timesteps_total": null, "episodes_total": null, "training_iteration": 8, "neg_mean_loss": -1.8974022380828857, "experiment_id": "07e1ee7c13c94a97bea5dcbef91bed78", "date": "2019-05-30_15-19-55", "timestamp": 1559254795, "time_this_iter_s": 8.301146268844604, "time_total_s": 69.63909554481506, "pid": 12510, "hostname": "steropes", "node_ip": "169.229.49.254", "config": {"starting_lr": 0.05, "momentum": 0.99, "weight_decay": 0.005, "steps_per_iteration": null, "pin": false, "model_creator": null, "target_batch_size": 1024, "model_string": "resnet18", "min_batch_size": 512, "dataset": "CIFAR", "placement": null, "use_nccl": true, "devices_per_worker": 1, "primary_resource": "extra_gpu", "gpu": false, "verbose": false, "lr_config": {"mode": "log", "steps": 5, "initial_lr": 0.05, "target_lr": 0.05}, "batch_per_device": 1024}, "time_since_restore": 69.63909554481506, "timesteps_since_restore": 0, "iterations_since_restore": 8, "mean_throughput": 7312.04957840216, "atoms": 1}
{"apply": 0.007946491241455078, "batch_time": 0.14466333389282227, "d2h": 0.005591487884521485, "data_time": 0.028617742110271842, "fwd": 0.03331060409545898, "get_state_time_mean": NaN, "get_state_time_total": 0.0, "grad": 0.052324223518371585, "mean_accuracy": 0.4601999819278717, "mean_loss": 1.6431271810531616, "neg_mean_accuracy": -0.4601999819278717, "set_state_time_mean": NaN, "set_state_time_total": 0.0, "setup_model_time_mean": NaN, "setup_model_time_total": 0.0, "setup_proc_time_mean": NaN, "setup_proc_time_total": 0.0, "train_accuracy": 0.554099977016449, "train_loss": 1.2650334907531737, "training_time_mean": NaN, "training_time_total": 0.0, "validation_time_mean": NaN, "validation_time_total": 0.0, "samples": 60000, "num_workers": 1, "done": false, "timesteps_total": null, "episodes_total": null, "training_iteration": 9, "neg_mean_loss": -1.6431271810531616, "experiment_id": "07e1ee7c13c94a97bea5dcbef91bed78", "date": "2019-05-30_15-20-03", "timestamp": 1559254803, "time_this_iter_s": 8.164643049240112, "time_total_s": 77.80373859405518, "pid": 12510, "hostname": "steropes", "node_ip": "169.229.49.254", "config": {"starting_lr": 0.05, "momentum": 0.99, "weight_decay": 0.005, "steps_per_iteration": null, "pin": false, "model_creator": null, "target_batch_size": 1024, "model_string": "resnet18", "min_batch_size": 512, "dataset": "CIFAR", "placement": null, "use_nccl": true, "devices_per_worker": 1, "primary_resource": "extra_gpu", "gpu": false, "verbose": false, "lr_config": {"mode": "log", "steps": 5, "initial_lr": 0.05, "target_lr": 0.05}, "batch_per_device": 1024}, "time_since_restore": 77.80373859405518, "timesteps_since_restore": 0, "iterations_since_restore": 9, "mean_throughput": 7340.254929659093, "atoms": 1}
{"apply": 0.008549785614013672, "batch_time": 0.13149404525756836, "d2h": 0.0059919595718383786, "data_time": 0.030447692287211517, "fwd": 0.03196253776550293, "get_state_time_mean": NaN, "get_state_time_total": 0.0, "grad": 0.060197186470031736, "mean_accuracy": 0.4794999957084656, "mean_loss": 1.4370192262649537, "neg_mean_accuracy": -0.4794999957084656, "set_state_time_mean": NaN, "set_state_time_total": 0.0, "setup_model_time_mean": NaN, "setup_model_time_total": 0.0, "setup_proc_time_mean": NaN, "setup_proc_time_total": 0.0, "train_accuracy": 0.5654799938201904, "train_loss": 1.2132424507522583, "training_time_mean": NaN, "training_time_total": 0.0, "validation_time_mean": NaN, "validation_time_total": 0.0, "samples": 60000, "num_workers": 1, "done": false, "timesteps_total": null, "episodes_total": null, "training_iteration": 10, "neg_mean_loss": -1.4370192262649537, "experiment_id": "07e1ee7c13c94a97bea5dcbef91bed78", "date": "2019-05-30_15-20-12", "timestamp": 1559254812, "time_this_iter_s": 8.28421688079834, "time_total_s": 86.08795547485352, "pid": 12510, "hostname": "steropes", "node_ip": "169.229.49.254", "config": {"starting_lr": 0.05, "momentum": 0.99, "weight_decay": 0.005, "steps_per_iteration": null, "pin": false, "model_creator": null, "target_batch_size": 1024, "model_string": "resnet18", "min_batch_size": 512, "dataset": "CIFAR", "placement": null, "use_nccl": true, "devices_per_worker": 1, "primary_resource": "extra_gpu", "gpu": false, "verbose": false, "lr_config": {"mode": "log", "steps": 5, "initial_lr": 0.05, "target_lr": 0.05}, "batch_per_device": 1024}, "time_since_restore": 86.08795547485352, "timesteps_since_restore": 0, "iterations_since_restore": 10, "mean_throughput": 7308.041729413388, "atoms": 1}
{"apply": 0.007266378402709961, "batch_time": 0.13079659938812255, "d2h": 0.005489540100097656, "data_time": 0.025979358322766363, "fwd": 0.030780768394470213, "get_state_time_mean": NaN, "get_state_time_total": 0.0, "grad": 0.04870672225952148, "mean_accuracy": 0.5550999641418457, "mean_loss": 1.2944028554916382, "neg_mean_accuracy": -0.5550999641418457, "set_state_time_mean": NaN, "set_state_time_total": 0.0, "setup_model_time_mean": NaN, "setup_model_time_total": 0.0, "setup_proc_time_mean": NaN, "setup_proc_time_total": 0.0, "train_accuracy": 0.5812599658966064, "train_loss": 1.1872429670333862, "training_time_mean": NaN, "training_time_total": 0.0, "validation_time_mean": NaN, "validation_time_total": 0.0, "samples": 60000, "num_workers": 1, "done": false, "timesteps_total": null, "episodes_total": null, "training_iteration": 11, "neg_mean_loss": -1.2944028554916382, "experiment_id": "07e1ee7c13c94a97bea5dcbef91bed78", "date": "2019-05-30_15-20-19", "timestamp": 1559254819, "time_this_iter_s": 7.812610864639282, "time_total_s": 93.9005663394928, "pid": 12510, "hostname": "steropes", "node_ip": "169.229.49.254", "config": {"starting_lr": 0.05, "momentum": 0.99, "weight_decay": 0.005, "steps_per_iteration": null, "pin": false, "model_creator": null, "target_batch_size": 1024, "model_string": "resnet18", "min_batch_size": 512, "dataset": "CIFAR", "placement": null, "use_nccl": true, "devices_per_worker": 1, "primary_resource": "extra_gpu", "gpu": false, "verbose": false, "lr_config": {"mode": "log", "steps": 5, "initial_lr": 0.05, "target_lr": 0.05}, "batch_per_device": 1024}, "time_since_restore": 93.9005663394928, "timesteps_since_restore": 0, "iterations_since_restore": 11, "mean_throughput": 7346.057266778784, "atoms": 1}
{"apply": 0.0073969364166259766, "batch_time": 0.13574037551879883, "d2h": 0.007842373847961426, "data_time": 0.022847170732459243, "fwd": 0.027486252784729003, "get_state_time_mean": NaN, "get_state_time_total": 0.0, "grad": 0.05742824077606201, "mean_accuracy": 0.5640999674797058, "mean_loss": 1.27905696144104, "neg_mean_accuracy": -0.5640999674797058, "set_state_time_mean": NaN, "set_state_time_total": 0.0, "setup_model_time_mean": NaN, "setup_model_time_total": 0.0, "setup_proc_time_mean": NaN, "setup_proc_time_total": 0.0, "train_accuracy": 0.5877999663352966, "train_loss": 1.1679606620788574, "training_time_mean": NaN, "training_time_total": 0.0, "validation_time_mean": NaN, "validation_time_total": 0.0, "samples": 60000, "num_workers": 1, "done": true, "timesteps_total": null, "episodes_total": null, "training_iteration": 12, "neg_mean_loss": -1.27905696144104, "experiment_id": "07e1ee7c13c94a97bea5dcbef91bed78", "date": "2019-05-30_15-20-28", "timestamp": 1559254828, "time_this_iter_s": 8.062938451766968, "time_total_s": 101.96350479125977, "pid": 12510, "hostname": "steropes", "node_ip": "169.229.49.254", "config": {"starting_lr": 0.05, "momentum": 0.99, "weight_decay": 0.005, "steps_per_iteration": null, "pin": false, "model_creator": null, "target_batch_size": 1024, "model_string": "resnet18", "min_batch_size": 512, "dataset": "CIFAR", "placement": null, "use_nccl": true, "devices_per_worker": 1, "primary_resource": "extra_gpu", "gpu": false, "verbose": false, "lr_config": {"mode": "log", "steps": 5, "initial_lr": 0.05, "target_lr": 0.05}, "batch_per_device": 1024}, "time_since_restore": 101.96350479125977, "timesteps_since_restore": 0, "iterations_since_restore": 12, "mean_throughput": 7384.43830745448, "atoms": 1}
