{"apply": 0.016692924499511718, "batch_time": 0.04404694520974461, "d2h": 0.0006545782089233398, "data_time": 0.0019095163516071446, "fwd": 0.14984030723571778, "get_state_time_mean": NaN, "get_state_time_total": 0.0, "grad": 0.2590451717376709, "mean_accuracy": 0.09999999403953552, "mean_loss": 244802670298346.28, "neg_mean_accuracy": -0.09999999403953552, "set_state_time_mean": NaN, "set_state_time_total": 0.0, "setup_model_time_mean": 22.47703242301941, "setup_model_time_total": 22.47703242301941, "setup_proc_time_mean": 1.806394338607788, "setup_proc_time_total": 1.806394338607788, "train_accuracy": 0.10273999720811844, "train_loss": 3884957434504.698, "training_time_mean": NaN, "training_time_total": 0.0, "val_accuracy": 0.09999999403953552, "val_loss": 244802670298346.28, "validation_time_mean": NaN, "validation_time_total": 0.0, "samples": 60000, "num_workers": 1, "done": false, "timesteps_total": null, "episodes_total": null, "training_iteration": 1, "neg_mean_loss": -244802670298346.28, "experiment_id": "2e0537fd47094d48bd41bd055e0894e3", "date": "2019-06-06_07-03-02", "timestamp": 1559829782, "time_this_iter_s": 47.86687088012695, "time_total_s": 47.86687088012695, "pid": 31644, "hostname": "steropes", "node_ip": "169.229.49.254", "config": {"starting_lr": 1.0, "momentum": 0.99, "weight_decay": 0.005, "steps_per_iteration": null, "pin": false, "model_creator": null, "target_batch_size": 128, "model_string": "resnet50", "min_batch_size": 128, "dataset": "CIFAR", "placement": null, "use_nccl": true, "devices_per_worker": 1, "primary_resource": "extra_gpu", "gpu": false, "verbose": false, "lr_config": {"mode": "log", "steps": 5, "initial_lr": 1.0, "target_lr": 1.0}, "batch_per_device": 128}, "time_since_restore": 47.86687088012695, "timesteps_since_restore": 0, "iterations_since_restore": 1, "mean_throughput": 1253.4742738519851, "atoms": 1, "setup_time": 24.381874084472656}
{"apply": 0.01657552719116211, "batch_time": 0.03190458273585839, "d2h": 0.0007028579711914062, "data_time": 0.001804676202252088, "fwd": 0.027649855613708495, "get_state_time_mean": NaN, "get_state_time_total": 0.0, "grad": 0.0477083683013916, "mean_accuracy": 0.04999999701976776, "mean_loss": NaN, "neg_mean_accuracy": -0.0, "set_state_time_mean": NaN, "set_state_time_total": 0.0, "setup_model_time_mean": NaN, "setup_model_time_total": 0.0, "setup_proc_time_mean": NaN, "setup_proc_time_total": 0.0, "train_accuracy": 0.02029999904334545, "train_loss": NaN, "training_time_mean": NaN, "training_time_total": 0.0, "val_accuracy": 0.0, "val_loss": NaN, "validation_time_mean": NaN, "validation_time_total": 0.0, "samples": 60000, "num_workers": 1, "done": true, "timesteps_total": null, "episodes_total": null, "training_iteration": 2, "neg_mean_loss": NaN, "experiment_id": "2e0537fd47094d48bd41bd055e0894e3", "date": "2019-06-06_07-03-42", "timestamp": 1559829822, "time_this_iter_s": 40.460418462753296, "time_total_s": 88.32728934288025, "pid": 31644, "hostname": "steropes", "node_ip": "169.229.49.254", "config": {"starting_lr": 1.0, "momentum": 0.99, "weight_decay": 0.005, "steps_per_iteration": null, "pin": false, "model_creator": null, "target_batch_size": 128, "model_string": "resnet50", "min_batch_size": 128, "dataset": "CIFAR", "placement": null, "use_nccl": true, "devices_per_worker": 1, "primary_resource": "extra_gpu", "gpu": false, "verbose": false, "lr_config": {"mode": "log", "steps": 5, "initial_lr": 1.0, "target_lr": 1.0}, "batch_per_device": 128}, "time_since_restore": 88.32728934288025, "timesteps_since_restore": 0, "iterations_since_restore": 2, "mean_throughput": 1358.5800729621876, "atoms": 1, "setup_time": 24.381874084472656}
