{"apply": 0.0072745800018310545, "batch_time": 0.1805272102355957, "d2h": 0.005679941177368164, "data_time": 0.035861307260941486, "fwd": 0.07976000308990479, "get_state_time_mean": NaN, "get_state_time_total": 0.0, "grad": 0.16920795440673828, "mean_accuracy": 0.39969998598098755, "mean_loss": 1.6615735372543334, "neg_mean_accuracy": -0.39969998598098755, "set_state_time_mean": NaN, "set_state_time_total": 0.0, "setup_model_time_mean": 16.825607299804688, "setup_model_time_total": 16.825607299804688, "setup_proc_time_mean": 1.5756945610046387, "setup_proc_time_total": 1.5756945610046387, "train_accuracy": 0.26541998982429504, "train_loss": 2.5172099942016604, "training_time_mean": NaN, "training_time_total": 0.0, "validation_time_mean": NaN, "validation_time_total": 0.0, "samples": 60000, "num_workers": 1, "done": false, "timesteps_total": null, "episodes_total": null, "training_iteration": 1, "neg_mean_loss": -1.6615735372543334, "experiment_id": "7ad08a62637d494494cd9e34c6fe9787", "date": "2019-05-30_14-25-37", "timestamp": 1559251537, "time_this_iter_s": 12.035939931869507, "time_total_s": 12.035939931869507, "pid": 26977, "hostname": "steropes", "node_ip": "169.229.49.254", "config": {"starting_lr": 0.005, "momentum": 0.95, "weight_decay": 0.001, "steps_per_iteration": null, "pin": false, "model_creator": null, "target_batch_size": 1024, "model_string": "resnet18", "min_batch_size": 512, "dataset": "CIFAR", "placement": null, "use_nccl": true, "devices_per_worker": 1, "primary_resource": "extra_gpu", "gpu": false, "verbose": false, "lr_config": {"mode": "log", "steps": 5, "initial_lr": 0.005, "target_lr": 0.005}, "batch_per_device": 1024}, "time_since_restore": 12.035939931869507, "timesteps_since_restore": 0, "iterations_since_restore": 1, "mean_throughput": 4985.030146510122, "atoms": 1}
{"apply": 0.007433462142944336, "batch_time": 0.1394800901412964, "d2h": 0.004488372802734375, "data_time": 0.033912322959121395, "fwd": 0.02903323173522949, "get_state_time_mean": NaN, "get_state_time_total": 0.0, "grad": 0.05530068874359131, "mean_accuracy": 0.48069998621940613, "mean_loss": 1.4147786027908325, "neg_mean_accuracy": -0.48069998621940613, "set_state_time_mean": NaN, "set_state_time_total": 0.0, "setup_model_time_mean": NaN, "setup_model_time_total": 0.0, "setup_proc_time_mean": NaN, "setup_proc_time_total": 0.0, "train_accuracy": 0.41551998257637024, "train_loss": 1.5863739750671386, "training_time_mean": NaN, "training_time_total": 0.0, "validation_time_mean": NaN, "validation_time_total": 0.0, "samples": 60000, "num_workers": 1, "done": false, "timesteps_total": null, "episodes_total": null, "training_iteration": 2, "neg_mean_loss": -1.4147786027908325, "experiment_id": "7ad08a62637d494494cd9e34c6fe9787", "date": "2019-05-30_14-25-45", "timestamp": 1559251545, "time_this_iter_s": 8.100055932998657, "time_total_s": 20.135995864868164, "pid": 26977, "hostname": "steropes", "node_ip": "169.229.49.254", "config": {"starting_lr": 0.005, "momentum": 0.95, "weight_decay": 0.001, "steps_per_iteration": null, "pin": false, "model_creator": null, "target_batch_size": 1024, "model_string": "resnet18", "min_batch_size": 512, "dataset": "CIFAR", "placement": null, "use_nccl": true, "devices_per_worker": 1, "primary_resource": "extra_gpu", "gpu": false, "verbose": false, "lr_config": {"mode": "log", "steps": 5, "initial_lr": 0.005, "target_lr": 0.005}, "batch_per_device": 1024}, "time_since_restore": 20.135995864868164, "timesteps_since_restore": 0, "iterations_since_restore": 2, "mean_throughput": 5959.42506798797, "atoms": 1}
{"apply": 0.011736416816711425, "batch_time": 0.14473328590393067, "d2h": 0.004527783393859864, "data_time": 0.040553856869133154, "fwd": 0.028148412704467773, "get_state_time_mean": NaN, "get_state_time_total": 0.0, "grad": 0.05139777660369873, "mean_accuracy": 0.5108000040054321, "mean_loss": 1.3447339553833009, "neg_mean_accuracy": -0.5108000040054321, "set_state_time_mean": NaN, "set_state_time_total": 0.0, "setup_model_time_mean": NaN, "setup_model_time_total": 0.0, "setup_proc_time_mean": NaN, "setup_proc_time_total": 0.0, "train_accuracy": 0.4763199985027313, "train_loss": 1.4281531259918212, "training_time_mean": NaN, "training_time_total": 0.0, "validation_time_mean": NaN, "validation_time_total": 0.0, "samples": 60000, "num_workers": 1, "done": false, "timesteps_total": null, "episodes_total": null, "training_iteration": 3, "neg_mean_loss": -1.3447339553833009, "experiment_id": "7ad08a62637d494494cd9e34c6fe9787", "date": "2019-05-30_14-25-54", "timestamp": 1559251554, "time_this_iter_s": 8.727781057357788, "time_total_s": 28.863776922225952, "pid": 26977, "hostname": "steropes", "node_ip": "169.229.49.254", "config": {"starting_lr": 0.005, "momentum": 0.95, "weight_decay": 0.001, "steps_per_iteration": null, "pin": false, "model_creator": null, "target_batch_size": 1024, "model_string": "resnet18", "min_batch_size": 512, "dataset": "CIFAR", "placement": null, "use_nccl": true, "devices_per_worker": 1, "primary_resource": "extra_gpu", "gpu": false, "verbose": false, "lr_config": {"mode": "log", "steps": 5, "initial_lr": 0.005, "target_lr": 0.005}, "batch_per_device": 1024}, "time_since_restore": 28.863776922225952, "timesteps_since_restore": 0, "iterations_since_restore": 3, "mean_throughput": 6236.133544390983, "atoms": 1}
{"apply": 0.008172965049743653, "batch_time": 0.13269693851470948, "d2h": 0.007862186431884766, "data_time": 0.03596336987553811, "fwd": 0.026441216468811035, "get_state_time_mean": NaN, "get_state_time_total": 0.0, "grad": 0.04893403053283692, "mean_accuracy": 0.5331999659538269, "mean_loss": 1.2977598224639892, "neg_mean_accuracy": -0.5331999659538269, "set_state_time_mean": NaN, "set_state_time_total": 0.0, "setup_model_time_mean": NaN, "setup_model_time_total": 0.0, "setup_proc_time_mean": NaN, "setup_proc_time_total": 0.0, "train_accuracy": 0.512939989566803, "train_loss": 1.3390984075927734, "training_time_mean": NaN, "training_time_total": 0.0, "validation_time_mean": NaN, "validation_time_total": 0.0, "samples": 60000, "num_workers": 1, "done": false, "timesteps_total": null, "episodes_total": null, "training_iteration": 4, "neg_mean_loss": -1.2977598224639892, "experiment_id": "7ad08a62637d494494cd9e34c6fe9787", "date": "2019-05-30_14-26-03", "timestamp": 1559251563, "time_this_iter_s": 8.582227230072021, "time_total_s": 37.446004152297974, "pid": 26977, "hostname": "steropes", "node_ip": "169.229.49.254", "config": {"starting_lr": 0.005, "momentum": 0.95, "weight_decay": 0.001, "steps_per_iteration": null, "pin": false, "model_creator": null, "target_batch_size": 1024, "model_string": "resnet18", "min_batch_size": 512, "dataset": "CIFAR", "placement": null, "use_nccl": true, "devices_per_worker": 1, "primary_resource": "extra_gpu", "gpu": false, "verbose": false, "lr_config": {"mode": "log", "steps": 5, "initial_lr": 0.005, "target_lr": 0.005}, "batch_per_device": 1024}, "time_since_restore": 37.446004152297974, "timesteps_since_restore": 0, "iterations_since_restore": 4, "mean_throughput": 6409.169490706031, "atoms": 1}
{"apply": 0.008703351020812988, "batch_time": 0.12524678707122802, "d2h": 0.0055684328079223635, "data_time": 0.03661463698562311, "fwd": 0.028069353103637694, "get_state_time_mean": NaN, "get_state_time_total": 0.0, "grad": 0.046410202980041504, "mean_accuracy": 0.5690000057220459, "mean_loss": 1.209991801071167, "neg_mean_accuracy": -0.5690000057220459, "set_state_time_mean": NaN, "set_state_time_total": 0.0, "setup_model_time_mean": NaN, "setup_model_time_total": 0.0, "setup_proc_time_mean": NaN, "setup_proc_time_total": 0.0, "train_accuracy": 0.5428199768066406, "train_loss": 1.2662247563171387, "training_time_mean": NaN, "training_time_total": 0.0, "validation_time_mean": NaN, "validation_time_total": 0.0, "samples": 60000, "num_workers": 1, "done": false, "timesteps_total": null, "episodes_total": null, "training_iteration": 5, "neg_mean_loss": -1.209991801071167, "experiment_id": "7ad08a62637d494494cd9e34c6fe9787", "date": "2019-05-30_14-26-11", "timestamp": 1559251571, "time_this_iter_s": 8.392025470733643, "time_total_s": 45.838029623031616, "pid": 26977, "hostname": "steropes", "node_ip": "169.229.49.254", "config": {"starting_lr": 0.005, "momentum": 0.95, "weight_decay": 0.001, "steps_per_iteration": null, "pin": false, "model_creator": null, "target_batch_size": 1024, "model_string": "resnet18", "min_batch_size": 512, "dataset": "CIFAR", "placement": null, "use_nccl": true, "devices_per_worker": 1, "primary_resource": "extra_gpu", "gpu": false, "verbose": false, "lr_config": {"mode": "log", "steps": 5, "initial_lr": 0.005, "target_lr": 0.005}, "batch_per_device": 1024}, "time_since_restore": 45.838029623031616, "timesteps_since_restore": 0, "iterations_since_restore": 5, "mean_throughput": 6544.722458942502, "atoms": 1}
{"apply": 0.00759575366973877, "batch_time": 0.13008193969726561, "d2h": 0.0059784650802612305, "data_time": 0.03906484526030871, "fwd": 0.026047706604003906, "get_state_time_mean": NaN, "get_state_time_total": 0.0, "grad": 0.05162985324859619, "mean_accuracy": 0.574400007724762, "mean_loss": 1.176516474723816, "neg_mean_accuracy": -0.574400007724762, "set_state_time_mean": NaN, "set_state_time_total": 0.0, "setup_model_time_mean": NaN, "setup_model_time_total": 0.0, "setup_proc_time_mean": NaN, "setup_proc_time_total": 0.0, "train_accuracy": 0.5709800124168396, "train_loss": 1.1918627031326294, "training_time_mean": NaN, "training_time_total": 0.0, "validation_time_mean": NaN, "validation_time_total": 0.0, "samples": 60000, "num_workers": 1, "done": false, "timesteps_total": null, "episodes_total": null, "training_iteration": 6, "neg_mean_loss": -1.176516474723816, "experiment_id": "7ad08a62637d494494cd9e34c6fe9787", "date": "2019-05-30_14-26-20", "timestamp": 1559251580, "time_this_iter_s": 8.533578157424927, "time_total_s": 54.37160778045654, "pid": 26977, "hostname": "steropes", "node_ip": "169.229.49.254", "config": {"starting_lr": 0.005, "momentum": 0.95, "weight_decay": 0.001, "steps_per_iteration": null, "pin": false, "model_creator": null, "target_batch_size": 1024, "model_string": "resnet18", "min_batch_size": 512, "dataset": "CIFAR", "placement": null, "use_nccl": true, "devices_per_worker": 1, "primary_resource": "extra_gpu", "gpu": false, "verbose": false, "lr_config": {"mode": "log", "steps": 5, "initial_lr": 0.005, "target_lr": 0.005}, "batch_per_device": 1024}, "time_since_restore": 54.37160778045654, "timesteps_since_restore": 0, "iterations_since_restore": 6, "mean_throughput": 7086.154078451747, "atoms": 1}
{"apply": 0.007877445220947266, "batch_time": 0.14888513088226318, "d2h": 0.006344842910766602, "data_time": 0.037005765097481866, "fwd": 0.02780261039733887, "get_state_time_mean": NaN, "get_state_time_total": 0.0, "grad": 0.05596015453338623, "mean_accuracy": 0.5965999960899353, "mean_loss": 1.1213002365112306, "neg_mean_accuracy": -0.5965999960899353, "set_state_time_mean": NaN, "set_state_time_total": 0.0, "setup_model_time_mean": NaN, "setup_model_time_total": 0.0, "setup_proc_time_mean": NaN, "setup_proc_time_total": 0.0, "train_accuracy": 0.5961599946022034, "train_loss": 1.1255574099349976, "training_time_mean": NaN, "training_time_total": 0.0, "validation_time_mean": NaN, "validation_time_total": 0.0, "samples": 60000, "num_workers": 1, "done": false, "timesteps_total": null, "episodes_total": null, "training_iteration": 7, "neg_mean_loss": -1.1213002365112306, "experiment_id": "7ad08a62637d494494cd9e34c6fe9787", "date": "2019-05-30_14-26-28", "timestamp": 1559251588, "time_this_iter_s": 8.751308917999268, "time_total_s": 63.12291669845581, "pid": 26977, "hostname": "steropes", "node_ip": "169.229.49.254", "config": {"starting_lr": 0.005, "momentum": 0.95, "weight_decay": 0.001, "steps_per_iteration": null, "pin": false, "model_creator": null, "target_batch_size": 1024, "model_string": "resnet18", "min_batch_size": 512, "dataset": "CIFAR", "placement": null, "use_nccl": true, "devices_per_worker": 1, "primary_resource": "extra_gpu", "gpu": false, "verbose": false, "lr_config": {"mode": "log", "steps": 5, "initial_lr": 0.005, "target_lr": 0.005}, "batch_per_device": 1024}, "time_since_restore": 63.12291669845581, "timesteps_since_restore": 0, "iterations_since_restore": 7, "mean_throughput": 6978.789550408902, "atoms": 1}
{"apply": 0.007539606094360352, "batch_time": 0.13892412185668945, "d2h": 0.004810428619384766, "data_time": 0.031751676481597275, "fwd": 0.025186991691589354, "get_state_time_mean": NaN, "get_state_time_total": 0.0, "grad": 0.04449777603149414, "mean_accuracy": 0.6182000041007996, "mean_loss": 1.0608905340194703, "neg_mean_accuracy": -0.6182000041007996, "set_state_time_mean": NaN, "set_state_time_total": 0.0, "setup_model_time_mean": NaN, "setup_model_time_total": 0.0, "setup_proc_time_mean": NaN, "setup_proc_time_total": 0.0, "train_accuracy": 0.6119399666786194, "train_loss": 1.0799299362182617, "training_time_mean": NaN, "training_time_total": 0.0, "validation_time_mean": NaN, "validation_time_total": 0.0, "samples": 60000, "num_workers": 1, "done": false, "timesteps_total": null, "episodes_total": null, "training_iteration": 8, "neg_mean_loss": -1.0608905340194703, "experiment_id": "7ad08a62637d494494cd9e34c6fe9787", "date": "2019-05-30_14-26-37", "timestamp": 1559251597, "time_this_iter_s": 8.552670240402222, "time_total_s": 71.67558693885803, "pid": 26977, "hostname": "steropes", "node_ip": "169.229.49.254", "config": {"starting_lr": 0.005, "momentum": 0.95, "weight_decay": 0.001, "steps_per_iteration": null, "pin": false, "model_creator": null, "target_batch_size": 1024, "model_string": "resnet18", "min_batch_size": 512, "dataset": "CIFAR", "placement": null, "use_nccl": true, "devices_per_worker": 1, "primary_resource": "extra_gpu", "gpu": false, "verbose": false, "lr_config": {"mode": "log", "steps": 5, "initial_lr": 0.005, "target_lr": 0.005}, "batch_per_device": 1024}, "time_since_restore": 71.67558693885803, "timesteps_since_restore": 0, "iterations_since_restore": 8, "mean_throughput": 7007.335834774252, "atoms": 1}
{"apply": 0.01017775535583496, "batch_time": 0.14765713214874268, "d2h": 0.005255413055419922, "data_time": 0.04853107977886589, "fwd": 0.02586212158203125, "get_state_time_mean": NaN, "get_state_time_total": 0.0, "grad": 0.04378800392150879, "mean_accuracy": 0.6315999627113342, "mean_loss": 1.041327735900879, "neg_mean_accuracy": -0.6315999627113342, "set_state_time_mean": NaN, "set_state_time_total": 0.0, "setup_model_time_mean": NaN, "setup_model_time_total": 0.0, "setup_proc_time_mean": NaN, "setup_proc_time_total": 0.0, "train_accuracy": 0.6281999945640564, "train_loss": 1.0384590719985962, "training_time_mean": NaN, "training_time_total": 0.0, "validation_time_mean": NaN, "validation_time_total": 0.0, "samples": 60000, "num_workers": 1, "done": false, "timesteps_total": null, "episodes_total": null, "training_iteration": 9, "neg_mean_loss": -1.041327735900879, "experiment_id": "7ad08a62637d494494cd9e34c6fe9787", "date": "2019-05-30_14-26-46", "timestamp": 1559251606, "time_this_iter_s": 8.91741418838501, "time_total_s": 80.59300112724304, "pid": 26977, "hostname": "steropes", "node_ip": "169.229.49.254", "config": {"starting_lr": 0.005, "momentum": 0.95, "weight_decay": 0.001, "steps_per_iteration": null, "pin": false, "model_creator": null, "target_batch_size": 1024, "model_string": "resnet18", "min_batch_size": 512, "dataset": "CIFAR", "placement": null, "use_nccl": true, "devices_per_worker": 1, "primary_resource": "extra_gpu", "gpu": false, "verbose": false, "lr_config": {"mode": "log", "steps": 5, "initial_lr": 0.005, "target_lr": 0.005}, "batch_per_device": 1024}, "time_since_restore": 80.59300112724304, "timesteps_since_restore": 0, "iterations_since_restore": 9, "mean_throughput": 6952.899476334097, "atoms": 1}
{"apply": 0.007883119583129882, "batch_time": 0.14487724304199218, "d2h": 0.005631756782531738, "data_time": 0.042151382991245816, "fwd": 0.02661087512969971, "get_state_time_mean": NaN, "get_state_time_total": 0.0, "grad": 0.04925582408905029, "mean_accuracy": 0.651199996471405, "mean_loss": 0.9786321760177612, "neg_mean_accuracy": -0.651199996471405, "set_state_time_mean": NaN, "set_state_time_total": 0.0, "setup_model_time_mean": NaN, "setup_model_time_total": 0.0, "setup_proc_time_mean": NaN, "setup_proc_time_total": 0.0, "train_accuracy": 0.6400799751281738, "train_loss": 1.0005937608337403, "training_time_mean": NaN, "training_time_total": 0.0, "validation_time_mean": NaN, "validation_time_total": 0.0, "samples": 60000, "num_workers": 1, "done": false, "timesteps_total": null, "episodes_total": null, "training_iteration": 10, "neg_mean_loss": -0.9786321760177612, "experiment_id": "7ad08a62637d494494cd9e34c6fe9787", "date": "2019-05-30_14-26-55", "timestamp": 1559251615, "time_this_iter_s": 8.726616859436035, "time_total_s": 89.31961798667908, "pid": 26977, "hostname": "steropes", "node_ip": "169.229.49.254", "config": {"starting_lr": 0.005, "momentum": 0.95, "weight_decay": 0.001, "steps_per_iteration": null, "pin": false, "model_creator": null, "target_batch_size": 1024, "model_string": "resnet18", "min_batch_size": 512, "dataset": "CIFAR", "placement": null, "use_nccl": true, "devices_per_worker": 1, "primary_resource": "extra_gpu", "gpu": false, "verbose": false, "lr_config": {"mode": "log", "steps": 5, "initial_lr": 0.005, "target_lr": 0.005}, "batch_per_device": 1024}, "time_since_restore": 89.31961798667908, "timesteps_since_restore": 0, "iterations_since_restore": 10, "mean_throughput": 6899.39880226301, "atoms": 1}
{"apply": 0.0069266557693481445, "batch_time": 0.12574477195739747, "d2h": 0.006162476539611816, "data_time": 0.04595825136924277, "fwd": 0.03338510990142822, "get_state_time_mean": NaN, "get_state_time_total": 0.0, "grad": 0.06160037517547608, "mean_accuracy": 0.6531999707221985, "mean_loss": 0.9782310965538025, "neg_mean_accuracy": -0.6531999707221985, "set_state_time_mean": NaN, "set_state_time_total": 0.0, "setup_model_time_mean": NaN, "setup_model_time_total": 0.0, "setup_proc_time_mean": NaN, "setup_proc_time_total": 0.0, "train_accuracy": 0.6559999585151672, "train_loss": 0.9584380180740356, "training_time_mean": NaN, "training_time_total": 0.0, "validation_time_mean": NaN, "validation_time_total": 0.0, "samples": 60000, "num_workers": 1, "done": false, "timesteps_total": null, "episodes_total": null, "training_iteration": 11, "neg_mean_loss": -0.9782310965538025, "experiment_id": "7ad08a62637d494494cd9e34c6fe9787", "date": "2019-05-30_14-27-04", "timestamp": 1559251624, "time_this_iter_s": 9.03249740600586, "time_total_s": 98.35211539268494, "pid": 26977, "hostname": "steropes", "node_ip": "169.229.49.254", "config": {"starting_lr": 0.005, "momentum": 0.95, "weight_decay": 0.001, "steps_per_iteration": null, "pin": false, "model_creator": null, "target_batch_size": 1024, "model_string": "resnet18", "min_batch_size": 512, "dataset": "CIFAR", "placement": null, "use_nccl": true, "devices_per_worker": 1, "primary_resource": "extra_gpu", "gpu": false, "verbose": false, "lr_config": {"mode": "log", "steps": 5, "initial_lr": 0.005, "target_lr": 0.005}, "batch_per_device": 1024}, "time_since_restore": 98.35211539268494, "timesteps_since_restore": 0, "iterations_since_restore": 11, "mean_throughput": 6821.131898401015, "atoms": 1}
{"apply": 0.006954383850097656, "batch_time": 0.12857699394226074, "d2h": 0.004918813705444336, "data_time": 0.04326298772072305, "fwd": 0.020905375480651855, "get_state_time_mean": NaN, "get_state_time_total": 0.0, "grad": 0.0415874719619751, "mean_accuracy": 0.6568999886512756, "mean_loss": 0.9736616379737854, "neg_mean_accuracy": -0.6568999886512756, "set_state_time_mean": NaN, "set_state_time_total": 0.0, "setup_model_time_mean": NaN, "setup_model_time_total": 0.0, "setup_proc_time_mean": NaN, "setup_proc_time_total": 0.0, "train_accuracy": 0.6690399646759033, "train_loss": 0.9294051145362854, "training_time_mean": NaN, "training_time_total": 0.0, "validation_time_mean": NaN, "validation_time_total": 0.0, "samples": 60000, "num_workers": 1, "done": false, "timesteps_total": null, "episodes_total": null, "training_iteration": 12, "neg_mean_loss": -0.9736616379737854, "experiment_id": "7ad08a62637d494494cd9e34c6fe9787", "date": "2019-05-30_14-27-11", "timestamp": 1559251631, "time_this_iter_s": 7.5775840282440186, "time_total_s": 105.92969942092896, "pid": 26977, "hostname": "steropes", "node_ip": "169.229.49.254", "config": {"starting_lr": 0.005, "momentum": 0.95, "weight_decay": 0.001, "steps_per_iteration": null, "pin": false, "model_creator": null, "target_batch_size": 1024, "model_string": "resnet18", "min_batch_size": 512, "dataset": "CIFAR", "placement": null, "use_nccl": true, "devices_per_worker": 1, "primary_resource": "extra_gpu", "gpu": false, "verbose": false, "lr_config": {"mode": "log", "steps": 5, "initial_lr": 0.005, "target_lr": 0.005}, "batch_per_device": 1024}, "time_since_restore": 105.92969942092896, "timesteps_since_restore": 0, "iterations_since_restore": 12, "mean_throughput": 7008.1697852534835, "atoms": 1}
{"apply": 0.006803297996520996, "batch_time": 0.11990556716918946, "d2h": 0.004588580131530762, "data_time": 0.04566333731826471, "fwd": 0.020250773429870604, "get_state_time_mean": NaN, "get_state_time_total": 0.0, "grad": 0.04157743453979492, "mean_accuracy": 0.6757999658584595, "mean_loss": 0.9376896587371826, "neg_mean_accuracy": -0.6757999658584595, "set_state_time_mean": NaN, "set_state_time_total": 0.0, "setup_model_time_mean": NaN, "setup_model_time_total": 0.0, "setup_proc_time_mean": NaN, "setup_proc_time_total": 0.0, "train_accuracy": 0.6811000108718872, "train_loss": 0.8960809213638306, "training_time_mean": NaN, "training_time_total": 0.0, "validation_time_mean": NaN, "validation_time_total": 0.0, "samples": 60000, "num_workers": 1, "done": false, "timesteps_total": null, "episodes_total": null, "training_iteration": 13, "neg_mean_loss": -0.9376896587371826, "experiment_id": "7ad08a62637d494494cd9e34c6fe9787", "date": "2019-05-30_14-27-19", "timestamp": 1559251639, "time_this_iter_s": 7.26904296875, "time_total_s": 113.19874238967896, "pid": 26977, "hostname": "steropes", "node_ip": "169.229.49.254", "config": {"starting_lr": 0.005, "momentum": 0.95, "weight_decay": 0.001, "steps_per_iteration": null, "pin": false, "model_creator": null, "target_batch_size": 1024, "model_string": "resnet18", "min_batch_size": 512, "dataset": "CIFAR", "placement": null, "use_nccl": true, "devices_per_worker": 1, "primary_resource": "extra_gpu", "gpu": false, "verbose": false, "lr_config": {"mode": "log", "steps": 5, "initial_lr": 0.005, "target_lr": 0.005}, "batch_per_device": 1024}, "time_since_restore": 113.19874238967896, "timesteps_since_restore": 0, "iterations_since_restore": 13, "mean_throughput": 7224.8148373459335, "atoms": 1}
{"apply": 0.007006335258483887, "batch_time": 0.11720552444458007, "d2h": 0.00490412712097168, "data_time": 0.046361660470767896, "fwd": 0.020612287521362304, "get_state_time_mean": NaN, "get_state_time_total": 0.0, "grad": 0.04154396057128906, "mean_accuracy": 0.6757999658584595, "mean_loss": 0.921182677268982, "neg_mean_accuracy": -0.6757999658584595, "set_state_time_mean": NaN, "set_state_time_total": 0.0, "setup_model_time_mean": NaN, "setup_model_time_total": 0.0, "setup_proc_time_mean": NaN, "setup_proc_time_total": 0.0, "train_accuracy": 0.6886799931526184, "train_loss": 0.8689180911254882, "training_time_mean": NaN, "training_time_total": 0.0, "validation_time_mean": NaN, "validation_time_total": 0.0, "samples": 60000, "num_workers": 1, "done": false, "timesteps_total": null, "episodes_total": null, "training_iteration": 14, "neg_mean_loss": -0.921182677268982, "experiment_id": "7ad08a62637d494494cd9e34c6fe9787", "date": "2019-05-30_14-27-26", "timestamp": 1559251646, "time_this_iter_s": 7.312933444976807, "time_total_s": 120.51167583465576, "pid": 26977, "hostname": "steropes", "node_ip": "169.229.49.254", "config": {"starting_lr": 0.005, "momentum": 0.95, "weight_decay": 0.001, "steps_per_iteration": null, "pin": false, "model_creator": null, "target_batch_size": 1024, "model_string": "resnet18", "min_batch_size": 512, "dataset": "CIFAR", "placement": null, "use_nccl": true, "devices_per_worker": 1, "primary_resource": "extra_gpu", "gpu": false, "verbose": false, "lr_config": {"mode": "log", "steps": 5, "initial_lr": 0.005, "target_lr": 0.005}, "batch_per_device": 1024}, "time_since_restore": 120.51167583465576, "timesteps_since_restore": 0, "iterations_since_restore": 14, "mean_throughput": 7515.205945706053, "atoms": 1}
{"apply": 0.006800150871276856, "batch_time": 0.12081446647644042, "d2h": 0.004449820518493653, "data_time": 0.045480718418043485, "fwd": 0.020989298820495605, "get_state_time_mean": NaN, "get_state_time_total": 0.0, "grad": 0.04168038368225098, "mean_accuracy": 0.6887999773025513, "mean_loss": 0.8881582968711853, "neg_mean_accuracy": -0.6887999773025513, "set_state_time_mean": NaN, "set_state_time_total": 0.0, "setup_model_time_mean": NaN, "setup_model_time_total": 0.0, "setup_proc_time_mean": NaN, "setup_proc_time_total": 0.0, "train_accuracy": 0.6956999897956848, "train_loss": 0.8567606961822509, "training_time_mean": NaN, "training_time_total": 0.0, "validation_time_mean": NaN, "validation_time_total": 0.0, "samples": 60000, "num_workers": 1, "done": false, "timesteps_total": null, "episodes_total": null, "training_iteration": 15, "neg_mean_loss": -0.8881582968711853, "experiment_id": "7ad08a62637d494494cd9e34c6fe9787", "date": "2019-05-30_14-27-33", "timestamp": 1559251653, "time_this_iter_s": 7.326508522033691, "time_total_s": 127.83818435668945, "pid": 26977, "hostname": "steropes", "node_ip": "169.229.49.254", "config": {"starting_lr": 0.005, "momentum": 0.95, "weight_decay": 0.001, "steps_per_iteration": null, "pin": false, "model_creator": null, "target_batch_size": 1024, "model_string": "resnet18", "min_batch_size": 512, "dataset": "CIFAR", "placement": null, "use_nccl": true, "devices_per_worker": 1, "primary_resource": "extra_gpu", "gpu": false, "verbose": false, "lr_config": {"mode": "log", "steps": 5, "initial_lr": 0.005, "target_lr": 0.005}, "batch_per_device": 1024}, "time_since_restore": 127.83818435668945, "timesteps_since_restore": 0, "iterations_since_restore": 15, "mean_throughput": 7788.3724165400245, "atoms": 1}
{"apply": 0.007037758827209473, "batch_time": 0.1165238857269287, "d2h": 0.0044281244277954105, "data_time": 0.04683006539636729, "fwd": 0.020645523071289064, "get_state_time_mean": NaN, "get_state_time_total": 0.0, "grad": 0.04266037940979004, "mean_accuracy": 0.6898999810218811, "mean_loss": 0.8885414917945862, "neg_mean_accuracy": -0.6898999810218811, "set_state_time_mean": NaN, "set_state_time_total": 0.0, "setup_model_time_mean": NaN, "setup_model_time_total": 0.0, "setup_proc_time_mean": NaN, "setup_proc_time_total": 0.0, "train_accuracy": 0.704539954662323, "train_loss": 0.8276722756385804, "training_time_mean": NaN, "training_time_total": 0.0, "validation_time_mean": NaN, "validation_time_total": 0.0, "samples": 60000, "num_workers": 1, "done": false, "timesteps_total": null, "episodes_total": null, "training_iteration": 16, "neg_mean_loss": -0.8885414917945862, "experiment_id": "7ad08a62637d494494cd9e34c6fe9787", "date": "2019-05-30_14-27-41", "timestamp": 1559251661, "time_this_iter_s": 7.361511707305908, "time_total_s": 135.19969606399536, "pid": 26977, "hostname": "steropes", "node_ip": "169.229.49.254", "config": {"starting_lr": 0.005, "momentum": 0.95, "weight_decay": 0.001, "steps_per_iteration": null, "pin": false, "model_creator": null, "target_batch_size": 1024, "model_string": "resnet18", "min_batch_size": 512, "dataset": "CIFAR", "placement": null, "use_nccl": true, "devices_per_worker": 1, "primary_resource": "extra_gpu", "gpu": false, "verbose": false, "lr_config": {"mode": "log", "steps": 5, "initial_lr": 0.005, "target_lr": 0.005}, "batch_per_device": 1024}, "time_since_restore": 135.19969606399536, "timesteps_since_restore": 0, "iterations_since_restore": 16, "mean_throughput": 8141.560488535868, "atoms": 1}
{"apply": 0.006819009780883789, "batch_time": 0.117936110496521, "d2h": 0.0044677734375, "data_time": 0.044011544208137354, "fwd": 0.02040555477142334, "get_state_time_mean": NaN, "get_state_time_total": 0.0, "grad": 0.04209244251251221, "mean_accuracy": 0.70660001039505, "mean_loss": 0.8419103319168091, "neg_mean_accuracy": -0.70660001039505, "set_state_time_mean": NaN, "set_state_time_total": 0.0, "setup_model_time_mean": NaN, "setup_model_time_total": 0.0, "setup_proc_time_mean": NaN, "setup_proc_time_total": 0.0, "train_accuracy": 0.7141599655151367, "train_loss": 0.8050762306213379, "training_time_mean": NaN, "training_time_total": 0.0, "validation_time_mean": NaN, "validation_time_total": 0.0, "samples": 60000, "num_workers": 1, "done": false, "timesteps_total": null, "episodes_total": null, "training_iteration": 17, "neg_mean_loss": -0.8419103319168091, "experiment_id": "7ad08a62637d494494cd9e34c6fe9787", "date": "2019-05-30_14-27-48", "timestamp": 1559251668, "time_this_iter_s": 7.278451919555664, "time_total_s": 142.47814798355103, "pid": 26977, "hostname": "steropes", "node_ip": "169.229.49.254", "config": {"starting_lr": 0.005, "momentum": 0.95, "weight_decay": 0.001, "steps_per_iteration": null, "pin": false, "model_creator": null, "target_batch_size": 1024, "model_string": "resnet18", "min_batch_size": 512, "dataset": "CIFAR", "placement": null, "use_nccl": true, "devices_per_worker": 1, "primary_resource": "extra_gpu", "gpu": false, "verbose": false, "lr_config": {"mode": "log", "steps": 5, "initial_lr": 0.005, "target_lr": 0.005}, "batch_per_device": 1024}, "time_since_restore": 142.47814798355103, "timesteps_since_restore": 0, "iterations_since_restore": 17, "mean_throughput": 8208.193601009814, "atoms": 1}
{"apply": 0.006905317306518555, "batch_time": 0.11608965396881103, "d2h": 0.004562115669250489, "data_time": 0.044051335782420875, "fwd": 0.021022319793701172, "get_state_time_mean": NaN, "get_state_time_total": 0.0, "grad": 0.042443370819091795, "mean_accuracy": 0.7121999859809875, "mean_loss": 0.8432203555107116, "neg_mean_accuracy": -0.7121999859809875, "set_state_time_mean": NaN, "set_state_time_total": 0.0, "setup_model_time_mean": NaN, "setup_model_time_total": 0.0, "setup_proc_time_mean": NaN, "setup_proc_time_total": 0.0, "train_accuracy": 0.7202199697494507, "train_loss": 0.7871969214630127, "training_time_mean": NaN, "training_time_total": 0.0, "validation_time_mean": NaN, "validation_time_total": 0.0, "samples": 60000, "num_workers": 1, "done": false, "timesteps_total": null, "episodes_total": null, "training_iteration": 18, "neg_mean_loss": -0.8432203555107116, "experiment_id": "7ad08a62637d494494cd9e34c6fe9787", "date": "2019-05-30_14-27-55", "timestamp": 1559251675, "time_this_iter_s": 7.245811939239502, "time_total_s": 149.72395992279053, "pid": 26977, "hostname": "steropes", "node_ip": "169.229.49.254", "config": {"starting_lr": 0.005, "momentum": 0.95, "weight_decay": 0.001, "steps_per_iteration": null, "pin": false, "model_creator": null, "target_batch_size": 1024, "model_string": "resnet18", "min_batch_size": 512, "dataset": "CIFAR", "placement": null, "use_nccl": true, "devices_per_worker": 1, "primary_resource": "extra_gpu", "gpu": false, "verbose": false, "lr_config": {"mode": "log", "steps": 5, "initial_lr": 0.005, "target_lr": 0.005}, "batch_per_device": 1024}, "time_since_restore": 149.72395992279053, "timesteps_since_restore": 0, "iterations_since_restore": 18, "mean_throughput": 8213.413856466159, "atoms": 1}
{"apply": 0.006927132606506348, "batch_time": 0.11769905090332031, "d2h": 0.0045005083084106445, "data_time": 0.045246693552756796, "fwd": 0.020578765869140626, "get_state_time_mean": NaN, "get_state_time_total": 0.0, "grad": 0.041941595077514646, "mean_accuracy": 0.6918999552726746, "mean_loss": 0.8863758535385132, "neg_mean_accuracy": -0.6918999552726746, "set_state_time_mean": NaN, "set_state_time_total": 0.0, "setup_model_time_mean": NaN, "setup_model_time_total": 0.0, "setup_proc_time_mean": NaN, "setup_proc_time_total": 0.0, "train_accuracy": 0.7279799580574036, "train_loss": 0.7641423661994934, "training_time_mean": NaN, "training_time_total": 0.0, "validation_time_mean": NaN, "validation_time_total": 0.0, "samples": 60000, "num_workers": 1, "done": false, "timesteps_total": null, "episodes_total": null, "training_iteration": 19, "neg_mean_loss": -0.8863758535385132, "experiment_id": "7ad08a62637d494494cd9e34c6fe9787", "date": "2019-05-30_14-28-02", "timestamp": 1559251682, "time_this_iter_s": 7.336795091629028, "time_total_s": 157.06075501441956, "pid": 26977, "hostname": "steropes", "node_ip": "169.229.49.254", "config": {"starting_lr": 0.005, "momentum": 0.95, "weight_decay": 0.001, "steps_per_iteration": null, "pin": false, "model_creator": null, "target_batch_size": 1024, "model_string": "resnet18", "min_batch_size": 512, "dataset": "CIFAR", "placement": null, "use_nccl": true, "devices_per_worker": 1, "primary_resource": "extra_gpu", "gpu": false, "verbose": false, "lr_config": {"mode": "log", "steps": 5, "initial_lr": 0.005, "target_lr": 0.005}, "batch_per_device": 1024}, "time_since_restore": 157.06075501441956, "timesteps_since_restore": 0, "iterations_since_restore": 19, "mean_throughput": 8208.051603728361, "atoms": 1}
{"apply": 0.007215356826782227, "batch_time": 0.1184537172317505, "d2h": 0.004488110542297363, "data_time": 0.043663715829654615, "fwd": 0.02053067684173584, "get_state_time_mean": NaN, "get_state_time_total": 0.0, "grad": 0.042382025718688966, "mean_accuracy": 0.7073000073432922, "mean_loss": 0.8397478579521179, "neg_mean_accuracy": -0.7073000073432922, "set_state_time_mean": NaN, "set_state_time_total": 0.0, "setup_model_time_mean": NaN, "setup_model_time_total": 0.0, "setup_proc_time_mean": NaN, "setup_proc_time_total": 0.0, "train_accuracy": 0.7328400015830994, "train_loss": 0.7514558475685119, "training_time_mean": NaN, "training_time_total": 0.0, "validation_time_mean": NaN, "validation_time_total": 0.0, "samples": 60000, "num_workers": 1, "done": false, "timesteps_total": null, "episodes_total": null, "training_iteration": 20, "neg_mean_loss": -0.8397478579521179, "experiment_id": "7ad08a62637d494494cd9e34c6fe9787", "date": "2019-05-30_14-28-10", "timestamp": 1559251690, "time_this_iter_s": 7.212533950805664, "time_total_s": 164.27328896522522, "pid": 26977, "hostname": "steropes", "node_ip": "169.229.49.254", "config": {"starting_lr": 0.005, "momentum": 0.95, "weight_decay": 0.001, "steps_per_iteration": null, "pin": false, "model_creator": null, "target_batch_size": 1024, "model_string": "resnet18", "min_batch_size": 512, "dataset": "CIFAR", "placement": null, "use_nccl": true, "devices_per_worker": 1, "primary_resource": "extra_gpu", "gpu": false, "verbose": false, "lr_config": {"mode": "log", "steps": 5, "initial_lr": 0.005, "target_lr": 0.005}, "batch_per_device": 1024}, "time_since_restore": 164.27328896522522, "timesteps_since_restore": 0, "iterations_since_restore": 20, "mean_throughput": 8233.727738826397, "atoms": 1}
{"apply": 0.007198309898376465, "batch_time": 0.11967234611511231, "d2h": 0.004995512962341309, "data_time": 0.04259463718959263, "fwd": 0.02201528549194336, "get_state_time_mean": NaN, "get_state_time_total": 0.0, "grad": 0.04304003715515137, "mean_accuracy": 0.7213999629020691, "mean_loss": 0.7989120806694031, "neg_mean_accuracy": -0.7213999629020691, "set_state_time_mean": NaN, "set_state_time_total": 0.0, "setup_model_time_mean": NaN, "setup_model_time_total": 0.0, "setup_proc_time_mean": NaN, "setup_proc_time_total": 0.0, "train_accuracy": 0.7428199648857117, "train_loss": 0.7242170579719543, "training_time_mean": NaN, "training_time_total": 0.0, "validation_time_mean": NaN, "validation_time_total": 0.0, "samples": 60000, "num_workers": 1, "done": false, "timesteps_total": null, "episodes_total": null, "training_iteration": 21, "neg_mean_loss": -0.7989120806694031, "experiment_id": "7ad08a62637d494494cd9e34c6fe9787", "date": "2019-05-30_14-28-17", "timestamp": 1559251697, "time_this_iter_s": 7.252531051635742, "time_total_s": 171.52582001686096, "pid": 26977, "hostname": "steropes", "node_ip": "169.229.49.254", "config": {"starting_lr": 0.005, "momentum": 0.95, "weight_decay": 0.001, "steps_per_iteration": null, "pin": false, "model_creator": null, "target_batch_size": 1024, "model_string": "resnet18", "min_batch_size": 512, "dataset": "CIFAR", "placement": null, "use_nccl": true, "devices_per_worker": 1, "primary_resource": "extra_gpu", "gpu": false, "verbose": false, "lr_config": {"mode": "log", "steps": 5, "initial_lr": 0.005, "target_lr": 0.005}, "batch_per_device": 1024}, "time_since_restore": 171.52582001686096, "timesteps_since_restore": 0, "iterations_since_restore": 21, "mean_throughput": 8258.429765980663, "atoms": 1}
{"apply": 0.006923198699951172, "batch_time": 0.11819584369659424, "d2h": 0.004646015167236328, "data_time": 0.04335297370443539, "fwd": 0.020929169654846192, "get_state_time_mean": NaN, "get_state_time_total": 0.0, "grad": 0.04210340976715088, "mean_accuracy": 0.725600004196167, "mean_loss": 0.8118209095001221, "neg_mean_accuracy": -0.725600004196167, "set_state_time_mean": NaN, "set_state_time_total": 0.0, "setup_model_time_mean": NaN, "setup_model_time_total": 0.0, "setup_proc_time_mean": NaN, "setup_proc_time_total": 0.0, "train_accuracy": 0.7478599548339844, "train_loss": 0.7085069179534912, "training_time_mean": NaN, "training_time_total": 0.0, "validation_time_mean": NaN, "validation_time_total": 0.0, "samples": 60000, "num_workers": 1, "done": false, "timesteps_total": null, "episodes_total": null, "training_iteration": 22, "neg_mean_loss": -0.8118209095001221, "experiment_id": "7ad08a62637d494494cd9e34c6fe9787", "date": "2019-05-30_14-28-24", "timestamp": 1559251704, "time_this_iter_s": 7.238596677780151, "time_total_s": 178.7644166946411, "pid": 26977, "hostname": "steropes", "node_ip": "169.229.49.254", "config": {"starting_lr": 0.005, "momentum": 0.95, "weight_decay": 0.001, "steps_per_iteration": null, "pin": false, "model_creator": null, "target_batch_size": 1024, "model_string": "resnet18", "min_batch_size": 512, "dataset": "CIFAR", "placement": null, "use_nccl": true, "devices_per_worker": 1, "primary_resource": "extra_gpu", "gpu": false, "verbose": false, "lr_config": {"mode": "log", "steps": 5, "initial_lr": 0.005, "target_lr": 0.005}, "batch_per_device": 1024}, "time_since_restore": 178.7644166946411, "timesteps_since_restore": 0, "iterations_since_restore": 22, "mean_throughput": 8267.50188446221, "atoms": 1}
{"apply": 0.007132601737976074, "batch_time": 0.11817424297332764, "d2h": 0.005004668235778808, "data_time": 0.04276945153061224, "fwd": 0.02128767967224121, "get_state_time_mean": NaN, "get_state_time_total": 0.0, "grad": 0.04214303493499756, "mean_accuracy": 0.7303999662399292, "mean_loss": 0.7777024742126465, "neg_mean_accuracy": -0.7303999662399292, "set_state_time_mean": NaN, "set_state_time_total": 0.0, "setup_model_time_mean": NaN, "setup_model_time_total": 0.0, "setup_proc_time_mean": NaN, "setup_proc_time_total": 0.0, "train_accuracy": 0.7529599666595459, "train_loss": 0.6982830045127869, "training_time_mean": NaN, "training_time_total": 0.0, "validation_time_mean": NaN, "validation_time_total": 0.0, "samples": 60000, "num_workers": 1, "done": false, "timesteps_total": null, "episodes_total": null, "training_iteration": 23, "neg_mean_loss": -0.7777024742126465, "experiment_id": "7ad08a62637d494494cd9e34c6fe9787", "date": "2019-05-30_14-28-31", "timestamp": 1559251711, "time_this_iter_s": 7.223153591156006, "time_total_s": 185.98757028579712, "pid": 26977, "hostname": "steropes", "node_ip": "169.229.49.254", "config": {"starting_lr": 0.005, "momentum": 0.95, "weight_decay": 0.001, "steps_per_iteration": null, "pin": false, "model_creator": null, "target_batch_size": 1024, "model_string": "resnet18", "min_batch_size": 512, "dataset": "CIFAR", "placement": null, "use_nccl": true, "devices_per_worker": 1, "primary_resource": "extra_gpu", "gpu": false, "verbose": false, "lr_config": {"mode": "log", "steps": 5, "initial_lr": 0.005, "target_lr": 0.005}, "batch_per_device": 1024}, "time_since_restore": 185.98757028579712, "timesteps_since_restore": 0, "iterations_since_restore": 23, "mean_throughput": 8272.668046409815, "atoms": 1}
{"apply": 0.0069075822830200195, "batch_time": 0.1164818525314331, "d2h": 0.0049628734588623045, "data_time": 0.04357003192512356, "fwd": 0.02093987464904785, "get_state_time_mean": NaN, "get_state_time_total": 0.0, "grad": 0.041855382919311526, "mean_accuracy": 0.7303999662399292, "mean_loss": 0.7775925310134888, "neg_mean_accuracy": -0.7303999662399292, "set_state_time_mean": NaN, "set_state_time_total": 0.0, "setup_model_time_mean": NaN, "setup_model_time_total": 0.0, "setup_proc_time_mean": NaN, "setup_proc_time_total": 0.0, "train_accuracy": 0.756659984588623, "train_loss": 0.6822000119400025, "training_time_mean": NaN, "training_time_total": 0.0, "validation_time_mean": NaN, "validation_time_total": 0.0, "samples": 60000, "num_workers": 1, "done": false, "timesteps_total": null, "episodes_total": null, "training_iteration": 24, "neg_mean_loss": -0.7775925310134888, "experiment_id": "7ad08a62637d494494cd9e34c6fe9787", "date": "2019-05-30_14-28-39", "timestamp": 1559251719, "time_this_iter_s": 7.237378835678101, "time_total_s": 193.22494912147522, "pid": 26977, "hostname": "steropes", "node_ip": "169.229.49.254", "config": {"starting_lr": 0.005, "momentum": 0.95, "weight_decay": 0.001, "steps_per_iteration": null, "pin": false, "model_creator": null, "target_batch_size": 1024, "model_string": "resnet18", "min_batch_size": 512, "dataset": "CIFAR", "placement": null, "use_nccl": true, "devices_per_worker": 1, "primary_resource": "extra_gpu", "gpu": false, "verbose": false, "lr_config": {"mode": "log", "steps": 5, "initial_lr": 0.005, "target_lr": 0.005}, "batch_per_device": 1024}, "time_since_restore": 193.22494912147522, "timesteps_since_restore": 0, "iterations_since_restore": 24, "mean_throughput": 8295.409899322107, "atoms": 1}
{"apply": 0.0068297147750854496, "batch_time": 0.11710891723632813, "d2h": 0.004532337188720703, "data_time": 0.046015792963456134, "fwd": 0.020650768280029298, "get_state_time_mean": NaN, "get_state_time_total": 0.0, "grad": 0.0434532642364502, "mean_accuracy": 0.743399977684021, "mean_loss": 0.7570831547737121, "neg_mean_accuracy": -0.743399977684021, "set_state_time_mean": NaN, "set_state_time_total": 0.0, "setup_model_time_mean": NaN, "setup_model_time_total": 0.0, "setup_proc_time_mean": NaN, "setup_proc_time_total": 0.0, "train_accuracy": 0.763219952583313, "train_loss": 0.6686818531227112, "training_time_mean": NaN, "training_time_total": 0.0, "validation_time_mean": NaN, "validation_time_total": 0.0, "samples": 60000, "num_workers": 1, "done": false, "timesteps_total": null, "episodes_total": null, "training_iteration": 25, "neg_mean_loss": -0.7570831547737121, "experiment_id": "7ad08a62637d494494cd9e34c6fe9787", "date": "2019-05-30_14-28-46", "timestamp": 1559251726, "time_this_iter_s": 7.298253536224365, "time_total_s": 200.52320265769958, "pid": 26977, "hostname": "steropes", "node_ip": "169.229.49.254", "config": {"starting_lr": 0.005, "momentum": 0.95, "weight_decay": 0.001, "steps_per_iteration": null, "pin": false, "model_creator": null, "target_batch_size": 1024, "model_string": "resnet18", "min_batch_size": 512, "dataset": "CIFAR", "placement": null, "use_nccl": true, "devices_per_worker": 1, "primary_resource": "extra_gpu", "gpu": false, "verbose": false, "lr_config": {"mode": "log", "steps": 5, "initial_lr": 0.005, "target_lr": 0.005}, "batch_per_device": 1024}, "time_since_restore": 200.52320265769958, "timesteps_since_restore": 0, "iterations_since_restore": 25, "mean_throughput": 8275.794248649112, "atoms": 1}
{"apply": 0.007114672660827636, "batch_time": 0.11508722305297851, "d2h": 0.004927396774291992, "data_time": 0.04472470283508301, "fwd": 0.021061182022094727, "get_state_time_mean": NaN, "get_state_time_total": 0.0, "grad": 0.043190622329711915, "mean_accuracy": 0.7294999957084656, "mean_loss": 0.7818538148880005, "neg_mean_accuracy": -0.7294999957084656, "set_state_time_mean": NaN, "set_state_time_total": 0.0, "setup_model_time_mean": NaN, "setup_model_time_total": 0.0, "setup_proc_time_mean": NaN, "setup_proc_time_total": 0.0, "train_accuracy": 0.7672399878501892, "train_loss": 0.6506961264038086, "training_time_mean": NaN, "training_time_total": 0.0, "validation_time_mean": NaN, "validation_time_total": 0.0, "samples": 60000, "num_workers": 1, "done": false, "timesteps_total": null, "episodes_total": null, "training_iteration": 26, "neg_mean_loss": -0.7818538148880005, "experiment_id": "7ad08a62637d494494cd9e34c6fe9787", "date": "2019-05-30_14-28-53", "timestamp": 1559251733, "time_this_iter_s": 7.252476930618286, "time_total_s": 207.77567958831787, "pid": 26977, "hostname": "steropes", "node_ip": "169.229.49.254", "config": {"starting_lr": 0.005, "momentum": 0.95, "weight_decay": 0.001, "steps_per_iteration": null, "pin": false, "model_creator": null, "target_batch_size": 1024, "model_string": "resnet18", "min_batch_size": 512, "dataset": "CIFAR", "placement": null, "use_nccl": true, "devices_per_worker": 1, "primary_resource": "extra_gpu", "gpu": false, "verbose": false, "lr_config": {"mode": "log", "steps": 5, "initial_lr": 0.005, "target_lr": 0.005}, "batch_per_device": 1024}, "time_since_restore": 207.77567958831787, "timesteps_since_restore": 0, "iterations_since_restore": 26, "mean_throughput": 8275.806114402734, "atoms": 1}
{"apply": 0.006934237480163574, "batch_time": 0.11522831916809081, "d2h": 0.004383087158203125, "data_time": 0.04595358031136649, "fwd": 0.020445632934570312, "get_state_time_mean": NaN, "get_state_time_total": 0.0, "grad": 0.042028403282165526, "mean_accuracy": 0.7418999671936035, "mean_loss": 0.7478284542083741, "neg_mean_accuracy": -0.7418999671936035, "set_state_time_mean": NaN, "set_state_time_total": 0.0, "setup_model_time_mean": NaN, "setup_model_time_total": 0.0, "setup_proc_time_mean": NaN, "setup_proc_time_total": 0.0, "train_accuracy": 0.7725799679756165, "train_loss": 0.6383098470497132, "training_time_mean": NaN, "training_time_total": 0.0, "validation_time_mean": NaN, "validation_time_total": 0.0, "samples": 60000, "num_workers": 1, "done": false, "timesteps_total": null, "episodes_total": null, "training_iteration": 27, "neg_mean_loss": -0.7478284542083741, "experiment_id": "7ad08a62637d494494cd9e34c6fe9787", "date": "2019-05-30_14-29-00", "timestamp": 1559251740, "time_this_iter_s": 7.27537989616394, "time_total_s": 215.0510594844818, "pid": 26977, "hostname": "steropes", "node_ip": "169.229.49.254", "config": {"starting_lr": 0.005, "momentum": 0.95, "weight_decay": 0.001, "steps_per_iteration": null, "pin": false, "model_creator": null, "target_batch_size": 1024, "model_string": "resnet18", "min_batch_size": 512, "dataset": "CIFAR", "placement": null, "use_nccl": true, "devices_per_worker": 1, "primary_resource": "extra_gpu", "gpu": false, "verbose": false, "lr_config": {"mode": "log", "steps": 5, "initial_lr": 0.005, "target_lr": 0.005}, "batch_per_device": 1024}, "time_since_restore": 215.0510594844818, "timesteps_since_restore": 0, "iterations_since_restore": 27, "mean_throughput": 8267.41703599167, "atoms": 1}
{"apply": 0.006933021545410156, "batch_time": 0.11877822875976562, "d2h": 0.005236697196960449, "data_time": 0.04482108719494878, "fwd": 0.020578598976135253, "get_state_time_mean": NaN, "get_state_time_total": 0.0, "grad": 0.04181044101715088, "mean_accuracy": 0.7440999746322632, "mean_loss": 0.7583959092140198, "neg_mean_accuracy": -0.7440999746322632, "set_state_time_mean": NaN, "set_state_time_total": 0.0, "setup_model_time_mean": NaN, "setup_model_time_total": 0.0, "setup_proc_time_mean": NaN, "setup_proc_time_total": 0.0, "train_accuracy": 0.7784199714660645, "train_loss": 0.6239034644317627, "training_time_mean": NaN, "training_time_total": 0.0, "validation_time_mean": NaN, "validation_time_total": 0.0, "samples": 60000, "num_workers": 1, "done": false, "timesteps_total": null, "episodes_total": null, "training_iteration": 28, "neg_mean_loss": -0.7583959092140198, "experiment_id": "7ad08a62637d494494cd9e34c6fe9787", "date": "2019-05-30_14-29-08", "timestamp": 1559251748, "time_this_iter_s": 7.25512433052063, "time_total_s": 222.30618381500244, "pid": 26977, "hostname": "steropes", "node_ip": "169.229.49.254", "config": {"starting_lr": 0.005, "momentum": 0.95, "weight_decay": 0.001, "steps_per_iteration": null, "pin": false, "model_creator": null, "target_batch_size": 1024, "model_string": "resnet18", "min_batch_size": 512, "dataset": "CIFAR", "placement": null, "use_nccl": true, "devices_per_worker": 1, "primary_resource": "extra_gpu", "gpu": false, "verbose": false, "lr_config": {"mode": "log", "steps": 5, "initial_lr": 0.005, "target_lr": 0.005}, "batch_per_device": 1024}, "time_since_restore": 222.30618381500244, "timesteps_since_restore": 0, "iterations_since_restore": 28, "mean_throughput": 8260.139048593905, "atoms": 1}
{"apply": 0.006952404975891113, "batch_time": 0.11882405281066895, "d2h": 0.004793787002563476, "data_time": 0.044071635421441525, "fwd": 0.020818877220153808, "get_state_time_mean": NaN, "get_state_time_total": 0.0, "grad": 0.04282879829406738, "mean_accuracy": 0.7384999990463257, "mean_loss": 0.7711175846099854, "neg_mean_accuracy": -0.7384999990463257, "set_state_time_mean": NaN, "set_state_time_total": 0.0, "setup_model_time_mean": NaN, "setup_model_time_total": 0.0, "setup_proc_time_mean": NaN, "setup_proc_time_total": 0.0, "train_accuracy": 0.7776199579238892, "train_loss": 0.624798190612793, "training_time_mean": NaN, "training_time_total": 0.0, "validation_time_mean": NaN, "validation_time_total": 0.0, "samples": 60000, "num_workers": 1, "done": false, "timesteps_total": null, "episodes_total": null, "training_iteration": 29, "neg_mean_loss": -0.7711175846099854, "experiment_id": "7ad08a62637d494494cd9e34c6fe9787", "date": "2019-05-30_14-29-15", "timestamp": 1559251755, "time_this_iter_s": 7.2279956340789795, "time_total_s": 229.53417944908142, "pid": 26977, "hostname": "steropes", "node_ip": "169.229.49.254", "config": {"starting_lr": 0.005, "momentum": 0.95, "weight_decay": 0.001, "steps_per_iteration": null, "pin": false, "model_creator": null, "target_batch_size": 1024, "model_string": "resnet18", "min_batch_size": 512, "dataset": "CIFAR", "placement": null, "use_nccl": true, "devices_per_worker": 1, "primary_resource": "extra_gpu", "gpu": false, "verbose": false, "lr_config": {"mode": "log", "steps": 5, "initial_lr": 0.005, "target_lr": 0.005}, "batch_per_device": 1024}, "time_since_restore": 229.53417944908142, "timesteps_since_restore": 0, "iterations_since_restore": 29, "mean_throughput": 8262.273052902747, "atoms": 1}
{"apply": 0.007109379768371582, "batch_time": 0.11860578060150147, "d2h": 0.004791569709777832, "data_time": 0.04541564960868991, "fwd": 0.0208695650100708, "get_state_time_mean": NaN, "get_state_time_total": 0.0, "grad": 0.04174458980560303, "mean_accuracy": 0.7450000047683716, "mean_loss": 0.751305369091034, "neg_mean_accuracy": -0.7450000047683716, "set_state_time_mean": NaN, "set_state_time_total": 0.0, "setup_model_time_mean": NaN, "setup_model_time_total": 0.0, "setup_proc_time_mean": NaN, "setup_proc_time_total": 0.0, "train_accuracy": 0.785319983959198, "train_loss": 0.6022451367378235, "training_time_mean": NaN, "training_time_total": 0.0, "validation_time_mean": NaN, "validation_time_total": 0.0, "samples": 60000, "num_workers": 1, "done": false, "timesteps_total": null, "episodes_total": null, "training_iteration": 30, "neg_mean_loss": -0.751305369091034, "experiment_id": "7ad08a62637d494494cd9e34c6fe9787", "date": "2019-05-30_14-29-22", "timestamp": 1559251762, "time_this_iter_s": 7.244633436203003, "time_total_s": 236.77881288528442, "pid": 26977, "hostname": "steropes", "node_ip": "169.229.49.254", "config": {"starting_lr": 0.005, "momentum": 0.95, "weight_decay": 0.001, "steps_per_iteration": null, "pin": false, "model_creator": null, "target_batch_size": 1024, "model_string": "resnet18", "min_batch_size": 512, "dataset": "CIFAR", "placement": null, "use_nccl": true, "devices_per_worker": 1, "primary_resource": "extra_gpu", "gpu": false, "verbose": false, "lr_config": {"mode": "log", "steps": 5, "initial_lr": 0.005, "target_lr": 0.005}, "batch_per_device": 1024}, "time_since_restore": 236.77881288528442, "timesteps_since_restore": 0, "iterations_since_restore": 30, "mean_throughput": 8274.491182308313, "atoms": 1}
{"apply": 0.006816291809082031, "batch_time": 0.12129671573638916, "d2h": 0.004581069946289063, "data_time": 0.04663619216607542, "fwd": 0.02098093032836914, "get_state_time_mean": NaN, "get_state_time_total": 0.0, "grad": 0.04188249111175537, "mean_accuracy": 0.7372999787330627, "mean_loss": 0.769492258644104, "neg_mean_accuracy": -0.7372999787330627, "set_state_time_mean": NaN, "set_state_time_total": 0.0, "setup_model_time_mean": NaN, "setup_model_time_total": 0.0, "setup_proc_time_mean": NaN, "setup_proc_time_total": 0.0, "train_accuracy": 0.786579966545105, "train_loss": 0.6006677100944519, "training_time_mean": NaN, "training_time_total": 0.0, "validation_time_mean": NaN, "validation_time_total": 0.0, "samples": 60000, "num_workers": 1, "done": false, "timesteps_total": null, "episodes_total": null, "training_iteration": 31, "neg_mean_loss": -0.769492258644104, "experiment_id": "7ad08a62637d494494cd9e34c6fe9787", "date": "2019-05-30_14-29-29", "timestamp": 1559251769, "time_this_iter_s": 7.2901527881622314, "time_total_s": 244.06896567344666, "pid": 26977, "hostname": "steropes", "node_ip": "169.229.49.254", "config": {"starting_lr": 0.005, "momentum": 0.95, "weight_decay": 0.001, "steps_per_iteration": null, "pin": false, "model_creator": null, "target_batch_size": 1024, "model_string": "resnet18", "min_batch_size": 512, "dataset": "CIFAR", "placement": null, "use_nccl": true, "devices_per_worker": 1, "primary_resource": "extra_gpu", "gpu": false, "verbose": false, "lr_config": {"mode": "log", "steps": 5, "initial_lr": 0.005, "target_lr": 0.005}, "batch_per_device": 1024}, "time_since_restore": 244.06896567344666, "timesteps_since_restore": 0, "iterations_since_restore": 31, "mean_throughput": 8265.901627147185, "atoms": 1}
{"apply": 0.0070828676223754885, "batch_time": 0.11705646514892579, "d2h": 0.004300403594970703, "data_time": 0.04470561475169902, "fwd": 0.021366453170776366, "get_state_time_mean": NaN, "get_state_time_total": 0.0, "grad": 0.041971683502197266, "mean_accuracy": 0.7425999641418457, "mean_loss": 0.7701354071617127, "neg_mean_accuracy": -0.7425999641418457, "set_state_time_mean": NaN, "set_state_time_total": 0.0, "setup_model_time_mean": NaN, "setup_model_time_total": 0.0, "setup_proc_time_mean": NaN, "setup_proc_time_total": 0.0, "train_accuracy": 0.7904999852180481, "train_loss": 0.5863174191474915, "training_time_mean": NaN, "training_time_total": 0.0, "validation_time_mean": NaN, "validation_time_total": 0.0, "samples": 60000, "num_workers": 1, "done": false, "timesteps_total": null, "episodes_total": null, "training_iteration": 32, "neg_mean_loss": -0.7701354071617127, "experiment_id": "7ad08a62637d494494cd9e34c6fe9787", "date": "2019-05-30_14-29-37", "timestamp": 1559251777, "time_this_iter_s": 7.171370267868042, "time_total_s": 251.2403359413147, "pid": 26977, "hostname": "steropes", "node_ip": "169.229.49.254", "config": {"starting_lr": 0.005, "momentum": 0.95, "weight_decay": 0.001, "steps_per_iteration": null, "pin": false, "model_creator": null, "target_batch_size": 1024, "model_string": "resnet18", "min_batch_size": 512, "dataset": "CIFAR", "placement": null, "use_nccl": true, "devices_per_worker": 1, "primary_resource": "extra_gpu", "gpu": false, "verbose": false, "lr_config": {"mode": "log", "steps": 5, "initial_lr": 0.005, "target_lr": 0.005}, "batch_per_device": 1024}, "time_since_restore": 251.2403359413147, "timesteps_since_restore": 0, "iterations_since_restore": 32, "mean_throughput": 8289.657781454658, "atoms": 1}
{"apply": 0.007000279426574707, "batch_time": 0.12019476890563965, "d2h": 0.004418230056762696, "data_time": 0.045879918701794684, "fwd": 0.021144986152648926, "get_state_time_mean": NaN, "get_state_time_total": 0.0, "grad": 0.04255599975585937, "mean_accuracy": 0.7483999729156494, "mean_loss": 0.7464832964897156, "neg_mean_accuracy": -0.7483999729156494, "set_state_time_mean": NaN, "set_state_time_total": 0.0, "setup_model_time_mean": NaN, "setup_model_time_total": 0.0, "setup_proc_time_mean": NaN, "setup_proc_time_total": 0.0, "train_accuracy": 0.7988199591636658, "train_loss": 0.5643748751831055, "training_time_mean": NaN, "training_time_total": 0.0, "validation_time_mean": NaN, "validation_time_total": 0.0, "samples": 60000, "num_workers": 1, "done": false, "timesteps_total": null, "episodes_total": null, "training_iteration": 33, "neg_mean_loss": -0.7464832964897156, "experiment_id": "7ad08a62637d494494cd9e34c6fe9787", "date": "2019-05-30_14-29-44", "timestamp": 1559251784, "time_this_iter_s": 7.266458988189697, "time_total_s": 258.5067949295044, "pid": 26977, "hostname": "steropes", "node_ip": "169.229.49.254", "config": {"starting_lr": 0.005, "momentum": 0.95, "weight_decay": 0.001, "steps_per_iteration": null, "pin": false, "model_creator": null, "target_batch_size": 1024, "model_string": "resnet18", "min_batch_size": 512, "dataset": "CIFAR", "placement": null, "use_nccl": true, "devices_per_worker": 1, "primary_resource": "extra_gpu", "gpu": false, "verbose": false, "lr_config": {"mode": "log", "steps": 5, "initial_lr": 0.005, "target_lr": 0.005}, "batch_per_device": 1024}, "time_since_restore": 258.5067949295044, "timesteps_since_restore": 0, "iterations_since_restore": 33, "mean_throughput": 8287.06215243268, "atoms": 1}
{"apply": 0.006948781013488769, "batch_time": 0.11613051891326905, "d2h": 0.004719758033752441, "data_time": 0.046465017357651066, "fwd": 0.02066934108734131, "get_state_time_mean": NaN, "get_state_time_total": 0.0, "grad": 0.04294853210449219, "mean_accuracy": 0.7522000074386597, "mean_loss": 0.741605556488037, "neg_mean_accuracy": -0.7522000074386597, "set_state_time_mean": NaN, "set_state_time_total": 0.0, "setup_model_time_mean": NaN, "setup_model_time_total": 0.0, "setup_proc_time_mean": NaN, "setup_proc_time_total": 0.0, "train_accuracy": 0.8046199679374695, "train_loss": 0.5515522547912598, "training_time_mean": NaN, "training_time_total": 0.0, "validation_time_mean": NaN, "validation_time_total": 0.0, "samples": 60000, "num_workers": 1, "done": false, "timesteps_total": null, "episodes_total": null, "training_iteration": 34, "neg_mean_loss": -0.741605556488037, "experiment_id": "7ad08a62637d494494cd9e34c6fe9787", "date": "2019-05-30_14-29-51", "timestamp": 1559251791, "time_this_iter_s": 7.267094373703003, "time_total_s": 265.7738893032074, "pid": 26977, "hostname": "steropes", "node_ip": "169.229.49.254", "config": {"starting_lr": 0.005, "momentum": 0.95, "weight_decay": 0.001, "steps_per_iteration": null, "pin": false, "model_creator": null, "target_batch_size": 1024, "model_string": "resnet18", "min_batch_size": 512, "dataset": "CIFAR", "placement": null, "use_nccl": true, "devices_per_worker": 1, "primary_resource": "extra_gpu", "gpu": false, "verbose": false, "lr_config": {"mode": "log", "steps": 5, "initial_lr": 0.005, "target_lr": 0.005}, "batch_per_device": 1024}, "time_since_restore": 265.7738893032074, "timesteps_since_restore": 0, "iterations_since_restore": 34, "mean_throughput": 8278.120477856744, "atoms": 1}
{"apply": 0.006954169273376465, "batch_time": 0.11674087047576905, "d2h": 0.004441642761230468, "data_time": 0.045905989043566645, "fwd": 0.02178788185119629, "get_state_time_mean": NaN, "get_state_time_total": 0.0, "grad": 0.042165088653564456, "mean_accuracy": 0.7453999519348145, "mean_loss": 0.77147036819458, "neg_mean_accuracy": -0.7453999519348145, "set_state_time_mean": NaN, "set_state_time_total": 0.0, "setup_model_time_mean": NaN, "setup_model_time_total": 0.0, "setup_proc_time_mean": NaN, "setup_proc_time_total": 0.0, "train_accuracy": 0.8053399920463562, "train_loss": 0.5479239680480957, "training_time_mean": NaN, "training_time_total": 0.0, "validation_time_mean": NaN, "validation_time_total": 0.0, "samples": 60000, "num_workers": 1, "done": false, "timesteps_total": null, "episodes_total": null, "training_iteration": 35, "neg_mean_loss": -0.77147036819458, "experiment_id": "7ad08a62637d494494cd9e34c6fe9787", "date": "2019-05-30_14-29-58", "timestamp": 1559251798, "time_this_iter_s": 7.236723184585571, "time_total_s": 273.01061248779297, "pid": 26977, "hostname": "steropes", "node_ip": "169.229.49.254", "config": {"starting_lr": 0.005, "momentum": 0.95, "weight_decay": 0.001, "steps_per_iteration": null, "pin": false, "model_creator": null, "target_batch_size": 1024, "model_string": "resnet18", "min_batch_size": 512, "dataset": "CIFAR", "placement": null, "use_nccl": true, "devices_per_worker": 1, "primary_resource": "extra_gpu", "gpu": false, "verbose": false, "lr_config": {"mode": "log", "steps": 5, "initial_lr": 0.005, "target_lr": 0.005}, "batch_per_device": 1024}, "time_since_restore": 273.01061248779297, "timesteps_since_restore": 0, "iterations_since_restore": 35, "mean_throughput": 8279.928147119355, "atoms": 1}
{"apply": 0.00695030689239502, "batch_time": 0.11737353801727295, "d2h": 0.0044381141662597655, "data_time": 0.04714613544697664, "fwd": 0.020479869842529298, "get_state_time_mean": NaN, "get_state_time_total": 0.0, "grad": 0.04171428680419922, "mean_accuracy": 0.7493999600410461, "mean_loss": 0.754915862941742, "neg_mean_accuracy": -0.7493999600410461, "set_state_time_mean": NaN, "set_state_time_total": 0.0, "setup_model_time_mean": NaN, "setup_model_time_total": 0.0, "setup_proc_time_mean": NaN, "setup_proc_time_total": 0.0, "train_accuracy": 0.810979962348938, "train_loss": 0.5346166121673585, "training_time_mean": NaN, "training_time_total": 0.0, "validation_time_mean": NaN, "validation_time_total": 0.0, "samples": 60000, "num_workers": 1, "done": false, "timesteps_total": null, "episodes_total": null, "training_iteration": 36, "neg_mean_loss": -0.754915862941742, "experiment_id": "7ad08a62637d494494cd9e34c6fe9787", "date": "2019-05-30_14-30-06", "timestamp": 1559251806, "time_this_iter_s": 7.273588180541992, "time_total_s": 280.28420066833496, "pid": 26977, "hostname": "steropes", "node_ip": "169.229.49.254", "config": {"starting_lr": 0.005, "momentum": 0.95, "weight_decay": 0.001, "steps_per_iteration": null, "pin": false, "model_creator": null, "target_batch_size": 1024, "model_string": "resnet18", "min_batch_size": 512, "dataset": "CIFAR", "placement": null, "use_nccl": true, "devices_per_worker": 1, "primary_resource": "extra_gpu", "gpu": false, "verbose": false, "lr_config": {"mode": "log", "steps": 5, "initial_lr": 0.005, "target_lr": 0.005}, "batch_per_device": 1024}, "time_since_restore": 280.28420066833496, "timesteps_since_restore": 0, "iterations_since_restore": 36, "mean_throughput": 8283.716052952006, "atoms": 1}
{"apply": 0.007454180717468261, "batch_time": 0.11543607711791992, "d2h": 0.004918646812438965, "data_time": 0.0443236730536636, "fwd": 0.021075916290283204, "get_state_time_mean": NaN, "get_state_time_total": 0.0, "grad": 0.04340715408325195, "mean_accuracy": 0.7513999938964844, "mean_loss": 0.7404720414161682, "neg_mean_accuracy": -0.7513999938964844, "set_state_time_mean": NaN, "set_state_time_total": 0.0, "setup_model_time_mean": NaN, "setup_model_time_total": 0.0, "setup_proc_time_mean": NaN, "setup_proc_time_total": 0.0, "train_accuracy": 0.8109399676322937, "train_loss": 0.5281693927764892, "training_time_mean": NaN, "training_time_total": 0.0, "validation_time_mean": NaN, "validation_time_total": 0.0, "samples": 60000, "num_workers": 1, "done": false, "timesteps_total": null, "episodes_total": null, "training_iteration": 37, "neg_mean_loss": -0.7404720414161682, "experiment_id": "7ad08a62637d494494cd9e34c6fe9787", "date": "2019-05-30_14-30-13", "timestamp": 1559251813, "time_this_iter_s": 7.208549976348877, "time_total_s": 287.49275064468384, "pid": 26977, "hostname": "steropes", "node_ip": "169.229.49.254", "config": {"starting_lr": 0.005, "momentum": 0.95, "weight_decay": 0.001, "steps_per_iteration": null, "pin": false, "model_creator": null, "target_batch_size": 1024, "model_string": "resnet18", "min_batch_size": 512, "dataset": "CIFAR", "placement": null, "use_nccl": true, "devices_per_worker": 1, "primary_resource": "extra_gpu", "gpu": false, "verbose": false, "lr_config": {"mode": "log", "steps": 5, "initial_lr": 0.005, "target_lr": 0.005}, "batch_per_device": 1024}, "time_since_restore": 287.49275064468384, "timesteps_since_restore": 0, "iterations_since_restore": 37, "mean_throughput": 8275.220215422529, "atoms": 1}
{"apply": 0.006956958770751953, "batch_time": 0.11689534187316894, "d2h": 0.00470280647277832, "data_time": 0.04518033047111667, "fwd": 0.020882892608642577, "get_state_time_mean": NaN, "get_state_time_total": 0.0, "grad": 0.041184520721435545, "mean_accuracy": 0.7559999823570251, "mean_loss": 0.7474254110336304, "neg_mean_accuracy": -0.7559999823570251, "set_state_time_mean": NaN, "set_state_time_total": 0.0, "setup_model_time_mean": NaN, "setup_model_time_total": 0.0, "setup_proc_time_mean": NaN, "setup_proc_time_total": 0.0, "train_accuracy": 0.8113600015640259, "train_loss": 0.5242665871620178, "training_time_mean": NaN, "training_time_total": 0.0, "validation_time_mean": NaN, "validation_time_total": 0.0, "samples": 60000, "num_workers": 1, "done": false, "timesteps_total": null, "episodes_total": null, "training_iteration": 38, "neg_mean_loss": -0.7474254110336304, "experiment_id": "7ad08a62637d494494cd9e34c6fe9787", "date": "2019-05-30_14-30-20", "timestamp": 1559251820, "time_this_iter_s": 7.210391283035278, "time_total_s": 294.7031419277191, "pid": 26977, "hostname": "steropes", "node_ip": "169.229.49.254", "config": {"starting_lr": 0.005, "momentum": 0.95, "weight_decay": 0.001, "steps_per_iteration": null, "pin": false, "model_creator": null, "target_batch_size": 1024, "model_string": "resnet18", "min_batch_size": 512, "dataset": "CIFAR", "placement": null, "use_nccl": true, "devices_per_worker": 1, "primary_resource": "extra_gpu", "gpu": false, "verbose": false, "lr_config": {"mode": "log", "steps": 5, "initial_lr": 0.005, "target_lr": 0.005}, "batch_per_device": 1024}, "time_since_restore": 294.7031419277191, "timesteps_since_restore": 0, "iterations_since_restore": 38, "mean_throughput": 8288.038182019976, "atoms": 1}
{"apply": 0.007379508018493653, "batch_time": 0.12056989669799804, "d2h": 0.004439115524291992, "data_time": 0.04585671911434251, "fwd": 0.02020103931427002, "get_state_time_mean": NaN, "get_state_time_total": 0.0, "grad": 0.04187619686126709, "mean_accuracy": 0.7530999779701233, "mean_loss": 0.7470600214004517, "neg_mean_accuracy": -0.7530999779701233, "set_state_time_mean": NaN, "set_state_time_total": 0.0, "setup_model_time_mean": NaN, "setup_model_time_total": 0.0, "setup_proc_time_mean": NaN, "setup_proc_time_total": 0.0, "train_accuracy": 0.8184999823570251, "train_loss": 0.5046773049354554, "training_time_mean": NaN, "training_time_total": 0.0, "validation_time_mean": NaN, "validation_time_total": 0.0, "samples": 60000, "num_workers": 1, "done": false, "timesteps_total": null, "episodes_total": null, "training_iteration": 39, "neg_mean_loss": -0.7470600214004517, "experiment_id": "7ad08a62637d494494cd9e34c6fe9787", "date": "2019-05-30_14-30-27", "timestamp": 1559251827, "time_this_iter_s": 7.287311315536499, "time_total_s": 301.9904532432556, "pid": 26977, "hostname": "steropes", "node_ip": "169.229.49.254", "config": {"starting_lr": 0.005, "momentum": 0.95, "weight_decay": 0.001, "steps_per_iteration": null, "pin": false, "model_creator": null, "target_batch_size": 1024, "model_string": "resnet18", "min_batch_size": 512, "dataset": "CIFAR", "placement": null, "use_nccl": true, "devices_per_worker": 1, "primary_resource": "extra_gpu", "gpu": false, "verbose": false, "lr_config": {"mode": "log", "steps": 5, "initial_lr": 0.005, "target_lr": 0.005}, "batch_per_device": 1024}, "time_since_restore": 301.9904532432556, "timesteps_since_restore": 0, "iterations_since_restore": 39, "mean_throughput": 8283.413344459592, "atoms": 1}
{"apply": 0.006961631774902344, "batch_time": 0.12361960411071778, "d2h": 0.0045228242874145504, "data_time": 0.046302848932694415, "fwd": 0.020145225524902343, "get_state_time_mean": NaN, "get_state_time_total": 0.0, "grad": 0.041290903091430665, "mean_accuracy": 0.7604999542236328, "mean_loss": 0.7375862955093384, "neg_mean_accuracy": -0.7604999542236328, "set_state_time_mean": NaN, "set_state_time_total": 0.0, "setup_model_time_mean": NaN, "setup_model_time_total": 0.0, "setup_proc_time_mean": NaN, "setup_proc_time_total": 0.0, "train_accuracy": 0.824459969997406, "train_loss": 0.4928743670463562, "training_time_mean": NaN, "training_time_total": 0.0, "validation_time_mean": NaN, "validation_time_total": 0.0, "samples": 60000, "num_workers": 1, "done": false, "timesteps_total": null, "episodes_total": null, "training_iteration": 40, "neg_mean_loss": -0.7375862955093384, "experiment_id": "7ad08a62637d494494cd9e34c6fe9787", "date": "2019-05-30_14-30-35", "timestamp": 1559251835, "time_this_iter_s": 7.337647438049316, "time_total_s": 309.32810068130493, "pid": 26977, "hostname": "steropes", "node_ip": "169.229.49.254", "config": {"starting_lr": 0.005, "momentum": 0.95, "weight_decay": 0.001, "steps_per_iteration": null, "pin": false, "model_creator": null, "target_batch_size": 1024, "model_string": "resnet18", "min_batch_size": 512, "dataset": "CIFAR", "placement": null, "use_nccl": true, "devices_per_worker": 1, "primary_resource": "extra_gpu", "gpu": false, "verbose": false, "lr_config": {"mode": "log", "steps": 5, "initial_lr": 0.005, "target_lr": 0.005}, "batch_per_device": 1024}, "time_since_restore": 309.32810068130493, "timesteps_since_restore": 0, "iterations_since_restore": 40, "mean_throughput": 8260.393422385807, "atoms": 1}
{"apply": 0.006943440437316895, "batch_time": 0.11825895309448242, "d2h": 0.004761743545532227, "data_time": 0.04586818266888054, "fwd": 0.02061328887939453, "get_state_time_mean": NaN, "get_state_time_total": 0.0, "grad": 0.04196288585662842, "mean_accuracy": 0.7477999925613403, "mean_loss": 0.7688613689422608, "neg_mean_accuracy": -0.7477999925613403, "set_state_time_mean": NaN, "set_state_time_total": 0.0, "setup_model_time_mean": NaN, "setup_model_time_total": 0.0, "setup_proc_time_mean": NaN, "setup_proc_time_total": 0.0, "train_accuracy": 0.8246399760246277, "train_loss": 0.49344094467163085, "training_time_mean": NaN, "training_time_total": 0.0, "validation_time_mean": NaN, "validation_time_total": 0.0, "samples": 60000, "num_workers": 1, "done": false, "timesteps_total": null, "episodes_total": null, "training_iteration": 41, "neg_mean_loss": -0.7688613689422608, "experiment_id": "7ad08a62637d494494cd9e34c6fe9787", "date": "2019-05-30_14-30-42", "timestamp": 1559251842, "time_this_iter_s": 7.246509790420532, "time_total_s": 316.57461047172546, "pid": 26977, "hostname": "steropes", "node_ip": "169.229.49.254", "config": {"starting_lr": 0.005, "momentum": 0.95, "weight_decay": 0.001, "steps_per_iteration": null, "pin": false, "model_creator": null, "target_batch_size": 1024, "model_string": "resnet18", "min_batch_size": 512, "dataset": "CIFAR", "placement": null, "use_nccl": true, "devices_per_worker": 1, "primary_resource": "extra_gpu", "gpu": false, "verbose": false, "lr_config": {"mode": "log", "steps": 5, "initial_lr": 0.005, "target_lr": 0.005}, "batch_per_device": 1024}, "time_since_restore": 316.57461047172546, "timesteps_since_restore": 0, "iterations_since_restore": 41, "mean_throughput": 8266.55675347558, "atoms": 1}
{"apply": 0.0070484399795532225, "batch_time": 0.13096401691436768, "d2h": 0.004625916481018066, "data_time": 0.04515294152863172, "fwd": 0.02122995853424072, "get_state_time_mean": NaN, "get_state_time_total": 0.0, "grad": 0.0413557767868042, "mean_accuracy": 0.7652999758720398, "mean_loss": 0.7269668202400208, "neg_mean_accuracy": -0.7652999758720398, "set_state_time_mean": NaN, "set_state_time_total": 0.0, "setup_model_time_mean": NaN, "setup_model_time_total": 0.0, "setup_proc_time_mean": NaN, "setup_proc_time_total": 0.0, "train_accuracy": 0.8291599750518799, "train_loss": 0.48274463243484494, "training_time_mean": NaN, "training_time_total": 0.0, "validation_time_mean": NaN, "validation_time_total": 0.0, "samples": 60000, "num_workers": 1, "done": false, "timesteps_total": null, "episodes_total": null, "training_iteration": 42, "neg_mean_loss": -0.7269668202400208, "experiment_id": "7ad08a62637d494494cd9e34c6fe9787", "date": "2019-05-30_14-30-49", "timestamp": 1559251849, "time_this_iter_s": 7.373271465301514, "time_total_s": 323.947881937027, "pid": 26977, "hostname": "steropes", "node_ip": "169.229.49.254", "config": {"starting_lr": 0.005, "momentum": 0.95, "weight_decay": 0.001, "steps_per_iteration": null, "pin": false, "model_creator": null, "target_batch_size": 1024, "model_string": "resnet18", "min_batch_size": 512, "dataset": "CIFAR", "placement": null, "use_nccl": true, "devices_per_worker": 1, "primary_resource": "extra_gpu", "gpu": false, "verbose": false, "lr_config": {"mode": "log", "steps": 5, "initial_lr": 0.005, "target_lr": 0.005}, "batch_per_device": 1024}, "time_since_restore": 323.947881937027, "timesteps_since_restore": 0, "iterations_since_restore": 42, "mean_throughput": 8229.205814609273, "atoms": 1}
{"apply": 0.006977391242980957, "batch_time": 0.11618728637695312, "d2h": 0.004919123649597168, "data_time": 0.045508895601545064, "fwd": 0.021360182762145997, "get_state_time_mean": NaN, "get_state_time_total": 0.0, "grad": 0.0411644697189331, "mean_accuracy": 0.7605999708175659, "mean_loss": 0.7478817823410034, "neg_mean_accuracy": -0.7605999708175659, "set_state_time_mean": NaN, "set_state_time_total": 0.0, "setup_model_time_mean": NaN, "setup_model_time_total": 0.0, "setup_proc_time_mean": NaN, "setup_proc_time_total": 0.0, "train_accuracy": 0.8338800072669983, "train_loss": 0.46432294706344607, "training_time_mean": NaN, "training_time_total": 0.0, "validation_time_mean": NaN, "validation_time_total": 0.0, "samples": 60000, "num_workers": 1, "done": false, "timesteps_total": null, "episodes_total": null, "training_iteration": 43, "neg_mean_loss": -0.7478817823410034, "experiment_id": "7ad08a62637d494494cd9e34c6fe9787", "date": "2019-05-30_14-30-57", "timestamp": 1559251857, "time_this_iter_s": 7.18243932723999, "time_total_s": 331.13032126426697, "pid": 26977, "hostname": "steropes", "node_ip": "169.229.49.254", "config": {"starting_lr": 0.005, "momentum": 0.95, "weight_decay": 0.001, "steps_per_iteration": null, "pin": false, "model_creator": null, "target_batch_size": 1024, "model_string": "resnet18", "min_batch_size": 512, "dataset": "CIFAR", "placement": null, "use_nccl": true, "devices_per_worker": 1, "primary_resource": "extra_gpu", "gpu": false, "verbose": false, "lr_config": {"mode": "log", "steps": 5, "initial_lr": 0.005, "target_lr": 0.005}, "batch_per_device": 1024}, "time_since_restore": 331.13032126426697, "timesteps_since_restore": 0, "iterations_since_restore": 43, "mean_throughput": 8235.521136891308, "atoms": 1}
{"apply": 0.007057714462280274, "batch_time": 0.1169844388961792, "d2h": 0.004928064346313476, "data_time": 0.046608793492219885, "fwd": 0.020587754249572755, "get_state_time_mean": NaN, "get_state_time_total": 0.0, "grad": 0.041693711280822755, "mean_accuracy": 0.7602999806404114, "mean_loss": 0.7362180914878845, "neg_mean_accuracy": -0.7602999806404114, "set_state_time_mean": NaN, "set_state_time_total": 0.0, "setup_model_time_mean": NaN, "setup_model_time_total": 0.0, "setup_proc_time_mean": NaN, "setup_proc_time_total": 0.0, "train_accuracy": 0.8357599973678589, "train_loss": 0.4606300866031647, "training_time_mean": NaN, "training_time_total": 0.0, "validation_time_mean": NaN, "validation_time_total": 0.0, "samples": 60000, "num_workers": 1, "done": false, "timesteps_total": null, "episodes_total": null, "training_iteration": 44, "neg_mean_loss": -0.7362180914878845, "experiment_id": "7ad08a62637d494494cd9e34c6fe9787", "date": "2019-05-30_14-31-04", "timestamp": 1559251864, "time_this_iter_s": 7.279836654663086, "time_total_s": 338.41015791893005, "pid": 26977, "hostname": "steropes", "node_ip": "169.229.49.254", "config": {"starting_lr": 0.005, "momentum": 0.95, "weight_decay": 0.001, "steps_per_iteration": null, "pin": false, "model_creator": null, "target_batch_size": 1024, "model_string": "resnet18", "min_batch_size": 512, "dataset": "CIFAR", "placement": null, "use_nccl": true, "devices_per_worker": 1, "primary_resource": "extra_gpu", "gpu": false, "verbose": false, "lr_config": {"mode": "log", "steps": 5, "initial_lr": 0.005, "target_lr": 0.005}, "batch_per_device": 1024}, "time_since_restore": 338.41015791893005, "timesteps_since_restore": 0, "iterations_since_restore": 44, "mean_throughput": 8237.210649259285, "atoms": 1}
{"apply": 0.0072050333023071286, "batch_time": 0.1153482437133789, "d2h": 0.004586696624755859, "data_time": 0.04598155800177126, "fwd": 0.02067909240722656, "get_state_time_mean": NaN, "get_state_time_total": 0.0, "grad": 0.04184963703155518, "mean_accuracy": 0.7586999535560608, "mean_loss": 0.7493970085144043, "neg_mean_accuracy": -0.7586999535560608, "set_state_time_mean": NaN, "set_state_time_total": 0.0, "setup_model_time_mean": NaN, "setup_model_time_total": 0.0, "setup_proc_time_mean": NaN, "setup_proc_time_total": 0.0, "train_accuracy": 0.8375599980354309, "train_loss": 0.45257516774177553, "training_time_mean": NaN, "training_time_total": 0.0, "validation_time_mean": NaN, "validation_time_total": 0.0, "samples": 60000, "num_workers": 1, "done": false, "timesteps_total": null, "episodes_total": null, "training_iteration": 45, "neg_mean_loss": -0.7493970085144043, "experiment_id": "7ad08a62637d494494cd9e34c6fe9787", "date": "2019-05-30_14-31-11", "timestamp": 1559251871, "time_this_iter_s": 7.2593278884887695, "time_total_s": 345.6694858074188, "pid": 26977, "hostname": "steropes", "node_ip": "169.229.49.254", "config": {"starting_lr": 0.005, "momentum": 0.95, "weight_decay": 0.001, "steps_per_iteration": null, "pin": false, "model_creator": null, "target_batch_size": 1024, "model_string": "resnet18", "min_batch_size": 512, "dataset": "CIFAR", "placement": null, "use_nccl": true, "devices_per_worker": 1, "primary_resource": "extra_gpu", "gpu": false, "verbose": false, "lr_config": {"mode": "log", "steps": 5, "initial_lr": 0.005, "target_lr": 0.005}, "batch_per_device": 1024}, "time_since_restore": 345.6694858074188, "timesteps_since_restore": 0, "iterations_since_restore": 45, "mean_throughput": 8254.963714611386, "atoms": 1}
{"apply": 0.007043576240539551, "batch_time": 0.11526508331298828, "d2h": 0.0043220043182373045, "data_time": 0.04562643109535684, "fwd": 0.020717573165893555, "get_state_time_mean": NaN, "get_state_time_total": 0.0, "grad": 0.04114654064178467, "mean_accuracy": 0.7568999528884888, "mean_loss": 0.7640454335212707, "neg_mean_accuracy": -0.7568999528884888, "set_state_time_mean": NaN, "set_state_time_total": 0.0, "setup_model_time_mean": NaN, "setup_model_time_total": 0.0, "setup_proc_time_mean": NaN, "setup_proc_time_total": 0.0, "train_accuracy": 0.8407799601554871, "train_loss": 0.44439143072128295, "training_time_mean": NaN, "training_time_total": 0.0, "validation_time_mean": NaN, "validation_time_total": 0.0, "samples": 60000, "num_workers": 1, "done": false, "timesteps_total": null, "episodes_total": null, "training_iteration": 46, "neg_mean_loss": -0.7640454335212707, "experiment_id": "7ad08a62637d494494cd9e34c6fe9787", "date": "2019-05-30_14-31-18", "timestamp": 1559251878, "time_this_iter_s": 7.215292930603027, "time_total_s": 352.88477873802185, "pid": 26977, "hostname": "steropes", "node_ip": "169.229.49.254", "config": {"starting_lr": 0.005, "momentum": 0.95, "weight_decay": 0.001, "steps_per_iteration": null, "pin": false, "model_creator": null, "target_batch_size": 1024, "model_string": "resnet18", "min_batch_size": 512, "dataset": "CIFAR", "placement": null, "use_nccl": true, "devices_per_worker": 1, "primary_resource": "extra_gpu", "gpu": false, "verbose": false, "lr_config": {"mode": "log", "steps": 5, "initial_lr": 0.005, "target_lr": 0.005}, "batch_per_device": 1024}, "time_since_restore": 352.88477873802185, "timesteps_since_restore": 0, "iterations_since_restore": 46, "mean_throughput": 8262.061203214036, "atoms": 1}
{"apply": 0.006837630271911621, "batch_time": 0.11808395385742188, "d2h": 0.004595661163330078, "data_time": 0.04493412192986936, "fwd": 0.02028517723083496, "get_state_time_mean": NaN, "get_state_time_total": 0.0, "grad": 0.04161183834075928, "mean_accuracy": 0.7658999562263489, "mean_loss": 0.7339462785720825, "neg_mean_accuracy": -0.7658999562263489, "set_state_time_mean": NaN, "set_state_time_total": 0.0, "setup_model_time_mean": NaN, "setup_model_time_total": 0.0, "setup_proc_time_mean": NaN, "setup_proc_time_total": 0.0, "train_accuracy": 0.8415799736976624, "train_loss": 0.43864938123703, "training_time_mean": NaN, "training_time_total": 0.0, "validation_time_mean": NaN, "validation_time_total": 0.0, "samples": 60000, "num_workers": 1, "done": false, "timesteps_total": null, "episodes_total": null, "training_iteration": 47, "neg_mean_loss": -0.7339462785720825, "experiment_id": "7ad08a62637d494494cd9e34c6fe9787", "date": "2019-05-30_14-31-26", "timestamp": 1559251886, "time_this_iter_s": 7.199835777282715, "time_total_s": 360.08461451530457, "pid": 26977, "hostname": "steropes", "node_ip": "169.229.49.254", "config": {"starting_lr": 0.005, "momentum": 0.95, "weight_decay": 0.001, "steps_per_iteration": null, "pin": false, "model_creator": null, "target_batch_size": 1024, "model_string": "resnet18", "min_batch_size": 512, "dataset": "CIFAR", "placement": null, "use_nccl": true, "devices_per_worker": 1, "primary_resource": "extra_gpu", "gpu": false, "verbose": false, "lr_config": {"mode": "log", "steps": 5, "initial_lr": 0.005, "target_lr": 0.005}, "batch_per_device": 1024}, "time_since_restore": 360.08461451530457, "timesteps_since_restore": 0, "iterations_since_restore": 47, "mean_throughput": 8301.713412266248, "atoms": 1}
{"apply": 0.006944704055786133, "batch_time": 0.11539688110351562, "d2h": 0.004954195022583008, "data_time": 0.045322418212890625, "fwd": 0.02052433490753174, "get_state_time_mean": NaN, "get_state_time_total": 0.0, "grad": 0.04151983261108398, "mean_accuracy": 0.7592999935150146, "mean_loss": 0.7571692739486694, "neg_mean_accuracy": -0.7592999935150146, "set_state_time_mean": NaN, "set_state_time_total": 0.0, "setup_model_time_mean": NaN, "setup_model_time_total": 0.0, "setup_proc_time_mean": NaN, "setup_proc_time_total": 0.0, "train_accuracy": 0.8467400074005127, "train_loss": 0.42890668147087097, "training_time_mean": NaN, "training_time_total": 0.0, "validation_time_mean": NaN, "validation_time_total": 0.0, "samples": 60000, "num_workers": 1, "done": false, "timesteps_total": null, "episodes_total": null, "training_iteration": 48, "neg_mean_loss": -0.7571692739486694, "experiment_id": "7ad08a62637d494494cd9e34c6fe9787", "date": "2019-05-30_14-31-33", "timestamp": 1559251893, "time_this_iter_s": 7.262942314147949, "time_total_s": 367.3475568294525, "pid": 26977, "hostname": "steropes", "node_ip": "169.229.49.254", "config": {"starting_lr": 0.005, "momentum": 0.95, "weight_decay": 0.001, "steps_per_iteration": null, "pin": false, "model_creator": null, "target_batch_size": 1024, "model_string": "resnet18", "min_batch_size": 512, "dataset": "CIFAR", "placement": null, "use_nccl": true, "devices_per_worker": 1, "primary_resource": "extra_gpu", "gpu": false, "verbose": false, "lr_config": {"mode": "log", "steps": 5, "initial_lr": 0.005, "target_lr": 0.005}, "batch_per_device": 1024}, "time_since_restore": 367.3475568294525, "timesteps_since_restore": 0, "iterations_since_restore": 48, "mean_throughput": 8283.26044445444, "atoms": 1}
{"apply": 0.006996941566467285, "batch_time": 0.11514694690704345, "d2h": 0.004475522041320801, "data_time": 0.04535868703102579, "fwd": 0.02034804821014404, "get_state_time_mean": NaN, "get_state_time_total": 0.0, "grad": 0.04181737899780273, "mean_accuracy": 0.7666999697685242, "mean_loss": 0.7407704272270202, "neg_mean_accuracy": -0.7666999697685242, "set_state_time_mean": NaN, "set_state_time_total": 0.0, "setup_model_time_mean": NaN, "setup_model_time_total": 0.0, "setup_proc_time_mean": NaN, "setup_proc_time_total": 0.0, "train_accuracy": 0.8506999611854553, "train_loss": 0.4170005052661896, "training_time_mean": NaN, "training_time_total": 0.0, "validation_time_mean": NaN, "validation_time_total": 0.0, "samples": 60000, "num_workers": 1, "done": false, "timesteps_total": null, "episodes_total": null, "training_iteration": 49, "neg_mean_loss": -0.7407704272270202, "experiment_id": "7ad08a62637d494494cd9e34c6fe9787", "date": "2019-05-30_14-31-40", "timestamp": 1559251900, "time_this_iter_s": 7.1848578453063965, "time_total_s": 374.5324146747589, "pid": 26977, "hostname": "steropes", "node_ip": "169.229.49.254", "config": {"starting_lr": 0.005, "momentum": 0.95, "weight_decay": 0.001, "steps_per_iteration": null, "pin": false, "model_creator": null, "target_batch_size": 1024, "model_string": "resnet18", "min_batch_size": 512, "dataset": "CIFAR", "placement": null, "use_nccl": true, "devices_per_worker": 1, "primary_resource": "extra_gpu", "gpu": false, "verbose": false, "lr_config": {"mode": "log", "steps": 5, "initial_lr": 0.005, "target_lr": 0.005}, "batch_per_device": 1024}, "time_since_restore": 374.5324146747589, "timesteps_since_restore": 0, "iterations_since_restore": 49, "mean_throughput": 8305.040906655175, "atoms": 1}
{"apply": 0.007106614112854004, "batch_time": 0.11652004718780518, "d2h": 0.0044812440872192385, "data_time": 0.04647664147980359, "fwd": 0.021227312088012696, "get_state_time_mean": NaN, "get_state_time_total": 0.0, "grad": 0.04250051975250244, "mean_accuracy": 0.7615000009536743, "mean_loss": 0.7579084327697754, "neg_mean_accuracy": -0.7615000009536743, "set_state_time_mean": NaN, "set_state_time_total": 0.0, "setup_model_time_mean": NaN, "setup_model_time_total": 0.0, "setup_proc_time_mean": NaN, "setup_proc_time_total": 0.0, "train_accuracy": 0.8550399541854858, "train_loss": 0.4063310692119598, "training_time_mean": NaN, "training_time_total": 0.0, "validation_time_mean": NaN, "validation_time_total": 0.0, "samples": 60000, "num_workers": 1, "done": false, "timesteps_total": null, "episodes_total": null, "training_iteration": 50, "neg_mean_loss": -0.7579084327697754, "experiment_id": "7ad08a62637d494494cd9e34c6fe9787", "date": "2019-05-30_14-31-47", "timestamp": 1559251907, "time_this_iter_s": 7.303159236907959, "time_total_s": 381.83557391166687, "pid": 26977, "hostname": "steropes", "node_ip": "169.229.49.254", "config": {"starting_lr": 0.005, "momentum": 0.95, "weight_decay": 0.001, "steps_per_iteration": null, "pin": false, "model_creator": null, "target_batch_size": 1024, "model_string": "resnet18", "min_batch_size": 512, "dataset": "CIFAR", "placement": null, "use_nccl": true, "devices_per_worker": 1, "primary_resource": "extra_gpu", "gpu": false, "verbose": false, "lr_config": {"mode": "log", "steps": 5, "initial_lr": 0.005, "target_lr": 0.005}, "batch_per_device": 1024}, "time_since_restore": 381.83557391166687, "timesteps_since_restore": 0, "iterations_since_restore": 50, "mean_throughput": 8294.972415876027, "atoms": 1}
{"apply": 0.006810283660888672, "batch_time": 0.1148646354675293, "d2h": 0.004849004745483399, "data_time": 0.04454602513994489, "fwd": 0.020648622512817384, "get_state_time_mean": NaN, "get_state_time_total": 0.0, "grad": 0.041434097290039065, "mean_accuracy": 0.7605999708175659, "mean_loss": 0.7800409717559814, "neg_mean_accuracy": -0.7605999708175659, "set_state_time_mean": NaN, "set_state_time_total": 0.0, "setup_model_time_mean": NaN, "setup_model_time_total": 0.0, "setup_proc_time_mean": NaN, "setup_proc_time_total": 0.0, "train_accuracy": 0.8563199639320374, "train_loss": 0.4017840242099762, "training_time_mean": NaN, "training_time_total": 0.0, "validation_time_mean": NaN, "validation_time_total": 0.0, "samples": 60000, "num_workers": 1, "done": false, "timesteps_total": null, "episodes_total": null, "training_iteration": 51, "neg_mean_loss": -0.7800409717559814, "experiment_id": "7ad08a62637d494494cd9e34c6fe9787", "date": "2019-05-30_14-31-55", "timestamp": 1559251915, "time_this_iter_s": 7.186906814575195, "time_total_s": 389.02248072624207, "pid": 26977, "hostname": "steropes", "node_ip": "169.229.49.254", "config": {"starting_lr": 0.005, "momentum": 0.95, "weight_decay": 0.001, "steps_per_iteration": null, "pin": false, "model_creator": null, "target_batch_size": 1024, "model_string": "resnet18", "min_batch_size": 512, "dataset": "CIFAR", "placement": null, "use_nccl": true, "devices_per_worker": 1, "primary_resource": "extra_gpu", "gpu": false, "verbose": false, "lr_config": {"mode": "log", "steps": 5, "initial_lr": 0.005, "target_lr": 0.005}, "batch_per_device": 1024}, "time_since_restore": 389.02248072624207, "timesteps_since_restore": 0, "iterations_since_restore": 51, "mean_throughput": 8301.4846929527, "atoms": 1}
{"apply": 0.007028841972351074, "batch_time": 0.11706604957580566, "d2h": 0.004459857940673828, "data_time": 0.04715846995918118, "fwd": 0.020280003547668457, "get_state_time_mean": NaN, "get_state_time_total": 0.0, "grad": 0.041076254844665525, "mean_accuracy": 0.7646999955177307, "mean_loss": 0.7466421523094178, "neg_mean_accuracy": -0.7646999955177307, "set_state_time_mean": NaN, "set_state_time_total": 0.0, "setup_model_time_mean": NaN, "setup_model_time_total": 0.0, "setup_proc_time_mean": NaN, "setup_proc_time_total": 0.0, "train_accuracy": 0.8567399978637695, "train_loss": 0.39948908009529116, "training_time_mean": NaN, "training_time_total": 0.0, "validation_time_mean": NaN, "validation_time_total": 0.0, "samples": 60000, "num_workers": 1, "done": false, "timesteps_total": null, "episodes_total": null, "training_iteration": 52, "neg_mean_loss": -0.7466421523094178, "experiment_id": "7ad08a62637d494494cd9e34c6fe9787", "date": "2019-05-30_14-32-02", "timestamp": 1559251922, "time_this_iter_s": 7.3104376792907715, "time_total_s": 396.33291840553284, "pid": 26977, "hostname": "steropes", "node_ip": "169.229.49.254", "config": {"starting_lr": 0.005, "momentum": 0.95, "weight_decay": 0.001, "steps_per_iteration": null, "pin": false, "model_creator": null, "target_batch_size": 1024, "model_string": "resnet18", "min_batch_size": 512, "dataset": "CIFAR", "placement": null, "use_nccl": true, "devices_per_worker": 1, "primary_resource": "extra_gpu", "gpu": false, "verbose": false, "lr_config": {"mode": "log", "steps": 5, "initial_lr": 0.005, "target_lr": 0.005}, "batch_per_device": 1024}, "time_since_restore": 396.33291840553284, "timesteps_since_restore": 0, "iterations_since_restore": 52, "mean_throughput": 8276.154917443742, "atoms": 1}
{"apply": 0.007103610038757324, "batch_time": 0.11619372367858886, "d2h": 0.004406166076660156, "data_time": 0.04680319221652284, "fwd": 0.020812058448791505, "get_state_time_mean": NaN, "get_state_time_total": 0.0, "grad": 0.041886305809020995, "mean_accuracy": 0.7658999562263489, "mean_loss": 0.767892753314972, "neg_mean_accuracy": -0.7658999562263489, "set_state_time_mean": NaN, "set_state_time_total": 0.0, "setup_model_time_mean": NaN, "setup_model_time_total": 0.0, "setup_proc_time_mean": NaN, "setup_proc_time_total": 0.0, "train_accuracy": 0.8613599538803101, "train_loss": 0.3909716187095642, "training_time_mean": NaN, "training_time_total": 0.0, "validation_time_mean": NaN, "validation_time_total": 0.0, "samples": 60000, "num_workers": 1, "done": true, "timesteps_total": null, "episodes_total": null, "training_iteration": 53, "neg_mean_loss": -0.767892753314972, "experiment_id": "7ad08a62637d494494cd9e34c6fe9787", "date": "2019-05-30_14-32-09", "timestamp": 1559251929, "time_this_iter_s": 7.264880895614624, "time_total_s": 403.59779930114746, "pid": 26977, "hostname": "steropes", "node_ip": "169.229.49.254", "config": {"starting_lr": 0.005, "momentum": 0.95, "weight_decay": 0.001, "steps_per_iteration": null, "pin": false, "model_creator": null, "target_batch_size": 1024, "model_string": "resnet18", "min_batch_size": 512, "dataset": "CIFAR", "placement": null, "use_nccl": true, "devices_per_worker": 1, "primary_resource": "extra_gpu", "gpu": false, "verbose": false, "lr_config": {"mode": "log", "steps": 5, "initial_lr": 0.005, "target_lr": 0.005}, "batch_per_device": 1024}, "time_since_restore": 403.59779930114746, "timesteps_since_restore": 0, "iterations_since_restore": 53, "mean_throughput": 8275.711407042045, "atoms": 1}
