{"apply": 0.018154191970825195, "batch_time": 0.041927171658866016, "d2h": 0.000694894790649414, "data_time": 0.0018049877927736248, "fwd": 0.19119832515716553, "get_state_time_mean": NaN, "get_state_time_total": 0.0, "grad": 0.2532354831695557, "mean_accuracy": 0.2378999888896942, "mean_loss": 2.1342711460113524, "neg_mean_accuracy": -0.2378999888896942, "set_state_time_mean": NaN, "set_state_time_total": 0.0, "setup_model_time_mean": 21.41643238067627, "setup_model_time_total": 21.41643238067627, "setup_proc_time_mean": 1.864974021911621, "setup_proc_time_total": 1.864974021911621, "train_accuracy": 0.15308000147342682, "train_loss": 2.5231201820373537, "training_time_mean": NaN, "training_time_total": 0.0, "val_accuracy": 0.2378999888896942, "val_loss": 2.1342711460113524, "validation_time_mean": NaN, "validation_time_total": 0.0, "samples": 60000, "num_workers": 1, "done": false, "timesteps_total": null, "episodes_total": null, "training_iteration": 1, "neg_mean_loss": -2.1342711460113524, "experiment_id": "5f153137868f4e518de81ca492912955", "date": "2019-06-02_20-14-45", "timestamp": 1559531685, "time_this_iter_s": 48.898866176605225, "time_total_s": 48.898866176605225, "pid": 18838, "hostname": "steropes", "node_ip": "169.229.49.254", "config": {"starting_lr": 0.0001, "momentum": 0.99, "weight_decay": 0.001, "steps_per_iteration": null, "pin": false, "model_creator": null, "target_batch_size": 128, "model_string": "resnet50", "min_batch_size": 128, "dataset": "CIFAR", "placement": null, "use_nccl": true, "devices_per_worker": 1, "primary_resource": "extra_gpu", "gpu": false, "verbose": false, "lr_config": {"mode": "log", "steps": 5, "initial_lr": 0.0001, "target_lr": 0.0001}, "batch_per_device": 128}, "time_since_restore": 48.898866176605225, "timesteps_since_restore": 0, "iterations_since_restore": 1, "mean_throughput": 1227.020233513052, "atoms": 1, "setup_time": 24.904473066329956}
{"apply": 0.01765902042388916, "batch_time": 0.031907102729700786, "d2h": 0.0007883787155151367, "data_time": 0.0017702116075988925, "fwd": 0.02785623073577881, "get_state_time_mean": NaN, "get_state_time_total": 0.0, "grad": 0.048360347747802734, "mean_accuracy": 0.275749996304512, "mean_loss": 2.0089055916786194, "neg_mean_accuracy": -0.31360000371932983, "set_state_time_mean": NaN, "set_state_time_total": 0.0, "setup_model_time_mean": NaN, "setup_model_time_total": 0.0, "setup_proc_time_mean": NaN, "setup_proc_time_total": 0.0, "train_accuracy": 0.2561799883842468, "train_loss": 2.040295132369995, "training_time_mean": NaN, "training_time_total": 0.0, "val_accuracy": 0.31360000371932983, "val_loss": 1.8835400373458862, "validation_time_mean": NaN, "validation_time_total": 0.0, "samples": 60000, "num_workers": 1, "done": false, "timesteps_total": null, "episodes_total": null, "training_iteration": 2, "neg_mean_loss": -2.0089055916786194, "experiment_id": "5f153137868f4e518de81ca492912955", "date": "2019-06-02_20-15-27", "timestamp": 1559531727, "time_this_iter_s": 41.277652740478516, "time_total_s": 90.17651891708374, "pid": 18838, "hostname": "steropes", "node_ip": "169.229.49.254", "config": {"starting_lr": 0.0001, "momentum": 0.99, "weight_decay": 0.001, "steps_per_iteration": null, "pin": false, "model_creator": null, "target_batch_size": 128, "model_string": "resnet50", "min_batch_size": 128, "dataset": "CIFAR", "placement": null, "use_nccl": true, "devices_per_worker": 1, "primary_resource": "extra_gpu", "gpu": false, "verbose": false, "lr_config": {"mode": "log", "steps": 5, "initial_lr": 0.0001, "target_lr": 0.0001}, "batch_per_device": 128}, "time_since_restore": 90.17651891708374, "timesteps_since_restore": 0, "iterations_since_restore": 2, "mean_throughput": 1330.7197052687468, "atoms": 1, "setup_time": 24.904473066329956}
{"apply": 0.017786836624145506, "batch_time": 0.03371296351469016, "d2h": 0.00078582763671875, "data_time": 0.0018046018107772787, "fwd": 0.028504467010498045, "get_state_time_mean": NaN, "get_state_time_total": 0.0, "grad": 0.04828183650970459, "mean_accuracy": 0.30116666356722516, "mean_loss": 1.9379377991994222, "neg_mean_accuracy": -0.35199999809265137, "set_state_time_mean": NaN, "set_state_time_total": 0.0, "setup_model_time_mean": NaN, "setup_model_time_total": 0.0, "setup_proc_time_mean": NaN, "setup_proc_time_total": 0.0, "train_accuracy": 0.30653998255729675, "train_loss": 1.9142201193237305, "training_time_mean": NaN, "training_time_total": 0.0, "val_accuracy": 0.35199999809265137, "val_loss": 1.796002214241028, "validation_time_mean": NaN, "validation_time_total": 0.0, "samples": 60000, "num_workers": 1, "done": false, "timesteps_total": null, "episodes_total": null, "training_iteration": 3, "neg_mean_loss": -1.9379377991994222, "experiment_id": "5f153137868f4e518de81ca492912955", "date": "2019-06-02_20-16-08", "timestamp": 1559531768, "time_this_iter_s": 41.494011640548706, "time_total_s": 131.67053055763245, "pid": 18838, "hostname": "steropes", "node_ip": "169.229.49.254", "config": {"starting_lr": 0.0001, "momentum": 0.99, "weight_decay": 0.001, "steps_per_iteration": null, "pin": false, "model_creator": null, "target_batch_size": 128, "model_string": "resnet50", "min_batch_size": 128, "dataset": "CIFAR", "placement": null, "use_nccl": true, "devices_per_worker": 1, "primary_resource": "extra_gpu", "gpu": false, "verbose": false, "lr_config": {"mode": "log", "steps": 5, "initial_lr": 0.0001, "target_lr": 0.0001}, "batch_per_device": 128}, "time_since_restore": 131.67053055763245, "timesteps_since_restore": 0, "iterations_since_restore": 3, "mean_throughput": 1367.045059362787, "atoms": 1, "setup_time": 24.904473066329956}
{"apply": 0.018807411193847656, "batch_time": 0.03205953066862082, "d2h": 0.0007501363754272461, "data_time": 0.001833064476852222, "fwd": 0.028275227546691893, "get_state_time_mean": NaN, "get_state_time_total": 0.0, "grad": 0.04789843559265137, "mean_accuracy": 0.32179999351501465, "mean_loss": 1.8779831774711608, "neg_mean_accuracy": -0.3836999833583832, "set_state_time_mean": NaN, "set_state_time_total": 0.0, "setup_model_time_mean": NaN, "setup_model_time_total": 0.0, "setup_proc_time_mean": NaN, "setup_proc_time_total": 0.0, "train_accuracy": 0.3439599871635437, "train_loss": 1.794018264389038, "training_time_mean": NaN, "training_time_total": 0.0, "val_accuracy": 0.3836999833583832, "val_loss": 1.698119312286377, "validation_time_mean": NaN, "validation_time_total": 0.0, "samples": 60000, "num_workers": 1, "done": false, "timesteps_total": null, "episodes_total": null, "training_iteration": 4, "neg_mean_loss": -1.8779831774711608, "experiment_id": "5f153137868f4e518de81ca492912955", "date": "2019-06-02_20-16-49", "timestamp": 1559531809, "time_this_iter_s": 41.14031410217285, "time_total_s": 172.8108446598053, "pid": 18838, "hostname": "steropes", "node_ip": "169.229.49.254", "config": {"starting_lr": 0.0001, "momentum": 0.99, "weight_decay": 0.001, "steps_per_iteration": null, "pin": false, "model_creator": null, "target_batch_size": 128, "model_string": "resnet50", "min_batch_size": 128, "dataset": "CIFAR", "placement": null, "use_nccl": true, "devices_per_worker": 1, "primary_resource": "extra_gpu", "gpu": false, "verbose": false, "lr_config": {"mode": "log", "steps": 5, "initial_lr": 0.0001, "target_lr": 0.0001}, "batch_per_device": 128}, "time_since_restore": 172.8108446598053, "timesteps_since_restore": 0, "iterations_since_restore": 4, "mean_throughput": 1388.7984074058384, "atoms": 1, "setup_time": 24.904473066329956}
{"apply": 0.017920923233032227, "batch_time": 0.03165838688234739, "d2h": 0.0007106304168701172, "data_time": 0.0017793733445579743, "fwd": 0.028899407386779784, "get_state_time_mean": NaN, "get_state_time_total": 0.0, "grad": 0.04766104221343994, "mean_accuracy": 0.3397999942302704, "mean_loss": 1.8280321505737305, "neg_mean_accuracy": -0.41179999709129333, "set_state_time_mean": NaN, "set_state_time_total": 0.0, "setup_model_time_mean": NaN, "setup_model_time_total": 0.0, "setup_proc_time_mean": NaN, "setup_proc_time_total": 0.0, "train_accuracy": 0.3718000054359436, "train_loss": 1.7233455908203126, "training_time_mean": NaN, "training_time_total": 0.0, "val_accuracy": 0.41179999709129333, "val_loss": 1.6282280429840088, "validation_time_mean": NaN, "validation_time_total": 0.0, "samples": 60000, "num_workers": 1, "done": false, "timesteps_total": null, "episodes_total": null, "training_iteration": 5, "neg_mean_loss": -1.8280321505737305, "experiment_id": "5f153137868f4e518de81ca492912955", "date": "2019-06-02_20-17-30", "timestamp": 1559531850, "time_this_iter_s": 41.149956703186035, "time_total_s": 213.96080136299133, "pid": 18838, "hostname": "steropes", "node_ip": "169.229.49.254", "config": {"starting_lr": 0.0001, "momentum": 0.99, "weight_decay": 0.001, "steps_per_iteration": null, "pin": false, "model_creator": null, "target_batch_size": 128, "model_string": "resnet50", "min_batch_size": 128, "dataset": "CIFAR", "placement": null, "use_nccl": true, "devices_per_worker": 1, "primary_resource": "extra_gpu", "gpu": false, "verbose": false, "lr_config": {"mode": "log", "steps": 5, "initial_lr": 0.0001, "target_lr": 0.0001}, "batch_per_device": 128}, "time_since_restore": 213.96080136299133, "timesteps_since_restore": 0, "iterations_since_restore": 5, "mean_throughput": 1402.1227772499058, "atoms": 1, "setup_time": 24.904473066329956}
{"apply": 0.017781782150268554, "batch_time": 0.03191795831994165, "d2h": 0.000720810890197754, "data_time": 0.0017616565879958366, "fwd": 0.0278806209564209, "get_state_time_mean": NaN, "get_state_time_total": 0.0, "grad": 0.04908325672149658, "mean_accuracy": 0.3754399955272675, "mean_loss": 1.721045229148865, "neg_mean_accuracy": -0.41609999537467957, "set_state_time_mean": NaN, "set_state_time_total": 0.0, "setup_model_time_mean": NaN, "setup_model_time_total": 0.0, "setup_proc_time_mean": NaN, "setup_proc_time_total": 0.0, "train_accuracy": 0.3952399790287018, "train_loss": 1.662711294593811, "training_time_mean": NaN, "training_time_total": 0.0, "val_accuracy": 0.41609999537467957, "val_loss": 1.599336538887024, "validation_time_mean": NaN, "validation_time_total": 0.0, "samples": 60000, "num_workers": 1, "done": false, "timesteps_total": null, "episodes_total": null, "training_iteration": 6, "neg_mean_loss": -1.721045229148865, "experiment_id": "5f153137868f4e518de81ca492912955", "date": "2019-06-02_20-18-11", "timestamp": 1559531891, "time_this_iter_s": 40.95485782623291, "time_total_s": 254.91565918922424, "pid": 18838, "hostname": "steropes", "node_ip": "169.229.49.254", "config": {"starting_lr": 0.0001, "momentum": 0.99, "weight_decay": 0.001, "steps_per_iteration": null, "pin": false, "model_creator": null, "target_batch_size": 128, "model_string": "resnet50", "min_batch_size": 128, "dataset": "CIFAR", "placement": null, "use_nccl": true, "devices_per_worker": 1, "primary_resource": "extra_gpu", "gpu": false, "verbose": false, "lr_config": {"mode": "log", "steps": 5, "initial_lr": 0.0001, "target_lr": 0.0001}, "batch_per_device": 128}, "time_since_restore": 254.91565918922424, "timesteps_since_restore": 0, "iterations_since_restore": 6, "mean_throughput": 1456.1885624130311, "atoms": 1, "setup_time": 24.904473066329956}
{"apply": 0.018054986000061037, "batch_time": 0.03524929360498356, "d2h": 0.0006783008575439453, "data_time": 0.0018037060642486337, "fwd": 0.02856788635253906, "get_state_time_mean": NaN, "get_state_time_total": 0.0, "grad": 0.04812769889831543, "mean_accuracy": 0.4007399916648865, "mean_loss": 1.6533885887527469, "neg_mean_accuracy": -0.4400999844074249, "set_state_time_mean": NaN, "set_state_time_total": 0.0, "setup_model_time_mean": NaN, "setup_model_time_total": 0.0, "setup_proc_time_mean": NaN, "setup_proc_time_total": 0.0, "train_accuracy": 0.4117799997329712, "train_loss": 1.6178092029190063, "training_time_mean": NaN, "training_time_total": 0.0, "val_accuracy": 0.4400999844074249, "val_loss": 1.5452568353652953, "validation_time_mean": NaN, "validation_time_total": 0.0, "samples": 60000, "num_workers": 1, "done": false, "timesteps_total": null, "episodes_total": null, "training_iteration": 7, "neg_mean_loss": -1.6533885887527469, "experiment_id": "5f153137868f4e518de81ca492912955", "date": "2019-06-02_20-18-53", "timestamp": 1559531933, "time_this_iter_s": 41.731359243392944, "time_total_s": 296.6470184326172, "pid": 18838, "hostname": "steropes", "node_ip": "169.229.49.254", "config": {"starting_lr": 0.0001, "momentum": 0.99, "weight_decay": 0.001, "steps_per_iteration": null, "pin": false, "model_creator": null, "target_batch_size": 128, "model_string": "resnet50", "min_batch_size": 128, "dataset": "CIFAR", "placement": null, "use_nccl": true, "devices_per_worker": 1, "primary_resource": "extra_gpu", "gpu": false, "verbose": false, "lr_config": {"mode": "log", "steps": 5, "initial_lr": 0.0001, "target_lr": 0.0001}, "batch_per_device": 128}, "time_since_restore": 296.6470184326172, "timesteps_since_restore": 0, "iterations_since_restore": 7, "mean_throughput": 1452.9893022288031, "atoms": 1, "setup_time": 24.904473066329956}
{"apply": 0.017512941360473634, "batch_time": 0.03160500526428223, "d2h": 0.0006817817687988281, "data_time": 0.0017813922804030006, "fwd": 0.027883219718933105, "get_state_time_mean": NaN, "get_state_time_total": 0.0, "grad": 0.047647404670715335, "mean_accuracy": 0.42179998755455017, "mean_loss": 1.5976192669677736, "neg_mean_accuracy": -0.45729997754096985, "set_state_time_mean": NaN, "set_state_time_total": 0.0, "setup_model_time_mean": NaN, "setup_model_time_total": 0.0, "setup_proc_time_mean": NaN, "setup_proc_time_total": 0.0, "train_accuracy": 0.4256399869918823, "train_loss": 1.574832382736206, "training_time_mean": NaN, "training_time_total": 0.0, "val_accuracy": 0.45729997754096985, "val_loss": 1.5171556053161621, "validation_time_mean": NaN, "validation_time_total": 0.0, "samples": 60000, "num_workers": 1, "done": false, "timesteps_total": null, "episodes_total": null, "training_iteration": 8, "neg_mean_loss": -1.5976192669677736, "experiment_id": "5f153137868f4e518de81ca492912955", "date": "2019-06-02_20-19-34", "timestamp": 1559531974, "time_this_iter_s": 40.97517371177673, "time_total_s": 337.6221921443939, "pid": 18838, "hostname": "steropes", "node_ip": "169.229.49.254", "config": {"starting_lr": 0.0001, "momentum": 0.99, "weight_decay": 0.001, "steps_per_iteration": null, "pin": false, "model_creator": null, "target_batch_size": 128, "model_string": "resnet50", "min_batch_size": 128, "dataset": "CIFAR", "placement": null, "use_nccl": true, "devices_per_worker": 1, "primary_resource": "extra_gpu", "gpu": false, "verbose": false, "lr_config": {"mode": "log", "steps": 5, "initial_lr": 0.0001, "target_lr": 0.0001}, "batch_per_device": 128}, "time_since_restore": 337.6221921443939, "timesteps_since_restore": 0, "iterations_since_restore": 8, "mean_throughput": 1456.6496959519718, "atoms": 1, "setup_time": 24.904473066329956}
{"apply": 0.017787814140319824, "batch_time": 0.03176340573950659, "d2h": 0.0009355306625366211, "data_time": 0.0017788501651695623, "fwd": 0.027879619598388673, "get_state_time_mean": NaN, "get_state_time_total": 0.0, "grad": 0.049569010734558105, "mean_accuracy": 0.4383599877357483, "mean_loss": 1.5573193976211548, "neg_mean_accuracy": -0.4664999842643738, "set_state_time_mean": NaN, "set_state_time_total": 0.0, "setup_model_time_mean": NaN, "setup_model_time_total": 0.0, "setup_proc_time_mean": NaN, "setup_proc_time_total": 0.0, "train_accuracy": 0.44020000100135803, "train_loss": 1.540025435142517, "training_time_mean": NaN, "training_time_total": 0.0, "val_accuracy": 0.4664999842643738, "val_loss": 1.4966199655532837, "validation_time_mean": NaN, "validation_time_total": 0.0, "samples": 60000, "num_workers": 1, "done": false, "timesteps_total": null, "episodes_total": null, "training_iteration": 9, "neg_mean_loss": -1.5573193976211548, "experiment_id": "5f153137868f4e518de81ca492912955", "date": "2019-06-02_20-20-15", "timestamp": 1559532015, "time_this_iter_s": 41.152312994003296, "time_total_s": 378.7745051383972, "pid": 18838, "hostname": "steropes", "node_ip": "169.229.49.254", "config": {"starting_lr": 0.0001, "momentum": 0.99, "weight_decay": 0.001, "steps_per_iteration": null, "pin": false, "model_creator": null, "target_batch_size": 128, "model_string": "resnet50", "min_batch_size": 128, "dataset": "CIFAR", "placement": null, "use_nccl": true, "devices_per_worker": 1, "primary_resource": "extra_gpu", "gpu": false, "verbose": false, "lr_config": {"mode": "log", "steps": 5, "initial_lr": 0.0001, "target_lr": 0.0001}, "batch_per_device": 128}, "time_since_restore": 378.7745051383972, "timesteps_since_restore": 0, "iterations_since_restore": 9, "mean_throughput": 1456.5648254838502, "atoms": 1, "setup_time": 24.904473066329956}
{"apply": 0.019179630279541015, "batch_time": 0.03173733964751038, "d2h": 0.0007180929183959961, "data_time": 0.0018022786016049592, "fwd": 0.02910161018371582, "get_state_time_mean": NaN, "get_state_time_total": 0.0, "grad": 0.05118153095245361, "mean_accuracy": 0.45119998455047605, "mean_loss": 1.522340034828186, "neg_mean_accuracy": -0.47599998116493225, "set_state_time_mean": NaN, "set_state_time_total": 0.0, "setup_model_time_mean": NaN, "setup_model_time_total": 0.0, "setup_proc_time_mean": NaN, "setup_proc_time_total": 0.0, "train_accuracy": 0.44739997386932373, "train_loss": 1.5202114729690552, "training_time_mean": NaN, "training_time_total": 0.0, "val_accuracy": 0.47599998116493225, "val_loss": 1.4533312290191651, "validation_time_mean": NaN, "validation_time_total": 0.0, "samples": 60000, "num_workers": 1, "done": false, "timesteps_total": null, "episodes_total": null, "training_iteration": 10, "neg_mean_loss": -1.522340034828186, "experiment_id": "5f153137868f4e518de81ca492912955", "date": "2019-06-02_20-20-57", "timestamp": 1559532057, "time_this_iter_s": 41.49636650085449, "time_total_s": 420.2708716392517, "pid": 18838, "hostname": "steropes", "node_ip": "169.229.49.254", "config": {"starting_lr": 0.0001, "momentum": 0.99, "weight_decay": 0.001, "steps_per_iteration": null, "pin": false, "model_creator": null, "target_batch_size": 128, "model_string": "resnet50", "min_batch_size": 128, "dataset": "CIFAR", "placement": null, "use_nccl": true, "devices_per_worker": 1, "primary_resource": "extra_gpu", "gpu": false, "verbose": false, "lr_config": {"mode": "log", "steps": 5, "initial_lr": 0.0001, "target_lr": 0.0001}, "batch_per_device": 128}, "time_since_restore": 420.2708716392517, "timesteps_since_restore": 0, "iterations_since_restore": 10, "mean_throughput": 1454.1190850595617, "atoms": 1, "setup_time": 24.904473066329956}
{"apply": 0.018055176734924315, "batch_time": 0.033921280993690975, "d2h": 0.0006988048553466797, "data_time": 0.0018042554635830852, "fwd": 0.02779972553253174, "get_state_time_mean": NaN, "get_state_time_total": 0.0, "grad": 0.04748940467834473, "mean_accuracy": 0.46475998163223264, "mean_loss": 1.4911782967758178, "neg_mean_accuracy": -0.4838999807834625, "set_state_time_mean": NaN, "set_state_time_total": 0.0, "setup_model_time_mean": NaN, "setup_model_time_total": 0.0, "setup_proc_time_mean": NaN, "setup_proc_time_total": 0.0, "train_accuracy": 0.46317997574806213, "train_loss": 1.4796554578018188, "training_time_mean": NaN, "training_time_total": 0.0, "val_accuracy": 0.4838999807834625, "val_loss": 1.443527848625183, "validation_time_mean": NaN, "validation_time_total": 0.0, "samples": 60000, "num_workers": 1, "done": false, "timesteps_total": null, "episodes_total": null, "training_iteration": 11, "neg_mean_loss": -1.4911782967758178, "experiment_id": "5f153137868f4e518de81ca492912955", "date": "2019-06-02_20-21-38", "timestamp": 1559532098, "time_this_iter_s": 41.52131199836731, "time_total_s": 461.792183637619, "pid": 18838, "hostname": "steropes", "node_ip": "169.229.49.254", "config": {"starting_lr": 0.0001, "momentum": 0.99, "weight_decay": 0.001, "steps_per_iteration": null, "pin": false, "model_creator": null, "target_batch_size": 128, "model_string": "resnet50", "min_batch_size": 128, "dataset": "CIFAR", "placement": null, "use_nccl": true, "devices_per_worker": 1, "primary_resource": "extra_gpu", "gpu": false, "verbose": false, "lr_config": {"mode": "log", "steps": 5, "initial_lr": 0.0001, "target_lr": 0.0001}, "batch_per_device": 128}, "time_since_restore": 461.792183637619, "timesteps_since_restore": 0, "iterations_since_restore": 11, "mean_throughput": 1450.1374768293022, "atoms": 1, "setup_time": 24.904473066329956}
{"apply": 0.01794874668121338, "batch_time": 0.0316815768616109, "d2h": 0.0006994009017944336, "data_time": 0.001767747542437385, "fwd": 0.02818448543548584, "get_state_time_mean": NaN, "get_state_time_total": 0.0, "grad": 0.04878387451171875, "mean_accuracy": 0.47523998022079467, "mean_loss": 1.4645810366821288, "neg_mean_accuracy": -0.492499977350235, "set_state_time_mean": NaN, "set_state_time_total": 0.0, "setup_model_time_mean": NaN, "setup_model_time_total": 0.0, "setup_proc_time_mean": NaN, "setup_proc_time_total": 0.0, "train_accuracy": 0.47085997462272644, "train_loss": 1.45755692653656, "training_time_mean": NaN, "training_time_total": 0.0, "val_accuracy": 0.492499977350235, "val_loss": 1.4122705348968505, "validation_time_mean": NaN, "validation_time_total": 0.0, "samples": 60000, "num_workers": 1, "done": true, "timesteps_total": null, "episodes_total": null, "training_iteration": 12, "neg_mean_loss": -1.4645810366821288, "experiment_id": "5f153137868f4e518de81ca492912955", "date": "2019-06-02_20-22-19", "timestamp": 1559532139, "time_this_iter_s": 41.32004380226135, "time_total_s": 503.11222743988037, "pid": 18838, "hostname": "steropes", "node_ip": "169.229.49.254", "config": {"starting_lr": 0.0001, "momentum": 0.99, "weight_decay": 0.001, "steps_per_iteration": null, "pin": false, "model_creator": null, "target_batch_size": 128, "model_string": "resnet50", "min_batch_size": 128, "dataset": "CIFAR", "placement": null, "use_nccl": true, "devices_per_worker": 1, "primary_resource": "extra_gpu", "gpu": false, "verbose": false, "lr_config": {"mode": "log", "steps": 5, "initial_lr": 0.0001, "target_lr": 0.0001}, "batch_per_device": 128}, "time_since_restore": 503.11222743988037, "timesteps_since_restore": 0, "iterations_since_restore": 12, "mean_throughput": 1453.0263929199532, "atoms": 1, "setup_time": 24.904473066329956}
