apply,batch_time,d2h,data_time,fwd,get_state_time_mean,get_state_time_total,grad,mean_accuracy,mean_loss,neg_mean_accuracy,set_state_time_mean,set_state_time_total,setup_model_time_mean,setup_model_time_total,setup_proc_time_mean,setup_proc_time_total,train_accuracy,train_loss,training_time_mean,training_time_total,val_accuracy,val_loss,validation_time_mean,validation_time_total,samples,num_workers,done,timesteps_total,episodes_total,training_iteration,neg_mean_loss,experiment_id,date,timestamp,time_this_iter_s,time_total_s,pid,hostname,node_ip,config,time_since_restore,timesteps_since_restore,iterations_since_restore,mean_throughput,atoms,setup_time
0.018191885948181153,0.04186045369015464,0.0006794214248657226,0.0017658914141642772,0.11830348968505859,nan,0.0,0.17086188793182372,0.2620999813079834,2.255971781539917,-0.2620999813079834,nan,0.0,12.247550010681152,12.247550010681152,0.21051526069641113,0.21051526069641113,0.20175999402999878,2.4490792630004883,nan,0.0,0.2620999813079834,2.255971781539917,nan,0.0,60000,1,False,,,1,-2.255971781539917,6006c6842d3c48c0a9ec20a50aa614cb,2019-06-06_09-31-31,1559838691,47.64586019515991,47.64586019515991,13156,steropes,169.229.49.254,"{'starting_lr': 0.0005, 'momentum': 0.997, 'weight_decay': 0.005, 'steps_per_iteration': None, 'pin': False, 'model_creator': None, 'target_batch_size': 128, 'model_string': 'resnet50', 'min_batch_size': 128, 'dataset': 'CIFAR', 'placement': None, 'use_nccl': True, 'devices_per_worker': 1, 'primary_resource': 'extra_gpu', 'gpu': False, 'verbose': False, 'lr_config': {'mode': 'log', 'steps': 5, 'initial_lr': 0.0005, 'target_lr': 0.0005}, 'batch_per_device': 128}",47.64586019515991,0,1,1259.2883926995269,1,12.896772861480713
0.017788624763488768,0.03218839138369017,0.0008474349975585938,0.0018175837328976683,0.02853209972381592,nan,0.0,0.04797430038452148,0.31189998984336853,1.9987833877563477,-0.36169999837875366,nan,0.0,nan,0.0,nan,0.0,0.29357999563217163,2.1396550408172605,nan,0.0,0.36169999837875366,1.7415949939727784,nan,0.0,60000,1,False,,,2,-1.9987833877563477,6006c6842d3c48c0a9ec20a50aa614cb,2019-06-06_09-32-12,1559838732,41.100882053375244,88.74674224853516,13156,steropes,169.229.49.254,"{'starting_lr': 0.0005, 'momentum': 0.997, 'weight_decay': 0.005, 'steps_per_iteration': None, 'pin': False, 'model_creator': None, 'target_batch_size': 128, 'model_string': 'resnet50', 'min_batch_size': 128, 'dataset': 'CIFAR', 'placement': None, 'use_nccl': True, 'devices_per_worker': 1, 'primary_resource': 'extra_gpu', 'gpu': False, 'verbose': False, 'lr_config': {'mode': 'log', 'steps': 5, 'initial_lr': 0.0005, 'target_lr': 0.0005}, 'batch_per_device': 128}",88.74674224853516,0,2,1352.1596000502504,1,12.896772861480713
0.019902753829956054,0.032952704007112525,0.0007219791412353515,0.0018344815734707182,0.02929394245147705,nan,0.0,0.04949707984924316,0.3364333212375641,1.8944743016560874,-0.3854999840259552,nan,0.0,nan,0.0,nan,0.0,0.35155999660491943,1.8434881143951416,nan,0.0,0.3854999840259552,1.6858561294555665,nan,0.0,60000,1,False,,,3,-1.8944743016560874,6006c6842d3c48c0a9ec20a50aa614cb,2019-06-06_09-32-53,1559838773,41.29934763908386,130.04608988761902,13156,steropes,169.229.49.254,"{'starting_lr': 0.0005, 'momentum': 0.997, 'weight_decay': 0.005, 'steps_per_iteration': None, 'pin': False, 'model_creator': None, 'target_batch_size': 128, 'model_string': 'resnet50', 'min_batch_size': 128, 'dataset': 'CIFAR', 'placement': None, 'use_nccl': True, 'devices_per_worker': 1, 'primary_resource': 'extra_gpu', 'gpu': False, 'verbose': False, 'lr_config': {'mode': 'log', 'steps': 5, 'initial_lr': 0.0005, 'target_lr': 0.0005}, 'batch_per_device': 128}",130.04608988761902,0,3,1384.1204429560328,1,12.896772861480713
0.01829545497894287,0.03169254411624957,0.0007067680358886719,0.0018248198282383287,0.028288722038269043,nan,0.0,0.04791648387908935,0.3479499891400337,1.8466045997142793,-0.3824999928474426,nan,0.0,nan,0.0,nan,0.0,0.3790999948978424,1.737440232925415,nan,0.0,0.3824999928474426,1.702995493888855,nan,0.0,60000,1,False,,,4,-1.8466045997142793,6006c6842d3c48c0a9ec20a50aa614cb,2019-06-06_09-33-34,1559838814,41.113919258117676,171.1600091457367,13156,steropes,169.229.49.254,"{'starting_lr': 0.0005, 'momentum': 0.997, 'weight_decay': 0.005, 'steps_per_iteration': None, 'pin': False, 'model_creator': None, 'target_batch_size': 128, 'model_string': 'resnet50', 'min_batch_size': 128, 'dataset': 'CIFAR', 'placement': None, 'use_nccl': True, 'devices_per_worker': 1, 'primary_resource': 'extra_gpu', 'gpu': False, 'verbose': False, 'lr_config': {'mode': 'log', 'steps': 5, 'initial_lr': 0.0005, 'target_lr': 0.0005}, 'batch_per_device': 128}",171.1600091457367,0,4,1402.1927604291504,1,12.896772861480713
0.01777150630950928,0.03458476368385025,0.0007269144058227539,0.0017955297094476802,0.027996015548706055,nan,0.0,0.04772348403930664,0.36999998688697816,1.7807609003448488,-0.45819997787475586,nan,0.0,nan,0.0,nan,0.0,0.41449999809265137,1.612673702697754,nan,0.0,0.45819997787475586,1.5173861028671265,nan,0.0,60000,1,False,,,5,-1.7807609003448488,6006c6842d3c48c0a9ec20a50aa614cb,2019-06-06_09-34-15,1559838855,41.00868821144104,212.16869735717773,13156,steropes,169.229.49.254,"{'starting_lr': 0.0005, 'momentum': 0.997, 'weight_decay': 0.005, 'steps_per_iteration': None, 'pin': False, 'model_creator': None, 'target_batch_size': 128, 'model_string': 'resnet50', 'min_batch_size': 128, 'dataset': 'CIFAR', 'placement': None, 'use_nccl': True, 'devices_per_worker': 1, 'primary_resource': 'extra_gpu', 'gpu': False, 'verbose': False, 'lr_config': {'mode': 'log', 'steps': 5, 'initial_lr': 0.0005, 'target_lr': 0.0005}, 'batch_per_device': 128}",212.16869735717773,0,5,1413.965339454358,1,12.896772861480713
0.018836498260498047,0.03338916392265996,0.0006997346878051758,0.0018023731153639381,0.02891845703125,nan,0.0,0.049640321731567384,0.4145599901676178,1.6140703459167483,-0.48489999771118164,nan,0.0,nan,0.0,nan,0.0,0.4490799903869629,1.5192003749084473,nan,0.0,0.48489999771118164,1.422519009399414,nan,0.0,60000,1,False,,,6,-1.6140703459167483,6006c6842d3c48c0a9ec20a50aa614cb,2019-06-06_09-34-57,1559838897,41.41192293167114,253.58062028884888,13156,steropes,169.229.49.254,"{'starting_lr': 0.0005, 'momentum': 0.997, 'weight_decay': 0.005, 'steps_per_iteration': None, 'pin': False, 'model_creator': None, 'target_batch_size': 128, 'model_string': 'resnet50', 'min_batch_size': 128, 'dataset': 'CIFAR', 'placement': None, 'use_nccl': True, 'devices_per_worker': 1, 'primary_resource': 'extra_gpu', 'gpu': False, 'verbose': False, 'lr_config': {'mode': 'log', 'steps': 5, 'initial_lr': 0.0005, 'target_lr': 0.0005}, 'batch_per_device': 128}",253.58062028884888,0,6,1456.7680974432988,1,12.896772861480713
0.018210434913635255,0.032101338422751126,0.0007837772369384766,0.0018317443330574524,0.028493285179138184,nan,0.0,0.04889509677886963,0.44095999002456665,1.5456490396118163,-0.4936999976634979,nan,0.0,nan,0.0,nan,0.0,0.48155999183654785,1.4426343383407594,nan,0.0,0.4936999976634979,1.39948846244812,nan,0.0,60000,1,False,,,7,-1.5456490396118163,6006c6842d3c48c0a9ec20a50aa614cb,2019-06-06_09-35-38,1559838938,41.137308835983276,294.71792912483215,13156,steropes,169.229.49.254,"{'starting_lr': 0.0005, 'momentum': 0.997, 'weight_decay': 0.005, 'steps_per_iteration': None, 'pin': False, 'model_creator': None, 'target_batch_size': 128, 'model_string': 'resnet50', 'min_batch_size': 128, 'dataset': 'CIFAR', 'placement': None, 'use_nccl': True, 'devices_per_worker': 1, 'primary_resource': 'extra_gpu', 'gpu': False, 'verbose': False, 'lr_config': {'mode': 'log', 'steps': 5, 'initial_lr': 0.0005, 'target_lr': 0.0005}, 'batch_per_device': 128}",294.71792912483215,0,7,1456.5105019748594,1,12.896772861480713
0.019113922119140626,0.03190861472600623,0.00076751708984375,0.0018485183910945493,0.02911531925201416,nan,0.0,0.04833178520202637,0.4721399962902069,1.46153997341156,-0.5414000153541565,nan,0.0,nan,0.0,nan,0.0,0.5095999836921692,1.35920328414917,nan,0.0,0.5414000153541565,1.2653107984542846,nan,0.0,60000,1,False,,,8,-1.46153997341156,6006c6842d3c48c0a9ec20a50aa614cb,2019-06-06_09-36-19,1559838979,41.19996237754822,335.91789150238037,13156,steropes,169.229.49.254,"{'starting_lr': 0.0005, 'momentum': 0.997, 'weight_decay': 0.005, 'steps_per_iteration': None, 'pin': False, 'model_creator': None, 'target_batch_size': 128, 'model_string': 'resnet50', 'min_batch_size': 128, 'dataset': 'CIFAR', 'placement': None, 'use_nccl': True, 'devices_per_worker': 1, 'primary_resource': 'extra_gpu', 'gpu': False, 'verbose': False, 'lr_config': {'mode': 'log', 'steps': 5, 'initial_lr': 0.0005, 'target_lr': 0.0005}, 'batch_per_device': 128}",335.91789150238037,0,8,1457.214607178761,1,12.896772861480713
0.01890420913696289,0.03195089328138134,0.0007460355758666992,0.0017878393382977343,0.029292750358581542,nan,0.0,0.04863185882568359,0.5099399983882904,1.364353063430786,-0.5715000033378601,nan,0.0,nan,0.0,nan,0.0,0.5416799783706665,1.2818616679000854,nan,0.0,0.5715000033378601,1.2170609439849853,nan,0.0,60000,1,True,,,9,-1.364353063430786,6006c6842d3c48c0a9ec20a50aa614cb,2019-06-06_09-37-00,1559839020,40.952616691589355,376.8705081939697,13156,steropes,169.229.49.254,"{'starting_lr': 0.0005, 'momentum': 0.997, 'weight_decay': 0.005, 'steps_per_iteration': None, 'pin': False, 'model_creator': None, 'target_batch_size': 128, 'model_string': 'resnet50', 'min_batch_size': 128, 'dataset': 'CIFAR', 'placement': None, 'use_nccl': True, 'devices_per_worker': 1, 'primary_resource': 'extra_gpu', 'gpu': False, 'verbose': False, 'lr_config': {'mode': 'log', 'steps': 5, 'initial_lr': 0.0005, 'target_lr': 0.0005}, 'batch_per_device': 128}",376.8705081939697,0,9,1458.357284273389,1,12.896772861480713
