{"apply": 0.018191885948181153, "batch_time": 0.04186045369015464, "d2h": 0.0006794214248657226, "data_time": 0.0017658914141642772, "fwd": 0.11830348968505859, "get_state_time_mean": NaN, "get_state_time_total": 0.0, "grad": 0.17086188793182372, "mean_accuracy": 0.2620999813079834, "mean_loss": 2.255971781539917, "neg_mean_accuracy": -0.2620999813079834, "set_state_time_mean": NaN, "set_state_time_total": 0.0, "setup_model_time_mean": 12.247550010681152, "setup_model_time_total": 12.247550010681152, "setup_proc_time_mean": 0.21051526069641113, "setup_proc_time_total": 0.21051526069641113, "train_accuracy": 0.20175999402999878, "train_loss": 2.4490792630004883, "training_time_mean": NaN, "training_time_total": 0.0, "val_accuracy": 0.2620999813079834, "val_loss": 2.255971781539917, "validation_time_mean": NaN, "validation_time_total": 0.0, "samples": 60000, "num_workers": 1, "done": false, "timesteps_total": null, "episodes_total": null, "training_iteration": 1, "neg_mean_loss": -2.255971781539917, "experiment_id": "6006c6842d3c48c0a9ec20a50aa614cb", "date": "2019-06-06_09-31-31", "timestamp": 1559838691, "time_this_iter_s": 47.64586019515991, "time_total_s": 47.64586019515991, "pid": 13156, "hostname": "steropes", "node_ip": "169.229.49.254", "config": {"starting_lr": 0.0005, "momentum": 0.997, "weight_decay": 0.005, "steps_per_iteration": null, "pin": false, "model_creator": null, "target_batch_size": 128, "model_string": "resnet50", "min_batch_size": 128, "dataset": "CIFAR", "placement": null, "use_nccl": true, "devices_per_worker": 1, "primary_resource": "extra_gpu", "gpu": false, "verbose": false, "lr_config": {"mode": "log", "steps": 5, "initial_lr": 0.0005, "target_lr": 0.0005}, "batch_per_device": 128}, "time_since_restore": 47.64586019515991, "timesteps_since_restore": 0, "iterations_since_restore": 1, "mean_throughput": 1259.2883926995269, "atoms": 1, "setup_time": 12.896772861480713}
{"apply": 0.017788624763488768, "batch_time": 0.03218839138369017, "d2h": 0.0008474349975585938, "data_time": 0.0018175837328976683, "fwd": 0.02853209972381592, "get_state_time_mean": NaN, "get_state_time_total": 0.0, "grad": 0.04797430038452148, "mean_accuracy": 0.31189998984336853, "mean_loss": 1.9987833877563477, "neg_mean_accuracy": -0.36169999837875366, "set_state_time_mean": NaN, "set_state_time_total": 0.0, "setup_model_time_mean": NaN, "setup_model_time_total": 0.0, "setup_proc_time_mean": NaN, "setup_proc_time_total": 0.0, "train_accuracy": 0.29357999563217163, "train_loss": 2.1396550408172605, "training_time_mean": NaN, "training_time_total": 0.0, "val_accuracy": 0.36169999837875366, "val_loss": 1.7415949939727784, "validation_time_mean": NaN, "validation_time_total": 0.0, "samples": 60000, "num_workers": 1, "done": false, "timesteps_total": null, "episodes_total": null, "training_iteration": 2, "neg_mean_loss": -1.9987833877563477, "experiment_id": "6006c6842d3c48c0a9ec20a50aa614cb", "date": "2019-06-06_09-32-12", "timestamp": 1559838732, "time_this_iter_s": 41.100882053375244, "time_total_s": 88.74674224853516, "pid": 13156, "hostname": "steropes", "node_ip": "169.229.49.254", "config": {"starting_lr": 0.0005, "momentum": 0.997, "weight_decay": 0.005, "steps_per_iteration": null, "pin": false, "model_creator": null, "target_batch_size": 128, "model_string": "resnet50", "min_batch_size": 128, "dataset": "CIFAR", "placement": null, "use_nccl": true, "devices_per_worker": 1, "primary_resource": "extra_gpu", "gpu": false, "verbose": false, "lr_config": {"mode": "log", "steps": 5, "initial_lr": 0.0005, "target_lr": 0.0005}, "batch_per_device": 128}, "time_since_restore": 88.74674224853516, "timesteps_since_restore": 0, "iterations_since_restore": 2, "mean_throughput": 1352.1596000502504, "atoms": 1, "setup_time": 12.896772861480713}
{"apply": 0.019902753829956054, "batch_time": 0.032952704007112525, "d2h": 0.0007219791412353515, "data_time": 0.0018344815734707182, "fwd": 0.02929394245147705, "get_state_time_mean": NaN, "get_state_time_total": 0.0, "grad": 0.04949707984924316, "mean_accuracy": 0.3364333212375641, "mean_loss": 1.8944743016560874, "neg_mean_accuracy": -0.3854999840259552, "set_state_time_mean": NaN, "set_state_time_total": 0.0, "setup_model_time_mean": NaN, "setup_model_time_total": 0.0, "setup_proc_time_mean": NaN, "setup_proc_time_total": 0.0, "train_accuracy": 0.35155999660491943, "train_loss": 1.8434881143951416, "training_time_mean": NaN, "training_time_total": 0.0, "val_accuracy": 0.3854999840259552, "val_loss": 1.6858561294555665, "validation_time_mean": NaN, "validation_time_total": 0.0, "samples": 60000, "num_workers": 1, "done": false, "timesteps_total": null, "episodes_total": null, "training_iteration": 3, "neg_mean_loss": -1.8944743016560874, "experiment_id": "6006c6842d3c48c0a9ec20a50aa614cb", "date": "2019-06-06_09-32-53", "timestamp": 1559838773, "time_this_iter_s": 41.29934763908386, "time_total_s": 130.04608988761902, "pid": 13156, "hostname": "steropes", "node_ip": "169.229.49.254", "config": {"starting_lr": 0.0005, "momentum": 0.997, "weight_decay": 0.005, "steps_per_iteration": null, "pin": false, "model_creator": null, "target_batch_size": 128, "model_string": "resnet50", "min_batch_size": 128, "dataset": "CIFAR", "placement": null, "use_nccl": true, "devices_per_worker": 1, "primary_resource": "extra_gpu", "gpu": false, "verbose": false, "lr_config": {"mode": "log", "steps": 5, "initial_lr": 0.0005, "target_lr": 0.0005}, "batch_per_device": 128}, "time_since_restore": 130.04608988761902, "timesteps_since_restore": 0, "iterations_since_restore": 3, "mean_throughput": 1384.1204429560328, "atoms": 1, "setup_time": 12.896772861480713}
{"apply": 0.01829545497894287, "batch_time": 0.03169254411624957, "d2h": 0.0007067680358886719, "data_time": 0.0018248198282383287, "fwd": 0.028288722038269043, "get_state_time_mean": NaN, "get_state_time_total": 0.0, "grad": 0.04791648387908935, "mean_accuracy": 0.3479499891400337, "mean_loss": 1.8466045997142793, "neg_mean_accuracy": -0.3824999928474426, "set_state_time_mean": NaN, "set_state_time_total": 0.0, "setup_model_time_mean": NaN, "setup_model_time_total": 0.0, "setup_proc_time_mean": NaN, "setup_proc_time_total": 0.0, "train_accuracy": 0.3790999948978424, "train_loss": 1.737440232925415, "training_time_mean": NaN, "training_time_total": 0.0, "val_accuracy": 0.3824999928474426, "val_loss": 1.702995493888855, "validation_time_mean": NaN, "validation_time_total": 0.0, "samples": 60000, "num_workers": 1, "done": false, "timesteps_total": null, "episodes_total": null, "training_iteration": 4, "neg_mean_loss": -1.8466045997142793, "experiment_id": "6006c6842d3c48c0a9ec20a50aa614cb", "date": "2019-06-06_09-33-34", "timestamp": 1559838814, "time_this_iter_s": 41.113919258117676, "time_total_s": 171.1600091457367, "pid": 13156, "hostname": "steropes", "node_ip": "169.229.49.254", "config": {"starting_lr": 0.0005, "momentum": 0.997, "weight_decay": 0.005, "steps_per_iteration": null, "pin": false, "model_creator": null, "target_batch_size": 128, "model_string": "resnet50", "min_batch_size": 128, "dataset": "CIFAR", "placement": null, "use_nccl": true, "devices_per_worker": 1, "primary_resource": "extra_gpu", "gpu": false, "verbose": false, "lr_config": {"mode": "log", "steps": 5, "initial_lr": 0.0005, "target_lr": 0.0005}, "batch_per_device": 128}, "time_since_restore": 171.1600091457367, "timesteps_since_restore": 0, "iterations_since_restore": 4, "mean_throughput": 1402.1927604291504, "atoms": 1, "setup_time": 12.896772861480713}
{"apply": 0.01777150630950928, "batch_time": 0.03458476368385025, "d2h": 0.0007269144058227539, "data_time": 0.0017955297094476802, "fwd": 0.027996015548706055, "get_state_time_mean": NaN, "get_state_time_total": 0.0, "grad": 0.04772348403930664, "mean_accuracy": 0.36999998688697816, "mean_loss": 1.7807609003448488, "neg_mean_accuracy": -0.45819997787475586, "set_state_time_mean": NaN, "set_state_time_total": 0.0, "setup_model_time_mean": NaN, "setup_model_time_total": 0.0, "setup_proc_time_mean": NaN, "setup_proc_time_total": 0.0, "train_accuracy": 0.41449999809265137, "train_loss": 1.612673702697754, "training_time_mean": NaN, "training_time_total": 0.0, "val_accuracy": 0.45819997787475586, "val_loss": 1.5173861028671265, "validation_time_mean": NaN, "validation_time_total": 0.0, "samples": 60000, "num_workers": 1, "done": false, "timesteps_total": null, "episodes_total": null, "training_iteration": 5, "neg_mean_loss": -1.7807609003448488, "experiment_id": "6006c6842d3c48c0a9ec20a50aa614cb", "date": "2019-06-06_09-34-15", "timestamp": 1559838855, "time_this_iter_s": 41.00868821144104, "time_total_s": 212.16869735717773, "pid": 13156, "hostname": "steropes", "node_ip": "169.229.49.254", "config": {"starting_lr": 0.0005, "momentum": 0.997, "weight_decay": 0.005, "steps_per_iteration": null, "pin": false, "model_creator": null, "target_batch_size": 128, "model_string": "resnet50", "min_batch_size": 128, "dataset": "CIFAR", "placement": null, "use_nccl": true, "devices_per_worker": 1, "primary_resource": "extra_gpu", "gpu": false, "verbose": false, "lr_config": {"mode": "log", "steps": 5, "initial_lr": 0.0005, "target_lr": 0.0005}, "batch_per_device": 128}, "time_since_restore": 212.16869735717773, "timesteps_since_restore": 0, "iterations_since_restore": 5, "mean_throughput": 1413.965339454358, "atoms": 1, "setup_time": 12.896772861480713}
{"apply": 0.018836498260498047, "batch_time": 0.03338916392265996, "d2h": 0.0006997346878051758, "data_time": 0.0018023731153639381, "fwd": 0.02891845703125, "get_state_time_mean": NaN, "get_state_time_total": 0.0, "grad": 0.049640321731567384, "mean_accuracy": 0.4145599901676178, "mean_loss": 1.6140703459167483, "neg_mean_accuracy": -0.48489999771118164, "set_state_time_mean": NaN, "set_state_time_total": 0.0, "setup_model_time_mean": NaN, "setup_model_time_total": 0.0, "setup_proc_time_mean": NaN, "setup_proc_time_total": 0.0, "train_accuracy": 0.4490799903869629, "train_loss": 1.5192003749084473, "training_time_mean": NaN, "training_time_total": 0.0, "val_accuracy": 0.48489999771118164, "val_loss": 1.422519009399414, "validation_time_mean": NaN, "validation_time_total": 0.0, "samples": 60000, "num_workers": 1, "done": false, "timesteps_total": null, "episodes_total": null, "training_iteration": 6, "neg_mean_loss": -1.6140703459167483, "experiment_id": "6006c6842d3c48c0a9ec20a50aa614cb", "date": "2019-06-06_09-34-57", "timestamp": 1559838897, "time_this_iter_s": 41.41192293167114, "time_total_s": 253.58062028884888, "pid": 13156, "hostname": "steropes", "node_ip": "169.229.49.254", "config": {"starting_lr": 0.0005, "momentum": 0.997, "weight_decay": 0.005, "steps_per_iteration": null, "pin": false, "model_creator": null, "target_batch_size": 128, "model_string": "resnet50", "min_batch_size": 128, "dataset": "CIFAR", "placement": null, "use_nccl": true, "devices_per_worker": 1, "primary_resource": "extra_gpu", "gpu": false, "verbose": false, "lr_config": {"mode": "log", "steps": 5, "initial_lr": 0.0005, "target_lr": 0.0005}, "batch_per_device": 128}, "time_since_restore": 253.58062028884888, "timesteps_since_restore": 0, "iterations_since_restore": 6, "mean_throughput": 1456.7680974432988, "atoms": 1, "setup_time": 12.896772861480713}
{"apply": 0.018210434913635255, "batch_time": 0.032101338422751126, "d2h": 0.0007837772369384766, "data_time": 0.0018317443330574524, "fwd": 0.028493285179138184, "get_state_time_mean": NaN, "get_state_time_total": 0.0, "grad": 0.04889509677886963, "mean_accuracy": 0.44095999002456665, "mean_loss": 1.5456490396118163, "neg_mean_accuracy": -0.4936999976634979, "set_state_time_mean": NaN, "set_state_time_total": 0.0, "setup_model_time_mean": NaN, "setup_model_time_total": 0.0, "setup_proc_time_mean": NaN, "setup_proc_time_total": 0.0, "train_accuracy": 0.48155999183654785, "train_loss": 1.4426343383407594, "training_time_mean": NaN, "training_time_total": 0.0, "val_accuracy": 0.4936999976634979, "val_loss": 1.39948846244812, "validation_time_mean": NaN, "validation_time_total": 0.0, "samples": 60000, "num_workers": 1, "done": false, "timesteps_total": null, "episodes_total": null, "training_iteration": 7, "neg_mean_loss": -1.5456490396118163, "experiment_id": "6006c6842d3c48c0a9ec20a50aa614cb", "date": "2019-06-06_09-35-38", "timestamp": 1559838938, "time_this_iter_s": 41.137308835983276, "time_total_s": 294.71792912483215, "pid": 13156, "hostname": "steropes", "node_ip": "169.229.49.254", "config": {"starting_lr": 0.0005, "momentum": 0.997, "weight_decay": 0.005, "steps_per_iteration": null, "pin": false, "model_creator": null, "target_batch_size": 128, "model_string": "resnet50", "min_batch_size": 128, "dataset": "CIFAR", "placement": null, "use_nccl": true, "devices_per_worker": 1, "primary_resource": "extra_gpu", "gpu": false, "verbose": false, "lr_config": {"mode": "log", "steps": 5, "initial_lr": 0.0005, "target_lr": 0.0005}, "batch_per_device": 128}, "time_since_restore": 294.71792912483215, "timesteps_since_restore": 0, "iterations_since_restore": 7, "mean_throughput": 1456.5105019748594, "atoms": 1, "setup_time": 12.896772861480713}
{"apply": 0.019113922119140626, "batch_time": 0.03190861472600623, "d2h": 0.00076751708984375, "data_time": 0.0018485183910945493, "fwd": 0.02911531925201416, "get_state_time_mean": NaN, "get_state_time_total": 0.0, "grad": 0.04833178520202637, "mean_accuracy": 0.4721399962902069, "mean_loss": 1.46153997341156, "neg_mean_accuracy": -0.5414000153541565, "set_state_time_mean": NaN, "set_state_time_total": 0.0, "setup_model_time_mean": NaN, "setup_model_time_total": 0.0, "setup_proc_time_mean": NaN, "setup_proc_time_total": 0.0, "train_accuracy": 0.5095999836921692, "train_loss": 1.35920328414917, "training_time_mean": NaN, "training_time_total": 0.0, "val_accuracy": 0.5414000153541565, "val_loss": 1.2653107984542846, "validation_time_mean": NaN, "validation_time_total": 0.0, "samples": 60000, "num_workers": 1, "done": false, "timesteps_total": null, "episodes_total": null, "training_iteration": 8, "neg_mean_loss": -1.46153997341156, "experiment_id": "6006c6842d3c48c0a9ec20a50aa614cb", "date": "2019-06-06_09-36-19", "timestamp": 1559838979, "time_this_iter_s": 41.19996237754822, "time_total_s": 335.91789150238037, "pid": 13156, "hostname": "steropes", "node_ip": "169.229.49.254", "config": {"starting_lr": 0.0005, "momentum": 0.997, "weight_decay": 0.005, "steps_per_iteration": null, "pin": false, "model_creator": null, "target_batch_size": 128, "model_string": "resnet50", "min_batch_size": 128, "dataset": "CIFAR", "placement": null, "use_nccl": true, "devices_per_worker": 1, "primary_resource": "extra_gpu", "gpu": false, "verbose": false, "lr_config": {"mode": "log", "steps": 5, "initial_lr": 0.0005, "target_lr": 0.0005}, "batch_per_device": 128}, "time_since_restore": 335.91789150238037, "timesteps_since_restore": 0, "iterations_since_restore": 8, "mean_throughput": 1457.214607178761, "atoms": 1, "setup_time": 12.896772861480713}
{"apply": 0.01890420913696289, "batch_time": 0.03195089328138134, "d2h": 0.0007460355758666992, "data_time": 0.0017878393382977343, "fwd": 0.029292750358581542, "get_state_time_mean": NaN, "get_state_time_total": 0.0, "grad": 0.04863185882568359, "mean_accuracy": 0.5099399983882904, "mean_loss": 1.364353063430786, "neg_mean_accuracy": -0.5715000033378601, "set_state_time_mean": NaN, "set_state_time_total": 0.0, "setup_model_time_mean": NaN, "setup_model_time_total": 0.0, "setup_proc_time_mean": NaN, "setup_proc_time_total": 0.0, "train_accuracy": 0.5416799783706665, "train_loss": 1.2818616679000854, "training_time_mean": NaN, "training_time_total": 0.0, "val_accuracy": 0.5715000033378601, "val_loss": 1.2170609439849853, "validation_time_mean": NaN, "validation_time_total": 0.0, "samples": 60000, "num_workers": 1, "done": true, "timesteps_total": null, "episodes_total": null, "training_iteration": 9, "neg_mean_loss": -1.364353063430786, "experiment_id": "6006c6842d3c48c0a9ec20a50aa614cb", "date": "2019-06-06_09-37-00", "timestamp": 1559839020, "time_this_iter_s": 40.952616691589355, "time_total_s": 376.8705081939697, "pid": 13156, "hostname": "steropes", "node_ip": "169.229.49.254", "config": {"starting_lr": 0.0005, "momentum": 0.997, "weight_decay": 0.005, "steps_per_iteration": null, "pin": false, "model_creator": null, "target_batch_size": 128, "model_string": "resnet50", "min_batch_size": 128, "dataset": "CIFAR", "placement": null, "use_nccl": true, "devices_per_worker": 1, "primary_resource": "extra_gpu", "gpu": false, "verbose": false, "lr_config": {"mode": "log", "steps": 5, "initial_lr": 0.0005, "target_lr": 0.0005}, "batch_per_device": 128}, "time_since_restore": 376.8705081939697, "timesteps_since_restore": 0, "iterations_since_restore": 9, "mean_throughput": 1458.357284273389, "atoms": 1, "setup_time": 12.896772861480713}
