{"apply": 0.020021939277648927, "batch_time": 0.04163692269144179, "d2h": 0.0007261514663696289, "data_time": 0.001900135098820757, "fwd": 0.11954391002655029, "get_state_time_mean": NaN, "get_state_time_total": 0.0, "grad": 0.26180615425109866, "mean_accuracy": 0.11429999768733978, "mean_loss": 2.6464994552612304, "neg_mean_accuracy": -0.11429999768733978, "set_state_time_mean": NaN, "set_state_time_total": 0.0, "setup_model_time_mean": 10.02591609954834, "setup_model_time_total": 10.02591609954834, "setup_proc_time_mean": 0.13243508338928223, "setup_proc_time_total": 0.13243508338928223, "train_accuracy": 0.11319999396800995, "train_loss": 4.347211475982666, "training_time_mean": NaN, "training_time_total": 0.0, "val_accuracy": 0.11429999768733978, "val_loss": 2.6464994552612304, "validation_time_mean": NaN, "validation_time_total": 0.0, "samples": 60000, "num_workers": 1, "done": false, "timesteps_total": null, "episodes_total": null, "training_iteration": 1, "neg_mean_loss": -2.6464994552612304, "experiment_id": "ed11d9177e8e4ca7b47ba364da35235e", "date": "2019-06-02_20-37-33", "timestamp": 1559533053, "time_this_iter_s": 48.860548973083496, "time_total_s": 48.860548973083496, "pid": 6274, "hostname": "steropes", "node_ip": "169.229.49.254", "config": {"starting_lr": 0.05, "momentum": 0.99, "weight_decay": 0.005, "steps_per_iteration": null, "pin": false, "model_creator": null, "target_batch_size": 128, "model_string": "resnet50", "min_batch_size": 128, "dataset": "CIFAR", "placement": null, "use_nccl": true, "devices_per_worker": 1, "primary_resource": "extra_gpu", "gpu": false, "verbose": false, "lr_config": {"mode": "log", "steps": 5, "initial_lr": 0.05, "target_lr": 0.05}, "batch_per_device": 128}, "time_since_restore": 48.860548973083496, "timesteps_since_restore": 0, "iterations_since_restore": 1, "mean_throughput": 1227.9812099506541, "atoms": 1, "setup_time": 10.272139072418213}
{"apply": 0.019477319717407227, "batch_time": 0.032074710990809184, "d2h": 0.0008077621459960938, "data_time": 0.0018184032586529432, "fwd": 0.0291367769241333, "get_state_time_mean": NaN, "get_state_time_total": 0.0, "grad": 0.04872803688049317, "mean_accuracy": 0.15684999525547028, "mean_loss": 2.76934961643219, "neg_mean_accuracy": -0.19939999282360077, "set_state_time_mean": NaN, "set_state_time_total": 0.0, "setup_model_time_mean": NaN, "setup_model_time_total": 0.0, "setup_proc_time_mean": NaN, "setup_proc_time_total": 0.0, "train_accuracy": 0.20705999433994293, "train_loss": 2.2304089432525633, "training_time_mean": NaN, "training_time_total": 0.0, "val_accuracy": 0.19939999282360077, "val_loss": 2.8921997776031496, "validation_time_mean": NaN, "validation_time_total": 0.0, "samples": 60000, "num_workers": 1, "done": false, "timesteps_total": null, "episodes_total": null, "training_iteration": 2, "neg_mean_loss": -2.76934961643219, "experiment_id": "ed11d9177e8e4ca7b47ba364da35235e", "date": "2019-06-02_20-38-15", "timestamp": 1559533095, "time_this_iter_s": 42.51677918434143, "time_total_s": 91.37732815742493, "pid": 6274, "hostname": "steropes", "node_ip": "169.229.49.254", "config": {"starting_lr": 0.05, "momentum": 0.99, "weight_decay": 0.005, "steps_per_iteration": null, "pin": false, "model_creator": null, "target_batch_size": 128, "model_string": "resnet50", "min_batch_size": 128, "dataset": "CIFAR", "placement": null, "use_nccl": true, "devices_per_worker": 1, "primary_resource": "extra_gpu", "gpu": false, "verbose": false, "lr_config": {"mode": "log", "steps": 5, "initial_lr": 0.05, "target_lr": 0.05}, "batch_per_device": 128}, "time_since_restore": 91.37732815742493, "timesteps_since_restore": 0, "iterations_since_restore": 2, "mean_throughput": 1313.232960186131, "atoms": 1, "setup_time": 10.272139072418213}
{"apply": 0.019411587715148927, "batch_time": 0.03543556491030923, "d2h": 0.0007674694061279297, "data_time": 0.0018097378713700474, "fwd": 0.028575754165649413, "get_state_time_mean": NaN, "get_state_time_total": 0.0, "grad": 0.04872074127197266, "mean_accuracy": 0.179299995303154, "mean_loss": 2.546676116689046, "neg_mean_accuracy": -0.22419999539852142, "set_state_time_mean": NaN, "set_state_time_total": 0.0, "setup_model_time_mean": NaN, "setup_model_time_total": 0.0, "setup_proc_time_mean": NaN, "setup_proc_time_total": 0.0, "train_accuracy": 0.254040002822876, "train_loss": 2.009738603820801, "training_time_mean": NaN, "training_time_total": 0.0, "val_accuracy": 0.22419999539852142, "val_loss": 2.101329117202759, "validation_time_mean": NaN, "validation_time_total": 0.0, "samples": 60000, "num_workers": 1, "done": true, "timesteps_total": null, "episodes_total": null, "training_iteration": 3, "neg_mean_loss": -2.546676116689046, "experiment_id": "ed11d9177e8e4ca7b47ba364da35235e", "date": "2019-06-02_20-38-58", "timestamp": 1559533138, "time_this_iter_s": 42.60038661956787, "time_total_s": 133.9777147769928, "pid": 6274, "hostname": "steropes", "node_ip": "169.229.49.254", "config": {"starting_lr": 0.05, "momentum": 0.99, "weight_decay": 0.005, "steps_per_iteration": null, "pin": false, "model_creator": null, "target_batch_size": 128, "model_string": "resnet50", "min_batch_size": 128, "dataset": "CIFAR", "placement": null, "use_nccl": true, "devices_per_worker": 1, "primary_resource": "extra_gpu", "gpu": false, "verbose": false, "lr_config": {"mode": "log", "steps": 5, "initial_lr": 0.05, "target_lr": 0.05}, "batch_per_device": 128}, "time_since_restore": 133.9777147769928, "timesteps_since_restore": 0, "iterations_since_restore": 3, "mean_throughput": 1343.5041055470242, "atoms": 1, "setup_time": 10.272139072418213}
