apply,batch_time,d2h,data_time,fwd,get_state_time_mean,get_state_time_total,grad,mean_accuracy,mean_loss,neg_mean_accuracy,set_state_time_mean,set_state_time_total,setup_model_time_mean,setup_model_time_total,setup_proc_time_mean,setup_proc_time_total,train_accuracy,train_loss,training_time_mean,training_time_total,val_accuracy,val_loss,validation_time_mean,validation_time_total,samples,num_workers,done,timesteps_total,episodes_total,training_iteration,neg_mean_loss,experiment_id,date,timestamp,time_this_iter_s,time_total_s,pid,hostname,node_ip,config,time_since_restore,timesteps_since_restore,iterations_since_restore,mean_throughput,atoms,setup_time
0.018111634254455566,0.04293065131465091,0.0007221221923828125,0.001887487938337009,0.11978490352630615,nan,0.0,0.16374189853668214,0.2726999819278717,2.010833455657959,-0.2726999819278717,nan,0.0,8.355958938598633,8.355958938598633,0.4275703430175781,0.4275703430175781,0.18911999464035034,2.3564793380737306,nan,0.0,0.2726999819278717,2.010833455657959,nan,0.0,60000,1,False,,,1,-2.010833455657959,f81fd289f2a7452e8d4fce45a11f3edf,2019-06-06_13-23-54,1559852634,46.30178689956665,46.30178689956665,14620,steropes,169.229.49.254,"{'starting_lr': 0.0005, 'momentum': 0.95, 'weight_decay': 0.0005, 'steps_per_iteration': None, 'pin': False, 'model_creator': None, 'target_batch_size': 128, 'model_string': 'resnet50', 'min_batch_size': 128, 'dataset': 'CIFAR', 'placement': None, 'use_nccl': True, 'devices_per_worker': 1, 'primary_resource': 'extra_gpu', 'gpu': False, 'verbose': False, 'lr_config': {'mode': 'log', 'steps': 5, 'initial_lr': 0.0005, 'target_lr': 0.0005}, 'batch_per_device': 128}",46.30178689956665,0,1,1295.8428200356889,1,8.899474382400513
0.017483115196228027,0.03292808955228781,0.0007280111312866211,0.001798559637630687,0.028979396820068358,nan,0.0,0.04740550518035889,0.31279999017715454,1.8917543979644775,-0.3528999984264374,nan,0.0,nan,0.0,nan,0.0,0.2897399961948395,1.9424555408096313,nan,0.0,0.3528999984264374,1.772675340270996,nan,0.0,60000,1,False,,,2,-1.8917543979644775,f81fd289f2a7452e8d4fce45a11f3edf,2019-06-06_13-24-35,1559852675,41.03546142578125,87.3372483253479,14620,steropes,169.229.49.254,"{'starting_lr': 0.0005, 'momentum': 0.95, 'weight_decay': 0.0005, 'steps_per_iteration': None, 'pin': False, 'model_creator': None, 'target_batch_size': 128, 'model_string': 'resnet50', 'min_batch_size': 128, 'dataset': 'CIFAR', 'placement': None, 'use_nccl': True, 'devices_per_worker': 1, 'primary_resource': 'extra_gpu', 'gpu': False, 'verbose': False, 'lr_config': {'mode': 'log', 'steps': 5, 'initial_lr': 0.0005, 'target_lr': 0.0005}, 'batch_per_device': 128}",87.3372483253479,0,2,1373.9809264223727,1,8.899474382400513
0.017350316047668457,0.031610890279842326,0.000675368309020996,0.001822191126206342,0.028107595443725587,nan,0.0,0.048497557640075684,0.3335333267847697,1.8359395144144692,-0.375,nan,0.0,nan,0.0,nan,0.0,0.33570000529289246,1.8236453649902344,nan,0.0,0.375,1.724309747314453,nan,0.0,60000,1,False,,,3,-1.8359395144144692,f81fd289f2a7452e8d4fce45a11f3edf,2019-06-06_13-25-16,1559852716,40.942299127578735,128.27954745292664,14620,steropes,169.229.49.254,"{'starting_lr': 0.0005, 'momentum': 0.95, 'weight_decay': 0.0005, 'steps_per_iteration': None, 'pin': False, 'model_creator': None, 'target_batch_size': 128, 'model_string': 'resnet50', 'min_batch_size': 128, 'dataset': 'CIFAR', 'placement': None, 'use_nccl': True, 'devices_per_worker': 1, 'primary_resource': 'extra_gpu', 'gpu': False, 'verbose': False, 'lr_config': {'mode': 'log', 'steps': 5, 'initial_lr': 0.0005, 'target_lr': 0.0005}, 'batch_per_device': 128}",128.27954745292664,0,3,1403.182381463937,1,8.899474382400513
0.018134570121765135,0.03296405454225178,0.000701737403869629,0.0018618326357868321,0.02840588092803955,nan,0.0,0.04777357578277588,0.35177499055862427,1.7849911451816558,-0.406499981880188,nan,0.0,nan,0.0,nan,0.0,0.36017999053001404,1.743556402053833,nan,0.0,0.406499981880188,1.6321460374832153,nan,0.0,60000,1,False,,,4,-1.7849911451816558,f81fd289f2a7452e8d4fce45a11f3edf,2019-06-06_13-25-57,1559852757,41.45681810379028,169.73636555671692,14620,steropes,169.229.49.254,"{'starting_lr': 0.0005, 'momentum': 0.95, 'weight_decay': 0.0005, 'steps_per_iteration': None, 'pin': False, 'model_creator': None, 'target_batch_size': 128, 'model_string': 'resnet50', 'min_batch_size': 128, 'dataset': 'CIFAR', 'placement': None, 'use_nccl': True, 'devices_per_worker': 1, 'primary_resource': 'extra_gpu', 'gpu': False, 'verbose': False, 'lr_config': {'mode': 'log', 'steps': 5, 'initial_lr': 0.0005, 'target_lr': 0.0005}, 'batch_per_device': 128}",169.73636555671692,0,4,1413.9544234033567,1,8.899474382400513
0.019550466537475587,0.03319030170199237,0.0007494926452636719,0.0018472641020479714,0.02909407615661621,nan,0.0,0.04861383438110352,0.36577998995780947,1.7436104657363891,-0.42179998755455017,nan,0.0,nan,0.0,nan,0.0,0.38787999749183655,1.6715099800491333,nan,0.0,0.42179998755455017,1.5780877479553224,nan,0.0,60000,1,False,,,5,-1.7436104657363891,f81fd289f2a7452e8d4fce45a11f3edf,2019-06-06_13-26-38,1559852798,41.0064435005188,210.74280905723572,14620,steropes,169.229.49.254,"{'starting_lr': 0.0005, 'momentum': 0.95, 'weight_decay': 0.0005, 'steps_per_iteration': None, 'pin': False, 'model_creator': None, 'target_batch_size': 128, 'model_string': 'resnet50', 'min_batch_size': 128, 'dataset': 'CIFAR', 'placement': None, 'use_nccl': True, 'devices_per_worker': 1, 'primary_resource': 'extra_gpu', 'gpu': False, 'verbose': False, 'lr_config': {'mode': 'log', 'steps': 5, 'initial_lr': 0.0005, 'target_lr': 0.0005}, 'batch_per_device': 128}",210.74280905723572,0,5,1423.5326556511764,1,8.899474382400513
0.017645382881164552,0.0324090643774105,0.0007194042205810547,0.001839566413703782,0.027817201614379884,nan,0.0,0.04814174175262451,0.39769999384880067,1.6511587936401366,-0.43230000138282776,nan,0.0,nan,0.0,nan,0.0,0.40794000029563904,1.619556173095703,nan,0.0,0.43230000138282776,1.5485750951766968,nan,0.0,60000,1,False,,,6,-1.6511587936401366,f81fd289f2a7452e8d4fce45a11f3edf,2019-06-06_13-27-19,1559852839,40.908140420913696,251.6509494781494,14620,steropes,169.229.49.254,"{'starting_lr': 0.0005, 'momentum': 0.95, 'weight_decay': 0.0005, 'steps_per_iteration': None, 'pin': False, 'model_creator': None, 'target_batch_size': 128, 'model_string': 'resnet50', 'min_batch_size': 128, 'dataset': 'CIFAR', 'placement': None, 'use_nccl': True, 'devices_per_worker': 1, 'primary_resource': 'extra_gpu', 'gpu': False, 'verbose': False, 'lr_config': {'mode': 'log', 'steps': 5, 'initial_lr': 0.0005, 'target_lr': 0.0005}, 'batch_per_device': 128}",251.6509494781494,0,6,1460.923029955724,1,8.899474382400513
0.017482352256774903,0.032082587857789634,0.0008512020111083984,0.0018745212603712936,0.028519701957702637,nan,0.0,0.05084562301635742,0.41661999225616453,1.5950295162963868,-0.44749999046325684,nan,0.0,nan,0.0,nan,0.0,0.42669999599456787,1.5730614824676514,nan,0.0,0.44749999046325684,1.4920289535522462,nan,0.0,60000,1,False,,,7,-1.5950295162963868,f81fd289f2a7452e8d4fce45a11f3edf,2019-06-06_13-28-00,1559852880,41.10626578330994,292.75721526145935,14620,steropes,169.229.49.254,"{'starting_lr': 0.0005, 'momentum': 0.95, 'weight_decay': 0.0005, 'steps_per_iteration': None, 'pin': False, 'model_creator': None, 'target_batch_size': 128, 'model_string': 'resnet50', 'min_batch_size': 128, 'dataset': 'CIFAR', 'placement': None, 'use_nccl': True, 'devices_per_worker': 1, 'primary_resource': 'extra_gpu', 'gpu': False, 'verbose': False, 'lr_config': {'mode': 'log', 'steps': 5, 'initial_lr': 0.0005, 'target_lr': 0.0005}, 'batch_per_device': 128}",292.75721526145935,0,7,1460.41952276984,1,8.899474382400513
0.01736483573913574,0.03149362153644803,0.0006795167922973633,0.0018258546014576008,0.02743110656738281,nan,0.0,0.048254990577697755,0.4310399889945984,1.5542628703689576,-0.4470999836921692,nan,0.0,nan,0.0,nan,0.0,0.4409799873828888,1.5329587919998169,nan,0.0,0.4470999836921692,1.5204765176773072,nan,0.0,60000,1,False,,,8,-1.5542628703689576,f81fd289f2a7452e8d4fce45a11f3edf,2019-06-06_13-28-41,1559852921,40.925071716308594,333.68228697776794,14620,steropes,169.229.49.254,"{'starting_lr': 0.0005, 'momentum': 0.95, 'weight_decay': 0.0005, 'steps_per_iteration': None, 'pin': False, 'model_creator': None, 'target_batch_size': 128, 'model_string': 'resnet50', 'min_batch_size': 128, 'dataset': 'CIFAR', 'placement': None, 'use_nccl': True, 'devices_per_worker': 1, 'primary_resource': 'extra_gpu', 'gpu': False, 'verbose': False, 'lr_config': {'mode': 'log', 'steps': 5, 'initial_lr': 0.0005, 'target_lr': 0.0005}, 'batch_per_device': 128}",333.68228697776794,0,8,1460.542008202105,1,8.899474382400513
0.018394994735717773,0.031960574886466885,0.0007262229919433594,0.0018282357384176815,0.027704811096191405,nan,0.0,0.047423815727233885,0.4435999929904938,1.5190803442764285,-0.4693000018596649,nan,0.0,nan,0.0,nan,0.0,0.45367997884750366,1.4967529958343506,nan,0.0,0.4693000018596649,1.456233407020569,nan,0.0,60000,1,True,,,9,-1.5190803442764285,f81fd289f2a7452e8d4fce45a11f3edf,2019-06-06_13-29-22,1559852962,40.77787470817566,374.4601616859436,14620,steropes,169.229.49.254,"{'starting_lr': 0.0005, 'momentum': 0.95, 'weight_decay': 0.0005, 'steps_per_iteration': None, 'pin': False, 'model_creator': None, 'target_batch_size': 128, 'model_string': 'resnet50', 'min_batch_size': 128, 'dataset': 'CIFAR', 'placement': None, 'use_nccl': True, 'devices_per_worker': 1, 'primary_resource': 'extra_gpu', 'gpu': False, 'verbose': False, 'lr_config': {'mode': 'log', 'steps': 5, 'initial_lr': 0.0005, 'target_lr': 0.0005}, 'batch_per_device': 128}",374.4601616859436,0,9,1465.385718590499,1,8.899474382400513
