{"apply": 0.018111634254455566, "batch_time": 0.04293065131465091, "d2h": 0.0007221221923828125, "data_time": 0.001887487938337009, "fwd": 0.11978490352630615, "get_state_time_mean": NaN, "get_state_time_total": 0.0, "grad": 0.16374189853668214, "mean_accuracy": 0.2726999819278717, "mean_loss": 2.010833455657959, "neg_mean_accuracy": -0.2726999819278717, "set_state_time_mean": NaN, "set_state_time_total": 0.0, "setup_model_time_mean": 8.355958938598633, "setup_model_time_total": 8.355958938598633, "setup_proc_time_mean": 0.4275703430175781, "setup_proc_time_total": 0.4275703430175781, "train_accuracy": 0.18911999464035034, "train_loss": 2.3564793380737306, "training_time_mean": NaN, "training_time_total": 0.0, "val_accuracy": 0.2726999819278717, "val_loss": 2.010833455657959, "validation_time_mean": NaN, "validation_time_total": 0.0, "samples": 60000, "num_workers": 1, "done": false, "timesteps_total": null, "episodes_total": null, "training_iteration": 1, "neg_mean_loss": -2.010833455657959, "experiment_id": "f81fd289f2a7452e8d4fce45a11f3edf", "date": "2019-06-06_13-23-54", "timestamp": 1559852634, "time_this_iter_s": 46.30178689956665, "time_total_s": 46.30178689956665, "pid": 14620, "hostname": "steropes", "node_ip": "169.229.49.254", "config": {"starting_lr": 0.0005, "momentum": 0.95, "weight_decay": 0.0005, "steps_per_iteration": null, "pin": false, "model_creator": null, "target_batch_size": 128, "model_string": "resnet50", "min_batch_size": 128, "dataset": "CIFAR", "placement": null, "use_nccl": true, "devices_per_worker": 1, "primary_resource": "extra_gpu", "gpu": false, "verbose": false, "lr_config": {"mode": "log", "steps": 5, "initial_lr": 0.0005, "target_lr": 0.0005}, "batch_per_device": 128}, "time_since_restore": 46.30178689956665, "timesteps_since_restore": 0, "iterations_since_restore": 1, "mean_throughput": 1295.8428200356889, "atoms": 1, "setup_time": 8.899474382400513}
{"apply": 0.017483115196228027, "batch_time": 0.03292808955228781, "d2h": 0.0007280111312866211, "data_time": 0.001798559637630687, "fwd": 0.028979396820068358, "get_state_time_mean": NaN, "get_state_time_total": 0.0, "grad": 0.04740550518035889, "mean_accuracy": 0.31279999017715454, "mean_loss": 1.8917543979644775, "neg_mean_accuracy": -0.3528999984264374, "set_state_time_mean": NaN, "set_state_time_total": 0.0, "setup_model_time_mean": NaN, "setup_model_time_total": 0.0, "setup_proc_time_mean": NaN, "setup_proc_time_total": 0.0, "train_accuracy": 0.2897399961948395, "train_loss": 1.9424555408096313, "training_time_mean": NaN, "training_time_total": 0.0, "val_accuracy": 0.3528999984264374, "val_loss": 1.772675340270996, "validation_time_mean": NaN, "validation_time_total": 0.0, "samples": 60000, "num_workers": 1, "done": false, "timesteps_total": null, "episodes_total": null, "training_iteration": 2, "neg_mean_loss": -1.8917543979644775, "experiment_id": "f81fd289f2a7452e8d4fce45a11f3edf", "date": "2019-06-06_13-24-35", "timestamp": 1559852675, "time_this_iter_s": 41.03546142578125, "time_total_s": 87.3372483253479, "pid": 14620, "hostname": "steropes", "node_ip": "169.229.49.254", "config": {"starting_lr": 0.0005, "momentum": 0.95, "weight_decay": 0.0005, "steps_per_iteration": null, "pin": false, "model_creator": null, "target_batch_size": 128, "model_string": "resnet50", "min_batch_size": 128, "dataset": "CIFAR", "placement": null, "use_nccl": true, "devices_per_worker": 1, "primary_resource": "extra_gpu", "gpu": false, "verbose": false, "lr_config": {"mode": "log", "steps": 5, "initial_lr": 0.0005, "target_lr": 0.0005}, "batch_per_device": 128}, "time_since_restore": 87.3372483253479, "timesteps_since_restore": 0, "iterations_since_restore": 2, "mean_throughput": 1373.9809264223727, "atoms": 1, "setup_time": 8.899474382400513}
{"apply": 0.017350316047668457, "batch_time": 0.031610890279842326, "d2h": 0.000675368309020996, "data_time": 0.001822191126206342, "fwd": 0.028107595443725587, "get_state_time_mean": NaN, "get_state_time_total": 0.0, "grad": 0.048497557640075684, "mean_accuracy": 0.3335333267847697, "mean_loss": 1.8359395144144692, "neg_mean_accuracy": -0.375, "set_state_time_mean": NaN, "set_state_time_total": 0.0, "setup_model_time_mean": NaN, "setup_model_time_total": 0.0, "setup_proc_time_mean": NaN, "setup_proc_time_total": 0.0, "train_accuracy": 0.33570000529289246, "train_loss": 1.8236453649902344, "training_time_mean": NaN, "training_time_total": 0.0, "val_accuracy": 0.375, "val_loss": 1.724309747314453, "validation_time_mean": NaN, "validation_time_total": 0.0, "samples": 60000, "num_workers": 1, "done": false, "timesteps_total": null, "episodes_total": null, "training_iteration": 3, "neg_mean_loss": -1.8359395144144692, "experiment_id": "f81fd289f2a7452e8d4fce45a11f3edf", "date": "2019-06-06_13-25-16", "timestamp": 1559852716, "time_this_iter_s": 40.942299127578735, "time_total_s": 128.27954745292664, "pid": 14620, "hostname": "steropes", "node_ip": "169.229.49.254", "config": {"starting_lr": 0.0005, "momentum": 0.95, "weight_decay": 0.0005, "steps_per_iteration": null, "pin": false, "model_creator": null, "target_batch_size": 128, "model_string": "resnet50", "min_batch_size": 128, "dataset": "CIFAR", "placement": null, "use_nccl": true, "devices_per_worker": 1, "primary_resource": "extra_gpu", "gpu": false, "verbose": false, "lr_config": {"mode": "log", "steps": 5, "initial_lr": 0.0005, "target_lr": 0.0005}, "batch_per_device": 128}, "time_since_restore": 128.27954745292664, "timesteps_since_restore": 0, "iterations_since_restore": 3, "mean_throughput": 1403.182381463937, "atoms": 1, "setup_time": 8.899474382400513}
{"apply": 0.018134570121765135, "batch_time": 0.03296405454225178, "d2h": 0.000701737403869629, "data_time": 0.0018618326357868321, "fwd": 0.02840588092803955, "get_state_time_mean": NaN, "get_state_time_total": 0.0, "grad": 0.04777357578277588, "mean_accuracy": 0.35177499055862427, "mean_loss": 1.7849911451816558, "neg_mean_accuracy": -0.406499981880188, "set_state_time_mean": NaN, "set_state_time_total": 0.0, "setup_model_time_mean": NaN, "setup_model_time_total": 0.0, "setup_proc_time_mean": NaN, "setup_proc_time_total": 0.0, "train_accuracy": 0.36017999053001404, "train_loss": 1.743556402053833, "training_time_mean": NaN, "training_time_total": 0.0, "val_accuracy": 0.406499981880188, "val_loss": 1.6321460374832153, "validation_time_mean": NaN, "validation_time_total": 0.0, "samples": 60000, "num_workers": 1, "done": false, "timesteps_total": null, "episodes_total": null, "training_iteration": 4, "neg_mean_loss": -1.7849911451816558, "experiment_id": "f81fd289f2a7452e8d4fce45a11f3edf", "date": "2019-06-06_13-25-57", "timestamp": 1559852757, "time_this_iter_s": 41.45681810379028, "time_total_s": 169.73636555671692, "pid": 14620, "hostname": "steropes", "node_ip": "169.229.49.254", "config": {"starting_lr": 0.0005, "momentum": 0.95, "weight_decay": 0.0005, "steps_per_iteration": null, "pin": false, "model_creator": null, "target_batch_size": 128, "model_string": "resnet50", "min_batch_size": 128, "dataset": "CIFAR", "placement": null, "use_nccl": true, "devices_per_worker": 1, "primary_resource": "extra_gpu", "gpu": false, "verbose": false, "lr_config": {"mode": "log", "steps": 5, "initial_lr": 0.0005, "target_lr": 0.0005}, "batch_per_device": 128}, "time_since_restore": 169.73636555671692, "timesteps_since_restore": 0, "iterations_since_restore": 4, "mean_throughput": 1413.9544234033567, "atoms": 1, "setup_time": 8.899474382400513}
{"apply": 0.019550466537475587, "batch_time": 0.03319030170199237, "d2h": 0.0007494926452636719, "data_time": 0.0018472641020479714, "fwd": 0.02909407615661621, "get_state_time_mean": NaN, "get_state_time_total": 0.0, "grad": 0.04861383438110352, "mean_accuracy": 0.36577998995780947, "mean_loss": 1.7436104657363891, "neg_mean_accuracy": -0.42179998755455017, "set_state_time_mean": NaN, "set_state_time_total": 0.0, "setup_model_time_mean": NaN, "setup_model_time_total": 0.0, "setup_proc_time_mean": NaN, "setup_proc_time_total": 0.0, "train_accuracy": 0.38787999749183655, "train_loss": 1.6715099800491333, "training_time_mean": NaN, "training_time_total": 0.0, "val_accuracy": 0.42179998755455017, "val_loss": 1.5780877479553224, "validation_time_mean": NaN, "validation_time_total": 0.0, "samples": 60000, "num_workers": 1, "done": false, "timesteps_total": null, "episodes_total": null, "training_iteration": 5, "neg_mean_loss": -1.7436104657363891, "experiment_id": "f81fd289f2a7452e8d4fce45a11f3edf", "date": "2019-06-06_13-26-38", "timestamp": 1559852798, "time_this_iter_s": 41.0064435005188, "time_total_s": 210.74280905723572, "pid": 14620, "hostname": "steropes", "node_ip": "169.229.49.254", "config": {"starting_lr": 0.0005, "momentum": 0.95, "weight_decay": 0.0005, "steps_per_iteration": null, "pin": false, "model_creator": null, "target_batch_size": 128, "model_string": "resnet50", "min_batch_size": 128, "dataset": "CIFAR", "placement": null, "use_nccl": true, "devices_per_worker": 1, "primary_resource": "extra_gpu", "gpu": false, "verbose": false, "lr_config": {"mode": "log", "steps": 5, "initial_lr": 0.0005, "target_lr": 0.0005}, "batch_per_device": 128}, "time_since_restore": 210.74280905723572, "timesteps_since_restore": 0, "iterations_since_restore": 5, "mean_throughput": 1423.5326556511764, "atoms": 1, "setup_time": 8.899474382400513}
{"apply": 0.017645382881164552, "batch_time": 0.0324090643774105, "d2h": 0.0007194042205810547, "data_time": 0.001839566413703782, "fwd": 0.027817201614379884, "get_state_time_mean": NaN, "get_state_time_total": 0.0, "grad": 0.04814174175262451, "mean_accuracy": 0.39769999384880067, "mean_loss": 1.6511587936401366, "neg_mean_accuracy": -0.43230000138282776, "set_state_time_mean": NaN, "set_state_time_total": 0.0, "setup_model_time_mean": NaN, "setup_model_time_total": 0.0, "setup_proc_time_mean": NaN, "setup_proc_time_total": 0.0, "train_accuracy": 0.40794000029563904, "train_loss": 1.619556173095703, "training_time_mean": NaN, "training_time_total": 0.0, "val_accuracy": 0.43230000138282776, "val_loss": 1.5485750951766968, "validation_time_mean": NaN, "validation_time_total": 0.0, "samples": 60000, "num_workers": 1, "done": false, "timesteps_total": null, "episodes_total": null, "training_iteration": 6, "neg_mean_loss": -1.6511587936401366, "experiment_id": "f81fd289f2a7452e8d4fce45a11f3edf", "date": "2019-06-06_13-27-19", "timestamp": 1559852839, "time_this_iter_s": 40.908140420913696, "time_total_s": 251.6509494781494, "pid": 14620, "hostname": "steropes", "node_ip": "169.229.49.254", "config": {"starting_lr": 0.0005, "momentum": 0.95, "weight_decay": 0.0005, "steps_per_iteration": null, "pin": false, "model_creator": null, "target_batch_size": 128, "model_string": "resnet50", "min_batch_size": 128, "dataset": "CIFAR", "placement": null, "use_nccl": true, "devices_per_worker": 1, "primary_resource": "extra_gpu", "gpu": false, "verbose": false, "lr_config": {"mode": "log", "steps": 5, "initial_lr": 0.0005, "target_lr": 0.0005}, "batch_per_device": 128}, "time_since_restore": 251.6509494781494, "timesteps_since_restore": 0, "iterations_since_restore": 6, "mean_throughput": 1460.923029955724, "atoms": 1, "setup_time": 8.899474382400513}
{"apply": 0.017482352256774903, "batch_time": 0.032082587857789634, "d2h": 0.0008512020111083984, "data_time": 0.0018745212603712936, "fwd": 0.028519701957702637, "get_state_time_mean": NaN, "get_state_time_total": 0.0, "grad": 0.05084562301635742, "mean_accuracy": 0.41661999225616453, "mean_loss": 1.5950295162963868, "neg_mean_accuracy": -0.44749999046325684, "set_state_time_mean": NaN, "set_state_time_total": 0.0, "setup_model_time_mean": NaN, "setup_model_time_total": 0.0, "setup_proc_time_mean": NaN, "setup_proc_time_total": 0.0, "train_accuracy": 0.42669999599456787, "train_loss": 1.5730614824676514, "training_time_mean": NaN, "training_time_total": 0.0, "val_accuracy": 0.44749999046325684, "val_loss": 1.4920289535522462, "validation_time_mean": NaN, "validation_time_total": 0.0, "samples": 60000, "num_workers": 1, "done": false, "timesteps_total": null, "episodes_total": null, "training_iteration": 7, "neg_mean_loss": -1.5950295162963868, "experiment_id": "f81fd289f2a7452e8d4fce45a11f3edf", "date": "2019-06-06_13-28-00", "timestamp": 1559852880, "time_this_iter_s": 41.10626578330994, "time_total_s": 292.75721526145935, "pid": 14620, "hostname": "steropes", "node_ip": "169.229.49.254", "config": {"starting_lr": 0.0005, "momentum": 0.95, "weight_decay": 0.0005, "steps_per_iteration": null, "pin": false, "model_creator": null, "target_batch_size": 128, "model_string": "resnet50", "min_batch_size": 128, "dataset": "CIFAR", "placement": null, "use_nccl": true, "devices_per_worker": 1, "primary_resource": "extra_gpu", "gpu": false, "verbose": false, "lr_config": {"mode": "log", "steps": 5, "initial_lr": 0.0005, "target_lr": 0.0005}, "batch_per_device": 128}, "time_since_restore": 292.75721526145935, "timesteps_since_restore": 0, "iterations_since_restore": 7, "mean_throughput": 1460.41952276984, "atoms": 1, "setup_time": 8.899474382400513}
{"apply": 0.01736483573913574, "batch_time": 0.03149362153644803, "d2h": 0.0006795167922973633, "data_time": 0.0018258546014576008, "fwd": 0.02743110656738281, "get_state_time_mean": NaN, "get_state_time_total": 0.0, "grad": 0.048254990577697755, "mean_accuracy": 0.4310399889945984, "mean_loss": 1.5542628703689576, "neg_mean_accuracy": -0.4470999836921692, "set_state_time_mean": NaN, "set_state_time_total": 0.0, "setup_model_time_mean": NaN, "setup_model_time_total": 0.0, "setup_proc_time_mean": NaN, "setup_proc_time_total": 0.0, "train_accuracy": 0.4409799873828888, "train_loss": 1.5329587919998169, "training_time_mean": NaN, "training_time_total": 0.0, "val_accuracy": 0.4470999836921692, "val_loss": 1.5204765176773072, "validation_time_mean": NaN, "validation_time_total": 0.0, "samples": 60000, "num_workers": 1, "done": false, "timesteps_total": null, "episodes_total": null, "training_iteration": 8, "neg_mean_loss": -1.5542628703689576, "experiment_id": "f81fd289f2a7452e8d4fce45a11f3edf", "date": "2019-06-06_13-28-41", "timestamp": 1559852921, "time_this_iter_s": 40.925071716308594, "time_total_s": 333.68228697776794, "pid": 14620, "hostname": "steropes", "node_ip": "169.229.49.254", "config": {"starting_lr": 0.0005, "momentum": 0.95, "weight_decay": 0.0005, "steps_per_iteration": null, "pin": false, "model_creator": null, "target_batch_size": 128, "model_string": "resnet50", "min_batch_size": 128, "dataset": "CIFAR", "placement": null, "use_nccl": true, "devices_per_worker": 1, "primary_resource": "extra_gpu", "gpu": false, "verbose": false, "lr_config": {"mode": "log", "steps": 5, "initial_lr": 0.0005, "target_lr": 0.0005}, "batch_per_device": 128}, "time_since_restore": 333.68228697776794, "timesteps_since_restore": 0, "iterations_since_restore": 8, "mean_throughput": 1460.542008202105, "atoms": 1, "setup_time": 8.899474382400513}
{"apply": 0.018394994735717773, "batch_time": 0.031960574886466885, "d2h": 0.0007262229919433594, "data_time": 0.0018282357384176815, "fwd": 0.027704811096191405, "get_state_time_mean": NaN, "get_state_time_total": 0.0, "grad": 0.047423815727233885, "mean_accuracy": 0.4435999929904938, "mean_loss": 1.5190803442764285, "neg_mean_accuracy": -0.4693000018596649, "set_state_time_mean": NaN, "set_state_time_total": 0.0, "setup_model_time_mean": NaN, "setup_model_time_total": 0.0, "setup_proc_time_mean": NaN, "setup_proc_time_total": 0.0, "train_accuracy": 0.45367997884750366, "train_loss": 1.4967529958343506, "training_time_mean": NaN, "training_time_total": 0.0, "val_accuracy": 0.4693000018596649, "val_loss": 1.456233407020569, "validation_time_mean": NaN, "validation_time_total": 0.0, "samples": 60000, "num_workers": 1, "done": true, "timesteps_total": null, "episodes_total": null, "training_iteration": 9, "neg_mean_loss": -1.5190803442764285, "experiment_id": "f81fd289f2a7452e8d4fce45a11f3edf", "date": "2019-06-06_13-29-22", "timestamp": 1559852962, "time_this_iter_s": 40.77787470817566, "time_total_s": 374.4601616859436, "pid": 14620, "hostname": "steropes", "node_ip": "169.229.49.254", "config": {"starting_lr": 0.0005, "momentum": 0.95, "weight_decay": 0.0005, "steps_per_iteration": null, "pin": false, "model_creator": null, "target_batch_size": 128, "model_string": "resnet50", "min_batch_size": 128, "dataset": "CIFAR", "placement": null, "use_nccl": true, "devices_per_worker": 1, "primary_resource": "extra_gpu", "gpu": false, "verbose": false, "lr_config": {"mode": "log", "steps": 5, "initial_lr": 0.0005, "target_lr": 0.0005}, "batch_per_device": 128}, "time_since_restore": 374.4601616859436, "timesteps_since_restore": 0, "iterations_since_restore": 9, "mean_throughput": 1465.385718590499, "atoms": 1, "setup_time": 8.899474382400513}
