{"apply": 0.018938398361206053, "batch_time": 0.045125291317324095, "d2h": 0.0006933212280273438, "data_time": 0.0019543524593343517, "fwd": 0.12036035060882569, "get_state_time_mean": NaN, "get_state_time_total": 0.0, "grad": 0.1637341260910034, "mean_accuracy": 0.2954999804496765, "mean_loss": 2.522793190383911, "neg_mean_accuracy": -0.2954999804496765, "set_state_time_mean": NaN, "set_state_time_total": 0.0, "setup_model_time_mean": 9.877829313278198, "setup_model_time_total": 9.877829313278198, "setup_proc_time_mean": 0.16308879852294922, "setup_proc_time_total": 0.16308879852294922, "train_accuracy": 0.21115998923778534, "train_loss": 2.5435304987335203, "training_time_mean": NaN, "training_time_total": 0.0, "val_accuracy": 0.2954999804496765, "val_loss": 2.522793190383911, "validation_time_mean": NaN, "validation_time_total": 0.0, "samples": 60000, "num_workers": 1, "done": false, "timesteps_total": null, "episodes_total": null, "training_iteration": 1, "neg_mean_loss": -2.522793190383911, "experiment_id": "44628fa296d54de08f8f9263b4e674ea", "date": "2019-06-03_22-27-46", "timestamp": 1559626066, "time_this_iter_s": 47.417280197143555, "time_total_s": 47.417280197143555, "pid": 26261, "hostname": "steropes", "node_ip": "169.229.49.254", "config": {"starting_lr": 0.001, "momentum": 0.99, "weight_decay": 0.001, "steps_per_iteration": null, "pin": false, "model_creator": null, "target_batch_size": 128, "model_string": "resnet50", "min_batch_size": 128, "dataset": "CIFAR", "placement": null, "use_nccl": true, "devices_per_worker": 1, "primary_resource": "extra_gpu", "gpu": false, "verbose": false, "lr_config": {"mode": "log", "steps": 5, "initial_lr": 0.001, "target_lr": 0.001}, "batch_per_device": 128}, "time_since_restore": 47.417280197143555, "timesteps_since_restore": 0, "iterations_since_restore": 1, "mean_throughput": 1265.358028458446, "atoms": 1, "setup_time": 10.163242101669312}
{"apply": 0.018632388114929198, "batch_time": 0.03244039982180052, "d2h": 0.0007899045944213867, "data_time": 0.001824631410486558, "fwd": 0.029370570182800294, "get_state_time_mean": NaN, "get_state_time_total": 0.0, "grad": 0.04920954704284668, "mean_accuracy": 0.322749987244606, "mean_loss": 2.9339236964225766, "neg_mean_accuracy": -0.3499999940395355, "set_state_time_mean": NaN, "set_state_time_total": 0.0, "setup_model_time_mean": NaN, "setup_model_time_total": 0.0, "setup_proc_time_mean": NaN, "setup_proc_time_total": 0.0, "train_accuracy": 0.3233799934387207, "train_loss": 2.104726132736206, "training_time_mean": NaN, "training_time_total": 0.0, "val_accuracy": 0.3499999940395355, "val_loss": 3.3450542024612426, "validation_time_mean": NaN, "validation_time_total": 0.0, "samples": 60000, "num_workers": 1, "done": false, "timesteps_total": null, "episodes_total": null, "training_iteration": 2, "neg_mean_loss": -2.9339236964225766, "experiment_id": "44628fa296d54de08f8f9263b4e674ea", "date": "2019-06-03_22-28-28", "timestamp": 1559626108, "time_this_iter_s": 41.542009115219116, "time_total_s": 88.95928931236267, "pid": 26261, "hostname": "steropes", "node_ip": "169.229.49.254", "config": {"starting_lr": 0.001, "momentum": 0.99, "weight_decay": 0.001, "steps_per_iteration": null, "pin": false, "model_creator": null, "target_batch_size": 128, "model_string": "resnet50", "min_batch_size": 128, "dataset": "CIFAR", "placement": null, "use_nccl": true, "devices_per_worker": 1, "primary_resource": "extra_gpu", "gpu": false, "verbose": false, "lr_config": {"mode": "log", "steps": 5, "initial_lr": 0.001, "target_lr": 0.001}, "batch_per_device": 128}, "time_since_restore": 88.95928931236267, "timesteps_since_restore": 0, "iterations_since_restore": 2, "mean_throughput": 1348.928526989013, "atoms": 1, "setup_time": 10.163242101669312}
{"apply": 0.018053817749023437, "batch_time": 0.032405448865286915, "d2h": 0.0008549928665161133, "data_time": 0.0018315095730754725, "fwd": 0.02873804569244385, "get_state_time_mean": NaN, "get_state_time_total": 0.0, "grad": 0.04998424053192139, "mean_accuracy": 0.34163331985473633, "mean_loss": 3.536109105682373, "neg_mean_accuracy": -0.37939998507499695, "set_state_time_mean": NaN, "set_state_time_total": 0.0, "setup_model_time_mean": NaN, "setup_model_time_total": 0.0, "setup_proc_time_mean": NaN, "setup_proc_time_total": 0.0, "train_accuracy": 0.35607999563217163, "train_loss": 2.166133499069214, "training_time_mean": NaN, "training_time_total": 0.0, "val_accuracy": 0.37939998507499695, "val_loss": 4.740479924201965, "validation_time_mean": NaN, "validation_time_total": 0.0, "samples": 60000, "num_workers": 1, "done": false, "timesteps_total": null, "episodes_total": null, "training_iteration": 3, "neg_mean_loss": -3.536109105682373, "experiment_id": "44628fa296d54de08f8f9263b4e674ea", "date": "2019-06-03_22-29-10", "timestamp": 1559626150, "time_this_iter_s": 41.785555839538574, "time_total_s": 130.74484515190125, "pid": 26261, "hostname": "steropes", "node_ip": "169.229.49.254", "config": {"starting_lr": 0.001, "momentum": 0.99, "weight_decay": 0.001, "steps_per_iteration": null, "pin": false, "model_creator": null, "target_batch_size": 128, "model_string": "resnet50", "min_batch_size": 128, "dataset": "CIFAR", "placement": null, "use_nccl": true, "devices_per_worker": 1, "primary_resource": "extra_gpu", "gpu": false, "verbose": false, "lr_config": {"mode": "log", "steps": 5, "initial_lr": 0.001, "target_lr": 0.001}, "batch_per_device": 128}, "time_since_restore": 130.74484515190125, "timesteps_since_restore": 0, "iterations_since_restore": 3, "mean_throughput": 1376.7243630624016, "atoms": 1, "setup_time": 10.163242101669312}
{"apply": 0.01774568557739258, "batch_time": 0.032149227359626865, "d2h": 0.0008184671401977539, "data_time": 0.0018585173370283278, "fwd": 0.028270769119262695, "get_state_time_mean": NaN, "get_state_time_total": 0.0, "grad": 0.04866645336151123, "mean_accuracy": 0.3442999869585037, "mean_loss": 3.495684891271591, "neg_mean_accuracy": -0.3522999882698059, "set_state_time_mean": NaN, "set_state_time_total": 0.0, "setup_model_time_mean": NaN, "setup_model_time_total": 0.0, "setup_proc_time_mean": NaN, "setup_proc_time_total": 0.0, "train_accuracy": 0.3576200008392334, "train_loss": 2.0777391257476805, "training_time_mean": NaN, "training_time_total": 0.0, "val_accuracy": 0.3522999882698059, "val_loss": 3.3744122480392456, "validation_time_mean": NaN, "validation_time_total": 0.0, "samples": 60000, "num_workers": 1, "done": false, "timesteps_total": null, "episodes_total": null, "training_iteration": 4, "neg_mean_loss": -3.495684891271591, "experiment_id": "44628fa296d54de08f8f9263b4e674ea", "date": "2019-06-03_22-29-51", "timestamp": 1559626191, "time_this_iter_s": 41.59036111831665, "time_total_s": 172.3352062702179, "pid": 26261, "hostname": "steropes", "node_ip": "169.229.49.254", "config": {"starting_lr": 0.001, "momentum": 0.99, "weight_decay": 0.001, "steps_per_iteration": null, "pin": false, "model_creator": null, "target_batch_size": 128, "model_string": "resnet50", "min_batch_size": 128, "dataset": "CIFAR", "placement": null, "use_nccl": true, "devices_per_worker": 1, "primary_resource": "extra_gpu", "gpu": false, "verbose": false, "lr_config": {"mode": "log", "steps": 5, "initial_lr": 0.001, "target_lr": 0.001}, "batch_per_device": 128}, "time_since_restore": 172.3352062702179, "timesteps_since_restore": 0, "iterations_since_restore": 4, "mean_throughput": 1392.6318568209492, "atoms": 1, "setup_time": 10.163242101669312}
{"apply": 0.018306970596313477, "batch_time": 0.03174400027794174, "d2h": 0.0007177591323852539, "data_time": 0.0018577246409852792, "fwd": 0.029218626022338868, "get_state_time_mean": NaN, "get_state_time_total": 0.0, "grad": 0.0489879846572876, "mean_accuracy": 0.34753998517990115, "mean_loss": 3.763397877159119, "neg_mean_accuracy": -0.3604999780654907, "set_state_time_mean": NaN, "set_state_time_total": 0.0, "setup_model_time_mean": NaN, "setup_model_time_total": 0.0, "setup_proc_time_mean": NaN, "setup_proc_time_total": 0.0, "train_accuracy": 0.32152000069618225, "train_loss": 2.096999824295044, "training_time_mean": NaN, "training_time_total": 0.0, "val_accuracy": 0.3604999780654907, "val_loss": 4.834249820709228, "validation_time_mean": NaN, "validation_time_total": 0.0, "samples": 60000, "num_workers": 1, "done": false, "timesteps_total": null, "episodes_total": null, "training_iteration": 5, "neg_mean_loss": -3.763397877159119, "experiment_id": "44628fa296d54de08f8f9263b4e674ea", "date": "2019-06-03_22-30-33", "timestamp": 1559626233, "time_this_iter_s": 41.723329067230225, "time_total_s": 214.05853533744812, "pid": 26261, "hostname": "steropes", "node_ip": "169.229.49.254", "config": {"starting_lr": 0.001, "momentum": 0.99, "weight_decay": 0.001, "steps_per_iteration": null, "pin": false, "model_creator": null, "target_batch_size": 128, "model_string": "resnet50", "min_batch_size": 128, "dataset": "CIFAR", "placement": null, "use_nccl": true, "devices_per_worker": 1, "primary_resource": "extra_gpu", "gpu": false, "verbose": false, "lr_config": {"mode": "log", "steps": 5, "initial_lr": 0.001, "target_lr": 0.001}, "batch_per_device": 128}, "time_since_restore": 214.05853533744812, "timesteps_since_restore": 0, "iterations_since_restore": 5, "mean_throughput": 1401.4829247664047, "atoms": 1, "setup_time": 10.163242101669312}
{"apply": 0.01787583827972412, "batch_time": 0.031728506088256836, "d2h": 0.000701451301574707, "data_time": 0.0018420835285235548, "fwd": 0.02831103801727295, "get_state_time_mean": NaN, "get_state_time_total": 0.0, "grad": 0.049003434181213376, "mean_accuracy": 0.3345199882984161, "mean_loss": 3.7083572104263305, "neg_mean_accuracy": -0.2303999960422516, "set_state_time_mean": NaN, "set_state_time_total": 0.0, "setup_model_time_mean": NaN, "setup_model_time_total": 0.0, "setup_proc_time_mean": NaN, "setup_proc_time_total": 0.0, "train_accuracy": 0.24691998958587646, "train_loss": 2.3301219388580323, "training_time_mean": NaN, "training_time_total": 0.0, "val_accuracy": 0.2303999960422516, "val_loss": 2.2475898567199706, "validation_time_mean": NaN, "validation_time_total": 0.0, "samples": 60000, "num_workers": 1, "done": false, "timesteps_total": null, "episodes_total": null, "training_iteration": 6, "neg_mean_loss": -3.7083572104263305, "experiment_id": "44628fa296d54de08f8f9263b4e674ea", "date": "2019-06-03_22-31-15", "timestamp": 1559626275, "time_this_iter_s": 41.53146529197693, "time_total_s": 255.59000062942505, "pid": 26261, "hostname": "steropes", "node_ip": "169.229.49.254", "config": {"starting_lr": 0.001, "momentum": 0.99, "weight_decay": 0.001, "steps_per_iteration": null, "pin": false, "model_creator": null, "target_batch_size": 128, "model_string": "resnet50", "min_batch_size": 128, "dataset": "CIFAR", "placement": null, "use_nccl": true, "devices_per_worker": 1, "primary_resource": "extra_gpu", "gpu": false, "verbose": false, "lr_config": {"mode": "log", "steps": 5, "initial_lr": 0.001, "target_lr": 0.001}, "batch_per_device": 128}, "time_since_restore": 255.59000062942505, "timesteps_since_restore": 0, "iterations_since_restore": 6, "mean_throughput": 1441.1083275512126, "atoms": 1, "setup_time": 10.163242101669312}
{"apply": 0.017793846130371094, "batch_time": 0.032450211199024054, "d2h": 0.000735783576965332, "data_time": 0.0018635674205887348, "fwd": 0.028352761268615724, "get_state_time_mean": NaN, "get_state_time_total": 0.0, "grad": 0.049568557739257814, "mean_accuracy": 0.3245799899101257, "mean_loss": 3.560327907981873, "neg_mean_accuracy": -0.3003000020980835, "set_state_time_mean": NaN, "set_state_time_total": 0.0, "setup_model_time_mean": NaN, "setup_model_time_total": 0.0, "setup_proc_time_mean": NaN, "setup_proc_time_total": 0.0, "train_accuracy": 0.2604199945926666, "train_loss": 2.1836559659576418, "training_time_mean": NaN, "training_time_total": 0.0, "val_accuracy": 0.3003000020980835, "val_loss": 2.6049076902389525, "validation_time_mean": NaN, "validation_time_total": 0.0, "samples": 60000, "num_workers": 1, "done": false, "timesteps_total": null, "episodes_total": null, "training_iteration": 7, "neg_mean_loss": -3.560327907981873, "experiment_id": "44628fa296d54de08f8f9263b4e674ea", "date": "2019-06-03_22-31-56", "timestamp": 1559626316, "time_this_iter_s": 41.76063895225525, "time_total_s": 297.3506395816803, "pid": 26261, "hostname": "steropes", "node_ip": "169.229.49.254", "config": {"starting_lr": 0.001, "momentum": 0.99, "weight_decay": 0.001, "steps_per_iteration": null, "pin": false, "model_creator": null, "target_batch_size": 128, "model_string": "resnet50", "min_batch_size": 128, "dataset": "CIFAR", "placement": null, "use_nccl": true, "devices_per_worker": 1, "primary_resource": "extra_gpu", "gpu": false, "verbose": false, "lr_config": {"mode": "log", "steps": 5, "initial_lr": 0.001, "target_lr": 0.001}, "batch_per_device": 128}, "time_since_restore": 297.3506395816803, "timesteps_since_restore": 0, "iterations_since_restore": 7, "mean_throughput": 1439.5964254544454, "atoms": 1, "setup_time": 10.163242101669312}
{"apply": 0.01771252155303955, "batch_time": 0.03206595288047308, "d2h": 0.0007352590560913086, "data_time": 0.0018500739046374856, "fwd": 0.028319668769836426, "get_state_time_mean": NaN, "get_state_time_total": 0.0, "grad": 0.04853010177612305, "mean_accuracy": 0.3126799941062927, "mean_loss": 3.00968856590271, "neg_mean_accuracy": -0.3199000060558319, "set_state_time_mean": NaN, "set_state_time_total": 0.0, "setup_model_time_mean": NaN, "setup_model_time_total": 0.0, "setup_proc_time_mean": NaN, "setup_proc_time_total": 0.0, "train_accuracy": 0.29576000571250916, "train_loss": 2.007940437850952, "training_time_mean": NaN, "training_time_total": 0.0, "val_accuracy": 0.3199000060558319, "val_loss": 1.9872832138061522, "validation_time_mean": NaN, "validation_time_total": 0.0, "samples": 60000, "num_workers": 1, "done": false, "timesteps_total": null, "episodes_total": null, "training_iteration": 8, "neg_mean_loss": -3.00968856590271, "experiment_id": "44628fa296d54de08f8f9263b4e674ea", "date": "2019-06-03_22-32-38", "timestamp": 1559626358, "time_this_iter_s": 41.60209393501282, "time_total_s": 338.9527335166931, "pid": 26261, "hostname": "steropes", "node_ip": "169.229.49.254", "config": {"starting_lr": 0.001, "momentum": 0.99, "weight_decay": 0.001, "steps_per_iteration": null, "pin": false, "model_creator": null, "target_batch_size": 128, "model_string": "resnet50", "min_batch_size": 128, "dataset": "CIFAR", "placement": null, "use_nccl": true, "devices_per_worker": 1, "primary_resource": "extra_gpu", "gpu": false, "verbose": false, "lr_config": {"mode": "log", "steps": 5, "initial_lr": 0.001, "target_lr": 0.001}, "batch_per_device": 128}, "time_since_restore": 338.9527335166931, "timesteps_since_restore": 0, "iterations_since_restore": 8, "mean_throughput": 1440.864515961346, "atoms": 1, "setup_time": 10.163242101669312}
{"apply": 0.01783266067504883, "batch_time": 0.031911638718617116, "d2h": 0.000832676887512207, "data_time": 0.0018527946813637034, "fwd": 0.028489398956298827, "get_state_time_mean": NaN, "get_state_time_total": 0.0, "grad": 0.04922251701354981, "mean_accuracy": 0.31969999670982363, "mean_loss": 2.6832522548675537, "neg_mean_accuracy": -0.3874000012874603, "set_state_time_mean": NaN, "set_state_time_total": 0.0, "setup_model_time_mean": NaN, "setup_model_time_total": 0.0, "setup_proc_time_mean": NaN, "setup_proc_time_total": 0.0, "train_accuracy": 0.33319997787475586, "train_loss": 1.8707834003448487, "training_time_mean": NaN, "training_time_total": 0.0, "val_accuracy": 0.3874000012874603, "val_loss": 1.7422306928634643, "validation_time_mean": NaN, "validation_time_total": 0.0, "samples": 60000, "num_workers": 1, "done": false, "timesteps_total": null, "episodes_total": null, "training_iteration": 9, "neg_mean_loss": -2.6832522548675537, "experiment_id": "44628fa296d54de08f8f9263b4e674ea", "date": "2019-06-03_22-33-20", "timestamp": 1559626400, "time_this_iter_s": 41.49082159996033, "time_total_s": 380.44355511665344, "pid": 26261, "hostname": "steropes", "node_ip": "169.229.49.254", "config": {"starting_lr": 0.001, "momentum": 0.99, "weight_decay": 0.001, "steps_per_iteration": null, "pin": false, "model_creator": null, "target_batch_size": 128, "model_string": "resnet50", "min_batch_size": 128, "dataset": "CIFAR", "placement": null, "use_nccl": true, "devices_per_worker": 1, "primary_resource": "extra_gpu", "gpu": false, "verbose": false, "lr_config": {"mode": "log", "steps": 5, "initial_lr": 0.001, "target_lr": 0.001}, "batch_per_device": 128}, "time_since_restore": 380.44355511665344, "timesteps_since_restore": 0, "iterations_since_restore": 9, "mean_throughput": 1441.5536674816697, "atoms": 1, "setup_time": 10.163242101669312}
{"apply": 0.01893954277038574, "batch_time": 0.032039219820046726, "d2h": 0.0008397817611694336, "data_time": 0.0018478635022097535, "fwd": 0.029218339920043947, "get_state_time_mean": NaN, "get_state_time_total": 0.0, "grad": 0.04867391586303711, "mean_accuracy": 0.32784000039100647, "mean_loss": 2.0453149615478514, "neg_mean_accuracy": -0.40119999647140503, "set_state_time_mean": NaN, "set_state_time_total": 0.0, "setup_model_time_mean": NaN, "setup_model_time_total": 0.0, "setup_proc_time_mean": NaN, "setup_proc_time_total": 0.0, "train_accuracy": 0.37049999833106995, "train_loss": 1.762492437057495, "training_time_mean": NaN, "training_time_total": 0.0, "val_accuracy": 0.40119999647140503, "val_loss": 1.6445633541107179, "validation_time_mean": NaN, "validation_time_total": 0.0, "samples": 60000, "num_workers": 1, "done": false, "timesteps_total": null, "episodes_total": null, "training_iteration": 10, "neg_mean_loss": -2.0453149615478514, "experiment_id": "44628fa296d54de08f8f9263b4e674ea", "date": "2019-06-03_22-34-01", "timestamp": 1559626441, "time_this_iter_s": 41.52057480812073, "time_total_s": 421.96412992477417, "pid": 26261, "hostname": "steropes", "node_ip": "169.229.49.254", "config": {"starting_lr": 0.001, "momentum": 0.99, "weight_decay": 0.001, "steps_per_iteration": null, "pin": false, "model_creator": null, "target_batch_size": 128, "model_string": "resnet50", "min_batch_size": 128, "dataset": "CIFAR", "placement": null, "use_nccl": true, "devices_per_worker": 1, "primary_resource": "extra_gpu", "gpu": false, "verbose": false, "lr_config": {"mode": "log", "steps": 5, "initial_lr": 0.001, "target_lr": 0.001}, "batch_per_device": 128}, "time_since_restore": 421.96412992477417, "timesteps_since_restore": 0, "iterations_since_restore": 10, "mean_throughput": 1442.9595251563703, "atoms": 1, "setup_time": 10.163242101669312}
{"apply": 0.01781418323516846, "batch_time": 0.03330470942243745, "d2h": 0.0007335424423217773, "data_time": 0.0018645473148511803, "fwd": 0.02846240997314453, "get_state_time_mean": NaN, "get_state_time_total": 0.0, "grad": 0.04989979267120361, "mean_accuracy": 0.36685999631881716, "mean_loss": 1.9140597938537596, "neg_mean_accuracy": -0.42549997568130493, "set_state_time_mean": NaN, "set_state_time_total": 0.0, "setup_model_time_mean": NaN, "setup_model_time_total": 0.0, "setup_proc_time_mean": NaN, "setup_proc_time_total": 0.0, "train_accuracy": 0.3853199779987335, "train_loss": 1.7366292214584351, "training_time_mean": NaN, "training_time_total": 0.0, "val_accuracy": 0.42549997568130493, "val_loss": 1.5913140182495118, "validation_time_mean": NaN, "validation_time_total": 0.0, "samples": 60000, "num_workers": 1, "done": false, "timesteps_total": null, "episodes_total": null, "training_iteration": 11, "neg_mean_loss": -1.9140597938537596, "experiment_id": "44628fa296d54de08f8f9263b4e674ea", "date": "2019-06-03_22-34-43", "timestamp": 1559626483, "time_this_iter_s": 41.754940032958984, "time_total_s": 463.71906995773315, "pid": 26261, "hostname": "steropes", "node_ip": "169.229.49.254", "config": {"starting_lr": 0.001, "momentum": 0.99, "weight_decay": 0.001, "steps_per_iteration": null, "pin": false, "model_creator": null, "target_batch_size": 128, "model_string": "resnet50", "min_batch_size": 128, "dataset": "CIFAR", "placement": null, "use_nccl": true, "devices_per_worker": 1, "primary_resource": "extra_gpu", "gpu": false, "verbose": false, "lr_config": {"mode": "log", "steps": 5, "initial_lr": 0.001, "target_lr": 0.001}, "batch_per_device": 128}, "time_since_restore": 463.71906995773315, "timesteps_since_restore": 0, "iterations_since_restore": 11, "mean_throughput": 1441.4101872578476, "atoms": 1, "setup_time": 10.163242101669312}
{"apply": 0.01755633354187012, "batch_time": 0.03259208836132967, "d2h": 0.0006544113159179688, "data_time": 0.0018405420396029187, "fwd": 0.027761030197143554, "get_state_time_mean": NaN, "get_state_time_total": 0.0, "grad": 0.04874570369720459, "mean_accuracy": 0.3934999942779541, "mean_loss": 1.7074211475753784, "neg_mean_accuracy": -0.4334999918937683, "set_state_time_mean": NaN, "set_state_time_total": 0.0, "setup_model_time_mean": NaN, "setup_model_time_total": 0.0, "setup_proc_time_mean": NaN, "setup_proc_time_total": 0.0, "train_accuracy": 0.40595999360084534, "train_loss": 1.6768262855911256, "training_time_mean": NaN, "training_time_total": 0.0, "val_accuracy": 0.4334999918937683, "val_loss": 1.571714458847046, "validation_time_mean": NaN, "validation_time_total": 0.0, "samples": 60000, "num_workers": 1, "done": true, "timesteps_total": null, "episodes_total": null, "training_iteration": 12, "neg_mean_loss": -1.7074211475753784, "experiment_id": "44628fa296d54de08f8f9263b4e674ea", "date": "2019-06-03_22-35-24", "timestamp": 1559626524, "time_this_iter_s": 41.40697360038757, "time_total_s": 505.1260435581207, "pid": 26261, "hostname": "steropes", "node_ip": "169.229.49.254", "config": {"starting_lr": 0.001, "momentum": 0.99, "weight_decay": 0.001, "steps_per_iteration": null, "pin": false, "model_creator": null, "target_batch_size": 128, "model_string": "resnet50", "min_batch_size": 128, "dataset": "CIFAR", "placement": null, "use_nccl": true, "devices_per_worker": 1, "primary_resource": "extra_gpu", "gpu": false, "verbose": false, "lr_config": {"mode": "log", "steps": 5, "initial_lr": 0.001, "target_lr": 0.001}, "batch_per_device": 128}, "time_since_restore": 505.1260435581207, "timesteps_since_restore": 0, "iterations_since_restore": 12, "mean_throughput": 1443.863676508998, "atoms": 1, "setup_time": 10.163242101669312}
