apply,batch_time,d2h,data_time,fwd,get_state_time_mean,get_state_time_total,grad,mean_accuracy,mean_loss,neg_mean_accuracy,set_state_time_mean,set_state_time_total,setup_model_time_mean,setup_model_time_total,setup_proc_time_mean,setup_proc_time_total,train_accuracy,train_loss,training_time_mean,training_time_total,validation_time_mean,validation_time_total,samples,num_workers,done,timesteps_total,episodes_total,training_iteration,neg_mean_loss,experiment_id,date,timestamp,time_this_iter_s,time_total_s,pid,hostname,node_ip,config,time_since_restore,timesteps_since_restore,iterations_since_restore,mean_throughput,atoms
0.007524371147155762,0.20104219913482665,0.004688549041748047,0.03123773847307478,0.08237159252166748,nan,0.0,0.17113006114959717,0.16699999570846558,76403.428725,-0.16699999570846558,nan,0.0,20.367558240890503,20.367558240890503,1.7364344596862793,1.7364344596862793,0.10593999922275543,5.50894313079834,nan,0.0,nan,0.0,60000,1,False,,,1,-76403.428725,20a993de1449498e817c9180321a4565,2019-05-30_14-46-27,1559252787,12.647223234176636,12.647223234176636,6389,steropes,169.229.49.254,"{'starting_lr': 0.5, 'momentum': 0.99, 'weight_decay': 0.0001, 'steps_per_iteration': None, 'pin': False, 'model_creator': None, 'target_batch_size': 1024, 'model_string': 'resnet18', 'min_batch_size': 512, 'dataset': 'CIFAR', 'placement': None, 'use_nccl': True, 'devices_per_worker': 1, 'primary_resource': 'extra_gpu', 'gpu': False, 'verbose': False, 'lr_config': {'mode': 'log', 'steps': 5, 'initial_lr': 0.5, 'target_lr': 0.5}, 'batch_per_device': 1024}",12.647223234176636,0,1,4744.092445714203,1
0.010617947578430176,0.1659376621246338,0.007012009620666504,0.03744961777511908,0.03838655948638916,nan,0.0,0.060350894927978516,0.09999999403953552,30.63317883300781,-0.09999999403953552,nan,0.0,nan,0.0,nan,0.0,0.10137999802827835,2.932972501296997,nan,0.0,nan,0.0,60000,1,False,,,2,-30.63317883300781,20a993de1449498e817c9180321a4565,2019-05-30_14-46-36,1559252796,8.966506719589233,21.61372995376587,6389,steropes,169.229.49.254,"{'starting_lr': 0.5, 'momentum': 0.99, 'weight_decay': 0.0001, 'steps_per_iteration': None, 'pin': False, 'model_creator': None, 'target_batch_size': 1024, 'model_string': 'resnet18', 'min_batch_size': 512, 'dataset': 'CIFAR', 'placement': None, 'use_nccl': True, 'devices_per_worker': 1, 'primary_resource': 'extra_gpu', 'gpu': False, 'verbose': False, 'lr_config': {'mode': 'log', 'steps': 5, 'initial_lr': 0.5, 'target_lr': 0.5}, 'batch_per_device': 1024}",21.61372995376587,0,2,5551.9836842988425,1
0.0077435970306396484,0.14332172870635987,0.004847860336303711,0.03370401810626594,0.02816472053527832,nan,0.0,0.05512082576751709,0.09699999541044235,2.6941580833435057,-0.09699999541044235,nan,0.0,nan,0.0,nan,0.0,0.10091999918222427,2.4070705319976806,nan,0.0,nan,0.0,60000,1,False,,,3,-2.6941580833435057,20a993de1449498e817c9180321a4565,2019-05-30_14-46-44,1559252804,8.630138158798218,30.243868112564087,6389,steropes,169.229.49.254,"{'starting_lr': 0.5, 'momentum': 0.99, 'weight_decay': 0.0001, 'steps_per_iteration': None, 'pin': False, 'model_creator': None, 'target_batch_size': 1024, 'model_string': 'resnet18', 'min_batch_size': 512, 'dataset': 'CIFAR', 'placement': None, 'use_nccl': True, 'devices_per_worker': 1, 'primary_resource': 'extra_gpu', 'gpu': False, 'verbose': False, 'lr_config': {'mode': 'log', 'steps': 5, 'initial_lr': 0.5, 'target_lr': 0.5}, 'batch_per_device': 1024}",30.243868112564087,0,3,5951.570676428747,1
0.009447860717773437,0.14292068481445314,0.004863238334655762,0.029393848107785593,0.044425368309020996,nan,0.0,0.06583619117736816,0.10099999606609344,2.364040788269043,-0.10099999606609344,nan,0.0,nan,0.0,nan,0.0,0.09927999973297119,2.3747960682678224,nan,0.0,nan,0.0,60000,1,False,,,4,-2.364040788269043,20a993de1449498e817c9180321a4565,2019-05-30_14-46-53,1559252813,8.551151990890503,38.79502010345459,6389,steropes,169.229.49.254,"{'starting_lr': 0.5, 'momentum': 0.99, 'weight_decay': 0.0001, 'steps_per_iteration': None, 'pin': False, 'model_creator': None, 'target_batch_size': 1024, 'model_string': 'resnet18', 'min_batch_size': 512, 'dataset': 'CIFAR', 'placement': None, 'use_nccl': True, 'devices_per_worker': 1, 'primary_resource': 'extra_gpu', 'gpu': False, 'verbose': False, 'lr_config': {'mode': 'log', 'steps': 5, 'initial_lr': 0.5, 'target_lr': 0.5}, 'batch_per_device': 1024}",38.79502010345459,0,4,6186.308969024034,1
0.0093245267868042,0.14367756843566895,0.004969000816345215,0.029483123701445912,0.040647363662719725,nan,0.0,0.06843152046203613,0.10159999877214432,2.332688985443115,-0.10159999877214432,nan,0.0,nan,0.0,nan,0.0,0.09945999830961227,2.344056616744995,nan,0.0,nan,0.0,60000,1,False,,,5,-2.332688985443115,20a993de1449498e817c9180321a4565,2019-05-30_14-47-01,1559252821,8.48844289779663,47.28346300125122,6389,steropes,169.229.49.254,"{'starting_lr': 0.5, 'momentum': 0.99, 'weight_decay': 0.0001, 'steps_per_iteration': None, 'pin': False, 'model_creator': None, 'target_batch_size': 1024, 'model_string': 'resnet18', 'min_batch_size': 512, 'dataset': 'CIFAR', 'placement': None, 'use_nccl': True, 'devices_per_worker': 1, 'primary_resource': 'extra_gpu', 'gpu': False, 'verbose': False, 'lr_config': {'mode': 'log', 'steps': 5, 'initial_lr': 0.5, 'target_lr': 0.5}, 'batch_per_device': 1024}",47.28346300125122,0,5,6344.65869133004,1
0.008125877380371094,0.14610953330993653,0.007350802421569824,0.03615809946644063,0.028957939147949217,nan,0.0,0.06890628337860108,0.09609999507665634,2.349373957824707,-0.09609999507665634,nan,0.0,nan,0.0,nan,0.0,0.09905999898910522,2.334902827835083,nan,0.0,nan,0.0,60000,1,False,,,6,-2.349373957824707,20a993de1449498e817c9180321a4565,2019-05-30_14-47-10,1559252830,8.658718347549438,55.94218134880066,6389,steropes,169.229.49.254,"{'starting_lr': 0.5, 'momentum': 0.99, 'weight_decay': 0.0001, 'steps_per_iteration': None, 'pin': False, 'model_creator': None, 'target_batch_size': 1024, 'model_string': 'resnet18', 'min_batch_size': 512, 'dataset': 'CIFAR', 'placement': None, 'use_nccl': True, 'devices_per_worker': 1, 'primary_resource': 'extra_gpu', 'gpu': False, 'verbose': False, 'lr_config': {'mode': 'log', 'steps': 5, 'initial_lr': 0.5, 'target_lr': 0.5}, 'batch_per_device': 1024}",55.94218134880066,0,6,6929.127225855201,1
0.0075242042541503905,0.12449743747711181,0.004776167869567871,0.03596932060864507,0.024181079864501954,nan,0.0,0.05057635307312012,0.09999999403953552,2.325674048614502,-0.09999999403953552,nan,0.0,nan,0.0,nan,0.0,0.10151999443769455,2.322650863723755,nan,0.0,nan,0.0,60000,1,False,,,7,-2.325674048614502,20a993de1449498e817c9180321a4565,2019-05-30_14-48-06,1559252886,8.923207521438599,64.86538887023926,6389,steropes,169.229.49.254,"{'starting_lr': 0.5, 'momentum': 0.99, 'weight_decay': 0.0001, 'steps_per_iteration': None, 'pin': False, 'model_creator': None, 'target_batch_size': 1024, 'model_string': 'resnet18', 'min_batch_size': 512, 'dataset': 'CIFAR', 'placement': None, 'use_nccl': True, 'devices_per_worker': 1, 'primary_resource': 'extra_gpu', 'gpu': False, 'verbose': False, 'lr_config': {'mode': 'log', 'steps': 5, 'initial_lr': 0.5, 'target_lr': 0.5}, 'batch_per_device': 1024}",64.86538887023926,0,7,6936.062888762346,1
0.008512258529663086,0.12372806072235107,0.004562115669250489,0.0336863459373007,0.02570464611053467,nan,0.0,0.051166749000549315,0.10089999437332153,2.3277609527587892,-0.10089999437332153,nan,0.0,nan,0.0,nan,0.0,0.10649999976158142,2.3130569235229492,nan,0.0,nan,0.0,60000,1,False,,,8,-2.3277609527587892,20a993de1449498e817c9180321a4565,2019-05-30_14-48-15,1559252895,8.709344387054443,73.5747332572937,6389,steropes,169.229.49.254,"{'starting_lr': 0.5, 'momentum': 0.99, 'weight_decay': 0.0001, 'steps_per_iteration': None, 'pin': False, 'model_creator': None, 'target_batch_size': 1024, 'model_string': 'resnet18', 'min_batch_size': 512, 'dataset': 'CIFAR', 'placement': None, 'use_nccl': True, 'devices_per_worker': 1, 'primary_resource': 'extra_gpu', 'gpu': False, 'verbose': False, 'lr_config': {'mode': 'log', 'steps': 5, 'initial_lr': 0.5, 'target_lr': 0.5}, 'batch_per_device': 1024}",73.5747332572937,0,8,6923.385254353984,1
0.008051300048828125,0.12426896095275879,0.00484006404876709,0.02970602561016472,0.030750298500061037,nan,0.0,0.05605018138885498,0.1006999984383583,2.3716174602508544,-0.1006999984383583,nan,0.0,nan,0.0,nan,0.0,0.11515999585390091,2.3096830046081545,nan,0.0,nan,0.0,60000,1,False,,,9,-2.3716174602508544,20a993de1449498e817c9180321a4565,2019-05-30_14-48-24,1559252904,8.74550175666809,82.32023501396179,6389,steropes,169.229.49.254,"{'starting_lr': 0.5, 'momentum': 0.99, 'weight_decay': 0.0001, 'steps_per_iteration': None, 'pin': False, 'model_creator': None, 'target_batch_size': 1024, 'model_string': 'resnet18', 'min_batch_size': 512, 'dataset': 'CIFAR', 'placement': None, 'use_nccl': True, 'devices_per_worker': 1, 'primary_resource': 'extra_gpu', 'gpu': False, 'verbose': False, 'lr_config': {'mode': 'log', 'steps': 5, 'initial_lr': 0.5, 'target_lr': 0.5}, 'batch_per_device': 1024}",82.32023501396179,0,9,6892.47152139903,1
0.008794331550598144,0.1384333610534668,0.005905246734619141,0.032328566726373166,0.027376818656921386,nan,0.0,0.049291563034057614,0.13120000064373016,2.3062174713134764,-0.13120000064373016,nan,0.0,nan,0.0,nan,0.0,0.13458000123500824,2.26315451713562,nan,0.0,nan,0.0,60000,1,False,,,10,-2.3062174713134764,20a993de1449498e817c9180321a4565,2019-05-30_14-48-33,1559252913,8.88057255744934,91.20080757141113,6389,steropes,169.229.49.254,"{'starting_lr': 0.5, 'momentum': 0.99, 'weight_decay': 0.0001, 'steps_per_iteration': None, 'pin': False, 'model_creator': None, 'target_batch_size': 1024, 'model_string': 'resnet18', 'min_batch_size': 512, 'dataset': 'CIFAR', 'placement': None, 'use_nccl': True, 'devices_per_worker': 1, 'primary_resource': 'extra_gpu', 'gpu': False, 'verbose': False, 'lr_config': {'mode': 'log', 'steps': 5, 'initial_lr': 0.5, 'target_lr': 0.5}, 'batch_per_device': 1024}",91.20080757141113,0,10,6830.931440415412,1
0.007335186004638672,0.11875450611114502,0.004865717887878418,0.04114736829485212,0.021938848495483398,nan,0.0,0.04321653842926025,0.09999999403953552,3.1803533618927,-0.09999999403953552,nan,0.0,nan,0.0,nan,0.0,0.18615999817848206,2.1300851849365237,nan,0.0,nan,0.0,60000,1,False,,,11,-3.1803533618927,20a993de1449498e817c9180321a4565,2019-05-30_14-48-40,1559252920,7.383650541305542,98.58445811271667,6389,steropes,169.229.49.254,"{'starting_lr': 0.5, 'momentum': 0.99, 'weight_decay': 0.0001, 'steps_per_iteration': None, 'pin': False, 'model_creator': None, 'target_batch_size': 1024, 'model_string': 'resnet18', 'min_batch_size': 512, 'dataset': 'CIFAR', 'placement': None, 'use_nccl': True, 'devices_per_worker': 1, 'primary_resource': 'extra_gpu', 'gpu': False, 'verbose': False, 'lr_config': {'mode': 'log', 'steps': 5, 'initial_lr': 0.5, 'target_lr': 0.5}, 'batch_per_device': 1024}",98.58445811271667,0,11,7035.207161350879,1
0.008724308013916016,0.12776591777801513,0.0064416170120239254,0.05208973008759168,0.022786331176757813,nan,0.0,0.04470984935760498,0.21629999577999115,2.023141538619995,-0.21629999577999115,nan,0.0,nan,0.0,nan,0.0,0.23583999276161194,1.9982095476150512,nan,0.0,nan,0.0,60000,1,True,,,12,-2.023141538619995,20a993de1449498e817c9180321a4565,2019-05-30_14-48-48,1559252928,7.899969816207886,106.48442792892456,6389,steropes,169.229.49.254,"{'starting_lr': 0.5, 'momentum': 0.99, 'weight_decay': 0.0001, 'steps_per_iteration': None, 'pin': False, 'model_creator': None, 'target_batch_size': 1024, 'model_string': 'resnet18', 'min_batch_size': 512, 'dataset': 'CIFAR', 'placement': None, 'use_nccl': True, 'devices_per_worker': 1, 'primary_resource': 'extra_gpu', 'gpu': False, 'verbose': False, 'lr_config': {'mode': 'log', 'steps': 5, 'initial_lr': 0.5, 'target_lr': 0.5}, 'batch_per_device': 1024}",106.48442792892456,0,12,7208.173854784705,1
