apply,batch_time,d2h,data_time,fwd,get_state_time_mean,get_state_time_total,grad,mean_accuracy,mean_loss,neg_mean_accuracy,set_state_time_mean,set_state_time_total,setup_model_time_mean,setup_model_time_total,setup_proc_time_mean,setup_proc_time_total,train_accuracy,train_loss,training_time_mean,training_time_total,validation_time_mean,validation_time_total,samples,num_workers,done,timesteps_total,episodes_total,training_iteration,neg_mean_loss,experiment_id,date,timestamp,time_this_iter_s,time_total_s,pid,hostname,node_ip,config,time_since_restore,timesteps_since_restore,iterations_since_restore,mean_throughput,atoms,resource_time
0.007661128044128418,0.1883999824523926,0.004949307441711426,0.042804669360725245,0.0668266773223877,nan,0.0,0.1579735040664673,0.4114999771118164,1.6490355127334595,-0.4114999771118164,nan,0.0,19.6810302734375,19.6810302734375,1.6138646602630615,1.6138646602630615,0.32986000180244446,2.0434653396987916,nan,0.0,nan,0.0,60000,1,False,,,1,-1.6490355127334595,3d2b95fc81034817b3694ba2062e3709,2019-05-30_14-01-29,1559250089,12.614962100982666,12.614962100982666,18253,steropes,169.229.49.254,"{'starting_lr': 0.05, 'momentum': 0.9, 'weight_decay': 0.005, 'steps_per_iteration': None, 'pin': False, 'model_creator': None, 'target_batch_size': 1024, 'model_string': 'resnet18', 'min_batch_size': 512, 'dataset': 'CIFAR', 'placement': None, 'use_nccl': True, 'devices_per_worker': 1, 'primary_resource': 'extra_gpu', 'gpu': False, 'verbose': False, 'lr_config': {'mode': 'log', 'steps': 5, 'initial_lr': 0.05, 'target_lr': 0.05}, 'batch_per_device': 1024}",12.614962100982666,0,1,4756.217485282574,1,12.614962100982666
0.007434582710266114,0.13666677474975586,0.005008864402770996,0.03441257866061464,0.026117587089538576,nan,0.0,0.048217058181762695,0.4821999967098236,1.4575317283630371,-0.4821999967098236,nan,0.0,nan,0.0,nan,0.0,0.48173999786376953,1.4292668727874756,nan,0.0,nan,0.0,60000,1,False,,,2,-1.4575317283630371,3d2b95fc81034817b3694ba2062e3709,2019-05-30_14-01-37,1559250097,8.218681573867798,20.833643674850464,18253,steropes,169.229.49.254,"{'starting_lr': 0.05, 'momentum': 0.9, 'weight_decay': 0.005, 'steps_per_iteration': None, 'pin': False, 'model_creator': None, 'target_batch_size': 1024, 'model_string': 'resnet18', 'min_batch_size': 512, 'dataset': 'CIFAR', 'placement': None, 'use_nccl': True, 'devices_per_worker': 1, 'primary_resource': 'extra_gpu', 'gpu': False, 'verbose': False, 'lr_config': {'mode': 'log', 'steps': 5, 'initial_lr': 0.05, 'target_lr': 0.05}, 'batch_per_device': 1024}",20.833643674850464,0,2,5759.860938415988,1,20.833643674850464
0.007660555839538574,0.13105862140655516,0.004767131805419922,0.03724595965171347,0.024993276596069335,nan,0.0,0.04503779411315918,0.527899980545044,1.3349405513763428,-0.527899980545044,nan,0.0,nan,0.0,nan,0.0,0.5463199615478516,1.2605593321990967,nan,0.0,nan,0.0,60000,1,False,,,3,-1.3349405513763428,3d2b95fc81034817b3694ba2062e3709,2019-05-30_14-01-45,1559250105,8.170427799224854,29.004071474075317,18253,steropes,169.229.49.254,"{'starting_lr': 0.05, 'momentum': 0.9, 'weight_decay': 0.005, 'steps_per_iteration': None, 'pin': False, 'model_creator': None, 'target_batch_size': 1024, 'model_string': 'resnet18', 'min_batch_size': 512, 'dataset': 'CIFAR', 'placement': None, 'use_nccl': True, 'devices_per_worker': 1, 'primary_resource': 'extra_gpu', 'gpu': False, 'verbose': False, 'lr_config': {'mode': 'log', 'steps': 5, 'initial_lr': 0.05, 'target_lr': 0.05}, 'batch_per_device': 1024}",29.004071474075317,0,3,6205.967198630669,1,29.004071474075317
0.0076266050338745115,0.14851632118225097,0.00473024845123291,0.040771654673985074,0.025024104118347167,nan,0.0,0.05219357013702393,0.5952000021934509,1.1338459375381469,-0.5952000021934509,nan,0.0,nan,0.0,nan,0.0,0.5950999855995178,1.1274909410476686,nan,0.0,nan,0.0,60000,1,False,,,4,-1.1338459375381469,3d2b95fc81034817b3694ba2062e3709,2019-05-30_14-01-53,1559250113,8.237473726272583,37.2415452003479,18253,steropes,169.229.49.254,"{'starting_lr': 0.05, 'momentum': 0.9, 'weight_decay': 0.005, 'steps_per_iteration': None, 'pin': False, 'model_creator': None, 'target_batch_size': 1024, 'model_string': 'resnet18', 'min_batch_size': 512, 'dataset': 'CIFAR', 'placement': None, 'use_nccl': True, 'devices_per_worker': 1, 'primary_resource': 'extra_gpu', 'gpu': False, 'verbose': False, 'lr_config': {'mode': 'log', 'steps': 5, 'initial_lr': 0.05, 'target_lr': 0.05}, 'batch_per_device': 1024}",37.2415452003479,0,4,6444.35451352459,1,37.2415452003479
0.00878441333770752,0.12769596576690673,0.005059003829956055,0.0322701882342903,0.025124096870422365,nan,0.0,0.047381925582885745,0.5587999820709229,1.3133238565444947,-0.5587999820709229,nan,0.0,nan,0.0,nan,0.0,0.6325799822807312,1.036366132698059,nan,0.0,nan,0.0,60000,1,False,,,5,-1.3133238565444947,3d2b95fc81034817b3694ba2062e3709,2019-05-30_14-02-01,1559250121,7.974342346191406,45.21588754653931,18253,steropes,169.229.49.254,"{'starting_lr': 0.05, 'momentum': 0.9, 'weight_decay': 0.005, 'steps_per_iteration': None, 'pin': False, 'model_creator': None, 'target_batch_size': 1024, 'model_string': 'resnet18', 'min_batch_size': 512, 'dataset': 'CIFAR', 'placement': None, 'use_nccl': True, 'devices_per_worker': 1, 'primary_resource': 'extra_gpu', 'gpu': False, 'verbose': False, 'lr_config': {'mode': 'log', 'steps': 5, 'initial_lr': 0.05, 'target_lr': 0.05}, 'batch_per_device': 1024}",45.21588754653931,0,5,6634.761272285405,1,45.21588754653931
0.007566380500793457,0.11995646953582764,0.004735493659973144,0.042127545999020945,0.02146294116973877,nan,0.0,0.04446563720703125,0.6504999995231628,1.0003397849082947,-0.6504999995231628,nan,0.0,nan,0.0,nan,0.0,0.655959963798523,0.9693092550849914,nan,0.0,nan,0.0,60000,1,False,,,6,-1.0003397849082947,3d2b95fc81034817b3694ba2062e3709,2019-05-30_14-02-09,1559250129,8.005427837371826,53.22131538391113,18253,steropes,169.229.49.254,"{'starting_lr': 0.05, 'momentum': 0.9, 'weight_decay': 0.005, 'steps_per_iteration': None, 'pin': False, 'model_creator': None, 'target_batch_size': 1024, 'model_string': 'resnet18', 'min_batch_size': 512, 'dataset': 'CIFAR', 'placement': None, 'use_nccl': True, 'devices_per_worker': 1, 'primary_resource': 'extra_gpu', 'gpu': False, 'verbose': False, 'lr_config': {'mode': 'log', 'steps': 5, 'initial_lr': 0.05, 'target_lr': 0.05}, 'batch_per_device': 1024}",53.22131538391113,0,6,7387.904686567698,1,53.22131538391113
0.008779549598693847,0.1320551872253418,0.004663634300231934,0.03282684695963957,0.0223801851272583,nan,0.0,0.04803996086120606,0.6204999685287476,1.099854511642456,-0.6204999685287476,nan,0.0,nan,0.0,nan,0.0,0.6762599945068359,0.920161857509613,nan,0.0,nan,0.0,60000,1,False,,,7,-1.099854511642456,3d2b95fc81034817b3694ba2062e3709,2019-05-30_14-02-17,1559250137,8.045658349990845,61.26697373390198,18253,steropes,169.229.49.254,"{'starting_lr': 0.05, 'momentum': 0.9, 'weight_decay': 0.005, 'steps_per_iteration': None, 'pin': False, 'model_creator': None, 'target_batch_size': 1024, 'model_string': 'resnet18', 'min_batch_size': 512, 'dataset': 'CIFAR', 'placement': None, 'use_nccl': True, 'devices_per_worker': 1, 'primary_resource': 'extra_gpu', 'gpu': False, 'verbose': False, 'lr_config': {'mode': 'log', 'steps': 5, 'initial_lr': 0.05, 'target_lr': 0.05}, 'batch_per_device': 1024}",61.26697373390198,0,7,7419.51996366621,1,61.26697373390198
0.007505941390991211,0.12547271251678466,0.007072257995605469,0.040688407664396326,0.023761439323425292,nan,0.0,0.04432137012481689,0.638700008392334,1.0316721205711366,-0.638700008392334,nan,0.0,nan,0.0,nan,0.0,0.6908599734306335,0.8788309322929382,nan,0.0,nan,0.0,60000,1,False,,,8,-1.0316721205711366,3d2b95fc81034817b3694ba2062e3709,2019-05-30_14-02-26,1559250146,8.220606327056885,69.48758006095886,18253,steropes,169.229.49.254,"{'starting_lr': 0.05, 'momentum': 0.9, 'weight_decay': 0.005, 'steps_per_iteration': None, 'pin': False, 'model_creator': None, 'target_batch_size': 1024, 'model_string': 'resnet18', 'min_batch_size': 512, 'dataset': 'CIFAR', 'placement': None, 'use_nccl': True, 'devices_per_worker': 1, 'primary_resource': 'extra_gpu', 'gpu': False, 'verbose': False, 'lr_config': {'mode': 'log', 'steps': 5, 'initial_lr': 0.05, 'target_lr': 0.05}, 'batch_per_device': 1024}",69.48758006095886,0,8,7410.32295182406,1,69.48758006095886
0.008371090888977051,0.12173786163330078,0.004682517051696778,0.040838426473189374,0.02220745086669922,nan,0.0,0.04379491806030274,0.6845999956130981,0.8999802865028381,-0.6845999956130981,nan,0.0,nan,0.0,nan,0.0,0.7073599696159363,0.8416875998306275,nan,0.0,nan,0.0,60000,1,False,,,9,-0.8999802865028381,3d2b95fc81034817b3694ba2062e3709,2019-05-30_14-02-34,1559250154,7.9923083782196045,77.47988843917847,18253,steropes,169.229.49.254,"{'starting_lr': 0.05, 'momentum': 0.9, 'weight_decay': 0.005, 'steps_per_iteration': None, 'pin': False, 'model_creator': None, 'target_batch_size': 1024, 'model_string': 'resnet18', 'min_batch_size': 512, 'dataset': 'CIFAR', 'placement': None, 'use_nccl': True, 'devices_per_worker': 1, 'primary_resource': 'extra_gpu', 'gpu': False, 'verbose': False, 'lr_config': {'mode': 'log', 'steps': 5, 'initial_lr': 0.05, 'target_lr': 0.05}, 'batch_per_device': 1024}",77.47988843917847,0,9,7455.472334819753,1,77.47988843917847
0.007425975799560547,0.1270832061767578,0.005353069305419922,0.04185658571671466,0.022773218154907227,nan,0.0,0.04448902606964111,0.6851999759674072,0.9282688607215881,-0.6851999759674072,nan,0.0,nan,0.0,nan,0.0,0.7178800106048584,0.8096959703826905,nan,0.0,nan,0.0,60000,1,False,,,10,-0.9282688607215881,3d2b95fc81034817b3694ba2062e3709,2019-05-30_14-02-42,1559250162,8.142287015914917,85.62217545509338,18253,steropes,169.229.49.254,"{'starting_lr': 0.05, 'momentum': 0.9, 'weight_decay': 0.005, 'steps_per_iteration': None, 'pin': False, 'model_creator': None, 'target_batch_size': 1024, 'model_string': 'resnet18', 'min_batch_size': 512, 'dataset': 'CIFAR', 'placement': None, 'use_nccl': True, 'devices_per_worker': 1, 'primary_resource': 'extra_gpu', 'gpu': False, 'verbose': False, 'lr_config': {'mode': 'log', 'steps': 5, 'initial_lr': 0.05, 'target_lr': 0.05}, 'batch_per_device': 1024}",85.62217545509338,0,10,7424.498070652532,1,85.62217545509338
0.00803811550140381,0.12468628883361817,0.004969096183776856,0.03598451127811354,0.023429274559020996,nan,0.0,0.05175337791442871,0.6864999532699585,0.9080833933830261,-0.6864999532699585,nan,0.0,nan,0.0,nan,0.0,0.7233200073242188,0.798739745349884,nan,0.0,nan,0.0,60000,1,False,,,11,-0.9080833933830261,3d2b95fc81034817b3694ba2062e3709,2019-05-30_14-02-50,1559250170,7.919245481491089,93.54142093658447,18253,steropes,169.229.49.254,"{'starting_lr': 0.05, 'momentum': 0.9, 'weight_decay': 0.005, 'steps_per_iteration': None, 'pin': False, 'model_creator': None, 'target_batch_size': 1024, 'model_string': 'resnet18', 'min_batch_size': 512, 'dataset': 'CIFAR', 'placement': None, 'use_nccl': True, 'devices_per_worker': 1, 'primary_resource': 'extra_gpu', 'gpu': False, 'verbose': False, 'lr_config': {'mode': 'log', 'steps': 5, 'initial_lr': 0.05, 'target_lr': 0.05}, 'batch_per_device': 1024}",93.54142093658447,0,11,7440.379851225303,1,93.54142093658447
0.0073051929473876955,0.11624753475189209,0.004308915138244629,0.05813804451300173,0.02063915729522705,nan,0.0,0.04284067153930664,0.7056999802589417,0.8555397564888001,-0.7056999802589417,nan,0.0,nan,0.0,nan,0.0,0.7371999621391296,0.7579460801506043,nan,0.0,nan,0.0,60000,1,False,,,12,-0.8555397564888001,3d2b95fc81034817b3694ba2062e3709,2019-05-30_14-02-58,1559250178,8.537505149841309,102.07892608642578,18253,steropes,169.229.49.254,"{'starting_lr': 0.05, 'momentum': 0.9, 'weight_decay': 0.005, 'steps_per_iteration': None, 'pin': False, 'model_creator': None, 'target_batch_size': 1024, 'model_string': 'resnet18', 'min_batch_size': 512, 'dataset': 'CIFAR', 'placement': None, 'use_nccl': True, 'devices_per_worker': 1, 'primary_resource': 'extra_gpu', 'gpu': False, 'verbose': False, 'lr_config': {'mode': 'log', 'steps': 5, 'initial_lr': 0.05, 'target_lr': 0.05}, 'batch_per_device': 1024}",102.07892608642578,0,12,7350.712701942207,1,102.07892608642578
0.007450664043426513,0.11697007417678834,0.0026069402694702147,0.013776212322468659,0.04496339559555054,nan,0.0,0.1115355372428894,0.7264999747276306,0.7947210776805878,-0.7264999747276306,7.787839651107788,7.787839651107788,11.64069378376007,11.64069378376007,0.2521390914916992,0.2521390914916992,0.7422399520874023,0.7439300608634949,nan,0.0,nan,0.0,60000,2,False,,,13,-0.7947210776805878,3d2b95fc81034817b3694ba2062e3709,2019-05-30_14-03-27,1559250207,8.172202348709106,110.25112843513489,18242,steropes,169.229.49.254,"{'starting_lr': 0.05, 'momentum': 0.9, 'weight_decay': 0.005, 'steps_per_iteration': None, 'pin': False, 'model_creator': None, 'target_batch_size': 1024, 'model_string': 'resnet18', 'min_batch_size': 512, 'dataset': 'CIFAR', 'placement': None, 'use_nccl': True, 'devices_per_worker': 1, 'primary_resource': 'extra_gpu', 'gpu': False, 'verbose': False, 'lr_config': {'mode': 'log', 'steps': 5, 'initial_lr': 0.05, 'target_lr': 0.05}, 'batch_per_device': 512}",8.172202348709106,0,1,7341.837235412234,2,118.423330783844
0.007764053344726562,0.08481441736221314,0.002913808822631836,0.013842497553144182,0.017867183685302733,nan,0.0,0.048379170894622806,0.6560999751091003,0.9969676664352418,-0.6560999751091003,nan,0.0,nan,0.0,nan,0.0,0.7496399879455566,0.7302848297786713,nan,0.0,nan,0.0,60000,2,False,,,14,-0.9969676664352418,3d2b95fc81034817b3694ba2062e3709,2019-05-30_14-03-33,1559250213,6.099415063858032,116.35054349899292,18242,steropes,169.229.49.254,"{'starting_lr': 0.05, 'momentum': 0.9, 'weight_decay': 0.005, 'steps_per_iteration': None, 'pin': False, 'model_creator': None, 'target_batch_size': 1024, 'model_string': 'resnet18', 'min_batch_size': 512, 'dataset': 'CIFAR', 'placement': None, 'use_nccl': True, 'devices_per_worker': 1, 'primary_resource': 'extra_gpu', 'gpu': False, 'verbose': False, 'lr_config': {'mode': 'log', 'steps': 5, 'initial_lr': 0.05, 'target_lr': 0.05}, 'batch_per_device': 512}",14.271617412567139,0,2,8408.168061497596,2,130.62216091156006
0.007740473747253418,0.09112192392349243,0.003931701183319092,0.01439066322482362,0.018801748752593994,nan,0.0,0.05121995210647583,0.6858999729156494,0.8923880620479584,-0.6858999729156494,nan,0.0,nan,0.0,nan,0.0,0.7536199688911438,0.7179499792003632,nan,0.0,nan,0.0,60000,2,False,,,15,-0.8923880620479584,3d2b95fc81034817b3694ba2062e3709,2019-05-30_14-03-39,1559250219,6.286297082901001,122.63684058189392,18242,steropes,169.229.49.254,"{'starting_lr': 0.05, 'momentum': 0.9, 'weight_decay': 0.005, 'steps_per_iteration': None, 'pin': False, 'model_creator': None, 'target_batch_size': 1024, 'model_string': 'resnet18', 'min_batch_size': 512, 'dataset': 'CIFAR', 'placement': None, 'use_nccl': True, 'devices_per_worker': 1, 'primary_resource': 'extra_gpu', 'gpu': False, 'verbose': False, 'lr_config': {'mode': 'log', 'steps': 5, 'initial_lr': 0.05, 'target_lr': 0.05}, 'batch_per_device': 512}",20.55791449546814,0,3,8755.62593897085,2,143.19475507736206
0.007691240310668946,0.09584916830062866,0.0034453153610229494,0.014551977722012267,0.01771392822265625,nan,0.0,0.051590597629547125,0.6886999607086182,0.9133964868068696,-0.6886999607086182,nan,0.0,nan,0.0,nan,0.0,0.7594599723815918,0.7046075859642029,nan,0.0,nan,0.0,60000,2,False,,,16,-0.9133964868068696,3d2b95fc81034817b3694ba2062e3709,2019-05-30_14-03-46,1559250226,6.241450548171997,128.87829113006592,18242,steropes,169.229.49.254,"{'starting_lr': 0.05, 'momentum': 0.9, 'weight_decay': 0.005, 'steps_per_iteration': None, 'pin': False, 'model_creator': None, 'target_batch_size': 1024, 'model_string': 'resnet18', 'min_batch_size': 512, 'dataset': 'CIFAR', 'placement': None, 'use_nccl': True, 'devices_per_worker': 1, 'primary_resource': 'extra_gpu', 'gpu': False, 'verbose': False, 'lr_config': {'mode': 'log', 'steps': 5, 'initial_lr': 0.05, 'target_lr': 0.05}, 'batch_per_device': 512}",26.799365043640137,0,4,8955.30938068457,2,155.67765617370605
0.008047723770141601,0.09302172660827637,0.002807533740997315,0.014171539520730778,0.018099057674407962,nan,0.0,0.05154240131378174,0.6875999569892883,0.9532893936157227,-0.6875999569892883,nan,0.0,nan,0.0,nan,0.0,0.7620799541473389,0.6961850417232514,nan,0.0,nan,0.0,60000,2,False,,,17,-0.9532893936157227,3d2b95fc81034817b3694ba2062e3709,2019-05-30_14-03-52,1559250232,6.043313264846802,134.92160439491272,18242,steropes,169.229.49.254,"{'starting_lr': 0.05, 'momentum': 0.9, 'weight_decay': 0.005, 'steps_per_iteration': None, 'pin': False, 'model_creator': None, 'target_batch_size': 1024, 'model_string': 'resnet18', 'min_batch_size': 512, 'dataset': 'CIFAR', 'placement': None, 'use_nccl': True, 'devices_per_worker': 1, 'primary_resource': 'extra_gpu', 'gpu': False, 'verbose': False, 'lr_config': {'mode': 'log', 'steps': 5, 'initial_lr': 0.05, 'target_lr': 0.05}, 'batch_per_device': 512}",32.84267830848694,0,5,9134.329814405497,2,167.76428270339966
0.007520866394042969,0.09381104707717895,0.0026947021484375,0.01362126214163644,0.01826972961425781,nan,0.0,0.05167063474655151,0.7086999416351318,0.8517287637710571,-0.7086999416351318,nan,0.0,nan,0.0,nan,0.0,0.7701599597930908,0.676029930973053,nan,0.0,nan,0.0,60000,2,False,,,18,-0.8517287637710571,3d2b95fc81034817b3694ba2062e3709,2019-05-30_14-03-58,1559250238,6.044478416442871,140.9660828113556,18242,steropes,169.229.49.254,"{'starting_lr': 0.05, 'momentum': 0.9, 'weight_decay': 0.005, 'steps_per_iteration': None, 'pin': False, 'model_creator': None, 'target_batch_size': 1024, 'model_string': 'resnet18', 'min_batch_size': 512, 'dataset': 'CIFAR', 'placement': None, 'use_nccl': True, 'devices_per_worker': 1, 'primary_resource': 'extra_gpu', 'gpu': False, 'verbose': False, 'lr_config': {'mode': 'log', 'steps': 5, 'initial_lr': 0.05, 'target_lr': 0.05}, 'batch_per_device': 512}",38.88715672492981,0,6,9767.104735594017,2,179.8532395362854
0.007265722751617432,0.09123400449752808,0.0034379720687866214,0.013320453312932228,0.018040430545806882,nan,0.0,0.045861780643463135,0.7071000337600708,0.8526888525485992,-0.7071000337600708,nan,0.0,nan,0.0,nan,0.0,0.7714200019836426,0.6698665561389923,nan,0.0,nan,0.0,60000,2,False,,,19,-0.8526888525485992,3d2b95fc81034817b3694ba2062e3709,2019-05-30_14-04-04,1559250244,5.941333532333374,146.90741634368896,18242,steropes,169.229.49.254,"{'starting_lr': 0.05, 'momentum': 0.9, 'weight_decay': 0.005, 'steps_per_iteration': None, 'pin': False, 'model_creator': None, 'target_batch_size': 1024, 'model_string': 'resnet18', 'min_batch_size': 512, 'dataset': 'CIFAR', 'placement': None, 'use_nccl': True, 'devices_per_worker': 1, 'primary_resource': 'extra_gpu', 'gpu': False, 'verbose': False, 'lr_config': {'mode': 'log', 'steps': 5, 'initial_lr': 0.05, 'target_lr': 0.05}, 'batch_per_device': 512}",44.828490257263184,0,7,9817.63408437992,2,191.73590660095215
0.007848846912384033,0.0955315351486206,0.002794134616851807,0.013554845537458147,0.019258093833923337,nan,0.0,0.049293112754821775,0.7252999544143677,0.83022637758255,-0.7252999544143677,nan,0.0,nan,0.0,nan,0.0,0.7729200124740601,0.6698010677528381,nan,0.0,nan,0.0,60000,2,False,,,20,-0.83022637758255,3d2b95fc81034817b3694ba2062e3709,2019-05-30_14-04-10,1559250250,6.144658088684082,153.05207443237305,18242,steropes,169.229.49.254,"{'starting_lr': 0.05, 'momentum': 0.9, 'weight_decay': 0.005, 'steps_per_iteration': None, 'pin': False, 'model_creator': None, 'target_batch_size': 1024, 'model_string': 'resnet18', 'min_batch_size': 512, 'dataset': 'CIFAR', 'placement': None, 'use_nccl': True, 'devices_per_worker': 1, 'primary_resource': 'extra_gpu', 'gpu': False, 'verbose': False, 'lr_config': {'mode': 'log', 'steps': 5, 'initial_lr': 0.05, 'target_lr': 0.05}, 'batch_per_device': 512}",50.973148345947266,0,8,9863.353850501786,2,204.0252227783203
0.007220852375030518,0.08878138065338134,0.0029496669769287108,0.014491645657286351,0.018256556987762452,nan,0.0,0.04940199851989746,0.6576999425888062,1.0589512937545775,-0.6576999425888062,nan,0.0,nan,0.0,nan,0.0,0.7771799564361572,0.6535423386764526,nan,0.0,nan,0.0,60000,2,False,,,21,-1.0589512937545775,3d2b95fc81034817b3694ba2062e3709,2019-05-30_14-04-16,1559250256,5.893361330032349,158.9454357624054,18242,steropes,169.229.49.254,"{'starting_lr': 0.05, 'momentum': 0.9, 'weight_decay': 0.005, 'steps_per_iteration': None, 'pin': False, 'model_creator': None, 'target_batch_size': 1024, 'model_string': 'resnet18', 'min_batch_size': 512, 'dataset': 'CIFAR', 'placement': None, 'use_nccl': True, 'devices_per_worker': 1, 'primary_resource': 'extra_gpu', 'gpu': False, 'verbose': False, 'lr_config': {'mode': 'log', 'steps': 5, 'initial_lr': 0.05, 'target_lr': 0.05}, 'batch_per_device': 512}",56.866509675979614,0,9,9977.544223179157,2,215.811945438385
0.00733712911605835,0.09345403909683228,0.002632737159729004,0.014587037417353416,0.017999207973480223,nan,0.0,0.04847420454025268,0.7450000047683716,0.773354764842987,-0.7450000047683716,nan,0.0,nan,0.0,nan,0.0,0.777419924736023,0.6524653990650178,nan,0.0,nan,0.0,60000,2,False,,,22,-0.773354764842987,3d2b95fc81034817b3694ba2062e3709,2019-05-30_14-04-22,1559250262,6.125718116760254,165.07115387916565,18242,steropes,169.229.49.254,"{'starting_lr': 0.05, 'momentum': 0.9, 'weight_decay': 0.005, 'steps_per_iteration': None, 'pin': False, 'model_creator': None, 'target_batch_size': 1024, 'model_string': 'resnet18', 'min_batch_size': 512, 'dataset': 'CIFAR', 'placement': None, 'use_nccl': True, 'devices_per_worker': 1, 'primary_resource': 'extra_gpu', 'gpu': False, 'verbose': False, 'lr_config': {'mode': 'log', 'steps': 5, 'initial_lr': 0.05, 'target_lr': 0.05}, 'batch_per_device': 512}",62.99222779273987,0,10,9950.274454496684,2,228.06338167190552
0.00795104503631592,0.09360167980194092,0.0029057025909423827,0.013591204370771135,0.017076635360717775,nan,0.0,0.0494392991065979,0.7213000059127808,0.8485219601631164,-0.7213000059127808,nan,0.0,nan,0.0,nan,0.0,0.7852199673652649,0.6357878664398193,nan,0.0,nan,0.0,60000,2,False,,,23,-0.8485219601631164,3d2b95fc81034817b3694ba2062e3709,2019-05-30_14-04-28,1559250268,5.985738515853882,171.05689239501953,18242,steropes,169.229.49.254,"{'starting_lr': 0.05, 'momentum': 0.9, 'weight_decay': 0.005, 'steps_per_iteration': None, 'pin': False, 'model_creator': None, 'target_batch_size': 1024, 'model_string': 'resnet18', 'min_batch_size': 512, 'dataset': 'CIFAR', 'placement': None, 'use_nccl': True, 'devices_per_worker': 1, 'primary_resource': 'extra_gpu', 'gpu': False, 'verbose': False, 'lr_config': {'mode': 'log', 'steps': 5, 'initial_lr': 0.05, 'target_lr': 0.05}, 'batch_per_device': 512}",68.97796630859375,0,11,9969.696758891747,2,240.03485870361328
0.0076875567436218255,0.09260812997817994,0.003497767448425293,0.013273319419549436,0.01743791103363037,nan,0.0,0.049045681953430176,0.7450000047683716,0.7664407237052917,-0.7450000047683716,nan,0.0,nan,0.0,nan,0.0,0.7827000021934509,0.6412717018318177,nan,0.0,nan,0.0,60000,2,False,,,24,-0.7664407237052917,3d2b95fc81034817b3694ba2062e3709,2019-05-30_14-04-34,1559250274,5.840243101119995,176.89713549613953,18242,steropes,169.229.49.254,"{'starting_lr': 0.05, 'momentum': 0.9, 'weight_decay': 0.005, 'steps_per_iteration': None, 'pin': False, 'model_creator': None, 'target_batch_size': 1024, 'model_string': 'resnet18', 'min_batch_size': 512, 'dataset': 'CIFAR', 'placement': None, 'use_nccl': True, 'devices_per_worker': 1, 'primary_resource': 'extra_gpu', 'gpu': False, 'verbose': False, 'lr_config': {'mode': 'log', 'steps': 5, 'initial_lr': 0.05, 'target_lr': 0.05}, 'batch_per_device': 512}",74.81820940971375,0,12,10003.303188065403,2,251.71534490585327
0.007776367664337158,0.09432635307312012,0.0033412933349609374,0.014036993591152892,0.01700757741928101,nan,0.0,0.04683617353439331,0.7065999507904053,0.8951054381370545,-0.7065999507904053,nan,0.0,nan,0.0,nan,0.0,0.7860399484634399,0.6271367328453064,nan,0.0,nan,0.0,60000,2,False,,,25,-0.8951054381370545,3d2b95fc81034817b3694ba2062e3709,2019-05-30_14-04-40,1559250280,5.987713575363159,182.88484907150269,18242,steropes,169.229.49.254,"{'starting_lr': 0.05, 'momentum': 0.9, 'weight_decay': 0.005, 'steps_per_iteration': None, 'pin': False, 'model_creator': None, 'target_batch_size': 1024, 'model_string': 'resnet18', 'min_batch_size': 512, 'dataset': 'CIFAR', 'placement': None, 'use_nccl': True, 'devices_per_worker': 1, 'primary_resource': 'extra_gpu', 'gpu': False, 'verbose': False, 'lr_config': {'mode': 'log', 'steps': 5, 'initial_lr': 0.05, 'target_lr': 0.05}, 'batch_per_device': 512}",80.8059229850769,0,13,10055.926382144322,2,263.6907720565796
0.008337783813476562,0.09317498207092284,0.003044605255126953,0.0143267281201421,0.017774009704589845,nan,0.0,0.04778071641921997,0.6958000063896179,0.93932557015419,-0.6958000063896179,nan,0.0,nan,0.0,nan,0.0,0.792959988117218,0.6123187986946106,nan,0.0,nan,0.0,60000,2,False,,,26,-0.93932557015419,3d2b95fc81034817b3694ba2062e3709,2019-05-30_14-04-46,1559250286,6.161317825317383,189.04616689682007,18242,steropes,169.229.49.254,"{'starting_lr': 0.05, 'momentum': 0.9, 'weight_decay': 0.005, 'steps_per_iteration': None, 'pin': False, 'model_creator': None, 'target_batch_size': 1024, 'model_string': 'resnet18', 'min_batch_size': 512, 'dataset': 'CIFAR', 'placement': None, 'use_nccl': True, 'devices_per_worker': 1, 'primary_resource': 'extra_gpu', 'gpu': False, 'verbose': False, 'lr_config': {'mode': 'log', 'steps': 5, 'initial_lr': 0.05, 'target_lr': 0.05}, 'batch_per_device': 512}",86.96724081039429,0,14,9966.408935414225,2,276.01340770721436
0.007260799407958984,0.10076500177383424,0.0029736518859863285,0.014160596594518545,0.016576850414276124,nan,0.0,0.0526472806930542,0.7302999496459961,0.8140662558078766,-0.7302999496459961,nan,0.0,nan,0.0,nan,0.0,0.7891799807548523,0.616134363269806,nan,0.0,nan,0.0,60000,2,False,,,27,-0.8140662558078766,3d2b95fc81034817b3694ba2062e3709,2019-05-30_14-04-52,1559250292,6.433946847915649,195.48011374473572,18242,steropes,169.229.49.254,"{'starting_lr': 0.05, 'momentum': 0.9, 'weight_decay': 0.005, 'steps_per_iteration': None, 'pin': False, 'model_creator': None, 'target_batch_size': 1024, 'model_string': 'resnet18', 'min_batch_size': 512, 'dataset': 'CIFAR', 'placement': None, 'use_nccl': True, 'devices_per_worker': 1, 'primary_resource': 'extra_gpu', 'gpu': False, 'verbose': False, 'lr_config': {'mode': 'log', 'steps': 5, 'initial_lr': 0.05, 'target_lr': 0.05}, 'batch_per_device': 512}",93.40118765830994,0,15,9865.387674460817,2,288.88130140304565
0.007329702377319336,0.09368757009506226,0.0036606192588806152,0.013824353412706025,0.01712803840637207,nan,0.0,0.04605965614318848,0.6658999919891357,1.010207666873932,-0.6658999919891357,nan,0.0,nan,0.0,nan,0.0,0.7908999919891357,0.6140496271991729,nan,0.0,nan,0.0,60000,2,False,,,28,-1.010207666873932,3d2b95fc81034817b3694ba2062e3709,2019-05-30_14-04-58,1559250298,5.861195802688599,201.34130954742432,18242,steropes,169.229.49.254,"{'starting_lr': 0.05, 'momentum': 0.9, 'weight_decay': 0.005, 'steps_per_iteration': None, 'pin': False, 'model_creator': None, 'target_batch_size': 1024, 'model_string': 'resnet18', 'min_batch_size': 512, 'dataset': 'CIFAR', 'placement': None, 'use_nccl': True, 'devices_per_worker': 1, 'primary_resource': 'extra_gpu', 'gpu': False, 'verbose': False, 'lr_config': {'mode': 'log', 'steps': 5, 'initial_lr': 0.05, 'target_lr': 0.05}, 'batch_per_device': 512}",99.26238346099854,0,16,9905.961045659556,2,300.60369300842285
0.007391059398651123,0.08604328632354737,0.002770340442657471,0.012823827412663674,0.016681110858917235,nan,0.0,0.0448966383934021,0.7127000093460083,0.8557326316833496,-0.7127000093460083,nan,0.0,nan,0.0,nan,0.0,0.7946399450302124,0.6056412438774108,nan,0.0,nan,0.0,60000,2,False,,,29,-0.8557326316833496,3d2b95fc81034817b3694ba2062e3709,2019-05-30_14-05-04,1559250304,5.4697349071502686,206.81104445457458,18242,steropes,169.229.49.254,"{'starting_lr': 0.05, 'momentum': 0.9, 'weight_decay': 0.005, 'steps_per_iteration': None, 'pin': False, 'model_creator': None, 'target_batch_size': 1024, 'model_string': 'resnet18', 'min_batch_size': 512, 'dataset': 'CIFAR', 'placement': None, 'use_nccl': True, 'devices_per_worker': 1, 'primary_resource': 'extra_gpu', 'gpu': False, 'verbose': False, 'lr_config': {'mode': 'log', 'steps': 5, 'initial_lr': 0.05, 'target_lr': 0.05}, 'batch_per_device': 512}",104.7321183681488,0,17,10028.652274322245,2,311.5431628227234
0.007040071487426757,0.08937640190124513,0.0028696537017822267,0.012720392674815898,0.016252684593200686,nan,0.0,0.045778167247772214,0.7487999796867371,0.7285701783657074,-0.7487999796867371,nan,0.0,nan,0.0,nan,0.0,0.7930399775505066,0.6013508307170867,nan,0.0,nan,0.0,60000,2,False,,,30,-0.7285701783657074,3d2b95fc81034817b3694ba2062e3709,2019-05-30_14-05-09,1559250309,5.495143890380859,212.30618834495544,18242,steropes,169.229.49.254,"{'starting_lr': 0.05, 'momentum': 0.9, 'weight_decay': 0.005, 'steps_per_iteration': None, 'pin': False, 'model_creator': None, 'target_batch_size': 1024, 'model_string': 'resnet18', 'min_batch_size': 512, 'dataset': 'CIFAR', 'placement': None, 'use_nccl': True, 'devices_per_worker': 1, 'primary_resource': 'extra_gpu', 'gpu': False, 'verbose': False, 'lr_config': {'mode': 'log', 'steps': 5, 'initial_lr': 0.05, 'target_lr': 0.05}, 'batch_per_device': 512}",110.22726225852966,0,18,10196.549984570145,2,322.5334506034851
0.007055747509002686,0.0871053695678711,0.003010237216949463,0.012614478870313995,0.01658686399459839,nan,0.0,0.04359537363052368,0.7290999889373779,0.8141212737560273,-0.7290999889373779,nan,0.0,nan,0.0,nan,0.0,0.7996799945831299,0.5919581471347809,nan,0.0,nan,0.0,60000,2,False,,,31,-0.8141212737560273,3d2b95fc81034817b3694ba2062e3709,2019-05-30_14-05-15,1559250315,5.435451030731201,217.74163937568665,18242,steropes,169.229.49.254,"{'starting_lr': 0.05, 'momentum': 0.9, 'weight_decay': 0.005, 'steps_per_iteration': None, 'pin': False, 'model_creator': None, 'target_batch_size': 1024, 'model_string': 'resnet18', 'min_batch_size': 512, 'dataset': 'CIFAR', 'placement': None, 'use_nccl': True, 'devices_per_worker': 1, 'primary_resource': 'extra_gpu', 'gpu': False, 'verbose': False, 'lr_config': {'mode': 'log', 'steps': 5, 'initial_lr': 0.05, 'target_lr': 0.05}, 'batch_per_device': 512}",115.66271328926086,0,19,10454.473333258613,2,333.4043526649475
0.0077816486358642575,0.09665402173995971,0.0039485454559326175,0.013778348358309999,0.019876158237457274,nan,0.0,0.05335924625396729,0.7217999696731567,0.8237154782295226,-0.7217999696731567,nan,0.0,nan,0.0,nan,0.0,0.7989599704742432,0.5921416376876831,nan,0.0,nan,0.0,60000,2,False,,,32,-0.8237154782295226,3d2b95fc81034817b3694ba2062e3709,2019-05-30_14-05-21,1559250321,6.029503107070923,223.77114248275757,18242,steropes,169.229.49.254,"{'starting_lr': 0.05, 'momentum': 0.9, 'weight_decay': 0.005, 'steps_per_iteration': None, 'pin': False, 'model_creator': None, 'target_batch_size': 1024, 'model_string': 'resnet18', 'min_batch_size': 512, 'dataset': 'CIFAR', 'placement': None, 'use_nccl': True, 'devices_per_worker': 1, 'primary_resource': 'extra_gpu', 'gpu': False, 'verbose': False, 'lr_config': {'mode': 'log', 'steps': 5, 'initial_lr': 0.05, 'target_lr': 0.05}, 'batch_per_device': 512}",121.69221639633179,0,20,10603.926713013643,2,345.46335887908936
0.00731961727142334,0.10098661184310914,0.004320156574249268,0.013119870302628497,0.019198274612426756,nan,0.0,0.04826006889343262,0.746399998664856,0.745918706703186,-0.746399998664856,nan,0.0,nan,0.0,nan,0.0,0.7980999946594238,0.5913935983753205,nan,0.0,nan,0.0,60000,2,False,,,33,-0.745918706703186,3d2b95fc81034817b3694ba2062e3709,2019-05-30_14-05-27,1559250327,5.904732704162598,229.67587518692017,18242,steropes,169.229.49.254,"{'starting_lr': 0.05, 'momentum': 0.9, 'weight_decay': 0.005, 'steps_per_iteration': None, 'pin': False, 'model_creator': None, 'target_batch_size': 1024, 'model_string': 'resnet18', 'min_batch_size': 512, 'dataset': 'CIFAR', 'placement': None, 'use_nccl': True, 'devices_per_worker': 1, 'primary_resource': 'extra_gpu', 'gpu': False, 'verbose': False, 'lr_config': {'mode': 'log', 'steps': 5, 'initial_lr': 0.05, 'target_lr': 0.05}, 'batch_per_device': 512}",127.59694910049438,0,21,10587.630742019723,2,357.27282428741455
0.007256221771240234,0.09491324424743652,0.002817976474761963,0.014141846676262058,0.016372430324554443,nan,0.0,0.04385265111923218,0.7477999925613403,0.7471751796245575,-0.7477999925613403,nan,0.0,nan,0.0,nan,0.0,0.798259973526001,0.595983505935669,nan,0.0,nan,0.0,60000,2,False,,,34,-0.7471751796245575,3d2b95fc81034817b3694ba2062e3709,2019-05-30_14-05-32,1559250332,5.851564884185791,235.52744007110596,18242,steropes,169.229.49.254,"{'starting_lr': 0.05, 'momentum': 0.9, 'weight_decay': 0.005, 'steps_per_iteration': None, 'pin': False, 'model_creator': None, 'target_batch_size': 1024, 'model_string': 'resnet18', 'min_batch_size': 512, 'dataset': 'CIFAR', 'placement': None, 'use_nccl': True, 'devices_per_worker': 1, 'primary_resource': 'extra_gpu', 'gpu': False, 'verbose': False, 'lr_config': {'mode': 'log', 'steps': 5, 'initial_lr': 0.05, 'target_lr': 0.05}, 'batch_per_device': 512}",133.44851398468018,0,22,10446.85374024347,2,368.97595405578613
0.007068312168121338,0.09438346624374389,0.0038109540939331053,0.014198013714381627,0.018054771423339847,nan,0.0,0.04665896892547607,0.6942999362945557,0.916193705701828,-0.6942999362945557,nan,0.0,nan,0.0,nan,0.0,0.8030799627304077,0.5818684818553925,nan,0.0,nan,0.0,60000,2,False,,,35,-0.916193705701828,3d2b95fc81034817b3694ba2062e3709,2019-05-30_14-05-38,1559250338,5.930562496185303,241.45800256729126,18242,steropes,169.229.49.254,"{'starting_lr': 0.05, 'momentum': 0.9, 'weight_decay': 0.005, 'steps_per_iteration': None, 'pin': False, 'model_creator': None, 'target_batch_size': 1024, 'model_string': 'resnet18', 'min_batch_size': 512, 'dataset': 'CIFAR', 'placement': None, 'use_nccl': True, 'devices_per_worker': 1, 'primary_resource': 'extra_gpu', 'gpu': False, 'verbose': False, 'lr_config': {'mode': 'log', 'steps': 5, 'initial_lr': 0.05, 'target_lr': 0.05}, 'batch_per_device': 512}",139.37907648086548,0,23,10290.817948358854,2,380.83707904815674
0.007311403751373291,0.09046628475189208,0.0027566790580749513,0.01371167143996881,0.018036854267120362,nan,0.0,0.048308956623077395,0.7829999923706055,0.6440682919979095,-0.7829999923706055,nan,0.0,nan,0.0,nan,0.0,0.8071199655532837,0.57315800532341,nan,0.0,nan,0.0,60000,2,False,,,36,-0.6440682919979095,3d2b95fc81034817b3694ba2062e3709,2019-05-30_14-05-44,1559250344,5.898701429367065,247.35670399665833,18242,steropes,169.229.49.254,"{'starting_lr': 0.05, 'momentum': 0.9, 'weight_decay': 0.005, 'steps_per_iteration': None, 'pin': False, 'model_creator': None, 'target_batch_size': 1024, 'model_string': 'resnet18', 'min_batch_size': 512, 'dataset': 'CIFAR', 'placement': None, 'use_nccl': True, 'devices_per_worker': 1, 'primary_resource': 'extra_gpu', 'gpu': False, 'verbose': False, 'lr_config': {'mode': 'log', 'steps': 5, 'initial_lr': 0.05, 'target_lr': 0.05}, 'batch_per_device': 512}",145.27777791023254,0,24,10129.845595777113,2,392.63448190689087
0.007191300392150879,0.09833096265792846,0.0029839038848876952,0.013521968101968571,0.017178833484649658,nan,0.0,0.04825131893157959,0.7447999715805054,0.768811054944992,-0.7447999715805054,nan,0.0,nan,0.0,nan,0.0,0.8041599988937378,0.5766193316268922,nan,0.0,nan,0.0,60000,2,False,,,37,-0.768811054944992,3d2b95fc81034817b3694ba2062e3709,2019-05-30_14-05-50,1559250350,5.967313528060913,253.32401752471924,18242,steropes,169.229.49.254,"{'starting_lr': 0.05, 'momentum': 0.9, 'weight_decay': 0.005, 'steps_per_iteration': None, 'pin': False, 'model_creator': None, 'target_batch_size': 1024, 'model_string': 'resnet18', 'min_batch_size': 512, 'dataset': 'CIFAR', 'placement': None, 'use_nccl': True, 'devices_per_worker': 1, 'primary_resource': 'extra_gpu', 'gpu': False, 'verbose': False, 'lr_config': {'mode': 'log', 'steps': 5, 'initial_lr': 0.05, 'target_lr': 0.05}, 'batch_per_device': 512}",151.24509143829346,0,25,10151.164260281512,2,404.5691089630127
0.0072287917137146,0.09504135847091674,0.003123247623443603,0.013874134238885373,0.017691361904144286,nan,0.0,0.04595978260040283,0.7661999464035034,0.6870559636592866,-0.7661999464035034,nan,0.0,nan,0.0,nan,0.0,0.8072199821472168,0.5719636207103729,nan,0.0,nan,0.0,60000,2,False,,,38,-0.6870559636592866,3d2b95fc81034817b3694ba2062e3709,2019-05-30_14-05-56,1559250356,5.91903829574585,259.2430558204651,18242,steropes,169.229.49.254,"{'starting_lr': 0.05, 'momentum': 0.9, 'weight_decay': 0.005, 'steps_per_iteration': None, 'pin': False, 'model_creator': None, 'target_batch_size': 1024, 'model_string': 'resnet18', 'min_batch_size': 512, 'dataset': 'CIFAR', 'placement': None, 'use_nccl': True, 'devices_per_worker': 1, 'primary_resource': 'extra_gpu', 'gpu': False, 'verbose': False, 'lr_config': {'mode': 'log', 'steps': 5, 'initial_lr': 0.05, 'target_lr': 0.05}, 'batch_per_device': 512}",157.1641297340393,0,26,10146.2550602513,2,416.4071855545044
0.007484400272369384,0.09513039588928222,0.002958846092224121,0.013303569384983609,0.0173997163772583,nan,0.0,0.0465503454208374,0.7768999338150024,0.654500467157364,-0.7768999338150024,nan,0.0,nan,0.0,nan,0.0,0.807379961013794,0.5669282574558258,nan,0.0,nan,0.0,60000,2,False,,,39,-0.654500467157364,3d2b95fc81034817b3694ba2062e3709,2019-05-30_14-06-02,1559250362,6.030375719070435,265.2734315395355,18242,steropes,169.229.49.254,"{'starting_lr': 0.05, 'momentum': 0.9, 'weight_decay': 0.005, 'steps_per_iteration': None, 'pin': False, 'model_creator': None, 'target_batch_size': 1024, 'model_string': 'resnet18', 'min_batch_size': 512, 'dataset': 'CIFAR', 'placement': None, 'use_nccl': True, 'devices_per_worker': 1, 'primary_resource': 'extra_gpu', 'gpu': False, 'verbose': False, 'lr_config': {'mode': 'log', 'steps': 5, 'initial_lr': 0.05, 'target_lr': 0.05}, 'batch_per_device': 512}",163.19450545310974,0,27,10085.264886529758,2,428.46793699264526
0.007447302341461182,0.09333266019821167,0.002803313732147217,0.013455955349669164,0.01773895025253296,nan,0.0,0.04662214517593384,0.7056999802589417,0.93350101313591,-0.7056999802589417,nan,0.0,nan,0.0,nan,0.0,0.8110399842262268,0.5648606492805481,nan,0.0,nan,0.0,60000,2,False,,,40,-0.93350101313591,3d2b95fc81034817b3694ba2062e3709,2019-05-30_14-06-08,1559250368,5.803358793258667,271.0767903327942,18242,steropes,169.229.49.254,"{'starting_lr': 0.05, 'momentum': 0.9, 'weight_decay': 0.005, 'steps_per_iteration': None, 'pin': False, 'model_creator': None, 'target_batch_size': 1024, 'model_string': 'resnet18', 'min_batch_size': 512, 'dataset': 'CIFAR', 'placement': None, 'use_nccl': True, 'devices_per_worker': 1, 'primary_resource': 'extra_gpu', 'gpu': False, 'verbose': False, 'lr_config': {'mode': 'log', 'steps': 5, 'initial_lr': 0.05, 'target_lr': 0.05}, 'batch_per_device': 512}",168.9978642463684,0,28,10128.580585536509,2,440.0746545791626
0.006934237480163575,0.09620084762573242,0.002917838096618652,0.01362563639271016,0.017572677135467528,nan,0.0,0.04576783180236817,0.752299964427948,0.7395908082962036,-0.752299964427948,nan,0.0,nan,0.0,nan,0.0,0.8073599934577942,0.566823744277954,nan,0.0,nan,0.0,60000,2,False,,,41,-0.7395908082962036,3d2b95fc81034817b3694ba2062e3709,2019-05-30_14-06-14,1559250374,6.006823539733887,277.0836138725281,18242,steropes,169.229.49.254,"{'starting_lr': 0.05, 'momentum': 0.9, 'weight_decay': 0.005, 'steps_per_iteration': None, 'pin': False, 'model_creator': None, 'target_batch_size': 1024, 'model_string': 'resnet18', 'min_batch_size': 512, 'dataset': 'CIFAR', 'placement': None, 'use_nccl': True, 'devices_per_worker': 1, 'primary_resource': 'extra_gpu', 'gpu': False, 'verbose': False, 'lr_config': {'mode': 'log', 'steps': 5, 'initial_lr': 0.05, 'target_lr': 0.05}, 'batch_per_device': 512}",175.0046877861023,0,29,10091.744164099147,2,452.08830165863037
0.007161879539489746,0.09081076383590699,0.003322446346282959,0.014181217368768186,0.018923258781433104,nan,0.0,0.04553046226501465,0.7186000347137451,0.864608277130127,-0.7186000347137451,nan,0.0,nan,0.0,nan,0.0,0.8062599897384644,0.5695305125570298,nan,0.0,nan,0.0,60000,2,False,,,42,-0.864608277130127,3d2b95fc81034817b3694ba2062e3709,2019-05-30_14-06-20,1559250380,6.133445501327515,283.2170593738556,18242,steropes,169.229.49.254,"{'starting_lr': 0.05, 'momentum': 0.9, 'weight_decay': 0.005, 'steps_per_iteration': None, 'pin': False, 'model_creator': None, 'target_batch_size': 1024, 'model_string': 'resnet18', 'min_batch_size': 512, 'dataset': 'CIFAR', 'placement': None, 'use_nccl': True, 'devices_per_worker': 1, 'primary_resource': 'extra_gpu', 'gpu': False, 'verbose': False, 'lr_config': {'mode': 'log', 'steps': 5, 'initial_lr': 0.05, 'target_lr': 0.05}, 'batch_per_device': 512}",181.1381332874298,0,30,10035.657419515586,2,464.3551926612854
0.00827728509902954,0.08648850917816162,0.0027390122413635254,0.013867529071107203,0.01654905080795288,nan,0.0,0.05002847909927369,0.7559999823570251,0.7271545108795165,-0.7559999823570251,nan,0.0,nan,0.0,nan,0.0,0.8040000200271606,0.5782591355991363,nan,0.0,nan,0.0,60000,2,False,,,43,-0.7271545108795165,3d2b95fc81034817b3694ba2062e3709,2019-05-30_14-06-26,1559250386,5.896844387054443,289.11390376091003,18242,steropes,169.229.49.254,"{'starting_lr': 0.05, 'momentum': 0.9, 'weight_decay': 0.005, 'steps_per_iteration': None, 'pin': False, 'model_creator': None, 'target_batch_size': 1024, 'model_string': 'resnet18', 'min_batch_size': 512, 'dataset': 'CIFAR', 'placement': None, 'use_nccl': True, 'devices_per_worker': 1, 'primary_resource': 'extra_gpu', 'gpu': False, 'verbose': False, 'lr_config': {'mode': 'log', 'steps': 5, 'initial_lr': 0.05, 'target_lr': 0.05}, 'batch_per_device': 512}",187.03497767448425,0,31,10043.11057111865,2,476.1488814353943
0.0072575569152832035,0.08992669582366944,0.0029465675354003905,0.01294079605413943,0.01644066572189331,nan,0.0,0.0441481351852417,0.7688000202178955,0.708685362625122,-0.7688000202178955,nan,0.0,nan,0.0,nan,0.0,0.8142800331115723,0.5521287169075013,nan,0.0,nan,0.0,60000,2,False,,,44,-0.708685362625122,3d2b95fc81034817b3694ba2062e3709,2019-05-30_14-06-32,1559250392,5.880548477172852,294.9944522380829,18242,steropes,169.229.49.254,"{'starting_lr': 0.05, 'momentum': 0.9, 'weight_decay': 0.005, 'steps_per_iteration': None, 'pin': False, 'model_creator': None, 'target_batch_size': 1024, 'model_string': 'resnet18', 'min_batch_size': 512, 'dataset': 'CIFAR', 'placement': None, 'use_nccl': True, 'devices_per_worker': 1, 'primary_resource': 'extra_gpu', 'gpu': False, 'verbose': False, 'lr_config': {'mode': 'log', 'steps': 5, 'initial_lr': 0.05, 'target_lr': 0.05}, 'batch_per_device': 512}",192.9155261516571,0,32,10093.737731687113,2,487.90997838974
0.00719536542892456,0.0878113865852356,0.003313493728637695,0.014138438263717964,0.017095303535461424,nan,0.0,0.04517253637313842,0.7338999509811401,0.8385007622241973,-0.7338999509811401,nan,0.0,nan,0.0,nan,0.0,0.807979941368103,0.5607227248096466,nan,0.0,nan,0.0,60000,2,False,,,45,-0.8385007622241973,3d2b95fc81034817b3694ba2062e3709,2019-05-30_14-06-38,1559250398,5.902416706085205,300.8968689441681,18242,steropes,169.229.49.254,"{'starting_lr': 0.05, 'momentum': 0.9, 'weight_decay': 0.005, 'steps_per_iteration': None, 'pin': False, 'model_creator': None, 'target_batch_size': 1024, 'model_string': 'resnet18', 'min_batch_size': 512, 'dataset': 'CIFAR', 'placement': None, 'use_nccl': True, 'devices_per_worker': 1, 'primary_resource': 'extra_gpu', 'gpu': False, 'verbose': False, 'lr_config': {'mode': 'log', 'steps': 5, 'initial_lr': 0.05, 'target_lr': 0.05}, 'batch_per_device': 512}",198.8179428577423,0,33,10060.205992852974,2,499.7148118019104
0.00711451768875122,0.09591373205184936,0.002858173847198486,0.01440406575494883,0.017807710170745852,nan,0.0,0.04639078378677368,0.7608999609947205,0.7152532525539399,-0.7608999609947205,nan,0.0,nan,0.0,nan,0.0,0.807159960269928,0.5719036992073059,nan,0.0,nan,0.0,60000,2,False,,,46,-0.7152532525539399,3d2b95fc81034817b3694ba2062e3709,2019-05-30_14-06-44,1559250404,5.86548924446106,306.76235818862915,18242,steropes,169.229.49.254,"{'starting_lr': 0.05, 'momentum': 0.9, 'weight_decay': 0.005, 'steps_per_iteration': None, 'pin': False, 'model_creator': None, 'target_batch_size': 1024, 'model_string': 'resnet18', 'min_batch_size': 512, 'dataset': 'CIFAR', 'placement': None, 'use_nccl': True, 'devices_per_worker': 1, 'primary_resource': 'extra_gpu', 'gpu': False, 'verbose': False, 'lr_config': {'mode': 'log', 'steps': 5, 'initial_lr': 0.05, 'target_lr': 0.05}, 'batch_per_device': 512}",204.68343210220337,0,34,10108.09373651202,2,511.4457902908325
0.007373845577239991,0.09461109638214112,0.0032365798950195314,0.013509193245245486,0.017376434803009034,nan,0.0,0.048410558700561525,0.7204999923706055,0.8591267749786378,-0.7204999923706055,nan,0.0,nan,0.0,nan,0.0,0.8086400032043457,0.5603123657131195,nan,0.0,nan,0.0,60000,2,False,,,47,-0.8591267749786378,3d2b95fc81034817b3694ba2062e3709,2019-05-30_14-06-49,1559250409,5.807145118713379,312.56950330734253,18242,steropes,169.229.49.254,"{'starting_lr': 0.05, 'momentum': 0.9, 'weight_decay': 0.005, 'steps_per_iteration': None, 'pin': False, 'model_creator': None, 'target_batch_size': 1024, 'model_string': 'resnet18', 'min_batch_size': 512, 'dataset': 'CIFAR', 'placement': None, 'use_nccl': True, 'devices_per_worker': 1, 'primary_resource': 'extra_gpu', 'gpu': False, 'verbose': False, 'lr_config': {'mode': 'log', 'steps': 5, 'initial_lr': 0.05, 'target_lr': 0.05}, 'batch_per_device': 512}",210.49057722091675,0,35,10220.461186367722,2,523.0600805282593
0.00691680908203125,0.0867364525794983,0.0029571056365966797,0.012452359102210219,0.015819847583770752,nan,0.0,0.043677914142608645,0.7832000255584717,0.6657973083019257,-0.7832000255584717,nan,0.0,nan,0.0,nan,0.0,0.8114199638366699,0.5612550454616547,nan,0.0,nan,0.0,60000,2,False,,,48,-0.6657973083019257,3d2b95fc81034817b3694ba2062e3709,2019-05-30_14-06-55,1559250415,5.322912931442261,317.8924162387848,18242,steropes,169.229.49.254,"{'starting_lr': 0.05, 'momentum': 0.9, 'weight_decay': 0.005, 'steps_per_iteration': None, 'pin': False, 'model_creator': None, 'target_batch_size': 1024, 'model_string': 'resnet18', 'min_batch_size': 512, 'dataset': 'CIFAR', 'placement': None, 'use_nccl': True, 'devices_per_worker': 1, 'primary_resource': 'extra_gpu', 'gpu': False, 'verbose': False, 'lr_config': {'mode': 'log', 'steps': 5, 'initial_lr': 0.05, 'target_lr': 0.05}, 'batch_per_device': 512}",215.813490152359,0,36,10424.28780109879,2,533.7059063911438
0.007250630855560302,0.09057912826538086,0.002741134166717529,0.012583654754015863,0.016473829746246338,nan,0.0,0.04403678178787232,0.7496999502182007,0.7613538068771362,-0.7496999502182007,nan,0.0,nan,0.0,nan,0.0,0.8128599524497986,0.5529223449420929,nan,0.0,nan,0.0,60000,2,False,,,49,-0.7613538068771362,3d2b95fc81034817b3694ba2062e3709,2019-05-30_14-07-00,1559250420,5.383190155029297,323.2756063938141,18242,steropes,169.229.49.254,"{'starting_lr': 0.05, 'momentum': 0.9, 'weight_decay': 0.005, 'steps_per_iteration': None, 'pin': False, 'model_creator': None, 'target_batch_size': 1024, 'model_string': 'resnet18', 'min_batch_size': 512, 'dataset': 'CIFAR', 'placement': None, 'use_nccl': True, 'devices_per_worker': 1, 'primary_resource': 'extra_gpu', 'gpu': False, 'verbose': False, 'lr_config': {'mode': 'log', 'steps': 5, 'initial_lr': 0.05, 'target_lr': 0.05}, 'batch_per_device': 512}",221.1966803073883,0,37,10607.608449097197,2,544.4722867012024
0.006990253925323486,0.08684098720550537,0.002571117877960205,0.012346861313800422,0.01612515449523926,nan,0.0,0.04347209930419922,0.7428999543190002,0.7757394926548005,-0.7428999543190002,nan,0.0,nan,0.0,nan,0.0,0.8106600046157837,0.5604431768035889,nan,0.0,nan,0.0,60000,2,False,,,50,-0.7757394926548005,3d2b95fc81034817b3694ba2062e3709,2019-05-30_14-07-05,1559250425,5.301982402801514,328.5775887966156,18242,steropes,169.229.49.254,"{'starting_lr': 0.05, 'momentum': 0.9, 'weight_decay': 0.005, 'steps_per_iteration': None, 'pin': False, 'model_creator': None, 'target_batch_size': 1024, 'model_string': 'resnet18', 'min_batch_size': 512, 'dataset': 'CIFAR', 'placement': None, 'use_nccl': True, 'devices_per_worker': 1, 'primary_resource': 'extra_gpu', 'gpu': False, 'verbose': False, 'lr_config': {'mode': 'log', 'steps': 5, 'initial_lr': 0.05, 'target_lr': 0.05}, 'batch_per_device': 512}",226.49866271018982,0,38,10837.699665750706,2,555.0762515068054
0.006934642791748047,0.0866309404373169,0.00253140926361084,0.012524882141424686,0.016580533981323243,nan,0.0,0.0437167763710022,0.7496999502182007,0.7692566050529479,-0.7496999502182007,nan,0.0,nan,0.0,nan,0.0,0.8090399503707886,0.564041529417038,nan,0.0,nan,0.0,60000,2,False,,,51,-0.7692566050529479,3d2b95fc81034817b3694ba2062e3709,2019-05-30_14-07-11,1559250431,5.299253940582275,333.8768427371979,18242,steropes,169.229.49.254,"{'starting_lr': 0.05, 'momentum': 0.9, 'weight_decay': 0.005, 'steps_per_iteration': None, 'pin': False, 'model_creator': None, 'target_batch_size': 1024, 'model_string': 'resnet18', 'min_batch_size': 512, 'dataset': 'CIFAR', 'placement': None, 'use_nccl': True, 'devices_per_worker': 1, 'primary_resource': 'extra_gpu', 'gpu': False, 'verbose': False, 'lr_config': {'mode': 'log', 'steps': 5, 'initial_lr': 0.05, 'target_lr': 0.05}, 'batch_per_device': 512}",231.7979166507721,0,39,11064.044214561764,2,565.67475938797
0.007448840141296387,0.08579778671264648,0.0027616262435913082,0.012831982301206005,0.018410801887512207,nan,0.0,0.04604781866073608,0.7484999895095825,0.7692608030319215,-0.7484999895095825,nan,0.0,nan,0.0,nan,0.0,0.8086599707603455,0.5595970617580414,nan,0.0,nan,0.0,60000,2,False,,,52,-0.7692608030319215,3d2b95fc81034817b3694ba2062e3709,2019-05-30_14-07-16,1559250436,5.607599973678589,339.48444271087646,18242,steropes,169.229.49.254,"{'starting_lr': 0.05, 'momentum': 0.9, 'weight_decay': 0.005, 'steps_per_iteration': None, 'pin': False, 'model_creator': None, 'target_batch_size': 1024, 'model_string': 'resnet18', 'min_batch_size': 512, 'dataset': 'CIFAR', 'placement': None, 'use_nccl': True, 'devices_per_worker': 1, 'primary_resource': 'extra_gpu', 'gpu': False, 'verbose': False, 'lr_config': {'mode': 'log', 'steps': 5, 'initial_lr': 0.05, 'target_lr': 0.05}, 'batch_per_device': 512}",237.40551662445068,0,40,11146.070294911688,2,576.8899593353271
