{"apply": 0.007661128044128418, "batch_time": 0.1883999824523926, "d2h": 0.004949307441711426, "data_time": 0.042804669360725245, "fwd": 0.0668266773223877, "get_state_time_mean": NaN, "get_state_time_total": 0.0, "grad": 0.1579735040664673, "mean_accuracy": 0.4114999771118164, "mean_loss": 1.6490355127334595, "neg_mean_accuracy": -0.4114999771118164, "set_state_time_mean": NaN, "set_state_time_total": 0.0, "setup_model_time_mean": 19.6810302734375, "setup_model_time_total": 19.6810302734375, "setup_proc_time_mean": 1.6138646602630615, "setup_proc_time_total": 1.6138646602630615, "train_accuracy": 0.32986000180244446, "train_loss": 2.0434653396987916, "training_time_mean": NaN, "training_time_total": 0.0, "validation_time_mean": NaN, "validation_time_total": 0.0, "samples": 60000, "num_workers": 1, "done": false, "timesteps_total": null, "episodes_total": null, "training_iteration": 1, "neg_mean_loss": -1.6490355127334595, "experiment_id": "3d2b95fc81034817b3694ba2062e3709", "date": "2019-05-30_14-01-29", "timestamp": 1559250089, "time_this_iter_s": 12.614962100982666, "time_total_s": 12.614962100982666, "pid": 18253, "hostname": "steropes", "node_ip": "169.229.49.254", "config": {"starting_lr": 0.05, "momentum": 0.9, "weight_decay": 0.005, "steps_per_iteration": null, "pin": false, "model_creator": null, "target_batch_size": 1024, "model_string": "resnet18", "min_batch_size": 512, "dataset": "CIFAR", "placement": null, "use_nccl": true, "devices_per_worker": 1, "primary_resource": "extra_gpu", "gpu": false, "verbose": false, "lr_config": {"mode": "log", "steps": 5, "initial_lr": 0.05, "target_lr": 0.05}, "batch_per_device": 1024}, "time_since_restore": 12.614962100982666, "timesteps_since_restore": 0, "iterations_since_restore": 1, "mean_throughput": 4756.217485282574, "atoms": 1, "resource_time": 12.614962100982666}
{"apply": 0.007434582710266114, "batch_time": 0.13666677474975586, "d2h": 0.005008864402770996, "data_time": 0.03441257866061464, "fwd": 0.026117587089538576, "get_state_time_mean": NaN, "get_state_time_total": 0.0, "grad": 0.048217058181762695, "mean_accuracy": 0.4821999967098236, "mean_loss": 1.4575317283630371, "neg_mean_accuracy": -0.4821999967098236, "set_state_time_mean": NaN, "set_state_time_total": 0.0, "setup_model_time_mean": NaN, "setup_model_time_total": 0.0, "setup_proc_time_mean": NaN, "setup_proc_time_total": 0.0, "train_accuracy": 0.48173999786376953, "train_loss": 1.4292668727874756, "training_time_mean": NaN, "training_time_total": 0.0, "validation_time_mean": NaN, "validation_time_total": 0.0, "samples": 60000, "num_workers": 1, "done": false, "timesteps_total": null, "episodes_total": null, "training_iteration": 2, "neg_mean_loss": -1.4575317283630371, "experiment_id": "3d2b95fc81034817b3694ba2062e3709", "date": "2019-05-30_14-01-37", "timestamp": 1559250097, "time_this_iter_s": 8.218681573867798, "time_total_s": 20.833643674850464, "pid": 18253, "hostname": "steropes", "node_ip": "169.229.49.254", "config": {"starting_lr": 0.05, "momentum": 0.9, "weight_decay": 0.005, "steps_per_iteration": null, "pin": false, "model_creator": null, "target_batch_size": 1024, "model_string": "resnet18", "min_batch_size": 512, "dataset": "CIFAR", "placement": null, "use_nccl": true, "devices_per_worker": 1, "primary_resource": "extra_gpu", "gpu": false, "verbose": false, "lr_config": {"mode": "log", "steps": 5, "initial_lr": 0.05, "target_lr": 0.05}, "batch_per_device": 1024}, "time_since_restore": 20.833643674850464, "timesteps_since_restore": 0, "iterations_since_restore": 2, "mean_throughput": 5759.860938415988, "atoms": 1, "resource_time": 20.833643674850464}
{"apply": 0.007660555839538574, "batch_time": 0.13105862140655516, "d2h": 0.004767131805419922, "data_time": 0.03724595965171347, "fwd": 0.024993276596069335, "get_state_time_mean": NaN, "get_state_time_total": 0.0, "grad": 0.04503779411315918, "mean_accuracy": 0.527899980545044, "mean_loss": 1.3349405513763428, "neg_mean_accuracy": -0.527899980545044, "set_state_time_mean": NaN, "set_state_time_total": 0.0, "setup_model_time_mean": NaN, "setup_model_time_total": 0.0, "setup_proc_time_mean": NaN, "setup_proc_time_total": 0.0, "train_accuracy": 0.5463199615478516, "train_loss": 1.2605593321990967, "training_time_mean": NaN, "training_time_total": 0.0, "validation_time_mean": NaN, "validation_time_total": 0.0, "samples": 60000, "num_workers": 1, "done": false, "timesteps_total": null, "episodes_total": null, "training_iteration": 3, "neg_mean_loss": -1.3349405513763428, "experiment_id": "3d2b95fc81034817b3694ba2062e3709", "date": "2019-05-30_14-01-45", "timestamp": 1559250105, "time_this_iter_s": 8.170427799224854, "time_total_s": 29.004071474075317, "pid": 18253, "hostname": "steropes", "node_ip": "169.229.49.254", "config": {"starting_lr": 0.05, "momentum": 0.9, "weight_decay": 0.005, "steps_per_iteration": null, "pin": false, "model_creator": null, "target_batch_size": 1024, "model_string": "resnet18", "min_batch_size": 512, "dataset": "CIFAR", "placement": null, "use_nccl": true, "devices_per_worker": 1, "primary_resource": "extra_gpu", "gpu": false, "verbose": false, "lr_config": {"mode": "log", "steps": 5, "initial_lr": 0.05, "target_lr": 0.05}, "batch_per_device": 1024}, "time_since_restore": 29.004071474075317, "timesteps_since_restore": 0, "iterations_since_restore": 3, "mean_throughput": 6205.967198630669, "atoms": 1, "resource_time": 29.004071474075317}
{"apply": 0.0076266050338745115, "batch_time": 0.14851632118225097, "d2h": 0.00473024845123291, "data_time": 0.040771654673985074, "fwd": 0.025024104118347167, "get_state_time_mean": NaN, "get_state_time_total": 0.0, "grad": 0.05219357013702393, "mean_accuracy": 0.5952000021934509, "mean_loss": 1.1338459375381469, "neg_mean_accuracy": -0.5952000021934509, "set_state_time_mean": NaN, "set_state_time_total": 0.0, "setup_model_time_mean": NaN, "setup_model_time_total": 0.0, "setup_proc_time_mean": NaN, "setup_proc_time_total": 0.0, "train_accuracy": 0.5950999855995178, "train_loss": 1.1274909410476686, "training_time_mean": NaN, "training_time_total": 0.0, "validation_time_mean": NaN, "validation_time_total": 0.0, "samples": 60000, "num_workers": 1, "done": false, "timesteps_total": null, "episodes_total": null, "training_iteration": 4, "neg_mean_loss": -1.1338459375381469, "experiment_id": "3d2b95fc81034817b3694ba2062e3709", "date": "2019-05-30_14-01-53", "timestamp": 1559250113, "time_this_iter_s": 8.237473726272583, "time_total_s": 37.2415452003479, "pid": 18253, "hostname": "steropes", "node_ip": "169.229.49.254", "config": {"starting_lr": 0.05, "momentum": 0.9, "weight_decay": 0.005, "steps_per_iteration": null, "pin": false, "model_creator": null, "target_batch_size": 1024, "model_string": "resnet18", "min_batch_size": 512, "dataset": "CIFAR", "placement": null, "use_nccl": true, "devices_per_worker": 1, "primary_resource": "extra_gpu", "gpu": false, "verbose": false, "lr_config": {"mode": "log", "steps": 5, "initial_lr": 0.05, "target_lr": 0.05}, "batch_per_device": 1024}, "time_since_restore": 37.2415452003479, "timesteps_since_restore": 0, "iterations_since_restore": 4, "mean_throughput": 6444.35451352459, "atoms": 1, "resource_time": 37.2415452003479}
{"apply": 0.00878441333770752, "batch_time": 0.12769596576690673, "d2h": 0.005059003829956055, "data_time": 0.0322701882342903, "fwd": 0.025124096870422365, "get_state_time_mean": NaN, "get_state_time_total": 0.0, "grad": 0.047381925582885745, "mean_accuracy": 0.5587999820709229, "mean_loss": 1.3133238565444947, "neg_mean_accuracy": -0.5587999820709229, "set_state_time_mean": NaN, "set_state_time_total": 0.0, "setup_model_time_mean": NaN, "setup_model_time_total": 0.0, "setup_proc_time_mean": NaN, "setup_proc_time_total": 0.0, "train_accuracy": 0.6325799822807312, "train_loss": 1.036366132698059, "training_time_mean": NaN, "training_time_total": 0.0, "validation_time_mean": NaN, "validation_time_total": 0.0, "samples": 60000, "num_workers": 1, "done": false, "timesteps_total": null, "episodes_total": null, "training_iteration": 5, "neg_mean_loss": -1.3133238565444947, "experiment_id": "3d2b95fc81034817b3694ba2062e3709", "date": "2019-05-30_14-02-01", "timestamp": 1559250121, "time_this_iter_s": 7.974342346191406, "time_total_s": 45.21588754653931, "pid": 18253, "hostname": "steropes", "node_ip": "169.229.49.254", "config": {"starting_lr": 0.05, "momentum": 0.9, "weight_decay": 0.005, "steps_per_iteration": null, "pin": false, "model_creator": null, "target_batch_size": 1024, "model_string": "resnet18", "min_batch_size": 512, "dataset": "CIFAR", "placement": null, "use_nccl": true, "devices_per_worker": 1, "primary_resource": "extra_gpu", "gpu": false, "verbose": false, "lr_config": {"mode": "log", "steps": 5, "initial_lr": 0.05, "target_lr": 0.05}, "batch_per_device": 1024}, "time_since_restore": 45.21588754653931, "timesteps_since_restore": 0, "iterations_since_restore": 5, "mean_throughput": 6634.761272285405, "atoms": 1, "resource_time": 45.21588754653931}
{"apply": 0.007566380500793457, "batch_time": 0.11995646953582764, "d2h": 0.004735493659973144, "data_time": 0.042127545999020945, "fwd": 0.02146294116973877, "get_state_time_mean": NaN, "get_state_time_total": 0.0, "grad": 0.04446563720703125, "mean_accuracy": 0.6504999995231628, "mean_loss": 1.0003397849082947, "neg_mean_accuracy": -0.6504999995231628, "set_state_time_mean": NaN, "set_state_time_total": 0.0, "setup_model_time_mean": NaN, "setup_model_time_total": 0.0, "setup_proc_time_mean": NaN, "setup_proc_time_total": 0.0, "train_accuracy": 0.655959963798523, "train_loss": 0.9693092550849914, "training_time_mean": NaN, "training_time_total": 0.0, "validation_time_mean": NaN, "validation_time_total": 0.0, "samples": 60000, "num_workers": 1, "done": false, "timesteps_total": null, "episodes_total": null, "training_iteration": 6, "neg_mean_loss": -1.0003397849082947, "experiment_id": "3d2b95fc81034817b3694ba2062e3709", "date": "2019-05-30_14-02-09", "timestamp": 1559250129, "time_this_iter_s": 8.005427837371826, "time_total_s": 53.22131538391113, "pid": 18253, "hostname": "steropes", "node_ip": "169.229.49.254", "config": {"starting_lr": 0.05, "momentum": 0.9, "weight_decay": 0.005, "steps_per_iteration": null, "pin": false, "model_creator": null, "target_batch_size": 1024, "model_string": "resnet18", "min_batch_size": 512, "dataset": "CIFAR", "placement": null, "use_nccl": true, "devices_per_worker": 1, "primary_resource": "extra_gpu", "gpu": false, "verbose": false, "lr_config": {"mode": "log", "steps": 5, "initial_lr": 0.05, "target_lr": 0.05}, "batch_per_device": 1024}, "time_since_restore": 53.22131538391113, "timesteps_since_restore": 0, "iterations_since_restore": 6, "mean_throughput": 7387.904686567698, "atoms": 1, "resource_time": 53.22131538391113}
{"apply": 0.008779549598693847, "batch_time": 0.1320551872253418, "d2h": 0.004663634300231934, "data_time": 0.03282684695963957, "fwd": 0.0223801851272583, "get_state_time_mean": NaN, "get_state_time_total": 0.0, "grad": 0.04803996086120606, "mean_accuracy": 0.6204999685287476, "mean_loss": 1.099854511642456, "neg_mean_accuracy": -0.6204999685287476, "set_state_time_mean": NaN, "set_state_time_total": 0.0, "setup_model_time_mean": NaN, "setup_model_time_total": 0.0, "setup_proc_time_mean": NaN, "setup_proc_time_total": 0.0, "train_accuracy": 0.6762599945068359, "train_loss": 0.920161857509613, "training_time_mean": NaN, "training_time_total": 0.0, "validation_time_mean": NaN, "validation_time_total": 0.0, "samples": 60000, "num_workers": 1, "done": false, "timesteps_total": null, "episodes_total": null, "training_iteration": 7, "neg_mean_loss": -1.099854511642456, "experiment_id": "3d2b95fc81034817b3694ba2062e3709", "date": "2019-05-30_14-02-17", "timestamp": 1559250137, "time_this_iter_s": 8.045658349990845, "time_total_s": 61.26697373390198, "pid": 18253, "hostname": "steropes", "node_ip": "169.229.49.254", "config": {"starting_lr": 0.05, "momentum": 0.9, "weight_decay": 0.005, "steps_per_iteration": null, "pin": false, "model_creator": null, "target_batch_size": 1024, "model_string": "resnet18", "min_batch_size": 512, "dataset": "CIFAR", "placement": null, "use_nccl": true, "devices_per_worker": 1, "primary_resource": "extra_gpu", "gpu": false, "verbose": false, "lr_config": {"mode": "log", "steps": 5, "initial_lr": 0.05, "target_lr": 0.05}, "batch_per_device": 1024}, "time_since_restore": 61.26697373390198, "timesteps_since_restore": 0, "iterations_since_restore": 7, "mean_throughput": 7419.51996366621, "atoms": 1, "resource_time": 61.26697373390198}
{"apply": 0.007505941390991211, "batch_time": 0.12547271251678466, "d2h": 0.007072257995605469, "data_time": 0.040688407664396326, "fwd": 0.023761439323425292, "get_state_time_mean": NaN, "get_state_time_total": 0.0, "grad": 0.04432137012481689, "mean_accuracy": 0.638700008392334, "mean_loss": 1.0316721205711366, "neg_mean_accuracy": -0.638700008392334, "set_state_time_mean": NaN, "set_state_time_total": 0.0, "setup_model_time_mean": NaN, "setup_model_time_total": 0.0, "setup_proc_time_mean": NaN, "setup_proc_time_total": 0.0, "train_accuracy": 0.6908599734306335, "train_loss": 0.8788309322929382, "training_time_mean": NaN, "training_time_total": 0.0, "validation_time_mean": NaN, "validation_time_total": 0.0, "samples": 60000, "num_workers": 1, "done": false, "timesteps_total": null, "episodes_total": null, "training_iteration": 8, "neg_mean_loss": -1.0316721205711366, "experiment_id": "3d2b95fc81034817b3694ba2062e3709", "date": "2019-05-30_14-02-26", "timestamp": 1559250146, "time_this_iter_s": 8.220606327056885, "time_total_s": 69.48758006095886, "pid": 18253, "hostname": "steropes", "node_ip": "169.229.49.254", "config": {"starting_lr": 0.05, "momentum": 0.9, "weight_decay": 0.005, "steps_per_iteration": null, "pin": false, "model_creator": null, "target_batch_size": 1024, "model_string": "resnet18", "min_batch_size": 512, "dataset": "CIFAR", "placement": null, "use_nccl": true, "devices_per_worker": 1, "primary_resource": "extra_gpu", "gpu": false, "verbose": false, "lr_config": {"mode": "log", "steps": 5, "initial_lr": 0.05, "target_lr": 0.05}, "batch_per_device": 1024}, "time_since_restore": 69.48758006095886, "timesteps_since_restore": 0, "iterations_since_restore": 8, "mean_throughput": 7410.32295182406, "atoms": 1, "resource_time": 69.48758006095886}
{"apply": 0.008371090888977051, "batch_time": 0.12173786163330078, "d2h": 0.004682517051696778, "data_time": 0.040838426473189374, "fwd": 0.02220745086669922, "get_state_time_mean": NaN, "get_state_time_total": 0.0, "grad": 0.04379491806030274, "mean_accuracy": 0.6845999956130981, "mean_loss": 0.8999802865028381, "neg_mean_accuracy": -0.6845999956130981, "set_state_time_mean": NaN, "set_state_time_total": 0.0, "setup_model_time_mean": NaN, "setup_model_time_total": 0.0, "setup_proc_time_mean": NaN, "setup_proc_time_total": 0.0, "train_accuracy": 0.7073599696159363, "train_loss": 0.8416875998306275, "training_time_mean": NaN, "training_time_total": 0.0, "validation_time_mean": NaN, "validation_time_total": 0.0, "samples": 60000, "num_workers": 1, "done": false, "timesteps_total": null, "episodes_total": null, "training_iteration": 9, "neg_mean_loss": -0.8999802865028381, "experiment_id": "3d2b95fc81034817b3694ba2062e3709", "date": "2019-05-30_14-02-34", "timestamp": 1559250154, "time_this_iter_s": 7.9923083782196045, "time_total_s": 77.47988843917847, "pid": 18253, "hostname": "steropes", "node_ip": "169.229.49.254", "config": {"starting_lr": 0.05, "momentum": 0.9, "weight_decay": 0.005, "steps_per_iteration": null, "pin": false, "model_creator": null, "target_batch_size": 1024, "model_string": "resnet18", "min_batch_size": 512, "dataset": "CIFAR", "placement": null, "use_nccl": true, "devices_per_worker": 1, "primary_resource": "extra_gpu", "gpu": false, "verbose": false, "lr_config": {"mode": "log", "steps": 5, "initial_lr": 0.05, "target_lr": 0.05}, "batch_per_device": 1024}, "time_since_restore": 77.47988843917847, "timesteps_since_restore": 0, "iterations_since_restore": 9, "mean_throughput": 7455.472334819753, "atoms": 1, "resource_time": 77.47988843917847}
{"apply": 0.007425975799560547, "batch_time": 0.1270832061767578, "d2h": 0.005353069305419922, "data_time": 0.04185658571671466, "fwd": 0.022773218154907227, "get_state_time_mean": NaN, "get_state_time_total": 0.0, "grad": 0.04448902606964111, "mean_accuracy": 0.6851999759674072, "mean_loss": 0.9282688607215881, "neg_mean_accuracy": -0.6851999759674072, "set_state_time_mean": NaN, "set_state_time_total": 0.0, "setup_model_time_mean": NaN, "setup_model_time_total": 0.0, "setup_proc_time_mean": NaN, "setup_proc_time_total": 0.0, "train_accuracy": 0.7178800106048584, "train_loss": 0.8096959703826905, "training_time_mean": NaN, "training_time_total": 0.0, "validation_time_mean": NaN, "validation_time_total": 0.0, "samples": 60000, "num_workers": 1, "done": false, "timesteps_total": null, "episodes_total": null, "training_iteration": 10, "neg_mean_loss": -0.9282688607215881, "experiment_id": "3d2b95fc81034817b3694ba2062e3709", "date": "2019-05-30_14-02-42", "timestamp": 1559250162, "time_this_iter_s": 8.142287015914917, "time_total_s": 85.62217545509338, "pid": 18253, "hostname": "steropes", "node_ip": "169.229.49.254", "config": {"starting_lr": 0.05, "momentum": 0.9, "weight_decay": 0.005, "steps_per_iteration": null, "pin": false, "model_creator": null, "target_batch_size": 1024, "model_string": "resnet18", "min_batch_size": 512, "dataset": "CIFAR", "placement": null, "use_nccl": true, "devices_per_worker": 1, "primary_resource": "extra_gpu", "gpu": false, "verbose": false, "lr_config": {"mode": "log", "steps": 5, "initial_lr": 0.05, "target_lr": 0.05}, "batch_per_device": 1024}, "time_since_restore": 85.62217545509338, "timesteps_since_restore": 0, "iterations_since_restore": 10, "mean_throughput": 7424.498070652532, "atoms": 1, "resource_time": 85.62217545509338}
{"apply": 0.00803811550140381, "batch_time": 0.12468628883361817, "d2h": 0.004969096183776856, "data_time": 0.03598451127811354, "fwd": 0.023429274559020996, "get_state_time_mean": NaN, "get_state_time_total": 0.0, "grad": 0.05175337791442871, "mean_accuracy": 0.6864999532699585, "mean_loss": 0.9080833933830261, "neg_mean_accuracy": -0.6864999532699585, "set_state_time_mean": NaN, "set_state_time_total": 0.0, "setup_model_time_mean": NaN, "setup_model_time_total": 0.0, "setup_proc_time_mean": NaN, "setup_proc_time_total": 0.0, "train_accuracy": 0.7233200073242188, "train_loss": 0.798739745349884, "training_time_mean": NaN, "training_time_total": 0.0, "validation_time_mean": NaN, "validation_time_total": 0.0, "samples": 60000, "num_workers": 1, "done": false, "timesteps_total": null, "episodes_total": null, "training_iteration": 11, "neg_mean_loss": -0.9080833933830261, "experiment_id": "3d2b95fc81034817b3694ba2062e3709", "date": "2019-05-30_14-02-50", "timestamp": 1559250170, "time_this_iter_s": 7.919245481491089, "time_total_s": 93.54142093658447, "pid": 18253, "hostname": "steropes", "node_ip": "169.229.49.254", "config": {"starting_lr": 0.05, "momentum": 0.9, "weight_decay": 0.005, "steps_per_iteration": null, "pin": false, "model_creator": null, "target_batch_size": 1024, "model_string": "resnet18", "min_batch_size": 512, "dataset": "CIFAR", "placement": null, "use_nccl": true, "devices_per_worker": 1, "primary_resource": "extra_gpu", "gpu": false, "verbose": false, "lr_config": {"mode": "log", "steps": 5, "initial_lr": 0.05, "target_lr": 0.05}, "batch_per_device": 1024}, "time_since_restore": 93.54142093658447, "timesteps_since_restore": 0, "iterations_since_restore": 11, "mean_throughput": 7440.379851225303, "atoms": 1, "resource_time": 93.54142093658447}
{"apply": 0.0073051929473876955, "batch_time": 0.11624753475189209, "d2h": 0.004308915138244629, "data_time": 0.05813804451300173, "fwd": 0.02063915729522705, "get_state_time_mean": NaN, "get_state_time_total": 0.0, "grad": 0.04284067153930664, "mean_accuracy": 0.7056999802589417, "mean_loss": 0.8555397564888001, "neg_mean_accuracy": -0.7056999802589417, "set_state_time_mean": NaN, "set_state_time_total": 0.0, "setup_model_time_mean": NaN, "setup_model_time_total": 0.0, "setup_proc_time_mean": NaN, "setup_proc_time_total": 0.0, "train_accuracy": 0.7371999621391296, "train_loss": 0.7579460801506043, "training_time_mean": NaN, "training_time_total": 0.0, "validation_time_mean": NaN, "validation_time_total": 0.0, "samples": 60000, "num_workers": 1, "done": false, "timesteps_total": null, "episodes_total": null, "training_iteration": 12, "neg_mean_loss": -0.8555397564888001, "experiment_id": "3d2b95fc81034817b3694ba2062e3709", "date": "2019-05-30_14-02-58", "timestamp": 1559250178, "time_this_iter_s": 8.537505149841309, "time_total_s": 102.07892608642578, "pid": 18253, "hostname": "steropes", "node_ip": "169.229.49.254", "config": {"starting_lr": 0.05, "momentum": 0.9, "weight_decay": 0.005, "steps_per_iteration": null, "pin": false, "model_creator": null, "target_batch_size": 1024, "model_string": "resnet18", "min_batch_size": 512, "dataset": "CIFAR", "placement": null, "use_nccl": true, "devices_per_worker": 1, "primary_resource": "extra_gpu", "gpu": false, "verbose": false, "lr_config": {"mode": "log", "steps": 5, "initial_lr": 0.05, "target_lr": 0.05}, "batch_per_device": 1024}, "time_since_restore": 102.07892608642578, "timesteps_since_restore": 0, "iterations_since_restore": 12, "mean_throughput": 7350.712701942207, "atoms": 1, "resource_time": 102.07892608642578}
{"apply": 0.007450664043426513, "batch_time": 0.11697007417678834, "d2h": 0.0026069402694702147, "data_time": 0.013776212322468659, "fwd": 0.04496339559555054, "get_state_time_mean": NaN, "get_state_time_total": 0.0, "grad": 0.1115355372428894, "mean_accuracy": 0.7264999747276306, "mean_loss": 0.7947210776805878, "neg_mean_accuracy": -0.7264999747276306, "set_state_time_mean": 7.787839651107788, "set_state_time_total": 7.787839651107788, "setup_model_time_mean": 11.64069378376007, "setup_model_time_total": 11.64069378376007, "setup_proc_time_mean": 0.2521390914916992, "setup_proc_time_total": 0.2521390914916992, "train_accuracy": 0.7422399520874023, "train_loss": 0.7439300608634949, "training_time_mean": NaN, "training_time_total": 0.0, "validation_time_mean": NaN, "validation_time_total": 0.0, "samples": 60000, "num_workers": 2, "done": false, "timesteps_total": null, "episodes_total": null, "training_iteration": 13, "neg_mean_loss": -0.7947210776805878, "experiment_id": "3d2b95fc81034817b3694ba2062e3709", "date": "2019-05-30_14-03-27", "timestamp": 1559250207, "time_this_iter_s": 8.172202348709106, "time_total_s": 110.25112843513489, "pid": 18242, "hostname": "steropes", "node_ip": "169.229.49.254", "config": {"starting_lr": 0.05, "momentum": 0.9, "weight_decay": 0.005, "steps_per_iteration": null, "pin": false, "model_creator": null, "target_batch_size": 1024, "model_string": "resnet18", "min_batch_size": 512, "dataset": "CIFAR", "placement": null, "use_nccl": true, "devices_per_worker": 1, "primary_resource": "extra_gpu", "gpu": false, "verbose": false, "lr_config": {"mode": "log", "steps": 5, "initial_lr": 0.05, "target_lr": 0.05}, "batch_per_device": 512}, "time_since_restore": 8.172202348709106, "timesteps_since_restore": 0, "iterations_since_restore": 1, "mean_throughput": 7341.837235412234, "atoms": 2, "resource_time": 118.423330783844}
{"apply": 0.007764053344726562, "batch_time": 0.08481441736221314, "d2h": 0.002913808822631836, "data_time": 0.013842497553144182, "fwd": 0.017867183685302733, "get_state_time_mean": NaN, "get_state_time_total": 0.0, "grad": 0.048379170894622806, "mean_accuracy": 0.6560999751091003, "mean_loss": 0.9969676664352418, "neg_mean_accuracy": -0.6560999751091003, "set_state_time_mean": NaN, "set_state_time_total": 0.0, "setup_model_time_mean": NaN, "setup_model_time_total": 0.0, "setup_proc_time_mean": NaN, "setup_proc_time_total": 0.0, "train_accuracy": 0.7496399879455566, "train_loss": 0.7302848297786713, "training_time_mean": NaN, "training_time_total": 0.0, "validation_time_mean": NaN, "validation_time_total": 0.0, "samples": 60000, "num_workers": 2, "done": false, "timesteps_total": null, "episodes_total": null, "training_iteration": 14, "neg_mean_loss": -0.9969676664352418, "experiment_id": "3d2b95fc81034817b3694ba2062e3709", "date": "2019-05-30_14-03-33", "timestamp": 1559250213, "time_this_iter_s": 6.099415063858032, "time_total_s": 116.35054349899292, "pid": 18242, "hostname": "steropes", "node_ip": "169.229.49.254", "config": {"starting_lr": 0.05, "momentum": 0.9, "weight_decay": 0.005, "steps_per_iteration": null, "pin": false, "model_creator": null, "target_batch_size": 1024, "model_string": "resnet18", "min_batch_size": 512, "dataset": "CIFAR", "placement": null, "use_nccl": true, "devices_per_worker": 1, "primary_resource": "extra_gpu", "gpu": false, "verbose": false, "lr_config": {"mode": "log", "steps": 5, "initial_lr": 0.05, "target_lr": 0.05}, "batch_per_device": 512}, "time_since_restore": 14.271617412567139, "timesteps_since_restore": 0, "iterations_since_restore": 2, "mean_throughput": 8408.168061497596, "atoms": 2, "resource_time": 130.62216091156006}
{"apply": 0.007740473747253418, "batch_time": 0.09112192392349243, "d2h": 0.003931701183319092, "data_time": 0.01439066322482362, "fwd": 0.018801748752593994, "get_state_time_mean": NaN, "get_state_time_total": 0.0, "grad": 0.05121995210647583, "mean_accuracy": 0.6858999729156494, "mean_loss": 0.8923880620479584, "neg_mean_accuracy": -0.6858999729156494, "set_state_time_mean": NaN, "set_state_time_total": 0.0, "setup_model_time_mean": NaN, "setup_model_time_total": 0.0, "setup_proc_time_mean": NaN, "setup_proc_time_total": 0.0, "train_accuracy": 0.7536199688911438, "train_loss": 0.7179499792003632, "training_time_mean": NaN, "training_time_total": 0.0, "validation_time_mean": NaN, "validation_time_total": 0.0, "samples": 60000, "num_workers": 2, "done": false, "timesteps_total": null, "episodes_total": null, "training_iteration": 15, "neg_mean_loss": -0.8923880620479584, "experiment_id": "3d2b95fc81034817b3694ba2062e3709", "date": "2019-05-30_14-03-39", "timestamp": 1559250219, "time_this_iter_s": 6.286297082901001, "time_total_s": 122.63684058189392, "pid": 18242, "hostname": "steropes", "node_ip": "169.229.49.254", "config": {"starting_lr": 0.05, "momentum": 0.9, "weight_decay": 0.005, "steps_per_iteration": null, "pin": false, "model_creator": null, "target_batch_size": 1024, "model_string": "resnet18", "min_batch_size": 512, "dataset": "CIFAR", "placement": null, "use_nccl": true, "devices_per_worker": 1, "primary_resource": "extra_gpu", "gpu": false, "verbose": false, "lr_config": {"mode": "log", "steps": 5, "initial_lr": 0.05, "target_lr": 0.05}, "batch_per_device": 512}, "time_since_restore": 20.55791449546814, "timesteps_since_restore": 0, "iterations_since_restore": 3, "mean_throughput": 8755.62593897085, "atoms": 2, "resource_time": 143.19475507736206}
{"apply": 0.007691240310668946, "batch_time": 0.09584916830062866, "d2h": 0.0034453153610229494, "data_time": 0.014551977722012267, "fwd": 0.01771392822265625, "get_state_time_mean": NaN, "get_state_time_total": 0.0, "grad": 0.051590597629547125, "mean_accuracy": 0.6886999607086182, "mean_loss": 0.9133964868068696, "neg_mean_accuracy": -0.6886999607086182, "set_state_time_mean": NaN, "set_state_time_total": 0.0, "setup_model_time_mean": NaN, "setup_model_time_total": 0.0, "setup_proc_time_mean": NaN, "setup_proc_time_total": 0.0, "train_accuracy": 0.7594599723815918, "train_loss": 0.7046075859642029, "training_time_mean": NaN, "training_time_total": 0.0, "validation_time_mean": NaN, "validation_time_total": 0.0, "samples": 60000, "num_workers": 2, "done": false, "timesteps_total": null, "episodes_total": null, "training_iteration": 16, "neg_mean_loss": -0.9133964868068696, "experiment_id": "3d2b95fc81034817b3694ba2062e3709", "date": "2019-05-30_14-03-46", "timestamp": 1559250226, "time_this_iter_s": 6.241450548171997, "time_total_s": 128.87829113006592, "pid": 18242, "hostname": "steropes", "node_ip": "169.229.49.254", "config": {"starting_lr": 0.05, "momentum": 0.9, "weight_decay": 0.005, "steps_per_iteration": null, "pin": false, "model_creator": null, "target_batch_size": 1024, "model_string": "resnet18", "min_batch_size": 512, "dataset": "CIFAR", "placement": null, "use_nccl": true, "devices_per_worker": 1, "primary_resource": "extra_gpu", "gpu": false, "verbose": false, "lr_config": {"mode": "log", "steps": 5, "initial_lr": 0.05, "target_lr": 0.05}, "batch_per_device": 512}, "time_since_restore": 26.799365043640137, "timesteps_since_restore": 0, "iterations_since_restore": 4, "mean_throughput": 8955.30938068457, "atoms": 2, "resource_time": 155.67765617370605}
{"apply": 0.008047723770141601, "batch_time": 0.09302172660827637, "d2h": 0.002807533740997315, "data_time": 0.014171539520730778, "fwd": 0.018099057674407962, "get_state_time_mean": NaN, "get_state_time_total": 0.0, "grad": 0.05154240131378174, "mean_accuracy": 0.6875999569892883, "mean_loss": 0.9532893936157227, "neg_mean_accuracy": -0.6875999569892883, "set_state_time_mean": NaN, "set_state_time_total": 0.0, "setup_model_time_mean": NaN, "setup_model_time_total": 0.0, "setup_proc_time_mean": NaN, "setup_proc_time_total": 0.0, "train_accuracy": 0.7620799541473389, "train_loss": 0.6961850417232514, "training_time_mean": NaN, "training_time_total": 0.0, "validation_time_mean": NaN, "validation_time_total": 0.0, "samples": 60000, "num_workers": 2, "done": false, "timesteps_total": null, "episodes_total": null, "training_iteration": 17, "neg_mean_loss": -0.9532893936157227, "experiment_id": "3d2b95fc81034817b3694ba2062e3709", "date": "2019-05-30_14-03-52", "timestamp": 1559250232, "time_this_iter_s": 6.043313264846802, "time_total_s": 134.92160439491272, "pid": 18242, "hostname": "steropes", "node_ip": "169.229.49.254", "config": {"starting_lr": 0.05, "momentum": 0.9, "weight_decay": 0.005, "steps_per_iteration": null, "pin": false, "model_creator": null, "target_batch_size": 1024, "model_string": "resnet18", "min_batch_size": 512, "dataset": "CIFAR", "placement": null, "use_nccl": true, "devices_per_worker": 1, "primary_resource": "extra_gpu", "gpu": false, "verbose": false, "lr_config": {"mode": "log", "steps": 5, "initial_lr": 0.05, "target_lr": 0.05}, "batch_per_device": 512}, "time_since_restore": 32.84267830848694, "timesteps_since_restore": 0, "iterations_since_restore": 5, "mean_throughput": 9134.329814405497, "atoms": 2, "resource_time": 167.76428270339966}
{"apply": 0.007520866394042969, "batch_time": 0.09381104707717895, "d2h": 0.0026947021484375, "data_time": 0.01362126214163644, "fwd": 0.01826972961425781, "get_state_time_mean": NaN, "get_state_time_total": 0.0, "grad": 0.05167063474655151, "mean_accuracy": 0.7086999416351318, "mean_loss": 0.8517287637710571, "neg_mean_accuracy": -0.7086999416351318, "set_state_time_mean": NaN, "set_state_time_total": 0.0, "setup_model_time_mean": NaN, "setup_model_time_total": 0.0, "setup_proc_time_mean": NaN, "setup_proc_time_total": 0.0, "train_accuracy": 0.7701599597930908, "train_loss": 0.676029930973053, "training_time_mean": NaN, "training_time_total": 0.0, "validation_time_mean": NaN, "validation_time_total": 0.0, "samples": 60000, "num_workers": 2, "done": false, "timesteps_total": null, "episodes_total": null, "training_iteration": 18, "neg_mean_loss": -0.8517287637710571, "experiment_id": "3d2b95fc81034817b3694ba2062e3709", "date": "2019-05-30_14-03-58", "timestamp": 1559250238, "time_this_iter_s": 6.044478416442871, "time_total_s": 140.9660828113556, "pid": 18242, "hostname": "steropes", "node_ip": "169.229.49.254", "config": {"starting_lr": 0.05, "momentum": 0.9, "weight_decay": 0.005, "steps_per_iteration": null, "pin": false, "model_creator": null, "target_batch_size": 1024, "model_string": "resnet18", "min_batch_size": 512, "dataset": "CIFAR", "placement": null, "use_nccl": true, "devices_per_worker": 1, "primary_resource": "extra_gpu", "gpu": false, "verbose": false, "lr_config": {"mode": "log", "steps": 5, "initial_lr": 0.05, "target_lr": 0.05}, "batch_per_device": 512}, "time_since_restore": 38.88715672492981, "timesteps_since_restore": 0, "iterations_since_restore": 6, "mean_throughput": 9767.104735594017, "atoms": 2, "resource_time": 179.8532395362854}
{"apply": 0.007265722751617432, "batch_time": 0.09123400449752808, "d2h": 0.0034379720687866214, "data_time": 0.013320453312932228, "fwd": 0.018040430545806882, "get_state_time_mean": NaN, "get_state_time_total": 0.0, "grad": 0.045861780643463135, "mean_accuracy": 0.7071000337600708, "mean_loss": 0.8526888525485992, "neg_mean_accuracy": -0.7071000337600708, "set_state_time_mean": NaN, "set_state_time_total": 0.0, "setup_model_time_mean": NaN, "setup_model_time_total": 0.0, "setup_proc_time_mean": NaN, "setup_proc_time_total": 0.0, "train_accuracy": 0.7714200019836426, "train_loss": 0.6698665561389923, "training_time_mean": NaN, "training_time_total": 0.0, "validation_time_mean": NaN, "validation_time_total": 0.0, "samples": 60000, "num_workers": 2, "done": false, "timesteps_total": null, "episodes_total": null, "training_iteration": 19, "neg_mean_loss": -0.8526888525485992, "experiment_id": "3d2b95fc81034817b3694ba2062e3709", "date": "2019-05-30_14-04-04", "timestamp": 1559250244, "time_this_iter_s": 5.941333532333374, "time_total_s": 146.90741634368896, "pid": 18242, "hostname": "steropes", "node_ip": "169.229.49.254", "config": {"starting_lr": 0.05, "momentum": 0.9, "weight_decay": 0.005, "steps_per_iteration": null, "pin": false, "model_creator": null, "target_batch_size": 1024, "model_string": "resnet18", "min_batch_size": 512, "dataset": "CIFAR", "placement": null, "use_nccl": true, "devices_per_worker": 1, "primary_resource": "extra_gpu", "gpu": false, "verbose": false, "lr_config": {"mode": "log", "steps": 5, "initial_lr": 0.05, "target_lr": 0.05}, "batch_per_device": 512}, "time_since_restore": 44.828490257263184, "timesteps_since_restore": 0, "iterations_since_restore": 7, "mean_throughput": 9817.63408437992, "atoms": 2, "resource_time": 191.73590660095215}
{"apply": 0.007848846912384033, "batch_time": 0.0955315351486206, "d2h": 0.002794134616851807, "data_time": 0.013554845537458147, "fwd": 0.019258093833923337, "get_state_time_mean": NaN, "get_state_time_total": 0.0, "grad": 0.049293112754821775, "mean_accuracy": 0.7252999544143677, "mean_loss": 0.83022637758255, "neg_mean_accuracy": -0.7252999544143677, "set_state_time_mean": NaN, "set_state_time_total": 0.0, "setup_model_time_mean": NaN, "setup_model_time_total": 0.0, "setup_proc_time_mean": NaN, "setup_proc_time_total": 0.0, "train_accuracy": 0.7729200124740601, "train_loss": 0.6698010677528381, "training_time_mean": NaN, "training_time_total": 0.0, "validation_time_mean": NaN, "validation_time_total": 0.0, "samples": 60000, "num_workers": 2, "done": false, "timesteps_total": null, "episodes_total": null, "training_iteration": 20, "neg_mean_loss": -0.83022637758255, "experiment_id": "3d2b95fc81034817b3694ba2062e3709", "date": "2019-05-30_14-04-10", "timestamp": 1559250250, "time_this_iter_s": 6.144658088684082, "time_total_s": 153.05207443237305, "pid": 18242, "hostname": "steropes", "node_ip": "169.229.49.254", "config": {"starting_lr": 0.05, "momentum": 0.9, "weight_decay": 0.005, "steps_per_iteration": null, "pin": false, "model_creator": null, "target_batch_size": 1024, "model_string": "resnet18", "min_batch_size": 512, "dataset": "CIFAR", "placement": null, "use_nccl": true, "devices_per_worker": 1, "primary_resource": "extra_gpu", "gpu": false, "verbose": false, "lr_config": {"mode": "log", "steps": 5, "initial_lr": 0.05, "target_lr": 0.05}, "batch_per_device": 512}, "time_since_restore": 50.973148345947266, "timesteps_since_restore": 0, "iterations_since_restore": 8, "mean_throughput": 9863.353850501786, "atoms": 2, "resource_time": 204.0252227783203}
{"apply": 0.007220852375030518, "batch_time": 0.08878138065338134, "d2h": 0.0029496669769287108, "data_time": 0.014491645657286351, "fwd": 0.018256556987762452, "get_state_time_mean": NaN, "get_state_time_total": 0.0, "grad": 0.04940199851989746, "mean_accuracy": 0.6576999425888062, "mean_loss": 1.0589512937545775, "neg_mean_accuracy": -0.6576999425888062, "set_state_time_mean": NaN, "set_state_time_total": 0.0, "setup_model_time_mean": NaN, "setup_model_time_total": 0.0, "setup_proc_time_mean": NaN, "setup_proc_time_total": 0.0, "train_accuracy": 0.7771799564361572, "train_loss": 0.6535423386764526, "training_time_mean": NaN, "training_time_total": 0.0, "validation_time_mean": NaN, "validation_time_total": 0.0, "samples": 60000, "num_workers": 2, "done": false, "timesteps_total": null, "episodes_total": null, "training_iteration": 21, "neg_mean_loss": -1.0589512937545775, "experiment_id": "3d2b95fc81034817b3694ba2062e3709", "date": "2019-05-30_14-04-16", "timestamp": 1559250256, "time_this_iter_s": 5.893361330032349, "time_total_s": 158.9454357624054, "pid": 18242, "hostname": "steropes", "node_ip": "169.229.49.254", "config": {"starting_lr": 0.05, "momentum": 0.9, "weight_decay": 0.005, "steps_per_iteration": null, "pin": false, "model_creator": null, "target_batch_size": 1024, "model_string": "resnet18", "min_batch_size": 512, "dataset": "CIFAR", "placement": null, "use_nccl": true, "devices_per_worker": 1, "primary_resource": "extra_gpu", "gpu": false, "verbose": false, "lr_config": {"mode": "log", "steps": 5, "initial_lr": 0.05, "target_lr": 0.05}, "batch_per_device": 512}, "time_since_restore": 56.866509675979614, "timesteps_since_restore": 0, "iterations_since_restore": 9, "mean_throughput": 9977.544223179157, "atoms": 2, "resource_time": 215.811945438385}
{"apply": 0.00733712911605835, "batch_time": 0.09345403909683228, "d2h": 0.002632737159729004, "data_time": 0.014587037417353416, "fwd": 0.017999207973480223, "get_state_time_mean": NaN, "get_state_time_total": 0.0, "grad": 0.04847420454025268, "mean_accuracy": 0.7450000047683716, "mean_loss": 0.773354764842987, "neg_mean_accuracy": -0.7450000047683716, "set_state_time_mean": NaN, "set_state_time_total": 0.0, "setup_model_time_mean": NaN, "setup_model_time_total": 0.0, "setup_proc_time_mean": NaN, "setup_proc_time_total": 0.0, "train_accuracy": 0.777419924736023, "train_loss": 0.6524653990650178, "training_time_mean": NaN, "training_time_total": 0.0, "validation_time_mean": NaN, "validation_time_total": 0.0, "samples": 60000, "num_workers": 2, "done": false, "timesteps_total": null, "episodes_total": null, "training_iteration": 22, "neg_mean_loss": -0.773354764842987, "experiment_id": "3d2b95fc81034817b3694ba2062e3709", "date": "2019-05-30_14-04-22", "timestamp": 1559250262, "time_this_iter_s": 6.125718116760254, "time_total_s": 165.07115387916565, "pid": 18242, "hostname": "steropes", "node_ip": "169.229.49.254", "config": {"starting_lr": 0.05, "momentum": 0.9, "weight_decay": 0.005, "steps_per_iteration": null, "pin": false, "model_creator": null, "target_batch_size": 1024, "model_string": "resnet18", "min_batch_size": 512, "dataset": "CIFAR", "placement": null, "use_nccl": true, "devices_per_worker": 1, "primary_resource": "extra_gpu", "gpu": false, "verbose": false, "lr_config": {"mode": "log", "steps": 5, "initial_lr": 0.05, "target_lr": 0.05}, "batch_per_device": 512}, "time_since_restore": 62.99222779273987, "timesteps_since_restore": 0, "iterations_since_restore": 10, "mean_throughput": 9950.274454496684, "atoms": 2, "resource_time": 228.06338167190552}
{"apply": 0.00795104503631592, "batch_time": 0.09360167980194092, "d2h": 0.0029057025909423827, "data_time": 0.013591204370771135, "fwd": 0.017076635360717775, "get_state_time_mean": NaN, "get_state_time_total": 0.0, "grad": 0.0494392991065979, "mean_accuracy": 0.7213000059127808, "mean_loss": 0.8485219601631164, "neg_mean_accuracy": -0.7213000059127808, "set_state_time_mean": NaN, "set_state_time_total": 0.0, "setup_model_time_mean": NaN, "setup_model_time_total": 0.0, "setup_proc_time_mean": NaN, "setup_proc_time_total": 0.0, "train_accuracy": 0.7852199673652649, "train_loss": 0.6357878664398193, "training_time_mean": NaN, "training_time_total": 0.0, "validation_time_mean": NaN, "validation_time_total": 0.0, "samples": 60000, "num_workers": 2, "done": false, "timesteps_total": null, "episodes_total": null, "training_iteration": 23, "neg_mean_loss": -0.8485219601631164, "experiment_id": "3d2b95fc81034817b3694ba2062e3709", "date": "2019-05-30_14-04-28", "timestamp": 1559250268, "time_this_iter_s": 5.985738515853882, "time_total_s": 171.05689239501953, "pid": 18242, "hostname": "steropes", "node_ip": "169.229.49.254", "config": {"starting_lr": 0.05, "momentum": 0.9, "weight_decay": 0.005, "steps_per_iteration": null, "pin": false, "model_creator": null, "target_batch_size": 1024, "model_string": "resnet18", "min_batch_size": 512, "dataset": "CIFAR", "placement": null, "use_nccl": true, "devices_per_worker": 1, "primary_resource": "extra_gpu", "gpu": false, "verbose": false, "lr_config": {"mode": "log", "steps": 5, "initial_lr": 0.05, "target_lr": 0.05}, "batch_per_device": 512}, "time_since_restore": 68.97796630859375, "timesteps_since_restore": 0, "iterations_since_restore": 11, "mean_throughput": 9969.696758891747, "atoms": 2, "resource_time": 240.03485870361328}
{"apply": 0.0076875567436218255, "batch_time": 0.09260812997817994, "d2h": 0.003497767448425293, "data_time": 0.013273319419549436, "fwd": 0.01743791103363037, "get_state_time_mean": NaN, "get_state_time_total": 0.0, "grad": 0.049045681953430176, "mean_accuracy": 0.7450000047683716, "mean_loss": 0.7664407237052917, "neg_mean_accuracy": -0.7450000047683716, "set_state_time_mean": NaN, "set_state_time_total": 0.0, "setup_model_time_mean": NaN, "setup_model_time_total": 0.0, "setup_proc_time_mean": NaN, "setup_proc_time_total": 0.0, "train_accuracy": 0.7827000021934509, "train_loss": 0.6412717018318177, "training_time_mean": NaN, "training_time_total": 0.0, "validation_time_mean": NaN, "validation_time_total": 0.0, "samples": 60000, "num_workers": 2, "done": false, "timesteps_total": null, "episodes_total": null, "training_iteration": 24, "neg_mean_loss": -0.7664407237052917, "experiment_id": "3d2b95fc81034817b3694ba2062e3709", "date": "2019-05-30_14-04-34", "timestamp": 1559250274, "time_this_iter_s": 5.840243101119995, "time_total_s": 176.89713549613953, "pid": 18242, "hostname": "steropes", "node_ip": "169.229.49.254", "config": {"starting_lr": 0.05, "momentum": 0.9, "weight_decay": 0.005, "steps_per_iteration": null, "pin": false, "model_creator": null, "target_batch_size": 1024, "model_string": "resnet18", "min_batch_size": 512, "dataset": "CIFAR", "placement": null, "use_nccl": true, "devices_per_worker": 1, "primary_resource": "extra_gpu", "gpu": false, "verbose": false, "lr_config": {"mode": "log", "steps": 5, "initial_lr": 0.05, "target_lr": 0.05}, "batch_per_device": 512}, "time_since_restore": 74.81820940971375, "timesteps_since_restore": 0, "iterations_since_restore": 12, "mean_throughput": 10003.303188065403, "atoms": 2, "resource_time": 251.71534490585327}
{"apply": 0.007776367664337158, "batch_time": 0.09432635307312012, "d2h": 0.0033412933349609374, "data_time": 0.014036993591152892, "fwd": 0.01700757741928101, "get_state_time_mean": NaN, "get_state_time_total": 0.0, "grad": 0.04683617353439331, "mean_accuracy": 0.7065999507904053, "mean_loss": 0.8951054381370545, "neg_mean_accuracy": -0.7065999507904053, "set_state_time_mean": NaN, "set_state_time_total": 0.0, "setup_model_time_mean": NaN, "setup_model_time_total": 0.0, "setup_proc_time_mean": NaN, "setup_proc_time_total": 0.0, "train_accuracy": 0.7860399484634399, "train_loss": 0.6271367328453064, "training_time_mean": NaN, "training_time_total": 0.0, "validation_time_mean": NaN, "validation_time_total": 0.0, "samples": 60000, "num_workers": 2, "done": false, "timesteps_total": null, "episodes_total": null, "training_iteration": 25, "neg_mean_loss": -0.8951054381370545, "experiment_id": "3d2b95fc81034817b3694ba2062e3709", "date": "2019-05-30_14-04-40", "timestamp": 1559250280, "time_this_iter_s": 5.987713575363159, "time_total_s": 182.88484907150269, "pid": 18242, "hostname": "steropes", "node_ip": "169.229.49.254", "config": {"starting_lr": 0.05, "momentum": 0.9, "weight_decay": 0.005, "steps_per_iteration": null, "pin": false, "model_creator": null, "target_batch_size": 1024, "model_string": "resnet18", "min_batch_size": 512, "dataset": "CIFAR", "placement": null, "use_nccl": true, "devices_per_worker": 1, "primary_resource": "extra_gpu", "gpu": false, "verbose": false, "lr_config": {"mode": "log", "steps": 5, "initial_lr": 0.05, "target_lr": 0.05}, "batch_per_device": 512}, "time_since_restore": 80.8059229850769, "timesteps_since_restore": 0, "iterations_since_restore": 13, "mean_throughput": 10055.926382144322, "atoms": 2, "resource_time": 263.6907720565796}
{"apply": 0.008337783813476562, "batch_time": 0.09317498207092284, "d2h": 0.003044605255126953, "data_time": 0.0143267281201421, "fwd": 0.017774009704589845, "get_state_time_mean": NaN, "get_state_time_total": 0.0, "grad": 0.04778071641921997, "mean_accuracy": 0.6958000063896179, "mean_loss": 0.93932557015419, "neg_mean_accuracy": -0.6958000063896179, "set_state_time_mean": NaN, "set_state_time_total": 0.0, "setup_model_time_mean": NaN, "setup_model_time_total": 0.0, "setup_proc_time_mean": NaN, "setup_proc_time_total": 0.0, "train_accuracy": 0.792959988117218, "train_loss": 0.6123187986946106, "training_time_mean": NaN, "training_time_total": 0.0, "validation_time_mean": NaN, "validation_time_total": 0.0, "samples": 60000, "num_workers": 2, "done": false, "timesteps_total": null, "episodes_total": null, "training_iteration": 26, "neg_mean_loss": -0.93932557015419, "experiment_id": "3d2b95fc81034817b3694ba2062e3709", "date": "2019-05-30_14-04-46", "timestamp": 1559250286, "time_this_iter_s": 6.161317825317383, "time_total_s": 189.04616689682007, "pid": 18242, "hostname": "steropes", "node_ip": "169.229.49.254", "config": {"starting_lr": 0.05, "momentum": 0.9, "weight_decay": 0.005, "steps_per_iteration": null, "pin": false, "model_creator": null, "target_batch_size": 1024, "model_string": "resnet18", "min_batch_size": 512, "dataset": "CIFAR", "placement": null, "use_nccl": true, "devices_per_worker": 1, "primary_resource": "extra_gpu", "gpu": false, "verbose": false, "lr_config": {"mode": "log", "steps": 5, "initial_lr": 0.05, "target_lr": 0.05}, "batch_per_device": 512}, "time_since_restore": 86.96724081039429, "timesteps_since_restore": 0, "iterations_since_restore": 14, "mean_throughput": 9966.408935414225, "atoms": 2, "resource_time": 276.01340770721436}
{"apply": 0.007260799407958984, "batch_time": 0.10076500177383424, "d2h": 0.0029736518859863285, "data_time": 0.014160596594518545, "fwd": 0.016576850414276124, "get_state_time_mean": NaN, "get_state_time_total": 0.0, "grad": 0.0526472806930542, "mean_accuracy": 0.7302999496459961, "mean_loss": 0.8140662558078766, "neg_mean_accuracy": -0.7302999496459961, "set_state_time_mean": NaN, "set_state_time_total": 0.0, "setup_model_time_mean": NaN, "setup_model_time_total": 0.0, "setup_proc_time_mean": NaN, "setup_proc_time_total": 0.0, "train_accuracy": 0.7891799807548523, "train_loss": 0.616134363269806, "training_time_mean": NaN, "training_time_total": 0.0, "validation_time_mean": NaN, "validation_time_total": 0.0, "samples": 60000, "num_workers": 2, "done": false, "timesteps_total": null, "episodes_total": null, "training_iteration": 27, "neg_mean_loss": -0.8140662558078766, "experiment_id": "3d2b95fc81034817b3694ba2062e3709", "date": "2019-05-30_14-04-52", "timestamp": 1559250292, "time_this_iter_s": 6.433946847915649, "time_total_s": 195.48011374473572, "pid": 18242, "hostname": "steropes", "node_ip": "169.229.49.254", "config": {"starting_lr": 0.05, "momentum": 0.9, "weight_decay": 0.005, "steps_per_iteration": null, "pin": false, "model_creator": null, "target_batch_size": 1024, "model_string": "resnet18", "min_batch_size": 512, "dataset": "CIFAR", "placement": null, "use_nccl": true, "devices_per_worker": 1, "primary_resource": "extra_gpu", "gpu": false, "verbose": false, "lr_config": {"mode": "log", "steps": 5, "initial_lr": 0.05, "target_lr": 0.05}, "batch_per_device": 512}, "time_since_restore": 93.40118765830994, "timesteps_since_restore": 0, "iterations_since_restore": 15, "mean_throughput": 9865.387674460817, "atoms": 2, "resource_time": 288.88130140304565}
{"apply": 0.007329702377319336, "batch_time": 0.09368757009506226, "d2h": 0.0036606192588806152, "data_time": 0.013824353412706025, "fwd": 0.01712803840637207, "get_state_time_mean": NaN, "get_state_time_total": 0.0, "grad": 0.04605965614318848, "mean_accuracy": 0.6658999919891357, "mean_loss": 1.010207666873932, "neg_mean_accuracy": -0.6658999919891357, "set_state_time_mean": NaN, "set_state_time_total": 0.0, "setup_model_time_mean": NaN, "setup_model_time_total": 0.0, "setup_proc_time_mean": NaN, "setup_proc_time_total": 0.0, "train_accuracy": 0.7908999919891357, "train_loss": 0.6140496271991729, "training_time_mean": NaN, "training_time_total": 0.0, "validation_time_mean": NaN, "validation_time_total": 0.0, "samples": 60000, "num_workers": 2, "done": false, "timesteps_total": null, "episodes_total": null, "training_iteration": 28, "neg_mean_loss": -1.010207666873932, "experiment_id": "3d2b95fc81034817b3694ba2062e3709", "date": "2019-05-30_14-04-58", "timestamp": 1559250298, "time_this_iter_s": 5.861195802688599, "time_total_s": 201.34130954742432, "pid": 18242, "hostname": "steropes", "node_ip": "169.229.49.254", "config": {"starting_lr": 0.05, "momentum": 0.9, "weight_decay": 0.005, "steps_per_iteration": null, "pin": false, "model_creator": null, "target_batch_size": 1024, "model_string": "resnet18", "min_batch_size": 512, "dataset": "CIFAR", "placement": null, "use_nccl": true, "devices_per_worker": 1, "primary_resource": "extra_gpu", "gpu": false, "verbose": false, "lr_config": {"mode": "log", "steps": 5, "initial_lr": 0.05, "target_lr": 0.05}, "batch_per_device": 512}, "time_since_restore": 99.26238346099854, "timesteps_since_restore": 0, "iterations_since_restore": 16, "mean_throughput": 9905.961045659556, "atoms": 2, "resource_time": 300.60369300842285}
{"apply": 0.007391059398651123, "batch_time": 0.08604328632354737, "d2h": 0.002770340442657471, "data_time": 0.012823827412663674, "fwd": 0.016681110858917235, "get_state_time_mean": NaN, "get_state_time_total": 0.0, "grad": 0.0448966383934021, "mean_accuracy": 0.7127000093460083, "mean_loss": 0.8557326316833496, "neg_mean_accuracy": -0.7127000093460083, "set_state_time_mean": NaN, "set_state_time_total": 0.0, "setup_model_time_mean": NaN, "setup_model_time_total": 0.0, "setup_proc_time_mean": NaN, "setup_proc_time_total": 0.0, "train_accuracy": 0.7946399450302124, "train_loss": 0.6056412438774108, "training_time_mean": NaN, "training_time_total": 0.0, "validation_time_mean": NaN, "validation_time_total": 0.0, "samples": 60000, "num_workers": 2, "done": false, "timesteps_total": null, "episodes_total": null, "training_iteration": 29, "neg_mean_loss": -0.8557326316833496, "experiment_id": "3d2b95fc81034817b3694ba2062e3709", "date": "2019-05-30_14-05-04", "timestamp": 1559250304, "time_this_iter_s": 5.4697349071502686, "time_total_s": 206.81104445457458, "pid": 18242, "hostname": "steropes", "node_ip": "169.229.49.254", "config": {"starting_lr": 0.05, "momentum": 0.9, "weight_decay": 0.005, "steps_per_iteration": null, "pin": false, "model_creator": null, "target_batch_size": 1024, "model_string": "resnet18", "min_batch_size": 512, "dataset": "CIFAR", "placement": null, "use_nccl": true, "devices_per_worker": 1, "primary_resource": "extra_gpu", "gpu": false, "verbose": false, "lr_config": {"mode": "log", "steps": 5, "initial_lr": 0.05, "target_lr": 0.05}, "batch_per_device": 512}, "time_since_restore": 104.7321183681488, "timesteps_since_restore": 0, "iterations_since_restore": 17, "mean_throughput": 10028.652274322245, "atoms": 2, "resource_time": 311.5431628227234}
{"apply": 0.007040071487426757, "batch_time": 0.08937640190124513, "d2h": 0.0028696537017822267, "data_time": 0.012720392674815898, "fwd": 0.016252684593200686, "get_state_time_mean": NaN, "get_state_time_total": 0.0, "grad": 0.045778167247772214, "mean_accuracy": 0.7487999796867371, "mean_loss": 0.7285701783657074, "neg_mean_accuracy": -0.7487999796867371, "set_state_time_mean": NaN, "set_state_time_total": 0.0, "setup_model_time_mean": NaN, "setup_model_time_total": 0.0, "setup_proc_time_mean": NaN, "setup_proc_time_total": 0.0, "train_accuracy": 0.7930399775505066, "train_loss": 0.6013508307170867, "training_time_mean": NaN, "training_time_total": 0.0, "validation_time_mean": NaN, "validation_time_total": 0.0, "samples": 60000, "num_workers": 2, "done": false, "timesteps_total": null, "episodes_total": null, "training_iteration": 30, "neg_mean_loss": -0.7285701783657074, "experiment_id": "3d2b95fc81034817b3694ba2062e3709", "date": "2019-05-30_14-05-09", "timestamp": 1559250309, "time_this_iter_s": 5.495143890380859, "time_total_s": 212.30618834495544, "pid": 18242, "hostname": "steropes", "node_ip": "169.229.49.254", "config": {"starting_lr": 0.05, "momentum": 0.9, "weight_decay": 0.005, "steps_per_iteration": null, "pin": false, "model_creator": null, "target_batch_size": 1024, "model_string": "resnet18", "min_batch_size": 512, "dataset": "CIFAR", "placement": null, "use_nccl": true, "devices_per_worker": 1, "primary_resource": "extra_gpu", "gpu": false, "verbose": false, "lr_config": {"mode": "log", "steps": 5, "initial_lr": 0.05, "target_lr": 0.05}, "batch_per_device": 512}, "time_since_restore": 110.22726225852966, "timesteps_since_restore": 0, "iterations_since_restore": 18, "mean_throughput": 10196.549984570145, "atoms": 2, "resource_time": 322.5334506034851}
{"apply": 0.007055747509002686, "batch_time": 0.0871053695678711, "d2h": 0.003010237216949463, "data_time": 0.012614478870313995, "fwd": 0.01658686399459839, "get_state_time_mean": NaN, "get_state_time_total": 0.0, "grad": 0.04359537363052368, "mean_accuracy": 0.7290999889373779, "mean_loss": 0.8141212737560273, "neg_mean_accuracy": -0.7290999889373779, "set_state_time_mean": NaN, "set_state_time_total": 0.0, "setup_model_time_mean": NaN, "setup_model_time_total": 0.0, "setup_proc_time_mean": NaN, "setup_proc_time_total": 0.0, "train_accuracy": 0.7996799945831299, "train_loss": 0.5919581471347809, "training_time_mean": NaN, "training_time_total": 0.0, "validation_time_mean": NaN, "validation_time_total": 0.0, "samples": 60000, "num_workers": 2, "done": false, "timesteps_total": null, "episodes_total": null, "training_iteration": 31, "neg_mean_loss": -0.8141212737560273, "experiment_id": "3d2b95fc81034817b3694ba2062e3709", "date": "2019-05-30_14-05-15", "timestamp": 1559250315, "time_this_iter_s": 5.435451030731201, "time_total_s": 217.74163937568665, "pid": 18242, "hostname": "steropes", "node_ip": "169.229.49.254", "config": {"starting_lr": 0.05, "momentum": 0.9, "weight_decay": 0.005, "steps_per_iteration": null, "pin": false, "model_creator": null, "target_batch_size": 1024, "model_string": "resnet18", "min_batch_size": 512, "dataset": "CIFAR", "placement": null, "use_nccl": true, "devices_per_worker": 1, "primary_resource": "extra_gpu", "gpu": false, "verbose": false, "lr_config": {"mode": "log", "steps": 5, "initial_lr": 0.05, "target_lr": 0.05}, "batch_per_device": 512}, "time_since_restore": 115.66271328926086, "timesteps_since_restore": 0, "iterations_since_restore": 19, "mean_throughput": 10454.473333258613, "atoms": 2, "resource_time": 333.4043526649475}
{"apply": 0.0077816486358642575, "batch_time": 0.09665402173995971, "d2h": 0.0039485454559326175, "data_time": 0.013778348358309999, "fwd": 0.019876158237457274, "get_state_time_mean": NaN, "get_state_time_total": 0.0, "grad": 0.05335924625396729, "mean_accuracy": 0.7217999696731567, "mean_loss": 0.8237154782295226, "neg_mean_accuracy": -0.7217999696731567, "set_state_time_mean": NaN, "set_state_time_total": 0.0, "setup_model_time_mean": NaN, "setup_model_time_total": 0.0, "setup_proc_time_mean": NaN, "setup_proc_time_total": 0.0, "train_accuracy": 0.7989599704742432, "train_loss": 0.5921416376876831, "training_time_mean": NaN, "training_time_total": 0.0, "validation_time_mean": NaN, "validation_time_total": 0.0, "samples": 60000, "num_workers": 2, "done": false, "timesteps_total": null, "episodes_total": null, "training_iteration": 32, "neg_mean_loss": -0.8237154782295226, "experiment_id": "3d2b95fc81034817b3694ba2062e3709", "date": "2019-05-30_14-05-21", "timestamp": 1559250321, "time_this_iter_s": 6.029503107070923, "time_total_s": 223.77114248275757, "pid": 18242, "hostname": "steropes", "node_ip": "169.229.49.254", "config": {"starting_lr": 0.05, "momentum": 0.9, "weight_decay": 0.005, "steps_per_iteration": null, "pin": false, "model_creator": null, "target_batch_size": 1024, "model_string": "resnet18", "min_batch_size": 512, "dataset": "CIFAR", "placement": null, "use_nccl": true, "devices_per_worker": 1, "primary_resource": "extra_gpu", "gpu": false, "verbose": false, "lr_config": {"mode": "log", "steps": 5, "initial_lr": 0.05, "target_lr": 0.05}, "batch_per_device": 512}, "time_since_restore": 121.69221639633179, "timesteps_since_restore": 0, "iterations_since_restore": 20, "mean_throughput": 10603.926713013643, "atoms": 2, "resource_time": 345.46335887908936}
{"apply": 0.00731961727142334, "batch_time": 0.10098661184310914, "d2h": 0.004320156574249268, "data_time": 0.013119870302628497, "fwd": 0.019198274612426756, "get_state_time_mean": NaN, "get_state_time_total": 0.0, "grad": 0.04826006889343262, "mean_accuracy": 0.746399998664856, "mean_loss": 0.745918706703186, "neg_mean_accuracy": -0.746399998664856, "set_state_time_mean": NaN, "set_state_time_total": 0.0, "setup_model_time_mean": NaN, "setup_model_time_total": 0.0, "setup_proc_time_mean": NaN, "setup_proc_time_total": 0.0, "train_accuracy": 0.7980999946594238, "train_loss": 0.5913935983753205, "training_time_mean": NaN, "training_time_total": 0.0, "validation_time_mean": NaN, "validation_time_total": 0.0, "samples": 60000, "num_workers": 2, "done": false, "timesteps_total": null, "episodes_total": null, "training_iteration": 33, "neg_mean_loss": -0.745918706703186, "experiment_id": "3d2b95fc81034817b3694ba2062e3709", "date": "2019-05-30_14-05-27", "timestamp": 1559250327, "time_this_iter_s": 5.904732704162598, "time_total_s": 229.67587518692017, "pid": 18242, "hostname": "steropes", "node_ip": "169.229.49.254", "config": {"starting_lr": 0.05, "momentum": 0.9, "weight_decay": 0.005, "steps_per_iteration": null, "pin": false, "model_creator": null, "target_batch_size": 1024, "model_string": "resnet18", "min_batch_size": 512, "dataset": "CIFAR", "placement": null, "use_nccl": true, "devices_per_worker": 1, "primary_resource": "extra_gpu", "gpu": false, "verbose": false, "lr_config": {"mode": "log", "steps": 5, "initial_lr": 0.05, "target_lr": 0.05}, "batch_per_device": 512}, "time_since_restore": 127.59694910049438, "timesteps_since_restore": 0, "iterations_since_restore": 21, "mean_throughput": 10587.630742019723, "atoms": 2, "resource_time": 357.27282428741455}
{"apply": 0.007256221771240234, "batch_time": 0.09491324424743652, "d2h": 0.002817976474761963, "data_time": 0.014141846676262058, "fwd": 0.016372430324554443, "get_state_time_mean": NaN, "get_state_time_total": 0.0, "grad": 0.04385265111923218, "mean_accuracy": 0.7477999925613403, "mean_loss": 0.7471751796245575, "neg_mean_accuracy": -0.7477999925613403, "set_state_time_mean": NaN, "set_state_time_total": 0.0, "setup_model_time_mean": NaN, "setup_model_time_total": 0.0, "setup_proc_time_mean": NaN, "setup_proc_time_total": 0.0, "train_accuracy": 0.798259973526001, "train_loss": 0.595983505935669, "training_time_mean": NaN, "training_time_total": 0.0, "validation_time_mean": NaN, "validation_time_total": 0.0, "samples": 60000, "num_workers": 2, "done": false, "timesteps_total": null, "episodes_total": null, "training_iteration": 34, "neg_mean_loss": -0.7471751796245575, "experiment_id": "3d2b95fc81034817b3694ba2062e3709", "date": "2019-05-30_14-05-32", "timestamp": 1559250332, "time_this_iter_s": 5.851564884185791, "time_total_s": 235.52744007110596, "pid": 18242, "hostname": "steropes", "node_ip": "169.229.49.254", "config": {"starting_lr": 0.05, "momentum": 0.9, "weight_decay": 0.005, "steps_per_iteration": null, "pin": false, "model_creator": null, "target_batch_size": 1024, "model_string": "resnet18", "min_batch_size": 512, "dataset": "CIFAR", "placement": null, "use_nccl": true, "devices_per_worker": 1, "primary_resource": "extra_gpu", "gpu": false, "verbose": false, "lr_config": {"mode": "log", "steps": 5, "initial_lr": 0.05, "target_lr": 0.05}, "batch_per_device": 512}, "time_since_restore": 133.44851398468018, "timesteps_since_restore": 0, "iterations_since_restore": 22, "mean_throughput": 10446.85374024347, "atoms": 2, "resource_time": 368.97595405578613}
{"apply": 0.007068312168121338, "batch_time": 0.09438346624374389, "d2h": 0.0038109540939331053, "data_time": 0.014198013714381627, "fwd": 0.018054771423339847, "get_state_time_mean": NaN, "get_state_time_total": 0.0, "grad": 0.04665896892547607, "mean_accuracy": 0.6942999362945557, "mean_loss": 0.916193705701828, "neg_mean_accuracy": -0.6942999362945557, "set_state_time_mean": NaN, "set_state_time_total": 0.0, "setup_model_time_mean": NaN, "setup_model_time_total": 0.0, "setup_proc_time_mean": NaN, "setup_proc_time_total": 0.0, "train_accuracy": 0.8030799627304077, "train_loss": 0.5818684818553925, "training_time_mean": NaN, "training_time_total": 0.0, "validation_time_mean": NaN, "validation_time_total": 0.0, "samples": 60000, "num_workers": 2, "done": false, "timesteps_total": null, "episodes_total": null, "training_iteration": 35, "neg_mean_loss": -0.916193705701828, "experiment_id": "3d2b95fc81034817b3694ba2062e3709", "date": "2019-05-30_14-05-38", "timestamp": 1559250338, "time_this_iter_s": 5.930562496185303, "time_total_s": 241.45800256729126, "pid": 18242, "hostname": "steropes", "node_ip": "169.229.49.254", "config": {"starting_lr": 0.05, "momentum": 0.9, "weight_decay": 0.005, "steps_per_iteration": null, "pin": false, "model_creator": null, "target_batch_size": 1024, "model_string": "resnet18", "min_batch_size": 512, "dataset": "CIFAR", "placement": null, "use_nccl": true, "devices_per_worker": 1, "primary_resource": "extra_gpu", "gpu": false, "verbose": false, "lr_config": {"mode": "log", "steps": 5, "initial_lr": 0.05, "target_lr": 0.05}, "batch_per_device": 512}, "time_since_restore": 139.37907648086548, "timesteps_since_restore": 0, "iterations_since_restore": 23, "mean_throughput": 10290.817948358854, "atoms": 2, "resource_time": 380.83707904815674}
{"apply": 0.007311403751373291, "batch_time": 0.09046628475189208, "d2h": 0.0027566790580749513, "data_time": 0.01371167143996881, "fwd": 0.018036854267120362, "get_state_time_mean": NaN, "get_state_time_total": 0.0, "grad": 0.048308956623077395, "mean_accuracy": 0.7829999923706055, "mean_loss": 0.6440682919979095, "neg_mean_accuracy": -0.7829999923706055, "set_state_time_mean": NaN, "set_state_time_total": 0.0, "setup_model_time_mean": NaN, "setup_model_time_total": 0.0, "setup_proc_time_mean": NaN, "setup_proc_time_total": 0.0, "train_accuracy": 0.8071199655532837, "train_loss": 0.57315800532341, "training_time_mean": NaN, "training_time_total": 0.0, "validation_time_mean": NaN, "validation_time_total": 0.0, "samples": 60000, "num_workers": 2, "done": false, "timesteps_total": null, "episodes_total": null, "training_iteration": 36, "neg_mean_loss": -0.6440682919979095, "experiment_id": "3d2b95fc81034817b3694ba2062e3709", "date": "2019-05-30_14-05-44", "timestamp": 1559250344, "time_this_iter_s": 5.898701429367065, "time_total_s": 247.35670399665833, "pid": 18242, "hostname": "steropes", "node_ip": "169.229.49.254", "config": {"starting_lr": 0.05, "momentum": 0.9, "weight_decay": 0.005, "steps_per_iteration": null, "pin": false, "model_creator": null, "target_batch_size": 1024, "model_string": "resnet18", "min_batch_size": 512, "dataset": "CIFAR", "placement": null, "use_nccl": true, "devices_per_worker": 1, "primary_resource": "extra_gpu", "gpu": false, "verbose": false, "lr_config": {"mode": "log", "steps": 5, "initial_lr": 0.05, "target_lr": 0.05}, "batch_per_device": 512}, "time_since_restore": 145.27777791023254, "timesteps_since_restore": 0, "iterations_since_restore": 24, "mean_throughput": 10129.845595777113, "atoms": 2, "resource_time": 392.63448190689087}
{"apply": 0.007191300392150879, "batch_time": 0.09833096265792846, "d2h": 0.0029839038848876952, "data_time": 0.013521968101968571, "fwd": 0.017178833484649658, "get_state_time_mean": NaN, "get_state_time_total": 0.0, "grad": 0.04825131893157959, "mean_accuracy": 0.7447999715805054, "mean_loss": 0.768811054944992, "neg_mean_accuracy": -0.7447999715805054, "set_state_time_mean": NaN, "set_state_time_total": 0.0, "setup_model_time_mean": NaN, "setup_model_time_total": 0.0, "setup_proc_time_mean": NaN, "setup_proc_time_total": 0.0, "train_accuracy": 0.8041599988937378, "train_loss": 0.5766193316268922, "training_time_mean": NaN, "training_time_total": 0.0, "validation_time_mean": NaN, "validation_time_total": 0.0, "samples": 60000, "num_workers": 2, "done": false, "timesteps_total": null, "episodes_total": null, "training_iteration": 37, "neg_mean_loss": -0.768811054944992, "experiment_id": "3d2b95fc81034817b3694ba2062e3709", "date": "2019-05-30_14-05-50", "timestamp": 1559250350, "time_this_iter_s": 5.967313528060913, "time_total_s": 253.32401752471924, "pid": 18242, "hostname": "steropes", "node_ip": "169.229.49.254", "config": {"starting_lr": 0.05, "momentum": 0.9, "weight_decay": 0.005, "steps_per_iteration": null, "pin": false, "model_creator": null, "target_batch_size": 1024, "model_string": "resnet18", "min_batch_size": 512, "dataset": "CIFAR", "placement": null, "use_nccl": true, "devices_per_worker": 1, "primary_resource": "extra_gpu", "gpu": false, "verbose": false, "lr_config": {"mode": "log", "steps": 5, "initial_lr": 0.05, "target_lr": 0.05}, "batch_per_device": 512}, "time_since_restore": 151.24509143829346, "timesteps_since_restore": 0, "iterations_since_restore": 25, "mean_throughput": 10151.164260281512, "atoms": 2, "resource_time": 404.5691089630127}
{"apply": 0.0072287917137146, "batch_time": 0.09504135847091674, "d2h": 0.003123247623443603, "data_time": 0.013874134238885373, "fwd": 0.017691361904144286, "get_state_time_mean": NaN, "get_state_time_total": 0.0, "grad": 0.04595978260040283, "mean_accuracy": 0.7661999464035034, "mean_loss": 0.6870559636592866, "neg_mean_accuracy": -0.7661999464035034, "set_state_time_mean": NaN, "set_state_time_total": 0.0, "setup_model_time_mean": NaN, "setup_model_time_total": 0.0, "setup_proc_time_mean": NaN, "setup_proc_time_total": 0.0, "train_accuracy": 0.8072199821472168, "train_loss": 0.5719636207103729, "training_time_mean": NaN, "training_time_total": 0.0, "validation_time_mean": NaN, "validation_time_total": 0.0, "samples": 60000, "num_workers": 2, "done": false, "timesteps_total": null, "episodes_total": null, "training_iteration": 38, "neg_mean_loss": -0.6870559636592866, "experiment_id": "3d2b95fc81034817b3694ba2062e3709", "date": "2019-05-30_14-05-56", "timestamp": 1559250356, "time_this_iter_s": 5.91903829574585, "time_total_s": 259.2430558204651, "pid": 18242, "hostname": "steropes", "node_ip": "169.229.49.254", "config": {"starting_lr": 0.05, "momentum": 0.9, "weight_decay": 0.005, "steps_per_iteration": null, "pin": false, "model_creator": null, "target_batch_size": 1024, "model_string": "resnet18", "min_batch_size": 512, "dataset": "CIFAR", "placement": null, "use_nccl": true, "devices_per_worker": 1, "primary_resource": "extra_gpu", "gpu": false, "verbose": false, "lr_config": {"mode": "log", "steps": 5, "initial_lr": 0.05, "target_lr": 0.05}, "batch_per_device": 512}, "time_since_restore": 157.1641297340393, "timesteps_since_restore": 0, "iterations_since_restore": 26, "mean_throughput": 10146.2550602513, "atoms": 2, "resource_time": 416.4071855545044}
{"apply": 0.007484400272369384, "batch_time": 0.09513039588928222, "d2h": 0.002958846092224121, "data_time": 0.013303569384983609, "fwd": 0.0173997163772583, "get_state_time_mean": NaN, "get_state_time_total": 0.0, "grad": 0.0465503454208374, "mean_accuracy": 0.7768999338150024, "mean_loss": 0.654500467157364, "neg_mean_accuracy": -0.7768999338150024, "set_state_time_mean": NaN, "set_state_time_total": 0.0, "setup_model_time_mean": NaN, "setup_model_time_total": 0.0, "setup_proc_time_mean": NaN, "setup_proc_time_total": 0.0, "train_accuracy": 0.807379961013794, "train_loss": 0.5669282574558258, "training_time_mean": NaN, "training_time_total": 0.0, "validation_time_mean": NaN, "validation_time_total": 0.0, "samples": 60000, "num_workers": 2, "done": false, "timesteps_total": null, "episodes_total": null, "training_iteration": 39, "neg_mean_loss": -0.654500467157364, "experiment_id": "3d2b95fc81034817b3694ba2062e3709", "date": "2019-05-30_14-06-02", "timestamp": 1559250362, "time_this_iter_s": 6.030375719070435, "time_total_s": 265.2734315395355, "pid": 18242, "hostname": "steropes", "node_ip": "169.229.49.254", "config": {"starting_lr": 0.05, "momentum": 0.9, "weight_decay": 0.005, "steps_per_iteration": null, "pin": false, "model_creator": null, "target_batch_size": 1024, "model_string": "resnet18", "min_batch_size": 512, "dataset": "CIFAR", "placement": null, "use_nccl": true, "devices_per_worker": 1, "primary_resource": "extra_gpu", "gpu": false, "verbose": false, "lr_config": {"mode": "log", "steps": 5, "initial_lr": 0.05, "target_lr": 0.05}, "batch_per_device": 512}, "time_since_restore": 163.19450545310974, "timesteps_since_restore": 0, "iterations_since_restore": 27, "mean_throughput": 10085.264886529758, "atoms": 2, "resource_time": 428.46793699264526}
{"apply": 0.007447302341461182, "batch_time": 0.09333266019821167, "d2h": 0.002803313732147217, "data_time": 0.013455955349669164, "fwd": 0.01773895025253296, "get_state_time_mean": NaN, "get_state_time_total": 0.0, "grad": 0.04662214517593384, "mean_accuracy": 0.7056999802589417, "mean_loss": 0.93350101313591, "neg_mean_accuracy": -0.7056999802589417, "set_state_time_mean": NaN, "set_state_time_total": 0.0, "setup_model_time_mean": NaN, "setup_model_time_total": 0.0, "setup_proc_time_mean": NaN, "setup_proc_time_total": 0.0, "train_accuracy": 0.8110399842262268, "train_loss": 0.5648606492805481, "training_time_mean": NaN, "training_time_total": 0.0, "validation_time_mean": NaN, "validation_time_total": 0.0, "samples": 60000, "num_workers": 2, "done": false, "timesteps_total": null, "episodes_total": null, "training_iteration": 40, "neg_mean_loss": -0.93350101313591, "experiment_id": "3d2b95fc81034817b3694ba2062e3709", "date": "2019-05-30_14-06-08", "timestamp": 1559250368, "time_this_iter_s": 5.803358793258667, "time_total_s": 271.0767903327942, "pid": 18242, "hostname": "steropes", "node_ip": "169.229.49.254", "config": {"starting_lr": 0.05, "momentum": 0.9, "weight_decay": 0.005, "steps_per_iteration": null, "pin": false, "model_creator": null, "target_batch_size": 1024, "model_string": "resnet18", "min_batch_size": 512, "dataset": "CIFAR", "placement": null, "use_nccl": true, "devices_per_worker": 1, "primary_resource": "extra_gpu", "gpu": false, "verbose": false, "lr_config": {"mode": "log", "steps": 5, "initial_lr": 0.05, "target_lr": 0.05}, "batch_per_device": 512}, "time_since_restore": 168.9978642463684, "timesteps_since_restore": 0, "iterations_since_restore": 28, "mean_throughput": 10128.580585536509, "atoms": 2, "resource_time": 440.0746545791626}
{"apply": 0.006934237480163575, "batch_time": 0.09620084762573242, "d2h": 0.002917838096618652, "data_time": 0.01362563639271016, "fwd": 0.017572677135467528, "get_state_time_mean": NaN, "get_state_time_total": 0.0, "grad": 0.04576783180236817, "mean_accuracy": 0.752299964427948, "mean_loss": 0.7395908082962036, "neg_mean_accuracy": -0.752299964427948, "set_state_time_mean": NaN, "set_state_time_total": 0.0, "setup_model_time_mean": NaN, "setup_model_time_total": 0.0, "setup_proc_time_mean": NaN, "setup_proc_time_total": 0.0, "train_accuracy": 0.8073599934577942, "train_loss": 0.566823744277954, "training_time_mean": NaN, "training_time_total": 0.0, "validation_time_mean": NaN, "validation_time_total": 0.0, "samples": 60000, "num_workers": 2, "done": false, "timesteps_total": null, "episodes_total": null, "training_iteration": 41, "neg_mean_loss": -0.7395908082962036, "experiment_id": "3d2b95fc81034817b3694ba2062e3709", "date": "2019-05-30_14-06-14", "timestamp": 1559250374, "time_this_iter_s": 6.006823539733887, "time_total_s": 277.0836138725281, "pid": 18242, "hostname": "steropes", "node_ip": "169.229.49.254", "config": {"starting_lr": 0.05, "momentum": 0.9, "weight_decay": 0.005, "steps_per_iteration": null, "pin": false, "model_creator": null, "target_batch_size": 1024, "model_string": "resnet18", "min_batch_size": 512, "dataset": "CIFAR", "placement": null, "use_nccl": true, "devices_per_worker": 1, "primary_resource": "extra_gpu", "gpu": false, "verbose": false, "lr_config": {"mode": "log", "steps": 5, "initial_lr": 0.05, "target_lr": 0.05}, "batch_per_device": 512}, "time_since_restore": 175.0046877861023, "timesteps_since_restore": 0, "iterations_since_restore": 29, "mean_throughput": 10091.744164099147, "atoms": 2, "resource_time": 452.08830165863037}
{"apply": 0.007161879539489746, "batch_time": 0.09081076383590699, "d2h": 0.003322446346282959, "data_time": 0.014181217368768186, "fwd": 0.018923258781433104, "get_state_time_mean": NaN, "get_state_time_total": 0.0, "grad": 0.04553046226501465, "mean_accuracy": 0.7186000347137451, "mean_loss": 0.864608277130127, "neg_mean_accuracy": -0.7186000347137451, "set_state_time_mean": NaN, "set_state_time_total": 0.0, "setup_model_time_mean": NaN, "setup_model_time_total": 0.0, "setup_proc_time_mean": NaN, "setup_proc_time_total": 0.0, "train_accuracy": 0.8062599897384644, "train_loss": 0.5695305125570298, "training_time_mean": NaN, "training_time_total": 0.0, "validation_time_mean": NaN, "validation_time_total": 0.0, "samples": 60000, "num_workers": 2, "done": false, "timesteps_total": null, "episodes_total": null, "training_iteration": 42, "neg_mean_loss": -0.864608277130127, "experiment_id": "3d2b95fc81034817b3694ba2062e3709", "date": "2019-05-30_14-06-20", "timestamp": 1559250380, "time_this_iter_s": 6.133445501327515, "time_total_s": 283.2170593738556, "pid": 18242, "hostname": "steropes", "node_ip": "169.229.49.254", "config": {"starting_lr": 0.05, "momentum": 0.9, "weight_decay": 0.005, "steps_per_iteration": null, "pin": false, "model_creator": null, "target_batch_size": 1024, "model_string": "resnet18", "min_batch_size": 512, "dataset": "CIFAR", "placement": null, "use_nccl": true, "devices_per_worker": 1, "primary_resource": "extra_gpu", "gpu": false, "verbose": false, "lr_config": {"mode": "log", "steps": 5, "initial_lr": 0.05, "target_lr": 0.05}, "batch_per_device": 512}, "time_since_restore": 181.1381332874298, "timesteps_since_restore": 0, "iterations_since_restore": 30, "mean_throughput": 10035.657419515586, "atoms": 2, "resource_time": 464.3551926612854}
{"apply": 0.00827728509902954, "batch_time": 0.08648850917816162, "d2h": 0.0027390122413635254, "data_time": 0.013867529071107203, "fwd": 0.01654905080795288, "get_state_time_mean": NaN, "get_state_time_total": 0.0, "grad": 0.05002847909927369, "mean_accuracy": 0.7559999823570251, "mean_loss": 0.7271545108795165, "neg_mean_accuracy": -0.7559999823570251, "set_state_time_mean": NaN, "set_state_time_total": 0.0, "setup_model_time_mean": NaN, "setup_model_time_total": 0.0, "setup_proc_time_mean": NaN, "setup_proc_time_total": 0.0, "train_accuracy": 0.8040000200271606, "train_loss": 0.5782591355991363, "training_time_mean": NaN, "training_time_total": 0.0, "validation_time_mean": NaN, "validation_time_total": 0.0, "samples": 60000, "num_workers": 2, "done": false, "timesteps_total": null, "episodes_total": null, "training_iteration": 43, "neg_mean_loss": -0.7271545108795165, "experiment_id": "3d2b95fc81034817b3694ba2062e3709", "date": "2019-05-30_14-06-26", "timestamp": 1559250386, "time_this_iter_s": 5.896844387054443, "time_total_s": 289.11390376091003, "pid": 18242, "hostname": "steropes", "node_ip": "169.229.49.254", "config": {"starting_lr": 0.05, "momentum": 0.9, "weight_decay": 0.005, "steps_per_iteration": null, "pin": false, "model_creator": null, "target_batch_size": 1024, "model_string": "resnet18", "min_batch_size": 512, "dataset": "CIFAR", "placement": null, "use_nccl": true, "devices_per_worker": 1, "primary_resource": "extra_gpu", "gpu": false, "verbose": false, "lr_config": {"mode": "log", "steps": 5, "initial_lr": 0.05, "target_lr": 0.05}, "batch_per_device": 512}, "time_since_restore": 187.03497767448425, "timesteps_since_restore": 0, "iterations_since_restore": 31, "mean_throughput": 10043.11057111865, "atoms": 2, "resource_time": 476.1488814353943}
{"apply": 0.0072575569152832035, "batch_time": 0.08992669582366944, "d2h": 0.0029465675354003905, "data_time": 0.01294079605413943, "fwd": 0.01644066572189331, "get_state_time_mean": NaN, "get_state_time_total": 0.0, "grad": 0.0441481351852417, "mean_accuracy": 0.7688000202178955, "mean_loss": 0.708685362625122, "neg_mean_accuracy": -0.7688000202178955, "set_state_time_mean": NaN, "set_state_time_total": 0.0, "setup_model_time_mean": NaN, "setup_model_time_total": 0.0, "setup_proc_time_mean": NaN, "setup_proc_time_total": 0.0, "train_accuracy": 0.8142800331115723, "train_loss": 0.5521287169075013, "training_time_mean": NaN, "training_time_total": 0.0, "validation_time_mean": NaN, "validation_time_total": 0.0, "samples": 60000, "num_workers": 2, "done": false, "timesteps_total": null, "episodes_total": null, "training_iteration": 44, "neg_mean_loss": -0.708685362625122, "experiment_id": "3d2b95fc81034817b3694ba2062e3709", "date": "2019-05-30_14-06-32", "timestamp": 1559250392, "time_this_iter_s": 5.880548477172852, "time_total_s": 294.9944522380829, "pid": 18242, "hostname": "steropes", "node_ip": "169.229.49.254", "config": {"starting_lr": 0.05, "momentum": 0.9, "weight_decay": 0.005, "steps_per_iteration": null, "pin": false, "model_creator": null, "target_batch_size": 1024, "model_string": "resnet18", "min_batch_size": 512, "dataset": "CIFAR", "placement": null, "use_nccl": true, "devices_per_worker": 1, "primary_resource": "extra_gpu", "gpu": false, "verbose": false, "lr_config": {"mode": "log", "steps": 5, "initial_lr": 0.05, "target_lr": 0.05}, "batch_per_device": 512}, "time_since_restore": 192.9155261516571, "timesteps_since_restore": 0, "iterations_since_restore": 32, "mean_throughput": 10093.737731687113, "atoms": 2, "resource_time": 487.90997838974}
{"apply": 0.00719536542892456, "batch_time": 0.0878113865852356, "d2h": 0.003313493728637695, "data_time": 0.014138438263717964, "fwd": 0.017095303535461424, "get_state_time_mean": NaN, "get_state_time_total": 0.0, "grad": 0.04517253637313842, "mean_accuracy": 0.7338999509811401, "mean_loss": 0.8385007622241973, "neg_mean_accuracy": -0.7338999509811401, "set_state_time_mean": NaN, "set_state_time_total": 0.0, "setup_model_time_mean": NaN, "setup_model_time_total": 0.0, "setup_proc_time_mean": NaN, "setup_proc_time_total": 0.0, "train_accuracy": 0.807979941368103, "train_loss": 0.5607227248096466, "training_time_mean": NaN, "training_time_total": 0.0, "validation_time_mean": NaN, "validation_time_total": 0.0, "samples": 60000, "num_workers": 2, "done": false, "timesteps_total": null, "episodes_total": null, "training_iteration": 45, "neg_mean_loss": -0.8385007622241973, "experiment_id": "3d2b95fc81034817b3694ba2062e3709", "date": "2019-05-30_14-06-38", "timestamp": 1559250398, "time_this_iter_s": 5.902416706085205, "time_total_s": 300.8968689441681, "pid": 18242, "hostname": "steropes", "node_ip": "169.229.49.254", "config": {"starting_lr": 0.05, "momentum": 0.9, "weight_decay": 0.005, "steps_per_iteration": null, "pin": false, "model_creator": null, "target_batch_size": 1024, "model_string": "resnet18", "min_batch_size": 512, "dataset": "CIFAR", "placement": null, "use_nccl": true, "devices_per_worker": 1, "primary_resource": "extra_gpu", "gpu": false, "verbose": false, "lr_config": {"mode": "log", "steps": 5, "initial_lr": 0.05, "target_lr": 0.05}, "batch_per_device": 512}, "time_since_restore": 198.8179428577423, "timesteps_since_restore": 0, "iterations_since_restore": 33, "mean_throughput": 10060.205992852974, "atoms": 2, "resource_time": 499.7148118019104}
{"apply": 0.00711451768875122, "batch_time": 0.09591373205184936, "d2h": 0.002858173847198486, "data_time": 0.01440406575494883, "fwd": 0.017807710170745852, "get_state_time_mean": NaN, "get_state_time_total": 0.0, "grad": 0.04639078378677368, "mean_accuracy": 0.7608999609947205, "mean_loss": 0.7152532525539399, "neg_mean_accuracy": -0.7608999609947205, "set_state_time_mean": NaN, "set_state_time_total": 0.0, "setup_model_time_mean": NaN, "setup_model_time_total": 0.0, "setup_proc_time_mean": NaN, "setup_proc_time_total": 0.0, "train_accuracy": 0.807159960269928, "train_loss": 0.5719036992073059, "training_time_mean": NaN, "training_time_total": 0.0, "validation_time_mean": NaN, "validation_time_total": 0.0, "samples": 60000, "num_workers": 2, "done": false, "timesteps_total": null, "episodes_total": null, "training_iteration": 46, "neg_mean_loss": -0.7152532525539399, "experiment_id": "3d2b95fc81034817b3694ba2062e3709", "date": "2019-05-30_14-06-44", "timestamp": 1559250404, "time_this_iter_s": 5.86548924446106, "time_total_s": 306.76235818862915, "pid": 18242, "hostname": "steropes", "node_ip": "169.229.49.254", "config": {"starting_lr": 0.05, "momentum": 0.9, "weight_decay": 0.005, "steps_per_iteration": null, "pin": false, "model_creator": null, "target_batch_size": 1024, "model_string": "resnet18", "min_batch_size": 512, "dataset": "CIFAR", "placement": null, "use_nccl": true, "devices_per_worker": 1, "primary_resource": "extra_gpu", "gpu": false, "verbose": false, "lr_config": {"mode": "log", "steps": 5, "initial_lr": 0.05, "target_lr": 0.05}, "batch_per_device": 512}, "time_since_restore": 204.68343210220337, "timesteps_since_restore": 0, "iterations_since_restore": 34, "mean_throughput": 10108.09373651202, "atoms": 2, "resource_time": 511.4457902908325}
{"apply": 0.007373845577239991, "batch_time": 0.09461109638214112, "d2h": 0.0032365798950195314, "data_time": 0.013509193245245486, "fwd": 0.017376434803009034, "get_state_time_mean": NaN, "get_state_time_total": 0.0, "grad": 0.048410558700561525, "mean_accuracy": 0.7204999923706055, "mean_loss": 0.8591267749786378, "neg_mean_accuracy": -0.7204999923706055, "set_state_time_mean": NaN, "set_state_time_total": 0.0, "setup_model_time_mean": NaN, "setup_model_time_total": 0.0, "setup_proc_time_mean": NaN, "setup_proc_time_total": 0.0, "train_accuracy": 0.8086400032043457, "train_loss": 0.5603123657131195, "training_time_mean": NaN, "training_time_total": 0.0, "validation_time_mean": NaN, "validation_time_total": 0.0, "samples": 60000, "num_workers": 2, "done": false, "timesteps_total": null, "episodes_total": null, "training_iteration": 47, "neg_mean_loss": -0.8591267749786378, "experiment_id": "3d2b95fc81034817b3694ba2062e3709", "date": "2019-05-30_14-06-49", "timestamp": 1559250409, "time_this_iter_s": 5.807145118713379, "time_total_s": 312.56950330734253, "pid": 18242, "hostname": "steropes", "node_ip": "169.229.49.254", "config": {"starting_lr": 0.05, "momentum": 0.9, "weight_decay": 0.005, "steps_per_iteration": null, "pin": false, "model_creator": null, "target_batch_size": 1024, "model_string": "resnet18", "min_batch_size": 512, "dataset": "CIFAR", "placement": null, "use_nccl": true, "devices_per_worker": 1, "primary_resource": "extra_gpu", "gpu": false, "verbose": false, "lr_config": {"mode": "log", "steps": 5, "initial_lr": 0.05, "target_lr": 0.05}, "batch_per_device": 512}, "time_since_restore": 210.49057722091675, "timesteps_since_restore": 0, "iterations_since_restore": 35, "mean_throughput": 10220.461186367722, "atoms": 2, "resource_time": 523.0600805282593}
{"apply": 0.00691680908203125, "batch_time": 0.0867364525794983, "d2h": 0.0029571056365966797, "data_time": 0.012452359102210219, "fwd": 0.015819847583770752, "get_state_time_mean": NaN, "get_state_time_total": 0.0, "grad": 0.043677914142608645, "mean_accuracy": 0.7832000255584717, "mean_loss": 0.6657973083019257, "neg_mean_accuracy": -0.7832000255584717, "set_state_time_mean": NaN, "set_state_time_total": 0.0, "setup_model_time_mean": NaN, "setup_model_time_total": 0.0, "setup_proc_time_mean": NaN, "setup_proc_time_total": 0.0, "train_accuracy": 0.8114199638366699, "train_loss": 0.5612550454616547, "training_time_mean": NaN, "training_time_total": 0.0, "validation_time_mean": NaN, "validation_time_total": 0.0, "samples": 60000, "num_workers": 2, "done": false, "timesteps_total": null, "episodes_total": null, "training_iteration": 48, "neg_mean_loss": -0.6657973083019257, "experiment_id": "3d2b95fc81034817b3694ba2062e3709", "date": "2019-05-30_14-06-55", "timestamp": 1559250415, "time_this_iter_s": 5.322912931442261, "time_total_s": 317.8924162387848, "pid": 18242, "hostname": "steropes", "node_ip": "169.229.49.254", "config": {"starting_lr": 0.05, "momentum": 0.9, "weight_decay": 0.005, "steps_per_iteration": null, "pin": false, "model_creator": null, "target_batch_size": 1024, "model_string": "resnet18", "min_batch_size": 512, "dataset": "CIFAR", "placement": null, "use_nccl": true, "devices_per_worker": 1, "primary_resource": "extra_gpu", "gpu": false, "verbose": false, "lr_config": {"mode": "log", "steps": 5, "initial_lr": 0.05, "target_lr": 0.05}, "batch_per_device": 512}, "time_since_restore": 215.813490152359, "timesteps_since_restore": 0, "iterations_since_restore": 36, "mean_throughput": 10424.28780109879, "atoms": 2, "resource_time": 533.7059063911438}
{"apply": 0.007250630855560302, "batch_time": 0.09057912826538086, "d2h": 0.002741134166717529, "data_time": 0.012583654754015863, "fwd": 0.016473829746246338, "get_state_time_mean": NaN, "get_state_time_total": 0.0, "grad": 0.04403678178787232, "mean_accuracy": 0.7496999502182007, "mean_loss": 0.7613538068771362, "neg_mean_accuracy": -0.7496999502182007, "set_state_time_mean": NaN, "set_state_time_total": 0.0, "setup_model_time_mean": NaN, "setup_model_time_total": 0.0, "setup_proc_time_mean": NaN, "setup_proc_time_total": 0.0, "train_accuracy": 0.8128599524497986, "train_loss": 0.5529223449420929, "training_time_mean": NaN, "training_time_total": 0.0, "validation_time_mean": NaN, "validation_time_total": 0.0, "samples": 60000, "num_workers": 2, "done": false, "timesteps_total": null, "episodes_total": null, "training_iteration": 49, "neg_mean_loss": -0.7613538068771362, "experiment_id": "3d2b95fc81034817b3694ba2062e3709", "date": "2019-05-30_14-07-00", "timestamp": 1559250420, "time_this_iter_s": 5.383190155029297, "time_total_s": 323.2756063938141, "pid": 18242, "hostname": "steropes", "node_ip": "169.229.49.254", "config": {"starting_lr": 0.05, "momentum": 0.9, "weight_decay": 0.005, "steps_per_iteration": null, "pin": false, "model_creator": null, "target_batch_size": 1024, "model_string": "resnet18", "min_batch_size": 512, "dataset": "CIFAR", "placement": null, "use_nccl": true, "devices_per_worker": 1, "primary_resource": "extra_gpu", "gpu": false, "verbose": false, "lr_config": {"mode": "log", "steps": 5, "initial_lr": 0.05, "target_lr": 0.05}, "batch_per_device": 512}, "time_since_restore": 221.1966803073883, "timesteps_since_restore": 0, "iterations_since_restore": 37, "mean_throughput": 10607.608449097197, "atoms": 2, "resource_time": 544.4722867012024}
{"apply": 0.006990253925323486, "batch_time": 0.08684098720550537, "d2h": 0.002571117877960205, "data_time": 0.012346861313800422, "fwd": 0.01612515449523926, "get_state_time_mean": NaN, "get_state_time_total": 0.0, "grad": 0.04347209930419922, "mean_accuracy": 0.7428999543190002, "mean_loss": 0.7757394926548005, "neg_mean_accuracy": -0.7428999543190002, "set_state_time_mean": NaN, "set_state_time_total": 0.0, "setup_model_time_mean": NaN, "setup_model_time_total": 0.0, "setup_proc_time_mean": NaN, "setup_proc_time_total": 0.0, "train_accuracy": 0.8106600046157837, "train_loss": 0.5604431768035889, "training_time_mean": NaN, "training_time_total": 0.0, "validation_time_mean": NaN, "validation_time_total": 0.0, "samples": 60000, "num_workers": 2, "done": false, "timesteps_total": null, "episodes_total": null, "training_iteration": 50, "neg_mean_loss": -0.7757394926548005, "experiment_id": "3d2b95fc81034817b3694ba2062e3709", "date": "2019-05-30_14-07-05", "timestamp": 1559250425, "time_this_iter_s": 5.301982402801514, "time_total_s": 328.5775887966156, "pid": 18242, "hostname": "steropes", "node_ip": "169.229.49.254", "config": {"starting_lr": 0.05, "momentum": 0.9, "weight_decay": 0.005, "steps_per_iteration": null, "pin": false, "model_creator": null, "target_batch_size": 1024, "model_string": "resnet18", "min_batch_size": 512, "dataset": "CIFAR", "placement": null, "use_nccl": true, "devices_per_worker": 1, "primary_resource": "extra_gpu", "gpu": false, "verbose": false, "lr_config": {"mode": "log", "steps": 5, "initial_lr": 0.05, "target_lr": 0.05}, "batch_per_device": 512}, "time_since_restore": 226.49866271018982, "timesteps_since_restore": 0, "iterations_since_restore": 38, "mean_throughput": 10837.699665750706, "atoms": 2, "resource_time": 555.0762515068054}
{"apply": 0.006934642791748047, "batch_time": 0.0866309404373169, "d2h": 0.00253140926361084, "data_time": 0.012524882141424686, "fwd": 0.016580533981323243, "get_state_time_mean": NaN, "get_state_time_total": 0.0, "grad": 0.0437167763710022, "mean_accuracy": 0.7496999502182007, "mean_loss": 0.7692566050529479, "neg_mean_accuracy": -0.7496999502182007, "set_state_time_mean": NaN, "set_state_time_total": 0.0, "setup_model_time_mean": NaN, "setup_model_time_total": 0.0, "setup_proc_time_mean": NaN, "setup_proc_time_total": 0.0, "train_accuracy": 0.8090399503707886, "train_loss": 0.564041529417038, "training_time_mean": NaN, "training_time_total": 0.0, "validation_time_mean": NaN, "validation_time_total": 0.0, "samples": 60000, "num_workers": 2, "done": false, "timesteps_total": null, "episodes_total": null, "training_iteration": 51, "neg_mean_loss": -0.7692566050529479, "experiment_id": "3d2b95fc81034817b3694ba2062e3709", "date": "2019-05-30_14-07-11", "timestamp": 1559250431, "time_this_iter_s": 5.299253940582275, "time_total_s": 333.8768427371979, "pid": 18242, "hostname": "steropes", "node_ip": "169.229.49.254", "config": {"starting_lr": 0.05, "momentum": 0.9, "weight_decay": 0.005, "steps_per_iteration": null, "pin": false, "model_creator": null, "target_batch_size": 1024, "model_string": "resnet18", "min_batch_size": 512, "dataset": "CIFAR", "placement": null, "use_nccl": true, "devices_per_worker": 1, "primary_resource": "extra_gpu", "gpu": false, "verbose": false, "lr_config": {"mode": "log", "steps": 5, "initial_lr": 0.05, "target_lr": 0.05}, "batch_per_device": 512}, "time_since_restore": 231.7979166507721, "timesteps_since_restore": 0, "iterations_since_restore": 39, "mean_throughput": 11064.044214561764, "atoms": 2, "resource_time": 565.67475938797}
{"apply": 0.007448840141296387, "batch_time": 0.08579778671264648, "d2h": 0.0027616262435913082, "data_time": 0.012831982301206005, "fwd": 0.018410801887512207, "get_state_time_mean": NaN, "get_state_time_total": 0.0, "grad": 0.04604781866073608, "mean_accuracy": 0.7484999895095825, "mean_loss": 0.7692608030319215, "neg_mean_accuracy": -0.7484999895095825, "set_state_time_mean": NaN, "set_state_time_total": 0.0, "setup_model_time_mean": NaN, "setup_model_time_total": 0.0, "setup_proc_time_mean": NaN, "setup_proc_time_total": 0.0, "train_accuracy": 0.8086599707603455, "train_loss": 0.5595970617580414, "training_time_mean": NaN, "training_time_total": 0.0, "validation_time_mean": NaN, "validation_time_total": 0.0, "samples": 60000, "num_workers": 2, "done": false, "timesteps_total": null, "episodes_total": null, "training_iteration": 52, "neg_mean_loss": -0.7692608030319215, "experiment_id": "3d2b95fc81034817b3694ba2062e3709", "date": "2019-05-30_14-07-16", "timestamp": 1559250436, "time_this_iter_s": 5.607599973678589, "time_total_s": 339.48444271087646, "pid": 18242, "hostname": "steropes", "node_ip": "169.229.49.254", "config": {"starting_lr": 0.05, "momentum": 0.9, "weight_decay": 0.005, "steps_per_iteration": null, "pin": false, "model_creator": null, "target_batch_size": 1024, "model_string": "resnet18", "min_batch_size": 512, "dataset": "CIFAR", "placement": null, "use_nccl": true, "devices_per_worker": 1, "primary_resource": "extra_gpu", "gpu": false, "verbose": false, "lr_config": {"mode": "log", "steps": 5, "initial_lr": 0.05, "target_lr": 0.05}, "batch_per_device": 512}, "time_since_restore": 237.40551662445068, "timesteps_since_restore": 0, "iterations_since_restore": 40, "mean_throughput": 11146.070294911688, "atoms": 2, "resource_time": 576.8899593353271}
