apply,batch_time,d2h,data_time,fwd,get_state_time_mean,get_state_time_total,grad,mean_accuracy,mean_loss,neg_mean_accuracy,set_state_time_mean,set_state_time_total,setup_model_time_mean,setup_model_time_total,setup_proc_time_mean,setup_proc_time_total,train_accuracy,train_loss,training_time_mean,training_time_total,val_accuracy,val_loss,validation_time_mean,validation_time_total,samples,num_workers,done,timesteps_total,episodes_total,training_iteration,neg_mean_loss,experiment_id,date,timestamp,time_this_iter_s,time_total_s,pid,hostname,node_ip,config,time_since_restore,timesteps_since_restore,iterations_since_restore,mean_throughput,atoms,setup_time
0.01745009422302246,0.041480302810668945,0.0006735801696777343,0.0018387224973010286,0.11925802230834961,nan,0.0,0.1639725685119629,0.30169999599456787,2.643641228866577,-0.30169999599456787,nan,0.0,9.877106189727783,9.877106189727783,0.17419767379760742,0.17419767379760742,0.20601999759674072,2.4505780792236327,nan,0.0,0.30169999599456787,2.643641228866577,nan,0.0,60000,1,False,,,1,-2.643641228866577,26884f6704af4c809663ec79fa67ca2b,2019-06-06_07-21-02,1559830862,46.60263919830322,46.60263919830322,20308,steropes,169.229.49.254,"{'starting_lr': 0.0005, 'momentum': 0.997, 'weight_decay': 0.005, 'steps_per_iteration': None, 'pin': False, 'model_creator': None, 'target_batch_size': 128, 'model_string': 'resnet50', 'min_batch_size': 128, 'dataset': 'CIFAR', 'placement': None, 'use_nccl': True, 'devices_per_worker': 1, 'primary_resource': 'extra_gpu', 'gpu': False, 'verbose': False, 'lr_config': {'mode': 'log', 'steps': 5, 'initial_lr': 0.0005, 'target_lr': 0.0005}, 'batch_per_device': 128}",46.60263919830322,0,1,1287.478412868432,1,10.441887378692627
0.01719543933868408,0.03138869321798977,0.0007915496826171875,0.0017933205265523223,0.028246331214904784,nan,0.0,0.04815855026245117,0.3290499895811081,2.288046356773376,-0.3563999831676483,nan,0.0,nan,0.0,nan,0.0,0.3102799952030182,2.145792585144043,nan,0.0,0.3563999831676483,1.9324514846801757,nan,0.0,60000,1,False,,,2,-2.288046356773376,26884f6704af4c809663ec79fa67ca2b,2019-06-06_07-21-43,1559830903,40.995214223861694,87.59785342216492,20308,steropes,169.229.49.254,"{'starting_lr': 0.0005, 'momentum': 0.997, 'weight_decay': 0.005, 'steps_per_iteration': None, 'pin': False, 'model_creator': None, 'target_batch_size': 128, 'model_string': 'resnet50', 'min_batch_size': 128, 'dataset': 'CIFAR', 'placement': None, 'use_nccl': True, 'devices_per_worker': 1, 'primary_resource': 'extra_gpu', 'gpu': False, 'verbose': False, 'lr_config': {'mode': 'log', 'steps': 5, 'initial_lr': 0.0005, 'target_lr': 0.0005}, 'batch_per_device': 128}",87.59785342216492,0,2,1369.8940392396714,1,10.441887378692627
0.017193198204040527,0.03126160102554514,0.0007203102111816406,0.0017850057548269287,0.02782306671142578,nan,0.0,0.04851031303405762,0.34429999192555744,2.1241509654998776,-0.3747999966144562,nan,0.0,nan,0.0,nan,0.0,0.3562999963760376,1.8870632138824464,nan,0.0,0.3747999966144562,1.7963601829528808,nan,0.0,60000,1,False,,,3,-2.1241509654998776,26884f6704af4c809663ec79fa67ca2b,2019-06-06_07-22-24,1559830944,41.06419134140015,128.66204476356506,20308,steropes,169.229.49.254,"{'starting_lr': 0.0005, 'momentum': 0.997, 'weight_decay': 0.005, 'steps_per_iteration': None, 'pin': False, 'model_creator': None, 'target_batch_size': 128, 'model_string': 'resnet50', 'min_batch_size': 128, 'dataset': 'CIFAR', 'placement': None, 'use_nccl': True, 'devices_per_worker': 1, 'primary_resource': 'extra_gpu', 'gpu': False, 'verbose': False, 'lr_config': {'mode': 'log', 'steps': 5, 'initial_lr': 0.0005, 'target_lr': 0.0005}, 'batch_per_device': 128}",128.66204476356506,0,3,1399.0089377909678,1,10.441887378692627
0.017449355125427245,0.03152090688295002,0.0007438182830810547,0.001786619805923813,0.028320813179016115,nan,0.0,0.048538613319396975,0.3521749898791313,2.0121828721046446,-0.3757999837398529,nan,0.0,nan,0.0,nan,0.0,0.36945998668670654,1.7705918280792237,nan,0.0,0.3757999837398529,1.6762785919189453,nan,0.0,60000,1,False,,,4,-2.0121828721046446,26884f6704af4c809663ec79fa67ca2b,2019-06-06_07-23-05,1559830985,41.01585149765015,169.6778962612152,20308,steropes,169.229.49.254,"{'starting_lr': 0.0005, 'momentum': 0.997, 'weight_decay': 0.005, 'steps_per_iteration': None, 'pin': False, 'model_creator': None, 'target_batch_size': 128, 'model_string': 'resnet50', 'min_batch_size': 128, 'dataset': 'CIFAR', 'placement': None, 'use_nccl': True, 'devices_per_worker': 1, 'primary_resource': 'extra_gpu', 'gpu': False, 'verbose': False, 'lr_config': {'mode': 'log', 'steps': 5, 'initial_lr': 0.0005, 'target_lr': 0.0005}, 'batch_per_device': 128}",169.6778962612152,0,4,1414.4401085907089,1,10.441887378692627
0.01811189651489258,0.03148460388183594,0.0007154703140258789,0.0018184166735090563,0.02886228561401367,nan,0.0,0.04919075965881348,0.3665199875831604,1.9256022344207764,-0.42389997839927673,nan,0.0,nan,0.0,nan,0.0,0.3968999981880188,1.6573713986968994,nan,0.0,0.42389997839927673,1.5792796836853027,nan,0.0,60000,1,False,,,5,-1.9256022344207764,26884f6704af4c809663ec79fa67ca2b,2019-06-06_07-23-46,1559831026,41.00514268875122,210.68303894996643,20308,steropes,169.229.49.254,"{'starting_lr': 0.0005, 'momentum': 0.997, 'weight_decay': 0.005, 'steps_per_iteration': None, 'pin': False, 'model_creator': None, 'target_batch_size': 128, 'model_string': 'resnet50', 'min_batch_size': 128, 'dataset': 'CIFAR', 'placement': None, 'use_nccl': True, 'devices_per_worker': 1, 'primary_resource': 'extra_gpu', 'gpu': False, 'verbose': False, 'lr_config': {'mode': 'log', 'steps': 5, 'initial_lr': 0.0005, 'target_lr': 0.0005}, 'batch_per_device': 128}",210.68303894996643,0,5,1423.935736107499,1,10.441887378692627
0.017713499069213868,0.03197648253621934,0.0006973505020141602,0.0018317796994962961,0.028217196464538574,nan,0.0,0.04796576499938965,0.39727998375892637,1.6922020512390137,-0.4554999768733978,nan,0.0,nan,0.0,nan,0.0,0.4291199743747711,1.5590500524902344,nan,0.0,0.4554999768733978,1.4766403129577637,nan,0.0,60000,1,False,,,6,-1.6922020512390137,26884f6704af4c809663ec79fa67ca2b,2019-06-06_07-24-27,1559831067,41.17712736129761,251.86016631126404,20308,steropes,169.229.49.254,"{'starting_lr': 0.0005, 'momentum': 0.997, 'weight_decay': 0.005, 'steps_per_iteration': None, 'pin': False, 'model_creator': None, 'target_batch_size': 128, 'model_string': 'resnet50', 'min_batch_size': 128, 'dataset': 'CIFAR', 'placement': None, 'use_nccl': True, 'devices_per_worker': 1, 'primary_resource': 'extra_gpu', 'gpu': False, 'verbose': False, 'lr_config': {'mode': 'log', 'steps': 5, 'initial_lr': 0.0005, 'target_lr': 0.0005}, 'batch_per_device': 128}",251.86016631126404,0,6,1461.5741042029756,1,10.441887378692627
0.01936495304107666,0.03256617316716834,0.0007359027862548828,0.0018001127121088755,0.028727221488952636,nan,0.0,0.048824501037597653,0.4265599846839905,1.5801608361053465,-0.5027999877929688,nan,0.0,nan,0.0,nan,0.0,0.47419998049736023,1.4624362948989869,nan,0.0,0.5027999877929688,1.3722454090118408,nan,0.0,60000,1,False,,,7,-1.5801608361053465,26884f6704af4c809663ec79fa67ca2b,2019-06-06_07-25-09,1559831109,41.255560874938965,293.115727186203,20308,steropes,169.229.49.254,"{'starting_lr': 0.0005, 'momentum': 0.997, 'weight_decay': 0.005, 'steps_per_iteration': None, 'pin': False, 'model_creator': None, 'target_batch_size': 128, 'model_string': 'resnet50', 'min_batch_size': 128, 'dataset': 'CIFAR', 'placement': None, 'use_nccl': True, 'devices_per_worker': 1, 'primary_resource': 'extra_gpu', 'gpu': False, 'verbose': False, 'lr_config': {'mode': 'log', 'steps': 5, 'initial_lr': 0.0005, 'target_lr': 0.0005}, 'batch_per_device': 128}",293.115727186203,0,7,1459.7225813968953,1,10.441887378692627
0.017566537857055663,0.03185888181758832,0.0007208824157714844,0.0018358511083266314,0.027957797050476074,nan,0.0,0.04994621276855469,0.4590599834918976,1.4788964519500731,-0.5372999906539917,nan,0.0,nan,0.0,nan,0.0,0.5008400082588196,1.3772614163970947,nan,0.0,0.5372999906539917,1.2900382621765136,nan,0.0,60000,1,True,,,8,-1.4788964519500731,26884f6704af4c809663ec79fa67ca2b,2019-06-06_07-25-50,1559831150,41.32058930397034,334.43631649017334,20308,steropes,169.229.49.254,"{'starting_lr': 0.0005, 'momentum': 0.997, 'weight_decay': 0.005, 'steps_per_iteration': None, 'pin': False, 'model_creator': None, 'target_batch_size': 128, 'model_string': 'resnet50', 'min_batch_size': 128, 'dataset': 'CIFAR', 'placement': None, 'use_nccl': True, 'devices_per_worker': 1, 'primary_resource': 'extra_gpu', 'gpu': False, 'verbose': False, 'lr_config': {'mode': 'log', 'steps': 5, 'initial_lr': 0.0005, 'target_lr': 0.0005}, 'batch_per_device': 128}",334.43631649017334,0,8,1457.9053342367056,1,10.441887378692627
