{"apply": 0.01745009422302246, "batch_time": 0.041480302810668945, "d2h": 0.0006735801696777343, "data_time": 0.0018387224973010286, "fwd": 0.11925802230834961, "get_state_time_mean": NaN, "get_state_time_total": 0.0, "grad": 0.1639725685119629, "mean_accuracy": 0.30169999599456787, "mean_loss": 2.643641228866577, "neg_mean_accuracy": -0.30169999599456787, "set_state_time_mean": NaN, "set_state_time_total": 0.0, "setup_model_time_mean": 9.877106189727783, "setup_model_time_total": 9.877106189727783, "setup_proc_time_mean": 0.17419767379760742, "setup_proc_time_total": 0.17419767379760742, "train_accuracy": 0.20601999759674072, "train_loss": 2.4505780792236327, "training_time_mean": NaN, "training_time_total": 0.0, "val_accuracy": 0.30169999599456787, "val_loss": 2.643641228866577, "validation_time_mean": NaN, "validation_time_total": 0.0, "samples": 60000, "num_workers": 1, "done": false, "timesteps_total": null, "episodes_total": null, "training_iteration": 1, "neg_mean_loss": -2.643641228866577, "experiment_id": "26884f6704af4c809663ec79fa67ca2b", "date": "2019-06-06_07-21-02", "timestamp": 1559830862, "time_this_iter_s": 46.60263919830322, "time_total_s": 46.60263919830322, "pid": 20308, "hostname": "steropes", "node_ip": "169.229.49.254", "config": {"starting_lr": 0.0005, "momentum": 0.997, "weight_decay": 0.005, "steps_per_iteration": null, "pin": false, "model_creator": null, "target_batch_size": 128, "model_string": "resnet50", "min_batch_size": 128, "dataset": "CIFAR", "placement": null, "use_nccl": true, "devices_per_worker": 1, "primary_resource": "extra_gpu", "gpu": false, "verbose": false, "lr_config": {"mode": "log", "steps": 5, "initial_lr": 0.0005, "target_lr": 0.0005}, "batch_per_device": 128}, "time_since_restore": 46.60263919830322, "timesteps_since_restore": 0, "iterations_since_restore": 1, "mean_throughput": 1287.478412868432, "atoms": 1, "setup_time": 10.441887378692627}
{"apply": 0.01719543933868408, "batch_time": 0.03138869321798977, "d2h": 0.0007915496826171875, "data_time": 0.0017933205265523223, "fwd": 0.028246331214904784, "get_state_time_mean": NaN, "get_state_time_total": 0.0, "grad": 0.04815855026245117, "mean_accuracy": 0.3290499895811081, "mean_loss": 2.288046356773376, "neg_mean_accuracy": -0.3563999831676483, "set_state_time_mean": NaN, "set_state_time_total": 0.0, "setup_model_time_mean": NaN, "setup_model_time_total": 0.0, "setup_proc_time_mean": NaN, "setup_proc_time_total": 0.0, "train_accuracy": 0.3102799952030182, "train_loss": 2.145792585144043, "training_time_mean": NaN, "training_time_total": 0.0, "val_accuracy": 0.3563999831676483, "val_loss": 1.9324514846801757, "validation_time_mean": NaN, "validation_time_total": 0.0, "samples": 60000, "num_workers": 1, "done": false, "timesteps_total": null, "episodes_total": null, "training_iteration": 2, "neg_mean_loss": -2.288046356773376, "experiment_id": "26884f6704af4c809663ec79fa67ca2b", "date": "2019-06-06_07-21-43", "timestamp": 1559830903, "time_this_iter_s": 40.995214223861694, "time_total_s": 87.59785342216492, "pid": 20308, "hostname": "steropes", "node_ip": "169.229.49.254", "config": {"starting_lr": 0.0005, "momentum": 0.997, "weight_decay": 0.005, "steps_per_iteration": null, "pin": false, "model_creator": null, "target_batch_size": 128, "model_string": "resnet50", "min_batch_size": 128, "dataset": "CIFAR", "placement": null, "use_nccl": true, "devices_per_worker": 1, "primary_resource": "extra_gpu", "gpu": false, "verbose": false, "lr_config": {"mode": "log", "steps": 5, "initial_lr": 0.0005, "target_lr": 0.0005}, "batch_per_device": 128}, "time_since_restore": 87.59785342216492, "timesteps_since_restore": 0, "iterations_since_restore": 2, "mean_throughput": 1369.8940392396714, "atoms": 1, "setup_time": 10.441887378692627}
{"apply": 0.017193198204040527, "batch_time": 0.03126160102554514, "d2h": 0.0007203102111816406, "data_time": 0.0017850057548269287, "fwd": 0.02782306671142578, "get_state_time_mean": NaN, "get_state_time_total": 0.0, "grad": 0.04851031303405762, "mean_accuracy": 0.34429999192555744, "mean_loss": 2.1241509654998776, "neg_mean_accuracy": -0.3747999966144562, "set_state_time_mean": NaN, "set_state_time_total": 0.0, "setup_model_time_mean": NaN, "setup_model_time_total": 0.0, "setup_proc_time_mean": NaN, "setup_proc_time_total": 0.0, "train_accuracy": 0.3562999963760376, "train_loss": 1.8870632138824464, "training_time_mean": NaN, "training_time_total": 0.0, "val_accuracy": 0.3747999966144562, "val_loss": 1.7963601829528808, "validation_time_mean": NaN, "validation_time_total": 0.0, "samples": 60000, "num_workers": 1, "done": false, "timesteps_total": null, "episodes_total": null, "training_iteration": 3, "neg_mean_loss": -2.1241509654998776, "experiment_id": "26884f6704af4c809663ec79fa67ca2b", "date": "2019-06-06_07-22-24", "timestamp": 1559830944, "time_this_iter_s": 41.06419134140015, "time_total_s": 128.66204476356506, "pid": 20308, "hostname": "steropes", "node_ip": "169.229.49.254", "config": {"starting_lr": 0.0005, "momentum": 0.997, "weight_decay": 0.005, "steps_per_iteration": null, "pin": false, "model_creator": null, "target_batch_size": 128, "model_string": "resnet50", "min_batch_size": 128, "dataset": "CIFAR", "placement": null, "use_nccl": true, "devices_per_worker": 1, "primary_resource": "extra_gpu", "gpu": false, "verbose": false, "lr_config": {"mode": "log", "steps": 5, "initial_lr": 0.0005, "target_lr": 0.0005}, "batch_per_device": 128}, "time_since_restore": 128.66204476356506, "timesteps_since_restore": 0, "iterations_since_restore": 3, "mean_throughput": 1399.0089377909678, "atoms": 1, "setup_time": 10.441887378692627}
{"apply": 0.017449355125427245, "batch_time": 0.03152090688295002, "d2h": 0.0007438182830810547, "data_time": 0.001786619805923813, "fwd": 0.028320813179016115, "get_state_time_mean": NaN, "get_state_time_total": 0.0, "grad": 0.048538613319396975, "mean_accuracy": 0.3521749898791313, "mean_loss": 2.0121828721046446, "neg_mean_accuracy": -0.3757999837398529, "set_state_time_mean": NaN, "set_state_time_total": 0.0, "setup_model_time_mean": NaN, "setup_model_time_total": 0.0, "setup_proc_time_mean": NaN, "setup_proc_time_total": 0.0, "train_accuracy": 0.36945998668670654, "train_loss": 1.7705918280792237, "training_time_mean": NaN, "training_time_total": 0.0, "val_accuracy": 0.3757999837398529, "val_loss": 1.6762785919189453, "validation_time_mean": NaN, "validation_time_total": 0.0, "samples": 60000, "num_workers": 1, "done": false, "timesteps_total": null, "episodes_total": null, "training_iteration": 4, "neg_mean_loss": -2.0121828721046446, "experiment_id": "26884f6704af4c809663ec79fa67ca2b", "date": "2019-06-06_07-23-05", "timestamp": 1559830985, "time_this_iter_s": 41.01585149765015, "time_total_s": 169.6778962612152, "pid": 20308, "hostname": "steropes", "node_ip": "169.229.49.254", "config": {"starting_lr": 0.0005, "momentum": 0.997, "weight_decay": 0.005, "steps_per_iteration": null, "pin": false, "model_creator": null, "target_batch_size": 128, "model_string": "resnet50", "min_batch_size": 128, "dataset": "CIFAR", "placement": null, "use_nccl": true, "devices_per_worker": 1, "primary_resource": "extra_gpu", "gpu": false, "verbose": false, "lr_config": {"mode": "log", "steps": 5, "initial_lr": 0.0005, "target_lr": 0.0005}, "batch_per_device": 128}, "time_since_restore": 169.6778962612152, "timesteps_since_restore": 0, "iterations_since_restore": 4, "mean_throughput": 1414.4401085907089, "atoms": 1, "setup_time": 10.441887378692627}
{"apply": 0.01811189651489258, "batch_time": 0.03148460388183594, "d2h": 0.0007154703140258789, "data_time": 0.0018184166735090563, "fwd": 0.02886228561401367, "get_state_time_mean": NaN, "get_state_time_total": 0.0, "grad": 0.04919075965881348, "mean_accuracy": 0.3665199875831604, "mean_loss": 1.9256022344207764, "neg_mean_accuracy": -0.42389997839927673, "set_state_time_mean": NaN, "set_state_time_total": 0.0, "setup_model_time_mean": NaN, "setup_model_time_total": 0.0, "setup_proc_time_mean": NaN, "setup_proc_time_total": 0.0, "train_accuracy": 0.3968999981880188, "train_loss": 1.6573713986968994, "training_time_mean": NaN, "training_time_total": 0.0, "val_accuracy": 0.42389997839927673, "val_loss": 1.5792796836853027, "validation_time_mean": NaN, "validation_time_total": 0.0, "samples": 60000, "num_workers": 1, "done": false, "timesteps_total": null, "episodes_total": null, "training_iteration": 5, "neg_mean_loss": -1.9256022344207764, "experiment_id": "26884f6704af4c809663ec79fa67ca2b", "date": "2019-06-06_07-23-46", "timestamp": 1559831026, "time_this_iter_s": 41.00514268875122, "time_total_s": 210.68303894996643, "pid": 20308, "hostname": "steropes", "node_ip": "169.229.49.254", "config": {"starting_lr": 0.0005, "momentum": 0.997, "weight_decay": 0.005, "steps_per_iteration": null, "pin": false, "model_creator": null, "target_batch_size": 128, "model_string": "resnet50", "min_batch_size": 128, "dataset": "CIFAR", "placement": null, "use_nccl": true, "devices_per_worker": 1, "primary_resource": "extra_gpu", "gpu": false, "verbose": false, "lr_config": {"mode": "log", "steps": 5, "initial_lr": 0.0005, "target_lr": 0.0005}, "batch_per_device": 128}, "time_since_restore": 210.68303894996643, "timesteps_since_restore": 0, "iterations_since_restore": 5, "mean_throughput": 1423.935736107499, "atoms": 1, "setup_time": 10.441887378692627}
{"apply": 0.017713499069213868, "batch_time": 0.03197648253621934, "d2h": 0.0006973505020141602, "data_time": 0.0018317796994962961, "fwd": 0.028217196464538574, "get_state_time_mean": NaN, "get_state_time_total": 0.0, "grad": 0.04796576499938965, "mean_accuracy": 0.39727998375892637, "mean_loss": 1.6922020512390137, "neg_mean_accuracy": -0.4554999768733978, "set_state_time_mean": NaN, "set_state_time_total": 0.0, "setup_model_time_mean": NaN, "setup_model_time_total": 0.0, "setup_proc_time_mean": NaN, "setup_proc_time_total": 0.0, "train_accuracy": 0.4291199743747711, "train_loss": 1.5590500524902344, "training_time_mean": NaN, "training_time_total": 0.0, "val_accuracy": 0.4554999768733978, "val_loss": 1.4766403129577637, "validation_time_mean": NaN, "validation_time_total": 0.0, "samples": 60000, "num_workers": 1, "done": false, "timesteps_total": null, "episodes_total": null, "training_iteration": 6, "neg_mean_loss": -1.6922020512390137, "experiment_id": "26884f6704af4c809663ec79fa67ca2b", "date": "2019-06-06_07-24-27", "timestamp": 1559831067, "time_this_iter_s": 41.17712736129761, "time_total_s": 251.86016631126404, "pid": 20308, "hostname": "steropes", "node_ip": "169.229.49.254", "config": {"starting_lr": 0.0005, "momentum": 0.997, "weight_decay": 0.005, "steps_per_iteration": null, "pin": false, "model_creator": null, "target_batch_size": 128, "model_string": "resnet50", "min_batch_size": 128, "dataset": "CIFAR", "placement": null, "use_nccl": true, "devices_per_worker": 1, "primary_resource": "extra_gpu", "gpu": false, "verbose": false, "lr_config": {"mode": "log", "steps": 5, "initial_lr": 0.0005, "target_lr": 0.0005}, "batch_per_device": 128}, "time_since_restore": 251.86016631126404, "timesteps_since_restore": 0, "iterations_since_restore": 6, "mean_throughput": 1461.5741042029756, "atoms": 1, "setup_time": 10.441887378692627}
{"apply": 0.01936495304107666, "batch_time": 0.03256617316716834, "d2h": 0.0007359027862548828, "data_time": 0.0018001127121088755, "fwd": 0.028727221488952636, "get_state_time_mean": NaN, "get_state_time_total": 0.0, "grad": 0.048824501037597653, "mean_accuracy": 0.4265599846839905, "mean_loss": 1.5801608361053465, "neg_mean_accuracy": -0.5027999877929688, "set_state_time_mean": NaN, "set_state_time_total": 0.0, "setup_model_time_mean": NaN, "setup_model_time_total": 0.0, "setup_proc_time_mean": NaN, "setup_proc_time_total": 0.0, "train_accuracy": 0.47419998049736023, "train_loss": 1.4624362948989869, "training_time_mean": NaN, "training_time_total": 0.0, "val_accuracy": 0.5027999877929688, "val_loss": 1.3722454090118408, "validation_time_mean": NaN, "validation_time_total": 0.0, "samples": 60000, "num_workers": 1, "done": false, "timesteps_total": null, "episodes_total": null, "training_iteration": 7, "neg_mean_loss": -1.5801608361053465, "experiment_id": "26884f6704af4c809663ec79fa67ca2b", "date": "2019-06-06_07-25-09", "timestamp": 1559831109, "time_this_iter_s": 41.255560874938965, "time_total_s": 293.115727186203, "pid": 20308, "hostname": "steropes", "node_ip": "169.229.49.254", "config": {"starting_lr": 0.0005, "momentum": 0.997, "weight_decay": 0.005, "steps_per_iteration": null, "pin": false, "model_creator": null, "target_batch_size": 128, "model_string": "resnet50", "min_batch_size": 128, "dataset": "CIFAR", "placement": null, "use_nccl": true, "devices_per_worker": 1, "primary_resource": "extra_gpu", "gpu": false, "verbose": false, "lr_config": {"mode": "log", "steps": 5, "initial_lr": 0.0005, "target_lr": 0.0005}, "batch_per_device": 128}, "time_since_restore": 293.115727186203, "timesteps_since_restore": 0, "iterations_since_restore": 7, "mean_throughput": 1459.7225813968953, "atoms": 1, "setup_time": 10.441887378692627}
{"apply": 0.017566537857055663, "batch_time": 0.03185888181758832, "d2h": 0.0007208824157714844, "data_time": 0.0018358511083266314, "fwd": 0.027957797050476074, "get_state_time_mean": NaN, "get_state_time_total": 0.0, "grad": 0.04994621276855469, "mean_accuracy": 0.4590599834918976, "mean_loss": 1.4788964519500731, "neg_mean_accuracy": -0.5372999906539917, "set_state_time_mean": NaN, "set_state_time_total": 0.0, "setup_model_time_mean": NaN, "setup_model_time_total": 0.0, "setup_proc_time_mean": NaN, "setup_proc_time_total": 0.0, "train_accuracy": 0.5008400082588196, "train_loss": 1.3772614163970947, "training_time_mean": NaN, "training_time_total": 0.0, "val_accuracy": 0.5372999906539917, "val_loss": 1.2900382621765136, "validation_time_mean": NaN, "validation_time_total": 0.0, "samples": 60000, "num_workers": 1, "done": true, "timesteps_total": null, "episodes_total": null, "training_iteration": 8, "neg_mean_loss": -1.4788964519500731, "experiment_id": "26884f6704af4c809663ec79fa67ca2b", "date": "2019-06-06_07-25-50", "timestamp": 1559831150, "time_this_iter_s": 41.32058930397034, "time_total_s": 334.43631649017334, "pid": 20308, "hostname": "steropes", "node_ip": "169.229.49.254", "config": {"starting_lr": 0.0005, "momentum": 0.997, "weight_decay": 0.005, "steps_per_iteration": null, "pin": false, "model_creator": null, "target_batch_size": 128, "model_string": "resnet50", "min_batch_size": 128, "dataset": "CIFAR", "placement": null, "use_nccl": true, "devices_per_worker": 1, "primary_resource": "extra_gpu", "gpu": false, "verbose": false, "lr_config": {"mode": "log", "steps": 5, "initial_lr": 0.0005, "target_lr": 0.0005}, "batch_per_device": 128}, "time_since_restore": 334.43631649017334, "timesteps_since_restore": 0, "iterations_since_restore": 8, "mean_throughput": 1457.9053342367056, "atoms": 1, "setup_time": 10.441887378692627}
