{"apply": 0.01777224540710449, "batch_time": 0.04686609702774241, "d2h": 0.0006865501403808594, "data_time": 0.0018510269691877049, "fwd": 0.15426323413848878, "get_state_time_mean": NaN, "get_state_time_total": 0.0, "grad": 0.2558913230895996, "mean_accuracy": 0.10119999945163727, "mean_loss": 271.20457263031005, "neg_mean_accuracy": -0.10119999945163727, "set_state_time_mean": NaN, "set_state_time_total": 0.0, "setup_model_time_mean": 20.798763513565063, "setup_model_time_total": 20.798763513565063, "setup_proc_time_mean": 1.8576374053955078, "setup_proc_time_total": 1.8576374053955078, "train_accuracy": 0.1011199951171875, "train_loss": 6.059582941284179, "training_time_mean": NaN, "training_time_total": 0.0, "val_accuracy": 0.10119999945163727, "val_loss": 271.20457263031005, "validation_time_mean": NaN, "validation_time_total": 0.0, "samples": 60000, "num_workers": 1, "done": false, "timesteps_total": null, "episodes_total": null, "training_iteration": 1, "neg_mean_loss": -271.20457263031005, "experiment_id": "b5206c9fd7f1498ea39f4e6f4fe5dc25", "date": "2019-06-03_04-38-16", "timestamp": 1559561896, "time_this_iter_s": 50.012930393218994, "time_total_s": 50.012930393218994, "pid": 17440, "hostname": "steropes", "node_ip": "169.229.49.254", "config": {"starting_lr": 0.05, "momentum": 0.997, "weight_decay": 0.0001, "steps_per_iteration": null, "pin": false, "model_creator": null, "target_batch_size": 128, "model_string": "resnet50", "min_batch_size": 128, "dataset": "CIFAR", "placement": null, "use_nccl": true, "devices_per_worker": 1, "primary_resource": "extra_gpu", "gpu": false, "verbose": false, "lr_config": {"mode": "log", "steps": 5, "initial_lr": 0.05, "target_lr": 0.05}, "batch_per_device": 128}, "time_since_restore": 50.012930393218994, "timesteps_since_restore": 0, "iterations_since_restore": 1, "mean_throughput": 1199.6876004225776, "atoms": 1, "setup_time": 26.35576057434082}
{"apply": 0.017477083206176757, "batch_time": 0.03220025798942469, "d2h": 0.0006769180297851562, "data_time": 0.0017865393167871343, "fwd": 0.02819368839263916, "get_state_time_mean": NaN, "get_state_time_total": 0.0, "grad": 0.049396419525146486, "mean_accuracy": 0.1006999984383583, "mean_loss": 146.95405216560363, "neg_mean_accuracy": -0.10019999742507935, "set_state_time_mean": NaN, "set_state_time_total": 0.0, "setup_model_time_mean": NaN, "setup_model_time_total": 0.0, "setup_proc_time_mean": NaN, "setup_proc_time_total": 0.0, "train_accuracy": 0.10153999924659729, "train_loss": 2.8389518463134764, "training_time_mean": NaN, "training_time_total": 0.0, "val_accuracy": 0.10019999742507935, "val_loss": 22.703531700897216, "validation_time_mean": NaN, "validation_time_total": 0.0, "samples": 60000, "num_workers": 1, "done": false, "timesteps_total": null, "episodes_total": null, "training_iteration": 2, "neg_mean_loss": -146.95405216560363, "experiment_id": "b5206c9fd7f1498ea39f4e6f4fe5dc25", "date": "2019-06-03_04-38-57", "timestamp": 1559561937, "time_this_iter_s": 41.530333280563354, "time_total_s": 91.54326367378235, "pid": 17440, "hostname": "steropes", "node_ip": "169.229.49.254", "config": {"starting_lr": 0.05, "momentum": 0.997, "weight_decay": 0.0001, "steps_per_iteration": null, "pin": false, "model_creator": null, "target_batch_size": 128, "model_string": "resnet50", "min_batch_size": 128, "dataset": "CIFAR", "placement": null, "use_nccl": true, "devices_per_worker": 1, "primary_resource": "extra_gpu", "gpu": false, "verbose": false, "lr_config": {"mode": "log", "steps": 5, "initial_lr": 0.05, "target_lr": 0.05}, "batch_per_device": 128}, "time_since_restore": 91.54326367378235, "timesteps_since_restore": 0, "iterations_since_restore": 2, "mean_throughput": 1310.849367860661, "atoms": 1, "setup_time": 26.35576057434082}
{"apply": 0.017487716674804688, "batch_time": 0.0320644831355614, "d2h": 0.0007091522216796875, "data_time": 0.0017765818349540692, "fwd": 0.02800109386444092, "get_state_time_mean": NaN, "get_state_time_total": 0.0, "grad": 0.049534273147583005, "mean_accuracy": 0.1006999984383583, "mean_loss": 99.0048179066976, "neg_mean_accuracy": -0.1006999984383583, "set_state_time_mean": NaN, "set_state_time_total": 0.0, "setup_model_time_mean": NaN, "setup_model_time_total": 0.0, "setup_proc_time_mean": NaN, "setup_proc_time_total": 0.0, "train_accuracy": 0.09869999438524246, "train_loss": 3.5702679216003417, "training_time_mean": NaN, "training_time_total": 0.0, "val_accuracy": 0.1006999984383583, "val_loss": 3.106349388885498, "validation_time_mean": NaN, "validation_time_total": 0.0, "samples": 60000, "num_workers": 1, "done": true, "timesteps_total": null, "episodes_total": null, "training_iteration": 3, "neg_mean_loss": -99.0048179066976, "experiment_id": "b5206c9fd7f1498ea39f4e6f4fe5dc25", "date": "2019-06-03_04-39-38", "timestamp": 1559561978, "time_this_iter_s": 41.33540892601013, "time_total_s": 132.87867259979248, "pid": 17440, "hostname": "steropes", "node_ip": "169.229.49.254", "config": {"starting_lr": 0.05, "momentum": 0.997, "weight_decay": 0.0001, "steps_per_iteration": null, "pin": false, "model_creator": null, "target_batch_size": 128, "model_string": "resnet50", "min_batch_size": 128, "dataset": "CIFAR", "placement": null, "use_nccl": true, "devices_per_worker": 1, "primary_resource": "extra_gpu", "gpu": false, "verbose": false, "lr_config": {"mode": "log", "steps": 5, "initial_lr": 0.05, "target_lr": 0.05}, "batch_per_device": 128}, "time_since_restore": 132.87867259979248, "timesteps_since_restore": 0, "iterations_since_restore": 3, "mean_throughput": 1354.6139096295246, "atoms": 1, "setup_time": 26.35576057434082}
