{"apply": 0.019060420989990234, "batch_time": 0.049194725253913975, "d2h": 0.0007321834564208984, "data_time": 0.0018727712314147169, "fwd": 0.11526436805725097, "get_state_time_mean": NaN, "get_state_time_total": 0.0, "grad": 0.16773877143859864, "mean_accuracy": 0.09969999641180038, "mean_loss": 15678.2916375, "neg_mean_accuracy": -0.09969999641180038, "set_state_time_mean": NaN, "set_state_time_total": 0.0, "setup_model_time_mean": 8.442522048950195, "setup_model_time_total": 8.442522048950195, "setup_proc_time_mean": 0.41356825828552246, "setup_proc_time_total": 0.41356825828552246, "train_accuracy": 0.1017799973487854, "train_loss": 8.032689772338868, "training_time_mean": NaN, "training_time_total": 0.0, "val_accuracy": 0.09969999641180038, "val_loss": 15678.2916375, "validation_time_mean": NaN, "validation_time_total": 0.0, "samples": 60000, "num_workers": 1, "done": false, "timesteps_total": null, "episodes_total": null, "training_iteration": 1, "neg_mean_loss": -15678.2916375, "experiment_id": "35062a91e6174dd5b954c8b3ede173f3", "date": "2019-06-03_22-13-08", "timestamp": 1559625188, "time_this_iter_s": 46.94998598098755, "time_total_s": 46.94998598098755, "pid": 12046, "hostname": "steropes", "node_ip": "169.229.49.254", "config": {"starting_lr": 0.5, "momentum": 0.99, "weight_decay": 0.0001, "steps_per_iteration": null, "pin": false, "model_creator": null, "target_batch_size": 128, "model_string": "resnet50", "min_batch_size": 128, "dataset": "CIFAR", "placement": null, "use_nccl": true, "devices_per_worker": 1, "primary_resource": "extra_gpu", "gpu": false, "verbose": false, "lr_config": {"mode": "log", "steps": 5, "initial_lr": 0.5, "target_lr": 0.5}, "batch_per_device": 128}, "time_since_restore": 46.94998598098755, "timesteps_since_restore": 0, "iterations_since_restore": 1, "mean_throughput": 1277.9521357824144, "atoms": 1, "setup_time": 8.973978042602539}
{"apply": 0.017868566513061523, "batch_time": 0.03159608720224115, "d2h": 0.00069427490234375, "data_time": 0.0018396054387397472, "fwd": 0.028453803062438963, "get_state_time_mean": NaN, "get_state_time_total": 0.0, "grad": 0.04804635047912598, "mean_accuracy": 0.09884999692440033, "mean_loss": 2047562075.9714186, "neg_mean_accuracy": -0.09799999743700027, "set_state_time_mean": NaN, "set_state_time_total": 0.0, "setup_model_time_mean": NaN, "setup_model_time_total": 0.0, "setup_proc_time_mean": NaN, "setup_proc_time_total": 0.0, "train_accuracy": 0.10119999945163727, "train_loss": 3062.9327418829344, "training_time_mean": NaN, "training_time_total": 0.0, "val_accuracy": 0.09799999743700027, "val_loss": 4095108473.6512, "validation_time_mean": NaN, "validation_time_total": 0.0, "samples": 60000, "num_workers": 1, "done": false, "timesteps_total": null, "episodes_total": null, "training_iteration": 2, "neg_mean_loss": -2047562075.9714186, "experiment_id": "35062a91e6174dd5b954c8b3ede173f3", "date": "2019-06-03_22-13-49", "timestamp": 1559625229, "time_this_iter_s": 41.059518814086914, "time_total_s": 88.00950479507446, "pid": 12046, "hostname": "steropes", "node_ip": "169.229.49.254", "config": {"starting_lr": 0.5, "momentum": 0.99, "weight_decay": 0.0001, "steps_per_iteration": null, "pin": false, "model_creator": null, "target_batch_size": 128, "model_string": "resnet50", "min_batch_size": 128, "dataset": "CIFAR", "placement": null, "use_nccl": true, "devices_per_worker": 1, "primary_resource": "extra_gpu", "gpu": false, "verbose": false, "lr_config": {"mode": "log", "steps": 5, "initial_lr": 0.5, "target_lr": 0.5}, "batch_per_device": 128}, "time_since_restore": 88.00950479507446, "timesteps_since_restore": 0, "iterations_since_restore": 2, "mean_throughput": 1363.4858181868126, "atoms": 1, "setup_time": 8.973978042602539}
{"apply": 0.017595410346984863, "batch_time": 0.03302669826942154, "d2h": 0.0006777524948120117, "data_time": 0.0018382145620672904, "fwd": 0.027910065650939942, "get_state_time_mean": NaN, "get_state_time_total": 0.0, "grad": 0.04843924045562744, "mean_accuracy": 0.09973333030939102, "mean_loss": 1365275198.870879, "neg_mean_accuracy": -0.1014999970793724, "set_state_time_mean": NaN, "set_state_time_total": 0.0, "setup_model_time_mean": NaN, "setup_model_time_total": 0.0, "setup_proc_time_mean": NaN, "setup_proc_time_total": 0.0, "train_accuracy": 0.10415999591350555, "train_loss": 1103.95700829895, "training_time_mean": NaN, "training_time_total": 0.0, "val_accuracy": 0.1014999970793724, "val_loss": 701444.6698, "validation_time_mean": NaN, "validation_time_total": 0.0, "samples": 60000, "num_workers": 1, "done": true, "timesteps_total": null, "episodes_total": null, "training_iteration": 3, "neg_mean_loss": -1365275198.870879, "experiment_id": "35062a91e6174dd5b954c8b3ede173f3", "date": "2019-06-03_22-14-30", "timestamp": 1559625270, "time_this_iter_s": 41.14860963821411, "time_total_s": 129.15811443328857, "pid": 12046, "hostname": "steropes", "node_ip": "169.229.49.254", "config": {"starting_lr": 0.5, "momentum": 0.99, "weight_decay": 0.0001, "steps_per_iteration": null, "pin": false, "model_creator": null, "target_batch_size": 128, "model_string": "resnet50", "min_batch_size": 128, "dataset": "CIFAR", "placement": null, "use_nccl": true, "devices_per_worker": 1, "primary_resource": "extra_gpu", "gpu": false, "verbose": false, "lr_config": {"mode": "log", "steps": 5, "initial_lr": 0.5, "target_lr": 0.5}, "batch_per_device": 128}, "time_since_restore": 129.15811443328857, "timesteps_since_restore": 0, "iterations_since_restore": 3, "mean_throughput": 1393.6375123811765, "atoms": 1, "setup_time": 8.973978042602539}
