{"apply": 0.019866275787353515, "batch_time": 0.0419420833829083, "d2h": 0.0007236003875732422, "data_time": 0.0019412059003434828, "fwd": 0.12115890979766845, "get_state_time_mean": NaN, "get_state_time_total": 0.0, "grad": 0.1974320411682129, "mean_accuracy": 0.09929999709129333, "mean_loss": 3.6258408130645754, "neg_mean_accuracy": -0.09929999709129333, "set_state_time_mean": NaN, "set_state_time_total": 0.0, "setup_model_time_mean": 11.224694967269897, "setup_model_time_total": 11.224694967269897, "setup_proc_time_mean": 0.26555728912353516, "setup_proc_time_total": 0.26555728912353516, "train_accuracy": 0.10561999678611755, "train_loss": 8.30739207473755, "training_time_mean": NaN, "training_time_total": 0.0, "val_accuracy": 0.09929999709129333, "val_loss": 3.6258408130645754, "validation_time_mean": NaN, "validation_time_total": 0.0, "samples": 60000, "num_workers": 1, "done": false, "timesteps_total": null, "episodes_total": null, "training_iteration": 1, "neg_mean_loss": -3.6258408130645754, "experiment_id": "83b9e27ac5a44957b82fd974f90c8499", "date": "2019-06-02_20-38-02", "timestamp": 1559533082, "time_this_iter_s": 47.932090520858765, "time_total_s": 47.932090520858765, "pid": 9830, "hostname": "steropes", "node_ip": "169.229.49.254", "config": {"starting_lr": 0.1, "momentum": 0.99, "weight_decay": 0.005, "steps_per_iteration": null, "pin": false, "model_creator": null, "target_batch_size": 128, "model_string": "resnet50", "min_batch_size": 128, "dataset": "CIFAR", "placement": null, "use_nccl": true, "devices_per_worker": 1, "primary_resource": "extra_gpu", "gpu": false, "verbose": false, "lr_config": {"mode": "log", "steps": 5, "initial_lr": 0.1, "target_lr": 0.1}, "batch_per_device": 128}, "time_since_restore": 47.932090520858765, "timesteps_since_restore": 0, "iterations_since_restore": 1, "mean_throughput": 1251.7687898730828, "atoms": 1, "setup_time": 14.026102304458618}
{"apply": 0.020212316513061525, "batch_time": 0.032153875012941, "d2h": 0.0007180452346801757, "data_time": 0.0018795884173849354, "fwd": 0.029264497756958007, "get_state_time_mean": NaN, "get_state_time_total": 0.0, "grad": 0.04992752075195313, "mean_accuracy": 0.07429999858140945, "mean_loss": 46.33701602420807, "neg_mean_accuracy": -0.049300000071525574, "set_state_time_mean": NaN, "set_state_time_total": 0.0, "setup_model_time_mean": NaN, "setup_model_time_total": 0.0, "setup_proc_time_mean": NaN, "setup_proc_time_total": 0.0, "train_accuracy": 0.10669999569654465, "train_loss": 9.13558069869995, "training_time_mean": NaN, "training_time_total": 0.0, "val_accuracy": 0.049300000071525574, "val_loss": 89.04819123535157, "validation_time_mean": NaN, "validation_time_total": 0.0, "samples": 60000, "num_workers": 1, "done": false, "timesteps_total": null, "episodes_total": null, "training_iteration": 2, "neg_mean_loss": -46.33701602420807, "experiment_id": "83b9e27ac5a44957b82fd974f90c8499", "date": "2019-06-02_20-38-44", "timestamp": 1559533124, "time_this_iter_s": 41.66489243507385, "time_total_s": 89.59698295593262, "pid": 9830, "hostname": "steropes", "node_ip": "169.229.49.254", "config": {"starting_lr": 0.1, "momentum": 0.99, "weight_decay": 0.005, "steps_per_iteration": null, "pin": false, "model_creator": null, "target_batch_size": 128, "model_string": "resnet50", "min_batch_size": 128, "dataset": "CIFAR", "placement": null, "use_nccl": true, "devices_per_worker": 1, "primary_resource": "extra_gpu", "gpu": false, "verbose": false, "lr_config": {"mode": "log", "steps": 5, "initial_lr": 0.1, "target_lr": 0.1}, "batch_per_device": 128}, "time_since_restore": 89.59698295593262, "timesteps_since_restore": 0, "iterations_since_restore": 2, "mean_throughput": 1339.3284034818098, "atoms": 1, "setup_time": 14.026102304458618}
{"apply": 0.01788928508758545, "batch_time": 0.033069927481156364, "d2h": 0.0007459640502929688, "data_time": 0.0019022235480110968, "fwd": 0.02825021743774414, "get_state_time_mean": NaN, "get_state_time_total": 0.0, "grad": 0.04843959808349609, "mean_accuracy": 0.09319999814033508, "mean_loss": 1839.111017193222, "neg_mean_accuracy": -0.13099999725818634, "set_state_time_mean": NaN, "set_state_time_total": 0.0, "setup_model_time_mean": NaN, "setup_model_time_total": 0.0, "setup_proc_time_mean": NaN, "setup_proc_time_total": 0.0, "train_accuracy": 0.1070999950170517, "train_loss": 15.529345796585083, "training_time_mean": NaN, "training_time_total": 0.0, "val_accuracy": 0.13099999725818634, "val_loss": 5424.65901953125, "validation_time_mean": NaN, "validation_time_total": 0.0, "samples": 60000, "num_workers": 1, "done": true, "timesteps_total": null, "episodes_total": null, "training_iteration": 3, "neg_mean_loss": -1839.111017193222, "experiment_id": "83b9e27ac5a44957b82fd974f90c8499", "date": "2019-06-02_20-39-25", "timestamp": 1559533165, "time_this_iter_s": 41.43570160865784, "time_total_s": 131.03268456459045, "pid": 9830, "hostname": "steropes", "node_ip": "169.229.49.254", "config": {"starting_lr": 0.1, "momentum": 0.99, "weight_decay": 0.005, "steps_per_iteration": null, "pin": false, "model_creator": null, "target_batch_size": 128, "model_string": "resnet50", "min_batch_size": 128, "dataset": "CIFAR", "placement": null, "use_nccl": true, "devices_per_worker": 1, "primary_resource": "extra_gpu", "gpu": false, "verbose": false, "lr_config": {"mode": "log", "steps": 5, "initial_lr": 0.1, "target_lr": 0.1}, "batch_per_device": 128}, "time_since_restore": 131.03268456459045, "timesteps_since_restore": 0, "iterations_since_restore": 3, "mean_throughput": 1373.699480159791, "atoms": 1, "setup_time": 14.026102304458618}
