{"apply": 0.017651820182800294, "batch_time": 0.041749739948707294, "d2h": 0.0006745338439941406, "data_time": 0.001884475083607237, "fwd": 0.11897954940795899, "get_state_time_mean": NaN, "get_state_time_total": 0.0, "grad": 0.16429202556610106, "mean_accuracy": 0.3037000000476837, "mean_loss": 1.9681509239196777, "neg_mean_accuracy": -0.3037000000476837, "set_state_time_mean": NaN, "set_state_time_total": 0.0, "setup_model_time_mean": 8.54012417793274, "setup_model_time_total": 8.54012417793274, "setup_proc_time_mean": 0.21332502365112305, "setup_proc_time_total": 0.21332502365112305, "train_accuracy": 0.21121999621391296, "train_loss": 2.310218622512817, "training_time_mean": NaN, "training_time_total": 0.0, "val_accuracy": 0.3037000000476837, "val_loss": 1.9681509239196777, "validation_time_mean": NaN, "validation_time_total": 0.0, "samples": 60000, "num_workers": 1, "done": false, "timesteps_total": null, "episodes_total": null, "training_iteration": 1, "neg_mean_loss": -1.9681509239196777, "experiment_id": "749f08d6940c4e99aa3a5c458c0dff2d", "date": "2019-06-03_22-36-23", "timestamp": 1559626583, "time_this_iter_s": 46.37307810783386, "time_total_s": 46.37307810783386, "pid": 5580, "hostname": "steropes", "node_ip": "169.229.49.254", "config": {"starting_lr": 0.001, "momentum": 0.95, "weight_decay": 0.0005, "steps_per_iteration": null, "pin": false, "model_creator": null, "target_batch_size": 128, "model_string": "resnet50", "min_batch_size": 128, "dataset": "CIFAR", "placement": null, "use_nccl": true, "devices_per_worker": 1, "primary_resource": "extra_gpu", "gpu": false, "verbose": false, "lr_config": {"mode": "log", "steps": 5, "initial_lr": 0.001, "target_lr": 0.001}, "batch_per_device": 128}, "time_since_restore": 46.37307810783386, "timesteps_since_restore": 0, "iterations_since_restore": 1, "mean_throughput": 1293.851591819533, "atoms": 1, "setup_time": 9.369740962982178}
{"apply": 0.017760086059570312, "batch_time": 0.03146379507040676, "d2h": 0.0006985902786254883, "data_time": 0.0017960681329907665, "fwd": 0.02783823013305664, "get_state_time_mean": NaN, "get_state_time_total": 0.0, "grad": 0.04751255512237549, "mean_accuracy": 0.3476499915122986, "mean_loss": 1.8478099853515624, "neg_mean_accuracy": -0.39159998297691345, "set_state_time_mean": NaN, "set_state_time_total": 0.0, "setup_model_time_mean": NaN, "setup_model_time_total": 0.0, "setup_proc_time_mean": NaN, "setup_proc_time_total": 0.0, "train_accuracy": 0.32575997710227966, "train_loss": 1.8939008658599854, "training_time_mean": NaN, "training_time_total": 0.0, "val_accuracy": 0.39159998297691345, "val_loss": 1.7274690467834473, "validation_time_mean": NaN, "validation_time_total": 0.0, "samples": 60000, "num_workers": 1, "done": false, "timesteps_total": null, "episodes_total": null, "training_iteration": 2, "neg_mean_loss": -1.8478099853515624, "experiment_id": "749f08d6940c4e99aa3a5c458c0dff2d", "date": "2019-06-03_22-37-04", "timestamp": 1559626624, "time_this_iter_s": 40.941811084747314, "time_total_s": 87.31488919258118, "pid": 5580, "hostname": "steropes", "node_ip": "169.229.49.254", "config": {"starting_lr": 0.001, "momentum": 0.95, "weight_decay": 0.0005, "steps_per_iteration": null, "pin": false, "model_creator": null, "target_batch_size": 128, "model_string": "resnet50", "min_batch_size": 128, "dataset": "CIFAR", "placement": null, "use_nccl": true, "devices_per_worker": 1, "primary_resource": "extra_gpu", "gpu": false, "verbose": false, "lr_config": {"mode": "log", "steps": 5, "initial_lr": 0.001, "target_lr": 0.001}, "batch_per_device": 128}, "time_since_restore": 87.31488919258118, "timesteps_since_restore": 0, "iterations_since_restore": 2, "mean_throughput": 1374.3332213905992, "atoms": 1, "setup_time": 9.369740962982178}
{"apply": 0.017348504066467284, "batch_time": 0.03507337389113028, "d2h": 0.000690293312072754, "data_time": 0.0018022090882596458, "fwd": 0.027515435218811037, "get_state_time_mean": NaN, "get_state_time_total": 0.0, "grad": 0.047739267349243164, "mean_accuracy": 0.3701666593551636, "mean_loss": 1.7941482714970907, "neg_mean_accuracy": -0.41519999504089355, "set_state_time_mean": NaN, "set_state_time_total": 0.0, "setup_model_time_mean": NaN, "setup_model_time_total": 0.0, "setup_proc_time_mean": NaN, "setup_proc_time_total": 0.0, "train_accuracy": 0.3795599937438965, "train_loss": 1.7388921411895752, "training_time_mean": NaN, "training_time_total": 0.0, "val_accuracy": 0.41519999504089355, "val_loss": 1.686824843788147, "validation_time_mean": NaN, "validation_time_total": 0.0, "samples": 60000, "num_workers": 1, "done": false, "timesteps_total": null, "episodes_total": null, "training_iteration": 3, "neg_mean_loss": -1.7941482714970907, "experiment_id": "749f08d6940c4e99aa3a5c458c0dff2d", "date": "2019-06-03_22-37-45", "timestamp": 1559626665, "time_this_iter_s": 41.428014516830444, "time_total_s": 128.74290370941162, "pid": 5580, "hostname": "steropes", "node_ip": "169.229.49.254", "config": {"starting_lr": 0.001, "momentum": 0.95, "weight_decay": 0.0005, "steps_per_iteration": null, "pin": false, "model_creator": null, "target_batch_size": 128, "model_string": "resnet50", "min_batch_size": 128, "dataset": "CIFAR", "placement": null, "use_nccl": true, "devices_per_worker": 1, "primary_resource": "extra_gpu", "gpu": false, "verbose": false, "lr_config": {"mode": "log", "steps": 5, "initial_lr": 0.001, "target_lr": 0.001}, "batch_per_device": 128}, "time_since_restore": 128.74290370941162, "timesteps_since_restore": 0, "iterations_since_restore": 3, "mean_throughput": 1398.1319213528127, "atoms": 1, "setup_time": 9.369740962982178}
{"apply": 0.017572832107543946, "batch_time": 0.0321625214588793, "d2h": 0.000738978385925293, "data_time": 0.0019057766555825159, "fwd": 0.027941203117370604, "get_state_time_mean": NaN, "get_state_time_total": 0.0, "grad": 0.04895739555358887, "mean_accuracy": 0.3901749923825264, "mean_loss": 1.7390668971061707, "neg_mean_accuracy": -0.45019999146461487, "set_state_time_mean": NaN, "set_state_time_total": 0.0, "setup_model_time_mean": NaN, "setup_model_time_total": 0.0, "setup_proc_time_mean": NaN, "setup_proc_time_total": 0.0, "train_accuracy": 0.4127199947834015, "train_loss": 1.6302644942474365, "training_time_mean": NaN, "training_time_total": 0.0, "val_accuracy": 0.45019999146461487, "val_loss": 1.5738227739334107, "validation_time_mean": NaN, "validation_time_total": 0.0, "samples": 60000, "num_workers": 1, "done": false, "timesteps_total": null, "episodes_total": null, "training_iteration": 4, "neg_mean_loss": -1.7390668971061707, "experiment_id": "749f08d6940c4e99aa3a5c458c0dff2d", "date": "2019-06-03_22-38-27", "timestamp": 1559626707, "time_this_iter_s": 41.38762426376343, "time_total_s": 170.13052797317505, "pid": 5580, "hostname": "steropes", "node_ip": "169.229.49.254", "config": {"starting_lr": 0.001, "momentum": 0.95, "weight_decay": 0.0005, "steps_per_iteration": null, "pin": false, "model_creator": null, "target_batch_size": 128, "model_string": "resnet50", "min_batch_size": 128, "dataset": "CIFAR", "placement": null, "use_nccl": true, "devices_per_worker": 1, "primary_resource": "extra_gpu", "gpu": false, "verbose": false, "lr_config": {"mode": "log", "steps": 5, "initial_lr": 0.001, "target_lr": 0.001}, "batch_per_device": 128}, "time_since_restore": 170.13052797317505, "timesteps_since_restore": 0, "iterations_since_restore": 4, "mean_throughput": 1410.67833793754, "atoms": 1, "setup_time": 9.369740962982178}
