apply,batch_time,d2h,data_time,fwd,get_state_time_mean,get_state_time_total,grad,mean_accuracy,mean_loss,neg_mean_accuracy,set_state_time_mean,set_state_time_total,setup_model_time_mean,setup_model_time_total,setup_proc_time_mean,setup_proc_time_total,train_accuracy,train_loss,training_time_mean,training_time_total,validation_time_mean,validation_time_total,samples,num_workers,done,timesteps_total,episodes_total,training_iteration,neg_mean_loss,experiment_id,date,timestamp,time_this_iter_s,time_total_s,pid,hostname,node_ip,config,time_since_restore,timesteps_since_restore,iterations_since_restore,mean_throughput,atoms,resource_time
0.006908559799194336,0.17036862373352052,0.0042798519134521484,0.03663254270748216,0.0763561487197876,nan,0.0,0.1440676212310791,0.10520000010728836,41.18285951538086,-0.10520000010728836,nan,0.0,8.71100664138794,8.71100664138794,0.17371726036071777,0.17371726036071777,0.10033999383449554,5.31194729057312,nan,0.0,nan,0.0,60000,1,False,,,1,-41.18285951538086,6cc51cbfcae2422caf9c6103bf1df01e,2019-05-30_14-17-56,1559251076,11.198331594467163,11.198331594467163,21736,steropes,169.229.49.254,"{'starting_lr': 1.0, 'momentum': 0.95, 'weight_decay': 0.0001, 'steps_per_iteration': None, 'pin': False, 'model_creator': None, 'target_batch_size': 1024, 'model_string': 'resnet18', 'min_batch_size': 512, 'dataset': 'CIFAR', 'placement': None, 'use_nccl': True, 'devices_per_worker': 1, 'primary_resource': 'extra_gpu', 'gpu': False, 'verbose': False, 'lr_config': {'mode': 'log', 'steps': 5, 'initial_lr': 1.0, 'target_lr': 1.0}, 'batch_per_device': 1024}",11.198331594467163,0,1,5357.87791975092,1,11.198331594467163
0.007148623466491699,0.12459404468536377,0.005018401145935059,0.047490514054590344,0.020671606063842773,nan,0.0,0.04293699264526367,0.09999999403953552,2.3128648735046387,-0.09999999403953552,nan,0.0,nan,0.0,nan,0.0,0.10074000060558319,2.353517655181885,nan,0.0,nan,0.0,60000,1,False,,,2,-2.3128648735046387,6cc51cbfcae2422caf9c6103bf1df01e,2019-05-30_14-18-04,1559251084,7.722900390625,18.921231985092163,21736,steropes,169.229.49.254,"{'starting_lr': 1.0, 'momentum': 0.95, 'weight_decay': 0.0001, 'steps_per_iteration': None, 'pin': False, 'model_creator': None, 'target_batch_size': 1024, 'model_string': 'resnet18', 'min_batch_size': 512, 'dataset': 'CIFAR', 'placement': None, 'use_nccl': True, 'devices_per_worker': 1, 'primary_resource': 'extra_gpu', 'gpu': False, 'verbose': False, 'lr_config': {'mode': 'log', 'steps': 5, 'initial_lr': 1.0, 'target_lr': 1.0}, 'batch_per_device': 1024}",18.921231985092163,0,2,6342.011263511945,1,18.921231985092163
0.007822942733764649,0.12544682025909423,0.005526065826416016,0.04429790925006477,0.021009492874145507,nan,0.0,0.04274768829345703,0.09999999403953552,2.3064217990875244,-0.09999999403953552,nan,0.0,nan,0.0,nan,0.0,0.10119999945163727,2.310138307495117,nan,0.0,nan,0.0,60000,1,False,,,3,-2.3064217990875244,6cc51cbfcae2422caf9c6103bf1df01e,2019-05-30_14-18-11,1559251091,7.466329097747803,26.387561082839966,21736,steropes,169.229.49.254,"{'starting_lr': 1.0, 'momentum': 0.95, 'weight_decay': 0.0001, 'steps_per_iteration': None, 'pin': False, 'model_creator': None, 'target_batch_size': 1024, 'model_string': 'resnet18', 'min_batch_size': 512, 'dataset': 'CIFAR', 'placement': None, 'use_nccl': True, 'devices_per_worker': 1, 'primary_resource': 'extra_gpu', 'gpu': False, 'verbose': False, 'lr_config': {'mode': 'log', 'steps': 5, 'initial_lr': 1.0, 'target_lr': 1.0}, 'batch_per_device': 1024}",26.387561082839966,0,3,6821.321472450064,1,26.387561082839966
0.008093118667602539,0.12373952865600586,0.005652475357055664,0.042960629171254684,0.021115994453430174,nan,0.0,0.043748116493225096,0.09999999403953552,2.3079750255584717,-0.09999999403953552,nan,0.0,nan,0.0,nan,0.0,0.10153999924659729,2.3086017377471926,nan,0.0,nan,0.0,60000,1,False,,,4,-2.3079750255584717,6cc51cbfcae2422caf9c6103bf1df01e,2019-05-30_14-18-19,1559251099,7.4088685512542725,33.79642963409424,21736,steropes,169.229.49.254,"{'starting_lr': 1.0, 'momentum': 0.95, 'weight_decay': 0.0001, 'steps_per_iteration': None, 'pin': False, 'model_creator': None, 'target_batch_size': 1024, 'model_string': 'resnet18', 'min_batch_size': 512, 'dataset': 'CIFAR', 'placement': None, 'use_nccl': True, 'devices_per_worker': 1, 'primary_resource': 'extra_gpu', 'gpu': False, 'verbose': False, 'lr_config': {'mode': 'log', 'steps': 5, 'initial_lr': 1.0, 'target_lr': 1.0}, 'batch_per_device': 1024}",33.79642963409424,0,4,7101.265549267691,1,33.79642963409424
0.008273839950561523,0.12119288444519043,0.005036401748657227,0.03746338279879823,0.021704697608947755,nan,0.0,0.043276739120483396,0.09999999403953552,2.3107389266967773,-0.09999999403953552,nan,0.0,nan,0.0,nan,0.0,0.09879999607801437,2.313233097305298,nan,0.0,nan,0.0,60000,1,False,,,5,-2.3107389266967773,6cc51cbfcae2422caf9c6103bf1df01e,2019-05-30_14-18-26,1559251106,7.464898586273193,41.26132822036743,21736,steropes,169.229.49.254,"{'starting_lr': 1.0, 'momentum': 0.95, 'weight_decay': 0.0001, 'steps_per_iteration': None, 'pin': False, 'model_creator': None, 'target_batch_size': 1024, 'model_string': 'resnet18', 'min_batch_size': 512, 'dataset': 'CIFAR', 'placement': None, 'use_nccl': True, 'devices_per_worker': 1, 'primary_resource': 'extra_gpu', 'gpu': False, 'verbose': False, 'lr_config': {'mode': 'log', 'steps': 5, 'initial_lr': 1.0, 'target_lr': 1.0}, 'batch_per_device': 1024}",41.26132822036743,0,5,7270.652879437027,1,41.26132822036743
0.00752255916595459,0.13055222034454345,0.005532503128051758,0.03984294132310517,0.02363123893737793,nan,0.0,0.048246455192565915,0.09999999403953552,2.3151058300018312,-0.09999999403953552,nan,0.0,nan,0.0,nan,0.0,0.09931999444961548,2.315845732574463,nan,0.0,nan,0.0,60000,1,False,,,6,-2.3151058300018312,6cc51cbfcae2422caf9c6103bf1df01e,2019-05-30_14-18-34,1559251114,7.89402174949646,49.15534996986389,21736,steropes,169.229.49.254,"{'starting_lr': 1.0, 'momentum': 0.95, 'weight_decay': 0.0001, 'steps_per_iteration': None, 'pin': False, 'model_creator': None, 'target_batch_size': 1024, 'model_string': 'resnet18', 'min_batch_size': 512, 'dataset': 'CIFAR', 'placement': None, 'use_nccl': True, 'devices_per_worker': 1, 'primary_resource': 'extra_gpu', 'gpu': False, 'verbose': False, 'lr_config': {'mode': 'log', 'steps': 5, 'initial_lr': 1.0, 'target_lr': 1.0}, 'batch_per_device': 1024}",49.15534996986389,0,6,7903.59573345806,1,49.15534996986389
0.007938385009765625,0.12468771934509278,0.005086088180541992,0.035030496363737146,0.023600673675537108,nan,0.0,0.04878623485565185,0.09999999403953552,2.315506636428833,-0.09999999403953552,nan,0.0,nan,0.0,nan,0.0,0.10157999396324158,2.317395945739746,nan,0.0,nan,0.0,60000,1,False,,,7,-2.315506636428833,6cc51cbfcae2422caf9c6103bf1df01e,2019-05-30_14-18-42,1559251122,7.701082229614258,56.85643219947815,21736,steropes,169.229.49.254,"{'starting_lr': 1.0, 'momentum': 0.95, 'weight_decay': 0.0001, 'steps_per_iteration': None, 'pin': False, 'model_creator': None, 'target_batch_size': 1024, 'model_string': 'resnet18', 'min_batch_size': 512, 'dataset': 'CIFAR', 'placement': None, 'use_nccl': True, 'devices_per_worker': 1, 'primary_resource': 'extra_gpu', 'gpu': False, 'verbose': False, 'lr_config': {'mode': 'log', 'steps': 5, 'initial_lr': 1.0, 'target_lr': 1.0}, 'batch_per_device': 1024}",56.85643219947815,0,7,7908.140986240002,1,56.85643219947815
0.008713889122009277,0.12321560382843018,0.005714631080627442,0.03580442739992726,0.025055766105651855,nan,0.0,0.048158907890319826,0.09999999403953552,2.3137178020477296,-0.09999999403953552,nan,0.0,nan,0.0,nan,0.0,0.09817999601364136,2.3182693257904052,nan,0.0,nan,0.0,60000,1,False,,,8,-2.3137178020477296,6cc51cbfcae2422caf9c6103bf1df01e,2019-05-30_14-18-49,1559251129,7.695348024368286,64.55178022384644,21736,steropes,169.229.49.254,"{'starting_lr': 1.0, 'momentum': 0.95, 'weight_decay': 0.0001, 'steps_per_iteration': None, 'pin': False, 'model_creator': None, 'target_batch_size': 1024, 'model_string': 'resnet18', 'min_batch_size': 512, 'dataset': 'CIFAR', 'placement': None, 'use_nccl': True, 'devices_per_worker': 1, 'primary_resource': 'extra_gpu', 'gpu': False, 'verbose': False, 'lr_config': {'mode': 'log', 'steps': 5, 'initial_lr': 1.0, 'target_lr': 1.0}, 'batch_per_device': 1024}",64.55178022384644,0,8,7860.684629875798,1,64.55178022384644
0.008242106437683106,0.12026569843292237,0.005639338493347168,0.04491767591359664,0.02231307029724121,nan,0.0,0.044198465347290036,0.09999999403953552,2.3163480381011965,-0.09999999403953552,nan,0.0,nan,0.0,nan,0.0,0.0995199978351593,2.3167388977050782,nan,0.0,nan,0.0,60000,1,False,,,9,-2.3163480381011965,6cc51cbfcae2422caf9c6103bf1df01e,2019-05-30_14-18-57,1559251137,7.972017526626587,72.52379775047302,21736,steropes,169.229.49.254,"{'starting_lr': 1.0, 'momentum': 0.95, 'weight_decay': 0.0001, 'steps_per_iteration': None, 'pin': False, 'model_creator': None, 'target_batch_size': 1024, 'model_string': 'resnet18', 'min_batch_size': 512, 'dataset': 'CIFAR', 'placement': None, 'use_nccl': True, 'devices_per_worker': 1, 'primary_resource': 'extra_gpu', 'gpu': False, 'verbose': False, 'lr_config': {'mode': 'log', 'steps': 5, 'initial_lr': 1.0, 'target_lr': 1.0}, 'batch_per_device': 1024}",72.52379775047302,0,9,7746.377385866907,1,72.52379775047302
0.008269333839416504,0.12259445190429688,0.004980754852294922,0.03714299201965332,0.02239117622375488,nan,0.0,0.043137526512145995,0.09999999403953552,2.314558065414429,-0.09999999403953552,nan,0.0,nan,0.0,nan,0.0,0.10077999532222748,2.3156400272369386,nan,0.0,nan,0.0,60000,1,False,,,10,-2.314558065414429,6cc51cbfcae2422caf9c6103bf1df01e,2019-05-30_14-19-05,1559251145,7.676509380340576,80.2003071308136,21736,steropes,169.229.49.254,"{'starting_lr': 1.0, 'momentum': 0.95, 'weight_decay': 0.0001, 'steps_per_iteration': None, 'pin': False, 'model_creator': None, 'target_batch_size': 1024, 'model_string': 'resnet18', 'min_batch_size': 512, 'dataset': 'CIFAR', 'placement': None, 'use_nccl': True, 'devices_per_worker': 1, 'primary_resource': 'extra_gpu', 'gpu': False, 'verbose': False, 'lr_config': {'mode': 'log', 'steps': 5, 'initial_lr': 1.0, 'target_lr': 1.0}, 'batch_per_device': 1024}",80.2003071308136,0,10,7704.2796253160295,1,80.2003071308136
0.007669591903686523,0.13255414962768555,0.007607007026672363,0.04156142351578693,0.0287095308303833,nan,0.0,0.04330458641052246,0.09999999403953552,2.3175623023986818,-0.09999999403953552,nan,0.0,nan,0.0,nan,0.0,0.09953999519348145,2.3152635052490234,nan,0.0,nan,0.0,60000,1,False,,,11,-2.3175623023986818,6cc51cbfcae2422caf9c6103bf1df01e,2019-05-30_14-19-13,1559251153,7.8646886348724365,88.06499576568604,21736,steropes,169.229.49.254,"{'starting_lr': 1.0, 'momentum': 0.95, 'weight_decay': 0.0001, 'steps_per_iteration': None, 'pin': False, 'model_creator': None, 'target_batch_size': 1024, 'model_string': 'resnet18', 'min_batch_size': 512, 'dataset': 'CIFAR', 'placement': None, 'use_nccl': True, 'devices_per_worker': 1, 'primary_resource': 'extra_gpu', 'gpu': False, 'verbose': False, 'lr_config': {'mode': 'log', 'steps': 5, 'initial_lr': 1.0, 'target_lr': 1.0}, 'batch_per_device': 1024}",88.06499576568604,0,11,7710.069081182503,1,88.06499576568604
0.008104777336120606,0.1269357442855835,0.006243300437927246,0.03647775552710708,0.023131632804870607,nan,0.0,0.05034928321838379,0.09999999403953552,2.3162916069030763,-0.09999999403953552,nan,0.0,nan,0.0,nan,0.0,0.09995999932289124,2.314885799560547,nan,0.0,nan,0.0,60000,1,False,,,12,-2.3162916069030763,6cc51cbfcae2422caf9c6103bf1df01e,2019-05-30_14-19-21,1559251161,7.733808994293213,95.79880475997925,21736,steropes,169.229.49.254,"{'starting_lr': 1.0, 'momentum': 0.95, 'weight_decay': 0.0001, 'steps_per_iteration': None, 'pin': False, 'model_creator': None, 'target_batch_size': 1024, 'model_string': 'resnet18', 'min_batch_size': 512, 'dataset': 'CIFAR', 'placement': None, 'use_nccl': True, 'devices_per_worker': 1, 'primary_resource': 'extra_gpu', 'gpu': False, 'verbose': False, 'lr_config': {'mode': 'log', 'steps': 5, 'initial_lr': 1.0, 'target_lr': 1.0}, 'batch_per_device': 1024}",95.79880475997925,0,12,7703.589421464531,1,95.79880475997925
0.007597160339355469,0.12653582096099852,0.005723357200622559,0.04199981689453125,0.02182455062866211,nan,0.0,0.04359171390533447,0.09999999403953552,2.3141845169067383,-0.09999999403953552,nan,0.0,nan,0.0,nan,0.0,0.09873999655246735,2.316940675354004,nan,0.0,nan,0.0,60000,1,True,,,13,-2.3141845169067383,6cc51cbfcae2422caf9c6103bf1df01e,2019-05-30_14-19-29,1559251169,8.032146692276001,103.83095145225525,21736,steropes,169.229.49.254,"{'starting_lr': 1.0, 'momentum': 0.95, 'weight_decay': 0.0001, 'steps_per_iteration': None, 'pin': False, 'model_creator': None, 'target_batch_size': 1024, 'model_string': 'resnet18', 'min_batch_size': 512, 'dataset': 'CIFAR', 'placement': None, 'use_nccl': True, 'devices_per_worker': 1, 'primary_resource': 'extra_gpu', 'gpu': False, 'verbose': False, 'lr_config': {'mode': 'log', 'steps': 5, 'initial_lr': 1.0, 'target_lr': 1.0}, 'batch_per_device': 1024}",103.83095145225525,0,13,7637.536712996807,1,103.83095145225525
