{"apply": 0.006908559799194336, "batch_time": 0.17036862373352052, "d2h": 0.0042798519134521484, "data_time": 0.03663254270748216, "fwd": 0.0763561487197876, "get_state_time_mean": NaN, "get_state_time_total": 0.0, "grad": 0.1440676212310791, "mean_accuracy": 0.10520000010728836, "mean_loss": 41.18285951538086, "neg_mean_accuracy": -0.10520000010728836, "set_state_time_mean": NaN, "set_state_time_total": 0.0, "setup_model_time_mean": 8.71100664138794, "setup_model_time_total": 8.71100664138794, "setup_proc_time_mean": 0.17371726036071777, "setup_proc_time_total": 0.17371726036071777, "train_accuracy": 0.10033999383449554, "train_loss": 5.31194729057312, "training_time_mean": NaN, "training_time_total": 0.0, "validation_time_mean": NaN, "validation_time_total": 0.0, "samples": 60000, "num_workers": 1, "done": false, "timesteps_total": null, "episodes_total": null, "training_iteration": 1, "neg_mean_loss": -41.18285951538086, "experiment_id": "6cc51cbfcae2422caf9c6103bf1df01e", "date": "2019-05-30_14-17-56", "timestamp": 1559251076, "time_this_iter_s": 11.198331594467163, "time_total_s": 11.198331594467163, "pid": 21736, "hostname": "steropes", "node_ip": "169.229.49.254", "config": {"starting_lr": 1.0, "momentum": 0.95, "weight_decay": 0.0001, "steps_per_iteration": null, "pin": false, "model_creator": null, "target_batch_size": 1024, "model_string": "resnet18", "min_batch_size": 512, "dataset": "CIFAR", "placement": null, "use_nccl": true, "devices_per_worker": 1, "primary_resource": "extra_gpu", "gpu": false, "verbose": false, "lr_config": {"mode": "log", "steps": 5, "initial_lr": 1.0, "target_lr": 1.0}, "batch_per_device": 1024}, "time_since_restore": 11.198331594467163, "timesteps_since_restore": 0, "iterations_since_restore": 1, "mean_throughput": 5357.87791975092, "atoms": 1, "resource_time": 11.198331594467163}
{"apply": 0.007148623466491699, "batch_time": 0.12459404468536377, "d2h": 0.005018401145935059, "data_time": 0.047490514054590344, "fwd": 0.020671606063842773, "get_state_time_mean": NaN, "get_state_time_total": 0.0, "grad": 0.04293699264526367, "mean_accuracy": 0.09999999403953552, "mean_loss": 2.3128648735046387, "neg_mean_accuracy": -0.09999999403953552, "set_state_time_mean": NaN, "set_state_time_total": 0.0, "setup_model_time_mean": NaN, "setup_model_time_total": 0.0, "setup_proc_time_mean": NaN, "setup_proc_time_total": 0.0, "train_accuracy": 0.10074000060558319, "train_loss": 2.353517655181885, "training_time_mean": NaN, "training_time_total": 0.0, "validation_time_mean": NaN, "validation_time_total": 0.0, "samples": 60000, "num_workers": 1, "done": false, "timesteps_total": null, "episodes_total": null, "training_iteration": 2, "neg_mean_loss": -2.3128648735046387, "experiment_id": "6cc51cbfcae2422caf9c6103bf1df01e", "date": "2019-05-30_14-18-04", "timestamp": 1559251084, "time_this_iter_s": 7.722900390625, "time_total_s": 18.921231985092163, "pid": 21736, "hostname": "steropes", "node_ip": "169.229.49.254", "config": {"starting_lr": 1.0, "momentum": 0.95, "weight_decay": 0.0001, "steps_per_iteration": null, "pin": false, "model_creator": null, "target_batch_size": 1024, "model_string": "resnet18", "min_batch_size": 512, "dataset": "CIFAR", "placement": null, "use_nccl": true, "devices_per_worker": 1, "primary_resource": "extra_gpu", "gpu": false, "verbose": false, "lr_config": {"mode": "log", "steps": 5, "initial_lr": 1.0, "target_lr": 1.0}, "batch_per_device": 1024}, "time_since_restore": 18.921231985092163, "timesteps_since_restore": 0, "iterations_since_restore": 2, "mean_throughput": 6342.011263511945, "atoms": 1, "resource_time": 18.921231985092163}
{"apply": 0.007822942733764649, "batch_time": 0.12544682025909423, "d2h": 0.005526065826416016, "data_time": 0.04429790925006477, "fwd": 0.021009492874145507, "get_state_time_mean": NaN, "get_state_time_total": 0.0, "grad": 0.04274768829345703, "mean_accuracy": 0.09999999403953552, "mean_loss": 2.3064217990875244, "neg_mean_accuracy": -0.09999999403953552, "set_state_time_mean": NaN, "set_state_time_total": 0.0, "setup_model_time_mean": NaN, "setup_model_time_total": 0.0, "setup_proc_time_mean": NaN, "setup_proc_time_total": 0.0, "train_accuracy": 0.10119999945163727, "train_loss": 2.310138307495117, "training_time_mean": NaN, "training_time_total": 0.0, "validation_time_mean": NaN, "validation_time_total": 0.0, "samples": 60000, "num_workers": 1, "done": false, "timesteps_total": null, "episodes_total": null, "training_iteration": 3, "neg_mean_loss": -2.3064217990875244, "experiment_id": "6cc51cbfcae2422caf9c6103bf1df01e", "date": "2019-05-30_14-18-11", "timestamp": 1559251091, "time_this_iter_s": 7.466329097747803, "time_total_s": 26.387561082839966, "pid": 21736, "hostname": "steropes", "node_ip": "169.229.49.254", "config": {"starting_lr": 1.0, "momentum": 0.95, "weight_decay": 0.0001, "steps_per_iteration": null, "pin": false, "model_creator": null, "target_batch_size": 1024, "model_string": "resnet18", "min_batch_size": 512, "dataset": "CIFAR", "placement": null, "use_nccl": true, "devices_per_worker": 1, "primary_resource": "extra_gpu", "gpu": false, "verbose": false, "lr_config": {"mode": "log", "steps": 5, "initial_lr": 1.0, "target_lr": 1.0}, "batch_per_device": 1024}, "time_since_restore": 26.387561082839966, "timesteps_since_restore": 0, "iterations_since_restore": 3, "mean_throughput": 6821.321472450064, "atoms": 1, "resource_time": 26.387561082839966}
{"apply": 0.008093118667602539, "batch_time": 0.12373952865600586, "d2h": 0.005652475357055664, "data_time": 0.042960629171254684, "fwd": 0.021115994453430174, "get_state_time_mean": NaN, "get_state_time_total": 0.0, "grad": 0.043748116493225096, "mean_accuracy": 0.09999999403953552, "mean_loss": 2.3079750255584717, "neg_mean_accuracy": -0.09999999403953552, "set_state_time_mean": NaN, "set_state_time_total": 0.0, "setup_model_time_mean": NaN, "setup_model_time_total": 0.0, "setup_proc_time_mean": NaN, "setup_proc_time_total": 0.0, "train_accuracy": 0.10153999924659729, "train_loss": 2.3086017377471926, "training_time_mean": NaN, "training_time_total": 0.0, "validation_time_mean": NaN, "validation_time_total": 0.0, "samples": 60000, "num_workers": 1, "done": false, "timesteps_total": null, "episodes_total": null, "training_iteration": 4, "neg_mean_loss": -2.3079750255584717, "experiment_id": "6cc51cbfcae2422caf9c6103bf1df01e", "date": "2019-05-30_14-18-19", "timestamp": 1559251099, "time_this_iter_s": 7.4088685512542725, "time_total_s": 33.79642963409424, "pid": 21736, "hostname": "steropes", "node_ip": "169.229.49.254", "config": {"starting_lr": 1.0, "momentum": 0.95, "weight_decay": 0.0001, "steps_per_iteration": null, "pin": false, "model_creator": null, "target_batch_size": 1024, "model_string": "resnet18", "min_batch_size": 512, "dataset": "CIFAR", "placement": null, "use_nccl": true, "devices_per_worker": 1, "primary_resource": "extra_gpu", "gpu": false, "verbose": false, "lr_config": {"mode": "log", "steps": 5, "initial_lr": 1.0, "target_lr": 1.0}, "batch_per_device": 1024}, "time_since_restore": 33.79642963409424, "timesteps_since_restore": 0, "iterations_since_restore": 4, "mean_throughput": 7101.265549267691, "atoms": 1, "resource_time": 33.79642963409424}
{"apply": 0.008273839950561523, "batch_time": 0.12119288444519043, "d2h": 0.005036401748657227, "data_time": 0.03746338279879823, "fwd": 0.021704697608947755, "get_state_time_mean": NaN, "get_state_time_total": 0.0, "grad": 0.043276739120483396, "mean_accuracy": 0.09999999403953552, "mean_loss": 2.3107389266967773, "neg_mean_accuracy": -0.09999999403953552, "set_state_time_mean": NaN, "set_state_time_total": 0.0, "setup_model_time_mean": NaN, "setup_model_time_total": 0.0, "setup_proc_time_mean": NaN, "setup_proc_time_total": 0.0, "train_accuracy": 0.09879999607801437, "train_loss": 2.313233097305298, "training_time_mean": NaN, "training_time_total": 0.0, "validation_time_mean": NaN, "validation_time_total": 0.0, "samples": 60000, "num_workers": 1, "done": false, "timesteps_total": null, "episodes_total": null, "training_iteration": 5, "neg_mean_loss": -2.3107389266967773, "experiment_id": "6cc51cbfcae2422caf9c6103bf1df01e", "date": "2019-05-30_14-18-26", "timestamp": 1559251106, "time_this_iter_s": 7.464898586273193, "time_total_s": 41.26132822036743, "pid": 21736, "hostname": "steropes", "node_ip": "169.229.49.254", "config": {"starting_lr": 1.0, "momentum": 0.95, "weight_decay": 0.0001, "steps_per_iteration": null, "pin": false, "model_creator": null, "target_batch_size": 1024, "model_string": "resnet18", "min_batch_size": 512, "dataset": "CIFAR", "placement": null, "use_nccl": true, "devices_per_worker": 1, "primary_resource": "extra_gpu", "gpu": false, "verbose": false, "lr_config": {"mode": "log", "steps": 5, "initial_lr": 1.0, "target_lr": 1.0}, "batch_per_device": 1024}, "time_since_restore": 41.26132822036743, "timesteps_since_restore": 0, "iterations_since_restore": 5, "mean_throughput": 7270.652879437027, "atoms": 1, "resource_time": 41.26132822036743}
{"apply": 0.00752255916595459, "batch_time": 0.13055222034454345, "d2h": 0.005532503128051758, "data_time": 0.03984294132310517, "fwd": 0.02363123893737793, "get_state_time_mean": NaN, "get_state_time_total": 0.0, "grad": 0.048246455192565915, "mean_accuracy": 0.09999999403953552, "mean_loss": 2.3151058300018312, "neg_mean_accuracy": -0.09999999403953552, "set_state_time_mean": NaN, "set_state_time_total": 0.0, "setup_model_time_mean": NaN, "setup_model_time_total": 0.0, "setup_proc_time_mean": NaN, "setup_proc_time_total": 0.0, "train_accuracy": 0.09931999444961548, "train_loss": 2.315845732574463, "training_time_mean": NaN, "training_time_total": 0.0, "validation_time_mean": NaN, "validation_time_total": 0.0, "samples": 60000, "num_workers": 1, "done": false, "timesteps_total": null, "episodes_total": null, "training_iteration": 6, "neg_mean_loss": -2.3151058300018312, "experiment_id": "6cc51cbfcae2422caf9c6103bf1df01e", "date": "2019-05-30_14-18-34", "timestamp": 1559251114, "time_this_iter_s": 7.89402174949646, "time_total_s": 49.15534996986389, "pid": 21736, "hostname": "steropes", "node_ip": "169.229.49.254", "config": {"starting_lr": 1.0, "momentum": 0.95, "weight_decay": 0.0001, "steps_per_iteration": null, "pin": false, "model_creator": null, "target_batch_size": 1024, "model_string": "resnet18", "min_batch_size": 512, "dataset": "CIFAR", "placement": null, "use_nccl": true, "devices_per_worker": 1, "primary_resource": "extra_gpu", "gpu": false, "verbose": false, "lr_config": {"mode": "log", "steps": 5, "initial_lr": 1.0, "target_lr": 1.0}, "batch_per_device": 1024}, "time_since_restore": 49.15534996986389, "timesteps_since_restore": 0, "iterations_since_restore": 6, "mean_throughput": 7903.59573345806, "atoms": 1, "resource_time": 49.15534996986389}
{"apply": 0.007938385009765625, "batch_time": 0.12468771934509278, "d2h": 0.005086088180541992, "data_time": 0.035030496363737146, "fwd": 0.023600673675537108, "get_state_time_mean": NaN, "get_state_time_total": 0.0, "grad": 0.04878623485565185, "mean_accuracy": 0.09999999403953552, "mean_loss": 2.315506636428833, "neg_mean_accuracy": -0.09999999403953552, "set_state_time_mean": NaN, "set_state_time_total": 0.0, "setup_model_time_mean": NaN, "setup_model_time_total": 0.0, "setup_proc_time_mean": NaN, "setup_proc_time_total": 0.0, "train_accuracy": 0.10157999396324158, "train_loss": 2.317395945739746, "training_time_mean": NaN, "training_time_total": 0.0, "validation_time_mean": NaN, "validation_time_total": 0.0, "samples": 60000, "num_workers": 1, "done": false, "timesteps_total": null, "episodes_total": null, "training_iteration": 7, "neg_mean_loss": -2.315506636428833, "experiment_id": "6cc51cbfcae2422caf9c6103bf1df01e", "date": "2019-05-30_14-18-42", "timestamp": 1559251122, "time_this_iter_s": 7.701082229614258, "time_total_s": 56.85643219947815, "pid": 21736, "hostname": "steropes", "node_ip": "169.229.49.254", "config": {"starting_lr": 1.0, "momentum": 0.95, "weight_decay": 0.0001, "steps_per_iteration": null, "pin": false, "model_creator": null, "target_batch_size": 1024, "model_string": "resnet18", "min_batch_size": 512, "dataset": "CIFAR", "placement": null, "use_nccl": true, "devices_per_worker": 1, "primary_resource": "extra_gpu", "gpu": false, "verbose": false, "lr_config": {"mode": "log", "steps": 5, "initial_lr": 1.0, "target_lr": 1.0}, "batch_per_device": 1024}, "time_since_restore": 56.85643219947815, "timesteps_since_restore": 0, "iterations_since_restore": 7, "mean_throughput": 7908.140986240002, "atoms": 1, "resource_time": 56.85643219947815}
{"apply": 0.008713889122009277, "batch_time": 0.12321560382843018, "d2h": 0.005714631080627442, "data_time": 0.03580442739992726, "fwd": 0.025055766105651855, "get_state_time_mean": NaN, "get_state_time_total": 0.0, "grad": 0.048158907890319826, "mean_accuracy": 0.09999999403953552, "mean_loss": 2.3137178020477296, "neg_mean_accuracy": -0.09999999403953552, "set_state_time_mean": NaN, "set_state_time_total": 0.0, "setup_model_time_mean": NaN, "setup_model_time_total": 0.0, "setup_proc_time_mean": NaN, "setup_proc_time_total": 0.0, "train_accuracy": 0.09817999601364136, "train_loss": 2.3182693257904052, "training_time_mean": NaN, "training_time_total": 0.0, "validation_time_mean": NaN, "validation_time_total": 0.0, "samples": 60000, "num_workers": 1, "done": false, "timesteps_total": null, "episodes_total": null, "training_iteration": 8, "neg_mean_loss": -2.3137178020477296, "experiment_id": "6cc51cbfcae2422caf9c6103bf1df01e", "date": "2019-05-30_14-18-49", "timestamp": 1559251129, "time_this_iter_s": 7.695348024368286, "time_total_s": 64.55178022384644, "pid": 21736, "hostname": "steropes", "node_ip": "169.229.49.254", "config": {"starting_lr": 1.0, "momentum": 0.95, "weight_decay": 0.0001, "steps_per_iteration": null, "pin": false, "model_creator": null, "target_batch_size": 1024, "model_string": "resnet18", "min_batch_size": 512, "dataset": "CIFAR", "placement": null, "use_nccl": true, "devices_per_worker": 1, "primary_resource": "extra_gpu", "gpu": false, "verbose": false, "lr_config": {"mode": "log", "steps": 5, "initial_lr": 1.0, "target_lr": 1.0}, "batch_per_device": 1024}, "time_since_restore": 64.55178022384644, "timesteps_since_restore": 0, "iterations_since_restore": 8, "mean_throughput": 7860.684629875798, "atoms": 1, "resource_time": 64.55178022384644}
{"apply": 0.008242106437683106, "batch_time": 0.12026569843292237, "d2h": 0.005639338493347168, "data_time": 0.04491767591359664, "fwd": 0.02231307029724121, "get_state_time_mean": NaN, "get_state_time_total": 0.0, "grad": 0.044198465347290036, "mean_accuracy": 0.09999999403953552, "mean_loss": 2.3163480381011965, "neg_mean_accuracy": -0.09999999403953552, "set_state_time_mean": NaN, "set_state_time_total": 0.0, "setup_model_time_mean": NaN, "setup_model_time_total": 0.0, "setup_proc_time_mean": NaN, "setup_proc_time_total": 0.0, "train_accuracy": 0.0995199978351593, "train_loss": 2.3167388977050782, "training_time_mean": NaN, "training_time_total": 0.0, "validation_time_mean": NaN, "validation_time_total": 0.0, "samples": 60000, "num_workers": 1, "done": false, "timesteps_total": null, "episodes_total": null, "training_iteration": 9, "neg_mean_loss": -2.3163480381011965, "experiment_id": "6cc51cbfcae2422caf9c6103bf1df01e", "date": "2019-05-30_14-18-57", "timestamp": 1559251137, "time_this_iter_s": 7.972017526626587, "time_total_s": 72.52379775047302, "pid": 21736, "hostname": "steropes", "node_ip": "169.229.49.254", "config": {"starting_lr": 1.0, "momentum": 0.95, "weight_decay": 0.0001, "steps_per_iteration": null, "pin": false, "model_creator": null, "target_batch_size": 1024, "model_string": "resnet18", "min_batch_size": 512, "dataset": "CIFAR", "placement": null, "use_nccl": true, "devices_per_worker": 1, "primary_resource": "extra_gpu", "gpu": false, "verbose": false, "lr_config": {"mode": "log", "steps": 5, "initial_lr": 1.0, "target_lr": 1.0}, "batch_per_device": 1024}, "time_since_restore": 72.52379775047302, "timesteps_since_restore": 0, "iterations_since_restore": 9, "mean_throughput": 7746.377385866907, "atoms": 1, "resource_time": 72.52379775047302}
{"apply": 0.008269333839416504, "batch_time": 0.12259445190429688, "d2h": 0.004980754852294922, "data_time": 0.03714299201965332, "fwd": 0.02239117622375488, "get_state_time_mean": NaN, "get_state_time_total": 0.0, "grad": 0.043137526512145995, "mean_accuracy": 0.09999999403953552, "mean_loss": 2.314558065414429, "neg_mean_accuracy": -0.09999999403953552, "set_state_time_mean": NaN, "set_state_time_total": 0.0, "setup_model_time_mean": NaN, "setup_model_time_total": 0.0, "setup_proc_time_mean": NaN, "setup_proc_time_total": 0.0, "train_accuracy": 0.10077999532222748, "train_loss": 2.3156400272369386, "training_time_mean": NaN, "training_time_total": 0.0, "validation_time_mean": NaN, "validation_time_total": 0.0, "samples": 60000, "num_workers": 1, "done": false, "timesteps_total": null, "episodes_total": null, "training_iteration": 10, "neg_mean_loss": -2.314558065414429, "experiment_id": "6cc51cbfcae2422caf9c6103bf1df01e", "date": "2019-05-30_14-19-05", "timestamp": 1559251145, "time_this_iter_s": 7.676509380340576, "time_total_s": 80.2003071308136, "pid": 21736, "hostname": "steropes", "node_ip": "169.229.49.254", "config": {"starting_lr": 1.0, "momentum": 0.95, "weight_decay": 0.0001, "steps_per_iteration": null, "pin": false, "model_creator": null, "target_batch_size": 1024, "model_string": "resnet18", "min_batch_size": 512, "dataset": "CIFAR", "placement": null, "use_nccl": true, "devices_per_worker": 1, "primary_resource": "extra_gpu", "gpu": false, "verbose": false, "lr_config": {"mode": "log", "steps": 5, "initial_lr": 1.0, "target_lr": 1.0}, "batch_per_device": 1024}, "time_since_restore": 80.2003071308136, "timesteps_since_restore": 0, "iterations_since_restore": 10, "mean_throughput": 7704.2796253160295, "atoms": 1, "resource_time": 80.2003071308136}
{"apply": 0.007669591903686523, "batch_time": 0.13255414962768555, "d2h": 0.007607007026672363, "data_time": 0.04156142351578693, "fwd": 0.0287095308303833, "get_state_time_mean": NaN, "get_state_time_total": 0.0, "grad": 0.04330458641052246, "mean_accuracy": 0.09999999403953552, "mean_loss": 2.3175623023986818, "neg_mean_accuracy": -0.09999999403953552, "set_state_time_mean": NaN, "set_state_time_total": 0.0, "setup_model_time_mean": NaN, "setup_model_time_total": 0.0, "setup_proc_time_mean": NaN, "setup_proc_time_total": 0.0, "train_accuracy": 0.09953999519348145, "train_loss": 2.3152635052490234, "training_time_mean": NaN, "training_time_total": 0.0, "validation_time_mean": NaN, "validation_time_total": 0.0, "samples": 60000, "num_workers": 1, "done": false, "timesteps_total": null, "episodes_total": null, "training_iteration": 11, "neg_mean_loss": -2.3175623023986818, "experiment_id": "6cc51cbfcae2422caf9c6103bf1df01e", "date": "2019-05-30_14-19-13", "timestamp": 1559251153, "time_this_iter_s": 7.8646886348724365, "time_total_s": 88.06499576568604, "pid": 21736, "hostname": "steropes", "node_ip": "169.229.49.254", "config": {"starting_lr": 1.0, "momentum": 0.95, "weight_decay": 0.0001, "steps_per_iteration": null, "pin": false, "model_creator": null, "target_batch_size": 1024, "model_string": "resnet18", "min_batch_size": 512, "dataset": "CIFAR", "placement": null, "use_nccl": true, "devices_per_worker": 1, "primary_resource": "extra_gpu", "gpu": false, "verbose": false, "lr_config": {"mode": "log", "steps": 5, "initial_lr": 1.0, "target_lr": 1.0}, "batch_per_device": 1024}, "time_since_restore": 88.06499576568604, "timesteps_since_restore": 0, "iterations_since_restore": 11, "mean_throughput": 7710.069081182503, "atoms": 1, "resource_time": 88.06499576568604}
{"apply": 0.008104777336120606, "batch_time": 0.1269357442855835, "d2h": 0.006243300437927246, "data_time": 0.03647775552710708, "fwd": 0.023131632804870607, "get_state_time_mean": NaN, "get_state_time_total": 0.0, "grad": 0.05034928321838379, "mean_accuracy": 0.09999999403953552, "mean_loss": 2.3162916069030763, "neg_mean_accuracy": -0.09999999403953552, "set_state_time_mean": NaN, "set_state_time_total": 0.0, "setup_model_time_mean": NaN, "setup_model_time_total": 0.0, "setup_proc_time_mean": NaN, "setup_proc_time_total": 0.0, "train_accuracy": 0.09995999932289124, "train_loss": 2.314885799560547, "training_time_mean": NaN, "training_time_total": 0.0, "validation_time_mean": NaN, "validation_time_total": 0.0, "samples": 60000, "num_workers": 1, "done": false, "timesteps_total": null, "episodes_total": null, "training_iteration": 12, "neg_mean_loss": -2.3162916069030763, "experiment_id": "6cc51cbfcae2422caf9c6103bf1df01e", "date": "2019-05-30_14-19-21", "timestamp": 1559251161, "time_this_iter_s": 7.733808994293213, "time_total_s": 95.79880475997925, "pid": 21736, "hostname": "steropes", "node_ip": "169.229.49.254", "config": {"starting_lr": 1.0, "momentum": 0.95, "weight_decay": 0.0001, "steps_per_iteration": null, "pin": false, "model_creator": null, "target_batch_size": 1024, "model_string": "resnet18", "min_batch_size": 512, "dataset": "CIFAR", "placement": null, "use_nccl": true, "devices_per_worker": 1, "primary_resource": "extra_gpu", "gpu": false, "verbose": false, "lr_config": {"mode": "log", "steps": 5, "initial_lr": 1.0, "target_lr": 1.0}, "batch_per_device": 1024}, "time_since_restore": 95.79880475997925, "timesteps_since_restore": 0, "iterations_since_restore": 12, "mean_throughput": 7703.589421464531, "atoms": 1, "resource_time": 95.79880475997925}
{"apply": 0.007597160339355469, "batch_time": 0.12653582096099852, "d2h": 0.005723357200622559, "data_time": 0.04199981689453125, "fwd": 0.02182455062866211, "get_state_time_mean": NaN, "get_state_time_total": 0.0, "grad": 0.04359171390533447, "mean_accuracy": 0.09999999403953552, "mean_loss": 2.3141845169067383, "neg_mean_accuracy": -0.09999999403953552, "set_state_time_mean": NaN, "set_state_time_total": 0.0, "setup_model_time_mean": NaN, "setup_model_time_total": 0.0, "setup_proc_time_mean": NaN, "setup_proc_time_total": 0.0, "train_accuracy": 0.09873999655246735, "train_loss": 2.316940675354004, "training_time_mean": NaN, "training_time_total": 0.0, "validation_time_mean": NaN, "validation_time_total": 0.0, "samples": 60000, "num_workers": 1, "done": true, "timesteps_total": null, "episodes_total": null, "training_iteration": 13, "neg_mean_loss": -2.3141845169067383, "experiment_id": "6cc51cbfcae2422caf9c6103bf1df01e", "date": "2019-05-30_14-19-29", "timestamp": 1559251169, "time_this_iter_s": 8.032146692276001, "time_total_s": 103.83095145225525, "pid": 21736, "hostname": "steropes", "node_ip": "169.229.49.254", "config": {"starting_lr": 1.0, "momentum": 0.95, "weight_decay": 0.0001, "steps_per_iteration": null, "pin": false, "model_creator": null, "target_batch_size": 1024, "model_string": "resnet18", "min_batch_size": 512, "dataset": "CIFAR", "placement": null, "use_nccl": true, "devices_per_worker": 1, "primary_resource": "extra_gpu", "gpu": false, "verbose": false, "lr_config": {"mode": "log", "steps": 5, "initial_lr": 1.0, "target_lr": 1.0}, "batch_per_device": 1024}, "time_since_restore": 103.83095145225525, "timesteps_since_restore": 0, "iterations_since_restore": 13, "mean_throughput": 7637.536712996807, "atoms": 1, "resource_time": 103.83095145225525}
