{"apply": 0.01900947093963623, "batch_time": 0.04509430897386768, "d2h": 0.0007357120513916016, "data_time": 0.0018436396518326781, "fwd": 0.11842026710510253, "get_state_time_mean": NaN, "get_state_time_total": 0.0, "grad": 0.2177349090576172, "mean_accuracy": 0.17979998886585236, "mean_loss": 2.301217007446289, "neg_mean_accuracy": -0.17979998886585236, "set_state_time_mean": NaN, "set_state_time_total": 0.0, "setup_model_time_mean": 9.09640884399414, "setup_model_time_total": 9.09640884399414, "setup_proc_time_mean": 0.13510584831237793, "setup_proc_time_total": 0.13510584831237793, "train_accuracy": 0.1539599895477295, "train_loss": 4.288490300369262, "training_time_mean": NaN, "training_time_total": 0.0, "val_accuracy": 0.17979998886585236, "val_loss": 2.301217007446289, "validation_time_mean": NaN, "validation_time_total": 0.0, "samples": 60000, "num_workers": 1, "done": false, "timesteps_total": null, "episodes_total": null, "training_iteration": 1, "neg_mean_loss": -2.301217007446289, "experiment_id": "67d19a0f97b14564973da69baa4cc841", "date": "2019-06-06_09-30-47", "timestamp": 1559838647, "time_this_iter_s": 47.997705936431885, "time_total_s": 47.997705936431885, "pid": 9127, "hostname": "steropes", "node_ip": "169.229.49.254", "config": {"starting_lr": 0.05, "momentum": 0.9, "weight_decay": 0.001, "steps_per_iteration": null, "pin": false, "model_creator": null, "target_batch_size": 128, "model_string": "resnet50", "min_batch_size": 128, "dataset": "CIFAR", "placement": null, "use_nccl": true, "devices_per_worker": 1, "primary_resource": "extra_gpu", "gpu": false, "verbose": false, "lr_config": {"mode": "log", "steps": 5, "initial_lr": 0.05, "target_lr": 0.05}, "batch_per_device": 128}, "time_since_restore": 47.997705936431885, "timesteps_since_restore": 0, "iterations_since_restore": 1, "mean_throughput": 1250.056285461921, "atoms": 1, "setup_time": 9.351296424865723}
{"apply": 0.018021535873413087, "batch_time": 0.03256945670405521, "d2h": 0.0006598949432373047, "data_time": 0.0018011011430979385, "fwd": 0.028737092018127443, "get_state_time_mean": NaN, "get_state_time_total": 0.0, "grad": 0.048795318603515624, "mean_accuracy": 0.23889998346567154, "mean_loss": 2.066796658134461, "neg_mean_accuracy": -0.2979999780654907, "set_state_time_mean": NaN, "set_state_time_total": 0.0, "setup_model_time_mean": NaN, "setup_model_time_total": 0.0, "setup_proc_time_mean": NaN, "setup_proc_time_total": 0.0, "train_accuracy": 0.2487199902534485, "train_loss": 2.106195277786255, "training_time_mean": NaN, "training_time_total": 0.0, "val_accuracy": 0.2979999780654907, "val_loss": 1.832376308822632, "validation_time_mean": NaN, "validation_time_total": 0.0, "samples": 60000, "num_workers": 1, "done": false, "timesteps_total": null, "episodes_total": null, "training_iteration": 2, "neg_mean_loss": -2.066796658134461, "experiment_id": "67d19a0f97b14564973da69baa4cc841", "date": "2019-06-06_09-31-29", "timestamp": 1559838689, "time_this_iter_s": 42.180180072784424, "time_total_s": 90.17788600921631, "pid": 9127, "hostname": "steropes", "node_ip": "169.229.49.254", "config": {"starting_lr": 0.05, "momentum": 0.9, "weight_decay": 0.001, "steps_per_iteration": null, "pin": false, "model_creator": null, "target_batch_size": 128, "model_string": "resnet50", "min_batch_size": 128, "dataset": "CIFAR", "placement": null, "use_nccl": true, "devices_per_worker": 1, "primary_resource": "extra_gpu", "gpu": false, "verbose": false, "lr_config": {"mode": "log", "steps": 5, "initial_lr": 0.05, "target_lr": 0.05}, "batch_per_device": 128}, "time_since_restore": 90.17788600921631, "timesteps_since_restore": 0, "iterations_since_restore": 2, "mean_throughput": 1330.7001086643793, "atoms": 1, "setup_time": 9.351296424865723}
{"apply": 0.018635249137878417, "batch_time": 0.03274757952629766, "d2h": 0.000661158561706543, "data_time": 0.0017939876107608572, "fwd": 0.02918267250061035, "get_state_time_mean": NaN, "get_state_time_total": 0.0, "grad": 0.04831781387329102, "mean_accuracy": 0.2574999878803889, "mean_loss": 2.0364966079711917, "neg_mean_accuracy": -0.2946999967098236, "set_state_time_mean": NaN, "set_state_time_total": 0.0, "setup_model_time_mean": NaN, "setup_model_time_total": 0.0, "setup_proc_time_mean": NaN, "setup_proc_time_total": 0.0, "train_accuracy": 0.3206399977207184, "train_loss": 1.8316121811294557, "training_time_mean": NaN, "training_time_total": 0.0, "val_accuracy": 0.2946999967098236, "val_loss": 1.9758965076446533, "validation_time_mean": NaN, "validation_time_total": 0.0, "samples": 60000, "num_workers": 1, "done": true, "timesteps_total": null, "episodes_total": null, "training_iteration": 3, "neg_mean_loss": -2.0364966079711917, "experiment_id": "67d19a0f97b14564973da69baa4cc841", "date": "2019-06-06_09-32-11", "timestamp": 1559838731, "time_this_iter_s": 41.65086507797241, "time_total_s": 131.82875108718872, "pid": 9127, "hostname": "steropes", "node_ip": "169.229.49.254", "config": {"starting_lr": 0.05, "momentum": 0.9, "weight_decay": 0.001, "steps_per_iteration": null, "pin": false, "model_creator": null, "target_batch_size": 128, "model_string": "resnet50", "min_batch_size": 128, "dataset": "CIFAR", "placement": null, "use_nccl": true, "devices_per_worker": 1, "primary_resource": "extra_gpu", "gpu": false, "verbose": false, "lr_config": {"mode": "log", "steps": 5, "initial_lr": 0.05, "target_lr": 0.05}, "batch_per_device": 128}, "time_since_restore": 131.82875108718872, "timesteps_since_restore": 0, "iterations_since_restore": 3, "mean_throughput": 1365.404811149212, "atoms": 1, "setup_time": 9.351296424865723}
