apply,batch_time,d2h,data_time,fwd,get_state_time_mean,get_state_time_total,grad,mean_accuracy,mean_loss,neg_mean_accuracy,set_state_time_mean,set_state_time_total,setup_model_time_mean,setup_model_time_total,setup_proc_time_mean,setup_proc_time_total,train_accuracy,train_loss,training_time_mean,training_time_total,val_accuracy,val_loss,validation_time_mean,validation_time_total,samples,num_workers,done,timesteps_total,episodes_total,training_iteration,neg_mean_loss,experiment_id,date,timestamp,time_this_iter_s,time_total_s,pid,hostname,node_ip,config,time_since_restore,timesteps_since_restore,iterations_since_restore,mean_throughput,atoms,setup_time
0.01753237247467041,0.044208746922167044,0.0006831645965576172,0.00181340256615368,0.11677486896514892,nan,0.0,0.167085599899292,0.17999999225139618,862.1243242675781,-0.17999999225139618,nan,0.0,8.307123899459839,8.307123899459839,1.8411200046539307,1.8411200046539307,0.15709999203681946,4.798520097503662,nan,0.0,0.17999999225139618,862.1243242675781,nan,0.0,60000,1,False,,,1,-862.1243242675781,45c68b52f48e46919088d21b8ab21cf0,2019-06-06_13-16-34,1559852194,47.16821575164795,47.16821575164795,11376,steropes,169.229.49.254,"{'starting_lr': 0.01, 'momentum': 0.997, 'weight_decay': 0.0001, 'steps_per_iteration': None, 'pin': False, 'model_creator': None, 'target_batch_size': 128, 'model_string': 'resnet50', 'min_batch_size': 128, 'dataset': 'CIFAR', 'placement': None, 'use_nccl': True, 'devices_per_worker': 1, 'primary_resource': 'extra_gpu', 'gpu': False, 'verbose': False, 'lr_config': {'mode': 'log', 'steps': 5, 'initial_lr': 0.01, 'target_lr': 0.01}, 'batch_per_device': 128}",47.16821575164795,0,1,1272.0407328022854,1,11.768989562988281
0.02059948444366455,0.031901006457171865,0.0006623506546020508,0.0016879767103268363,0.030435657501220702,nan,0.0,0.04969112873077393,0.19759999215602875,432.214986929512,-0.21519999206066132,nan,0.0,nan,0.0,nan,0.0,0.1991799920797348,2.1390862953186036,nan,0.0,0.21519999206066132,2.3056495914459227,nan,0.0,60000,1,False,,,2,-432.214986929512,45c68b52f48e46919088d21b8ab21cf0,2019-06-06_13-17-15,1559852235,41.10907983779907,88.27729558944702,11376,steropes,169.229.49.254,"{'starting_lr': 0.01, 'momentum': 0.997, 'weight_decay': 0.0001, 'steps_per_iteration': None, 'pin': False, 'model_creator': None, 'target_batch_size': 128, 'model_string': 'resnet50', 'min_batch_size': 128, 'dataset': 'CIFAR', 'placement': None, 'use_nccl': True, 'devices_per_worker': 1, 'primary_resource': 'extra_gpu', 'gpu': False, 'verbose': False, 'lr_config': {'mode': 'log', 'steps': 5, 'initial_lr': 0.01, 'target_lr': 0.01}, 'batch_per_device': 128}",88.27729558944702,0,2,1359.3503700928295,1,11.768989562988281
0.017635750770568847,0.031180402900599227,0.0006318092346191406,0.0017039409988676495,0.02818641662597656,nan,0.0,0.04820759296417236,0.21359999477863312,289.1247932206472,-0.24560000002384186,nan,0.0,nan,0.0,nan,0.0,0.23311999440193176,2.0038911809539797,nan,0.0,0.24560000002384186,2.9444058029174807,nan,0.0,60000,1,False,,,3,-289.1247932206472,45c68b52f48e46919088d21b8ab21cf0,2019-06-06_13-17-56,1559852276,40.82826638221741,129.10556197166443,11376,steropes,169.229.49.254,"{'starting_lr': 0.01, 'momentum': 0.997, 'weight_decay': 0.0001, 'steps_per_iteration': None, 'pin': False, 'model_creator': None, 'target_batch_size': 128, 'model_string': 'resnet50', 'min_batch_size': 128, 'dataset': 'CIFAR', 'placement': None, 'use_nccl': True, 'devices_per_worker': 1, 'primary_resource': 'extra_gpu', 'gpu': False, 'verbose': False, 'lr_config': {'mode': 'log', 'steps': 5, 'initial_lr': 0.01, 'target_lr': 0.01}, 'batch_per_device': 128}",129.10556197166443,0,3,1394.2038905762677,1,11.768989562988281
0.017487168312072754,0.03155160553847687,0.0006554365158081054,0.001732103659978608,0.027764439582824707,nan,0.0,0.04809677600860596,0.22894999757409096,217.49169663729666,-0.2750000059604645,nan,0.0,nan,0.0,nan,0.0,0.23600000143051147,1.9891128021240234,nan,0.0,0.2750000059604645,2.592406887245178,nan,0.0,60000,1,False,,,4,-217.49169663729666,45c68b52f48e46919088d21b8ab21cf0,2019-06-06_13-18-37,1559852317,41.01362586021423,170.11918783187866,11376,steropes,169.229.49.254,"{'starting_lr': 0.01, 'momentum': 0.997, 'weight_decay': 0.0001, 'steps_per_iteration': None, 'pin': False, 'model_creator': None, 'target_batch_size': 128, 'model_string': 'resnet50', 'min_batch_size': 128, 'dataset': 'CIFAR', 'placement': None, 'use_nccl': True, 'devices_per_worker': 1, 'primary_resource': 'extra_gpu', 'gpu': False, 'verbose': False, 'lr_config': {'mode': 'log', 'steps': 5, 'initial_lr': 0.01, 'target_lr': 0.01}, 'batch_per_device': 128}",170.11918783187866,0,4,1410.7717922229408,1,11.768989562988281
0.017786788940429687,0.03170538552199738,0.0006961584091186524,0.0017249181752314654,0.02837216854095459,nan,0.0,0.04811882972717285,0.2406199961900711,174.4371440024948,-0.2872999906539917,nan,0.0,nan,0.0,nan,0.0,0.261680006980896,1.9220870185089112,nan,0.0,0.2872999906539917,2.2189334632873536,nan,0.0,60000,1,False,,,5,-174.4371440024948,45c68b52f48e46919088d21b8ab21cf0,2019-06-06_13-19-18,1559852358,41.125444173812866,211.24463200569153,11376,steropes,169.229.49.254,"{'starting_lr': 0.01, 'momentum': 0.997, 'weight_decay': 0.0001, 'steps_per_iteration': None, 'pin': False, 'model_creator': None, 'target_batch_size': 128, 'model_string': 'resnet50', 'min_batch_size': 128, 'dataset': 'CIFAR', 'placement': None, 'use_nccl': True, 'devices_per_worker': 1, 'primary_resource': 'extra_gpu', 'gpu': False, 'verbose': False, 'lr_config': {'mode': 'log', 'steps': 5, 'initial_lr': 0.01, 'target_lr': 0.01}, 'batch_per_device': 128}",211.24463200569153,0,5,1420.1508366487847,1,11.768989562988281
0.018207812309265138,0.03174125997326042,0.0007427215576171875,0.001699334215325163,0.0282334566116333,nan,0.0,0.048387885093688965,0.2681799948215485,2.382761058235169,-0.31779998540878296,nan,0.0,nan,0.0,nan,0.0,0.28439998626708984,1.862802636680603,nan,0.0,0.31779998540878296,1.8524095462799073,nan,0.0,60000,1,False,,,6,-2.382761058235169,45c68b52f48e46919088d21b8ab21cf0,2019-06-06_13-19-59,1559852399,40.94112706184387,252.1857590675354,11376,steropes,169.229.49.254,"{'starting_lr': 0.01, 'momentum': 0.997, 'weight_decay': 0.0001, 'steps_per_iteration': None, 'pin': False, 'model_creator': None, 'target_batch_size': 128, 'model_string': 'resnet50', 'min_batch_size': 128, 'dataset': 'CIFAR', 'placement': None, 'use_nccl': True, 'devices_per_worker': 1, 'primary_resource': 'extra_gpu', 'gpu': False, 'verbose': False, 'lr_config': {'mode': 'log', 'steps': 5, 'initial_lr': 0.01, 'target_lr': 0.01}, 'batch_per_device': 128}",252.1857590675354,0,6,1463.285669712845,1,11.768989562988281
0.018537425994873048,0.03341154810748523,0.000655674934387207,0.0017403708699414188,0.028888392448425292,nan,0.0,0.04838542938232422,0.29401999413967134,2.2797631344223026,-0.34439998865127563,nan,0.0,nan,0.0,nan,0.0,0.30935999751091003,1.8362256610107421,nan,0.0,0.34439998865127563,1.7906599723815917,nan,0.0,60000,1,False,,,7,-2.2797631344223026,45c68b52f48e46919088d21b8ab21cf0,2019-06-06_13-20-41,1559852441,41.36856985092163,293.55432891845703,11376,steropes,169.229.49.254,"{'starting_lr': 0.01, 'momentum': 0.997, 'weight_decay': 0.0001, 'steps_per_iteration': None, 'pin': False, 'model_creator': None, 'target_batch_size': 128, 'model_string': 'resnet50', 'min_batch_size': 128, 'dataset': 'CIFAR', 'placement': None, 'use_nccl': True, 'devices_per_worker': 1, 'primary_resource': 'extra_gpu', 'gpu': False, 'verbose': False, 'lr_config': {'mode': 'log', 'steps': 5, 'initial_lr': 0.01, 'target_lr': 0.01}, 'batch_per_device': 128}",293.55432891845703,0,7,1461.4359415980841,1,11.768989562988281
0.017428493499755858,0.03184380410592767,0.0007376909255981445,0.0017780483226337092,0.0275676965713501,nan,0.0,0.049235296249389646,0.32101998925209047,2.0461938777542112,-0.3805999755859375,nan,0.0,nan,0.0,nan,0.0,0.3439199924468994,1.7474875037384032,nan,0.0,0.3805999755859375,1.7765595195770263,nan,0.0,60000,1,False,,,8,-2.0461938777542112,45c68b52f48e46919088d21b8ab21cf0,2019-06-06_13-21-22,1559852482,41.08462333679199,334.638952255249,11376,steropes,169.229.49.254,"{'starting_lr': 0.01, 'momentum': 0.997, 'weight_decay': 0.0001, 'steps_per_iteration': None, 'pin': False, 'model_creator': None, 'target_batch_size': 128, 'model_string': 'resnet50', 'min_batch_size': 128, 'dataset': 'CIFAR', 'placement': None, 'use_nccl': True, 'devices_per_worker': 1, 'primary_resource': 'extra_gpu', 'gpu': False, 'verbose': False, 'lr_config': {'mode': 'log', 'steps': 5, 'initial_lr': 0.01, 'target_lr': 0.01}, 'batch_per_device': 128}",334.638952255249,0,8,1459.6140628612231,1,11.768989562988281
0.017887043952941894,0.031634025935885275,0.0007232666015625,0.0017249450049436916,0.02782888412475586,nan,0.0,0.048062372207641604,0.3260199844837189,3.17983532333374,-0.29999998211860657,nan,0.0,nan,0.0,nan,0.0,0.3667999804019928,1.6972515796661376,nan,0.0,0.29999998211860657,8.260614115142822,nan,0.0,60000,1,False,,,9,-3.17983532333374,45c68b52f48e46919088d21b8ab21cf0,2019-06-06_13-22-03,1559852523,40.97605276107788,375.6150050163269,11376,steropes,169.229.49.254,"{'starting_lr': 0.01, 'momentum': 0.997, 'weight_decay': 0.0001, 'steps_per_iteration': None, 'pin': False, 'model_creator': None, 'target_batch_size': 128, 'model_string': 'resnet50', 'min_batch_size': 128, 'dataset': 'CIFAR', 'placement': None, 'use_nccl': True, 'devices_per_worker': 1, 'primary_resource': 'extra_gpu', 'gpu': False, 'verbose': False, 'lr_config': {'mode': 'log', 'steps': 5, 'initial_lr': 0.01, 'target_lr': 0.01}, 'batch_per_device': 128}",375.6150050163269,0,9,1459.8809941196155,1,11.768989562988281
0.01811368465423584,0.03208998185169848,0.0007250308990478516,0.0017118393002873492,0.028226613998413086,nan,0.0,0.04767355918884277,0.3409199833869934,3.081867323799133,-0.3617999851703644,nan,0.0,nan,0.0,nan,0.0,0.3353799879550934,1.8079149878692626,nan,0.0,0.3617999851703644,1.7290934656143189,nan,0.0,60000,1,True,,,10,-3.081867323799133,45c68b52f48e46919088d21b8ab21cf0,2019-06-06_13-22-44,1559852564,40.87183666229248,416.4868416786194,11376,steropes,169.229.49.254,"{'starting_lr': 0.01, 'momentum': 0.997, 'weight_decay': 0.0001, 'steps_per_iteration': None, 'pin': False, 'model_creator': None, 'target_batch_size': 128, 'model_string': 'resnet50', 'min_batch_size': 128, 'dataset': 'CIFAR', 'placement': None, 'use_nccl': True, 'devices_per_worker': 1, 'primary_resource': 'extra_gpu', 'gpu': False, 'verbose': False, 'lr_config': {'mode': 'log', 'steps': 5, 'initial_lr': 0.01, 'target_lr': 0.01}, 'batch_per_device': 128}",416.4868416786194,0,10,1461.684838174361,1,11.768989562988281
