{"apply": 0.01753237247467041, "batch_time": 0.044208746922167044, "d2h": 0.0006831645965576172, "data_time": 0.00181340256615368, "fwd": 0.11677486896514892, "get_state_time_mean": NaN, "get_state_time_total": 0.0, "grad": 0.167085599899292, "mean_accuracy": 0.17999999225139618, "mean_loss": 862.1243242675781, "neg_mean_accuracy": -0.17999999225139618, "set_state_time_mean": NaN, "set_state_time_total": 0.0, "setup_model_time_mean": 8.307123899459839, "setup_model_time_total": 8.307123899459839, "setup_proc_time_mean": 1.8411200046539307, "setup_proc_time_total": 1.8411200046539307, "train_accuracy": 0.15709999203681946, "train_loss": 4.798520097503662, "training_time_mean": NaN, "training_time_total": 0.0, "val_accuracy": 0.17999999225139618, "val_loss": 862.1243242675781, "validation_time_mean": NaN, "validation_time_total": 0.0, "samples": 60000, "num_workers": 1, "done": false, "timesteps_total": null, "episodes_total": null, "training_iteration": 1, "neg_mean_loss": -862.1243242675781, "experiment_id": "45c68b52f48e46919088d21b8ab21cf0", "date": "2019-06-06_13-16-34", "timestamp": 1559852194, "time_this_iter_s": 47.16821575164795, "time_total_s": 47.16821575164795, "pid": 11376, "hostname": "steropes", "node_ip": "169.229.49.254", "config": {"starting_lr": 0.01, "momentum": 0.997, "weight_decay": 0.0001, "steps_per_iteration": null, "pin": false, "model_creator": null, "target_batch_size": 128, "model_string": "resnet50", "min_batch_size": 128, "dataset": "CIFAR", "placement": null, "use_nccl": true, "devices_per_worker": 1, "primary_resource": "extra_gpu", "gpu": false, "verbose": false, "lr_config": {"mode": "log", "steps": 5, "initial_lr": 0.01, "target_lr": 0.01}, "batch_per_device": 128}, "time_since_restore": 47.16821575164795, "timesteps_since_restore": 0, "iterations_since_restore": 1, "mean_throughput": 1272.0407328022854, "atoms": 1, "setup_time": 11.768989562988281}
{"apply": 0.02059948444366455, "batch_time": 0.031901006457171865, "d2h": 0.0006623506546020508, "data_time": 0.0016879767103268363, "fwd": 0.030435657501220702, "get_state_time_mean": NaN, "get_state_time_total": 0.0, "grad": 0.04969112873077393, "mean_accuracy": 0.19759999215602875, "mean_loss": 432.214986929512, "neg_mean_accuracy": -0.21519999206066132, "set_state_time_mean": NaN, "set_state_time_total": 0.0, "setup_model_time_mean": NaN, "setup_model_time_total": 0.0, "setup_proc_time_mean": NaN, "setup_proc_time_total": 0.0, "train_accuracy": 0.1991799920797348, "train_loss": 2.1390862953186036, "training_time_mean": NaN, "training_time_total": 0.0, "val_accuracy": 0.21519999206066132, "val_loss": 2.3056495914459227, "validation_time_mean": NaN, "validation_time_total": 0.0, "samples": 60000, "num_workers": 1, "done": false, "timesteps_total": null, "episodes_total": null, "training_iteration": 2, "neg_mean_loss": -432.214986929512, "experiment_id": "45c68b52f48e46919088d21b8ab21cf0", "date": "2019-06-06_13-17-15", "timestamp": 1559852235, "time_this_iter_s": 41.10907983779907, "time_total_s": 88.27729558944702, "pid": 11376, "hostname": "steropes", "node_ip": "169.229.49.254", "config": {"starting_lr": 0.01, "momentum": 0.997, "weight_decay": 0.0001, "steps_per_iteration": null, "pin": false, "model_creator": null, "target_batch_size": 128, "model_string": "resnet50", "min_batch_size": 128, "dataset": "CIFAR", "placement": null, "use_nccl": true, "devices_per_worker": 1, "primary_resource": "extra_gpu", "gpu": false, "verbose": false, "lr_config": {"mode": "log", "steps": 5, "initial_lr": 0.01, "target_lr": 0.01}, "batch_per_device": 128}, "time_since_restore": 88.27729558944702, "timesteps_since_restore": 0, "iterations_since_restore": 2, "mean_throughput": 1359.3503700928295, "atoms": 1, "setup_time": 11.768989562988281}
{"apply": 0.017635750770568847, "batch_time": 0.031180402900599227, "d2h": 0.0006318092346191406, "data_time": 0.0017039409988676495, "fwd": 0.02818641662597656, "get_state_time_mean": NaN, "get_state_time_total": 0.0, "grad": 0.04820759296417236, "mean_accuracy": 0.21359999477863312, "mean_loss": 289.1247932206472, "neg_mean_accuracy": -0.24560000002384186, "set_state_time_mean": NaN, "set_state_time_total": 0.0, "setup_model_time_mean": NaN, "setup_model_time_total": 0.0, "setup_proc_time_mean": NaN, "setup_proc_time_total": 0.0, "train_accuracy": 0.23311999440193176, "train_loss": 2.0038911809539797, "training_time_mean": NaN, "training_time_total": 0.0, "val_accuracy": 0.24560000002384186, "val_loss": 2.9444058029174807, "validation_time_mean": NaN, "validation_time_total": 0.0, "samples": 60000, "num_workers": 1, "done": false, "timesteps_total": null, "episodes_total": null, "training_iteration": 3, "neg_mean_loss": -289.1247932206472, "experiment_id": "45c68b52f48e46919088d21b8ab21cf0", "date": "2019-06-06_13-17-56", "timestamp": 1559852276, "time_this_iter_s": 40.82826638221741, "time_total_s": 129.10556197166443, "pid": 11376, "hostname": "steropes", "node_ip": "169.229.49.254", "config": {"starting_lr": 0.01, "momentum": 0.997, "weight_decay": 0.0001, "steps_per_iteration": null, "pin": false, "model_creator": null, "target_batch_size": 128, "model_string": "resnet50", "min_batch_size": 128, "dataset": "CIFAR", "placement": null, "use_nccl": true, "devices_per_worker": 1, "primary_resource": "extra_gpu", "gpu": false, "verbose": false, "lr_config": {"mode": "log", "steps": 5, "initial_lr": 0.01, "target_lr": 0.01}, "batch_per_device": 128}, "time_since_restore": 129.10556197166443, "timesteps_since_restore": 0, "iterations_since_restore": 3, "mean_throughput": 1394.2038905762677, "atoms": 1, "setup_time": 11.768989562988281}
{"apply": 0.017487168312072754, "batch_time": 0.03155160553847687, "d2h": 0.0006554365158081054, "data_time": 0.001732103659978608, "fwd": 0.027764439582824707, "get_state_time_mean": NaN, "get_state_time_total": 0.0, "grad": 0.04809677600860596, "mean_accuracy": 0.22894999757409096, "mean_loss": 217.49169663729666, "neg_mean_accuracy": -0.2750000059604645, "set_state_time_mean": NaN, "set_state_time_total": 0.0, "setup_model_time_mean": NaN, "setup_model_time_total": 0.0, "setup_proc_time_mean": NaN, "setup_proc_time_total": 0.0, "train_accuracy": 0.23600000143051147, "train_loss": 1.9891128021240234, "training_time_mean": NaN, "training_time_total": 0.0, "val_accuracy": 0.2750000059604645, "val_loss": 2.592406887245178, "validation_time_mean": NaN, "validation_time_total": 0.0, "samples": 60000, "num_workers": 1, "done": false, "timesteps_total": null, "episodes_total": null, "training_iteration": 4, "neg_mean_loss": -217.49169663729666, "experiment_id": "45c68b52f48e46919088d21b8ab21cf0", "date": "2019-06-06_13-18-37", "timestamp": 1559852317, "time_this_iter_s": 41.01362586021423, "time_total_s": 170.11918783187866, "pid": 11376, "hostname": "steropes", "node_ip": "169.229.49.254", "config": {"starting_lr": 0.01, "momentum": 0.997, "weight_decay": 0.0001, "steps_per_iteration": null, "pin": false, "model_creator": null, "target_batch_size": 128, "model_string": "resnet50", "min_batch_size": 128, "dataset": "CIFAR", "placement": null, "use_nccl": true, "devices_per_worker": 1, "primary_resource": "extra_gpu", "gpu": false, "verbose": false, "lr_config": {"mode": "log", "steps": 5, "initial_lr": 0.01, "target_lr": 0.01}, "batch_per_device": 128}, "time_since_restore": 170.11918783187866, "timesteps_since_restore": 0, "iterations_since_restore": 4, "mean_throughput": 1410.7717922229408, "atoms": 1, "setup_time": 11.768989562988281}
{"apply": 0.017786788940429687, "batch_time": 0.03170538552199738, "d2h": 0.0006961584091186524, "data_time": 0.0017249181752314654, "fwd": 0.02837216854095459, "get_state_time_mean": NaN, "get_state_time_total": 0.0, "grad": 0.04811882972717285, "mean_accuracy": 0.2406199961900711, "mean_loss": 174.4371440024948, "neg_mean_accuracy": -0.2872999906539917, "set_state_time_mean": NaN, "set_state_time_total": 0.0, "setup_model_time_mean": NaN, "setup_model_time_total": 0.0, "setup_proc_time_mean": NaN, "setup_proc_time_total": 0.0, "train_accuracy": 0.261680006980896, "train_loss": 1.9220870185089112, "training_time_mean": NaN, "training_time_total": 0.0, "val_accuracy": 0.2872999906539917, "val_loss": 2.2189334632873536, "validation_time_mean": NaN, "validation_time_total": 0.0, "samples": 60000, "num_workers": 1, "done": false, "timesteps_total": null, "episodes_total": null, "training_iteration": 5, "neg_mean_loss": -174.4371440024948, "experiment_id": "45c68b52f48e46919088d21b8ab21cf0", "date": "2019-06-06_13-19-18", "timestamp": 1559852358, "time_this_iter_s": 41.125444173812866, "time_total_s": 211.24463200569153, "pid": 11376, "hostname": "steropes", "node_ip": "169.229.49.254", "config": {"starting_lr": 0.01, "momentum": 0.997, "weight_decay": 0.0001, "steps_per_iteration": null, "pin": false, "model_creator": null, "target_batch_size": 128, "model_string": "resnet50", "min_batch_size": 128, "dataset": "CIFAR", "placement": null, "use_nccl": true, "devices_per_worker": 1, "primary_resource": "extra_gpu", "gpu": false, "verbose": false, "lr_config": {"mode": "log", "steps": 5, "initial_lr": 0.01, "target_lr": 0.01}, "batch_per_device": 128}, "time_since_restore": 211.24463200569153, "timesteps_since_restore": 0, "iterations_since_restore": 5, "mean_throughput": 1420.1508366487847, "atoms": 1, "setup_time": 11.768989562988281}
{"apply": 0.018207812309265138, "batch_time": 0.03174125997326042, "d2h": 0.0007427215576171875, "data_time": 0.001699334215325163, "fwd": 0.0282334566116333, "get_state_time_mean": NaN, "get_state_time_total": 0.0, "grad": 0.048387885093688965, "mean_accuracy": 0.2681799948215485, "mean_loss": 2.382761058235169, "neg_mean_accuracy": -0.31779998540878296, "set_state_time_mean": NaN, "set_state_time_total": 0.0, "setup_model_time_mean": NaN, "setup_model_time_total": 0.0, "setup_proc_time_mean": NaN, "setup_proc_time_total": 0.0, "train_accuracy": 0.28439998626708984, "train_loss": 1.862802636680603, "training_time_mean": NaN, "training_time_total": 0.0, "val_accuracy": 0.31779998540878296, "val_loss": 1.8524095462799073, "validation_time_mean": NaN, "validation_time_total": 0.0, "samples": 60000, "num_workers": 1, "done": false, "timesteps_total": null, "episodes_total": null, "training_iteration": 6, "neg_mean_loss": -2.382761058235169, "experiment_id": "45c68b52f48e46919088d21b8ab21cf0", "date": "2019-06-06_13-19-59", "timestamp": 1559852399, "time_this_iter_s": 40.94112706184387, "time_total_s": 252.1857590675354, "pid": 11376, "hostname": "steropes", "node_ip": "169.229.49.254", "config": {"starting_lr": 0.01, "momentum": 0.997, "weight_decay": 0.0001, "steps_per_iteration": null, "pin": false, "model_creator": null, "target_batch_size": 128, "model_string": "resnet50", "min_batch_size": 128, "dataset": "CIFAR", "placement": null, "use_nccl": true, "devices_per_worker": 1, "primary_resource": "extra_gpu", "gpu": false, "verbose": false, "lr_config": {"mode": "log", "steps": 5, "initial_lr": 0.01, "target_lr": 0.01}, "batch_per_device": 128}, "time_since_restore": 252.1857590675354, "timesteps_since_restore": 0, "iterations_since_restore": 6, "mean_throughput": 1463.285669712845, "atoms": 1, "setup_time": 11.768989562988281}
{"apply": 0.018537425994873048, "batch_time": 0.03341154810748523, "d2h": 0.000655674934387207, "data_time": 0.0017403708699414188, "fwd": 0.028888392448425292, "get_state_time_mean": NaN, "get_state_time_total": 0.0, "grad": 0.04838542938232422, "mean_accuracy": 0.29401999413967134, "mean_loss": 2.2797631344223026, "neg_mean_accuracy": -0.34439998865127563, "set_state_time_mean": NaN, "set_state_time_total": 0.0, "setup_model_time_mean": NaN, "setup_model_time_total": 0.0, "setup_proc_time_mean": NaN, "setup_proc_time_total": 0.0, "train_accuracy": 0.30935999751091003, "train_loss": 1.8362256610107421, "training_time_mean": NaN, "training_time_total": 0.0, "val_accuracy": 0.34439998865127563, "val_loss": 1.7906599723815917, "validation_time_mean": NaN, "validation_time_total": 0.0, "samples": 60000, "num_workers": 1, "done": false, "timesteps_total": null, "episodes_total": null, "training_iteration": 7, "neg_mean_loss": -2.2797631344223026, "experiment_id": "45c68b52f48e46919088d21b8ab21cf0", "date": "2019-06-06_13-20-41", "timestamp": 1559852441, "time_this_iter_s": 41.36856985092163, "time_total_s": 293.55432891845703, "pid": 11376, "hostname": "steropes", "node_ip": "169.229.49.254", "config": {"starting_lr": 0.01, "momentum": 0.997, "weight_decay": 0.0001, "steps_per_iteration": null, "pin": false, "model_creator": null, "target_batch_size": 128, "model_string": "resnet50", "min_batch_size": 128, "dataset": "CIFAR", "placement": null, "use_nccl": true, "devices_per_worker": 1, "primary_resource": "extra_gpu", "gpu": false, "verbose": false, "lr_config": {"mode": "log", "steps": 5, "initial_lr": 0.01, "target_lr": 0.01}, "batch_per_device": 128}, "time_since_restore": 293.55432891845703, "timesteps_since_restore": 0, "iterations_since_restore": 7, "mean_throughput": 1461.4359415980841, "atoms": 1, "setup_time": 11.768989562988281}
{"apply": 0.017428493499755858, "batch_time": 0.03184380410592767, "d2h": 0.0007376909255981445, "data_time": 0.0017780483226337092, "fwd": 0.0275676965713501, "get_state_time_mean": NaN, "get_state_time_total": 0.0, "grad": 0.049235296249389646, "mean_accuracy": 0.32101998925209047, "mean_loss": 2.0461938777542112, "neg_mean_accuracy": -0.3805999755859375, "set_state_time_mean": NaN, "set_state_time_total": 0.0, "setup_model_time_mean": NaN, "setup_model_time_total": 0.0, "setup_proc_time_mean": NaN, "setup_proc_time_total": 0.0, "train_accuracy": 0.3439199924468994, "train_loss": 1.7474875037384032, "training_time_mean": NaN, "training_time_total": 0.0, "val_accuracy": 0.3805999755859375, "val_loss": 1.7765595195770263, "validation_time_mean": NaN, "validation_time_total": 0.0, "samples": 60000, "num_workers": 1, "done": false, "timesteps_total": null, "episodes_total": null, "training_iteration": 8, "neg_mean_loss": -2.0461938777542112, "experiment_id": "45c68b52f48e46919088d21b8ab21cf0", "date": "2019-06-06_13-21-22", "timestamp": 1559852482, "time_this_iter_s": 41.08462333679199, "time_total_s": 334.638952255249, "pid": 11376, "hostname": "steropes", "node_ip": "169.229.49.254", "config": {"starting_lr": 0.01, "momentum": 0.997, "weight_decay": 0.0001, "steps_per_iteration": null, "pin": false, "model_creator": null, "target_batch_size": 128, "model_string": "resnet50", "min_batch_size": 128, "dataset": "CIFAR", "placement": null, "use_nccl": true, "devices_per_worker": 1, "primary_resource": "extra_gpu", "gpu": false, "verbose": false, "lr_config": {"mode": "log", "steps": 5, "initial_lr": 0.01, "target_lr": 0.01}, "batch_per_device": 128}, "time_since_restore": 334.638952255249, "timesteps_since_restore": 0, "iterations_since_restore": 8, "mean_throughput": 1459.6140628612231, "atoms": 1, "setup_time": 11.768989562988281}
{"apply": 0.017887043952941894, "batch_time": 0.031634025935885275, "d2h": 0.0007232666015625, "data_time": 0.0017249450049436916, "fwd": 0.02782888412475586, "get_state_time_mean": NaN, "get_state_time_total": 0.0, "grad": 0.048062372207641604, "mean_accuracy": 0.3260199844837189, "mean_loss": 3.17983532333374, "neg_mean_accuracy": -0.29999998211860657, "set_state_time_mean": NaN, "set_state_time_total": 0.0, "setup_model_time_mean": NaN, "setup_model_time_total": 0.0, "setup_proc_time_mean": NaN, "setup_proc_time_total": 0.0, "train_accuracy": 0.3667999804019928, "train_loss": 1.6972515796661376, "training_time_mean": NaN, "training_time_total": 0.0, "val_accuracy": 0.29999998211860657, "val_loss": 8.260614115142822, "validation_time_mean": NaN, "validation_time_total": 0.0, "samples": 60000, "num_workers": 1, "done": false, "timesteps_total": null, "episodes_total": null, "training_iteration": 9, "neg_mean_loss": -3.17983532333374, "experiment_id": "45c68b52f48e46919088d21b8ab21cf0", "date": "2019-06-06_13-22-03", "timestamp": 1559852523, "time_this_iter_s": 40.97605276107788, "time_total_s": 375.6150050163269, "pid": 11376, "hostname": "steropes", "node_ip": "169.229.49.254", "config": {"starting_lr": 0.01, "momentum": 0.997, "weight_decay": 0.0001, "steps_per_iteration": null, "pin": false, "model_creator": null, "target_batch_size": 128, "model_string": "resnet50", "min_batch_size": 128, "dataset": "CIFAR", "placement": null, "use_nccl": true, "devices_per_worker": 1, "primary_resource": "extra_gpu", "gpu": false, "verbose": false, "lr_config": {"mode": "log", "steps": 5, "initial_lr": 0.01, "target_lr": 0.01}, "batch_per_device": 128}, "time_since_restore": 375.6150050163269, "timesteps_since_restore": 0, "iterations_since_restore": 9, "mean_throughput": 1459.8809941196155, "atoms": 1, "setup_time": 11.768989562988281}
{"apply": 0.01811368465423584, "batch_time": 0.03208998185169848, "d2h": 0.0007250308990478516, "data_time": 0.0017118393002873492, "fwd": 0.028226613998413086, "get_state_time_mean": NaN, "get_state_time_total": 0.0, "grad": 0.04767355918884277, "mean_accuracy": 0.3409199833869934, "mean_loss": 3.081867323799133, "neg_mean_accuracy": -0.3617999851703644, "set_state_time_mean": NaN, "set_state_time_total": 0.0, "setup_model_time_mean": NaN, "setup_model_time_total": 0.0, "setup_proc_time_mean": NaN, "setup_proc_time_total": 0.0, "train_accuracy": 0.3353799879550934, "train_loss": 1.8079149878692626, "training_time_mean": NaN, "training_time_total": 0.0, "val_accuracy": 0.3617999851703644, "val_loss": 1.7290934656143189, "validation_time_mean": NaN, "validation_time_total": 0.0, "samples": 60000, "num_workers": 1, "done": true, "timesteps_total": null, "episodes_total": null, "training_iteration": 10, "neg_mean_loss": -3.081867323799133, "experiment_id": "45c68b52f48e46919088d21b8ab21cf0", "date": "2019-06-06_13-22-44", "timestamp": 1559852564, "time_this_iter_s": 40.87183666229248, "time_total_s": 416.4868416786194, "pid": 11376, "hostname": "steropes", "node_ip": "169.229.49.254", "config": {"starting_lr": 0.01, "momentum": 0.997, "weight_decay": 0.0001, "steps_per_iteration": null, "pin": false, "model_creator": null, "target_batch_size": 128, "model_string": "resnet50", "min_batch_size": 128, "dataset": "CIFAR", "placement": null, "use_nccl": true, "devices_per_worker": 1, "primary_resource": "extra_gpu", "gpu": false, "verbose": false, "lr_config": {"mode": "log", "steps": 5, "initial_lr": 0.01, "target_lr": 0.01}, "batch_per_device": 128}, "time_since_restore": 416.4868416786194, "timesteps_since_restore": 0, "iterations_since_restore": 10, "mean_throughput": 1461.684838174361, "atoms": 1, "setup_time": 11.768989562988281}
