{"apply": 0.017111325263977052, "batch_time": 0.0412489492681962, "d2h": 0.0006922245025634766, "data_time": 0.0018620454441860815, "fwd": 0.11973674297332763, "get_state_time_mean": NaN, "get_state_time_total": 0.0, "grad": 0.3005838394165039, "mean_accuracy": 0.19029998779296875, "mean_loss": 5.007844263076782, "neg_mean_accuracy": -0.19029998779296875, "set_state_time_mean": NaN, "set_state_time_total": 0.0, "setup_model_time_mean": 20.502617597579956, "setup_model_time_total": 20.502617597579956, "setup_proc_time_mean": 1.9101104736328125, "setup_proc_time_total": 1.9101104736328125, "train_accuracy": 0.16113999485969543, "train_loss": 4.703139877319336, "training_time_mean": NaN, "training_time_total": 0.0, "val_accuracy": 0.19029998779296875, "val_loss": 5.007844263076782, "validation_time_mean": NaN, "validation_time_total": 0.0, "samples": 60000, "num_workers": 1, "done": false, "timesteps_total": null, "episodes_total": null, "training_iteration": 1, "neg_mean_loss": -5.007844263076782, "experiment_id": "d965d56d3d944d65b014f439f92e2670", "date": "2019-06-03_22-45-22", "timestamp": 1559627122, "time_this_iter_s": 48.07190990447998, "time_total_s": 48.07190990447998, "pid": 13572, "hostname": "steropes", "node_ip": "169.229.49.254", "config": {"starting_lr": 0.01, "momentum": 0.99, "weight_decay": 0.0005, "steps_per_iteration": null, "pin": false, "model_creator": null, "target_batch_size": 128, "model_string": "resnet50", "min_batch_size": 128, "dataset": "CIFAR", "placement": null, "use_nccl": true, "devices_per_worker": 1, "primary_resource": "extra_gpu", "gpu": false, "verbose": false, "lr_config": {"mode": "log", "steps": 5, "initial_lr": 0.01, "target_lr": 0.01}, "batch_per_device": 128}, "time_since_restore": 48.07190990447998, "timesteps_since_restore": 0, "iterations_since_restore": 1, "mean_throughput": 1248.127782833333, "atoms": 1, "setup_time": 22.51887083053589}
{"apply": 0.01690664291381836, "batch_time": 0.03139415571961222, "d2h": 0.0006975650787353516, "data_time": 0.0017459453524226118, "fwd": 0.027878308296203615, "get_state_time_mean": NaN, "get_state_time_total": 0.0, "grad": 0.048800206184387206, "mean_accuracy": 0.2368999868631363, "mean_loss": 3.4620236179351807, "neg_mean_accuracy": -0.28349998593330383, "set_state_time_mean": NaN, "set_state_time_total": 0.0, "setup_model_time_mean": NaN, "setup_model_time_total": 0.0, "setup_proc_time_mean": NaN, "setup_proc_time_total": 0.0, "train_accuracy": 0.2311599999666214, "train_loss": 2.3013571222305296, "training_time_mean": NaN, "training_time_total": 0.0, "val_accuracy": 0.28349998593330383, "val_loss": 1.9162029727935792, "validation_time_mean": NaN, "validation_time_total": 0.0, "samples": 60000, "num_workers": 1, "done": false, "timesteps_total": null, "episodes_total": null, "training_iteration": 2, "neg_mean_loss": -3.4620236179351807, "experiment_id": "d965d56d3d944d65b014f439f92e2670", "date": "2019-06-03_22-46-02", "timestamp": 1559627162, "time_this_iter_s": 40.58239126205444, "time_total_s": 88.65430116653442, "pid": 13572, "hostname": "steropes", "node_ip": "169.229.49.254", "config": {"starting_lr": 0.01, "momentum": 0.99, "weight_decay": 0.0005, "steps_per_iteration": null, "pin": false, "model_creator": null, "target_batch_size": 128, "model_string": "resnet50", "min_batch_size": 128, "dataset": "CIFAR", "placement": null, "use_nccl": true, "devices_per_worker": 1, "primary_resource": "extra_gpu", "gpu": false, "verbose": false, "lr_config": {"mode": "log", "steps": 5, "initial_lr": 0.01, "target_lr": 0.01}, "batch_per_device": 128}, "time_since_restore": 88.65430116653442, "timesteps_since_restore": 0, "iterations_since_restore": 2, "mean_throughput": 1353.5678894747668, "atoms": 1, "setup_time": 22.51887083053589}
{"apply": 0.01721787452697754, "batch_time": 0.031979373738735536, "d2h": 0.0006861448287963867, "data_time": 0.0017560851543455783, "fwd": 0.02783024311065674, "get_state_time_mean": NaN, "get_state_time_total": 0.0, "grad": 0.04827570915222168, "mean_accuracy": 0.27783332268397015, "mean_loss": 2.896341480064392, "neg_mean_accuracy": -0.3596999943256378, "set_state_time_mean": NaN, "set_state_time_total": 0.0, "setup_model_time_mean": NaN, "setup_model_time_total": 0.0, "setup_proc_time_mean": NaN, "setup_proc_time_total": 0.0, "train_accuracy": 0.31022000312805176, "train_loss": 1.879412735595703, "training_time_mean": NaN, "training_time_total": 0.0, "val_accuracy": 0.3596999943256378, "val_loss": 1.764977204322815, "validation_time_mean": NaN, "validation_time_total": 0.0, "samples": 60000, "num_workers": 1, "done": true, "timesteps_total": null, "episodes_total": null, "training_iteration": 3, "neg_mean_loss": -2.896341480064392, "experiment_id": "d965d56d3d944d65b014f439f92e2670", "date": "2019-06-03_22-46-43", "timestamp": 1559627203, "time_this_iter_s": 40.608232736587524, "time_total_s": 129.26253390312195, "pid": 13572, "hostname": "steropes", "node_ip": "169.229.49.254", "config": {"starting_lr": 0.01, "momentum": 0.99, "weight_decay": 0.0005, "steps_per_iteration": null, "pin": false, "model_creator": null, "target_batch_size": 128, "model_string": "resnet50", "min_batch_size": 128, "dataset": "CIFAR", "placement": null, "use_nccl": true, "devices_per_worker": 1, "primary_resource": "extra_gpu", "gpu": false, "verbose": false, "lr_config": {"mode": "log", "steps": 5, "initial_lr": 0.01, "target_lr": 0.01}, "batch_per_device": 128}, "time_since_restore": 129.26253390312195, "timesteps_since_restore": 0, "iterations_since_restore": 3, "mean_throughput": 1392.5107148388047, "atoms": 1, "setup_time": 22.51887083053589}
