apply,batch_time,d2h,data_time,fwd,get_state_time_mean,get_state_time_total,grad,mean_accuracy,mean_loss,neg_mean_accuracy,set_state_time_mean,set_state_time_total,setup_model_time_mean,setup_model_time_total,setup_proc_time_mean,setup_proc_time_total,train_accuracy,train_loss,training_time_mean,training_time_total,val_accuracy,val_loss,validation_time_mean,validation_time_total,samples,num_workers,done,timesteps_total,episodes_total,training_iteration,neg_mean_loss,experiment_id,date,timestamp,time_this_iter_s,time_total_s,pid,hostname,node_ip,config,time_since_restore,timesteps_since_restore,iterations_since_restore,mean_throughput,atoms,setup_time
0.017402338981628417,0.041183821762664406,0.0007025003433227539,0.001922265952810302,0.1169907808303833,nan,0.0,0.16617424488067628,0.30629998445510864,2.0958636066436767,-0.30629998445510864,nan,0.0,8.234406232833862,8.234406232833862,0.1552107334136963,0.1552107334136963,0.22805999219417572,2.4827318684387207,nan,0.0,0.30629998445510864,2.0958636066436767,nan,0.0,60000,1,False,,,1,-2.0958636066436767,8c18ed79397a4741a384908fdbc424f6,2019-06-06_09-40-34,1559839234,46.32946968078613,46.32946968078613,22834,steropes,169.229.49.254,"{'starting_lr': 0.001, 'momentum': 0.99, 'weight_decay': 0.0001, 'steps_per_iteration': None, 'pin': False, 'model_creator': None, 'target_batch_size': 128, 'model_string': 'resnet50', 'min_batch_size': 128, 'dataset': 'CIFAR', 'placement': None, 'use_nccl': True, 'devices_per_worker': 1, 'primary_resource': 'extra_gpu', 'gpu': False, 'verbose': False, 'lr_config': {'mode': 'log', 'steps': 5, 'initial_lr': 0.001, 'target_lr': 0.001}, 'batch_per_device': 128}",46.32946968078613,0,1,1295.0695632342463,1,8.743561744689941
0.02081756591796875,0.034969293618504003,0.0007407426834106446,0.0017565589426728465,0.03144404888153076,nan,0.0,0.04964799880981445,0.33219999074935913,3.0605217856407165,-0.3580999970436096,nan,0.0,nan,0.0,nan,0.0,0.3274399936199188,2.1731487524414064,nan,0.0,0.3580999970436096,4.025179964637756,nan,0.0,60000,1,False,,,2,-3.0605217856407165,8c18ed79397a4741a384908fdbc424f6,2019-06-06_09-41-15,1559839275,41.42283391952515,87.75230360031128,22834,steropes,169.229.49.254,"{'starting_lr': 0.001, 'momentum': 0.99, 'weight_decay': 0.0001, 'steps_per_iteration': None, 'pin': False, 'model_creator': None, 'target_batch_size': 128, 'model_string': 'resnet50', 'min_batch_size': 128, 'dataset': 'CIFAR', 'placement': None, 'use_nccl': True, 'devices_per_worker': 1, 'primary_resource': 'extra_gpu', 'gpu': False, 'verbose': False, 'lr_config': {'mode': 'log', 'steps': 5, 'initial_lr': 0.001, 'target_lr': 0.001}, 'batch_per_device': 128}",87.75230360031128,0,2,1367.4828194233726,1,8.743561744689941
0.018409323692321778,0.031833084323738194,0.0006896018981933594,0.001818067277483928,0.02840855121612549,nan,0.0,0.04955742359161377,0.34443332751592,3.758958602841695,-0.36890000104904175,nan,0.0,nan,0.0,nan,0.0,0.3587400019168854,2.2222743032073975,nan,0.0,0.36890000104904175,5.1558322372436525,nan,0.0,60000,1,False,,,3,-3.758958602841695,8c18ed79397a4741a384908fdbc424f6,2019-06-06_09-41-57,1559839317,42.17029070854187,129.92259430885315,22834,steropes,169.229.49.254,"{'starting_lr': 0.001, 'momentum': 0.99, 'weight_decay': 0.0001, 'steps_per_iteration': None, 'pin': False, 'model_creator': None, 'target_batch_size': 128, 'model_string': 'resnet50', 'min_batch_size': 128, 'dataset': 'CIFAR', 'placement': None, 'use_nccl': True, 'devices_per_worker': 1, 'primary_resource': 'extra_gpu', 'gpu': False, 'verbose': False, 'lr_config': {'mode': 'log', 'steps': 5, 'initial_lr': 0.001, 'target_lr': 0.001}, 'batch_per_device': 128}",129.92259430885315,0,3,1385.4357057674242,1,8.743561744689941
0.019061851501464843,0.03268802015087272,0.000688624382019043,0.001699548243256786,0.028917264938354493,nan,0.0,0.04989743232727051,0.3657749965786934,6.746735766553879,-0.42980000376701355,nan,0.0,nan,0.0,nan,0.0,0.3891800045967102,2.0205281076049806,nan,0.0,0.42980000376701355,15.71006725769043,nan,0.0,60000,1,False,,,4,-6.746735766553879,8c18ed79397a4741a384908fdbc424f6,2019-06-06_09-42-39,1559839359,42.12034273147583,172.04293704032898,22834,steropes,169.229.49.254,"{'starting_lr': 0.001, 'momentum': 0.99, 'weight_decay': 0.0001, 'steps_per_iteration': None, 'pin': False, 'model_creator': None, 'target_batch_size': 128, 'model_string': 'resnet50', 'min_batch_size': 128, 'dataset': 'CIFAR', 'placement': None, 'use_nccl': True, 'devices_per_worker': 1, 'primary_resource': 'extra_gpu', 'gpu': False, 'verbose': False, 'lr_config': {'mode': 'log', 'steps': 5, 'initial_lr': 0.001, 'target_lr': 0.001}, 'batch_per_device': 128}",172.04293704032898,0,4,1394.9963910535212,1,8.743561744689941
0.02003171443939209,0.032330624664886086,0.0006507396697998047,0.001667980037991653,0.030184221267700196,nan,0.0,0.05014951229095459,0.38399999737739565,7.538656560096742,-0.4569000005722046,nan,0.0,nan,0.0,nan,0.0,0.42486000061035156,1.7916270095062257,nan,0.0,0.4569000005722046,10.70633973426819,nan,0.0,60000,1,False,,,5,-7.538656560096742,8c18ed79397a4741a384908fdbc424f6,2019-06-06_09-43-22,1559839402,42.418973445892334,214.4619104862213,22834,steropes,169.229.49.254,"{'starting_lr': 0.001, 'momentum': 0.99, 'weight_decay': 0.0001, 'steps_per_iteration': None, 'pin': False, 'model_creator': None, 'target_batch_size': 128, 'model_string': 'resnet50', 'min_batch_size': 128, 'dataset': 'CIFAR', 'placement': None, 'use_nccl': True, 'devices_per_worker': 1, 'primary_resource': 'extra_gpu', 'gpu': False, 'verbose': False, 'lr_config': {'mode': 'log', 'steps': 5, 'initial_lr': 0.001, 'target_lr': 0.001}, 'batch_per_device': 128}",214.4619104862213,0,5,1398.845934361374,1,8.743561744689941
0.020103192329406737,0.031998214842397954,0.0007428169250488281,0.001677602758188077,0.029669904708862306,nan,0.0,0.052096223831176756,0.4133199989795685,9.994758682670593,-0.4528999924659729,nan,0.0,nan,0.0,nan,0.0,0.45061999559402466,1.7233940002822876,nan,0.0,0.4528999924659729,14.37637421951294,nan,0.0,60000,1,False,,,6,-9.994758682670593,8c18ed79397a4741a384908fdbc424f6,2019-06-06_09-44-04,1559839444,42.36163115501404,256.82354164123535,22834,steropes,169.229.49.254,"{'starting_lr': 0.001, 'momentum': 0.99, 'weight_decay': 0.0001, 'steps_per_iteration': None, 'pin': False, 'model_creator': None, 'target_batch_size': 128, 'model_string': 'resnet50', 'min_batch_size': 128, 'dataset': 'CIFAR', 'placement': None, 'use_nccl': True, 'devices_per_worker': 1, 'primary_resource': 'extra_gpu', 'gpu': False, 'verbose': False, 'lr_config': {'mode': 'log', 'steps': 5, 'initial_lr': 0.001, 'target_lr': 0.001}, 'batch_per_device': 128}",256.82354164123535,0,6,1425.214340149615,1,8.743561744689941
0.018372106552124023,0.06904293298721313,0.0006969690322875977,0.0029931299540461326,0.11262377500534057,nan,0.0,0.22682148218154907,0.431360000371933,12.672478282203675,-0.44830000400543213,6.230046272277832,6.230046272277832,9.997008562088013,9.997008562088013,0.4285355806350708,0.4285355806350708,0.41929998993873596,1.9756522184753418,nan,0.0,0.44830000400543213,17.41377796230316,nan,0.0,60000,2,False,,,7,-12.672478282203675,8c18ed79397a4741a384908fdbc424f6,2019-06-06_09-44-57,1559839497,34.10147500038147,290.9250166416168,25418,steropes,169.229.49.254,"{'starting_lr': 0.001, 'momentum': 0.99, 'weight_decay': 0.0001, 'steps_per_iteration': None, 'pin': False, 'model_creator': None, 'target_batch_size': 128, 'model_string': 'resnet50', 'min_batch_size': 128, 'dataset': 'CIFAR', 'placement': None, 'use_nccl': True, 'devices_per_worker': 1, 'primary_resource': 'extra_gpu', 'gpu': False, 'verbose': False, 'lr_config': {'mode': 'log', 'steps': 5, 'initial_lr': 0.001, 'target_lr': 0.0014142135623730952}, 'batch_per_device': 128}",34.10147500038147,0,1,1759.448142147569,2,18.188045740127563
0.02209956645965576,0.0383463442325592,0.0006444096565246583,0.002988695490116976,0.03011174201965332,nan,0.0,0.08747968673706055,0.4460799992084503,13.324204615592956,-0.4424999952316284,nan,0.0,nan,0.0,nan,0.0,0.43393999338150024,1.8249442081069946,nan,0.0,0.4424999952316284,8.414463904190063,nan,0.0,60000,2,False,,,8,-13.324204615592956,8c18ed79397a4741a384908fdbc424f6,2019-06-06_09-45-25,1559839525,28.13983130455017,319.064847946167,25418,steropes,169.229.49.254,"{'starting_lr': 0.001, 'momentum': 0.99, 'weight_decay': 0.0001, 'steps_per_iteration': None, 'pin': False, 'model_creator': None, 'target_batch_size': 128, 'model_string': 'resnet50', 'min_batch_size': 128, 'dataset': 'CIFAR', 'placement': None, 'use_nccl': True, 'devices_per_worker': 1, 'primary_resource': 'extra_gpu', 'gpu': False, 'verbose': False, 'lr_config': {'mode': 'log', 'steps': 5, 'initial_lr': 0.001, 'target_lr': 0.0014142135623730952}, 'batch_per_device': 128}",62.24130630493164,0,2,1927.9737937758587,2,18.188045740127563
0.02021526098251343,0.039931139349937445,0.0006361722946166993,0.002889010370994101,0.029520463943481446,nan,0.0,0.0824671506881714,0.456059992313385,13.095746692104342,-0.479699969291687,nan,0.0,nan,0.0,nan,0.0,0.45041999220848083,1.6940201330566405,nan,0.0,0.479699969291687,14.567777640247346,nan,0.0,60000,2,True,,,9,-13.095746692104342,8c18ed79397a4741a384908fdbc424f6,2019-06-06_09-45-53,1559839553,28.681383848190308,347.7462317943573,25418,steropes,169.229.49.254,"{'starting_lr': 0.001, 'momentum': 0.99, 'weight_decay': 0.0001, 'steps_per_iteration': None, 'pin': False, 'model_creator': None, 'target_batch_size': 128, 'model_string': 'resnet50', 'min_batch_size': 128, 'dataset': 'CIFAR', 'placement': None, 'use_nccl': True, 'devices_per_worker': 1, 'primary_resource': 'extra_gpu', 'gpu': False, 'verbose': False, 'lr_config': {'mode': 'log', 'steps': 5, 'initial_lr': 0.001, 'target_lr': 0.0014142135623730952}, 'batch_per_device': 128}",90.92269015312195,0,3,1979.6976181505006,2,18.188045740127563
