{"apply": 0.017402338981628417, "batch_time": 0.041183821762664406, "d2h": 0.0007025003433227539, "data_time": 0.001922265952810302, "fwd": 0.1169907808303833, "get_state_time_mean": NaN, "get_state_time_total": 0.0, "grad": 0.16617424488067628, "mean_accuracy": 0.30629998445510864, "mean_loss": 2.0958636066436767, "neg_mean_accuracy": -0.30629998445510864, "set_state_time_mean": NaN, "set_state_time_total": 0.0, "setup_model_time_mean": 8.234406232833862, "setup_model_time_total": 8.234406232833862, "setup_proc_time_mean": 0.1552107334136963, "setup_proc_time_total": 0.1552107334136963, "train_accuracy": 0.22805999219417572, "train_loss": 2.4827318684387207, "training_time_mean": NaN, "training_time_total": 0.0, "val_accuracy": 0.30629998445510864, "val_loss": 2.0958636066436767, "validation_time_mean": NaN, "validation_time_total": 0.0, "samples": 60000, "num_workers": 1, "done": false, "timesteps_total": null, "episodes_total": null, "training_iteration": 1, "neg_mean_loss": -2.0958636066436767, "experiment_id": "8c18ed79397a4741a384908fdbc424f6", "date": "2019-06-06_09-40-34", "timestamp": 1559839234, "time_this_iter_s": 46.32946968078613, "time_total_s": 46.32946968078613, "pid": 22834, "hostname": "steropes", "node_ip": "169.229.49.254", "config": {"starting_lr": 0.001, "momentum": 0.99, "weight_decay": 0.0001, "steps_per_iteration": null, "pin": false, "model_creator": null, "target_batch_size": 128, "model_string": "resnet50", "min_batch_size": 128, "dataset": "CIFAR", "placement": null, "use_nccl": true, "devices_per_worker": 1, "primary_resource": "extra_gpu", "gpu": false, "verbose": false, "lr_config": {"mode": "log", "steps": 5, "initial_lr": 0.001, "target_lr": 0.001}, "batch_per_device": 128}, "time_since_restore": 46.32946968078613, "timesteps_since_restore": 0, "iterations_since_restore": 1, "mean_throughput": 1295.0695632342463, "atoms": 1, "setup_time": 8.743561744689941}
{"apply": 0.02081756591796875, "batch_time": 0.034969293618504003, "d2h": 0.0007407426834106446, "data_time": 0.0017565589426728465, "fwd": 0.03144404888153076, "get_state_time_mean": NaN, "get_state_time_total": 0.0, "grad": 0.04964799880981445, "mean_accuracy": 0.33219999074935913, "mean_loss": 3.0605217856407165, "neg_mean_accuracy": -0.3580999970436096, "set_state_time_mean": NaN, "set_state_time_total": 0.0, "setup_model_time_mean": NaN, "setup_model_time_total": 0.0, "setup_proc_time_mean": NaN, "setup_proc_time_total": 0.0, "train_accuracy": 0.3274399936199188, "train_loss": 2.1731487524414064, "training_time_mean": NaN, "training_time_total": 0.0, "val_accuracy": 0.3580999970436096, "val_loss": 4.025179964637756, "validation_time_mean": NaN, "validation_time_total": 0.0, "samples": 60000, "num_workers": 1, "done": false, "timesteps_total": null, "episodes_total": null, "training_iteration": 2, "neg_mean_loss": -3.0605217856407165, "experiment_id": "8c18ed79397a4741a384908fdbc424f6", "date": "2019-06-06_09-41-15", "timestamp": 1559839275, "time_this_iter_s": 41.42283391952515, "time_total_s": 87.75230360031128, "pid": 22834, "hostname": "steropes", "node_ip": "169.229.49.254", "config": {"starting_lr": 0.001, "momentum": 0.99, "weight_decay": 0.0001, "steps_per_iteration": null, "pin": false, "model_creator": null, "target_batch_size": 128, "model_string": "resnet50", "min_batch_size": 128, "dataset": "CIFAR", "placement": null, "use_nccl": true, "devices_per_worker": 1, "primary_resource": "extra_gpu", "gpu": false, "verbose": false, "lr_config": {"mode": "log", "steps": 5, "initial_lr": 0.001, "target_lr": 0.001}, "batch_per_device": 128}, "time_since_restore": 87.75230360031128, "timesteps_since_restore": 0, "iterations_since_restore": 2, "mean_throughput": 1367.4828194233726, "atoms": 1, "setup_time": 8.743561744689941}
{"apply": 0.018409323692321778, "batch_time": 0.031833084323738194, "d2h": 0.0006896018981933594, "data_time": 0.001818067277483928, "fwd": 0.02840855121612549, "get_state_time_mean": NaN, "get_state_time_total": 0.0, "grad": 0.04955742359161377, "mean_accuracy": 0.34443332751592, "mean_loss": 3.758958602841695, "neg_mean_accuracy": -0.36890000104904175, "set_state_time_mean": NaN, "set_state_time_total": 0.0, "setup_model_time_mean": NaN, "setup_model_time_total": 0.0, "setup_proc_time_mean": NaN, "setup_proc_time_total": 0.0, "train_accuracy": 0.3587400019168854, "train_loss": 2.2222743032073975, "training_time_mean": NaN, "training_time_total": 0.0, "val_accuracy": 0.36890000104904175, "val_loss": 5.1558322372436525, "validation_time_mean": NaN, "validation_time_total": 0.0, "samples": 60000, "num_workers": 1, "done": false, "timesteps_total": null, "episodes_total": null, "training_iteration": 3, "neg_mean_loss": -3.758958602841695, "experiment_id": "8c18ed79397a4741a384908fdbc424f6", "date": "2019-06-06_09-41-57", "timestamp": 1559839317, "time_this_iter_s": 42.17029070854187, "time_total_s": 129.92259430885315, "pid": 22834, "hostname": "steropes", "node_ip": "169.229.49.254", "config": {"starting_lr": 0.001, "momentum": 0.99, "weight_decay": 0.0001, "steps_per_iteration": null, "pin": false, "model_creator": null, "target_batch_size": 128, "model_string": "resnet50", "min_batch_size": 128, "dataset": "CIFAR", "placement": null, "use_nccl": true, "devices_per_worker": 1, "primary_resource": "extra_gpu", "gpu": false, "verbose": false, "lr_config": {"mode": "log", "steps": 5, "initial_lr": 0.001, "target_lr": 0.001}, "batch_per_device": 128}, "time_since_restore": 129.92259430885315, "timesteps_since_restore": 0, "iterations_since_restore": 3, "mean_throughput": 1385.4357057674242, "atoms": 1, "setup_time": 8.743561744689941}
{"apply": 0.019061851501464843, "batch_time": 0.03268802015087272, "d2h": 0.000688624382019043, "data_time": 0.001699548243256786, "fwd": 0.028917264938354493, "get_state_time_mean": NaN, "get_state_time_total": 0.0, "grad": 0.04989743232727051, "mean_accuracy": 0.3657749965786934, "mean_loss": 6.746735766553879, "neg_mean_accuracy": -0.42980000376701355, "set_state_time_mean": NaN, "set_state_time_total": 0.0, "setup_model_time_mean": NaN, "setup_model_time_total": 0.0, "setup_proc_time_mean": NaN, "setup_proc_time_total": 0.0, "train_accuracy": 0.3891800045967102, "train_loss": 2.0205281076049806, "training_time_mean": NaN, "training_time_total": 0.0, "val_accuracy": 0.42980000376701355, "val_loss": 15.71006725769043, "validation_time_mean": NaN, "validation_time_total": 0.0, "samples": 60000, "num_workers": 1, "done": false, "timesteps_total": null, "episodes_total": null, "training_iteration": 4, "neg_mean_loss": -6.746735766553879, "experiment_id": "8c18ed79397a4741a384908fdbc424f6", "date": "2019-06-06_09-42-39", "timestamp": 1559839359, "time_this_iter_s": 42.12034273147583, "time_total_s": 172.04293704032898, "pid": 22834, "hostname": "steropes", "node_ip": "169.229.49.254", "config": {"starting_lr": 0.001, "momentum": 0.99, "weight_decay": 0.0001, "steps_per_iteration": null, "pin": false, "model_creator": null, "target_batch_size": 128, "model_string": "resnet50", "min_batch_size": 128, "dataset": "CIFAR", "placement": null, "use_nccl": true, "devices_per_worker": 1, "primary_resource": "extra_gpu", "gpu": false, "verbose": false, "lr_config": {"mode": "log", "steps": 5, "initial_lr": 0.001, "target_lr": 0.001}, "batch_per_device": 128}, "time_since_restore": 172.04293704032898, "timesteps_since_restore": 0, "iterations_since_restore": 4, "mean_throughput": 1394.9963910535212, "atoms": 1, "setup_time": 8.743561744689941}
{"apply": 0.02003171443939209, "batch_time": 0.032330624664886086, "d2h": 0.0006507396697998047, "data_time": 0.001667980037991653, "fwd": 0.030184221267700196, "get_state_time_mean": NaN, "get_state_time_total": 0.0, "grad": 0.05014951229095459, "mean_accuracy": 0.38399999737739565, "mean_loss": 7.538656560096742, "neg_mean_accuracy": -0.4569000005722046, "set_state_time_mean": NaN, "set_state_time_total": 0.0, "setup_model_time_mean": NaN, "setup_model_time_total": 0.0, "setup_proc_time_mean": NaN, "setup_proc_time_total": 0.0, "train_accuracy": 0.42486000061035156, "train_loss": 1.7916270095062257, "training_time_mean": NaN, "training_time_total": 0.0, "val_accuracy": 0.4569000005722046, "val_loss": 10.70633973426819, "validation_time_mean": NaN, "validation_time_total": 0.0, "samples": 60000, "num_workers": 1, "done": false, "timesteps_total": null, "episodes_total": null, "training_iteration": 5, "neg_mean_loss": -7.538656560096742, "experiment_id": "8c18ed79397a4741a384908fdbc424f6", "date": "2019-06-06_09-43-22", "timestamp": 1559839402, "time_this_iter_s": 42.418973445892334, "time_total_s": 214.4619104862213, "pid": 22834, "hostname": "steropes", "node_ip": "169.229.49.254", "config": {"starting_lr": 0.001, "momentum": 0.99, "weight_decay": 0.0001, "steps_per_iteration": null, "pin": false, "model_creator": null, "target_batch_size": 128, "model_string": "resnet50", "min_batch_size": 128, "dataset": "CIFAR", "placement": null, "use_nccl": true, "devices_per_worker": 1, "primary_resource": "extra_gpu", "gpu": false, "verbose": false, "lr_config": {"mode": "log", "steps": 5, "initial_lr": 0.001, "target_lr": 0.001}, "batch_per_device": 128}, "time_since_restore": 214.4619104862213, "timesteps_since_restore": 0, "iterations_since_restore": 5, "mean_throughput": 1398.845934361374, "atoms": 1, "setup_time": 8.743561744689941}
{"apply": 0.020103192329406737, "batch_time": 0.031998214842397954, "d2h": 0.0007428169250488281, "data_time": 0.001677602758188077, "fwd": 0.029669904708862306, "get_state_time_mean": NaN, "get_state_time_total": 0.0, "grad": 0.052096223831176756, "mean_accuracy": 0.4133199989795685, "mean_loss": 9.994758682670593, "neg_mean_accuracy": -0.4528999924659729, "set_state_time_mean": NaN, "set_state_time_total": 0.0, "setup_model_time_mean": NaN, "setup_model_time_total": 0.0, "setup_proc_time_mean": NaN, "setup_proc_time_total": 0.0, "train_accuracy": 0.45061999559402466, "train_loss": 1.7233940002822876, "training_time_mean": NaN, "training_time_total": 0.0, "val_accuracy": 0.4528999924659729, "val_loss": 14.37637421951294, "validation_time_mean": NaN, "validation_time_total": 0.0, "samples": 60000, "num_workers": 1, "done": false, "timesteps_total": null, "episodes_total": null, "training_iteration": 6, "neg_mean_loss": -9.994758682670593, "experiment_id": "8c18ed79397a4741a384908fdbc424f6", "date": "2019-06-06_09-44-04", "timestamp": 1559839444, "time_this_iter_s": 42.36163115501404, "time_total_s": 256.82354164123535, "pid": 22834, "hostname": "steropes", "node_ip": "169.229.49.254", "config": {"starting_lr": 0.001, "momentum": 0.99, "weight_decay": 0.0001, "steps_per_iteration": null, "pin": false, "model_creator": null, "target_batch_size": 128, "model_string": "resnet50", "min_batch_size": 128, "dataset": "CIFAR", "placement": null, "use_nccl": true, "devices_per_worker": 1, "primary_resource": "extra_gpu", "gpu": false, "verbose": false, "lr_config": {"mode": "log", "steps": 5, "initial_lr": 0.001, "target_lr": 0.001}, "batch_per_device": 128}, "time_since_restore": 256.82354164123535, "timesteps_since_restore": 0, "iterations_since_restore": 6, "mean_throughput": 1425.214340149615, "atoms": 1, "setup_time": 8.743561744689941}
{"apply": 0.018372106552124023, "batch_time": 0.06904293298721313, "d2h": 0.0006969690322875977, "data_time": 0.0029931299540461326, "fwd": 0.11262377500534057, "get_state_time_mean": NaN, "get_state_time_total": 0.0, "grad": 0.22682148218154907, "mean_accuracy": 0.431360000371933, "mean_loss": 12.672478282203675, "neg_mean_accuracy": -0.44830000400543213, "set_state_time_mean": 6.230046272277832, "set_state_time_total": 6.230046272277832, "setup_model_time_mean": 9.997008562088013, "setup_model_time_total": 9.997008562088013, "setup_proc_time_mean": 0.4285355806350708, "setup_proc_time_total": 0.4285355806350708, "train_accuracy": 0.41929998993873596, "train_loss": 1.9756522184753418, "training_time_mean": NaN, "training_time_total": 0.0, "val_accuracy": 0.44830000400543213, "val_loss": 17.41377796230316, "validation_time_mean": NaN, "validation_time_total": 0.0, "samples": 60000, "num_workers": 2, "done": false, "timesteps_total": null, "episodes_total": null, "training_iteration": 7, "neg_mean_loss": -12.672478282203675, "experiment_id": "8c18ed79397a4741a384908fdbc424f6", "date": "2019-06-06_09-44-57", "timestamp": 1559839497, "time_this_iter_s": 34.10147500038147, "time_total_s": 290.9250166416168, "pid": 25418, "hostname": "steropes", "node_ip": "169.229.49.254", "config": {"starting_lr": 0.001, "momentum": 0.99, "weight_decay": 0.0001, "steps_per_iteration": null, "pin": false, "model_creator": null, "target_batch_size": 128, "model_string": "resnet50", "min_batch_size": 128, "dataset": "CIFAR", "placement": null, "use_nccl": true, "devices_per_worker": 1, "primary_resource": "extra_gpu", "gpu": false, "verbose": false, "lr_config": {"mode": "log", "steps": 5, "initial_lr": 0.001, "target_lr": 0.0014142135623730952}, "batch_per_device": 128}, "time_since_restore": 34.10147500038147, "timesteps_since_restore": 0, "iterations_since_restore": 1, "mean_throughput": 1759.448142147569, "atoms": 2, "setup_time": 18.188045740127563}
{"apply": 0.02209956645965576, "batch_time": 0.0383463442325592, "d2h": 0.0006444096565246583, "data_time": 0.002988695490116976, "fwd": 0.03011174201965332, "get_state_time_mean": NaN, "get_state_time_total": 0.0, "grad": 0.08747968673706055, "mean_accuracy": 0.4460799992084503, "mean_loss": 13.324204615592956, "neg_mean_accuracy": -0.4424999952316284, "set_state_time_mean": NaN, "set_state_time_total": 0.0, "setup_model_time_mean": NaN, "setup_model_time_total": 0.0, "setup_proc_time_mean": NaN, "setup_proc_time_total": 0.0, "train_accuracy": 0.43393999338150024, "train_loss": 1.8249442081069946, "training_time_mean": NaN, "training_time_total": 0.0, "val_accuracy": 0.4424999952316284, "val_loss": 8.414463904190063, "validation_time_mean": NaN, "validation_time_total": 0.0, "samples": 60000, "num_workers": 2, "done": false, "timesteps_total": null, "episodes_total": null, "training_iteration": 8, "neg_mean_loss": -13.324204615592956, "experiment_id": "8c18ed79397a4741a384908fdbc424f6", "date": "2019-06-06_09-45-25", "timestamp": 1559839525, "time_this_iter_s": 28.13983130455017, "time_total_s": 319.064847946167, "pid": 25418, "hostname": "steropes", "node_ip": "169.229.49.254", "config": {"starting_lr": 0.001, "momentum": 0.99, "weight_decay": 0.0001, "steps_per_iteration": null, "pin": false, "model_creator": null, "target_batch_size": 128, "model_string": "resnet50", "min_batch_size": 128, "dataset": "CIFAR", "placement": null, "use_nccl": true, "devices_per_worker": 1, "primary_resource": "extra_gpu", "gpu": false, "verbose": false, "lr_config": {"mode": "log", "steps": 5, "initial_lr": 0.001, "target_lr": 0.0014142135623730952}, "batch_per_device": 128}, "time_since_restore": 62.24130630493164, "timesteps_since_restore": 0, "iterations_since_restore": 2, "mean_throughput": 1927.9737937758587, "atoms": 2, "setup_time": 18.188045740127563}
{"apply": 0.02021526098251343, "batch_time": 0.039931139349937445, "d2h": 0.0006361722946166993, "data_time": 0.002889010370994101, "fwd": 0.029520463943481446, "get_state_time_mean": NaN, "get_state_time_total": 0.0, "grad": 0.0824671506881714, "mean_accuracy": 0.456059992313385, "mean_loss": 13.095746692104342, "neg_mean_accuracy": -0.479699969291687, "set_state_time_mean": NaN, "set_state_time_total": 0.0, "setup_model_time_mean": NaN, "setup_model_time_total": 0.0, "setup_proc_time_mean": NaN, "setup_proc_time_total": 0.0, "train_accuracy": 0.45041999220848083, "train_loss": 1.6940201330566405, "training_time_mean": NaN, "training_time_total": 0.0, "val_accuracy": 0.479699969291687, "val_loss": 14.567777640247346, "validation_time_mean": NaN, "validation_time_total": 0.0, "samples": 60000, "num_workers": 2, "done": true, "timesteps_total": null, "episodes_total": null, "training_iteration": 9, "neg_mean_loss": -13.095746692104342, "experiment_id": "8c18ed79397a4741a384908fdbc424f6", "date": "2019-06-06_09-45-53", "timestamp": 1559839553, "time_this_iter_s": 28.681383848190308, "time_total_s": 347.7462317943573, "pid": 25418, "hostname": "steropes", "node_ip": "169.229.49.254", "config": {"starting_lr": 0.001, "momentum": 0.99, "weight_decay": 0.0001, "steps_per_iteration": null, "pin": false, "model_creator": null, "target_batch_size": 128, "model_string": "resnet50", "min_batch_size": 128, "dataset": "CIFAR", "placement": null, "use_nccl": true, "devices_per_worker": 1, "primary_resource": "extra_gpu", "gpu": false, "verbose": false, "lr_config": {"mode": "log", "steps": 5, "initial_lr": 0.001, "target_lr": 0.0014142135623730952}, "batch_per_device": 128}, "time_since_restore": 90.92269015312195, "timesteps_since_restore": 0, "iterations_since_restore": 3, "mean_throughput": 1979.6976181505006, "atoms": 2, "setup_time": 18.188045740127563}
