apply,batch_time,d2h,data_time,fwd,get_state_time_mean,get_state_time_total,grad,mean_accuracy,mean_loss,neg_mean_accuracy,set_state_time_mean,set_state_time_total,setup_model_time_mean,setup_model_time_total,setup_proc_time_mean,setup_proc_time_total,train_accuracy,train_loss,training_time_mean,training_time_total,val_accuracy,val_loss,validation_time_mean,validation_time_total,samples,num_workers,done,timesteps_total,episodes_total,training_iteration,neg_mean_loss,experiment_id,date,timestamp,time_this_iter_s,time_total_s,pid,hostname,node_ip,config,time_since_restore,timesteps_since_restore,iterations_since_restore,mean_throughput,atoms,setup_time
0.019868922233581544,0.044302843794038024,0.0007505416870117188,0.0018607350566503032,0.12009050846099853,nan,0.0,0.16781139373779297,0.38119998574256897,1.9664066860198974,-0.38119998574256897,nan,0.0,8.733014822006226,8.733014822006226,1.1619300842285156,1.1619300842285156,0.2695399820804596,2.270044931373596,nan,0.0,0.38119998574256897,1.9664066860198974,nan,0.0,60000,1,False,,,1,-1.9664066860198974,5ac2f1a8cd80452a8229e7d5310f2ccd,2019-06-06_07-09-37,1559830177,47.71707725524902,47.71707725524902,7866,steropes,169.229.49.254,"{'starting_lr': 0.005, 'momentum': 0.9, 'weight_decay': 0.005, 'steps_per_iteration': None, 'pin': False, 'model_creator': None, 'target_batch_size': 128, 'model_string': 'resnet50', 'min_batch_size': 128, 'dataset': 'CIFAR', 'placement': None, 'use_nccl': True, 'devices_per_worker': 1, 'primary_resource': 'extra_gpu', 'gpu': False, 'verbose': False, 'lr_config': {'mode': 'log', 'steps': 5, 'initial_lr': 0.005, 'target_lr': 0.005}, 'batch_per_device': 128}",47.71707725524902,0,1,1257.4091212144224,1,10.24509572982788
0.018321585655212403,0.03405122515521472,0.0006888866424560547,0.0017790715102954289,0.02776336669921875,nan,0.0,0.049609923362731935,0.4172999858856201,1.7939845490455628,-0.45339998602867126,nan,0.0,nan,0.0,nan,0.0,0.3830399811267853,1.7726371416473388,nan,0.0,0.45339998602867126,1.621562412071228,nan,0.0,60000,1,False,,,2,-1.7939845490455628,5ac2f1a8cd80452a8229e7d5310f2ccd,2019-06-06_07-10-20,1559830220,42.1431622505188,89.86023950576782,7866,steropes,169.229.49.254,"{'starting_lr': 0.005, 'momentum': 0.9, 'weight_decay': 0.005, 'steps_per_iteration': None, 'pin': False, 'model_creator': None, 'target_batch_size': 128, 'model_string': 'resnet50', 'min_batch_size': 128, 'dataset': 'CIFAR', 'placement': None, 'use_nccl': True, 'devices_per_worker': 1, 'primary_resource': 'extra_gpu', 'gpu': False, 'verbose': False, 'lr_config': {'mode': 'log', 'steps': 5, 'initial_lr': 0.005, 'target_lr': 0.005}, 'batch_per_device': 128}",89.86023950576782,0,2,1335.4045496977044,1,10.24509572982788
0.020159268379211427,0.03311375726627398,0.0007462263107299805,0.0018318510421401705,0.02927134037017822,nan,0.0,0.04974708557128906,0.4342666566371918,1.7390017766316734,-0.4681999981403351,nan,0.0,nan,0.0,nan,0.0,0.44157999753952026,1.5795874881362915,nan,0.0,0.4681999981403351,1.629036231803894,nan,0.0,60000,1,False,,,3,-1.7390017766316734,5ac2f1a8cd80452a8229e7d5310f2ccd,2019-06-06_07-11-02,1559830262,41.98483061790466,131.84507012367249,7866,steropes,169.229.49.254,"{'starting_lr': 0.005, 'momentum': 0.9, 'weight_decay': 0.005, 'steps_per_iteration': None, 'pin': False, 'model_creator': None, 'target_batch_size': 128, 'model_string': 'resnet50', 'min_batch_size': 128, 'dataset': 'CIFAR', 'placement': None, 'use_nccl': True, 'devices_per_worker': 1, 'primary_resource': 'extra_gpu', 'gpu': False, 'verbose': False, 'lr_config': {'mode': 'log', 'steps': 5, 'initial_lr': 0.005, 'target_lr': 0.005}, 'batch_per_device': 128}",131.84507012367249,0,3,1365.2347527972915,1,10.24509572982788
0.019687652587890625,0.03224174885810176,0.0007139921188354492,0.0018147367345707497,0.029575800895690917,nan,0.0,0.0504227876663208,0.4535749927163124,1.7983126907348634,-0.5115000009536743,nan,0.0,nan,0.0,nan,0.0,0.47641998529434204,1.467178247642517,nan,0.0,0.5115000009536743,1.9762454330444337,nan,0.0,60000,1,False,,,4,-1.7983126907348634,5ac2f1a8cd80452a8229e7d5310f2ccd,2019-06-06_07-11-44,1559830304,42.670130014419556,174.51520013809204,7866,steropes,169.229.49.254,"{'starting_lr': 0.005, 'momentum': 0.9, 'weight_decay': 0.005, 'steps_per_iteration': None, 'pin': False, 'model_creator': None, 'target_batch_size': 128, 'model_string': 'resnet50', 'min_batch_size': 128, 'dataset': 'CIFAR', 'placement': None, 'use_nccl': True, 'devices_per_worker': 1, 'primary_resource': 'extra_gpu', 'gpu': False, 'verbose': False, 'lr_config': {'mode': 'log', 'steps': 5, 'initial_lr': 0.005, 'target_lr': 0.005}, 'batch_per_device': 128}",174.51520013809204,0,4,1375.2346027850917,1,10.24509572982788
0.019254302978515624,0.032081827332701866,0.0007121562957763672,0.0018288979444967208,0.02846376895904541,nan,0.0,0.04927346706390381,0.4686599910259247,1.7056254538726807,-0.5289999842643738,nan,0.0,nan,0.0,nan,0.0,0.5087400078773499,1.3861298331451417,nan,0.0,0.5289999842643738,1.3348765064239503,nan,0.0,60000,1,False,,,5,-1.7056254538726807,5ac2f1a8cd80452a8229e7d5310f2ccd,2019-06-06_07-12-26,1559830346,41.767770528793335,216.28297066688538,7866,steropes,169.229.49.254,"{'starting_lr': 0.005, 'momentum': 0.9, 'weight_decay': 0.005, 'steps_per_iteration': None, 'pin': False, 'model_creator': None, 'target_batch_size': 128, 'model_string': 'resnet50', 'min_batch_size': 128, 'dataset': 'CIFAR', 'placement': None, 'use_nccl': True, 'devices_per_worker': 1, 'primary_resource': 'extra_gpu', 'gpu': False, 'verbose': False, 'lr_config': {'mode': 'log', 'steps': 5, 'initial_lr': 0.005, 'target_lr': 0.005}, 'batch_per_device': 128}",216.28297066688538,0,5,1387.0681922237964,1,10.24509572982788
0.020000147819519042,0.03266955629179749,0.0009041309356689453,0.0018110525272691342,0.029165768623352052,nan,0.0,0.05048532485961914,0.5050199866294861,1.5555328120803833,-0.562999963760376,nan,0.0,nan,0.0,nan,0.0,0.532539963722229,1.3184085564804078,nan,0.0,0.562999963760376,1.2159434770584105,nan,0.0,60000,1,False,,,6,-1.5555328120803833,5ac2f1a8cd80452a8229e7d5310f2ccd,2019-06-06_07-13-09,1559830389,42.96324968338013,259.2462203502655,7866,steropes,169.229.49.254,"{'starting_lr': 0.005, 'momentum': 0.9, 'weight_decay': 0.005, 'steps_per_iteration': None, 'pin': False, 'model_creator': None, 'target_batch_size': 128, 'model_string': 'resnet50', 'min_batch_size': 128, 'dataset': 'CIFAR', 'placement': None, 'use_nccl': True, 'devices_per_worker': 1, 'primary_resource': 'extra_gpu', 'gpu': False, 'verbose': False, 'lr_config': {'mode': 'log', 'steps': 5, 'initial_lr': 0.005, 'target_lr': 0.005}, 'batch_per_device': 128}",259.2462203502655,0,6,1418.2406579618678,1,10.24509572982788
0.01903970241546631,0.03238668622849863,0.0007283687591552734,0.001828676599370854,0.029642128944396974,nan,0.0,0.050917410850524904,0.5323199808597565,1.459298582801819,-0.5898999571800232,nan,0.0,nan,0.0,nan,0.0,0.5565599799156189,1.2449324088287355,nan,0.0,0.5898999571800232,1.1403912656784057,nan,0.0,60000,1,False,,,7,-1.459298582801819,5ac2f1a8cd80452a8229e7d5310f2ccd,2019-06-06_07-13-52,1559830432,42.66786599159241,301.9140863418579,7866,steropes,169.229.49.254,"{'starting_lr': 0.005, 'momentum': 0.9, 'weight_decay': 0.005, 'steps_per_iteration': None, 'pin': False, 'model_creator': None, 'target_batch_size': 128, 'model_string': 'resnet50', 'min_batch_size': 128, 'dataset': 'CIFAR', 'placement': None, 'use_nccl': True, 'devices_per_worker': 1, 'primary_resource': 'extra_gpu', 'gpu': False, 'verbose': False, 'lr_config': {'mode': 'log', 'steps': 5, 'initial_lr': 0.005, 'target_lr': 0.005}, 'batch_per_device': 128}",301.9140863418579,0,7,1414.731378072523,1,10.24509572982788
0.018619608879089356,0.032462379600428325,0.0007486581802368164,0.001820538659839679,0.028200340270996094,nan,0.0,0.049140000343322755,0.5586599826812744,1.3588213627624512,-0.5999000072479248,nan,0.0,nan,0.0,nan,0.0,0.5883600115776062,1.1599624565887452,nan,0.0,0.5999000072479248,1.1266501316070556,nan,0.0,60000,1,False,,,8,-1.3588213627624512,5ac2f1a8cd80452a8229e7d5310f2ccd,2019-06-06_07-14-33,1559830473,41.83992552757263,343.75401186943054,7866,steropes,169.229.49.254,"{'starting_lr': 0.005, 'momentum': 0.9, 'weight_decay': 0.005, 'steps_per_iteration': None, 'pin': False, 'model_creator': None, 'target_batch_size': 128, 'model_string': 'resnet50', 'min_batch_size': 128, 'dataset': 'CIFAR', 'placement': None, 'use_nccl': True, 'devices_per_worker': 1, 'primary_resource': 'extra_gpu', 'gpu': False, 'verbose': False, 'lr_config': {'mode': 'log', 'steps': 5, 'initial_lr': 0.005, 'target_lr': 0.005}, 'batch_per_device': 128}",343.75401186943054,0,8,1415.6996534838504,1,10.24509572982788
0.02036113739013672,0.031769686107394064,0.0006885528564453125,0.001801539564986363,0.029422712326049805,nan,0.0,0.04949760437011719,0.5824199795722962,1.1794973627471923,-0.630299985408783,nan,0.0,nan,0.0,nan,0.0,0.6087799668312073,1.096443718032837,nan,0.0,0.630299985408783,1.0796254329681396,nan,0.0,60000,1,False,,,9,-1.1794973627471923,5ac2f1a8cd80452a8229e7d5310f2ccd,2019-06-06_07-15-15,1559830515,41.84940505027771,385.60341691970825,7866,steropes,169.229.49.254,"{'starting_lr': 0.005, 'momentum': 0.9, 'weight_decay': 0.005, 'steps_per_iteration': None, 'pin': False, 'model_creator': None, 'target_batch_size': 128, 'model_string': 'resnet50', 'min_batch_size': 128, 'dataset': 'CIFAR', 'placement': None, 'use_nccl': True, 'devices_per_worker': 1, 'primary_resource': 'extra_gpu', 'gpu': False, 'verbose': False, 'lr_config': {'mode': 'log', 'steps': 5, 'initial_lr': 0.005, 'target_lr': 0.005}, 'batch_per_device': 128}",385.60341691970825,0,9,1421.2040521547608,1,10.24509572982788
0.021087455749511718,0.0324997781198236,0.000729680061340332,0.0017872521334596912,0.029491257667541505,nan,0.0,0.04938232898712158,0.607099974155426,1.1166220649719238,-0.6523999571800232,nan,0.0,nan,0.0,nan,0.0,0.636959969997406,1.0292987672424316,nan,0.0,0.6523999571800232,1.0205000175476073,nan,0.0,60000,1,False,,,10,-1.1166220649719238,5ac2f1a8cd80452a8229e7d5310f2ccd,2019-06-06_07-15-57,1559830557,41.821444272994995,427.42486119270325,7866,steropes,169.229.49.254,"{'starting_lr': 0.005, 'momentum': 0.9, 'weight_decay': 0.005, 'steps_per_iteration': None, 'pin': False, 'model_creator': None, 'target_batch_size': 128, 'model_string': 'resnet50', 'min_batch_size': 128, 'dataset': 'CIFAR', 'placement': None, 'use_nccl': True, 'devices_per_worker': 1, 'primary_resource': 'extra_gpu', 'gpu': False, 'verbose': False, 'lr_config': {'mode': 'log', 'steps': 5, 'initial_lr': 0.005, 'target_lr': 0.005}, 'batch_per_device': 128}",427.42486119270325,0,10,1420.8427471692853,1,10.24509572982788
0.021049928665161134,0.03194355662864975,0.0007356405258178711,0.001798407805850134,0.029178428649902343,nan,0.0,0.049003195762634275,0.6299599766731262,1.062006832294464,-0.677299976348877,nan,0.0,nan,0.0,nan,0.0,0.6581199765205383,0.9703928561973572,nan,0.0,0.677299976348877,0.9428673136711121,nan,0.0,60000,1,False,,,11,-1.062006832294464,5ac2f1a8cd80452a8229e7d5310f2ccd,2019-06-06_07-16-39,1559830599,41.84477162361145,469.2696328163147,7866,steropes,169.229.49.254,"{'starting_lr': 0.005, 'momentum': 0.9, 'weight_decay': 0.005, 'steps_per_iteration': None, 'pin': False, 'model_creator': None, 'target_batch_size': 128, 'model_string': 'resnet50', 'min_batch_size': 128, 'dataset': 'CIFAR', 'placement': None, 'use_nccl': True, 'devices_per_worker': 1, 'primary_resource': 'extra_gpu', 'gpu': False, 'verbose': False, 'lr_config': {'mode': 'log', 'steps': 5, 'initial_lr': 0.005, 'target_lr': 0.005}, 'batch_per_device': 128}",469.2696328163147,0,11,1428.4093888172408,1,10.24509572982788
0.019812941551208496,0.03205387803572643,0.0007382631301879883,0.0018106006905245964,0.029186820983886717,nan,0.0,0.05005490779876709,0.6451399803161622,1.0241425628471374,-0.6657999753952026,nan,0.0,nan,0.0,nan,0.0,0.6778599619865417,0.9207529673576355,nan,0.0,0.6657999753952026,0.9510699184417725,nan,0.0,60000,1,False,,,12,-1.0241425628471374,5ac2f1a8cd80452a8229e7d5310f2ccd,2019-06-06_07-17-21,1559830641,42.04754042625427,511.31717324256897,7866,steropes,169.229.49.254,"{'starting_lr': 0.005, 'momentum': 0.9, 'weight_decay': 0.005, 'steps_per_iteration': None, 'pin': False, 'model_creator': None, 'target_batch_size': 128, 'model_string': 'resnet50', 'min_batch_size': 128, 'dataset': 'CIFAR', 'placement': None, 'use_nccl': True, 'devices_per_worker': 1, 'primary_resource': 'extra_gpu', 'gpu': False, 'verbose': False, 'lr_config': {'mode': 'log', 'steps': 5, 'initial_lr': 0.005, 'target_lr': 0.005}, 'batch_per_device': 128}",511.31717324256897,0,12,1432.6408280782468,1,10.24509572982788
0.01841278076171875,0.032253612445879584,0.0007274150848388672,0.0018407475308079243,0.027973246574401856,nan,0.0,0.04867715835571289,0.6675799727439881,0.9639760932350157,-0.7120999693870544,nan,0.0,nan,0.0,nan,0.0,0.6981599926948547,0.8645597606277465,nan,0.0,0.7120999693870544,0.8258177835464477,nan,0.0,60000,1,False,,,13,-0.9639760932350157,5ac2f1a8cd80452a8229e7d5310f2ccd,2019-06-06_07-18-03,1559830683,41.78785586357117,553.1050291061401,7866,steropes,169.229.49.254,"{'starting_lr': 0.005, 'momentum': 0.9, 'weight_decay': 0.005, 'steps_per_iteration': None, 'pin': False, 'model_creator': None, 'target_batch_size': 128, 'model_string': 'resnet50', 'min_batch_size': 128, 'dataset': 'CIFAR', 'placement': None, 'use_nccl': True, 'devices_per_worker': 1, 'primary_resource': 'extra_gpu', 'gpu': False, 'verbose': False, 'lr_config': {'mode': 'log', 'steps': 5, 'initial_lr': 0.005, 'target_lr': 0.005}, 'batch_per_device': 128}",553.1050291061401,0,13,1432.9967156130162,1,10.24509572982788
0.01991875171661377,0.033269836932797975,0.0007611513137817383,0.001797200468799952,0.029500722885131836,nan,0.0,0.050098228454589847,0.6836199760437012,0.9131364897346497,-0.7105000019073486,nan,0.0,nan,0.0,nan,0.0,0.7065799832344055,0.8366926209640503,nan,0.0,0.7105000019073486,0.8254274154663086,nan,0.0,60000,1,False,,,14,-0.9131364897346497,5ac2f1a8cd80452a8229e7d5310f2ccd,2019-06-06_07-18-45,1559830725,41.91506052017212,595.0200896263123,7866,steropes,169.229.49.254,"{'starting_lr': 0.005, 'momentum': 0.9, 'weight_decay': 0.005, 'steps_per_iteration': None, 'pin': False, 'model_creator': None, 'target_batch_size': 128, 'model_string': 'resnet50', 'min_batch_size': 128, 'dataset': 'CIFAR', 'placement': None, 'use_nccl': True, 'devices_per_worker': 1, 'primary_resource': 'extra_gpu', 'gpu': False, 'verbose': False, 'lr_config': {'mode': 'log', 'steps': 5, 'initial_lr': 0.005, 'target_lr': 0.005}, 'batch_per_device': 128}",595.0200896263123,0,14,1432.5474492850349,1,10.24509572982788
0.019368410110473633,0.03235006030601791,0.0007739782333374024,0.0017952028747714693,0.029120659828186034,nan,0.0,0.04952778816223145,0.6970399856567383,0.8686214498138429,-0.7195000052452087,nan,0.0,nan,0.0,nan,0.0,0.7220399975776672,0.798026111793518,nan,0.0,0.7195000052452087,0.797924817943573,nan,0.0,60000,1,False,,,15,-0.8686214498138429,5ac2f1a8cd80452a8229e7d5310f2ccd,2019-06-06_07-19-27,1559830767,41.823939085006714,636.844028711319,7866,steropes,169.229.49.254,"{'starting_lr': 0.005, 'momentum': 0.9, 'weight_decay': 0.005, 'steps_per_iteration': None, 'pin': False, 'model_creator': None, 'target_batch_size': 128, 'model_string': 'resnet50', 'min_batch_size': 128, 'dataset': 'CIFAR', 'placement': None, 'use_nccl': True, 'devices_per_worker': 1, 'primary_resource': 'extra_gpu', 'gpu': False, 'verbose': False, 'lr_config': {'mode': 'log', 'steps': 5, 'initial_lr': 0.005, 'target_lr': 0.005}, 'batch_per_device': 128}",636.844028711319,0,15,1432.5303556506385,1,10.24509572982788
0.0190321683883667,0.03237039831620228,0.0007506132125854493,0.001789232654034939,0.028437089920043946,nan,0.0,0.04839174747467041,0.7076399922370911,0.8396603367805481,-0.7303000092506409,nan,0.0,nan,0.0,nan,0.0,0.7315199971199036,0.7758322271537781,nan,0.0,0.7303000092506409,0.7980617485046386,nan,0.0,60000,1,False,,,16,-0.8396603367805481,5ac2f1a8cd80452a8229e7d5310f2ccd,2019-06-06_07-20-08,1559830808,41.86779284477234,678.7118215560913,7866,steropes,169.229.49.254,"{'starting_lr': 0.005, 'momentum': 0.9, 'weight_decay': 0.005, 'steps_per_iteration': None, 'pin': False, 'model_creator': None, 'target_batch_size': 128, 'model_string': 'resnet50', 'min_batch_size': 128, 'dataset': 'CIFAR', 'placement': None, 'use_nccl': True, 'devices_per_worker': 1, 'primary_resource': 'extra_gpu', 'gpu': False, 'verbose': False, 'lr_config': {'mode': 'log', 'steps': 5, 'initial_lr': 0.005, 'target_lr': 0.005}, 'batch_per_device': 128}",678.7118215560913,0,16,1432.3728805114326,1,10.24509572982788
0.018654704093933105,0.031768430637407905,0.0007001638412475586,0.0017834782905285925,0.028089332580566406,nan,0.0,0.048585367202758786,0.720139992237091,0.8083085067367554,-0.7282999753952026,nan,0.0,nan,0.0,nan,0.0,0.7413399815559387,0.7481657402420044,nan,0.0,0.7282999753952026,0.7943107682228089,nan,0.0,60000,1,False,,,17,-0.8083085067367554,5ac2f1a8cd80452a8229e7d5310f2ccd,2019-06-06_07-20-50,1559830850,41.62032771110535,720.3321492671967,7866,steropes,169.229.49.254,"{'starting_lr': 0.005, 'momentum': 0.9, 'weight_decay': 0.005, 'steps_per_iteration': None, 'pin': False, 'model_creator': None, 'target_batch_size': 128, 'model_string': 'resnet50', 'min_batch_size': 128, 'dataset': 'CIFAR', 'placement': None, 'use_nccl': True, 'devices_per_worker': 1, 'primary_resource': 'extra_gpu', 'gpu': False, 'verbose': False, 'lr_config': {'mode': 'log', 'steps': 5, 'initial_lr': 0.005, 'target_lr': 0.005}, 'batch_per_device': 128}",720.3321492671967,0,17,1435.3005650877044,1,10.24509572982788
0.018917441368103027,0.031919038748439356,0.0007322788238525391,0.0017977943810660517,0.02836780548095703,nan,0.0,0.04859292507171631,0.7246999979019165,0.8015982918930054,-0.7348999977111816,nan,0.0,nan,0.0,nan,0.0,0.7491199970245361,0.7296245883560181,nan,0.0,0.7348999977111816,0.7922667093276977,nan,0.0,60000,1,False,,,18,-0.8015982918930054,5ac2f1a8cd80452a8229e7d5310f2ccd,2019-06-06_07-21-32,1559830892,41.842488527297974,762.1746377944946,7866,steropes,169.229.49.254,"{'starting_lr': 0.005, 'momentum': 0.9, 'weight_decay': 0.005, 'steps_per_iteration': None, 'pin': False, 'model_creator': None, 'target_batch_size': 128, 'model_string': 'resnet50', 'min_batch_size': 128, 'dataset': 'CIFAR', 'placement': None, 'use_nccl': True, 'devices_per_worker': 1, 'primary_resource': 'extra_gpu', 'gpu': False, 'verbose': False, 'lr_config': {'mode': 'log', 'steps': 5, 'initial_lr': 0.005, 'target_lr': 0.005}, 'batch_per_device': 128}",762.1746377944946,0,18,1434.918217841917,1,10.24509572982788
0.01872713565826416,0.03173255015023147,0.0007092475891113282,0.0018306693152698409,0.028734779357910155,nan,0.0,0.05027527809143066,0.7316799879074096,0.7863574541664123,-0.7453999519348145,nan,0.0,nan,0.0,nan,0.0,0.7557199597358704,0.7105937537765503,nan,0.0,0.7453999519348145,0.7492232268333435,nan,0.0,60000,1,False,,,19,-0.7863574541664123,5ac2f1a8cd80452a8229e7d5310f2ccd,2019-06-06_07-22-14,1559830934,42.434321880340576,804.6089596748352,7866,steropes,169.229.49.254,"{'starting_lr': 0.005, 'momentum': 0.9, 'weight_decay': 0.005, 'steps_per_iteration': None, 'pin': False, 'model_creator': None, 'target_batch_size': 128, 'model_string': 'resnet50', 'min_batch_size': 128, 'dataset': 'CIFAR', 'placement': None, 'use_nccl': True, 'devices_per_worker': 1, 'primary_resource': 'extra_gpu', 'gpu': False, 'verbose': False, 'lr_config': {'mode': 'log', 'steps': 5, 'initial_lr': 0.005, 'target_lr': 0.005}, 'batch_per_device': 128}",804.6089596748352,0,19,1431.3631661003656,1,10.24509572982788
0.01875307559967041,0.03199024140080319,0.0006899833679199219,0.0018177660529875694,0.02826981544494629,nan,0.0,0.04881277084350586,0.738379979133606,0.7733903880691528,-0.7529999613761902,nan,0.0,nan,0.0,nan,0.0,0.7617200016975403,0.6950643355178833,nan,0.0,0.7529999613761902,0.7330894874572754,nan,0.0,60000,1,False,,,20,-0.7733903880691528,5ac2f1a8cd80452a8229e7d5310f2ccd,2019-06-06_07-22-56,1559830976,41.83624625205994,846.4452059268951,7866,steropes,169.229.49.254,"{'starting_lr': 0.005, 'momentum': 0.9, 'weight_decay': 0.005, 'steps_per_iteration': None, 'pin': False, 'model_creator': None, 'target_batch_size': 128, 'model_string': 'resnet50', 'min_batch_size': 128, 'dataset': 'CIFAR', 'placement': None, 'use_nccl': True, 'devices_per_worker': 1, 'primary_resource': 'extra_gpu', 'gpu': False, 'verbose': False, 'lr_config': {'mode': 'log', 'steps': 5, 'initial_lr': 0.005, 'target_lr': 0.005}, 'batch_per_device': 128}",846.4452059268951,0,20,1431.2791180121353,1,10.24509572982788
0.018614983558654784,0.032031013995786256,0.0006644248962402344,0.0017869521284957066,0.028620195388793946,nan,0.0,0.04859480857849121,0.7428399682044983,0.7592392782783509,-0.7525999546051025,nan,0.0,nan,0.0,nan,0.0,0.7652999758720398,0.6862043093490601,nan,0.0,0.7525999546051025,0.7273061995506287,nan,0.0,60000,1,False,,,21,-0.7592392782783509,5ac2f1a8cd80452a8229e7d5310f2ccd,2019-06-06_07-23-38,1559831018,41.84701895713806,888.2922248840332,7866,steropes,169.229.49.254,"{'starting_lr': 0.005, 'momentum': 0.9, 'weight_decay': 0.005, 'steps_per_iteration': None, 'pin': False, 'model_creator': None, 'target_batch_size': 128, 'model_string': 'resnet50', 'min_batch_size': 128, 'dataset': 'CIFAR', 'placement': None, 'use_nccl': True, 'devices_per_worker': 1, 'primary_resource': 'extra_gpu', 'gpu': False, 'verbose': False, 'lr_config': {'mode': 'log', 'steps': 5, 'initial_lr': 0.005, 'target_lr': 0.005}, 'batch_per_device': 128}",888.2922248840332,0,21,1431.421003534819,1,10.24509572982788
0.018489551544189454,0.032036132450345194,0.0007274866104125977,0.0017905357243764735,0.02788498401641846,nan,0.0,0.04855353832244873,0.7497999668121338,0.7393884116363526,-0.7630999684333801,nan,0.0,nan,0.0,nan,0.0,0.7692999839782715,0.6760954653930664,nan,0.0,0.7630999684333801,0.6950564350128173,nan,0.0,60000,1,False,,,22,-0.7393884116363526,5ac2f1a8cd80452a8229e7d5310f2ccd,2019-06-06_07-24-20,1559831060,41.96444916725159,930.2566740512848,7866,steropes,169.229.49.254,"{'starting_lr': 0.005, 'momentum': 0.9, 'weight_decay': 0.005, 'steps_per_iteration': None, 'pin': False, 'model_creator': None, 'target_batch_size': 128, 'model_string': 'resnet50', 'min_batch_size': 128, 'dataset': 'CIFAR', 'placement': None, 'use_nccl': True, 'devices_per_worker': 1, 'primary_resource': 'extra_gpu', 'gpu': False, 'verbose': False, 'lr_config': {'mode': 'log', 'steps': 5, 'initial_lr': 0.005, 'target_lr': 0.005}, 'batch_per_device': 128}",930.2566740512848,0,22,1429.0745505047842,1,10.24509572982788
0.020526790618896486,0.033114074151727214,0.0007468461990356445,0.0018015633458676546,0.030294632911682128,nan,0.0,0.05207550525665283,0.7572599649429321,0.7127224290466309,-0.7721999883651733,nan,0.0,nan,0.0,nan,0.0,0.7729799747467041,0.6623237961959839,nan,0.0,0.7721999883651733,0.6589367963790893,nan,0.0,60000,1,False,,,23,-0.7127224290466309,5ac2f1a8cd80452a8229e7d5310f2ccd,2019-06-06_07-25-03,1559831103,42.793346643447876,973.0500206947327,7866,steropes,169.229.49.254,"{'starting_lr': 0.005, 'momentum': 0.9, 'weight_decay': 0.005, 'steps_per_iteration': None, 'pin': False, 'model_creator': None, 'target_batch_size': 128, 'model_string': 'resnet50', 'min_batch_size': 128, 'dataset': 'CIFAR', 'placement': None, 'use_nccl': True, 'devices_per_worker': 1, 'primary_resource': 'extra_gpu', 'gpu': False, 'verbose': False, 'lr_config': {'mode': 'log', 'steps': 5, 'initial_lr': 0.005, 'target_lr': 0.005}, 'batch_per_device': 128}",973.0500206947327,0,23,1422.6383997832481,1,10.24509572982788
0.019376039505004883,0.03199630145785175,0.0007029056549072265,0.0018187855820521674,0.02898883819580078,nan,0.0,0.05094995498657227,0.7618399739265442,0.7030739617156982,-0.7682999968528748,nan,0.0,nan,0.0,nan,0.0,0.7774199843406677,0.6536975281715393,nan,0.0,0.7682999968528748,0.7009808901786804,nan,0.0,60000,1,False,,,24,-0.7030739617156982,5ac2f1a8cd80452a8229e7d5310f2ccd,2019-06-06_07-25-45,1559831145,42.02999544143677,1015.0800161361694,7866,steropes,169.229.49.254,"{'starting_lr': 0.005, 'momentum': 0.9, 'weight_decay': 0.005, 'steps_per_iteration': None, 'pin': False, 'model_creator': None, 'target_batch_size': 128, 'model_string': 'resnet50', 'min_batch_size': 128, 'dataset': 'CIFAR', 'placement': None, 'use_nccl': True, 'devices_per_worker': 1, 'primary_resource': 'extra_gpu', 'gpu': False, 'verbose': False, 'lr_config': {'mode': 'log', 'steps': 5, 'initial_lr': 0.005, 'target_lr': 0.005}, 'batch_per_device': 128}",1015.0800161361694,0,24,1425.3714011950958,1,10.24509572982788
0.019712209701538086,0.031972839862485475,0.0007058382034301758,0.001805789025543291,0.02936246395111084,nan,0.0,0.04851462841033936,0.7663399815559387,0.6923942116928101,-0.7754999995231628,nan,0.0,nan,0.0,nan,0.0,0.7839599847793579,0.641928152923584,nan,0.0,0.7754999995231628,0.6796907373428345,nan,0.0,60000,1,False,,,25,-0.6923942116928101,5ac2f1a8cd80452a8229e7d5310f2ccd,2019-06-06_07-26-27,1559831187,41.748565912246704,1056.8285820484161,7866,steropes,169.229.49.254,"{'starting_lr': 0.005, 'momentum': 0.9, 'weight_decay': 0.005, 'steps_per_iteration': None, 'pin': False, 'model_creator': None, 'target_batch_size': 128, 'model_string': 'resnet50', 'min_batch_size': 128, 'dataset': 'CIFAR', 'placement': None, 'use_nccl': True, 'devices_per_worker': 1, 'primary_resource': 'extra_gpu', 'gpu': False, 'verbose': False, 'lr_config': {'mode': 'log', 'steps': 5, 'initial_lr': 0.005, 'target_lr': 0.005}, 'batch_per_device': 128}",1056.8285820484161,0,25,1425.9650969352988,1,10.24509572982788
0.021567296981811524,0.032137837591050544,0.0007208824157714844,0.001776383660943307,0.03003108501434326,nan,0.0,0.04985806941986084,0.7696799874305725,0.6851867427253724,-0.7692999839782715,nan,0.0,nan,0.0,nan,0.0,0.7833200097084045,0.6368192321777344,nan,0.0,0.7692999839782715,0.6912688547134399,nan,0.0,60000,1,False,,,26,-0.6851867427253724,5ac2f1a8cd80452a8229e7d5310f2ccd,2019-06-06_07-27-09,1559831229,42.00170350074768,1098.8302855491638,7866,steropes,169.229.49.254,"{'starting_lr': 0.005, 'momentum': 0.9, 'weight_decay': 0.005, 'steps_per_iteration': None, 'pin': False, 'model_creator': None, 'target_batch_size': 128, 'model_string': 'resnet50', 'min_batch_size': 128, 'dataset': 'CIFAR', 'placement': None, 'use_nccl': True, 'devices_per_worker': 1, 'primary_resource': 'extra_gpu', 'gpu': False, 'verbose': False, 'lr_config': {'mode': 'log', 'steps': 5, 'initial_lr': 0.005, 'target_lr': 0.005}, 'batch_per_device': 128}",1098.8302855491638,0,26,1424.917430762797,1,10.24509572982788
0.01939229965209961,0.03198177301431004,0.0006874799728393555,0.0018189916830233601,0.029161834716796876,nan,0.0,0.05001113414764404,0.7645599842071533,0.7019909855270385,-0.7374999523162842,nan,0.0,nan,0.0,nan,0.0,0.7863999605178833,0.634477722568512,nan,0.0,0.7374999523162842,0.7790776490211487,nan,0.0,60000,1,False,,,27,-0.7019909855270385,5ac2f1a8cd80452a8229e7d5310f2ccd,2019-06-06_07-27-51,1559831271,42.553083658218384,1141.3833692073822,7866,steropes,169.229.49.254,"{'starting_lr': 0.005, 'momentum': 0.9, 'weight_decay': 0.005, 'steps_per_iteration': None, 'pin': False, 'model_creator': None, 'target_batch_size': 128, 'model_string': 'resnet50', 'min_batch_size': 128, 'dataset': 'CIFAR', 'placement': None, 'use_nccl': True, 'devices_per_worker': 1, 'primary_resource': 'extra_gpu', 'gpu': False, 'verbose': False, 'lr_config': {'mode': 'log', 'steps': 5, 'initial_lr': 0.005, 'target_lr': 0.005}, 'batch_per_device': 128}",1141.3833692073822,0,27,1420.9447168969753,1,10.24509572982788
0.019311356544494628,0.03232488149329077,0.0006940603256225586,0.0017926101489445132,0.028597402572631835,nan,0.0,0.04916701316833496,0.7628599882125855,0.7103141481781006,-0.763700008392334,nan,0.0,nan,0.0,nan,0.0,0.7882399559020996,0.6279794412612915,nan,0.0,0.763700008392334,0.7005526096343994,nan,0.0,60000,1,False,,,28,-0.7103141481781006,5ac2f1a8cd80452a8229e7d5310f2ccd,2019-06-06_07-28-33,1559831313,41.86496376991272,1183.248332977295,7866,steropes,169.229.49.254,"{'starting_lr': 0.005, 'momentum': 0.9, 'weight_decay': 0.005, 'steps_per_iteration': None, 'pin': False, 'model_creator': None, 'target_batch_size': 128, 'model_string': 'resnet50', 'min_batch_size': 128, 'dataset': 'CIFAR', 'placement': None, 'use_nccl': True, 'devices_per_worker': 1, 'primary_resource': 'extra_gpu', 'gpu': False, 'verbose': False, 'lr_config': {'mode': 'log', 'steps': 5, 'initial_lr': 0.005, 'target_lr': 0.005}, 'batch_per_device': 128}",1183.248332977295,0,28,1427.2205947972482,1,10.24509572982788
0.018787527084350587,0.032161990298500545,0.0007712125778198242,0.0018395145835778902,0.02859189510345459,nan,0.0,0.048848199844360354,0.7657599806785583,0.7003089388847352,-0.7827999591827393,nan,0.0,nan,0.0,nan,0.0,0.7922799587249756,0.6157524291992188,nan,0.0,0.7827999591827393,0.6509548437118531,nan,0.0,60000,1,False,,,29,-0.7003089388847352,5ac2f1a8cd80452a8229e7d5310f2ccd,2019-06-06_07-29-15,1559831355,41.78306531906128,1225.0313982963562,7866,steropes,169.229.49.254,"{'starting_lr': 0.005, 'momentum': 0.9, 'weight_decay': 0.005, 'steps_per_iteration': None, 'pin': False, 'model_creator': None, 'target_batch_size': 128, 'model_string': 'resnet50', 'min_batch_size': 128, 'dataset': 'CIFAR', 'placement': None, 'use_nccl': True, 'devices_per_worker': 1, 'primary_resource': 'extra_gpu', 'gpu': False, 'verbose': False, 'lr_config': {'mode': 'log', 'steps': 5, 'initial_lr': 0.005, 'target_lr': 0.005}, 'batch_per_device': 128}",1225.0313982963562,0,29,1428.8991898166694,1,10.24509572982788
0.018578767776489258,0.03148786629302592,0.0006883382797241211,0.0018225350343357876,0.027925753593444826,nan,0.0,0.04858055114746094,0.7646399736404419,0.7057130028915406,-0.7698999643325806,nan,0.0,nan,0.0,nan,0.0,0.7918999791145325,0.619143303642273,nan,0.0,0.7698999643325806,0.7067110573768616,nan,0.0,60000,1,False,,,30,-0.7057130028915406,5ac2f1a8cd80452a8229e7d5310f2ccd,2019-06-06_07-29-57,1559831397,42.014851570129395,1267.0462498664856,7866,steropes,169.229.49.254,"{'starting_lr': 0.005, 'momentum': 0.9, 'weight_decay': 0.005, 'steps_per_iteration': None, 'pin': False, 'model_creator': None, 'target_batch_size': 128, 'model_string': 'resnet50', 'min_batch_size': 128, 'dataset': 'CIFAR', 'placement': None, 'use_nccl': True, 'devices_per_worker': 1, 'primary_resource': 'extra_gpu', 'gpu': False, 'verbose': False, 'lr_config': {'mode': 'log', 'steps': 5, 'initial_lr': 0.005, 'target_lr': 0.005}, 'batch_per_device': 128}",1267.0462498664856,0,30,1427.0895933509423,1,10.24509572982788
0.01844792366027832,0.033439286147491844,0.0007126808166503906,0.001803548134806211,0.02815377712249756,nan,0.0,0.04864299297332764,0.7681199669837951,0.6948497368621827,-0.7866999506950378,nan,0.0,nan,0.0,nan,0.0,0.7949199676513672,0.606896679573059,nan,0.0,0.7866999506950378,0.6369525245666504,nan,0.0,60000,1,False,,,31,-0.6948497368621827,5ac2f1a8cd80452a8229e7d5310f2ccd,2019-06-06_07-30-39,1559831439,42.012184143066406,1309.058434009552,7866,steropes,169.229.49.254,"{'starting_lr': 0.005, 'momentum': 0.9, 'weight_decay': 0.005, 'steps_per_iteration': None, 'pin': False, 'model_creator': None, 'target_batch_size': 128, 'model_string': 'resnet50', 'min_batch_size': 128, 'dataset': 'CIFAR', 'placement': None, 'use_nccl': True, 'devices_per_worker': 1, 'primary_resource': 'extra_gpu', 'gpu': False, 'verbose': False, 'lr_config': {'mode': 'log', 'steps': 5, 'initial_lr': 0.005, 'target_lr': 0.005}, 'batch_per_device': 128}",1309.058434009552,0,31,1427.0184721206358,1,10.24509572982788
0.01864490509033203,0.03194983699653722,0.0007113933563232422,0.0018068646530970893,0.027897143363952638,nan,0.0,0.0484581470489502,0.7774199724197388,0.6676336705970763,-0.7839999794960022,nan,0.0,nan,0.0,nan,0.0,0.7993599772453308,0.5978004427337646,nan,0.0,0.7839999794960022,0.6429973176956176,nan,0.0,60000,1,False,,,32,-0.6676336705970763,5ac2f1a8cd80452a8229e7d5310f2ccd,2019-06-06_07-31-21,1559831481,41.7322895526886,1350.7907235622406,7866,steropes,169.229.49.254,"{'starting_lr': 0.005, 'momentum': 0.9, 'weight_decay': 0.005, 'steps_per_iteration': None, 'pin': False, 'model_creator': None, 'target_batch_size': 128, 'model_string': 'resnet50', 'min_batch_size': 128, 'dataset': 'CIFAR', 'placement': None, 'use_nccl': True, 'devices_per_worker': 1, 'primary_resource': 'extra_gpu', 'gpu': False, 'verbose': False, 'lr_config': {'mode': 'log', 'steps': 5, 'initial_lr': 0.005, 'target_lr': 0.005}, 'batch_per_device': 128}",1350.7907235622406,0,32,1432.6117795444825,1,10.24509572982788
0.018714165687561034,0.03205896329276169,0.0007297277450561523,0.001834375474154187,0.02808220386505127,nan,0.0,0.04896965026855469,0.7813599705696106,0.657279631843567,-0.7833999991416931,nan,0.0,nan,0.0,nan,0.0,0.7996399998664856,0.5945170301246643,nan,0.0,0.7833999991416931,0.6487824158668518,nan,0.0,60000,1,False,,,33,-0.657279631843567,5ac2f1a8cd80452a8229e7d5310f2ccd,2019-06-06_07-32-02,1559831522,41.79322814941406,1392.5839517116547,7866,steropes,169.229.49.254,"{'starting_lr': 0.005, 'momentum': 0.9, 'weight_decay': 0.005, 'steps_per_iteration': None, 'pin': False, 'model_creator': None, 'target_batch_size': 128, 'model_string': 'resnet50', 'min_batch_size': 128, 'dataset': 'CIFAR', 'placement': None, 'use_nccl': True, 'devices_per_worker': 1, 'primary_resource': 'extra_gpu', 'gpu': False, 'verbose': False, 'lr_config': {'mode': 'log', 'steps': 5, 'initial_lr': 0.005, 'target_lr': 0.005}, 'batch_per_device': 128}",1392.5839517116547,0,33,1433.1027044979483,1,10.24509572982788
0.02100985050201416,0.03156307980984072,0.0008376598358154297,0.001778344059234385,0.02919890880584717,nan,0.0,0.04895198345184326,0.7822799801826477,0.6523051727676391,-0.7874000072479248,nan,0.0,nan,0.0,nan,0.0,0.8004199862480164,0.5926075934505463,nan,0.0,0.7874000072479248,0.6260825483322143,nan,0.0,60000,1,False,,,34,-0.6523051727676391,5ac2f1a8cd80452a8229e7d5310f2ccd,2019-06-06_07-32-44,1559831564,41.779266357421875,1434.3632180690765,7866,steropes,169.229.49.254,"{'starting_lr': 0.005, 'momentum': 0.9, 'weight_decay': 0.005, 'steps_per_iteration': None, 'pin': False, 'model_creator': None, 'target_batch_size': 128, 'model_string': 'resnet50', 'min_batch_size': 128, 'dataset': 'CIFAR', 'placement': None, 'use_nccl': True, 'devices_per_worker': 1, 'primary_resource': 'extra_gpu', 'gpu': False, 'verbose': False, 'lr_config': {'mode': 'log', 'steps': 5, 'initial_lr': 0.005, 'target_lr': 0.005}, 'batch_per_device': 128}",1434.3632180690765,0,34,1433.1287222441783,1,10.24509572982788
0.0192842960357666,0.03175044361549088,0.0008032321929931641,0.0017494484591667,0.028514909744262695,nan,0.0,0.04857466220855713,0.7811799883842468,0.6531972457885743,-0.7644000053405762,nan,0.0,nan,0.0,nan,0.0,0.8012399673461914,0.5910698860073089,nan,0.0,0.7644000053405762,0.7111714224815369,nan,0.0,60000,1,False,,,35,-0.6531972457885743,5ac2f1a8cd80452a8229e7d5310f2ccd,2019-06-06_07-33-25,1559831605,41.23629188537598,1475.5995099544525,7866,steropes,169.229.49.254,"{'starting_lr': 0.005, 'momentum': 0.9, 'weight_decay': 0.005, 'steps_per_iteration': None, 'pin': False, 'model_creator': None, 'target_batch_size': 128, 'model_string': 'resnet50', 'min_batch_size': 128, 'dataset': 'CIFAR', 'placement': None, 'use_nccl': True, 'devices_per_worker': 1, 'primary_resource': 'extra_gpu', 'gpu': False, 'verbose': False, 'lr_config': {'mode': 'log', 'steps': 5, 'initial_lr': 0.005, 'target_lr': 0.005}, 'batch_per_device': 128}",1475.5995099544525,0,35,1438.4787263267492,1,10.24509572982788
0.018297696113586427,0.033265279818184765,0.0007226943969726562,0.001745401440983843,0.027594709396362306,nan,0.0,0.0493602991104126,0.7754199981689454,0.6736076428031922,-0.7578999996185303,nan,0.0,nan,0.0,nan,0.0,0.8055599927902222,0.5788625210952759,nan,0.0,0.7578999996185303,0.73900450963974,nan,0.0,60000,1,False,,,36,-0.6736076428031922,5ac2f1a8cd80452a8229e7d5310f2ccd,2019-06-06_07-34-07,1559831647,41.71821331977844,1517.317723274231,7866,steropes,169.229.49.254,"{'starting_lr': 0.005, 'momentum': 0.9, 'weight_decay': 0.005, 'steps_per_iteration': None, 'pin': False, 'model_creator': None, 'target_batch_size': 128, 'model_string': 'resnet50', 'min_batch_size': 128, 'dataset': 'CIFAR', 'placement': None, 'use_nccl': True, 'devices_per_worker': 1, 'primary_resource': 'extra_gpu', 'gpu': False, 'verbose': False, 'lr_config': {'mode': 'log', 'steps': 5, 'initial_lr': 0.005, 'target_lr': 0.005}, 'batch_per_device': 128}",1517.317723274231,0,36,1440.5092139405303,1,10.24509572982788
0.024392342567443846,0.03174763993371891,0.0007403612136840821,0.001821617945990599,0.03189640045166016,nan,0.0,0.05006453990936279,0.7725600004196167,0.6862554559326173,-0.7696999907493591,nan,0.0,nan,0.0,nan,0.0,0.8082000017166138,0.5731505680465698,nan,0.0,0.7696999907493591,0.706236383342743,nan,0.0,60000,1,False,,,37,-0.6862554559326173,5ac2f1a8cd80452a8229e7d5310f2ccd,2019-06-06_07-34-49,1559831689,41.74844431877136,1559.0661675930023,7866,steropes,169.229.49.254,"{'starting_lr': 0.005, 'momentum': 0.9, 'weight_decay': 0.005, 'steps_per_iteration': None, 'pin': False, 'model_creator': None, 'target_batch_size': 128, 'model_string': 'resnet50', 'min_batch_size': 128, 'dataset': 'CIFAR', 'placement': None, 'use_nccl': True, 'devices_per_worker': 1, 'primary_resource': 'extra_gpu', 'gpu': False, 'verbose': False, 'lr_config': {'mode': 'log', 'steps': 5, 'initial_lr': 0.005, 'target_lr': 0.005}, 'batch_per_device': 128}",1559.0661675930023,0,37,1440.3974620923555,1,10.24509572982788
0.018615865707397462,0.0321863150294823,0.0006924152374267578,0.0017272377258066632,0.02833404541015625,nan,0.0,0.05193488597869873,0.7727199912071228,0.6843422484588624,-0.7841999530792236,nan,0.0,nan,0.0,nan,0.0,0.80867999792099,0.5698949555587769,nan,0.0,0.7841999530792236,0.6392163784980774,nan,0.0,60000,1,False,,,38,-0.6843422484588624,5ac2f1a8cd80452a8229e7d5310f2ccd,2019-06-06_07-35-32,1559831732,42.66434121131897,1601.7305088043213,7866,steropes,169.229.49.254,"{'starting_lr': 0.005, 'momentum': 0.9, 'weight_decay': 0.005, 'steps_per_iteration': None, 'pin': False, 'model_creator': None, 'target_batch_size': 128, 'model_string': 'resnet50', 'min_batch_size': 128, 'dataset': 'CIFAR', 'placement': None, 'use_nccl': True, 'devices_per_worker': 1, 'primary_resource': 'extra_gpu', 'gpu': False, 'verbose': False, 'lr_config': {'mode': 'log', 'steps': 5, 'initial_lr': 0.005, 'target_lr': 0.005}, 'batch_per_device': 128}",1601.7305088043213,0,38,1434.3980410310726,1,10.24509572982788
0.018586277961730957,0.032930920395670055,0.0007193326950073242,0.0017004506972134875,0.027990221977233887,nan,0.0,0.048846864700317384,0.7718399882316589,0.6902765436363221,-0.7829999923706055,nan,0.0,nan,0.0,nan,0.0,0.8094399571418762,0.5658416243553162,nan,0.0,0.7829999923706055,0.6557540242195129,nan,0.0,60000,1,False,,,39,-0.6902765436363221,5ac2f1a8cd80452a8229e7d5310f2ccd,2019-06-06_07-36-13,1559831773,41.54910659790039,1643.2796154022217,7866,steropes,169.229.49.254,"{'starting_lr': 0.005, 'momentum': 0.9, 'weight_decay': 0.005, 'steps_per_iteration': None, 'pin': False, 'model_creator': None, 'target_batch_size': 128, 'model_string': 'resnet50', 'min_batch_size': 128, 'dataset': 'CIFAR', 'placement': None, 'use_nccl': True, 'devices_per_worker': 1, 'primary_resource': 'extra_gpu', 'gpu': False, 'verbose': False, 'lr_config': {'mode': 'log', 'steps': 5, 'initial_lr': 0.005, 'target_lr': 0.005}, 'batch_per_device': 128}",1643.2796154022217,0,39,1435.978274276213,1,10.24509572982788
0.020837783813476562,0.031914137586762634,0.0007227420806884766,0.0016561542325617407,0.029431796073913573,nan,0.0,0.04898567199707031,0.7766199827194213,0.6765748921012879,-0.7882999777793884,nan,0.0,nan,0.0,nan,0.0,0.8126599788665771,0.558242696685791,nan,0.0,0.7882999777793884,0.642663164806366,nan,0.0,60000,1,False,,,40,-0.6765748921012879,5ac2f1a8cd80452a8229e7d5310f2ccd,2019-06-06_07-36-54,1559831814,41.05264210700989,1684.3322575092316,7866,steropes,169.229.49.254,"{'starting_lr': 0.005, 'momentum': 0.9, 'weight_decay': 0.005, 'steps_per_iteration': None, 'pin': False, 'model_creator': None, 'target_batch_size': 128, 'model_string': 'resnet50', 'min_batch_size': 128, 'dataset': 'CIFAR', 'placement': None, 'use_nccl': True, 'devices_per_worker': 1, 'primary_resource': 'extra_gpu', 'gpu': False, 'verbose': False, 'lr_config': {'mode': 'log', 'steps': 5, 'initial_lr': 0.005, 'target_lr': 0.005}, 'batch_per_device': 128}",1684.3322575092316,0,40,1437.2416948899559,1,10.24509572982788
0.018386125564575195,0.03176027611841129,0.0006897687911987304,0.0016672763678119006,0.027731680870056154,nan,0.0,0.04753377437591553,0.78329998254776,0.650204711675644,-0.7912999987602234,nan,0.0,nan,0.0,nan,0.0,0.8136399984359741,0.554403377456665,nan,0.0,0.7912999987602234,0.6071536075115204,nan,0.0,60000,1,False,,,41,-0.650204711675644,5ac2f1a8cd80452a8229e7d5310f2ccd,2019-06-06_07-37-35,1559831855,40.98182725906372,1725.3140847682953,7866,steropes,169.229.49.254,"{'starting_lr': 0.005, 'momentum': 0.9, 'weight_decay': 0.005, 'steps_per_iteration': None, 'pin': False, 'model_creator': None, 'target_batch_size': 128, 'model_string': 'resnet50', 'min_batch_size': 128, 'dataset': 'CIFAR', 'placement': None, 'use_nccl': True, 'devices_per_worker': 1, 'primary_resource': 'extra_gpu', 'gpu': False, 'verbose': False, 'lr_config': {'mode': 'log', 'steps': 5, 'initial_lr': 0.005, 'target_lr': 0.005}, 'batch_per_device': 128}",1725.3140847682953,0,41,1442.330029516299,1,10.24509572982788
0.018879032135009764,0.03164639050447488,0.000771474838256836,0.0016541663947922493,0.029128479957580566,nan,0.0,0.053171420097351076,0.7858599781990051,0.6392375284290314,-0.7824999690055847,nan,0.0,nan,0.0,nan,0.0,0.8159199953079224,0.5517752338790893,nan,0.0,0.7824999690055847,0.6514004671096801,nan,0.0,60000,1,False,,,42,-0.6392375284290314,5ac2f1a8cd80452a8229e7d5310f2ccd,2019-06-06_07-38-18,1559831898,42.81351971626282,1768.127604484558,7866,steropes,169.229.49.254,"{'starting_lr': 0.005, 'momentum': 0.9, 'weight_decay': 0.005, 'steps_per_iteration': None, 'pin': False, 'model_creator': None, 'target_batch_size': 128, 'model_string': 'resnet50', 'min_batch_size': 128, 'dataset': 'CIFAR', 'placement': None, 'use_nccl': True, 'devices_per_worker': 1, 'primary_resource': 'extra_gpu', 'gpu': False, 'verbose': False, 'lr_config': {'mode': 'log', 'steps': 5, 'initial_lr': 0.005, 'target_lr': 0.005}, 'batch_per_device': 128}",1768.127604484558,0,42,1434.9820149696734,1,10.24509572982788
0.01813669204711914,0.03181931036937086,0.0006876468658447265,0.0016770332365694557,0.0275590181350708,nan,0.0,0.048098206520080566,0.7886599779129029,0.6311632515621184,-0.7981999516487122,nan,0.0,nan,0.0,nan,0.0,0.8126199841499329,0.5559474650382996,nan,0.0,0.7981999516487122,0.5988449941635132,nan,0.0,60000,1,False,,,43,-0.6311632515621184,5ac2f1a8cd80452a8229e7d5310f2ccd,2019-06-06_07-38-59,1559831939,40.91400742530823,1809.0416119098663,7866,steropes,169.229.49.254,"{'starting_lr': 0.005, 'momentum': 0.9, 'weight_decay': 0.005, 'steps_per_iteration': None, 'pin': False, 'model_creator': None, 'target_batch_size': 128, 'model_string': 'resnet50', 'min_batch_size': 128, 'dataset': 'CIFAR', 'placement': None, 'use_nccl': True, 'devices_per_worker': 1, 'primary_resource': 'extra_gpu', 'gpu': False, 'verbose': False, 'lr_config': {'mode': 'log', 'steps': 5, 'initial_lr': 0.005, 'target_lr': 0.005}, 'batch_per_device': 128}",1809.0416119098663,0,43,1447.097614575787,1,10.24509572982788
0.018607902526855468,0.03376552424853361,0.0006937742233276367,0.0016440064705851134,0.02841334342956543,nan,0.0,0.04946143627166748,0.787499976158142,0.634590115556717,-0.7771999835968018,nan,0.0,nan,0.0,nan,0.0,0.8167999982833862,0.5480621002388001,nan,0.0,0.7771999835968018,0.6728883441925049,nan,0.0,60000,1,False,,,44,-0.634590115556717,5ac2f1a8cd80452a8229e7d5310f2ccd,2019-06-06_07-39-41,1559831981,41.9279043674469,1850.9695162773132,7866,steropes,169.229.49.254,"{'starting_lr': 0.005, 'momentum': 0.9, 'weight_decay': 0.005, 'steps_per_iteration': None, 'pin': False, 'model_creator': None, 'target_batch_size': 128, 'model_string': 'resnet50', 'min_batch_size': 128, 'dataset': 'CIFAR', 'placement': None, 'use_nccl': True, 'devices_per_worker': 1, 'primary_resource': 'extra_gpu', 'gpu': False, 'verbose': False, 'lr_config': {'mode': 'log', 'steps': 5, 'initial_lr': 0.005, 'target_lr': 0.005}, 'batch_per_device': 128}",1850.9695162773132,0,44,1444.458301504442,1,10.24509572982788
0.01910531520843506,0.032569420488574835,0.0007070541381835937,0.0016470101788220808,0.028284835815429687,nan,0.0,0.04812333583831787,0.7878999710083008,0.6319123346233367,-0.7902999520301819,nan,0.0,nan,0.0,nan,0.0,0.8175999522209167,0.5437058305549621,nan,0.0,0.7902999520301819,0.6292742601394653,nan,0.0,60000,1,False,,,45,-0.6319123346233367,5ac2f1a8cd80452a8229e7d5310f2ccd,2019-06-06_07-40-22,1559832022,41.54952120780945,1892.5190374851227,7866,steropes,169.229.49.254,"{'starting_lr': 0.005, 'momentum': 0.9, 'weight_decay': 0.005, 'steps_per_iteration': None, 'pin': False, 'model_creator': None, 'target_batch_size': 128, 'model_string': 'resnet50', 'min_batch_size': 128, 'dataset': 'CIFAR', 'placement': None, 'use_nccl': True, 'devices_per_worker': 1, 'primary_resource': 'extra_gpu', 'gpu': False, 'verbose': False, 'lr_config': {'mode': 'log', 'steps': 5, 'initial_lr': 0.005, 'target_lr': 0.005}, 'batch_per_device': 128}",1892.5190374851227,0,45,1441.010828330173,1,10.24509572982788
0.018445825576782225,0.03160312809521639,0.0006918191909790039,0.0016615470047192196,0.02818739414215088,nan,0.0,0.049158883094787595,0.7858399629592896,0.6431955067062378,-0.7809999585151672,nan,0.0,nan,0.0,nan,0.0,0.8208799958229065,0.5379220505142212,nan,0.0,0.7809999585151672,0.6635694679260253,nan,0.0,60000,1,False,,,46,-0.6431955067062378,5ac2f1a8cd80452a8229e7d5310f2ccd,2019-06-06_07-41-04,1559832064,42.05826425552368,1934.5773017406464,7866,steropes,169.229.49.254,"{'starting_lr': 0.005, 'momentum': 0.9, 'weight_decay': 0.005, 'steps_per_iteration': None, 'pin': False, 'model_creator': None, 'target_batch_size': 128, 'model_string': 'resnet50', 'min_batch_size': 128, 'dataset': 'CIFAR', 'placement': None, 'use_nccl': True, 'devices_per_worker': 1, 'primary_resource': 'extra_gpu', 'gpu': False, 'verbose': False, 'lr_config': {'mode': 'log', 'steps': 5, 'initial_lr': 0.005, 'target_lr': 0.005}, 'batch_per_device': 128}",1934.5773017406464,0,46,1433.5983956017956,1,10.24509572982788
0.01817338466644287,0.03144910969311678,0.000687718391418457,0.0016531005234974425,0.02715744972229004,nan,0.0,0.048179793357849124,0.7902999639511108,0.6312319289970397,-0.8047999739646912,nan,0.0,nan,0.0,nan,0.0,0.8179399967193604,0.5455796908378601,nan,0.0,0.8047999739646912,0.5915825785636902,nan,0.0,60000,1,False,,,47,-0.6312319289970397,5ac2f1a8cd80452a8229e7d5310f2ccd,2019-06-06_07-41-45,1559832105,40.91775703430176,1975.4950587749481,7866,steropes,169.229.49.254,"{'starting_lr': 0.005, 'momentum': 0.9, 'weight_decay': 0.005, 'steps_per_iteration': None, 'pin': False, 'model_creator': None, 'target_batch_size': 128, 'model_string': 'resnet50', 'min_batch_size': 128, 'dataset': 'CIFAR', 'placement': None, 'use_nccl': True, 'devices_per_worker': 1, 'primary_resource': 'extra_gpu', 'gpu': False, 'verbose': False, 'lr_config': {'mode': 'log', 'steps': 5, 'initial_lr': 0.005, 'target_lr': 0.005}, 'batch_per_device': 128}",1975.4950587749481,0,47,1446.7043796611142,1,10.24509572982788
0.018278288841247558,0.031471524057509026,0.0006859540939331054,0.0016676275931355898,0.027887392044067382,nan,0.0,0.05063207149505615,0.7879799723625183,0.6392088061904907,-0.7865999937057495,nan,0.0,nan,0.0,nan,0.0,0.8218199610710144,0.5376306085777283,nan,0.0,0.7865999937057495,0.6387293801307679,nan,0.0,60000,1,False,,,48,-0.6392088061904907,5ac2f1a8cd80452a8229e7d5310f2ccd,2019-06-06_07-42-27,1559832147,41.584144592285156,2017.0792033672333,7866,steropes,169.229.49.254,"{'starting_lr': 0.005, 'momentum': 0.9, 'weight_decay': 0.005, 'steps_per_iteration': None, 'pin': False, 'model_creator': None, 'target_batch_size': 128, 'model_string': 'resnet50', 'min_batch_size': 128, 'dataset': 'CIFAR', 'placement': None, 'use_nccl': True, 'devices_per_worker': 1, 'primary_resource': 'extra_gpu', 'gpu': False, 'verbose': False, 'lr_config': {'mode': 'log', 'steps': 5, 'initial_lr': 0.005, 'target_lr': 0.005}, 'batch_per_device': 128}",2017.0792033672333,0,48,1442.0442758822242,1,10.24509572982788
0.01862940788269043,0.031467534318754944,0.0006859064102172852,0.0016156114885569229,0.02762019634246826,nan,0.0,0.04816467761993408,0.7888399720191955,0.6362486010932922,-0.781499981880188,nan,0.0,nan,0.0,nan,0.0,0.8229799866676331,0.5309062015914917,nan,0.0,0.781499981880188,0.6580873187065125,nan,0.0,60000,1,False,,,49,-0.6362486010932922,5ac2f1a8cd80452a8229e7d5310f2ccd,2019-06-06_07-43-08,1559832188,41.053739070892334,2058.1329424381256,7866,steropes,169.229.49.254,"{'starting_lr': 0.005, 'momentum': 0.9, 'weight_decay': 0.005, 'steps_per_iteration': None, 'pin': False, 'model_creator': None, 'target_batch_size': 128, 'model_string': 'resnet50', 'min_batch_size': 128, 'dataset': 'CIFAR', 'placement': None, 'use_nccl': True, 'devices_per_worker': 1, 'primary_resource': 'extra_gpu', 'gpu': False, 'verbose': False, 'lr_config': {'mode': 'log', 'steps': 5, 'initial_lr': 0.005, 'target_lr': 0.005}, 'batch_per_device': 128}",2058.1329424381256,0,49,1448.1292745194132,1,10.24509572982788
0.01863539218902588,0.03181199182437945,0.0007018089294433594,0.0016551670211050517,0.028580641746520995,nan,0.0,0.04958090782165527,0.7727399826049804,0.6904376720809936,-0.7098000049591064,nan,0.0,nan,0.0,nan,0.0,0.8206200003623962,0.5346613151168823,nan,0.0,0.7098000049591064,0.9002196150779724,nan,0.0,60000,1,False,,,50,-0.6904376720809936,5ac2f1a8cd80452a8229e7d5310f2ccd,2019-06-06_07-43-50,1559832230,42.2076461315155,2100.340588569641,7866,steropes,169.229.49.254,"{'starting_lr': 0.005, 'momentum': 0.9, 'weight_decay': 0.005, 'steps_per_iteration': None, 'pin': False, 'model_creator': None, 'target_batch_size': 128, 'model_string': 'resnet50', 'min_batch_size': 128, 'dataset': 'CIFAR', 'placement': None, 'use_nccl': True, 'devices_per_worker': 1, 'primary_resource': 'extra_gpu', 'gpu': False, 'verbose': False, 'lr_config': {'mode': 'log', 'steps': 5, 'initial_lr': 0.005, 'target_lr': 0.005}, 'batch_per_device': 128}",2100.340588569641,0,50,1443.543377950715,1,10.24509572982788
0.022982335090637206,0.03303160244905496,0.000706934928894043,0.0016815034324860634,0.03081820011138916,nan,0.0,0.04953310489654541,0.7711599826812744,0.6932284710121155,-0.773099958896637,nan,0.0,nan,0.0,nan,0.0,0.8243399858474731,0.5223113828468323,nan,0.0,0.773099958896637,0.6775234625816345,nan,0.0,60000,1,False,,,51,-0.6932284710121155,5ac2f1a8cd80452a8229e7d5310f2ccd,2019-06-06_07-44-32,1559832272,41.50302290916443,2141.8436114788055,7866,steropes,169.229.49.254,"{'starting_lr': 0.005, 'momentum': 0.9, 'weight_decay': 0.005, 'steps_per_iteration': None, 'pin': False, 'model_creator': None, 'target_batch_size': 128, 'model_string': 'resnet50', 'min_batch_size': 128, 'dataset': 'CIFAR', 'placement': None, 'use_nccl': True, 'devices_per_worker': 1, 'primary_resource': 'extra_gpu', 'gpu': False, 'verbose': False, 'lr_config': {'mode': 'log', 'steps': 5, 'initial_lr': 0.005, 'target_lr': 0.005}, 'batch_per_device': 128}",2141.8436114788055,0,51,1447.4104317687147,1,10.24509572982788
0.01855783462524414,0.03143450881861433,0.0007196903228759765,0.0016518194047386383,0.027846431732177733,nan,0.0,0.04822731018066406,0.7674999833106995,0.7015422253417969,-0.7864999771118164,nan,0.0,nan,0.0,nan,0.0,0.8238599896430969,0.5278239129447937,nan,0.0,0.7864999771118164,0.6331513502120971,nan,0.0,60000,1,False,,,52,-0.7015422253417969,5ac2f1a8cd80452a8229e7d5310f2ccd,2019-06-06_07-45-13,1559832313,41.56995677947998,2183.4135682582855,7866,steropes,169.229.49.254,"{'starting_lr': 0.005, 'momentum': 0.9, 'weight_decay': 0.005, 'steps_per_iteration': None, 'pin': False, 'model_creator': None, 'target_batch_size': 128, 'model_string': 'resnet50', 'min_batch_size': 128, 'dataset': 'CIFAR', 'placement': None, 'use_nccl': True, 'devices_per_worker': 1, 'primary_resource': 'extra_gpu', 'gpu': False, 'verbose': False, 'lr_config': {'mode': 'log', 'steps': 5, 'initial_lr': 0.005, 'target_lr': 0.005}, 'batch_per_device': 128}",2183.4135682582855,0,52,1442.870127288409,1,10.24509572982788
0.018450450897216798,0.032225750669648376,0.0006822586059570312,0.0016631214210139516,0.02729196548461914,nan,0.0,0.04783782958984375,0.7675999760627746,0.705302111530304,-0.7870999574661255,nan,0.0,nan,0.0,nan,0.0,0.8246399760246277,0.526641659526825,nan,0.0,0.7870999574661255,0.6575288110733032,nan,0.0,60000,1,False,,,53,-0.705302111530304,5ac2f1a8cd80452a8229e7d5310f2ccd,2019-06-06_07-45-54,1559832354,41.050222873687744,2224.4637911319733,7866,steropes,169.229.49.254,"{'starting_lr': 0.005, 'momentum': 0.9, 'weight_decay': 0.005, 'steps_per_iteration': None, 'pin': False, 'model_creator': None, 'target_batch_size': 128, 'model_string': 'resnet50', 'min_batch_size': 128, 'dataset': 'CIFAR', 'placement': None, 'use_nccl': True, 'devices_per_worker': 1, 'primary_resource': 'extra_gpu', 'gpu': False, 'verbose': False, 'lr_config': {'mode': 'log', 'steps': 5, 'initial_lr': 0.005, 'target_lr': 0.005}, 'batch_per_device': 128}",2224.4637911319733,0,53,1446.5847894639478,1,10.24509572982788
0.018096017837524413,0.03314201741278926,0.0007020950317382813,0.001631547727853136,0.02725379467010498,nan,0.0,0.048201918601989746,0.7691199779510498,0.698761238861084,-0.7890999913215637,nan,0.0,nan,0.0,nan,0.0,0.8250399827957153,0.5238703979110718,nan,0.0,0.7890999913215637,0.6253829553604126,nan,0.0,60000,1,False,,,54,-0.698761238861084,5ac2f1a8cd80452a8229e7d5310f2ccd,2019-06-06_07-46-36,1559832396,41.56214189529419,2266.0259330272675,7866,steropes,169.229.49.254,"{'starting_lr': 0.005, 'momentum': 0.9, 'weight_decay': 0.005, 'steps_per_iteration': None, 'pin': False, 'model_creator': None, 'target_batch_size': 128, 'model_string': 'resnet50', 'min_batch_size': 128, 'dataset': 'CIFAR', 'placement': None, 'use_nccl': True, 'devices_per_worker': 1, 'primary_resource': 'extra_gpu', 'gpu': False, 'verbose': False, 'lr_config': {'mode': 'log', 'steps': 5, 'initial_lr': 0.005, 'target_lr': 0.005}, 'batch_per_device': 128}",2266.0259330272675,0,54,1443.0471600147023,1,10.24509572982788
0.01842021942138672,0.032312178913551044,0.000682830810546875,0.001632137371755927,0.027503442764282227,nan,0.0,0.04766292572021484,0.7881799697875976,0.6348209313011169,-0.8050999641418457,nan,0.0,nan,0.0,nan,0.0,0.8227599859237671,0.5242966366386413,nan,0.0,0.8050999641418457,0.5805180772781372,nan,0.0,60000,1,False,,,55,-0.6348209313011169,5ac2f1a8cd80452a8229e7d5310f2ccd,2019-06-06_07-47-18,1559832438,41.85362434387207,2307.8795573711395,7866,steropes,169.229.49.254,"{'starting_lr': 0.005, 'momentum': 0.9, 'weight_decay': 0.005, 'steps_per_iteration': None, 'pin': False, 'model_creator': None, 'target_batch_size': 128, 'model_string': 'resnet50', 'min_batch_size': 128, 'dataset': 'CIFAR', 'placement': None, 'use_nccl': True, 'devices_per_worker': 1, 'primary_resource': 'extra_gpu', 'gpu': False, 'verbose': False, 'lr_config': {'mode': 'log', 'steps': 5, 'initial_lr': 0.005, 'target_lr': 0.005}, 'batch_per_device': 128}",2307.8795573711395,0,55,1445.5087324065491,1,10.24509572982788
0.018512034416198732,0.0338442355771608,0.0006892204284667969,0.0016468254196674319,0.028138017654418944,nan,0.0,0.050476360321044925,0.7910399794578552,0.6277157979393004,-0.7874000072479248,nan,0.0,nan,0.0,nan,0.0,0.8258000016212463,0.5204258897590637,nan,0.0,0.7874000072479248,0.6419977957725524,nan,0.0,60000,1,False,,,56,-0.6277157979393004,5ac2f1a8cd80452a8229e7d5310f2ccd,2019-06-06_07-48-00,1559832480,42.40931177139282,2350.2888691425323,7866,steropes,169.229.49.254,"{'starting_lr': 0.005, 'momentum': 0.9, 'weight_decay': 0.005, 'steps_per_iteration': None, 'pin': False, 'model_creator': None, 'target_batch_size': 128, 'model_string': 'resnet50', 'min_batch_size': 128, 'dataset': 'CIFAR', 'placement': None, 'use_nccl': True, 'devices_per_worker': 1, 'primary_resource': 'extra_gpu', 'gpu': False, 'verbose': False, 'lr_config': {'mode': 'log', 'steps': 5, 'initial_lr': 0.005, 'target_lr': 0.005}, 'batch_per_device': 128}",2350.2888691425323,0,56,1439.2238971518905,1,10.24509572982788
0.01824772357940674,0.03458886508700214,0.0006825685501098633,0.0016438954931390865,0.027316832542419435,nan,0.0,0.051979470252990725,0.7939999818801879,0.6165778720664977,-0.8012999892234802,nan,0.0,nan,0.0,nan,0.0,0.8270399570465088,0.5176929595756531,nan,0.0,0.8012999892234802,0.5774617208480834,nan,0.0,60000,1,False,,,57,-0.6165778720664977,5ac2f1a8cd80452a8229e7d5310f2ccd,2019-06-06_07-48-41,1559832521,41.25803184509277,2391.546900987625,7866,steropes,169.229.49.254,"{'starting_lr': 0.005, 'momentum': 0.9, 'weight_decay': 0.005, 'steps_per_iteration': None, 'pin': False, 'model_creator': None, 'target_batch_size': 128, 'model_string': 'resnet50', 'min_batch_size': 128, 'dataset': 'CIFAR', 'placement': None, 'use_nccl': True, 'devices_per_worker': 1, 'primary_resource': 'extra_gpu', 'gpu': False, 'verbose': False, 'lr_config': {'mode': 'log', 'steps': 5, 'initial_lr': 0.005, 'target_lr': 0.005}, 'batch_per_device': 128}",2391.546900987625,0,57,1441.3802982451248,1,10.24509572982788
0.018418121337890624,0.031321145311186585,0.0006883144378662109,0.0016162560114165402,0.0282412052154541,nan,0.0,0.04783518314361572,0.7971999883651734,0.6023416890907287,-0.8030999898910522,nan,0.0,nan,0.0,nan,0.0,0.8290799856185913,0.5110107293128967,nan,0.0,0.8030999898910522,0.586347896194458,nan,0.0,60000,1,False,,,58,-0.6023416890907287,5ac2f1a8cd80452a8229e7d5310f2ccd,2019-06-06_07-49-22,1559832562,40.603867530822754,2432.150768518448,7866,steropes,169.229.49.254,"{'starting_lr': 0.005, 'momentum': 0.9, 'weight_decay': 0.005, 'steps_per_iteration': None, 'pin': False, 'model_creator': None, 'target_batch_size': 128, 'model_string': 'resnet50', 'min_batch_size': 128, 'dataset': 'CIFAR', 'placement': None, 'use_nccl': True, 'devices_per_worker': 1, 'primary_resource': 'extra_gpu', 'gpu': False, 'verbose': False, 'lr_config': {'mode': 'log', 'steps': 5, 'initial_lr': 0.005, 'target_lr': 0.005}, 'batch_per_device': 128}",2432.150768518448,0,58,1444.478098658535,1,10.24509572982788
0.018357610702514647,0.034959053691429424,0.0007079124450683593,0.0016730252434225643,0.027934765815734862,nan,0.0,0.048189401626586914,0.7989799857139588,0.6000598162269591,-0.7979999780654907,nan,0.0,nan,0.0,nan,0.0,0.8279599547386169,0.5154260091781616,nan,0.0,0.7979999780654907,0.6139735910415649,nan,0.0,60000,1,False,,,59,-0.6000598162269591,5ac2f1a8cd80452a8229e7d5310f2ccd,2019-06-06_07-50-04,1559832604,41.557976722717285,2473.708745241165,7866,steropes,169.229.49.254,"{'starting_lr': 0.005, 'momentum': 0.9, 'weight_decay': 0.005, 'steps_per_iteration': None, 'pin': False, 'model_creator': None, 'target_batch_size': 128, 'model_string': 'resnet50', 'min_batch_size': 128, 'dataset': 'CIFAR', 'placement': None, 'use_nccl': True, 'devices_per_worker': 1, 'primary_resource': 'extra_gpu', 'gpu': False, 'verbose': False, 'lr_config': {'mode': 'log', 'steps': 5, 'initial_lr': 0.005, 'target_lr': 0.005}, 'batch_per_device': 128}",2473.708745241165,0,59,1444.5070699087878,1,10.24509572982788
0.018277692794799804,0.033083544501775426,0.0006856441497802735,0.0016319757837163823,0.028181815147399904,nan,0.0,0.049808621406555176,0.7959999918937684,0.6132165774345397,-0.7901999950408936,nan,0.0,nan,0.0,nan,0.0,0.8290999531745911,0.5126760203552246,nan,0.0,0.7901999950408936,0.64630188331604,nan,0.0,60000,1,False,,,60,-0.6132165774345397,5ac2f1a8cd80452a8229e7d5310f2ccd,2019-06-06_07-50-46,1559832646,42.634610176086426,2516.3433554172516,7866,steropes,169.229.49.254,"{'starting_lr': 0.005, 'momentum': 0.9, 'weight_decay': 0.005, 'steps_per_iteration': None, 'pin': False, 'model_creator': None, 'target_batch_size': 128, 'model_string': 'resnet50', 'min_batch_size': 128, 'dataset': 'CIFAR', 'placement': None, 'use_nccl': True, 'devices_per_worker': 1, 'primary_resource': 'extra_gpu', 'gpu': False, 'verbose': False, 'lr_config': {'mode': 'log', 'steps': 5, 'initial_lr': 0.005, 'target_lr': 0.005}, 'batch_per_device': 128}",2516.3433554172516,0,60,1439.095375415512,1,10.24509572982788
0.01832592487335205,0.031325684318059606,0.0006939888000488282,0.0016308343014143922,0.027542948722839355,nan,0.0,0.0480844259262085,0.7990399837493897,0.602816185836792,-0.8025999665260315,nan,0.0,nan,0.0,nan,0.0,0.8281199932098389,0.5151737218379975,nan,0.0,0.8025999665260315,0.5899958377838135,nan,0.0,60000,1,False,,,61,-0.602816185836792,5ac2f1a8cd80452a8229e7d5310f2ccd,2019-06-06_07-51-27,1559832687,40.78375029563904,2557.1271057128906,7866,steropes,169.229.49.254,"{'starting_lr': 0.005, 'momentum': 0.9, 'weight_decay': 0.005, 'steps_per_iteration': None, 'pin': False, 'model_creator': None, 'target_batch_size': 128, 'model_string': 'resnet50', 'min_batch_size': 128, 'dataset': 'CIFAR', 'placement': None, 'use_nccl': True, 'devices_per_worker': 1, 'primary_resource': 'extra_gpu', 'gpu': False, 'verbose': False, 'lr_config': {'mode': 'log', 'steps': 5, 'initial_lr': 0.005, 'target_lr': 0.005}, 'batch_per_device': 128}",2557.1271057128906,0,61,1450.4053415052651,1,10.24509572982788
0.01856093406677246,0.03146233739732187,0.0006940603256225586,0.0016307836908208745,0.02811386585235596,nan,0.0,0.04965205192565918,0.8128399848937988,0.565773634815216,-0.8702999949455261,nan,0.0,nan,0.0,nan,0.0,0.884399950504303,0.3507567298793793,nan,0.0,0.8702999949455261,0.39224896574020385,nan,0.0,60000,1,False,,,62,-0.565773634815216,5ac2f1a8cd80452a8229e7d5310f2ccd,2019-06-06_07-52-09,1559832729,41.787410736083984,2598.9145164489746,7866,steropes,169.229.49.254,"{'starting_lr': 0.005, 'momentum': 0.9, 'weight_decay': 0.005, 'steps_per_iteration': None, 'pin': False, 'model_creator': None, 'target_batch_size': 128, 'model_string': 'resnet50', 'min_batch_size': 128, 'dataset': 'CIFAR', 'placement': None, 'use_nccl': True, 'devices_per_worker': 1, 'primary_resource': 'extra_gpu', 'gpu': False, 'verbose': False, 'lr_config': {'mode': 'log', 'steps': 5, 'initial_lr': 0.005, 'target_lr': 0.005}, 'batch_per_device': 128}",2598.9145164489746,0,62,1446.7033284372878,1,10.24509572982788
0.018259239196777344,0.03285104413575764,0.0006983041763305664,0.0016241524835376789,0.02776470184326172,nan,0.0,0.04859304428100586,0.8270999789237976,0.5250433868980406,-0.8743999600410461,nan,0.0,nan,0.0,nan,0.0,0.9006399512290955,0.2985594013786316,nan,0.0,0.8743999600410461,0.38269665660858154,nan,0.0,60000,1,False,,,63,-0.5250433868980406,5ac2f1a8cd80452a8229e7d5310f2ccd,2019-06-06_07-52-50,1559832770,41.132587909698486,2640.047104358673,7866,steropes,169.229.49.254,"{'starting_lr': 0.005, 'momentum': 0.9, 'weight_decay': 0.005, 'steps_per_iteration': None, 'pin': False, 'model_creator': None, 'target_batch_size': 128, 'model_string': 'resnet50', 'min_batch_size': 128, 'dataset': 'CIFAR', 'placement': None, 'use_nccl': True, 'devices_per_worker': 1, 'primary_resource': 'extra_gpu', 'gpu': False, 'verbose': False, 'lr_config': {'mode': 'log', 'steps': 5, 'initial_lr': 0.005, 'target_lr': 0.005}, 'batch_per_device': 128}",2640.047104358673,0,63,1443.0240790613088,1,10.24509572982788
0.024229216575622558,0.03156115435346772,0.0007091760635375977,0.0016397124970965373,0.031350445747375486,nan,0.0,0.04962890148162842,0.8426199793815613,0.47912725227355957,-0.8755999803543091,nan,0.0,nan,0.0,nan,0.0,0.9060399532318115,0.2825743560409546,nan,0.0,0.8755999803543091,0.3843929179191589,nan,0.0,60000,1,False,,,64,-0.47912725227355957,5ac2f1a8cd80452a8229e7d5310f2ccd,2019-06-06_07-53-31,1559832811,41.32466268539429,2681.3717670440674,7866,steropes,169.229.49.254,"{'starting_lr': 0.005, 'momentum': 0.9, 'weight_decay': 0.005, 'steps_per_iteration': None, 'pin': False, 'model_creator': None, 'target_batch_size': 128, 'model_string': 'resnet50', 'min_batch_size': 128, 'dataset': 'CIFAR', 'placement': None, 'use_nccl': True, 'devices_per_worker': 1, 'primary_resource': 'extra_gpu', 'gpu': False, 'verbose': False, 'lr_config': {'mode': 'log', 'steps': 5, 'initial_lr': 0.005, 'target_lr': 0.005}, 'batch_per_device': 128}",2681.3717670440674,0,64,1444.6453290718703,1,10.24509572982788
0.018239474296569823,0.03176811978786807,0.0006929636001586914,0.0016159358841683858,0.027253890037536622,nan,0.0,0.04818112850189209,0.8586599707603455,0.4275212752723694,-0.8703999519348145,nan,0.0,nan,0.0,nan,0.0,0.9136399626731873,0.2648831231737137,nan,0.0,0.8703999519348145,0.38827199831008913,nan,0.0,60000,1,False,,,65,-0.4275212752723694,5ac2f1a8cd80452a8229e7d5310f2ccd,2019-06-06_07-54-12,1559832852,40.79505276679993,2722.1668198108673,7866,steropes,169.229.49.254,"{'starting_lr': 0.005, 'momentum': 0.9, 'weight_decay': 0.005, 'steps_per_iteration': None, 'pin': False, 'model_creator': None, 'target_batch_size': 128, 'model_string': 'resnet50', 'min_batch_size': 128, 'dataset': 'CIFAR', 'placement': None, 'use_nccl': True, 'devices_per_worker': 1, 'primary_resource': 'extra_gpu', 'gpu': False, 'verbose': False, 'lr_config': {'mode': 'log', 'steps': 5, 'initial_lr': 0.005, 'target_lr': 0.005}, 'batch_per_device': 128}",2722.1668198108673,0,65,1457.5569097246785,1,10.24509572982788
0.024425244331359862,0.031735731076590626,0.0007002115249633789,0.00163031112202598,0.032077884674072264,nan,0.0,0.051394081115722655,0.8728799700737,0.38626469165802,-0.873699963092804,nan,0.0,nan,0.0,nan,0.0,0.9149799942970276,0.25720232342720034,nan,0.0,0.873699963092804,0.38371291971206667,nan,0.0,60000,1,False,,,66,-0.38626469165802,5ac2f1a8cd80452a8229e7d5310f2ccd,2019-06-06_07-54-55,1559832895,42.719117403030396,2764.8859372138977,7866,steropes,169.229.49.254,"{'starting_lr': 0.005, 'momentum': 0.9, 'weight_decay': 0.005, 'steps_per_iteration': None, 'pin': False, 'model_creator': None, 'target_batch_size': 128, 'model_string': 'resnet50', 'min_batch_size': 128, 'dataset': 'CIFAR', 'placement': None, 'use_nccl': True, 'devices_per_worker': 1, 'primary_resource': 'extra_gpu', 'gpu': False, 'verbose': False, 'lr_config': {'mode': 'log', 'steps': 5, 'initial_lr': 0.005, 'target_lr': 0.005}, 'batch_per_device': 128}",2764.8859372138977,0,66,1443.979110324636,1,10.24509572982788
0.019076156616210937,0.031518347655670555,0.0007025718688964844,0.0016611409004387038,0.027921605110168456,nan,0.0,0.04811098575592041,0.8738999724388122,0.38521010118484494,-0.8754000067710876,nan,0.0,nan,0.0,nan,0.0,0.9174000024795532,0.2533936290359497,nan,0.0,0.8754000067710876,0.38697601337432863,nan,0.0,60000,1,False,,,67,-0.38521010118484494,5ac2f1a8cd80452a8229e7d5310f2ccd,2019-06-06_07-55-36,1559832936,41.078500509262085,2805.96443772316,7866,steropes,169.229.49.254,"{'starting_lr': 0.005, 'momentum': 0.9, 'weight_decay': 0.005, 'steps_per_iteration': None, 'pin': False, 'model_creator': None, 'target_batch_size': 128, 'model_string': 'resnet50', 'min_batch_size': 128, 'dataset': 'CIFAR', 'placement': None, 'use_nccl': True, 'devices_per_worker': 1, 'primary_resource': 'extra_gpu', 'gpu': False, 'verbose': False, 'lr_config': {'mode': 'log', 'steps': 5, 'initial_lr': 0.005, 'target_lr': 0.005}, 'batch_per_device': 128}",2805.96443772316,0,67,1448.9230832368432,1,10.24509572982788
0.021119904518127442,0.03165791608110259,0.0007049322128295898,0.0016430662111248202,0.02978370189666748,nan,0.0,0.0528759241104126,0.8730199813842774,0.3891093942642212,-0.8700000047683716,nan,0.0,nan,0.0,nan,0.0,0.9211199879646301,0.24187869536876677,nan,0.0,0.8700000047683716,0.40219312200546264,nan,0.0,60000,1,False,,,68,-0.3891093942642212,5ac2f1a8cd80452a8229e7d5310f2ccd,2019-06-06_07-56-18,1559832978,42.06512928009033,2848.02956700325,7866,steropes,169.229.49.254,"{'starting_lr': 0.005, 'momentum': 0.9, 'weight_decay': 0.005, 'steps_per_iteration': None, 'pin': False, 'model_creator': None, 'target_batch_size': 128, 'model_string': 'resnet50', 'min_batch_size': 128, 'dataset': 'CIFAR', 'placement': None, 'use_nccl': True, 'devices_per_worker': 1, 'primary_resource': 'extra_gpu', 'gpu': False, 'verbose': False, 'lr_config': {'mode': 'log', 'steps': 5, 'initial_lr': 0.005, 'target_lr': 0.005}, 'batch_per_device': 128}",2848.02956700325,0,68,1442.4264936645166,1,10.24509572982788
0.020848417282104494,0.031844597828539115,0.0007022619247436523,0.0016353276684461042,0.03035712242126465,nan,0.0,0.05079963207244873,0.8727199792861938,0.38897464933395387,-0.8740999698638916,nan,0.0,nan,0.0,nan,0.0,0.920699954032898,0.24326004859924316,nan,0.0,0.8740999698638916,0.3837191932678223,nan,0.0,60000,1,False,,,69,-0.38897464933395387,5ac2f1a8cd80452a8229e7d5310f2ccd,2019-06-06_07-57-00,1559833020,41.981982946395874,2890.011549949646,7866,steropes,169.229.49.254,"{'starting_lr': 0.005, 'momentum': 0.9, 'weight_decay': 0.005, 'steps_per_iteration': None, 'pin': False, 'model_creator': None, 'target_batch_size': 128, 'model_string': 'resnet50', 'min_batch_size': 128, 'dataset': 'CIFAR', 'placement': None, 'use_nccl': True, 'devices_per_worker': 1, 'primary_resource': 'extra_gpu', 'gpu': False, 'verbose': False, 'lr_config': {'mode': 'log', 'steps': 5, 'initial_lr': 0.005, 'target_lr': 0.005}, 'batch_per_device': 128}",2890.011549949646,0,69,1437.882097370905,1,10.24509572982788
0.018351531028747557,0.03181952766225308,0.0006889581680297851,0.0016304586854432245,0.027730679512023924,nan,0.0,0.05243842601776123,0.8734399795532226,0.39065626615524296,-0.8739999532699585,nan,0.0,nan,0.0,nan,0.0,0.9228599667549133,0.23690729340076447,nan,0.0,0.8739999532699585,0.3966800824165344,nan,0.0,60000,1,False,,,70,-0.39065626615524296,5ac2f1a8cd80452a8229e7d5310f2ccd,2019-06-06_07-57-41,1559833061,41.46681880950928,2931.4783687591553,7866,steropes,169.229.49.254,"{'starting_lr': 0.005, 'momentum': 0.9, 'weight_decay': 0.005, 'steps_per_iteration': None, 'pin': False, 'model_creator': None, 'target_batch_size': 128, 'model_string': 'resnet50', 'min_batch_size': 128, 'dataset': 'CIFAR', 'placement': None, 'use_nccl': True, 'devices_per_worker': 1, 'primary_resource': 'extra_gpu', 'gpu': False, 'verbose': False, 'lr_config': {'mode': 'log', 'steps': 5, 'initial_lr': 0.005, 'target_lr': 0.005}, 'batch_per_device': 128}",2931.4783687591553,0,70,1433.2673961173557,1,10.24509572982788
0.021998667716979982,0.0312391836431962,0.0006997108459472657,0.0016362289028704318,0.03122079372406006,nan,0.0,0.05069839954376221,0.8725799798965455,0.39600716737747194,-0.8693999648094177,nan,0.0,nan,0.0,nan,0.0,0.9221199750900269,0.23648393889427186,nan,0.0,0.8693999648094177,0.41046742582321166,nan,0.0,60000,1,False,,,71,-0.39600716737747194,5ac2f1a8cd80452a8229e7d5310f2ccd,2019-06-06_07-58-24,1559833104,42.60034799575806,2974.0787167549133,7866,steropes,169.229.49.254,"{'starting_lr': 0.005, 'momentum': 0.9, 'weight_decay': 0.005, 'steps_per_iteration': None, 'pin': False, 'model_creator': None, 'target_batch_size': 128, 'model_string': 'resnet50', 'min_batch_size': 128, 'dataset': 'CIFAR', 'placement': None, 'use_nccl': True, 'devices_per_worker': 1, 'primary_resource': 'extra_gpu', 'gpu': False, 'verbose': False, 'lr_config': {'mode': 'log', 'steps': 5, 'initial_lr': 0.005, 'target_lr': 0.005}, 'batch_per_device': 128}",2974.0787167549133,0,71,1434.0811743808085,1,10.24509572982788
0.018922138214111327,0.031244803078566925,0.0007025957107543946,0.001625832389382755,0.02913632392883301,nan,0.0,0.049933457374572755,0.8713799715042114,0.40185513071060186,-0.8693999648094177,nan,0.0,nan,0.0,nan,0.0,0.9238999485969543,0.23167314979553222,nan,0.0,0.8693999648094177,0.41621583003997803,nan,0.0,60000,1,False,,,72,-0.40185513071060186,5ac2f1a8cd80452a8229e7d5310f2ccd,2019-06-06_07-59-07,1559833147,42.47245907783508,3016.5511758327484,7866,steropes,169.229.49.254,"{'starting_lr': 0.005, 'momentum': 0.9, 'weight_decay': 0.005, 'steps_per_iteration': None, 'pin': False, 'model_creator': None, 'target_batch_size': 128, 'model_string': 'resnet50', 'min_batch_size': 128, 'dataset': 'CIFAR', 'placement': None, 'use_nccl': True, 'devices_per_worker': 1, 'primary_resource': 'extra_gpu', 'gpu': False, 'verbose': False, 'lr_config': {'mode': 'log', 'steps': 5, 'initial_lr': 0.005, 'target_lr': 0.005}, 'batch_per_device': 128}",3016.5511758327484,0,72,1424.5883838300613,1,10.24509572982788
0.01836106777191162,0.03136868416508542,0.0006922483444213867,0.0016294806204793398,0.027479124069213868,nan,0.0,0.04789903163909912,0.8713999629020691,0.4043549311828613,-0.8700999617576599,nan,0.0,nan,0.0,nan,0.0,0.9239199757575989,0.23476591498374938,nan,0.0,0.8700999617576599,0.41469212436676023,nan,0.0,60000,1,False,,,73,-0.4043549311828613,5ac2f1a8cd80452a8229e7d5310f2ccd,2019-06-06_07-59-48,1559833188,41.106077671051025,3057.6572535037994,7866,steropes,169.229.49.254,"{'starting_lr': 0.005, 'momentum': 0.9, 'weight_decay': 0.005, 'steps_per_iteration': None, 'pin': False, 'model_creator': None, 'target_batch_size': 128, 'model_string': 'resnet50', 'min_batch_size': 128, 'dataset': 'CIFAR', 'placement': None, 'use_nccl': True, 'devices_per_worker': 1, 'primary_resource': 'extra_gpu', 'gpu': False, 'verbose': False, 'lr_config': {'mode': 'log', 'steps': 5, 'initial_lr': 0.005, 'target_lr': 0.005}, 'batch_per_device': 128}",3057.6572535037994,0,73,1431.1058526945199,1,10.24509572982788
0.018584847450256348,0.03514809246304669,0.0006940364837646484,0.0016264866685013638,0.028438711166381837,nan,0.0,0.04986553192138672,0.8707799673080444,0.4089357566261292,-0.8709999918937683,nan,0.0,nan,0.0,nan,0.0,0.9247599840164185,0.2304839432144165,nan,0.0,0.8709999918937683,0.4066233204841614,nan,0.0,60000,1,False,,,74,-0.4089357566261292,5ac2f1a8cd80452a8229e7d5310f2ccd,2019-06-06_08-00-31,1559833231,42.94700288772583,3100.6042563915253,7866,steropes,169.229.49.254,"{'starting_lr': 0.005, 'momentum': 0.9, 'weight_decay': 0.005, 'steps_per_iteration': None, 'pin': False, 'model_creator': None, 'target_batch_size': 128, 'model_string': 'resnet50', 'min_batch_size': 128, 'dataset': 'CIFAR', 'placement': None, 'use_nccl': True, 'devices_per_worker': 1, 'primary_resource': 'extra_gpu', 'gpu': False, 'verbose': False, 'lr_config': {'mode': 'log', 'steps': 5, 'initial_lr': 0.005, 'target_lr': 0.005}, 'batch_per_device': 128}",3100.6042563915253,0,74,1424.5479730662748,1,10.24509572982788
0.02085893154144287,0.03477080864242361,0.0007017612457275391,0.001651889527850139,0.02933645248413086,nan,0.0,0.04941112995147705,0.8694799780845642,0.41308532756805416,-0.8675000071525574,nan,0.0,nan,0.0,nan,0.0,0.9233799576759338,0.23061863258361817,nan,0.0,0.8675000071525574,0.41742793712615966,nan,0.0,60000,1,False,,,75,-0.41308532756805416,5ac2f1a8cd80452a8229e7d5310f2ccd,2019-06-06_08-01-12,1559833272,41.435009241104126,3142.0392656326294,7866,steropes,169.229.49.254,"{'starting_lr': 0.005, 'momentum': 0.9, 'weight_decay': 0.005, 'steps_per_iteration': None, 'pin': False, 'model_creator': None, 'target_batch_size': 128, 'model_string': 'resnet50', 'min_batch_size': 128, 'dataset': 'CIFAR', 'placement': None, 'use_nccl': True, 'devices_per_worker': 1, 'primary_resource': 'extra_gpu', 'gpu': False, 'verbose': False, 'lr_config': {'mode': 'log', 'steps': 5, 'initial_lr': 0.005, 'target_lr': 0.005}, 'batch_per_device': 128}",3142.0392656326294,0,75,1424.7631509734636,1,10.24509572982788
