{"apply": 0.01736621856689453, "batch_time": 0.04164785674855679, "d2h": 0.0007401466369628906, "data_time": 0.0019708807815981035, "fwd": 0.11928656101226806, "get_state_time_mean": NaN, "get_state_time_total": 0.0, "grad": 0.16377732753753663, "mean_accuracy": 0.10199999809265137, "mean_loss": 606.6888192012786, "neg_mean_accuracy": -0.10199999809265137, "set_state_time_mean": NaN, "set_state_time_total": 0.0, "setup_model_time_mean": 8.645707130432129, "setup_model_time_total": 8.645707130432129, "setup_proc_time_mean": 0.17192769050598145, "setup_proc_time_total": 0.17192769050598145, "train_accuracy": 0.10233999788761139, "train_loss": 6.353056369934082, "training_time_mean": NaN, "training_time_total": 0.0, "val_accuracy": 0.10199999809265137, "val_loss": 606.6888192012786, "validation_time_mean": NaN, "validation_time_total": 0.0, "samples": 60000, "num_workers": 1, "done": false, "timesteps_total": null, "episodes_total": null, "training_iteration": 1, "neg_mean_loss": -606.6888192012786, "experiment_id": "957d3f8a830440f0aa52cebb032fbab9", "date": "2019-06-06_07-14-20", "timestamp": 1559830460, "time_this_iter_s": 46.762771129608154, "time_total_s": 46.762771129608154, "pid": 12887, "hostname": "steropes", "node_ip": "169.229.49.254", "config": {"starting_lr": 0.1, "momentum": 0.997, "weight_decay": 0.0001, "steps_per_iteration": null, "pin": false, "model_creator": null, "target_batch_size": 128, "model_string": "resnet50", "min_batch_size": 128, "dataset": "CIFAR", "placement": null, "use_nccl": true, "devices_per_worker": 1, "primary_resource": "extra_gpu", "gpu": false, "verbose": false, "lr_config": {"mode": "log", "steps": 5, "initial_lr": 0.1, "target_lr": 0.1}, "batch_per_device": 128}, "time_since_restore": 46.762771129608154, "timesteps_since_restore": 0, "iterations_since_restore": 1, "mean_throughput": 1283.0695831763858, "atoms": 1, "setup_time": 9.182246685028076}
{"apply": 0.017687296867370604, "batch_time": 0.03200676471372194, "d2h": 0.0006682872772216797, "data_time": 0.0018342577892801037, "fwd": 0.028070998191833497, "get_state_time_mean": NaN, "get_state_time_total": 0.0, "grad": 0.04767365455627441, "mean_accuracy": 0.10144999623298645, "mean_loss": 305.0537138563156, "neg_mean_accuracy": -0.10089999437332153, "set_state_time_mean": NaN, "set_state_time_total": 0.0, "setup_model_time_mean": NaN, "setup_model_time_total": 0.0, "setup_proc_time_mean": NaN, "setup_proc_time_total": 0.0, "train_accuracy": 0.10143999755382538, "train_loss": 2.636733343811035, "training_time_mean": NaN, "training_time_total": 0.0, "val_accuracy": 0.10089999437332153, "val_loss": 3.418608511352539, "validation_time_mean": NaN, "validation_time_total": 0.0, "samples": 60000, "num_workers": 1, "done": true, "timesteps_total": null, "episodes_total": null, "training_iteration": 2, "neg_mean_loss": -305.0537138563156, "experiment_id": "957d3f8a830440f0aa52cebb032fbab9", "date": "2019-06-06_07-15-01", "timestamp": 1559830501, "time_this_iter_s": 40.42666840553284, "time_total_s": 87.18943953514099, "pid": 12887, "hostname": "steropes", "node_ip": "169.229.49.254", "config": {"starting_lr": 0.1, "momentum": 0.997, "weight_decay": 0.0001, "steps_per_iteration": null, "pin": false, "model_creator": null, "target_batch_size": 128, "model_string": "resnet50", "min_batch_size": 128, "dataset": "CIFAR", "placement": null, "use_nccl": true, "devices_per_worker": 1, "primary_resource": "extra_gpu", "gpu": false, "verbose": false, "lr_config": {"mode": "log", "steps": 5, "initial_lr": 0.1, "target_lr": 0.1}, "batch_per_device": 128}, "time_since_restore": 87.18943953514099, "timesteps_since_restore": 0, "iterations_since_restore": 2, "mean_throughput": 1376.3108346967128, "atoms": 1, "setup_time": 9.182246685028076}
