{"apply": 0.017744851112365723, "batch_time": 0.041865765293942224, "d2h": 0.0007085323333740235, "data_time": 0.001988676197998359, "fwd": 0.11913177967071534, "get_state_time_mean": NaN, "get_state_time_total": 0.0, "grad": 0.16741726398468018, "mean_accuracy": 0.10029999911785126, "mean_loss": 2.4258164142608645, "neg_mean_accuracy": -0.10029999911785126, "set_state_time_mean": NaN, "set_state_time_total": 0.0, "setup_model_time_mean": 8.53074026107788, "setup_model_time_total": 8.53074026107788, "setup_proc_time_mean": 1.7659530639648438, "setup_proc_time_total": 1.7659530639648438, "train_accuracy": 0.09999999403953552, "train_loss": 4.985566981964111, "training_time_mean": NaN, "training_time_total": 0.0, "val_accuracy": 0.10029999911785126, "val_loss": 2.4258164142608645, "validation_time_mean": NaN, "validation_time_total": 0.0, "samples": 60000, "num_workers": 1, "done": false, "timesteps_total": null, "episodes_total": null, "training_iteration": 1, "neg_mean_loss": -2.4258164142608645, "experiment_id": "7bc02cc679df4a10b92b19832a41a321", "date": "2019-06-03_04-07-01", "timestamp": 1559560021, "time_this_iter_s": 46.73124361038208, "time_total_s": 46.73124361038208, "pid": 16896, "hostname": "steropes", "node_ip": "169.229.49.254", "config": {"starting_lr": 0.5, "momentum": 0.95, "weight_decay": 0.0001, "steps_per_iteration": null, "pin": false, "model_creator": null, "target_batch_size": 128, "model_string": "resnet50", "min_batch_size": 128, "dataset": "CIFAR", "placement": null, "use_nccl": true, "devices_per_worker": 1, "primary_resource": "extra_gpu", "gpu": false, "verbose": false, "lr_config": {"mode": "log", "steps": 5, "initial_lr": 0.5, "target_lr": 0.5}, "batch_per_device": 128}, "time_since_restore": 46.73124361038208, "timesteps_since_restore": 0, "iterations_since_restore": 1, "mean_throughput": 1283.9351926653737, "atoms": 1, "setup_time": 10.391275882720947}
{"apply": 0.020356154441833495, "batch_time": 0.03342232523085196, "d2h": 0.000748443603515625, "data_time": 0.0018583947740247488, "fwd": 0.02900528907775879, "get_state_time_mean": NaN, "get_state_time_total": 0.0, "grad": 0.048785829544067384, "mean_accuracy": 0.10074999928474426, "mean_loss": 2.3874923810958864, "neg_mean_accuracy": -0.10119999945163727, "set_state_time_mean": NaN, "set_state_time_total": 0.0, "setup_model_time_mean": NaN, "setup_model_time_total": 0.0, "setup_proc_time_mean": NaN, "setup_proc_time_total": 0.0, "train_accuracy": 0.09999999403953552, "train_loss": 2.3418852015686036, "training_time_mean": NaN, "training_time_total": 0.0, "val_accuracy": 0.10119999945163727, "val_loss": 2.3491683479309082, "validation_time_mean": NaN, "validation_time_total": 0.0, "samples": 60000, "num_workers": 1, "done": false, "timesteps_total": null, "episodes_total": null, "training_iteration": 2, "neg_mean_loss": -2.3874923810958864, "experiment_id": "7bc02cc679df4a10b92b19832a41a321", "date": "2019-06-03_04-07-42", "timestamp": 1559560062, "time_this_iter_s": 41.313740968704224, "time_total_s": 88.0449845790863, "pid": 16896, "hostname": "steropes", "node_ip": "169.229.49.254", "config": {"starting_lr": 0.5, "momentum": 0.95, "weight_decay": 0.0001, "steps_per_iteration": null, "pin": false, "model_creator": null, "target_batch_size": 128, "model_string": "resnet50", "min_batch_size": 128, "dataset": "CIFAR", "placement": null, "use_nccl": true, "devices_per_worker": 1, "primary_resource": "extra_gpu", "gpu": false, "verbose": false, "lr_config": {"mode": "log", "steps": 5, "initial_lr": 0.5, "target_lr": 0.5}, "batch_per_device": 128}, "time_since_restore": 88.0449845790863, "timesteps_since_restore": 0, "iterations_since_restore": 2, "mean_throughput": 1362.9369763103748, "atoms": 1, "setup_time": 10.391275882720947}
{"apply": 0.017894387245178223, "batch_time": 0.033614608305919016, "d2h": 0.0007348299026489258, "data_time": 0.001914901196804193, "fwd": 0.027757716178894044, "get_state_time_mean": NaN, "get_state_time_total": 0.0, "grad": 0.04833173751831055, "mean_accuracy": 0.1006333331267039, "mean_loss": 2.368471793238322, "neg_mean_accuracy": -0.10040000081062317, "set_state_time_mean": NaN, "set_state_time_total": 0.0, "setup_model_time_mean": NaN, "setup_model_time_total": 0.0, "setup_proc_time_mean": NaN, "setup_proc_time_total": 0.0, "train_accuracy": 0.10255999863147736, "train_loss": 2.3396737475585936, "training_time_mean": NaN, "training_time_total": 0.0, "val_accuracy": 0.10040000081062317, "val_loss": 2.3304306175231932, "validation_time_mean": NaN, "validation_time_total": 0.0, "samples": 60000, "num_workers": 1, "done": false, "timesteps_total": null, "episodes_total": null, "training_iteration": 3, "neg_mean_loss": -2.368471793238322, "experiment_id": "7bc02cc679df4a10b92b19832a41a321", "date": "2019-06-03_04-08-24", "timestamp": 1559560104, "time_this_iter_s": 41.39120149612427, "time_total_s": 129.43618607521057, "pid": 16896, "hostname": "steropes", "node_ip": "169.229.49.254", "config": {"starting_lr": 0.5, "momentum": 0.95, "weight_decay": 0.0001, "steps_per_iteration": null, "pin": false, "model_creator": null, "target_batch_size": 128, "model_string": "resnet50", "min_batch_size": 128, "dataset": "CIFAR", "placement": null, "use_nccl": true, "devices_per_worker": 1, "primary_resource": "extra_gpu", "gpu": false, "verbose": false, "lr_config": {"mode": "log", "steps": 5, "initial_lr": 0.5, "target_lr": 0.5}, "batch_per_device": 128}, "time_since_restore": 129.43618607521057, "timesteps_since_restore": 0, "iterations_since_restore": 3, "mean_throughput": 1390.6421528732237, "atoms": 1, "setup_time": 10.391275882720947}
{"apply": 0.017738032341003417, "batch_time": 0.033366553391082375, "d2h": 0.0007365465164184571, "data_time": 0.0019305807245356956, "fwd": 0.0276059627532959, "get_state_time_mean": NaN, "get_state_time_total": 0.0, "grad": 0.0480726957321167, "mean_accuracy": 0.09984999895095825, "mean_loss": 2.3818868624687193, "neg_mean_accuracy": -0.09749999642372131, "set_state_time_mean": NaN, "set_state_time_total": 0.0, "setup_model_time_mean": NaN, "setup_model_time_total": 0.0, "setup_proc_time_mean": NaN, "setup_proc_time_total": 0.0, "train_accuracy": 0.10889999568462372, "train_loss": 2.33816892074585, "training_time_mean": NaN, "training_time_total": 0.0, "val_accuracy": 0.09749999642372131, "val_loss": 2.422132070159912, "validation_time_mean": NaN, "validation_time_total": 0.0, "samples": 60000, "num_workers": 1, "done": false, "timesteps_total": null, "episodes_total": null, "training_iteration": 4, "neg_mean_loss": -2.3818868624687193, "experiment_id": "7bc02cc679df4a10b92b19832a41a321", "date": "2019-06-03_04-09-05", "timestamp": 1559560145, "time_this_iter_s": 41.58698034286499, "time_total_s": 171.02316641807556, "pid": 16896, "hostname": "steropes", "node_ip": "169.229.49.254", "config": {"starting_lr": 0.5, "momentum": 0.95, "weight_decay": 0.0001, "steps_per_iteration": null, "pin": false, "model_creator": null, "target_batch_size": 128, "model_string": "resnet50", "min_batch_size": 128, "dataset": "CIFAR", "placement": null, "use_nccl": true, "devices_per_worker": 1, "primary_resource": "extra_gpu", "gpu": false, "verbose": false, "lr_config": {"mode": "log", "steps": 5, "initial_lr": 0.5, "target_lr": 0.5}, "batch_per_device": 128}, "time_since_restore": 171.02316641807556, "timesteps_since_restore": 0, "iterations_since_restore": 4, "mean_throughput": 1403.314496611556, "atoms": 1, "setup_time": 10.391275882720947}
{"apply": 0.018106579780578613, "batch_time": 0.03294955024236365, "d2h": 0.0007398366928100586, "data_time": 0.0019401668587609021, "fwd": 0.02857358455657959, "get_state_time_mean": NaN, "get_state_time_total": 0.0, "grad": 0.0477297306060791, "mean_accuracy": 0.12045999765396118, "mean_loss": 2.3318839678192136, "neg_mean_accuracy": -0.2028999924659729, "set_state_time_mean": NaN, "set_state_time_total": 0.0, "setup_model_time_mean": NaN, "setup_model_time_total": 0.0, "setup_proc_time_mean": NaN, "setup_proc_time_total": 0.0, "train_accuracy": 0.18007999658584595, "train_loss": 2.162946417312622, "training_time_mean": NaN, "training_time_total": 0.0, "val_accuracy": 0.2028999924659729, "val_loss": 2.1318723892211913, "validation_time_mean": NaN, "validation_time_total": 0.0, "samples": 60000, "num_workers": 1, "done": false, "timesteps_total": null, "episodes_total": null, "training_iteration": 5, "neg_mean_loss": -2.3318839678192136, "experiment_id": "7bc02cc679df4a10b92b19832a41a321", "date": "2019-06-03_04-09-46", "timestamp": 1559560186, "time_this_iter_s": 41.26903581619263, "time_total_s": 212.2922022342682, "pid": 16896, "hostname": "steropes", "node_ip": "169.229.49.254", "config": {"starting_lr": 0.5, "momentum": 0.95, "weight_decay": 0.0001, "steps_per_iteration": null, "pin": false, "model_creator": null, "target_batch_size": 128, "model_string": "resnet50", "min_batch_size": 128, "dataset": "CIFAR", "placement": null, "use_nccl": true, "devices_per_worker": 1, "primary_resource": "extra_gpu", "gpu": false, "verbose": false, "lr_config": {"mode": "log", "steps": 5, "initial_lr": 0.5, "target_lr": 0.5}, "batch_per_device": 128}, "time_since_restore": 212.2922022342682, "timesteps_since_restore": 0, "iterations_since_restore": 5, "mean_throughput": 1413.1426906693414, "atoms": 1, "setup_time": 10.391275882720947}
{"apply": 0.017929840087890624, "batch_time": 0.03258717814578286, "d2h": 0.000771474838256836, "data_time": 0.001956970185574973, "fwd": 0.02821338176727295, "get_state_time_mean": NaN, "get_state_time_total": 0.0, "grad": 0.04900305271148682, "mean_accuracy": 0.13533999621868134, "mean_loss": 5.331248998260497, "neg_mean_accuracy": -0.17469999194145203, "set_state_time_mean": NaN, "set_state_time_total": 0.0, "setup_model_time_mean": NaN, "setup_model_time_total": 0.0, "setup_proc_time_mean": NaN, "setup_proc_time_total": 0.0, "train_accuracy": 0.2196199893951416, "train_loss": 2.049057966003418, "training_time_mean": NaN, "training_time_total": 0.0, "val_accuracy": 0.17469999194145203, "val_loss": 17.422641566467284, "validation_time_mean": NaN, "validation_time_total": 0.0, "samples": 60000, "num_workers": 1, "done": false, "timesteps_total": null, "episodes_total": null, "training_iteration": 6, "neg_mean_loss": -5.331248998260497, "experiment_id": "7bc02cc679df4a10b92b19832a41a321", "date": "2019-06-03_04-10-28", "timestamp": 1559560228, "time_this_iter_s": 41.47892236709595, "time_total_s": 253.77112460136414, "pid": 16896, "hostname": "steropes", "node_ip": "169.229.49.254", "config": {"starting_lr": 0.5, "momentum": 0.95, "weight_decay": 0.0001, "steps_per_iteration": null, "pin": false, "model_creator": null, "target_batch_size": 128, "model_string": "resnet50", "min_batch_size": 128, "dataset": "CIFAR", "placement": null, "use_nccl": true, "devices_per_worker": 1, "primary_resource": "extra_gpu", "gpu": false, "verbose": false, "lr_config": {"mode": "log", "steps": 5, "initial_lr": 0.5, "target_lr": 0.5}, "batch_per_device": 128}, "time_since_restore": 253.77112460136414, "timesteps_since_restore": 0, "iterations_since_restore": 6, "mean_throughput": 1448.9920997031088, "atoms": 1, "setup_time": 10.391275882720947}
{"apply": 0.018552017211914063, "batch_time": 0.03246988827669168, "d2h": 0.0007528305053710937, "data_time": 0.001930914266639963, "fwd": 0.028456401824951173, "get_state_time_mean": NaN, "get_state_time_total": 0.0, "grad": 0.049086785316467284, "mean_accuracy": 0.16149999499320983, "mean_loss": 5.32008963142395, "neg_mean_accuracy": -0.23199999332427979, "set_state_time_mean": NaN, "set_state_time_total": 0.0, "setup_model_time_mean": NaN, "setup_model_time_total": 0.0, "setup_proc_time_mean": NaN, "setup_proc_time_total": 0.0, "train_accuracy": 0.22683998942375183, "train_loss": 2.0392370852661132, "training_time_mean": NaN, "training_time_total": 0.0, "val_accuracy": 0.23199999332427979, "val_loss": 2.293371513748169, "validation_time_mean": NaN, "validation_time_total": 0.0, "samples": 60000, "num_workers": 1, "done": false, "timesteps_total": null, "episodes_total": null, "training_iteration": 7, "neg_mean_loss": -5.32008963142395, "experiment_id": "7bc02cc679df4a10b92b19832a41a321", "date": "2019-06-03_04-11-09", "timestamp": 1559560269, "time_this_iter_s": 41.60741710662842, "time_total_s": 295.37854170799255, "pid": 16896, "hostname": "steropes", "node_ip": "169.229.49.254", "config": {"starting_lr": 0.5, "momentum": 0.95, "weight_decay": 0.0001, "steps_per_iteration": null, "pin": false, "model_creator": null, "target_batch_size": 128, "model_string": "resnet50", "min_batch_size": 128, "dataset": "CIFAR", "placement": null, "use_nccl": true, "devices_per_worker": 1, "primary_resource": "extra_gpu", "gpu": false, "verbose": false, "lr_config": {"mode": "log", "steps": 5, "initial_lr": 0.5, "target_lr": 0.5}, "batch_per_device": 128}, "time_since_restore": 295.37854170799255, "timesteps_since_restore": 0, "iterations_since_restore": 7, "mean_throughput": 1446.9397059492076, "atoms": 1, "setup_time": 10.391275882720947}
{"apply": 0.01869478225708008, "batch_time": 0.03342257270330115, "d2h": 0.000746917724609375, "data_time": 0.00190149670671624, "fwd": 0.028700542449951173, "get_state_time_mean": NaN, "get_state_time_total": 0.0, "grad": 0.04985597133636475, "mean_accuracy": 0.19213999509811402, "mean_loss": 5.238250942916871, "neg_mean_accuracy": -0.25360000133514404, "set_state_time_mean": NaN, "set_state_time_total": 0.0, "setup_model_time_mean": NaN, "setup_model_time_total": 0.0, "setup_proc_time_mean": NaN, "setup_proc_time_total": 0.0, "train_accuracy": 0.25411999225616455, "train_loss": 1.940520146408081, "training_time_mean": NaN, "training_time_total": 0.0, "val_accuracy": 0.25360000133514404, "val_loss": 1.921237174987793, "validation_time_mean": NaN, "validation_time_total": 0.0, "samples": 60000, "num_workers": 1, "done": false, "timesteps_total": null, "episodes_total": null, "training_iteration": 8, "neg_mean_loss": -5.238250942916871, "experiment_id": "7bc02cc679df4a10b92b19832a41a321", "date": "2019-06-03_04-11-51", "timestamp": 1559560311, "time_this_iter_s": 41.525317907333374, "time_total_s": 336.9038596153259, "pid": 16896, "hostname": "steropes", "node_ip": "169.229.49.254", "config": {"starting_lr": 0.5, "momentum": 0.95, "weight_decay": 0.0001, "steps_per_iteration": null, "pin": false, "model_creator": null, "target_batch_size": 128, "model_string": "resnet50", "min_batch_size": 128, "dataset": "CIFAR", "placement": null, "use_nccl": true, "devices_per_worker": 1, "primary_resource": "extra_gpu", "gpu": false, "verbose": false, "lr_config": {"mode": "log", "steps": 5, "initial_lr": 0.5, "target_lr": 0.5}, "batch_per_device": 128}, "time_since_restore": 336.9038596153259, "timesteps_since_restore": 0, "iterations_since_restore": 8, "mean_throughput": 1446.0054468876783, "atoms": 1, "setup_time": 10.391275882720947}
{"apply": 0.017789244651794434, "batch_time": 0.03246778476087353, "d2h": 0.0007506370544433594, "data_time": 0.001892211796987392, "fwd": 0.0276470422744751, "get_state_time_mean": NaN, "get_state_time_total": 0.0, "grad": 0.04886372089385986, "mean_accuracy": 0.2171799957752228, "mean_loss": 5.1574526015472415, "neg_mean_accuracy": -0.22269999980926514, "set_state_time_mean": NaN, "set_state_time_total": 0.0, "setup_model_time_mean": NaN, "setup_model_time_total": 0.0, "setup_proc_time_mean": NaN, "setup_proc_time_total": 0.0, "train_accuracy": 0.2731800079345703, "train_loss": 1.8889853820800782, "training_time_mean": NaN, "training_time_total": 0.0, "val_accuracy": 0.22269999980926514, "val_loss": 2.0181403633117676, "validation_time_mean": NaN, "validation_time_total": 0.0, "samples": 60000, "num_workers": 1, "done": false, "timesteps_total": null, "episodes_total": null, "training_iteration": 9, "neg_mean_loss": -5.1574526015472415, "experiment_id": "7bc02cc679df4a10b92b19832a41a321", "date": "2019-06-03_04-12-32", "timestamp": 1559560352, "time_this_iter_s": 41.46353054046631, "time_total_s": 378.36739015579224, "pid": 16896, "hostname": "steropes", "node_ip": "169.229.49.254", "config": {"starting_lr": 0.5, "momentum": 0.95, "weight_decay": 0.0001, "steps_per_iteration": null, "pin": false, "model_creator": null, "target_batch_size": 128, "model_string": "resnet50", "min_batch_size": 128, "dataset": "CIFAR", "placement": null, "use_nccl": true, "devices_per_worker": 1, "primary_resource": "extra_gpu", "gpu": false, "verbose": false, "lr_config": {"mode": "log", "steps": 5, "initial_lr": 0.5, "target_lr": 0.5}, "batch_per_device": 128}, "time_since_restore": 378.36739015579224, "timesteps_since_restore": 0, "iterations_since_restore": 9, "mean_throughput": 1446.8664477448017, "atoms": 1, "setup_time": 10.391275882720947}
{"apply": 0.018022489547729493, "batch_time": 0.03334806538835357, "d2h": 0.0007969617843627929, "data_time": 0.0019164085388183594, "fwd": 0.027818703651428224, "get_state_time_mean": NaN, "get_state_time_total": 0.0, "grad": 0.04852759838104248, "mean_accuracy": 0.22799999713897706, "mean_loss": 5.156724586868287, "neg_mean_accuracy": -0.25699999928474426, "set_state_time_mean": NaN, "set_state_time_total": 0.0, "setup_model_time_mean": NaN, "setup_model_time_total": 0.0, "setup_proc_time_mean": NaN, "setup_proc_time_total": 0.0, "train_accuracy": 0.2703399956226349, "train_loss": 1.8811424057006836, "training_time_mean": NaN, "training_time_total": 0.0, "val_accuracy": 0.25699999928474426, "val_loss": 2.128232315826416, "validation_time_mean": NaN, "validation_time_total": 0.0, "samples": 60000, "num_workers": 1, "done": false, "timesteps_total": null, "episodes_total": null, "training_iteration": 10, "neg_mean_loss": -5.156724586868287, "experiment_id": "7bc02cc679df4a10b92b19832a41a321", "date": "2019-06-03_04-13-14", "timestamp": 1559560394, "time_this_iter_s": 41.55909061431885, "time_total_s": 419.9264807701111, "pid": 16896, "hostname": "steropes", "node_ip": "169.229.49.254", "config": {"starting_lr": 0.5, "momentum": 0.95, "weight_decay": 0.0001, "steps_per_iteration": null, "pin": false, "model_creator": null, "target_batch_size": 128, "model_string": "resnet50", "min_batch_size": 128, "dataset": "CIFAR", "placement": null, "use_nccl": true, "devices_per_worker": 1, "primary_resource": "extra_gpu", "gpu": false, "verbose": false, "lr_config": {"mode": "log", "steps": 5, "initial_lr": 0.5, "target_lr": 0.5}, "batch_per_device": 128}, "time_since_restore": 419.9264807701111, "timesteps_since_restore": 0, "iterations_since_restore": 10, "mean_throughput": 1444.8452543662577, "atoms": 1, "setup_time": 10.391275882720947}
{"apply": 0.019530677795410158, "batch_time": 0.03257579441311993, "d2h": 0.0007868289947509765, "data_time": 0.0018755523749934438, "fwd": 0.028745222091674804, "get_state_time_mean": NaN, "get_state_time_total": 0.0, "grad": 0.04971933364868164, "mean_accuracy": 0.24655999541282653, "mean_loss": 2.0727843252563476, "neg_mean_accuracy": -0.26749998331069946, "set_state_time_mean": NaN, "set_state_time_total": 0.0, "setup_model_time_mean": NaN, "setup_model_time_total": 0.0, "setup_proc_time_mean": NaN, "setup_proc_time_total": 0.0, "train_accuracy": 0.2754800021648407, "train_loss": 1.8757273504257201, "training_time_mean": NaN, "training_time_total": 0.0, "val_accuracy": 0.26749998331069946, "val_loss": 2.002940258407593, "validation_time_mean": NaN, "validation_time_total": 0.0, "samples": 60000, "num_workers": 1, "done": false, "timesteps_total": null, "episodes_total": null, "training_iteration": 11, "neg_mean_loss": -2.0727843252563476, "experiment_id": "7bc02cc679df4a10b92b19832a41a321", "date": "2019-06-03_04-13-56", "timestamp": 1559560436, "time_this_iter_s": 41.61684966087341, "time_total_s": 461.5433304309845, "pid": 16896, "hostname": "steropes", "node_ip": "169.229.49.254", "config": {"starting_lr": 0.5, "momentum": 0.95, "weight_decay": 0.0001, "steps_per_iteration": null, "pin": false, "model_creator": null, "target_batch_size": 128, "model_string": "resnet50", "min_batch_size": 128, "dataset": "CIFAR", "placement": null, "use_nccl": true, "devices_per_worker": 1, "primary_resource": "extra_gpu", "gpu": false, "verbose": false, "lr_config": {"mode": "log", "steps": 5, "initial_lr": 0.5, "target_lr": 0.5}, "batch_per_device": 128}, "time_since_restore": 461.5433304309845, "timesteps_since_restore": 0, "iterations_since_restore": 11, "mean_throughput": 1443.886171291924, "atoms": 1, "setup_time": 10.391275882720947}
{"apply": 0.01804931163787842, "batch_time": 0.03259058240093762, "d2h": 0.0008023977279663086, "data_time": 0.001867304067782429, "fwd": 0.027996516227722167, "get_state_time_mean": NaN, "get_state_time_total": 0.0, "grad": 0.048132801055908205, "mean_accuracy": 0.24817999601364135, "mean_loss": 2.040904300842285, "neg_mean_accuracy": -0.24009999632835388, "set_state_time_mean": NaN, "set_state_time_total": 0.0, "setup_model_time_mean": NaN, "setup_model_time_total": 0.0, "setup_proc_time_mean": NaN, "setup_proc_time_total": 0.0, "train_accuracy": 0.2856999933719635, "train_loss": 1.8639644974136353, "training_time_mean": NaN, "training_time_total": 0.0, "val_accuracy": 0.24009999632835388, "val_loss": 2.1339713916778567, "validation_time_mean": NaN, "validation_time_total": 0.0, "samples": 60000, "num_workers": 1, "done": true, "timesteps_total": null, "episodes_total": null, "training_iteration": 12, "neg_mean_loss": -2.040904300842285, "experiment_id": "7bc02cc679df4a10b92b19832a41a321", "date": "2019-06-03_04-14-37", "timestamp": 1559560477, "time_this_iter_s": 41.18312311172485, "time_total_s": 502.72645354270935, "pid": 16896, "hostname": "steropes", "node_ip": "169.229.49.254", "config": {"starting_lr": 0.5, "momentum": 0.95, "weight_decay": 0.0001, "steps_per_iteration": null, "pin": false, "model_creator": null, "target_batch_size": 128, "model_string": "resnet50", "min_batch_size": 128, "dataset": "CIFAR", "placement": null, "use_nccl": true, "devices_per_worker": 1, "primary_resource": "extra_gpu", "gpu": false, "verbose": false, "lr_config": {"mode": "log", "steps": 5, "initial_lr": 0.5, "target_lr": 0.5}, "batch_per_device": 128}, "time_since_restore": 502.72645354270935, "timesteps_since_restore": 0, "iterations_since_restore": 12, "mean_throughput": 1446.8407423304577, "atoms": 1, "setup_time": 10.391275882720947}
