{"apply": 0.019843339920043945, "batch_time": 0.04202021224589288, "d2h": 0.0006760835647583007, "data_time": 0.0017807886118779096, "fwd": 0.11701383590698242, "get_state_time_mean": NaN, "get_state_time_total": 0.0, "grad": 0.17009682655334474, "mean_accuracy": 0.14729999005794525, "mean_loss": 2.348442718505859, "neg_mean_accuracy": -0.14729999005794525, "set_state_time_mean": NaN, "set_state_time_total": 0.0, "setup_model_time_mean": 8.242706537246704, "setup_model_time_total": 8.242706537246704, "setup_proc_time_mean": 0.39286279678344727, "setup_proc_time_total": 0.39286279678344727, "train_accuracy": 0.11959999799728394, "train_loss": 2.7345945207977294, "training_time_mean": NaN, "training_time_total": 0.0, "val_accuracy": 0.14729999005794525, "val_loss": 2.348442718505859, "validation_time_mean": NaN, "validation_time_total": 0.0, "samples": 60000, "num_workers": 1, "done": false, "timesteps_total": null, "episodes_total": null, "training_iteration": 1, "neg_mean_loss": -2.348442718505859, "experiment_id": "5185870541d04bc398d1bacf0ac2c568", "date": "2019-06-06_13-24-14", "timestamp": 1559852654, "time_this_iter_s": 47.38700795173645, "time_total_s": 47.38700795173645, "pid": 14587, "hostname": "steropes", "node_ip": "169.229.49.254", "config": {"starting_lr": 0.0001, "momentum": 0.9, "weight_decay": 0.005, "steps_per_iteration": null, "pin": false, "model_creator": null, "target_batch_size": 128, "model_string": "resnet50", "min_batch_size": 128, "dataset": "CIFAR", "placement": null, "use_nccl": true, "devices_per_worker": 1, "primary_resource": "extra_gpu", "gpu": false, "verbose": false, "lr_config": {"mode": "log", "steps": 5, "initial_lr": 0.0001, "target_lr": 0.0001}, "batch_per_device": 128}, "time_since_restore": 47.38700795173645, "timesteps_since_restore": 0, "iterations_since_restore": 1, "mean_throughput": 1266.1658080324348, "atoms": 1, "setup_time": 8.749316692352295}
{"apply": 0.022089266777038576, "batch_time": 0.03527947015400174, "d2h": 0.0007158517837524414, "data_time": 0.0018011895591950478, "fwd": 0.030937576293945314, "get_state_time_mean": NaN, "get_state_time_total": 0.0, "grad": 0.05216379165649414, "mean_accuracy": 0.15639999508857727, "mean_loss": 2.31097683506012, "neg_mean_accuracy": -0.1655000001192093, "set_state_time_mean": NaN, "set_state_time_total": 0.0, "setup_model_time_mean": NaN, "setup_model_time_total": 0.0, "setup_proc_time_mean": NaN, "setup_proc_time_total": 0.0, "train_accuracy": 0.14664000272750854, "train_loss": 2.3262264172363283, "training_time_mean": NaN, "training_time_total": 0.0, "val_accuracy": 0.1655000001192093, "val_loss": 2.27351095161438, "validation_time_mean": NaN, "validation_time_total": 0.0, "samples": 60000, "num_workers": 1, "done": false, "timesteps_total": null, "episodes_total": null, "training_iteration": 2, "neg_mean_loss": -2.31097683506012, "experiment_id": "5185870541d04bc398d1bacf0ac2c568", "date": "2019-06-06_13-24-57", "timestamp": 1559852697, "time_this_iter_s": 42.80809044837952, "time_total_s": 90.19509840011597, "pid": 14587, "hostname": "steropes", "node_ip": "169.229.49.254", "config": {"starting_lr": 0.0001, "momentum": 0.9, "weight_decay": 0.005, "steps_per_iteration": null, "pin": false, "model_creator": null, "target_batch_size": 128, "model_string": "resnet50", "min_batch_size": 128, "dataset": "CIFAR", "placement": null, "use_nccl": true, "devices_per_worker": 1, "primary_resource": "extra_gpu", "gpu": false, "verbose": false, "lr_config": {"mode": "log", "steps": 5, "initial_lr": 0.0001, "target_lr": 0.0001}, "batch_per_device": 128}, "time_since_restore": 90.19509840011597, "timesteps_since_restore": 0, "iterations_since_restore": 2, "mean_throughput": 1330.4458941615171, "atoms": 1, "setup_time": 8.749316692352295}
{"apply": 0.019680118560791014, "batch_time": 0.032599437085888056, "d2h": 0.000696110725402832, "data_time": 0.0017839441518954305, "fwd": 0.028053760528564453, "get_state_time_mean": NaN, "get_state_time_total": 0.0, "grad": 0.04855401515960693, "mean_accuracy": 0.16673332949479422, "mean_loss": 2.2758735256195073, "neg_mean_accuracy": -0.1873999983072281, "set_state_time_mean": NaN, "set_state_time_total": 0.0, "setup_model_time_mean": NaN, "setup_model_time_total": 0.0, "setup_proc_time_mean": NaN, "setup_proc_time_total": 0.0, "train_accuracy": 0.16701999306678772, "train_loss": 2.2602315480804442, "training_time_mean": NaN, "training_time_total": 0.0, "val_accuracy": 0.1873999983072281, "val_loss": 2.2056669067382813, "validation_time_mean": NaN, "validation_time_total": 0.0, "samples": 60000, "num_workers": 1, "done": true, "timesteps_total": null, "episodes_total": null, "training_iteration": 3, "neg_mean_loss": -2.2758735256195073, "experiment_id": "5185870541d04bc398d1bacf0ac2c568", "date": "2019-06-06_13-25-39", "timestamp": 1559852739, "time_this_iter_s": 41.92505145072937, "time_total_s": 132.12014985084534, "pid": 14587, "hostname": "steropes", "node_ip": "169.229.49.254", "config": {"starting_lr": 0.0001, "momentum": 0.9, "weight_decay": 0.005, "steps_per_iteration": null, "pin": false, "model_creator": null, "target_batch_size": 128, "model_string": "resnet50", "min_batch_size": 128, "dataset": "CIFAR", "placement": null, "use_nccl": true, "devices_per_worker": 1, "primary_resource": "extra_gpu", "gpu": false, "verbose": false, "lr_config": {"mode": "log", "steps": 5, "initial_lr": 0.0001, "target_lr": 0.0001}, "batch_per_device": 128}, "time_since_restore": 132.12014985084534, "timesteps_since_restore": 0, "iterations_since_restore": 3, "mean_throughput": 1362.3930862317052, "atoms": 1, "setup_time": 8.749316692352295}
