apply,batch_time,d2h,data_time,fwd,get_state_time_mean,get_state_time_total,grad,mean_accuracy,mean_loss,neg_mean_accuracy,set_state_time_mean,set_state_time_total,setup_model_time_mean,setup_model_time_total,setup_proc_time_mean,setup_proc_time_total,train_accuracy,train_loss,training_time_mean,training_time_total,val_accuracy,val_loss,validation_time_mean,validation_time_total,samples,num_workers,done,timesteps_total,episodes_total,training_iteration,neg_mean_loss,experiment_id,date,timestamp,time_this_iter_s,time_total_s,pid,hostname,node_ip,config,time_since_restore,timesteps_since_restore,iterations_since_restore,mean_throughput,atoms,setup_time
0.020982789993286132,0.041404669797873196,0.0007244586944580078,0.0017964547247532993,0.1181797981262207,nan,0.0,0.16500601768493653,0.32109999656677246,1.9626240947723388,-0.32109999656677246,nan,0.0,8.177622079849243,8.177622079849243,0.4019339084625244,0.4019339084625244,0.22547999024391174,2.276938370361328,nan,0.0,0.32109999656677246,1.9626240947723388,nan,0.0,60000,1,False,,,1,-1.9626240947723388,d554027c581d42528367b8bef275f77e,2019-06-06_13-23-39,1559852619,46.342812299728394,46.342812299728394,14586,steropes,169.229.49.254,"{'starting_lr': 0.001, 'momentum': 0.95, 'weight_decay': 0.0001, 'steps_per_iteration': None, 'pin': False, 'model_creator': None, 'target_batch_size': 128, 'model_string': 'resnet50', 'min_batch_size': 128, 'dataset': 'CIFAR', 'placement': None, 'use_nccl': True, 'devices_per_worker': 1, 'primary_resource': 'extra_gpu', 'gpu': False, 'verbose': False, 'lr_config': {'mode': 'log', 'steps': 5, 'initial_lr': 0.001, 'target_lr': 0.001}, 'batch_per_device': 128}",46.342812299728394,0,1,1294.6962591803513,1,8.701042175292969
0.017513394355773926,0.03158293796491019,0.0007202625274658203,0.0017047861348027768,0.027675437927246093,nan,0.0,0.047583794593811034,0.35394999384880066,1.8403092423439027,-0.38679999113082886,nan,0.0,nan,0.0,nan,0.0,0.3349599838256836,1.8617625931549073,nan,0.0,0.38679999113082886,1.7179943899154664,nan,0.0,60000,1,False,,,2,-1.8403092423439027,d554027c581d42528367b8bef275f77e,2019-06-06_13-24-20,1559852660,40.7879114151001,87.13072371482849,14586,steropes,169.229.49.254,"{'starting_lr': 0.001, 'momentum': 0.95, 'weight_decay': 0.0001, 'steps_per_iteration': None, 'pin': False, 'model_creator': None, 'target_batch_size': 128, 'model_string': 'resnet50', 'min_batch_size': 128, 'dataset': 'CIFAR', 'placement': None, 'use_nccl': True, 'devices_per_worker': 1, 'primary_resource': 'extra_gpu', 'gpu': False, 'verbose': False, 'lr_config': {'mode': 'log', 'steps': 5, 'initial_lr': 0.001, 'target_lr': 0.001}, 'batch_per_device': 128}",87.13072371482849,0,2,1377.2380438910654,1,8.701042175292969
0.01942598819732666,0.03186716610872293,0.0007343769073486328,0.0017402818440781225,0.029039478302001952,nan,0.0,0.04797110557556152,0.37886666258176166,1.7653682479858397,-0.4287000000476837,nan,0.0,nan,0.0,nan,0.0,0.38288000226020813,1.718268126182556,nan,0.0,0.4287000000476837,1.6154862592697143,nan,0.0,60000,1,False,,,3,-1.7653682479858397,d554027c581d42528367b8bef275f77e,2019-06-06_13-25-01,1559852701,41.05084419250488,128.18156790733337,14586,steropes,169.229.49.254,"{'starting_lr': 0.001, 'momentum': 0.95, 'weight_decay': 0.0001, 'steps_per_iteration': None, 'pin': False, 'model_creator': None, 'target_batch_size': 128, 'model_string': 'resnet50', 'min_batch_size': 128, 'dataset': 'CIFAR', 'placement': None, 'use_nccl': True, 'devices_per_worker': 1, 'primary_resource': 'extra_gpu', 'gpu': False, 'verbose': False, 'lr_config': {'mode': 'log', 'steps': 5, 'initial_lr': 0.001, 'target_lr': 0.001}, 'batch_per_device': 128}",128.18156790733337,0,3,1404.2552009002384,1,8.701042175292969
0.017386698722839357,0.03240291981757441,0.0007337093353271485,0.0016852565433668053,0.027875566482543947,nan,0.0,0.048100519180297854,0.3978249952197075,1.7260419732570647,-0.4546999931335449,nan,0.0,nan,0.0,nan,0.0,0.4115400016307831,1.639680605392456,nan,0.0,0.4546999931335449,1.6080631490707398,nan,0.0,60000,1,False,,,4,-1.7260419732570647,d554027c581d42528367b8bef275f77e,2019-06-06_13-25-42,1559852742,40.929482221603394,169.11105012893677,14586,steropes,169.229.49.254,"{'starting_lr': 0.001, 'momentum': 0.95, 'weight_decay': 0.0001, 'steps_per_iteration': None, 'pin': False, 'model_creator': None, 'target_batch_size': 128, 'model_string': 'resnet50', 'min_batch_size': 128, 'dataset': 'CIFAR', 'placement': None, 'use_nccl': True, 'devices_per_worker': 1, 'primary_resource': 'extra_gpu', 'gpu': False, 'verbose': False, 'lr_config': {'mode': 'log', 'steps': 5, 'initial_lr': 0.001, 'target_lr': 0.001}, 'batch_per_device': 128}",169.11105012893677,0,4,1419.1829271223928,1,8.701042175292969
0.01765711307525635,0.03219056733046906,0.0006986379623413086,0.0017515265423318615,0.029226922988891603,nan,0.0,0.0482351541519165,0.41303999423980714,1.6789175186157226,-0.4738999903202057,nan,0.0,nan,0.0,nan,0.0,0.44251999258995056,1.5632949365997315,nan,0.0,0.4738999903202057,1.490419700050354,nan,0.0,60000,1,False,,,5,-1.6789175186157226,d554027c581d42528367b8bef275f77e,2019-06-06_13-26-23,1559852783,41.01650595664978,210.12755608558655,14586,steropes,169.229.49.254,"{'starting_lr': 0.001, 'momentum': 0.95, 'weight_decay': 0.0001, 'steps_per_iteration': None, 'pin': False, 'model_creator': None, 'target_batch_size': 128, 'model_string': 'resnet50', 'min_batch_size': 128, 'dataset': 'CIFAR', 'placement': None, 'use_nccl': True, 'devices_per_worker': 1, 'primary_resource': 'extra_gpu', 'gpu': False, 'verbose': False, 'lr_config': {'mode': 'log', 'steps': 5, 'initial_lr': 0.001, 'target_lr': 0.001}, 'batch_per_device': 128}",210.12755608558655,0,5,1427.700837966632,1,8.701042175292969
0.01888406276702881,0.031879425048828125,0.0007292509078979492,0.0017230760715806577,0.029257798194885255,nan,0.0,0.04825606346130371,0.44573999047279356,1.5904838124847411,-0.4845999777317047,nan,0.0,nan,0.0,nan,0.0,0.4609600007534027,1.5097619537353515,nan,0.0,0.4845999777317047,1.5204555641174315,nan,0.0,60000,1,False,,,6,-1.5904838124847411,d554027c581d42528367b8bef275f77e,2019-06-06_13-27-03,1559852823,40.84736633300781,250.97492241859436,14586,steropes,169.229.49.254,"{'starting_lr': 0.001, 'momentum': 0.95, 'weight_decay': 0.0001, 'steps_per_iteration': None, 'pin': False, 'model_creator': None, 'target_batch_size': 128, 'model_string': 'resnet50', 'min_batch_size': 128, 'dataset': 'CIFAR', 'placement': None, 'use_nccl': True, 'devices_per_worker': 1, 'primary_resource': 'extra_gpu', 'gpu': False, 'verbose': False, 'lr_config': {'mode': 'log', 'steps': 5, 'initial_lr': 0.001, 'target_lr': 0.001}, 'batch_per_device': 128}",250.97492241859436,0,6,1466.0421524984777,1,8.701042175292969
0.017626190185546876,0.03145654895637609,0.0007199287414550781,0.0017390732874955667,0.027901577949523925,nan,0.0,0.04776389598846435,0.4675199925899506,1.5323256221389772,-0.49570000171661377,nan,0.0,nan,0.0,nan,0.0,0.48117998242378235,1.4476154985427856,nan,0.0,0.49570000171661377,1.4272034381866454,nan,0.0,60000,1,False,,,7,-1.5323256221389772,d554027c581d42528367b8bef275f77e,2019-06-06_13-27-44,1559852864,40.94712471961975,291.9220471382141,14586,steropes,169.229.49.254,"{'starting_lr': 0.001, 'momentum': 0.95, 'weight_decay': 0.0001, 'steps_per_iteration': None, 'pin': False, 'model_creator': None, 'target_batch_size': 128, 'model_string': 'resnet50', 'min_batch_size': 128, 'dataset': 'CIFAR', 'placement': None, 'use_nccl': True, 'devices_per_worker': 1, 'primary_resource': 'extra_gpu', 'gpu': False, 'verbose': False, 'lr_config': {'mode': 'log', 'steps': 5, 'initial_lr': 0.001, 'target_lr': 0.001}, 'batch_per_device': 128}",291.9220471382141,0,7,1464.902386106227,1,8.701042175292969
0.019424009323120116,0.03172875054274933,0.0006962299346923828,0.001735686036327001,0.028829455375671387,nan,0.0,0.04753630161285401,0.4800399899482727,1.499020029449463,-0.49129998683929443,nan,0.0,nan,0.0,nan,0.0,0.49625998735427856,1.4160981154632568,nan,0.0,0.49129998683929443,1.4489582958221436,nan,0.0,60000,1,False,,,8,-1.499020029449463,d554027c581d42528367b8bef275f77e,2019-06-06_13-28-26,1559852906,41.15458965301514,333.07663679122925,14586,steropes,169.229.49.254,"{'starting_lr': 0.001, 'momentum': 0.95, 'weight_decay': 0.0001, 'steps_per_iteration': None, 'pin': False, 'model_creator': None, 'target_batch_size': 128, 'model_string': 'resnet50', 'min_batch_size': 128, 'dataset': 'CIFAR', 'placement': None, 'use_nccl': True, 'devices_per_worker': 1, 'primary_resource': 'extra_gpu', 'gpu': False, 'verbose': False, 'lr_config': {'mode': 'log', 'steps': 5, 'initial_lr': 0.001, 'target_lr': 0.001}, 'batch_per_device': 128}",333.07663679122925,0,8,1464.1606468701625,1,8.701042175292969
0.01759326457977295,0.031248964840852763,0.0007077217102050781,0.0017102411031113256,0.02797567844390869,nan,0.0,0.04786193370819092,0.49193998575210574,1.4481539167022706,-0.51419997215271,nan,0.0,nan,0.0,nan,0.0,0.5031799674034119,1.390793134613037,nan,0.0,0.51419997215271,1.353732585334778,nan,0.0,60000,1,False,,,9,-1.4481539167022706,d554027c581d42528367b8bef275f77e,2019-06-06_13-29-06,1559852946,40.560731172561646,373.6373679637909,14586,steropes,169.229.49.254,"{'starting_lr': 0.001, 'momentum': 0.95, 'weight_decay': 0.0001, 'steps_per_iteration': None, 'pin': False, 'model_creator': None, 'target_batch_size': 128, 'model_string': 'resnet50', 'min_batch_size': 128, 'dataset': 'CIFAR', 'placement': None, 'use_nccl': True, 'devices_per_worker': 1, 'primary_resource': 'extra_gpu', 'gpu': False, 'verbose': False, 'lr_config': {'mode': 'log', 'steps': 5, 'initial_lr': 0.001, 'target_lr': 0.001}, 'batch_per_device': 128}",373.6373679637909,0,9,1466.8004685279993,1,8.701042175292969
0.0178926944732666,0.03159045569504364,0.0007281064987182617,0.0017299066724069893,0.028330397605895997,nan,0.0,0.04748542308807373,0.5035599887371063,1.409173982963562,-0.5320000052452087,nan,0.0,nan,0.0,nan,0.0,0.5210199952125549,1.352767637939453,nan,0.0,0.5320000052452087,1.2955200313568116,nan,0.0,60000,1,False,,,10,-1.409173982963562,d554027c581d42528367b8bef275f77e,2019-06-06_13-29-47,1559852987,40.77503728866577,414.41240525245667,14586,steropes,169.229.49.254,"{'starting_lr': 0.001, 'momentum': 0.95, 'weight_decay': 0.0001, 'steps_per_iteration': None, 'pin': False, 'model_creator': None, 'target_batch_size': 128, 'model_string': 'resnet50', 'min_batch_size': 128, 'dataset': 'CIFAR', 'placement': None, 'use_nccl': True, 'devices_per_worker': 1, 'primary_resource': 'extra_gpu', 'gpu': False, 'verbose': False, 'lr_config': {'mode': 'log', 'steps': 5, 'initial_lr': 0.001, 'target_lr': 0.001}, 'batch_per_device': 128}",414.41240525245667,0,10,1468.534779058261,1,8.701042175292969
0.017773747444152832,0.07710623443126678,0.0006761670112609864,0.002879760095051357,0.1888700842857361,nan,0.0,0.2180777907371521,0.5155999898910523,1.3654649196815491,-0.5447999835014343,3.5843422412872314,3.5843422412872314,11.985605239868164,11.985605239868164,0.2505817413330078,0.2505817413330078,0.5418800115585327,1.2789213976097107,nan,0.0,0.5447999835014343,1.301910247707367,nan,0.0,60000,2,False,,,11,-1.3654649196815491,d554027c581d42528367b8bef275f77e,2019-06-06_13-30-48,1559853048,34.88300895690918,449.29541420936584,28801,steropes,169.229.49.254,"{'starting_lr': 0.001, 'momentum': 0.95, 'weight_decay': 0.0001, 'steps_per_iteration': None, 'pin': False, 'model_creator': None, 'target_batch_size': 128, 'model_string': 'resnet50', 'min_batch_size': 128, 'dataset': 'CIFAR', 'placement': None, 'use_nccl': True, 'devices_per_worker': 1, 'primary_resource': 'extra_gpu', 'gpu': False, 'verbose': False, 'lr_config': {'mode': 'log', 'steps': 5, 'initial_lr': 0.001, 'target_lr': 0.0014142135623730952}, 'batch_per_device': 128}",34.88300895690918,0,1,1720.0307795119732,2,20.759363651275635
0.017645347118377685,0.03750597834587097,0.0007399201393127441,0.0027817901299924267,0.027776765823364257,nan,0.0,0.07909601926803589,0.5270599842071533,1.3277848187446595,-0.5529999732971191,nan,0.0,nan,0.0,nan,0.0,0.5483399629592896,1.254452699584961,nan,0.0,0.5529999732971191,1.238802933502197,nan,0.0,60000,2,False,,,12,-1.3277848187446595,d554027c581d42528367b8bef275f77e,2019-06-06_13-31-15,1559853075,27.441795587539673,476.7372097969055,28801,steropes,169.229.49.254,"{'starting_lr': 0.001, 'momentum': 0.95, 'weight_decay': 0.0001, 'steps_per_iteration': None, 'pin': False, 'model_creator': None, 'target_batch_size': 128, 'model_string': 'resnet50', 'min_batch_size': 128, 'dataset': 'CIFAR', 'placement': None, 'use_nccl': True, 'devices_per_worker': 1, 'primary_resource': 'extra_gpu', 'gpu': False, 'verbose': False, 'lr_config': {'mode': 'log', 'steps': 5, 'initial_lr': 0.001, 'target_lr': 0.0014142135623730952}, 'batch_per_device': 128}",62.32480454444885,0,2,1925.391918519072,2,20.759363651275635
0.018844652175903323,0.03669122159481049,0.0007029891014099122,0.0028392593471371396,0.028477585315704344,nan,0.0,0.07951993942260742,0.5404799818992615,1.3046279578781128,-0.5583999752998352,nan,0.0,nan,0.0,nan,0.0,0.5557399988174438,1.2420949905014038,nan,0.0,0.5583999752998352,1.3331739914894105,nan,0.0,60000,2,False,,,13,-1.3046279578781128,d554027c581d42528367b8bef275f77e,2019-06-06_13-31-43,1559853103,27.55094075202942,504.28815054893494,28801,steropes,169.229.49.254,"{'starting_lr': 0.001, 'momentum': 0.95, 'weight_decay': 0.0001, 'steps_per_iteration': None, 'pin': False, 'model_creator': None, 'target_batch_size': 128, 'model_string': 'resnet50', 'min_batch_size': 128, 'dataset': 'CIFAR', 'placement': None, 'use_nccl': True, 'devices_per_worker': 1, 'primary_resource': 'extra_gpu', 'gpu': False, 'verbose': False, 'lr_config': {'mode': 'log', 'steps': 5, 'initial_lr': 0.001, 'target_lr': 0.0014142135623730952}, 'batch_per_device': 128}",89.87574529647827,0,3,2002.753807070006,2,20.759363651275635
0.017961716651916503,0.03694296479225159,0.000701904296875,0.0027503681426145595,0.028032076358795163,nan,0.0,0.07917406558990478,0.5497799873352051,1.2787154143524169,-0.560699999332428,nan,0.0,nan,0.0,nan,0.0,0.560539960861206,1.227875724506378,nan,0.0,0.560699999332428,1.2241698677062989,nan,0.0,60000,2,False,,,14,-1.2787154143524169,d554027c581d42528367b8bef275f77e,2019-06-06_13-32-10,1559853130,27.529036045074463,531.8171865940094,28801,steropes,169.229.49.254,"{'starting_lr': 0.001, 'momentum': 0.95, 'weight_decay': 0.0001, 'steps_per_iteration': None, 'pin': False, 'model_creator': None, 'target_batch_size': 128, 'model_string': 'resnet50', 'min_batch_size': 128, 'dataset': 'CIFAR', 'placement': None, 'use_nccl': True, 'devices_per_worker': 1, 'primary_resource': 'extra_gpu', 'gpu': False, 'verbose': False, 'lr_config': {'mode': 'log', 'steps': 5, 'initial_lr': 0.001, 'target_lr': 0.0014142135623730952}, 'batch_per_device': 128}",117.40478134155273,0,4,2044.1995987147852,2,20.759363651275635
0.018744897842407227,0.038863110542297366,0.0006587743759155273,0.0027261984591581386,0.029422426223754884,nan,0.0,0.08024902343750001,0.5568799853324891,1.2656017755508422,-0.5674999952316284,nan,0.0,nan,0.0,nan,0.0,0.5666799545288086,1.219395983467102,nan,0.0,0.5674999952316284,1.229951837348938,nan,0.0,60000,2,False,,,15,-1.2656017755508422,d554027c581d42528367b8bef275f77e,2019-06-06_13-32-38,1559853158,27.47752571105957,559.294712305069,28801,steropes,169.229.49.254,"{'starting_lr': 0.001, 'momentum': 0.95, 'weight_decay': 0.0001, 'steps_per_iteration': None, 'pin': False, 'model_creator': None, 'target_batch_size': 128, 'model_string': 'resnet50', 'min_batch_size': 128, 'dataset': 'CIFAR', 'placement': None, 'use_nccl': True, 'devices_per_worker': 1, 'primary_resource': 'extra_gpu', 'gpu': False, 'verbose': False, 'lr_config': {'mode': 'log', 'steps': 5, 'initial_lr': 0.001, 'target_lr': 0.0014142135623730952}, 'batch_per_device': 128}",144.8823070526123,0,5,2070.636740752257,2,20.759363651275635
0.018334507942199707,0.03804357945919037,0.0006875395774841309,0.002774352930030044,0.028410172462463378,nan,0.0,0.07980519533157349,0.5633599877357482,1.245574348526001,-0.5771999955177307,nan,0.0,nan,0.0,nan,0.0,0.57423996925354,1.1947625984573365,nan,0.0,0.5771999955177307,1.2017731125831603,nan,0.0,60000,2,False,,,16,-1.245574348526001,d554027c581d42528367b8bef275f77e,2019-06-06_13-33-05,1559853185,27.320526123046875,586.6152384281158,28801,steropes,169.229.49.254,"{'starting_lr': 0.001, 'momentum': 0.95, 'weight_decay': 0.0001, 'steps_per_iteration': None, 'pin': False, 'model_creator': None, 'target_batch_size': 128, 'model_string': 'resnet50', 'min_batch_size': 128, 'dataset': 'CIFAR', 'placement': None, 'use_nccl': True, 'devices_per_worker': 1, 'primary_resource': 'extra_gpu', 'gpu': False, 'verbose': False, 'lr_config': {'mode': 'log', 'steps': 5, 'initial_lr': 0.001, 'target_lr': 0.0014142135623730952}, 'batch_per_device': 128}",172.20283317565918,0,6,2184.670493470582,2,20.759363651275635
0.01759706735610962,0.03678202033042908,0.0006504178047180176,0.0027378079842547984,0.027554810047149658,nan,0.0,0.07903337478637695,0.5668199896812439,1.239549179325104,-0.5702999830245972,nan,0.0,nan,0.0,nan,0.0,0.5824999809265137,1.1706212024497984,nan,0.0,0.5702999830245972,1.208677087497711,nan,0.0,60000,2,False,,,17,-1.239549179325104,d554027c581d42528367b8bef275f77e,2019-06-06_13-33-32,1559853212,27.377461433410645,613.9926998615265,28801,steropes,169.229.49.254,"{'starting_lr': 0.001, 'momentum': 0.95, 'weight_decay': 0.0001, 'steps_per_iteration': None, 'pin': False, 'model_creator': None, 'target_batch_size': 128, 'model_string': 'resnet50', 'min_batch_size': 128, 'dataset': 'CIFAR', 'placement': None, 'use_nccl': True, 'devices_per_worker': 1, 'primary_resource': 'extra_gpu', 'gpu': False, 'verbose': False, 'lr_config': {'mode': 'log', 'steps': 5, 'initial_lr': 0.001, 'target_lr': 0.0014142135623730952}, 'batch_per_device': 128}",199.58029460906982,0,7,2185.6929345056274,2,20.759363651275635
0.018433427810668944,0.03677757978439331,0.0007866382598876952,0.0028324656340540672,0.028690779209136964,nan,0.0,0.07963595390319825,0.5719199895858764,1.2106738494682312,-0.583899974822998,nan,0.0,nan,0.0,nan,0.0,0.5892399549484253,1.1507750015735625,nan,0.0,0.583899974822998,1.1887973422050475,nan,0.0,60000,2,False,,,18,-1.2106738494682312,d554027c581d42528367b8bef275f77e,2019-06-06_13-34-00,1559853240,27.66908359527588,641.6617834568024,28801,steropes,169.229.49.254,"{'starting_lr': 0.001, 'momentum': 0.95, 'weight_decay': 0.0001, 'steps_per_iteration': None, 'pin': False, 'model_creator': None, 'target_batch_size': 128, 'model_string': 'resnet50', 'min_batch_size': 128, 'dataset': 'CIFAR', 'placement': None, 'use_nccl': True, 'devices_per_worker': 1, 'primary_resource': 'extra_gpu', 'gpu': False, 'verbose': False, 'lr_config': {'mode': 'log', 'steps': 5, 'initial_lr': 0.001, 'target_lr': 0.0014142135623730952}, 'batch_per_device': 128}",227.2493782043457,0,8,2183.8161430890495,2,20.759363651275635
0.01925429105758667,0.04016570448875427,0.0006735920906066895,0.002798936804946588,0.029369008541107175,nan,0.0,0.08313857316970825,0.5762199878692627,1.1993847840309144,-0.5821999907493591,nan,0.0,nan,0.0,nan,0.0,0.5965999364852905,1.140751580104828,nan,0.0,0.5821999907493591,1.1677245405197145,nan,0.0,60000,2,False,,,19,-1.1993847840309144,d554027c581d42528367b8bef275f77e,2019-06-06_13-34-28,1559853268,28.280003309249878,669.9417867660522,28801,steropes,169.229.49.254,"{'starting_lr': 0.001, 'momentum': 0.95, 'weight_decay': 0.0001, 'steps_per_iteration': None, 'pin': False, 'model_creator': None, 'target_batch_size': 128, 'model_string': 'resnet50', 'min_batch_size': 128, 'dataset': 'CIFAR', 'placement': None, 'use_nccl': True, 'devices_per_worker': 1, 'primary_resource': 'extra_gpu', 'gpu': False, 'verbose': False, 'lr_config': {'mode': 'log', 'steps': 5, 'initial_lr': 0.001, 'target_lr': 0.0014142135623730952}, 'batch_per_device': 128}",255.52938151359558,0,9,2171.9430770526146,2,20.759363651275635
0.020997011661529542,0.039336174726486206,0.000639045238494873,0.0028078537814471187,0.030784749984741212,nan,0.0,0.08226743936538697,0.5798399806022644,1.1925021781730654,-0.585599958896637,nan,0.0,nan,0.0,nan,0.0,0.6018799543380737,1.1221085137367248,nan,0.0,0.585599958896637,1.1955388080596925,nan,0.0,60000,2,False,,,20,-1.1925021781730654,d554027c581d42528367b8bef275f77e,2019-06-06_13-34-57,1559853297,28.702263593673706,698.644050359726,28801,steropes,169.229.49.254,"{'starting_lr': 0.001, 'momentum': 0.95, 'weight_decay': 0.0001, 'steps_per_iteration': None, 'pin': False, 'model_creator': None, 'target_batch_size': 128, 'model_string': 'resnet50', 'min_batch_size': 128, 'dataset': 'CIFAR', 'placement': None, 'use_nccl': True, 'devices_per_worker': 1, 'primary_resource': 'extra_gpu', 'gpu': False, 'verbose': False, 'lr_config': {'mode': 'log', 'steps': 5, 'initial_lr': 0.001, 'target_lr': 0.0014142135623730952}, 'batch_per_device': 128}",284.2316451072693,0,10,2152.8540486317784,2,20.759363651275635
0.021186089515686034,0.03899596333503723,0.0006458282470703125,0.0027291099635922177,0.029698026180267335,nan,0.0,0.08353313207626342,0.5829799771308899,1.1883180124855042,-0.5928999781608582,nan,0.0,nan,0.0,nan,0.0,0.6092000007629395,1.09399141040802,nan,0.0,0.5928999781608582,1.1808522841453553,nan,0.0,60000,2,False,,,21,-1.1883180124855042,d554027c581d42528367b8bef275f77e,2019-06-06_13-35-26,1559853326,28.768649101257324,727.4126994609833,28801,steropes,169.229.49.254,"{'starting_lr': 0.001, 'momentum': 0.95, 'weight_decay': 0.0001, 'steps_per_iteration': None, 'pin': False, 'model_creator': None, 'target_batch_size': 128, 'model_string': 'resnet50', 'min_batch_size': 128, 'dataset': 'CIFAR', 'placement': None, 'use_nccl': True, 'devices_per_worker': 1, 'primary_resource': 'extra_gpu', 'gpu': False, 'verbose': False, 'lr_config': {'mode': 'log', 'steps': 5, 'initial_lr': 0.001, 'target_lr': 0.0014142135623730952}, 'batch_per_device': 128}",313.0002942085266,0,11,2130.711754177048,2,20.759363651275635
0.02012115716934204,0.038564047217369085,0.0006458878517150879,0.002867438963481358,0.029202198982238768,nan,0.0,0.08166395425796509,0.5893399834632873,1.1786561631202699,-0.6021000146865845,nan,0.0,nan,0.0,nan,0.0,0.6113200187683105,1.0839759609794617,nan,0.0,0.6021000146865845,1.1603678406715394,nan,0.0,60000,2,False,,,22,-1.1786561631202699,d554027c581d42528367b8bef275f77e,2019-06-06_13-35-55,1559853355,28.962016582489014,756.3747160434723,28801,steropes,169.229.49.254,"{'starting_lr': 0.001, 'momentum': 0.95, 'weight_decay': 0.0001, 'steps_per_iteration': None, 'pin': False, 'model_creator': None, 'target_batch_size': 128, 'model_string': 'resnet50', 'min_batch_size': 128, 'dataset': 'CIFAR', 'placement': None, 'use_nccl': True, 'devices_per_worker': 1, 'primary_resource': 'extra_gpu', 'gpu': False, 'verbose': False, 'lr_config': {'mode': 'log', 'steps': 5, 'initial_lr': 0.001, 'target_lr': 0.0014142135623730952}, 'batch_per_device': 128}",341.9623107910156,0,12,2107.000806545054,2,20.759363651275635
0.020361387729644777,0.0389467865228653,0.0006412982940673829,0.002783539952064047,0.029940152168273927,nan,0.0,0.08474986553192138,0.5947799801826477,1.1613362401390077,-0.6110999584197998,nan,0.0,nan,0.0,nan,0.0,0.6217600107192993,1.0651686743164062,nan,0.0,0.6110999584197998,1.1021977272987367,nan,0.0,60000,2,False,,,23,-1.1613362401390077,d554027c581d42528367b8bef275f77e,2019-06-06_13-36-24,1559853384,28.982358694076538,785.3570747375488,28801,steropes,169.229.49.254,"{'starting_lr': 0.001, 'momentum': 0.95, 'weight_decay': 0.0001, 'steps_per_iteration': None, 'pin': False, 'model_creator': None, 'target_batch_size': 128, 'model_string': 'resnet50', 'min_batch_size': 128, 'dataset': 'CIFAR', 'placement': None, 'use_nccl': True, 'devices_per_worker': 1, 'primary_resource': 'extra_gpu', 'gpu': False, 'verbose': False, 'lr_config': {'mode': 'log', 'steps': 5, 'initial_lr': 0.001, 'target_lr': 0.0014142135623730952}, 'batch_per_device': 128}",370.94466948509216,0,13,2087.7454159784347,2,20.759363651275635
0.019256782531738282,0.03791898190975189,0.000745689868927002,0.0028346697894894345,0.02979588508605957,nan,0.0,0.08303333520889282,0.6003799796104431,1.1553245905876162,-0.6101999878883362,nan,0.0,nan,0.0,nan,0.0,0.6258000135421753,1.048754662914276,nan,0.0,0.6101999878883362,1.1376662927627565,nan,0.0,60000,2,False,,,24,-1.1553245905876162,d554027c581d42528367b8bef275f77e,2019-06-06_13-36-53,1559853413,28.94808602333069,814.3051607608795,28801,steropes,169.229.49.254,"{'starting_lr': 0.001, 'momentum': 0.95, 'weight_decay': 0.0001, 'steps_per_iteration': None, 'pin': False, 'model_creator': None, 'target_batch_size': 128, 'model_string': 'resnet50', 'min_batch_size': 128, 'dataset': 'CIFAR', 'placement': None, 'use_nccl': True, 'devices_per_worker': 1, 'primary_resource': 'extra_gpu', 'gpu': False, 'verbose': False, 'lr_config': {'mode': 'log', 'steps': 5, 'initial_lr': 0.001, 'target_lr': 0.0014142135623730952}, 'batch_per_device': 128}",399.89275550842285,0,14,2078.0837185340492,2,20.759363651275635
0.019942200183868407,0.038135895133018495,0.0006401896476745605,0.002760492417277122,0.029207658767700196,nan,0.0,0.08366287946701051,0.6065999865531921,1.1347237629127502,-0.6166999936103821,nan,0.0,nan,0.0,nan,0.0,0.630840003490448,1.0331595355415344,nan,0.0,0.6166999936103821,1.0925346696853637,nan,0.0,60000,2,False,,,25,-1.1347237629127502,d554027c581d42528367b8bef275f77e,2019-06-06_13-37-22,1559853442,28.889542818069458,843.194703578949,28801,steropes,169.229.49.254,"{'starting_lr': 0.001, 'momentum': 0.95, 'weight_decay': 0.0001, 'steps_per_iteration': None, 'pin': False, 'model_creator': None, 'target_batch_size': 128, 'model_string': 'resnet50', 'min_batch_size': 128, 'dataset': 'CIFAR', 'placement': None, 'use_nccl': True, 'devices_per_worker': 1, 'primary_resource': 'extra_gpu', 'gpu': False, 'verbose': False, 'lr_config': {'mode': 'log', 'steps': 5, 'initial_lr': 0.001, 'target_lr': 0.0014142135623730952}, 'batch_per_device': 128}",428.7822983264923,0,15,2075.3912768740083,2,20.759363651275635
0.020781278610229492,0.03819667398929596,0.0006610751152038574,0.002770886737473157,0.02947742938995361,nan,0.0,0.08466663360595703,0.6135999917984009,1.1114093297958376,-0.6279000043869019,nan,0.0,nan,0.0,nan,0.0,0.6376399993896484,1.0201191961479186,nan,0.0,0.6279000043869019,1.064280118560791,nan,0.0,60000,2,False,,,26,-1.1114093297958376,d554027c581d42528367b8bef275f77e,2019-06-06_13-37-51,1559853471,28.96896743774414,872.1636710166931,28801,steropes,169.229.49.254,"{'starting_lr': 0.001, 'momentum': 0.95, 'weight_decay': 0.0001, 'steps_per_iteration': None, 'pin': False, 'model_creator': None, 'target_batch_size': 128, 'model_string': 'resnet50', 'min_batch_size': 128, 'dataset': 'CIFAR', 'placement': None, 'use_nccl': True, 'devices_per_worker': 1, 'primary_resource': 'extra_gpu', 'gpu': False, 'verbose': False, 'lr_config': {'mode': 'log', 'steps': 5, 'initial_lr': 0.001, 'target_lr': 0.0014142135623730952}, 'batch_per_device': 128}",457.75126576423645,0,16,2072.518275751429,2,20.759363651275635
0.018205761909484863,0.03839203715324402,0.0007475972175598144,0.0027297114839359205,0.028745222091674804,nan,0.0,0.08130569458007812,0.6192999839782715,1.0897478609085085,-0.6305999755859375,nan,0.0,nan,0.0,nan,0.0,0.6414400339126587,1.0028918326950074,nan,0.0,0.6305999755859375,1.0520604962348938,nan,0.0,60000,2,False,,,27,-1.0897478609085085,d554027c581d42528367b8bef275f77e,2019-06-06_13-38-19,1559853499,28.78182888031006,900.9454998970032,28801,steropes,169.229.49.254,"{'starting_lr': 0.001, 'momentum': 0.95, 'weight_decay': 0.0001, 'steps_per_iteration': None, 'pin': False, 'model_creator': None, 'target_batch_size': 128, 'model_string': 'resnet50', 'min_batch_size': 128, 'dataset': 'CIFAR', 'placement': None, 'use_nccl': True, 'devices_per_worker': 1, 'primary_resource': 'extra_gpu', 'gpu': False, 'verbose': False, 'lr_config': {'mode': 'log', 'steps': 5, 'initial_lr': 0.001, 'target_lr': 0.0014142135623730952}, 'batch_per_device': 128}",486.5330946445465,0,17,2075.10139500677,2,20.759363651275635
0.019901299476623537,0.038272625207901007,0.0006419897079467773,0.0027466519754760117,0.029532766342163085,nan,0.0,0.0834621787071228,0.6216799855232239,1.0859841130447387,-0.6229999661445618,nan,0.0,nan,0.0,nan,0.0,0.6486999988555908,0.9908751002883911,nan,0.0,0.6229999661445618,1.083378987979889,nan,0.0,60000,2,False,,,28,-1.0859841130447387,d554027c581d42528367b8bef275f77e,2019-06-06_13-38-48,1559853528,29.04541516304016,929.9909150600433,28801,steropes,169.229.49.254,"{'starting_lr': 0.001, 'momentum': 0.95, 'weight_decay': 0.0001, 'steps_per_iteration': None, 'pin': False, 'model_creator': None, 'target_batch_size': 128, 'model_string': 'resnet50', 'min_batch_size': 128, 'dataset': 'CIFAR', 'placement': None, 'use_nccl': True, 'devices_per_worker': 1, 'primary_resource': 'extra_gpu', 'gpu': False, 'verbose': False, 'lr_config': {'mode': 'log', 'steps': 5, 'initial_lr': 0.001, 'target_lr': 0.0014142135623730952}, 'batch_per_device': 128}",515.5785098075867,0,18,2074.196682098509,2,20.759363651275635
0.020073354244232178,0.03793466091156006,0.0006446957588195801,0.002716072359863593,0.030749285221099855,nan,0.0,0.08316172361373901,0.6237599849700928,1.089683701534271,-0.6205999851226807,nan,0.0,nan,0.0,nan,0.0,0.6536399722099304,0.9717489151573181,nan,0.0,0.6205999851226807,1.1561642352104187,nan,0.0,60000,2,False,,,29,-1.089683701534271,d554027c581d42528367b8bef275f77e,2019-06-06_13-39-17,1559853557,28.944953203201294,958.9358682632446,28801,steropes,169.229.49.254,"{'starting_lr': 0.001, 'momentum': 0.95, 'weight_decay': 0.0001, 'steps_per_iteration': None, 'pin': False, 'model_creator': None, 'target_batch_size': 128, 'model_string': 'resnet50', 'min_batch_size': 128, 'dataset': 'CIFAR', 'placement': None, 'use_nccl': True, 'devices_per_worker': 1, 'primary_resource': 'extra_gpu', 'gpu': False, 'verbose': False, 'lr_config': {'mode': 'log', 'steps': 5, 'initial_lr': 0.001, 'target_lr': 0.0014142135623730952}, 'batch_per_device': 128}",544.523463010788,0,19,2074.2415526321747,2,20.759363651275635
0.019916415214538574,0.03760225474834442,0.0006424903869628907,0.002790422463903622,0.02881406545639038,nan,0.0,0.08365128040313721,0.625059974193573,1.0835045987701415,-0.6231999397277832,nan,0.0,nan,0.0,nan,0.0,0.6574599742889404,0.9600384422874451,nan,0.0,0.6231999397277832,1.0616391558647156,nan,0.0,60000,2,False,,,30,-1.0835045987701415,d554027c581d42528367b8bef275f77e,2019-06-06_13-39-46,1559853586,28.878591537475586,987.8144598007202,28801,steropes,169.229.49.254,"{'starting_lr': 0.001, 'momentum': 0.95, 'weight_decay': 0.0001, 'steps_per_iteration': None, 'pin': False, 'model_creator': None, 'target_batch_size': 128, 'model_string': 'resnet50', 'min_batch_size': 128, 'dataset': 'CIFAR', 'placement': None, 'use_nccl': True, 'devices_per_worker': 1, 'primary_resource': 'extra_gpu', 'gpu': False, 'verbose': False, 'lr_config': {'mode': 'log', 'steps': 5, 'initial_lr': 0.001, 'target_lr': 0.0014142135623730952}, 'batch_per_device': 128}",573.4020545482635,0,20,2074.3986712162814,2,20.759363651275635
0.019255876541137695,0.0380371481180191,0.0006477952003479004,0.002745233020003961,0.029305624961853027,nan,0.0,0.08239178657531737,0.6270999789237977,1.0775461123275758,-0.6381000280380249,nan,0.0,nan,0.0,nan,0.0,0.6632599830627441,0.9412002544879914,nan,0.0,0.6381000280380249,1.0344876863479615,nan,0.0,60000,2,False,,,31,-1.0775461123275758,d554027c581d42528367b8bef275f77e,2019-06-06_13-40-15,1559853615,28.937941789627075,1016.7524015903473,28801,steropes,169.229.49.254,"{'starting_lr': 0.001, 'momentum': 0.95, 'weight_decay': 0.0001, 'steps_per_iteration': None, 'pin': False, 'model_creator': None, 'target_batch_size': 128, 'model_string': 'resnet50', 'min_batch_size': 128, 'dataset': 'CIFAR', 'placement': None, 'use_nccl': True, 'devices_per_worker': 1, 'primary_resource': 'extra_gpu', 'gpu': False, 'verbose': False, 'lr_config': {'mode': 'log', 'steps': 5, 'initial_lr': 0.001, 'target_lr': 0.0014142135623730952}, 'batch_per_device': 128}",602.3399963378906,0,21,2074.844660357756,2,20.759363651275635
0.020403480529785155,0.03831265866756439,0.0006464362144470215,0.0027821745191301617,0.029744648933410646,nan,0.0,0.0826063871383667,0.6284999847412109,1.0728438724327087,-0.6376000046730042,nan,0.0,nan,0.0,nan,0.0,0.6684800386428833,0.9341587326431274,nan,0.0,0.6376000046730042,1.0285492967605592,nan,0.0,60000,2,False,,,32,-1.0728438724327087,d554027c581d42528367b8bef275f77e,2019-06-06_13-40-44,1559853644,28.985576629638672,1045.737978219986,28801,steropes,169.229.49.254,"{'starting_lr': 0.001, 'momentum': 0.95, 'weight_decay': 0.0001, 'steps_per_iteration': None, 'pin': False, 'model_creator': None, 'target_batch_size': 128, 'model_string': 'resnet50', 'min_batch_size': 128, 'dataset': 'CIFAR', 'placement': None, 'use_nccl': True, 'devices_per_worker': 1, 'primary_resource': 'extra_gpu', 'gpu': False, 'verbose': False, 'lr_config': {'mode': 'log', 'steps': 5, 'initial_lr': 0.001, 'target_lr': 0.0014142135623730952}, 'batch_per_device': 128}",631.3255729675293,0,22,2071.924779136469,2,20.759363651275635
0.019741106033325198,0.037940514087677,0.000643610954284668,0.002731752638914147,0.03050171136856079,nan,0.0,0.08256328105926514,0.6315999865531922,1.0646223231124876,-0.6384999752044678,nan,0.0,nan,0.0,nan,0.0,0.6677799820899963,0.9271240507984162,nan,0.0,0.6384999752044678,1.042271241378784,nan,0.0,60000,2,True,,,33,-1.0646223231124876,d554027c581d42528367b8bef275f77e,2019-06-06_13-41-13,1559853673,28.86983585357666,1074.6078140735626,28801,steropes,169.229.49.254,"{'starting_lr': 0.001, 'momentum': 0.95, 'weight_decay': 0.0001, 'steps_per_iteration': None, 'pin': False, 'model_creator': None, 'target_batch_size': 128, 'model_string': 'resnet50', 'min_batch_size': 128, 'dataset': 'CIFAR', 'placement': None, 'use_nccl': True, 'devices_per_worker': 1, 'primary_resource': 'extra_gpu', 'gpu': False, 'verbose': False, 'lr_config': {'mode': 'log', 'steps': 5, 'initial_lr': 0.001, 'target_lr': 0.0014142135623730952}, 'batch_per_device': 128}",660.195408821106,0,23,2074.4403288844624,2,20.759363651275635
