{"apply": 0.020982789993286132, "batch_time": 0.041404669797873196, "d2h": 0.0007244586944580078, "data_time": 0.0017964547247532993, "fwd": 0.1181797981262207, "get_state_time_mean": NaN, "get_state_time_total": 0.0, "grad": 0.16500601768493653, "mean_accuracy": 0.32109999656677246, "mean_loss": 1.9626240947723388, "neg_mean_accuracy": -0.32109999656677246, "set_state_time_mean": NaN, "set_state_time_total": 0.0, "setup_model_time_mean": 8.177622079849243, "setup_model_time_total": 8.177622079849243, "setup_proc_time_mean": 0.4019339084625244, "setup_proc_time_total": 0.4019339084625244, "train_accuracy": 0.22547999024391174, "train_loss": 2.276938370361328, "training_time_mean": NaN, "training_time_total": 0.0, "val_accuracy": 0.32109999656677246, "val_loss": 1.9626240947723388, "validation_time_mean": NaN, "validation_time_total": 0.0, "samples": 60000, "num_workers": 1, "done": false, "timesteps_total": null, "episodes_total": null, "training_iteration": 1, "neg_mean_loss": -1.9626240947723388, "experiment_id": "d554027c581d42528367b8bef275f77e", "date": "2019-06-06_13-23-39", "timestamp": 1559852619, "time_this_iter_s": 46.342812299728394, "time_total_s": 46.342812299728394, "pid": 14586, "hostname": "steropes", "node_ip": "169.229.49.254", "config": {"starting_lr": 0.001, "momentum": 0.95, "weight_decay": 0.0001, "steps_per_iteration": null, "pin": false, "model_creator": null, "target_batch_size": 128, "model_string": "resnet50", "min_batch_size": 128, "dataset": "CIFAR", "placement": null, "use_nccl": true, "devices_per_worker": 1, "primary_resource": "extra_gpu", "gpu": false, "verbose": false, "lr_config": {"mode": "log", "steps": 5, "initial_lr": 0.001, "target_lr": 0.001}, "batch_per_device": 128}, "time_since_restore": 46.342812299728394, "timesteps_since_restore": 0, "iterations_since_restore": 1, "mean_throughput": 1294.6962591803513, "atoms": 1, "setup_time": 8.701042175292969}
{"apply": 0.017513394355773926, "batch_time": 0.03158293796491019, "d2h": 0.0007202625274658203, "data_time": 0.0017047861348027768, "fwd": 0.027675437927246093, "get_state_time_mean": NaN, "get_state_time_total": 0.0, "grad": 0.047583794593811034, "mean_accuracy": 0.35394999384880066, "mean_loss": 1.8403092423439027, "neg_mean_accuracy": -0.38679999113082886, "set_state_time_mean": NaN, "set_state_time_total": 0.0, "setup_model_time_mean": NaN, "setup_model_time_total": 0.0, "setup_proc_time_mean": NaN, "setup_proc_time_total": 0.0, "train_accuracy": 0.3349599838256836, "train_loss": 1.8617625931549073, "training_time_mean": NaN, "training_time_total": 0.0, "val_accuracy": 0.38679999113082886, "val_loss": 1.7179943899154664, "validation_time_mean": NaN, "validation_time_total": 0.0, "samples": 60000, "num_workers": 1, "done": false, "timesteps_total": null, "episodes_total": null, "training_iteration": 2, "neg_mean_loss": -1.8403092423439027, "experiment_id": "d554027c581d42528367b8bef275f77e", "date": "2019-06-06_13-24-20", "timestamp": 1559852660, "time_this_iter_s": 40.7879114151001, "time_total_s": 87.13072371482849, "pid": 14586, "hostname": "steropes", "node_ip": "169.229.49.254", "config": {"starting_lr": 0.001, "momentum": 0.95, "weight_decay": 0.0001, "steps_per_iteration": null, "pin": false, "model_creator": null, "target_batch_size": 128, "model_string": "resnet50", "min_batch_size": 128, "dataset": "CIFAR", "placement": null, "use_nccl": true, "devices_per_worker": 1, "primary_resource": "extra_gpu", "gpu": false, "verbose": false, "lr_config": {"mode": "log", "steps": 5, "initial_lr": 0.001, "target_lr": 0.001}, "batch_per_device": 128}, "time_since_restore": 87.13072371482849, "timesteps_since_restore": 0, "iterations_since_restore": 2, "mean_throughput": 1377.2380438910654, "atoms": 1, "setup_time": 8.701042175292969}
{"apply": 0.01942598819732666, "batch_time": 0.03186716610872293, "d2h": 0.0007343769073486328, "data_time": 0.0017402818440781225, "fwd": 0.029039478302001952, "get_state_time_mean": NaN, "get_state_time_total": 0.0, "grad": 0.04797110557556152, "mean_accuracy": 0.37886666258176166, "mean_loss": 1.7653682479858397, "neg_mean_accuracy": -0.4287000000476837, "set_state_time_mean": NaN, "set_state_time_total": 0.0, "setup_model_time_mean": NaN, "setup_model_time_total": 0.0, "setup_proc_time_mean": NaN, "setup_proc_time_total": 0.0, "train_accuracy": 0.38288000226020813, "train_loss": 1.718268126182556, "training_time_mean": NaN, "training_time_total": 0.0, "val_accuracy": 0.4287000000476837, "val_loss": 1.6154862592697143, "validation_time_mean": NaN, "validation_time_total": 0.0, "samples": 60000, "num_workers": 1, "done": false, "timesteps_total": null, "episodes_total": null, "training_iteration": 3, "neg_mean_loss": -1.7653682479858397, "experiment_id": "d554027c581d42528367b8bef275f77e", "date": "2019-06-06_13-25-01", "timestamp": 1559852701, "time_this_iter_s": 41.05084419250488, "time_total_s": 128.18156790733337, "pid": 14586, "hostname": "steropes", "node_ip": "169.229.49.254", "config": {"starting_lr": 0.001, "momentum": 0.95, "weight_decay": 0.0001, "steps_per_iteration": null, "pin": false, "model_creator": null, "target_batch_size": 128, "model_string": "resnet50", "min_batch_size": 128, "dataset": "CIFAR", "placement": null, "use_nccl": true, "devices_per_worker": 1, "primary_resource": "extra_gpu", "gpu": false, "verbose": false, "lr_config": {"mode": "log", "steps": 5, "initial_lr": 0.001, "target_lr": 0.001}, "batch_per_device": 128}, "time_since_restore": 128.18156790733337, "timesteps_since_restore": 0, "iterations_since_restore": 3, "mean_throughput": 1404.2552009002384, "atoms": 1, "setup_time": 8.701042175292969}
{"apply": 0.017386698722839357, "batch_time": 0.03240291981757441, "d2h": 0.0007337093353271485, "data_time": 0.0016852565433668053, "fwd": 0.027875566482543947, "get_state_time_mean": NaN, "get_state_time_total": 0.0, "grad": 0.048100519180297854, "mean_accuracy": 0.3978249952197075, "mean_loss": 1.7260419732570647, "neg_mean_accuracy": -0.4546999931335449, "set_state_time_mean": NaN, "set_state_time_total": 0.0, "setup_model_time_mean": NaN, "setup_model_time_total": 0.0, "setup_proc_time_mean": NaN, "setup_proc_time_total": 0.0, "train_accuracy": 0.4115400016307831, "train_loss": 1.639680605392456, "training_time_mean": NaN, "training_time_total": 0.0, "val_accuracy": 0.4546999931335449, "val_loss": 1.6080631490707398, "validation_time_mean": NaN, "validation_time_total": 0.0, "samples": 60000, "num_workers": 1, "done": false, "timesteps_total": null, "episodes_total": null, "training_iteration": 4, "neg_mean_loss": -1.7260419732570647, "experiment_id": "d554027c581d42528367b8bef275f77e", "date": "2019-06-06_13-25-42", "timestamp": 1559852742, "time_this_iter_s": 40.929482221603394, "time_total_s": 169.11105012893677, "pid": 14586, "hostname": "steropes", "node_ip": "169.229.49.254", "config": {"starting_lr": 0.001, "momentum": 0.95, "weight_decay": 0.0001, "steps_per_iteration": null, "pin": false, "model_creator": null, "target_batch_size": 128, "model_string": "resnet50", "min_batch_size": 128, "dataset": "CIFAR", "placement": null, "use_nccl": true, "devices_per_worker": 1, "primary_resource": "extra_gpu", "gpu": false, "verbose": false, "lr_config": {"mode": "log", "steps": 5, "initial_lr": 0.001, "target_lr": 0.001}, "batch_per_device": 128}, "time_since_restore": 169.11105012893677, "timesteps_since_restore": 0, "iterations_since_restore": 4, "mean_throughput": 1419.1829271223928, "atoms": 1, "setup_time": 8.701042175292969}
{"apply": 0.01765711307525635, "batch_time": 0.03219056733046906, "d2h": 0.0006986379623413086, "data_time": 0.0017515265423318615, "fwd": 0.029226922988891603, "get_state_time_mean": NaN, "get_state_time_total": 0.0, "grad": 0.0482351541519165, "mean_accuracy": 0.41303999423980714, "mean_loss": 1.6789175186157226, "neg_mean_accuracy": -0.4738999903202057, "set_state_time_mean": NaN, "set_state_time_total": 0.0, "setup_model_time_mean": NaN, "setup_model_time_total": 0.0, "setup_proc_time_mean": NaN, "setup_proc_time_total": 0.0, "train_accuracy": 0.44251999258995056, "train_loss": 1.5632949365997315, "training_time_mean": NaN, "training_time_total": 0.0, "val_accuracy": 0.4738999903202057, "val_loss": 1.490419700050354, "validation_time_mean": NaN, "validation_time_total": 0.0, "samples": 60000, "num_workers": 1, "done": false, "timesteps_total": null, "episodes_total": null, "training_iteration": 5, "neg_mean_loss": -1.6789175186157226, "experiment_id": "d554027c581d42528367b8bef275f77e", "date": "2019-06-06_13-26-23", "timestamp": 1559852783, "time_this_iter_s": 41.01650595664978, "time_total_s": 210.12755608558655, "pid": 14586, "hostname": "steropes", "node_ip": "169.229.49.254", "config": {"starting_lr": 0.001, "momentum": 0.95, "weight_decay": 0.0001, "steps_per_iteration": null, "pin": false, "model_creator": null, "target_batch_size": 128, "model_string": "resnet50", "min_batch_size": 128, "dataset": "CIFAR", "placement": null, "use_nccl": true, "devices_per_worker": 1, "primary_resource": "extra_gpu", "gpu": false, "verbose": false, "lr_config": {"mode": "log", "steps": 5, "initial_lr": 0.001, "target_lr": 0.001}, "batch_per_device": 128}, "time_since_restore": 210.12755608558655, "timesteps_since_restore": 0, "iterations_since_restore": 5, "mean_throughput": 1427.700837966632, "atoms": 1, "setup_time": 8.701042175292969}
{"apply": 0.01888406276702881, "batch_time": 0.031879425048828125, "d2h": 0.0007292509078979492, "data_time": 0.0017230760715806577, "fwd": 0.029257798194885255, "get_state_time_mean": NaN, "get_state_time_total": 0.0, "grad": 0.04825606346130371, "mean_accuracy": 0.44573999047279356, "mean_loss": 1.5904838124847411, "neg_mean_accuracy": -0.4845999777317047, "set_state_time_mean": NaN, "set_state_time_total": 0.0, "setup_model_time_mean": NaN, "setup_model_time_total": 0.0, "setup_proc_time_mean": NaN, "setup_proc_time_total": 0.0, "train_accuracy": 0.4609600007534027, "train_loss": 1.5097619537353515, "training_time_mean": NaN, "training_time_total": 0.0, "val_accuracy": 0.4845999777317047, "val_loss": 1.5204555641174315, "validation_time_mean": NaN, "validation_time_total": 0.0, "samples": 60000, "num_workers": 1, "done": false, "timesteps_total": null, "episodes_total": null, "training_iteration": 6, "neg_mean_loss": -1.5904838124847411, "experiment_id": "d554027c581d42528367b8bef275f77e", "date": "2019-06-06_13-27-03", "timestamp": 1559852823, "time_this_iter_s": 40.84736633300781, "time_total_s": 250.97492241859436, "pid": 14586, "hostname": "steropes", "node_ip": "169.229.49.254", "config": {"starting_lr": 0.001, "momentum": 0.95, "weight_decay": 0.0001, "steps_per_iteration": null, "pin": false, "model_creator": null, "target_batch_size": 128, "model_string": "resnet50", "min_batch_size": 128, "dataset": "CIFAR", "placement": null, "use_nccl": true, "devices_per_worker": 1, "primary_resource": "extra_gpu", "gpu": false, "verbose": false, "lr_config": {"mode": "log", "steps": 5, "initial_lr": 0.001, "target_lr": 0.001}, "batch_per_device": 128}, "time_since_restore": 250.97492241859436, "timesteps_since_restore": 0, "iterations_since_restore": 6, "mean_throughput": 1466.0421524984777, "atoms": 1, "setup_time": 8.701042175292969}
{"apply": 0.017626190185546876, "batch_time": 0.03145654895637609, "d2h": 0.0007199287414550781, "data_time": 0.0017390732874955667, "fwd": 0.027901577949523925, "get_state_time_mean": NaN, "get_state_time_total": 0.0, "grad": 0.04776389598846435, "mean_accuracy": 0.4675199925899506, "mean_loss": 1.5323256221389772, "neg_mean_accuracy": -0.49570000171661377, "set_state_time_mean": NaN, "set_state_time_total": 0.0, "setup_model_time_mean": NaN, "setup_model_time_total": 0.0, "setup_proc_time_mean": NaN, "setup_proc_time_total": 0.0, "train_accuracy": 0.48117998242378235, "train_loss": 1.4476154985427856, "training_time_mean": NaN, "training_time_total": 0.0, "val_accuracy": 0.49570000171661377, "val_loss": 1.4272034381866454, "validation_time_mean": NaN, "validation_time_total": 0.0, "samples": 60000, "num_workers": 1, "done": false, "timesteps_total": null, "episodes_total": null, "training_iteration": 7, "neg_mean_loss": -1.5323256221389772, "experiment_id": "d554027c581d42528367b8bef275f77e", "date": "2019-06-06_13-27-44", "timestamp": 1559852864, "time_this_iter_s": 40.94712471961975, "time_total_s": 291.9220471382141, "pid": 14586, "hostname": "steropes", "node_ip": "169.229.49.254", "config": {"starting_lr": 0.001, "momentum": 0.95, "weight_decay": 0.0001, "steps_per_iteration": null, "pin": false, "model_creator": null, "target_batch_size": 128, "model_string": "resnet50", "min_batch_size": 128, "dataset": "CIFAR", "placement": null, "use_nccl": true, "devices_per_worker": 1, "primary_resource": "extra_gpu", "gpu": false, "verbose": false, "lr_config": {"mode": "log", "steps": 5, "initial_lr": 0.001, "target_lr": 0.001}, "batch_per_device": 128}, "time_since_restore": 291.9220471382141, "timesteps_since_restore": 0, "iterations_since_restore": 7, "mean_throughput": 1464.902386106227, "atoms": 1, "setup_time": 8.701042175292969}
{"apply": 0.019424009323120116, "batch_time": 0.03172875054274933, "d2h": 0.0006962299346923828, "data_time": 0.001735686036327001, "fwd": 0.028829455375671387, "get_state_time_mean": NaN, "get_state_time_total": 0.0, "grad": 0.04753630161285401, "mean_accuracy": 0.4800399899482727, "mean_loss": 1.499020029449463, "neg_mean_accuracy": -0.49129998683929443, "set_state_time_mean": NaN, "set_state_time_total": 0.0, "setup_model_time_mean": NaN, "setup_model_time_total": 0.0, "setup_proc_time_mean": NaN, "setup_proc_time_total": 0.0, "train_accuracy": 0.49625998735427856, "train_loss": 1.4160981154632568, "training_time_mean": NaN, "training_time_total": 0.0, "val_accuracy": 0.49129998683929443, "val_loss": 1.4489582958221436, "validation_time_mean": NaN, "validation_time_total": 0.0, "samples": 60000, "num_workers": 1, "done": false, "timesteps_total": null, "episodes_total": null, "training_iteration": 8, "neg_mean_loss": -1.499020029449463, "experiment_id": "d554027c581d42528367b8bef275f77e", "date": "2019-06-06_13-28-26", "timestamp": 1559852906, "time_this_iter_s": 41.15458965301514, "time_total_s": 333.07663679122925, "pid": 14586, "hostname": "steropes", "node_ip": "169.229.49.254", "config": {"starting_lr": 0.001, "momentum": 0.95, "weight_decay": 0.0001, "steps_per_iteration": null, "pin": false, "model_creator": null, "target_batch_size": 128, "model_string": "resnet50", "min_batch_size": 128, "dataset": "CIFAR", "placement": null, "use_nccl": true, "devices_per_worker": 1, "primary_resource": "extra_gpu", "gpu": false, "verbose": false, "lr_config": {"mode": "log", "steps": 5, "initial_lr": 0.001, "target_lr": 0.001}, "batch_per_device": 128}, "time_since_restore": 333.07663679122925, "timesteps_since_restore": 0, "iterations_since_restore": 8, "mean_throughput": 1464.1606468701625, "atoms": 1, "setup_time": 8.701042175292969}
{"apply": 0.01759326457977295, "batch_time": 0.031248964840852763, "d2h": 0.0007077217102050781, "data_time": 0.0017102411031113256, "fwd": 0.02797567844390869, "get_state_time_mean": NaN, "get_state_time_total": 0.0, "grad": 0.04786193370819092, "mean_accuracy": 0.49193998575210574, "mean_loss": 1.4481539167022706, "neg_mean_accuracy": -0.51419997215271, "set_state_time_mean": NaN, "set_state_time_total": 0.0, "setup_model_time_mean": NaN, "setup_model_time_total": 0.0, "setup_proc_time_mean": NaN, "setup_proc_time_total": 0.0, "train_accuracy": 0.5031799674034119, "train_loss": 1.390793134613037, "training_time_mean": NaN, "training_time_total": 0.0, "val_accuracy": 0.51419997215271, "val_loss": 1.353732585334778, "validation_time_mean": NaN, "validation_time_total": 0.0, "samples": 60000, "num_workers": 1, "done": false, "timesteps_total": null, "episodes_total": null, "training_iteration": 9, "neg_mean_loss": -1.4481539167022706, "experiment_id": "d554027c581d42528367b8bef275f77e", "date": "2019-06-06_13-29-06", "timestamp": 1559852946, "time_this_iter_s": 40.560731172561646, "time_total_s": 373.6373679637909, "pid": 14586, "hostname": "steropes", "node_ip": "169.229.49.254", "config": {"starting_lr": 0.001, "momentum": 0.95, "weight_decay": 0.0001, "steps_per_iteration": null, "pin": false, "model_creator": null, "target_batch_size": 128, "model_string": "resnet50", "min_batch_size": 128, "dataset": "CIFAR", "placement": null, "use_nccl": true, "devices_per_worker": 1, "primary_resource": "extra_gpu", "gpu": false, "verbose": false, "lr_config": {"mode": "log", "steps": 5, "initial_lr": 0.001, "target_lr": 0.001}, "batch_per_device": 128}, "time_since_restore": 373.6373679637909, "timesteps_since_restore": 0, "iterations_since_restore": 9, "mean_throughput": 1466.8004685279993, "atoms": 1, "setup_time": 8.701042175292969}
{"apply": 0.0178926944732666, "batch_time": 0.03159045569504364, "d2h": 0.0007281064987182617, "data_time": 0.0017299066724069893, "fwd": 0.028330397605895997, "get_state_time_mean": NaN, "get_state_time_total": 0.0, "grad": 0.04748542308807373, "mean_accuracy": 0.5035599887371063, "mean_loss": 1.409173982963562, "neg_mean_accuracy": -0.5320000052452087, "set_state_time_mean": NaN, "set_state_time_total": 0.0, "setup_model_time_mean": NaN, "setup_model_time_total": 0.0, "setup_proc_time_mean": NaN, "setup_proc_time_total": 0.0, "train_accuracy": 0.5210199952125549, "train_loss": 1.352767637939453, "training_time_mean": NaN, "training_time_total": 0.0, "val_accuracy": 0.5320000052452087, "val_loss": 1.2955200313568116, "validation_time_mean": NaN, "validation_time_total": 0.0, "samples": 60000, "num_workers": 1, "done": false, "timesteps_total": null, "episodes_total": null, "training_iteration": 10, "neg_mean_loss": -1.409173982963562, "experiment_id": "d554027c581d42528367b8bef275f77e", "date": "2019-06-06_13-29-47", "timestamp": 1559852987, "time_this_iter_s": 40.77503728866577, "time_total_s": 414.41240525245667, "pid": 14586, "hostname": "steropes", "node_ip": "169.229.49.254", "config": {"starting_lr": 0.001, "momentum": 0.95, "weight_decay": 0.0001, "steps_per_iteration": null, "pin": false, "model_creator": null, "target_batch_size": 128, "model_string": "resnet50", "min_batch_size": 128, "dataset": "CIFAR", "placement": null, "use_nccl": true, "devices_per_worker": 1, "primary_resource": "extra_gpu", "gpu": false, "verbose": false, "lr_config": {"mode": "log", "steps": 5, "initial_lr": 0.001, "target_lr": 0.001}, "batch_per_device": 128}, "time_since_restore": 414.41240525245667, "timesteps_since_restore": 0, "iterations_since_restore": 10, "mean_throughput": 1468.534779058261, "atoms": 1, "setup_time": 8.701042175292969}
{"apply": 0.017773747444152832, "batch_time": 0.07710623443126678, "d2h": 0.0006761670112609864, "data_time": 0.002879760095051357, "fwd": 0.1888700842857361, "get_state_time_mean": NaN, "get_state_time_total": 0.0, "grad": 0.2180777907371521, "mean_accuracy": 0.5155999898910523, "mean_loss": 1.3654649196815491, "neg_mean_accuracy": -0.5447999835014343, "set_state_time_mean": 3.5843422412872314, "set_state_time_total": 3.5843422412872314, "setup_model_time_mean": 11.985605239868164, "setup_model_time_total": 11.985605239868164, "setup_proc_time_mean": 0.2505817413330078, "setup_proc_time_total": 0.2505817413330078, "train_accuracy": 0.5418800115585327, "train_loss": 1.2789213976097107, "training_time_mean": NaN, "training_time_total": 0.0, "val_accuracy": 0.5447999835014343, "val_loss": 1.301910247707367, "validation_time_mean": NaN, "validation_time_total": 0.0, "samples": 60000, "num_workers": 2, "done": false, "timesteps_total": null, "episodes_total": null, "training_iteration": 11, "neg_mean_loss": -1.3654649196815491, "experiment_id": "d554027c581d42528367b8bef275f77e", "date": "2019-06-06_13-30-48", "timestamp": 1559853048, "time_this_iter_s": 34.88300895690918, "time_total_s": 449.29541420936584, "pid": 28801, "hostname": "steropes", "node_ip": "169.229.49.254", "config": {"starting_lr": 0.001, "momentum": 0.95, "weight_decay": 0.0001, "steps_per_iteration": null, "pin": false, "model_creator": null, "target_batch_size": 128, "model_string": "resnet50", "min_batch_size": 128, "dataset": "CIFAR", "placement": null, "use_nccl": true, "devices_per_worker": 1, "primary_resource": "extra_gpu", "gpu": false, "verbose": false, "lr_config": {"mode": "log", "steps": 5, "initial_lr": 0.001, "target_lr": 0.0014142135623730952}, "batch_per_device": 128}, "time_since_restore": 34.88300895690918, "timesteps_since_restore": 0, "iterations_since_restore": 1, "mean_throughput": 1720.0307795119732, "atoms": 2, "setup_time": 20.759363651275635}
{"apply": 0.017645347118377685, "batch_time": 0.03750597834587097, "d2h": 0.0007399201393127441, "data_time": 0.0027817901299924267, "fwd": 0.027776765823364257, "get_state_time_mean": NaN, "get_state_time_total": 0.0, "grad": 0.07909601926803589, "mean_accuracy": 0.5270599842071533, "mean_loss": 1.3277848187446595, "neg_mean_accuracy": -0.5529999732971191, "set_state_time_mean": NaN, "set_state_time_total": 0.0, "setup_model_time_mean": NaN, "setup_model_time_total": 0.0, "setup_proc_time_mean": NaN, "setup_proc_time_total": 0.0, "train_accuracy": 0.5483399629592896, "train_loss": 1.254452699584961, "training_time_mean": NaN, "training_time_total": 0.0, "val_accuracy": 0.5529999732971191, "val_loss": 1.238802933502197, "validation_time_mean": NaN, "validation_time_total": 0.0, "samples": 60000, "num_workers": 2, "done": false, "timesteps_total": null, "episodes_total": null, "training_iteration": 12, "neg_mean_loss": -1.3277848187446595, "experiment_id": "d554027c581d42528367b8bef275f77e", "date": "2019-06-06_13-31-15", "timestamp": 1559853075, "time_this_iter_s": 27.441795587539673, "time_total_s": 476.7372097969055, "pid": 28801, "hostname": "steropes", "node_ip": "169.229.49.254", "config": {"starting_lr": 0.001, "momentum": 0.95, "weight_decay": 0.0001, "steps_per_iteration": null, "pin": false, "model_creator": null, "target_batch_size": 128, "model_string": "resnet50", "min_batch_size": 128, "dataset": "CIFAR", "placement": null, "use_nccl": true, "devices_per_worker": 1, "primary_resource": "extra_gpu", "gpu": false, "verbose": false, "lr_config": {"mode": "log", "steps": 5, "initial_lr": 0.001, "target_lr": 0.0014142135623730952}, "batch_per_device": 128}, "time_since_restore": 62.32480454444885, "timesteps_since_restore": 0, "iterations_since_restore": 2, "mean_throughput": 1925.391918519072, "atoms": 2, "setup_time": 20.759363651275635}
{"apply": 0.018844652175903323, "batch_time": 0.03669122159481049, "d2h": 0.0007029891014099122, "data_time": 0.0028392593471371396, "fwd": 0.028477585315704344, "get_state_time_mean": NaN, "get_state_time_total": 0.0, "grad": 0.07951993942260742, "mean_accuracy": 0.5404799818992615, "mean_loss": 1.3046279578781128, "neg_mean_accuracy": -0.5583999752998352, "set_state_time_mean": NaN, "set_state_time_total": 0.0, "setup_model_time_mean": NaN, "setup_model_time_total": 0.0, "setup_proc_time_mean": NaN, "setup_proc_time_total": 0.0, "train_accuracy": 0.5557399988174438, "train_loss": 1.2420949905014038, "training_time_mean": NaN, "training_time_total": 0.0, "val_accuracy": 0.5583999752998352, "val_loss": 1.3331739914894105, "validation_time_mean": NaN, "validation_time_total": 0.0, "samples": 60000, "num_workers": 2, "done": false, "timesteps_total": null, "episodes_total": null, "training_iteration": 13, "neg_mean_loss": -1.3046279578781128, "experiment_id": "d554027c581d42528367b8bef275f77e", "date": "2019-06-06_13-31-43", "timestamp": 1559853103, "time_this_iter_s": 27.55094075202942, "time_total_s": 504.28815054893494, "pid": 28801, "hostname": "steropes", "node_ip": "169.229.49.254", "config": {"starting_lr": 0.001, "momentum": 0.95, "weight_decay": 0.0001, "steps_per_iteration": null, "pin": false, "model_creator": null, "target_batch_size": 128, "model_string": "resnet50", "min_batch_size": 128, "dataset": "CIFAR", "placement": null, "use_nccl": true, "devices_per_worker": 1, "primary_resource": "extra_gpu", "gpu": false, "verbose": false, "lr_config": {"mode": "log", "steps": 5, "initial_lr": 0.001, "target_lr": 0.0014142135623730952}, "batch_per_device": 128}, "time_since_restore": 89.87574529647827, "timesteps_since_restore": 0, "iterations_since_restore": 3, "mean_throughput": 2002.753807070006, "atoms": 2, "setup_time": 20.759363651275635}
{"apply": 0.017961716651916503, "batch_time": 0.03694296479225159, "d2h": 0.000701904296875, "data_time": 0.0027503681426145595, "fwd": 0.028032076358795163, "get_state_time_mean": NaN, "get_state_time_total": 0.0, "grad": 0.07917406558990478, "mean_accuracy": 0.5497799873352051, "mean_loss": 1.2787154143524169, "neg_mean_accuracy": -0.560699999332428, "set_state_time_mean": NaN, "set_state_time_total": 0.0, "setup_model_time_mean": NaN, "setup_model_time_total": 0.0, "setup_proc_time_mean": NaN, "setup_proc_time_total": 0.0, "train_accuracy": 0.560539960861206, "train_loss": 1.227875724506378, "training_time_mean": NaN, "training_time_total": 0.0, "val_accuracy": 0.560699999332428, "val_loss": 1.2241698677062989, "validation_time_mean": NaN, "validation_time_total": 0.0, "samples": 60000, "num_workers": 2, "done": false, "timesteps_total": null, "episodes_total": null, "training_iteration": 14, "neg_mean_loss": -1.2787154143524169, "experiment_id": "d554027c581d42528367b8bef275f77e", "date": "2019-06-06_13-32-10", "timestamp": 1559853130, "time_this_iter_s": 27.529036045074463, "time_total_s": 531.8171865940094, "pid": 28801, "hostname": "steropes", "node_ip": "169.229.49.254", "config": {"starting_lr": 0.001, "momentum": 0.95, "weight_decay": 0.0001, "steps_per_iteration": null, "pin": false, "model_creator": null, "target_batch_size": 128, "model_string": "resnet50", "min_batch_size": 128, "dataset": "CIFAR", "placement": null, "use_nccl": true, "devices_per_worker": 1, "primary_resource": "extra_gpu", "gpu": false, "verbose": false, "lr_config": {"mode": "log", "steps": 5, "initial_lr": 0.001, "target_lr": 0.0014142135623730952}, "batch_per_device": 128}, "time_since_restore": 117.40478134155273, "timesteps_since_restore": 0, "iterations_since_restore": 4, "mean_throughput": 2044.1995987147852, "atoms": 2, "setup_time": 20.759363651275635}
{"apply": 0.018744897842407227, "batch_time": 0.038863110542297366, "d2h": 0.0006587743759155273, "data_time": 0.0027261984591581386, "fwd": 0.029422426223754884, "get_state_time_mean": NaN, "get_state_time_total": 0.0, "grad": 0.08024902343750001, "mean_accuracy": 0.5568799853324891, "mean_loss": 1.2656017755508422, "neg_mean_accuracy": -0.5674999952316284, "set_state_time_mean": NaN, "set_state_time_total": 0.0, "setup_model_time_mean": NaN, "setup_model_time_total": 0.0, "setup_proc_time_mean": NaN, "setup_proc_time_total": 0.0, "train_accuracy": 0.5666799545288086, "train_loss": 1.219395983467102, "training_time_mean": NaN, "training_time_total": 0.0, "val_accuracy": 0.5674999952316284, "val_loss": 1.229951837348938, "validation_time_mean": NaN, "validation_time_total": 0.0, "samples": 60000, "num_workers": 2, "done": false, "timesteps_total": null, "episodes_total": null, "training_iteration": 15, "neg_mean_loss": -1.2656017755508422, "experiment_id": "d554027c581d42528367b8bef275f77e", "date": "2019-06-06_13-32-38", "timestamp": 1559853158, "time_this_iter_s": 27.47752571105957, "time_total_s": 559.294712305069, "pid": 28801, "hostname": "steropes", "node_ip": "169.229.49.254", "config": {"starting_lr": 0.001, "momentum": 0.95, "weight_decay": 0.0001, "steps_per_iteration": null, "pin": false, "model_creator": null, "target_batch_size": 128, "model_string": "resnet50", "min_batch_size": 128, "dataset": "CIFAR", "placement": null, "use_nccl": true, "devices_per_worker": 1, "primary_resource": "extra_gpu", "gpu": false, "verbose": false, "lr_config": {"mode": "log", "steps": 5, "initial_lr": 0.001, "target_lr": 0.0014142135623730952}, "batch_per_device": 128}, "time_since_restore": 144.8823070526123, "timesteps_since_restore": 0, "iterations_since_restore": 5, "mean_throughput": 2070.636740752257, "atoms": 2, "setup_time": 20.759363651275635}
{"apply": 0.018334507942199707, "batch_time": 0.03804357945919037, "d2h": 0.0006875395774841309, "data_time": 0.002774352930030044, "fwd": 0.028410172462463378, "get_state_time_mean": NaN, "get_state_time_total": 0.0, "grad": 0.07980519533157349, "mean_accuracy": 0.5633599877357482, "mean_loss": 1.245574348526001, "neg_mean_accuracy": -0.5771999955177307, "set_state_time_mean": NaN, "set_state_time_total": 0.0, "setup_model_time_mean": NaN, "setup_model_time_total": 0.0, "setup_proc_time_mean": NaN, "setup_proc_time_total": 0.0, "train_accuracy": 0.57423996925354, "train_loss": 1.1947625984573365, "training_time_mean": NaN, "training_time_total": 0.0, "val_accuracy": 0.5771999955177307, "val_loss": 1.2017731125831603, "validation_time_mean": NaN, "validation_time_total": 0.0, "samples": 60000, "num_workers": 2, "done": false, "timesteps_total": null, "episodes_total": null, "training_iteration": 16, "neg_mean_loss": -1.245574348526001, "experiment_id": "d554027c581d42528367b8bef275f77e", "date": "2019-06-06_13-33-05", "timestamp": 1559853185, "time_this_iter_s": 27.320526123046875, "time_total_s": 586.6152384281158, "pid": 28801, "hostname": "steropes", "node_ip": "169.229.49.254", "config": {"starting_lr": 0.001, "momentum": 0.95, "weight_decay": 0.0001, "steps_per_iteration": null, "pin": false, "model_creator": null, "target_batch_size": 128, "model_string": "resnet50", "min_batch_size": 128, "dataset": "CIFAR", "placement": null, "use_nccl": true, "devices_per_worker": 1, "primary_resource": "extra_gpu", "gpu": false, "verbose": false, "lr_config": {"mode": "log", "steps": 5, "initial_lr": 0.001, "target_lr": 0.0014142135623730952}, "batch_per_device": 128}, "time_since_restore": 172.20283317565918, "timesteps_since_restore": 0, "iterations_since_restore": 6, "mean_throughput": 2184.670493470582, "atoms": 2, "setup_time": 20.759363651275635}
{"apply": 0.01759706735610962, "batch_time": 0.03678202033042908, "d2h": 0.0006504178047180176, "data_time": 0.0027378079842547984, "fwd": 0.027554810047149658, "get_state_time_mean": NaN, "get_state_time_total": 0.0, "grad": 0.07903337478637695, "mean_accuracy": 0.5668199896812439, "mean_loss": 1.239549179325104, "neg_mean_accuracy": -0.5702999830245972, "set_state_time_mean": NaN, "set_state_time_total": 0.0, "setup_model_time_mean": NaN, "setup_model_time_total": 0.0, "setup_proc_time_mean": NaN, "setup_proc_time_total": 0.0, "train_accuracy": 0.5824999809265137, "train_loss": 1.1706212024497984, "training_time_mean": NaN, "training_time_total": 0.0, "val_accuracy": 0.5702999830245972, "val_loss": 1.208677087497711, "validation_time_mean": NaN, "validation_time_total": 0.0, "samples": 60000, "num_workers": 2, "done": false, "timesteps_total": null, "episodes_total": null, "training_iteration": 17, "neg_mean_loss": -1.239549179325104, "experiment_id": "d554027c581d42528367b8bef275f77e", "date": "2019-06-06_13-33-32", "timestamp": 1559853212, "time_this_iter_s": 27.377461433410645, "time_total_s": 613.9926998615265, "pid": 28801, "hostname": "steropes", "node_ip": "169.229.49.254", "config": {"starting_lr": 0.001, "momentum": 0.95, "weight_decay": 0.0001, "steps_per_iteration": null, "pin": false, "model_creator": null, "target_batch_size": 128, "model_string": "resnet50", "min_batch_size": 128, "dataset": "CIFAR", "placement": null, "use_nccl": true, "devices_per_worker": 1, "primary_resource": "extra_gpu", "gpu": false, "verbose": false, "lr_config": {"mode": "log", "steps": 5, "initial_lr": 0.001, "target_lr": 0.0014142135623730952}, "batch_per_device": 128}, "time_since_restore": 199.58029460906982, "timesteps_since_restore": 0, "iterations_since_restore": 7, "mean_throughput": 2185.6929345056274, "atoms": 2, "setup_time": 20.759363651275635}
{"apply": 0.018433427810668944, "batch_time": 0.03677757978439331, "d2h": 0.0007866382598876952, "data_time": 0.0028324656340540672, "fwd": 0.028690779209136964, "get_state_time_mean": NaN, "get_state_time_total": 0.0, "grad": 0.07963595390319825, "mean_accuracy": 0.5719199895858764, "mean_loss": 1.2106738494682312, "neg_mean_accuracy": -0.583899974822998, "set_state_time_mean": NaN, "set_state_time_total": 0.0, "setup_model_time_mean": NaN, "setup_model_time_total": 0.0, "setup_proc_time_mean": NaN, "setup_proc_time_total": 0.0, "train_accuracy": 0.5892399549484253, "train_loss": 1.1507750015735625, "training_time_mean": NaN, "training_time_total": 0.0, "val_accuracy": 0.583899974822998, "val_loss": 1.1887973422050475, "validation_time_mean": NaN, "validation_time_total": 0.0, "samples": 60000, "num_workers": 2, "done": false, "timesteps_total": null, "episodes_total": null, "training_iteration": 18, "neg_mean_loss": -1.2106738494682312, "experiment_id": "d554027c581d42528367b8bef275f77e", "date": "2019-06-06_13-34-00", "timestamp": 1559853240, "time_this_iter_s": 27.66908359527588, "time_total_s": 641.6617834568024, "pid": 28801, "hostname": "steropes", "node_ip": "169.229.49.254", "config": {"starting_lr": 0.001, "momentum": 0.95, "weight_decay": 0.0001, "steps_per_iteration": null, "pin": false, "model_creator": null, "target_batch_size": 128, "model_string": "resnet50", "min_batch_size": 128, "dataset": "CIFAR", "placement": null, "use_nccl": true, "devices_per_worker": 1, "primary_resource": "extra_gpu", "gpu": false, "verbose": false, "lr_config": {"mode": "log", "steps": 5, "initial_lr": 0.001, "target_lr": 0.0014142135623730952}, "batch_per_device": 128}, "time_since_restore": 227.2493782043457, "timesteps_since_restore": 0, "iterations_since_restore": 8, "mean_throughput": 2183.8161430890495, "atoms": 2, "setup_time": 20.759363651275635}
{"apply": 0.01925429105758667, "batch_time": 0.04016570448875427, "d2h": 0.0006735920906066895, "data_time": 0.002798936804946588, "fwd": 0.029369008541107175, "get_state_time_mean": NaN, "get_state_time_total": 0.0, "grad": 0.08313857316970825, "mean_accuracy": 0.5762199878692627, "mean_loss": 1.1993847840309144, "neg_mean_accuracy": -0.5821999907493591, "set_state_time_mean": NaN, "set_state_time_total": 0.0, "setup_model_time_mean": NaN, "setup_model_time_total": 0.0, "setup_proc_time_mean": NaN, "setup_proc_time_total": 0.0, "train_accuracy": 0.5965999364852905, "train_loss": 1.140751580104828, "training_time_mean": NaN, "training_time_total": 0.0, "val_accuracy": 0.5821999907493591, "val_loss": 1.1677245405197145, "validation_time_mean": NaN, "validation_time_total": 0.0, "samples": 60000, "num_workers": 2, "done": false, "timesteps_total": null, "episodes_total": null, "training_iteration": 19, "neg_mean_loss": -1.1993847840309144, "experiment_id": "d554027c581d42528367b8bef275f77e", "date": "2019-06-06_13-34-28", "timestamp": 1559853268, "time_this_iter_s": 28.280003309249878, "time_total_s": 669.9417867660522, "pid": 28801, "hostname": "steropes", "node_ip": "169.229.49.254", "config": {"starting_lr": 0.001, "momentum": 0.95, "weight_decay": 0.0001, "steps_per_iteration": null, "pin": false, "model_creator": null, "target_batch_size": 128, "model_string": "resnet50", "min_batch_size": 128, "dataset": "CIFAR", "placement": null, "use_nccl": true, "devices_per_worker": 1, "primary_resource": "extra_gpu", "gpu": false, "verbose": false, "lr_config": {"mode": "log", "steps": 5, "initial_lr": 0.001, "target_lr": 0.0014142135623730952}, "batch_per_device": 128}, "time_since_restore": 255.52938151359558, "timesteps_since_restore": 0, "iterations_since_restore": 9, "mean_throughput": 2171.9430770526146, "atoms": 2, "setup_time": 20.759363651275635}
{"apply": 0.020997011661529542, "batch_time": 0.039336174726486206, "d2h": 0.000639045238494873, "data_time": 0.0028078537814471187, "fwd": 0.030784749984741212, "get_state_time_mean": NaN, "get_state_time_total": 0.0, "grad": 0.08226743936538697, "mean_accuracy": 0.5798399806022644, "mean_loss": 1.1925021781730654, "neg_mean_accuracy": -0.585599958896637, "set_state_time_mean": NaN, "set_state_time_total": 0.0, "setup_model_time_mean": NaN, "setup_model_time_total": 0.0, "setup_proc_time_mean": NaN, "setup_proc_time_total": 0.0, "train_accuracy": 0.6018799543380737, "train_loss": 1.1221085137367248, "training_time_mean": NaN, "training_time_total": 0.0, "val_accuracy": 0.585599958896637, "val_loss": 1.1955388080596925, "validation_time_mean": NaN, "validation_time_total": 0.0, "samples": 60000, "num_workers": 2, "done": false, "timesteps_total": null, "episodes_total": null, "training_iteration": 20, "neg_mean_loss": -1.1925021781730654, "experiment_id": "d554027c581d42528367b8bef275f77e", "date": "2019-06-06_13-34-57", "timestamp": 1559853297, "time_this_iter_s": 28.702263593673706, "time_total_s": 698.644050359726, "pid": 28801, "hostname": "steropes", "node_ip": "169.229.49.254", "config": {"starting_lr": 0.001, "momentum": 0.95, "weight_decay": 0.0001, "steps_per_iteration": null, "pin": false, "model_creator": null, "target_batch_size": 128, "model_string": "resnet50", "min_batch_size": 128, "dataset": "CIFAR", "placement": null, "use_nccl": true, "devices_per_worker": 1, "primary_resource": "extra_gpu", "gpu": false, "verbose": false, "lr_config": {"mode": "log", "steps": 5, "initial_lr": 0.001, "target_lr": 0.0014142135623730952}, "batch_per_device": 128}, "time_since_restore": 284.2316451072693, "timesteps_since_restore": 0, "iterations_since_restore": 10, "mean_throughput": 2152.8540486317784, "atoms": 2, "setup_time": 20.759363651275635}
{"apply": 0.021186089515686034, "batch_time": 0.03899596333503723, "d2h": 0.0006458282470703125, "data_time": 0.0027291099635922177, "fwd": 0.029698026180267335, "get_state_time_mean": NaN, "get_state_time_total": 0.0, "grad": 0.08353313207626342, "mean_accuracy": 0.5829799771308899, "mean_loss": 1.1883180124855042, "neg_mean_accuracy": -0.5928999781608582, "set_state_time_mean": NaN, "set_state_time_total": 0.0, "setup_model_time_mean": NaN, "setup_model_time_total": 0.0, "setup_proc_time_mean": NaN, "setup_proc_time_total": 0.0, "train_accuracy": 0.6092000007629395, "train_loss": 1.09399141040802, "training_time_mean": NaN, "training_time_total": 0.0, "val_accuracy": 0.5928999781608582, "val_loss": 1.1808522841453553, "validation_time_mean": NaN, "validation_time_total": 0.0, "samples": 60000, "num_workers": 2, "done": false, "timesteps_total": null, "episodes_total": null, "training_iteration": 21, "neg_mean_loss": -1.1883180124855042, "experiment_id": "d554027c581d42528367b8bef275f77e", "date": "2019-06-06_13-35-26", "timestamp": 1559853326, "time_this_iter_s": 28.768649101257324, "time_total_s": 727.4126994609833, "pid": 28801, "hostname": "steropes", "node_ip": "169.229.49.254", "config": {"starting_lr": 0.001, "momentum": 0.95, "weight_decay": 0.0001, "steps_per_iteration": null, "pin": false, "model_creator": null, "target_batch_size": 128, "model_string": "resnet50", "min_batch_size": 128, "dataset": "CIFAR", "placement": null, "use_nccl": true, "devices_per_worker": 1, "primary_resource": "extra_gpu", "gpu": false, "verbose": false, "lr_config": {"mode": "log", "steps": 5, "initial_lr": 0.001, "target_lr": 0.0014142135623730952}, "batch_per_device": 128}, "time_since_restore": 313.0002942085266, "timesteps_since_restore": 0, "iterations_since_restore": 11, "mean_throughput": 2130.711754177048, "atoms": 2, "setup_time": 20.759363651275635}
{"apply": 0.02012115716934204, "batch_time": 0.038564047217369085, "d2h": 0.0006458878517150879, "data_time": 0.002867438963481358, "fwd": 0.029202198982238768, "get_state_time_mean": NaN, "get_state_time_total": 0.0, "grad": 0.08166395425796509, "mean_accuracy": 0.5893399834632873, "mean_loss": 1.1786561631202699, "neg_mean_accuracy": -0.6021000146865845, "set_state_time_mean": NaN, "set_state_time_total": 0.0, "setup_model_time_mean": NaN, "setup_model_time_total": 0.0, "setup_proc_time_mean": NaN, "setup_proc_time_total": 0.0, "train_accuracy": 0.6113200187683105, "train_loss": 1.0839759609794617, "training_time_mean": NaN, "training_time_total": 0.0, "val_accuracy": 0.6021000146865845, "val_loss": 1.1603678406715394, "validation_time_mean": NaN, "validation_time_total": 0.0, "samples": 60000, "num_workers": 2, "done": false, "timesteps_total": null, "episodes_total": null, "training_iteration": 22, "neg_mean_loss": -1.1786561631202699, "experiment_id": "d554027c581d42528367b8bef275f77e", "date": "2019-06-06_13-35-55", "timestamp": 1559853355, "time_this_iter_s": 28.962016582489014, "time_total_s": 756.3747160434723, "pid": 28801, "hostname": "steropes", "node_ip": "169.229.49.254", "config": {"starting_lr": 0.001, "momentum": 0.95, "weight_decay": 0.0001, "steps_per_iteration": null, "pin": false, "model_creator": null, "target_batch_size": 128, "model_string": "resnet50", "min_batch_size": 128, "dataset": "CIFAR", "placement": null, "use_nccl": true, "devices_per_worker": 1, "primary_resource": "extra_gpu", "gpu": false, "verbose": false, "lr_config": {"mode": "log", "steps": 5, "initial_lr": 0.001, "target_lr": 0.0014142135623730952}, "batch_per_device": 128}, "time_since_restore": 341.9623107910156, "timesteps_since_restore": 0, "iterations_since_restore": 12, "mean_throughput": 2107.000806545054, "atoms": 2, "setup_time": 20.759363651275635}
{"apply": 0.020361387729644777, "batch_time": 0.0389467865228653, "d2h": 0.0006412982940673829, "data_time": 0.002783539952064047, "fwd": 0.029940152168273927, "get_state_time_mean": NaN, "get_state_time_total": 0.0, "grad": 0.08474986553192138, "mean_accuracy": 0.5947799801826477, "mean_loss": 1.1613362401390077, "neg_mean_accuracy": -0.6110999584197998, "set_state_time_mean": NaN, "set_state_time_total": 0.0, "setup_model_time_mean": NaN, "setup_model_time_total": 0.0, "setup_proc_time_mean": NaN, "setup_proc_time_total": 0.0, "train_accuracy": 0.6217600107192993, "train_loss": 1.0651686743164062, "training_time_mean": NaN, "training_time_total": 0.0, "val_accuracy": 0.6110999584197998, "val_loss": 1.1021977272987367, "validation_time_mean": NaN, "validation_time_total": 0.0, "samples": 60000, "num_workers": 2, "done": false, "timesteps_total": null, "episodes_total": null, "training_iteration": 23, "neg_mean_loss": -1.1613362401390077, "experiment_id": "d554027c581d42528367b8bef275f77e", "date": "2019-06-06_13-36-24", "timestamp": 1559853384, "time_this_iter_s": 28.982358694076538, "time_total_s": 785.3570747375488, "pid": 28801, "hostname": "steropes", "node_ip": "169.229.49.254", "config": {"starting_lr": 0.001, "momentum": 0.95, "weight_decay": 0.0001, "steps_per_iteration": null, "pin": false, "model_creator": null, "target_batch_size": 128, "model_string": "resnet50", "min_batch_size": 128, "dataset": "CIFAR", "placement": null, "use_nccl": true, "devices_per_worker": 1, "primary_resource": "extra_gpu", "gpu": false, "verbose": false, "lr_config": {"mode": "log", "steps": 5, "initial_lr": 0.001, "target_lr": 0.0014142135623730952}, "batch_per_device": 128}, "time_since_restore": 370.94466948509216, "timesteps_since_restore": 0, "iterations_since_restore": 13, "mean_throughput": 2087.7454159784347, "atoms": 2, "setup_time": 20.759363651275635}
{"apply": 0.019256782531738282, "batch_time": 0.03791898190975189, "d2h": 0.000745689868927002, "data_time": 0.0028346697894894345, "fwd": 0.02979588508605957, "get_state_time_mean": NaN, "get_state_time_total": 0.0, "grad": 0.08303333520889282, "mean_accuracy": 0.6003799796104431, "mean_loss": 1.1553245905876162, "neg_mean_accuracy": -0.6101999878883362, "set_state_time_mean": NaN, "set_state_time_total": 0.0, "setup_model_time_mean": NaN, "setup_model_time_total": 0.0, "setup_proc_time_mean": NaN, "setup_proc_time_total": 0.0, "train_accuracy": 0.6258000135421753, "train_loss": 1.048754662914276, "training_time_mean": NaN, "training_time_total": 0.0, "val_accuracy": 0.6101999878883362, "val_loss": 1.1376662927627565, "validation_time_mean": NaN, "validation_time_total": 0.0, "samples": 60000, "num_workers": 2, "done": false, "timesteps_total": null, "episodes_total": null, "training_iteration": 24, "neg_mean_loss": -1.1553245905876162, "experiment_id": "d554027c581d42528367b8bef275f77e", "date": "2019-06-06_13-36-53", "timestamp": 1559853413, "time_this_iter_s": 28.94808602333069, "time_total_s": 814.3051607608795, "pid": 28801, "hostname": "steropes", "node_ip": "169.229.49.254", "config": {"starting_lr": 0.001, "momentum": 0.95, "weight_decay": 0.0001, "steps_per_iteration": null, "pin": false, "model_creator": null, "target_batch_size": 128, "model_string": "resnet50", "min_batch_size": 128, "dataset": "CIFAR", "placement": null, "use_nccl": true, "devices_per_worker": 1, "primary_resource": "extra_gpu", "gpu": false, "verbose": false, "lr_config": {"mode": "log", "steps": 5, "initial_lr": 0.001, "target_lr": 0.0014142135623730952}, "batch_per_device": 128}, "time_since_restore": 399.89275550842285, "timesteps_since_restore": 0, "iterations_since_restore": 14, "mean_throughput": 2078.0837185340492, "atoms": 2, "setup_time": 20.759363651275635}
{"apply": 0.019942200183868407, "batch_time": 0.038135895133018495, "d2h": 0.0006401896476745605, "data_time": 0.002760492417277122, "fwd": 0.029207658767700196, "get_state_time_mean": NaN, "get_state_time_total": 0.0, "grad": 0.08366287946701051, "mean_accuracy": 0.6065999865531921, "mean_loss": 1.1347237629127502, "neg_mean_accuracy": -0.6166999936103821, "set_state_time_mean": NaN, "set_state_time_total": 0.0, "setup_model_time_mean": NaN, "setup_model_time_total": 0.0, "setup_proc_time_mean": NaN, "setup_proc_time_total": 0.0, "train_accuracy": 0.630840003490448, "train_loss": 1.0331595355415344, "training_time_mean": NaN, "training_time_total": 0.0, "val_accuracy": 0.6166999936103821, "val_loss": 1.0925346696853637, "validation_time_mean": NaN, "validation_time_total": 0.0, "samples": 60000, "num_workers": 2, "done": false, "timesteps_total": null, "episodes_total": null, "training_iteration": 25, "neg_mean_loss": -1.1347237629127502, "experiment_id": "d554027c581d42528367b8bef275f77e", "date": "2019-06-06_13-37-22", "timestamp": 1559853442, "time_this_iter_s": 28.889542818069458, "time_total_s": 843.194703578949, "pid": 28801, "hostname": "steropes", "node_ip": "169.229.49.254", "config": {"starting_lr": 0.001, "momentum": 0.95, "weight_decay": 0.0001, "steps_per_iteration": null, "pin": false, "model_creator": null, "target_batch_size": 128, "model_string": "resnet50", "min_batch_size": 128, "dataset": "CIFAR", "placement": null, "use_nccl": true, "devices_per_worker": 1, "primary_resource": "extra_gpu", "gpu": false, "verbose": false, "lr_config": {"mode": "log", "steps": 5, "initial_lr": 0.001, "target_lr": 0.0014142135623730952}, "batch_per_device": 128}, "time_since_restore": 428.7822983264923, "timesteps_since_restore": 0, "iterations_since_restore": 15, "mean_throughput": 2075.3912768740083, "atoms": 2, "setup_time": 20.759363651275635}
{"apply": 0.020781278610229492, "batch_time": 0.03819667398929596, "d2h": 0.0006610751152038574, "data_time": 0.002770886737473157, "fwd": 0.02947742938995361, "get_state_time_mean": NaN, "get_state_time_total": 0.0, "grad": 0.08466663360595703, "mean_accuracy": 0.6135999917984009, "mean_loss": 1.1114093297958376, "neg_mean_accuracy": -0.6279000043869019, "set_state_time_mean": NaN, "set_state_time_total": 0.0, "setup_model_time_mean": NaN, "setup_model_time_total": 0.0, "setup_proc_time_mean": NaN, "setup_proc_time_total": 0.0, "train_accuracy": 0.6376399993896484, "train_loss": 1.0201191961479186, "training_time_mean": NaN, "training_time_total": 0.0, "val_accuracy": 0.6279000043869019, "val_loss": 1.064280118560791, "validation_time_mean": NaN, "validation_time_total": 0.0, "samples": 60000, "num_workers": 2, "done": false, "timesteps_total": null, "episodes_total": null, "training_iteration": 26, "neg_mean_loss": -1.1114093297958376, "experiment_id": "d554027c581d42528367b8bef275f77e", "date": "2019-06-06_13-37-51", "timestamp": 1559853471, "time_this_iter_s": 28.96896743774414, "time_total_s": 872.1636710166931, "pid": 28801, "hostname": "steropes", "node_ip": "169.229.49.254", "config": {"starting_lr": 0.001, "momentum": 0.95, "weight_decay": 0.0001, "steps_per_iteration": null, "pin": false, "model_creator": null, "target_batch_size": 128, "model_string": "resnet50", "min_batch_size": 128, "dataset": "CIFAR", "placement": null, "use_nccl": true, "devices_per_worker": 1, "primary_resource": "extra_gpu", "gpu": false, "verbose": false, "lr_config": {"mode": "log", "steps": 5, "initial_lr": 0.001, "target_lr": 0.0014142135623730952}, "batch_per_device": 128}, "time_since_restore": 457.75126576423645, "timesteps_since_restore": 0, "iterations_since_restore": 16, "mean_throughput": 2072.518275751429, "atoms": 2, "setup_time": 20.759363651275635}
{"apply": 0.018205761909484863, "batch_time": 0.03839203715324402, "d2h": 0.0007475972175598144, "data_time": 0.0027297114839359205, "fwd": 0.028745222091674804, "get_state_time_mean": NaN, "get_state_time_total": 0.0, "grad": 0.08130569458007812, "mean_accuracy": 0.6192999839782715, "mean_loss": 1.0897478609085085, "neg_mean_accuracy": -0.6305999755859375, "set_state_time_mean": NaN, "set_state_time_total": 0.0, "setup_model_time_mean": NaN, "setup_model_time_total": 0.0, "setup_proc_time_mean": NaN, "setup_proc_time_total": 0.0, "train_accuracy": 0.6414400339126587, "train_loss": 1.0028918326950074, "training_time_mean": NaN, "training_time_total": 0.0, "val_accuracy": 0.6305999755859375, "val_loss": 1.0520604962348938, "validation_time_mean": NaN, "validation_time_total": 0.0, "samples": 60000, "num_workers": 2, "done": false, "timesteps_total": null, "episodes_total": null, "training_iteration": 27, "neg_mean_loss": -1.0897478609085085, "experiment_id": "d554027c581d42528367b8bef275f77e", "date": "2019-06-06_13-38-19", "timestamp": 1559853499, "time_this_iter_s": 28.78182888031006, "time_total_s": 900.9454998970032, "pid": 28801, "hostname": "steropes", "node_ip": "169.229.49.254", "config": {"starting_lr": 0.001, "momentum": 0.95, "weight_decay": 0.0001, "steps_per_iteration": null, "pin": false, "model_creator": null, "target_batch_size": 128, "model_string": "resnet50", "min_batch_size": 128, "dataset": "CIFAR", "placement": null, "use_nccl": true, "devices_per_worker": 1, "primary_resource": "extra_gpu", "gpu": false, "verbose": false, "lr_config": {"mode": "log", "steps": 5, "initial_lr": 0.001, "target_lr": 0.0014142135623730952}, "batch_per_device": 128}, "time_since_restore": 486.5330946445465, "timesteps_since_restore": 0, "iterations_since_restore": 17, "mean_throughput": 2075.10139500677, "atoms": 2, "setup_time": 20.759363651275635}
{"apply": 0.019901299476623537, "batch_time": 0.038272625207901007, "d2h": 0.0006419897079467773, "data_time": 0.0027466519754760117, "fwd": 0.029532766342163085, "get_state_time_mean": NaN, "get_state_time_total": 0.0, "grad": 0.0834621787071228, "mean_accuracy": 0.6216799855232239, "mean_loss": 1.0859841130447387, "neg_mean_accuracy": -0.6229999661445618, "set_state_time_mean": NaN, "set_state_time_total": 0.0, "setup_model_time_mean": NaN, "setup_model_time_total": 0.0, "setup_proc_time_mean": NaN, "setup_proc_time_total": 0.0, "train_accuracy": 0.6486999988555908, "train_loss": 0.9908751002883911, "training_time_mean": NaN, "training_time_total": 0.0, "val_accuracy": 0.6229999661445618, "val_loss": 1.083378987979889, "validation_time_mean": NaN, "validation_time_total": 0.0, "samples": 60000, "num_workers": 2, "done": false, "timesteps_total": null, "episodes_total": null, "training_iteration": 28, "neg_mean_loss": -1.0859841130447387, "experiment_id": "d554027c581d42528367b8bef275f77e", "date": "2019-06-06_13-38-48", "timestamp": 1559853528, "time_this_iter_s": 29.04541516304016, "time_total_s": 929.9909150600433, "pid": 28801, "hostname": "steropes", "node_ip": "169.229.49.254", "config": {"starting_lr": 0.001, "momentum": 0.95, "weight_decay": 0.0001, "steps_per_iteration": null, "pin": false, "model_creator": null, "target_batch_size": 128, "model_string": "resnet50", "min_batch_size": 128, "dataset": "CIFAR", "placement": null, "use_nccl": true, "devices_per_worker": 1, "primary_resource": "extra_gpu", "gpu": false, "verbose": false, "lr_config": {"mode": "log", "steps": 5, "initial_lr": 0.001, "target_lr": 0.0014142135623730952}, "batch_per_device": 128}, "time_since_restore": 515.5785098075867, "timesteps_since_restore": 0, "iterations_since_restore": 18, "mean_throughput": 2074.196682098509, "atoms": 2, "setup_time": 20.759363651275635}
{"apply": 0.020073354244232178, "batch_time": 0.03793466091156006, "d2h": 0.0006446957588195801, "data_time": 0.002716072359863593, "fwd": 0.030749285221099855, "get_state_time_mean": NaN, "get_state_time_total": 0.0, "grad": 0.08316172361373901, "mean_accuracy": 0.6237599849700928, "mean_loss": 1.089683701534271, "neg_mean_accuracy": -0.6205999851226807, "set_state_time_mean": NaN, "set_state_time_total": 0.0, "setup_model_time_mean": NaN, "setup_model_time_total": 0.0, "setup_proc_time_mean": NaN, "setup_proc_time_total": 0.0, "train_accuracy": 0.6536399722099304, "train_loss": 0.9717489151573181, "training_time_mean": NaN, "training_time_total": 0.0, "val_accuracy": 0.6205999851226807, "val_loss": 1.1561642352104187, "validation_time_mean": NaN, "validation_time_total": 0.0, "samples": 60000, "num_workers": 2, "done": false, "timesteps_total": null, "episodes_total": null, "training_iteration": 29, "neg_mean_loss": -1.089683701534271, "experiment_id": "d554027c581d42528367b8bef275f77e", "date": "2019-06-06_13-39-17", "timestamp": 1559853557, "time_this_iter_s": 28.944953203201294, "time_total_s": 958.9358682632446, "pid": 28801, "hostname": "steropes", "node_ip": "169.229.49.254", "config": {"starting_lr": 0.001, "momentum": 0.95, "weight_decay": 0.0001, "steps_per_iteration": null, "pin": false, "model_creator": null, "target_batch_size": 128, "model_string": "resnet50", "min_batch_size": 128, "dataset": "CIFAR", "placement": null, "use_nccl": true, "devices_per_worker": 1, "primary_resource": "extra_gpu", "gpu": false, "verbose": false, "lr_config": {"mode": "log", "steps": 5, "initial_lr": 0.001, "target_lr": 0.0014142135623730952}, "batch_per_device": 128}, "time_since_restore": 544.523463010788, "timesteps_since_restore": 0, "iterations_since_restore": 19, "mean_throughput": 2074.2415526321747, "atoms": 2, "setup_time": 20.759363651275635}
{"apply": 0.019916415214538574, "batch_time": 0.03760225474834442, "d2h": 0.0006424903869628907, "data_time": 0.002790422463903622, "fwd": 0.02881406545639038, "get_state_time_mean": NaN, "get_state_time_total": 0.0, "grad": 0.08365128040313721, "mean_accuracy": 0.625059974193573, "mean_loss": 1.0835045987701415, "neg_mean_accuracy": -0.6231999397277832, "set_state_time_mean": NaN, "set_state_time_total": 0.0, "setup_model_time_mean": NaN, "setup_model_time_total": 0.0, "setup_proc_time_mean": NaN, "setup_proc_time_total": 0.0, "train_accuracy": 0.6574599742889404, "train_loss": 0.9600384422874451, "training_time_mean": NaN, "training_time_total": 0.0, "val_accuracy": 0.6231999397277832, "val_loss": 1.0616391558647156, "validation_time_mean": NaN, "validation_time_total": 0.0, "samples": 60000, "num_workers": 2, "done": false, "timesteps_total": null, "episodes_total": null, "training_iteration": 30, "neg_mean_loss": -1.0835045987701415, "experiment_id": "d554027c581d42528367b8bef275f77e", "date": "2019-06-06_13-39-46", "timestamp": 1559853586, "time_this_iter_s": 28.878591537475586, "time_total_s": 987.8144598007202, "pid": 28801, "hostname": "steropes", "node_ip": "169.229.49.254", "config": {"starting_lr": 0.001, "momentum": 0.95, "weight_decay": 0.0001, "steps_per_iteration": null, "pin": false, "model_creator": null, "target_batch_size": 128, "model_string": "resnet50", "min_batch_size": 128, "dataset": "CIFAR", "placement": null, "use_nccl": true, "devices_per_worker": 1, "primary_resource": "extra_gpu", "gpu": false, "verbose": false, "lr_config": {"mode": "log", "steps": 5, "initial_lr": 0.001, "target_lr": 0.0014142135623730952}, "batch_per_device": 128}, "time_since_restore": 573.4020545482635, "timesteps_since_restore": 0, "iterations_since_restore": 20, "mean_throughput": 2074.3986712162814, "atoms": 2, "setup_time": 20.759363651275635}
{"apply": 0.019255876541137695, "batch_time": 0.0380371481180191, "d2h": 0.0006477952003479004, "data_time": 0.002745233020003961, "fwd": 0.029305624961853027, "get_state_time_mean": NaN, "get_state_time_total": 0.0, "grad": 0.08239178657531737, "mean_accuracy": 0.6270999789237977, "mean_loss": 1.0775461123275758, "neg_mean_accuracy": -0.6381000280380249, "set_state_time_mean": NaN, "set_state_time_total": 0.0, "setup_model_time_mean": NaN, "setup_model_time_total": 0.0, "setup_proc_time_mean": NaN, "setup_proc_time_total": 0.0, "train_accuracy": 0.6632599830627441, "train_loss": 0.9412002544879914, "training_time_mean": NaN, "training_time_total": 0.0, "val_accuracy": 0.6381000280380249, "val_loss": 1.0344876863479615, "validation_time_mean": NaN, "validation_time_total": 0.0, "samples": 60000, "num_workers": 2, "done": false, "timesteps_total": null, "episodes_total": null, "training_iteration": 31, "neg_mean_loss": -1.0775461123275758, "experiment_id": "d554027c581d42528367b8bef275f77e", "date": "2019-06-06_13-40-15", "timestamp": 1559853615, "time_this_iter_s": 28.937941789627075, "time_total_s": 1016.7524015903473, "pid": 28801, "hostname": "steropes", "node_ip": "169.229.49.254", "config": {"starting_lr": 0.001, "momentum": 0.95, "weight_decay": 0.0001, "steps_per_iteration": null, "pin": false, "model_creator": null, "target_batch_size": 128, "model_string": "resnet50", "min_batch_size": 128, "dataset": "CIFAR", "placement": null, "use_nccl": true, "devices_per_worker": 1, "primary_resource": "extra_gpu", "gpu": false, "verbose": false, "lr_config": {"mode": "log", "steps": 5, "initial_lr": 0.001, "target_lr": 0.0014142135623730952}, "batch_per_device": 128}, "time_since_restore": 602.3399963378906, "timesteps_since_restore": 0, "iterations_since_restore": 21, "mean_throughput": 2074.844660357756, "atoms": 2, "setup_time": 20.759363651275635}
{"apply": 0.020403480529785155, "batch_time": 0.03831265866756439, "d2h": 0.0006464362144470215, "data_time": 0.0027821745191301617, "fwd": 0.029744648933410646, "get_state_time_mean": NaN, "get_state_time_total": 0.0, "grad": 0.0826063871383667, "mean_accuracy": 0.6284999847412109, "mean_loss": 1.0728438724327087, "neg_mean_accuracy": -0.6376000046730042, "set_state_time_mean": NaN, "set_state_time_total": 0.0, "setup_model_time_mean": NaN, "setup_model_time_total": 0.0, "setup_proc_time_mean": NaN, "setup_proc_time_total": 0.0, "train_accuracy": 0.6684800386428833, "train_loss": 0.9341587326431274, "training_time_mean": NaN, "training_time_total": 0.0, "val_accuracy": 0.6376000046730042, "val_loss": 1.0285492967605592, "validation_time_mean": NaN, "validation_time_total": 0.0, "samples": 60000, "num_workers": 2, "done": false, "timesteps_total": null, "episodes_total": null, "training_iteration": 32, "neg_mean_loss": -1.0728438724327087, "experiment_id": "d554027c581d42528367b8bef275f77e", "date": "2019-06-06_13-40-44", "timestamp": 1559853644, "time_this_iter_s": 28.985576629638672, "time_total_s": 1045.737978219986, "pid": 28801, "hostname": "steropes", "node_ip": "169.229.49.254", "config": {"starting_lr": 0.001, "momentum": 0.95, "weight_decay": 0.0001, "steps_per_iteration": null, "pin": false, "model_creator": null, "target_batch_size": 128, "model_string": "resnet50", "min_batch_size": 128, "dataset": "CIFAR", "placement": null, "use_nccl": true, "devices_per_worker": 1, "primary_resource": "extra_gpu", "gpu": false, "verbose": false, "lr_config": {"mode": "log", "steps": 5, "initial_lr": 0.001, "target_lr": 0.0014142135623730952}, "batch_per_device": 128}, "time_since_restore": 631.3255729675293, "timesteps_since_restore": 0, "iterations_since_restore": 22, "mean_throughput": 2071.924779136469, "atoms": 2, "setup_time": 20.759363651275635}
{"apply": 0.019741106033325198, "batch_time": 0.037940514087677, "d2h": 0.000643610954284668, "data_time": 0.002731752638914147, "fwd": 0.03050171136856079, "get_state_time_mean": NaN, "get_state_time_total": 0.0, "grad": 0.08256328105926514, "mean_accuracy": 0.6315999865531922, "mean_loss": 1.0646223231124876, "neg_mean_accuracy": -0.6384999752044678, "set_state_time_mean": NaN, "set_state_time_total": 0.0, "setup_model_time_mean": NaN, "setup_model_time_total": 0.0, "setup_proc_time_mean": NaN, "setup_proc_time_total": 0.0, "train_accuracy": 0.6677799820899963, "train_loss": 0.9271240507984162, "training_time_mean": NaN, "training_time_total": 0.0, "val_accuracy": 0.6384999752044678, "val_loss": 1.042271241378784, "validation_time_mean": NaN, "validation_time_total": 0.0, "samples": 60000, "num_workers": 2, "done": true, "timesteps_total": null, "episodes_total": null, "training_iteration": 33, "neg_mean_loss": -1.0646223231124876, "experiment_id": "d554027c581d42528367b8bef275f77e", "date": "2019-06-06_13-41-13", "timestamp": 1559853673, "time_this_iter_s": 28.86983585357666, "time_total_s": 1074.6078140735626, "pid": 28801, "hostname": "steropes", "node_ip": "169.229.49.254", "config": {"starting_lr": 0.001, "momentum": 0.95, "weight_decay": 0.0001, "steps_per_iteration": null, "pin": false, "model_creator": null, "target_batch_size": 128, "model_string": "resnet50", "min_batch_size": 128, "dataset": "CIFAR", "placement": null, "use_nccl": true, "devices_per_worker": 1, "primary_resource": "extra_gpu", "gpu": false, "verbose": false, "lr_config": {"mode": "log", "steps": 5, "initial_lr": 0.001, "target_lr": 0.0014142135623730952}, "batch_per_device": 128}, "time_since_restore": 660.195408821106, "timesteps_since_restore": 0, "iterations_since_restore": 23, "mean_throughput": 2074.4403288844624, "atoms": 2, "setup_time": 20.759363651275635}
