apply,batch_time,d2h,data_time,fwd,get_state_time_mean,get_state_time_total,grad,mean_accuracy,mean_loss,neg_mean_accuracy,set_state_time_mean,set_state_time_total,setup_model_time_mean,setup_model_time_total,setup_proc_time_mean,setup_proc_time_total,train_accuracy,train_loss,training_time_mean,training_time_total,val_accuracy,val_loss,validation_time_mean,validation_time_total,samples,num_workers,done,timesteps_total,episodes_total,training_iteration,neg_mean_loss,experiment_id,date,timestamp,time_this_iter_s,time_total_s,pid,hostname,node_ip,config,time_since_restore,timesteps_since_restore,iterations_since_restore,mean_throughput,atoms,setup_time
0.01762380599975586,0.041551692576348026,0.000665593147277832,0.0018603417574597136,0.14240455627441406,nan,0.0,0.2746968030929565,0.28779998421669006,2.041736752319336,-0.28779998421669006,nan,0.0,21.433212995529175,21.433212995529175,1.6577630043029785,1.6577630043029785,0.20027999579906464,2.403691909408569,nan,0.0,0.28779998421669006,2.041736752319336,nan,0.0,60000,1,False,,,1,-2.041736752319336,33e2fcf0bb71457e9b1ec0a2b0a36b49,2019-06-03_22-06-14,1559624774,48.25131130218506,48.25131130218506,6879,steropes,169.229.49.254,"{'starting_lr': 0.0005, 'momentum': 0.997, 'weight_decay': 0.005, 'steps_per_iteration': None, 'pin': False, 'model_creator': None, 'target_batch_size': 128, 'model_string': 'resnet50', 'min_batch_size': 128, 'dataset': 'CIFAR', 'placement': None, 'use_nccl': True, 'devices_per_worker': 1, 'primary_resource': 'extra_gpu', 'gpu': False, 'verbose': False, 'lr_config': {'mode': 'log', 'steps': 5, 'initial_lr': 0.0005, 'target_lr': 0.0005}, 'batch_per_device': 128}",48.25131130218506,0,1,1243.4873094922712,1,23.186718940734863
0.017881178855895997,0.031544413747666755,0.0006660699844360351,0.001755766246629798,0.0281125545501709,nan,0.0,0.047626185417175296,0.32269999384880066,1.8969266860961915,-0.35760000348091125,nan,0.0,nan,0.0,nan,0.0,0.3087799847126007,2.049257784385681,nan,0.0,0.35760000348091125,1.752116619873047,nan,0.0,60000,1,False,,,2,-1.8969266860961915,33e2fcf0bb71457e9b1ec0a2b0a36b49,2019-06-03_22-06-54,1559624814,40.41510200500488,88.66641330718994,6879,steropes,169.229.49.254,"{'starting_lr': 0.0005, 'momentum': 0.997, 'weight_decay': 0.005, 'steps_per_iteration': None, 'pin': False, 'model_creator': None, 'target_batch_size': 128, 'model_string': 'resnet50', 'min_batch_size': 128, 'dataset': 'CIFAR', 'placement': None, 'use_nccl': True, 'devices_per_worker': 1, 'primary_resource': 'extra_gpu', 'gpu': False, 'verbose': False, 'lr_config': {'mode': 'log', 'steps': 5, 'initial_lr': 0.0005, 'target_lr': 0.0005}, 'batch_per_device': 128}",88.66641330718994,0,2,1353.381969020727,1,23.186718940734863
0.017662525177001953,0.03136457672602014,0.0006839752197265625,0.0017507429927816171,0.027722811698913573,nan,0.0,0.04730668067932129,0.34423332413037616,1.8181078880310058,-0.3872999846935272,nan,0.0,nan,0.0,nan,0.0,0.35753998160362244,1.824089123802185,nan,0.0,0.3872999846935272,1.6604702919006347,nan,0.0,60000,1,False,,,3,-1.8181078880310058,33e2fcf0bb71457e9b1ec0a2b0a36b49,2019-06-03_22-07-34,1559624854,40.272334575653076,128.93874788284302,6879,steropes,169.229.49.254,"{'starting_lr': 0.0005, 'momentum': 0.997, 'weight_decay': 0.005, 'steps_per_iteration': None, 'pin': False, 'model_creator': None, 'target_batch_size': 128, 'model_string': 'resnet50', 'min_batch_size': 128, 'dataset': 'CIFAR', 'placement': None, 'use_nccl': True, 'devices_per_worker': 1, 'primary_resource': 'extra_gpu', 'gpu': False, 'verbose': False, 'lr_config': {'mode': 'log', 'steps': 5, 'initial_lr': 0.0005, 'target_lr': 0.0005}, 'batch_per_device': 128}",128.93874788284302,0,3,1396.0070797051358,1,23.186718940734863
0.017667865753173827,0.031321241885800905,0.0006612539291381836,0.0017534692574035177,0.027715444564819336,nan,0.0,0.0477003812789917,0.3479999899864197,1.8112156807899475,-0.35929998755455017,nan,0.0,nan,0.0,nan,0.0,0.3387399911880493,1.9778665184783935,nan,0.0,0.35929998755455017,1.7905390590667725,nan,0.0,60000,1,False,,,4,-1.8112156807899475,33e2fcf0bb71457e9b1ec0a2b0a36b49,2019-06-03_22-08-15,1559624895,40.23455834388733,169.17330622673035,6879,steropes,169.229.49.254,"{'starting_lr': 0.0005, 'momentum': 0.997, 'weight_decay': 0.005, 'steps_per_iteration': None, 'pin': False, 'model_creator': None, 'target_batch_size': 128, 'model_string': 'resnet50', 'min_batch_size': 128, 'dataset': 'CIFAR', 'placement': None, 'use_nccl': True, 'devices_per_worker': 1, 'primary_resource': 'extra_gpu', 'gpu': False, 'verbose': False, 'lr_config': {'mode': 'log', 'steps': 5, 'initial_lr': 0.0005, 'target_lr': 0.0005}, 'batch_per_device': 128}",169.17330622673035,0,4,1418.6593266120058,1,23.186718940734863
0.017573952674865723,0.031070685084862045,0.0006676435470581055,0.001741201981254246,0.02743396759033203,nan,0.0,0.04730832576751709,0.3630199909210205,1.761413352355957,-0.42309999465942383,nan,0.0,nan,0.0,nan,0.0,0.37035998702049255,1.725826349258423,nan,0.0,0.42309999465942383,1.5622040386199951,nan,0.0,60000,1,False,,,5,-1.761413352355957,33e2fcf0bb71457e9b1ec0a2b0a36b49,2019-06-03_22-08-55,1559624935,40.15275192260742,209.32605814933777,6879,steropes,169.229.49.254,"{'starting_lr': 0.0005, 'momentum': 0.997, 'weight_decay': 0.005, 'steps_per_iteration': None, 'pin': False, 'model_creator': None, 'target_batch_size': 128, 'model_string': 'resnet50', 'min_batch_size': 128, 'dataset': 'CIFAR', 'placement': None, 'use_nccl': True, 'devices_per_worker': 1, 'primary_resource': 'extra_gpu', 'gpu': False, 'verbose': False, 'lr_config': {'mode': 'log', 'steps': 5, 'initial_lr': 0.0005, 'target_lr': 0.0005}, 'batch_per_device': 128}",209.32605814933777,0,5,1433.166854476089,1,23.186718940734863
0.017435479164123534,0.03089290932763981,0.000682377815246582,0.001792659540005657,0.027435994148254393,nan,0.0,0.047882580757141115,0.39849998950958254,1.6467285145568848,-0.4651999771595001,nan,0.0,nan,0.0,nan,0.0,0.41947999596595764,1.5773847352981567,nan,0.0,0.4651999771595001,1.4683125633239746,nan,0.0,60000,1,False,,,6,-1.6467285145568848,33e2fcf0bb71457e9b1ec0a2b0a36b49,2019-06-03_22-09-35,1559624975,40.29634475708008,249.62240290641785,6879,steropes,169.229.49.254,"{'starting_lr': 0.0005, 'momentum': 0.997, 'weight_decay': 0.005, 'steps_per_iteration': None, 'pin': False, 'model_creator': None, 'target_batch_size': 128, 'model_string': 'resnet50', 'min_batch_size': 128, 'dataset': 'CIFAR', 'placement': None, 'use_nccl': True, 'devices_per_worker': 1, 'primary_resource': 'extra_gpu', 'gpu': False, 'verbose': False, 'lr_config': {'mode': 'log', 'steps': 5, 'initial_lr': 0.0005, 'target_lr': 0.0005}, 'batch_per_device': 128}",249.62240290641785,0,6,1489.7826044719577,1,23.186718940734863
0.01747298240661621,0.030886592744271968,0.0006405830383300782,0.0017808319052771838,0.02744166851043701,nan,0.0,0.047259521484375,0.4250999867916107,1.5733720230102541,-0.49059998989105225,nan,0.0,nan,0.0,nan,0.0,0.4553999900817871,1.4974805912017821,nan,0.0,0.49059998989105225,1.3853341621398927,nan,0.0,60000,1,False,,,7,-1.5733720230102541,33e2fcf0bb71457e9b1ec0a2b0a36b49,2019-06-03_22-10-15,1559625015,40.222482442855835,289.8448853492737,6879,steropes,169.229.49.254,"{'starting_lr': 0.0005, 'momentum': 0.997, 'weight_decay': 0.005, 'steps_per_iteration': None, 'pin': False, 'model_creator': None, 'target_batch_size': 128, 'model_string': 'resnet50', 'min_batch_size': 128, 'dataset': 'CIFAR', 'placement': None, 'use_nccl': True, 'devices_per_worker': 1, 'primary_resource': 'extra_gpu', 'gpu': False, 'verbose': False, 'lr_config': {'mode': 'log', 'steps': 5, 'initial_lr': 0.0005, 'target_lr': 0.0005}, 'batch_per_device': 128}",289.8448853492737,0,7,1491.2104104095258,1,23.186718940734863
0.01755943298339844,0.03159526933597613,0.0006845712661743164,0.0017864759011036904,0.028078579902648927,nan,0.0,0.04937899112701416,0.45179998874664307,1.5047421701049806,-0.520799994468689,nan,0.0,nan,0.0,nan,0.0,0.48277997970581055,1.4170699237060547,nan,0.0,0.520799994468689,1.3173210273742675,nan,0.0,60000,1,False,,,8,-1.5047421701049806,33e2fcf0bb71457e9b1ec0a2b0a36b49,2019-06-03_22-10-56,1559625056,40.22479796409607,330.06968331336975,6879,steropes,169.229.49.254,"{'starting_lr': 0.0005, 'momentum': 0.997, 'weight_decay': 0.005, 'steps_per_iteration': None, 'pin': False, 'model_creator': None, 'target_batch_size': 128, 'model_string': 'resnet50', 'min_batch_size': 128, 'dataset': 'CIFAR', 'placement': None, 'use_nccl': True, 'devices_per_worker': 1, 'primary_resource': 'extra_gpu', 'gpu': False, 'verbose': False, 'lr_config': {'mode': 'log', 'steps': 5, 'initial_lr': 0.0005, 'target_lr': 0.0005}, 'batch_per_device': 128}",330.06968331336975,0,8,1491.5628274903754,1,23.186718940734863
0.017745041847229005,0.0314797268638128,0.0006979703903198242,0.0017388495033049522,0.027822351455688475,nan,0.0,0.04809656143188477,0.48799999356269835,1.4008208018493653,-0.5403000116348267,nan,0.0,nan,0.0,nan,0.0,0.50764000415802,1.3636891173553467,nan,0.0,0.5403000116348267,1.2709322177886964,nan,0.0,60000,1,False,,,9,-1.4008208018493653,33e2fcf0bb71457e9b1ec0a2b0a36b49,2019-06-03_22-11-36,1559625096,40.28180813789368,370.3514914512634,6879,steropes,169.229.49.254,"{'starting_lr': 0.0005, 'momentum': 0.997, 'weight_decay': 0.005, 'steps_per_iteration': None, 'pin': False, 'model_creator': None, 'target_batch_size': 128, 'model_string': 'resnet50', 'min_batch_size': 128, 'dataset': 'CIFAR', 'placement': None, 'use_nccl': True, 'devices_per_worker': 1, 'primary_resource': 'extra_gpu', 'gpu': False, 'verbose': False, 'lr_config': {'mode': 'log', 'steps': 5, 'initial_lr': 0.0005, 'target_lr': 0.0005}, 'batch_per_device': 128}",370.3514914512634,0,9,1491.2124727869746,1,23.186718940734863
0.017458009719848632,0.03153345856485488,0.0006987333297729492,0.001800844431533228,0.0273773193359375,nan,0.0,0.04714710712432861,0.5128399908542634,1.3384286740875244,-0.5472999811172485,nan,0.0,nan,0.0,nan,0.0,0.5357199907302856,1.2966032932281495,nan,0.0,0.5472999811172485,1.250243399810791,nan,0.0,60000,1,False,,,10,-1.3384286740875244,33e2fcf0bb71457e9b1ec0a2b0a36b49,2019-06-03_22-12-16,1559625136,40.3063383102417,410.6578297615051,6879,steropes,169.229.49.254,"{'starting_lr': 0.0005, 'momentum': 0.997, 'weight_decay': 0.005, 'steps_per_iteration': None, 'pin': False, 'model_creator': None, 'target_batch_size': 128, 'model_string': 'resnet50', 'min_batch_size': 128, 'dataset': 'CIFAR', 'placement': None, 'use_nccl': True, 'devices_per_worker': 1, 'primary_resource': 'extra_gpu', 'gpu': False, 'verbose': False, 'lr_config': {'mode': 'log', 'steps': 5, 'initial_lr': 0.0005, 'target_lr': 0.0005}, 'batch_per_device': 128}",410.6578297615051,0,10,1490.0748226120306,1,23.186718940734863
0.017391562461853027,0.03117365776738034,0.0006697177886962891,0.0017305377804104935,0.027286505699157713,nan,0.0,0.04725449085235596,0.539519989490509,1.2729564403533935,-0.5985999703407288,nan,0.0,nan,0.0,nan,0.0,0.5667200088500977,1.2120084523773194,nan,0.0,0.5985999703407288,1.1409513946533203,nan,0.0,60000,1,False,,,11,-1.2729564403533935,33e2fcf0bb71457e9b1ec0a2b0a36b49,2019-06-03_22-12-56,1559625176,40.207011461257935,450.86484122276306,6879,steropes,169.229.49.254,"{'starting_lr': 0.0005, 'momentum': 0.997, 'weight_decay': 0.005, 'steps_per_iteration': None, 'pin': False, 'model_creator': None, 'target_batch_size': 128, 'model_string': 'resnet50', 'min_batch_size': 128, 'dataset': 'CIFAR', 'placement': None, 'use_nccl': True, 'devices_per_worker': 1, 'primary_resource': 'extra_gpu', 'gpu': False, 'verbose': False, 'lr_config': {'mode': 'log', 'steps': 5, 'initial_lr': 0.0005, 'target_lr': 0.0005}, 'batch_per_device': 128}",450.86484122276306,0,11,1490.7362433493392,1,23.186718940734863
0.01740758419036865,0.03160212915154952,0.0006665945053100586,0.0017430922564338235,0.027429723739624025,nan,0.0,0.04729428291320801,0.5635799884796142,1.2162094087219237,-0.6108999848365784,nan,0.0,nan,0.0,nan,0.0,0.5908200144767761,1.153182248802185,nan,0.0,0.6108999848365784,1.1015990039825438,nan,0.0,60000,1,False,,,12,-1.2162094087219237,33e2fcf0bb71457e9b1ec0a2b0a36b49,2019-06-03_22-13-36,1559625216,40.138500452041626,491.0033416748047,6879,steropes,169.229.49.254,"{'starting_lr': 0.0005, 'momentum': 0.997, 'weight_decay': 0.005, 'steps_per_iteration': None, 'pin': False, 'model_creator': None, 'target_batch_size': 128, 'model_string': 'resnet50', 'min_batch_size': 128, 'dataset': 'CIFAR', 'placement': None, 'use_nccl': True, 'devices_per_worker': 1, 'primary_resource': 'extra_gpu', 'gpu': False, 'verbose': False, 'lr_config': {'mode': 'log', 'steps': 5, 'initial_lr': 0.0005, 'target_lr': 0.0005}, 'batch_per_device': 128}",491.0033416748047,0,12,1491.3585573462376,1,23.186718940734863
0.01762986183166504,0.03152803227871279,0.0006929397583007813,0.001771393334469222,0.027431249618530273,nan,0.0,0.04784848690032959,0.5835599899291992,1.1670534491539,-0.6207000017166138,nan,0.0,nan,0.0,nan,0.0,0.5984799861907959,1.1331218213653564,nan,0.0,0.6207000017166138,1.071541229534149,nan,0.0,60000,1,False,,,13,-1.1670534491539,33e2fcf0bb71457e9b1ec0a2b0a36b49,2019-06-03_22-14-17,1559625257,40.16042876243591,531.1637704372406,6879,steropes,169.229.49.254,"{'starting_lr': 0.0005, 'momentum': 0.997, 'weight_decay': 0.005, 'steps_per_iteration': None, 'pin': False, 'model_creator': None, 'target_batch_size': 128, 'model_string': 'resnet50', 'min_batch_size': 128, 'dataset': 'CIFAR', 'placement': None, 'use_nccl': True, 'devices_per_worker': 1, 'primary_resource': 'extra_gpu', 'gpu': False, 'verbose': False, 'lr_config': {'mode': 'log', 'steps': 5, 'initial_lr': 0.0005, 'target_lr': 0.0005}, 'batch_per_device': 128}",531.1637704372406,0,13,1491.835363179651,1,23.186718940734863
0.017586302757263184,0.03093859213816969,0.0006579399108886719,0.00175556319448954,0.02767651081085205,nan,0.0,0.04735867977142334,0.5980999827384949,1.131628159790039,-0.6129999756813049,nan,0.0,nan,0.0,nan,0.0,0.6193999648094177,1.07622393825531,nan,0.0,0.6129999756813049,1.093805770969391,nan,0.0,60000,1,False,,,14,-1.131628159790039,33e2fcf0bb71457e9b1ec0a2b0a36b49,2019-06-03_22-14-57,1559625297,40.282994747161865,571.4467651844025,6879,steropes,169.229.49.254,"{'starting_lr': 0.0005, 'momentum': 0.997, 'weight_decay': 0.005, 'steps_per_iteration': None, 'pin': False, 'model_creator': None, 'target_batch_size': 128, 'model_string': 'resnet50', 'min_batch_size': 128, 'dataset': 'CIFAR', 'placement': None, 'use_nccl': True, 'devices_per_worker': 1, 'primary_resource': 'extra_gpu', 'gpu': False, 'verbose': False, 'lr_config': {'mode': 'log', 'steps': 5, 'initial_lr': 0.0005, 'target_lr': 0.0005}, 'batch_per_device': 128}",571.4467651844025,0,14,1491.8265761991001,1,23.186718940734863
0.01766228675842285,0.03126055077661442,0.000655364990234375,0.0017797367652054028,0.02844092845916748,nan,0.0,0.04806210994720459,0.6140399813652039,1.0966317283058167,-0.6269999742507935,nan,0.0,nan,0.0,nan,0.0,0.6212199926376343,1.066989451751709,nan,0.0,0.6269999742507935,1.075261242389679,nan,0.0,60000,1,False,,,15,-1.0966317283058167,33e2fcf0bb71457e9b1ec0a2b0a36b49,2019-06-03_22-15-37,1559625337,40.23162841796875,611.6783936023712,6879,steropes,169.229.49.254,"{'starting_lr': 0.0005, 'momentum': 0.997, 'weight_decay': 0.005, 'steps_per_iteration': None, 'pin': False, 'model_creator': None, 'target_batch_size': 128, 'model_string': 'resnet50', 'min_batch_size': 128, 'dataset': 'CIFAR', 'placement': None, 'use_nccl': True, 'devices_per_worker': 1, 'primary_resource': 'extra_gpu', 'gpu': False, 'verbose': False, 'lr_config': {'mode': 'log', 'steps': 5, 'initial_lr': 0.0005, 'target_lr': 0.0005}, 'batch_per_device': 128}",611.6783936023712,0,15,1492.3811033850438,1,23.186718940734863
0.017685461044311523,0.031248783763450912,0.0006860733032226562,0.0017348463882875564,0.027651262283325196,nan,0.0,0.047339439392089844,0.6256999850273133,1.0652310032081604,-0.6568999886512756,nan,0.0,nan,0.0,nan,0.0,0.6376599669456482,1.0404898989486695,nan,0.0,0.6568999886512756,0.983947769165039,nan,0.0,60000,1,False,,,16,-1.0652310032081604,33e2fcf0bb71457e9b1ec0a2b0a36b49,2019-06-03_22-16-17,1559625377,40.09125256538391,651.7696461677551,6879,steropes,169.229.49.254,"{'starting_lr': 0.0005, 'momentum': 0.997, 'weight_decay': 0.005, 'steps_per_iteration': None, 'pin': False, 'model_creator': None, 'target_batch_size': 128, 'model_string': 'resnet50', 'min_batch_size': 128, 'dataset': 'CIFAR', 'placement': None, 'use_nccl': True, 'devices_per_worker': 1, 'primary_resource': 'extra_gpu', 'gpu': False, 'verbose': False, 'lr_config': {'mode': 'log', 'steps': 5, 'initial_lr': 0.0005, 'target_lr': 0.0005}, 'batch_per_device': 128}",651.7696461677551,0,16,1493.2410338808031,1,23.186718940734863
0.01779334545135498,0.031126218506052523,0.0006918907165527344,0.0017283907936662055,0.02812178134918213,nan,0.0,0.04745159149169922,0.6370599865913391,1.0386290693855287,-0.6676999926567078,nan,0.0,nan,0.0,nan,0.0,0.6476199626922607,1.0075981110000611,nan,0.0,0.6676999926567078,0.9685893348693848,nan,0.0,60000,1,False,,,17,-1.0386290693855287,33e2fcf0bb71457e9b1ec0a2b0a36b49,2019-06-03_22-16-57,1559625417,40.146944761276245,691.9165909290314,6879,steropes,169.229.49.254,"{'starting_lr': 0.0005, 'momentum': 0.997, 'weight_decay': 0.005, 'steps_per_iteration': None, 'pin': False, 'model_creator': None, 'target_batch_size': 128, 'model_string': 'resnet50', 'min_batch_size': 128, 'dataset': 'CIFAR', 'placement': None, 'use_nccl': True, 'devices_per_worker': 1, 'primary_resource': 'extra_gpu', 'gpu': False, 'verbose': False, 'lr_config': {'mode': 'log', 'steps': 5, 'initial_lr': 0.0005, 'target_lr': 0.0005}, 'batch_per_device': 128}",691.9165909290314,0,17,1493.1783055559663,1,23.186718940734863
0.01841609477996826,0.03152603740933575,0.0006953954696655273,0.001729787768000532,0.028200984001159668,nan,0.0,0.04763209819793701,0.6400799870491027,1.0276720696258546,-0.6358000040054321,nan,0.0,nan,0.0,nan,0.0,0.6492800116539001,1.004718522720337,nan,0.0,0.6358000040054321,1.0167562307357787,nan,0.0,60000,1,False,,,18,-1.0276720696258546,33e2fcf0bb71457e9b1ec0a2b0a36b49,2019-06-03_22-17-38,1559625458,40.249852895736694,732.1664438247681,6879,steropes,169.229.49.254,"{'starting_lr': 0.0005, 'momentum': 0.997, 'weight_decay': 0.005, 'steps_per_iteration': None, 'pin': False, 'model_creator': None, 'target_batch_size': 128, 'model_string': 'resnet50', 'min_batch_size': 128, 'dataset': 'CIFAR', 'placement': None, 'use_nccl': True, 'devices_per_worker': 1, 'primary_resource': 'extra_gpu', 'gpu': False, 'verbose': False, 'lr_config': {'mode': 'log', 'steps': 5, 'initial_lr': 0.0005, 'target_lr': 0.0005}, 'batch_per_device': 128}",732.1664438247681,0,18,1492.5140508554134,1,23.186718940734863
0.01746053695678711,0.03131641013712823,0.0006410837173461914,0.001715114964243701,0.02774369716644287,nan,0.0,0.047411441802978516,0.6516599893569947,1.0001603591918946,-0.6708999872207642,nan,0.0,nan,0.0,nan,0.0,0.6576799750328064,0.9853654470634461,nan,0.0,0.6708999872207642,0.9562472187995911,nan,0.0,60000,1,False,,,19,-1.0001603591918946,33e2fcf0bb71457e9b1ec0a2b0a36b49,2019-06-03_22-18-18,1559625498,40.1500768661499,772.316520690918,6879,steropes,169.229.49.254,"{'starting_lr': 0.0005, 'momentum': 0.997, 'weight_decay': 0.005, 'steps_per_iteration': None, 'pin': False, 'model_creator': None, 'target_batch_size': 128, 'model_string': 'resnet50', 'min_batch_size': 128, 'dataset': 'CIFAR', 'placement': None, 'use_nccl': True, 'devices_per_worker': 1, 'primary_resource': 'extra_gpu', 'gpu': False, 'verbose': False, 'lr_config': {'mode': 'log', 'steps': 5, 'initial_lr': 0.0005, 'target_lr': 0.0005}, 'batch_per_device': 128}",772.316520690918,0,19,1493.5016095271878,1,23.186718940734863
0.017809081077575683,0.031108774716341044,0.0007140159606933594,0.0017463081633038533,0.02788851261138916,nan,0.0,0.04861729145050049,0.661739993095398,0.9729087729072571,-0.6773999929428101,nan,0.0,nan,0.0,nan,0.0,0.6665599942207336,0.9572237556648254,nan,0.0,0.6773999929428101,0.9390033109664917,nan,0.0,60000,1,False,,,20,-0.9729087729072571,33e2fcf0bb71457e9b1ec0a2b0a36b49,2019-06-03_22-18-58,1559625538,40.25081467628479,812.5673353672028,6879,steropes,169.229.49.254,"{'starting_lr': 0.0005, 'momentum': 0.997, 'weight_decay': 0.005, 'steps_per_iteration': None, 'pin': False, 'model_creator': None, 'target_batch_size': 128, 'model_string': 'resnet50', 'min_batch_size': 128, 'dataset': 'CIFAR', 'placement': None, 'use_nccl': True, 'devices_per_worker': 1, 'primary_resource': 'extra_gpu', 'gpu': False, 'verbose': False, 'lr_config': {'mode': 'log', 'steps': 5, 'initial_lr': 0.0005, 'target_lr': 0.0005}, 'batch_per_device': 128}",812.5673353672028,0,20,1493.358959677311,1,23.186718940734863
0.01741178035736084,0.031163789048979554,0.0006679773330688476,0.0017308024189356343,0.02723686695098877,nan,0.0,0.04723789691925049,0.6678799867630005,0.9568061274147034,-0.6875999569892883,nan,0.0,nan,0.0,nan,0.0,0.6686599850654602,0.9577430533218384,nan,0.0,0.6875999569892883,0.9034345417022706,nan,0.0,60000,1,False,,,21,-0.9568061274147034,33e2fcf0bb71457e9b1ec0a2b0a36b49,2019-06-03_22-19-38,1559625578,40.23390221595764,852.8012375831604,6879,steropes,169.229.49.254,"{'starting_lr': 0.0005, 'momentum': 0.997, 'weight_decay': 0.005, 'steps_per_iteration': None, 'pin': False, 'model_creator': None, 'target_batch_size': 128, 'model_string': 'resnet50', 'min_batch_size': 128, 'dataset': 'CIFAR', 'placement': None, 'use_nccl': True, 'devices_per_worker': 1, 'primary_resource': 'extra_gpu', 'gpu': False, 'verbose': False, 'lr_config': {'mode': 'log', 'steps': 5, 'initial_lr': 0.0005, 'target_lr': 0.0005}, 'batch_per_device': 128}",852.8012375831604,0,21,1492.2992886677928,1,23.186718940734863
