{"apply": 0.01762380599975586, "batch_time": 0.041551692576348026, "d2h": 0.000665593147277832, "data_time": 0.0018603417574597136, "fwd": 0.14240455627441406, "get_state_time_mean": NaN, "get_state_time_total": 0.0, "grad": 0.2746968030929565, "mean_accuracy": 0.28779998421669006, "mean_loss": 2.041736752319336, "neg_mean_accuracy": -0.28779998421669006, "set_state_time_mean": NaN, "set_state_time_total": 0.0, "setup_model_time_mean": 21.433212995529175, "setup_model_time_total": 21.433212995529175, "setup_proc_time_mean": 1.6577630043029785, "setup_proc_time_total": 1.6577630043029785, "train_accuracy": 0.20027999579906464, "train_loss": 2.403691909408569, "training_time_mean": NaN, "training_time_total": 0.0, "val_accuracy": 0.28779998421669006, "val_loss": 2.041736752319336, "validation_time_mean": NaN, "validation_time_total": 0.0, "samples": 60000, "num_workers": 1, "done": false, "timesteps_total": null, "episodes_total": null, "training_iteration": 1, "neg_mean_loss": -2.041736752319336, "experiment_id": "33e2fcf0bb71457e9b1ec0a2b0a36b49", "date": "2019-06-03_22-06-14", "timestamp": 1559624774, "time_this_iter_s": 48.25131130218506, "time_total_s": 48.25131130218506, "pid": 6879, "hostname": "steropes", "node_ip": "169.229.49.254", "config": {"starting_lr": 0.0005, "momentum": 0.997, "weight_decay": 0.005, "steps_per_iteration": null, "pin": false, "model_creator": null, "target_batch_size": 128, "model_string": "resnet50", "min_batch_size": 128, "dataset": "CIFAR", "placement": null, "use_nccl": true, "devices_per_worker": 1, "primary_resource": "extra_gpu", "gpu": false, "verbose": false, "lr_config": {"mode": "log", "steps": 5, "initial_lr": 0.0005, "target_lr": 0.0005}, "batch_per_device": 128}, "time_since_restore": 48.25131130218506, "timesteps_since_restore": 0, "iterations_since_restore": 1, "mean_throughput": 1243.4873094922712, "atoms": 1, "setup_time": 23.186718940734863}
{"apply": 0.017881178855895997, "batch_time": 0.031544413747666755, "d2h": 0.0006660699844360351, "data_time": 0.001755766246629798, "fwd": 0.0281125545501709, "get_state_time_mean": NaN, "get_state_time_total": 0.0, "grad": 0.047626185417175296, "mean_accuracy": 0.32269999384880066, "mean_loss": 1.8969266860961915, "neg_mean_accuracy": -0.35760000348091125, "set_state_time_mean": NaN, "set_state_time_total": 0.0, "setup_model_time_mean": NaN, "setup_model_time_total": 0.0, "setup_proc_time_mean": NaN, "setup_proc_time_total": 0.0, "train_accuracy": 0.3087799847126007, "train_loss": 2.049257784385681, "training_time_mean": NaN, "training_time_total": 0.0, "val_accuracy": 0.35760000348091125, "val_loss": 1.752116619873047, "validation_time_mean": NaN, "validation_time_total": 0.0, "samples": 60000, "num_workers": 1, "done": false, "timesteps_total": null, "episodes_total": null, "training_iteration": 2, "neg_mean_loss": -1.8969266860961915, "experiment_id": "33e2fcf0bb71457e9b1ec0a2b0a36b49", "date": "2019-06-03_22-06-54", "timestamp": 1559624814, "time_this_iter_s": 40.41510200500488, "time_total_s": 88.66641330718994, "pid": 6879, "hostname": "steropes", "node_ip": "169.229.49.254", "config": {"starting_lr": 0.0005, "momentum": 0.997, "weight_decay": 0.005, "steps_per_iteration": null, "pin": false, "model_creator": null, "target_batch_size": 128, "model_string": "resnet50", "min_batch_size": 128, "dataset": "CIFAR", "placement": null, "use_nccl": true, "devices_per_worker": 1, "primary_resource": "extra_gpu", "gpu": false, "verbose": false, "lr_config": {"mode": "log", "steps": 5, "initial_lr": 0.0005, "target_lr": 0.0005}, "batch_per_device": 128}, "time_since_restore": 88.66641330718994, "timesteps_since_restore": 0, "iterations_since_restore": 2, "mean_throughput": 1353.381969020727, "atoms": 1, "setup_time": 23.186718940734863}
{"apply": 0.017662525177001953, "batch_time": 0.03136457672602014, "d2h": 0.0006839752197265625, "data_time": 0.0017507429927816171, "fwd": 0.027722811698913573, "get_state_time_mean": NaN, "get_state_time_total": 0.0, "grad": 0.04730668067932129, "mean_accuracy": 0.34423332413037616, "mean_loss": 1.8181078880310058, "neg_mean_accuracy": -0.3872999846935272, "set_state_time_mean": NaN, "set_state_time_total": 0.0, "setup_model_time_mean": NaN, "setup_model_time_total": 0.0, "setup_proc_time_mean": NaN, "setup_proc_time_total": 0.0, "train_accuracy": 0.35753998160362244, "train_loss": 1.824089123802185, "training_time_mean": NaN, "training_time_total": 0.0, "val_accuracy": 0.3872999846935272, "val_loss": 1.6604702919006347, "validation_time_mean": NaN, "validation_time_total": 0.0, "samples": 60000, "num_workers": 1, "done": false, "timesteps_total": null, "episodes_total": null, "training_iteration": 3, "neg_mean_loss": -1.8181078880310058, "experiment_id": "33e2fcf0bb71457e9b1ec0a2b0a36b49", "date": "2019-06-03_22-07-34", "timestamp": 1559624854, "time_this_iter_s": 40.272334575653076, "time_total_s": 128.93874788284302, "pid": 6879, "hostname": "steropes", "node_ip": "169.229.49.254", "config": {"starting_lr": 0.0005, "momentum": 0.997, "weight_decay": 0.005, "steps_per_iteration": null, "pin": false, "model_creator": null, "target_batch_size": 128, "model_string": "resnet50", "min_batch_size": 128, "dataset": "CIFAR", "placement": null, "use_nccl": true, "devices_per_worker": 1, "primary_resource": "extra_gpu", "gpu": false, "verbose": false, "lr_config": {"mode": "log", "steps": 5, "initial_lr": 0.0005, "target_lr": 0.0005}, "batch_per_device": 128}, "time_since_restore": 128.93874788284302, "timesteps_since_restore": 0, "iterations_since_restore": 3, "mean_throughput": 1396.0070797051358, "atoms": 1, "setup_time": 23.186718940734863}
{"apply": 0.017667865753173827, "batch_time": 0.031321241885800905, "d2h": 0.0006612539291381836, "data_time": 0.0017534692574035177, "fwd": 0.027715444564819336, "get_state_time_mean": NaN, "get_state_time_total": 0.0, "grad": 0.0477003812789917, "mean_accuracy": 0.3479999899864197, "mean_loss": 1.8112156807899475, "neg_mean_accuracy": -0.35929998755455017, "set_state_time_mean": NaN, "set_state_time_total": 0.0, "setup_model_time_mean": NaN, "setup_model_time_total": 0.0, "setup_proc_time_mean": NaN, "setup_proc_time_total": 0.0, "train_accuracy": 0.3387399911880493, "train_loss": 1.9778665184783935, "training_time_mean": NaN, "training_time_total": 0.0, "val_accuracy": 0.35929998755455017, "val_loss": 1.7905390590667725, "validation_time_mean": NaN, "validation_time_total": 0.0, "samples": 60000, "num_workers": 1, "done": false, "timesteps_total": null, "episodes_total": null, "training_iteration": 4, "neg_mean_loss": -1.8112156807899475, "experiment_id": "33e2fcf0bb71457e9b1ec0a2b0a36b49", "date": "2019-06-03_22-08-15", "timestamp": 1559624895, "time_this_iter_s": 40.23455834388733, "time_total_s": 169.17330622673035, "pid": 6879, "hostname": "steropes", "node_ip": "169.229.49.254", "config": {"starting_lr": 0.0005, "momentum": 0.997, "weight_decay": 0.005, "steps_per_iteration": null, "pin": false, "model_creator": null, "target_batch_size": 128, "model_string": "resnet50", "min_batch_size": 128, "dataset": "CIFAR", "placement": null, "use_nccl": true, "devices_per_worker": 1, "primary_resource": "extra_gpu", "gpu": false, "verbose": false, "lr_config": {"mode": "log", "steps": 5, "initial_lr": 0.0005, "target_lr": 0.0005}, "batch_per_device": 128}, "time_since_restore": 169.17330622673035, "timesteps_since_restore": 0, "iterations_since_restore": 4, "mean_throughput": 1418.6593266120058, "atoms": 1, "setup_time": 23.186718940734863}
{"apply": 0.017573952674865723, "batch_time": 0.031070685084862045, "d2h": 0.0006676435470581055, "data_time": 0.001741201981254246, "fwd": 0.02743396759033203, "get_state_time_mean": NaN, "get_state_time_total": 0.0, "grad": 0.04730832576751709, "mean_accuracy": 0.3630199909210205, "mean_loss": 1.761413352355957, "neg_mean_accuracy": -0.42309999465942383, "set_state_time_mean": NaN, "set_state_time_total": 0.0, "setup_model_time_mean": NaN, "setup_model_time_total": 0.0, "setup_proc_time_mean": NaN, "setup_proc_time_total": 0.0, "train_accuracy": 0.37035998702049255, "train_loss": 1.725826349258423, "training_time_mean": NaN, "training_time_total": 0.0, "val_accuracy": 0.42309999465942383, "val_loss": 1.5622040386199951, "validation_time_mean": NaN, "validation_time_total": 0.0, "samples": 60000, "num_workers": 1, "done": false, "timesteps_total": null, "episodes_total": null, "training_iteration": 5, "neg_mean_loss": -1.761413352355957, "experiment_id": "33e2fcf0bb71457e9b1ec0a2b0a36b49", "date": "2019-06-03_22-08-55", "timestamp": 1559624935, "time_this_iter_s": 40.15275192260742, "time_total_s": 209.32605814933777, "pid": 6879, "hostname": "steropes", "node_ip": "169.229.49.254", "config": {"starting_lr": 0.0005, "momentum": 0.997, "weight_decay": 0.005, "steps_per_iteration": null, "pin": false, "model_creator": null, "target_batch_size": 128, "model_string": "resnet50", "min_batch_size": 128, "dataset": "CIFAR", "placement": null, "use_nccl": true, "devices_per_worker": 1, "primary_resource": "extra_gpu", "gpu": false, "verbose": false, "lr_config": {"mode": "log", "steps": 5, "initial_lr": 0.0005, "target_lr": 0.0005}, "batch_per_device": 128}, "time_since_restore": 209.32605814933777, "timesteps_since_restore": 0, "iterations_since_restore": 5, "mean_throughput": 1433.166854476089, "atoms": 1, "setup_time": 23.186718940734863}
{"apply": 0.017435479164123534, "batch_time": 0.03089290932763981, "d2h": 0.000682377815246582, "data_time": 0.001792659540005657, "fwd": 0.027435994148254393, "get_state_time_mean": NaN, "get_state_time_total": 0.0, "grad": 0.047882580757141115, "mean_accuracy": 0.39849998950958254, "mean_loss": 1.6467285145568848, "neg_mean_accuracy": -0.4651999771595001, "set_state_time_mean": NaN, "set_state_time_total": 0.0, "setup_model_time_mean": NaN, "setup_model_time_total": 0.0, "setup_proc_time_mean": NaN, "setup_proc_time_total": 0.0, "train_accuracy": 0.41947999596595764, "train_loss": 1.5773847352981567, "training_time_mean": NaN, "training_time_total": 0.0, "val_accuracy": 0.4651999771595001, "val_loss": 1.4683125633239746, "validation_time_mean": NaN, "validation_time_total": 0.0, "samples": 60000, "num_workers": 1, "done": false, "timesteps_total": null, "episodes_total": null, "training_iteration": 6, "neg_mean_loss": -1.6467285145568848, "experiment_id": "33e2fcf0bb71457e9b1ec0a2b0a36b49", "date": "2019-06-03_22-09-35", "timestamp": 1559624975, "time_this_iter_s": 40.29634475708008, "time_total_s": 249.62240290641785, "pid": 6879, "hostname": "steropes", "node_ip": "169.229.49.254", "config": {"starting_lr": 0.0005, "momentum": 0.997, "weight_decay": 0.005, "steps_per_iteration": null, "pin": false, "model_creator": null, "target_batch_size": 128, "model_string": "resnet50", "min_batch_size": 128, "dataset": "CIFAR", "placement": null, "use_nccl": true, "devices_per_worker": 1, "primary_resource": "extra_gpu", "gpu": false, "verbose": false, "lr_config": {"mode": "log", "steps": 5, "initial_lr": 0.0005, "target_lr": 0.0005}, "batch_per_device": 128}, "time_since_restore": 249.62240290641785, "timesteps_since_restore": 0, "iterations_since_restore": 6, "mean_throughput": 1489.7826044719577, "atoms": 1, "setup_time": 23.186718940734863}
{"apply": 0.01747298240661621, "batch_time": 0.030886592744271968, "d2h": 0.0006405830383300782, "data_time": 0.0017808319052771838, "fwd": 0.02744166851043701, "get_state_time_mean": NaN, "get_state_time_total": 0.0, "grad": 0.047259521484375, "mean_accuracy": 0.4250999867916107, "mean_loss": 1.5733720230102541, "neg_mean_accuracy": -0.49059998989105225, "set_state_time_mean": NaN, "set_state_time_total": 0.0, "setup_model_time_mean": NaN, "setup_model_time_total": 0.0, "setup_proc_time_mean": NaN, "setup_proc_time_total": 0.0, "train_accuracy": 0.4553999900817871, "train_loss": 1.4974805912017821, "training_time_mean": NaN, "training_time_total": 0.0, "val_accuracy": 0.49059998989105225, "val_loss": 1.3853341621398927, "validation_time_mean": NaN, "validation_time_total": 0.0, "samples": 60000, "num_workers": 1, "done": false, "timesteps_total": null, "episodes_total": null, "training_iteration": 7, "neg_mean_loss": -1.5733720230102541, "experiment_id": "33e2fcf0bb71457e9b1ec0a2b0a36b49", "date": "2019-06-03_22-10-15", "timestamp": 1559625015, "time_this_iter_s": 40.222482442855835, "time_total_s": 289.8448853492737, "pid": 6879, "hostname": "steropes", "node_ip": "169.229.49.254", "config": {"starting_lr": 0.0005, "momentum": 0.997, "weight_decay": 0.005, "steps_per_iteration": null, "pin": false, "model_creator": null, "target_batch_size": 128, "model_string": "resnet50", "min_batch_size": 128, "dataset": "CIFAR", "placement": null, "use_nccl": true, "devices_per_worker": 1, "primary_resource": "extra_gpu", "gpu": false, "verbose": false, "lr_config": {"mode": "log", "steps": 5, "initial_lr": 0.0005, "target_lr": 0.0005}, "batch_per_device": 128}, "time_since_restore": 289.8448853492737, "timesteps_since_restore": 0, "iterations_since_restore": 7, "mean_throughput": 1491.2104104095258, "atoms": 1, "setup_time": 23.186718940734863}
{"apply": 0.01755943298339844, "batch_time": 0.03159526933597613, "d2h": 0.0006845712661743164, "data_time": 0.0017864759011036904, "fwd": 0.028078579902648927, "get_state_time_mean": NaN, "get_state_time_total": 0.0, "grad": 0.04937899112701416, "mean_accuracy": 0.45179998874664307, "mean_loss": 1.5047421701049806, "neg_mean_accuracy": -0.520799994468689, "set_state_time_mean": NaN, "set_state_time_total": 0.0, "setup_model_time_mean": NaN, "setup_model_time_total": 0.0, "setup_proc_time_mean": NaN, "setup_proc_time_total": 0.0, "train_accuracy": 0.48277997970581055, "train_loss": 1.4170699237060547, "training_time_mean": NaN, "training_time_total": 0.0, "val_accuracy": 0.520799994468689, "val_loss": 1.3173210273742675, "validation_time_mean": NaN, "validation_time_total": 0.0, "samples": 60000, "num_workers": 1, "done": false, "timesteps_total": null, "episodes_total": null, "training_iteration": 8, "neg_mean_loss": -1.5047421701049806, "experiment_id": "33e2fcf0bb71457e9b1ec0a2b0a36b49", "date": "2019-06-03_22-10-56", "timestamp": 1559625056, "time_this_iter_s": 40.22479796409607, "time_total_s": 330.06968331336975, "pid": 6879, "hostname": "steropes", "node_ip": "169.229.49.254", "config": {"starting_lr": 0.0005, "momentum": 0.997, "weight_decay": 0.005, "steps_per_iteration": null, "pin": false, "model_creator": null, "target_batch_size": 128, "model_string": "resnet50", "min_batch_size": 128, "dataset": "CIFAR", "placement": null, "use_nccl": true, "devices_per_worker": 1, "primary_resource": "extra_gpu", "gpu": false, "verbose": false, "lr_config": {"mode": "log", "steps": 5, "initial_lr": 0.0005, "target_lr": 0.0005}, "batch_per_device": 128}, "time_since_restore": 330.06968331336975, "timesteps_since_restore": 0, "iterations_since_restore": 8, "mean_throughput": 1491.5628274903754, "atoms": 1, "setup_time": 23.186718940734863}
{"apply": 0.017745041847229005, "batch_time": 0.0314797268638128, "d2h": 0.0006979703903198242, "data_time": 0.0017388495033049522, "fwd": 0.027822351455688475, "get_state_time_mean": NaN, "get_state_time_total": 0.0, "grad": 0.04809656143188477, "mean_accuracy": 0.48799999356269835, "mean_loss": 1.4008208018493653, "neg_mean_accuracy": -0.5403000116348267, "set_state_time_mean": NaN, "set_state_time_total": 0.0, "setup_model_time_mean": NaN, "setup_model_time_total": 0.0, "setup_proc_time_mean": NaN, "setup_proc_time_total": 0.0, "train_accuracy": 0.50764000415802, "train_loss": 1.3636891173553467, "training_time_mean": NaN, "training_time_total": 0.0, "val_accuracy": 0.5403000116348267, "val_loss": 1.2709322177886964, "validation_time_mean": NaN, "validation_time_total": 0.0, "samples": 60000, "num_workers": 1, "done": false, "timesteps_total": null, "episodes_total": null, "training_iteration": 9, "neg_mean_loss": -1.4008208018493653, "experiment_id": "33e2fcf0bb71457e9b1ec0a2b0a36b49", "date": "2019-06-03_22-11-36", "timestamp": 1559625096, "time_this_iter_s": 40.28180813789368, "time_total_s": 370.3514914512634, "pid": 6879, "hostname": "steropes", "node_ip": "169.229.49.254", "config": {"starting_lr": 0.0005, "momentum": 0.997, "weight_decay": 0.005, "steps_per_iteration": null, "pin": false, "model_creator": null, "target_batch_size": 128, "model_string": "resnet50", "min_batch_size": 128, "dataset": "CIFAR", "placement": null, "use_nccl": true, "devices_per_worker": 1, "primary_resource": "extra_gpu", "gpu": false, "verbose": false, "lr_config": {"mode": "log", "steps": 5, "initial_lr": 0.0005, "target_lr": 0.0005}, "batch_per_device": 128}, "time_since_restore": 370.3514914512634, "timesteps_since_restore": 0, "iterations_since_restore": 9, "mean_throughput": 1491.2124727869746, "atoms": 1, "setup_time": 23.186718940734863}
{"apply": 0.017458009719848632, "batch_time": 0.03153345856485488, "d2h": 0.0006987333297729492, "data_time": 0.001800844431533228, "fwd": 0.0273773193359375, "get_state_time_mean": NaN, "get_state_time_total": 0.0, "grad": 0.04714710712432861, "mean_accuracy": 0.5128399908542634, "mean_loss": 1.3384286740875244, "neg_mean_accuracy": -0.5472999811172485, "set_state_time_mean": NaN, "set_state_time_total": 0.0, "setup_model_time_mean": NaN, "setup_model_time_total": 0.0, "setup_proc_time_mean": NaN, "setup_proc_time_total": 0.0, "train_accuracy": 0.5357199907302856, "train_loss": 1.2966032932281495, "training_time_mean": NaN, "training_time_total": 0.0, "val_accuracy": 0.5472999811172485, "val_loss": 1.250243399810791, "validation_time_mean": NaN, "validation_time_total": 0.0, "samples": 60000, "num_workers": 1, "done": false, "timesteps_total": null, "episodes_total": null, "training_iteration": 10, "neg_mean_loss": -1.3384286740875244, "experiment_id": "33e2fcf0bb71457e9b1ec0a2b0a36b49", "date": "2019-06-03_22-12-16", "timestamp": 1559625136, "time_this_iter_s": 40.3063383102417, "time_total_s": 410.6578297615051, "pid": 6879, "hostname": "steropes", "node_ip": "169.229.49.254", "config": {"starting_lr": 0.0005, "momentum": 0.997, "weight_decay": 0.005, "steps_per_iteration": null, "pin": false, "model_creator": null, "target_batch_size": 128, "model_string": "resnet50", "min_batch_size": 128, "dataset": "CIFAR", "placement": null, "use_nccl": true, "devices_per_worker": 1, "primary_resource": "extra_gpu", "gpu": false, "verbose": false, "lr_config": {"mode": "log", "steps": 5, "initial_lr": 0.0005, "target_lr": 0.0005}, "batch_per_device": 128}, "time_since_restore": 410.6578297615051, "timesteps_since_restore": 0, "iterations_since_restore": 10, "mean_throughput": 1490.0748226120306, "atoms": 1, "setup_time": 23.186718940734863}
{"apply": 0.017391562461853027, "batch_time": 0.03117365776738034, "d2h": 0.0006697177886962891, "data_time": 0.0017305377804104935, "fwd": 0.027286505699157713, "get_state_time_mean": NaN, "get_state_time_total": 0.0, "grad": 0.04725449085235596, "mean_accuracy": 0.539519989490509, "mean_loss": 1.2729564403533935, "neg_mean_accuracy": -0.5985999703407288, "set_state_time_mean": NaN, "set_state_time_total": 0.0, "setup_model_time_mean": NaN, "setup_model_time_total": 0.0, "setup_proc_time_mean": NaN, "setup_proc_time_total": 0.0, "train_accuracy": 0.5667200088500977, "train_loss": 1.2120084523773194, "training_time_mean": NaN, "training_time_total": 0.0, "val_accuracy": 0.5985999703407288, "val_loss": 1.1409513946533203, "validation_time_mean": NaN, "validation_time_total": 0.0, "samples": 60000, "num_workers": 1, "done": false, "timesteps_total": null, "episodes_total": null, "training_iteration": 11, "neg_mean_loss": -1.2729564403533935, "experiment_id": "33e2fcf0bb71457e9b1ec0a2b0a36b49", "date": "2019-06-03_22-12-56", "timestamp": 1559625176, "time_this_iter_s": 40.207011461257935, "time_total_s": 450.86484122276306, "pid": 6879, "hostname": "steropes", "node_ip": "169.229.49.254", "config": {"starting_lr": 0.0005, "momentum": 0.997, "weight_decay": 0.005, "steps_per_iteration": null, "pin": false, "model_creator": null, "target_batch_size": 128, "model_string": "resnet50", "min_batch_size": 128, "dataset": "CIFAR", "placement": null, "use_nccl": true, "devices_per_worker": 1, "primary_resource": "extra_gpu", "gpu": false, "verbose": false, "lr_config": {"mode": "log", "steps": 5, "initial_lr": 0.0005, "target_lr": 0.0005}, "batch_per_device": 128}, "time_since_restore": 450.86484122276306, "timesteps_since_restore": 0, "iterations_since_restore": 11, "mean_throughput": 1490.7362433493392, "atoms": 1, "setup_time": 23.186718940734863}
{"apply": 0.01740758419036865, "batch_time": 0.03160212915154952, "d2h": 0.0006665945053100586, "data_time": 0.0017430922564338235, "fwd": 0.027429723739624025, "get_state_time_mean": NaN, "get_state_time_total": 0.0, "grad": 0.04729428291320801, "mean_accuracy": 0.5635799884796142, "mean_loss": 1.2162094087219237, "neg_mean_accuracy": -0.6108999848365784, "set_state_time_mean": NaN, "set_state_time_total": 0.0, "setup_model_time_mean": NaN, "setup_model_time_total": 0.0, "setup_proc_time_mean": NaN, "setup_proc_time_total": 0.0, "train_accuracy": 0.5908200144767761, "train_loss": 1.153182248802185, "training_time_mean": NaN, "training_time_total": 0.0, "val_accuracy": 0.6108999848365784, "val_loss": 1.1015990039825438, "validation_time_mean": NaN, "validation_time_total": 0.0, "samples": 60000, "num_workers": 1, "done": false, "timesteps_total": null, "episodes_total": null, "training_iteration": 12, "neg_mean_loss": -1.2162094087219237, "experiment_id": "33e2fcf0bb71457e9b1ec0a2b0a36b49", "date": "2019-06-03_22-13-36", "timestamp": 1559625216, "time_this_iter_s": 40.138500452041626, "time_total_s": 491.0033416748047, "pid": 6879, "hostname": "steropes", "node_ip": "169.229.49.254", "config": {"starting_lr": 0.0005, "momentum": 0.997, "weight_decay": 0.005, "steps_per_iteration": null, "pin": false, "model_creator": null, "target_batch_size": 128, "model_string": "resnet50", "min_batch_size": 128, "dataset": "CIFAR", "placement": null, "use_nccl": true, "devices_per_worker": 1, "primary_resource": "extra_gpu", "gpu": false, "verbose": false, "lr_config": {"mode": "log", "steps": 5, "initial_lr": 0.0005, "target_lr": 0.0005}, "batch_per_device": 128}, "time_since_restore": 491.0033416748047, "timesteps_since_restore": 0, "iterations_since_restore": 12, "mean_throughput": 1491.3585573462376, "atoms": 1, "setup_time": 23.186718940734863}
{"apply": 0.01762986183166504, "batch_time": 0.03152803227871279, "d2h": 0.0006929397583007813, "data_time": 0.001771393334469222, "fwd": 0.027431249618530273, "get_state_time_mean": NaN, "get_state_time_total": 0.0, "grad": 0.04784848690032959, "mean_accuracy": 0.5835599899291992, "mean_loss": 1.1670534491539, "neg_mean_accuracy": -0.6207000017166138, "set_state_time_mean": NaN, "set_state_time_total": 0.0, "setup_model_time_mean": NaN, "setup_model_time_total": 0.0, "setup_proc_time_mean": NaN, "setup_proc_time_total": 0.0, "train_accuracy": 0.5984799861907959, "train_loss": 1.1331218213653564, "training_time_mean": NaN, "training_time_total": 0.0, "val_accuracy": 0.6207000017166138, "val_loss": 1.071541229534149, "validation_time_mean": NaN, "validation_time_total": 0.0, "samples": 60000, "num_workers": 1, "done": false, "timesteps_total": null, "episodes_total": null, "training_iteration": 13, "neg_mean_loss": -1.1670534491539, "experiment_id": "33e2fcf0bb71457e9b1ec0a2b0a36b49", "date": "2019-06-03_22-14-17", "timestamp": 1559625257, "time_this_iter_s": 40.16042876243591, "time_total_s": 531.1637704372406, "pid": 6879, "hostname": "steropes", "node_ip": "169.229.49.254", "config": {"starting_lr": 0.0005, "momentum": 0.997, "weight_decay": 0.005, "steps_per_iteration": null, "pin": false, "model_creator": null, "target_batch_size": 128, "model_string": "resnet50", "min_batch_size": 128, "dataset": "CIFAR", "placement": null, "use_nccl": true, "devices_per_worker": 1, "primary_resource": "extra_gpu", "gpu": false, "verbose": false, "lr_config": {"mode": "log", "steps": 5, "initial_lr": 0.0005, "target_lr": 0.0005}, "batch_per_device": 128}, "time_since_restore": 531.1637704372406, "timesteps_since_restore": 0, "iterations_since_restore": 13, "mean_throughput": 1491.835363179651, "atoms": 1, "setup_time": 23.186718940734863}
{"apply": 0.017586302757263184, "batch_time": 0.03093859213816969, "d2h": 0.0006579399108886719, "data_time": 0.00175556319448954, "fwd": 0.02767651081085205, "get_state_time_mean": NaN, "get_state_time_total": 0.0, "grad": 0.04735867977142334, "mean_accuracy": 0.5980999827384949, "mean_loss": 1.131628159790039, "neg_mean_accuracy": -0.6129999756813049, "set_state_time_mean": NaN, "set_state_time_total": 0.0, "setup_model_time_mean": NaN, "setup_model_time_total": 0.0, "setup_proc_time_mean": NaN, "setup_proc_time_total": 0.0, "train_accuracy": 0.6193999648094177, "train_loss": 1.07622393825531, "training_time_mean": NaN, "training_time_total": 0.0, "val_accuracy": 0.6129999756813049, "val_loss": 1.093805770969391, "validation_time_mean": NaN, "validation_time_total": 0.0, "samples": 60000, "num_workers": 1, "done": false, "timesteps_total": null, "episodes_total": null, "training_iteration": 14, "neg_mean_loss": -1.131628159790039, "experiment_id": "33e2fcf0bb71457e9b1ec0a2b0a36b49", "date": "2019-06-03_22-14-57", "timestamp": 1559625297, "time_this_iter_s": 40.282994747161865, "time_total_s": 571.4467651844025, "pid": 6879, "hostname": "steropes", "node_ip": "169.229.49.254", "config": {"starting_lr": 0.0005, "momentum": 0.997, "weight_decay": 0.005, "steps_per_iteration": null, "pin": false, "model_creator": null, "target_batch_size": 128, "model_string": "resnet50", "min_batch_size": 128, "dataset": "CIFAR", "placement": null, "use_nccl": true, "devices_per_worker": 1, "primary_resource": "extra_gpu", "gpu": false, "verbose": false, "lr_config": {"mode": "log", "steps": 5, "initial_lr": 0.0005, "target_lr": 0.0005}, "batch_per_device": 128}, "time_since_restore": 571.4467651844025, "timesteps_since_restore": 0, "iterations_since_restore": 14, "mean_throughput": 1491.8265761991001, "atoms": 1, "setup_time": 23.186718940734863}
{"apply": 0.01766228675842285, "batch_time": 0.03126055077661442, "d2h": 0.000655364990234375, "data_time": 0.0017797367652054028, "fwd": 0.02844092845916748, "get_state_time_mean": NaN, "get_state_time_total": 0.0, "grad": 0.04806210994720459, "mean_accuracy": 0.6140399813652039, "mean_loss": 1.0966317283058167, "neg_mean_accuracy": -0.6269999742507935, "set_state_time_mean": NaN, "set_state_time_total": 0.0, "setup_model_time_mean": NaN, "setup_model_time_total": 0.0, "setup_proc_time_mean": NaN, "setup_proc_time_total": 0.0, "train_accuracy": 0.6212199926376343, "train_loss": 1.066989451751709, "training_time_mean": NaN, "training_time_total": 0.0, "val_accuracy": 0.6269999742507935, "val_loss": 1.075261242389679, "validation_time_mean": NaN, "validation_time_total": 0.0, "samples": 60000, "num_workers": 1, "done": false, "timesteps_total": null, "episodes_total": null, "training_iteration": 15, "neg_mean_loss": -1.0966317283058167, "experiment_id": "33e2fcf0bb71457e9b1ec0a2b0a36b49", "date": "2019-06-03_22-15-37", "timestamp": 1559625337, "time_this_iter_s": 40.23162841796875, "time_total_s": 611.6783936023712, "pid": 6879, "hostname": "steropes", "node_ip": "169.229.49.254", "config": {"starting_lr": 0.0005, "momentum": 0.997, "weight_decay": 0.005, "steps_per_iteration": null, "pin": false, "model_creator": null, "target_batch_size": 128, "model_string": "resnet50", "min_batch_size": 128, "dataset": "CIFAR", "placement": null, "use_nccl": true, "devices_per_worker": 1, "primary_resource": "extra_gpu", "gpu": false, "verbose": false, "lr_config": {"mode": "log", "steps": 5, "initial_lr": 0.0005, "target_lr": 0.0005}, "batch_per_device": 128}, "time_since_restore": 611.6783936023712, "timesteps_since_restore": 0, "iterations_since_restore": 15, "mean_throughput": 1492.3811033850438, "atoms": 1, "setup_time": 23.186718940734863}
{"apply": 0.017685461044311523, "batch_time": 0.031248783763450912, "d2h": 0.0006860733032226562, "data_time": 0.0017348463882875564, "fwd": 0.027651262283325196, "get_state_time_mean": NaN, "get_state_time_total": 0.0, "grad": 0.047339439392089844, "mean_accuracy": 0.6256999850273133, "mean_loss": 1.0652310032081604, "neg_mean_accuracy": -0.6568999886512756, "set_state_time_mean": NaN, "set_state_time_total": 0.0, "setup_model_time_mean": NaN, "setup_model_time_total": 0.0, "setup_proc_time_mean": NaN, "setup_proc_time_total": 0.0, "train_accuracy": 0.6376599669456482, "train_loss": 1.0404898989486695, "training_time_mean": NaN, "training_time_total": 0.0, "val_accuracy": 0.6568999886512756, "val_loss": 0.983947769165039, "validation_time_mean": NaN, "validation_time_total": 0.0, "samples": 60000, "num_workers": 1, "done": false, "timesteps_total": null, "episodes_total": null, "training_iteration": 16, "neg_mean_loss": -1.0652310032081604, "experiment_id": "33e2fcf0bb71457e9b1ec0a2b0a36b49", "date": "2019-06-03_22-16-17", "timestamp": 1559625377, "time_this_iter_s": 40.09125256538391, "time_total_s": 651.7696461677551, "pid": 6879, "hostname": "steropes", "node_ip": "169.229.49.254", "config": {"starting_lr": 0.0005, "momentum": 0.997, "weight_decay": 0.005, "steps_per_iteration": null, "pin": false, "model_creator": null, "target_batch_size": 128, "model_string": "resnet50", "min_batch_size": 128, "dataset": "CIFAR", "placement": null, "use_nccl": true, "devices_per_worker": 1, "primary_resource": "extra_gpu", "gpu": false, "verbose": false, "lr_config": {"mode": "log", "steps": 5, "initial_lr": 0.0005, "target_lr": 0.0005}, "batch_per_device": 128}, "time_since_restore": 651.7696461677551, "timesteps_since_restore": 0, "iterations_since_restore": 16, "mean_throughput": 1493.2410338808031, "atoms": 1, "setup_time": 23.186718940734863}
{"apply": 0.01779334545135498, "batch_time": 0.031126218506052523, "d2h": 0.0006918907165527344, "data_time": 0.0017283907936662055, "fwd": 0.02812178134918213, "get_state_time_mean": NaN, "get_state_time_total": 0.0, "grad": 0.04745159149169922, "mean_accuracy": 0.6370599865913391, "mean_loss": 1.0386290693855287, "neg_mean_accuracy": -0.6676999926567078, "set_state_time_mean": NaN, "set_state_time_total": 0.0, "setup_model_time_mean": NaN, "setup_model_time_total": 0.0, "setup_proc_time_mean": NaN, "setup_proc_time_total": 0.0, "train_accuracy": 0.6476199626922607, "train_loss": 1.0075981110000611, "training_time_mean": NaN, "training_time_total": 0.0, "val_accuracy": 0.6676999926567078, "val_loss": 0.9685893348693848, "validation_time_mean": NaN, "validation_time_total": 0.0, "samples": 60000, "num_workers": 1, "done": false, "timesteps_total": null, "episodes_total": null, "training_iteration": 17, "neg_mean_loss": -1.0386290693855287, "experiment_id": "33e2fcf0bb71457e9b1ec0a2b0a36b49", "date": "2019-06-03_22-16-57", "timestamp": 1559625417, "time_this_iter_s": 40.146944761276245, "time_total_s": 691.9165909290314, "pid": 6879, "hostname": "steropes", "node_ip": "169.229.49.254", "config": {"starting_lr": 0.0005, "momentum": 0.997, "weight_decay": 0.005, "steps_per_iteration": null, "pin": false, "model_creator": null, "target_batch_size": 128, "model_string": "resnet50", "min_batch_size": 128, "dataset": "CIFAR", "placement": null, "use_nccl": true, "devices_per_worker": 1, "primary_resource": "extra_gpu", "gpu": false, "verbose": false, "lr_config": {"mode": "log", "steps": 5, "initial_lr": 0.0005, "target_lr": 0.0005}, "batch_per_device": 128}, "time_since_restore": 691.9165909290314, "timesteps_since_restore": 0, "iterations_since_restore": 17, "mean_throughput": 1493.1783055559663, "atoms": 1, "setup_time": 23.186718940734863}
{"apply": 0.01841609477996826, "batch_time": 0.03152603740933575, "d2h": 0.0006953954696655273, "data_time": 0.001729787768000532, "fwd": 0.028200984001159668, "get_state_time_mean": NaN, "get_state_time_total": 0.0, "grad": 0.04763209819793701, "mean_accuracy": 0.6400799870491027, "mean_loss": 1.0276720696258546, "neg_mean_accuracy": -0.6358000040054321, "set_state_time_mean": NaN, "set_state_time_total": 0.0, "setup_model_time_mean": NaN, "setup_model_time_total": 0.0, "setup_proc_time_mean": NaN, "setup_proc_time_total": 0.0, "train_accuracy": 0.6492800116539001, "train_loss": 1.004718522720337, "training_time_mean": NaN, "training_time_total": 0.0, "val_accuracy": 0.6358000040054321, "val_loss": 1.0167562307357787, "validation_time_mean": NaN, "validation_time_total": 0.0, "samples": 60000, "num_workers": 1, "done": false, "timesteps_total": null, "episodes_total": null, "training_iteration": 18, "neg_mean_loss": -1.0276720696258546, "experiment_id": "33e2fcf0bb71457e9b1ec0a2b0a36b49", "date": "2019-06-03_22-17-38", "timestamp": 1559625458, "time_this_iter_s": 40.249852895736694, "time_total_s": 732.1664438247681, "pid": 6879, "hostname": "steropes", "node_ip": "169.229.49.254", "config": {"starting_lr": 0.0005, "momentum": 0.997, "weight_decay": 0.005, "steps_per_iteration": null, "pin": false, "model_creator": null, "target_batch_size": 128, "model_string": "resnet50", "min_batch_size": 128, "dataset": "CIFAR", "placement": null, "use_nccl": true, "devices_per_worker": 1, "primary_resource": "extra_gpu", "gpu": false, "verbose": false, "lr_config": {"mode": "log", "steps": 5, "initial_lr": 0.0005, "target_lr": 0.0005}, "batch_per_device": 128}, "time_since_restore": 732.1664438247681, "timesteps_since_restore": 0, "iterations_since_restore": 18, "mean_throughput": 1492.5140508554134, "atoms": 1, "setup_time": 23.186718940734863}
{"apply": 0.01746053695678711, "batch_time": 0.03131641013712823, "d2h": 0.0006410837173461914, "data_time": 0.001715114964243701, "fwd": 0.02774369716644287, "get_state_time_mean": NaN, "get_state_time_total": 0.0, "grad": 0.047411441802978516, "mean_accuracy": 0.6516599893569947, "mean_loss": 1.0001603591918946, "neg_mean_accuracy": -0.6708999872207642, "set_state_time_mean": NaN, "set_state_time_total": 0.0, "setup_model_time_mean": NaN, "setup_model_time_total": 0.0, "setup_proc_time_mean": NaN, "setup_proc_time_total": 0.0, "train_accuracy": 0.6576799750328064, "train_loss": 0.9853654470634461, "training_time_mean": NaN, "training_time_total": 0.0, "val_accuracy": 0.6708999872207642, "val_loss": 0.9562472187995911, "validation_time_mean": NaN, "validation_time_total": 0.0, "samples": 60000, "num_workers": 1, "done": false, "timesteps_total": null, "episodes_total": null, "training_iteration": 19, "neg_mean_loss": -1.0001603591918946, "experiment_id": "33e2fcf0bb71457e9b1ec0a2b0a36b49", "date": "2019-06-03_22-18-18", "timestamp": 1559625498, "time_this_iter_s": 40.1500768661499, "time_total_s": 772.316520690918, "pid": 6879, "hostname": "steropes", "node_ip": "169.229.49.254", "config": {"starting_lr": 0.0005, "momentum": 0.997, "weight_decay": 0.005, "steps_per_iteration": null, "pin": false, "model_creator": null, "target_batch_size": 128, "model_string": "resnet50", "min_batch_size": 128, "dataset": "CIFAR", "placement": null, "use_nccl": true, "devices_per_worker": 1, "primary_resource": "extra_gpu", "gpu": false, "verbose": false, "lr_config": {"mode": "log", "steps": 5, "initial_lr": 0.0005, "target_lr": 0.0005}, "batch_per_device": 128}, "time_since_restore": 772.316520690918, "timesteps_since_restore": 0, "iterations_since_restore": 19, "mean_throughput": 1493.5016095271878, "atoms": 1, "setup_time": 23.186718940734863}
{"apply": 0.017809081077575683, "batch_time": 0.031108774716341044, "d2h": 0.0007140159606933594, "data_time": 0.0017463081633038533, "fwd": 0.02788851261138916, "get_state_time_mean": NaN, "get_state_time_total": 0.0, "grad": 0.04861729145050049, "mean_accuracy": 0.661739993095398, "mean_loss": 0.9729087729072571, "neg_mean_accuracy": -0.6773999929428101, "set_state_time_mean": NaN, "set_state_time_total": 0.0, "setup_model_time_mean": NaN, "setup_model_time_total": 0.0, "setup_proc_time_mean": NaN, "setup_proc_time_total": 0.0, "train_accuracy": 0.6665599942207336, "train_loss": 0.9572237556648254, "training_time_mean": NaN, "training_time_total": 0.0, "val_accuracy": 0.6773999929428101, "val_loss": 0.9390033109664917, "validation_time_mean": NaN, "validation_time_total": 0.0, "samples": 60000, "num_workers": 1, "done": false, "timesteps_total": null, "episodes_total": null, "training_iteration": 20, "neg_mean_loss": -0.9729087729072571, "experiment_id": "33e2fcf0bb71457e9b1ec0a2b0a36b49", "date": "2019-06-03_22-18-58", "timestamp": 1559625538, "time_this_iter_s": 40.25081467628479, "time_total_s": 812.5673353672028, "pid": 6879, "hostname": "steropes", "node_ip": "169.229.49.254", "config": {"starting_lr": 0.0005, "momentum": 0.997, "weight_decay": 0.005, "steps_per_iteration": null, "pin": false, "model_creator": null, "target_batch_size": 128, "model_string": "resnet50", "min_batch_size": 128, "dataset": "CIFAR", "placement": null, "use_nccl": true, "devices_per_worker": 1, "primary_resource": "extra_gpu", "gpu": false, "verbose": false, "lr_config": {"mode": "log", "steps": 5, "initial_lr": 0.0005, "target_lr": 0.0005}, "batch_per_device": 128}, "time_since_restore": 812.5673353672028, "timesteps_since_restore": 0, "iterations_since_restore": 20, "mean_throughput": 1493.358959677311, "atoms": 1, "setup_time": 23.186718940734863}
{"apply": 0.01741178035736084, "batch_time": 0.031163789048979554, "d2h": 0.0006679773330688476, "data_time": 0.0017308024189356343, "fwd": 0.02723686695098877, "get_state_time_mean": NaN, "get_state_time_total": 0.0, "grad": 0.04723789691925049, "mean_accuracy": 0.6678799867630005, "mean_loss": 0.9568061274147034, "neg_mean_accuracy": -0.6875999569892883, "set_state_time_mean": NaN, "set_state_time_total": 0.0, "setup_model_time_mean": NaN, "setup_model_time_total": 0.0, "setup_proc_time_mean": NaN, "setup_proc_time_total": 0.0, "train_accuracy": 0.6686599850654602, "train_loss": 0.9577430533218384, "training_time_mean": NaN, "training_time_total": 0.0, "val_accuracy": 0.6875999569892883, "val_loss": 0.9034345417022706, "validation_time_mean": NaN, "validation_time_total": 0.0, "samples": 60000, "num_workers": 1, "done": false, "timesteps_total": null, "episodes_total": null, "training_iteration": 21, "neg_mean_loss": -0.9568061274147034, "experiment_id": "33e2fcf0bb71457e9b1ec0a2b0a36b49", "date": "2019-06-03_22-19-38", "timestamp": 1559625578, "time_this_iter_s": 40.23390221595764, "time_total_s": 852.8012375831604, "pid": 6879, "hostname": "steropes", "node_ip": "169.229.49.254", "config": {"starting_lr": 0.0005, "momentum": 0.997, "weight_decay": 0.005, "steps_per_iteration": null, "pin": false, "model_creator": null, "target_batch_size": 128, "model_string": "resnet50", "min_batch_size": 128, "dataset": "CIFAR", "placement": null, "use_nccl": true, "devices_per_worker": 1, "primary_resource": "extra_gpu", "gpu": false, "verbose": false, "lr_config": {"mode": "log", "steps": 5, "initial_lr": 0.0005, "target_lr": 0.0005}, "batch_per_device": 128}, "time_since_restore": 852.8012375831604, "timesteps_since_restore": 0, "iterations_since_restore": 21, "mean_throughput": 1492.2992886677928, "atoms": 1, "setup_time": 23.186718940734863}
