apply,batch_time,d2h,data_time,fwd,get_state_time_mean,get_state_time_total,grad,mean_accuracy,mean_loss,neg_mean_accuracy,set_state_time_mean,set_state_time_total,setup_model_time_mean,setup_model_time_total,setup_proc_time_mean,setup_proc_time_total,train_accuracy,train_loss,training_time_mean,training_time_total,validation_time_mean,validation_time_total,samples,num_workers,done,timesteps_total,episodes_total,training_iteration,neg_mean_loss,experiment_id,date,timestamp,time_this_iter_s,time_total_s,pid,hostname,node_ip,config,time_since_restore,timesteps_since_restore,iterations_since_restore,mean_throughput,atoms,resource_time
0.007291078567504883,0.16133580207824708,0.004487228393554687,0.03270662074186364,0.08551452159881592,nan,0.0,0.1544846773147583,0.17339999973773956,4.0101479785919185,-0.17339999973773956,nan,0.0,8.856727600097656,8.856727600097656,0.15138745307922363,0.15138745307922363,0.08416000008583069,5.9097431550598145,nan,0.0,nan,0.0,60000,1,False,,,1,-4.0101479785919185,98526e4b8d55404f9fa32116d73f4956,2019-05-30_14-39-34,1559252374,11.514608383178711,11.514608383178711,13452,steropes,169.229.49.254,"{'starting_lr': 0.0001, 'momentum': 0.99, 'weight_decay': 0.005, 'steps_per_iteration': None, 'pin': False, 'model_creator': None, 'target_batch_size': 1024, 'model_string': 'resnet18', 'min_batch_size': 512, 'dataset': 'CIFAR', 'placement': None, 'use_nccl': True, 'devices_per_worker': 1, 'primary_resource': 'extra_gpu', 'gpu': False, 'verbose': False, 'lr_config': {'mode': 'log', 'steps': 5, 'initial_lr': 0.0001, 'target_lr': 0.0001}, 'batch_per_device': 1024}",11.514608383178711,0,1,5210.720194854056,1,11.514608383178711
0.007492542266845703,0.15568323135375978,0.004591107368469238,0.03144338666176309,0.031453919410705564,nan,0.0,0.04881696701049805,0.25949999690055847,2.0143120872497557,-0.25949999690055847,nan,0.0,nan,0.0,nan,0.0,0.2204199880361557,2.542175908508301,nan,0.0,nan,0.0,60000,1,False,,,2,-2.0143120872497557,98526e4b8d55404f9fa32116d73f4956,2019-05-30_14-39-43,1559252383,8.263422012329102,19.778030395507812,13452,steropes,169.229.49.254,"{'starting_lr': 0.0001, 'momentum': 0.99, 'weight_decay': 0.005, 'steps_per_iteration': None, 'pin': False, 'model_creator': None, 'target_batch_size': 1024, 'model_string': 'resnet18', 'min_batch_size': 512, 'dataset': 'CIFAR', 'placement': None, 'use_nccl': True, 'devices_per_worker': 1, 'primary_resource': 'extra_gpu', 'gpu': False, 'verbose': False, 'lr_config': {'mode': 'log', 'steps': 5, 'initial_lr': 0.0001, 'target_lr': 0.0001}, 'batch_per_device': 1024}",19.778030395507812,0,2,6067.279209952076,1,19.778030395507812
0.007543087005615234,0.14486958980560302,0.004990530014038086,0.03860253703837492,0.024890422821044922,nan,0.0,0.04787774085998535,0.3118000030517578,1.8586839334487915,-0.3118000030517578,nan,0.0,nan,0.0,nan,0.0,0.2748199999332428,1.9897169721221923,nan,0.0,nan,0.0,60000,1,False,,,3,-1.8586839334487915,98526e4b8d55404f9fa32116d73f4956,2019-05-30_14-39-51,1559252391,7.9913489818573,27.769379377365112,13452,steropes,169.229.49.254,"{'starting_lr': 0.0001, 'momentum': 0.99, 'weight_decay': 0.005, 'steps_per_iteration': None, 'pin': False, 'model_creator': None, 'target_batch_size': 1024, 'model_string': 'resnet18', 'min_batch_size': 512, 'dataset': 'CIFAR', 'placement': None, 'use_nccl': True, 'devices_per_worker': 1, 'primary_resource': 'extra_gpu', 'gpu': False, 'verbose': False, 'lr_config': {'mode': 'log', 'steps': 5, 'initial_lr': 0.0001, 'target_lr': 0.0001}, 'batch_per_device': 1024}",27.769379377365112,0,3,6481.8974974556195,1,27.769379377365112
0.012800884246826173,0.12201840877532959,0.006451416015625,0.03685935662717235,0.03280613422393799,nan,0.0,0.04978353977203369,0.3531999886035919,1.7596067045211792,-0.3531999886035919,nan,0.0,nan,0.0,nan,0.0,0.31797999143600464,1.8610388550186157,nan,0.0,nan,0.0,60000,1,False,,,4,-1.7596067045211792,98526e4b8d55404f9fa32116d73f4956,2019-05-30_14-39-59,1559252399,8.063644647598267,35.83302402496338,13452,steropes,169.229.49.254,"{'starting_lr': 0.0001, 'momentum': 0.99, 'weight_decay': 0.005, 'steps_per_iteration': None, 'pin': False, 'model_creator': None, 'target_batch_size': 1024, 'model_string': 'resnet18', 'min_batch_size': 512, 'dataset': 'CIFAR', 'placement': None, 'use_nccl': True, 'devices_per_worker': 1, 'primary_resource': 'extra_gpu', 'gpu': False, 'verbose': False, 'lr_config': {'mode': 'log', 'steps': 5, 'initial_lr': 0.0001, 'target_lr': 0.0001}, 'batch_per_device': 1024}",35.83302402496338,0,4,6697.667526161433,1,35.83302402496338
0.008776187896728516,0.13089385032653808,0.005496668815612793,0.04081567939446897,0.02231729030609131,nan,0.0,0.04481759071350098,0.38449999690055847,1.6521423585891724,-0.38449999690055847,nan,0.0,nan,0.0,nan,0.0,0.3449999988079071,1.7694709231948853,nan,0.0,nan,0.0,60000,1,False,,,5,-1.6521423585891724,98526e4b8d55404f9fa32116d73f4956,2019-05-30_14-40-07,1559252407,8.157615661621094,43.99063968658447,13452,steropes,169.229.49.254,"{'starting_lr': 0.0001, 'momentum': 0.99, 'weight_decay': 0.005, 'steps_per_iteration': None, 'pin': False, 'model_creator': None, 'target_batch_size': 1024, 'model_string': 'resnet18', 'min_batch_size': 512, 'dataset': 'CIFAR', 'placement': None, 'use_nccl': True, 'devices_per_worker': 1, 'primary_resource': 'extra_gpu', 'gpu': False, 'verbose': False, 'lr_config': {'mode': 'log', 'steps': 5, 'initial_lr': 0.0001, 'target_lr': 0.0001}, 'batch_per_device': 1024}",43.99063968658447,0,5,6819.5666512566395,1,43.99063968658447
0.007676458358764649,0.12647294998168945,0.0060883045196533205,0.03995498345822704,0.02772367000579834,nan,0.0,0.047085809707641604,0.41579997539520264,1.5843515651702882,-0.41579997539520264,nan,0.0,nan,0.0,nan,0.0,0.3745799958705902,1.6909340253448486,nan,0.0,nan,0.0,60000,1,False,,,6,-1.5843515651702882,98526e4b8d55404f9fa32116d73f4956,2019-05-30_14-40-15,1559252415,8.082677602767944,52.07331728935242,13452,steropes,169.229.49.254,"{'starting_lr': 0.0001, 'momentum': 0.99, 'weight_decay': 0.005, 'steps_per_iteration': None, 'pin': False, 'model_creator': None, 'target_batch_size': 1024, 'model_string': 'resnet18', 'min_batch_size': 512, 'dataset': 'CIFAR', 'placement': None, 'use_nccl': True, 'devices_per_worker': 1, 'primary_resource': 'extra_gpu', 'gpu': False, 'verbose': False, 'lr_config': {'mode': 'log', 'steps': 5, 'initial_lr': 0.0001, 'target_lr': 0.0001}, 'batch_per_device': 1024}",52.07331728935242,0,6,7396.613541762814,1,52.07331728935242
0.009276294708251953,0.1314068078994751,0.006526470184326172,0.041020787492090344,0.026872587203979493,nan,0.0,0.04955730438232422,0.4306999742984772,1.5506314826965333,-0.4306999742984772,nan,0.0,nan,0.0,nan,0.0,0.3944399952888489,1.6309724565124513,nan,0.0,nan,0.0,60000,1,False,,,7,-1.5506314826965333,98526e4b8d55404f9fa32116d73f4956,2019-05-30_14-40-23,1559252423,8.190109014511108,60.263426303863525,13452,steropes,169.229.49.254,"{'starting_lr': 0.0001, 'momentum': 0.99, 'weight_decay': 0.005, 'steps_per_iteration': None, 'pin': False, 'model_creator': None, 'target_batch_size': 1024, 'model_string': 'resnet18', 'min_batch_size': 512, 'dataset': 'CIFAR', 'placement': None, 'use_nccl': True, 'devices_per_worker': 1, 'primary_resource': 'extra_gpu', 'gpu': False, 'verbose': False, 'lr_config': {'mode': 'log', 'steps': 5, 'initial_lr': 0.0001, 'target_lr': 0.0001}, 'batch_per_device': 1024}",60.263426303863525,0,7,7410.006743783412,1,60.263426303863525
0.007084417343139649,0.1379920244216919,0.004690337181091309,0.03467987021621393,0.0222517728805542,nan,0.0,0.0528508186340332,0.4488999843597412,1.4930315885543823,-0.4488999843597412,nan,0.0,nan,0.0,nan,0.0,0.41741999983787537,1.5815521352767945,nan,0.0,nan,0.0,60000,1,False,,,8,-1.4930315885543823,98526e4b8d55404f9fa32116d73f4956,2019-05-30_14-40-31,1559252431,7.959665298461914,68.22309160232544,13452,steropes,169.229.49.254,"{'starting_lr': 0.0001, 'momentum': 0.99, 'weight_decay': 0.005, 'steps_per_iteration': None, 'pin': False, 'model_creator': None, 'target_batch_size': 1024, 'model_string': 'resnet18', 'min_batch_size': 512, 'dataset': 'CIFAR', 'placement': None, 'use_nccl': True, 'devices_per_worker': 1, 'primary_resource': 'extra_gpu', 'gpu': False, 'verbose': False, 'lr_config': {'mode': 'log', 'steps': 5, 'initial_lr': 0.0001, 'target_lr': 0.0001}, 'batch_per_device': 1024}",68.22309160232544,0,8,7415.806244720666,1,68.22309160232544
0.007265114784240722,0.12439799308776855,0.0048095703125,0.03853868465034329,0.026357650756835938,nan,0.0,0.04556834697723389,0.4619999825954437,1.4646268756866454,-0.4619999825954437,nan,0.0,nan,0.0,nan,0.0,0.43397998809814453,1.5411744171142578,nan,0.0,nan,0.0,60000,1,False,,,9,-1.4646268756866454,98526e4b8d55404f9fa32116d73f4956,2019-05-30_14-40-39,1559252439,7.878430128097534,76.10152173042297,13452,steropes,169.229.49.254,"{'starting_lr': 0.0001, 'momentum': 0.99, 'weight_decay': 0.005, 'steps_per_iteration': None, 'pin': False, 'model_creator': None, 'target_batch_size': 1024, 'model_string': 'resnet18', 'min_batch_size': 512, 'dataset': 'CIFAR', 'placement': None, 'use_nccl': True, 'devices_per_worker': 1, 'primary_resource': 'extra_gpu', 'gpu': False, 'verbose': False, 'lr_config': {'mode': 'log', 'steps': 5, 'initial_lr': 0.0001, 'target_lr': 0.0001}, 'batch_per_device': 1024}",76.10152173042297,0,9,7449.9145015237,1,76.10152173042297
0.008279228210449218,0.12468349933624268,0.004680514335632324,0.04120719189546546,0.02296264171600342,nan,0.0,0.045481634140014646,0.47259998321533203,1.4347439168930054,-0.47259998321533203,nan,0.0,nan,0.0,nan,0.0,0.4494599997997284,1.501340993041992,nan,0.0,nan,0.0,60000,1,False,,,10,-1.4347439168930054,98526e4b8d55404f9fa32116d73f4956,2019-05-30_14-40-47,1559252447,7.975352048873901,84.07687377929688,13452,steropes,169.229.49.254,"{'starting_lr': 0.0001, 'momentum': 0.99, 'weight_decay': 0.005, 'steps_per_iteration': None, 'pin': False, 'model_creator': None, 'target_batch_size': 1024, 'model_string': 'resnet18', 'min_batch_size': 512, 'dataset': 'CIFAR', 'placement': None, 'use_nccl': True, 'devices_per_worker': 1, 'primary_resource': 'extra_gpu', 'gpu': False, 'verbose': False, 'lr_config': {'mode': 'log', 'steps': 5, 'initial_lr': 0.0001, 'target_lr': 0.0001}, 'batch_per_device': 1024}",84.07687377929688,0,10,7483.787506695562,1,84.07687377929688
0.007479643821716309,0.11786875724792481,0.004967117309570312,0.035863200012518436,0.022133684158325194,nan,0.0,0.04528112411499023,0.4860999882221222,1.4006707675933838,-0.4860999882221222,nan,0.0,nan,0.0,nan,0.0,0.4589200019836426,1.4701757445907593,nan,0.0,nan,0.0,60000,1,False,,,11,-1.4006707675933838,98526e4b8d55404f9fa32116d73f4956,2019-05-30_14-40-55,1559252455,8.119819641113281,92.19669342041016,13452,steropes,169.229.49.254,"{'starting_lr': 0.0001, 'momentum': 0.99, 'weight_decay': 0.005, 'steps_per_iteration': None, 'pin': False, 'model_creator': None, 'target_batch_size': 1024, 'model_string': 'resnet18', 'min_batch_size': 512, 'dataset': 'CIFAR', 'placement': None, 'use_nccl': True, 'devices_per_worker': 1, 'primary_resource': 'extra_gpu', 'gpu': False, 'verbose': False, 'lr_config': {'mode': 'log', 'steps': 5, 'initial_lr': 0.0001, 'target_lr': 0.0001}, 'batch_per_device': 1024}",92.19669342041016,0,11,7476.859424695051,1,92.19669342041016
0.007183957099914551,0.12848124504089356,0.004773402214050293,0.042902396649730445,0.021634936332702637,nan,0.0,0.04336998462677002,0.49719998240470886,1.3739929121017456,-0.49719998240470886,nan,0.0,nan,0.0,nan,0.0,0.4702000021934509,1.4477814894866943,nan,0.0,nan,0.0,60000,1,True,,,12,-1.3739929121017456,98526e4b8d55404f9fa32116d73f4956,2019-05-30_14-41-03,1559252463,8.286785364151001,100.48347878456116,13452,steropes,169.229.49.254,"{'starting_lr': 0.0001, 'momentum': 0.99, 'weight_decay': 0.005, 'steps_per_iteration': None, 'pin': False, 'model_creator': None, 'target_batch_size': 1024, 'model_string': 'resnet18', 'min_batch_size': 512, 'dataset': 'CIFAR', 'placement': None, 'use_nccl': True, 'devices_per_worker': 1, 'primary_resource': 'extra_gpu', 'gpu': False, 'verbose': False, 'lr_config': {'mode': 'log', 'steps': 5, 'initial_lr': 0.0001, 'target_lr': 0.0001}, 'batch_per_device': 1024}",100.48347878456116,0,12,7458.845946101029,1,100.48347878456116
