{"apply": 0.007291078567504883, "batch_time": 0.16133580207824708, "d2h": 0.004487228393554687, "data_time": 0.03270662074186364, "fwd": 0.08551452159881592, "get_state_time_mean": NaN, "get_state_time_total": 0.0, "grad": 0.1544846773147583, "mean_accuracy": 0.17339999973773956, "mean_loss": 4.0101479785919185, "neg_mean_accuracy": -0.17339999973773956, "set_state_time_mean": NaN, "set_state_time_total": 0.0, "setup_model_time_mean": 8.856727600097656, "setup_model_time_total": 8.856727600097656, "setup_proc_time_mean": 0.15138745307922363, "setup_proc_time_total": 0.15138745307922363, "train_accuracy": 0.08416000008583069, "train_loss": 5.9097431550598145, "training_time_mean": NaN, "training_time_total": 0.0, "validation_time_mean": NaN, "validation_time_total": 0.0, "samples": 60000, "num_workers": 1, "done": false, "timesteps_total": null, "episodes_total": null, "training_iteration": 1, "neg_mean_loss": -4.0101479785919185, "experiment_id": "98526e4b8d55404f9fa32116d73f4956", "date": "2019-05-30_14-39-34", "timestamp": 1559252374, "time_this_iter_s": 11.514608383178711, "time_total_s": 11.514608383178711, "pid": 13452, "hostname": "steropes", "node_ip": "169.229.49.254", "config": {"starting_lr": 0.0001, "momentum": 0.99, "weight_decay": 0.005, "steps_per_iteration": null, "pin": false, "model_creator": null, "target_batch_size": 1024, "model_string": "resnet18", "min_batch_size": 512, "dataset": "CIFAR", "placement": null, "use_nccl": true, "devices_per_worker": 1, "primary_resource": "extra_gpu", "gpu": false, "verbose": false, "lr_config": {"mode": "log", "steps": 5, "initial_lr": 0.0001, "target_lr": 0.0001}, "batch_per_device": 1024}, "time_since_restore": 11.514608383178711, "timesteps_since_restore": 0, "iterations_since_restore": 1, "mean_throughput": 5210.720194854056, "atoms": 1, "resource_time": 11.514608383178711}
{"apply": 0.007492542266845703, "batch_time": 0.15568323135375978, "d2h": 0.004591107368469238, "data_time": 0.03144338666176309, "fwd": 0.031453919410705564, "get_state_time_mean": NaN, "get_state_time_total": 0.0, "grad": 0.04881696701049805, "mean_accuracy": 0.25949999690055847, "mean_loss": 2.0143120872497557, "neg_mean_accuracy": -0.25949999690055847, "set_state_time_mean": NaN, "set_state_time_total": 0.0, "setup_model_time_mean": NaN, "setup_model_time_total": 0.0, "setup_proc_time_mean": NaN, "setup_proc_time_total": 0.0, "train_accuracy": 0.2204199880361557, "train_loss": 2.542175908508301, "training_time_mean": NaN, "training_time_total": 0.0, "validation_time_mean": NaN, "validation_time_total": 0.0, "samples": 60000, "num_workers": 1, "done": false, "timesteps_total": null, "episodes_total": null, "training_iteration": 2, "neg_mean_loss": -2.0143120872497557, "experiment_id": "98526e4b8d55404f9fa32116d73f4956", "date": "2019-05-30_14-39-43", "timestamp": 1559252383, "time_this_iter_s": 8.263422012329102, "time_total_s": 19.778030395507812, "pid": 13452, "hostname": "steropes", "node_ip": "169.229.49.254", "config": {"starting_lr": 0.0001, "momentum": 0.99, "weight_decay": 0.005, "steps_per_iteration": null, "pin": false, "model_creator": null, "target_batch_size": 1024, "model_string": "resnet18", "min_batch_size": 512, "dataset": "CIFAR", "placement": null, "use_nccl": true, "devices_per_worker": 1, "primary_resource": "extra_gpu", "gpu": false, "verbose": false, "lr_config": {"mode": "log", "steps": 5, "initial_lr": 0.0001, "target_lr": 0.0001}, "batch_per_device": 1024}, "time_since_restore": 19.778030395507812, "timesteps_since_restore": 0, "iterations_since_restore": 2, "mean_throughput": 6067.279209952076, "atoms": 1, "resource_time": 19.778030395507812}
{"apply": 0.007543087005615234, "batch_time": 0.14486958980560302, "d2h": 0.004990530014038086, "data_time": 0.03860253703837492, "fwd": 0.024890422821044922, "get_state_time_mean": NaN, "get_state_time_total": 0.0, "grad": 0.04787774085998535, "mean_accuracy": 0.3118000030517578, "mean_loss": 1.8586839334487915, "neg_mean_accuracy": -0.3118000030517578, "set_state_time_mean": NaN, "set_state_time_total": 0.0, "setup_model_time_mean": NaN, "setup_model_time_total": 0.0, "setup_proc_time_mean": NaN, "setup_proc_time_total": 0.0, "train_accuracy": 0.2748199999332428, "train_loss": 1.9897169721221923, "training_time_mean": NaN, "training_time_total": 0.0, "validation_time_mean": NaN, "validation_time_total": 0.0, "samples": 60000, "num_workers": 1, "done": false, "timesteps_total": null, "episodes_total": null, "training_iteration": 3, "neg_mean_loss": -1.8586839334487915, "experiment_id": "98526e4b8d55404f9fa32116d73f4956", "date": "2019-05-30_14-39-51", "timestamp": 1559252391, "time_this_iter_s": 7.9913489818573, "time_total_s": 27.769379377365112, "pid": 13452, "hostname": "steropes", "node_ip": "169.229.49.254", "config": {"starting_lr": 0.0001, "momentum": 0.99, "weight_decay": 0.005, "steps_per_iteration": null, "pin": false, "model_creator": null, "target_batch_size": 1024, "model_string": "resnet18", "min_batch_size": 512, "dataset": "CIFAR", "placement": null, "use_nccl": true, "devices_per_worker": 1, "primary_resource": "extra_gpu", "gpu": false, "verbose": false, "lr_config": {"mode": "log", "steps": 5, "initial_lr": 0.0001, "target_lr": 0.0001}, "batch_per_device": 1024}, "time_since_restore": 27.769379377365112, "timesteps_since_restore": 0, "iterations_since_restore": 3, "mean_throughput": 6481.8974974556195, "atoms": 1, "resource_time": 27.769379377365112}
{"apply": 0.012800884246826173, "batch_time": 0.12201840877532959, "d2h": 0.006451416015625, "data_time": 0.03685935662717235, "fwd": 0.03280613422393799, "get_state_time_mean": NaN, "get_state_time_total": 0.0, "grad": 0.04978353977203369, "mean_accuracy": 0.3531999886035919, "mean_loss": 1.7596067045211792, "neg_mean_accuracy": -0.3531999886035919, "set_state_time_mean": NaN, "set_state_time_total": 0.0, "setup_model_time_mean": NaN, "setup_model_time_total": 0.0, "setup_proc_time_mean": NaN, "setup_proc_time_total": 0.0, "train_accuracy": 0.31797999143600464, "train_loss": 1.8610388550186157, "training_time_mean": NaN, "training_time_total": 0.0, "validation_time_mean": NaN, "validation_time_total": 0.0, "samples": 60000, "num_workers": 1, "done": false, "timesteps_total": null, "episodes_total": null, "training_iteration": 4, "neg_mean_loss": -1.7596067045211792, "experiment_id": "98526e4b8d55404f9fa32116d73f4956", "date": "2019-05-30_14-39-59", "timestamp": 1559252399, "time_this_iter_s": 8.063644647598267, "time_total_s": 35.83302402496338, "pid": 13452, "hostname": "steropes", "node_ip": "169.229.49.254", "config": {"starting_lr": 0.0001, "momentum": 0.99, "weight_decay": 0.005, "steps_per_iteration": null, "pin": false, "model_creator": null, "target_batch_size": 1024, "model_string": "resnet18", "min_batch_size": 512, "dataset": "CIFAR", "placement": null, "use_nccl": true, "devices_per_worker": 1, "primary_resource": "extra_gpu", "gpu": false, "verbose": false, "lr_config": {"mode": "log", "steps": 5, "initial_lr": 0.0001, "target_lr": 0.0001}, "batch_per_device": 1024}, "time_since_restore": 35.83302402496338, "timesteps_since_restore": 0, "iterations_since_restore": 4, "mean_throughput": 6697.667526161433, "atoms": 1, "resource_time": 35.83302402496338}
{"apply": 0.008776187896728516, "batch_time": 0.13089385032653808, "d2h": 0.005496668815612793, "data_time": 0.04081567939446897, "fwd": 0.02231729030609131, "get_state_time_mean": NaN, "get_state_time_total": 0.0, "grad": 0.04481759071350098, "mean_accuracy": 0.38449999690055847, "mean_loss": 1.6521423585891724, "neg_mean_accuracy": -0.38449999690055847, "set_state_time_mean": NaN, "set_state_time_total": 0.0, "setup_model_time_mean": NaN, "setup_model_time_total": 0.0, "setup_proc_time_mean": NaN, "setup_proc_time_total": 0.0, "train_accuracy": 0.3449999988079071, "train_loss": 1.7694709231948853, "training_time_mean": NaN, "training_time_total": 0.0, "validation_time_mean": NaN, "validation_time_total": 0.0, "samples": 60000, "num_workers": 1, "done": false, "timesteps_total": null, "episodes_total": null, "training_iteration": 5, "neg_mean_loss": -1.6521423585891724, "experiment_id": "98526e4b8d55404f9fa32116d73f4956", "date": "2019-05-30_14-40-07", "timestamp": 1559252407, "time_this_iter_s": 8.157615661621094, "time_total_s": 43.99063968658447, "pid": 13452, "hostname": "steropes", "node_ip": "169.229.49.254", "config": {"starting_lr": 0.0001, "momentum": 0.99, "weight_decay": 0.005, "steps_per_iteration": null, "pin": false, "model_creator": null, "target_batch_size": 1024, "model_string": "resnet18", "min_batch_size": 512, "dataset": "CIFAR", "placement": null, "use_nccl": true, "devices_per_worker": 1, "primary_resource": "extra_gpu", "gpu": false, "verbose": false, "lr_config": {"mode": "log", "steps": 5, "initial_lr": 0.0001, "target_lr": 0.0001}, "batch_per_device": 1024}, "time_since_restore": 43.99063968658447, "timesteps_since_restore": 0, "iterations_since_restore": 5, "mean_throughput": 6819.5666512566395, "atoms": 1, "resource_time": 43.99063968658447}
{"apply": 0.007676458358764649, "batch_time": 0.12647294998168945, "d2h": 0.0060883045196533205, "data_time": 0.03995498345822704, "fwd": 0.02772367000579834, "get_state_time_mean": NaN, "get_state_time_total": 0.0, "grad": 0.047085809707641604, "mean_accuracy": 0.41579997539520264, "mean_loss": 1.5843515651702882, "neg_mean_accuracy": -0.41579997539520264, "set_state_time_mean": NaN, "set_state_time_total": 0.0, "setup_model_time_mean": NaN, "setup_model_time_total": 0.0, "setup_proc_time_mean": NaN, "setup_proc_time_total": 0.0, "train_accuracy": 0.3745799958705902, "train_loss": 1.6909340253448486, "training_time_mean": NaN, "training_time_total": 0.0, "validation_time_mean": NaN, "validation_time_total": 0.0, "samples": 60000, "num_workers": 1, "done": false, "timesteps_total": null, "episodes_total": null, "training_iteration": 6, "neg_mean_loss": -1.5843515651702882, "experiment_id": "98526e4b8d55404f9fa32116d73f4956", "date": "2019-05-30_14-40-15", "timestamp": 1559252415, "time_this_iter_s": 8.082677602767944, "time_total_s": 52.07331728935242, "pid": 13452, "hostname": "steropes", "node_ip": "169.229.49.254", "config": {"starting_lr": 0.0001, "momentum": 0.99, "weight_decay": 0.005, "steps_per_iteration": null, "pin": false, "model_creator": null, "target_batch_size": 1024, "model_string": "resnet18", "min_batch_size": 512, "dataset": "CIFAR", "placement": null, "use_nccl": true, "devices_per_worker": 1, "primary_resource": "extra_gpu", "gpu": false, "verbose": false, "lr_config": {"mode": "log", "steps": 5, "initial_lr": 0.0001, "target_lr": 0.0001}, "batch_per_device": 1024}, "time_since_restore": 52.07331728935242, "timesteps_since_restore": 0, "iterations_since_restore": 6, "mean_throughput": 7396.613541762814, "atoms": 1, "resource_time": 52.07331728935242}
{"apply": 0.009276294708251953, "batch_time": 0.1314068078994751, "d2h": 0.006526470184326172, "data_time": 0.041020787492090344, "fwd": 0.026872587203979493, "get_state_time_mean": NaN, "get_state_time_total": 0.0, "grad": 0.04955730438232422, "mean_accuracy": 0.4306999742984772, "mean_loss": 1.5506314826965333, "neg_mean_accuracy": -0.4306999742984772, "set_state_time_mean": NaN, "set_state_time_total": 0.0, "setup_model_time_mean": NaN, "setup_model_time_total": 0.0, "setup_proc_time_mean": NaN, "setup_proc_time_total": 0.0, "train_accuracy": 0.3944399952888489, "train_loss": 1.6309724565124513, "training_time_mean": NaN, "training_time_total": 0.0, "validation_time_mean": NaN, "validation_time_total": 0.0, "samples": 60000, "num_workers": 1, "done": false, "timesteps_total": null, "episodes_total": null, "training_iteration": 7, "neg_mean_loss": -1.5506314826965333, "experiment_id": "98526e4b8d55404f9fa32116d73f4956", "date": "2019-05-30_14-40-23", "timestamp": 1559252423, "time_this_iter_s": 8.190109014511108, "time_total_s": 60.263426303863525, "pid": 13452, "hostname": "steropes", "node_ip": "169.229.49.254", "config": {"starting_lr": 0.0001, "momentum": 0.99, "weight_decay": 0.005, "steps_per_iteration": null, "pin": false, "model_creator": null, "target_batch_size": 1024, "model_string": "resnet18", "min_batch_size": 512, "dataset": "CIFAR", "placement": null, "use_nccl": true, "devices_per_worker": 1, "primary_resource": "extra_gpu", "gpu": false, "verbose": false, "lr_config": {"mode": "log", "steps": 5, "initial_lr": 0.0001, "target_lr": 0.0001}, "batch_per_device": 1024}, "time_since_restore": 60.263426303863525, "timesteps_since_restore": 0, "iterations_since_restore": 7, "mean_throughput": 7410.006743783412, "atoms": 1, "resource_time": 60.263426303863525}
{"apply": 0.007084417343139649, "batch_time": 0.1379920244216919, "d2h": 0.004690337181091309, "data_time": 0.03467987021621393, "fwd": 0.0222517728805542, "get_state_time_mean": NaN, "get_state_time_total": 0.0, "grad": 0.0528508186340332, "mean_accuracy": 0.4488999843597412, "mean_loss": 1.4930315885543823, "neg_mean_accuracy": -0.4488999843597412, "set_state_time_mean": NaN, "set_state_time_total": 0.0, "setup_model_time_mean": NaN, "setup_model_time_total": 0.0, "setup_proc_time_mean": NaN, "setup_proc_time_total": 0.0, "train_accuracy": 0.41741999983787537, "train_loss": 1.5815521352767945, "training_time_mean": NaN, "training_time_total": 0.0, "validation_time_mean": NaN, "validation_time_total": 0.0, "samples": 60000, "num_workers": 1, "done": false, "timesteps_total": null, "episodes_total": null, "training_iteration": 8, "neg_mean_loss": -1.4930315885543823, "experiment_id": "98526e4b8d55404f9fa32116d73f4956", "date": "2019-05-30_14-40-31", "timestamp": 1559252431, "time_this_iter_s": 7.959665298461914, "time_total_s": 68.22309160232544, "pid": 13452, "hostname": "steropes", "node_ip": "169.229.49.254", "config": {"starting_lr": 0.0001, "momentum": 0.99, "weight_decay": 0.005, "steps_per_iteration": null, "pin": false, "model_creator": null, "target_batch_size": 1024, "model_string": "resnet18", "min_batch_size": 512, "dataset": "CIFAR", "placement": null, "use_nccl": true, "devices_per_worker": 1, "primary_resource": "extra_gpu", "gpu": false, "verbose": false, "lr_config": {"mode": "log", "steps": 5, "initial_lr": 0.0001, "target_lr": 0.0001}, "batch_per_device": 1024}, "time_since_restore": 68.22309160232544, "timesteps_since_restore": 0, "iterations_since_restore": 8, "mean_throughput": 7415.806244720666, "atoms": 1, "resource_time": 68.22309160232544}
{"apply": 0.007265114784240722, "batch_time": 0.12439799308776855, "d2h": 0.0048095703125, "data_time": 0.03853868465034329, "fwd": 0.026357650756835938, "get_state_time_mean": NaN, "get_state_time_total": 0.0, "grad": 0.04556834697723389, "mean_accuracy": 0.4619999825954437, "mean_loss": 1.4646268756866454, "neg_mean_accuracy": -0.4619999825954437, "set_state_time_mean": NaN, "set_state_time_total": 0.0, "setup_model_time_mean": NaN, "setup_model_time_total": 0.0, "setup_proc_time_mean": NaN, "setup_proc_time_total": 0.0, "train_accuracy": 0.43397998809814453, "train_loss": 1.5411744171142578, "training_time_mean": NaN, "training_time_total": 0.0, "validation_time_mean": NaN, "validation_time_total": 0.0, "samples": 60000, "num_workers": 1, "done": false, "timesteps_total": null, "episodes_total": null, "training_iteration": 9, "neg_mean_loss": -1.4646268756866454, "experiment_id": "98526e4b8d55404f9fa32116d73f4956", "date": "2019-05-30_14-40-39", "timestamp": 1559252439, "time_this_iter_s": 7.878430128097534, "time_total_s": 76.10152173042297, "pid": 13452, "hostname": "steropes", "node_ip": "169.229.49.254", "config": {"starting_lr": 0.0001, "momentum": 0.99, "weight_decay": 0.005, "steps_per_iteration": null, "pin": false, "model_creator": null, "target_batch_size": 1024, "model_string": "resnet18", "min_batch_size": 512, "dataset": "CIFAR", "placement": null, "use_nccl": true, "devices_per_worker": 1, "primary_resource": "extra_gpu", "gpu": false, "verbose": false, "lr_config": {"mode": "log", "steps": 5, "initial_lr": 0.0001, "target_lr": 0.0001}, "batch_per_device": 1024}, "time_since_restore": 76.10152173042297, "timesteps_since_restore": 0, "iterations_since_restore": 9, "mean_throughput": 7449.9145015237, "atoms": 1, "resource_time": 76.10152173042297}
{"apply": 0.008279228210449218, "batch_time": 0.12468349933624268, "d2h": 0.004680514335632324, "data_time": 0.04120719189546546, "fwd": 0.02296264171600342, "get_state_time_mean": NaN, "get_state_time_total": 0.0, "grad": 0.045481634140014646, "mean_accuracy": 0.47259998321533203, "mean_loss": 1.4347439168930054, "neg_mean_accuracy": -0.47259998321533203, "set_state_time_mean": NaN, "set_state_time_total": 0.0, "setup_model_time_mean": NaN, "setup_model_time_total": 0.0, "setup_proc_time_mean": NaN, "setup_proc_time_total": 0.0, "train_accuracy": 0.4494599997997284, "train_loss": 1.501340993041992, "training_time_mean": NaN, "training_time_total": 0.0, "validation_time_mean": NaN, "validation_time_total": 0.0, "samples": 60000, "num_workers": 1, "done": false, "timesteps_total": null, "episodes_total": null, "training_iteration": 10, "neg_mean_loss": -1.4347439168930054, "experiment_id": "98526e4b8d55404f9fa32116d73f4956", "date": "2019-05-30_14-40-47", "timestamp": 1559252447, "time_this_iter_s": 7.975352048873901, "time_total_s": 84.07687377929688, "pid": 13452, "hostname": "steropes", "node_ip": "169.229.49.254", "config": {"starting_lr": 0.0001, "momentum": 0.99, "weight_decay": 0.005, "steps_per_iteration": null, "pin": false, "model_creator": null, "target_batch_size": 1024, "model_string": "resnet18", "min_batch_size": 512, "dataset": "CIFAR", "placement": null, "use_nccl": true, "devices_per_worker": 1, "primary_resource": "extra_gpu", "gpu": false, "verbose": false, "lr_config": {"mode": "log", "steps": 5, "initial_lr": 0.0001, "target_lr": 0.0001}, "batch_per_device": 1024}, "time_since_restore": 84.07687377929688, "timesteps_since_restore": 0, "iterations_since_restore": 10, "mean_throughput": 7483.787506695562, "atoms": 1, "resource_time": 84.07687377929688}
{"apply": 0.007479643821716309, "batch_time": 0.11786875724792481, "d2h": 0.004967117309570312, "data_time": 0.035863200012518436, "fwd": 0.022133684158325194, "get_state_time_mean": NaN, "get_state_time_total": 0.0, "grad": 0.04528112411499023, "mean_accuracy": 0.4860999882221222, "mean_loss": 1.4006707675933838, "neg_mean_accuracy": -0.4860999882221222, "set_state_time_mean": NaN, "set_state_time_total": 0.0, "setup_model_time_mean": NaN, "setup_model_time_total": 0.0, "setup_proc_time_mean": NaN, "setup_proc_time_total": 0.0, "train_accuracy": 0.4589200019836426, "train_loss": 1.4701757445907593, "training_time_mean": NaN, "training_time_total": 0.0, "validation_time_mean": NaN, "validation_time_total": 0.0, "samples": 60000, "num_workers": 1, "done": false, "timesteps_total": null, "episodes_total": null, "training_iteration": 11, "neg_mean_loss": -1.4006707675933838, "experiment_id": "98526e4b8d55404f9fa32116d73f4956", "date": "2019-05-30_14-40-55", "timestamp": 1559252455, "time_this_iter_s": 8.119819641113281, "time_total_s": 92.19669342041016, "pid": 13452, "hostname": "steropes", "node_ip": "169.229.49.254", "config": {"starting_lr": 0.0001, "momentum": 0.99, "weight_decay": 0.005, "steps_per_iteration": null, "pin": false, "model_creator": null, "target_batch_size": 1024, "model_string": "resnet18", "min_batch_size": 512, "dataset": "CIFAR", "placement": null, "use_nccl": true, "devices_per_worker": 1, "primary_resource": "extra_gpu", "gpu": false, "verbose": false, "lr_config": {"mode": "log", "steps": 5, "initial_lr": 0.0001, "target_lr": 0.0001}, "batch_per_device": 1024}, "time_since_restore": 92.19669342041016, "timesteps_since_restore": 0, "iterations_since_restore": 11, "mean_throughput": 7476.859424695051, "atoms": 1, "resource_time": 92.19669342041016}
{"apply": 0.007183957099914551, "batch_time": 0.12848124504089356, "d2h": 0.004773402214050293, "data_time": 0.042902396649730445, "fwd": 0.021634936332702637, "get_state_time_mean": NaN, "get_state_time_total": 0.0, "grad": 0.04336998462677002, "mean_accuracy": 0.49719998240470886, "mean_loss": 1.3739929121017456, "neg_mean_accuracy": -0.49719998240470886, "set_state_time_mean": NaN, "set_state_time_total": 0.0, "setup_model_time_mean": NaN, "setup_model_time_total": 0.0, "setup_proc_time_mean": NaN, "setup_proc_time_total": 0.0, "train_accuracy": 0.4702000021934509, "train_loss": 1.4477814894866943, "training_time_mean": NaN, "training_time_total": 0.0, "validation_time_mean": NaN, "validation_time_total": 0.0, "samples": 60000, "num_workers": 1, "done": true, "timesteps_total": null, "episodes_total": null, "training_iteration": 12, "neg_mean_loss": -1.3739929121017456, "experiment_id": "98526e4b8d55404f9fa32116d73f4956", "date": "2019-05-30_14-41-03", "timestamp": 1559252463, "time_this_iter_s": 8.286785364151001, "time_total_s": 100.48347878456116, "pid": 13452, "hostname": "steropes", "node_ip": "169.229.49.254", "config": {"starting_lr": 0.0001, "momentum": 0.99, "weight_decay": 0.005, "steps_per_iteration": null, "pin": false, "model_creator": null, "target_batch_size": 1024, "model_string": "resnet18", "min_batch_size": 512, "dataset": "CIFAR", "placement": null, "use_nccl": true, "devices_per_worker": 1, "primary_resource": "extra_gpu", "gpu": false, "verbose": false, "lr_config": {"mode": "log", "steps": 5, "initial_lr": 0.0001, "target_lr": 0.0001}, "batch_per_device": 1024}, "time_since_restore": 100.48347878456116, "timesteps_since_restore": 0, "iterations_since_restore": 12, "mean_throughput": 7458.845946101029, "atoms": 1, "resource_time": 100.48347878456116}
