apply,batch_time,d2h,data_time,fwd,get_state_time_mean,get_state_time_total,grad,mean_accuracy,mean_loss,neg_mean_accuracy,set_state_time_mean,set_state_time_total,setup_model_time_mean,setup_model_time_total,setup_proc_time_mean,setup_proc_time_total,train_accuracy,train_loss,training_time_mean,training_time_total,val_accuracy,val_loss,validation_time_mean,validation_time_total,samples,num_workers,done,timesteps_total,episodes_total,training_iteration,neg_mean_loss,experiment_id,date,timestamp,time_this_iter_s,time_total_s,pid,hostname,node_ip,config,time_since_restore,timesteps_since_restore,iterations_since_restore,mean_throughput,atoms,setup_time
0.01783409118652344,0.04137375686742083,0.0006535530090332031,0.0018288961151981598,0.18846542835235597,nan,0.0,0.1975996971130371,0.30559998750686646,2.117863677978516,-0.30559998750686646,nan,0.0,11.042753458023071,11.042753458023071,0.23737311363220215,0.23737311363220215,0.21437999606132507,2.426569210205078,nan,0.0,0.30559998750686646,2.117863677978516,nan,0.0,60000,1,False,,,1,-2.117863677978516,039b22cca28645b894a6d5ab1af72627,2019-06-06_14-19-53,1559855993,47.07734751701355,47.07734751701355,2124,steropes,169.229.49.254,"{'starting_lr': 0.0005, 'momentum': 0.99, 'weight_decay': 0.001, 'steps_per_iteration': None, 'pin': False, 'model_creator': None, 'target_batch_size': 128, 'model_string': 'resnet50', 'min_batch_size': 128, 'dataset': 'CIFAR', 'placement': None, 'use_nccl': True, 'devices_per_worker': 1, 'primary_resource': 'extra_gpu', 'gpu': False, 'verbose': False, 'lr_config': {'mode': 'log', 'steps': 5, 'initial_lr': 0.0005, 'target_lr': 0.0005}, 'batch_per_device': 128}",47.07734751701355,0,1,1274.4958281873207,1,13.051550388336182
0.018996477127075195,0.031613319734983804,0.000721430778503418,0.00178898569872922,0.02956256866455078,nan,0.0,0.048218822479248045,0.3406999856233597,1.9681695923805238,-0.3757999837398529,nan,0.0,nan,0.0,nan,0.0,0.32235997915267944,1.9688455048370361,nan,0.0,0.3757999837398529,1.8184755067825318,nan,0.0,60000,1,False,,,2,-1.9681695923805238,039b22cca28645b894a6d5ab1af72627,2019-06-06_14-20-34,1559856034,40.39363718032837,87.47098469734192,2124,steropes,169.229.49.254,"{'starting_lr': 0.0005, 'momentum': 0.99, 'weight_decay': 0.001, 'steps_per_iteration': None, 'pin': False, 'model_creator': None, 'target_batch_size': 128, 'model_string': 'resnet50', 'min_batch_size': 128, 'dataset': 'CIFAR', 'placement': None, 'use_nccl': True, 'devices_per_worker': 1, 'primary_resource': 'extra_gpu', 'gpu': False, 'verbose': False, 'lr_config': {'mode': 'log', 'steps': 5, 'initial_lr': 0.0005, 'target_lr': 0.0005}, 'batch_per_device': 128}",87.47098469734192,0,2,1371.8783287504975,1,13.051550388336182
0.016924357414245604,0.03394459470917907,0.0007153511047363281,0.0017867655400424967,0.02737405300140381,nan,0.0,0.04638574123382568,0.35969998439153034,1.8994137077331545,-0.3976999819278717,nan,0.0,nan,0.0,nan,0.0,0.37491998076438904,1.7904687039947509,nan,0.0,0.3976999819278717,1.7619019384384156,nan,0.0,60000,1,False,,,3,-1.8994137077331545,039b22cca28645b894a6d5ab1af72627,2019-06-06_14-21-14,1559856074,40.400338649749756,127.87132334709167,2124,steropes,169.229.49.254,"{'starting_lr': 0.0005, 'momentum': 0.99, 'weight_decay': 0.001, 'steps_per_iteration': None, 'pin': False, 'model_creator': None, 'target_batch_size': 128, 'model_string': 'resnet50', 'min_batch_size': 128, 'dataset': 'CIFAR', 'placement': None, 'use_nccl': True, 'devices_per_worker': 1, 'primary_resource': 'extra_gpu', 'gpu': False, 'verbose': False, 'lr_config': {'mode': 'log', 'steps': 5, 'initial_lr': 0.0005, 'target_lr': 0.0005}, 'batch_per_device': 128}",127.87132334709167,0,3,1407.6605318219626,1,13.051550388336182
0.017244458198547363,0.034827413438241694,0.0006766080856323242,0.0018086366336363966,0.02750840187072754,nan,0.0,0.04706294536590576,0.38119998574256897,1.9195878759384157,-0.4456999897956848,nan,0.0,nan,0.0,nan,0.0,0.4055199921131134,1.692463505935669,nan,0.0,0.4456999897956848,1.9801103805541993,nan,0.0,60000,1,False,,,4,-1.9195878759384157,039b22cca28645b894a6d5ab1af72627,2019-06-06_14-21-54,1559856114,40.085932970047,167.95725631713867,2124,steropes,169.229.49.254,"{'starting_lr': 0.0005, 'momentum': 0.99, 'weight_decay': 0.001, 'steps_per_iteration': None, 'pin': False, 'model_creator': None, 'target_batch_size': 128, 'model_string': 'resnet50', 'min_batch_size': 128, 'dataset': 'CIFAR', 'placement': None, 'use_nccl': True, 'devices_per_worker': 1, 'primary_resource': 'extra_gpu', 'gpu': False, 'verbose': False, 'lr_config': {'mode': 'log', 'steps': 5, 'initial_lr': 0.0005, 'target_lr': 0.0005}, 'batch_per_device': 128}",167.95725631713867,0,4,1428.930817381512,1,13.051550388336182
0.01787121295928955,0.034545626821397224,0.0007193803787231446,0.0017408647805528567,0.028511190414428712,nan,0.0,0.046905517578125,0.3825999855995178,1.9570167139816284,-0.38819998502731323,nan,0.0,nan,0.0,nan,0.0,0.4028399884700775,1.8516361098480225,nan,0.0,0.38819998502731323,2.10673206615448,nan,0.0,60000,1,False,,,5,-1.9570167139816284,039b22cca28645b894a6d5ab1af72627,2019-06-06_14-22-35,1559856155,40.364259243011475,208.32151556015015,2124,steropes,169.229.49.254,"{'starting_lr': 0.0005, 'momentum': 0.99, 'weight_decay': 0.001, 'steps_per_iteration': None, 'pin': False, 'model_creator': None, 'target_batch_size': 128, 'model_string': 'resnet50', 'min_batch_size': 128, 'dataset': 'CIFAR', 'placement': None, 'use_nccl': True, 'devices_per_worker': 1, 'primary_resource': 'extra_gpu', 'gpu': False, 'verbose': False, 'lr_config': {'mode': 'log', 'steps': 5, 'initial_lr': 0.0005, 'target_lr': 0.0005}, 'batch_per_device': 128}",208.32151556015015,0,5,1440.0777385104577,1,13.051550388336182
0.017401504516601562,0.03496260582646237,0.0007196187973022461,0.0017145088566538622,0.02825329303741455,nan,0.0,0.04720900058746338,0.41351998448371885,1.8767502801895144,-0.4601999819278717,nan,0.0,nan,0.0,nan,0.0,0.40814000368118286,1.7538699524688721,nan,0.0,0.4601999819278717,1.7165315090179443,nan,0.0,60000,1,False,,,6,-1.8767502801895144,039b22cca28645b894a6d5ab1af72627,2019-06-06_14-23-15,1559856195,40.455453395843506,248.77696895599365,2124,steropes,169.229.49.254,"{'starting_lr': 0.0005, 'momentum': 0.99, 'weight_decay': 0.001, 'steps_per_iteration': None, 'pin': False, 'model_creator': None, 'target_batch_size': 128, 'model_string': 'resnet50', 'min_batch_size': 128, 'dataset': 'CIFAR', 'placement': None, 'use_nccl': True, 'devices_per_worker': 1, 'primary_resource': 'extra_gpu', 'gpu': False, 'verbose': False, 'lr_config': {'mode': 'log', 'steps': 5, 'initial_lr': 0.0005, 'target_lr': 0.0005}, 'batch_per_device': 128}",248.77696895599365,0,6,1487.3561338423829,1,13.051550388336182
0.017865240573883057,0.06623091995716096,0.0007168054580688477,0.0033159231653018873,0.14808404445648193,nan,0.0,0.2023384213447571,0.4362399816513062,2.141299351234436,-0.4893999695777893,7.3313517570495605,7.3313517570495605,9.926581859588623,9.926581859588623,1.2667402029037476,1.2667402029037476,0.45187997817993164,1.5996872651481628,nan,0.0,0.4893999695777893,3.141220862007141,nan,0.0,60000,2,False,,,7,-2.141299351234436,039b22cca28645b894a6d5ab1af72627,2019-06-06_14-24-09,1559856249,33.895244121551514,282.67221307754517,11223,steropes,169.229.49.254,"{'starting_lr': 0.0005, 'momentum': 0.99, 'weight_decay': 0.001, 'steps_per_iteration': None, 'pin': False, 'model_creator': None, 'target_batch_size': 128, 'model_string': 'resnet50', 'min_batch_size': 128, 'dataset': 'CIFAR', 'placement': None, 'use_nccl': True, 'devices_per_worker': 1, 'primary_resource': 'extra_gpu', 'gpu': False, 'verbose': False, 'lr_config': {'mode': 'log', 'steps': 5, 'initial_lr': 0.0005, 'target_lr': 0.0007071067811865476}, 'batch_per_device': 128}",33.895244121551514,0,1,1770.146930749076,2,20.19074296951294
0.018244826793670656,0.03845019936561585,0.0006693601608276367,0.0031730155555569394,0.02958811521530151,nan,0.0,0.08113161325454712,0.4520199835300446,3.0536921197509765,-0.4765999913215637,nan,0.0,nan,0.0,nan,0.0,0.47509998083114624,1.5056578701782226,nan,0.0,0.4765999913215637,6.323865781021118,nan,0.0,60000,2,False,,,8,-3.0536921197509765,039b22cca28645b894a6d5ab1af72627,2019-06-06_14-24-37,1559856277,28.14836621284485,310.82057929039,11223,steropes,169.229.49.254,"{'starting_lr': 0.0005, 'momentum': 0.99, 'weight_decay': 0.001, 'steps_per_iteration': None, 'pin': False, 'model_creator': None, 'target_batch_size': 128, 'model_string': 'resnet50', 'min_batch_size': 128, 'dataset': 'CIFAR', 'placement': None, 'use_nccl': True, 'devices_per_worker': 1, 'primary_resource': 'extra_gpu', 'gpu': False, 'verbose': False, 'lr_config': {'mode': 'log', 'steps': 5, 'initial_lr': 0.0005, 'target_lr': 0.0007071067811865476}, 'batch_per_device': 128}",62.04361033439636,0,2,1934.1131961920976,2,20.19074296951294
0.017992115020751952,0.04007168710231781,0.000691831111907959,0.003113821452977706,0.028029930591583253,nan,0.0,0.0818051815032959,0.4645599782466888,3.216019996376038,-0.5083999633789062,nan,0.0,nan,0.0,nan,0.0,0.4863799810409546,1.4971534173583985,nan,0.0,0.5083999633789062,2.7917497636795043,nan,0.0,60000,2,True,,,9,-3.216019996376038,039b22cca28645b894a6d5ab1af72627,2019-06-06_14-25-06,1559856306,28.149948358535767,338.9705276489258,11223,steropes,169.229.49.254,"{'starting_lr': 0.0005, 'momentum': 0.99, 'weight_decay': 0.001, 'steps_per_iteration': None, 'pin': False, 'model_creator': None, 'target_batch_size': 128, 'model_string': 'resnet50', 'min_batch_size': 128, 'dataset': 'CIFAR', 'placement': None, 'use_nccl': True, 'devices_per_worker': 1, 'primary_resource': 'extra_gpu', 'gpu': False, 'verbose': False, 'lr_config': {'mode': 'log', 'steps': 5, 'initial_lr': 0.0005, 'target_lr': 0.0007071067811865476}, 'batch_per_device': 128}",90.19355869293213,0,3,1995.6989001731597,2,20.19074296951294
