{"apply": 0.01783409118652344, "batch_time": 0.04137375686742083, "d2h": 0.0006535530090332031, "data_time": 0.0018288961151981598, "fwd": 0.18846542835235597, "get_state_time_mean": NaN, "get_state_time_total": 0.0, "grad": 0.1975996971130371, "mean_accuracy": 0.30559998750686646, "mean_loss": 2.117863677978516, "neg_mean_accuracy": -0.30559998750686646, "set_state_time_mean": NaN, "set_state_time_total": 0.0, "setup_model_time_mean": 11.042753458023071, "setup_model_time_total": 11.042753458023071, "setup_proc_time_mean": 0.23737311363220215, "setup_proc_time_total": 0.23737311363220215, "train_accuracy": 0.21437999606132507, "train_loss": 2.426569210205078, "training_time_mean": NaN, "training_time_total": 0.0, "val_accuracy": 0.30559998750686646, "val_loss": 2.117863677978516, "validation_time_mean": NaN, "validation_time_total": 0.0, "samples": 60000, "num_workers": 1, "done": false, "timesteps_total": null, "episodes_total": null, "training_iteration": 1, "neg_mean_loss": -2.117863677978516, "experiment_id": "039b22cca28645b894a6d5ab1af72627", "date": "2019-06-06_14-19-53", "timestamp": 1559855993, "time_this_iter_s": 47.07734751701355, "time_total_s": 47.07734751701355, "pid": 2124, "hostname": "steropes", "node_ip": "169.229.49.254", "config": {"starting_lr": 0.0005, "momentum": 0.99, "weight_decay": 0.001, "steps_per_iteration": null, "pin": false, "model_creator": null, "target_batch_size": 128, "model_string": "resnet50", "min_batch_size": 128, "dataset": "CIFAR", "placement": null, "use_nccl": true, "devices_per_worker": 1, "primary_resource": "extra_gpu", "gpu": false, "verbose": false, "lr_config": {"mode": "log", "steps": 5, "initial_lr": 0.0005, "target_lr": 0.0005}, "batch_per_device": 128}, "time_since_restore": 47.07734751701355, "timesteps_since_restore": 0, "iterations_since_restore": 1, "mean_throughput": 1274.4958281873207, "atoms": 1, "setup_time": 13.051550388336182}
{"apply": 0.018996477127075195, "batch_time": 0.031613319734983804, "d2h": 0.000721430778503418, "data_time": 0.00178898569872922, "fwd": 0.02956256866455078, "get_state_time_mean": NaN, "get_state_time_total": 0.0, "grad": 0.048218822479248045, "mean_accuracy": 0.3406999856233597, "mean_loss": 1.9681695923805238, "neg_mean_accuracy": -0.3757999837398529, "set_state_time_mean": NaN, "set_state_time_total": 0.0, "setup_model_time_mean": NaN, "setup_model_time_total": 0.0, "setup_proc_time_mean": NaN, "setup_proc_time_total": 0.0, "train_accuracy": 0.32235997915267944, "train_loss": 1.9688455048370361, "training_time_mean": NaN, "training_time_total": 0.0, "val_accuracy": 0.3757999837398529, "val_loss": 1.8184755067825318, "validation_time_mean": NaN, "validation_time_total": 0.0, "samples": 60000, "num_workers": 1, "done": false, "timesteps_total": null, "episodes_total": null, "training_iteration": 2, "neg_mean_loss": -1.9681695923805238, "experiment_id": "039b22cca28645b894a6d5ab1af72627", "date": "2019-06-06_14-20-34", "timestamp": 1559856034, "time_this_iter_s": 40.39363718032837, "time_total_s": 87.47098469734192, "pid": 2124, "hostname": "steropes", "node_ip": "169.229.49.254", "config": {"starting_lr": 0.0005, "momentum": 0.99, "weight_decay": 0.001, "steps_per_iteration": null, "pin": false, "model_creator": null, "target_batch_size": 128, "model_string": "resnet50", "min_batch_size": 128, "dataset": "CIFAR", "placement": null, "use_nccl": true, "devices_per_worker": 1, "primary_resource": "extra_gpu", "gpu": false, "verbose": false, "lr_config": {"mode": "log", "steps": 5, "initial_lr": 0.0005, "target_lr": 0.0005}, "batch_per_device": 128}, "time_since_restore": 87.47098469734192, "timesteps_since_restore": 0, "iterations_since_restore": 2, "mean_throughput": 1371.8783287504975, "atoms": 1, "setup_time": 13.051550388336182}
{"apply": 0.016924357414245604, "batch_time": 0.03394459470917907, "d2h": 0.0007153511047363281, "data_time": 0.0017867655400424967, "fwd": 0.02737405300140381, "get_state_time_mean": NaN, "get_state_time_total": 0.0, "grad": 0.04638574123382568, "mean_accuracy": 0.35969998439153034, "mean_loss": 1.8994137077331545, "neg_mean_accuracy": -0.3976999819278717, "set_state_time_mean": NaN, "set_state_time_total": 0.0, "setup_model_time_mean": NaN, "setup_model_time_total": 0.0, "setup_proc_time_mean": NaN, "setup_proc_time_total": 0.0, "train_accuracy": 0.37491998076438904, "train_loss": 1.7904687039947509, "training_time_mean": NaN, "training_time_total": 0.0, "val_accuracy": 0.3976999819278717, "val_loss": 1.7619019384384156, "validation_time_mean": NaN, "validation_time_total": 0.0, "samples": 60000, "num_workers": 1, "done": false, "timesteps_total": null, "episodes_total": null, "training_iteration": 3, "neg_mean_loss": -1.8994137077331545, "experiment_id": "039b22cca28645b894a6d5ab1af72627", "date": "2019-06-06_14-21-14", "timestamp": 1559856074, "time_this_iter_s": 40.400338649749756, "time_total_s": 127.87132334709167, "pid": 2124, "hostname": "steropes", "node_ip": "169.229.49.254", "config": {"starting_lr": 0.0005, "momentum": 0.99, "weight_decay": 0.001, "steps_per_iteration": null, "pin": false, "model_creator": null, "target_batch_size": 128, "model_string": "resnet50", "min_batch_size": 128, "dataset": "CIFAR", "placement": null, "use_nccl": true, "devices_per_worker": 1, "primary_resource": "extra_gpu", "gpu": false, "verbose": false, "lr_config": {"mode": "log", "steps": 5, "initial_lr": 0.0005, "target_lr": 0.0005}, "batch_per_device": 128}, "time_since_restore": 127.87132334709167, "timesteps_since_restore": 0, "iterations_since_restore": 3, "mean_throughput": 1407.6605318219626, "atoms": 1, "setup_time": 13.051550388336182}
{"apply": 0.017244458198547363, "batch_time": 0.034827413438241694, "d2h": 0.0006766080856323242, "data_time": 0.0018086366336363966, "fwd": 0.02750840187072754, "get_state_time_mean": NaN, "get_state_time_total": 0.0, "grad": 0.04706294536590576, "mean_accuracy": 0.38119998574256897, "mean_loss": 1.9195878759384157, "neg_mean_accuracy": -0.4456999897956848, "set_state_time_mean": NaN, "set_state_time_total": 0.0, "setup_model_time_mean": NaN, "setup_model_time_total": 0.0, "setup_proc_time_mean": NaN, "setup_proc_time_total": 0.0, "train_accuracy": 0.4055199921131134, "train_loss": 1.692463505935669, "training_time_mean": NaN, "training_time_total": 0.0, "val_accuracy": 0.4456999897956848, "val_loss": 1.9801103805541993, "validation_time_mean": NaN, "validation_time_total": 0.0, "samples": 60000, "num_workers": 1, "done": false, "timesteps_total": null, "episodes_total": null, "training_iteration": 4, "neg_mean_loss": -1.9195878759384157, "experiment_id": "039b22cca28645b894a6d5ab1af72627", "date": "2019-06-06_14-21-54", "timestamp": 1559856114, "time_this_iter_s": 40.085932970047, "time_total_s": 167.95725631713867, "pid": 2124, "hostname": "steropes", "node_ip": "169.229.49.254", "config": {"starting_lr": 0.0005, "momentum": 0.99, "weight_decay": 0.001, "steps_per_iteration": null, "pin": false, "model_creator": null, "target_batch_size": 128, "model_string": "resnet50", "min_batch_size": 128, "dataset": "CIFAR", "placement": null, "use_nccl": true, "devices_per_worker": 1, "primary_resource": "extra_gpu", "gpu": false, "verbose": false, "lr_config": {"mode": "log", "steps": 5, "initial_lr": 0.0005, "target_lr": 0.0005}, "batch_per_device": 128}, "time_since_restore": 167.95725631713867, "timesteps_since_restore": 0, "iterations_since_restore": 4, "mean_throughput": 1428.930817381512, "atoms": 1, "setup_time": 13.051550388336182}
{"apply": 0.01787121295928955, "batch_time": 0.034545626821397224, "d2h": 0.0007193803787231446, "data_time": 0.0017408647805528567, "fwd": 0.028511190414428712, "get_state_time_mean": NaN, "get_state_time_total": 0.0, "grad": 0.046905517578125, "mean_accuracy": 0.3825999855995178, "mean_loss": 1.9570167139816284, "neg_mean_accuracy": -0.38819998502731323, "set_state_time_mean": NaN, "set_state_time_total": 0.0, "setup_model_time_mean": NaN, "setup_model_time_total": 0.0, "setup_proc_time_mean": NaN, "setup_proc_time_total": 0.0, "train_accuracy": 0.4028399884700775, "train_loss": 1.8516361098480225, "training_time_mean": NaN, "training_time_total": 0.0, "val_accuracy": 0.38819998502731323, "val_loss": 2.10673206615448, "validation_time_mean": NaN, "validation_time_total": 0.0, "samples": 60000, "num_workers": 1, "done": false, "timesteps_total": null, "episodes_total": null, "training_iteration": 5, "neg_mean_loss": -1.9570167139816284, "experiment_id": "039b22cca28645b894a6d5ab1af72627", "date": "2019-06-06_14-22-35", "timestamp": 1559856155, "time_this_iter_s": 40.364259243011475, "time_total_s": 208.32151556015015, "pid": 2124, "hostname": "steropes", "node_ip": "169.229.49.254", "config": {"starting_lr": 0.0005, "momentum": 0.99, "weight_decay": 0.001, "steps_per_iteration": null, "pin": false, "model_creator": null, "target_batch_size": 128, "model_string": "resnet50", "min_batch_size": 128, "dataset": "CIFAR", "placement": null, "use_nccl": true, "devices_per_worker": 1, "primary_resource": "extra_gpu", "gpu": false, "verbose": false, "lr_config": {"mode": "log", "steps": 5, "initial_lr": 0.0005, "target_lr": 0.0005}, "batch_per_device": 128}, "time_since_restore": 208.32151556015015, "timesteps_since_restore": 0, "iterations_since_restore": 5, "mean_throughput": 1440.0777385104577, "atoms": 1, "setup_time": 13.051550388336182}
{"apply": 0.017401504516601562, "batch_time": 0.03496260582646237, "d2h": 0.0007196187973022461, "data_time": 0.0017145088566538622, "fwd": 0.02825329303741455, "get_state_time_mean": NaN, "get_state_time_total": 0.0, "grad": 0.04720900058746338, "mean_accuracy": 0.41351998448371885, "mean_loss": 1.8767502801895144, "neg_mean_accuracy": -0.4601999819278717, "set_state_time_mean": NaN, "set_state_time_total": 0.0, "setup_model_time_mean": NaN, "setup_model_time_total": 0.0, "setup_proc_time_mean": NaN, "setup_proc_time_total": 0.0, "train_accuracy": 0.40814000368118286, "train_loss": 1.7538699524688721, "training_time_mean": NaN, "training_time_total": 0.0, "val_accuracy": 0.4601999819278717, "val_loss": 1.7165315090179443, "validation_time_mean": NaN, "validation_time_total": 0.0, "samples": 60000, "num_workers": 1, "done": false, "timesteps_total": null, "episodes_total": null, "training_iteration": 6, "neg_mean_loss": -1.8767502801895144, "experiment_id": "039b22cca28645b894a6d5ab1af72627", "date": "2019-06-06_14-23-15", "timestamp": 1559856195, "time_this_iter_s": 40.455453395843506, "time_total_s": 248.77696895599365, "pid": 2124, "hostname": "steropes", "node_ip": "169.229.49.254", "config": {"starting_lr": 0.0005, "momentum": 0.99, "weight_decay": 0.001, "steps_per_iteration": null, "pin": false, "model_creator": null, "target_batch_size": 128, "model_string": "resnet50", "min_batch_size": 128, "dataset": "CIFAR", "placement": null, "use_nccl": true, "devices_per_worker": 1, "primary_resource": "extra_gpu", "gpu": false, "verbose": false, "lr_config": {"mode": "log", "steps": 5, "initial_lr": 0.0005, "target_lr": 0.0005}, "batch_per_device": 128}, "time_since_restore": 248.77696895599365, "timesteps_since_restore": 0, "iterations_since_restore": 6, "mean_throughput": 1487.3561338423829, "atoms": 1, "setup_time": 13.051550388336182}
{"apply": 0.017865240573883057, "batch_time": 0.06623091995716096, "d2h": 0.0007168054580688477, "data_time": 0.0033159231653018873, "fwd": 0.14808404445648193, "get_state_time_mean": NaN, "get_state_time_total": 0.0, "grad": 0.2023384213447571, "mean_accuracy": 0.4362399816513062, "mean_loss": 2.141299351234436, "neg_mean_accuracy": -0.4893999695777893, "set_state_time_mean": 7.3313517570495605, "set_state_time_total": 7.3313517570495605, "setup_model_time_mean": 9.926581859588623, "setup_model_time_total": 9.926581859588623, "setup_proc_time_mean": 1.2667402029037476, "setup_proc_time_total": 1.2667402029037476, "train_accuracy": 0.45187997817993164, "train_loss": 1.5996872651481628, "training_time_mean": NaN, "training_time_total": 0.0, "val_accuracy": 0.4893999695777893, "val_loss": 3.141220862007141, "validation_time_mean": NaN, "validation_time_total": 0.0, "samples": 60000, "num_workers": 2, "done": false, "timesteps_total": null, "episodes_total": null, "training_iteration": 7, "neg_mean_loss": -2.141299351234436, "experiment_id": "039b22cca28645b894a6d5ab1af72627", "date": "2019-06-06_14-24-09", "timestamp": 1559856249, "time_this_iter_s": 33.895244121551514, "time_total_s": 282.67221307754517, "pid": 11223, "hostname": "steropes", "node_ip": "169.229.49.254", "config": {"starting_lr": 0.0005, "momentum": 0.99, "weight_decay": 0.001, "steps_per_iteration": null, "pin": false, "model_creator": null, "target_batch_size": 128, "model_string": "resnet50", "min_batch_size": 128, "dataset": "CIFAR", "placement": null, "use_nccl": true, "devices_per_worker": 1, "primary_resource": "extra_gpu", "gpu": false, "verbose": false, "lr_config": {"mode": "log", "steps": 5, "initial_lr": 0.0005, "target_lr": 0.0007071067811865476}, "batch_per_device": 128}, "time_since_restore": 33.895244121551514, "timesteps_since_restore": 0, "iterations_since_restore": 1, "mean_throughput": 1770.146930749076, "atoms": 2, "setup_time": 20.19074296951294}
{"apply": 0.018244826793670656, "batch_time": 0.03845019936561585, "d2h": 0.0006693601608276367, "data_time": 0.0031730155555569394, "fwd": 0.02958811521530151, "get_state_time_mean": NaN, "get_state_time_total": 0.0, "grad": 0.08113161325454712, "mean_accuracy": 0.4520199835300446, "mean_loss": 3.0536921197509765, "neg_mean_accuracy": -0.4765999913215637, "set_state_time_mean": NaN, "set_state_time_total": 0.0, "setup_model_time_mean": NaN, "setup_model_time_total": 0.0, "setup_proc_time_mean": NaN, "setup_proc_time_total": 0.0, "train_accuracy": 0.47509998083114624, "train_loss": 1.5056578701782226, "training_time_mean": NaN, "training_time_total": 0.0, "val_accuracy": 0.4765999913215637, "val_loss": 6.323865781021118, "validation_time_mean": NaN, "validation_time_total": 0.0, "samples": 60000, "num_workers": 2, "done": false, "timesteps_total": null, "episodes_total": null, "training_iteration": 8, "neg_mean_loss": -3.0536921197509765, "experiment_id": "039b22cca28645b894a6d5ab1af72627", "date": "2019-06-06_14-24-37", "timestamp": 1559856277, "time_this_iter_s": 28.14836621284485, "time_total_s": 310.82057929039, "pid": 11223, "hostname": "steropes", "node_ip": "169.229.49.254", "config": {"starting_lr": 0.0005, "momentum": 0.99, "weight_decay": 0.001, "steps_per_iteration": null, "pin": false, "model_creator": null, "target_batch_size": 128, "model_string": "resnet50", "min_batch_size": 128, "dataset": "CIFAR", "placement": null, "use_nccl": true, "devices_per_worker": 1, "primary_resource": "extra_gpu", "gpu": false, "verbose": false, "lr_config": {"mode": "log", "steps": 5, "initial_lr": 0.0005, "target_lr": 0.0007071067811865476}, "batch_per_device": 128}, "time_since_restore": 62.04361033439636, "timesteps_since_restore": 0, "iterations_since_restore": 2, "mean_throughput": 1934.1131961920976, "atoms": 2, "setup_time": 20.19074296951294}
{"apply": 0.017992115020751952, "batch_time": 0.04007168710231781, "d2h": 0.000691831111907959, "data_time": 0.003113821452977706, "fwd": 0.028029930591583253, "get_state_time_mean": NaN, "get_state_time_total": 0.0, "grad": 0.0818051815032959, "mean_accuracy": 0.4645599782466888, "mean_loss": 3.216019996376038, "neg_mean_accuracy": -0.5083999633789062, "set_state_time_mean": NaN, "set_state_time_total": 0.0, "setup_model_time_mean": NaN, "setup_model_time_total": 0.0, "setup_proc_time_mean": NaN, "setup_proc_time_total": 0.0, "train_accuracy": 0.4863799810409546, "train_loss": 1.4971534173583985, "training_time_mean": NaN, "training_time_total": 0.0, "val_accuracy": 0.5083999633789062, "val_loss": 2.7917497636795043, "validation_time_mean": NaN, "validation_time_total": 0.0, "samples": 60000, "num_workers": 2, "done": true, "timesteps_total": null, "episodes_total": null, "training_iteration": 9, "neg_mean_loss": -3.216019996376038, "experiment_id": "039b22cca28645b894a6d5ab1af72627", "date": "2019-06-06_14-25-06", "timestamp": 1559856306, "time_this_iter_s": 28.149948358535767, "time_total_s": 338.9705276489258, "pid": 11223, "hostname": "steropes", "node_ip": "169.229.49.254", "config": {"starting_lr": 0.0005, "momentum": 0.99, "weight_decay": 0.001, "steps_per_iteration": null, "pin": false, "model_creator": null, "target_batch_size": 128, "model_string": "resnet50", "min_batch_size": 128, "dataset": "CIFAR", "placement": null, "use_nccl": true, "devices_per_worker": 1, "primary_resource": "extra_gpu", "gpu": false, "verbose": false, "lr_config": {"mode": "log", "steps": 5, "initial_lr": 0.0005, "target_lr": 0.0007071067811865476}, "batch_per_device": 128}, "time_since_restore": 90.19355869293213, "timesteps_since_restore": 0, "iterations_since_restore": 3, "mean_throughput": 1995.6989001731597, "atoms": 2, "setup_time": 20.19074296951294}
