{"apply": 0.01809399127960205, "batch_time": 0.04265990740136255, "d2h": 0.0006879329681396485, "data_time": 0.001948396872986308, "fwd": 0.11948256492614746, "get_state_time_mean": NaN, "get_state_time_total": 0.0, "grad": 0.21329183578491212, "mean_accuracy": 0.17389999330043793, "mean_loss": 2.1828214443206786, "neg_mean_accuracy": -0.17389999330043793, "set_state_time_mean": NaN, "set_state_time_total": 0.0, "setup_model_time_mean": 11.263537645339966, "setup_model_time_total": 11.263537645339966, "setup_proc_time_mean": 0.29397082328796387, "setup_proc_time_total": 0.29397082328796387, "train_accuracy": 0.13529999554157257, "train_loss": 4.724885241851807, "training_time_mean": NaN, "training_time_total": 0.0, "val_accuracy": 0.17389999330043793, "val_loss": 2.1828214443206786, "validation_time_mean": NaN, "validation_time_total": 0.0, "samples": 60000, "num_workers": 1, "done": false, "timesteps_total": null, "episodes_total": null, "training_iteration": 1, "neg_mean_loss": -2.1828214443206786, "experiment_id": "397df0898b7a464eb18be10bbbb48904", "date": "2019-06-03_03-39-44", "timestamp": 1559558384, "time_this_iter_s": 48.10251069068909, "time_total_s": 48.10251069068909, "pid": 18721, "hostname": "steropes", "node_ip": "169.229.49.254", "config": {"starting_lr": 0.1, "momentum": 0.95, "weight_decay": 0.0005, "steps_per_iteration": null, "pin": false, "model_creator": null, "target_batch_size": 128, "model_string": "resnet50", "min_batch_size": 128, "dataset": "CIFAR", "placement": null, "use_nccl": true, "devices_per_worker": 1, "primary_resource": "extra_gpu", "gpu": false, "verbose": false, "lr_config": {"mode": "log", "steps": 5, "initial_lr": 0.1, "target_lr": 0.1}, "batch_per_device": 128}, "time_since_restore": 48.10251069068909, "timesteps_since_restore": 0, "iterations_since_restore": 1, "mean_throughput": 1247.3339265191269, "atoms": 1, "setup_time": 13.234115362167358}
{"apply": 0.018374872207641602, "batch_time": 0.03218680393846729, "d2h": 0.0006530523300170898, "data_time": 0.0018672912626925026, "fwd": 0.02829868793487549, "get_state_time_mean": NaN, "get_state_time_total": 0.0, "grad": 0.0487971305847168, "mean_accuracy": 0.20729999244213104, "mean_loss": 2.1171440895080567, "neg_mean_accuracy": -0.24069999158382416, "set_state_time_mean": NaN, "set_state_time_total": 0.0, "setup_model_time_mean": NaN, "setup_model_time_total": 0.0, "setup_proc_time_mean": NaN, "setup_proc_time_total": 0.0, "train_accuracy": 0.19259999692440033, "train_loss": 2.1351485563659667, "training_time_mean": NaN, "training_time_total": 0.0, "val_accuracy": 0.24069999158382416, "val_loss": 2.0514667346954347, "validation_time_mean": NaN, "validation_time_total": 0.0, "samples": 60000, "num_workers": 1, "done": false, "timesteps_total": null, "episodes_total": null, "training_iteration": 2, "neg_mean_loss": -2.1171440895080567, "experiment_id": "397df0898b7a464eb18be10bbbb48904", "date": "2019-06-03_03-40-25", "timestamp": 1559558425, "time_this_iter_s": 41.90732932090759, "time_total_s": 90.00984001159668, "pid": 18721, "hostname": "steropes", "node_ip": "169.229.49.254", "config": {"starting_lr": 0.1, "momentum": 0.95, "weight_decay": 0.0005, "steps_per_iteration": null, "pin": false, "model_creator": null, "target_batch_size": 128, "model_string": "resnet50", "min_batch_size": 128, "dataset": "CIFAR", "placement": null, "use_nccl": true, "devices_per_worker": 1, "primary_resource": "extra_gpu", "gpu": false, "verbose": false, "lr_config": {"mode": "log", "steps": 5, "initial_lr": 0.1, "target_lr": 0.1}, "batch_per_device": 128}, "time_since_restore": 90.00984001159668, "timesteps_since_restore": 0, "iterations_since_restore": 2, "mean_throughput": 1333.185124095989, "atoms": 1, "setup_time": 13.234115362167358}
{"apply": 0.018314337730407713, "batch_time": 0.03257930127880241, "d2h": 0.00080413818359375, "data_time": 0.0018585185565607018, "fwd": 0.02825784683227539, "get_state_time_mean": NaN, "get_state_time_total": 0.0, "grad": 0.04907388687133789, "mean_accuracy": 0.23106666405995688, "mean_loss": 2.0628589576721192, "neg_mean_accuracy": -0.2786000072956085, "set_state_time_mean": NaN, "set_state_time_total": 0.0, "setup_model_time_mean": NaN, "setup_model_time_total": 0.0, "setup_proc_time_mean": NaN, "setup_proc_time_total": 0.0, "train_accuracy": 0.23909999430179596, "train_loss": 2.0292614628601076, "training_time_mean": NaN, "training_time_total": 0.0, "val_accuracy": 0.2786000072956085, "val_loss": 1.9542886940002442, "validation_time_mean": NaN, "validation_time_total": 0.0, "samples": 60000, "num_workers": 1, "done": true, "timesteps_total": null, "episodes_total": null, "training_iteration": 3, "neg_mean_loss": -2.0628589576721192, "experiment_id": "397df0898b7a464eb18be10bbbb48904", "date": "2019-06-03_03-41-07", "timestamp": 1559558467, "time_this_iter_s": 41.66288948059082, "time_total_s": 131.6727294921875, "pid": 18721, "hostname": "steropes", "node_ip": "169.229.49.254", "config": {"starting_lr": 0.1, "momentum": 0.95, "weight_decay": 0.0005, "steps_per_iteration": null, "pin": false, "model_creator": null, "target_batch_size": 128, "model_string": "resnet50", "min_batch_size": 128, "dataset": "CIFAR", "placement": null, "use_nccl": true, "devices_per_worker": 1, "primary_resource": "extra_gpu", "gpu": false, "verbose": false, "lr_config": {"mode": "log", "steps": 5, "initial_lr": 0.1, "target_lr": 0.1}, "batch_per_device": 128}, "time_since_restore": 131.6727294921875, "timesteps_since_restore": 0, "iterations_since_restore": 3, "mean_throughput": 1367.020932739076, "atoms": 1, "setup_time": 13.234115362167358}
