{"apply": 0.01905972957611084, "batch_time": 0.04077956344507917, "d2h": 0.000655364990234375, "data_time": 0.0018258448451986093, "fwd": 0.11628174781799316, "get_state_time_mean": NaN, "get_state_time_total": 0.0, "grad": 0.16663448810577391, "mean_accuracy": 0.1639999896287918, "mean_loss": 2.2710485160827636, "neg_mean_accuracy": -0.1639999896287918, "set_state_time_mean": NaN, "set_state_time_total": 0.0, "setup_model_time_mean": 9.892095804214478, "setup_model_time_total": 9.892095804214478, "setup_proc_time_mean": 0.18415427207946777, "setup_proc_time_total": 0.18415427207946777, "train_accuracy": 0.12303999811410904, "train_loss": 2.617246755142212, "training_time_mean": NaN, "training_time_total": 0.0, "val_accuracy": 0.1639999896287918, "val_loss": 2.2710485160827636, "validation_time_mean": NaN, "validation_time_total": 0.0, "samples": 60000, "num_workers": 1, "done": false, "timesteps_total": null, "episodes_total": null, "training_iteration": 1, "neg_mean_loss": -2.2710485160827636, "experiment_id": "f3d8f930f25047bb98d89c8438613c55", "date": "2019-06-06_07-15-59", "timestamp": 1559830559, "time_this_iter_s": 46.51855254173279, "time_total_s": 46.51855254173279, "pid": 14915, "hostname": "steropes", "node_ip": "169.229.49.254", "config": {"starting_lr": 0.0001, "momentum": 0.95, "weight_decay": 0.005, "steps_per_iteration": null, "pin": false, "model_creator": null, "target_batch_size": 128, "model_string": "resnet50", "min_batch_size": 128, "dataset": "CIFAR", "placement": null, "use_nccl": true, "devices_per_worker": 1, "primary_resource": "extra_gpu", "gpu": false, "verbose": false, "lr_config": {"mode": "log", "steps": 5, "initial_lr": 0.0001, "target_lr": 0.0001}, "batch_per_device": 128}, "time_since_restore": 46.51855254173279, "timesteps_since_restore": 0, "iterations_since_restore": 1, "mean_throughput": 1289.8056204849215, "atoms": 1, "setup_time": 10.433148860931396}
{"apply": 0.01821281909942627, "batch_time": 0.03178833707978454, "d2h": 0.0006607770919799805, "data_time": 0.001854606296705163, "fwd": 0.027937889099121094, "get_state_time_mean": NaN, "get_state_time_total": 0.0, "grad": 0.04700191020965576, "mean_accuracy": 0.19054999202489853, "mean_loss": 2.197342692565918, "neg_mean_accuracy": -0.21709999442100525, "set_state_time_mean": NaN, "set_state_time_total": 0.0, "setup_model_time_mean": NaN, "setup_model_time_total": 0.0, "setup_proc_time_mean": NaN, "setup_proc_time_total": 0.0, "train_accuracy": 0.17447999119758606, "train_loss": 2.2331861559295656, "training_time_mean": NaN, "training_time_total": 0.0, "val_accuracy": 0.21709999442100525, "val_loss": 2.123636869049072, "validation_time_mean": NaN, "validation_time_total": 0.0, "samples": 60000, "num_workers": 1, "done": true, "timesteps_total": null, "episodes_total": null, "training_iteration": 2, "neg_mean_loss": -2.197342692565918, "experiment_id": "f3d8f930f25047bb98d89c8438613c55", "date": "2019-06-06_07-16-40", "timestamp": 1559830600, "time_this_iter_s": 40.600566387176514, "time_total_s": 87.1191189289093, "pid": 14915, "hostname": "steropes", "node_ip": "169.229.49.254", "config": {"starting_lr": 0.0001, "momentum": 0.95, "weight_decay": 0.005, "steps_per_iteration": null, "pin": false, "model_creator": null, "target_batch_size": 128, "model_string": "resnet50", "min_batch_size": 128, "dataset": "CIFAR", "placement": null, "use_nccl": true, "devices_per_worker": 1, "primary_resource": "extra_gpu", "gpu": false, "verbose": false, "lr_config": {"mode": "log", "steps": 5, "initial_lr": 0.0001, "target_lr": 0.0001}, "batch_per_device": 128}, "time_since_restore": 87.1191189289093, "timesteps_since_restore": 0, "iterations_since_restore": 2, "mean_throughput": 1377.4216769916407, "atoms": 1, "setup_time": 10.433148860931396}
