{"apply": 0.01819288730621338, "batch_time": 0.04136447665057605, "d2h": 0.0007576942443847656, "data_time": 0.0018873915952794691, "fwd": 0.14994680881500244, "get_state_time_mean": NaN, "get_state_time_total": 0.0, "grad": 0.287563681602478, "mean_accuracy": 0.09999999403953552, "mean_loss": 2.4008597579956055, "neg_mean_accuracy": -0.09999999403953552, "set_state_time_mean": NaN, "set_state_time_total": 0.0, "setup_model_time_mean": 20.11531138420105, "setup_model_time_total": 20.11531138420105, "setup_proc_time_mean": 1.8475425243377686, "setup_proc_time_total": 1.8475425243377686, "train_accuracy": 0.09925999492406845, "train_loss": 4.838015939483642, "training_time_mean": NaN, "training_time_total": 0.0, "val_accuracy": 0.09999999403953552, "val_loss": 2.4008597579956055, "validation_time_mean": NaN, "validation_time_total": 0.0, "samples": 60000, "num_workers": 1, "done": false, "timesteps_total": null, "episodes_total": null, "training_iteration": 1, "neg_mean_loss": -2.4008597579956055, "experiment_id": "92b021191b444d7baf1631ae9992630e", "date": "2019-06-06_13-16-48", "timestamp": 1559852208, "time_this_iter_s": 49.30700159072876, "time_total_s": 49.30700159072876, "pid": 11387, "hostname": "steropes", "node_ip": "169.229.49.254", "config": {"starting_lr": 1.0, "momentum": 0.9, "weight_decay": 0.001, "steps_per_iteration": null, "pin": false, "model_creator": null, "target_batch_size": 128, "model_string": "resnet50", "min_batch_size": 128, "dataset": "CIFAR", "placement": null, "use_nccl": true, "devices_per_worker": 1, "primary_resource": "extra_gpu", "gpu": false, "verbose": false, "lr_config": {"mode": "log", "steps": 5, "initial_lr": 1.0, "target_lr": 1.0}, "batch_per_device": 128}, "time_since_restore": 49.30700159072876, "timesteps_since_restore": 0, "iterations_since_restore": 1, "mean_throughput": 1216.8635077798624, "atoms": 1, "setup_time": 23.60018515586853}
{"apply": 0.01811673641204834, "batch_time": 0.03190537344051313, "d2h": 0.0007013797760009766, "data_time": 0.0018067841639604104, "fwd": 0.02786288261413574, "get_state_time_mean": NaN, "get_state_time_total": 0.0, "grad": 0.0493980884552002, "mean_accuracy": 0.14069999754428864, "mean_loss": 3.0486254327774045, "neg_mean_accuracy": -0.18140000104904175, "set_state_time_mean": NaN, "set_state_time_total": 0.0, "setup_model_time_mean": NaN, "setup_model_time_total": 0.0, "setup_proc_time_mean": NaN, "setup_proc_time_total": 0.0, "train_accuracy": 0.16895999014377594, "train_loss": 2.2495265171051027, "training_time_mean": NaN, "training_time_total": 0.0, "val_accuracy": 0.18140000104904175, "val_loss": 3.696391107559204, "validation_time_mean": NaN, "validation_time_total": 0.0, "samples": 60000, "num_workers": 1, "done": false, "timesteps_total": null, "episodes_total": null, "training_iteration": 2, "neg_mean_loss": -3.0486254327774045, "experiment_id": "92b021191b444d7baf1631ae9992630e", "date": "2019-06-06_13-17-30", "timestamp": 1559852250, "time_this_iter_s": 41.58574628829956, "time_total_s": 90.89274787902832, "pid": 11387, "hostname": "steropes", "node_ip": "169.229.49.254", "config": {"starting_lr": 1.0, "momentum": 0.9, "weight_decay": 0.001, "steps_per_iteration": null, "pin": false, "model_creator": null, "target_batch_size": 128, "model_string": "resnet50", "min_batch_size": 128, "dataset": "CIFAR", "placement": null, "use_nccl": true, "devices_per_worker": 1, "primary_resource": "extra_gpu", "gpu": false, "verbose": false, "lr_config": {"mode": "log", "steps": 5, "initial_lr": 1.0, "target_lr": 1.0}, "batch_per_device": 128}, "time_since_restore": 90.89274787902832, "timesteps_since_restore": 0, "iterations_since_restore": 2, "mean_throughput": 1320.233859612434, "atoms": 1, "setup_time": 23.60018515586853}
{"apply": 0.01844494342803955, "batch_time": 0.03437326226053359, "d2h": 0.0008130550384521484, "data_time": 0.0018499976838641154, "fwd": 0.028499317169189454, "get_state_time_mean": NaN, "get_state_time_total": 0.0, "grad": 0.04971885681152344, "mean_accuracy": 0.12713332970937094, "mean_loss": 3.068289532089233, "neg_mean_accuracy": -0.09999999403953552, "set_state_time_mean": NaN, "set_state_time_total": 0.0, "setup_model_time_mean": NaN, "setup_model_time_total": 0.0, "setup_proc_time_mean": NaN, "setup_proc_time_total": 0.0, "train_accuracy": 0.1780799925327301, "train_loss": 2.181889874725342, "training_time_mean": NaN, "training_time_total": 0.0, "val_accuracy": 0.09999999403953552, "val_loss": 3.1076177307128905, "validation_time_mean": NaN, "validation_time_total": 0.0, "samples": 60000, "num_workers": 1, "done": true, "timesteps_total": null, "episodes_total": null, "training_iteration": 3, "neg_mean_loss": -3.068289532089233, "experiment_id": "92b021191b444d7baf1631ae9992630e", "date": "2019-06-06_13-18-11", "timestamp": 1559852291, "time_this_iter_s": 41.59509801864624, "time_total_s": 132.48784589767456, "pid": 11387, "hostname": "steropes", "node_ip": "169.229.49.254", "config": {"starting_lr": 1.0, "momentum": 0.9, "weight_decay": 0.001, "steps_per_iteration": null, "pin": false, "model_creator": null, "target_batch_size": 128, "model_string": "resnet50", "min_batch_size": 128, "dataset": "CIFAR", "placement": null, "use_nccl": true, "devices_per_worker": 1, "primary_resource": "extra_gpu", "gpu": false, "verbose": false, "lr_config": {"mode": "log", "steps": 5, "initial_lr": 1.0, "target_lr": 1.0}, "batch_per_device": 128}, "time_since_restore": 132.48784589767456, "timesteps_since_restore": 0, "iterations_since_restore": 3, "mean_throughput": 1358.6118703896302, "atoms": 1, "setup_time": 23.60018515586853}
