{"apply": 0.017409372329711913, "batch_time": 0.04636326620850382, "d2h": 0.0007483243942260742, "data_time": 0.001961171474603131, "fwd": 0.11621737480163574, "get_state_time_mean": NaN, "get_state_time_total": 0.0, "grad": 0.1653904914855957, "mean_accuracy": 0.23169998824596405, "mean_loss": 2.077621213912964, "neg_mean_accuracy": -0.23169998824596405, "set_state_time_mean": NaN, "set_state_time_total": 0.0, "setup_model_time_mean": 10.007359266281128, "setup_model_time_total": 10.007359266281128, "setup_proc_time_mean": 0.14126133918762207, "setup_proc_time_total": 0.14126133918762207, "train_accuracy": 0.16849999129772186, "train_loss": 4.2009673557281495, "training_time_mean": NaN, "training_time_total": 0.0, "val_accuracy": 0.23169998824596405, "val_loss": 2.077621213912964, "validation_time_mean": NaN, "validation_time_total": 0.0, "samples": 60000, "num_workers": 1, "done": false, "timesteps_total": null, "episodes_total": null, "training_iteration": 1, "neg_mean_loss": -2.077621213912964, "experiment_id": "94073342912c442485cf285338bee4ed", "date": "2019-06-02_20-17-00", "timestamp": 1559531820, "time_this_iter_s": 47.1184937953949, "time_total_s": 47.1184937953949, "pid": 18841, "hostname": "steropes", "node_ip": "169.229.49.254", "config": {"starting_lr": 0.1, "momentum": 0.95, "weight_decay": 0.005, "steps_per_iteration": null, "pin": false, "model_creator": null, "target_batch_size": 128, "model_string": "resnet50", "min_batch_size": 128, "dataset": "CIFAR", "placement": null, "use_nccl": true, "devices_per_worker": 1, "primary_resource": "extra_gpu", "gpu": false, "verbose": false, "lr_config": {"mode": "log", "steps": 5, "initial_lr": 0.1, "target_lr": 0.1}, "batch_per_device": 128}, "time_since_restore": 47.1184937953949, "timesteps_since_restore": 0, "iterations_since_restore": 1, "mean_throughput": 1273.3819926932176, "atoms": 1, "setup_time": 10.265419006347656}
{"apply": 0.018213987350463867, "batch_time": 0.03270956534373609, "d2h": 0.000760197639465332, "data_time": 0.0018501348812561816, "fwd": 0.028259897232055665, "get_state_time_mean": NaN, "get_state_time_total": 0.0, "grad": 0.04757986068725586, "mean_accuracy": 0.2501499876379967, "mean_loss": 2.0302218463897708, "neg_mean_accuracy": -0.2685999870300293, "set_state_time_mean": NaN, "set_state_time_total": 0.0, "setup_model_time_mean": NaN, "setup_model_time_total": 0.0, "setup_proc_time_mean": NaN, "setup_proc_time_total": 0.0, "train_accuracy": 0.2779799997806549, "train_loss": 1.9122787931060792, "training_time_mean": NaN, "training_time_total": 0.0, "val_accuracy": 0.2685999870300293, "val_loss": 1.9828224788665771, "validation_time_mean": NaN, "validation_time_total": 0.0, "samples": 60000, "num_workers": 1, "done": false, "timesteps_total": null, "episodes_total": null, "training_iteration": 2, "neg_mean_loss": -2.0302218463897708, "experiment_id": "94073342912c442485cf285338bee4ed", "date": "2019-06-02_20-17-42", "timestamp": 1559531862, "time_this_iter_s": 41.53210163116455, "time_total_s": 88.65059542655945, "pid": 18841, "hostname": "steropes", "node_ip": "169.229.49.254", "config": {"starting_lr": 0.1, "momentum": 0.95, "weight_decay": 0.005, "steps_per_iteration": null, "pin": false, "model_creator": null, "target_batch_size": 128, "model_string": "resnet50", "min_batch_size": 128, "dataset": "CIFAR", "placement": null, "use_nccl": true, "devices_per_worker": 1, "primary_resource": "extra_gpu", "gpu": false, "verbose": false, "lr_config": {"mode": "log", "steps": 5, "initial_lr": 0.1, "target_lr": 0.1}, "batch_per_device": 128}, "time_since_restore": 88.65059542655945, "timesteps_since_restore": 0, "iterations_since_restore": 2, "mean_throughput": 1353.6256537941717, "atoms": 1, "setup_time": 10.265419006347656}
{"apply": 0.018345046043395995, "batch_time": 0.03580890727948539, "d2h": 0.0008173942565917969, "data_time": 0.001875828599076137, "fwd": 0.028519105911254884, "get_state_time_mean": NaN, "get_state_time_total": 0.0, "grad": 0.04829721450805664, "mean_accuracy": 0.26106666028499603, "mean_loss": 1.9623022412618003, "neg_mean_accuracy": -0.28290000557899475, "set_state_time_mean": NaN, "set_state_time_total": 0.0, "setup_model_time_mean": NaN, "setup_model_time_total": 0.0, "setup_proc_time_mean": NaN, "setup_proc_time_total": 0.0, "train_accuracy": 0.3016200065612793, "train_loss": 1.8622358646392823, "training_time_mean": NaN, "training_time_total": 0.0, "val_accuracy": 0.28290000557899475, "val_loss": 1.8264630310058594, "validation_time_mean": NaN, "validation_time_total": 0.0, "samples": 60000, "num_workers": 1, "done": true, "timesteps_total": null, "episodes_total": null, "training_iteration": 3, "neg_mean_loss": -1.9623022412618003, "experiment_id": "94073342912c442485cf285338bee4ed", "date": "2019-06-02_20-18-23", "timestamp": 1559531903, "time_this_iter_s": 41.551244258880615, "time_total_s": 130.20183968544006, "pid": 18841, "hostname": "steropes", "node_ip": "169.229.49.254", "config": {"starting_lr": 0.1, "momentum": 0.95, "weight_decay": 0.005, "steps_per_iteration": null, "pin": false, "model_creator": null, "target_batch_size": 128, "model_string": "resnet50", "min_batch_size": 128, "dataset": "CIFAR", "placement": null, "use_nccl": true, "devices_per_worker": 1, "primary_resource": "extra_gpu", "gpu": false, "verbose": false, "lr_config": {"mode": "log", "steps": 5, "initial_lr": 0.1, "target_lr": 0.1}, "batch_per_device": 128}, "time_since_restore": 130.20183968544006, "timesteps_since_restore": 0, "iterations_since_restore": 3, "mean_throughput": 1382.4659126738088, "atoms": 1, "setup_time": 10.265419006347656}
