apply,batch_time,d2h,data_time,fwd,get_state_time_mean,get_state_time_total,grad,mean_accuracy,mean_loss,neg_mean_accuracy,set_state_time_mean,set_state_time_total,setup_model_time_mean,setup_model_time_total,setup_proc_time_mean,setup_proc_time_total,train_accuracy,train_loss,training_time_mean,training_time_total,val_accuracy,val_loss,validation_time_mean,validation_time_total,samples,num_workers,done,timesteps_total,episodes_total,training_iteration,neg_mean_loss,experiment_id,date,timestamp,time_this_iter_s,time_total_s,pid,hostname,node_ip,config,time_since_restore,timesteps_since_restore,iterations_since_restore,mean_throughput,atoms,setup_time
0.018182253837585448,0.04339813884300522,0.0007458925247192383,0.0018645863398871459,0.23614127635955812,nan,0.0,0.18531537055969238,0.14299999177455902,15.446256607055664,-0.14299999177455902,nan,0.0,23.18085217475891,23.18085217475891,1.830793857574463,1.830793857574463,0.1528400033712387,4.448463264007568,nan,0.0,0.14299999177455902,15.446256607055664,nan,0.0,60000,1,False,,,1,-15.446256607055664,57988e3d96a445268c38f5085fb362cf,2019-06-03_03-35-02,1559558102,48.43361306190491,48.43361306190491,13437,steropes,169.229.49.254,"{'starting_lr': 0.01, 'momentum': 0.99, 'weight_decay': 0.0005, 'steps_per_iteration': None, 'pin': False, 'model_creator': None, 'target_batch_size': 128, 'model_string': 'resnet50', 'min_batch_size': 128, 'dataset': 'CIFAR', 'placement': None, 'use_nccl': True, 'devices_per_worker': 1, 'primary_resource': 'extra_gpu', 'gpu': False, 'verbose': False, 'lr_config': {'mode': 'log', 'steps': 5, 'initial_lr': 0.01, 'target_lr': 0.01}, 'batch_per_device': 128}",48.43361306190491,0,1,1238.806794570515,1,25.110045194625854
0.0181351900100708,0.03321120407007917,0.0007497072219848633,0.0018173068990487882,0.02832622528076172,nan,0.0,0.04827737808227539,0.20819998532533646,8.705220330429077,-0.2733999788761139,nan,0.0,nan,0.0,nan,0.0,0.20532000064849854,2.3882889126968383,nan,0.0,0.2733999788761139,1.9641840538024902,nan,0.0,60000,1,False,,,2,-8.705220330429077,57988e3d96a445268c38f5085fb362cf,2019-06-03_03-35-43,1559558143,41.312204122543335,89.74581718444824,13437,steropes,169.229.49.254,"{'starting_lr': 0.01, 'momentum': 0.99, 'weight_decay': 0.0005, 'steps_per_iteration': None, 'pin': False, 'model_creator': None, 'target_batch_size': 128, 'model_string': 'resnet50', 'min_batch_size': 128, 'dataset': 'CIFAR', 'placement': None, 'use_nccl': True, 'devices_per_worker': 1, 'primary_resource': 'extra_gpu', 'gpu': False, 'verbose': False, 'lr_config': {'mode': 'log', 'steps': 5, 'initial_lr': 0.01, 'target_lr': 0.01}, 'batch_per_device': 128}",89.74581718444824,0,2,1337.1043488876594,1,25.110045194625854
0.018194246292114257,0.032544495184210286,0.0008651494979858398,0.001846079326346707,0.02888820171356201,nan,0.0,0.04918150901794434,0.23536665737628937,6.434904560407002,-0.2897000014781952,nan,0.0,nan,0.0,nan,0.0,0.2604599893093109,1.9650791257476807,nan,0.0,0.2897000014781952,1.894273020362854,nan,0.0,60000,1,False,,,3,-6.434904560407002,57988e3d96a445268c38f5085fb362cf,2019-06-03_03-36-25,1559558185,41.418153285980225,131.16397047042847,13437,steropes,169.229.49.254,"{'starting_lr': 0.01, 'momentum': 0.99, 'weight_decay': 0.0005, 'steps_per_iteration': None, 'pin': False, 'model_creator': None, 'target_batch_size': 128, 'model_string': 'resnet50', 'min_batch_size': 128, 'dataset': 'CIFAR', 'placement': None, 'use_nccl': True, 'devices_per_worker': 1, 'primary_resource': 'extra_gpu', 'gpu': False, 'verbose': False, 'lr_config': {'mode': 'log', 'steps': 5, 'initial_lr': 0.01, 'target_lr': 0.01}, 'batch_per_device': 128}",131.16397047042847,0,3,1372.3234894642662,1,25.110045194625854
0.018427014350891113,0.03328608862961395,0.0007341861724853516,0.0018334711908989246,0.028432631492614747,nan,0.0,0.05051398277282715,0.2667499892413616,5.258849563407898,-0.36089998483657837,nan,0.0,nan,0.0,nan,0.0,0.30563998222351074,1.856290514831543,nan,0.0,0.36089998483657837,1.7306845724105835,nan,0.0,60000,1,False,,,4,-5.258849563407898,57988e3d96a445268c38f5085fb362cf,2019-06-03_03-37-06,1559558226,41.31208395957947,172.47605443000793,13437,steropes,169.229.49.254,"{'starting_lr': 0.01, 'momentum': 0.99, 'weight_decay': 0.0005, 'steps_per_iteration': None, 'pin': False, 'model_creator': None, 'target_batch_size': 128, 'model_string': 'resnet50', 'min_batch_size': 128, 'dataset': 'CIFAR', 'placement': None, 'use_nccl': True, 'devices_per_worker': 1, 'primary_resource': 'extra_gpu', 'gpu': False, 'verbose': False, 'lr_config': {'mode': 'log', 'steps': 5, 'initial_lr': 0.01, 'target_lr': 0.01}, 'batch_per_device': 128}",172.47605443000793,0,4,1391.4933709607214,1,25.110045194625854
0.019757008552551268,0.031657463387597964,0.0007739543914794921,0.0017799087192701256,0.02926464080810547,nan,0.0,0.049878597259521484,0.2927199870347977,4.536501885375976,-0.39659997820854187,nan,0.0,nan,0.0,nan,0.0,0.3402999937534332,1.7791272720718383,nan,0.0,0.39659997820854187,1.647111173248291,nan,0.0,60000,1,False,,,5,-4.536501885375976,57988e3d96a445268c38f5085fb362cf,2019-06-03_03-37-47,1559558267,41.10341691970825,213.5794713497162,13437,steropes,169.229.49.254,"{'starting_lr': 0.01, 'momentum': 0.99, 'weight_decay': 0.0005, 'steps_per_iteration': None, 'pin': False, 'model_creator': None, 'target_batch_size': 128, 'model_string': 'resnet50', 'min_batch_size': 128, 'dataset': 'CIFAR', 'placement': None, 'use_nccl': True, 'devices_per_worker': 1, 'primary_resource': 'extra_gpu', 'gpu': False, 'verbose': False, 'lr_config': {'mode': 'log', 'steps': 5, 'initial_lr': 0.01, 'target_lr': 0.01}, 'batch_per_device': 128}",213.5794713497162,0,5,1404.6255317604741,1,25.110045194625854
0.019109821319580077,0.03416404543043692,0.000765538215637207,0.0017821203412302315,0.028661727905273438,nan,0.0,0.04944479465484619,0.34301998615264895,1.7732771522521973,-0.3944999873638153,nan,0.0,nan,0.0,nan,0.0,0.36574000120162964,1.7143877881622314,nan,0.0,0.3944999873638153,1.6301329414367676,nan,0.0,60000,1,False,,,6,-1.7732771522521973,57988e3d96a445268c38f5085fb362cf,2019-06-03_03-38-29,1559558309,41.47409677505493,255.05356812477112,13437,steropes,169.229.49.254,"{'starting_lr': 0.01, 'momentum': 0.99, 'weight_decay': 0.0005, 'steps_per_iteration': None, 'pin': False, 'model_creator': None, 'target_batch_size': 128, 'model_string': 'resnet50', 'min_batch_size': 128, 'dataset': 'CIFAR', 'placement': None, 'use_nccl': True, 'devices_per_worker': 1, 'primary_resource': 'extra_gpu', 'gpu': False, 'verbose': False, 'lr_config': {'mode': 'log', 'steps': 5, 'initial_lr': 0.01, 'target_lr': 0.01}, 'batch_per_device': 128}",255.05356812477112,0,6,1451.9370154525857,1,25.110045194625854
0.017949414253234864,0.03178891049155706,0.0007493495941162109,0.0017908271926138407,0.02805449962615967,nan,0.0,0.04859633445739746,0.37659998536109923,1.6866270394897462,-0.4412999749183655,nan,0.0,nan,0.0,nan,0.0,0.39545997977256775,1.646644178161621,nan,0.0,0.4412999749183655,1.5309334899902343,nan,0.0,60000,1,False,,,7,-1.6866270394897462,57988e3d96a445268c38f5085fb362cf,2019-06-03_03-39-10,1559558350,41.19701027870178,296.2505784034729,13437,steropes,169.229.49.254,"{'starting_lr': 0.01, 'momentum': 0.99, 'weight_decay': 0.0005, 'steps_per_iteration': None, 'pin': False, 'model_creator': None, 'target_batch_size': 128, 'model_string': 'resnet50', 'min_batch_size': 128, 'dataset': 'CIFAR', 'placement': None, 'use_nccl': True, 'devices_per_worker': 1, 'primary_resource': 'extra_gpu', 'gpu': False, 'verbose': False, 'lr_config': {'mode': 'log', 'steps': 5, 'initial_lr': 0.01, 'target_lr': 0.01}, 'batch_per_device': 128}",296.2505784034729,0,7,1452.7482873983342,1,25.110045194625854
0.017970585823059083,0.03180371055120154,0.0007242441177368164,0.0017755976723283148,0.02864246368408203,nan,0.0,0.04741079807281494,0.4096799850463867,1.6113376742172243,-0.45509999990463257,nan,0.0,nan,0.0,nan,0.0,0.4153999984264374,1.5900617223358153,nan,0.0,0.45509999990463257,1.5178261940002442,nan,0.0,60000,1,False,,,8,-1.6113376742172243,57988e3d96a445268c38f5085fb362cf,2019-06-03_03-39-51,1559558391,41.07054877281189,337.3211271762848,13437,steropes,169.229.49.254,"{'starting_lr': 0.01, 'momentum': 0.99, 'weight_decay': 0.0005, 'steps_per_iteration': None, 'pin': False, 'model_creator': None, 'target_batch_size': 128, 'model_string': 'resnet50', 'min_batch_size': 128, 'dataset': 'CIFAR', 'placement': None, 'use_nccl': True, 'devices_per_worker': 1, 'primary_resource': 'extra_gpu', 'gpu': False, 'verbose': False, 'lr_config': {'mode': 'log', 'steps': 5, 'initial_lr': 0.01, 'target_lr': 0.01}, 'batch_per_device': 128}",337.3211271762848,0,8,1455.1977722492932,1,25.110045194625854
0.017782139778137206,0.03184705746324756,0.0007303953170776367,0.0017811111781908119,0.02786715030670166,nan,0.0,0.0479578971862793,0.4369399845600128,1.5417909091567992,-0.49719998240470886,nan,0.0,nan,0.0,nan,0.0,0.4379799962043762,1.5353698210525513,nan,0.0,0.49719998240470886,1.3829507471084594,nan,0.0,60000,1,False,,,9,-1.5417909091567992,57988e3d96a445268c38f5085fb362cf,2019-06-03_03-40-32,1559558432,40.92950773239136,378.25063490867615,13437,steropes,169.229.49.254,"{'starting_lr': 0.01, 'momentum': 0.99, 'weight_decay': 0.0005, 'steps_per_iteration': None, 'pin': False, 'model_creator': None, 'target_batch_size': 128, 'model_string': 'resnet50', 'min_batch_size': 128, 'dataset': 'CIFAR', 'placement': None, 'use_nccl': True, 'devices_per_worker': 1, 'primary_resource': 'extra_gpu', 'gpu': False, 'verbose': False, 'lr_config': {'mode': 'log', 'steps': 5, 'initial_lr': 0.01, 'target_lr': 0.01}, 'batch_per_device': 128}",378.25063490867615,0,9,1457.903243027354,1,25.110045194625854
0.018150830268859865,0.03251002106485488,0.0008441686630249023,0.001802080427594197,0.02881748676300049,nan,0.0,0.051846647262573244,0.45501998662948606,1.4977821142196652,-0.4869999885559082,nan,0.0,nan,0.0,nan,0.0,0.46546000242233276,1.465226207008362,nan,0.0,0.4869999885559082,1.427067198562622,nan,0.0,60000,1,False,,,10,-1.4977821142196652,57988e3d96a445268c38f5085fb362cf,2019-06-03_03-41-13,1559558473,41.181830167770386,419.43246507644653,13437,steropes,169.229.49.254,"{'starting_lr': 0.01, 'momentum': 0.99, 'weight_decay': 0.0005, 'steps_per_iteration': None, 'pin': False, 'model_creator': None, 'target_batch_size': 128, 'model_string': 'resnet50', 'min_batch_size': 128, 'dataset': 'CIFAR', 'placement': None, 'use_nccl': True, 'devices_per_worker': 1, 'primary_resource': 'extra_gpu', 'gpu': False, 'verbose': False, 'lr_config': {'mode': 'log', 'steps': 5, 'initial_lr': 0.01, 'target_lr': 0.01}, 'batch_per_device': 128}",419.43246507644653,0,10,1457.3478475121726,1,25.110045194625854
0.018542909622192384,0.03191061864925336,0.0007339954376220703,0.0018168849408474114,0.028511452674865722,nan,0.0,0.047860002517700194,0.4829599916934967,1.431763685951233,-0.5342000126838684,nan,0.0,nan,0.0,nan,0.0,0.49157997965812683,1.4041695161056518,nan,0.0,0.5342000126838684,1.3000408000946044,nan,0.0,60000,1,False,,,11,-1.431763685951233,57988e3d96a445268c38f5085fb362cf,2019-06-03_03-41-54,1559558514,41.33707094192505,460.7695360183716,13437,steropes,169.229.49.254,"{'starting_lr': 0.01, 'momentum': 0.99, 'weight_decay': 0.0005, 'steps_per_iteration': None, 'pin': False, 'model_creator': None, 'target_batch_size': 128, 'model_string': 'resnet50', 'min_batch_size': 128, 'dataset': 'CIFAR', 'placement': None, 'use_nccl': True, 'devices_per_worker': 1, 'primary_resource': 'extra_gpu', 'gpu': False, 'verbose': False, 'lr_config': {'mode': 'log', 'steps': 5, 'initial_lr': 0.01, 'target_lr': 0.01}, 'batch_per_device': 128}",460.7695360183716,0,11,1458.318622896721,1,25.110045194625854
0.018735718727111817,0.03198223174372806,0.0007594108581542968,0.0017770318424000459,0.028279566764831544,nan,0.0,0.04800536632537842,0.5045999944210052,1.3788493449783326,-0.5494999885559082,nan,0.0,nan,0.0,nan,0.0,0.5156999826431274,1.3461259871292115,nan,0.0,0.5494999885559082,1.2663617851257325,nan,0.0,60000,1,False,,,12,-1.3788493449783326,57988e3d96a445268c38f5085fb362cf,2019-06-03_03-42-36,1559558556,41.187459230422974,501.95699524879456,13437,steropes,169.229.49.254,"{'starting_lr': 0.01, 'momentum': 0.99, 'weight_decay': 0.0005, 'steps_per_iteration': None, 'pin': False, 'model_creator': None, 'target_batch_size': 128, 'model_string': 'resnet50', 'min_batch_size': 128, 'dataset': 'CIFAR', 'placement': None, 'use_nccl': True, 'devices_per_worker': 1, 'primary_resource': 'extra_gpu', 'gpu': False, 'verbose': False, 'lr_config': {'mode': 'log', 'steps': 5, 'initial_lr': 0.01, 'target_lr': 0.01}, 'batch_per_device': 128}",501.95699524879456,0,12,1458.3863264441334,1,25.110045194625854
0.01868908405303955,0.031757188748709766,0.0007449865341186523,0.0017566113825649252,0.02853829860687256,nan,0.0,0.048310375213623045,0.5265999972820282,1.3255550018692017,-0.5651000142097473,nan,0.0,nan,0.0,nan,0.0,0.5371599793434143,1.301708867073059,nan,0.0,0.5651000142097473,1.2513544784545898,nan,0.0,60000,1,False,,,13,-1.3255550018692017,57988e3d96a445268c38f5085fb362cf,2019-06-03_03-43-17,1559558597,41.215789556503296,543.1727848052979,13437,steropes,169.229.49.254,"{'starting_lr': 0.01, 'momentum': 0.99, 'weight_decay': 0.0005, 'steps_per_iteration': None, 'pin': False, 'model_creator': None, 'target_batch_size': 128, 'model_string': 'resnet50', 'min_batch_size': 128, 'dataset': 'CIFAR', 'placement': None, 'use_nccl': True, 'devices_per_worker': 1, 'primary_resource': 'extra_gpu', 'gpu': False, 'verbose': False, 'lr_config': {'mode': 'log', 'steps': 5, 'initial_lr': 0.01, 'target_lr': 0.01}, 'batch_per_device': 128}",543.1727848052979,0,13,1457.3569757026005,1,25.110045194625854
0.017629075050354003,0.0316803726968886,0.0007304191589355469,0.001777680023856785,0.027510523796081543,nan,0.0,0.04780571460723877,0.5435199975967407,1.2872155690383908,-0.5817999839782715,nan,0.0,nan,0.0,nan,0.0,0.5532400012016296,1.25261501247406,nan,0.0,0.5817999839782715,1.1912535829544066,nan,0.0,60000,1,False,,,14,-1.2872155690383908,57988e3d96a445268c38f5085fb362cf,2019-06-03_03-43-58,1559558638,41.04593467712402,584.2187194824219,13437,steropes,169.229.49.254,"{'starting_lr': 0.01, 'momentum': 0.99, 'weight_decay': 0.0005, 'steps_per_iteration': None, 'pin': False, 'model_creator': None, 'target_batch_size': 128, 'model_string': 'resnet50', 'min_batch_size': 128, 'dataset': 'CIFAR', 'placement': None, 'use_nccl': True, 'devices_per_worker': 1, 'primary_resource': 'extra_gpu', 'gpu': False, 'verbose': False, 'lr_config': {'mode': 'log', 'steps': 5, 'initial_lr': 0.01, 'target_lr': 0.01}, 'batch_per_device': 128}",584.2187194824219,0,14,1456.5331413358501,1,25.110045194625854
0.017902421951293945,0.03184529195857953,0.0007600545883178711,0.0017541802447775135,0.027885818481445314,nan,0.0,0.05004339218139649,0.5658999919891358,1.227203145637512,-0.5988999605178833,nan,0.0,nan,0.0,nan,0.0,0.5749399662017822,1.1887181943511962,nan,0.0,0.5988999605178833,1.1270050815582275,nan,0.0,60000,1,False,,,15,-1.227203145637512,57988e3d96a445268c38f5085fb362cf,2019-06-03_03-44-39,1559558679,41.04611659049988,625.2648360729218,13437,steropes,169.229.49.254,"{'starting_lr': 0.01, 'momentum': 0.99, 'weight_decay': 0.0005, 'steps_per_iteration': None, 'pin': False, 'model_creator': None, 'target_batch_size': 128, 'model_string': 'resnet50', 'min_batch_size': 128, 'dataset': 'CIFAR', 'placement': None, 'use_nccl': True, 'devices_per_worker': 1, 'primary_resource': 'extra_gpu', 'gpu': False, 'verbose': False, 'lr_config': {'mode': 'log', 'steps': 5, 'initial_lr': 0.01, 'target_lr': 0.01}, 'batch_per_device': 128}",625.2648360729218,0,15,1457.4935071065393,1,25.110045194625854
0.01773531436920166,0.03164859059490735,0.0007366657257080079,0.0017632608828337295,0.02769632339477539,nan,0.0,0.04837613105773926,0.5788999915122985,1.1965978133392334,-0.5992000102996826,nan,0.0,nan,0.0,nan,0.0,0.5907999873161316,1.1507948291778565,nan,0.0,0.5992000102996826,1.1470141386032104,nan,0.0,60000,1,False,,,16,-1.1965978133392334,57988e3d96a445268c38f5085fb362cf,2019-06-03_03-45-20,1559558720,41.072630405426025,666.3374664783478,13437,steropes,169.229.49.254,"{'starting_lr': 0.01, 'momentum': 0.99, 'weight_decay': 0.0005, 'steps_per_iteration': None, 'pin': False, 'model_creator': None, 'target_batch_size': 128, 'model_string': 'resnet50', 'min_batch_size': 128, 'dataset': 'CIFAR', 'placement': None, 'use_nccl': True, 'devices_per_worker': 1, 'primary_resource': 'extra_gpu', 'gpu': False, 'verbose': False, 'lr_config': {'mode': 'log', 'steps': 5, 'initial_lr': 0.01, 'target_lr': 0.01}, 'batch_per_device': 128}",666.3374664783478,0,16,1459.3683658070001,1,25.110045194625854
0.017918968200683595,0.03173212160038043,0.0007674217224121094,0.0017720305401345959,0.028195524215698244,nan,0.0,0.049227023124694826,0.5995999932289123,1.141915563583374,-0.652999997138977,nan,0.0,nan,0.0,nan,0.0,0.606939971446991,1.1134551692581176,nan,0.0,0.652999997138977,0.9929505363464356,nan,0.0,60000,1,False,,,17,-1.141915563583374,57988e3d96a445268c38f5085fb362cf,2019-06-03_03-46-01,1559558761,41.125038146972656,707.4625046253204,13437,steropes,169.229.49.254,"{'starting_lr': 0.01, 'momentum': 0.99, 'weight_decay': 0.0005, 'steps_per_iteration': None, 'pin': False, 'model_creator': None, 'target_batch_size': 128, 'model_string': 'resnet50', 'min_batch_size': 128, 'dataset': 'CIFAR', 'placement': None, 'use_nccl': True, 'devices_per_worker': 1, 'primary_resource': 'extra_gpu', 'gpu': False, 'verbose': False, 'lr_config': {'mode': 'log', 'steps': 5, 'initial_lr': 0.01, 'target_lr': 0.01}, 'batch_per_device': 128}",707.4625046253204,0,17,1459.8116444173422,1,25.110045194625854
0.0177398681640625,0.031868705266638646,0.0007568120956420899,0.0017629999029057106,0.027588081359863282,nan,0.0,0.04893357753753662,0.6192399859428406,1.0877719873046874,-0.6632999777793884,nan,0.0,nan,0.0,nan,0.0,0.6246599555015564,1.0635541221237184,nan,0.0,0.6632999777793884,0.9806365970611572,nan,0.0,60000,1,False,,,18,-1.0877719873046874,57988e3d96a445268c38f5085fb362cf,2019-06-03_03-46-42,1559558802,41.086002826690674,748.5485074520111,13437,steropes,169.229.49.254,"{'starting_lr': 0.01, 'momentum': 0.99, 'weight_decay': 0.0005, 'steps_per_iteration': None, 'pin': False, 'model_creator': None, 'target_batch_size': 128, 'model_string': 'resnet50', 'min_batch_size': 128, 'dataset': 'CIFAR', 'placement': None, 'use_nccl': True, 'devices_per_worker': 1, 'primary_resource': 'extra_gpu', 'gpu': False, 'verbose': False, 'lr_config': {'mode': 'log', 'steps': 5, 'initial_lr': 0.01, 'target_lr': 0.01}, 'batch_per_device': 128}",748.5485074520111,0,18,1460.7345774563566,1,25.110045194625854
0.01788485050201416,0.031551792651792115,0.0007786750793457031,0.0017833258489818524,0.02792501449584961,nan,0.0,0.04872608184814453,0.6369199872016906,1.039389450187683,-0.670199990272522,nan,0.0,nan,0.0,nan,0.0,0.6353600025177002,1.0314071626472474,nan,0.0,0.670199990272522,0.9493408973693848,nan,0.0,60000,1,False,,,19,-1.039389450187683,57988e3d96a445268c38f5085fb362cf,2019-06-03_03-47-23,1559558843,41.135722637176514,789.6842300891876,13437,steropes,169.229.49.254,"{'starting_lr': 0.01, 'momentum': 0.99, 'weight_decay': 0.0005, 'steps_per_iteration': None, 'pin': False, 'model_creator': None, 'target_batch_size': 128, 'model_string': 'resnet50', 'min_batch_size': 128, 'dataset': 'CIFAR', 'placement': None, 'use_nccl': True, 'devices_per_worker': 1, 'primary_resource': 'extra_gpu', 'gpu': False, 'verbose': False, 'lr_config': {'mode': 'log', 'steps': 5, 'initial_lr': 0.01, 'target_lr': 0.01}, 'batch_per_device': 128}",789.6842300891876,0,19,1460.096296919369,1,25.110045194625854
0.01803743839263916,0.03199719175507751,0.0007527828216552735,0.0017842026927587017,0.028164434432983398,nan,0.0,0.04779117107391358,0.6517599940299987,1.0009474028205871,-0.6730999946594238,nan,0.0,nan,0.0,nan,0.0,0.6483599543571472,1.0033948341751098,nan,0.0,0.6730999946594238,0.9347948447227478,nan,0.0,60000,1,False,,,20,-1.0009474028205871,57988e3d96a445268c38f5085fb362cf,2019-06-03_03-48-05,1559558885,41.249940395355225,830.9341704845428,13437,steropes,169.229.49.254,"{'starting_lr': 0.01, 'momentum': 0.99, 'weight_decay': 0.0005, 'steps_per_iteration': None, 'pin': False, 'model_creator': None, 'target_batch_size': 128, 'model_string': 'resnet50', 'min_batch_size': 128, 'dataset': 'CIFAR', 'placement': None, 'use_nccl': True, 'devices_per_worker': 1, 'primary_resource': 'extra_gpu', 'gpu': False, 'verbose': False, 'lr_config': {'mode': 'log', 'steps': 5, 'initial_lr': 0.01, 'target_lr': 0.01}, 'batch_per_device': 128}",830.9341704845428,0,20,1458.6492764780628,1,25.110045194625854
0.020377397537231445,0.03178102758866322,0.0007714986801147461,0.00175755530062234,0.02949385643005371,nan,0.0,0.04845430850982666,0.6624599933624268,0.973584990386963,-0.6527000069618225,nan,0.0,nan,0.0,nan,0.0,0.655239999294281,0.9863135795783997,nan,0.0,0.6527000069618225,1.0102020764350892,nan,0.0,60000,1,False,,,21,-0.973584990386963,57988e3d96a445268c38f5085fb362cf,2019-06-03_03-48-46,1559558926,41.03272604942322,871.9668965339661,13437,steropes,169.229.49.254,"{'starting_lr': 0.01, 'momentum': 0.99, 'weight_decay': 0.0005, 'steps_per_iteration': None, 'pin': False, 'model_creator': None, 'target_batch_size': 128, 'model_string': 'resnet50', 'min_batch_size': 128, 'dataset': 'CIFAR', 'placement': None, 'use_nccl': True, 'devices_per_worker': 1, 'primary_resource': 'extra_gpu', 'gpu': False, 'verbose': False, 'lr_config': {'mode': 'log', 'steps': 5, 'initial_lr': 0.01, 'target_lr': 0.01}, 'batch_per_device': 128}",871.9668965339661,0,21,1458.9323813655092,1,25.110045194625854
0.017742323875427245,0.03236396705047994,0.0007495641708374024,0.0017618108588411375,0.02763204574584961,nan,0.0,0.04778542518615723,0.6700399875640869,0.9519110886001586,-0.6908999681472778,nan,0.0,nan,0.0,nan,0.0,0.6661799550056458,0.9540853517532348,nan,0.0,0.6908999681472778,0.8845810274124145,nan,0.0,60000,1,False,,,22,-0.9519110886001586,57988e3d96a445268c38f5085fb362cf,2019-06-03_03-49-27,1559558967,41.54054594039917,913.5074424743652,13437,steropes,169.229.49.254,"{'starting_lr': 0.01, 'momentum': 0.99, 'weight_decay': 0.0005, 'steps_per_iteration': None, 'pin': False, 'model_creator': None, 'target_batch_size': 128, 'model_string': 'resnet50', 'min_batch_size': 128, 'dataset': 'CIFAR', 'placement': None, 'use_nccl': True, 'devices_per_worker': 1, 'primary_resource': 'extra_gpu', 'gpu': False, 'verbose': False, 'lr_config': {'mode': 'log', 'steps': 5, 'initial_lr': 0.01, 'target_lr': 0.01}, 'batch_per_device': 128}",913.5074424743652,0,22,1455.9903109490797,1,25.110045194625854
0.018035173416137695,0.03155268294901788,0.0007593631744384766,0.001793124791606308,0.028568196296691894,nan,0.0,0.04788603782653809,0.6746999859809876,0.9365087789726256,-0.6865999698638916,nan,0.0,nan,0.0,nan,0.0,0.6703999638557434,0.9383940147018432,nan,0.0,0.6865999698638916,0.9036250489234924,nan,0.0,60000,1,False,,,23,-0.9365087789726256,57988e3d96a445268c38f5085fb362cf,2019-06-03_03-50-08,1559559008,41.225059270858765,954.732501745224,13437,steropes,169.229.49.254,"{'starting_lr': 0.01, 'momentum': 0.99, 'weight_decay': 0.0005, 'steps_per_iteration': None, 'pin': False, 'model_creator': None, 'target_batch_size': 128, 'model_string': 'resnet50', 'min_batch_size': 128, 'dataset': 'CIFAR', 'placement': None, 'use_nccl': True, 'devices_per_worker': 1, 'primary_resource': 'extra_gpu', 'gpu': False, 'verbose': False, 'lr_config': {'mode': 'log', 'steps': 5, 'initial_lr': 0.01, 'target_lr': 0.01}, 'batch_per_device': 128}",954.732501745224,0,23,1455.0083508616158,1,25.110045194625854
0.01802716255187988,0.03354719620716723,0.0007799386978149414,0.0017801416499535446,0.028496766090393068,nan,0.0,0.04815716743469238,0.6767399787902832,0.926273578262329,-0.6803999543190002,nan,0.0,nan,0.0,nan,0.0,0.6739799976348877,0.9366290191268921,nan,0.0,0.6803999543190002,0.8981648938179017,nan,0.0,60000,1,False,,,24,-0.926273578262329,57988e3d96a445268c38f5085fb362cf,2019-06-03_03-50-50,1559559050,41.254321336746216,995.9868230819702,13437,steropes,169.229.49.254,"{'starting_lr': 0.01, 'momentum': 0.99, 'weight_decay': 0.0005, 'steps_per_iteration': None, 'pin': False, 'model_creator': None, 'target_batch_size': 128, 'model_string': 'resnet50', 'min_batch_size': 128, 'dataset': 'CIFAR', 'placement': None, 'use_nccl': True, 'devices_per_worker': 1, 'primary_resource': 'extra_gpu', 'gpu': False, 'verbose': False, 'lr_config': {'mode': 'log', 'steps': 5, 'initial_lr': 0.01, 'target_lr': 0.01}, 'batch_per_device': 128}",995.9868230819702,0,24,1454.1718438747569,1,25.110045194625854
0.01782224178314209,0.031899597071394135,0.0007750988006591797,0.0017905838959052435,0.027796840667724608,nan,0.0,0.04889624118804932,0.6832599759101867,0.9089965507698059,-0.7056999802589417,nan,0.0,nan,0.0,nan,0.0,0.684179961681366,0.9053243968200684,nan,0.0,0.7056999802589417,0.8484097072601319,nan,0.0,60000,1,False,,,25,-0.9089965507698059,57988e3d96a445268c38f5085fb362cf,2019-06-03_03-51-31,1559559091,41.104132890701294,1037.0909559726715,13437,steropes,169.229.49.254,"{'starting_lr': 0.01, 'momentum': 0.99, 'weight_decay': 0.0005, 'steps_per_iteration': None, 'pin': False, 'model_creator': None, 'target_batch_size': 128, 'model_string': 'resnet50', 'min_batch_size': 128, 'dataset': 'CIFAR', 'placement': None, 'use_nccl': True, 'devices_per_worker': 1, 'primary_resource': 'extra_gpu', 'gpu': False, 'verbose': False, 'lr_config': {'mode': 'log', 'steps': 5, 'initial_lr': 0.01, 'target_lr': 0.01}, 'batch_per_device': 128}",1037.0909559726715,0,25,1455.2003572155015,1,25.110045194625854
0.018018555641174317,0.031953377059743375,0.0008045911788940429,0.0018008200408857497,0.028215694427490234,nan,0.0,0.04990065097808838,0.6929799675941467,0.8822470794868469,-0.7012999653816223,nan,0.0,nan,0.0,nan,0.0,0.6879000067710876,0.9002483951568604,nan,0.0,0.7012999653816223,0.8764547200202942,nan,0.0,60000,1,False,,,26,-0.8822470794868469,57988e3d96a445268c38f5085fb362cf,2019-06-03_03-52-12,1559559132,41.2293541431427,1078.3203101158142,13437,steropes,169.229.49.254,"{'starting_lr': 0.01, 'momentum': 0.99, 'weight_decay': 0.0005, 'steps_per_iteration': None, 'pin': False, 'model_creator': None, 'target_batch_size': 128, 'model_string': 'resnet50', 'min_batch_size': 128, 'dataset': 'CIFAR', 'placement': None, 'use_nccl': True, 'devices_per_worker': 1, 'primary_resource': 'extra_gpu', 'gpu': False, 'verbose': False, 'lr_config': {'mode': 'log', 'steps': 5, 'initial_lr': 0.01, 'target_lr': 0.01}, 'batch_per_device': 128}",1078.3203101158142,0,26,1453.8134449612294,1,25.110045194625854
0.017633485794067382,0.032059114190596566,0.0007438898086547851,0.0018025078736912563,0.02776474952697754,nan,0.0,0.047927689552307126,0.6927799701690673,0.891799080028534,-0.6898999810218811,nan,0.0,nan,0.0,nan,0.0,0.6965799927711487,0.8708125478935241,nan,0.0,0.6898999810218811,0.9323410301208496,nan,0.0,60000,1,False,,,27,-0.891799080028534,57988e3d96a445268c38f5085fb362cf,2019-06-03_03-52-53,1559559173,41.26316046714783,1119.583470582962,13437,steropes,169.229.49.254,"{'starting_lr': 0.01, 'momentum': 0.99, 'weight_decay': 0.0005, 'steps_per_iteration': None, 'pin': False, 'model_creator': None, 'target_batch_size': 128, 'model_string': 'resnet50', 'min_batch_size': 128, 'dataset': 'CIFAR', 'placement': None, 'use_nccl': True, 'devices_per_worker': 1, 'primary_resource': 'extra_gpu', 'gpu': False, 'verbose': False, 'lr_config': {'mode': 'log', 'steps': 5, 'initial_lr': 0.01, 'target_lr': 0.01}, 'batch_per_device': 128}",1119.583470582962,0,27,1455.7703459859854,1,25.110045194625854
0.017860960960388184,0.03175591215302673,0.0007497310638427734,0.0018185197239946526,0.02797539234161377,nan,0.0,0.04760267734527588,0.6942599773406982,0.8877382536315919,-0.6940000057220459,nan,0.0,nan,0.0,nan,0.0,0.6932199597358704,0.883078950843811,nan,0.0,0.6940000057220459,0.8833209169387818,nan,0.0,60000,1,False,,,28,-0.8877382536315919,57988e3d96a445268c38f5085fb362cf,2019-06-03_03-53-34,1559559214,41.1781530380249,1160.761623620987,13437,steropes,169.229.49.254,"{'starting_lr': 0.01, 'momentum': 0.99, 'weight_decay': 0.0005, 'steps_per_iteration': None, 'pin': False, 'model_creator': None, 'target_batch_size': 128, 'model_string': 'resnet50', 'min_batch_size': 128, 'dataset': 'CIFAR', 'placement': None, 'use_nccl': True, 'devices_per_worker': 1, 'primary_resource': 'extra_gpu', 'gpu': False, 'verbose': False, 'lr_config': {'mode': 'log', 'steps': 5, 'initial_lr': 0.01, 'target_lr': 0.01}, 'batch_per_device': 128}",1160.761623620987,0,28,1456.1013428441481,1,25.110045194625854
0.01915254592895508,0.03186141086530082,0.0007478952407836914,0.0017643523643083889,0.028621530532836913,nan,0.0,0.04904074668884277,0.6929399847984314,0.8982570890617371,-0.673799991607666,nan,0.0,nan,0.0,nan,0.0,0.6949999928474426,0.878747051525116,nan,0.0,0.673799991607666,0.9507590709686279,nan,0.0,60000,1,False,,,29,-0.8982570890617371,57988e3d96a445268c38f5085fb362cf,2019-06-03_03-54-16,1559559256,41.303306102752686,1202.0649297237396,13437,steropes,169.229.49.254,"{'starting_lr': 0.01, 'momentum': 0.99, 'weight_decay': 0.0005, 'steps_per_iteration': None, 'pin': False, 'model_creator': None, 'target_batch_size': 128, 'model_string': 'resnet50', 'min_batch_size': 128, 'dataset': 'CIFAR', 'placement': None, 'use_nccl': True, 'devices_per_worker': 1, 'primary_resource': 'extra_gpu', 'gpu': False, 'verbose': False, 'lr_config': {'mode': 'log', 'steps': 5, 'initial_lr': 0.01, 'target_lr': 0.01}, 'batch_per_device': 128}",1202.0649297237396,0,29,1455.7552704890243,1,25.110045194625854
0.018051767349243165,0.03233177148843113,0.0007562637329101562,0.0017570223649749366,0.027899408340454103,nan,0.0,0.0488628625869751,0.6965399861335755,0.8882969921875,-0.7236999869346619,nan,0.0,nan,0.0,nan,0.0,0.7001199722290039,0.863647392692566,nan,0.0,0.7236999869346619,0.7986092228889465,nan,0.0,60000,1,False,,,30,-0.8882969921875,57988e3d96a445268c38f5085fb362cf,2019-06-03_03-54-57,1559559297,41.20128321647644,1243.266212940216,13437,steropes,169.229.49.254,"{'starting_lr': 0.01, 'momentum': 0.99, 'weight_decay': 0.0005, 'steps_per_iteration': None, 'pin': False, 'model_creator': None, 'target_batch_size': 128, 'model_string': 'resnet50', 'min_batch_size': 128, 'dataset': 'CIFAR', 'placement': None, 'use_nccl': True, 'devices_per_worker': 1, 'primary_resource': 'extra_gpu', 'gpu': False, 'verbose': False, 'lr_config': {'mode': 'log', 'steps': 5, 'initial_lr': 0.01, 'target_lr': 0.01}, 'batch_per_device': 128}",1243.266212940216,0,30,1455.0693449871246,1,25.110045194625854
0.017958545684814455,0.031952474690690826,0.0008084058761596679,0.0018088085877011194,0.028121757507324218,nan,0.0,0.04835846424102783,0.69961998462677,0.8784103496551513,-0.7166999578475952,nan,0.0,nan,0.0,nan,0.0,0.7055000066757202,0.8523522522354126,nan,0.0,0.7166999578475952,0.8270215073585511,nan,0.0,60000,1,False,,,31,-0.8784103496551513,57988e3d96a445268c38f5085fb362cf,2019-06-03_03-55-38,1559559338,41.279282093048096,1284.5454950332642,13437,steropes,169.229.49.254,"{'starting_lr': 0.01, 'momentum': 0.99, 'weight_decay': 0.0005, 'steps_per_iteration': None, 'pin': False, 'model_creator': None, 'target_batch_size': 128, 'model_string': 'resnet50', 'min_batch_size': 128, 'dataset': 'CIFAR', 'placement': None, 'use_nccl': True, 'devices_per_worker': 1, 'primary_resource': 'extra_gpu', 'gpu': False, 'verbose': False, 'lr_config': {'mode': 'log', 'steps': 5, 'initial_lr': 0.01, 'target_lr': 0.01}, 'batch_per_device': 128}",1284.5454950332642,0,31,1454.7173602845046,1,25.110045194625854
0.019290781021118163,0.033003698421429986,0.0007726907730102539,0.001783564877327141,0.029051542282104492,nan,0.0,0.04800782203674316,0.7071199893951416,0.8509437302017211,-0.727400004863739,nan,0.0,nan,0.0,nan,0.0,0.7098199725151062,0.8474540254402161,nan,0.0,0.727400004863739,0.7950079328536988,nan,0.0,60000,1,False,,,32,-0.8509437302017211,57988e3d96a445268c38f5085fb362cf,2019-06-03_03-56-20,1559559380,41.43655252456665,1325.9820475578308,13437,steropes,169.229.49.254,"{'starting_lr': 0.01, 'momentum': 0.99, 'weight_decay': 0.0005, 'steps_per_iteration': None, 'pin': False, 'model_creator': None, 'target_batch_size': 128, 'model_string': 'resnet50', 'min_batch_size': 128, 'dataset': 'CIFAR', 'placement': None, 'use_nccl': True, 'devices_per_worker': 1, 'primary_resource': 'extra_gpu', 'gpu': False, 'verbose': False, 'lr_config': {'mode': 'log', 'steps': 5, 'initial_lr': 0.01, 'target_lr': 0.01}, 'batch_per_device': 128}",1325.9820475578308,0,32,1453.495268647483,1,25.110045194625854
0.018058419227600098,0.03231321105474158,0.001021432876586914,0.001793045522002003,0.028216552734375,nan,0.0,0.04850795269012451,0.7129799842834472,0.834830385684967,-0.7232999801635742,nan,0.0,nan,0.0,nan,0.0,0.7178999781608582,0.8206698972511292,nan,0.0,0.7232999801635742,0.8027541943550109,nan,0.0,60000,1,False,,,33,-0.834830385684967,57988e3d96a445268c38f5085fb362cf,2019-06-03_03-57-01,1559559421,41.30359101295471,1367.2856385707855,13437,steropes,169.229.49.254,"{'starting_lr': 0.01, 'momentum': 0.99, 'weight_decay': 0.0005, 'steps_per_iteration': None, 'pin': False, 'model_creator': None, 'target_batch_size': 128, 'model_string': 'resnet50', 'min_batch_size': 128, 'dataset': 'CIFAR', 'placement': None, 'use_nccl': True, 'devices_per_worker': 1, 'primary_resource': 'extra_gpu', 'gpu': False, 'verbose': False, 'lr_config': {'mode': 'log', 'steps': 5, 'initial_lr': 0.01, 'target_lr': 0.01}, 'batch_per_device': 128}",1367.2856385707855,0,33,1452.6129051305466,1,25.110045194625854
0.01998934745788574,0.03154475477677357,0.0008171796798706055,0.0017816239915540457,0.029388976097106934,nan,0.0,0.048801612854003903,0.7220799803733826,0.8120833282089233,-0.7192999720573425,nan,0.0,nan,0.0,nan,0.0,0.7141000032424927,0.8283796133804321,nan,0.0,0.7192999720573425,0.8370237835884095,nan,0.0,60000,1,False,,,34,-0.8120833282089233,57988e3d96a445268c38f5085fb362cf,2019-06-03_03-57-42,1559559462,41.276150703430176,1408.5617892742157,13437,steropes,169.229.49.254,"{'starting_lr': 0.01, 'momentum': 0.99, 'weight_decay': 0.0005, 'steps_per_iteration': None, 'pin': False, 'model_creator': None, 'target_batch_size': 128, 'model_string': 'resnet50', 'min_batch_size': 128, 'dataset': 'CIFAR', 'placement': None, 'use_nccl': True, 'devices_per_worker': 1, 'primary_resource': 'extra_gpu', 'gpu': False, 'verbose': False, 'lr_config': {'mode': 'log', 'steps': 5, 'initial_lr': 0.01, 'target_lr': 0.01}, 'batch_per_device': 128}",1408.5617892742157,0,34,1452.8038788506883,1,25.110045194625854
0.017792010307312013,0.03180778177478646,0.0007973670959472656,0.0017892698497723437,0.02776198387145996,nan,0.0,0.04789977073669434,0.7193199753761291,0.8254176205825805,-0.7098999619483948,nan,0.0,nan,0.0,nan,0.0,0.7193399667739868,0.8084975190353394,nan,0.0,0.7098999619483948,0.8652806847572326,nan,0.0,60000,1,False,,,35,-0.8254176205825805,57988e3d96a445268c38f5085fb362cf,2019-06-03_03-58-24,1559559504,41.31798458099365,1449.8797738552094,13437,steropes,169.229.49.254,"{'starting_lr': 0.01, 'momentum': 0.99, 'weight_decay': 0.0005, 'steps_per_iteration': None, 'pin': False, 'model_creator': None, 'target_batch_size': 128, 'model_string': 'resnet50', 'min_batch_size': 128, 'dataset': 'CIFAR', 'placement': None, 'use_nccl': True, 'devices_per_worker': 1, 'primary_resource': 'extra_gpu', 'gpu': False, 'verbose': False, 'lr_config': {'mode': 'log', 'steps': 5, 'initial_lr': 0.01, 'target_lr': 0.01}, 'batch_per_device': 128}",1449.8797738552094,0,35,1451.9832357456573,1,25.110045194625854
0.017922282218933105,0.03164820731440677,0.00075836181640625,0.0017877838495747207,0.02778499126434326,nan,0.0,0.04759097099304199,0.7213199853897094,0.822853588027954,-0.7267000079154968,nan,0.0,nan,0.0,nan,0.0,0.7170999646186829,0.8174897442245483,nan,0.0,0.7267000079154968,0.8142013445854187,nan,0.0,60000,1,False,,,36,-0.822853588027954,57988e3d96a445268c38f5085fb362cf,2019-06-03_03-59-05,1559559545,41.09674835205078,1490.9765222072601,13437,steropes,169.229.49.254,"{'starting_lr': 0.01, 'momentum': 0.99, 'weight_decay': 0.0005, 'steps_per_iteration': None, 'pin': False, 'model_creator': None, 'target_batch_size': 128, 'model_string': 'resnet50', 'min_batch_size': 128, 'dataset': 'CIFAR', 'placement': None, 'use_nccl': True, 'devices_per_worker': 1, 'primary_resource': 'extra_gpu', 'gpu': False, 'verbose': False, 'lr_config': {'mode': 'log', 'steps': 5, 'initial_lr': 0.01, 'target_lr': 0.01}, 'batch_per_device': 128}",1490.9765222072601,0,36,1453.2670485392869,1,25.110045194625854
0.019008755683898926,0.03169398066363757,0.0007502079010009765,0.001786530780060517,0.02824745178222656,nan,0.0,0.050270581245422365,0.7237799763679504,0.8169428120803832,-0.7396999597549438,nan,0.0,nan,0.0,nan,0.0,0.7156400084495544,0.827894441242218,nan,0.0,0.7396999597549438,0.7654540531158447,nan,0.0,60000,1,False,,,37,-0.8169428120803832,57988e3d96a445268c38f5085fb362cf,2019-06-03_03-59-46,1559559586,41.08210825920105,1532.0586304664612,13437,steropes,169.229.49.254,"{'starting_lr': 0.01, 'momentum': 0.99, 'weight_decay': 0.0005, 'steps_per_iteration': None, 'pin': False, 'model_creator': None, 'target_batch_size': 128, 'model_string': 'resnet50', 'min_batch_size': 128, 'dataset': 'CIFAR', 'placement': None, 'use_nccl': True, 'devices_per_worker': 1, 'primary_resource': 'extra_gpu', 'gpu': False, 'verbose': False, 'lr_config': {'mode': 'log', 'steps': 5, 'initial_lr': 0.01, 'target_lr': 0.01}, 'batch_per_device': 128}",1532.0586304664612,0,37,1455.7665985564518,1,25.110045194625854
0.018249940872192384,0.03205973287171955,0.0007448434829711914,0.0017577632308920935,0.027432990074157716,nan,0.0,0.04799594879150391,0.7232399821281433,0.8212346902847291,-0.7206000089645386,nan,0.0,nan,0.0,nan,0.0,0.7237600088119507,0.8074456176948548,nan,0.0,0.7206000089645386,0.8242135853767395,nan,0.0,60000,1,False,,,38,-0.8212346902847291,57988e3d96a445268c38f5085fb362cf,2019-06-03_04-00-27,1559559627,41.025466442108154,1573.0840969085693,13437,steropes,169.229.49.254,"{'starting_lr': 0.01, 'momentum': 0.99, 'weight_decay': 0.0005, 'steps_per_iteration': None, 'pin': False, 'model_creator': None, 'target_batch_size': 128, 'model_string': 'resnet50', 'min_batch_size': 128, 'dataset': 'CIFAR', 'placement': None, 'use_nccl': True, 'devices_per_worker': 1, 'primary_resource': 'extra_gpu', 'gpu': False, 'verbose': False, 'lr_config': {'mode': 'log', 'steps': 5, 'initial_lr': 0.01, 'target_lr': 0.01}, 'batch_per_device': 128}",1573.0840969085693,0,38,1457.7339425425612,1,25.110045194625854
0.017881941795349122,0.031956322585480125,0.0007526874542236328,0.0017701079473471093,0.027805614471435546,nan,0.0,0.04755246639251709,0.7263199806213378,0.8068761917686462,-0.7346999645233154,nan,0.0,nan,0.0,nan,0.0,0.7236599922180176,0.8067354912948609,nan,0.0,0.7346999645233154,0.7652312910079956,nan,0.0,60000,1,False,,,39,-0.8068761917686462,57988e3d96a445268c38f5085fb362cf,2019-06-03_04-01-08,1559559668,41.05063462257385,1614.1347315311432,13437,steropes,169.229.49.254,"{'starting_lr': 0.01, 'momentum': 0.99, 'weight_decay': 0.0005, 'steps_per_iteration': None, 'pin': False, 'model_creator': None, 'target_batch_size': 128, 'model_string': 'resnet50', 'min_batch_size': 128, 'dataset': 'CIFAR', 'placement': None, 'use_nccl': True, 'devices_per_worker': 1, 'primary_resource': 'extra_gpu', 'gpu': False, 'verbose': False, 'lr_config': {'mode': 'log', 'steps': 5, 'initial_lr': 0.01, 'target_lr': 0.01}, 'batch_per_device': 128}",1614.1347315311432,0,39,1459.3331559559833,1,25.110045194625854
0.017855525016784668,0.03165012371690967,0.0007498502731323242,0.0017884850806897253,0.027904343605041505,nan,0.0,0.04831352233886719,0.7325199842453003,0.7859911492156982,-0.7408999800682068,nan,0.0,nan,0.0,nan,0.0,0.7195000052452087,0.8169612586593628,nan,0.0,0.7408999800682068,0.7608554719924927,nan,0.0,60000,1,False,,,40,-0.7859911492156982,57988e3d96a445268c38f5085fb362cf,2019-06-03_04-01-49,1559559709,41.0782413482666,1655.2129728794098,13437,steropes,169.229.49.254,"{'starting_lr': 0.01, 'momentum': 0.99, 'weight_decay': 0.0005, 'steps_per_iteration': None, 'pin': False, 'model_creator': None, 'target_batch_size': 128, 'model_string': 'resnet50', 'min_batch_size': 128, 'dataset': 'CIFAR', 'placement': None, 'use_nccl': True, 'devices_per_worker': 1, 'primary_resource': 'extra_gpu', 'gpu': False, 'verbose': False, 'lr_config': {'mode': 'log', 'steps': 5, 'initial_lr': 0.01, 'target_lr': 0.01}, 'batch_per_device': 128}",1655.2129728794098,0,40,1461.0370700591716,1,25.110045194625854
0.019492220878601075,0.03282805635959287,0.0008272647857666016,0.0017758232858174903,0.028960561752319335,nan,0.0,0.04930157661437988,0.7344199776649475,0.7747184208869934,-0.7361999750137329,nan,0.0,nan,0.0,nan,0.0,0.7253400087356567,0.7944340423583984,nan,0.0,0.7361999750137329,0.7578377029418946,nan,0.0,60000,1,False,,,41,-0.7747184208869934,57988e3d96a445268c38f5085fb362cf,2019-06-03_04-02-30,1559559750,41.42300748825073,1696.6359803676605,13437,steropes,169.229.49.254,"{'starting_lr': 0.01, 'momentum': 0.99, 'weight_decay': 0.0005, 'steps_per_iteration': None, 'pin': False, 'model_creator': None, 'target_batch_size': 128, 'model_string': 'resnet50', 'min_batch_size': 128, 'dataset': 'CIFAR', 'placement': None, 'use_nccl': True, 'devices_per_worker': 1, 'primary_resource': 'extra_gpu', 'gpu': False, 'verbose': False, 'lr_config': {'mode': 'log', 'steps': 5, 'initial_lr': 0.01, 'target_lr': 0.01}, 'batch_per_device': 128}",1696.6359803676605,0,41,1458.719354554636,1,25.110045194625854
0.017853665351867675,0.0319434932515591,0.0007662296295166016,0.001788860696660893,0.027562904357910156,nan,0.0,0.04764719009399414,0.7327199816703797,0.7803239546585083,-0.7311999797821045,nan,0.0,nan,0.0,nan,0.0,0.7305200099945068,0.7899735964775085,nan,0.0,0.7311999797821045,0.7934817219734192,nan,0.0,60000,1,False,,,42,-0.7803239546585083,57988e3d96a445268c38f5085fb362cf,2019-06-03_04-03-12,1559559792,41.206762075424194,1737.8427424430847,13437,steropes,169.229.49.254,"{'starting_lr': 0.01, 'momentum': 0.99, 'weight_decay': 0.0005, 'steps_per_iteration': None, 'pin': False, 'model_creator': None, 'target_batch_size': 128, 'model_string': 'resnet50', 'min_batch_size': 128, 'dataset': 'CIFAR', 'placement': None, 'use_nccl': True, 'devices_per_worker': 1, 'primary_resource': 'extra_gpu', 'gpu': False, 'verbose': False, 'lr_config': {'mode': 'log', 'steps': 5, 'initial_lr': 0.01, 'target_lr': 0.01}, 'batch_per_device': 128}",1737.8427424430847,0,42,1457.8357245134598,1,25.110045194625854
