{"apply": 0.018182253837585448, "batch_time": 0.04339813884300522, "d2h": 0.0007458925247192383, "data_time": 0.0018645863398871459, "fwd": 0.23614127635955812, "get_state_time_mean": NaN, "get_state_time_total": 0.0, "grad": 0.18531537055969238, "mean_accuracy": 0.14299999177455902, "mean_loss": 15.446256607055664, "neg_mean_accuracy": -0.14299999177455902, "set_state_time_mean": NaN, "set_state_time_total": 0.0, "setup_model_time_mean": 23.18085217475891, "setup_model_time_total": 23.18085217475891, "setup_proc_time_mean": 1.830793857574463, "setup_proc_time_total": 1.830793857574463, "train_accuracy": 0.1528400033712387, "train_loss": 4.448463264007568, "training_time_mean": NaN, "training_time_total": 0.0, "val_accuracy": 0.14299999177455902, "val_loss": 15.446256607055664, "validation_time_mean": NaN, "validation_time_total": 0.0, "samples": 60000, "num_workers": 1, "done": false, "timesteps_total": null, "episodes_total": null, "training_iteration": 1, "neg_mean_loss": -15.446256607055664, "experiment_id": "57988e3d96a445268c38f5085fb362cf", "date": "2019-06-03_03-35-02", "timestamp": 1559558102, "time_this_iter_s": 48.43361306190491, "time_total_s": 48.43361306190491, "pid": 13437, "hostname": "steropes", "node_ip": "169.229.49.254", "config": {"starting_lr": 0.01, "momentum": 0.99, "weight_decay": 0.0005, "steps_per_iteration": null, "pin": false, "model_creator": null, "target_batch_size": 128, "model_string": "resnet50", "min_batch_size": 128, "dataset": "CIFAR", "placement": null, "use_nccl": true, "devices_per_worker": 1, "primary_resource": "extra_gpu", "gpu": false, "verbose": false, "lr_config": {"mode": "log", "steps": 5, "initial_lr": 0.01, "target_lr": 0.01}, "batch_per_device": 128}, "time_since_restore": 48.43361306190491, "timesteps_since_restore": 0, "iterations_since_restore": 1, "mean_throughput": 1238.806794570515, "atoms": 1, "setup_time": 25.110045194625854}
{"apply": 0.0181351900100708, "batch_time": 0.03321120407007917, "d2h": 0.0007497072219848633, "data_time": 0.0018173068990487882, "fwd": 0.02832622528076172, "get_state_time_mean": NaN, "get_state_time_total": 0.0, "grad": 0.04827737808227539, "mean_accuracy": 0.20819998532533646, "mean_loss": 8.705220330429077, "neg_mean_accuracy": -0.2733999788761139, "set_state_time_mean": NaN, "set_state_time_total": 0.0, "setup_model_time_mean": NaN, "setup_model_time_total": 0.0, "setup_proc_time_mean": NaN, "setup_proc_time_total": 0.0, "train_accuracy": 0.20532000064849854, "train_loss": 2.3882889126968383, "training_time_mean": NaN, "training_time_total": 0.0, "val_accuracy": 0.2733999788761139, "val_loss": 1.9641840538024902, "validation_time_mean": NaN, "validation_time_total": 0.0, "samples": 60000, "num_workers": 1, "done": false, "timesteps_total": null, "episodes_total": null, "training_iteration": 2, "neg_mean_loss": -8.705220330429077, "experiment_id": "57988e3d96a445268c38f5085fb362cf", "date": "2019-06-03_03-35-43", "timestamp": 1559558143, "time_this_iter_s": 41.312204122543335, "time_total_s": 89.74581718444824, "pid": 13437, "hostname": "steropes", "node_ip": "169.229.49.254", "config": {"starting_lr": 0.01, "momentum": 0.99, "weight_decay": 0.0005, "steps_per_iteration": null, "pin": false, "model_creator": null, "target_batch_size": 128, "model_string": "resnet50", "min_batch_size": 128, "dataset": "CIFAR", "placement": null, "use_nccl": true, "devices_per_worker": 1, "primary_resource": "extra_gpu", "gpu": false, "verbose": false, "lr_config": {"mode": "log", "steps": 5, "initial_lr": 0.01, "target_lr": 0.01}, "batch_per_device": 128}, "time_since_restore": 89.74581718444824, "timesteps_since_restore": 0, "iterations_since_restore": 2, "mean_throughput": 1337.1043488876594, "atoms": 1, "setup_time": 25.110045194625854}
{"apply": 0.018194246292114257, "batch_time": 0.032544495184210286, "d2h": 0.0008651494979858398, "data_time": 0.001846079326346707, "fwd": 0.02888820171356201, "get_state_time_mean": NaN, "get_state_time_total": 0.0, "grad": 0.04918150901794434, "mean_accuracy": 0.23536665737628937, "mean_loss": 6.434904560407002, "neg_mean_accuracy": -0.2897000014781952, "set_state_time_mean": NaN, "set_state_time_total": 0.0, "setup_model_time_mean": NaN, "setup_model_time_total": 0.0, "setup_proc_time_mean": NaN, "setup_proc_time_total": 0.0, "train_accuracy": 0.2604599893093109, "train_loss": 1.9650791257476807, "training_time_mean": NaN, "training_time_total": 0.0, "val_accuracy": 0.2897000014781952, "val_loss": 1.894273020362854, "validation_time_mean": NaN, "validation_time_total": 0.0, "samples": 60000, "num_workers": 1, "done": false, "timesteps_total": null, "episodes_total": null, "training_iteration": 3, "neg_mean_loss": -6.434904560407002, "experiment_id": "57988e3d96a445268c38f5085fb362cf", "date": "2019-06-03_03-36-25", "timestamp": 1559558185, "time_this_iter_s": 41.418153285980225, "time_total_s": 131.16397047042847, "pid": 13437, "hostname": "steropes", "node_ip": "169.229.49.254", "config": {"starting_lr": 0.01, "momentum": 0.99, "weight_decay": 0.0005, "steps_per_iteration": null, "pin": false, "model_creator": null, "target_batch_size": 128, "model_string": "resnet50", "min_batch_size": 128, "dataset": "CIFAR", "placement": null, "use_nccl": true, "devices_per_worker": 1, "primary_resource": "extra_gpu", "gpu": false, "verbose": false, "lr_config": {"mode": "log", "steps": 5, "initial_lr": 0.01, "target_lr": 0.01}, "batch_per_device": 128}, "time_since_restore": 131.16397047042847, "timesteps_since_restore": 0, "iterations_since_restore": 3, "mean_throughput": 1372.3234894642662, "atoms": 1, "setup_time": 25.110045194625854}
{"apply": 0.018427014350891113, "batch_time": 0.03328608862961395, "d2h": 0.0007341861724853516, "data_time": 0.0018334711908989246, "fwd": 0.028432631492614747, "get_state_time_mean": NaN, "get_state_time_total": 0.0, "grad": 0.05051398277282715, "mean_accuracy": 0.2667499892413616, "mean_loss": 5.258849563407898, "neg_mean_accuracy": -0.36089998483657837, "set_state_time_mean": NaN, "set_state_time_total": 0.0, "setup_model_time_mean": NaN, "setup_model_time_total": 0.0, "setup_proc_time_mean": NaN, "setup_proc_time_total": 0.0, "train_accuracy": 0.30563998222351074, "train_loss": 1.856290514831543, "training_time_mean": NaN, "training_time_total": 0.0, "val_accuracy": 0.36089998483657837, "val_loss": 1.7306845724105835, "validation_time_mean": NaN, "validation_time_total": 0.0, "samples": 60000, "num_workers": 1, "done": false, "timesteps_total": null, "episodes_total": null, "training_iteration": 4, "neg_mean_loss": -5.258849563407898, "experiment_id": "57988e3d96a445268c38f5085fb362cf", "date": "2019-06-03_03-37-06", "timestamp": 1559558226, "time_this_iter_s": 41.31208395957947, "time_total_s": 172.47605443000793, "pid": 13437, "hostname": "steropes", "node_ip": "169.229.49.254", "config": {"starting_lr": 0.01, "momentum": 0.99, "weight_decay": 0.0005, "steps_per_iteration": null, "pin": false, "model_creator": null, "target_batch_size": 128, "model_string": "resnet50", "min_batch_size": 128, "dataset": "CIFAR", "placement": null, "use_nccl": true, "devices_per_worker": 1, "primary_resource": "extra_gpu", "gpu": false, "verbose": false, "lr_config": {"mode": "log", "steps": 5, "initial_lr": 0.01, "target_lr": 0.01}, "batch_per_device": 128}, "time_since_restore": 172.47605443000793, "timesteps_since_restore": 0, "iterations_since_restore": 4, "mean_throughput": 1391.4933709607214, "atoms": 1, "setup_time": 25.110045194625854}
{"apply": 0.019757008552551268, "batch_time": 0.031657463387597964, "d2h": 0.0007739543914794921, "data_time": 0.0017799087192701256, "fwd": 0.02926464080810547, "get_state_time_mean": NaN, "get_state_time_total": 0.0, "grad": 0.049878597259521484, "mean_accuracy": 0.2927199870347977, "mean_loss": 4.536501885375976, "neg_mean_accuracy": -0.39659997820854187, "set_state_time_mean": NaN, "set_state_time_total": 0.0, "setup_model_time_mean": NaN, "setup_model_time_total": 0.0, "setup_proc_time_mean": NaN, "setup_proc_time_total": 0.0, "train_accuracy": 0.3402999937534332, "train_loss": 1.7791272720718383, "training_time_mean": NaN, "training_time_total": 0.0, "val_accuracy": 0.39659997820854187, "val_loss": 1.647111173248291, "validation_time_mean": NaN, "validation_time_total": 0.0, "samples": 60000, "num_workers": 1, "done": false, "timesteps_total": null, "episodes_total": null, "training_iteration": 5, "neg_mean_loss": -4.536501885375976, "experiment_id": "57988e3d96a445268c38f5085fb362cf", "date": "2019-06-03_03-37-47", "timestamp": 1559558267, "time_this_iter_s": 41.10341691970825, "time_total_s": 213.5794713497162, "pid": 13437, "hostname": "steropes", "node_ip": "169.229.49.254", "config": {"starting_lr": 0.01, "momentum": 0.99, "weight_decay": 0.0005, "steps_per_iteration": null, "pin": false, "model_creator": null, "target_batch_size": 128, "model_string": "resnet50", "min_batch_size": 128, "dataset": "CIFAR", "placement": null, "use_nccl": true, "devices_per_worker": 1, "primary_resource": "extra_gpu", "gpu": false, "verbose": false, "lr_config": {"mode": "log", "steps": 5, "initial_lr": 0.01, "target_lr": 0.01}, "batch_per_device": 128}, "time_since_restore": 213.5794713497162, "timesteps_since_restore": 0, "iterations_since_restore": 5, "mean_throughput": 1404.6255317604741, "atoms": 1, "setup_time": 25.110045194625854}
{"apply": 0.019109821319580077, "batch_time": 0.03416404543043692, "d2h": 0.000765538215637207, "data_time": 0.0017821203412302315, "fwd": 0.028661727905273438, "get_state_time_mean": NaN, "get_state_time_total": 0.0, "grad": 0.04944479465484619, "mean_accuracy": 0.34301998615264895, "mean_loss": 1.7732771522521973, "neg_mean_accuracy": -0.3944999873638153, "set_state_time_mean": NaN, "set_state_time_total": 0.0, "setup_model_time_mean": NaN, "setup_model_time_total": 0.0, "setup_proc_time_mean": NaN, "setup_proc_time_total": 0.0, "train_accuracy": 0.36574000120162964, "train_loss": 1.7143877881622314, "training_time_mean": NaN, "training_time_total": 0.0, "val_accuracy": 0.3944999873638153, "val_loss": 1.6301329414367676, "validation_time_mean": NaN, "validation_time_total": 0.0, "samples": 60000, "num_workers": 1, "done": false, "timesteps_total": null, "episodes_total": null, "training_iteration": 6, "neg_mean_loss": -1.7732771522521973, "experiment_id": "57988e3d96a445268c38f5085fb362cf", "date": "2019-06-03_03-38-29", "timestamp": 1559558309, "time_this_iter_s": 41.47409677505493, "time_total_s": 255.05356812477112, "pid": 13437, "hostname": "steropes", "node_ip": "169.229.49.254", "config": {"starting_lr": 0.01, "momentum": 0.99, "weight_decay": 0.0005, "steps_per_iteration": null, "pin": false, "model_creator": null, "target_batch_size": 128, "model_string": "resnet50", "min_batch_size": 128, "dataset": "CIFAR", "placement": null, "use_nccl": true, "devices_per_worker": 1, "primary_resource": "extra_gpu", "gpu": false, "verbose": false, "lr_config": {"mode": "log", "steps": 5, "initial_lr": 0.01, "target_lr": 0.01}, "batch_per_device": 128}, "time_since_restore": 255.05356812477112, "timesteps_since_restore": 0, "iterations_since_restore": 6, "mean_throughput": 1451.9370154525857, "atoms": 1, "setup_time": 25.110045194625854}
{"apply": 0.017949414253234864, "batch_time": 0.03178891049155706, "d2h": 0.0007493495941162109, "data_time": 0.0017908271926138407, "fwd": 0.02805449962615967, "get_state_time_mean": NaN, "get_state_time_total": 0.0, "grad": 0.04859633445739746, "mean_accuracy": 0.37659998536109923, "mean_loss": 1.6866270394897462, "neg_mean_accuracy": -0.4412999749183655, "set_state_time_mean": NaN, "set_state_time_total": 0.0, "setup_model_time_mean": NaN, "setup_model_time_total": 0.0, "setup_proc_time_mean": NaN, "setup_proc_time_total": 0.0, "train_accuracy": 0.39545997977256775, "train_loss": 1.646644178161621, "training_time_mean": NaN, "training_time_total": 0.0, "val_accuracy": 0.4412999749183655, "val_loss": 1.5309334899902343, "validation_time_mean": NaN, "validation_time_total": 0.0, "samples": 60000, "num_workers": 1, "done": false, "timesteps_total": null, "episodes_total": null, "training_iteration": 7, "neg_mean_loss": -1.6866270394897462, "experiment_id": "57988e3d96a445268c38f5085fb362cf", "date": "2019-06-03_03-39-10", "timestamp": 1559558350, "time_this_iter_s": 41.19701027870178, "time_total_s": 296.2505784034729, "pid": 13437, "hostname": "steropes", "node_ip": "169.229.49.254", "config": {"starting_lr": 0.01, "momentum": 0.99, "weight_decay": 0.0005, "steps_per_iteration": null, "pin": false, "model_creator": null, "target_batch_size": 128, "model_string": "resnet50", "min_batch_size": 128, "dataset": "CIFAR", "placement": null, "use_nccl": true, "devices_per_worker": 1, "primary_resource": "extra_gpu", "gpu": false, "verbose": false, "lr_config": {"mode": "log", "steps": 5, "initial_lr": 0.01, "target_lr": 0.01}, "batch_per_device": 128}, "time_since_restore": 296.2505784034729, "timesteps_since_restore": 0, "iterations_since_restore": 7, "mean_throughput": 1452.7482873983342, "atoms": 1, "setup_time": 25.110045194625854}
{"apply": 0.017970585823059083, "batch_time": 0.03180371055120154, "d2h": 0.0007242441177368164, "data_time": 0.0017755976723283148, "fwd": 0.02864246368408203, "get_state_time_mean": NaN, "get_state_time_total": 0.0, "grad": 0.04741079807281494, "mean_accuracy": 0.4096799850463867, "mean_loss": 1.6113376742172243, "neg_mean_accuracy": -0.45509999990463257, "set_state_time_mean": NaN, "set_state_time_total": 0.0, "setup_model_time_mean": NaN, "setup_model_time_total": 0.0, "setup_proc_time_mean": NaN, "setup_proc_time_total": 0.0, "train_accuracy": 0.4153999984264374, "train_loss": 1.5900617223358153, "training_time_mean": NaN, "training_time_total": 0.0, "val_accuracy": 0.45509999990463257, "val_loss": 1.5178261940002442, "validation_time_mean": NaN, "validation_time_total": 0.0, "samples": 60000, "num_workers": 1, "done": false, "timesteps_total": null, "episodes_total": null, "training_iteration": 8, "neg_mean_loss": -1.6113376742172243, "experiment_id": "57988e3d96a445268c38f5085fb362cf", "date": "2019-06-03_03-39-51", "timestamp": 1559558391, "time_this_iter_s": 41.07054877281189, "time_total_s": 337.3211271762848, "pid": 13437, "hostname": "steropes", "node_ip": "169.229.49.254", "config": {"starting_lr": 0.01, "momentum": 0.99, "weight_decay": 0.0005, "steps_per_iteration": null, "pin": false, "model_creator": null, "target_batch_size": 128, "model_string": "resnet50", "min_batch_size": 128, "dataset": "CIFAR", "placement": null, "use_nccl": true, "devices_per_worker": 1, "primary_resource": "extra_gpu", "gpu": false, "verbose": false, "lr_config": {"mode": "log", "steps": 5, "initial_lr": 0.01, "target_lr": 0.01}, "batch_per_device": 128}, "time_since_restore": 337.3211271762848, "timesteps_since_restore": 0, "iterations_since_restore": 8, "mean_throughput": 1455.1977722492932, "atoms": 1, "setup_time": 25.110045194625854}
{"apply": 0.017782139778137206, "batch_time": 0.03184705746324756, "d2h": 0.0007303953170776367, "data_time": 0.0017811111781908119, "fwd": 0.02786715030670166, "get_state_time_mean": NaN, "get_state_time_total": 0.0, "grad": 0.0479578971862793, "mean_accuracy": 0.4369399845600128, "mean_loss": 1.5417909091567992, "neg_mean_accuracy": -0.49719998240470886, "set_state_time_mean": NaN, "set_state_time_total": 0.0, "setup_model_time_mean": NaN, "setup_model_time_total": 0.0, "setup_proc_time_mean": NaN, "setup_proc_time_total": 0.0, "train_accuracy": 0.4379799962043762, "train_loss": 1.5353698210525513, "training_time_mean": NaN, "training_time_total": 0.0, "val_accuracy": 0.49719998240470886, "val_loss": 1.3829507471084594, "validation_time_mean": NaN, "validation_time_total": 0.0, "samples": 60000, "num_workers": 1, "done": false, "timesteps_total": null, "episodes_total": null, "training_iteration": 9, "neg_mean_loss": -1.5417909091567992, "experiment_id": "57988e3d96a445268c38f5085fb362cf", "date": "2019-06-03_03-40-32", "timestamp": 1559558432, "time_this_iter_s": 40.92950773239136, "time_total_s": 378.25063490867615, "pid": 13437, "hostname": "steropes", "node_ip": "169.229.49.254", "config": {"starting_lr": 0.01, "momentum": 0.99, "weight_decay": 0.0005, "steps_per_iteration": null, "pin": false, "model_creator": null, "target_batch_size": 128, "model_string": "resnet50", "min_batch_size": 128, "dataset": "CIFAR", "placement": null, "use_nccl": true, "devices_per_worker": 1, "primary_resource": "extra_gpu", "gpu": false, "verbose": false, "lr_config": {"mode": "log", "steps": 5, "initial_lr": 0.01, "target_lr": 0.01}, "batch_per_device": 128}, "time_since_restore": 378.25063490867615, "timesteps_since_restore": 0, "iterations_since_restore": 9, "mean_throughput": 1457.903243027354, "atoms": 1, "setup_time": 25.110045194625854}
{"apply": 0.018150830268859865, "batch_time": 0.03251002106485488, "d2h": 0.0008441686630249023, "data_time": 0.001802080427594197, "fwd": 0.02881748676300049, "get_state_time_mean": NaN, "get_state_time_total": 0.0, "grad": 0.051846647262573244, "mean_accuracy": 0.45501998662948606, "mean_loss": 1.4977821142196652, "neg_mean_accuracy": -0.4869999885559082, "set_state_time_mean": NaN, "set_state_time_total": 0.0, "setup_model_time_mean": NaN, "setup_model_time_total": 0.0, "setup_proc_time_mean": NaN, "setup_proc_time_total": 0.0, "train_accuracy": 0.46546000242233276, "train_loss": 1.465226207008362, "training_time_mean": NaN, "training_time_total": 0.0, "val_accuracy": 0.4869999885559082, "val_loss": 1.427067198562622, "validation_time_mean": NaN, "validation_time_total": 0.0, "samples": 60000, "num_workers": 1, "done": false, "timesteps_total": null, "episodes_total": null, "training_iteration": 10, "neg_mean_loss": -1.4977821142196652, "experiment_id": "57988e3d96a445268c38f5085fb362cf", "date": "2019-06-03_03-41-13", "timestamp": 1559558473, "time_this_iter_s": 41.181830167770386, "time_total_s": 419.43246507644653, "pid": 13437, "hostname": "steropes", "node_ip": "169.229.49.254", "config": {"starting_lr": 0.01, "momentum": 0.99, "weight_decay": 0.0005, "steps_per_iteration": null, "pin": false, "model_creator": null, "target_batch_size": 128, "model_string": "resnet50", "min_batch_size": 128, "dataset": "CIFAR", "placement": null, "use_nccl": true, "devices_per_worker": 1, "primary_resource": "extra_gpu", "gpu": false, "verbose": false, "lr_config": {"mode": "log", "steps": 5, "initial_lr": 0.01, "target_lr": 0.01}, "batch_per_device": 128}, "time_since_restore": 419.43246507644653, "timesteps_since_restore": 0, "iterations_since_restore": 10, "mean_throughput": 1457.3478475121726, "atoms": 1, "setup_time": 25.110045194625854}
{"apply": 0.018542909622192384, "batch_time": 0.03191061864925336, "d2h": 0.0007339954376220703, "data_time": 0.0018168849408474114, "fwd": 0.028511452674865722, "get_state_time_mean": NaN, "get_state_time_total": 0.0, "grad": 0.047860002517700194, "mean_accuracy": 0.4829599916934967, "mean_loss": 1.431763685951233, "neg_mean_accuracy": -0.5342000126838684, "set_state_time_mean": NaN, "set_state_time_total": 0.0, "setup_model_time_mean": NaN, "setup_model_time_total": 0.0, "setup_proc_time_mean": NaN, "setup_proc_time_total": 0.0, "train_accuracy": 0.49157997965812683, "train_loss": 1.4041695161056518, "training_time_mean": NaN, "training_time_total": 0.0, "val_accuracy": 0.5342000126838684, "val_loss": 1.3000408000946044, "validation_time_mean": NaN, "validation_time_total": 0.0, "samples": 60000, "num_workers": 1, "done": false, "timesteps_total": null, "episodes_total": null, "training_iteration": 11, "neg_mean_loss": -1.431763685951233, "experiment_id": "57988e3d96a445268c38f5085fb362cf", "date": "2019-06-03_03-41-54", "timestamp": 1559558514, "time_this_iter_s": 41.33707094192505, "time_total_s": 460.7695360183716, "pid": 13437, "hostname": "steropes", "node_ip": "169.229.49.254", "config": {"starting_lr": 0.01, "momentum": 0.99, "weight_decay": 0.0005, "steps_per_iteration": null, "pin": false, "model_creator": null, "target_batch_size": 128, "model_string": "resnet50", "min_batch_size": 128, "dataset": "CIFAR", "placement": null, "use_nccl": true, "devices_per_worker": 1, "primary_resource": "extra_gpu", "gpu": false, "verbose": false, "lr_config": {"mode": "log", "steps": 5, "initial_lr": 0.01, "target_lr": 0.01}, "batch_per_device": 128}, "time_since_restore": 460.7695360183716, "timesteps_since_restore": 0, "iterations_since_restore": 11, "mean_throughput": 1458.318622896721, "atoms": 1, "setup_time": 25.110045194625854}
{"apply": 0.018735718727111817, "batch_time": 0.03198223174372806, "d2h": 0.0007594108581542968, "data_time": 0.0017770318424000459, "fwd": 0.028279566764831544, "get_state_time_mean": NaN, "get_state_time_total": 0.0, "grad": 0.04800536632537842, "mean_accuracy": 0.5045999944210052, "mean_loss": 1.3788493449783326, "neg_mean_accuracy": -0.5494999885559082, "set_state_time_mean": NaN, "set_state_time_total": 0.0, "setup_model_time_mean": NaN, "setup_model_time_total": 0.0, "setup_proc_time_mean": NaN, "setup_proc_time_total": 0.0, "train_accuracy": 0.5156999826431274, "train_loss": 1.3461259871292115, "training_time_mean": NaN, "training_time_total": 0.0, "val_accuracy": 0.5494999885559082, "val_loss": 1.2663617851257325, "validation_time_mean": NaN, "validation_time_total": 0.0, "samples": 60000, "num_workers": 1, "done": false, "timesteps_total": null, "episodes_total": null, "training_iteration": 12, "neg_mean_loss": -1.3788493449783326, "experiment_id": "57988e3d96a445268c38f5085fb362cf", "date": "2019-06-03_03-42-36", "timestamp": 1559558556, "time_this_iter_s": 41.187459230422974, "time_total_s": 501.95699524879456, "pid": 13437, "hostname": "steropes", "node_ip": "169.229.49.254", "config": {"starting_lr": 0.01, "momentum": 0.99, "weight_decay": 0.0005, "steps_per_iteration": null, "pin": false, "model_creator": null, "target_batch_size": 128, "model_string": "resnet50", "min_batch_size": 128, "dataset": "CIFAR", "placement": null, "use_nccl": true, "devices_per_worker": 1, "primary_resource": "extra_gpu", "gpu": false, "verbose": false, "lr_config": {"mode": "log", "steps": 5, "initial_lr": 0.01, "target_lr": 0.01}, "batch_per_device": 128}, "time_since_restore": 501.95699524879456, "timesteps_since_restore": 0, "iterations_since_restore": 12, "mean_throughput": 1458.3863264441334, "atoms": 1, "setup_time": 25.110045194625854}
{"apply": 0.01868908405303955, "batch_time": 0.031757188748709766, "d2h": 0.0007449865341186523, "data_time": 0.0017566113825649252, "fwd": 0.02853829860687256, "get_state_time_mean": NaN, "get_state_time_total": 0.0, "grad": 0.048310375213623045, "mean_accuracy": 0.5265999972820282, "mean_loss": 1.3255550018692017, "neg_mean_accuracy": -0.5651000142097473, "set_state_time_mean": NaN, "set_state_time_total": 0.0, "setup_model_time_mean": NaN, "setup_model_time_total": 0.0, "setup_proc_time_mean": NaN, "setup_proc_time_total": 0.0, "train_accuracy": 0.5371599793434143, "train_loss": 1.301708867073059, "training_time_mean": NaN, "training_time_total": 0.0, "val_accuracy": 0.5651000142097473, "val_loss": 1.2513544784545898, "validation_time_mean": NaN, "validation_time_total": 0.0, "samples": 60000, "num_workers": 1, "done": false, "timesteps_total": null, "episodes_total": null, "training_iteration": 13, "neg_mean_loss": -1.3255550018692017, "experiment_id": "57988e3d96a445268c38f5085fb362cf", "date": "2019-06-03_03-43-17", "timestamp": 1559558597, "time_this_iter_s": 41.215789556503296, "time_total_s": 543.1727848052979, "pid": 13437, "hostname": "steropes", "node_ip": "169.229.49.254", "config": {"starting_lr": 0.01, "momentum": 0.99, "weight_decay": 0.0005, "steps_per_iteration": null, "pin": false, "model_creator": null, "target_batch_size": 128, "model_string": "resnet50", "min_batch_size": 128, "dataset": "CIFAR", "placement": null, "use_nccl": true, "devices_per_worker": 1, "primary_resource": "extra_gpu", "gpu": false, "verbose": false, "lr_config": {"mode": "log", "steps": 5, "initial_lr": 0.01, "target_lr": 0.01}, "batch_per_device": 128}, "time_since_restore": 543.1727848052979, "timesteps_since_restore": 0, "iterations_since_restore": 13, "mean_throughput": 1457.3569757026005, "atoms": 1, "setup_time": 25.110045194625854}
{"apply": 0.017629075050354003, "batch_time": 0.0316803726968886, "d2h": 0.0007304191589355469, "data_time": 0.001777680023856785, "fwd": 0.027510523796081543, "get_state_time_mean": NaN, "get_state_time_total": 0.0, "grad": 0.04780571460723877, "mean_accuracy": 0.5435199975967407, "mean_loss": 1.2872155690383908, "neg_mean_accuracy": -0.5817999839782715, "set_state_time_mean": NaN, "set_state_time_total": 0.0, "setup_model_time_mean": NaN, "setup_model_time_total": 0.0, "setup_proc_time_mean": NaN, "setup_proc_time_total": 0.0, "train_accuracy": 0.5532400012016296, "train_loss": 1.25261501247406, "training_time_mean": NaN, "training_time_total": 0.0, "val_accuracy": 0.5817999839782715, "val_loss": 1.1912535829544066, "validation_time_mean": NaN, "validation_time_total": 0.0, "samples": 60000, "num_workers": 1, "done": false, "timesteps_total": null, "episodes_total": null, "training_iteration": 14, "neg_mean_loss": -1.2872155690383908, "experiment_id": "57988e3d96a445268c38f5085fb362cf", "date": "2019-06-03_03-43-58", "timestamp": 1559558638, "time_this_iter_s": 41.04593467712402, "time_total_s": 584.2187194824219, "pid": 13437, "hostname": "steropes", "node_ip": "169.229.49.254", "config": {"starting_lr": 0.01, "momentum": 0.99, "weight_decay": 0.0005, "steps_per_iteration": null, "pin": false, "model_creator": null, "target_batch_size": 128, "model_string": "resnet50", "min_batch_size": 128, "dataset": "CIFAR", "placement": null, "use_nccl": true, "devices_per_worker": 1, "primary_resource": "extra_gpu", "gpu": false, "verbose": false, "lr_config": {"mode": "log", "steps": 5, "initial_lr": 0.01, "target_lr": 0.01}, "batch_per_device": 128}, "time_since_restore": 584.2187194824219, "timesteps_since_restore": 0, "iterations_since_restore": 14, "mean_throughput": 1456.5331413358501, "atoms": 1, "setup_time": 25.110045194625854}
{"apply": 0.017902421951293945, "batch_time": 0.03184529195857953, "d2h": 0.0007600545883178711, "data_time": 0.0017541802447775135, "fwd": 0.027885818481445314, "get_state_time_mean": NaN, "get_state_time_total": 0.0, "grad": 0.05004339218139649, "mean_accuracy": 0.5658999919891358, "mean_loss": 1.227203145637512, "neg_mean_accuracy": -0.5988999605178833, "set_state_time_mean": NaN, "set_state_time_total": 0.0, "setup_model_time_mean": NaN, "setup_model_time_total": 0.0, "setup_proc_time_mean": NaN, "setup_proc_time_total": 0.0, "train_accuracy": 0.5749399662017822, "train_loss": 1.1887181943511962, "training_time_mean": NaN, "training_time_total": 0.0, "val_accuracy": 0.5988999605178833, "val_loss": 1.1270050815582275, "validation_time_mean": NaN, "validation_time_total": 0.0, "samples": 60000, "num_workers": 1, "done": false, "timesteps_total": null, "episodes_total": null, "training_iteration": 15, "neg_mean_loss": -1.227203145637512, "experiment_id": "57988e3d96a445268c38f5085fb362cf", "date": "2019-06-03_03-44-39", "timestamp": 1559558679, "time_this_iter_s": 41.04611659049988, "time_total_s": 625.2648360729218, "pid": 13437, "hostname": "steropes", "node_ip": "169.229.49.254", "config": {"starting_lr": 0.01, "momentum": 0.99, "weight_decay": 0.0005, "steps_per_iteration": null, "pin": false, "model_creator": null, "target_batch_size": 128, "model_string": "resnet50", "min_batch_size": 128, "dataset": "CIFAR", "placement": null, "use_nccl": true, "devices_per_worker": 1, "primary_resource": "extra_gpu", "gpu": false, "verbose": false, "lr_config": {"mode": "log", "steps": 5, "initial_lr": 0.01, "target_lr": 0.01}, "batch_per_device": 128}, "time_since_restore": 625.2648360729218, "timesteps_since_restore": 0, "iterations_since_restore": 15, "mean_throughput": 1457.4935071065393, "atoms": 1, "setup_time": 25.110045194625854}
{"apply": 0.01773531436920166, "batch_time": 0.03164859059490735, "d2h": 0.0007366657257080079, "data_time": 0.0017632608828337295, "fwd": 0.02769632339477539, "get_state_time_mean": NaN, "get_state_time_total": 0.0, "grad": 0.04837613105773926, "mean_accuracy": 0.5788999915122985, "mean_loss": 1.1965978133392334, "neg_mean_accuracy": -0.5992000102996826, "set_state_time_mean": NaN, "set_state_time_total": 0.0, "setup_model_time_mean": NaN, "setup_model_time_total": 0.0, "setup_proc_time_mean": NaN, "setup_proc_time_total": 0.0, "train_accuracy": 0.5907999873161316, "train_loss": 1.1507948291778565, "training_time_mean": NaN, "training_time_total": 0.0, "val_accuracy": 0.5992000102996826, "val_loss": 1.1470141386032104, "validation_time_mean": NaN, "validation_time_total": 0.0, "samples": 60000, "num_workers": 1, "done": false, "timesteps_total": null, "episodes_total": null, "training_iteration": 16, "neg_mean_loss": -1.1965978133392334, "experiment_id": "57988e3d96a445268c38f5085fb362cf", "date": "2019-06-03_03-45-20", "timestamp": 1559558720, "time_this_iter_s": 41.072630405426025, "time_total_s": 666.3374664783478, "pid": 13437, "hostname": "steropes", "node_ip": "169.229.49.254", "config": {"starting_lr": 0.01, "momentum": 0.99, "weight_decay": 0.0005, "steps_per_iteration": null, "pin": false, "model_creator": null, "target_batch_size": 128, "model_string": "resnet50", "min_batch_size": 128, "dataset": "CIFAR", "placement": null, "use_nccl": true, "devices_per_worker": 1, "primary_resource": "extra_gpu", "gpu": false, "verbose": false, "lr_config": {"mode": "log", "steps": 5, "initial_lr": 0.01, "target_lr": 0.01}, "batch_per_device": 128}, "time_since_restore": 666.3374664783478, "timesteps_since_restore": 0, "iterations_since_restore": 16, "mean_throughput": 1459.3683658070001, "atoms": 1, "setup_time": 25.110045194625854}
{"apply": 0.017918968200683595, "batch_time": 0.03173212160038043, "d2h": 0.0007674217224121094, "data_time": 0.0017720305401345959, "fwd": 0.028195524215698244, "get_state_time_mean": NaN, "get_state_time_total": 0.0, "grad": 0.049227023124694826, "mean_accuracy": 0.5995999932289123, "mean_loss": 1.141915563583374, "neg_mean_accuracy": -0.652999997138977, "set_state_time_mean": NaN, "set_state_time_total": 0.0, "setup_model_time_mean": NaN, "setup_model_time_total": 0.0, "setup_proc_time_mean": NaN, "setup_proc_time_total": 0.0, "train_accuracy": 0.606939971446991, "train_loss": 1.1134551692581176, "training_time_mean": NaN, "training_time_total": 0.0, "val_accuracy": 0.652999997138977, "val_loss": 0.9929505363464356, "validation_time_mean": NaN, "validation_time_total": 0.0, "samples": 60000, "num_workers": 1, "done": false, "timesteps_total": null, "episodes_total": null, "training_iteration": 17, "neg_mean_loss": -1.141915563583374, "experiment_id": "57988e3d96a445268c38f5085fb362cf", "date": "2019-06-03_03-46-01", "timestamp": 1559558761, "time_this_iter_s": 41.125038146972656, "time_total_s": 707.4625046253204, "pid": 13437, "hostname": "steropes", "node_ip": "169.229.49.254", "config": {"starting_lr": 0.01, "momentum": 0.99, "weight_decay": 0.0005, "steps_per_iteration": null, "pin": false, "model_creator": null, "target_batch_size": 128, "model_string": "resnet50", "min_batch_size": 128, "dataset": "CIFAR", "placement": null, "use_nccl": true, "devices_per_worker": 1, "primary_resource": "extra_gpu", "gpu": false, "verbose": false, "lr_config": {"mode": "log", "steps": 5, "initial_lr": 0.01, "target_lr": 0.01}, "batch_per_device": 128}, "time_since_restore": 707.4625046253204, "timesteps_since_restore": 0, "iterations_since_restore": 17, "mean_throughput": 1459.8116444173422, "atoms": 1, "setup_time": 25.110045194625854}
{"apply": 0.0177398681640625, "batch_time": 0.031868705266638646, "d2h": 0.0007568120956420899, "data_time": 0.0017629999029057106, "fwd": 0.027588081359863282, "get_state_time_mean": NaN, "get_state_time_total": 0.0, "grad": 0.04893357753753662, "mean_accuracy": 0.6192399859428406, "mean_loss": 1.0877719873046874, "neg_mean_accuracy": -0.6632999777793884, "set_state_time_mean": NaN, "set_state_time_total": 0.0, "setup_model_time_mean": NaN, "setup_model_time_total": 0.0, "setup_proc_time_mean": NaN, "setup_proc_time_total": 0.0, "train_accuracy": 0.6246599555015564, "train_loss": 1.0635541221237184, "training_time_mean": NaN, "training_time_total": 0.0, "val_accuracy": 0.6632999777793884, "val_loss": 0.9806365970611572, "validation_time_mean": NaN, "validation_time_total": 0.0, "samples": 60000, "num_workers": 1, "done": false, "timesteps_total": null, "episodes_total": null, "training_iteration": 18, "neg_mean_loss": -1.0877719873046874, "experiment_id": "57988e3d96a445268c38f5085fb362cf", "date": "2019-06-03_03-46-42", "timestamp": 1559558802, "time_this_iter_s": 41.086002826690674, "time_total_s": 748.5485074520111, "pid": 13437, "hostname": "steropes", "node_ip": "169.229.49.254", "config": {"starting_lr": 0.01, "momentum": 0.99, "weight_decay": 0.0005, "steps_per_iteration": null, "pin": false, "model_creator": null, "target_batch_size": 128, "model_string": "resnet50", "min_batch_size": 128, "dataset": "CIFAR", "placement": null, "use_nccl": true, "devices_per_worker": 1, "primary_resource": "extra_gpu", "gpu": false, "verbose": false, "lr_config": {"mode": "log", "steps": 5, "initial_lr": 0.01, "target_lr": 0.01}, "batch_per_device": 128}, "time_since_restore": 748.5485074520111, "timesteps_since_restore": 0, "iterations_since_restore": 18, "mean_throughput": 1460.7345774563566, "atoms": 1, "setup_time": 25.110045194625854}
{"apply": 0.01788485050201416, "batch_time": 0.031551792651792115, "d2h": 0.0007786750793457031, "data_time": 0.0017833258489818524, "fwd": 0.02792501449584961, "get_state_time_mean": NaN, "get_state_time_total": 0.0, "grad": 0.04872608184814453, "mean_accuracy": 0.6369199872016906, "mean_loss": 1.039389450187683, "neg_mean_accuracy": -0.670199990272522, "set_state_time_mean": NaN, "set_state_time_total": 0.0, "setup_model_time_mean": NaN, "setup_model_time_total": 0.0, "setup_proc_time_mean": NaN, "setup_proc_time_total": 0.0, "train_accuracy": 0.6353600025177002, "train_loss": 1.0314071626472474, "training_time_mean": NaN, "training_time_total": 0.0, "val_accuracy": 0.670199990272522, "val_loss": 0.9493408973693848, "validation_time_mean": NaN, "validation_time_total": 0.0, "samples": 60000, "num_workers": 1, "done": false, "timesteps_total": null, "episodes_total": null, "training_iteration": 19, "neg_mean_loss": -1.039389450187683, "experiment_id": "57988e3d96a445268c38f5085fb362cf", "date": "2019-06-03_03-47-23", "timestamp": 1559558843, "time_this_iter_s": 41.135722637176514, "time_total_s": 789.6842300891876, "pid": 13437, "hostname": "steropes", "node_ip": "169.229.49.254", "config": {"starting_lr": 0.01, "momentum": 0.99, "weight_decay": 0.0005, "steps_per_iteration": null, "pin": false, "model_creator": null, "target_batch_size": 128, "model_string": "resnet50", "min_batch_size": 128, "dataset": "CIFAR", "placement": null, "use_nccl": true, "devices_per_worker": 1, "primary_resource": "extra_gpu", "gpu": false, "verbose": false, "lr_config": {"mode": "log", "steps": 5, "initial_lr": 0.01, "target_lr": 0.01}, "batch_per_device": 128}, "time_since_restore": 789.6842300891876, "timesteps_since_restore": 0, "iterations_since_restore": 19, "mean_throughput": 1460.096296919369, "atoms": 1, "setup_time": 25.110045194625854}
{"apply": 0.01803743839263916, "batch_time": 0.03199719175507751, "d2h": 0.0007527828216552735, "data_time": 0.0017842026927587017, "fwd": 0.028164434432983398, "get_state_time_mean": NaN, "get_state_time_total": 0.0, "grad": 0.04779117107391358, "mean_accuracy": 0.6517599940299987, "mean_loss": 1.0009474028205871, "neg_mean_accuracy": -0.6730999946594238, "set_state_time_mean": NaN, "set_state_time_total": 0.0, "setup_model_time_mean": NaN, "setup_model_time_total": 0.0, "setup_proc_time_mean": NaN, "setup_proc_time_total": 0.0, "train_accuracy": 0.6483599543571472, "train_loss": 1.0033948341751098, "training_time_mean": NaN, "training_time_total": 0.0, "val_accuracy": 0.6730999946594238, "val_loss": 0.9347948447227478, "validation_time_mean": NaN, "validation_time_total": 0.0, "samples": 60000, "num_workers": 1, "done": false, "timesteps_total": null, "episodes_total": null, "training_iteration": 20, "neg_mean_loss": -1.0009474028205871, "experiment_id": "57988e3d96a445268c38f5085fb362cf", "date": "2019-06-03_03-48-05", "timestamp": 1559558885, "time_this_iter_s": 41.249940395355225, "time_total_s": 830.9341704845428, "pid": 13437, "hostname": "steropes", "node_ip": "169.229.49.254", "config": {"starting_lr": 0.01, "momentum": 0.99, "weight_decay": 0.0005, "steps_per_iteration": null, "pin": false, "model_creator": null, "target_batch_size": 128, "model_string": "resnet50", "min_batch_size": 128, "dataset": "CIFAR", "placement": null, "use_nccl": true, "devices_per_worker": 1, "primary_resource": "extra_gpu", "gpu": false, "verbose": false, "lr_config": {"mode": "log", "steps": 5, "initial_lr": 0.01, "target_lr": 0.01}, "batch_per_device": 128}, "time_since_restore": 830.9341704845428, "timesteps_since_restore": 0, "iterations_since_restore": 20, "mean_throughput": 1458.6492764780628, "atoms": 1, "setup_time": 25.110045194625854}
{"apply": 0.020377397537231445, "batch_time": 0.03178102758866322, "d2h": 0.0007714986801147461, "data_time": 0.00175755530062234, "fwd": 0.02949385643005371, "get_state_time_mean": NaN, "get_state_time_total": 0.0, "grad": 0.04845430850982666, "mean_accuracy": 0.6624599933624268, "mean_loss": 0.973584990386963, "neg_mean_accuracy": -0.6527000069618225, "set_state_time_mean": NaN, "set_state_time_total": 0.0, "setup_model_time_mean": NaN, "setup_model_time_total": 0.0, "setup_proc_time_mean": NaN, "setup_proc_time_total": 0.0, "train_accuracy": 0.655239999294281, "train_loss": 0.9863135795783997, "training_time_mean": NaN, "training_time_total": 0.0, "val_accuracy": 0.6527000069618225, "val_loss": 1.0102020764350892, "validation_time_mean": NaN, "validation_time_total": 0.0, "samples": 60000, "num_workers": 1, "done": false, "timesteps_total": null, "episodes_total": null, "training_iteration": 21, "neg_mean_loss": -0.973584990386963, "experiment_id": "57988e3d96a445268c38f5085fb362cf", "date": "2019-06-03_03-48-46", "timestamp": 1559558926, "time_this_iter_s": 41.03272604942322, "time_total_s": 871.9668965339661, "pid": 13437, "hostname": "steropes", "node_ip": "169.229.49.254", "config": {"starting_lr": 0.01, "momentum": 0.99, "weight_decay": 0.0005, "steps_per_iteration": null, "pin": false, "model_creator": null, "target_batch_size": 128, "model_string": "resnet50", "min_batch_size": 128, "dataset": "CIFAR", "placement": null, "use_nccl": true, "devices_per_worker": 1, "primary_resource": "extra_gpu", "gpu": false, "verbose": false, "lr_config": {"mode": "log", "steps": 5, "initial_lr": 0.01, "target_lr": 0.01}, "batch_per_device": 128}, "time_since_restore": 871.9668965339661, "timesteps_since_restore": 0, "iterations_since_restore": 21, "mean_throughput": 1458.9323813655092, "atoms": 1, "setup_time": 25.110045194625854}
{"apply": 0.017742323875427245, "batch_time": 0.03236396705047994, "d2h": 0.0007495641708374024, "data_time": 0.0017618108588411375, "fwd": 0.02763204574584961, "get_state_time_mean": NaN, "get_state_time_total": 0.0, "grad": 0.04778542518615723, "mean_accuracy": 0.6700399875640869, "mean_loss": 0.9519110886001586, "neg_mean_accuracy": -0.6908999681472778, "set_state_time_mean": NaN, "set_state_time_total": 0.0, "setup_model_time_mean": NaN, "setup_model_time_total": 0.0, "setup_proc_time_mean": NaN, "setup_proc_time_total": 0.0, "train_accuracy": 0.6661799550056458, "train_loss": 0.9540853517532348, "training_time_mean": NaN, "training_time_total": 0.0, "val_accuracy": 0.6908999681472778, "val_loss": 0.8845810274124145, "validation_time_mean": NaN, "validation_time_total": 0.0, "samples": 60000, "num_workers": 1, "done": false, "timesteps_total": null, "episodes_total": null, "training_iteration": 22, "neg_mean_loss": -0.9519110886001586, "experiment_id": "57988e3d96a445268c38f5085fb362cf", "date": "2019-06-03_03-49-27", "timestamp": 1559558967, "time_this_iter_s": 41.54054594039917, "time_total_s": 913.5074424743652, "pid": 13437, "hostname": "steropes", "node_ip": "169.229.49.254", "config": {"starting_lr": 0.01, "momentum": 0.99, "weight_decay": 0.0005, "steps_per_iteration": null, "pin": false, "model_creator": null, "target_batch_size": 128, "model_string": "resnet50", "min_batch_size": 128, "dataset": "CIFAR", "placement": null, "use_nccl": true, "devices_per_worker": 1, "primary_resource": "extra_gpu", "gpu": false, "verbose": false, "lr_config": {"mode": "log", "steps": 5, "initial_lr": 0.01, "target_lr": 0.01}, "batch_per_device": 128}, "time_since_restore": 913.5074424743652, "timesteps_since_restore": 0, "iterations_since_restore": 22, "mean_throughput": 1455.9903109490797, "atoms": 1, "setup_time": 25.110045194625854}
{"apply": 0.018035173416137695, "batch_time": 0.03155268294901788, "d2h": 0.0007593631744384766, "data_time": 0.001793124791606308, "fwd": 0.028568196296691894, "get_state_time_mean": NaN, "get_state_time_total": 0.0, "grad": 0.04788603782653809, "mean_accuracy": 0.6746999859809876, "mean_loss": 0.9365087789726256, "neg_mean_accuracy": -0.6865999698638916, "set_state_time_mean": NaN, "set_state_time_total": 0.0, "setup_model_time_mean": NaN, "setup_model_time_total": 0.0, "setup_proc_time_mean": NaN, "setup_proc_time_total": 0.0, "train_accuracy": 0.6703999638557434, "train_loss": 0.9383940147018432, "training_time_mean": NaN, "training_time_total": 0.0, "val_accuracy": 0.6865999698638916, "val_loss": 0.9036250489234924, "validation_time_mean": NaN, "validation_time_total": 0.0, "samples": 60000, "num_workers": 1, "done": false, "timesteps_total": null, "episodes_total": null, "training_iteration": 23, "neg_mean_loss": -0.9365087789726256, "experiment_id": "57988e3d96a445268c38f5085fb362cf", "date": "2019-06-03_03-50-08", "timestamp": 1559559008, "time_this_iter_s": 41.225059270858765, "time_total_s": 954.732501745224, "pid": 13437, "hostname": "steropes", "node_ip": "169.229.49.254", "config": {"starting_lr": 0.01, "momentum": 0.99, "weight_decay": 0.0005, "steps_per_iteration": null, "pin": false, "model_creator": null, "target_batch_size": 128, "model_string": "resnet50", "min_batch_size": 128, "dataset": "CIFAR", "placement": null, "use_nccl": true, "devices_per_worker": 1, "primary_resource": "extra_gpu", "gpu": false, "verbose": false, "lr_config": {"mode": "log", "steps": 5, "initial_lr": 0.01, "target_lr": 0.01}, "batch_per_device": 128}, "time_since_restore": 954.732501745224, "timesteps_since_restore": 0, "iterations_since_restore": 23, "mean_throughput": 1455.0083508616158, "atoms": 1, "setup_time": 25.110045194625854}
{"apply": 0.01802716255187988, "batch_time": 0.03354719620716723, "d2h": 0.0007799386978149414, "data_time": 0.0017801416499535446, "fwd": 0.028496766090393068, "get_state_time_mean": NaN, "get_state_time_total": 0.0, "grad": 0.04815716743469238, "mean_accuracy": 0.6767399787902832, "mean_loss": 0.926273578262329, "neg_mean_accuracy": -0.6803999543190002, "set_state_time_mean": NaN, "set_state_time_total": 0.0, "setup_model_time_mean": NaN, "setup_model_time_total": 0.0, "setup_proc_time_mean": NaN, "setup_proc_time_total": 0.0, "train_accuracy": 0.6739799976348877, "train_loss": 0.9366290191268921, "training_time_mean": NaN, "training_time_total": 0.0, "val_accuracy": 0.6803999543190002, "val_loss": 0.8981648938179017, "validation_time_mean": NaN, "validation_time_total": 0.0, "samples": 60000, "num_workers": 1, "done": false, "timesteps_total": null, "episodes_total": null, "training_iteration": 24, "neg_mean_loss": -0.926273578262329, "experiment_id": "57988e3d96a445268c38f5085fb362cf", "date": "2019-06-03_03-50-50", "timestamp": 1559559050, "time_this_iter_s": 41.254321336746216, "time_total_s": 995.9868230819702, "pid": 13437, "hostname": "steropes", "node_ip": "169.229.49.254", "config": {"starting_lr": 0.01, "momentum": 0.99, "weight_decay": 0.0005, "steps_per_iteration": null, "pin": false, "model_creator": null, "target_batch_size": 128, "model_string": "resnet50", "min_batch_size": 128, "dataset": "CIFAR", "placement": null, "use_nccl": true, "devices_per_worker": 1, "primary_resource": "extra_gpu", "gpu": false, "verbose": false, "lr_config": {"mode": "log", "steps": 5, "initial_lr": 0.01, "target_lr": 0.01}, "batch_per_device": 128}, "time_since_restore": 995.9868230819702, "timesteps_since_restore": 0, "iterations_since_restore": 24, "mean_throughput": 1454.1718438747569, "atoms": 1, "setup_time": 25.110045194625854}
{"apply": 0.01782224178314209, "batch_time": 0.031899597071394135, "d2h": 0.0007750988006591797, "data_time": 0.0017905838959052435, "fwd": 0.027796840667724608, "get_state_time_mean": NaN, "get_state_time_total": 0.0, "grad": 0.04889624118804932, "mean_accuracy": 0.6832599759101867, "mean_loss": 0.9089965507698059, "neg_mean_accuracy": -0.7056999802589417, "set_state_time_mean": NaN, "set_state_time_total": 0.0, "setup_model_time_mean": NaN, "setup_model_time_total": 0.0, "setup_proc_time_mean": NaN, "setup_proc_time_total": 0.0, "train_accuracy": 0.684179961681366, "train_loss": 0.9053243968200684, "training_time_mean": NaN, "training_time_total": 0.0, "val_accuracy": 0.7056999802589417, "val_loss": 0.8484097072601319, "validation_time_mean": NaN, "validation_time_total": 0.0, "samples": 60000, "num_workers": 1, "done": false, "timesteps_total": null, "episodes_total": null, "training_iteration": 25, "neg_mean_loss": -0.9089965507698059, "experiment_id": "57988e3d96a445268c38f5085fb362cf", "date": "2019-06-03_03-51-31", "timestamp": 1559559091, "time_this_iter_s": 41.104132890701294, "time_total_s": 1037.0909559726715, "pid": 13437, "hostname": "steropes", "node_ip": "169.229.49.254", "config": {"starting_lr": 0.01, "momentum": 0.99, "weight_decay": 0.0005, "steps_per_iteration": null, "pin": false, "model_creator": null, "target_batch_size": 128, "model_string": "resnet50", "min_batch_size": 128, "dataset": "CIFAR", "placement": null, "use_nccl": true, "devices_per_worker": 1, "primary_resource": "extra_gpu", "gpu": false, "verbose": false, "lr_config": {"mode": "log", "steps": 5, "initial_lr": 0.01, "target_lr": 0.01}, "batch_per_device": 128}, "time_since_restore": 1037.0909559726715, "timesteps_since_restore": 0, "iterations_since_restore": 25, "mean_throughput": 1455.2003572155015, "atoms": 1, "setup_time": 25.110045194625854}
{"apply": 0.018018555641174317, "batch_time": 0.031953377059743375, "d2h": 0.0008045911788940429, "data_time": 0.0018008200408857497, "fwd": 0.028215694427490234, "get_state_time_mean": NaN, "get_state_time_total": 0.0, "grad": 0.04990065097808838, "mean_accuracy": 0.6929799675941467, "mean_loss": 0.8822470794868469, "neg_mean_accuracy": -0.7012999653816223, "set_state_time_mean": NaN, "set_state_time_total": 0.0, "setup_model_time_mean": NaN, "setup_model_time_total": 0.0, "setup_proc_time_mean": NaN, "setup_proc_time_total": 0.0, "train_accuracy": 0.6879000067710876, "train_loss": 0.9002483951568604, "training_time_mean": NaN, "training_time_total": 0.0, "val_accuracy": 0.7012999653816223, "val_loss": 0.8764547200202942, "validation_time_mean": NaN, "validation_time_total": 0.0, "samples": 60000, "num_workers": 1, "done": false, "timesteps_total": null, "episodes_total": null, "training_iteration": 26, "neg_mean_loss": -0.8822470794868469, "experiment_id": "57988e3d96a445268c38f5085fb362cf", "date": "2019-06-03_03-52-12", "timestamp": 1559559132, "time_this_iter_s": 41.2293541431427, "time_total_s": 1078.3203101158142, "pid": 13437, "hostname": "steropes", "node_ip": "169.229.49.254", "config": {"starting_lr": 0.01, "momentum": 0.99, "weight_decay": 0.0005, "steps_per_iteration": null, "pin": false, "model_creator": null, "target_batch_size": 128, "model_string": "resnet50", "min_batch_size": 128, "dataset": "CIFAR", "placement": null, "use_nccl": true, "devices_per_worker": 1, "primary_resource": "extra_gpu", "gpu": false, "verbose": false, "lr_config": {"mode": "log", "steps": 5, "initial_lr": 0.01, "target_lr": 0.01}, "batch_per_device": 128}, "time_since_restore": 1078.3203101158142, "timesteps_since_restore": 0, "iterations_since_restore": 26, "mean_throughput": 1453.8134449612294, "atoms": 1, "setup_time": 25.110045194625854}
{"apply": 0.017633485794067382, "batch_time": 0.032059114190596566, "d2h": 0.0007438898086547851, "data_time": 0.0018025078736912563, "fwd": 0.02776474952697754, "get_state_time_mean": NaN, "get_state_time_total": 0.0, "grad": 0.047927689552307126, "mean_accuracy": 0.6927799701690673, "mean_loss": 0.891799080028534, "neg_mean_accuracy": -0.6898999810218811, "set_state_time_mean": NaN, "set_state_time_total": 0.0, "setup_model_time_mean": NaN, "setup_model_time_total": 0.0, "setup_proc_time_mean": NaN, "setup_proc_time_total": 0.0, "train_accuracy": 0.6965799927711487, "train_loss": 0.8708125478935241, "training_time_mean": NaN, "training_time_total": 0.0, "val_accuracy": 0.6898999810218811, "val_loss": 0.9323410301208496, "validation_time_mean": NaN, "validation_time_total": 0.0, "samples": 60000, "num_workers": 1, "done": false, "timesteps_total": null, "episodes_total": null, "training_iteration": 27, "neg_mean_loss": -0.891799080028534, "experiment_id": "57988e3d96a445268c38f5085fb362cf", "date": "2019-06-03_03-52-53", "timestamp": 1559559173, "time_this_iter_s": 41.26316046714783, "time_total_s": 1119.583470582962, "pid": 13437, "hostname": "steropes", "node_ip": "169.229.49.254", "config": {"starting_lr": 0.01, "momentum": 0.99, "weight_decay": 0.0005, "steps_per_iteration": null, "pin": false, "model_creator": null, "target_batch_size": 128, "model_string": "resnet50", "min_batch_size": 128, "dataset": "CIFAR", "placement": null, "use_nccl": true, "devices_per_worker": 1, "primary_resource": "extra_gpu", "gpu": false, "verbose": false, "lr_config": {"mode": "log", "steps": 5, "initial_lr": 0.01, "target_lr": 0.01}, "batch_per_device": 128}, "time_since_restore": 1119.583470582962, "timesteps_since_restore": 0, "iterations_since_restore": 27, "mean_throughput": 1455.7703459859854, "atoms": 1, "setup_time": 25.110045194625854}
{"apply": 0.017860960960388184, "batch_time": 0.03175591215302673, "d2h": 0.0007497310638427734, "data_time": 0.0018185197239946526, "fwd": 0.02797539234161377, "get_state_time_mean": NaN, "get_state_time_total": 0.0, "grad": 0.04760267734527588, "mean_accuracy": 0.6942599773406982, "mean_loss": 0.8877382536315919, "neg_mean_accuracy": -0.6940000057220459, "set_state_time_mean": NaN, "set_state_time_total": 0.0, "setup_model_time_mean": NaN, "setup_model_time_total": 0.0, "setup_proc_time_mean": NaN, "setup_proc_time_total": 0.0, "train_accuracy": 0.6932199597358704, "train_loss": 0.883078950843811, "training_time_mean": NaN, "training_time_total": 0.0, "val_accuracy": 0.6940000057220459, "val_loss": 0.8833209169387818, "validation_time_mean": NaN, "validation_time_total": 0.0, "samples": 60000, "num_workers": 1, "done": false, "timesteps_total": null, "episodes_total": null, "training_iteration": 28, "neg_mean_loss": -0.8877382536315919, "experiment_id": "57988e3d96a445268c38f5085fb362cf", "date": "2019-06-03_03-53-34", "timestamp": 1559559214, "time_this_iter_s": 41.1781530380249, "time_total_s": 1160.761623620987, "pid": 13437, "hostname": "steropes", "node_ip": "169.229.49.254", "config": {"starting_lr": 0.01, "momentum": 0.99, "weight_decay": 0.0005, "steps_per_iteration": null, "pin": false, "model_creator": null, "target_batch_size": 128, "model_string": "resnet50", "min_batch_size": 128, "dataset": "CIFAR", "placement": null, "use_nccl": true, "devices_per_worker": 1, "primary_resource": "extra_gpu", "gpu": false, "verbose": false, "lr_config": {"mode": "log", "steps": 5, "initial_lr": 0.01, "target_lr": 0.01}, "batch_per_device": 128}, "time_since_restore": 1160.761623620987, "timesteps_since_restore": 0, "iterations_since_restore": 28, "mean_throughput": 1456.1013428441481, "atoms": 1, "setup_time": 25.110045194625854}
{"apply": 0.01915254592895508, "batch_time": 0.03186141086530082, "d2h": 0.0007478952407836914, "data_time": 0.0017643523643083889, "fwd": 0.028621530532836913, "get_state_time_mean": NaN, "get_state_time_total": 0.0, "grad": 0.04904074668884277, "mean_accuracy": 0.6929399847984314, "mean_loss": 0.8982570890617371, "neg_mean_accuracy": -0.673799991607666, "set_state_time_mean": NaN, "set_state_time_total": 0.0, "setup_model_time_mean": NaN, "setup_model_time_total": 0.0, "setup_proc_time_mean": NaN, "setup_proc_time_total": 0.0, "train_accuracy": 0.6949999928474426, "train_loss": 0.878747051525116, "training_time_mean": NaN, "training_time_total": 0.0, "val_accuracy": 0.673799991607666, "val_loss": 0.9507590709686279, "validation_time_mean": NaN, "validation_time_total": 0.0, "samples": 60000, "num_workers": 1, "done": false, "timesteps_total": null, "episodes_total": null, "training_iteration": 29, "neg_mean_loss": -0.8982570890617371, "experiment_id": "57988e3d96a445268c38f5085fb362cf", "date": "2019-06-03_03-54-16", "timestamp": 1559559256, "time_this_iter_s": 41.303306102752686, "time_total_s": 1202.0649297237396, "pid": 13437, "hostname": "steropes", "node_ip": "169.229.49.254", "config": {"starting_lr": 0.01, "momentum": 0.99, "weight_decay": 0.0005, "steps_per_iteration": null, "pin": false, "model_creator": null, "target_batch_size": 128, "model_string": "resnet50", "min_batch_size": 128, "dataset": "CIFAR", "placement": null, "use_nccl": true, "devices_per_worker": 1, "primary_resource": "extra_gpu", "gpu": false, "verbose": false, "lr_config": {"mode": "log", "steps": 5, "initial_lr": 0.01, "target_lr": 0.01}, "batch_per_device": 128}, "time_since_restore": 1202.0649297237396, "timesteps_since_restore": 0, "iterations_since_restore": 29, "mean_throughput": 1455.7552704890243, "atoms": 1, "setup_time": 25.110045194625854}
{"apply": 0.018051767349243165, "batch_time": 0.03233177148843113, "d2h": 0.0007562637329101562, "data_time": 0.0017570223649749366, "fwd": 0.027899408340454103, "get_state_time_mean": NaN, "get_state_time_total": 0.0, "grad": 0.0488628625869751, "mean_accuracy": 0.6965399861335755, "mean_loss": 0.8882969921875, "neg_mean_accuracy": -0.7236999869346619, "set_state_time_mean": NaN, "set_state_time_total": 0.0, "setup_model_time_mean": NaN, "setup_model_time_total": 0.0, "setup_proc_time_mean": NaN, "setup_proc_time_total": 0.0, "train_accuracy": 0.7001199722290039, "train_loss": 0.863647392692566, "training_time_mean": NaN, "training_time_total": 0.0, "val_accuracy": 0.7236999869346619, "val_loss": 0.7986092228889465, "validation_time_mean": NaN, "validation_time_total": 0.0, "samples": 60000, "num_workers": 1, "done": false, "timesteps_total": null, "episodes_total": null, "training_iteration": 30, "neg_mean_loss": -0.8882969921875, "experiment_id": "57988e3d96a445268c38f5085fb362cf", "date": "2019-06-03_03-54-57", "timestamp": 1559559297, "time_this_iter_s": 41.20128321647644, "time_total_s": 1243.266212940216, "pid": 13437, "hostname": "steropes", "node_ip": "169.229.49.254", "config": {"starting_lr": 0.01, "momentum": 0.99, "weight_decay": 0.0005, "steps_per_iteration": null, "pin": false, "model_creator": null, "target_batch_size": 128, "model_string": "resnet50", "min_batch_size": 128, "dataset": "CIFAR", "placement": null, "use_nccl": true, "devices_per_worker": 1, "primary_resource": "extra_gpu", "gpu": false, "verbose": false, "lr_config": {"mode": "log", "steps": 5, "initial_lr": 0.01, "target_lr": 0.01}, "batch_per_device": 128}, "time_since_restore": 1243.266212940216, "timesteps_since_restore": 0, "iterations_since_restore": 30, "mean_throughput": 1455.0693449871246, "atoms": 1, "setup_time": 25.110045194625854}
{"apply": 0.017958545684814455, "batch_time": 0.031952474690690826, "d2h": 0.0008084058761596679, "data_time": 0.0018088085877011194, "fwd": 0.028121757507324218, "get_state_time_mean": NaN, "get_state_time_total": 0.0, "grad": 0.04835846424102783, "mean_accuracy": 0.69961998462677, "mean_loss": 0.8784103496551513, "neg_mean_accuracy": -0.7166999578475952, "set_state_time_mean": NaN, "set_state_time_total": 0.0, "setup_model_time_mean": NaN, "setup_model_time_total": 0.0, "setup_proc_time_mean": NaN, "setup_proc_time_total": 0.0, "train_accuracy": 0.7055000066757202, "train_loss": 0.8523522522354126, "training_time_mean": NaN, "training_time_total": 0.0, "val_accuracy": 0.7166999578475952, "val_loss": 0.8270215073585511, "validation_time_mean": NaN, "validation_time_total": 0.0, "samples": 60000, "num_workers": 1, "done": false, "timesteps_total": null, "episodes_total": null, "training_iteration": 31, "neg_mean_loss": -0.8784103496551513, "experiment_id": "57988e3d96a445268c38f5085fb362cf", "date": "2019-06-03_03-55-38", "timestamp": 1559559338, "time_this_iter_s": 41.279282093048096, "time_total_s": 1284.5454950332642, "pid": 13437, "hostname": "steropes", "node_ip": "169.229.49.254", "config": {"starting_lr": 0.01, "momentum": 0.99, "weight_decay": 0.0005, "steps_per_iteration": null, "pin": false, "model_creator": null, "target_batch_size": 128, "model_string": "resnet50", "min_batch_size": 128, "dataset": "CIFAR", "placement": null, "use_nccl": true, "devices_per_worker": 1, "primary_resource": "extra_gpu", "gpu": false, "verbose": false, "lr_config": {"mode": "log", "steps": 5, "initial_lr": 0.01, "target_lr": 0.01}, "batch_per_device": 128}, "time_since_restore": 1284.5454950332642, "timesteps_since_restore": 0, "iterations_since_restore": 31, "mean_throughput": 1454.7173602845046, "atoms": 1, "setup_time": 25.110045194625854}
{"apply": 0.019290781021118163, "batch_time": 0.033003698421429986, "d2h": 0.0007726907730102539, "data_time": 0.001783564877327141, "fwd": 0.029051542282104492, "get_state_time_mean": NaN, "get_state_time_total": 0.0, "grad": 0.04800782203674316, "mean_accuracy": 0.7071199893951416, "mean_loss": 0.8509437302017211, "neg_mean_accuracy": -0.727400004863739, "set_state_time_mean": NaN, "set_state_time_total": 0.0, "setup_model_time_mean": NaN, "setup_model_time_total": 0.0, "setup_proc_time_mean": NaN, "setup_proc_time_total": 0.0, "train_accuracy": 0.7098199725151062, "train_loss": 0.8474540254402161, "training_time_mean": NaN, "training_time_total": 0.0, "val_accuracy": 0.727400004863739, "val_loss": 0.7950079328536988, "validation_time_mean": NaN, "validation_time_total": 0.0, "samples": 60000, "num_workers": 1, "done": false, "timesteps_total": null, "episodes_total": null, "training_iteration": 32, "neg_mean_loss": -0.8509437302017211, "experiment_id": "57988e3d96a445268c38f5085fb362cf", "date": "2019-06-03_03-56-20", "timestamp": 1559559380, "time_this_iter_s": 41.43655252456665, "time_total_s": 1325.9820475578308, "pid": 13437, "hostname": "steropes", "node_ip": "169.229.49.254", "config": {"starting_lr": 0.01, "momentum": 0.99, "weight_decay": 0.0005, "steps_per_iteration": null, "pin": false, "model_creator": null, "target_batch_size": 128, "model_string": "resnet50", "min_batch_size": 128, "dataset": "CIFAR", "placement": null, "use_nccl": true, "devices_per_worker": 1, "primary_resource": "extra_gpu", "gpu": false, "verbose": false, "lr_config": {"mode": "log", "steps": 5, "initial_lr": 0.01, "target_lr": 0.01}, "batch_per_device": 128}, "time_since_restore": 1325.9820475578308, "timesteps_since_restore": 0, "iterations_since_restore": 32, "mean_throughput": 1453.495268647483, "atoms": 1, "setup_time": 25.110045194625854}
{"apply": 0.018058419227600098, "batch_time": 0.03231321105474158, "d2h": 0.001021432876586914, "data_time": 0.001793045522002003, "fwd": 0.028216552734375, "get_state_time_mean": NaN, "get_state_time_total": 0.0, "grad": 0.04850795269012451, "mean_accuracy": 0.7129799842834472, "mean_loss": 0.834830385684967, "neg_mean_accuracy": -0.7232999801635742, "set_state_time_mean": NaN, "set_state_time_total": 0.0, "setup_model_time_mean": NaN, "setup_model_time_total": 0.0, "setup_proc_time_mean": NaN, "setup_proc_time_total": 0.0, "train_accuracy": 0.7178999781608582, "train_loss": 0.8206698972511292, "training_time_mean": NaN, "training_time_total": 0.0, "val_accuracy": 0.7232999801635742, "val_loss": 0.8027541943550109, "validation_time_mean": NaN, "validation_time_total": 0.0, "samples": 60000, "num_workers": 1, "done": false, "timesteps_total": null, "episodes_total": null, "training_iteration": 33, "neg_mean_loss": -0.834830385684967, "experiment_id": "57988e3d96a445268c38f5085fb362cf", "date": "2019-06-03_03-57-01", "timestamp": 1559559421, "time_this_iter_s": 41.30359101295471, "time_total_s": 1367.2856385707855, "pid": 13437, "hostname": "steropes", "node_ip": "169.229.49.254", "config": {"starting_lr": 0.01, "momentum": 0.99, "weight_decay": 0.0005, "steps_per_iteration": null, "pin": false, "model_creator": null, "target_batch_size": 128, "model_string": "resnet50", "min_batch_size": 128, "dataset": "CIFAR", "placement": null, "use_nccl": true, "devices_per_worker": 1, "primary_resource": "extra_gpu", "gpu": false, "verbose": false, "lr_config": {"mode": "log", "steps": 5, "initial_lr": 0.01, "target_lr": 0.01}, "batch_per_device": 128}, "time_since_restore": 1367.2856385707855, "timesteps_since_restore": 0, "iterations_since_restore": 33, "mean_throughput": 1452.6129051305466, "atoms": 1, "setup_time": 25.110045194625854}
{"apply": 0.01998934745788574, "batch_time": 0.03154475477677357, "d2h": 0.0008171796798706055, "data_time": 0.0017816239915540457, "fwd": 0.029388976097106934, "get_state_time_mean": NaN, "get_state_time_total": 0.0, "grad": 0.048801612854003903, "mean_accuracy": 0.7220799803733826, "mean_loss": 0.8120833282089233, "neg_mean_accuracy": -0.7192999720573425, "set_state_time_mean": NaN, "set_state_time_total": 0.0, "setup_model_time_mean": NaN, "setup_model_time_total": 0.0, "setup_proc_time_mean": NaN, "setup_proc_time_total": 0.0, "train_accuracy": 0.7141000032424927, "train_loss": 0.8283796133804321, "training_time_mean": NaN, "training_time_total": 0.0, "val_accuracy": 0.7192999720573425, "val_loss": 0.8370237835884095, "validation_time_mean": NaN, "validation_time_total": 0.0, "samples": 60000, "num_workers": 1, "done": false, "timesteps_total": null, "episodes_total": null, "training_iteration": 34, "neg_mean_loss": -0.8120833282089233, "experiment_id": "57988e3d96a445268c38f5085fb362cf", "date": "2019-06-03_03-57-42", "timestamp": 1559559462, "time_this_iter_s": 41.276150703430176, "time_total_s": 1408.5617892742157, "pid": 13437, "hostname": "steropes", "node_ip": "169.229.49.254", "config": {"starting_lr": 0.01, "momentum": 0.99, "weight_decay": 0.0005, "steps_per_iteration": null, "pin": false, "model_creator": null, "target_batch_size": 128, "model_string": "resnet50", "min_batch_size": 128, "dataset": "CIFAR", "placement": null, "use_nccl": true, "devices_per_worker": 1, "primary_resource": "extra_gpu", "gpu": false, "verbose": false, "lr_config": {"mode": "log", "steps": 5, "initial_lr": 0.01, "target_lr": 0.01}, "batch_per_device": 128}, "time_since_restore": 1408.5617892742157, "timesteps_since_restore": 0, "iterations_since_restore": 34, "mean_throughput": 1452.8038788506883, "atoms": 1, "setup_time": 25.110045194625854}
{"apply": 0.017792010307312013, "batch_time": 0.03180778177478646, "d2h": 0.0007973670959472656, "data_time": 0.0017892698497723437, "fwd": 0.02776198387145996, "get_state_time_mean": NaN, "get_state_time_total": 0.0, "grad": 0.04789977073669434, "mean_accuracy": 0.7193199753761291, "mean_loss": 0.8254176205825805, "neg_mean_accuracy": -0.7098999619483948, "set_state_time_mean": NaN, "set_state_time_total": 0.0, "setup_model_time_mean": NaN, "setup_model_time_total": 0.0, "setup_proc_time_mean": NaN, "setup_proc_time_total": 0.0, "train_accuracy": 0.7193399667739868, "train_loss": 0.8084975190353394, "training_time_mean": NaN, "training_time_total": 0.0, "val_accuracy": 0.7098999619483948, "val_loss": 0.8652806847572326, "validation_time_mean": NaN, "validation_time_total": 0.0, "samples": 60000, "num_workers": 1, "done": false, "timesteps_total": null, "episodes_total": null, "training_iteration": 35, "neg_mean_loss": -0.8254176205825805, "experiment_id": "57988e3d96a445268c38f5085fb362cf", "date": "2019-06-03_03-58-24", "timestamp": 1559559504, "time_this_iter_s": 41.31798458099365, "time_total_s": 1449.8797738552094, "pid": 13437, "hostname": "steropes", "node_ip": "169.229.49.254", "config": {"starting_lr": 0.01, "momentum": 0.99, "weight_decay": 0.0005, "steps_per_iteration": null, "pin": false, "model_creator": null, "target_batch_size": 128, "model_string": "resnet50", "min_batch_size": 128, "dataset": "CIFAR", "placement": null, "use_nccl": true, "devices_per_worker": 1, "primary_resource": "extra_gpu", "gpu": false, "verbose": false, "lr_config": {"mode": "log", "steps": 5, "initial_lr": 0.01, "target_lr": 0.01}, "batch_per_device": 128}, "time_since_restore": 1449.8797738552094, "timesteps_since_restore": 0, "iterations_since_restore": 35, "mean_throughput": 1451.9832357456573, "atoms": 1, "setup_time": 25.110045194625854}
{"apply": 0.017922282218933105, "batch_time": 0.03164820731440677, "d2h": 0.00075836181640625, "data_time": 0.0017877838495747207, "fwd": 0.02778499126434326, "get_state_time_mean": NaN, "get_state_time_total": 0.0, "grad": 0.04759097099304199, "mean_accuracy": 0.7213199853897094, "mean_loss": 0.822853588027954, "neg_mean_accuracy": -0.7267000079154968, "set_state_time_mean": NaN, "set_state_time_total": 0.0, "setup_model_time_mean": NaN, "setup_model_time_total": 0.0, "setup_proc_time_mean": NaN, "setup_proc_time_total": 0.0, "train_accuracy": 0.7170999646186829, "train_loss": 0.8174897442245483, "training_time_mean": NaN, "training_time_total": 0.0, "val_accuracy": 0.7267000079154968, "val_loss": 0.8142013445854187, "validation_time_mean": NaN, "validation_time_total": 0.0, "samples": 60000, "num_workers": 1, "done": false, "timesteps_total": null, "episodes_total": null, "training_iteration": 36, "neg_mean_loss": -0.822853588027954, "experiment_id": "57988e3d96a445268c38f5085fb362cf", "date": "2019-06-03_03-59-05", "timestamp": 1559559545, "time_this_iter_s": 41.09674835205078, "time_total_s": 1490.9765222072601, "pid": 13437, "hostname": "steropes", "node_ip": "169.229.49.254", "config": {"starting_lr": 0.01, "momentum": 0.99, "weight_decay": 0.0005, "steps_per_iteration": null, "pin": false, "model_creator": null, "target_batch_size": 128, "model_string": "resnet50", "min_batch_size": 128, "dataset": "CIFAR", "placement": null, "use_nccl": true, "devices_per_worker": 1, "primary_resource": "extra_gpu", "gpu": false, "verbose": false, "lr_config": {"mode": "log", "steps": 5, "initial_lr": 0.01, "target_lr": 0.01}, "batch_per_device": 128}, "time_since_restore": 1490.9765222072601, "timesteps_since_restore": 0, "iterations_since_restore": 36, "mean_throughput": 1453.2670485392869, "atoms": 1, "setup_time": 25.110045194625854}
{"apply": 0.019008755683898926, "batch_time": 0.03169398066363757, "d2h": 0.0007502079010009765, "data_time": 0.001786530780060517, "fwd": 0.02824745178222656, "get_state_time_mean": NaN, "get_state_time_total": 0.0, "grad": 0.050270581245422365, "mean_accuracy": 0.7237799763679504, "mean_loss": 0.8169428120803832, "neg_mean_accuracy": -0.7396999597549438, "set_state_time_mean": NaN, "set_state_time_total": 0.0, "setup_model_time_mean": NaN, "setup_model_time_total": 0.0, "setup_proc_time_mean": NaN, "setup_proc_time_total": 0.0, "train_accuracy": 0.7156400084495544, "train_loss": 0.827894441242218, "training_time_mean": NaN, "training_time_total": 0.0, "val_accuracy": 0.7396999597549438, "val_loss": 0.7654540531158447, "validation_time_mean": NaN, "validation_time_total": 0.0, "samples": 60000, "num_workers": 1, "done": false, "timesteps_total": null, "episodes_total": null, "training_iteration": 37, "neg_mean_loss": -0.8169428120803832, "experiment_id": "57988e3d96a445268c38f5085fb362cf", "date": "2019-06-03_03-59-46", "timestamp": 1559559586, "time_this_iter_s": 41.08210825920105, "time_total_s": 1532.0586304664612, "pid": 13437, "hostname": "steropes", "node_ip": "169.229.49.254", "config": {"starting_lr": 0.01, "momentum": 0.99, "weight_decay": 0.0005, "steps_per_iteration": null, "pin": false, "model_creator": null, "target_batch_size": 128, "model_string": "resnet50", "min_batch_size": 128, "dataset": "CIFAR", "placement": null, "use_nccl": true, "devices_per_worker": 1, "primary_resource": "extra_gpu", "gpu": false, "verbose": false, "lr_config": {"mode": "log", "steps": 5, "initial_lr": 0.01, "target_lr": 0.01}, "batch_per_device": 128}, "time_since_restore": 1532.0586304664612, "timesteps_since_restore": 0, "iterations_since_restore": 37, "mean_throughput": 1455.7665985564518, "atoms": 1, "setup_time": 25.110045194625854}
{"apply": 0.018249940872192384, "batch_time": 0.03205973287171955, "d2h": 0.0007448434829711914, "data_time": 0.0017577632308920935, "fwd": 0.027432990074157716, "get_state_time_mean": NaN, "get_state_time_total": 0.0, "grad": 0.04799594879150391, "mean_accuracy": 0.7232399821281433, "mean_loss": 0.8212346902847291, "neg_mean_accuracy": -0.7206000089645386, "set_state_time_mean": NaN, "set_state_time_total": 0.0, "setup_model_time_mean": NaN, "setup_model_time_total": 0.0, "setup_proc_time_mean": NaN, "setup_proc_time_total": 0.0, "train_accuracy": 0.7237600088119507, "train_loss": 0.8074456176948548, "training_time_mean": NaN, "training_time_total": 0.0, "val_accuracy": 0.7206000089645386, "val_loss": 0.8242135853767395, "validation_time_mean": NaN, "validation_time_total": 0.0, "samples": 60000, "num_workers": 1, "done": false, "timesteps_total": null, "episodes_total": null, "training_iteration": 38, "neg_mean_loss": -0.8212346902847291, "experiment_id": "57988e3d96a445268c38f5085fb362cf", "date": "2019-06-03_04-00-27", "timestamp": 1559559627, "time_this_iter_s": 41.025466442108154, "time_total_s": 1573.0840969085693, "pid": 13437, "hostname": "steropes", "node_ip": "169.229.49.254", "config": {"starting_lr": 0.01, "momentum": 0.99, "weight_decay": 0.0005, "steps_per_iteration": null, "pin": false, "model_creator": null, "target_batch_size": 128, "model_string": "resnet50", "min_batch_size": 128, "dataset": "CIFAR", "placement": null, "use_nccl": true, "devices_per_worker": 1, "primary_resource": "extra_gpu", "gpu": false, "verbose": false, "lr_config": {"mode": "log", "steps": 5, "initial_lr": 0.01, "target_lr": 0.01}, "batch_per_device": 128}, "time_since_restore": 1573.0840969085693, "timesteps_since_restore": 0, "iterations_since_restore": 38, "mean_throughput": 1457.7339425425612, "atoms": 1, "setup_time": 25.110045194625854}
{"apply": 0.017881941795349122, "batch_time": 0.031956322585480125, "d2h": 0.0007526874542236328, "data_time": 0.0017701079473471093, "fwd": 0.027805614471435546, "get_state_time_mean": NaN, "get_state_time_total": 0.0, "grad": 0.04755246639251709, "mean_accuracy": 0.7263199806213378, "mean_loss": 0.8068761917686462, "neg_mean_accuracy": -0.7346999645233154, "set_state_time_mean": NaN, "set_state_time_total": 0.0, "setup_model_time_mean": NaN, "setup_model_time_total": 0.0, "setup_proc_time_mean": NaN, "setup_proc_time_total": 0.0, "train_accuracy": 0.7236599922180176, "train_loss": 0.8067354912948609, "training_time_mean": NaN, "training_time_total": 0.0, "val_accuracy": 0.7346999645233154, "val_loss": 0.7652312910079956, "validation_time_mean": NaN, "validation_time_total": 0.0, "samples": 60000, "num_workers": 1, "done": false, "timesteps_total": null, "episodes_total": null, "training_iteration": 39, "neg_mean_loss": -0.8068761917686462, "experiment_id": "57988e3d96a445268c38f5085fb362cf", "date": "2019-06-03_04-01-08", "timestamp": 1559559668, "time_this_iter_s": 41.05063462257385, "time_total_s": 1614.1347315311432, "pid": 13437, "hostname": "steropes", "node_ip": "169.229.49.254", "config": {"starting_lr": 0.01, "momentum": 0.99, "weight_decay": 0.0005, "steps_per_iteration": null, "pin": false, "model_creator": null, "target_batch_size": 128, "model_string": "resnet50", "min_batch_size": 128, "dataset": "CIFAR", "placement": null, "use_nccl": true, "devices_per_worker": 1, "primary_resource": "extra_gpu", "gpu": false, "verbose": false, "lr_config": {"mode": "log", "steps": 5, "initial_lr": 0.01, "target_lr": 0.01}, "batch_per_device": 128}, "time_since_restore": 1614.1347315311432, "timesteps_since_restore": 0, "iterations_since_restore": 39, "mean_throughput": 1459.3331559559833, "atoms": 1, "setup_time": 25.110045194625854}
{"apply": 0.017855525016784668, "batch_time": 0.03165012371690967, "d2h": 0.0007498502731323242, "data_time": 0.0017884850806897253, "fwd": 0.027904343605041505, "get_state_time_mean": NaN, "get_state_time_total": 0.0, "grad": 0.04831352233886719, "mean_accuracy": 0.7325199842453003, "mean_loss": 0.7859911492156982, "neg_mean_accuracy": -0.7408999800682068, "set_state_time_mean": NaN, "set_state_time_total": 0.0, "setup_model_time_mean": NaN, "setup_model_time_total": 0.0, "setup_proc_time_mean": NaN, "setup_proc_time_total": 0.0, "train_accuracy": 0.7195000052452087, "train_loss": 0.8169612586593628, "training_time_mean": NaN, "training_time_total": 0.0, "val_accuracy": 0.7408999800682068, "val_loss": 0.7608554719924927, "validation_time_mean": NaN, "validation_time_total": 0.0, "samples": 60000, "num_workers": 1, "done": false, "timesteps_total": null, "episodes_total": null, "training_iteration": 40, "neg_mean_loss": -0.7859911492156982, "experiment_id": "57988e3d96a445268c38f5085fb362cf", "date": "2019-06-03_04-01-49", "timestamp": 1559559709, "time_this_iter_s": 41.0782413482666, "time_total_s": 1655.2129728794098, "pid": 13437, "hostname": "steropes", "node_ip": "169.229.49.254", "config": {"starting_lr": 0.01, "momentum": 0.99, "weight_decay": 0.0005, "steps_per_iteration": null, "pin": false, "model_creator": null, "target_batch_size": 128, "model_string": "resnet50", "min_batch_size": 128, "dataset": "CIFAR", "placement": null, "use_nccl": true, "devices_per_worker": 1, "primary_resource": "extra_gpu", "gpu": false, "verbose": false, "lr_config": {"mode": "log", "steps": 5, "initial_lr": 0.01, "target_lr": 0.01}, "batch_per_device": 128}, "time_since_restore": 1655.2129728794098, "timesteps_since_restore": 0, "iterations_since_restore": 40, "mean_throughput": 1461.0370700591716, "atoms": 1, "setup_time": 25.110045194625854}
{"apply": 0.019492220878601075, "batch_time": 0.03282805635959287, "d2h": 0.0008272647857666016, "data_time": 0.0017758232858174903, "fwd": 0.028960561752319335, "get_state_time_mean": NaN, "get_state_time_total": 0.0, "grad": 0.04930157661437988, "mean_accuracy": 0.7344199776649475, "mean_loss": 0.7747184208869934, "neg_mean_accuracy": -0.7361999750137329, "set_state_time_mean": NaN, "set_state_time_total": 0.0, "setup_model_time_mean": NaN, "setup_model_time_total": 0.0, "setup_proc_time_mean": NaN, "setup_proc_time_total": 0.0, "train_accuracy": 0.7253400087356567, "train_loss": 0.7944340423583984, "training_time_mean": NaN, "training_time_total": 0.0, "val_accuracy": 0.7361999750137329, "val_loss": 0.7578377029418946, "validation_time_mean": NaN, "validation_time_total": 0.0, "samples": 60000, "num_workers": 1, "done": false, "timesteps_total": null, "episodes_total": null, "training_iteration": 41, "neg_mean_loss": -0.7747184208869934, "experiment_id": "57988e3d96a445268c38f5085fb362cf", "date": "2019-06-03_04-02-30", "timestamp": 1559559750, "time_this_iter_s": 41.42300748825073, "time_total_s": 1696.6359803676605, "pid": 13437, "hostname": "steropes", "node_ip": "169.229.49.254", "config": {"starting_lr": 0.01, "momentum": 0.99, "weight_decay": 0.0005, "steps_per_iteration": null, "pin": false, "model_creator": null, "target_batch_size": 128, "model_string": "resnet50", "min_batch_size": 128, "dataset": "CIFAR", "placement": null, "use_nccl": true, "devices_per_worker": 1, "primary_resource": "extra_gpu", "gpu": false, "verbose": false, "lr_config": {"mode": "log", "steps": 5, "initial_lr": 0.01, "target_lr": 0.01}, "batch_per_device": 128}, "time_since_restore": 1696.6359803676605, "timesteps_since_restore": 0, "iterations_since_restore": 41, "mean_throughput": 1458.719354554636, "atoms": 1, "setup_time": 25.110045194625854}
{"apply": 0.017853665351867675, "batch_time": 0.0319434932515591, "d2h": 0.0007662296295166016, "data_time": 0.001788860696660893, "fwd": 0.027562904357910156, "get_state_time_mean": NaN, "get_state_time_total": 0.0, "grad": 0.04764719009399414, "mean_accuracy": 0.7327199816703797, "mean_loss": 0.7803239546585083, "neg_mean_accuracy": -0.7311999797821045, "set_state_time_mean": NaN, "set_state_time_total": 0.0, "setup_model_time_mean": NaN, "setup_model_time_total": 0.0, "setup_proc_time_mean": NaN, "setup_proc_time_total": 0.0, "train_accuracy": 0.7305200099945068, "train_loss": 0.7899735964775085, "training_time_mean": NaN, "training_time_total": 0.0, "val_accuracy": 0.7311999797821045, "val_loss": 0.7934817219734192, "validation_time_mean": NaN, "validation_time_total": 0.0, "samples": 60000, "num_workers": 1, "done": false, "timesteps_total": null, "episodes_total": null, "training_iteration": 42, "neg_mean_loss": -0.7803239546585083, "experiment_id": "57988e3d96a445268c38f5085fb362cf", "date": "2019-06-03_04-03-12", "timestamp": 1559559792, "time_this_iter_s": 41.206762075424194, "time_total_s": 1737.8427424430847, "pid": 13437, "hostname": "steropes", "node_ip": "169.229.49.254", "config": {"starting_lr": 0.01, "momentum": 0.99, "weight_decay": 0.0005, "steps_per_iteration": null, "pin": false, "model_creator": null, "target_batch_size": 128, "model_string": "resnet50", "min_batch_size": 128, "dataset": "CIFAR", "placement": null, "use_nccl": true, "devices_per_worker": 1, "primary_resource": "extra_gpu", "gpu": false, "verbose": false, "lr_config": {"mode": "log", "steps": 5, "initial_lr": 0.01, "target_lr": 0.01}, "batch_per_device": 128}, "time_since_restore": 1737.8427424430847, "timesteps_since_restore": 0, "iterations_since_restore": 42, "mean_throughput": 1457.8357245134598, "atoms": 1, "setup_time": 25.110045194625854}
