apply,batch_time,d2h,data_time,fwd,get_state_time_mean,get_state_time_total,grad,mean_accuracy,mean_loss,neg_mean_accuracy,set_state_time_mean,set_state_time_total,setup_model_time_mean,setup_model_time_total,setup_proc_time_mean,setup_proc_time_total,train_accuracy,train_loss,training_time_mean,training_time_total,validation_time_mean,validation_time_total,samples,num_workers,done,timesteps_total,episodes_total,training_iteration,neg_mean_loss,experiment_id,date,timestamp,time_this_iter_s,time_total_s,pid,hostname,node_ip,config,time_since_restore,timesteps_since_restore,iterations_since_restore,mean_throughput,atoms
0.007772517204284668,0.18612267971038818,0.004943585395812989,0.0388183204495177,0.0762627124786377,nan,0.0,0.15585908889770508,0.19039998948574066,2.1038275943756104,-0.19039998948574066,nan,0.0,8.415749788284302,8.415749788284302,0.18907809257507324,0.18907809257507324,0.1369599997997284,4.63889965637207,nan,0.0,nan,0.0,60000,1,False,,,1,-2.1038275943756104,8d4905147c8847e49f6f0565480b2f41,2019-05-30_15-20-50,1559254850,11.514016151428223,11.514016151428223,21932,steropes,169.229.49.254,"{'starting_lr': 0.5, 'momentum': 0.9, 'weight_decay': 0.0005, 'steps_per_iteration': None, 'pin': False, 'model_creator': None, 'target_batch_size': 1024, 'model_string': 'resnet18', 'min_batch_size': 512, 'dataset': 'CIFAR', 'placement': None, 'use_nccl': True, 'devices_per_worker': 1, 'primary_resource': 'extra_gpu', 'gpu': False, 'verbose': False, 'lr_config': {'mode': 'log', 'steps': 5, 'initial_lr': 0.5, 'target_lr': 0.5}, 'batch_per_device': 1024}",11.514016151428223,0,1,5211.003963070152,1
0.007436180114746093,0.1358715772628784,0.005146145820617676,0.03152611304302605,0.02543647289276123,nan,0.0,0.0635197639465332,0.1987999975681305,2.0471047931671142,-0.1987999975681305,nan,0.0,nan,0.0,nan,0.0,0.21143999695777893,2.0565594220733643,nan,0.0,nan,0.0,60000,1,False,,,2,-2.0471047931671142,8d4905147c8847e49f6f0565480b2f41,2019-05-30_15-20-58,1559254858,8.032902240753174,19.546918392181396,21932,steropes,169.229.49.254,"{'starting_lr': 0.5, 'momentum': 0.9, 'weight_decay': 0.0005, 'steps_per_iteration': None, 'pin': False, 'model_creator': None, 'target_batch_size': 1024, 'model_string': 'resnet18', 'min_batch_size': 512, 'dataset': 'CIFAR', 'placement': None, 'use_nccl': True, 'devices_per_worker': 1, 'primary_resource': 'extra_gpu', 'gpu': False, 'verbose': False, 'lr_config': {'mode': 'log', 'steps': 5, 'initial_lr': 0.5, 'target_lr': 0.5}, 'batch_per_device': 1024}",19.546918392181396,0,2,6139.026953519745,1
0.009205317497253418,0.1451366901397705,0.0055808544158935545,0.0404777818796586,0.02750535011291504,nan,0.0,0.052616548538208005,0.2897999882698059,1.8739088357925415,-0.2897999882698059,nan,0.0,nan,0.0,nan,0.0,0.2553800046443939,1.928171959953308,nan,0.0,nan,0.0,60000,1,False,,,3,-1.8739088357925415,8d4905147c8847e49f6f0565480b2f41,2019-05-30_15-21-07,1559254867,8.283863544464111,27.830781936645508,21932,steropes,169.229.49.254,"{'starting_lr': 0.5, 'momentum': 0.9, 'weight_decay': 0.0005, 'steps_per_iteration': None, 'pin': False, 'model_creator': None, 'target_batch_size': 1024, 'model_string': 'resnet18', 'min_batch_size': 512, 'dataset': 'CIFAR', 'placement': None, 'use_nccl': True, 'devices_per_worker': 1, 'primary_resource': 'extra_gpu', 'gpu': False, 'verbose': False, 'lr_config': {'mode': 'log', 'steps': 5, 'initial_lr': 0.5, 'target_lr': 0.5}, 'batch_per_device': 1024}",27.830781936645508,0,3,6467.604496151642,1
0.009461283683776855,0.13317229747772216,0.007418394088745117,0.030407088143484935,0.025055599212646485,nan,0.0,0.055116868019104,0.3563999831676483,1.742170631980896,-0.3563999831676483,nan,0.0,nan,0.0,nan,0.0,0.313539981842041,1.7852774296951295,nan,0.0,nan,0.0,60000,1,False,,,4,-1.742170631980896,8d4905147c8847e49f6f0565480b2f41,2019-05-30_15-21-15,1559254875,8.05669641494751,35.88747835159302,21932,steropes,169.229.49.254,"{'starting_lr': 0.5, 'momentum': 0.9, 'weight_decay': 0.0005, 'steps_per_iteration': None, 'pin': False, 'model_creator': None, 'target_batch_size': 1024, 'model_string': 'resnet18', 'min_batch_size': 512, 'dataset': 'CIFAR', 'placement': None, 'use_nccl': True, 'devices_per_worker': 1, 'primary_resource': 'extra_gpu', 'gpu': False, 'verbose': False, 'lr_config': {'mode': 'log', 'steps': 5, 'initial_lr': 0.5, 'target_lr': 0.5}, 'batch_per_device': 1024}",35.88747835159302,0,4,6687.5120740485445,1
0.009419918060302734,0.12949702739715577,0.0059387445449829105,0.03320207401197784,0.023477458953857423,nan,0.0,0.0494976282119751,0.41589999198913574,1.6249825927734376,-0.41589999198913574,nan,0.0,nan,0.0,nan,0.0,0.37511998414993286,1.6470251463699341,nan,0.0,nan,0.0,60000,1,False,,,5,-1.6249825927734376,8d4905147c8847e49f6f0565480b2f41,2019-05-30_15-21-23,1559254883,8.049655675888062,43.93713402748108,21932,steropes,169.229.49.254,"{'starting_lr': 0.5, 'momentum': 0.9, 'weight_decay': 0.0005, 'steps_per_iteration': None, 'pin': False, 'model_creator': None, 'target_batch_size': 1024, 'model_string': 'resnet18', 'min_batch_size': 512, 'dataset': 'CIFAR', 'placement': None, 'use_nccl': True, 'devices_per_worker': 1, 'primary_resource': 'extra_gpu', 'gpu': False, 'verbose': False, 'lr_config': {'mode': 'log', 'steps': 5, 'initial_lr': 0.5, 'target_lr': 0.5}, 'batch_per_device': 1024}",43.93713402748108,0,5,6827.877992677737,1
0.008718538284301757,0.12946956157684325,0.005317020416259766,0.03614646074723224,0.022290921211242674,nan,0.0,0.04356770515441895,0.4178999960422516,1.5537122678756714,-0.4178999960422516,nan,0.0,nan,0.0,nan,0.0,0.41871997714042664,1.5512139861297607,nan,0.0,nan,0.0,60000,1,False,,,6,-1.5537122678756714,8d4905147c8847e49f6f0565480b2f41,2019-05-30_15-21-31,1559254891,7.954995155334473,51.89212918281555,21932,steropes,169.229.49.254,"{'starting_lr': 0.5, 'momentum': 0.9, 'weight_decay': 0.0005, 'steps_per_iteration': None, 'pin': False, 'model_creator': None, 'target_batch_size': 1024, 'model_string': 'resnet18', 'min_batch_size': 512, 'dataset': 'CIFAR', 'placement': None, 'use_nccl': True, 'devices_per_worker': 1, 'primary_resource': 'extra_gpu', 'gpu': False, 'verbose': False, 'lr_config': {'mode': 'log', 'steps': 5, 'initial_lr': 0.5, 'target_lr': 0.5}, 'batch_per_device': 1024}",51.89212918281555,0,6,7429.69693839905,1
0.009854817390441894,0.1399771213531494,0.007574534416198731,0.037461266225698044,0.02539355754852295,nan,0.0,0.05063552856445312,0.4772000014781952,1.422383765411377,-0.4772000014781952,nan,0.0,nan,0.0,nan,0.0,0.4612399935722351,1.4577165019989013,nan,0.0,nan,0.0,60000,1,False,,,7,-1.422383765411377,8d4905147c8847e49f6f0565480b2f41,2019-05-30_15-21-39,1559254899,8.165385961532593,60.057515144348145,21932,steropes,169.229.49.254,"{'starting_lr': 0.5, 'momentum': 0.9, 'weight_decay': 0.0005, 'steps_per_iteration': None, 'pin': False, 'model_creator': None, 'target_batch_size': 1024, 'model_string': 'resnet18', 'min_batch_size': 512, 'dataset': 'CIFAR', 'placement': None, 'use_nccl': True, 'devices_per_worker': 1, 'primary_resource': 'extra_gpu', 'gpu': False, 'verbose': False, 'lr_config': {'mode': 'log', 'steps': 5, 'initial_lr': 0.5, 'target_lr': 0.5}, 'batch_per_device': 1024}",60.057515144348145,0,7,7405.398782395146,1
0.009183573722839355,0.12994391918182374,0.005588936805725098,0.032864186228538046,0.02869858741760254,nan,0.0,0.04861578941345215,0.5227000117301941,1.3610391235351562,-0.5227000117301941,nan,0.0,nan,0.0,nan,0.0,0.5000799894332886,1.3703071657562256,nan,0.0,nan,0.0,60000,1,False,,,8,-1.3610391235351562,8d4905147c8847e49f6f0565480b2f41,2019-05-30_15-21-47,1559254907,8.04279088973999,68.10030603408813,21932,steropes,169.229.49.254,"{'starting_lr': 0.5, 'momentum': 0.9, 'weight_decay': 0.0005, 'steps_per_iteration': None, 'pin': False, 'model_creator': None, 'target_batch_size': 1024, 'model_string': 'resnet18', 'min_batch_size': 512, 'dataset': 'CIFAR', 'placement': None, 'use_nccl': True, 'devices_per_worker': 1, 'primary_resource': 'extra_gpu', 'gpu': False, 'verbose': False, 'lr_config': {'mode': 'log', 'steps': 5, 'initial_lr': 0.5, 'target_lr': 0.5}, 'batch_per_device': 1024}",68.10030603408813,0,8,7449.523721496669,1
0.00816962718963623,0.13616795539855958,0.0067035436630249025,0.03164543424333845,0.030021476745605468,nan,0.0,0.05452284812927246,0.5349999666213989,1.2815467388153077,-0.5349999666213989,nan,0.0,nan,0.0,nan,0.0,0.5352199673652649,1.2771138911056519,nan,0.0,nan,0.0,60000,1,False,,,9,-1.2815467388153077,8d4905147c8847e49f6f0565480b2f41,2019-05-30_15-21-55,1559254915,8.129995584487915,76.23030161857605,21932,steropes,169.229.49.254,"{'starting_lr': 0.5, 'momentum': 0.9, 'weight_decay': 0.0005, 'steps_per_iteration': None, 'pin': False, 'model_creator': None, 'target_batch_size': 1024, 'model_string': 'resnet18', 'min_batch_size': 512, 'dataset': 'CIFAR', 'placement': None, 'use_nccl': True, 'devices_per_worker': 1, 'primary_resource': 'extra_gpu', 'gpu': False, 'verbose': False, 'lr_config': {'mode': 'log', 'steps': 5, 'initial_lr': 0.5, 'target_lr': 0.5}, 'batch_per_device': 1024}",76.23030161857605,0,9,7435.977751692085,1
0.007382035255432129,0.13251981735229493,0.00487668514251709,0.03423182331785864,0.0331385612487793,nan,0.0,0.052766942977905275,0.5568999648094177,1.2126341341018676,-0.5568999648094177,nan,0.0,nan,0.0,nan,0.0,0.5668799877166748,1.1975408604049682,nan,0.0,nan,0.0,60000,1,False,,,10,-1.2126341341018676,8d4905147c8847e49f6f0565480b2f41,2019-05-30_15-22-03,1559254923,8.231058597564697,84.46136021614075,21932,steropes,169.229.49.254,"{'starting_lr': 0.5, 'momentum': 0.9, 'weight_decay': 0.0005, 'steps_per_iteration': None, 'pin': False, 'model_creator': None, 'target_batch_size': 1024, 'model_string': 'resnet18', 'min_batch_size': 512, 'dataset': 'CIFAR', 'placement': None, 'use_nccl': True, 'devices_per_worker': 1, 'primary_resource': 'extra_gpu', 'gpu': False, 'verbose': False, 'lr_config': {'mode': 'log', 'steps': 5, 'initial_lr': 0.5, 'target_lr': 0.5}, 'batch_per_device': 1024}",84.46136021614075,0,10,7402.692535125118,1
0.008113646507263183,0.133500337600708,0.005672717094421386,0.034192586431697924,0.030186223983764648,nan,0.0,0.04973468780517578,0.6107000112533569,1.0957654777526855,-0.6107000112533569,nan,0.0,nan,0.0,nan,0.0,0.5992400050163269,1.121172840652466,nan,0.0,nan,0.0,60000,1,False,,,11,-1.0957654777526855,8d4905147c8847e49f6f0565480b2f41,2019-05-30_15-22-11,1559254931,8.144044160842896,92.60540437698364,21932,steropes,169.229.49.254,"{'starting_lr': 0.5, 'momentum': 0.9, 'weight_decay': 0.0005, 'steps_per_iteration': None, 'pin': False, 'model_creator': None, 'target_batch_size': 1024, 'model_string': 'resnet18', 'min_batch_size': 512, 'dataset': 'CIFAR', 'placement': None, 'use_nccl': True, 'devices_per_worker': 1, 'primary_resource': 'extra_gpu', 'gpu': False, 'verbose': False, 'lr_config': {'mode': 'log', 'steps': 5, 'initial_lr': 0.5, 'target_lr': 0.5}, 'batch_per_device': 1024}",92.60540437698364,0,11,7368.321355828395,1
0.008108854293823242,0.12874624729156495,0.005165719985961914,0.03405912068425393,0.0303546667098999,nan,0.0,0.05665607452392578,0.5562999844551086,1.2913274412155151,-0.5562999844551086,nan,0.0,nan,0.0,nan,0.0,0.6213799715042114,1.0643662236022948,nan,0.0,nan,0.0,60000,1,True,,,12,-1.2913274412155151,8d4905147c8847e49f6f0565480b2f41,2019-05-30_15-22-19,1559254939,8.022796630859375,100.62820100784302,21932,steropes,169.229.49.254,"{'starting_lr': 0.5, 'momentum': 0.9, 'weight_decay': 0.0005, 'steps_per_iteration': None, 'pin': False, 'model_creator': None, 'target_batch_size': 1024, 'model_string': 'resnet18', 'min_batch_size': 512, 'dataset': 'CIFAR', 'placement': None, 'use_nccl': True, 'devices_per_worker': 1, 'primary_resource': 'extra_gpu', 'gpu': False, 'verbose': False, 'lr_config': {'mode': 'log', 'steps': 5, 'initial_lr': 0.5, 'target_lr': 0.5}, 'batch_per_device': 1024}",100.62820100784302,0,12,7394.217379523451,1
