{"apply": 0.007772517204284668, "batch_time": 0.18612267971038818, "d2h": 0.004943585395812989, "data_time": 0.0388183204495177, "fwd": 0.0762627124786377, "get_state_time_mean": NaN, "get_state_time_total": 0.0, "grad": 0.15585908889770508, "mean_accuracy": 0.19039998948574066, "mean_loss": 2.1038275943756104, "neg_mean_accuracy": -0.19039998948574066, "set_state_time_mean": NaN, "set_state_time_total": 0.0, "setup_model_time_mean": 8.415749788284302, "setup_model_time_total": 8.415749788284302, "setup_proc_time_mean": 0.18907809257507324, "setup_proc_time_total": 0.18907809257507324, "train_accuracy": 0.1369599997997284, "train_loss": 4.63889965637207, "training_time_mean": NaN, "training_time_total": 0.0, "validation_time_mean": NaN, "validation_time_total": 0.0, "samples": 60000, "num_workers": 1, "done": false, "timesteps_total": null, "episodes_total": null, "training_iteration": 1, "neg_mean_loss": -2.1038275943756104, "experiment_id": "8d4905147c8847e49f6f0565480b2f41", "date": "2019-05-30_15-20-50", "timestamp": 1559254850, "time_this_iter_s": 11.514016151428223, "time_total_s": 11.514016151428223, "pid": 21932, "hostname": "steropes", "node_ip": "169.229.49.254", "config": {"starting_lr": 0.5, "momentum": 0.9, "weight_decay": 0.0005, "steps_per_iteration": null, "pin": false, "model_creator": null, "target_batch_size": 1024, "model_string": "resnet18", "min_batch_size": 512, "dataset": "CIFAR", "placement": null, "use_nccl": true, "devices_per_worker": 1, "primary_resource": "extra_gpu", "gpu": false, "verbose": false, "lr_config": {"mode": "log", "steps": 5, "initial_lr": 0.5, "target_lr": 0.5}, "batch_per_device": 1024}, "time_since_restore": 11.514016151428223, "timesteps_since_restore": 0, "iterations_since_restore": 1, "mean_throughput": 5211.003963070152, "atoms": 1}
{"apply": 0.007436180114746093, "batch_time": 0.1358715772628784, "d2h": 0.005146145820617676, "data_time": 0.03152611304302605, "fwd": 0.02543647289276123, "get_state_time_mean": NaN, "get_state_time_total": 0.0, "grad": 0.0635197639465332, "mean_accuracy": 0.1987999975681305, "mean_loss": 2.0471047931671142, "neg_mean_accuracy": -0.1987999975681305, "set_state_time_mean": NaN, "set_state_time_total": 0.0, "setup_model_time_mean": NaN, "setup_model_time_total": 0.0, "setup_proc_time_mean": NaN, "setup_proc_time_total": 0.0, "train_accuracy": 0.21143999695777893, "train_loss": 2.0565594220733643, "training_time_mean": NaN, "training_time_total": 0.0, "validation_time_mean": NaN, "validation_time_total": 0.0, "samples": 60000, "num_workers": 1, "done": false, "timesteps_total": null, "episodes_total": null, "training_iteration": 2, "neg_mean_loss": -2.0471047931671142, "experiment_id": "8d4905147c8847e49f6f0565480b2f41", "date": "2019-05-30_15-20-58", "timestamp": 1559254858, "time_this_iter_s": 8.032902240753174, "time_total_s": 19.546918392181396, "pid": 21932, "hostname": "steropes", "node_ip": "169.229.49.254", "config": {"starting_lr": 0.5, "momentum": 0.9, "weight_decay": 0.0005, "steps_per_iteration": null, "pin": false, "model_creator": null, "target_batch_size": 1024, "model_string": "resnet18", "min_batch_size": 512, "dataset": "CIFAR", "placement": null, "use_nccl": true, "devices_per_worker": 1, "primary_resource": "extra_gpu", "gpu": false, "verbose": false, "lr_config": {"mode": "log", "steps": 5, "initial_lr": 0.5, "target_lr": 0.5}, "batch_per_device": 1024}, "time_since_restore": 19.546918392181396, "timesteps_since_restore": 0, "iterations_since_restore": 2, "mean_throughput": 6139.026953519745, "atoms": 1}
{"apply": 0.009205317497253418, "batch_time": 0.1451366901397705, "d2h": 0.0055808544158935545, "data_time": 0.0404777818796586, "fwd": 0.02750535011291504, "get_state_time_mean": NaN, "get_state_time_total": 0.0, "grad": 0.052616548538208005, "mean_accuracy": 0.2897999882698059, "mean_loss": 1.8739088357925415, "neg_mean_accuracy": -0.2897999882698059, "set_state_time_mean": NaN, "set_state_time_total": 0.0, "setup_model_time_mean": NaN, "setup_model_time_total": 0.0, "setup_proc_time_mean": NaN, "setup_proc_time_total": 0.0, "train_accuracy": 0.2553800046443939, "train_loss": 1.928171959953308, "training_time_mean": NaN, "training_time_total": 0.0, "validation_time_mean": NaN, "validation_time_total": 0.0, "samples": 60000, "num_workers": 1, "done": false, "timesteps_total": null, "episodes_total": null, "training_iteration": 3, "neg_mean_loss": -1.8739088357925415, "experiment_id": "8d4905147c8847e49f6f0565480b2f41", "date": "2019-05-30_15-21-07", "timestamp": 1559254867, "time_this_iter_s": 8.283863544464111, "time_total_s": 27.830781936645508, "pid": 21932, "hostname": "steropes", "node_ip": "169.229.49.254", "config": {"starting_lr": 0.5, "momentum": 0.9, "weight_decay": 0.0005, "steps_per_iteration": null, "pin": false, "model_creator": null, "target_batch_size": 1024, "model_string": "resnet18", "min_batch_size": 512, "dataset": "CIFAR", "placement": null, "use_nccl": true, "devices_per_worker": 1, "primary_resource": "extra_gpu", "gpu": false, "verbose": false, "lr_config": {"mode": "log", "steps": 5, "initial_lr": 0.5, "target_lr": 0.5}, "batch_per_device": 1024}, "time_since_restore": 27.830781936645508, "timesteps_since_restore": 0, "iterations_since_restore": 3, "mean_throughput": 6467.604496151642, "atoms": 1}
{"apply": 0.009461283683776855, "batch_time": 0.13317229747772216, "d2h": 0.007418394088745117, "data_time": 0.030407088143484935, "fwd": 0.025055599212646485, "get_state_time_mean": NaN, "get_state_time_total": 0.0, "grad": 0.055116868019104, "mean_accuracy": 0.3563999831676483, "mean_loss": 1.742170631980896, "neg_mean_accuracy": -0.3563999831676483, "set_state_time_mean": NaN, "set_state_time_total": 0.0, "setup_model_time_mean": NaN, "setup_model_time_total": 0.0, "setup_proc_time_mean": NaN, "setup_proc_time_total": 0.0, "train_accuracy": 0.313539981842041, "train_loss": 1.7852774296951295, "training_time_mean": NaN, "training_time_total": 0.0, "validation_time_mean": NaN, "validation_time_total": 0.0, "samples": 60000, "num_workers": 1, "done": false, "timesteps_total": null, "episodes_total": null, "training_iteration": 4, "neg_mean_loss": -1.742170631980896, "experiment_id": "8d4905147c8847e49f6f0565480b2f41", "date": "2019-05-30_15-21-15", "timestamp": 1559254875, "time_this_iter_s": 8.05669641494751, "time_total_s": 35.88747835159302, "pid": 21932, "hostname": "steropes", "node_ip": "169.229.49.254", "config": {"starting_lr": 0.5, "momentum": 0.9, "weight_decay": 0.0005, "steps_per_iteration": null, "pin": false, "model_creator": null, "target_batch_size": 1024, "model_string": "resnet18", "min_batch_size": 512, "dataset": "CIFAR", "placement": null, "use_nccl": true, "devices_per_worker": 1, "primary_resource": "extra_gpu", "gpu": false, "verbose": false, "lr_config": {"mode": "log", "steps": 5, "initial_lr": 0.5, "target_lr": 0.5}, "batch_per_device": 1024}, "time_since_restore": 35.88747835159302, "timesteps_since_restore": 0, "iterations_since_restore": 4, "mean_throughput": 6687.5120740485445, "atoms": 1}
{"apply": 0.009419918060302734, "batch_time": 0.12949702739715577, "d2h": 0.0059387445449829105, "data_time": 0.03320207401197784, "fwd": 0.023477458953857423, "get_state_time_mean": NaN, "get_state_time_total": 0.0, "grad": 0.0494976282119751, "mean_accuracy": 0.41589999198913574, "mean_loss": 1.6249825927734376, "neg_mean_accuracy": -0.41589999198913574, "set_state_time_mean": NaN, "set_state_time_total": 0.0, "setup_model_time_mean": NaN, "setup_model_time_total": 0.0, "setup_proc_time_mean": NaN, "setup_proc_time_total": 0.0, "train_accuracy": 0.37511998414993286, "train_loss": 1.6470251463699341, "training_time_mean": NaN, "training_time_total": 0.0, "validation_time_mean": NaN, "validation_time_total": 0.0, "samples": 60000, "num_workers": 1, "done": false, "timesteps_total": null, "episodes_total": null, "training_iteration": 5, "neg_mean_loss": -1.6249825927734376, "experiment_id": "8d4905147c8847e49f6f0565480b2f41", "date": "2019-05-30_15-21-23", "timestamp": 1559254883, "time_this_iter_s": 8.049655675888062, "time_total_s": 43.93713402748108, "pid": 21932, "hostname": "steropes", "node_ip": "169.229.49.254", "config": {"starting_lr": 0.5, "momentum": 0.9, "weight_decay": 0.0005, "steps_per_iteration": null, "pin": false, "model_creator": null, "target_batch_size": 1024, "model_string": "resnet18", "min_batch_size": 512, "dataset": "CIFAR", "placement": null, "use_nccl": true, "devices_per_worker": 1, "primary_resource": "extra_gpu", "gpu": false, "verbose": false, "lr_config": {"mode": "log", "steps": 5, "initial_lr": 0.5, "target_lr": 0.5}, "batch_per_device": 1024}, "time_since_restore": 43.93713402748108, "timesteps_since_restore": 0, "iterations_since_restore": 5, "mean_throughput": 6827.877992677737, "atoms": 1}
{"apply": 0.008718538284301757, "batch_time": 0.12946956157684325, "d2h": 0.005317020416259766, "data_time": 0.03614646074723224, "fwd": 0.022290921211242674, "get_state_time_mean": NaN, "get_state_time_total": 0.0, "grad": 0.04356770515441895, "mean_accuracy": 0.4178999960422516, "mean_loss": 1.5537122678756714, "neg_mean_accuracy": -0.4178999960422516, "set_state_time_mean": NaN, "set_state_time_total": 0.0, "setup_model_time_mean": NaN, "setup_model_time_total": 0.0, "setup_proc_time_mean": NaN, "setup_proc_time_total": 0.0, "train_accuracy": 0.41871997714042664, "train_loss": 1.5512139861297607, "training_time_mean": NaN, "training_time_total": 0.0, "validation_time_mean": NaN, "validation_time_total": 0.0, "samples": 60000, "num_workers": 1, "done": false, "timesteps_total": null, "episodes_total": null, "training_iteration": 6, "neg_mean_loss": -1.5537122678756714, "experiment_id": "8d4905147c8847e49f6f0565480b2f41", "date": "2019-05-30_15-21-31", "timestamp": 1559254891, "time_this_iter_s": 7.954995155334473, "time_total_s": 51.89212918281555, "pid": 21932, "hostname": "steropes", "node_ip": "169.229.49.254", "config": {"starting_lr": 0.5, "momentum": 0.9, "weight_decay": 0.0005, "steps_per_iteration": null, "pin": false, "model_creator": null, "target_batch_size": 1024, "model_string": "resnet18", "min_batch_size": 512, "dataset": "CIFAR", "placement": null, "use_nccl": true, "devices_per_worker": 1, "primary_resource": "extra_gpu", "gpu": false, "verbose": false, "lr_config": {"mode": "log", "steps": 5, "initial_lr": 0.5, "target_lr": 0.5}, "batch_per_device": 1024}, "time_since_restore": 51.89212918281555, "timesteps_since_restore": 0, "iterations_since_restore": 6, "mean_throughput": 7429.69693839905, "atoms": 1}
{"apply": 0.009854817390441894, "batch_time": 0.1399771213531494, "d2h": 0.007574534416198731, "data_time": 0.037461266225698044, "fwd": 0.02539355754852295, "get_state_time_mean": NaN, "get_state_time_total": 0.0, "grad": 0.05063552856445312, "mean_accuracy": 0.4772000014781952, "mean_loss": 1.422383765411377, "neg_mean_accuracy": -0.4772000014781952, "set_state_time_mean": NaN, "set_state_time_total": 0.0, "setup_model_time_mean": NaN, "setup_model_time_total": 0.0, "setup_proc_time_mean": NaN, "setup_proc_time_total": 0.0, "train_accuracy": 0.4612399935722351, "train_loss": 1.4577165019989013, "training_time_mean": NaN, "training_time_total": 0.0, "validation_time_mean": NaN, "validation_time_total": 0.0, "samples": 60000, "num_workers": 1, "done": false, "timesteps_total": null, "episodes_total": null, "training_iteration": 7, "neg_mean_loss": -1.422383765411377, "experiment_id": "8d4905147c8847e49f6f0565480b2f41", "date": "2019-05-30_15-21-39", "timestamp": 1559254899, "time_this_iter_s": 8.165385961532593, "time_total_s": 60.057515144348145, "pid": 21932, "hostname": "steropes", "node_ip": "169.229.49.254", "config": {"starting_lr": 0.5, "momentum": 0.9, "weight_decay": 0.0005, "steps_per_iteration": null, "pin": false, "model_creator": null, "target_batch_size": 1024, "model_string": "resnet18", "min_batch_size": 512, "dataset": "CIFAR", "placement": null, "use_nccl": true, "devices_per_worker": 1, "primary_resource": "extra_gpu", "gpu": false, "verbose": false, "lr_config": {"mode": "log", "steps": 5, "initial_lr": 0.5, "target_lr": 0.5}, "batch_per_device": 1024}, "time_since_restore": 60.057515144348145, "timesteps_since_restore": 0, "iterations_since_restore": 7, "mean_throughput": 7405.398782395146, "atoms": 1}
{"apply": 0.009183573722839355, "batch_time": 0.12994391918182374, "d2h": 0.005588936805725098, "data_time": 0.032864186228538046, "fwd": 0.02869858741760254, "get_state_time_mean": NaN, "get_state_time_total": 0.0, "grad": 0.04861578941345215, "mean_accuracy": 0.5227000117301941, "mean_loss": 1.3610391235351562, "neg_mean_accuracy": -0.5227000117301941, "set_state_time_mean": NaN, "set_state_time_total": 0.0, "setup_model_time_mean": NaN, "setup_model_time_total": 0.0, "setup_proc_time_mean": NaN, "setup_proc_time_total": 0.0, "train_accuracy": 0.5000799894332886, "train_loss": 1.3703071657562256, "training_time_mean": NaN, "training_time_total": 0.0, "validation_time_mean": NaN, "validation_time_total": 0.0, "samples": 60000, "num_workers": 1, "done": false, "timesteps_total": null, "episodes_total": null, "training_iteration": 8, "neg_mean_loss": -1.3610391235351562, "experiment_id": "8d4905147c8847e49f6f0565480b2f41", "date": "2019-05-30_15-21-47", "timestamp": 1559254907, "time_this_iter_s": 8.04279088973999, "time_total_s": 68.10030603408813, "pid": 21932, "hostname": "steropes", "node_ip": "169.229.49.254", "config": {"starting_lr": 0.5, "momentum": 0.9, "weight_decay": 0.0005, "steps_per_iteration": null, "pin": false, "model_creator": null, "target_batch_size": 1024, "model_string": "resnet18", "min_batch_size": 512, "dataset": "CIFAR", "placement": null, "use_nccl": true, "devices_per_worker": 1, "primary_resource": "extra_gpu", "gpu": false, "verbose": false, "lr_config": {"mode": "log", "steps": 5, "initial_lr": 0.5, "target_lr": 0.5}, "batch_per_device": 1024}, "time_since_restore": 68.10030603408813, "timesteps_since_restore": 0, "iterations_since_restore": 8, "mean_throughput": 7449.523721496669, "atoms": 1}
{"apply": 0.00816962718963623, "batch_time": 0.13616795539855958, "d2h": 0.0067035436630249025, "data_time": 0.03164543424333845, "fwd": 0.030021476745605468, "get_state_time_mean": NaN, "get_state_time_total": 0.0, "grad": 0.05452284812927246, "mean_accuracy": 0.5349999666213989, "mean_loss": 1.2815467388153077, "neg_mean_accuracy": -0.5349999666213989, "set_state_time_mean": NaN, "set_state_time_total": 0.0, "setup_model_time_mean": NaN, "setup_model_time_total": 0.0, "setup_proc_time_mean": NaN, "setup_proc_time_total": 0.0, "train_accuracy": 0.5352199673652649, "train_loss": 1.2771138911056519, "training_time_mean": NaN, "training_time_total": 0.0, "validation_time_mean": NaN, "validation_time_total": 0.0, "samples": 60000, "num_workers": 1, "done": false, "timesteps_total": null, "episodes_total": null, "training_iteration": 9, "neg_mean_loss": -1.2815467388153077, "experiment_id": "8d4905147c8847e49f6f0565480b2f41", "date": "2019-05-30_15-21-55", "timestamp": 1559254915, "time_this_iter_s": 8.129995584487915, "time_total_s": 76.23030161857605, "pid": 21932, "hostname": "steropes", "node_ip": "169.229.49.254", "config": {"starting_lr": 0.5, "momentum": 0.9, "weight_decay": 0.0005, "steps_per_iteration": null, "pin": false, "model_creator": null, "target_batch_size": 1024, "model_string": "resnet18", "min_batch_size": 512, "dataset": "CIFAR", "placement": null, "use_nccl": true, "devices_per_worker": 1, "primary_resource": "extra_gpu", "gpu": false, "verbose": false, "lr_config": {"mode": "log", "steps": 5, "initial_lr": 0.5, "target_lr": 0.5}, "batch_per_device": 1024}, "time_since_restore": 76.23030161857605, "timesteps_since_restore": 0, "iterations_since_restore": 9, "mean_throughput": 7435.977751692085, "atoms": 1}
{"apply": 0.007382035255432129, "batch_time": 0.13251981735229493, "d2h": 0.00487668514251709, "data_time": 0.03423182331785864, "fwd": 0.0331385612487793, "get_state_time_mean": NaN, "get_state_time_total": 0.0, "grad": 0.052766942977905275, "mean_accuracy": 0.5568999648094177, "mean_loss": 1.2126341341018676, "neg_mean_accuracy": -0.5568999648094177, "set_state_time_mean": NaN, "set_state_time_total": 0.0, "setup_model_time_mean": NaN, "setup_model_time_total": 0.0, "setup_proc_time_mean": NaN, "setup_proc_time_total": 0.0, "train_accuracy": 0.5668799877166748, "train_loss": 1.1975408604049682, "training_time_mean": NaN, "training_time_total": 0.0, "validation_time_mean": NaN, "validation_time_total": 0.0, "samples": 60000, "num_workers": 1, "done": false, "timesteps_total": null, "episodes_total": null, "training_iteration": 10, "neg_mean_loss": -1.2126341341018676, "experiment_id": "8d4905147c8847e49f6f0565480b2f41", "date": "2019-05-30_15-22-03", "timestamp": 1559254923, "time_this_iter_s": 8.231058597564697, "time_total_s": 84.46136021614075, "pid": 21932, "hostname": "steropes", "node_ip": "169.229.49.254", "config": {"starting_lr": 0.5, "momentum": 0.9, "weight_decay": 0.0005, "steps_per_iteration": null, "pin": false, "model_creator": null, "target_batch_size": 1024, "model_string": "resnet18", "min_batch_size": 512, "dataset": "CIFAR", "placement": null, "use_nccl": true, "devices_per_worker": 1, "primary_resource": "extra_gpu", "gpu": false, "verbose": false, "lr_config": {"mode": "log", "steps": 5, "initial_lr": 0.5, "target_lr": 0.5}, "batch_per_device": 1024}, "time_since_restore": 84.46136021614075, "timesteps_since_restore": 0, "iterations_since_restore": 10, "mean_throughput": 7402.692535125118, "atoms": 1}
{"apply": 0.008113646507263183, "batch_time": 0.133500337600708, "d2h": 0.005672717094421386, "data_time": 0.034192586431697924, "fwd": 0.030186223983764648, "get_state_time_mean": NaN, "get_state_time_total": 0.0, "grad": 0.04973468780517578, "mean_accuracy": 0.6107000112533569, "mean_loss": 1.0957654777526855, "neg_mean_accuracy": -0.6107000112533569, "set_state_time_mean": NaN, "set_state_time_total": 0.0, "setup_model_time_mean": NaN, "setup_model_time_total": 0.0, "setup_proc_time_mean": NaN, "setup_proc_time_total": 0.0, "train_accuracy": 0.5992400050163269, "train_loss": 1.121172840652466, "training_time_mean": NaN, "training_time_total": 0.0, "validation_time_mean": NaN, "validation_time_total": 0.0, "samples": 60000, "num_workers": 1, "done": false, "timesteps_total": null, "episodes_total": null, "training_iteration": 11, "neg_mean_loss": -1.0957654777526855, "experiment_id": "8d4905147c8847e49f6f0565480b2f41", "date": "2019-05-30_15-22-11", "timestamp": 1559254931, "time_this_iter_s": 8.144044160842896, "time_total_s": 92.60540437698364, "pid": 21932, "hostname": "steropes", "node_ip": "169.229.49.254", "config": {"starting_lr": 0.5, "momentum": 0.9, "weight_decay": 0.0005, "steps_per_iteration": null, "pin": false, "model_creator": null, "target_batch_size": 1024, "model_string": "resnet18", "min_batch_size": 512, "dataset": "CIFAR", "placement": null, "use_nccl": true, "devices_per_worker": 1, "primary_resource": "extra_gpu", "gpu": false, "verbose": false, "lr_config": {"mode": "log", "steps": 5, "initial_lr": 0.5, "target_lr": 0.5}, "batch_per_device": 1024}, "time_since_restore": 92.60540437698364, "timesteps_since_restore": 0, "iterations_since_restore": 11, "mean_throughput": 7368.321355828395, "atoms": 1}
{"apply": 0.008108854293823242, "batch_time": 0.12874624729156495, "d2h": 0.005165719985961914, "data_time": 0.03405912068425393, "fwd": 0.0303546667098999, "get_state_time_mean": NaN, "get_state_time_total": 0.0, "grad": 0.05665607452392578, "mean_accuracy": 0.5562999844551086, "mean_loss": 1.2913274412155151, "neg_mean_accuracy": -0.5562999844551086, "set_state_time_mean": NaN, "set_state_time_total": 0.0, "setup_model_time_mean": NaN, "setup_model_time_total": 0.0, "setup_proc_time_mean": NaN, "setup_proc_time_total": 0.0, "train_accuracy": 0.6213799715042114, "train_loss": 1.0643662236022948, "training_time_mean": NaN, "training_time_total": 0.0, "validation_time_mean": NaN, "validation_time_total": 0.0, "samples": 60000, "num_workers": 1, "done": true, "timesteps_total": null, "episodes_total": null, "training_iteration": 12, "neg_mean_loss": -1.2913274412155151, "experiment_id": "8d4905147c8847e49f6f0565480b2f41", "date": "2019-05-30_15-22-19", "timestamp": 1559254939, "time_this_iter_s": 8.022796630859375, "time_total_s": 100.62820100784302, "pid": 21932, "hostname": "steropes", "node_ip": "169.229.49.254", "config": {"starting_lr": 0.5, "momentum": 0.9, "weight_decay": 0.0005, "steps_per_iteration": null, "pin": false, "model_creator": null, "target_batch_size": 1024, "model_string": "resnet18", "min_batch_size": 512, "dataset": "CIFAR", "placement": null, "use_nccl": true, "devices_per_worker": 1, "primary_resource": "extra_gpu", "gpu": false, "verbose": false, "lr_config": {"mode": "log", "steps": 5, "initial_lr": 0.5, "target_lr": 0.5}, "batch_per_device": 1024}, "time_since_restore": 100.62820100784302, "timesteps_since_restore": 0, "iterations_since_restore": 12, "mean_throughput": 7394.217379523451, "atoms": 1}
