apply,batch_time,d2h,data_time,fwd,get_state_time_mean,get_state_time_total,grad,mean_accuracy,mean_loss,neg_mean_accuracy,set_state_time_mean,set_state_time_total,setup_model_time_mean,setup_model_time_total,setup_proc_time_mean,setup_proc_time_total,train_accuracy,train_loss,training_time_mean,training_time_total,val_accuracy,val_loss,validation_time_mean,validation_time_total,samples,num_workers,done,timesteps_total,episodes_total,training_iteration,neg_mean_loss,experiment_id,date,timestamp,time_this_iter_s,time_total_s,pid,hostname,node_ip,config,time_since_restore,timesteps_since_restore,iterations_since_restore,mean_throughput,atoms,setup_time
0.01798856258392334,0.047875235352335094,0.0007402896881103516,0.0018979771362851038,0.1789879560470581,nan,0.0,0.17447891235351562,0.2635999917984009,2.045278232574463,-0.2635999917984009,nan,0.0,9.417894840240479,9.417894840240479,0.14006590843200684,0.14006590843200684,0.1918799877166748,2.3358037434387207,nan,0.0,0.2635999917984009,2.045278232574463,nan,0.0,60000,1,False,,,1,-2.045278232574463,a4f0f299b6574c9d858d31306bbf99df,2019-06-06_09-30-48,1559838648,47.405638217926025,47.405638217926025,9134,steropes,169.229.49.254,"{'starting_lr': 0.0005, 'momentum': 0.95, 'weight_decay': 0.001, 'steps_per_iteration': None, 'pin': False, 'model_creator': None, 'target_batch_size': 128, 'model_string': 'resnet50', 'min_batch_size': 128, 'dataset': 'CIFAR', 'placement': None, 'use_nccl': True, 'devices_per_worker': 1, 'primary_resource': 'extra_gpu', 'gpu': False, 'verbose': False, 'lr_config': {'mode': 'log', 'steps': 5, 'initial_lr': 0.0005, 'target_lr': 0.0005}, 'batch_per_device': 128}",47.405638217926025,0,1,1265.6681977171222,1,9.673003435134888
0.01823883056640625,0.03341736371004129,0.0007157802581787109,0.0017799367685147258,0.028146028518676758,nan,0.0,0.04777779579162598,0.31154999136924744,1.8966946395874023,-0.359499990940094,nan,0.0,nan,0.0,nan,0.0,0.29311999678611755,1.9423922289276123,nan,0.0,0.359499990940094,1.7481110466003418,nan,0.0,60000,1,False,,,2,-1.8966946395874023,a4f0f299b6574c9d858d31306bbf99df,2019-06-06_09-31-29,1559838689,40.8379123210907,88.24355053901672,9134,steropes,169.229.49.254,"{'starting_lr': 0.0005, 'momentum': 0.95, 'weight_decay': 0.001, 'steps_per_iteration': None, 'pin': False, 'model_creator': None, 'target_batch_size': 128, 'model_string': 'resnet50', 'min_batch_size': 128, 'dataset': 'CIFAR', 'placement': None, 'use_nccl': True, 'devices_per_worker': 1, 'primary_resource': 'extra_gpu', 'gpu': False, 'verbose': False, 'lr_config': {'mode': 'log', 'steps': 5, 'initial_lr': 0.0005, 'target_lr': 0.0005}, 'batch_per_device': 128}",88.24355053901672,0,2,1359.8691816799742,1,9.673003435134888
0.018750858306884766,0.03403367271906213,0.0007512092590332032,0.0017872295721107737,0.028078746795654298,nan,0.0,0.04873290061950684,0.3397333224614461,1.8144444611231485,-0.3960999846458435,nan,0.0,nan,0.0,nan,0.0,0.3479999899864197,1.7881797652435303,nan,0.0,0.3960999846458435,1.6499441041946412,nan,0.0,60000,1,False,,,3,-1.8144444611231485,a4f0f299b6574c9d858d31306bbf99df,2019-06-06_09-32-10,1559838730,40.856157064437866,129.0997076034546,9134,steropes,169.229.49.254,"{'starting_lr': 0.0005, 'momentum': 0.95, 'weight_decay': 0.001, 'steps_per_iteration': None, 'pin': False, 'model_creator': None, 'target_batch_size': 128, 'model_string': 'resnet50', 'min_batch_size': 128, 'dataset': 'CIFAR', 'placement': None, 'use_nccl': True, 'devices_per_worker': 1, 'primary_resource': 'extra_gpu', 'gpu': False, 'verbose': False, 'lr_config': {'mode': 'log', 'steps': 5, 'initial_lr': 0.0005, 'target_lr': 0.0005}, 'batch_per_device': 128}",129.0997076034546,0,3,1394.2677863089448,1,9.673003435134888
0.017715311050415038,0.03197842006441913,0.0007486343383789062,0.0018055140209929717,0.027766895294189454,nan,0.0,0.04800820350646973,0.357199989259243,1.773342464160919,-0.40959998965263367,nan,0.0,nan,0.0,nan,0.0,0.37623998522758484,1.711347213935852,nan,0.0,0.40959998965263367,1.650036473274231,nan,0.0,60000,1,False,,,4,-1.773342464160919,a4f0f299b6574c9d858d31306bbf99df,2019-06-06_09-32-51,1559838771,41.02286696434021,170.1225745677948,9134,steropes,169.229.49.254,"{'starting_lr': 0.0005, 'momentum': 0.95, 'weight_decay': 0.001, 'steps_per_iteration': None, 'pin': False, 'model_creator': None, 'target_batch_size': 128, 'model_string': 'resnet50', 'min_batch_size': 128, 'dataset': 'CIFAR', 'placement': None, 'use_nccl': True, 'devices_per_worker': 1, 'primary_resource': 'extra_gpu', 'gpu': False, 'verbose': False, 'lr_config': {'mode': 'log', 'steps': 5, 'initial_lr': 0.0005, 'target_lr': 0.0005}, 'batch_per_device': 128}",170.1225745677948,0,4,1410.7442607708988,1,9.673003435134888
0.01824772357940674,0.032095860831345184,0.0007388591766357422,0.0018192813219621664,0.028062891960144044,nan,0.0,0.048373627662658694,0.37189998626708987,1.7313102985000608,-0.4306999742984772,nan,0.0,nan,0.0,nan,0.0,0.40017998218536377,1.647690285720825,nan,0.0,0.4306999742984772,1.5631816358566284,nan,0.0,60000,1,False,,,5,-1.7313102985000608,a4f0f299b6574c9d858d31306bbf99df,2019-06-06_09-33-31,1559838811,40.76098942756653,210.88356399536133,9134,steropes,169.229.49.254,"{'starting_lr': 0.0005, 'momentum': 0.95, 'weight_decay': 0.001, 'steps_per_iteration': None, 'pin': False, 'model_creator': None, 'target_batch_size': 128, 'model_string': 'resnet50', 'min_batch_size': 128, 'dataset': 'CIFAR', 'placement': None, 'use_nccl': True, 'devices_per_worker': 1, 'primary_resource': 'extra_gpu', 'gpu': False, 'verbose': False, 'lr_config': {'mode': 'log', 'steps': 5, 'initial_lr': 0.0005, 'target_lr': 0.0005}, 'batch_per_device': 128}",210.88356399536133,0,5,1422.5828058393956,1,9.673003435134888
0.0177720308303833,0.03145398067522653,0.0007198572158813477,0.0017789696793422064,0.02790179252624512,nan,0.0,0.04855906963348389,0.4104599833488464,1.6219737872695923,-0.45639997720718384,nan,0.0,nan,0.0,nan,0.0,0.41697999835014343,1.5940529467391968,nan,0.0,0.45639997720718384,1.498595676422119,nan,0.0,60000,1,False,,,6,-1.6219737872695923,a4f0f299b6574c9d858d31306bbf99df,2019-06-06_09-34-12,1559838852,40.61818289756775,251.50174689292908,9134,steropes,169.229.49.254,"{'starting_lr': 0.0005, 'momentum': 0.95, 'weight_decay': 0.001, 'steps_per_iteration': None, 'pin': False, 'model_creator': None, 'target_batch_size': 128, 'model_string': 'resnet50', 'min_batch_size': 128, 'dataset': 'CIFAR', 'placement': None, 'use_nccl': True, 'devices_per_worker': 1, 'primary_resource': 'extra_gpu', 'gpu': False, 'verbose': False, 'lr_config': {'mode': 'log', 'steps': 5, 'initial_lr': 0.0005, 'target_lr': 0.0005}, 'batch_per_device': 128}",251.50174689292908,0,6,1469.8928536288472,1,9.673003435134888
0.018102025985717772,0.03105814849274068,0.0006582260131835938,0.0018096281134563944,0.028030920028686523,nan,0.0,0.048956871032714844,0.43367998003959657,1.5633383066558837,-0.4755999743938446,nan,0.0,nan,0.0,nan,0.0,0.4391999840736389,1.5405121321105957,nan,0.0,0.4755999743938446,1.4549336435317992,nan,0.0,60000,1,False,,,7,-1.5633383066558837,a4f0f299b6574c9d858d31306bbf99df,2019-06-06_09-34-53,1559838893,40.70819282531738,292.20993971824646,9134,steropes,169.229.49.254,"{'starting_lr': 0.0005, 'momentum': 0.95, 'weight_decay': 0.001, 'steps_per_iteration': None, 'pin': False, 'model_creator': None, 'target_batch_size': 128, 'model_string': 'resnet50', 'min_batch_size': 128, 'dataset': 'CIFAR', 'placement': None, 'use_nccl': True, 'devices_per_worker': 1, 'primary_resource': 'extra_gpu', 'gpu': False, 'verbose': False, 'lr_config': {'mode': 'log', 'steps': 5, 'initial_lr': 0.0005, 'target_lr': 0.0005}, 'batch_per_device': 128}",292.20993971824646,0,7,1470.8276742317764,1,9.673003435134888
0.019029569625854493,0.03188145311572884,0.0007536888122558593,0.0018020901838531884,0.029537510871887208,nan,0.0,0.04780378341674805,0.4486999809741974,1.5220152460861205,-0.47119998931884766,nan,0.0,nan,0.0,nan,0.0,0.45781999826431274,1.4944543198394775,nan,0.0,0.47119998931884766,1.4433288013458252,nan,0.0,60000,1,False,,,8,-1.5220152460861205,a4f0f299b6574c9d858d31306bbf99df,2019-06-06_09-35-34,1559838934,40.865906953811646,333.0758466720581,9134,steropes,169.229.49.254,"{'starting_lr': 0.0005, 'momentum': 0.95, 'weight_decay': 0.001, 'steps_per_iteration': None, 'pin': False, 'model_creator': None, 'target_batch_size': 128, 'model_string': 'resnet50', 'min_batch_size': 128, 'dataset': 'CIFAR', 'placement': None, 'use_nccl': True, 'devices_per_worker': 1, 'primary_resource': 'extra_gpu', 'gpu': False, 'verbose': False, 'lr_config': {'mode': 'log', 'steps': 5, 'initial_lr': 0.0005, 'target_lr': 0.0005}, 'batch_per_device': 128}",333.0758466720581,0,8,1470.7569832364231,1,9.673003435134888
0.01763758659362793,0.032022781009915506,0.0007365465164184571,0.0018461031072279986,0.028476786613464356,nan,0.0,0.048159337043762206,0.4636199831962585,1.4761996363449097,-0.48420000076293945,nan,0.0,nan,0.0,nan,0.0,0.4705599844455719,1.4604652785491943,nan,0.0,0.48420000076293945,1.4209584245681763,nan,0.0,60000,1,True,,,9,-1.4761996363449097,a4f0f299b6574c9d858d31306bbf99df,2019-06-06_09-36-14,1559838974,40.84501099586487,373.920857667923,9134,steropes,169.229.49.254,"{'starting_lr': 0.0005, 'momentum': 0.95, 'weight_decay': 0.001, 'steps_per_iteration': None, 'pin': False, 'model_creator': None, 'target_batch_size': 128, 'model_string': 'resnet50', 'min_batch_size': 128, 'dataset': 'CIFAR', 'placement': None, 'use_nccl': True, 'devices_per_worker': 1, 'primary_resource': 'extra_gpu', 'gpu': False, 'verbose': False, 'lr_config': {'mode': 'log', 'steps': 5, 'initial_lr': 0.0005, 'target_lr': 0.0005}, 'batch_per_device': 128}",373.920857667923,0,9,1472.0405014789344,1,9.673003435134888
