{"apply": 0.01798856258392334, "batch_time": 0.047875235352335094, "d2h": 0.0007402896881103516, "data_time": 0.0018979771362851038, "fwd": 0.1789879560470581, "get_state_time_mean": NaN, "get_state_time_total": 0.0, "grad": 0.17447891235351562, "mean_accuracy": 0.2635999917984009, "mean_loss": 2.045278232574463, "neg_mean_accuracy": -0.2635999917984009, "set_state_time_mean": NaN, "set_state_time_total": 0.0, "setup_model_time_mean": 9.417894840240479, "setup_model_time_total": 9.417894840240479, "setup_proc_time_mean": 0.14006590843200684, "setup_proc_time_total": 0.14006590843200684, "train_accuracy": 0.1918799877166748, "train_loss": 2.3358037434387207, "training_time_mean": NaN, "training_time_total": 0.0, "val_accuracy": 0.2635999917984009, "val_loss": 2.045278232574463, "validation_time_mean": NaN, "validation_time_total": 0.0, "samples": 60000, "num_workers": 1, "done": false, "timesteps_total": null, "episodes_total": null, "training_iteration": 1, "neg_mean_loss": -2.045278232574463, "experiment_id": "a4f0f299b6574c9d858d31306bbf99df", "date": "2019-06-06_09-30-48", "timestamp": 1559838648, "time_this_iter_s": 47.405638217926025, "time_total_s": 47.405638217926025, "pid": 9134, "hostname": "steropes", "node_ip": "169.229.49.254", "config": {"starting_lr": 0.0005, "momentum": 0.95, "weight_decay": 0.001, "steps_per_iteration": null, "pin": false, "model_creator": null, "target_batch_size": 128, "model_string": "resnet50", "min_batch_size": 128, "dataset": "CIFAR", "placement": null, "use_nccl": true, "devices_per_worker": 1, "primary_resource": "extra_gpu", "gpu": false, "verbose": false, "lr_config": {"mode": "log", "steps": 5, "initial_lr": 0.0005, "target_lr": 0.0005}, "batch_per_device": 128}, "time_since_restore": 47.405638217926025, "timesteps_since_restore": 0, "iterations_since_restore": 1, "mean_throughput": 1265.6681977171222, "atoms": 1, "setup_time": 9.673003435134888}
{"apply": 0.01823883056640625, "batch_time": 0.03341736371004129, "d2h": 0.0007157802581787109, "data_time": 0.0017799367685147258, "fwd": 0.028146028518676758, "get_state_time_mean": NaN, "get_state_time_total": 0.0, "grad": 0.04777779579162598, "mean_accuracy": 0.31154999136924744, "mean_loss": 1.8966946395874023, "neg_mean_accuracy": -0.359499990940094, "set_state_time_mean": NaN, "set_state_time_total": 0.0, "setup_model_time_mean": NaN, "setup_model_time_total": 0.0, "setup_proc_time_mean": NaN, "setup_proc_time_total": 0.0, "train_accuracy": 0.29311999678611755, "train_loss": 1.9423922289276123, "training_time_mean": NaN, "training_time_total": 0.0, "val_accuracy": 0.359499990940094, "val_loss": 1.7481110466003418, "validation_time_mean": NaN, "validation_time_total": 0.0, "samples": 60000, "num_workers": 1, "done": false, "timesteps_total": null, "episodes_total": null, "training_iteration": 2, "neg_mean_loss": -1.8966946395874023, "experiment_id": "a4f0f299b6574c9d858d31306bbf99df", "date": "2019-06-06_09-31-29", "timestamp": 1559838689, "time_this_iter_s": 40.8379123210907, "time_total_s": 88.24355053901672, "pid": 9134, "hostname": "steropes", "node_ip": "169.229.49.254", "config": {"starting_lr": 0.0005, "momentum": 0.95, "weight_decay": 0.001, "steps_per_iteration": null, "pin": false, "model_creator": null, "target_batch_size": 128, "model_string": "resnet50", "min_batch_size": 128, "dataset": "CIFAR", "placement": null, "use_nccl": true, "devices_per_worker": 1, "primary_resource": "extra_gpu", "gpu": false, "verbose": false, "lr_config": {"mode": "log", "steps": 5, "initial_lr": 0.0005, "target_lr": 0.0005}, "batch_per_device": 128}, "time_since_restore": 88.24355053901672, "timesteps_since_restore": 0, "iterations_since_restore": 2, "mean_throughput": 1359.8691816799742, "atoms": 1, "setup_time": 9.673003435134888}
{"apply": 0.018750858306884766, "batch_time": 0.03403367271906213, "d2h": 0.0007512092590332032, "data_time": 0.0017872295721107737, "fwd": 0.028078746795654298, "get_state_time_mean": NaN, "get_state_time_total": 0.0, "grad": 0.04873290061950684, "mean_accuracy": 0.3397333224614461, "mean_loss": 1.8144444611231485, "neg_mean_accuracy": -0.3960999846458435, "set_state_time_mean": NaN, "set_state_time_total": 0.0, "setup_model_time_mean": NaN, "setup_model_time_total": 0.0, "setup_proc_time_mean": NaN, "setup_proc_time_total": 0.0, "train_accuracy": 0.3479999899864197, "train_loss": 1.7881797652435303, "training_time_mean": NaN, "training_time_total": 0.0, "val_accuracy": 0.3960999846458435, "val_loss": 1.6499441041946412, "validation_time_mean": NaN, "validation_time_total": 0.0, "samples": 60000, "num_workers": 1, "done": false, "timesteps_total": null, "episodes_total": null, "training_iteration": 3, "neg_mean_loss": -1.8144444611231485, "experiment_id": "a4f0f299b6574c9d858d31306bbf99df", "date": "2019-06-06_09-32-10", "timestamp": 1559838730, "time_this_iter_s": 40.856157064437866, "time_total_s": 129.0997076034546, "pid": 9134, "hostname": "steropes", "node_ip": "169.229.49.254", "config": {"starting_lr": 0.0005, "momentum": 0.95, "weight_decay": 0.001, "steps_per_iteration": null, "pin": false, "model_creator": null, "target_batch_size": 128, "model_string": "resnet50", "min_batch_size": 128, "dataset": "CIFAR", "placement": null, "use_nccl": true, "devices_per_worker": 1, "primary_resource": "extra_gpu", "gpu": false, "verbose": false, "lr_config": {"mode": "log", "steps": 5, "initial_lr": 0.0005, "target_lr": 0.0005}, "batch_per_device": 128}, "time_since_restore": 129.0997076034546, "timesteps_since_restore": 0, "iterations_since_restore": 3, "mean_throughput": 1394.2677863089448, "atoms": 1, "setup_time": 9.673003435134888}
{"apply": 0.017715311050415038, "batch_time": 0.03197842006441913, "d2h": 0.0007486343383789062, "data_time": 0.0018055140209929717, "fwd": 0.027766895294189454, "get_state_time_mean": NaN, "get_state_time_total": 0.0, "grad": 0.04800820350646973, "mean_accuracy": 0.357199989259243, "mean_loss": 1.773342464160919, "neg_mean_accuracy": -0.40959998965263367, "set_state_time_mean": NaN, "set_state_time_total": 0.0, "setup_model_time_mean": NaN, "setup_model_time_total": 0.0, "setup_proc_time_mean": NaN, "setup_proc_time_total": 0.0, "train_accuracy": 0.37623998522758484, "train_loss": 1.711347213935852, "training_time_mean": NaN, "training_time_total": 0.0, "val_accuracy": 0.40959998965263367, "val_loss": 1.650036473274231, "validation_time_mean": NaN, "validation_time_total": 0.0, "samples": 60000, "num_workers": 1, "done": false, "timesteps_total": null, "episodes_total": null, "training_iteration": 4, "neg_mean_loss": -1.773342464160919, "experiment_id": "a4f0f299b6574c9d858d31306bbf99df", "date": "2019-06-06_09-32-51", "timestamp": 1559838771, "time_this_iter_s": 41.02286696434021, "time_total_s": 170.1225745677948, "pid": 9134, "hostname": "steropes", "node_ip": "169.229.49.254", "config": {"starting_lr": 0.0005, "momentum": 0.95, "weight_decay": 0.001, "steps_per_iteration": null, "pin": false, "model_creator": null, "target_batch_size": 128, "model_string": "resnet50", "min_batch_size": 128, "dataset": "CIFAR", "placement": null, "use_nccl": true, "devices_per_worker": 1, "primary_resource": "extra_gpu", "gpu": false, "verbose": false, "lr_config": {"mode": "log", "steps": 5, "initial_lr": 0.0005, "target_lr": 0.0005}, "batch_per_device": 128}, "time_since_restore": 170.1225745677948, "timesteps_since_restore": 0, "iterations_since_restore": 4, "mean_throughput": 1410.7442607708988, "atoms": 1, "setup_time": 9.673003435134888}
{"apply": 0.01824772357940674, "batch_time": 0.032095860831345184, "d2h": 0.0007388591766357422, "data_time": 0.0018192813219621664, "fwd": 0.028062891960144044, "get_state_time_mean": NaN, "get_state_time_total": 0.0, "grad": 0.048373627662658694, "mean_accuracy": 0.37189998626708987, "mean_loss": 1.7313102985000608, "neg_mean_accuracy": -0.4306999742984772, "set_state_time_mean": NaN, "set_state_time_total": 0.0, "setup_model_time_mean": NaN, "setup_model_time_total": 0.0, "setup_proc_time_mean": NaN, "setup_proc_time_total": 0.0, "train_accuracy": 0.40017998218536377, "train_loss": 1.647690285720825, "training_time_mean": NaN, "training_time_total": 0.0, "val_accuracy": 0.4306999742984772, "val_loss": 1.5631816358566284, "validation_time_mean": NaN, "validation_time_total": 0.0, "samples": 60000, "num_workers": 1, "done": false, "timesteps_total": null, "episodes_total": null, "training_iteration": 5, "neg_mean_loss": -1.7313102985000608, "experiment_id": "a4f0f299b6574c9d858d31306bbf99df", "date": "2019-06-06_09-33-31", "timestamp": 1559838811, "time_this_iter_s": 40.76098942756653, "time_total_s": 210.88356399536133, "pid": 9134, "hostname": "steropes", "node_ip": "169.229.49.254", "config": {"starting_lr": 0.0005, "momentum": 0.95, "weight_decay": 0.001, "steps_per_iteration": null, "pin": false, "model_creator": null, "target_batch_size": 128, "model_string": "resnet50", "min_batch_size": 128, "dataset": "CIFAR", "placement": null, "use_nccl": true, "devices_per_worker": 1, "primary_resource": "extra_gpu", "gpu": false, "verbose": false, "lr_config": {"mode": "log", "steps": 5, "initial_lr": 0.0005, "target_lr": 0.0005}, "batch_per_device": 128}, "time_since_restore": 210.88356399536133, "timesteps_since_restore": 0, "iterations_since_restore": 5, "mean_throughput": 1422.5828058393956, "atoms": 1, "setup_time": 9.673003435134888}
{"apply": 0.0177720308303833, "batch_time": 0.03145398067522653, "d2h": 0.0007198572158813477, "data_time": 0.0017789696793422064, "fwd": 0.02790179252624512, "get_state_time_mean": NaN, "get_state_time_total": 0.0, "grad": 0.04855906963348389, "mean_accuracy": 0.4104599833488464, "mean_loss": 1.6219737872695923, "neg_mean_accuracy": -0.45639997720718384, "set_state_time_mean": NaN, "set_state_time_total": 0.0, "setup_model_time_mean": NaN, "setup_model_time_total": 0.0, "setup_proc_time_mean": NaN, "setup_proc_time_total": 0.0, "train_accuracy": 0.41697999835014343, "train_loss": 1.5940529467391968, "training_time_mean": NaN, "training_time_total": 0.0, "val_accuracy": 0.45639997720718384, "val_loss": 1.498595676422119, "validation_time_mean": NaN, "validation_time_total": 0.0, "samples": 60000, "num_workers": 1, "done": false, "timesteps_total": null, "episodes_total": null, "training_iteration": 6, "neg_mean_loss": -1.6219737872695923, "experiment_id": "a4f0f299b6574c9d858d31306bbf99df", "date": "2019-06-06_09-34-12", "timestamp": 1559838852, "time_this_iter_s": 40.61818289756775, "time_total_s": 251.50174689292908, "pid": 9134, "hostname": "steropes", "node_ip": "169.229.49.254", "config": {"starting_lr": 0.0005, "momentum": 0.95, "weight_decay": 0.001, "steps_per_iteration": null, "pin": false, "model_creator": null, "target_batch_size": 128, "model_string": "resnet50", "min_batch_size": 128, "dataset": "CIFAR", "placement": null, "use_nccl": true, "devices_per_worker": 1, "primary_resource": "extra_gpu", "gpu": false, "verbose": false, "lr_config": {"mode": "log", "steps": 5, "initial_lr": 0.0005, "target_lr": 0.0005}, "batch_per_device": 128}, "time_since_restore": 251.50174689292908, "timesteps_since_restore": 0, "iterations_since_restore": 6, "mean_throughput": 1469.8928536288472, "atoms": 1, "setup_time": 9.673003435134888}
{"apply": 0.018102025985717772, "batch_time": 0.03105814849274068, "d2h": 0.0006582260131835938, "data_time": 0.0018096281134563944, "fwd": 0.028030920028686523, "get_state_time_mean": NaN, "get_state_time_total": 0.0, "grad": 0.048956871032714844, "mean_accuracy": 0.43367998003959657, "mean_loss": 1.5633383066558837, "neg_mean_accuracy": -0.4755999743938446, "set_state_time_mean": NaN, "set_state_time_total": 0.0, "setup_model_time_mean": NaN, "setup_model_time_total": 0.0, "setup_proc_time_mean": NaN, "setup_proc_time_total": 0.0, "train_accuracy": 0.4391999840736389, "train_loss": 1.5405121321105957, "training_time_mean": NaN, "training_time_total": 0.0, "val_accuracy": 0.4755999743938446, "val_loss": 1.4549336435317992, "validation_time_mean": NaN, "validation_time_total": 0.0, "samples": 60000, "num_workers": 1, "done": false, "timesteps_total": null, "episodes_total": null, "training_iteration": 7, "neg_mean_loss": -1.5633383066558837, "experiment_id": "a4f0f299b6574c9d858d31306bbf99df", "date": "2019-06-06_09-34-53", "timestamp": 1559838893, "time_this_iter_s": 40.70819282531738, "time_total_s": 292.20993971824646, "pid": 9134, "hostname": "steropes", "node_ip": "169.229.49.254", "config": {"starting_lr": 0.0005, "momentum": 0.95, "weight_decay": 0.001, "steps_per_iteration": null, "pin": false, "model_creator": null, "target_batch_size": 128, "model_string": "resnet50", "min_batch_size": 128, "dataset": "CIFAR", "placement": null, "use_nccl": true, "devices_per_worker": 1, "primary_resource": "extra_gpu", "gpu": false, "verbose": false, "lr_config": {"mode": "log", "steps": 5, "initial_lr": 0.0005, "target_lr": 0.0005}, "batch_per_device": 128}, "time_since_restore": 292.20993971824646, "timesteps_since_restore": 0, "iterations_since_restore": 7, "mean_throughput": 1470.8276742317764, "atoms": 1, "setup_time": 9.673003435134888}
{"apply": 0.019029569625854493, "batch_time": 0.03188145311572884, "d2h": 0.0007536888122558593, "data_time": 0.0018020901838531884, "fwd": 0.029537510871887208, "get_state_time_mean": NaN, "get_state_time_total": 0.0, "grad": 0.04780378341674805, "mean_accuracy": 0.4486999809741974, "mean_loss": 1.5220152460861205, "neg_mean_accuracy": -0.47119998931884766, "set_state_time_mean": NaN, "set_state_time_total": 0.0, "setup_model_time_mean": NaN, "setup_model_time_total": 0.0, "setup_proc_time_mean": NaN, "setup_proc_time_total": 0.0, "train_accuracy": 0.45781999826431274, "train_loss": 1.4944543198394775, "training_time_mean": NaN, "training_time_total": 0.0, "val_accuracy": 0.47119998931884766, "val_loss": 1.4433288013458252, "validation_time_mean": NaN, "validation_time_total": 0.0, "samples": 60000, "num_workers": 1, "done": false, "timesteps_total": null, "episodes_total": null, "training_iteration": 8, "neg_mean_loss": -1.5220152460861205, "experiment_id": "a4f0f299b6574c9d858d31306bbf99df", "date": "2019-06-06_09-35-34", "timestamp": 1559838934, "time_this_iter_s": 40.865906953811646, "time_total_s": 333.0758466720581, "pid": 9134, "hostname": "steropes", "node_ip": "169.229.49.254", "config": {"starting_lr": 0.0005, "momentum": 0.95, "weight_decay": 0.001, "steps_per_iteration": null, "pin": false, "model_creator": null, "target_batch_size": 128, "model_string": "resnet50", "min_batch_size": 128, "dataset": "CIFAR", "placement": null, "use_nccl": true, "devices_per_worker": 1, "primary_resource": "extra_gpu", "gpu": false, "verbose": false, "lr_config": {"mode": "log", "steps": 5, "initial_lr": 0.0005, "target_lr": 0.0005}, "batch_per_device": 128}, "time_since_restore": 333.0758466720581, "timesteps_since_restore": 0, "iterations_since_restore": 8, "mean_throughput": 1470.7569832364231, "atoms": 1, "setup_time": 9.673003435134888}
{"apply": 0.01763758659362793, "batch_time": 0.032022781009915506, "d2h": 0.0007365465164184571, "data_time": 0.0018461031072279986, "fwd": 0.028476786613464356, "get_state_time_mean": NaN, "get_state_time_total": 0.0, "grad": 0.048159337043762206, "mean_accuracy": 0.4636199831962585, "mean_loss": 1.4761996363449097, "neg_mean_accuracy": -0.48420000076293945, "set_state_time_mean": NaN, "set_state_time_total": 0.0, "setup_model_time_mean": NaN, "setup_model_time_total": 0.0, "setup_proc_time_mean": NaN, "setup_proc_time_total": 0.0, "train_accuracy": 0.4705599844455719, "train_loss": 1.4604652785491943, "training_time_mean": NaN, "training_time_total": 0.0, "val_accuracy": 0.48420000076293945, "val_loss": 1.4209584245681763, "validation_time_mean": NaN, "validation_time_total": 0.0, "samples": 60000, "num_workers": 1, "done": true, "timesteps_total": null, "episodes_total": null, "training_iteration": 9, "neg_mean_loss": -1.4761996363449097, "experiment_id": "a4f0f299b6574c9d858d31306bbf99df", "date": "2019-06-06_09-36-14", "timestamp": 1559838974, "time_this_iter_s": 40.84501099586487, "time_total_s": 373.920857667923, "pid": 9134, "hostname": "steropes", "node_ip": "169.229.49.254", "config": {"starting_lr": 0.0005, "momentum": 0.95, "weight_decay": 0.001, "steps_per_iteration": null, "pin": false, "model_creator": null, "target_batch_size": 128, "model_string": "resnet50", "min_batch_size": 128, "dataset": "CIFAR", "placement": null, "use_nccl": true, "devices_per_worker": 1, "primary_resource": "extra_gpu", "gpu": false, "verbose": false, "lr_config": {"mode": "log", "steps": 5, "initial_lr": 0.0005, "target_lr": 0.0005}, "batch_per_device": 128}, "time_since_restore": 373.920857667923, "timesteps_since_restore": 0, "iterations_since_restore": 9, "mean_throughput": 1472.0405014789344, "atoms": 1, "setup_time": 9.673003435134888}
