{"apply": 0.017151713371276855, "batch_time": 0.04053746597676337, "d2h": 0.0007180929183959961, "data_time": 0.0018669656475486657, "fwd": 0.11320092678070068, "get_state_time_mean": NaN, "get_state_time_total": 0.0, "grad": 0.16191442012786866, "mean_accuracy": 0.1907999962568283, "mean_loss": 15.834418978500366, "neg_mean_accuracy": -0.1907999962568283, "set_state_time_mean": NaN, "set_state_time_total": 0.0, "setup_model_time_mean": 8.841953754425049, "setup_model_time_total": 8.841953754425049, "setup_proc_time_mean": 0.40290284156799316, "setup_proc_time_total": 0.40290284156799316, "train_accuracy": 0.15289999544620514, "train_loss": 3.9427021392822263, "training_time_mean": NaN, "training_time_total": 0.0, "val_accuracy": 0.1907999962568283, "val_loss": 15.834418978500366, "validation_time_mean": NaN, "validation_time_total": 0.0, "samples": 60000, "num_workers": 1, "done": false, "timesteps_total": null, "episodes_total": null, "training_iteration": 1, "neg_mean_loss": -15.834418978500366, "experiment_id": "88ae7d6bb2b04a2896cab17d9beb30ae", "date": "2019-06-03_03-41-58", "timestamp": 1559558518, "time_this_iter_s": 45.87010145187378, "time_total_s": 45.87010145187378, "pid": 18947, "hostname": "steropes", "node_ip": "169.229.49.254", "config": {"starting_lr": 0.005, "momentum": 0.997, "weight_decay": 0.001, "steps_per_iteration": null, "pin": false, "model_creator": null, "target_batch_size": 128, "model_string": "resnet50", "min_batch_size": 128, "dataset": "CIFAR", "placement": null, "use_nccl": true, "devices_per_worker": 1, "primary_resource": "extra_gpu", "gpu": false, "verbose": false, "lr_config": {"mode": "log", "steps": 5, "initial_lr": 0.005, "target_lr": 0.005}, "batch_per_device": 128}, "time_since_restore": 45.87010145187378, "timesteps_since_restore": 0, "iterations_since_restore": 1, "mean_throughput": 1308.037732375833, "atoms": 1, "setup_time": 9.35873031616211}
{"apply": 0.018510603904724122, "batch_time": 0.03136362305170373, "d2h": 0.000715327262878418, "data_time": 0.0017885869116429478, "fwd": 0.028667807579040527, "get_state_time_mean": NaN, "get_state_time_total": 0.0, "grad": 0.04848179817199707, "mean_accuracy": 0.22144999355077744, "mean_loss": 8.97477009716034, "neg_mean_accuracy": -0.25209999084472656, "set_state_time_mean": NaN, "set_state_time_total": 0.0, "setup_model_time_mean": NaN, "setup_model_time_total": 0.0, "setup_proc_time_mean": NaN, "setup_proc_time_total": 0.0, "train_accuracy": 0.19195999205112457, "train_loss": 2.5907409704971314, "training_time_mean": NaN, "training_time_total": 0.0, "val_accuracy": 0.25209999084472656, "val_loss": 2.1151212158203125, "validation_time_mean": NaN, "validation_time_total": 0.0, "samples": 60000, "num_workers": 1, "done": false, "timesteps_total": null, "episodes_total": null, "training_iteration": 2, "neg_mean_loss": -8.97477009716034, "experiment_id": "88ae7d6bb2b04a2896cab17d9beb30ae", "date": "2019-06-03_03-42-39", "timestamp": 1559558559, "time_this_iter_s": 40.49979066848755, "time_total_s": 86.36989212036133, "pid": 18947, "hostname": "steropes", "node_ip": "169.229.49.254", "config": {"starting_lr": 0.005, "momentum": 0.997, "weight_decay": 0.001, "steps_per_iteration": null, "pin": false, "model_creator": null, "target_batch_size": 128, "model_string": "resnet50", "min_batch_size": 128, "dataset": "CIFAR", "placement": null, "use_nccl": true, "devices_per_worker": 1, "primary_resource": "extra_gpu", "gpu": false, "verbose": false, "lr_config": {"mode": "log", "steps": 5, "initial_lr": 0.005, "target_lr": 0.005}, "batch_per_device": 128}, "time_since_restore": 86.36989212036133, "timesteps_since_restore": 0, "iterations_since_restore": 2, "mean_throughput": 1389.3693591756773, "atoms": 1, "setup_time": 9.35873031616211}
{"apply": 0.01894385814666748, "batch_time": 0.03141018106967588, "d2h": 0.0007234334945678711, "data_time": 0.0017786428446659956, "fwd": 0.028487253189086913, "get_state_time_mean": NaN, "get_state_time_total": 0.0, "grad": 0.048126721382141115, "mean_accuracy": 0.2455999900897344, "mean_loss": 6.6107547462463385, "neg_mean_accuracy": -0.2938999831676483, "set_state_time_mean": NaN, "set_state_time_total": 0.0, "setup_model_time_mean": NaN, "setup_model_time_total": 0.0, "setup_proc_time_mean": NaN, "setup_proc_time_total": 0.0, "train_accuracy": 0.27823999524116516, "train_loss": 1.9025777377319335, "training_time_mean": NaN, "training_time_total": 0.0, "val_accuracy": 0.2938999831676483, "val_loss": 1.8827240444183349, "validation_time_mean": NaN, "validation_time_total": 0.0, "samples": 60000, "num_workers": 1, "done": false, "timesteps_total": null, "episodes_total": null, "training_iteration": 3, "neg_mean_loss": -6.6107547462463385, "experiment_id": "88ae7d6bb2b04a2896cab17d9beb30ae", "date": "2019-06-03_03-43-19", "timestamp": 1559558599, "time_this_iter_s": 40.52086877822876, "time_total_s": 126.89076089859009, "pid": 18947, "hostname": "steropes", "node_ip": "169.229.49.254", "config": {"starting_lr": 0.005, "momentum": 0.997, "weight_decay": 0.001, "steps_per_iteration": null, "pin": false, "model_creator": null, "target_batch_size": 128, "model_string": "resnet50", "min_batch_size": 128, "dataset": "CIFAR", "placement": null, "use_nccl": true, "devices_per_worker": 1, "primary_resource": "extra_gpu", "gpu": false, "verbose": false, "lr_config": {"mode": "log", "steps": 5, "initial_lr": 0.005, "target_lr": 0.005}, "batch_per_device": 128}, "time_since_restore": 126.89076089859009, "timesteps_since_restore": 0, "iterations_since_restore": 3, "mean_throughput": 1418.5395860155159, "atoms": 1, "setup_time": 9.35873031616211}
{"apply": 0.016876792907714842, "batch_time": 0.03280926656119431, "d2h": 0.0006604671478271484, "data_time": 0.001818269719857999, "fwd": 0.027144408226013182, "get_state_time_mean": NaN, "get_state_time_total": 0.0, "grad": 0.047719502449035646, "mean_accuracy": 0.279999990016222, "mean_loss": 5.372682767248154, "neg_mean_accuracy": -0.3831999897956848, "set_state_time_mean": NaN, "set_state_time_total": 0.0, "setup_model_time_mean": NaN, "setup_model_time_total": 0.0, "setup_proc_time_mean": NaN, "setup_proc_time_total": 0.0, "train_accuracy": 0.3291800022125244, "train_loss": 1.7970840617370605, "training_time_mean": NaN, "training_time_total": 0.0, "val_accuracy": 0.3831999897956848, "val_loss": 1.658466830253601, "validation_time_mean": NaN, "validation_time_total": 0.0, "samples": 60000, "num_workers": 1, "done": false, "timesteps_total": null, "episodes_total": null, "training_iteration": 4, "neg_mean_loss": -5.372682767248154, "experiment_id": "88ae7d6bb2b04a2896cab17d9beb30ae", "date": "2019-06-03_03-44-00", "timestamp": 1559558640, "time_this_iter_s": 41.112696170806885, "time_total_s": 168.00345706939697, "pid": 18947, "hostname": "steropes", "node_ip": "169.229.49.254", "config": {"starting_lr": 0.005, "momentum": 0.997, "weight_decay": 0.001, "steps_per_iteration": null, "pin": false, "model_creator": null, "target_batch_size": 128, "model_string": "resnet50", "min_batch_size": 128, "dataset": "CIFAR", "placement": null, "use_nccl": true, "devices_per_worker": 1, "primary_resource": "extra_gpu", "gpu": false, "verbose": false, "lr_config": {"mode": "log", "steps": 5, "initial_lr": 0.005, "target_lr": 0.005}, "batch_per_device": 128}, "time_since_restore": 168.00345706939697, "timesteps_since_restore": 0, "iterations_since_restore": 4, "mean_throughput": 1428.5387967874988, "atoms": 1, "setup_time": 9.35873031616211}
{"apply": 0.017410707473754884, "batch_time": 0.03129694129847273, "d2h": 0.000697922706604004, "data_time": 0.001773031776213585, "fwd": 0.027977681159973143, "get_state_time_mean": NaN, "get_state_time_total": 0.0, "grad": 0.047414517402648924, "mean_accuracy": 0.3054199904203415, "mean_loss": 4.6166322683334355, "neg_mean_accuracy": -0.40709999203681946, "set_state_time_mean": NaN, "set_state_time_total": 0.0, "setup_model_time_mean": NaN, "setup_model_time_total": 0.0, "setup_proc_time_mean": NaN, "setup_proc_time_total": 0.0, "train_accuracy": 0.3603000044822693, "train_loss": 1.7347262622833253, "training_time_mean": NaN, "training_time_total": 0.0, "val_accuracy": 0.40709999203681946, "val_loss": 1.5924302726745605, "validation_time_mean": NaN, "validation_time_total": 0.0, "samples": 60000, "num_workers": 1, "done": false, "timesteps_total": null, "episodes_total": null, "training_iteration": 5, "neg_mean_loss": -4.6166322683334355, "experiment_id": "88ae7d6bb2b04a2896cab17d9beb30ae", "date": "2019-06-03_03-44-41", "timestamp": 1559558681, "time_this_iter_s": 40.43910789489746, "time_total_s": 208.44256496429443, "pid": 18947, "hostname": "steropes", "node_ip": "169.229.49.254", "config": {"starting_lr": 0.005, "momentum": 0.997, "weight_decay": 0.001, "steps_per_iteration": null, "pin": false, "model_creator": null, "target_batch_size": 128, "model_string": "resnet50", "min_batch_size": 128, "dataset": "CIFAR", "placement": null, "use_nccl": true, "devices_per_worker": 1, "primary_resource": "extra_gpu", "gpu": false, "verbose": false, "lr_config": {"mode": "log", "steps": 5, "initial_lr": 0.005, "target_lr": 0.005}, "batch_per_device": 128}, "time_since_restore": 208.44256496429443, "timesteps_since_restore": 0, "iterations_since_restore": 5, "mean_throughput": 1439.2421863700974, "atoms": 1, "setup_time": 9.35873031616211}
{"apply": 0.017325735092163085, "batch_time": 0.03160674662529668, "d2h": 0.0007123708724975586, "data_time": 0.0017699841648111563, "fwd": 0.02772102355957031, "get_state_time_mean": NaN, "get_state_time_total": 0.0, "grad": 0.04782888889312744, "mean_accuracy": 0.3553799867630005, "mean_loss": 1.7638056081008913, "neg_mean_accuracy": -0.4405999779701233, "set_state_time_mean": NaN, "set_state_time_total": 0.0, "setup_model_time_mean": NaN, "setup_model_time_total": 0.0, "setup_proc_time_mean": NaN, "setup_proc_time_total": 0.0, "train_accuracy": 0.3911599814891815, "train_loss": 1.657613133354187, "training_time_mean": NaN, "training_time_total": 0.0, "val_accuracy": 0.4405999779701233, "val_loss": 1.5702856773376466, "validation_time_mean": NaN, "validation_time_total": 0.0, "samples": 60000, "num_workers": 1, "done": false, "timesteps_total": null, "episodes_total": null, "training_iteration": 6, "neg_mean_loss": -1.7638056081008913, "experiment_id": "88ae7d6bb2b04a2896cab17d9beb30ae", "date": "2019-06-03_03-45-21", "timestamp": 1559558721, "time_this_iter_s": 40.417126178741455, "time_total_s": 248.8596911430359, "pid": 18947, "hostname": "steropes", "node_ip": "169.229.49.254", "config": {"starting_lr": 0.005, "momentum": 0.997, "weight_decay": 0.001, "steps_per_iteration": null, "pin": false, "model_creator": null, "target_batch_size": 128, "model_string": "resnet50", "min_batch_size": 128, "dataset": "CIFAR", "placement": null, "use_nccl": true, "devices_per_worker": 1, "primary_resource": "extra_gpu", "gpu": false, "verbose": false, "lr_config": {"mode": "log", "steps": 5, "initial_lr": 0.005, "target_lr": 0.005}, "batch_per_device": 128}, "time_since_restore": 248.8596911430359, "timesteps_since_restore": 0, "iterations_since_restore": 6, "mean_throughput": 1477.905214784088, "atoms": 1, "setup_time": 9.35873031616211}
{"apply": 0.016994667053222657, "batch_time": 0.03128948090951654, "d2h": 0.0007088899612426758, "data_time": 0.0017634224708732741, "fwd": 0.027410411834716798, "get_state_time_mean": NaN, "get_state_time_total": 0.0, "grad": 0.04791872501373291, "mean_accuracy": 0.39755998849868773, "mean_loss": 1.6363519336700438, "neg_mean_accuracy": -0.46299999952316284, "set_state_time_mean": NaN, "set_state_time_total": 0.0, "setup_model_time_mean": NaN, "setup_model_time_total": 0.0, "setup_proc_time_mean": NaN, "setup_proc_time_total": 0.0, "train_accuracy": 0.4333399832248688, "train_loss": 1.5579761458587646, "training_time_mean": NaN, "training_time_total": 0.0, "val_accuracy": 0.46299999952316284, "val_loss": 1.4778528436660767, "validation_time_mean": NaN, "validation_time_total": 0.0, "samples": 60000, "num_workers": 1, "done": false, "timesteps_total": null, "episodes_total": null, "training_iteration": 7, "neg_mean_loss": -1.6363519336700438, "experiment_id": "88ae7d6bb2b04a2896cab17d9beb30ae", "date": "2019-06-03_03-46-02", "timestamp": 1559558762, "time_this_iter_s": 40.4309344291687, "time_total_s": 289.2906255722046, "pid": 18947, "hostname": "steropes", "node_ip": "169.229.49.254", "config": {"starting_lr": 0.005, "momentum": 0.997, "weight_decay": 0.001, "steps_per_iteration": null, "pin": false, "model_creator": null, "target_batch_size": 128, "model_string": "resnet50", "min_batch_size": 128, "dataset": "CIFAR", "placement": null, "use_nccl": true, "devices_per_worker": 1, "primary_resource": "extra_gpu", "gpu": false, "verbose": false, "lr_config": {"mode": "log", "steps": 5, "initial_lr": 0.005, "target_lr": 0.005}, "batch_per_device": 128}, "time_since_restore": 289.2906255722046, "timesteps_since_restore": 0, "iterations_since_restore": 7, "mean_throughput": 1478.4068214795218, "atoms": 1, "setup_time": 9.35873031616211}
{"apply": 0.017101407051086426, "batch_time": 0.03148499319824991, "d2h": 0.0007099628448486329, "data_time": 0.0017803453118599895, "fwd": 0.027258014678955077, "get_state_time_mean": NaN, "get_state_time_total": 0.0, "grad": 0.04781274795532227, "mean_accuracy": 0.4390799939632416, "mean_loss": 1.5405528937530517, "neg_mean_accuracy": -0.5015000104904175, "set_state_time_mean": NaN, "set_state_time_total": 0.0, "setup_model_time_mean": NaN, "setup_model_time_total": 0.0, "setup_proc_time_mean": NaN, "setup_proc_time_total": 0.0, "train_accuracy": 0.45611998438835144, "train_loss": 1.4953182110214234, "training_time_mean": NaN, "training_time_total": 0.0, "val_accuracy": 0.5015000104904175, "val_loss": 1.403728844833374, "validation_time_mean": NaN, "validation_time_total": 0.0, "samples": 60000, "num_workers": 1, "done": false, "timesteps_total": null, "episodes_total": null, "training_iteration": 8, "neg_mean_loss": -1.5405528937530517, "experiment_id": "88ae7d6bb2b04a2896cab17d9beb30ae", "date": "2019-06-03_03-46-42", "timestamp": 1559558802, "time_this_iter_s": 40.61153721809387, "time_total_s": 329.90216279029846, "pid": 18947, "hostname": "steropes", "node_ip": "169.229.49.254", "config": {"starting_lr": 0.005, "momentum": 0.997, "weight_decay": 0.001, "steps_per_iteration": null, "pin": false, "model_creator": null, "target_batch_size": 128, "model_string": "resnet50", "min_batch_size": 128, "dataset": "CIFAR", "placement": null, "use_nccl": true, "devices_per_worker": 1, "primary_resource": "extra_gpu", "gpu": false, "verbose": false, "lr_config": {"mode": "log", "steps": 5, "initial_lr": 0.005, "target_lr": 0.005}, "batch_per_device": 128}, "time_since_restore": 329.90216279029846, "timesteps_since_restore": 0, "iterations_since_restore": 8, "mean_throughput": 1477.746502303825, "atoms": 1, "setup_time": 9.35873031616211}
{"apply": 0.017084622383117677, "batch_time": 0.03138449825818026, "d2h": 0.0007073879241943359, "data_time": 0.0017731079969869551, "fwd": 0.027339959144592287, "get_state_time_mean": NaN, "get_state_time_total": 0.0, "grad": 0.04750189781188965, "mean_accuracy": 0.4616399943828583, "mean_loss": 1.4913462755203248, "neg_mean_accuracy": -0.4959999918937683, "set_state_time_mean": NaN, "set_state_time_total": 0.0, "setup_model_time_mean": NaN, "setup_model_time_total": 0.0, "setup_proc_time_mean": NaN, "setup_proc_time_total": 0.0, "train_accuracy": 0.4737599790096283, "train_loss": 1.4566772235870362, "training_time_mean": NaN, "training_time_total": 0.0, "val_accuracy": 0.4959999918937683, "val_loss": 1.4124337390899657, "validation_time_mean": NaN, "validation_time_total": 0.0, "samples": 60000, "num_workers": 1, "done": false, "timesteps_total": null, "episodes_total": null, "training_iteration": 9, "neg_mean_loss": -1.4913462755203248, "experiment_id": "88ae7d6bb2b04a2896cab17d9beb30ae", "date": "2019-06-03_03-47-23", "timestamp": 1559558843, "time_this_iter_s": 40.68136787414551, "time_total_s": 370.58353066444397, "pid": 18947, "hostname": "steropes", "node_ip": "169.229.49.254", "config": {"starting_lr": 0.005, "momentum": 0.997, "weight_decay": 0.001, "steps_per_iteration": null, "pin": false, "model_creator": null, "target_batch_size": 128, "model_string": "resnet50", "min_batch_size": 128, "dataset": "CIFAR", "placement": null, "use_nccl": true, "devices_per_worker": 1, "primary_resource": "extra_gpu", "gpu": false, "verbose": false, "lr_config": {"mode": "log", "steps": 5, "initial_lr": 0.005, "target_lr": 0.005}, "batch_per_device": 128}, "time_since_restore": 370.58353066444397, "timesteps_since_restore": 0, "iterations_since_restore": 9, "mean_throughput": 1480.8923860847783, "atoms": 1, "setup_time": 9.35873031616211}
{"apply": 0.01715545654296875, "batch_time": 0.03172097025038321, "d2h": 0.0006792783737182617, "data_time": 0.0017721573715014836, "fwd": 0.027279877662658693, "get_state_time_mean": NaN, "get_state_time_total": 0.0, "grad": 0.04818143844604492, "mean_accuracy": 0.48021999597549436, "mean_loss": 1.457395969696045, "neg_mean_accuracy": -0.5, "set_state_time_mean": NaN, "set_state_time_total": 0.0, "setup_model_time_mean": NaN, "setup_model_time_total": 0.0, "setup_proc_time_mean": NaN, "setup_proc_time_total": 0.0, "train_accuracy": 0.4788999855518341, "train_loss": 1.4451133934783935, "training_time_mean": NaN, "training_time_total": 0.0, "val_accuracy": 0.5, "val_loss": 1.4226787435531616, "validation_time_mean": NaN, "validation_time_total": 0.0, "samples": 60000, "num_workers": 1, "done": false, "timesteps_total": null, "episodes_total": null, "training_iteration": 10, "neg_mean_loss": -1.457395969696045, "experiment_id": "88ae7d6bb2b04a2896cab17d9beb30ae", "date": "2019-06-03_03-48-04", "timestamp": 1559558884, "time_this_iter_s": 40.72897219657898, "time_total_s": 411.31250286102295, "pid": 18947, "hostname": "steropes", "node_ip": "169.229.49.254", "config": {"starting_lr": 0.005, "momentum": 0.997, "weight_decay": 0.001, "steps_per_iteration": null, "pin": false, "model_creator": null, "target_batch_size": 128, "model_string": "resnet50", "min_batch_size": 128, "dataset": "CIFAR", "placement": null, "use_nccl": true, "devices_per_worker": 1, "primary_resource": "extra_gpu", "gpu": false, "verbose": false, "lr_config": {"mode": "log", "steps": 5, "initial_lr": 0.005, "target_lr": 0.005}, "batch_per_device": 128}, "time_since_restore": 411.31250286102295, "timesteps_since_restore": 0, "iterations_since_restore": 10, "mean_throughput": 1478.7764491529992, "atoms": 1, "setup_time": 9.35873031616211}
{"apply": 0.017170977592468262, "batch_time": 0.031417243088348, "d2h": 0.0007284879684448242, "data_time": 0.0017837514657803508, "fwd": 0.027934503555297852, "get_state_time_mean": NaN, "get_state_time_total": 0.0, "grad": 0.04830868244171142, "mean_accuracy": 0.4996399998664856, "mean_loss": 1.4002162142944337, "neg_mean_accuracy": -0.5376999974250793, "set_state_time_mean": NaN, "set_state_time_total": 0.0, "setup_model_time_mean": NaN, "setup_model_time_total": 0.0, "setup_proc_time_mean": NaN, "setup_proc_time_total": 0.0, "train_accuracy": 0.5067999958992004, "train_loss": 1.372479796333313, "training_time_mean": NaN, "training_time_total": 0.0, "val_accuracy": 0.5376999974250793, "val_loss": 1.2843869003295898, "validation_time_mean": NaN, "validation_time_total": 0.0, "samples": 60000, "num_workers": 1, "done": false, "timesteps_total": null, "episodes_total": null, "training_iteration": 11, "neg_mean_loss": -1.4002162142944337, "experiment_id": "88ae7d6bb2b04a2896cab17d9beb30ae", "date": "2019-06-03_03-48-44", "timestamp": 1559558924, "time_this_iter_s": 40.45440721511841, "time_total_s": 451.76691007614136, "pid": 18947, "hostname": "steropes", "node_ip": "169.229.49.254", "config": {"starting_lr": 0.005, "momentum": 0.997, "weight_decay": 0.001, "steps_per_iteration": null, "pin": false, "model_creator": null, "target_batch_size": 128, "model_string": "resnet50", "min_batch_size": 128, "dataset": "CIFAR", "placement": null, "use_nccl": true, "devices_per_worker": 1, "primary_resource": "extra_gpu", "gpu": false, "verbose": false, "lr_config": {"mode": "log", "steps": 5, "initial_lr": 0.005, "target_lr": 0.005}, "batch_per_device": 128}, "time_since_restore": 451.76691007614136, "timesteps_since_restore": 0, "iterations_since_restore": 11, "mean_throughput": 1478.504846717426, "atoms": 1, "setup_time": 9.35873031616211}
{"apply": 0.018317556381225585, "batch_time": 0.031254813640932494, "d2h": 0.0007188558578491211, "data_time": 0.0017716994370950761, "fwd": 0.028207778930664062, "get_state_time_mean": NaN, "get_state_time_total": 0.0, "grad": 0.04786403179168701, "mean_accuracy": 0.5045399963855743, "mean_loss": 1.402242787590027, "neg_mean_accuracy": -0.48749998211860657, "set_state_time_mean": NaN, "set_state_time_total": 0.0, "setup_model_time_mean": NaN, "setup_model_time_total": 0.0, "setup_proc_time_mean": NaN, "setup_proc_time_total": 0.0, "train_accuracy": 0.5156599879264832, "train_loss": 1.3469290099334716, "training_time_mean": NaN, "training_time_total": 0.0, "val_accuracy": 0.48749998211860657, "val_loss": 1.487985710144043, "validation_time_mean": NaN, "validation_time_total": 0.0, "samples": 60000, "num_workers": 1, "done": true, "timesteps_total": null, "episodes_total": null, "training_iteration": 12, "neg_mean_loss": -1.402242787590027, "experiment_id": "88ae7d6bb2b04a2896cab17d9beb30ae", "date": "2019-06-03_03-49-25", "timestamp": 1559558965, "time_this_iter_s": 40.52694535255432, "time_total_s": 492.2938554286957, "pid": 18947, "hostname": "steropes", "node_ip": "169.229.49.254", "config": {"starting_lr": 0.005, "momentum": 0.997, "weight_decay": 0.001, "steps_per_iteration": null, "pin": false, "model_creator": null, "target_batch_size": 128, "model_string": "resnet50", "min_batch_size": 128, "dataset": "CIFAR", "placement": null, "use_nccl": true, "devices_per_worker": 1, "primary_resource": "extra_gpu", "gpu": false, "verbose": false, "lr_config": {"mode": "log", "steps": 5, "initial_lr": 0.005, "target_lr": 0.005}, "batch_per_device": 128}, "time_since_restore": 492.2938554286957, "timesteps_since_restore": 0, "iterations_since_restore": 12, "mean_throughput": 1477.805599375166, "atoms": 1, "setup_time": 9.35873031616211}
