{"apply": 0.018007373809814452, "batch_time": 0.041532594946366325, "d2h": 0.0006966590881347656, "data_time": 0.001893988045890008, "fwd": 0.11935527324676513, "get_state_time_mean": NaN, "get_state_time_total": 0.0, "grad": 0.16970622539520264, "mean_accuracy": 0.21709999442100525, "mean_loss": 2.0752108612060547, "neg_mean_accuracy": -0.21709999442100525, "set_state_time_mean": NaN, "set_state_time_total": 0.0, "setup_model_time_mean": 8.798474788665771, "setup_model_time_total": 8.798474788665771, "setup_proc_time_mean": 0.1906111240386963, "setup_proc_time_total": 0.1906111240386963, "train_accuracy": 0.17305999994277954, "train_loss": 4.123942619476319, "training_time_mean": NaN, "training_time_total": 0.0, "val_accuracy": 0.21709999442100525, "val_loss": 2.0752108612060547, "validation_time_mean": NaN, "validation_time_total": 0.0, "samples": 60000, "num_workers": 1, "done": false, "timesteps_total": null, "episodes_total": null, "training_iteration": 1, "neg_mean_loss": -2.0752108612060547, "experiment_id": "4ea467e653bd488c845b89eca8c958e8", "date": "2019-06-06_07-12-41", "timestamp": 1559830361, "time_this_iter_s": 47.09737825393677, "time_total_s": 47.09737825393677, "pid": 10556, "hostname": "steropes", "node_ip": "169.229.49.254", "config": {"starting_lr": 0.1, "momentum": 0.95, "weight_decay": 0.0005, "steps_per_iteration": null, "pin": false, "model_creator": null, "target_batch_size": 128, "model_string": "resnet50", "min_batch_size": 128, "dataset": "CIFAR", "placement": null, "use_nccl": true, "devices_per_worker": 1, "primary_resource": "extra_gpu", "gpu": false, "verbose": false, "lr_config": {"mode": "log", "steps": 5, "initial_lr": 0.1, "target_lr": 0.1}, "batch_per_device": 128}, "time_since_restore": 47.09737825393677, "timesteps_since_restore": 0, "iterations_since_restore": 1, "mean_throughput": 1273.9509103380944, "atoms": 1, "setup_time": 10.766545534133911}
{"apply": 0.018740248680114747, "batch_time": 0.03189905383918859, "d2h": 0.0006548404693603515, "data_time": 0.001762684044020865, "fwd": 0.028851962089538573, "get_state_time_mean": NaN, "get_state_time_total": 0.0, "grad": 0.04872138500213623, "mean_accuracy": 0.2487499862909317, "mean_loss": 2.011745349884033, "neg_mean_accuracy": -0.28039997816085815, "set_state_time_mean": NaN, "set_state_time_total": 0.0, "setup_model_time_mean": NaN, "setup_model_time_total": 0.0, "setup_proc_time_mean": NaN, "setup_proc_time_total": 0.0, "train_accuracy": 0.23423999547958374, "train_loss": 2.032271351699829, "training_time_mean": NaN, "training_time_total": 0.0, "val_accuracy": 0.28039997816085815, "val_loss": 1.9482798385620117, "validation_time_mean": NaN, "validation_time_total": 0.0, "samples": 60000, "num_workers": 1, "done": true, "timesteps_total": null, "episodes_total": null, "training_iteration": 2, "neg_mean_loss": -2.011745349884033, "experiment_id": "4ea467e653bd488c845b89eca8c958e8", "date": "2019-06-06_07-13-22", "timestamp": 1559830402, "time_this_iter_s": 41.21784853935242, "time_total_s": 88.31522679328918, "pid": 10556, "hostname": "steropes", "node_ip": "169.229.49.254", "config": {"starting_lr": 0.1, "momentum": 0.95, "weight_decay": 0.0005, "steps_per_iteration": null, "pin": false, "model_creator": null, "target_batch_size": 128, "model_string": "resnet50", "min_batch_size": 128, "dataset": "CIFAR", "placement": null, "use_nccl": true, "devices_per_worker": 1, "primary_resource": "extra_gpu", "gpu": false, "verbose": false, "lr_config": {"mode": "log", "steps": 5, "initial_lr": 0.1, "target_lr": 0.1}, "batch_per_device": 128}, "time_since_restore": 88.31522679328918, "timesteps_since_restore": 0, "iterations_since_restore": 2, "mean_throughput": 1358.7647503453027, "atoms": 1, "setup_time": 10.766545534133911}
