{"apply": 0.00781700611114502, "batch_time": 0.18000273704528807, "d2h": 0.005049276351928711, "data_time": 0.034792578950220227, "fwd": 0.0768190860748291, "get_state_time_mean": NaN, "get_state_time_total": 0.0, "grad": 0.1489034414291382, "mean_accuracy": 0.17090000212192535, "mean_loss": 4.204951579284668, "neg_mean_accuracy": -0.17090000212192535, "set_state_time_mean": NaN, "set_state_time_total": 0.0, "setup_model_time_mean": 20.205087661743164, "setup_model_time_total": 20.205087661743164, "setup_proc_time_mean": 1.6937906742095947, "setup_proc_time_total": 1.6937906742095947, "train_accuracy": 0.12065999954938889, "train_loss": 5.410882428436279, "training_time_mean": NaN, "training_time_total": 0.0, "validation_time_mean": NaN, "validation_time_total": 0.0, "samples": 60000, "num_workers": 1, "done": false, "timesteps_total": null, "episodes_total": null, "training_iteration": 1, "neg_mean_loss": -4.204951579284668, "experiment_id": "3c67e8801038419e97b7957bee48d259", "date": "2019-05-30_15-17-07", "timestamp": 1559254627, "time_this_iter_s": 11.790217876434326, "time_total_s": 11.790217876434326, "pid": 12508, "hostname": "steropes", "node_ip": "169.229.49.254", "config": {"starting_lr": 1.0, "momentum": 0.9, "weight_decay": 0.0001, "steps_per_iteration": null, "pin": false, "model_creator": null, "target_batch_size": 1024, "model_string": "resnet18", "min_batch_size": 512, "dataset": "CIFAR", "placement": null, "use_nccl": true, "devices_per_worker": 1, "primary_resource": "extra_gpu", "gpu": false, "verbose": false, "lr_config": {"mode": "log", "steps": 5, "initial_lr": 1.0, "target_lr": 1.0}, "batch_per_device": 1024}, "time_since_restore": 11.790217876434326, "timesteps_since_restore": 0, "iterations_since_restore": 1, "mean_throughput": 5088.928669691034, "atoms": 1}
{"apply": 0.009841823577880859, "batch_time": 0.12465476989746094, "d2h": 0.004595232009887695, "data_time": 0.03592178286338339, "fwd": 0.0234344482421875, "get_state_time_mean": NaN, "get_state_time_total": 0.0, "grad": 0.048287248611450194, "mean_accuracy": 0.20809999108314514, "mean_loss": 2.056655732345581, "neg_mean_accuracy": -0.20809999108314514, "set_state_time_mean": NaN, "set_state_time_total": 0.0, "setup_model_time_mean": NaN, "setup_model_time_total": 0.0, "setup_proc_time_mean": NaN, "setup_proc_time_total": 0.0, "train_accuracy": 0.19737999141216278, "train_loss": 2.0835846309280397, "training_time_mean": NaN, "training_time_total": 0.0, "validation_time_mean": NaN, "validation_time_total": 0.0, "samples": 60000, "num_workers": 1, "done": false, "timesteps_total": null, "episodes_total": null, "training_iteration": 2, "neg_mean_loss": -2.056655732345581, "experiment_id": "3c67e8801038419e97b7957bee48d259", "date": "2019-05-30_15-17-15", "timestamp": 1559254635, "time_this_iter_s": 8.237656116485596, "time_total_s": 20.027873992919922, "pid": 12508, "hostname": "steropes", "node_ip": "169.229.49.254", "config": {"starting_lr": 1.0, "momentum": 0.9, "weight_decay": 0.0001, "steps_per_iteration": null, "pin": false, "model_creator": null, "target_batch_size": 1024, "model_string": "resnet18", "min_batch_size": 512, "dataset": "CIFAR", "placement": null, "use_nccl": true, "devices_per_worker": 1, "primary_resource": "extra_gpu", "gpu": false, "verbose": false, "lr_config": {"mode": "log", "steps": 5, "initial_lr": 1.0, "target_lr": 1.0}, "batch_per_device": 1024}, "time_since_restore": 20.027873992919922, "timesteps_since_restore": 0, "iterations_since_restore": 2, "mean_throughput": 5991.597300991052, "atoms": 1}
{"apply": 0.007642388343811035, "batch_time": 0.13128812313079835, "d2h": 0.0051051855087280275, "data_time": 0.055973432501968075, "fwd": 0.027657723426818846, "get_state_time_mean": NaN, "get_state_time_total": 0.0, "grad": 0.050184893608093264, "mean_accuracy": 0.20729999244213104, "mean_loss": 1.9800911811828614, "neg_mean_accuracy": -0.20729999244213104, "set_state_time_mean": NaN, "set_state_time_total": 0.0, "setup_model_time_mean": NaN, "setup_model_time_total": 0.0, "setup_proc_time_mean": NaN, "setup_proc_time_total": 0.0, "train_accuracy": 0.21227999031543732, "train_loss": 1.9889976585769653, "training_time_mean": NaN, "training_time_total": 0.0, "validation_time_mean": NaN, "validation_time_total": 0.0, "samples": 60000, "num_workers": 1, "done": false, "timesteps_total": null, "episodes_total": null, "training_iteration": 3, "neg_mean_loss": -1.9800911811828614, "experiment_id": "3c67e8801038419e97b7957bee48d259", "date": "2019-05-30_15-17-24", "timestamp": 1559254644, "time_this_iter_s": 9.099400997161865, "time_total_s": 29.127274990081787, "pid": 12508, "hostname": "steropes", "node_ip": "169.229.49.254", "config": {"starting_lr": 1.0, "momentum": 0.9, "weight_decay": 0.0001, "steps_per_iteration": null, "pin": false, "model_creator": null, "target_batch_size": 1024, "model_string": "resnet18", "min_batch_size": 512, "dataset": "CIFAR", "placement": null, "use_nccl": true, "devices_per_worker": 1, "primary_resource": "extra_gpu", "gpu": false, "verbose": false, "lr_config": {"mode": "log", "steps": 5, "initial_lr": 1.0, "target_lr": 1.0}, "batch_per_device": 1024}, "time_since_restore": 29.127274990081787, "timesteps_since_restore": 0, "iterations_since_restore": 3, "mean_throughput": 6179.720929355395, "atoms": 1}
{"apply": 0.008105659484863281, "batch_time": 0.13445091247558594, "d2h": 0.0053478717803955075, "data_time": 0.05773138026801907, "fwd": 0.027777671813964844, "get_state_time_mean": NaN, "get_state_time_total": 0.0, "grad": 0.04491162300109863, "mean_accuracy": 0.23799999058246613, "mean_loss": 1.9158376592636108, "neg_mean_accuracy": -0.23799999058246613, "set_state_time_mean": NaN, "set_state_time_total": 0.0, "setup_model_time_mean": NaN, "setup_model_time_total": 0.0, "setup_proc_time_mean": NaN, "setup_proc_time_total": 0.0, "train_accuracy": 0.22645999491214752, "train_loss": 1.9438068561172486, "training_time_mean": NaN, "training_time_total": 0.0, "validation_time_mean": NaN, "validation_time_total": 0.0, "samples": 60000, "num_workers": 1, "done": false, "timesteps_total": null, "episodes_total": null, "training_iteration": 4, "neg_mean_loss": -1.9158376592636108, "experiment_id": "3c67e8801038419e97b7957bee48d259", "date": "2019-05-30_15-17-33", "timestamp": 1559254653, "time_this_iter_s": 8.863390922546387, "time_total_s": 37.990665912628174, "pid": 12508, "hostname": "steropes", "node_ip": "169.229.49.254", "config": {"starting_lr": 1.0, "momentum": 0.9, "weight_decay": 0.0001, "steps_per_iteration": null, "pin": false, "model_creator": null, "target_batch_size": 1024, "model_string": "resnet18", "min_batch_size": 512, "dataset": "CIFAR", "placement": null, "use_nccl": true, "devices_per_worker": 1, "primary_resource": "extra_gpu", "gpu": false, "verbose": false, "lr_config": {"mode": "log", "steps": 5, "initial_lr": 1.0, "target_lr": 1.0}, "batch_per_device": 1024}, "time_since_restore": 37.990665912628174, "timesteps_since_restore": 0, "iterations_since_restore": 4, "mean_throughput": 6317.286000549936, "atoms": 1}
{"apply": 0.008017468452453613, "batch_time": 0.12473995685577392, "d2h": 0.006050896644592285, "data_time": 0.05362904801660655, "fwd": 0.023921895027160644, "get_state_time_mean": NaN, "get_state_time_total": 0.0, "grad": 0.044991588592529295, "mean_accuracy": 0.19689999520778656, "mean_loss": 2.1282923763275146, "neg_mean_accuracy": -0.19689999520778656, "set_state_time_mean": NaN, "set_state_time_total": 0.0, "setup_model_time_mean": NaN, "setup_model_time_total": 0.0, "setup_proc_time_mean": NaN, "setup_proc_time_total": 0.0, "train_accuracy": 0.25307998061180115, "train_loss": 1.8919696920394897, "training_time_mean": NaN, "training_time_total": 0.0, "validation_time_mean": NaN, "validation_time_total": 0.0, "samples": 60000, "num_workers": 1, "done": false, "timesteps_total": null, "episodes_total": null, "training_iteration": 5, "neg_mean_loss": -2.1282923763275146, "experiment_id": "3c67e8801038419e97b7957bee48d259", "date": "2019-05-30_15-17-42", "timestamp": 1559254662, "time_this_iter_s": 8.532641172409058, "time_total_s": 46.52330708503723, "pid": 12508, "hostname": "steropes", "node_ip": "169.229.49.254", "config": {"starting_lr": 1.0, "momentum": 0.9, "weight_decay": 0.0001, "steps_per_iteration": null, "pin": false, "model_creator": null, "target_batch_size": 1024, "model_string": "resnet18", "min_batch_size": 512, "dataset": "CIFAR", "placement": null, "use_nccl": true, "devices_per_worker": 1, "primary_resource": "extra_gpu", "gpu": false, "verbose": false, "lr_config": {"mode": "log", "steps": 5, "initial_lr": 1.0, "target_lr": 1.0}, "batch_per_device": 1024}, "time_since_restore": 46.52330708503723, "timesteps_since_restore": 0, "iterations_since_restore": 5, "mean_throughput": 6448.32372646125, "atoms": 1}
{"apply": 0.007793545722961426, "batch_time": 0.14351904392242432, "d2h": 0.006253385543823242, "data_time": 0.05233975332610461, "fwd": 0.022829580307006835, "get_state_time_mean": NaN, "get_state_time_total": 0.0, "grad": 0.045463275909423825, "mean_accuracy": 0.28349998593330383, "mean_loss": 1.8367605085372924, "neg_mean_accuracy": -0.28349998593330383, "set_state_time_mean": NaN, "set_state_time_total": 0.0, "setup_model_time_mean": NaN, "setup_model_time_total": 0.0, "setup_proc_time_mean": NaN, "setup_proc_time_total": 0.0, "train_accuracy": 0.27695998549461365, "train_loss": 1.8328244508361817, "training_time_mean": NaN, "training_time_total": 0.0, "validation_time_mean": NaN, "validation_time_total": 0.0, "samples": 60000, "num_workers": 1, "done": false, "timesteps_total": null, "episodes_total": null, "training_iteration": 6, "neg_mean_loss": -1.8367605085372924, "experiment_id": "3c67e8801038419e97b7957bee48d259", "date": "2019-05-30_15-17-50", "timestamp": 1559254670, "time_this_iter_s": 8.686741352081299, "time_total_s": 55.21004843711853, "pid": 12508, "hostname": "steropes", "node_ip": "169.229.49.254", "config": {"starting_lr": 1.0, "momentum": 0.9, "weight_decay": 0.0001, "steps_per_iteration": null, "pin": false, "model_creator": null, "target_batch_size": 1024, "model_string": "resnet18", "min_batch_size": 512, "dataset": "CIFAR", "placement": null, "use_nccl": true, "devices_per_worker": 1, "primary_resource": "extra_gpu", "gpu": false, "verbose": false, "lr_config": {"mode": "log", "steps": 5, "initial_lr": 1.0, "target_lr": 1.0}, "batch_per_device": 1024}, "time_since_restore": 55.21004843711853, "timesteps_since_restore": 0, "iterations_since_restore": 6, "mean_throughput": 6909.20960538292, "atoms": 1}
{"apply": 0.007591748237609863, "batch_time": 0.17416951656341553, "d2h": 0.005256462097167969, "data_time": 0.05256670348498286, "fwd": 0.02378699779510498, "get_state_time_mean": NaN, "get_state_time_total": 0.0, "grad": 0.04319882392883301, "mean_accuracy": 0.3019999861717224, "mean_loss": 1.7742812965393067, "neg_mean_accuracy": -0.3019999861717224, "set_state_time_mean": NaN, "set_state_time_total": 0.0, "setup_model_time_mean": NaN, "setup_model_time_total": 0.0, "setup_proc_time_mean": NaN, "setup_proc_time_total": 0.0, "train_accuracy": 0.3043600022792816, "train_loss": 1.7572460947036743, "training_time_mean": NaN, "training_time_total": 0.0, "validation_time_mean": NaN, "validation_time_total": 0.0, "samples": 60000, "num_workers": 1, "done": false, "timesteps_total": null, "episodes_total": null, "training_iteration": 7, "neg_mean_loss": -1.7742812965393067, "experiment_id": "3c67e8801038419e97b7957bee48d259", "date": "2019-05-30_15-17-59", "timestamp": 1559254679, "time_this_iter_s": 8.965595006942749, "time_total_s": 64.17564344406128, "pid": 12508, "hostname": "steropes", "node_ip": "169.229.49.254", "config": {"starting_lr": 1.0, "momentum": 0.9, "weight_decay": 0.0001, "steps_per_iteration": null, "pin": false, "model_creator": null, "target_batch_size": 1024, "model_string": "resnet18", "min_batch_size": 512, "dataset": "CIFAR", "placement": null, "use_nccl": true, "devices_per_worker": 1, "primary_resource": "extra_gpu", "gpu": false, "verbose": false, "lr_config": {"mode": "log", "steps": 5, "initial_lr": 1.0, "target_lr": 1.0}, "batch_per_device": 1024}, "time_since_restore": 64.17564344406128, "timesteps_since_restore": 0, "iterations_since_restore": 7, "mean_throughput": 6795.287054471257, "atoms": 1}
{"apply": 0.009933781623840333, "batch_time": 0.14187016487121581, "d2h": 0.006192469596862793, "data_time": 0.05726836652171855, "fwd": 0.03003532886505127, "get_state_time_mean": NaN, "get_state_time_total": 0.0, "grad": 0.05012788772583008, "mean_accuracy": 0.3473999798297882, "mean_loss": 1.7319966588973998, "neg_mean_accuracy": -0.3473999798297882, "set_state_time_mean": NaN, "set_state_time_total": 0.0, "setup_model_time_mean": NaN, "setup_model_time_total": 0.0, "setup_proc_time_mean": NaN, "setup_proc_time_total": 0.0, "train_accuracy": 0.3257399797439575, "train_loss": 1.7123510474014283, "training_time_mean": NaN, "training_time_total": 0.0, "validation_time_mean": NaN, "validation_time_total": 0.0, "samples": 60000, "num_workers": 1, "done": false, "timesteps_total": null, "episodes_total": null, "training_iteration": 8, "neg_mean_loss": -1.7319966588973998, "experiment_id": "3c67e8801038419e97b7957bee48d259", "date": "2019-05-30_15-18-08", "timestamp": 1559254688, "time_this_iter_s": 8.891216516494751, "time_total_s": 73.06685996055603, "pid": 12508, "hostname": "steropes", "node_ip": "169.229.49.254", "config": {"starting_lr": 1.0, "momentum": 0.9, "weight_decay": 0.0001, "steps_per_iteration": null, "pin": false, "model_creator": null, "target_batch_size": 1024, "model_string": "resnet18", "min_batch_size": 512, "dataset": "CIFAR", "placement": null, "use_nccl": true, "devices_per_worker": 1, "primary_resource": "extra_gpu", "gpu": false, "verbose": false, "lr_config": {"mode": "log", "steps": 5, "initial_lr": 1.0, "target_lr": 1.0}, "batch_per_device": 1024}, "time_since_restore": 73.06685996055603, "timesteps_since_restore": 0, "iterations_since_restore": 8, "mean_throughput": 6827.483023537086, "atoms": 1}
{"apply": 0.010728240013122559, "batch_time": 0.14680330753326415, "d2h": 0.005231976509094238, "data_time": 0.046858612371950735, "fwd": 0.02534816265106201, "get_state_time_mean": NaN, "get_state_time_total": 0.0, "grad": 0.050321435928344725, "mean_accuracy": 0.3772999942302704, "mean_loss": 1.6421932096481324, "neg_mean_accuracy": -0.3772999942302704, "set_state_time_mean": NaN, "set_state_time_total": 0.0, "setup_model_time_mean": NaN, "setup_model_time_total": 0.0, "setup_proc_time_mean": NaN, "setup_proc_time_total": 0.0, "train_accuracy": 0.3504199981689453, "train_loss": 1.6797396210479736, "training_time_mean": NaN, "training_time_total": 0.0, "validation_time_mean": NaN, "validation_time_total": 0.0, "samples": 60000, "num_workers": 1, "done": false, "timesteps_total": null, "episodes_total": null, "training_iteration": 9, "neg_mean_loss": -1.6421932096481324, "experiment_id": "3c67e8801038419e97b7957bee48d259", "date": "2019-05-30_15-18-17", "timestamp": 1559254697, "time_this_iter_s": 8.427423000335693, "time_total_s": 81.49428296089172, "pid": 12508, "hostname": "steropes", "node_ip": "169.229.49.254", "config": {"starting_lr": 1.0, "momentum": 0.9, "weight_decay": 0.0001, "steps_per_iteration": null, "pin": false, "model_creator": null, "target_batch_size": 1024, "model_string": "resnet18", "min_batch_size": 512, "dataset": "CIFAR", "placement": null, "use_nccl": true, "devices_per_worker": 1, "primary_resource": "extra_gpu", "gpu": false, "verbose": false, "lr_config": {"mode": "log", "steps": 5, "initial_lr": 1.0, "target_lr": 1.0}, "batch_per_device": 1024}, "time_since_restore": 81.49428296089172, "timesteps_since_restore": 0, "iterations_since_restore": 9, "mean_throughput": 6895.889054096784, "atoms": 1}
{"apply": 0.009095263481140137, "batch_time": 0.13010337352752685, "d2h": 0.005734372138977051, "data_time": 0.046370895541444114, "fwd": 0.02893507480621338, "get_state_time_mean": NaN, "get_state_time_total": 0.0, "grad": 0.055925536155700686, "mean_accuracy": 0.3985999822616577, "mean_loss": 1.572168147277832, "neg_mean_accuracy": -0.3985999822616577, "set_state_time_mean": NaN, "set_state_time_total": 0.0, "setup_model_time_mean": NaN, "setup_model_time_total": 0.0, "setup_proc_time_mean": NaN, "setup_proc_time_total": 0.0, "train_accuracy": 0.38133999705314636, "train_loss": 1.6235336403274536, "training_time_mean": NaN, "training_time_total": 0.0, "validation_time_mean": NaN, "validation_time_total": 0.0, "samples": 60000, "num_workers": 1, "done": false, "timesteps_total": null, "episodes_total": null, "training_iteration": 10, "neg_mean_loss": -1.572168147277832, "experiment_id": "3c67e8801038419e97b7957bee48d259", "date": "2019-05-30_15-18-25", "timestamp": 1559254705, "time_this_iter_s": 8.337769985198975, "time_total_s": 89.8320529460907, "pid": 12508, "hostname": "steropes", "node_ip": "169.229.49.254", "config": {"starting_lr": 1.0, "momentum": 0.9, "weight_decay": 0.0001, "steps_per_iteration": null, "pin": false, "model_creator": null, "target_batch_size": 1024, "model_string": "resnet18", "min_batch_size": 512, "dataset": "CIFAR", "placement": null, "use_nccl": true, "devices_per_worker": 1, "primary_resource": "extra_gpu", "gpu": false, "verbose": false, "lr_config": {"mode": "log", "steps": 5, "initial_lr": 1.0, "target_lr": 1.0}, "batch_per_device": 1024}, "time_since_restore": 89.8320529460907, "timesteps_since_restore": 0, "iterations_since_restore": 10, "mean_throughput": 6926.917677832789, "atoms": 1}
{"apply": 0.008910655975341797, "batch_time": 0.12119994163513184, "d2h": 0.005888938903808594, "data_time": 0.050957631091682276, "fwd": 0.02470054626464844, "get_state_time_mean": NaN, "get_state_time_total": 0.0, "grad": 0.04749052524566651, "mean_accuracy": 0.4163999855518341, "mean_loss": 1.565729503440857, "neg_mean_accuracy": -0.4163999855518341, "set_state_time_mean": NaN, "set_state_time_total": 0.0, "setup_model_time_mean": NaN, "setup_model_time_total": 0.0, "setup_proc_time_mean": NaN, "setup_proc_time_total": 0.0, "train_accuracy": 0.42486000061035156, "train_loss": 1.5284980686569214, "training_time_mean": NaN, "training_time_total": 0.0, "validation_time_mean": NaN, "validation_time_total": 0.0, "samples": 60000, "num_workers": 1, "done": false, "timesteps_total": null, "episodes_total": null, "training_iteration": 11, "neg_mean_loss": -1.565729503440857, "experiment_id": "3c67e8801038419e97b7957bee48d259", "date": "2019-05-30_15-18-33", "timestamp": 1559254713, "time_this_iter_s": 8.457025289535522, "time_total_s": 98.28907823562622, "pid": 12508, "hostname": "steropes", "node_ip": "169.229.49.254", "config": {"starting_lr": 1.0, "momentum": 0.9, "weight_decay": 0.0001, "steps_per_iteration": null, "pin": false, "model_creator": null, "target_batch_size": 1024, "model_string": "resnet18", "min_batch_size": 512, "dataset": "CIFAR", "placement": null, "use_nccl": true, "devices_per_worker": 1, "primary_resource": "extra_gpu", "gpu": false, "verbose": false, "lr_config": {"mode": "log", "steps": 5, "initial_lr": 1.0, "target_lr": 1.0}, "batch_per_device": 1024}, "time_since_restore": 98.28907823562622, "timesteps_since_restore": 0, "iterations_since_restore": 11, "mean_throughput": 6963.864507275413, "atoms": 1}
{"apply": 0.007284379005432129, "batch_time": 0.11774415969848633, "d2h": 0.005190110206604004, "data_time": 0.04148343144630899, "fwd": 0.021123743057250975, "get_state_time_mean": NaN, "get_state_time_total": 0.0, "grad": 0.04201064109802246, "mean_accuracy": 0.44699999690055847, "mean_loss": 1.506662446975708, "neg_mean_accuracy": -0.44699999690055847, "set_state_time_mean": NaN, "set_state_time_total": 0.0, "setup_model_time_mean": NaN, "setup_model_time_total": 0.0, "setup_proc_time_mean": NaN, "setup_proc_time_total": 0.0, "train_accuracy": 0.44331997632980347, "train_loss": 1.4916452495574952, "training_time_mean": NaN, "training_time_total": 0.0, "validation_time_mean": NaN, "validation_time_total": 0.0, "samples": 60000, "num_workers": 1, "done": true, "timesteps_total": null, "episodes_total": null, "training_iteration": 12, "neg_mean_loss": -1.506662446975708, "experiment_id": "3c67e8801038419e97b7957bee48d259", "date": "2019-05-30_15-18-41", "timestamp": 1559254721, "time_this_iter_s": 7.216348648071289, "time_total_s": 105.50542688369751, "pid": 12508, "hostname": "steropes", "node_ip": "169.229.49.254", "config": {"starting_lr": 1.0, "momentum": 0.9, "weight_decay": 0.0001, "steps_per_iteration": null, "pin": false, "model_creator": null, "target_batch_size": 1024, "model_string": "resnet18", "min_batch_size": 512, "dataset": "CIFAR", "placement": null, "use_nccl": true, "devices_per_worker": 1, "primary_resource": "extra_gpu", "gpu": false, "verbose": false, "lr_config": {"mode": "log", "steps": 5, "initial_lr": 1.0, "target_lr": 1.0}, "batch_per_device": 1024}, "time_since_restore": 105.50542688369751, "timesteps_since_restore": 0, "iterations_since_restore": 12, "mean_throughput": 7258.6015000483985, "atoms": 1}
