apply,batch_time,d2h,data_time,fwd,get_state_time_mean,get_state_time_total,grad,mean_accuracy,mean_loss,neg_mean_accuracy,set_state_time_mean,set_state_time_total,setup_model_time_mean,setup_model_time_total,setup_proc_time_mean,setup_proc_time_total,train_accuracy,train_loss,training_time_mean,training_time_total,val_accuracy,val_loss,validation_time_mean,validation_time_total,samples,num_workers,done,timesteps_total,episodes_total,training_iteration,neg_mean_loss,experiment_id,date,timestamp,time_this_iter_s,time_total_s,pid,hostname,node_ip,config,time_since_restore,timesteps_since_restore,iterations_since_restore,mean_throughput,atoms,setup_time
0.01848745346069336,0.04306730741186987,0.000697016716003418,0.0018939947533180646,0.1157686948776245,nan,0.0,0.16467723846435547,0.361299991607666,2.4177196731567383,-0.361299991607666,nan,0.0,10.398858070373535,10.398858070373535,0.20715022087097168,0.20715022087097168,0.2703000009059906,2.622223041000366,nan,0.0,0.361299991607666,2.4177196731567383,nan,0.0,60000,1,False,,,1,-2.4177196731567383,63b4a95c6d9846d99fb06c7a2aa0013d,2019-06-03_04-20-25,1559560825,46.59225130081177,46.59225130081177,31071,steropes,169.229.49.254,"{'starting_lr': 0.01, 'momentum': 0.9, 'weight_decay': 0.0005, 'steps_per_iteration': None, 'pin': False, 'model_creator': None, 'target_batch_size': 128, 'model_string': 'resnet50', 'min_batch_size': 128, 'dataset': 'CIFAR', 'placement': None, 'use_nccl': True, 'devices_per_worker': 1, 'primary_resource': 'extra_gpu', 'gpu': False, 'verbose': False, 'lr_config': {'mode': 'log', 'steps': 5, 'initial_lr': 0.01, 'target_lr': 0.01}, 'batch_per_device': 128}",46.59225130081177,0,1,1287.7655522035232,1,10.703421592712402
0.018300533294677734,0.034593253196040286,0.0007221698760986328,0.0017716500460339324,0.02853074073791504,nan,0.0,0.04834845066070557,0.37279999256134033,2.3037517444610596,-0.38429999351501465,nan,0.0,nan,0.0,nan,0.0,0.33959999680519104,2.1507858211517332,nan,0.0,0.38429999351501465,2.189783815765381,nan,0.0,60000,1,False,,,2,-2.3037517444610596,63b4a95c6d9846d99fb06c7a2aa0013d,2019-06-03_04-21-06,1559560866,41.2812283039093,87.87347960472107,31071,steropes,169.229.49.254,"{'starting_lr': 0.01, 'momentum': 0.9, 'weight_decay': 0.0005, 'steps_per_iteration': None, 'pin': False, 'model_creator': None, 'target_batch_size': 128, 'model_string': 'resnet50', 'min_batch_size': 128, 'dataset': 'CIFAR', 'placement': None, 'use_nccl': True, 'devices_per_worker': 1, 'primary_resource': 'extra_gpu', 'gpu': False, 'verbose': False, 'lr_config': {'mode': 'log', 'steps': 5, 'initial_lr': 0.01, 'target_lr': 0.01}, 'batch_per_device': 128}",87.87347960472107,0,2,1365.5954540167393,1,10.703421592712402
0.0212782621383667,0.031844570666928834,0.0007278203964233398,0.0017799514029032128,0.03025813102722168,nan,0.0,0.04876735210418701,0.3828999896844228,2.2645300530751546,-0.40309998393058777,nan,0.0,nan,0.0,nan,0.0,0.37241998314857483,1.9364892998886107,nan,0.0,0.40309998393058777,2.186086670303345,nan,0.0,60000,1,False,,,3,-2.2645300530751546,63b4a95c6d9846d99fb06c7a2aa0013d,2019-06-03_04-21-47,1559560907,41.00797963142395,128.88145923614502,31071,steropes,169.229.49.254,"{'starting_lr': 0.01, 'momentum': 0.9, 'weight_decay': 0.0005, 'steps_per_iteration': None, 'pin': False, 'model_creator': None, 'target_batch_size': 128, 'model_string': 'resnet50', 'min_batch_size': 128, 'dataset': 'CIFAR', 'placement': None, 'use_nccl': True, 'devices_per_worker': 1, 'primary_resource': 'extra_gpu', 'gpu': False, 'verbose': False, 'lr_config': {'mode': 'log', 'steps': 5, 'initial_lr': 0.01, 'target_lr': 0.01}, 'batch_per_device': 128}",128.88145923614502,0,3,1396.6284179675577,1,10.703421592712402
0.018744277954101562,0.03137209445615358,0.0007459163665771484,0.001799858439608913,0.02797102928161621,nan,0.0,0.04868183135986328,0.3993999883532524,2.0706065108776093,-0.4488999843597412,nan,0.0,nan,0.0,nan,0.0,0.40685999393463135,1.809747354698181,nan,0.0,0.4488999843597412,1.4888358842849732,nan,0.0,60000,1,False,,,4,-2.0706065108776093,63b4a95c6d9846d99fb06c7a2aa0013d,2019-06-03_04-22-28,1559560948,41.093122720718384,169.9745819568634,31071,steropes,169.229.49.254,"{'starting_lr': 0.01, 'momentum': 0.9, 'weight_decay': 0.0005, 'steps_per_iteration': None, 'pin': False, 'model_creator': None, 'target_batch_size': 128, 'model_string': 'resnet50', 'min_batch_size': 128, 'dataset': 'CIFAR', 'placement': None, 'use_nccl': True, 'devices_per_worker': 1, 'primary_resource': 'extra_gpu', 'gpu': False, 'verbose': False, 'lr_config': {'mode': 'log', 'steps': 5, 'initial_lr': 0.01, 'target_lr': 0.01}, 'batch_per_device': 128}",169.9745819568634,0,4,1411.9722981732903,1,10.703421592712402
0.018809914588928223,0.032175694839863836,0.0007342100143432617,0.0017922723384769372,0.028517961502075195,nan,0.0,0.0481647253036499,0.41475998759269717,2.1876184286117555,-0.4761999845504761,nan,0.0,nan,0.0,nan,0.0,0.4196600019931793,1.7335321280670166,nan,0.0,0.4761999845504761,2.65566609954834,nan,0.0,60000,1,False,,,5,-2.1876184286117555,63b4a95c6d9846d99fb06c7a2aa0013d,2019-06-03_04-23-09,1559560989,41.117645025253296,211.0922269821167,31071,steropes,169.229.49.254,"{'starting_lr': 0.01, 'momentum': 0.9, 'weight_decay': 0.0005, 'steps_per_iteration': None, 'pin': False, 'model_creator': None, 'target_batch_size': 128, 'model_string': 'resnet50', 'min_batch_size': 128, 'dataset': 'CIFAR', 'placement': None, 'use_nccl': True, 'devices_per_worker': 1, 'primary_resource': 'extra_gpu', 'gpu': False, 'verbose': False, 'lr_config': {'mode': 'log', 'steps': 5, 'initial_lr': 0.01, 'target_lr': 0.01}, 'batch_per_device': 128}",211.0922269821167,0,5,1421.1764125903371,1,10.703421592712402
0.01890110969543457,0.03327520285980611,0.0007320404052734375,0.0017885417889451126,0.027985978126525878,nan,0.0,0.04823741912841797,0.4461799919605255,1.9737319287872317,-0.5184000134468079,nan,0.0,nan,0.0,nan,0.0,0.4561399817466736,1.5968423037338257,nan,0.0,0.5184000134468079,1.3482871740341187,nan,0.0,60000,1,False,,,6,-1.9737319287872317,63b4a95c6d9846d99fb06c7a2aa0013d,2019-06-03_04-23-50,1559561030,41.05706572532654,252.14929270744324,31071,steropes,169.229.49.254,"{'starting_lr': 0.01, 'momentum': 0.9, 'weight_decay': 0.0005, 'steps_per_iteration': None, 'pin': False, 'model_creator': None, 'target_batch_size': 128, 'model_string': 'resnet50', 'min_batch_size': 128, 'dataset': 'CIFAR', 'placement': None, 'use_nccl': True, 'devices_per_worker': 1, 'primary_resource': 'extra_gpu', 'gpu': False, 'verbose': False, 'lr_config': {'mode': 'log', 'steps': 5, 'initial_lr': 0.01, 'target_lr': 0.01}, 'batch_per_device': 128}",252.14929270744324,0,6,1459.4454244900296,1,10.703421592712402
0.01966707706451416,0.031950470767443694,0.0007271528244018555,0.0018438920950340798,0.029234027862548827,nan,0.0,0.0489823579788208,0.4650399923324585,1.8966565888214113,-0.47859999537467957,nan,0.0,nan,0.0,nan,0.0,0.4776799976825714,1.54971003780365,nan,0.0,0.47859999537467957,1.8044071159362793,nan,0.0,60000,1,False,,,7,-1.8966565888214113,63b4a95c6d9846d99fb06c7a2aa0013d,2019-06-03_04-24-32,1559561072,41.20137357711792,293.35066628456116,31071,steropes,169.229.49.254,"{'starting_lr': 0.01, 'momentum': 0.9, 'weight_decay': 0.0005, 'steps_per_iteration': None, 'pin': False, 'model_creator': None, 'target_batch_size': 128, 'model_string': 'resnet50', 'min_batch_size': 128, 'dataset': 'CIFAR', 'placement': None, 'use_nccl': True, 'devices_per_worker': 1, 'primary_resource': 'extra_gpu', 'gpu': False, 'verbose': False, 'lr_config': {'mode': 'log', 'steps': 5, 'initial_lr': 0.01, 'target_lr': 0.01}, 'batch_per_device': 128}",293.35066628456116,0,7,1460.0134587425478,1,10.703421592712402
0.019277739524841308,0.031777333609665497,0.0007207632064819336,0.0018564636445106448,0.028617024421691895,nan,0.0,0.047265028953552245,0.4940999925136566,1.7172564929199219,-0.5483999848365784,nan,0.0,nan,0.0,nan,0.0,0.49390000104904175,1.5012313241195678,nan,0.0,0.5483999848365784,1.2890861907958984,nan,0.0,60000,1,False,,,8,-1.7172564929199219,63b4a95c6d9846d99fb06c7a2aa0013d,2019-06-03_04-25-13,1559561113,41.253212213516235,334.6038784980774,31071,steropes,169.229.49.254,"{'starting_lr': 0.01, 'momentum': 0.9, 'weight_decay': 0.0005, 'steps_per_iteration': None, 'pin': False, 'model_creator': None, 'target_batch_size': 128, 'model_string': 'resnet50', 'min_batch_size': 128, 'dataset': 'CIFAR', 'placement': None, 'use_nccl': True, 'devices_per_worker': 1, 'primary_resource': 'extra_gpu', 'gpu': False, 'verbose': False, 'lr_config': {'mode': 'log', 'steps': 5, 'initial_lr': 0.01, 'target_lr': 0.01}, 'batch_per_device': 128}",334.6038784980774,0,8,1458.2730766310976,1,10.703421592712402
0.018463826179504393,0.031657472441468056,0.0006982326507568359,0.0018230472379328344,0.027952194213867188,nan,0.0,0.047808289527893066,0.5145799934864044,2.0513471271514896,-0.5512999892234802,nan,0.0,nan,0.0,nan,0.0,0.5245199799537659,1.3992591259765625,nan,0.0,0.5512999892234802,3.15928905544281,nan,0.0,60000,1,False,,,9,-2.0513471271514896,63b4a95c6d9846d99fb06c7a2aa0013d,2019-06-03_04-25-54,1559561154,41.10922408103943,375.7131025791168,31071,steropes,169.229.49.254,"{'starting_lr': 0.01, 'momentum': 0.9, 'weight_decay': 0.0005, 'steps_per_iteration': None, 'pin': False, 'model_creator': None, 'target_batch_size': 128, 'model_string': 'resnet50', 'min_batch_size': 128, 'dataset': 'CIFAR', 'placement': None, 'use_nccl': True, 'devices_per_worker': 1, 'primary_resource': 'extra_gpu', 'gpu': False, 'verbose': False, 'lr_config': {'mode': 'log', 'steps': 5, 'initial_lr': 0.01, 'target_lr': 0.01}, 'batch_per_device': 128}",375.7131025791168,0,9,1458.1589369962535,1,10.703421592712402
0.01826469898223877,0.032395048986507365,0.0006917476654052735,0.0018282034208097727,0.02756028175354004,nan,0.0,0.04720497131347656,0.5337799966335297,1.7615781629180909,-0.5722000002861023,nan,0.0,nan,0.0,nan,0.0,0.5434600114822388,1.338855516433716,nan,0.0,0.5722000002861023,1.2068212783813477,nan,0.0,60000,1,False,,,10,-1.7615781629180909,63b4a95c6d9846d99fb06c7a2aa0013d,2019-06-03_04-26-35,1559561195,41.05452489852905,416.7676274776459,31071,steropes,169.229.49.254,"{'starting_lr': 0.01, 'momentum': 0.9, 'weight_decay': 0.0005, 'steps_per_iteration': None, 'pin': False, 'model_creator': None, 'target_batch_size': 128, 'model_string': 'resnet50', 'min_batch_size': 128, 'dataset': 'CIFAR', 'placement': None, 'use_nccl': True, 'devices_per_worker': 1, 'primary_resource': 'extra_gpu', 'gpu': False, 'verbose': False, 'lr_config': {'mode': 'log', 'steps': 5, 'initial_lr': 0.01, 'target_lr': 0.01}, 'batch_per_device': 128}",416.7676274776459,0,10,1458.606435138855,1,10.703421592712402
0.018259692192077636,0.03133294552187376,0.0006958961486816407,0.0018085768765500744,0.027500629425048828,nan,0.0,0.04927604198455811,0.547679990530014,1.7496851959228519,-0.5878999829292297,nan,0.0,nan,0.0,nan,0.0,0.5486999750137329,1.3229442838859558,nan,0.0,0.5878999829292297,1.2888223390579223,nan,0.0,60000,1,False,,,11,-1.7496851959228519,63b4a95c6d9846d99fb06c7a2aa0013d,2019-06-03_04-27-16,1559561236,41.08306336402893,457.8506908416748,31071,steropes,169.229.49.254,"{'starting_lr': 0.01, 'momentum': 0.9, 'weight_decay': 0.0005, 'steps_per_iteration': None, 'pin': False, 'model_creator': None, 'target_batch_size': 128, 'model_string': 'resnet50', 'min_batch_size': 128, 'dataset': 'CIFAR', 'placement': None, 'use_nccl': True, 'devices_per_worker': 1, 'primary_resource': 'extra_gpu', 'gpu': False, 'verbose': False, 'lr_config': {'mode': 'log', 'steps': 5, 'initial_lr': 0.01, 'target_lr': 0.01}, 'batch_per_device': 128}",457.8506908416748,0,11,1458.4220890160354,1,10.703421592712402
0.01854815483093262,0.031845482089851475,0.000736689567565918,0.0018377218709882263,0.02763674259185791,nan,0.0,0.04736323356628418,0.571999990940094,2.3388993505096436,-0.6001999974250793,nan,0.0,nan,0.0,nan,0.0,0.5719799995422363,1.2596894526672364,nan,0.0,0.6001999974250793,4.75047788887024,nan,0.0,60000,1,False,,,12,-2.3388993505096436,63b4a95c6d9846d99fb06c7a2aa0013d,2019-06-03_04-27-57,1559561277,41.15162134170532,499.0023121833801,31071,steropes,169.229.49.254,"{'starting_lr': 0.01, 'momentum': 0.9, 'weight_decay': 0.0005, 'steps_per_iteration': None, 'pin': False, 'model_creator': None, 'target_batch_size': 128, 'model_string': 'resnet50', 'min_batch_size': 128, 'dataset': 'CIFAR', 'placement': None, 'use_nccl': True, 'devices_per_worker': 1, 'primary_resource': 'extra_gpu', 'gpu': False, 'verbose': False, 'lr_config': {'mode': 'log', 'steps': 5, 'initial_lr': 0.01, 'target_lr': 0.01}, 'batch_per_device': 128}",499.0023121833801,0,12,1458.7745515717347,1,10.703421592712402
0.01851944923400879,0.03146680095527746,0.000700068473815918,0.0018502086629648038,0.027472496032714844,nan,0.0,0.047280073165893555,0.5863999962806702,2.3561269524383546,-0.6204000115394592,nan,0.0,nan,0.0,nan,0.0,0.5825799703598022,1.2147328420257568,nan,0.0,0.6204000115394592,1.375224200439453,nan,0.0,60000,1,False,,,13,-2.3561269524383546,63b4a95c6d9846d99fb06c7a2aa0013d,2019-06-03_04-28-39,1559561319,41.22690463066101,540.2292168140411,31071,steropes,169.229.49.254,"{'starting_lr': 0.01, 'momentum': 0.9, 'weight_decay': 0.0005, 'steps_per_iteration': None, 'pin': False, 'model_creator': None, 'target_batch_size': 128, 'model_string': 'resnet50', 'min_batch_size': 128, 'dataset': 'CIFAR', 'placement': None, 'use_nccl': True, 'devices_per_worker': 1, 'primary_resource': 'extra_gpu', 'gpu': False, 'verbose': False, 'lr_config': {'mode': 'log', 'steps': 5, 'initial_lr': 0.01, 'target_lr': 0.01}, 'batch_per_device': 128}",540.2292168140411,0,13,1458.9611724016165,1,10.703421592712402
0.018357348442077637,0.03176954728138598,0.0007020473480224609,0.0018391420164376574,0.027773833274841307,nan,0.0,0.0475193977355957,0.5998799920082092,1.9423278122329712,-0.6186999678611755,nan,0.0,nan,0.0,nan,0.0,0.590719997882843,1.1952020777702332,nan,0.0,0.6186999678611755,1.0902933544158935,nan,0.0,60000,1,False,,,14,-1.9423278122329712,63b4a95c6d9846d99fb06c7a2aa0013d,2019-06-03_04-29-19,1559561359,40.96764087677002,581.1968576908112,31071,steropes,169.229.49.254,"{'starting_lr': 0.01, 'momentum': 0.9, 'weight_decay': 0.0005, 'steps_per_iteration': None, 'pin': False, 'model_creator': None, 'target_batch_size': 128, 'model_string': 'resnet50', 'min_batch_size': 128, 'dataset': 'CIFAR', 'placement': None, 'use_nccl': True, 'devices_per_worker': 1, 'primary_resource': 'extra_gpu', 'gpu': False, 'verbose': False, 'lr_config': {'mode': 'log', 'steps': 5, 'initial_lr': 0.01, 'target_lr': 0.01}, 'batch_per_device': 128}",581.1968576908112,0,14,1459.9664242734939,1,10.703421592712402
0.01845831871032715,0.033430887174002735,0.0007395029067993164,0.0018020853057236928,0.028006505966186524,nan,0.0,0.04857404232025146,0.6100199937820434,1.9147912913894654,-0.6229000091552734,nan,0.0,nan,0.0,nan,0.0,0.6108399629592896,1.1392481181716918,nan,0.0,0.6229000091552734,1.0691386741638185,nan,0.0,60000,1,False,,,15,-1.9147912913894654,63b4a95c6d9846d99fb06c7a2aa0013d,2019-06-03_04-30-01,1559561401,41.08436560630798,622.2812232971191,31071,steropes,169.229.49.254,"{'starting_lr': 0.01, 'momentum': 0.9, 'weight_decay': 0.0005, 'steps_per_iteration': None, 'pin': False, 'model_creator': None, 'target_batch_size': 128, 'model_string': 'resnet50', 'min_batch_size': 128, 'dataset': 'CIFAR', 'placement': None, 'use_nccl': True, 'devices_per_worker': 1, 'primary_resource': 'extra_gpu', 'gpu': False, 'verbose': False, 'lr_config': {'mode': 'log', 'steps': 5, 'initial_lr': 0.01, 'target_lr': 0.01}, 'batch_per_device': 128}",622.2812232971191,0,15,1459.7543993784946,1,10.703421592712402
0.018195509910583496,0.0320266349406182,0.0007776021957397461,0.0018914026372572955,0.028046464920043944,nan,0.0,0.0482905387878418,0.622599995136261,1.8578595473098756,-0.6507999897003174,nan,0.0,nan,0.0,nan,0.0,0.6241399645805359,1.0960932662200928,nan,0.0,0.6507999897003174,1.0041636186599732,nan,0.0,60000,1,False,,,16,-1.8578595473098756,63b4a95c6d9846d99fb06c7a2aa0013d,2019-06-03_04-30-42,1559561442,41.32700824737549,663.6082315444946,31071,steropes,169.229.49.254,"{'starting_lr': 0.01, 'momentum': 0.9, 'weight_decay': 0.0005, 'steps_per_iteration': None, 'pin': False, 'model_creator': None, 'target_batch_size': 128, 'model_string': 'resnet50', 'min_batch_size': 128, 'dataset': 'CIFAR', 'placement': None, 'use_nccl': True, 'devices_per_worker': 1, 'primary_resource': 'extra_gpu', 'gpu': False, 'verbose': False, 'lr_config': {'mode': 'log', 'steps': 5, 'initial_lr': 0.01, 'target_lr': 0.01}, 'batch_per_device': 128}",663.6082315444946,0,16,1458.0237118723192,1,10.703421592712402
0.018651938438415526,0.03291675108897535,0.0006729841232299804,0.0019023814774535197,0.028681111335754395,nan,0.0,0.04843933582305908,0.6362199902534484,1.096163365135193,-0.6682999730110168,nan,0.0,nan,0.0,nan,0.0,0.6418799757957458,1.0466108366775513,nan,0.0,0.6682999730110168,0.9419969779968261,nan,0.0,60000,1,False,,,17,-1.096163365135193,63b4a95c6d9846d99fb06c7a2aa0013d,2019-06-03_04-31-23,1559561483,41.474711656570435,705.0829432010651,31071,steropes,169.229.49.254,"{'starting_lr': 0.01, 'momentum': 0.9, 'weight_decay': 0.0005, 'steps_per_iteration': None, 'pin': False, 'model_creator': None, 'target_batch_size': 128, 'model_string': 'resnet50', 'min_batch_size': 128, 'dataset': 'CIFAR', 'placement': None, 'use_nccl': True, 'devices_per_worker': 1, 'primary_resource': 'extra_gpu', 'gpu': False, 'verbose': False, 'lr_config': {'mode': 'log', 'steps': 5, 'initial_lr': 0.01, 'target_lr': 0.01}, 'batch_per_device': 128}",705.0829432010651,0,17,1455.7381860891987,1,10.703421592712402
0.0183927059173584,0.03200826463820059,0.0007209062576293945,0.001895222212652416,0.029035401344299317,nan,0.0,0.048475003242492674,0.6477199792861938,1.0054477344894408,-0.677899956703186,nan,0.0,nan,0.0,nan,0.0,0.6591399908065796,0.9954463883972168,nan,0.0,0.677899956703186,0.9216460472106933,nan,0.0,60000,1,False,,,18,-1.0054477344894408,63b4a95c6d9846d99fb06c7a2aa0013d,2019-06-03_04-32-05,1559561525,41.42917323112488,746.5121164321899,31071,steropes,169.229.49.254,"{'starting_lr': 0.01, 'momentum': 0.9, 'weight_decay': 0.0005, 'steps_per_iteration': None, 'pin': False, 'model_creator': None, 'target_batch_size': 128, 'model_string': 'resnet50', 'min_batch_size': 128, 'dataset': 'CIFAR', 'placement': None, 'use_nccl': True, 'devices_per_worker': 1, 'primary_resource': 'extra_gpu', 'gpu': False, 'verbose': False, 'lr_config': {'mode': 'log', 'steps': 5, 'initial_lr': 0.01, 'target_lr': 0.01}, 'batch_per_device': 128}",746.5121164321899,0,18,1454.310364276608,1,10.703421592712402
0.01844332218170166,0.03217532363119004,0.0006580829620361328,0.0019014076808529436,0.028130149841308592,nan,0.0,0.04797883033752441,0.6611799836158753,0.9649064016342164,-0.6859999895095825,nan,0.0,nan,0.0,nan,0.0,0.6744799613952637,0.9604736720657349,nan,0.0,0.6859999895095825,0.8875866901397705,nan,0.0,60000,1,False,,,19,-0.9649064016342164,63b4a95c6d9846d99fb06c7a2aa0013d,2019-06-03_04-32-46,1559561566,41.21820664405823,787.7303230762482,31071,steropes,169.229.49.254,"{'starting_lr': 0.01, 'momentum': 0.9, 'weight_decay': 0.0005, 'steps_per_iteration': None, 'pin': False, 'model_creator': None, 'target_batch_size': 128, 'model_string': 'resnet50', 'min_batch_size': 128, 'dataset': 'CIFAR', 'placement': None, 'use_nccl': True, 'devices_per_worker': 1, 'primary_resource': 'extra_gpu', 'gpu': False, 'verbose': False, 'lr_config': {'mode': 'log', 'steps': 5, 'initial_lr': 0.01, 'target_lr': 0.01}, 'batch_per_device': 128}",787.7303230762482,0,19,1452.5458723757213,1,10.703421592712402
0.01834867000579834,0.03202037871638431,0.0006674528121948242,0.0018614240924415687,0.027950620651245116,nan,0.0,0.04892642498016357,0.6739399790763855,0.9281868208312988,-0.6866999864578247,nan,0.0,nan,0.0,nan,0.0,0.6855799555778503,0.916949552154541,nan,0.0,0.6866999864578247,0.8855407701492309,nan,0.0,60000,1,False,,,20,-0.9281868208312988,63b4a95c6d9846d99fb06c7a2aa0013d,2019-06-03_04-33-27,1559561607,41.1919150352478,828.922238111496,31071,steropes,169.229.49.254,"{'starting_lr': 0.01, 'momentum': 0.9, 'weight_decay': 0.0005, 'steps_per_iteration': None, 'pin': False, 'model_creator': None, 'target_batch_size': 128, 'model_string': 'resnet50', 'min_batch_size': 128, 'dataset': 'CIFAR', 'placement': None, 'use_nccl': True, 'devices_per_worker': 1, 'primary_resource': 'extra_gpu', 'gpu': False, 'verbose': False, 'lr_config': {'mode': 'log', 'steps': 5, 'initial_lr': 0.01, 'target_lr': 0.01}, 'batch_per_device': 128}",828.922238111496,0,20,1451.7898964521353,1,10.703421592712402
0.018313002586364747,0.03185460839090468,0.0006620883941650391,0.001860538102171915,0.02786839008331299,nan,0.0,0.04722392559051514,0.68569997549057,0.8945789775466919,-0.7095999717712402,nan,0.0,nan,0.0,nan,0.0,0.6976999640464783,0.8820999296569825,nan,0.0,0.7095999717712402,0.8361244022369385,nan,0.0,60000,1,False,,,21,-0.8945789775466919,63b4a95c6d9846d99fb06c7a2aa0013d,2019-06-03_04-34-08,1559561648,41.04347610473633,869.9657142162323,31071,steropes,169.229.49.254,"{'starting_lr': 0.01, 'momentum': 0.9, 'weight_decay': 0.0005, 'steps_per_iteration': None, 'pin': False, 'model_creator': None, 'target_batch_size': 128, 'model_string': 'resnet50', 'min_batch_size': 128, 'dataset': 'CIFAR', 'placement': None, 'use_nccl': True, 'devices_per_worker': 1, 'primary_resource': 'extra_gpu', 'gpu': False, 'verbose': False, 'lr_config': {'mode': 'log', 'steps': 5, 'initial_lr': 0.01, 'target_lr': 0.01}, 'batch_per_device': 128}",869.9657142162323,0,21,1453.7846518170536,1,10.703421592712402
0.018253111839294435,0.0320193073417567,0.0006328582763671875,0.001835084632229622,0.027823042869567872,nan,0.0,0.04771294593811035,0.693239974975586,0.8739276887512206,-0.7059999704360962,nan,0.0,nan,0.0,nan,0.0,0.705839991569519,0.8577526207160949,nan,0.0,0.7059999704360962,0.8387405340194702,nan,0.0,60000,1,False,,,22,-0.8739276887512206,63b4a95c6d9846d99fb06c7a2aa0013d,2019-06-03_04-34-49,1559561689,40.73918342590332,910.7048976421356,31071,steropes,169.229.49.254,"{'starting_lr': 0.01, 'momentum': 0.9, 'weight_decay': 0.0005, 'steps_per_iteration': None, 'pin': False, 'model_creator': None, 'target_batch_size': 128, 'model_string': 'resnet50', 'min_batch_size': 128, 'dataset': 'CIFAR', 'placement': None, 'use_nccl': True, 'devices_per_worker': 1, 'primary_resource': 'extra_gpu', 'gpu': False, 'verbose': False, 'lr_config': {'mode': 'log', 'steps': 5, 'initial_lr': 0.01, 'target_lr': 0.01}, 'batch_per_device': 128}",910.7048976421356,0,22,1458.9849402412262,1,10.703421592712402
0.018668532371520996,0.032275589206550694,0.0006829023361206055,0.0018221075882387282,0.028382587432861327,nan,0.0,0.0478935956954956,0.7024599790573121,0.8503214083099365,-0.7239999771118164,nan,0.0,nan,0.0,nan,0.0,0.7153199911117554,0.8182618188285827,nan,0.0,0.7239999771118164,0.8036146450042725,nan,0.0,60000,1,False,,,23,-0.8503214083099365,63b4a95c6d9846d99fb06c7a2aa0013d,2019-06-03_04-35-30,1559561730,40.95370292663574,951.6586005687714,31071,steropes,169.229.49.254,"{'starting_lr': 0.01, 'momentum': 0.9, 'weight_decay': 0.0005, 'steps_per_iteration': None, 'pin': False, 'model_creator': None, 'target_batch_size': 128, 'model_string': 'resnet50', 'min_batch_size': 128, 'dataset': 'CIFAR', 'placement': None, 'use_nccl': True, 'devices_per_worker': 1, 'primary_resource': 'extra_gpu', 'gpu': False, 'verbose': False, 'lr_config': {'mode': 'log', 'steps': 5, 'initial_lr': 0.01, 'target_lr': 0.01}, 'batch_per_device': 128}",951.6586005687714,0,23,1462.3668140661682,1,10.703421592712402
0.018228554725646974,0.03184347816660434,0.0006716966629028321,0.0018448652818684687,0.027628254890441895,nan,0.0,0.04767937660217285,0.7100199818611145,0.833061886291504,-0.723800003528595,nan,0.0,nan,0.0,nan,0.0,0.7032600045204163,0.8509837084770203,nan,0.0,0.723800003528595,0.8012890800476075,nan,0.0,60000,1,False,,,24,-0.833061886291504,63b4a95c6d9846d99fb06c7a2aa0013d,2019-06-03_04-36-11,1559561771,40.916661500930786,992.5752620697021,31071,steropes,169.229.49.254,"{'starting_lr': 0.01, 'momentum': 0.9, 'weight_decay': 0.0005, 'steps_per_iteration': None, 'pin': False, 'model_creator': None, 'target_batch_size': 128, 'model_string': 'resnet50', 'min_batch_size': 128, 'dataset': 'CIFAR', 'placement': None, 'use_nccl': True, 'devices_per_worker': 1, 'primary_resource': 'extra_gpu', 'gpu': False, 'verbose': False, 'lr_config': {'mode': 'log', 'steps': 5, 'initial_lr': 0.01, 'target_lr': 0.01}, 'batch_per_device': 128}",992.5752620697021,0,24,1464.5192332536997,1,10.703421592712402
