{"apply": 0.01848745346069336, "batch_time": 0.04306730741186987, "d2h": 0.000697016716003418, "data_time": 0.0018939947533180646, "fwd": 0.1157686948776245, "get_state_time_mean": NaN, "get_state_time_total": 0.0, "grad": 0.16467723846435547, "mean_accuracy": 0.361299991607666, "mean_loss": 2.4177196731567383, "neg_mean_accuracy": -0.361299991607666, "set_state_time_mean": NaN, "set_state_time_total": 0.0, "setup_model_time_mean": 10.398858070373535, "setup_model_time_total": 10.398858070373535, "setup_proc_time_mean": 0.20715022087097168, "setup_proc_time_total": 0.20715022087097168, "train_accuracy": 0.2703000009059906, "train_loss": 2.622223041000366, "training_time_mean": NaN, "training_time_total": 0.0, "val_accuracy": 0.361299991607666, "val_loss": 2.4177196731567383, "validation_time_mean": NaN, "validation_time_total": 0.0, "samples": 60000, "num_workers": 1, "done": false, "timesteps_total": null, "episodes_total": null, "training_iteration": 1, "neg_mean_loss": -2.4177196731567383, "experiment_id": "63b4a95c6d9846d99fb06c7a2aa0013d", "date": "2019-06-03_04-20-25", "timestamp": 1559560825, "time_this_iter_s": 46.59225130081177, "time_total_s": 46.59225130081177, "pid": 31071, "hostname": "steropes", "node_ip": "169.229.49.254", "config": {"starting_lr": 0.01, "momentum": 0.9, "weight_decay": 0.0005, "steps_per_iteration": null, "pin": false, "model_creator": null, "target_batch_size": 128, "model_string": "resnet50", "min_batch_size": 128, "dataset": "CIFAR", "placement": null, "use_nccl": true, "devices_per_worker": 1, "primary_resource": "extra_gpu", "gpu": false, "verbose": false, "lr_config": {"mode": "log", "steps": 5, "initial_lr": 0.01, "target_lr": 0.01}, "batch_per_device": 128}, "time_since_restore": 46.59225130081177, "timesteps_since_restore": 0, "iterations_since_restore": 1, "mean_throughput": 1287.7655522035232, "atoms": 1, "setup_time": 10.703421592712402}
{"apply": 0.018300533294677734, "batch_time": 0.034593253196040286, "d2h": 0.0007221698760986328, "data_time": 0.0017716500460339324, "fwd": 0.02853074073791504, "get_state_time_mean": NaN, "get_state_time_total": 0.0, "grad": 0.04834845066070557, "mean_accuracy": 0.37279999256134033, "mean_loss": 2.3037517444610596, "neg_mean_accuracy": -0.38429999351501465, "set_state_time_mean": NaN, "set_state_time_total": 0.0, "setup_model_time_mean": NaN, "setup_model_time_total": 0.0, "setup_proc_time_mean": NaN, "setup_proc_time_total": 0.0, "train_accuracy": 0.33959999680519104, "train_loss": 2.1507858211517332, "training_time_mean": NaN, "training_time_total": 0.0, "val_accuracy": 0.38429999351501465, "val_loss": 2.189783815765381, "validation_time_mean": NaN, "validation_time_total": 0.0, "samples": 60000, "num_workers": 1, "done": false, "timesteps_total": null, "episodes_total": null, "training_iteration": 2, "neg_mean_loss": -2.3037517444610596, "experiment_id": "63b4a95c6d9846d99fb06c7a2aa0013d", "date": "2019-06-03_04-21-06", "timestamp": 1559560866, "time_this_iter_s": 41.2812283039093, "time_total_s": 87.87347960472107, "pid": 31071, "hostname": "steropes", "node_ip": "169.229.49.254", "config": {"starting_lr": 0.01, "momentum": 0.9, "weight_decay": 0.0005, "steps_per_iteration": null, "pin": false, "model_creator": null, "target_batch_size": 128, "model_string": "resnet50", "min_batch_size": 128, "dataset": "CIFAR", "placement": null, "use_nccl": true, "devices_per_worker": 1, "primary_resource": "extra_gpu", "gpu": false, "verbose": false, "lr_config": {"mode": "log", "steps": 5, "initial_lr": 0.01, "target_lr": 0.01}, "batch_per_device": 128}, "time_since_restore": 87.87347960472107, "timesteps_since_restore": 0, "iterations_since_restore": 2, "mean_throughput": 1365.5954540167393, "atoms": 1, "setup_time": 10.703421592712402}
{"apply": 0.0212782621383667, "batch_time": 0.031844570666928834, "d2h": 0.0007278203964233398, "data_time": 0.0017799514029032128, "fwd": 0.03025813102722168, "get_state_time_mean": NaN, "get_state_time_total": 0.0, "grad": 0.04876735210418701, "mean_accuracy": 0.3828999896844228, "mean_loss": 2.2645300530751546, "neg_mean_accuracy": -0.40309998393058777, "set_state_time_mean": NaN, "set_state_time_total": 0.0, "setup_model_time_mean": NaN, "setup_model_time_total": 0.0, "setup_proc_time_mean": NaN, "setup_proc_time_total": 0.0, "train_accuracy": 0.37241998314857483, "train_loss": 1.9364892998886107, "training_time_mean": NaN, "training_time_total": 0.0, "val_accuracy": 0.40309998393058777, "val_loss": 2.186086670303345, "validation_time_mean": NaN, "validation_time_total": 0.0, "samples": 60000, "num_workers": 1, "done": false, "timesteps_total": null, "episodes_total": null, "training_iteration": 3, "neg_mean_loss": -2.2645300530751546, "experiment_id": "63b4a95c6d9846d99fb06c7a2aa0013d", "date": "2019-06-03_04-21-47", "timestamp": 1559560907, "time_this_iter_s": 41.00797963142395, "time_total_s": 128.88145923614502, "pid": 31071, "hostname": "steropes", "node_ip": "169.229.49.254", "config": {"starting_lr": 0.01, "momentum": 0.9, "weight_decay": 0.0005, "steps_per_iteration": null, "pin": false, "model_creator": null, "target_batch_size": 128, "model_string": "resnet50", "min_batch_size": 128, "dataset": "CIFAR", "placement": null, "use_nccl": true, "devices_per_worker": 1, "primary_resource": "extra_gpu", "gpu": false, "verbose": false, "lr_config": {"mode": "log", "steps": 5, "initial_lr": 0.01, "target_lr": 0.01}, "batch_per_device": 128}, "time_since_restore": 128.88145923614502, "timesteps_since_restore": 0, "iterations_since_restore": 3, "mean_throughput": 1396.6284179675577, "atoms": 1, "setup_time": 10.703421592712402}
{"apply": 0.018744277954101562, "batch_time": 0.03137209445615358, "d2h": 0.0007459163665771484, "data_time": 0.001799858439608913, "fwd": 0.02797102928161621, "get_state_time_mean": NaN, "get_state_time_total": 0.0, "grad": 0.04868183135986328, "mean_accuracy": 0.3993999883532524, "mean_loss": 2.0706065108776093, "neg_mean_accuracy": -0.4488999843597412, "set_state_time_mean": NaN, "set_state_time_total": 0.0, "setup_model_time_mean": NaN, "setup_model_time_total": 0.0, "setup_proc_time_mean": NaN, "setup_proc_time_total": 0.0, "train_accuracy": 0.40685999393463135, "train_loss": 1.809747354698181, "training_time_mean": NaN, "training_time_total": 0.0, "val_accuracy": 0.4488999843597412, "val_loss": 1.4888358842849732, "validation_time_mean": NaN, "validation_time_total": 0.0, "samples": 60000, "num_workers": 1, "done": false, "timesteps_total": null, "episodes_total": null, "training_iteration": 4, "neg_mean_loss": -2.0706065108776093, "experiment_id": "63b4a95c6d9846d99fb06c7a2aa0013d", "date": "2019-06-03_04-22-28", "timestamp": 1559560948, "time_this_iter_s": 41.093122720718384, "time_total_s": 169.9745819568634, "pid": 31071, "hostname": "steropes", "node_ip": "169.229.49.254", "config": {"starting_lr": 0.01, "momentum": 0.9, "weight_decay": 0.0005, "steps_per_iteration": null, "pin": false, "model_creator": null, "target_batch_size": 128, "model_string": "resnet50", "min_batch_size": 128, "dataset": "CIFAR", "placement": null, "use_nccl": true, "devices_per_worker": 1, "primary_resource": "extra_gpu", "gpu": false, "verbose": false, "lr_config": {"mode": "log", "steps": 5, "initial_lr": 0.01, "target_lr": 0.01}, "batch_per_device": 128}, "time_since_restore": 169.9745819568634, "timesteps_since_restore": 0, "iterations_since_restore": 4, "mean_throughput": 1411.9722981732903, "atoms": 1, "setup_time": 10.703421592712402}
{"apply": 0.018809914588928223, "batch_time": 0.032175694839863836, "d2h": 0.0007342100143432617, "data_time": 0.0017922723384769372, "fwd": 0.028517961502075195, "get_state_time_mean": NaN, "get_state_time_total": 0.0, "grad": 0.0481647253036499, "mean_accuracy": 0.41475998759269717, "mean_loss": 2.1876184286117555, "neg_mean_accuracy": -0.4761999845504761, "set_state_time_mean": NaN, "set_state_time_total": 0.0, "setup_model_time_mean": NaN, "setup_model_time_total": 0.0, "setup_proc_time_mean": NaN, "setup_proc_time_total": 0.0, "train_accuracy": 0.4196600019931793, "train_loss": 1.7335321280670166, "training_time_mean": NaN, "training_time_total": 0.0, "val_accuracy": 0.4761999845504761, "val_loss": 2.65566609954834, "validation_time_mean": NaN, "validation_time_total": 0.0, "samples": 60000, "num_workers": 1, "done": false, "timesteps_total": null, "episodes_total": null, "training_iteration": 5, "neg_mean_loss": -2.1876184286117555, "experiment_id": "63b4a95c6d9846d99fb06c7a2aa0013d", "date": "2019-06-03_04-23-09", "timestamp": 1559560989, "time_this_iter_s": 41.117645025253296, "time_total_s": 211.0922269821167, "pid": 31071, "hostname": "steropes", "node_ip": "169.229.49.254", "config": {"starting_lr": 0.01, "momentum": 0.9, "weight_decay": 0.0005, "steps_per_iteration": null, "pin": false, "model_creator": null, "target_batch_size": 128, "model_string": "resnet50", "min_batch_size": 128, "dataset": "CIFAR", "placement": null, "use_nccl": true, "devices_per_worker": 1, "primary_resource": "extra_gpu", "gpu": false, "verbose": false, "lr_config": {"mode": "log", "steps": 5, "initial_lr": 0.01, "target_lr": 0.01}, "batch_per_device": 128}, "time_since_restore": 211.0922269821167, "timesteps_since_restore": 0, "iterations_since_restore": 5, "mean_throughput": 1421.1764125903371, "atoms": 1, "setup_time": 10.703421592712402}
{"apply": 0.01890110969543457, "batch_time": 0.03327520285980611, "d2h": 0.0007320404052734375, "data_time": 0.0017885417889451126, "fwd": 0.027985978126525878, "get_state_time_mean": NaN, "get_state_time_total": 0.0, "grad": 0.04823741912841797, "mean_accuracy": 0.4461799919605255, "mean_loss": 1.9737319287872317, "neg_mean_accuracy": -0.5184000134468079, "set_state_time_mean": NaN, "set_state_time_total": 0.0, "setup_model_time_mean": NaN, "setup_model_time_total": 0.0, "setup_proc_time_mean": NaN, "setup_proc_time_total": 0.0, "train_accuracy": 0.4561399817466736, "train_loss": 1.5968423037338257, "training_time_mean": NaN, "training_time_total": 0.0, "val_accuracy": 0.5184000134468079, "val_loss": 1.3482871740341187, "validation_time_mean": NaN, "validation_time_total": 0.0, "samples": 60000, "num_workers": 1, "done": false, "timesteps_total": null, "episodes_total": null, "training_iteration": 6, "neg_mean_loss": -1.9737319287872317, "experiment_id": "63b4a95c6d9846d99fb06c7a2aa0013d", "date": "2019-06-03_04-23-50", "timestamp": 1559561030, "time_this_iter_s": 41.05706572532654, "time_total_s": 252.14929270744324, "pid": 31071, "hostname": "steropes", "node_ip": "169.229.49.254", "config": {"starting_lr": 0.01, "momentum": 0.9, "weight_decay": 0.0005, "steps_per_iteration": null, "pin": false, "model_creator": null, "target_batch_size": 128, "model_string": "resnet50", "min_batch_size": 128, "dataset": "CIFAR", "placement": null, "use_nccl": true, "devices_per_worker": 1, "primary_resource": "extra_gpu", "gpu": false, "verbose": false, "lr_config": {"mode": "log", "steps": 5, "initial_lr": 0.01, "target_lr": 0.01}, "batch_per_device": 128}, "time_since_restore": 252.14929270744324, "timesteps_since_restore": 0, "iterations_since_restore": 6, "mean_throughput": 1459.4454244900296, "atoms": 1, "setup_time": 10.703421592712402}
{"apply": 0.01966707706451416, "batch_time": 0.031950470767443694, "d2h": 0.0007271528244018555, "data_time": 0.0018438920950340798, "fwd": 0.029234027862548827, "get_state_time_mean": NaN, "get_state_time_total": 0.0, "grad": 0.0489823579788208, "mean_accuracy": 0.4650399923324585, "mean_loss": 1.8966565888214113, "neg_mean_accuracy": -0.47859999537467957, "set_state_time_mean": NaN, "set_state_time_total": 0.0, "setup_model_time_mean": NaN, "setup_model_time_total": 0.0, "setup_proc_time_mean": NaN, "setup_proc_time_total": 0.0, "train_accuracy": 0.4776799976825714, "train_loss": 1.54971003780365, "training_time_mean": NaN, "training_time_total": 0.0, "val_accuracy": 0.47859999537467957, "val_loss": 1.8044071159362793, "validation_time_mean": NaN, "validation_time_total": 0.0, "samples": 60000, "num_workers": 1, "done": false, "timesteps_total": null, "episodes_total": null, "training_iteration": 7, "neg_mean_loss": -1.8966565888214113, "experiment_id": "63b4a95c6d9846d99fb06c7a2aa0013d", "date": "2019-06-03_04-24-32", "timestamp": 1559561072, "time_this_iter_s": 41.20137357711792, "time_total_s": 293.35066628456116, "pid": 31071, "hostname": "steropes", "node_ip": "169.229.49.254", "config": {"starting_lr": 0.01, "momentum": 0.9, "weight_decay": 0.0005, "steps_per_iteration": null, "pin": false, "model_creator": null, "target_batch_size": 128, "model_string": "resnet50", "min_batch_size": 128, "dataset": "CIFAR", "placement": null, "use_nccl": true, "devices_per_worker": 1, "primary_resource": "extra_gpu", "gpu": false, "verbose": false, "lr_config": {"mode": "log", "steps": 5, "initial_lr": 0.01, "target_lr": 0.01}, "batch_per_device": 128}, "time_since_restore": 293.35066628456116, "timesteps_since_restore": 0, "iterations_since_restore": 7, "mean_throughput": 1460.0134587425478, "atoms": 1, "setup_time": 10.703421592712402}
{"apply": 0.019277739524841308, "batch_time": 0.031777333609665497, "d2h": 0.0007207632064819336, "data_time": 0.0018564636445106448, "fwd": 0.028617024421691895, "get_state_time_mean": NaN, "get_state_time_total": 0.0, "grad": 0.047265028953552245, "mean_accuracy": 0.4940999925136566, "mean_loss": 1.7172564929199219, "neg_mean_accuracy": -0.5483999848365784, "set_state_time_mean": NaN, "set_state_time_total": 0.0, "setup_model_time_mean": NaN, "setup_model_time_total": 0.0, "setup_proc_time_mean": NaN, "setup_proc_time_total": 0.0, "train_accuracy": 0.49390000104904175, "train_loss": 1.5012313241195678, "training_time_mean": NaN, "training_time_total": 0.0, "val_accuracy": 0.5483999848365784, "val_loss": 1.2890861907958984, "validation_time_mean": NaN, "validation_time_total": 0.0, "samples": 60000, "num_workers": 1, "done": false, "timesteps_total": null, "episodes_total": null, "training_iteration": 8, "neg_mean_loss": -1.7172564929199219, "experiment_id": "63b4a95c6d9846d99fb06c7a2aa0013d", "date": "2019-06-03_04-25-13", "timestamp": 1559561113, "time_this_iter_s": 41.253212213516235, "time_total_s": 334.6038784980774, "pid": 31071, "hostname": "steropes", "node_ip": "169.229.49.254", "config": {"starting_lr": 0.01, "momentum": 0.9, "weight_decay": 0.0005, "steps_per_iteration": null, "pin": false, "model_creator": null, "target_batch_size": 128, "model_string": "resnet50", "min_batch_size": 128, "dataset": "CIFAR", "placement": null, "use_nccl": true, "devices_per_worker": 1, "primary_resource": "extra_gpu", "gpu": false, "verbose": false, "lr_config": {"mode": "log", "steps": 5, "initial_lr": 0.01, "target_lr": 0.01}, "batch_per_device": 128}, "time_since_restore": 334.6038784980774, "timesteps_since_restore": 0, "iterations_since_restore": 8, "mean_throughput": 1458.2730766310976, "atoms": 1, "setup_time": 10.703421592712402}
{"apply": 0.018463826179504393, "batch_time": 0.031657472441468056, "d2h": 0.0006982326507568359, "data_time": 0.0018230472379328344, "fwd": 0.027952194213867188, "get_state_time_mean": NaN, "get_state_time_total": 0.0, "grad": 0.047808289527893066, "mean_accuracy": 0.5145799934864044, "mean_loss": 2.0513471271514896, "neg_mean_accuracy": -0.5512999892234802, "set_state_time_mean": NaN, "set_state_time_total": 0.0, "setup_model_time_mean": NaN, "setup_model_time_total": 0.0, "setup_proc_time_mean": NaN, "setup_proc_time_total": 0.0, "train_accuracy": 0.5245199799537659, "train_loss": 1.3992591259765625, "training_time_mean": NaN, "training_time_total": 0.0, "val_accuracy": 0.5512999892234802, "val_loss": 3.15928905544281, "validation_time_mean": NaN, "validation_time_total": 0.0, "samples": 60000, "num_workers": 1, "done": false, "timesteps_total": null, "episodes_total": null, "training_iteration": 9, "neg_mean_loss": -2.0513471271514896, "experiment_id": "63b4a95c6d9846d99fb06c7a2aa0013d", "date": "2019-06-03_04-25-54", "timestamp": 1559561154, "time_this_iter_s": 41.10922408103943, "time_total_s": 375.7131025791168, "pid": 31071, "hostname": "steropes", "node_ip": "169.229.49.254", "config": {"starting_lr": 0.01, "momentum": 0.9, "weight_decay": 0.0005, "steps_per_iteration": null, "pin": false, "model_creator": null, "target_batch_size": 128, "model_string": "resnet50", "min_batch_size": 128, "dataset": "CIFAR", "placement": null, "use_nccl": true, "devices_per_worker": 1, "primary_resource": "extra_gpu", "gpu": false, "verbose": false, "lr_config": {"mode": "log", "steps": 5, "initial_lr": 0.01, "target_lr": 0.01}, "batch_per_device": 128}, "time_since_restore": 375.7131025791168, "timesteps_since_restore": 0, "iterations_since_restore": 9, "mean_throughput": 1458.1589369962535, "atoms": 1, "setup_time": 10.703421592712402}
{"apply": 0.01826469898223877, "batch_time": 0.032395048986507365, "d2h": 0.0006917476654052735, "data_time": 0.0018282034208097727, "fwd": 0.02756028175354004, "get_state_time_mean": NaN, "get_state_time_total": 0.0, "grad": 0.04720497131347656, "mean_accuracy": 0.5337799966335297, "mean_loss": 1.7615781629180909, "neg_mean_accuracy": -0.5722000002861023, "set_state_time_mean": NaN, "set_state_time_total": 0.0, "setup_model_time_mean": NaN, "setup_model_time_total": 0.0, "setup_proc_time_mean": NaN, "setup_proc_time_total": 0.0, "train_accuracy": 0.5434600114822388, "train_loss": 1.338855516433716, "training_time_mean": NaN, "training_time_total": 0.0, "val_accuracy": 0.5722000002861023, "val_loss": 1.2068212783813477, "validation_time_mean": NaN, "validation_time_total": 0.0, "samples": 60000, "num_workers": 1, "done": false, "timesteps_total": null, "episodes_total": null, "training_iteration": 10, "neg_mean_loss": -1.7615781629180909, "experiment_id": "63b4a95c6d9846d99fb06c7a2aa0013d", "date": "2019-06-03_04-26-35", "timestamp": 1559561195, "time_this_iter_s": 41.05452489852905, "time_total_s": 416.7676274776459, "pid": 31071, "hostname": "steropes", "node_ip": "169.229.49.254", "config": {"starting_lr": 0.01, "momentum": 0.9, "weight_decay": 0.0005, "steps_per_iteration": null, "pin": false, "model_creator": null, "target_batch_size": 128, "model_string": "resnet50", "min_batch_size": 128, "dataset": "CIFAR", "placement": null, "use_nccl": true, "devices_per_worker": 1, "primary_resource": "extra_gpu", "gpu": false, "verbose": false, "lr_config": {"mode": "log", "steps": 5, "initial_lr": 0.01, "target_lr": 0.01}, "batch_per_device": 128}, "time_since_restore": 416.7676274776459, "timesteps_since_restore": 0, "iterations_since_restore": 10, "mean_throughput": 1458.606435138855, "atoms": 1, "setup_time": 10.703421592712402}
{"apply": 0.018259692192077636, "batch_time": 0.03133294552187376, "d2h": 0.0006958961486816407, "data_time": 0.0018085768765500744, "fwd": 0.027500629425048828, "get_state_time_mean": NaN, "get_state_time_total": 0.0, "grad": 0.04927604198455811, "mean_accuracy": 0.547679990530014, "mean_loss": 1.7496851959228519, "neg_mean_accuracy": -0.5878999829292297, "set_state_time_mean": NaN, "set_state_time_total": 0.0, "setup_model_time_mean": NaN, "setup_model_time_total": 0.0, "setup_proc_time_mean": NaN, "setup_proc_time_total": 0.0, "train_accuracy": 0.5486999750137329, "train_loss": 1.3229442838859558, "training_time_mean": NaN, "training_time_total": 0.0, "val_accuracy": 0.5878999829292297, "val_loss": 1.2888223390579223, "validation_time_mean": NaN, "validation_time_total": 0.0, "samples": 60000, "num_workers": 1, "done": false, "timesteps_total": null, "episodes_total": null, "training_iteration": 11, "neg_mean_loss": -1.7496851959228519, "experiment_id": "63b4a95c6d9846d99fb06c7a2aa0013d", "date": "2019-06-03_04-27-16", "timestamp": 1559561236, "time_this_iter_s": 41.08306336402893, "time_total_s": 457.8506908416748, "pid": 31071, "hostname": "steropes", "node_ip": "169.229.49.254", "config": {"starting_lr": 0.01, "momentum": 0.9, "weight_decay": 0.0005, "steps_per_iteration": null, "pin": false, "model_creator": null, "target_batch_size": 128, "model_string": "resnet50", "min_batch_size": 128, "dataset": "CIFAR", "placement": null, "use_nccl": true, "devices_per_worker": 1, "primary_resource": "extra_gpu", "gpu": false, "verbose": false, "lr_config": {"mode": "log", "steps": 5, "initial_lr": 0.01, "target_lr": 0.01}, "batch_per_device": 128}, "time_since_restore": 457.8506908416748, "timesteps_since_restore": 0, "iterations_since_restore": 11, "mean_throughput": 1458.4220890160354, "atoms": 1, "setup_time": 10.703421592712402}
{"apply": 0.01854815483093262, "batch_time": 0.031845482089851475, "d2h": 0.000736689567565918, "data_time": 0.0018377218709882263, "fwd": 0.02763674259185791, "get_state_time_mean": NaN, "get_state_time_total": 0.0, "grad": 0.04736323356628418, "mean_accuracy": 0.571999990940094, "mean_loss": 2.3388993505096436, "neg_mean_accuracy": -0.6001999974250793, "set_state_time_mean": NaN, "set_state_time_total": 0.0, "setup_model_time_mean": NaN, "setup_model_time_total": 0.0, "setup_proc_time_mean": NaN, "setup_proc_time_total": 0.0, "train_accuracy": 0.5719799995422363, "train_loss": 1.2596894526672364, "training_time_mean": NaN, "training_time_total": 0.0, "val_accuracy": 0.6001999974250793, "val_loss": 4.75047788887024, "validation_time_mean": NaN, "validation_time_total": 0.0, "samples": 60000, "num_workers": 1, "done": false, "timesteps_total": null, "episodes_total": null, "training_iteration": 12, "neg_mean_loss": -2.3388993505096436, "experiment_id": "63b4a95c6d9846d99fb06c7a2aa0013d", "date": "2019-06-03_04-27-57", "timestamp": 1559561277, "time_this_iter_s": 41.15162134170532, "time_total_s": 499.0023121833801, "pid": 31071, "hostname": "steropes", "node_ip": "169.229.49.254", "config": {"starting_lr": 0.01, "momentum": 0.9, "weight_decay": 0.0005, "steps_per_iteration": null, "pin": false, "model_creator": null, "target_batch_size": 128, "model_string": "resnet50", "min_batch_size": 128, "dataset": "CIFAR", "placement": null, "use_nccl": true, "devices_per_worker": 1, "primary_resource": "extra_gpu", "gpu": false, "verbose": false, "lr_config": {"mode": "log", "steps": 5, "initial_lr": 0.01, "target_lr": 0.01}, "batch_per_device": 128}, "time_since_restore": 499.0023121833801, "timesteps_since_restore": 0, "iterations_since_restore": 12, "mean_throughput": 1458.7745515717347, "atoms": 1, "setup_time": 10.703421592712402}
{"apply": 0.01851944923400879, "batch_time": 0.03146680095527746, "d2h": 0.000700068473815918, "data_time": 0.0018502086629648038, "fwd": 0.027472496032714844, "get_state_time_mean": NaN, "get_state_time_total": 0.0, "grad": 0.047280073165893555, "mean_accuracy": 0.5863999962806702, "mean_loss": 2.3561269524383546, "neg_mean_accuracy": -0.6204000115394592, "set_state_time_mean": NaN, "set_state_time_total": 0.0, "setup_model_time_mean": NaN, "setup_model_time_total": 0.0, "setup_proc_time_mean": NaN, "setup_proc_time_total": 0.0, "train_accuracy": 0.5825799703598022, "train_loss": 1.2147328420257568, "training_time_mean": NaN, "training_time_total": 0.0, "val_accuracy": 0.6204000115394592, "val_loss": 1.375224200439453, "validation_time_mean": NaN, "validation_time_total": 0.0, "samples": 60000, "num_workers": 1, "done": false, "timesteps_total": null, "episodes_total": null, "training_iteration": 13, "neg_mean_loss": -2.3561269524383546, "experiment_id": "63b4a95c6d9846d99fb06c7a2aa0013d", "date": "2019-06-03_04-28-39", "timestamp": 1559561319, "time_this_iter_s": 41.22690463066101, "time_total_s": 540.2292168140411, "pid": 31071, "hostname": "steropes", "node_ip": "169.229.49.254", "config": {"starting_lr": 0.01, "momentum": 0.9, "weight_decay": 0.0005, "steps_per_iteration": null, "pin": false, "model_creator": null, "target_batch_size": 128, "model_string": "resnet50", "min_batch_size": 128, "dataset": "CIFAR", "placement": null, "use_nccl": true, "devices_per_worker": 1, "primary_resource": "extra_gpu", "gpu": false, "verbose": false, "lr_config": {"mode": "log", "steps": 5, "initial_lr": 0.01, "target_lr": 0.01}, "batch_per_device": 128}, "time_since_restore": 540.2292168140411, "timesteps_since_restore": 0, "iterations_since_restore": 13, "mean_throughput": 1458.9611724016165, "atoms": 1, "setup_time": 10.703421592712402}
{"apply": 0.018357348442077637, "batch_time": 0.03176954728138598, "d2h": 0.0007020473480224609, "data_time": 0.0018391420164376574, "fwd": 0.027773833274841307, "get_state_time_mean": NaN, "get_state_time_total": 0.0, "grad": 0.0475193977355957, "mean_accuracy": 0.5998799920082092, "mean_loss": 1.9423278122329712, "neg_mean_accuracy": -0.6186999678611755, "set_state_time_mean": NaN, "set_state_time_total": 0.0, "setup_model_time_mean": NaN, "setup_model_time_total": 0.0, "setup_proc_time_mean": NaN, "setup_proc_time_total": 0.0, "train_accuracy": 0.590719997882843, "train_loss": 1.1952020777702332, "training_time_mean": NaN, "training_time_total": 0.0, "val_accuracy": 0.6186999678611755, "val_loss": 1.0902933544158935, "validation_time_mean": NaN, "validation_time_total": 0.0, "samples": 60000, "num_workers": 1, "done": false, "timesteps_total": null, "episodes_total": null, "training_iteration": 14, "neg_mean_loss": -1.9423278122329712, "experiment_id": "63b4a95c6d9846d99fb06c7a2aa0013d", "date": "2019-06-03_04-29-19", "timestamp": 1559561359, "time_this_iter_s": 40.96764087677002, "time_total_s": 581.1968576908112, "pid": 31071, "hostname": "steropes", "node_ip": "169.229.49.254", "config": {"starting_lr": 0.01, "momentum": 0.9, "weight_decay": 0.0005, "steps_per_iteration": null, "pin": false, "model_creator": null, "target_batch_size": 128, "model_string": "resnet50", "min_batch_size": 128, "dataset": "CIFAR", "placement": null, "use_nccl": true, "devices_per_worker": 1, "primary_resource": "extra_gpu", "gpu": false, "verbose": false, "lr_config": {"mode": "log", "steps": 5, "initial_lr": 0.01, "target_lr": 0.01}, "batch_per_device": 128}, "time_since_restore": 581.1968576908112, "timesteps_since_restore": 0, "iterations_since_restore": 14, "mean_throughput": 1459.9664242734939, "atoms": 1, "setup_time": 10.703421592712402}
{"apply": 0.01845831871032715, "batch_time": 0.033430887174002735, "d2h": 0.0007395029067993164, "data_time": 0.0018020853057236928, "fwd": 0.028006505966186524, "get_state_time_mean": NaN, "get_state_time_total": 0.0, "grad": 0.04857404232025146, "mean_accuracy": 0.6100199937820434, "mean_loss": 1.9147912913894654, "neg_mean_accuracy": -0.6229000091552734, "set_state_time_mean": NaN, "set_state_time_total": 0.0, "setup_model_time_mean": NaN, "setup_model_time_total": 0.0, "setup_proc_time_mean": NaN, "setup_proc_time_total": 0.0, "train_accuracy": 0.6108399629592896, "train_loss": 1.1392481181716918, "training_time_mean": NaN, "training_time_total": 0.0, "val_accuracy": 0.6229000091552734, "val_loss": 1.0691386741638185, "validation_time_mean": NaN, "validation_time_total": 0.0, "samples": 60000, "num_workers": 1, "done": false, "timesteps_total": null, "episodes_total": null, "training_iteration": 15, "neg_mean_loss": -1.9147912913894654, "experiment_id": "63b4a95c6d9846d99fb06c7a2aa0013d", "date": "2019-06-03_04-30-01", "timestamp": 1559561401, "time_this_iter_s": 41.08436560630798, "time_total_s": 622.2812232971191, "pid": 31071, "hostname": "steropes", "node_ip": "169.229.49.254", "config": {"starting_lr": 0.01, "momentum": 0.9, "weight_decay": 0.0005, "steps_per_iteration": null, "pin": false, "model_creator": null, "target_batch_size": 128, "model_string": "resnet50", "min_batch_size": 128, "dataset": "CIFAR", "placement": null, "use_nccl": true, "devices_per_worker": 1, "primary_resource": "extra_gpu", "gpu": false, "verbose": false, "lr_config": {"mode": "log", "steps": 5, "initial_lr": 0.01, "target_lr": 0.01}, "batch_per_device": 128}, "time_since_restore": 622.2812232971191, "timesteps_since_restore": 0, "iterations_since_restore": 15, "mean_throughput": 1459.7543993784946, "atoms": 1, "setup_time": 10.703421592712402}
{"apply": 0.018195509910583496, "batch_time": 0.0320266349406182, "d2h": 0.0007776021957397461, "data_time": 0.0018914026372572955, "fwd": 0.028046464920043944, "get_state_time_mean": NaN, "get_state_time_total": 0.0, "grad": 0.0482905387878418, "mean_accuracy": 0.622599995136261, "mean_loss": 1.8578595473098756, "neg_mean_accuracy": -0.6507999897003174, "set_state_time_mean": NaN, "set_state_time_total": 0.0, "setup_model_time_mean": NaN, "setup_model_time_total": 0.0, "setup_proc_time_mean": NaN, "setup_proc_time_total": 0.0, "train_accuracy": 0.6241399645805359, "train_loss": 1.0960932662200928, "training_time_mean": NaN, "training_time_total": 0.0, "val_accuracy": 0.6507999897003174, "val_loss": 1.0041636186599732, "validation_time_mean": NaN, "validation_time_total": 0.0, "samples": 60000, "num_workers": 1, "done": false, "timesteps_total": null, "episodes_total": null, "training_iteration": 16, "neg_mean_loss": -1.8578595473098756, "experiment_id": "63b4a95c6d9846d99fb06c7a2aa0013d", "date": "2019-06-03_04-30-42", "timestamp": 1559561442, "time_this_iter_s": 41.32700824737549, "time_total_s": 663.6082315444946, "pid": 31071, "hostname": "steropes", "node_ip": "169.229.49.254", "config": {"starting_lr": 0.01, "momentum": 0.9, "weight_decay": 0.0005, "steps_per_iteration": null, "pin": false, "model_creator": null, "target_batch_size": 128, "model_string": "resnet50", "min_batch_size": 128, "dataset": "CIFAR", "placement": null, "use_nccl": true, "devices_per_worker": 1, "primary_resource": "extra_gpu", "gpu": false, "verbose": false, "lr_config": {"mode": "log", "steps": 5, "initial_lr": 0.01, "target_lr": 0.01}, "batch_per_device": 128}, "time_since_restore": 663.6082315444946, "timesteps_since_restore": 0, "iterations_since_restore": 16, "mean_throughput": 1458.0237118723192, "atoms": 1, "setup_time": 10.703421592712402}
{"apply": 0.018651938438415526, "batch_time": 0.03291675108897535, "d2h": 0.0006729841232299804, "data_time": 0.0019023814774535197, "fwd": 0.028681111335754395, "get_state_time_mean": NaN, "get_state_time_total": 0.0, "grad": 0.04843933582305908, "mean_accuracy": 0.6362199902534484, "mean_loss": 1.096163365135193, "neg_mean_accuracy": -0.6682999730110168, "set_state_time_mean": NaN, "set_state_time_total": 0.0, "setup_model_time_mean": NaN, "setup_model_time_total": 0.0, "setup_proc_time_mean": NaN, "setup_proc_time_total": 0.0, "train_accuracy": 0.6418799757957458, "train_loss": 1.0466108366775513, "training_time_mean": NaN, "training_time_total": 0.0, "val_accuracy": 0.6682999730110168, "val_loss": 0.9419969779968261, "validation_time_mean": NaN, "validation_time_total": 0.0, "samples": 60000, "num_workers": 1, "done": false, "timesteps_total": null, "episodes_total": null, "training_iteration": 17, "neg_mean_loss": -1.096163365135193, "experiment_id": "63b4a95c6d9846d99fb06c7a2aa0013d", "date": "2019-06-03_04-31-23", "timestamp": 1559561483, "time_this_iter_s": 41.474711656570435, "time_total_s": 705.0829432010651, "pid": 31071, "hostname": "steropes", "node_ip": "169.229.49.254", "config": {"starting_lr": 0.01, "momentum": 0.9, "weight_decay": 0.0005, "steps_per_iteration": null, "pin": false, "model_creator": null, "target_batch_size": 128, "model_string": "resnet50", "min_batch_size": 128, "dataset": "CIFAR", "placement": null, "use_nccl": true, "devices_per_worker": 1, "primary_resource": "extra_gpu", "gpu": false, "verbose": false, "lr_config": {"mode": "log", "steps": 5, "initial_lr": 0.01, "target_lr": 0.01}, "batch_per_device": 128}, "time_since_restore": 705.0829432010651, "timesteps_since_restore": 0, "iterations_since_restore": 17, "mean_throughput": 1455.7381860891987, "atoms": 1, "setup_time": 10.703421592712402}
{"apply": 0.0183927059173584, "batch_time": 0.03200826463820059, "d2h": 0.0007209062576293945, "data_time": 0.001895222212652416, "fwd": 0.029035401344299317, "get_state_time_mean": NaN, "get_state_time_total": 0.0, "grad": 0.048475003242492674, "mean_accuracy": 0.6477199792861938, "mean_loss": 1.0054477344894408, "neg_mean_accuracy": -0.677899956703186, "set_state_time_mean": NaN, "set_state_time_total": 0.0, "setup_model_time_mean": NaN, "setup_model_time_total": 0.0, "setup_proc_time_mean": NaN, "setup_proc_time_total": 0.0, "train_accuracy": 0.6591399908065796, "train_loss": 0.9954463883972168, "training_time_mean": NaN, "training_time_total": 0.0, "val_accuracy": 0.677899956703186, "val_loss": 0.9216460472106933, "validation_time_mean": NaN, "validation_time_total": 0.0, "samples": 60000, "num_workers": 1, "done": false, "timesteps_total": null, "episodes_total": null, "training_iteration": 18, "neg_mean_loss": -1.0054477344894408, "experiment_id": "63b4a95c6d9846d99fb06c7a2aa0013d", "date": "2019-06-03_04-32-05", "timestamp": 1559561525, "time_this_iter_s": 41.42917323112488, "time_total_s": 746.5121164321899, "pid": 31071, "hostname": "steropes", "node_ip": "169.229.49.254", "config": {"starting_lr": 0.01, "momentum": 0.9, "weight_decay": 0.0005, "steps_per_iteration": null, "pin": false, "model_creator": null, "target_batch_size": 128, "model_string": "resnet50", "min_batch_size": 128, "dataset": "CIFAR", "placement": null, "use_nccl": true, "devices_per_worker": 1, "primary_resource": "extra_gpu", "gpu": false, "verbose": false, "lr_config": {"mode": "log", "steps": 5, "initial_lr": 0.01, "target_lr": 0.01}, "batch_per_device": 128}, "time_since_restore": 746.5121164321899, "timesteps_since_restore": 0, "iterations_since_restore": 18, "mean_throughput": 1454.310364276608, "atoms": 1, "setup_time": 10.703421592712402}
{"apply": 0.01844332218170166, "batch_time": 0.03217532363119004, "d2h": 0.0006580829620361328, "data_time": 0.0019014076808529436, "fwd": 0.028130149841308592, "get_state_time_mean": NaN, "get_state_time_total": 0.0, "grad": 0.04797883033752441, "mean_accuracy": 0.6611799836158753, "mean_loss": 0.9649064016342164, "neg_mean_accuracy": -0.6859999895095825, "set_state_time_mean": NaN, "set_state_time_total": 0.0, "setup_model_time_mean": NaN, "setup_model_time_total": 0.0, "setup_proc_time_mean": NaN, "setup_proc_time_total": 0.0, "train_accuracy": 0.6744799613952637, "train_loss": 0.9604736720657349, "training_time_mean": NaN, "training_time_total": 0.0, "val_accuracy": 0.6859999895095825, "val_loss": 0.8875866901397705, "validation_time_mean": NaN, "validation_time_total": 0.0, "samples": 60000, "num_workers": 1, "done": false, "timesteps_total": null, "episodes_total": null, "training_iteration": 19, "neg_mean_loss": -0.9649064016342164, "experiment_id": "63b4a95c6d9846d99fb06c7a2aa0013d", "date": "2019-06-03_04-32-46", "timestamp": 1559561566, "time_this_iter_s": 41.21820664405823, "time_total_s": 787.7303230762482, "pid": 31071, "hostname": "steropes", "node_ip": "169.229.49.254", "config": {"starting_lr": 0.01, "momentum": 0.9, "weight_decay": 0.0005, "steps_per_iteration": null, "pin": false, "model_creator": null, "target_batch_size": 128, "model_string": "resnet50", "min_batch_size": 128, "dataset": "CIFAR", "placement": null, "use_nccl": true, "devices_per_worker": 1, "primary_resource": "extra_gpu", "gpu": false, "verbose": false, "lr_config": {"mode": "log", "steps": 5, "initial_lr": 0.01, "target_lr": 0.01}, "batch_per_device": 128}, "time_since_restore": 787.7303230762482, "timesteps_since_restore": 0, "iterations_since_restore": 19, "mean_throughput": 1452.5458723757213, "atoms": 1, "setup_time": 10.703421592712402}
{"apply": 0.01834867000579834, "batch_time": 0.03202037871638431, "d2h": 0.0006674528121948242, "data_time": 0.0018614240924415687, "fwd": 0.027950620651245116, "get_state_time_mean": NaN, "get_state_time_total": 0.0, "grad": 0.04892642498016357, "mean_accuracy": 0.6739399790763855, "mean_loss": 0.9281868208312988, "neg_mean_accuracy": -0.6866999864578247, "set_state_time_mean": NaN, "set_state_time_total": 0.0, "setup_model_time_mean": NaN, "setup_model_time_total": 0.0, "setup_proc_time_mean": NaN, "setup_proc_time_total": 0.0, "train_accuracy": 0.6855799555778503, "train_loss": 0.916949552154541, "training_time_mean": NaN, "training_time_total": 0.0, "val_accuracy": 0.6866999864578247, "val_loss": 0.8855407701492309, "validation_time_mean": NaN, "validation_time_total": 0.0, "samples": 60000, "num_workers": 1, "done": false, "timesteps_total": null, "episodes_total": null, "training_iteration": 20, "neg_mean_loss": -0.9281868208312988, "experiment_id": "63b4a95c6d9846d99fb06c7a2aa0013d", "date": "2019-06-03_04-33-27", "timestamp": 1559561607, "time_this_iter_s": 41.1919150352478, "time_total_s": 828.922238111496, "pid": 31071, "hostname": "steropes", "node_ip": "169.229.49.254", "config": {"starting_lr": 0.01, "momentum": 0.9, "weight_decay": 0.0005, "steps_per_iteration": null, "pin": false, "model_creator": null, "target_batch_size": 128, "model_string": "resnet50", "min_batch_size": 128, "dataset": "CIFAR", "placement": null, "use_nccl": true, "devices_per_worker": 1, "primary_resource": "extra_gpu", "gpu": false, "verbose": false, "lr_config": {"mode": "log", "steps": 5, "initial_lr": 0.01, "target_lr": 0.01}, "batch_per_device": 128}, "time_since_restore": 828.922238111496, "timesteps_since_restore": 0, "iterations_since_restore": 20, "mean_throughput": 1451.7898964521353, "atoms": 1, "setup_time": 10.703421592712402}
{"apply": 0.018313002586364747, "batch_time": 0.03185460839090468, "d2h": 0.0006620883941650391, "data_time": 0.001860538102171915, "fwd": 0.02786839008331299, "get_state_time_mean": NaN, "get_state_time_total": 0.0, "grad": 0.04722392559051514, "mean_accuracy": 0.68569997549057, "mean_loss": 0.8945789775466919, "neg_mean_accuracy": -0.7095999717712402, "set_state_time_mean": NaN, "set_state_time_total": 0.0, "setup_model_time_mean": NaN, "setup_model_time_total": 0.0, "setup_proc_time_mean": NaN, "setup_proc_time_total": 0.0, "train_accuracy": 0.6976999640464783, "train_loss": 0.8820999296569825, "training_time_mean": NaN, "training_time_total": 0.0, "val_accuracy": 0.7095999717712402, "val_loss": 0.8361244022369385, "validation_time_mean": NaN, "validation_time_total": 0.0, "samples": 60000, "num_workers": 1, "done": false, "timesteps_total": null, "episodes_total": null, "training_iteration": 21, "neg_mean_loss": -0.8945789775466919, "experiment_id": "63b4a95c6d9846d99fb06c7a2aa0013d", "date": "2019-06-03_04-34-08", "timestamp": 1559561648, "time_this_iter_s": 41.04347610473633, "time_total_s": 869.9657142162323, "pid": 31071, "hostname": "steropes", "node_ip": "169.229.49.254", "config": {"starting_lr": 0.01, "momentum": 0.9, "weight_decay": 0.0005, "steps_per_iteration": null, "pin": false, "model_creator": null, "target_batch_size": 128, "model_string": "resnet50", "min_batch_size": 128, "dataset": "CIFAR", "placement": null, "use_nccl": true, "devices_per_worker": 1, "primary_resource": "extra_gpu", "gpu": false, "verbose": false, "lr_config": {"mode": "log", "steps": 5, "initial_lr": 0.01, "target_lr": 0.01}, "batch_per_device": 128}, "time_since_restore": 869.9657142162323, "timesteps_since_restore": 0, "iterations_since_restore": 21, "mean_throughput": 1453.7846518170536, "atoms": 1, "setup_time": 10.703421592712402}
{"apply": 0.018253111839294435, "batch_time": 0.0320193073417567, "d2h": 0.0006328582763671875, "data_time": 0.001835084632229622, "fwd": 0.027823042869567872, "get_state_time_mean": NaN, "get_state_time_total": 0.0, "grad": 0.04771294593811035, "mean_accuracy": 0.693239974975586, "mean_loss": 0.8739276887512206, "neg_mean_accuracy": -0.7059999704360962, "set_state_time_mean": NaN, "set_state_time_total": 0.0, "setup_model_time_mean": NaN, "setup_model_time_total": 0.0, "setup_proc_time_mean": NaN, "setup_proc_time_total": 0.0, "train_accuracy": 0.705839991569519, "train_loss": 0.8577526207160949, "training_time_mean": NaN, "training_time_total": 0.0, "val_accuracy": 0.7059999704360962, "val_loss": 0.8387405340194702, "validation_time_mean": NaN, "validation_time_total": 0.0, "samples": 60000, "num_workers": 1, "done": false, "timesteps_total": null, "episodes_total": null, "training_iteration": 22, "neg_mean_loss": -0.8739276887512206, "experiment_id": "63b4a95c6d9846d99fb06c7a2aa0013d", "date": "2019-06-03_04-34-49", "timestamp": 1559561689, "time_this_iter_s": 40.73918342590332, "time_total_s": 910.7048976421356, "pid": 31071, "hostname": "steropes", "node_ip": "169.229.49.254", "config": {"starting_lr": 0.01, "momentum": 0.9, "weight_decay": 0.0005, "steps_per_iteration": null, "pin": false, "model_creator": null, "target_batch_size": 128, "model_string": "resnet50", "min_batch_size": 128, "dataset": "CIFAR", "placement": null, "use_nccl": true, "devices_per_worker": 1, "primary_resource": "extra_gpu", "gpu": false, "verbose": false, "lr_config": {"mode": "log", "steps": 5, "initial_lr": 0.01, "target_lr": 0.01}, "batch_per_device": 128}, "time_since_restore": 910.7048976421356, "timesteps_since_restore": 0, "iterations_since_restore": 22, "mean_throughput": 1458.9849402412262, "atoms": 1, "setup_time": 10.703421592712402}
{"apply": 0.018668532371520996, "batch_time": 0.032275589206550694, "d2h": 0.0006829023361206055, "data_time": 0.0018221075882387282, "fwd": 0.028382587432861327, "get_state_time_mean": NaN, "get_state_time_total": 0.0, "grad": 0.0478935956954956, "mean_accuracy": 0.7024599790573121, "mean_loss": 0.8503214083099365, "neg_mean_accuracy": -0.7239999771118164, "set_state_time_mean": NaN, "set_state_time_total": 0.0, "setup_model_time_mean": NaN, "setup_model_time_total": 0.0, "setup_proc_time_mean": NaN, "setup_proc_time_total": 0.0, "train_accuracy": 0.7153199911117554, "train_loss": 0.8182618188285827, "training_time_mean": NaN, "training_time_total": 0.0, "val_accuracy": 0.7239999771118164, "val_loss": 0.8036146450042725, "validation_time_mean": NaN, "validation_time_total": 0.0, "samples": 60000, "num_workers": 1, "done": false, "timesteps_total": null, "episodes_total": null, "training_iteration": 23, "neg_mean_loss": -0.8503214083099365, "experiment_id": "63b4a95c6d9846d99fb06c7a2aa0013d", "date": "2019-06-03_04-35-30", "timestamp": 1559561730, "time_this_iter_s": 40.95370292663574, "time_total_s": 951.6586005687714, "pid": 31071, "hostname": "steropes", "node_ip": "169.229.49.254", "config": {"starting_lr": 0.01, "momentum": 0.9, "weight_decay": 0.0005, "steps_per_iteration": null, "pin": false, "model_creator": null, "target_batch_size": 128, "model_string": "resnet50", "min_batch_size": 128, "dataset": "CIFAR", "placement": null, "use_nccl": true, "devices_per_worker": 1, "primary_resource": "extra_gpu", "gpu": false, "verbose": false, "lr_config": {"mode": "log", "steps": 5, "initial_lr": 0.01, "target_lr": 0.01}, "batch_per_device": 128}, "time_since_restore": 951.6586005687714, "timesteps_since_restore": 0, "iterations_since_restore": 23, "mean_throughput": 1462.3668140661682, "atoms": 1, "setup_time": 10.703421592712402}
{"apply": 0.018228554725646974, "batch_time": 0.03184347816660434, "d2h": 0.0006716966629028321, "data_time": 0.0018448652818684687, "fwd": 0.027628254890441895, "get_state_time_mean": NaN, "get_state_time_total": 0.0, "grad": 0.04767937660217285, "mean_accuracy": 0.7100199818611145, "mean_loss": 0.833061886291504, "neg_mean_accuracy": -0.723800003528595, "set_state_time_mean": NaN, "set_state_time_total": 0.0, "setup_model_time_mean": NaN, "setup_model_time_total": 0.0, "setup_proc_time_mean": NaN, "setup_proc_time_total": 0.0, "train_accuracy": 0.7032600045204163, "train_loss": 0.8509837084770203, "training_time_mean": NaN, "training_time_total": 0.0, "val_accuracy": 0.723800003528595, "val_loss": 0.8012890800476075, "validation_time_mean": NaN, "validation_time_total": 0.0, "samples": 60000, "num_workers": 1, "done": false, "timesteps_total": null, "episodes_total": null, "training_iteration": 24, "neg_mean_loss": -0.833061886291504, "experiment_id": "63b4a95c6d9846d99fb06c7a2aa0013d", "date": "2019-06-03_04-36-11", "timestamp": 1559561771, "time_this_iter_s": 40.916661500930786, "time_total_s": 992.5752620697021, "pid": 31071, "hostname": "steropes", "node_ip": "169.229.49.254", "config": {"starting_lr": 0.01, "momentum": 0.9, "weight_decay": 0.0005, "steps_per_iteration": null, "pin": false, "model_creator": null, "target_batch_size": 128, "model_string": "resnet50", "min_batch_size": 128, "dataset": "CIFAR", "placement": null, "use_nccl": true, "devices_per_worker": 1, "primary_resource": "extra_gpu", "gpu": false, "verbose": false, "lr_config": {"mode": "log", "steps": 5, "initial_lr": 0.01, "target_lr": 0.01}, "batch_per_device": 128}, "time_since_restore": 992.5752620697021, "timesteps_since_restore": 0, "iterations_since_restore": 24, "mean_throughput": 1464.5192332536997, "atoms": 1, "setup_time": 10.703421592712402}
