apply,batch_time,d2h,data_time,fwd,get_state_time_mean,get_state_time_total,grad,mean_accuracy,mean_loss,neg_mean_accuracy,set_state_time_mean,set_state_time_total,setup_model_time_mean,setup_model_time_total,setup_proc_time_mean,setup_proc_time_total,train_accuracy,train_loss,training_time_mean,training_time_total,validation_time_mean,validation_time_total,samples,num_workers,done,timesteps_total,episodes_total,training_iteration,neg_mean_loss,experiment_id,date,timestamp,time_this_iter_s,time_total_s,pid,hostname,node_ip,config,time_since_restore,timesteps_since_restore,iterations_since_restore,mean_throughput,atoms
0.007502031326293945,0.17529876232147218,0.005536270141601562,0.03746221016864387,0.07351751327514648,nan,0.0,0.1530160665512085,0.2881999909877777,1.992488565826416,-0.2881999909877777,nan,0.0,8.918633460998535,8.918633460998535,0.2694108486175537,0.2694108486175537,0.1775199919939041,3.7659691665649415,nan,0.0,nan,0.0,60000,1,False,,,1,-1.992488565826416,1fff8a9bf60640d997bdbe1d84b70c2c,2019-05-30_15-22-43,1559254963,11.570672273635864,11.570672273635864,21952,steropes,169.229.49.254,"{'starting_lr': 0.001, 'momentum': 0.9, 'weight_decay': 0.0001, 'steps_per_iteration': None, 'pin': False, 'model_creator': None, 'target_batch_size': 1024, 'model_string': 'resnet18', 'min_batch_size': 512, 'dataset': 'CIFAR', 'placement': None, 'use_nccl': True, 'devices_per_worker': 1, 'primary_resource': 'extra_gpu', 'gpu': False, 'verbose': False, 'lr_config': {'mode': 'log', 'steps': 5, 'initial_lr': 0.001, 'target_lr': 0.001}, 'batch_per_device': 1024}",11.570672273635864,0,1,5185.473246152238,1
0.008731651306152343,0.13430259227752686,0.004716181755065918,0.04224491605953294,0.022986292839050293,nan,0.0,0.04503252506256104,0.3561999797821045,1.7470404693603516,-0.3561999797821045,nan,0.0,nan,0.0,nan,0.0,0.31134000420570374,1.8947102835464478,nan,0.0,nan,0.0,60000,1,False,,,2,-1.7470404693603516,1fff8a9bf60640d997bdbe1d84b70c2c,2019-05-30_15-22-50,1559254970,7.8183674812316895,19.389039754867554,21952,steropes,169.229.49.254,"{'starting_lr': 0.001, 'momentum': 0.9, 'weight_decay': 0.0001, 'steps_per_iteration': None, 'pin': False, 'model_creator': None, 'target_batch_size': 1024, 'model_string': 'resnet18', 'min_batch_size': 512, 'dataset': 'CIFAR', 'placement': None, 'use_nccl': True, 'devices_per_worker': 1, 'primary_resource': 'extra_gpu', 'gpu': False, 'verbose': False, 'lr_config': {'mode': 'log', 'steps': 5, 'initial_lr': 0.001, 'target_lr': 0.001}, 'batch_per_device': 1024}",19.389039754867554,0,2,6189.00415359206,1
0.007612848281860351,0.14870755672454833,0.004719424247741699,0.04608693901373415,0.02362697124481201,nan,0.0,0.04437878131866455,0.38760000467300415,1.652623690223694,-0.38760000467300415,nan,0.0,nan,0.0,nan,0.0,0.3558799922466278,1.7530980706405639,nan,0.0,nan,0.0,60000,1,False,,,3,-1.652623690223694,1fff8a9bf60640d997bdbe1d84b70c2c,2019-05-30_15-22-59,1559254979,8.072367668151855,27.46140742301941,21952,steropes,169.229.49.254,"{'starting_lr': 0.001, 'momentum': 0.9, 'weight_decay': 0.0001, 'steps_per_iteration': None, 'pin': False, 'model_creator': None, 'target_batch_size': 1024, 'model_string': 'resnet18', 'min_batch_size': 512, 'dataset': 'CIFAR', 'placement': None, 'use_nccl': True, 'devices_per_worker': 1, 'primary_resource': 'extra_gpu', 'gpu': False, 'verbose': False, 'lr_config': {'mode': 'log', 'steps': 5, 'initial_lr': 0.001, 'target_lr': 0.001}, 'batch_per_device': 1024}",27.46140742301941,0,3,6554.591495758725,1
0.007450532913208008,0.1259821891784668,0.005079722404479981,0.0440391375094044,0.021846961975097657,nan,0.0,0.04548587799072266,0.4251999855041504,1.5622630653381349,-0.4251999855041504,nan,0.0,nan,0.0,nan,0.0,0.3830599784851074,1.6704122247695923,nan,0.0,nan,0.0,60000,1,False,,,4,-1.5622630653381349,1fff8a9bf60640d997bdbe1d84b70c2c,2019-05-30_15-23-06,1559254986,7.922929763793945,35.384337186813354,21952,steropes,169.229.49.254,"{'starting_lr': 0.001, 'momentum': 0.9, 'weight_decay': 0.0001, 'steps_per_iteration': None, 'pin': False, 'model_creator': None, 'target_batch_size': 1024, 'model_string': 'resnet18', 'min_batch_size': 512, 'dataset': 'CIFAR', 'placement': None, 'use_nccl': True, 'devices_per_worker': 1, 'primary_resource': 'extra_gpu', 'gpu': False, 'verbose': False, 'lr_config': {'mode': 'log', 'steps': 5, 'initial_lr': 0.001, 'target_lr': 0.001}, 'batch_per_device': 1024}",35.384337186813354,0,4,6782.5983145896125,1
0.007742738723754883,0.13403356075286865,0.004772257804870605,0.049377057017112265,0.023647117614746093,nan,0.0,0.04464521408081055,0.44609999656677246,1.5127024890899659,-0.44609999656677246,nan,0.0,nan,0.0,nan,0.0,0.4120599925518036,1.6017183610916137,nan,0.0,nan,0.0,60000,1,False,,,5,-1.5127024890899659,1fff8a9bf60640d997bdbe1d84b70c2c,2019-05-30_15-23-15,1559254995,8.07041597366333,43.454753160476685,21952,steropes,169.229.49.254,"{'starting_lr': 0.001, 'momentum': 0.9, 'weight_decay': 0.0001, 'steps_per_iteration': None, 'pin': False, 'model_creator': None, 'target_batch_size': 1024, 'model_string': 'resnet18', 'min_batch_size': 512, 'dataset': 'CIFAR', 'placement': None, 'use_nccl': True, 'devices_per_worker': 1, 'primary_resource': 'extra_gpu', 'gpu': False, 'verbose': False, 'lr_config': {'mode': 'log', 'steps': 5, 'initial_lr': 0.001, 'target_lr': 0.001}, 'batch_per_device': 1024}",43.454753160476685,0,5,6903.66598914106,1
0.00850222110748291,0.13093087673187256,0.006106328964233398,0.055116361501265546,0.02535419464111328,nan,0.0,0.04597063064575195,0.46309998631477356,1.4635306772232055,-0.46309998631477356,nan,0.0,nan,0.0,nan,0.0,0.4268399775028229,1.5545477173995972,nan,0.0,nan,0.0,60000,1,False,,,6,-1.4635306772232055,1fff8a9bf60640d997bdbe1d84b70c2c,2019-05-30_15-23-23,1559255003,8.18383002281189,51.638583183288574,21952,steropes,169.229.49.254,"{'starting_lr': 0.001, 'momentum': 0.9, 'weight_decay': 0.0001, 'steps_per_iteration': None, 'pin': False, 'model_creator': None, 'target_batch_size': 1024, 'model_string': 'resnet18', 'min_batch_size': 512, 'dataset': 'CIFAR', 'placement': None, 'use_nccl': True, 'devices_per_worker': 1, 'primary_resource': 'extra_gpu', 'gpu': False, 'verbose': False, 'lr_config': {'mode': 'log', 'steps': 5, 'initial_lr': 0.001, 'target_lr': 0.001}, 'batch_per_device': 1024}",51.638583183288574,0,6,7487.216023270832,1
0.008025717735290528,0.12772798538208008,0.00535895824432373,0.04844387696713817,0.027445459365844728,nan,0.0,0.04485929012298584,0.4755999743938446,1.42184693775177,-0.4755999743938446,nan,0.0,nan,0.0,nan,0.0,0.44589999318122864,1.5093548316574097,nan,0.0,nan,0.0,60000,1,False,,,7,-1.42184693775177,1fff8a9bf60640d997bdbe1d84b70c2c,2019-05-30_15-23-31,1559255011,8.044429302215576,59.68301248550415,21952,steropes,169.229.49.254,"{'starting_lr': 0.001, 'momentum': 0.9, 'weight_decay': 0.0001, 'steps_per_iteration': None, 'pin': False, 'model_creator': None, 'target_batch_size': 1024, 'model_string': 'resnet18', 'min_batch_size': 512, 'dataset': 'CIFAR', 'placement': None, 'use_nccl': True, 'devices_per_worker': 1, 'primary_resource': 'extra_gpu', 'gpu': False, 'verbose': False, 'lr_config': {'mode': 'log', 'steps': 5, 'initial_lr': 0.001, 'target_lr': 0.001}, 'batch_per_device': 1024}",59.68301248550415,0,7,7445.209387254035,1
0.00837845802307129,0.1306948184967041,0.006589841842651367,0.053412213617441605,0.021871089935302734,nan,0.0,0.04610767364501953,0.486299991607666,1.4013176231384277,-0.486299991607666,nan,0.0,nan,0.0,nan,0.0,0.4604799747467041,1.4747657320022582,nan,0.0,nan,0.0,60000,1,False,,,8,-1.4013176231384277,1fff8a9bf60640d997bdbe1d84b70c2c,2019-05-30_15-23-39,1559255019,8.300923109054565,67.98393559455872,21952,steropes,169.229.49.254,"{'starting_lr': 0.001, 'momentum': 0.9, 'weight_decay': 0.0001, 'steps_per_iteration': None, 'pin': False, 'model_creator': None, 'target_batch_size': 1024, 'model_string': 'resnet18', 'min_batch_size': 512, 'dataset': 'CIFAR', 'placement': None, 'use_nccl': True, 'devices_per_worker': 1, 'primary_resource': 'extra_gpu', 'gpu': False, 'verbose': False, 'lr_config': {'mode': 'log', 'steps': 5, 'initial_lr': 0.001, 'target_lr': 0.001}, 'batch_per_device': 1024}",67.98393559455872,0,8,7403.214792167868,1
0.007771444320678711,0.12639982700347902,0.00521390438079834,0.04465110934510523,0.02250843048095703,nan,0.0,0.045961618423461914,0.495199978351593,1.372781948852539,-0.495199978351593,nan,0.0,nan,0.0,nan,0.0,0.47314000129699707,1.4445538653945922,nan,0.0,nan,0.0,60000,1,False,,,9,-1.372781948852539,1fff8a9bf60640d997bdbe1d84b70c2c,2019-05-30_15-23-47,1559255027,7.78040337562561,75.76433897018433,21952,steropes,169.229.49.254,"{'starting_lr': 0.001, 'momentum': 0.9, 'weight_decay': 0.0001, 'steps_per_iteration': None, 'pin': False, 'model_creator': None, 'target_batch_size': 1024, 'model_string': 'resnet18', 'min_batch_size': 512, 'dataset': 'CIFAR', 'placement': None, 'use_nccl': True, 'devices_per_worker': 1, 'primary_resource': 'extra_gpu', 'gpu': False, 'verbose': False, 'lr_config': {'mode': 'log', 'steps': 5, 'initial_lr': 0.001, 'target_lr': 0.001}, 'batch_per_device': 1024}",75.76433897018433,0,9,7429.343192935222,1
0.0072699785232543945,0.13026001453399658,0.004820394515991211,0.04340133861619599,0.02661740779876709,nan,0.0,0.04905390739440918,0.510699987411499,1.3478466781616212,-0.510699987411499,nan,0.0,nan,0.0,nan,0.0,0.4835599958896637,1.4170009940338135,nan,0.0,nan,0.0,60000,1,False,,,10,-1.3478466781616212,1fff8a9bf60640d997bdbe1d84b70c2c,2019-05-30_15-23-55,1559255035,7.783505916595459,83.54784488677979,21952,steropes,169.229.49.254,"{'starting_lr': 0.001, 'momentum': 0.9, 'weight_decay': 0.0001, 'steps_per_iteration': None, 'pin': False, 'model_creator': None, 'target_batch_size': 1024, 'model_string': 'resnet18', 'min_batch_size': 512, 'dataset': 'CIFAR', 'placement': None, 'use_nccl': True, 'devices_per_worker': 1, 'primary_resource': 'extra_gpu', 'gpu': False, 'verbose': False, 'lr_config': {'mode': 'log', 'steps': 5, 'initial_lr': 0.001, 'target_lr': 0.001}, 'batch_per_device': 1024}",83.54784488677979,0,10,7482.507605817315,1
0.008752918243408203,0.1254183053970337,0.005209994316101074,0.041153552580852897,0.02414851188659668,nan,0.0,0.04868721961975098,0.5200999975204468,1.3237791225433349,-0.5200999975204468,nan,0.0,nan,0.0,nan,0.0,0.49625998735427856,1.3887591543960571,nan,0.0,nan,0.0,60000,1,False,,,11,-1.3237791225433349,1fff8a9bf60640d997bdbe1d84b70c2c,2019-05-30_15-24-02,1559255042,7.685360670089722,91.2332055568695,21952,steropes,169.229.49.254,"{'starting_lr': 0.001, 'momentum': 0.9, 'weight_decay': 0.0001, 'steps_per_iteration': None, 'pin': False, 'model_creator': None, 'target_batch_size': 1024, 'model_string': 'resnet18', 'min_batch_size': 512, 'dataset': 'CIFAR', 'placement': None, 'use_nccl': True, 'devices_per_worker': 1, 'primary_resource': 'extra_gpu', 'gpu': False, 'verbose': False, 'lr_config': {'mode': 'log', 'steps': 5, 'initial_lr': 0.001, 'target_lr': 0.001}, 'batch_per_device': 1024}",91.2332055568695,0,11,7576.707063368473,1
0.00766599178314209,0.12931437492370607,0.00518643856048584,0.04411940671959702,0.022601509094238283,nan,0.0,0.04788463115692139,0.5306999683380127,1.2986379276275635,-0.5306999683380127,nan,0.0,nan,0.0,nan,0.0,0.502299964427948,1.3664857415390015,nan,0.0,nan,0.0,60000,1,False,,,12,-1.2986379276275635,1fff8a9bf60640d997bdbe1d84b70c2c,2019-05-30_15-24-10,1559255050,7.802825689315796,99.0360312461853,21952,steropes,169.229.49.254,"{'starting_lr': 0.001, 'momentum': 0.9, 'weight_decay': 0.0001, 'steps_per_iteration': None, 'pin': False, 'model_creator': None, 'target_batch_size': 1024, 'model_string': 'resnet18', 'min_batch_size': 512, 'dataset': 'CIFAR', 'placement': None, 'use_nccl': True, 'devices_per_worker': 1, 'primary_resource': 'extra_gpu', 'gpu': False, 'verbose': False, 'lr_config': {'mode': 'log', 'steps': 5, 'initial_lr': 0.001, 'target_lr': 0.001}, 'batch_per_device': 1024}",99.0360312461853,0,12,7623.22451856983,1
0.007503366470336914,0.12668182849884033,0.005036187171936035,0.03920980862208775,0.02203247547149658,nan,0.0,0.04545302391052246,0.5428999662399292,1.2828895975112915,-0.5428999662399292,nan,0.0,nan,0.0,nan,0.0,0.5199199914932251,1.3313337403106689,nan,0.0,nan,0.0,60000,1,True,,,13,-1.2828895975112915,1fff8a9bf60640d997bdbe1d84b70c2c,2019-05-30_15-24-18,1559255058,7.5495054721832275,106.58553671836853,21952,steropes,169.229.49.254,"{'starting_lr': 0.001, 'momentum': 0.9, 'weight_decay': 0.0001, 'steps_per_iteration': None, 'pin': False, 'model_creator': None, 'target_batch_size': 1024, 'model_string': 'resnet18', 'min_batch_size': 512, 'dataset': 'CIFAR', 'placement': None, 'use_nccl': True, 'devices_per_worker': 1, 'primary_resource': 'extra_gpu', 'gpu': False, 'verbose': False, 'lr_config': {'mode': 'log', 'steps': 5, 'initial_lr': 0.001, 'target_lr': 0.001}, 'batch_per_device': 1024}",106.58553671836853,0,13,7771.618147262305,1
