{"apply": 0.007502031326293945, "batch_time": 0.17529876232147218, "d2h": 0.005536270141601562, "data_time": 0.03746221016864387, "fwd": 0.07351751327514648, "get_state_time_mean": NaN, "get_state_time_total": 0.0, "grad": 0.1530160665512085, "mean_accuracy": 0.2881999909877777, "mean_loss": 1.992488565826416, "neg_mean_accuracy": -0.2881999909877777, "set_state_time_mean": NaN, "set_state_time_total": 0.0, "setup_model_time_mean": 8.918633460998535, "setup_model_time_total": 8.918633460998535, "setup_proc_time_mean": 0.2694108486175537, "setup_proc_time_total": 0.2694108486175537, "train_accuracy": 0.1775199919939041, "train_loss": 3.7659691665649415, "training_time_mean": NaN, "training_time_total": 0.0, "validation_time_mean": NaN, "validation_time_total": 0.0, "samples": 60000, "num_workers": 1, "done": false, "timesteps_total": null, "episodes_total": null, "training_iteration": 1, "neg_mean_loss": -1.992488565826416, "experiment_id": "1fff8a9bf60640d997bdbe1d84b70c2c", "date": "2019-05-30_15-22-43", "timestamp": 1559254963, "time_this_iter_s": 11.570672273635864, "time_total_s": 11.570672273635864, "pid": 21952, "hostname": "steropes", "node_ip": "169.229.49.254", "config": {"starting_lr": 0.001, "momentum": 0.9, "weight_decay": 0.0001, "steps_per_iteration": null, "pin": false, "model_creator": null, "target_batch_size": 1024, "model_string": "resnet18", "min_batch_size": 512, "dataset": "CIFAR", "placement": null, "use_nccl": true, "devices_per_worker": 1, "primary_resource": "extra_gpu", "gpu": false, "verbose": false, "lr_config": {"mode": "log", "steps": 5, "initial_lr": 0.001, "target_lr": 0.001}, "batch_per_device": 1024}, "time_since_restore": 11.570672273635864, "timesteps_since_restore": 0, "iterations_since_restore": 1, "mean_throughput": 5185.473246152238, "atoms": 1}
{"apply": 0.008731651306152343, "batch_time": 0.13430259227752686, "d2h": 0.004716181755065918, "data_time": 0.04224491605953294, "fwd": 0.022986292839050293, "get_state_time_mean": NaN, "get_state_time_total": 0.0, "grad": 0.04503252506256104, "mean_accuracy": 0.3561999797821045, "mean_loss": 1.7470404693603516, "neg_mean_accuracy": -0.3561999797821045, "set_state_time_mean": NaN, "set_state_time_total": 0.0, "setup_model_time_mean": NaN, "setup_model_time_total": 0.0, "setup_proc_time_mean": NaN, "setup_proc_time_total": 0.0, "train_accuracy": 0.31134000420570374, "train_loss": 1.8947102835464478, "training_time_mean": NaN, "training_time_total": 0.0, "validation_time_mean": NaN, "validation_time_total": 0.0, "samples": 60000, "num_workers": 1, "done": false, "timesteps_total": null, "episodes_total": null, "training_iteration": 2, "neg_mean_loss": -1.7470404693603516, "experiment_id": "1fff8a9bf60640d997bdbe1d84b70c2c", "date": "2019-05-30_15-22-50", "timestamp": 1559254970, "time_this_iter_s": 7.8183674812316895, "time_total_s": 19.389039754867554, "pid": 21952, "hostname": "steropes", "node_ip": "169.229.49.254", "config": {"starting_lr": 0.001, "momentum": 0.9, "weight_decay": 0.0001, "steps_per_iteration": null, "pin": false, "model_creator": null, "target_batch_size": 1024, "model_string": "resnet18", "min_batch_size": 512, "dataset": "CIFAR", "placement": null, "use_nccl": true, "devices_per_worker": 1, "primary_resource": "extra_gpu", "gpu": false, "verbose": false, "lr_config": {"mode": "log", "steps": 5, "initial_lr": 0.001, "target_lr": 0.001}, "batch_per_device": 1024}, "time_since_restore": 19.389039754867554, "timesteps_since_restore": 0, "iterations_since_restore": 2, "mean_throughput": 6189.00415359206, "atoms": 1}
{"apply": 0.007612848281860351, "batch_time": 0.14870755672454833, "d2h": 0.004719424247741699, "data_time": 0.04608693901373415, "fwd": 0.02362697124481201, "get_state_time_mean": NaN, "get_state_time_total": 0.0, "grad": 0.04437878131866455, "mean_accuracy": 0.38760000467300415, "mean_loss": 1.652623690223694, "neg_mean_accuracy": -0.38760000467300415, "set_state_time_mean": NaN, "set_state_time_total": 0.0, "setup_model_time_mean": NaN, "setup_model_time_total": 0.0, "setup_proc_time_mean": NaN, "setup_proc_time_total": 0.0, "train_accuracy": 0.3558799922466278, "train_loss": 1.7530980706405639, "training_time_mean": NaN, "training_time_total": 0.0, "validation_time_mean": NaN, "validation_time_total": 0.0, "samples": 60000, "num_workers": 1, "done": false, "timesteps_total": null, "episodes_total": null, "training_iteration": 3, "neg_mean_loss": -1.652623690223694, "experiment_id": "1fff8a9bf60640d997bdbe1d84b70c2c", "date": "2019-05-30_15-22-59", "timestamp": 1559254979, "time_this_iter_s": 8.072367668151855, "time_total_s": 27.46140742301941, "pid": 21952, "hostname": "steropes", "node_ip": "169.229.49.254", "config": {"starting_lr": 0.001, "momentum": 0.9, "weight_decay": 0.0001, "steps_per_iteration": null, "pin": false, "model_creator": null, "target_batch_size": 1024, "model_string": "resnet18", "min_batch_size": 512, "dataset": "CIFAR", "placement": null, "use_nccl": true, "devices_per_worker": 1, "primary_resource": "extra_gpu", "gpu": false, "verbose": false, "lr_config": {"mode": "log", "steps": 5, "initial_lr": 0.001, "target_lr": 0.001}, "batch_per_device": 1024}, "time_since_restore": 27.46140742301941, "timesteps_since_restore": 0, "iterations_since_restore": 3, "mean_throughput": 6554.591495758725, "atoms": 1}
{"apply": 0.007450532913208008, "batch_time": 0.1259821891784668, "d2h": 0.005079722404479981, "data_time": 0.0440391375094044, "fwd": 0.021846961975097657, "get_state_time_mean": NaN, "get_state_time_total": 0.0, "grad": 0.04548587799072266, "mean_accuracy": 0.4251999855041504, "mean_loss": 1.5622630653381349, "neg_mean_accuracy": -0.4251999855041504, "set_state_time_mean": NaN, "set_state_time_total": 0.0, "setup_model_time_mean": NaN, "setup_model_time_total": 0.0, "setup_proc_time_mean": NaN, "setup_proc_time_total": 0.0, "train_accuracy": 0.3830599784851074, "train_loss": 1.6704122247695923, "training_time_mean": NaN, "training_time_total": 0.0, "validation_time_mean": NaN, "validation_time_total": 0.0, "samples": 60000, "num_workers": 1, "done": false, "timesteps_total": null, "episodes_total": null, "training_iteration": 4, "neg_mean_loss": -1.5622630653381349, "experiment_id": "1fff8a9bf60640d997bdbe1d84b70c2c", "date": "2019-05-30_15-23-06", "timestamp": 1559254986, "time_this_iter_s": 7.922929763793945, "time_total_s": 35.384337186813354, "pid": 21952, "hostname": "steropes", "node_ip": "169.229.49.254", "config": {"starting_lr": 0.001, "momentum": 0.9, "weight_decay": 0.0001, "steps_per_iteration": null, "pin": false, "model_creator": null, "target_batch_size": 1024, "model_string": "resnet18", "min_batch_size": 512, "dataset": "CIFAR", "placement": null, "use_nccl": true, "devices_per_worker": 1, "primary_resource": "extra_gpu", "gpu": false, "verbose": false, "lr_config": {"mode": "log", "steps": 5, "initial_lr": 0.001, "target_lr": 0.001}, "batch_per_device": 1024}, "time_since_restore": 35.384337186813354, "timesteps_since_restore": 0, "iterations_since_restore": 4, "mean_throughput": 6782.5983145896125, "atoms": 1}
{"apply": 0.007742738723754883, "batch_time": 0.13403356075286865, "d2h": 0.004772257804870605, "data_time": 0.049377057017112265, "fwd": 0.023647117614746093, "get_state_time_mean": NaN, "get_state_time_total": 0.0, "grad": 0.04464521408081055, "mean_accuracy": 0.44609999656677246, "mean_loss": 1.5127024890899659, "neg_mean_accuracy": -0.44609999656677246, "set_state_time_mean": NaN, "set_state_time_total": 0.0, "setup_model_time_mean": NaN, "setup_model_time_total": 0.0, "setup_proc_time_mean": NaN, "setup_proc_time_total": 0.0, "train_accuracy": 0.4120599925518036, "train_loss": 1.6017183610916137, "training_time_mean": NaN, "training_time_total": 0.0, "validation_time_mean": NaN, "validation_time_total": 0.0, "samples": 60000, "num_workers": 1, "done": false, "timesteps_total": null, "episodes_total": null, "training_iteration": 5, "neg_mean_loss": -1.5127024890899659, "experiment_id": "1fff8a9bf60640d997bdbe1d84b70c2c", "date": "2019-05-30_15-23-15", "timestamp": 1559254995, "time_this_iter_s": 8.07041597366333, "time_total_s": 43.454753160476685, "pid": 21952, "hostname": "steropes", "node_ip": "169.229.49.254", "config": {"starting_lr": 0.001, "momentum": 0.9, "weight_decay": 0.0001, "steps_per_iteration": null, "pin": false, "model_creator": null, "target_batch_size": 1024, "model_string": "resnet18", "min_batch_size": 512, "dataset": "CIFAR", "placement": null, "use_nccl": true, "devices_per_worker": 1, "primary_resource": "extra_gpu", "gpu": false, "verbose": false, "lr_config": {"mode": "log", "steps": 5, "initial_lr": 0.001, "target_lr": 0.001}, "batch_per_device": 1024}, "time_since_restore": 43.454753160476685, "timesteps_since_restore": 0, "iterations_since_restore": 5, "mean_throughput": 6903.66598914106, "atoms": 1}
{"apply": 0.00850222110748291, "batch_time": 0.13093087673187256, "d2h": 0.006106328964233398, "data_time": 0.055116361501265546, "fwd": 0.02535419464111328, "get_state_time_mean": NaN, "get_state_time_total": 0.0, "grad": 0.04597063064575195, "mean_accuracy": 0.46309998631477356, "mean_loss": 1.4635306772232055, "neg_mean_accuracy": -0.46309998631477356, "set_state_time_mean": NaN, "set_state_time_total": 0.0, "setup_model_time_mean": NaN, "setup_model_time_total": 0.0, "setup_proc_time_mean": NaN, "setup_proc_time_total": 0.0, "train_accuracy": 0.4268399775028229, "train_loss": 1.5545477173995972, "training_time_mean": NaN, "training_time_total": 0.0, "validation_time_mean": NaN, "validation_time_total": 0.0, "samples": 60000, "num_workers": 1, "done": false, "timesteps_total": null, "episodes_total": null, "training_iteration": 6, "neg_mean_loss": -1.4635306772232055, "experiment_id": "1fff8a9bf60640d997bdbe1d84b70c2c", "date": "2019-05-30_15-23-23", "timestamp": 1559255003, "time_this_iter_s": 8.18383002281189, "time_total_s": 51.638583183288574, "pid": 21952, "hostname": "steropes", "node_ip": "169.229.49.254", "config": {"starting_lr": 0.001, "momentum": 0.9, "weight_decay": 0.0001, "steps_per_iteration": null, "pin": false, "model_creator": null, "target_batch_size": 1024, "model_string": "resnet18", "min_batch_size": 512, "dataset": "CIFAR", "placement": null, "use_nccl": true, "devices_per_worker": 1, "primary_resource": "extra_gpu", "gpu": false, "verbose": false, "lr_config": {"mode": "log", "steps": 5, "initial_lr": 0.001, "target_lr": 0.001}, "batch_per_device": 1024}, "time_since_restore": 51.638583183288574, "timesteps_since_restore": 0, "iterations_since_restore": 6, "mean_throughput": 7487.216023270832, "atoms": 1}
{"apply": 0.008025717735290528, "batch_time": 0.12772798538208008, "d2h": 0.00535895824432373, "data_time": 0.04844387696713817, "fwd": 0.027445459365844728, "get_state_time_mean": NaN, "get_state_time_total": 0.0, "grad": 0.04485929012298584, "mean_accuracy": 0.4755999743938446, "mean_loss": 1.42184693775177, "neg_mean_accuracy": -0.4755999743938446, "set_state_time_mean": NaN, "set_state_time_total": 0.0, "setup_model_time_mean": NaN, "setup_model_time_total": 0.0, "setup_proc_time_mean": NaN, "setup_proc_time_total": 0.0, "train_accuracy": 0.44589999318122864, "train_loss": 1.5093548316574097, "training_time_mean": NaN, "training_time_total": 0.0, "validation_time_mean": NaN, "validation_time_total": 0.0, "samples": 60000, "num_workers": 1, "done": false, "timesteps_total": null, "episodes_total": null, "training_iteration": 7, "neg_mean_loss": -1.42184693775177, "experiment_id": "1fff8a9bf60640d997bdbe1d84b70c2c", "date": "2019-05-30_15-23-31", "timestamp": 1559255011, "time_this_iter_s": 8.044429302215576, "time_total_s": 59.68301248550415, "pid": 21952, "hostname": "steropes", "node_ip": "169.229.49.254", "config": {"starting_lr": 0.001, "momentum": 0.9, "weight_decay": 0.0001, "steps_per_iteration": null, "pin": false, "model_creator": null, "target_batch_size": 1024, "model_string": "resnet18", "min_batch_size": 512, "dataset": "CIFAR", "placement": null, "use_nccl": true, "devices_per_worker": 1, "primary_resource": "extra_gpu", "gpu": false, "verbose": false, "lr_config": {"mode": "log", "steps": 5, "initial_lr": 0.001, "target_lr": 0.001}, "batch_per_device": 1024}, "time_since_restore": 59.68301248550415, "timesteps_since_restore": 0, "iterations_since_restore": 7, "mean_throughput": 7445.209387254035, "atoms": 1}
{"apply": 0.00837845802307129, "batch_time": 0.1306948184967041, "d2h": 0.006589841842651367, "data_time": 0.053412213617441605, "fwd": 0.021871089935302734, "get_state_time_mean": NaN, "get_state_time_total": 0.0, "grad": 0.04610767364501953, "mean_accuracy": 0.486299991607666, "mean_loss": 1.4013176231384277, "neg_mean_accuracy": -0.486299991607666, "set_state_time_mean": NaN, "set_state_time_total": 0.0, "setup_model_time_mean": NaN, "setup_model_time_total": 0.0, "setup_proc_time_mean": NaN, "setup_proc_time_total": 0.0, "train_accuracy": 0.4604799747467041, "train_loss": 1.4747657320022582, "training_time_mean": NaN, "training_time_total": 0.0, "validation_time_mean": NaN, "validation_time_total": 0.0, "samples": 60000, "num_workers": 1, "done": false, "timesteps_total": null, "episodes_total": null, "training_iteration": 8, "neg_mean_loss": -1.4013176231384277, "experiment_id": "1fff8a9bf60640d997bdbe1d84b70c2c", "date": "2019-05-30_15-23-39", "timestamp": 1559255019, "time_this_iter_s": 8.300923109054565, "time_total_s": 67.98393559455872, "pid": 21952, "hostname": "steropes", "node_ip": "169.229.49.254", "config": {"starting_lr": 0.001, "momentum": 0.9, "weight_decay": 0.0001, "steps_per_iteration": null, "pin": false, "model_creator": null, "target_batch_size": 1024, "model_string": "resnet18", "min_batch_size": 512, "dataset": "CIFAR", "placement": null, "use_nccl": true, "devices_per_worker": 1, "primary_resource": "extra_gpu", "gpu": false, "verbose": false, "lr_config": {"mode": "log", "steps": 5, "initial_lr": 0.001, "target_lr": 0.001}, "batch_per_device": 1024}, "time_since_restore": 67.98393559455872, "timesteps_since_restore": 0, "iterations_since_restore": 8, "mean_throughput": 7403.214792167868, "atoms": 1}
{"apply": 0.007771444320678711, "batch_time": 0.12639982700347902, "d2h": 0.00521390438079834, "data_time": 0.04465110934510523, "fwd": 0.02250843048095703, "get_state_time_mean": NaN, "get_state_time_total": 0.0, "grad": 0.045961618423461914, "mean_accuracy": 0.495199978351593, "mean_loss": 1.372781948852539, "neg_mean_accuracy": -0.495199978351593, "set_state_time_mean": NaN, "set_state_time_total": 0.0, "setup_model_time_mean": NaN, "setup_model_time_total": 0.0, "setup_proc_time_mean": NaN, "setup_proc_time_total": 0.0, "train_accuracy": 0.47314000129699707, "train_loss": 1.4445538653945922, "training_time_mean": NaN, "training_time_total": 0.0, "validation_time_mean": NaN, "validation_time_total": 0.0, "samples": 60000, "num_workers": 1, "done": false, "timesteps_total": null, "episodes_total": null, "training_iteration": 9, "neg_mean_loss": -1.372781948852539, "experiment_id": "1fff8a9bf60640d997bdbe1d84b70c2c", "date": "2019-05-30_15-23-47", "timestamp": 1559255027, "time_this_iter_s": 7.78040337562561, "time_total_s": 75.76433897018433, "pid": 21952, "hostname": "steropes", "node_ip": "169.229.49.254", "config": {"starting_lr": 0.001, "momentum": 0.9, "weight_decay": 0.0001, "steps_per_iteration": null, "pin": false, "model_creator": null, "target_batch_size": 1024, "model_string": "resnet18", "min_batch_size": 512, "dataset": "CIFAR", "placement": null, "use_nccl": true, "devices_per_worker": 1, "primary_resource": "extra_gpu", "gpu": false, "verbose": false, "lr_config": {"mode": "log", "steps": 5, "initial_lr": 0.001, "target_lr": 0.001}, "batch_per_device": 1024}, "time_since_restore": 75.76433897018433, "timesteps_since_restore": 0, "iterations_since_restore": 9, "mean_throughput": 7429.343192935222, "atoms": 1}
{"apply": 0.0072699785232543945, "batch_time": 0.13026001453399658, "d2h": 0.004820394515991211, "data_time": 0.04340133861619599, "fwd": 0.02661740779876709, "get_state_time_mean": NaN, "get_state_time_total": 0.0, "grad": 0.04905390739440918, "mean_accuracy": 0.510699987411499, "mean_loss": 1.3478466781616212, "neg_mean_accuracy": -0.510699987411499, "set_state_time_mean": NaN, "set_state_time_total": 0.0, "setup_model_time_mean": NaN, "setup_model_time_total": 0.0, "setup_proc_time_mean": NaN, "setup_proc_time_total": 0.0, "train_accuracy": 0.4835599958896637, "train_loss": 1.4170009940338135, "training_time_mean": NaN, "training_time_total": 0.0, "validation_time_mean": NaN, "validation_time_total": 0.0, "samples": 60000, "num_workers": 1, "done": false, "timesteps_total": null, "episodes_total": null, "training_iteration": 10, "neg_mean_loss": -1.3478466781616212, "experiment_id": "1fff8a9bf60640d997bdbe1d84b70c2c", "date": "2019-05-30_15-23-55", "timestamp": 1559255035, "time_this_iter_s": 7.783505916595459, "time_total_s": 83.54784488677979, "pid": 21952, "hostname": "steropes", "node_ip": "169.229.49.254", "config": {"starting_lr": 0.001, "momentum": 0.9, "weight_decay": 0.0001, "steps_per_iteration": null, "pin": false, "model_creator": null, "target_batch_size": 1024, "model_string": "resnet18", "min_batch_size": 512, "dataset": "CIFAR", "placement": null, "use_nccl": true, "devices_per_worker": 1, "primary_resource": "extra_gpu", "gpu": false, "verbose": false, "lr_config": {"mode": "log", "steps": 5, "initial_lr": 0.001, "target_lr": 0.001}, "batch_per_device": 1024}, "time_since_restore": 83.54784488677979, "timesteps_since_restore": 0, "iterations_since_restore": 10, "mean_throughput": 7482.507605817315, "atoms": 1}
{"apply": 0.008752918243408203, "batch_time": 0.1254183053970337, "d2h": 0.005209994316101074, "data_time": 0.041153552580852897, "fwd": 0.02414851188659668, "get_state_time_mean": NaN, "get_state_time_total": 0.0, "grad": 0.04868721961975098, "mean_accuracy": 0.5200999975204468, "mean_loss": 1.3237791225433349, "neg_mean_accuracy": -0.5200999975204468, "set_state_time_mean": NaN, "set_state_time_total": 0.0, "setup_model_time_mean": NaN, "setup_model_time_total": 0.0, "setup_proc_time_mean": NaN, "setup_proc_time_total": 0.0, "train_accuracy": 0.49625998735427856, "train_loss": 1.3887591543960571, "training_time_mean": NaN, "training_time_total": 0.0, "validation_time_mean": NaN, "validation_time_total": 0.0, "samples": 60000, "num_workers": 1, "done": false, "timesteps_total": null, "episodes_total": null, "training_iteration": 11, "neg_mean_loss": -1.3237791225433349, "experiment_id": "1fff8a9bf60640d997bdbe1d84b70c2c", "date": "2019-05-30_15-24-02", "timestamp": 1559255042, "time_this_iter_s": 7.685360670089722, "time_total_s": 91.2332055568695, "pid": 21952, "hostname": "steropes", "node_ip": "169.229.49.254", "config": {"starting_lr": 0.001, "momentum": 0.9, "weight_decay": 0.0001, "steps_per_iteration": null, "pin": false, "model_creator": null, "target_batch_size": 1024, "model_string": "resnet18", "min_batch_size": 512, "dataset": "CIFAR", "placement": null, "use_nccl": true, "devices_per_worker": 1, "primary_resource": "extra_gpu", "gpu": false, "verbose": false, "lr_config": {"mode": "log", "steps": 5, "initial_lr": 0.001, "target_lr": 0.001}, "batch_per_device": 1024}, "time_since_restore": 91.2332055568695, "timesteps_since_restore": 0, "iterations_since_restore": 11, "mean_throughput": 7576.707063368473, "atoms": 1}
{"apply": 0.00766599178314209, "batch_time": 0.12931437492370607, "d2h": 0.00518643856048584, "data_time": 0.04411940671959702, "fwd": 0.022601509094238283, "get_state_time_mean": NaN, "get_state_time_total": 0.0, "grad": 0.04788463115692139, "mean_accuracy": 0.5306999683380127, "mean_loss": 1.2986379276275635, "neg_mean_accuracy": -0.5306999683380127, "set_state_time_mean": NaN, "set_state_time_total": 0.0, "setup_model_time_mean": NaN, "setup_model_time_total": 0.0, "setup_proc_time_mean": NaN, "setup_proc_time_total": 0.0, "train_accuracy": 0.502299964427948, "train_loss": 1.3664857415390015, "training_time_mean": NaN, "training_time_total": 0.0, "validation_time_mean": NaN, "validation_time_total": 0.0, "samples": 60000, "num_workers": 1, "done": false, "timesteps_total": null, "episodes_total": null, "training_iteration": 12, "neg_mean_loss": -1.2986379276275635, "experiment_id": "1fff8a9bf60640d997bdbe1d84b70c2c", "date": "2019-05-30_15-24-10", "timestamp": 1559255050, "time_this_iter_s": 7.802825689315796, "time_total_s": 99.0360312461853, "pid": 21952, "hostname": "steropes", "node_ip": "169.229.49.254", "config": {"starting_lr": 0.001, "momentum": 0.9, "weight_decay": 0.0001, "steps_per_iteration": null, "pin": false, "model_creator": null, "target_batch_size": 1024, "model_string": "resnet18", "min_batch_size": 512, "dataset": "CIFAR", "placement": null, "use_nccl": true, "devices_per_worker": 1, "primary_resource": "extra_gpu", "gpu": false, "verbose": false, "lr_config": {"mode": "log", "steps": 5, "initial_lr": 0.001, "target_lr": 0.001}, "batch_per_device": 1024}, "time_since_restore": 99.0360312461853, "timesteps_since_restore": 0, "iterations_since_restore": 12, "mean_throughput": 7623.22451856983, "atoms": 1}
{"apply": 0.007503366470336914, "batch_time": 0.12668182849884033, "d2h": 0.005036187171936035, "data_time": 0.03920980862208775, "fwd": 0.02203247547149658, "get_state_time_mean": NaN, "get_state_time_total": 0.0, "grad": 0.04545302391052246, "mean_accuracy": 0.5428999662399292, "mean_loss": 1.2828895975112915, "neg_mean_accuracy": -0.5428999662399292, "set_state_time_mean": NaN, "set_state_time_total": 0.0, "setup_model_time_mean": NaN, "setup_model_time_total": 0.0, "setup_proc_time_mean": NaN, "setup_proc_time_total": 0.0, "train_accuracy": 0.5199199914932251, "train_loss": 1.3313337403106689, "training_time_mean": NaN, "training_time_total": 0.0, "validation_time_mean": NaN, "validation_time_total": 0.0, "samples": 60000, "num_workers": 1, "done": true, "timesteps_total": null, "episodes_total": null, "training_iteration": 13, "neg_mean_loss": -1.2828895975112915, "experiment_id": "1fff8a9bf60640d997bdbe1d84b70c2c", "date": "2019-05-30_15-24-18", "timestamp": 1559255058, "time_this_iter_s": 7.5495054721832275, "time_total_s": 106.58553671836853, "pid": 21952, "hostname": "steropes", "node_ip": "169.229.49.254", "config": {"starting_lr": 0.001, "momentum": 0.9, "weight_decay": 0.0001, "steps_per_iteration": null, "pin": false, "model_creator": null, "target_batch_size": 1024, "model_string": "resnet18", "min_batch_size": 512, "dataset": "CIFAR", "placement": null, "use_nccl": true, "devices_per_worker": 1, "primary_resource": "extra_gpu", "gpu": false, "verbose": false, "lr_config": {"mode": "log", "steps": 5, "initial_lr": 0.001, "target_lr": 0.001}, "batch_per_device": 1024}, "time_since_restore": 106.58553671836853, "timesteps_since_restore": 0, "iterations_since_restore": 13, "mean_throughput": 7771.618147262305, "atoms": 1}
