{"apply": 0.018790626525878908, "batch_time": 0.04305374773242806, "d2h": 0.0008067131042480469, "data_time": 0.0019129597012649106, "fwd": 0.12006537914276123, "get_state_time_mean": NaN, "get_state_time_total": 0.0, "grad": 0.2136106014251709, "mean_accuracy": 0.2223999947309494, "mean_loss": 3.4384261306762696, "neg_mean_accuracy": -0.2223999947309494, "set_state_time_mean": NaN, "set_state_time_total": 0.0, "setup_model_time_mean": 10.965968370437622, "setup_model_time_total": 10.965968370437622, "setup_proc_time_mean": 0.5250766277313232, "setup_proc_time_total": 0.5250766277313232, "train_accuracy": 0.1770399957895279, "train_loss": 3.5908628773498537, "training_time_mean": NaN, "training_time_total": 0.0, "val_accuracy": 0.2223999947309494, "val_loss": 3.4384261306762696, "validation_time_mean": NaN, "validation_time_total": 0.0, "samples": 60000, "num_workers": 1, "done": false, "timesteps_total": null, "episodes_total": null, "training_iteration": 1, "neg_mean_loss": -3.4384261306762696, "experiment_id": "7a5b9b81d63f456f8e99dce1ed2e4ec5", "date": "2019-06-03_04-18-04", "timestamp": 1559560684, "time_this_iter_s": 47.36751866340637, "time_total_s": 47.36751866340637, "pid": 25814, "hostname": "steropes", "node_ip": "169.229.49.254", "config": {"starting_lr": 0.005, "momentum": 0.99, "weight_decay": 0.0005, "steps_per_iteration": null, "pin": false, "model_creator": null, "target_batch_size": 128, "model_string": "resnet50", "min_batch_size": 128, "dataset": "CIFAR", "placement": null, "use_nccl": true, "devices_per_worker": 1, "primary_resource": "extra_gpu", "gpu": false, "verbose": false, "lr_config": {"mode": "log", "steps": 5, "initial_lr": 0.005, "target_lr": 0.005}, "batch_per_device": 128}, "time_since_restore": 47.36751866340637, "timesteps_since_restore": 0, "iterations_since_restore": 1, "mean_throughput": 1266.6877564656718, "atoms": 1, "setup_time": 13.956782102584839}
{"apply": 0.017856240272521973, "batch_time": 0.032885086687305304, "d2h": 0.0007457494735717774, "data_time": 0.001923720245166203, "fwd": 0.02839958667755127, "get_state_time_mean": NaN, "get_state_time_total": 0.0, "grad": 0.04814884662628174, "mean_accuracy": 0.16454999521374702, "mean_loss": 5.448879563140869, "neg_mean_accuracy": -0.10669999569654465, "set_state_time_mean": NaN, "set_state_time_total": 0.0, "setup_model_time_mean": NaN, "setup_model_time_total": 0.0, "setup_proc_time_mean": NaN, "setup_proc_time_total": 0.0, "train_accuracy": 0.16402000188827515, "train_loss": 3.858793299331665, "training_time_mean": NaN, "training_time_total": 0.0, "val_accuracy": 0.10669999569654465, "val_loss": 7.459332995605469, "validation_time_mean": NaN, "validation_time_total": 0.0, "samples": 60000, "num_workers": 1, "done": false, "timesteps_total": null, "episodes_total": null, "training_iteration": 2, "neg_mean_loss": -5.448879563140869, "experiment_id": "7a5b9b81d63f456f8e99dce1ed2e4ec5", "date": "2019-06-03_04-18-45", "timestamp": 1559560725, "time_this_iter_s": 41.309420585632324, "time_total_s": 88.6769392490387, "pid": 25814, "hostname": "steropes", "node_ip": "169.229.49.254", "config": {"starting_lr": 0.005, "momentum": 0.99, "weight_decay": 0.0005, "steps_per_iteration": null, "pin": false, "model_creator": null, "target_batch_size": 128, "model_string": "resnet50", "min_batch_size": 128, "dataset": "CIFAR", "placement": null, "use_nccl": true, "devices_per_worker": 1, "primary_resource": "extra_gpu", "gpu": false, "verbose": false, "lr_config": {"mode": "log", "steps": 5, "initial_lr": 0.005, "target_lr": 0.005}, "batch_per_device": 128}, "time_since_restore": 88.6769392490387, "timesteps_since_restore": 0, "iterations_since_restore": 2, "mean_throughput": 1353.2236591641426, "atoms": 1, "setup_time": 13.956782102584839}
{"apply": 0.017830777168273925, "batch_time": 0.032628822930251496, "d2h": 0.0007906913757324219, "data_time": 0.001909512083243836, "fwd": 0.02843773365020752, "get_state_time_mean": NaN, "get_state_time_total": 0.0, "grad": 0.04858720302581787, "mean_accuracy": 0.1870999957124392, "mean_loss": 4.408205281956991, "neg_mean_accuracy": -0.2321999967098236, "set_state_time_mean": NaN, "set_state_time_total": 0.0, "setup_model_time_mean": NaN, "setup_model_time_total": 0.0, "setup_proc_time_mean": NaN, "setup_proc_time_total": 0.0, "train_accuracy": 0.16764000058174133, "train_loss": 2.4011292582702635, "training_time_mean": NaN, "training_time_total": 0.0, "val_accuracy": 0.2321999967098236, "val_loss": 2.3268567195892333, "validation_time_mean": NaN, "validation_time_total": 0.0, "samples": 60000, "num_workers": 1, "done": true, "timesteps_total": null, "episodes_total": null, "training_iteration": 3, "neg_mean_loss": -4.408205281956991, "experiment_id": "7a5b9b81d63f456f8e99dce1ed2e4ec5", "date": "2019-06-03_04-19-27", "timestamp": 1559560767, "time_this_iter_s": 41.32718229293823, "time_total_s": 130.00412154197693, "pid": 25814, "hostname": "steropes", "node_ip": "169.229.49.254", "config": {"starting_lr": 0.005, "momentum": 0.99, "weight_decay": 0.0005, "steps_per_iteration": null, "pin": false, "model_creator": null, "target_batch_size": 128, "model_string": "resnet50", "min_batch_size": 128, "dataset": "CIFAR", "placement": null, "use_nccl": true, "devices_per_worker": 1, "primary_resource": "extra_gpu", "gpu": false, "verbose": false, "lr_config": {"mode": "log", "steps": 5, "initial_lr": 0.005, "target_lr": 0.005}, "batch_per_device": 128}, "time_since_restore": 130.00412154197693, "timesteps_since_restore": 0, "iterations_since_restore": 3, "mean_throughput": 1384.568539912106, "atoms": 1, "setup_time": 13.956782102584839}
