apply,batch_time,d2h,data_time,fwd,get_state_time_mean,get_state_time_total,grad,mean_accuracy,mean_loss,neg_mean_accuracy,set_state_time_mean,set_state_time_total,setup_model_time_mean,setup_model_time_total,setup_proc_time_mean,setup_proc_time_total,train_accuracy,train_loss,training_time_mean,training_time_total,validation_time_mean,validation_time_total,samples,num_workers,done,timesteps_total,episodes_total,training_iteration,neg_mean_loss,experiment_id,date,timestamp,time_this_iter_s,time_total_s,pid,hostname,node_ip,config,time_since_restore,timesteps_since_restore,iterations_since_restore,mean_throughput,atoms,resource_time
0.008464980125427245,0.18091354370117188,0.004913592338562011,0.03740239143371582,0.08355786800384521,nan,0.0,0.17559537887573243,0.282399982213974,1.9878765167236327,-0.282399982213974,nan,0.0,11.449816942214966,11.449816942214966,1.7951760292053223,1.7951760292053223,0.15109999477863312,3.90414343711853,nan,0.0,nan,0.0,60000,1,False,,,1,-1.9878765167236327,4eb17319644041ec95d66d8fbe363ed2,2019-05-30_14-56-37,1559253397,11.62544846534729,11.62544846534729,27562,steropes,169.229.49.254,"{'starting_lr': 0.0005, 'momentum': 0.99, 'weight_decay': 0.005, 'steps_per_iteration': None, 'pin': False, 'model_creator': None, 'target_batch_size': 1024, 'model_string': 'resnet18', 'min_batch_size': 512, 'dataset': 'CIFAR', 'placement': None, 'use_nccl': True, 'devices_per_worker': 1, 'primary_resource': 'extra_gpu', 'gpu': False, 'verbose': False, 'lr_config': {'mode': 'log', 'steps': 5, 'initial_lr': 0.0005, 'target_lr': 0.0005}, 'batch_per_device': 1024}",11.62544846534729,0,1,5161.047929338062,1,11.62544846534729
0.009084177017211915,0.13169374465942382,0.005012297630310058,0.0440290947349704,0.02583358287811279,nan,0.0,0.04828841686248779,0.36239999532699585,1.7299805393218994,-0.36239999532699585,nan,0.0,nan,0.0,nan,0.0,0.30687999725341797,1.9149471465682983,nan,0.0,nan,0.0,60000,1,False,,,2,-1.7299805393218994,4eb17319644041ec95d66d8fbe363ed2,2019-05-30_14-56-45,1559253405,8.002507448196411,19.6279559135437,27562,steropes,169.229.49.254,"{'starting_lr': 0.0005, 'momentum': 0.99, 'weight_decay': 0.005, 'steps_per_iteration': None, 'pin': False, 'model_creator': None, 'target_batch_size': 1024, 'model_string': 'resnet18', 'min_batch_size': 512, 'dataset': 'CIFAR', 'placement': None, 'use_nccl': True, 'devices_per_worker': 1, 'primary_resource': 'extra_gpu', 'gpu': False, 'verbose': False, 'lr_config': {'mode': 'log', 'steps': 5, 'initial_lr': 0.0005, 'target_lr': 0.0005}, 'batch_per_device': 1024}",19.6279559135437,0,2,6113.670611460494,1,19.6279559135437
0.008658170700073242,0.12775771617889403,0.00511479377746582,0.03979043571316466,0.026630306243896486,nan,0.0,0.05649614334106445,0.4056999981403351,1.5911714990615844,-0.4056999981403351,nan,0.0,nan,0.0,nan,0.0,0.3691200017929077,1.709787296524048,nan,0.0,nan,0.0,60000,1,False,,,3,-1.5911714990615844,4eb17319644041ec95d66d8fbe363ed2,2019-05-30_14-56-53,1559253413,8.351975917816162,27.979931831359863,27562,steropes,169.229.49.254,"{'starting_lr': 0.0005, 'momentum': 0.99, 'weight_decay': 0.005, 'steps_per_iteration': None, 'pin': False, 'model_creator': None, 'target_batch_size': 1024, 'model_string': 'resnet18', 'min_batch_size': 512, 'dataset': 'CIFAR', 'placement': None, 'use_nccl': True, 'devices_per_worker': 1, 'primary_resource': 'extra_gpu', 'gpu': False, 'verbose': False, 'lr_config': {'mode': 'log', 'steps': 5, 'initial_lr': 0.0005, 'target_lr': 0.0005}, 'batch_per_device': 1024}",27.979931831359863,0,3,6433.120716260889,1,27.979931831359863
0.008664870262145996,0.1279921293258667,0.005350708961486816,0.04445870555177027,0.02704036235809326,nan,0.0,0.05943760871887207,0.45649999380111694,1.4675520231246948,-0.45649999380111694,nan,0.0,nan,0.0,nan,0.0,0.40959998965263367,1.5937512134170533,nan,0.0,nan,0.0,60000,1,False,,,4,-1.4675520231246948,4eb17319644041ec95d66d8fbe363ed2,2019-05-30_14-57-02,1559253422,8.491332292556763,36.471264123916626,27562,steropes,169.229.49.254,"{'starting_lr': 0.0005, 'momentum': 0.99, 'weight_decay': 0.005, 'steps_per_iteration': None, 'pin': False, 'model_creator': None, 'target_batch_size': 1024, 'model_string': 'resnet18', 'min_batch_size': 512, 'dataset': 'CIFAR', 'placement': None, 'use_nccl': True, 'devices_per_worker': 1, 'primary_resource': 'extra_gpu', 'gpu': False, 'verbose': False, 'lr_config': {'mode': 'log', 'steps': 5, 'initial_lr': 0.0005, 'target_lr': 0.0005}, 'batch_per_device': 1024}",36.471264123916626,0,4,6580.458810964801,1,36.471264123916626
0.007619595527648926,0.12044241428375244,0.005186748504638672,0.035120973781663546,0.022608375549316405,nan,0.0,0.04619779586791992,0.47829997539520264,1.4148492832183839,-0.47829997539520264,nan,0.0,nan,0.0,nan,0.0,0.44637998938560486,1.5044637405014039,nan,0.0,nan,0.0,60000,1,False,,,5,-1.4148492832183839,4eb17319644041ec95d66d8fbe363ed2,2019-05-30_14-57-09,1559253429,7.812241792678833,44.28350591659546,27562,steropes,169.229.49.254,"{'starting_lr': 0.0005, 'momentum': 0.99, 'weight_decay': 0.005, 'steps_per_iteration': None, 'pin': False, 'model_creator': None, 'target_batch_size': 1024, 'model_string': 'resnet18', 'min_batch_size': 512, 'dataset': 'CIFAR', 'placement': None, 'use_nccl': True, 'devices_per_worker': 1, 'primary_resource': 'extra_gpu', 'gpu': False, 'verbose': False, 'lr_config': {'mode': 'log', 'steps': 5, 'initial_lr': 0.0005, 'target_lr': 0.0005}, 'batch_per_device': 1024}",44.28350591659546,0,5,6774.464295784989,1,44.28350591659546
0.007537031173706054,0.13187704086303711,0.005176568031311035,0.03663802146911621,0.027965903282165527,nan,0.0,0.05578463077545166,0.500499963760376,1.3600147903442383,-0.500499963760376,nan,0.0,nan,0.0,nan,0.0,0.4699399769306183,1.44429008769989,nan,0.0,nan,0.0,60000,1,False,,,6,-1.3600147903442383,4eb17319644041ec95d66d8fbe363ed2,2019-05-30_14-57-18,1559253438,8.213154315948486,52.496660232543945,27562,steropes,169.229.49.254,"{'starting_lr': 0.0005, 'momentum': 0.99, 'weight_decay': 0.005, 'steps_per_iteration': None, 'pin': False, 'model_creator': None, 'target_batch_size': 1024, 'model_string': 'resnet18', 'min_batch_size': 512, 'dataset': 'CIFAR', 'placement': None, 'use_nccl': True, 'devices_per_worker': 1, 'primary_resource': 'extra_gpu', 'gpu': False, 'verbose': False, 'lr_config': {'mode': 'log', 'steps': 5, 'initial_lr': 0.0005, 'target_lr': 0.0005}, 'batch_per_device': 1024}",52.496660232543945,0,6,7340.054325998575,1,52.496660232543945
0.007248401641845703,0.12635221481323242,0.0051369905471801754,0.036573989050728936,0.026833581924438476,nan,0.0,0.05472621917724609,0.5216999650001526,1.3161058347702026,-0.5216999650001526,nan,0.0,nan,0.0,nan,0.0,0.49097999930381775,1.3822278838729858,nan,0.0,nan,0.0,60000,1,False,,,7,-1.3161058347702026,4eb17319644041ec95d66d8fbe363ed2,2019-05-30_14-57-26,1559253446,8.128901720046997,60.62556195259094,27562,steropes,169.229.49.254,"{'starting_lr': 0.0005, 'momentum': 0.99, 'weight_decay': 0.005, 'steps_per_iteration': None, 'pin': False, 'model_creator': None, 'target_batch_size': 1024, 'model_string': 'resnet18', 'min_batch_size': 512, 'dataset': 'CIFAR', 'placement': None, 'use_nccl': True, 'devices_per_worker': 1, 'primary_resource': 'extra_gpu', 'gpu': False, 'verbose': False, 'lr_config': {'mode': 'log', 'steps': 5, 'initial_lr': 0.0005, 'target_lr': 0.0005}, 'batch_per_device': 1024}",60.62556195259094,0,7,7317.4276245635465,1,60.62556195259094
0.008591341972351074,0.13392086029052735,0.006096363067626953,0.043262408704173805,0.028958868980407716,nan,0.0,0.05514159202575684,0.5374000072479248,1.2805803745269775,-0.5374000072479248,nan,0.0,nan,0.0,nan,0.0,0.5115799903869629,1.3342924197006225,nan,0.0,nan,0.0,60000,1,False,,,8,-1.2805803745269775,4eb17319644041ec95d66d8fbe363ed2,2019-05-30_14-57-34,1559253454,8.521747350692749,69.14730930328369,27562,steropes,169.229.49.254,"{'starting_lr': 0.0005, 'momentum': 0.99, 'weight_decay': 0.005, 'steps_per_iteration': None, 'pin': False, 'model_creator': None, 'target_batch_size': 1024, 'model_string': 'resnet18', 'min_batch_size': 512, 'dataset': 'CIFAR', 'placement': None, 'use_nccl': True, 'devices_per_worker': 1, 'primary_resource': 'extra_gpu', 'gpu': False, 'verbose': False, 'lr_config': {'mode': 'log', 'steps': 5, 'initial_lr': 0.0005, 'target_lr': 0.0005}, 'batch_per_device': 1024}",69.14730930328369,0,8,7287.224894043195,1,69.14730930328369
0.007471227645874023,0.12011907100677491,0.0052393913269042965,0.038503194341854174,0.022557401657104494,nan,0.0,0.04480621814727783,0.5446999669075012,1.2496442476272582,-0.5446999669075012,nan,0.0,nan,0.0,nan,0.0,0.530739963054657,1.287881969833374,nan,0.0,nan,0.0,60000,1,False,,,9,-1.2496442476272582,4eb17319644041ec95d66d8fbe363ed2,2019-05-30_14-57-42,1559253462,7.9579386711120605,77.10524797439575,27562,steropes,169.229.49.254,"{'starting_lr': 0.0005, 'momentum': 0.99, 'weight_decay': 0.005, 'steps_per_iteration': None, 'pin': False, 'model_creator': None, 'target_batch_size': 1024, 'model_string': 'resnet18', 'min_batch_size': 512, 'dataset': 'CIFAR', 'placement': None, 'use_nccl': True, 'devices_per_worker': 1, 'primary_resource': 'extra_gpu', 'gpu': False, 'verbose': False, 'lr_config': {'mode': 'log', 'steps': 5, 'initial_lr': 0.0005, 'target_lr': 0.0005}, 'batch_per_device': 1024}",77.10524797439575,0,9,7382.8836780726415,1,77.10524797439575
0.00742807388305664,0.12147808074951172,0.006170320510864258,0.03894913926416514,0.027515769004821777,nan,0.0,0.05195000171661377,0.5644999742507935,1.2066671138763427,-0.5644999742507935,nan,0.0,nan,0.0,nan,0.0,0.5485399961471558,1.2476274343872071,nan,0.0,nan,0.0,60000,1,False,,,10,-1.2066671138763427,4eb17319644041ec95d66d8fbe363ed2,2019-05-30_14-57-50,1559253470,8.182570695877075,85.28781867027283,27562,steropes,169.229.49.254,"{'starting_lr': 0.0005, 'momentum': 0.99, 'weight_decay': 0.005, 'steps_per_iteration': None, 'pin': False, 'model_creator': None, 'target_batch_size': 1024, 'model_string': 'resnet18', 'min_batch_size': 512, 'dataset': 'CIFAR', 'placement': None, 'use_nccl': True, 'devices_per_worker': 1, 'primary_resource': 'extra_gpu', 'gpu': False, 'verbose': False, 'lr_config': {'mode': 'log', 'steps': 5, 'initial_lr': 0.0005, 'target_lr': 0.0005}, 'batch_per_device': 1024}",85.28781867027283,0,10,7316.20705218915,1,85.28781867027283
0.007212209701538086,0.1251168966293335,0.004964900016784668,0.038040949373829125,0.024794721603393556,nan,0.0,0.04492223262786865,0.5769999623298645,1.1752056148529053,-0.5769999623298645,nan,0.0,nan,0.0,nan,0.0,0.5624799728393555,1.2099652927017213,nan,0.0,nan,0.0,60000,1,False,,,11,-1.1752056148529053,4eb17319644041ec95d66d8fbe363ed2,2019-05-30_14-57-59,1559253479,8.414557695388794,93.70237636566162,27562,steropes,169.229.49.254,"{'starting_lr': 0.0005, 'momentum': 0.99, 'weight_decay': 0.005, 'steps_per_iteration': None, 'pin': False, 'model_creator': None, 'target_batch_size': 1024, 'model_string': 'resnet18', 'min_batch_size': 512, 'dataset': 'CIFAR', 'placement': None, 'use_nccl': True, 'devices_per_worker': 1, 'primary_resource': 'extra_gpu', 'gpu': False, 'verbose': False, 'lr_config': {'mode': 'log', 'steps': 5, 'initial_lr': 0.0005, 'target_lr': 0.0005}, 'batch_per_device': 1024}",93.70237636566162,0,11,7280.447495085591,1,93.70237636566162
0.009136128425598144,0.13455352783203126,0.007661175727844238,0.033550783079497666,0.02638123035430908,nan,0.0,0.04926865100860596,0.5895000100135803,1.1434475917816163,-0.5895000100135803,nan,0.0,nan,0.0,nan,0.0,0.5788800120353699,1.1717337990951537,nan,0.0,nan,0.0,60000,1,True,,,12,-1.1434475917816163,4eb17319644041ec95d66d8fbe363ed2,2019-05-30_14-58-07,1559253487,8.266147375106812,101.96852374076843,27562,steropes,169.229.49.254,"{'starting_lr': 0.0005, 'momentum': 0.99, 'weight_decay': 0.005, 'steps_per_iteration': None, 'pin': False, 'model_creator': None, 'target_batch_size': 1024, 'model_string': 'resnet18', 'min_batch_size': 512, 'dataset': 'CIFAR', 'placement': None, 'use_nccl': True, 'devices_per_worker': 1, 'primary_resource': 'extra_gpu', 'gpu': False, 'verbose': False, 'lr_config': {'mode': 'log', 'steps': 5, 'initial_lr': 0.0005, 'target_lr': 0.0005}, 'batch_per_device': 1024}",101.96852374076843,0,12,7256.278551468744,1,101.96852374076843
