apply,batch_time,d2h,data_time,fwd,get_state_time_mean,get_state_time_total,grad,mean_accuracy,mean_loss,neg_mean_accuracy,set_state_time_mean,set_state_time_total,setup_model_time_mean,setup_model_time_total,setup_proc_time_mean,setup_proc_time_total,train_accuracy,train_loss,training_time_mean,training_time_total,validation_time_mean,validation_time_total,samples,num_workers,done,timesteps_total,episodes_total,training_iteration,neg_mean_loss,experiment_id,date,timestamp,time_this_iter_s,time_total_s,pid,hostname,node_ip,config,time_since_restore,timesteps_since_restore,iterations_since_restore,mean_throughput,atoms
0.0070312261581420895,0.17097945213317872,0.004748892784118652,0.03938243340472786,0.07761139869689941,nan,0.0,0.1653778076171875,0.09699999541044235,263.6262503417969,-0.09699999541044235,nan,0.0,8.62918996810913,8.62918996810913,0.138153076171875,0.138153076171875,0.09724000096321106,8.48577448852539,nan,0.0,nan,0.0,60000,1,False,,,1,-263.6262503417969,4c390b0757c5413faef7ce398378327f,2019-05-30_14-10-07,1559250607,11.555698156356812,11.555698156356812,7701,steropes,169.229.49.254,"{'starting_lr': 1.0, 'momentum': 0.95, 'weight_decay': 0.0001, 'steps_per_iteration': None, 'pin': False, 'model_creator': None, 'target_batch_size': 1024, 'model_string': 'resnet18', 'min_batch_size': 512, 'dataset': 'CIFAR', 'placement': None, 'use_nccl': True, 'devices_per_worker': 1, 'primary_resource': 'extra_gpu', 'gpu': False, 'verbose': False, 'lr_config': {'mode': 'log', 'steps': 5, 'initial_lr': 1.0, 'target_lr': 1.0}, 'batch_per_device': 1024}",11.555698156356812,0,1,5192.190590338001,1
0.007097291946411133,0.11633720397949218,0.0048761129379272464,0.04512375228259028,0.02074577808380127,nan,0.0,0.04177389144897461,0.09999999403953552,2.3230872303009034,-0.09999999403953552,nan,0.0,nan,0.0,nan,0.0,0.10074000060558319,2.4874420278930662,nan,0.0,nan,0.0,60000,1,False,,,2,-2.3230872303009034,4c390b0757c5413faef7ce398378327f,2019-05-30_14-10-15,1559250615,7.275421142578125,18.831119298934937,7701,steropes,169.229.49.254,"{'starting_lr': 1.0, 'momentum': 0.95, 'weight_decay': 0.0001, 'steps_per_iteration': None, 'pin': False, 'model_creator': None, 'target_batch_size': 1024, 'model_string': 'resnet18', 'min_batch_size': 512, 'dataset': 'CIFAR', 'placement': None, 'use_nccl': True, 'devices_per_worker': 1, 'primary_resource': 'extra_gpu', 'gpu': False, 'verbose': False, 'lr_config': {'mode': 'log', 'steps': 5, 'initial_lr': 1.0, 'target_lr': 1.0}, 'batch_per_device': 1024}",18.831119298934937,0,2,6372.363187132669,1
0.007095432281494141,0.11538634300231934,0.004547786712646484,0.06088307925633022,0.02049288749694824,nan,0.0,0.04135375022888184,0.09999999403953552,2.3077354400634764,-0.09999999403953552,nan,0.0,nan,0.0,nan,0.0,0.09888000041246414,2.3129612688446044,nan,0.0,nan,0.0,60000,1,False,,,3,-2.3077354400634764,4c390b0757c5413faef7ce398378327f,2019-05-30_14-10-23,1559250623,7.956217288970947,26.787336587905884,7701,steropes,169.229.49.254,"{'starting_lr': 1.0, 'momentum': 0.95, 'weight_decay': 0.0001, 'steps_per_iteration': None, 'pin': False, 'model_creator': None, 'target_batch_size': 1024, 'model_string': 'resnet18', 'min_batch_size': 512, 'dataset': 'CIFAR', 'placement': None, 'use_nccl': True, 'devices_per_worker': 1, 'primary_resource': 'extra_gpu', 'gpu': False, 'verbose': False, 'lr_config': {'mode': 'log', 'steps': 5, 'initial_lr': 1.0, 'target_lr': 1.0}, 'batch_per_device': 1024}",26.787336587905884,0,3,6719.523167382047,1
0.0069323301315307615,0.11374609470367432,0.004752206802368164,0.060361565375814635,0.02016935348510742,nan,0.0,0.04176106452941895,0.09999999403953552,2.3085470684051512,-0.09999999403953552,nan,0.0,nan,0.0,nan,0.0,0.10080000013113022,2.309007984695435,nan,0.0,nan,0.0,60000,1,False,,,4,-2.3085470684051512,4c390b0757c5413faef7ce398378327f,2019-05-30_14-10-30,1559250630,7.930896043777466,34.71823263168335,7701,steropes,169.229.49.254,"{'starting_lr': 1.0, 'momentum': 0.95, 'weight_decay': 0.0001, 'steps_per_iteration': None, 'pin': False, 'model_creator': None, 'target_batch_size': 1024, 'model_string': 'resnet18', 'min_batch_size': 512, 'dataset': 'CIFAR', 'placement': None, 'use_nccl': True, 'devices_per_worker': 1, 'primary_resource': 'extra_gpu', 'gpu': False, 'verbose': False, 'lr_config': {'mode': 'log', 'steps': 5, 'initial_lr': 1.0, 'target_lr': 1.0}, 'batch_per_device': 1024}",34.71823263168335,0,4,6912.72193516145,1
0.007120299339294434,0.11393194198608399,0.004491829872131347,0.049476297534241966,0.020849728584289552,nan,0.0,0.041376590728759766,0.09999999403953552,2.3100564727783204,-0.09999999403953552,nan,0.0,nan,0.0,nan,0.0,0.09903999418020248,2.312632671966553,nan,0.0,nan,0.0,60000,1,False,,,5,-2.3100564727783204,4c390b0757c5413faef7ce398378327f,2019-05-30_14-10-38,1559250638,7.411400556564331,42.12963318824768,7701,steropes,169.229.49.254,"{'starting_lr': 1.0, 'momentum': 0.95, 'weight_decay': 0.0001, 'steps_per_iteration': None, 'pin': False, 'model_creator': None, 'target_batch_size': 1024, 'model_string': 'resnet18', 'min_batch_size': 512, 'dataset': 'CIFAR', 'placement': None, 'use_nccl': True, 'devices_per_worker': 1, 'primary_resource': 'extra_gpu', 'gpu': False, 'verbose': False, 'lr_config': {'mode': 'log', 'steps': 5, 'initial_lr': 1.0, 'target_lr': 1.0}, 'batch_per_device': 1024}",42.12963318824768,0,5,7120.803686359968,1
0.007549428939819336,0.1181715965270996,0.004180526733398438,0.04826206090498944,0.02074456214904785,nan,0.0,0.04154393672943115,0.09999999403953552,2.3146493976593017,-0.09999999403953552,nan,0.0,nan,0.0,nan,0.0,0.09933999925851822,2.3152713152313233,nan,0.0,nan,0.0,60000,1,False,,,6,-2.3146493976593017,4c390b0757c5413faef7ce398378327f,2019-05-30_14-10-45,1559250645,7.397410869598389,49.52704405784607,7701,steropes,169.229.49.254,"{'starting_lr': 1.0, 'momentum': 0.95, 'weight_decay': 0.0001, 'steps_per_iteration': None, 'pin': False, 'model_creator': None, 'target_batch_size': 1024, 'model_string': 'resnet18', 'min_batch_size': 512, 'dataset': 'CIFAR', 'placement': None, 'use_nccl': True, 'devices_per_worker': 1, 'primary_resource': 'extra_gpu', 'gpu': False, 'verbose': False, 'lr_config': {'mode': 'log', 'steps': 5, 'initial_lr': 1.0, 'target_lr': 1.0}, 'batch_per_device': 1024}",49.52704405784607,0,6,7900.6113099156355,1
0.0073485136032104496,0.11344637870788574,0.0043668031692504885,0.04286343224194585,0.020981740951538087,nan,0.0,0.041490578651428224,0.09999999403953552,2.3154078666687012,-0.09999999403953552,nan,0.0,nan,0.0,nan,0.0,0.10157999396324158,2.3171527384185793,nan,0.0,nan,0.0,60000,1,False,,,7,-2.3154078666687012,4c390b0757c5413faef7ce398378327f,2019-05-30_14-10-52,1559250652,7.144246578216553,56.67129063606262,7701,steropes,169.229.49.254,"{'starting_lr': 1.0, 'momentum': 0.95, 'weight_decay': 0.0001, 'steps_per_iteration': None, 'pin': False, 'model_creator': None, 'target_batch_size': 1024, 'model_string': 'resnet18', 'min_batch_size': 512, 'dataset': 'CIFAR', 'placement': None, 'use_nccl': True, 'devices_per_worker': 1, 'primary_resource': 'extra_gpu', 'gpu': False, 'verbose': False, 'lr_config': {'mode': 'log', 'steps': 5, 'initial_lr': 1.0, 'target_lr': 1.0}, 'batch_per_device': 1024}",56.67129063606262,0,7,7927.999725343891,1
0.006926202774047851,0.11502678394317627,0.004523539543151855,0.04976540195698641,0.02034428119659424,nan,0.0,0.04125878810882568,0.09999999403953552,2.313726685714722,-0.09999999403953552,nan,0.0,nan,0.0,nan,0.0,0.09817999601364136,2.3182405797576906,nan,0.0,nan,0.0,60000,1,False,,,8,-2.313726685714722,4c390b0757c5413faef7ce398378327f,2019-05-30_14-11-00,1559250660,7.467905759811401,64.13919639587402,7701,steropes,169.229.49.254,"{'starting_lr': 1.0, 'momentum': 0.95, 'weight_decay': 0.0001, 'steps_per_iteration': None, 'pin': False, 'model_creator': None, 'target_batch_size': 1024, 'model_string': 'resnet18', 'min_batch_size': 512, 'dataset': 'CIFAR', 'placement': None, 'use_nccl': True, 'devices_per_worker': 1, 'primary_resource': 'extra_gpu', 'gpu': False, 'verbose': False, 'lr_config': {'mode': 'log', 'steps': 5, 'initial_lr': 1.0, 'target_lr': 1.0}, 'batch_per_device': 1024}",64.13919639587402,0,8,8031.646658079815,1
0.006860995292663574,0.11593942642211914,0.004423284530639648,0.05046210970197405,0.021020793914794923,nan,0.0,0.042191362380981444,0.09999999403953552,2.3163570720672606,-0.09999999403953552,nan,0.0,nan,0.0,nan,0.0,0.0995199978351593,2.316751092376709,nan,0.0,nan,0.0,60000,1,False,,,9,-2.3163570720672606,4c390b0757c5413faef7ce398378327f,2019-05-30_14-11-07,1559250667,7.5120439529418945,71.65124034881592,7701,steropes,169.229.49.254,"{'starting_lr': 1.0, 'momentum': 0.95, 'weight_decay': 0.0001, 'steps_per_iteration': None, 'pin': False, 'model_creator': None, 'target_batch_size': 1024, 'model_string': 'resnet18', 'min_batch_size': 512, 'dataset': 'CIFAR', 'placement': None, 'use_nccl': True, 'devices_per_worker': 1, 'primary_resource': 'extra_gpu', 'gpu': False, 'verbose': False, 'lr_config': {'mode': 'log', 'steps': 5, 'initial_lr': 1.0, 'target_lr': 1.0}, 'batch_per_device': 1024}",71.65124034881592,0,9,8122.733548313893,1
0.006930899620056152,0.11625363826751708,0.004331374168395996,0.0457633806734669,0.020537424087524413,nan,0.0,0.04138703346252441,0.09999999403953552,2.3145605976104737,-0.09999999403953552,nan,0.0,nan,0.0,nan,0.0,0.10077999532222748,2.3156462516784666,nan,0.0,nan,0.0,60000,1,False,,,10,-2.3145605976104737,4c390b0757c5413faef7ce398378327f,2019-05-30_14-11-15,1559250675,7.243592977523804,78.89483332633972,7701,steropes,169.229.49.254,"{'starting_lr': 1.0, 'momentum': 0.95, 'weight_decay': 0.0001, 'steps_per_iteration': None, 'pin': False, 'model_creator': None, 'target_batch_size': 1024, 'model_string': 'resnet18', 'min_batch_size': 512, 'dataset': 'CIFAR', 'placement': None, 'use_nccl': True, 'devices_per_worker': 1, 'primary_resource': 'extra_gpu', 'gpu': False, 'verbose': False, 'lr_config': {'mode': 'log', 'steps': 5, 'initial_lr': 1.0, 'target_lr': 1.0}, 'batch_per_device': 1024}",78.89483332633972,0,10,8159.8081226150125,1
0.006982779502868653,0.11972815990447998,0.004512119293212891,0.05214295581895478,0.02082366943359375,nan,0.0,0.04177713394165039,0.09999999403953552,2.317562186050415,-0.09999999403953552,nan,0.0,nan,0.0,nan,0.0,0.09953999519348145,2.315264467163086,nan,0.0,nan,0.0,60000,1,False,,,11,-2.317562186050415,4c390b0757c5413faef7ce398378327f,2019-05-30_14-11-22,1559250682,7.585056781768799,86.47989010810852,7701,steropes,169.229.49.254,"{'starting_lr': 1.0, 'momentum': 0.95, 'weight_decay': 0.0001, 'steps_per_iteration': None, 'pin': False, 'model_creator': None, 'target_batch_size': 1024, 'model_string': 'resnet18', 'min_batch_size': 512, 'dataset': 'CIFAR', 'placement': None, 'use_nccl': True, 'devices_per_worker': 1, 'primary_resource': 'extra_gpu', 'gpu': False, 'verbose': False, 'lr_config': {'mode': 'log', 'steps': 5, 'initial_lr': 1.0, 'target_lr': 1.0}, 'batch_per_device': 1024}",86.47989010810852,0,11,8118.372649691938,1
0.006855130195617676,0.11322607994079589,0.004802799224853516,0.04937061484979124,0.020421767234802247,nan,0.0,0.04167275428771973,0.09999999403953552,2.316290446472168,-0.09999999403953552,nan,0.0,nan,0.0,nan,0.0,0.09995999932289124,2.3148855700683595,nan,0.0,nan,0.0,60000,1,False,,,12,-2.316290446472168,4c390b0757c5413faef7ce398378327f,2019-05-30_14-11-30,1559250690,7.3920159339904785,93.871906042099,7701,steropes,169.229.49.254,"{'starting_lr': 1.0, 'momentum': 0.95, 'weight_decay': 0.0001, 'steps_per_iteration': None, 'pin': False, 'model_creator': None, 'target_batch_size': 1024, 'model_string': 'resnet18', 'min_batch_size': 512, 'dataset': 'CIFAR', 'placement': None, 'use_nccl': True, 'devices_per_worker': 1, 'primary_resource': 'extra_gpu', 'gpu': False, 'verbose': False, 'lr_config': {'mode': 'log', 'steps': 5, 'initial_lr': 1.0, 'target_lr': 1.0}, 'batch_per_device': 1024}",93.871906042099,0,12,8064.301729609667,1
0.007126450538635254,0.11468303203582764,0.004632806777954102,0.043990903971146564,0.021100807189941406,nan,0.0,0.041457629203796385,0.09999999403953552,2.3141845413208006,-0.09999999403953552,nan,0.0,nan,0.0,nan,0.0,0.09873999655246735,2.316940618438721,nan,0.0,nan,0.0,60000,1,True,,,13,-2.3141845413208006,4c390b0757c5413faef7ce398378327f,2019-05-30_14-11-37,1559250697,7.173957824707031,101.04586386680603,7701,steropes,169.229.49.254,"{'starting_lr': 1.0, 'momentum': 0.95, 'weight_decay': 0.0001, 'steps_per_iteration': None, 'pin': False, 'model_creator': None, 'target_batch_size': 1024, 'model_string': 'resnet18', 'min_batch_size': 512, 'dataset': 'CIFAR', 'placement': None, 'use_nccl': True, 'devices_per_worker': 1, 'primary_resource': 'extra_gpu', 'gpu': False, 'verbose': False, 'lr_config': {'mode': 'log', 'steps': 5, 'initial_lr': 1.0, 'target_lr': 1.0}, 'batch_per_device': 1024}",101.04586386680603,0,13,8128.527262381567,1
