{"apply": 0.018250060081481934, "batch_time": 0.04653527465047715, "d2h": 0.0007306814193725586, "data_time": 0.0019728832537560816, "fwd": 0.1335209846496582, "get_state_time_mean": NaN, "get_state_time_total": 0.0, "grad": 0.16562020778656006, "mean_accuracy": 0.2854999899864197, "mean_loss": 2.249936819076538, "neg_mean_accuracy": -0.2854999899864197, "set_state_time_mean": NaN, "set_state_time_total": 0.0, "setup_model_time_mean": 12.145556926727295, "setup_model_time_total": 12.145556926727295, "setup_proc_time_mean": 0.13823843002319336, "setup_proc_time_total": 0.13823843002319336, "train_accuracy": 0.1939999908208847, "train_loss": 2.4525732537841796, "training_time_mean": NaN, "training_time_total": 0.0, "val_accuracy": 0.2854999899864197, "val_loss": 2.249936819076538, "validation_time_mean": NaN, "validation_time_total": 0.0, "samples": 60000, "num_workers": 1, "done": false, "timesteps_total": null, "episodes_total": null, "training_iteration": 1, "neg_mean_loss": -2.249936819076538, "experiment_id": "d0bd0c2bb8694c3683a8c95a0ac8b6a0", "date": "2019-06-03_22-47-44", "timestamp": 1559627264, "time_this_iter_s": 47.32605218887329, "time_total_s": 47.32605218887329, "pid": 13577, "hostname": "steropes", "node_ip": "169.229.49.254", "config": {"starting_lr": 0.0005, "momentum": 0.99, "weight_decay": 0.001, "steps_per_iteration": null, "pin": false, "model_creator": null, "target_batch_size": 128, "model_string": "resnet50", "min_batch_size": 128, "dataset": "CIFAR", "placement": null, "use_nccl": true, "devices_per_worker": 1, "primary_resource": "extra_gpu", "gpu": false, "verbose": false, "lr_config": {"mode": "log", "steps": 5, "initial_lr": 0.0005, "target_lr": 0.0005}, "batch_per_device": 128}, "time_since_restore": 47.32605218887329, "timesteps_since_restore": 0, "iterations_since_restore": 1, "mean_throughput": 1267.7977752789402, "atoms": 1, "setup_time": 12.404953479766846}
{"apply": 0.0180161714553833, "batch_time": 0.03198825860325294, "d2h": 0.0007005453109741211, "data_time": 0.001906530936355786, "fwd": 0.028084993362426758, "get_state_time_mean": NaN, "get_state_time_total": 0.0, "grad": 0.04895308017730713, "mean_accuracy": 0.32279999554157257, "mean_loss": 2.21431629781723, "neg_mean_accuracy": -0.36010000109672546, "set_state_time_mean": NaN, "set_state_time_total": 0.0, "setup_model_time_mean": NaN, "setup_model_time_total": 0.0, "setup_proc_time_mean": NaN, "setup_proc_time_total": 0.0, "train_accuracy": 0.30616000294685364, "train_loss": 2.0765883169555663, "training_time_mean": NaN, "training_time_total": 0.0, "val_accuracy": 0.36010000109672546, "val_loss": 2.1786957765579222, "validation_time_mean": NaN, "validation_time_total": 0.0, "samples": 60000, "num_workers": 1, "done": false, "timesteps_total": null, "episodes_total": null, "training_iteration": 2, "neg_mean_loss": -2.21431629781723, "experiment_id": "d0bd0c2bb8694c3683a8c95a0ac8b6a0", "date": "2019-06-03_22-48-26", "timestamp": 1559627306, "time_this_iter_s": 41.43529176712036, "time_total_s": 88.76134395599365, "pid": 13577, "hostname": "steropes", "node_ip": "169.229.49.254", "config": {"starting_lr": 0.0005, "momentum": 0.99, "weight_decay": 0.001, "steps_per_iteration": null, "pin": false, "model_creator": null, "target_batch_size": 128, "model_string": "resnet50", "min_batch_size": 128, "dataset": "CIFAR", "placement": null, "use_nccl": true, "devices_per_worker": 1, "primary_resource": "extra_gpu", "gpu": false, "verbose": false, "lr_config": {"mode": "log", "steps": 5, "initial_lr": 0.0005, "target_lr": 0.0005}, "batch_per_device": 128}, "time_since_restore": 88.76134395599365, "timesteps_since_restore": 0, "iterations_since_restore": 2, "mean_throughput": 1351.9369634111786, "atoms": 1, "setup_time": 12.404953479766846}
{"apply": 0.017608022689819335, "batch_time": 0.03233038322835029, "d2h": 0.0007086992263793945, "data_time": 0.0019049034704027882, "fwd": 0.02829451560974121, "get_state_time_mean": NaN, "get_state_time_total": 0.0, "grad": 0.04809458255767822, "mean_accuracy": 0.33986665805180866, "mean_loss": 2.5542275103886922, "neg_mean_accuracy": -0.3739999830722809, "set_state_time_mean": NaN, "set_state_time_total": 0.0, "setup_model_time_mean": NaN, "setup_model_time_total": 0.0, "setup_proc_time_mean": NaN, "setup_proc_time_total": 0.0, "train_accuracy": 0.35062000155448914, "train_loss": 2.040684599151611, "training_time_mean": NaN, "training_time_total": 0.0, "val_accuracy": 0.3739999830722809, "val_loss": 3.2340499355316163, "validation_time_mean": NaN, "validation_time_total": 0.0, "samples": 60000, "num_workers": 1, "done": false, "timesteps_total": null, "episodes_total": null, "training_iteration": 3, "neg_mean_loss": -2.5542275103886922, "experiment_id": "d0bd0c2bb8694c3683a8c95a0ac8b6a0", "date": "2019-06-03_22-49-07", "timestamp": 1559627347, "time_this_iter_s": 41.10140132904053, "time_total_s": 129.86274528503418, "pid": 13577, "hostname": "steropes", "node_ip": "169.229.49.254", "config": {"starting_lr": 0.0005, "momentum": 0.99, "weight_decay": 0.001, "steps_per_iteration": null, "pin": false, "model_creator": null, "target_batch_size": 128, "model_string": "resnet50", "min_batch_size": 128, "dataset": "CIFAR", "placement": null, "use_nccl": true, "devices_per_worker": 1, "primary_resource": "extra_gpu", "gpu": false, "verbose": false, "lr_config": {"mode": "log", "steps": 5, "initial_lr": 0.0005, "target_lr": 0.0005}, "batch_per_device": 128}, "time_since_restore": 129.86274528503418, "timesteps_since_restore": 0, "iterations_since_restore": 3, "mean_throughput": 1386.0759234317625, "atoms": 1, "setup_time": 12.404953479766846}
{"apply": 0.018226766586303712, "batch_time": 0.03272957439664044, "d2h": 0.0006752729415893555, "data_time": 0.0018693656872605423, "fwd": 0.02897636890411377, "get_state_time_mean": NaN, "get_state_time_total": 0.0, "grad": 0.04950377941131592, "mean_accuracy": 0.357699990272522, "mean_loss": 2.4428394176006316, "neg_mean_accuracy": -0.41119998693466187, "set_state_time_mean": NaN, "set_state_time_total": 0.0, "setup_model_time_mean": NaN, "setup_model_time_total": 0.0, "setup_proc_time_mean": NaN, "setup_proc_time_total": 0.0, "train_accuracy": 0.37623998522758484, "train_loss": 1.9190622303771974, "training_time_mean": NaN, "training_time_total": 0.0, "val_accuracy": 0.41119998693466187, "val_loss": 2.1086751392364502, "validation_time_mean": NaN, "validation_time_total": 0.0, "samples": 60000, "num_workers": 1, "done": false, "timesteps_total": null, "episodes_total": null, "training_iteration": 4, "neg_mean_loss": -2.4428394176006316, "experiment_id": "d0bd0c2bb8694c3683a8c95a0ac8b6a0", "date": "2019-06-03_22-49-48", "timestamp": 1559627388, "time_this_iter_s": 40.86211919784546, "time_total_s": 170.72486448287964, "pid": 13577, "hostname": "steropes", "node_ip": "169.229.49.254", "config": {"starting_lr": 0.0005, "momentum": 0.99, "weight_decay": 0.001, "steps_per_iteration": null, "pin": false, "model_creator": null, "target_batch_size": 128, "model_string": "resnet50", "min_batch_size": 128, "dataset": "CIFAR", "placement": null, "use_nccl": true, "devices_per_worker": 1, "primary_resource": "extra_gpu", "gpu": false, "verbose": false, "lr_config": {"mode": "log", "steps": 5, "initial_lr": 0.0005, "target_lr": 0.0005}, "batch_per_device": 128}, "time_since_restore": 170.72486448287964, "timesteps_since_restore": 0, "iterations_since_restore": 4, "mean_throughput": 1405.767722753563, "atoms": 1, "setup_time": 12.404953479766846}
{"apply": 0.020064997673034667, "batch_time": 0.03262407870232305, "d2h": 0.0006636142730712891, "data_time": 0.0017898576643765735, "fwd": 0.0303236722946167, "get_state_time_mean": NaN, "get_state_time_total": 0.0, "grad": 0.05119040012359619, "mean_accuracy": 0.37523999214172366, "mean_loss": 2.274350164260864, "neg_mean_accuracy": -0.4453999996185303, "set_state_time_mean": NaN, "set_state_time_total": 0.0, "setup_model_time_mean": NaN, "setup_model_time_total": 0.0, "setup_proc_time_mean": NaN, "setup_proc_time_total": 0.0, "train_accuracy": 0.41944000124931335, "train_loss": 1.7112911962890625, "training_time_mean": NaN, "training_time_total": 0.0, "val_accuracy": 0.4453999996185303, "val_loss": 1.6003931509017943, "validation_time_mean": NaN, "validation_time_total": 0.0, "samples": 60000, "num_workers": 1, "done": false, "timesteps_total": null, "episodes_total": null, "training_iteration": 5, "neg_mean_loss": -2.274350164260864, "experiment_id": "d0bd0c2bb8694c3683a8c95a0ac8b6a0", "date": "2019-06-03_22-50-30", "timestamp": 1559627430, "time_this_iter_s": 42.163636922836304, "time_total_s": 212.88850140571594, "pid": 13577, "hostname": "steropes", "node_ip": "169.229.49.254", "config": {"starting_lr": 0.0005, "momentum": 0.99, "weight_decay": 0.001, "steps_per_iteration": null, "pin": false, "model_creator": null, "target_batch_size": 128, "model_string": "resnet50", "min_batch_size": 128, "dataset": "CIFAR", "placement": null, "use_nccl": true, "devices_per_worker": 1, "primary_resource": "extra_gpu", "gpu": false, "verbose": false, "lr_config": {"mode": "log", "steps": 5, "initial_lr": 0.0005, "target_lr": 0.0005}, "batch_per_device": 128}, "time_since_restore": 212.88850140571594, "timesteps_since_restore": 0, "iterations_since_restore": 5, "mean_throughput": 1409.185499520685, "atoms": 1, "setup_time": 12.404953479766846}
{"apply": 0.018859314918518066, "batch_time": 0.03288730488547796, "d2h": 0.0006618261337280274, "data_time": 0.0017735531263034362, "fwd": 0.029604601860046386, "get_state_time_mean": NaN, "get_state_time_total": 0.0, "grad": 0.05134251117706299, "mean_accuracy": 0.41213999390602113, "mean_loss": 2.1884091689682004, "neg_mean_accuracy": -0.4699999988079071, "set_state_time_mean": NaN, "set_state_time_total": 0.0, "setup_model_time_mean": NaN, "setup_model_time_total": 0.0, "setup_proc_time_mean": NaN, "setup_proc_time_total": 0.0, "train_accuracy": 0.4418199956417084, "train_loss": 1.6312949716186524, "training_time_mean": NaN, "training_time_total": 0.0, "val_accuracy": 0.4699999988079071, "val_loss": 1.8202318426132202, "validation_time_mean": NaN, "validation_time_total": 0.0, "samples": 60000, "num_workers": 1, "done": false, "timesteps_total": null, "episodes_total": null, "training_iteration": 6, "neg_mean_loss": -2.1884091689682004, "experiment_id": "d0bd0c2bb8694c3683a8c95a0ac8b6a0", "date": "2019-06-03_22-51-12", "timestamp": 1559627472, "time_this_iter_s": 42.111483573913574, "time_total_s": 254.99998497962952, "pid": 13577, "hostname": "steropes", "node_ip": "169.229.49.254", "config": {"starting_lr": 0.0005, "momentum": 0.99, "weight_decay": 0.001, "steps_per_iteration": null, "pin": false, "model_creator": null, "target_batch_size": 128, "model_string": "resnet50", "min_batch_size": 128, "dataset": "CIFAR", "placement": null, "use_nccl": true, "devices_per_worker": 1, "primary_resource": "extra_gpu", "gpu": false, "verbose": false, "lr_config": {"mode": "log", "steps": 5, "initial_lr": 0.0005, "target_lr": 0.0005}, "batch_per_device": 128}, "time_since_restore": 254.99998497962952, "timesteps_since_restore": 0, "iterations_since_restore": 6, "mean_throughput": 1444.569425632826, "atoms": 1, "setup_time": 12.404953479766846}
{"apply": 0.01962885856628418, "batch_time": 0.05917529165744781, "d2h": 0.0007404208183288575, "data_time": 0.002892473522497683, "fwd": 0.11645835638046265, "get_state_time_mean": NaN, "get_state_time_total": 0.0, "grad": 0.2098987102508545, "mean_accuracy": 0.43673999309539796, "mean_loss": 2.2640725584983827, "neg_mean_accuracy": -0.4830999970436096, "set_state_time_mean": 3.3225632905960083, "set_state_time_total": 3.3225632905960083, "setup_model_time_mean": 12.32342541217804, "setup_model_time_total": 12.32342541217804, "setup_proc_time_mean": 0.3940560817718506, "setup_proc_time_total": 0.3940560817718506, "train_accuracy": 0.46789997816085815, "train_loss": 1.5383047530746459, "training_time_mean": NaN, "training_time_total": 0.0, "val_accuracy": 0.4830999970436096, "val_loss": 2.557012724208832, "validation_time_mean": NaN, "validation_time_total": 0.0, "samples": 60000, "num_workers": 2, "done": false, "timesteps_total": null, "episodes_total": null, "training_iteration": 7, "neg_mean_loss": -2.2640725584983827, "experiment_id": "d0bd0c2bb8694c3683a8c95a0ac8b6a0", "date": "2019-06-03_22-52-15", "timestamp": 1559627535, "time_this_iter_s": 35.75165033340454, "time_total_s": 290.75163531303406, "pid": 26250, "hostname": "steropes", "node_ip": "169.229.49.254", "config": {"starting_lr": 0.0005, "momentum": 0.99, "weight_decay": 0.001, "steps_per_iteration": null, "pin": false, "model_creator": null, "target_batch_size": 128, "model_string": "resnet50", "min_batch_size": 128, "dataset": "CIFAR", "placement": null, "use_nccl": true, "devices_per_worker": 1, "primary_resource": "extra_gpu", "gpu": false, "verbose": false, "lr_config": {"mode": "log", "steps": 5, "initial_lr": 0.0005, "target_lr": 0.0007071067811865476}, "batch_per_device": 128}, "time_since_restore": 35.75165033340454, "timesteps_since_restore": 0, "iterations_since_restore": 1, "mean_throughput": 1678.2381728978723, "atoms": 2, "setup_time": 21.13529109954834}
{"apply": 0.02056519985198975, "batch_time": 0.039864441752433775, "d2h": 0.0006831526756286622, "data_time": 0.0027548159871782574, "fwd": 0.030480241775512694, "get_state_time_mean": NaN, "get_state_time_total": 0.0, "grad": 0.08661689758300781, "mean_accuracy": 0.4606999933719635, "mean_loss": 2.1070705729103087, "neg_mean_accuracy": -0.49379998445510864, "set_state_time_mean": NaN, "set_state_time_total": 0.0, "setup_model_time_mean": NaN, "setup_model_time_total": 0.0, "setup_proc_time_mean": NaN, "setup_proc_time_total": 0.0, "train_accuracy": 0.47137999534606934, "train_loss": 1.5311920907592773, "training_time_mean": NaN, "training_time_total": 0.0, "val_accuracy": 0.49379998445510864, "val_loss": 2.4490400075912477, "validation_time_mean": NaN, "validation_time_total": 0.0, "samples": 60000, "num_workers": 2, "done": false, "timesteps_total": null, "episodes_total": null, "training_iteration": 8, "neg_mean_loss": -2.1070705729103087, "experiment_id": "d0bd0c2bb8694c3683a8c95a0ac8b6a0", "date": "2019-06-03_22-52-44", "timestamp": 1559627564, "time_this_iter_s": 29.244860410690308, "time_total_s": 319.99649572372437, "pid": 26250, "hostname": "steropes", "node_ip": "169.229.49.254", "config": {"starting_lr": 0.0005, "momentum": 0.99, "weight_decay": 0.001, "steps_per_iteration": null, "pin": false, "model_creator": null, "target_batch_size": 128, "model_string": "resnet50", "min_batch_size": 128, "dataset": "CIFAR", "placement": null, "use_nccl": true, "devices_per_worker": 1, "primary_resource": "extra_gpu", "gpu": false, "verbose": false, "lr_config": {"mode": "log", "steps": 5, "initial_lr": 0.0005, "target_lr": 0.0007071067811865476}, "batch_per_device": 128}, "time_since_restore": 64.99651074409485, "timesteps_since_restore": 0, "iterations_since_restore": 2, "mean_throughput": 1846.247008470739, "atoms": 2, "setup_time": 21.13529109954834}
{"apply": 0.020259213447570798, "batch_time": 0.040698039531707766, "d2h": 0.000676572322845459, "data_time": 0.0027854771030192474, "fwd": 0.030640065670013428, "get_state_time_mean": NaN, "get_state_time_total": 0.0, "grad": 0.08703693151473998, "mean_accuracy": 0.4800999939441681, "mean_loss": 2.0370206365013126, "neg_mean_accuracy": -0.5081999897956848, "set_state_time_mean": NaN, "set_state_time_total": 0.0, "setup_model_time_mean": NaN, "setup_model_time_total": 0.0, "setup_proc_time_mean": NaN, "setup_proc_time_total": 0.0, "train_accuracy": 0.48541998863220215, "train_loss": 1.4833573580932617, "training_time_mean": NaN, "training_time_total": 0.0, "val_accuracy": 0.5081999897956848, "val_loss": 1.7584254571914673, "validation_time_mean": NaN, "validation_time_total": 0.0, "samples": 60000, "num_workers": 2, "done": false, "timesteps_total": null, "episodes_total": null, "training_iteration": 9, "neg_mean_loss": -2.0370206365013126, "experiment_id": "d0bd0c2bb8694c3683a8c95a0ac8b6a0", "date": "2019-06-03_22-53-14", "timestamp": 1559627594, "time_this_iter_s": 29.34589457511902, "time_total_s": 349.3423902988434, "pid": 26250, "hostname": "steropes", "node_ip": "169.229.49.254", "config": {"starting_lr": 0.0005, "momentum": 0.99, "weight_decay": 0.001, "steps_per_iteration": null, "pin": false, "model_creator": null, "target_batch_size": 128, "model_string": "resnet50", "min_batch_size": 128, "dataset": "CIFAR", "placement": null, "use_nccl": true, "devices_per_worker": 1, "primary_resource": "extra_gpu", "gpu": false, "verbose": false, "lr_config": {"mode": "log", "steps": 5, "initial_lr": 0.0005, "target_lr": 0.0007071067811865476}, "batch_per_device": 128}, "time_since_restore": 94.34240531921387, "timesteps_since_restore": 0, "iterations_since_restore": 3, "mean_throughput": 1907.9346867676145, "atoms": 2, "setup_time": 21.13529109954834}
{"apply": 0.019574570655822757, "batch_time": 0.03924147188663482, "d2h": 0.0006798744201660156, "data_time": 0.0026942880786195093, "fwd": 0.029709601402282716, "get_state_time_mean": NaN, "get_state_time_total": 0.0, "grad": 0.08605989217758178, "mean_accuracy": 0.4949799954891205, "mean_loss": 2.190225172996521, "neg_mean_accuracy": -0.5198000073432922, "set_state_time_mean": NaN, "set_state_time_total": 0.0, "setup_model_time_mean": NaN, "setup_model_time_total": 0.0, "setup_proc_time_mean": NaN, "setup_proc_time_total": 0.0, "train_accuracy": 0.5031200051307678, "train_loss": 1.411833432159424, "training_time_mean": NaN, "training_time_total": 0.0, "val_accuracy": 0.5198000073432922, "val_loss": 2.366415833377838, "validation_time_mean": NaN, "validation_time_total": 0.0, "samples": 60000, "num_workers": 2, "done": false, "timesteps_total": null, "episodes_total": null, "training_iteration": 10, "neg_mean_loss": -2.190225172996521, "experiment_id": "d0bd0c2bb8694c3683a8c95a0ac8b6a0", "date": "2019-06-03_22-53-43", "timestamp": 1559627623, "time_this_iter_s": 29.33747363090515, "time_total_s": 378.67986392974854, "pid": 26250, "hostname": "steropes", "node_ip": "169.229.49.254", "config": {"starting_lr": 0.0005, "momentum": 0.99, "weight_decay": 0.001, "steps_per_iteration": null, "pin": false, "model_creator": null, "target_batch_size": 128, "model_string": "resnet50", "min_batch_size": 128, "dataset": "CIFAR", "placement": null, "use_nccl": true, "devices_per_worker": 1, "primary_resource": "extra_gpu", "gpu": false, "verbose": false, "lr_config": {"mode": "log", "steps": 5, "initial_lr": 0.0005, "target_lr": 0.0007071067811865476}, "batch_per_device": 128}, "time_since_restore": 123.67987895011902, "timesteps_since_restore": 0, "iterations_since_restore": 4, "mean_throughput": 1940.4852646598563, "atoms": 2, "setup_time": 21.13529109954834}
{"apply": 0.020178592205047606, "batch_time": 0.04127665162086487, "d2h": 0.0006608843803405761, "data_time": 0.0027212537064844246, "fwd": 0.029385757446289063, "get_state_time_mean": NaN, "get_state_time_total": 0.0, "grad": 0.08336398601531983, "mean_accuracy": 0.5067799925804138, "mean_loss": 2.1846073707580564, "neg_mean_accuracy": -0.5289999842643738, "set_state_time_mean": NaN, "set_state_time_total": 0.0, "setup_model_time_mean": NaN, "setup_model_time_total": 0.0, "setup_proc_time_mean": NaN, "setup_proc_time_total": 0.0, "train_accuracy": 0.5151200294494629, "train_loss": 1.3883608548355102, "training_time_mean": NaN, "training_time_total": 0.0, "val_accuracy": 0.5289999842643738, "val_loss": 1.7921428314208985, "validation_time_mean": NaN, "validation_time_total": 0.0, "samples": 60000, "num_workers": 2, "done": false, "timesteps_total": null, "episodes_total": null, "training_iteration": 11, "neg_mean_loss": -2.1846073707580564, "experiment_id": "d0bd0c2bb8694c3683a8c95a0ac8b6a0", "date": "2019-06-03_22-54-12", "timestamp": 1559627652, "time_this_iter_s": 29.274553298950195, "time_total_s": 407.95441722869873, "pid": 26250, "hostname": "steropes", "node_ip": "169.229.49.254", "config": {"starting_lr": 0.0005, "momentum": 0.99, "weight_decay": 0.001, "steps_per_iteration": null, "pin": false, "model_creator": null, "target_batch_size": 128, "model_string": "resnet50", "min_batch_size": 128, "dataset": "CIFAR", "placement": null, "use_nccl": true, "devices_per_worker": 1, "primary_resource": "extra_gpu", "gpu": false, "verbose": false, "lr_config": {"mode": "log", "steps": 5, "initial_lr": 0.0005, "target_lr": 0.0007071067811865476}, "batch_per_device": 128}, "time_since_restore": 152.9544322490692, "timesteps_since_restore": 0, "iterations_since_restore": 5, "mean_throughput": 1961.3606475608633, "atoms": 2, "setup_time": 21.13529109954834}
{"apply": 0.017941415309906006, "batch_time": 0.03963756859302521, "d2h": 0.0006614208221435546, "data_time": 0.0028350553950484917, "fwd": 0.029328572750091556, "get_state_time_mean": NaN, "get_state_time_total": 0.0, "grad": 0.08209969997406005, "mean_accuracy": 0.5180199861526489, "mean_loss": 2.0304361016273496, "neg_mean_accuracy": -0.5392999649047852, "set_state_time_mean": NaN, "set_state_time_total": 0.0, "setup_model_time_mean": NaN, "setup_model_time_total": 0.0, "setup_proc_time_mean": NaN, "setup_proc_time_total": 0.0, "train_accuracy": 0.52565997838974, "train_loss": 1.3486101241111754, "training_time_mean": NaN, "training_time_total": 0.0, "val_accuracy": 0.5392999649047852, "val_loss": 1.7861563785552979, "validation_time_mean": NaN, "validation_time_total": 0.0, "samples": 60000, "num_workers": 2, "done": false, "timesteps_total": null, "episodes_total": null, "training_iteration": 12, "neg_mean_loss": -2.0304361016273496, "experiment_id": "d0bd0c2bb8694c3683a8c95a0ac8b6a0", "date": "2019-06-03_22-54-41", "timestamp": 1559627681, "time_this_iter_s": 28.373775005340576, "time_total_s": 436.3281922340393, "pid": 26250, "hostname": "steropes", "node_ip": "169.229.49.254", "config": {"starting_lr": 0.0005, "momentum": 0.99, "weight_decay": 0.001, "steps_per_iteration": null, "pin": false, "model_creator": null, "target_batch_size": 128, "model_string": "resnet50", "min_batch_size": 128, "dataset": "CIFAR", "placement": null, "use_nccl": true, "devices_per_worker": 1, "primary_resource": "extra_gpu", "gpu": false, "verbose": false, "lr_config": {"mode": "log", "steps": 5, "initial_lr": 0.0005, "target_lr": 0.0007071067811865476}, "batch_per_device": 128}, "time_since_restore": 181.3282072544098, "timesteps_since_restore": 0, "iterations_since_restore": 6, "mean_throughput": 2060.7634173824868, "atoms": 2, "setup_time": 21.13529109954834}
{"apply": 0.02043483257293701, "batch_time": 0.03955868780612946, "d2h": 0.0007049679756164552, "data_time": 0.002848133748891402, "fwd": 0.030592024326324463, "get_state_time_mean": NaN, "get_state_time_total": 0.0, "grad": 0.08821125030517579, "mean_accuracy": 0.5264399886131287, "mean_loss": 1.7996786935043336, "neg_mean_accuracy": -0.5358999967575073, "set_state_time_mean": NaN, "set_state_time_total": 0.0, "setup_model_time_mean": NaN, "setup_model_time_total": 0.0, "setup_proc_time_mean": NaN, "setup_proc_time_total": 0.0, "train_accuracy": 0.5179200172424316, "train_loss": 1.3595016429519653, "training_time_mean": NaN, "training_time_total": 0.0, "val_accuracy": 0.5358999967575073, "val_loss": 1.2952529669761659, "validation_time_mean": NaN, "validation_time_total": 0.0, "samples": 60000, "num_workers": 2, "done": false, "timesteps_total": null, "episodes_total": null, "training_iteration": 13, "neg_mean_loss": -1.7996786935043336, "experiment_id": "d0bd0c2bb8694c3683a8c95a0ac8b6a0", "date": "2019-06-03_22-55-10", "timestamp": 1559627710, "time_this_iter_s": 28.930707693099976, "time_total_s": 465.2588999271393, "pid": 26250, "hostname": "steropes", "node_ip": "169.229.49.254", "config": {"starting_lr": 0.0005, "momentum": 0.99, "weight_decay": 0.001, "steps_per_iteration": null, "pin": false, "model_creator": null, "target_batch_size": 128, "model_string": "resnet50", "min_batch_size": 128, "dataset": "CIFAR", "placement": null, "use_nccl": true, "devices_per_worker": 1, "primary_resource": "extra_gpu", "gpu": false, "verbose": false, "lr_config": {"mode": "log", "steps": 5, "initial_lr": 0.0005, "target_lr": 0.0007071067811865476}, "batch_per_device": 128}, "time_since_restore": 210.25891494750977, "timesteps_since_restore": 0, "iterations_since_restore": 7, "mean_throughput": 2065.2201172721034, "atoms": 2, "setup_time": 21.13529109954834}
{"apply": 0.01891813278198242, "batch_time": 0.040523841977119446, "d2h": 0.0006298661231994629, "data_time": 0.0028669225926301915, "fwd": 0.029217457771301268, "get_state_time_mean": NaN, "get_state_time_total": 0.0, "grad": 0.08389291763305665, "mean_accuracy": 0.5336799860000611, "mean_loss": 1.8123018880462645, "neg_mean_accuracy": -0.5443999767303467, "set_state_time_mean": NaN, "set_state_time_total": 0.0, "setup_model_time_mean": NaN, "setup_model_time_total": 0.0, "setup_proc_time_mean": NaN, "setup_proc_time_total": 0.0, "train_accuracy": 0.5360199809074402, "train_loss": 1.340788606452942, "training_time_mean": NaN, "training_time_total": 0.0, "val_accuracy": 0.5443999767303467, "val_loss": 1.821541429901123, "validation_time_mean": NaN, "validation_time_total": 0.0, "samples": 60000, "num_workers": 2, "done": true, "timesteps_total": null, "episodes_total": null, "training_iteration": 14, "neg_mean_loss": -1.8123018880462645, "experiment_id": "d0bd0c2bb8694c3683a8c95a0ac8b6a0", "date": "2019-06-03_22-55-38", "timestamp": 1559627738, "time_this_iter_s": 28.726634740829468, "time_total_s": 493.98553466796875, "pid": 26250, "hostname": "steropes", "node_ip": "169.229.49.254", "config": {"starting_lr": 0.0005, "momentum": 0.99, "weight_decay": 0.001, "steps_per_iteration": null, "pin": false, "model_creator": null, "target_batch_size": 128, "model_string": "resnet50", "min_batch_size": 128, "dataset": "CIFAR", "placement": null, "use_nccl": true, "devices_per_worker": 1, "primary_resource": "extra_gpu", "gpu": false, "verbose": false, "lr_config": {"mode": "log", "steps": 5, "initial_lr": 0.0005, "target_lr": 0.0007071067811865476}, "batch_per_device": 128}, "time_since_restore": 238.98554968833923, "timesteps_since_restore": 0, "iterations_since_restore": 8, "mean_throughput": 2074.064112860681, "atoms": 2, "setup_time": 21.13529109954834}
