{"apply": 0.01759316921234131, "batch_time": 0.04163549217996718, "d2h": 0.0006996870040893554, "data_time": 0.0019458864655945917, "fwd": 0.11975483894348145, "get_state_time_mean": NaN, "get_state_time_total": 0.0, "grad": 0.163566517829895, "mean_accuracy": 0.10009999573230743, "mean_loss": 2.347101008605957, "neg_mean_accuracy": -0.10009999573230743, "set_state_time_mean": NaN, "set_state_time_total": 0.0, "setup_model_time_mean": 8.80526351928711, "setup_model_time_total": 8.80526351928711, "setup_proc_time_mean": 0.45162487030029297, "setup_proc_time_total": 0.45162487030029297, "train_accuracy": 0.09978000074625015, "train_loss": 4.512543408432006, "training_time_mean": NaN, "training_time_total": 0.0, "val_accuracy": 0.10009999573230743, "val_loss": 2.347101008605957, "validation_time_mean": NaN, "validation_time_total": 0.0, "samples": 60000, "num_workers": 1, "done": false, "timesteps_total": null, "episodes_total": null, "training_iteration": 1, "neg_mean_loss": -2.347101008605957, "experiment_id": "ab60db6bfe4d426ca1c6d52fb89a9a86", "date": "2019-06-03_22-15-26", "timestamp": 1559625326, "time_this_iter_s": 46.433079957962036, "time_total_s": 46.433079957962036, "pid": 16004, "hostname": "steropes", "node_ip": "169.229.49.254", "config": {"starting_lr": 1.0, "momentum": 0.9, "weight_decay": 0.0001, "steps_per_iteration": null, "pin": false, "model_creator": null, "target_batch_size": 128, "model_string": "resnet50", "min_batch_size": 128, "dataset": "CIFAR", "placement": null, "use_nccl": true, "devices_per_worker": 1, "primary_resource": "extra_gpu", "gpu": false, "verbose": false, "lr_config": {"mode": "log", "steps": 5, "initial_lr": 1.0, "target_lr": 1.0}, "batch_per_device": 128}, "time_since_restore": 46.433079957962036, "timesteps_since_restore": 0, "iterations_since_restore": 1, "mean_throughput": 1292.1762213307243, "atoms": 1, "setup_time": 9.358490943908691}
{"apply": 0.018503499031066895, "batch_time": 0.03214262708832946, "d2h": 0.0006548643112182617, "data_time": 0.001920798245598288, "fwd": 0.027710556983947754, "get_state_time_mean": NaN, "get_state_time_total": 0.0, "grad": 0.04743359088897705, "mean_accuracy": 0.09994999691843987, "mean_loss": 2.3380911947250365, "neg_mean_accuracy": -0.0997999981045723, "set_state_time_mean": NaN, "set_state_time_total": 0.0, "setup_model_time_mean": NaN, "setup_model_time_total": 0.0, "setup_proc_time_mean": NaN, "setup_proc_time_total": 0.0, "train_accuracy": 0.09719999879598618, "train_loss": 2.33339083946228, "training_time_mean": NaN, "training_time_total": 0.0, "val_accuracy": 0.0997999981045723, "val_loss": 2.329081380844116, "validation_time_mean": NaN, "validation_time_total": 0.0, "samples": 60000, "num_workers": 1, "done": false, "timesteps_total": null, "episodes_total": null, "training_iteration": 2, "neg_mean_loss": -2.3380911947250365, "experiment_id": "ab60db6bfe4d426ca1c6d52fb89a9a86", "date": "2019-06-03_22-16-07", "timestamp": 1559625367, "time_this_iter_s": 40.78683948516846, "time_total_s": 87.2199194431305, "pid": 16004, "hostname": "steropes", "node_ip": "169.229.49.254", "config": {"starting_lr": 1.0, "momentum": 0.9, "weight_decay": 0.0001, "steps_per_iteration": null, "pin": false, "model_creator": null, "target_batch_size": 128, "model_string": "resnet50", "min_batch_size": 128, "dataset": "CIFAR", "placement": null, "use_nccl": true, "devices_per_worker": 1, "primary_resource": "extra_gpu", "gpu": false, "verbose": false, "lr_config": {"mode": "log", "steps": 5, "initial_lr": 1.0, "target_lr": 1.0}, "batch_per_device": 128}, "time_since_restore": 87.2199194431305, "timesteps_since_restore": 0, "iterations_since_restore": 2, "mean_throughput": 1375.827925114353, "atoms": 1, "setup_time": 9.358490943908691}
{"apply": 0.017484641075134276, "batch_time": 0.03193754485890835, "d2h": 0.0007385969161987305, "data_time": 0.0018496202385943868, "fwd": 0.02746846675872803, "get_state_time_mean": NaN, "get_state_time_total": 0.0, "grad": 0.04745683670043945, "mean_accuracy": 0.09999999652306239, "mean_loss": 2.3355642328898107, "neg_mean_accuracy": -0.10009999573230743, "set_state_time_mean": NaN, "set_state_time_total": 0.0, "setup_model_time_mean": NaN, "setup_model_time_total": 0.0, "setup_proc_time_mean": NaN, "setup_proc_time_total": 0.0, "train_accuracy": 0.09837999939918518, "train_loss": 2.3307909526062014, "training_time_mean": NaN, "training_time_total": 0.0, "val_accuracy": 0.10009999573230743, "val_loss": 2.33051030921936, "validation_time_mean": NaN, "validation_time_total": 0.0, "samples": 60000, "num_workers": 1, "done": true, "timesteps_total": null, "episodes_total": null, "training_iteration": 3, "neg_mean_loss": -2.3355642328898107, "experiment_id": "ab60db6bfe4d426ca1c6d52fb89a9a86", "date": "2019-06-03_22-16-48", "timestamp": 1559625408, "time_this_iter_s": 40.5037682056427, "time_total_s": 127.7236876487732, "pid": 16004, "hostname": "steropes", "node_ip": "169.229.49.254", "config": {"starting_lr": 1.0, "momentum": 0.9, "weight_decay": 0.0001, "steps_per_iteration": null, "pin": false, "model_creator": null, "target_batch_size": 128, "model_string": "resnet50", "min_batch_size": 128, "dataset": "CIFAR", "placement": null, "use_nccl": true, "devices_per_worker": 1, "primary_resource": "extra_gpu", "gpu": false, "verbose": false, "lr_config": {"mode": "log", "steps": 5, "initial_lr": 1.0, "target_lr": 1.0}, "batch_per_device": 128}, "time_since_restore": 127.7236876487732, "timesteps_since_restore": 0, "iterations_since_restore": 3, "mean_throughput": 1409.2881399278162, "atoms": 1, "setup_time": 9.358490943908691}
