{"apply": 0.017478013038635255, "batch_time": 0.04156422916846939, "d2h": 0.0006272077560424804, "data_time": 0.0018797237854784408, "fwd": 0.18243677616119386, "get_state_time_mean": NaN, "get_state_time_total": 0.0, "grad": 0.1665809392929077, "mean_accuracy": 0.1623999923467636, "mean_loss": 2.2461357513427735, "neg_mean_accuracy": -0.1623999923467636, "set_state_time_mean": NaN, "set_state_time_total": 0.0, "setup_model_time_mean": 16.12407422065735, "setup_model_time_total": 16.12407422065735, "setup_proc_time_mean": 1.8490440845489502, "setup_proc_time_total": 1.8490440845489502, "train_accuracy": 0.14847999811172485, "train_loss": 4.295131432342529, "training_time_mean": NaN, "training_time_total": 0.0, "val_accuracy": 0.1623999923467636, "val_loss": 2.2461357513427735, "validation_time_mean": NaN, "validation_time_total": 0.0, "samples": 60000, "num_workers": 1, "done": false, "timesteps_total": null, "episodes_total": null, "training_iteration": 1, "neg_mean_loss": -2.2461357513427735, "experiment_id": "640ec68fb4a14e9594bc220859ccfd3d", "date": "2019-06-06_13-16-42", "timestamp": 1559852202, "time_this_iter_s": 46.660664796829224, "time_total_s": 46.660664796829224, "pid": 11372, "hostname": "steropes", "node_ip": "169.229.49.254", "config": {"starting_lr": 0.5, "momentum": 0.95, "weight_decay": 0.001, "steps_per_iteration": null, "pin": false, "model_creator": null, "target_batch_size": 128, "model_string": "resnet50", "min_batch_size": 128, "dataset": "CIFAR", "placement": null, "use_nccl": true, "devices_per_worker": 1, "primary_resource": "extra_gpu", "gpu": false, "verbose": false, "lr_config": {"mode": "log", "steps": 5, "initial_lr": 0.5, "target_lr": 0.5}, "batch_per_device": 128}, "time_since_restore": 46.660664796829224, "timesteps_since_restore": 0, "iterations_since_restore": 1, "mean_throughput": 1285.8772795841933, "atoms": 1, "setup_time": 19.609534740447998}
{"apply": 0.020145058631896973, "batch_time": 0.032151101510736003, "d2h": 0.0006670236587524414, "data_time": 0.001803995093421253, "fwd": 0.030292415618896486, "get_state_time_mean": NaN, "get_state_time_total": 0.0, "grad": 0.04848105907440185, "mean_accuracy": 0.17704999446868896, "mean_loss": 2.2332431476593015, "neg_mean_accuracy": -0.19169999659061432, "set_state_time_mean": NaN, "set_state_time_total": 0.0, "setup_model_time_mean": NaN, "setup_model_time_total": 0.0, "setup_proc_time_mean": NaN, "setup_proc_time_total": 0.0, "train_accuracy": 0.18625999987125397, "train_loss": 2.1831500526428225, "training_time_mean": NaN, "training_time_total": 0.0, "val_accuracy": 0.19169999659061432, "val_loss": 2.22035054397583, "validation_time_mean": NaN, "validation_time_total": 0.0, "samples": 60000, "num_workers": 1, "done": false, "timesteps_total": null, "episodes_total": null, "training_iteration": 2, "neg_mean_loss": -2.2332431476593015, "experiment_id": "640ec68fb4a14e9594bc220859ccfd3d", "date": "2019-06-06_13-17-22", "timestamp": 1559852242, "time_this_iter_s": 40.68372869491577, "time_total_s": 87.344393491745, "pid": 11372, "hostname": "steropes", "node_ip": "169.229.49.254", "config": {"starting_lr": 0.5, "momentum": 0.95, "weight_decay": 0.001, "steps_per_iteration": null, "pin": false, "model_creator": null, "target_batch_size": 128, "model_string": "resnet50", "min_batch_size": 128, "dataset": "CIFAR", "placement": null, "use_nccl": true, "devices_per_worker": 1, "primary_resource": "extra_gpu", "gpu": false, "verbose": false, "lr_config": {"mode": "log", "steps": 5, "initial_lr": 0.5, "target_lr": 0.5}, "batch_per_device": 128}, "time_since_restore": 87.344393491745, "timesteps_since_restore": 0, "iterations_since_restore": 2, "mean_throughput": 1373.8661137418312, "atoms": 1, "setup_time": 19.609534740447998}
{"apply": 0.016844820976257325, "batch_time": 0.031528300876858865, "d2h": 0.0006418466567993164, "data_time": 0.0017832502379746694, "fwd": 0.027685093879699706, "get_state_time_mean": NaN, "get_state_time_total": 0.0, "grad": 0.04764978885650635, "mean_accuracy": 0.15136666099230447, "mean_loss": 2.3786202687581377, "neg_mean_accuracy": -0.09999999403953552, "set_state_time_mean": NaN, "set_state_time_total": 0.0, "setup_model_time_mean": NaN, "setup_model_time_total": 0.0, "setup_proc_time_mean": NaN, "setup_proc_time_total": 0.0, "train_accuracy": 0.1814199984073639, "train_loss": 2.1774701570129396, "training_time_mean": NaN, "training_time_total": 0.0, "val_accuracy": 0.09999999403953552, "val_loss": 2.6693745109558105, "validation_time_mean": NaN, "validation_time_total": 0.0, "samples": 60000, "num_workers": 1, "done": true, "timesteps_total": null, "episodes_total": null, "training_iteration": 3, "neg_mean_loss": -2.3786202687581377, "experiment_id": "640ec68fb4a14e9594bc220859ccfd3d", "date": "2019-06-06_13-18-03", "timestamp": 1559852283, "time_this_iter_s": 40.39313578605652, "time_total_s": 127.73752927780151, "pid": 11372, "hostname": "steropes", "node_ip": "169.229.49.254", "config": {"starting_lr": 0.5, "momentum": 0.95, "weight_decay": 0.001, "steps_per_iteration": null, "pin": false, "model_creator": null, "target_batch_size": 128, "model_string": "resnet50", "min_batch_size": 128, "dataset": "CIFAR", "placement": null, "use_nccl": true, "devices_per_worker": 1, "primary_resource": "extra_gpu", "gpu": false, "verbose": false, "lr_config": {"mode": "log", "steps": 5, "initial_lr": 0.5, "target_lr": 0.5}, "batch_per_device": 128}, "time_since_restore": 127.73752927780151, "timesteps_since_restore": 0, "iterations_since_restore": 3, "mean_throughput": 1409.134625202406, "atoms": 1, "setup_time": 19.609534740447998}
