{"apply": 0.020039176940917967, "batch_time": 0.04278402087054675, "d2h": 0.0007448434829711914, "data_time": 0.0018603740750676226, "fwd": 0.15598599910736083, "get_state_time_mean": NaN, "get_state_time_total": 0.0, "grad": 0.24231581687927245, "mean_accuracy": 0.1070999950170517, "mean_loss": 2.3247857818603515, "neg_mean_accuracy": -0.1070999950170517, "set_state_time_mean": NaN, "set_state_time_total": 0.0, "setup_model_time_mean": 20.186401844024658, "setup_model_time_total": 20.186401844024658, "setup_proc_time_mean": 1.8918139934539795, "setup_proc_time_total": 1.8918139934539795, "train_accuracy": 0.09984000027179718, "train_loss": 4.7861598577880855, "training_time_mean": NaN, "training_time_total": 0.0, "val_accuracy": 0.1070999950170517, "val_loss": 2.3247857818603515, "validation_time_mean": NaN, "validation_time_total": 0.0, "samples": 60000, "num_workers": 1, "done": false, "timesteps_total": null, "episodes_total": null, "training_iteration": 1, "neg_mean_loss": -2.3247857818603515, "experiment_id": "b699fbae6a9240969d98de5cbd0f2697", "date": "2019-06-06_14-17-29", "timestamp": 1559855849, "time_this_iter_s": 48.68723225593567, "time_total_s": 48.68723225593567, "pid": 30560, "hostname": "steropes", "node_ip": "169.229.49.254", "config": {"starting_lr": 0.5, "momentum": 0.95, "weight_decay": 0.0005, "steps_per_iteration": null, "pin": false, "model_creator": null, "target_batch_size": 128, "model_string": "resnet50", "min_batch_size": 128, "dataset": "CIFAR", "placement": null, "use_nccl": true, "devices_per_worker": 1, "primary_resource": "extra_gpu", "gpu": false, "verbose": false, "lr_config": {"mode": "log", "steps": 5, "initial_lr": 0.5, "target_lr": 0.5}, "batch_per_device": 128}, "time_since_restore": 48.68723225593567, "timesteps_since_restore": 0, "iterations_since_restore": 1, "mean_throughput": 1232.3538968276248, "atoms": 1, "setup_time": 22.181638479232788}
{"apply": 0.01831474304199219, "batch_time": 0.03197550471824936, "d2h": 0.0007090568542480469, "data_time": 0.001814420875685904, "fwd": 0.0281679630279541, "get_state_time_mean": NaN, "get_state_time_total": 0.0, "grad": 0.04756612777709961, "mean_accuracy": 0.13644999265670776, "mean_loss": 2.2524292486190793, "neg_mean_accuracy": -0.16579999029636383, "set_state_time_mean": NaN, "set_state_time_total": 0.0, "setup_model_time_mean": NaN, "setup_model_time_total": 0.0, "setup_proc_time_mean": NaN, "setup_proc_time_total": 0.0, "train_accuracy": 0.17559999227523804, "train_loss": 2.1953515285491942, "training_time_mean": NaN, "training_time_total": 0.0, "val_accuracy": 0.16579999029636383, "val_loss": 2.1800727153778077, "validation_time_mean": NaN, "validation_time_total": 0.0, "samples": 60000, "num_workers": 1, "done": false, "timesteps_total": null, "episodes_total": null, "training_iteration": 2, "neg_mean_loss": -2.2524292486190793, "experiment_id": "b699fbae6a9240969d98de5cbd0f2697", "date": "2019-06-06_14-18-10", "timestamp": 1559855890, "time_this_iter_s": 41.3465313911438, "time_total_s": 90.03376364707947, "pid": 30560, "hostname": "steropes", "node_ip": "169.229.49.254", "config": {"starting_lr": 0.5, "momentum": 0.95, "weight_decay": 0.0005, "steps_per_iteration": null, "pin": false, "model_creator": null, "target_batch_size": 128, "model_string": "resnet50", "min_batch_size": 128, "dataset": "CIFAR", "placement": null, "use_nccl": true, "devices_per_worker": 1, "primary_resource": "extra_gpu", "gpu": false, "verbose": false, "lr_config": {"mode": "log", "steps": 5, "initial_lr": 0.5, "target_lr": 0.5}, "batch_per_device": 128}, "time_since_restore": 90.03376364707947, "timesteps_since_restore": 0, "iterations_since_restore": 2, "mean_throughput": 1332.829778678217, "atoms": 1, "setup_time": 22.181638479232788}
{"apply": 0.018573927879333495, "batch_time": 0.03308692763123331, "d2h": 0.0008008718490600586, "data_time": 0.0018294662465829679, "fwd": 0.02875220775604248, "get_state_time_mean": NaN, "get_state_time_total": 0.0, "grad": 0.048627710342407225, "mean_accuracy": 0.14953332642714182, "mean_loss": 2.3139973632812496, "neg_mean_accuracy": -0.17569999396800995, "set_state_time_mean": NaN, "set_state_time_total": 0.0, "setup_model_time_mean": NaN, "setup_model_time_total": 0.0, "setup_proc_time_mean": NaN, "setup_proc_time_total": 0.0, "train_accuracy": 0.20535999536514282, "train_loss": 2.093910580368042, "training_time_mean": NaN, "training_time_total": 0.0, "val_accuracy": 0.17569999396800995, "val_loss": 2.437133592605591, "validation_time_mean": NaN, "validation_time_total": 0.0, "samples": 60000, "num_workers": 1, "done": true, "timesteps_total": null, "episodes_total": null, "training_iteration": 3, "neg_mean_loss": -2.3139973632812496, "experiment_id": "b699fbae6a9240969d98de5cbd0f2697", "date": "2019-06-06_14-18-51", "timestamp": 1559855931, "time_this_iter_s": 41.46438264846802, "time_total_s": 131.49814629554749, "pid": 30560, "hostname": "steropes", "node_ip": "169.229.49.254", "config": {"starting_lr": 0.5, "momentum": 0.95, "weight_decay": 0.0005, "steps_per_iteration": null, "pin": false, "model_creator": null, "target_batch_size": 128, "model_string": "resnet50", "min_batch_size": 128, "dataset": "CIFAR", "placement": null, "use_nccl": true, "devices_per_worker": 1, "primary_resource": "extra_gpu", "gpu": false, "verbose": false, "lr_config": {"mode": "log", "steps": 5, "initial_lr": 0.5, "target_lr": 0.5}, "batch_per_device": 128}, "time_since_restore": 131.49814629554749, "timesteps_since_restore": 0, "iterations_since_restore": 3, "mean_throughput": 1368.8372829905288, "atoms": 1, "setup_time": 22.181638479232788}
