{"apply": 0.017885303497314452, "batch_time": 0.044539125659797764, "d2h": 0.0006795167922973633, "data_time": 0.0019731667950330183, "fwd": 0.11532351970672608, "get_state_time_mean": NaN, "get_state_time_total": 0.0, "grad": 0.16433317661285402, "mean_accuracy": 0.28209999203681946, "mean_loss": 2.0011989891052244, "neg_mean_accuracy": -0.28209999203681946, "set_state_time_mean": NaN, "set_state_time_total": 0.0, "setup_model_time_mean": 8.885769844055176, "setup_model_time_total": 8.885769844055176, "setup_proc_time_mean": 0.20677518844604492, "setup_proc_time_total": 0.20677518844604492, "train_accuracy": 0.18731999397277832, "train_loss": 2.3404738719177245, "training_time_mean": NaN, "training_time_total": 0.0, "val_accuracy": 0.28209999203681946, "val_loss": 2.0011989891052244, "validation_time_mean": NaN, "validation_time_total": 0.0, "samples": 60000, "num_workers": 1, "done": false, "timesteps_total": null, "episodes_total": null, "training_iteration": 1, "neg_mean_loss": -2.0011989891052244, "experiment_id": "0c6d0de631cc4b57be8739b05a9dd7e3", "date": "2019-06-03_03-44-30", "timestamp": 1559558670, "time_this_iter_s": 47.554628133773804, "time_total_s": 47.554628133773804, "pid": 24187, "hostname": "steropes", "node_ip": "169.229.49.254", "config": {"starting_lr": 0.0005, "momentum": 0.95, "weight_decay": 0.005, "steps_per_iteration": null, "pin": false, "model_creator": null, "target_batch_size": 128, "model_string": "resnet50", "min_batch_size": 128, "dataset": "CIFAR", "placement": null, "use_nccl": true, "devices_per_worker": 1, "primary_resource": "extra_gpu", "gpu": false, "verbose": false, "lr_config": {"mode": "log", "steps": 5, "initial_lr": 0.0005, "target_lr": 0.0005}, "batch_per_device": 128}, "time_since_restore": 47.554628133773804, "timesteps_since_restore": 0, "iterations_since_restore": 1, "mean_throughput": 1261.7044701776044, "atoms": 1, "setup_time": 9.829585313796997}
{"apply": 0.017838287353515624, "batch_time": 0.03236950500101983, "d2h": 0.0007104158401489257, "data_time": 0.001847579960932817, "fwd": 0.02799696922302246, "get_state_time_mean": NaN, "get_state_time_total": 0.0, "grad": 0.04964725971221924, "mean_accuracy": 0.32109999656677246, "mean_loss": 1.873110400390625, "neg_mean_accuracy": -0.36010000109672546, "set_state_time_mean": NaN, "set_state_time_total": 0.0, "setup_model_time_mean": NaN, "setup_model_time_total": 0.0, "setup_proc_time_mean": NaN, "setup_proc_time_total": 0.0, "train_accuracy": 0.29423999786376953, "train_loss": 1.9422634393310547, "training_time_mean": NaN, "training_time_total": 0.0, "val_accuracy": 0.36010000109672546, "val_loss": 1.7450218116760254, "validation_time_mean": NaN, "validation_time_total": 0.0, "samples": 60000, "num_workers": 1, "done": false, "timesteps_total": null, "episodes_total": null, "training_iteration": 2, "neg_mean_loss": -1.873110400390625, "experiment_id": "0c6d0de631cc4b57be8739b05a9dd7e3", "date": "2019-06-03_03-45-12", "timestamp": 1559558712, "time_this_iter_s": 41.792463064193726, "time_total_s": 89.34709119796753, "pid": 24187, "hostname": "steropes", "node_ip": "169.229.49.254", "config": {"starting_lr": 0.0005, "momentum": 0.95, "weight_decay": 0.005, "steps_per_iteration": null, "pin": false, "model_creator": null, "target_batch_size": 128, "model_string": "resnet50", "min_batch_size": 128, "dataset": "CIFAR", "placement": null, "use_nccl": true, "devices_per_worker": 1, "primary_resource": "extra_gpu", "gpu": false, "verbose": false, "lr_config": {"mode": "log", "steps": 5, "initial_lr": 0.0005, "target_lr": 0.0005}, "batch_per_device": 128}, "time_since_restore": 89.34709119796753, "timesteps_since_restore": 0, "iterations_since_restore": 2, "mean_throughput": 1343.074145517535, "atoms": 1, "setup_time": 9.829585313796997}
{"apply": 0.017794871330261232, "batch_time": 0.03234007086934922, "d2h": 0.0007272243499755859, "data_time": 0.001855564239384878, "fwd": 0.02863340377807617, "get_state_time_mean": NaN, "get_state_time_total": 0.0, "grad": 0.048392534255981445, "mean_accuracy": 0.344133327404658, "mean_loss": 1.8006441942214966, "neg_mean_accuracy": -0.3901999890804291, "set_state_time_mean": NaN, "set_state_time_total": 0.0, "setup_model_time_mean": NaN, "setup_model_time_total": 0.0, "setup_proc_time_mean": NaN, "setup_proc_time_total": 0.0, "train_accuracy": 0.3459799885749817, "train_loss": 1.7891767376708985, "training_time_mean": NaN, "training_time_total": 0.0, "val_accuracy": 0.3901999890804291, "val_loss": 1.6557117818832396, "validation_time_mean": NaN, "validation_time_total": 0.0, "samples": 60000, "num_workers": 1, "done": false, "timesteps_total": null, "episodes_total": null, "training_iteration": 3, "neg_mean_loss": -1.8006441942214966, "experiment_id": "0c6d0de631cc4b57be8739b05a9dd7e3", "date": "2019-06-03_03-45-54", "timestamp": 1559558754, "time_this_iter_s": 41.69630479812622, "time_total_s": 131.04339599609375, "pid": 24187, "hostname": "steropes", "node_ip": "169.229.49.254", "config": {"starting_lr": 0.0005, "momentum": 0.95, "weight_decay": 0.005, "steps_per_iteration": null, "pin": false, "model_creator": null, "target_batch_size": 128, "model_string": "resnet50", "min_batch_size": 128, "dataset": "CIFAR", "placement": null, "use_nccl": true, "devices_per_worker": 1, "primary_resource": "extra_gpu", "gpu": false, "verbose": false, "lr_config": {"mode": "log", "steps": 5, "initial_lr": 0.0005, "target_lr": 0.0005}, "batch_per_device": 128}, "time_since_restore": 131.04339599609375, "timesteps_since_restore": 0, "iterations_since_restore": 3, "mean_throughput": 1373.586102743933, "atoms": 1, "setup_time": 9.829585313796997}
{"apply": 0.017638134956359863, "batch_time": 0.03376256966892677, "d2h": 0.0006862640380859375, "data_time": 0.0018461159123179247, "fwd": 0.027770137786865233, "get_state_time_mean": NaN, "get_state_time_total": 0.0, "grad": 0.04825317859649658, "mean_accuracy": 0.36194999516010284, "mean_loss": 1.7491026948451995, "neg_mean_accuracy": -0.4153999984264374, "set_state_time_mean": NaN, "set_state_time_total": 0.0, "setup_model_time_mean": NaN, "setup_model_time_total": 0.0, "setup_proc_time_mean": NaN, "setup_proc_time_total": 0.0, "train_accuracy": 0.37585997581481934, "train_loss": 1.707543307876587, "training_time_mean": NaN, "training_time_total": 0.0, "val_accuracy": 0.4153999984264374, "val_loss": 1.5944781967163086, "validation_time_mean": NaN, "validation_time_total": 0.0, "samples": 60000, "num_workers": 1, "done": false, "timesteps_total": null, "episodes_total": null, "training_iteration": 4, "neg_mean_loss": -1.7491026948451995, "experiment_id": "0c6d0de631cc4b57be8739b05a9dd7e3", "date": "2019-06-03_03-46-35", "timestamp": 1559558795, "time_this_iter_s": 41.517372608184814, "time_total_s": 172.56076860427856, "pid": 24187, "hostname": "steropes", "node_ip": "169.229.49.254", "config": {"starting_lr": 0.0005, "momentum": 0.95, "weight_decay": 0.005, "steps_per_iteration": null, "pin": false, "model_creator": null, "target_batch_size": 128, "model_string": "resnet50", "min_batch_size": 128, "dataset": "CIFAR", "placement": null, "use_nccl": true, "devices_per_worker": 1, "primary_resource": "extra_gpu", "gpu": false, "verbose": false, "lr_config": {"mode": "log", "steps": 5, "initial_lr": 0.0005, "target_lr": 0.0005}, "batch_per_device": 128}, "time_since_restore": 172.56076860427856, "timesteps_since_restore": 0, "iterations_since_restore": 4, "mean_throughput": 1390.810027219082, "atoms": 1, "setup_time": 9.829585313796997}
{"apply": 0.018385982513427733, "batch_time": 0.03286595284184323, "d2h": 0.0007223606109619141, "data_time": 0.0018176983689408169, "fwd": 0.02903149127960205, "get_state_time_mean": NaN, "get_state_time_total": 0.0, "grad": 0.049064016342163085, "mean_accuracy": 0.37679999470710757, "mean_loss": 1.707744995918274, "neg_mean_accuracy": -0.43619999289512634, "set_state_time_mean": NaN, "set_state_time_total": 0.0, "setup_model_time_mean": NaN, "setup_model_time_total": 0.0, "setup_proc_time_mean": NaN, "setup_proc_time_total": 0.0, "train_accuracy": 0.40063998103141785, "train_loss": 1.6404312308120728, "training_time_mean": NaN, "training_time_total": 0.0, "val_accuracy": 0.43619999289512634, "val_loss": 1.5423142002105712, "validation_time_mean": NaN, "validation_time_total": 0.0, "samples": 60000, "num_workers": 1, "done": false, "timesteps_total": null, "episodes_total": null, "training_iteration": 5, "neg_mean_loss": -1.707744995918274, "experiment_id": "0c6d0de631cc4b57be8739b05a9dd7e3", "date": "2019-06-03_03-47-17", "timestamp": 1559558837, "time_this_iter_s": 41.49903750419617, "time_total_s": 214.05980610847473, "pid": 24187, "hostname": "steropes", "node_ip": "169.229.49.254", "config": {"starting_lr": 0.0005, "momentum": 0.95, "weight_decay": 0.005, "steps_per_iteration": null, "pin": false, "model_creator": null, "target_batch_size": 128, "model_string": "resnet50", "min_batch_size": 128, "dataset": "CIFAR", "placement": null, "use_nccl": true, "devices_per_worker": 1, "primary_resource": "extra_gpu", "gpu": false, "verbose": false, "lr_config": {"mode": "log", "steps": 5, "initial_lr": 0.0005, "target_lr": 0.0005}, "batch_per_device": 128}, "time_since_restore": 214.05980610847473, "timesteps_since_restore": 0, "iterations_since_restore": 5, "mean_throughput": 1401.4734356960814, "atoms": 1, "setup_time": 9.829585313796997}
{"apply": 0.019276070594787597, "batch_time": 0.03220524063593225, "d2h": 0.0006975173950195312, "data_time": 0.0018508787960042734, "fwd": 0.02939441204071045, "get_state_time_mean": NaN, "get_state_time_total": 0.0, "grad": 0.04888510704040527, "mean_accuracy": 0.4127799928188324, "mean_loss": 1.6026467626571654, "neg_mean_accuracy": -0.4619999825954437, "set_state_time_mean": NaN, "set_state_time_total": 0.0, "setup_model_time_mean": NaN, "setup_model_time_total": 0.0, "setup_proc_time_mean": NaN, "setup_proc_time_total": 0.0, "train_accuracy": 0.42170000076293945, "train_loss": 1.582419682006836, "training_time_mean": NaN, "training_time_total": 0.0, "val_accuracy": 0.4619999825954437, "val_loss": 1.4757078227996827, "validation_time_mean": NaN, "validation_time_total": 0.0, "samples": 60000, "num_workers": 1, "done": false, "timesteps_total": null, "episodes_total": null, "training_iteration": 6, "neg_mean_loss": -1.6026467626571654, "experiment_id": "0c6d0de631cc4b57be8739b05a9dd7e3", "date": "2019-06-03_03-47-58", "timestamp": 1559558878, "time_this_iter_s": 41.47715783119202, "time_total_s": 255.53696393966675, "pid": 24187, "hostname": "steropes", "node_ip": "169.229.49.254", "config": {"starting_lr": 0.0005, "momentum": 0.95, "weight_decay": 0.005, "steps_per_iteration": null, "pin": false, "model_creator": null, "target_batch_size": 128, "model_string": "resnet50", "min_batch_size": 128, "dataset": "CIFAR", "placement": null, "use_nccl": true, "devices_per_worker": 1, "primary_resource": "extra_gpu", "gpu": false, "verbose": false, "lr_config": {"mode": "log", "steps": 5, "initial_lr": 0.0005, "target_lr": 0.0005}, "batch_per_device": 128}, "time_since_restore": 255.53696393966675, "timesteps_since_restore": 0, "iterations_since_restore": 6, "mean_throughput": 1442.4259232045852, "atoms": 1, "setup_time": 9.829585313796997}
{"apply": 0.01814258098602295, "batch_time": 0.03203773800330826, "d2h": 0.0006834030151367188, "data_time": 0.00186912543938288, "fwd": 0.028165268898010253, "get_state_time_mean": NaN, "get_state_time_total": 0.0, "grad": 0.04828217029571533, "mean_accuracy": 0.4343199908733368, "mean_loss": 1.5423866032791138, "neg_mean_accuracy": -0.46779999136924744, "set_state_time_mean": NaN, "set_state_time_total": 0.0, "setup_model_time_mean": NaN, "setup_model_time_total": 0.0, "setup_proc_time_mean": NaN, "setup_proc_time_total": 0.0, "train_accuracy": 0.43967998027801514, "train_loss": 1.5356293212509156, "training_time_mean": NaN, "training_time_total": 0.0, "val_accuracy": 0.46779999136924744, "val_loss": 1.4437210147857666, "validation_time_mean": NaN, "validation_time_total": 0.0, "samples": 60000, "num_workers": 1, "done": false, "timesteps_total": null, "episodes_total": null, "training_iteration": 7, "neg_mean_loss": -1.5423866032791138, "experiment_id": "0c6d0de631cc4b57be8739b05a9dd7e3", "date": "2019-06-03_03-48-40", "timestamp": 1559558920, "time_this_iter_s": 41.767651319503784, "time_total_s": 297.30461525917053, "pid": 24187, "hostname": "steropes", "node_ip": "169.229.49.254", "config": {"starting_lr": 0.0005, "momentum": 0.95, "weight_decay": 0.005, "steps_per_iteration": null, "pin": false, "model_creator": null, "target_batch_size": 128, "model_string": "resnet50", "min_batch_size": 128, "dataset": "CIFAR", "placement": null, "use_nccl": true, "devices_per_worker": 1, "primary_resource": "extra_gpu", "gpu": false, "verbose": false, "lr_config": {"mode": "log", "steps": 5, "initial_lr": 0.0005, "target_lr": 0.0005}, "batch_per_device": 128}, "time_since_restore": 297.30461525917053, "timesteps_since_restore": 0, "iterations_since_restore": 7, "mean_throughput": 1442.5980473010811, "atoms": 1, "setup_time": 9.829585313796997}
{"apply": 0.01790146827697754, "batch_time": 0.03265699555602255, "d2h": 0.0007004022598266601, "data_time": 0.001889664803624458, "fwd": 0.02809741497039795, "get_state_time_mean": NaN, "get_state_time_total": 0.0, "grad": 0.050675272941589355, "mean_accuracy": 0.4518399894237518, "mean_loss": 1.497241488494873, "neg_mean_accuracy": -0.4777999818325043, "set_state_time_mean": NaN, "set_state_time_total": 0.0, "setup_model_time_mean": NaN, "setup_model_time_total": 0.0, "setup_proc_time_mean": NaN, "setup_proc_time_total": 0.0, "train_accuracy": 0.45739999413490295, "train_loss": 1.4888808443450927, "training_time_mean": NaN, "training_time_total": 0.0, "val_accuracy": 0.4777999818325043, "val_loss": 1.4299862079620362, "validation_time_mean": NaN, "validation_time_total": 0.0, "samples": 60000, "num_workers": 1, "done": false, "timesteps_total": null, "episodes_total": null, "training_iteration": 8, "neg_mean_loss": -1.497241488494873, "experiment_id": "0c6d0de631cc4b57be8739b05a9dd7e3", "date": "2019-06-03_03-49-22", "timestamp": 1559558962, "time_this_iter_s": 41.680217266082764, "time_total_s": 338.9848325252533, "pid": 24187, "hostname": "steropes", "node_ip": "169.229.49.254", "config": {"starting_lr": 0.0005, "momentum": 0.95, "weight_decay": 0.005, "steps_per_iteration": null, "pin": false, "model_creator": null, "target_batch_size": 128, "model_string": "resnet50", "min_batch_size": 128, "dataset": "CIFAR", "placement": null, "use_nccl": true, "devices_per_worker": 1, "primary_resource": "extra_gpu", "gpu": false, "verbose": false, "lr_config": {"mode": "log", "steps": 5, "initial_lr": 0.0005, "target_lr": 0.0005}, "batch_per_device": 128}, "time_since_restore": 338.9848325252533, "timesteps_since_restore": 0, "iterations_since_restore": 8, "mean_throughput": 1442.7110060091334, "atoms": 1, "setup_time": 9.829585313796997}
{"apply": 0.019524455070495605, "batch_time": 0.03224360490147071, "d2h": 0.0007239341735839844, "data_time": 0.0018843189834633753, "fwd": 0.0292722225189209, "get_state_time_mean": NaN, "get_state_time_total": 0.0, "grad": 0.049752330780029295, "mean_accuracy": 0.46777998805046084, "mean_loss": 1.4565419404220583, "neg_mean_accuracy": -0.4950999915599823, "set_state_time_mean": NaN, "set_state_time_total": 0.0, "setup_model_time_mean": NaN, "setup_model_time_total": 0.0, "setup_proc_time_mean": NaN, "setup_proc_time_total": 0.0, "train_accuracy": 0.4735199809074402, "train_loss": 1.4515584362792968, "training_time_mean": NaN, "training_time_total": 0.0, "val_accuracy": 0.4950999915599823, "val_loss": 1.3909804563522339, "validation_time_mean": NaN, "validation_time_total": 0.0, "samples": 60000, "num_workers": 1, "done": false, "timesteps_total": null, "episodes_total": null, "training_iteration": 9, "neg_mean_loss": -1.4565419404220583, "experiment_id": "0c6d0de631cc4b57be8739b05a9dd7e3", "date": "2019-06-03_03-50-03", "timestamp": 1559559003, "time_this_iter_s": 41.71318340301514, "time_total_s": 380.69801592826843, "pid": 24187, "hostname": "steropes", "node_ip": "169.229.49.254", "config": {"starting_lr": 0.0005, "momentum": 0.95, "weight_decay": 0.005, "steps_per_iteration": null, "pin": false, "model_creator": null, "target_batch_size": 128, "model_string": "resnet50", "min_batch_size": 128, "dataset": "CIFAR", "placement": null, "use_nccl": true, "devices_per_worker": 1, "primary_resource": "extra_gpu", "gpu": false, "verbose": false, "lr_config": {"mode": "log", "steps": 5, "initial_lr": 0.0005, "target_lr": 0.0005}, "batch_per_device": 128}, "time_since_restore": 380.69801592826843, "timesteps_since_restore": 0, "iterations_since_restore": 9, "mean_throughput": 1441.3538545527547, "atoms": 1, "setup_time": 9.829585313796997}
{"apply": 0.018506979942321776, "batch_time": 0.032313036013253124, "d2h": 0.0007214784622192383, "data_time": 0.0018718754848860719, "fwd": 0.02924833297729492, "get_state_time_mean": NaN, "get_state_time_total": 0.0, "grad": 0.047980546951293945, "mean_accuracy": 0.4829399824142456, "mean_loss": 1.4183172962570192, "neg_mean_accuracy": -0.5119999647140503, "set_state_time_mean": NaN, "set_state_time_total": 0.0, "setup_model_time_mean": NaN, "setup_model_time_total": 0.0, "setup_proc_time_mean": NaN, "setup_proc_time_total": 0.0, "train_accuracy": 0.4895399808883667, "train_loss": 1.4069927257537842, "training_time_mean": NaN, "training_time_total": 0.0, "val_accuracy": 0.5119999647140503, "val_loss": 1.351190979385376, "validation_time_mean": NaN, "validation_time_total": 0.0, "samples": 60000, "num_workers": 1, "done": false, "timesteps_total": null, "episodes_total": null, "training_iteration": 10, "neg_mean_loss": -1.4183172962570192, "experiment_id": "0c6d0de631cc4b57be8739b05a9dd7e3", "date": "2019-06-03_03-50-45", "timestamp": 1559559045, "time_this_iter_s": 41.45453858375549, "time_total_s": 422.1525545120239, "pid": 24187, "hostname": "steropes", "node_ip": "169.229.49.254", "config": {"starting_lr": 0.0005, "momentum": 0.95, "weight_decay": 0.005, "steps_per_iteration": null, "pin": false, "model_creator": null, "target_batch_size": 128, "model_string": "resnet50", "min_batch_size": 128, "dataset": "CIFAR", "placement": null, "use_nccl": true, "devices_per_worker": 1, "primary_resource": "extra_gpu", "gpu": false, "verbose": false, "lr_config": {"mode": "log", "steps": 5, "initial_lr": 0.0005, "target_lr": 0.0005}, "batch_per_device": 128}, "time_since_restore": 422.1525545120239, "timesteps_since_restore": 0, "iterations_since_restore": 10, "mean_throughput": 1441.6619996309146, "atoms": 1, "setup_time": 9.829585313796997}
{"apply": 0.01799168586730957, "batch_time": 0.032621769965449465, "d2h": 0.000726318359375, "data_time": 0.0018631357061283669, "fwd": 0.02822268009185791, "get_state_time_mean": NaN, "get_state_time_total": 0.0, "grad": 0.04860973358154297, "mean_accuracy": 0.4944799840450287, "mean_loss": 1.3875531433486938, "neg_mean_accuracy": -0.5196999907493591, "set_state_time_mean": NaN, "set_state_time_total": 0.0, "setup_model_time_mean": NaN, "setup_model_time_total": 0.0, "setup_proc_time_mean": NaN, "setup_proc_time_total": 0.0, "train_accuracy": 0.4989599883556366, "train_loss": 1.3814322127151488, "training_time_mean": NaN, "training_time_total": 0.0, "val_accuracy": 0.5196999907493591, "val_loss": 1.3218870582580566, "validation_time_mean": NaN, "validation_time_total": 0.0, "samples": 60000, "num_workers": 1, "done": false, "timesteps_total": null, "episodes_total": null, "training_iteration": 11, "neg_mean_loss": -1.3875531433486938, "experiment_id": "0c6d0de631cc4b57be8739b05a9dd7e3", "date": "2019-06-03_03-51-26", "timestamp": 1559559086, "time_this_iter_s": 41.62167048454285, "time_total_s": 463.7742249965668, "pid": 24187, "hostname": "steropes", "node_ip": "169.229.49.254", "config": {"starting_lr": 0.0005, "momentum": 0.95, "weight_decay": 0.005, "steps_per_iteration": null, "pin": false, "model_creator": null, "target_batch_size": 128, "model_string": "resnet50", "min_batch_size": 128, "dataset": "CIFAR", "placement": null, "use_nccl": true, "devices_per_worker": 1, "primary_resource": "extra_gpu", "gpu": false, "verbose": false, "lr_config": {"mode": "log", "steps": 5, "initial_lr": 0.0005, "target_lr": 0.0005}, "batch_per_device": 128}, "time_since_restore": 463.7742249965668, "timesteps_since_restore": 0, "iterations_since_restore": 11, "mean_throughput": 1440.6613790043732, "atoms": 1, "setup_time": 9.829585313796997}
{"apply": 0.019866538047790528, "batch_time": 0.035870968541012536, "d2h": 0.0007254600524902344, "data_time": 0.0018535324984499256, "fwd": 0.02920401096343994, "get_state_time_mean": NaN, "get_state_time_total": 0.0, "grad": 0.04955978393554687, "mean_accuracy": 0.5055399775505066, "mean_loss": 1.3596610092163086, "neg_mean_accuracy": -0.523099958896637, "set_state_time_mean": NaN, "set_state_time_total": 0.0, "setup_model_time_mean": NaN, "setup_model_time_total": 0.0, "setup_proc_time_mean": NaN, "setup_proc_time_total": 0.0, "train_accuracy": 0.5150399804115295, "train_loss": 1.3413602949523926, "training_time_mean": NaN, "training_time_total": 0.0, "val_accuracy": 0.523099958896637, "val_loss": 1.3042603441238403, "validation_time_mean": NaN, "validation_time_total": 0.0, "samples": 60000, "num_workers": 1, "done": true, "timesteps_total": null, "episodes_total": null, "training_iteration": 12, "neg_mean_loss": -1.3596610092163086, "experiment_id": "0c6d0de631cc4b57be8739b05a9dd7e3", "date": "2019-06-03_03-52-09", "timestamp": 1559559129, "time_this_iter_s": 42.06419610977173, "time_total_s": 505.8384211063385, "pid": 24187, "hostname": "steropes", "node_ip": "169.229.49.254", "config": {"starting_lr": 0.0005, "momentum": 0.95, "weight_decay": 0.005, "steps_per_iteration": null, "pin": false, "model_creator": null, "target_batch_size": 128, "model_string": "resnet50", "min_batch_size": 128, "dataset": "CIFAR", "placement": null, "use_nccl": true, "devices_per_worker": 1, "primary_resource": "extra_gpu", "gpu": false, "verbose": false, "lr_config": {"mode": "log", "steps": 5, "initial_lr": 0.0005, "target_lr": 0.0005}, "batch_per_device": 128}, "time_since_restore": 505.8384211063385, "timesteps_since_restore": 0, "iterations_since_restore": 12, "mean_throughput": 1438.6126758767746, "atoms": 1, "setup_time": 9.829585313796997}
