apply,batch_time,d2h,data_time,fwd,get_state_time_mean,get_state_time_total,grad,mean_accuracy,mean_loss,neg_mean_accuracy,set_state_time_mean,set_state_time_total,setup_model_time_mean,setup_model_time_total,setup_proc_time_mean,setup_proc_time_total,train_accuracy,train_loss,training_time_mean,training_time_total,val_accuracy,val_loss,validation_time_mean,validation_time_total,samples,num_workers,done,timesteps_total,episodes_total,training_iteration,neg_mean_loss,experiment_id,date,timestamp,time_this_iter_s,time_total_s,pid,hostname,node_ip,config,time_since_restore,timesteps_since_restore,iterations_since_restore,mean_throughput,atoms,setup_time
0.017964720726013184,0.04700986041298395,0.0007146596908569336,0.001824011888040606,0.18994715213775634,nan,0.0,0.1908353805541992,0.38109999895095825,2.0198454570770266,-0.38109999895095825,nan,0.0,23.54819130897522,23.54819130897522,1.66642427444458,1.66642427444458,0.2673400044441223,2.3512296226501466,nan,0.0,0.38109999895095825,2.0198454570770266,nan,0.0,60000,1,False,,,1,-2.0198454570770266,b2c996b85a07444cbca0de1684233b21,2019-06-03_22-06-16,1559624776,48.00689125061035,48.00689125061035,6867,steropes,169.229.49.254,"{'starting_lr': 0.005, 'momentum': 0.9, 'weight_decay': 0.0001, 'steps_per_iteration': None, 'pin': False, 'model_creator': None, 'target_batch_size': 128, 'model_string': 'resnet50', 'min_batch_size': 128, 'dataset': 'CIFAR', 'placement': None, 'use_nccl': True, 'devices_per_worker': 1, 'primary_resource': 'extra_gpu', 'gpu': False, 'verbose': False, 'lr_config': {'mode': 'log', 'steps': 5, 'initial_lr': 0.005, 'target_lr': 0.005}, 'batch_per_device': 128}",48.00689125061035,0,1,1249.8181639917618,1,25.320262908935547
0.01790316104888916,0.03197436091266101,0.0007514715194702149,0.0017834026795214095,0.028171133995056153,nan,0.0,0.04842529296875,0.41279999911785126,2.249080104827881,-0.44449999928474426,nan,0.0,nan,0.0,nan,0.0,0.37393999099731445,1.8604557306671143,nan,0.0,0.44449999928474426,2.4783147525787355,nan,0.0,60000,1,False,,,2,-2.249080104827881,b2c996b85a07444cbca0de1684233b21,2019-06-03_22-06-57,1559624817,41.30283713340759,89.30972838401794,6867,steropes,169.229.49.254,"{'starting_lr': 0.005, 'momentum': 0.9, 'weight_decay': 0.0001, 'steps_per_iteration': None, 'pin': False, 'model_creator': None, 'target_batch_size': 128, 'model_string': 'resnet50', 'min_batch_size': 128, 'dataset': 'CIFAR', 'placement': None, 'use_nccl': True, 'devices_per_worker': 1, 'primary_resource': 'extra_gpu', 'gpu': False, 'verbose': False, 'lr_config': {'mode': 'log', 'steps': 5, 'initial_lr': 0.005, 'target_lr': 0.005}, 'batch_per_device': 128}",89.30972838401794,0,2,1343.6330688083278,1,25.320262908935547
0.019974350929260254,0.03244634821445127,0.0007561922073364257,0.0017928327136027538,0.030385637283325197,nan,0.0,0.04954459667205811,0.4297333260377248,2.0047616861979165,-0.4635999798774719,nan,0.0,nan,0.0,nan,0.0,0.42305999994277954,1.69020893825531,nan,0.0,0.4635999798774719,1.5161248489379884,nan,0.0,60000,1,False,,,3,-2.0047616861979165,b2c996b85a07444cbca0de1684233b21,2019-06-03_22-07-38,1559624858,41.26103162765503,130.57076001167297,6867,steropes,169.229.49.254,"{'starting_lr': 0.005, 'momentum': 0.9, 'weight_decay': 0.0001, 'steps_per_iteration': None, 'pin': False, 'model_creator': None, 'target_batch_size': 128, 'model_string': 'resnet50', 'min_batch_size': 128, 'dataset': 'CIFAR', 'placement': None, 'use_nccl': True, 'devices_per_worker': 1, 'primary_resource': 'extra_gpu', 'gpu': False, 'verbose': False, 'lr_config': {'mode': 'log', 'steps': 5, 'initial_lr': 0.005, 'target_lr': 0.005}, 'batch_per_device': 128}",130.57076001167297,0,3,1378.5581450733357,1,25.320262908935547
0.018007636070251465,0.03157168098642856,0.0006747722625732421,0.0018898440748834244,0.02820322513580322,nan,0.0,0.04839329719543457,0.4371499940752983,1.8700287612915039,-0.4593999981880188,nan,0.0,nan,0.0,nan,0.0,0.4401399791240692,1.6452974835586547,nan,0.0,0.4593999981880188,1.4658299865722657,nan,0.0,60000,1,False,,,4,-1.8700287612915039,b2c996b85a07444cbca0de1684233b21,2019-06-03_22-08-20,1559624900,41.42689919471741,171.99765920639038,6867,steropes,169.229.49.254,"{'starting_lr': 0.005, 'momentum': 0.9, 'weight_decay': 0.0001, 'steps_per_iteration': None, 'pin': False, 'model_creator': None, 'target_batch_size': 128, 'model_string': 'resnet50', 'min_batch_size': 128, 'dataset': 'CIFAR', 'placement': None, 'use_nccl': True, 'devices_per_worker': 1, 'primary_resource': 'extra_gpu', 'gpu': False, 'verbose': False, 'lr_config': {'mode': 'log', 'steps': 5, 'initial_lr': 0.005, 'target_lr': 0.005}, 'batch_per_device': 128}",171.99765920639038,0,4,1395.363602812545,1,25.320262908935547
0.019178080558776855,0.03212757352032239,0.000731658935546875,0.001795613247415294,0.029216456413269042,nan,0.0,0.0487917423248291,0.4505799949169159,1.7686618716430664,-0.5042999982833862,nan,0.0,nan,0.0,nan,0.0,0.4731599986553192,1.5527403700637816,nan,0.0,0.5042999982833862,1.3631943130493165,nan,0.0,60000,1,False,,,5,-1.7686618716430664,b2c996b85a07444cbca0de1684233b21,2019-06-03_22-09-01,1559624941,41.54308104515076,213.54074025154114,6867,steropes,169.229.49.254,"{'starting_lr': 0.005, 'momentum': 0.9, 'weight_decay': 0.0001, 'steps_per_iteration': None, 'pin': False, 'model_creator': None, 'target_batch_size': 128, 'model_string': 'resnet50', 'min_batch_size': 128, 'dataset': 'CIFAR', 'placement': None, 'use_nccl': True, 'devices_per_worker': 1, 'primary_resource': 'extra_gpu', 'gpu': False, 'verbose': False, 'lr_config': {'mode': 'log', 'steps': 5, 'initial_lr': 0.005, 'target_lr': 0.005}, 'batch_per_device': 128}",213.54074025154114,0,5,1404.8801987317256,1,25.320262908935547
0.018071675300598146,0.03270304052135612,0.0007030487060546875,0.0017959022765879132,0.027897953987121582,nan,0.0,0.047554755210876466,0.4811799943447113,1.6228290382385253,-0.5340999960899353,nan,0.0,nan,0.0,nan,0.0,0.4980599880218506,1.4618896271896362,nan,0.0,0.5340999960899353,1.2906812900543212,nan,0.0,60000,1,False,,,6,-1.6228290382385253,b2c996b85a07444cbca0de1684233b21,2019-06-03_22-09-42,1559624982,41.20440053939819,254.74514079093933,6867,steropes,169.229.49.254,"{'starting_lr': 0.005, 'momentum': 0.9, 'weight_decay': 0.0001, 'steps_per_iteration': None, 'pin': False, 'model_creator': None, 'target_batch_size': 128, 'model_string': 'resnet50', 'min_batch_size': 128, 'dataset': 'CIFAR', 'placement': None, 'use_nccl': True, 'devices_per_worker': 1, 'primary_resource': 'extra_gpu', 'gpu': False, 'verbose': False, 'lr_config': {'mode': 'log', 'steps': 5, 'initial_lr': 0.005, 'target_lr': 0.005}, 'batch_per_device': 128}",254.74514079093933,0,6,1451.1062090756038,1,25.320262908935547
0.019488191604614256,0.03162672549863405,0.0007027864456176757,0.0018336138761866733,0.03010396957397461,nan,0.0,0.0484886646270752,0.4998799920082092,1.3814066787719725,-0.5379999876022339,nan,0.0,nan,0.0,nan,0.0,0.5145400166511536,1.4403344367599487,nan,0.0,0.5379999876022339,1.2712029552459716,nan,0.0,60000,1,False,,,7,-1.3814066787719725,b2c996b85a07444cbca0de1684233b21,2019-06-03_22-10-24,1559625024,41.59553623199463,296.34067702293396,6867,steropes,169.229.49.254,"{'starting_lr': 0.005, 'momentum': 0.9, 'weight_decay': 0.0001, 'steps_per_iteration': None, 'pin': False, 'model_creator': None, 'target_batch_size': 128, 'model_string': 'resnet50', 'min_batch_size': 128, 'dataset': 'CIFAR', 'placement': None, 'use_nccl': True, 'devices_per_worker': 1, 'primary_resource': 'extra_gpu', 'gpu': False, 'verbose': False, 'lr_config': {'mode': 'log', 'steps': 5, 'initial_lr': 0.005, 'target_lr': 0.005}, 'batch_per_device': 128}",296.34067702293396,0,7,1449.0560614322073,1,25.320262908935547
0.017873001098632813,0.03165729136406621,0.0007033348083496094,0.0018174983656314937,0.027805018424987792,nan,0.0,0.048078060150146484,0.5188399910926819,1.3224764965438844,-0.5583999752998352,nan,0.0,nan,0.0,nan,0.0,0.5268399715423584,1.390359666786194,nan,0.0,0.5583999752998352,1.2214739377975463,nan,0.0,60000,1,False,,,8,-1.3224764965438844,b2c996b85a07444cbca0de1684233b21,2019-06-03_22-11-05,1559625065,41.295719146728516,337.6363961696625,6867,steropes,169.229.49.254,"{'starting_lr': 0.005, 'momentum': 0.9, 'weight_decay': 0.0001, 'steps_per_iteration': None, 'pin': False, 'model_creator': None, 'target_batch_size': 128, 'model_string': 'resnet50', 'min_batch_size': 128, 'dataset': 'CIFAR', 'placement': None, 'use_nccl': True, 'devices_per_worker': 1, 'primary_resource': 'extra_gpu', 'gpu': False, 'verbose': False, 'lr_config': {'mode': 'log', 'steps': 5, 'initial_lr': 0.005, 'target_lr': 0.005}, 'batch_per_device': 128}",337.6363961696625,0,8,1448.8133335005953,1,25.320262908935547
0.017729711532592774,0.031510057328622554,0.0007378101348876953,0.0017867935892870968,0.02792375087738037,nan,0.0,0.048482513427734374,0.5359999895095825,1.2800615124130248,-0.545199990272522,nan,0.0,nan,0.0,nan,0.0,0.543720006942749,1.3318608502960205,nan,0.0,0.545199990272522,1.2537550659179688,nan,0.0,60000,1,False,,,9,-1.2800615124130248,b2c996b85a07444cbca0de1684233b21,2019-06-03_22-11-46,1559625106,41.19085764884949,378.82725381851196,6867,steropes,169.229.49.254,"{'starting_lr': 0.005, 'momentum': 0.9, 'weight_decay': 0.0001, 'steps_per_iteration': None, 'pin': False, 'model_creator': None, 'target_batch_size': 128, 'model_string': 'resnet50', 'min_batch_size': 128, 'dataset': 'CIFAR', 'placement': None, 'use_nccl': True, 'devices_per_worker': 1, 'primary_resource': 'extra_gpu', 'gpu': False, 'verbose': False, 'lr_config': {'mode': 'log', 'steps': 5, 'initial_lr': 0.005, 'target_lr': 0.005}, 'batch_per_device': 128}",378.82725381851196,0,9,1450.4667578878273,1,25.320262908935547
0.01780672073364258,0.031313014935843556,0.000787806510925293,0.0018354535407727331,0.027837753295898438,nan,0.0,0.04892611503601074,0.5507399916648865,1.2440657414627077,-0.578000009059906,nan,0.0,nan,0.0,nan,0.0,0.5559799671173096,1.2994510013580323,nan,0.0,0.578000009059906,1.1832154582977294,nan,0.0,60000,1,False,,,10,-1.2440657414627077,b2c996b85a07444cbca0de1684233b21,2019-06-03_22-12-28,1559625148,41.45645880699158,420.28371262550354,6867,steropes,169.229.49.254,"{'starting_lr': 0.005, 'momentum': 0.9, 'weight_decay': 0.0001, 'steps_per_iteration': None, 'pin': False, 'model_creator': None, 'target_batch_size': 128, 'model_string': 'resnet50', 'min_batch_size': 128, 'dataset': 'CIFAR', 'placement': None, 'use_nccl': True, 'devices_per_worker': 1, 'primary_resource': 'extra_gpu', 'gpu': False, 'verbose': False, 'lr_config': {'mode': 'log', 'steps': 5, 'initial_lr': 0.005, 'target_lr': 0.005}, 'batch_per_device': 128}",420.28371262550354,0,10,1451.0745009092775,1,25.320262908935547
0.01804678440093994,0.0316509325293046,0.0007371902465820312,0.0018062067153813588,0.028210139274597167,nan,0.0,0.048673701286315915,0.5618999838829041,1.2147140026474,-0.5898999571800232,nan,0.0,nan,0.0,nan,0.0,0.5676800012588501,1.2565483055496216,nan,0.0,0.5898999571800232,1.1439225959777832,nan,0.0,60000,1,False,,,11,-1.2147140026474,b2c996b85a07444cbca0de1684233b21,2019-06-03_22-13-09,1559625189,41.43015789985657,461.7138705253601,6867,steropes,169.229.49.254,"{'starting_lr': 0.005, 'momentum': 0.9, 'weight_decay': 0.0001, 'steps_per_iteration': None, 'pin': False, 'model_creator': None, 'target_batch_size': 128, 'model_string': 'resnet50', 'min_batch_size': 128, 'dataset': 'CIFAR', 'placement': None, 'use_nccl': True, 'devices_per_worker': 1, 'primary_resource': 'extra_gpu', 'gpu': False, 'verbose': False, 'lr_config': {'mode': 'log', 'steps': 5, 'initial_lr': 0.005, 'target_lr': 0.005}, 'batch_per_device': 128}",461.7138705253601,0,11,1449.4915687590067,1,25.320262908935547
0.019802427291870116,0.031949529164954076,0.000705552101135254,0.0018188953399658203,0.028866839408874512,nan,0.0,0.05013217926025391,0.5738799810409546,1.185101870689392,-0.5978999733924866,nan,0.0,nan,0.0,nan,0.0,0.5769999623298645,1.250970866622925,nan,0.0,0.5978999733924866,1.1231422954559327,nan,0.0,60000,1,False,,,12,-1.185101870689392,b2c996b85a07444cbca0de1684233b21,2019-06-03_22-13-51,1559625231,41.49054288864136,503.20441341400146,6867,steropes,169.229.49.254,"{'starting_lr': 0.005, 'momentum': 0.9, 'weight_decay': 0.0001, 'steps_per_iteration': None, 'pin': False, 'model_creator': None, 'target_batch_size': 128, 'model_string': 'resnet50', 'min_batch_size': 128, 'dataset': 'CIFAR', 'placement': None, 'use_nccl': True, 'devices_per_worker': 1, 'primary_resource': 'extra_gpu', 'gpu': False, 'verbose': False, 'lr_config': {'mode': 'log', 'steps': 5, 'initial_lr': 0.005, 'target_lr': 0.005}, 'batch_per_device': 128}",503.20441341400146,0,12,1450.2272109209025,1,25.320262908935547
0.018125224113464355,0.032268358182303516,0.0008284330368041992,0.0018384590783082615,0.02871887683868408,nan,0.0,0.048093986511230466,0.5717199802398681,1.1920555366516115,-0.5475999712944031,nan,0.0,nan,0.0,nan,0.0,0.5018599629402161,1.4389023351669312,nan,0.0,0.5475999712944031,1.2562422676086427,nan,0.0,60000,1,False,,,13,-1.1920555366516115,b2c996b85a07444cbca0de1684233b21,2019-06-03_22-14-33,1559625273,41.690388917922974,544.8948023319244,6867,steropes,169.229.49.254,"{'starting_lr': 0.005, 'momentum': 0.9, 'weight_decay': 0.0001, 'steps_per_iteration': None, 'pin': False, 'model_creator': None, 'target_batch_size': 128, 'model_string': 'resnet50', 'min_batch_size': 128, 'dataset': 'CIFAR', 'placement': None, 'use_nccl': True, 'devices_per_worker': 1, 'primary_resource': 'extra_gpu', 'gpu': False, 'verbose': False, 'lr_config': {'mode': 'log', 'steps': 5, 'initial_lr': 0.005, 'target_lr': 0.005}, 'batch_per_device': 128}",544.8948023319244,0,13,1447.4652491250347,1,25.320262908935547
0.01753385066986084,0.03158589254451703,0.0006197690963745117,0.0018313132283632712,0.028195834159851073,nan,0.0,0.047634243965148926,0.5808199763298034,1.171532128982544,-0.5906999707221985,nan,0.0,nan,0.0,nan,0.0,0.5440199971199036,1.3385423068237305,nan,0.0,0.5906999707221985,1.1511380275726317,nan,0.0,60000,1,False,,,14,-1.171532128982544,b2c996b85a07444cbca0de1684233b21,2019-06-03_22-15-13,1559625313,40.57541608810425,585.4702184200287,6867,steropes,169.229.49.254,"{'starting_lr': 0.005, 'momentum': 0.9, 'weight_decay': 0.0001, 'steps_per_iteration': None, 'pin': False, 'model_creator': None, 'target_batch_size': 128, 'model_string': 'resnet50', 'min_batch_size': 128, 'dataset': 'CIFAR', 'placement': None, 'use_nccl': True, 'devices_per_worker': 1, 'primary_resource': 'extra_gpu', 'gpu': False, 'verbose': False, 'lr_config': {'mode': 'log', 'steps': 5, 'initial_lr': 0.005, 'target_lr': 0.005}, 'batch_per_device': 128}",585.4702184200287,0,14,1451.7761796413524,1,25.320262908935547
0.017563223838806152,0.031953060174290136,0.0006967782974243164,0.0017841319598810143,0.027938652038574218,nan,0.0,0.04768202304840088,0.5851799726486206,1.1579433422088623,-0.5997999906539917,nan,0.0,nan,0.0,nan,0.0,0.5785599946975708,1.2437852138519288,nan,0.0,0.5997999906539917,1.1152715244293212,nan,0.0,60000,1,False,,,15,-1.1579433422088623,b2c996b85a07444cbca0de1684233b21,2019-06-03_22-15-54,1559625354,40.43114924430847,625.9013676643372,6867,steropes,169.229.49.254,"{'starting_lr': 0.005, 'momentum': 0.9, 'weight_decay': 0.0001, 'steps_per_iteration': None, 'pin': False, 'model_creator': None, 'target_batch_size': 128, 'model_string': 'resnet50', 'min_batch_size': 128, 'dataset': 'CIFAR', 'placement': None, 'use_nccl': True, 'devices_per_worker': 1, 'primary_resource': 'extra_gpu', 'gpu': False, 'verbose': False, 'lr_config': {'mode': 'log', 'steps': 5, 'initial_lr': 0.005, 'target_lr': 0.005}, 'batch_per_device': 128}",625.9013676643372,0,15,1459.0154234175334,1,25.320262908935547
0.01755242347717285,0.0318786132184765,0.0006371498107910156,0.0018319175066545492,0.027876853942871094,nan,0.0,0.047859025001525876,0.5906799793243408,1.1442646376800538,-0.6173999905586243,nan,0.0,nan,0.0,nan,0.0,0.602620005607605,1.1826014778518676,nan,0.0,0.6173999905586243,1.0755290733337401,nan,0.0,60000,1,False,,,16,-1.1442646376800538,b2c996b85a07444cbca0de1684233b21,2019-06-03_22-16-34,1559625394,40.52850008010864,666.4298677444458,6867,steropes,169.229.49.254,"{'starting_lr': 0.005, 'momentum': 0.9, 'weight_decay': 0.0001, 'steps_per_iteration': None, 'pin': False, 'model_creator': None, 'target_batch_size': 128, 'model_string': 'resnet50', 'min_batch_size': 128, 'dataset': 'CIFAR', 'placement': None, 'use_nccl': True, 'devices_per_worker': 1, 'primary_resource': 'extra_gpu', 'gpu': False, 'verbose': False, 'lr_config': {'mode': 'log', 'steps': 5, 'initial_lr': 0.005, 'target_lr': 0.005}, 'batch_per_device': 128}",666.4298677444458,0,16,1465.441663622658,1,25.320262908935547
0.017344570159912108,0.0320035747334927,0.0006374359130859375,0.0017880984889271925,0.027402281761169434,nan,0.0,0.04735167026519775,0.5973799824714661,1.1294453576278687,-0.6313999891281128,nan,0.0,nan,0.0,nan,0.0,0.6144799590110779,1.1343757656097413,nan,0.0,0.6313999891281128,1.0490458951950072,nan,0.0,60000,1,False,,,17,-1.1294453576278687,b2c996b85a07444cbca0de1684233b21,2019-06-03_22-17-15,1559625435,40.48625063896179,706.9161183834076,6867,steropes,169.229.49.254,"{'starting_lr': 0.005, 'momentum': 0.9, 'weight_decay': 0.0001, 'steps_per_iteration': None, 'pin': False, 'model_creator': None, 'target_batch_size': 128, 'model_string': 'resnet50', 'min_batch_size': 128, 'dataset': 'CIFAR', 'placement': None, 'use_nccl': True, 'devices_per_worker': 1, 'primary_resource': 'extra_gpu', 'gpu': False, 'verbose': False, 'lr_config': {'mode': 'log', 'steps': 5, 'initial_lr': 0.005, 'target_lr': 0.005}, 'batch_per_device': 128}",706.9161183834076,0,17,1472.6662737024546,1,25.320262908935547
0.017610788345336914,0.03154876564122454,0.0006696462631225586,0.0018177819069084304,0.02831251621246338,nan,0.0,0.04791769981384277,0.6160599827766419,1.0806928429031373,-0.640999972820282,nan,0.0,nan,0.0,nan,0.0,0.6231200098991394,1.1128888598251343,nan,0.0,0.640999972820282,1.0124796939849854,nan,0.0,60000,1,False,,,18,-1.0806928429031373,b2c996b85a07444cbca0de1684233b21,2019-06-03_22-17-55,1559625475,40.41090130805969,747.3270196914673,6867,steropes,169.229.49.254,"{'starting_lr': 0.005, 'momentum': 0.9, 'weight_decay': 0.0001, 'steps_per_iteration': None, 'pin': False, 'model_creator': None, 'target_batch_size': 128, 'model_string': 'resnet50', 'min_batch_size': 128, 'dataset': 'CIFAR', 'placement': None, 'use_nccl': True, 'devices_per_worker': 1, 'primary_resource': 'extra_gpu', 'gpu': False, 'verbose': False, 'lr_config': {'mode': 'log', 'steps': 5, 'initial_lr': 0.005, 'target_lr': 0.005}, 'batch_per_device': 128}",747.3270196914673,0,18,1481.9742907473835,1,25.320262908935547
0.017882013320922853,0.031488252591483204,0.0006434202194213867,0.0018188581442284157,0.028285288810729982,nan,0.0,0.047257184982299805,0.6289199829101563,1.0477682194137574,-0.6549999713897705,nan,0.0,nan,0.0,nan,0.0,0.6344799995422363,1.0863404870223998,nan,0.0,0.6549999713897705,0.9865149101257324,nan,0.0,60000,1,False,,,19,-1.0477682194137574,b2c996b85a07444cbca0de1684233b21,2019-06-03_22-18-36,1559625516,40.61468172073364,787.9417014122009,6867,steropes,169.229.49.254,"{'starting_lr': 0.005, 'momentum': 0.9, 'weight_decay': 0.0001, 'steps_per_iteration': None, 'pin': False, 'model_creator': None, 'target_batch_size': 128, 'model_string': 'resnet50', 'min_batch_size': 128, 'dataset': 'CIFAR', 'placement': None, 'use_nccl': True, 'devices_per_worker': 1, 'primary_resource': 'extra_gpu', 'gpu': False, 'verbose': False, 'lr_config': {'mode': 'log', 'steps': 5, 'initial_lr': 0.005, 'target_lr': 0.005}, 'batch_per_device': 128}",787.9417014122009,0,19,1481.6868756722438,1,25.320262908935547
0.017665958404541014,0.03165720686127868,0.0006722450256347656,0.0017903662093764986,0.027643036842346192,nan,0.0,0.04750704765319824,0.6398399829864502,1.0275102700042724,-0.6543999910354614,nan,0.0,nan,0.0,nan,0.0,0.6409599781036377,1.0635491901016236,nan,0.0,0.6543999910354614,1.0139817773818969,nan,0.0,60000,1,False,,,20,-1.0275102700042724,b2c996b85a07444cbca0de1684233b21,2019-06-03_22-19-16,1559625556,40.55606937408447,828.4977707862854,6867,steropes,169.229.49.254,"{'starting_lr': 0.005, 'momentum': 0.9, 'weight_decay': 0.0001, 'steps_per_iteration': None, 'pin': False, 'model_creator': None, 'target_batch_size': 128, 'model_string': 'resnet50', 'min_batch_size': 128, 'dataset': 'CIFAR', 'placement': None, 'use_nccl': True, 'devices_per_worker': 1, 'primary_resource': 'extra_gpu', 'gpu': False, 'verbose': False, 'lr_config': {'mode': 'log', 'steps': 5, 'initial_lr': 0.005, 'target_lr': 0.005}, 'batch_per_device': 128}",828.4977707862854,0,20,1480.773254586572,1,25.320262908935547
