{"apply": 0.017964720726013184, "batch_time": 0.04700986041298395, "d2h": 0.0007146596908569336, "data_time": 0.001824011888040606, "fwd": 0.18994715213775634, "get_state_time_mean": NaN, "get_state_time_total": 0.0, "grad": 0.1908353805541992, "mean_accuracy": 0.38109999895095825, "mean_loss": 2.0198454570770266, "neg_mean_accuracy": -0.38109999895095825, "set_state_time_mean": NaN, "set_state_time_total": 0.0, "setup_model_time_mean": 23.54819130897522, "setup_model_time_total": 23.54819130897522, "setup_proc_time_mean": 1.66642427444458, "setup_proc_time_total": 1.66642427444458, "train_accuracy": 0.2673400044441223, "train_loss": 2.3512296226501466, "training_time_mean": NaN, "training_time_total": 0.0, "val_accuracy": 0.38109999895095825, "val_loss": 2.0198454570770266, "validation_time_mean": NaN, "validation_time_total": 0.0, "samples": 60000, "num_workers": 1, "done": false, "timesteps_total": null, "episodes_total": null, "training_iteration": 1, "neg_mean_loss": -2.0198454570770266, "experiment_id": "b2c996b85a07444cbca0de1684233b21", "date": "2019-06-03_22-06-16", "timestamp": 1559624776, "time_this_iter_s": 48.00689125061035, "time_total_s": 48.00689125061035, "pid": 6867, "hostname": "steropes", "node_ip": "169.229.49.254", "config": {"starting_lr": 0.005, "momentum": 0.9, "weight_decay": 0.0001, "steps_per_iteration": null, "pin": false, "model_creator": null, "target_batch_size": 128, "model_string": "resnet50", "min_batch_size": 128, "dataset": "CIFAR", "placement": null, "use_nccl": true, "devices_per_worker": 1, "primary_resource": "extra_gpu", "gpu": false, "verbose": false, "lr_config": {"mode": "log", "steps": 5, "initial_lr": 0.005, "target_lr": 0.005}, "batch_per_device": 128}, "time_since_restore": 48.00689125061035, "timesteps_since_restore": 0, "iterations_since_restore": 1, "mean_throughput": 1249.8181639917618, "atoms": 1, "setup_time": 25.320262908935547}
{"apply": 0.01790316104888916, "batch_time": 0.03197436091266101, "d2h": 0.0007514715194702149, "data_time": 0.0017834026795214095, "fwd": 0.028171133995056153, "get_state_time_mean": NaN, "get_state_time_total": 0.0, "grad": 0.04842529296875, "mean_accuracy": 0.41279999911785126, "mean_loss": 2.249080104827881, "neg_mean_accuracy": -0.44449999928474426, "set_state_time_mean": NaN, "set_state_time_total": 0.0, "setup_model_time_mean": NaN, "setup_model_time_total": 0.0, "setup_proc_time_mean": NaN, "setup_proc_time_total": 0.0, "train_accuracy": 0.37393999099731445, "train_loss": 1.8604557306671143, "training_time_mean": NaN, "training_time_total": 0.0, "val_accuracy": 0.44449999928474426, "val_loss": 2.4783147525787355, "validation_time_mean": NaN, "validation_time_total": 0.0, "samples": 60000, "num_workers": 1, "done": false, "timesteps_total": null, "episodes_total": null, "training_iteration": 2, "neg_mean_loss": -2.249080104827881, "experiment_id": "b2c996b85a07444cbca0de1684233b21", "date": "2019-06-03_22-06-57", "timestamp": 1559624817, "time_this_iter_s": 41.30283713340759, "time_total_s": 89.30972838401794, "pid": 6867, "hostname": "steropes", "node_ip": "169.229.49.254", "config": {"starting_lr": 0.005, "momentum": 0.9, "weight_decay": 0.0001, "steps_per_iteration": null, "pin": false, "model_creator": null, "target_batch_size": 128, "model_string": "resnet50", "min_batch_size": 128, "dataset": "CIFAR", "placement": null, "use_nccl": true, "devices_per_worker": 1, "primary_resource": "extra_gpu", "gpu": false, "verbose": false, "lr_config": {"mode": "log", "steps": 5, "initial_lr": 0.005, "target_lr": 0.005}, "batch_per_device": 128}, "time_since_restore": 89.30972838401794, "timesteps_since_restore": 0, "iterations_since_restore": 2, "mean_throughput": 1343.6330688083278, "atoms": 1, "setup_time": 25.320262908935547}
{"apply": 0.019974350929260254, "batch_time": 0.03244634821445127, "d2h": 0.0007561922073364257, "data_time": 0.0017928327136027538, "fwd": 0.030385637283325197, "get_state_time_mean": NaN, "get_state_time_total": 0.0, "grad": 0.04954459667205811, "mean_accuracy": 0.4297333260377248, "mean_loss": 2.0047616861979165, "neg_mean_accuracy": -0.4635999798774719, "set_state_time_mean": NaN, "set_state_time_total": 0.0, "setup_model_time_mean": NaN, "setup_model_time_total": 0.0, "setup_proc_time_mean": NaN, "setup_proc_time_total": 0.0, "train_accuracy": 0.42305999994277954, "train_loss": 1.69020893825531, "training_time_mean": NaN, "training_time_total": 0.0, "val_accuracy": 0.4635999798774719, "val_loss": 1.5161248489379884, "validation_time_mean": NaN, "validation_time_total": 0.0, "samples": 60000, "num_workers": 1, "done": false, "timesteps_total": null, "episodes_total": null, "training_iteration": 3, "neg_mean_loss": -2.0047616861979165, "experiment_id": "b2c996b85a07444cbca0de1684233b21", "date": "2019-06-03_22-07-38", "timestamp": 1559624858, "time_this_iter_s": 41.26103162765503, "time_total_s": 130.57076001167297, "pid": 6867, "hostname": "steropes", "node_ip": "169.229.49.254", "config": {"starting_lr": 0.005, "momentum": 0.9, "weight_decay": 0.0001, "steps_per_iteration": null, "pin": false, "model_creator": null, "target_batch_size": 128, "model_string": "resnet50", "min_batch_size": 128, "dataset": "CIFAR", "placement": null, "use_nccl": true, "devices_per_worker": 1, "primary_resource": "extra_gpu", "gpu": false, "verbose": false, "lr_config": {"mode": "log", "steps": 5, "initial_lr": 0.005, "target_lr": 0.005}, "batch_per_device": 128}, "time_since_restore": 130.57076001167297, "timesteps_since_restore": 0, "iterations_since_restore": 3, "mean_throughput": 1378.5581450733357, "atoms": 1, "setup_time": 25.320262908935547}
{"apply": 0.018007636070251465, "batch_time": 0.03157168098642856, "d2h": 0.0006747722625732421, "data_time": 0.0018898440748834244, "fwd": 0.02820322513580322, "get_state_time_mean": NaN, "get_state_time_total": 0.0, "grad": 0.04839329719543457, "mean_accuracy": 0.4371499940752983, "mean_loss": 1.8700287612915039, "neg_mean_accuracy": -0.4593999981880188, "set_state_time_mean": NaN, "set_state_time_total": 0.0, "setup_model_time_mean": NaN, "setup_model_time_total": 0.0, "setup_proc_time_mean": NaN, "setup_proc_time_total": 0.0, "train_accuracy": 0.4401399791240692, "train_loss": 1.6452974835586547, "training_time_mean": NaN, "training_time_total": 0.0, "val_accuracy": 0.4593999981880188, "val_loss": 1.4658299865722657, "validation_time_mean": NaN, "validation_time_total": 0.0, "samples": 60000, "num_workers": 1, "done": false, "timesteps_total": null, "episodes_total": null, "training_iteration": 4, "neg_mean_loss": -1.8700287612915039, "experiment_id": "b2c996b85a07444cbca0de1684233b21", "date": "2019-06-03_22-08-20", "timestamp": 1559624900, "time_this_iter_s": 41.42689919471741, "time_total_s": 171.99765920639038, "pid": 6867, "hostname": "steropes", "node_ip": "169.229.49.254", "config": {"starting_lr": 0.005, "momentum": 0.9, "weight_decay": 0.0001, "steps_per_iteration": null, "pin": false, "model_creator": null, "target_batch_size": 128, "model_string": "resnet50", "min_batch_size": 128, "dataset": "CIFAR", "placement": null, "use_nccl": true, "devices_per_worker": 1, "primary_resource": "extra_gpu", "gpu": false, "verbose": false, "lr_config": {"mode": "log", "steps": 5, "initial_lr": 0.005, "target_lr": 0.005}, "batch_per_device": 128}, "time_since_restore": 171.99765920639038, "timesteps_since_restore": 0, "iterations_since_restore": 4, "mean_throughput": 1395.363602812545, "atoms": 1, "setup_time": 25.320262908935547}
{"apply": 0.019178080558776855, "batch_time": 0.03212757352032239, "d2h": 0.000731658935546875, "data_time": 0.001795613247415294, "fwd": 0.029216456413269042, "get_state_time_mean": NaN, "get_state_time_total": 0.0, "grad": 0.0487917423248291, "mean_accuracy": 0.4505799949169159, "mean_loss": 1.7686618716430664, "neg_mean_accuracy": -0.5042999982833862, "set_state_time_mean": NaN, "set_state_time_total": 0.0, "setup_model_time_mean": NaN, "setup_model_time_total": 0.0, "setup_proc_time_mean": NaN, "setup_proc_time_total": 0.0, "train_accuracy": 0.4731599986553192, "train_loss": 1.5527403700637816, "training_time_mean": NaN, "training_time_total": 0.0, "val_accuracy": 0.5042999982833862, "val_loss": 1.3631943130493165, "validation_time_mean": NaN, "validation_time_total": 0.0, "samples": 60000, "num_workers": 1, "done": false, "timesteps_total": null, "episodes_total": null, "training_iteration": 5, "neg_mean_loss": -1.7686618716430664, "experiment_id": "b2c996b85a07444cbca0de1684233b21", "date": "2019-06-03_22-09-01", "timestamp": 1559624941, "time_this_iter_s": 41.54308104515076, "time_total_s": 213.54074025154114, "pid": 6867, "hostname": "steropes", "node_ip": "169.229.49.254", "config": {"starting_lr": 0.005, "momentum": 0.9, "weight_decay": 0.0001, "steps_per_iteration": null, "pin": false, "model_creator": null, "target_batch_size": 128, "model_string": "resnet50", "min_batch_size": 128, "dataset": "CIFAR", "placement": null, "use_nccl": true, "devices_per_worker": 1, "primary_resource": "extra_gpu", "gpu": false, "verbose": false, "lr_config": {"mode": "log", "steps": 5, "initial_lr": 0.005, "target_lr": 0.005}, "batch_per_device": 128}, "time_since_restore": 213.54074025154114, "timesteps_since_restore": 0, "iterations_since_restore": 5, "mean_throughput": 1404.8801987317256, "atoms": 1, "setup_time": 25.320262908935547}
{"apply": 0.018071675300598146, "batch_time": 0.03270304052135612, "d2h": 0.0007030487060546875, "data_time": 0.0017959022765879132, "fwd": 0.027897953987121582, "get_state_time_mean": NaN, "get_state_time_total": 0.0, "grad": 0.047554755210876466, "mean_accuracy": 0.4811799943447113, "mean_loss": 1.6228290382385253, "neg_mean_accuracy": -0.5340999960899353, "set_state_time_mean": NaN, "set_state_time_total": 0.0, "setup_model_time_mean": NaN, "setup_model_time_total": 0.0, "setup_proc_time_mean": NaN, "setup_proc_time_total": 0.0, "train_accuracy": 0.4980599880218506, "train_loss": 1.4618896271896362, "training_time_mean": NaN, "training_time_total": 0.0, "val_accuracy": 0.5340999960899353, "val_loss": 1.2906812900543212, "validation_time_mean": NaN, "validation_time_total": 0.0, "samples": 60000, "num_workers": 1, "done": false, "timesteps_total": null, "episodes_total": null, "training_iteration": 6, "neg_mean_loss": -1.6228290382385253, "experiment_id": "b2c996b85a07444cbca0de1684233b21", "date": "2019-06-03_22-09-42", "timestamp": 1559624982, "time_this_iter_s": 41.20440053939819, "time_total_s": 254.74514079093933, "pid": 6867, "hostname": "steropes", "node_ip": "169.229.49.254", "config": {"starting_lr": 0.005, "momentum": 0.9, "weight_decay": 0.0001, "steps_per_iteration": null, "pin": false, "model_creator": null, "target_batch_size": 128, "model_string": "resnet50", "min_batch_size": 128, "dataset": "CIFAR", "placement": null, "use_nccl": true, "devices_per_worker": 1, "primary_resource": "extra_gpu", "gpu": false, "verbose": false, "lr_config": {"mode": "log", "steps": 5, "initial_lr": 0.005, "target_lr": 0.005}, "batch_per_device": 128}, "time_since_restore": 254.74514079093933, "timesteps_since_restore": 0, "iterations_since_restore": 6, "mean_throughput": 1451.1062090756038, "atoms": 1, "setup_time": 25.320262908935547}
{"apply": 0.019488191604614256, "batch_time": 0.03162672549863405, "d2h": 0.0007027864456176757, "data_time": 0.0018336138761866733, "fwd": 0.03010396957397461, "get_state_time_mean": NaN, "get_state_time_total": 0.0, "grad": 0.0484886646270752, "mean_accuracy": 0.4998799920082092, "mean_loss": 1.3814066787719725, "neg_mean_accuracy": -0.5379999876022339, "set_state_time_mean": NaN, "set_state_time_total": 0.0, "setup_model_time_mean": NaN, "setup_model_time_total": 0.0, "setup_proc_time_mean": NaN, "setup_proc_time_total": 0.0, "train_accuracy": 0.5145400166511536, "train_loss": 1.4403344367599487, "training_time_mean": NaN, "training_time_total": 0.0, "val_accuracy": 0.5379999876022339, "val_loss": 1.2712029552459716, "validation_time_mean": NaN, "validation_time_total": 0.0, "samples": 60000, "num_workers": 1, "done": false, "timesteps_total": null, "episodes_total": null, "training_iteration": 7, "neg_mean_loss": -1.3814066787719725, "experiment_id": "b2c996b85a07444cbca0de1684233b21", "date": "2019-06-03_22-10-24", "timestamp": 1559625024, "time_this_iter_s": 41.59553623199463, "time_total_s": 296.34067702293396, "pid": 6867, "hostname": "steropes", "node_ip": "169.229.49.254", "config": {"starting_lr": 0.005, "momentum": 0.9, "weight_decay": 0.0001, "steps_per_iteration": null, "pin": false, "model_creator": null, "target_batch_size": 128, "model_string": "resnet50", "min_batch_size": 128, "dataset": "CIFAR", "placement": null, "use_nccl": true, "devices_per_worker": 1, "primary_resource": "extra_gpu", "gpu": false, "verbose": false, "lr_config": {"mode": "log", "steps": 5, "initial_lr": 0.005, "target_lr": 0.005}, "batch_per_device": 128}, "time_since_restore": 296.34067702293396, "timesteps_since_restore": 0, "iterations_since_restore": 7, "mean_throughput": 1449.0560614322073, "atoms": 1, "setup_time": 25.320262908935547}
{"apply": 0.017873001098632813, "batch_time": 0.03165729136406621, "d2h": 0.0007033348083496094, "data_time": 0.0018174983656314937, "fwd": 0.027805018424987792, "get_state_time_mean": NaN, "get_state_time_total": 0.0, "grad": 0.048078060150146484, "mean_accuracy": 0.5188399910926819, "mean_loss": 1.3224764965438844, "neg_mean_accuracy": -0.5583999752998352, "set_state_time_mean": NaN, "set_state_time_total": 0.0, "setup_model_time_mean": NaN, "setup_model_time_total": 0.0, "setup_proc_time_mean": NaN, "setup_proc_time_total": 0.0, "train_accuracy": 0.5268399715423584, "train_loss": 1.390359666786194, "training_time_mean": NaN, "training_time_total": 0.0, "val_accuracy": 0.5583999752998352, "val_loss": 1.2214739377975463, "validation_time_mean": NaN, "validation_time_total": 0.0, "samples": 60000, "num_workers": 1, "done": false, "timesteps_total": null, "episodes_total": null, "training_iteration": 8, "neg_mean_loss": -1.3224764965438844, "experiment_id": "b2c996b85a07444cbca0de1684233b21", "date": "2019-06-03_22-11-05", "timestamp": 1559625065, "time_this_iter_s": 41.295719146728516, "time_total_s": 337.6363961696625, "pid": 6867, "hostname": "steropes", "node_ip": "169.229.49.254", "config": {"starting_lr": 0.005, "momentum": 0.9, "weight_decay": 0.0001, "steps_per_iteration": null, "pin": false, "model_creator": null, "target_batch_size": 128, "model_string": "resnet50", "min_batch_size": 128, "dataset": "CIFAR", "placement": null, "use_nccl": true, "devices_per_worker": 1, "primary_resource": "extra_gpu", "gpu": false, "verbose": false, "lr_config": {"mode": "log", "steps": 5, "initial_lr": 0.005, "target_lr": 0.005}, "batch_per_device": 128}, "time_since_restore": 337.6363961696625, "timesteps_since_restore": 0, "iterations_since_restore": 8, "mean_throughput": 1448.8133335005953, "atoms": 1, "setup_time": 25.320262908935547}
{"apply": 0.017729711532592774, "batch_time": 0.031510057328622554, "d2h": 0.0007378101348876953, "data_time": 0.0017867935892870968, "fwd": 0.02792375087738037, "get_state_time_mean": NaN, "get_state_time_total": 0.0, "grad": 0.048482513427734374, "mean_accuracy": 0.5359999895095825, "mean_loss": 1.2800615124130248, "neg_mean_accuracy": -0.545199990272522, "set_state_time_mean": NaN, "set_state_time_total": 0.0, "setup_model_time_mean": NaN, "setup_model_time_total": 0.0, "setup_proc_time_mean": NaN, "setup_proc_time_total": 0.0, "train_accuracy": 0.543720006942749, "train_loss": 1.3318608502960205, "training_time_mean": NaN, "training_time_total": 0.0, "val_accuracy": 0.545199990272522, "val_loss": 1.2537550659179688, "validation_time_mean": NaN, "validation_time_total": 0.0, "samples": 60000, "num_workers": 1, "done": false, "timesteps_total": null, "episodes_total": null, "training_iteration": 9, "neg_mean_loss": -1.2800615124130248, "experiment_id": "b2c996b85a07444cbca0de1684233b21", "date": "2019-06-03_22-11-46", "timestamp": 1559625106, "time_this_iter_s": 41.19085764884949, "time_total_s": 378.82725381851196, "pid": 6867, "hostname": "steropes", "node_ip": "169.229.49.254", "config": {"starting_lr": 0.005, "momentum": 0.9, "weight_decay": 0.0001, "steps_per_iteration": null, "pin": false, "model_creator": null, "target_batch_size": 128, "model_string": "resnet50", "min_batch_size": 128, "dataset": "CIFAR", "placement": null, "use_nccl": true, "devices_per_worker": 1, "primary_resource": "extra_gpu", "gpu": false, "verbose": false, "lr_config": {"mode": "log", "steps": 5, "initial_lr": 0.005, "target_lr": 0.005}, "batch_per_device": 128}, "time_since_restore": 378.82725381851196, "timesteps_since_restore": 0, "iterations_since_restore": 9, "mean_throughput": 1450.4667578878273, "atoms": 1, "setup_time": 25.320262908935547}
{"apply": 0.01780672073364258, "batch_time": 0.031313014935843556, "d2h": 0.000787806510925293, "data_time": 0.0018354535407727331, "fwd": 0.027837753295898438, "get_state_time_mean": NaN, "get_state_time_total": 0.0, "grad": 0.04892611503601074, "mean_accuracy": 0.5507399916648865, "mean_loss": 1.2440657414627077, "neg_mean_accuracy": -0.578000009059906, "set_state_time_mean": NaN, "set_state_time_total": 0.0, "setup_model_time_mean": NaN, "setup_model_time_total": 0.0, "setup_proc_time_mean": NaN, "setup_proc_time_total": 0.0, "train_accuracy": 0.5559799671173096, "train_loss": 1.2994510013580323, "training_time_mean": NaN, "training_time_total": 0.0, "val_accuracy": 0.578000009059906, "val_loss": 1.1832154582977294, "validation_time_mean": NaN, "validation_time_total": 0.0, "samples": 60000, "num_workers": 1, "done": false, "timesteps_total": null, "episodes_total": null, "training_iteration": 10, "neg_mean_loss": -1.2440657414627077, "experiment_id": "b2c996b85a07444cbca0de1684233b21", "date": "2019-06-03_22-12-28", "timestamp": 1559625148, "time_this_iter_s": 41.45645880699158, "time_total_s": 420.28371262550354, "pid": 6867, "hostname": "steropes", "node_ip": "169.229.49.254", "config": {"starting_lr": 0.005, "momentum": 0.9, "weight_decay": 0.0001, "steps_per_iteration": null, "pin": false, "model_creator": null, "target_batch_size": 128, "model_string": "resnet50", "min_batch_size": 128, "dataset": "CIFAR", "placement": null, "use_nccl": true, "devices_per_worker": 1, "primary_resource": "extra_gpu", "gpu": false, "verbose": false, "lr_config": {"mode": "log", "steps": 5, "initial_lr": 0.005, "target_lr": 0.005}, "batch_per_device": 128}, "time_since_restore": 420.28371262550354, "timesteps_since_restore": 0, "iterations_since_restore": 10, "mean_throughput": 1451.0745009092775, "atoms": 1, "setup_time": 25.320262908935547}
{"apply": 0.01804678440093994, "batch_time": 0.0316509325293046, "d2h": 0.0007371902465820312, "data_time": 0.0018062067153813588, "fwd": 0.028210139274597167, "get_state_time_mean": NaN, "get_state_time_total": 0.0, "grad": 0.048673701286315915, "mean_accuracy": 0.5618999838829041, "mean_loss": 1.2147140026474, "neg_mean_accuracy": -0.5898999571800232, "set_state_time_mean": NaN, "set_state_time_total": 0.0, "setup_model_time_mean": NaN, "setup_model_time_total": 0.0, "setup_proc_time_mean": NaN, "setup_proc_time_total": 0.0, "train_accuracy": 0.5676800012588501, "train_loss": 1.2565483055496216, "training_time_mean": NaN, "training_time_total": 0.0, "val_accuracy": 0.5898999571800232, "val_loss": 1.1439225959777832, "validation_time_mean": NaN, "validation_time_total": 0.0, "samples": 60000, "num_workers": 1, "done": false, "timesteps_total": null, "episodes_total": null, "training_iteration": 11, "neg_mean_loss": -1.2147140026474, "experiment_id": "b2c996b85a07444cbca0de1684233b21", "date": "2019-06-03_22-13-09", "timestamp": 1559625189, "time_this_iter_s": 41.43015789985657, "time_total_s": 461.7138705253601, "pid": 6867, "hostname": "steropes", "node_ip": "169.229.49.254", "config": {"starting_lr": 0.005, "momentum": 0.9, "weight_decay": 0.0001, "steps_per_iteration": null, "pin": false, "model_creator": null, "target_batch_size": 128, "model_string": "resnet50", "min_batch_size": 128, "dataset": "CIFAR", "placement": null, "use_nccl": true, "devices_per_worker": 1, "primary_resource": "extra_gpu", "gpu": false, "verbose": false, "lr_config": {"mode": "log", "steps": 5, "initial_lr": 0.005, "target_lr": 0.005}, "batch_per_device": 128}, "time_since_restore": 461.7138705253601, "timesteps_since_restore": 0, "iterations_since_restore": 11, "mean_throughput": 1449.4915687590067, "atoms": 1, "setup_time": 25.320262908935547}
{"apply": 0.019802427291870116, "batch_time": 0.031949529164954076, "d2h": 0.000705552101135254, "data_time": 0.0018188953399658203, "fwd": 0.028866839408874512, "get_state_time_mean": NaN, "get_state_time_total": 0.0, "grad": 0.05013217926025391, "mean_accuracy": 0.5738799810409546, "mean_loss": 1.185101870689392, "neg_mean_accuracy": -0.5978999733924866, "set_state_time_mean": NaN, "set_state_time_total": 0.0, "setup_model_time_mean": NaN, "setup_model_time_total": 0.0, "setup_proc_time_mean": NaN, "setup_proc_time_total": 0.0, "train_accuracy": 0.5769999623298645, "train_loss": 1.250970866622925, "training_time_mean": NaN, "training_time_total": 0.0, "val_accuracy": 0.5978999733924866, "val_loss": 1.1231422954559327, "validation_time_mean": NaN, "validation_time_total": 0.0, "samples": 60000, "num_workers": 1, "done": false, "timesteps_total": null, "episodes_total": null, "training_iteration": 12, "neg_mean_loss": -1.185101870689392, "experiment_id": "b2c996b85a07444cbca0de1684233b21", "date": "2019-06-03_22-13-51", "timestamp": 1559625231, "time_this_iter_s": 41.49054288864136, "time_total_s": 503.20441341400146, "pid": 6867, "hostname": "steropes", "node_ip": "169.229.49.254", "config": {"starting_lr": 0.005, "momentum": 0.9, "weight_decay": 0.0001, "steps_per_iteration": null, "pin": false, "model_creator": null, "target_batch_size": 128, "model_string": "resnet50", "min_batch_size": 128, "dataset": "CIFAR", "placement": null, "use_nccl": true, "devices_per_worker": 1, "primary_resource": "extra_gpu", "gpu": false, "verbose": false, "lr_config": {"mode": "log", "steps": 5, "initial_lr": 0.005, "target_lr": 0.005}, "batch_per_device": 128}, "time_since_restore": 503.20441341400146, "timesteps_since_restore": 0, "iterations_since_restore": 12, "mean_throughput": 1450.2272109209025, "atoms": 1, "setup_time": 25.320262908935547}
{"apply": 0.018125224113464355, "batch_time": 0.032268358182303516, "d2h": 0.0008284330368041992, "data_time": 0.0018384590783082615, "fwd": 0.02871887683868408, "get_state_time_mean": NaN, "get_state_time_total": 0.0, "grad": 0.048093986511230466, "mean_accuracy": 0.5717199802398681, "mean_loss": 1.1920555366516115, "neg_mean_accuracy": -0.5475999712944031, "set_state_time_mean": NaN, "set_state_time_total": 0.0, "setup_model_time_mean": NaN, "setup_model_time_total": 0.0, "setup_proc_time_mean": NaN, "setup_proc_time_total": 0.0, "train_accuracy": 0.5018599629402161, "train_loss": 1.4389023351669312, "training_time_mean": NaN, "training_time_total": 0.0, "val_accuracy": 0.5475999712944031, "val_loss": 1.2562422676086427, "validation_time_mean": NaN, "validation_time_total": 0.0, "samples": 60000, "num_workers": 1, "done": false, "timesteps_total": null, "episodes_total": null, "training_iteration": 13, "neg_mean_loss": -1.1920555366516115, "experiment_id": "b2c996b85a07444cbca0de1684233b21", "date": "2019-06-03_22-14-33", "timestamp": 1559625273, "time_this_iter_s": 41.690388917922974, "time_total_s": 544.8948023319244, "pid": 6867, "hostname": "steropes", "node_ip": "169.229.49.254", "config": {"starting_lr": 0.005, "momentum": 0.9, "weight_decay": 0.0001, "steps_per_iteration": null, "pin": false, "model_creator": null, "target_batch_size": 128, "model_string": "resnet50", "min_batch_size": 128, "dataset": "CIFAR", "placement": null, "use_nccl": true, "devices_per_worker": 1, "primary_resource": "extra_gpu", "gpu": false, "verbose": false, "lr_config": {"mode": "log", "steps": 5, "initial_lr": 0.005, "target_lr": 0.005}, "batch_per_device": 128}, "time_since_restore": 544.8948023319244, "timesteps_since_restore": 0, "iterations_since_restore": 13, "mean_throughput": 1447.4652491250347, "atoms": 1, "setup_time": 25.320262908935547}
{"apply": 0.01753385066986084, "batch_time": 0.03158589254451703, "d2h": 0.0006197690963745117, "data_time": 0.0018313132283632712, "fwd": 0.028195834159851073, "get_state_time_mean": NaN, "get_state_time_total": 0.0, "grad": 0.047634243965148926, "mean_accuracy": 0.5808199763298034, "mean_loss": 1.171532128982544, "neg_mean_accuracy": -0.5906999707221985, "set_state_time_mean": NaN, "set_state_time_total": 0.0, "setup_model_time_mean": NaN, "setup_model_time_total": 0.0, "setup_proc_time_mean": NaN, "setup_proc_time_total": 0.0, "train_accuracy": 0.5440199971199036, "train_loss": 1.3385423068237305, "training_time_mean": NaN, "training_time_total": 0.0, "val_accuracy": 0.5906999707221985, "val_loss": 1.1511380275726317, "validation_time_mean": NaN, "validation_time_total": 0.0, "samples": 60000, "num_workers": 1, "done": false, "timesteps_total": null, "episodes_total": null, "training_iteration": 14, "neg_mean_loss": -1.171532128982544, "experiment_id": "b2c996b85a07444cbca0de1684233b21", "date": "2019-06-03_22-15-13", "timestamp": 1559625313, "time_this_iter_s": 40.57541608810425, "time_total_s": 585.4702184200287, "pid": 6867, "hostname": "steropes", "node_ip": "169.229.49.254", "config": {"starting_lr": 0.005, "momentum": 0.9, "weight_decay": 0.0001, "steps_per_iteration": null, "pin": false, "model_creator": null, "target_batch_size": 128, "model_string": "resnet50", "min_batch_size": 128, "dataset": "CIFAR", "placement": null, "use_nccl": true, "devices_per_worker": 1, "primary_resource": "extra_gpu", "gpu": false, "verbose": false, "lr_config": {"mode": "log", "steps": 5, "initial_lr": 0.005, "target_lr": 0.005}, "batch_per_device": 128}, "time_since_restore": 585.4702184200287, "timesteps_since_restore": 0, "iterations_since_restore": 14, "mean_throughput": 1451.7761796413524, "atoms": 1, "setup_time": 25.320262908935547}
{"apply": 0.017563223838806152, "batch_time": 0.031953060174290136, "d2h": 0.0006967782974243164, "data_time": 0.0017841319598810143, "fwd": 0.027938652038574218, "get_state_time_mean": NaN, "get_state_time_total": 0.0, "grad": 0.04768202304840088, "mean_accuracy": 0.5851799726486206, "mean_loss": 1.1579433422088623, "neg_mean_accuracy": -0.5997999906539917, "set_state_time_mean": NaN, "set_state_time_total": 0.0, "setup_model_time_mean": NaN, "setup_model_time_total": 0.0, "setup_proc_time_mean": NaN, "setup_proc_time_total": 0.0, "train_accuracy": 0.5785599946975708, "train_loss": 1.2437852138519288, "training_time_mean": NaN, "training_time_total": 0.0, "val_accuracy": 0.5997999906539917, "val_loss": 1.1152715244293212, "validation_time_mean": NaN, "validation_time_total": 0.0, "samples": 60000, "num_workers": 1, "done": false, "timesteps_total": null, "episodes_total": null, "training_iteration": 15, "neg_mean_loss": -1.1579433422088623, "experiment_id": "b2c996b85a07444cbca0de1684233b21", "date": "2019-06-03_22-15-54", "timestamp": 1559625354, "time_this_iter_s": 40.43114924430847, "time_total_s": 625.9013676643372, "pid": 6867, "hostname": "steropes", "node_ip": "169.229.49.254", "config": {"starting_lr": 0.005, "momentum": 0.9, "weight_decay": 0.0001, "steps_per_iteration": null, "pin": false, "model_creator": null, "target_batch_size": 128, "model_string": "resnet50", "min_batch_size": 128, "dataset": "CIFAR", "placement": null, "use_nccl": true, "devices_per_worker": 1, "primary_resource": "extra_gpu", "gpu": false, "verbose": false, "lr_config": {"mode": "log", "steps": 5, "initial_lr": 0.005, "target_lr": 0.005}, "batch_per_device": 128}, "time_since_restore": 625.9013676643372, "timesteps_since_restore": 0, "iterations_since_restore": 15, "mean_throughput": 1459.0154234175334, "atoms": 1, "setup_time": 25.320262908935547}
{"apply": 0.01755242347717285, "batch_time": 0.0318786132184765, "d2h": 0.0006371498107910156, "data_time": 0.0018319175066545492, "fwd": 0.027876853942871094, "get_state_time_mean": NaN, "get_state_time_total": 0.0, "grad": 0.047859025001525876, "mean_accuracy": 0.5906799793243408, "mean_loss": 1.1442646376800538, "neg_mean_accuracy": -0.6173999905586243, "set_state_time_mean": NaN, "set_state_time_total": 0.0, "setup_model_time_mean": NaN, "setup_model_time_total": 0.0, "setup_proc_time_mean": NaN, "setup_proc_time_total": 0.0, "train_accuracy": 0.602620005607605, "train_loss": 1.1826014778518676, "training_time_mean": NaN, "training_time_total": 0.0, "val_accuracy": 0.6173999905586243, "val_loss": 1.0755290733337401, "validation_time_mean": NaN, "validation_time_total": 0.0, "samples": 60000, "num_workers": 1, "done": false, "timesteps_total": null, "episodes_total": null, "training_iteration": 16, "neg_mean_loss": -1.1442646376800538, "experiment_id": "b2c996b85a07444cbca0de1684233b21", "date": "2019-06-03_22-16-34", "timestamp": 1559625394, "time_this_iter_s": 40.52850008010864, "time_total_s": 666.4298677444458, "pid": 6867, "hostname": "steropes", "node_ip": "169.229.49.254", "config": {"starting_lr": 0.005, "momentum": 0.9, "weight_decay": 0.0001, "steps_per_iteration": null, "pin": false, "model_creator": null, "target_batch_size": 128, "model_string": "resnet50", "min_batch_size": 128, "dataset": "CIFAR", "placement": null, "use_nccl": true, "devices_per_worker": 1, "primary_resource": "extra_gpu", "gpu": false, "verbose": false, "lr_config": {"mode": "log", "steps": 5, "initial_lr": 0.005, "target_lr": 0.005}, "batch_per_device": 128}, "time_since_restore": 666.4298677444458, "timesteps_since_restore": 0, "iterations_since_restore": 16, "mean_throughput": 1465.441663622658, "atoms": 1, "setup_time": 25.320262908935547}
{"apply": 0.017344570159912108, "batch_time": 0.0320035747334927, "d2h": 0.0006374359130859375, "data_time": 0.0017880984889271925, "fwd": 0.027402281761169434, "get_state_time_mean": NaN, "get_state_time_total": 0.0, "grad": 0.04735167026519775, "mean_accuracy": 0.5973799824714661, "mean_loss": 1.1294453576278687, "neg_mean_accuracy": -0.6313999891281128, "set_state_time_mean": NaN, "set_state_time_total": 0.0, "setup_model_time_mean": NaN, "setup_model_time_total": 0.0, "setup_proc_time_mean": NaN, "setup_proc_time_total": 0.0, "train_accuracy": 0.6144799590110779, "train_loss": 1.1343757656097413, "training_time_mean": NaN, "training_time_total": 0.0, "val_accuracy": 0.6313999891281128, "val_loss": 1.0490458951950072, "validation_time_mean": NaN, "validation_time_total": 0.0, "samples": 60000, "num_workers": 1, "done": false, "timesteps_total": null, "episodes_total": null, "training_iteration": 17, "neg_mean_loss": -1.1294453576278687, "experiment_id": "b2c996b85a07444cbca0de1684233b21", "date": "2019-06-03_22-17-15", "timestamp": 1559625435, "time_this_iter_s": 40.48625063896179, "time_total_s": 706.9161183834076, "pid": 6867, "hostname": "steropes", "node_ip": "169.229.49.254", "config": {"starting_lr": 0.005, "momentum": 0.9, "weight_decay": 0.0001, "steps_per_iteration": null, "pin": false, "model_creator": null, "target_batch_size": 128, "model_string": "resnet50", "min_batch_size": 128, "dataset": "CIFAR", "placement": null, "use_nccl": true, "devices_per_worker": 1, "primary_resource": "extra_gpu", "gpu": false, "verbose": false, "lr_config": {"mode": "log", "steps": 5, "initial_lr": 0.005, "target_lr": 0.005}, "batch_per_device": 128}, "time_since_restore": 706.9161183834076, "timesteps_since_restore": 0, "iterations_since_restore": 17, "mean_throughput": 1472.6662737024546, "atoms": 1, "setup_time": 25.320262908935547}
{"apply": 0.017610788345336914, "batch_time": 0.03154876564122454, "d2h": 0.0006696462631225586, "data_time": 0.0018177819069084304, "fwd": 0.02831251621246338, "get_state_time_mean": NaN, "get_state_time_total": 0.0, "grad": 0.04791769981384277, "mean_accuracy": 0.6160599827766419, "mean_loss": 1.0806928429031373, "neg_mean_accuracy": -0.640999972820282, "set_state_time_mean": NaN, "set_state_time_total": 0.0, "setup_model_time_mean": NaN, "setup_model_time_total": 0.0, "setup_proc_time_mean": NaN, "setup_proc_time_total": 0.0, "train_accuracy": 0.6231200098991394, "train_loss": 1.1128888598251343, "training_time_mean": NaN, "training_time_total": 0.0, "val_accuracy": 0.640999972820282, "val_loss": 1.0124796939849854, "validation_time_mean": NaN, "validation_time_total": 0.0, "samples": 60000, "num_workers": 1, "done": false, "timesteps_total": null, "episodes_total": null, "training_iteration": 18, "neg_mean_loss": -1.0806928429031373, "experiment_id": "b2c996b85a07444cbca0de1684233b21", "date": "2019-06-03_22-17-55", "timestamp": 1559625475, "time_this_iter_s": 40.41090130805969, "time_total_s": 747.3270196914673, "pid": 6867, "hostname": "steropes", "node_ip": "169.229.49.254", "config": {"starting_lr": 0.005, "momentum": 0.9, "weight_decay": 0.0001, "steps_per_iteration": null, "pin": false, "model_creator": null, "target_batch_size": 128, "model_string": "resnet50", "min_batch_size": 128, "dataset": "CIFAR", "placement": null, "use_nccl": true, "devices_per_worker": 1, "primary_resource": "extra_gpu", "gpu": false, "verbose": false, "lr_config": {"mode": "log", "steps": 5, "initial_lr": 0.005, "target_lr": 0.005}, "batch_per_device": 128}, "time_since_restore": 747.3270196914673, "timesteps_since_restore": 0, "iterations_since_restore": 18, "mean_throughput": 1481.9742907473835, "atoms": 1, "setup_time": 25.320262908935547}
{"apply": 0.017882013320922853, "batch_time": 0.031488252591483204, "d2h": 0.0006434202194213867, "data_time": 0.0018188581442284157, "fwd": 0.028285288810729982, "get_state_time_mean": NaN, "get_state_time_total": 0.0, "grad": 0.047257184982299805, "mean_accuracy": 0.6289199829101563, "mean_loss": 1.0477682194137574, "neg_mean_accuracy": -0.6549999713897705, "set_state_time_mean": NaN, "set_state_time_total": 0.0, "setup_model_time_mean": NaN, "setup_model_time_total": 0.0, "setup_proc_time_mean": NaN, "setup_proc_time_total": 0.0, "train_accuracy": 0.6344799995422363, "train_loss": 1.0863404870223998, "training_time_mean": NaN, "training_time_total": 0.0, "val_accuracy": 0.6549999713897705, "val_loss": 0.9865149101257324, "validation_time_mean": NaN, "validation_time_total": 0.0, "samples": 60000, "num_workers": 1, "done": false, "timesteps_total": null, "episodes_total": null, "training_iteration": 19, "neg_mean_loss": -1.0477682194137574, "experiment_id": "b2c996b85a07444cbca0de1684233b21", "date": "2019-06-03_22-18-36", "timestamp": 1559625516, "time_this_iter_s": 40.61468172073364, "time_total_s": 787.9417014122009, "pid": 6867, "hostname": "steropes", "node_ip": "169.229.49.254", "config": {"starting_lr": 0.005, "momentum": 0.9, "weight_decay": 0.0001, "steps_per_iteration": null, "pin": false, "model_creator": null, "target_batch_size": 128, "model_string": "resnet50", "min_batch_size": 128, "dataset": "CIFAR", "placement": null, "use_nccl": true, "devices_per_worker": 1, "primary_resource": "extra_gpu", "gpu": false, "verbose": false, "lr_config": {"mode": "log", "steps": 5, "initial_lr": 0.005, "target_lr": 0.005}, "batch_per_device": 128}, "time_since_restore": 787.9417014122009, "timesteps_since_restore": 0, "iterations_since_restore": 19, "mean_throughput": 1481.6868756722438, "atoms": 1, "setup_time": 25.320262908935547}
{"apply": 0.017665958404541014, "batch_time": 0.03165720686127868, "d2h": 0.0006722450256347656, "data_time": 0.0017903662093764986, "fwd": 0.027643036842346192, "get_state_time_mean": NaN, "get_state_time_total": 0.0, "grad": 0.04750704765319824, "mean_accuracy": 0.6398399829864502, "mean_loss": 1.0275102700042724, "neg_mean_accuracy": -0.6543999910354614, "set_state_time_mean": NaN, "set_state_time_total": 0.0, "setup_model_time_mean": NaN, "setup_model_time_total": 0.0, "setup_proc_time_mean": NaN, "setup_proc_time_total": 0.0, "train_accuracy": 0.6409599781036377, "train_loss": 1.0635491901016236, "training_time_mean": NaN, "training_time_total": 0.0, "val_accuracy": 0.6543999910354614, "val_loss": 1.0139817773818969, "validation_time_mean": NaN, "validation_time_total": 0.0, "samples": 60000, "num_workers": 1, "done": false, "timesteps_total": null, "episodes_total": null, "training_iteration": 20, "neg_mean_loss": -1.0275102700042724, "experiment_id": "b2c996b85a07444cbca0de1684233b21", "date": "2019-06-03_22-19-16", "timestamp": 1559625556, "time_this_iter_s": 40.55606937408447, "time_total_s": 828.4977707862854, "pid": 6867, "hostname": "steropes", "node_ip": "169.229.49.254", "config": {"starting_lr": 0.005, "momentum": 0.9, "weight_decay": 0.0001, "steps_per_iteration": null, "pin": false, "model_creator": null, "target_batch_size": 128, "model_string": "resnet50", "min_batch_size": 128, "dataset": "CIFAR", "placement": null, "use_nccl": true, "devices_per_worker": 1, "primary_resource": "extra_gpu", "gpu": false, "verbose": false, "lr_config": {"mode": "log", "steps": 5, "initial_lr": 0.005, "target_lr": 0.005}, "batch_per_device": 128}, "time_since_restore": 828.4977707862854, "timesteps_since_restore": 0, "iterations_since_restore": 20, "mean_throughput": 1480.773254586572, "atoms": 1, "setup_time": 25.320262908935547}
