apply,batch_time,d2h,data_time,fwd,get_state_time_mean,get_state_time_total,grad,mean_accuracy,mean_loss,neg_mean_accuracy,set_state_time_mean,set_state_time_total,setup_model_time_mean,setup_model_time_total,setup_proc_time_mean,setup_proc_time_total,train_accuracy,train_loss,training_time_mean,training_time_total,validation_time_mean,validation_time_total,samples,num_workers,done,timesteps_total,episodes_total,training_iteration,neg_mean_loss,experiment_id,date,timestamp,time_this_iter_s,time_total_s,pid,hostname,node_ip,config,time_since_restore,timesteps_since_restore,iterations_since_restore,mean_throughput,atoms,resource_time
0.007208824157714844,0.18466813564300538,0.004612088203430176,0.04028150986651985,0.08465545177459717,nan,0.0,0.17715871334075928,0.0802999958395958,57364.592925,-0.0802999958395958,nan,0.0,11.32399320602417,11.32399320602417,1.7889013290405273,1.7889013290405273,0.10108000040054321,5.9388366046142576,nan,0.0,nan,0.0,60000,1,False,,,1,-57364.592925,8fbcfd83e45c483583b8d06967c42db4,2019-05-30_14-35-47,1559252147,11.590720415115356,11.590720415115356,13463,steropes,169.229.49.254,"{'starting_lr': 0.5, 'momentum': 0.99, 'weight_decay': 0.0001, 'steps_per_iteration': None, 'pin': False, 'model_creator': None, 'target_batch_size': 1024, 'model_string': 'resnet18', 'min_batch_size': 512, 'dataset': 'CIFAR', 'placement': None, 'use_nccl': True, 'devices_per_worker': 1, 'primary_resource': 'extra_gpu', 'gpu': False, 'verbose': False, 'lr_config': {'mode': 'log', 'steps': 5, 'initial_lr': 0.5, 'target_lr': 0.5}, 'batch_per_device': 1024}",11.590720415115356,0,1,5176.515560694854,1,11.590720415115356
0.007891416549682617,0.1192312479019165,0.005736851692199707,0.03677724332225566,0.023577356338500978,nan,0.0,0.04512407779693604,0.09059999883174896,8167.654053125,-0.09059999883174896,nan,0.0,nan,0.0,nan,0.0,0.0999399945139885,4.505867457962036,nan,0.0,nan,0.0,60000,1,False,,,2,-8167.654053125,8fbcfd83e45c483583b8d06967c42db4,2019-05-30_14-35-54,1559252154,7.579059839248657,19.169780254364014,13463,steropes,169.229.49.254,"{'starting_lr': 0.5, 'momentum': 0.99, 'weight_decay': 0.0001, 'steps_per_iteration': None, 'pin': False, 'model_creator': None, 'target_batch_size': 1024, 'model_string': 'resnet18', 'min_batch_size': 512, 'dataset': 'CIFAR', 'placement': None, 'use_nccl': True, 'devices_per_worker': 1, 'primary_resource': 'extra_gpu', 'gpu': False, 'verbose': False, 'lr_config': {'mode': 'log', 'steps': 5, 'initial_lr': 0.5, 'target_lr': 0.5}, 'batch_per_device': 1024}",19.169780254364014,0,2,6259.79832194642,1,19.169780254364014
0.008029294013977051,0.13633432388305664,0.007203245162963867,0.030885954292453065,0.031455707550048825,nan,0.0,0.06533777713775635,0.09699999541044235,34.87617347717285,-0.09699999541044235,nan,0.0,nan,0.0,nan,0.0,0.09843999892473221,2.493954672088623,nan,0.0,nan,0.0,60000,1,False,,,3,-34.87617347717285,8fbcfd83e45c483583b8d06967c42db4,2019-05-30_14-36-03,1559252163,8.487788438796997,27.65756869316101,13463,steropes,169.229.49.254,"{'starting_lr': 0.5, 'momentum': 0.99, 'weight_decay': 0.0001, 'steps_per_iteration': None, 'pin': False, 'model_creator': None, 'target_batch_size': 1024, 'model_string': 'resnet18', 'min_batch_size': 512, 'dataset': 'CIFAR', 'placement': None, 'use_nccl': True, 'devices_per_worker': 1, 'primary_resource': 'extra_gpu', 'gpu': False, 'verbose': False, 'lr_config': {'mode': 'log', 'steps': 5, 'initial_lr': 0.5, 'target_lr': 0.5}, 'batch_per_device': 1024}",27.65756869316101,0,3,6508.105237223509,1,27.65756869316101
0.007029962539672851,0.14675116539001465,0.005438017845153809,0.03288240821994081,0.030825424194335937,nan,0.0,0.058896803855896,0.10009999573230743,2.6154605670928954,-0.10009999573230743,nan,0.0,nan,0.0,nan,0.0,0.10175999999046326,2.442914858779907,nan,0.0,nan,0.0,60000,1,False,,,4,-2.6154605670928954,8fbcfd83e45c483583b8d06967c42db4,2019-05-30_14-36-11,1559252171,8.684917688369751,36.34248638153076,13463,steropes,169.229.49.254,"{'starting_lr': 0.5, 'momentum': 0.99, 'weight_decay': 0.0001, 'steps_per_iteration': None, 'pin': False, 'model_creator': None, 'target_batch_size': 1024, 'model_string': 'resnet18', 'min_batch_size': 512, 'dataset': 'CIFAR', 'placement': None, 'use_nccl': True, 'devices_per_worker': 1, 'primary_resource': 'extra_gpu', 'gpu': False, 'verbose': False, 'lr_config': {'mode': 'log', 'steps': 5, 'initial_lr': 0.5, 'target_lr': 0.5}, 'batch_per_device': 1024}",36.34248638153076,0,4,6603.78008699582,1,36.34248638153076
0.00728902816772461,0.1370539903640747,0.0070284843444824215,0.028976926998216277,0.0370293378829956,nan,0.0,0.06672549247741699,0.1005999967455864,3.288592194747925,-0.1005999967455864,nan,0.0,nan,0.0,nan,0.0,0.1001800000667572,2.4267184757232667,nan,0.0,nan,0.0,60000,1,False,,,5,-3.288592194747925,8fbcfd83e45c483583b8d06967c42db4,2019-05-30_14-36-20,1559252180,8.34565019607544,44.6881365776062,13463,steropes,169.229.49.254,"{'starting_lr': 0.5, 'momentum': 0.99, 'weight_decay': 0.0001, 'steps_per_iteration': None, 'pin': False, 'model_creator': None, 'target_batch_size': 1024, 'model_string': 'resnet18', 'min_batch_size': 512, 'dataset': 'CIFAR', 'placement': None, 'use_nccl': True, 'devices_per_worker': 1, 'primary_resource': 'extra_gpu', 'gpu': False, 'verbose': False, 'lr_config': {'mode': 'log', 'steps': 5, 'initial_lr': 0.5, 'target_lr': 0.5}, 'batch_per_device': 1024}",44.6881365776062,0,5,6713.127223965687,1,44.6881365776062
0.00801100730895996,0.12286200523376464,0.006363916397094727,0.03844948690764758,0.028237080574035643,nan,0.0,0.049285149574279784,0.09999999403953552,2.3683943496704103,-0.09999999403953552,nan,0.0,nan,0.0,nan,0.0,0.09911999851465225,2.387052640380859,nan,0.0,nan,0.0,60000,1,False,,,6,-2.3683943496704103,8fbcfd83e45c483583b8d06967c42db4,2019-05-30_14-36-28,1559252188,8.475417613983154,53.163554191589355,13463,steropes,169.229.49.254,"{'starting_lr': 0.5, 'momentum': 0.99, 'weight_decay': 0.0001, 'steps_per_iteration': None, 'pin': False, 'model_creator': None, 'target_batch_size': 1024, 'model_string': 'resnet18', 'min_batch_size': 512, 'dataset': 'CIFAR', 'placement': None, 'use_nccl': True, 'devices_per_worker': 1, 'primary_resource': 'extra_gpu', 'gpu': False, 'verbose': False, 'lr_config': {'mode': 'log', 'steps': 5, 'initial_lr': 0.5, 'target_lr': 0.5}, 'batch_per_device': 1024}",53.163554191589355,0,6,7216.178124989713,1,53.163554191589355
0.009757232666015626,0.12995741367340088,0.006734967231750488,0.04353092641246562,0.03227207660675049,nan,0.0,0.05058233737945557,0.09999999403953552,2.319995220947266,-0.09999999403953552,nan,0.0,nan,0.0,nan,0.0,0.09873999655246735,2.3996198848724366,nan,0.0,nan,0.0,60000,1,False,,,7,-2.319995220947266,8fbcfd83e45c483583b8d06967c42db4,2019-05-30_14-36-37,1559252197,8.576586484909058,61.74014067649841,13463,steropes,169.229.49.254,"{'starting_lr': 0.5, 'momentum': 0.99, 'weight_decay': 0.0001, 'steps_per_iteration': None, 'pin': False, 'model_creator': None, 'target_batch_size': 1024, 'model_string': 'resnet18', 'min_batch_size': 512, 'dataset': 'CIFAR', 'placement': None, 'use_nccl': True, 'devices_per_worker': 1, 'primary_resource': 'extra_gpu', 'gpu': False, 'verbose': False, 'lr_config': {'mode': 'log', 'steps': 5, 'initial_lr': 0.5, 'target_lr': 0.5}, 'batch_per_device': 1024}",61.74014067649841,0,7,7047.076012293955,1,61.74014067649841
0.008418655395507813,0.13353655338287354,0.006596612930297852,0.0331463521840621,0.02588155269622803,nan,0.0,0.05283236503601074,0.09999999403953552,2.375772930908203,-0.09999999403953552,nan,0.0,nan,0.0,nan,0.0,0.1000399962067604,2.3496096523284913,nan,0.0,nan,0.0,60000,1,False,,,8,-2.375772930908203,8fbcfd83e45c483583b8d06967c42db4,2019-05-30_14-36-45,1559252205,8.32274866104126,70.06288933753967,13463,steropes,169.229.49.254,"{'starting_lr': 0.5, 'momentum': 0.99, 'weight_decay': 0.0001, 'steps_per_iteration': None, 'pin': False, 'model_creator': None, 'target_batch_size': 1024, 'model_string': 'resnet18', 'min_batch_size': 512, 'dataset': 'CIFAR', 'placement': None, 'use_nccl': True, 'devices_per_worker': 1, 'primary_resource': 'extra_gpu', 'gpu': False, 'verbose': False, 'lr_config': {'mode': 'log', 'steps': 5, 'initial_lr': 0.5, 'target_lr': 0.5}, 'batch_per_device': 1024}",70.06288933753967,0,8,7074.5028282888425,1,70.06288933753967
0.008700108528137207,0.13313653469085693,0.007318186759948731,0.04508296810850805,0.024958205223083497,nan,0.0,0.04478058815002441,0.09999999403953552,2.3645435119628906,-0.09999999403953552,nan,0.0,nan,0.0,nan,0.0,0.10145999491214752,2.376781455154419,nan,0.0,nan,0.0,60000,1,False,,,9,-2.3645435119628906,8fbcfd83e45c483583b8d06967c42db4,2019-05-30_14-36-54,1559252214,8.881539821624756,78.94442915916443,13463,steropes,169.229.49.254,"{'starting_lr': 0.5, 'momentum': 0.99, 'weight_decay': 0.0001, 'steps_per_iteration': None, 'pin': False, 'model_creator': None, 'target_batch_size': 1024, 'model_string': 'resnet18', 'min_batch_size': 512, 'dataset': 'CIFAR', 'placement': None, 'use_nccl': True, 'devices_per_worker': 1, 'primary_resource': 'extra_gpu', 'gpu': False, 'verbose': False, 'lr_config': {'mode': 'log', 'steps': 5, 'initial_lr': 0.5, 'target_lr': 0.5}, 'batch_per_device': 1024}",78.94442915916443,0,9,7041.852332952389,1,78.94442915916443
0.007873249053955079,0.12652790546417236,0.0053676128387451175,0.04657041296666982,0.024042677879333497,nan,0.0,0.04676389694213867,0.09999999403953552,2.33698593711853,-0.09999999403953552,nan,0.0,nan,0.0,nan,0.0,0.1019199937582016,2.3528122033691408,nan,0.0,nan,0.0,60000,1,False,,,10,-2.33698593711853,8fbcfd83e45c483583b8d06967c42db4,2019-05-30_14-37-03,1559252223,8.680659055709839,87.62508821487427,13463,steropes,169.229.49.254,"{'starting_lr': 0.5, 'momentum': 0.99, 'weight_decay': 0.0001, 'steps_per_iteration': None, 'pin': False, 'model_creator': None, 'target_batch_size': 1024, 'model_string': 'resnet18', 'min_batch_size': 512, 'dataset': 'CIFAR', 'placement': None, 'use_nccl': True, 'devices_per_worker': 1, 'primary_resource': 'extra_gpu', 'gpu': False, 'verbose': False, 'lr_config': {'mode': 'log', 'steps': 5, 'initial_lr': 0.5, 'target_lr': 0.5}, 'batch_per_device': 1024}",87.62508821487427,0,10,6986.911473735507,1,87.62508821487427
0.007195854187011718,0.12794971466064453,0.009126901626586914,0.044863579224567025,0.02552611827850342,nan,0.0,0.04633512496948242,0.09999999403953552,2.316693255615234,-0.09999999403953552,nan,0.0,nan,0.0,nan,0.0,0.09985999763011932,2.3247850913238524,nan,0.0,nan,0.0,60000,1,False,,,11,-2.316693255615234,8fbcfd83e45c483583b8d06967c42db4,2019-05-30_14-37-11,1559252231,8.61440634727478,96.23949456214905,13463,steropes,169.229.49.254,"{'starting_lr': 0.5, 'momentum': 0.99, 'weight_decay': 0.0001, 'steps_per_iteration': None, 'pin': False, 'model_creator': None, 'target_batch_size': 1024, 'model_string': 'resnet18', 'min_batch_size': 512, 'dataset': 'CIFAR', 'placement': None, 'use_nccl': True, 'devices_per_worker': 1, 'primary_resource': 'extra_gpu', 'gpu': False, 'verbose': False, 'lr_config': {'mode': 'log', 'steps': 5, 'initial_lr': 0.5, 'target_lr': 0.5}, 'batch_per_device': 1024}",96.23949456214905,0,11,6964.366690113846,1,96.23949456214905
0.009767103195190429,0.13163347244262696,0.006520676612854004,0.03911279172313457,0.0258314847946167,nan,0.0,0.05167839527130127,0.09999999403953552,2.324574198913574,-0.09999999403953552,nan,0.0,nan,0.0,nan,0.0,0.10277999937534332,2.3144013527679443,nan,0.0,nan,0.0,60000,1,True,,,12,-2.324574198913574,8fbcfd83e45c483583b8d06967c42db4,2019-05-30_14-37-20,1559252240,8.372664213180542,104.61215877532959,13463,steropes,169.229.49.254,"{'starting_lr': 0.5, 'momentum': 0.99, 'weight_decay': 0.0001, 'steps_per_iteration': None, 'pin': False, 'model_creator': None, 'target_batch_size': 1024, 'model_string': 'resnet18', 'min_batch_size': 512, 'dataset': 'CIFAR', 'placement': None, 'use_nccl': True, 'devices_per_worker': 1, 'primary_resource': 'extra_gpu', 'gpu': False, 'verbose': False, 'lr_config': {'mode': 'log', 'steps': 5, 'initial_lr': 0.5, 'target_lr': 0.5}, 'batch_per_device': 1024}",104.61215877532959,0,12,6997.502769936049,1,104.61215877532959
