{"apply": 0.007208824157714844, "batch_time": 0.18466813564300538, "d2h": 0.004612088203430176, "data_time": 0.04028150986651985, "fwd": 0.08465545177459717, "get_state_time_mean": NaN, "get_state_time_total": 0.0, "grad": 0.17715871334075928, "mean_accuracy": 0.0802999958395958, "mean_loss": 57364.592925, "neg_mean_accuracy": -0.0802999958395958, "set_state_time_mean": NaN, "set_state_time_total": 0.0, "setup_model_time_mean": 11.32399320602417, "setup_model_time_total": 11.32399320602417, "setup_proc_time_mean": 1.7889013290405273, "setup_proc_time_total": 1.7889013290405273, "train_accuracy": 0.10108000040054321, "train_loss": 5.9388366046142576, "training_time_mean": NaN, "training_time_total": 0.0, "validation_time_mean": NaN, "validation_time_total": 0.0, "samples": 60000, "num_workers": 1, "done": false, "timesteps_total": null, "episodes_total": null, "training_iteration": 1, "neg_mean_loss": -57364.592925, "experiment_id": "8fbcfd83e45c483583b8d06967c42db4", "date": "2019-05-30_14-35-47", "timestamp": 1559252147, "time_this_iter_s": 11.590720415115356, "time_total_s": 11.590720415115356, "pid": 13463, "hostname": "steropes", "node_ip": "169.229.49.254", "config": {"starting_lr": 0.5, "momentum": 0.99, "weight_decay": 0.0001, "steps_per_iteration": null, "pin": false, "model_creator": null, "target_batch_size": 1024, "model_string": "resnet18", "min_batch_size": 512, "dataset": "CIFAR", "placement": null, "use_nccl": true, "devices_per_worker": 1, "primary_resource": "extra_gpu", "gpu": false, "verbose": false, "lr_config": {"mode": "log", "steps": 5, "initial_lr": 0.5, "target_lr": 0.5}, "batch_per_device": 1024}, "time_since_restore": 11.590720415115356, "timesteps_since_restore": 0, "iterations_since_restore": 1, "mean_throughput": 5176.515560694854, "atoms": 1, "resource_time": 11.590720415115356}
{"apply": 0.007891416549682617, "batch_time": 0.1192312479019165, "d2h": 0.005736851692199707, "data_time": 0.03677724332225566, "fwd": 0.023577356338500978, "get_state_time_mean": NaN, "get_state_time_total": 0.0, "grad": 0.04512407779693604, "mean_accuracy": 0.09059999883174896, "mean_loss": 8167.654053125, "neg_mean_accuracy": -0.09059999883174896, "set_state_time_mean": NaN, "set_state_time_total": 0.0, "setup_model_time_mean": NaN, "setup_model_time_total": 0.0, "setup_proc_time_mean": NaN, "setup_proc_time_total": 0.0, "train_accuracy": 0.0999399945139885, "train_loss": 4.505867457962036, "training_time_mean": NaN, "training_time_total": 0.0, "validation_time_mean": NaN, "validation_time_total": 0.0, "samples": 60000, "num_workers": 1, "done": false, "timesteps_total": null, "episodes_total": null, "training_iteration": 2, "neg_mean_loss": -8167.654053125, "experiment_id": "8fbcfd83e45c483583b8d06967c42db4", "date": "2019-05-30_14-35-54", "timestamp": 1559252154, "time_this_iter_s": 7.579059839248657, "time_total_s": 19.169780254364014, "pid": 13463, "hostname": "steropes", "node_ip": "169.229.49.254", "config": {"starting_lr": 0.5, "momentum": 0.99, "weight_decay": 0.0001, "steps_per_iteration": null, "pin": false, "model_creator": null, "target_batch_size": 1024, "model_string": "resnet18", "min_batch_size": 512, "dataset": "CIFAR", "placement": null, "use_nccl": true, "devices_per_worker": 1, "primary_resource": "extra_gpu", "gpu": false, "verbose": false, "lr_config": {"mode": "log", "steps": 5, "initial_lr": 0.5, "target_lr": 0.5}, "batch_per_device": 1024}, "time_since_restore": 19.169780254364014, "timesteps_since_restore": 0, "iterations_since_restore": 2, "mean_throughput": 6259.79832194642, "atoms": 1, "resource_time": 19.169780254364014}
{"apply": 0.008029294013977051, "batch_time": 0.13633432388305664, "d2h": 0.007203245162963867, "data_time": 0.030885954292453065, "fwd": 0.031455707550048825, "get_state_time_mean": NaN, "get_state_time_total": 0.0, "grad": 0.06533777713775635, "mean_accuracy": 0.09699999541044235, "mean_loss": 34.87617347717285, "neg_mean_accuracy": -0.09699999541044235, "set_state_time_mean": NaN, "set_state_time_total": 0.0, "setup_model_time_mean": NaN, "setup_model_time_total": 0.0, "setup_proc_time_mean": NaN, "setup_proc_time_total": 0.0, "train_accuracy": 0.09843999892473221, "train_loss": 2.493954672088623, "training_time_mean": NaN, "training_time_total": 0.0, "validation_time_mean": NaN, "validation_time_total": 0.0, "samples": 60000, "num_workers": 1, "done": false, "timesteps_total": null, "episodes_total": null, "training_iteration": 3, "neg_mean_loss": -34.87617347717285, "experiment_id": "8fbcfd83e45c483583b8d06967c42db4", "date": "2019-05-30_14-36-03", "timestamp": 1559252163, "time_this_iter_s": 8.487788438796997, "time_total_s": 27.65756869316101, "pid": 13463, "hostname": "steropes", "node_ip": "169.229.49.254", "config": {"starting_lr": 0.5, "momentum": 0.99, "weight_decay": 0.0001, "steps_per_iteration": null, "pin": false, "model_creator": null, "target_batch_size": 1024, "model_string": "resnet18", "min_batch_size": 512, "dataset": "CIFAR", "placement": null, "use_nccl": true, "devices_per_worker": 1, "primary_resource": "extra_gpu", "gpu": false, "verbose": false, "lr_config": {"mode": "log", "steps": 5, "initial_lr": 0.5, "target_lr": 0.5}, "batch_per_device": 1024}, "time_since_restore": 27.65756869316101, "timesteps_since_restore": 0, "iterations_since_restore": 3, "mean_throughput": 6508.105237223509, "atoms": 1, "resource_time": 27.65756869316101}
{"apply": 0.007029962539672851, "batch_time": 0.14675116539001465, "d2h": 0.005438017845153809, "data_time": 0.03288240821994081, "fwd": 0.030825424194335937, "get_state_time_mean": NaN, "get_state_time_total": 0.0, "grad": 0.058896803855896, "mean_accuracy": 0.10009999573230743, "mean_loss": 2.6154605670928954, "neg_mean_accuracy": -0.10009999573230743, "set_state_time_mean": NaN, "set_state_time_total": 0.0, "setup_model_time_mean": NaN, "setup_model_time_total": 0.0, "setup_proc_time_mean": NaN, "setup_proc_time_total": 0.0, "train_accuracy": 0.10175999999046326, "train_loss": 2.442914858779907, "training_time_mean": NaN, "training_time_total": 0.0, "validation_time_mean": NaN, "validation_time_total": 0.0, "samples": 60000, "num_workers": 1, "done": false, "timesteps_total": null, "episodes_total": null, "training_iteration": 4, "neg_mean_loss": -2.6154605670928954, "experiment_id": "8fbcfd83e45c483583b8d06967c42db4", "date": "2019-05-30_14-36-11", "timestamp": 1559252171, "time_this_iter_s": 8.684917688369751, "time_total_s": 36.34248638153076, "pid": 13463, "hostname": "steropes", "node_ip": "169.229.49.254", "config": {"starting_lr": 0.5, "momentum": 0.99, "weight_decay": 0.0001, "steps_per_iteration": null, "pin": false, "model_creator": null, "target_batch_size": 1024, "model_string": "resnet18", "min_batch_size": 512, "dataset": "CIFAR", "placement": null, "use_nccl": true, "devices_per_worker": 1, "primary_resource": "extra_gpu", "gpu": false, "verbose": false, "lr_config": {"mode": "log", "steps": 5, "initial_lr": 0.5, "target_lr": 0.5}, "batch_per_device": 1024}, "time_since_restore": 36.34248638153076, "timesteps_since_restore": 0, "iterations_since_restore": 4, "mean_throughput": 6603.78008699582, "atoms": 1, "resource_time": 36.34248638153076}
{"apply": 0.00728902816772461, "batch_time": 0.1370539903640747, "d2h": 0.0070284843444824215, "data_time": 0.028976926998216277, "fwd": 0.0370293378829956, "get_state_time_mean": NaN, "get_state_time_total": 0.0, "grad": 0.06672549247741699, "mean_accuracy": 0.1005999967455864, "mean_loss": 3.288592194747925, "neg_mean_accuracy": -0.1005999967455864, "set_state_time_mean": NaN, "set_state_time_total": 0.0, "setup_model_time_mean": NaN, "setup_model_time_total": 0.0, "setup_proc_time_mean": NaN, "setup_proc_time_total": 0.0, "train_accuracy": 0.1001800000667572, "train_loss": 2.4267184757232667, "training_time_mean": NaN, "training_time_total": 0.0, "validation_time_mean": NaN, "validation_time_total": 0.0, "samples": 60000, "num_workers": 1, "done": false, "timesteps_total": null, "episodes_total": null, "training_iteration": 5, "neg_mean_loss": -3.288592194747925, "experiment_id": "8fbcfd83e45c483583b8d06967c42db4", "date": "2019-05-30_14-36-20", "timestamp": 1559252180, "time_this_iter_s": 8.34565019607544, "time_total_s": 44.6881365776062, "pid": 13463, "hostname": "steropes", "node_ip": "169.229.49.254", "config": {"starting_lr": 0.5, "momentum": 0.99, "weight_decay": 0.0001, "steps_per_iteration": null, "pin": false, "model_creator": null, "target_batch_size": 1024, "model_string": "resnet18", "min_batch_size": 512, "dataset": "CIFAR", "placement": null, "use_nccl": true, "devices_per_worker": 1, "primary_resource": "extra_gpu", "gpu": false, "verbose": false, "lr_config": {"mode": "log", "steps": 5, "initial_lr": 0.5, "target_lr": 0.5}, "batch_per_device": 1024}, "time_since_restore": 44.6881365776062, "timesteps_since_restore": 0, "iterations_since_restore": 5, "mean_throughput": 6713.127223965687, "atoms": 1, "resource_time": 44.6881365776062}
{"apply": 0.00801100730895996, "batch_time": 0.12286200523376464, "d2h": 0.006363916397094727, "data_time": 0.03844948690764758, "fwd": 0.028237080574035643, "get_state_time_mean": NaN, "get_state_time_total": 0.0, "grad": 0.049285149574279784, "mean_accuracy": 0.09999999403953552, "mean_loss": 2.3683943496704103, "neg_mean_accuracy": -0.09999999403953552, "set_state_time_mean": NaN, "set_state_time_total": 0.0, "setup_model_time_mean": NaN, "setup_model_time_total": 0.0, "setup_proc_time_mean": NaN, "setup_proc_time_total": 0.0, "train_accuracy": 0.09911999851465225, "train_loss": 2.387052640380859, "training_time_mean": NaN, "training_time_total": 0.0, "validation_time_mean": NaN, "validation_time_total": 0.0, "samples": 60000, "num_workers": 1, "done": false, "timesteps_total": null, "episodes_total": null, "training_iteration": 6, "neg_mean_loss": -2.3683943496704103, "experiment_id": "8fbcfd83e45c483583b8d06967c42db4", "date": "2019-05-30_14-36-28", "timestamp": 1559252188, "time_this_iter_s": 8.475417613983154, "time_total_s": 53.163554191589355, "pid": 13463, "hostname": "steropes", "node_ip": "169.229.49.254", "config": {"starting_lr": 0.5, "momentum": 0.99, "weight_decay": 0.0001, "steps_per_iteration": null, "pin": false, "model_creator": null, "target_batch_size": 1024, "model_string": "resnet18", "min_batch_size": 512, "dataset": "CIFAR", "placement": null, "use_nccl": true, "devices_per_worker": 1, "primary_resource": "extra_gpu", "gpu": false, "verbose": false, "lr_config": {"mode": "log", "steps": 5, "initial_lr": 0.5, "target_lr": 0.5}, "batch_per_device": 1024}, "time_since_restore": 53.163554191589355, "timesteps_since_restore": 0, "iterations_since_restore": 6, "mean_throughput": 7216.178124989713, "atoms": 1, "resource_time": 53.163554191589355}
{"apply": 0.009757232666015626, "batch_time": 0.12995741367340088, "d2h": 0.006734967231750488, "data_time": 0.04353092641246562, "fwd": 0.03227207660675049, "get_state_time_mean": NaN, "get_state_time_total": 0.0, "grad": 0.05058233737945557, "mean_accuracy": 0.09999999403953552, "mean_loss": 2.319995220947266, "neg_mean_accuracy": -0.09999999403953552, "set_state_time_mean": NaN, "set_state_time_total": 0.0, "setup_model_time_mean": NaN, "setup_model_time_total": 0.0, "setup_proc_time_mean": NaN, "setup_proc_time_total": 0.0, "train_accuracy": 0.09873999655246735, "train_loss": 2.3996198848724366, "training_time_mean": NaN, "training_time_total": 0.0, "validation_time_mean": NaN, "validation_time_total": 0.0, "samples": 60000, "num_workers": 1, "done": false, "timesteps_total": null, "episodes_total": null, "training_iteration": 7, "neg_mean_loss": -2.319995220947266, "experiment_id": "8fbcfd83e45c483583b8d06967c42db4", "date": "2019-05-30_14-36-37", "timestamp": 1559252197, "time_this_iter_s": 8.576586484909058, "time_total_s": 61.74014067649841, "pid": 13463, "hostname": "steropes", "node_ip": "169.229.49.254", "config": {"starting_lr": 0.5, "momentum": 0.99, "weight_decay": 0.0001, "steps_per_iteration": null, "pin": false, "model_creator": null, "target_batch_size": 1024, "model_string": "resnet18", "min_batch_size": 512, "dataset": "CIFAR", "placement": null, "use_nccl": true, "devices_per_worker": 1, "primary_resource": "extra_gpu", "gpu": false, "verbose": false, "lr_config": {"mode": "log", "steps": 5, "initial_lr": 0.5, "target_lr": 0.5}, "batch_per_device": 1024}, "time_since_restore": 61.74014067649841, "timesteps_since_restore": 0, "iterations_since_restore": 7, "mean_throughput": 7047.076012293955, "atoms": 1, "resource_time": 61.74014067649841}
{"apply": 0.008418655395507813, "batch_time": 0.13353655338287354, "d2h": 0.006596612930297852, "data_time": 0.0331463521840621, "fwd": 0.02588155269622803, "get_state_time_mean": NaN, "get_state_time_total": 0.0, "grad": 0.05283236503601074, "mean_accuracy": 0.09999999403953552, "mean_loss": 2.375772930908203, "neg_mean_accuracy": -0.09999999403953552, "set_state_time_mean": NaN, "set_state_time_total": 0.0, "setup_model_time_mean": NaN, "setup_model_time_total": 0.0, "setup_proc_time_mean": NaN, "setup_proc_time_total": 0.0, "train_accuracy": 0.1000399962067604, "train_loss": 2.3496096523284913, "training_time_mean": NaN, "training_time_total": 0.0, "validation_time_mean": NaN, "validation_time_total": 0.0, "samples": 60000, "num_workers": 1, "done": false, "timesteps_total": null, "episodes_total": null, "training_iteration": 8, "neg_mean_loss": -2.375772930908203, "experiment_id": "8fbcfd83e45c483583b8d06967c42db4", "date": "2019-05-30_14-36-45", "timestamp": 1559252205, "time_this_iter_s": 8.32274866104126, "time_total_s": 70.06288933753967, "pid": 13463, "hostname": "steropes", "node_ip": "169.229.49.254", "config": {"starting_lr": 0.5, "momentum": 0.99, "weight_decay": 0.0001, "steps_per_iteration": null, "pin": false, "model_creator": null, "target_batch_size": 1024, "model_string": "resnet18", "min_batch_size": 512, "dataset": "CIFAR", "placement": null, "use_nccl": true, "devices_per_worker": 1, "primary_resource": "extra_gpu", "gpu": false, "verbose": false, "lr_config": {"mode": "log", "steps": 5, "initial_lr": 0.5, "target_lr": 0.5}, "batch_per_device": 1024}, "time_since_restore": 70.06288933753967, "timesteps_since_restore": 0, "iterations_since_restore": 8, "mean_throughput": 7074.5028282888425, "atoms": 1, "resource_time": 70.06288933753967}
{"apply": 0.008700108528137207, "batch_time": 0.13313653469085693, "d2h": 0.007318186759948731, "data_time": 0.04508296810850805, "fwd": 0.024958205223083497, "get_state_time_mean": NaN, "get_state_time_total": 0.0, "grad": 0.04478058815002441, "mean_accuracy": 0.09999999403953552, "mean_loss": 2.3645435119628906, "neg_mean_accuracy": -0.09999999403953552, "set_state_time_mean": NaN, "set_state_time_total": 0.0, "setup_model_time_mean": NaN, "setup_model_time_total": 0.0, "setup_proc_time_mean": NaN, "setup_proc_time_total": 0.0, "train_accuracy": 0.10145999491214752, "train_loss": 2.376781455154419, "training_time_mean": NaN, "training_time_total": 0.0, "validation_time_mean": NaN, "validation_time_total": 0.0, "samples": 60000, "num_workers": 1, "done": false, "timesteps_total": null, "episodes_total": null, "training_iteration": 9, "neg_mean_loss": -2.3645435119628906, "experiment_id": "8fbcfd83e45c483583b8d06967c42db4", "date": "2019-05-30_14-36-54", "timestamp": 1559252214, "time_this_iter_s": 8.881539821624756, "time_total_s": 78.94442915916443, "pid": 13463, "hostname": "steropes", "node_ip": "169.229.49.254", "config": {"starting_lr": 0.5, "momentum": 0.99, "weight_decay": 0.0001, "steps_per_iteration": null, "pin": false, "model_creator": null, "target_batch_size": 1024, "model_string": "resnet18", "min_batch_size": 512, "dataset": "CIFAR", "placement": null, "use_nccl": true, "devices_per_worker": 1, "primary_resource": "extra_gpu", "gpu": false, "verbose": false, "lr_config": {"mode": "log", "steps": 5, "initial_lr": 0.5, "target_lr": 0.5}, "batch_per_device": 1024}, "time_since_restore": 78.94442915916443, "timesteps_since_restore": 0, "iterations_since_restore": 9, "mean_throughput": 7041.852332952389, "atoms": 1, "resource_time": 78.94442915916443}
{"apply": 0.007873249053955079, "batch_time": 0.12652790546417236, "d2h": 0.0053676128387451175, "data_time": 0.04657041296666982, "fwd": 0.024042677879333497, "get_state_time_mean": NaN, "get_state_time_total": 0.0, "grad": 0.04676389694213867, "mean_accuracy": 0.09999999403953552, "mean_loss": 2.33698593711853, "neg_mean_accuracy": -0.09999999403953552, "set_state_time_mean": NaN, "set_state_time_total": 0.0, "setup_model_time_mean": NaN, "setup_model_time_total": 0.0, "setup_proc_time_mean": NaN, "setup_proc_time_total": 0.0, "train_accuracy": 0.1019199937582016, "train_loss": 2.3528122033691408, "training_time_mean": NaN, "training_time_total": 0.0, "validation_time_mean": NaN, "validation_time_total": 0.0, "samples": 60000, "num_workers": 1, "done": false, "timesteps_total": null, "episodes_total": null, "training_iteration": 10, "neg_mean_loss": -2.33698593711853, "experiment_id": "8fbcfd83e45c483583b8d06967c42db4", "date": "2019-05-30_14-37-03", "timestamp": 1559252223, "time_this_iter_s": 8.680659055709839, "time_total_s": 87.62508821487427, "pid": 13463, "hostname": "steropes", "node_ip": "169.229.49.254", "config": {"starting_lr": 0.5, "momentum": 0.99, "weight_decay": 0.0001, "steps_per_iteration": null, "pin": false, "model_creator": null, "target_batch_size": 1024, "model_string": "resnet18", "min_batch_size": 512, "dataset": "CIFAR", "placement": null, "use_nccl": true, "devices_per_worker": 1, "primary_resource": "extra_gpu", "gpu": false, "verbose": false, "lr_config": {"mode": "log", "steps": 5, "initial_lr": 0.5, "target_lr": 0.5}, "batch_per_device": 1024}, "time_since_restore": 87.62508821487427, "timesteps_since_restore": 0, "iterations_since_restore": 10, "mean_throughput": 6986.911473735507, "atoms": 1, "resource_time": 87.62508821487427}
{"apply": 0.007195854187011718, "batch_time": 0.12794971466064453, "d2h": 0.009126901626586914, "data_time": 0.044863579224567025, "fwd": 0.02552611827850342, "get_state_time_mean": NaN, "get_state_time_total": 0.0, "grad": 0.04633512496948242, "mean_accuracy": 0.09999999403953552, "mean_loss": 2.316693255615234, "neg_mean_accuracy": -0.09999999403953552, "set_state_time_mean": NaN, "set_state_time_total": 0.0, "setup_model_time_mean": NaN, "setup_model_time_total": 0.0, "setup_proc_time_mean": NaN, "setup_proc_time_total": 0.0, "train_accuracy": 0.09985999763011932, "train_loss": 2.3247850913238524, "training_time_mean": NaN, "training_time_total": 0.0, "validation_time_mean": NaN, "validation_time_total": 0.0, "samples": 60000, "num_workers": 1, "done": false, "timesteps_total": null, "episodes_total": null, "training_iteration": 11, "neg_mean_loss": -2.316693255615234, "experiment_id": "8fbcfd83e45c483583b8d06967c42db4", "date": "2019-05-30_14-37-11", "timestamp": 1559252231, "time_this_iter_s": 8.61440634727478, "time_total_s": 96.23949456214905, "pid": 13463, "hostname": "steropes", "node_ip": "169.229.49.254", "config": {"starting_lr": 0.5, "momentum": 0.99, "weight_decay": 0.0001, "steps_per_iteration": null, "pin": false, "model_creator": null, "target_batch_size": 1024, "model_string": "resnet18", "min_batch_size": 512, "dataset": "CIFAR", "placement": null, "use_nccl": true, "devices_per_worker": 1, "primary_resource": "extra_gpu", "gpu": false, "verbose": false, "lr_config": {"mode": "log", "steps": 5, "initial_lr": 0.5, "target_lr": 0.5}, "batch_per_device": 1024}, "time_since_restore": 96.23949456214905, "timesteps_since_restore": 0, "iterations_since_restore": 11, "mean_throughput": 6964.366690113846, "atoms": 1, "resource_time": 96.23949456214905}
{"apply": 0.009767103195190429, "batch_time": 0.13163347244262696, "d2h": 0.006520676612854004, "data_time": 0.03911279172313457, "fwd": 0.0258314847946167, "get_state_time_mean": NaN, "get_state_time_total": 0.0, "grad": 0.05167839527130127, "mean_accuracy": 0.09999999403953552, "mean_loss": 2.324574198913574, "neg_mean_accuracy": -0.09999999403953552, "set_state_time_mean": NaN, "set_state_time_total": 0.0, "setup_model_time_mean": NaN, "setup_model_time_total": 0.0, "setup_proc_time_mean": NaN, "setup_proc_time_total": 0.0, "train_accuracy": 0.10277999937534332, "train_loss": 2.3144013527679443, "training_time_mean": NaN, "training_time_total": 0.0, "validation_time_mean": NaN, "validation_time_total": 0.0, "samples": 60000, "num_workers": 1, "done": true, "timesteps_total": null, "episodes_total": null, "training_iteration": 12, "neg_mean_loss": -2.324574198913574, "experiment_id": "8fbcfd83e45c483583b8d06967c42db4", "date": "2019-05-30_14-37-20", "timestamp": 1559252240, "time_this_iter_s": 8.372664213180542, "time_total_s": 104.61215877532959, "pid": 13463, "hostname": "steropes", "node_ip": "169.229.49.254", "config": {"starting_lr": 0.5, "momentum": 0.99, "weight_decay": 0.0001, "steps_per_iteration": null, "pin": false, "model_creator": null, "target_batch_size": 1024, "model_string": "resnet18", "min_batch_size": 512, "dataset": "CIFAR", "placement": null, "use_nccl": true, "devices_per_worker": 1, "primary_resource": "extra_gpu", "gpu": false, "verbose": false, "lr_config": {"mode": "log", "steps": 5, "initial_lr": 0.5, "target_lr": 0.5}, "batch_per_device": 1024}, "time_since_restore": 104.61215877532959, "timesteps_since_restore": 0, "iterations_since_restore": 12, "mean_throughput": 6997.502769936049, "atoms": 1, "resource_time": 104.61215877532959}
