apply,batch_time,d2h,data_time,fwd,get_state_time_mean,get_state_time_total,grad,mean_accuracy,mean_loss,neg_mean_accuracy,set_state_time_mean,set_state_time_total,setup_model_time_mean,setup_model_time_total,setup_proc_time_mean,setup_proc_time_total,train_accuracy,train_loss,training_time_mean,training_time_total,val_accuracy,val_loss,validation_time_mean,validation_time_total,samples,num_workers,done,timesteps_total,episodes_total,training_iteration,neg_mean_loss,experiment_id,date,timestamp,time_this_iter_s,time_total_s,pid,hostname,node_ip,config,time_since_restore,timesteps_since_restore,iterations_since_restore,mean_throughput,atoms,setup_time
0.018361592292785646,0.04702468763423871,0.0007482290267944336,0.0019411040693902604,0.11830542087554932,nan,0.0,0.16608972549438478,0.272599995136261,2.088953770828247,-0.272599995136261,nan,0.0,8.423109769821167,8.423109769821167,0.49881935119628906,0.49881935119628906,0.19881999492645264,2.285071459197998,nan,0.0,0.272599995136261,2.088953770828247,nan,0.0,60000,1,False,,,1,-2.088953770828247,71e2ea23b33a4efcbd3d1ffb0ddca66a,2019-06-06_07-31-46,1559831506,46.69113349914551,46.69113349914551,29626,steropes,169.229.49.254,"{'starting_lr': 0.001, 'momentum': 0.9, 'weight_decay': 0.001, 'steps_per_iteration': None, 'pin': False, 'model_creator': None, 'target_batch_size': 128, 'model_string': 'resnet50', 'min_batch_size': 128, 'dataset': 'CIFAR', 'placement': None, 'use_nccl': True, 'devices_per_worker': 1, 'primary_resource': 'extra_gpu', 'gpu': False, 'verbose': False, 'lr_config': {'mode': 'log', 'steps': 5, 'initial_lr': 0.001, 'target_lr': 0.001}, 'batch_per_device': 128}",46.69113349914551,0,1,1285.0364253899013,1,9.028366327285767
0.01895003318786621,0.03251005728033524,0.0007397413253784179,0.001802094452216497,0.028088927268981934,nan,0.0,0.04849042892456055,0.3138999938964844,1.9281509477615355,-0.35519999265670776,nan,0.0,nan,0.0,nan,0.0,0.2981799840927124,1.9214800643920897,nan,0.0,0.35519999265670776,1.7673481246948242,nan,0.0,60000,1,False,,,2,-1.9281509477615355,71e2ea23b33a4efcbd3d1ffb0ddca66a,2019-06-06_07-32-27,1559831547,41.111326456069946,87.80245995521545,29626,steropes,169.229.49.254,"{'starting_lr': 0.001, 'momentum': 0.9, 'weight_decay': 0.001, 'steps_per_iteration': None, 'pin': False, 'model_creator': None, 'target_batch_size': 128, 'model_string': 'resnet50', 'min_batch_size': 128, 'dataset': 'CIFAR', 'placement': None, 'use_nccl': True, 'devices_per_worker': 1, 'primary_resource': 'extra_gpu', 'gpu': False, 'verbose': False, 'lr_config': {'mode': 'log', 'steps': 5, 'initial_lr': 0.001, 'target_lr': 0.001}, 'batch_per_device': 128}",87.80245995521545,0,2,1366.7007199246589,1,9.028366327285767
0.01805148124694824,0.03132748603820801,0.0007210493087768555,0.0017730750696128591,0.0272083044052124,nan,0.0,0.04705476760864258,0.3343333303928375,1.8710260721842449,-0.3752000033855438,nan,0.0,nan,0.0,nan,0.0,0.34814000129699707,1.7789453343963624,nan,0.0,0.3752000033855438,1.7567763210296632,nan,0.0,60000,1,False,,,3,-1.8710260721842449,71e2ea23b33a4efcbd3d1ffb0ddca66a,2019-06-06_07-33-08,1559831588,40.753788471221924,128.55624842643738,29626,steropes,169.229.49.254,"{'starting_lr': 0.001, 'momentum': 0.9, 'weight_decay': 0.001, 'steps_per_iteration': None, 'pin': False, 'model_creator': None, 'target_batch_size': 128, 'model_string': 'resnet50', 'min_batch_size': 128, 'dataset': 'CIFAR', 'placement': None, 'use_nccl': True, 'devices_per_worker': 1, 'primary_resource': 'extra_gpu', 'gpu': False, 'verbose': False, 'lr_config': {'mode': 'log', 'steps': 5, 'initial_lr': 0.001, 'target_lr': 0.001}, 'batch_per_device': 128}",128.55624842643738,0,3,1400.161938694047,1,9.028366327285767
0.021615815162658692,0.03195506107958057,0.000744771957397461,0.0017212046991528758,0.03028995990753174,nan,0.0,0.04821600914001465,0.35352499783039093,1.8194497961997986,-0.41110000014305115,nan,0.0,nan,0.0,nan,0.0,0.38367998600006104,1.6805668126678466,nan,0.0,0.41110000014305115,1.6647209682464599,nan,0.0,60000,1,False,,,4,-1.8194497961997986,71e2ea23b33a4efcbd3d1ffb0ddca66a,2019-06-06_07-33-48,1559831628,40.703603744506836,169.2598521709442,29626,steropes,169.229.49.254,"{'starting_lr': 0.001, 'momentum': 0.9, 'weight_decay': 0.001, 'steps_per_iteration': None, 'pin': False, 'model_creator': None, 'target_batch_size': 128, 'model_string': 'resnet50', 'min_batch_size': 128, 'dataset': 'CIFAR', 'placement': None, 'use_nccl': True, 'devices_per_worker': 1, 'primary_resource': 'extra_gpu', 'gpu': False, 'verbose': False, 'lr_config': {'mode': 'log', 'steps': 5, 'initial_lr': 0.001, 'target_lr': 0.001}, 'batch_per_device': 128}",169.2598521709442,0,4,1417.9348726368464,1,9.028366327285767
0.01764204502105713,0.031221567829952963,0.0007382392883300781,0.0017519003290044682,0.0275022029876709,nan,0.0,0.0472609281539917,0.3699199974536896,1.764181975708008,-0.43549999594688416,nan,0.0,nan,0.0,nan,0.0,0.41259998083114624,1.609639398498535,nan,0.0,0.43549999594688416,1.5431106937408448,nan,0.0,60000,1,False,,,5,-1.764181975708008,71e2ea23b33a4efcbd3d1ffb0ddca66a,2019-06-06_07-34-29,1559831669,40.70487642288208,209.9647285938263,29626,steropes,169.229.49.254,"{'starting_lr': 0.001, 'momentum': 0.9, 'weight_decay': 0.001, 'steps_per_iteration': None, 'pin': False, 'model_creator': None, 'target_batch_size': 128, 'model_string': 'resnet50', 'min_batch_size': 128, 'dataset': 'CIFAR', 'placement': None, 'use_nccl': True, 'devices_per_worker': 1, 'primary_resource': 'extra_gpu', 'gpu': False, 'verbose': False, 'lr_config': {'mode': 'log', 'steps': 5, 'initial_lr': 0.001, 'target_lr': 0.001}, 'batch_per_device': 128}",209.9647285938263,0,5,1428.8082417987496,1,9.028366327285767
0.02166569232940674,0.03159451484680176,0.000748133659362793,0.0017465148740412328,0.030562281608581543,nan,0.0,0.04811320304870605,0.4048799932003021,1.661885246734619,-0.44739997386932373,nan,0.0,nan,0.0,nan,0.0,0.4272399842739105,1.5641992916488647,nan,0.0,0.44739997386932373,1.5774701259613038,nan,0.0,60000,1,False,,,6,-1.661885246734619,71e2ea23b33a4efcbd3d1ffb0ddca66a,2019-06-06_07-35-10,1559831710,40.82480573654175,250.78953433036804,29626,steropes,169.229.49.254,"{'starting_lr': 0.001, 'momentum': 0.9, 'weight_decay': 0.001, 'steps_per_iteration': None, 'pin': False, 'model_creator': None, 'target_batch_size': 128, 'model_string': 'resnet50', 'min_batch_size': 128, 'dataset': 'CIFAR', 'placement': None, 'use_nccl': True, 'devices_per_worker': 1, 'primary_resource': 'extra_gpu', 'gpu': False, 'verbose': False, 'lr_config': {'mode': 'log', 'steps': 5, 'initial_lr': 0.001, 'target_lr': 0.001}, 'batch_per_device': 128}",250.78953433036804,0,6,1469.8763750094313,1,9.028366327285767
0.017656779289245604,0.031213174892377248,0.000731801986694336,0.0016705697149876743,0.027717041969299316,nan,0.0,0.04647834300994873,0.42755998969078063,1.5973943799591066,-0.46859997510910034,nan,0.0,nan,0.0,nan,0.0,0.4449999928474426,1.5202546294021606,nan,0.0,0.46859997510910034,1.4448937908172608,nan,0.0,60000,1,False,,,7,-1.5973943799591066,71e2ea23b33a4efcbd3d1ffb0ddca66a,2019-06-06_07-35-50,1559831750,40.32430148124695,291.113835811615,29626,steropes,169.229.49.254,"{'starting_lr': 0.001, 'momentum': 0.9, 'weight_decay': 0.001, 'steps_per_iteration': None, 'pin': False, 'model_creator': None, 'target_batch_size': 128, 'model_string': 'resnet50', 'min_batch_size': 128, 'dataset': 'CIFAR', 'placement': None, 'use_nccl': True, 'devices_per_worker': 1, 'primary_resource': 'extra_gpu', 'gpu': False, 'verbose': False, 'lr_config': {'mode': 'log', 'steps': 5, 'initial_lr': 0.001, 'target_lr': 0.001}, 'batch_per_device': 128}",291.113835811615,0,7,1475.566315477004,1,9.028366327285767
0.017752933502197265,0.031109815911401675,0.0007177591323852539,0.0016766070100047703,0.027330827713012696,nan,0.0,0.047331595420837404,0.45075998902320863,1.5293788077926636,-0.4912000000476837,nan,0.0,nan,0.0,nan,0.0,0.46201997995376587,1.4804073443984986,nan,0.0,0.4912000000476837,1.4166984601974488,nan,0.0,60000,1,True,,,8,-1.5293788077926636,71e2ea23b33a4efcbd3d1ffb0ddca66a,2019-06-06_07-36-31,1559831791,40.87039041519165,331.98422622680664,29626,steropes,169.229.49.254,"{'starting_lr': 0.001, 'momentum': 0.9, 'weight_decay': 0.001, 'steps_per_iteration': None, 'pin': False, 'model_creator': None, 'target_batch_size': 128, 'model_string': 'resnet50', 'min_batch_size': 128, 'dataset': 'CIFAR', 'placement': None, 'use_nccl': True, 'devices_per_worker': 1, 'primary_resource': 'extra_gpu', 'gpu': False, 'verbose': False, 'lr_config': {'mode': 'log', 'steps': 5, 'initial_lr': 0.001, 'target_lr': 0.001}, 'batch_per_device': 128}",331.98422622680664,0,8,1474.7205734518773,1,9.028366327285767
