{"apply": 0.018361592292785646, "batch_time": 0.04702468763423871, "d2h": 0.0007482290267944336, "data_time": 0.0019411040693902604, "fwd": 0.11830542087554932, "get_state_time_mean": NaN, "get_state_time_total": 0.0, "grad": 0.16608972549438478, "mean_accuracy": 0.272599995136261, "mean_loss": 2.088953770828247, "neg_mean_accuracy": -0.272599995136261, "set_state_time_mean": NaN, "set_state_time_total": 0.0, "setup_model_time_mean": 8.423109769821167, "setup_model_time_total": 8.423109769821167, "setup_proc_time_mean": 0.49881935119628906, "setup_proc_time_total": 0.49881935119628906, "train_accuracy": 0.19881999492645264, "train_loss": 2.285071459197998, "training_time_mean": NaN, "training_time_total": 0.0, "val_accuracy": 0.272599995136261, "val_loss": 2.088953770828247, "validation_time_mean": NaN, "validation_time_total": 0.0, "samples": 60000, "num_workers": 1, "done": false, "timesteps_total": null, "episodes_total": null, "training_iteration": 1, "neg_mean_loss": -2.088953770828247, "experiment_id": "71e2ea23b33a4efcbd3d1ffb0ddca66a", "date": "2019-06-06_07-31-46", "timestamp": 1559831506, "time_this_iter_s": 46.69113349914551, "time_total_s": 46.69113349914551, "pid": 29626, "hostname": "steropes", "node_ip": "169.229.49.254", "config": {"starting_lr": 0.001, "momentum": 0.9, "weight_decay": 0.001, "steps_per_iteration": null, "pin": false, "model_creator": null, "target_batch_size": 128, "model_string": "resnet50", "min_batch_size": 128, "dataset": "CIFAR", "placement": null, "use_nccl": true, "devices_per_worker": 1, "primary_resource": "extra_gpu", "gpu": false, "verbose": false, "lr_config": {"mode": "log", "steps": 5, "initial_lr": 0.001, "target_lr": 0.001}, "batch_per_device": 128}, "time_since_restore": 46.69113349914551, "timesteps_since_restore": 0, "iterations_since_restore": 1, "mean_throughput": 1285.0364253899013, "atoms": 1, "setup_time": 9.028366327285767}
{"apply": 0.01895003318786621, "batch_time": 0.03251005728033524, "d2h": 0.0007397413253784179, "data_time": 0.001802094452216497, "fwd": 0.028088927268981934, "get_state_time_mean": NaN, "get_state_time_total": 0.0, "grad": 0.04849042892456055, "mean_accuracy": 0.3138999938964844, "mean_loss": 1.9281509477615355, "neg_mean_accuracy": -0.35519999265670776, "set_state_time_mean": NaN, "set_state_time_total": 0.0, "setup_model_time_mean": NaN, "setup_model_time_total": 0.0, "setup_proc_time_mean": NaN, "setup_proc_time_total": 0.0, "train_accuracy": 0.2981799840927124, "train_loss": 1.9214800643920897, "training_time_mean": NaN, "training_time_total": 0.0, "val_accuracy": 0.35519999265670776, "val_loss": 1.7673481246948242, "validation_time_mean": NaN, "validation_time_total": 0.0, "samples": 60000, "num_workers": 1, "done": false, "timesteps_total": null, "episodes_total": null, "training_iteration": 2, "neg_mean_loss": -1.9281509477615355, "experiment_id": "71e2ea23b33a4efcbd3d1ffb0ddca66a", "date": "2019-06-06_07-32-27", "timestamp": 1559831547, "time_this_iter_s": 41.111326456069946, "time_total_s": 87.80245995521545, "pid": 29626, "hostname": "steropes", "node_ip": "169.229.49.254", "config": {"starting_lr": 0.001, "momentum": 0.9, "weight_decay": 0.001, "steps_per_iteration": null, "pin": false, "model_creator": null, "target_batch_size": 128, "model_string": "resnet50", "min_batch_size": 128, "dataset": "CIFAR", "placement": null, "use_nccl": true, "devices_per_worker": 1, "primary_resource": "extra_gpu", "gpu": false, "verbose": false, "lr_config": {"mode": "log", "steps": 5, "initial_lr": 0.001, "target_lr": 0.001}, "batch_per_device": 128}, "time_since_restore": 87.80245995521545, "timesteps_since_restore": 0, "iterations_since_restore": 2, "mean_throughput": 1366.7007199246589, "atoms": 1, "setup_time": 9.028366327285767}
{"apply": 0.01805148124694824, "batch_time": 0.03132748603820801, "d2h": 0.0007210493087768555, "data_time": 0.0017730750696128591, "fwd": 0.0272083044052124, "get_state_time_mean": NaN, "get_state_time_total": 0.0, "grad": 0.04705476760864258, "mean_accuracy": 0.3343333303928375, "mean_loss": 1.8710260721842449, "neg_mean_accuracy": -0.3752000033855438, "set_state_time_mean": NaN, "set_state_time_total": 0.0, "setup_model_time_mean": NaN, "setup_model_time_total": 0.0, "setup_proc_time_mean": NaN, "setup_proc_time_total": 0.0, "train_accuracy": 0.34814000129699707, "train_loss": 1.7789453343963624, "training_time_mean": NaN, "training_time_total": 0.0, "val_accuracy": 0.3752000033855438, "val_loss": 1.7567763210296632, "validation_time_mean": NaN, "validation_time_total": 0.0, "samples": 60000, "num_workers": 1, "done": false, "timesteps_total": null, "episodes_total": null, "training_iteration": 3, "neg_mean_loss": -1.8710260721842449, "experiment_id": "71e2ea23b33a4efcbd3d1ffb0ddca66a", "date": "2019-06-06_07-33-08", "timestamp": 1559831588, "time_this_iter_s": 40.753788471221924, "time_total_s": 128.55624842643738, "pid": 29626, "hostname": "steropes", "node_ip": "169.229.49.254", "config": {"starting_lr": 0.001, "momentum": 0.9, "weight_decay": 0.001, "steps_per_iteration": null, "pin": false, "model_creator": null, "target_batch_size": 128, "model_string": "resnet50", "min_batch_size": 128, "dataset": "CIFAR", "placement": null, "use_nccl": true, "devices_per_worker": 1, "primary_resource": "extra_gpu", "gpu": false, "verbose": false, "lr_config": {"mode": "log", "steps": 5, "initial_lr": 0.001, "target_lr": 0.001}, "batch_per_device": 128}, "time_since_restore": 128.55624842643738, "timesteps_since_restore": 0, "iterations_since_restore": 3, "mean_throughput": 1400.161938694047, "atoms": 1, "setup_time": 9.028366327285767}
{"apply": 0.021615815162658692, "batch_time": 0.03195506107958057, "d2h": 0.000744771957397461, "data_time": 0.0017212046991528758, "fwd": 0.03028995990753174, "get_state_time_mean": NaN, "get_state_time_total": 0.0, "grad": 0.04821600914001465, "mean_accuracy": 0.35352499783039093, "mean_loss": 1.8194497961997986, "neg_mean_accuracy": -0.41110000014305115, "set_state_time_mean": NaN, "set_state_time_total": 0.0, "setup_model_time_mean": NaN, "setup_model_time_total": 0.0, "setup_proc_time_mean": NaN, "setup_proc_time_total": 0.0, "train_accuracy": 0.38367998600006104, "train_loss": 1.6805668126678466, "training_time_mean": NaN, "training_time_total": 0.0, "val_accuracy": 0.41110000014305115, "val_loss": 1.6647209682464599, "validation_time_mean": NaN, "validation_time_total": 0.0, "samples": 60000, "num_workers": 1, "done": false, "timesteps_total": null, "episodes_total": null, "training_iteration": 4, "neg_mean_loss": -1.8194497961997986, "experiment_id": "71e2ea23b33a4efcbd3d1ffb0ddca66a", "date": "2019-06-06_07-33-48", "timestamp": 1559831628, "time_this_iter_s": 40.703603744506836, "time_total_s": 169.2598521709442, "pid": 29626, "hostname": "steropes", "node_ip": "169.229.49.254", "config": {"starting_lr": 0.001, "momentum": 0.9, "weight_decay": 0.001, "steps_per_iteration": null, "pin": false, "model_creator": null, "target_batch_size": 128, "model_string": "resnet50", "min_batch_size": 128, "dataset": "CIFAR", "placement": null, "use_nccl": true, "devices_per_worker": 1, "primary_resource": "extra_gpu", "gpu": false, "verbose": false, "lr_config": {"mode": "log", "steps": 5, "initial_lr": 0.001, "target_lr": 0.001}, "batch_per_device": 128}, "time_since_restore": 169.2598521709442, "timesteps_since_restore": 0, "iterations_since_restore": 4, "mean_throughput": 1417.9348726368464, "atoms": 1, "setup_time": 9.028366327285767}
{"apply": 0.01764204502105713, "batch_time": 0.031221567829952963, "d2h": 0.0007382392883300781, "data_time": 0.0017519003290044682, "fwd": 0.0275022029876709, "get_state_time_mean": NaN, "get_state_time_total": 0.0, "grad": 0.0472609281539917, "mean_accuracy": 0.3699199974536896, "mean_loss": 1.764181975708008, "neg_mean_accuracy": -0.43549999594688416, "set_state_time_mean": NaN, "set_state_time_total": 0.0, "setup_model_time_mean": NaN, "setup_model_time_total": 0.0, "setup_proc_time_mean": NaN, "setup_proc_time_total": 0.0, "train_accuracy": 0.41259998083114624, "train_loss": 1.609639398498535, "training_time_mean": NaN, "training_time_total": 0.0, "val_accuracy": 0.43549999594688416, "val_loss": 1.5431106937408448, "validation_time_mean": NaN, "validation_time_total": 0.0, "samples": 60000, "num_workers": 1, "done": false, "timesteps_total": null, "episodes_total": null, "training_iteration": 5, "neg_mean_loss": -1.764181975708008, "experiment_id": "71e2ea23b33a4efcbd3d1ffb0ddca66a", "date": "2019-06-06_07-34-29", "timestamp": 1559831669, "time_this_iter_s": 40.70487642288208, "time_total_s": 209.9647285938263, "pid": 29626, "hostname": "steropes", "node_ip": "169.229.49.254", "config": {"starting_lr": 0.001, "momentum": 0.9, "weight_decay": 0.001, "steps_per_iteration": null, "pin": false, "model_creator": null, "target_batch_size": 128, "model_string": "resnet50", "min_batch_size": 128, "dataset": "CIFAR", "placement": null, "use_nccl": true, "devices_per_worker": 1, "primary_resource": "extra_gpu", "gpu": false, "verbose": false, "lr_config": {"mode": "log", "steps": 5, "initial_lr": 0.001, "target_lr": 0.001}, "batch_per_device": 128}, "time_since_restore": 209.9647285938263, "timesteps_since_restore": 0, "iterations_since_restore": 5, "mean_throughput": 1428.8082417987496, "atoms": 1, "setup_time": 9.028366327285767}
{"apply": 0.02166569232940674, "batch_time": 0.03159451484680176, "d2h": 0.000748133659362793, "data_time": 0.0017465148740412328, "fwd": 0.030562281608581543, "get_state_time_mean": NaN, "get_state_time_total": 0.0, "grad": 0.04811320304870605, "mean_accuracy": 0.4048799932003021, "mean_loss": 1.661885246734619, "neg_mean_accuracy": -0.44739997386932373, "set_state_time_mean": NaN, "set_state_time_total": 0.0, "setup_model_time_mean": NaN, "setup_model_time_total": 0.0, "setup_proc_time_mean": NaN, "setup_proc_time_total": 0.0, "train_accuracy": 0.4272399842739105, "train_loss": 1.5641992916488647, "training_time_mean": NaN, "training_time_total": 0.0, "val_accuracy": 0.44739997386932373, "val_loss": 1.5774701259613038, "validation_time_mean": NaN, "validation_time_total": 0.0, "samples": 60000, "num_workers": 1, "done": false, "timesteps_total": null, "episodes_total": null, "training_iteration": 6, "neg_mean_loss": -1.661885246734619, "experiment_id": "71e2ea23b33a4efcbd3d1ffb0ddca66a", "date": "2019-06-06_07-35-10", "timestamp": 1559831710, "time_this_iter_s": 40.82480573654175, "time_total_s": 250.78953433036804, "pid": 29626, "hostname": "steropes", "node_ip": "169.229.49.254", "config": {"starting_lr": 0.001, "momentum": 0.9, "weight_decay": 0.001, "steps_per_iteration": null, "pin": false, "model_creator": null, "target_batch_size": 128, "model_string": "resnet50", "min_batch_size": 128, "dataset": "CIFAR", "placement": null, "use_nccl": true, "devices_per_worker": 1, "primary_resource": "extra_gpu", "gpu": false, "verbose": false, "lr_config": {"mode": "log", "steps": 5, "initial_lr": 0.001, "target_lr": 0.001}, "batch_per_device": 128}, "time_since_restore": 250.78953433036804, "timesteps_since_restore": 0, "iterations_since_restore": 6, "mean_throughput": 1469.8763750094313, "atoms": 1, "setup_time": 9.028366327285767}
{"apply": 0.017656779289245604, "batch_time": 0.031213174892377248, "d2h": 0.000731801986694336, "data_time": 0.0016705697149876743, "fwd": 0.027717041969299316, "get_state_time_mean": NaN, "get_state_time_total": 0.0, "grad": 0.04647834300994873, "mean_accuracy": 0.42755998969078063, "mean_loss": 1.5973943799591066, "neg_mean_accuracy": -0.46859997510910034, "set_state_time_mean": NaN, "set_state_time_total": 0.0, "setup_model_time_mean": NaN, "setup_model_time_total": 0.0, "setup_proc_time_mean": NaN, "setup_proc_time_total": 0.0, "train_accuracy": 0.4449999928474426, "train_loss": 1.5202546294021606, "training_time_mean": NaN, "training_time_total": 0.0, "val_accuracy": 0.46859997510910034, "val_loss": 1.4448937908172608, "validation_time_mean": NaN, "validation_time_total": 0.0, "samples": 60000, "num_workers": 1, "done": false, "timesteps_total": null, "episodes_total": null, "training_iteration": 7, "neg_mean_loss": -1.5973943799591066, "experiment_id": "71e2ea23b33a4efcbd3d1ffb0ddca66a", "date": "2019-06-06_07-35-50", "timestamp": 1559831750, "time_this_iter_s": 40.32430148124695, "time_total_s": 291.113835811615, "pid": 29626, "hostname": "steropes", "node_ip": "169.229.49.254", "config": {"starting_lr": 0.001, "momentum": 0.9, "weight_decay": 0.001, "steps_per_iteration": null, "pin": false, "model_creator": null, "target_batch_size": 128, "model_string": "resnet50", "min_batch_size": 128, "dataset": "CIFAR", "placement": null, "use_nccl": true, "devices_per_worker": 1, "primary_resource": "extra_gpu", "gpu": false, "verbose": false, "lr_config": {"mode": "log", "steps": 5, "initial_lr": 0.001, "target_lr": 0.001}, "batch_per_device": 128}, "time_since_restore": 291.113835811615, "timesteps_since_restore": 0, "iterations_since_restore": 7, "mean_throughput": 1475.566315477004, "atoms": 1, "setup_time": 9.028366327285767}
{"apply": 0.017752933502197265, "batch_time": 0.031109815911401675, "d2h": 0.0007177591323852539, "data_time": 0.0016766070100047703, "fwd": 0.027330827713012696, "get_state_time_mean": NaN, "get_state_time_total": 0.0, "grad": 0.047331595420837404, "mean_accuracy": 0.45075998902320863, "mean_loss": 1.5293788077926636, "neg_mean_accuracy": -0.4912000000476837, "set_state_time_mean": NaN, "set_state_time_total": 0.0, "setup_model_time_mean": NaN, "setup_model_time_total": 0.0, "setup_proc_time_mean": NaN, "setup_proc_time_total": 0.0, "train_accuracy": 0.46201997995376587, "train_loss": 1.4804073443984986, "training_time_mean": NaN, "training_time_total": 0.0, "val_accuracy": 0.4912000000476837, "val_loss": 1.4166984601974488, "validation_time_mean": NaN, "validation_time_total": 0.0, "samples": 60000, "num_workers": 1, "done": true, "timesteps_total": null, "episodes_total": null, "training_iteration": 8, "neg_mean_loss": -1.5293788077926636, "experiment_id": "71e2ea23b33a4efcbd3d1ffb0ddca66a", "date": "2019-06-06_07-36-31", "timestamp": 1559831791, "time_this_iter_s": 40.87039041519165, "time_total_s": 331.98422622680664, "pid": 29626, "hostname": "steropes", "node_ip": "169.229.49.254", "config": {"starting_lr": 0.001, "momentum": 0.9, "weight_decay": 0.001, "steps_per_iteration": null, "pin": false, "model_creator": null, "target_batch_size": 128, "model_string": "resnet50", "min_batch_size": 128, "dataset": "CIFAR", "placement": null, "use_nccl": true, "devices_per_worker": 1, "primary_resource": "extra_gpu", "gpu": false, "verbose": false, "lr_config": {"mode": "log", "steps": 5, "initial_lr": 0.001, "target_lr": 0.001}, "batch_per_device": 128}, "time_since_restore": 331.98422622680664, "timesteps_since_restore": 0, "iterations_since_restore": 8, "mean_throughput": 1474.7205734518773, "atoms": 1, "setup_time": 9.028366327285767}
