{"apply": 0.01817305088043213, "batch_time": 0.04203212713893456, "d2h": 0.0006520748138427734, "data_time": 0.0018506367188280502, "fwd": 0.17915258407592774, "get_state_time_mean": NaN, "get_state_time_total": 0.0, "grad": 0.2513921022415161, "mean_accuracy": 0.2938999831676483, "mean_loss": 2.2603102741241456, "neg_mean_accuracy": -0.2938999831676483, "set_state_time_mean": NaN, "set_state_time_total": 0.0, "setup_model_time_mean": 21.56025528907776, "setup_model_time_total": 21.56025528907776, "setup_proc_time_mean": 1.9023993015289307, "setup_proc_time_total": 1.9023993015289307, "train_accuracy": 0.20114000141620636, "train_loss": 2.474447399368286, "training_time_mean": NaN, "training_time_total": 0.0, "val_accuracy": 0.2938999831676483, "val_loss": 2.2603102741241456, "validation_time_mean": NaN, "validation_time_total": 0.0, "samples": 60000, "num_workers": 1, "done": false, "timesteps_total": null, "episodes_total": null, "training_iteration": 1, "neg_mean_loss": -2.2603102741241456, "experiment_id": "cf1b8e6c67a84c6ab085b5855fedc21b", "date": "2019-06-03_22-45-23", "timestamp": 1559627123, "time_this_iter_s": 48.40388870239258, "time_total_s": 48.40388870239258, "pid": 13569, "hostname": "steropes", "node_ip": "169.229.49.254", "config": {"starting_lr": 0.0005, "momentum": 0.997, "weight_decay": 0.0001, "steps_per_iteration": null, "pin": false, "model_creator": null, "target_batch_size": 128, "model_string": "resnet50", "min_batch_size": 128, "dataset": "CIFAR", "placement": null, "use_nccl": true, "devices_per_worker": 1, "primary_resource": "extra_gpu", "gpu": false, "verbose": false, "lr_config": {"mode": "log", "steps": 5, "initial_lr": 0.0005, "target_lr": 0.0005}, "batch_per_device": 128}, "time_since_restore": 48.40388870239258, "timesteps_since_restore": 0, "iterations_since_restore": 1, "mean_throughput": 1239.5675568452043, "atoms": 1, "setup_time": 23.568704843521118}
{"apply": 0.018433976173400878, "batch_time": 0.032166360299798503, "d2h": 0.0006585359573364258, "data_time": 0.0017241541381992037, "fwd": 0.028560233116149903, "get_state_time_mean": NaN, "get_state_time_total": 0.0, "grad": 0.04831151962280274, "mean_accuracy": 0.32474999129772186, "mean_loss": 2.602005301094055, "neg_mean_accuracy": -0.3555999994277954, "set_state_time_mean": NaN, "set_state_time_total": 0.0, "setup_model_time_mean": NaN, "setup_model_time_total": 0.0, "setup_proc_time_mean": NaN, "setup_proc_time_total": 0.0, "train_accuracy": 0.31068000197410583, "train_loss": 2.102077823486328, "training_time_mean": NaN, "training_time_total": 0.0, "val_accuracy": 0.3555999994277954, "val_loss": 2.9437003280639646, "validation_time_mean": NaN, "validation_time_total": 0.0, "samples": 60000, "num_workers": 1, "done": false, "timesteps_total": null, "episodes_total": null, "training_iteration": 2, "neg_mean_loss": -2.602005301094055, "experiment_id": "cf1b8e6c67a84c6ab085b5855fedc21b", "date": "2019-06-03_22-46-04", "timestamp": 1559627164, "time_this_iter_s": 41.01509189605713, "time_total_s": 89.4189805984497, "pid": 13569, "hostname": "steropes", "node_ip": "169.229.49.254", "config": {"starting_lr": 0.0005, "momentum": 0.997, "weight_decay": 0.0001, "steps_per_iteration": null, "pin": false, "model_creator": null, "target_batch_size": 128, "model_string": "resnet50", "min_batch_size": 128, "dataset": "CIFAR", "placement": null, "use_nccl": true, "devices_per_worker": 1, "primary_resource": "extra_gpu", "gpu": false, "verbose": false, "lr_config": {"mode": "log", "steps": 5, "initial_lr": 0.0005, "target_lr": 0.0005}, "batch_per_device": 128}, "time_since_restore": 89.4189805984497, "timesteps_since_restore": 0, "iterations_since_restore": 2, "mean_throughput": 1341.9903174876085, "atoms": 1, "setup_time": 23.568704843521118}
{"apply": 0.018253040313720704, "batch_time": 0.03243995618216599, "d2h": 0.0006820201873779297, "data_time": 0.0017557912470434632, "fwd": 0.02814826965332031, "get_state_time_mean": NaN, "get_state_time_total": 0.0, "grad": 0.04794907569885254, "mean_accuracy": 0.3385666608810425, "mean_loss": 6.767206080245972, "neg_mean_accuracy": -0.3662000000476837, "set_state_time_mean": NaN, "set_state_time_total": 0.0, "setup_model_time_mean": NaN, "setup_model_time_total": 0.0, "setup_proc_time_mean": NaN, "setup_proc_time_total": 0.0, "train_accuracy": 0.35128000378608704, "train_loss": 2.1023857733917235, "training_time_mean": NaN, "training_time_total": 0.0, "val_accuracy": 0.3662000000476837, "val_loss": 15.097607638549805, "validation_time_mean": NaN, "validation_time_total": 0.0, "samples": 60000, "num_workers": 1, "done": false, "timesteps_total": null, "episodes_total": null, "training_iteration": 3, "neg_mean_loss": -6.767206080245972, "experiment_id": "cf1b8e6c67a84c6ab085b5855fedc21b", "date": "2019-06-03_22-46-45", "timestamp": 1559627205, "time_this_iter_s": 41.131537199020386, "time_total_s": 130.5505177974701, "pid": 13569, "hostname": "steropes", "node_ip": "169.229.49.254", "config": {"starting_lr": 0.0005, "momentum": 0.997, "weight_decay": 0.0001, "steps_per_iteration": null, "pin": false, "model_creator": null, "target_batch_size": 128, "model_string": "resnet50", "min_batch_size": 128, "dataset": "CIFAR", "placement": null, "use_nccl": true, "devices_per_worker": 1, "primary_resource": "extra_gpu", "gpu": false, "verbose": false, "lr_config": {"mode": "log", "steps": 5, "initial_lr": 0.0005, "target_lr": 0.0005}, "batch_per_device": 128}, "time_since_restore": 130.5505177974701, "timesteps_since_restore": 0, "iterations_since_restore": 3, "mean_throughput": 1378.7710953471167, "atoms": 1, "setup_time": 23.568704843521118}
{"apply": 0.01861715316772461, "batch_time": 0.03177657006662103, "d2h": 0.0006549596786499023, "data_time": 0.0016987659132389156, "fwd": 0.028745150566101073, "get_state_time_mean": NaN, "get_state_time_total": 0.0, "grad": 0.048856258392333984, "mean_accuracy": 0.3396499902009964, "mean_loss": 7.2492453833580015, "neg_mean_accuracy": -0.34289997816085815, "set_state_time_mean": NaN, "set_state_time_total": 0.0, "setup_model_time_mean": NaN, "setup_model_time_total": 0.0, "setup_proc_time_mean": NaN, "setup_proc_time_total": 0.0, "train_accuracy": 0.3172999918460846, "train_loss": 2.693724677391052, "training_time_mean": NaN, "training_time_total": 0.0, "val_accuracy": 0.34289997816085815, "val_loss": 8.695363292694092, "validation_time_mean": NaN, "validation_time_total": 0.0, "samples": 60000, "num_workers": 1, "done": true, "timesteps_total": null, "episodes_total": null, "training_iteration": 4, "neg_mean_loss": -7.2492453833580015, "experiment_id": "cf1b8e6c67a84c6ab085b5855fedc21b", "date": "2019-06-03_22-47-26", "timestamp": 1559627246, "time_this_iter_s": 40.79163956642151, "time_total_s": 171.3421573638916, "pid": 13569, "hostname": "steropes", "node_ip": "169.229.49.254", "config": {"starting_lr": 0.0005, "momentum": 0.997, "weight_decay": 0.0001, "steps_per_iteration": null, "pin": false, "model_creator": null, "target_batch_size": 128, "model_string": "resnet50", "min_batch_size": 128, "dataset": "CIFAR", "placement": null, "use_nccl": true, "devices_per_worker": 1, "primary_resource": "extra_gpu", "gpu": false, "verbose": false, "lr_config": {"mode": "log", "steps": 5, "initial_lr": 0.0005, "target_lr": 0.0005}, "batch_per_device": 128}, "time_since_restore": 171.3421573638916, "timesteps_since_restore": 0, "iterations_since_restore": 4, "mean_throughput": 1400.70114165024, "atoms": 1, "setup_time": 23.568704843521118}
