{"apply": 0.017757582664489745, "batch_time": 0.042032969148853155, "d2h": 0.0006581544876098633, "data_time": 0.001885772056286902, "fwd": 0.12093253135681152, "get_state_time_mean": NaN, "get_state_time_total": 0.0, "grad": 0.16829757690429686, "mean_accuracy": 0.1363999992609024, "mean_loss": 2.3600213150024416, "neg_mean_accuracy": -0.1363999992609024, "set_state_time_mean": NaN, "set_state_time_total": 0.0, "setup_model_time_mean": 8.466938018798828, "setup_model_time_total": 8.466938018798828, "setup_proc_time_mean": 0.4299318790435791, "setup_proc_time_total": 0.4299318790435791, "train_accuracy": 0.12013999372720718, "train_loss": 2.7572515975952148, "training_time_mean": NaN, "training_time_total": 0.0, "val_accuracy": 0.1363999992609024, "val_loss": 2.3600213150024416, "validation_time_mean": NaN, "validation_time_total": 0.0, "samples": 60000, "num_workers": 1, "done": false, "timesteps_total": null, "episodes_total": null, "training_iteration": 1, "neg_mean_loss": -2.3600213150024416, "experiment_id": "05e6236c502147d682523d61d363f072", "date": "2019-06-03_04-42-53", "timestamp": 1559562173, "time_this_iter_s": 46.56871008872986, "time_total_s": 46.56871008872986, "pid": 21088, "hostname": "steropes", "node_ip": "169.229.49.254", "config": {"starting_lr": 0.0001, "momentum": 0.9, "weight_decay": 0.0005, "steps_per_iteration": null, "pin": false, "model_creator": null, "target_batch_size": 128, "model_string": "resnet50", "min_batch_size": 128, "dataset": "CIFAR", "placement": null, "use_nccl": true, "devices_per_worker": 1, "primary_resource": "extra_gpu", "gpu": false, "verbose": false, "lr_config": {"mode": "log", "steps": 5, "initial_lr": 0.0001, "target_lr": 0.0001}, "batch_per_device": 128}, "time_since_restore": 46.56871008872986, "timesteps_since_restore": 0, "iterations_since_restore": 1, "mean_throughput": 1288.415870498831, "atoms": 1, "setup_time": 9.022497415542603}
{"apply": 0.01858828067779541, "batch_time": 0.03167041947570028, "d2h": 0.0006886482238769531, "data_time": 0.0018191063190665087, "fwd": 0.028719067573547363, "get_state_time_mean": NaN, "get_state_time_total": 0.0, "grad": 0.04841771125793457, "mean_accuracy": 0.15504999458789825, "mean_loss": 2.3086433826446537, "neg_mean_accuracy": -0.1736999899148941, "set_state_time_mean": NaN, "set_state_time_total": 0.0, "setup_model_time_mean": NaN, "setup_model_time_total": 0.0, "setup_proc_time_mean": NaN, "setup_proc_time_total": 0.0, "train_accuracy": 0.14583998918533325, "train_loss": 2.325796117401123, "training_time_mean": NaN, "training_time_total": 0.0, "val_accuracy": 0.1736999899148941, "val_loss": 2.2572654502868654, "validation_time_mean": NaN, "validation_time_total": 0.0, "samples": 60000, "num_workers": 1, "done": false, "timesteps_total": null, "episodes_total": null, "training_iteration": 2, "neg_mean_loss": -2.3086433826446537, "experiment_id": "05e6236c502147d682523d61d363f072", "date": "2019-06-03_04-43-34", "timestamp": 1559562214, "time_this_iter_s": 41.33047389984131, "time_total_s": 87.89918398857117, "pid": 21088, "hostname": "steropes", "node_ip": "169.229.49.254", "config": {"starting_lr": 0.0001, "momentum": 0.9, "weight_decay": 0.0005, "steps_per_iteration": null, "pin": false, "model_creator": null, "target_batch_size": 128, "model_string": "resnet50", "min_batch_size": 128, "dataset": "CIFAR", "placement": null, "use_nccl": true, "devices_per_worker": 1, "primary_resource": "extra_gpu", "gpu": false, "verbose": false, "lr_config": {"mode": "log", "steps": 5, "initial_lr": 0.0001, "target_lr": 0.0001}, "batch_per_device": 128}, "time_since_restore": 87.89918398857117, "timesteps_since_restore": 0, "iterations_since_restore": 2, "mean_throughput": 1365.1975653538861, "atoms": 1, "setup_time": 9.022497415542603}
{"apply": 0.018264341354370116, "batch_time": 0.03158682811109326, "d2h": 0.000723719596862793, "data_time": 0.0017669030162684447, "fwd": 0.028287577629089355, "get_state_time_mean": NaN, "get_state_time_total": 0.0, "grad": 0.049591684341430665, "mean_accuracy": 0.16709999243418375, "mean_loss": 2.2678811100006104, "neg_mean_accuracy": -0.19119998812675476, "set_state_time_mean": NaN, "set_state_time_total": 0.0, "setup_model_time_mean": NaN, "setup_model_time_total": 0.0, "setup_proc_time_mean": NaN, "setup_proc_time_total": 0.0, "train_accuracy": 0.16713999211788177, "train_loss": 2.261119023590088, "training_time_mean": NaN, "training_time_total": 0.0, "val_accuracy": 0.19119998812675476, "val_loss": 2.1863565647125243, "validation_time_mean": NaN, "validation_time_total": 0.0, "samples": 60000, "num_workers": 1, "done": true, "timesteps_total": null, "episodes_total": null, "training_iteration": 3, "neg_mean_loss": -2.2678811100006104, "experiment_id": "05e6236c502147d682523d61d363f072", "date": "2019-06-03_04-44-15", "timestamp": 1559562255, "time_this_iter_s": 41.14847183227539, "time_total_s": 129.04765582084656, "pid": 21088, "hostname": "steropes", "node_ip": "169.229.49.254", "config": {"starting_lr": 0.0001, "momentum": 0.9, "weight_decay": 0.0005, "steps_per_iteration": null, "pin": false, "model_creator": null, "target_batch_size": 128, "model_string": "resnet50", "min_batch_size": 128, "dataset": "CIFAR", "placement": null, "use_nccl": true, "devices_per_worker": 1, "primary_resource": "extra_gpu", "gpu": false, "verbose": false, "lr_config": {"mode": "log", "steps": 5, "initial_lr": 0.0001, "target_lr": 0.0001}, "batch_per_device": 128}, "time_since_restore": 129.04765582084656, "timesteps_since_restore": 0, "iterations_since_restore": 3, "mean_throughput": 1394.8307471126031, "atoms": 1, "setup_time": 9.022497415542603}
