{"apply": 0.017322421073913574, "batch_time": 0.041109420076201234, "d2h": 0.0007812738418579102, "data_time": 0.0019033412494317955, "fwd": 0.1198923110961914, "get_state_time_mean": NaN, "get_state_time_total": 0.0, "grad": 0.18624770641326904, "mean_accuracy": 0.15269999206066132, "mean_loss": 2.3977850357055663, "neg_mean_accuracy": -0.15269999206066132, "set_state_time_mean": NaN, "set_state_time_total": 0.0, "setup_model_time_mean": 13.500160217285156, "setup_model_time_total": 13.500160217285156, "setup_proc_time_mean": 0.3544657230377197, "setup_proc_time_total": 0.3544657230377197, "train_accuracy": 0.126460000872612, "train_loss": 4.473413929290771, "training_time_mean": NaN, "training_time_total": 0.0, "val_accuracy": 0.15269999206066132, "val_loss": 2.3977850357055663, "validation_time_mean": NaN, "validation_time_total": 0.0, "samples": 60000, "num_workers": 1, "done": false, "timesteps_total": null, "episodes_total": null, "training_iteration": 1, "neg_mean_loss": -2.3977850357055663, "experiment_id": "94259c45cbb140759c79af9f81413330", "date": "2019-06-03_04-15-41", "timestamp": 1559560541, "time_this_iter_s": 46.16198468208313, "time_total_s": 46.16198468208313, "pid": 25809, "hostname": "steropes", "node_ip": "169.229.49.254", "config": {"starting_lr": 0.1, "momentum": 0.95, "weight_decay": 0.0005, "steps_per_iteration": null, "pin": false, "model_creator": null, "target_batch_size": 128, "model_string": "resnet50", "min_batch_size": 128, "dataset": "CIFAR", "placement": null, "use_nccl": true, "devices_per_worker": 1, "primary_resource": "extra_gpu", "gpu": false, "verbose": false, "lr_config": {"mode": "log", "steps": 5, "initial_lr": 0.1, "target_lr": 0.1}, "batch_per_device": 128}, "time_since_restore": 46.16198468208313, "timesteps_since_restore": 0, "iterations_since_restore": 1, "mean_throughput": 1299.768160251348, "atoms": 1, "setup_time": 13.954108476638794}
{"apply": 0.01739504337310791, "batch_time": 0.03204996374588978, "d2h": 0.0007890462875366211, "data_time": 0.0018331986254133531, "fwd": 0.02847003936767578, "get_state_time_mean": NaN, "get_state_time_total": 0.0, "grad": 0.04849772453308106, "mean_accuracy": 0.17629999667406082, "mean_loss": 2.291922733306885, "neg_mean_accuracy": -0.19990000128746033, "set_state_time_mean": NaN, "set_state_time_total": 0.0, "setup_model_time_mean": NaN, "setup_model_time_total": 0.0, "setup_proc_time_mean": NaN, "setup_proc_time_total": 0.0, "train_accuracy": 0.21755999326705933, "train_loss": 2.0318797794342043, "training_time_mean": NaN, "training_time_total": 0.0, "val_accuracy": 0.19990000128746033, "val_loss": 2.1860604309082032, "validation_time_mean": NaN, "validation_time_total": 0.0, "samples": 60000, "num_workers": 1, "done": false, "timesteps_total": null, "episodes_total": null, "training_iteration": 2, "neg_mean_loss": -2.291922733306885, "experiment_id": "94259c45cbb140759c79af9f81413330", "date": "2019-06-03_04-16-22", "timestamp": 1559560582, "time_this_iter_s": 40.72265291213989, "time_total_s": 86.88463759422302, "pid": 25809, "hostname": "steropes", "node_ip": "169.229.49.254", "config": {"starting_lr": 0.1, "momentum": 0.95, "weight_decay": 0.0005, "steps_per_iteration": null, "pin": false, "model_creator": null, "target_batch_size": 128, "model_string": "resnet50", "min_batch_size": 128, "dataset": "CIFAR", "placement": null, "use_nccl": true, "devices_per_worker": 1, "primary_resource": "extra_gpu", "gpu": false, "verbose": false, "lr_config": {"mode": "log", "steps": 5, "initial_lr": 0.1, "target_lr": 0.1}, "batch_per_device": 128}, "time_since_restore": 86.88463759422302, "timesteps_since_restore": 0, "iterations_since_restore": 2, "mean_throughput": 1381.1390050833088, "atoms": 1, "setup_time": 13.954108476638794}
{"apply": 0.017385268211364747, "batch_time": 0.03198728682119635, "d2h": 0.0007913589477539062, "data_time": 0.0018413530286315763, "fwd": 0.028539061546325684, "get_state_time_mean": NaN, "get_state_time_total": 0.0, "grad": 0.047722363471984865, "mean_accuracy": 0.23353332777818045, "mean_loss": 2.1061076599121096, "neg_mean_accuracy": -0.3479999899864197, "set_state_time_mean": NaN, "set_state_time_total": 0.0, "setup_model_time_mean": NaN, "setup_model_time_total": 0.0, "setup_proc_time_mean": NaN, "setup_proc_time_total": 0.0, "train_accuracy": 0.30111998319625854, "train_loss": 1.8218806045150757, "training_time_mean": NaN, "training_time_total": 0.0, "val_accuracy": 0.3479999899864197, "val_loss": 1.7344775131225585, "validation_time_mean": NaN, "validation_time_total": 0.0, "samples": 60000, "num_workers": 1, "done": true, "timesteps_total": null, "episodes_total": null, "training_iteration": 3, "neg_mean_loss": -2.1061076599121096, "experiment_id": "94259c45cbb140759c79af9f81413330", "date": "2019-06-03_04-17-03", "timestamp": 1559560623, "time_this_iter_s": 40.724708557128906, "time_total_s": 127.60934615135193, "pid": 25809, "hostname": "steropes", "node_ip": "169.229.49.254", "config": {"starting_lr": 0.1, "momentum": 0.95, "weight_decay": 0.0005, "steps_per_iteration": null, "pin": false, "model_creator": null, "target_batch_size": 128, "model_string": "resnet50", "min_batch_size": 128, "dataset": "CIFAR", "placement": null, "use_nccl": true, "devices_per_worker": 1, "primary_resource": "extra_gpu", "gpu": false, "verbose": false, "lr_config": {"mode": "log", "steps": 5, "initial_lr": 0.1, "target_lr": 0.1}, "batch_per_device": 128}, "time_since_restore": 127.60934615135193, "timesteps_since_restore": 0, "iterations_since_restore": 3, "mean_throughput": 1410.5500566580881, "atoms": 1, "setup_time": 13.954108476638794}
