{"apply": 0.017474365234375, "batch_time": 0.0461020892179465, "d2h": 0.0007005691528320313, "data_time": 0.0018738432003713936, "fwd": 0.11733536720275879, "get_state_time_mean": NaN, "get_state_time_total": 0.0, "grad": 0.16247375011444093, "mean_accuracy": 0.11729999631643295, "mean_loss": 192491681428.2752, "neg_mean_accuracy": -0.11729999631643295, "set_state_time_mean": NaN, "set_state_time_total": 0.0, "setup_model_time_mean": 8.210979223251343, "setup_model_time_total": 8.210979223251343, "setup_proc_time_mean": 0.20810604095458984, "setup_proc_time_total": 0.20810604095458984, "train_accuracy": 0.09997999668121338, "train_loss": 14968772.657548027, "training_time_mean": NaN, "training_time_total": 0.0, "val_accuracy": 0.11729999631643295, "val_loss": 192491681428.2752, "validation_time_mean": NaN, "validation_time_total": 0.0, "samples": 60000, "num_workers": 1, "done": false, "timesteps_total": null, "episodes_total": null, "training_iteration": 1, "neg_mean_loss": -192491681428.2752, "experiment_id": "07aa3393ab234bc9bc0007f7cd42b323", "date": "2019-06-06_07-07-56", "timestamp": 1559830076, "time_this_iter_s": 46.63179111480713, "time_total_s": 46.63179111480713, "pid": 6067, "hostname": "steropes", "node_ip": "169.229.49.254", "config": {"starting_lr": 1.0, "momentum": 0.99, "weight_decay": 0.0005, "steps_per_iteration": null, "pin": false, "model_creator": null, "target_batch_size": 128, "model_string": "resnet50", "min_batch_size": 128, "dataset": "CIFAR", "placement": null, "use_nccl": true, "devices_per_worker": 1, "primary_resource": "extra_gpu", "gpu": false, "verbose": false, "lr_config": {"mode": "log", "steps": 5, "initial_lr": 1.0, "target_lr": 1.0}, "batch_per_device": 128}, "time_since_restore": 46.63179111480713, "timesteps_since_restore": 0, "iterations_since_restore": 1, "mean_throughput": 1286.6733681245441, "atoms": 1, "setup_time": 8.779194831848145}
{"apply": 0.017441582679748536, "batch_time": 0.03181686884240259, "d2h": 0.0007358074188232421, "data_time": 0.0018360998929309114, "fwd": 0.028551769256591798, "get_state_time_mean": NaN, "get_state_time_total": 0.0, "grad": 0.0499781608581543, "mean_accuracy": 0.058649998158216476, "mean_loss": NaN, "neg_mean_accuracy": -0.0, "set_state_time_mean": NaN, "set_state_time_total": 0.0, "setup_model_time_mean": NaN, "setup_model_time_total": 0.0, "setup_proc_time_mean": NaN, "setup_proc_time_total": 0.0, "train_accuracy": 0.0728599950671196, "train_loss": NaN, "training_time_mean": NaN, "training_time_total": 0.0, "val_accuracy": 0.0, "val_loss": NaN, "validation_time_mean": NaN, "validation_time_total": 0.0, "samples": 60000, "num_workers": 1, "done": true, "timesteps_total": null, "episodes_total": null, "training_iteration": 2, "neg_mean_loss": NaN, "experiment_id": "07aa3393ab234bc9bc0007f7cd42b323", "date": "2019-06-06_07-08-38", "timestamp": 1559830118, "time_this_iter_s": 41.185445070266724, "time_total_s": 87.81723618507385, "pid": 6067, "hostname": "steropes", "node_ip": "169.229.49.254", "config": {"starting_lr": 1.0, "momentum": 0.99, "weight_decay": 0.0005, "steps_per_iteration": null, "pin": false, "model_creator": null, "target_batch_size": 128, "model_string": "resnet50", "min_batch_size": 128, "dataset": "CIFAR", "placement": null, "use_nccl": true, "devices_per_worker": 1, "primary_resource": "extra_gpu", "gpu": false, "verbose": false, "lr_config": {"mode": "log", "steps": 5, "initial_lr": 1.0, "target_lr": 1.0}, "batch_per_device": 128}, "time_since_restore": 87.81723618507385, "timesteps_since_restore": 0, "iterations_since_restore": 2, "mean_throughput": 1366.47164454313, "atoms": 1, "setup_time": 8.779194831848145}
