{"apply": 0.017447233200073242, "batch_time": 0.04231642167779464, "d2h": 0.000664520263671875, "data_time": 0.0018159294372324445, "fwd": 0.1536417245864868, "get_state_time_mean": NaN, "get_state_time_total": 0.0, "grad": 0.2513796329498291, "mean_accuracy": 0.12629999220371246, "mean_loss": 2.37653752784729, "neg_mean_accuracy": -0.12629999220371246, "set_state_time_mean": NaN, "set_state_time_total": 0.0, "setup_model_time_mean": 22.91937565803528, "setup_model_time_total": 22.91937565803528, "setup_proc_time_mean": 1.9745209217071533, "setup_proc_time_total": 1.9745209217071533, "train_accuracy": 0.10691999644041061, "train_loss": 2.800662645645142, "training_time_mean": NaN, "training_time_total": 0.0, "val_accuracy": 0.12629999220371246, "val_loss": 2.37653752784729, "validation_time_mean": NaN, "validation_time_total": 0.0, "samples": 60000, "num_workers": 1, "done": false, "timesteps_total": null, "episodes_total": null, "training_iteration": 1, "neg_mean_loss": -2.37653752784729, "experiment_id": "2b969a390c274bf39f7ba6945af51f2b", "date": "2019-06-03_22-25-29", "timestamp": 1559625929, "time_this_iter_s": 48.49576497077942, "time_total_s": 48.49576497077942, "pid": 26257, "hostname": "steropes", "node_ip": "169.229.49.254", "config": {"starting_lr": 0.0001, "momentum": 0.9, "weight_decay": 0.0005, "steps_per_iteration": null, "pin": false, "model_creator": null, "target_batch_size": 128, "model_string": "resnet50", "min_batch_size": 128, "dataset": "CIFAR", "placement": null, "use_nccl": true, "devices_per_worker": 1, "primary_resource": "extra_gpu", "gpu": false, "verbose": false, "lr_config": {"mode": "log", "steps": 5, "initial_lr": 0.0001, "target_lr": 0.0001}, "batch_per_device": 128}, "time_since_restore": 48.49576497077942, "timesteps_since_restore": 0, "iterations_since_restore": 1, "mean_throughput": 1237.2191616137068, "atoms": 1, "setup_time": 24.995986461639404}
{"apply": 0.017011332511901855, "batch_time": 0.03224315522592279, "d2h": 0.0006524562835693359, "data_time": 0.0017762056092167145, "fwd": 0.02759730815887451, "get_state_time_mean": NaN, "get_state_time_total": 0.0, "grad": 0.04825456142425537, "mean_accuracy": 0.1347999945282936, "mean_loss": 2.344159986305237, "neg_mean_accuracy": -0.14329999685287476, "set_state_time_mean": NaN, "set_state_time_total": 0.0, "setup_model_time_mean": NaN, "setup_model_time_total": 0.0, "setup_proc_time_mean": NaN, "setup_proc_time_total": 0.0, "train_accuracy": 0.1329599916934967, "train_loss": 2.363752783355713, "training_time_mean": NaN, "training_time_total": 0.0, "val_accuracy": 0.14329999685287476, "val_loss": 2.3117824447631836, "validation_time_mean": NaN, "validation_time_total": 0.0, "samples": 60000, "num_workers": 1, "done": false, "timesteps_total": null, "episodes_total": null, "training_iteration": 2, "neg_mean_loss": -2.344159986305237, "experiment_id": "2b969a390c274bf39f7ba6945af51f2b", "date": "2019-06-03_22-26-10", "timestamp": 1559625970, "time_this_iter_s": 41.45575404167175, "time_total_s": 89.95151901245117, "pid": 26257, "hostname": "steropes", "node_ip": "169.229.49.254", "config": {"starting_lr": 0.0001, "momentum": 0.9, "weight_decay": 0.0005, "steps_per_iteration": null, "pin": false, "model_creator": null, "target_batch_size": 128, "model_string": "resnet50", "min_batch_size": 128, "dataset": "CIFAR", "placement": null, "use_nccl": true, "devices_per_worker": 1, "primary_resource": "extra_gpu", "gpu": false, "verbose": false, "lr_config": {"mode": "log", "steps": 5, "initial_lr": 0.0001, "target_lr": 0.0001}, "batch_per_device": 128}, "time_since_restore": 89.95151901245117, "timesteps_since_restore": 0, "iterations_since_restore": 2, "mean_throughput": 1334.0457163955512, "atoms": 1, "setup_time": 24.995986461639404}
{"apply": 0.01826162338256836, "batch_time": 0.03393538994125173, "d2h": 0.0006422042846679687, "data_time": 0.0017709866204225194, "fwd": 0.029350543022155763, "get_state_time_mean": NaN, "get_state_time_total": 0.0, "grad": 0.05061929225921631, "mean_accuracy": 0.1476999968290329, "mean_loss": 2.3116352305094403, "neg_mean_accuracy": -0.17350000143051147, "set_state_time_mean": NaN, "set_state_time_total": 0.0, "setup_model_time_mean": NaN, "setup_model_time_total": 0.0, "setup_proc_time_mean": NaN, "setup_proc_time_total": 0.0, "train_accuracy": 0.14883999526500702, "train_loss": 2.2997842275238036, "training_time_mean": NaN, "training_time_total": 0.0, "val_accuracy": 0.17350000143051147, "val_loss": 2.2465857189178466, "validation_time_mean": NaN, "validation_time_total": 0.0, "samples": 60000, "num_workers": 1, "done": true, "timesteps_total": null, "episodes_total": null, "training_iteration": 3, "neg_mean_loss": -2.3116352305094403, "experiment_id": "2b969a390c274bf39f7ba6945af51f2b", "date": "2019-06-03_22-26-52", "timestamp": 1559626012, "time_this_iter_s": 41.25714111328125, "time_total_s": 131.20866012573242, "pid": 26257, "hostname": "steropes", "node_ip": "169.229.49.254", "config": {"starting_lr": 0.0001, "momentum": 0.9, "weight_decay": 0.0005, "steps_per_iteration": null, "pin": false, "model_creator": null, "target_batch_size": 128, "model_string": "resnet50", "min_batch_size": 128, "dataset": "CIFAR", "placement": null, "use_nccl": true, "devices_per_worker": 1, "primary_resource": "extra_gpu", "gpu": false, "verbose": false, "lr_config": {"mode": "log", "steps": 5, "initial_lr": 0.0001, "target_lr": 0.0001}, "batch_per_device": 128}, "time_since_restore": 131.20866012573242, "timesteps_since_restore": 0, "iterations_since_restore": 3, "mean_throughput": 1371.855429673702, "atoms": 1, "setup_time": 24.995986461639404}
