apply,batch_time,d2h,data_time,fwd,get_state_time_mean,get_state_time_total,grad,mean_accuracy,mean_loss,neg_mean_accuracy,set_state_time_mean,set_state_time_total,setup_model_time_mean,setup_model_time_total,setup_proc_time_mean,setup_proc_time_total,train_accuracy,train_loss,training_time_mean,training_time_total,validation_time_mean,validation_time_total,samples,num_workers,done,timesteps_total,episodes_total,training_iteration,neg_mean_loss,experiment_id,date,timestamp,time_this_iter_s,time_total_s,pid,hostname,node_ip,config,time_since_restore,timesteps_since_restore,iterations_since_restore,mean_throughput,atoms
0.007509779930114746,0.20013413429260254,0.004693746566772461,0.041114067544742505,0.0748063087463379,nan,0.0,0.14774234294891359,0.09999999403953552,3.451723384094238,-0.09999999403953552,nan,0.0,9.979254961013794,9.979254961013794,0.37952136993408203,0.37952136993408203,0.10475999861955643,5.965648783035278,nan,0.0,nan,0.0,60000,1,False,,,1,-3.451723384094238,1bd9ad20256449c39d56b83d509f865f,2019-05-30_14-49-05,1559252945,11.950972318649292,11.950972318649292,12020,steropes,169.229.49.254,"{'starting_lr': 1.0, 'momentum': 0.95, 'weight_decay': 0.005, 'steps_per_iteration': None, 'pin': False, 'model_creator': None, 'target_batch_size': 1024, 'model_string': 'resnet18', 'min_batch_size': 512, 'dataset': 'CIFAR', 'placement': None, 'use_nccl': True, 'devices_per_worker': 1, 'primary_resource': 'extra_gpu', 'gpu': False, 'verbose': False, 'lr_config': {'mode': 'log', 'steps': 5, 'initial_lr': 1.0, 'target_lr': 1.0}, 'batch_per_device': 1024}",11.950972318649292,0,1,5020.476148990564,1
0.007925868034362793,0.15814509391784667,0.006109905242919922,0.041552266296075314,0.024512982368469237,nan,0.0,0.052115368843078616,0.09999999403953552,2.900569341278076,-0.09999999403953552,nan,0.0,nan,0.0,nan,0.0,0.10871999710798264,3.4891132928466795,nan,0.0,nan,0.0,60000,1,False,,,2,-2.900569341278076,1bd9ad20256449c39d56b83d509f865f,2019-05-30_14-49-14,1559252954,8.841907978057861,20.792880296707153,12020,steropes,169.229.49.254,"{'starting_lr': 1.0, 'momentum': 0.95, 'weight_decay': 0.005, 'steps_per_iteration': None, 'pin': False, 'model_creator': None, 'target_batch_size': 1024, 'model_string': 'resnet18', 'min_batch_size': 512, 'dataset': 'CIFAR', 'placement': None, 'use_nccl': True, 'devices_per_worker': 1, 'primary_resource': 'extra_gpu', 'gpu': False, 'verbose': False, 'lr_config': {'mode': 'log', 'steps': 5, 'initial_lr': 1.0, 'target_lr': 1.0}, 'batch_per_device': 1024}",20.792880296707153,0,2,5771.1606211734925,1
0.009762048721313477,0.13084850311279297,0.006561088562011719,0.04466113752248336,0.02774839401245117,nan,0.0,0.05272679328918457,0.1500999927520752,2.3205954402923585,-0.1500999927520752,nan,0.0,nan,0.0,nan,0.0,0.130280002951622,3.4690535484313965,nan,0.0,nan,0.0,60000,1,False,,,3,-2.3205954402923585,1bd9ad20256449c39d56b83d509f865f,2019-05-30_14-49-23,1559252963,8.977978944778442,29.770859241485596,12020,steropes,169.229.49.254,"{'starting_lr': 1.0, 'momentum': 0.95, 'weight_decay': 0.005, 'steps_per_iteration': None, 'pin': False, 'model_creator': None, 'target_batch_size': 1024, 'model_string': 'resnet18', 'min_batch_size': 512, 'dataset': 'CIFAR', 'placement': None, 'use_nccl': True, 'devices_per_worker': 1, 'primary_resource': 'extra_gpu', 'gpu': False, 'verbose': False, 'lr_config': {'mode': 'log', 'steps': 5, 'initial_lr': 1.0, 'target_lr': 1.0}, 'batch_per_device': 1024}",29.770859241485596,0,3,6046.132171753703,1
0.007578635215759277,0.12845194339752197,0.0048775911331176754,0.03850400691129723,0.026727581024169923,nan,0.0,0.06376094818115234,0.10189999639987946,2.4479727767944337,-0.10189999639987946,nan,0.0,nan,0.0,nan,0.0,0.15647999942302704,2.8125911980438234,nan,0.0,nan,0.0,60000,1,False,,,4,-2.4479727767944337,1bd9ad20256449c39d56b83d509f865f,2019-05-30_14-49-31,1559252971,8.815099716186523,38.58595895767212,12020,steropes,169.229.49.254,"{'starting_lr': 1.0, 'momentum': 0.95, 'weight_decay': 0.005, 'steps_per_iteration': None, 'pin': False, 'model_creator': None, 'target_batch_size': 1024, 'model_string': 'resnet18', 'min_batch_size': 512, 'dataset': 'CIFAR', 'placement': None, 'use_nccl': True, 'devices_per_worker': 1, 'primary_resource': 'extra_gpu', 'gpu': False, 'verbose': False, 'lr_config': {'mode': 'log', 'steps': 5, 'initial_lr': 1.0, 'target_lr': 1.0}, 'batch_per_device': 1024}",38.58595895767212,0,4,6219.746482512096,1
0.009467315673828126,0.13830258846282958,0.004992532730102539,0.03192009244646345,0.030999398231506346,nan,0.0,0.05406699180603027,0.15349999070167542,2.5679753715515137,-0.15349999070167542,nan,0.0,nan,0.0,nan,0.0,0.180759996175766,2.6118415531158448,nan,0.0,nan,0.0,60000,1,False,,,5,-2.5679753715515137,1bd9ad20256449c39d56b83d509f865f,2019-05-30_14-49-40,1559252980,8.41253113746643,46.99849009513855,12020,steropes,169.229.49.254,"{'starting_lr': 1.0, 'momentum': 0.95, 'weight_decay': 0.005, 'steps_per_iteration': None, 'pin': False, 'model_creator': None, 'target_batch_size': 1024, 'model_string': 'resnet18', 'min_batch_size': 512, 'dataset': 'CIFAR', 'placement': None, 'use_nccl': True, 'devices_per_worker': 1, 'primary_resource': 'extra_gpu', 'gpu': False, 'verbose': False, 'lr_config': {'mode': 'log', 'steps': 5, 'initial_lr': 1.0, 'target_lr': 1.0}, 'batch_per_device': 1024}",46.99849009513855,0,5,6383.061194201031,1
0.007578849792480469,0.1283329486846924,0.004637980461120605,0.039313637480443836,0.026972222328186034,nan,0.0,0.0566065788269043,0.08779999613761902,7.967413885498047,-0.08779999613761902,nan,0.0,nan,0.0,nan,0.0,0.17542000114917755,2.610550030670166,nan,0.0,nan,0.0,60000,1,False,,,6,-7.967413885498047,1bd9ad20256449c39d56b83d509f865f,2019-05-30_14-49-49,1559252989,8.705164909362793,55.70365500450134,12020,steropes,169.229.49.254,"{'starting_lr': 1.0, 'momentum': 0.95, 'weight_decay': 0.005, 'steps_per_iteration': None, 'pin': False, 'model_creator': None, 'target_batch_size': 1024, 'model_string': 'resnet18', 'min_batch_size': 512, 'dataset': 'CIFAR', 'placement': None, 'use_nccl': True, 'devices_per_worker': 1, 'primary_resource': 'extra_gpu', 'gpu': False, 'verbose': False, 'lr_config': {'mode': 'log', 'steps': 5, 'initial_lr': 1.0, 'target_lr': 1.0}, 'batch_per_device': 1024}",55.70365500450134,0,6,6856.582376013401,1
0.010090351104736328,0.13371236324310304,0.004867172241210938,0.03482766054114517,0.025873732566833497,nan,0.0,0.0495267391204834,0.09999999403953552,2.8260933311462404,-0.09999999403953552,nan,0.0,nan,0.0,nan,0.0,0.12387999892234802,3.392761234741211,nan,0.0,nan,0.0,60000,1,False,,,7,-2.8260933311462404,1bd9ad20256449c39d56b83d509f865f,2019-05-30_14-49-57,1559252997,8.506892442703247,64.21054744720459,12020,steropes,169.229.49.254,"{'starting_lr': 1.0, 'momentum': 0.95, 'weight_decay': 0.005, 'steps_per_iteration': None, 'pin': False, 'model_creator': None, 'target_batch_size': 1024, 'model_string': 'resnet18', 'min_batch_size': 512, 'dataset': 'CIFAR', 'placement': None, 'use_nccl': True, 'devices_per_worker': 1, 'primary_resource': 'extra_gpu', 'gpu': False, 'verbose': False, 'lr_config': {'mode': 'log', 'steps': 5, 'initial_lr': 1.0, 'target_lr': 1.0}, 'batch_per_device': 1024}",64.21054744720459,0,7,6909.465962636051,1
0.008180069923400878,0.13449912071228026,0.005204057693481446,0.0323909058862803,0.033277130126953124,nan,0.0,0.05560765266418457,0.12459999322891235,4.238177159881592,-0.12459999322891235,nan,0.0,nan,0.0,nan,0.0,0.1401599943637848,3.485967803878784,nan,0.0,nan,0.0,60000,1,False,,,8,-4.238177159881592,1bd9ad20256449c39d56b83d509f865f,2019-05-30_14-50-06,1559253006,8.927493572235107,73.1380410194397,12020,steropes,169.229.49.254,"{'starting_lr': 1.0, 'momentum': 0.95, 'weight_decay': 0.005, 'steps_per_iteration': None, 'pin': False, 'model_creator': None, 'target_batch_size': 1024, 'model_string': 'resnet18', 'min_batch_size': 512, 'dataset': 'CIFAR', 'placement': None, 'use_nccl': True, 'devices_per_worker': 1, 'primary_resource': 'extra_gpu', 'gpu': False, 'verbose': False, 'lr_config': {'mode': 'log', 'steps': 5, 'initial_lr': 1.0, 'target_lr': 1.0}, 'batch_per_device': 1024}",73.1380410194397,0,8,6917.5087714520205,1
0.008851361274719239,0.1338796615600586,0.005105924606323242,0.0379348628374995,0.02604348659515381,nan,0.0,0.05487136840820313,0.10049999505281448,3.048891414260864,-0.10049999505281448,nan,0.0,nan,0.0,nan,0.0,0.12765999138355255,4.730010259399414,nan,0.0,nan,0.0,60000,1,False,,,9,-3.048891414260864,1bd9ad20256449c39d56b83d509f865f,2019-05-30_14-50-15,1559253015,8.725578784942627,81.86361980438232,12020,steropes,169.229.49.254,"{'starting_lr': 1.0, 'momentum': 0.95, 'weight_decay': 0.005, 'steps_per_iteration': None, 'pin': False, 'model_creator': None, 'target_batch_size': 1024, 'model_string': 'resnet18', 'min_batch_size': 512, 'dataset': 'CIFAR', 'placement': None, 'use_nccl': True, 'devices_per_worker': 1, 'primary_resource': 'extra_gpu', 'gpu': False, 'verbose': False, 'lr_config': {'mode': 'log', 'steps': 5, 'initial_lr': 1.0, 'target_lr': 1.0}, 'batch_per_device': 1024}",81.86361980438232,0,9,6931.897244402006,1
0.00827789306640625,0.13628063201904297,0.004628372192382812,0.05248898875956633,0.028055834770202636,nan,0.0,0.058116579055786134,0.11379999667406082,2.6528782066345213,-0.11379999667406082,nan,0.0,nan,0.0,nan,0.0,0.11701999604701996,3.9507059664916993,nan,0.0,nan,0.0,60000,1,False,,,10,-2.6528782066345213,1bd9ad20256449c39d56b83d509f865f,2019-05-30_14-50-24,1559253024,9.4081871509552,91.27180695533752,12020,steropes,169.229.49.254,"{'starting_lr': 1.0, 'momentum': 0.95, 'weight_decay': 0.005, 'steps_per_iteration': None, 'pin': False, 'model_creator': None, 'target_batch_size': 1024, 'model_string': 'resnet18', 'min_batch_size': 512, 'dataset': 'CIFAR', 'placement': None, 'use_nccl': True, 'devices_per_worker': 1, 'primary_resource': 'extra_gpu', 'gpu': False, 'verbose': False, 'lr_config': {'mode': 'log', 'steps': 5, 'initial_lr': 1.0, 'target_lr': 1.0}, 'batch_per_device': 1024}",91.27180695533752,0,10,6776.009671274586,1
0.007573533058166504,0.12276339530944824,0.005005836486816406,0.03592948037750867,0.028760719299316406,nan,0.0,0.0507969856262207,0.10049999505281448,3.887835577392578,-0.10049999505281448,nan,0.0,nan,0.0,nan,0.0,0.13716000318527222,4.432629878082276,nan,0.0,nan,0.0,60000,1,False,,,11,-3.887835577392578,1bd9ad20256449c39d56b83d509f865f,2019-05-30_14-50-32,1559253032,7.926201581954956,99.19800853729248,12020,steropes,169.229.49.254,"{'starting_lr': 1.0, 'momentum': 0.95, 'weight_decay': 0.005, 'steps_per_iteration': None, 'pin': False, 'model_creator': None, 'target_batch_size': 1024, 'model_string': 'resnet18', 'min_batch_size': 512, 'dataset': 'CIFAR', 'placement': None, 'use_nccl': True, 'devices_per_worker': 1, 'primary_resource': 'extra_gpu', 'gpu': False, 'verbose': False, 'lr_config': {'mode': 'log', 'steps': 5, 'initial_lr': 1.0, 'target_lr': 1.0}, 'batch_per_device': 1024}",99.19800853729248,0,11,6897.363633554601,1
0.007639503479003907,0.12602250576019286,0.004483246803283691,0.043579335115393816,0.02321755886077881,nan,0.0,0.046097636222839355,0.13619999587535858,769.8998494140625,-0.13619999587535858,nan,0.0,nan,0.0,nan,0.0,0.14258000254631042,5.977155879364013,nan,0.0,nan,0.0,60000,1,True,,,12,-769.8998494140625,1bd9ad20256449c39d56b83d509f865f,2019-05-30_14-50-40,1559253040,7.512571811676025,106.7105803489685,12020,steropes,169.229.49.254,"{'starting_lr': 1.0, 'momentum': 0.95, 'weight_decay': 0.005, 'steps_per_iteration': None, 'pin': False, 'model_creator': None, 'target_batch_size': 1024, 'model_string': 'resnet18', 'min_batch_size': 512, 'dataset': 'CIFAR', 'placement': None, 'use_nccl': True, 'devices_per_worker': 1, 'primary_resource': 'extra_gpu', 'gpu': False, 'verbose': False, 'lr_config': {'mode': 'log', 'steps': 5, 'initial_lr': 1.0, 'target_lr': 1.0}, 'batch_per_device': 1024}",106.7105803489685,0,12,7058.754033967582,1
