{"apply": 0.007509779930114746, "batch_time": 0.20013413429260254, "d2h": 0.004693746566772461, "data_time": 0.041114067544742505, "fwd": 0.0748063087463379, "get_state_time_mean": NaN, "get_state_time_total": 0.0, "grad": 0.14774234294891359, "mean_accuracy": 0.09999999403953552, "mean_loss": 3.451723384094238, "neg_mean_accuracy": -0.09999999403953552, "set_state_time_mean": NaN, "set_state_time_total": 0.0, "setup_model_time_mean": 9.979254961013794, "setup_model_time_total": 9.979254961013794, "setup_proc_time_mean": 0.37952136993408203, "setup_proc_time_total": 0.37952136993408203, "train_accuracy": 0.10475999861955643, "train_loss": 5.965648783035278, "training_time_mean": NaN, "training_time_total": 0.0, "validation_time_mean": NaN, "validation_time_total": 0.0, "samples": 60000, "num_workers": 1, "done": false, "timesteps_total": null, "episodes_total": null, "training_iteration": 1, "neg_mean_loss": -3.451723384094238, "experiment_id": "1bd9ad20256449c39d56b83d509f865f", "date": "2019-05-30_14-49-05", "timestamp": 1559252945, "time_this_iter_s": 11.950972318649292, "time_total_s": 11.950972318649292, "pid": 12020, "hostname": "steropes", "node_ip": "169.229.49.254", "config": {"starting_lr": 1.0, "momentum": 0.95, "weight_decay": 0.005, "steps_per_iteration": null, "pin": false, "model_creator": null, "target_batch_size": 1024, "model_string": "resnet18", "min_batch_size": 512, "dataset": "CIFAR", "placement": null, "use_nccl": true, "devices_per_worker": 1, "primary_resource": "extra_gpu", "gpu": false, "verbose": false, "lr_config": {"mode": "log", "steps": 5, "initial_lr": 1.0, "target_lr": 1.0}, "batch_per_device": 1024}, "time_since_restore": 11.950972318649292, "timesteps_since_restore": 0, "iterations_since_restore": 1, "mean_throughput": 5020.476148990564, "atoms": 1}
{"apply": 0.007925868034362793, "batch_time": 0.15814509391784667, "d2h": 0.006109905242919922, "data_time": 0.041552266296075314, "fwd": 0.024512982368469237, "get_state_time_mean": NaN, "get_state_time_total": 0.0, "grad": 0.052115368843078616, "mean_accuracy": 0.09999999403953552, "mean_loss": 2.900569341278076, "neg_mean_accuracy": -0.09999999403953552, "set_state_time_mean": NaN, "set_state_time_total": 0.0, "setup_model_time_mean": NaN, "setup_model_time_total": 0.0, "setup_proc_time_mean": NaN, "setup_proc_time_total": 0.0, "train_accuracy": 0.10871999710798264, "train_loss": 3.4891132928466795, "training_time_mean": NaN, "training_time_total": 0.0, "validation_time_mean": NaN, "validation_time_total": 0.0, "samples": 60000, "num_workers": 1, "done": false, "timesteps_total": null, "episodes_total": null, "training_iteration": 2, "neg_mean_loss": -2.900569341278076, "experiment_id": "1bd9ad20256449c39d56b83d509f865f", "date": "2019-05-30_14-49-14", "timestamp": 1559252954, "time_this_iter_s": 8.841907978057861, "time_total_s": 20.792880296707153, "pid": 12020, "hostname": "steropes", "node_ip": "169.229.49.254", "config": {"starting_lr": 1.0, "momentum": 0.95, "weight_decay": 0.005, "steps_per_iteration": null, "pin": false, "model_creator": null, "target_batch_size": 1024, "model_string": "resnet18", "min_batch_size": 512, "dataset": "CIFAR", "placement": null, "use_nccl": true, "devices_per_worker": 1, "primary_resource": "extra_gpu", "gpu": false, "verbose": false, "lr_config": {"mode": "log", "steps": 5, "initial_lr": 1.0, "target_lr": 1.0}, "batch_per_device": 1024}, "time_since_restore": 20.792880296707153, "timesteps_since_restore": 0, "iterations_since_restore": 2, "mean_throughput": 5771.1606211734925, "atoms": 1}
{"apply": 0.009762048721313477, "batch_time": 0.13084850311279297, "d2h": 0.006561088562011719, "data_time": 0.04466113752248336, "fwd": 0.02774839401245117, "get_state_time_mean": NaN, "get_state_time_total": 0.0, "grad": 0.05272679328918457, "mean_accuracy": 0.1500999927520752, "mean_loss": 2.3205954402923585, "neg_mean_accuracy": -0.1500999927520752, "set_state_time_mean": NaN, "set_state_time_total": 0.0, "setup_model_time_mean": NaN, "setup_model_time_total": 0.0, "setup_proc_time_mean": NaN, "setup_proc_time_total": 0.0, "train_accuracy": 0.130280002951622, "train_loss": 3.4690535484313965, "training_time_mean": NaN, "training_time_total": 0.0, "validation_time_mean": NaN, "validation_time_total": 0.0, "samples": 60000, "num_workers": 1, "done": false, "timesteps_total": null, "episodes_total": null, "training_iteration": 3, "neg_mean_loss": -2.3205954402923585, "experiment_id": "1bd9ad20256449c39d56b83d509f865f", "date": "2019-05-30_14-49-23", "timestamp": 1559252963, "time_this_iter_s": 8.977978944778442, "time_total_s": 29.770859241485596, "pid": 12020, "hostname": "steropes", "node_ip": "169.229.49.254", "config": {"starting_lr": 1.0, "momentum": 0.95, "weight_decay": 0.005, "steps_per_iteration": null, "pin": false, "model_creator": null, "target_batch_size": 1024, "model_string": "resnet18", "min_batch_size": 512, "dataset": "CIFAR", "placement": null, "use_nccl": true, "devices_per_worker": 1, "primary_resource": "extra_gpu", "gpu": false, "verbose": false, "lr_config": {"mode": "log", "steps": 5, "initial_lr": 1.0, "target_lr": 1.0}, "batch_per_device": 1024}, "time_since_restore": 29.770859241485596, "timesteps_since_restore": 0, "iterations_since_restore": 3, "mean_throughput": 6046.132171753703, "atoms": 1}
{"apply": 0.007578635215759277, "batch_time": 0.12845194339752197, "d2h": 0.0048775911331176754, "data_time": 0.03850400691129723, "fwd": 0.026727581024169923, "get_state_time_mean": NaN, "get_state_time_total": 0.0, "grad": 0.06376094818115234, "mean_accuracy": 0.10189999639987946, "mean_loss": 2.4479727767944337, "neg_mean_accuracy": -0.10189999639987946, "set_state_time_mean": NaN, "set_state_time_total": 0.0, "setup_model_time_mean": NaN, "setup_model_time_total": 0.0, "setup_proc_time_mean": NaN, "setup_proc_time_total": 0.0, "train_accuracy": 0.15647999942302704, "train_loss": 2.8125911980438234, "training_time_mean": NaN, "training_time_total": 0.0, "validation_time_mean": NaN, "validation_time_total": 0.0, "samples": 60000, "num_workers": 1, "done": false, "timesteps_total": null, "episodes_total": null, "training_iteration": 4, "neg_mean_loss": -2.4479727767944337, "experiment_id": "1bd9ad20256449c39d56b83d509f865f", "date": "2019-05-30_14-49-31", "timestamp": 1559252971, "time_this_iter_s": 8.815099716186523, "time_total_s": 38.58595895767212, "pid": 12020, "hostname": "steropes", "node_ip": "169.229.49.254", "config": {"starting_lr": 1.0, "momentum": 0.95, "weight_decay": 0.005, "steps_per_iteration": null, "pin": false, "model_creator": null, "target_batch_size": 1024, "model_string": "resnet18", "min_batch_size": 512, "dataset": "CIFAR", "placement": null, "use_nccl": true, "devices_per_worker": 1, "primary_resource": "extra_gpu", "gpu": false, "verbose": false, "lr_config": {"mode": "log", "steps": 5, "initial_lr": 1.0, "target_lr": 1.0}, "batch_per_device": 1024}, "time_since_restore": 38.58595895767212, "timesteps_since_restore": 0, "iterations_since_restore": 4, "mean_throughput": 6219.746482512096, "atoms": 1}
{"apply": 0.009467315673828126, "batch_time": 0.13830258846282958, "d2h": 0.004992532730102539, "data_time": 0.03192009244646345, "fwd": 0.030999398231506346, "get_state_time_mean": NaN, "get_state_time_total": 0.0, "grad": 0.05406699180603027, "mean_accuracy": 0.15349999070167542, "mean_loss": 2.5679753715515137, "neg_mean_accuracy": -0.15349999070167542, "set_state_time_mean": NaN, "set_state_time_total": 0.0, "setup_model_time_mean": NaN, "setup_model_time_total": 0.0, "setup_proc_time_mean": NaN, "setup_proc_time_total": 0.0, "train_accuracy": 0.180759996175766, "train_loss": 2.6118415531158448, "training_time_mean": NaN, "training_time_total": 0.0, "validation_time_mean": NaN, "validation_time_total": 0.0, "samples": 60000, "num_workers": 1, "done": false, "timesteps_total": null, "episodes_total": null, "training_iteration": 5, "neg_mean_loss": -2.5679753715515137, "experiment_id": "1bd9ad20256449c39d56b83d509f865f", "date": "2019-05-30_14-49-40", "timestamp": 1559252980, "time_this_iter_s": 8.41253113746643, "time_total_s": 46.99849009513855, "pid": 12020, "hostname": "steropes", "node_ip": "169.229.49.254", "config": {"starting_lr": 1.0, "momentum": 0.95, "weight_decay": 0.005, "steps_per_iteration": null, "pin": false, "model_creator": null, "target_batch_size": 1024, "model_string": "resnet18", "min_batch_size": 512, "dataset": "CIFAR", "placement": null, "use_nccl": true, "devices_per_worker": 1, "primary_resource": "extra_gpu", "gpu": false, "verbose": false, "lr_config": {"mode": "log", "steps": 5, "initial_lr": 1.0, "target_lr": 1.0}, "batch_per_device": 1024}, "time_since_restore": 46.99849009513855, "timesteps_since_restore": 0, "iterations_since_restore": 5, "mean_throughput": 6383.061194201031, "atoms": 1}
{"apply": 0.007578849792480469, "batch_time": 0.1283329486846924, "d2h": 0.004637980461120605, "data_time": 0.039313637480443836, "fwd": 0.026972222328186034, "get_state_time_mean": NaN, "get_state_time_total": 0.0, "grad": 0.0566065788269043, "mean_accuracy": 0.08779999613761902, "mean_loss": 7.967413885498047, "neg_mean_accuracy": -0.08779999613761902, "set_state_time_mean": NaN, "set_state_time_total": 0.0, "setup_model_time_mean": NaN, "setup_model_time_total": 0.0, "setup_proc_time_mean": NaN, "setup_proc_time_total": 0.0, "train_accuracy": 0.17542000114917755, "train_loss": 2.610550030670166, "training_time_mean": NaN, "training_time_total": 0.0, "validation_time_mean": NaN, "validation_time_total": 0.0, "samples": 60000, "num_workers": 1, "done": false, "timesteps_total": null, "episodes_total": null, "training_iteration": 6, "neg_mean_loss": -7.967413885498047, "experiment_id": "1bd9ad20256449c39d56b83d509f865f", "date": "2019-05-30_14-49-49", "timestamp": 1559252989, "time_this_iter_s": 8.705164909362793, "time_total_s": 55.70365500450134, "pid": 12020, "hostname": "steropes", "node_ip": "169.229.49.254", "config": {"starting_lr": 1.0, "momentum": 0.95, "weight_decay": 0.005, "steps_per_iteration": null, "pin": false, "model_creator": null, "target_batch_size": 1024, "model_string": "resnet18", "min_batch_size": 512, "dataset": "CIFAR", "placement": null, "use_nccl": true, "devices_per_worker": 1, "primary_resource": "extra_gpu", "gpu": false, "verbose": false, "lr_config": {"mode": "log", "steps": 5, "initial_lr": 1.0, "target_lr": 1.0}, "batch_per_device": 1024}, "time_since_restore": 55.70365500450134, "timesteps_since_restore": 0, "iterations_since_restore": 6, "mean_throughput": 6856.582376013401, "atoms": 1}
{"apply": 0.010090351104736328, "batch_time": 0.13371236324310304, "d2h": 0.004867172241210938, "data_time": 0.03482766054114517, "fwd": 0.025873732566833497, "get_state_time_mean": NaN, "get_state_time_total": 0.0, "grad": 0.0495267391204834, "mean_accuracy": 0.09999999403953552, "mean_loss": 2.8260933311462404, "neg_mean_accuracy": -0.09999999403953552, "set_state_time_mean": NaN, "set_state_time_total": 0.0, "setup_model_time_mean": NaN, "setup_model_time_total": 0.0, "setup_proc_time_mean": NaN, "setup_proc_time_total": 0.0, "train_accuracy": 0.12387999892234802, "train_loss": 3.392761234741211, "training_time_mean": NaN, "training_time_total": 0.0, "validation_time_mean": NaN, "validation_time_total": 0.0, "samples": 60000, "num_workers": 1, "done": false, "timesteps_total": null, "episodes_total": null, "training_iteration": 7, "neg_mean_loss": -2.8260933311462404, "experiment_id": "1bd9ad20256449c39d56b83d509f865f", "date": "2019-05-30_14-49-57", "timestamp": 1559252997, "time_this_iter_s": 8.506892442703247, "time_total_s": 64.21054744720459, "pid": 12020, "hostname": "steropes", "node_ip": "169.229.49.254", "config": {"starting_lr": 1.0, "momentum": 0.95, "weight_decay": 0.005, "steps_per_iteration": null, "pin": false, "model_creator": null, "target_batch_size": 1024, "model_string": "resnet18", "min_batch_size": 512, "dataset": "CIFAR", "placement": null, "use_nccl": true, "devices_per_worker": 1, "primary_resource": "extra_gpu", "gpu": false, "verbose": false, "lr_config": {"mode": "log", "steps": 5, "initial_lr": 1.0, "target_lr": 1.0}, "batch_per_device": 1024}, "time_since_restore": 64.21054744720459, "timesteps_since_restore": 0, "iterations_since_restore": 7, "mean_throughput": 6909.465962636051, "atoms": 1}
{"apply": 0.008180069923400878, "batch_time": 0.13449912071228026, "d2h": 0.005204057693481446, "data_time": 0.0323909058862803, "fwd": 0.033277130126953124, "get_state_time_mean": NaN, "get_state_time_total": 0.0, "grad": 0.05560765266418457, "mean_accuracy": 0.12459999322891235, "mean_loss": 4.238177159881592, "neg_mean_accuracy": -0.12459999322891235, "set_state_time_mean": NaN, "set_state_time_total": 0.0, "setup_model_time_mean": NaN, "setup_model_time_total": 0.0, "setup_proc_time_mean": NaN, "setup_proc_time_total": 0.0, "train_accuracy": 0.1401599943637848, "train_loss": 3.485967803878784, "training_time_mean": NaN, "training_time_total": 0.0, "validation_time_mean": NaN, "validation_time_total": 0.0, "samples": 60000, "num_workers": 1, "done": false, "timesteps_total": null, "episodes_total": null, "training_iteration": 8, "neg_mean_loss": -4.238177159881592, "experiment_id": "1bd9ad20256449c39d56b83d509f865f", "date": "2019-05-30_14-50-06", "timestamp": 1559253006, "time_this_iter_s": 8.927493572235107, "time_total_s": 73.1380410194397, "pid": 12020, "hostname": "steropes", "node_ip": "169.229.49.254", "config": {"starting_lr": 1.0, "momentum": 0.95, "weight_decay": 0.005, "steps_per_iteration": null, "pin": false, "model_creator": null, "target_batch_size": 1024, "model_string": "resnet18", "min_batch_size": 512, "dataset": "CIFAR", "placement": null, "use_nccl": true, "devices_per_worker": 1, "primary_resource": "extra_gpu", "gpu": false, "verbose": false, "lr_config": {"mode": "log", "steps": 5, "initial_lr": 1.0, "target_lr": 1.0}, "batch_per_device": 1024}, "time_since_restore": 73.1380410194397, "timesteps_since_restore": 0, "iterations_since_restore": 8, "mean_throughput": 6917.5087714520205, "atoms": 1}
{"apply": 0.008851361274719239, "batch_time": 0.1338796615600586, "d2h": 0.005105924606323242, "data_time": 0.0379348628374995, "fwd": 0.02604348659515381, "get_state_time_mean": NaN, "get_state_time_total": 0.0, "grad": 0.05487136840820313, "mean_accuracy": 0.10049999505281448, "mean_loss": 3.048891414260864, "neg_mean_accuracy": -0.10049999505281448, "set_state_time_mean": NaN, "set_state_time_total": 0.0, "setup_model_time_mean": NaN, "setup_model_time_total": 0.0, "setup_proc_time_mean": NaN, "setup_proc_time_total": 0.0, "train_accuracy": 0.12765999138355255, "train_loss": 4.730010259399414, "training_time_mean": NaN, "training_time_total": 0.0, "validation_time_mean": NaN, "validation_time_total": 0.0, "samples": 60000, "num_workers": 1, "done": false, "timesteps_total": null, "episodes_total": null, "training_iteration": 9, "neg_mean_loss": -3.048891414260864, "experiment_id": "1bd9ad20256449c39d56b83d509f865f", "date": "2019-05-30_14-50-15", "timestamp": 1559253015, "time_this_iter_s": 8.725578784942627, "time_total_s": 81.86361980438232, "pid": 12020, "hostname": "steropes", "node_ip": "169.229.49.254", "config": {"starting_lr": 1.0, "momentum": 0.95, "weight_decay": 0.005, "steps_per_iteration": null, "pin": false, "model_creator": null, "target_batch_size": 1024, "model_string": "resnet18", "min_batch_size": 512, "dataset": "CIFAR", "placement": null, "use_nccl": true, "devices_per_worker": 1, "primary_resource": "extra_gpu", "gpu": false, "verbose": false, "lr_config": {"mode": "log", "steps": 5, "initial_lr": 1.0, "target_lr": 1.0}, "batch_per_device": 1024}, "time_since_restore": 81.86361980438232, "timesteps_since_restore": 0, "iterations_since_restore": 9, "mean_throughput": 6931.897244402006, "atoms": 1}
{"apply": 0.00827789306640625, "batch_time": 0.13628063201904297, "d2h": 0.004628372192382812, "data_time": 0.05248898875956633, "fwd": 0.028055834770202636, "get_state_time_mean": NaN, "get_state_time_total": 0.0, "grad": 0.058116579055786134, "mean_accuracy": 0.11379999667406082, "mean_loss": 2.6528782066345213, "neg_mean_accuracy": -0.11379999667406082, "set_state_time_mean": NaN, "set_state_time_total": 0.0, "setup_model_time_mean": NaN, "setup_model_time_total": 0.0, "setup_proc_time_mean": NaN, "setup_proc_time_total": 0.0, "train_accuracy": 0.11701999604701996, "train_loss": 3.9507059664916993, "training_time_mean": NaN, "training_time_total": 0.0, "validation_time_mean": NaN, "validation_time_total": 0.0, "samples": 60000, "num_workers": 1, "done": false, "timesteps_total": null, "episodes_total": null, "training_iteration": 10, "neg_mean_loss": -2.6528782066345213, "experiment_id": "1bd9ad20256449c39d56b83d509f865f", "date": "2019-05-30_14-50-24", "timestamp": 1559253024, "time_this_iter_s": 9.4081871509552, "time_total_s": 91.27180695533752, "pid": 12020, "hostname": "steropes", "node_ip": "169.229.49.254", "config": {"starting_lr": 1.0, "momentum": 0.95, "weight_decay": 0.005, "steps_per_iteration": null, "pin": false, "model_creator": null, "target_batch_size": 1024, "model_string": "resnet18", "min_batch_size": 512, "dataset": "CIFAR", "placement": null, "use_nccl": true, "devices_per_worker": 1, "primary_resource": "extra_gpu", "gpu": false, "verbose": false, "lr_config": {"mode": "log", "steps": 5, "initial_lr": 1.0, "target_lr": 1.0}, "batch_per_device": 1024}, "time_since_restore": 91.27180695533752, "timesteps_since_restore": 0, "iterations_since_restore": 10, "mean_throughput": 6776.009671274586, "atoms": 1}
{"apply": 0.007573533058166504, "batch_time": 0.12276339530944824, "d2h": 0.005005836486816406, "data_time": 0.03592948037750867, "fwd": 0.028760719299316406, "get_state_time_mean": NaN, "get_state_time_total": 0.0, "grad": 0.0507969856262207, "mean_accuracy": 0.10049999505281448, "mean_loss": 3.887835577392578, "neg_mean_accuracy": -0.10049999505281448, "set_state_time_mean": NaN, "set_state_time_total": 0.0, "setup_model_time_mean": NaN, "setup_model_time_total": 0.0, "setup_proc_time_mean": NaN, "setup_proc_time_total": 0.0, "train_accuracy": 0.13716000318527222, "train_loss": 4.432629878082276, "training_time_mean": NaN, "training_time_total": 0.0, "validation_time_mean": NaN, "validation_time_total": 0.0, "samples": 60000, "num_workers": 1, "done": false, "timesteps_total": null, "episodes_total": null, "training_iteration": 11, "neg_mean_loss": -3.887835577392578, "experiment_id": "1bd9ad20256449c39d56b83d509f865f", "date": "2019-05-30_14-50-32", "timestamp": 1559253032, "time_this_iter_s": 7.926201581954956, "time_total_s": 99.19800853729248, "pid": 12020, "hostname": "steropes", "node_ip": "169.229.49.254", "config": {"starting_lr": 1.0, "momentum": 0.95, "weight_decay": 0.005, "steps_per_iteration": null, "pin": false, "model_creator": null, "target_batch_size": 1024, "model_string": "resnet18", "min_batch_size": 512, "dataset": "CIFAR", "placement": null, "use_nccl": true, "devices_per_worker": 1, "primary_resource": "extra_gpu", "gpu": false, "verbose": false, "lr_config": {"mode": "log", "steps": 5, "initial_lr": 1.0, "target_lr": 1.0}, "batch_per_device": 1024}, "time_since_restore": 99.19800853729248, "timesteps_since_restore": 0, "iterations_since_restore": 11, "mean_throughput": 6897.363633554601, "atoms": 1}
{"apply": 0.007639503479003907, "batch_time": 0.12602250576019286, "d2h": 0.004483246803283691, "data_time": 0.043579335115393816, "fwd": 0.02321755886077881, "get_state_time_mean": NaN, "get_state_time_total": 0.0, "grad": 0.046097636222839355, "mean_accuracy": 0.13619999587535858, "mean_loss": 769.8998494140625, "neg_mean_accuracy": -0.13619999587535858, "set_state_time_mean": NaN, "set_state_time_total": 0.0, "setup_model_time_mean": NaN, "setup_model_time_total": 0.0, "setup_proc_time_mean": NaN, "setup_proc_time_total": 0.0, "train_accuracy": 0.14258000254631042, "train_loss": 5.977155879364013, "training_time_mean": NaN, "training_time_total": 0.0, "validation_time_mean": NaN, "validation_time_total": 0.0, "samples": 60000, "num_workers": 1, "done": true, "timesteps_total": null, "episodes_total": null, "training_iteration": 12, "neg_mean_loss": -769.8998494140625, "experiment_id": "1bd9ad20256449c39d56b83d509f865f", "date": "2019-05-30_14-50-40", "timestamp": 1559253040, "time_this_iter_s": 7.512571811676025, "time_total_s": 106.7105803489685, "pid": 12020, "hostname": "steropes", "node_ip": "169.229.49.254", "config": {"starting_lr": 1.0, "momentum": 0.95, "weight_decay": 0.005, "steps_per_iteration": null, "pin": false, "model_creator": null, "target_batch_size": 1024, "model_string": "resnet18", "min_batch_size": 512, "dataset": "CIFAR", "placement": null, "use_nccl": true, "devices_per_worker": 1, "primary_resource": "extra_gpu", "gpu": false, "verbose": false, "lr_config": {"mode": "log", "steps": 5, "initial_lr": 1.0, "target_lr": 1.0}, "batch_per_device": 1024}, "time_since_restore": 106.7105803489685, "timesteps_since_restore": 0, "iterations_since_restore": 12, "mean_throughput": 7058.754033967582, "atoms": 1}
