apply,batch_time,d2h,data_time,fwd,get_state_time_mean,get_state_time_total,grad,mean_accuracy,mean_loss,neg_mean_accuracy,set_state_time_mean,set_state_time_total,setup_model_time_mean,setup_model_time_total,setup_proc_time_mean,setup_proc_time_total,train_accuracy,train_loss,training_time_mean,training_time_total,validation_time_mean,validation_time_total,samples,num_workers,done,timesteps_total,episodes_total,training_iteration,neg_mean_loss,experiment_id,date,timestamp,time_this_iter_s,time_total_s,pid,hostname,node_ip,config,time_since_restore,timesteps_since_restore,iterations_since_restore,mean_throughput,atoms,resource_time
0.008056545257568359,0.1933441400527954,0.004711031913757324,0.03845721361588458,0.1288341760635376,nan,0.0,0.17758288383483886,0.23659999668598175,2.6490131927490235,-0.23659999668598175,nan,0.0,13.314861536026001,13.314861536026001,1.826711893081665,1.826711893081665,0.280379980802536,2.326950358810425,nan,0.0,nan,0.0,60000,1,False,,,1,-2.6490131927490235,2e6cfc9a53784c02b8238d421b7f0d17,2019-05-30_14-35-49,1559252149,12.436044692993164,12.436044692993164,13459,steropes,169.229.49.254,"{'starting_lr': 0.01, 'momentum': 0.997, 'weight_decay': 0.001, 'steps_per_iteration': None, 'pin': False, 'model_creator': None, 'target_batch_size': 1024, 'model_string': 'resnet18', 'min_batch_size': 512, 'dataset': 'CIFAR', 'placement': None, 'use_nccl': True, 'devices_per_worker': 1, 'primary_resource': 'extra_gpu', 'gpu': False, 'verbose': False, 'lr_config': {'mode': 'log', 'steps': 5, 'initial_lr': 0.01, 'target_lr': 0.01}, 'batch_per_device': 1024}",12.436044692993164,0,1,4824.649341531217,1,12.436044692993164
0.007160854339599609,0.13072588443756103,0.005282258987426758,0.05174407180474729,0.024896001815795897,nan,0.0,0.04367043972015381,0.42100000381469727,1.6668031002044679,-0.42100000381469727,nan,0.0,nan,0.0,nan,0.0,0.4016000032424927,1.6392442343521119,nan,0.0,nan,0.0,60000,1,False,,,2,-1.6668031002044679,2e6cfc9a53784c02b8238d421b7f0d17,2019-05-30_14-35-57,1559252157,8.057586669921875,20.49363136291504,13459,steropes,169.229.49.254,"{'starting_lr': 0.01, 'momentum': 0.997, 'weight_decay': 0.001, 'steps_per_iteration': None, 'pin': False, 'model_creator': None, 'target_batch_size': 1024, 'model_string': 'resnet18', 'min_batch_size': 512, 'dataset': 'CIFAR', 'placement': None, 'use_nccl': True, 'devices_per_worker': 1, 'primary_resource': 'extra_gpu', 'gpu': False, 'verbose': False, 'lr_config': {'mode': 'log', 'steps': 5, 'initial_lr': 0.01, 'target_lr': 0.01}, 'batch_per_device': 1024}",20.49363136291504,0,2,5855.4272204581675,1,20.49363136291504
0.00908043384552002,0.12971303462982178,0.005727076530456543,0.04865442490091129,0.027370929718017578,nan,0.0,0.047674250602722165,0.47759997844696045,1.4632203378677369,-0.47759997844696045,nan,0.0,nan,0.0,nan,0.0,0.44293999671936035,1.5263832252120972,nan,0.0,nan,0.0,60000,1,False,,,3,-1.4632203378677369,2e6cfc9a53784c02b8238d421b7f0d17,2019-05-30_14-36-06,1559252166,8.395414352416992,28.88904571533203,13459,steropes,169.229.49.254,"{'starting_lr': 0.01, 'momentum': 0.997, 'weight_decay': 0.001, 'steps_per_iteration': None, 'pin': False, 'model_creator': None, 'target_batch_size': 1024, 'model_string': 'resnet18', 'min_batch_size': 512, 'dataset': 'CIFAR', 'placement': None, 'use_nccl': True, 'devices_per_worker': 1, 'primary_resource': 'extra_gpu', 'gpu': False, 'verbose': False, 'lr_config': {'mode': 'log', 'steps': 5, 'initial_lr': 0.01, 'target_lr': 0.01}, 'batch_per_device': 1024}",28.88904571533203,0,3,6230.679100327485,1,28.88904571533203
0.009466600418090821,0.12194681167602539,0.0050198078155517575,0.04899677938344527,0.02791590690612793,nan,0.0,0.05112967491149902,0.4781999886035919,1.4634047452926635,-0.4781999886035919,nan,0.0,nan,0.0,nan,0.0,0.46671998500823975,1.460202709197998,nan,0.0,nan,0.0,60000,1,False,,,4,-1.4634047452926635,2e6cfc9a53784c02b8238d421b7f0d17,2019-05-30_14-36-14,1559252174,8.353695631027222,37.24274134635925,13459,steropes,169.229.49.254,"{'starting_lr': 0.01, 'momentum': 0.997, 'weight_decay': 0.001, 'steps_per_iteration': None, 'pin': False, 'model_creator': None, 'target_batch_size': 1024, 'model_string': 'resnet18', 'min_batch_size': 512, 'dataset': 'CIFAR', 'placement': None, 'use_nccl': True, 'devices_per_worker': 1, 'primary_resource': 'extra_gpu', 'gpu': False, 'verbose': False, 'lr_config': {'mode': 'log', 'steps': 5, 'initial_lr': 0.01, 'target_lr': 0.01}, 'batch_per_device': 1024}",37.24274134635925,0,4,6444.137266461127,1,37.24274134635925
0.00770258903503418,0.11665539741516114,0.007200980186462402,0.04409314661609883,0.025468993186950683,nan,0.0,0.047289562225341794,0.5266000032424927,1.312190440940857,-0.5266000032424927,nan,0.0,nan,0.0,nan,0.0,0.49164000153541565,1.3940403482818604,nan,0.0,nan,0.0,60000,1,False,,,5,-1.312190440940857,2e6cfc9a53784c02b8238d421b7f0d17,2019-05-30_14-36-22,1559252182,7.983884572982788,45.22662591934204,13459,steropes,169.229.49.254,"{'starting_lr': 0.01, 'momentum': 0.997, 'weight_decay': 0.001, 'steps_per_iteration': None, 'pin': False, 'model_creator': None, 'target_batch_size': 1024, 'model_string': 'resnet18', 'min_batch_size': 512, 'dataset': 'CIFAR', 'placement': None, 'use_nccl': True, 'devices_per_worker': 1, 'primary_resource': 'extra_gpu', 'gpu': False, 'verbose': False, 'lr_config': {'mode': 'log', 'steps': 5, 'initial_lr': 0.01, 'target_lr': 0.01}, 'batch_per_device': 1024}",45.22662591934204,0,5,6633.18736581678,1,45.22662591934204
0.007378387451171875,0.13068253993988038,0.005025792121887207,0.04327111341515366,0.02111353874206543,nan,0.0,0.04760673046112061,0.521399974822998,1.3304918676376343,-0.521399974822998,nan,0.0,nan,0.0,nan,0.0,0.5115199685096741,1.342004406929016,nan,0.0,nan,0.0,60000,1,False,,,6,-1.3304918676376343,2e6cfc9a53784c02b8238d421b7f0d17,2019-05-30_14-36-30,1559252190,8.089312076568604,53.315937995910645,13459,steropes,169.229.49.254,"{'starting_lr': 0.01, 'momentum': 0.997, 'weight_decay': 0.001, 'steps_per_iteration': None, 'pin': False, 'model_creator': None, 'target_batch_size': 1024, 'model_string': 'resnet18', 'min_batch_size': 512, 'dataset': 'CIFAR', 'placement': None, 'use_nccl': True, 'devices_per_worker': 1, 'primary_resource': 'extra_gpu', 'gpu': False, 'verbose': False, 'lr_config': {'mode': 'log', 'steps': 5, 'initial_lr': 0.01, 'target_lr': 0.01}, 'batch_per_device': 1024}",53.315937995910645,0,6,7338.482118691934,1,53.315937995910645
0.008025383949279786,0.12577390670776367,0.0049484968185424805,0.04856148544622927,0.029137301445007324,nan,0.0,0.050827550888061526,0.5482000112533569,1.2623740779876709,-0.5482000112533569,nan,0.0,nan,0.0,nan,0.0,0.530239999294281,1.2970865670394898,nan,0.0,nan,0.0,60000,1,False,,,7,-1.2623740779876709,2e6cfc9a53784c02b8238d421b7f0d17,2019-05-30_14-36-39,1559252199,8.30605435371399,61.621992349624634,13459,steropes,169.229.49.254,"{'starting_lr': 0.01, 'momentum': 0.997, 'weight_decay': 0.001, 'steps_per_iteration': None, 'pin': False, 'model_creator': None, 'target_batch_size': 1024, 'model_string': 'resnet18', 'min_batch_size': 512, 'dataset': 'CIFAR', 'placement': None, 'use_nccl': True, 'devices_per_worker': 1, 'primary_resource': 'extra_gpu', 'gpu': False, 'verbose': False, 'lr_config': {'mode': 'log', 'steps': 5, 'initial_lr': 0.01, 'target_lr': 0.01}, 'batch_per_device': 1024}",61.621992349624634,0,7,7294.136696219556,1,61.621992349624634
0.00857234001159668,0.12088360786437988,0.0058762550354003905,0.045944340375004986,0.021501326560974122,nan,0.0,0.048821544647216795,0.5379999876022339,1.2669174016952514,-0.5379999876022339,nan,0.0,nan,0.0,nan,0.0,0.547980010509491,1.2517208815383911,nan,0.0,nan,0.0,60000,1,False,,,8,-1.2669174016952514,2e6cfc9a53784c02b8238d421b7f0d17,2019-05-30_14-36-47,1559252207,8.133149147033691,69.75514149665833,13459,steropes,169.229.49.254,"{'starting_lr': 0.01, 'momentum': 0.997, 'weight_decay': 0.001, 'steps_per_iteration': None, 'pin': False, 'model_creator': None, 'target_batch_size': 1024, 'model_string': 'resnet18', 'min_batch_size': 512, 'dataset': 'CIFAR', 'placement': None, 'use_nccl': True, 'devices_per_worker': 1, 'primary_resource': 'extra_gpu', 'gpu': False, 'verbose': False, 'lr_config': {'mode': 'log', 'steps': 5, 'initial_lr': 0.01, 'target_lr': 0.01}, 'batch_per_device': 1024}",69.75514149665833,0,8,7340.947642516908,1,69.75514149665833
0.007962298393249512,0.12044625282287598,0.0055284261703491214,0.044281944936635544,0.024134016036987303,nan,0.0,0.0467242956161499,0.585099995136261,1.1697974338531494,-0.585099995136261,nan,0.0,nan,0.0,nan,0.0,0.560759961605072,1.2179955478668212,nan,0.0,nan,0.0,60000,1,False,,,9,-1.1697974338531494,2e6cfc9a53784c02b8238d421b7f0d17,2019-05-30_14-36-55,1559252215,8.01272177696228,77.7678632736206,13459,steropes,169.229.49.254,"{'starting_lr': 0.01, 'momentum': 0.997, 'weight_decay': 0.001, 'steps_per_iteration': None, 'pin': False, 'model_creator': None, 'target_batch_size': 1024, 'model_string': 'resnet18', 'min_batch_size': 512, 'dataset': 'CIFAR', 'placement': None, 'use_nccl': True, 'devices_per_worker': 1, 'primary_resource': 'extra_gpu', 'gpu': False, 'verbose': False, 'lr_config': {'mode': 'log', 'steps': 5, 'initial_lr': 0.01, 'target_lr': 0.01}, 'batch_per_device': 1024}",77.7678632736206,0,9,7402.712394440454,1,77.7678632736206
0.008053159713745118,0.13004140853881835,0.005841660499572754,0.057564214784271865,0.023706650733947753,nan,0.0,0.04642455577850342,0.5687999725341797,1.2079236219406129,-0.5687999725341797,nan,0.0,nan,0.0,nan,0.0,0.5741999745368958,1.1842209913253785,nan,0.0,nan,0.0,60000,1,False,,,10,-1.2079236219406129,2e6cfc9a53784c02b8238d421b7f0d17,2019-05-30_14-37-03,1559252223,8.535720825195312,86.30358409881592,13459,steropes,169.229.49.254,"{'starting_lr': 0.01, 'momentum': 0.997, 'weight_decay': 0.001, 'steps_per_iteration': None, 'pin': False, 'model_creator': None, 'target_batch_size': 1024, 'model_string': 'resnet18', 'min_batch_size': 512, 'dataset': 'CIFAR', 'placement': None, 'use_nccl': True, 'devices_per_worker': 1, 'primary_resource': 'extra_gpu', 'gpu': False, 'verbose': False, 'lr_config': {'mode': 'log', 'steps': 5, 'initial_lr': 0.01, 'target_lr': 0.01}, 'batch_per_device': 1024}",86.30358409881592,0,10,7303.264972310112,1,86.30358409881592
0.008008360862731934,0.14907970428466796,0.0056860923767089845,0.049780826179348696,0.025559329986572267,nan,0.0,0.04470932483673096,0.5705999732017517,1.2207059608459472,-0.5705999732017517,nan,0.0,nan,0.0,nan,0.0,0.5870199799537659,1.148820672302246,nan,0.0,nan,0.0,60000,1,False,,,11,-1.2207059608459472,2e6cfc9a53784c02b8238d421b7f0d17,2019-05-30_14-37-12,1559252232,8.68396282196045,94.98754692077637,13459,steropes,169.229.49.254,"{'starting_lr': 0.01, 'momentum': 0.997, 'weight_decay': 0.001, 'steps_per_iteration': None, 'pin': False, 'model_creator': None, 'target_batch_size': 1024, 'model_string': 'resnet18', 'min_batch_size': 512, 'dataset': 'CIFAR', 'placement': None, 'use_nccl': True, 'devices_per_worker': 1, 'primary_resource': 'extra_gpu', 'gpu': False, 'verbose': False, 'lr_config': {'mode': 'log', 'steps': 5, 'initial_lr': 0.01, 'target_lr': 0.01}, 'batch_per_device': 1024}",94.98754692077637,0,11,7199.038371554803,1,94.98754692077637
0.007307195663452148,0.12496616840362548,0.005954360961914063,0.04878373048743423,0.025521039962768555,nan,0.0,0.04669275283813477,0.5579000115394592,1.2798625020980834,-0.5579000115394592,nan,0.0,nan,0.0,nan,0.0,0.6038999557495117,1.1025211112976074,nan,0.0,nan,0.0,60000,1,False,,,12,-1.2798625020980834,2e6cfc9a53784c02b8238d421b7f0d17,2019-05-30_14-37-20,1559252240,8.231297254562378,103.21884417533875,13459,steropes,169.229.49.254,"{'starting_lr': 0.01, 'momentum': 0.997, 'weight_decay': 0.001, 'steps_per_iteration': None, 'pin': False, 'model_creator': None, 'target_batch_size': 1024, 'model_string': 'resnet18', 'min_batch_size': 512, 'dataset': 'CIFAR', 'placement': None, 'use_nccl': True, 'devices_per_worker': 1, 'primary_resource': 'extra_gpu', 'gpu': False, 'verbose': False, 'lr_config': {'mode': 'log', 'steps': 5, 'initial_lr': 0.01, 'target_lr': 0.01}, 'batch_per_device': 1024}",103.21884417533875,0,12,7211.987814102736,1,103.21884417533875
0.008095121383666993,0.12029011249542236,0.0053890466690063475,0.04561433013604612,0.025629544258117677,nan,0.0,0.0435389518737793,0.551800012588501,1.2867302083969117,-0.551800012588501,nan,0.0,nan,0.0,nan,0.0,0.6131199598312378,1.0809704585266113,nan,0.0,nan,0.0,60000,1,False,,,13,-1.2867302083969117,2e6cfc9a53784c02b8238d421b7f0d17,2019-05-30_14-37-28,1559252248,7.70629358291626,110.925137758255,13459,steropes,169.229.49.254,"{'starting_lr': 0.01, 'momentum': 0.997, 'weight_decay': 0.001, 'steps_per_iteration': None, 'pin': False, 'model_creator': None, 'target_batch_size': 1024, 'model_string': 'resnet18', 'min_batch_size': 512, 'dataset': 'CIFAR', 'placement': None, 'use_nccl': True, 'devices_per_worker': 1, 'primary_resource': 'extra_gpu', 'gpu': False, 'verbose': False, 'lr_config': {'mode': 'log', 'steps': 5, 'initial_lr': 0.01, 'target_lr': 0.01}, 'batch_per_device': 1024}",110.925137758255,0,13,7286.761450319703,1,110.925137758255
0.008782744407653809,0.12788090705871583,0.005221319198608398,0.04141787606842664,0.02428910732269287,nan,0.0,0.05180807113647461,0.5989999771118164,1.1404642066955566,-0.5989999771118164,nan,0.0,nan,0.0,nan,0.0,0.6251599788665771,1.0521703994750977,nan,0.0,nan,0.0,60000,1,False,,,14,-1.1404642066955566,2e6cfc9a53784c02b8238d421b7f0d17,2019-05-30_14-37-36,1559252256,7.732235670089722,118.65737342834473,13459,steropes,169.229.49.254,"{'starting_lr': 0.01, 'momentum': 0.997, 'weight_decay': 0.001, 'steps_per_iteration': None, 'pin': False, 'model_creator': None, 'target_batch_size': 1024, 'model_string': 'resnet18', 'min_batch_size': 512, 'dataset': 'CIFAR', 'placement': None, 'use_nccl': True, 'devices_per_worker': 1, 'primary_resource': 'extra_gpu', 'gpu': False, 'verbose': False, 'lr_config': {'mode': 'log', 'steps': 5, 'initial_lr': 0.01, 'target_lr': 0.01}, 'batch_per_device': 1024}",118.65737342834473,0,14,7336.758075646149,1,118.65737342834473
0.00751791000366211,0.15318410396575927,0.00451054573059082,0.04600492788820851,0.029689311981201172,nan,0.0,0.05332648754119873,0.6043999791145325,1.1352809356689453,-0.6043999791145325,nan,0.0,nan,0.0,nan,0.0,0.6290000081062317,1.0425141637802124,nan,0.0,nan,0.0,60000,1,False,,,15,-1.1352809356689453,2e6cfc9a53784c02b8238d421b7f0d17,2019-05-30_14-37-44,1559252264,8.21146297454834,126.86883640289307,13459,steropes,169.229.49.254,"{'starting_lr': 0.01, 'momentum': 0.997, 'weight_decay': 0.001, 'steps_per_iteration': None, 'pin': False, 'model_creator': None, 'target_batch_size': 1024, 'model_string': 'resnet18', 'min_batch_size': 512, 'dataset': 'CIFAR', 'placement': None, 'use_nccl': True, 'devices_per_worker': 1, 'primary_resource': 'extra_gpu', 'gpu': False, 'verbose': False, 'lr_config': {'mode': 'log', 'steps': 5, 'initial_lr': 0.01, 'target_lr': 0.01}, 'batch_per_device': 1024}",126.86883640289307,0,15,7395.403357041733,1,126.86883640289307
0.009129571914672851,0.14413018226623536,0.006624579429626465,0.043130344274092694,0.039937281608581544,nan,0.0,0.06024100780487061,0.6136999726295471,1.163977426338196,-0.6136999726295471,nan,0.0,nan,0.0,nan,0.0,0.6331599950790405,1.0267288650512696,nan,0.0,nan,0.0,60000,1,False,,,16,-1.163977426338196,2e6cfc9a53784c02b8238d421b7f0d17,2019-05-30_14-37-52,1559252272,8.369053363800049,135.23788976669312,13459,steropes,169.229.49.254,"{'starting_lr': 0.01, 'momentum': 0.997, 'weight_decay': 0.001, 'steps_per_iteration': None, 'pin': False, 'model_creator': None, 'target_batch_size': 1024, 'model_string': 'resnet18', 'min_batch_size': 512, 'dataset': 'CIFAR', 'placement': None, 'use_nccl': True, 'devices_per_worker': 1, 'primary_resource': 'extra_gpu', 'gpu': False, 'verbose': False, 'lr_config': {'mode': 'log', 'steps': 5, 'initial_lr': 0.01, 'target_lr': 0.01}, 'batch_per_device': 1024}",135.23788976669312,0,16,7453.273503518609,1,135.23788976669312
0.00843503475189209,0.1395265579223633,0.004903721809387207,0.052955656635517975,0.028957247734069824,nan,0.0,0.056664013862609865,0.618399977684021,1.1758044765472413,-0.618399977684021,nan,0.0,nan,0.0,nan,0.0,0.6488800048828125,0.9894562850761414,nan,0.0,nan,0.0,60000,1,False,,,17,-1.1758044765472413,2e6cfc9a53784c02b8238d421b7f0d17,2019-05-30_14-38-01,1559252281,8.704591751098633,143.94248151779175,13459,steropes,169.229.49.254,"{'starting_lr': 0.01, 'momentum': 0.997, 'weight_decay': 0.001, 'steps_per_iteration': None, 'pin': False, 'model_creator': None, 'target_batch_size': 1024, 'model_string': 'resnet18', 'min_batch_size': 512, 'dataset': 'CIFAR', 'placement': None, 'use_nccl': True, 'devices_per_worker': 1, 'primary_resource': 'extra_gpu', 'gpu': False, 'verbose': False, 'lr_config': {'mode': 'log', 'steps': 5, 'initial_lr': 0.01, 'target_lr': 0.01}, 'batch_per_device': 1024}",143.94248151779175,0,17,7366.651493393397,1,143.94248151779175
0.0100722074508667,0.14906256198883056,0.005776238441467285,0.040324196523549606,0.03244259357452393,nan,0.0,0.05091350078582764,0.6390999555587769,1.1050776103973388,-0.6390999555587769,nan,0.0,nan,0.0,nan,0.0,0.6596800088882446,0.9573547636222839,nan,0.0,nan,0.0,60000,1,False,,,18,-1.1050776103973388,2e6cfc9a53784c02b8238d421b7f0d17,2019-05-30_14-38-09,1559252289,8.229122638702393,152.17160415649414,13459,steropes,169.229.49.254,"{'starting_lr': 0.01, 'momentum': 0.997, 'weight_decay': 0.001, 'steps_per_iteration': None, 'pin': False, 'model_creator': None, 'target_batch_size': 1024, 'model_string': 'resnet18', 'min_batch_size': 512, 'dataset': 'CIFAR', 'placement': None, 'use_nccl': True, 'devices_per_worker': 1, 'primary_resource': 'extra_gpu', 'gpu': False, 'verbose': False, 'lr_config': {'mode': 'log', 'steps': 5, 'initial_lr': 0.01, 'target_lr': 0.01}, 'batch_per_device': 1024}",152.17160415649414,0,18,7273.259687908909,1,152.17160415649414
0.007485032081604004,0.1408998489379883,0.0067898273468017575,0.05083618358689911,0.025850605964660645,nan,0.0,0.05296356678009033,0.6523999571800232,1.0367115398406983,-0.6523999571800232,nan,0.0,nan,0.0,nan,0.0,0.6739599704742432,0.9242580825614929,nan,0.0,nan,0.0,60000,1,False,,,19,-1.0367115398406983,2e6cfc9a53784c02b8238d421b7f0d17,2019-05-30_14-38-18,1559252298,8.534740686416626,160.70634484291077,13459,steropes,169.229.49.254,"{'starting_lr': 0.01, 'momentum': 0.997, 'weight_decay': 0.001, 'steps_per_iteration': None, 'pin': False, 'model_creator': None, 'target_batch_size': 1024, 'model_string': 'resnet18', 'min_batch_size': 512, 'dataset': 'CIFAR', 'placement': None, 'use_nccl': True, 'devices_per_worker': 1, 'primary_resource': 'extra_gpu', 'gpu': False, 'verbose': False, 'lr_config': {'mode': 'log', 'steps': 5, 'initial_lr': 0.01, 'target_lr': 0.01}, 'batch_per_device': 1024}",160.70634484291077,0,19,7134.450548210637,1,160.70634484291077
0.0077200174331665036,0.1337578535079956,0.00500638484954834,0.05385705889487753,0.034396576881408694,nan,0.0,0.05506312847137451,0.6725999712944031,0.969139088344574,-0.6725999712944031,nan,0.0,nan,0.0,nan,0.0,0.67985999584198,0.9028425611686707,nan,0.0,nan,0.0,60000,1,False,,,20,-0.969139088344574,2e6cfc9a53784c02b8238d421b7f0d17,2019-05-30_14-38-27,1559252307,8.845251321792603,169.55159616470337,13459,steropes,169.229.49.254,"{'starting_lr': 0.01, 'momentum': 0.997, 'weight_decay': 0.001, 'steps_per_iteration': None, 'pin': False, 'model_creator': None, 'target_batch_size': 1024, 'model_string': 'resnet18', 'min_batch_size': 512, 'dataset': 'CIFAR', 'placement': None, 'use_nccl': True, 'devices_per_worker': 1, 'primary_resource': 'extra_gpu', 'gpu': False, 'verbose': False, 'lr_config': {'mode': 'log', 'steps': 5, 'initial_lr': 0.01, 'target_lr': 0.01}, 'batch_per_device': 1024}",169.55159616470337,0,20,7028.513823736108,1,169.55159616470337
0.008373141288757324,0.1328572988510132,0.0065775632858276365,0.050660736706792095,0.023840928077697755,nan,0.0,0.05039224624633789,0.6574999690055847,1.0717818225860596,-0.6574999690055847,nan,0.0,nan,0.0,nan,0.0,0.6864199638366699,0.8883559676361084,nan,0.0,nan,0.0,60000,1,False,,,21,-1.0717818225860596,2e6cfc9a53784c02b8238d421b7f0d17,2019-05-30_14-38-35,1559252315,8.61425495147705,178.16585111618042,13459,steropes,169.229.49.254,"{'starting_lr': 0.01, 'momentum': 0.997, 'weight_decay': 0.001, 'steps_per_iteration': None, 'pin': False, 'model_creator': None, 'target_batch_size': 1024, 'model_string': 'resnet18', 'min_batch_size': 512, 'dataset': 'CIFAR', 'placement': None, 'use_nccl': True, 'devices_per_worker': 1, 'primary_resource': 'extra_gpu', 'gpu': False, 'verbose': False, 'lr_config': {'mode': 'log', 'steps': 5, 'initial_lr': 0.01, 'target_lr': 0.01}, 'batch_per_device': 1024}",178.16585111618042,0,21,6988.369002237427,1,178.16585111618042
0.008105731010437012,0.12398238182067871,0.0050630331039428714,0.05581751161692094,0.023786115646362304,nan,0.0,0.05473251342773437,0.6830999851226807,0.9865571285247803,-0.6830999851226807,nan,0.0,nan,0.0,nan,0.0,0.6900799870491028,0.8934571726799011,nan,0.0,nan,0.0,60000,1,False,,,22,-0.9865571285247803,2e6cfc9a53784c02b8238d421b7f0d17,2019-05-30_14-38-44,1559252324,8.55789065361023,186.72374176979065,13459,steropes,169.229.49.254,"{'starting_lr': 0.01, 'momentum': 0.997, 'weight_decay': 0.001, 'steps_per_iteration': None, 'pin': False, 'model_creator': None, 'target_batch_size': 1024, 'model_string': 'resnet18', 'min_batch_size': 512, 'dataset': 'CIFAR', 'placement': None, 'use_nccl': True, 'devices_per_worker': 1, 'primary_resource': 'extra_gpu', 'gpu': False, 'verbose': False, 'lr_config': {'mode': 'log', 'steps': 5, 'initial_lr': 0.01, 'target_lr': 0.01}, 'batch_per_device': 1024}",186.72374176979065,0,22,7012.330949493806,1,186.72374176979065
0.00843503475189209,0.1285374402999878,0.006785464286804199,0.05497048825633769,0.02460308074951172,nan,0.0,0.06015100479125977,0.7128999829292297,0.8661631669044495,-0.7128999829292297,nan,0.0,nan,0.0,nan,0.0,0.7031399607658386,0.8835137548446655,nan,0.0,nan,0.0,60000,1,False,,,23,-0.8661631669044495,2e6cfc9a53784c02b8238d421b7f0d17,2019-05-30_14-38-53,1559252333,8.719135046005249,195.4428768157959,13459,steropes,169.229.49.254,"{'starting_lr': 0.01, 'momentum': 0.997, 'weight_decay': 0.001, 'steps_per_iteration': None, 'pin': False, 'model_creator': None, 'target_batch_size': 1024, 'model_string': 'resnet18', 'min_batch_size': 512, 'dataset': 'CIFAR', 'placement': None, 'use_nccl': True, 'devices_per_worker': 1, 'primary_resource': 'extra_gpu', 'gpu': False, 'verbose': False, 'lr_config': {'mode': 'log', 'steps': 5, 'initial_lr': 0.01, 'target_lr': 0.01}, 'batch_per_device': 1024}",195.4428768157959,0,23,6932.93591348786,1,195.4428768157959
0.009388947486877441,0.13574557304382323,0.005607318878173828,0.054058999431376556,0.029226922988891603,nan,0.0,0.05280325412750244,0.7057999968528748,0.8602487183570862,-0.7057999968528748,nan,0.0,nan,0.0,nan,0.0,0.7062599658966064,0.8483759853553772,nan,0.0,nan,0.0,60000,1,False,,,24,-0.8602487183570862,2e6cfc9a53784c02b8238d421b7f0d17,2019-05-30_14-39-01,1559252341,8.764145135879517,204.20702195167542,13459,steropes,169.229.49.254,"{'starting_lr': 0.01, 'momentum': 0.997, 'weight_decay': 0.001, 'steps_per_iteration': None, 'pin': False, 'model_creator': None, 'target_batch_size': 1024, 'model_string': 'resnet18', 'min_batch_size': 512, 'dataset': 'CIFAR', 'placement': None, 'use_nccl': True, 'devices_per_worker': 1, 'primary_resource': 'extra_gpu', 'gpu': False, 'verbose': False, 'lr_config': {'mode': 'log', 'steps': 5, 'initial_lr': 0.01, 'target_lr': 0.01}, 'batch_per_device': 1024}",204.20702195167542,0,24,6896.3750929075595,1,204.20702195167542
0.009585833549499512,0.1273634433746338,0.005645632743835449,0.05570089573762855,0.02652583122253418,nan,0.0,0.06069161891937256,0.715399980545044,0.802063701248169,-0.715399980545044,nan,0.0,nan,0.0,nan,0.0,0.7093999981880188,0.8244945896530151,nan,0.0,nan,0.0,60000,1,False,,,25,-0.802063701248169,2e6cfc9a53784c02b8238d421b7f0d17,2019-05-30_14-39-10,1559252350,8.746336221694946,212.95335817337036,13459,steropes,169.229.49.254,"{'starting_lr': 0.01, 'momentum': 0.997, 'weight_decay': 0.001, 'steps_per_iteration': None, 'pin': False, 'model_creator': None, 'target_batch_size': 1024, 'model_string': 'resnet18', 'min_batch_size': 512, 'dataset': 'CIFAR', 'placement': None, 'use_nccl': True, 'devices_per_worker': 1, 'primary_resource': 'extra_gpu', 'gpu': False, 'verbose': False, 'lr_config': {'mode': 'log', 'steps': 5, 'initial_lr': 0.01, 'target_lr': 0.01}, 'batch_per_device': 1024}",212.95335817337036,0,25,6912.078157446255,1,212.95335817337036
0.00745081901550293,0.13472967147827147,0.006340980529785156,0.03967973164149693,0.025085997581481934,nan,0.0,0.055718183517456055,0.7279999852180481,0.7969930471420288,-0.7279999852180481,nan,0.0,nan,0.0,nan,0.0,0.7212199568748474,0.7977534763717652,nan,0.0,nan,0.0,60000,1,False,,,26,-0.7969930471420288,2e6cfc9a53784c02b8238d421b7f0d17,2019-05-30_14-39-18,1559252358,8.036357879638672,220.98971605300903,13459,steropes,169.229.49.254,"{'starting_lr': 0.01, 'momentum': 0.997, 'weight_decay': 0.001, 'steps_per_iteration': None, 'pin': False, 'model_creator': None, 'target_batch_size': 1024, 'model_string': 'resnet18', 'min_batch_size': 512, 'dataset': 'CIFAR', 'placement': None, 'use_nccl': True, 'devices_per_worker': 1, 'primary_resource': 'extra_gpu', 'gpu': False, 'verbose': False, 'lr_config': {'mode': 'log', 'steps': 5, 'initial_lr': 0.01, 'target_lr': 0.01}, 'batch_per_device': 1024}",220.98971605300903,0,26,7005.352019480126,1,220.98971605300903
0.008181142807006835,0.12640159130096434,0.005325579643249511,0.04052502281811773,0.029015254974365235,nan,0.0,0.05720076560974121,0.7306999564170837,0.7632455698013305,-0.7306999564170837,nan,0.0,nan,0.0,nan,0.0,0.7291199564933777,0.7729936804962159,nan,0.0,nan,0.0,60000,1,False,,,27,-0.7632455698013305,2e6cfc9a53784c02b8238d421b7f0d17,2019-05-30_14-39-26,1559252366,7.619670629501343,228.60938668251038,13459,steropes,169.229.49.254,"{'starting_lr': 0.01, 'momentum': 0.997, 'weight_decay': 0.001, 'steps_per_iteration': None, 'pin': False, 'model_creator': None, 'target_batch_size': 1024, 'model_string': 'resnet18', 'min_batch_size': 512, 'dataset': 'CIFAR', 'placement': None, 'use_nccl': True, 'devices_per_worker': 1, 'primary_resource': 'extra_gpu', 'gpu': False, 'verbose': False, 'lr_config': {'mode': 'log', 'steps': 5, 'initial_lr': 0.01, 'target_lr': 0.01}, 'batch_per_device': 1024}",228.60938668251038,0,27,7162.2687744424875,1,228.60938668251038
0.007372474670410157,0.1295269250869751,0.005480718612670898,0.04347613393043985,0.022023797035217285,nan,0.0,0.044371509552001955,0.7315999865531921,0.7820635939598084,-0.7315999865531921,nan,0.0,nan,0.0,nan,0.0,0.7348799705505371,0.754667053565979,nan,0.0,nan,0.0,60000,1,False,,,28,-0.7820635939598084,2e6cfc9a53784c02b8238d421b7f0d17,2019-05-30_14-39-34,1559252374,7.852229118347168,236.46161580085754,13459,steropes,169.229.49.254,"{'starting_lr': 0.01, 'momentum': 0.997, 'weight_decay': 0.001, 'steps_per_iteration': None, 'pin': False, 'model_creator': None, 'target_batch_size': 1024, 'model_string': 'resnet18', 'min_batch_size': 512, 'dataset': 'CIFAR', 'placement': None, 'use_nccl': True, 'devices_per_worker': 1, 'primary_resource': 'extra_gpu', 'gpu': False, 'verbose': False, 'lr_config': {'mode': 'log', 'steps': 5, 'initial_lr': 0.01, 'target_lr': 0.01}, 'batch_per_device': 1024}",236.46161580085754,0,28,7313.637769989,1,236.46161580085754
0.009527873992919923,0.12854223251342772,0.005936837196350098,0.03925277262317891,0.036417698860168456,nan,0.0,0.06298668384552002,0.7347999811172485,0.7707396994590759,-0.7347999811172485,nan,0.0,nan,0.0,nan,0.0,0.7422199845314026,0.7496254366493225,nan,0.0,nan,0.0,60000,1,False,,,29,-0.7707396994590759,2e6cfc9a53784c02b8238d421b7f0d17,2019-05-30_14-39-42,1559252382,8.425392389297485,244.88700819015503,13459,steropes,169.229.49.254,"{'starting_lr': 0.01, 'momentum': 0.997, 'weight_decay': 0.001, 'steps_per_iteration': None, 'pin': False, 'model_creator': None, 'target_batch_size': 1024, 'model_string': 'resnet18', 'min_batch_size': 512, 'dataset': 'CIFAR', 'placement': None, 'use_nccl': True, 'devices_per_worker': 1, 'primary_resource': 'extra_gpu', 'gpu': False, 'verbose': False, 'lr_config': {'mode': 'log', 'steps': 5, 'initial_lr': 0.01, 'target_lr': 0.01}, 'batch_per_device': 1024}",244.88700819015503,0,29,7374.538720344072,1,244.88700819015503
0.009032607078552246,0.1366147518157959,0.005291604995727539,0.03868848450329839,0.02566826343536377,nan,0.0,0.05725538730621338,0.7382999658584595,0.7606263960838318,-0.7382999658584595,nan,0.0,nan,0.0,nan,0.0,0.7350999712944031,0.7578865644836426,nan,0.0,nan,0.0,60000,1,False,,,30,-0.7606263960838318,2e6cfc9a53784c02b8238d421b7f0d17,2019-05-30_14-39-50,1559252390,7.88608717918396,252.773095369339,13459,steropes,169.229.49.254,"{'starting_lr': 0.01, 'momentum': 0.997, 'weight_decay': 0.001, 'steps_per_iteration': None, 'pin': False, 'model_creator': None, 'target_batch_size': 1024, 'model_string': 'resnet18', 'min_batch_size': 512, 'dataset': 'CIFAR', 'placement': None, 'use_nccl': True, 'devices_per_worker': 1, 'primary_resource': 'extra_gpu', 'gpu': False, 'verbose': False, 'lr_config': {'mode': 'log', 'steps': 5, 'initial_lr': 0.01, 'target_lr': 0.01}, 'batch_per_device': 1024}",252.773095369339,0,30,7533.869645061729,1,252.773095369339
0.00750732421875,0.139741849899292,0.004944396018981933,0.04307732290151168,0.025956058502197267,nan,0.0,0.04639699459075928,0.715999960899353,0.829559572315216,-0.715999960899353,nan,0.0,nan,0.0,nan,0.0,0.7418400049209595,0.7444269421195984,nan,0.0,nan,0.0,60000,1,False,,,31,-0.829559572315216,2e6cfc9a53784c02b8238d421b7f0d17,2019-05-30_14-39-58,1559252398,8.407097101211548,261.18019247055054,13459,steropes,169.229.49.254,"{'starting_lr': 0.01, 'momentum': 0.997, 'weight_decay': 0.001, 'steps_per_iteration': None, 'pin': False, 'model_creator': None, 'target_batch_size': 1024, 'model_string': 'resnet18', 'min_batch_size': 512, 'dataset': 'CIFAR', 'placement': None, 'use_nccl': True, 'devices_per_worker': 1, 'primary_resource': 'extra_gpu', 'gpu': False, 'verbose': False, 'lr_config': {'mode': 'log', 'steps': 5, 'initial_lr': 0.01, 'target_lr': 0.01}, 'batch_per_device': 1024}",261.18019247055054,0,31,7464.376070935311,1,261.18019247055054
0.008675551414489746,0.12932021617889405,0.006168866157531738,0.040214353678177814,0.024977636337280274,nan,0.0,0.0469512939453125,0.7382000088691711,0.7942547908782959,-0.7382000088691711,nan,0.0,nan,0.0,nan,0.0,0.7475199699401855,0.7332821931648255,nan,0.0,nan,0.0,60000,1,False,,,32,-0.7942547908782959,2e6cfc9a53784c02b8238d421b7f0d17,2019-05-30_14-40-06,1559252406,7.962439298629761,269.1426317691803,13459,steropes,169.229.49.254,"{'starting_lr': 0.01, 'momentum': 0.997, 'weight_decay': 0.001, 'steps_per_iteration': None, 'pin': False, 'model_creator': None, 'target_batch_size': 1024, 'model_string': 'resnet18', 'min_batch_size': 512, 'dataset': 'CIFAR', 'placement': None, 'use_nccl': True, 'devices_per_worker': 1, 'primary_resource': 'extra_gpu', 'gpu': False, 'verbose': False, 'lr_config': {'mode': 'log', 'steps': 5, 'initial_lr': 0.01, 'target_lr': 0.01}, 'batch_per_device': 1024}",269.1426317691803,0,32,7401.255238845141,1,269.1426317691803
0.007196235656738281,0.12275352478027343,0.004569911956787109,0.03944611062808913,0.02578129768371582,nan,0.0,0.05016844272613526,0.7366999983787537,0.7852893432617187,-0.7366999983787537,nan,0.0,nan,0.0,nan,0.0,0.7517799735069275,0.719105512599945,nan,0.0,nan,0.0,60000,1,False,,,33,-0.7852893432617187,2e6cfc9a53784c02b8238d421b7f0d17,2019-05-30_14-40-14,1559252414,7.974242448806763,277.11687421798706,13459,steropes,169.229.49.254,"{'starting_lr': 0.01, 'momentum': 0.997, 'weight_decay': 0.001, 'steps_per_iteration': None, 'pin': False, 'model_creator': None, 'target_batch_size': 1024, 'model_string': 'resnet18', 'min_batch_size': 512, 'dataset': 'CIFAR', 'placement': None, 'use_nccl': True, 'devices_per_worker': 1, 'primary_resource': 'extra_gpu', 'gpu': False, 'verbose': False, 'lr_config': {'mode': 'log', 'steps': 5, 'initial_lr': 0.01, 'target_lr': 0.01}, 'batch_per_device': 1024}",277.11687421798706,0,33,7379.043304772372,1,277.11687421798706
0.007401418685913086,0.1200141429901123,0.0059938192367553714,0.03798064407037229,0.02609090805053711,nan,0.0,0.05136706829071045,0.7373999953269958,0.7716090768814087,-0.7373999953269958,nan,0.0,nan,0.0,nan,0.0,0.7535799741744995,0.7108818515205383,nan,0.0,nan,0.0,60000,1,False,,,34,-0.7716090768814087,2e6cfc9a53784c02b8238d421b7f0d17,2019-05-30_14-40-22,1559252422,8.028852939605713,285.1457271575928,13459,steropes,169.229.49.254,"{'starting_lr': 0.01, 'momentum': 0.997, 'weight_decay': 0.001, 'steps_per_iteration': None, 'pin': False, 'model_creator': None, 'target_batch_size': 1024, 'model_string': 'resnet18', 'min_batch_size': 512, 'dataset': 'CIFAR', 'placement': None, 'use_nccl': True, 'devices_per_worker': 1, 'primary_resource': 'extra_gpu', 'gpu': False, 'verbose': False, 'lr_config': {'mode': 'log', 'steps': 5, 'initial_lr': 0.01, 'target_lr': 0.01}, 'batch_per_device': 1024}",285.1457271575928,0,34,7451.724047445458,1,285.1457271575928
0.007354211807250976,0.12216365337371826,0.00507805347442627,0.03762934159259407,0.02786691188812256,nan,0.0,0.054899978637695315,0.7142999768257141,0.8330897644042968,-0.7142999768257141,nan,0.0,nan,0.0,nan,0.0,0.7524600028991699,0.7089062419319153,nan,0.0,nan,0.0,60000,1,False,,,35,-0.8330897644042968,2e6cfc9a53784c02b8238d421b7f0d17,2019-05-30_14-40-30,1559252430,7.898141622543335,293.0438687801361,13459,steropes,169.229.49.254,"{'starting_lr': 0.01, 'momentum': 0.997, 'weight_decay': 0.001, 'steps_per_iteration': None, 'pin': False, 'model_creator': None, 'target_batch_size': 1024, 'model_string': 'resnet18', 'min_batch_size': 512, 'dataset': 'CIFAR', 'placement': None, 'use_nccl': True, 'devices_per_worker': 1, 'primary_resource': 'extra_gpu', 'gpu': False, 'verbose': False, 'lr_config': {'mode': 'log', 'steps': 5, 'initial_lr': 0.01, 'target_lr': 0.01}, 'batch_per_device': 1024}",293.0438687801361,0,35,7449.493775147509,1,293.0438687801361
0.007992959022521973,0.12732837200164795,0.005467081069946289,0.041242054530552456,0.022988176345825194,nan,0.0,0.05062580108642578,0.7437999844551086,0.7599511771202088,-0.7437999844551086,nan,0.0,nan,0.0,nan,0.0,0.7604999542236328,0.6864303450965882,nan,0.0,nan,0.0,60000,1,False,,,36,-0.7599511771202088,2e6cfc9a53784c02b8238d421b7f0d17,2019-05-30_14-40-38,1559252438,8.075414180755615,301.1192829608917,13459,steropes,169.229.49.254,"{'starting_lr': 0.01, 'momentum': 0.997, 'weight_decay': 0.001, 'steps_per_iteration': None, 'pin': False, 'model_creator': None, 'target_batch_size': 1024, 'model_string': 'resnet18', 'min_batch_size': 512, 'dataset': 'CIFAR', 'placement': None, 'use_nccl': True, 'devices_per_worker': 1, 'primary_resource': 'extra_gpu', 'gpu': False, 'verbose': False, 'lr_config': {'mode': 'log', 'steps': 5, 'initial_lr': 0.01, 'target_lr': 0.01}, 'batch_per_device': 1024}",301.1192829608917,0,36,7511.355445478577,1,301.1192829608917
0.008172059059143066,0.11761269569396973,0.006436491012573242,0.038236768878236106,0.024059581756591796,nan,0.0,0.045464062690734865,0.7387999892234802,0.7906420483589173,-0.7387999892234802,nan,0.0,nan,0.0,nan,0.0,0.7655799984931946,0.6741870334815979,nan,0.0,nan,0.0,60000,1,False,,,37,-0.7906420483589173,2e6cfc9a53784c02b8238d421b7f0d17,2019-05-30_14-40-46,1559252446,7.894664525985718,309.01394748687744,13459,steropes,169.229.49.254,"{'starting_lr': 0.01, 'momentum': 0.997, 'weight_decay': 0.001, 'steps_per_iteration': None, 'pin': False, 'model_creator': None, 'target_batch_size': 1024, 'model_string': 'resnet18', 'min_batch_size': 512, 'dataset': 'CIFAR', 'placement': None, 'use_nccl': True, 'devices_per_worker': 1, 'primary_resource': 'extra_gpu', 'gpu': False, 'verbose': False, 'lr_config': {'mode': 'log', 'steps': 5, 'initial_lr': 0.01, 'target_lr': 0.01}, 'batch_per_device': 1024}",309.01394748687744,0,37,7524.107554506166,1,309.01394748687744
0.008655905723571777,0.1210294485092163,0.005666589736938477,0.03451268040404028,0.030677437782287598,nan,0.0,0.04948868751525879,0.757099986076355,0.706737202835083,-0.757099986076355,nan,0.0,nan,0.0,nan,0.0,0.7691400051116943,0.6681572270011902,nan,0.0,nan,0.0,60000,1,False,,,38,-0.706737202835083,2e6cfc9a53784c02b8238d421b7f0d17,2019-05-30_14-40-54,1559252454,8.075176477432251,317.0891239643097,13459,steropes,169.229.49.254,"{'starting_lr': 0.01, 'momentum': 0.997, 'weight_decay': 0.001, 'steps_per_iteration': None, 'pin': False, 'model_creator': None, 'target_batch_size': 1024, 'model_string': 'resnet18', 'min_batch_size': 512, 'dataset': 'CIFAR', 'placement': None, 'use_nccl': True, 'devices_per_worker': 1, 'primary_resource': 'extra_gpu', 'gpu': False, 'verbose': False, 'lr_config': {'mode': 'log', 'steps': 5, 'initial_lr': 0.01, 'target_lr': 0.01}, 'batch_per_device': 1024}",317.0891239643097,0,38,7505.108749476173,1,317.0891239643097
0.007588934898376465,0.12051186561584473,0.00475623607635498,0.029488539209171216,0.02710123062133789,nan,0.0,0.04943408966064453,0.7609999775886536,0.7001233150482178,-0.7609999775886536,nan,0.0,nan,0.0,nan,0.0,0.7717399597167969,0.6599429985046387,nan,0.0,nan,0.0,60000,1,False,,,39,-0.7001233150482178,2e6cfc9a53784c02b8238d421b7f0d17,2019-05-30_14-41-02,1559252462,7.850808620452881,324.9399325847626,13459,steropes,169.229.49.254,"{'starting_lr': 0.01, 'momentum': 0.997, 'weight_decay': 0.001, 'steps_per_iteration': None, 'pin': False, 'model_creator': None, 'target_batch_size': 1024, 'model_string': 'resnet18', 'min_batch_size': 512, 'dataset': 'CIFAR', 'placement': None, 'use_nccl': True, 'devices_per_worker': 1, 'primary_resource': 'extra_gpu', 'gpu': False, 'verbose': False, 'lr_config': {'mode': 'log', 'steps': 5, 'initial_lr': 0.01, 'target_lr': 0.01}, 'batch_per_device': 1024}",324.9399325847626,0,39,7538.6886523836865,1,324.9399325847626
0.00822594165802002,0.1197965145111084,0.00474097728729248,0.042371297369197924,0.022007155418395995,nan,0.0,0.04654772281646728,0.7516999840736389,0.7383541270256042,-0.7516999840736389,nan,0.0,nan,0.0,nan,0.0,0.7733799815177917,0.6502692164039612,nan,0.0,nan,0.0,60000,1,False,,,40,-0.7383541270256042,2e6cfc9a53784c02b8238d421b7f0d17,2019-05-30_14-41-10,1559252470,7.916030645370483,332.85596323013306,13459,steropes,169.229.49.254,"{'starting_lr': 0.01, 'momentum': 0.997, 'weight_decay': 0.001, 'steps_per_iteration': None, 'pin': False, 'model_creator': None, 'target_batch_size': 1024, 'model_string': 'resnet18', 'min_batch_size': 512, 'dataset': 'CIFAR', 'placement': None, 'use_nccl': True, 'devices_per_worker': 1, 'primary_resource': 'extra_gpu', 'gpu': False, 'verbose': False, 'lr_config': {'mode': 'log', 'steps': 5, 'initial_lr': 0.01, 'target_lr': 0.01}, 'batch_per_device': 1024}",332.85596323013306,0,40,7535.30101821774,1,332.85596323013306
0.00835106372833252,0.11916768550872803,0.005587339401245117,0.03848042780039262,0.027660059928894042,nan,0.0,0.05415782928466797,0.7619999647140503,0.7003232168197632,-0.7619999647140503,nan,0.0,nan,0.0,nan,0.0,0.7776399850845337,0.6417719185066223,nan,0.0,nan,0.0,60000,1,False,,,41,-0.7003232168197632,2e6cfc9a53784c02b8238d421b7f0d17,2019-05-30_14-41-18,1559252478,7.899936199188232,340.7558994293213,13459,steropes,169.229.49.254,"{'starting_lr': 0.01, 'momentum': 0.997, 'weight_decay': 0.001, 'steps_per_iteration': None, 'pin': False, 'model_creator': None, 'target_batch_size': 1024, 'model_string': 'resnet18', 'min_batch_size': 512, 'dataset': 'CIFAR', 'placement': None, 'use_nccl': True, 'devices_per_worker': 1, 'primary_resource': 'extra_gpu', 'gpu': False, 'verbose': False, 'lr_config': {'mode': 'log', 'steps': 5, 'initial_lr': 0.01, 'target_lr': 0.01}, 'batch_per_device': 1024}",340.7558994293213,0,41,7568.665412219119,1,340.7558994293213
0.007361483573913574,0.1185105562210083,0.004395246505737305,0.03790512863470583,0.02576618194580078,nan,0.0,0.04558594226837158,0.7378999590873718,0.7795926737785339,-0.7378999590873718,nan,0.0,nan,0.0,nan,0.0,0.7792199850082397,0.641734010810852,nan,0.0,nan,0.0,60000,1,False,,,42,-0.7795926737785339,2e6cfc9a53784c02b8238d421b7f0d17,2019-05-30_14-41-26,1559252486,8.043251037597656,348.79915046691895,13459,steropes,169.229.49.254,"{'starting_lr': 0.01, 'momentum': 0.997, 'weight_decay': 0.001, 'steps_per_iteration': None, 'pin': False, 'model_creator': None, 'target_batch_size': 1024, 'model_string': 'resnet18', 'min_batch_size': 512, 'dataset': 'CIFAR', 'placement': None, 'use_nccl': True, 'devices_per_worker': 1, 'primary_resource': 'extra_gpu', 'gpu': False, 'verbose': False, 'lr_config': {'mode': 'log', 'steps': 5, 'initial_lr': 0.01, 'target_lr': 0.01}, 'batch_per_device': 1024}",348.79915046691895,0,42,7540.414564620831,1,348.79915046691895
0.009117531776428222,0.13827290534973144,0.006019878387451172,0.029326151828376616,0.03271453380584717,nan,0.0,0.04939312934875488,0.7620999813079834,0.712859495639801,-0.7620999813079834,nan,0.0,nan,0.0,nan,0.0,0.7770000100135803,0.6449251320648194,nan,0.0,nan,0.0,60000,1,False,,,43,-0.712859495639801,2e6cfc9a53784c02b8238d421b7f0d17,2019-05-30_14-41-34,1559252494,8.091370820999146,356.8905212879181,13459,steropes,169.229.49.254,"{'starting_lr': 0.01, 'momentum': 0.997, 'weight_decay': 0.001, 'steps_per_iteration': None, 'pin': False, 'model_creator': None, 'target_batch_size': 1024, 'model_string': 'resnet18', 'min_batch_size': 512, 'dataset': 'CIFAR', 'placement': None, 'use_nccl': True, 'devices_per_worker': 1, 'primary_resource': 'extra_gpu', 'gpu': False, 'verbose': False, 'lr_config': {'mode': 'log', 'steps': 5, 'initial_lr': 0.01, 'target_lr': 0.01}, 'batch_per_device': 1024}",356.8905212879181,0,43,7537.334280741087,1,356.8905212879181
0.009165191650390625,0.12136445045471192,0.005888152122497559,0.03458766548001036,0.02884674072265625,nan,0.0,0.051282835006713864,0.7414999604225159,0.7656684942245483,-0.7414999604225159,nan,0.0,nan,0.0,nan,0.0,0.7807799577713013,0.6361220088577271,nan,0.0,nan,0.0,60000,1,False,,,44,-0.7656684942245483,2e6cfc9a53784c02b8238d421b7f0d17,2019-05-30_14-41-42,1559252502,7.833597898483276,364.72411918640137,13459,steropes,169.229.49.254,"{'starting_lr': 0.01, 'momentum': 0.997, 'weight_decay': 0.001, 'steps_per_iteration': None, 'pin': False, 'model_creator': None, 'target_batch_size': 1024, 'model_string': 'resnet18', 'min_batch_size': 512, 'dataset': 'CIFAR', 'placement': None, 'use_nccl': True, 'devices_per_worker': 1, 'primary_resource': 'extra_gpu', 'gpu': False, 'verbose': False, 'lr_config': {'mode': 'log', 'steps': 5, 'initial_lr': 0.01, 'target_lr': 0.01}, 'batch_per_device': 1024}",364.72411918640137,0,44,7540.596128593837,1,364.72411918640137
0.007471799850463867,0.12136640548706054,0.004841160774230957,0.055097044730673034,0.023196697235107422,nan,0.0,0.04479799270629883,0.7676999568939209,0.6857462356567383,-0.7676999568939209,nan,0.0,nan,0.0,nan,0.0,0.7784199714660645,0.6397564962959289,nan,0.0,nan,0.0,60000,1,False,,,45,-0.6857462356567383,2e6cfc9a53784c02b8238d421b7f0d17,2019-05-30_14-41-51,1559252511,8.637340784072876,373.36145997047424,13459,steropes,169.229.49.254,"{'starting_lr': 0.01, 'momentum': 0.997, 'weight_decay': 0.001, 'steps_per_iteration': None, 'pin': False, 'model_creator': None, 'target_batch_size': 1024, 'model_string': 'resnet18', 'min_batch_size': 512, 'dataset': 'CIFAR', 'placement': None, 'use_nccl': True, 'devices_per_worker': 1, 'primary_resource': 'extra_gpu', 'gpu': False, 'verbose': False, 'lr_config': {'mode': 'log', 'steps': 5, 'initial_lr': 0.01, 'target_lr': 0.01}, 'batch_per_device': 1024}",373.36145997047424,0,45,7406.316882016612,1,373.36145997047424
0.007852911949157715,0.1277378797531128,0.006167769432067871,0.04008148154433893,0.024200057983398436,nan,0.0,0.047628045082092285,0.7608999609947205,0.6982451173782349,-0.7608999609947205,nan,0.0,nan,0.0,nan,0.0,0.7775799632072449,0.6416153346252441,nan,0.0,nan,0.0,60000,1,False,,,46,-0.6982451173782349,2e6cfc9a53784c02b8238d421b7f0d17,2019-05-30_14-41-59,1559252519,8.644296169281006,382.00575613975525,13459,steropes,169.229.49.254,"{'starting_lr': 0.01, 'momentum': 0.997, 'weight_decay': 0.001, 'steps_per_iteration': None, 'pin': False, 'model_creator': None, 'target_batch_size': 1024, 'model_string': 'resnet18', 'min_batch_size': 512, 'dataset': 'CIFAR', 'placement': None, 'use_nccl': True, 'devices_per_worker': 1, 'primary_resource': 'extra_gpu', 'gpu': False, 'verbose': False, 'lr_config': {'mode': 'log', 'steps': 5, 'initial_lr': 0.01, 'target_lr': 0.01}, 'batch_per_device': 1024}",382.00575613975525,0,46,7272.668970328465,1,382.00575613975525
0.007401394844055176,0.12639243602752687,0.0057496786117553714,0.04247938856786611,0.025068140029907225,nan,0.0,0.04765462875366211,0.7434999942779541,0.7566105278968811,-0.7434999942779541,nan,0.0,nan,0.0,nan,0.0,0.7774199843406677,0.6458500016212463,nan,0.0,nan,0.0,60000,1,False,,,47,-0.7566105278968811,2e6cfc9a53784c02b8238d421b7f0d17,2019-05-30_14-42-08,1559252528,8.485262393951416,390.49101853370667,13459,steropes,169.229.49.254,"{'starting_lr': 0.01, 'momentum': 0.997, 'weight_decay': 0.001, 'steps_per_iteration': None, 'pin': False, 'model_creator': None, 'target_batch_size': 1024, 'model_string': 'resnet18', 'min_batch_size': 512, 'dataset': 'CIFAR', 'placement': None, 'use_nccl': True, 'devices_per_worker': 1, 'primary_resource': 'extra_gpu', 'gpu': False, 'verbose': False, 'lr_config': {'mode': 'log', 'steps': 5, 'initial_lr': 0.01, 'target_lr': 0.01}, 'batch_per_device': 1024}",390.49101853370667,0,47,7195.566644457069,1,390.49101853370667
0.0070308208465576175,0.1245814323425293,0.004610371589660644,0.03416225374961386,0.027883291244506836,nan,0.0,0.05654265880584717,0.7515999674797058,0.7365047679901123,-0.7515999674797058,nan,0.0,nan,0.0,nan,0.0,0.7744399905204773,0.6547008700942993,nan,0.0,nan,0.0,60000,1,False,,,48,-0.7365047679901123,2e6cfc9a53784c02b8238d421b7f0d17,2019-05-30_14-42-16,1559252536,7.907563924789429,398.3985824584961,13459,steropes,169.229.49.254,"{'starting_lr': 0.01, 'momentum': 0.997, 'weight_decay': 0.001, 'steps_per_iteration': None, 'pin': False, 'model_creator': None, 'target_batch_size': 1024, 'model_string': 'resnet18', 'min_batch_size': 512, 'dataset': 'CIFAR', 'placement': None, 'use_nccl': True, 'devices_per_worker': 1, 'primary_resource': 'extra_gpu', 'gpu': False, 'verbose': False, 'lr_config': {'mode': 'log', 'steps': 5, 'initial_lr': 0.01, 'target_lr': 0.01}, 'batch_per_device': 1024}",398.3985824584961,0,48,7227.439478630938,1,398.3985824584961
0.008823347091674805,0.12073049545288086,0.006708168983459472,0.04056424997290786,0.030524086952209473,nan,0.0,0.06030402183532715,0.7590999603271484,0.728877442073822,-0.7590999603271484,nan,0.0,nan,0.0,nan,0.0,0.7777799963951111,0.6474864036941528,nan,0.0,nan,0.0,60000,1,False,,,49,-0.728877442073822,2e6cfc9a53784c02b8238d421b7f0d17,2019-05-30_14-42-24,1559252544,8.469294786453247,406.86787724494934,13459,steropes,169.229.49.254,"{'starting_lr': 0.01, 'momentum': 0.997, 'weight_decay': 0.001, 'steps_per_iteration': None, 'pin': False, 'model_creator': None, 'target_batch_size': 1024, 'model_string': 'resnet18', 'min_batch_size': 512, 'dataset': 'CIFAR', 'placement': None, 'use_nccl': True, 'devices_per_worker': 1, 'primary_resource': 'extra_gpu', 'gpu': False, 'verbose': False, 'lr_config': {'mode': 'log', 'steps': 5, 'initial_lr': 0.01, 'target_lr': 0.01}, 'batch_per_device': 1024}",406.86787724494934,0,49,7118.420249307455,1,406.86787724494934
0.007414603233337402,0.12178354263305664,0.004935431480407715,0.03743238351782974,0.02841904163360596,nan,0.0,0.05579731464385986,0.7608999609947205,0.7047212635040283,-0.7608999609947205,nan,0.0,nan,0.0,nan,0.0,0.7806800007820129,0.6396085496520996,nan,0.0,nan,0.0,60000,1,False,,,50,-0.7047212635040283,2e6cfc9a53784c02b8238d421b7f0d17,2019-05-30_14-42-32,1559252552,7.648329734802246,414.5162069797516,13459,steropes,169.229.49.254,"{'starting_lr': 0.01, 'momentum': 0.997, 'weight_decay': 0.001, 'steps_per_iteration': None, 'pin': False, 'model_creator': None, 'target_batch_size': 1024, 'model_string': 'resnet18', 'min_batch_size': 512, 'dataset': 'CIFAR', 'placement': None, 'use_nccl': True, 'devices_per_worker': 1, 'primary_resource': 'extra_gpu', 'gpu': False, 'verbose': False, 'lr_config': {'mode': 'log', 'steps': 5, 'initial_lr': 0.01, 'target_lr': 0.01}, 'batch_per_device': 1024}",414.5162069797516,0,50,7289.4814688446695,1,414.5162069797516
0.007233381271362305,0.12080652713775634,0.004308867454528809,0.033524440259349586,0.026616287231445313,nan,0.0,0.04740352630615234,0.7584999799728394,0.7022318921089172,-0.7584999799728394,nan,0.0,nan,0.0,nan,0.0,0.7834599614143372,0.625296108455658,nan,0.0,nan,0.0,60000,1,False,,,51,-0.7022318921089172,2e6cfc9a53784c02b8238d421b7f0d17,2019-05-30_14-42-40,1559252560,7.655529260635376,422.17173624038696,13459,steropes,169.229.49.254,"{'starting_lr': 0.01, 'momentum': 0.997, 'weight_decay': 0.001, 'steps_per_iteration': None, 'pin': False, 'model_creator': None, 'target_batch_size': 1024, 'model_string': 'resnet18', 'min_batch_size': 512, 'dataset': 'CIFAR', 'placement': None, 'use_nccl': True, 'devices_per_worker': 1, 'primary_resource': 'extra_gpu', 'gpu': False, 'verbose': False, 'lr_config': {'mode': 'log', 'steps': 5, 'initial_lr': 0.01, 'target_lr': 0.01}, 'batch_per_device': 1024}",422.17173624038696,0,51,7468.92562715582,1,422.17173624038696
0.007654452323913574,0.12076344490051269,0.004813790321350098,0.057290938435768594,0.022000741958618165,nan,0.0,0.045716166496276855,0.7497000098228455,0.7559015114784241,-0.7497000098228455,nan,0.0,nan,0.0,nan,0.0,0.7815799713134766,0.6335236938667297,nan,0.0,nan,0.0,60000,1,False,,,52,-0.7559015114784241,2e6cfc9a53784c02b8238d421b7f0d17,2019-05-30_14-42-48,1559252568,8.765959024429321,430.9376952648163,13459,steropes,169.229.49.254,"{'starting_lr': 0.01, 'momentum': 0.997, 'weight_decay': 0.001, 'steps_per_iteration': None, 'pin': False, 'model_creator': None, 'target_batch_size': 1024, 'model_string': 'resnet18', 'min_batch_size': 512, 'dataset': 'CIFAR', 'placement': None, 'use_nccl': True, 'devices_per_worker': 1, 'primary_resource': 'extra_gpu', 'gpu': False, 'verbose': False, 'lr_config': {'mode': 'log', 'steps': 5, 'initial_lr': 0.01, 'target_lr': 0.01}, 'batch_per_device': 1024}",430.9376952648163,0,52,7417.091844817179,1,430.9376952648163
0.00801539421081543,0.12340617179870605,0.004851293563842773,0.03596800687361737,0.024550032615661622,nan,0.0,0.04955313205718994,0.7601999640464783,0.7087210333824158,-0.7601999640464783,nan,0.0,nan,0.0,nan,0.0,0.7872200012207031,0.6192476711463928,nan,0.0,nan,0.0,60000,1,False,,,53,-0.7087210333824158,2e6cfc9a53784c02b8238d421b7f0d17,2019-05-30_14-42-57,1559252577,8.656197309494019,439.5938925743103,13459,steropes,169.229.49.254,"{'starting_lr': 0.01, 'momentum': 0.997, 'weight_decay': 0.001, 'steps_per_iteration': None, 'pin': False, 'model_creator': None, 'target_batch_size': 1024, 'model_string': 'resnet18', 'min_batch_size': 512, 'dataset': 'CIFAR', 'placement': None, 'use_nccl': True, 'devices_per_worker': 1, 'primary_resource': 'extra_gpu', 'gpu': False, 'verbose': False, 'lr_config': {'mode': 'log', 'steps': 5, 'initial_lr': 0.01, 'target_lr': 0.01}, 'batch_per_device': 1024}",439.5938925743103,0,53,7282.304354125607,1,439.5938925743103
0.011331534385681153,0.12304482460021973,0.004990267753601074,0.03450468608311245,0.03658039569854736,nan,0.0,0.05722532272338867,0.7687999606132507,0.6895896538734436,-0.7687999606132507,nan,0.0,nan,0.0,nan,0.0,0.7907199859619141,0.6097069546508789,nan,0.0,nan,0.0,60000,1,False,,,54,-0.6895896538734436,2e6cfc9a53784c02b8238d421b7f0d17,2019-05-30_14-43-05,1559252585,8.359757661819458,447.95365023612976,13459,steropes,169.229.49.254,"{'starting_lr': 0.01, 'momentum': 0.997, 'weight_decay': 0.001, 'steps_per_iteration': None, 'pin': False, 'model_creator': None, 'target_batch_size': 1024, 'model_string': 'resnet18', 'min_batch_size': 512, 'dataset': 'CIFAR', 'placement': None, 'use_nccl': True, 'devices_per_worker': 1, 'primary_resource': 'extra_gpu', 'gpu': False, 'verbose': False, 'lr_config': {'mode': 'log', 'steps': 5, 'initial_lr': 0.01, 'target_lr': 0.01}, 'batch_per_device': 1024}",447.95365023612976,0,54,7301.71861073349,1,447.95365023612976
0.008171772956848145,0.14318447113037108,0.006488275527954101,0.03509222244729801,0.03097052574157715,nan,0.0,0.06672604084014892,0.7825999855995178,0.6347778088569641,-0.7825999855995178,nan,0.0,nan,0.0,nan,0.0,0.79093998670578,0.6012766365432739,nan,0.0,nan,0.0,60000,1,False,,,55,-0.6347778088569641,2e6cfc9a53784c02b8238d421b7f0d17,2019-05-30_14-43-14,1559252594,8.465647459030151,456.4192976951599,13459,steropes,169.229.49.254,"{'starting_lr': 0.01, 'momentum': 0.997, 'weight_decay': 0.001, 'steps_per_iteration': None, 'pin': False, 'model_creator': None, 'target_batch_size': 1024, 'model_string': 'resnet18', 'min_batch_size': 512, 'dataset': 'CIFAR', 'placement': None, 'use_nccl': True, 'devices_per_worker': 1, 'primary_resource': 'extra_gpu', 'gpu': False, 'verbose': False, 'lr_config': {'mode': 'log', 'steps': 5, 'initial_lr': 0.01, 'target_lr': 0.01}, 'batch_per_device': 1024}",456.4192976951599,0,55,7159.304003362524,1,456.4192976951599
0.00857405662536621,0.12858166694641113,0.004679036140441894,0.0413727127775854,0.023997235298156738,nan,0.0,0.049445366859436034,0.7752000093460083,0.6767010015487671,-0.7752000093460083,nan,0.0,nan,0.0,nan,0.0,0.7934799790382385,0.6017619812583923,nan,0.0,nan,0.0,60000,1,False,,,56,-0.6767010015487671,2e6cfc9a53784c02b8238d421b7f0d17,2019-05-30_14-43-22,1559252602,8.203860998153687,464.6231586933136,13459,steropes,169.229.49.254,"{'starting_lr': 0.01, 'momentum': 0.997, 'weight_decay': 0.001, 'steps_per_iteration': None, 'pin': False, 'model_creator': None, 'target_batch_size': 1024, 'model_string': 'resnet18', 'min_batch_size': 512, 'dataset': 'CIFAR', 'placement': None, 'use_nccl': True, 'devices_per_worker': 1, 'primary_resource': 'extra_gpu', 'gpu': False, 'verbose': False, 'lr_config': {'mode': 'log', 'steps': 5, 'initial_lr': 0.01, 'target_lr': 0.01}, 'batch_per_device': 1024}",464.6231586933136,0,56,7066.82944544169,1,464.6231586933136
0.01015615463256836,0.13840365409851074,0.005744338035583496,0.037684031895228794,0.03555588722229004,nan,0.0,0.046743464469909665,0.7739999890327454,0.681794683265686,-0.7739999890327454,nan,0.0,nan,0.0,nan,0.0,0.7931999564170837,0.5975552987861633,nan,0.0,nan,0.0,60000,1,False,,,57,-0.681794683265686,2e6cfc9a53784c02b8238d421b7f0d17,2019-05-30_14-43-30,1559252610,8.039029121398926,472.6621878147125,13459,steropes,169.229.49.254,"{'starting_lr': 0.01, 'momentum': 0.997, 'weight_decay': 0.001, 'steps_per_iteration': None, 'pin': False, 'model_creator': None, 'target_batch_size': 1024, 'model_string': 'resnet18', 'min_batch_size': 512, 'dataset': 'CIFAR', 'placement': None, 'use_nccl': True, 'devices_per_worker': 1, 'primary_resource': 'extra_gpu', 'gpu': False, 'verbose': False, 'lr_config': {'mode': 'log', 'steps': 5, 'initial_lr': 0.01, 'target_lr': 0.01}, 'batch_per_device': 1024}",472.6621878147125,0,57,7189.946803564028,1,472.6621878147125
0.007454586029052734,0.11896960735321045,0.0074989557266235355,0.03934241314323581,0.02821073532104492,nan,0.0,0.05320284366607666,0.7737999558448792,0.6608022868156433,-0.7737999558448792,nan,0.0,nan,0.0,nan,0.0,0.7939199805259705,0.6018796130752564,nan,0.0,nan,0.0,60000,1,False,,,58,-0.6608022868156433,2e6cfc9a53784c02b8238d421b7f0d17,2019-05-30_14-43-38,1559252618,7.975493431091309,480.63768124580383,13459,steropes,169.229.49.254,"{'starting_lr': 0.01, 'momentum': 0.997, 'weight_decay': 0.001, 'steps_per_iteration': None, 'pin': False, 'model_creator': None, 'target_batch_size': 1024, 'model_string': 'resnet18', 'min_batch_size': 512, 'dataset': 'CIFAR', 'placement': None, 'use_nccl': True, 'devices_per_worker': 1, 'primary_resource': 'extra_gpu', 'gpu': False, 'verbose': False, 'lr_config': {'mode': 'log', 'steps': 5, 'initial_lr': 0.01, 'target_lr': 0.01}, 'batch_per_device': 1024}",480.63768124580383,0,58,7309.1903293072055,1,480.63768124580383
0.00717473030090332,0.12704339027404785,0.0052182674407958984,0.03581766692959532,0.0244159460067749,nan,0.0,0.05352914333343506,0.7678999900817871,0.6944428407669068,-0.7678999900817871,nan,0.0,nan,0.0,nan,0.0,0.79339998960495,0.5979291117095947,nan,0.0,nan,0.0,60000,1,False,,,59,-0.6944428407669068,2e6cfc9a53784c02b8238d421b7f0d17,2019-05-30_14-43-46,1559252626,8.080992698669434,488.71867394447327,13459,steropes,169.229.49.254,"{'starting_lr': 0.01, 'momentum': 0.997, 'weight_decay': 0.001, 'steps_per_iteration': None, 'pin': False, 'model_creator': None, 'target_batch_size': 1024, 'model_string': 'resnet18', 'min_batch_size': 512, 'dataset': 'CIFAR', 'placement': None, 'use_nccl': True, 'devices_per_worker': 1, 'primary_resource': 'extra_gpu', 'gpu': False, 'verbose': False, 'lr_config': {'mode': 'log', 'steps': 5, 'initial_lr': 0.01, 'target_lr': 0.01}, 'batch_per_device': 1024}",488.71867394447327,0,59,7359.174531475137,1,488.71867394447327
0.007486271858215332,0.13255908489227294,0.008239316940307616,0.03971459427658392,0.032499384880065915,nan,0.0,0.06124753952026367,0.7763999700546265,0.6722604609489441,-0.7763999700546265,nan,0.0,nan,0.0,nan,0.0,0.7912999987602234,0.6046790407371521,nan,0.0,nan,0.0,60000,1,False,,,60,-0.6722604609489441,2e6cfc9a53784c02b8238d421b7f0d17,2019-05-30_14-43-54,1559252634,8.244977474212646,496.9636514186859,13459,steropes,169.229.49.254,"{'starting_lr': 0.01, 'momentum': 0.997, 'weight_decay': 0.001, 'steps_per_iteration': None, 'pin': False, 'model_creator': None, 'target_batch_size': 1024, 'model_string': 'resnet18', 'min_batch_size': 512, 'dataset': 'CIFAR', 'placement': None, 'use_nccl': True, 'devices_per_worker': 1, 'primary_resource': 'extra_gpu', 'gpu': False, 'verbose': False, 'lr_config': {'mode': 'log', 'steps': 5, 'initial_lr': 0.01, 'target_lr': 0.01}, 'batch_per_device': 1024}",496.9636514186859,0,60,7399.228149789157,1,496.9636514186859
0.007159686088562012,0.12627272605895995,0.007254338264465332,0.036561031730807554,0.03195929527282715,nan,0.0,0.056464314460754395,0.7734999656677246,0.6671124743461609,-0.7734999656677246,nan,0.0,nan,0.0,nan,0.0,0.7948600053787231,0.5934431077384948,nan,0.0,nan,0.0,60000,1,False,,,61,-0.6671124743461609,2e6cfc9a53784c02b8238d421b7f0d17,2019-05-30_14-44-03,1559252643,8.32014274597168,505.2837941646576,13459,steropes,169.229.49.254,"{'starting_lr': 0.01, 'momentum': 0.997, 'weight_decay': 0.001, 'steps_per_iteration': None, 'pin': False, 'model_creator': None, 'target_batch_size': 1024, 'model_string': 'resnet18', 'min_batch_size': 512, 'dataset': 'CIFAR', 'placement': None, 'use_nccl': True, 'devices_per_worker': 1, 'primary_resource': 'extra_gpu', 'gpu': False, 'verbose': False, 'lr_config': {'mode': 'log', 'steps': 5, 'initial_lr': 0.01, 'target_lr': 0.01}, 'batch_per_device': 1024}",505.2837941646576,0,61,7378.069223941834,1,505.2837941646576
0.009132885932922363,0.14766595363616944,0.004985904693603516,0.040329777464574695,0.035569047927856444,nan,0.0,0.0581965446472168,0.8032000064849854,0.5796746814727783,-0.8032000064849854,nan,0.0,nan,0.0,nan,0.0,0.8107199668884277,0.5487143448829651,nan,0.0,nan,0.0,60000,1,False,,,62,-0.5796746814727783,2e6cfc9a53784c02b8238d421b7f0d17,2019-05-30_14-44-11,1559252651,8.54341197013855,513.8272061347961,13459,steropes,169.229.49.254,"{'starting_lr': 0.01, 'momentum': 0.997, 'weight_decay': 0.001, 'steps_per_iteration': None, 'pin': False, 'model_creator': None, 'target_batch_size': 1024, 'model_string': 'resnet18', 'min_batch_size': 512, 'dataset': 'CIFAR', 'placement': None, 'use_nccl': True, 'devices_per_worker': 1, 'primary_resource': 'extra_gpu', 'gpu': False, 'verbose': False, 'lr_config': {'mode': 'log', 'steps': 5, 'initial_lr': 0.01, 'target_lr': 0.01}, 'batch_per_device': 1024}",513.8272061347961,0,62,7287.669529635183,1,513.8272061347961
0.011201930046081544,0.16177184581756593,0.004570198059082031,0.048940313105680505,0.029218363761901855,nan,0.0,0.05033068656921387,0.8065999746322632,0.5602896955490112,-0.8065999746322632,nan,0.0,nan,0.0,nan,0.0,0.8238799571990967,0.5125021209335328,nan,0.0,nan,0.0,60000,1,False,,,63,-0.5602896955490112,2e6cfc9a53784c02b8238d421b7f0d17,2019-05-30_14-44-20,1559252660,9.01607060432434,522.8432767391205,13459,steropes,169.229.49.254,"{'starting_lr': 0.01, 'momentum': 0.997, 'weight_decay': 0.001, 'steps_per_iteration': None, 'pin': False, 'model_creator': None, 'target_batch_size': 1024, 'model_string': 'resnet18', 'min_batch_size': 512, 'dataset': 'CIFAR', 'placement': None, 'use_nccl': True, 'devices_per_worker': 1, 'primary_resource': 'extra_gpu', 'gpu': False, 'verbose': False, 'lr_config': {'mode': 'log', 'steps': 5, 'initial_lr': 0.01, 'target_lr': 0.01}, 'batch_per_device': 1024}",522.8432767391205,0,63,7107.9947112489,1,522.8432767391205
0.008365774154663086,0.1317906379699707,0.0047985553741455075,0.036603713522152026,0.027486848831176757,nan,0.0,0.050668740272521974,0.8127999901771545,0.5544980760574341,-0.8127999901771545,nan,0.0,nan,0.0,nan,0.0,0.8303799629211426,0.4895383195114136,nan,0.0,nan,0.0,60000,1,False,,,64,-0.5544980760574341,2e6cfc9a53784c02b8238d421b7f0d17,2019-05-30_14-44-28,1559252668,7.869786977767944,530.7130637168884,13459,steropes,169.229.49.254,"{'starting_lr': 0.01, 'momentum': 0.997, 'weight_decay': 0.001, 'steps_per_iteration': None, 'pin': False, 'model_creator': None, 'target_batch_size': 1024, 'model_string': 'resnet18', 'min_batch_size': 512, 'dataset': 'CIFAR', 'placement': None, 'use_nccl': True, 'devices_per_worker': 1, 'primary_resource': 'extra_gpu', 'gpu': False, 'verbose': False, 'lr_config': {'mode': 'log', 'steps': 5, 'initial_lr': 0.01, 'target_lr': 0.01}, 'batch_per_device': 1024}",530.7130637168884,0,64,7143.74219902069,1,530.7130637168884
0.008073830604553222,0.13363168239593506,0.004732894897460938,0.04131477219717843,0.026717615127563477,nan,0.0,0.04883091449737549,0.8100999593734741,0.5539857297897339,-0.8100999593734741,nan,0.0,nan,0.0,nan,0.0,0.8371999859809875,0.46753947807312013,nan,0.0,nan,0.0,60000,1,False,,,65,-0.5539857297897339,2e6cfc9a53784c02b8238d421b7f0d17,2019-05-30_14-44-36,1559252676,7.920898199081421,538.6339619159698,13459,steropes,169.229.49.254,"{'starting_lr': 0.01, 'momentum': 0.997, 'weight_decay': 0.001, 'steps_per_iteration': None, 'pin': False, 'model_creator': None, 'target_batch_size': 1024, 'model_string': 'resnet18', 'min_batch_size': 512, 'dataset': 'CIFAR', 'placement': None, 'use_nccl': True, 'devices_per_worker': 1, 'primary_resource': 'extra_gpu', 'gpu': False, 'verbose': False, 'lr_config': {'mode': 'log', 'steps': 5, 'initial_lr': 0.01, 'target_lr': 0.01}, 'batch_per_device': 1024}",538.6339619159698,0,65,7199.300211453674,1,538.6339619159698
0.007640576362609864,0.13192269802093506,0.005071520805358887,0.042385149975212255,0.023569655418395997,nan,0.0,0.05099027156829834,0.8167999982833862,0.5433520028114319,-0.8167999982833862,nan,0.0,nan,0.0,nan,0.0,0.8422200083732605,0.452946907377243,nan,0.0,nan,0.0,60000,1,False,,,66,-0.5433520028114319,2e6cfc9a53784c02b8238d421b7f0d17,2019-05-30_14-44-44,1559252684,8.243203401565552,546.8771653175354,13459,steropes,169.229.49.254,"{'starting_lr': 0.01, 'momentum': 0.997, 'weight_decay': 0.001, 'steps_per_iteration': None, 'pin': False, 'model_creator': None, 'target_batch_size': 1024, 'model_string': 'resnet18', 'min_batch_size': 512, 'dataset': 'CIFAR', 'placement': None, 'use_nccl': True, 'devices_per_worker': 1, 'primary_resource': 'extra_gpu', 'gpu': False, 'verbose': False, 'lr_config': {'mode': 'log', 'steps': 5, 'initial_lr': 0.01, 'target_lr': 0.01}, 'batch_per_device': 1024}",546.8771653175354,0,66,7212.617458207912,1,546.8771653175354
0.008211827278137207,0.14389290809631347,0.004760122299194336,0.034305441136262854,0.030965971946716308,nan,0.0,0.051637816429138186,0.8248999714851379,0.5202995281219482,-0.8248999714851379,nan,0.0,nan,0.0,nan,0.0,0.8459599614143372,0.44229371578216553,nan,0.0,nan,0.0,60000,1,False,,,67,-0.5202995281219482,2e6cfc9a53784c02b8238d421b7f0d17,2019-05-30_14-44-52,1559252692,7.976752996444702,554.8539183139801,13459,steropes,169.229.49.254,"{'starting_lr': 0.01, 'momentum': 0.997, 'weight_decay': 0.001, 'steps_per_iteration': None, 'pin': False, 'model_creator': None, 'target_batch_size': 1024, 'model_string': 'resnet18', 'min_batch_size': 512, 'dataset': 'CIFAR', 'placement': None, 'use_nccl': True, 'devices_per_worker': 1, 'primary_resource': 'extra_gpu', 'gpu': False, 'verbose': False, 'lr_config': {'mode': 'log', 'steps': 5, 'initial_lr': 0.01, 'target_lr': 0.01}, 'batch_per_device': 1024}",554.8539183139801,0,67,7312.235523808039,1,554.8539183139801
0.00884406566619873,0.14862005710601806,0.0048514604568481445,0.040990566720767896,0.030826616287231445,nan,0.0,0.06698307991027833,0.8295999765396118,0.5147417957782745,-0.8295999765396118,nan,0.0,nan,0.0,nan,0.0,0.848580002784729,0.4349318100643158,nan,0.0,nan,0.0,60000,1,False,,,68,-0.5147417957782745,2e6cfc9a53784c02b8238d421b7f0d17,2019-05-30_14-45-01,1559252701,8.875523567199707,563.7294418811798,13459,steropes,169.229.49.254,"{'starting_lr': 0.01, 'momentum': 0.997, 'weight_decay': 0.001, 'steps_per_iteration': None, 'pin': False, 'model_creator': None, 'target_batch_size': 1024, 'model_string': 'resnet18', 'min_batch_size': 512, 'dataset': 'CIFAR', 'placement': None, 'use_nccl': True, 'devices_per_worker': 1, 'primary_resource': 'extra_gpu', 'gpu': False, 'verbose': False, 'lr_config': {'mode': 'log', 'steps': 5, 'initial_lr': 0.01, 'target_lr': 0.01}, 'batch_per_device': 1024}",563.7294418811798,0,68,7337.370888440656,1,563.7294418811798
0.008517622947692871,0.1391820192337036,0.004619765281677246,0.037721152208289324,0.029291439056396484,nan,0.0,0.05367710590362549,0.8258000016212463,0.5158009113311768,-0.8258000016212463,nan,0.0,nan,0.0,nan,0.0,0.8532599806785583,0.42364659278869626,nan,0.0,nan,0.0,60000,1,False,,,69,-0.5158009113311768,2e6cfc9a53784c02b8238d421b7f0d17,2019-05-30_14-45-10,1559252710,8.469318866729736,572.1987607479095,13459,steropes,169.229.49.254,"{'starting_lr': 0.01, 'momentum': 0.997, 'weight_decay': 0.001, 'steps_per_iteration': None, 'pin': False, 'model_creator': None, 'target_batch_size': 1024, 'model_string': 'resnet18', 'min_batch_size': 512, 'dataset': 'CIFAR', 'placement': None, 'use_nccl': True, 'devices_per_worker': 1, 'primary_resource': 'extra_gpu', 'gpu': False, 'verbose': False, 'lr_config': {'mode': 'log', 'steps': 5, 'initial_lr': 0.01, 'target_lr': 0.01}, 'batch_per_device': 1024}",572.1987607479095,0,69,7231.335779181333,1,572.1987607479095
