{"apply": 0.018252134323120117, "batch_time": 0.04189425480516651, "d2h": 0.0007219791412353515, "data_time": 0.0019165762245197736, "fwd": 0.14353346824645996, "get_state_time_mean": NaN, "get_state_time_total": 0.0, "grad": 0.22230312824249268, "mean_accuracy": 0.1453000009059906, "mean_loss": 4.180264364624024, "neg_mean_accuracy": -0.1453000009059906, "set_state_time_mean": NaN, "set_state_time_total": 0.0, "setup_model_time_mean": 9.439699411392212, "setup_model_time_total": 9.439699411392212, "setup_proc_time_mean": 0.13628315925598145, "setup_proc_time_total": 0.13628315925598145, "train_accuracy": 0.151419997215271, "train_loss": 4.158125468673706, "training_time_mean": NaN, "training_time_total": 0.0, "val_accuracy": 0.1453000009059906, "val_loss": 4.180264364624024, "validation_time_mean": NaN, "validation_time_total": 0.0, "samples": 60000, "num_workers": 1, "done": false, "timesteps_total": null, "episodes_total": null, "training_iteration": 1, "neg_mean_loss": -4.180264364624024, "experiment_id": "f9444fcbc0814afb9697e2597d84f51f", "date": "2019-06-06_10-30-58", "timestamp": 1559842258, "time_this_iter_s": 47.22347903251648, "time_total_s": 47.22347903251648, "pid": 7405, "hostname": "steropes", "node_ip": "169.229.49.254", "config": {"starting_lr": 0.05, "momentum": 0.9, "weight_decay": 0.001, "steps_per_iteration": null, "pin": false, "model_creator": null, "target_batch_size": 128, "model_string": "resnet50", "min_batch_size": 128, "dataset": "CIFAR", "placement": null, "use_nccl": true, "devices_per_worker": 1, "primary_resource": "extra_gpu", "gpu": false, "verbose": false, "lr_config": {"mode": "log", "steps": 5, "initial_lr": 0.05, "target_lr": 0.05}, "batch_per_device": 128}, "time_since_restore": 47.22347903251648, "timesteps_since_restore": 0, "iterations_since_restore": 1, "mean_throughput": 1270.5512059849832, "atoms": 1, "setup_time": 9.693878173828125}
{"apply": 0.019609570503234863, "batch_time": 0.031298869772802426, "d2h": 0.0007149934768676758, "data_time": 0.0018011139481878646, "fwd": 0.02877209186553955, "get_state_time_mean": NaN, "get_state_time_total": 0.0, "grad": 0.04833920001983642, "mean_accuracy": 0.2561499923467636, "mean_loss": 2.9399759243011476, "neg_mean_accuracy": -0.3669999837875366, "set_state_time_mean": NaN, "set_state_time_total": 0.0, "setup_model_time_mean": NaN, "setup_model_time_total": 0.0, "setup_proc_time_mean": NaN, "setup_proc_time_total": 0.0, "train_accuracy": 0.28227999806404114, "train_loss": 2.073034832496643, "training_time_mean": NaN, "training_time_total": 0.0, "val_accuracy": 0.3669999837875366, "val_loss": 1.6996874839782714, "validation_time_mean": NaN, "validation_time_total": 0.0, "samples": 60000, "num_workers": 1, "done": false, "timesteps_total": null, "episodes_total": null, "training_iteration": 2, "neg_mean_loss": -2.9399759243011476, "experiment_id": "f9444fcbc0814afb9697e2597d84f51f", "date": "2019-06-06_10-31-40", "timestamp": 1559842300, "time_this_iter_s": 41.17154502868652, "time_total_s": 88.395024061203, "pid": 7405, "hostname": "steropes", "node_ip": "169.229.49.254", "config": {"starting_lr": 0.05, "momentum": 0.9, "weight_decay": 0.001, "steps_per_iteration": null, "pin": false, "model_creator": null, "target_batch_size": 128, "model_string": "resnet50", "min_batch_size": 128, "dataset": "CIFAR", "placement": null, "use_nccl": true, "devices_per_worker": 1, "primary_resource": "extra_gpu", "gpu": false, "verbose": false, "lr_config": {"mode": "log", "steps": 5, "initial_lr": 0.05, "target_lr": 0.05}, "batch_per_device": 128}, "time_since_restore": 88.395024061203, "timesteps_since_restore": 0, "iterations_since_restore": 2, "mean_throughput": 1357.5394864369443, "atoms": 1, "setup_time": 9.693878173828125}
{"apply": 0.01790003776550293, "batch_time": 0.031219781199588053, "d2h": 0.0008234977722167969, "data_time": 0.0017762464635512408, "fwd": 0.027677011489868165, "get_state_time_mean": NaN, "get_state_time_total": 0.0, "grad": 0.04933323860168457, "mean_accuracy": 0.3026999930540721, "mean_loss": 2.527733231480916, "neg_mean_accuracy": -0.39579999446868896, "set_state_time_mean": NaN, "set_state_time_total": 0.0, "setup_model_time_mean": NaN, "setup_model_time_total": 0.0, "setup_proc_time_mean": NaN, "setup_proc_time_total": 0.0, "train_accuracy": 0.36353999376296997, "train_loss": 1.7566019580841064, "training_time_mean": NaN, "training_time_total": 0.0, "val_accuracy": 0.39579999446868896, "val_loss": 1.703247845840454, "validation_time_mean": NaN, "validation_time_total": 0.0, "samples": 60000, "num_workers": 1, "done": true, "timesteps_total": null, "episodes_total": null, "training_iteration": 3, "neg_mean_loss": -2.527733231480916, "experiment_id": "f9444fcbc0814afb9697e2597d84f51f", "date": "2019-06-06_10-32-20", "timestamp": 1559842340, "time_this_iter_s": 40.73580527305603, "time_total_s": 129.13082933425903, "pid": 7405, "hostname": "steropes", "node_ip": "169.229.49.254", "config": {"starting_lr": 0.05, "momentum": 0.9, "weight_decay": 0.001, "steps_per_iteration": null, "pin": false, "model_creator": null, "target_batch_size": 128, "model_string": "resnet50", "min_batch_size": 128, "dataset": "CIFAR", "placement": null, "use_nccl": true, "devices_per_worker": 1, "primary_resource": "extra_gpu", "gpu": false, "verbose": false, "lr_config": {"mode": "log", "steps": 5, "initial_lr": 0.05, "target_lr": 0.05}, "batch_per_device": 128}, "time_since_restore": 129.13082933425903, "timesteps_since_restore": 0, "iterations_since_restore": 3, "mean_throughput": 1393.9321828473169, "atoms": 1, "setup_time": 9.693878173828125}
