{"apply": 0.007323718070983887, "batch_time": 0.1866525411605835, "d2h": 0.006807565689086914, "data_time": 0.04003217755531778, "fwd": 0.07839138507843017, "get_state_time_mean": NaN, "get_state_time_total": 0.0, "grad": 0.16143274307250977, "mean_accuracy": 0.10539999604225159, "mean_loss": 21.449154724121094, "neg_mean_accuracy": -0.10539999604225159, "set_state_time_mean": NaN, "set_state_time_total": 0.0, "setup_model_time_mean": 11.359853744506836, "setup_model_time_total": 11.359853744506836, "setup_proc_time_mean": 0.17183518409729004, "setup_proc_time_total": 0.17183518409729004, "train_accuracy": 0.09815999865531921, "train_loss": 6.027672417678833, "training_time_mean": NaN, "training_time_total": 0.0, "validation_time_mean": NaN, "validation_time_total": 0.0, "samples": 60000, "num_workers": 1, "done": false, "timesteps_total": null, "episodes_total": null, "training_iteration": 1, "neg_mean_loss": -21.449154724121094, "experiment_id": "a4f6a8e6ae9546a8a9fe5a35d5bfd41f", "date": "2019-05-30_14-03-18", "timestamp": 1559250198, "time_this_iter_s": 11.62762451171875, "time_total_s": 11.62762451171875, "pid": 18231, "hostname": "steropes", "node_ip": "169.229.49.254", "config": {"starting_lr": 1.0, "momentum": 0.95, "weight_decay": 0.0001, "steps_per_iteration": null, "pin": false, "model_creator": null, "target_batch_size": 1024, "model_string": "resnet18", "min_batch_size": 512, "dataset": "CIFAR", "placement": null, "use_nccl": true, "devices_per_worker": 1, "primary_resource": "extra_gpu", "gpu": false, "verbose": false, "lr_config": {"mode": "log", "steps": 5, "initial_lr": 1.0, "target_lr": 1.0}, "batch_per_device": 1024}, "time_since_restore": 11.62762451171875, "timesteps_since_restore": 0, "iterations_since_restore": 1, "mean_throughput": 5160.063771501937, "atoms": 1, "resource_time": 11.62762451171875}
{"apply": 0.007433605194091797, "batch_time": 0.11743202209472656, "d2h": 0.00559086799621582, "data_time": 0.04677647960429289, "fwd": 0.02229039669036865, "get_state_time_mean": NaN, "get_state_time_total": 0.0, "grad": 0.04216926097869873, "mean_accuracy": 0.09989999979734421, "mean_loss": 2.3477370197296143, "neg_mean_accuracy": -0.09989999979734421, "set_state_time_mean": NaN, "set_state_time_total": 0.0, "setup_model_time_mean": NaN, "setup_model_time_total": 0.0, "setup_proc_time_mean": NaN, "setup_proc_time_total": 0.0, "train_accuracy": 0.10195999592542648, "train_loss": 2.3377990869140626, "training_time_mean": NaN, "training_time_total": 0.0, "validation_time_mean": NaN, "validation_time_total": 0.0, "samples": 60000, "num_workers": 1, "done": false, "timesteps_total": null, "episodes_total": null, "training_iteration": 2, "neg_mean_loss": -2.3477370197296143, "experiment_id": "a4f6a8e6ae9546a8a9fe5a35d5bfd41f", "date": "2019-05-30_14-03-26", "timestamp": 1559250206, "time_this_iter_s": 7.561310291290283, "time_total_s": 19.188934803009033, "pid": 18231, "hostname": "steropes", "node_ip": "169.229.49.254", "config": {"starting_lr": 1.0, "momentum": 0.95, "weight_decay": 0.0001, "steps_per_iteration": null, "pin": false, "model_creator": null, "target_batch_size": 1024, "model_string": "resnet18", "min_batch_size": 512, "dataset": "CIFAR", "placement": null, "use_nccl": true, "devices_per_worker": 1, "primary_resource": "extra_gpu", "gpu": false, "verbose": false, "lr_config": {"mode": "log", "steps": 5, "initial_lr": 1.0, "target_lr": 1.0}, "batch_per_device": 1024}, "time_since_restore": 19.188934803009033, "timesteps_since_restore": 0, "iterations_since_restore": 2, "mean_throughput": 6253.533789409298, "atoms": 1, "resource_time": 19.188934803009033}
{"apply": 0.007139921188354492, "batch_time": 0.12969598770141602, "d2h": 0.006016850471496582, "data_time": 0.0585051458709094, "fwd": 0.021459245681762697, "get_state_time_mean": NaN, "get_state_time_total": 0.0, "grad": 0.04264752864837647, "mean_accuracy": 0.09999999403953552, "mean_loss": 2.3060301818847657, "neg_mean_accuracy": -0.09999999403953552, "set_state_time_mean": NaN, "set_state_time_total": 0.0, "setup_model_time_mean": NaN, "setup_model_time_total": 0.0, "setup_proc_time_mean": NaN, "setup_proc_time_total": 0.0, "train_accuracy": 0.09919999539852142, "train_loss": 2.309357430496216, "training_time_mean": NaN, "training_time_total": 0.0, "validation_time_mean": NaN, "validation_time_total": 0.0, "samples": 60000, "num_workers": 1, "done": false, "timesteps_total": null, "episodes_total": null, "training_iteration": 3, "neg_mean_loss": -2.3060301818847657, "experiment_id": "a4f6a8e6ae9546a8a9fe5a35d5bfd41f", "date": "2019-05-30_14-03-34", "timestamp": 1559250214, "time_this_iter_s": 8.548818111419678, "time_total_s": 27.73775291442871, "pid": 18231, "hostname": "steropes", "node_ip": "169.229.49.254", "config": {"starting_lr": 1.0, "momentum": 0.95, "weight_decay": 0.0001, "steps_per_iteration": null, "pin": false, "model_creator": null, "target_batch_size": 1024, "model_string": "resnet18", "min_batch_size": 512, "dataset": "CIFAR", "placement": null, "use_nccl": true, "devices_per_worker": 1, "primary_resource": "extra_gpu", "gpu": false, "verbose": false, "lr_config": {"mode": "log", "steps": 5, "initial_lr": 1.0, "target_lr": 1.0}, "batch_per_device": 1024}, "time_since_restore": 27.73775291442871, "timesteps_since_restore": 0, "iterations_since_restore": 3, "mean_throughput": 6489.282702500786, "atoms": 1, "resource_time": 27.73775291442871}
{"apply": 0.007689809799194336, "batch_time": 0.1218414306640625, "d2h": 0.006640720367431641, "data_time": 0.046822591703765244, "fwd": 0.024709391593933105, "get_state_time_mean": NaN, "get_state_time_total": 0.0, "grad": 0.048039913177490234, "mean_accuracy": 0.09999999403953552, "mean_loss": 2.3079176727294923, "neg_mean_accuracy": -0.09999999403953552, "set_state_time_mean": NaN, "set_state_time_total": 0.0, "setup_model_time_mean": NaN, "setup_model_time_total": 0.0, "setup_proc_time_mean": NaN, "setup_proc_time_total": 0.0, "train_accuracy": 0.10115999728441238, "train_loss": 2.308870060958862, "training_time_mean": NaN, "training_time_total": 0.0, "validation_time_mean": NaN, "validation_time_total": 0.0, "samples": 60000, "num_workers": 1, "done": false, "timesteps_total": null, "episodes_total": null, "training_iteration": 4, "neg_mean_loss": -2.3079176727294923, "experiment_id": "a4f6a8e6ae9546a8a9fe5a35d5bfd41f", "date": "2019-05-30_14-03-42", "timestamp": 1559250222, "time_this_iter_s": 7.974287509918213, "time_total_s": 35.712040424346924, "pid": 18231, "hostname": "steropes", "node_ip": "169.229.49.254", "config": {"starting_lr": 1.0, "momentum": 0.95, "weight_decay": 0.0001, "steps_per_iteration": null, "pin": false, "model_creator": null, "target_batch_size": 1024, "model_string": "resnet18", "min_batch_size": 512, "dataset": "CIFAR", "placement": null, "use_nccl": true, "devices_per_worker": 1, "primary_resource": "extra_gpu", "gpu": false, "verbose": false, "lr_config": {"mode": "log", "steps": 5, "initial_lr": 1.0, "target_lr": 1.0}, "batch_per_device": 1024}, "time_since_restore": 35.712040424346924, "timesteps_since_restore": 0, "iterations_since_restore": 4, "mean_throughput": 6720.354707747746, "atoms": 1, "resource_time": 35.712040424346924}
{"apply": 0.00806288719177246, "batch_time": 0.12445499897003173, "d2h": 0.006900882720947266, "data_time": 0.0444336326754823, "fwd": 0.02285342216491699, "get_state_time_mean": NaN, "get_state_time_total": 0.0, "grad": 0.04406423568725586, "mean_accuracy": 0.09999999403953552, "mean_loss": 2.3099357933044433, "neg_mean_accuracy": -0.09999999403953552, "set_state_time_mean": NaN, "set_state_time_total": 0.0, "setup_model_time_mean": NaN, "setup_model_time_total": 0.0, "setup_proc_time_mean": NaN, "setup_proc_time_total": 0.0, "train_accuracy": 0.09879999607801437, "train_loss": 2.3124358198547363, "training_time_mean": NaN, "training_time_total": 0.0, "validation_time_mean": NaN, "validation_time_total": 0.0, "samples": 60000, "num_workers": 1, "done": false, "timesteps_total": null, "episodes_total": null, "training_iteration": 5, "neg_mean_loss": -2.3099357933044433, "experiment_id": "a4f6a8e6ae9546a8a9fe5a35d5bfd41f", "date": "2019-05-30_14-03-50", "timestamp": 1559250230, "time_this_iter_s": 7.919182538986206, "time_total_s": 43.63122296333313, "pid": 18231, "hostname": "steropes", "node_ip": "169.229.49.254", "config": {"starting_lr": 1.0, "momentum": 0.95, "weight_decay": 0.0001, "steps_per_iteration": null, "pin": false, "model_creator": null, "target_batch_size": 1024, "model_string": "resnet18", "min_batch_size": 512, "dataset": "CIFAR", "placement": null, "use_nccl": true, "devices_per_worker": 1, "primary_resource": "extra_gpu", "gpu": false, "verbose": false, "lr_config": {"mode": "log", "steps": 5, "initial_lr": 1.0, "target_lr": 1.0}, "batch_per_device": 1024}, "time_since_restore": 43.63122296333313, "timesteps_since_restore": 0, "iterations_since_restore": 5, "mean_throughput": 6875.7417135981805, "atoms": 1, "resource_time": 43.63122296333313}
{"apply": 0.007378792762756348, "batch_time": 0.1319035053253174, "d2h": 0.008019304275512696, "data_time": 0.04118818166304608, "fwd": 0.024995708465576173, "get_state_time_mean": NaN, "get_state_time_total": 0.0, "grad": 0.05115969181060791, "mean_accuracy": 0.09999999403953552, "mean_loss": 2.3146971851348876, "neg_mean_accuracy": -0.09999999403953552, "set_state_time_mean": NaN, "set_state_time_total": 0.0, "setup_model_time_mean": NaN, "setup_model_time_total": 0.0, "setup_proc_time_mean": NaN, "setup_proc_time_total": 0.0, "train_accuracy": 0.09901999682188034, "train_loss": 2.315218643112183, "training_time_mean": NaN, "training_time_total": 0.0, "validation_time_mean": NaN, "validation_time_total": 0.0, "samples": 60000, "num_workers": 1, "done": false, "timesteps_total": null, "episodes_total": null, "training_iteration": 6, "neg_mean_loss": -2.3146971851348876, "experiment_id": "a4f6a8e6ae9546a8a9fe5a35d5bfd41f", "date": "2019-05-30_14-03-58", "timestamp": 1559250238, "time_this_iter_s": 7.988121747970581, "time_total_s": 51.61934471130371, "pid": 18231, "hostname": "steropes", "node_ip": "169.229.49.254", "config": {"starting_lr": 1.0, "momentum": 0.95, "weight_decay": 0.0001, "steps_per_iteration": null, "pin": false, "model_creator": null, "target_batch_size": 1024, "model_string": "resnet18", "min_batch_size": 512, "dataset": "CIFAR", "placement": null, "use_nccl": true, "devices_per_worker": 1, "primary_resource": "extra_gpu", "gpu": false, "verbose": false, "lr_config": {"mode": "log", "steps": 5, "initial_lr": 1.0, "target_lr": 1.0}, "batch_per_device": 1024}, "time_since_restore": 51.61934471130371, "timesteps_since_restore": 0, "iterations_since_restore": 6, "mean_throughput": 7501.483957475809, "atoms": 1, "resource_time": 51.61934471130371}
{"apply": 0.007530927658081055, "batch_time": 0.1257089376449585, "d2h": 0.00606694221496582, "data_time": 0.04841610363551548, "fwd": 0.0243241548538208, "get_state_time_mean": NaN, "get_state_time_total": 0.0, "grad": 0.04815683364868164, "mean_accuracy": 0.09999999403953552, "mean_loss": 2.315420063781738, "neg_mean_accuracy": -0.09999999403953552, "set_state_time_mean": NaN, "set_state_time_total": 0.0, "setup_model_time_mean": NaN, "setup_model_time_total": 0.0, "setup_proc_time_mean": NaN, "setup_proc_time_total": 0.0, "train_accuracy": 0.10157999396324158, "train_loss": 2.317178036575317, "training_time_mean": NaN, "training_time_total": 0.0, "validation_time_mean": NaN, "validation_time_total": 0.0, "samples": 60000, "num_workers": 1, "done": false, "timesteps_total": null, "episodes_total": null, "training_iteration": 7, "neg_mean_loss": -2.315420063781738, "experiment_id": "a4f6a8e6ae9546a8a9fe5a35d5bfd41f", "date": "2019-05-30_14-04-06", "timestamp": 1559250246, "time_this_iter_s": 8.189850330352783, "time_total_s": 59.809195041656494, "pid": 18231, "hostname": "steropes", "node_ip": "169.229.49.254", "config": {"starting_lr": 1.0, "momentum": 0.95, "weight_decay": 0.0001, "steps_per_iteration": null, "pin": false, "model_creator": null, "target_batch_size": 1024, "model_string": "resnet18", "min_batch_size": 512, "dataset": "CIFAR", "placement": null, "use_nccl": true, "devices_per_worker": 1, "primary_resource": "extra_gpu", "gpu": false, "verbose": false, "lr_config": {"mode": "log", "steps": 5, "initial_lr": 1.0, "target_lr": 1.0}, "batch_per_device": 1024}, "time_since_restore": 59.809195041656494, "timesteps_since_restore": 0, "iterations_since_restore": 7, "mean_throughput": 7385.409302592325, "atoms": 1, "resource_time": 59.809195041656494}
{"apply": 0.009228205680847168, "batch_time": 0.13071272373199463, "d2h": 0.006269645690917969, "data_time": 0.043942417417253764, "fwd": 0.025175952911376955, "get_state_time_mean": NaN, "get_state_time_total": 0.0, "grad": 0.04557046890258789, "mean_accuracy": 0.09999999403953552, "mean_loss": 2.313725779724121, "neg_mean_accuracy": -0.09999999403953552, "set_state_time_mean": NaN, "set_state_time_total": 0.0, "setup_model_time_mean": NaN, "setup_model_time_total": 0.0, "setup_proc_time_mean": NaN, "setup_proc_time_total": 0.0, "train_accuracy": 0.09817999601364136, "train_loss": 2.3182425887298583, "training_time_mean": NaN, "training_time_total": 0.0, "validation_time_mean": NaN, "validation_time_total": 0.0, "samples": 60000, "num_workers": 1, "done": false, "timesteps_total": null, "episodes_total": null, "training_iteration": 8, "neg_mean_loss": -2.313725779724121, "experiment_id": "a4f6a8e6ae9546a8a9fe5a35d5bfd41f", "date": "2019-05-30_14-04-14", "timestamp": 1559250254, "time_this_iter_s": 7.977826118469238, "time_total_s": 67.78702116012573, "pid": 18231, "hostname": "steropes", "node_ip": "169.229.49.254", "config": {"starting_lr": 1.0, "momentum": 0.95, "weight_decay": 0.0001, "steps_per_iteration": null, "pin": false, "model_creator": null, "target_batch_size": 1024, "model_string": "resnet18", "min_batch_size": 512, "dataset": "CIFAR", "placement": null, "use_nccl": true, "devices_per_worker": 1, "primary_resource": "extra_gpu", "gpu": false, "verbose": false, "lr_config": {"mode": "log", "steps": 5, "initial_lr": 1.0, "target_lr": 1.0}, "batch_per_device": 1024}, "time_since_restore": 67.78702116012573, "timesteps_since_restore": 0, "iterations_since_restore": 8, "mean_throughput": 7490.701996198831, "atoms": 1, "resource_time": 67.78702116012573}
{"apply": 0.007470941543579102, "batch_time": 0.12656571865081787, "d2h": 0.00571284294128418, "data_time": 0.04362413347983847, "fwd": 0.022247052192687987, "get_state_time_mean": NaN, "get_state_time_total": 0.0, "grad": 0.04394941329956055, "mean_accuracy": 0.09999999403953552, "mean_loss": 2.316357155227661, "neg_mean_accuracy": -0.09999999403953552, "set_state_time_mean": NaN, "set_state_time_total": 0.0, "setup_model_time_mean": NaN, "setup_model_time_total": 0.0, "setup_proc_time_mean": NaN, "setup_proc_time_total": 0.0, "train_accuracy": 0.0995199978351593, "train_loss": 2.316750626144409, "training_time_mean": NaN, "training_time_total": 0.0, "validation_time_mean": NaN, "validation_time_total": 0.0, "samples": 60000, "num_workers": 1, "done": false, "timesteps_total": null, "episodes_total": null, "training_iteration": 9, "neg_mean_loss": -2.316357155227661, "experiment_id": "a4f6a8e6ae9546a8a9fe5a35d5bfd41f", "date": "2019-05-30_14-04-22", "timestamp": 1559250262, "time_this_iter_s": 8.052573919296265, "time_total_s": 75.839595079422, "pid": 18231, "hostname": "steropes", "node_ip": "169.229.49.254", "config": {"starting_lr": 1.0, "momentum": 0.95, "weight_decay": 0.0001, "steps_per_iteration": null, "pin": false, "model_creator": null, "target_batch_size": 1024, "model_string": "resnet18", "min_batch_size": 512, "dataset": "CIFAR", "placement": null, "use_nccl": true, "devices_per_worker": 1, "primary_resource": "extra_gpu", "gpu": false, "verbose": false, "lr_config": {"mode": "log", "steps": 5, "initial_lr": 1.0, "target_lr": 1.0}, "batch_per_device": 1024}, "time_since_restore": 75.839595079422, "timesteps_since_restore": 0, "iterations_since_restore": 9, "mean_throughput": 7476.0859679016585, "atoms": 1, "resource_time": 75.839595079422}
{"apply": 0.007812976837158203, "batch_time": 0.1275151014328003, "d2h": 0.007157635688781738, "data_time": 0.0369654723576137, "fwd": 0.02535860538482666, "get_state_time_mean": NaN, "get_state_time_total": 0.0, "grad": 0.04399206638336182, "mean_accuracy": 0.09999999403953552, "mean_loss": 2.314560237121582, "neg_mean_accuracy": -0.09999999403953552, "set_state_time_mean": NaN, "set_state_time_total": 0.0, "setup_model_time_mean": NaN, "setup_model_time_total": 0.0, "setup_proc_time_mean": NaN, "setup_proc_time_total": 0.0, "train_accuracy": 0.10077999532222748, "train_loss": 2.3156454402923585, "training_time_mean": NaN, "training_time_total": 0.0, "validation_time_mean": NaN, "validation_time_total": 0.0, "samples": 60000, "num_workers": 1, "done": false, "timesteps_total": null, "episodes_total": null, "training_iteration": 10, "neg_mean_loss": -2.314560237121582, "experiment_id": "a4f6a8e6ae9546a8a9fe5a35d5bfd41f", "date": "2019-05-30_14-04-30", "timestamp": 1559250270, "time_this_iter_s": 7.855409860610962, "time_total_s": 83.69500494003296, "pid": 18231, "hostname": "steropes", "node_ip": "169.229.49.254", "config": {"starting_lr": 1.0, "momentum": 0.95, "weight_decay": 0.0001, "steps_per_iteration": null, "pin": false, "model_creator": null, "target_batch_size": 1024, "model_string": "resnet18", "min_batch_size": 512, "dataset": "CIFAR", "placement": null, "use_nccl": true, "devices_per_worker": 1, "primary_resource": "extra_gpu", "gpu": false, "verbose": false, "lr_config": {"mode": "log", "steps": 5, "initial_lr": 1.0, "target_lr": 1.0}, "batch_per_device": 1024}, "time_since_restore": 83.69500494003296, "timesteps_since_restore": 0, "iterations_since_restore": 10, "mean_throughput": 7487.985902897633, "atoms": 1, "resource_time": 83.69500494003296}
{"apply": 0.0076601505279541016, "batch_time": 0.1206512451171875, "d2h": 0.006097960472106934, "data_time": 0.04310093607221331, "fwd": 0.022010374069213866, "get_state_time_mean": NaN, "get_state_time_total": 0.0, "grad": 0.04938359260559082, "mean_accuracy": 0.09999999403953552, "mean_loss": 2.317560370635986, "neg_mean_accuracy": -0.09999999403953552, "set_state_time_mean": NaN, "set_state_time_total": 0.0, "setup_model_time_mean": NaN, "setup_model_time_total": 0.0, "setup_proc_time_mean": NaN, "setup_proc_time_total": 0.0, "train_accuracy": 0.09953999519348145, "train_loss": 2.315264408569336, "training_time_mean": NaN, "training_time_total": 0.0, "validation_time_mean": NaN, "validation_time_total": 0.0, "samples": 60000, "num_workers": 1, "done": false, "timesteps_total": null, "episodes_total": null, "training_iteration": 11, "neg_mean_loss": -2.317560370635986, "experiment_id": "a4f6a8e6ae9546a8a9fe5a35d5bfd41f", "date": "2019-05-30_14-04-38", "timestamp": 1559250278, "time_this_iter_s": 7.966099739074707, "time_total_s": 91.66110467910767, "pid": 18231, "hostname": "steropes", "node_ip": "169.229.49.254", "config": {"starting_lr": 1.0, "momentum": 0.95, "weight_decay": 0.0001, "steps_per_iteration": null, "pin": false, "model_creator": null, "target_batch_size": 1024, "model_string": "resnet18", "min_batch_size": 512, "dataset": "CIFAR", "placement": null, "use_nccl": true, "devices_per_worker": 1, "primary_resource": "extra_gpu", "gpu": false, "verbose": false, "lr_config": {"mode": "log", "steps": 5, "initial_lr": 1.0, "target_lr": 1.0}, "batch_per_device": 1024}, "time_since_restore": 91.66110467910767, "timesteps_since_restore": 0, "iterations_since_restore": 11, "mean_throughput": 7492.103495139846, "atoms": 1, "resource_time": 91.66110467910767}
{"apply": 0.007850098609924316, "batch_time": 0.12386670112609863, "d2h": 0.006172466278076172, "data_time": 0.041978826328199735, "fwd": 0.02293701171875, "get_state_time_mean": NaN, "get_state_time_total": 0.0, "grad": 0.04386258125305176, "mean_accuracy": 0.09999999403953552, "mean_loss": 2.316291075515747, "neg_mean_accuracy": -0.09999999403953552, "set_state_time_mean": NaN, "set_state_time_total": 0.0, "setup_model_time_mean": NaN, "setup_model_time_total": 0.0, "setup_proc_time_mean": NaN, "setup_proc_time_total": 0.0, "train_accuracy": 0.09995999932289124, "train_loss": 2.31488571975708, "training_time_mean": NaN, "training_time_total": 0.0, "validation_time_mean": NaN, "validation_time_total": 0.0, "samples": 60000, "num_workers": 1, "done": false, "timesteps_total": null, "episodes_total": null, "training_iteration": 12, "neg_mean_loss": -2.316291075515747, "experiment_id": "a4f6a8e6ae9546a8a9fe5a35d5bfd41f", "date": "2019-05-30_14-04-46", "timestamp": 1559250286, "time_this_iter_s": 7.884145975112915, "time_total_s": 99.54525065422058, "pid": 18231, "hostname": "steropes", "node_ip": "169.229.49.254", "config": {"starting_lr": 1.0, "momentum": 0.95, "weight_decay": 0.0001, "steps_per_iteration": null, "pin": false, "model_creator": null, "target_batch_size": 1024, "model_string": "resnet18", "min_batch_size": 512, "dataset": "CIFAR", "placement": null, "use_nccl": true, "devices_per_worker": 1, "primary_resource": "extra_gpu", "gpu": false, "verbose": false, "lr_config": {"mode": "log", "steps": 5, "initial_lr": 1.0, "target_lr": 1.0}, "batch_per_device": 1024}, "time_since_restore": 99.54525065422058, "timesteps_since_restore": 0, "iterations_since_restore": 12, "mean_throughput": 7549.74274565178, "atoms": 1, "resource_time": 99.54525065422058}
{"apply": 0.007304978370666504, "batch_time": 0.13091819286346434, "d2h": 0.006722092628479004, "data_time": 0.04785233127827547, "fwd": 0.02324235439300537, "get_state_time_mean": NaN, "get_state_time_total": 0.0, "grad": 0.043746328353881835, "mean_accuracy": 0.09999999403953552, "mean_loss": 2.3141852809906007, "neg_mean_accuracy": -0.09999999403953552, "set_state_time_mean": NaN, "set_state_time_total": 0.0, "setup_model_time_mean": NaN, "setup_model_time_total": 0.0, "setup_proc_time_mean": NaN, "setup_proc_time_total": 0.0, "train_accuracy": 0.09873999655246735, "train_loss": 2.3169404849243165, "training_time_mean": NaN, "training_time_total": 0.0, "validation_time_mean": NaN, "validation_time_total": 0.0, "samples": 60000, "num_workers": 1, "done": true, "timesteps_total": null, "episodes_total": null, "training_iteration": 13, "neg_mean_loss": -2.3141852809906007, "experiment_id": "a4f6a8e6ae9546a8a9fe5a35d5bfd41f", "date": "2019-05-30_14-04-54", "timestamp": 1559250294, "time_this_iter_s": 7.982706308364868, "time_total_s": 107.52795696258545, "pid": 18231, "hostname": "steropes", "node_ip": "169.229.49.254", "config": {"starting_lr": 1.0, "momentum": 0.95, "weight_decay": 0.0001, "steps_per_iteration": null, "pin": false, "model_creator": null, "target_batch_size": 1024, "model_string": "resnet18", "min_batch_size": 512, "dataset": "CIFAR", "placement": null, "use_nccl": true, "devices_per_worker": 1, "primary_resource": "extra_gpu", "gpu": false, "verbose": false, "lr_config": {"mode": "log", "steps": 5, "initial_lr": 1.0, "target_lr": 1.0}, "batch_per_device": 1024}, "time_since_restore": 107.52795696258545, "timesteps_since_restore": 0, "iterations_since_restore": 13, "mean_throughput": 7548.817729170642, "atoms": 1, "resource_time": 107.52795696258545}
