{"apply": 0.016877293586730957, "batch_time": 0.04352687883980667, "d2h": 0.0006803274154663086, "data_time": 0.0018662314890595653, "fwd": 0.17194507122039795, "get_state_time_mean": NaN, "get_state_time_total": 0.0, "grad": 0.16400530338287353, "mean_accuracy": 0.09999999403953552, "mean_loss": 9.415380879211426, "neg_mean_accuracy": -0.09999999403953552, "set_state_time_mean": NaN, "set_state_time_total": 0.0, "setup_model_time_mean": 10.600414752960205, "setup_model_time_total": 10.600414752960205, "setup_proc_time_mean": 0.15306329727172852, "setup_proc_time_total": 0.15306329727172852, "train_accuracy": 0.10075999796390533, "train_loss": 12.787124081420899, "training_time_mean": NaN, "training_time_total": 0.0, "val_accuracy": 0.09999999403953552, "val_loss": 9.415380879211426, "validation_time_mean": NaN, "validation_time_total": 0.0, "samples": 60000, "num_workers": 1, "done": false, "timesteps_total": null, "episodes_total": null, "training_iteration": 1, "neg_mean_loss": -9.415380879211426, "experiment_id": "35e546db927d4b658cd748a8f52f4c52", "date": "2019-06-03_04-40-36", "timestamp": 1559562036, "time_this_iter_s": 46.8893883228302, "time_total_s": 46.8893883228302, "pid": 17447, "hostname": "steropes", "node_ip": "169.229.49.254", "config": {"starting_lr": 0.5, "momentum": 0.99, "weight_decay": 0.0001, "steps_per_iteration": null, "pin": false, "model_creator": null, "target_batch_size": 128, "model_string": "resnet50", "min_batch_size": 128, "dataset": "CIFAR", "placement": null, "use_nccl": true, "devices_per_worker": 1, "primary_resource": "extra_gpu", "gpu": false, "verbose": false, "lr_config": {"mode": "log", "steps": 5, "initial_lr": 0.5, "target_lr": 0.5}, "batch_per_device": 128}, "time_since_restore": 46.8893883228302, "timesteps_since_restore": 0, "iterations_since_restore": 1, "mean_throughput": 1279.603905161213, "atoms": 1, "setup_time": 10.880627632141113}
{"apply": 0.016814565658569335, "batch_time": 0.0316020355948919, "d2h": 0.0007070302963256836, "data_time": 0.001802325553601355, "fwd": 0.02840545177459717, "get_state_time_mean": NaN, "get_state_time_total": 0.0, "grad": 0.04775826930999756, "mean_accuracy": 0.09284999594092369, "mean_loss": 2413.7015174903872, "neg_mean_accuracy": -0.08569999784231186, "set_state_time_mean": NaN, "set_state_time_total": 0.0, "setup_model_time_mean": NaN, "setup_model_time_total": 0.0, "setup_proc_time_mean": NaN, "setup_proc_time_total": 0.0, "train_accuracy": 0.10080000013113022, "train_loss": 586.4411495800781, "training_time_mean": NaN, "training_time_total": 0.0, "val_accuracy": 0.08569999784231186, "val_loss": 4817.987654101563, "validation_time_mean": NaN, "validation_time_total": 0.0, "samples": 60000, "num_workers": 1, "done": false, "timesteps_total": null, "episodes_total": null, "training_iteration": 2, "neg_mean_loss": -2413.7015174903872, "experiment_id": "35e546db927d4b658cd748a8f52f4c52", "date": "2019-06-03_04-41-17", "timestamp": 1559562077, "time_this_iter_s": 40.38915252685547, "time_total_s": 87.27854084968567, "pid": 17447, "hostname": "steropes", "node_ip": "169.229.49.254", "config": {"starting_lr": 0.5, "momentum": 0.99, "weight_decay": 0.0001, "steps_per_iteration": null, "pin": false, "model_creator": null, "target_batch_size": 128, "model_string": "resnet50", "min_batch_size": 128, "dataset": "CIFAR", "placement": null, "use_nccl": true, "devices_per_worker": 1, "primary_resource": "extra_gpu", "gpu": false, "verbose": false, "lr_config": {"mode": "log", "steps": 5, "initial_lr": 0.5, "target_lr": 0.5}, "batch_per_device": 128}, "time_since_restore": 87.27854084968567, "timesteps_since_restore": 0, "iterations_since_restore": 2, "mean_throughput": 1374.905335963741, "atoms": 1, "setup_time": 10.880627632141113}
{"apply": 0.016957974433898924, "batch_time": 0.03215733057335962, "d2h": 0.0007155179977416992, "data_time": 0.0017761421935332707, "fwd": 0.027930068969726562, "get_state_time_mean": NaN, "get_state_time_total": 0.0, "grad": 0.04773421287536621, "mean_accuracy": 0.09523332864046097, "mean_loss": 1075126824968861.9, "neg_mean_accuracy": -0.09999999403953552, "set_state_time_mean": NaN, "set_state_time_total": 0.0, "setup_model_time_mean": NaN, "setup_model_time_total": 0.0, "setup_proc_time_mean": NaN, "setup_proc_time_total": 0.0, "train_accuracy": 0.10335999727249146, "train_loss": 40813.439928614505, "training_time_mean": NaN, "training_time_total": 0.0, "val_accuracy": 0.09999999403953552, "val_loss": 3225380474901758.0, "validation_time_mean": NaN, "validation_time_total": 0.0, "samples": 60000, "num_workers": 1, "done": true, "timesteps_total": null, "episodes_total": null, "training_iteration": 3, "neg_mean_loss": -1075126824968861.9, "experiment_id": "35e546db927d4b658cd748a8f52f4c52", "date": "2019-06-03_04-41-57", "timestamp": 1559562117, "time_this_iter_s": 40.419273376464844, "time_total_s": 127.69781422615051, "pid": 17447, "hostname": "steropes", "node_ip": "169.229.49.254", "config": {"starting_lr": 0.5, "momentum": 0.99, "weight_decay": 0.0001, "steps_per_iteration": null, "pin": false, "model_creator": null, "target_batch_size": 128, "model_string": "resnet50", "min_batch_size": 128, "dataset": "CIFAR", "placement": null, "use_nccl": true, "devices_per_worker": 1, "primary_resource": "extra_gpu", "gpu": false, "verbose": false, "lr_config": {"mode": "log", "steps": 5, "initial_lr": 0.5, "target_lr": 0.5}, "batch_per_device": 128}, "time_since_restore": 127.69781422615051, "timesteps_since_restore": 0, "iterations_since_restore": 3, "mean_throughput": 1409.5747944710922, "atoms": 1, "setup_time": 10.880627632141113}
