{"apply": 0.0198347806930542, "batch_time": 0.046598657777037804, "d2h": 0.0006651401519775391, "data_time": 0.0018581441601219079, "fwd": 0.16469907760620117, "get_state_time_mean": NaN, "get_state_time_total": 0.0, "grad": 0.16546895503997802, "mean_accuracy": 0.22209998965263367, "mean_loss": 2.1707328216552733, "neg_mean_accuracy": -0.22209998965263367, "set_state_time_mean": NaN, "set_state_time_total": 0.0, "setup_model_time_mean": 22.274394512176514, "setup_model_time_total": 22.274394512176514, "setup_proc_time_mean": 1.972294807434082, "setup_proc_time_total": 1.972294807434082, "train_accuracy": 0.17229999601840973, "train_loss": 3.183524732093811, "training_time_mean": NaN, "training_time_total": 0.0, "val_accuracy": 0.22209998965263367, "val_loss": 2.1707328216552733, "validation_time_mean": NaN, "validation_time_total": 0.0, "samples": 60000, "num_workers": 1, "done": false, "timesteps_total": null, "episodes_total": null, "training_iteration": 1, "neg_mean_loss": -2.1707328216552733, "experiment_id": "4d1cc8b6e22940079de38fd4cf3a3786", "date": "2019-06-03_22-25-30", "timestamp": 1559625930, "time_this_iter_s": 49.74765706062317, "time_total_s": 49.74765706062317, "pid": 26268, "hostname": "steropes", "node_ip": "169.229.49.254", "config": {"starting_lr": 0.01, "momentum": 0.95, "weight_decay": 0.005, "steps_per_iteration": null, "pin": false, "model_creator": null, "target_batch_size": 128, "model_string": "resnet50", "min_batch_size": 128, "dataset": "CIFAR", "placement": null, "use_nccl": true, "devices_per_worker": 1, "primary_resource": "extra_gpu", "gpu": false, "verbose": false, "lr_config": {"mode": "log", "steps": 5, "initial_lr": 0.01, "target_lr": 0.01}, "batch_per_device": 128}, "time_since_restore": 49.74765706062317, "timesteps_since_restore": 0, "iterations_since_restore": 1, "mean_throughput": 1206.0849679047647, "atoms": 1, "setup_time": 24.342533111572266}
{"apply": 0.01939053535461426, "batch_time": 0.032076011730145806, "d2h": 0.0006683111190795898, "data_time": 0.0018154355266210064, "fwd": 0.028701090812683107, "get_state_time_mean": NaN, "get_state_time_total": 0.0, "grad": 0.04913387298583984, "mean_accuracy": 0.24274998903274536, "mean_loss": 2.097477148246765, "neg_mean_accuracy": -0.26339998841285706, "set_state_time_mean": NaN, "set_state_time_total": 0.0, "setup_model_time_mean": NaN, "setup_model_time_total": 0.0, "setup_proc_time_mean": NaN, "setup_proc_time_total": 0.0, "train_accuracy": 0.21115998923778534, "train_loss": 2.2966578987884523, "training_time_mean": NaN, "training_time_total": 0.0, "val_accuracy": 0.26339998841285706, "val_loss": 2.024221474838257, "validation_time_mean": NaN, "validation_time_total": 0.0, "samples": 60000, "num_workers": 1, "done": false, "timesteps_total": null, "episodes_total": null, "training_iteration": 2, "neg_mean_loss": -2.097477148246765, "experiment_id": "4d1cc8b6e22940079de38fd4cf3a3786", "date": "2019-06-03_22-26-12", "timestamp": 1559625972, "time_this_iter_s": 42.180190086364746, "time_total_s": 91.92784714698792, "pid": 26268, "hostname": "steropes", "node_ip": "169.229.49.254", "config": {"starting_lr": 0.01, "momentum": 0.95, "weight_decay": 0.005, "steps_per_iteration": null, "pin": false, "model_creator": null, "target_batch_size": 128, "model_string": "resnet50", "min_batch_size": 128, "dataset": "CIFAR", "placement": null, "use_nccl": true, "devices_per_worker": 1, "primary_resource": "extra_gpu", "gpu": false, "verbose": false, "lr_config": {"mode": "log", "steps": 5, "initial_lr": 0.01, "target_lr": 0.01}, "batch_per_device": 128}, "time_since_restore": 91.92784714698792, "timesteps_since_restore": 0, "iterations_since_restore": 2, "mean_throughput": 1305.3667487530377, "atoms": 1, "setup_time": 24.342533111572266}
{"apply": 0.019548583030700683, "batch_time": 0.03272532209565368, "d2h": 0.0006894826889038086, "data_time": 0.0017829508427768717, "fwd": 0.02976725101470947, "get_state_time_mean": NaN, "get_state_time_total": 0.0, "grad": 0.05111403465270996, "mean_accuracy": 0.2856999933719635, "mean_loss": 1.9651367468516032, "neg_mean_accuracy": -0.3716000020503998, "set_state_time_mean": NaN, "set_state_time_total": 0.0, "setup_model_time_mean": NaN, "setup_model_time_total": 0.0, "setup_proc_time_mean": NaN, "setup_proc_time_total": 0.0, "train_accuracy": 0.2999599874019623, "train_loss": 1.9212028861236572, "training_time_mean": NaN, "training_time_total": 0.0, "val_accuracy": 0.3716000020503998, "val_loss": 1.7004559440612792, "validation_time_mean": NaN, "validation_time_total": 0.0, "samples": 60000, "num_workers": 1, "done": true, "timesteps_total": null, "episodes_total": null, "training_iteration": 3, "neg_mean_loss": -1.9651367468516032, "experiment_id": "4d1cc8b6e22940079de38fd4cf3a3786", "date": "2019-06-03_22-26-54", "timestamp": 1559626014, "time_this_iter_s": 42.39315438270569, "time_total_s": 134.3210015296936, "pid": 26268, "hostname": "steropes", "node_ip": "169.229.49.254", "config": {"starting_lr": 0.01, "momentum": 0.95, "weight_decay": 0.005, "steps_per_iteration": null, "pin": false, "model_creator": null, "target_batch_size": 128, "model_string": "resnet50", "min_batch_size": 128, "dataset": "CIFAR", "placement": null, "use_nccl": true, "devices_per_worker": 1, "primary_resource": "extra_gpu", "gpu": false, "verbose": false, "lr_config": {"mode": "log", "steps": 5, "initial_lr": 0.01, "target_lr": 0.01}, "batch_per_device": 128}, "time_since_restore": 134.3210015296936, "timesteps_since_restore": 0, "iterations_since_restore": 3, "mean_throughput": 1340.0690999683452, "atoms": 1, "setup_time": 24.342533111572266}
