apply,batch_time,d2h,data_time,fwd,get_state_time_mean,get_state_time_total,grad,mean_accuracy,mean_loss,neg_mean_accuracy,set_state_time_mean,set_state_time_total,setup_model_time_mean,setup_model_time_total,setup_proc_time_mean,setup_proc_time_total,train_accuracy,train_loss,training_time_mean,training_time_total,validation_time_mean,validation_time_total,samples,num_workers,done,timesteps_total,episodes_total,training_iteration,neg_mean_loss,experiment_id,date,timestamp,time_this_iter_s,time_total_s,pid,hostname,node_ip,config,time_since_restore,timesteps_since_restore,iterations_since_restore,mean_throughput,atoms,resource_time
0.008035945892333984,0.17055058479309082,0.004907584190368653,0.03621524694014569,0.07689449787139893,nan,0.0,0.14837384223937988,0.3928000032901764,1.676397264289856,-0.3928000032901764,nan,0.0,8.771621227264404,8.771621227264404,0.22603893280029297,0.22603893280029297,0.29330000281333923,2.3232416139221193,nan,0.0,nan,0.0,60000,1,False,,,1,-1.676397264289856,2367f1d0dfc1426097d8eb69ed11e711,2019-05-30_15-02-24,1559253744,11.07457971572876,11.07457971572876,9086,steropes,169.229.49.254,"{'starting_lr': 0.01, 'momentum': 0.95, 'weight_decay': 0.0005, 'steps_per_iteration': None, 'pin': False, 'model_creator': None, 'target_batch_size': 1024, 'model_string': 'resnet18', 'min_batch_size': 512, 'dataset': 'CIFAR', 'placement': None, 'use_nccl': True, 'devices_per_worker': 1, 'primary_resource': 'extra_gpu', 'gpu': False, 'verbose': False, 'lr_config': {'mode': 'log', 'steps': 5, 'initial_lr': 0.01, 'target_lr': 0.01}, 'batch_per_device': 1024}",11.07457971572876,0,1,5417.771884288449,1,11.07457971572876
0.007076883316040039,0.11618576049804688,0.005220770835876465,0.04107006228699976,0.020975542068481446,nan,0.0,0.04246335029602051,0.4887000024318695,1.3954621213912963,-0.4887000024318695,nan,0.0,nan,0.0,nan,0.0,0.43915998935699463,1.5280601845550537,nan,0.0,nan,0.0,60000,1,False,,,2,-1.3954621213912963,2367f1d0dfc1426097d8eb69ed11e711,2019-05-30_15-02-32,1559253752,7.162796258926392,18.23737597465515,9086,steropes,169.229.49.254,"{'starting_lr': 0.01, 'momentum': 0.95, 'weight_decay': 0.0005, 'steps_per_iteration': None, 'pin': False, 'model_creator': None, 'target_batch_size': 1024, 'model_string': 'resnet18', 'min_batch_size': 512, 'dataset': 'CIFAR', 'placement': None, 'use_nccl': True, 'devices_per_worker': 1, 'primary_resource': 'extra_gpu', 'gpu': False, 'verbose': False, 'lr_config': {'mode': 'log', 'steps': 5, 'initial_lr': 0.01, 'target_lr': 0.01}, 'batch_per_device': 1024}",18.23737597465515,0,2,6579.768630855247,1,18.23737597465515
0.007760787010192871,0.12553985118865968,0.005298757553100586,0.034482785633632114,0.02293734550476074,nan,0.0,0.045594096183776855,0.5072000026702881,1.3403637804031372,-0.5072000026702881,nan,0.0,nan,0.0,nan,0.0,0.4980199933052063,1.3776128837585448,nan,0.0,nan,0.0,60000,1,False,,,3,-1.3403637804031372,2367f1d0dfc1426097d8eb69ed11e711,2019-05-30_15-02-39,1559253759,7.428502082824707,25.66587805747986,9086,steropes,169.229.49.254,"{'starting_lr': 0.01, 'momentum': 0.95, 'weight_decay': 0.0005, 'steps_per_iteration': None, 'pin': False, 'model_creator': None, 'target_batch_size': 1024, 'model_string': 'resnet18', 'min_batch_size': 512, 'dataset': 'CIFAR', 'placement': None, 'use_nccl': True, 'devices_per_worker': 1, 'primary_resource': 'extra_gpu', 'gpu': False, 'verbose': False, 'lr_config': {'mode': 'log', 'steps': 5, 'initial_lr': 0.01, 'target_lr': 0.01}, 'batch_per_device': 1024}",25.66587805747986,0,3,7013.08744458233,1,25.66587805747986
0.010077834129333496,0.1294705629348755,0.004624366760253906,0.033652023393280654,0.024393892288208006,nan,0.0,0.047671151161193845,0.5493999719619751,1.2430956510543822,-0.5493999719619751,nan,0.0,nan,0.0,nan,0.0,0.5351600050926208,1.2834588471221924,nan,0.0,nan,0.0,60000,1,False,,,4,-1.2430956510543822,2367f1d0dfc1426097d8eb69ed11e711,2019-05-30_15-02-47,1559253767,7.77996826171875,33.44584631919861,9086,steropes,169.229.49.254,"{'starting_lr': 0.01, 'momentum': 0.95, 'weight_decay': 0.0005, 'steps_per_iteration': None, 'pin': False, 'model_creator': None, 'target_batch_size': 1024, 'model_string': 'resnet18', 'min_batch_size': 512, 'dataset': 'CIFAR', 'placement': None, 'use_nccl': True, 'devices_per_worker': 1, 'primary_resource': 'extra_gpu', 'gpu': False, 'verbose': False, 'lr_config': {'mode': 'log', 'steps': 5, 'initial_lr': 0.01, 'target_lr': 0.01}, 'batch_per_device': 1024}",33.44584631919861,0,4,7175.671889922838,1,33.44584631919861
0.007825517654418945,0.12187964916229248,0.005005168914794922,0.027217597377543548,0.024383139610290528,nan,0.0,0.05342326164245605,0.5842999815940857,1.1507791110992431,-0.5842999815940857,nan,0.0,nan,0.0,nan,0.0,0.5698599815368652,1.1930512314224244,nan,0.0,nan,0.0,60000,1,False,,,5,-1.1507791110992431,2367f1d0dfc1426097d8eb69ed11e711,2019-05-30_15-02-54,1559253774,7.611732721328735,41.057579040527344,9086,steropes,169.229.49.254,"{'starting_lr': 0.01, 'momentum': 0.95, 'weight_decay': 0.0005, 'steps_per_iteration': None, 'pin': False, 'model_creator': None, 'target_batch_size': 1024, 'model_string': 'resnet18', 'min_batch_size': 512, 'dataset': 'CIFAR', 'placement': None, 'use_nccl': True, 'devices_per_worker': 1, 'primary_resource': 'extra_gpu', 'gpu': False, 'verbose': False, 'lr_config': {'mode': 'log', 'steps': 5, 'initial_lr': 0.01, 'target_lr': 0.01}, 'batch_per_device': 1024}",41.057579040527344,0,5,7306.709513794282,1,41.057579040527344
0.007876968383789063,0.12177674770355225,0.004889893531799317,0.040093431667405734,0.025769877433776855,nan,0.0,0.0468867301940918,0.6122999787330627,1.0930041471481324,-0.6122999787330627,nan,0.0,nan,0.0,nan,0.0,0.5960800051689148,1.117391422996521,nan,0.0,nan,0.0,60000,1,False,,,6,-1.0930041471481324,2367f1d0dfc1426097d8eb69ed11e711,2019-05-30_15-03-02,1559253782,7.829564809799194,48.88714385032654,9086,steropes,169.229.49.254,"{'starting_lr': 0.01, 'momentum': 0.95, 'weight_decay': 0.0005, 'steps_per_iteration': None, 'pin': False, 'model_creator': None, 'target_batch_size': 1024, 'model_string': 'resnet18', 'min_batch_size': 512, 'dataset': 'CIFAR', 'placement': None, 'use_nccl': True, 'devices_per_worker': 1, 'primary_resource': 'extra_gpu', 'gpu': False, 'verbose': False, 'lr_config': {'mode': 'log', 'steps': 5, 'initial_lr': 0.01, 'target_lr': 0.01}, 'batch_per_device': 1024}",48.88714385032654,0,6,7933.751882498037,1,48.88714385032654
0.007628393173217773,0.12633752822875977,0.004988574981689453,0.038593623102927695,0.02412397861480713,nan,0.0,0.052611374855041505,0.6279000043869019,1.044620947265625,-0.6279000043869019,nan,0.0,nan,0.0,nan,0.0,0.6224799752235413,1.0465863749694824,nan,0.0,nan,0.0,60000,1,False,,,7,-1.044620947265625,2367f1d0dfc1426097d8eb69ed11e711,2019-05-30_15-03-10,1559253790,7.719094276428223,56.60623812675476,9086,steropes,169.229.49.254,"{'starting_lr': 0.01, 'momentum': 0.95, 'weight_decay': 0.0005, 'steps_per_iteration': None, 'pin': False, 'model_creator': None, 'target_batch_size': 1024, 'model_string': 'resnet18', 'min_batch_size': 512, 'dataset': 'CIFAR', 'placement': None, 'use_nccl': True, 'devices_per_worker': 1, 'primary_resource': 'extra_gpu', 'gpu': False, 'verbose': False, 'lr_config': {'mode': 'log', 'steps': 5, 'initial_lr': 0.01, 'target_lr': 0.01}, 'batch_per_device': 1024}",56.60623812675476,0,7,7818.763291540054,1,56.60623812675476
0.007176685333251953,0.12587008476257325,0.0049122095108032225,0.042009956982671,0.02985117435455322,nan,0.0,0.04849064350128174,0.6510999798774719,0.9887062178611755,-0.6510999798774719,nan,0.0,nan,0.0,nan,0.0,0.6426799893379211,0.9985920923805237,nan,0.0,nan,0.0,60000,1,False,,,8,-0.9887062178611755,2367f1d0dfc1426097d8eb69ed11e711,2019-05-30_15-03-18,1559253798,7.987436771392822,64.59367489814758,9086,steropes,169.229.49.254,"{'starting_lr': 0.01, 'momentum': 0.95, 'weight_decay': 0.0005, 'steps_per_iteration': None, 'pin': False, 'model_creator': None, 'target_batch_size': 1024, 'model_string': 'resnet18', 'min_batch_size': 512, 'dataset': 'CIFAR', 'placement': None, 'use_nccl': True, 'devices_per_worker': 1, 'primary_resource': 'extra_gpu', 'gpu': False, 'verbose': False, 'lr_config': {'mode': 'log', 'steps': 5, 'initial_lr': 0.01, 'target_lr': 0.01}, 'batch_per_device': 1024}",64.59367489814758,0,8,7706.499275652597,1,64.59367489814758
0.008112311363220215,0.1252595901489258,0.004772639274597168,0.03841309158169493,0.025598597526550294,nan,0.0,0.050593090057373044,0.6622999906539917,0.9733143745422363,-0.6622999906539917,nan,0.0,nan,0.0,nan,0.0,0.6557999849319458,0.9615025290298462,nan,0.0,nan,0.0,60000,1,False,,,9,-0.9733143745422363,2367f1d0dfc1426097d8eb69ed11e711,2019-05-30_15-03-26,1559253806,7.77023720741272,72.3639121055603,9086,steropes,169.229.49.254,"{'starting_lr': 0.01, 'momentum': 0.95, 'weight_decay': 0.0005, 'steps_per_iteration': None, 'pin': False, 'model_creator': None, 'target_batch_size': 1024, 'model_string': 'resnet18', 'min_batch_size': 512, 'dataset': 'CIFAR', 'placement': None, 'use_nccl': True, 'devices_per_worker': 1, 'primary_resource': 'extra_gpu', 'gpu': False, 'verbose': False, 'lr_config': {'mode': 'log', 'steps': 5, 'initial_lr': 0.01, 'target_lr': 0.01}, 'batch_per_device': 1024}",72.3639121055603,0,9,7708.425713740859,1,72.3639121055603
0.007982969284057617,0.12447845935821533,0.00482029914855957,0.03920263173628827,0.02518763542175293,nan,0.0,0.04944767951965332,0.686199963092804,0.9123424978256226,-0.686199963092804,nan,0.0,nan,0.0,nan,0.0,0.674239993095398,0.9081237679481506,nan,0.0,nan,0.0,60000,1,False,,,10,-0.9123424978256226,2367f1d0dfc1426097d8eb69ed11e711,2019-05-30_15-03-33,1559253813,7.727482557296753,80.09139466285706,9086,steropes,169.229.49.254,"{'starting_lr': 0.01, 'momentum': 0.95, 'weight_decay': 0.0005, 'steps_per_iteration': None, 'pin': False, 'model_creator': None, 'target_batch_size': 1024, 'model_string': 'resnet18', 'min_batch_size': 512, 'dataset': 'CIFAR', 'placement': None, 'use_nccl': True, 'devices_per_worker': 1, 'primary_resource': 'extra_gpu', 'gpu': False, 'verbose': False, 'lr_config': {'mode': 'log', 'steps': 5, 'initial_lr': 0.01, 'target_lr': 0.01}, 'batch_per_device': 1024}",80.09139466285706,0,10,7685.567486256356,1,80.09139466285706
0.007619524002075195,0.12413511276245118,0.005314397811889649,0.030945894669513314,0.02357947826385498,nan,0.0,0.04738471508026123,0.6837999820709229,0.9151017692565918,-0.6837999820709229,nan,0.0,nan,0.0,nan,0.0,0.6900999546051025,0.8718288667297364,nan,0.0,nan,0.0,60000,1,False,,,11,-0.9151017692565918,2367f1d0dfc1426097d8eb69ed11e711,2019-05-30_15-03-41,1559253821,7.617850303649902,87.70924496650696,9086,steropes,169.229.49.254,"{'starting_lr': 0.01, 'momentum': 0.95, 'weight_decay': 0.0005, 'steps_per_iteration': None, 'pin': False, 'model_creator': None, 'target_batch_size': 1024, 'model_string': 'resnet18', 'min_batch_size': 512, 'dataset': 'CIFAR', 'placement': None, 'use_nccl': True, 'devices_per_worker': 1, 'primary_resource': 'extra_gpu', 'gpu': False, 'verbose': False, 'lr_config': {'mode': 'log', 'steps': 5, 'initial_lr': 0.01, 'target_lr': 0.01}, 'batch_per_device': 1024}",87.70924496650696,0,11,7727.478573538134,1,87.70924496650696
0.009690499305725098,0.13883187770843505,0.006137657165527344,0.03674207901468082,0.022080659866333008,nan,0.0,0.04379968643188477,0.6913999915122986,0.8846638083457947,-0.6913999915122986,nan,0.0,nan,0.0,nan,0.0,0.7008000016212463,0.8413081698799133,nan,0.0,nan,0.0,60000,1,False,,,12,-0.8846638083457947,2367f1d0dfc1426097d8eb69ed11e711,2019-05-30_15-03-49,1559253829,7.934526443481445,95.6437714099884,9086,steropes,169.229.49.254,"{'starting_lr': 0.01, 'momentum': 0.95, 'weight_decay': 0.0005, 'steps_per_iteration': None, 'pin': False, 'model_creator': None, 'target_batch_size': 1024, 'model_string': 'resnet18', 'min_batch_size': 512, 'dataset': 'CIFAR', 'placement': None, 'use_nccl': True, 'devices_per_worker': 1, 'primary_resource': 'extra_gpu', 'gpu': False, 'verbose': False, 'lr_config': {'mode': 'log', 'steps': 5, 'initial_lr': 0.01, 'target_lr': 0.01}, 'batch_per_device': 1024}",95.6437714099884,0,12,7684.83379047309,1,95.6437714099884
0.007065963745117187,0.12290682792663574,0.005108428001403808,0.04941444980854891,0.02080838680267334,nan,0.0,0.04498493671417236,0.7057999968528748,0.845210797405243,-0.7057999968528748,nan,0.0,nan,0.0,nan,0.0,0.7093999981880188,0.813619457912445,nan,0.0,nan,0.0,60000,1,False,,,13,-0.845210797405243,2367f1d0dfc1426097d8eb69ed11e711,2019-05-30_15-03-57,1559253837,7.97866678237915,103.62243819236755,9086,steropes,169.229.49.254,"{'starting_lr': 0.01, 'momentum': 0.95, 'weight_decay': 0.0005, 'steps_per_iteration': None, 'pin': False, 'model_creator': None, 'target_batch_size': 1024, 'model_string': 'resnet18', 'min_batch_size': 512, 'dataset': 'CIFAR', 'placement': None, 'use_nccl': True, 'devices_per_worker': 1, 'primary_resource': 'extra_gpu', 'gpu': False, 'verbose': False, 'lr_config': {'mode': 'log', 'steps': 5, 'initial_lr': 0.01, 'target_lr': 0.01}, 'batch_per_device': 1024}",103.62243819236755,0,13,7686.5615856318855,1,103.62243819236755
0.007832098007202148,0.11923775672912598,0.004600071907043457,0.04072737693786621,0.02160181999206543,nan,0.0,0.046409440040588376,0.7106999754905701,0.8344931139945984,-0.7106999754905701,nan,0.0,nan,0.0,nan,0.0,0.7217999696731567,0.7796726647949219,nan,0.0,nan,0.0,60000,1,False,,,14,-0.8344931139945984,2367f1d0dfc1426097d8eb69ed11e711,2019-05-30_15-04-04,1559253844,7.360805511474609,110.98324370384216,9086,steropes,169.229.49.254,"{'starting_lr': 0.01, 'momentum': 0.95, 'weight_decay': 0.0005, 'steps_per_iteration': None, 'pin': False, 'model_creator': None, 'target_batch_size': 1024, 'model_string': 'resnet18', 'min_batch_size': 512, 'dataset': 'CIFAR', 'placement': None, 'use_nccl': True, 'devices_per_worker': 1, 'primary_resource': 'extra_gpu', 'gpu': False, 'verbose': False, 'lr_config': {'mode': 'log', 'steps': 5, 'initial_lr': 0.01, 'target_lr': 0.01}, 'batch_per_device': 1024}",110.98324370384216,0,14,7768.05150865962,1,110.98324370384216
0.007174539566040039,0.11792628765106201,0.0046775579452514645,0.04195566566622987,0.020711493492126466,nan,0.0,0.04256353378295898,0.7060999870300293,0.8504231205940247,-0.7060999870300293,nan,0.0,nan,0.0,nan,0.0,0.7270799875259399,0.7657029976654053,nan,0.0,nan,0.0,60000,1,False,,,15,-0.8504231205940247,2367f1d0dfc1426097d8eb69ed11e711,2019-05-30_15-04-12,1559253852,7.305281400680542,118.2885251045227,9086,steropes,169.229.49.254,"{'starting_lr': 0.01, 'momentum': 0.95, 'weight_decay': 0.0005, 'steps_per_iteration': None, 'pin': False, 'model_creator': None, 'target_batch_size': 1024, 'model_string': 'resnet18', 'min_batch_size': 512, 'dataset': 'CIFAR', 'placement': None, 'use_nccl': True, 'devices_per_worker': 1, 'primary_resource': 'extra_gpu', 'gpu': False, 'verbose': False, 'lr_config': {'mode': 'log', 'steps': 5, 'initial_lr': 0.01, 'target_lr': 0.01}, 'batch_per_device': 1024}",118.2885251045227,0,15,7853.9112604934135,1,118.2885251045227
0.007939624786376952,0.11786019802093506,0.004929351806640625,0.03947268700113102,0.02263360023498535,nan,0.0,0.04277801513671875,0.7042999863624573,0.8646005177497864,-0.7042999863624573,nan,0.0,nan,0.0,nan,0.0,0.7340999841690063,0.7438188303756714,nan,0.0,nan,0.0,60000,1,False,,,16,-0.8646005177497864,2367f1d0dfc1426097d8eb69ed11e711,2019-05-30_15-04-19,1559253859,7.385735273361206,125.67426037788391,9086,steropes,169.229.49.254,"{'starting_lr': 0.01, 'momentum': 0.95, 'weight_decay': 0.0005, 'steps_per_iteration': None, 'pin': False, 'model_creator': None, 'target_batch_size': 1024, 'model_string': 'resnet18', 'min_batch_size': 512, 'dataset': 'CIFAR', 'placement': None, 'use_nccl': True, 'devices_per_worker': 1, 'primary_resource': 'extra_gpu', 'gpu': False, 'verbose': False, 'lr_config': {'mode': 'log', 'steps': 5, 'initial_lr': 0.01, 'target_lr': 0.01}, 'batch_per_device': 1024}",125.67426037788391,0,16,7901.930869747806,1,125.67426037788391
0.007909917831420898,0.12259585857391357,0.0045336723327636715,0.036476247164667866,0.024127197265625,nan,0.0,0.04486582279205322,0.7192999720573425,0.8153268787384034,-0.7192999720573425,nan,0.0,nan,0.0,nan,0.0,0.7457999587059021,0.7140354089736939,nan,0.0,nan,0.0,60000,1,False,,,17,-0.8153268787384034,2367f1d0dfc1426097d8eb69ed11e711,2019-05-30_15-04-27,1559253867,7.5890069007873535,133.26326727867126,9086,steropes,169.229.49.254,"{'starting_lr': 0.01, 'momentum': 0.95, 'weight_decay': 0.0005, 'steps_per_iteration': None, 'pin': False, 'model_creator': None, 'target_batch_size': 1024, 'model_string': 'resnet18', 'min_batch_size': 512, 'dataset': 'CIFAR', 'placement': None, 'use_nccl': True, 'devices_per_worker': 1, 'primary_resource': 'extra_gpu', 'gpu': False, 'verbose': False, 'lr_config': {'mode': 'log', 'steps': 5, 'initial_lr': 0.01, 'target_lr': 0.01}, 'batch_per_device': 1024}",133.26326727867126,0,17,7974.50503188259,1,133.26326727867126
0.007029008865356445,0.1173635721206665,0.0050508975982666016,0.03836017725419025,0.021895170211791992,nan,0.0,0.042319321632385255,0.7276999950408936,0.7873962749481201,-0.7276999950408936,nan,0.0,nan,0.0,nan,0.0,0.750819981098175,0.6970621603012085,nan,0.0,nan,0.0,60000,1,False,,,18,-0.7873962749481201,2367f1d0dfc1426097d8eb69ed11e711,2019-05-30_15-04-34,1559253874,7.8114914894104,141.07475876808167,9086,steropes,169.229.49.254,"{'starting_lr': 0.01, 'momentum': 0.95, 'weight_decay': 0.0005, 'steps_per_iteration': None, 'pin': False, 'model_creator': None, 'target_batch_size': 1024, 'model_string': 'resnet18', 'min_batch_size': 512, 'dataset': 'CIFAR', 'placement': None, 'use_nccl': True, 'devices_per_worker': 1, 'primary_resource': 'extra_gpu', 'gpu': False, 'verbose': False, 'lr_config': {'mode': 'log', 'steps': 5, 'initial_lr': 0.01, 'target_lr': 0.01}, 'batch_per_device': 1024}",141.07475876808167,0,18,8010.098179803702,1,141.07475876808167
0.008730673789978027,0.12600457668304443,0.005058932304382324,0.034271824116609534,0.02099878787994385,nan,0.0,0.04284138679504394,0.7372999787330627,0.7771618751525879,-0.7372999787330627,nan,0.0,nan,0.0,nan,0.0,0.7576599717140198,0.675103100528717,nan,0.0,nan,0.0,60000,1,False,,,19,-0.7771618751525879,2367f1d0dfc1426097d8eb69ed11e711,2019-05-30_15-04-42,1559253882,7.765205144882202,148.83996391296387,9086,steropes,169.229.49.254,"{'starting_lr': 0.01, 'momentum': 0.95, 'weight_decay': 0.0005, 'steps_per_iteration': None, 'pin': False, 'model_creator': None, 'target_batch_size': 1024, 'model_string': 'resnet18', 'min_batch_size': 512, 'dataset': 'CIFAR', 'placement': None, 'use_nccl': True, 'devices_per_worker': 1, 'primary_resource': 'extra_gpu', 'gpu': False, 'verbose': False, 'lr_config': {'mode': 'log', 'steps': 5, 'initial_lr': 0.01, 'target_lr': 0.01}, 'batch_per_device': 1024}",148.83996391296387,0,19,7924.532429950891,1,148.83996391296387
0.007800841331481933,0.12737741470336914,0.005901789665222168,0.03570722073924785,0.025032925605773925,nan,0.0,0.04637165069580078,0.7329999804496765,0.81810712890625,-0.7329999804496765,nan,0.0,nan,0.0,nan,0.0,0.7676999568939209,0.6547877486991882,nan,0.0,nan,0.0,60000,1,False,,,20,-0.81810712890625,2367f1d0dfc1426097d8eb69ed11e711,2019-05-30_15-04-50,1559253890,7.629182577133179,156.46914649009705,9086,steropes,169.229.49.254,"{'starting_lr': 0.01, 'momentum': 0.95, 'weight_decay': 0.0005, 'steps_per_iteration': None, 'pin': False, 'model_creator': None, 'target_batch_size': 1024, 'model_string': 'resnet18', 'min_batch_size': 512, 'dataset': 'CIFAR', 'placement': None, 'use_nccl': True, 'devices_per_worker': 1, 'primary_resource': 'extra_gpu', 'gpu': False, 'verbose': False, 'lr_config': {'mode': 'log', 'steps': 5, 'initial_lr': 0.01, 'target_lr': 0.01}, 'batch_per_device': 1024}",156.46914649009705,0,20,7857.306126577947,1,156.46914649009705
0.008143305778503418,0.1311403274536133,0.005129384994506836,0.03684916301649444,0.024631261825561523,nan,0.0,0.04616858959197998,0.7479999661445618,0.7436833262443543,-0.7479999661445618,nan,0.0,nan,0.0,nan,0.0,0.7743200063705444,0.6354777320098877,nan,0.0,nan,0.0,60000,1,False,,,21,-0.7436833262443543,2367f1d0dfc1426097d8eb69ed11e711,2019-05-30_15-04-58,1559253898,7.888617038726807,164.35776352882385,9086,steropes,169.229.49.254,"{'starting_lr': 0.01, 'momentum': 0.95, 'weight_decay': 0.0005, 'steps_per_iteration': None, 'pin': False, 'model_creator': None, 'target_batch_size': 1024, 'model_string': 'resnet18', 'min_batch_size': 512, 'dataset': 'CIFAR', 'placement': None, 'use_nccl': True, 'devices_per_worker': 1, 'primary_resource': 'extra_gpu', 'gpu': False, 'verbose': False, 'lr_config': {'mode': 'log', 'steps': 5, 'initial_lr': 0.01, 'target_lr': 0.01}, 'batch_per_device': 1024}",164.35776352882385,0,21,7755.162118659285,1,164.35776352882385
0.007601618766784668,0.11889657974243165,0.006437373161315918,0.028969098110588228,0.021218466758728027,nan,0.0,0.04263989925384522,0.7475999593734741,0.7565283640861511,-0.7475999593734741,nan,0.0,nan,0.0,nan,0.0,0.7777000069618225,0.6280650966262817,nan,0.0,nan,0.0,60000,1,False,,,22,-0.7565283640861511,2367f1d0dfc1426097d8eb69ed11e711,2019-05-30_15-05-06,1559253906,7.7255706787109375,172.0833342075348,9086,steropes,169.229.49.254,"{'starting_lr': 0.01, 'momentum': 0.95, 'weight_decay': 0.0005, 'steps_per_iteration': None, 'pin': False, 'model_creator': None, 'target_batch_size': 1024, 'model_string': 'resnet18', 'min_batch_size': 512, 'dataset': 'CIFAR', 'placement': None, 'use_nccl': True, 'devices_per_worker': 1, 'primary_resource': 'extra_gpu', 'gpu': False, 'verbose': False, 'lr_config': {'mode': 'log', 'steps': 5, 'initial_lr': 0.01, 'target_lr': 0.01}, 'batch_per_device': 1024}",172.0833342075348,0,22,7727.881214308161,1,172.0833342075348
0.007520151138305664,0.12831339836120606,0.004822087287902832,0.031282512509092995,0.02102673053741455,nan,0.0,0.042318201065063475,0.7455999851226807,0.7513107667922974,-0.7455999851226807,nan,0.0,nan,0.0,nan,0.0,0.777239978313446,0.6188447551155091,nan,0.0,nan,0.0,60000,1,False,,,23,-0.7513107667922974,2367f1d0dfc1426097d8eb69ed11e711,2019-05-30_15-05-13,1559253913,7.758084297180176,179.84141850471497,9086,steropes,169.229.49.254,"{'starting_lr': 0.01, 'momentum': 0.95, 'weight_decay': 0.0005, 'steps_per_iteration': None, 'pin': False, 'model_creator': None, 'target_batch_size': 1024, 'model_string': 'resnet18', 'min_batch_size': 512, 'dataset': 'CIFAR', 'placement': None, 'use_nccl': True, 'devices_per_worker': 1, 'primary_resource': 'extra_gpu', 'gpu': False, 'verbose': False, 'lr_config': {'mode': 'log', 'steps': 5, 'initial_lr': 0.01, 'target_lr': 0.01}, 'batch_per_device': 1024}",179.84141850471497,0,23,7738.528192861388,1,179.84141850471497
0.007633495330810547,0.12481052875518799,0.006201696395874023,0.03171737826600367,0.02667567729949951,nan,0.0,0.05664603710174561,0.7468000054359436,0.7466687375068665,-0.7468000054359436,nan,0.0,nan,0.0,nan,0.0,0.7876799702644348,0.5938815517234802,nan,0.0,nan,0.0,60000,1,False,,,24,-0.7466687375068665,2367f1d0dfc1426097d8eb69ed11e711,2019-05-30_15-05-21,1559253921,7.550101280212402,187.39151978492737,9086,steropes,169.229.49.254,"{'starting_lr': 0.01, 'momentum': 0.95, 'weight_decay': 0.0005, 'steps_per_iteration': None, 'pin': False, 'model_creator': None, 'target_batch_size': 1024, 'model_string': 'resnet18', 'min_batch_size': 512, 'dataset': 'CIFAR', 'placement': None, 'use_nccl': True, 'devices_per_worker': 1, 'primary_resource': 'extra_gpu', 'gpu': False, 'verbose': False, 'lr_config': {'mode': 'log', 'steps': 5, 'initial_lr': 0.01, 'target_lr': 0.01}, 'batch_per_device': 1024}",187.39151978492737,0,24,7781.687620948482,1,187.39151978492737
0.007938385009765625,0.1296543836593628,0.00550992488861084,0.04031932597257653,0.02328810691833496,nan,0.0,0.05028579235076904,0.7548999786376953,0.7384853031158447,-0.7548999786376953,nan,0.0,nan,0.0,nan,0.0,0.7962799668312073,0.5757388808822632,nan,0.0,nan,0.0,60000,1,False,,,25,-0.7384853031158447,2367f1d0dfc1426097d8eb69ed11e711,2019-05-30_15-05-29,1559253929,7.7535035610198975,195.14502334594727,9086,steropes,169.229.49.254,"{'starting_lr': 0.01, 'momentum': 0.95, 'weight_decay': 0.0005, 'steps_per_iteration': None, 'pin': False, 'model_creator': None, 'target_batch_size': 1024, 'model_string': 'resnet18', 'min_batch_size': 512, 'dataset': 'CIFAR', 'placement': None, 'use_nccl': True, 'devices_per_worker': 1, 'primary_resource': 'extra_gpu', 'gpu': False, 'verbose': False, 'lr_config': {'mode': 'log', 'steps': 5, 'initial_lr': 0.01, 'target_lr': 0.01}, 'batch_per_device': 1024}",195.14502334594727,0,25,7756.673897711015,1,195.14502334594727
0.00814356803894043,0.11882743835449219,0.0052923917770385746,0.0425934548280677,0.023179125785827637,nan,0.0,0.04223613739013672,0.7543999552726746,0.7468705306053162,-0.7543999552726746,nan,0.0,nan,0.0,nan,0.0,0.8039199709892273,0.5538477972602844,nan,0.0,nan,0.0,60000,1,False,,,26,-0.7468705306053162,2367f1d0dfc1426097d8eb69ed11e711,2019-05-30_15-05-36,1559253936,7.33540940284729,202.48043274879456,9086,steropes,169.229.49.254,"{'starting_lr': 0.01, 'momentum': 0.95, 'weight_decay': 0.0005, 'steps_per_iteration': None, 'pin': False, 'model_creator': None, 'target_batch_size': 1024, 'model_string': 'resnet18', 'min_batch_size': 512, 'dataset': 'CIFAR', 'placement': None, 'use_nccl': True, 'devices_per_worker': 1, 'primary_resource': 'extra_gpu', 'gpu': False, 'verbose': False, 'lr_config': {'mode': 'log', 'steps': 5, 'initial_lr': 0.01, 'target_lr': 0.01}, 'batch_per_device': 1024}",202.48043274879456,0,26,7869.231285610741,1,202.48043274879456
0.00703580379486084,0.12855675220489501,0.0051955699920654295,0.030326264245169505,0.02100813388824463,nan,0.0,0.043585801124572755,0.7576999664306641,0.7331050941467285,-0.7576999664306641,nan,0.0,nan,0.0,nan,0.0,0.8032999634742737,0.5521799993515014,nan,0.0,nan,0.0,60000,1,False,,,27,-0.7331050941467285,2367f1d0dfc1426097d8eb69ed11e711,2019-05-30_15-08-15,1559254095,7.646025657653809,210.12645840644836,9086,steropes,169.229.49.254,"{'starting_lr': 0.01, 'momentum': 0.95, 'weight_decay': 0.0005, 'steps_per_iteration': None, 'pin': False, 'model_creator': None, 'target_batch_size': 1024, 'model_string': 'resnet18', 'min_batch_size': 512, 'dataset': 'CIFAR', 'placement': None, 'use_nccl': True, 'devices_per_worker': 1, 'primary_resource': 'extra_gpu', 'gpu': False, 'verbose': False, 'lr_config': {'mode': 'log', 'steps': 5, 'initial_lr': 0.01, 'target_lr': 0.01}, 'batch_per_device': 1024}",210.12645840644836,0,27,7885.672528359572,1,210.12645840644836
0.007194066047668457,0.13483731746673583,0.004910755157470703,0.0411811994046581,0.02197575569152832,nan,0.0,0.041579174995422366,0.7602999806404114,0.7263231087684632,-0.7602999806404114,nan,0.0,nan,0.0,nan,0.0,0.8095999956130981,0.5377577046775818,nan,0.0,nan,0.0,60000,1,False,,,28,-0.7263231087684632,2367f1d0dfc1426097d8eb69ed11e711,2019-05-30_15-08-22,1559254102,7.6941773891448975,217.82063579559326,9086,steropes,169.229.49.254,"{'starting_lr': 0.01, 'momentum': 0.95, 'weight_decay': 0.0005, 'steps_per_iteration': None, 'pin': False, 'model_creator': None, 'target_batch_size': 1024, 'model_string': 'resnet18', 'min_batch_size': 512, 'dataset': 'CIFAR', 'placement': None, 'use_nccl': True, 'devices_per_worker': 1, 'primary_resource': 'extra_gpu', 'gpu': False, 'verbose': False, 'lr_config': {'mode': 'log', 'steps': 5, 'initial_lr': 0.01, 'target_lr': 0.01}, 'batch_per_device': 1024}",217.82063579559326,0,28,7898.941554517296,1,217.82063579559326
0.008478546142578125,0.12253484725952149,0.0068123102188110355,0.03781523023332868,0.024801349639892577,nan,0.0,0.050876402854919435,0.7568999528884888,0.7258777394294739,-0.7568999528884888,nan,0.0,nan,0.0,nan,0.0,0.8098199963569641,0.5320771054458618,nan,0.0,nan,0.0,60000,1,False,,,29,-0.7258777394294739,2367f1d0dfc1426097d8eb69ed11e711,2019-05-30_15-08-30,1559254110,7.6615095138549805,225.48214530944824,9086,steropes,169.229.49.254,"{'starting_lr': 0.01, 'momentum': 0.95, 'weight_decay': 0.0005, 'steps_per_iteration': None, 'pin': False, 'model_creator': None, 'target_batch_size': 1024, 'model_string': 'resnet18', 'min_batch_size': 512, 'dataset': 'CIFAR', 'placement': None, 'use_nccl': True, 'devices_per_worker': 1, 'primary_resource': 'extra_gpu', 'gpu': False, 'verbose': False, 'lr_config': {'mode': 'log', 'steps': 5, 'initial_lr': 0.01, 'target_lr': 0.01}, 'batch_per_device': 1024}",225.48214530944824,0,29,7875.85749131135,1,225.48214530944824
0.008774065971374511,0.1261573314666748,0.006861472129821777,0.047665717650432975,0.022119665145874025,nan,0.0,0.04722077846527099,0.7587999701499939,0.7340068594932556,-0.7587999701499939,nan,0.0,nan,0.0,nan,0.0,0.8207399845123291,0.5083130279350281,nan,0.0,nan,0.0,60000,1,False,,,30,-0.7340068594932556,2367f1d0dfc1426097d8eb69ed11e711,2019-05-30_15-08-38,1559254118,8.112106323242188,233.59425163269043,9086,steropes,169.229.49.254,"{'starting_lr': 0.01, 'momentum': 0.95, 'weight_decay': 0.0005, 'steps_per_iteration': None, 'pin': False, 'model_creator': None, 'target_batch_size': 1024, 'model_string': 'resnet18', 'min_batch_size': 512, 'dataset': 'CIFAR', 'placement': None, 'use_nccl': True, 'devices_per_worker': 1, 'primary_resource': 'extra_gpu', 'gpu': False, 'verbose': False, 'lr_config': {'mode': 'log', 'steps': 5, 'initial_lr': 0.01, 'target_lr': 0.01}, 'batch_per_device': 1024}",233.59425163269043,0,30,7802.404071257561,1,233.59425163269043
0.007419466972351074,0.11949505805969238,0.004586696624755859,0.03278746410292022,0.02236130237579346,nan,0.0,0.04819242954254151,0.7544999718666077,0.7520605979919434,-0.7544999718666077,nan,0.0,nan,0.0,nan,0.0,0.821899950504303,0.503320814037323,nan,0.0,nan,0.0,60000,1,False,,,31,-0.7520605979919434,2367f1d0dfc1426097d8eb69ed11e711,2019-05-30_15-08-46,1559254126,7.495713710784912,241.08996534347534,9086,steropes,169.229.49.254,"{'starting_lr': 0.01, 'momentum': 0.95, 'weight_decay': 0.0005, 'steps_per_iteration': None, 'pin': False, 'model_creator': None, 'target_batch_size': 1024, 'model_string': 'resnet18', 'min_batch_size': 512, 'dataset': 'CIFAR', 'placement': None, 'use_nccl': True, 'devices_per_worker': 1, 'primary_resource': 'extra_gpu', 'gpu': False, 'verbose': False, 'lr_config': {'mode': 'log', 'steps': 5, 'initial_lr': 0.01, 'target_lr': 0.01}, 'batch_per_device': 1024}",241.08996534347534,0,31,7770.008510821604,1,241.08996534347534
0.007547497749328613,0.12737658023834228,0.006306219100952149,0.03595589131725078,0.023132801055908203,nan,0.0,0.044362330436706544,0.755299985408783,0.7480684823989868,-0.755299985408783,nan,0.0,nan,0.0,nan,0.0,0.8199399709701538,0.4990748055648804,nan,0.0,nan,0.0,60000,1,False,,,32,-0.7480684823989868,2367f1d0dfc1426097d8eb69ed11e711,2019-05-30_15-08-53,1559254133,7.5657737255096436,248.65573906898499,9086,steropes,169.229.49.254,"{'starting_lr': 0.01, 'momentum': 0.95, 'weight_decay': 0.0005, 'steps_per_iteration': None, 'pin': False, 'model_creator': None, 'target_batch_size': 1024, 'model_string': 'resnet18', 'min_batch_size': 512, 'dataset': 'CIFAR', 'placement': None, 'use_nccl': True, 'devices_per_worker': 1, 'primary_resource': 'extra_gpu', 'gpu': False, 'verbose': False, 'lr_config': {'mode': 'log', 'steps': 5, 'initial_lr': 0.01, 'target_lr': 0.01}, 'batch_per_device': 1024}",248.65573906898499,0,32,7786.202923950963,1,248.65573906898499
0.008206486701965332,0.1235316276550293,0.007352471351623535,0.04464552353839485,0.02133309841156006,nan,0.0,0.043248987197875975,0.7669000029563904,0.7279535047531128,-0.7669000029563904,nan,0.0,nan,0.0,nan,0.0,0.8268799781799316,0.4854950636291504,nan,0.0,nan,0.0,60000,1,False,,,33,-0.7279535047531128,2367f1d0dfc1426097d8eb69ed11e711,2019-05-30_15-09-01,1559254141,7.923843622207642,256.5795826911926,9086,steropes,169.229.49.254,"{'starting_lr': 0.01, 'momentum': 0.95, 'weight_decay': 0.0005, 'steps_per_iteration': None, 'pin': False, 'model_creator': None, 'target_batch_size': 1024, 'model_string': 'resnet18', 'min_batch_size': 512, 'dataset': 'CIFAR', 'placement': None, 'use_nccl': True, 'devices_per_worker': 1, 'primary_resource': 'extra_gpu', 'gpu': False, 'verbose': False, 'lr_config': {'mode': 'log', 'steps': 5, 'initial_lr': 0.01, 'target_lr': 0.01}, 'batch_per_device': 1024}",256.5795826911926,0,33,7740.06420207635,1,256.5795826911926
0.007512021064758301,0.12616047859191895,0.005290460586547851,0.03997440727389589,0.029266953468322754,nan,0.0,0.060854315757751465,0.7718999981880188,0.7042516160964966,-0.7718999981880188,nan,0.0,nan,0.0,nan,0.0,0.8313199877738953,0.4738908606433868,nan,0.0,nan,0.0,60000,1,False,,,34,-0.7042516160964966,2367f1d0dfc1426097d8eb69ed11e711,2019-05-30_15-09-09,1559254149,7.823418855667114,264.40300154685974,9086,steropes,169.229.49.254,"{'starting_lr': 0.01, 'momentum': 0.95, 'weight_decay': 0.0005, 'steps_per_iteration': None, 'pin': False, 'model_creator': None, 'target_batch_size': 1024, 'model_string': 'resnet18', 'min_batch_size': 512, 'dataset': 'CIFAR', 'placement': None, 'use_nccl': True, 'devices_per_worker': 1, 'primary_resource': 'extra_gpu', 'gpu': False, 'verbose': False, 'lr_config': {'mode': 'log', 'steps': 5, 'initial_lr': 0.01, 'target_lr': 0.01}, 'batch_per_device': 1024}",264.40300154685974,0,34,7707.866307774761,1,264.40300154685974
0.009162282943725586,0.11900985240936279,0.005535531044006348,0.036566661328685524,0.021872687339782714,nan,0.0,0.04639160633087158,0.7754999995231628,0.710087455368042,-0.7754999995231628,nan,0.0,nan,0.0,nan,0.0,0.8412799835205078,0.4483916551971436,nan,0.0,nan,0.0,60000,1,False,,,35,-0.710087455368042,2367f1d0dfc1426097d8eb69ed11e711,2019-05-30_15-09-17,1559254157,7.521609783172607,271.92461133003235,9086,steropes,169.229.49.254,"{'starting_lr': 0.01, 'momentum': 0.95, 'weight_decay': 0.0005, 'steps_per_iteration': None, 'pin': False, 'model_creator': None, 'target_batch_size': 1024, 'model_string': 'resnet18', 'min_batch_size': 512, 'dataset': 'CIFAR', 'placement': None, 'use_nccl': True, 'devices_per_worker': 1, 'primary_resource': 'extra_gpu', 'gpu': False, 'verbose': False, 'lr_config': {'mode': 'log', 'steps': 5, 'initial_lr': 0.01, 'target_lr': 0.01}, 'batch_per_device': 1024}",271.92461133003235,0,35,7826.607297073867,1,271.92461133003235
0.0071689367294311525,0.13484668731689453,0.005353498458862305,0.03215228294839664,0.02110111713409424,nan,0.0,0.045537805557250975,0.7764999866485596,0.6876781381607056,-0.7764999866485596,nan,0.0,nan,0.0,nan,0.0,0.8418200016021729,0.4460405715560913,nan,0.0,nan,0.0,60000,1,False,,,36,-0.6876781381607056,2367f1d0dfc1426097d8eb69ed11e711,2019-05-30_15-09-24,1559254164,7.774313449859619,279.69892477989197,9086,steropes,169.229.49.254,"{'starting_lr': 0.01, 'momentum': 0.95, 'weight_decay': 0.0005, 'steps_per_iteration': None, 'pin': False, 'model_creator': None, 'target_batch_size': 1024, 'model_string': 'resnet18', 'min_batch_size': 512, 'dataset': 'CIFAR', 'placement': None, 'use_nccl': True, 'devices_per_worker': 1, 'primary_resource': 'extra_gpu', 'gpu': False, 'verbose': False, 'lr_config': {'mode': 'log', 'steps': 5, 'initial_lr': 0.01, 'target_lr': 0.01}, 'batch_per_device': 1024}",279.69892477989197,0,36,7770.112053419521,1,279.69892477989197
0.008090853691101074,0.1352318286895752,0.005116581916809082,0.04096090550325355,0.022606897354125976,nan,0.0,0.05125124454498291,0.7705000042915344,0.7269835639953613,-0.7705000042915344,nan,0.0,nan,0.0,nan,0.0,0.8424800038337708,0.44138336936950684,nan,0.0,nan,0.0,60000,1,False,,,37,-0.7269835639953613,2367f1d0dfc1426097d8eb69ed11e711,2019-05-30_15-09-32,1559254172,7.863488674163818,287.5624134540558,9086,steropes,169.229.49.254,"{'starting_lr': 0.01, 'momentum': 0.95, 'weight_decay': 0.0005, 'steps_per_iteration': None, 'pin': False, 'model_creator': None, 'target_batch_size': 1024, 'model_string': 'resnet18', 'min_batch_size': 512, 'dataset': 'CIFAR', 'placement': None, 'use_nccl': True, 'devices_per_worker': 1, 'primary_resource': 'extra_gpu', 'gpu': False, 'verbose': False, 'lr_config': {'mode': 'log', 'steps': 5, 'initial_lr': 0.01, 'target_lr': 0.01}, 'batch_per_device': 1024}",287.5624134540558,0,37,7710.656967826518,1,287.5624134540558
0.009761834144592285,0.12514286041259765,0.004863619804382324,0.03370328338778749,0.02450423240661621,nan,0.0,0.05374853610992432,0.7670999765396118,0.7421370783805847,-0.7670999765396118,nan,0.0,nan,0.0,nan,0.0,0.8438199758529663,0.4374547101688385,nan,0.0,nan,0.0,60000,1,False,,,38,-0.7421370783805847,2367f1d0dfc1426097d8eb69ed11e711,2019-05-30_15-09-40,1559254180,7.467634677886963,295.03004813194275,9086,steropes,169.229.49.254,"{'starting_lr': 0.01, 'momentum': 0.95, 'weight_decay': 0.0005, 'steps_per_iteration': None, 'pin': False, 'model_creator': None, 'target_batch_size': 1024, 'model_string': 'resnet18', 'min_batch_size': 512, 'dataset': 'CIFAR', 'placement': None, 'use_nccl': True, 'devices_per_worker': 1, 'primary_resource': 'extra_gpu', 'gpu': False, 'verbose': False, 'lr_config': {'mode': 'log', 'steps': 5, 'initial_lr': 0.01, 'target_lr': 0.01}, 'batch_per_device': 1024}",295.03004813194275,0,38,7802.142870456401,1,295.03004813194275
0.007490730285644532,0.11812682151794433,0.0052512168884277345,0.027135158071712573,0.0260009765625,nan,0.0,0.04904167652130127,0.7770999670028687,0.7077386607170105,-0.7770999670028687,nan,0.0,nan,0.0,nan,0.0,0.8502799868583679,0.4246538477039337,nan,0.0,nan,0.0,60000,1,False,,,39,-0.7077386607170105,2367f1d0dfc1426097d8eb69ed11e711,2019-05-30_15-09-47,1559254187,7.470275402069092,302.50032353401184,9086,steropes,169.229.49.254,"{'starting_lr': 0.01, 'momentum': 0.95, 'weight_decay': 0.0005, 'steps_per_iteration': None, 'pin': False, 'model_creator': None, 'target_batch_size': 1024, 'model_string': 'resnet18', 'min_batch_size': 512, 'dataset': 'CIFAR', 'placement': None, 'use_nccl': True, 'devices_per_worker': 1, 'primary_resource': 'extra_gpu', 'gpu': False, 'verbose': False, 'lr_config': {'mode': 'log', 'steps': 5, 'initial_lr': 0.01, 'target_lr': 0.01}, 'batch_per_device': 1024}",302.50032353401184,0,39,7874.462603125173,1,302.50032353401184
0.007586622238159179,0.1316511631011963,0.005632948875427246,0.03984342302594866,0.021949028968811034,nan,0.0,0.04818658828735352,0.7718999981880188,0.7516831907272339,-0.7718999981880188,nan,0.0,nan,0.0,nan,0.0,0.855459988117218,0.4074211750507355,nan,0.0,nan,0.0,60000,1,False,,,40,-0.7516831907272339,2367f1d0dfc1426097d8eb69ed11e711,2019-05-30_15-09-55,1559254195,7.889336347579956,310.3896598815918,9086,steropes,169.229.49.254,"{'starting_lr': 0.01, 'momentum': 0.95, 'weight_decay': 0.0005, 'steps_per_iteration': None, 'pin': False, 'model_creator': None, 'target_batch_size': 1024, 'model_string': 'resnet18', 'min_batch_size': 512, 'dataset': 'CIFAR', 'placement': None, 'use_nccl': True, 'devices_per_worker': 1, 'primary_resource': 'extra_gpu', 'gpu': False, 'verbose': False, 'lr_config': {'mode': 'log', 'steps': 5, 'initial_lr': 0.01, 'target_lr': 0.01}, 'batch_per_device': 1024}",310.3896598815918,0,40,7799.183123602558,1,310.3896598815918
0.007952213287353516,0.13584308624267577,0.004861593246459961,0.0383222687001131,0.031604576110839847,nan,0.0,0.05631961822509766,0.7705000042915344,0.7408820435523987,-0.7705000042915344,nan,0.0,nan,0.0,nan,0.0,0.855959951877594,0.4018519738674164,nan,0.0,nan,0.0,60000,1,False,,,41,-0.7408820435523987,2367f1d0dfc1426097d8eb69ed11e711,2019-05-30_15-10-03,1559254203,7.718132972717285,318.1077928543091,9086,steropes,169.229.49.254,"{'starting_lr': 0.01, 'momentum': 0.95, 'weight_decay': 0.0005, 'steps_per_iteration': None, 'pin': False, 'model_creator': None, 'target_batch_size': 1024, 'model_string': 'resnet18', 'min_batch_size': 512, 'dataset': 'CIFAR', 'placement': None, 'use_nccl': True, 'devices_per_worker': 1, 'primary_resource': 'extra_gpu', 'gpu': False, 'verbose': False, 'lr_config': {'mode': 'log', 'steps': 5, 'initial_lr': 0.01, 'target_lr': 0.01}, 'batch_per_device': 1024}",318.1077928543091,0,41,7810.61121070336,1,318.1077928543091
0.007702970504760742,0.12908494472503662,0.006593394279479981,0.039266810125234176,0.0264406681060791,nan,0.0,0.048689532279968264,0.7642999887466431,0.7733784922599792,-0.7642999887466431,nan,0.0,nan,0.0,nan,0.0,0.8574000000953674,0.40050239555358885,nan,0.0,nan,0.0,60000,1,False,,,42,-0.7733784922599792,2367f1d0dfc1426097d8eb69ed11e711,2019-05-30_15-10-11,1559254211,7.750192403793335,325.8579852581024,9086,steropes,169.229.49.254,"{'starting_lr': 0.01, 'momentum': 0.95, 'weight_decay': 0.0005, 'steps_per_iteration': None, 'pin': False, 'model_creator': None, 'target_batch_size': 1024, 'model_string': 'resnet18', 'min_batch_size': 512, 'dataset': 'CIFAR', 'placement': None, 'use_nccl': True, 'devices_per_worker': 1, 'primary_resource': 'extra_gpu', 'gpu': False, 'verbose': False, 'lr_config': {'mode': 'log', 'steps': 5, 'initial_lr': 0.01, 'target_lr': 0.01}, 'batch_per_device': 1024}",325.8579852581024,0,42,7833.712997867445,1,325.8579852581024
0.009438061714172363,0.12074906826019287,0.005222249031066895,0.039722466955379565,0.025410795211791994,nan,0.0,0.051482534408569335,0.7680999636650085,0.7540045776367188,-0.7680999636650085,nan,0.0,nan,0.0,nan,0.0,0.8610999584197998,0.387614280834198,nan,0.0,nan,0.0,60000,1,False,,,43,-0.7540045776367188,2367f1d0dfc1426097d8eb69ed11e711,2019-05-30_15-10-18,1559254218,7.849697589874268,333.7076828479767,9086,steropes,169.229.49.254,"{'starting_lr': 0.01, 'momentum': 0.95, 'weight_decay': 0.0005, 'steps_per_iteration': None, 'pin': False, 'model_creator': None, 'target_batch_size': 1024, 'model_string': 'resnet18', 'min_batch_size': 512, 'dataset': 'CIFAR', 'placement': None, 'use_nccl': True, 'devices_per_worker': 1, 'primary_resource': 'extra_gpu', 'gpu': False, 'verbose': False, 'lr_config': {'mode': 'log', 'steps': 5, 'initial_lr': 0.01, 'target_lr': 0.01}, 'batch_per_device': 1024}",333.7076828479767,0,43,7756.333321913163,1,333.7076828479767
0.007070398330688477,0.1223301649093628,0.006273627281188965,0.037545535029197226,0.02247939109802246,nan,0.0,0.047261714935302734,0.7759999632835388,0.7156759042739869,-0.7759999632835388,nan,0.0,nan,0.0,nan,0.0,0.8635599613189697,0.3778170576000214,nan,0.0,nan,0.0,60000,1,False,,,44,-0.7156759042739869,2367f1d0dfc1426097d8eb69ed11e711,2019-05-30_15-10-26,1559254226,7.473220109939575,341.18090295791626,9086,steropes,169.229.49.254,"{'starting_lr': 0.01, 'momentum': 0.95, 'weight_decay': 0.0005, 'steps_per_iteration': None, 'pin': False, 'model_creator': None, 'target_batch_size': 1024, 'model_string': 'resnet18', 'min_batch_size': 512, 'dataset': 'CIFAR', 'placement': None, 'use_nccl': True, 'devices_per_worker': 1, 'primary_resource': 'extra_gpu', 'gpu': False, 'verbose': False, 'lr_config': {'mode': 'log', 'steps': 5, 'initial_lr': 0.01, 'target_lr': 0.01}, 'batch_per_device': 1024}",341.18090295791626,0,44,7755.744090755673,1,341.18090295791626
0.007395696640014648,0.1307610034942627,0.00891268253326416,0.04304818231232312,0.030931615829467775,nan,0.0,0.05779075622558594,0.7823999524116516,0.7161946475982666,-0.7823999524116516,nan,0.0,nan,0.0,nan,0.0,0.8717399835586548,0.3559864355373383,nan,0.0,nan,0.0,60000,1,False,,,45,-0.7161946475982666,2367f1d0dfc1426097d8eb69ed11e711,2019-05-30_15-10-34,1559254234,7.94753885269165,349.1284418106079,9086,steropes,169.229.49.254,"{'starting_lr': 0.01, 'momentum': 0.95, 'weight_decay': 0.0005, 'steps_per_iteration': None, 'pin': False, 'model_creator': None, 'target_batch_size': 1024, 'model_string': 'resnet18', 'min_batch_size': 512, 'dataset': 'CIFAR', 'placement': None, 'use_nccl': True, 'devices_per_worker': 1, 'primary_resource': 'extra_gpu', 'gpu': False, 'verbose': False, 'lr_config': {'mode': 'log', 'steps': 5, 'initial_lr': 0.01, 'target_lr': 0.01}, 'batch_per_device': 1024}",349.1284418106079,0,45,7744.093290469542,1,349.1284418106079
0.008176565170288086,0.12190206050872802,0.0048729896545410155,0.0433140044309655,0.02711906433105469,nan,0.0,0.05070459842681885,0.7784000039100647,0.7480596493721008,-0.7784000039100647,nan,0.0,nan,0.0,nan,0.0,0.8746399879455566,0.3511205442237854,nan,0.0,nan,0.0,60000,1,False,,,46,-0.7480596493721008,2367f1d0dfc1426097d8eb69ed11e711,2019-05-30_15-10-42,1559254242,7.926884651184082,357.055326461792,9086,steropes,169.229.49.254,"{'starting_lr': 0.01, 'momentum': 0.95, 'weight_decay': 0.0005, 'steps_per_iteration': None, 'pin': False, 'model_creator': None, 'target_batch_size': 1024, 'model_string': 'resnet18', 'min_batch_size': 512, 'dataset': 'CIFAR', 'placement': None, 'use_nccl': True, 'devices_per_worker': 1, 'primary_resource': 'extra_gpu', 'gpu': False, 'verbose': False, 'lr_config': {'mode': 'log', 'steps': 5, 'initial_lr': 0.01, 'target_lr': 0.01}, 'batch_per_device': 1024}",357.055326461792,0,46,7702.587471058548,1,357.055326461792
0.007285881042480469,0.12501938343048097,0.005289101600646972,0.03961426384594976,0.02453734874725342,nan,0.0,0.04611284732818603,0.7702999711036682,0.7524878227233887,-0.7702999711036682,nan,0.0,nan,0.0,nan,0.0,0.8762399554252625,0.34377141673088074,nan,0.0,nan,0.0,60000,1,False,,,47,-0.7524878227233887,2367f1d0dfc1426097d8eb69ed11e711,2019-05-30_15-10-50,1559254250,7.770122289657593,364.8254487514496,9086,steropes,169.229.49.254,"{'starting_lr': 0.01, 'momentum': 0.95, 'weight_decay': 0.0005, 'steps_per_iteration': None, 'pin': False, 'model_creator': None, 'target_batch_size': 1024, 'model_string': 'resnet18', 'min_batch_size': 512, 'dataset': 'CIFAR', 'placement': None, 'use_nccl': True, 'devices_per_worker': 1, 'primary_resource': 'extra_gpu', 'gpu': False, 'verbose': False, 'lr_config': {'mode': 'log', 'steps': 5, 'initial_lr': 0.01, 'target_lr': 0.01}, 'batch_per_device': 1024}",364.8254487514496,0,47,7698.651044102052,1,364.8254487514496
0.007149958610534668,0.13566651344299316,0.005576014518737793,0.04351718085152762,0.02171967029571533,nan,0.0,0.0470008134841919,0.7753999829292297,0.7686947829246521,-0.7753999829292297,nan,0.0,nan,0.0,nan,0.0,0.8743399977684021,0.3501850276470184,nan,0.0,nan,0.0,60000,1,False,,,48,-0.7686947829246521,2367f1d0dfc1426097d8eb69ed11e711,2019-05-30_15-10-57,1559254257,7.86435079574585,372.68979954719543,9086,steropes,169.229.49.254,"{'starting_lr': 0.01, 'momentum': 0.95, 'weight_decay': 0.0005, 'steps_per_iteration': None, 'pin': False, 'model_creator': None, 'target_batch_size': 1024, 'model_string': 'resnet18', 'min_batch_size': 512, 'dataset': 'CIFAR', 'placement': None, 'use_nccl': True, 'devices_per_worker': 1, 'primary_resource': 'extra_gpu', 'gpu': False, 'verbose': False, 'lr_config': {'mode': 'log', 'steps': 5, 'initial_lr': 0.01, 'target_lr': 0.01}, 'batch_per_device': 1024}",372.68979954719543,0,48,7695.7559612052655,1,372.68979954719543
0.007444119453430176,0.13268704414367677,0.005151557922363281,0.039105843524543604,0.02524569034576416,nan,0.0,0.044618988037109376,0.7669000029563904,0.7758866526603698,-0.7669000029563904,nan,0.0,nan,0.0,nan,0.0,0.8781799674034119,0.3394105223751068,nan,0.0,nan,0.0,60000,1,False,,,49,-0.7758866526603698,2367f1d0dfc1426097d8eb69ed11e711,2019-05-30_15-11-05,1559254265,7.666241884231567,380.356041431427,9086,steropes,169.229.49.254,"{'starting_lr': 0.01, 'momentum': 0.95, 'weight_decay': 0.0005, 'steps_per_iteration': None, 'pin': False, 'model_creator': None, 'target_batch_size': 1024, 'model_string': 'resnet18', 'min_batch_size': 512, 'dataset': 'CIFAR', 'placement': None, 'use_nccl': True, 'devices_per_worker': 1, 'primary_resource': 'extra_gpu', 'gpu': False, 'verbose': False, 'lr_config': {'mode': 'log', 'steps': 5, 'initial_lr': 0.01, 'target_lr': 0.01}, 'batch_per_device': 1024}",380.356041431427,0,49,7657.836956007083,1,380.356041431427
0.007667088508605957,0.12280702590942383,0.004961228370666504,0.03813096941733847,0.023073577880859376,nan,0.0,0.04342389106750488,0.7809999585151672,0.7491826065063476,-0.7809999585151672,nan,0.0,nan,0.0,nan,0.0,0.8808799982070923,0.33047963110923767,nan,0.0,nan,0.0,60000,1,False,,,50,-0.7491826065063476,2367f1d0dfc1426097d8eb69ed11e711,2019-05-30_15-11-13,1559254273,7.566272497177124,387.9223139286041,9086,steropes,169.229.49.254,"{'starting_lr': 0.01, 'momentum': 0.95, 'weight_decay': 0.0005, 'steps_per_iteration': None, 'pin': False, 'model_creator': None, 'target_batch_size': 1024, 'model_string': 'resnet18', 'min_batch_size': 512, 'dataset': 'CIFAR', 'placement': None, 'use_nccl': True, 'devices_per_worker': 1, 'primary_resource': 'extra_gpu', 'gpu': False, 'verbose': False, 'lr_config': {'mode': 'log', 'steps': 5, 'initial_lr': 0.01, 'target_lr': 0.01}, 'batch_per_device': 1024}",387.9223139286041,0,50,7733.096172739611,1,387.9223139286041
0.007287740707397461,0.12142727375030518,0.0050459146499633786,0.03534881922663474,0.027101588249206544,nan,0.0,0.04532027244567871,0.7828999757766724,0.7461832466125489,-0.7828999757766724,nan,0.0,nan,0.0,nan,0.0,0.8850599527359009,0.3194056764316559,nan,0.0,nan,0.0,60000,1,False,,,51,-0.7461832466125489,2367f1d0dfc1426097d8eb69ed11e711,2019-05-30_15-11-20,1559254280,7.501417398452759,395.4237313270569,9086,steropes,169.229.49.254,"{'starting_lr': 0.01, 'momentum': 0.95, 'weight_decay': 0.0005, 'steps_per_iteration': None, 'pin': False, 'model_creator': None, 'target_batch_size': 1024, 'model_string': 'resnet18', 'min_batch_size': 512, 'dataset': 'CIFAR', 'placement': None, 'use_nccl': True, 'devices_per_worker': 1, 'primary_resource': 'extra_gpu', 'gpu': False, 'verbose': False, 'lr_config': {'mode': 'log', 'steps': 5, 'initial_lr': 0.01, 'target_lr': 0.01}, 'batch_per_device': 1024}",395.4237313270569,0,51,7818.847100167054,1,395.4237313270569
0.007438135147094726,0.1380528688430786,0.004987025260925293,0.03995576196787309,0.025499415397644044,nan,0.0,0.05583028793334961,0.7857999801635742,0.746352678489685,-0.7857999801635742,nan,0.0,nan,0.0,nan,0.0,0.8866399526596069,0.3131338031101227,nan,0.0,nan,0.0,60000,1,False,,,52,-0.746352678489685,2367f1d0dfc1426097d8eb69ed11e711,2019-05-30_15-11-28,1559254288,7.752585411071777,403.17631673812866,9086,steropes,169.229.49.254,"{'starting_lr': 0.01, 'momentum': 0.95, 'weight_decay': 0.0005, 'steps_per_iteration': None, 'pin': False, 'model_creator': None, 'target_batch_size': 1024, 'model_string': 'resnet18', 'min_batch_size': 512, 'dataset': 'CIFAR', 'placement': None, 'use_nccl': True, 'devices_per_worker': 1, 'primary_resource': 'extra_gpu', 'gpu': False, 'verbose': False, 'lr_config': {'mode': 'log', 'steps': 5, 'initial_lr': 0.01, 'target_lr': 0.01}, 'batch_per_device': 1024}",403.17631673812866,0,52,7822.424706646299,1,403.17631673812866
0.007537627220153808,0.12925522327423095,0.007426571846008301,0.04636839944489148,0.026607441902160644,nan,0.0,0.048473358154296875,0.778499960899353,0.7630024800300598,-0.778499960899353,nan,0.0,nan,0.0,nan,0.0,0.8885399699211121,0.3119117028141022,nan,0.0,nan,0.0,60000,1,False,,,53,-0.7630024800300598,2367f1d0dfc1426097d8eb69ed11e711,2019-05-30_15-11-36,1559254296,8.128610610961914,411.3049273490906,9086,steropes,169.229.49.254,"{'starting_lr': 0.01, 'momentum': 0.95, 'weight_decay': 0.0005, 'steps_per_iteration': None, 'pin': False, 'model_creator': None, 'target_batch_size': 1024, 'model_string': 'resnet18', 'min_batch_size': 512, 'dataset': 'CIFAR', 'placement': None, 'use_nccl': True, 'devices_per_worker': 1, 'primary_resource': 'extra_gpu', 'gpu': False, 'verbose': False, 'lr_config': {'mode': 'log', 'steps': 5, 'initial_lr': 0.01, 'target_lr': 0.01}, 'batch_per_device': 1024}",411.3049273490906,0,53,7768.893275781667,1,411.3049273490906
0.008289432525634766,0.12202703952789307,0.007221293449401855,0.03816900934491839,0.02299678325653076,nan,0.0,0.04810211658477783,0.7834999561309814,0.7439007464408874,-0.7834999561309814,nan,0.0,nan,0.0,nan,0.0,0.8921200037002563,0.2998327854824066,nan,0.0,nan,0.0,60000,1,False,,,54,-0.7439007464408874,2367f1d0dfc1426097d8eb69ed11e711,2019-05-30_15-11-44,1559254304,7.722472667694092,419.02740001678467,9086,steropes,169.229.49.254,"{'starting_lr': 0.01, 'momentum': 0.95, 'weight_decay': 0.0005, 'steps_per_iteration': None, 'pin': False, 'model_creator': None, 'target_batch_size': 1024, 'model_string': 'resnet18', 'min_batch_size': 512, 'dataset': 'CIFAR', 'placement': None, 'use_nccl': True, 'devices_per_worker': 1, 'primary_resource': 'extra_gpu', 'gpu': False, 'verbose': False, 'lr_config': {'mode': 'log', 'steps': 5, 'initial_lr': 0.01, 'target_lr': 0.01}, 'batch_per_device': 1024}",419.02740001678467,0,54,7757.595366593796,1,419.02740001678467
0.007355618476867676,0.12760353088378906,0.007160782814025879,0.04253762108939035,0.020828557014465333,nan,0.0,0.041864657402038576,0.7770000100135803,0.7583943801879883,-0.7770000100135803,nan,0.0,nan,0.0,nan,0.0,0.8918599486351013,0.2983394994735718,nan,0.0,nan,0.0,60000,1,False,,,55,-0.7583943801879883,2367f1d0dfc1426097d8eb69ed11e711,2019-05-30_15-11-52,1559254312,7.845695495605469,426.87309551239014,9086,steropes,169.229.49.254,"{'starting_lr': 0.01, 'momentum': 0.95, 'weight_decay': 0.0005, 'steps_per_iteration': None, 'pin': False, 'model_creator': None, 'target_batch_size': 1024, 'model_string': 'resnet18', 'min_batch_size': 512, 'dataset': 'CIFAR', 'placement': None, 'use_nccl': True, 'devices_per_worker': 1, 'primary_resource': 'extra_gpu', 'gpu': False, 'verbose': False, 'lr_config': {'mode': 'log', 'steps': 5, 'initial_lr': 0.01, 'target_lr': 0.01}, 'batch_per_device': 1024}",426.87309551239014,0,55,7701.943346170056,1,426.87309551239014
0.007256841659545899,0.12447268962860107,0.00580301284790039,0.04109789887253119,0.021508455276489258,nan,0.0,0.045104479789733885,0.7795999646186829,0.7908206233978271,-0.7795999646186829,nan,0.0,nan,0.0,nan,0.0,0.897059977054596,0.2892406524181366,nan,0.0,nan,0.0,60000,1,False,,,56,-0.7908206233978271,2367f1d0dfc1426097d8eb69ed11e711,2019-05-30_15-12-00,1559254320,7.882441282272339,434.7555367946625,9086,steropes,169.229.49.254,"{'starting_lr': 0.01, 'momentum': 0.95, 'weight_decay': 0.0005, 'steps_per_iteration': None, 'pin': False, 'model_creator': None, 'target_batch_size': 1024, 'model_string': 'resnet18', 'min_batch_size': 512, 'dataset': 'CIFAR', 'placement': None, 'use_nccl': True, 'devices_per_worker': 1, 'primary_resource': 'extra_gpu', 'gpu': False, 'verbose': False, 'lr_config': {'mode': 'log', 'steps': 5, 'initial_lr': 0.01, 'target_lr': 0.01}, 'batch_per_device': 1024}",434.7555367946625,0,56,7627.33123875157,1,434.7555367946625
0.007859349250793457,0.1264902114868164,0.005829715728759765,0.03650239535740444,0.024758386611938476,nan,0.0,0.05135066509246826,0.7839999794960022,0.7581067674636841,-0.7839999794960022,nan,0.0,nan,0.0,nan,0.0,0.8976999521255493,0.28265466871261596,nan,0.0,nan,0.0,60000,1,False,,,57,-0.7581067674636841,2367f1d0dfc1426097d8eb69ed11e711,2019-05-30_15-12-07,1559254327,7.6176416873931885,442.37317848205566,9086,steropes,169.229.49.254,"{'starting_lr': 0.01, 'momentum': 0.95, 'weight_decay': 0.0005, 'steps_per_iteration': None, 'pin': False, 'model_creator': None, 'target_batch_size': 1024, 'model_string': 'resnet18', 'min_batch_size': 512, 'dataset': 'CIFAR', 'placement': None, 'use_nccl': True, 'devices_per_worker': 1, 'primary_resource': 'extra_gpu', 'gpu': False, 'verbose': False, 'lr_config': {'mode': 'log', 'steps': 5, 'initial_lr': 0.01, 'target_lr': 0.01}, 'batch_per_device': 1024}",442.37317848205566,0,57,7653.589650191769,1,442.37317848205566
0.00836629867553711,0.12170557975769043,0.005717778205871582,0.03819584846496582,0.02368161678314209,nan,0.0,0.04807748794555664,0.7789999842643738,0.7718798749923707,-0.7789999842643738,nan,0.0,nan,0.0,nan,0.0,0.9023399949073792,0.27431869886398313,nan,0.0,nan,0.0,60000,1,False,,,58,-0.7718798749923707,2367f1d0dfc1426097d8eb69ed11e711,2019-05-30_15-12-15,1559254335,7.761990785598755,450.1351692676544,9086,steropes,169.229.49.254,"{'starting_lr': 0.01, 'momentum': 0.95, 'weight_decay': 0.0005, 'steps_per_iteration': None, 'pin': False, 'model_creator': None, 'target_batch_size': 1024, 'model_string': 'resnet18', 'min_batch_size': 512, 'dataset': 'CIFAR', 'placement': None, 'use_nccl': True, 'devices_per_worker': 1, 'primary_resource': 'extra_gpu', 'gpu': False, 'verbose': False, 'lr_config': {'mode': 'log', 'steps': 5, 'initial_lr': 0.01, 'target_lr': 0.01}, 'batch_per_device': 1024}",450.1351692676544,0,58,7725.850973315751,1,450.1351692676544
0.007667899131774902,0.1279529571533203,0.007123041152954102,0.030625849354023835,0.022239947319030763,nan,0.0,0.04878101348876953,0.7870999574661255,0.7602922499656677,-0.7870999574661255,nan,0.0,nan,0.0,nan,0.0,0.9007200002670288,0.271532818441391,nan,0.0,nan,0.0,60000,1,False,,,59,-0.7602922499656677,2367f1d0dfc1426097d8eb69ed11e711,2019-05-30_15-12-23,1559254343,7.62316107749939,457.7583303451538,9086,steropes,169.229.49.254,"{'starting_lr': 0.01, 'momentum': 0.95, 'weight_decay': 0.0005, 'steps_per_iteration': None, 'pin': False, 'model_creator': None, 'target_batch_size': 1024, 'model_string': 'resnet18', 'min_batch_size': 512, 'dataset': 'CIFAR', 'placement': None, 'use_nccl': True, 'devices_per_worker': 1, 'primary_resource': 'extra_gpu', 'gpu': False, 'verbose': False, 'lr_config': {'mode': 'log', 'steps': 5, 'initial_lr': 0.01, 'target_lr': 0.01}, 'batch_per_device': 1024}",457.7583303451538,0,59,7745.662454091716,1,457.7583303451538
0.00842580795288086,0.12855114936828613,0.007013797760009766,0.03727273065216687,0.026577520370483398,nan,0.0,0.0491255521774292,0.7876999974250793,0.7650781193733215,-0.7876999974250793,nan,0.0,nan,0.0,nan,0.0,0.9080999493598938,0.2565705267238617,nan,0.0,nan,0.0,60000,1,False,,,60,-0.7650781193733215,2367f1d0dfc1426097d8eb69ed11e711,2019-05-30_15-12-30,1559254350,7.652982473373413,465.4113128185272,9086,steropes,169.229.49.254,"{'starting_lr': 0.01, 'momentum': 0.95, 'weight_decay': 0.0005, 'steps_per_iteration': None, 'pin': False, 'model_creator': None, 'target_batch_size': 1024, 'model_string': 'resnet18', 'min_batch_size': 512, 'dataset': 'CIFAR', 'placement': None, 'use_nccl': True, 'devices_per_worker': 1, 'primary_resource': 'extra_gpu', 'gpu': False, 'verbose': False, 'lr_config': {'mode': 'log', 'steps': 5, 'initial_lr': 0.01, 'target_lr': 0.01}, 'batch_per_device': 1024}",465.4113128185272,0,60,7784.396867573418,1,465.4113128185272
0.010059118270874023,0.1220754861831665,0.005872678756713867,0.037853571833396445,0.024460601806640624,nan,0.0,0.05909345149993896,0.7883999943733215,0.7616511413574218,-0.7883999943733215,nan,0.0,nan,0.0,nan,0.0,0.9078599810600281,0.2604091055679321,nan,0.0,nan,0.0,60000,1,False,,,61,-0.7616511413574218,2367f1d0dfc1426097d8eb69ed11e711,2019-05-30_15-12-38,1559254358,7.5827085971832275,472.99402141571045,9086,steropes,169.229.49.254,"{'starting_lr': 0.01, 'momentum': 0.95, 'weight_decay': 0.0005, 'steps_per_iteration': None, 'pin': False, 'model_creator': None, 'target_batch_size': 1024, 'model_string': 'resnet18', 'min_batch_size': 512, 'dataset': 'CIFAR', 'placement': None, 'use_nccl': True, 'devices_per_worker': 1, 'primary_resource': 'extra_gpu', 'gpu': False, 'verbose': False, 'lr_config': {'mode': 'log', 'steps': 5, 'initial_lr': 0.01, 'target_lr': 0.01}, 'batch_per_device': 1024}",472.99402141571045,0,61,7845.41319164795,1,472.99402141571045
0.00969841480255127,0.12321760654449462,0.006407046318054199,0.03587298977131746,0.024263215065002442,nan,0.0,0.04308404922485352,0.8057000041007996,0.6999851201057434,-0.8057000041007996,nan,0.0,nan,0.0,nan,0.0,0.9300199747085571,0.19968881494045257,nan,0.0,nan,0.0,60000,1,False,,,62,-0.6999851201057434,2367f1d0dfc1426097d8eb69ed11e711,2019-05-30_15-12-45,1559254365,7.619994640350342,480.6140160560608,9086,steropes,169.229.49.254,"{'starting_lr': 0.01, 'momentum': 0.95, 'weight_decay': 0.0005, 'steps_per_iteration': None, 'pin': False, 'model_creator': None, 'target_batch_size': 1024, 'model_string': 'resnet18', 'min_batch_size': 512, 'dataset': 'CIFAR', 'placement': None, 'use_nccl': True, 'devices_per_worker': 1, 'primary_resource': 'extra_gpu', 'gpu': False, 'verbose': False, 'lr_config': {'mode': 'log', 'steps': 5, 'initial_lr': 0.01, 'target_lr': 0.01}, 'batch_per_device': 1024}",480.6140160560608,0,62,7844.931154589792,1,480.6140160560608
0.007548284530639648,0.12782928943634034,0.006172657012939453,0.03769700381220603,0.02183833122253418,nan,0.0,0.042549419403076175,0.8086999654769897,0.6975922472000122,-0.8086999654769897,nan,0.0,nan,0.0,nan,0.0,0.9439799785614014,0.16527179432868958,nan,0.0,nan,0.0,60000,1,False,,,63,-0.6975922472000122,2367f1d0dfc1426097d8eb69ed11e711,2019-05-30_15-12-53,1559254373,7.513132810592651,488.12714886665344,9086,steropes,169.229.49.254,"{'starting_lr': 0.01, 'momentum': 0.95, 'weight_decay': 0.0005, 'steps_per_iteration': None, 'pin': False, 'model_creator': None, 'target_batch_size': 1024, 'model_string': 'resnet18', 'min_batch_size': 512, 'dataset': 'CIFAR', 'placement': None, 'use_nccl': True, 'devices_per_worker': 1, 'primary_resource': 'extra_gpu', 'gpu': False, 'verbose': False, 'lr_config': {'mode': 'log', 'steps': 5, 'initial_lr': 0.01, 'target_lr': 0.01}, 'batch_per_device': 1024}",488.12714886665344,0,63,7896.314187119443,1,488.12714886665344
0.0072431802749633786,0.13844850063323974,0.005154609680175781,0.03315672582509566,0.02207648754119873,nan,0.0,0.04340696334838867,0.8078999519348145,0.7101022402763366,-0.8078999519348145,nan,0.0,nan,0.0,nan,0.0,0.9490000009536743,0.148862305021286,nan,0.0,nan,0.0,60000,1,False,,,64,-0.7101022402763366,2367f1d0dfc1426097d8eb69ed11e711,2019-05-30_15-13-01,1559254381,7.564422845840454,495.6915717124939,9086,steropes,169.229.49.254,"{'starting_lr': 0.01, 'momentum': 0.95, 'weight_decay': 0.0005, 'steps_per_iteration': None, 'pin': False, 'model_creator': None, 'target_batch_size': 1024, 'model_string': 'resnet18', 'min_batch_size': 512, 'dataset': 'CIFAR', 'placement': None, 'use_nccl': True, 'devices_per_worker': 1, 'primary_resource': 'extra_gpu', 'gpu': False, 'verbose': False, 'lr_config': {'mode': 'log', 'steps': 5, 'initial_lr': 0.01, 'target_lr': 0.01}, 'batch_per_device': 1024}",495.6915717124939,0,64,7908.542245100317,1,495.6915717124939
0.008684039115905762,0.12728500366210938,0.007140946388244629,0.03783793838656679,0.024109625816345216,nan,0.0,0.054129934310913085,0.8079999685287476,0.7184479014396667,-0.8079999685287476,nan,0.0,nan,0.0,nan,0.0,0.9538599848747253,0.139618783159256,nan,0.0,nan,0.0,60000,1,False,,,65,-0.7184479014396667,2367f1d0dfc1426097d8eb69ed11e711,2019-05-30_15-13-08,1559254388,7.532158374786377,503.2237300872803,9086,steropes,169.229.49.254,"{'starting_lr': 0.01, 'momentum': 0.95, 'weight_decay': 0.0005, 'steps_per_iteration': None, 'pin': False, 'model_creator': None, 'target_batch_size': 1024, 'model_string': 'resnet18', 'min_batch_size': 512, 'dataset': 'CIFAR', 'placement': None, 'use_nccl': True, 'devices_per_worker': 1, 'primary_resource': 'extra_gpu', 'gpu': False, 'verbose': False, 'lr_config': {'mode': 'log', 'steps': 5, 'initial_lr': 0.01, 'target_lr': 0.01}, 'batch_per_device': 1024}",503.2237300872803,0,65,7933.813562236332,1,503.2237300872803
0.009324097633361816,0.12627003192901612,0.0059155702590942385,0.03678668275171397,0.026371002197265625,nan,0.0,0.05451421737670899,0.8070999979972839,0.7266232436180114,-0.8070999979972839,nan,0.0,nan,0.0,nan,0.0,0.9555400013923645,0.13341179522514343,nan,0.0,nan,0.0,60000,1,False,,,66,-0.7266232436180114,2367f1d0dfc1426097d8eb69ed11e711,2019-05-30_15-13-16,1559254396,7.648106813430786,510.87183690071106,9086,steropes,169.229.49.254,"{'starting_lr': 0.01, 'momentum': 0.95, 'weight_decay': 0.0005, 'steps_per_iteration': None, 'pin': False, 'model_creator': None, 'target_batch_size': 1024, 'model_string': 'resnet18', 'min_batch_size': 512, 'dataset': 'CIFAR', 'placement': None, 'use_nccl': True, 'devices_per_worker': 1, 'primary_resource': 'extra_gpu', 'gpu': False, 'verbose': False, 'lr_config': {'mode': 'log', 'steps': 5, 'initial_lr': 0.01, 'target_lr': 0.01}, 'batch_per_device': 1024}",510.87183690071106,0,66,7920.118422302887,1,510.87183690071106
0.007462644577026367,0.12551698684692383,0.005088186264038086,0.03703071633163763,0.023951959609985352,nan,0.0,0.043707084655761716,0.807699978351593,0.7340880927085877,-0.807699978351593,nan,0.0,nan,0.0,nan,0.0,0.9572199583053589,0.12843537704229355,nan,0.0,nan,0.0,60000,1,False,,,67,-0.7340880927085877,2367f1d0dfc1426097d8eb69ed11e711,2019-05-30_15-13-23,1559254403,7.497131109237671,518.3689680099487,9086,steropes,169.229.49.254,"{'starting_lr': 0.01, 'momentum': 0.95, 'weight_decay': 0.0005, 'steps_per_iteration': None, 'pin': False, 'model_creator': None, 'target_batch_size': 1024, 'model_string': 'resnet18', 'min_batch_size': 512, 'dataset': 'CIFAR', 'placement': None, 'use_nccl': True, 'devices_per_worker': 1, 'primary_resource': 'extra_gpu', 'gpu': False, 'verbose': False, 'lr_config': {'mode': 'log', 'steps': 5, 'initial_lr': 0.01, 'target_lr': 0.01}, 'batch_per_device': 1024}",518.3689680099487,0,67,7945.891629556216,1,518.3689680099487
0.007075119018554688,0.12746407985687255,0.004722905158996582,0.04282446783416125,0.021428680419921874,nan,0.0,0.04198400974273682,0.8097999691963196,0.7359935806274414,-0.8097999691963196,nan,0.0,nan,0.0,nan,0.0,0.9580199718475342,0.1257397373867035,nan,0.0,nan,0.0,60000,1,False,,,68,-0.7359935806274414,2367f1d0dfc1426097d8eb69ed11e711,2019-05-30_15-13-31,1559254411,7.465642690658569,525.8346107006073,9086,steropes,169.229.49.254,"{'starting_lr': 0.01, 'momentum': 0.95, 'weight_decay': 0.0005, 'steps_per_iteration': None, 'pin': False, 'model_creator': None, 'target_batch_size': 1024, 'model_string': 'resnet18', 'min_batch_size': 512, 'dataset': 'CIFAR', 'placement': None, 'use_nccl': True, 'devices_per_worker': 1, 'primary_resource': 'extra_gpu', 'gpu': False, 'verbose': False, 'lr_config': {'mode': 'log', 'steps': 5, 'initial_lr': 0.01, 'target_lr': 0.01}, 'batch_per_device': 1024}",525.8346107006073,0,68,7955.899916418523,1,525.8346107006073
0.007813858985900878,0.11989924907684327,0.005087518692016601,0.03573866279757753,0.021645712852478027,nan,0.0,0.04849390983581543,0.8053999543190002,0.7523530375480652,-0.8053999543190002,nan,0.0,nan,0.0,nan,0.0,0.9591799974441528,0.12122430103778839,nan,0.0,nan,0.0,60000,1,False,,,69,-0.7523530375480652,2367f1d0dfc1426097d8eb69ed11e711,2019-05-30_15-13-38,1559254418,7.372063398361206,533.2066740989685,9086,steropes,169.229.49.254,"{'starting_lr': 0.01, 'momentum': 0.95, 'weight_decay': 0.0005, 'steps_per_iteration': None, 'pin': False, 'model_creator': None, 'target_batch_size': 1024, 'model_string': 'resnet18', 'min_batch_size': 512, 'dataset': 'CIFAR', 'placement': None, 'use_nccl': True, 'devices_per_worker': 1, 'primary_resource': 'extra_gpu', 'gpu': False, 'verbose': False, 'lr_config': {'mode': 'log', 'steps': 5, 'initial_lr': 0.01, 'target_lr': 0.01}, 'batch_per_device': 1024}",533.2066740989685,0,69,7996.6936684757975,1,533.2066740989685
0.007377123832702637,0.12897491455078125,0.00601801872253418,0.0373550288531245,0.024368834495544434,nan,0.0,0.048320221900939944,0.8047999739646912,0.7606543951034546,-0.8047999739646912,nan,0.0,nan,0.0,nan,0.0,0.9625599980354309,0.11390050112247467,nan,0.0,nan,0.0,60000,1,False,,,70,-0.7606543951034546,2367f1d0dfc1426097d8eb69ed11e711,2019-05-30_15-13-46,1559254426,7.532536506652832,540.7392106056213,9086,steropes,169.229.49.254,"{'starting_lr': 0.01, 'momentum': 0.95, 'weight_decay': 0.0005, 'steps_per_iteration': None, 'pin': False, 'model_creator': None, 'target_batch_size': 1024, 'model_string': 'resnet18', 'min_batch_size': 512, 'dataset': 'CIFAR', 'placement': None, 'use_nccl': True, 'devices_per_worker': 1, 'primary_resource': 'extra_gpu', 'gpu': False, 'verbose': False, 'lr_config': {'mode': 'log', 'steps': 5, 'initial_lr': 0.01, 'target_lr': 0.01}, 'batch_per_device': 1024}",540.7392106056213,0,70,7996.612457986987,1,540.7392106056213
0.007403326034545898,0.11814224720001221,0.005147027969360352,0.0338055065699986,0.022803735733032227,nan,0.0,0.04451942443847656,0.8064000010490417,0.7624990649223328,-0.8064000010490417,nan,0.0,nan,0.0,nan,0.0,0.9629999995231628,0.11155391814231873,nan,0.0,nan,0.0,60000,1,False,,,71,-0.7624990649223328,2367f1d0dfc1426097d8eb69ed11e711,2019-05-30_15-13-53,1559254433,7.357257843017578,548.0964684486389,9086,steropes,169.229.49.254,"{'starting_lr': 0.01, 'momentum': 0.95, 'weight_decay': 0.0005, 'steps_per_iteration': None, 'pin': False, 'model_creator': None, 'target_batch_size': 1024, 'model_string': 'resnet18', 'min_batch_size': 512, 'dataset': 'CIFAR', 'placement': None, 'use_nccl': True, 'devices_per_worker': 1, 'primary_resource': 'extra_gpu', 'gpu': False, 'verbose': False, 'lr_config': {'mode': 'log', 'steps': 5, 'initial_lr': 0.01, 'target_lr': 0.01}, 'batch_per_device': 1024}",548.0964684486389,0,71,8059.091932343581,1,548.0964684486389
0.007182598114013672,0.1215040922164917,0.0050804376602172855,0.03852072540594607,0.02147250175476074,nan,0.0,0.04210963249206543,0.8044999837875366,0.7795365882873535,-0.8044999837875366,nan,0.0,nan,0.0,nan,0.0,0.9640799760818481,0.10885937564849854,nan,0.0,nan,0.0,60000,1,False,,,72,-0.7795365882873535,2367f1d0dfc1426097d8eb69ed11e711,2019-05-30_15-14-01,1559254441,7.668949842453003,555.7654182910919,9086,steropes,169.229.49.254,"{'starting_lr': 0.01, 'momentum': 0.95, 'weight_decay': 0.0005, 'steps_per_iteration': None, 'pin': False, 'model_creator': None, 'target_batch_size': 1024, 'model_string': 'resnet18', 'min_batch_size': 512, 'dataset': 'CIFAR', 'placement': None, 'use_nccl': True, 'devices_per_worker': 1, 'primary_resource': 'extra_gpu', 'gpu': False, 'verbose': False, 'lr_config': {'mode': 'log', 'steps': 5, 'initial_lr': 0.01, 'target_lr': 0.01}, 'batch_per_device': 1024}",555.7654182910919,0,72,8022.064676488773,1,555.7654182910919
0.00841677188873291,0.14303126335144042,0.005582928657531738,0.039224201319169025,0.020801949501037597,nan,0.0,0.04877004623413086,0.809499979019165,0.7732570533752441,-0.809499979019165,nan,0.0,nan,0.0,nan,0.0,0.964739978313446,0.10694709185361863,nan,0.0,nan,0.0,60000,1,False,,,73,-0.7732570533752441,2367f1d0dfc1426097d8eb69ed11e711,2019-05-30_15-14-09,1559254449,7.882347583770752,563.6477658748627,9086,steropes,169.229.49.254,"{'starting_lr': 0.01, 'momentum': 0.95, 'weight_decay': 0.0005, 'steps_per_iteration': None, 'pin': False, 'model_creator': None, 'target_batch_size': 1024, 'model_string': 'resnet18', 'min_batch_size': 512, 'dataset': 'CIFAR', 'placement': None, 'use_nccl': True, 'devices_per_worker': 1, 'primary_resource': 'extra_gpu', 'gpu': False, 'verbose': False, 'lr_config': {'mode': 'log', 'steps': 5, 'initial_lr': 0.01, 'target_lr': 0.01}, 'batch_per_device': 1024}",563.6477658748627,0,73,7933.663941755919,1,563.6477658748627
0.008101963996887207,0.1302258253097534,0.006527829170227051,0.03770221009546397,0.025762200355529785,nan,0.0,0.05351545810699463,0.8060999512672424,0.7909481382369995,-0.8060999512672424,nan,0.0,nan,0.0,nan,0.0,0.9665799736976624,0.10226744837522507,nan,0.0,nan,0.0,60000,1,False,,,74,-0.7909481382369995,2367f1d0dfc1426097d8eb69ed11e711,2019-05-30_15-14-16,1559254456,7.776390552520752,571.4241564273834,9086,steropes,169.229.49.254,"{'starting_lr': 0.01, 'momentum': 0.95, 'weight_decay': 0.0005, 'steps_per_iteration': None, 'pin': False, 'model_creator': None, 'target_batch_size': 1024, 'model_string': 'resnet18', 'min_batch_size': 512, 'dataset': 'CIFAR', 'placement': None, 'use_nccl': True, 'devices_per_worker': 1, 'primary_resource': 'extra_gpu', 'gpu': False, 'verbose': False, 'lr_config': {'mode': 'log', 'steps': 5, 'initial_lr': 0.01, 'target_lr': 0.01}, 'batch_per_device': 1024}",571.4241564273834,0,74,7849.7297073928685,1,571.4241564273834
0.007265448570251465,0.1192896842956543,0.0050185203552246095,0.04054198459703095,0.02255065441131592,nan,0.0,0.04599282741546631,0.8060999512672424,0.7908834949493408,-0.8060999512672424,nan,0.0,nan,0.0,nan,0.0,0.9684199690818787,0.09885539546012878,nan,0.0,nan,0.0,60000,1,False,,,75,-0.7908834949493408,2367f1d0dfc1426097d8eb69ed11e711,2019-05-30_15-14-24,1559254464,7.634676694869995,579.0588331222534,9086,steropes,169.229.49.254,"{'starting_lr': 0.01, 'momentum': 0.95, 'weight_decay': 0.0005, 'steps_per_iteration': None, 'pin': False, 'model_creator': None, 'target_batch_size': 1024, 'model_string': 'resnet18', 'min_batch_size': 512, 'dataset': 'CIFAR', 'placement': None, 'use_nccl': True, 'devices_per_worker': 1, 'primary_resource': 'extra_gpu', 'gpu': False, 'verbose': False, 'lr_config': {'mode': 'log', 'steps': 5, 'initial_lr': 0.01, 'target_lr': 0.01}, 'batch_per_device': 1024}",579.0588331222534,0,75,7828.806478750686,1,579.0588331222534
0.007144999504089355,0.12418174743652344,0.005356645584106446,0.042685027025183855,0.020699334144592286,nan,0.0,0.04160623550415039,0.8059999942779541,0.8027441572189331,-0.8059999942779541,nan,0.0,nan,0.0,nan,0.0,0.9679200053215027,0.09716216428995132,nan,0.0,nan,0.0,60000,1,False,,,76,-0.8027441572189331,2367f1d0dfc1426097d8eb69ed11e711,2019-05-30_15-14-32,1559254472,7.715434312820435,586.7742674350739,9086,steropes,169.229.49.254,"{'starting_lr': 0.01, 'momentum': 0.95, 'weight_decay': 0.0005, 'steps_per_iteration': None, 'pin': False, 'model_creator': None, 'target_batch_size': 1024, 'model_string': 'resnet18', 'min_batch_size': 512, 'dataset': 'CIFAR', 'placement': None, 'use_nccl': True, 'devices_per_worker': 1, 'primary_resource': 'extra_gpu', 'gpu': False, 'verbose': False, 'lr_config': {'mode': 'log', 'steps': 5, 'initial_lr': 0.01, 'target_lr': 0.01}, 'batch_per_device': 1024}",586.7742674350739,0,76,7756.307551635884,1,586.7742674350739
0.00834200382232666,0.13753809928894042,0.0063446044921875,0.036692093829719385,0.024190902709960938,nan,0.0,0.04770352840423584,0.8068000078201294,0.8080017250061036,-0.8068000078201294,nan,0.0,nan,0.0,nan,0.0,0.9688999652862549,0.09674781239271164,nan,0.0,nan,0.0,60000,1,False,,,77,-0.8080017250061036,2367f1d0dfc1426097d8eb69ed11e711,2019-05-30_15-14-39,1559254479,7.709458351135254,594.4837257862091,9086,steropes,169.229.49.254,"{'starting_lr': 0.01, 'momentum': 0.95, 'weight_decay': 0.0005, 'steps_per_iteration': None, 'pin': False, 'model_creator': None, 'target_batch_size': 1024, 'model_string': 'resnet18', 'min_batch_size': 512, 'dataset': 'CIFAR', 'placement': None, 'use_nccl': True, 'devices_per_worker': 1, 'primary_resource': 'extra_gpu', 'gpu': False, 'verbose': False, 'lr_config': {'mode': 'log', 'steps': 5, 'initial_lr': 0.01, 'target_lr': 0.01}, 'batch_per_device': 1024}",594.4837257862091,0,77,7748.190651207805,1,594.4837257862091
0.00854928493499756,0.12875728607177733,0.005886745452880859,0.039084317732830436,0.028451752662658692,nan,0.0,0.04590883255004883,0.8055999875068665,0.8065725380897522,-0.8055999875068665,nan,0.0,nan,0.0,nan,0.0,0.968559980392456,0.09407026961803436,nan,0.0,nan,0.0,60000,1,False,,,78,-0.8065725380897522,2367f1d0dfc1426097d8eb69ed11e711,2019-05-30_15-14-47,1559254487,7.59346866607666,602.0771944522858,9086,steropes,169.229.49.254,"{'starting_lr': 0.01, 'momentum': 0.95, 'weight_decay': 0.0005, 'steps_per_iteration': None, 'pin': False, 'model_creator': None, 'target_batch_size': 1024, 'model_string': 'resnet18', 'min_batch_size': 512, 'dataset': 'CIFAR', 'placement': None, 'use_nccl': True, 'devices_per_worker': 1, 'primary_resource': 'extra_gpu', 'gpu': False, 'verbose': False, 'lr_config': {'mode': 'log', 'steps': 5, 'initial_lr': 0.01, 'target_lr': 0.01}, 'batch_per_device': 1024}",602.0771944522858,0,78,7806.434265328095,1,602.0771944522858
0.0075893402099609375,0.12016010284423828,0.005346775054931641,0.03975514489777234,0.022781944274902342,nan,0.0,0.04249563217163086,0.8059999942779541,0.8147237243652343,-0.8059999942779541,nan,0.0,nan,0.0,nan,0.0,0.9709999561309814,0.08886550184488297,nan,0.0,nan,0.0,60000,1,False,,,79,-0.8147237243652343,2367f1d0dfc1426097d8eb69ed11e711,2019-05-30_15-14-55,1559254495,7.552300930023193,609.629495382309,9086,steropes,169.229.49.254,"{'starting_lr': 0.01, 'momentum': 0.95, 'weight_decay': 0.0005, 'steps_per_iteration': None, 'pin': False, 'model_creator': None, 'target_batch_size': 1024, 'model_string': 'resnet18', 'min_batch_size': 512, 'dataset': 'CIFAR', 'placement': None, 'use_nccl': True, 'devices_per_worker': 1, 'primary_resource': 'extra_gpu', 'gpu': False, 'verbose': False, 'lr_config': {'mode': 'log', 'steps': 5, 'initial_lr': 0.01, 'target_lr': 0.01}, 'batch_per_device': 1024}",609.629495382309,0,79,7852.222081439127,1,609.629495382309
0.007475924491882324,0.12332844734191895,0.0048488140106201175,0.03541530395040707,0.02106752395629883,nan,0.0,0.04287962913513184,0.8057000041007996,0.8268484563827515,-0.8057000041007996,nan,0.0,nan,0.0,nan,0.0,0.9706999659538269,0.08899671351194381,nan,0.0,nan,0.0,60000,1,False,,,80,-0.8268484563827515,2367f1d0dfc1426097d8eb69ed11e711,2019-05-30_15-15-02,1559254502,7.534971714019775,617.1644670963287,9086,steropes,169.229.49.254,"{'starting_lr': 0.01, 'momentum': 0.95, 'weight_decay': 0.0005, 'steps_per_iteration': None, 'pin': False, 'model_creator': None, 'target_batch_size': 1024, 'model_string': 'resnet18', 'min_batch_size': 512, 'dataset': 'CIFAR', 'placement': None, 'use_nccl': True, 'devices_per_worker': 1, 'primary_resource': 'extra_gpu', 'gpu': False, 'verbose': False, 'lr_config': {'mode': 'log', 'steps': 5, 'initial_lr': 0.01, 'target_lr': 0.01}, 'batch_per_device': 1024}",617.1644670963287,0,80,7872.766346579718,1,617.1644670963287
0.009668564796447754,0.12783360481262207,0.0054839134216308595,0.04232233397814692,0.02388021945953369,nan,0.0,0.04374997615814209,0.8079999685287476,0.832408400440216,-0.8079999685287476,nan,0.0,nan,0.0,nan,0.0,0.9707199931144714,0.08578351221323013,nan,0.0,nan,0.0,60000,1,False,,,81,-0.832408400440216,2367f1d0dfc1426097d8eb69ed11e711,2019-05-30_15-15-10,1559254510,7.690489292144775,624.8549563884735,9086,steropes,169.229.49.254,"{'starting_lr': 0.01, 'momentum': 0.95, 'weight_decay': 0.0005, 'steps_per_iteration': None, 'pin': False, 'model_creator': None, 'target_batch_size': 1024, 'model_string': 'resnet18', 'min_batch_size': 512, 'dataset': 'CIFAR', 'placement': None, 'use_nccl': True, 'devices_per_worker': 1, 'primary_resource': 'extra_gpu', 'gpu': False, 'verbose': False, 'lr_config': {'mode': 'log', 'steps': 5, 'initial_lr': 0.01, 'target_lr': 0.01}, 'batch_per_device': 1024}",624.8549563884735,0,81,7877.923253214509,1,624.8549563884735
0.007876849174499512,0.12373456954956055,0.004753017425537109,0.04066749008334413,0.02344341278076172,nan,0.0,0.04541261196136474,0.8043999671936035,0.8318457629203796,-0.8043999671936035,nan,0.0,nan,0.0,nan,0.0,0.9719599485397339,0.08629358465194702,nan,0.0,nan,0.0,60000,1,False,,,82,-0.8318457629203796,2367f1d0dfc1426097d8eb69ed11e711,2019-05-30_15-15-17,1559254517,7.563826322555542,632.418782711029,9086,steropes,169.229.49.254,"{'starting_lr': 0.01, 'momentum': 0.95, 'weight_decay': 0.0005, 'steps_per_iteration': None, 'pin': False, 'model_creator': None, 'target_batch_size': 1024, 'model_string': 'resnet18', 'min_batch_size': 512, 'dataset': 'CIFAR', 'placement': None, 'use_nccl': True, 'devices_per_worker': 1, 'primary_resource': 'extra_gpu', 'gpu': False, 'verbose': False, 'lr_config': {'mode': 'log', 'steps': 5, 'initial_lr': 0.01, 'target_lr': 0.01}, 'batch_per_device': 1024}",632.418782711029,0,82,7908.165936365511,1,632.418782711029
0.007336568832397461,0.11939527988433837,0.007168817520141602,0.04023800577436175,0.022123003005981447,nan,0.0,0.046756935119628903,0.8032000064849854,0.844370219039917,-0.8032000064849854,nan,0.0,nan,0.0,nan,0.0,0.9738199710845947,0.08299283334016799,nan,0.0,nan,0.0,60000,1,False,,,83,-0.844370219039917,2367f1d0dfc1426097d8eb69ed11e711,2019-05-30_15-15-25,1559254525,7.684227228164673,640.1030099391937,9086,steropes,169.229.49.254,"{'starting_lr': 0.01, 'momentum': 0.95, 'weight_decay': 0.0005, 'steps_per_iteration': None, 'pin': False, 'model_creator': None, 'target_batch_size': 1024, 'model_string': 'resnet18', 'min_batch_size': 512, 'dataset': 'CIFAR', 'placement': None, 'use_nccl': True, 'devices_per_worker': 1, 'primary_resource': 'extra_gpu', 'gpu': False, 'verbose': False, 'lr_config': {'mode': 'log', 'steps': 5, 'initial_lr': 0.01, 'target_lr': 0.01}, 'batch_per_device': 1024}",640.1030099391937,0,83,7889.291283386316,1,640.1030099391937
0.00784285068511963,0.11801629066467285,0.005092787742614746,0.033231341108983875,0.021887707710266113,nan,0.0,0.043221688270568846,0.8059999942779541,0.8323758071899414,-0.8059999942779541,nan,0.0,nan,0.0,nan,0.0,0.9734199643135071,0.08215210764169693,nan,0.0,nan,0.0,60000,1,False,,,84,-0.8323758071899414,2367f1d0dfc1426097d8eb69ed11e711,2019-05-30_15-15-33,1559254533,7.546462297439575,647.6494722366333,9086,steropes,169.229.49.254,"{'starting_lr': 0.01, 'momentum': 0.95, 'weight_decay': 0.0005, 'steps_per_iteration': None, 'pin': False, 'model_creator': None, 'target_batch_size': 1024, 'model_string': 'resnet18', 'min_batch_size': 512, 'dataset': 'CIFAR', 'placement': None, 'use_nccl': True, 'devices_per_worker': 1, 'primary_resource': 'extra_gpu', 'gpu': False, 'verbose': False, 'lr_config': {'mode': 'log', 'steps': 5, 'initial_lr': 0.01, 'target_lr': 0.01}, 'batch_per_device': 1024}",647.6494722366333,0,84,7890.501769816244,1,647.6494722366333
0.007075071334838867,0.12483072280883789,0.004955887794494629,0.037135664297609915,0.02832903861999512,nan,0.0,0.04927718639373779,0.804099977016449,0.8430163805961609,-0.804099977016449,nan,0.0,nan,0.0,nan,0.0,0.9741799831390381,0.07952379491329194,nan,0.0,nan,0.0,60000,1,False,,,85,-0.8430163805961609,2367f1d0dfc1426097d8eb69ed11e711,2019-05-30_15-15-41,1559254541,7.776433229446411,655.4259054660797,9086,steropes,169.229.49.254,"{'starting_lr': 0.01, 'momentum': 0.95, 'weight_decay': 0.0005, 'steps_per_iteration': None, 'pin': False, 'model_creator': None, 'target_batch_size': 1024, 'model_string': 'resnet18', 'min_batch_size': 512, 'dataset': 'CIFAR', 'placement': None, 'use_nccl': True, 'devices_per_worker': 1, 'primary_resource': 'extra_gpu', 'gpu': False, 'verbose': False, 'lr_config': {'mode': 'log', 'steps': 5, 'initial_lr': 0.01, 'target_lr': 0.01}, 'batch_per_device': 1024}",655.4259054660797,0,85,7840.707317876848,1,655.4259054660797
0.010032367706298829,0.12331681251525879,0.005422854423522949,0.03524182280715631,0.026833248138427735,nan,0.0,0.04942111968994141,0.8059999942779541,0.8429366869926452,-0.8059999942779541,nan,0.0,nan,0.0,nan,0.0,0.9751999974250793,0.07832255929470062,nan,0.0,nan,0.0,60000,1,False,,,86,-0.8429366869926452,2367f1d0dfc1426097d8eb69ed11e711,2019-05-30_15-15-48,1559254548,7.53238320350647,662.9582886695862,9086,steropes,169.229.49.254,"{'starting_lr': 0.01, 'momentum': 0.95, 'weight_decay': 0.0005, 'steps_per_iteration': None, 'pin': False, 'model_creator': None, 'target_batch_size': 1024, 'model_string': 'resnet18', 'min_batch_size': 512, 'dataset': 'CIFAR', 'placement': None, 'use_nccl': True, 'devices_per_worker': 1, 'primary_resource': 'extra_gpu', 'gpu': False, 'verbose': False, 'lr_config': {'mode': 'log', 'steps': 5, 'initial_lr': 0.01, 'target_lr': 0.01}, 'batch_per_device': 1024}",662.9582886695862,0,86,7873.2405784063485,1,662.9582886695862
0.008356928825378418,0.1213829517364502,0.006085395812988281,0.03630973854843451,0.024018263816833495,nan,0.0,0.05250883102416992,0.8073999881744385,0.8546794501304626,-0.8073999881744385,nan,0.0,nan,0.0,nan,0.0,0.9745999574661255,0.07929549362182617,nan,0.0,nan,0.0,60000,1,False,,,87,-0.8546794501304626,2367f1d0dfc1426097d8eb69ed11e711,2019-05-30_15-15-56,1559254556,7.583362102508545,670.5416507720947,9086,steropes,169.229.49.254,"{'starting_lr': 0.01, 'momentum': 0.95, 'weight_decay': 0.0005, 'steps_per_iteration': None, 'pin': False, 'model_creator': None, 'target_batch_size': 1024, 'model_string': 'resnet18', 'min_batch_size': 512, 'dataset': 'CIFAR', 'placement': None, 'use_nccl': True, 'devices_per_worker': 1, 'primary_resource': 'extra_gpu', 'gpu': False, 'verbose': False, 'lr_config': {'mode': 'log', 'steps': 5, 'initial_lr': 0.01, 'target_lr': 0.01}, 'batch_per_device': 1024}",670.5416507720947,0,87,7869.20879514654,1,670.5416507720947
