{"apply": 0.019731545448303224, "batch_time": 0.042167035839225674, "d2h": 0.0006731748580932617, "data_time": 0.0019356649550025726, "fwd": 0.15817575454711913, "get_state_time_mean": NaN, "get_state_time_total": 0.0, "grad": 0.1644110918045044, "mean_accuracy": 0.09999999403953552, "mean_loss": 2.364930994415283, "neg_mean_accuracy": -0.09999999403953552, "set_state_time_mean": NaN, "set_state_time_total": 0.0, "setup_model_time_mean": 9.724965810775757, "setup_model_time_total": 9.724965810775757, "setup_proc_time_mean": 0.1816692352294922, "setup_proc_time_total": 0.1816692352294922, "train_accuracy": 0.0993799939751625, "train_loss": 4.591100579147339, "training_time_mean": NaN, "training_time_total": 0.0, "val_accuracy": 0.09999999403953552, "val_loss": 2.364930994415283, "validation_time_mean": NaN, "validation_time_total": 0.0, "samples": 60000, "num_workers": 1, "done": false, "timesteps_total": null, "episodes_total": null, "training_iteration": 1, "neg_mean_loss": -2.364930994415283, "experiment_id": "522ad64e51af4881a9e633bb27e78d4e", "date": "2019-06-03_04-42-58", "timestamp": 1559562178, "time_this_iter_s": 47.863178730010986, "time_total_s": 47.863178730010986, "pid": 22965, "hostname": "steropes", "node_ip": "169.229.49.254", "config": {"starting_lr": 1.0, "momentum": 0.9, "weight_decay": 0.0005, "steps_per_iteration": null, "pin": false, "model_creator": null, "target_batch_size": 128, "model_string": "resnet50", "min_batch_size": 128, "dataset": "CIFAR", "placement": null, "use_nccl": true, "devices_per_worker": 1, "primary_resource": "extra_gpu", "gpu": false, "verbose": false, "lr_config": {"mode": "log", "steps": 5, "initial_lr": 1.0, "target_lr": 1.0}, "batch_per_device": 128}, "time_since_restore": 47.863178730010986, "timesteps_since_restore": 0, "iterations_since_restore": 1, "mean_throughput": 1253.5709225660598, "atoms": 1, "setup_time": 10.342145919799805}
{"apply": 0.018659210205078124, "batch_time": 0.03191464762144451, "d2h": 0.0007481098175048829, "data_time": 0.0018873464725816342, "fwd": 0.028807187080383302, "get_state_time_mean": NaN, "get_state_time_total": 0.0, "grad": 0.04886131286621094, "mean_accuracy": 0.09999999403953552, "mean_loss": 2.3622267103195194, "neg_mean_accuracy": -0.09999999403953552, "set_state_time_mean": NaN, "set_state_time_total": 0.0, "setup_model_time_mean": NaN, "setup_model_time_total": 0.0, "setup_proc_time_mean": NaN, "setup_proc_time_total": 0.0, "train_accuracy": 0.0962199941277504, "train_loss": 2.363924461364746, "training_time_mean": NaN, "training_time_total": 0.0, "val_accuracy": 0.09999999403953552, "val_loss": 2.359522426223755, "validation_time_mean": NaN, "validation_time_total": 0.0, "samples": 60000, "num_workers": 1, "done": false, "timesteps_total": null, "episodes_total": null, "training_iteration": 2, "neg_mean_loss": -2.3622267103195194, "experiment_id": "522ad64e51af4881a9e633bb27e78d4e", "date": "2019-06-03_04-43-40", "timestamp": 1559562220, "time_this_iter_s": 42.114999294281006, "time_total_s": 89.97817802429199, "pid": 22965, "hostname": "steropes", "node_ip": "169.229.49.254", "config": {"starting_lr": 1.0, "momentum": 0.9, "weight_decay": 0.0005, "steps_per_iteration": null, "pin": false, "model_creator": null, "target_batch_size": 128, "model_string": "resnet50", "min_batch_size": 128, "dataset": "CIFAR", "placement": null, "use_nccl": true, "devices_per_worker": 1, "primary_resource": "extra_gpu", "gpu": false, "verbose": false, "lr_config": {"mode": "log", "steps": 5, "initial_lr": 1.0, "target_lr": 1.0}, "batch_per_device": 128}, "time_since_restore": 89.97817802429199, "timesteps_since_restore": 0, "iterations_since_restore": 2, "mean_throughput": 1333.6542159826665, "atoms": 1, "setup_time": 10.342145919799805}
{"apply": 0.018213486671447753, "batch_time": 0.03268999691250958, "d2h": 0.0007433652877807617, "data_time": 0.001832290073794782, "fwd": 0.02876315116882324, "get_state_time_mean": NaN, "get_state_time_total": 0.0, "grad": 0.048838353157043456, "mean_accuracy": 0.11376666029294331, "mean_loss": 2.6815142500559492, "neg_mean_accuracy": -0.1412999927997589, "set_state_time_mean": NaN, "set_state_time_total": 0.0, "setup_model_time_mean": NaN, "setup_model_time_total": 0.0, "setup_proc_time_mean": NaN, "setup_proc_time_total": 0.0, "train_accuracy": 0.17399999499320984, "train_loss": 2.172964687576294, "training_time_mean": NaN, "training_time_total": 0.0, "val_accuracy": 0.1412999927997589, "val_loss": 3.3200893295288085, "validation_time_mean": NaN, "validation_time_total": 0.0, "samples": 60000, "num_workers": 1, "done": true, "timesteps_total": null, "episodes_total": null, "training_iteration": 3, "neg_mean_loss": -2.6815142500559492, "experiment_id": "522ad64e51af4881a9e633bb27e78d4e", "date": "2019-06-03_04-44-22", "timestamp": 1559562262, "time_this_iter_s": 41.93522572517395, "time_total_s": 131.91340374946594, "pid": 22965, "hostname": "steropes", "node_ip": "169.229.49.254", "config": {"starting_lr": 1.0, "momentum": 0.9, "weight_decay": 0.0005, "steps_per_iteration": null, "pin": false, "model_creator": null, "target_batch_size": 128, "model_string": "resnet50", "min_batch_size": 128, "dataset": "CIFAR", "placement": null, "use_nccl": true, "devices_per_worker": 1, "primary_resource": "extra_gpu", "gpu": false, "verbose": false, "lr_config": {"mode": "log", "steps": 5, "initial_lr": 1.0, "target_lr": 1.0}, "batch_per_device": 128}, "time_since_restore": 131.91340374946594, "timesteps_since_restore": 0, "iterations_since_restore": 3, "mean_throughput": 1364.5274561904107, "atoms": 1, "setup_time": 10.342145919799805}
