{"apply": 0.01705489158630371, "batch_time": 0.048343589034261586, "d2h": 0.000876760482788086, "data_time": 0.001916090240868766, "fwd": 0.11488361358642578, "get_state_time_mean": NaN, "get_state_time_total": 0.0, "grad": 0.16461024284362794, "mean_accuracy": 0.15799999237060547, "mean_loss": 2.286958797454834, "neg_mean_accuracy": -0.15799999237060547, "set_state_time_mean": NaN, "set_state_time_total": 0.0, "setup_model_time_mean": 8.56865906715393, "setup_model_time_total": 8.56865906715393, "setup_proc_time_mean": 1.840770959854126, "setup_proc_time_total": 1.840770959854126, "train_accuracy": 0.12007999420166016, "train_loss": 2.64631178237915, "training_time_mean": NaN, "training_time_total": 0.0, "val_accuracy": 0.15799999237060547, "val_loss": 2.286958797454834, "validation_time_mean": NaN, "validation_time_total": 0.0, "samples": 60000, "num_workers": 1, "done": false, "timesteps_total": null, "episodes_total": null, "training_iteration": 1, "neg_mean_loss": -2.286958797454834, "experiment_id": "692d6e29450e4176943aed34c1960b2c", "date": "2019-06-03_04-38-00", "timestamp": 1559561880, "time_this_iter_s": 46.70690560340881, "time_total_s": 46.70690560340881, "pid": 17451, "hostname": "steropes", "node_ip": "169.229.49.254", "config": {"starting_lr": 0.0001, "momentum": 0.95, "weight_decay": 0.0001, "steps_per_iteration": null, "pin": false, "model_creator": null, "target_batch_size": 128, "model_string": "resnet50", "min_batch_size": 128, "dataset": "CIFAR", "placement": null, "use_nccl": true, "devices_per_worker": 1, "primary_resource": "extra_gpu", "gpu": false, "verbose": false, "lr_config": {"mode": "log", "steps": 5, "initial_lr": 0.0001, "target_lr": 0.0001}, "batch_per_device": 128}, "time_since_restore": 46.70690560340881, "timesteps_since_restore": 0, "iterations_since_restore": 1, "mean_throughput": 1284.6040924691506, "atoms": 1, "setup_time": 14.115665674209595}
{"apply": 0.01765768527984619, "batch_time": 0.03172418739222273, "d2h": 0.0007541179656982422, "data_time": 0.0018383731012759001, "fwd": 0.028508877754211424, "get_state_time_mean": NaN, "get_state_time_total": 0.0, "grad": 0.04928255081176758, "mean_accuracy": 0.18209999054670334, "mean_loss": 2.2142473571777344, "neg_mean_accuracy": -0.2061999887228012, "set_state_time_mean": NaN, "set_state_time_total": 0.0, "setup_model_time_mean": NaN, "setup_model_time_total": 0.0, "setup_proc_time_mean": NaN, "setup_proc_time_total": 0.0, "train_accuracy": 0.16925999522209167, "train_loss": 2.254940967712402, "training_time_mean": NaN, "training_time_total": 0.0, "val_accuracy": 0.2061999887228012, "val_loss": 2.1415359169006347, "validation_time_mean": NaN, "validation_time_total": 0.0, "samples": 60000, "num_workers": 1, "done": false, "timesteps_total": null, "episodes_total": null, "training_iteration": 2, "neg_mean_loss": -2.2142473571777344, "experiment_id": "692d6e29450e4176943aed34c1960b2c", "date": "2019-06-03_04-38-41", "timestamp": 1559561921, "time_this_iter_s": 41.18989849090576, "time_total_s": 87.89680409431458, "pid": 17451, "hostname": "steropes", "node_ip": "169.229.49.254", "config": {"starting_lr": 0.0001, "momentum": 0.95, "weight_decay": 0.0001, "steps_per_iteration": null, "pin": false, "model_creator": null, "target_batch_size": 128, "model_string": "resnet50", "min_batch_size": 128, "dataset": "CIFAR", "placement": null, "use_nccl": true, "devices_per_worker": 1, "primary_resource": "extra_gpu", "gpu": false, "verbose": false, "lr_config": {"mode": "log", "steps": 5, "initial_lr": 0.0001, "target_lr": 0.0001}, "batch_per_device": 128}, "time_since_restore": 87.89680409431458, "timesteps_since_restore": 0, "iterations_since_restore": 2, "mean_throughput": 1365.2327296356864, "atoms": 1, "setup_time": 14.115665674209595}
{"apply": 0.019415998458862306, "batch_time": 0.03193049189410632, "d2h": 0.0008612871170043945, "data_time": 0.001838670667175137, "fwd": 0.029272961616516113, "get_state_time_mean": NaN, "get_state_time_total": 0.0, "grad": 0.047993707656860354, "mean_accuracy": 0.20416666070620218, "mean_loss": 2.1565721201578776, "neg_mean_accuracy": -0.2483000010251999, "set_state_time_mean": NaN, "set_state_time_total": 0.0, "setup_model_time_mean": NaN, "setup_model_time_total": 0.0, "setup_proc_time_mean": NaN, "setup_proc_time_total": 0.0, "train_accuracy": 0.2105799913406372, "train_loss": 2.138545929336548, "training_time_mean": NaN, "training_time_total": 0.0, "val_accuracy": 0.2483000010251999, "val_loss": 2.041221646118164, "validation_time_mean": NaN, "validation_time_total": 0.0, "samples": 60000, "num_workers": 1, "done": false, "timesteps_total": null, "episodes_total": null, "training_iteration": 3, "neg_mean_loss": -2.1565721201578776, "experiment_id": "692d6e29450e4176943aed34c1960b2c", "date": "2019-06-03_04-39-22", "timestamp": 1559561962, "time_this_iter_s": 40.69596886634827, "time_total_s": 128.59277296066284, "pid": 17451, "hostname": "steropes", "node_ip": "169.229.49.254", "config": {"starting_lr": 0.0001, "momentum": 0.95, "weight_decay": 0.0001, "steps_per_iteration": null, "pin": false, "model_creator": null, "target_batch_size": 128, "model_string": "resnet50", "min_batch_size": 128, "dataset": "CIFAR", "placement": null, "use_nccl": true, "devices_per_worker": 1, "primary_resource": "extra_gpu", "gpu": false, "verbose": false, "lr_config": {"mode": "log", "steps": 5, "initial_lr": 0.0001, "target_lr": 0.0001}, "batch_per_device": 128}, "time_since_restore": 128.59277296066284, "timesteps_since_restore": 0, "iterations_since_restore": 3, "mean_throughput": 1399.76352919486, "atoms": 1, "setup_time": 14.115665674209595}
{"apply": 0.01897127628326416, "batch_time": 0.0334023342856878, "d2h": 0.0007338047027587891, "data_time": 0.001873032821108923, "fwd": 0.029319047927856445, "get_state_time_mean": NaN, "get_state_time_total": 0.0, "grad": 0.048323965072631835, "mean_accuracy": 0.22259999066591263, "mean_loss": 2.1105539622306826, "neg_mean_accuracy": -0.27789998054504395, "set_state_time_mean": NaN, "set_state_time_total": 0.0, "setup_model_time_mean": NaN, "setup_model_time_total": 0.0, "setup_proc_time_mean": NaN, "setup_proc_time_total": 0.0, "train_accuracy": 0.2360999882221222, "train_loss": 2.0615402953720094, "training_time_mean": NaN, "training_time_total": 0.0, "val_accuracy": 0.27789998054504395, "val_loss": 1.9724994884490967, "validation_time_mean": NaN, "validation_time_total": 0.0, "samples": 60000, "num_workers": 1, "done": true, "timesteps_total": null, "episodes_total": null, "training_iteration": 4, "neg_mean_loss": -2.1105539622306826, "experiment_id": "692d6e29450e4176943aed34c1960b2c", "date": "2019-06-03_04-40-03", "timestamp": 1559562003, "time_this_iter_s": 41.2217173576355, "time_total_s": 169.81449031829834, "pid": 17451, "hostname": "steropes", "node_ip": "169.229.49.254", "config": {"starting_lr": 0.0001, "momentum": 0.95, "weight_decay": 0.0001, "steps_per_iteration": null, "pin": false, "model_creator": null, "target_batch_size": 128, "model_string": "resnet50", "min_batch_size": 128, "dataset": "CIFAR", "placement": null, "use_nccl": true, "devices_per_worker": 1, "primary_resource": "extra_gpu", "gpu": false, "verbose": false, "lr_config": {"mode": "log", "steps": 5, "initial_lr": 0.0001, "target_lr": 0.0001}, "batch_per_device": 128}, "time_since_restore": 169.81449031829834, "timesteps_since_restore": 0, "iterations_since_restore": 4, "mean_throughput": 1413.3032172856056, "atoms": 1, "setup_time": 14.115665674209595}
