apply,batch_time,d2h,data_time,fwd,get_state_time_mean,get_state_time_total,grad,mean_accuracy,mean_loss,neg_mean_accuracy,set_state_time_mean,set_state_time_total,setup_model_time_mean,setup_model_time_total,setup_proc_time_mean,setup_proc_time_total,train_accuracy,train_loss,training_time_mean,training_time_total,val_accuracy,val_loss,validation_time_mean,validation_time_total,samples,num_workers,done,timesteps_total,episodes_total,training_iteration,neg_mean_loss,experiment_id,date,timestamp,time_this_iter_s,time_total_s,pid,hostname,node_ip,config,time_since_restore,timesteps_since_restore,iterations_since_restore,mean_throughput,atoms,setup_time
0.017075252532958985,0.04102873198593719,0.0007122278213500977,0.0018647284154087076,0.12222778797149658,nan,0.0,0.17073457241058348,0.1800999939441681,2.088103723144531,-0.1800999939441681,nan,0.0,12.295562267303467,12.295562267303467,0.2169334888458252,0.2169334888458252,0.14805999398231506,4.039885971679688,nan,0.0,0.1800999939441681,2.088103723144531,nan,0.0,60000,1,False,,,1,-2.088103723144531,63ec3cce93a54f089b53f82cff1f334e,2019-06-03_03-37-20,1559558240,45.70214056968689,45.70214056968689,13439,steropes,169.229.49.254,"{'starting_lr': 0.1, 'momentum': 0.95, 'weight_decay': 0.0005, 'steps_per_iteration': None, 'pin': False, 'model_creator': None, 'target_batch_size': 128, 'model_string': 'resnet50', 'min_batch_size': 128, 'dataset': 'CIFAR', 'placement': None, 'use_nccl': True, 'devices_per_worker': 1, 'primary_resource': 'extra_gpu', 'gpu': False, 'verbose': False, 'lr_config': {'mode': 'log', 'steps': 5, 'initial_lr': 0.1, 'target_lr': 0.1}, 'batch_per_device': 128}",45.70214056968689,0,1,1312.8451475694226,1,12.631831169128418
0.01718769073486328,0.031621235835401315,0.00089263916015625,0.0017183174562576176,0.027598237991333006,nan,0.0,0.04735853672027588,0.22899998724460602,1.9946521751403807,-0.27789998054504395,nan,0.0,nan,0.0,nan,0.0,0.21285998821258545,2.0073732604598997,nan,0.0,0.27789998054504395,1.9012006271362305,nan,0.0,60000,1,False,,,2,-1.9946521751403807,63ec3cce93a54f089b53f82cff1f334e,2019-06-03_03-38-00,1559558280,40.50752258300781,86.2096631526947,13439,steropes,169.229.49.254,"{'starting_lr': 0.1, 'momentum': 0.95, 'weight_decay': 0.0005, 'steps_per_iteration': None, 'pin': False, 'model_creator': None, 'target_batch_size': 128, 'model_string': 'resnet50', 'min_batch_size': 128, 'dataset': 'CIFAR', 'placement': None, 'use_nccl': True, 'devices_per_worker': 1, 'primary_resource': 'extra_gpu', 'gpu': False, 'verbose': False, 'lr_config': {'mode': 'log', 'steps': 5, 'initial_lr': 0.1, 'target_lr': 0.1}, 'batch_per_device': 128}",86.2096631526947,0,2,1391.9519602303612,1,12.631831169128418
0.017218494415283205,0.03171498262429539,0.0007062911987304688,0.0017388342591502781,0.02775564193725586,nan,0.0,0.0477825403213501,0.2569333215554555,1.9448247894287107,-0.31279999017715454,nan,0.0,nan,0.0,nan,0.0,0.2803199887275696,1.8809744556427002,nan,0.0,0.31279999017715454,1.8451700180053712,nan,0.0,60000,1,False,,,3,-1.9448247894287107,63ec3cce93a54f089b53f82cff1f334e,2019-06-03_03-38-41,1559558321,40.18902063369751,126.39868378639221,13439,steropes,169.229.49.254,"{'starting_lr': 0.1, 'momentum': 0.95, 'weight_decay': 0.0005, 'steps_per_iteration': None, 'pin': False, 'model_creator': None, 'target_batch_size': 128, 'model_string': 'resnet50', 'min_batch_size': 128, 'dataset': 'CIFAR', 'placement': None, 'use_nccl': True, 'devices_per_worker': 1, 'primary_resource': 'extra_gpu', 'gpu': False, 'verbose': False, 'lr_config': {'mode': 'log', 'steps': 5, 'initial_lr': 0.1, 'target_lr': 0.1}, 'batch_per_device': 128}",126.39868378639221,0,3,1424.0621847476984,1,12.631831169128418
0.017077159881591798,0.03116485136973707,0.0007036924362182617,0.001792705882235866,0.027296924591064455,nan,0.0,0.04706127643585205,0.293349988758564,1.8502002542495726,-0.4025999903678894,nan,0.0,nan,0.0,nan,0.0,0.3459399938583374,1.736933296432495,nan,0.0,0.4025999903678894,1.566326648712158,nan,0.0,60000,1,False,,,4,-1.8502002542495726,63ec3cce93a54f089b53f82cff1f334e,2019-06-03_03-39-21,1559558361,40.45191240310669,166.8505961894989,13439,steropes,169.229.49.254,"{'starting_lr': 0.1, 'momentum': 0.95, 'weight_decay': 0.0005, 'steps_per_iteration': None, 'pin': False, 'model_creator': None, 'target_batch_size': 128, 'model_string': 'resnet50', 'min_batch_size': 128, 'dataset': 'CIFAR', 'placement': None, 'use_nccl': True, 'devices_per_worker': 1, 'primary_resource': 'extra_gpu', 'gpu': False, 'verbose': False, 'lr_config': {'mode': 'log', 'steps': 5, 'initial_lr': 0.1, 'target_lr': 0.1}, 'batch_per_device': 128}",166.8505961894989,0,4,1438.4094210474475,1,12.631831169128418
0.018831610679626465,0.03225384482854529,0.0007354021072387695,0.001757465664992857,0.028384923934936523,nan,0.0,0.047606706619262695,0.32393999099731446,1.7827280806732175,-0.4462999999523163,nan,0.0,nan,0.0,nan,0.0,0.38971999287605286,1.6374120589065553,nan,0.0,0.4462999999523163,1.5128393863677978,nan,0.0,60000,1,False,,,5,-1.7827280806732175,63ec3cce93a54f089b53f82cff1f334e,2019-06-03_03-40-01,1559558401,40.346025228500366,207.19662141799927,13439,steropes,169.229.49.254,"{'starting_lr': 0.1, 'momentum': 0.95, 'weight_decay': 0.0005, 'steps_per_iteration': None, 'pin': False, 'model_creator': None, 'target_batch_size': 128, 'model_string': 'resnet50', 'min_batch_size': 128, 'dataset': 'CIFAR', 'placement': None, 'use_nccl': True, 'devices_per_worker': 1, 'primary_resource': 'extra_gpu', 'gpu': False, 'verbose': False, 'lr_config': {'mode': 'log', 'steps': 5, 'initial_lr': 0.1, 'target_lr': 0.1}, 'batch_per_device': 128}",207.19662141799927,0,5,1447.8969083011282,1,12.631831169128418
0.017202258110046387,0.03133895125570176,0.000704503059387207,0.0017475203784835308,0.027393794059753417,nan,0.0,0.047082161903381346,0.3713399887084961,1.68873129322052,-0.4170999825000763,nan,0.0,nan,0.0,nan,0.0,0.4262999892234802,1.565795446624756,nan,0.0,0.4170999825000763,1.6181197858810425,nan,0.0,60000,1,False,,,6,-1.68873129322052,63ec3cce93a54f089b53f82cff1f334e,2019-06-03_03-40-42,1559558442,40.44293427467346,247.63955569267273,13439,steropes,169.229.49.254,"{'starting_lr': 0.1, 'momentum': 0.95, 'weight_decay': 0.0005, 'steps_per_iteration': None, 'pin': False, 'model_creator': None, 'target_batch_size': 128, 'model_string': 'resnet50', 'min_batch_size': 128, 'dataset': 'CIFAR', 'placement': None, 'use_nccl': True, 'devices_per_worker': 1, 'primary_resource': 'extra_gpu', 'gpu': False, 'verbose': False, 'lr_config': {'mode': 'log', 'steps': 5, 'initial_lr': 0.1, 'target_lr': 0.1}, 'batch_per_device': 128}",247.63955569267273,0,6,1485.605825762465,1,12.631831169128418
0.017112326622009278,0.033053334755233574,0.0007177591323852539,0.0017918668439626084,0.027646803855895997,nan,0.0,0.04868474006652832,0.4050599932670593,1.6323901721191405,-0.4465000033378601,nan,0.0,nan,0.0,nan,0.0,0.4569399952888489,1.4989205611801149,nan,0.0,0.4465000033378601,1.6194950216293336,nan,0.0,60000,1,False,,,7,-1.6323901721191405,63ec3cce93a54f089b53f82cff1f334e,2019-06-03_03-41-23,1559558483,40.85342240333557,288.4929780960083,13439,steropes,169.229.49.254,"{'starting_lr': 0.1, 'momentum': 0.95, 'weight_decay': 0.0005, 'steps_per_iteration': None, 'pin': False, 'model_creator': None, 'target_batch_size': 128, 'model_string': 'resnet50', 'min_batch_size': 128, 'dataset': 'CIFAR', 'placement': None, 'use_nccl': True, 'devices_per_worker': 1, 'primary_resource': 'extra_gpu', 'gpu': False, 'verbose': False, 'lr_config': {'mode': 'log', 'steps': 5, 'initial_lr': 0.1, 'target_lr': 0.1}, 'batch_per_device': 128}",288.4929780960083,0,7,1483.06550872279,1,12.631831169128418
0.01709306240081787,0.03117448770547215,0.0007039785385131836,0.0017507064068103995,0.027255988121032713,nan,0.0,0.04687564373016358,0.445579993724823,1.5340563394165039,-0.5153999924659729,nan,0.0,nan,0.0,nan,0.0,0.48157998919487,1.4327624252700806,nan,0.0,0.5153999924659729,1.3535008544921876,nan,0.0,60000,1,False,,,8,-1.5340563394165039,63ec3cce93a54f089b53f82cff1f334e,2019-06-03_03-42-03,1559558523,40.32218837738037,328.8151664733887,13439,steropes,169.229.49.254,"{'starting_lr': 0.1, 'momentum': 0.95, 'weight_decay': 0.0005, 'steps_per_iteration': None, 'pin': False, 'model_creator': None, 'target_batch_size': 128, 'model_string': 'resnet50', 'min_batch_size': 128, 'dataset': 'CIFAR', 'placement': None, 'use_nccl': True, 'devices_per_worker': 1, 'primary_resource': 'extra_gpu', 'gpu': False, 'verbose': False, 'lr_config': {'mode': 'log', 'steps': 5, 'initial_lr': 0.1, 'target_lr': 0.1}, 'batch_per_device': 128}",328.8151664733887,0,8,1482.0894346392681,1,12.631831169128418
0.0172680139541626,0.031540870666503906,0.000706791877746582,0.001744798382224939,0.02733614444732666,nan,0.0,0.04783430099487305,0.4709999918937683,1.4861650876235961,-0.529699981212616,nan,0.0,nan,0.0,nan,0.0,0.5128799676895142,1.3650314725875854,nan,0.0,0.529699981212616,1.3268703897476197,nan,0.0,60000,1,False,,,9,-1.4861650876235961,63ec3cce93a54f089b53f82cff1f334e,2019-06-03_03-42-44,1559558564,40.46101927757263,369.2761857509613,13439,steropes,169.229.49.254,"{'starting_lr': 0.1, 'momentum': 0.95, 'weight_decay': 0.0005, 'steps_per_iteration': None, 'pin': False, 'model_creator': None, 'target_batch_size': 128, 'model_string': 'resnet50', 'min_batch_size': 128, 'dataset': 'CIFAR', 'placement': None, 'use_nccl': True, 'devices_per_worker': 1, 'primary_resource': 'extra_gpu', 'gpu': False, 'verbose': False, 'lr_config': {'mode': 'log', 'steps': 5, 'initial_lr': 0.1, 'target_lr': 0.1}, 'batch_per_device': 128}",369.2761857509613,0,9,1482.0227696541444,1,12.631831169128418
0.017697620391845702,0.03165389918073823,0.0006975650787353516,0.0017239541348898807,0.027867794036865234,nan,0.0,0.04870948791503906,0.487419992685318,1.4504373760604858,-0.5284000039100647,nan,0.0,nan,0.0,nan,0.0,0.5299000144004822,1.3217036075592041,nan,0.0,0.5284000039100647,1.3342008285522462,nan,0.0,60000,1,False,,,10,-1.4504373760604858,63ec3cce93a54f089b53f82cff1f334e,2019-06-03_03-43-24,1559558604,40.412479639053345,409.68866539001465,13439,steropes,169.229.49.254,"{'starting_lr': 0.1, 'momentum': 0.95, 'weight_decay': 0.0005, 'steps_per_iteration': None, 'pin': False, 'model_creator': None, 'target_batch_size': 128, 'model_string': 'resnet50', 'min_batch_size': 128, 'dataset': 'CIFAR', 'placement': None, 'use_nccl': True, 'devices_per_worker': 1, 'primary_resource': 'extra_gpu', 'gpu': False, 'verbose': False, 'lr_config': {'mode': 'log', 'steps': 5, 'initial_lr': 0.1, 'target_lr': 0.1}, 'batch_per_device': 128}",409.68866539001465,0,10,1481.536439929318,1,12.631831169128418
0.017166829109191893,0.032862234719191925,0.000675368309020996,0.001762607213481308,0.027478599548339845,nan,0.0,0.04710822105407715,0.5168799877166748,1.37230323928833,-0.5643999576568604,nan,0.0,nan,0.0,nan,0.0,0.550000011920929,1.2736852141952515,nan,0.0,0.5643999576568604,1.2274491020202636,nan,0.0,60000,1,False,,,11,-1.37230323928833,63ec3cce93a54f089b53f82cff1f334e,2019-06-03_03-44-05,1559558645,40.61321449279785,450.3018798828125,13439,steropes,169.229.49.254,"{'starting_lr': 0.1, 'momentum': 0.95, 'weight_decay': 0.0005, 'steps_per_iteration': None, 'pin': False, 'model_creator': None, 'target_batch_size': 128, 'model_string': 'resnet50', 'min_batch_size': 128, 'dataset': 'CIFAR', 'placement': None, 'use_nccl': True, 'devices_per_worker': 1, 'primary_resource': 'extra_gpu', 'gpu': False, 'verbose': False, 'lr_config': {'mode': 'log', 'steps': 5, 'initial_lr': 0.1, 'target_lr': 0.1}, 'batch_per_device': 128}",450.3018798828125,0,11,1480.291643563001,1,12.631831169128418
0.019238972663879396,0.034532737128342254,0.0007196664810180664,0.0017235974216705087,0.02846522331237793,nan,0.0,0.04730455875396729,0.5433199882507325,1.2895953217315674,-0.5787000060081482,nan,0.0,nan,0.0,nan,0.0,0.5659999847412109,1.2281880583953857,nan,0.0,0.5787000060081482,1.20595543384552,nan,0.0,60000,1,False,,,12,-1.2895953217315674,63ec3cce93a54f089b53f82cff1f334e,2019-06-03_03-44-45,1559558685,40.63213062286377,490.93401050567627,13439,steropes,169.229.49.254,"{'starting_lr': 0.1, 'momentum': 0.95, 'weight_decay': 0.0005, 'steps_per_iteration': None, 'pin': False, 'model_creator': None, 'target_batch_size': 128, 'model_string': 'resnet50', 'min_batch_size': 128, 'dataset': 'CIFAR', 'placement': None, 'use_nccl': True, 'devices_per_worker': 1, 'primary_resource': 'extra_gpu', 'gpu': False, 'verbose': False, 'lr_config': {'mode': 'log', 'steps': 5, 'initial_lr': 0.1, 'target_lr': 0.1}, 'batch_per_device': 128}",490.93401050567627,0,12,1481.9097531282314,1,12.631831169128418
0.01753213405609131,0.03112242493448378,0.0006951332092285156,0.0017120380840642982,0.027506041526794433,nan,0.0,0.04769127368927002,0.5566599845886231,1.2643126403808593,-0.582099974155426,nan,0.0,nan,0.0,nan,0.0,0.5757200121879578,1.2006260473251342,nan,0.0,0.582099974155426,1.2270874477386475,nan,0.0,60000,1,False,,,13,-1.2643126403808593,63ec3cce93a54f089b53f82cff1f334e,2019-06-03_03-45-25,1559558725,40.13738179206848,531.0713922977448,13439,steropes,169.229.49.254,"{'starting_lr': 0.1, 'momentum': 0.95, 'weight_decay': 0.0005, 'steps_per_iteration': None, 'pin': False, 'model_creator': None, 'target_batch_size': 128, 'model_string': 'resnet50', 'min_batch_size': 128, 'dataset': 'CIFAR', 'placement': None, 'use_nccl': True, 'devices_per_worker': 1, 'primary_resource': 'extra_gpu', 'gpu': False, 'verbose': False, 'lr_config': {'mode': 'log', 'steps': 5, 'initial_lr': 0.1, 'target_lr': 0.1}, 'batch_per_device': 128}",531.0713922977448,0,13,1483.264173678188,1,12.631831169128418
0.01864306926727295,0.03143666665765304,0.0007060527801513672,0.0017366567840966423,0.028745388984680174,nan,0.0,0.047486734390258786,0.5712799906730652,1.2361970398712157,-0.6028000116348267,nan,0.0,nan,0.0,nan,0.0,0.5900200009346008,1.1703273096466065,nan,0.0,0.6028000116348267,1.1862923871994018,nan,0.0,60000,1,False,,,14,-1.2361970398712157,63ec3cce93a54f089b53f82cff1f334e,2019-06-03_03-46-06,1559558766,40.50274586677551,571.5741381645203,13439,steropes,169.229.49.254,"{'starting_lr': 0.1, 'momentum': 0.95, 'weight_decay': 0.0005, 'steps_per_iteration': None, 'pin': False, 'model_creator': None, 'target_batch_size': 128, 'model_string': 'resnet50', 'min_batch_size': 128, 'dataset': 'CIFAR', 'placement': None, 'use_nccl': True, 'devices_per_worker': 1, 'primary_resource': 'extra_gpu', 'gpu': False, 'verbose': False, 'lr_config': {'mode': 'log', 'steps': 5, 'initial_lr': 0.1, 'target_lr': 0.1}, 'batch_per_device': 128}",571.5741381645203,0,14,1482.9582107361666,1,12.631831169128418
0.01801619529724121,0.031313362000863765,0.0007210493087768555,0.001750155787943574,0.02845633029937744,nan,0.0,0.04818260669708252,0.5763799905776977,1.2397292653274536,-0.5539000034332275,nan,0.0,nan,0.0,nan,0.0,0.5969600081443787,1.1545347439956666,nan,0.0,0.5539000034332275,1.351861955833435,nan,0.0,60000,1,False,,,15,-1.2397292653274536,63ec3cce93a54f089b53f82cff1f334e,2019-06-03_03-46-46,1559558806,40.3740668296814,611.9482049942017,13439,steropes,169.229.49.254,"{'starting_lr': 0.1, 'momentum': 0.95, 'weight_decay': 0.0005, 'steps_per_iteration': None, 'pin': False, 'model_creator': None, 'target_batch_size': 128, 'model_string': 'resnet50', 'min_batch_size': 128, 'dataset': 'CIFAR', 'placement': None, 'use_nccl': True, 'devices_per_worker': 1, 'primary_resource': 'extra_gpu', 'gpu': False, 'verbose': False, 'lr_config': {'mode': 'log', 'steps': 5, 'initial_lr': 0.1, 'target_lr': 0.1}, 'batch_per_device': 128}",611.9482049942017,0,15,1483.2398582349908,1,12.631831169128418
0.017188048362731932,0.03152733513071567,0.0007523775100708007,0.0017257328228572446,0.027632641792297363,nan,0.0,0.04772367477416992,0.5820599913597106,1.2413251774787901,-0.592799961566925,nan,0.0,nan,0.0,nan,0.0,0.6096599698066711,1.1211399543380738,nan,0.0,0.592799961566925,1.235428662776947,nan,0.0,60000,1,False,,,16,-1.2413251774787901,63ec3cce93a54f089b53f82cff1f334e,2019-06-03_03-47-27,1559558847,40.246522188186646,652.1947271823883,13439,steropes,169.229.49.254,"{'starting_lr': 0.1, 'momentum': 0.95, 'weight_decay': 0.0005, 'steps_per_iteration': None, 'pin': False, 'model_creator': None, 'target_batch_size': 128, 'model_string': 'resnet50', 'min_batch_size': 128, 'dataset': 'CIFAR', 'placement': None, 'use_nccl': True, 'devices_per_worker': 1, 'primary_resource': 'extra_gpu', 'gpu': False, 'verbose': False, 'lr_config': {'mode': 'log', 'steps': 5, 'initial_lr': 0.1, 'target_lr': 0.1}, 'batch_per_device': 128}",652.1947271823883,0,16,1485.9338268238755,1,12.631831169128418
0.01733107566833496,0.03132644786110407,0.0007499456405639648,0.0017495265092386308,0.02784264087677002,nan,0.0,0.0475330114364624,0.5897199869155884,1.2272195132255554,-0.6169999837875366,nan,0.0,nan,0.0,nan,0.0,0.6187799572944641,1.0967353619384765,nan,0.0,0.6169999837875366,1.1354271125793458,nan,0.0,60000,1,False,,,17,-1.2272195132255554,63ec3cce93a54f089b53f82cff1f334e,2019-06-03_03-48-07,1559558887,40.37181377410889,692.5665409564972,13439,steropes,169.229.49.254,"{'starting_lr': 0.1, 'momentum': 0.95, 'weight_decay': 0.0005, 'steps_per_iteration': None, 'pin': False, 'model_creator': None, 'target_batch_size': 128, 'model_string': 'resnet50', 'min_batch_size': 128, 'dataset': 'CIFAR', 'placement': None, 'use_nccl': True, 'devices_per_worker': 1, 'primary_resource': 'extra_gpu', 'gpu': False, 'verbose': False, 'lr_config': {'mode': 'log', 'steps': 5, 'initial_lr': 0.1, 'target_lr': 0.1}, 'batch_per_device': 128}",692.5665409564972,0,17,1487.852196620668,1,12.631831169128418
0.020212769508361816,0.031595284425759616,0.0007530450820922852,0.0017375360669382393,0.02918288707733154,nan,0.0,0.04857127666473389,0.5957399845123291,1.2090431529808046,-0.6121999621391296,nan,0.0,nan,0.0,nan,0.0,0.6238600015640259,1.0954022221755981,nan,0.0,0.6121999621391296,1.1362056465148926,nan,0.0,60000,1,False,,,18,-1.2090431529808046,63ec3cce93a54f089b53f82cff1f334e,2019-06-03_03-48-47,1559558927,40.3792679309845,732.9458088874817,13439,steropes,169.229.49.254,"{'starting_lr': 0.1, 'momentum': 0.95, 'weight_decay': 0.0005, 'steps_per_iteration': None, 'pin': False, 'model_creator': None, 'target_batch_size': 128, 'model_string': 'resnet50', 'min_batch_size': 128, 'dataset': 'CIFAR', 'placement': None, 'use_nccl': True, 'devices_per_worker': 1, 'primary_resource': 'extra_gpu', 'gpu': False, 'verbose': False, 'lr_config': {'mode': 'log', 'steps': 5, 'initial_lr': 0.1, 'target_lr': 0.1}, 'batch_per_device': 128}",732.9458088874817,0,18,1486.069492702296,1,12.631831169128418
0.01898515224456787,0.03199458424049088,0.0007402420043945313,0.0017866710262835178,0.029149413108825684,nan,0.0,0.04918537139892578,0.6008999824523926,1.1876356341552734,-0.628600001335144,nan,0.0,nan,0.0,nan,0.0,0.6315599679946899,1.072555895805359,nan,0.0,0.628600001335144,1.0792547930717469,nan,0.0,60000,1,False,,,19,-1.1876356341552734,63ec3cce93a54f089b53f82cff1f334e,2019-06-03_03-49-28,1559558968,40.50237202644348,773.4481809139252,13439,steropes,169.229.49.254,"{'starting_lr': 0.1, 'momentum': 0.95, 'weight_decay': 0.0005, 'steps_per_iteration': None, 'pin': False, 'model_creator': None, 'target_batch_size': 128, 'model_string': 'resnet50', 'min_batch_size': 128, 'dataset': 'CIFAR', 'placement': None, 'use_nccl': True, 'devices_per_worker': 1, 'primary_resource': 'extra_gpu', 'gpu': False, 'verbose': False, 'lr_config': {'mode': 'log', 'steps': 5, 'initial_lr': 0.1, 'target_lr': 0.1}, 'batch_per_device': 128}",773.4481809139252,0,19,1486.0722745103335,1,12.631831169128418
0.017885828018188478,0.03175985964038704,0.0007254600524902344,0.0017901076685132274,0.02827455997467041,nan,0.0,0.047629570960998534,0.6144999742507935,1.1380430865097044,-0.6218999624252319,nan,0.0,nan,0.0,nan,0.0,0.6347799897193909,1.059108123435974,nan,0.0,0.6218999624252319,1.1038992176055908,nan,0.0,60000,1,False,,,20,-1.1380430865097044,63ec3cce93a54f089b53f82cff1f334e,2019-06-03_03-50-08,1559559008,40.54932761192322,813.9975085258484,13439,steropes,169.229.49.254,"{'starting_lr': 0.1, 'momentum': 0.95, 'weight_decay': 0.0005, 'steps_per_iteration': None, 'pin': False, 'model_creator': None, 'target_batch_size': 128, 'model_string': 'resnet50', 'min_batch_size': 128, 'dataset': 'CIFAR', 'placement': None, 'use_nccl': True, 'devices_per_worker': 1, 'primary_resource': 'extra_gpu', 'gpu': False, 'verbose': False, 'lr_config': {'mode': 'log', 'steps': 5, 'initial_lr': 0.1, 'target_lr': 0.1}, 'batch_per_device': 128}",813.9975085258484,0,20,1484.7832097336182,1,12.631831169128418
0.01741793155670166,0.031823408754566046,0.0007193565368652343,0.0017671091172396375,0.027793097496032714,nan,0.0,0.047527432441711426,0.6255199790000916,1.094752912979126,-0.6478999853134155,nan,0.0,nan,0.0,nan,0.0,0.6372799873352051,1.064531398010254,nan,0.0,0.6478999853134155,1.018977795124054,nan,0.0,60000,1,False,,,21,-1.094752912979126,63ec3cce93a54f089b53f82cff1f334e,2019-06-03_03-50-49,1559559049,40.68881559371948,854.6863241195679,13439,steropes,169.229.49.254,"{'starting_lr': 0.1, 'momentum': 0.95, 'weight_decay': 0.0005, 'steps_per_iteration': None, 'pin': False, 'model_creator': None, 'target_batch_size': 128, 'model_string': 'resnet50', 'min_batch_size': 128, 'dataset': 'CIFAR', 'placement': None, 'use_nccl': True, 'devices_per_worker': 1, 'primary_resource': 'extra_gpu', 'gpu': False, 'verbose': False, 'lr_config': {'mode': 'log', 'steps': 5, 'initial_lr': 0.1, 'target_lr': 0.1}, 'batch_per_device': 128}",854.6863241195679,0,21,1481.540052569219,1,12.631831169128418
0.018546175956726075,0.03174977664706073,0.0007340431213378907,0.0017432636007323594,0.028881931304931642,nan,0.0,0.049208855628967284,0.626039981842041,1.1105197628784178,-0.6195999979972839,nan,0.0,nan,0.0,nan,0.0,0.6393399834632874,1.0520525582122802,nan,0.0,0.6195999979972839,1.2142613620758056,nan,0.0,60000,1,False,,,22,-1.1105197628784178,63ec3cce93a54f089b53f82cff1f334e,2019-06-03_03-51-30,1559559090,40.45930218696594,895.1456263065338,13439,steropes,169.229.49.254,"{'starting_lr': 0.1, 'momentum': 0.95, 'weight_decay': 0.0005, 'steps_per_iteration': None, 'pin': False, 'model_creator': None, 'target_batch_size': 128, 'model_string': 'resnet50', 'min_batch_size': 128, 'dataset': 'CIFAR', 'placement': None, 'use_nccl': True, 'devices_per_worker': 1, 'primary_resource': 'extra_gpu', 'gpu': False, 'verbose': False, 'lr_config': {'mode': 'log', 'steps': 5, 'initial_lr': 0.1, 'target_lr': 0.1}, 'batch_per_device': 128}",895.1456263065338,0,22,1480.899817734241,1,12.631831169128418
0.017749905586242676,0.031711146801332885,0.0007205009460449219,0.0017555442917377444,0.02787349224090576,nan,0.0,0.04792842864990234,0.6305599808692932,1.0934280090332031,-0.6347999572753906,nan,0.0,nan,0.0,nan,0.0,0.6486200094223022,1.0285700812530518,nan,0.0,0.6347999572753906,1.0507468772888184,nan,0.0,60000,1,False,,,23,-1.0934280090332031,63ec3cce93a54f089b53f82cff1f334e,2019-06-03_03-52-10,1559559130,40.417166233062744,935.5627925395966,13439,steropes,169.229.49.254,"{'starting_lr': 0.1, 'momentum': 0.95, 'weight_decay': 0.0005, 'steps_per_iteration': None, 'pin': False, 'model_creator': None, 'target_batch_size': 128, 'model_string': 'resnet50', 'min_batch_size': 128, 'dataset': 'CIFAR', 'placement': None, 'use_nccl': True, 'devices_per_worker': 1, 'primary_resource': 'extra_gpu', 'gpu': False, 'verbose': False, 'lr_config': {'mode': 'log', 'steps': 5, 'initial_lr': 0.1, 'target_lr': 0.1}, 'batch_per_device': 128}",935.5627925395966,0,23,1480.6228335575931,1,12.631831169128418
0.019167304039001465,0.031017037886607497,0.0007190704345703125,0.001778699552921383,0.029040765762329102,nan,0.0,0.0481410026550293,0.6318799734115601,1.1012562124824523,-0.6351999640464783,nan,0.0,nan,0.0,nan,0.0,0.6428399682044983,1.0408877331924438,nan,0.0,0.6351999640464783,1.1183958103179932,nan,0.0,60000,1,False,,,24,-1.1012562124824523,63ec3cce93a54f089b53f82cff1f334e,2019-06-03_03-52-50,1559559170,40.25610637664795,975.8188989162445,13439,steropes,169.229.49.254,"{'starting_lr': 0.1, 'momentum': 0.95, 'weight_decay': 0.0005, 'steps_per_iteration': None, 'pin': False, 'model_creator': None, 'target_batch_size': 128, 'model_string': 'resnet50', 'min_batch_size': 128, 'dataset': 'CIFAR', 'placement': None, 'use_nccl': True, 'devices_per_worker': 1, 'primary_resource': 'extra_gpu', 'gpu': False, 'verbose': False, 'lr_config': {'mode': 'log', 'steps': 5, 'initial_lr': 0.1, 'target_lr': 0.1}, 'batch_per_device': 128}",975.8188989162445,0,24,1482.4245401400442,1,12.631831169128418
0.017151546478271485,0.03135043156297901,0.0006953716278076172,0.0017863191911936416,0.027562808990478516,nan,0.0,0.04786746501922608,0.6302599787712098,1.125469633426666,-0.6137999892234802,nan,0.0,nan,0.0,nan,0.0,0.6521599888801575,1.0164901009750367,nan,0.0,0.6137999892234802,1.2249663223266603,nan,0.0,60000,1,False,,,25,-1.125469633426666,63ec3cce93a54f089b53f82cff1f334e,2019-06-03_03-53-31,1559559211,40.39705443382263,1016.2159533500671,13439,steropes,169.229.49.254,"{'starting_lr': 0.1, 'momentum': 0.95, 'weight_decay': 0.0005, 'steps_per_iteration': None, 'pin': False, 'model_creator': None, 'target_batch_size': 128, 'model_string': 'resnet50', 'min_batch_size': 128, 'dataset': 'CIFAR', 'placement': None, 'use_nccl': True, 'devices_per_worker': 1, 'primary_resource': 'extra_gpu', 'gpu': False, 'verbose': False, 'lr_config': {'mode': 'log', 'steps': 5, 'initial_lr': 0.1, 'target_lr': 0.1}, 'batch_per_device': 128}",1016.2159533500671,0,25,1483.5407635250917,1,12.631831169128418
0.01701955795288086,0.03130244906944565,0.0007192850112915039,0.0017476935520806276,0.0273561954498291,nan,0.0,0.0474390983581543,0.6326599836349487,1.1254997906684876,-0.6599000096321106,nan,0.0,nan,0.0,nan,0.0,0.6494399905204773,1.030025523147583,nan,0.0,0.6599000096321106,1.0191285813331603,nan,0.0,60000,1,False,,,26,-1.1254997906684876,63ec3cce93a54f089b53f82cff1f334e,2019-06-03_03-54-11,1559559251,40.284074783325195,1056.5000281333923,13439,steropes,169.229.49.254,"{'starting_lr': 0.1, 'momentum': 0.95, 'weight_decay': 0.0005, 'steps_per_iteration': None, 'pin': False, 'model_creator': None, 'target_batch_size': 128, 'model_string': 'resnet50', 'min_batch_size': 128, 'dataset': 'CIFAR', 'placement': None, 'use_nccl': True, 'devices_per_worker': 1, 'primary_resource': 'extra_gpu', 'gpu': False, 'verbose': False, 'lr_config': {'mode': 'log', 'steps': 5, 'initial_lr': 0.1, 'target_lr': 0.1}, 'batch_per_device': 128}",1056.5000281333923,0,26,1486.5160263343348,1,12.631831169128418
0.017122101783752442,0.0315435264683977,0.0006746053695678711,0.001755472339327683,0.027630090713500977,nan,0.0,0.04745252132415771,0.6304399847984314,1.1181223405647276,-0.6085000038146973,nan,0.0,nan,0.0,nan,0.0,0.654259979724884,1.0093209602737427,nan,0.0,0.6085000038146973,1.1773741115570069,nan,0.0,60000,1,False,,,27,-1.1181223405647276,63ec3cce93a54f089b53f82cff1f334e,2019-06-03_03-54-51,1559559291,40.59264612197876,1097.092674255371,13439,steropes,169.229.49.254,"{'starting_lr': 0.1, 'momentum': 0.95, 'weight_decay': 0.0005, 'steps_per_iteration': None, 'pin': False, 'model_creator': None, 'target_batch_size': 128, 'model_string': 'resnet50', 'min_batch_size': 128, 'dataset': 'CIFAR', 'placement': None, 'use_nccl': True, 'devices_per_worker': 1, 'primary_resource': 'extra_gpu', 'gpu': False, 'verbose': False, 'lr_config': {'mode': 'log', 'steps': 5, 'initial_lr': 0.1, 'target_lr': 0.1}, 'batch_per_device': 128}",1097.092674255371,0,27,1485.5349663694278,1,12.631831169128418
0.019107627868652343,0.03179297567922858,0.00070343017578125,0.0017642298013048098,0.028383922576904298,nan,0.0,0.04753468036651611,0.6324199914932251,1.1182082168579102,-0.6446999907493591,nan,0.0,nan,0.0,nan,0.0,0.6531999707221985,1.0179764270019531,nan,0.0,0.6446999907493591,1.0511762587547302,nan,0.0,60000,1,False,,,28,-1.1182082168579102,63ec3cce93a54f089b53f82cff1f334e,2019-06-03_03-55-32,1559559332,40.49699926376343,1137.5896735191345,13439,steropes,169.229.49.254,"{'starting_lr': 0.1, 'momentum': 0.95, 'weight_decay': 0.0005, 'steps_per_iteration': None, 'pin': False, 'model_creator': None, 'target_batch_size': 128, 'model_string': 'resnet50', 'min_batch_size': 128, 'dataset': 'CIFAR', 'placement': None, 'use_nccl': True, 'devices_per_worker': 1, 'primary_resource': 'extra_gpu', 'gpu': False, 'verbose': False, 'lr_config': {'mode': 'log', 'steps': 5, 'initial_lr': 0.1, 'target_lr': 0.1}, 'batch_per_device': 128}",1137.5896735191345,0,28,1484.9479131021192,1,12.631831169128418
0.018460392951965332,0.031136814552017406,0.00069580078125,0.0017552906290039688,0.02808966636657715,nan,0.0,0.047299981117248535,0.6304799914360046,1.1212588709259033,-0.625499963760376,nan,0.0,nan,0.0,nan,0.0,0.6590200066566467,0.999492371635437,nan,0.0,0.625499963760376,1.1336490806579589,nan,0.0,60000,1,False,,,29,-1.1212588709259033,63ec3cce93a54f089b53f82cff1f334e,2019-06-03_03-56-12,1559559372,40.49331259727478,1178.0829861164093,13439,steropes,169.229.49.254,"{'starting_lr': 0.1, 'momentum': 0.95, 'weight_decay': 0.0005, 'steps_per_iteration': None, 'pin': False, 'model_creator': None, 'target_batch_size': 128, 'model_string': 'resnet50', 'min_batch_size': 128, 'dataset': 'CIFAR', 'placement': None, 'use_nccl': True, 'devices_per_worker': 1, 'primary_resource': 'extra_gpu', 'gpu': False, 'verbose': False, 'lr_config': {'mode': 'log', 'steps': 5, 'initial_lr': 0.1, 'target_lr': 0.1}, 'batch_per_device': 128}",1178.0829861164093,0,29,1483.2064924571428,1,12.631831169128418
0.017880749702453614,0.03126555756677555,0.0007329225540161133,0.0017526899762165822,0.027971768379211427,nan,0.0,0.04704289436340332,0.6369399905204773,1.0887075526428223,-0.6460999846458435,nan,0.0,nan,0.0,nan,0.0,0.6596999764442444,1.0098726914978027,nan,0.0,0.6460999846458435,1.0622097309112548,nan,0.0,60000,1,False,,,30,-1.0887075526428223,63ec3cce93a54f089b53f82cff1f334e,2019-06-03_03-56-53,1559559413,40.32165455818176,1218.404640674591,13439,steropes,169.229.49.254,"{'starting_lr': 0.1, 'momentum': 0.95, 'weight_decay': 0.0005, 'steps_per_iteration': None, 'pin': False, 'model_creator': None, 'target_batch_size': 128, 'model_string': 'resnet50', 'min_batch_size': 128, 'dataset': 'CIFAR', 'placement': None, 'use_nccl': True, 'devices_per_worker': 1, 'primary_resource': 'extra_gpu', 'gpu': False, 'verbose': False, 'lr_config': {'mode': 'log', 'steps': 5, 'initial_lr': 0.1, 'target_lr': 0.1}, 'batch_per_device': 128}",1218.404640674591,0,30,1483.7596675480615,1,12.631831169128418
0.018018460273742674,0.031155272375179243,0.0007184743881225586,0.0017598919246507728,0.02809772491455078,nan,0.0,0.04759733676910401,0.6295399904251099,1.1055441965293882,-0.6229000091552734,nan,0.0,nan,0.0,nan,0.0,0.6590399742126465,1.001196590538025,nan,0.0,0.6229000091552734,1.1033118007659912,nan,0.0,60000,1,False,,,31,-1.1055441965293882,63ec3cce93a54f089b53f82cff1f334e,2019-06-03_03-57-33,1559559453,40.50747537612915,1258.9121160507202,13439,steropes,169.229.49.254,"{'starting_lr': 0.1, 'momentum': 0.95, 'weight_decay': 0.0005, 'steps_per_iteration': None, 'pin': False, 'model_creator': None, 'target_batch_size': 128, 'model_string': 'resnet50', 'min_batch_size': 128, 'dataset': 'CIFAR', 'placement': None, 'use_nccl': True, 'devices_per_worker': 1, 'primary_resource': 'extra_gpu', 'gpu': False, 'verbose': False, 'lr_config': {'mode': 'log', 'steps': 5, 'initial_lr': 0.1, 'target_lr': 0.1}, 'batch_per_device': 128}",1258.9121160507202,0,31,1482.1220640899198,1,12.631831169128418
0.017251801490783692,0.03131861626347409,0.0006978511810302734,0.0017767775699000835,0.027788710594177247,nan,0.0,0.04729740619659424,0.6434399843215942,1.0571530682754517,-0.6779999732971191,nan,0.0,nan,0.0,nan,0.0,0.6626399755477905,0.9880923796272277,nan,0.0,0.6779999732971191,0.935418470287323,nan,0.0,60000,1,False,,,32,-1.0571530682754517,63ec3cce93a54f089b53f82cff1f334e,2019-06-03_03-58-14,1559559494,40.41320872306824,1299.3253247737885,13439,steropes,169.229.49.254,"{'starting_lr': 0.1, 'momentum': 0.95, 'weight_decay': 0.0005, 'steps_per_iteration': None, 'pin': False, 'model_creator': None, 'target_batch_size': 128, 'model_string': 'resnet50', 'min_batch_size': 128, 'dataset': 'CIFAR', 'placement': None, 'use_nccl': True, 'devices_per_worker': 1, 'primary_resource': 'extra_gpu', 'gpu': False, 'verbose': False, 'lr_config': {'mode': 'log', 'steps': 5, 'initial_lr': 0.1, 'target_lr': 0.1}, 'batch_per_device': 128}",1299.3253247737885,0,32,1483.437046640687,1,12.631831169128418
0.016977429389953613,0.03343233277526083,0.0007045745849609375,0.0017476191606058183,0.027265334129333497,nan,0.0,0.047693300247192386,0.6424799799919129,1.067556446018219,-0.6398999691009521,nan,0.0,nan,0.0,nan,0.0,0.6632399559020996,0.9993478657722473,nan,0.0,0.6398999691009521,1.103193147468567,nan,0.0,60000,1,False,,,33,-1.067556446018219,63ec3cce93a54f089b53f82cff1f334e,2019-06-03_03-58-54,1559559534,40.75210976600647,1340.077434539795,13439,steropes,169.229.49.254,"{'starting_lr': 0.1, 'momentum': 0.95, 'weight_decay': 0.0005, 'steps_per_iteration': None, 'pin': False, 'model_creator': None, 'target_batch_size': 128, 'model_string': 'resnet50', 'min_batch_size': 128, 'dataset': 'CIFAR', 'placement': None, 'use_nccl': True, 'devices_per_worker': 1, 'primary_resource': 'extra_gpu', 'gpu': False, 'verbose': False, 'lr_config': {'mode': 'log', 'steps': 5, 'initial_lr': 0.1, 'target_lr': 0.1}, 'batch_per_device': 128}",1340.077434539795,0,33,1481.568127446147,1,12.631831169128418
0.0171100378036499,0.031101697607885434,0.0007042407989501954,0.0017365195867045762,0.027644968032836913,nan,0.0,0.04709160327911377,0.6442599892616272,1.0545185020637513,-0.6344000101089478,nan,0.0,nan,0.0,nan,0.0,0.6654599905014038,0.9855106021499633,nan,0.0,0.6344000101089478,1.06845936088562,nan,0.0,60000,1,False,,,34,-1.0545185020637513,63ec3cce93a54f089b53f82cff1f334e,2019-06-03_03-59-35,1559559575,40.35611963272095,1380.4335541725159,13439,steropes,169.229.49.254,"{'starting_lr': 0.1, 'momentum': 0.95, 'weight_decay': 0.0005, 'steps_per_iteration': None, 'pin': False, 'model_creator': None, 'target_batch_size': 128, 'model_string': 'resnet50', 'min_batch_size': 128, 'dataset': 'CIFAR', 'placement': None, 'use_nccl': True, 'devices_per_worker': 1, 'primary_resource': 'extra_gpu', 'gpu': False, 'verbose': False, 'lr_config': {'mode': 'log', 'steps': 5, 'initial_lr': 0.1, 'target_lr': 0.1}, 'batch_per_device': 128}",1380.4335541725159,0,34,1482.5725936973934,1,12.631831169128418
0.019722509384155273,0.03269162660912622,0.0007169485092163086,0.0017550509908924932,0.029030799865722656,nan,0.0,0.047695159912109375,0.6395399928092956,1.0734876854133606,-0.6225000023841858,nan,0.0,nan,0.0,nan,0.0,0.6676200032234192,0.9738043845939636,nan,0.0,0.6225000023841858,1.1570556476593017,nan,0.0,60000,1,False,,,35,-1.0734876854133606,63ec3cce93a54f089b53f82cff1f334e,2019-06-03_04-00-15,1559559615,40.49281096458435,1420.9263651371002,13439,steropes,169.229.49.254,"{'starting_lr': 0.1, 'momentum': 0.95, 'weight_decay': 0.0005, 'steps_per_iteration': None, 'pin': False, 'model_creator': None, 'target_batch_size': 128, 'model_string': 'resnet50', 'min_batch_size': 128, 'dataset': 'CIFAR', 'placement': None, 'use_nccl': True, 'devices_per_worker': 1, 'primary_resource': 'extra_gpu', 'gpu': False, 'verbose': False, 'lr_config': {'mode': 'log', 'steps': 5, 'initial_lr': 0.1, 'target_lr': 0.1}, 'batch_per_device': 128}",1420.9263651371002,0,35,1481.319644017011,1,12.631831169128418
0.020784282684326173,0.03337470791007899,0.0007360219955444336,0.0017660316603872782,0.030053877830505372,nan,0.0,0.04827413558959961,0.6450599908828736,1.071445468273163,-0.6504999995231628,nan,0.0,nan,0.0,nan,0.0,0.668720006942749,0.9730204176521301,nan,0.0,0.6504999995231628,1.0931007150650025,nan,0.0,60000,1,False,,,36,-1.071445468273163,63ec3cce93a54f089b53f82cff1f334e,2019-06-03_04-00-56,1559559656,40.69304943084717,1461.6194145679474,13439,steropes,169.229.49.254,"{'starting_lr': 0.1, 'momentum': 0.95, 'weight_decay': 0.0005, 'steps_per_iteration': None, 'pin': False, 'model_creator': None, 'target_batch_size': 128, 'model_string': 'resnet50', 'min_batch_size': 128, 'dataset': 'CIFAR', 'placement': None, 'use_nccl': True, 'devices_per_worker': 1, 'primary_resource': 'extra_gpu', 'gpu': False, 'verbose': False, 'lr_config': {'mode': 'log', 'steps': 5, 'initial_lr': 0.1, 'target_lr': 0.1}, 'batch_per_device': 128}",1461.6194145679474,0,36,1479.9635121224326,1,12.631831169128418
0.01691429615020752,0.03099818169316159,0.0007074356079101562,0.0017544265903170456,0.02706141471862793,nan,0.0,0.0468104362487793,0.6387799978256226,1.099670502166748,-0.6466000080108643,nan,0.0,nan,0.0,nan,0.0,0.6636199951171875,0.9868101750564575,nan,0.0,0.6466000080108643,1.076543639755249,nan,0.0,60000,1,False,,,37,-1.099670502166748,63ec3cce93a54f089b53f82cff1f334e,2019-06-03_04-01-36,1559559696,40.31308960914612,1501.9325041770935,13439,steropes,169.229.49.254,"{'starting_lr': 0.1, 'momentum': 0.95, 'weight_decay': 0.0005, 'steps_per_iteration': None, 'pin': False, 'model_creator': None, 'target_batch_size': 128, 'model_string': 'resnet50', 'min_batch_size': 128, 'dataset': 'CIFAR', 'placement': None, 'use_nccl': True, 'devices_per_worker': 1, 'primary_resource': 'extra_gpu', 'gpu': False, 'verbose': False, 'lr_config': {'mode': 'log', 'steps': 5, 'initial_lr': 0.1, 'target_lr': 0.1}, 'batch_per_device': 128}",1501.9325041770935,0,37,1480.6944569820644,1,12.631831169128418
0.018373608589172363,0.03214517122582544,0.0007162094116210938,0.0017471514699404197,0.028416204452514648,nan,0.0,0.047426438331604,0.6406399965286255,1.0827536119079588,-0.6491999626159668,nan,0.0,nan,0.0,nan,0.0,0.6680600047111511,0.988521025352478,nan,0.0,0.6491999626159668,1.0186086961746217,nan,0.0,60000,1,False,,,38,-1.0827536119079588,63ec3cce93a54f089b53f82cff1f334e,2019-06-03_04-02-17,1559559737,40.36694288253784,1542.2994470596313,13439,steropes,169.229.49.254,"{'starting_lr': 0.1, 'momentum': 0.95, 'weight_decay': 0.0005, 'steps_per_iteration': None, 'pin': False, 'model_creator': None, 'target_batch_size': 128, 'model_string': 'resnet50', 'min_batch_size': 128, 'dataset': 'CIFAR', 'placement': None, 'use_nccl': True, 'devices_per_worker': 1, 'primary_resource': 'extra_gpu', 'gpu': False, 'verbose': False, 'lr_config': {'mode': 'log', 'steps': 5, 'initial_lr': 0.1, 'target_lr': 0.1}, 'batch_per_device': 128}",1542.2994470596313,0,38,1483.5147057008576,1,12.631831169128418
0.017225027084350586,0.031305147122733204,0.0006907939910888672,0.0017520143552814298,0.02757716178894043,nan,0.0,0.04851722717285156,0.6461199879646301,1.0677840259742737,-0.661799967288971,nan,0.0,nan,0.0,nan,0.0,0.6682400107383728,0.9771358008575439,nan,0.0,0.661799967288971,0.9936114312171936,nan,0.0,60000,1,False,,,39,-1.0677840259742737,63ec3cce93a54f089b53f82cff1f334e,2019-06-03_04-02-57,1559559777,40.44519639015198,1582.7446434497833,13439,steropes,169.229.49.254,"{'starting_lr': 0.1, 'momentum': 0.95, 'weight_decay': 0.0005, 'steps_per_iteration': None, 'pin': False, 'model_creator': None, 'target_batch_size': 128, 'model_string': 'resnet50', 'min_batch_size': 128, 'dataset': 'CIFAR', 'placement': None, 'use_nccl': True, 'devices_per_worker': 1, 'primary_resource': 'extra_gpu', 'gpu': False, 'verbose': False, 'lr_config': {'mode': 'log', 'steps': 5, 'initial_lr': 0.1, 'target_lr': 0.1}, 'batch_per_device': 128}",1582.7446434497833,0,39,1482.86154258311,1,12.631831169128418
0.017095327377319336,0.03136012825784804,0.0007172584533691406,0.001754529640802642,0.027151870727539062,nan,0.0,0.046783065795898436,0.6531799793243408,1.0357332420539858,-0.6577999591827393,nan,0.0,nan,0.0,nan,0.0,0.6708799600601196,0.9686377180862427,nan,0.0,0.6577999591827393,0.9968017280578614,nan,0.0,60000,1,False,,,40,-1.0357332420539858,63ec3cce93a54f089b53f82cff1f334e,2019-06-03_04-03-38,1559559818,40.32950258255005,1623.0741460323334,13439,steropes,169.229.49.254,"{'starting_lr': 0.1, 'momentum': 0.95, 'weight_decay': 0.0005, 'steps_per_iteration': None, 'pin': False, 'model_creator': None, 'target_batch_size': 128, 'model_string': 'resnet50', 'min_batch_size': 128, 'dataset': 'CIFAR', 'placement': None, 'use_nccl': True, 'devices_per_worker': 1, 'primary_resource': 'extra_gpu', 'gpu': False, 'verbose': False, 'lr_config': {'mode': 'log', 'steps': 5, 'initial_lr': 0.1, 'target_lr': 0.1}, 'batch_per_device': 128}",1623.0741460323334,0,40,1484.0594728013516,1,12.631831169128418
