{"apply": 0.017075252532958985, "batch_time": 0.04102873198593719, "d2h": 0.0007122278213500977, "data_time": 0.0018647284154087076, "fwd": 0.12222778797149658, "get_state_time_mean": NaN, "get_state_time_total": 0.0, "grad": 0.17073457241058348, "mean_accuracy": 0.1800999939441681, "mean_loss": 2.088103723144531, "neg_mean_accuracy": -0.1800999939441681, "set_state_time_mean": NaN, "set_state_time_total": 0.0, "setup_model_time_mean": 12.295562267303467, "setup_model_time_total": 12.295562267303467, "setup_proc_time_mean": 0.2169334888458252, "setup_proc_time_total": 0.2169334888458252, "train_accuracy": 0.14805999398231506, "train_loss": 4.039885971679688, "training_time_mean": NaN, "training_time_total": 0.0, "val_accuracy": 0.1800999939441681, "val_loss": 2.088103723144531, "validation_time_mean": NaN, "validation_time_total": 0.0, "samples": 60000, "num_workers": 1, "done": false, "timesteps_total": null, "episodes_total": null, "training_iteration": 1, "neg_mean_loss": -2.088103723144531, "experiment_id": "63ec3cce93a54f089b53f82cff1f334e", "date": "2019-06-03_03-37-20", "timestamp": 1559558240, "time_this_iter_s": 45.70214056968689, "time_total_s": 45.70214056968689, "pid": 13439, "hostname": "steropes", "node_ip": "169.229.49.254", "config": {"starting_lr": 0.1, "momentum": 0.95, "weight_decay": 0.0005, "steps_per_iteration": null, "pin": false, "model_creator": null, "target_batch_size": 128, "model_string": "resnet50", "min_batch_size": 128, "dataset": "CIFAR", "placement": null, "use_nccl": true, "devices_per_worker": 1, "primary_resource": "extra_gpu", "gpu": false, "verbose": false, "lr_config": {"mode": "log", "steps": 5, "initial_lr": 0.1, "target_lr": 0.1}, "batch_per_device": 128}, "time_since_restore": 45.70214056968689, "timesteps_since_restore": 0, "iterations_since_restore": 1, "mean_throughput": 1312.8451475694226, "atoms": 1, "setup_time": 12.631831169128418}
{"apply": 0.01718769073486328, "batch_time": 0.031621235835401315, "d2h": 0.00089263916015625, "data_time": 0.0017183174562576176, "fwd": 0.027598237991333006, "get_state_time_mean": NaN, "get_state_time_total": 0.0, "grad": 0.04735853672027588, "mean_accuracy": 0.22899998724460602, "mean_loss": 1.9946521751403807, "neg_mean_accuracy": -0.27789998054504395, "set_state_time_mean": NaN, "set_state_time_total": 0.0, "setup_model_time_mean": NaN, "setup_model_time_total": 0.0, "setup_proc_time_mean": NaN, "setup_proc_time_total": 0.0, "train_accuracy": 0.21285998821258545, "train_loss": 2.0073732604598997, "training_time_mean": NaN, "training_time_total": 0.0, "val_accuracy": 0.27789998054504395, "val_loss": 1.9012006271362305, "validation_time_mean": NaN, "validation_time_total": 0.0, "samples": 60000, "num_workers": 1, "done": false, "timesteps_total": null, "episodes_total": null, "training_iteration": 2, "neg_mean_loss": -1.9946521751403807, "experiment_id": "63ec3cce93a54f089b53f82cff1f334e", "date": "2019-06-03_03-38-00", "timestamp": 1559558280, "time_this_iter_s": 40.50752258300781, "time_total_s": 86.2096631526947, "pid": 13439, "hostname": "steropes", "node_ip": "169.229.49.254", "config": {"starting_lr": 0.1, "momentum": 0.95, "weight_decay": 0.0005, "steps_per_iteration": null, "pin": false, "model_creator": null, "target_batch_size": 128, "model_string": "resnet50", "min_batch_size": 128, "dataset": "CIFAR", "placement": null, "use_nccl": true, "devices_per_worker": 1, "primary_resource": "extra_gpu", "gpu": false, "verbose": false, "lr_config": {"mode": "log", "steps": 5, "initial_lr": 0.1, "target_lr": 0.1}, "batch_per_device": 128}, "time_since_restore": 86.2096631526947, "timesteps_since_restore": 0, "iterations_since_restore": 2, "mean_throughput": 1391.9519602303612, "atoms": 1, "setup_time": 12.631831169128418}
{"apply": 0.017218494415283205, "batch_time": 0.03171498262429539, "d2h": 0.0007062911987304688, "data_time": 0.0017388342591502781, "fwd": 0.02775564193725586, "get_state_time_mean": NaN, "get_state_time_total": 0.0, "grad": 0.0477825403213501, "mean_accuracy": 0.2569333215554555, "mean_loss": 1.9448247894287107, "neg_mean_accuracy": -0.31279999017715454, "set_state_time_mean": NaN, "set_state_time_total": 0.0, "setup_model_time_mean": NaN, "setup_model_time_total": 0.0, "setup_proc_time_mean": NaN, "setup_proc_time_total": 0.0, "train_accuracy": 0.2803199887275696, "train_loss": 1.8809744556427002, "training_time_mean": NaN, "training_time_total": 0.0, "val_accuracy": 0.31279999017715454, "val_loss": 1.8451700180053712, "validation_time_mean": NaN, "validation_time_total": 0.0, "samples": 60000, "num_workers": 1, "done": false, "timesteps_total": null, "episodes_total": null, "training_iteration": 3, "neg_mean_loss": -1.9448247894287107, "experiment_id": "63ec3cce93a54f089b53f82cff1f334e", "date": "2019-06-03_03-38-41", "timestamp": 1559558321, "time_this_iter_s": 40.18902063369751, "time_total_s": 126.39868378639221, "pid": 13439, "hostname": "steropes", "node_ip": "169.229.49.254", "config": {"starting_lr": 0.1, "momentum": 0.95, "weight_decay": 0.0005, "steps_per_iteration": null, "pin": false, "model_creator": null, "target_batch_size": 128, "model_string": "resnet50", "min_batch_size": 128, "dataset": "CIFAR", "placement": null, "use_nccl": true, "devices_per_worker": 1, "primary_resource": "extra_gpu", "gpu": false, "verbose": false, "lr_config": {"mode": "log", "steps": 5, "initial_lr": 0.1, "target_lr": 0.1}, "batch_per_device": 128}, "time_since_restore": 126.39868378639221, "timesteps_since_restore": 0, "iterations_since_restore": 3, "mean_throughput": 1424.0621847476984, "atoms": 1, "setup_time": 12.631831169128418}
{"apply": 0.017077159881591798, "batch_time": 0.03116485136973707, "d2h": 0.0007036924362182617, "data_time": 0.001792705882235866, "fwd": 0.027296924591064455, "get_state_time_mean": NaN, "get_state_time_total": 0.0, "grad": 0.04706127643585205, "mean_accuracy": 0.293349988758564, "mean_loss": 1.8502002542495726, "neg_mean_accuracy": -0.4025999903678894, "set_state_time_mean": NaN, "set_state_time_total": 0.0, "setup_model_time_mean": NaN, "setup_model_time_total": 0.0, "setup_proc_time_mean": NaN, "setup_proc_time_total": 0.0, "train_accuracy": 0.3459399938583374, "train_loss": 1.736933296432495, "training_time_mean": NaN, "training_time_total": 0.0, "val_accuracy": 0.4025999903678894, "val_loss": 1.566326648712158, "validation_time_mean": NaN, "validation_time_total": 0.0, "samples": 60000, "num_workers": 1, "done": false, "timesteps_total": null, "episodes_total": null, "training_iteration": 4, "neg_mean_loss": -1.8502002542495726, "experiment_id": "63ec3cce93a54f089b53f82cff1f334e", "date": "2019-06-03_03-39-21", "timestamp": 1559558361, "time_this_iter_s": 40.45191240310669, "time_total_s": 166.8505961894989, "pid": 13439, "hostname": "steropes", "node_ip": "169.229.49.254", "config": {"starting_lr": 0.1, "momentum": 0.95, "weight_decay": 0.0005, "steps_per_iteration": null, "pin": false, "model_creator": null, "target_batch_size": 128, "model_string": "resnet50", "min_batch_size": 128, "dataset": "CIFAR", "placement": null, "use_nccl": true, "devices_per_worker": 1, "primary_resource": "extra_gpu", "gpu": false, "verbose": false, "lr_config": {"mode": "log", "steps": 5, "initial_lr": 0.1, "target_lr": 0.1}, "batch_per_device": 128}, "time_since_restore": 166.8505961894989, "timesteps_since_restore": 0, "iterations_since_restore": 4, "mean_throughput": 1438.4094210474475, "atoms": 1, "setup_time": 12.631831169128418}
{"apply": 0.018831610679626465, "batch_time": 0.03225384482854529, "d2h": 0.0007354021072387695, "data_time": 0.001757465664992857, "fwd": 0.028384923934936523, "get_state_time_mean": NaN, "get_state_time_total": 0.0, "grad": 0.047606706619262695, "mean_accuracy": 0.32393999099731446, "mean_loss": 1.7827280806732175, "neg_mean_accuracy": -0.4462999999523163, "set_state_time_mean": NaN, "set_state_time_total": 0.0, "setup_model_time_mean": NaN, "setup_model_time_total": 0.0, "setup_proc_time_mean": NaN, "setup_proc_time_total": 0.0, "train_accuracy": 0.38971999287605286, "train_loss": 1.6374120589065553, "training_time_mean": NaN, "training_time_total": 0.0, "val_accuracy": 0.4462999999523163, "val_loss": 1.5128393863677978, "validation_time_mean": NaN, "validation_time_total": 0.0, "samples": 60000, "num_workers": 1, "done": false, "timesteps_total": null, "episodes_total": null, "training_iteration": 5, "neg_mean_loss": -1.7827280806732175, "experiment_id": "63ec3cce93a54f089b53f82cff1f334e", "date": "2019-06-03_03-40-01", "timestamp": 1559558401, "time_this_iter_s": 40.346025228500366, "time_total_s": 207.19662141799927, "pid": 13439, "hostname": "steropes", "node_ip": "169.229.49.254", "config": {"starting_lr": 0.1, "momentum": 0.95, "weight_decay": 0.0005, "steps_per_iteration": null, "pin": false, "model_creator": null, "target_batch_size": 128, "model_string": "resnet50", "min_batch_size": 128, "dataset": "CIFAR", "placement": null, "use_nccl": true, "devices_per_worker": 1, "primary_resource": "extra_gpu", "gpu": false, "verbose": false, "lr_config": {"mode": "log", "steps": 5, "initial_lr": 0.1, "target_lr": 0.1}, "batch_per_device": 128}, "time_since_restore": 207.19662141799927, "timesteps_since_restore": 0, "iterations_since_restore": 5, "mean_throughput": 1447.8969083011282, "atoms": 1, "setup_time": 12.631831169128418}
{"apply": 0.017202258110046387, "batch_time": 0.03133895125570176, "d2h": 0.000704503059387207, "data_time": 0.0017475203784835308, "fwd": 0.027393794059753417, "get_state_time_mean": NaN, "get_state_time_total": 0.0, "grad": 0.047082161903381346, "mean_accuracy": 0.3713399887084961, "mean_loss": 1.68873129322052, "neg_mean_accuracy": -0.4170999825000763, "set_state_time_mean": NaN, "set_state_time_total": 0.0, "setup_model_time_mean": NaN, "setup_model_time_total": 0.0, "setup_proc_time_mean": NaN, "setup_proc_time_total": 0.0, "train_accuracy": 0.4262999892234802, "train_loss": 1.565795446624756, "training_time_mean": NaN, "training_time_total": 0.0, "val_accuracy": 0.4170999825000763, "val_loss": 1.6181197858810425, "validation_time_mean": NaN, "validation_time_total": 0.0, "samples": 60000, "num_workers": 1, "done": false, "timesteps_total": null, "episodes_total": null, "training_iteration": 6, "neg_mean_loss": -1.68873129322052, "experiment_id": "63ec3cce93a54f089b53f82cff1f334e", "date": "2019-06-03_03-40-42", "timestamp": 1559558442, "time_this_iter_s": 40.44293427467346, "time_total_s": 247.63955569267273, "pid": 13439, "hostname": "steropes", "node_ip": "169.229.49.254", "config": {"starting_lr": 0.1, "momentum": 0.95, "weight_decay": 0.0005, "steps_per_iteration": null, "pin": false, "model_creator": null, "target_batch_size": 128, "model_string": "resnet50", "min_batch_size": 128, "dataset": "CIFAR", "placement": null, "use_nccl": true, "devices_per_worker": 1, "primary_resource": "extra_gpu", "gpu": false, "verbose": false, "lr_config": {"mode": "log", "steps": 5, "initial_lr": 0.1, "target_lr": 0.1}, "batch_per_device": 128}, "time_since_restore": 247.63955569267273, "timesteps_since_restore": 0, "iterations_since_restore": 6, "mean_throughput": 1485.605825762465, "atoms": 1, "setup_time": 12.631831169128418}
{"apply": 0.017112326622009278, "batch_time": 0.033053334755233574, "d2h": 0.0007177591323852539, "data_time": 0.0017918668439626084, "fwd": 0.027646803855895997, "get_state_time_mean": NaN, "get_state_time_total": 0.0, "grad": 0.04868474006652832, "mean_accuracy": 0.4050599932670593, "mean_loss": 1.6323901721191405, "neg_mean_accuracy": -0.4465000033378601, "set_state_time_mean": NaN, "set_state_time_total": 0.0, "setup_model_time_mean": NaN, "setup_model_time_total": 0.0, "setup_proc_time_mean": NaN, "setup_proc_time_total": 0.0, "train_accuracy": 0.4569399952888489, "train_loss": 1.4989205611801149, "training_time_mean": NaN, "training_time_total": 0.0, "val_accuracy": 0.4465000033378601, "val_loss": 1.6194950216293336, "validation_time_mean": NaN, "validation_time_total": 0.0, "samples": 60000, "num_workers": 1, "done": false, "timesteps_total": null, "episodes_total": null, "training_iteration": 7, "neg_mean_loss": -1.6323901721191405, "experiment_id": "63ec3cce93a54f089b53f82cff1f334e", "date": "2019-06-03_03-41-23", "timestamp": 1559558483, "time_this_iter_s": 40.85342240333557, "time_total_s": 288.4929780960083, "pid": 13439, "hostname": "steropes", "node_ip": "169.229.49.254", "config": {"starting_lr": 0.1, "momentum": 0.95, "weight_decay": 0.0005, "steps_per_iteration": null, "pin": false, "model_creator": null, "target_batch_size": 128, "model_string": "resnet50", "min_batch_size": 128, "dataset": "CIFAR", "placement": null, "use_nccl": true, "devices_per_worker": 1, "primary_resource": "extra_gpu", "gpu": false, "verbose": false, "lr_config": {"mode": "log", "steps": 5, "initial_lr": 0.1, "target_lr": 0.1}, "batch_per_device": 128}, "time_since_restore": 288.4929780960083, "timesteps_since_restore": 0, "iterations_since_restore": 7, "mean_throughput": 1483.06550872279, "atoms": 1, "setup_time": 12.631831169128418}
{"apply": 0.01709306240081787, "batch_time": 0.03117448770547215, "d2h": 0.0007039785385131836, "data_time": 0.0017507064068103995, "fwd": 0.027255988121032713, "get_state_time_mean": NaN, "get_state_time_total": 0.0, "grad": 0.04687564373016358, "mean_accuracy": 0.445579993724823, "mean_loss": 1.5340563394165039, "neg_mean_accuracy": -0.5153999924659729, "set_state_time_mean": NaN, "set_state_time_total": 0.0, "setup_model_time_mean": NaN, "setup_model_time_total": 0.0, "setup_proc_time_mean": NaN, "setup_proc_time_total": 0.0, "train_accuracy": 0.48157998919487, "train_loss": 1.4327624252700806, "training_time_mean": NaN, "training_time_total": 0.0, "val_accuracy": 0.5153999924659729, "val_loss": 1.3535008544921876, "validation_time_mean": NaN, "validation_time_total": 0.0, "samples": 60000, "num_workers": 1, "done": false, "timesteps_total": null, "episodes_total": null, "training_iteration": 8, "neg_mean_loss": -1.5340563394165039, "experiment_id": "63ec3cce93a54f089b53f82cff1f334e", "date": "2019-06-03_03-42-03", "timestamp": 1559558523, "time_this_iter_s": 40.32218837738037, "time_total_s": 328.8151664733887, "pid": 13439, "hostname": "steropes", "node_ip": "169.229.49.254", "config": {"starting_lr": 0.1, "momentum": 0.95, "weight_decay": 0.0005, "steps_per_iteration": null, "pin": false, "model_creator": null, "target_batch_size": 128, "model_string": "resnet50", "min_batch_size": 128, "dataset": "CIFAR", "placement": null, "use_nccl": true, "devices_per_worker": 1, "primary_resource": "extra_gpu", "gpu": false, "verbose": false, "lr_config": {"mode": "log", "steps": 5, "initial_lr": 0.1, "target_lr": 0.1}, "batch_per_device": 128}, "time_since_restore": 328.8151664733887, "timesteps_since_restore": 0, "iterations_since_restore": 8, "mean_throughput": 1482.0894346392681, "atoms": 1, "setup_time": 12.631831169128418}
{"apply": 0.0172680139541626, "batch_time": 0.031540870666503906, "d2h": 0.000706791877746582, "data_time": 0.001744798382224939, "fwd": 0.02733614444732666, "get_state_time_mean": NaN, "get_state_time_total": 0.0, "grad": 0.04783430099487305, "mean_accuracy": 0.4709999918937683, "mean_loss": 1.4861650876235961, "neg_mean_accuracy": -0.529699981212616, "set_state_time_mean": NaN, "set_state_time_total": 0.0, "setup_model_time_mean": NaN, "setup_model_time_total": 0.0, "setup_proc_time_mean": NaN, "setup_proc_time_total": 0.0, "train_accuracy": 0.5128799676895142, "train_loss": 1.3650314725875854, "training_time_mean": NaN, "training_time_total": 0.0, "val_accuracy": 0.529699981212616, "val_loss": 1.3268703897476197, "validation_time_mean": NaN, "validation_time_total": 0.0, "samples": 60000, "num_workers": 1, "done": false, "timesteps_total": null, "episodes_total": null, "training_iteration": 9, "neg_mean_loss": -1.4861650876235961, "experiment_id": "63ec3cce93a54f089b53f82cff1f334e", "date": "2019-06-03_03-42-44", "timestamp": 1559558564, "time_this_iter_s": 40.46101927757263, "time_total_s": 369.2761857509613, "pid": 13439, "hostname": "steropes", "node_ip": "169.229.49.254", "config": {"starting_lr": 0.1, "momentum": 0.95, "weight_decay": 0.0005, "steps_per_iteration": null, "pin": false, "model_creator": null, "target_batch_size": 128, "model_string": "resnet50", "min_batch_size": 128, "dataset": "CIFAR", "placement": null, "use_nccl": true, "devices_per_worker": 1, "primary_resource": "extra_gpu", "gpu": false, "verbose": false, "lr_config": {"mode": "log", "steps": 5, "initial_lr": 0.1, "target_lr": 0.1}, "batch_per_device": 128}, "time_since_restore": 369.2761857509613, "timesteps_since_restore": 0, "iterations_since_restore": 9, "mean_throughput": 1482.0227696541444, "atoms": 1, "setup_time": 12.631831169128418}
{"apply": 0.017697620391845702, "batch_time": 0.03165389918073823, "d2h": 0.0006975650787353516, "data_time": 0.0017239541348898807, "fwd": 0.027867794036865234, "get_state_time_mean": NaN, "get_state_time_total": 0.0, "grad": 0.04870948791503906, "mean_accuracy": 0.487419992685318, "mean_loss": 1.4504373760604858, "neg_mean_accuracy": -0.5284000039100647, "set_state_time_mean": NaN, "set_state_time_total": 0.0, "setup_model_time_mean": NaN, "setup_model_time_total": 0.0, "setup_proc_time_mean": NaN, "setup_proc_time_total": 0.0, "train_accuracy": 0.5299000144004822, "train_loss": 1.3217036075592041, "training_time_mean": NaN, "training_time_total": 0.0, "val_accuracy": 0.5284000039100647, "val_loss": 1.3342008285522462, "validation_time_mean": NaN, "validation_time_total": 0.0, "samples": 60000, "num_workers": 1, "done": false, "timesteps_total": null, "episodes_total": null, "training_iteration": 10, "neg_mean_loss": -1.4504373760604858, "experiment_id": "63ec3cce93a54f089b53f82cff1f334e", "date": "2019-06-03_03-43-24", "timestamp": 1559558604, "time_this_iter_s": 40.412479639053345, "time_total_s": 409.68866539001465, "pid": 13439, "hostname": "steropes", "node_ip": "169.229.49.254", "config": {"starting_lr": 0.1, "momentum": 0.95, "weight_decay": 0.0005, "steps_per_iteration": null, "pin": false, "model_creator": null, "target_batch_size": 128, "model_string": "resnet50", "min_batch_size": 128, "dataset": "CIFAR", "placement": null, "use_nccl": true, "devices_per_worker": 1, "primary_resource": "extra_gpu", "gpu": false, "verbose": false, "lr_config": {"mode": "log", "steps": 5, "initial_lr": 0.1, "target_lr": 0.1}, "batch_per_device": 128}, "time_since_restore": 409.68866539001465, "timesteps_since_restore": 0, "iterations_since_restore": 10, "mean_throughput": 1481.536439929318, "atoms": 1, "setup_time": 12.631831169128418}
{"apply": 0.017166829109191893, "batch_time": 0.032862234719191925, "d2h": 0.000675368309020996, "data_time": 0.001762607213481308, "fwd": 0.027478599548339845, "get_state_time_mean": NaN, "get_state_time_total": 0.0, "grad": 0.04710822105407715, "mean_accuracy": 0.5168799877166748, "mean_loss": 1.37230323928833, "neg_mean_accuracy": -0.5643999576568604, "set_state_time_mean": NaN, "set_state_time_total": 0.0, "setup_model_time_mean": NaN, "setup_model_time_total": 0.0, "setup_proc_time_mean": NaN, "setup_proc_time_total": 0.0, "train_accuracy": 0.550000011920929, "train_loss": 1.2736852141952515, "training_time_mean": NaN, "training_time_total": 0.0, "val_accuracy": 0.5643999576568604, "val_loss": 1.2274491020202636, "validation_time_mean": NaN, "validation_time_total": 0.0, "samples": 60000, "num_workers": 1, "done": false, "timesteps_total": null, "episodes_total": null, "training_iteration": 11, "neg_mean_loss": -1.37230323928833, "experiment_id": "63ec3cce93a54f089b53f82cff1f334e", "date": "2019-06-03_03-44-05", "timestamp": 1559558645, "time_this_iter_s": 40.61321449279785, "time_total_s": 450.3018798828125, "pid": 13439, "hostname": "steropes", "node_ip": "169.229.49.254", "config": {"starting_lr": 0.1, "momentum": 0.95, "weight_decay": 0.0005, "steps_per_iteration": null, "pin": false, "model_creator": null, "target_batch_size": 128, "model_string": "resnet50", "min_batch_size": 128, "dataset": "CIFAR", "placement": null, "use_nccl": true, "devices_per_worker": 1, "primary_resource": "extra_gpu", "gpu": false, "verbose": false, "lr_config": {"mode": "log", "steps": 5, "initial_lr": 0.1, "target_lr": 0.1}, "batch_per_device": 128}, "time_since_restore": 450.3018798828125, "timesteps_since_restore": 0, "iterations_since_restore": 11, "mean_throughput": 1480.291643563001, "atoms": 1, "setup_time": 12.631831169128418}
{"apply": 0.019238972663879396, "batch_time": 0.034532737128342254, "d2h": 0.0007196664810180664, "data_time": 0.0017235974216705087, "fwd": 0.02846522331237793, "get_state_time_mean": NaN, "get_state_time_total": 0.0, "grad": 0.04730455875396729, "mean_accuracy": 0.5433199882507325, "mean_loss": 1.2895953217315674, "neg_mean_accuracy": -0.5787000060081482, "set_state_time_mean": NaN, "set_state_time_total": 0.0, "setup_model_time_mean": NaN, "setup_model_time_total": 0.0, "setup_proc_time_mean": NaN, "setup_proc_time_total": 0.0, "train_accuracy": 0.5659999847412109, "train_loss": 1.2281880583953857, "training_time_mean": NaN, "training_time_total": 0.0, "val_accuracy": 0.5787000060081482, "val_loss": 1.20595543384552, "validation_time_mean": NaN, "validation_time_total": 0.0, "samples": 60000, "num_workers": 1, "done": false, "timesteps_total": null, "episodes_total": null, "training_iteration": 12, "neg_mean_loss": -1.2895953217315674, "experiment_id": "63ec3cce93a54f089b53f82cff1f334e", "date": "2019-06-03_03-44-45", "timestamp": 1559558685, "time_this_iter_s": 40.63213062286377, "time_total_s": 490.93401050567627, "pid": 13439, "hostname": "steropes", "node_ip": "169.229.49.254", "config": {"starting_lr": 0.1, "momentum": 0.95, "weight_decay": 0.0005, "steps_per_iteration": null, "pin": false, "model_creator": null, "target_batch_size": 128, "model_string": "resnet50", "min_batch_size": 128, "dataset": "CIFAR", "placement": null, "use_nccl": true, "devices_per_worker": 1, "primary_resource": "extra_gpu", "gpu": false, "verbose": false, "lr_config": {"mode": "log", "steps": 5, "initial_lr": 0.1, "target_lr": 0.1}, "batch_per_device": 128}, "time_since_restore": 490.93401050567627, "timesteps_since_restore": 0, "iterations_since_restore": 12, "mean_throughput": 1481.9097531282314, "atoms": 1, "setup_time": 12.631831169128418}
{"apply": 0.01753213405609131, "batch_time": 0.03112242493448378, "d2h": 0.0006951332092285156, "data_time": 0.0017120380840642982, "fwd": 0.027506041526794433, "get_state_time_mean": NaN, "get_state_time_total": 0.0, "grad": 0.04769127368927002, "mean_accuracy": 0.5566599845886231, "mean_loss": 1.2643126403808593, "neg_mean_accuracy": -0.582099974155426, "set_state_time_mean": NaN, "set_state_time_total": 0.0, "setup_model_time_mean": NaN, "setup_model_time_total": 0.0, "setup_proc_time_mean": NaN, "setup_proc_time_total": 0.0, "train_accuracy": 0.5757200121879578, "train_loss": 1.2006260473251342, "training_time_mean": NaN, "training_time_total": 0.0, "val_accuracy": 0.582099974155426, "val_loss": 1.2270874477386475, "validation_time_mean": NaN, "validation_time_total": 0.0, "samples": 60000, "num_workers": 1, "done": false, "timesteps_total": null, "episodes_total": null, "training_iteration": 13, "neg_mean_loss": -1.2643126403808593, "experiment_id": "63ec3cce93a54f089b53f82cff1f334e", "date": "2019-06-03_03-45-25", "timestamp": 1559558725, "time_this_iter_s": 40.13738179206848, "time_total_s": 531.0713922977448, "pid": 13439, "hostname": "steropes", "node_ip": "169.229.49.254", "config": {"starting_lr": 0.1, "momentum": 0.95, "weight_decay": 0.0005, "steps_per_iteration": null, "pin": false, "model_creator": null, "target_batch_size": 128, "model_string": "resnet50", "min_batch_size": 128, "dataset": "CIFAR", "placement": null, "use_nccl": true, "devices_per_worker": 1, "primary_resource": "extra_gpu", "gpu": false, "verbose": false, "lr_config": {"mode": "log", "steps": 5, "initial_lr": 0.1, "target_lr": 0.1}, "batch_per_device": 128}, "time_since_restore": 531.0713922977448, "timesteps_since_restore": 0, "iterations_since_restore": 13, "mean_throughput": 1483.264173678188, "atoms": 1, "setup_time": 12.631831169128418}
{"apply": 0.01864306926727295, "batch_time": 0.03143666665765304, "d2h": 0.0007060527801513672, "data_time": 0.0017366567840966423, "fwd": 0.028745388984680174, "get_state_time_mean": NaN, "get_state_time_total": 0.0, "grad": 0.047486734390258786, "mean_accuracy": 0.5712799906730652, "mean_loss": 1.2361970398712157, "neg_mean_accuracy": -0.6028000116348267, "set_state_time_mean": NaN, "set_state_time_total": 0.0, "setup_model_time_mean": NaN, "setup_model_time_total": 0.0, "setup_proc_time_mean": NaN, "setup_proc_time_total": 0.0, "train_accuracy": 0.5900200009346008, "train_loss": 1.1703273096466065, "training_time_mean": NaN, "training_time_total": 0.0, "val_accuracy": 0.6028000116348267, "val_loss": 1.1862923871994018, "validation_time_mean": NaN, "validation_time_total": 0.0, "samples": 60000, "num_workers": 1, "done": false, "timesteps_total": null, "episodes_total": null, "training_iteration": 14, "neg_mean_loss": -1.2361970398712157, "experiment_id": "63ec3cce93a54f089b53f82cff1f334e", "date": "2019-06-03_03-46-06", "timestamp": 1559558766, "time_this_iter_s": 40.50274586677551, "time_total_s": 571.5741381645203, "pid": 13439, "hostname": "steropes", "node_ip": "169.229.49.254", "config": {"starting_lr": 0.1, "momentum": 0.95, "weight_decay": 0.0005, "steps_per_iteration": null, "pin": false, "model_creator": null, "target_batch_size": 128, "model_string": "resnet50", "min_batch_size": 128, "dataset": "CIFAR", "placement": null, "use_nccl": true, "devices_per_worker": 1, "primary_resource": "extra_gpu", "gpu": false, "verbose": false, "lr_config": {"mode": "log", "steps": 5, "initial_lr": 0.1, "target_lr": 0.1}, "batch_per_device": 128}, "time_since_restore": 571.5741381645203, "timesteps_since_restore": 0, "iterations_since_restore": 14, "mean_throughput": 1482.9582107361666, "atoms": 1, "setup_time": 12.631831169128418}
{"apply": 0.01801619529724121, "batch_time": 0.031313362000863765, "d2h": 0.0007210493087768555, "data_time": 0.001750155787943574, "fwd": 0.02845633029937744, "get_state_time_mean": NaN, "get_state_time_total": 0.0, "grad": 0.04818260669708252, "mean_accuracy": 0.5763799905776977, "mean_loss": 1.2397292653274536, "neg_mean_accuracy": -0.5539000034332275, "set_state_time_mean": NaN, "set_state_time_total": 0.0, "setup_model_time_mean": NaN, "setup_model_time_total": 0.0, "setup_proc_time_mean": NaN, "setup_proc_time_total": 0.0, "train_accuracy": 0.5969600081443787, "train_loss": 1.1545347439956666, "training_time_mean": NaN, "training_time_total": 0.0, "val_accuracy": 0.5539000034332275, "val_loss": 1.351861955833435, "validation_time_mean": NaN, "validation_time_total": 0.0, "samples": 60000, "num_workers": 1, "done": false, "timesteps_total": null, "episodes_total": null, "training_iteration": 15, "neg_mean_loss": -1.2397292653274536, "experiment_id": "63ec3cce93a54f089b53f82cff1f334e", "date": "2019-06-03_03-46-46", "timestamp": 1559558806, "time_this_iter_s": 40.3740668296814, "time_total_s": 611.9482049942017, "pid": 13439, "hostname": "steropes", "node_ip": "169.229.49.254", "config": {"starting_lr": 0.1, "momentum": 0.95, "weight_decay": 0.0005, "steps_per_iteration": null, "pin": false, "model_creator": null, "target_batch_size": 128, "model_string": "resnet50", "min_batch_size": 128, "dataset": "CIFAR", "placement": null, "use_nccl": true, "devices_per_worker": 1, "primary_resource": "extra_gpu", "gpu": false, "verbose": false, "lr_config": {"mode": "log", "steps": 5, "initial_lr": 0.1, "target_lr": 0.1}, "batch_per_device": 128}, "time_since_restore": 611.9482049942017, "timesteps_since_restore": 0, "iterations_since_restore": 15, "mean_throughput": 1483.2398582349908, "atoms": 1, "setup_time": 12.631831169128418}
{"apply": 0.017188048362731932, "batch_time": 0.03152733513071567, "d2h": 0.0007523775100708007, "data_time": 0.0017257328228572446, "fwd": 0.027632641792297363, "get_state_time_mean": NaN, "get_state_time_total": 0.0, "grad": 0.04772367477416992, "mean_accuracy": 0.5820599913597106, "mean_loss": 1.2413251774787901, "neg_mean_accuracy": -0.592799961566925, "set_state_time_mean": NaN, "set_state_time_total": 0.0, "setup_model_time_mean": NaN, "setup_model_time_total": 0.0, "setup_proc_time_mean": NaN, "setup_proc_time_total": 0.0, "train_accuracy": 0.6096599698066711, "train_loss": 1.1211399543380738, "training_time_mean": NaN, "training_time_total": 0.0, "val_accuracy": 0.592799961566925, "val_loss": 1.235428662776947, "validation_time_mean": NaN, "validation_time_total": 0.0, "samples": 60000, "num_workers": 1, "done": false, "timesteps_total": null, "episodes_total": null, "training_iteration": 16, "neg_mean_loss": -1.2413251774787901, "experiment_id": "63ec3cce93a54f089b53f82cff1f334e", "date": "2019-06-03_03-47-27", "timestamp": 1559558847, "time_this_iter_s": 40.246522188186646, "time_total_s": 652.1947271823883, "pid": 13439, "hostname": "steropes", "node_ip": "169.229.49.254", "config": {"starting_lr": 0.1, "momentum": 0.95, "weight_decay": 0.0005, "steps_per_iteration": null, "pin": false, "model_creator": null, "target_batch_size": 128, "model_string": "resnet50", "min_batch_size": 128, "dataset": "CIFAR", "placement": null, "use_nccl": true, "devices_per_worker": 1, "primary_resource": "extra_gpu", "gpu": false, "verbose": false, "lr_config": {"mode": "log", "steps": 5, "initial_lr": 0.1, "target_lr": 0.1}, "batch_per_device": 128}, "time_since_restore": 652.1947271823883, "timesteps_since_restore": 0, "iterations_since_restore": 16, "mean_throughput": 1485.9338268238755, "atoms": 1, "setup_time": 12.631831169128418}
{"apply": 0.01733107566833496, "batch_time": 0.03132644786110407, "d2h": 0.0007499456405639648, "data_time": 0.0017495265092386308, "fwd": 0.02784264087677002, "get_state_time_mean": NaN, "get_state_time_total": 0.0, "grad": 0.0475330114364624, "mean_accuracy": 0.5897199869155884, "mean_loss": 1.2272195132255554, "neg_mean_accuracy": -0.6169999837875366, "set_state_time_mean": NaN, "set_state_time_total": 0.0, "setup_model_time_mean": NaN, "setup_model_time_total": 0.0, "setup_proc_time_mean": NaN, "setup_proc_time_total": 0.0, "train_accuracy": 0.6187799572944641, "train_loss": 1.0967353619384765, "training_time_mean": NaN, "training_time_total": 0.0, "val_accuracy": 0.6169999837875366, "val_loss": 1.1354271125793458, "validation_time_mean": NaN, "validation_time_total": 0.0, "samples": 60000, "num_workers": 1, "done": false, "timesteps_total": null, "episodes_total": null, "training_iteration": 17, "neg_mean_loss": -1.2272195132255554, "experiment_id": "63ec3cce93a54f089b53f82cff1f334e", "date": "2019-06-03_03-48-07", "timestamp": 1559558887, "time_this_iter_s": 40.37181377410889, "time_total_s": 692.5665409564972, "pid": 13439, "hostname": "steropes", "node_ip": "169.229.49.254", "config": {"starting_lr": 0.1, "momentum": 0.95, "weight_decay": 0.0005, "steps_per_iteration": null, "pin": false, "model_creator": null, "target_batch_size": 128, "model_string": "resnet50", "min_batch_size": 128, "dataset": "CIFAR", "placement": null, "use_nccl": true, "devices_per_worker": 1, "primary_resource": "extra_gpu", "gpu": false, "verbose": false, "lr_config": {"mode": "log", "steps": 5, "initial_lr": 0.1, "target_lr": 0.1}, "batch_per_device": 128}, "time_since_restore": 692.5665409564972, "timesteps_since_restore": 0, "iterations_since_restore": 17, "mean_throughput": 1487.852196620668, "atoms": 1, "setup_time": 12.631831169128418}
{"apply": 0.020212769508361816, "batch_time": 0.031595284425759616, "d2h": 0.0007530450820922852, "data_time": 0.0017375360669382393, "fwd": 0.02918288707733154, "get_state_time_mean": NaN, "get_state_time_total": 0.0, "grad": 0.04857127666473389, "mean_accuracy": 0.5957399845123291, "mean_loss": 1.2090431529808046, "neg_mean_accuracy": -0.6121999621391296, "set_state_time_mean": NaN, "set_state_time_total": 0.0, "setup_model_time_mean": NaN, "setup_model_time_total": 0.0, "setup_proc_time_mean": NaN, "setup_proc_time_total": 0.0, "train_accuracy": 0.6238600015640259, "train_loss": 1.0954022221755981, "training_time_mean": NaN, "training_time_total": 0.0, "val_accuracy": 0.6121999621391296, "val_loss": 1.1362056465148926, "validation_time_mean": NaN, "validation_time_total": 0.0, "samples": 60000, "num_workers": 1, "done": false, "timesteps_total": null, "episodes_total": null, "training_iteration": 18, "neg_mean_loss": -1.2090431529808046, "experiment_id": "63ec3cce93a54f089b53f82cff1f334e", "date": "2019-06-03_03-48-47", "timestamp": 1559558927, "time_this_iter_s": 40.3792679309845, "time_total_s": 732.9458088874817, "pid": 13439, "hostname": "steropes", "node_ip": "169.229.49.254", "config": {"starting_lr": 0.1, "momentum": 0.95, "weight_decay": 0.0005, "steps_per_iteration": null, "pin": false, "model_creator": null, "target_batch_size": 128, "model_string": "resnet50", "min_batch_size": 128, "dataset": "CIFAR", "placement": null, "use_nccl": true, "devices_per_worker": 1, "primary_resource": "extra_gpu", "gpu": false, "verbose": false, "lr_config": {"mode": "log", "steps": 5, "initial_lr": 0.1, "target_lr": 0.1}, "batch_per_device": 128}, "time_since_restore": 732.9458088874817, "timesteps_since_restore": 0, "iterations_since_restore": 18, "mean_throughput": 1486.069492702296, "atoms": 1, "setup_time": 12.631831169128418}
{"apply": 0.01898515224456787, "batch_time": 0.03199458424049088, "d2h": 0.0007402420043945313, "data_time": 0.0017866710262835178, "fwd": 0.029149413108825684, "get_state_time_mean": NaN, "get_state_time_total": 0.0, "grad": 0.04918537139892578, "mean_accuracy": 0.6008999824523926, "mean_loss": 1.1876356341552734, "neg_mean_accuracy": -0.628600001335144, "set_state_time_mean": NaN, "set_state_time_total": 0.0, "setup_model_time_mean": NaN, "setup_model_time_total": 0.0, "setup_proc_time_mean": NaN, "setup_proc_time_total": 0.0, "train_accuracy": 0.6315599679946899, "train_loss": 1.072555895805359, "training_time_mean": NaN, "training_time_total": 0.0, "val_accuracy": 0.628600001335144, "val_loss": 1.0792547930717469, "validation_time_mean": NaN, "validation_time_total": 0.0, "samples": 60000, "num_workers": 1, "done": false, "timesteps_total": null, "episodes_total": null, "training_iteration": 19, "neg_mean_loss": -1.1876356341552734, "experiment_id": "63ec3cce93a54f089b53f82cff1f334e", "date": "2019-06-03_03-49-28", "timestamp": 1559558968, "time_this_iter_s": 40.50237202644348, "time_total_s": 773.4481809139252, "pid": 13439, "hostname": "steropes", "node_ip": "169.229.49.254", "config": {"starting_lr": 0.1, "momentum": 0.95, "weight_decay": 0.0005, "steps_per_iteration": null, "pin": false, "model_creator": null, "target_batch_size": 128, "model_string": "resnet50", "min_batch_size": 128, "dataset": "CIFAR", "placement": null, "use_nccl": true, "devices_per_worker": 1, "primary_resource": "extra_gpu", "gpu": false, "verbose": false, "lr_config": {"mode": "log", "steps": 5, "initial_lr": 0.1, "target_lr": 0.1}, "batch_per_device": 128}, "time_since_restore": 773.4481809139252, "timesteps_since_restore": 0, "iterations_since_restore": 19, "mean_throughput": 1486.0722745103335, "atoms": 1, "setup_time": 12.631831169128418}
{"apply": 0.017885828018188478, "batch_time": 0.03175985964038704, "d2h": 0.0007254600524902344, "data_time": 0.0017901076685132274, "fwd": 0.02827455997467041, "get_state_time_mean": NaN, "get_state_time_total": 0.0, "grad": 0.047629570960998534, "mean_accuracy": 0.6144999742507935, "mean_loss": 1.1380430865097044, "neg_mean_accuracy": -0.6218999624252319, "set_state_time_mean": NaN, "set_state_time_total": 0.0, "setup_model_time_mean": NaN, "setup_model_time_total": 0.0, "setup_proc_time_mean": NaN, "setup_proc_time_total": 0.0, "train_accuracy": 0.6347799897193909, "train_loss": 1.059108123435974, "training_time_mean": NaN, "training_time_total": 0.0, "val_accuracy": 0.6218999624252319, "val_loss": 1.1038992176055908, "validation_time_mean": NaN, "validation_time_total": 0.0, "samples": 60000, "num_workers": 1, "done": false, "timesteps_total": null, "episodes_total": null, "training_iteration": 20, "neg_mean_loss": -1.1380430865097044, "experiment_id": "63ec3cce93a54f089b53f82cff1f334e", "date": "2019-06-03_03-50-08", "timestamp": 1559559008, "time_this_iter_s": 40.54932761192322, "time_total_s": 813.9975085258484, "pid": 13439, "hostname": "steropes", "node_ip": "169.229.49.254", "config": {"starting_lr": 0.1, "momentum": 0.95, "weight_decay": 0.0005, "steps_per_iteration": null, "pin": false, "model_creator": null, "target_batch_size": 128, "model_string": "resnet50", "min_batch_size": 128, "dataset": "CIFAR", "placement": null, "use_nccl": true, "devices_per_worker": 1, "primary_resource": "extra_gpu", "gpu": false, "verbose": false, "lr_config": {"mode": "log", "steps": 5, "initial_lr": 0.1, "target_lr": 0.1}, "batch_per_device": 128}, "time_since_restore": 813.9975085258484, "timesteps_since_restore": 0, "iterations_since_restore": 20, "mean_throughput": 1484.7832097336182, "atoms": 1, "setup_time": 12.631831169128418}
{"apply": 0.01741793155670166, "batch_time": 0.031823408754566046, "d2h": 0.0007193565368652343, "data_time": 0.0017671091172396375, "fwd": 0.027793097496032714, "get_state_time_mean": NaN, "get_state_time_total": 0.0, "grad": 0.047527432441711426, "mean_accuracy": 0.6255199790000916, "mean_loss": 1.094752912979126, "neg_mean_accuracy": -0.6478999853134155, "set_state_time_mean": NaN, "set_state_time_total": 0.0, "setup_model_time_mean": NaN, "setup_model_time_total": 0.0, "setup_proc_time_mean": NaN, "setup_proc_time_total": 0.0, "train_accuracy": 0.6372799873352051, "train_loss": 1.064531398010254, "training_time_mean": NaN, "training_time_total": 0.0, "val_accuracy": 0.6478999853134155, "val_loss": 1.018977795124054, "validation_time_mean": NaN, "validation_time_total": 0.0, "samples": 60000, "num_workers": 1, "done": false, "timesteps_total": null, "episodes_total": null, "training_iteration": 21, "neg_mean_loss": -1.094752912979126, "experiment_id": "63ec3cce93a54f089b53f82cff1f334e", "date": "2019-06-03_03-50-49", "timestamp": 1559559049, "time_this_iter_s": 40.68881559371948, "time_total_s": 854.6863241195679, "pid": 13439, "hostname": "steropes", "node_ip": "169.229.49.254", "config": {"starting_lr": 0.1, "momentum": 0.95, "weight_decay": 0.0005, "steps_per_iteration": null, "pin": false, "model_creator": null, "target_batch_size": 128, "model_string": "resnet50", "min_batch_size": 128, "dataset": "CIFAR", "placement": null, "use_nccl": true, "devices_per_worker": 1, "primary_resource": "extra_gpu", "gpu": false, "verbose": false, "lr_config": {"mode": "log", "steps": 5, "initial_lr": 0.1, "target_lr": 0.1}, "batch_per_device": 128}, "time_since_restore": 854.6863241195679, "timesteps_since_restore": 0, "iterations_since_restore": 21, "mean_throughput": 1481.540052569219, "atoms": 1, "setup_time": 12.631831169128418}
{"apply": 0.018546175956726075, "batch_time": 0.03174977664706073, "d2h": 0.0007340431213378907, "data_time": 0.0017432636007323594, "fwd": 0.028881931304931642, "get_state_time_mean": NaN, "get_state_time_total": 0.0, "grad": 0.049208855628967284, "mean_accuracy": 0.626039981842041, "mean_loss": 1.1105197628784178, "neg_mean_accuracy": -0.6195999979972839, "set_state_time_mean": NaN, "set_state_time_total": 0.0, "setup_model_time_mean": NaN, "setup_model_time_total": 0.0, "setup_proc_time_mean": NaN, "setup_proc_time_total": 0.0, "train_accuracy": 0.6393399834632874, "train_loss": 1.0520525582122802, "training_time_mean": NaN, "training_time_total": 0.0, "val_accuracy": 0.6195999979972839, "val_loss": 1.2142613620758056, "validation_time_mean": NaN, "validation_time_total": 0.0, "samples": 60000, "num_workers": 1, "done": false, "timesteps_total": null, "episodes_total": null, "training_iteration": 22, "neg_mean_loss": -1.1105197628784178, "experiment_id": "63ec3cce93a54f089b53f82cff1f334e", "date": "2019-06-03_03-51-30", "timestamp": 1559559090, "time_this_iter_s": 40.45930218696594, "time_total_s": 895.1456263065338, "pid": 13439, "hostname": "steropes", "node_ip": "169.229.49.254", "config": {"starting_lr": 0.1, "momentum": 0.95, "weight_decay": 0.0005, "steps_per_iteration": null, "pin": false, "model_creator": null, "target_batch_size": 128, "model_string": "resnet50", "min_batch_size": 128, "dataset": "CIFAR", "placement": null, "use_nccl": true, "devices_per_worker": 1, "primary_resource": "extra_gpu", "gpu": false, "verbose": false, "lr_config": {"mode": "log", "steps": 5, "initial_lr": 0.1, "target_lr": 0.1}, "batch_per_device": 128}, "time_since_restore": 895.1456263065338, "timesteps_since_restore": 0, "iterations_since_restore": 22, "mean_throughput": 1480.899817734241, "atoms": 1, "setup_time": 12.631831169128418}
{"apply": 0.017749905586242676, "batch_time": 0.031711146801332885, "d2h": 0.0007205009460449219, "data_time": 0.0017555442917377444, "fwd": 0.02787349224090576, "get_state_time_mean": NaN, "get_state_time_total": 0.0, "grad": 0.04792842864990234, "mean_accuracy": 0.6305599808692932, "mean_loss": 1.0934280090332031, "neg_mean_accuracy": -0.6347999572753906, "set_state_time_mean": NaN, "set_state_time_total": 0.0, "setup_model_time_mean": NaN, "setup_model_time_total": 0.0, "setup_proc_time_mean": NaN, "setup_proc_time_total": 0.0, "train_accuracy": 0.6486200094223022, "train_loss": 1.0285700812530518, "training_time_mean": NaN, "training_time_total": 0.0, "val_accuracy": 0.6347999572753906, "val_loss": 1.0507468772888184, "validation_time_mean": NaN, "validation_time_total": 0.0, "samples": 60000, "num_workers": 1, "done": false, "timesteps_total": null, "episodes_total": null, "training_iteration": 23, "neg_mean_loss": -1.0934280090332031, "experiment_id": "63ec3cce93a54f089b53f82cff1f334e", "date": "2019-06-03_03-52-10", "timestamp": 1559559130, "time_this_iter_s": 40.417166233062744, "time_total_s": 935.5627925395966, "pid": 13439, "hostname": "steropes", "node_ip": "169.229.49.254", "config": {"starting_lr": 0.1, "momentum": 0.95, "weight_decay": 0.0005, "steps_per_iteration": null, "pin": false, "model_creator": null, "target_batch_size": 128, "model_string": "resnet50", "min_batch_size": 128, "dataset": "CIFAR", "placement": null, "use_nccl": true, "devices_per_worker": 1, "primary_resource": "extra_gpu", "gpu": false, "verbose": false, "lr_config": {"mode": "log", "steps": 5, "initial_lr": 0.1, "target_lr": 0.1}, "batch_per_device": 128}, "time_since_restore": 935.5627925395966, "timesteps_since_restore": 0, "iterations_since_restore": 23, "mean_throughput": 1480.6228335575931, "atoms": 1, "setup_time": 12.631831169128418}
{"apply": 0.019167304039001465, "batch_time": 0.031017037886607497, "d2h": 0.0007190704345703125, "data_time": 0.001778699552921383, "fwd": 0.029040765762329102, "get_state_time_mean": NaN, "get_state_time_total": 0.0, "grad": 0.0481410026550293, "mean_accuracy": 0.6318799734115601, "mean_loss": 1.1012562124824523, "neg_mean_accuracy": -0.6351999640464783, "set_state_time_mean": NaN, "set_state_time_total": 0.0, "setup_model_time_mean": NaN, "setup_model_time_total": 0.0, "setup_proc_time_mean": NaN, "setup_proc_time_total": 0.0, "train_accuracy": 0.6428399682044983, "train_loss": 1.0408877331924438, "training_time_mean": NaN, "training_time_total": 0.0, "val_accuracy": 0.6351999640464783, "val_loss": 1.1183958103179932, "validation_time_mean": NaN, "validation_time_total": 0.0, "samples": 60000, "num_workers": 1, "done": false, "timesteps_total": null, "episodes_total": null, "training_iteration": 24, "neg_mean_loss": -1.1012562124824523, "experiment_id": "63ec3cce93a54f089b53f82cff1f334e", "date": "2019-06-03_03-52-50", "timestamp": 1559559170, "time_this_iter_s": 40.25610637664795, "time_total_s": 975.8188989162445, "pid": 13439, "hostname": "steropes", "node_ip": "169.229.49.254", "config": {"starting_lr": 0.1, "momentum": 0.95, "weight_decay": 0.0005, "steps_per_iteration": null, "pin": false, "model_creator": null, "target_batch_size": 128, "model_string": "resnet50", "min_batch_size": 128, "dataset": "CIFAR", "placement": null, "use_nccl": true, "devices_per_worker": 1, "primary_resource": "extra_gpu", "gpu": false, "verbose": false, "lr_config": {"mode": "log", "steps": 5, "initial_lr": 0.1, "target_lr": 0.1}, "batch_per_device": 128}, "time_since_restore": 975.8188989162445, "timesteps_since_restore": 0, "iterations_since_restore": 24, "mean_throughput": 1482.4245401400442, "atoms": 1, "setup_time": 12.631831169128418}
{"apply": 0.017151546478271485, "batch_time": 0.03135043156297901, "d2h": 0.0006953716278076172, "data_time": 0.0017863191911936416, "fwd": 0.027562808990478516, "get_state_time_mean": NaN, "get_state_time_total": 0.0, "grad": 0.04786746501922608, "mean_accuracy": 0.6302599787712098, "mean_loss": 1.125469633426666, "neg_mean_accuracy": -0.6137999892234802, "set_state_time_mean": NaN, "set_state_time_total": 0.0, "setup_model_time_mean": NaN, "setup_model_time_total": 0.0, "setup_proc_time_mean": NaN, "setup_proc_time_total": 0.0, "train_accuracy": 0.6521599888801575, "train_loss": 1.0164901009750367, "training_time_mean": NaN, "training_time_total": 0.0, "val_accuracy": 0.6137999892234802, "val_loss": 1.2249663223266603, "validation_time_mean": NaN, "validation_time_total": 0.0, "samples": 60000, "num_workers": 1, "done": false, "timesteps_total": null, "episodes_total": null, "training_iteration": 25, "neg_mean_loss": -1.125469633426666, "experiment_id": "63ec3cce93a54f089b53f82cff1f334e", "date": "2019-06-03_03-53-31", "timestamp": 1559559211, "time_this_iter_s": 40.39705443382263, "time_total_s": 1016.2159533500671, "pid": 13439, "hostname": "steropes", "node_ip": "169.229.49.254", "config": {"starting_lr": 0.1, "momentum": 0.95, "weight_decay": 0.0005, "steps_per_iteration": null, "pin": false, "model_creator": null, "target_batch_size": 128, "model_string": "resnet50", "min_batch_size": 128, "dataset": "CIFAR", "placement": null, "use_nccl": true, "devices_per_worker": 1, "primary_resource": "extra_gpu", "gpu": false, "verbose": false, "lr_config": {"mode": "log", "steps": 5, "initial_lr": 0.1, "target_lr": 0.1}, "batch_per_device": 128}, "time_since_restore": 1016.2159533500671, "timesteps_since_restore": 0, "iterations_since_restore": 25, "mean_throughput": 1483.5407635250917, "atoms": 1, "setup_time": 12.631831169128418}
{"apply": 0.01701955795288086, "batch_time": 0.03130244906944565, "d2h": 0.0007192850112915039, "data_time": 0.0017476935520806276, "fwd": 0.0273561954498291, "get_state_time_mean": NaN, "get_state_time_total": 0.0, "grad": 0.0474390983581543, "mean_accuracy": 0.6326599836349487, "mean_loss": 1.1254997906684876, "neg_mean_accuracy": -0.6599000096321106, "set_state_time_mean": NaN, "set_state_time_total": 0.0, "setup_model_time_mean": NaN, "setup_model_time_total": 0.0, "setup_proc_time_mean": NaN, "setup_proc_time_total": 0.0, "train_accuracy": 0.6494399905204773, "train_loss": 1.030025523147583, "training_time_mean": NaN, "training_time_total": 0.0, "val_accuracy": 0.6599000096321106, "val_loss": 1.0191285813331603, "validation_time_mean": NaN, "validation_time_total": 0.0, "samples": 60000, "num_workers": 1, "done": false, "timesteps_total": null, "episodes_total": null, "training_iteration": 26, "neg_mean_loss": -1.1254997906684876, "experiment_id": "63ec3cce93a54f089b53f82cff1f334e", "date": "2019-06-03_03-54-11", "timestamp": 1559559251, "time_this_iter_s": 40.284074783325195, "time_total_s": 1056.5000281333923, "pid": 13439, "hostname": "steropes", "node_ip": "169.229.49.254", "config": {"starting_lr": 0.1, "momentum": 0.95, "weight_decay": 0.0005, "steps_per_iteration": null, "pin": false, "model_creator": null, "target_batch_size": 128, "model_string": "resnet50", "min_batch_size": 128, "dataset": "CIFAR", "placement": null, "use_nccl": true, "devices_per_worker": 1, "primary_resource": "extra_gpu", "gpu": false, "verbose": false, "lr_config": {"mode": "log", "steps": 5, "initial_lr": 0.1, "target_lr": 0.1}, "batch_per_device": 128}, "time_since_restore": 1056.5000281333923, "timesteps_since_restore": 0, "iterations_since_restore": 26, "mean_throughput": 1486.5160263343348, "atoms": 1, "setup_time": 12.631831169128418}
{"apply": 0.017122101783752442, "batch_time": 0.0315435264683977, "d2h": 0.0006746053695678711, "data_time": 0.001755472339327683, "fwd": 0.027630090713500977, "get_state_time_mean": NaN, "get_state_time_total": 0.0, "grad": 0.04745252132415771, "mean_accuracy": 0.6304399847984314, "mean_loss": 1.1181223405647276, "neg_mean_accuracy": -0.6085000038146973, "set_state_time_mean": NaN, "set_state_time_total": 0.0, "setup_model_time_mean": NaN, "setup_model_time_total": 0.0, "setup_proc_time_mean": NaN, "setup_proc_time_total": 0.0, "train_accuracy": 0.654259979724884, "train_loss": 1.0093209602737427, "training_time_mean": NaN, "training_time_total": 0.0, "val_accuracy": 0.6085000038146973, "val_loss": 1.1773741115570069, "validation_time_mean": NaN, "validation_time_total": 0.0, "samples": 60000, "num_workers": 1, "done": false, "timesteps_total": null, "episodes_total": null, "training_iteration": 27, "neg_mean_loss": -1.1181223405647276, "experiment_id": "63ec3cce93a54f089b53f82cff1f334e", "date": "2019-06-03_03-54-51", "timestamp": 1559559291, "time_this_iter_s": 40.59264612197876, "time_total_s": 1097.092674255371, "pid": 13439, "hostname": "steropes", "node_ip": "169.229.49.254", "config": {"starting_lr": 0.1, "momentum": 0.95, "weight_decay": 0.0005, "steps_per_iteration": null, "pin": false, "model_creator": null, "target_batch_size": 128, "model_string": "resnet50", "min_batch_size": 128, "dataset": "CIFAR", "placement": null, "use_nccl": true, "devices_per_worker": 1, "primary_resource": "extra_gpu", "gpu": false, "verbose": false, "lr_config": {"mode": "log", "steps": 5, "initial_lr": 0.1, "target_lr": 0.1}, "batch_per_device": 128}, "time_since_restore": 1097.092674255371, "timesteps_since_restore": 0, "iterations_since_restore": 27, "mean_throughput": 1485.5349663694278, "atoms": 1, "setup_time": 12.631831169128418}
{"apply": 0.019107627868652343, "batch_time": 0.03179297567922858, "d2h": 0.00070343017578125, "data_time": 0.0017642298013048098, "fwd": 0.028383922576904298, "get_state_time_mean": NaN, "get_state_time_total": 0.0, "grad": 0.04753468036651611, "mean_accuracy": 0.6324199914932251, "mean_loss": 1.1182082168579102, "neg_mean_accuracy": -0.6446999907493591, "set_state_time_mean": NaN, "set_state_time_total": 0.0, "setup_model_time_mean": NaN, "setup_model_time_total": 0.0, "setup_proc_time_mean": NaN, "setup_proc_time_total": 0.0, "train_accuracy": 0.6531999707221985, "train_loss": 1.0179764270019531, "training_time_mean": NaN, "training_time_total": 0.0, "val_accuracy": 0.6446999907493591, "val_loss": 1.0511762587547302, "validation_time_mean": NaN, "validation_time_total": 0.0, "samples": 60000, "num_workers": 1, "done": false, "timesteps_total": null, "episodes_total": null, "training_iteration": 28, "neg_mean_loss": -1.1182082168579102, "experiment_id": "63ec3cce93a54f089b53f82cff1f334e", "date": "2019-06-03_03-55-32", "timestamp": 1559559332, "time_this_iter_s": 40.49699926376343, "time_total_s": 1137.5896735191345, "pid": 13439, "hostname": "steropes", "node_ip": "169.229.49.254", "config": {"starting_lr": 0.1, "momentum": 0.95, "weight_decay": 0.0005, "steps_per_iteration": null, "pin": false, "model_creator": null, "target_batch_size": 128, "model_string": "resnet50", "min_batch_size": 128, "dataset": "CIFAR", "placement": null, "use_nccl": true, "devices_per_worker": 1, "primary_resource": "extra_gpu", "gpu": false, "verbose": false, "lr_config": {"mode": "log", "steps": 5, "initial_lr": 0.1, "target_lr": 0.1}, "batch_per_device": 128}, "time_since_restore": 1137.5896735191345, "timesteps_since_restore": 0, "iterations_since_restore": 28, "mean_throughput": 1484.9479131021192, "atoms": 1, "setup_time": 12.631831169128418}
{"apply": 0.018460392951965332, "batch_time": 0.031136814552017406, "d2h": 0.00069580078125, "data_time": 0.0017552906290039688, "fwd": 0.02808966636657715, "get_state_time_mean": NaN, "get_state_time_total": 0.0, "grad": 0.047299981117248535, "mean_accuracy": 0.6304799914360046, "mean_loss": 1.1212588709259033, "neg_mean_accuracy": -0.625499963760376, "set_state_time_mean": NaN, "set_state_time_total": 0.0, "setup_model_time_mean": NaN, "setup_model_time_total": 0.0, "setup_proc_time_mean": NaN, "setup_proc_time_total": 0.0, "train_accuracy": 0.6590200066566467, "train_loss": 0.999492371635437, "training_time_mean": NaN, "training_time_total": 0.0, "val_accuracy": 0.625499963760376, "val_loss": 1.1336490806579589, "validation_time_mean": NaN, "validation_time_total": 0.0, "samples": 60000, "num_workers": 1, "done": false, "timesteps_total": null, "episodes_total": null, "training_iteration": 29, "neg_mean_loss": -1.1212588709259033, "experiment_id": "63ec3cce93a54f089b53f82cff1f334e", "date": "2019-06-03_03-56-12", "timestamp": 1559559372, "time_this_iter_s": 40.49331259727478, "time_total_s": 1178.0829861164093, "pid": 13439, "hostname": "steropes", "node_ip": "169.229.49.254", "config": {"starting_lr": 0.1, "momentum": 0.95, "weight_decay": 0.0005, "steps_per_iteration": null, "pin": false, "model_creator": null, "target_batch_size": 128, "model_string": "resnet50", "min_batch_size": 128, "dataset": "CIFAR", "placement": null, "use_nccl": true, "devices_per_worker": 1, "primary_resource": "extra_gpu", "gpu": false, "verbose": false, "lr_config": {"mode": "log", "steps": 5, "initial_lr": 0.1, "target_lr": 0.1}, "batch_per_device": 128}, "time_since_restore": 1178.0829861164093, "timesteps_since_restore": 0, "iterations_since_restore": 29, "mean_throughput": 1483.2064924571428, "atoms": 1, "setup_time": 12.631831169128418}
{"apply": 0.017880749702453614, "batch_time": 0.03126555756677555, "d2h": 0.0007329225540161133, "data_time": 0.0017526899762165822, "fwd": 0.027971768379211427, "get_state_time_mean": NaN, "get_state_time_total": 0.0, "grad": 0.04704289436340332, "mean_accuracy": 0.6369399905204773, "mean_loss": 1.0887075526428223, "neg_mean_accuracy": -0.6460999846458435, "set_state_time_mean": NaN, "set_state_time_total": 0.0, "setup_model_time_mean": NaN, "setup_model_time_total": 0.0, "setup_proc_time_mean": NaN, "setup_proc_time_total": 0.0, "train_accuracy": 0.6596999764442444, "train_loss": 1.0098726914978027, "training_time_mean": NaN, "training_time_total": 0.0, "val_accuracy": 0.6460999846458435, "val_loss": 1.0622097309112548, "validation_time_mean": NaN, "validation_time_total": 0.0, "samples": 60000, "num_workers": 1, "done": false, "timesteps_total": null, "episodes_total": null, "training_iteration": 30, "neg_mean_loss": -1.0887075526428223, "experiment_id": "63ec3cce93a54f089b53f82cff1f334e", "date": "2019-06-03_03-56-53", "timestamp": 1559559413, "time_this_iter_s": 40.32165455818176, "time_total_s": 1218.404640674591, "pid": 13439, "hostname": "steropes", "node_ip": "169.229.49.254", "config": {"starting_lr": 0.1, "momentum": 0.95, "weight_decay": 0.0005, "steps_per_iteration": null, "pin": false, "model_creator": null, "target_batch_size": 128, "model_string": "resnet50", "min_batch_size": 128, "dataset": "CIFAR", "placement": null, "use_nccl": true, "devices_per_worker": 1, "primary_resource": "extra_gpu", "gpu": false, "verbose": false, "lr_config": {"mode": "log", "steps": 5, "initial_lr": 0.1, "target_lr": 0.1}, "batch_per_device": 128}, "time_since_restore": 1218.404640674591, "timesteps_since_restore": 0, "iterations_since_restore": 30, "mean_throughput": 1483.7596675480615, "atoms": 1, "setup_time": 12.631831169128418}
{"apply": 0.018018460273742674, "batch_time": 0.031155272375179243, "d2h": 0.0007184743881225586, "data_time": 0.0017598919246507728, "fwd": 0.02809772491455078, "get_state_time_mean": NaN, "get_state_time_total": 0.0, "grad": 0.04759733676910401, "mean_accuracy": 0.6295399904251099, "mean_loss": 1.1055441965293882, "neg_mean_accuracy": -0.6229000091552734, "set_state_time_mean": NaN, "set_state_time_total": 0.0, "setup_model_time_mean": NaN, "setup_model_time_total": 0.0, "setup_proc_time_mean": NaN, "setup_proc_time_total": 0.0, "train_accuracy": 0.6590399742126465, "train_loss": 1.001196590538025, "training_time_mean": NaN, "training_time_total": 0.0, "val_accuracy": 0.6229000091552734, "val_loss": 1.1033118007659912, "validation_time_mean": NaN, "validation_time_total": 0.0, "samples": 60000, "num_workers": 1, "done": false, "timesteps_total": null, "episodes_total": null, "training_iteration": 31, "neg_mean_loss": -1.1055441965293882, "experiment_id": "63ec3cce93a54f089b53f82cff1f334e", "date": "2019-06-03_03-57-33", "timestamp": 1559559453, "time_this_iter_s": 40.50747537612915, "time_total_s": 1258.9121160507202, "pid": 13439, "hostname": "steropes", "node_ip": "169.229.49.254", "config": {"starting_lr": 0.1, "momentum": 0.95, "weight_decay": 0.0005, "steps_per_iteration": null, "pin": false, "model_creator": null, "target_batch_size": 128, "model_string": "resnet50", "min_batch_size": 128, "dataset": "CIFAR", "placement": null, "use_nccl": true, "devices_per_worker": 1, "primary_resource": "extra_gpu", "gpu": false, "verbose": false, "lr_config": {"mode": "log", "steps": 5, "initial_lr": 0.1, "target_lr": 0.1}, "batch_per_device": 128}, "time_since_restore": 1258.9121160507202, "timesteps_since_restore": 0, "iterations_since_restore": 31, "mean_throughput": 1482.1220640899198, "atoms": 1, "setup_time": 12.631831169128418}
{"apply": 0.017251801490783692, "batch_time": 0.03131861626347409, "d2h": 0.0006978511810302734, "data_time": 0.0017767775699000835, "fwd": 0.027788710594177247, "get_state_time_mean": NaN, "get_state_time_total": 0.0, "grad": 0.04729740619659424, "mean_accuracy": 0.6434399843215942, "mean_loss": 1.0571530682754517, "neg_mean_accuracy": -0.6779999732971191, "set_state_time_mean": NaN, "set_state_time_total": 0.0, "setup_model_time_mean": NaN, "setup_model_time_total": 0.0, "setup_proc_time_mean": NaN, "setup_proc_time_total": 0.0, "train_accuracy": 0.6626399755477905, "train_loss": 0.9880923796272277, "training_time_mean": NaN, "training_time_total": 0.0, "val_accuracy": 0.6779999732971191, "val_loss": 0.935418470287323, "validation_time_mean": NaN, "validation_time_total": 0.0, "samples": 60000, "num_workers": 1, "done": false, "timesteps_total": null, "episodes_total": null, "training_iteration": 32, "neg_mean_loss": -1.0571530682754517, "experiment_id": "63ec3cce93a54f089b53f82cff1f334e", "date": "2019-06-03_03-58-14", "timestamp": 1559559494, "time_this_iter_s": 40.41320872306824, "time_total_s": 1299.3253247737885, "pid": 13439, "hostname": "steropes", "node_ip": "169.229.49.254", "config": {"starting_lr": 0.1, "momentum": 0.95, "weight_decay": 0.0005, "steps_per_iteration": null, "pin": false, "model_creator": null, "target_batch_size": 128, "model_string": "resnet50", "min_batch_size": 128, "dataset": "CIFAR", "placement": null, "use_nccl": true, "devices_per_worker": 1, "primary_resource": "extra_gpu", "gpu": false, "verbose": false, "lr_config": {"mode": "log", "steps": 5, "initial_lr": 0.1, "target_lr": 0.1}, "batch_per_device": 128}, "time_since_restore": 1299.3253247737885, "timesteps_since_restore": 0, "iterations_since_restore": 32, "mean_throughput": 1483.437046640687, "atoms": 1, "setup_time": 12.631831169128418}
{"apply": 0.016977429389953613, "batch_time": 0.03343233277526083, "d2h": 0.0007045745849609375, "data_time": 0.0017476191606058183, "fwd": 0.027265334129333497, "get_state_time_mean": NaN, "get_state_time_total": 0.0, "grad": 0.047693300247192386, "mean_accuracy": 0.6424799799919129, "mean_loss": 1.067556446018219, "neg_mean_accuracy": -0.6398999691009521, "set_state_time_mean": NaN, "set_state_time_total": 0.0, "setup_model_time_mean": NaN, "setup_model_time_total": 0.0, "setup_proc_time_mean": NaN, "setup_proc_time_total": 0.0, "train_accuracy": 0.6632399559020996, "train_loss": 0.9993478657722473, "training_time_mean": NaN, "training_time_total": 0.0, "val_accuracy": 0.6398999691009521, "val_loss": 1.103193147468567, "validation_time_mean": NaN, "validation_time_total": 0.0, "samples": 60000, "num_workers": 1, "done": false, "timesteps_total": null, "episodes_total": null, "training_iteration": 33, "neg_mean_loss": -1.067556446018219, "experiment_id": "63ec3cce93a54f089b53f82cff1f334e", "date": "2019-06-03_03-58-54", "timestamp": 1559559534, "time_this_iter_s": 40.75210976600647, "time_total_s": 1340.077434539795, "pid": 13439, "hostname": "steropes", "node_ip": "169.229.49.254", "config": {"starting_lr": 0.1, "momentum": 0.95, "weight_decay": 0.0005, "steps_per_iteration": null, "pin": false, "model_creator": null, "target_batch_size": 128, "model_string": "resnet50", "min_batch_size": 128, "dataset": "CIFAR", "placement": null, "use_nccl": true, "devices_per_worker": 1, "primary_resource": "extra_gpu", "gpu": false, "verbose": false, "lr_config": {"mode": "log", "steps": 5, "initial_lr": 0.1, "target_lr": 0.1}, "batch_per_device": 128}, "time_since_restore": 1340.077434539795, "timesteps_since_restore": 0, "iterations_since_restore": 33, "mean_throughput": 1481.568127446147, "atoms": 1, "setup_time": 12.631831169128418}
{"apply": 0.0171100378036499, "batch_time": 0.031101697607885434, "d2h": 0.0007042407989501954, "data_time": 0.0017365195867045762, "fwd": 0.027644968032836913, "get_state_time_mean": NaN, "get_state_time_total": 0.0, "grad": 0.04709160327911377, "mean_accuracy": 0.6442599892616272, "mean_loss": 1.0545185020637513, "neg_mean_accuracy": -0.6344000101089478, "set_state_time_mean": NaN, "set_state_time_total": 0.0, "setup_model_time_mean": NaN, "setup_model_time_total": 0.0, "setup_proc_time_mean": NaN, "setup_proc_time_total": 0.0, "train_accuracy": 0.6654599905014038, "train_loss": 0.9855106021499633, "training_time_mean": NaN, "training_time_total": 0.0, "val_accuracy": 0.6344000101089478, "val_loss": 1.06845936088562, "validation_time_mean": NaN, "validation_time_total": 0.0, "samples": 60000, "num_workers": 1, "done": false, "timesteps_total": null, "episodes_total": null, "training_iteration": 34, "neg_mean_loss": -1.0545185020637513, "experiment_id": "63ec3cce93a54f089b53f82cff1f334e", "date": "2019-06-03_03-59-35", "timestamp": 1559559575, "time_this_iter_s": 40.35611963272095, "time_total_s": 1380.4335541725159, "pid": 13439, "hostname": "steropes", "node_ip": "169.229.49.254", "config": {"starting_lr": 0.1, "momentum": 0.95, "weight_decay": 0.0005, "steps_per_iteration": null, "pin": false, "model_creator": null, "target_batch_size": 128, "model_string": "resnet50", "min_batch_size": 128, "dataset": "CIFAR", "placement": null, "use_nccl": true, "devices_per_worker": 1, "primary_resource": "extra_gpu", "gpu": false, "verbose": false, "lr_config": {"mode": "log", "steps": 5, "initial_lr": 0.1, "target_lr": 0.1}, "batch_per_device": 128}, "time_since_restore": 1380.4335541725159, "timesteps_since_restore": 0, "iterations_since_restore": 34, "mean_throughput": 1482.5725936973934, "atoms": 1, "setup_time": 12.631831169128418}
{"apply": 0.019722509384155273, "batch_time": 0.03269162660912622, "d2h": 0.0007169485092163086, "data_time": 0.0017550509908924932, "fwd": 0.029030799865722656, "get_state_time_mean": NaN, "get_state_time_total": 0.0, "grad": 0.047695159912109375, "mean_accuracy": 0.6395399928092956, "mean_loss": 1.0734876854133606, "neg_mean_accuracy": -0.6225000023841858, "set_state_time_mean": NaN, "set_state_time_total": 0.0, "setup_model_time_mean": NaN, "setup_model_time_total": 0.0, "setup_proc_time_mean": NaN, "setup_proc_time_total": 0.0, "train_accuracy": 0.6676200032234192, "train_loss": 0.9738043845939636, "training_time_mean": NaN, "training_time_total": 0.0, "val_accuracy": 0.6225000023841858, "val_loss": 1.1570556476593017, "validation_time_mean": NaN, "validation_time_total": 0.0, "samples": 60000, "num_workers": 1, "done": false, "timesteps_total": null, "episodes_total": null, "training_iteration": 35, "neg_mean_loss": -1.0734876854133606, "experiment_id": "63ec3cce93a54f089b53f82cff1f334e", "date": "2019-06-03_04-00-15", "timestamp": 1559559615, "time_this_iter_s": 40.49281096458435, "time_total_s": 1420.9263651371002, "pid": 13439, "hostname": "steropes", "node_ip": "169.229.49.254", "config": {"starting_lr": 0.1, "momentum": 0.95, "weight_decay": 0.0005, "steps_per_iteration": null, "pin": false, "model_creator": null, "target_batch_size": 128, "model_string": "resnet50", "min_batch_size": 128, "dataset": "CIFAR", "placement": null, "use_nccl": true, "devices_per_worker": 1, "primary_resource": "extra_gpu", "gpu": false, "verbose": false, "lr_config": {"mode": "log", "steps": 5, "initial_lr": 0.1, "target_lr": 0.1}, "batch_per_device": 128}, "time_since_restore": 1420.9263651371002, "timesteps_since_restore": 0, "iterations_since_restore": 35, "mean_throughput": 1481.319644017011, "atoms": 1, "setup_time": 12.631831169128418}
{"apply": 0.020784282684326173, "batch_time": 0.03337470791007899, "d2h": 0.0007360219955444336, "data_time": 0.0017660316603872782, "fwd": 0.030053877830505372, "get_state_time_mean": NaN, "get_state_time_total": 0.0, "grad": 0.04827413558959961, "mean_accuracy": 0.6450599908828736, "mean_loss": 1.071445468273163, "neg_mean_accuracy": -0.6504999995231628, "set_state_time_mean": NaN, "set_state_time_total": 0.0, "setup_model_time_mean": NaN, "setup_model_time_total": 0.0, "setup_proc_time_mean": NaN, "setup_proc_time_total": 0.0, "train_accuracy": 0.668720006942749, "train_loss": 0.9730204176521301, "training_time_mean": NaN, "training_time_total": 0.0, "val_accuracy": 0.6504999995231628, "val_loss": 1.0931007150650025, "validation_time_mean": NaN, "validation_time_total": 0.0, "samples": 60000, "num_workers": 1, "done": false, "timesteps_total": null, "episodes_total": null, "training_iteration": 36, "neg_mean_loss": -1.071445468273163, "experiment_id": "63ec3cce93a54f089b53f82cff1f334e", "date": "2019-06-03_04-00-56", "timestamp": 1559559656, "time_this_iter_s": 40.69304943084717, "time_total_s": 1461.6194145679474, "pid": 13439, "hostname": "steropes", "node_ip": "169.229.49.254", "config": {"starting_lr": 0.1, "momentum": 0.95, "weight_decay": 0.0005, "steps_per_iteration": null, "pin": false, "model_creator": null, "target_batch_size": 128, "model_string": "resnet50", "min_batch_size": 128, "dataset": "CIFAR", "placement": null, "use_nccl": true, "devices_per_worker": 1, "primary_resource": "extra_gpu", "gpu": false, "verbose": false, "lr_config": {"mode": "log", "steps": 5, "initial_lr": 0.1, "target_lr": 0.1}, "batch_per_device": 128}, "time_since_restore": 1461.6194145679474, "timesteps_since_restore": 0, "iterations_since_restore": 36, "mean_throughput": 1479.9635121224326, "atoms": 1, "setup_time": 12.631831169128418}
{"apply": 0.01691429615020752, "batch_time": 0.03099818169316159, "d2h": 0.0007074356079101562, "data_time": 0.0017544265903170456, "fwd": 0.02706141471862793, "get_state_time_mean": NaN, "get_state_time_total": 0.0, "grad": 0.0468104362487793, "mean_accuracy": 0.6387799978256226, "mean_loss": 1.099670502166748, "neg_mean_accuracy": -0.6466000080108643, "set_state_time_mean": NaN, "set_state_time_total": 0.0, "setup_model_time_mean": NaN, "setup_model_time_total": 0.0, "setup_proc_time_mean": NaN, "setup_proc_time_total": 0.0, "train_accuracy": 0.6636199951171875, "train_loss": 0.9868101750564575, "training_time_mean": NaN, "training_time_total": 0.0, "val_accuracy": 0.6466000080108643, "val_loss": 1.076543639755249, "validation_time_mean": NaN, "validation_time_total": 0.0, "samples": 60000, "num_workers": 1, "done": false, "timesteps_total": null, "episodes_total": null, "training_iteration": 37, "neg_mean_loss": -1.099670502166748, "experiment_id": "63ec3cce93a54f089b53f82cff1f334e", "date": "2019-06-03_04-01-36", "timestamp": 1559559696, "time_this_iter_s": 40.31308960914612, "time_total_s": 1501.9325041770935, "pid": 13439, "hostname": "steropes", "node_ip": "169.229.49.254", "config": {"starting_lr": 0.1, "momentum": 0.95, "weight_decay": 0.0005, "steps_per_iteration": null, "pin": false, "model_creator": null, "target_batch_size": 128, "model_string": "resnet50", "min_batch_size": 128, "dataset": "CIFAR", "placement": null, "use_nccl": true, "devices_per_worker": 1, "primary_resource": "extra_gpu", "gpu": false, "verbose": false, "lr_config": {"mode": "log", "steps": 5, "initial_lr": 0.1, "target_lr": 0.1}, "batch_per_device": 128}, "time_since_restore": 1501.9325041770935, "timesteps_since_restore": 0, "iterations_since_restore": 37, "mean_throughput": 1480.6944569820644, "atoms": 1, "setup_time": 12.631831169128418}
{"apply": 0.018373608589172363, "batch_time": 0.03214517122582544, "d2h": 0.0007162094116210938, "data_time": 0.0017471514699404197, "fwd": 0.028416204452514648, "get_state_time_mean": NaN, "get_state_time_total": 0.0, "grad": 0.047426438331604, "mean_accuracy": 0.6406399965286255, "mean_loss": 1.0827536119079588, "neg_mean_accuracy": -0.6491999626159668, "set_state_time_mean": NaN, "set_state_time_total": 0.0, "setup_model_time_mean": NaN, "setup_model_time_total": 0.0, "setup_proc_time_mean": NaN, "setup_proc_time_total": 0.0, "train_accuracy": 0.6680600047111511, "train_loss": 0.988521025352478, "training_time_mean": NaN, "training_time_total": 0.0, "val_accuracy": 0.6491999626159668, "val_loss": 1.0186086961746217, "validation_time_mean": NaN, "validation_time_total": 0.0, "samples": 60000, "num_workers": 1, "done": false, "timesteps_total": null, "episodes_total": null, "training_iteration": 38, "neg_mean_loss": -1.0827536119079588, "experiment_id": "63ec3cce93a54f089b53f82cff1f334e", "date": "2019-06-03_04-02-17", "timestamp": 1559559737, "time_this_iter_s": 40.36694288253784, "time_total_s": 1542.2994470596313, "pid": 13439, "hostname": "steropes", "node_ip": "169.229.49.254", "config": {"starting_lr": 0.1, "momentum": 0.95, "weight_decay": 0.0005, "steps_per_iteration": null, "pin": false, "model_creator": null, "target_batch_size": 128, "model_string": "resnet50", "min_batch_size": 128, "dataset": "CIFAR", "placement": null, "use_nccl": true, "devices_per_worker": 1, "primary_resource": "extra_gpu", "gpu": false, "verbose": false, "lr_config": {"mode": "log", "steps": 5, "initial_lr": 0.1, "target_lr": 0.1}, "batch_per_device": 128}, "time_since_restore": 1542.2994470596313, "timesteps_since_restore": 0, "iterations_since_restore": 38, "mean_throughput": 1483.5147057008576, "atoms": 1, "setup_time": 12.631831169128418}
{"apply": 0.017225027084350586, "batch_time": 0.031305147122733204, "d2h": 0.0006907939910888672, "data_time": 0.0017520143552814298, "fwd": 0.02757716178894043, "get_state_time_mean": NaN, "get_state_time_total": 0.0, "grad": 0.04851722717285156, "mean_accuracy": 0.6461199879646301, "mean_loss": 1.0677840259742737, "neg_mean_accuracy": -0.661799967288971, "set_state_time_mean": NaN, "set_state_time_total": 0.0, "setup_model_time_mean": NaN, "setup_model_time_total": 0.0, "setup_proc_time_mean": NaN, "setup_proc_time_total": 0.0, "train_accuracy": 0.6682400107383728, "train_loss": 0.9771358008575439, "training_time_mean": NaN, "training_time_total": 0.0, "val_accuracy": 0.661799967288971, "val_loss": 0.9936114312171936, "validation_time_mean": NaN, "validation_time_total": 0.0, "samples": 60000, "num_workers": 1, "done": false, "timesteps_total": null, "episodes_total": null, "training_iteration": 39, "neg_mean_loss": -1.0677840259742737, "experiment_id": "63ec3cce93a54f089b53f82cff1f334e", "date": "2019-06-03_04-02-57", "timestamp": 1559559777, "time_this_iter_s": 40.44519639015198, "time_total_s": 1582.7446434497833, "pid": 13439, "hostname": "steropes", "node_ip": "169.229.49.254", "config": {"starting_lr": 0.1, "momentum": 0.95, "weight_decay": 0.0005, "steps_per_iteration": null, "pin": false, "model_creator": null, "target_batch_size": 128, "model_string": "resnet50", "min_batch_size": 128, "dataset": "CIFAR", "placement": null, "use_nccl": true, "devices_per_worker": 1, "primary_resource": "extra_gpu", "gpu": false, "verbose": false, "lr_config": {"mode": "log", "steps": 5, "initial_lr": 0.1, "target_lr": 0.1}, "batch_per_device": 128}, "time_since_restore": 1582.7446434497833, "timesteps_since_restore": 0, "iterations_since_restore": 39, "mean_throughput": 1482.86154258311, "atoms": 1, "setup_time": 12.631831169128418}
{"apply": 0.017095327377319336, "batch_time": 0.03136012825784804, "d2h": 0.0007172584533691406, "data_time": 0.001754529640802642, "fwd": 0.027151870727539062, "get_state_time_mean": NaN, "get_state_time_total": 0.0, "grad": 0.046783065795898436, "mean_accuracy": 0.6531799793243408, "mean_loss": 1.0357332420539858, "neg_mean_accuracy": -0.6577999591827393, "set_state_time_mean": NaN, "set_state_time_total": 0.0, "setup_model_time_mean": NaN, "setup_model_time_total": 0.0, "setup_proc_time_mean": NaN, "setup_proc_time_total": 0.0, "train_accuracy": 0.6708799600601196, "train_loss": 0.9686377180862427, "training_time_mean": NaN, "training_time_total": 0.0, "val_accuracy": 0.6577999591827393, "val_loss": 0.9968017280578614, "validation_time_mean": NaN, "validation_time_total": 0.0, "samples": 60000, "num_workers": 1, "done": false, "timesteps_total": null, "episodes_total": null, "training_iteration": 40, "neg_mean_loss": -1.0357332420539858, "experiment_id": "63ec3cce93a54f089b53f82cff1f334e", "date": "2019-06-03_04-03-38", "timestamp": 1559559818, "time_this_iter_s": 40.32950258255005, "time_total_s": 1623.0741460323334, "pid": 13439, "hostname": "steropes", "node_ip": "169.229.49.254", "config": {"starting_lr": 0.1, "momentum": 0.95, "weight_decay": 0.0005, "steps_per_iteration": null, "pin": false, "model_creator": null, "target_batch_size": 128, "model_string": "resnet50", "min_batch_size": 128, "dataset": "CIFAR", "placement": null, "use_nccl": true, "devices_per_worker": 1, "primary_resource": "extra_gpu", "gpu": false, "verbose": false, "lr_config": {"mode": "log", "steps": 5, "initial_lr": 0.1, "target_lr": 0.1}, "batch_per_device": 128}, "time_since_restore": 1623.0741460323334, "timesteps_since_restore": 0, "iterations_since_restore": 40, "mean_throughput": 1484.0594728013516, "atoms": 1, "setup_time": 12.631831169128418}
