apply,batch_time,d2h,data_time,fwd,get_state_time_mean,get_state_time_total,grad,mean_accuracy,mean_loss,neg_mean_accuracy,set_state_time_mean,set_state_time_total,setup_model_time_mean,setup_model_time_total,setup_proc_time_mean,setup_proc_time_total,train_accuracy,train_loss,training_time_mean,training_time_total,validation_time_mean,validation_time_total,samples,num_workers,done,timesteps_total,episodes_total,training_iteration,neg_mean_loss,experiment_id,date,timestamp,time_this_iter_s,time_total_s,pid,hostname,node_ip,config,time_since_restore,timesteps_since_restore,iterations_since_restore,mean_throughput,atoms,resource_time
0.008211350440979004,0.1996131420135498,0.007704544067382813,0.045172268030594806,0.09009265899658203,nan,0.0,0.15980138778686523,0.3109000027179718,2.0407427143096926,-0.3109000027179718,nan,0.0,8.99952220916748,8.99952220916748,0.24175047874450684,0.24175047874450684,0.2825399935245514,2.324793264427185,nan,0.0,nan,0.0,60000,1,False,,,1,-2.0407427143096926,d9b9a1470b6a40a59c5853d2a5f24231,2019-05-30_14-43-37,1559252617,13.122949123382568,13.122949123382568,32696,steropes,169.229.49.254,"{'starting_lr': 0.01, 'momentum': 0.997, 'weight_decay': 0.005, 'steps_per_iteration': None, 'pin': False, 'model_creator': None, 'target_batch_size': 1024, 'model_string': 'resnet18', 'min_batch_size': 512, 'dataset': 'CIFAR', 'placement': None, 'use_nccl': True, 'devices_per_worker': 1, 'primary_resource': 'extra_gpu', 'gpu': False, 'verbose': False, 'lr_config': {'mode': 'log', 'steps': 5, 'initial_lr': 0.01, 'target_lr': 0.01}, 'batch_per_device': 1024}",13.122949123382568,0,1,4572.111852086515,1,13.122949123382568
0.007448029518127441,0.1407710075378418,0.006863999366760254,0.03795504570007324,0.023836159706115724,nan,0.0,0.05370407104492188,0.42239999771118164,1.5668008041381836,-0.42239999771118164,nan,0.0,nan,0.0,nan,0.0,0.3989199995994568,1.6429685715103148,nan,0.0,nan,0.0,60000,1,False,,,2,-1.5668008041381836,d9b9a1470b6a40a59c5853d2a5f24231,2019-05-30_14-43-46,1559252626,8.94056487083435,22.06351399421692,32696,steropes,169.229.49.254,"{'starting_lr': 0.01, 'momentum': 0.997, 'weight_decay': 0.005, 'steps_per_iteration': None, 'pin': False, 'model_creator': None, 'target_batch_size': 1024, 'model_string': 'resnet18', 'min_batch_size': 512, 'dataset': 'CIFAR', 'placement': None, 'use_nccl': True, 'devices_per_worker': 1, 'primary_resource': 'extra_gpu', 'gpu': False, 'verbose': False, 'lr_config': {'mode': 'log', 'steps': 5, 'initial_lr': 0.01, 'target_lr': 0.01}, 'batch_per_device': 1024}",22.06351399421692,0,2,5438.79890701119,1,22.06351399421692
0.008094549179077148,0.14833483695983887,0.006009054183959961,0.04453954404714156,0.02505917549133301,nan,0.0,0.054934215545654294,0.4124999940395355,1.6051427894592285,-0.4124999940395355,nan,0.0,nan,0.0,nan,0.0,0.4402199983596802,1.5316623858642577,nan,0.0,nan,0.0,60000,1,False,,,3,-1.6051427894592285,d9b9a1470b6a40a59c5853d2a5f24231,2019-05-30_14-43-55,1559252635,8.73448657989502,30.79800057411194,32696,steropes,169.229.49.254,"{'starting_lr': 0.01, 'momentum': 0.997, 'weight_decay': 0.005, 'steps_per_iteration': None, 'pin': False, 'model_creator': None, 'target_batch_size': 1024, 'model_string': 'resnet18', 'min_batch_size': 512, 'dataset': 'CIFAR', 'placement': None, 'use_nccl': True, 'devices_per_worker': 1, 'primary_resource': 'extra_gpu', 'gpu': False, 'verbose': False, 'lr_config': {'mode': 'log', 'steps': 5, 'initial_lr': 0.01, 'target_lr': 0.01}, 'batch_per_device': 1024}",30.79800057411194,0,3,5844.485617493368,1,30.79800057411194
0.007719707489013672,0.15485427379608155,0.005497264862060547,0.031193256378173828,0.022198200225830078,nan,0.0,0.04440507888793945,0.29510000348091125,1.8685902736663818,-0.29510000348091125,nan,0.0,nan,0.0,nan,0.0,0.46995997428894043,1.4385186116027833,nan,0.0,nan,0.0,60000,1,False,,,4,-1.8685902736663818,d9b9a1470b6a40a59c5853d2a5f24231,2019-05-30_14-44-04,1559252644,8.824916362762451,39.62291693687439,32696,steropes,169.229.49.254,"{'starting_lr': 0.01, 'momentum': 0.997, 'weight_decay': 0.005, 'steps_per_iteration': None, 'pin': False, 'model_creator': None, 'target_batch_size': 1024, 'model_string': 'resnet18', 'min_batch_size': 512, 'dataset': 'CIFAR', 'placement': None, 'use_nccl': True, 'devices_per_worker': 1, 'primary_resource': 'extra_gpu', 'gpu': False, 'verbose': False, 'lr_config': {'mode': 'log', 'steps': 5, 'initial_lr': 0.01, 'target_lr': 0.01}, 'batch_per_device': 1024}",39.62291693687439,0,4,6057.0487071678135,1,39.62291693687439
0.00855581760406494,0.14085714817047118,0.006127166748046875,0.036190290840304624,0.02439417839050293,nan,0.0,0.0629913330078125,0.1665000021457672,2.3325077545166018,-0.1665000021457672,nan,0.0,nan,0.0,nan,0.0,0.4914200007915497,1.424285802268982,nan,0.0,nan,0.0,60000,1,False,,,5,-2.3325077545166018,d9b9a1470b6a40a59c5853d2a5f24231,2019-05-30_14-44-13,1559252653,8.836397409439087,48.45931434631348,32696,steropes,169.229.49.254,"{'starting_lr': 0.01, 'momentum': 0.997, 'weight_decay': 0.005, 'steps_per_iteration': None, 'pin': False, 'model_creator': None, 'target_batch_size': 1024, 'model_string': 'resnet18', 'min_batch_size': 512, 'dataset': 'CIFAR', 'placement': None, 'use_nccl': True, 'devices_per_worker': 1, 'primary_resource': 'extra_gpu', 'gpu': False, 'verbose': False, 'lr_config': {'mode': 'log', 'steps': 5, 'initial_lr': 0.01, 'target_lr': 0.01}, 'batch_per_device': 1024}",48.45931434631348,0,5,6190.706462011162,1,48.45931434631348
0.011098456382751466,0.14944193363189698,0.012278604507446288,0.035441121276544064,0.027895689010620117,nan,0.0,0.052840256690979005,0.14429999887943268,28.44987737426758,-0.14429999887943268,nan,0.0,nan,0.0,nan,0.0,0.3281799852848053,1.8513835285568236,nan,0.0,nan,0.0,60000,1,False,,,6,-28.44987737426758,d9b9a1470b6a40a59c5853d2a5f24231,2019-05-30_14-44-22,1559252662,8.657160758972168,57.116475105285645,32696,steropes,169.229.49.254,"{'starting_lr': 0.01, 'momentum': 0.997, 'weight_decay': 0.005, 'steps_per_iteration': None, 'pin': False, 'model_creator': None, 'target_batch_size': 1024, 'model_string': 'resnet18', 'min_batch_size': 512, 'dataset': 'CIFAR', 'placement': None, 'use_nccl': True, 'devices_per_worker': 1, 'primary_resource': 'extra_gpu', 'gpu': False, 'verbose': False, 'lr_config': {'mode': 'log', 'steps': 5, 'initial_lr': 0.01, 'target_lr': 0.01}, 'batch_per_device': 1024}",57.116475105285645,0,6,6819.12109016349,1,57.116475105285645
0.007378625869750977,0.13252530097961426,0.006349897384643555,0.044928599377067724,0.025486254692077638,nan,0.0,0.05277118682861328,0.32019999623298645,3.9185885543823242,-0.32019999623298645,nan,0.0,nan,0.0,nan,0.0,0.41675999760627747,1.5810130196762084,nan,0.0,nan,0.0,60000,1,False,,,7,-3.9185885543823242,d9b9a1470b6a40a59c5853d2a5f24231,2019-05-30_14-44-30,1559252670,8.566689252853394,65.68316435813904,32696,steropes,169.229.49.254,"{'starting_lr': 0.01, 'momentum': 0.997, 'weight_decay': 0.005, 'steps_per_iteration': None, 'pin': False, 'model_creator': None, 'target_batch_size': 1024, 'model_string': 'resnet18', 'min_batch_size': 512, 'dataset': 'CIFAR', 'placement': None, 'use_nccl': True, 'devices_per_worker': 1, 'primary_resource': 'extra_gpu', 'gpu': False, 'verbose': False, 'lr_config': {'mode': 'log', 'steps': 5, 'initial_lr': 0.01, 'target_lr': 0.01}, 'batch_per_device': 1024}",65.68316435813904,0,7,6877.543285659723,1,65.68316435813904
0.007765030860900879,0.13446855545043945,0.004701471328735352,0.03953705028611786,0.02858855724334717,nan,0.0,0.05309183597564697,0.43629997968673706,1.8018370138168336,-0.43629997968673706,nan,0.0,nan,0.0,nan,0.0,0.46125999093055725,1.4583186357498168,nan,0.0,nan,0.0,60000,1,False,,,8,-1.8018370138168336,d9b9a1470b6a40a59c5853d2a5f24231,2019-05-30_14-44-38,1559252678,8.144737482070923,73.82790184020996,32696,steropes,169.229.49.254,"{'starting_lr': 0.01, 'momentum': 0.997, 'weight_decay': 0.005, 'steps_per_iteration': None, 'pin': False, 'model_creator': None, 'target_batch_size': 1024, 'model_string': 'resnet18', 'min_batch_size': 512, 'dataset': 'CIFAR', 'placement': None, 'use_nccl': True, 'devices_per_worker': 1, 'primary_resource': 'extra_gpu', 'gpu': False, 'verbose': False, 'lr_config': {'mode': 'log', 'steps': 5, 'initial_lr': 0.01, 'target_lr': 0.01}, 'batch_per_device': 1024}",73.82790184020996,0,8,6971.79846520072,1,73.82790184020996
0.009660434722900391,0.12401833534240722,0.005183672904968262,0.044443038045143594,0.02673230171203613,nan,0.0,0.0484929084777832,0.45909997820854187,1.574044108390808,-0.45909997820854187,nan,0.0,nan,0.0,nan,0.0,0.49327999353408813,1.3896870853805543,nan,0.0,nan,0.0,60000,1,False,,,9,-1.574044108390808,d9b9a1470b6a40a59c5853d2a5f24231,2019-05-30_14-44-47,1559252687,8.3355233669281,82.16342520713806,32696,steropes,169.229.49.254,"{'starting_lr': 0.01, 'momentum': 0.997, 'weight_decay': 0.005, 'steps_per_iteration': None, 'pin': False, 'model_creator': None, 'target_batch_size': 1024, 'model_string': 'resnet18', 'min_batch_size': 512, 'dataset': 'CIFAR', 'placement': None, 'use_nccl': True, 'devices_per_worker': 1, 'primary_resource': 'extra_gpu', 'gpu': False, 'verbose': False, 'lr_config': {'mode': 'log', 'steps': 5, 'initial_lr': 0.01, 'target_lr': 0.01}, 'batch_per_device': 1024}",82.16342520713806,0,9,7052.002004681356,1,82.16342520713806
0.007957267761230468,0.14317698478698732,0.00594944953918457,0.041394296957522024,0.023863697052001955,nan,0.0,0.06228747367858887,0.42249998450279236,1.841704697227478,-0.42249998450279236,nan,0.0,nan,0.0,nan,0.0,0.5085999965667725,1.7149575077056884,nan,0.0,nan,0.0,60000,1,False,,,10,-1.841704697227478,d9b9a1470b6a40a59c5853d2a5f24231,2019-05-30_14-44-55,1559252695,8.427495002746582,90.59092020988464,32696,steropes,169.229.49.254,"{'starting_lr': 0.01, 'momentum': 0.997, 'weight_decay': 0.005, 'steps_per_iteration': None, 'pin': False, 'model_creator': None, 'target_batch_size': 1024, 'model_string': 'resnet18', 'min_batch_size': 512, 'dataset': 'CIFAR', 'placement': None, 'use_nccl': True, 'devices_per_worker': 1, 'primary_resource': 'extra_gpu', 'gpu': False, 'verbose': False, 'lr_config': {'mode': 'log', 'steps': 5, 'initial_lr': 0.01, 'target_lr': 0.01}, 'batch_per_device': 1024}",90.59092020988464,0,10,7120.443768308476,1,90.59092020988464
0.008652830123901367,0.13824732303619386,0.0051537036895751955,0.05049090969319246,0.03201251029968262,nan,0.0,0.04990596771240234,0.48749998211860657,1.4835060878753663,-0.48749998211860657,nan,0.0,nan,0.0,nan,0.0,0.49211999773979187,1.433438225326538,nan,0.0,nan,0.0,60000,1,False,,,11,-1.4835060878753663,d9b9a1470b6a40a59c5853d2a5f24231,2019-05-30_14-45-04,1559252704,8.97667384147644,99.56759405136108,32696,steropes,169.229.49.254,"{'starting_lr': 0.01, 'momentum': 0.997, 'weight_decay': 0.005, 'steps_per_iteration': None, 'pin': False, 'model_creator': None, 'target_batch_size': 1024, 'model_string': 'resnet18', 'min_batch_size': 512, 'dataset': 'CIFAR', 'placement': None, 'use_nccl': True, 'devices_per_worker': 1, 'primary_resource': 'extra_gpu', 'gpu': False, 'verbose': False, 'lr_config': {'mode': 'log', 'steps': 5, 'initial_lr': 0.01, 'target_lr': 0.01}, 'batch_per_device': 1024}",99.56759405136108,0,11,7066.852584092778,1,99.56759405136108
