{"apply": 0.008211350440979004, "batch_time": 0.1996131420135498, "d2h": 0.007704544067382813, "data_time": 0.045172268030594806, "fwd": 0.09009265899658203, "get_state_time_mean": NaN, "get_state_time_total": 0.0, "grad": 0.15980138778686523, "mean_accuracy": 0.3109000027179718, "mean_loss": 2.0407427143096926, "neg_mean_accuracy": -0.3109000027179718, "set_state_time_mean": NaN, "set_state_time_total": 0.0, "setup_model_time_mean": 8.99952220916748, "setup_model_time_total": 8.99952220916748, "setup_proc_time_mean": 0.24175047874450684, "setup_proc_time_total": 0.24175047874450684, "train_accuracy": 0.2825399935245514, "train_loss": 2.324793264427185, "training_time_mean": NaN, "training_time_total": 0.0, "validation_time_mean": NaN, "validation_time_total": 0.0, "samples": 60000, "num_workers": 1, "done": false, "timesteps_total": null, "episodes_total": null, "training_iteration": 1, "neg_mean_loss": -2.0407427143096926, "experiment_id": "d9b9a1470b6a40a59c5853d2a5f24231", "date": "2019-05-30_14-43-37", "timestamp": 1559252617, "time_this_iter_s": 13.122949123382568, "time_total_s": 13.122949123382568, "pid": 32696, "hostname": "steropes", "node_ip": "169.229.49.254", "config": {"starting_lr": 0.01, "momentum": 0.997, "weight_decay": 0.005, "steps_per_iteration": null, "pin": false, "model_creator": null, "target_batch_size": 1024, "model_string": "resnet18", "min_batch_size": 512, "dataset": "CIFAR", "placement": null, "use_nccl": true, "devices_per_worker": 1, "primary_resource": "extra_gpu", "gpu": false, "verbose": false, "lr_config": {"mode": "log", "steps": 5, "initial_lr": 0.01, "target_lr": 0.01}, "batch_per_device": 1024}, "time_since_restore": 13.122949123382568, "timesteps_since_restore": 0, "iterations_since_restore": 1, "mean_throughput": 4572.111852086515, "atoms": 1, "resource_time": 13.122949123382568}
{"apply": 0.007448029518127441, "batch_time": 0.1407710075378418, "d2h": 0.006863999366760254, "data_time": 0.03795504570007324, "fwd": 0.023836159706115724, "get_state_time_mean": NaN, "get_state_time_total": 0.0, "grad": 0.05370407104492188, "mean_accuracy": 0.42239999771118164, "mean_loss": 1.5668008041381836, "neg_mean_accuracy": -0.42239999771118164, "set_state_time_mean": NaN, "set_state_time_total": 0.0, "setup_model_time_mean": NaN, "setup_model_time_total": 0.0, "setup_proc_time_mean": NaN, "setup_proc_time_total": 0.0, "train_accuracy": 0.3989199995994568, "train_loss": 1.6429685715103148, "training_time_mean": NaN, "training_time_total": 0.0, "validation_time_mean": NaN, "validation_time_total": 0.0, "samples": 60000, "num_workers": 1, "done": false, "timesteps_total": null, "episodes_total": null, "training_iteration": 2, "neg_mean_loss": -1.5668008041381836, "experiment_id": "d9b9a1470b6a40a59c5853d2a5f24231", "date": "2019-05-30_14-43-46", "timestamp": 1559252626, "time_this_iter_s": 8.94056487083435, "time_total_s": 22.06351399421692, "pid": 32696, "hostname": "steropes", "node_ip": "169.229.49.254", "config": {"starting_lr": 0.01, "momentum": 0.997, "weight_decay": 0.005, "steps_per_iteration": null, "pin": false, "model_creator": null, "target_batch_size": 1024, "model_string": "resnet18", "min_batch_size": 512, "dataset": "CIFAR", "placement": null, "use_nccl": true, "devices_per_worker": 1, "primary_resource": "extra_gpu", "gpu": false, "verbose": false, "lr_config": {"mode": "log", "steps": 5, "initial_lr": 0.01, "target_lr": 0.01}, "batch_per_device": 1024}, "time_since_restore": 22.06351399421692, "timesteps_since_restore": 0, "iterations_since_restore": 2, "mean_throughput": 5438.79890701119, "atoms": 1, "resource_time": 22.06351399421692}
{"apply": 0.008094549179077148, "batch_time": 0.14833483695983887, "d2h": 0.006009054183959961, "data_time": 0.04453954404714156, "fwd": 0.02505917549133301, "get_state_time_mean": NaN, "get_state_time_total": 0.0, "grad": 0.054934215545654294, "mean_accuracy": 0.4124999940395355, "mean_loss": 1.6051427894592285, "neg_mean_accuracy": -0.4124999940395355, "set_state_time_mean": NaN, "set_state_time_total": 0.0, "setup_model_time_mean": NaN, "setup_model_time_total": 0.0, "setup_proc_time_mean": NaN, "setup_proc_time_total": 0.0, "train_accuracy": 0.4402199983596802, "train_loss": 1.5316623858642577, "training_time_mean": NaN, "training_time_total": 0.0, "validation_time_mean": NaN, "validation_time_total": 0.0, "samples": 60000, "num_workers": 1, "done": false, "timesteps_total": null, "episodes_total": null, "training_iteration": 3, "neg_mean_loss": -1.6051427894592285, "experiment_id": "d9b9a1470b6a40a59c5853d2a5f24231", "date": "2019-05-30_14-43-55", "timestamp": 1559252635, "time_this_iter_s": 8.73448657989502, "time_total_s": 30.79800057411194, "pid": 32696, "hostname": "steropes", "node_ip": "169.229.49.254", "config": {"starting_lr": 0.01, "momentum": 0.997, "weight_decay": 0.005, "steps_per_iteration": null, "pin": false, "model_creator": null, "target_batch_size": 1024, "model_string": "resnet18", "min_batch_size": 512, "dataset": "CIFAR", "placement": null, "use_nccl": true, "devices_per_worker": 1, "primary_resource": "extra_gpu", "gpu": false, "verbose": false, "lr_config": {"mode": "log", "steps": 5, "initial_lr": 0.01, "target_lr": 0.01}, "batch_per_device": 1024}, "time_since_restore": 30.79800057411194, "timesteps_since_restore": 0, "iterations_since_restore": 3, "mean_throughput": 5844.485617493368, "atoms": 1, "resource_time": 30.79800057411194}
{"apply": 0.007719707489013672, "batch_time": 0.15485427379608155, "d2h": 0.005497264862060547, "data_time": 0.031193256378173828, "fwd": 0.022198200225830078, "get_state_time_mean": NaN, "get_state_time_total": 0.0, "grad": 0.04440507888793945, "mean_accuracy": 0.29510000348091125, "mean_loss": 1.8685902736663818, "neg_mean_accuracy": -0.29510000348091125, "set_state_time_mean": NaN, "set_state_time_total": 0.0, "setup_model_time_mean": NaN, "setup_model_time_total": 0.0, "setup_proc_time_mean": NaN, "setup_proc_time_total": 0.0, "train_accuracy": 0.46995997428894043, "train_loss": 1.4385186116027833, "training_time_mean": NaN, "training_time_total": 0.0, "validation_time_mean": NaN, "validation_time_total": 0.0, "samples": 60000, "num_workers": 1, "done": false, "timesteps_total": null, "episodes_total": null, "training_iteration": 4, "neg_mean_loss": -1.8685902736663818, "experiment_id": "d9b9a1470b6a40a59c5853d2a5f24231", "date": "2019-05-30_14-44-04", "timestamp": 1559252644, "time_this_iter_s": 8.824916362762451, "time_total_s": 39.62291693687439, "pid": 32696, "hostname": "steropes", "node_ip": "169.229.49.254", "config": {"starting_lr": 0.01, "momentum": 0.997, "weight_decay": 0.005, "steps_per_iteration": null, "pin": false, "model_creator": null, "target_batch_size": 1024, "model_string": "resnet18", "min_batch_size": 512, "dataset": "CIFAR", "placement": null, "use_nccl": true, "devices_per_worker": 1, "primary_resource": "extra_gpu", "gpu": false, "verbose": false, "lr_config": {"mode": "log", "steps": 5, "initial_lr": 0.01, "target_lr": 0.01}, "batch_per_device": 1024}, "time_since_restore": 39.62291693687439, "timesteps_since_restore": 0, "iterations_since_restore": 4, "mean_throughput": 6057.0487071678135, "atoms": 1, "resource_time": 39.62291693687439}
{"apply": 0.00855581760406494, "batch_time": 0.14085714817047118, "d2h": 0.006127166748046875, "data_time": 0.036190290840304624, "fwd": 0.02439417839050293, "get_state_time_mean": NaN, "get_state_time_total": 0.0, "grad": 0.0629913330078125, "mean_accuracy": 0.1665000021457672, "mean_loss": 2.3325077545166018, "neg_mean_accuracy": -0.1665000021457672, "set_state_time_mean": NaN, "set_state_time_total": 0.0, "setup_model_time_mean": NaN, "setup_model_time_total": 0.0, "setup_proc_time_mean": NaN, "setup_proc_time_total": 0.0, "train_accuracy": 0.4914200007915497, "train_loss": 1.424285802268982, "training_time_mean": NaN, "training_time_total": 0.0, "validation_time_mean": NaN, "validation_time_total": 0.0, "samples": 60000, "num_workers": 1, "done": false, "timesteps_total": null, "episodes_total": null, "training_iteration": 5, "neg_mean_loss": -2.3325077545166018, "experiment_id": "d9b9a1470b6a40a59c5853d2a5f24231", "date": "2019-05-30_14-44-13", "timestamp": 1559252653, "time_this_iter_s": 8.836397409439087, "time_total_s": 48.45931434631348, "pid": 32696, "hostname": "steropes", "node_ip": "169.229.49.254", "config": {"starting_lr": 0.01, "momentum": 0.997, "weight_decay": 0.005, "steps_per_iteration": null, "pin": false, "model_creator": null, "target_batch_size": 1024, "model_string": "resnet18", "min_batch_size": 512, "dataset": "CIFAR", "placement": null, "use_nccl": true, "devices_per_worker": 1, "primary_resource": "extra_gpu", "gpu": false, "verbose": false, "lr_config": {"mode": "log", "steps": 5, "initial_lr": 0.01, "target_lr": 0.01}, "batch_per_device": 1024}, "time_since_restore": 48.45931434631348, "timesteps_since_restore": 0, "iterations_since_restore": 5, "mean_throughput": 6190.706462011162, "atoms": 1, "resource_time": 48.45931434631348}
{"apply": 0.011098456382751466, "batch_time": 0.14944193363189698, "d2h": 0.012278604507446288, "data_time": 0.035441121276544064, "fwd": 0.027895689010620117, "get_state_time_mean": NaN, "get_state_time_total": 0.0, "grad": 0.052840256690979005, "mean_accuracy": 0.14429999887943268, "mean_loss": 28.44987737426758, "neg_mean_accuracy": -0.14429999887943268, "set_state_time_mean": NaN, "set_state_time_total": 0.0, "setup_model_time_mean": NaN, "setup_model_time_total": 0.0, "setup_proc_time_mean": NaN, "setup_proc_time_total": 0.0, "train_accuracy": 0.3281799852848053, "train_loss": 1.8513835285568236, "training_time_mean": NaN, "training_time_total": 0.0, "validation_time_mean": NaN, "validation_time_total": 0.0, "samples": 60000, "num_workers": 1, "done": false, "timesteps_total": null, "episodes_total": null, "training_iteration": 6, "neg_mean_loss": -28.44987737426758, "experiment_id": "d9b9a1470b6a40a59c5853d2a5f24231", "date": "2019-05-30_14-44-22", "timestamp": 1559252662, "time_this_iter_s": 8.657160758972168, "time_total_s": 57.116475105285645, "pid": 32696, "hostname": "steropes", "node_ip": "169.229.49.254", "config": {"starting_lr": 0.01, "momentum": 0.997, "weight_decay": 0.005, "steps_per_iteration": null, "pin": false, "model_creator": null, "target_batch_size": 1024, "model_string": "resnet18", "min_batch_size": 512, "dataset": "CIFAR", "placement": null, "use_nccl": true, "devices_per_worker": 1, "primary_resource": "extra_gpu", "gpu": false, "verbose": false, "lr_config": {"mode": "log", "steps": 5, "initial_lr": 0.01, "target_lr": 0.01}, "batch_per_device": 1024}, "time_since_restore": 57.116475105285645, "timesteps_since_restore": 0, "iterations_since_restore": 6, "mean_throughput": 6819.12109016349, "atoms": 1, "resource_time": 57.116475105285645}
{"apply": 0.007378625869750977, "batch_time": 0.13252530097961426, "d2h": 0.006349897384643555, "data_time": 0.044928599377067724, "fwd": 0.025486254692077638, "get_state_time_mean": NaN, "get_state_time_total": 0.0, "grad": 0.05277118682861328, "mean_accuracy": 0.32019999623298645, "mean_loss": 3.9185885543823242, "neg_mean_accuracy": -0.32019999623298645, "set_state_time_mean": NaN, "set_state_time_total": 0.0, "setup_model_time_mean": NaN, "setup_model_time_total": 0.0, "setup_proc_time_mean": NaN, "setup_proc_time_total": 0.0, "train_accuracy": 0.41675999760627747, "train_loss": 1.5810130196762084, "training_time_mean": NaN, "training_time_total": 0.0, "validation_time_mean": NaN, "validation_time_total": 0.0, "samples": 60000, "num_workers": 1, "done": false, "timesteps_total": null, "episodes_total": null, "training_iteration": 7, "neg_mean_loss": -3.9185885543823242, "experiment_id": "d9b9a1470b6a40a59c5853d2a5f24231", "date": "2019-05-30_14-44-30", "timestamp": 1559252670, "time_this_iter_s": 8.566689252853394, "time_total_s": 65.68316435813904, "pid": 32696, "hostname": "steropes", "node_ip": "169.229.49.254", "config": {"starting_lr": 0.01, "momentum": 0.997, "weight_decay": 0.005, "steps_per_iteration": null, "pin": false, "model_creator": null, "target_batch_size": 1024, "model_string": "resnet18", "min_batch_size": 512, "dataset": "CIFAR", "placement": null, "use_nccl": true, "devices_per_worker": 1, "primary_resource": "extra_gpu", "gpu": false, "verbose": false, "lr_config": {"mode": "log", "steps": 5, "initial_lr": 0.01, "target_lr": 0.01}, "batch_per_device": 1024}, "time_since_restore": 65.68316435813904, "timesteps_since_restore": 0, "iterations_since_restore": 7, "mean_throughput": 6877.543285659723, "atoms": 1, "resource_time": 65.68316435813904}
{"apply": 0.007765030860900879, "batch_time": 0.13446855545043945, "d2h": 0.004701471328735352, "data_time": 0.03953705028611786, "fwd": 0.02858855724334717, "get_state_time_mean": NaN, "get_state_time_total": 0.0, "grad": 0.05309183597564697, "mean_accuracy": 0.43629997968673706, "mean_loss": 1.8018370138168336, "neg_mean_accuracy": -0.43629997968673706, "set_state_time_mean": NaN, "set_state_time_total": 0.0, "setup_model_time_mean": NaN, "setup_model_time_total": 0.0, "setup_proc_time_mean": NaN, "setup_proc_time_total": 0.0, "train_accuracy": 0.46125999093055725, "train_loss": 1.4583186357498168, "training_time_mean": NaN, "training_time_total": 0.0, "validation_time_mean": NaN, "validation_time_total": 0.0, "samples": 60000, "num_workers": 1, "done": false, "timesteps_total": null, "episodes_total": null, "training_iteration": 8, "neg_mean_loss": -1.8018370138168336, "experiment_id": "d9b9a1470b6a40a59c5853d2a5f24231", "date": "2019-05-30_14-44-38", "timestamp": 1559252678, "time_this_iter_s": 8.144737482070923, "time_total_s": 73.82790184020996, "pid": 32696, "hostname": "steropes", "node_ip": "169.229.49.254", "config": {"starting_lr": 0.01, "momentum": 0.997, "weight_decay": 0.005, "steps_per_iteration": null, "pin": false, "model_creator": null, "target_batch_size": 1024, "model_string": "resnet18", "min_batch_size": 512, "dataset": "CIFAR", "placement": null, "use_nccl": true, "devices_per_worker": 1, "primary_resource": "extra_gpu", "gpu": false, "verbose": false, "lr_config": {"mode": "log", "steps": 5, "initial_lr": 0.01, "target_lr": 0.01}, "batch_per_device": 1024}, "time_since_restore": 73.82790184020996, "timesteps_since_restore": 0, "iterations_since_restore": 8, "mean_throughput": 6971.79846520072, "atoms": 1, "resource_time": 73.82790184020996}
{"apply": 0.009660434722900391, "batch_time": 0.12401833534240722, "d2h": 0.005183672904968262, "data_time": 0.044443038045143594, "fwd": 0.02673230171203613, "get_state_time_mean": NaN, "get_state_time_total": 0.0, "grad": 0.0484929084777832, "mean_accuracy": 0.45909997820854187, "mean_loss": 1.574044108390808, "neg_mean_accuracy": -0.45909997820854187, "set_state_time_mean": NaN, "set_state_time_total": 0.0, "setup_model_time_mean": NaN, "setup_model_time_total": 0.0, "setup_proc_time_mean": NaN, "setup_proc_time_total": 0.0, "train_accuracy": 0.49327999353408813, "train_loss": 1.3896870853805543, "training_time_mean": NaN, "training_time_total": 0.0, "validation_time_mean": NaN, "validation_time_total": 0.0, "samples": 60000, "num_workers": 1, "done": false, "timesteps_total": null, "episodes_total": null, "training_iteration": 9, "neg_mean_loss": -1.574044108390808, "experiment_id": "d9b9a1470b6a40a59c5853d2a5f24231", "date": "2019-05-30_14-44-47", "timestamp": 1559252687, "time_this_iter_s": 8.3355233669281, "time_total_s": 82.16342520713806, "pid": 32696, "hostname": "steropes", "node_ip": "169.229.49.254", "config": {"starting_lr": 0.01, "momentum": 0.997, "weight_decay": 0.005, "steps_per_iteration": null, "pin": false, "model_creator": null, "target_batch_size": 1024, "model_string": "resnet18", "min_batch_size": 512, "dataset": "CIFAR", "placement": null, "use_nccl": true, "devices_per_worker": 1, "primary_resource": "extra_gpu", "gpu": false, "verbose": false, "lr_config": {"mode": "log", "steps": 5, "initial_lr": 0.01, "target_lr": 0.01}, "batch_per_device": 1024}, "time_since_restore": 82.16342520713806, "timesteps_since_restore": 0, "iterations_since_restore": 9, "mean_throughput": 7052.002004681356, "atoms": 1, "resource_time": 82.16342520713806}
{"apply": 0.007957267761230468, "batch_time": 0.14317698478698732, "d2h": 0.00594944953918457, "data_time": 0.041394296957522024, "fwd": 0.023863697052001955, "get_state_time_mean": NaN, "get_state_time_total": 0.0, "grad": 0.06228747367858887, "mean_accuracy": 0.42249998450279236, "mean_loss": 1.841704697227478, "neg_mean_accuracy": -0.42249998450279236, "set_state_time_mean": NaN, "set_state_time_total": 0.0, "setup_model_time_mean": NaN, "setup_model_time_total": 0.0, "setup_proc_time_mean": NaN, "setup_proc_time_total": 0.0, "train_accuracy": 0.5085999965667725, "train_loss": 1.7149575077056884, "training_time_mean": NaN, "training_time_total": 0.0, "validation_time_mean": NaN, "validation_time_total": 0.0, "samples": 60000, "num_workers": 1, "done": false, "timesteps_total": null, "episodes_total": null, "training_iteration": 10, "neg_mean_loss": -1.841704697227478, "experiment_id": "d9b9a1470b6a40a59c5853d2a5f24231", "date": "2019-05-30_14-44-55", "timestamp": 1559252695, "time_this_iter_s": 8.427495002746582, "time_total_s": 90.59092020988464, "pid": 32696, "hostname": "steropes", "node_ip": "169.229.49.254", "config": {"starting_lr": 0.01, "momentum": 0.997, "weight_decay": 0.005, "steps_per_iteration": null, "pin": false, "model_creator": null, "target_batch_size": 1024, "model_string": "resnet18", "min_batch_size": 512, "dataset": "CIFAR", "placement": null, "use_nccl": true, "devices_per_worker": 1, "primary_resource": "extra_gpu", "gpu": false, "verbose": false, "lr_config": {"mode": "log", "steps": 5, "initial_lr": 0.01, "target_lr": 0.01}, "batch_per_device": 1024}, "time_since_restore": 90.59092020988464, "timesteps_since_restore": 0, "iterations_since_restore": 10, "mean_throughput": 7120.443768308476, "atoms": 1, "resource_time": 90.59092020988464}
{"apply": 0.008652830123901367, "batch_time": 0.13824732303619386, "d2h": 0.0051537036895751955, "data_time": 0.05049090969319246, "fwd": 0.03201251029968262, "get_state_time_mean": NaN, "get_state_time_total": 0.0, "grad": 0.04990596771240234, "mean_accuracy": 0.48749998211860657, "mean_loss": 1.4835060878753663, "neg_mean_accuracy": -0.48749998211860657, "set_state_time_mean": NaN, "set_state_time_total": 0.0, "setup_model_time_mean": NaN, "setup_model_time_total": 0.0, "setup_proc_time_mean": NaN, "setup_proc_time_total": 0.0, "train_accuracy": 0.49211999773979187, "train_loss": 1.433438225326538, "training_time_mean": NaN, "training_time_total": 0.0, "validation_time_mean": NaN, "validation_time_total": 0.0, "samples": 60000, "num_workers": 1, "done": false, "timesteps_total": null, "episodes_total": null, "training_iteration": 11, "neg_mean_loss": -1.4835060878753663, "experiment_id": "d9b9a1470b6a40a59c5853d2a5f24231", "date": "2019-05-30_14-45-04", "timestamp": 1559252704, "time_this_iter_s": 8.97667384147644, "time_total_s": 99.56759405136108, "pid": 32696, "hostname": "steropes", "node_ip": "169.229.49.254", "config": {"starting_lr": 0.01, "momentum": 0.997, "weight_decay": 0.005, "steps_per_iteration": null, "pin": false, "model_creator": null, "target_batch_size": 1024, "model_string": "resnet18", "min_batch_size": 512, "dataset": "CIFAR", "placement": null, "use_nccl": true, "devices_per_worker": 1, "primary_resource": "extra_gpu", "gpu": false, "verbose": false, "lr_config": {"mode": "log", "steps": 5, "initial_lr": 0.01, "target_lr": 0.01}, "batch_per_device": 1024}, "time_since_restore": 99.56759405136108, "timesteps_since_restore": 0, "iterations_since_restore": 11, "mean_throughput": 7066.852584092778, "atoms": 1, "resource_time": 99.56759405136108}
