apply,batch_time,d2h,data_time,fwd,get_state_time_mean,get_state_time_total,grad,mean_accuracy,mean_loss,neg_mean_accuracy,set_state_time_mean,set_state_time_total,setup_model_time_mean,setup_model_time_total,setup_proc_time_mean,setup_proc_time_total,train_accuracy,train_loss,training_time_mean,training_time_total,validation_time_mean,validation_time_total,samples,num_workers,done,timesteps_total,episodes_total,training_iteration,neg_mean_loss,experiment_id,date,timestamp,time_this_iter_s,time_total_s,pid,hostname,node_ip,config,time_since_restore,timesteps_since_restore,iterations_since_restore,mean_throughput,atoms
0.007747292518615723,0.17798831462860107,0.005538749694824219,0.03353763113216478,0.07698402404785157,nan,0.0,0.17245659828186036,0.260699987411499,2.0528890922546386,-0.260699987411499,nan,0.0,9.564106702804565,9.564106702804565,1.7050018310546875,1.7050018310546875,0.15017999708652496,4.229537575988769,nan,0.0,nan,0.0,60000,1,False,,,1,-2.0528890922546386,e3a2ff98e14946469067b9efa9ae4aed,2019-05-30_15-16-56,1559254616,11.347872018814087,11.347872018814087,12517,steropes,169.229.49.254,"{'starting_lr': 0.0005, 'momentum': 0.95, 'weight_decay': 0.0005, 'steps_per_iteration': None, 'pin': False, 'model_creator': None, 'target_batch_size': 1024, 'model_string': 'resnet18', 'min_batch_size': 512, 'dataset': 'CIFAR', 'placement': None, 'use_nccl': True, 'devices_per_worker': 1, 'primary_resource': 'extra_gpu', 'gpu': False, 'verbose': False, 'lr_config': {'mode': 'log', 'steps': 5, 'initial_lr': 0.0005, 'target_lr': 0.0005}, 'batch_per_device': 1024}",11.347872018814087,0,1,5287.297040307319,1
0.010458874702453613,0.1280527353286743,0.013172268867492676,0.03822042504135443,0.03168842792510986,nan,0.0,0.06101224422454834,0.3418000042438507,1.7752801277160644,-0.3418000042438507,nan,0.0,nan,0.0,nan,0.0,0.2999599874019623,1.908243067970276,nan,0.0,nan,0.0,60000,1,False,,,2,-1.7752801277160644,e3a2ff98e14946469067b9efa9ae4aed,2019-05-30_15-17-04,1559254624,8.172495603561401,19.52036762237549,12517,steropes,169.229.49.254,"{'starting_lr': 0.0005, 'momentum': 0.95, 'weight_decay': 0.0005, 'steps_per_iteration': None, 'pin': False, 'model_creator': None, 'target_batch_size': 1024, 'model_string': 'resnet18', 'min_batch_size': 512, 'dataset': 'CIFAR', 'placement': None, 'use_nccl': True, 'devices_per_worker': 1, 'primary_resource': 'extra_gpu', 'gpu': False, 'verbose': False, 'lr_config': {'mode': 'log', 'steps': 5, 'initial_lr': 0.0005, 'target_lr': 0.0005}, 'batch_per_device': 1024}",19.52036762237549,0,2,6147.377230374182,1
0.0076590776443481445,0.15089080333709717,0.005148482322692871,0.03422683112475337,0.02753713130950928,nan,0.0,0.055674505233764646,0.3790999948978424,1.6757846710205078,-0.3790999948978424,nan,0.0,nan,0.0,nan,0.0,0.34501999616622925,1.7611611233139037,nan,0.0,nan,0.0,60000,1,False,,,3,-1.6757846710205078,e3a2ff98e14946469067b9efa9ae4aed,2019-05-30_15-17-12,1559254632,8.333800554275513,27.854168176651,12517,steropes,169.229.49.254,"{'starting_lr': 0.0005, 'momentum': 0.95, 'weight_decay': 0.0005, 'steps_per_iteration': None, 'pin': False, 'model_creator': None, 'target_batch_size': 1024, 'model_string': 'resnet18', 'min_batch_size': 512, 'dataset': 'CIFAR', 'placement': None, 'use_nccl': True, 'devices_per_worker': 1, 'primary_resource': 'extra_gpu', 'gpu': False, 'verbose': False, 'lr_config': {'mode': 'log', 'steps': 5, 'initial_lr': 0.0005, 'target_lr': 0.0005}, 'batch_per_device': 1024}",27.854168176651,0,3,6462.161259603853,1
0.008130669593811035,0.14494869709014893,0.008295774459838867,0.04744434356689453,0.03405075073242188,nan,0.0,0.06379923820495606,0.4104999899864197,1.6050873500823974,-0.4104999899864197,nan,0.0,nan,0.0,nan,0.0,0.37887999415397644,1.6795359690856935,nan,0.0,nan,0.0,60000,1,False,,,4,-1.6050873500823974,e3a2ff98e14946469067b9efa9ae4aed,2019-05-30_15-17-21,1559254641,9.095978736877441,36.95014691352844,12517,steropes,169.229.49.254,"{'starting_lr': 0.0005, 'momentum': 0.95, 'weight_decay': 0.0005, 'steps_per_iteration': None, 'pin': False, 'model_creator': None, 'target_batch_size': 1024, 'model_string': 'resnet18', 'min_batch_size': 512, 'dataset': 'CIFAR', 'placement': None, 'use_nccl': True, 'devices_per_worker': 1, 'primary_resource': 'extra_gpu', 'gpu': False, 'verbose': False, 'lr_config': {'mode': 'log', 'steps': 5, 'initial_lr': 0.0005, 'target_lr': 0.0005}, 'batch_per_device': 1024}",36.95014691352844,0,4,6495.173671650298,1
0.007123589515686035,0.13554222583770753,0.005096077919006348,0.03943988741660605,0.0364882230758667,nan,0.0,0.05955460071563721,0.43209999799728394,1.537749496269226,-0.43209999799728394,nan,0.0,nan,0.0,nan,0.0,0.399619996547699,1.6142034731674195,nan,0.0,nan,0.0,60000,1,False,,,5,-1.537749496269226,e3a2ff98e14946469067b9efa9ae4aed,2019-05-30_15-17-30,1559254650,8.622793436050415,45.57294034957886,12517,steropes,169.229.49.254,"{'starting_lr': 0.0005, 'momentum': 0.95, 'weight_decay': 0.0005, 'steps_per_iteration': None, 'pin': False, 'model_creator': None, 'target_batch_size': 1024, 'model_string': 'resnet18', 'min_batch_size': 512, 'dataset': 'CIFAR', 'placement': None, 'use_nccl': True, 'devices_per_worker': 1, 'primary_resource': 'extra_gpu', 'gpu': False, 'verbose': False, 'lr_config': {'mode': 'log', 'steps': 5, 'initial_lr': 0.0005, 'target_lr': 0.0005}, 'batch_per_device': 1024}",45.57294034957886,0,5,6582.788047919119,1
0.008397507667541503,0.1376579523086548,0.005106639862060547,0.04508374175246881,0.03521265983581543,nan,0.0,0.05141944885253906,0.4514999985694885,1.487928916168213,-0.4514999985694885,nan,0.0,nan,0.0,nan,0.0,0.4230400025844574,1.5734055548477173,nan,0.0,nan,0.0,60000,1,False,,,6,-1.487928916168213,e3a2ff98e14946469067b9efa9ae4aed,2019-05-30_15-17-39,1559254659,8.857928991317749,54.430869340896606,12517,steropes,169.229.49.254,"{'starting_lr': 0.0005, 'momentum': 0.95, 'weight_decay': 0.0005, 'steps_per_iteration': None, 'pin': False, 'model_creator': None, 'target_batch_size': 1024, 'model_string': 'resnet18', 'min_batch_size': 512, 'dataset': 'CIFAR', 'placement': None, 'use_nccl': True, 'devices_per_worker': 1, 'primary_resource': 'extra_gpu', 'gpu': False, 'verbose': False, 'lr_config': {'mode': 'log', 'steps': 5, 'initial_lr': 0.0005, 'target_lr': 0.0005}, 'batch_per_device': 1024}",54.430869340896606,0,6,6963.2294531912485,1
0.007415676116943359,0.12902464866638183,0.0050704717636108395,0.04174234429184271,0.026932644844055175,nan,0.0,0.05545330047607422,0.46779999136924744,1.4493269067764283,-0.46779999136924744,nan,0.0,nan,0.0,nan,0.0,0.43705999851226807,1.5326187066268921,nan,0.0,nan,0.0,60000,1,False,,,7,-1.4493269067764283,e3a2ff98e14946469067b9efa9ae4aed,2019-05-30_15-17-48,1559254668,8.987266302108765,63.41813564300537,12517,steropes,169.229.49.254,"{'starting_lr': 0.0005, 'momentum': 0.95, 'weight_decay': 0.0005, 'steps_per_iteration': None, 'pin': False, 'model_creator': None, 'target_batch_size': 1024, 'model_string': 'resnet18', 'min_batch_size': 512, 'dataset': 'CIFAR', 'placement': None, 'use_nccl': True, 'devices_per_worker': 1, 'primary_resource': 'extra_gpu', 'gpu': False, 'verbose': False, 'lr_config': {'mode': 'log', 'steps': 5, 'initial_lr': 0.0005, 'target_lr': 0.0005}, 'batch_per_device': 1024}",63.41813564300537,0,7,6833.988362727546,1
0.009073114395141602,0.12757580280303954,0.0061787843704223635,0.037297526184393436,0.030819272994995116,nan,0.0,0.05442209243774414,0.4756999909877777,1.4328071863174439,-0.4756999909877777,nan,0.0,nan,0.0,nan,0.0,0.451339989900589,1.4996450788116455,nan,0.0,nan,0.0,60000,1,False,,,8,-1.4328071863174439,e3a2ff98e14946469067b9efa9ae4aed,2019-05-30_15-17-57,1559254677,8.893974304199219,72.31210994720459,12517,steropes,169.229.49.254,"{'starting_lr': 0.0005, 'momentum': 0.95, 'weight_decay': 0.0005, 'steps_per_iteration': None, 'pin': False, 'model_creator': None, 'target_batch_size': 1024, 'model_string': 'resnet18', 'min_batch_size': 512, 'dataset': 'CIFAR', 'placement': None, 'use_nccl': True, 'devices_per_worker': 1, 'primary_resource': 'extra_gpu', 'gpu': False, 'verbose': False, 'lr_config': {'mode': 'log', 'steps': 5, 'initial_lr': 0.0005, 'target_lr': 0.0005}, 'batch_per_device': 1024}",72.31210994720459,0,8,6747.85615844667,1
0.0072690010070800785,0.13114209175109864,0.006363129615783692,0.03900352789431202,0.02397177219390869,nan,0.0,0.0503420352935791,0.491599977016449,1.3963256101608277,-0.491599977016449,nan,0.0,nan,0.0,nan,0.0,0.4622799754142761,1.4669932890701294,nan,0.0,nan,0.0,60000,1,False,,,9,-1.3963256101608277,e3a2ff98e14946469067b9efa9ae4aed,2019-05-30_15-18-05,1559254685,8.602551221847534,80.91466116905212,12517,steropes,169.229.49.254,"{'starting_lr': 0.0005, 'momentum': 0.95, 'weight_decay': 0.0005, 'steps_per_iteration': None, 'pin': False, 'model_creator': None, 'target_batch_size': 1024, 'model_string': 'resnet18', 'min_batch_size': 512, 'dataset': 'CIFAR', 'placement': None, 'use_nccl': True, 'devices_per_worker': 1, 'primary_resource': 'extra_gpu', 'gpu': False, 'verbose': False, 'lr_config': {'mode': 'log', 'steps': 5, 'initial_lr': 0.0005, 'target_lr': 0.0005}, 'batch_per_device': 1024}",80.91466116905212,0,9,6823.588129656651,1
0.008559846878051757,0.14975764751434326,0.0056731939315795895,0.052124018571814715,0.03314337730407715,nan,0.0,0.05496184825897217,0.49300000071525574,1.3812921279907227,-0.49300000071525574,nan,0.0,nan,0.0,nan,0.0,0.47269999980926514,1.4442408782958984,nan,0.0,nan,0.0,60000,1,False,,,10,-1.3812921279907227,e3a2ff98e14946469067b9efa9ae4aed,2019-05-30_15-18-15,1559254695,9.457910776138306,90.37257194519043,12517,steropes,169.229.49.254,"{'starting_lr': 0.0005, 'momentum': 0.95, 'weight_decay': 0.0005, 'steps_per_iteration': None, 'pin': False, 'model_creator': None, 'target_batch_size': 1024, 'model_string': 'resnet18', 'min_batch_size': 512, 'dataset': 'CIFAR', 'placement': None, 'use_nccl': True, 'devices_per_worker': 1, 'primary_resource': 'extra_gpu', 'gpu': False, 'verbose': False, 'lr_config': {'mode': 'log', 'steps': 5, 'initial_lr': 0.0005, 'target_lr': 0.0005}, 'batch_per_device': 1024}",90.37257194519043,0,10,6696.3910882805785,1
0.007194876670837402,0.1361973762512207,0.006044244766235352,0.04631498881748745,0.027170324325561525,nan,0.0,0.05762898921966553,0.5059999823570251,1.3554172513961793,-0.5059999823570251,nan,0.0,nan,0.0,nan,0.0,0.48347997665405273,1.418415993461609,nan,0.0,nan,0.0,60000,1,False,,,11,-1.3554172513961793,e3a2ff98e14946469067b9efa9ae4aed,2019-05-30_15-18-24,1559254704,9.167290210723877,99.5398621559143,12517,steropes,169.229.49.254,"{'starting_lr': 0.0005, 'momentum': 0.95, 'weight_decay': 0.0005, 'steps_per_iteration': None, 'pin': False, 'model_creator': None, 'target_batch_size': 1024, 'model_string': 'resnet18', 'min_batch_size': 512, 'dataset': 'CIFAR', 'placement': None, 'use_nccl': True, 'devices_per_worker': 1, 'primary_resource': 'extra_gpu', 'gpu': False, 'verbose': False, 'lr_config': {'mode': 'log', 'steps': 5, 'initial_lr': 0.0005, 'target_lr': 0.0005}, 'batch_per_device': 1024}",99.5398621559143,0,11,6650.468085658755,1
0.007553815841674805,0.13239576816558837,0.0062244653701782225,0.041304627243353396,0.02743992805480957,nan,0.0,0.05375232696533203,0.5151999592781067,1.3331378149032593,-0.5151999592781067,nan,0.0,nan,0.0,nan,0.0,0.4920799732208252,1.395814316558838,nan,0.0,nan,0.0,60000,1,True,,,12,-1.3331378149032593,e3a2ff98e14946469067b9efa9ae4aed,2019-05-30_15-18-33,1559254713,8.59776782989502,108.13762998580933,12517,steropes,169.229.49.254,"{'starting_lr': 0.0005, 'momentum': 0.95, 'weight_decay': 0.0005, 'steps_per_iteration': None, 'pin': False, 'model_creator': None, 'target_batch_size': 1024, 'model_string': 'resnet18', 'min_batch_size': 512, 'dataset': 'CIFAR', 'placement': None, 'use_nccl': True, 'devices_per_worker': 1, 'primary_resource': 'extra_gpu', 'gpu': False, 'verbose': False, 'lr_config': {'mode': 'log', 'steps': 5, 'initial_lr': 0.0005, 'target_lr': 0.0005}, 'batch_per_device': 1024}",108.13762998580933,0,12,6708.391128946634,1
