{"apply": 0.007747292518615723, "batch_time": 0.17798831462860107, "d2h": 0.005538749694824219, "data_time": 0.03353763113216478, "fwd": 0.07698402404785157, "get_state_time_mean": NaN, "get_state_time_total": 0.0, "grad": 0.17245659828186036, "mean_accuracy": 0.260699987411499, "mean_loss": 2.0528890922546386, "neg_mean_accuracy": -0.260699987411499, "set_state_time_mean": NaN, "set_state_time_total": 0.0, "setup_model_time_mean": 9.564106702804565, "setup_model_time_total": 9.564106702804565, "setup_proc_time_mean": 1.7050018310546875, "setup_proc_time_total": 1.7050018310546875, "train_accuracy": 0.15017999708652496, "train_loss": 4.229537575988769, "training_time_mean": NaN, "training_time_total": 0.0, "validation_time_mean": NaN, "validation_time_total": 0.0, "samples": 60000, "num_workers": 1, "done": false, "timesteps_total": null, "episodes_total": null, "training_iteration": 1, "neg_mean_loss": -2.0528890922546386, "experiment_id": "e3a2ff98e14946469067b9efa9ae4aed", "date": "2019-05-30_15-16-56", "timestamp": 1559254616, "time_this_iter_s": 11.347872018814087, "time_total_s": 11.347872018814087, "pid": 12517, "hostname": "steropes", "node_ip": "169.229.49.254", "config": {"starting_lr": 0.0005, "momentum": 0.95, "weight_decay": 0.0005, "steps_per_iteration": null, "pin": false, "model_creator": null, "target_batch_size": 1024, "model_string": "resnet18", "min_batch_size": 512, "dataset": "CIFAR", "placement": null, "use_nccl": true, "devices_per_worker": 1, "primary_resource": "extra_gpu", "gpu": false, "verbose": false, "lr_config": {"mode": "log", "steps": 5, "initial_lr": 0.0005, "target_lr": 0.0005}, "batch_per_device": 1024}, "time_since_restore": 11.347872018814087, "timesteps_since_restore": 0, "iterations_since_restore": 1, "mean_throughput": 5287.297040307319, "atoms": 1}
{"apply": 0.010458874702453613, "batch_time": 0.1280527353286743, "d2h": 0.013172268867492676, "data_time": 0.03822042504135443, "fwd": 0.03168842792510986, "get_state_time_mean": NaN, "get_state_time_total": 0.0, "grad": 0.06101224422454834, "mean_accuracy": 0.3418000042438507, "mean_loss": 1.7752801277160644, "neg_mean_accuracy": -0.3418000042438507, "set_state_time_mean": NaN, "set_state_time_total": 0.0, "setup_model_time_mean": NaN, "setup_model_time_total": 0.0, "setup_proc_time_mean": NaN, "setup_proc_time_total": 0.0, "train_accuracy": 0.2999599874019623, "train_loss": 1.908243067970276, "training_time_mean": NaN, "training_time_total": 0.0, "validation_time_mean": NaN, "validation_time_total": 0.0, "samples": 60000, "num_workers": 1, "done": false, "timesteps_total": null, "episodes_total": null, "training_iteration": 2, "neg_mean_loss": -1.7752801277160644, "experiment_id": "e3a2ff98e14946469067b9efa9ae4aed", "date": "2019-05-30_15-17-04", "timestamp": 1559254624, "time_this_iter_s": 8.172495603561401, "time_total_s": 19.52036762237549, "pid": 12517, "hostname": "steropes", "node_ip": "169.229.49.254", "config": {"starting_lr": 0.0005, "momentum": 0.95, "weight_decay": 0.0005, "steps_per_iteration": null, "pin": false, "model_creator": null, "target_batch_size": 1024, "model_string": "resnet18", "min_batch_size": 512, "dataset": "CIFAR", "placement": null, "use_nccl": true, "devices_per_worker": 1, "primary_resource": "extra_gpu", "gpu": false, "verbose": false, "lr_config": {"mode": "log", "steps": 5, "initial_lr": 0.0005, "target_lr": 0.0005}, "batch_per_device": 1024}, "time_since_restore": 19.52036762237549, "timesteps_since_restore": 0, "iterations_since_restore": 2, "mean_throughput": 6147.377230374182, "atoms": 1}
{"apply": 0.0076590776443481445, "batch_time": 0.15089080333709717, "d2h": 0.005148482322692871, "data_time": 0.03422683112475337, "fwd": 0.02753713130950928, "get_state_time_mean": NaN, "get_state_time_total": 0.0, "grad": 0.055674505233764646, "mean_accuracy": 0.3790999948978424, "mean_loss": 1.6757846710205078, "neg_mean_accuracy": -0.3790999948978424, "set_state_time_mean": NaN, "set_state_time_total": 0.0, "setup_model_time_mean": NaN, "setup_model_time_total": 0.0, "setup_proc_time_mean": NaN, "setup_proc_time_total": 0.0, "train_accuracy": 0.34501999616622925, "train_loss": 1.7611611233139037, "training_time_mean": NaN, "training_time_total": 0.0, "validation_time_mean": NaN, "validation_time_total": 0.0, "samples": 60000, "num_workers": 1, "done": false, "timesteps_total": null, "episodes_total": null, "training_iteration": 3, "neg_mean_loss": -1.6757846710205078, "experiment_id": "e3a2ff98e14946469067b9efa9ae4aed", "date": "2019-05-30_15-17-12", "timestamp": 1559254632, "time_this_iter_s": 8.333800554275513, "time_total_s": 27.854168176651, "pid": 12517, "hostname": "steropes", "node_ip": "169.229.49.254", "config": {"starting_lr": 0.0005, "momentum": 0.95, "weight_decay": 0.0005, "steps_per_iteration": null, "pin": false, "model_creator": null, "target_batch_size": 1024, "model_string": "resnet18", "min_batch_size": 512, "dataset": "CIFAR", "placement": null, "use_nccl": true, "devices_per_worker": 1, "primary_resource": "extra_gpu", "gpu": false, "verbose": false, "lr_config": {"mode": "log", "steps": 5, "initial_lr": 0.0005, "target_lr": 0.0005}, "batch_per_device": 1024}, "time_since_restore": 27.854168176651, "timesteps_since_restore": 0, "iterations_since_restore": 3, "mean_throughput": 6462.161259603853, "atoms": 1}
{"apply": 0.008130669593811035, "batch_time": 0.14494869709014893, "d2h": 0.008295774459838867, "data_time": 0.04744434356689453, "fwd": 0.03405075073242188, "get_state_time_mean": NaN, "get_state_time_total": 0.0, "grad": 0.06379923820495606, "mean_accuracy": 0.4104999899864197, "mean_loss": 1.6050873500823974, "neg_mean_accuracy": -0.4104999899864197, "set_state_time_mean": NaN, "set_state_time_total": 0.0, "setup_model_time_mean": NaN, "setup_model_time_total": 0.0, "setup_proc_time_mean": NaN, "setup_proc_time_total": 0.0, "train_accuracy": 0.37887999415397644, "train_loss": 1.6795359690856935, "training_time_mean": NaN, "training_time_total": 0.0, "validation_time_mean": NaN, "validation_time_total": 0.0, "samples": 60000, "num_workers": 1, "done": false, "timesteps_total": null, "episodes_total": null, "training_iteration": 4, "neg_mean_loss": -1.6050873500823974, "experiment_id": "e3a2ff98e14946469067b9efa9ae4aed", "date": "2019-05-30_15-17-21", "timestamp": 1559254641, "time_this_iter_s": 9.095978736877441, "time_total_s": 36.95014691352844, "pid": 12517, "hostname": "steropes", "node_ip": "169.229.49.254", "config": {"starting_lr": 0.0005, "momentum": 0.95, "weight_decay": 0.0005, "steps_per_iteration": null, "pin": false, "model_creator": null, "target_batch_size": 1024, "model_string": "resnet18", "min_batch_size": 512, "dataset": "CIFAR", "placement": null, "use_nccl": true, "devices_per_worker": 1, "primary_resource": "extra_gpu", "gpu": false, "verbose": false, "lr_config": {"mode": "log", "steps": 5, "initial_lr": 0.0005, "target_lr": 0.0005}, "batch_per_device": 1024}, "time_since_restore": 36.95014691352844, "timesteps_since_restore": 0, "iterations_since_restore": 4, "mean_throughput": 6495.173671650298, "atoms": 1}
{"apply": 0.007123589515686035, "batch_time": 0.13554222583770753, "d2h": 0.005096077919006348, "data_time": 0.03943988741660605, "fwd": 0.0364882230758667, "get_state_time_mean": NaN, "get_state_time_total": 0.0, "grad": 0.05955460071563721, "mean_accuracy": 0.43209999799728394, "mean_loss": 1.537749496269226, "neg_mean_accuracy": -0.43209999799728394, "set_state_time_mean": NaN, "set_state_time_total": 0.0, "setup_model_time_mean": NaN, "setup_model_time_total": 0.0, "setup_proc_time_mean": NaN, "setup_proc_time_total": 0.0, "train_accuracy": 0.399619996547699, "train_loss": 1.6142034731674195, "training_time_mean": NaN, "training_time_total": 0.0, "validation_time_mean": NaN, "validation_time_total": 0.0, "samples": 60000, "num_workers": 1, "done": false, "timesteps_total": null, "episodes_total": null, "training_iteration": 5, "neg_mean_loss": -1.537749496269226, "experiment_id": "e3a2ff98e14946469067b9efa9ae4aed", "date": "2019-05-30_15-17-30", "timestamp": 1559254650, "time_this_iter_s": 8.622793436050415, "time_total_s": 45.57294034957886, "pid": 12517, "hostname": "steropes", "node_ip": "169.229.49.254", "config": {"starting_lr": 0.0005, "momentum": 0.95, "weight_decay": 0.0005, "steps_per_iteration": null, "pin": false, "model_creator": null, "target_batch_size": 1024, "model_string": "resnet18", "min_batch_size": 512, "dataset": "CIFAR", "placement": null, "use_nccl": true, "devices_per_worker": 1, "primary_resource": "extra_gpu", "gpu": false, "verbose": false, "lr_config": {"mode": "log", "steps": 5, "initial_lr": 0.0005, "target_lr": 0.0005}, "batch_per_device": 1024}, "time_since_restore": 45.57294034957886, "timesteps_since_restore": 0, "iterations_since_restore": 5, "mean_throughput": 6582.788047919119, "atoms": 1}
{"apply": 0.008397507667541503, "batch_time": 0.1376579523086548, "d2h": 0.005106639862060547, "data_time": 0.04508374175246881, "fwd": 0.03521265983581543, "get_state_time_mean": NaN, "get_state_time_total": 0.0, "grad": 0.05141944885253906, "mean_accuracy": 0.4514999985694885, "mean_loss": 1.487928916168213, "neg_mean_accuracy": -0.4514999985694885, "set_state_time_mean": NaN, "set_state_time_total": 0.0, "setup_model_time_mean": NaN, "setup_model_time_total": 0.0, "setup_proc_time_mean": NaN, "setup_proc_time_total": 0.0, "train_accuracy": 0.4230400025844574, "train_loss": 1.5734055548477173, "training_time_mean": NaN, "training_time_total": 0.0, "validation_time_mean": NaN, "validation_time_total": 0.0, "samples": 60000, "num_workers": 1, "done": false, "timesteps_total": null, "episodes_total": null, "training_iteration": 6, "neg_mean_loss": -1.487928916168213, "experiment_id": "e3a2ff98e14946469067b9efa9ae4aed", "date": "2019-05-30_15-17-39", "timestamp": 1559254659, "time_this_iter_s": 8.857928991317749, "time_total_s": 54.430869340896606, "pid": 12517, "hostname": "steropes", "node_ip": "169.229.49.254", "config": {"starting_lr": 0.0005, "momentum": 0.95, "weight_decay": 0.0005, "steps_per_iteration": null, "pin": false, "model_creator": null, "target_batch_size": 1024, "model_string": "resnet18", "min_batch_size": 512, "dataset": "CIFAR", "placement": null, "use_nccl": true, "devices_per_worker": 1, "primary_resource": "extra_gpu", "gpu": false, "verbose": false, "lr_config": {"mode": "log", "steps": 5, "initial_lr": 0.0005, "target_lr": 0.0005}, "batch_per_device": 1024}, "time_since_restore": 54.430869340896606, "timesteps_since_restore": 0, "iterations_since_restore": 6, "mean_throughput": 6963.2294531912485, "atoms": 1}
{"apply": 0.007415676116943359, "batch_time": 0.12902464866638183, "d2h": 0.0050704717636108395, "data_time": 0.04174234429184271, "fwd": 0.026932644844055175, "get_state_time_mean": NaN, "get_state_time_total": 0.0, "grad": 0.05545330047607422, "mean_accuracy": 0.46779999136924744, "mean_loss": 1.4493269067764283, "neg_mean_accuracy": -0.46779999136924744, "set_state_time_mean": NaN, "set_state_time_total": 0.0, "setup_model_time_mean": NaN, "setup_model_time_total": 0.0, "setup_proc_time_mean": NaN, "setup_proc_time_total": 0.0, "train_accuracy": 0.43705999851226807, "train_loss": 1.5326187066268921, "training_time_mean": NaN, "training_time_total": 0.0, "validation_time_mean": NaN, "validation_time_total": 0.0, "samples": 60000, "num_workers": 1, "done": false, "timesteps_total": null, "episodes_total": null, "training_iteration": 7, "neg_mean_loss": -1.4493269067764283, "experiment_id": "e3a2ff98e14946469067b9efa9ae4aed", "date": "2019-05-30_15-17-48", "timestamp": 1559254668, "time_this_iter_s": 8.987266302108765, "time_total_s": 63.41813564300537, "pid": 12517, "hostname": "steropes", "node_ip": "169.229.49.254", "config": {"starting_lr": 0.0005, "momentum": 0.95, "weight_decay": 0.0005, "steps_per_iteration": null, "pin": false, "model_creator": null, "target_batch_size": 1024, "model_string": "resnet18", "min_batch_size": 512, "dataset": "CIFAR", "placement": null, "use_nccl": true, "devices_per_worker": 1, "primary_resource": "extra_gpu", "gpu": false, "verbose": false, "lr_config": {"mode": "log", "steps": 5, "initial_lr": 0.0005, "target_lr": 0.0005}, "batch_per_device": 1024}, "time_since_restore": 63.41813564300537, "timesteps_since_restore": 0, "iterations_since_restore": 7, "mean_throughput": 6833.988362727546, "atoms": 1}
{"apply": 0.009073114395141602, "batch_time": 0.12757580280303954, "d2h": 0.0061787843704223635, "data_time": 0.037297526184393436, "fwd": 0.030819272994995116, "get_state_time_mean": NaN, "get_state_time_total": 0.0, "grad": 0.05442209243774414, "mean_accuracy": 0.4756999909877777, "mean_loss": 1.4328071863174439, "neg_mean_accuracy": -0.4756999909877777, "set_state_time_mean": NaN, "set_state_time_total": 0.0, "setup_model_time_mean": NaN, "setup_model_time_total": 0.0, "setup_proc_time_mean": NaN, "setup_proc_time_total": 0.0, "train_accuracy": 0.451339989900589, "train_loss": 1.4996450788116455, "training_time_mean": NaN, "training_time_total": 0.0, "validation_time_mean": NaN, "validation_time_total": 0.0, "samples": 60000, "num_workers": 1, "done": false, "timesteps_total": null, "episodes_total": null, "training_iteration": 8, "neg_mean_loss": -1.4328071863174439, "experiment_id": "e3a2ff98e14946469067b9efa9ae4aed", "date": "2019-05-30_15-17-57", "timestamp": 1559254677, "time_this_iter_s": 8.893974304199219, "time_total_s": 72.31210994720459, "pid": 12517, "hostname": "steropes", "node_ip": "169.229.49.254", "config": {"starting_lr": 0.0005, "momentum": 0.95, "weight_decay": 0.0005, "steps_per_iteration": null, "pin": false, "model_creator": null, "target_batch_size": 1024, "model_string": "resnet18", "min_batch_size": 512, "dataset": "CIFAR", "placement": null, "use_nccl": true, "devices_per_worker": 1, "primary_resource": "extra_gpu", "gpu": false, "verbose": false, "lr_config": {"mode": "log", "steps": 5, "initial_lr": 0.0005, "target_lr": 0.0005}, "batch_per_device": 1024}, "time_since_restore": 72.31210994720459, "timesteps_since_restore": 0, "iterations_since_restore": 8, "mean_throughput": 6747.85615844667, "atoms": 1}
{"apply": 0.0072690010070800785, "batch_time": 0.13114209175109864, "d2h": 0.006363129615783692, "data_time": 0.03900352789431202, "fwd": 0.02397177219390869, "get_state_time_mean": NaN, "get_state_time_total": 0.0, "grad": 0.0503420352935791, "mean_accuracy": 0.491599977016449, "mean_loss": 1.3963256101608277, "neg_mean_accuracy": -0.491599977016449, "set_state_time_mean": NaN, "set_state_time_total": 0.0, "setup_model_time_mean": NaN, "setup_model_time_total": 0.0, "setup_proc_time_mean": NaN, "setup_proc_time_total": 0.0, "train_accuracy": 0.4622799754142761, "train_loss": 1.4669932890701294, "training_time_mean": NaN, "training_time_total": 0.0, "validation_time_mean": NaN, "validation_time_total": 0.0, "samples": 60000, "num_workers": 1, "done": false, "timesteps_total": null, "episodes_total": null, "training_iteration": 9, "neg_mean_loss": -1.3963256101608277, "experiment_id": "e3a2ff98e14946469067b9efa9ae4aed", "date": "2019-05-30_15-18-05", "timestamp": 1559254685, "time_this_iter_s": 8.602551221847534, "time_total_s": 80.91466116905212, "pid": 12517, "hostname": "steropes", "node_ip": "169.229.49.254", "config": {"starting_lr": 0.0005, "momentum": 0.95, "weight_decay": 0.0005, "steps_per_iteration": null, "pin": false, "model_creator": null, "target_batch_size": 1024, "model_string": "resnet18", "min_batch_size": 512, "dataset": "CIFAR", "placement": null, "use_nccl": true, "devices_per_worker": 1, "primary_resource": "extra_gpu", "gpu": false, "verbose": false, "lr_config": {"mode": "log", "steps": 5, "initial_lr": 0.0005, "target_lr": 0.0005}, "batch_per_device": 1024}, "time_since_restore": 80.91466116905212, "timesteps_since_restore": 0, "iterations_since_restore": 9, "mean_throughput": 6823.588129656651, "atoms": 1}
{"apply": 0.008559846878051757, "batch_time": 0.14975764751434326, "d2h": 0.0056731939315795895, "data_time": 0.052124018571814715, "fwd": 0.03314337730407715, "get_state_time_mean": NaN, "get_state_time_total": 0.0, "grad": 0.05496184825897217, "mean_accuracy": 0.49300000071525574, "mean_loss": 1.3812921279907227, "neg_mean_accuracy": -0.49300000071525574, "set_state_time_mean": NaN, "set_state_time_total": 0.0, "setup_model_time_mean": NaN, "setup_model_time_total": 0.0, "setup_proc_time_mean": NaN, "setup_proc_time_total": 0.0, "train_accuracy": 0.47269999980926514, "train_loss": 1.4442408782958984, "training_time_mean": NaN, "training_time_total": 0.0, "validation_time_mean": NaN, "validation_time_total": 0.0, "samples": 60000, "num_workers": 1, "done": false, "timesteps_total": null, "episodes_total": null, "training_iteration": 10, "neg_mean_loss": -1.3812921279907227, "experiment_id": "e3a2ff98e14946469067b9efa9ae4aed", "date": "2019-05-30_15-18-15", "timestamp": 1559254695, "time_this_iter_s": 9.457910776138306, "time_total_s": 90.37257194519043, "pid": 12517, "hostname": "steropes", "node_ip": "169.229.49.254", "config": {"starting_lr": 0.0005, "momentum": 0.95, "weight_decay": 0.0005, "steps_per_iteration": null, "pin": false, "model_creator": null, "target_batch_size": 1024, "model_string": "resnet18", "min_batch_size": 512, "dataset": "CIFAR", "placement": null, "use_nccl": true, "devices_per_worker": 1, "primary_resource": "extra_gpu", "gpu": false, "verbose": false, "lr_config": {"mode": "log", "steps": 5, "initial_lr": 0.0005, "target_lr": 0.0005}, "batch_per_device": 1024}, "time_since_restore": 90.37257194519043, "timesteps_since_restore": 0, "iterations_since_restore": 10, "mean_throughput": 6696.3910882805785, "atoms": 1}
{"apply": 0.007194876670837402, "batch_time": 0.1361973762512207, "d2h": 0.006044244766235352, "data_time": 0.04631498881748745, "fwd": 0.027170324325561525, "get_state_time_mean": NaN, "get_state_time_total": 0.0, "grad": 0.05762898921966553, "mean_accuracy": 0.5059999823570251, "mean_loss": 1.3554172513961793, "neg_mean_accuracy": -0.5059999823570251, "set_state_time_mean": NaN, "set_state_time_total": 0.0, "setup_model_time_mean": NaN, "setup_model_time_total": 0.0, "setup_proc_time_mean": NaN, "setup_proc_time_total": 0.0, "train_accuracy": 0.48347997665405273, "train_loss": 1.418415993461609, "training_time_mean": NaN, "training_time_total": 0.0, "validation_time_mean": NaN, "validation_time_total": 0.0, "samples": 60000, "num_workers": 1, "done": false, "timesteps_total": null, "episodes_total": null, "training_iteration": 11, "neg_mean_loss": -1.3554172513961793, "experiment_id": "e3a2ff98e14946469067b9efa9ae4aed", "date": "2019-05-30_15-18-24", "timestamp": 1559254704, "time_this_iter_s": 9.167290210723877, "time_total_s": 99.5398621559143, "pid": 12517, "hostname": "steropes", "node_ip": "169.229.49.254", "config": {"starting_lr": 0.0005, "momentum": 0.95, "weight_decay": 0.0005, "steps_per_iteration": null, "pin": false, "model_creator": null, "target_batch_size": 1024, "model_string": "resnet18", "min_batch_size": 512, "dataset": "CIFAR", "placement": null, "use_nccl": true, "devices_per_worker": 1, "primary_resource": "extra_gpu", "gpu": false, "verbose": false, "lr_config": {"mode": "log", "steps": 5, "initial_lr": 0.0005, "target_lr": 0.0005}, "batch_per_device": 1024}, "time_since_restore": 99.5398621559143, "timesteps_since_restore": 0, "iterations_since_restore": 11, "mean_throughput": 6650.468085658755, "atoms": 1}
{"apply": 0.007553815841674805, "batch_time": 0.13239576816558837, "d2h": 0.0062244653701782225, "data_time": 0.041304627243353396, "fwd": 0.02743992805480957, "get_state_time_mean": NaN, "get_state_time_total": 0.0, "grad": 0.05375232696533203, "mean_accuracy": 0.5151999592781067, "mean_loss": 1.3331378149032593, "neg_mean_accuracy": -0.5151999592781067, "set_state_time_mean": NaN, "set_state_time_total": 0.0, "setup_model_time_mean": NaN, "setup_model_time_total": 0.0, "setup_proc_time_mean": NaN, "setup_proc_time_total": 0.0, "train_accuracy": 0.4920799732208252, "train_loss": 1.395814316558838, "training_time_mean": NaN, "training_time_total": 0.0, "validation_time_mean": NaN, "validation_time_total": 0.0, "samples": 60000, "num_workers": 1, "done": true, "timesteps_total": null, "episodes_total": null, "training_iteration": 12, "neg_mean_loss": -1.3331378149032593, "experiment_id": "e3a2ff98e14946469067b9efa9ae4aed", "date": "2019-05-30_15-18-33", "timestamp": 1559254713, "time_this_iter_s": 8.59776782989502, "time_total_s": 108.13762998580933, "pid": 12517, "hostname": "steropes", "node_ip": "169.229.49.254", "config": {"starting_lr": 0.0005, "momentum": 0.95, "weight_decay": 0.0005, "steps_per_iteration": null, "pin": false, "model_creator": null, "target_batch_size": 1024, "model_string": "resnet18", "min_batch_size": 512, "dataset": "CIFAR", "placement": null, "use_nccl": true, "devices_per_worker": 1, "primary_resource": "extra_gpu", "gpu": false, "verbose": false, "lr_config": {"mode": "log", "steps": 5, "initial_lr": 0.0005, "target_lr": 0.0005}, "batch_per_device": 1024}, "time_since_restore": 108.13762998580933, "timesteps_since_restore": 0, "iterations_since_restore": 12, "mean_throughput": 6708.391128946634, "atoms": 1}
