{"apply": 0.0182159423828125, "batch_time": 0.04432971266251576, "d2h": 0.0007988691329956054, "data_time": 0.0018164410310633043, "fwd": 0.11661155223846435, "get_state_time_mean": NaN, "get_state_time_total": 0.0, "grad": 0.1646113395690918, "mean_accuracy": 0.3116999864578247, "mean_loss": 6.263327633666992, "neg_mean_accuracy": -0.3116999864578247, "set_state_time_mean": NaN, "set_state_time_total": 0.0, "setup_model_time_mean": 8.428029775619507, "setup_model_time_total": 8.428029775619507, "setup_proc_time_mean": 0.20274114608764648, "setup_proc_time_total": 0.20274114608764648, "train_accuracy": 0.2632199823856354, "train_loss": 2.5649520149230955, "training_time_mean": NaN, "training_time_total": 0.0, "val_accuracy": 0.3116999864578247, "val_loss": 6.263327633666992, "validation_time_mean": NaN, "validation_time_total": 0.0, "samples": 60000, "num_workers": 1, "done": false, "timesteps_total": null, "episodes_total": null, "training_iteration": 1, "neg_mean_loss": -6.263327633666992, "experiment_id": "6140cc0508f34aa8a399c74b2b0e4fec", "date": "2019-06-03_03-58-44", "timestamp": 1559559524, "time_this_iter_s": 46.60804319381714, "time_total_s": 46.60804319381714, "pid": 7612, "hostname": "steropes", "node_ip": "169.229.49.254", "config": {"starting_lr": 0.005, "momentum": 0.95, "weight_decay": 0.001, "steps_per_iteration": null, "pin": false, "model_creator": null, "target_batch_size": 128, "model_string": "resnet50", "min_batch_size": 128, "dataset": "CIFAR", "placement": null, "use_nccl": true, "devices_per_worker": 1, "primary_resource": "extra_gpu", "gpu": false, "verbose": false, "lr_config": {"mode": "log", "steps": 5, "initial_lr": 0.005, "target_lr": 0.005}, "batch_per_device": 128}, "time_since_restore": 46.60804319381714, "timesteps_since_restore": 0, "iterations_since_restore": 1, "mean_throughput": 1287.329162076673, "atoms": 1, "setup_time": 9.118217468261719}
{"apply": 0.018674397468566896, "batch_time": 0.03194598306583453, "d2h": 0.0007152080535888672, "data_time": 0.0017802410418420191, "fwd": 0.02879631519317627, "get_state_time_mean": NaN, "get_state_time_total": 0.0, "grad": 0.049760627746582034, "mean_accuracy": 0.33194999396800995, "mean_loss": 4.652186902999878, "neg_mean_accuracy": -0.3522000014781952, "set_state_time_mean": NaN, "set_state_time_total": 0.0, "setup_model_time_mean": NaN, "setup_model_time_total": 0.0, "setup_proc_time_mean": NaN, "setup_proc_time_total": 0.0, "train_accuracy": 0.3360399901866913, "train_loss": 2.155452779312134, "training_time_mean": NaN, "training_time_total": 0.0, "val_accuracy": 0.3522000014781952, "val_loss": 3.0410461723327638, "validation_time_mean": NaN, "validation_time_total": 0.0, "samples": 60000, "num_workers": 1, "done": false, "timesteps_total": null, "episodes_total": null, "training_iteration": 2, "neg_mean_loss": -4.652186902999878, "experiment_id": "6140cc0508f34aa8a399c74b2b0e4fec", "date": "2019-06-03_03-59-25", "timestamp": 1559559565, "time_this_iter_s": 41.29017472267151, "time_total_s": 87.89821791648865, "pid": 7612, "hostname": "steropes", "node_ip": "169.229.49.254", "config": {"starting_lr": 0.005, "momentum": 0.95, "weight_decay": 0.001, "steps_per_iteration": null, "pin": false, "model_creator": null, "target_batch_size": 128, "model_string": "resnet50", "min_batch_size": 128, "dataset": "CIFAR", "placement": null, "use_nccl": true, "devices_per_worker": 1, "primary_resource": "extra_gpu", "gpu": false, "verbose": false, "lr_config": {"mode": "log", "steps": 5, "initial_lr": 0.005, "target_lr": 0.005}, "batch_per_device": 128}, "time_since_restore": 87.89821791648865, "timesteps_since_restore": 0, "iterations_since_restore": 2, "mean_throughput": 1365.2129032161467, "atoms": 1, "setup_time": 9.118217468261719}
{"apply": 0.017532896995544434, "batch_time": 0.032070304774030854, "d2h": 0.0006937742233276367, "data_time": 0.0017954217808325882, "fwd": 0.02839653491973877, "get_state_time_mean": NaN, "get_state_time_total": 0.0, "grad": 0.04830729961395264, "mean_accuracy": 0.3342333237330119, "mean_loss": 3.79984570795695, "neg_mean_accuracy": -0.33879998326301575, "set_state_time_mean": NaN, "set_state_time_total": 0.0, "setup_model_time_mean": NaN, "setup_model_time_total": 0.0, "setup_proc_time_mean": NaN, "setup_proc_time_total": 0.0, "train_accuracy": 0.31703999638557434, "train_loss": 2.118213879432678, "training_time_mean": NaN, "training_time_total": 0.0, "val_accuracy": 0.33879998326301575, "val_loss": 2.0951633178710938, "validation_time_mean": NaN, "validation_time_total": 0.0, "samples": 60000, "num_workers": 1, "done": false, "timesteps_total": null, "episodes_total": null, "training_iteration": 3, "neg_mean_loss": -3.79984570795695, "experiment_id": "6140cc0508f34aa8a399c74b2b0e4fec", "date": "2019-06-03_04-00-06", "timestamp": 1559559606, "time_this_iter_s": 41.26429629325867, "time_total_s": 129.16251420974731, "pid": 7612, "hostname": "steropes", "node_ip": "169.229.49.254", "config": {"starting_lr": 0.005, "momentum": 0.95, "weight_decay": 0.001, "steps_per_iteration": null, "pin": false, "model_creator": null, "target_batch_size": 128, "model_string": "resnet50", "min_batch_size": 128, "dataset": "CIFAR", "placement": null, "use_nccl": true, "devices_per_worker": 1, "primary_resource": "extra_gpu", "gpu": false, "verbose": false, "lr_config": {"mode": "log", "steps": 5, "initial_lr": 0.005, "target_lr": 0.005}, "batch_per_device": 128}, "time_since_restore": 129.16251420974731, "timesteps_since_restore": 0, "iterations_since_restore": 3, "mean_throughput": 1393.5889748159298, "atoms": 1, "setup_time": 9.118217468261719}
{"apply": 0.01790463924407959, "batch_time": 0.03196627278871174, "d2h": 0.0007210969924926758, "data_time": 0.0017915546436748845, "fwd": 0.028860998153686524, "get_state_time_mean": NaN, "get_state_time_total": 0.0, "grad": 0.051033520698547365, "mean_accuracy": 0.3382499888539314, "mean_loss": 3.358236779356003, "neg_mean_accuracy": -0.35029998421669006, "set_state_time_mean": NaN, "set_state_time_total": 0.0, "setup_model_time_mean": NaN, "setup_model_time_total": 0.0, "setup_proc_time_mean": NaN, "setup_proc_time_total": 0.0, "train_accuracy": 0.3463999927043915, "train_loss": 1.945979296913147, "training_time_mean": NaN, "training_time_total": 0.0, "val_accuracy": 0.35029998421669006, "val_loss": 2.0334099935531618, "validation_time_mean": NaN, "validation_time_total": 0.0, "samples": 60000, "num_workers": 1, "done": false, "timesteps_total": null, "episodes_total": null, "training_iteration": 4, "neg_mean_loss": -3.358236779356003, "experiment_id": "6140cc0508f34aa8a399c74b2b0e4fec", "date": "2019-06-03_04-00-48", "timestamp": 1559559648, "time_this_iter_s": 41.29095983505249, "time_total_s": 170.4534740447998, "pid": 7612, "hostname": "steropes", "node_ip": "169.229.49.254", "config": {"starting_lr": 0.005, "momentum": 0.95, "weight_decay": 0.001, "steps_per_iteration": null, "pin": false, "model_creator": null, "target_batch_size": 128, "model_string": "resnet50", "min_batch_size": 128, "dataset": "CIFAR", "placement": null, "use_nccl": true, "devices_per_worker": 1, "primary_resource": "extra_gpu", "gpu": false, "verbose": false, "lr_config": {"mode": "log", "steps": 5, "initial_lr": 0.005, "target_lr": 0.005}, "batch_per_device": 128}, "time_since_restore": 170.4534740447998, "timesteps_since_restore": 0, "iterations_since_restore": 4, "mean_throughput": 1408.0049802747772, "atoms": 1, "setup_time": 9.118217468261719}
{"apply": 0.017400383949279785, "batch_time": 0.03213763236999512, "d2h": 0.0006830930709838867, "data_time": 0.0017677755916819854, "fwd": 0.028166556358337404, "get_state_time_mean": NaN, "get_state_time_total": 0.0, "grad": 0.04838328361511231, "mean_accuracy": 0.35291998982429507, "mean_loss": 3.080396418952942, "neg_mean_accuracy": -0.4115999937057495, "set_state_time_mean": NaN, "set_state_time_total": 0.0, "setup_model_time_mean": NaN, "setup_model_time_total": 0.0, "setup_proc_time_mean": NaN, "setup_proc_time_total": 0.0, "train_accuracy": 0.3915799856185913, "train_loss": 1.7756581808471679, "training_time_mean": NaN, "training_time_total": 0.0, "val_accuracy": 0.4115999937057495, "val_loss": 1.9690349773406983, "validation_time_mean": NaN, "validation_time_total": 0.0, "samples": 60000, "num_workers": 1, "done": false, "timesteps_total": null, "episodes_total": null, "training_iteration": 5, "neg_mean_loss": -3.080396418952942, "experiment_id": "6140cc0508f34aa8a399c74b2b0e4fec", "date": "2019-06-03_04-01-29", "timestamp": 1559559689, "time_this_iter_s": 41.360557317733765, "time_total_s": 211.81403136253357, "pid": 7612, "hostname": "steropes", "node_ip": "169.229.49.254", "config": {"starting_lr": 0.005, "momentum": 0.95, "weight_decay": 0.001, "steps_per_iteration": null, "pin": false, "model_creator": null, "target_batch_size": 128, "model_string": "resnet50", "min_batch_size": 128, "dataset": "CIFAR", "placement": null, "use_nccl": true, "devices_per_worker": 1, "primary_resource": "extra_gpu", "gpu": false, "verbose": false, "lr_config": {"mode": "log", "steps": 5, "initial_lr": 0.005, "target_lr": 0.005}, "batch_per_device": 128}, "time_since_restore": 211.81403136253357, "timesteps_since_restore": 0, "iterations_since_restore": 5, "mean_throughput": 1416.333141497999, "atoms": 1, "setup_time": 9.118217468261719}
{"apply": 0.019989490509033203, "batch_time": 0.032243927822837345, "d2h": 0.0007387876510620117, "data_time": 0.0017889722838731069, "fwd": 0.029700851440429686, "get_state_time_mean": NaN, "get_state_time_total": 0.0, "grad": 0.049432373046875, "mean_accuracy": 0.38453999161720276, "mean_loss": 2.138080453643799, "neg_mean_accuracy": -0.4697999954223633, "set_state_time_mean": NaN, "set_state_time_total": 0.0, "setup_model_time_mean": NaN, "setup_model_time_total": 0.0, "setup_proc_time_mean": NaN, "setup_proc_time_total": 0.0, "train_accuracy": 0.41227999329566956, "train_loss": 1.7336789646148683, "training_time_mean": NaN, "training_time_total": 0.0, "val_accuracy": 0.4697999954223633, "val_loss": 1.551747807121277, "validation_time_mean": NaN, "validation_time_total": 0.0, "samples": 60000, "num_workers": 1, "done": false, "timesteps_total": null, "episodes_total": null, "training_iteration": 6, "neg_mean_loss": -2.138080453643799, "experiment_id": "6140cc0508f34aa8a399c74b2b0e4fec", "date": "2019-06-03_04-02-10", "timestamp": 1559559730, "time_this_iter_s": 41.29221987724304, "time_total_s": 253.1062512397766, "pid": 7612, "hostname": "steropes", "node_ip": "169.229.49.254", "config": {"starting_lr": 0.005, "momentum": 0.95, "weight_decay": 0.001, "steps_per_iteration": null, "pin": false, "model_creator": null, "target_batch_size": 128, "model_string": "resnet50", "min_batch_size": 128, "dataset": "CIFAR", "placement": null, "use_nccl": true, "devices_per_worker": 1, "primary_resource": "extra_gpu", "gpu": false, "verbose": false, "lr_config": {"mode": "log", "steps": 5, "initial_lr": 0.005, "target_lr": 0.005}, "batch_per_device": 128}, "time_since_restore": 253.1062512397766, "timesteps_since_restore": 0, "iterations_since_restore": 6, "mean_throughput": 1452.7933516570847, "atoms": 1, "setup_time": 9.118217468261719}
{"apply": 0.019221067428588867, "batch_time": 0.03227500674090808, "d2h": 0.0007194042205810547, "data_time": 0.0017935937018040806, "fwd": 0.029466891288757326, "get_state_time_mean": NaN, "get_state_time_total": 0.0, "grad": 0.04874107837677002, "mean_accuracy": 0.41201998591423034, "mean_loss": 1.9833390229034424, "neg_mean_accuracy": -0.48959997296333313, "set_state_time_mean": NaN, "set_state_time_total": 0.0, "setup_model_time_mean": NaN, "setup_model_time_total": 0.0, "setup_proc_time_mean": NaN, "setup_proc_time_total": 0.0, "train_accuracy": 0.4524799883365631, "train_loss": 1.5584339139556884, "training_time_mean": NaN, "training_time_total": 0.0, "val_accuracy": 0.48959997296333313, "val_loss": 2.2673390186309814, "validation_time_mean": NaN, "validation_time_total": 0.0, "samples": 60000, "num_workers": 1, "done": false, "timesteps_total": null, "episodes_total": null, "training_iteration": 7, "neg_mean_loss": -1.9833390229034424, "experiment_id": "6140cc0508f34aa8a399c74b2b0e4fec", "date": "2019-06-03_04-02-51", "timestamp": 1559559771, "time_this_iter_s": 41.21417808532715, "time_total_s": 294.32042932510376, "pid": 7612, "hostname": "steropes", "node_ip": "169.229.49.254", "config": {"starting_lr": 0.005, "momentum": 0.95, "weight_decay": 0.001, "steps_per_iteration": null, "pin": false, "model_creator": null, "target_batch_size": 128, "model_string": "resnet50", "min_batch_size": 128, "dataset": "CIFAR", "placement": null, "use_nccl": true, "devices_per_worker": 1, "primary_resource": "extra_gpu", "gpu": false, "verbose": false, "lr_config": {"mode": "log", "steps": 5, "initial_lr": 0.005, "target_lr": 0.005}, "batch_per_device": 128}, "time_since_restore": 294.32042932510376, "timesteps_since_restore": 0, "iterations_since_restore": 7, "mean_throughput": 1453.3282391914624, "atoms": 1, "setup_time": 9.118217468261719}
{"apply": 0.017522311210632323, "batch_time": 0.03197204915783073, "d2h": 0.0007064342498779297, "data_time": 0.0018028243423422888, "fwd": 0.028036093711853026, "get_state_time_mean": NaN, "get_state_time_total": 0.0, "grad": 0.04961545467376709, "mean_accuracy": 0.44215998649597166, "mean_loss": 2.2003275874328616, "neg_mean_accuracy": -0.4894999861717224, "set_state_time_mean": NaN, "set_state_time_total": 0.0, "setup_model_time_mean": NaN, "setup_model_time_total": 0.0, "setup_proc_time_mean": NaN, "setup_proc_time_total": 0.0, "train_accuracy": 0.47843998670578003, "train_loss": 1.5129316648101807, "training_time_mean": NaN, "training_time_total": 0.0, "val_accuracy": 0.4894999861717224, "val_loss": 3.1801061405181885, "validation_time_mean": NaN, "validation_time_total": 0.0, "samples": 60000, "num_workers": 1, "done": false, "timesteps_total": null, "episodes_total": null, "training_iteration": 8, "neg_mean_loss": -2.2003275874328616, "experiment_id": "6140cc0508f34aa8a399c74b2b0e4fec", "date": "2019-06-03_04-03-33", "timestamp": 1559559813, "time_this_iter_s": 41.51521444320679, "time_total_s": 335.83564376831055, "pid": 7612, "hostname": "steropes", "node_ip": "169.229.49.254", "config": {"starting_lr": 0.005, "momentum": 0.95, "weight_decay": 0.001, "steps_per_iteration": null, "pin": false, "model_creator": null, "target_batch_size": 128, "model_string": "resnet50", "min_batch_size": 128, "dataset": "CIFAR", "placement": null, "use_nccl": true, "devices_per_worker": 1, "primary_resource": "extra_gpu", "gpu": false, "verbose": false, "lr_config": {"mode": "log", "steps": 5, "initial_lr": 0.005, "target_lr": 0.005}, "batch_per_device": 128}, "time_since_restore": 335.83564376831055, "timesteps_since_restore": 0, "iterations_since_restore": 8, "mean_throughput": 1451.5648539210038, "atoms": 1, "setup_time": 9.118217468261719}
