{"apply": 0.01740884780883789, "batch_time": 0.04250493834290323, "d2h": 0.0006808757781982422, "data_time": 0.0018874330593801826, "fwd": 0.11423392295837402, "get_state_time_mean": NaN, "get_state_time_total": 0.0, "grad": 0.3152315616607666, "mean_accuracy": 0.15559999644756317, "mean_loss": 2.2945522773742675, "neg_mean_accuracy": -0.15559999644756317, "set_state_time_mean": NaN, "set_state_time_total": 0.0, "setup_model_time_mean": 21.469526767730713, "setup_model_time_total": 21.469526767730713, "setup_proc_time_mean": 1.8179316520690918, "setup_proc_time_total": 1.8179316520690918, "train_accuracy": 0.12535999715328217, "train_loss": 2.6205414085388186, "training_time_mean": NaN, "training_time_total": 0.0, "val_accuracy": 0.15559999644756317, "val_loss": 2.2945522773742675, "validation_time_mean": NaN, "validation_time_total": 0.0, "samples": 60000, "num_workers": 1, "done": false, "timesteps_total": null, "episodes_total": null, "training_iteration": 1, "neg_mean_loss": -2.2945522773742675, "experiment_id": "62bed5d1e16641958baa9e260807fb5c", "date": "2019-06-03_03-35-00", "timestamp": 1559558100, "time_this_iter_s": 48.54884457588196, "time_total_s": 48.54884457588196, "pid": 13445, "hostname": "steropes", "node_ip": "169.229.49.254", "config": {"starting_lr": 0.0001, "momentum": 0.95, "weight_decay": 0.0001, "steps_per_iteration": null, "pin": false, "model_creator": null, "target_batch_size": 128, "model_string": "resnet50", "min_batch_size": 128, "dataset": "CIFAR", "placement": null, "use_nccl": true, "devices_per_worker": 1, "primary_resource": "extra_gpu", "gpu": false, "verbose": false, "lr_config": {"mode": "log", "steps": 5, "initial_lr": 0.0001, "target_lr": 0.0001}, "batch_per_device": 128}, "time_since_restore": 48.54884457588196, "timesteps_since_restore": 0, "iterations_since_restore": 1, "mean_throughput": 1235.8665983122794, "atoms": 1, "setup_time": 23.38314175605774}
{"apply": 0.017461872100830077, "batch_time": 0.03173368188399303, "d2h": 0.0006764411926269531, "data_time": 0.0017835301206544842, "fwd": 0.028709769248962402, "get_state_time_mean": NaN, "get_state_time_total": 0.0, "grad": 0.04779040813446045, "mean_accuracy": 0.17934999614953995, "mean_loss": 2.2293572093963623, "neg_mean_accuracy": -0.20309999585151672, "set_state_time_mean": NaN, "set_state_time_total": 0.0, "setup_model_time_mean": NaN, "setup_model_time_total": 0.0, "setup_proc_time_mean": NaN, "setup_proc_time_total": 0.0, "train_accuracy": 0.1647000014781952, "train_loss": 2.2569461101531982, "training_time_mean": NaN, "training_time_total": 0.0, "val_accuracy": 0.20309999585151672, "val_loss": 2.164162141418457, "validation_time_mean": NaN, "validation_time_total": 0.0, "samples": 60000, "num_workers": 1, "done": false, "timesteps_total": null, "episodes_total": null, "training_iteration": 2, "neg_mean_loss": -2.2293572093963623, "experiment_id": "62bed5d1e16641958baa9e260807fb5c", "date": "2019-06-03_03-35-41", "timestamp": 1559558141, "time_this_iter_s": 40.269912242889404, "time_total_s": 88.81875681877136, "pid": 13445, "hostname": "steropes", "node_ip": "169.229.49.254", "config": {"starting_lr": 0.0001, "momentum": 0.95, "weight_decay": 0.0001, "steps_per_iteration": null, "pin": false, "model_creator": null, "target_batch_size": 128, "model_string": "resnet50", "min_batch_size": 128, "dataset": "CIFAR", "placement": null, "use_nccl": true, "devices_per_worker": 1, "primary_resource": "extra_gpu", "gpu": false, "verbose": false, "lr_config": {"mode": "log", "steps": 5, "initial_lr": 0.0001, "target_lr": 0.0001}, "batch_per_device": 128}, "time_since_restore": 88.81875681877136, "timesteps_since_restore": 0, "iterations_since_restore": 2, "mean_throughput": 1351.061068567234, "atoms": 1, "setup_time": 23.38314175605774}
{"apply": 0.01726534366607666, "batch_time": 0.03143285196038741, "d2h": 0.000677943229675293, "data_time": 0.0017816691142518808, "fwd": 0.027713823318481445, "get_state_time_mean": NaN, "get_state_time_total": 0.0, "grad": 0.04699630737304687, "mean_accuracy": 0.19326665997505188, "mean_loss": 2.1770444089253744, "neg_mean_accuracy": -0.22109998762607574, "set_state_time_mean": NaN, "set_state_time_total": 0.0, "setup_model_time_mean": NaN, "setup_model_time_total": 0.0, "setup_proc_time_mean": NaN, "setup_proc_time_total": 0.0, "train_accuracy": 0.2023399919271469, "train_loss": 2.1562041452789305, "training_time_mean": NaN, "training_time_total": 0.0, "val_accuracy": 0.22109998762607574, "val_loss": 2.0724188079833983, "validation_time_mean": NaN, "validation_time_total": 0.0, "samples": 60000, "num_workers": 1, "done": true, "timesteps_total": null, "episodes_total": null, "training_iteration": 3, "neg_mean_loss": -2.1770444089253744, "experiment_id": "62bed5d1e16641958baa9e260807fb5c", "date": "2019-06-03_03-36-21", "timestamp": 1559558181, "time_this_iter_s": 40.04354214668274, "time_total_s": 128.8622989654541, "pid": 13445, "hostname": "steropes", "node_ip": "169.229.49.254", "config": {"starting_lr": 0.0001, "momentum": 0.95, "weight_decay": 0.0001, "steps_per_iteration": null, "pin": false, "model_creator": null, "target_batch_size": 128, "model_string": "resnet50", "min_batch_size": 128, "dataset": "CIFAR", "placement": null, "use_nccl": true, "devices_per_worker": 1, "primary_resource": "extra_gpu", "gpu": false, "verbose": false, "lr_config": {"mode": "log", "steps": 5, "initial_lr": 0.0001, "target_lr": 0.0001}, "batch_per_device": 128}, "time_since_restore": 128.8622989654541, "timesteps_since_restore": 0, "iterations_since_restore": 3, "mean_throughput": 1396.8355545812944, "atoms": 1, "setup_time": 23.38314175605774}
