{"apply": 0.0184051513671875, "batch_time": 0.041393844387199306, "d2h": 0.0006771564483642578, "data_time": 0.0018237606643715784, "fwd": 0.11917874813079835, "get_state_time_mean": NaN, "get_state_time_total": 0.0, "grad": 0.1652632474899292, "mean_accuracy": 0.13499999046325684, "mean_loss": 2.375059003448486, "neg_mean_accuracy": -0.13499999046325684, "set_state_time_mean": NaN, "set_state_time_total": 0.0, "setup_model_time_mean": 8.425999402999878, "setup_model_time_total": 8.425999402999878, "setup_proc_time_mean": 0.1587991714477539, "setup_proc_time_total": 0.1587991714477539, "train_accuracy": 0.1356000006198883, "train_loss": 4.120947416992188, "training_time_mean": NaN, "training_time_total": 0.0, "val_accuracy": 0.13499999046325684, "val_loss": 2.375059003448486, "validation_time_mean": NaN, "validation_time_total": 0.0, "samples": 60000, "num_workers": 1, "done": false, "timesteps_total": null, "episodes_total": null, "training_iteration": 1, "neg_mean_loss": -2.375059003448486, "experiment_id": "24a2a871c4e54f2084770154103dedc7", "date": "2019-06-03_04-40-59", "timestamp": 1559562059, "time_this_iter_s": 47.125120401382446, "time_total_s": 47.125120401382446, "pid": 17441, "hostname": "steropes", "node_ip": "169.229.49.254", "config": {"starting_lr": 0.1, "momentum": 0.95, "weight_decay": 0.0005, "steps_per_iteration": null, "pin": false, "model_creator": null, "target_batch_size": 128, "model_string": "resnet50", "min_batch_size": 128, "dataset": "CIFAR", "placement": null, "use_nccl": true, "devices_per_worker": 1, "primary_resource": "extra_gpu", "gpu": false, "verbose": false, "lr_config": {"mode": "log", "steps": 5, "initial_lr": 0.1, "target_lr": 0.1}, "batch_per_device": 128}, "time_since_restore": 47.125120401382446, "timesteps_since_restore": 0, "iterations_since_restore": 1, "mean_throughput": 1273.2023603715863, "atoms": 1, "setup_time": 8.695918083190918}
{"apply": 0.0204756498336792, "batch_time": 0.031641015523596654, "d2h": 0.0007154226303100586, "data_time": 0.001741291007117542, "fwd": 0.029787087440490724, "get_state_time_mean": NaN, "get_state_time_total": 0.0, "grad": 0.049097204208374025, "mean_accuracy": 0.20454999804496765, "mean_loss": 2.163605111312866, "neg_mean_accuracy": -0.27410000562667847, "set_state_time_mean": NaN, "set_state_time_total": 0.0, "setup_model_time_mean": NaN, "setup_model_time_total": 0.0, "setup_proc_time_mean": NaN, "setup_proc_time_total": 0.0, "train_accuracy": 0.2072400003671646, "train_loss": 2.0898985962677004, "training_time_mean": NaN, "training_time_total": 0.0, "val_accuracy": 0.27410000562667847, "val_loss": 1.952151219177246, "validation_time_mean": NaN, "validation_time_total": 0.0, "samples": 60000, "num_workers": 1, "done": false, "timesteps_total": null, "episodes_total": null, "training_iteration": 2, "neg_mean_loss": -2.163605111312866, "experiment_id": "24a2a871c4e54f2084770154103dedc7", "date": "2019-06-03_04-41-41", "timestamp": 1559562101, "time_this_iter_s": 41.985551834106445, "time_total_s": 89.11067223548889, "pid": 17441, "hostname": "steropes", "node_ip": "169.229.49.254", "config": {"starting_lr": 0.1, "momentum": 0.95, "weight_decay": 0.0005, "steps_per_iteration": null, "pin": false, "model_creator": null, "target_batch_size": 128, "model_string": "resnet50", "min_batch_size": 128, "dataset": "CIFAR", "placement": null, "use_nccl": true, "devices_per_worker": 1, "primary_resource": "extra_gpu", "gpu": false, "verbose": false, "lr_config": {"mode": "log", "steps": 5, "initial_lr": 0.1, "target_lr": 0.1}, "batch_per_device": 128}, "time_since_restore": 89.11067223548889, "timesteps_since_restore": 0, "iterations_since_restore": 2, "mean_throughput": 1346.636679934211, "atoms": 1, "setup_time": 8.695918083190918}
{"apply": 0.01934664249420166, "batch_time": 0.033233829691440245, "d2h": 0.0006945848464965821, "data_time": 0.0017625407489669292, "fwd": 0.02881965637207031, "get_state_time_mean": NaN, "get_state_time_total": 0.0, "grad": 0.04929111003875732, "mean_accuracy": 0.24373332659403482, "mean_loss": 2.043935440190633, "neg_mean_accuracy": -0.3220999836921692, "set_state_time_mean": NaN, "set_state_time_total": 0.0, "setup_model_time_mean": NaN, "setup_model_time_total": 0.0, "setup_proc_time_mean": NaN, "setup_proc_time_total": 0.0, "train_accuracy": 0.27702000737190247, "train_loss": 1.9118994064331054, "training_time_mean": NaN, "training_time_total": 0.0, "val_accuracy": 0.3220999836921692, "val_loss": 1.804596097946167, "validation_time_mean": NaN, "validation_time_total": 0.0, "samples": 60000, "num_workers": 1, "done": false, "timesteps_total": null, "episodes_total": null, "training_iteration": 3, "neg_mean_loss": -2.043935440190633, "experiment_id": "24a2a871c4e54f2084770154103dedc7", "date": "2019-06-03_04-42-23", "timestamp": 1559562143, "time_this_iter_s": 42.05933237075806, "time_total_s": 131.17000460624695, "pid": 17441, "hostname": "steropes", "node_ip": "169.229.49.254", "config": {"starting_lr": 0.1, "momentum": 0.95, "weight_decay": 0.0005, "steps_per_iteration": null, "pin": false, "model_creator": null, "target_batch_size": 128, "model_string": "resnet50", "min_batch_size": 128, "dataset": "CIFAR", "placement": null, "use_nccl": true, "devices_per_worker": 1, "primary_resource": "extra_gpu", "gpu": false, "verbose": false, "lr_config": {"mode": "log", "steps": 5, "initial_lr": 0.1, "target_lr": 0.1}, "batch_per_device": 128}, "time_since_restore": 131.17000460624695, "timesteps_since_restore": 0, "iterations_since_restore": 3, "mean_throughput": 1372.2617837134137, "atoms": 1, "setup_time": 8.695918083190918}
{"apply": 0.01853017807006836, "batch_time": 0.03187240528154977, "d2h": 0.0006828546524047851, "data_time": 0.0017637115000458934, "fwd": 0.028435397148132324, "get_state_time_mean": NaN, "get_state_time_total": 0.0, "grad": 0.048564791679382324, "mean_accuracy": 0.2761249914765358, "mean_loss": 1.9530162154197692, "neg_mean_accuracy": -0.3732999861240387, "set_state_time_mean": NaN, "set_state_time_total": 0.0, "setup_model_time_mean": NaN, "setup_model_time_total": 0.0, "setup_proc_time_mean": NaN, "setup_proc_time_total": 0.0, "train_accuracy": 0.32872000336647034, "train_loss": 1.7901227864837645, "training_time_mean": NaN, "training_time_total": 0.0, "val_accuracy": 0.3732999861240387, "val_loss": 1.6802585411071778, "validation_time_mean": NaN, "validation_time_total": 0.0, "samples": 60000, "num_workers": 1, "done": true, "timesteps_total": null, "episodes_total": null, "training_iteration": 4, "neg_mean_loss": -1.9530162154197692, "experiment_id": "24a2a871c4e54f2084770154103dedc7", "date": "2019-06-03_04-43-05", "timestamp": 1559562185, "time_this_iter_s": 41.92036509513855, "time_total_s": 173.0903697013855, "pid": 17441, "hostname": "steropes", "node_ip": "169.229.49.254", "config": {"starting_lr": 0.1, "momentum": 0.95, "weight_decay": 0.0005, "steps_per_iteration": null, "pin": false, "model_creator": null, "target_batch_size": 128, "model_string": "resnet50", "min_batch_size": 128, "dataset": "CIFAR", "placement": null, "use_nccl": true, "devices_per_worker": 1, "primary_resource": "extra_gpu", "gpu": false, "verbose": false, "lr_config": {"mode": "log", "steps": 5, "initial_lr": 0.1, "target_lr": 0.1}, "batch_per_device": 128}, "time_since_restore": 173.0903697013855, "timesteps_since_restore": 0, "iterations_since_restore": 4, "mean_throughput": 1386.5558715965021, "atoms": 1, "setup_time": 8.695918083190918}
