{"apply": 0.017485833168029784, "batch_time": 0.04129923748064645, "d2h": 0.0006963014602661133, "data_time": 0.0019941988503536603, "fwd": 0.11954786777496337, "get_state_time_mean": NaN, "get_state_time_total": 0.0, "grad": 0.26313199996948244, "mean_accuracy": 0.09999999403953552, "mean_loss": 7.878086291335968e+19, "neg_mean_accuracy": -0.09999999403953552, "set_state_time_mean": NaN, "set_state_time_total": 0.0, "setup_model_time_mean": 9.821010112762451, "setup_model_time_total": 9.821010112762451, "setup_proc_time_mean": 0.25432443618774414, "setup_proc_time_total": 0.25432443618774414, "train_accuracy": 0.09855999797582626, "train_loss": 9664687904076.625, "training_time_mean": NaN, "training_time_total": 0.0, "val_accuracy": 0.09999999403953552, "val_loss": 7.878086291335968e+19, "validation_time_mean": NaN, "validation_time_total": 0.0, "samples": 60000, "num_workers": 1, "done": false, "timesteps_total": null, "episodes_total": null, "training_iteration": 1, "neg_mean_loss": -7.878086291335968e+19, "experiment_id": "fb34b8df9f354af68bccbf10cf7392a5", "date": "2019-06-03_03-42-08", "timestamp": 1559558528, "time_this_iter_s": 47.675718784332275, "time_total_s": 47.675718784332275, "pid": 18946, "hostname": "steropes", "node_ip": "169.229.49.254", "config": {"starting_lr": 1.0, "momentum": 0.99, "weight_decay": 0.005, "steps_per_iteration": null, "pin": false, "model_creator": null, "target_batch_size": 128, "model_string": "resnet50", "min_batch_size": 128, "dataset": "CIFAR", "placement": null, "use_nccl": true, "devices_per_worker": 1, "primary_resource": "extra_gpu", "gpu": false, "verbose": false, "lr_config": {"mode": "log", "steps": 5, "initial_lr": 1.0, "target_lr": 1.0}, "batch_per_device": 128}, "time_since_restore": 47.675718784332275, "timesteps_since_restore": 0, "iterations_since_restore": 1, "mean_throughput": 1258.4989026588948, "atoms": 1, "setup_time": 13.27793836593628}
{"apply": 0.017536067962646486, "batch_time": 0.03234371957899649, "d2h": 0.0007898807525634766, "data_time": 0.0018794195121511475, "fwd": 0.027692365646362304, "get_state_time_mean": NaN, "get_state_time_total": 0.0, "grad": 0.04882967472076416, "mean_accuracy": 0.04999999701976776, "mean_loss": NaN, "neg_mean_accuracy": -0.0, "set_state_time_mean": NaN, "set_state_time_total": 0.0, "setup_model_time_mean": NaN, "setup_model_time_total": 0.0, "setup_proc_time_mean": NaN, "setup_proc_time_total": 0.0, "train_accuracy": 0.019199999049305916, "train_loss": NaN, "training_time_mean": NaN, "training_time_total": 0.0, "val_accuracy": 0.0, "val_loss": NaN, "validation_time_mean": NaN, "validation_time_total": 0.0, "samples": 60000, "num_workers": 1, "done": false, "timesteps_total": null, "episodes_total": null, "training_iteration": 2, "neg_mean_loss": NaN, "experiment_id": "fb34b8df9f354af68bccbf10cf7392a5", "date": "2019-06-03_03-42-49", "timestamp": 1559558569, "time_this_iter_s": 40.79114294052124, "time_total_s": 88.46686172485352, "pid": 18946, "hostname": "steropes", "node_ip": "169.229.49.254", "config": {"starting_lr": 1.0, "momentum": 0.99, "weight_decay": 0.005, "steps_per_iteration": null, "pin": false, "model_creator": null, "target_batch_size": 128, "model_string": "resnet50", "min_batch_size": 128, "dataset": "CIFAR", "placement": null, "use_nccl": true, "devices_per_worker": 1, "primary_resource": "extra_gpu", "gpu": false, "verbose": false, "lr_config": {"mode": "log", "steps": 5, "initial_lr": 1.0, "target_lr": 1.0}, "batch_per_device": 128}, "time_since_restore": 88.46686172485352, "timesteps_since_restore": 0, "iterations_since_restore": 2, "mean_throughput": 1356.4369993885912, "atoms": 1, "setup_time": 13.27793836593628}
{"apply": 0.01809375286102295, "batch_time": 0.031665343272535104, "d2h": 0.0006555795669555664, "data_time": 0.001829481490737642, "fwd": 0.027458739280700684, "get_state_time_mean": NaN, "get_state_time_total": 0.0, "grad": 0.04781208038330078, "mean_accuracy": 0.03333333134651184, "mean_loss": NaN, "neg_mean_accuracy": -0.0, "set_state_time_mean": NaN, "set_state_time_total": 0.0, "setup_model_time_mean": NaN, "setup_model_time_total": 0.0, "setup_proc_time_mean": NaN, "setup_proc_time_total": 0.0, "train_accuracy": 0.0, "train_loss": NaN, "training_time_mean": NaN, "training_time_total": 0.0, "val_accuracy": 0.0, "val_loss": NaN, "validation_time_mean": NaN, "validation_time_total": 0.0, "samples": 60000, "num_workers": 1, "done": true, "timesteps_total": null, "episodes_total": null, "training_iteration": 3, "neg_mean_loss": NaN, "experiment_id": "fb34b8df9f354af68bccbf10cf7392a5", "date": "2019-06-03_03-43-30", "timestamp": 1559558610, "time_this_iter_s": 40.466495752334595, "time_total_s": 128.9333574771881, "pid": 18946, "hostname": "steropes", "node_ip": "169.229.49.254", "config": {"starting_lr": 1.0, "momentum": 0.99, "weight_decay": 0.005, "steps_per_iteration": null, "pin": false, "model_creator": null, "target_batch_size": 128, "model_string": "resnet50", "min_batch_size": 128, "dataset": "CIFAR", "placement": null, "use_nccl": true, "devices_per_worker": 1, "primary_resource": "extra_gpu", "gpu": false, "verbose": false, "lr_config": {"mode": "log", "steps": 5, "initial_lr": 1.0, "target_lr": 1.0}, "batch_per_device": 128}, "time_since_restore": 128.9333574771881, "timesteps_since_restore": 0, "iterations_since_restore": 3, "mean_throughput": 1396.067046480626, "atoms": 1, "setup_time": 13.27793836593628}
