{"apply": 0.019022226333618164, "batch_time": 0.04165844072269488, "d2h": 0.0007814168930053711, "data_time": 0.0019340990754344578, "fwd": 0.1165625810623169, "get_state_time_mean": NaN, "get_state_time_total": 0.0, "grad": 0.1635228395462036, "mean_accuracy": 0.20160000026226044, "mean_loss": 2.2160188438415527, "neg_mean_accuracy": -0.20160000026226044, "set_state_time_mean": NaN, "set_state_time_total": 0.0, "setup_model_time_mean": 10.559653282165527, "setup_model_time_total": 10.559653282165527, "setup_proc_time_mean": 0.18033671379089355, "setup_proc_time_total": 0.18033671379089355, "train_accuracy": 0.15361998975276947, "train_loss": 2.4229887676239015, "training_time_mean": NaN, "training_time_total": 0.0, "val_accuracy": 0.20160000026226044, "val_loss": 2.2160188438415527, "validation_time_mean": NaN, "validation_time_total": 0.0, "samples": 60000, "num_workers": 1, "done": false, "timesteps_total": null, "episodes_total": null, "training_iteration": 1, "neg_mean_loss": -2.2160188438415527, "experiment_id": "02f4925fe3f84b27aa723112beafb162", "date": "2019-06-06_09-40-20", "timestamp": 1559839220, "time_this_iter_s": 47.17367339134216, "time_total_s": 47.17367339134216, "pid": 22442, "hostname": "steropes", "node_ip": "169.229.49.254", "config": {"starting_lr": 0.0005, "momentum": 0.9, "weight_decay": 0.0005, "steps_per_iteration": null, "pin": false, "model_creator": null, "target_batch_size": 128, "model_string": "resnet50", "min_batch_size": 128, "dataset": "CIFAR", "placement": null, "use_nccl": true, "devices_per_worker": 1, "primary_resource": "extra_gpu", "gpu": false, "verbose": false, "lr_config": {"mode": "log", "steps": 5, "initial_lr": 0.0005, "target_lr": 0.0005}, "batch_per_device": 128}, "time_since_restore": 47.17367339134216, "timesteps_since_restore": 0, "iterations_since_restore": 1, "mean_throughput": 1271.8934839424246, "atoms": 1, "setup_time": 11.164114713668823}
{"apply": 0.018212389945983887, "batch_time": 0.03233845626251607, "d2h": 0.000766754150390625, "data_time": 0.0018372804002688668, "fwd": 0.028037381172180176, "get_state_time_mean": NaN, "get_state_time_total": 0.0, "grad": 0.04768648147583008, "mean_accuracy": 0.24039999395608902, "mean_loss": 2.1077143976211548, "neg_mean_accuracy": -0.2791999876499176, "set_state_time_mean": NaN, "set_state_time_total": 0.0, "setup_model_time_mean": NaN, "setup_model_time_total": 0.0, "setup_proc_time_mean": NaN, "setup_proc_time_total": 0.0, "train_accuracy": 0.2260800004005432, "train_loss": 2.1044089528656005, "training_time_mean": NaN, "training_time_total": 0.0, "val_accuracy": 0.2791999876499176, "val_loss": 1.9994099514007568, "validation_time_mean": NaN, "validation_time_total": 0.0, "samples": 60000, "num_workers": 1, "done": false, "timesteps_total": null, "episodes_total": null, "training_iteration": 2, "neg_mean_loss": -2.1077143976211548, "experiment_id": "02f4925fe3f84b27aa723112beafb162", "date": "2019-06-06_09-41-02", "timestamp": 1559839262, "time_this_iter_s": 41.695067167282104, "time_total_s": 88.86874055862427, "pid": 22442, "hostname": "steropes", "node_ip": "169.229.49.254", "config": {"starting_lr": 0.0005, "momentum": 0.9, "weight_decay": 0.0005, "steps_per_iteration": null, "pin": false, "model_creator": null, "target_batch_size": 128, "model_string": "resnet50", "min_batch_size": 128, "dataset": "CIFAR", "placement": null, "use_nccl": true, "devices_per_worker": 1, "primary_resource": "extra_gpu", "gpu": false, "verbose": false, "lr_config": {"mode": "log", "steps": 5, "initial_lr": 0.0005, "target_lr": 0.0005}, "batch_per_device": 128}, "time_since_restore": 88.86874055862427, "timesteps_since_restore": 0, "iterations_since_restore": 2, "mean_throughput": 1350.303536310657, "atoms": 1, "setup_time": 11.164114713668823}
{"apply": 0.01972038745880127, "batch_time": 0.03295182276375686, "d2h": 0.0007678985595703125, "data_time": 0.0019114182123442746, "fwd": 0.02910306453704834, "get_state_time_mean": NaN, "get_state_time_total": 0.0, "grad": 0.049624300003051756, "mean_accuracy": 0.26686665912469226, "mean_loss": 2.036148391342163, "neg_mean_accuracy": -0.3197999894618988, "set_state_time_mean": NaN, "set_state_time_total": 0.0, "setup_model_time_mean": NaN, "setup_model_time_total": 0.0, "setup_proc_time_mean": NaN, "setup_proc_time_total": 0.0, "train_accuracy": 0.2754199802875519, "train_loss": 1.9825496349716187, "training_time_mean": NaN, "training_time_total": 0.0, "val_accuracy": 0.3197999894618988, "val_loss": 1.8930163787841796, "validation_time_mean": NaN, "validation_time_total": 0.0, "samples": 60000, "num_workers": 1, "done": true, "timesteps_total": null, "episodes_total": null, "training_iteration": 3, "neg_mean_loss": -2.036148391342163, "experiment_id": "02f4925fe3f84b27aa723112beafb162", "date": "2019-06-06_09-41-44", "timestamp": 1559839304, "time_this_iter_s": 42.44293522834778, "time_total_s": 131.31167578697205, "pid": 22442, "hostname": "steropes", "node_ip": "169.229.49.254", "config": {"starting_lr": 0.0005, "momentum": 0.9, "weight_decay": 0.0005, "steps_per_iteration": null, "pin": false, "model_creator": null, "target_batch_size": 128, "model_string": "resnet50", "min_batch_size": 128, "dataset": "CIFAR", "placement": null, "use_nccl": true, "devices_per_worker": 1, "primary_resource": "extra_gpu", "gpu": false, "verbose": false, "lr_config": {"mode": "log", "steps": 5, "initial_lr": 0.0005, "target_lr": 0.0005}, "batch_per_device": 128}, "time_since_restore": 131.31167578697205, "timesteps_since_restore": 0, "iterations_since_restore": 3, "mean_throughput": 1370.7805797543651, "atoms": 1, "setup_time": 11.164114713668823}
