apply,batch_time,d2h,data_time,fwd,get_state_time_mean,get_state_time_total,grad,mean_accuracy,mean_loss,neg_mean_accuracy,set_state_time_mean,set_state_time_total,setup_model_time_mean,setup_model_time_total,setup_proc_time_mean,setup_proc_time_total,train_accuracy,train_loss,training_time_mean,training_time_total,validation_time_mean,validation_time_total,samples,num_workers,done,timesteps_total,episodes_total,training_iteration,neg_mean_loss,experiment_id,date,timestamp,time_this_iter_s,time_total_s,pid,hostname,node_ip,config,time_since_restore,timesteps_since_restore,iterations_since_restore,mean_throughput,atoms,resource_time
0.009035468101501465,0.17881326675415038,0.00661778450012207,0.021515690550512195,0.07248890399932861,nan,0.0,0.16344988346099854,0.3109000027179718,2.0830492221832277,-0.3109000027179718,nan,0.0,9.703131675720215,9.703131675720215,0.443772554397583,0.443772554397583,0.2759400010108948,2.3410445281600953,nan,0.0,nan,0.0,60000,1,False,,,1,-2.0830492221832277,89495fb06c1446e2af27723258f8237a,2019-05-30_15-00-33,1559253633,12.071723222732544,12.071723222732544,32745,steropes,169.229.49.254,"{'starting_lr': 0.01, 'momentum': 0.997, 'weight_decay': 0.005, 'steps_per_iteration': None, 'pin': False, 'model_creator': None, 'target_batch_size': 1024, 'model_string': 'resnet18', 'min_batch_size': 512, 'dataset': 'CIFAR', 'placement': None, 'use_nccl': True, 'devices_per_worker': 1, 'primary_resource': 'extra_gpu', 'gpu': False, 'verbose': False, 'lr_config': {'mode': 'log', 'steps': 5, 'initial_lr': 0.01, 'target_lr': 0.01}, 'batch_per_device': 1024}",12.071723222732544,0,1,4970.241345753112,1,12.071723222732544
0.0075360298156738285,0.1287386417388916,0.0066127777099609375,0.018579872287049586,0.027553606033325195,nan,0.0,0.06718051433563232,0.4163999855518341,1.5245974100112916,-0.4163999855518341,nan,0.0,nan,0.0,nan,0.0,0.39051997661590576,1.6540450806427003,nan,0.0,nan,0.0,60000,1,False,,,2,-1.5245974100112916,89495fb06c1446e2af27723258f8237a,2019-05-30_15-00-41,1559253641,8.169438362121582,20.241161584854126,32745,steropes,169.229.49.254,"{'starting_lr': 0.01, 'momentum': 0.997, 'weight_decay': 0.005, 'steps_per_iteration': None, 'pin': False, 'model_creator': None, 'target_batch_size': 1024, 'model_string': 'resnet18', 'min_batch_size': 512, 'dataset': 'CIFAR', 'placement': None, 'use_nccl': True, 'devices_per_worker': 1, 'primary_resource': 'extra_gpu', 'gpu': False, 'verbose': False, 'lr_config': {'mode': 'log', 'steps': 5, 'initial_lr': 0.01, 'target_lr': 0.01}, 'batch_per_device': 1024}",20.241161584854126,0,2,5928.454577174803,1,20.241161584854126
0.009158039093017578,0.1211167812347412,0.006393241882324219,0.01979970932006836,0.030872559547424315,nan,0.0,0.06011509895324707,0.41349998116493225,1.552240828704834,-0.41349998116493225,nan,0.0,nan,0.0,nan,0.0,0.43421998620033264,1.5404373321914673,nan,0.0,nan,0.0,60000,1,False,,,3,-1.552240828704834,89495fb06c1446e2af27723258f8237a,2019-05-30_15-00-49,1559253649,7.950331926345825,28.19149351119995,32745,steropes,169.229.49.254,"{'starting_lr': 0.01, 'momentum': 0.997, 'weight_decay': 0.005, 'steps_per_iteration': None, 'pin': False, 'model_creator': None, 'target_batch_size': 1024, 'model_string': 'resnet18', 'min_batch_size': 512, 'dataset': 'CIFAR', 'placement': None, 'use_nccl': True, 'devices_per_worker': 1, 'primary_resource': 'extra_gpu', 'gpu': False, 'verbose': False, 'lr_config': {'mode': 'log', 'steps': 5, 'initial_lr': 0.01, 'target_lr': 0.01}, 'batch_per_device': 1024}",28.19149351119995,0,3,6384.842785656923,1,28.19149351119995
0.010380959510803223,0.12386951446533204,0.005013799667358399,0.02388098775124063,0.03296504020690918,nan,0.0,0.06670777797698975,0.26969999074935913,1.9682371194839479,-0.26969999074935913,nan,0.0,nan,0.0,nan,0.0,0.46831998229026794,1.4431509721374511,nan,0.0,nan,0.0,60000,1,False,,,4,-1.9682371194839479,89495fb06c1446e2af27723258f8237a,2019-05-30_15-00-57,1559253657,7.92585825920105,36.117351770401,32745,steropes,169.229.49.254,"{'starting_lr': 0.01, 'momentum': 0.997, 'weight_decay': 0.005, 'steps_per_iteration': None, 'pin': False, 'model_creator': None, 'target_batch_size': 1024, 'model_string': 'resnet18', 'min_batch_size': 512, 'dataset': 'CIFAR', 'placement': None, 'use_nccl': True, 'devices_per_worker': 1, 'primary_resource': 'extra_gpu', 'gpu': False, 'verbose': False, 'lr_config': {'mode': 'log', 'steps': 5, 'initial_lr': 0.01, 'target_lr': 0.01}, 'batch_per_device': 1024}",36.117351770401,0,4,6644.9280468159395,1,36.117351770401
0.008097577095031738,0.1322983980178833,0.005598831176757813,0.026932278457953006,0.028814220428466798,nan,0.0,0.057151412963867186,0.15349999070167542,2.3349479709625243,-0.15349999070167542,nan,0.0,nan,0.0,nan,0.0,0.4869399964809418,1.4282312941360473,nan,0.0,nan,0.0,60000,1,False,,,5,-2.3349479709625243,89495fb06c1446e2af27723258f8237a,2019-05-30_15-01-05,1559253665,7.874659061431885,43.992010831832886,32745,steropes,169.229.49.254,"{'starting_lr': 0.01, 'momentum': 0.997, 'weight_decay': 0.005, 'steps_per_iteration': None, 'pin': False, 'model_creator': None, 'target_batch_size': 1024, 'model_string': 'resnet18', 'min_batch_size': 512, 'dataset': 'CIFAR', 'placement': None, 'use_nccl': True, 'devices_per_worker': 1, 'primary_resource': 'extra_gpu', 'gpu': False, 'verbose': False, 'lr_config': {'mode': 'log', 'steps': 5, 'initial_lr': 0.01, 'target_lr': 0.01}, 'batch_per_device': 1024}",43.992010831832886,0,5,6819.34341994063,1,43.992010831832886
0.0074920654296875,0.13169562816619873,0.006895089149475097,0.02585786702681561,0.02541477680206299,nan,0.0,0.059175515174865724,0.1347000002861023,39.433943084716795,-0.1347000002861023,nan,0.0,nan,0.0,nan,0.0,0.32597997784614563,1.8447601873397828,nan,0.0,nan,0.0,60000,1,False,,,6,-39.433943084716795,89495fb06c1446e2af27723258f8237a,2019-05-30_15-01-13,1559253673,7.888715028762817,51.8807258605957,32745,steropes,169.229.49.254,"{'starting_lr': 0.01, 'momentum': 0.997, 'weight_decay': 0.005, 'steps_per_iteration': None, 'pin': False, 'model_creator': None, 'target_batch_size': 1024, 'model_string': 'resnet18', 'min_batch_size': 512, 'dataset': 'CIFAR', 'placement': None, 'use_nccl': True, 'devices_per_worker': 1, 'primary_resource': 'extra_gpu', 'gpu': False, 'verbose': False, 'lr_config': {'mode': 'log', 'steps': 5, 'initial_lr': 0.01, 'target_lr': 0.01}, 'batch_per_device': 1024}",51.8807258605957,0,6,7535.899788205777,1,51.8807258605957
0.007486462593078613,0.13147478103637694,0.006693315505981445,0.03239964952274245,0.023540949821472167,nan,0.0,0.05683829784393311,0.29170000553131104,3.971857717895508,-0.29170000553131104,nan,0.0,nan,0.0,nan,0.0,0.4131599962711334,1.5767137100219726,nan,0.0,nan,0.0,60000,1,False,,,7,-3.971857717895508,89495fb06c1446e2af27723258f8237a,2019-05-30_15-01-21,1559253681,7.956658363342285,59.83738422393799,32745,steropes,169.229.49.254,"{'starting_lr': 0.01, 'momentum': 0.997, 'weight_decay': 0.005, 'steps_per_iteration': None, 'pin': False, 'model_creator': None, 'target_batch_size': 1024, 'model_string': 'resnet18', 'min_batch_size': 512, 'dataset': 'CIFAR', 'placement': None, 'use_nccl': True, 'devices_per_worker': 1, 'primary_resource': 'extra_gpu', 'gpu': False, 'verbose': False, 'lr_config': {'mode': 'log', 'steps': 5, 'initial_lr': 0.01, 'target_lr': 0.01}, 'batch_per_device': 1024}",59.83738422393799,0,7,7576.395702061234,1,59.83738422393799
0.008665752410888673,0.13352837562561035,0.005583286285400391,0.030733658342945332,0.026323103904724122,nan,0.0,0.058228564262390134,0.46239998936653137,1.5445010618209838,-0.46239998936653137,nan,0.0,nan,0.0,nan,0.0,0.4617599844932556,1.4623800751495362,nan,0.0,nan,0.0,60000,1,False,,,8,-1.5445010618209838,89495fb06c1446e2af27723258f8237a,2019-05-30_15-01-29,1559253689,7.977787733078003,67.81517195701599,32745,steropes,169.229.49.254,"{'starting_lr': 0.01, 'momentum': 0.997, 'weight_decay': 0.005, 'steps_per_iteration': None, 'pin': False, 'model_creator': None, 'target_batch_size': 1024, 'model_string': 'resnet18', 'min_batch_size': 512, 'dataset': 'CIFAR', 'placement': None, 'use_nccl': True, 'devices_per_worker': 1, 'primary_resource': 'extra_gpu', 'gpu': False, 'verbose': False, 'lr_config': {'mode': 'log', 'steps': 5, 'initial_lr': 0.01, 'target_lr': 0.01}, 'batch_per_device': 1024}",67.81517195701599,0,8,7571.144784532335,1,67.81517195701599
0.011113333702087402,0.13015995025634766,0.004903483390808106,0.026163115793344925,0.024941182136535643,nan,0.0,0.0529780387878418,0.439300000667572,1.7419877212524415,-0.439300000667572,nan,0.0,nan,0.0,nan,0.0,0.49431997537612915,1.3854570655059815,nan,0.0,nan,0.0,60000,1,False,,,9,-1.7419877212524415,89495fb06c1446e2af27723258f8237a,2019-05-30_15-01-37,1559253697,7.95374321937561,75.7689151763916,32745,steropes,169.229.49.254,"{'starting_lr': 0.01, 'momentum': 0.997, 'weight_decay': 0.005, 'steps_per_iteration': None, 'pin': False, 'model_creator': None, 'target_batch_size': 1024, 'model_string': 'resnet18', 'min_batch_size': 512, 'dataset': 'CIFAR', 'placement': None, 'use_nccl': True, 'devices_per_worker': 1, 'primary_resource': 'extra_gpu', 'gpu': False, 'verbose': False, 'lr_config': {'mode': 'log', 'steps': 5, 'initial_lr': 0.01, 'target_lr': 0.01}, 'batch_per_device': 1024}",75.7689151763916,0,9,7565.832993185141,1,75.7689151763916
0.00884859561920166,0.12763640880584717,0.005727028846740723,0.022595128234551877,0.023908376693725586,nan,0.0,0.06355149745941162,0.3904999792575836,1.941240016937256,-0.3904999792575836,nan,0.0,nan,0.0,nan,0.0,0.5045199990272522,1.6692975537490844,nan,0.0,nan,0.0,60000,1,False,,,10,-1.941240016937256,89495fb06c1446e2af27723258f8237a,2019-05-30_15-01-44,1559253704,7.840135097503662,83.60905027389526,32745,steropes,169.229.49.254,"{'starting_lr': 0.01, 'momentum': 0.997, 'weight_decay': 0.005, 'steps_per_iteration': None, 'pin': False, 'model_creator': None, 'target_batch_size': 1024, 'model_string': 'resnet18', 'min_batch_size': 512, 'dataset': 'CIFAR', 'placement': None, 'use_nccl': True, 'devices_per_worker': 1, 'primary_resource': 'extra_gpu', 'gpu': False, 'verbose': False, 'lr_config': {'mode': 'log', 'steps': 5, 'initial_lr': 0.01, 'target_lr': 0.01}, 'batch_per_device': 1024}",83.60905027389526,0,10,7572.425478444118,1,83.60905027389526
0.008709383010864259,0.12834548950195312,0.0053331851959228516,0.024801478093984176,0.024583888053894044,nan,0.0,0.05700662136077881,0.5426999926567078,1.3175765867233276,-0.5426999926567078,nan,0.0,nan,0.0,nan,0.0,0.49219998717308044,1.4283804174804688,nan,0.0,nan,0.0,60000,1,False,,,11,-1.3175765867233276,89495fb06c1446e2af27723258f8237a,2019-05-30_15-01-52,1559253712,7.968693256378174,91.57774353027344,32745,steropes,169.229.49.254,"{'starting_lr': 0.01, 'momentum': 0.997, 'weight_decay': 0.005, 'steps_per_iteration': None, 'pin': False, 'model_creator': None, 'target_batch_size': 1024, 'model_string': 'resnet18', 'min_batch_size': 512, 'dataset': 'CIFAR', 'placement': None, 'use_nccl': True, 'devices_per_worker': 1, 'primary_resource': 'extra_gpu', 'gpu': False, 'verbose': False, 'lr_config': {'mode': 'log', 'steps': 5, 'initial_lr': 0.01, 'target_lr': 0.01}, 'batch_per_device': 1024}",91.57774353027344,0,11,7557.169065510561,1,91.57774353027344
0.007271981239318848,0.1204143762588501,0.0044525861740112305,0.02539561232741998,0.030359292030334474,nan,0.0,0.051215386390686034,0.5162000060081482,1.3561404560089112,-0.5162000060081482,nan,0.0,nan,0.0,nan,0.0,0.5421599745750427,1.2869157349395752,nan,0.0,nan,0.0,60000,1,False,,,12,-1.3561404560089112,89495fb06c1446e2af27723258f8237a,2019-05-30_15-02-00,1559253720,7.598616361618042,99.17635989189148,32745,steropes,169.229.49.254,"{'starting_lr': 0.01, 'momentum': 0.997, 'weight_decay': 0.005, 'steps_per_iteration': None, 'pin': False, 'model_creator': None, 'target_batch_size': 1024, 'model_string': 'resnet18', 'min_batch_size': 512, 'dataset': 'CIFAR', 'placement': None, 'use_nccl': True, 'devices_per_worker': 1, 'primary_resource': 'extra_gpu', 'gpu': False, 'verbose': False, 'lr_config': {'mode': 'log', 'steps': 5, 'initial_lr': 0.01, 'target_lr': 0.01}, 'batch_per_device': 1024}",99.17635989189148,0,12,7625.950008775389,1,99.17635989189148
0.009851741790771484,0.1271279573440552,0.0058793783187866214,0.04050225627665617,0.023528122901916505,nan,0.0,0.04523072242736816,0.500499963760376,1.4437954956054688,-0.500499963760376,nan,0.0,nan,0.0,nan,0.0,0.5654399991035461,1.2174942071151733,nan,0.0,nan,0.0,60000,1,True,,,13,-1.4437954956054688,89495fb06c1446e2af27723258f8237a,2019-05-30_15-02-08,1559253728,8.071009397506714,107.2473692893982,32745,steropes,169.229.49.254,"{'starting_lr': 0.01, 'momentum': 0.997, 'weight_decay': 0.005, 'steps_per_iteration': None, 'pin': False, 'model_creator': None, 'target_batch_size': 1024, 'model_string': 'resnet18', 'min_batch_size': 512, 'dataset': 'CIFAR', 'placement': None, 'use_nccl': True, 'devices_per_worker': 1, 'primary_resource': 'extra_gpu', 'gpu': False, 'verbose': False, 'lr_config': {'mode': 'log', 'steps': 5, 'initial_lr': 0.01, 'target_lr': 0.01}, 'batch_per_device': 1024}",107.2473692893982,0,13,7607.921859209412,1,107.2473692893982
