{"apply": 0.009035468101501465, "batch_time": 0.17881326675415038, "d2h": 0.00661778450012207, "data_time": 0.021515690550512195, "fwd": 0.07248890399932861, "get_state_time_mean": NaN, "get_state_time_total": 0.0, "grad": 0.16344988346099854, "mean_accuracy": 0.3109000027179718, "mean_loss": 2.0830492221832277, "neg_mean_accuracy": -0.3109000027179718, "set_state_time_mean": NaN, "set_state_time_total": 0.0, "setup_model_time_mean": 9.703131675720215, "setup_model_time_total": 9.703131675720215, "setup_proc_time_mean": 0.443772554397583, "setup_proc_time_total": 0.443772554397583, "train_accuracy": 0.2759400010108948, "train_loss": 2.3410445281600953, "training_time_mean": NaN, "training_time_total": 0.0, "validation_time_mean": NaN, "validation_time_total": 0.0, "samples": 60000, "num_workers": 1, "done": false, "timesteps_total": null, "episodes_total": null, "training_iteration": 1, "neg_mean_loss": -2.0830492221832277, "experiment_id": "89495fb06c1446e2af27723258f8237a", "date": "2019-05-30_15-00-33", "timestamp": 1559253633, "time_this_iter_s": 12.071723222732544, "time_total_s": 12.071723222732544, "pid": 32745, "hostname": "steropes", "node_ip": "169.229.49.254", "config": {"starting_lr": 0.01, "momentum": 0.997, "weight_decay": 0.005, "steps_per_iteration": null, "pin": false, "model_creator": null, "target_batch_size": 1024, "model_string": "resnet18", "min_batch_size": 512, "dataset": "CIFAR", "placement": null, "use_nccl": true, "devices_per_worker": 1, "primary_resource": "extra_gpu", "gpu": false, "verbose": false, "lr_config": {"mode": "log", "steps": 5, "initial_lr": 0.01, "target_lr": 0.01}, "batch_per_device": 1024}, "time_since_restore": 12.071723222732544, "timesteps_since_restore": 0, "iterations_since_restore": 1, "mean_throughput": 4970.241345753112, "atoms": 1, "resource_time": 12.071723222732544}
{"apply": 0.0075360298156738285, "batch_time": 0.1287386417388916, "d2h": 0.0066127777099609375, "data_time": 0.018579872287049586, "fwd": 0.027553606033325195, "get_state_time_mean": NaN, "get_state_time_total": 0.0, "grad": 0.06718051433563232, "mean_accuracy": 0.4163999855518341, "mean_loss": 1.5245974100112916, "neg_mean_accuracy": -0.4163999855518341, "set_state_time_mean": NaN, "set_state_time_total": 0.0, "setup_model_time_mean": NaN, "setup_model_time_total": 0.0, "setup_proc_time_mean": NaN, "setup_proc_time_total": 0.0, "train_accuracy": 0.39051997661590576, "train_loss": 1.6540450806427003, "training_time_mean": NaN, "training_time_total": 0.0, "validation_time_mean": NaN, "validation_time_total": 0.0, "samples": 60000, "num_workers": 1, "done": false, "timesteps_total": null, "episodes_total": null, "training_iteration": 2, "neg_mean_loss": -1.5245974100112916, "experiment_id": "89495fb06c1446e2af27723258f8237a", "date": "2019-05-30_15-00-41", "timestamp": 1559253641, "time_this_iter_s": 8.169438362121582, "time_total_s": 20.241161584854126, "pid": 32745, "hostname": "steropes", "node_ip": "169.229.49.254", "config": {"starting_lr": 0.01, "momentum": 0.997, "weight_decay": 0.005, "steps_per_iteration": null, "pin": false, "model_creator": null, "target_batch_size": 1024, "model_string": "resnet18", "min_batch_size": 512, "dataset": "CIFAR", "placement": null, "use_nccl": true, "devices_per_worker": 1, "primary_resource": "extra_gpu", "gpu": false, "verbose": false, "lr_config": {"mode": "log", "steps": 5, "initial_lr": 0.01, "target_lr": 0.01}, "batch_per_device": 1024}, "time_since_restore": 20.241161584854126, "timesteps_since_restore": 0, "iterations_since_restore": 2, "mean_throughput": 5928.454577174803, "atoms": 1, "resource_time": 20.241161584854126}
{"apply": 0.009158039093017578, "batch_time": 0.1211167812347412, "d2h": 0.006393241882324219, "data_time": 0.01979970932006836, "fwd": 0.030872559547424315, "get_state_time_mean": NaN, "get_state_time_total": 0.0, "grad": 0.06011509895324707, "mean_accuracy": 0.41349998116493225, "mean_loss": 1.552240828704834, "neg_mean_accuracy": -0.41349998116493225, "set_state_time_mean": NaN, "set_state_time_total": 0.0, "setup_model_time_mean": NaN, "setup_model_time_total": 0.0, "setup_proc_time_mean": NaN, "setup_proc_time_total": 0.0, "train_accuracy": 0.43421998620033264, "train_loss": 1.5404373321914673, "training_time_mean": NaN, "training_time_total": 0.0, "validation_time_mean": NaN, "validation_time_total": 0.0, "samples": 60000, "num_workers": 1, "done": false, "timesteps_total": null, "episodes_total": null, "training_iteration": 3, "neg_mean_loss": -1.552240828704834, "experiment_id": "89495fb06c1446e2af27723258f8237a", "date": "2019-05-30_15-00-49", "timestamp": 1559253649, "time_this_iter_s": 7.950331926345825, "time_total_s": 28.19149351119995, "pid": 32745, "hostname": "steropes", "node_ip": "169.229.49.254", "config": {"starting_lr": 0.01, "momentum": 0.997, "weight_decay": 0.005, "steps_per_iteration": null, "pin": false, "model_creator": null, "target_batch_size": 1024, "model_string": "resnet18", "min_batch_size": 512, "dataset": "CIFAR", "placement": null, "use_nccl": true, "devices_per_worker": 1, "primary_resource": "extra_gpu", "gpu": false, "verbose": false, "lr_config": {"mode": "log", "steps": 5, "initial_lr": 0.01, "target_lr": 0.01}, "batch_per_device": 1024}, "time_since_restore": 28.19149351119995, "timesteps_since_restore": 0, "iterations_since_restore": 3, "mean_throughput": 6384.842785656923, "atoms": 1, "resource_time": 28.19149351119995}
{"apply": 0.010380959510803223, "batch_time": 0.12386951446533204, "d2h": 0.005013799667358399, "data_time": 0.02388098775124063, "fwd": 0.03296504020690918, "get_state_time_mean": NaN, "get_state_time_total": 0.0, "grad": 0.06670777797698975, "mean_accuracy": 0.26969999074935913, "mean_loss": 1.9682371194839479, "neg_mean_accuracy": -0.26969999074935913, "set_state_time_mean": NaN, "set_state_time_total": 0.0, "setup_model_time_mean": NaN, "setup_model_time_total": 0.0, "setup_proc_time_mean": NaN, "setup_proc_time_total": 0.0, "train_accuracy": 0.46831998229026794, "train_loss": 1.4431509721374511, "training_time_mean": NaN, "training_time_total": 0.0, "validation_time_mean": NaN, "validation_time_total": 0.0, "samples": 60000, "num_workers": 1, "done": false, "timesteps_total": null, "episodes_total": null, "training_iteration": 4, "neg_mean_loss": -1.9682371194839479, "experiment_id": "89495fb06c1446e2af27723258f8237a", "date": "2019-05-30_15-00-57", "timestamp": 1559253657, "time_this_iter_s": 7.92585825920105, "time_total_s": 36.117351770401, "pid": 32745, "hostname": "steropes", "node_ip": "169.229.49.254", "config": {"starting_lr": 0.01, "momentum": 0.997, "weight_decay": 0.005, "steps_per_iteration": null, "pin": false, "model_creator": null, "target_batch_size": 1024, "model_string": "resnet18", "min_batch_size": 512, "dataset": "CIFAR", "placement": null, "use_nccl": true, "devices_per_worker": 1, "primary_resource": "extra_gpu", "gpu": false, "verbose": false, "lr_config": {"mode": "log", "steps": 5, "initial_lr": 0.01, "target_lr": 0.01}, "batch_per_device": 1024}, "time_since_restore": 36.117351770401, "timesteps_since_restore": 0, "iterations_since_restore": 4, "mean_throughput": 6644.9280468159395, "atoms": 1, "resource_time": 36.117351770401}
{"apply": 0.008097577095031738, "batch_time": 0.1322983980178833, "d2h": 0.005598831176757813, "data_time": 0.026932278457953006, "fwd": 0.028814220428466798, "get_state_time_mean": NaN, "get_state_time_total": 0.0, "grad": 0.057151412963867186, "mean_accuracy": 0.15349999070167542, "mean_loss": 2.3349479709625243, "neg_mean_accuracy": -0.15349999070167542, "set_state_time_mean": NaN, "set_state_time_total": 0.0, "setup_model_time_mean": NaN, "setup_model_time_total": 0.0, "setup_proc_time_mean": NaN, "setup_proc_time_total": 0.0, "train_accuracy": 0.4869399964809418, "train_loss": 1.4282312941360473, "training_time_mean": NaN, "training_time_total": 0.0, "validation_time_mean": NaN, "validation_time_total": 0.0, "samples": 60000, "num_workers": 1, "done": false, "timesteps_total": null, "episodes_total": null, "training_iteration": 5, "neg_mean_loss": -2.3349479709625243, "experiment_id": "89495fb06c1446e2af27723258f8237a", "date": "2019-05-30_15-01-05", "timestamp": 1559253665, "time_this_iter_s": 7.874659061431885, "time_total_s": 43.992010831832886, "pid": 32745, "hostname": "steropes", "node_ip": "169.229.49.254", "config": {"starting_lr": 0.01, "momentum": 0.997, "weight_decay": 0.005, "steps_per_iteration": null, "pin": false, "model_creator": null, "target_batch_size": 1024, "model_string": "resnet18", "min_batch_size": 512, "dataset": "CIFAR", "placement": null, "use_nccl": true, "devices_per_worker": 1, "primary_resource": "extra_gpu", "gpu": false, "verbose": false, "lr_config": {"mode": "log", "steps": 5, "initial_lr": 0.01, "target_lr": 0.01}, "batch_per_device": 1024}, "time_since_restore": 43.992010831832886, "timesteps_since_restore": 0, "iterations_since_restore": 5, "mean_throughput": 6819.34341994063, "atoms": 1, "resource_time": 43.992010831832886}
{"apply": 0.0074920654296875, "batch_time": 0.13169562816619873, "d2h": 0.006895089149475097, "data_time": 0.02585786702681561, "fwd": 0.02541477680206299, "get_state_time_mean": NaN, "get_state_time_total": 0.0, "grad": 0.059175515174865724, "mean_accuracy": 0.1347000002861023, "mean_loss": 39.433943084716795, "neg_mean_accuracy": -0.1347000002861023, "set_state_time_mean": NaN, "set_state_time_total": 0.0, "setup_model_time_mean": NaN, "setup_model_time_total": 0.0, "setup_proc_time_mean": NaN, "setup_proc_time_total": 0.0, "train_accuracy": 0.32597997784614563, "train_loss": 1.8447601873397828, "training_time_mean": NaN, "training_time_total": 0.0, "validation_time_mean": NaN, "validation_time_total": 0.0, "samples": 60000, "num_workers": 1, "done": false, "timesteps_total": null, "episodes_total": null, "training_iteration": 6, "neg_mean_loss": -39.433943084716795, "experiment_id": "89495fb06c1446e2af27723258f8237a", "date": "2019-05-30_15-01-13", "timestamp": 1559253673, "time_this_iter_s": 7.888715028762817, "time_total_s": 51.8807258605957, "pid": 32745, "hostname": "steropes", "node_ip": "169.229.49.254", "config": {"starting_lr": 0.01, "momentum": 0.997, "weight_decay": 0.005, "steps_per_iteration": null, "pin": false, "model_creator": null, "target_batch_size": 1024, "model_string": "resnet18", "min_batch_size": 512, "dataset": "CIFAR", "placement": null, "use_nccl": true, "devices_per_worker": 1, "primary_resource": "extra_gpu", "gpu": false, "verbose": false, "lr_config": {"mode": "log", "steps": 5, "initial_lr": 0.01, "target_lr": 0.01}, "batch_per_device": 1024}, "time_since_restore": 51.8807258605957, "timesteps_since_restore": 0, "iterations_since_restore": 6, "mean_throughput": 7535.899788205777, "atoms": 1, "resource_time": 51.8807258605957}
{"apply": 0.007486462593078613, "batch_time": 0.13147478103637694, "d2h": 0.006693315505981445, "data_time": 0.03239964952274245, "fwd": 0.023540949821472167, "get_state_time_mean": NaN, "get_state_time_total": 0.0, "grad": 0.05683829784393311, "mean_accuracy": 0.29170000553131104, "mean_loss": 3.971857717895508, "neg_mean_accuracy": -0.29170000553131104, "set_state_time_mean": NaN, "set_state_time_total": 0.0, "setup_model_time_mean": NaN, "setup_model_time_total": 0.0, "setup_proc_time_mean": NaN, "setup_proc_time_total": 0.0, "train_accuracy": 0.4131599962711334, "train_loss": 1.5767137100219726, "training_time_mean": NaN, "training_time_total": 0.0, "validation_time_mean": NaN, "validation_time_total": 0.0, "samples": 60000, "num_workers": 1, "done": false, "timesteps_total": null, "episodes_total": null, "training_iteration": 7, "neg_mean_loss": -3.971857717895508, "experiment_id": "89495fb06c1446e2af27723258f8237a", "date": "2019-05-30_15-01-21", "timestamp": 1559253681, "time_this_iter_s": 7.956658363342285, "time_total_s": 59.83738422393799, "pid": 32745, "hostname": "steropes", "node_ip": "169.229.49.254", "config": {"starting_lr": 0.01, "momentum": 0.997, "weight_decay": 0.005, "steps_per_iteration": null, "pin": false, "model_creator": null, "target_batch_size": 1024, "model_string": "resnet18", "min_batch_size": 512, "dataset": "CIFAR", "placement": null, "use_nccl": true, "devices_per_worker": 1, "primary_resource": "extra_gpu", "gpu": false, "verbose": false, "lr_config": {"mode": "log", "steps": 5, "initial_lr": 0.01, "target_lr": 0.01}, "batch_per_device": 1024}, "time_since_restore": 59.83738422393799, "timesteps_since_restore": 0, "iterations_since_restore": 7, "mean_throughput": 7576.395702061234, "atoms": 1, "resource_time": 59.83738422393799}
{"apply": 0.008665752410888673, "batch_time": 0.13352837562561035, "d2h": 0.005583286285400391, "data_time": 0.030733658342945332, "fwd": 0.026323103904724122, "get_state_time_mean": NaN, "get_state_time_total": 0.0, "grad": 0.058228564262390134, "mean_accuracy": 0.46239998936653137, "mean_loss": 1.5445010618209838, "neg_mean_accuracy": -0.46239998936653137, "set_state_time_mean": NaN, "set_state_time_total": 0.0, "setup_model_time_mean": NaN, "setup_model_time_total": 0.0, "setup_proc_time_mean": NaN, "setup_proc_time_total": 0.0, "train_accuracy": 0.4617599844932556, "train_loss": 1.4623800751495362, "training_time_mean": NaN, "training_time_total": 0.0, "validation_time_mean": NaN, "validation_time_total": 0.0, "samples": 60000, "num_workers": 1, "done": false, "timesteps_total": null, "episodes_total": null, "training_iteration": 8, "neg_mean_loss": -1.5445010618209838, "experiment_id": "89495fb06c1446e2af27723258f8237a", "date": "2019-05-30_15-01-29", "timestamp": 1559253689, "time_this_iter_s": 7.977787733078003, "time_total_s": 67.81517195701599, "pid": 32745, "hostname": "steropes", "node_ip": "169.229.49.254", "config": {"starting_lr": 0.01, "momentum": 0.997, "weight_decay": 0.005, "steps_per_iteration": null, "pin": false, "model_creator": null, "target_batch_size": 1024, "model_string": "resnet18", "min_batch_size": 512, "dataset": "CIFAR", "placement": null, "use_nccl": true, "devices_per_worker": 1, "primary_resource": "extra_gpu", "gpu": false, "verbose": false, "lr_config": {"mode": "log", "steps": 5, "initial_lr": 0.01, "target_lr": 0.01}, "batch_per_device": 1024}, "time_since_restore": 67.81517195701599, "timesteps_since_restore": 0, "iterations_since_restore": 8, "mean_throughput": 7571.144784532335, "atoms": 1, "resource_time": 67.81517195701599}
{"apply": 0.011113333702087402, "batch_time": 0.13015995025634766, "d2h": 0.004903483390808106, "data_time": 0.026163115793344925, "fwd": 0.024941182136535643, "get_state_time_mean": NaN, "get_state_time_total": 0.0, "grad": 0.0529780387878418, "mean_accuracy": 0.439300000667572, "mean_loss": 1.7419877212524415, "neg_mean_accuracy": -0.439300000667572, "set_state_time_mean": NaN, "set_state_time_total": 0.0, "setup_model_time_mean": NaN, "setup_model_time_total": 0.0, "setup_proc_time_mean": NaN, "setup_proc_time_total": 0.0, "train_accuracy": 0.49431997537612915, "train_loss": 1.3854570655059815, "training_time_mean": NaN, "training_time_total": 0.0, "validation_time_mean": NaN, "validation_time_total": 0.0, "samples": 60000, "num_workers": 1, "done": false, "timesteps_total": null, "episodes_total": null, "training_iteration": 9, "neg_mean_loss": -1.7419877212524415, "experiment_id": "89495fb06c1446e2af27723258f8237a", "date": "2019-05-30_15-01-37", "timestamp": 1559253697, "time_this_iter_s": 7.95374321937561, "time_total_s": 75.7689151763916, "pid": 32745, "hostname": "steropes", "node_ip": "169.229.49.254", "config": {"starting_lr": 0.01, "momentum": 0.997, "weight_decay": 0.005, "steps_per_iteration": null, "pin": false, "model_creator": null, "target_batch_size": 1024, "model_string": "resnet18", "min_batch_size": 512, "dataset": "CIFAR", "placement": null, "use_nccl": true, "devices_per_worker": 1, "primary_resource": "extra_gpu", "gpu": false, "verbose": false, "lr_config": {"mode": "log", "steps": 5, "initial_lr": 0.01, "target_lr": 0.01}, "batch_per_device": 1024}, "time_since_restore": 75.7689151763916, "timesteps_since_restore": 0, "iterations_since_restore": 9, "mean_throughput": 7565.832993185141, "atoms": 1, "resource_time": 75.7689151763916}
{"apply": 0.00884859561920166, "batch_time": 0.12763640880584717, "d2h": 0.005727028846740723, "data_time": 0.022595128234551877, "fwd": 0.023908376693725586, "get_state_time_mean": NaN, "get_state_time_total": 0.0, "grad": 0.06355149745941162, "mean_accuracy": 0.3904999792575836, "mean_loss": 1.941240016937256, "neg_mean_accuracy": -0.3904999792575836, "set_state_time_mean": NaN, "set_state_time_total": 0.0, "setup_model_time_mean": NaN, "setup_model_time_total": 0.0, "setup_proc_time_mean": NaN, "setup_proc_time_total": 0.0, "train_accuracy": 0.5045199990272522, "train_loss": 1.6692975537490844, "training_time_mean": NaN, "training_time_total": 0.0, "validation_time_mean": NaN, "validation_time_total": 0.0, "samples": 60000, "num_workers": 1, "done": false, "timesteps_total": null, "episodes_total": null, "training_iteration": 10, "neg_mean_loss": -1.941240016937256, "experiment_id": "89495fb06c1446e2af27723258f8237a", "date": "2019-05-30_15-01-44", "timestamp": 1559253704, "time_this_iter_s": 7.840135097503662, "time_total_s": 83.60905027389526, "pid": 32745, "hostname": "steropes", "node_ip": "169.229.49.254", "config": {"starting_lr": 0.01, "momentum": 0.997, "weight_decay": 0.005, "steps_per_iteration": null, "pin": false, "model_creator": null, "target_batch_size": 1024, "model_string": "resnet18", "min_batch_size": 512, "dataset": "CIFAR", "placement": null, "use_nccl": true, "devices_per_worker": 1, "primary_resource": "extra_gpu", "gpu": false, "verbose": false, "lr_config": {"mode": "log", "steps": 5, "initial_lr": 0.01, "target_lr": 0.01}, "batch_per_device": 1024}, "time_since_restore": 83.60905027389526, "timesteps_since_restore": 0, "iterations_since_restore": 10, "mean_throughput": 7572.425478444118, "atoms": 1, "resource_time": 83.60905027389526}
{"apply": 0.008709383010864259, "batch_time": 0.12834548950195312, "d2h": 0.0053331851959228516, "data_time": 0.024801478093984176, "fwd": 0.024583888053894044, "get_state_time_mean": NaN, "get_state_time_total": 0.0, "grad": 0.05700662136077881, "mean_accuracy": 0.5426999926567078, "mean_loss": 1.3175765867233276, "neg_mean_accuracy": -0.5426999926567078, "set_state_time_mean": NaN, "set_state_time_total": 0.0, "setup_model_time_mean": NaN, "setup_model_time_total": 0.0, "setup_proc_time_mean": NaN, "setup_proc_time_total": 0.0, "train_accuracy": 0.49219998717308044, "train_loss": 1.4283804174804688, "training_time_mean": NaN, "training_time_total": 0.0, "validation_time_mean": NaN, "validation_time_total": 0.0, "samples": 60000, "num_workers": 1, "done": false, "timesteps_total": null, "episodes_total": null, "training_iteration": 11, "neg_mean_loss": -1.3175765867233276, "experiment_id": "89495fb06c1446e2af27723258f8237a", "date": "2019-05-30_15-01-52", "timestamp": 1559253712, "time_this_iter_s": 7.968693256378174, "time_total_s": 91.57774353027344, "pid": 32745, "hostname": "steropes", "node_ip": "169.229.49.254", "config": {"starting_lr": 0.01, "momentum": 0.997, "weight_decay": 0.005, "steps_per_iteration": null, "pin": false, "model_creator": null, "target_batch_size": 1024, "model_string": "resnet18", "min_batch_size": 512, "dataset": "CIFAR", "placement": null, "use_nccl": true, "devices_per_worker": 1, "primary_resource": "extra_gpu", "gpu": false, "verbose": false, "lr_config": {"mode": "log", "steps": 5, "initial_lr": 0.01, "target_lr": 0.01}, "batch_per_device": 1024}, "time_since_restore": 91.57774353027344, "timesteps_since_restore": 0, "iterations_since_restore": 11, "mean_throughput": 7557.169065510561, "atoms": 1, "resource_time": 91.57774353027344}
{"apply": 0.007271981239318848, "batch_time": 0.1204143762588501, "d2h": 0.0044525861740112305, "data_time": 0.02539561232741998, "fwd": 0.030359292030334474, "get_state_time_mean": NaN, "get_state_time_total": 0.0, "grad": 0.051215386390686034, "mean_accuracy": 0.5162000060081482, "mean_loss": 1.3561404560089112, "neg_mean_accuracy": -0.5162000060081482, "set_state_time_mean": NaN, "set_state_time_total": 0.0, "setup_model_time_mean": NaN, "setup_model_time_total": 0.0, "setup_proc_time_mean": NaN, "setup_proc_time_total": 0.0, "train_accuracy": 0.5421599745750427, "train_loss": 1.2869157349395752, "training_time_mean": NaN, "training_time_total": 0.0, "validation_time_mean": NaN, "validation_time_total": 0.0, "samples": 60000, "num_workers": 1, "done": false, "timesteps_total": null, "episodes_total": null, "training_iteration": 12, "neg_mean_loss": -1.3561404560089112, "experiment_id": "89495fb06c1446e2af27723258f8237a", "date": "2019-05-30_15-02-00", "timestamp": 1559253720, "time_this_iter_s": 7.598616361618042, "time_total_s": 99.17635989189148, "pid": 32745, "hostname": "steropes", "node_ip": "169.229.49.254", "config": {"starting_lr": 0.01, "momentum": 0.997, "weight_decay": 0.005, "steps_per_iteration": null, "pin": false, "model_creator": null, "target_batch_size": 1024, "model_string": "resnet18", "min_batch_size": 512, "dataset": "CIFAR", "placement": null, "use_nccl": true, "devices_per_worker": 1, "primary_resource": "extra_gpu", "gpu": false, "verbose": false, "lr_config": {"mode": "log", "steps": 5, "initial_lr": 0.01, "target_lr": 0.01}, "batch_per_device": 1024}, "time_since_restore": 99.17635989189148, "timesteps_since_restore": 0, "iterations_since_restore": 12, "mean_throughput": 7625.950008775389, "atoms": 1, "resource_time": 99.17635989189148}
{"apply": 0.009851741790771484, "batch_time": 0.1271279573440552, "d2h": 0.0058793783187866214, "data_time": 0.04050225627665617, "fwd": 0.023528122901916505, "get_state_time_mean": NaN, "get_state_time_total": 0.0, "grad": 0.04523072242736816, "mean_accuracy": 0.500499963760376, "mean_loss": 1.4437954956054688, "neg_mean_accuracy": -0.500499963760376, "set_state_time_mean": NaN, "set_state_time_total": 0.0, "setup_model_time_mean": NaN, "setup_model_time_total": 0.0, "setup_proc_time_mean": NaN, "setup_proc_time_total": 0.0, "train_accuracy": 0.5654399991035461, "train_loss": 1.2174942071151733, "training_time_mean": NaN, "training_time_total": 0.0, "validation_time_mean": NaN, "validation_time_total": 0.0, "samples": 60000, "num_workers": 1, "done": true, "timesteps_total": null, "episodes_total": null, "training_iteration": 13, "neg_mean_loss": -1.4437954956054688, "experiment_id": "89495fb06c1446e2af27723258f8237a", "date": "2019-05-30_15-02-08", "timestamp": 1559253728, "time_this_iter_s": 8.071009397506714, "time_total_s": 107.2473692893982, "pid": 32745, "hostname": "steropes", "node_ip": "169.229.49.254", "config": {"starting_lr": 0.01, "momentum": 0.997, "weight_decay": 0.005, "steps_per_iteration": null, "pin": false, "model_creator": null, "target_batch_size": 1024, "model_string": "resnet18", "min_batch_size": 512, "dataset": "CIFAR", "placement": null, "use_nccl": true, "devices_per_worker": 1, "primary_resource": "extra_gpu", "gpu": false, "verbose": false, "lr_config": {"mode": "log", "steps": 5, "initial_lr": 0.01, "target_lr": 0.01}, "batch_per_device": 1024}, "time_since_restore": 107.2473692893982, "timesteps_since_restore": 0, "iterations_since_restore": 13, "mean_throughput": 7607.921859209412, "atoms": 1, "resource_time": 107.2473692893982}
