{"apply": 0.01745560169219971, "batch_time": 0.04230996325046201, "d2h": 0.0006883621215820312, "data_time": 0.0018519093008602366, "fwd": 0.11941137313842773, "get_state_time_mean": NaN, "get_state_time_total": 0.0, "grad": 0.16400291919708251, "mean_accuracy": 0.3122999966144562, "mean_loss": 1.9254136520385743, "neg_mean_accuracy": -0.3122999966144562, "set_state_time_mean": NaN, "set_state_time_total": 0.0, "setup_model_time_mean": 8.445250034332275, "setup_model_time_total": 8.445250034332275, "setup_proc_time_mean": 0.215010404586792, "setup_proc_time_total": 0.215010404586792, "train_accuracy": 0.21623998880386353, "train_loss": 2.2954588148498534, "training_time_mean": NaN, "training_time_total": 0.0, "val_accuracy": 0.3122999966144562, "val_loss": 1.9254136520385743, "validation_time_mean": NaN, "validation_time_total": 0.0, "samples": 60000, "num_workers": 1, "done": false, "timesteps_total": null, "episodes_total": null, "training_iteration": 1, "neg_mean_loss": -1.9254136520385743, "experiment_id": "7309f188c04f4915b8048c16c595a265", "date": "2019-06-03_22-32-20", "timestamp": 1559626340, "time_this_iter_s": 46.19230580329895, "time_total_s": 46.19230580329895, "pid": 1300, "hostname": "steropes", "node_ip": "169.229.49.254", "config": {"starting_lr": 0.001, "momentum": 0.95, "weight_decay": 0.0001, "steps_per_iteration": null, "pin": false, "model_creator": null, "target_batch_size": 128, "model_string": "resnet50", "min_batch_size": 128, "dataset": "CIFAR", "placement": null, "use_nccl": true, "devices_per_worker": 1, "primary_resource": "extra_gpu", "gpu": false, "verbose": false, "lr_config": {"mode": "log", "steps": 5, "initial_lr": 0.001, "target_lr": 0.001}, "batch_per_device": 128}, "time_since_restore": 46.19230580329895, "timesteps_since_restore": 0, "iterations_since_restore": 1, "mean_throughput": 1298.915355769009, "atoms": 1, "setup_time": 9.17849588394165}
{"apply": 0.017035555839538575, "batch_time": 0.03189160250410249, "d2h": 0.0007316827774047852, "data_time": 0.0019154444984767747, "fwd": 0.02747335433959961, "get_state_time_mean": NaN, "get_state_time_total": 0.0, "grad": 0.046874165534973145, "mean_accuracy": 0.3536499887704849, "mean_loss": 1.8098644925117493, "neg_mean_accuracy": -0.39499998092651367, "set_state_time_mean": NaN, "set_state_time_total": 0.0, "setup_model_time_mean": NaN, "setup_model_time_total": 0.0, "setup_proc_time_mean": NaN, "setup_proc_time_total": 0.0, "train_accuracy": 0.32829999923706055, "train_loss": 1.8689194424438476, "training_time_mean": NaN, "training_time_total": 0.0, "val_accuracy": 0.39499998092651367, "val_loss": 1.6943153329849243, "validation_time_mean": NaN, "validation_time_total": 0.0, "samples": 60000, "num_workers": 1, "done": false, "timesteps_total": null, "episodes_total": null, "training_iteration": 2, "neg_mean_loss": -1.8098644925117493, "experiment_id": "7309f188c04f4915b8048c16c595a265", "date": "2019-06-03_22-33-00", "timestamp": 1559626380, "time_this_iter_s": 40.36939311027527, "time_total_s": 86.56169891357422, "pid": 1300, "hostname": "steropes", "node_ip": "169.229.49.254", "config": {"starting_lr": 0.001, "momentum": 0.95, "weight_decay": 0.0001, "steps_per_iteration": null, "pin": false, "model_creator": null, "target_batch_size": 128, "model_string": "resnet50", "min_batch_size": 128, "dataset": "CIFAR", "placement": null, "use_nccl": true, "devices_per_worker": 1, "primary_resource": "extra_gpu", "gpu": false, "verbose": false, "lr_config": {"mode": "log", "steps": 5, "initial_lr": 0.001, "target_lr": 0.001}, "batch_per_device": 128}, "time_since_restore": 86.56169891357422, "timesteps_since_restore": 0, "iterations_since_restore": 2, "mean_throughput": 1386.2919282838616, "atoms": 1, "setup_time": 9.17849588394165}
{"apply": 0.017270612716674804, "batch_time": 0.031898166559919526, "d2h": 0.0007750749588012696, "data_time": 0.0018726980594722816, "fwd": 0.028565382957458495, "get_state_time_mean": NaN, "get_state_time_total": 0.0, "grad": 0.047310280799865725, "mean_accuracy": 0.38063332438468933, "mean_loss": 1.7219004068374633, "neg_mean_accuracy": -0.43459999561309814, "set_state_time_mean": NaN, "set_state_time_total": 0.0, "setup_model_time_mean": NaN, "setup_model_time_total": 0.0, "setup_proc_time_mean": NaN, "setup_proc_time_total": 0.0, "train_accuracy": 0.3878600001335144, "train_loss": 1.694828899536133, "training_time_mean": NaN, "training_time_total": 0.0, "val_accuracy": 0.43459999561309814, "val_loss": 1.5459722354888916, "validation_time_mean": NaN, "validation_time_total": 0.0, "samples": 60000, "num_workers": 1, "done": false, "timesteps_total": null, "episodes_total": null, "training_iteration": 3, "neg_mean_loss": -1.7219004068374633, "experiment_id": "7309f188c04f4915b8048c16c595a265", "date": "2019-06-03_22-33-41", "timestamp": 1559626421, "time_this_iter_s": 40.21890115737915, "time_total_s": 126.78060007095337, "pid": 1300, "hostname": "steropes", "node_ip": "169.229.49.254", "config": {"starting_lr": 0.001, "momentum": 0.95, "weight_decay": 0.0001, "steps_per_iteration": null, "pin": false, "model_creator": null, "target_batch_size": 128, "model_string": "resnet50", "min_batch_size": 128, "dataset": "CIFAR", "placement": null, "use_nccl": true, "devices_per_worker": 1, "primary_resource": "extra_gpu", "gpu": false, "verbose": false, "lr_config": {"mode": "log", "steps": 5, "initial_lr": 0.001, "target_lr": 0.001}, "batch_per_device": 128}, "time_since_restore": 126.78060007095337, "timesteps_since_restore": 0, "iterations_since_restore": 3, "mean_throughput": 1419.7722932818438, "atoms": 1, "setup_time": 9.17849588394165}
{"apply": 0.017006421089172365, "batch_time": 0.03167270708687698, "d2h": 0.0006640195846557617, "data_time": 0.0018424292659515616, "fwd": 0.02769615650177002, "get_state_time_mean": NaN, "get_state_time_total": 0.0, "grad": 0.04705047607421875, "mean_accuracy": 0.3989249914884567, "mean_loss": 1.6875056342601775, "neg_mean_accuracy": -0.4537999927997589, "set_state_time_mean": NaN, "set_state_time_total": 0.0, "setup_model_time_mean": NaN, "setup_model_time_total": 0.0, "setup_proc_time_mean": NaN, "setup_proc_time_total": 0.0, "train_accuracy": 0.4245399832725525, "train_loss": 1.5999700598526, "training_time_mean": NaN, "training_time_total": 0.0, "val_accuracy": 0.4537999927997589, "val_loss": 1.5843213165283203, "validation_time_mean": NaN, "validation_time_total": 0.0, "samples": 60000, "num_workers": 1, "done": false, "timesteps_total": null, "episodes_total": null, "training_iteration": 4, "neg_mean_loss": -1.6875056342601775, "experiment_id": "7309f188c04f4915b8048c16c595a265", "date": "2019-06-03_22-34-21", "timestamp": 1559626461, "time_this_iter_s": 40.11229491233826, "time_total_s": 166.89289498329163, "pid": 1300, "hostname": "steropes", "node_ip": "169.229.49.254", "config": {"starting_lr": 0.001, "momentum": 0.95, "weight_decay": 0.0001, "steps_per_iteration": null, "pin": false, "model_creator": null, "target_batch_size": 128, "model_string": "resnet50", "min_batch_size": 128, "dataset": "CIFAR", "placement": null, "use_nccl": true, "devices_per_worker": 1, "primary_resource": "extra_gpu", "gpu": false, "verbose": false, "lr_config": {"mode": "log", "steps": 5, "initial_lr": 0.001, "target_lr": 0.001}, "batch_per_device": 128}, "time_since_restore": 166.89289498329163, "timesteps_since_restore": 0, "iterations_since_restore": 4, "mean_throughput": 1438.0447951143622, "atoms": 1, "setup_time": 9.17849588394165}
{"apply": 0.01733856201171875, "batch_time": 0.03225584271587903, "d2h": 0.0006571769714355469, "data_time": 0.0018611576246178668, "fwd": 0.027959752082824706, "get_state_time_mean": NaN, "get_state_time_total": 0.0, "grad": 0.04737730026245117, "mean_accuracy": 0.41751999258995054, "mean_loss": 1.6369168558502196, "neg_mean_accuracy": -0.4918999969959259, "set_state_time_mean": NaN, "set_state_time_total": 0.0, "setup_model_time_mean": NaN, "setup_model_time_total": 0.0, "setup_proc_time_mean": NaN, "setup_proc_time_total": 0.0, "train_accuracy": 0.4444800019264221, "train_loss": 1.546316403503418, "training_time_mean": NaN, "training_time_total": 0.0, "val_accuracy": 0.4918999969959259, "val_loss": 1.4345617422103882, "validation_time_mean": NaN, "validation_time_total": 0.0, "samples": 60000, "num_workers": 1, "done": false, "timesteps_total": null, "episodes_total": null, "training_iteration": 5, "neg_mean_loss": -1.6369168558502196, "experiment_id": "7309f188c04f4915b8048c16c595a265", "date": "2019-06-03_22-35-01", "timestamp": 1559626501, "time_this_iter_s": 40.224440813064575, "time_total_s": 207.1173357963562, "pid": 1300, "hostname": "steropes", "node_ip": "169.229.49.254", "config": {"starting_lr": 0.001, "momentum": 0.95, "weight_decay": 0.0001, "steps_per_iteration": null, "pin": false, "model_creator": null, "target_batch_size": 128, "model_string": "resnet50", "min_batch_size": 128, "dataset": "CIFAR", "placement": null, "use_nccl": true, "devices_per_worker": 1, "primary_resource": "extra_gpu", "gpu": false, "verbose": false, "lr_config": {"mode": "log", "steps": 5, "initial_lr": 0.001, "target_lr": 0.001}, "batch_per_device": 128}, "time_since_restore": 207.1173357963562, "timesteps_since_restore": 0, "iterations_since_restore": 5, "mean_throughput": 1448.4511864334786, "atoms": 1, "setup_time": 9.17849588394165}
{"apply": 0.016930150985717773, "batch_time": 0.031721558751939216, "d2h": 0.0006230354309082031, "data_time": 0.001823426512501124, "fwd": 0.027734804153442382, "get_state_time_mean": NaN, "get_state_time_total": 0.0, "grad": 0.04711968898773193, "mean_accuracy": 0.4535999894142151, "mean_loss": 1.538143038330078, "neg_mean_accuracy": -0.4926999807357788, "set_state_time_mean": NaN, "set_state_time_total": 0.0, "setup_model_time_mean": NaN, "setup_model_time_total": 0.0, "setup_proc_time_mean": NaN, "setup_proc_time_total": 0.0, "train_accuracy": 0.4641200006008148, "train_loss": 1.495738212814331, "training_time_mean": NaN, "training_time_total": 0.0, "val_accuracy": 0.4926999807357788, "val_loss": 1.4315445644378662, "validation_time_mean": NaN, "validation_time_total": 0.0, "samples": 60000, "num_workers": 1, "done": false, "timesteps_total": null, "episodes_total": null, "training_iteration": 6, "neg_mean_loss": -1.538143038330078, "experiment_id": "7309f188c04f4915b8048c16c595a265", "date": "2019-06-03_22-35-41", "timestamp": 1559626541, "time_this_iter_s": 40.087626218795776, "time_total_s": 247.20496201515198, "pid": 1300, "hostname": "steropes", "node_ip": "169.229.49.254", "config": {"starting_lr": 0.001, "momentum": 0.95, "weight_decay": 0.0001, "steps_per_iteration": null, "pin": false, "model_creator": null, "target_batch_size": 128, "model_string": "resnet50", "min_batch_size": 128, "dataset": "CIFAR", "placement": null, "use_nccl": true, "devices_per_worker": 1, "primary_resource": "extra_gpu", "gpu": false, "verbose": false, "lr_config": {"mode": "log", "steps": 5, "initial_lr": 0.001, "target_lr": 0.001}, "batch_per_device": 128}, "time_since_restore": 247.20496201515198, "timesteps_since_restore": 0, "iterations_since_restore": 6, "mean_throughput": 1492.4400155364767, "atoms": 1, "setup_time": 9.17849588394165}
{"apply": 0.017609310150146485, "batch_time": 0.032135196878940245, "d2h": 0.0006434202194213867, "data_time": 0.0018388517677326642, "fwd": 0.027457332611083983, "get_state_time_mean": NaN, "get_state_time_total": 0.0, "grad": 0.047182655334472655, "mean_accuracy": 0.4774999856948853, "mean_loss": 1.4793443575286864, "neg_mean_accuracy": -0.5144999623298645, "set_state_time_mean": NaN, "set_state_time_total": 0.0, "setup_model_time_mean": NaN, "setup_model_time_total": 0.0, "setup_proc_time_mean": NaN, "setup_proc_time_total": 0.0, "train_accuracy": 0.4846799969673157, "train_loss": 1.4448205569839478, "training_time_mean": NaN, "training_time_total": 0.0, "val_accuracy": 0.5144999623298645, "val_loss": 1.4003219289779663, "validation_time_mean": NaN, "validation_time_total": 0.0, "samples": 60000, "num_workers": 1, "done": false, "timesteps_total": null, "episodes_total": null, "training_iteration": 7, "neg_mean_loss": -1.4793443575286864, "experiment_id": "7309f188c04f4915b8048c16c595a265", "date": "2019-06-03_22-36-21", "timestamp": 1559626581, "time_this_iter_s": 40.148366928100586, "time_total_s": 287.35332894325256, "pid": 1300, "hostname": "steropes", "node_ip": "169.229.49.254", "config": {"starting_lr": 0.001, "momentum": 0.95, "weight_decay": 0.0001, "steps_per_iteration": null, "pin": false, "model_creator": null, "target_batch_size": 128, "model_string": "resnet50", "min_batch_size": 128, "dataset": "CIFAR", "placement": null, "use_nccl": true, "devices_per_worker": 1, "primary_resource": "extra_gpu", "gpu": false, "verbose": false, "lr_config": {"mode": "log", "steps": 5, "initial_lr": 0.001, "target_lr": 0.001}, "batch_per_device": 128}, "time_since_restore": 287.35332894325256, "timesteps_since_restore": 0, "iterations_since_restore": 7, "mean_throughput": 1494.0828065119906, "atoms": 1, "setup_time": 9.17849588394165}
{"apply": 0.01718580722808838, "batch_time": 0.03169694127915781, "d2h": 0.0006663322448730469, "data_time": 0.0018560447351402029, "fwd": 0.02797689437866211, "get_state_time_mean": NaN, "get_state_time_total": 0.0, "grad": 0.046829843521118165, "mean_accuracy": 0.49377998113632204, "mean_loss": 1.443050872077942, "neg_mean_accuracy": -0.515999972820282, "set_state_time_mean": NaN, "set_state_time_total": 0.0, "setup_model_time_mean": NaN, "setup_model_time_total": 0.0, "setup_proc_time_mean": NaN, "setup_proc_time_total": 0.0, "train_accuracy": 0.5016800165176392, "train_loss": 1.4011318062591553, "training_time_mean": NaN, "training_time_total": 0.0, "val_accuracy": 0.515999972820282, "val_loss": 1.3645048082351685, "validation_time_mean": NaN, "validation_time_total": 0.0, "samples": 60000, "num_workers": 1, "done": false, "timesteps_total": null, "episodes_total": null, "training_iteration": 8, "neg_mean_loss": -1.443050872077942, "experiment_id": "7309f188c04f4915b8048c16c595a265", "date": "2019-06-03_22-37-01", "timestamp": 1559626621, "time_this_iter_s": 40.09749937057495, "time_total_s": 327.4508283138275, "pid": 1300, "hostname": "steropes", "node_ip": "169.229.49.254", "config": {"starting_lr": 0.001, "momentum": 0.95, "weight_decay": 0.0001, "steps_per_iteration": null, "pin": false, "model_creator": null, "target_batch_size": 128, "model_string": "resnet50", "min_batch_size": 128, "dataset": "CIFAR", "placement": null, "use_nccl": true, "devices_per_worker": 1, "primary_resource": "extra_gpu", "gpu": false, "verbose": false, "lr_config": {"mode": "log", "steps": 5, "initial_lr": 0.001, "target_lr": 0.001}, "batch_per_device": 128}, "time_since_restore": 327.4508283138275, "timesteps_since_restore": 0, "iterations_since_restore": 8, "mean_throughput": 1494.987162374784, "atoms": 1, "setup_time": 9.17849588394165}
{"apply": 0.0172137975692749, "batch_time": 0.0319272717343101, "d2h": 0.0006489753723144531, "data_time": 0.001829710153057752, "fwd": 0.027738070487976073, "get_state_time_mean": NaN, "get_state_time_total": 0.0, "grad": 0.04756762981414795, "mean_accuracy": 0.5080199778079987, "mean_loss": 1.3860924841690063, "neg_mean_accuracy": -0.5249999761581421, "set_state_time_mean": NaN, "set_state_time_total": 0.0, "setup_model_time_mean": NaN, "setup_model_time_total": 0.0, "setup_proc_time_mean": NaN, "setup_proc_time_total": 0.0, "train_accuracy": 0.5101000070571899, "train_loss": 1.3649814165496825, "training_time_mean": NaN, "training_time_total": 0.0, "val_accuracy": 0.5249999761581421, "val_loss": 1.2995293769836427, "validation_time_mean": NaN, "validation_time_total": 0.0, "samples": 60000, "num_workers": 1, "done": false, "timesteps_total": null, "episodes_total": null, "training_iteration": 9, "neg_mean_loss": -1.3860924841690063, "experiment_id": "7309f188c04f4915b8048c16c595a265", "date": "2019-06-03_22-37-42", "timestamp": 1559626662, "time_this_iter_s": 40.24415969848633, "time_total_s": 367.69498801231384, "pid": 1300, "hostname": "steropes", "node_ip": "169.229.49.254", "config": {"starting_lr": 0.001, "momentum": 0.95, "weight_decay": 0.0001, "steps_per_iteration": null, "pin": false, "model_creator": null, "target_batch_size": 128, "model_string": "resnet50", "min_batch_size": 128, "dataset": "CIFAR", "placement": null, "use_nccl": true, "devices_per_worker": 1, "primary_resource": "extra_gpu", "gpu": false, "verbose": false, "lr_config": {"mode": "log", "steps": 5, "initial_lr": 0.001, "target_lr": 0.001}, "batch_per_device": 128}, "time_since_restore": 367.69498801231384, "timesteps_since_restore": 0, "iterations_since_restore": 9, "mean_throughput": 1494.0054970003205, "atoms": 1, "setup_time": 9.17849588394165}
{"apply": 0.017044591903686523, "batch_time": 0.031979422026042696, "d2h": 0.0006496191024780273, "data_time": 0.0018563404717408787, "fwd": 0.027780652046203613, "get_state_time_mean": NaN, "get_state_time_total": 0.0, "grad": 0.0469127893447876, "mean_accuracy": 0.5187799811363221, "mean_loss": 1.356565447769165, "neg_mean_accuracy": -0.5457000136375427, "set_state_time_mean": NaN, "set_state_time_total": 0.0, "setup_model_time_mean": NaN, "setup_model_time_total": 0.0, "setup_proc_time_mean": NaN, "setup_proc_time_total": 0.0, "train_accuracy": 0.522879958152771, "train_loss": 1.3307968888473511, "training_time_mean": NaN, "training_time_total": 0.0, "val_accuracy": 0.5457000136375427, "val_loss": 1.2869265602111817, "validation_time_mean": NaN, "validation_time_total": 0.0, "samples": 60000, "num_workers": 1, "done": false, "timesteps_total": null, "episodes_total": null, "training_iteration": 10, "neg_mean_loss": -1.356565447769165, "experiment_id": "7309f188c04f4915b8048c16c595a265", "date": "2019-06-03_22-38-22", "timestamp": 1559626702, "time_this_iter_s": 40.19027638435364, "time_total_s": 407.8852643966675, "pid": 1300, "hostname": "steropes", "node_ip": "169.229.49.254", "config": {"starting_lr": 0.001, "momentum": 0.95, "weight_decay": 0.0001, "steps_per_iteration": null, "pin": false, "model_creator": null, "target_batch_size": 128, "model_string": "resnet50", "min_batch_size": 128, "dataset": "CIFAR", "placement": null, "use_nccl": true, "devices_per_worker": 1, "primary_resource": "extra_gpu", "gpu": false, "verbose": false, "lr_config": {"mode": "log", "steps": 5, "initial_lr": 0.001, "target_lr": 0.001}, "batch_per_device": 128}, "time_since_restore": 407.8852643966675, "timesteps_since_restore": 0, "iterations_since_restore": 10, "mean_throughput": 1494.259695860057, "atoms": 1, "setup_time": 9.17849588394165}
