{"apply": 0.017795896530151366, "batch_time": 0.04217006586774995, "d2h": 0.0007213830947875976, "data_time": 0.001931485617557145, "fwd": 0.11721920967102051, "get_state_time_mean": NaN, "get_state_time_total": 0.0, "grad": 0.1646631956100464, "mean_accuracy": 0.1793999969959259, "mean_loss": 2.2058353923797607, "neg_mean_accuracy": -0.1793999969959259, "set_state_time_mean": NaN, "set_state_time_total": 0.0, "setup_model_time_mean": 8.462303876876831, "setup_model_time_total": 8.462303876876831, "setup_proc_time_mean": 0.6097753047943115, "setup_proc_time_total": 0.6097753047943115, "train_accuracy": 0.1672399938106537, "train_loss": 3.981573282623291, "training_time_mean": NaN, "training_time_total": 0.0, "val_accuracy": 0.1793999969959259, "val_loss": 2.2058353923797607, "validation_time_mean": NaN, "validation_time_total": 0.0, "samples": 60000, "num_workers": 1, "done": false, "timesteps_total": null, "episodes_total": null, "training_iteration": 1, "neg_mean_loss": -2.2058353923797607, "experiment_id": "9710dc04c17d4a458ff0a10e584c7052", "date": "2019-06-03_22-33-47", "timestamp": 1559626427, "time_this_iter_s": 46.65723776817322, "time_total_s": 46.65723776817322, "pid": 2674, "hostname": "steropes", "node_ip": "169.229.49.254", "config": {"starting_lr": 0.05, "momentum": 0.9, "weight_decay": 0.005, "steps_per_iteration": null, "pin": false, "model_creator": null, "target_batch_size": 128, "model_string": "resnet50", "min_batch_size": 128, "dataset": "CIFAR", "placement": null, "use_nccl": true, "devices_per_worker": 1, "primary_resource": "extra_gpu", "gpu": false, "verbose": false, "lr_config": {"mode": "log", "steps": 5, "initial_lr": 0.05, "target_lr": 0.05}, "batch_per_device": 128}, "time_since_restore": 46.65723776817322, "timesteps_since_restore": 0, "iterations_since_restore": 1, "mean_throughput": 1285.9719388801868, "atoms": 1, "setup_time": 9.624213218688965}
{"apply": 0.01740758419036865, "batch_time": 0.032540273062790497, "d2h": 0.0006511926651000977, "data_time": 0.001864012549905216, "fwd": 0.02853066921234131, "get_state_time_mean": NaN, "get_state_time_total": 0.0, "grad": 0.04759948253631592, "mean_accuracy": 0.24799999594688416, "mean_loss": 2.0205667993545533, "neg_mean_accuracy": -0.3165999948978424, "set_state_time_mean": NaN, "set_state_time_total": 0.0, "setup_model_time_mean": NaN, "setup_model_time_total": 0.0, "setup_proc_time_mean": NaN, "setup_proc_time_total": 0.0, "train_accuracy": 0.30021998286247253, "train_loss": 1.9200483877182006, "training_time_mean": NaN, "training_time_total": 0.0, "val_accuracy": 0.3165999948978424, "val_loss": 1.8352982063293457, "validation_time_mean": NaN, "validation_time_total": 0.0, "samples": 60000, "num_workers": 1, "done": false, "timesteps_total": null, "episodes_total": null, "training_iteration": 2, "neg_mean_loss": -2.0205667993545533, "experiment_id": "9710dc04c17d4a458ff0a10e584c7052", "date": "2019-06-03_22-34-28", "timestamp": 1559626468, "time_this_iter_s": 41.17658352851868, "time_total_s": 87.8338212966919, "pid": 2674, "hostname": "steropes", "node_ip": "169.229.49.254", "config": {"starting_lr": 0.05, "momentum": 0.9, "weight_decay": 0.005, "steps_per_iteration": null, "pin": false, "model_creator": null, "target_batch_size": 128, "model_string": "resnet50", "min_batch_size": 128, "dataset": "CIFAR", "placement": null, "use_nccl": true, "devices_per_worker": 1, "primary_resource": "extra_gpu", "gpu": false, "verbose": false, "lr_config": {"mode": "log", "steps": 5, "initial_lr": 0.05, "target_lr": 0.05}, "batch_per_device": 128}, "time_since_restore": 87.8338212966919, "timesteps_since_restore": 0, "iterations_since_restore": 2, "mean_throughput": 1366.2137785067234, "atoms": 1, "setup_time": 9.624213218688965}
{"apply": 0.017621469497680665, "batch_time": 0.03191242036940176, "d2h": 0.000672459602355957, "data_time": 0.0018660162415955683, "fwd": 0.029128456115722658, "get_state_time_mean": NaN, "get_state_time_total": 0.0, "grad": 0.048584914207458495, "mean_accuracy": 0.2872333228588104, "mean_loss": 1.955875754229228, "neg_mean_accuracy": -0.36569997668266296, "set_state_time_mean": NaN, "set_state_time_total": 0.0, "setup_model_time_mean": NaN, "setup_model_time_total": 0.0, "setup_proc_time_mean": NaN, "setup_proc_time_total": 0.0, "train_accuracy": 0.38853999972343445, "train_loss": 1.6719575870513916, "training_time_mean": NaN, "training_time_total": 0.0, "val_accuracy": 0.36569997668266296, "val_loss": 1.8264936639785767, "validation_time_mean": NaN, "validation_time_total": 0.0, "samples": 60000, "num_workers": 1, "done": true, "timesteps_total": null, "episodes_total": null, "training_iteration": 3, "neg_mean_loss": -1.955875754229228, "experiment_id": "9710dc04c17d4a458ff0a10e584c7052", "date": "2019-06-03_22-35-09", "timestamp": 1559626509, "time_this_iter_s": 40.807615756988525, "time_total_s": 128.64143705368042, "pid": 2674, "hostname": "steropes", "node_ip": "169.229.49.254", "config": {"starting_lr": 0.05, "momentum": 0.9, "weight_decay": 0.005, "steps_per_iteration": null, "pin": false, "model_creator": null, "target_batch_size": 128, "model_string": "resnet50", "min_batch_size": 128, "dataset": "CIFAR", "placement": null, "use_nccl": true, "devices_per_worker": 1, "primary_resource": "extra_gpu", "gpu": false, "verbose": false, "lr_config": {"mode": "log", "steps": 5, "initial_lr": 0.05, "target_lr": 0.05}, "batch_per_device": 128}, "time_since_restore": 128.64143705368042, "timesteps_since_restore": 0, "iterations_since_restore": 3, "mean_throughput": 1399.2329059402275, "atoms": 1, "setup_time": 9.624213218688965}
