apply,batch_time,d2h,data_time,fwd,get_state_time_mean,get_state_time_total,grad,mean_accuracy,mean_loss,neg_mean_accuracy,set_state_time_mean,set_state_time_total,setup_model_time_mean,setup_model_time_total,setup_proc_time_mean,setup_proc_time_total,train_accuracy,train_loss,training_time_mean,training_time_total,val_accuracy,val_loss,validation_time_mean,validation_time_total,samples,num_workers,done,timesteps_total,episodes_total,training_iteration,neg_mean_loss,experiment_id,date,timestamp,time_this_iter_s,time_total_s,pid,hostname,node_ip,config,time_since_restore,timesteps_since_restore,iterations_since_restore,mean_throughput,atoms,setup_time
0.01892514228820801,0.05112411402448823,0.0007056713104248047,0.0017671761915202032,0.11567645072937012,nan,0.0,0.22036523818969728,0.13539999723434448,2.2695064147949218,-0.13539999723434448,nan,0.0,18.329449892044067,18.329449892044067,1.7738430500030518,1.7738430500030518,0.12035999447107315,4.179933767166138,nan,0.0,0.13539999723434448,2.2695064147949218,nan,0.0,60000,1,False,,,1,-2.2695064147949218,96ea7068036845cebf04112c9822438a,2019-06-03_04-07-12,1559560032,47.91961669921875,47.91961669921875,16909,steropes,169.229.49.254,"{'starting_lr': 0.1, 'momentum': 0.95, 'weight_decay': 0.001, 'steps_per_iteration': None, 'pin': False, 'model_creator': None, 'target_batch_size': 128, 'model_string': 'resnet50', 'min_batch_size': 128, 'dataset': 'CIFAR', 'placement': None, 'use_nccl': True, 'devices_per_worker': 1, 'primary_resource': 'extra_gpu', 'gpu': False, 'verbose': False, 'lr_config': {'mode': 'log', 'steps': 5, 'initial_lr': 0.1, 'target_lr': 0.1}, 'batch_per_device': 128}",47.91961669921875,0,1,1252.09449668927,1,20.201951026916504
0.01814422607421875,0.03194058695925942,0.0007314682006835938,0.0017148795944955343,0.028207278251647948,nan,0.0,0.047574853897094725,0.2092999964952469,2.0626950510025024,-0.2831999957561493,nan,0.0,nan,0.0,nan,0.0,0.23014000058174133,2.0517410260009767,nan,0.0,0.2831999957561493,1.855883687210083,nan,0.0,60000,1,False,,,2,-2.0626950510025024,96ea7068036845cebf04112c9822438a,2019-06-03_04-07-53,1559560073,41.577277183532715,89.49689388275146,16909,steropes,169.229.49.254,"{'starting_lr': 0.1, 'momentum': 0.95, 'weight_decay': 0.001, 'steps_per_iteration': None, 'pin': False, 'model_creator': None, 'target_batch_size': 128, 'model_string': 'resnet50', 'min_batch_size': 128, 'dataset': 'CIFAR', 'placement': None, 'use_nccl': True, 'devices_per_worker': 1, 'primary_resource': 'extra_gpu', 'gpu': False, 'verbose': False, 'lr_config': {'mode': 'log', 'steps': 5, 'initial_lr': 0.1, 'target_lr': 0.1}, 'batch_per_device': 128}",89.49689388275146,0,2,1340.823055864633,1,20.201951026916504
0.01964430809020996,0.03275283982482138,0.0007418394088745117,0.0017413458860743687,0.030242729187011718,nan,0.0,0.0505908727645874,0.24586666623751322,1.9856847537358602,-0.3190000057220459,nan,0.0,nan,0.0,nan,0.0,0.34561997652053833,1.771269264602661,nan,0.0,0.3190000057220459,1.8316641592025757,nan,0.0,60000,1,False,,,3,-1.9856847537358602,96ea7068036845cebf04112c9822438a,2019-06-03_04-08-35,1559560115,42.11871337890625,131.61560726165771,16909,steropes,169.229.49.254,"{'starting_lr': 0.1, 'momentum': 0.95, 'weight_decay': 0.001, 'steps_per_iteration': None, 'pin': False, 'model_creator': None, 'target_batch_size': 128, 'model_string': 'resnet50', 'min_batch_size': 128, 'dataset': 'CIFAR', 'placement': None, 'use_nccl': True, 'devices_per_worker': 1, 'primary_resource': 'extra_gpu', 'gpu': False, 'verbose': False, 'lr_config': {'mode': 'log', 'steps': 5, 'initial_lr': 0.1, 'target_lr': 0.1}, 'batch_per_device': 128}",131.61560726165771,0,3,1367.6141420406648,1,20.201951026916504
0.021726155281066896,0.03187480757508097,0.0007287979125976563,0.0017935150419659627,0.03104739189147949,nan,0.0,0.048601412773132326,0.2785999998450279,1.9184204878807067,-0.376800000667572,nan,0.0,nan,0.0,nan,0.0,0.3919599950313568,1.6599701849746704,nan,0.0,0.376800000667572,1.7166276903152466,nan,0.0,60000,1,False,,,4,-1.9184204878807067,96ea7068036845cebf04112c9822438a,2019-06-03_04-09-17,1559560157,41.66659736633301,173.28220462799072,16909,steropes,169.229.49.254,"{'starting_lr': 0.1, 'momentum': 0.95, 'weight_decay': 0.001, 'steps_per_iteration': None, 'pin': False, 'model_creator': None, 'target_batch_size': 128, 'model_string': 'resnet50', 'min_batch_size': 128, 'dataset': 'CIFAR', 'placement': None, 'use_nccl': True, 'devices_per_worker': 1, 'primary_resource': 'extra_gpu', 'gpu': False, 'verbose': False, 'lr_config': {'mode': 'log', 'steps': 5, 'initial_lr': 0.1, 'target_lr': 0.1}, 'batch_per_device': 128}",173.28220462799072,0,4,1385.0195486163802,1,20.201951026916504
0.018782401084899904,0.03200776063943211,0.0007321119308471679,0.001770329292472976,0.028805923461914063,nan,0.0,0.048824501037597653,0.2997599959373474,1.8812210671997072,-0.38439998030662537,nan,0.0,nan,0.0,nan,0.0,0.4183200001716614,1.590161033782959,nan,0.0,0.38439998030662537,1.732423384475708,nan,0.0,60000,1,False,,,5,-1.8812210671997072,96ea7068036845cebf04112c9822438a,2019-06-03_04-09-59,1559560199,41.70666217803955,214.98886680603027,16909,steropes,169.229.49.254,"{'starting_lr': 0.1, 'momentum': 0.95, 'weight_decay': 0.001, 'steps_per_iteration': None, 'pin': False, 'model_creator': None, 'target_batch_size': 128, 'model_string': 'resnet50', 'min_batch_size': 128, 'dataset': 'CIFAR', 'placement': None, 'use_nccl': True, 'devices_per_worker': 1, 'primary_resource': 'extra_gpu', 'gpu': False, 'verbose': False, 'lr_config': {'mode': 'log', 'steps': 5, 'initial_lr': 0.1, 'target_lr': 0.1}, 'batch_per_device': 128}",214.98886680603027,0,5,1395.4170037534063,1,20.201951026916504
0.0198103666305542,0.031766942784756044,0.0007170677185058594,0.0017746482663752172,0.02901010513305664,nan,0.0,0.04927182197570801,0.3633399963378906,1.7437568632888794,-0.45329999923706055,nan,0.0,nan,0.0,nan,0.0,0.448419988155365,1.5225733433532715,nan,0.0,0.45329999923706055,1.5821853952407836,nan,0.0,60000,1,False,,,6,-1.7437568632888794,96ea7068036845cebf04112c9822438a,2019-06-03_04-10-40,1559560240,41.489219427108765,256.47808623313904,16909,steropes,169.229.49.254,"{'starting_lr': 0.1, 'momentum': 0.95, 'weight_decay': 0.001, 'steps_per_iteration': None, 'pin': False, 'model_creator': None, 'target_batch_size': 128, 'model_string': 'resnet50', 'min_batch_size': 128, 'dataset': 'CIFAR', 'placement': None, 'use_nccl': True, 'devices_per_worker': 1, 'primary_resource': 'extra_gpu', 'gpu': False, 'verbose': False, 'lr_config': {'mode': 'log', 'steps': 5, 'initial_lr': 0.1, 'target_lr': 0.1}, 'batch_per_device': 128}",256.47808623313904,0,6,1438.441165987918,1,20.201951026916504
0.019013357162475587,0.03161487700063971,0.000687551498413086,0.0017522338711087357,0.029659461975097657,nan,0.0,0.04991767406463623,0.39619999527931216,1.6998737401199342,-0.44749999046325684,nan,0.0,nan,0.0,nan,0.0,0.47529998421669006,1.4684400718688966,nan,0.0,0.44749999046325684,1.6364680713653565,nan,0.0,60000,1,False,,,7,-1.6998737401199342,96ea7068036845cebf04112c9822438a,2019-06-03_04-11-22,1559560282,41.78891658782959,298.2670028209686,16909,steropes,169.229.49.254,"{'starting_lr': 0.1, 'momentum': 0.95, 'weight_decay': 0.001, 'steps_per_iteration': None, 'pin': False, 'model_creator': None, 'target_batch_size': 128, 'model_string': 'resnet50', 'min_batch_size': 128, 'dataset': 'CIFAR', 'placement': None, 'use_nccl': True, 'devices_per_worker': 1, 'primary_resource': 'extra_gpu', 'gpu': False, 'verbose': False, 'lr_config': {'mode': 'log', 'steps': 5, 'initial_lr': 0.1, 'target_lr': 0.1}, 'batch_per_device': 128}",298.2670028209686,0,7,1436.9843659792605,1,20.201951026916504
0.018250870704650878,0.034924226471140414,0.0007077455520629883,0.0017444087416314713,0.02858395576477051,nan,0.0,0.04809162616729736,0.4159999907016754,1.6764631807708739,-0.4179999828338623,nan,0.0,nan,0.0,nan,0.0,0.49917998909950256,1.4130861354827882,nan,0.0,0.4179999828338623,1.7146113624572754,nan,0.0,60000,1,False,,,8,-1.6764631807708739,96ea7068036845cebf04112c9822438a,2019-06-03_04-12-04,1559560324,41.76434636116028,340.0313491821289,16909,steropes,169.229.49.254,"{'starting_lr': 0.1, 'momentum': 0.95, 'weight_decay': 0.001, 'steps_per_iteration': None, 'pin': False, 'model_creator': None, 'target_batch_size': 128, 'model_string': 'resnet50', 'min_batch_size': 128, 'dataset': 'CIFAR', 'placement': None, 'use_nccl': True, 'devices_per_worker': 1, 'primary_resource': 'extra_gpu', 'gpu': False, 'verbose': False, 'lr_config': {'mode': 'log', 'steps': 5, 'initial_lr': 0.1, 'target_lr': 0.1}, 'batch_per_device': 128}",340.0313491821289,0,8,1439.427676167292,1,20.201951026916504
0.018260788917541505,0.031823795053023324,0.0006923198699951172,0.001742497734401537,0.02814798355102539,nan,0.0,0.048653268814086915,0.444299989938736,1.6124877248764036,-0.5182999968528748,nan,0.0,nan,0.0,nan,0.0,0.5071399807929993,1.3951832821273804,nan,0.0,0.5182999968528748,1.3967504108428954,nan,0.0,60000,1,False,,,9,-1.6124877248764036,96ea7068036845cebf04112c9822438a,2019-06-03_04-12-45,1559560365,41.402448892593384,381.4337980747223,16909,steropes,169.229.49.254,"{'starting_lr': 0.1, 'momentum': 0.95, 'weight_decay': 0.001, 'steps_per_iteration': None, 'pin': False, 'model_creator': None, 'target_batch_size': 128, 'model_string': 'resnet50', 'min_batch_size': 128, 'dataset': 'CIFAR', 'placement': None, 'use_nccl': True, 'devices_per_worker': 1, 'primary_resource': 'extra_gpu', 'gpu': False, 'verbose': False, 'lr_config': {'mode': 'log', 'steps': 5, 'initial_lr': 0.1, 'target_lr': 0.1}, 'batch_per_device': 128}",381.4337980747223,0,9,1441.2543279123888,1,20.201951026916504
0.01926276683807373,0.03334911865524099,0.0006577014923095703,0.0017205729813831846,0.02895517349243164,nan,0.0,0.04931001663208008,0.4610399901866913,1.58390727558136,-0.468099981546402,nan,0.0,nan,0.0,nan,0.0,0.5244399905204773,1.3415656330490113,nan,0.0,0.468099981546402,1.5895211380004883,nan,0.0,60000,1,False,,,10,-1.58390727558136,96ea7068036845cebf04112c9822438a,2019-06-03_04-13-27,1559560407,41.59881567955017,423.03261375427246,16909,steropes,169.229.49.254,"{'starting_lr': 0.1, 'momentum': 0.95, 'weight_decay': 0.001, 'steps_per_iteration': None, 'pin': False, 'model_creator': None, 'target_batch_size': 128, 'model_string': 'resnet50', 'min_batch_size': 128, 'dataset': 'CIFAR', 'placement': None, 'use_nccl': True, 'devices_per_worker': 1, 'primary_resource': 'extra_gpu', 'gpu': False, 'verbose': False, 'lr_config': {'mode': 'log', 'steps': 5, 'initial_lr': 0.1, 'target_lr': 0.1}, 'batch_per_device': 128}",423.03261375427246,0,10,1442.0014343356127,1,20.201951026916504
0.018956899642944336,0.031955323641813256,0.000794076919555664,0.0017003622811163782,0.028737926483154298,nan,0.0,0.049183988571166994,0.4706999838352203,1.5559042224884032,-0.5015999674797058,nan,0.0,nan,0.0,nan,0.0,0.5293999910354614,1.3412068030166626,nan,0.0,0.5015999674797058,1.442170129776001,nan,0.0,60000,1,False,,,11,-1.5559042224884032,96ea7068036845cebf04112c9822438a,2019-06-03_04-14-08,1559560448,41.356221437454224,464.3888351917267,16909,steropes,169.229.49.254,"{'starting_lr': 0.1, 'momentum': 0.95, 'weight_decay': 0.001, 'steps_per_iteration': None, 'pin': False, 'model_creator': None, 'target_batch_size': 128, 'model_string': 'resnet50', 'min_batch_size': 128, 'dataset': 'CIFAR', 'placement': None, 'use_nccl': True, 'devices_per_worker': 1, 'primary_resource': 'extra_gpu', 'gpu': False, 'verbose': False, 'lr_config': {'mode': 'log', 'steps': 5, 'initial_lr': 0.1, 'target_lr': 0.1}, 'batch_per_device': 128}",464.3888351917267,0,11,1442.9239625757973,1,20.201951026916504
0.018742012977600097,0.032929305788836905,0.0007673263549804688,0.0017225547214908064,0.028911614418029787,nan,0.0,0.04832658767700195,0.4902999818325043,1.4822284142303466,-0.5454999804496765,nan,0.0,nan,0.0,nan,0.0,0.5396599769592285,1.3154517695617676,nan,0.0,0.5454999804496765,1.2680890300750733,nan,0.0,60000,1,False,,,12,-1.4822284142303466,96ea7068036845cebf04112c9822438a,2019-06-03_04-14-50,1559560490,41.43454146385193,505.8233766555786,16909,steropes,169.229.49.254,"{'starting_lr': 0.1, 'momentum': 0.95, 'weight_decay': 0.001, 'steps_per_iteration': None, 'pin': False, 'model_creator': None, 'target_batch_size': 128, 'model_string': 'resnet50', 'min_batch_size': 128, 'dataset': 'CIFAR', 'placement': None, 'use_nccl': True, 'devices_per_worker': 1, 'primary_resource': 'extra_gpu', 'gpu': False, 'verbose': False, 'lr_config': {'mode': 'log', 'steps': 5, 'initial_lr': 0.1, 'target_lr': 0.1}, 'batch_per_device': 128}",505.8233766555786,0,12,1445.387574888483,1,20.201951026916504
0.018481016159057617,0.032138124296936806,0.0006952762603759765,0.0018183471601637428,0.02906193733215332,nan,0.0,0.050126171112060545,0.5095999777317047,1.447252587471008,-0.5144999623298645,nan,0.0,nan,0.0,nan,0.0,0.5418399572372437,1.3137878867721557,nan,0.0,0.5144999623298645,1.5397322286605835,nan,0.0,60000,1,False,,,13,-1.447252587471008,96ea7068036845cebf04112c9822438a,2019-06-03_04-15-32,1559560532,42.40548062324524,548.2288572788239,16909,steropes,169.229.49.254,"{'starting_lr': 0.1, 'momentum': 0.95, 'weight_decay': 0.001, 'steps_per_iteration': None, 'pin': False, 'model_creator': None, 'target_batch_size': 128, 'model_string': 'resnet50', 'min_batch_size': 128, 'dataset': 'CIFAR', 'placement': None, 'use_nccl': True, 'devices_per_worker': 1, 'primary_resource': 'extra_gpu', 'gpu': False, 'verbose': False, 'lr_config': {'mode': 'log', 'steps': 5, 'initial_lr': 0.1, 'target_lr': 0.1}, 'batch_per_device': 128}",548.2288572788239,0,13,1440.9361412693365,1,20.201951026916504
0.01808803081512451,0.03187382673915429,0.000704813003540039,0.001750605795389551,0.028555679321289062,nan,0.0,0.047405672073364255,0.5138799726963044,1.4336608740234376,-0.5396999716758728,nan,0.0,nan,0.0,nan,0.0,0.5446999669075012,1.2983315758514404,nan,0.0,0.5396999716758728,1.3287918436050414,nan,0.0,60000,1,False,,,14,-1.4336608740234376,96ea7068036845cebf04112c9822438a,2019-06-03_04-16-14,1559560574,41.59354519844055,589.8224024772644,16909,steropes,169.229.49.254,"{'starting_lr': 0.1, 'momentum': 0.95, 'weight_decay': 0.001, 'steps_per_iteration': None, 'pin': False, 'model_creator': None, 'target_batch_size': 128, 'model_string': 'resnet50', 'min_batch_size': 128, 'dataset': 'CIFAR', 'placement': None, 'use_nccl': True, 'devices_per_worker': 1, 'primary_resource': 'extra_gpu', 'gpu': False, 'verbose': False, 'lr_config': {'mode': 'log', 'steps': 5, 'initial_lr': 0.1, 'target_lr': 0.1}, 'batch_per_device': 128}",589.8224024772644,0,14,1439.6146203766443,1,20.201951026916504
0.018630719184875487,0.032804742644104774,0.0007380008697509766,0.0017503411568644102,0.028704237937927247,nan,0.0,0.04881119728088379,0.5137999713420868,1.4465185804367067,-0.46769997477531433,nan,0.0,nan,0.0,nan,0.0,0.5514199733734131,1.2882867302322387,nan,0.0,0.46769997477531433,1.6538096700668334,nan,0.0,60000,1,False,,,15,-1.4465185804367067,96ea7068036845cebf04112c9822438a,2019-06-03_04-16-55,1559560615,41.486517906188965,631.3089203834534,16909,steropes,169.229.49.254,"{'starting_lr': 0.1, 'momentum': 0.95, 'weight_decay': 0.001, 'steps_per_iteration': None, 'pin': False, 'model_creator': None, 'target_batch_size': 128, 'model_string': 'resnet50', 'min_batch_size': 128, 'dataset': 'CIFAR', 'placement': None, 'use_nccl': True, 'devices_per_worker': 1, 'primary_resource': 'extra_gpu', 'gpu': False, 'verbose': False, 'lr_config': {'mode': 'log', 'steps': 5, 'initial_lr': 0.1, 'target_lr': 0.1}, 'batch_per_device': 128}",631.3089203834534,0,15,1440.3908815258997,1,20.201951026916504
0.018549656867980956,0.03194104870663413,0.0006920814514160157,0.0017781403973279402,0.02875974178314209,nan,0.0,0.04872438907623291,0.5167599737644195,1.452236030883789,-0.5163999795913696,nan,0.0,nan,0.0,nan,0.0,0.548039972782135,1.2965219597625732,nan,0.0,0.5163999795913696,1.4707573820114135,nan,0.0,60000,1,False,,,16,-1.452236030883789,96ea7068036845cebf04112c9822438a,2019-06-03_04-17-37,1559560657,41.539369344711304,672.8482897281647,16909,steropes,169.229.49.254,"{'starting_lr': 0.1, 'momentum': 0.95, 'weight_decay': 0.001, 'steps_per_iteration': None, 'pin': False, 'model_creator': None, 'target_batch_size': 128, 'model_string': 'resnet50', 'min_batch_size': 128, 'dataset': 'CIFAR', 'placement': None, 'use_nccl': True, 'devices_per_worker': 1, 'primary_resource': 'extra_gpu', 'gpu': False, 'verbose': False, 'lr_config': {'mode': 'log', 'steps': 5, 'initial_lr': 0.1, 'target_lr': 0.1}, 'batch_per_device': 128}",672.8482897281647,0,16,1439.1253606702348,1,20.201951026916504
0.019275379180908204,0.0323040575920781,0.0007181406021118164,0.0017614212182476697,0.02908935546875,nan,0.0,0.04922232627868652,0.5181599795818329,1.4605435817337036,-0.5525000095367432,nan,0.0,nan,0.0,nan,0.0,0.5503999590873718,1.2821526009368895,nan,0.0,0.5525000095367432,1.309626784324646,nan,0.0,60000,1,False,,,17,-1.4605435817337036,96ea7068036845cebf04112c9822438a,2019-06-03_04-18-18,1559560698,41.44753432273865,714.2958240509033,16909,steropes,169.229.49.254,"{'starting_lr': 0.1, 'momentum': 0.95, 'weight_decay': 0.001, 'steps_per_iteration': None, 'pin': False, 'model_creator': None, 'target_batch_size': 128, 'model_string': 'resnet50', 'min_batch_size': 128, 'dataset': 'CIFAR', 'placement': None, 'use_nccl': True, 'devices_per_worker': 1, 'primary_resource': 'extra_gpu', 'gpu': False, 'verbose': False, 'lr_config': {'mode': 'log', 'steps': 5, 'initial_lr': 0.1, 'target_lr': 0.1}, 'batch_per_device': 128}",714.2958240509033,0,17,1439.035668681814,1,20.201951026916504
0.018453359603881836,0.03199623204484771,0.0007272720336914063,0.0017513143436987991,0.028618001937866212,nan,0.0,0.04774894714355469,0.5228799879550934,1.421068543395996,-0.538100004196167,nan,0.0,nan,0.0,nan,0.0,0.553339958190918,1.2798560815811157,nan,0.0,0.538100004196167,1.342357036972046,nan,0.0,60000,1,False,,,18,-1.421068543395996,96ea7068036845cebf04112c9822438a,2019-06-03_04-19-00,1559560740,41.44841027259827,755.7442343235016,16909,steropes,169.229.49.254,"{'starting_lr': 0.1, 'momentum': 0.95, 'weight_decay': 0.001, 'steps_per_iteration': None, 'pin': False, 'model_creator': None, 'target_batch_size': 128, 'model_string': 'resnet50', 'min_batch_size': 128, 'dataset': 'CIFAR', 'placement': None, 'use_nccl': True, 'devices_per_worker': 1, 'primary_resource': 'extra_gpu', 'gpu': False, 'verbose': False, 'lr_config': {'mode': 'log', 'steps': 5, 'initial_lr': 0.1, 'target_lr': 0.1}, 'batch_per_device': 128}",755.7442343235016,0,18,1445.6730424047282,1,20.201951026916504
0.01802823543548584,0.031753428374664695,0.0007008552551269531,0.0017596961897047585,0.02817208766937256,nan,0.0,0.048233318328857425,0.5235999882221222,1.4260474765968323,-0.5432999730110168,nan,0.0,nan,0.0,nan,0.0,0.5568000078201294,1.276108685836792,nan,0.0,0.5432999730110168,1.3536865096092223,nan,0.0,60000,1,False,,,19,-1.4260474765968323,96ea7068036845cebf04112c9822438a,2019-06-03_04-19-41,1559560781,41.71740746498108,797.4616417884827,16909,steropes,169.229.49.254,"{'starting_lr': 0.1, 'momentum': 0.95, 'weight_decay': 0.001, 'steps_per_iteration': None, 'pin': False, 'model_creator': None, 'target_batch_size': 128, 'model_string': 'resnet50', 'min_batch_size': 128, 'dataset': 'CIFAR', 'placement': None, 'use_nccl': True, 'devices_per_worker': 1, 'primary_resource': 'extra_gpu', 'gpu': False, 'verbose': False, 'lr_config': {'mode': 'log', 'steps': 5, 'initial_lr': 0.1, 'target_lr': 0.1}, 'batch_per_device': 128}",797.4616417884827,0,19,1444.810851304192,1,20.201951026916504
0.01828618049621582,0.033445092696177806,0.0006970405578613281,0.0017373000874238856,0.028477811813354494,nan,0.0,0.04769034385681152,0.5373999953269959,1.381068942737579,-0.5367000102996826,nan,0.0,nan,0.0,nan,0.0,0.5602399706840515,1.2578342965316773,nan,0.0,0.5367000102996826,1.428917000770569,nan,0.0,60000,1,False,,,20,-1.381068942737579,96ea7068036845cebf04112c9822438a,2019-06-03_04-20-23,1559560823,41.56930732727051,839.0309491157532,16909,steropes,169.229.49.254,"{'starting_lr': 0.1, 'momentum': 0.95, 'weight_decay': 0.001, 'steps_per_iteration': None, 'pin': False, 'model_creator': None, 'target_batch_size': 128, 'model_string': 'resnet50', 'min_batch_size': 128, 'dataset': 'CIFAR', 'placement': None, 'use_nccl': True, 'devices_per_worker': 1, 'primary_resource': 'extra_gpu', 'gpu': False, 'verbose': False, 'lr_config': {'mode': 'log', 'steps': 5, 'initial_lr': 0.1, 'target_lr': 0.1}, 'batch_per_device': 128}",839.0309491157532,0,20,1444.2350220787982,1,20.201951026916504
0.018175554275512696,0.03207274931895582,0.0007290840148925781,0.00169897567280723,0.028322577476501465,nan,0.0,0.04831039905548096,0.5409799933433532,1.3634760540962219,-0.5342999696731567,nan,0.0,nan,0.0,nan,0.0,0.560979962348938,1.2710665935897827,nan,0.0,0.5342999696731567,1.3827929388046265,nan,0.0,60000,1,False,,,21,-1.3634760540962219,96ea7068036845cebf04112c9822438a,2019-06-03_04-21-04,1559560864,41.43646264076233,880.4674117565155,16909,steropes,169.229.49.254,"{'starting_lr': 0.1, 'momentum': 0.95, 'weight_decay': 0.001, 'steps_per_iteration': None, 'pin': False, 'model_creator': None, 'target_batch_size': 128, 'model_string': 'resnet50', 'min_batch_size': 128, 'dataset': 'CIFAR', 'placement': None, 'use_nccl': True, 'devices_per_worker': 1, 'primary_resource': 'extra_gpu', 'gpu': False, 'verbose': False, 'lr_config': {'mode': 'log', 'steps': 5, 'initial_lr': 0.1, 'target_lr': 0.1}, 'batch_per_device': 128}",880.4674117565155,0,21,1444.9509274846357,1,20.201951026916504
0.01806802749633789,0.03197020518628857,0.0007168769836425782,0.0017301030171191906,0.028673362731933594,nan,0.0,0.050988173484802245,0.5260799884796142,1.4244350716590881,-0.4779999852180481,nan,0.0,nan,0.0,nan,0.0,0.5669599771499634,1.2424335397338868,nan,0.0,0.4779999852180481,1.6144218721389771,nan,0.0,60000,1,False,,,22,-1.4244350716590881,96ea7068036845cebf04112c9822438a,2019-06-03_04-21-46,1559560906,41.322622776031494,921.790034532547,16909,steropes,169.229.49.254,"{'starting_lr': 0.1, 'momentum': 0.95, 'weight_decay': 0.001, 'steps_per_iteration': None, 'pin': False, 'model_creator': None, 'target_batch_size': 128, 'model_string': 'resnet50', 'min_batch_size': 128, 'dataset': 'CIFAR', 'placement': None, 'use_nccl': True, 'devices_per_worker': 1, 'primary_resource': 'extra_gpu', 'gpu': False, 'verbose': False, 'lr_config': {'mode': 'log', 'steps': 5, 'initial_lr': 0.1, 'target_lr': 0.1}, 'batch_per_device': 128}",921.790034532547,0,22,1445.8208247594866,1,20.201951026916504
0.019894886016845702,0.032074161722690245,0.0007256269454956055,0.0017402233065241743,0.029993820190429687,nan,0.0,0.04830896854400635,0.5216999888420105,1.4324807035636904,-0.5162000060081482,nan,0.0,nan,0.0,nan,0.0,0.5654199719429016,1.2476619858551026,nan,0.0,0.5162000060081482,1.3825851964950562,nan,0.0,60000,1,False,,,23,-1.4324807035636904,96ea7068036845cebf04112c9822438a,2019-06-03_04-22-27,1559560947,41.64041805267334,963.4304525852203,16909,steropes,169.229.49.254,"{'starting_lr': 0.1, 'momentum': 0.95, 'weight_decay': 0.001, 'steps_per_iteration': None, 'pin': False, 'model_creator': None, 'target_batch_size': 128, 'model_string': 'resnet50', 'min_batch_size': 128, 'dataset': 'CIFAR', 'placement': None, 'use_nccl': True, 'devices_per_worker': 1, 'primary_resource': 'extra_gpu', 'gpu': False, 'verbose': False, 'lr_config': {'mode': 'log', 'steps': 5, 'initial_lr': 0.1, 'target_lr': 0.1}, 'batch_per_device': 128}",963.4304525852203,0,23,1444.4841229777019,1,20.201951026916504
0.018061447143554687,0.033064226560954806,0.0007350444793701172,0.001736150678161465,0.028370594978332518,nan,0.0,0.048175382614135745,0.5200199961662293,1.4271262411499026,-0.5349000096321106,nan,0.0,nan,0.0,nan,0.0,0.5623799562454224,1.2655103731536865,nan,0.0,0.5349000096321106,1.3269141975402832,nan,0.0,60000,1,False,,,24,-1.4271262411499026,96ea7068036845cebf04112c9822438a,2019-06-03_04-23-09,1559560989,41.564918518066406,1004.9953711032867,16909,steropes,169.229.49.254,"{'starting_lr': 0.1, 'momentum': 0.95, 'weight_decay': 0.001, 'steps_per_iteration': None, 'pin': False, 'model_creator': None, 'target_batch_size': 128, 'model_string': 'resnet50', 'min_batch_size': 128, 'dataset': 'CIFAR', 'placement': None, 'use_nccl': True, 'devices_per_worker': 1, 'primary_resource': 'extra_gpu', 'gpu': False, 'verbose': False, 'lr_config': {'mode': 'log', 'steps': 5, 'initial_lr': 0.1, 'target_lr': 0.1}, 'batch_per_device': 128}",1004.9953711032867,0,24,1445.54549862324,1,20.201951026916504
0.020511746406555176,0.03223067295702198,0.0007413387298583985,0.0017638541853336421,0.03139519691467285,nan,0.0,0.05176234245300293,0.5133599877357483,1.4506326437950134,-0.5033999681472778,nan,0.0,nan,0.0,nan,0.0,0.5644400119781494,1.2589778202056885,nan,0.0,0.5033999681472778,1.5464490139961242,nan,0.0,60000,1,False,,,25,-1.4506326437950134,96ea7068036845cebf04112c9822438a,2019-06-03_04-23-51,1559561031,42.127957582473755,1047.1233286857605,16909,steropes,169.229.49.254,"{'starting_lr': 0.1, 'momentum': 0.95, 'weight_decay': 0.001, 'steps_per_iteration': None, 'pin': False, 'model_creator': None, 'target_batch_size': 128, 'model_string': 'resnet50', 'min_batch_size': 128, 'dataset': 'CIFAR', 'placement': None, 'use_nccl': True, 'devices_per_worker': 1, 'primary_resource': 'extra_gpu', 'gpu': False, 'verbose': False, 'lr_config': {'mode': 'log', 'steps': 5, 'initial_lr': 0.1, 'target_lr': 0.1}, 'batch_per_device': 128}",1047.1233286857605,0,25,1441.664284012293,1,20.201951026916504
0.01840839385986328,0.03202544284772269,0.0007389545440673828,0.0017461605998866088,0.02888932228088379,nan,0.0,0.048667383193969724,0.5097399950027466,1.4540867801856996,-0.5162000060081482,nan,0.0,nan,0.0,nan,0.0,0.5641599893569946,1.2601564138793946,nan,0.0,0.5162000060081482,1.4000636207580566,nan,0.0,60000,1,False,,,26,-1.4540867801856996,96ea7068036845cebf04112c9822438a,2019-06-03_04-24-33,1559561073,41.56489586830139,1088.688224554062,16909,steropes,169.229.49.254,"{'starting_lr': 0.1, 'momentum': 0.95, 'weight_decay': 0.001, 'steps_per_iteration': None, 'pin': False, 'model_creator': None, 'target_batch_size': 128, 'model_string': 'resnet50', 'min_batch_size': 128, 'dataset': 'CIFAR', 'placement': None, 'use_nccl': True, 'devices_per_worker': 1, 'primary_resource': 'extra_gpu', 'gpu': False, 'verbose': False, 'lr_config': {'mode': 'log', 'steps': 5, 'initial_lr': 0.1, 'target_lr': 0.1}, 'batch_per_device': 128}",1088.688224554062,0,26,1440.775072288558,1,20.201951026916504
0.018149685859680176,0.03191378750378573,0.0007435560226440429,0.001721540070555704,0.028706121444702148,nan,0.0,0.04753806591033936,0.5174399971961975,1.4185604300880432,-0.5164999961853027,nan,0.0,nan,0.0,nan,0.0,0.5699599981307983,1.2384562122726441,nan,0.0,0.5164999961853027,1.4367901216506958,nan,0.0,60000,1,False,,,27,-1.4185604300880432,96ea7068036845cebf04112c9822438a,2019-06-03_04-25-14,1559561114,41.27521514892578,1129.9634397029877,16909,steropes,169.229.49.254,"{'starting_lr': 0.1, 'momentum': 0.95, 'weight_decay': 0.001, 'steps_per_iteration': None, 'pin': False, 'model_creator': None, 'target_batch_size': 128, 'model_string': 'resnet50', 'min_batch_size': 128, 'dataset': 'CIFAR', 'placement': None, 'use_nccl': True, 'devices_per_worker': 1, 'primary_resource': 'extra_gpu', 'gpu': False, 'verbose': False, 'lr_config': {'mode': 'log', 'steps': 5, 'initial_lr': 0.1, 'target_lr': 0.1}, 'batch_per_device': 128}",1129.9634397029877,0,27,1441.1031648465114,1,20.201951026916504
0.018408536911010742,0.032108548321301424,0.0008198022842407227,0.0017685603607646035,0.0285663366317749,nan,0.0,0.04821310043334961,0.4991599917411804,1.524646289730072,-0.42479997873306274,nan,0.0,nan,0.0,nan,0.0,0.5630599856376648,1.2591496163177491,nan,0.0,0.42479997873306274,1.9130144947052001,nan,0.0,60000,1,False,,,28,-1.524646289730072,96ea7068036845cebf04112c9822438a,2019-06-03_04-25-56,1559561156,41.706175088882446,1171.6696147918701,16909,steropes,169.229.49.254,"{'starting_lr': 0.1, 'momentum': 0.95, 'weight_decay': 0.001, 'steps_per_iteration': None, 'pin': False, 'model_creator': None, 'target_batch_size': 128, 'model_string': 'resnet50', 'min_batch_size': 128, 'dataset': 'CIFAR', 'placement': None, 'use_nccl': True, 'devices_per_worker': 1, 'primary_resource': 'extra_gpu', 'gpu': False, 'verbose': False, 'lr_config': {'mode': 'log', 'steps': 5, 'initial_lr': 0.1, 'target_lr': 0.1}, 'batch_per_device': 128}",1171.6696147918701,0,28,1440.6476951864556,1,20.201951026916504
0.018130803108215333,0.032086532327193246,0.0007006645202636719,0.001728844459709304,0.028469443321228027,nan,0.0,0.04838569164276123,0.493559992313385,1.569348867778778,-0.5069000124931335,nan,0.0,nan,0.0,nan,0.0,0.5718199610710144,1.2264353510284425,nan,0.0,0.5069000124931335,1.5504270877838136,nan,0.0,60000,1,False,,,29,-1.569348867778778,96ea7068036845cebf04112c9822438a,2019-06-03_04-26-37,1559561197,41.41293740272522,1213.0825521945953,16909,steropes,169.229.49.254,"{'starting_lr': 0.1, 'momentum': 0.95, 'weight_decay': 0.001, 'steps_per_iteration': None, 'pin': False, 'model_creator': None, 'target_batch_size': 128, 'model_string': 'resnet50', 'min_batch_size': 128, 'dataset': 'CIFAR', 'placement': None, 'use_nccl': True, 'devices_per_worker': 1, 'primary_resource': 'extra_gpu', 'gpu': False, 'verbose': False, 'lr_config': {'mode': 'log', 'steps': 5, 'initial_lr': 0.1, 'target_lr': 0.1}, 'batch_per_device': 128}",1213.0825521945953,0,29,1441.6999133703355,1,20.201951026916504
0.01827423572540283,0.032034596310386174,0.000716400146484375,0.0017275980976231568,0.028354525566101074,nan,0.0,0.047558021545410153,0.4884399950504303,1.5679239306640624,-0.4777999818325043,nan,0.0,nan,0.0,nan,0.0,0.5691999793052673,1.2509564592742919,nan,0.0,0.4777999818325043,1.5393243284225464,nan,0.0,60000,1,False,,,30,-1.5679239306640624,96ea7068036845cebf04112c9822438a,2019-06-03_04-27-18,1559561238,41.37861967086792,1254.4611718654633,16909,steropes,169.229.49.254,"{'starting_lr': 0.1, 'momentum': 0.95, 'weight_decay': 0.001, 'steps_per_iteration': None, 'pin': False, 'model_creator': None, 'target_batch_size': 128, 'model_string': 'resnet50', 'min_batch_size': 128, 'dataset': 'CIFAR', 'placement': None, 'use_nccl': True, 'devices_per_worker': 1, 'primary_resource': 'extra_gpu', 'gpu': False, 'verbose': False, 'lr_config': {'mode': 'log', 'steps': 5, 'initial_lr': 0.1, 'target_lr': 0.1}, 'batch_per_device': 128}",1254.4611718654633,0,30,1446.9108000919925,1,20.201951026916504
0.018219518661499023,0.0330451319489298,0.0007516384124755859,0.001744874602998309,0.028684306144714355,nan,0.0,0.04789810180664063,0.4846599936485291,1.5943816841125489,-0.49729999899864197,nan,0.0,nan,0.0,nan,0.0,0.5672199726104736,1.2457196117019653,nan,0.0,0.49729999899864197,1.5323523880004883,nan,0.0,60000,1,False,,,31,-1.5943816841125489,96ea7068036845cebf04112c9822438a,2019-06-03_04-28-00,1559561280,41.798656702041626,1296.2598285675049,16909,steropes,169.229.49.254,"{'starting_lr': 0.1, 'momentum': 0.95, 'weight_decay': 0.001, 'steps_per_iteration': None, 'pin': False, 'model_creator': None, 'target_batch_size': 128, 'model_string': 'resnet50', 'min_batch_size': 128, 'dataset': 'CIFAR', 'placement': None, 'use_nccl': True, 'devices_per_worker': 1, 'primary_resource': 'extra_gpu', 'gpu': False, 'verbose': False, 'lr_config': {'mode': 'log', 'steps': 5, 'initial_lr': 0.1, 'target_lr': 0.1}, 'batch_per_device': 128}",1296.2598285675049,0,31,1445.2812734760423,1,20.201951026916504
0.018152666091918946,0.03175086311147183,0.0006894111633300781,0.0017289304367416655,0.028280878067016603,nan,0.0,0.04965264797210693,0.49275999069213866,1.5618252543449402,-0.5569999814033508,nan,0.0,nan,0.0,nan,0.0,0.5662599802017212,1.249464972076416,nan,0.0,0.5569999814033508,1.2740079728126525,nan,0.0,60000,1,False,,,32,-1.5618252543449402,96ea7068036845cebf04112c9822438a,2019-06-03_04-28-41,1559561321,41.194868326187134,1337.454696893692,16909,steropes,169.229.49.254,"{'starting_lr': 0.1, 'momentum': 0.95, 'weight_decay': 0.001, 'steps_per_iteration': None, 'pin': False, 'model_creator': None, 'target_batch_size': 128, 'model_string': 'resnet50', 'min_batch_size': 128, 'dataset': 'CIFAR', 'placement': None, 'use_nccl': True, 'devices_per_worker': 1, 'primary_resource': 'extra_gpu', 'gpu': False, 'verbose': False, 'lr_config': {'mode': 'log', 'steps': 5, 'initial_lr': 0.1, 'target_lr': 0.1}, 'batch_per_device': 128}",1337.454696893692,0,32,1445.8409051588562,1,20.201951026916504
0.017943716049194335,0.03183554999436004,0.0007162809371948243,0.0017049044294430472,0.028601241111755372,nan,0.0,0.04798531532287598,0.5216799974441528,1.4339264343833924,-0.5694000124931335,nan,0.0,nan,0.0,nan,0.0,0.5661799907684326,1.2440795540237426,nan,0.0,0.5694000124931335,1.273520394897461,nan,0.0,60000,1,False,,,33,-1.4339264343833924,96ea7068036845cebf04112c9822438a,2019-06-03_04-29-23,1559561363,41.41025996208191,1378.864956855774,16909,steropes,169.229.49.254,"{'starting_lr': 0.1, 'momentum': 0.95, 'weight_decay': 0.001, 'steps_per_iteration': None, 'pin': False, 'model_creator': None, 'target_batch_size': 128, 'model_string': 'resnet50', 'min_batch_size': 128, 'dataset': 'CIFAR', 'placement': None, 'use_nccl': True, 'devices_per_worker': 1, 'primary_resource': 'extra_gpu', 'gpu': False, 'verbose': False, 'lr_config': {'mode': 'log', 'steps': 5, 'initial_lr': 0.1, 'target_lr': 0.1}, 'batch_per_device': 128}",1378.864956855774,0,33,1447.9063100141902,1,20.201951026916504
0.01829516887664795,0.032473232172712495,0.0007368087768554688,0.001755471119795309,0.029154491424560548,nan,0.0,0.04864094257354736,0.5328199863433838,1.3906677753257752,-0.5625999569892883,nan,0.0,nan,0.0,nan,0.0,0.5680800080299377,1.2484350046920776,nan,0.0,0.5625999569892883,1.3341337924957275,nan,0.0,60000,1,False,,,34,-1.3906677753257752,96ea7068036845cebf04112c9822438a,2019-06-03_04-30-04,1559561404,41.44960856437683,1420.3145654201508,16909,steropes,169.229.49.254,"{'starting_lr': 0.1, 'momentum': 0.95, 'weight_decay': 0.001, 'steps_per_iteration': None, 'pin': False, 'model_creator': None, 'target_batch_size': 128, 'model_string': 'resnet50', 'min_batch_size': 128, 'dataset': 'CIFAR', 'placement': None, 'use_nccl': True, 'devices_per_worker': 1, 'primary_resource': 'extra_gpu', 'gpu': False, 'verbose': False, 'lr_config': {'mode': 'log', 'steps': 5, 'initial_lr': 0.1, 'target_lr': 0.1}, 'batch_per_device': 128}",1420.3145654201508,0,34,1447.650081630295,1,20.201951026916504
0.018325042724609376,0.03172517426406281,0.0006931543350219727,0.0017758507252959035,0.029219818115234376,nan,0.0,0.048502111434936525,0.5333399891853332,1.3951654065132142,-0.4803999960422516,nan,0.0,nan,0.0,nan,0.0,0.5712400078773499,1.2329008238983155,nan,0.0,0.4803999960422516,1.5618124843597412,nan,0.0,60000,1,False,,,35,-1.3951654065132142,96ea7068036845cebf04112c9822438a,2019-06-03_04-30-46,1559561446,41.65798616409302,1461.9725515842438,16909,steropes,169.229.49.254,"{'starting_lr': 0.1, 'momentum': 0.95, 'weight_decay': 0.001, 'steps_per_iteration': None, 'pin': False, 'model_creator': None, 'target_batch_size': 128, 'model_string': 'resnet50', 'min_batch_size': 128, 'dataset': 'CIFAR', 'placement': None, 'use_nccl': True, 'devices_per_worker': 1, 'primary_resource': 'extra_gpu', 'gpu': False, 'verbose': False, 'lr_config': {'mode': 'log', 'steps': 5, 'initial_lr': 0.1, 'target_lr': 0.1}, 'batch_per_device': 128}",1461.9725515842438,0,35,1445.7011397393267,1,20.201951026916504
0.01872415542602539,0.03325365766694274,0.000724172592163086,0.001756320524093745,0.028865957260131837,nan,0.0,0.04858396053314209,0.5493399918079376,1.3395221282768248,-0.5773000121116638,nan,0.0,nan,0.0,nan,0.0,0.5690599679946899,1.2386423841094971,nan,0.0,0.5773000121116638,1.2541359968185424,nan,0.0,60000,1,False,,,36,-1.3395221282768248,96ea7068036845cebf04112c9822438a,2019-06-03_04-31-28,1559561488,41.76245951652527,1503.735011100769,16909,steropes,169.229.49.254,"{'starting_lr': 0.1, 'momentum': 0.95, 'weight_decay': 0.001, 'steps_per_iteration': None, 'pin': False, 'model_creator': None, 'target_batch_size': 128, 'model_string': 'resnet50', 'min_batch_size': 128, 'dataset': 'CIFAR', 'placement': None, 'use_nccl': True, 'devices_per_worker': 1, 'primary_resource': 'extra_gpu', 'gpu': False, 'verbose': False, 'lr_config': {'mode': 'log', 'steps': 5, 'initial_lr': 0.1, 'target_lr': 0.1}, 'batch_per_device': 128}",1503.735011100769,0,36,1445.953288937756,1,20.201951026916504
0.019308948516845705,0.032038404971738405,0.0007024049758911133,0.0017514820294002133,0.02981224060058594,nan,0.0,0.04775216579437256,0.541619998216629,1.3848072966766356,-0.5184000134468079,nan,0.0,nan,0.0,nan,0.0,0.571940004825592,1.2383522882461548,nan,0.0,0.5184000134468079,1.5004338148117065,nan,0.0,60000,1,False,,,37,-1.3848072966766356,96ea7068036845cebf04112c9822438a,2019-06-03_04-32-09,1559561529,41.57925081253052,1545.3142619132996,16909,steropes,169.229.49.254,"{'starting_lr': 0.1, 'momentum': 0.95, 'weight_decay': 0.001, 'steps_per_iteration': None, 'pin': False, 'model_creator': None, 'target_batch_size': 128, 'model_string': 'resnet50', 'min_batch_size': 128, 'dataset': 'CIFAR', 'placement': None, 'use_nccl': True, 'devices_per_worker': 1, 'primary_resource': 'extra_gpu', 'gpu': False, 'verbose': False, 'lr_config': {'mode': 'log', 'steps': 5, 'initial_lr': 0.1, 'target_lr': 0.1}, 'batch_per_device': 128}",1545.3142619132996,0,37,1443.2793494333434,1,20.201951026916504
0.01809215545654297,0.031736675697036934,0.0007167339324951171,0.001747764894724502,0.028474140167236327,nan,0.0,0.0474186897277832,0.5473399937152863,1.3720630228614805,-0.5979999899864197,nan,0.0,nan,0.0,nan,0.0,0.5727599859237671,1.238023427772522,nan,0.0,0.5979999899864197,1.2097990258216857,nan,0.0,60000,1,False,,,38,-1.3720630228614805,96ea7068036845cebf04112c9822438a,2019-06-03_04-32-51,1559561571,41.565171003341675,1586.8794329166412,16909,steropes,169.229.49.254,"{'starting_lr': 0.1, 'momentum': 0.95, 'weight_decay': 0.001, 'steps_per_iteration': None, 'pin': False, 'model_creator': None, 'target_batch_size': 128, 'model_string': 'resnet50', 'min_batch_size': 128, 'dataset': 'CIFAR', 'placement': None, 'use_nccl': True, 'devices_per_worker': 1, 'primary_resource': 'extra_gpu', 'gpu': False, 'verbose': False, 'lr_config': {'mode': 'log', 'steps': 5, 'initial_lr': 0.1, 'target_lr': 0.1}, 'batch_per_device': 128}",1586.8794329166412,0,38,1442.2044617627455,1,20.201951026916504
0.01841726303100586,0.03206646895106835,0.0007335424423217773,0.0017471374453181196,0.029425525665283205,nan,0.0,0.0477902889251709,0.5374999940395355,1.396282372379303,-0.5133999586105347,nan,0.0,nan,0.0,nan,0.0,0.5715199708938599,1.2382867893600464,nan,0.0,0.5133999586105347,1.4552305400848389,nan,0.0,60000,1,False,,,39,-1.396282372379303,96ea7068036845cebf04112c9822438a,2019-06-03_04-33-32,1559561612,41.50803828239441,1628.3874711990356,16909,steropes,169.229.49.254,"{'starting_lr': 0.1, 'momentum': 0.95, 'weight_decay': 0.001, 'steps_per_iteration': None, 'pin': False, 'model_creator': None, 'target_batch_size': 128, 'model_string': 'resnet50', 'min_batch_size': 128, 'dataset': 'CIFAR', 'placement': None, 'use_nccl': True, 'devices_per_worker': 1, 'primary_resource': 'extra_gpu', 'gpu': False, 'verbose': False, 'lr_config': {'mode': 'log', 'steps': 5, 'initial_lr': 0.1, 'target_lr': 0.1}, 'batch_per_device': 128}",1628.3874711990356,0,39,1441.7994899981632,1,20.201951026916504
0.018859219551086426,0.03233406513552122,0.0007582664489746094,0.0017552119691658509,0.03042736053466797,nan,0.0,0.04809093475341797,0.5586199879646301,1.3298166724967957,-0.5859999656677246,nan,0.0,nan,0.0,nan,0.0,0.57041996717453,1.2418358619689942,nan,0.0,0.5859999656677246,1.2294839849472046,nan,0.0,60000,1,False,,,40,-1.3298166724967957,96ea7068036845cebf04112c9822438a,2019-06-03_04-34-14,1559561654,41.37464189529419,1669.7621130943298,16909,steropes,169.229.49.254,"{'starting_lr': 0.1, 'momentum': 0.95, 'weight_decay': 0.001, 'steps_per_iteration': None, 'pin': False, 'model_creator': None, 'target_batch_size': 128, 'model_string': 'resnet50', 'min_batch_size': 128, 'dataset': 'CIFAR', 'placement': None, 'use_nccl': True, 'devices_per_worker': 1, 'primary_resource': 'extra_gpu', 'gpu': False, 'verbose': False, 'lr_config': {'mode': 'log', 'steps': 5, 'initial_lr': 0.1, 'target_lr': 0.1}, 'batch_per_device': 128}",1669.7621130943298,0,40,1443.7655523138906,1,20.201951026916504
0.018409371376037598,0.03224039983145798,0.0007235527038574219,0.0017980084089976747,0.02836446762084961,nan,0.0,0.04782147407531738,0.5451199889183045,1.357099686794281,-0.5098000168800354,nan,0.0,nan,0.0,nan,0.0,0.5656200051307678,1.2588208307266235,nan,0.0,0.5098000168800354,1.3905510683059692,nan,0.0,60000,1,False,,,41,-1.357099686794281,96ea7068036845cebf04112c9822438a,2019-06-03_04-34-55,1559561695,41.43090629577637,1711.1930193901062,16909,steropes,169.229.49.254,"{'starting_lr': 0.1, 'momentum': 0.95, 'weight_decay': 0.001, 'steps_per_iteration': None, 'pin': False, 'model_creator': None, 'target_batch_size': 128, 'model_string': 'resnet50', 'min_batch_size': 128, 'dataset': 'CIFAR', 'placement': None, 'use_nccl': True, 'devices_per_worker': 1, 'primary_resource': 'extra_gpu', 'gpu': False, 'verbose': False, 'lr_config': {'mode': 'log', 'steps': 5, 'initial_lr': 0.1, 'target_lr': 0.1}, 'batch_per_device': 128}",1711.1930193901062,0,41,1446.0730090650393,1,20.201951026916504
0.01853632926940918,0.03276376784602298,0.0007159948348999023,0.001778855043299058,0.028743815422058106,nan,0.0,0.04761707782745361,0.5581999778747558,1.3037342450714111,-0.5837999582290649,nan,0.0,nan,0.0,nan,0.0,0.5713599920272827,1.2423787584686279,nan,0.0,0.5837999582290649,1.2336066061973572,nan,0.0,60000,1,False,,,42,-1.3037342450714111,96ea7068036845cebf04112c9822438a,2019-06-03_04-35-37,1559561737,41.34574770927429,1752.5387670993805,16909,steropes,169.229.49.254,"{'starting_lr': 0.1, 'momentum': 0.95, 'weight_decay': 0.001, 'steps_per_iteration': None, 'pin': False, 'model_creator': None, 'target_batch_size': 128, 'model_string': 'resnet50', 'min_batch_size': 128, 'dataset': 'CIFAR', 'placement': None, 'use_nccl': True, 'devices_per_worker': 1, 'primary_resource': 'extra_gpu', 'gpu': False, 'verbose': False, 'lr_config': {'mode': 'log', 'steps': 5, 'initial_lr': 0.1, 'target_lr': 0.1}, 'batch_per_device': 128}",1752.5387670993805,0,42,1447.702493650987,1,20.201951026916504
