{"apply": 0.01892514228820801, "batch_time": 0.05112411402448823, "d2h": 0.0007056713104248047, "data_time": 0.0017671761915202032, "fwd": 0.11567645072937012, "get_state_time_mean": NaN, "get_state_time_total": 0.0, "grad": 0.22036523818969728, "mean_accuracy": 0.13539999723434448, "mean_loss": 2.2695064147949218, "neg_mean_accuracy": -0.13539999723434448, "set_state_time_mean": NaN, "set_state_time_total": 0.0, "setup_model_time_mean": 18.329449892044067, "setup_model_time_total": 18.329449892044067, "setup_proc_time_mean": 1.7738430500030518, "setup_proc_time_total": 1.7738430500030518, "train_accuracy": 0.12035999447107315, "train_loss": 4.179933767166138, "training_time_mean": NaN, "training_time_total": 0.0, "val_accuracy": 0.13539999723434448, "val_loss": 2.2695064147949218, "validation_time_mean": NaN, "validation_time_total": 0.0, "samples": 60000, "num_workers": 1, "done": false, "timesteps_total": null, "episodes_total": null, "training_iteration": 1, "neg_mean_loss": -2.2695064147949218, "experiment_id": "96ea7068036845cebf04112c9822438a", "date": "2019-06-03_04-07-12", "timestamp": 1559560032, "time_this_iter_s": 47.91961669921875, "time_total_s": 47.91961669921875, "pid": 16909, "hostname": "steropes", "node_ip": "169.229.49.254", "config": {"starting_lr": 0.1, "momentum": 0.95, "weight_decay": 0.001, "steps_per_iteration": null, "pin": false, "model_creator": null, "target_batch_size": 128, "model_string": "resnet50", "min_batch_size": 128, "dataset": "CIFAR", "placement": null, "use_nccl": true, "devices_per_worker": 1, "primary_resource": "extra_gpu", "gpu": false, "verbose": false, "lr_config": {"mode": "log", "steps": 5, "initial_lr": 0.1, "target_lr": 0.1}, "batch_per_device": 128}, "time_since_restore": 47.91961669921875, "timesteps_since_restore": 0, "iterations_since_restore": 1, "mean_throughput": 1252.09449668927, "atoms": 1, "setup_time": 20.201951026916504}
{"apply": 0.01814422607421875, "batch_time": 0.03194058695925942, "d2h": 0.0007314682006835938, "data_time": 0.0017148795944955343, "fwd": 0.028207278251647948, "get_state_time_mean": NaN, "get_state_time_total": 0.0, "grad": 0.047574853897094725, "mean_accuracy": 0.2092999964952469, "mean_loss": 2.0626950510025024, "neg_mean_accuracy": -0.2831999957561493, "set_state_time_mean": NaN, "set_state_time_total": 0.0, "setup_model_time_mean": NaN, "setup_model_time_total": 0.0, "setup_proc_time_mean": NaN, "setup_proc_time_total": 0.0, "train_accuracy": 0.23014000058174133, "train_loss": 2.0517410260009767, "training_time_mean": NaN, "training_time_total": 0.0, "val_accuracy": 0.2831999957561493, "val_loss": 1.855883687210083, "validation_time_mean": NaN, "validation_time_total": 0.0, "samples": 60000, "num_workers": 1, "done": false, "timesteps_total": null, "episodes_total": null, "training_iteration": 2, "neg_mean_loss": -2.0626950510025024, "experiment_id": "96ea7068036845cebf04112c9822438a", "date": "2019-06-03_04-07-53", "timestamp": 1559560073, "time_this_iter_s": 41.577277183532715, "time_total_s": 89.49689388275146, "pid": 16909, "hostname": "steropes", "node_ip": "169.229.49.254", "config": {"starting_lr": 0.1, "momentum": 0.95, "weight_decay": 0.001, "steps_per_iteration": null, "pin": false, "model_creator": null, "target_batch_size": 128, "model_string": "resnet50", "min_batch_size": 128, "dataset": "CIFAR", "placement": null, "use_nccl": true, "devices_per_worker": 1, "primary_resource": "extra_gpu", "gpu": false, "verbose": false, "lr_config": {"mode": "log", "steps": 5, "initial_lr": 0.1, "target_lr": 0.1}, "batch_per_device": 128}, "time_since_restore": 89.49689388275146, "timesteps_since_restore": 0, "iterations_since_restore": 2, "mean_throughput": 1340.823055864633, "atoms": 1, "setup_time": 20.201951026916504}
{"apply": 0.01964430809020996, "batch_time": 0.03275283982482138, "d2h": 0.0007418394088745117, "data_time": 0.0017413458860743687, "fwd": 0.030242729187011718, "get_state_time_mean": NaN, "get_state_time_total": 0.0, "grad": 0.0505908727645874, "mean_accuracy": 0.24586666623751322, "mean_loss": 1.9856847537358602, "neg_mean_accuracy": -0.3190000057220459, "set_state_time_mean": NaN, "set_state_time_total": 0.0, "setup_model_time_mean": NaN, "setup_model_time_total": 0.0, "setup_proc_time_mean": NaN, "setup_proc_time_total": 0.0, "train_accuracy": 0.34561997652053833, "train_loss": 1.771269264602661, "training_time_mean": NaN, "training_time_total": 0.0, "val_accuracy": 0.3190000057220459, "val_loss": 1.8316641592025757, "validation_time_mean": NaN, "validation_time_total": 0.0, "samples": 60000, "num_workers": 1, "done": false, "timesteps_total": null, "episodes_total": null, "training_iteration": 3, "neg_mean_loss": -1.9856847537358602, "experiment_id": "96ea7068036845cebf04112c9822438a", "date": "2019-06-03_04-08-35", "timestamp": 1559560115, "time_this_iter_s": 42.11871337890625, "time_total_s": 131.61560726165771, "pid": 16909, "hostname": "steropes", "node_ip": "169.229.49.254", "config": {"starting_lr": 0.1, "momentum": 0.95, "weight_decay": 0.001, "steps_per_iteration": null, "pin": false, "model_creator": null, "target_batch_size": 128, "model_string": "resnet50", "min_batch_size": 128, "dataset": "CIFAR", "placement": null, "use_nccl": true, "devices_per_worker": 1, "primary_resource": "extra_gpu", "gpu": false, "verbose": false, "lr_config": {"mode": "log", "steps": 5, "initial_lr": 0.1, "target_lr": 0.1}, "batch_per_device": 128}, "time_since_restore": 131.61560726165771, "timesteps_since_restore": 0, "iterations_since_restore": 3, "mean_throughput": 1367.6141420406648, "atoms": 1, "setup_time": 20.201951026916504}
{"apply": 0.021726155281066896, "batch_time": 0.03187480757508097, "d2h": 0.0007287979125976563, "data_time": 0.0017935150419659627, "fwd": 0.03104739189147949, "get_state_time_mean": NaN, "get_state_time_total": 0.0, "grad": 0.048601412773132326, "mean_accuracy": 0.2785999998450279, "mean_loss": 1.9184204878807067, "neg_mean_accuracy": -0.376800000667572, "set_state_time_mean": NaN, "set_state_time_total": 0.0, "setup_model_time_mean": NaN, "setup_model_time_total": 0.0, "setup_proc_time_mean": NaN, "setup_proc_time_total": 0.0, "train_accuracy": 0.3919599950313568, "train_loss": 1.6599701849746704, "training_time_mean": NaN, "training_time_total": 0.0, "val_accuracy": 0.376800000667572, "val_loss": 1.7166276903152466, "validation_time_mean": NaN, "validation_time_total": 0.0, "samples": 60000, "num_workers": 1, "done": false, "timesteps_total": null, "episodes_total": null, "training_iteration": 4, "neg_mean_loss": -1.9184204878807067, "experiment_id": "96ea7068036845cebf04112c9822438a", "date": "2019-06-03_04-09-17", "timestamp": 1559560157, "time_this_iter_s": 41.66659736633301, "time_total_s": 173.28220462799072, "pid": 16909, "hostname": "steropes", "node_ip": "169.229.49.254", "config": {"starting_lr": 0.1, "momentum": 0.95, "weight_decay": 0.001, "steps_per_iteration": null, "pin": false, "model_creator": null, "target_batch_size": 128, "model_string": "resnet50", "min_batch_size": 128, "dataset": "CIFAR", "placement": null, "use_nccl": true, "devices_per_worker": 1, "primary_resource": "extra_gpu", "gpu": false, "verbose": false, "lr_config": {"mode": "log", "steps": 5, "initial_lr": 0.1, "target_lr": 0.1}, "batch_per_device": 128}, "time_since_restore": 173.28220462799072, "timesteps_since_restore": 0, "iterations_since_restore": 4, "mean_throughput": 1385.0195486163802, "atoms": 1, "setup_time": 20.201951026916504}
{"apply": 0.018782401084899904, "batch_time": 0.03200776063943211, "d2h": 0.0007321119308471679, "data_time": 0.001770329292472976, "fwd": 0.028805923461914063, "get_state_time_mean": NaN, "get_state_time_total": 0.0, "grad": 0.048824501037597653, "mean_accuracy": 0.2997599959373474, "mean_loss": 1.8812210671997072, "neg_mean_accuracy": -0.38439998030662537, "set_state_time_mean": NaN, "set_state_time_total": 0.0, "setup_model_time_mean": NaN, "setup_model_time_total": 0.0, "setup_proc_time_mean": NaN, "setup_proc_time_total": 0.0, "train_accuracy": 0.4183200001716614, "train_loss": 1.590161033782959, "training_time_mean": NaN, "training_time_total": 0.0, "val_accuracy": 0.38439998030662537, "val_loss": 1.732423384475708, "validation_time_mean": NaN, "validation_time_total": 0.0, "samples": 60000, "num_workers": 1, "done": false, "timesteps_total": null, "episodes_total": null, "training_iteration": 5, "neg_mean_loss": -1.8812210671997072, "experiment_id": "96ea7068036845cebf04112c9822438a", "date": "2019-06-03_04-09-59", "timestamp": 1559560199, "time_this_iter_s": 41.70666217803955, "time_total_s": 214.98886680603027, "pid": 16909, "hostname": "steropes", "node_ip": "169.229.49.254", "config": {"starting_lr": 0.1, "momentum": 0.95, "weight_decay": 0.001, "steps_per_iteration": null, "pin": false, "model_creator": null, "target_batch_size": 128, "model_string": "resnet50", "min_batch_size": 128, "dataset": "CIFAR", "placement": null, "use_nccl": true, "devices_per_worker": 1, "primary_resource": "extra_gpu", "gpu": false, "verbose": false, "lr_config": {"mode": "log", "steps": 5, "initial_lr": 0.1, "target_lr": 0.1}, "batch_per_device": 128}, "time_since_restore": 214.98886680603027, "timesteps_since_restore": 0, "iterations_since_restore": 5, "mean_throughput": 1395.4170037534063, "atoms": 1, "setup_time": 20.201951026916504}
{"apply": 0.0198103666305542, "batch_time": 0.031766942784756044, "d2h": 0.0007170677185058594, "data_time": 0.0017746482663752172, "fwd": 0.02901010513305664, "get_state_time_mean": NaN, "get_state_time_total": 0.0, "grad": 0.04927182197570801, "mean_accuracy": 0.3633399963378906, "mean_loss": 1.7437568632888794, "neg_mean_accuracy": -0.45329999923706055, "set_state_time_mean": NaN, "set_state_time_total": 0.0, "setup_model_time_mean": NaN, "setup_model_time_total": 0.0, "setup_proc_time_mean": NaN, "setup_proc_time_total": 0.0, "train_accuracy": 0.448419988155365, "train_loss": 1.5225733433532715, "training_time_mean": NaN, "training_time_total": 0.0, "val_accuracy": 0.45329999923706055, "val_loss": 1.5821853952407836, "validation_time_mean": NaN, "validation_time_total": 0.0, "samples": 60000, "num_workers": 1, "done": false, "timesteps_total": null, "episodes_total": null, "training_iteration": 6, "neg_mean_loss": -1.7437568632888794, "experiment_id": "96ea7068036845cebf04112c9822438a", "date": "2019-06-03_04-10-40", "timestamp": 1559560240, "time_this_iter_s": 41.489219427108765, "time_total_s": 256.47808623313904, "pid": 16909, "hostname": "steropes", "node_ip": "169.229.49.254", "config": {"starting_lr": 0.1, "momentum": 0.95, "weight_decay": 0.001, "steps_per_iteration": null, "pin": false, "model_creator": null, "target_batch_size": 128, "model_string": "resnet50", "min_batch_size": 128, "dataset": "CIFAR", "placement": null, "use_nccl": true, "devices_per_worker": 1, "primary_resource": "extra_gpu", "gpu": false, "verbose": false, "lr_config": {"mode": "log", "steps": 5, "initial_lr": 0.1, "target_lr": 0.1}, "batch_per_device": 128}, "time_since_restore": 256.47808623313904, "timesteps_since_restore": 0, "iterations_since_restore": 6, "mean_throughput": 1438.441165987918, "atoms": 1, "setup_time": 20.201951026916504}
{"apply": 0.019013357162475587, "batch_time": 0.03161487700063971, "d2h": 0.000687551498413086, "data_time": 0.0017522338711087357, "fwd": 0.029659461975097657, "get_state_time_mean": NaN, "get_state_time_total": 0.0, "grad": 0.04991767406463623, "mean_accuracy": 0.39619999527931216, "mean_loss": 1.6998737401199342, "neg_mean_accuracy": -0.44749999046325684, "set_state_time_mean": NaN, "set_state_time_total": 0.0, "setup_model_time_mean": NaN, "setup_model_time_total": 0.0, "setup_proc_time_mean": NaN, "setup_proc_time_total": 0.0, "train_accuracy": 0.47529998421669006, "train_loss": 1.4684400718688966, "training_time_mean": NaN, "training_time_total": 0.0, "val_accuracy": 0.44749999046325684, "val_loss": 1.6364680713653565, "validation_time_mean": NaN, "validation_time_total": 0.0, "samples": 60000, "num_workers": 1, "done": false, "timesteps_total": null, "episodes_total": null, "training_iteration": 7, "neg_mean_loss": -1.6998737401199342, "experiment_id": "96ea7068036845cebf04112c9822438a", "date": "2019-06-03_04-11-22", "timestamp": 1559560282, "time_this_iter_s": 41.78891658782959, "time_total_s": 298.2670028209686, "pid": 16909, "hostname": "steropes", "node_ip": "169.229.49.254", "config": {"starting_lr": 0.1, "momentum": 0.95, "weight_decay": 0.001, "steps_per_iteration": null, "pin": false, "model_creator": null, "target_batch_size": 128, "model_string": "resnet50", "min_batch_size": 128, "dataset": "CIFAR", "placement": null, "use_nccl": true, "devices_per_worker": 1, "primary_resource": "extra_gpu", "gpu": false, "verbose": false, "lr_config": {"mode": "log", "steps": 5, "initial_lr": 0.1, "target_lr": 0.1}, "batch_per_device": 128}, "time_since_restore": 298.2670028209686, "timesteps_since_restore": 0, "iterations_since_restore": 7, "mean_throughput": 1436.9843659792605, "atoms": 1, "setup_time": 20.201951026916504}
{"apply": 0.018250870704650878, "batch_time": 0.034924226471140414, "d2h": 0.0007077455520629883, "data_time": 0.0017444087416314713, "fwd": 0.02858395576477051, "get_state_time_mean": NaN, "get_state_time_total": 0.0, "grad": 0.04809162616729736, "mean_accuracy": 0.4159999907016754, "mean_loss": 1.6764631807708739, "neg_mean_accuracy": -0.4179999828338623, "set_state_time_mean": NaN, "set_state_time_total": 0.0, "setup_model_time_mean": NaN, "setup_model_time_total": 0.0, "setup_proc_time_mean": NaN, "setup_proc_time_total": 0.0, "train_accuracy": 0.49917998909950256, "train_loss": 1.4130861354827882, "training_time_mean": NaN, "training_time_total": 0.0, "val_accuracy": 0.4179999828338623, "val_loss": 1.7146113624572754, "validation_time_mean": NaN, "validation_time_total": 0.0, "samples": 60000, "num_workers": 1, "done": false, "timesteps_total": null, "episodes_total": null, "training_iteration": 8, "neg_mean_loss": -1.6764631807708739, "experiment_id": "96ea7068036845cebf04112c9822438a", "date": "2019-06-03_04-12-04", "timestamp": 1559560324, "time_this_iter_s": 41.76434636116028, "time_total_s": 340.0313491821289, "pid": 16909, "hostname": "steropes", "node_ip": "169.229.49.254", "config": {"starting_lr": 0.1, "momentum": 0.95, "weight_decay": 0.001, "steps_per_iteration": null, "pin": false, "model_creator": null, "target_batch_size": 128, "model_string": "resnet50", "min_batch_size": 128, "dataset": "CIFAR", "placement": null, "use_nccl": true, "devices_per_worker": 1, "primary_resource": "extra_gpu", "gpu": false, "verbose": false, "lr_config": {"mode": "log", "steps": 5, "initial_lr": 0.1, "target_lr": 0.1}, "batch_per_device": 128}, "time_since_restore": 340.0313491821289, "timesteps_since_restore": 0, "iterations_since_restore": 8, "mean_throughput": 1439.427676167292, "atoms": 1, "setup_time": 20.201951026916504}
{"apply": 0.018260788917541505, "batch_time": 0.031823795053023324, "d2h": 0.0006923198699951172, "data_time": 0.001742497734401537, "fwd": 0.02814798355102539, "get_state_time_mean": NaN, "get_state_time_total": 0.0, "grad": 0.048653268814086915, "mean_accuracy": 0.444299989938736, "mean_loss": 1.6124877248764036, "neg_mean_accuracy": -0.5182999968528748, "set_state_time_mean": NaN, "set_state_time_total": 0.0, "setup_model_time_mean": NaN, "setup_model_time_total": 0.0, "setup_proc_time_mean": NaN, "setup_proc_time_total": 0.0, "train_accuracy": 0.5071399807929993, "train_loss": 1.3951832821273804, "training_time_mean": NaN, "training_time_total": 0.0, "val_accuracy": 0.5182999968528748, "val_loss": 1.3967504108428954, "validation_time_mean": NaN, "validation_time_total": 0.0, "samples": 60000, "num_workers": 1, "done": false, "timesteps_total": null, "episodes_total": null, "training_iteration": 9, "neg_mean_loss": -1.6124877248764036, "experiment_id": "96ea7068036845cebf04112c9822438a", "date": "2019-06-03_04-12-45", "timestamp": 1559560365, "time_this_iter_s": 41.402448892593384, "time_total_s": 381.4337980747223, "pid": 16909, "hostname": "steropes", "node_ip": "169.229.49.254", "config": {"starting_lr": 0.1, "momentum": 0.95, "weight_decay": 0.001, "steps_per_iteration": null, "pin": false, "model_creator": null, "target_batch_size": 128, "model_string": "resnet50", "min_batch_size": 128, "dataset": "CIFAR", "placement": null, "use_nccl": true, "devices_per_worker": 1, "primary_resource": "extra_gpu", "gpu": false, "verbose": false, "lr_config": {"mode": "log", "steps": 5, "initial_lr": 0.1, "target_lr": 0.1}, "batch_per_device": 128}, "time_since_restore": 381.4337980747223, "timesteps_since_restore": 0, "iterations_since_restore": 9, "mean_throughput": 1441.2543279123888, "atoms": 1, "setup_time": 20.201951026916504}
{"apply": 0.01926276683807373, "batch_time": 0.03334911865524099, "d2h": 0.0006577014923095703, "data_time": 0.0017205729813831846, "fwd": 0.02895517349243164, "get_state_time_mean": NaN, "get_state_time_total": 0.0, "grad": 0.04931001663208008, "mean_accuracy": 0.4610399901866913, "mean_loss": 1.58390727558136, "neg_mean_accuracy": -0.468099981546402, "set_state_time_mean": NaN, "set_state_time_total": 0.0, "setup_model_time_mean": NaN, "setup_model_time_total": 0.0, "setup_proc_time_mean": NaN, "setup_proc_time_total": 0.0, "train_accuracy": 0.5244399905204773, "train_loss": 1.3415656330490113, "training_time_mean": NaN, "training_time_total": 0.0, "val_accuracy": 0.468099981546402, "val_loss": 1.5895211380004883, "validation_time_mean": NaN, "validation_time_total": 0.0, "samples": 60000, "num_workers": 1, "done": false, "timesteps_total": null, "episodes_total": null, "training_iteration": 10, "neg_mean_loss": -1.58390727558136, "experiment_id": "96ea7068036845cebf04112c9822438a", "date": "2019-06-03_04-13-27", "timestamp": 1559560407, "time_this_iter_s": 41.59881567955017, "time_total_s": 423.03261375427246, "pid": 16909, "hostname": "steropes", "node_ip": "169.229.49.254", "config": {"starting_lr": 0.1, "momentum": 0.95, "weight_decay": 0.001, "steps_per_iteration": null, "pin": false, "model_creator": null, "target_batch_size": 128, "model_string": "resnet50", "min_batch_size": 128, "dataset": "CIFAR", "placement": null, "use_nccl": true, "devices_per_worker": 1, "primary_resource": "extra_gpu", "gpu": false, "verbose": false, "lr_config": {"mode": "log", "steps": 5, "initial_lr": 0.1, "target_lr": 0.1}, "batch_per_device": 128}, "time_since_restore": 423.03261375427246, "timesteps_since_restore": 0, "iterations_since_restore": 10, "mean_throughput": 1442.0014343356127, "atoms": 1, "setup_time": 20.201951026916504}
{"apply": 0.018956899642944336, "batch_time": 0.031955323641813256, "d2h": 0.000794076919555664, "data_time": 0.0017003622811163782, "fwd": 0.028737926483154298, "get_state_time_mean": NaN, "get_state_time_total": 0.0, "grad": 0.049183988571166994, "mean_accuracy": 0.4706999838352203, "mean_loss": 1.5559042224884032, "neg_mean_accuracy": -0.5015999674797058, "set_state_time_mean": NaN, "set_state_time_total": 0.0, "setup_model_time_mean": NaN, "setup_model_time_total": 0.0, "setup_proc_time_mean": NaN, "setup_proc_time_total": 0.0, "train_accuracy": 0.5293999910354614, "train_loss": 1.3412068030166626, "training_time_mean": NaN, "training_time_total": 0.0, "val_accuracy": 0.5015999674797058, "val_loss": 1.442170129776001, "validation_time_mean": NaN, "validation_time_total": 0.0, "samples": 60000, "num_workers": 1, "done": false, "timesteps_total": null, "episodes_total": null, "training_iteration": 11, "neg_mean_loss": -1.5559042224884032, "experiment_id": "96ea7068036845cebf04112c9822438a", "date": "2019-06-03_04-14-08", "timestamp": 1559560448, "time_this_iter_s": 41.356221437454224, "time_total_s": 464.3888351917267, "pid": 16909, "hostname": "steropes", "node_ip": "169.229.49.254", "config": {"starting_lr": 0.1, "momentum": 0.95, "weight_decay": 0.001, "steps_per_iteration": null, "pin": false, "model_creator": null, "target_batch_size": 128, "model_string": "resnet50", "min_batch_size": 128, "dataset": "CIFAR", "placement": null, "use_nccl": true, "devices_per_worker": 1, "primary_resource": "extra_gpu", "gpu": false, "verbose": false, "lr_config": {"mode": "log", "steps": 5, "initial_lr": 0.1, "target_lr": 0.1}, "batch_per_device": 128}, "time_since_restore": 464.3888351917267, "timesteps_since_restore": 0, "iterations_since_restore": 11, "mean_throughput": 1442.9239625757973, "atoms": 1, "setup_time": 20.201951026916504}
{"apply": 0.018742012977600097, "batch_time": 0.032929305788836905, "d2h": 0.0007673263549804688, "data_time": 0.0017225547214908064, "fwd": 0.028911614418029787, "get_state_time_mean": NaN, "get_state_time_total": 0.0, "grad": 0.04832658767700195, "mean_accuracy": 0.4902999818325043, "mean_loss": 1.4822284142303466, "neg_mean_accuracy": -0.5454999804496765, "set_state_time_mean": NaN, "set_state_time_total": 0.0, "setup_model_time_mean": NaN, "setup_model_time_total": 0.0, "setup_proc_time_mean": NaN, "setup_proc_time_total": 0.0, "train_accuracy": 0.5396599769592285, "train_loss": 1.3154517695617676, "training_time_mean": NaN, "training_time_total": 0.0, "val_accuracy": 0.5454999804496765, "val_loss": 1.2680890300750733, "validation_time_mean": NaN, "validation_time_total": 0.0, "samples": 60000, "num_workers": 1, "done": false, "timesteps_total": null, "episodes_total": null, "training_iteration": 12, "neg_mean_loss": -1.4822284142303466, "experiment_id": "96ea7068036845cebf04112c9822438a", "date": "2019-06-03_04-14-50", "timestamp": 1559560490, "time_this_iter_s": 41.43454146385193, "time_total_s": 505.8233766555786, "pid": 16909, "hostname": "steropes", "node_ip": "169.229.49.254", "config": {"starting_lr": 0.1, "momentum": 0.95, "weight_decay": 0.001, "steps_per_iteration": null, "pin": false, "model_creator": null, "target_batch_size": 128, "model_string": "resnet50", "min_batch_size": 128, "dataset": "CIFAR", "placement": null, "use_nccl": true, "devices_per_worker": 1, "primary_resource": "extra_gpu", "gpu": false, "verbose": false, "lr_config": {"mode": "log", "steps": 5, "initial_lr": 0.1, "target_lr": 0.1}, "batch_per_device": 128}, "time_since_restore": 505.8233766555786, "timesteps_since_restore": 0, "iterations_since_restore": 12, "mean_throughput": 1445.387574888483, "atoms": 1, "setup_time": 20.201951026916504}
{"apply": 0.018481016159057617, "batch_time": 0.032138124296936806, "d2h": 0.0006952762603759765, "data_time": 0.0018183471601637428, "fwd": 0.02906193733215332, "get_state_time_mean": NaN, "get_state_time_total": 0.0, "grad": 0.050126171112060545, "mean_accuracy": 0.5095999777317047, "mean_loss": 1.447252587471008, "neg_mean_accuracy": -0.5144999623298645, "set_state_time_mean": NaN, "set_state_time_total": 0.0, "setup_model_time_mean": NaN, "setup_model_time_total": 0.0, "setup_proc_time_mean": NaN, "setup_proc_time_total": 0.0, "train_accuracy": 0.5418399572372437, "train_loss": 1.3137878867721557, "training_time_mean": NaN, "training_time_total": 0.0, "val_accuracy": 0.5144999623298645, "val_loss": 1.5397322286605835, "validation_time_mean": NaN, "validation_time_total": 0.0, "samples": 60000, "num_workers": 1, "done": false, "timesteps_total": null, "episodes_total": null, "training_iteration": 13, "neg_mean_loss": -1.447252587471008, "experiment_id": "96ea7068036845cebf04112c9822438a", "date": "2019-06-03_04-15-32", "timestamp": 1559560532, "time_this_iter_s": 42.40548062324524, "time_total_s": 548.2288572788239, "pid": 16909, "hostname": "steropes", "node_ip": "169.229.49.254", "config": {"starting_lr": 0.1, "momentum": 0.95, "weight_decay": 0.001, "steps_per_iteration": null, "pin": false, "model_creator": null, "target_batch_size": 128, "model_string": "resnet50", "min_batch_size": 128, "dataset": "CIFAR", "placement": null, "use_nccl": true, "devices_per_worker": 1, "primary_resource": "extra_gpu", "gpu": false, "verbose": false, "lr_config": {"mode": "log", "steps": 5, "initial_lr": 0.1, "target_lr": 0.1}, "batch_per_device": 128}, "time_since_restore": 548.2288572788239, "timesteps_since_restore": 0, "iterations_since_restore": 13, "mean_throughput": 1440.9361412693365, "atoms": 1, "setup_time": 20.201951026916504}
{"apply": 0.01808803081512451, "batch_time": 0.03187382673915429, "d2h": 0.000704813003540039, "data_time": 0.001750605795389551, "fwd": 0.028555679321289062, "get_state_time_mean": NaN, "get_state_time_total": 0.0, "grad": 0.047405672073364255, "mean_accuracy": 0.5138799726963044, "mean_loss": 1.4336608740234376, "neg_mean_accuracy": -0.5396999716758728, "set_state_time_mean": NaN, "set_state_time_total": 0.0, "setup_model_time_mean": NaN, "setup_model_time_total": 0.0, "setup_proc_time_mean": NaN, "setup_proc_time_total": 0.0, "train_accuracy": 0.5446999669075012, "train_loss": 1.2983315758514404, "training_time_mean": NaN, "training_time_total": 0.0, "val_accuracy": 0.5396999716758728, "val_loss": 1.3287918436050414, "validation_time_mean": NaN, "validation_time_total": 0.0, "samples": 60000, "num_workers": 1, "done": false, "timesteps_total": null, "episodes_total": null, "training_iteration": 14, "neg_mean_loss": -1.4336608740234376, "experiment_id": "96ea7068036845cebf04112c9822438a", "date": "2019-06-03_04-16-14", "timestamp": 1559560574, "time_this_iter_s": 41.59354519844055, "time_total_s": 589.8224024772644, "pid": 16909, "hostname": "steropes", "node_ip": "169.229.49.254", "config": {"starting_lr": 0.1, "momentum": 0.95, "weight_decay": 0.001, "steps_per_iteration": null, "pin": false, "model_creator": null, "target_batch_size": 128, "model_string": "resnet50", "min_batch_size": 128, "dataset": "CIFAR", "placement": null, "use_nccl": true, "devices_per_worker": 1, "primary_resource": "extra_gpu", "gpu": false, "verbose": false, "lr_config": {"mode": "log", "steps": 5, "initial_lr": 0.1, "target_lr": 0.1}, "batch_per_device": 128}, "time_since_restore": 589.8224024772644, "timesteps_since_restore": 0, "iterations_since_restore": 14, "mean_throughput": 1439.6146203766443, "atoms": 1, "setup_time": 20.201951026916504}
{"apply": 0.018630719184875487, "batch_time": 0.032804742644104774, "d2h": 0.0007380008697509766, "data_time": 0.0017503411568644102, "fwd": 0.028704237937927247, "get_state_time_mean": NaN, "get_state_time_total": 0.0, "grad": 0.04881119728088379, "mean_accuracy": 0.5137999713420868, "mean_loss": 1.4465185804367067, "neg_mean_accuracy": -0.46769997477531433, "set_state_time_mean": NaN, "set_state_time_total": 0.0, "setup_model_time_mean": NaN, "setup_model_time_total": 0.0, "setup_proc_time_mean": NaN, "setup_proc_time_total": 0.0, "train_accuracy": 0.5514199733734131, "train_loss": 1.2882867302322387, "training_time_mean": NaN, "training_time_total": 0.0, "val_accuracy": 0.46769997477531433, "val_loss": 1.6538096700668334, "validation_time_mean": NaN, "validation_time_total": 0.0, "samples": 60000, "num_workers": 1, "done": false, "timesteps_total": null, "episodes_total": null, "training_iteration": 15, "neg_mean_loss": -1.4465185804367067, "experiment_id": "96ea7068036845cebf04112c9822438a", "date": "2019-06-03_04-16-55", "timestamp": 1559560615, "time_this_iter_s": 41.486517906188965, "time_total_s": 631.3089203834534, "pid": 16909, "hostname": "steropes", "node_ip": "169.229.49.254", "config": {"starting_lr": 0.1, "momentum": 0.95, "weight_decay": 0.001, "steps_per_iteration": null, "pin": false, "model_creator": null, "target_batch_size": 128, "model_string": "resnet50", "min_batch_size": 128, "dataset": "CIFAR", "placement": null, "use_nccl": true, "devices_per_worker": 1, "primary_resource": "extra_gpu", "gpu": false, "verbose": false, "lr_config": {"mode": "log", "steps": 5, "initial_lr": 0.1, "target_lr": 0.1}, "batch_per_device": 128}, "time_since_restore": 631.3089203834534, "timesteps_since_restore": 0, "iterations_since_restore": 15, "mean_throughput": 1440.3908815258997, "atoms": 1, "setup_time": 20.201951026916504}
{"apply": 0.018549656867980956, "batch_time": 0.03194104870663413, "d2h": 0.0006920814514160157, "data_time": 0.0017781403973279402, "fwd": 0.02875974178314209, "get_state_time_mean": NaN, "get_state_time_total": 0.0, "grad": 0.04872438907623291, "mean_accuracy": 0.5167599737644195, "mean_loss": 1.452236030883789, "neg_mean_accuracy": -0.5163999795913696, "set_state_time_mean": NaN, "set_state_time_total": 0.0, "setup_model_time_mean": NaN, "setup_model_time_total": 0.0, "setup_proc_time_mean": NaN, "setup_proc_time_total": 0.0, "train_accuracy": 0.548039972782135, "train_loss": 1.2965219597625732, "training_time_mean": NaN, "training_time_total": 0.0, "val_accuracy": 0.5163999795913696, "val_loss": 1.4707573820114135, "validation_time_mean": NaN, "validation_time_total": 0.0, "samples": 60000, "num_workers": 1, "done": false, "timesteps_total": null, "episodes_total": null, "training_iteration": 16, "neg_mean_loss": -1.452236030883789, "experiment_id": "96ea7068036845cebf04112c9822438a", "date": "2019-06-03_04-17-37", "timestamp": 1559560657, "time_this_iter_s": 41.539369344711304, "time_total_s": 672.8482897281647, "pid": 16909, "hostname": "steropes", "node_ip": "169.229.49.254", "config": {"starting_lr": 0.1, "momentum": 0.95, "weight_decay": 0.001, "steps_per_iteration": null, "pin": false, "model_creator": null, "target_batch_size": 128, "model_string": "resnet50", "min_batch_size": 128, "dataset": "CIFAR", "placement": null, "use_nccl": true, "devices_per_worker": 1, "primary_resource": "extra_gpu", "gpu": false, "verbose": false, "lr_config": {"mode": "log", "steps": 5, "initial_lr": 0.1, "target_lr": 0.1}, "batch_per_device": 128}, "time_since_restore": 672.8482897281647, "timesteps_since_restore": 0, "iterations_since_restore": 16, "mean_throughput": 1439.1253606702348, "atoms": 1, "setup_time": 20.201951026916504}
{"apply": 0.019275379180908204, "batch_time": 0.0323040575920781, "d2h": 0.0007181406021118164, "data_time": 0.0017614212182476697, "fwd": 0.02908935546875, "get_state_time_mean": NaN, "get_state_time_total": 0.0, "grad": 0.04922232627868652, "mean_accuracy": 0.5181599795818329, "mean_loss": 1.4605435817337036, "neg_mean_accuracy": -0.5525000095367432, "set_state_time_mean": NaN, "set_state_time_total": 0.0, "setup_model_time_mean": NaN, "setup_model_time_total": 0.0, "setup_proc_time_mean": NaN, "setup_proc_time_total": 0.0, "train_accuracy": 0.5503999590873718, "train_loss": 1.2821526009368895, "training_time_mean": NaN, "training_time_total": 0.0, "val_accuracy": 0.5525000095367432, "val_loss": 1.309626784324646, "validation_time_mean": NaN, "validation_time_total": 0.0, "samples": 60000, "num_workers": 1, "done": false, "timesteps_total": null, "episodes_total": null, "training_iteration": 17, "neg_mean_loss": -1.4605435817337036, "experiment_id": "96ea7068036845cebf04112c9822438a", "date": "2019-06-03_04-18-18", "timestamp": 1559560698, "time_this_iter_s": 41.44753432273865, "time_total_s": 714.2958240509033, "pid": 16909, "hostname": "steropes", "node_ip": "169.229.49.254", "config": {"starting_lr": 0.1, "momentum": 0.95, "weight_decay": 0.001, "steps_per_iteration": null, "pin": false, "model_creator": null, "target_batch_size": 128, "model_string": "resnet50", "min_batch_size": 128, "dataset": "CIFAR", "placement": null, "use_nccl": true, "devices_per_worker": 1, "primary_resource": "extra_gpu", "gpu": false, "verbose": false, "lr_config": {"mode": "log", "steps": 5, "initial_lr": 0.1, "target_lr": 0.1}, "batch_per_device": 128}, "time_since_restore": 714.2958240509033, "timesteps_since_restore": 0, "iterations_since_restore": 17, "mean_throughput": 1439.035668681814, "atoms": 1, "setup_time": 20.201951026916504}
{"apply": 0.018453359603881836, "batch_time": 0.03199623204484771, "d2h": 0.0007272720336914063, "data_time": 0.0017513143436987991, "fwd": 0.028618001937866212, "get_state_time_mean": NaN, "get_state_time_total": 0.0, "grad": 0.04774894714355469, "mean_accuracy": 0.5228799879550934, "mean_loss": 1.421068543395996, "neg_mean_accuracy": -0.538100004196167, "set_state_time_mean": NaN, "set_state_time_total": 0.0, "setup_model_time_mean": NaN, "setup_model_time_total": 0.0, "setup_proc_time_mean": NaN, "setup_proc_time_total": 0.0, "train_accuracy": 0.553339958190918, "train_loss": 1.2798560815811157, "training_time_mean": NaN, "training_time_total": 0.0, "val_accuracy": 0.538100004196167, "val_loss": 1.342357036972046, "validation_time_mean": NaN, "validation_time_total": 0.0, "samples": 60000, "num_workers": 1, "done": false, "timesteps_total": null, "episodes_total": null, "training_iteration": 18, "neg_mean_loss": -1.421068543395996, "experiment_id": "96ea7068036845cebf04112c9822438a", "date": "2019-06-03_04-19-00", "timestamp": 1559560740, "time_this_iter_s": 41.44841027259827, "time_total_s": 755.7442343235016, "pid": 16909, "hostname": "steropes", "node_ip": "169.229.49.254", "config": {"starting_lr": 0.1, "momentum": 0.95, "weight_decay": 0.001, "steps_per_iteration": null, "pin": false, "model_creator": null, "target_batch_size": 128, "model_string": "resnet50", "min_batch_size": 128, "dataset": "CIFAR", "placement": null, "use_nccl": true, "devices_per_worker": 1, "primary_resource": "extra_gpu", "gpu": false, "verbose": false, "lr_config": {"mode": "log", "steps": 5, "initial_lr": 0.1, "target_lr": 0.1}, "batch_per_device": 128}, "time_since_restore": 755.7442343235016, "timesteps_since_restore": 0, "iterations_since_restore": 18, "mean_throughput": 1445.6730424047282, "atoms": 1, "setup_time": 20.201951026916504}
{"apply": 0.01802823543548584, "batch_time": 0.031753428374664695, "d2h": 0.0007008552551269531, "data_time": 0.0017596961897047585, "fwd": 0.02817208766937256, "get_state_time_mean": NaN, "get_state_time_total": 0.0, "grad": 0.048233318328857425, "mean_accuracy": 0.5235999882221222, "mean_loss": 1.4260474765968323, "neg_mean_accuracy": -0.5432999730110168, "set_state_time_mean": NaN, "set_state_time_total": 0.0, "setup_model_time_mean": NaN, "setup_model_time_total": 0.0, "setup_proc_time_mean": NaN, "setup_proc_time_total": 0.0, "train_accuracy": 0.5568000078201294, "train_loss": 1.276108685836792, "training_time_mean": NaN, "training_time_total": 0.0, "val_accuracy": 0.5432999730110168, "val_loss": 1.3536865096092223, "validation_time_mean": NaN, "validation_time_total": 0.0, "samples": 60000, "num_workers": 1, "done": false, "timesteps_total": null, "episodes_total": null, "training_iteration": 19, "neg_mean_loss": -1.4260474765968323, "experiment_id": "96ea7068036845cebf04112c9822438a", "date": "2019-06-03_04-19-41", "timestamp": 1559560781, "time_this_iter_s": 41.71740746498108, "time_total_s": 797.4616417884827, "pid": 16909, "hostname": "steropes", "node_ip": "169.229.49.254", "config": {"starting_lr": 0.1, "momentum": 0.95, "weight_decay": 0.001, "steps_per_iteration": null, "pin": false, "model_creator": null, "target_batch_size": 128, "model_string": "resnet50", "min_batch_size": 128, "dataset": "CIFAR", "placement": null, "use_nccl": true, "devices_per_worker": 1, "primary_resource": "extra_gpu", "gpu": false, "verbose": false, "lr_config": {"mode": "log", "steps": 5, "initial_lr": 0.1, "target_lr": 0.1}, "batch_per_device": 128}, "time_since_restore": 797.4616417884827, "timesteps_since_restore": 0, "iterations_since_restore": 19, "mean_throughput": 1444.810851304192, "atoms": 1, "setup_time": 20.201951026916504}
{"apply": 0.01828618049621582, "batch_time": 0.033445092696177806, "d2h": 0.0006970405578613281, "data_time": 0.0017373000874238856, "fwd": 0.028477811813354494, "get_state_time_mean": NaN, "get_state_time_total": 0.0, "grad": 0.04769034385681152, "mean_accuracy": 0.5373999953269959, "mean_loss": 1.381068942737579, "neg_mean_accuracy": -0.5367000102996826, "set_state_time_mean": NaN, "set_state_time_total": 0.0, "setup_model_time_mean": NaN, "setup_model_time_total": 0.0, "setup_proc_time_mean": NaN, "setup_proc_time_total": 0.0, "train_accuracy": 0.5602399706840515, "train_loss": 1.2578342965316773, "training_time_mean": NaN, "training_time_total": 0.0, "val_accuracy": 0.5367000102996826, "val_loss": 1.428917000770569, "validation_time_mean": NaN, "validation_time_total": 0.0, "samples": 60000, "num_workers": 1, "done": false, "timesteps_total": null, "episodes_total": null, "training_iteration": 20, "neg_mean_loss": -1.381068942737579, "experiment_id": "96ea7068036845cebf04112c9822438a", "date": "2019-06-03_04-20-23", "timestamp": 1559560823, "time_this_iter_s": 41.56930732727051, "time_total_s": 839.0309491157532, "pid": 16909, "hostname": "steropes", "node_ip": "169.229.49.254", "config": {"starting_lr": 0.1, "momentum": 0.95, "weight_decay": 0.001, "steps_per_iteration": null, "pin": false, "model_creator": null, "target_batch_size": 128, "model_string": "resnet50", "min_batch_size": 128, "dataset": "CIFAR", "placement": null, "use_nccl": true, "devices_per_worker": 1, "primary_resource": "extra_gpu", "gpu": false, "verbose": false, "lr_config": {"mode": "log", "steps": 5, "initial_lr": 0.1, "target_lr": 0.1}, "batch_per_device": 128}, "time_since_restore": 839.0309491157532, "timesteps_since_restore": 0, "iterations_since_restore": 20, "mean_throughput": 1444.2350220787982, "atoms": 1, "setup_time": 20.201951026916504}
{"apply": 0.018175554275512696, "batch_time": 0.03207274931895582, "d2h": 0.0007290840148925781, "data_time": 0.00169897567280723, "fwd": 0.028322577476501465, "get_state_time_mean": NaN, "get_state_time_total": 0.0, "grad": 0.04831039905548096, "mean_accuracy": 0.5409799933433532, "mean_loss": 1.3634760540962219, "neg_mean_accuracy": -0.5342999696731567, "set_state_time_mean": NaN, "set_state_time_total": 0.0, "setup_model_time_mean": NaN, "setup_model_time_total": 0.0, "setup_proc_time_mean": NaN, "setup_proc_time_total": 0.0, "train_accuracy": 0.560979962348938, "train_loss": 1.2710665935897827, "training_time_mean": NaN, "training_time_total": 0.0, "val_accuracy": 0.5342999696731567, "val_loss": 1.3827929388046265, "validation_time_mean": NaN, "validation_time_total": 0.0, "samples": 60000, "num_workers": 1, "done": false, "timesteps_total": null, "episodes_total": null, "training_iteration": 21, "neg_mean_loss": -1.3634760540962219, "experiment_id": "96ea7068036845cebf04112c9822438a", "date": "2019-06-03_04-21-04", "timestamp": 1559560864, "time_this_iter_s": 41.43646264076233, "time_total_s": 880.4674117565155, "pid": 16909, "hostname": "steropes", "node_ip": "169.229.49.254", "config": {"starting_lr": 0.1, "momentum": 0.95, "weight_decay": 0.001, "steps_per_iteration": null, "pin": false, "model_creator": null, "target_batch_size": 128, "model_string": "resnet50", "min_batch_size": 128, "dataset": "CIFAR", "placement": null, "use_nccl": true, "devices_per_worker": 1, "primary_resource": "extra_gpu", "gpu": false, "verbose": false, "lr_config": {"mode": "log", "steps": 5, "initial_lr": 0.1, "target_lr": 0.1}, "batch_per_device": 128}, "time_since_restore": 880.4674117565155, "timesteps_since_restore": 0, "iterations_since_restore": 21, "mean_throughput": 1444.9509274846357, "atoms": 1, "setup_time": 20.201951026916504}
{"apply": 0.01806802749633789, "batch_time": 0.03197020518628857, "d2h": 0.0007168769836425782, "data_time": 0.0017301030171191906, "fwd": 0.028673362731933594, "get_state_time_mean": NaN, "get_state_time_total": 0.0, "grad": 0.050988173484802245, "mean_accuracy": 0.5260799884796142, "mean_loss": 1.4244350716590881, "neg_mean_accuracy": -0.4779999852180481, "set_state_time_mean": NaN, "set_state_time_total": 0.0, "setup_model_time_mean": NaN, "setup_model_time_total": 0.0, "setup_proc_time_mean": NaN, "setup_proc_time_total": 0.0, "train_accuracy": 0.5669599771499634, "train_loss": 1.2424335397338868, "training_time_mean": NaN, "training_time_total": 0.0, "val_accuracy": 0.4779999852180481, "val_loss": 1.6144218721389771, "validation_time_mean": NaN, "validation_time_total": 0.0, "samples": 60000, "num_workers": 1, "done": false, "timesteps_total": null, "episodes_total": null, "training_iteration": 22, "neg_mean_loss": -1.4244350716590881, "experiment_id": "96ea7068036845cebf04112c9822438a", "date": "2019-06-03_04-21-46", "timestamp": 1559560906, "time_this_iter_s": 41.322622776031494, "time_total_s": 921.790034532547, "pid": 16909, "hostname": "steropes", "node_ip": "169.229.49.254", "config": {"starting_lr": 0.1, "momentum": 0.95, "weight_decay": 0.001, "steps_per_iteration": null, "pin": false, "model_creator": null, "target_batch_size": 128, "model_string": "resnet50", "min_batch_size": 128, "dataset": "CIFAR", "placement": null, "use_nccl": true, "devices_per_worker": 1, "primary_resource": "extra_gpu", "gpu": false, "verbose": false, "lr_config": {"mode": "log", "steps": 5, "initial_lr": 0.1, "target_lr": 0.1}, "batch_per_device": 128}, "time_since_restore": 921.790034532547, "timesteps_since_restore": 0, "iterations_since_restore": 22, "mean_throughput": 1445.8208247594866, "atoms": 1, "setup_time": 20.201951026916504}
{"apply": 0.019894886016845702, "batch_time": 0.032074161722690245, "d2h": 0.0007256269454956055, "data_time": 0.0017402233065241743, "fwd": 0.029993820190429687, "get_state_time_mean": NaN, "get_state_time_total": 0.0, "grad": 0.04830896854400635, "mean_accuracy": 0.5216999888420105, "mean_loss": 1.4324807035636904, "neg_mean_accuracy": -0.5162000060081482, "set_state_time_mean": NaN, "set_state_time_total": 0.0, "setup_model_time_mean": NaN, "setup_model_time_total": 0.0, "setup_proc_time_mean": NaN, "setup_proc_time_total": 0.0, "train_accuracy": 0.5654199719429016, "train_loss": 1.2476619858551026, "training_time_mean": NaN, "training_time_total": 0.0, "val_accuracy": 0.5162000060081482, "val_loss": 1.3825851964950562, "validation_time_mean": NaN, "validation_time_total": 0.0, "samples": 60000, "num_workers": 1, "done": false, "timesteps_total": null, "episodes_total": null, "training_iteration": 23, "neg_mean_loss": -1.4324807035636904, "experiment_id": "96ea7068036845cebf04112c9822438a", "date": "2019-06-03_04-22-27", "timestamp": 1559560947, "time_this_iter_s": 41.64041805267334, "time_total_s": 963.4304525852203, "pid": 16909, "hostname": "steropes", "node_ip": "169.229.49.254", "config": {"starting_lr": 0.1, "momentum": 0.95, "weight_decay": 0.001, "steps_per_iteration": null, "pin": false, "model_creator": null, "target_batch_size": 128, "model_string": "resnet50", "min_batch_size": 128, "dataset": "CIFAR", "placement": null, "use_nccl": true, "devices_per_worker": 1, "primary_resource": "extra_gpu", "gpu": false, "verbose": false, "lr_config": {"mode": "log", "steps": 5, "initial_lr": 0.1, "target_lr": 0.1}, "batch_per_device": 128}, "time_since_restore": 963.4304525852203, "timesteps_since_restore": 0, "iterations_since_restore": 23, "mean_throughput": 1444.4841229777019, "atoms": 1, "setup_time": 20.201951026916504}
{"apply": 0.018061447143554687, "batch_time": 0.033064226560954806, "d2h": 0.0007350444793701172, "data_time": 0.001736150678161465, "fwd": 0.028370594978332518, "get_state_time_mean": NaN, "get_state_time_total": 0.0, "grad": 0.048175382614135745, "mean_accuracy": 0.5200199961662293, "mean_loss": 1.4271262411499026, "neg_mean_accuracy": -0.5349000096321106, "set_state_time_mean": NaN, "set_state_time_total": 0.0, "setup_model_time_mean": NaN, "setup_model_time_total": 0.0, "setup_proc_time_mean": NaN, "setup_proc_time_total": 0.0, "train_accuracy": 0.5623799562454224, "train_loss": 1.2655103731536865, "training_time_mean": NaN, "training_time_total": 0.0, "val_accuracy": 0.5349000096321106, "val_loss": 1.3269141975402832, "validation_time_mean": NaN, "validation_time_total": 0.0, "samples": 60000, "num_workers": 1, "done": false, "timesteps_total": null, "episodes_total": null, "training_iteration": 24, "neg_mean_loss": -1.4271262411499026, "experiment_id": "96ea7068036845cebf04112c9822438a", "date": "2019-06-03_04-23-09", "timestamp": 1559560989, "time_this_iter_s": 41.564918518066406, "time_total_s": 1004.9953711032867, "pid": 16909, "hostname": "steropes", "node_ip": "169.229.49.254", "config": {"starting_lr": 0.1, "momentum": 0.95, "weight_decay": 0.001, "steps_per_iteration": null, "pin": false, "model_creator": null, "target_batch_size": 128, "model_string": "resnet50", "min_batch_size": 128, "dataset": "CIFAR", "placement": null, "use_nccl": true, "devices_per_worker": 1, "primary_resource": "extra_gpu", "gpu": false, "verbose": false, "lr_config": {"mode": "log", "steps": 5, "initial_lr": 0.1, "target_lr": 0.1}, "batch_per_device": 128}, "time_since_restore": 1004.9953711032867, "timesteps_since_restore": 0, "iterations_since_restore": 24, "mean_throughput": 1445.54549862324, "atoms": 1, "setup_time": 20.201951026916504}
{"apply": 0.020511746406555176, "batch_time": 0.03223067295702198, "d2h": 0.0007413387298583985, "data_time": 0.0017638541853336421, "fwd": 0.03139519691467285, "get_state_time_mean": NaN, "get_state_time_total": 0.0, "grad": 0.05176234245300293, "mean_accuracy": 0.5133599877357483, "mean_loss": 1.4506326437950134, "neg_mean_accuracy": -0.5033999681472778, "set_state_time_mean": NaN, "set_state_time_total": 0.0, "setup_model_time_mean": NaN, "setup_model_time_total": 0.0, "setup_proc_time_mean": NaN, "setup_proc_time_total": 0.0, "train_accuracy": 0.5644400119781494, "train_loss": 1.2589778202056885, "training_time_mean": NaN, "training_time_total": 0.0, "val_accuracy": 0.5033999681472778, "val_loss": 1.5464490139961242, "validation_time_mean": NaN, "validation_time_total": 0.0, "samples": 60000, "num_workers": 1, "done": false, "timesteps_total": null, "episodes_total": null, "training_iteration": 25, "neg_mean_loss": -1.4506326437950134, "experiment_id": "96ea7068036845cebf04112c9822438a", "date": "2019-06-03_04-23-51", "timestamp": 1559561031, "time_this_iter_s": 42.127957582473755, "time_total_s": 1047.1233286857605, "pid": 16909, "hostname": "steropes", "node_ip": "169.229.49.254", "config": {"starting_lr": 0.1, "momentum": 0.95, "weight_decay": 0.001, "steps_per_iteration": null, "pin": false, "model_creator": null, "target_batch_size": 128, "model_string": "resnet50", "min_batch_size": 128, "dataset": "CIFAR", "placement": null, "use_nccl": true, "devices_per_worker": 1, "primary_resource": "extra_gpu", "gpu": false, "verbose": false, "lr_config": {"mode": "log", "steps": 5, "initial_lr": 0.1, "target_lr": 0.1}, "batch_per_device": 128}, "time_since_restore": 1047.1233286857605, "timesteps_since_restore": 0, "iterations_since_restore": 25, "mean_throughput": 1441.664284012293, "atoms": 1, "setup_time": 20.201951026916504}
{"apply": 0.01840839385986328, "batch_time": 0.03202544284772269, "d2h": 0.0007389545440673828, "data_time": 0.0017461605998866088, "fwd": 0.02888932228088379, "get_state_time_mean": NaN, "get_state_time_total": 0.0, "grad": 0.048667383193969724, "mean_accuracy": 0.5097399950027466, "mean_loss": 1.4540867801856996, "neg_mean_accuracy": -0.5162000060081482, "set_state_time_mean": NaN, "set_state_time_total": 0.0, "setup_model_time_mean": NaN, "setup_model_time_total": 0.0, "setup_proc_time_mean": NaN, "setup_proc_time_total": 0.0, "train_accuracy": 0.5641599893569946, "train_loss": 1.2601564138793946, "training_time_mean": NaN, "training_time_total": 0.0, "val_accuracy": 0.5162000060081482, "val_loss": 1.4000636207580566, "validation_time_mean": NaN, "validation_time_total": 0.0, "samples": 60000, "num_workers": 1, "done": false, "timesteps_total": null, "episodes_total": null, "training_iteration": 26, "neg_mean_loss": -1.4540867801856996, "experiment_id": "96ea7068036845cebf04112c9822438a", "date": "2019-06-03_04-24-33", "timestamp": 1559561073, "time_this_iter_s": 41.56489586830139, "time_total_s": 1088.688224554062, "pid": 16909, "hostname": "steropes", "node_ip": "169.229.49.254", "config": {"starting_lr": 0.1, "momentum": 0.95, "weight_decay": 0.001, "steps_per_iteration": null, "pin": false, "model_creator": null, "target_batch_size": 128, "model_string": "resnet50", "min_batch_size": 128, "dataset": "CIFAR", "placement": null, "use_nccl": true, "devices_per_worker": 1, "primary_resource": "extra_gpu", "gpu": false, "verbose": false, "lr_config": {"mode": "log", "steps": 5, "initial_lr": 0.1, "target_lr": 0.1}, "batch_per_device": 128}, "time_since_restore": 1088.688224554062, "timesteps_since_restore": 0, "iterations_since_restore": 26, "mean_throughput": 1440.775072288558, "atoms": 1, "setup_time": 20.201951026916504}
{"apply": 0.018149685859680176, "batch_time": 0.03191378750378573, "d2h": 0.0007435560226440429, "data_time": 0.001721540070555704, "fwd": 0.028706121444702148, "get_state_time_mean": NaN, "get_state_time_total": 0.0, "grad": 0.04753806591033936, "mean_accuracy": 0.5174399971961975, "mean_loss": 1.4185604300880432, "neg_mean_accuracy": -0.5164999961853027, "set_state_time_mean": NaN, "set_state_time_total": 0.0, "setup_model_time_mean": NaN, "setup_model_time_total": 0.0, "setup_proc_time_mean": NaN, "setup_proc_time_total": 0.0, "train_accuracy": 0.5699599981307983, "train_loss": 1.2384562122726441, "training_time_mean": NaN, "training_time_total": 0.0, "val_accuracy": 0.5164999961853027, "val_loss": 1.4367901216506958, "validation_time_mean": NaN, "validation_time_total": 0.0, "samples": 60000, "num_workers": 1, "done": false, "timesteps_total": null, "episodes_total": null, "training_iteration": 27, "neg_mean_loss": -1.4185604300880432, "experiment_id": "96ea7068036845cebf04112c9822438a", "date": "2019-06-03_04-25-14", "timestamp": 1559561114, "time_this_iter_s": 41.27521514892578, "time_total_s": 1129.9634397029877, "pid": 16909, "hostname": "steropes", "node_ip": "169.229.49.254", "config": {"starting_lr": 0.1, "momentum": 0.95, "weight_decay": 0.001, "steps_per_iteration": null, "pin": false, "model_creator": null, "target_batch_size": 128, "model_string": "resnet50", "min_batch_size": 128, "dataset": "CIFAR", "placement": null, "use_nccl": true, "devices_per_worker": 1, "primary_resource": "extra_gpu", "gpu": false, "verbose": false, "lr_config": {"mode": "log", "steps": 5, "initial_lr": 0.1, "target_lr": 0.1}, "batch_per_device": 128}, "time_since_restore": 1129.9634397029877, "timesteps_since_restore": 0, "iterations_since_restore": 27, "mean_throughput": 1441.1031648465114, "atoms": 1, "setup_time": 20.201951026916504}
{"apply": 0.018408536911010742, "batch_time": 0.032108548321301424, "d2h": 0.0008198022842407227, "data_time": 0.0017685603607646035, "fwd": 0.0285663366317749, "get_state_time_mean": NaN, "get_state_time_total": 0.0, "grad": 0.04821310043334961, "mean_accuracy": 0.4991599917411804, "mean_loss": 1.524646289730072, "neg_mean_accuracy": -0.42479997873306274, "set_state_time_mean": NaN, "set_state_time_total": 0.0, "setup_model_time_mean": NaN, "setup_model_time_total": 0.0, "setup_proc_time_mean": NaN, "setup_proc_time_total": 0.0, "train_accuracy": 0.5630599856376648, "train_loss": 1.2591496163177491, "training_time_mean": NaN, "training_time_total": 0.0, "val_accuracy": 0.42479997873306274, "val_loss": 1.9130144947052001, "validation_time_mean": NaN, "validation_time_total": 0.0, "samples": 60000, "num_workers": 1, "done": false, "timesteps_total": null, "episodes_total": null, "training_iteration": 28, "neg_mean_loss": -1.524646289730072, "experiment_id": "96ea7068036845cebf04112c9822438a", "date": "2019-06-03_04-25-56", "timestamp": 1559561156, "time_this_iter_s": 41.706175088882446, "time_total_s": 1171.6696147918701, "pid": 16909, "hostname": "steropes", "node_ip": "169.229.49.254", "config": {"starting_lr": 0.1, "momentum": 0.95, "weight_decay": 0.001, "steps_per_iteration": null, "pin": false, "model_creator": null, "target_batch_size": 128, "model_string": "resnet50", "min_batch_size": 128, "dataset": "CIFAR", "placement": null, "use_nccl": true, "devices_per_worker": 1, "primary_resource": "extra_gpu", "gpu": false, "verbose": false, "lr_config": {"mode": "log", "steps": 5, "initial_lr": 0.1, "target_lr": 0.1}, "batch_per_device": 128}, "time_since_restore": 1171.6696147918701, "timesteps_since_restore": 0, "iterations_since_restore": 28, "mean_throughput": 1440.6476951864556, "atoms": 1, "setup_time": 20.201951026916504}
{"apply": 0.018130803108215333, "batch_time": 0.032086532327193246, "d2h": 0.0007006645202636719, "data_time": 0.001728844459709304, "fwd": 0.028469443321228027, "get_state_time_mean": NaN, "get_state_time_total": 0.0, "grad": 0.04838569164276123, "mean_accuracy": 0.493559992313385, "mean_loss": 1.569348867778778, "neg_mean_accuracy": -0.5069000124931335, "set_state_time_mean": NaN, "set_state_time_total": 0.0, "setup_model_time_mean": NaN, "setup_model_time_total": 0.0, "setup_proc_time_mean": NaN, "setup_proc_time_total": 0.0, "train_accuracy": 0.5718199610710144, "train_loss": 1.2264353510284425, "training_time_mean": NaN, "training_time_total": 0.0, "val_accuracy": 0.5069000124931335, "val_loss": 1.5504270877838136, "validation_time_mean": NaN, "validation_time_total": 0.0, "samples": 60000, "num_workers": 1, "done": false, "timesteps_total": null, "episodes_total": null, "training_iteration": 29, "neg_mean_loss": -1.569348867778778, "experiment_id": "96ea7068036845cebf04112c9822438a", "date": "2019-06-03_04-26-37", "timestamp": 1559561197, "time_this_iter_s": 41.41293740272522, "time_total_s": 1213.0825521945953, "pid": 16909, "hostname": "steropes", "node_ip": "169.229.49.254", "config": {"starting_lr": 0.1, "momentum": 0.95, "weight_decay": 0.001, "steps_per_iteration": null, "pin": false, "model_creator": null, "target_batch_size": 128, "model_string": "resnet50", "min_batch_size": 128, "dataset": "CIFAR", "placement": null, "use_nccl": true, "devices_per_worker": 1, "primary_resource": "extra_gpu", "gpu": false, "verbose": false, "lr_config": {"mode": "log", "steps": 5, "initial_lr": 0.1, "target_lr": 0.1}, "batch_per_device": 128}, "time_since_restore": 1213.0825521945953, "timesteps_since_restore": 0, "iterations_since_restore": 29, "mean_throughput": 1441.6999133703355, "atoms": 1, "setup_time": 20.201951026916504}
{"apply": 0.01827423572540283, "batch_time": 0.032034596310386174, "d2h": 0.000716400146484375, "data_time": 0.0017275980976231568, "fwd": 0.028354525566101074, "get_state_time_mean": NaN, "get_state_time_total": 0.0, "grad": 0.047558021545410153, "mean_accuracy": 0.4884399950504303, "mean_loss": 1.5679239306640624, "neg_mean_accuracy": -0.4777999818325043, "set_state_time_mean": NaN, "set_state_time_total": 0.0, "setup_model_time_mean": NaN, "setup_model_time_total": 0.0, "setup_proc_time_mean": NaN, "setup_proc_time_total": 0.0, "train_accuracy": 0.5691999793052673, "train_loss": 1.2509564592742919, "training_time_mean": NaN, "training_time_total": 0.0, "val_accuracy": 0.4777999818325043, "val_loss": 1.5393243284225464, "validation_time_mean": NaN, "validation_time_total": 0.0, "samples": 60000, "num_workers": 1, "done": false, "timesteps_total": null, "episodes_total": null, "training_iteration": 30, "neg_mean_loss": -1.5679239306640624, "experiment_id": "96ea7068036845cebf04112c9822438a", "date": "2019-06-03_04-27-18", "timestamp": 1559561238, "time_this_iter_s": 41.37861967086792, "time_total_s": 1254.4611718654633, "pid": 16909, "hostname": "steropes", "node_ip": "169.229.49.254", "config": {"starting_lr": 0.1, "momentum": 0.95, "weight_decay": 0.001, "steps_per_iteration": null, "pin": false, "model_creator": null, "target_batch_size": 128, "model_string": "resnet50", "min_batch_size": 128, "dataset": "CIFAR", "placement": null, "use_nccl": true, "devices_per_worker": 1, "primary_resource": "extra_gpu", "gpu": false, "verbose": false, "lr_config": {"mode": "log", "steps": 5, "initial_lr": 0.1, "target_lr": 0.1}, "batch_per_device": 128}, "time_since_restore": 1254.4611718654633, "timesteps_since_restore": 0, "iterations_since_restore": 30, "mean_throughput": 1446.9108000919925, "atoms": 1, "setup_time": 20.201951026916504}
{"apply": 0.018219518661499023, "batch_time": 0.0330451319489298, "d2h": 0.0007516384124755859, "data_time": 0.001744874602998309, "fwd": 0.028684306144714355, "get_state_time_mean": NaN, "get_state_time_total": 0.0, "grad": 0.04789810180664063, "mean_accuracy": 0.4846599936485291, "mean_loss": 1.5943816841125489, "neg_mean_accuracy": -0.49729999899864197, "set_state_time_mean": NaN, "set_state_time_total": 0.0, "setup_model_time_mean": NaN, "setup_model_time_total": 0.0, "setup_proc_time_mean": NaN, "setup_proc_time_total": 0.0, "train_accuracy": 0.5672199726104736, "train_loss": 1.2457196117019653, "training_time_mean": NaN, "training_time_total": 0.0, "val_accuracy": 0.49729999899864197, "val_loss": 1.5323523880004883, "validation_time_mean": NaN, "validation_time_total": 0.0, "samples": 60000, "num_workers": 1, "done": false, "timesteps_total": null, "episodes_total": null, "training_iteration": 31, "neg_mean_loss": -1.5943816841125489, "experiment_id": "96ea7068036845cebf04112c9822438a", "date": "2019-06-03_04-28-00", "timestamp": 1559561280, "time_this_iter_s": 41.798656702041626, "time_total_s": 1296.2598285675049, "pid": 16909, "hostname": "steropes", "node_ip": "169.229.49.254", "config": {"starting_lr": 0.1, "momentum": 0.95, "weight_decay": 0.001, "steps_per_iteration": null, "pin": false, "model_creator": null, "target_batch_size": 128, "model_string": "resnet50", "min_batch_size": 128, "dataset": "CIFAR", "placement": null, "use_nccl": true, "devices_per_worker": 1, "primary_resource": "extra_gpu", "gpu": false, "verbose": false, "lr_config": {"mode": "log", "steps": 5, "initial_lr": 0.1, "target_lr": 0.1}, "batch_per_device": 128}, "time_since_restore": 1296.2598285675049, "timesteps_since_restore": 0, "iterations_since_restore": 31, "mean_throughput": 1445.2812734760423, "atoms": 1, "setup_time": 20.201951026916504}
{"apply": 0.018152666091918946, "batch_time": 0.03175086311147183, "d2h": 0.0006894111633300781, "data_time": 0.0017289304367416655, "fwd": 0.028280878067016603, "get_state_time_mean": NaN, "get_state_time_total": 0.0, "grad": 0.04965264797210693, "mean_accuracy": 0.49275999069213866, "mean_loss": 1.5618252543449402, "neg_mean_accuracy": -0.5569999814033508, "set_state_time_mean": NaN, "set_state_time_total": 0.0, "setup_model_time_mean": NaN, "setup_model_time_total": 0.0, "setup_proc_time_mean": NaN, "setup_proc_time_total": 0.0, "train_accuracy": 0.5662599802017212, "train_loss": 1.249464972076416, "training_time_mean": NaN, "training_time_total": 0.0, "val_accuracy": 0.5569999814033508, "val_loss": 1.2740079728126525, "validation_time_mean": NaN, "validation_time_total": 0.0, "samples": 60000, "num_workers": 1, "done": false, "timesteps_total": null, "episodes_total": null, "training_iteration": 32, "neg_mean_loss": -1.5618252543449402, "experiment_id": "96ea7068036845cebf04112c9822438a", "date": "2019-06-03_04-28-41", "timestamp": 1559561321, "time_this_iter_s": 41.194868326187134, "time_total_s": 1337.454696893692, "pid": 16909, "hostname": "steropes", "node_ip": "169.229.49.254", "config": {"starting_lr": 0.1, "momentum": 0.95, "weight_decay": 0.001, "steps_per_iteration": null, "pin": false, "model_creator": null, "target_batch_size": 128, "model_string": "resnet50", "min_batch_size": 128, "dataset": "CIFAR", "placement": null, "use_nccl": true, "devices_per_worker": 1, "primary_resource": "extra_gpu", "gpu": false, "verbose": false, "lr_config": {"mode": "log", "steps": 5, "initial_lr": 0.1, "target_lr": 0.1}, "batch_per_device": 128}, "time_since_restore": 1337.454696893692, "timesteps_since_restore": 0, "iterations_since_restore": 32, "mean_throughput": 1445.8409051588562, "atoms": 1, "setup_time": 20.201951026916504}
{"apply": 0.017943716049194335, "batch_time": 0.03183554999436004, "d2h": 0.0007162809371948243, "data_time": 0.0017049044294430472, "fwd": 0.028601241111755372, "get_state_time_mean": NaN, "get_state_time_total": 0.0, "grad": 0.04798531532287598, "mean_accuracy": 0.5216799974441528, "mean_loss": 1.4339264343833924, "neg_mean_accuracy": -0.5694000124931335, "set_state_time_mean": NaN, "set_state_time_total": 0.0, "setup_model_time_mean": NaN, "setup_model_time_total": 0.0, "setup_proc_time_mean": NaN, "setup_proc_time_total": 0.0, "train_accuracy": 0.5661799907684326, "train_loss": 1.2440795540237426, "training_time_mean": NaN, "training_time_total": 0.0, "val_accuracy": 0.5694000124931335, "val_loss": 1.273520394897461, "validation_time_mean": NaN, "validation_time_total": 0.0, "samples": 60000, "num_workers": 1, "done": false, "timesteps_total": null, "episodes_total": null, "training_iteration": 33, "neg_mean_loss": -1.4339264343833924, "experiment_id": "96ea7068036845cebf04112c9822438a", "date": "2019-06-03_04-29-23", "timestamp": 1559561363, "time_this_iter_s": 41.41025996208191, "time_total_s": 1378.864956855774, "pid": 16909, "hostname": "steropes", "node_ip": "169.229.49.254", "config": {"starting_lr": 0.1, "momentum": 0.95, "weight_decay": 0.001, "steps_per_iteration": null, "pin": false, "model_creator": null, "target_batch_size": 128, "model_string": "resnet50", "min_batch_size": 128, "dataset": "CIFAR", "placement": null, "use_nccl": true, "devices_per_worker": 1, "primary_resource": "extra_gpu", "gpu": false, "verbose": false, "lr_config": {"mode": "log", "steps": 5, "initial_lr": 0.1, "target_lr": 0.1}, "batch_per_device": 128}, "time_since_restore": 1378.864956855774, "timesteps_since_restore": 0, "iterations_since_restore": 33, "mean_throughput": 1447.9063100141902, "atoms": 1, "setup_time": 20.201951026916504}
{"apply": 0.01829516887664795, "batch_time": 0.032473232172712495, "d2h": 0.0007368087768554688, "data_time": 0.001755471119795309, "fwd": 0.029154491424560548, "get_state_time_mean": NaN, "get_state_time_total": 0.0, "grad": 0.04864094257354736, "mean_accuracy": 0.5328199863433838, "mean_loss": 1.3906677753257752, "neg_mean_accuracy": -0.5625999569892883, "set_state_time_mean": NaN, "set_state_time_total": 0.0, "setup_model_time_mean": NaN, "setup_model_time_total": 0.0, "setup_proc_time_mean": NaN, "setup_proc_time_total": 0.0, "train_accuracy": 0.5680800080299377, "train_loss": 1.2484350046920776, "training_time_mean": NaN, "training_time_total": 0.0, "val_accuracy": 0.5625999569892883, "val_loss": 1.3341337924957275, "validation_time_mean": NaN, "validation_time_total": 0.0, "samples": 60000, "num_workers": 1, "done": false, "timesteps_total": null, "episodes_total": null, "training_iteration": 34, "neg_mean_loss": -1.3906677753257752, "experiment_id": "96ea7068036845cebf04112c9822438a", "date": "2019-06-03_04-30-04", "timestamp": 1559561404, "time_this_iter_s": 41.44960856437683, "time_total_s": 1420.3145654201508, "pid": 16909, "hostname": "steropes", "node_ip": "169.229.49.254", "config": {"starting_lr": 0.1, "momentum": 0.95, "weight_decay": 0.001, "steps_per_iteration": null, "pin": false, "model_creator": null, "target_batch_size": 128, "model_string": "resnet50", "min_batch_size": 128, "dataset": "CIFAR", "placement": null, "use_nccl": true, "devices_per_worker": 1, "primary_resource": "extra_gpu", "gpu": false, "verbose": false, "lr_config": {"mode": "log", "steps": 5, "initial_lr": 0.1, "target_lr": 0.1}, "batch_per_device": 128}, "time_since_restore": 1420.3145654201508, "timesteps_since_restore": 0, "iterations_since_restore": 34, "mean_throughput": 1447.650081630295, "atoms": 1, "setup_time": 20.201951026916504}
{"apply": 0.018325042724609376, "batch_time": 0.03172517426406281, "d2h": 0.0006931543350219727, "data_time": 0.0017758507252959035, "fwd": 0.029219818115234376, "get_state_time_mean": NaN, "get_state_time_total": 0.0, "grad": 0.048502111434936525, "mean_accuracy": 0.5333399891853332, "mean_loss": 1.3951654065132142, "neg_mean_accuracy": -0.4803999960422516, "set_state_time_mean": NaN, "set_state_time_total": 0.0, "setup_model_time_mean": NaN, "setup_model_time_total": 0.0, "setup_proc_time_mean": NaN, "setup_proc_time_total": 0.0, "train_accuracy": 0.5712400078773499, "train_loss": 1.2329008238983155, "training_time_mean": NaN, "training_time_total": 0.0, "val_accuracy": 0.4803999960422516, "val_loss": 1.5618124843597412, "validation_time_mean": NaN, "validation_time_total": 0.0, "samples": 60000, "num_workers": 1, "done": false, "timesteps_total": null, "episodes_total": null, "training_iteration": 35, "neg_mean_loss": -1.3951654065132142, "experiment_id": "96ea7068036845cebf04112c9822438a", "date": "2019-06-03_04-30-46", "timestamp": 1559561446, "time_this_iter_s": 41.65798616409302, "time_total_s": 1461.9725515842438, "pid": 16909, "hostname": "steropes", "node_ip": "169.229.49.254", "config": {"starting_lr": 0.1, "momentum": 0.95, "weight_decay": 0.001, "steps_per_iteration": null, "pin": false, "model_creator": null, "target_batch_size": 128, "model_string": "resnet50", "min_batch_size": 128, "dataset": "CIFAR", "placement": null, "use_nccl": true, "devices_per_worker": 1, "primary_resource": "extra_gpu", "gpu": false, "verbose": false, "lr_config": {"mode": "log", "steps": 5, "initial_lr": 0.1, "target_lr": 0.1}, "batch_per_device": 128}, "time_since_restore": 1461.9725515842438, "timesteps_since_restore": 0, "iterations_since_restore": 35, "mean_throughput": 1445.7011397393267, "atoms": 1, "setup_time": 20.201951026916504}
{"apply": 0.01872415542602539, "batch_time": 0.03325365766694274, "d2h": 0.000724172592163086, "data_time": 0.001756320524093745, "fwd": 0.028865957260131837, "get_state_time_mean": NaN, "get_state_time_total": 0.0, "grad": 0.04858396053314209, "mean_accuracy": 0.5493399918079376, "mean_loss": 1.3395221282768248, "neg_mean_accuracy": -0.5773000121116638, "set_state_time_mean": NaN, "set_state_time_total": 0.0, "setup_model_time_mean": NaN, "setup_model_time_total": 0.0, "setup_proc_time_mean": NaN, "setup_proc_time_total": 0.0, "train_accuracy": 0.5690599679946899, "train_loss": 1.2386423841094971, "training_time_mean": NaN, "training_time_total": 0.0, "val_accuracy": 0.5773000121116638, "val_loss": 1.2541359968185424, "validation_time_mean": NaN, "validation_time_total": 0.0, "samples": 60000, "num_workers": 1, "done": false, "timesteps_total": null, "episodes_total": null, "training_iteration": 36, "neg_mean_loss": -1.3395221282768248, "experiment_id": "96ea7068036845cebf04112c9822438a", "date": "2019-06-03_04-31-28", "timestamp": 1559561488, "time_this_iter_s": 41.76245951652527, "time_total_s": 1503.735011100769, "pid": 16909, "hostname": "steropes", "node_ip": "169.229.49.254", "config": {"starting_lr": 0.1, "momentum": 0.95, "weight_decay": 0.001, "steps_per_iteration": null, "pin": false, "model_creator": null, "target_batch_size": 128, "model_string": "resnet50", "min_batch_size": 128, "dataset": "CIFAR", "placement": null, "use_nccl": true, "devices_per_worker": 1, "primary_resource": "extra_gpu", "gpu": false, "verbose": false, "lr_config": {"mode": "log", "steps": 5, "initial_lr": 0.1, "target_lr": 0.1}, "batch_per_device": 128}, "time_since_restore": 1503.735011100769, "timesteps_since_restore": 0, "iterations_since_restore": 36, "mean_throughput": 1445.953288937756, "atoms": 1, "setup_time": 20.201951026916504}
{"apply": 0.019308948516845705, "batch_time": 0.032038404971738405, "d2h": 0.0007024049758911133, "data_time": 0.0017514820294002133, "fwd": 0.02981224060058594, "get_state_time_mean": NaN, "get_state_time_total": 0.0, "grad": 0.04775216579437256, "mean_accuracy": 0.541619998216629, "mean_loss": 1.3848072966766356, "neg_mean_accuracy": -0.5184000134468079, "set_state_time_mean": NaN, "set_state_time_total": 0.0, "setup_model_time_mean": NaN, "setup_model_time_total": 0.0, "setup_proc_time_mean": NaN, "setup_proc_time_total": 0.0, "train_accuracy": 0.571940004825592, "train_loss": 1.2383522882461548, "training_time_mean": NaN, "training_time_total": 0.0, "val_accuracy": 0.5184000134468079, "val_loss": 1.5004338148117065, "validation_time_mean": NaN, "validation_time_total": 0.0, "samples": 60000, "num_workers": 1, "done": false, "timesteps_total": null, "episodes_total": null, "training_iteration": 37, "neg_mean_loss": -1.3848072966766356, "experiment_id": "96ea7068036845cebf04112c9822438a", "date": "2019-06-03_04-32-09", "timestamp": 1559561529, "time_this_iter_s": 41.57925081253052, "time_total_s": 1545.3142619132996, "pid": 16909, "hostname": "steropes", "node_ip": "169.229.49.254", "config": {"starting_lr": 0.1, "momentum": 0.95, "weight_decay": 0.001, "steps_per_iteration": null, "pin": false, "model_creator": null, "target_batch_size": 128, "model_string": "resnet50", "min_batch_size": 128, "dataset": "CIFAR", "placement": null, "use_nccl": true, "devices_per_worker": 1, "primary_resource": "extra_gpu", "gpu": false, "verbose": false, "lr_config": {"mode": "log", "steps": 5, "initial_lr": 0.1, "target_lr": 0.1}, "batch_per_device": 128}, "time_since_restore": 1545.3142619132996, "timesteps_since_restore": 0, "iterations_since_restore": 37, "mean_throughput": 1443.2793494333434, "atoms": 1, "setup_time": 20.201951026916504}
{"apply": 0.01809215545654297, "batch_time": 0.031736675697036934, "d2h": 0.0007167339324951171, "data_time": 0.001747764894724502, "fwd": 0.028474140167236327, "get_state_time_mean": NaN, "get_state_time_total": 0.0, "grad": 0.0474186897277832, "mean_accuracy": 0.5473399937152863, "mean_loss": 1.3720630228614805, "neg_mean_accuracy": -0.5979999899864197, "set_state_time_mean": NaN, "set_state_time_total": 0.0, "setup_model_time_mean": NaN, "setup_model_time_total": 0.0, "setup_proc_time_mean": NaN, "setup_proc_time_total": 0.0, "train_accuracy": 0.5727599859237671, "train_loss": 1.238023427772522, "training_time_mean": NaN, "training_time_total": 0.0, "val_accuracy": 0.5979999899864197, "val_loss": 1.2097990258216857, "validation_time_mean": NaN, "validation_time_total": 0.0, "samples": 60000, "num_workers": 1, "done": false, "timesteps_total": null, "episodes_total": null, "training_iteration": 38, "neg_mean_loss": -1.3720630228614805, "experiment_id": "96ea7068036845cebf04112c9822438a", "date": "2019-06-03_04-32-51", "timestamp": 1559561571, "time_this_iter_s": 41.565171003341675, "time_total_s": 1586.8794329166412, "pid": 16909, "hostname": "steropes", "node_ip": "169.229.49.254", "config": {"starting_lr": 0.1, "momentum": 0.95, "weight_decay": 0.001, "steps_per_iteration": null, "pin": false, "model_creator": null, "target_batch_size": 128, "model_string": "resnet50", "min_batch_size": 128, "dataset": "CIFAR", "placement": null, "use_nccl": true, "devices_per_worker": 1, "primary_resource": "extra_gpu", "gpu": false, "verbose": false, "lr_config": {"mode": "log", "steps": 5, "initial_lr": 0.1, "target_lr": 0.1}, "batch_per_device": 128}, "time_since_restore": 1586.8794329166412, "timesteps_since_restore": 0, "iterations_since_restore": 38, "mean_throughput": 1442.2044617627455, "atoms": 1, "setup_time": 20.201951026916504}
{"apply": 0.01841726303100586, "batch_time": 0.03206646895106835, "d2h": 0.0007335424423217773, "data_time": 0.0017471374453181196, "fwd": 0.029425525665283205, "get_state_time_mean": NaN, "get_state_time_total": 0.0, "grad": 0.0477902889251709, "mean_accuracy": 0.5374999940395355, "mean_loss": 1.396282372379303, "neg_mean_accuracy": -0.5133999586105347, "set_state_time_mean": NaN, "set_state_time_total": 0.0, "setup_model_time_mean": NaN, "setup_model_time_total": 0.0, "setup_proc_time_mean": NaN, "setup_proc_time_total": 0.0, "train_accuracy": 0.5715199708938599, "train_loss": 1.2382867893600464, "training_time_mean": NaN, "training_time_total": 0.0, "val_accuracy": 0.5133999586105347, "val_loss": 1.4552305400848389, "validation_time_mean": NaN, "validation_time_total": 0.0, "samples": 60000, "num_workers": 1, "done": false, "timesteps_total": null, "episodes_total": null, "training_iteration": 39, "neg_mean_loss": -1.396282372379303, "experiment_id": "96ea7068036845cebf04112c9822438a", "date": "2019-06-03_04-33-32", "timestamp": 1559561612, "time_this_iter_s": 41.50803828239441, "time_total_s": 1628.3874711990356, "pid": 16909, "hostname": "steropes", "node_ip": "169.229.49.254", "config": {"starting_lr": 0.1, "momentum": 0.95, "weight_decay": 0.001, "steps_per_iteration": null, "pin": false, "model_creator": null, "target_batch_size": 128, "model_string": "resnet50", "min_batch_size": 128, "dataset": "CIFAR", "placement": null, "use_nccl": true, "devices_per_worker": 1, "primary_resource": "extra_gpu", "gpu": false, "verbose": false, "lr_config": {"mode": "log", "steps": 5, "initial_lr": 0.1, "target_lr": 0.1}, "batch_per_device": 128}, "time_since_restore": 1628.3874711990356, "timesteps_since_restore": 0, "iterations_since_restore": 39, "mean_throughput": 1441.7994899981632, "atoms": 1, "setup_time": 20.201951026916504}
{"apply": 0.018859219551086426, "batch_time": 0.03233406513552122, "d2h": 0.0007582664489746094, "data_time": 0.0017552119691658509, "fwd": 0.03042736053466797, "get_state_time_mean": NaN, "get_state_time_total": 0.0, "grad": 0.04809093475341797, "mean_accuracy": 0.5586199879646301, "mean_loss": 1.3298166724967957, "neg_mean_accuracy": -0.5859999656677246, "set_state_time_mean": NaN, "set_state_time_total": 0.0, "setup_model_time_mean": NaN, "setup_model_time_total": 0.0, "setup_proc_time_mean": NaN, "setup_proc_time_total": 0.0, "train_accuracy": 0.57041996717453, "train_loss": 1.2418358619689942, "training_time_mean": NaN, "training_time_total": 0.0, "val_accuracy": 0.5859999656677246, "val_loss": 1.2294839849472046, "validation_time_mean": NaN, "validation_time_total": 0.0, "samples": 60000, "num_workers": 1, "done": false, "timesteps_total": null, "episodes_total": null, "training_iteration": 40, "neg_mean_loss": -1.3298166724967957, "experiment_id": "96ea7068036845cebf04112c9822438a", "date": "2019-06-03_04-34-14", "timestamp": 1559561654, "time_this_iter_s": 41.37464189529419, "time_total_s": 1669.7621130943298, "pid": 16909, "hostname": "steropes", "node_ip": "169.229.49.254", "config": {"starting_lr": 0.1, "momentum": 0.95, "weight_decay": 0.001, "steps_per_iteration": null, "pin": false, "model_creator": null, "target_batch_size": 128, "model_string": "resnet50", "min_batch_size": 128, "dataset": "CIFAR", "placement": null, "use_nccl": true, "devices_per_worker": 1, "primary_resource": "extra_gpu", "gpu": false, "verbose": false, "lr_config": {"mode": "log", "steps": 5, "initial_lr": 0.1, "target_lr": 0.1}, "batch_per_device": 128}, "time_since_restore": 1669.7621130943298, "timesteps_since_restore": 0, "iterations_since_restore": 40, "mean_throughput": 1443.7655523138906, "atoms": 1, "setup_time": 20.201951026916504}
{"apply": 0.018409371376037598, "batch_time": 0.03224039983145798, "d2h": 0.0007235527038574219, "data_time": 0.0017980084089976747, "fwd": 0.02836446762084961, "get_state_time_mean": NaN, "get_state_time_total": 0.0, "grad": 0.04782147407531738, "mean_accuracy": 0.5451199889183045, "mean_loss": 1.357099686794281, "neg_mean_accuracy": -0.5098000168800354, "set_state_time_mean": NaN, "set_state_time_total": 0.0, "setup_model_time_mean": NaN, "setup_model_time_total": 0.0, "setup_proc_time_mean": NaN, "setup_proc_time_total": 0.0, "train_accuracy": 0.5656200051307678, "train_loss": 1.2588208307266235, "training_time_mean": NaN, "training_time_total": 0.0, "val_accuracy": 0.5098000168800354, "val_loss": 1.3905510683059692, "validation_time_mean": NaN, "validation_time_total": 0.0, "samples": 60000, "num_workers": 1, "done": false, "timesteps_total": null, "episodes_total": null, "training_iteration": 41, "neg_mean_loss": -1.357099686794281, "experiment_id": "96ea7068036845cebf04112c9822438a", "date": "2019-06-03_04-34-55", "timestamp": 1559561695, "time_this_iter_s": 41.43090629577637, "time_total_s": 1711.1930193901062, "pid": 16909, "hostname": "steropes", "node_ip": "169.229.49.254", "config": {"starting_lr": 0.1, "momentum": 0.95, "weight_decay": 0.001, "steps_per_iteration": null, "pin": false, "model_creator": null, "target_batch_size": 128, "model_string": "resnet50", "min_batch_size": 128, "dataset": "CIFAR", "placement": null, "use_nccl": true, "devices_per_worker": 1, "primary_resource": "extra_gpu", "gpu": false, "verbose": false, "lr_config": {"mode": "log", "steps": 5, "initial_lr": 0.1, "target_lr": 0.1}, "batch_per_device": 128}, "time_since_restore": 1711.1930193901062, "timesteps_since_restore": 0, "iterations_since_restore": 41, "mean_throughput": 1446.0730090650393, "atoms": 1, "setup_time": 20.201951026916504}
{"apply": 0.01853632926940918, "batch_time": 0.03276376784602298, "d2h": 0.0007159948348999023, "data_time": 0.001778855043299058, "fwd": 0.028743815422058106, "get_state_time_mean": NaN, "get_state_time_total": 0.0, "grad": 0.04761707782745361, "mean_accuracy": 0.5581999778747558, "mean_loss": 1.3037342450714111, "neg_mean_accuracy": -0.5837999582290649, "set_state_time_mean": NaN, "set_state_time_total": 0.0, "setup_model_time_mean": NaN, "setup_model_time_total": 0.0, "setup_proc_time_mean": NaN, "setup_proc_time_total": 0.0, "train_accuracy": 0.5713599920272827, "train_loss": 1.2423787584686279, "training_time_mean": NaN, "training_time_total": 0.0, "val_accuracy": 0.5837999582290649, "val_loss": 1.2336066061973572, "validation_time_mean": NaN, "validation_time_total": 0.0, "samples": 60000, "num_workers": 1, "done": false, "timesteps_total": null, "episodes_total": null, "training_iteration": 42, "neg_mean_loss": -1.3037342450714111, "experiment_id": "96ea7068036845cebf04112c9822438a", "date": "2019-06-03_04-35-37", "timestamp": 1559561737, "time_this_iter_s": 41.34574770927429, "time_total_s": 1752.5387670993805, "pid": 16909, "hostname": "steropes", "node_ip": "169.229.49.254", "config": {"starting_lr": 0.1, "momentum": 0.95, "weight_decay": 0.001, "steps_per_iteration": null, "pin": false, "model_creator": null, "target_batch_size": 128, "model_string": "resnet50", "min_batch_size": 128, "dataset": "CIFAR", "placement": null, "use_nccl": true, "devices_per_worker": 1, "primary_resource": "extra_gpu", "gpu": false, "verbose": false, "lr_config": {"mode": "log", "steps": 5, "initial_lr": 0.1, "target_lr": 0.1}, "batch_per_device": 128}, "time_since_restore": 1752.5387670993805, "timesteps_since_restore": 0, "iterations_since_restore": 42, "mean_throughput": 1447.702493650987, "atoms": 1, "setup_time": 20.201951026916504}
