apply,batch_time,d2h,data_time,fwd,get_state_time_mean,get_state_time_total,grad,mean_accuracy,mean_loss,neg_mean_accuracy,set_state_time_mean,set_state_time_total,setup_model_time_mean,setup_model_time_total,setup_proc_time_mean,setup_proc_time_total,train_accuracy,train_loss,training_time_mean,training_time_total,val_accuracy,val_loss,validation_time_mean,validation_time_total,samples,num_workers,done,timesteps_total,episodes_total,training_iteration,neg_mean_loss,experiment_id,date,timestamp,time_this_iter_s,time_total_s,pid,hostname,node_ip,config,time_since_restore,timesteps_since_restore,iterations_since_restore,mean_throughput,atoms,setup_time
0.018452262878417967,0.04494318177428427,0.0006742715835571289,0.0018454713894583076,0.17961494922637938,nan,0.0,0.28425190448760984,0.2919999957084656,1.945205740737915,-0.2919999957084656,nan,0.0,20.896523475646973,20.896523475646973,1.8181071281433105,1.8181071281433105,0.19599999487400055,2.295458364715576,nan,0.0,0.2919999957084656,1.945205740737915,nan,0.0,60000,1,False,,,1,-1.945205740737915,bb2547a7fb7c46a8a109198840267f10,2019-06-03_04-07-16,1559560036,49.588361978530884,49.588361978530884,16907,steropes,169.229.49.254,"{'starting_lr': 0.001, 'momentum': 0.9, 'weight_decay': 0.005, 'steps_per_iteration': None, 'pin': False, 'model_creator': None, 'target_batch_size': 128, 'model_string': 'resnet50', 'min_batch_size': 128, 'dataset': 'CIFAR', 'placement': None, 'use_nccl': True, 'devices_per_worker': 1, 'primary_resource': 'extra_gpu', 'gpu': False, 'verbose': False, 'lr_config': {'mode': 'log', 'steps': 5, 'initial_lr': 0.001, 'target_lr': 0.001}, 'batch_per_device': 128}",49.588361978530884,0,1,1209.959291407574,1,22.811224937438965
0.01909646987915039,0.03171600571161584,0.0007055282592773437,0.0017992803812636744,0.02825009822845459,nan,0.0,0.05020849704742432,0.32234999537467957,1.867116861152649,-0.35269999504089355,nan,0.0,nan,0.0,nan,0.0,0.2886199951171875,1.9493560558700562,nan,0.0,0.35269999504089355,1.7890279815673829,nan,0.0,60000,1,False,,,2,-1.867116861152649,bb2547a7fb7c46a8a109198840267f10,2019-06-03_04-07-58,1559560078,42.09451246261597,91.68287444114685,16907,steropes,169.229.49.254,"{'starting_lr': 0.001, 'momentum': 0.9, 'weight_decay': 0.005, 'steps_per_iteration': None, 'pin': False, 'model_creator': None, 'target_batch_size': 128, 'model_string': 'resnet50', 'min_batch_size': 128, 'dataset': 'CIFAR', 'placement': None, 'use_nccl': True, 'devices_per_worker': 1, 'primary_resource': 'extra_gpu', 'gpu': False, 'verbose': False, 'lr_config': {'mode': 'log', 'steps': 5, 'initial_lr': 0.001, 'target_lr': 0.001}, 'batch_per_device': 128}",91.68287444114685,0,2,1308.8547490520405,1,22.811224937438965
0.018779993057250977,0.032273138625712336,0.0007744550704956055,0.0017846777006183439,0.028704071044921876,nan,0.0,0.04891209602355957,0.33453332384427387,1.836628087234497,-0.3588999807834625,nan,0.0,nan,0.0,nan,0.0,0.3381800055503845,1.807057815170288,nan,0.0,0.3588999807834625,1.7756505393981934,nan,0.0,60000,1,False,,,3,-1.836628087234497,bb2547a7fb7c46a8a109198840267f10,2019-06-03_04-08-40,1559560120,41.88517141342163,133.56804585456848,16907,steropes,169.229.49.254,"{'starting_lr': 0.001, 'momentum': 0.9, 'weight_decay': 0.005, 'steps_per_iteration': None, 'pin': False, 'model_creator': None, 'target_batch_size': 128, 'model_string': 'resnet50', 'min_batch_size': 128, 'dataset': 'CIFAR', 'placement': None, 'use_nccl': True, 'devices_per_worker': 1, 'primary_resource': 'extra_gpu', 'gpu': False, 'verbose': False, 'lr_config': {'mode': 'log', 'steps': 5, 'initial_lr': 0.001, 'target_lr': 0.001}, 'batch_per_device': 128}",133.56804585456848,0,3,1347.6235261884478,1,22.811224937438965
0.018623542785644532,0.031840221791327755,0.0007078647613525391,0.001821292940612949,0.028760242462158202,nan,0.0,0.05206618309020996,0.3542249873280525,1.776815269756317,-0.4132999777793884,nan,0.0,nan,0.0,nan,0.0,0.37748000025749207,1.7058445907211304,nan,0.0,0.4132999777793884,1.5973768173217773,nan,0.0,60000,1,False,,,4,-1.776815269756317,bb2547a7fb7c46a8a109198840267f10,2019-06-03_04-09-23,1559560163,42.913464307785034,176.48151016235352,16907,steropes,169.229.49.254,"{'starting_lr': 0.001, 'momentum': 0.9, 'weight_decay': 0.005, 'steps_per_iteration': None, 'pin': False, 'model_creator': None, 'target_batch_size': 128, 'model_string': 'resnet50', 'min_batch_size': 128, 'dataset': 'CIFAR', 'placement': None, 'use_nccl': True, 'devices_per_worker': 1, 'primary_resource': 'extra_gpu', 'gpu': False, 'verbose': False, 'lr_config': {'mode': 'log', 'steps': 5, 'initial_lr': 0.001, 'target_lr': 0.001}, 'batch_per_device': 128}",176.48151016235352,0,4,1359.9120452928125,1,22.811224937438965
0.01909036636352539,0.03216950199272059,0.000707244873046875,0.0017925583188186215,0.028354358673095704,nan,0.0,0.04877502918243408,0.37011998891830444,1.7324997898864745,-0.43369999527931213,nan,0.0,nan,0.0,nan,0.0,0.4065600037574768,1.622797013206482,nan,0.0,0.43369999527931213,1.5552378704071046,nan,0.0,60000,1,False,,,5,-1.7324997898864745,bb2547a7fb7c46a8a109198840267f10,2019-06-03_04-10-05,1559560205,41.79791474342346,218.27942490577698,16907,steropes,169.229.49.254,"{'starting_lr': 0.001, 'momentum': 0.9, 'weight_decay': 0.005, 'steps_per_iteration': None, 'pin': False, 'model_creator': None, 'target_batch_size': 128, 'model_string': 'resnet50', 'min_batch_size': 128, 'dataset': 'CIFAR', 'placement': None, 'use_nccl': True, 'devices_per_worker': 1, 'primary_resource': 'extra_gpu', 'gpu': False, 'verbose': False, 'lr_config': {'mode': 'log', 'steps': 5, 'initial_lr': 0.001, 'target_lr': 0.001}, 'batch_per_device': 128}",218.27942490577698,0,5,1374.3815044734836,1,22.811224937438965
0.018444108963012695,0.031809176070780695,0.0006848573684692383,0.001794808965814693,0.028016328811645508,nan,0.0,0.049526309967041014,0.40277999043464663,1.6387309114456177,-0.4553000032901764,nan,0.0,nan,0.0,nan,0.0,0.42824000120162964,1.5611312223815919,nan,0.0,0.4553000032901764,1.4763613485336304,nan,0.0,60000,1,False,,,6,-1.6387309114456177,bb2547a7fb7c46a8a109198840267f10,2019-06-03_04-10-46,1559560246,41.701045513153076,259.98047041893005,16907,steropes,169.229.49.254,"{'starting_lr': 0.001, 'momentum': 0.9, 'weight_decay': 0.005, 'steps_per_iteration': None, 'pin': False, 'model_creator': None, 'target_batch_size': 128, 'model_string': 'resnet50', 'min_batch_size': 128, 'dataset': 'CIFAR', 'placement': None, 'use_nccl': True, 'devices_per_worker': 1, 'primary_resource': 'extra_gpu', 'gpu': False, 'verbose': False, 'lr_config': {'mode': 'log', 'steps': 5, 'initial_lr': 0.001, 'target_lr': 0.001}, 'batch_per_device': 128}",259.98047041893005,0,6,1425.9050350146786,1,22.811224937438965
0.020146894454956054,0.03167364567140989,0.0007006168365478515,0.0018156446764231338,0.02901148796081543,nan,0.0,0.04998030662536621,0.42963998913764956,1.5640338154983522,-0.4869999885559082,nan,0.0,nan,0.0,nan,0.0,0.45009997487068176,1.508953352394104,nan,0.0,0.4869999885559082,1.4155425018310548,nan,0.0,60000,1,False,,,7,-1.5640338154983522,bb2547a7fb7c46a8a109198840267f10,2019-06-03_04-11-28,1559560288,41.783864974975586,301.76433539390564,16907,steropes,169.229.49.254,"{'starting_lr': 0.001, 'momentum': 0.9, 'weight_decay': 0.005, 'steps_per_iteration': None, 'pin': False, 'model_creator': None, 'target_batch_size': 128, 'model_string': 'resnet50', 'min_batch_size': 128, 'dataset': 'CIFAR', 'placement': None, 'use_nccl': True, 'devices_per_worker': 1, 'primary_resource': 'extra_gpu', 'gpu': False, 'verbose': False, 'lr_config': {'mode': 'log', 'steps': 5, 'initial_lr': 0.001, 'target_lr': 0.001}, 'batch_per_device': 128}",301.76433539390564,0,7,1428.0146868530167,1,22.811224937438965
0.019205284118652344,0.032984199403207515,0.0008056163787841797,0.001765093839991733,0.02818620204925537,nan,0.0,0.048793888092041014,0.4592599868774414,1.480823695220947,-0.5069999694824219,nan,0.0,nan,0.0,nan,0.0,0.4658999741077423,1.458883853378296,nan,0.0,0.5069999694824219,1.3595999380111694,nan,0.0,60000,1,False,,,8,-1.480823695220947,bb2547a7fb7c46a8a109198840267f10,2019-06-03_04-12-10,1559560330,41.55901646614075,343.3233518600464,16907,steropes,169.229.49.254,"{'starting_lr': 0.001, 'momentum': 0.9, 'weight_decay': 0.005, 'steps_per_iteration': None, 'pin': False, 'model_creator': None, 'target_batch_size': 128, 'model_string': 'resnet50', 'min_batch_size': 128, 'dataset': 'CIFAR', 'placement': None, 'use_nccl': True, 'devices_per_worker': 1, 'primary_resource': 'extra_gpu', 'gpu': False, 'verbose': False, 'lr_config': {'mode': 'log', 'steps': 5, 'initial_lr': 0.001, 'target_lr': 0.001}, 'batch_per_device': 128}",343.3233518600464,0,8,1430.2351527518365,1,22.811224937438965
0.0183107852935791,0.03169434281844127,0.0006833076477050781,0.0017643615108011933,0.02809591293334961,nan,0.0,0.049210739135742185,0.47839999198913574,1.4338370288085938,-0.5090000033378601,nan,0.0,nan,0.0,nan,0.0,0.4833199977874756,1.4188102941131593,nan,0.0,0.5090000033378601,1.3624434852600098,nan,0.0,60000,1,False,,,9,-1.4338370288085938,bb2547a7fb7c46a8a109198840267f10,2019-06-03_04-12-51,1559560371,41.53158235549927,384.85493421554565,16907,steropes,169.229.49.254,"{'starting_lr': 0.001, 'momentum': 0.9, 'weight_decay': 0.005, 'steps_per_iteration': None, 'pin': False, 'model_creator': None, 'target_batch_size': 128, 'model_string': 'resnet50', 'min_batch_size': 128, 'dataset': 'CIFAR', 'placement': None, 'use_nccl': True, 'devices_per_worker': 1, 'primary_resource': 'extra_gpu', 'gpu': False, 'verbose': False, 'lr_config': {'mode': 'log', 'steps': 5, 'initial_lr': 0.001, 'target_lr': 0.001}, 'batch_per_device': 128}",384.85493421554565,0,9,1439.7200717000942,1,22.811224937438965
0.01846771240234375,0.03203239018404031,0.0007297277450561523,0.001785309418388035,0.028054475784301758,nan,0.0,0.04860146045684814,0.49653999209403993,1.3883505510711671,-0.524399995803833,nan,0.0,nan,0.0,nan,0.0,0.4967999756336212,1.3800056869888306,nan,0.0,0.524399995803833,1.3278054817199707,nan,0.0,60000,1,False,,,10,-1.3883505510711671,bb2547a7fb7c46a8a109198840267f10,2019-06-03_04-13-33,1559560413,41.52918601036072,426.3841202259064,16907,steropes,169.229.49.254,"{'starting_lr': 0.001, 'momentum': 0.9, 'weight_decay': 0.005, 'steps_per_iteration': None, 'pin': False, 'model_creator': None, 'target_batch_size': 128, 'model_string': 'resnet50', 'min_batch_size': 128, 'dataset': 'CIFAR', 'placement': None, 'use_nccl': True, 'devices_per_worker': 1, 'primary_resource': 'extra_gpu', 'gpu': False, 'verbose': False, 'lr_config': {'mode': 'log', 'steps': 5, 'initial_lr': 0.001, 'target_lr': 0.001}, 'batch_per_device': 128}",426.3841202259064,0,10,1441.579254736876,1,22.811224937438965
0.01930282115936279,0.03164881694165966,0.0006918191909790039,0.0017353128594205813,0.028728961944580078,nan,0.0,0.048841333389282225,0.5132999897003174,1.3484080867385866,-0.5390999913215637,nan,0.0,nan,0.0,nan,0.0,0.51173996925354,1.35181961063385,nan,0.0,0.5390999913215637,1.2766490268707276,nan,0.0,60000,1,False,,,11,-1.3484080867385866,bb2547a7fb7c46a8a109198840267f10,2019-06-03_04-14-14,1559560454,41.6145396232605,467.99865984916687,16907,steropes,169.229.49.254,"{'starting_lr': 0.001, 'momentum': 0.9, 'weight_decay': 0.005, 'steps_per_iteration': None, 'pin': False, 'model_creator': None, 'target_batch_size': 128, 'model_string': 'resnet50', 'min_batch_size': 128, 'dataset': 'CIFAR', 'placement': None, 'use_nccl': True, 'devices_per_worker': 1, 'primary_resource': 'extra_gpu', 'gpu': False, 'verbose': False, 'lr_config': {'mode': 'log', 'steps': 5, 'initial_lr': 0.001, 'target_lr': 0.001}, 'batch_per_device': 128}",467.99865984916687,0,11,1442.1788109852491,1,22.811224937438965
0.01846342086791992,0.0330842989909498,0.0006826162338256836,0.0017784111335149508,0.02871582508087158,nan,0.0,0.05087387561798096,0.5249399900436401,1.3172326190567016,-0.545199990272522,nan,0.0,nan,0.0,nan,0.0,0.5288199782371521,1.3131486837387085,nan,0.0,0.545199990272522,1.259665163421631,nan,0.0,60000,1,False,,,12,-1.3172326190567016,bb2547a7fb7c46a8a109198840267f10,2019-06-03_04-14-56,1559560496,41.90350341796875,509.9021632671356,16907,steropes,169.229.49.254,"{'starting_lr': 0.001, 'momentum': 0.9, 'weight_decay': 0.005, 'steps_per_iteration': None, 'pin': False, 'model_creator': None, 'target_batch_size': 128, 'model_string': 'resnet50', 'min_batch_size': 128, 'dataset': 'CIFAR', 'placement': None, 'use_nccl': True, 'devices_per_worker': 1, 'primary_resource': 'extra_gpu', 'gpu': False, 'verbose': False, 'lr_config': {'mode': 'log', 'steps': 5, 'initial_lr': 0.001, 'target_lr': 0.001}, 'batch_per_device': 128}",509.9021632671356,0,12,1441.3498359097132,1,22.811224937438965
0.018196892738342286,0.03172403951234455,0.0006842851638793945,0.0018107702055245715,0.02799994945526123,nan,0.0,0.04899599552154541,0.535259997844696,1.2911330223464965,-0.5586000084877014,nan,0.0,nan,0.0,nan,0.0,0.5386199951171875,1.2781173947143554,nan,0.0,0.5586000084877014,1.229101954460144,nan,0.0,60000,1,False,,,13,-1.2911330223464965,bb2547a7fb7c46a8a109198840267f10,2019-06-03_04-15-38,1559560538,41.548365354537964,551.4505286216736,16907,steropes,169.229.49.254,"{'starting_lr': 0.001, 'momentum': 0.9, 'weight_decay': 0.005, 'steps_per_iteration': None, 'pin': False, 'model_creator': None, 'target_batch_size': 128, 'model_string': 'resnet50', 'min_batch_size': 128, 'dataset': 'CIFAR', 'placement': None, 'use_nccl': True, 'devices_per_worker': 1, 'primary_resource': 'extra_gpu', 'gpu': False, 'verbose': False, 'lr_config': {'mode': 'log', 'steps': 5, 'initial_lr': 0.001, 'target_lr': 0.001}, 'batch_per_device': 128}",551.4505286216736,0,13,1441.4232151736594,1,22.811224937438965
0.018833088874816894,0.03193800962423977,0.0007196903228759765,0.0017721921281741403,0.02884807586669922,nan,0.0,0.048464393615722655,0.5476199984550476,1.259388833503723,-0.5708000063896179,nan,0.0,nan,0.0,nan,0.0,0.5498200058937073,1.2494994199752807,nan,0.0,0.5708000063896179,1.2037225410461425,nan,0.0,60000,1,False,,,14,-1.259388833503723,bb2547a7fb7c46a8a109198840267f10,2019-06-03_04-16-20,1559560580,41.69078874588013,593.1413173675537,16907,steropes,169.229.49.254,"{'starting_lr': 0.001, 'momentum': 0.9, 'weight_decay': 0.005, 'steps_per_iteration': None, 'pin': False, 'model_creator': None, 'target_batch_size': 128, 'model_string': 'resnet50', 'min_batch_size': 128, 'dataset': 'CIFAR', 'placement': None, 'use_nccl': True, 'devices_per_worker': 1, 'primary_resource': 'extra_gpu', 'gpu': False, 'verbose': False, 'lr_config': {'mode': 'log', 'steps': 5, 'initial_lr': 0.001, 'target_lr': 0.001}, 'batch_per_device': 128}",593.1413173675537,0,14,1440.3214833769919,1,22.811224937438965
0.018793869018554687,0.03346004063570047,0.0007634639739990234,0.00182322467989324,0.02853538990020752,nan,0.0,0.04981870651245117,0.5573599934577942,1.2301401185607912,-0.5730999708175659,nan,0.0,nan,0.0,nan,0.0,0.5601999759674072,1.2286857723236084,nan,0.0,0.5730999708175659,1.18156190700531,nan,0.0,60000,1,False,,,15,-1.2301401185607912,bb2547a7fb7c46a8a109198840267f10,2019-06-03_04-17-01,1559560621,41.764873027801514,634.9061903953552,16907,steropes,169.229.49.254,"{'starting_lr': 0.001, 'momentum': 0.9, 'weight_decay': 0.005, 'steps_per_iteration': None, 'pin': False, 'model_creator': None, 'target_batch_size': 128, 'model_string': 'resnet50', 'min_batch_size': 128, 'dataset': 'CIFAR', 'placement': None, 'use_nccl': True, 'devices_per_worker': 1, 'primary_resource': 'extra_gpu', 'gpu': False, 'verbose': False, 'lr_config': {'mode': 'log', 'steps': 5, 'initial_lr': 0.001, 'target_lr': 0.001}, 'batch_per_device': 128}",634.9061903953552,0,15,1438.6935935096776,1,22.811224937438965
0.01824181079864502,0.03155716159675695,0.0006994962692260742,0.0018688742157138521,0.02780771255493164,nan,0.0,0.04864523410797119,0.5670399904251099,1.2078054776382445,-0.5874999761581421,nan,0.0,nan,0.0,nan,0.0,0.571619987487793,1.196516609992981,nan,0.0,0.5874999761581421,1.1649758222579956,nan,0.0,60000,1,False,,,16,-1.2078054776382445,bb2547a7fb7c46a8a109198840267f10,2019-06-03_04-17-43,1559560663,41.72621726989746,676.6324076652527,16907,steropes,169.229.49.254,"{'starting_lr': 0.001, 'momentum': 0.9, 'weight_decay': 0.005, 'steps_per_iteration': None, 'pin': False, 'model_creator': None, 'target_batch_size': 128, 'model_string': 'resnet50', 'min_batch_size': 128, 'dataset': 'CIFAR', 'placement': None, 'use_nccl': True, 'devices_per_worker': 1, 'primary_resource': 'extra_gpu', 'gpu': False, 'verbose': False, 'lr_config': {'mode': 'log', 'steps': 5, 'initial_lr': 0.001, 'target_lr': 0.001}, 'batch_per_device': 128}",676.6324076652527,0,16,1437.9235081029876,1,22.811224937438965
0.018970227241516112,0.03186201445664032,0.0007026433944702148,0.0017876948237114246,0.02885909080505371,nan,0.0,0.05243837833404541,0.5773799896240235,1.1839493140029906,-0.5968999862670898,nan,0.0,nan,0.0,nan,0.0,0.5811200141906738,1.168333021888733,nan,0.0,0.5968999862670898,1.1403843452453613,nan,0.0,60000,1,False,,,17,-1.1839493140029906,bb2547a7fb7c46a8a109198840267f10,2019-06-03_04-18-25,1559560705,41.542165756225586,718.1745734214783,16907,steropes,169.229.49.254,"{'starting_lr': 0.001, 'momentum': 0.9, 'weight_decay': 0.005, 'steps_per_iteration': None, 'pin': False, 'model_creator': None, 'target_batch_size': 128, 'model_string': 'resnet50', 'min_batch_size': 128, 'dataset': 'CIFAR', 'placement': None, 'use_nccl': True, 'devices_per_worker': 1, 'primary_resource': 'extra_gpu', 'gpu': False, 'verbose': False, 'lr_config': {'mode': 'log', 'steps': 5, 'initial_lr': 0.001, 'target_lr': 0.001}, 'batch_per_device': 128}",718.1745734214783,0,17,1440.4182066869841,1,22.811224937438965
0.018839478492736816,0.032372562191154385,0.000719904899597168,0.0017870826184597161,0.028354883193969727,nan,0.0,0.04998800754547119,0.5858399868011475,1.1626930485534668,-0.6008999943733215,nan,0.0,nan,0.0,nan,0.0,0.5913400053977966,1.1425701791000367,nan,0.0,0.6008999943733215,1.1228206272125245,nan,0.0,60000,1,False,,,18,-1.1626930485534668,bb2547a7fb7c46a8a109198840267f10,2019-06-03_04-19-06,1559560746,41.59353971481323,759.7681131362915,16907,steropes,169.229.49.254,"{'starting_lr': 0.001, 'momentum': 0.9, 'weight_decay': 0.005, 'steps_per_iteration': None, 'pin': False, 'model_creator': None, 'target_batch_size': 128, 'model_string': 'resnet50', 'min_batch_size': 128, 'dataset': 'CIFAR', 'placement': None, 'use_nccl': True, 'devices_per_worker': 1, 'primary_resource': 'extra_gpu', 'gpu': False, 'verbose': False, 'lr_config': {'mode': 'log', 'steps': 5, 'initial_lr': 0.001, 'target_lr': 0.001}, 'batch_per_device': 128}",759.7681131362915,0,18,1440.1058775351628,1,22.811224937438965
0.0190169095993042,0.03197526328171356,0.0007042884826660156,0.001814250750919742,0.028788161277770997,nan,0.0,0.048829174041748045,0.5955199837684632,1.1383207467269898,-0.6191999912261963,nan,0.0,nan,0.0,nan,0.0,0.6021199822425842,1.1083071825027466,nan,0.0,0.6191999912261963,1.0818610319137574,nan,0.0,60000,1,False,,,19,-1.1383207467269898,bb2547a7fb7c46a8a109198840267f10,2019-06-03_04-19-48,1559560788,41.81827783584595,801.5863909721375,16907,steropes,169.229.49.254,"{'starting_lr': 0.001, 'momentum': 0.9, 'weight_decay': 0.005, 'steps_per_iteration': None, 'pin': False, 'model_creator': None, 'target_batch_size': 128, 'model_string': 'resnet50', 'min_batch_size': 128, 'dataset': 'CIFAR', 'placement': None, 'use_nccl': True, 'devices_per_worker': 1, 'primary_resource': 'extra_gpu', 'gpu': False, 'verbose': False, 'lr_config': {'mode': 'log', 'steps': 5, 'initial_lr': 0.001, 'target_lr': 0.001}, 'batch_per_device': 128}",801.5863909721375,0,19,1439.2250494741502,1,22.811224937438965
0.02142047882080078,0.03161398670341395,0.0007145166397094727,0.0017679402285524647,0.03013787269592285,nan,0.0,0.04955029487609863,0.6048799872398376,1.1157326565551757,-0.6198999881744385,nan,0.0,nan,0.0,nan,0.0,0.6142599582672119,1.0876438343811035,nan,0.0,0.6198999881744385,1.0686214561462402,nan,0.0,60000,1,False,,,20,-1.1157326565551757,bb2547a7fb7c46a8a109198840267f10,2019-06-03_04-20-30,1559560830,41.49055194854736,843.0769429206848,16907,steropes,169.229.49.254,"{'starting_lr': 0.001, 'momentum': 0.9, 'weight_decay': 0.005, 'steps_per_iteration': None, 'pin': False, 'model_creator': None, 'target_batch_size': 128, 'model_string': 'resnet50', 'min_batch_size': 128, 'dataset': 'CIFAR', 'placement': None, 'use_nccl': True, 'devices_per_worker': 1, 'primary_resource': 'extra_gpu', 'gpu': False, 'verbose': False, 'lr_config': {'mode': 'log', 'steps': 5, 'initial_lr': 0.001, 'target_lr': 0.001}, 'batch_per_device': 128}",843.0769429206848,0,20,1441.1216041905961,1,22.811224937438965
0.01806027889251709,0.03175328954865661,0.0007212638854980468,0.001753724749435854,0.02763636112213135,nan,0.0,0.04901211261749268,0.6102599859237671,1.0992384354019165,-0.6143999695777893,nan,0.0,nan,0.0,nan,0.0,0.6189199686050415,1.0586872161674499,nan,0.0,0.6143999695777893,1.0825047164916992,nan,0.0,60000,1,False,,,21,-1.0992384354019165,bb2547a7fb7c46a8a109198840267f10,2019-06-03_04-21-11,1559560871,41.43845820426941,884.5154011249542,16907,steropes,169.229.49.254,"{'starting_lr': 0.001, 'momentum': 0.9, 'weight_decay': 0.005, 'steps_per_iteration': None, 'pin': False, 'model_creator': None, 'target_batch_size': 128, 'model_string': 'resnet50', 'min_batch_size': 128, 'dataset': 'CIFAR', 'placement': None, 'use_nccl': True, 'devices_per_worker': 1, 'primary_resource': 'extra_gpu', 'gpu': False, 'verbose': False, 'lr_config': {'mode': 'log', 'steps': 5, 'initial_lr': 0.001, 'target_lr': 0.001}, 'batch_per_device': 128}",884.5154011249542,0,21,1443.1164834393473,1,22.811224937438965
0.019093132019042967,0.0315105975428714,0.0007270097732543946,0.0017557406364499455,0.02869412899017334,nan,0.0,0.04904415607452393,0.6194999814033508,1.075315629196167,-0.6430999636650085,nan,0.0,nan,0.0,nan,0.0,0.6322399973869324,1.0325857154083251,nan,0.0,0.6430999636650085,1.0207703142166138,nan,0.0,60000,1,False,,,22,-1.075315629196167,bb2547a7fb7c46a8a109198840267f10,2019-06-03_04-21-53,1559560913,41.645732164382935,926.1611332893372,16907,steropes,169.229.49.254,"{'starting_lr': 0.001, 'momentum': 0.9, 'weight_decay': 0.005, 'steps_per_iteration': None, 'pin': False, 'model_creator': None, 'target_batch_size': 128, 'model_string': 'resnet50', 'min_batch_size': 128, 'dataset': 'CIFAR', 'placement': None, 'use_nccl': True, 'devices_per_worker': 1, 'primary_resource': 'extra_gpu', 'gpu': False, 'verbose': False, 'lr_config': {'mode': 'log', 'steps': 5, 'initial_lr': 0.001, 'target_lr': 0.001}, 'batch_per_device': 128}",926.1611332893372,0,22,1442.3978802813606,1,22.811224937438965
0.018239164352416994,0.03167563450487354,0.0006937980651855469,0.0017965632631345783,0.028670310974121094,nan,0.0,0.04819242954254151,0.6272199749946594,1.0525595819091795,-0.6394999623298645,nan,0.0,nan,0.0,nan,0.0,0.639519989490509,1.0026380494880676,nan,0.0,0.6394999623298645,1.0090403907775878,nan,0.0,60000,1,False,,,23,-1.0525595819091795,bb2547a7fb7c46a8a109198840267f10,2019-06-03_04-22-34,1559560954,41.653154373168945,967.8142876625061,16907,steropes,169.229.49.254,"{'starting_lr': 0.001, 'momentum': 0.9, 'weight_decay': 0.005, 'steps_per_iteration': None, 'pin': False, 'model_creator': None, 'target_batch_size': 128, 'model_string': 'resnet50', 'min_batch_size': 128, 'dataset': 'CIFAR', 'placement': None, 'use_nccl': True, 'devices_per_worker': 1, 'primary_resource': 'extra_gpu', 'gpu': False, 'verbose': False, 'lr_config': {'mode': 'log', 'steps': 5, 'initial_lr': 0.001, 'target_lr': 0.001}, 'batch_per_device': 128}",967.8142876625061,0,23,1441.9849885115577,1,22.811224937438965
0.018486833572387694,0.031871508948410614,0.0007129430770874024,0.001764445048768807,0.027997541427612304,nan,0.0,0.04921729564666748,0.6328399777412415,1.0356791786193846,-0.6473000049591064,nan,0.0,nan,0.0,nan,0.0,0.6485999822616577,0.9826423750305175,nan,0.0,0.6473000049591064,0.9974590154647827,nan,0.0,60000,1,False,,,24,-1.0356791786193846,bb2547a7fb7c46a8a109198840267f10,2019-06-03_04-23-16,1559560996,41.70078420639038,1009.5150718688965,16907,steropes,169.229.49.254,"{'starting_lr': 0.001, 'momentum': 0.9, 'weight_decay': 0.005, 'steps_per_iteration': None, 'pin': False, 'model_creator': None, 'target_batch_size': 128, 'model_string': 'resnet50', 'min_batch_size': 128, 'dataset': 'CIFAR', 'placement': None, 'use_nccl': True, 'devices_per_worker': 1, 'primary_resource': 'extra_gpu', 'gpu': False, 'verbose': False, 'lr_config': {'mode': 'log', 'steps': 5, 'initial_lr': 0.001, 'target_lr': 0.001}, 'batch_per_device': 128}",1009.5150718688965,0,24,1442.7998630349903,1,22.811224937438965
0.01815338134765625,0.031677635410163975,0.0007253885269165039,0.0017907564597361533,0.0279496431350708,nan,0.0,0.05151724815368652,0.6405799746513366,1.0162046781158447,-0.6585999727249146,nan,0.0,nan,0.0,nan,0.0,0.6582799553871155,0.9608414237976074,nan,0.0,0.6585999727249146,0.97124895362854,nan,0.0,60000,1,False,,,25,-1.0162046781158447,bb2547a7fb7c46a8a109198840267f10,2019-06-03_04-23-58,1559561038,41.63994336128235,1051.1550152301788,16907,steropes,169.229.49.254,"{'starting_lr': 0.001, 'momentum': 0.9, 'weight_decay': 0.005, 'steps_per_iteration': None, 'pin': False, 'model_creator': None, 'target_batch_size': 128, 'model_string': 'resnet50', 'min_batch_size': 128, 'dataset': 'CIFAR', 'placement': None, 'use_nccl': True, 'devices_per_worker': 1, 'primary_resource': 'extra_gpu', 'gpu': False, 'verbose': False, 'lr_config': {'mode': 'log', 'steps': 5, 'initial_lr': 0.001, 'target_lr': 0.001}, 'batch_per_device': 128}",1051.1550152301788,0,25,1441.763984573391,1,22.811224937438965
0.018494653701782226,0.03198228003103522,0.0007055282592773437,0.0017984882949868128,0.028212952613830566,nan,0.0,0.05018155574798584,0.6499399781227112,0.9895364608001709,-0.6611999869346619,nan,0.0,nan,0.0,nan,0.0,0.6649599671363831,0.9344825362396241,nan,0.0,0.6611999869346619,0.94916362991333,nan,0.0,60000,1,False,,,26,-0.9895364608001709,bb2547a7fb7c46a8a109198840267f10,2019-06-03_04-24-39,1559561079,41.657729625701904,1092.8127448558807,16907,steropes,169.229.49.254,"{'starting_lr': 0.001, 'momentum': 0.9, 'weight_decay': 0.005, 'steps_per_iteration': None, 'pin': False, 'model_creator': None, 'target_batch_size': 128, 'model_string': 'resnet50', 'min_batch_size': 128, 'dataset': 'CIFAR', 'placement': None, 'use_nccl': True, 'devices_per_worker': 1, 'primary_resource': 'extra_gpu', 'gpu': False, 'verbose': False, 'lr_config': {'mode': 'log', 'steps': 5, 'initial_lr': 0.001, 'target_lr': 0.001}, 'batch_per_device': 128}",1092.8127448558807,0,26,1440.246257804171,1,22.811224937438965
0.019966506958007814,0.03175963631159143,0.00071563720703125,0.001818669116710458,0.02887716293334961,nan,0.0,0.04920129776000977,0.6564599871635437,0.9704015273284912,-0.6757000088691711,nan,0.0,nan,0.0,nan,0.0,0.6742199659347534,0.9124067111206055,nan,0.0,0.6757000088691711,0.9250956468582153,nan,0.0,60000,1,False,,,27,-0.9704015273284912,bb2547a7fb7c46a8a109198840267f10,2019-06-03_04-25-21,1559561121,41.78865671157837,1134.601401567459,16907,steropes,169.229.49.254,"{'starting_lr': 0.001, 'momentum': 0.9, 'weight_decay': 0.005, 'steps_per_iteration': None, 'pin': False, 'model_creator': None, 'target_batch_size': 128, 'model_string': 'resnet50', 'min_batch_size': 128, 'dataset': 'CIFAR', 'placement': None, 'use_nccl': True, 'devices_per_worker': 1, 'primary_resource': 'extra_gpu', 'gpu': False, 'verbose': False, 'lr_config': {'mode': 'log', 'steps': 5, 'initial_lr': 0.001, 'target_lr': 0.001}, 'batch_per_device': 128}",1134.601401567459,0,27,1439.2587129140325,1,22.811224937438965
0.018891191482543944,0.03169492528408389,0.0007060050964355468,0.001792600392685522,0.028275537490844726,nan,0.0,0.049810051918029785,0.6638199925422669,0.949785115737915,-0.6762999892234802,nan,0.0,nan,0.0,nan,0.0,0.6829800009727478,0.8888225322341919,nan,0.0,0.6762999892234802,0.9059583328247071,nan,0.0,60000,1,False,,,28,-0.949785115737915,bb2547a7fb7c46a8a109198840267f10,2019-06-03_04-26-03,1559561163,41.893019914627075,1176.4944214820862,16907,steropes,169.229.49.254,"{'starting_lr': 0.001, 'momentum': 0.9, 'weight_decay': 0.005, 'steps_per_iteration': None, 'pin': False, 'model_creator': None, 'target_batch_size': 128, 'model_string': 'resnet50', 'min_batch_size': 128, 'dataset': 'CIFAR', 'placement': None, 'use_nccl': True, 'devices_per_worker': 1, 'primary_resource': 'extra_gpu', 'gpu': False, 'verbose': False, 'lr_config': {'mode': 'log', 'steps': 5, 'initial_lr': 0.001, 'target_lr': 0.001}, 'batch_per_device': 128}",1176.4944214820862,0,28,1437.6043561478373,1,22.811224937438965
0.01947009563446045,0.03334809556792054,0.0007175922393798829,0.0018017853007597081,0.0288008451461792,nan,0.0,0.04850070476531983,0.6690399885177613,0.9345399235916136,-0.6733999848365784,nan,0.0,nan,0.0,nan,0.0,0.6894599795341492,0.865731874217987,nan,0.0,0.6733999848365784,0.9212330547332763,nan,0.0,60000,1,False,,,29,-0.9345399235916136,bb2547a7fb7c46a8a109198840267f10,2019-06-03_04-26-45,1559561205,41.70665192604065,1218.2010734081268,16907,steropes,169.229.49.254,"{'starting_lr': 0.001, 'momentum': 0.9, 'weight_decay': 0.005, 'steps_per_iteration': None, 'pin': False, 'model_creator': None, 'target_batch_size': 128, 'model_string': 'resnet50', 'min_batch_size': 128, 'dataset': 'CIFAR', 'placement': None, 'use_nccl': True, 'devices_per_worker': 1, 'primary_resource': 'extra_gpu', 'gpu': False, 'verbose': False, 'lr_config': {'mode': 'log', 'steps': 5, 'initial_lr': 0.001, 'target_lr': 0.001}, 'batch_per_device': 128}",1218.2010734081268,0,29,1437.5634844293345,1,22.811224937438965
0.018364429473876953,0.03433305402345295,0.0007180213928222656,0.0017698920901169253,0.027572941780090333,nan,0.0,0.04905397891998291,0.6736799955368042,0.9204041992759704,-0.6818000078201294,nan,0.0,nan,0.0,nan,0.0,0.6949799656867981,0.8521776961898804,nan,0.0,0.6818000078201294,0.9005703320503234,nan,0.0,60000,1,False,,,30,-0.9204041992759704,bb2547a7fb7c46a8a109198840267f10,2019-06-03_04-27-26,1559561246,41.62534761428833,1259.8264210224152,16907,steropes,169.229.49.254,"{'starting_lr': 0.001, 'momentum': 0.9, 'weight_decay': 0.005, 'steps_per_iteration': None, 'pin': False, 'model_creator': None, 'target_batch_size': 128, 'model_string': 'resnet50', 'min_batch_size': 128, 'dataset': 'CIFAR', 'placement': None, 'use_nccl': True, 'devices_per_worker': 1, 'primary_resource': 'extra_gpu', 'gpu': False, 'verbose': False, 'lr_config': {'mode': 'log', 'steps': 5, 'initial_lr': 0.001, 'target_lr': 0.001}, 'batch_per_device': 128}",1259.8264210224152,0,30,1437.6640213680757,1,22.811224937438965
0.018866801261901857,0.032031569299818596,0.0007074356079101562,0.0018500239038101547,0.028598618507385255,nan,0.0,0.05229873657226562,0.6803199887275696,0.9048312536430358,-0.6943999528884888,nan,0.0,nan,0.0,nan,0.0,0.7053799629211426,0.8285441813278198,nan,0.0,0.6943999528884888,0.8712989017486572,nan,0.0,60000,1,False,,,31,-0.9048312536430358,bb2547a7fb7c46a8a109198840267f10,2019-06-03_04-28-08,1559561288,41.879531383514404,1301.7059524059296,16907,steropes,169.229.49.254,"{'starting_lr': 0.001, 'momentum': 0.9, 'weight_decay': 0.005, 'steps_per_iteration': None, 'pin': False, 'model_creator': None, 'target_batch_size': 128, 'model_string': 'resnet50', 'min_batch_size': 128, 'dataset': 'CIFAR', 'placement': None, 'use_nccl': True, 'devices_per_worker': 1, 'primary_resource': 'extra_gpu', 'gpu': False, 'verbose': False, 'lr_config': {'mode': 'log', 'steps': 5, 'initial_lr': 0.001, 'target_lr': 0.001}, 'batch_per_device': 128}",1301.7059524059296,0,31,1436.1375070134602,1,22.811224937438965
0.018297743797302247,0.03219454499739635,0.000727391242980957,0.0018597612600497273,0.02839369773864746,nan,0.0,0.050910544395446775,0.6862599849700928,0.8881883604621887,-0.7053999900817871,nan,0.0,nan,0.0,nan,0.0,0.7109599709510803,0.8125434161567688,nan,0.0,0.7053999900817871,0.8418811809539795,nan,0.0,60000,1,False,,,32,-0.8881883604621887,bb2547a7fb7c46a8a109198840267f10,2019-06-03_04-28-50,1559561330,41.88495206832886,1343.5909044742584,16907,steropes,169.229.49.254,"{'starting_lr': 0.001, 'momentum': 0.9, 'weight_decay': 0.005, 'steps_per_iteration': None, 'pin': False, 'model_creator': None, 'target_batch_size': 128, 'model_string': 'resnet50', 'min_batch_size': 128, 'dataset': 'CIFAR', 'placement': None, 'use_nccl': True, 'devices_per_worker': 1, 'primary_resource': 'extra_gpu', 'gpu': False, 'verbose': False, 'lr_config': {'mode': 'log', 'steps': 5, 'initial_lr': 0.001, 'target_lr': 0.001}, 'batch_per_device': 128}",1343.5909044742584,0,32,1435.4757761956894,1,22.811224937438965
0.018456315994262694,0.031757460364812536,0.0007328987121582031,0.0017842874502586891,0.02782297134399414,nan,0.0,0.048199462890625,0.6924999833106995,0.8749299802398683,-0.7074999809265137,nan,0.0,nan,0.0,nan,0.0,0.719980001449585,0.788650233001709,nan,0.0,0.7074999809265137,0.8396664317131043,nan,0.0,60000,1,False,,,33,-0.8749299802398683,bb2547a7fb7c46a8a109198840267f10,2019-06-03_04-29-32,1559561372,41.702086210250854,1385.2929906845093,16907,steropes,169.229.49.254,"{'starting_lr': 0.001, 'momentum': 0.9, 'weight_decay': 0.005, 'steps_per_iteration': None, 'pin': False, 'model_creator': None, 'target_batch_size': 128, 'model_string': 'resnet50', 'min_batch_size': 128, 'dataset': 'CIFAR', 'placement': None, 'use_nccl': True, 'devices_per_worker': 1, 'primary_resource': 'extra_gpu', 'gpu': False, 'verbose': False, 'lr_config': {'mode': 'log', 'steps': 5, 'initial_lr': 0.001, 'target_lr': 0.001}, 'batch_per_device': 128}",1385.2929906845093,0,33,1436.788440977506,1,22.811224937438965
0.02012481689453125,0.03266529493694064,0.000699925422668457,0.001790869876246928,0.029252004623413087,nan,0.0,0.05072474479675293,0.6996599793434143,0.8565698532104493,-0.7091999650001526,nan,0.0,nan,0.0,nan,0.0,0.7228999733924866,0.7792689782714843,nan,0.0,0.7091999650001526,0.8294324195861816,nan,0.0,60000,1,False,,,34,-0.8565698532104493,bb2547a7fb7c46a8a109198840267f10,2019-06-03_04-30-14,1559561414,42.11409950256348,1427.4070901870728,16907,steropes,169.229.49.254,"{'starting_lr': 0.001, 'momentum': 0.9, 'weight_decay': 0.005, 'steps_per_iteration': None, 'pin': False, 'model_creator': None, 'target_batch_size': 128, 'model_string': 'resnet50', 'min_batch_size': 128, 'dataset': 'CIFAR', 'placement': None, 'use_nccl': True, 'devices_per_worker': 1, 'primary_resource': 'extra_gpu', 'gpu': False, 'verbose': False, 'lr_config': {'mode': 'log', 'steps': 5, 'initial_lr': 0.001, 'target_lr': 0.001}, 'batch_per_device': 128}",1427.4070901870728,0,34,1433.9905885546864,1,22.811224937438965
0.01859891414642334,0.031755945350550395,0.0007053375244140625,0.0017654749438585833,0.02827768325805664,nan,0.0,0.04977226257324219,0.7066399693489075,0.8407528107643127,-0.7166999578475952,nan,0.0,nan,0.0,nan,0.0,0.7293599843978882,0.7595884726333618,nan,0.0,0.7166999578475952,0.8214851198196411,nan,0.0,60000,1,False,,,35,-0.8407528107643127,bb2547a7fb7c46a8a109198840267f10,2019-06-03_04-30-56,1559561456,41.53267312049866,1468.9397633075714,16907,steropes,169.229.49.254,"{'starting_lr': 0.001, 'momentum': 0.9, 'weight_decay': 0.005, 'steps_per_iteration': None, 'pin': False, 'model_creator': None, 'target_batch_size': 128, 'model_string': 'resnet50', 'min_batch_size': 128, 'dataset': 'CIFAR', 'placement': None, 'use_nccl': True, 'devices_per_worker': 1, 'primary_resource': 'extra_gpu', 'gpu': False, 'verbose': False, 'lr_config': {'mode': 'log', 'steps': 5, 'initial_lr': 0.001, 'target_lr': 0.001}, 'batch_per_device': 128}",1468.9397633075714,0,35,1434.6261123573577,1,22.811224937438965
0.018409061431884765,0.03198104870470264,0.0007081270217895508,0.0017767129346842657,0.027887701988220215,nan,0.0,0.04960377216339111,0.7118599772453308,0.8284125665092468,-0.7204999923706055,nan,0.0,nan,0.0,nan,0.0,0.7346400022506714,0.7464006167793273,nan,0.0,0.7204999923706055,0.8095976804733276,nan,0.0,60000,1,False,,,36,-0.8284125665092468,bb2547a7fb7c46a8a109198840267f10,2019-06-03_04-31-37,1559561497,41.47515606880188,1510.4149193763733,16907,steropes,169.229.49.254,"{'starting_lr': 0.001, 'momentum': 0.9, 'weight_decay': 0.005, 'steps_per_iteration': None, 'pin': False, 'model_creator': None, 'target_batch_size': 128, 'model_string': 'resnet50', 'min_batch_size': 128, 'dataset': 'CIFAR', 'placement': None, 'use_nccl': True, 'devices_per_worker': 1, 'primary_resource': 'extra_gpu', 'gpu': False, 'verbose': False, 'lr_config': {'mode': 'log', 'steps': 5, 'initial_lr': 0.001, 'target_lr': 0.001}, 'batch_per_device': 128}",1510.4149193763733,0,36,1437.4057218521928,1,22.811224937438965
0.018457365036010743,0.03222104869311369,0.000727701187133789,0.0018273406016552235,0.02761509418487549,nan,0.0,0.05055179595947266,0.7140199780464173,0.8228153608703612,-0.7161999940872192,nan,0.0,nan,0.0,nan,0.0,0.7369199991226196,0.7312817037773133,nan,0.0,0.7161999940872192,0.813895152759552,nan,0.0,60000,1,False,,,37,-0.8228153608703612,bb2547a7fb7c46a8a109198840267f10,2019-06-03_04-32-19,1559561539,41.606826066970825,1552.0217454433441,16907,steropes,169.229.49.254,"{'starting_lr': 0.001, 'momentum': 0.9, 'weight_decay': 0.005, 'steps_per_iteration': None, 'pin': False, 'model_creator': None, 'target_batch_size': 128, 'model_string': 'resnet50', 'min_batch_size': 128, 'dataset': 'CIFAR', 'placement': None, 'use_nccl': True, 'devices_per_worker': 1, 'primary_resource': 'extra_gpu', 'gpu': False, 'verbose': False, 'lr_config': {'mode': 'log', 'steps': 5, 'initial_lr': 0.001, 'target_lr': 0.001}, 'batch_per_device': 128}",1552.0217454433441,0,37,1439.3237938834654,1,22.811224937438965
0.02008774280548096,0.03134692469729653,0.0007460117340087891,0.0018094299394456322,0.03068714141845703,nan,0.0,0.049647855758666995,0.7168599724769592,0.815777209777832,-0.7216999530792236,nan,0.0,nan,0.0,nan,0.0,0.7444599866867065,0.7169582655143738,nan,0.0,0.7216999530792236,0.8044756762504578,nan,0.0,60000,1,False,,,38,-0.815777209777832,bb2547a7fb7c46a8a109198840267f10,2019-06-03_04-33-00,1559561580,41.80225372314453,1593.8239991664886,16907,steropes,169.229.49.254,"{'starting_lr': 0.001, 'momentum': 0.9, 'weight_decay': 0.005, 'steps_per_iteration': None, 'pin': False, 'model_creator': None, 'target_batch_size': 128, 'model_string': 'resnet50', 'min_batch_size': 128, 'dataset': 'CIFAR', 'placement': None, 'use_nccl': True, 'devices_per_worker': 1, 'primary_resource': 'extra_gpu', 'gpu': False, 'verbose': False, 'lr_config': {'mode': 'log', 'steps': 5, 'initial_lr': 0.001, 'target_lr': 0.001}, 'batch_per_device': 128}",1593.8239991664886,0,38,1438.6322835117412,1,22.811224937438965
0.018418192863464355,0.031781021552749825,0.0007179021835327148,0.0017759409706915735,0.028078842163085937,nan,0.0,0.04886162281036377,0.7178399801254273,0.8172617356872559,-0.7141000032424927,nan,0.0,nan,0.0,nan,0.0,0.7490999698638916,0.7038628287887573,nan,0.0,0.7141000032424927,0.8368550491333008,nan,0.0,60000,1,False,,,39,-0.8172617356872559,bb2547a7fb7c46a8a109198840267f10,2019-06-03_04-33-42,1559561622,41.709352254867554,1635.5333514213562,16907,steropes,169.229.49.254,"{'starting_lr': 0.001, 'momentum': 0.9, 'weight_decay': 0.005, 'steps_per_iteration': None, 'pin': False, 'model_creator': None, 'target_batch_size': 128, 'model_string': 'resnet50', 'min_batch_size': 128, 'dataset': 'CIFAR', 'placement': None, 'use_nccl': True, 'devices_per_worker': 1, 'primary_resource': 'extra_gpu', 'gpu': False, 'verbose': False, 'lr_config': {'mode': 'log', 'steps': 5, 'initial_lr': 0.001, 'target_lr': 0.001}, 'batch_per_device': 128}",1635.5333514213562,0,39,1441.4300181840022,1,22.811224937438965
0.019309234619140626,0.03158886824982076,0.0007025957107543946,0.0018188459489046765,0.02831711769104004,nan,0.0,0.049698710441589355,0.7206399798393249,0.81020802816391,-0.7306999564170837,nan,0.0,nan,0.0,nan,0.0,0.7554599642753601,0.6878754055976868,nan,0.0,0.7306999564170837,0.7862165822029114,nan,0.0,60000,1,False,,,40,-0.81020802816391,bb2547a7fb7c46a8a109198840267f10,2019-06-03_04-34-24,1559561664,41.7378990650177,1677.271250486374,16907,steropes,169.229.49.254,"{'starting_lr': 0.001, 'momentum': 0.9, 'weight_decay': 0.005, 'steps_per_iteration': None, 'pin': False, 'model_creator': None, 'target_batch_size': 128, 'model_string': 'resnet50', 'min_batch_size': 128, 'dataset': 'CIFAR', 'placement': None, 'use_nccl': True, 'devices_per_worker': 1, 'primary_resource': 'extra_gpu', 'gpu': False, 'verbose': False, 'lr_config': {'mode': 'log', 'steps': 5, 'initial_lr': 0.001, 'target_lr': 0.001}, 'batch_per_device': 128}",1677.271250486374,0,40,1440.0100794772904,1,22.811224937438965
0.01860206127166748,0.03224551526806022,0.0007126808166503906,0.0018426304887932585,0.028658604621887206,nan,0.0,0.048499774932861325,0.7237799763679504,0.8062343262290954,-0.7361999750137329,nan,0.0,nan,0.0,nan,0.0,0.7589600086212158,0.6767872485160827,nan,0.0,0.7361999750137329,0.7897291707992554,nan,0.0,60000,1,False,,,41,-0.8062343262290954,bb2547a7fb7c46a8a109198840267f10,2019-06-03_04-35-06,1559561706,42.01322889328003,1719.284479379654,16907,steropes,169.229.49.254,"{'starting_lr': 0.001, 'momentum': 0.9, 'weight_decay': 0.005, 'steps_per_iteration': None, 'pin': False, 'model_creator': None, 'target_batch_size': 128, 'model_string': 'resnet50', 'min_batch_size': 128, 'dataset': 'CIFAR', 'placement': None, 'use_nccl': True, 'devices_per_worker': 1, 'primary_resource': 'extra_gpu', 'gpu': False, 'verbose': False, 'lr_config': {'mode': 'log', 'steps': 5, 'initial_lr': 0.001, 'target_lr': 0.001}, 'batch_per_device': 128}",1719.284479379654,0,41,1436.300429487994,1,22.811224937438965
0.02091677188873291,0.0316281016868881,0.0007108926773071289,0.0017695829386601362,0.02941617965698242,nan,0.0,0.04971952438354492,0.7283799767494201,0.7971422396278383,-0.7391999959945679,nan,0.0,nan,0.0,nan,0.0,0.7663599848747253,0.6601167688369751,nan,0.0,0.7391999959945679,0.7684347197532654,nan,0.0,60000,1,False,,,42,-0.7971422396278383,bb2547a7fb7c46a8a109198840267f10,2019-06-03_04-35-47,1559561747,41.413031816482544,1760.6975111961365,16907,steropes,169.229.49.254,"{'starting_lr': 0.001, 'momentum': 0.9, 'weight_decay': 0.005, 'steps_per_iteration': None, 'pin': False, 'model_creator': None, 'target_batch_size': 128, 'model_string': 'resnet50', 'min_batch_size': 128, 'dataset': 'CIFAR', 'placement': None, 'use_nccl': True, 'devices_per_worker': 1, 'primary_resource': 'extra_gpu', 'gpu': False, 'verbose': False, 'lr_config': {'mode': 'log', 'steps': 5, 'initial_lr': 0.001, 'target_lr': 0.001}, 'batch_per_device': 128}",1760.6975111961365,0,42,1437.6342464490226,1,22.811224937438965
