{"apply": 0.018452262878417967, "batch_time": 0.04494318177428427, "d2h": 0.0006742715835571289, "data_time": 0.0018454713894583076, "fwd": 0.17961494922637938, "get_state_time_mean": NaN, "get_state_time_total": 0.0, "grad": 0.28425190448760984, "mean_accuracy": 0.2919999957084656, "mean_loss": 1.945205740737915, "neg_mean_accuracy": -0.2919999957084656, "set_state_time_mean": NaN, "set_state_time_total": 0.0, "setup_model_time_mean": 20.896523475646973, "setup_model_time_total": 20.896523475646973, "setup_proc_time_mean": 1.8181071281433105, "setup_proc_time_total": 1.8181071281433105, "train_accuracy": 0.19599999487400055, "train_loss": 2.295458364715576, "training_time_mean": NaN, "training_time_total": 0.0, "val_accuracy": 0.2919999957084656, "val_loss": 1.945205740737915, "validation_time_mean": NaN, "validation_time_total": 0.0, "samples": 60000, "num_workers": 1, "done": false, "timesteps_total": null, "episodes_total": null, "training_iteration": 1, "neg_mean_loss": -1.945205740737915, "experiment_id": "bb2547a7fb7c46a8a109198840267f10", "date": "2019-06-03_04-07-16", "timestamp": 1559560036, "time_this_iter_s": 49.588361978530884, "time_total_s": 49.588361978530884, "pid": 16907, "hostname": "steropes", "node_ip": "169.229.49.254", "config": {"starting_lr": 0.001, "momentum": 0.9, "weight_decay": 0.005, "steps_per_iteration": null, "pin": false, "model_creator": null, "target_batch_size": 128, "model_string": "resnet50", "min_batch_size": 128, "dataset": "CIFAR", "placement": null, "use_nccl": true, "devices_per_worker": 1, "primary_resource": "extra_gpu", "gpu": false, "verbose": false, "lr_config": {"mode": "log", "steps": 5, "initial_lr": 0.001, "target_lr": 0.001}, "batch_per_device": 128}, "time_since_restore": 49.588361978530884, "timesteps_since_restore": 0, "iterations_since_restore": 1, "mean_throughput": 1209.959291407574, "atoms": 1, "setup_time": 22.811224937438965}
{"apply": 0.01909646987915039, "batch_time": 0.03171600571161584, "d2h": 0.0007055282592773437, "data_time": 0.0017992803812636744, "fwd": 0.02825009822845459, "get_state_time_mean": NaN, "get_state_time_total": 0.0, "grad": 0.05020849704742432, "mean_accuracy": 0.32234999537467957, "mean_loss": 1.867116861152649, "neg_mean_accuracy": -0.35269999504089355, "set_state_time_mean": NaN, "set_state_time_total": 0.0, "setup_model_time_mean": NaN, "setup_model_time_total": 0.0, "setup_proc_time_mean": NaN, "setup_proc_time_total": 0.0, "train_accuracy": 0.2886199951171875, "train_loss": 1.9493560558700562, "training_time_mean": NaN, "training_time_total": 0.0, "val_accuracy": 0.35269999504089355, "val_loss": 1.7890279815673829, "validation_time_mean": NaN, "validation_time_total": 0.0, "samples": 60000, "num_workers": 1, "done": false, "timesteps_total": null, "episodes_total": null, "training_iteration": 2, "neg_mean_loss": -1.867116861152649, "experiment_id": "bb2547a7fb7c46a8a109198840267f10", "date": "2019-06-03_04-07-58", "timestamp": 1559560078, "time_this_iter_s": 42.09451246261597, "time_total_s": 91.68287444114685, "pid": 16907, "hostname": "steropes", "node_ip": "169.229.49.254", "config": {"starting_lr": 0.001, "momentum": 0.9, "weight_decay": 0.005, "steps_per_iteration": null, "pin": false, "model_creator": null, "target_batch_size": 128, "model_string": "resnet50", "min_batch_size": 128, "dataset": "CIFAR", "placement": null, "use_nccl": true, "devices_per_worker": 1, "primary_resource": "extra_gpu", "gpu": false, "verbose": false, "lr_config": {"mode": "log", "steps": 5, "initial_lr": 0.001, "target_lr": 0.001}, "batch_per_device": 128}, "time_since_restore": 91.68287444114685, "timesteps_since_restore": 0, "iterations_since_restore": 2, "mean_throughput": 1308.8547490520405, "atoms": 1, "setup_time": 22.811224937438965}
{"apply": 0.018779993057250977, "batch_time": 0.032273138625712336, "d2h": 0.0007744550704956055, "data_time": 0.0017846777006183439, "fwd": 0.028704071044921876, "get_state_time_mean": NaN, "get_state_time_total": 0.0, "grad": 0.04891209602355957, "mean_accuracy": 0.33453332384427387, "mean_loss": 1.836628087234497, "neg_mean_accuracy": -0.3588999807834625, "set_state_time_mean": NaN, "set_state_time_total": 0.0, "setup_model_time_mean": NaN, "setup_model_time_total": 0.0, "setup_proc_time_mean": NaN, "setup_proc_time_total": 0.0, "train_accuracy": 0.3381800055503845, "train_loss": 1.807057815170288, "training_time_mean": NaN, "training_time_total": 0.0, "val_accuracy": 0.3588999807834625, "val_loss": 1.7756505393981934, "validation_time_mean": NaN, "validation_time_total": 0.0, "samples": 60000, "num_workers": 1, "done": false, "timesteps_total": null, "episodes_total": null, "training_iteration": 3, "neg_mean_loss": -1.836628087234497, "experiment_id": "bb2547a7fb7c46a8a109198840267f10", "date": "2019-06-03_04-08-40", "timestamp": 1559560120, "time_this_iter_s": 41.88517141342163, "time_total_s": 133.56804585456848, "pid": 16907, "hostname": "steropes", "node_ip": "169.229.49.254", "config": {"starting_lr": 0.001, "momentum": 0.9, "weight_decay": 0.005, "steps_per_iteration": null, "pin": false, "model_creator": null, "target_batch_size": 128, "model_string": "resnet50", "min_batch_size": 128, "dataset": "CIFAR", "placement": null, "use_nccl": true, "devices_per_worker": 1, "primary_resource": "extra_gpu", "gpu": false, "verbose": false, "lr_config": {"mode": "log", "steps": 5, "initial_lr": 0.001, "target_lr": 0.001}, "batch_per_device": 128}, "time_since_restore": 133.56804585456848, "timesteps_since_restore": 0, "iterations_since_restore": 3, "mean_throughput": 1347.6235261884478, "atoms": 1, "setup_time": 22.811224937438965}
{"apply": 0.018623542785644532, "batch_time": 0.031840221791327755, "d2h": 0.0007078647613525391, "data_time": 0.001821292940612949, "fwd": 0.028760242462158202, "get_state_time_mean": NaN, "get_state_time_total": 0.0, "grad": 0.05206618309020996, "mean_accuracy": 0.3542249873280525, "mean_loss": 1.776815269756317, "neg_mean_accuracy": -0.4132999777793884, "set_state_time_mean": NaN, "set_state_time_total": 0.0, "setup_model_time_mean": NaN, "setup_model_time_total": 0.0, "setup_proc_time_mean": NaN, "setup_proc_time_total": 0.0, "train_accuracy": 0.37748000025749207, "train_loss": 1.7058445907211304, "training_time_mean": NaN, "training_time_total": 0.0, "val_accuracy": 0.4132999777793884, "val_loss": 1.5973768173217773, "validation_time_mean": NaN, "validation_time_total": 0.0, "samples": 60000, "num_workers": 1, "done": false, "timesteps_total": null, "episodes_total": null, "training_iteration": 4, "neg_mean_loss": -1.776815269756317, "experiment_id": "bb2547a7fb7c46a8a109198840267f10", "date": "2019-06-03_04-09-23", "timestamp": 1559560163, "time_this_iter_s": 42.913464307785034, "time_total_s": 176.48151016235352, "pid": 16907, "hostname": "steropes", "node_ip": "169.229.49.254", "config": {"starting_lr": 0.001, "momentum": 0.9, "weight_decay": 0.005, "steps_per_iteration": null, "pin": false, "model_creator": null, "target_batch_size": 128, "model_string": "resnet50", "min_batch_size": 128, "dataset": "CIFAR", "placement": null, "use_nccl": true, "devices_per_worker": 1, "primary_resource": "extra_gpu", "gpu": false, "verbose": false, "lr_config": {"mode": "log", "steps": 5, "initial_lr": 0.001, "target_lr": 0.001}, "batch_per_device": 128}, "time_since_restore": 176.48151016235352, "timesteps_since_restore": 0, "iterations_since_restore": 4, "mean_throughput": 1359.9120452928125, "atoms": 1, "setup_time": 22.811224937438965}
{"apply": 0.01909036636352539, "batch_time": 0.03216950199272059, "d2h": 0.000707244873046875, "data_time": 0.0017925583188186215, "fwd": 0.028354358673095704, "get_state_time_mean": NaN, "get_state_time_total": 0.0, "grad": 0.04877502918243408, "mean_accuracy": 0.37011998891830444, "mean_loss": 1.7324997898864745, "neg_mean_accuracy": -0.43369999527931213, "set_state_time_mean": NaN, "set_state_time_total": 0.0, "setup_model_time_mean": NaN, "setup_model_time_total": 0.0, "setup_proc_time_mean": NaN, "setup_proc_time_total": 0.0, "train_accuracy": 0.4065600037574768, "train_loss": 1.622797013206482, "training_time_mean": NaN, "training_time_total": 0.0, "val_accuracy": 0.43369999527931213, "val_loss": 1.5552378704071046, "validation_time_mean": NaN, "validation_time_total": 0.0, "samples": 60000, "num_workers": 1, "done": false, "timesteps_total": null, "episodes_total": null, "training_iteration": 5, "neg_mean_loss": -1.7324997898864745, "experiment_id": "bb2547a7fb7c46a8a109198840267f10", "date": "2019-06-03_04-10-05", "timestamp": 1559560205, "time_this_iter_s": 41.79791474342346, "time_total_s": 218.27942490577698, "pid": 16907, "hostname": "steropes", "node_ip": "169.229.49.254", "config": {"starting_lr": 0.001, "momentum": 0.9, "weight_decay": 0.005, "steps_per_iteration": null, "pin": false, "model_creator": null, "target_batch_size": 128, "model_string": "resnet50", "min_batch_size": 128, "dataset": "CIFAR", "placement": null, "use_nccl": true, "devices_per_worker": 1, "primary_resource": "extra_gpu", "gpu": false, "verbose": false, "lr_config": {"mode": "log", "steps": 5, "initial_lr": 0.001, "target_lr": 0.001}, "batch_per_device": 128}, "time_since_restore": 218.27942490577698, "timesteps_since_restore": 0, "iterations_since_restore": 5, "mean_throughput": 1374.3815044734836, "atoms": 1, "setup_time": 22.811224937438965}
{"apply": 0.018444108963012695, "batch_time": 0.031809176070780695, "d2h": 0.0006848573684692383, "data_time": 0.001794808965814693, "fwd": 0.028016328811645508, "get_state_time_mean": NaN, "get_state_time_total": 0.0, "grad": 0.049526309967041014, "mean_accuracy": 0.40277999043464663, "mean_loss": 1.6387309114456177, "neg_mean_accuracy": -0.4553000032901764, "set_state_time_mean": NaN, "set_state_time_total": 0.0, "setup_model_time_mean": NaN, "setup_model_time_total": 0.0, "setup_proc_time_mean": NaN, "setup_proc_time_total": 0.0, "train_accuracy": 0.42824000120162964, "train_loss": 1.5611312223815919, "training_time_mean": NaN, "training_time_total": 0.0, "val_accuracy": 0.4553000032901764, "val_loss": 1.4763613485336304, "validation_time_mean": NaN, "validation_time_total": 0.0, "samples": 60000, "num_workers": 1, "done": false, "timesteps_total": null, "episodes_total": null, "training_iteration": 6, "neg_mean_loss": -1.6387309114456177, "experiment_id": "bb2547a7fb7c46a8a109198840267f10", "date": "2019-06-03_04-10-46", "timestamp": 1559560246, "time_this_iter_s": 41.701045513153076, "time_total_s": 259.98047041893005, "pid": 16907, "hostname": "steropes", "node_ip": "169.229.49.254", "config": {"starting_lr": 0.001, "momentum": 0.9, "weight_decay": 0.005, "steps_per_iteration": null, "pin": false, "model_creator": null, "target_batch_size": 128, "model_string": "resnet50", "min_batch_size": 128, "dataset": "CIFAR", "placement": null, "use_nccl": true, "devices_per_worker": 1, "primary_resource": "extra_gpu", "gpu": false, "verbose": false, "lr_config": {"mode": "log", "steps": 5, "initial_lr": 0.001, "target_lr": 0.001}, "batch_per_device": 128}, "time_since_restore": 259.98047041893005, "timesteps_since_restore": 0, "iterations_since_restore": 6, "mean_throughput": 1425.9050350146786, "atoms": 1, "setup_time": 22.811224937438965}
{"apply": 0.020146894454956054, "batch_time": 0.03167364567140989, "d2h": 0.0007006168365478515, "data_time": 0.0018156446764231338, "fwd": 0.02901148796081543, "get_state_time_mean": NaN, "get_state_time_total": 0.0, "grad": 0.04998030662536621, "mean_accuracy": 0.42963998913764956, "mean_loss": 1.5640338154983522, "neg_mean_accuracy": -0.4869999885559082, "set_state_time_mean": NaN, "set_state_time_total": 0.0, "setup_model_time_mean": NaN, "setup_model_time_total": 0.0, "setup_proc_time_mean": NaN, "setup_proc_time_total": 0.0, "train_accuracy": 0.45009997487068176, "train_loss": 1.508953352394104, "training_time_mean": NaN, "training_time_total": 0.0, "val_accuracy": 0.4869999885559082, "val_loss": 1.4155425018310548, "validation_time_mean": NaN, "validation_time_total": 0.0, "samples": 60000, "num_workers": 1, "done": false, "timesteps_total": null, "episodes_total": null, "training_iteration": 7, "neg_mean_loss": -1.5640338154983522, "experiment_id": "bb2547a7fb7c46a8a109198840267f10", "date": "2019-06-03_04-11-28", "timestamp": 1559560288, "time_this_iter_s": 41.783864974975586, "time_total_s": 301.76433539390564, "pid": 16907, "hostname": "steropes", "node_ip": "169.229.49.254", "config": {"starting_lr": 0.001, "momentum": 0.9, "weight_decay": 0.005, "steps_per_iteration": null, "pin": false, "model_creator": null, "target_batch_size": 128, "model_string": "resnet50", "min_batch_size": 128, "dataset": "CIFAR", "placement": null, "use_nccl": true, "devices_per_worker": 1, "primary_resource": "extra_gpu", "gpu": false, "verbose": false, "lr_config": {"mode": "log", "steps": 5, "initial_lr": 0.001, "target_lr": 0.001}, "batch_per_device": 128}, "time_since_restore": 301.76433539390564, "timesteps_since_restore": 0, "iterations_since_restore": 7, "mean_throughput": 1428.0146868530167, "atoms": 1, "setup_time": 22.811224937438965}
{"apply": 0.019205284118652344, "batch_time": 0.032984199403207515, "d2h": 0.0008056163787841797, "data_time": 0.001765093839991733, "fwd": 0.02818620204925537, "get_state_time_mean": NaN, "get_state_time_total": 0.0, "grad": 0.048793888092041014, "mean_accuracy": 0.4592599868774414, "mean_loss": 1.480823695220947, "neg_mean_accuracy": -0.5069999694824219, "set_state_time_mean": NaN, "set_state_time_total": 0.0, "setup_model_time_mean": NaN, "setup_model_time_total": 0.0, "setup_proc_time_mean": NaN, "setup_proc_time_total": 0.0, "train_accuracy": 0.4658999741077423, "train_loss": 1.458883853378296, "training_time_mean": NaN, "training_time_total": 0.0, "val_accuracy": 0.5069999694824219, "val_loss": 1.3595999380111694, "validation_time_mean": NaN, "validation_time_total": 0.0, "samples": 60000, "num_workers": 1, "done": false, "timesteps_total": null, "episodes_total": null, "training_iteration": 8, "neg_mean_loss": -1.480823695220947, "experiment_id": "bb2547a7fb7c46a8a109198840267f10", "date": "2019-06-03_04-12-10", "timestamp": 1559560330, "time_this_iter_s": 41.55901646614075, "time_total_s": 343.3233518600464, "pid": 16907, "hostname": "steropes", "node_ip": "169.229.49.254", "config": {"starting_lr": 0.001, "momentum": 0.9, "weight_decay": 0.005, "steps_per_iteration": null, "pin": false, "model_creator": null, "target_batch_size": 128, "model_string": "resnet50", "min_batch_size": 128, "dataset": "CIFAR", "placement": null, "use_nccl": true, "devices_per_worker": 1, "primary_resource": "extra_gpu", "gpu": false, "verbose": false, "lr_config": {"mode": "log", "steps": 5, "initial_lr": 0.001, "target_lr": 0.001}, "batch_per_device": 128}, "time_since_restore": 343.3233518600464, "timesteps_since_restore": 0, "iterations_since_restore": 8, "mean_throughput": 1430.2351527518365, "atoms": 1, "setup_time": 22.811224937438965}
{"apply": 0.0183107852935791, "batch_time": 0.03169434281844127, "d2h": 0.0006833076477050781, "data_time": 0.0017643615108011933, "fwd": 0.02809591293334961, "get_state_time_mean": NaN, "get_state_time_total": 0.0, "grad": 0.049210739135742185, "mean_accuracy": 0.47839999198913574, "mean_loss": 1.4338370288085938, "neg_mean_accuracy": -0.5090000033378601, "set_state_time_mean": NaN, "set_state_time_total": 0.0, "setup_model_time_mean": NaN, "setup_model_time_total": 0.0, "setup_proc_time_mean": NaN, "setup_proc_time_total": 0.0, "train_accuracy": 0.4833199977874756, "train_loss": 1.4188102941131593, "training_time_mean": NaN, "training_time_total": 0.0, "val_accuracy": 0.5090000033378601, "val_loss": 1.3624434852600098, "validation_time_mean": NaN, "validation_time_total": 0.0, "samples": 60000, "num_workers": 1, "done": false, "timesteps_total": null, "episodes_total": null, "training_iteration": 9, "neg_mean_loss": -1.4338370288085938, "experiment_id": "bb2547a7fb7c46a8a109198840267f10", "date": "2019-06-03_04-12-51", "timestamp": 1559560371, "time_this_iter_s": 41.53158235549927, "time_total_s": 384.85493421554565, "pid": 16907, "hostname": "steropes", "node_ip": "169.229.49.254", "config": {"starting_lr": 0.001, "momentum": 0.9, "weight_decay": 0.005, "steps_per_iteration": null, "pin": false, "model_creator": null, "target_batch_size": 128, "model_string": "resnet50", "min_batch_size": 128, "dataset": "CIFAR", "placement": null, "use_nccl": true, "devices_per_worker": 1, "primary_resource": "extra_gpu", "gpu": false, "verbose": false, "lr_config": {"mode": "log", "steps": 5, "initial_lr": 0.001, "target_lr": 0.001}, "batch_per_device": 128}, "time_since_restore": 384.85493421554565, "timesteps_since_restore": 0, "iterations_since_restore": 9, "mean_throughput": 1439.7200717000942, "atoms": 1, "setup_time": 22.811224937438965}
{"apply": 0.01846771240234375, "batch_time": 0.03203239018404031, "d2h": 0.0007297277450561523, "data_time": 0.001785309418388035, "fwd": 0.028054475784301758, "get_state_time_mean": NaN, "get_state_time_total": 0.0, "grad": 0.04860146045684814, "mean_accuracy": 0.49653999209403993, "mean_loss": 1.3883505510711671, "neg_mean_accuracy": -0.524399995803833, "set_state_time_mean": NaN, "set_state_time_total": 0.0, "setup_model_time_mean": NaN, "setup_model_time_total": 0.0, "setup_proc_time_mean": NaN, "setup_proc_time_total": 0.0, "train_accuracy": 0.4967999756336212, "train_loss": 1.3800056869888306, "training_time_mean": NaN, "training_time_total": 0.0, "val_accuracy": 0.524399995803833, "val_loss": 1.3278054817199707, "validation_time_mean": NaN, "validation_time_total": 0.0, "samples": 60000, "num_workers": 1, "done": false, "timesteps_total": null, "episodes_total": null, "training_iteration": 10, "neg_mean_loss": -1.3883505510711671, "experiment_id": "bb2547a7fb7c46a8a109198840267f10", "date": "2019-06-03_04-13-33", "timestamp": 1559560413, "time_this_iter_s": 41.52918601036072, "time_total_s": 426.3841202259064, "pid": 16907, "hostname": "steropes", "node_ip": "169.229.49.254", "config": {"starting_lr": 0.001, "momentum": 0.9, "weight_decay": 0.005, "steps_per_iteration": null, "pin": false, "model_creator": null, "target_batch_size": 128, "model_string": "resnet50", "min_batch_size": 128, "dataset": "CIFAR", "placement": null, "use_nccl": true, "devices_per_worker": 1, "primary_resource": "extra_gpu", "gpu": false, "verbose": false, "lr_config": {"mode": "log", "steps": 5, "initial_lr": 0.001, "target_lr": 0.001}, "batch_per_device": 128}, "time_since_restore": 426.3841202259064, "timesteps_since_restore": 0, "iterations_since_restore": 10, "mean_throughput": 1441.579254736876, "atoms": 1, "setup_time": 22.811224937438965}
{"apply": 0.01930282115936279, "batch_time": 0.03164881694165966, "d2h": 0.0006918191909790039, "data_time": 0.0017353128594205813, "fwd": 0.028728961944580078, "get_state_time_mean": NaN, "get_state_time_total": 0.0, "grad": 0.048841333389282225, "mean_accuracy": 0.5132999897003174, "mean_loss": 1.3484080867385866, "neg_mean_accuracy": -0.5390999913215637, "set_state_time_mean": NaN, "set_state_time_total": 0.0, "setup_model_time_mean": NaN, "setup_model_time_total": 0.0, "setup_proc_time_mean": NaN, "setup_proc_time_total": 0.0, "train_accuracy": 0.51173996925354, "train_loss": 1.35181961063385, "training_time_mean": NaN, "training_time_total": 0.0, "val_accuracy": 0.5390999913215637, "val_loss": 1.2766490268707276, "validation_time_mean": NaN, "validation_time_total": 0.0, "samples": 60000, "num_workers": 1, "done": false, "timesteps_total": null, "episodes_total": null, "training_iteration": 11, "neg_mean_loss": -1.3484080867385866, "experiment_id": "bb2547a7fb7c46a8a109198840267f10", "date": "2019-06-03_04-14-14", "timestamp": 1559560454, "time_this_iter_s": 41.6145396232605, "time_total_s": 467.99865984916687, "pid": 16907, "hostname": "steropes", "node_ip": "169.229.49.254", "config": {"starting_lr": 0.001, "momentum": 0.9, "weight_decay": 0.005, "steps_per_iteration": null, "pin": false, "model_creator": null, "target_batch_size": 128, "model_string": "resnet50", "min_batch_size": 128, "dataset": "CIFAR", "placement": null, "use_nccl": true, "devices_per_worker": 1, "primary_resource": "extra_gpu", "gpu": false, "verbose": false, "lr_config": {"mode": "log", "steps": 5, "initial_lr": 0.001, "target_lr": 0.001}, "batch_per_device": 128}, "time_since_restore": 467.99865984916687, "timesteps_since_restore": 0, "iterations_since_restore": 11, "mean_throughput": 1442.1788109852491, "atoms": 1, "setup_time": 22.811224937438965}
{"apply": 0.01846342086791992, "batch_time": 0.0330842989909498, "d2h": 0.0006826162338256836, "data_time": 0.0017784111335149508, "fwd": 0.02871582508087158, "get_state_time_mean": NaN, "get_state_time_total": 0.0, "grad": 0.05087387561798096, "mean_accuracy": 0.5249399900436401, "mean_loss": 1.3172326190567016, "neg_mean_accuracy": -0.545199990272522, "set_state_time_mean": NaN, "set_state_time_total": 0.0, "setup_model_time_mean": NaN, "setup_model_time_total": 0.0, "setup_proc_time_mean": NaN, "setup_proc_time_total": 0.0, "train_accuracy": 0.5288199782371521, "train_loss": 1.3131486837387085, "training_time_mean": NaN, "training_time_total": 0.0, "val_accuracy": 0.545199990272522, "val_loss": 1.259665163421631, "validation_time_mean": NaN, "validation_time_total": 0.0, "samples": 60000, "num_workers": 1, "done": false, "timesteps_total": null, "episodes_total": null, "training_iteration": 12, "neg_mean_loss": -1.3172326190567016, "experiment_id": "bb2547a7fb7c46a8a109198840267f10", "date": "2019-06-03_04-14-56", "timestamp": 1559560496, "time_this_iter_s": 41.90350341796875, "time_total_s": 509.9021632671356, "pid": 16907, "hostname": "steropes", "node_ip": "169.229.49.254", "config": {"starting_lr": 0.001, "momentum": 0.9, "weight_decay": 0.005, "steps_per_iteration": null, "pin": false, "model_creator": null, "target_batch_size": 128, "model_string": "resnet50", "min_batch_size": 128, "dataset": "CIFAR", "placement": null, "use_nccl": true, "devices_per_worker": 1, "primary_resource": "extra_gpu", "gpu": false, "verbose": false, "lr_config": {"mode": "log", "steps": 5, "initial_lr": 0.001, "target_lr": 0.001}, "batch_per_device": 128}, "time_since_restore": 509.9021632671356, "timesteps_since_restore": 0, "iterations_since_restore": 12, "mean_throughput": 1441.3498359097132, "atoms": 1, "setup_time": 22.811224937438965}
{"apply": 0.018196892738342286, "batch_time": 0.03172403951234455, "d2h": 0.0006842851638793945, "data_time": 0.0018107702055245715, "fwd": 0.02799994945526123, "get_state_time_mean": NaN, "get_state_time_total": 0.0, "grad": 0.04899599552154541, "mean_accuracy": 0.535259997844696, "mean_loss": 1.2911330223464965, "neg_mean_accuracy": -0.5586000084877014, "set_state_time_mean": NaN, "set_state_time_total": 0.0, "setup_model_time_mean": NaN, "setup_model_time_total": 0.0, "setup_proc_time_mean": NaN, "setup_proc_time_total": 0.0, "train_accuracy": 0.5386199951171875, "train_loss": 1.2781173947143554, "training_time_mean": NaN, "training_time_total": 0.0, "val_accuracy": 0.5586000084877014, "val_loss": 1.229101954460144, "validation_time_mean": NaN, "validation_time_total": 0.0, "samples": 60000, "num_workers": 1, "done": false, "timesteps_total": null, "episodes_total": null, "training_iteration": 13, "neg_mean_loss": -1.2911330223464965, "experiment_id": "bb2547a7fb7c46a8a109198840267f10", "date": "2019-06-03_04-15-38", "timestamp": 1559560538, "time_this_iter_s": 41.548365354537964, "time_total_s": 551.4505286216736, "pid": 16907, "hostname": "steropes", "node_ip": "169.229.49.254", "config": {"starting_lr": 0.001, "momentum": 0.9, "weight_decay": 0.005, "steps_per_iteration": null, "pin": false, "model_creator": null, "target_batch_size": 128, "model_string": "resnet50", "min_batch_size": 128, "dataset": "CIFAR", "placement": null, "use_nccl": true, "devices_per_worker": 1, "primary_resource": "extra_gpu", "gpu": false, "verbose": false, "lr_config": {"mode": "log", "steps": 5, "initial_lr": 0.001, "target_lr": 0.001}, "batch_per_device": 128}, "time_since_restore": 551.4505286216736, "timesteps_since_restore": 0, "iterations_since_restore": 13, "mean_throughput": 1441.4232151736594, "atoms": 1, "setup_time": 22.811224937438965}
{"apply": 0.018833088874816894, "batch_time": 0.03193800962423977, "d2h": 0.0007196903228759765, "data_time": 0.0017721921281741403, "fwd": 0.02884807586669922, "get_state_time_mean": NaN, "get_state_time_total": 0.0, "grad": 0.048464393615722655, "mean_accuracy": 0.5476199984550476, "mean_loss": 1.259388833503723, "neg_mean_accuracy": -0.5708000063896179, "set_state_time_mean": NaN, "set_state_time_total": 0.0, "setup_model_time_mean": NaN, "setup_model_time_total": 0.0, "setup_proc_time_mean": NaN, "setup_proc_time_total": 0.0, "train_accuracy": 0.5498200058937073, "train_loss": 1.2494994199752807, "training_time_mean": NaN, "training_time_total": 0.0, "val_accuracy": 0.5708000063896179, "val_loss": 1.2037225410461425, "validation_time_mean": NaN, "validation_time_total": 0.0, "samples": 60000, "num_workers": 1, "done": false, "timesteps_total": null, "episodes_total": null, "training_iteration": 14, "neg_mean_loss": -1.259388833503723, "experiment_id": "bb2547a7fb7c46a8a109198840267f10", "date": "2019-06-03_04-16-20", "timestamp": 1559560580, "time_this_iter_s": 41.69078874588013, "time_total_s": 593.1413173675537, "pid": 16907, "hostname": "steropes", "node_ip": "169.229.49.254", "config": {"starting_lr": 0.001, "momentum": 0.9, "weight_decay": 0.005, "steps_per_iteration": null, "pin": false, "model_creator": null, "target_batch_size": 128, "model_string": "resnet50", "min_batch_size": 128, "dataset": "CIFAR", "placement": null, "use_nccl": true, "devices_per_worker": 1, "primary_resource": "extra_gpu", "gpu": false, "verbose": false, "lr_config": {"mode": "log", "steps": 5, "initial_lr": 0.001, "target_lr": 0.001}, "batch_per_device": 128}, "time_since_restore": 593.1413173675537, "timesteps_since_restore": 0, "iterations_since_restore": 14, "mean_throughput": 1440.3214833769919, "atoms": 1, "setup_time": 22.811224937438965}
{"apply": 0.018793869018554687, "batch_time": 0.03346004063570047, "d2h": 0.0007634639739990234, "data_time": 0.00182322467989324, "fwd": 0.02853538990020752, "get_state_time_mean": NaN, "get_state_time_total": 0.0, "grad": 0.04981870651245117, "mean_accuracy": 0.5573599934577942, "mean_loss": 1.2301401185607912, "neg_mean_accuracy": -0.5730999708175659, "set_state_time_mean": NaN, "set_state_time_total": 0.0, "setup_model_time_mean": NaN, "setup_model_time_total": 0.0, "setup_proc_time_mean": NaN, "setup_proc_time_total": 0.0, "train_accuracy": 0.5601999759674072, "train_loss": 1.2286857723236084, "training_time_mean": NaN, "training_time_total": 0.0, "val_accuracy": 0.5730999708175659, "val_loss": 1.18156190700531, "validation_time_mean": NaN, "validation_time_total": 0.0, "samples": 60000, "num_workers": 1, "done": false, "timesteps_total": null, "episodes_total": null, "training_iteration": 15, "neg_mean_loss": -1.2301401185607912, "experiment_id": "bb2547a7fb7c46a8a109198840267f10", "date": "2019-06-03_04-17-01", "timestamp": 1559560621, "time_this_iter_s": 41.764873027801514, "time_total_s": 634.9061903953552, "pid": 16907, "hostname": "steropes", "node_ip": "169.229.49.254", "config": {"starting_lr": 0.001, "momentum": 0.9, "weight_decay": 0.005, "steps_per_iteration": null, "pin": false, "model_creator": null, "target_batch_size": 128, "model_string": "resnet50", "min_batch_size": 128, "dataset": "CIFAR", "placement": null, "use_nccl": true, "devices_per_worker": 1, "primary_resource": "extra_gpu", "gpu": false, "verbose": false, "lr_config": {"mode": "log", "steps": 5, "initial_lr": 0.001, "target_lr": 0.001}, "batch_per_device": 128}, "time_since_restore": 634.9061903953552, "timesteps_since_restore": 0, "iterations_since_restore": 15, "mean_throughput": 1438.6935935096776, "atoms": 1, "setup_time": 22.811224937438965}
{"apply": 0.01824181079864502, "batch_time": 0.03155716159675695, "d2h": 0.0006994962692260742, "data_time": 0.0018688742157138521, "fwd": 0.02780771255493164, "get_state_time_mean": NaN, "get_state_time_total": 0.0, "grad": 0.04864523410797119, "mean_accuracy": 0.5670399904251099, "mean_loss": 1.2078054776382445, "neg_mean_accuracy": -0.5874999761581421, "set_state_time_mean": NaN, "set_state_time_total": 0.0, "setup_model_time_mean": NaN, "setup_model_time_total": 0.0, "setup_proc_time_mean": NaN, "setup_proc_time_total": 0.0, "train_accuracy": 0.571619987487793, "train_loss": 1.196516609992981, "training_time_mean": NaN, "training_time_total": 0.0, "val_accuracy": 0.5874999761581421, "val_loss": 1.1649758222579956, "validation_time_mean": NaN, "validation_time_total": 0.0, "samples": 60000, "num_workers": 1, "done": false, "timesteps_total": null, "episodes_total": null, "training_iteration": 16, "neg_mean_loss": -1.2078054776382445, "experiment_id": "bb2547a7fb7c46a8a109198840267f10", "date": "2019-06-03_04-17-43", "timestamp": 1559560663, "time_this_iter_s": 41.72621726989746, "time_total_s": 676.6324076652527, "pid": 16907, "hostname": "steropes", "node_ip": "169.229.49.254", "config": {"starting_lr": 0.001, "momentum": 0.9, "weight_decay": 0.005, "steps_per_iteration": null, "pin": false, "model_creator": null, "target_batch_size": 128, "model_string": "resnet50", "min_batch_size": 128, "dataset": "CIFAR", "placement": null, "use_nccl": true, "devices_per_worker": 1, "primary_resource": "extra_gpu", "gpu": false, "verbose": false, "lr_config": {"mode": "log", "steps": 5, "initial_lr": 0.001, "target_lr": 0.001}, "batch_per_device": 128}, "time_since_restore": 676.6324076652527, "timesteps_since_restore": 0, "iterations_since_restore": 16, "mean_throughput": 1437.9235081029876, "atoms": 1, "setup_time": 22.811224937438965}
{"apply": 0.018970227241516112, "batch_time": 0.03186201445664032, "d2h": 0.0007026433944702148, "data_time": 0.0017876948237114246, "fwd": 0.02885909080505371, "get_state_time_mean": NaN, "get_state_time_total": 0.0, "grad": 0.05243837833404541, "mean_accuracy": 0.5773799896240235, "mean_loss": 1.1839493140029906, "neg_mean_accuracy": -0.5968999862670898, "set_state_time_mean": NaN, "set_state_time_total": 0.0, "setup_model_time_mean": NaN, "setup_model_time_total": 0.0, "setup_proc_time_mean": NaN, "setup_proc_time_total": 0.0, "train_accuracy": 0.5811200141906738, "train_loss": 1.168333021888733, "training_time_mean": NaN, "training_time_total": 0.0, "val_accuracy": 0.5968999862670898, "val_loss": 1.1403843452453613, "validation_time_mean": NaN, "validation_time_total": 0.0, "samples": 60000, "num_workers": 1, "done": false, "timesteps_total": null, "episodes_total": null, "training_iteration": 17, "neg_mean_loss": -1.1839493140029906, "experiment_id": "bb2547a7fb7c46a8a109198840267f10", "date": "2019-06-03_04-18-25", "timestamp": 1559560705, "time_this_iter_s": 41.542165756225586, "time_total_s": 718.1745734214783, "pid": 16907, "hostname": "steropes", "node_ip": "169.229.49.254", "config": {"starting_lr": 0.001, "momentum": 0.9, "weight_decay": 0.005, "steps_per_iteration": null, "pin": false, "model_creator": null, "target_batch_size": 128, "model_string": "resnet50", "min_batch_size": 128, "dataset": "CIFAR", "placement": null, "use_nccl": true, "devices_per_worker": 1, "primary_resource": "extra_gpu", "gpu": false, "verbose": false, "lr_config": {"mode": "log", "steps": 5, "initial_lr": 0.001, "target_lr": 0.001}, "batch_per_device": 128}, "time_since_restore": 718.1745734214783, "timesteps_since_restore": 0, "iterations_since_restore": 17, "mean_throughput": 1440.4182066869841, "atoms": 1, "setup_time": 22.811224937438965}
{"apply": 0.018839478492736816, "batch_time": 0.032372562191154385, "d2h": 0.000719904899597168, "data_time": 0.0017870826184597161, "fwd": 0.028354883193969727, "get_state_time_mean": NaN, "get_state_time_total": 0.0, "grad": 0.04998800754547119, "mean_accuracy": 0.5858399868011475, "mean_loss": 1.1626930485534668, "neg_mean_accuracy": -0.6008999943733215, "set_state_time_mean": NaN, "set_state_time_total": 0.0, "setup_model_time_mean": NaN, "setup_model_time_total": 0.0, "setup_proc_time_mean": NaN, "setup_proc_time_total": 0.0, "train_accuracy": 0.5913400053977966, "train_loss": 1.1425701791000367, "training_time_mean": NaN, "training_time_total": 0.0, "val_accuracy": 0.6008999943733215, "val_loss": 1.1228206272125245, "validation_time_mean": NaN, "validation_time_total": 0.0, "samples": 60000, "num_workers": 1, "done": false, "timesteps_total": null, "episodes_total": null, "training_iteration": 18, "neg_mean_loss": -1.1626930485534668, "experiment_id": "bb2547a7fb7c46a8a109198840267f10", "date": "2019-06-03_04-19-06", "timestamp": 1559560746, "time_this_iter_s": 41.59353971481323, "time_total_s": 759.7681131362915, "pid": 16907, "hostname": "steropes", "node_ip": "169.229.49.254", "config": {"starting_lr": 0.001, "momentum": 0.9, "weight_decay": 0.005, "steps_per_iteration": null, "pin": false, "model_creator": null, "target_batch_size": 128, "model_string": "resnet50", "min_batch_size": 128, "dataset": "CIFAR", "placement": null, "use_nccl": true, "devices_per_worker": 1, "primary_resource": "extra_gpu", "gpu": false, "verbose": false, "lr_config": {"mode": "log", "steps": 5, "initial_lr": 0.001, "target_lr": 0.001}, "batch_per_device": 128}, "time_since_restore": 759.7681131362915, "timesteps_since_restore": 0, "iterations_since_restore": 18, "mean_throughput": 1440.1058775351628, "atoms": 1, "setup_time": 22.811224937438965}
{"apply": 0.0190169095993042, "batch_time": 0.03197526328171356, "d2h": 0.0007042884826660156, "data_time": 0.001814250750919742, "fwd": 0.028788161277770997, "get_state_time_mean": NaN, "get_state_time_total": 0.0, "grad": 0.048829174041748045, "mean_accuracy": 0.5955199837684632, "mean_loss": 1.1383207467269898, "neg_mean_accuracy": -0.6191999912261963, "set_state_time_mean": NaN, "set_state_time_total": 0.0, "setup_model_time_mean": NaN, "setup_model_time_total": 0.0, "setup_proc_time_mean": NaN, "setup_proc_time_total": 0.0, "train_accuracy": 0.6021199822425842, "train_loss": 1.1083071825027466, "training_time_mean": NaN, "training_time_total": 0.0, "val_accuracy": 0.6191999912261963, "val_loss": 1.0818610319137574, "validation_time_mean": NaN, "validation_time_total": 0.0, "samples": 60000, "num_workers": 1, "done": false, "timesteps_total": null, "episodes_total": null, "training_iteration": 19, "neg_mean_loss": -1.1383207467269898, "experiment_id": "bb2547a7fb7c46a8a109198840267f10", "date": "2019-06-03_04-19-48", "timestamp": 1559560788, "time_this_iter_s": 41.81827783584595, "time_total_s": 801.5863909721375, "pid": 16907, "hostname": "steropes", "node_ip": "169.229.49.254", "config": {"starting_lr": 0.001, "momentum": 0.9, "weight_decay": 0.005, "steps_per_iteration": null, "pin": false, "model_creator": null, "target_batch_size": 128, "model_string": "resnet50", "min_batch_size": 128, "dataset": "CIFAR", "placement": null, "use_nccl": true, "devices_per_worker": 1, "primary_resource": "extra_gpu", "gpu": false, "verbose": false, "lr_config": {"mode": "log", "steps": 5, "initial_lr": 0.001, "target_lr": 0.001}, "batch_per_device": 128}, "time_since_restore": 801.5863909721375, "timesteps_since_restore": 0, "iterations_since_restore": 19, "mean_throughput": 1439.2250494741502, "atoms": 1, "setup_time": 22.811224937438965}
{"apply": 0.02142047882080078, "batch_time": 0.03161398670341395, "d2h": 0.0007145166397094727, "data_time": 0.0017679402285524647, "fwd": 0.03013787269592285, "get_state_time_mean": NaN, "get_state_time_total": 0.0, "grad": 0.04955029487609863, "mean_accuracy": 0.6048799872398376, "mean_loss": 1.1157326565551757, "neg_mean_accuracy": -0.6198999881744385, "set_state_time_mean": NaN, "set_state_time_total": 0.0, "setup_model_time_mean": NaN, "setup_model_time_total": 0.0, "setup_proc_time_mean": NaN, "setup_proc_time_total": 0.0, "train_accuracy": 0.6142599582672119, "train_loss": 1.0876438343811035, "training_time_mean": NaN, "training_time_total": 0.0, "val_accuracy": 0.6198999881744385, "val_loss": 1.0686214561462402, "validation_time_mean": NaN, "validation_time_total": 0.0, "samples": 60000, "num_workers": 1, "done": false, "timesteps_total": null, "episodes_total": null, "training_iteration": 20, "neg_mean_loss": -1.1157326565551757, "experiment_id": "bb2547a7fb7c46a8a109198840267f10", "date": "2019-06-03_04-20-30", "timestamp": 1559560830, "time_this_iter_s": 41.49055194854736, "time_total_s": 843.0769429206848, "pid": 16907, "hostname": "steropes", "node_ip": "169.229.49.254", "config": {"starting_lr": 0.001, "momentum": 0.9, "weight_decay": 0.005, "steps_per_iteration": null, "pin": false, "model_creator": null, "target_batch_size": 128, "model_string": "resnet50", "min_batch_size": 128, "dataset": "CIFAR", "placement": null, "use_nccl": true, "devices_per_worker": 1, "primary_resource": "extra_gpu", "gpu": false, "verbose": false, "lr_config": {"mode": "log", "steps": 5, "initial_lr": 0.001, "target_lr": 0.001}, "batch_per_device": 128}, "time_since_restore": 843.0769429206848, "timesteps_since_restore": 0, "iterations_since_restore": 20, "mean_throughput": 1441.1216041905961, "atoms": 1, "setup_time": 22.811224937438965}
{"apply": 0.01806027889251709, "batch_time": 0.03175328954865661, "d2h": 0.0007212638854980468, "data_time": 0.001753724749435854, "fwd": 0.02763636112213135, "get_state_time_mean": NaN, "get_state_time_total": 0.0, "grad": 0.04901211261749268, "mean_accuracy": 0.6102599859237671, "mean_loss": 1.0992384354019165, "neg_mean_accuracy": -0.6143999695777893, "set_state_time_mean": NaN, "set_state_time_total": 0.0, "setup_model_time_mean": NaN, "setup_model_time_total": 0.0, "setup_proc_time_mean": NaN, "setup_proc_time_total": 0.0, "train_accuracy": 0.6189199686050415, "train_loss": 1.0586872161674499, "training_time_mean": NaN, "training_time_total": 0.0, "val_accuracy": 0.6143999695777893, "val_loss": 1.0825047164916992, "validation_time_mean": NaN, "validation_time_total": 0.0, "samples": 60000, "num_workers": 1, "done": false, "timesteps_total": null, "episodes_total": null, "training_iteration": 21, "neg_mean_loss": -1.0992384354019165, "experiment_id": "bb2547a7fb7c46a8a109198840267f10", "date": "2019-06-03_04-21-11", "timestamp": 1559560871, "time_this_iter_s": 41.43845820426941, "time_total_s": 884.5154011249542, "pid": 16907, "hostname": "steropes", "node_ip": "169.229.49.254", "config": {"starting_lr": 0.001, "momentum": 0.9, "weight_decay": 0.005, "steps_per_iteration": null, "pin": false, "model_creator": null, "target_batch_size": 128, "model_string": "resnet50", "min_batch_size": 128, "dataset": "CIFAR", "placement": null, "use_nccl": true, "devices_per_worker": 1, "primary_resource": "extra_gpu", "gpu": false, "verbose": false, "lr_config": {"mode": "log", "steps": 5, "initial_lr": 0.001, "target_lr": 0.001}, "batch_per_device": 128}, "time_since_restore": 884.5154011249542, "timesteps_since_restore": 0, "iterations_since_restore": 21, "mean_throughput": 1443.1164834393473, "atoms": 1, "setup_time": 22.811224937438965}
{"apply": 0.019093132019042967, "batch_time": 0.0315105975428714, "d2h": 0.0007270097732543946, "data_time": 0.0017557406364499455, "fwd": 0.02869412899017334, "get_state_time_mean": NaN, "get_state_time_total": 0.0, "grad": 0.04904415607452393, "mean_accuracy": 0.6194999814033508, "mean_loss": 1.075315629196167, "neg_mean_accuracy": -0.6430999636650085, "set_state_time_mean": NaN, "set_state_time_total": 0.0, "setup_model_time_mean": NaN, "setup_model_time_total": 0.0, "setup_proc_time_mean": NaN, "setup_proc_time_total": 0.0, "train_accuracy": 0.6322399973869324, "train_loss": 1.0325857154083251, "training_time_mean": NaN, "training_time_total": 0.0, "val_accuracy": 0.6430999636650085, "val_loss": 1.0207703142166138, "validation_time_mean": NaN, "validation_time_total": 0.0, "samples": 60000, "num_workers": 1, "done": false, "timesteps_total": null, "episodes_total": null, "training_iteration": 22, "neg_mean_loss": -1.075315629196167, "experiment_id": "bb2547a7fb7c46a8a109198840267f10", "date": "2019-06-03_04-21-53", "timestamp": 1559560913, "time_this_iter_s": 41.645732164382935, "time_total_s": 926.1611332893372, "pid": 16907, "hostname": "steropes", "node_ip": "169.229.49.254", "config": {"starting_lr": 0.001, "momentum": 0.9, "weight_decay": 0.005, "steps_per_iteration": null, "pin": false, "model_creator": null, "target_batch_size": 128, "model_string": "resnet50", "min_batch_size": 128, "dataset": "CIFAR", "placement": null, "use_nccl": true, "devices_per_worker": 1, "primary_resource": "extra_gpu", "gpu": false, "verbose": false, "lr_config": {"mode": "log", "steps": 5, "initial_lr": 0.001, "target_lr": 0.001}, "batch_per_device": 128}, "time_since_restore": 926.1611332893372, "timesteps_since_restore": 0, "iterations_since_restore": 22, "mean_throughput": 1442.3978802813606, "atoms": 1, "setup_time": 22.811224937438965}
{"apply": 0.018239164352416994, "batch_time": 0.03167563450487354, "d2h": 0.0006937980651855469, "data_time": 0.0017965632631345783, "fwd": 0.028670310974121094, "get_state_time_mean": NaN, "get_state_time_total": 0.0, "grad": 0.04819242954254151, "mean_accuracy": 0.6272199749946594, "mean_loss": 1.0525595819091795, "neg_mean_accuracy": -0.6394999623298645, "set_state_time_mean": NaN, "set_state_time_total": 0.0, "setup_model_time_mean": NaN, "setup_model_time_total": 0.0, "setup_proc_time_mean": NaN, "setup_proc_time_total": 0.0, "train_accuracy": 0.639519989490509, "train_loss": 1.0026380494880676, "training_time_mean": NaN, "training_time_total": 0.0, "val_accuracy": 0.6394999623298645, "val_loss": 1.0090403907775878, "validation_time_mean": NaN, "validation_time_total": 0.0, "samples": 60000, "num_workers": 1, "done": false, "timesteps_total": null, "episodes_total": null, "training_iteration": 23, "neg_mean_loss": -1.0525595819091795, "experiment_id": "bb2547a7fb7c46a8a109198840267f10", "date": "2019-06-03_04-22-34", "timestamp": 1559560954, "time_this_iter_s": 41.653154373168945, "time_total_s": 967.8142876625061, "pid": 16907, "hostname": "steropes", "node_ip": "169.229.49.254", "config": {"starting_lr": 0.001, "momentum": 0.9, "weight_decay": 0.005, "steps_per_iteration": null, "pin": false, "model_creator": null, "target_batch_size": 128, "model_string": "resnet50", "min_batch_size": 128, "dataset": "CIFAR", "placement": null, "use_nccl": true, "devices_per_worker": 1, "primary_resource": "extra_gpu", "gpu": false, "verbose": false, "lr_config": {"mode": "log", "steps": 5, "initial_lr": 0.001, "target_lr": 0.001}, "batch_per_device": 128}, "time_since_restore": 967.8142876625061, "timesteps_since_restore": 0, "iterations_since_restore": 23, "mean_throughput": 1441.9849885115577, "atoms": 1, "setup_time": 22.811224937438965}
{"apply": 0.018486833572387694, "batch_time": 0.031871508948410614, "d2h": 0.0007129430770874024, "data_time": 0.001764445048768807, "fwd": 0.027997541427612304, "get_state_time_mean": NaN, "get_state_time_total": 0.0, "grad": 0.04921729564666748, "mean_accuracy": 0.6328399777412415, "mean_loss": 1.0356791786193846, "neg_mean_accuracy": -0.6473000049591064, "set_state_time_mean": NaN, "set_state_time_total": 0.0, "setup_model_time_mean": NaN, "setup_model_time_total": 0.0, "setup_proc_time_mean": NaN, "setup_proc_time_total": 0.0, "train_accuracy": 0.6485999822616577, "train_loss": 0.9826423750305175, "training_time_mean": NaN, "training_time_total": 0.0, "val_accuracy": 0.6473000049591064, "val_loss": 0.9974590154647827, "validation_time_mean": NaN, "validation_time_total": 0.0, "samples": 60000, "num_workers": 1, "done": false, "timesteps_total": null, "episodes_total": null, "training_iteration": 24, "neg_mean_loss": -1.0356791786193846, "experiment_id": "bb2547a7fb7c46a8a109198840267f10", "date": "2019-06-03_04-23-16", "timestamp": 1559560996, "time_this_iter_s": 41.70078420639038, "time_total_s": 1009.5150718688965, "pid": 16907, "hostname": "steropes", "node_ip": "169.229.49.254", "config": {"starting_lr": 0.001, "momentum": 0.9, "weight_decay": 0.005, "steps_per_iteration": null, "pin": false, "model_creator": null, "target_batch_size": 128, "model_string": "resnet50", "min_batch_size": 128, "dataset": "CIFAR", "placement": null, "use_nccl": true, "devices_per_worker": 1, "primary_resource": "extra_gpu", "gpu": false, "verbose": false, "lr_config": {"mode": "log", "steps": 5, "initial_lr": 0.001, "target_lr": 0.001}, "batch_per_device": 128}, "time_since_restore": 1009.5150718688965, "timesteps_since_restore": 0, "iterations_since_restore": 24, "mean_throughput": 1442.7998630349903, "atoms": 1, "setup_time": 22.811224937438965}
{"apply": 0.01815338134765625, "batch_time": 0.031677635410163975, "d2h": 0.0007253885269165039, "data_time": 0.0017907564597361533, "fwd": 0.0279496431350708, "get_state_time_mean": NaN, "get_state_time_total": 0.0, "grad": 0.05151724815368652, "mean_accuracy": 0.6405799746513366, "mean_loss": 1.0162046781158447, "neg_mean_accuracy": -0.6585999727249146, "set_state_time_mean": NaN, "set_state_time_total": 0.0, "setup_model_time_mean": NaN, "setup_model_time_total": 0.0, "setup_proc_time_mean": NaN, "setup_proc_time_total": 0.0, "train_accuracy": 0.6582799553871155, "train_loss": 0.9608414237976074, "training_time_mean": NaN, "training_time_total": 0.0, "val_accuracy": 0.6585999727249146, "val_loss": 0.97124895362854, "validation_time_mean": NaN, "validation_time_total": 0.0, "samples": 60000, "num_workers": 1, "done": false, "timesteps_total": null, "episodes_total": null, "training_iteration": 25, "neg_mean_loss": -1.0162046781158447, "experiment_id": "bb2547a7fb7c46a8a109198840267f10", "date": "2019-06-03_04-23-58", "timestamp": 1559561038, "time_this_iter_s": 41.63994336128235, "time_total_s": 1051.1550152301788, "pid": 16907, "hostname": "steropes", "node_ip": "169.229.49.254", "config": {"starting_lr": 0.001, "momentum": 0.9, "weight_decay": 0.005, "steps_per_iteration": null, "pin": false, "model_creator": null, "target_batch_size": 128, "model_string": "resnet50", "min_batch_size": 128, "dataset": "CIFAR", "placement": null, "use_nccl": true, "devices_per_worker": 1, "primary_resource": "extra_gpu", "gpu": false, "verbose": false, "lr_config": {"mode": "log", "steps": 5, "initial_lr": 0.001, "target_lr": 0.001}, "batch_per_device": 128}, "time_since_restore": 1051.1550152301788, "timesteps_since_restore": 0, "iterations_since_restore": 25, "mean_throughput": 1441.763984573391, "atoms": 1, "setup_time": 22.811224937438965}
{"apply": 0.018494653701782226, "batch_time": 0.03198228003103522, "d2h": 0.0007055282592773437, "data_time": 0.0017984882949868128, "fwd": 0.028212952613830566, "get_state_time_mean": NaN, "get_state_time_total": 0.0, "grad": 0.05018155574798584, "mean_accuracy": 0.6499399781227112, "mean_loss": 0.9895364608001709, "neg_mean_accuracy": -0.6611999869346619, "set_state_time_mean": NaN, "set_state_time_total": 0.0, "setup_model_time_mean": NaN, "setup_model_time_total": 0.0, "setup_proc_time_mean": NaN, "setup_proc_time_total": 0.0, "train_accuracy": 0.6649599671363831, "train_loss": 0.9344825362396241, "training_time_mean": NaN, "training_time_total": 0.0, "val_accuracy": 0.6611999869346619, "val_loss": 0.94916362991333, "validation_time_mean": NaN, "validation_time_total": 0.0, "samples": 60000, "num_workers": 1, "done": false, "timesteps_total": null, "episodes_total": null, "training_iteration": 26, "neg_mean_loss": -0.9895364608001709, "experiment_id": "bb2547a7fb7c46a8a109198840267f10", "date": "2019-06-03_04-24-39", "timestamp": 1559561079, "time_this_iter_s": 41.657729625701904, "time_total_s": 1092.8127448558807, "pid": 16907, "hostname": "steropes", "node_ip": "169.229.49.254", "config": {"starting_lr": 0.001, "momentum": 0.9, "weight_decay": 0.005, "steps_per_iteration": null, "pin": false, "model_creator": null, "target_batch_size": 128, "model_string": "resnet50", "min_batch_size": 128, "dataset": "CIFAR", "placement": null, "use_nccl": true, "devices_per_worker": 1, "primary_resource": "extra_gpu", "gpu": false, "verbose": false, "lr_config": {"mode": "log", "steps": 5, "initial_lr": 0.001, "target_lr": 0.001}, "batch_per_device": 128}, "time_since_restore": 1092.8127448558807, "timesteps_since_restore": 0, "iterations_since_restore": 26, "mean_throughput": 1440.246257804171, "atoms": 1, "setup_time": 22.811224937438965}
{"apply": 0.019966506958007814, "batch_time": 0.03175963631159143, "d2h": 0.00071563720703125, "data_time": 0.001818669116710458, "fwd": 0.02887716293334961, "get_state_time_mean": NaN, "get_state_time_total": 0.0, "grad": 0.04920129776000977, "mean_accuracy": 0.6564599871635437, "mean_loss": 0.9704015273284912, "neg_mean_accuracy": -0.6757000088691711, "set_state_time_mean": NaN, "set_state_time_total": 0.0, "setup_model_time_mean": NaN, "setup_model_time_total": 0.0, "setup_proc_time_mean": NaN, "setup_proc_time_total": 0.0, "train_accuracy": 0.6742199659347534, "train_loss": 0.9124067111206055, "training_time_mean": NaN, "training_time_total": 0.0, "val_accuracy": 0.6757000088691711, "val_loss": 0.9250956468582153, "validation_time_mean": NaN, "validation_time_total": 0.0, "samples": 60000, "num_workers": 1, "done": false, "timesteps_total": null, "episodes_total": null, "training_iteration": 27, "neg_mean_loss": -0.9704015273284912, "experiment_id": "bb2547a7fb7c46a8a109198840267f10", "date": "2019-06-03_04-25-21", "timestamp": 1559561121, "time_this_iter_s": 41.78865671157837, "time_total_s": 1134.601401567459, "pid": 16907, "hostname": "steropes", "node_ip": "169.229.49.254", "config": {"starting_lr": 0.001, "momentum": 0.9, "weight_decay": 0.005, "steps_per_iteration": null, "pin": false, "model_creator": null, "target_batch_size": 128, "model_string": "resnet50", "min_batch_size": 128, "dataset": "CIFAR", "placement": null, "use_nccl": true, "devices_per_worker": 1, "primary_resource": "extra_gpu", "gpu": false, "verbose": false, "lr_config": {"mode": "log", "steps": 5, "initial_lr": 0.001, "target_lr": 0.001}, "batch_per_device": 128}, "time_since_restore": 1134.601401567459, "timesteps_since_restore": 0, "iterations_since_restore": 27, "mean_throughput": 1439.2587129140325, "atoms": 1, "setup_time": 22.811224937438965}
{"apply": 0.018891191482543944, "batch_time": 0.03169492528408389, "d2h": 0.0007060050964355468, "data_time": 0.001792600392685522, "fwd": 0.028275537490844726, "get_state_time_mean": NaN, "get_state_time_total": 0.0, "grad": 0.049810051918029785, "mean_accuracy": 0.6638199925422669, "mean_loss": 0.949785115737915, "neg_mean_accuracy": -0.6762999892234802, "set_state_time_mean": NaN, "set_state_time_total": 0.0, "setup_model_time_mean": NaN, "setup_model_time_total": 0.0, "setup_proc_time_mean": NaN, "setup_proc_time_total": 0.0, "train_accuracy": 0.6829800009727478, "train_loss": 0.8888225322341919, "training_time_mean": NaN, "training_time_total": 0.0, "val_accuracy": 0.6762999892234802, "val_loss": 0.9059583328247071, "validation_time_mean": NaN, "validation_time_total": 0.0, "samples": 60000, "num_workers": 1, "done": false, "timesteps_total": null, "episodes_total": null, "training_iteration": 28, "neg_mean_loss": -0.949785115737915, "experiment_id": "bb2547a7fb7c46a8a109198840267f10", "date": "2019-06-03_04-26-03", "timestamp": 1559561163, "time_this_iter_s": 41.893019914627075, "time_total_s": 1176.4944214820862, "pid": 16907, "hostname": "steropes", "node_ip": "169.229.49.254", "config": {"starting_lr": 0.001, "momentum": 0.9, "weight_decay": 0.005, "steps_per_iteration": null, "pin": false, "model_creator": null, "target_batch_size": 128, "model_string": "resnet50", "min_batch_size": 128, "dataset": "CIFAR", "placement": null, "use_nccl": true, "devices_per_worker": 1, "primary_resource": "extra_gpu", "gpu": false, "verbose": false, "lr_config": {"mode": "log", "steps": 5, "initial_lr": 0.001, "target_lr": 0.001}, "batch_per_device": 128}, "time_since_restore": 1176.4944214820862, "timesteps_since_restore": 0, "iterations_since_restore": 28, "mean_throughput": 1437.6043561478373, "atoms": 1, "setup_time": 22.811224937438965}
{"apply": 0.01947009563446045, "batch_time": 0.03334809556792054, "d2h": 0.0007175922393798829, "data_time": 0.0018017853007597081, "fwd": 0.0288008451461792, "get_state_time_mean": NaN, "get_state_time_total": 0.0, "grad": 0.04850070476531983, "mean_accuracy": 0.6690399885177613, "mean_loss": 0.9345399235916136, "neg_mean_accuracy": -0.6733999848365784, "set_state_time_mean": NaN, "set_state_time_total": 0.0, "setup_model_time_mean": NaN, "setup_model_time_total": 0.0, "setup_proc_time_mean": NaN, "setup_proc_time_total": 0.0, "train_accuracy": 0.6894599795341492, "train_loss": 0.865731874217987, "training_time_mean": NaN, "training_time_total": 0.0, "val_accuracy": 0.6733999848365784, "val_loss": 0.9212330547332763, "validation_time_mean": NaN, "validation_time_total": 0.0, "samples": 60000, "num_workers": 1, "done": false, "timesteps_total": null, "episodes_total": null, "training_iteration": 29, "neg_mean_loss": -0.9345399235916136, "experiment_id": "bb2547a7fb7c46a8a109198840267f10", "date": "2019-06-03_04-26-45", "timestamp": 1559561205, "time_this_iter_s": 41.70665192604065, "time_total_s": 1218.2010734081268, "pid": 16907, "hostname": "steropes", "node_ip": "169.229.49.254", "config": {"starting_lr": 0.001, "momentum": 0.9, "weight_decay": 0.005, "steps_per_iteration": null, "pin": false, "model_creator": null, "target_batch_size": 128, "model_string": "resnet50", "min_batch_size": 128, "dataset": "CIFAR", "placement": null, "use_nccl": true, "devices_per_worker": 1, "primary_resource": "extra_gpu", "gpu": false, "verbose": false, "lr_config": {"mode": "log", "steps": 5, "initial_lr": 0.001, "target_lr": 0.001}, "batch_per_device": 128}, "time_since_restore": 1218.2010734081268, "timesteps_since_restore": 0, "iterations_since_restore": 29, "mean_throughput": 1437.5634844293345, "atoms": 1, "setup_time": 22.811224937438965}
{"apply": 0.018364429473876953, "batch_time": 0.03433305402345295, "d2h": 0.0007180213928222656, "data_time": 0.0017698920901169253, "fwd": 0.027572941780090333, "get_state_time_mean": NaN, "get_state_time_total": 0.0, "grad": 0.04905397891998291, "mean_accuracy": 0.6736799955368042, "mean_loss": 0.9204041992759704, "neg_mean_accuracy": -0.6818000078201294, "set_state_time_mean": NaN, "set_state_time_total": 0.0, "setup_model_time_mean": NaN, "setup_model_time_total": 0.0, "setup_proc_time_mean": NaN, "setup_proc_time_total": 0.0, "train_accuracy": 0.6949799656867981, "train_loss": 0.8521776961898804, "training_time_mean": NaN, "training_time_total": 0.0, "val_accuracy": 0.6818000078201294, "val_loss": 0.9005703320503234, "validation_time_mean": NaN, "validation_time_total": 0.0, "samples": 60000, "num_workers": 1, "done": false, "timesteps_total": null, "episodes_total": null, "training_iteration": 30, "neg_mean_loss": -0.9204041992759704, "experiment_id": "bb2547a7fb7c46a8a109198840267f10", "date": "2019-06-03_04-27-26", "timestamp": 1559561246, "time_this_iter_s": 41.62534761428833, "time_total_s": 1259.8264210224152, "pid": 16907, "hostname": "steropes", "node_ip": "169.229.49.254", "config": {"starting_lr": 0.001, "momentum": 0.9, "weight_decay": 0.005, "steps_per_iteration": null, "pin": false, "model_creator": null, "target_batch_size": 128, "model_string": "resnet50", "min_batch_size": 128, "dataset": "CIFAR", "placement": null, "use_nccl": true, "devices_per_worker": 1, "primary_resource": "extra_gpu", "gpu": false, "verbose": false, "lr_config": {"mode": "log", "steps": 5, "initial_lr": 0.001, "target_lr": 0.001}, "batch_per_device": 128}, "time_since_restore": 1259.8264210224152, "timesteps_since_restore": 0, "iterations_since_restore": 30, "mean_throughput": 1437.6640213680757, "atoms": 1, "setup_time": 22.811224937438965}
{"apply": 0.018866801261901857, "batch_time": 0.032031569299818596, "d2h": 0.0007074356079101562, "data_time": 0.0018500239038101547, "fwd": 0.028598618507385255, "get_state_time_mean": NaN, "get_state_time_total": 0.0, "grad": 0.05229873657226562, "mean_accuracy": 0.6803199887275696, "mean_loss": 0.9048312536430358, "neg_mean_accuracy": -0.6943999528884888, "set_state_time_mean": NaN, "set_state_time_total": 0.0, "setup_model_time_mean": NaN, "setup_model_time_total": 0.0, "setup_proc_time_mean": NaN, "setup_proc_time_total": 0.0, "train_accuracy": 0.7053799629211426, "train_loss": 0.8285441813278198, "training_time_mean": NaN, "training_time_total": 0.0, "val_accuracy": 0.6943999528884888, "val_loss": 0.8712989017486572, "validation_time_mean": NaN, "validation_time_total": 0.0, "samples": 60000, "num_workers": 1, "done": false, "timesteps_total": null, "episodes_total": null, "training_iteration": 31, "neg_mean_loss": -0.9048312536430358, "experiment_id": "bb2547a7fb7c46a8a109198840267f10", "date": "2019-06-03_04-28-08", "timestamp": 1559561288, "time_this_iter_s": 41.879531383514404, "time_total_s": 1301.7059524059296, "pid": 16907, "hostname": "steropes", "node_ip": "169.229.49.254", "config": {"starting_lr": 0.001, "momentum": 0.9, "weight_decay": 0.005, "steps_per_iteration": null, "pin": false, "model_creator": null, "target_batch_size": 128, "model_string": "resnet50", "min_batch_size": 128, "dataset": "CIFAR", "placement": null, "use_nccl": true, "devices_per_worker": 1, "primary_resource": "extra_gpu", "gpu": false, "verbose": false, "lr_config": {"mode": "log", "steps": 5, "initial_lr": 0.001, "target_lr": 0.001}, "batch_per_device": 128}, "time_since_restore": 1301.7059524059296, "timesteps_since_restore": 0, "iterations_since_restore": 31, "mean_throughput": 1436.1375070134602, "atoms": 1, "setup_time": 22.811224937438965}
{"apply": 0.018297743797302247, "batch_time": 0.03219454499739635, "d2h": 0.000727391242980957, "data_time": 0.0018597612600497273, "fwd": 0.02839369773864746, "get_state_time_mean": NaN, "get_state_time_total": 0.0, "grad": 0.050910544395446775, "mean_accuracy": 0.6862599849700928, "mean_loss": 0.8881883604621887, "neg_mean_accuracy": -0.7053999900817871, "set_state_time_mean": NaN, "set_state_time_total": 0.0, "setup_model_time_mean": NaN, "setup_model_time_total": 0.0, "setup_proc_time_mean": NaN, "setup_proc_time_total": 0.0, "train_accuracy": 0.7109599709510803, "train_loss": 0.8125434161567688, "training_time_mean": NaN, "training_time_total": 0.0, "val_accuracy": 0.7053999900817871, "val_loss": 0.8418811809539795, "validation_time_mean": NaN, "validation_time_total": 0.0, "samples": 60000, "num_workers": 1, "done": false, "timesteps_total": null, "episodes_total": null, "training_iteration": 32, "neg_mean_loss": -0.8881883604621887, "experiment_id": "bb2547a7fb7c46a8a109198840267f10", "date": "2019-06-03_04-28-50", "timestamp": 1559561330, "time_this_iter_s": 41.88495206832886, "time_total_s": 1343.5909044742584, "pid": 16907, "hostname": "steropes", "node_ip": "169.229.49.254", "config": {"starting_lr": 0.001, "momentum": 0.9, "weight_decay": 0.005, "steps_per_iteration": null, "pin": false, "model_creator": null, "target_batch_size": 128, "model_string": "resnet50", "min_batch_size": 128, "dataset": "CIFAR", "placement": null, "use_nccl": true, "devices_per_worker": 1, "primary_resource": "extra_gpu", "gpu": false, "verbose": false, "lr_config": {"mode": "log", "steps": 5, "initial_lr": 0.001, "target_lr": 0.001}, "batch_per_device": 128}, "time_since_restore": 1343.5909044742584, "timesteps_since_restore": 0, "iterations_since_restore": 32, "mean_throughput": 1435.4757761956894, "atoms": 1, "setup_time": 22.811224937438965}
{"apply": 0.018456315994262694, "batch_time": 0.031757460364812536, "d2h": 0.0007328987121582031, "data_time": 0.0017842874502586891, "fwd": 0.02782297134399414, "get_state_time_mean": NaN, "get_state_time_total": 0.0, "grad": 0.048199462890625, "mean_accuracy": 0.6924999833106995, "mean_loss": 0.8749299802398683, "neg_mean_accuracy": -0.7074999809265137, "set_state_time_mean": NaN, "set_state_time_total": 0.0, "setup_model_time_mean": NaN, "setup_model_time_total": 0.0, "setup_proc_time_mean": NaN, "setup_proc_time_total": 0.0, "train_accuracy": 0.719980001449585, "train_loss": 0.788650233001709, "training_time_mean": NaN, "training_time_total": 0.0, "val_accuracy": 0.7074999809265137, "val_loss": 0.8396664317131043, "validation_time_mean": NaN, "validation_time_total": 0.0, "samples": 60000, "num_workers": 1, "done": false, "timesteps_total": null, "episodes_total": null, "training_iteration": 33, "neg_mean_loss": -0.8749299802398683, "experiment_id": "bb2547a7fb7c46a8a109198840267f10", "date": "2019-06-03_04-29-32", "timestamp": 1559561372, "time_this_iter_s": 41.702086210250854, "time_total_s": 1385.2929906845093, "pid": 16907, "hostname": "steropes", "node_ip": "169.229.49.254", "config": {"starting_lr": 0.001, "momentum": 0.9, "weight_decay": 0.005, "steps_per_iteration": null, "pin": false, "model_creator": null, "target_batch_size": 128, "model_string": "resnet50", "min_batch_size": 128, "dataset": "CIFAR", "placement": null, "use_nccl": true, "devices_per_worker": 1, "primary_resource": "extra_gpu", "gpu": false, "verbose": false, "lr_config": {"mode": "log", "steps": 5, "initial_lr": 0.001, "target_lr": 0.001}, "batch_per_device": 128}, "time_since_restore": 1385.2929906845093, "timesteps_since_restore": 0, "iterations_since_restore": 33, "mean_throughput": 1436.788440977506, "atoms": 1, "setup_time": 22.811224937438965}
{"apply": 0.02012481689453125, "batch_time": 0.03266529493694064, "d2h": 0.000699925422668457, "data_time": 0.001790869876246928, "fwd": 0.029252004623413087, "get_state_time_mean": NaN, "get_state_time_total": 0.0, "grad": 0.05072474479675293, "mean_accuracy": 0.6996599793434143, "mean_loss": 0.8565698532104493, "neg_mean_accuracy": -0.7091999650001526, "set_state_time_mean": NaN, "set_state_time_total": 0.0, "setup_model_time_mean": NaN, "setup_model_time_total": 0.0, "setup_proc_time_mean": NaN, "setup_proc_time_total": 0.0, "train_accuracy": 0.7228999733924866, "train_loss": 0.7792689782714843, "training_time_mean": NaN, "training_time_total": 0.0, "val_accuracy": 0.7091999650001526, "val_loss": 0.8294324195861816, "validation_time_mean": NaN, "validation_time_total": 0.0, "samples": 60000, "num_workers": 1, "done": false, "timesteps_total": null, "episodes_total": null, "training_iteration": 34, "neg_mean_loss": -0.8565698532104493, "experiment_id": "bb2547a7fb7c46a8a109198840267f10", "date": "2019-06-03_04-30-14", "timestamp": 1559561414, "time_this_iter_s": 42.11409950256348, "time_total_s": 1427.4070901870728, "pid": 16907, "hostname": "steropes", "node_ip": "169.229.49.254", "config": {"starting_lr": 0.001, "momentum": 0.9, "weight_decay": 0.005, "steps_per_iteration": null, "pin": false, "model_creator": null, "target_batch_size": 128, "model_string": "resnet50", "min_batch_size": 128, "dataset": "CIFAR", "placement": null, "use_nccl": true, "devices_per_worker": 1, "primary_resource": "extra_gpu", "gpu": false, "verbose": false, "lr_config": {"mode": "log", "steps": 5, "initial_lr": 0.001, "target_lr": 0.001}, "batch_per_device": 128}, "time_since_restore": 1427.4070901870728, "timesteps_since_restore": 0, "iterations_since_restore": 34, "mean_throughput": 1433.9905885546864, "atoms": 1, "setup_time": 22.811224937438965}
{"apply": 0.01859891414642334, "batch_time": 0.031755945350550395, "d2h": 0.0007053375244140625, "data_time": 0.0017654749438585833, "fwd": 0.02827768325805664, "get_state_time_mean": NaN, "get_state_time_total": 0.0, "grad": 0.04977226257324219, "mean_accuracy": 0.7066399693489075, "mean_loss": 0.8407528107643127, "neg_mean_accuracy": -0.7166999578475952, "set_state_time_mean": NaN, "set_state_time_total": 0.0, "setup_model_time_mean": NaN, "setup_model_time_total": 0.0, "setup_proc_time_mean": NaN, "setup_proc_time_total": 0.0, "train_accuracy": 0.7293599843978882, "train_loss": 0.7595884726333618, "training_time_mean": NaN, "training_time_total": 0.0, "val_accuracy": 0.7166999578475952, "val_loss": 0.8214851198196411, "validation_time_mean": NaN, "validation_time_total": 0.0, "samples": 60000, "num_workers": 1, "done": false, "timesteps_total": null, "episodes_total": null, "training_iteration": 35, "neg_mean_loss": -0.8407528107643127, "experiment_id": "bb2547a7fb7c46a8a109198840267f10", "date": "2019-06-03_04-30-56", "timestamp": 1559561456, "time_this_iter_s": 41.53267312049866, "time_total_s": 1468.9397633075714, "pid": 16907, "hostname": "steropes", "node_ip": "169.229.49.254", "config": {"starting_lr": 0.001, "momentum": 0.9, "weight_decay": 0.005, "steps_per_iteration": null, "pin": false, "model_creator": null, "target_batch_size": 128, "model_string": "resnet50", "min_batch_size": 128, "dataset": "CIFAR", "placement": null, "use_nccl": true, "devices_per_worker": 1, "primary_resource": "extra_gpu", "gpu": false, "verbose": false, "lr_config": {"mode": "log", "steps": 5, "initial_lr": 0.001, "target_lr": 0.001}, "batch_per_device": 128}, "time_since_restore": 1468.9397633075714, "timesteps_since_restore": 0, "iterations_since_restore": 35, "mean_throughput": 1434.6261123573577, "atoms": 1, "setup_time": 22.811224937438965}
{"apply": 0.018409061431884765, "batch_time": 0.03198104870470264, "d2h": 0.0007081270217895508, "data_time": 0.0017767129346842657, "fwd": 0.027887701988220215, "get_state_time_mean": NaN, "get_state_time_total": 0.0, "grad": 0.04960377216339111, "mean_accuracy": 0.7118599772453308, "mean_loss": 0.8284125665092468, "neg_mean_accuracy": -0.7204999923706055, "set_state_time_mean": NaN, "set_state_time_total": 0.0, "setup_model_time_mean": NaN, "setup_model_time_total": 0.0, "setup_proc_time_mean": NaN, "setup_proc_time_total": 0.0, "train_accuracy": 0.7346400022506714, "train_loss": 0.7464006167793273, "training_time_mean": NaN, "training_time_total": 0.0, "val_accuracy": 0.7204999923706055, "val_loss": 0.8095976804733276, "validation_time_mean": NaN, "validation_time_total": 0.0, "samples": 60000, "num_workers": 1, "done": false, "timesteps_total": null, "episodes_total": null, "training_iteration": 36, "neg_mean_loss": -0.8284125665092468, "experiment_id": "bb2547a7fb7c46a8a109198840267f10", "date": "2019-06-03_04-31-37", "timestamp": 1559561497, "time_this_iter_s": 41.47515606880188, "time_total_s": 1510.4149193763733, "pid": 16907, "hostname": "steropes", "node_ip": "169.229.49.254", "config": {"starting_lr": 0.001, "momentum": 0.9, "weight_decay": 0.005, "steps_per_iteration": null, "pin": false, "model_creator": null, "target_batch_size": 128, "model_string": "resnet50", "min_batch_size": 128, "dataset": "CIFAR", "placement": null, "use_nccl": true, "devices_per_worker": 1, "primary_resource": "extra_gpu", "gpu": false, "verbose": false, "lr_config": {"mode": "log", "steps": 5, "initial_lr": 0.001, "target_lr": 0.001}, "batch_per_device": 128}, "time_since_restore": 1510.4149193763733, "timesteps_since_restore": 0, "iterations_since_restore": 36, "mean_throughput": 1437.4057218521928, "atoms": 1, "setup_time": 22.811224937438965}
{"apply": 0.018457365036010743, "batch_time": 0.03222104869311369, "d2h": 0.000727701187133789, "data_time": 0.0018273406016552235, "fwd": 0.02761509418487549, "get_state_time_mean": NaN, "get_state_time_total": 0.0, "grad": 0.05055179595947266, "mean_accuracy": 0.7140199780464173, "mean_loss": 0.8228153608703612, "neg_mean_accuracy": -0.7161999940872192, "set_state_time_mean": NaN, "set_state_time_total": 0.0, "setup_model_time_mean": NaN, "setup_model_time_total": 0.0, "setup_proc_time_mean": NaN, "setup_proc_time_total": 0.0, "train_accuracy": 0.7369199991226196, "train_loss": 0.7312817037773133, "training_time_mean": NaN, "training_time_total": 0.0, "val_accuracy": 0.7161999940872192, "val_loss": 0.813895152759552, "validation_time_mean": NaN, "validation_time_total": 0.0, "samples": 60000, "num_workers": 1, "done": false, "timesteps_total": null, "episodes_total": null, "training_iteration": 37, "neg_mean_loss": -0.8228153608703612, "experiment_id": "bb2547a7fb7c46a8a109198840267f10", "date": "2019-06-03_04-32-19", "timestamp": 1559561539, "time_this_iter_s": 41.606826066970825, "time_total_s": 1552.0217454433441, "pid": 16907, "hostname": "steropes", "node_ip": "169.229.49.254", "config": {"starting_lr": 0.001, "momentum": 0.9, "weight_decay": 0.005, "steps_per_iteration": null, "pin": false, "model_creator": null, "target_batch_size": 128, "model_string": "resnet50", "min_batch_size": 128, "dataset": "CIFAR", "placement": null, "use_nccl": true, "devices_per_worker": 1, "primary_resource": "extra_gpu", "gpu": false, "verbose": false, "lr_config": {"mode": "log", "steps": 5, "initial_lr": 0.001, "target_lr": 0.001}, "batch_per_device": 128}, "time_since_restore": 1552.0217454433441, "timesteps_since_restore": 0, "iterations_since_restore": 37, "mean_throughput": 1439.3237938834654, "atoms": 1, "setup_time": 22.811224937438965}
{"apply": 0.02008774280548096, "batch_time": 0.03134692469729653, "d2h": 0.0007460117340087891, "data_time": 0.0018094299394456322, "fwd": 0.03068714141845703, "get_state_time_mean": NaN, "get_state_time_total": 0.0, "grad": 0.049647855758666995, "mean_accuracy": 0.7168599724769592, "mean_loss": 0.815777209777832, "neg_mean_accuracy": -0.7216999530792236, "set_state_time_mean": NaN, "set_state_time_total": 0.0, "setup_model_time_mean": NaN, "setup_model_time_total": 0.0, "setup_proc_time_mean": NaN, "setup_proc_time_total": 0.0, "train_accuracy": 0.7444599866867065, "train_loss": 0.7169582655143738, "training_time_mean": NaN, "training_time_total": 0.0, "val_accuracy": 0.7216999530792236, "val_loss": 0.8044756762504578, "validation_time_mean": NaN, "validation_time_total": 0.0, "samples": 60000, "num_workers": 1, "done": false, "timesteps_total": null, "episodes_total": null, "training_iteration": 38, "neg_mean_loss": -0.815777209777832, "experiment_id": "bb2547a7fb7c46a8a109198840267f10", "date": "2019-06-03_04-33-00", "timestamp": 1559561580, "time_this_iter_s": 41.80225372314453, "time_total_s": 1593.8239991664886, "pid": 16907, "hostname": "steropes", "node_ip": "169.229.49.254", "config": {"starting_lr": 0.001, "momentum": 0.9, "weight_decay": 0.005, "steps_per_iteration": null, "pin": false, "model_creator": null, "target_batch_size": 128, "model_string": "resnet50", "min_batch_size": 128, "dataset": "CIFAR", "placement": null, "use_nccl": true, "devices_per_worker": 1, "primary_resource": "extra_gpu", "gpu": false, "verbose": false, "lr_config": {"mode": "log", "steps": 5, "initial_lr": 0.001, "target_lr": 0.001}, "batch_per_device": 128}, "time_since_restore": 1593.8239991664886, "timesteps_since_restore": 0, "iterations_since_restore": 38, "mean_throughput": 1438.6322835117412, "atoms": 1, "setup_time": 22.811224937438965}
{"apply": 0.018418192863464355, "batch_time": 0.031781021552749825, "d2h": 0.0007179021835327148, "data_time": 0.0017759409706915735, "fwd": 0.028078842163085937, "get_state_time_mean": NaN, "get_state_time_total": 0.0, "grad": 0.04886162281036377, "mean_accuracy": 0.7178399801254273, "mean_loss": 0.8172617356872559, "neg_mean_accuracy": -0.7141000032424927, "set_state_time_mean": NaN, "set_state_time_total": 0.0, "setup_model_time_mean": NaN, "setup_model_time_total": 0.0, "setup_proc_time_mean": NaN, "setup_proc_time_total": 0.0, "train_accuracy": 0.7490999698638916, "train_loss": 0.7038628287887573, "training_time_mean": NaN, "training_time_total": 0.0, "val_accuracy": 0.7141000032424927, "val_loss": 0.8368550491333008, "validation_time_mean": NaN, "validation_time_total": 0.0, "samples": 60000, "num_workers": 1, "done": false, "timesteps_total": null, "episodes_total": null, "training_iteration": 39, "neg_mean_loss": -0.8172617356872559, "experiment_id": "bb2547a7fb7c46a8a109198840267f10", "date": "2019-06-03_04-33-42", "timestamp": 1559561622, "time_this_iter_s": 41.709352254867554, "time_total_s": 1635.5333514213562, "pid": 16907, "hostname": "steropes", "node_ip": "169.229.49.254", "config": {"starting_lr": 0.001, "momentum": 0.9, "weight_decay": 0.005, "steps_per_iteration": null, "pin": false, "model_creator": null, "target_batch_size": 128, "model_string": "resnet50", "min_batch_size": 128, "dataset": "CIFAR", "placement": null, "use_nccl": true, "devices_per_worker": 1, "primary_resource": "extra_gpu", "gpu": false, "verbose": false, "lr_config": {"mode": "log", "steps": 5, "initial_lr": 0.001, "target_lr": 0.001}, "batch_per_device": 128}, "time_since_restore": 1635.5333514213562, "timesteps_since_restore": 0, "iterations_since_restore": 39, "mean_throughput": 1441.4300181840022, "atoms": 1, "setup_time": 22.811224937438965}
{"apply": 0.019309234619140626, "batch_time": 0.03158886824982076, "d2h": 0.0007025957107543946, "data_time": 0.0018188459489046765, "fwd": 0.02831711769104004, "get_state_time_mean": NaN, "get_state_time_total": 0.0, "grad": 0.049698710441589355, "mean_accuracy": 0.7206399798393249, "mean_loss": 0.81020802816391, "neg_mean_accuracy": -0.7306999564170837, "set_state_time_mean": NaN, "set_state_time_total": 0.0, "setup_model_time_mean": NaN, "setup_model_time_total": 0.0, "setup_proc_time_mean": NaN, "setup_proc_time_total": 0.0, "train_accuracy": 0.7554599642753601, "train_loss": 0.6878754055976868, "training_time_mean": NaN, "training_time_total": 0.0, "val_accuracy": 0.7306999564170837, "val_loss": 0.7862165822029114, "validation_time_mean": NaN, "validation_time_total": 0.0, "samples": 60000, "num_workers": 1, "done": false, "timesteps_total": null, "episodes_total": null, "training_iteration": 40, "neg_mean_loss": -0.81020802816391, "experiment_id": "bb2547a7fb7c46a8a109198840267f10", "date": "2019-06-03_04-34-24", "timestamp": 1559561664, "time_this_iter_s": 41.7378990650177, "time_total_s": 1677.271250486374, "pid": 16907, "hostname": "steropes", "node_ip": "169.229.49.254", "config": {"starting_lr": 0.001, "momentum": 0.9, "weight_decay": 0.005, "steps_per_iteration": null, "pin": false, "model_creator": null, "target_batch_size": 128, "model_string": "resnet50", "min_batch_size": 128, "dataset": "CIFAR", "placement": null, "use_nccl": true, "devices_per_worker": 1, "primary_resource": "extra_gpu", "gpu": false, "verbose": false, "lr_config": {"mode": "log", "steps": 5, "initial_lr": 0.001, "target_lr": 0.001}, "batch_per_device": 128}, "time_since_restore": 1677.271250486374, "timesteps_since_restore": 0, "iterations_since_restore": 40, "mean_throughput": 1440.0100794772904, "atoms": 1, "setup_time": 22.811224937438965}
{"apply": 0.01860206127166748, "batch_time": 0.03224551526806022, "d2h": 0.0007126808166503906, "data_time": 0.0018426304887932585, "fwd": 0.028658604621887206, "get_state_time_mean": NaN, "get_state_time_total": 0.0, "grad": 0.048499774932861325, "mean_accuracy": 0.7237799763679504, "mean_loss": 0.8062343262290954, "neg_mean_accuracy": -0.7361999750137329, "set_state_time_mean": NaN, "set_state_time_total": 0.0, "setup_model_time_mean": NaN, "setup_model_time_total": 0.0, "setup_proc_time_mean": NaN, "setup_proc_time_total": 0.0, "train_accuracy": 0.7589600086212158, "train_loss": 0.6767872485160827, "training_time_mean": NaN, "training_time_total": 0.0, "val_accuracy": 0.7361999750137329, "val_loss": 0.7897291707992554, "validation_time_mean": NaN, "validation_time_total": 0.0, "samples": 60000, "num_workers": 1, "done": false, "timesteps_total": null, "episodes_total": null, "training_iteration": 41, "neg_mean_loss": -0.8062343262290954, "experiment_id": "bb2547a7fb7c46a8a109198840267f10", "date": "2019-06-03_04-35-06", "timestamp": 1559561706, "time_this_iter_s": 42.01322889328003, "time_total_s": 1719.284479379654, "pid": 16907, "hostname": "steropes", "node_ip": "169.229.49.254", "config": {"starting_lr": 0.001, "momentum": 0.9, "weight_decay": 0.005, "steps_per_iteration": null, "pin": false, "model_creator": null, "target_batch_size": 128, "model_string": "resnet50", "min_batch_size": 128, "dataset": "CIFAR", "placement": null, "use_nccl": true, "devices_per_worker": 1, "primary_resource": "extra_gpu", "gpu": false, "verbose": false, "lr_config": {"mode": "log", "steps": 5, "initial_lr": 0.001, "target_lr": 0.001}, "batch_per_device": 128}, "time_since_restore": 1719.284479379654, "timesteps_since_restore": 0, "iterations_since_restore": 41, "mean_throughput": 1436.300429487994, "atoms": 1, "setup_time": 22.811224937438965}
{"apply": 0.02091677188873291, "batch_time": 0.0316281016868881, "d2h": 0.0007108926773071289, "data_time": 0.0017695829386601362, "fwd": 0.02941617965698242, "get_state_time_mean": NaN, "get_state_time_total": 0.0, "grad": 0.04971952438354492, "mean_accuracy": 0.7283799767494201, "mean_loss": 0.7971422396278383, "neg_mean_accuracy": -0.7391999959945679, "set_state_time_mean": NaN, "set_state_time_total": 0.0, "setup_model_time_mean": NaN, "setup_model_time_total": 0.0, "setup_proc_time_mean": NaN, "setup_proc_time_total": 0.0, "train_accuracy": 0.7663599848747253, "train_loss": 0.6601167688369751, "training_time_mean": NaN, "training_time_total": 0.0, "val_accuracy": 0.7391999959945679, "val_loss": 0.7684347197532654, "validation_time_mean": NaN, "validation_time_total": 0.0, "samples": 60000, "num_workers": 1, "done": false, "timesteps_total": null, "episodes_total": null, "training_iteration": 42, "neg_mean_loss": -0.7971422396278383, "experiment_id": "bb2547a7fb7c46a8a109198840267f10", "date": "2019-06-03_04-35-47", "timestamp": 1559561747, "time_this_iter_s": 41.413031816482544, "time_total_s": 1760.6975111961365, "pid": 16907, "hostname": "steropes", "node_ip": "169.229.49.254", "config": {"starting_lr": 0.001, "momentum": 0.9, "weight_decay": 0.005, "steps_per_iteration": null, "pin": false, "model_creator": null, "target_batch_size": 128, "model_string": "resnet50", "min_batch_size": 128, "dataset": "CIFAR", "placement": null, "use_nccl": true, "devices_per_worker": 1, "primary_resource": "extra_gpu", "gpu": false, "verbose": false, "lr_config": {"mode": "log", "steps": 5, "initial_lr": 0.001, "target_lr": 0.001}, "batch_per_device": 128}, "time_since_restore": 1760.6975111961365, "timesteps_since_restore": 0, "iterations_since_restore": 42, "mean_throughput": 1437.6342464490226, "atoms": 1, "setup_time": 22.811224937438965}
