apply,batch_time,d2h,data_time,fwd,get_state_time_mean,get_state_time_total,grad,mean_accuracy,mean_loss,neg_mean_accuracy,set_state_time_mean,set_state_time_total,setup_model_time_mean,setup_model_time_total,setup_proc_time_mean,setup_proc_time_total,train_accuracy,train_loss,training_time_mean,training_time_total,val_accuracy,val_loss,validation_time_mean,validation_time_total,samples,num_workers,done,timesteps_total,episodes_total,training_iteration,neg_mean_loss,experiment_id,date,timestamp,time_this_iter_s,time_total_s,pid,hostname,node_ip,config,time_since_restore,timesteps_since_restore,iterations_since_restore,mean_throughput,atoms,setup_time
0.018008708953857422,0.04170919973638993,0.0007246971130371094,0.0018368681983264815,0.15788669586181642,nan,0.0,0.19748187065124512,0.29999998211860657,2.2221707569122313,-0.29999998211860657,nan,0.0,10.43760085105896,10.43760085105896,0.9903097152709961,0.9903097152709961,0.20823998749256134,2.4108903745269776,nan,0.0,0.29999998211860657,2.2221707569122313,nan,0.0,60000,1,False,,,1,-2.2221707569122313,b950c54437434bffbd97d39c657b76b6,2019-06-06_13-19-18,1559852358,47.07761192321777,47.07761192321777,14583,steropes,169.229.49.254,"{'starting_lr': 0.0005, 'momentum': 0.99, 'weight_decay': 0.001, 'steps_per_iteration': None, 'pin': False, 'model_creator': None, 'target_batch_size': 128, 'model_string': 'resnet50', 'min_batch_size': 128, 'dataset': 'CIFAR', 'placement': None, 'use_nccl': True, 'devices_per_worker': 1, 'primary_resource': 'extra_gpu', 'gpu': False, 'verbose': False, 'lr_config': {'mode': 'log', 'steps': 5, 'initial_lr': 0.0005, 'target_lr': 0.0005}, 'batch_per_device': 128}",47.07761192321777,0,1,1274.488863770545,1,11.697847604751587
0.01716170310974121,0.031809933577911766,0.0006573677062988281,0.001804581688493109,0.027580976486206055,nan,0.0,0.049494385719299316,0.33709998428821564,2.1122092440605162,-0.3741999864578247,nan,0.0,nan,0.0,nan,0.0,0.3267599940299988,1.9665081505584716,nan,0.0,0.3741999864578247,2.002247731208801,nan,0.0,60000,1,False,,,2,-2.1122092440605162,b950c54437434bffbd97d39c657b76b6,2019-06-06_13-19-59,1559852399,40.71192955970764,87.78954148292542,14583,steropes,169.229.49.254,"{'starting_lr': 0.0005, 'momentum': 0.99, 'weight_decay': 0.001, 'steps_per_iteration': None, 'pin': False, 'model_creator': None, 'target_batch_size': 128, 'model_string': 'resnet50', 'min_batch_size': 128, 'dataset': 'CIFAR', 'placement': None, 'use_nccl': True, 'devices_per_worker': 1, 'primary_resource': 'extra_gpu', 'gpu': False, 'verbose': False, 'lr_config': {'mode': 'log', 'steps': 5, 'initial_lr': 0.0005, 'target_lr': 0.0005}, 'batch_per_device': 128}",87.78954148292542,0,2,1366.9028985713803,1,11.697847604751587
0.017525458335876466,0.03152648406692698,0.0008527994155883789,0.0017791459017702381,0.02783827781677246,nan,0.0,0.047564029693603516,0.36499998966852826,2.0366323853810626,-0.42080000042915344,nan,0.0,nan,0.0,nan,0.0,0.38029998540878296,1.8463985626220702,nan,0.0,0.42080000042915344,1.8854786680221558,nan,0.0,60000,1,False,,,3,-2.0366323853810626,b950c54437434bffbd97d39c657b76b6,2019-06-06_13-20-39,1559852439,40.3052716255188,128.0948131084442,14583,steropes,169.229.49.254,"{'starting_lr': 0.0005, 'momentum': 0.99, 'weight_decay': 0.001, 'steps_per_iteration': None, 'pin': False, 'model_creator': None, 'target_batch_size': 128, 'model_string': 'resnet50', 'min_batch_size': 128, 'dataset': 'CIFAR', 'placement': None, 'use_nccl': True, 'devices_per_worker': 1, 'primary_resource': 'extra_gpu', 'gpu': False, 'verbose': False, 'lr_config': {'mode': 'log', 'steps': 5, 'initial_lr': 0.0005, 'target_lr': 0.0005}, 'batch_per_device': 128}",128.0948131084442,0,3,1405.2045695700508,1,11.697847604751587
0.01710669994354248,0.031745856321310696,0.000655055046081543,0.0017777092926337592,0.02770719528198242,nan,0.0,0.04805307388305664,0.3761499896645546,2.149337850809097,-0.40959998965263367,nan,0.0,nan,0.0,nan,0.0,0.4040199816226959,1.8164621727371215,nan,0.0,0.40959998965263367,2.4874542470932006,nan,0.0,60000,1,False,,,4,-2.149337850809097,b950c54437434bffbd97d39c657b76b6,2019-06-06_13-21-20,1559852480,40.40470314025879,168.499516248703,14583,steropes,169.229.49.254,"{'starting_lr': 0.0005, 'momentum': 0.99, 'weight_decay': 0.001, 'steps_per_iteration': None, 'pin': False, 'model_creator': None, 'target_batch_size': 128, 'model_string': 'resnet50', 'min_batch_size': 128, 'dataset': 'CIFAR', 'placement': None, 'use_nccl': True, 'devices_per_worker': 1, 'primary_resource': 'extra_gpu', 'gpu': False, 'verbose': False, 'lr_config': {'mode': 'log', 'steps': 5, 'initial_lr': 0.0005, 'target_lr': 0.0005}, 'batch_per_device': 128}",168.499516248703,0,4,1424.3322736762334,1,11.697847604751587
0.017032289505004884,0.031262271011931984,0.000656747817993164,0.0017884234943048424,0.027925491333007812,nan,0.0,0.04741635322570801,0.3873199880123138,2.164598431434631,-0.43199998140335083,nan,0.0,nan,0.0,nan,0.0,0.4163399934768677,1.7926773120880126,nan,0.0,0.43199998140335083,2.2256407539367675,nan,0.0,60000,1,False,,,5,-2.164598431434631,b950c54437434bffbd97d39c657b76b6,2019-06-06_13-22-00,1559852520,40.37169623374939,208.8712124824524,14583,steropes,169.229.49.254,"{'starting_lr': 0.0005, 'momentum': 0.99, 'weight_decay': 0.001, 'steps_per_iteration': None, 'pin': False, 'model_creator': None, 'target_batch_size': 128, 'model_string': 'resnet50', 'min_batch_size': 128, 'dataset': 'CIFAR', 'placement': None, 'use_nccl': True, 'devices_per_worker': 1, 'primary_resource': 'extra_gpu', 'gpu': False, 'verbose': False, 'lr_config': {'mode': 'log', 'steps': 5, 'initial_lr': 0.0005, 'target_lr': 0.0005}, 'batch_per_device': 128}",208.8712124824524,0,5,1436.2878317384948,1,11.697847604751587
0.017351770401000978,0.031948137886916535,0.0006796121597290039,0.0018212148905410181,0.028247308731079102,nan,0.0,0.0476682186126709,0.4183199882507324,2.043369706382751,-0.45499998331069946,nan,0.0,nan,0.0,nan,0.0,0.4191399812698364,1.7160925943374634,nan,0.0,0.45499998331069946,1.616027131652832,nan,0.0,60000,1,False,,,6,-2.043369706382751,b950c54437434bffbd97d39c657b76b6,2019-06-06_13-22-41,1559852561,40.5904004573822,249.4616129398346,14583,steropes,169.229.49.254,"{'starting_lr': 0.0005, 'momentum': 0.99, 'weight_decay': 0.001, 'steps_per_iteration': None, 'pin': False, 'model_creator': None, 'target_batch_size': 128, 'model_string': 'resnet50', 'min_batch_size': 128, 'dataset': 'CIFAR', 'placement': None, 'use_nccl': True, 'devices_per_worker': 1, 'primary_resource': 'extra_gpu', 'gpu': False, 'verbose': False, 'lr_config': {'mode': 'log', 'steps': 5, 'initial_lr': 0.0005, 'target_lr': 0.0005}, 'batch_per_device': 128}",249.4616129398346,0,6,1482.3264485022096,1,11.697847604751587
0.01748547554016113,0.03176371658904643,0.00067291259765625,0.0017779971022740045,0.027820944786071777,nan,0.0,0.048889970779418944,0.4385599911212921,2.110191190986633,-0.47540000081062317,nan,0.0,nan,0.0,nan,0.0,0.44047999382019043,1.6713169436264037,nan,0.0,0.47540000081062317,2.3363551542282104,nan,0.0,60000,1,False,,,7,-2.110191190986633,b950c54437434bffbd97d39c657b76b6,2019-06-06_13-23-21,1559852601,40.333200454711914,289.7948133945465,14583,steropes,169.229.49.254,"{'starting_lr': 0.0005, 'momentum': 0.99, 'weight_decay': 0.001, 'steps_per_iteration': None, 'pin': False, 'model_creator': None, 'target_batch_size': 128, 'model_string': 'resnet50', 'min_batch_size': 128, 'dataset': 'CIFAR', 'placement': None, 'use_nccl': True, 'devices_per_worker': 1, 'primary_resource': 'extra_gpu', 'gpu': False, 'verbose': False, 'lr_config': {'mode': 'log', 'steps': 5, 'initial_lr': 0.0005, 'target_lr': 0.0005}, 'batch_per_device': 128}",289.7948133945465,0,7,1485.1055401002693,1,11.697847604751587
0.017202234268188475,0.03181552585167221,0.0006669282913208008,0.0017798331082629426,0.02735321521759033,nan,0.0,0.04727780818939209,0.45135998725891113,2.912926069335937,-0.48479998111724854,nan,0.0,nan,0.0,nan,0.0,0.46587997674942017,1.598127467956543,nan,0.0,0.48479998111724854,5.899153059768676,nan,0.0,60000,1,False,,,8,-2.912926069335937,b950c54437434bffbd97d39c657b76b6,2019-06-06_13-24-01,1559852641,40.2651641368866,330.0599775314331,14583,steropes,169.229.49.254,"{'starting_lr': 0.0005, 'momentum': 0.99, 'weight_decay': 0.001, 'steps_per_iteration': None, 'pin': False, 'model_creator': None, 'target_batch_size': 128, 'model_string': 'resnet50', 'min_batch_size': 128, 'dataset': 'CIFAR', 'placement': None, 'use_nccl': True, 'devices_per_worker': 1, 'primary_resource': 'extra_gpu', 'gpu': False, 'verbose': False, 'lr_config': {'mode': 'log', 'steps': 5, 'initial_lr': 0.0005, 'target_lr': 0.0005}, 'batch_per_device': 128}",330.0599775314331,0,8,1485.401723206959,1,11.697847604751587
0.016974449157714844,0.03152592574493795,0.0006888628005981446,0.0017733342202423173,0.027475666999816895,nan,0.0,0.047981667518615725,0.4684199869632721,3.0280626971817015,-0.4948999881744385,nan,0.0,nan,0.0,nan,0.0,0.45879998803138733,1.577401389579773,nan,0.0,0.4948999881744385,3.0631373863220217,nan,0.0,60000,1,True,,,9,-3.0280626971817015,b950c54437434bffbd97d39c657b76b6,2019-06-06_13-24-42,1559852682,40.324214696884155,370.38419222831726,14583,steropes,169.229.49.254,"{'starting_lr': 0.0005, 'momentum': 0.99, 'weight_decay': 0.001, 'steps_per_iteration': None, 'pin': False, 'model_creator': None, 'target_batch_size': 128, 'model_string': 'resnet50', 'min_batch_size': 128, 'dataset': 'CIFAR', 'placement': None, 'use_nccl': True, 'devices_per_worker': 1, 'primary_resource': 'extra_gpu', 'gpu': False, 'verbose': False, 'lr_config': {'mode': 'log', 'steps': 5, 'initial_lr': 0.0005, 'target_lr': 0.0005}, 'batch_per_device': 128}",370.38419222831726,0,9,1485.9939175078962,1,11.697847604751587
