{"apply": 0.018008708953857422, "batch_time": 0.04170919973638993, "d2h": 0.0007246971130371094, "data_time": 0.0018368681983264815, "fwd": 0.15788669586181642, "get_state_time_mean": NaN, "get_state_time_total": 0.0, "grad": 0.19748187065124512, "mean_accuracy": 0.29999998211860657, "mean_loss": 2.2221707569122313, "neg_mean_accuracy": -0.29999998211860657, "set_state_time_mean": NaN, "set_state_time_total": 0.0, "setup_model_time_mean": 10.43760085105896, "setup_model_time_total": 10.43760085105896, "setup_proc_time_mean": 0.9903097152709961, "setup_proc_time_total": 0.9903097152709961, "train_accuracy": 0.20823998749256134, "train_loss": 2.4108903745269776, "training_time_mean": NaN, "training_time_total": 0.0, "val_accuracy": 0.29999998211860657, "val_loss": 2.2221707569122313, "validation_time_mean": NaN, "validation_time_total": 0.0, "samples": 60000, "num_workers": 1, "done": false, "timesteps_total": null, "episodes_total": null, "training_iteration": 1, "neg_mean_loss": -2.2221707569122313, "experiment_id": "b950c54437434bffbd97d39c657b76b6", "date": "2019-06-06_13-19-18", "timestamp": 1559852358, "time_this_iter_s": 47.07761192321777, "time_total_s": 47.07761192321777, "pid": 14583, "hostname": "steropes", "node_ip": "169.229.49.254", "config": {"starting_lr": 0.0005, "momentum": 0.99, "weight_decay": 0.001, "steps_per_iteration": null, "pin": false, "model_creator": null, "target_batch_size": 128, "model_string": "resnet50", "min_batch_size": 128, "dataset": "CIFAR", "placement": null, "use_nccl": true, "devices_per_worker": 1, "primary_resource": "extra_gpu", "gpu": false, "verbose": false, "lr_config": {"mode": "log", "steps": 5, "initial_lr": 0.0005, "target_lr": 0.0005}, "batch_per_device": 128}, "time_since_restore": 47.07761192321777, "timesteps_since_restore": 0, "iterations_since_restore": 1, "mean_throughput": 1274.488863770545, "atoms": 1, "setup_time": 11.697847604751587}
{"apply": 0.01716170310974121, "batch_time": 0.031809933577911766, "d2h": 0.0006573677062988281, "data_time": 0.001804581688493109, "fwd": 0.027580976486206055, "get_state_time_mean": NaN, "get_state_time_total": 0.0, "grad": 0.049494385719299316, "mean_accuracy": 0.33709998428821564, "mean_loss": 2.1122092440605162, "neg_mean_accuracy": -0.3741999864578247, "set_state_time_mean": NaN, "set_state_time_total": 0.0, "setup_model_time_mean": NaN, "setup_model_time_total": 0.0, "setup_proc_time_mean": NaN, "setup_proc_time_total": 0.0, "train_accuracy": 0.3267599940299988, "train_loss": 1.9665081505584716, "training_time_mean": NaN, "training_time_total": 0.0, "val_accuracy": 0.3741999864578247, "val_loss": 2.002247731208801, "validation_time_mean": NaN, "validation_time_total": 0.0, "samples": 60000, "num_workers": 1, "done": false, "timesteps_total": null, "episodes_total": null, "training_iteration": 2, "neg_mean_loss": -2.1122092440605162, "experiment_id": "b950c54437434bffbd97d39c657b76b6", "date": "2019-06-06_13-19-59", "timestamp": 1559852399, "time_this_iter_s": 40.71192955970764, "time_total_s": 87.78954148292542, "pid": 14583, "hostname": "steropes", "node_ip": "169.229.49.254", "config": {"starting_lr": 0.0005, "momentum": 0.99, "weight_decay": 0.001, "steps_per_iteration": null, "pin": false, "model_creator": null, "target_batch_size": 128, "model_string": "resnet50", "min_batch_size": 128, "dataset": "CIFAR", "placement": null, "use_nccl": true, "devices_per_worker": 1, "primary_resource": "extra_gpu", "gpu": false, "verbose": false, "lr_config": {"mode": "log", "steps": 5, "initial_lr": 0.0005, "target_lr": 0.0005}, "batch_per_device": 128}, "time_since_restore": 87.78954148292542, "timesteps_since_restore": 0, "iterations_since_restore": 2, "mean_throughput": 1366.9028985713803, "atoms": 1, "setup_time": 11.697847604751587}
{"apply": 0.017525458335876466, "batch_time": 0.03152648406692698, "d2h": 0.0008527994155883789, "data_time": 0.0017791459017702381, "fwd": 0.02783827781677246, "get_state_time_mean": NaN, "get_state_time_total": 0.0, "grad": 0.047564029693603516, "mean_accuracy": 0.36499998966852826, "mean_loss": 2.0366323853810626, "neg_mean_accuracy": -0.42080000042915344, "set_state_time_mean": NaN, "set_state_time_total": 0.0, "setup_model_time_mean": NaN, "setup_model_time_total": 0.0, "setup_proc_time_mean": NaN, "setup_proc_time_total": 0.0, "train_accuracy": 0.38029998540878296, "train_loss": 1.8463985626220702, "training_time_mean": NaN, "training_time_total": 0.0, "val_accuracy": 0.42080000042915344, "val_loss": 1.8854786680221558, "validation_time_mean": NaN, "validation_time_total": 0.0, "samples": 60000, "num_workers": 1, "done": false, "timesteps_total": null, "episodes_total": null, "training_iteration": 3, "neg_mean_loss": -2.0366323853810626, "experiment_id": "b950c54437434bffbd97d39c657b76b6", "date": "2019-06-06_13-20-39", "timestamp": 1559852439, "time_this_iter_s": 40.3052716255188, "time_total_s": 128.0948131084442, "pid": 14583, "hostname": "steropes", "node_ip": "169.229.49.254", "config": {"starting_lr": 0.0005, "momentum": 0.99, "weight_decay": 0.001, "steps_per_iteration": null, "pin": false, "model_creator": null, "target_batch_size": 128, "model_string": "resnet50", "min_batch_size": 128, "dataset": "CIFAR", "placement": null, "use_nccl": true, "devices_per_worker": 1, "primary_resource": "extra_gpu", "gpu": false, "verbose": false, "lr_config": {"mode": "log", "steps": 5, "initial_lr": 0.0005, "target_lr": 0.0005}, "batch_per_device": 128}, "time_since_restore": 128.0948131084442, "timesteps_since_restore": 0, "iterations_since_restore": 3, "mean_throughput": 1405.2045695700508, "atoms": 1, "setup_time": 11.697847604751587}
{"apply": 0.01710669994354248, "batch_time": 0.031745856321310696, "d2h": 0.000655055046081543, "data_time": 0.0017777092926337592, "fwd": 0.02770719528198242, "get_state_time_mean": NaN, "get_state_time_total": 0.0, "grad": 0.04805307388305664, "mean_accuracy": 0.3761499896645546, "mean_loss": 2.149337850809097, "neg_mean_accuracy": -0.40959998965263367, "set_state_time_mean": NaN, "set_state_time_total": 0.0, "setup_model_time_mean": NaN, "setup_model_time_total": 0.0, "setup_proc_time_mean": NaN, "setup_proc_time_total": 0.0, "train_accuracy": 0.4040199816226959, "train_loss": 1.8164621727371215, "training_time_mean": NaN, "training_time_total": 0.0, "val_accuracy": 0.40959998965263367, "val_loss": 2.4874542470932006, "validation_time_mean": NaN, "validation_time_total": 0.0, "samples": 60000, "num_workers": 1, "done": false, "timesteps_total": null, "episodes_total": null, "training_iteration": 4, "neg_mean_loss": -2.149337850809097, "experiment_id": "b950c54437434bffbd97d39c657b76b6", "date": "2019-06-06_13-21-20", "timestamp": 1559852480, "time_this_iter_s": 40.40470314025879, "time_total_s": 168.499516248703, "pid": 14583, "hostname": "steropes", "node_ip": "169.229.49.254", "config": {"starting_lr": 0.0005, "momentum": 0.99, "weight_decay": 0.001, "steps_per_iteration": null, "pin": false, "model_creator": null, "target_batch_size": 128, "model_string": "resnet50", "min_batch_size": 128, "dataset": "CIFAR", "placement": null, "use_nccl": true, "devices_per_worker": 1, "primary_resource": "extra_gpu", "gpu": false, "verbose": false, "lr_config": {"mode": "log", "steps": 5, "initial_lr": 0.0005, "target_lr": 0.0005}, "batch_per_device": 128}, "time_since_restore": 168.499516248703, "timesteps_since_restore": 0, "iterations_since_restore": 4, "mean_throughput": 1424.3322736762334, "atoms": 1, "setup_time": 11.697847604751587}
{"apply": 0.017032289505004884, "batch_time": 0.031262271011931984, "d2h": 0.000656747817993164, "data_time": 0.0017884234943048424, "fwd": 0.027925491333007812, "get_state_time_mean": NaN, "get_state_time_total": 0.0, "grad": 0.04741635322570801, "mean_accuracy": 0.3873199880123138, "mean_loss": 2.164598431434631, "neg_mean_accuracy": -0.43199998140335083, "set_state_time_mean": NaN, "set_state_time_total": 0.0, "setup_model_time_mean": NaN, "setup_model_time_total": 0.0, "setup_proc_time_mean": NaN, "setup_proc_time_total": 0.0, "train_accuracy": 0.4163399934768677, "train_loss": 1.7926773120880126, "training_time_mean": NaN, "training_time_total": 0.0, "val_accuracy": 0.43199998140335083, "val_loss": 2.2256407539367675, "validation_time_mean": NaN, "validation_time_total": 0.0, "samples": 60000, "num_workers": 1, "done": false, "timesteps_total": null, "episodes_total": null, "training_iteration": 5, "neg_mean_loss": -2.164598431434631, "experiment_id": "b950c54437434bffbd97d39c657b76b6", "date": "2019-06-06_13-22-00", "timestamp": 1559852520, "time_this_iter_s": 40.37169623374939, "time_total_s": 208.8712124824524, "pid": 14583, "hostname": "steropes", "node_ip": "169.229.49.254", "config": {"starting_lr": 0.0005, "momentum": 0.99, "weight_decay": 0.001, "steps_per_iteration": null, "pin": false, "model_creator": null, "target_batch_size": 128, "model_string": "resnet50", "min_batch_size": 128, "dataset": "CIFAR", "placement": null, "use_nccl": true, "devices_per_worker": 1, "primary_resource": "extra_gpu", "gpu": false, "verbose": false, "lr_config": {"mode": "log", "steps": 5, "initial_lr": 0.0005, "target_lr": 0.0005}, "batch_per_device": 128}, "time_since_restore": 208.8712124824524, "timesteps_since_restore": 0, "iterations_since_restore": 5, "mean_throughput": 1436.2878317384948, "atoms": 1, "setup_time": 11.697847604751587}
{"apply": 0.017351770401000978, "batch_time": 0.031948137886916535, "d2h": 0.0006796121597290039, "data_time": 0.0018212148905410181, "fwd": 0.028247308731079102, "get_state_time_mean": NaN, "get_state_time_total": 0.0, "grad": 0.0476682186126709, "mean_accuracy": 0.4183199882507324, "mean_loss": 2.043369706382751, "neg_mean_accuracy": -0.45499998331069946, "set_state_time_mean": NaN, "set_state_time_total": 0.0, "setup_model_time_mean": NaN, "setup_model_time_total": 0.0, "setup_proc_time_mean": NaN, "setup_proc_time_total": 0.0, "train_accuracy": 0.4191399812698364, "train_loss": 1.7160925943374634, "training_time_mean": NaN, "training_time_total": 0.0, "val_accuracy": 0.45499998331069946, "val_loss": 1.616027131652832, "validation_time_mean": NaN, "validation_time_total": 0.0, "samples": 60000, "num_workers": 1, "done": false, "timesteps_total": null, "episodes_total": null, "training_iteration": 6, "neg_mean_loss": -2.043369706382751, "experiment_id": "b950c54437434bffbd97d39c657b76b6", "date": "2019-06-06_13-22-41", "timestamp": 1559852561, "time_this_iter_s": 40.5904004573822, "time_total_s": 249.4616129398346, "pid": 14583, "hostname": "steropes", "node_ip": "169.229.49.254", "config": {"starting_lr": 0.0005, "momentum": 0.99, "weight_decay": 0.001, "steps_per_iteration": null, "pin": false, "model_creator": null, "target_batch_size": 128, "model_string": "resnet50", "min_batch_size": 128, "dataset": "CIFAR", "placement": null, "use_nccl": true, "devices_per_worker": 1, "primary_resource": "extra_gpu", "gpu": false, "verbose": false, "lr_config": {"mode": "log", "steps": 5, "initial_lr": 0.0005, "target_lr": 0.0005}, "batch_per_device": 128}, "time_since_restore": 249.4616129398346, "timesteps_since_restore": 0, "iterations_since_restore": 6, "mean_throughput": 1482.3264485022096, "atoms": 1, "setup_time": 11.697847604751587}
{"apply": 0.01748547554016113, "batch_time": 0.03176371658904643, "d2h": 0.00067291259765625, "data_time": 0.0017779971022740045, "fwd": 0.027820944786071777, "get_state_time_mean": NaN, "get_state_time_total": 0.0, "grad": 0.048889970779418944, "mean_accuracy": 0.4385599911212921, "mean_loss": 2.110191190986633, "neg_mean_accuracy": -0.47540000081062317, "set_state_time_mean": NaN, "set_state_time_total": 0.0, "setup_model_time_mean": NaN, "setup_model_time_total": 0.0, "setup_proc_time_mean": NaN, "setup_proc_time_total": 0.0, "train_accuracy": 0.44047999382019043, "train_loss": 1.6713169436264037, "training_time_mean": NaN, "training_time_total": 0.0, "val_accuracy": 0.47540000081062317, "val_loss": 2.3363551542282104, "validation_time_mean": NaN, "validation_time_total": 0.0, "samples": 60000, "num_workers": 1, "done": false, "timesteps_total": null, "episodes_total": null, "training_iteration": 7, "neg_mean_loss": -2.110191190986633, "experiment_id": "b950c54437434bffbd97d39c657b76b6", "date": "2019-06-06_13-23-21", "timestamp": 1559852601, "time_this_iter_s": 40.333200454711914, "time_total_s": 289.7948133945465, "pid": 14583, "hostname": "steropes", "node_ip": "169.229.49.254", "config": {"starting_lr": 0.0005, "momentum": 0.99, "weight_decay": 0.001, "steps_per_iteration": null, "pin": false, "model_creator": null, "target_batch_size": 128, "model_string": "resnet50", "min_batch_size": 128, "dataset": "CIFAR", "placement": null, "use_nccl": true, "devices_per_worker": 1, "primary_resource": "extra_gpu", "gpu": false, "verbose": false, "lr_config": {"mode": "log", "steps": 5, "initial_lr": 0.0005, "target_lr": 0.0005}, "batch_per_device": 128}, "time_since_restore": 289.7948133945465, "timesteps_since_restore": 0, "iterations_since_restore": 7, "mean_throughput": 1485.1055401002693, "atoms": 1, "setup_time": 11.697847604751587}
{"apply": 0.017202234268188475, "batch_time": 0.03181552585167221, "d2h": 0.0006669282913208008, "data_time": 0.0017798331082629426, "fwd": 0.02735321521759033, "get_state_time_mean": NaN, "get_state_time_total": 0.0, "grad": 0.04727780818939209, "mean_accuracy": 0.45135998725891113, "mean_loss": 2.912926069335937, "neg_mean_accuracy": -0.48479998111724854, "set_state_time_mean": NaN, "set_state_time_total": 0.0, "setup_model_time_mean": NaN, "setup_model_time_total": 0.0, "setup_proc_time_mean": NaN, "setup_proc_time_total": 0.0, "train_accuracy": 0.46587997674942017, "train_loss": 1.598127467956543, "training_time_mean": NaN, "training_time_total": 0.0, "val_accuracy": 0.48479998111724854, "val_loss": 5.899153059768676, "validation_time_mean": NaN, "validation_time_total": 0.0, "samples": 60000, "num_workers": 1, "done": false, "timesteps_total": null, "episodes_total": null, "training_iteration": 8, "neg_mean_loss": -2.912926069335937, "experiment_id": "b950c54437434bffbd97d39c657b76b6", "date": "2019-06-06_13-24-01", "timestamp": 1559852641, "time_this_iter_s": 40.2651641368866, "time_total_s": 330.0599775314331, "pid": 14583, "hostname": "steropes", "node_ip": "169.229.49.254", "config": {"starting_lr": 0.0005, "momentum": 0.99, "weight_decay": 0.001, "steps_per_iteration": null, "pin": false, "model_creator": null, "target_batch_size": 128, "model_string": "resnet50", "min_batch_size": 128, "dataset": "CIFAR", "placement": null, "use_nccl": true, "devices_per_worker": 1, "primary_resource": "extra_gpu", "gpu": false, "verbose": false, "lr_config": {"mode": "log", "steps": 5, "initial_lr": 0.0005, "target_lr": 0.0005}, "batch_per_device": 128}, "time_since_restore": 330.0599775314331, "timesteps_since_restore": 0, "iterations_since_restore": 8, "mean_throughput": 1485.401723206959, "atoms": 1, "setup_time": 11.697847604751587}
{"apply": 0.016974449157714844, "batch_time": 0.03152592574493795, "d2h": 0.0006888628005981446, "data_time": 0.0017733342202423173, "fwd": 0.027475666999816895, "get_state_time_mean": NaN, "get_state_time_total": 0.0, "grad": 0.047981667518615725, "mean_accuracy": 0.4684199869632721, "mean_loss": 3.0280626971817015, "neg_mean_accuracy": -0.4948999881744385, "set_state_time_mean": NaN, "set_state_time_total": 0.0, "setup_model_time_mean": NaN, "setup_model_time_total": 0.0, "setup_proc_time_mean": NaN, "setup_proc_time_total": 0.0, "train_accuracy": 0.45879998803138733, "train_loss": 1.577401389579773, "training_time_mean": NaN, "training_time_total": 0.0, "val_accuracy": 0.4948999881744385, "val_loss": 3.0631373863220217, "validation_time_mean": NaN, "validation_time_total": 0.0, "samples": 60000, "num_workers": 1, "done": true, "timesteps_total": null, "episodes_total": null, "training_iteration": 9, "neg_mean_loss": -3.0280626971817015, "experiment_id": "b950c54437434bffbd97d39c657b76b6", "date": "2019-06-06_13-24-42", "timestamp": 1559852682, "time_this_iter_s": 40.324214696884155, "time_total_s": 370.38419222831726, "pid": 14583, "hostname": "steropes", "node_ip": "169.229.49.254", "config": {"starting_lr": 0.0005, "momentum": 0.99, "weight_decay": 0.001, "steps_per_iteration": null, "pin": false, "model_creator": null, "target_batch_size": 128, "model_string": "resnet50", "min_batch_size": 128, "dataset": "CIFAR", "placement": null, "use_nccl": true, "devices_per_worker": 1, "primary_resource": "extra_gpu", "gpu": false, "verbose": false, "lr_config": {"mode": "log", "steps": 5, "initial_lr": 0.0005, "target_lr": 0.0005}, "batch_per_device": 128}, "time_since_restore": 370.38419222831726, "timesteps_since_restore": 0, "iterations_since_restore": 9, "mean_throughput": 1485.9939175078962, "atoms": 1, "setup_time": 11.697847604751587}
