apply,batch_time,d2h,data_time,fwd,get_state_time_mean,get_state_time_total,grad,mean_accuracy,mean_loss,neg_mean_accuracy,set_state_time_mean,set_state_time_total,setup_model_time_mean,setup_model_time_total,setup_proc_time_mean,setup_proc_time_total,train_accuracy,train_loss,training_time_mean,training_time_total,val_accuracy,val_loss,validation_time_mean,validation_time_total,samples,num_workers,done,timesteps_total,episodes_total,training_iteration,neg_mean_loss,experiment_id,date,timestamp,time_this_iter_s,time_total_s,pid,hostname,node_ip,config,time_since_restore,timesteps_since_restore,iterations_since_restore,mean_throughput,atoms,setup_time
0.017380642890930175,0.045351544512978084,0.0007409811019897461,0.001863223512459289,0.1575035810470581,nan,0.0,0.16470947265625,0.12839999794960022,2.3150382904052735,-0.12839999794960022,nan,0.0,9.749776601791382,9.749776601791382,0.12049174308776855,0.12049174308776855,0.10465999692678452,4.341894357147217,nan,0.0,0.12839999794960022,2.3150382904052735,nan,0.0,60000,1,False,,,1,-2.3150382904052735,038525f5adbe4157bc0a1b48ca6ffbd1,2019-06-06_14-19-44,1559855984,46.75158953666687,46.75158953666687,30556,steropes,169.229.49.254,"{'starting_lr': 0.1, 'momentum': 0.95, 'weight_decay': 0.001, 'steps_per_iteration': None, 'pin': False, 'model_creator': None, 'target_batch_size': 128, 'model_string': 'resnet50', 'min_batch_size': 128, 'dataset': 'CIFAR', 'placement': None, 'use_nccl': True, 'devices_per_worker': 1, 'primary_resource': 'extra_gpu', 'gpu': False, 'verbose': False, 'lr_config': {'mode': 'log', 'steps': 5, 'initial_lr': 0.1, 'target_lr': 0.1}, 'batch_per_device': 128}",46.75158953666687,0,1,1283.3748971185462,1,9.989268064498901
0.017629194259643554,0.03361448758765112,0.0007774829864501953,0.0017936424830990374,0.027690720558166505,nan,0.0,0.048037052154541016,0.16804999858140945,2.1697613645553586,-0.2076999992132187,nan,0.0,nan,0.0,nan,0.0,0.18281999230384827,2.136719386062622,nan,0.0,0.2076999992132187,2.024484438705444,nan,0.0,60000,1,False,,,2,-2.1697613645553586,038525f5adbe4157bc0a1b48ca6ffbd1,2019-06-06_14-20-25,1559856025,41.09946036338806,87.85104990005493,30556,steropes,169.229.49.254,"{'starting_lr': 0.1, 'momentum': 0.95, 'weight_decay': 0.001, 'steps_per_iteration': None, 'pin': False, 'model_creator': None, 'target_batch_size': 128, 'model_string': 'resnet50', 'min_batch_size': 128, 'dataset': 'CIFAR', 'placement': None, 'use_nccl': True, 'devices_per_worker': 1, 'primary_resource': 'extra_gpu', 'gpu': False, 'verbose': False, 'lr_config': {'mode': 'log', 'steps': 5, 'initial_lr': 0.1, 'target_lr': 0.1}, 'batch_per_device': 128}",87.85104990005493,0,2,1365.9449850004448,1,9.989268064498901
0.017054271697998048,0.03145060961759543,0.0008006572723388671,0.0017698616018075773,0.02754647731781006,nan,0.0,0.04728267192840576,0.21076666812102,2.056211112531026,-0.2962000072002411,nan,0.0,nan,0.0,nan,0.0,0.2950800061225891,1.8683157327270508,nan,0.0,0.2962000072002411,1.8291106084823607,nan,0.0,60000,1,False,,,3,-2.056211112531026,038525f5adbe4157bc0a1b48ca6ffbd1,2019-06-06_14-21-06,1559856066,40.87095379829407,128.722003698349,30556,steropes,169.229.49.254,"{'starting_lr': 0.1, 'momentum': 0.95, 'weight_decay': 0.001, 'steps_per_iteration': None, 'pin': False, 'model_creator': None, 'target_batch_size': 128, 'model_string': 'resnet50', 'min_batch_size': 128, 'dataset': 'CIFAR', 'placement': None, 'use_nccl': True, 'devices_per_worker': 1, 'primary_resource': 'extra_gpu', 'gpu': False, 'verbose': False, 'lr_config': {'mode': 'log', 'steps': 5, 'initial_lr': 0.1, 'target_lr': 0.1}, 'batch_per_device': 128}",128.722003698349,0,3,1398.358983565609,1,9.989268064498901
0.01903097629547119,0.032825602760797816,0.0007295608520507812,0.0017836173172192196,0.029409098625183105,nan,0.0,0.04783687591552734,0.2581249959766865,1.9412468062877652,-0.4001999795436859,nan,0.0,nan,0.0,nan,0.0,0.3722800016403198,1.6932889346694946,nan,0.0,0.4001999795436859,1.5963538875579835,nan,0.0,60000,1,False,,,4,-1.9412468062877652,038525f5adbe4157bc0a1b48ca6ffbd1,2019-06-06_14-21-47,1559856107,41.00813174247742,169.73013544082642,30556,steropes,169.229.49.254,"{'starting_lr': 0.1, 'momentum': 0.95, 'weight_decay': 0.001, 'steps_per_iteration': None, 'pin': False, 'model_creator': None, 'target_batch_size': 128, 'model_string': 'resnet50', 'min_batch_size': 128, 'dataset': 'CIFAR', 'placement': None, 'use_nccl': True, 'devices_per_worker': 1, 'primary_resource': 'extra_gpu', 'gpu': False, 'verbose': False, 'lr_config': {'mode': 'log', 'steps': 5, 'initial_lr': 0.1, 'target_lr': 0.1}, 'batch_per_device': 128}",169.73013544082642,0,4,1414.0060657047916,1,9.989268064498901
0.017229580879211427,0.031355130521557,0.0007384061813354492,0.0017322750042771439,0.027173542976379396,nan,0.0,0.04727039337158203,0.2818999975919724,1.9002329496765136,-0.37700000405311584,nan,0.0,nan,0.0,nan,0.0,0.40911999344825745,1.6041774411392211,nan,0.0,0.37700000405311584,1.7361775232315064,nan,0.0,60000,1,False,,,5,-1.9002329496765136,038525f5adbe4157bc0a1b48ca6ffbd1,2019-06-06_14-22-27,1559856147,40.52825880050659,210.258394241333,30556,steropes,169.229.49.254,"{'starting_lr': 0.1, 'momentum': 0.95, 'weight_decay': 0.001, 'steps_per_iteration': None, 'pin': False, 'model_creator': None, 'target_batch_size': 128, 'model_string': 'resnet50', 'min_batch_size': 128, 'dataset': 'CIFAR', 'placement': None, 'use_nccl': True, 'devices_per_worker': 1, 'primary_resource': 'extra_gpu', 'gpu': False, 'verbose': False, 'lr_config': {'mode': 'log', 'steps': 5, 'initial_lr': 0.1, 'target_lr': 0.1}, 'batch_per_device': 128}",210.258394241333,0,5,1426.8125560637047,1,9.989268064498901
0.021418237686157228,0.0315214138996752,0.0008351087570190429,0.0017033287936159412,0.030154776573181153,nan,0.0,0.0486863374710083,0.33937999308109285,1.7603504467773436,-0.41579997539520264,nan,0.0,nan,0.0,nan,0.0,0.43907999992370605,1.5431389541244507,nan,0.0,0.41579997539520264,1.615625775909424,nan,0.0,60000,1,False,,,6,-1.7603504467773436,038525f5adbe4157bc0a1b48ca6ffbd1,2019-06-06_14-23-08,1559856188,40.353830099105835,250.61222434043884,30556,steropes,169.229.49.254,"{'starting_lr': 0.1, 'momentum': 0.95, 'weight_decay': 0.001, 'steps_per_iteration': None, 'pin': False, 'model_creator': None, 'target_batch_size': 128, 'model_string': 'resnet50', 'min_batch_size': 128, 'dataset': 'CIFAR', 'placement': None, 'use_nccl': True, 'devices_per_worker': 1, 'primary_resource': 'extra_gpu', 'gpu': False, 'verbose': False, 'lr_config': {'mode': 'log', 'steps': 5, 'initial_lr': 0.1, 'target_lr': 0.1}, 'batch_per_device': 128}",250.61222434043884,0,6,1471.5905355172251,1,9.989268064498901
0.02047959566116333,0.06049776077270508,0.0006377816200256348,0.0028884070260184152,0.1433073043823242,nan,0.0,0.23276466131210327,0.4043799817562103,1.6191539342308043,-0.5326999425888062,3.223584532737732,3.223584532737732,10.066394805908203,10.066394805908203,0.9174859523773193,0.9174859523773193,0.5023800134658813,1.3791576481628418,nan,0.0,0.5326999425888062,1.3185018759727478,nan,0.0,60000,2,False,,,7,-1.6191539342308043,038525f5adbe4157bc0a1b48ca6ffbd1,2019-06-06_14-24-03,1559856243,34.068185329437256,284.6804096698761,9925,steropes,169.229.49.254,"{'starting_lr': 0.1, 'momentum': 0.95, 'weight_decay': 0.001, 'steps_per_iteration': None, 'pin': False, 'model_creator': None, 'target_batch_size': 128, 'model_string': 'resnet50', 'min_batch_size': 128, 'dataset': 'CIFAR', 'placement': None, 'use_nccl': True, 'devices_per_worker': 1, 'primary_resource': 'extra_gpu', 'gpu': False, 'verbose': False, 'lr_config': {'mode': 'log', 'steps': 5, 'initial_lr': 0.1, 'target_lr': 0.14142135623730953}, 'batch_per_device': 128}",34.068185329437256,0,1,1761.1678952425432,2,19.6422700881958
0.01872718334197998,0.03714700341224671,0.0006705641746520997,0.0027089903549272184,0.029265856742858885,nan,0.0,0.08200471401214598,0.4403999805450439,1.553124359264374,-0.4763000011444092,nan,0.0,nan,0.0,nan,0.0,0.5253399610519409,1.3322201786231995,nan,0.0,0.4763000011444092,1.4989627336502074,nan,0.0,60000,2,False,,,8,-1.553124359264374,038525f5adbe4157bc0a1b48ca6ffbd1,2019-06-06_14-24-31,1559856271,27.86585783958435,312.54626750946045,9925,steropes,169.229.49.254,"{'starting_lr': 0.1, 'momentum': 0.95, 'weight_decay': 0.001, 'steps_per_iteration': None, 'pin': False, 'model_creator': None, 'target_batch_size': 128, 'model_string': 'resnet50', 'min_batch_size': 128, 'dataset': 'CIFAR', 'placement': None, 'use_nccl': True, 'devices_per_worker': 1, 'primary_resource': 'extra_gpu', 'gpu': False, 'verbose': False, 'lr_config': {'mode': 'log', 'steps': 5, 'initial_lr': 0.1, 'target_lr': 0.14142135623730953}, 'batch_per_device': 128}",61.934043169021606,0,2,1937.538864273002,2,19.6422700881958
0.017697858810424804,0.03766561448574066,0.0006626725196838378,0.0028049982323938485,0.0289706826210022,nan,0.0,0.08111588954925536,0.45563998222351076,1.5519758430480954,-0.4763999879360199,nan,0.0,nan,0.0,nan,0.0,0.5358200073242188,1.309494065723419,nan,0.0,0.4763999879360199,1.590611306476593,nan,0.0,60000,2,False,,,9,-1.5519758430480954,038525f5adbe4157bc0a1b48ca6ffbd1,2019-06-06_14-24-59,1559856299,28.079941749572754,340.6262092590332,9925,steropes,169.229.49.254,"{'starting_lr': 0.1, 'momentum': 0.95, 'weight_decay': 0.001, 'steps_per_iteration': None, 'pin': False, 'model_creator': None, 'target_batch_size': 128, 'model_string': 'resnet50', 'min_batch_size': 128, 'dataset': 'CIFAR', 'placement': None, 'use_nccl': True, 'devices_per_worker': 1, 'primary_resource': 'extra_gpu', 'gpu': False, 'verbose': False, 'lr_config': {'mode': 'log', 'steps': 5, 'initial_lr': 0.1, 'target_lr': 0.14142135623730953}, 'batch_per_device': 128}",90.01398491859436,0,3,1999.6798603993432,2,19.6422700881958
0.017559313774108888,0.03731842637062073,0.0006845831871032716,0.002729749801207562,0.029500401020050047,nan,0.0,0.08149917125701905,0.4834199845790863,1.4797195118904114,-0.5159000158309937,nan,0.0,nan,0.0,nan,0.0,0.5399399995803833,1.2957637165641784,nan,0.0,0.5159000158309937,1.374895867443085,nan,0.0,60000,2,True,,,10,-1.4797195118904114,038525f5adbe4157bc0a1b48ca6ffbd1,2019-06-06_14-25-27,1559856327,27.775867223739624,368.4020764827728,9925,steropes,169.229.49.254,"{'starting_lr': 0.1, 'momentum': 0.95, 'weight_decay': 0.001, 'steps_per_iteration': None, 'pin': False, 'model_creator': None, 'target_batch_size': 128, 'model_string': 'resnet50', 'min_batch_size': 128, 'dataset': 'CIFAR', 'placement': None, 'use_nccl': True, 'devices_per_worker': 1, 'primary_resource': 'extra_gpu', 'gpu': False, 'verbose': False, 'lr_config': {'mode': 'log', 'steps': 5, 'initial_lr': 0.1, 'target_lr': 0.14142135623730953}, 'batch_per_device': 128}",117.78985214233398,0,4,2037.5182759111601,2,19.6422700881958
