{"apply": 0.017380642890930175, "batch_time": 0.045351544512978084, "d2h": 0.0007409811019897461, "data_time": 0.001863223512459289, "fwd": 0.1575035810470581, "get_state_time_mean": NaN, "get_state_time_total": 0.0, "grad": 0.16470947265625, "mean_accuracy": 0.12839999794960022, "mean_loss": 2.3150382904052735, "neg_mean_accuracy": -0.12839999794960022, "set_state_time_mean": NaN, "set_state_time_total": 0.0, "setup_model_time_mean": 9.749776601791382, "setup_model_time_total": 9.749776601791382, "setup_proc_time_mean": 0.12049174308776855, "setup_proc_time_total": 0.12049174308776855, "train_accuracy": 0.10465999692678452, "train_loss": 4.341894357147217, "training_time_mean": NaN, "training_time_total": 0.0, "val_accuracy": 0.12839999794960022, "val_loss": 2.3150382904052735, "validation_time_mean": NaN, "validation_time_total": 0.0, "samples": 60000, "num_workers": 1, "done": false, "timesteps_total": null, "episodes_total": null, "training_iteration": 1, "neg_mean_loss": -2.3150382904052735, "experiment_id": "038525f5adbe4157bc0a1b48ca6ffbd1", "date": "2019-06-06_14-19-44", "timestamp": 1559855984, "time_this_iter_s": 46.75158953666687, "time_total_s": 46.75158953666687, "pid": 30556, "hostname": "steropes", "node_ip": "169.229.49.254", "config": {"starting_lr": 0.1, "momentum": 0.95, "weight_decay": 0.001, "steps_per_iteration": null, "pin": false, "model_creator": null, "target_batch_size": 128, "model_string": "resnet50", "min_batch_size": 128, "dataset": "CIFAR", "placement": null, "use_nccl": true, "devices_per_worker": 1, "primary_resource": "extra_gpu", "gpu": false, "verbose": false, "lr_config": {"mode": "log", "steps": 5, "initial_lr": 0.1, "target_lr": 0.1}, "batch_per_device": 128}, "time_since_restore": 46.75158953666687, "timesteps_since_restore": 0, "iterations_since_restore": 1, "mean_throughput": 1283.3748971185462, "atoms": 1, "setup_time": 9.989268064498901}
{"apply": 0.017629194259643554, "batch_time": 0.03361448758765112, "d2h": 0.0007774829864501953, "data_time": 0.0017936424830990374, "fwd": 0.027690720558166505, "get_state_time_mean": NaN, "get_state_time_total": 0.0, "grad": 0.048037052154541016, "mean_accuracy": 0.16804999858140945, "mean_loss": 2.1697613645553586, "neg_mean_accuracy": -0.2076999992132187, "set_state_time_mean": NaN, "set_state_time_total": 0.0, "setup_model_time_mean": NaN, "setup_model_time_total": 0.0, "setup_proc_time_mean": NaN, "setup_proc_time_total": 0.0, "train_accuracy": 0.18281999230384827, "train_loss": 2.136719386062622, "training_time_mean": NaN, "training_time_total": 0.0, "val_accuracy": 0.2076999992132187, "val_loss": 2.024484438705444, "validation_time_mean": NaN, "validation_time_total": 0.0, "samples": 60000, "num_workers": 1, "done": false, "timesteps_total": null, "episodes_total": null, "training_iteration": 2, "neg_mean_loss": -2.1697613645553586, "experiment_id": "038525f5adbe4157bc0a1b48ca6ffbd1", "date": "2019-06-06_14-20-25", "timestamp": 1559856025, "time_this_iter_s": 41.09946036338806, "time_total_s": 87.85104990005493, "pid": 30556, "hostname": "steropes", "node_ip": "169.229.49.254", "config": {"starting_lr": 0.1, "momentum": 0.95, "weight_decay": 0.001, "steps_per_iteration": null, "pin": false, "model_creator": null, "target_batch_size": 128, "model_string": "resnet50", "min_batch_size": 128, "dataset": "CIFAR", "placement": null, "use_nccl": true, "devices_per_worker": 1, "primary_resource": "extra_gpu", "gpu": false, "verbose": false, "lr_config": {"mode": "log", "steps": 5, "initial_lr": 0.1, "target_lr": 0.1}, "batch_per_device": 128}, "time_since_restore": 87.85104990005493, "timesteps_since_restore": 0, "iterations_since_restore": 2, "mean_throughput": 1365.9449850004448, "atoms": 1, "setup_time": 9.989268064498901}
{"apply": 0.017054271697998048, "batch_time": 0.03145060961759543, "d2h": 0.0008006572723388671, "data_time": 0.0017698616018075773, "fwd": 0.02754647731781006, "get_state_time_mean": NaN, "get_state_time_total": 0.0, "grad": 0.04728267192840576, "mean_accuracy": 0.21076666812102, "mean_loss": 2.056211112531026, "neg_mean_accuracy": -0.2962000072002411, "set_state_time_mean": NaN, "set_state_time_total": 0.0, "setup_model_time_mean": NaN, "setup_model_time_total": 0.0, "setup_proc_time_mean": NaN, "setup_proc_time_total": 0.0, "train_accuracy": 0.2950800061225891, "train_loss": 1.8683157327270508, "training_time_mean": NaN, "training_time_total": 0.0, "val_accuracy": 0.2962000072002411, "val_loss": 1.8291106084823607, "validation_time_mean": NaN, "validation_time_total": 0.0, "samples": 60000, "num_workers": 1, "done": false, "timesteps_total": null, "episodes_total": null, "training_iteration": 3, "neg_mean_loss": -2.056211112531026, "experiment_id": "038525f5adbe4157bc0a1b48ca6ffbd1", "date": "2019-06-06_14-21-06", "timestamp": 1559856066, "time_this_iter_s": 40.87095379829407, "time_total_s": 128.722003698349, "pid": 30556, "hostname": "steropes", "node_ip": "169.229.49.254", "config": {"starting_lr": 0.1, "momentum": 0.95, "weight_decay": 0.001, "steps_per_iteration": null, "pin": false, "model_creator": null, "target_batch_size": 128, "model_string": "resnet50", "min_batch_size": 128, "dataset": "CIFAR", "placement": null, "use_nccl": true, "devices_per_worker": 1, "primary_resource": "extra_gpu", "gpu": false, "verbose": false, "lr_config": {"mode": "log", "steps": 5, "initial_lr": 0.1, "target_lr": 0.1}, "batch_per_device": 128}, "time_since_restore": 128.722003698349, "timesteps_since_restore": 0, "iterations_since_restore": 3, "mean_throughput": 1398.358983565609, "atoms": 1, "setup_time": 9.989268064498901}
{"apply": 0.01903097629547119, "batch_time": 0.032825602760797816, "d2h": 0.0007295608520507812, "data_time": 0.0017836173172192196, "fwd": 0.029409098625183105, "get_state_time_mean": NaN, "get_state_time_total": 0.0, "grad": 0.04783687591552734, "mean_accuracy": 0.2581249959766865, "mean_loss": 1.9412468062877652, "neg_mean_accuracy": -0.4001999795436859, "set_state_time_mean": NaN, "set_state_time_total": 0.0, "setup_model_time_mean": NaN, "setup_model_time_total": 0.0, "setup_proc_time_mean": NaN, "setup_proc_time_total": 0.0, "train_accuracy": 0.3722800016403198, "train_loss": 1.6932889346694946, "training_time_mean": NaN, "training_time_total": 0.0, "val_accuracy": 0.4001999795436859, "val_loss": 1.5963538875579835, "validation_time_mean": NaN, "validation_time_total": 0.0, "samples": 60000, "num_workers": 1, "done": false, "timesteps_total": null, "episodes_total": null, "training_iteration": 4, "neg_mean_loss": -1.9412468062877652, "experiment_id": "038525f5adbe4157bc0a1b48ca6ffbd1", "date": "2019-06-06_14-21-47", "timestamp": 1559856107, "time_this_iter_s": 41.00813174247742, "time_total_s": 169.73013544082642, "pid": 30556, "hostname": "steropes", "node_ip": "169.229.49.254", "config": {"starting_lr": 0.1, "momentum": 0.95, "weight_decay": 0.001, "steps_per_iteration": null, "pin": false, "model_creator": null, "target_batch_size": 128, "model_string": "resnet50", "min_batch_size": 128, "dataset": "CIFAR", "placement": null, "use_nccl": true, "devices_per_worker": 1, "primary_resource": "extra_gpu", "gpu": false, "verbose": false, "lr_config": {"mode": "log", "steps": 5, "initial_lr": 0.1, "target_lr": 0.1}, "batch_per_device": 128}, "time_since_restore": 169.73013544082642, "timesteps_since_restore": 0, "iterations_since_restore": 4, "mean_throughput": 1414.0060657047916, "atoms": 1, "setup_time": 9.989268064498901}
{"apply": 0.017229580879211427, "batch_time": 0.031355130521557, "d2h": 0.0007384061813354492, "data_time": 0.0017322750042771439, "fwd": 0.027173542976379396, "get_state_time_mean": NaN, "get_state_time_total": 0.0, "grad": 0.04727039337158203, "mean_accuracy": 0.2818999975919724, "mean_loss": 1.9002329496765136, "neg_mean_accuracy": -0.37700000405311584, "set_state_time_mean": NaN, "set_state_time_total": 0.0, "setup_model_time_mean": NaN, "setup_model_time_total": 0.0, "setup_proc_time_mean": NaN, "setup_proc_time_total": 0.0, "train_accuracy": 0.40911999344825745, "train_loss": 1.6041774411392211, "training_time_mean": NaN, "training_time_total": 0.0, "val_accuracy": 0.37700000405311584, "val_loss": 1.7361775232315064, "validation_time_mean": NaN, "validation_time_total": 0.0, "samples": 60000, "num_workers": 1, "done": false, "timesteps_total": null, "episodes_total": null, "training_iteration": 5, "neg_mean_loss": -1.9002329496765136, "experiment_id": "038525f5adbe4157bc0a1b48ca6ffbd1", "date": "2019-06-06_14-22-27", "timestamp": 1559856147, "time_this_iter_s": 40.52825880050659, "time_total_s": 210.258394241333, "pid": 30556, "hostname": "steropes", "node_ip": "169.229.49.254", "config": {"starting_lr": 0.1, "momentum": 0.95, "weight_decay": 0.001, "steps_per_iteration": null, "pin": false, "model_creator": null, "target_batch_size": 128, "model_string": "resnet50", "min_batch_size": 128, "dataset": "CIFAR", "placement": null, "use_nccl": true, "devices_per_worker": 1, "primary_resource": "extra_gpu", "gpu": false, "verbose": false, "lr_config": {"mode": "log", "steps": 5, "initial_lr": 0.1, "target_lr": 0.1}, "batch_per_device": 128}, "time_since_restore": 210.258394241333, "timesteps_since_restore": 0, "iterations_since_restore": 5, "mean_throughput": 1426.8125560637047, "atoms": 1, "setup_time": 9.989268064498901}
{"apply": 0.021418237686157228, "batch_time": 0.0315214138996752, "d2h": 0.0008351087570190429, "data_time": 0.0017033287936159412, "fwd": 0.030154776573181153, "get_state_time_mean": NaN, "get_state_time_total": 0.0, "grad": 0.0486863374710083, "mean_accuracy": 0.33937999308109285, "mean_loss": 1.7603504467773436, "neg_mean_accuracy": -0.41579997539520264, "set_state_time_mean": NaN, "set_state_time_total": 0.0, "setup_model_time_mean": NaN, "setup_model_time_total": 0.0, "setup_proc_time_mean": NaN, "setup_proc_time_total": 0.0, "train_accuracy": 0.43907999992370605, "train_loss": 1.5431389541244507, "training_time_mean": NaN, "training_time_total": 0.0, "val_accuracy": 0.41579997539520264, "val_loss": 1.615625775909424, "validation_time_mean": NaN, "validation_time_total": 0.0, "samples": 60000, "num_workers": 1, "done": false, "timesteps_total": null, "episodes_total": null, "training_iteration": 6, "neg_mean_loss": -1.7603504467773436, "experiment_id": "038525f5adbe4157bc0a1b48ca6ffbd1", "date": "2019-06-06_14-23-08", "timestamp": 1559856188, "time_this_iter_s": 40.353830099105835, "time_total_s": 250.61222434043884, "pid": 30556, "hostname": "steropes", "node_ip": "169.229.49.254", "config": {"starting_lr": 0.1, "momentum": 0.95, "weight_decay": 0.001, "steps_per_iteration": null, "pin": false, "model_creator": null, "target_batch_size": 128, "model_string": "resnet50", "min_batch_size": 128, "dataset": "CIFAR", "placement": null, "use_nccl": true, "devices_per_worker": 1, "primary_resource": "extra_gpu", "gpu": false, "verbose": false, "lr_config": {"mode": "log", "steps": 5, "initial_lr": 0.1, "target_lr": 0.1}, "batch_per_device": 128}, "time_since_restore": 250.61222434043884, "timesteps_since_restore": 0, "iterations_since_restore": 6, "mean_throughput": 1471.5905355172251, "atoms": 1, "setup_time": 9.989268064498901}
{"apply": 0.02047959566116333, "batch_time": 0.06049776077270508, "d2h": 0.0006377816200256348, "data_time": 0.0028884070260184152, "fwd": 0.1433073043823242, "get_state_time_mean": NaN, "get_state_time_total": 0.0, "grad": 0.23276466131210327, "mean_accuracy": 0.4043799817562103, "mean_loss": 1.6191539342308043, "neg_mean_accuracy": -0.5326999425888062, "set_state_time_mean": 3.223584532737732, "set_state_time_total": 3.223584532737732, "setup_model_time_mean": 10.066394805908203, "setup_model_time_total": 10.066394805908203, "setup_proc_time_mean": 0.9174859523773193, "setup_proc_time_total": 0.9174859523773193, "train_accuracy": 0.5023800134658813, "train_loss": 1.3791576481628418, "training_time_mean": NaN, "training_time_total": 0.0, "val_accuracy": 0.5326999425888062, "val_loss": 1.3185018759727478, "validation_time_mean": NaN, "validation_time_total": 0.0, "samples": 60000, "num_workers": 2, "done": false, "timesteps_total": null, "episodes_total": null, "training_iteration": 7, "neg_mean_loss": -1.6191539342308043, "experiment_id": "038525f5adbe4157bc0a1b48ca6ffbd1", "date": "2019-06-06_14-24-03", "timestamp": 1559856243, "time_this_iter_s": 34.068185329437256, "time_total_s": 284.6804096698761, "pid": 9925, "hostname": "steropes", "node_ip": "169.229.49.254", "config": {"starting_lr": 0.1, "momentum": 0.95, "weight_decay": 0.001, "steps_per_iteration": null, "pin": false, "model_creator": null, "target_batch_size": 128, "model_string": "resnet50", "min_batch_size": 128, "dataset": "CIFAR", "placement": null, "use_nccl": true, "devices_per_worker": 1, "primary_resource": "extra_gpu", "gpu": false, "verbose": false, "lr_config": {"mode": "log", "steps": 5, "initial_lr": 0.1, "target_lr": 0.14142135623730953}, "batch_per_device": 128}, "time_since_restore": 34.068185329437256, "timesteps_since_restore": 0, "iterations_since_restore": 1, "mean_throughput": 1761.1678952425432, "atoms": 2, "setup_time": 19.6422700881958}
{"apply": 0.01872718334197998, "batch_time": 0.03714700341224671, "d2h": 0.0006705641746520997, "data_time": 0.0027089903549272184, "fwd": 0.029265856742858885, "get_state_time_mean": NaN, "get_state_time_total": 0.0, "grad": 0.08200471401214598, "mean_accuracy": 0.4403999805450439, "mean_loss": 1.553124359264374, "neg_mean_accuracy": -0.4763000011444092, "set_state_time_mean": NaN, "set_state_time_total": 0.0, "setup_model_time_mean": NaN, "setup_model_time_total": 0.0, "setup_proc_time_mean": NaN, "setup_proc_time_total": 0.0, "train_accuracy": 0.5253399610519409, "train_loss": 1.3322201786231995, "training_time_mean": NaN, "training_time_total": 0.0, "val_accuracy": 0.4763000011444092, "val_loss": 1.4989627336502074, "validation_time_mean": NaN, "validation_time_total": 0.0, "samples": 60000, "num_workers": 2, "done": false, "timesteps_total": null, "episodes_total": null, "training_iteration": 8, "neg_mean_loss": -1.553124359264374, "experiment_id": "038525f5adbe4157bc0a1b48ca6ffbd1", "date": "2019-06-06_14-24-31", "timestamp": 1559856271, "time_this_iter_s": 27.86585783958435, "time_total_s": 312.54626750946045, "pid": 9925, "hostname": "steropes", "node_ip": "169.229.49.254", "config": {"starting_lr": 0.1, "momentum": 0.95, "weight_decay": 0.001, "steps_per_iteration": null, "pin": false, "model_creator": null, "target_batch_size": 128, "model_string": "resnet50", "min_batch_size": 128, "dataset": "CIFAR", "placement": null, "use_nccl": true, "devices_per_worker": 1, "primary_resource": "extra_gpu", "gpu": false, "verbose": false, "lr_config": {"mode": "log", "steps": 5, "initial_lr": 0.1, "target_lr": 0.14142135623730953}, "batch_per_device": 128}, "time_since_restore": 61.934043169021606, "timesteps_since_restore": 0, "iterations_since_restore": 2, "mean_throughput": 1937.538864273002, "atoms": 2, "setup_time": 19.6422700881958}
{"apply": 0.017697858810424804, "batch_time": 0.03766561448574066, "d2h": 0.0006626725196838378, "data_time": 0.0028049982323938485, "fwd": 0.0289706826210022, "get_state_time_mean": NaN, "get_state_time_total": 0.0, "grad": 0.08111588954925536, "mean_accuracy": 0.45563998222351076, "mean_loss": 1.5519758430480954, "neg_mean_accuracy": -0.4763999879360199, "set_state_time_mean": NaN, "set_state_time_total": 0.0, "setup_model_time_mean": NaN, "setup_model_time_total": 0.0, "setup_proc_time_mean": NaN, "setup_proc_time_total": 0.0, "train_accuracy": 0.5358200073242188, "train_loss": 1.309494065723419, "training_time_mean": NaN, "training_time_total": 0.0, "val_accuracy": 0.4763999879360199, "val_loss": 1.590611306476593, "validation_time_mean": NaN, "validation_time_total": 0.0, "samples": 60000, "num_workers": 2, "done": false, "timesteps_total": null, "episodes_total": null, "training_iteration": 9, "neg_mean_loss": -1.5519758430480954, "experiment_id": "038525f5adbe4157bc0a1b48ca6ffbd1", "date": "2019-06-06_14-24-59", "timestamp": 1559856299, "time_this_iter_s": 28.079941749572754, "time_total_s": 340.6262092590332, "pid": 9925, "hostname": "steropes", "node_ip": "169.229.49.254", "config": {"starting_lr": 0.1, "momentum": 0.95, "weight_decay": 0.001, "steps_per_iteration": null, "pin": false, "model_creator": null, "target_batch_size": 128, "model_string": "resnet50", "min_batch_size": 128, "dataset": "CIFAR", "placement": null, "use_nccl": true, "devices_per_worker": 1, "primary_resource": "extra_gpu", "gpu": false, "verbose": false, "lr_config": {"mode": "log", "steps": 5, "initial_lr": 0.1, "target_lr": 0.14142135623730953}, "batch_per_device": 128}, "time_since_restore": 90.01398491859436, "timesteps_since_restore": 0, "iterations_since_restore": 3, "mean_throughput": 1999.6798603993432, "atoms": 2, "setup_time": 19.6422700881958}
{"apply": 0.017559313774108888, "batch_time": 0.03731842637062073, "d2h": 0.0006845831871032716, "data_time": 0.002729749801207562, "fwd": 0.029500401020050047, "get_state_time_mean": NaN, "get_state_time_total": 0.0, "grad": 0.08149917125701905, "mean_accuracy": 0.4834199845790863, "mean_loss": 1.4797195118904114, "neg_mean_accuracy": -0.5159000158309937, "set_state_time_mean": NaN, "set_state_time_total": 0.0, "setup_model_time_mean": NaN, "setup_model_time_total": 0.0, "setup_proc_time_mean": NaN, "setup_proc_time_total": 0.0, "train_accuracy": 0.5399399995803833, "train_loss": 1.2957637165641784, "training_time_mean": NaN, "training_time_total": 0.0, "val_accuracy": 0.5159000158309937, "val_loss": 1.374895867443085, "validation_time_mean": NaN, "validation_time_total": 0.0, "samples": 60000, "num_workers": 2, "done": true, "timesteps_total": null, "episodes_total": null, "training_iteration": 10, "neg_mean_loss": -1.4797195118904114, "experiment_id": "038525f5adbe4157bc0a1b48ca6ffbd1", "date": "2019-06-06_14-25-27", "timestamp": 1559856327, "time_this_iter_s": 27.775867223739624, "time_total_s": 368.4020764827728, "pid": 9925, "hostname": "steropes", "node_ip": "169.229.49.254", "config": {"starting_lr": 0.1, "momentum": 0.95, "weight_decay": 0.001, "steps_per_iteration": null, "pin": false, "model_creator": null, "target_batch_size": 128, "model_string": "resnet50", "min_batch_size": 128, "dataset": "CIFAR", "placement": null, "use_nccl": true, "devices_per_worker": 1, "primary_resource": "extra_gpu", "gpu": false, "verbose": false, "lr_config": {"mode": "log", "steps": 5, "initial_lr": 0.1, "target_lr": 0.14142135623730953}, "batch_per_device": 128}, "time_since_restore": 117.78985214233398, "timesteps_since_restore": 0, "iterations_since_restore": 4, "mean_throughput": 2037.5182759111601, "atoms": 2, "setup_time": 19.6422700881958}
