{"apply": 0.01844058036804199, "batch_time": 0.04348620281943792, "d2h": 0.000663137435913086, "data_time": 0.0018042896104895551, "fwd": 0.12023134231567383, "get_state_time_mean": NaN, "get_state_time_total": 0.0, "grad": 0.16533844470977782, "mean_accuracy": 0.09999999403953552, "mean_loss": 10337009402904.576, "neg_mean_accuracy": -0.09999999403953552, "set_state_time_mean": NaN, "set_state_time_total": 0.0, "setup_model_time_mean": 8.547825813293457, "setup_model_time_total": 8.547825813293457, "setup_proc_time_mean": 0.20056891441345215, "setup_proc_time_total": 0.20056891441345215, "train_accuracy": 0.10251999646425247, "train_loss": 15913389.135692537, "training_time_mean": NaN, "training_time_total": 0.0, "val_accuracy": 0.09999999403953552, "val_loss": 10337009402904.576, "validation_time_mean": NaN, "validation_time_total": 0.0, "samples": 60000, "num_workers": 1, "done": false, "timesteps_total": null, "episodes_total": null, "training_iteration": 1, "neg_mean_loss": -10337009402904.576, "experiment_id": "1993fd469d3043068fc81210e06055df", "date": "2019-06-03_22-33-37", "timestamp": 1559626417, "time_this_iter_s": 46.132285356521606, "time_total_s": 46.132285356521606, "pid": 2435, "hostname": "steropes", "node_ip": "169.229.49.254", "config": {"starting_lr": 1.0, "momentum": 0.99, "weight_decay": 0.0001, "steps_per_iteration": null, "pin": false, "model_creator": null, "target_batch_size": 128, "model_string": "resnet50", "min_batch_size": 128, "dataset": "CIFAR", "placement": null, "use_nccl": true, "devices_per_worker": 1, "primary_resource": "extra_gpu", "gpu": false, "verbose": false, "lr_config": {"mode": "log", "steps": 5, "initial_lr": 1.0, "target_lr": 1.0}, "batch_per_device": 128}, "time_since_restore": 46.132285356521606, "timesteps_since_restore": 0, "iterations_since_restore": 1, "mean_throughput": 1300.6053211233586, "atoms": 1, "setup_time": 9.652255535125732}
{"apply": 0.018356013298034667, "batch_time": 0.031445759761182565, "d2h": 0.000677180290222168, "data_time": 0.0018136580581860164, "fwd": 0.02861943244934082, "get_state_time_mean": NaN, "get_state_time_total": 0.0, "grad": 0.0479778528213501, "mean_accuracy": 0.08464999496936798, "mean_loss": 5198430346605.772, "neg_mean_accuracy": -0.06929999589920044, "set_state_time_mean": NaN, "set_state_time_total": 0.0, "setup_model_time_mean": NaN, "setup_model_time_total": 0.0, "setup_proc_time_mean": NaN, "setup_proc_time_total": 0.0, "train_accuracy": 0.10204000025987625, "train_loss": 18227350465.90581, "training_time_mean": NaN, "training_time_total": 0.0, "val_accuracy": 0.06929999589920044, "val_loss": 59851290306.9696, "validation_time_mean": NaN, "validation_time_total": 0.0, "samples": 60000, "num_workers": 1, "done": false, "timesteps_total": null, "episodes_total": null, "training_iteration": 2, "neg_mean_loss": -5198430346605.772, "experiment_id": "1993fd469d3043068fc81210e06055df", "date": "2019-06-03_22-34-18", "timestamp": 1559626458, "time_this_iter_s": 41.012065410614014, "time_total_s": 87.14435076713562, "pid": 2435, "hostname": "steropes", "node_ip": "169.229.49.254", "config": {"starting_lr": 1.0, "momentum": 0.99, "weight_decay": 0.0001, "steps_per_iteration": null, "pin": false, "model_creator": null, "target_batch_size": 128, "model_string": "resnet50", "min_batch_size": 128, "dataset": "CIFAR", "placement": null, "use_nccl": true, "devices_per_worker": 1, "primary_resource": "extra_gpu", "gpu": false, "verbose": false, "lr_config": {"mode": "log", "steps": 5, "initial_lr": 1.0, "target_lr": 1.0}, "batch_per_device": 128}, "time_since_restore": 87.14435076713562, "timesteps_since_restore": 0, "iterations_since_restore": 2, "mean_throughput": 1377.0231142956904, "atoms": 1, "setup_time": 9.652255535125732}
{"apply": 0.018445420265197753, "batch_time": 0.03220984301989591, "d2h": 0.0006670475006103516, "data_time": 0.001784152691931371, "fwd": 0.02801361083984375, "get_state_time_mean": NaN, "get_state_time_total": 0.0, "grad": 0.04954702854156494, "mean_accuracy": 0.08936666200558345, "mean_loss": 3570220578558.498, "neg_mean_accuracy": -0.09879999607801437, "set_state_time_mean": NaN, "set_state_time_total": 0.0, "setup_model_time_mean": NaN, "setup_model_time_total": 0.0, "setup_proc_time_mean": NaN, "setup_proc_time_total": 0.0, "train_accuracy": 0.10207999497652054, "train_loss": 2376177871277.66, "training_time_mean": NaN, "training_time_total": 0.0, "val_accuracy": 0.09879999607801437, "val_loss": 313801042463.9488, "validation_time_mean": NaN, "validation_time_total": 0.0, "samples": 60000, "num_workers": 1, "done": true, "timesteps_total": null, "episodes_total": null, "training_iteration": 3, "neg_mean_loss": -3570220578558.498, "experiment_id": "1993fd469d3043068fc81210e06055df", "date": "2019-06-03_22-34-58", "timestamp": 1559626498, "time_this_iter_s": 40.800729513168335, "time_total_s": 127.94508028030396, "pid": 2435, "hostname": "steropes", "node_ip": "169.229.49.254", "config": {"starting_lr": 1.0, "momentum": 0.99, "weight_decay": 0.0001, "steps_per_iteration": null, "pin": false, "model_creator": null, "target_batch_size": 128, "model_string": "resnet50", "min_batch_size": 128, "dataset": "CIFAR", "placement": null, "use_nccl": true, "devices_per_worker": 1, "primary_resource": "extra_gpu", "gpu": false, "verbose": false, "lr_config": {"mode": "log", "steps": 5, "initial_lr": 1.0, "target_lr": 1.0}, "batch_per_device": 128}, "time_since_restore": 127.94508028030396, "timesteps_since_restore": 0, "iterations_since_restore": 3, "mean_throughput": 1406.850237961499, "atoms": 1, "setup_time": 9.652255535125732}
