{"apply": 0.01721963882446289, "batch_time": 0.04228201998939997, "d2h": 0.0006714582443237305, "data_time": 0.0018284125706119001, "fwd": 0.11881434917449951, "get_state_time_mean": NaN, "get_state_time_total": 0.0, "grad": 0.16346540451049804, "mean_accuracy": 0.2541999816894531, "mean_loss": 2.1690568168640136, "neg_mean_accuracy": -0.2541999816894531, "set_state_time_mean": NaN, "set_state_time_total": 0.0, "setup_model_time_mean": 8.457818508148193, "setup_model_time_total": 8.457818508148193, "setup_proc_time_mean": 0.19343900680541992, "setup_proc_time_total": 0.19343900680541992, "train_accuracy": 0.18649999797344208, "train_loss": 2.323052715682983, "training_time_mean": NaN, "training_time_total": 0.0, "val_accuracy": 0.2541999816894531, "val_loss": 2.1690568168640136, "validation_time_mean": NaN, "validation_time_total": 0.0, "samples": 60000, "num_workers": 1, "done": false, "timesteps_total": null, "episodes_total": null, "training_iteration": 1, "neg_mean_loss": -2.1690568168640136, "experiment_id": "9669ee1edc1c4137aa45343400a9acac", "date": "2019-06-02_20-23-03", "timestamp": 1559532183, "time_this_iter_s": 45.994723081588745, "time_total_s": 45.994723081588745, "pid": 27985, "hostname": "steropes", "node_ip": "169.229.49.254", "config": {"starting_lr": 0.001, "momentum": 0.9, "weight_decay": 0.0001, "steps_per_iteration": null, "pin": false, "model_creator": null, "target_batch_size": 128, "model_string": "resnet50", "min_batch_size": 128, "dataset": "CIFAR", "placement": null, "use_nccl": true, "devices_per_worker": 1, "primary_resource": "extra_gpu", "gpu": false, "verbose": false, "lr_config": {"mode": "log", "steps": 5, "initial_lr": 0.001, "target_lr": 0.001}, "batch_per_device": 128}, "time_since_restore": 45.994723081588745, "timesteps_since_restore": 0, "iterations_since_restore": 1, "mean_throughput": 1304.4950380038306, "atoms": 1, "setup_time": 9.17118501663208}
{"apply": 0.017107152938842775, "batch_time": 0.03385167182246341, "d2h": 0.0007165908813476562, "data_time": 0.0017478051392928414, "fwd": 0.027583003044128418, "get_state_time_mean": NaN, "get_state_time_total": 0.0, "grad": 0.04886171817779541, "mean_accuracy": 0.29854997992515564, "mean_loss": 2.011332448387146, "neg_mean_accuracy": -0.34289997816085815, "set_state_time_mean": NaN, "set_state_time_total": 0.0, "setup_model_time_mean": NaN, "setup_model_time_total": 0.0, "setup_proc_time_mean": NaN, "setup_proc_time_total": 0.0, "train_accuracy": 0.2793999910354614, "train_loss": 1.9924836977386475, "training_time_mean": NaN, "training_time_total": 0.0, "val_accuracy": 0.34289997816085815, "val_loss": 1.8536080799102783, "validation_time_mean": NaN, "validation_time_total": 0.0, "samples": 60000, "num_workers": 1, "done": false, "timesteps_total": null, "episodes_total": null, "training_iteration": 2, "neg_mean_loss": -2.011332448387146, "experiment_id": "9669ee1edc1c4137aa45343400a9acac", "date": "2019-06-02_20-23-44", "timestamp": 1559532224, "time_this_iter_s": 40.98645806312561, "time_total_s": 86.98118114471436, "pid": 27985, "hostname": "steropes", "node_ip": "169.229.49.254", "config": {"starting_lr": 0.001, "momentum": 0.9, "weight_decay": 0.0001, "steps_per_iteration": null, "pin": false, "model_creator": null, "target_batch_size": 128, "model_string": "resnet50", "min_batch_size": 128, "dataset": "CIFAR", "placement": null, "use_nccl": true, "devices_per_worker": 1, "primary_resource": "extra_gpu", "gpu": false, "verbose": false, "lr_config": {"mode": "log", "steps": 5, "initial_lr": 0.001, "target_lr": 0.001}, "batch_per_device": 128}, "time_since_restore": 86.98118114471436, "timesteps_since_restore": 0, "iterations_since_restore": 2, "mean_throughput": 1379.6061493476916, "atoms": 1, "setup_time": 9.17118501663208}
{"apply": 0.01688847541809082, "batch_time": 0.03130464614192142, "d2h": 0.0006943702697753906, "data_time": 0.0017368775194563219, "fwd": 0.02753779888153076, "get_state_time_mean": NaN, "get_state_time_total": 0.0, "grad": 0.04740138053894043, "mean_accuracy": 0.32356664538383484, "mean_loss": 1.9304080927530924, "neg_mean_accuracy": -0.37359997630119324, "set_state_time_mean": NaN, "set_state_time_total": 0.0, "setup_model_time_mean": NaN, "setup_model_time_total": 0.0, "setup_proc_time_mean": NaN, "setup_proc_time_total": 0.0, "train_accuracy": 0.3347199857234955, "train_loss": 1.8377851108169556, "training_time_mean": NaN, "training_time_total": 0.0, "val_accuracy": 0.37359997630119324, "val_loss": 1.7685593814849854, "validation_time_mean": NaN, "validation_time_total": 0.0, "samples": 60000, "num_workers": 1, "done": false, "timesteps_total": null, "episodes_total": null, "training_iteration": 3, "neg_mean_loss": -1.9304080927530924, "experiment_id": "9669ee1edc1c4137aa45343400a9acac", "date": "2019-06-02_20-24-24", "timestamp": 1559532264, "time_this_iter_s": 40.553330421447754, "time_total_s": 127.53451156616211, "pid": 27985, "hostname": "steropes", "node_ip": "169.229.49.254", "config": {"starting_lr": 0.001, "momentum": 0.9, "weight_decay": 0.0001, "steps_per_iteration": null, "pin": false, "model_creator": null, "target_batch_size": 128, "model_string": "resnet50", "min_batch_size": 128, "dataset": "CIFAR", "placement": null, "use_nccl": true, "devices_per_worker": 1, "primary_resource": "extra_gpu", "gpu": false, "verbose": false, "lr_config": {"mode": "log", "steps": 5, "initial_lr": 0.001, "target_lr": 0.001}, "batch_per_device": 128}, "time_since_restore": 127.53451156616211, "timesteps_since_restore": 0, "iterations_since_restore": 3, "mean_throughput": 1411.3778485009977, "atoms": 1, "setup_time": 9.17118501663208}
{"apply": 0.01735973358154297, "batch_time": 0.031299696692937536, "d2h": 0.0007112503051757812, "data_time": 0.0017370348391325576, "fwd": 0.027904295921325685, "get_state_time_mean": NaN, "get_state_time_total": 0.0, "grad": 0.047332358360290525, "mean_accuracy": 0.3422749787569046, "mean_loss": 1.8741847055435181, "neg_mean_accuracy": -0.3983999788761139, "set_state_time_mean": NaN, "set_state_time_total": 0.0, "setup_model_time_mean": NaN, "setup_model_time_total": 0.0, "setup_proc_time_mean": NaN, "setup_proc_time_total": 0.0, "train_accuracy": 0.37241998314857483, "train_loss": 1.7331648678207396, "training_time_mean": NaN, "training_time_total": 0.0, "val_accuracy": 0.3983999788761139, "val_loss": 1.705514543914795, "validation_time_mean": NaN, "validation_time_total": 0.0, "samples": 60000, "num_workers": 1, "done": false, "timesteps_total": null, "episodes_total": null, "training_iteration": 4, "neg_mean_loss": -1.8741847055435181, "experiment_id": "9669ee1edc1c4137aa45343400a9acac", "date": "2019-06-02_20-25-05", "timestamp": 1559532305, "time_this_iter_s": 40.47760844230652, "time_total_s": 168.01212000846863, "pid": 27985, "hostname": "steropes", "node_ip": "169.229.49.254", "config": {"starting_lr": 0.001, "momentum": 0.9, "weight_decay": 0.0001, "steps_per_iteration": null, "pin": false, "model_creator": null, "target_batch_size": 128, "model_string": "resnet50", "min_batch_size": 128, "dataset": "CIFAR", "placement": null, "use_nccl": true, "devices_per_worker": 1, "primary_resource": "extra_gpu", "gpu": false, "verbose": false, "lr_config": {"mode": "log", "steps": 5, "initial_lr": 0.001, "target_lr": 0.001}, "batch_per_device": 128}, "time_since_restore": 168.01212000846863, "timesteps_since_restore": 0, "iterations_since_restore": 4, "mean_throughput": 1428.4639597508194, "atoms": 1, "setup_time": 9.17118501663208}
{"apply": 0.019321084022521973, "batch_time": 0.031319485435002965, "d2h": 0.0007049560546875, "data_time": 0.001703948316061893, "fwd": 0.028967809677124024, "get_state_time_mean": NaN, "get_state_time_total": 0.0, "grad": 0.04863405227661133, "mean_accuracy": 0.35803998112678526, "mean_loss": 1.8222087655639647, "neg_mean_accuracy": -0.421099990606308, "set_state_time_mean": NaN, "set_state_time_total": 0.0, "setup_model_time_mean": NaN, "setup_model_time_total": 0.0, "setup_proc_time_mean": NaN, "setup_proc_time_total": 0.0, "train_accuracy": 0.39337998628616333, "train_loss": 1.665094289932251, "training_time_mean": NaN, "training_time_total": 0.0, "val_accuracy": 0.421099990606308, "val_loss": 1.614305005645752, "validation_time_mean": NaN, "validation_time_total": 0.0, "samples": 60000, "num_workers": 1, "done": false, "timesteps_total": null, "episodes_total": null, "training_iteration": 5, "neg_mean_loss": -1.8222087655639647, "experiment_id": "9669ee1edc1c4137aa45343400a9acac", "date": "2019-06-02_20-25-45", "timestamp": 1559532345, "time_this_iter_s": 40.43168902397156, "time_total_s": 208.44380903244019, "pid": 27985, "hostname": "steropes", "node_ip": "169.229.49.254", "config": {"starting_lr": 0.001, "momentum": 0.9, "weight_decay": 0.0001, "steps_per_iteration": null, "pin": false, "model_creator": null, "target_batch_size": 128, "model_string": "resnet50", "min_batch_size": 128, "dataset": "CIFAR", "placement": null, "use_nccl": true, "devices_per_worker": 1, "primary_resource": "extra_gpu", "gpu": false, "verbose": false, "lr_config": {"mode": "log", "steps": 5, "initial_lr": 0.001, "target_lr": 0.001}, "batch_per_device": 128}, "time_since_restore": 208.44380903244019, "timesteps_since_restore": 0, "iterations_since_restore": 5, "mean_throughput": 1439.2326663706979, "atoms": 1, "setup_time": 9.17118501663208}
{"apply": 0.018715572357177735, "batch_time": 0.031275667721712135, "d2h": 0.0007096767425537109, "data_time": 0.001702248897698834, "fwd": 0.0287583589553833, "get_state_time_mean": NaN, "get_state_time_total": 0.0, "grad": 0.047680330276489255, "mean_accuracy": 0.3945599853992462, "mean_loss": 1.7032714836120604, "neg_mean_accuracy": -0.4368000030517578, "set_state_time_mean": NaN, "set_state_time_total": 0.0, "setup_model_time_mean": NaN, "setup_model_time_total": 0.0, "setup_proc_time_mean": NaN, "setup_proc_time_total": 0.0, "train_accuracy": 0.41211998462677, "train_loss": 1.6157615194320678, "training_time_mean": NaN, "training_time_total": 0.0, "val_accuracy": 0.4368000030517578, "val_loss": 1.5743704071044922, "validation_time_mean": NaN, "validation_time_total": 0.0, "samples": 60000, "num_workers": 1, "done": false, "timesteps_total": null, "episodes_total": null, "training_iteration": 6, "neg_mean_loss": -1.7032714836120604, "experiment_id": "9669ee1edc1c4137aa45343400a9acac", "date": "2019-06-02_20-26-25", "timestamp": 1559532385, "time_this_iter_s": 40.30517292022705, "time_total_s": 248.74898195266724, "pid": 27985, "hostname": "steropes", "node_ip": "169.229.49.254", "config": {"starting_lr": 0.001, "momentum": 0.9, "weight_decay": 0.0001, "steps_per_iteration": null, "pin": false, "model_creator": null, "target_batch_size": 128, "model_string": "resnet50", "min_batch_size": 128, "dataset": "CIFAR", "placement": null, "use_nccl": true, "devices_per_worker": 1, "primary_resource": "extra_gpu", "gpu": false, "verbose": false, "lr_config": {"mode": "log", "steps": 5, "initial_lr": 0.001, "target_lr": 0.001}, "batch_per_device": 128}, "time_since_restore": 248.74898195266724, "timesteps_since_restore": 0, "iterations_since_restore": 6, "mean_throughput": 1479.6193711754077, "atoms": 1, "setup_time": 9.17118501663208}
{"apply": 0.01669318675994873, "batch_time": 0.03343663034559805, "d2h": 0.0006839275360107422, "data_time": 0.0016959048902896968, "fwd": 0.026937389373779298, "get_state_time_mean": NaN, "get_state_time_total": 0.0, "grad": 0.047583484649658205, "mean_accuracy": 0.4195799887180328, "mean_loss": 1.6272619850921632, "neg_mean_accuracy": -0.46799999475479126, "set_state_time_mean": NaN, "set_state_time_total": 0.0, "setup_model_time_mean": NaN, "setup_model_time_total": 0.0, "setup_proc_time_mean": NaN, "setup_proc_time_total": 0.0, "train_accuracy": 0.433819979429245, "train_loss": 1.5672707635879517, "training_time_mean": NaN, "training_time_total": 0.0, "val_accuracy": 0.46799999475479126, "val_loss": 1.473560587310791, "validation_time_mean": NaN, "validation_time_total": 0.0, "samples": 60000, "num_workers": 1, "done": false, "timesteps_total": null, "episodes_total": null, "training_iteration": 7, "neg_mean_loss": -1.6272619850921632, "experiment_id": "9669ee1edc1c4137aa45343400a9acac", "date": "2019-06-02_20-27-06", "timestamp": 1559532426, "time_this_iter_s": 40.37596774101257, "time_total_s": 289.1249496936798, "pid": 27985, "hostname": "steropes", "node_ip": "169.229.49.254", "config": {"starting_lr": 0.001, "momentum": 0.9, "weight_decay": 0.0001, "steps_per_iteration": null, "pin": false, "model_creator": null, "target_batch_size": 128, "model_string": "resnet50", "min_batch_size": 128, "dataset": "CIFAR", "placement": null, "use_nccl": true, "devices_per_worker": 1, "primary_resource": "extra_gpu", "gpu": false, "verbose": false, "lr_config": {"mode": "log", "steps": 5, "initial_lr": 0.001, "target_lr": 0.001}, "batch_per_device": 128}, "time_since_restore": 289.1249496936798, "timesteps_since_restore": 0, "iterations_since_restore": 7, "mean_throughput": 1484.087930311433, "atoms": 1, "setup_time": 9.17118501663208}
{"apply": 0.016971421241760255, "batch_time": 0.034636726862267604, "d2h": 0.0006943941116333008, "data_time": 0.0016886974539598236, "fwd": 0.027172112464904787, "get_state_time_mean": NaN, "get_state_time_total": 0.0, "grad": 0.04682295322418213, "mean_accuracy": 0.44225999116897585, "mean_loss": 1.5582861408233644, "neg_mean_accuracy": -0.4869999885559082, "set_state_time_mean": NaN, "set_state_time_total": 0.0, "setup_model_time_mean": NaN, "setup_model_time_total": 0.0, "setup_proc_time_mean": NaN, "setup_proc_time_total": 0.0, "train_accuracy": 0.4492399990558624, "train_loss": 1.519855281639099, "training_time_mean": NaN, "training_time_total": 0.0, "val_accuracy": 0.4869999885559082, "val_loss": 1.4236801601409912, "validation_time_mean": NaN, "validation_time_total": 0.0, "samples": 60000, "num_workers": 1, "done": false, "timesteps_total": null, "episodes_total": null, "training_iteration": 8, "neg_mean_loss": -1.5582861408233644, "experiment_id": "9669ee1edc1c4137aa45343400a9acac", "date": "2019-06-02_20-27-47", "timestamp": 1559532467, "time_this_iter_s": 40.89242172241211, "time_total_s": 330.0173714160919, "pid": 27985, "hostname": "steropes", "node_ip": "169.229.49.254", "config": {"starting_lr": 0.001, "momentum": 0.9, "weight_decay": 0.0001, "steps_per_iteration": null, "pin": false, "model_creator": null, "target_batch_size": 128, "model_string": "resnet50", "min_batch_size": 128, "dataset": "CIFAR", "placement": null, "use_nccl": true, "devices_per_worker": 1, "primary_resource": "extra_gpu", "gpu": false, "verbose": false, "lr_config": {"mode": "log", "steps": 5, "initial_lr": 0.001, "target_lr": 0.001}, "batch_per_device": 128}, "time_since_restore": 330.0173714160919, "timesteps_since_restore": 0, "iterations_since_restore": 8, "mean_throughput": 1481.6040067129106, "atoms": 1, "setup_time": 9.17118501663208}
{"apply": 0.019952726364135743, "batch_time": 0.033862298047995266, "d2h": 0.0007052183151245117, "data_time": 0.0016804656104358565, "fwd": 0.029804134368896486, "get_state_time_mean": NaN, "get_state_time_total": 0.0, "grad": 0.05070345401763916, "mean_accuracy": 0.45689999461174013, "mean_loss": 1.5125913206863406, "neg_mean_accuracy": -0.4715999960899353, "set_state_time_mean": NaN, "set_state_time_total": 0.0, "setup_model_time_mean": NaN, "setup_model_time_total": 0.0, "setup_proc_time_mean": NaN, "setup_proc_time_total": 0.0, "train_accuracy": 0.4632999897003174, "train_loss": 1.4751149309158325, "training_time_mean": NaN, "training_time_total": 0.0, "val_accuracy": 0.4715999960899353, "val_loss": 1.4770404432296753, "validation_time_mean": NaN, "validation_time_total": 0.0, "samples": 60000, "num_workers": 1, "done": false, "timesteps_total": null, "episodes_total": null, "training_iteration": 9, "neg_mean_loss": -1.5125913206863406, "experiment_id": "9669ee1edc1c4137aa45343400a9acac", "date": "2019-06-02_20-28-27", "timestamp": 1559532507, "time_this_iter_s": 40.55497598648071, "time_total_s": 370.57234740257263, "pid": 27985, "hostname": "steropes", "node_ip": "169.229.49.254", "config": {"starting_lr": 0.001, "momentum": 0.9, "weight_decay": 0.0001, "steps_per_iteration": null, "pin": false, "model_creator": null, "target_batch_size": 128, "model_string": "resnet50", "min_batch_size": 128, "dataset": "CIFAR", "placement": null, "use_nccl": true, "devices_per_worker": 1, "primary_resource": "extra_gpu", "gpu": false, "verbose": false, "lr_config": {"mode": "log", "steps": 5, "initial_lr": 0.001, "target_lr": 0.001}, "batch_per_device": 128}, "time_since_restore": 370.57234740257263, "timesteps_since_restore": 0, "iterations_since_restore": 9, "mean_throughput": 1481.0381342726848, "atoms": 1, "setup_time": 9.17118501663208}
{"apply": 0.01667032241821289, "batch_time": 0.03097480158262615, "d2h": 0.0006838083267211914, "data_time": 0.0016740301380986753, "fwd": 0.0268751859664917, "get_state_time_mean": NaN, "get_state_time_total": 0.0, "grad": 0.05180113315582276, "mean_accuracy": 0.47211999297142027, "mean_loss": 1.4661688405990603, "neg_mean_accuracy": -0.49719998240470886, "set_state_time_mean": NaN, "set_state_time_total": 0.0, "setup_model_time_mean": NaN, "setup_model_time_total": 0.0, "setup_proc_time_mean": NaN, "setup_proc_time_total": 0.0, "train_accuracy": 0.4769800007343292, "train_loss": 1.4420132424545289, "training_time_mean": NaN, "training_time_total": 0.0, "val_accuracy": 0.49719998240470886, "val_loss": 1.3821926052093505, "validation_time_mean": NaN, "validation_time_total": 0.0, "samples": 60000, "num_workers": 1, "done": false, "timesteps_total": null, "episodes_total": null, "training_iteration": 10, "neg_mean_loss": -1.4661688405990603, "experiment_id": "9669ee1edc1c4137aa45343400a9acac", "date": "2019-06-02_20-29-08", "timestamp": 1559532548, "time_this_iter_s": 40.281529664993286, "time_total_s": 410.8538770675659, "pid": 27985, "hostname": "steropes", "node_ip": "169.229.49.254", "config": {"starting_lr": 0.001, "momentum": 0.9, "weight_decay": 0.0001, "steps_per_iteration": null, "pin": false, "model_creator": null, "target_batch_size": 128, "model_string": "resnet50", "min_batch_size": 128, "dataset": "CIFAR", "placement": null, "use_nccl": true, "devices_per_worker": 1, "primary_resource": "extra_gpu", "gpu": false, "verbose": false, "lr_config": {"mode": "log", "steps": 5, "initial_lr": 0.001, "target_lr": 0.001}, "batch_per_device": 128}, "time_since_restore": 410.8538770675659, "timesteps_since_restore": 0, "iterations_since_restore": 10, "mean_throughput": 1482.1368613759855, "atoms": 1, "setup_time": 9.17118501663208}
{"apply": 0.017130327224731446, "batch_time": 0.031426121916952016, "d2h": 0.0007009744644165039, "data_time": 0.0016609915077228986, "fwd": 0.02746124267578125, "get_state_time_mean": NaN, "get_state_time_total": 0.0, "grad": 0.047654366493225096, "mean_accuracy": 0.4867199957370758, "mean_loss": 1.4258266015243533, "neg_mean_accuracy": -0.5098000168800354, "set_state_time_mean": NaN, "set_state_time_total": 0.0, "setup_model_time_mean": NaN, "setup_model_time_total": 0.0, "setup_proc_time_mean": NaN, "setup_proc_time_total": 0.0, "train_accuracy": 0.4898199737071991, "train_loss": 1.4088305061721802, "training_time_mean": NaN, "training_time_total": 0.0, "val_accuracy": 0.5098000168800354, "val_loss": 1.372659211730957, "validation_time_mean": NaN, "validation_time_total": 0.0, "samples": 60000, "num_workers": 1, "done": false, "timesteps_total": null, "episodes_total": null, "training_iteration": 11, "neg_mean_loss": -1.4258266015243533, "experiment_id": "9669ee1edc1c4137aa45343400a9acac", "date": "2019-06-02_20-29-48", "timestamp": 1559532588, "time_this_iter_s": 40.098047733306885, "time_total_s": 450.9519248008728, "pid": 27985, "hostname": "steropes", "node_ip": "169.229.49.254", "config": {"starting_lr": 0.001, "momentum": 0.9, "weight_decay": 0.0001, "steps_per_iteration": null, "pin": false, "model_creator": null, "target_batch_size": 128, "model_string": "resnet50", "min_batch_size": 128, "dataset": "CIFAR", "placement": null, "use_nccl": true, "devices_per_worker": 1, "primary_resource": "extra_gpu", "gpu": false, "verbose": false, "lr_config": {"mode": "log", "steps": 5, "initial_lr": 0.001, "target_lr": 0.001}, "batch_per_device": 128}, "time_since_restore": 450.9519248008728, "timesteps_since_restore": 0, "iterations_since_restore": 11, "mean_throughput": 1483.655031367856, "atoms": 1, "setup_time": 9.17118501663208}
{"apply": 0.01664128303527832, "batch_time": 0.03108162517789044, "d2h": 0.0006903409957885742, "data_time": 0.0016854589857408762, "fwd": 0.026875615119934082, "get_state_time_mean": NaN, "get_state_time_total": 0.0, "grad": 0.04733889102935791, "mean_accuracy": 0.49801999926567075, "mean_loss": 1.3930142553329468, "neg_mean_accuracy": -0.5245000123977661, "set_state_time_mean": NaN, "set_state_time_total": 0.0, "setup_model_time_mean": NaN, "setup_model_time_total": 0.0, "setup_proc_time_mean": NaN, "setup_proc_time_total": 0.0, "train_accuracy": 0.5020599961280823, "train_loss": 1.3779518783187865, "training_time_mean": NaN, "training_time_total": 0.0, "val_accuracy": 0.5245000123977661, "val_loss": 1.3094988563537597, "validation_time_mean": NaN, "validation_time_total": 0.0, "samples": 60000, "num_workers": 1, "done": true, "timesteps_total": null, "episodes_total": null, "training_iteration": 12, "neg_mean_loss": -1.3930142553329468, "experiment_id": "9669ee1edc1c4137aa45343400a9acac", "date": "2019-06-02_20-30-28", "timestamp": 1559532628, "time_this_iter_s": 40.287558794021606, "time_total_s": 491.2394835948944, "pid": 27985, "hostname": "steropes", "node_ip": "169.229.49.254", "config": {"starting_lr": 0.001, "momentum": 0.9, "weight_decay": 0.0001, "steps_per_iteration": null, "pin": false, "model_creator": null, "target_batch_size": 128, "model_string": "resnet50", "min_batch_size": 128, "dataset": "CIFAR", "placement": null, "use_nccl": true, "devices_per_worker": 1, "primary_resource": "extra_gpu", "gpu": false, "verbose": false, "lr_config": {"mode": "log", "steps": 5, "initial_lr": 0.001, "target_lr": 0.001}, "batch_per_device": 128}, "time_since_restore": 491.2394835948944, "timesteps_since_restore": 0, "iterations_since_restore": 12, "mean_throughput": 1484.3039702669812, "atoms": 1, "setup_time": 9.17118501663208}
