apply,batch_time,d2h,data_time,fwd,get_state_time_mean,get_state_time_total,grad,mean_accuracy,mean_loss,neg_mean_accuracy,set_state_time_mean,set_state_time_total,setup_model_time_mean,setup_model_time_total,setup_proc_time_mean,setup_proc_time_total,train_accuracy,train_loss,training_time_mean,training_time_total,val_accuracy,val_loss,validation_time_mean,validation_time_total,samples,num_workers,done,timesteps_total,episodes_total,training_iteration,neg_mean_loss,experiment_id,date,timestamp,time_this_iter_s,time_total_s,pid,hostname,node_ip,config,time_since_restore,timesteps_since_restore,iterations_since_restore,mean_throughput,atoms,setup_time
0.01760125160217285,0.04178766359256793,0.0007403612136840821,0.0019334082103446316,0.12961139678955078,nan,0.0,0.16173217296600342,0.22119998931884766,3.03941724357605,-0.22119998931884766,nan,0.0,8.435952186584473,8.435952186584473,0.6454265117645264,0.6454265117645264,0.17087998986244202,4.247174227981567,nan,0.0,0.22119998931884766,3.03941724357605,nan,0.0,60000,1,False,,,1,-3.03941724357605,5366c6a4b8b64e78b53c7ad0117faab8,2019-06-06_09-35-32,1559838932,46.76351547241211,46.76351547241211,14831,steropes,169.229.49.254,"{'starting_lr': 0.05, 'momentum': 0.9, 'weight_decay': 0.0001, 'steps_per_iteration': None, 'pin': False, 'model_creator': None, 'target_batch_size': 128, 'model_string': 'resnet50', 'min_batch_size': 128, 'dataset': 'CIFAR', 'placement': None, 'use_nccl': True, 'devices_per_worker': 1, 'primary_resource': 'extra_gpu', 'gpu': False, 'verbose': False, 'lr_config': {'mode': 'log', 'steps': 5, 'initial_lr': 0.05, 'target_lr': 0.05}, 'batch_per_device': 128}",46.76351547241211,0,1,1283.048100660523,1,9.203243494033813
0.01928975582122803,0.032226182237456116,0.0007110834121704102,0.0018521934519033602,0.028862500190734865,nan,0.0,0.04791295528411865,0.3031499832868576,2.6952096391677856,-0.38509997725486755,nan,0.0,nan,0.0,nan,0.0,0.3056800067424774,2.1687640576553346,nan,0.0,0.38509997725486755,2.3510020347595213,nan,0.0,60000,1,False,,,2,-2.6952096391677856,5366c6a4b8b64e78b53c7ad0117faab8,2019-06-06_09-36-13,1559838973,41.16941523551941,87.93293070793152,14831,steropes,169.229.49.254,"{'starting_lr': 0.05, 'momentum': 0.9, 'weight_decay': 0.0001, 'steps_per_iteration': None, 'pin': False, 'model_creator': None, 'target_batch_size': 128, 'model_string': 'resnet50', 'min_batch_size': 128, 'dataset': 'CIFAR', 'placement': None, 'use_nccl': True, 'devices_per_worker': 1, 'primary_resource': 'extra_gpu', 'gpu': False, 'verbose': False, 'lr_config': {'mode': 'log', 'steps': 5, 'initial_lr': 0.05, 'target_lr': 0.05}, 'batch_per_device': 128}",87.93293070793152,0,2,1364.6732785095717,1,9.203243494033813
0.017636489868164063,0.03131798249256762,0.0006810665130615234,0.0018242917707204209,0.02815136909484863,nan,0.0,0.048404693603515625,0.33683331807454425,2.628524464289347,-0.4041999876499176,nan,0.0,nan,0.0,nan,0.0,0.3668400049209595,1.8057675019073487,nan,0.0,0.4041999876499176,2.4951541145324705,nan,0.0,60000,1,False,,,3,-2.628524464289347,5366c6a4b8b64e78b53c7ad0117faab8,2019-06-06_09-36-55,1559839015,41.5598726272583,129.49280333518982,14831,steropes,169.229.49.254,"{'starting_lr': 0.05, 'momentum': 0.9, 'weight_decay': 0.0001, 'steps_per_iteration': None, 'pin': False, 'model_creator': None, 'target_batch_size': 128, 'model_string': 'resnet50', 'min_batch_size': 128, 'dataset': 'CIFAR', 'placement': None, 'use_nccl': True, 'devices_per_worker': 1, 'primary_resource': 'extra_gpu', 'gpu': False, 'verbose': False, 'lr_config': {'mode': 'log', 'steps': 5, 'initial_lr': 0.05, 'target_lr': 0.05}, 'batch_per_device': 128}",129.49280333518982,0,3,1390.0356028391989,1,9.203243494033813
0.020039963722229003,0.03448782993268363,0.0006902456283569336,0.001801618224824481,0.029499268531799315,nan,0.0,0.04961671829223633,0.3638499826192856,2.507572927856445,-0.4448999762535095,nan,0.0,nan,0.0,nan,0.0,0.40959998965263367,1.6492145425033569,nan,0.0,0.4448999762535095,2.1447183185577394,nan,0.0,60000,1,False,,,4,-2.507572927856445,5366c6a4b8b64e78b53c7ad0117faab8,2019-06-06_09-37-36,1559839056,41.507057905197144,170.99986124038696,14831,steropes,169.229.49.254,"{'starting_lr': 0.05, 'momentum': 0.9, 'weight_decay': 0.0001, 'steps_per_iteration': None, 'pin': False, 'model_creator': None, 'target_batch_size': 128, 'model_string': 'resnet50', 'min_batch_size': 128, 'dataset': 'CIFAR', 'placement': None, 'use_nccl': True, 'devices_per_worker': 1, 'primary_resource': 'extra_gpu', 'gpu': False, 'verbose': False, 'lr_config': {'mode': 'log', 'steps': 5, 'initial_lr': 0.05, 'target_lr': 0.05}, 'batch_per_device': 128}",170.99986124038696,0,4,1403.5069344433964,1,9.203243494033813
0.019074273109436036,0.03187762936459312,0.0006927251815795898,0.001813447688851515,0.028818774223327636,nan,0.0,0.04945392608642578,0.38795998096466067,2.415351287536621,-0.4843999743461609,nan,0.0,nan,0.0,nan,0.0,0.4441399872303009,1.539090990371704,nan,0.0,0.4843999743461609,2.0464647262573243,nan,0.0,60000,1,False,,,5,-2.415351287536621,5366c6a4b8b64e78b53c7ad0117faab8,2019-06-06_09-38-18,1559839098,41.20578670501709,212.20564794540405,14831,steropes,169.229.49.254,"{'starting_lr': 0.05, 'momentum': 0.9, 'weight_decay': 0.0001, 'steps_per_iteration': None, 'pin': False, 'model_creator': None, 'target_batch_size': 128, 'model_string': 'resnet50', 'min_batch_size': 128, 'dataset': 'CIFAR', 'placement': None, 'use_nccl': True, 'devices_per_worker': 1, 'primary_resource': 'extra_gpu', 'gpu': False, 'verbose': False, 'lr_config': {'mode': 'log', 'steps': 5, 'initial_lr': 0.05, 'target_lr': 0.05}, 'batch_per_device': 128}",212.20564794540405,0,5,1413.7200099007157,1,9.203243494033813
0.01778876781463623,0.032003586805319485,0.0007292747497558594,0.0018094116464600235,0.027806806564331054,nan,0.0,0.04813721179962158,0.4396399796009064,2.3107776469421384,-0.4795999825000763,nan,0.0,nan,0.0,nan,0.0,0.47001999616622925,1.4629059214019775,nan,0.0,0.4795999825000763,2.5165490406036377,nan,0.0,60000,1,False,,,6,-2.3107776469421384,5366c6a4b8b64e78b53c7ad0117faab8,2019-06-06_09-38-59,1559839139,41.18450617790222,253.39015412330627,14831,steropes,169.229.49.254,"{'starting_lr': 0.05, 'momentum': 0.9, 'weight_decay': 0.0001, 'steps_per_iteration': None, 'pin': False, 'model_creator': None, 'target_batch_size': 128, 'model_string': 'resnet50', 'min_batch_size': 128, 'dataset': 'CIFAR', 'placement': None, 'use_nccl': True, 'devices_per_worker': 1, 'primary_resource': 'extra_gpu', 'gpu': False, 'verbose': False, 'lr_config': {'mode': 'log', 'steps': 5, 'initial_lr': 0.05, 'target_lr': 0.05}, 'batch_per_device': 128}",253.39015412330627,0,6,1451.8912889585006,1,9.203243494033813
0.020130491256713866,0.03192299830762646,0.0007171869277954101,0.0018083323603091033,0.02963721752166748,nan,0.0,0.04966416358947754,0.4652999758720398,2.1399989485168454,-0.5133999586105347,nan,0.0,nan,0.0,nan,0.0,0.48377999663352966,1.4160142435455323,nan,0.0,0.5133999586105347,1.4971085426330566,nan,0.0,60000,1,False,,,7,-2.1399989485168454,5366c6a4b8b64e78b53c7ad0117faab8,2019-06-06_09-39-40,1559839180,41.431735038757324,294.8218891620636,14831,steropes,169.229.49.254,"{'starting_lr': 0.05, 'momentum': 0.9, 'weight_decay': 0.0001, 'steps_per_iteration': None, 'pin': False, 'model_creator': None, 'target_batch_size': 128, 'model_string': 'resnet50', 'min_batch_size': 128, 'dataset': 'CIFAR', 'placement': None, 'use_nccl': True, 'devices_per_worker': 1, 'primary_resource': 'extra_gpu', 'gpu': False, 'verbose': False, 'lr_config': {'mode': 'log', 'steps': 5, 'initial_lr': 0.05, 'target_lr': 0.05}, 'batch_per_device': 128}",294.8218891620636,0,7,1450.0503923981003,1,9.203243494033813
0.017937517166137694,0.03149626828447173,0.0007260799407958985,0.001814422704984465,0.02856292724609375,nan,0.0,0.049790239334106444,0.4901599705219269,2.0193986667633057,-0.528499960899353,nan,0.0,nan,0.0,nan,0.0,0.5092599987983704,1.3559484627532958,nan,0.0,0.528499960899353,1.8921527057647705,nan,0.0,60000,1,False,,,8,-2.0193986667633057,5366c6a4b8b64e78b53c7ad0117faab8,2019-06-06_09-40-21,1559839221,41.14723205566406,335.96912121772766,14831,steropes,169.229.49.254,"{'starting_lr': 0.05, 'momentum': 0.9, 'weight_decay': 0.0001, 'steps_per_iteration': None, 'pin': False, 'model_creator': None, 'target_batch_size': 128, 'model_string': 'resnet50', 'min_batch_size': 128, 'dataset': 'CIFAR', 'placement': None, 'use_nccl': True, 'devices_per_worker': 1, 'primary_resource': 'extra_gpu', 'gpu': False, 'verbose': False, 'lr_config': {'mode': 'log', 'steps': 5, 'initial_lr': 0.05, 'target_lr': 0.05}, 'batch_per_device': 128}",335.96912121772766,0,8,1452.9478161199245,1,9.203243494033813
0.01797776222229004,0.031779799280287346,0.000731348991394043,0.0017681743787682574,0.027857470512390136,nan,0.0,0.051265406608581546,0.5093999683856965,2.1717840798950196,-0.5410999655723572,nan,0.0,nan,0.0,nan,0.0,0.5267199873924255,1.3112477434921264,nan,0.0,0.5410999655723572,2.9066453842163087,nan,0.0,60000,1,True,,,9,-2.1717840798950196,5366c6a4b8b64e78b53c7ad0117faab8,2019-06-06_09-41-02,1559839262,40.93199563026428,376.90111684799194,14831,steropes,169.229.49.254,"{'starting_lr': 0.05, 'momentum': 0.9, 'weight_decay': 0.0001, 'steps_per_iteration': None, 'pin': False, 'model_creator': None, 'target_batch_size': 128, 'model_string': 'resnet50', 'min_batch_size': 128, 'dataset': 'CIFAR', 'placement': None, 'use_nccl': True, 'devices_per_worker': 1, 'primary_resource': 'extra_gpu', 'gpu': False, 'verbose': False, 'lr_config': {'mode': 'log', 'steps': 5, 'initial_lr': 0.05, 'target_lr': 0.05}, 'batch_per_device': 128}",376.90111684799194,0,9,1457.0056886946127,1,9.203243494033813
