{"apply": 0.01760125160217285, "batch_time": 0.04178766359256793, "d2h": 0.0007403612136840821, "data_time": 0.0019334082103446316, "fwd": 0.12961139678955078, "get_state_time_mean": NaN, "get_state_time_total": 0.0, "grad": 0.16173217296600342, "mean_accuracy": 0.22119998931884766, "mean_loss": 3.03941724357605, "neg_mean_accuracy": -0.22119998931884766, "set_state_time_mean": NaN, "set_state_time_total": 0.0, "setup_model_time_mean": 8.435952186584473, "setup_model_time_total": 8.435952186584473, "setup_proc_time_mean": 0.6454265117645264, "setup_proc_time_total": 0.6454265117645264, "train_accuracy": 0.17087998986244202, "train_loss": 4.247174227981567, "training_time_mean": NaN, "training_time_total": 0.0, "val_accuracy": 0.22119998931884766, "val_loss": 3.03941724357605, "validation_time_mean": NaN, "validation_time_total": 0.0, "samples": 60000, "num_workers": 1, "done": false, "timesteps_total": null, "episodes_total": null, "training_iteration": 1, "neg_mean_loss": -3.03941724357605, "experiment_id": "5366c6a4b8b64e78b53c7ad0117faab8", "date": "2019-06-06_09-35-32", "timestamp": 1559838932, "time_this_iter_s": 46.76351547241211, "time_total_s": 46.76351547241211, "pid": 14831, "hostname": "steropes", "node_ip": "169.229.49.254", "config": {"starting_lr": 0.05, "momentum": 0.9, "weight_decay": 0.0001, "steps_per_iteration": null, "pin": false, "model_creator": null, "target_batch_size": 128, "model_string": "resnet50", "min_batch_size": 128, "dataset": "CIFAR", "placement": null, "use_nccl": true, "devices_per_worker": 1, "primary_resource": "extra_gpu", "gpu": false, "verbose": false, "lr_config": {"mode": "log", "steps": 5, "initial_lr": 0.05, "target_lr": 0.05}, "batch_per_device": 128}, "time_since_restore": 46.76351547241211, "timesteps_since_restore": 0, "iterations_since_restore": 1, "mean_throughput": 1283.048100660523, "atoms": 1, "setup_time": 9.203243494033813}
{"apply": 0.01928975582122803, "batch_time": 0.032226182237456116, "d2h": 0.0007110834121704102, "data_time": 0.0018521934519033602, "fwd": 0.028862500190734865, "get_state_time_mean": NaN, "get_state_time_total": 0.0, "grad": 0.04791295528411865, "mean_accuracy": 0.3031499832868576, "mean_loss": 2.6952096391677856, "neg_mean_accuracy": -0.38509997725486755, "set_state_time_mean": NaN, "set_state_time_total": 0.0, "setup_model_time_mean": NaN, "setup_model_time_total": 0.0, "setup_proc_time_mean": NaN, "setup_proc_time_total": 0.0, "train_accuracy": 0.3056800067424774, "train_loss": 2.1687640576553346, "training_time_mean": NaN, "training_time_total": 0.0, "val_accuracy": 0.38509997725486755, "val_loss": 2.3510020347595213, "validation_time_mean": NaN, "validation_time_total": 0.0, "samples": 60000, "num_workers": 1, "done": false, "timesteps_total": null, "episodes_total": null, "training_iteration": 2, "neg_mean_loss": -2.6952096391677856, "experiment_id": "5366c6a4b8b64e78b53c7ad0117faab8", "date": "2019-06-06_09-36-13", "timestamp": 1559838973, "time_this_iter_s": 41.16941523551941, "time_total_s": 87.93293070793152, "pid": 14831, "hostname": "steropes", "node_ip": "169.229.49.254", "config": {"starting_lr": 0.05, "momentum": 0.9, "weight_decay": 0.0001, "steps_per_iteration": null, "pin": false, "model_creator": null, "target_batch_size": 128, "model_string": "resnet50", "min_batch_size": 128, "dataset": "CIFAR", "placement": null, "use_nccl": true, "devices_per_worker": 1, "primary_resource": "extra_gpu", "gpu": false, "verbose": false, "lr_config": {"mode": "log", "steps": 5, "initial_lr": 0.05, "target_lr": 0.05}, "batch_per_device": 128}, "time_since_restore": 87.93293070793152, "timesteps_since_restore": 0, "iterations_since_restore": 2, "mean_throughput": 1364.6732785095717, "atoms": 1, "setup_time": 9.203243494033813}
{"apply": 0.017636489868164063, "batch_time": 0.03131798249256762, "d2h": 0.0006810665130615234, "data_time": 0.0018242917707204209, "fwd": 0.02815136909484863, "get_state_time_mean": NaN, "get_state_time_total": 0.0, "grad": 0.048404693603515625, "mean_accuracy": 0.33683331807454425, "mean_loss": 2.628524464289347, "neg_mean_accuracy": -0.4041999876499176, "set_state_time_mean": NaN, "set_state_time_total": 0.0, "setup_model_time_mean": NaN, "setup_model_time_total": 0.0, "setup_proc_time_mean": NaN, "setup_proc_time_total": 0.0, "train_accuracy": 0.3668400049209595, "train_loss": 1.8057675019073487, "training_time_mean": NaN, "training_time_total": 0.0, "val_accuracy": 0.4041999876499176, "val_loss": 2.4951541145324705, "validation_time_mean": NaN, "validation_time_total": 0.0, "samples": 60000, "num_workers": 1, "done": false, "timesteps_total": null, "episodes_total": null, "training_iteration": 3, "neg_mean_loss": -2.628524464289347, "experiment_id": "5366c6a4b8b64e78b53c7ad0117faab8", "date": "2019-06-06_09-36-55", "timestamp": 1559839015, "time_this_iter_s": 41.5598726272583, "time_total_s": 129.49280333518982, "pid": 14831, "hostname": "steropes", "node_ip": "169.229.49.254", "config": {"starting_lr": 0.05, "momentum": 0.9, "weight_decay": 0.0001, "steps_per_iteration": null, "pin": false, "model_creator": null, "target_batch_size": 128, "model_string": "resnet50", "min_batch_size": 128, "dataset": "CIFAR", "placement": null, "use_nccl": true, "devices_per_worker": 1, "primary_resource": "extra_gpu", "gpu": false, "verbose": false, "lr_config": {"mode": "log", "steps": 5, "initial_lr": 0.05, "target_lr": 0.05}, "batch_per_device": 128}, "time_since_restore": 129.49280333518982, "timesteps_since_restore": 0, "iterations_since_restore": 3, "mean_throughput": 1390.0356028391989, "atoms": 1, "setup_time": 9.203243494033813}
{"apply": 0.020039963722229003, "batch_time": 0.03448782993268363, "d2h": 0.0006902456283569336, "data_time": 0.001801618224824481, "fwd": 0.029499268531799315, "get_state_time_mean": NaN, "get_state_time_total": 0.0, "grad": 0.04961671829223633, "mean_accuracy": 0.3638499826192856, "mean_loss": 2.507572927856445, "neg_mean_accuracy": -0.4448999762535095, "set_state_time_mean": NaN, "set_state_time_total": 0.0, "setup_model_time_mean": NaN, "setup_model_time_total": 0.0, "setup_proc_time_mean": NaN, "setup_proc_time_total": 0.0, "train_accuracy": 0.40959998965263367, "train_loss": 1.6492145425033569, "training_time_mean": NaN, "training_time_total": 0.0, "val_accuracy": 0.4448999762535095, "val_loss": 2.1447183185577394, "validation_time_mean": NaN, "validation_time_total": 0.0, "samples": 60000, "num_workers": 1, "done": false, "timesteps_total": null, "episodes_total": null, "training_iteration": 4, "neg_mean_loss": -2.507572927856445, "experiment_id": "5366c6a4b8b64e78b53c7ad0117faab8", "date": "2019-06-06_09-37-36", "timestamp": 1559839056, "time_this_iter_s": 41.507057905197144, "time_total_s": 170.99986124038696, "pid": 14831, "hostname": "steropes", "node_ip": "169.229.49.254", "config": {"starting_lr": 0.05, "momentum": 0.9, "weight_decay": 0.0001, "steps_per_iteration": null, "pin": false, "model_creator": null, "target_batch_size": 128, "model_string": "resnet50", "min_batch_size": 128, "dataset": "CIFAR", "placement": null, "use_nccl": true, "devices_per_worker": 1, "primary_resource": "extra_gpu", "gpu": false, "verbose": false, "lr_config": {"mode": "log", "steps": 5, "initial_lr": 0.05, "target_lr": 0.05}, "batch_per_device": 128}, "time_since_restore": 170.99986124038696, "timesteps_since_restore": 0, "iterations_since_restore": 4, "mean_throughput": 1403.5069344433964, "atoms": 1, "setup_time": 9.203243494033813}
{"apply": 0.019074273109436036, "batch_time": 0.03187762936459312, "d2h": 0.0006927251815795898, "data_time": 0.001813447688851515, "fwd": 0.028818774223327636, "get_state_time_mean": NaN, "get_state_time_total": 0.0, "grad": 0.04945392608642578, "mean_accuracy": 0.38795998096466067, "mean_loss": 2.415351287536621, "neg_mean_accuracy": -0.4843999743461609, "set_state_time_mean": NaN, "set_state_time_total": 0.0, "setup_model_time_mean": NaN, "setup_model_time_total": 0.0, "setup_proc_time_mean": NaN, "setup_proc_time_total": 0.0, "train_accuracy": 0.4441399872303009, "train_loss": 1.539090990371704, "training_time_mean": NaN, "training_time_total": 0.0, "val_accuracy": 0.4843999743461609, "val_loss": 2.0464647262573243, "validation_time_mean": NaN, "validation_time_total": 0.0, "samples": 60000, "num_workers": 1, "done": false, "timesteps_total": null, "episodes_total": null, "training_iteration": 5, "neg_mean_loss": -2.415351287536621, "experiment_id": "5366c6a4b8b64e78b53c7ad0117faab8", "date": "2019-06-06_09-38-18", "timestamp": 1559839098, "time_this_iter_s": 41.20578670501709, "time_total_s": 212.20564794540405, "pid": 14831, "hostname": "steropes", "node_ip": "169.229.49.254", "config": {"starting_lr": 0.05, "momentum": 0.9, "weight_decay": 0.0001, "steps_per_iteration": null, "pin": false, "model_creator": null, "target_batch_size": 128, "model_string": "resnet50", "min_batch_size": 128, "dataset": "CIFAR", "placement": null, "use_nccl": true, "devices_per_worker": 1, "primary_resource": "extra_gpu", "gpu": false, "verbose": false, "lr_config": {"mode": "log", "steps": 5, "initial_lr": 0.05, "target_lr": 0.05}, "batch_per_device": 128}, "time_since_restore": 212.20564794540405, "timesteps_since_restore": 0, "iterations_since_restore": 5, "mean_throughput": 1413.7200099007157, "atoms": 1, "setup_time": 9.203243494033813}
{"apply": 0.01778876781463623, "batch_time": 0.032003586805319485, "d2h": 0.0007292747497558594, "data_time": 0.0018094116464600235, "fwd": 0.027806806564331054, "get_state_time_mean": NaN, "get_state_time_total": 0.0, "grad": 0.04813721179962158, "mean_accuracy": 0.4396399796009064, "mean_loss": 2.3107776469421384, "neg_mean_accuracy": -0.4795999825000763, "set_state_time_mean": NaN, "set_state_time_total": 0.0, "setup_model_time_mean": NaN, "setup_model_time_total": 0.0, "setup_proc_time_mean": NaN, "setup_proc_time_total": 0.0, "train_accuracy": 0.47001999616622925, "train_loss": 1.4629059214019775, "training_time_mean": NaN, "training_time_total": 0.0, "val_accuracy": 0.4795999825000763, "val_loss": 2.5165490406036377, "validation_time_mean": NaN, "validation_time_total": 0.0, "samples": 60000, "num_workers": 1, "done": false, "timesteps_total": null, "episodes_total": null, "training_iteration": 6, "neg_mean_loss": -2.3107776469421384, "experiment_id": "5366c6a4b8b64e78b53c7ad0117faab8", "date": "2019-06-06_09-38-59", "timestamp": 1559839139, "time_this_iter_s": 41.18450617790222, "time_total_s": 253.39015412330627, "pid": 14831, "hostname": "steropes", "node_ip": "169.229.49.254", "config": {"starting_lr": 0.05, "momentum": 0.9, "weight_decay": 0.0001, "steps_per_iteration": null, "pin": false, "model_creator": null, "target_batch_size": 128, "model_string": "resnet50", "min_batch_size": 128, "dataset": "CIFAR", "placement": null, "use_nccl": true, "devices_per_worker": 1, "primary_resource": "extra_gpu", "gpu": false, "verbose": false, "lr_config": {"mode": "log", "steps": 5, "initial_lr": 0.05, "target_lr": 0.05}, "batch_per_device": 128}, "time_since_restore": 253.39015412330627, "timesteps_since_restore": 0, "iterations_since_restore": 6, "mean_throughput": 1451.8912889585006, "atoms": 1, "setup_time": 9.203243494033813}
{"apply": 0.020130491256713866, "batch_time": 0.03192299830762646, "d2h": 0.0007171869277954101, "data_time": 0.0018083323603091033, "fwd": 0.02963721752166748, "get_state_time_mean": NaN, "get_state_time_total": 0.0, "grad": 0.04966416358947754, "mean_accuracy": 0.4652999758720398, "mean_loss": 2.1399989485168454, "neg_mean_accuracy": -0.5133999586105347, "set_state_time_mean": NaN, "set_state_time_total": 0.0, "setup_model_time_mean": NaN, "setup_model_time_total": 0.0, "setup_proc_time_mean": NaN, "setup_proc_time_total": 0.0, "train_accuracy": 0.48377999663352966, "train_loss": 1.4160142435455323, "training_time_mean": NaN, "training_time_total": 0.0, "val_accuracy": 0.5133999586105347, "val_loss": 1.4971085426330566, "validation_time_mean": NaN, "validation_time_total": 0.0, "samples": 60000, "num_workers": 1, "done": false, "timesteps_total": null, "episodes_total": null, "training_iteration": 7, "neg_mean_loss": -2.1399989485168454, "experiment_id": "5366c6a4b8b64e78b53c7ad0117faab8", "date": "2019-06-06_09-39-40", "timestamp": 1559839180, "time_this_iter_s": 41.431735038757324, "time_total_s": 294.8218891620636, "pid": 14831, "hostname": "steropes", "node_ip": "169.229.49.254", "config": {"starting_lr": 0.05, "momentum": 0.9, "weight_decay": 0.0001, "steps_per_iteration": null, "pin": false, "model_creator": null, "target_batch_size": 128, "model_string": "resnet50", "min_batch_size": 128, "dataset": "CIFAR", "placement": null, "use_nccl": true, "devices_per_worker": 1, "primary_resource": "extra_gpu", "gpu": false, "verbose": false, "lr_config": {"mode": "log", "steps": 5, "initial_lr": 0.05, "target_lr": 0.05}, "batch_per_device": 128}, "time_since_restore": 294.8218891620636, "timesteps_since_restore": 0, "iterations_since_restore": 7, "mean_throughput": 1450.0503923981003, "atoms": 1, "setup_time": 9.203243494033813}
{"apply": 0.017937517166137694, "batch_time": 0.03149626828447173, "d2h": 0.0007260799407958985, "data_time": 0.001814422704984465, "fwd": 0.02856292724609375, "get_state_time_mean": NaN, "get_state_time_total": 0.0, "grad": 0.049790239334106444, "mean_accuracy": 0.4901599705219269, "mean_loss": 2.0193986667633057, "neg_mean_accuracy": -0.528499960899353, "set_state_time_mean": NaN, "set_state_time_total": 0.0, "setup_model_time_mean": NaN, "setup_model_time_total": 0.0, "setup_proc_time_mean": NaN, "setup_proc_time_total": 0.0, "train_accuracy": 0.5092599987983704, "train_loss": 1.3559484627532958, "training_time_mean": NaN, "training_time_total": 0.0, "val_accuracy": 0.528499960899353, "val_loss": 1.8921527057647705, "validation_time_mean": NaN, "validation_time_total": 0.0, "samples": 60000, "num_workers": 1, "done": false, "timesteps_total": null, "episodes_total": null, "training_iteration": 8, "neg_mean_loss": -2.0193986667633057, "experiment_id": "5366c6a4b8b64e78b53c7ad0117faab8", "date": "2019-06-06_09-40-21", "timestamp": 1559839221, "time_this_iter_s": 41.14723205566406, "time_total_s": 335.96912121772766, "pid": 14831, "hostname": "steropes", "node_ip": "169.229.49.254", "config": {"starting_lr": 0.05, "momentum": 0.9, "weight_decay": 0.0001, "steps_per_iteration": null, "pin": false, "model_creator": null, "target_batch_size": 128, "model_string": "resnet50", "min_batch_size": 128, "dataset": "CIFAR", "placement": null, "use_nccl": true, "devices_per_worker": 1, "primary_resource": "extra_gpu", "gpu": false, "verbose": false, "lr_config": {"mode": "log", "steps": 5, "initial_lr": 0.05, "target_lr": 0.05}, "batch_per_device": 128}, "time_since_restore": 335.96912121772766, "timesteps_since_restore": 0, "iterations_since_restore": 8, "mean_throughput": 1452.9478161199245, "atoms": 1, "setup_time": 9.203243494033813}
{"apply": 0.01797776222229004, "batch_time": 0.031779799280287346, "d2h": 0.000731348991394043, "data_time": 0.0017681743787682574, "fwd": 0.027857470512390136, "get_state_time_mean": NaN, "get_state_time_total": 0.0, "grad": 0.051265406608581546, "mean_accuracy": 0.5093999683856965, "mean_loss": 2.1717840798950196, "neg_mean_accuracy": -0.5410999655723572, "set_state_time_mean": NaN, "set_state_time_total": 0.0, "setup_model_time_mean": NaN, "setup_model_time_total": 0.0, "setup_proc_time_mean": NaN, "setup_proc_time_total": 0.0, "train_accuracy": 0.5267199873924255, "train_loss": 1.3112477434921264, "training_time_mean": NaN, "training_time_total": 0.0, "val_accuracy": 0.5410999655723572, "val_loss": 2.9066453842163087, "validation_time_mean": NaN, "validation_time_total": 0.0, "samples": 60000, "num_workers": 1, "done": true, "timesteps_total": null, "episodes_total": null, "training_iteration": 9, "neg_mean_loss": -2.1717840798950196, "experiment_id": "5366c6a4b8b64e78b53c7ad0117faab8", "date": "2019-06-06_09-41-02", "timestamp": 1559839262, "time_this_iter_s": 40.93199563026428, "time_total_s": 376.90111684799194, "pid": 14831, "hostname": "steropes", "node_ip": "169.229.49.254", "config": {"starting_lr": 0.05, "momentum": 0.9, "weight_decay": 0.0001, "steps_per_iteration": null, "pin": false, "model_creator": null, "target_batch_size": 128, "model_string": "resnet50", "min_batch_size": 128, "dataset": "CIFAR", "placement": null, "use_nccl": true, "devices_per_worker": 1, "primary_resource": "extra_gpu", "gpu": false, "verbose": false, "lr_config": {"mode": "log", "steps": 5, "initial_lr": 0.05, "target_lr": 0.05}, "batch_per_device": 128}, "time_since_restore": 376.90111684799194, "timesteps_since_restore": 0, "iterations_since_restore": 9, "mean_throughput": 1457.0056886946127, "atoms": 1, "setup_time": 9.203243494033813}
