{"apply": 0.017371463775634765, "batch_time": 0.044155745566645754, "d2h": 0.0006537199020385742, "data_time": 0.0019838206298515926, "fwd": 0.14548122882843018, "get_state_time_mean": NaN, "get_state_time_total": 0.0, "grad": 0.16322777271270753, "mean_accuracy": 0.1614999920129776, "mean_loss": 31.96469778251648, "neg_mean_accuracy": -0.1614999920129776, "set_state_time_mean": NaN, "set_state_time_total": 0.0, "setup_model_time_mean": 10.74075174331665, "setup_model_time_total": 10.74075174331665, "setup_proc_time_mean": 1.9166820049285889, "setup_proc_time_total": 1.9166820049285889, "train_accuracy": 0.14919999241828918, "train_loss": 4.757246138763428, "training_time_mean": NaN, "training_time_total": 0.0, "val_accuracy": 0.1614999920129776, "val_loss": 31.96469778251648, "validation_time_mean": NaN, "validation_time_total": 0.0, "samples": 60000, "num_workers": 1, "done": false, "timesteps_total": null, "episodes_total": null, "training_iteration": 1, "neg_mean_loss": -31.96469778251648, "experiment_id": "913a41c251b04d3680065c9c031b4fec", "date": "2019-06-03_22-25-15", "timestamp": 1559625915, "time_this_iter_s": 46.44401669502258, "time_total_s": 46.44401669502258, "pid": 26253, "hostname": "steropes", "node_ip": "169.229.49.254", "config": {"starting_lr": 0.005, "momentum": 0.997, "weight_decay": 0.001, "steps_per_iteration": null, "pin": false, "model_creator": null, "target_batch_size": 128, "model_string": "resnet50", "min_batch_size": 128, "dataset": "CIFAR", "placement": null, "use_nccl": true, "devices_per_worker": 1, "primary_resource": "extra_gpu", "gpu": false, "verbose": false, "lr_config": {"mode": "log", "steps": 5, "initial_lr": 0.005, "target_lr": 0.005}, "batch_per_device": 128}, "time_since_restore": 46.44401669502258, "timesteps_since_restore": 0, "iterations_since_restore": 1, "mean_throughput": 1291.8755327175797, "atoms": 1, "setup_time": 12.750592231750488}
{"apply": 0.017364358901977538, "batch_time": 0.03171836575375327, "d2h": 0.0006834030151367188, "data_time": 0.0017916272058511329, "fwd": 0.028201794624328612, "get_state_time_mean": NaN, "get_state_time_total": 0.0, "grad": 0.047289466857910155, "mean_accuracy": 0.18114999681711197, "mean_loss": 17.08130082950592, "neg_mean_accuracy": -0.20080000162124634, "set_state_time_mean": NaN, "set_state_time_total": 0.0, "setup_model_time_mean": NaN, "setup_model_time_total": 0.0, "setup_proc_time_mean": NaN, "setup_proc_time_total": 0.0, "train_accuracy": 0.16011999547481537, "train_loss": 2.952424926490784, "training_time_mean": NaN, "training_time_total": 0.0, "val_accuracy": 0.20080000162124634, "val_loss": 2.1979038764953613, "validation_time_mean": NaN, "validation_time_total": 0.0, "samples": 60000, "num_workers": 1, "done": false, "timesteps_total": null, "episodes_total": null, "training_iteration": 2, "neg_mean_loss": -17.08130082950592, "experiment_id": "913a41c251b04d3680065c9c031b4fec", "date": "2019-06-03_22-25-55", "timestamp": 1559625955, "time_this_iter_s": 40.430347204208374, "time_total_s": 86.87436389923096, "pid": 26253, "hostname": "steropes", "node_ip": "169.229.49.254", "config": {"starting_lr": 0.005, "momentum": 0.997, "weight_decay": 0.001, "steps_per_iteration": null, "pin": false, "model_creator": null, "target_batch_size": 128, "model_string": "resnet50", "min_batch_size": 128, "dataset": "CIFAR", "placement": null, "use_nccl": true, "devices_per_worker": 1, "primary_resource": "extra_gpu", "gpu": false, "verbose": false, "lr_config": {"mode": "log", "steps": 5, "initial_lr": 0.005, "target_lr": 0.005}, "batch_per_device": 128}, "time_since_restore": 86.87436389923096, "timesteps_since_restore": 0, "iterations_since_restore": 2, "mean_throughput": 1381.3024964039216, "atoms": 1, "setup_time": 12.750592231750488}
{"apply": 0.01760416030883789, "batch_time": 0.031634949430634704, "d2h": 0.0006886482238769531, "data_time": 0.0017791666338205947, "fwd": 0.02827901840209961, "get_state_time_mean": NaN, "get_state_time_total": 0.0, "grad": 0.04726474285125733, "mean_accuracy": 0.19936666389306387, "mean_loss": 12.057529972457885, "neg_mean_accuracy": -0.23579999804496765, "set_state_time_mean": NaN, "set_state_time_total": 0.0, "setup_model_time_mean": NaN, "setup_model_time_total": 0.0, "setup_proc_time_mean": NaN, "setup_proc_time_total": 0.0, "train_accuracy": 0.20681999623775482, "train_loss": 2.1077857154846193, "training_time_mean": NaN, "training_time_total": 0.0, "val_accuracy": 0.23579999804496765, "val_loss": 2.0099882583618163, "validation_time_mean": NaN, "validation_time_total": 0.0, "samples": 60000, "num_workers": 1, "done": false, "timesteps_total": null, "episodes_total": null, "training_iteration": 3, "neg_mean_loss": -12.057529972457885, "experiment_id": "913a41c251b04d3680065c9c031b4fec", "date": "2019-06-03_22-26-35", "timestamp": 1559625995, "time_this_iter_s": 40.29381203651428, "time_total_s": 127.16817593574524, "pid": 26253, "hostname": "steropes", "node_ip": "169.229.49.254", "config": {"starting_lr": 0.005, "momentum": 0.997, "weight_decay": 0.001, "steps_per_iteration": null, "pin": false, "model_creator": null, "target_batch_size": 128, "model_string": "resnet50", "min_batch_size": 128, "dataset": "CIFAR", "placement": null, "use_nccl": true, "devices_per_worker": 1, "primary_resource": "extra_gpu", "gpu": false, "verbose": false, "lr_config": {"mode": "log", "steps": 5, "initial_lr": 0.005, "target_lr": 0.005}, "batch_per_device": 128}, "time_since_restore": 127.16817593574524, "timesteps_since_restore": 0, "iterations_since_restore": 3, "mean_throughput": 1415.4443695294126, "atoms": 1, "setup_time": 12.750592231750488}
{"apply": 0.017502665519714355, "batch_time": 0.03149477741386317, "d2h": 0.0006404399871826171, "data_time": 0.0017574357864496958, "fwd": 0.02852778434753418, "get_state_time_mean": NaN, "get_state_time_total": 0.0, "grad": 0.04739358425140381, "mean_accuracy": 0.22762499377131462, "mean_loss": 9.494990307235717, "neg_mean_accuracy": -0.3123999834060669, "set_state_time_mean": NaN, "set_state_time_total": 0.0, "setup_model_time_mean": NaN, "setup_model_time_total": 0.0, "setup_proc_time_mean": NaN, "setup_proc_time_total": 0.0, "train_accuracy": 0.2731199860572815, "train_loss": 1.8975898211669922, "training_time_mean": NaN, "training_time_total": 0.0, "val_accuracy": 0.3123999834060669, "val_loss": 1.8073713115692138, "validation_time_mean": NaN, "validation_time_total": 0.0, "samples": 60000, "num_workers": 1, "done": false, "timesteps_total": null, "episodes_total": null, "training_iteration": 4, "neg_mean_loss": -9.494990307235717, "experiment_id": "913a41c251b04d3680065c9c031b4fec", "date": "2019-06-03_22-27-16", "timestamp": 1559626036, "time_this_iter_s": 40.360663652420044, "time_total_s": 167.52883958816528, "pid": 26253, "hostname": "steropes", "node_ip": "169.229.49.254", "config": {"starting_lr": 0.005, "momentum": 0.997, "weight_decay": 0.001, "steps_per_iteration": null, "pin": false, "model_creator": null, "target_batch_size": 128, "model_string": "resnet50", "min_batch_size": 128, "dataset": "CIFAR", "placement": null, "use_nccl": true, "devices_per_worker": 1, "primary_resource": "extra_gpu", "gpu": false, "verbose": false, "lr_config": {"mode": "log", "steps": 5, "initial_lr": 0.005, "target_lr": 0.005}, "batch_per_device": 128}, "time_since_restore": 167.52883958816528, "timesteps_since_restore": 0, "iterations_since_restore": 4, "mean_throughput": 1432.5851522130022, "atoms": 1, "setup_time": 12.750592231750488}
{"apply": 0.01737849712371826, "batch_time": 0.03125747547873968, "d2h": 0.0006793737411499023, "data_time": 0.0017729994586056762, "fwd": 0.027857589721679687, "get_state_time_mean": NaN, "get_state_time_total": 0.0, "grad": 0.046764469146728514, "mean_accuracy": 0.25849999487400055, "mean_loss": 7.926365856933593, "neg_mean_accuracy": -0.38199999928474426, "set_state_time_mean": NaN, "set_state_time_total": 0.0, "setup_model_time_mean": NaN, "setup_model_time_total": 0.0, "setup_proc_time_mean": NaN, "setup_proc_time_total": 0.0, "train_accuracy": 0.3374199867248535, "train_loss": 1.7569536813354492, "training_time_mean": NaN, "training_time_total": 0.0, "val_accuracy": 0.38199999928474426, "val_loss": 1.6518680557250978, "validation_time_mean": NaN, "validation_time_total": 0.0, "samples": 60000, "num_workers": 1, "done": false, "timesteps_total": null, "episodes_total": null, "training_iteration": 5, "neg_mean_loss": -7.926365856933593, "experiment_id": "913a41c251b04d3680065c9c031b4fec", "date": "2019-06-03_22-27-56", "timestamp": 1559626076, "time_this_iter_s": 40.23438310623169, "time_total_s": 207.76322269439697, "pid": 26253, "hostname": "steropes", "node_ip": "169.229.49.254", "config": {"starting_lr": 0.005, "momentum": 0.997, "weight_decay": 0.001, "steps_per_iteration": null, "pin": false, "model_creator": null, "target_batch_size": 128, "model_string": "resnet50", "min_batch_size": 128, "dataset": "CIFAR", "placement": null, "use_nccl": true, "devices_per_worker": 1, "primary_resource": "extra_gpu", "gpu": false, "verbose": false, "lr_config": {"mode": "log", "steps": 5, "initial_lr": 0.005, "target_lr": 0.005}, "batch_per_device": 128}, "time_since_restore": 207.76322269439697, "timesteps_since_restore": 0, "iterations_since_restore": 5, "mean_throughput": 1443.9475786421976, "atoms": 1, "setup_time": 12.750592231750488}
{"apply": 0.017206144332885743, "batch_time": 0.03178242792057086, "d2h": 0.0006691455841064453, "data_time": 0.0018604021243122228, "fwd": 0.027913355827331544, "get_state_time_mean": NaN, "get_state_time_total": 0.0, "grad": 0.04715650081634522, "mean_accuracy": 0.30833999514579774, "mean_loss": 1.8603537778091428, "neg_mean_accuracy": -0.4106999933719635, "set_state_time_mean": NaN, "set_state_time_total": 0.0, "setup_model_time_mean": NaN, "setup_model_time_total": 0.0, "setup_proc_time_mean": NaN, "setup_proc_time_total": 0.0, "train_accuracy": 0.38781997561454773, "train_loss": 1.6474971405792236, "training_time_mean": NaN, "training_time_total": 0.0, "val_accuracy": 0.4106999933719635, "val_loss": 1.634637386894226, "validation_time_mean": NaN, "validation_time_total": 0.0, "samples": 60000, "num_workers": 1, "done": false, "timesteps_total": null, "episodes_total": null, "training_iteration": 6, "neg_mean_loss": -1.8603537778091428, "experiment_id": "913a41c251b04d3680065c9c031b4fec", "date": "2019-06-03_22-28-36", "timestamp": 1559626116, "time_this_iter_s": 40.277183294296265, "time_total_s": 248.04040598869324, "pid": 26253, "hostname": "steropes", "node_ip": "169.229.49.254", "config": {"starting_lr": 0.005, "momentum": 0.997, "weight_decay": 0.001, "steps_per_iteration": null, "pin": false, "model_creator": null, "target_batch_size": 128, "model_string": "resnet50", "min_batch_size": 128, "dataset": "CIFAR", "placement": null, "use_nccl": true, "devices_per_worker": 1, "primary_resource": "extra_gpu", "gpu": false, "verbose": false, "lr_config": {"mode": "log", "steps": 5, "initial_lr": 0.005, "target_lr": 0.005}, "batch_per_device": 128}, "time_since_restore": 248.04040598869324, "timesteps_since_restore": 0, "iterations_since_restore": 6, "mean_throughput": 1488.1178780960079, "atoms": 1, "setup_time": 12.750592231750488}
{"apply": 0.018045854568481446, "batch_time": 0.03170375884333743, "d2h": 0.0006426334381103516, "data_time": 0.0017595742364673664, "fwd": 0.028658723831176756, "get_state_time_mean": NaN, "get_state_time_total": 0.0, "grad": 0.047355246543884275, "mean_accuracy": 0.3615999937057495, "mean_loss": 1.7129694317626953, "neg_mean_accuracy": -0.46709999442100525, "set_state_time_mean": NaN, "set_state_time_total": 0.0, "setup_model_time_mean": NaN, "setup_model_time_total": 0.0, "setup_proc_time_mean": NaN, "setup_proc_time_total": 0.0, "train_accuracy": 0.4248799979686737, "train_loss": 1.5591430478668213, "training_time_mean": NaN, "training_time_total": 0.0, "val_accuracy": 0.46709999442100525, "val_loss": 1.4609821462631225, "validation_time_mean": NaN, "validation_time_total": 0.0, "samples": 60000, "num_workers": 1, "done": false, "timesteps_total": null, "episodes_total": null, "training_iteration": 7, "neg_mean_loss": -1.7129694317626953, "experiment_id": "913a41c251b04d3680065c9c031b4fec", "date": "2019-06-03_22-29-17", "timestamp": 1559626157, "time_this_iter_s": 40.25572752952576, "time_total_s": 288.296133518219, "pid": 26253, "hostname": "steropes", "node_ip": "169.229.49.254", "config": {"starting_lr": 0.005, "momentum": 0.997, "weight_decay": 0.001, "steps_per_iteration": null, "pin": false, "model_creator": null, "target_batch_size": 128, "model_string": "resnet50", "min_batch_size": 128, "dataset": "CIFAR", "placement": null, "use_nccl": true, "devices_per_worker": 1, "primary_resource": "extra_gpu", "gpu": false, "verbose": false, "lr_config": {"mode": "log", "steps": 5, "initial_lr": 0.005, "target_lr": 0.005}, "batch_per_device": 128}, "time_since_restore": 288.296133518219, "timesteps_since_restore": 0, "iterations_since_restore": 7, "mean_throughput": 1489.4079468022705, "atoms": 1, "setup_time": 12.750592231750488}
{"apply": 0.0172255277633667, "batch_time": 0.03149206728874883, "d2h": 0.00067901611328125, "data_time": 0.0018014657832777408, "fwd": 0.02814667224884033, "get_state_time_mean": NaN, "get_state_time_total": 0.0, "grad": 0.04687659740447998, "mean_accuracy": 0.40715999007225034, "mean_loss": 1.607407422866821, "neg_mean_accuracy": -0.4635999798774719, "set_state_time_mean": NaN, "set_state_time_total": 0.0, "setup_model_time_mean": NaN, "setup_model_time_total": 0.0, "setup_proc_time_mean": NaN, "setup_proc_time_total": 0.0, "train_accuracy": 0.447519987821579, "train_loss": 1.4986138989639282, "training_time_mean": NaN, "training_time_total": 0.0, "val_accuracy": 0.4635999798774719, "val_loss": 1.4821782138824462, "validation_time_mean": NaN, "validation_time_total": 0.0, "samples": 60000, "num_workers": 1, "done": false, "timesteps_total": null, "episodes_total": null, "training_iteration": 8, "neg_mean_loss": -1.607407422866821, "experiment_id": "913a41c251b04d3680065c9c031b4fec", "date": "2019-06-03_22-29-57", "timestamp": 1559626197, "time_this_iter_s": 40.17614221572876, "time_total_s": 328.47227573394775, "pid": 26253, "hostname": "steropes", "node_ip": "169.229.49.254", "config": {"starting_lr": 0.005, "momentum": 0.997, "weight_decay": 0.001, "steps_per_iteration": null, "pin": false, "model_creator": null, "target_batch_size": 128, "model_string": "resnet50", "min_batch_size": 128, "dataset": "CIFAR", "placement": null, "use_nccl": true, "devices_per_worker": 1, "primary_resource": "extra_gpu", "gpu": false, "verbose": false, "lr_config": {"mode": "log", "steps": 5, "initial_lr": 0.005, "target_lr": 0.005}, "batch_per_device": 128}, "time_since_restore": 328.47227573394775, "timesteps_since_restore": 0, "iterations_since_restore": 8, "mean_throughput": 1490.2794878304096, "atoms": 1, "setup_time": 12.750592231750488}
{"apply": 0.017799639701843263, "batch_time": 0.031575619419918786, "d2h": 0.0006859064102172852, "data_time": 0.0017745403377601252, "fwd": 0.02823636531829834, "get_state_time_mean": NaN, "get_state_time_total": 0.0, "grad": 0.04857020378112793, "mean_accuracy": 0.4425399899482727, "mean_loss": 1.5300781028366088, "neg_mean_accuracy": -0.4892999827861786, "set_state_time_mean": NaN, "set_state_time_total": 0.0, "setup_model_time_mean": NaN, "setup_model_time_total": 0.0, "setup_proc_time_mean": NaN, "setup_proc_time_total": 0.0, "train_accuracy": 0.4684399962425232, "train_loss": 1.4651297761535644, "training_time_mean": NaN, "training_time_total": 0.0, "val_accuracy": 0.4892999827861786, "val_loss": 1.4207247114181518, "validation_time_mean": NaN, "validation_time_total": 0.0, "samples": 60000, "num_workers": 1, "done": false, "timesteps_total": null, "episodes_total": null, "training_iteration": 9, "neg_mean_loss": -1.5300781028366088, "experiment_id": "913a41c251b04d3680065c9c031b4fec", "date": "2019-06-03_22-30-37", "timestamp": 1559626237, "time_this_iter_s": 40.38550138473511, "time_total_s": 368.85777711868286, "pid": 26253, "hostname": "steropes", "node_ip": "169.229.49.254", "config": {"starting_lr": 0.005, "momentum": 0.997, "weight_decay": 0.001, "steps_per_iteration": null, "pin": false, "model_creator": null, "target_batch_size": 128, "model_string": "resnet50", "min_batch_size": 128, "dataset": "CIFAR", "placement": null, "use_nccl": true, "devices_per_worker": 1, "primary_resource": "extra_gpu", "gpu": false, "verbose": false, "lr_config": {"mode": "log", "steps": 5, "initial_lr": 0.005, "target_lr": 0.005}, "batch_per_device": 128}, "time_since_restore": 368.85777711868286, "timesteps_since_restore": 0, "iterations_since_restore": 9, "mean_throughput": 1490.0957875750253, "atoms": 1, "setup_time": 12.750592231750488}
{"apply": 0.01745715141296387, "batch_time": 0.03173890294907968, "d2h": 0.0006749391555786133, "data_time": 0.0017950199449153813, "fwd": 0.027890396118164063, "get_state_time_mean": NaN, "get_state_time_total": 0.0, "grad": 0.04791414737701416, "mean_accuracy": 0.4671799838542938, "mean_loss": 1.4790310551071166, "neg_mean_accuracy": -0.5051999688148499, "set_state_time_mean": NaN, "set_state_time_total": 0.0, "setup_model_time_mean": NaN, "setup_model_time_total": 0.0, "setup_proc_time_mean": NaN, "setup_proc_time_total": 0.0, "train_accuracy": 0.47995999455451965, "train_loss": 1.4330060869598389, "training_time_mean": NaN, "training_time_total": 0.0, "val_accuracy": 0.5051999688148499, "val_loss": 1.3966328170776368, "validation_time_mean": NaN, "validation_time_total": 0.0, "samples": 60000, "num_workers": 1, "done": false, "timesteps_total": null, "episodes_total": null, "training_iteration": 10, "neg_mean_loss": -1.4790310551071166, "experiment_id": "913a41c251b04d3680065c9c031b4fec", "date": "2019-06-03_22-31-17", "timestamp": 1559626277, "time_this_iter_s": 40.23380899429321, "time_total_s": 409.0915861129761, "pid": 26253, "hostname": "steropes", "node_ip": "169.229.49.254", "config": {"starting_lr": 0.005, "momentum": 0.997, "weight_decay": 0.001, "steps_per_iteration": null, "pin": false, "model_creator": null, "target_batch_size": 128, "model_string": "resnet50", "min_batch_size": 128, "dataset": "CIFAR", "placement": null, "use_nccl": true, "devices_per_worker": 1, "primary_resource": "extra_gpu", "gpu": false, "verbose": false, "lr_config": {"mode": "log", "steps": 5, "initial_lr": 0.005, "target_lr": 0.005}, "batch_per_device": 128}, "time_since_restore": 409.0915861129761, "timesteps_since_restore": 0, "iterations_since_restore": 10, "mean_throughput": 1490.1001055730815, "atoms": 1, "setup_time": 12.750592231750488}
{"apply": 0.017352795600891112, "batch_time": 0.031474798540525796, "d2h": 0.0006774663925170898, "data_time": 0.0017888228911573014, "fwd": 0.02792043685913086, "get_state_time_mean": NaN, "get_state_time_total": 0.0, "grad": 0.04700465202331543, "mean_accuracy": 0.492579984664917, "mean_loss": 1.4096121050262451, "neg_mean_accuracy": -0.5376999974250793, "set_state_time_mean": NaN, "set_state_time_total": 0.0, "setup_model_time_mean": NaN, "setup_model_time_total": 0.0, "setup_proc_time_mean": NaN, "setup_proc_time_total": 0.0, "train_accuracy": 0.506659984588623, "train_loss": 1.373680838241577, "training_time_mean": NaN, "training_time_total": 0.0, "val_accuracy": 0.5376999974250793, "val_loss": 1.287542636489868, "validation_time_mean": NaN, "validation_time_total": 0.0, "samples": 60000, "num_workers": 1, "done": false, "timesteps_total": null, "episodes_total": null, "training_iteration": 11, "neg_mean_loss": -1.4096121050262451, "experiment_id": "913a41c251b04d3680065c9c031b4fec", "date": "2019-06-03_22-31-58", "timestamp": 1559626318, "time_this_iter_s": 40.153202533721924, "time_total_s": 449.244788646698, "pid": 26253, "hostname": "steropes", "node_ip": "169.229.49.254", "config": {"starting_lr": 0.005, "momentum": 0.997, "weight_decay": 0.001, "steps_per_iteration": null, "pin": false, "model_creator": null, "target_batch_size": 128, "model_string": "resnet50", "min_batch_size": 128, "dataset": "CIFAR", "placement": null, "use_nccl": true, "devices_per_worker": 1, "primary_resource": "extra_gpu", "gpu": false, "verbose": false, "lr_config": {"mode": "log", "steps": 5, "initial_lr": 0.005, "target_lr": 0.005}, "batch_per_device": 128}, "time_since_restore": 449.244788646698, "timesteps_since_restore": 0, "iterations_since_restore": 11, "mean_throughput": 1491.0183020820107, "atoms": 1, "setup_time": 12.750592231750488}
{"apply": 0.017219138145446778, "batch_time": 0.03220423263839529, "d2h": 0.0006628274917602539, "data_time": 0.001801988352899966, "fwd": 0.027967000007629396, "get_state_time_mean": NaN, "get_state_time_total": 0.0, "grad": 0.04703712463378906, "mean_accuracy": 0.49405998587608335, "mean_loss": 1.4177932648468017, "neg_mean_accuracy": -0.47450000047683716, "set_state_time_mean": NaN, "set_state_time_total": 0.0, "setup_model_time_mean": NaN, "setup_model_time_total": 0.0, "setup_proc_time_mean": NaN, "setup_proc_time_total": 0.0, "train_accuracy": 0.5240200161933899, "train_loss": 1.3290613802337647, "training_time_mean": NaN, "training_time_total": 0.0, "val_accuracy": 0.47450000047683716, "val_loss": 1.5018879453659058, "validation_time_mean": NaN, "validation_time_total": 0.0, "samples": 60000, "num_workers": 1, "done": false, "timesteps_total": null, "episodes_total": null, "training_iteration": 12, "neg_mean_loss": -1.4177932648468017, "experiment_id": "913a41c251b04d3680065c9c031b4fec", "date": "2019-06-03_22-32-38", "timestamp": 1559626358, "time_this_iter_s": 40.20952224731445, "time_total_s": 489.45431089401245, "pid": 26253, "hostname": "steropes", "node_ip": "169.229.49.254", "config": {"starting_lr": 0.005, "momentum": 0.997, "weight_decay": 0.001, "steps_per_iteration": null, "pin": false, "model_creator": null, "target_batch_size": 128, "model_string": "resnet50", "min_batch_size": 128, "dataset": "CIFAR", "placement": null, "use_nccl": true, "devices_per_worker": 1, "primary_resource": "extra_gpu", "gpu": false, "verbose": false, "lr_config": {"mode": "log", "steps": 5, "initial_lr": 0.005, "target_lr": 0.005}, "batch_per_device": 128}, "time_since_restore": 489.45431089401245, "timesteps_since_restore": 0, "iterations_since_restore": 12, "mean_throughput": 1491.3607880555803, "atoms": 1, "setup_time": 12.750592231750488}
{"apply": 0.01737987995147705, "batch_time": 0.031830672976336905, "d2h": 0.0006378173828125, "data_time": 0.0017540729259286085, "fwd": 0.028663253784179686, "get_state_time_mean": NaN, "get_state_time_total": 0.0, "grad": 0.04882781505584717, "mean_accuracy": 0.5121399819850921, "mean_loss": 1.3715851677703856, "neg_mean_accuracy": -0.5539999604225159, "set_state_time_mean": NaN, "set_state_time_total": 0.0, "setup_model_time_mean": NaN, "setup_model_time_total": 0.0, "setup_proc_time_mean": NaN, "setup_proc_time_total": 0.0, "train_accuracy": 0.526960015296936, "train_loss": 1.3282863564682006, "training_time_mean": NaN, "training_time_total": 0.0, "val_accuracy": 0.5539999604225159, "val_loss": 1.2511377285003662, "validation_time_mean": NaN, "validation_time_total": 0.0, "samples": 60000, "num_workers": 1, "done": false, "timesteps_total": null, "episodes_total": null, "training_iteration": 13, "neg_mean_loss": -1.3715851677703856, "experiment_id": "913a41c251b04d3680065c9c031b4fec", "date": "2019-06-03_22-33-18", "timestamp": 1559626398, "time_this_iter_s": 40.233325481414795, "time_total_s": 529.6876363754272, "pid": 26253, "hostname": "steropes", "node_ip": "169.229.49.254", "config": {"starting_lr": 0.005, "momentum": 0.997, "weight_decay": 0.001, "steps_per_iteration": null, "pin": false, "model_creator": null, "target_batch_size": 128, "model_string": "resnet50", "min_batch_size": 128, "dataset": "CIFAR", "placement": null, "use_nccl": true, "devices_per_worker": 1, "primary_resource": "extra_gpu", "gpu": false, "verbose": false, "lr_config": {"mode": "log", "steps": 5, "initial_lr": 0.005, "target_lr": 0.005}, "batch_per_device": 128}, "time_since_restore": 529.6876363754272, "timesteps_since_restore": 0, "iterations_since_restore": 13, "mean_throughput": 1490.9365059862544, "atoms": 1, "setup_time": 12.750592231750488}
{"apply": 0.017684745788574218, "batch_time": 0.031589287745801706, "d2h": 0.0006531000137329102, "data_time": 0.0017848661183701147, "fwd": 0.02838428020477295, "get_state_time_mean": NaN, "get_state_time_total": 0.0, "grad": 0.04732372760772705, "mean_accuracy": 0.5264599800109864, "mean_loss": 1.3328773134613037, "neg_mean_accuracy": -0.5608999729156494, "set_state_time_mean": NaN, "set_state_time_total": 0.0, "setup_model_time_mean": NaN, "setup_model_time_total": 0.0, "setup_proc_time_mean": NaN, "setup_proc_time_total": 0.0, "train_accuracy": 0.5478999614715576, "train_loss": 1.2664701740264892, "training_time_mean": NaN, "training_time_total": 0.0, "val_accuracy": 0.5608999729156494, "val_loss": 1.2271854398727418, "validation_time_mean": NaN, "validation_time_total": 0.0, "samples": 60000, "num_workers": 1, "done": false, "timesteps_total": null, "episodes_total": null, "training_iteration": 14, "neg_mean_loss": -1.3328773134613037, "experiment_id": "913a41c251b04d3680065c9c031b4fec", "date": "2019-06-03_22-33-58", "timestamp": 1559626438, "time_this_iter_s": 40.18238139152527, "time_total_s": 569.8700177669525, "pid": 26253, "hostname": "steropes", "node_ip": "169.229.49.254", "config": {"starting_lr": 0.005, "momentum": 0.997, "weight_decay": 0.001, "steps_per_iteration": null, "pin": false, "model_creator": null, "target_batch_size": 128, "model_string": "resnet50", "min_batch_size": 128, "dataset": "CIFAR", "placement": null, "use_nccl": true, "devices_per_worker": 1, "primary_resource": "extra_gpu", "gpu": false, "verbose": false, "lr_config": {"mode": "log", "steps": 5, "initial_lr": 0.005, "target_lr": 0.005}, "batch_per_device": 128}, "time_since_restore": 569.8700177669525, "timesteps_since_restore": 0, "iterations_since_restore": 14, "mean_throughput": 1492.4430938516873, "atoms": 1, "setup_time": 12.750592231750488}
{"apply": 0.017659687995910646, "batch_time": 0.03149254714386373, "d2h": 0.000690627098083496, "data_time": 0.0017756781614649937, "fwd": 0.028473496437072754, "get_state_time_mean": NaN, "get_state_time_total": 0.0, "grad": 0.04708731174468994, "mean_accuracy": 0.5375399827957154, "mean_loss": 1.2993182826995846, "neg_mean_accuracy": -0.5605999827384949, "set_state_time_mean": NaN, "set_state_time_total": 0.0, "setup_model_time_mean": NaN, "setup_model_time_total": 0.0, "setup_proc_time_mean": NaN, "setup_proc_time_total": 0.0, "train_accuracy": 0.5592199563980103, "train_loss": 1.240588300704956, "training_time_mean": NaN, "training_time_total": 0.0, "val_accuracy": 0.5605999827384949, "val_loss": 1.228837663269043, "validation_time_mean": NaN, "validation_time_total": 0.0, "samples": 60000, "num_workers": 1, "done": false, "timesteps_total": null, "episodes_total": null, "training_iteration": 15, "neg_mean_loss": -1.2993182826995846, "experiment_id": "913a41c251b04d3680065c9c031b4fec", "date": "2019-06-03_22-34-38", "timestamp": 1559626478, "time_this_iter_s": 40.24762201309204, "time_total_s": 610.1176397800446, "pid": 26253, "hostname": "steropes", "node_ip": "169.229.49.254", "config": {"starting_lr": 0.005, "momentum": 0.997, "weight_decay": 0.001, "steps_per_iteration": null, "pin": false, "model_creator": null, "target_batch_size": 128, "model_string": "resnet50", "min_batch_size": 128, "dataset": "CIFAR", "placement": null, "use_nccl": true, "devices_per_worker": 1, "primary_resource": "extra_gpu", "gpu": false, "verbose": false, "lr_config": {"mode": "log", "steps": 5, "initial_lr": 0.005, "target_lr": 0.005}, "batch_per_device": 128}, "time_since_restore": 610.1176397800446, "timesteps_since_restore": 0, "iterations_since_restore": 15, "mean_throughput": 1492.3405249959037, "atoms": 1, "setup_time": 12.750592231750488}
{"apply": 0.01721367835998535, "batch_time": 0.0313792802110503, "d2h": 0.0006784915924072266, "data_time": 0.0017873801843589529, "fwd": 0.028261542320251465, "get_state_time_mean": NaN, "get_state_time_total": 0.0, "grad": 0.047089123725891115, "mean_accuracy": 0.5427399754524231, "mean_loss": 1.287281027069092, "neg_mean_accuracy": -0.5636999607086182, "set_state_time_mean": NaN, "set_state_time_total": 0.0, "setup_model_time_mean": NaN, "setup_model_time_total": 0.0, "setup_proc_time_mean": NaN, "setup_proc_time_total": 0.0, "train_accuracy": 0.5523999929428101, "train_loss": 1.2581328284835815, "training_time_mean": NaN, "training_time_total": 0.0, "val_accuracy": 0.5636999607086182, "val_loss": 1.2273563583374023, "validation_time_mean": NaN, "validation_time_total": 0.0, "samples": 60000, "num_workers": 1, "done": false, "timesteps_total": null, "episodes_total": null, "training_iteration": 16, "neg_mean_loss": -1.287281027069092, "experiment_id": "913a41c251b04d3680065c9c031b4fec", "date": "2019-06-03_22-35-19", "timestamp": 1559626519, "time_this_iter_s": 40.278013467788696, "time_total_s": 650.3956532478333, "pid": 26253, "hostname": "steropes", "node_ip": "169.229.49.254", "config": {"starting_lr": 0.005, "momentum": 0.997, "weight_decay": 0.001, "steps_per_iteration": null, "pin": false, "model_creator": null, "target_batch_size": 128, "model_string": "resnet50", "min_batch_size": 128, "dataset": "CIFAR", "placement": null, "use_nccl": true, "devices_per_worker": 1, "primary_resource": "extra_gpu", "gpu": false, "verbose": false, "lr_config": {"mode": "log", "steps": 5, "initial_lr": 0.005, "target_lr": 0.005}, "batch_per_device": 128}, "time_since_restore": 650.3956532478333, "timesteps_since_restore": 0, "iterations_since_restore": 16, "mean_throughput": 1491.414535673781, "atoms": 1, "setup_time": 12.750592231750488}
{"apply": 0.01732141971588135, "batch_time": 0.03130786931967434, "d2h": 0.000656890869140625, "data_time": 0.0017702561205305406, "fwd": 0.02806565761566162, "get_state_time_mean": NaN, "get_state_time_total": 0.0, "grad": 0.0473649263381958, "mean_accuracy": 0.5636599779129028, "mean_loss": 1.224096191596985, "neg_mean_accuracy": -0.5791000127792358, "set_state_time_mean": NaN, "set_state_time_total": 0.0, "setup_model_time_mean": NaN, "setup_model_time_total": 0.0, "setup_proc_time_mean": NaN, "setup_proc_time_total": 0.0, "train_accuracy": 0.5526999831199646, "train_loss": 1.267069306564331, "training_time_mean": NaN, "training_time_total": 0.0, "val_accuracy": 0.5791000127792358, "val_loss": 1.1859637680053712, "validation_time_mean": NaN, "validation_time_total": 0.0, "samples": 60000, "num_workers": 1, "done": false, "timesteps_total": null, "episodes_total": null, "training_iteration": 17, "neg_mean_loss": -1.224096191596985, "experiment_id": "913a41c251b04d3680065c9c031b4fec", "date": "2019-06-03_22-35-59", "timestamp": 1559626559, "time_this_iter_s": 40.02057385444641, "time_total_s": 690.4162271022797, "pid": 26253, "hostname": "steropes", "node_ip": "169.229.49.254", "config": {"starting_lr": 0.005, "momentum": 0.997, "weight_decay": 0.001, "steps_per_iteration": null, "pin": false, "model_creator": null, "target_batch_size": 128, "model_string": "resnet50", "min_batch_size": 128, "dataset": "CIFAR", "placement": null, "use_nccl": true, "devices_per_worker": 1, "primary_resource": "extra_gpu", "gpu": false, "verbose": false, "lr_config": {"mode": "log", "steps": 5, "initial_lr": 0.005, "target_lr": 0.005}, "batch_per_device": 128}, "time_since_restore": 690.4162271022797, "timesteps_since_restore": 0, "iterations_since_restore": 17, "mean_throughput": 1492.816793676411, "atoms": 1, "setup_time": 12.750592231750488}
{"apply": 0.017841458320617676, "batch_time": 0.031803007367291025, "d2h": 0.0006536960601806641, "data_time": 0.001742806885858326, "fwd": 0.027840614318847656, "get_state_time_mean": NaN, "get_state_time_total": 0.0, "grad": 0.048113536834716794, "mean_accuracy": 0.567959988117218, "mean_loss": 1.2165180158233642, "neg_mean_accuracy": -0.5755000114440918, "set_state_time_mean": NaN, "set_state_time_total": 0.0, "setup_model_time_mean": NaN, "setup_model_time_total": 0.0, "setup_proc_time_mean": NaN, "setup_proc_time_total": 0.0, "train_accuracy": 0.5753600001335144, "train_loss": 1.2109690738296508, "training_time_mean": NaN, "training_time_total": 0.0, "val_accuracy": 0.5755000114440918, "val_loss": 1.2132468496322633, "validation_time_mean": NaN, "validation_time_total": 0.0, "samples": 60000, "num_workers": 1, "done": false, "timesteps_total": null, "episodes_total": null, "training_iteration": 18, "neg_mean_loss": -1.2165180158233642, "experiment_id": "913a41c251b04d3680065c9c031b4fec", "date": "2019-06-03_22-36-39", "timestamp": 1559626599, "time_this_iter_s": 40.1351273059845, "time_total_s": 730.5513544082642, "pid": 26253, "hostname": "steropes", "node_ip": "169.229.49.254", "config": {"starting_lr": 0.005, "momentum": 0.997, "weight_decay": 0.001, "steps_per_iteration": null, "pin": false, "model_creator": null, "target_batch_size": 128, "model_string": "resnet50", "min_batch_size": 128, "dataset": "CIFAR", "placement": null, "use_nccl": true, "devices_per_worker": 1, "primary_resource": "extra_gpu", "gpu": false, "verbose": false, "lr_config": {"mode": "log", "steps": 5, "initial_lr": 0.005, "target_lr": 0.005}, "batch_per_device": 128}, "time_since_restore": 730.5513544082642, "timesteps_since_restore": 0, "iterations_since_restore": 18, "mean_throughput": 1493.5470907782917, "atoms": 1, "setup_time": 12.750592231750488}
{"apply": 0.017582058906555176, "batch_time": 0.03180102155178408, "d2h": 0.0006798267364501953, "data_time": 0.001812754384696941, "fwd": 0.028290176391601564, "get_state_time_mean": NaN, "get_state_time_total": 0.0, "grad": 0.04677038192749024, "mean_accuracy": 0.5684599876403809, "mean_loss": 1.214295179786682, "neg_mean_accuracy": -0.5633999705314636, "set_state_time_mean": NaN, "set_state_time_total": 0.0, "setup_model_time_mean": NaN, "setup_model_time_total": 0.0, "setup_proc_time_mean": NaN, "setup_proc_time_total": 0.0, "train_accuracy": 0.558739960193634, "train_loss": 1.2486632855224609, "training_time_mean": NaN, "training_time_total": 0.0, "val_accuracy": 0.5633999705314636, "val_loss": 1.216071259689331, "validation_time_mean": NaN, "validation_time_total": 0.0, "samples": 60000, "num_workers": 1, "done": false, "timesteps_total": null, "episodes_total": null, "training_iteration": 19, "neg_mean_loss": -1.214295179786682, "experiment_id": "913a41c251b04d3680065c9c031b4fec", "date": "2019-06-03_22-37-19", "timestamp": 1559626639, "time_this_iter_s": 40.32272171974182, "time_total_s": 770.874076128006, "pid": 26253, "hostname": "steropes", "node_ip": "169.229.49.254", "config": {"starting_lr": 0.005, "momentum": 0.997, "weight_decay": 0.001, "steps_per_iteration": null, "pin": false, "model_creator": null, "target_batch_size": 128, "model_string": "resnet50", "min_batch_size": 128, "dataset": "CIFAR", "placement": null, "use_nccl": true, "devices_per_worker": 1, "primary_resource": "extra_gpu", "gpu": false, "verbose": false, "lr_config": {"mode": "log", "steps": 5, "initial_lr": 0.005, "target_lr": 0.005}, "batch_per_device": 128}, "time_since_restore": 770.874076128006, "timesteps_since_restore": 0, "iterations_since_restore": 19, "mean_throughput": 1492.5042627319401, "atoms": 1, "setup_time": 12.750592231750488}
{"apply": 0.017415356636047364, "batch_time": 0.03141850761220425, "d2h": 0.0006623029708862305, "data_time": 0.0017518064250116763, "fwd": 0.027808380126953126, "get_state_time_mean": NaN, "get_state_time_total": 0.0, "grad": 0.047005224227905276, "mean_accuracy": 0.5695399880409241, "mean_loss": 1.2126691997909544, "neg_mean_accuracy": -0.5659999847412109, "set_state_time_mean": NaN, "set_state_time_total": 0.0, "setup_model_time_mean": NaN, "setup_model_time_total": 0.0, "setup_proc_time_mean": NaN, "setup_proc_time_total": 0.0, "train_accuracy": 0.5718399882316589, "train_loss": 1.2213758800888062, "training_time_mean": NaN, "training_time_total": 0.0, "val_accuracy": 0.5659999847412109, "val_loss": 1.2207077632904053, "validation_time_mean": NaN, "validation_time_total": 0.0, "samples": 60000, "num_workers": 1, "done": false, "timesteps_total": null, "episodes_total": null, "training_iteration": 20, "neg_mean_loss": -1.2126691997909544, "experiment_id": "913a41c251b04d3680065c9c031b4fec", "date": "2019-06-03_22-37-59", "timestamp": 1559626679, "time_this_iter_s": 40.09726309776306, "time_total_s": 810.971339225769, "pid": 26253, "hostname": "steropes", "node_ip": "169.229.49.254", "config": {"starting_lr": 0.005, "momentum": 0.997, "weight_decay": 0.001, "steps_per_iteration": null, "pin": false, "model_creator": null, "target_batch_size": 128, "model_string": "resnet50", "min_batch_size": 128, "dataset": "CIFAR", "placement": null, "use_nccl": true, "devices_per_worker": 1, "primary_resource": "extra_gpu", "gpu": false, "verbose": false, "lr_config": {"mode": "log", "steps": 5, "initial_lr": 0.005, "target_lr": 0.005}, "batch_per_device": 128}, "time_since_restore": 810.971339225769, "timesteps_since_restore": 0, "iterations_since_restore": 20, "mean_throughput": 1493.6215302898333, "atoms": 1, "setup_time": 12.750592231750488}
{"apply": 0.01735217571258545, "batch_time": 0.031976084165935274, "d2h": 0.0006419897079467773, "data_time": 0.0017340427164531426, "fwd": 0.02801806926727295, "get_state_time_mean": NaN, "get_state_time_total": 0.0, "grad": 0.047323083877563475, "mean_accuracy": 0.5735799908638001, "mean_loss": 1.2059216578292846, "neg_mean_accuracy": -0.583899974822998, "set_state_time_mean": NaN, "set_state_time_total": 0.0, "setup_model_time_mean": NaN, "setup_model_time_total": 0.0, "setup_proc_time_mean": NaN, "setup_proc_time_total": 0.0, "train_accuracy": 0.5823799967765808, "train_loss": 1.1848136951446533, "training_time_mean": NaN, "training_time_total": 0.0, "val_accuracy": 0.583899974822998, "val_loss": 1.1936186485290528, "validation_time_mean": NaN, "validation_time_total": 0.0, "samples": 60000, "num_workers": 1, "done": false, "timesteps_total": null, "episodes_total": null, "training_iteration": 21, "neg_mean_loss": -1.2059216578292846, "experiment_id": "913a41c251b04d3680065c9c031b4fec", "date": "2019-06-03_22-38-40", "timestamp": 1559626720, "time_this_iter_s": 40.21699619293213, "time_total_s": 851.1883354187012, "pid": 26253, "hostname": "steropes", "node_ip": "169.229.49.254", "config": {"starting_lr": 0.005, "momentum": 0.997, "weight_decay": 0.001, "steps_per_iteration": null, "pin": false, "model_creator": null, "target_batch_size": 128, "model_string": "resnet50", "min_batch_size": 128, "dataset": "CIFAR", "placement": null, "use_nccl": true, "devices_per_worker": 1, "primary_resource": "extra_gpu", "gpu": false, "verbose": false, "lr_config": {"mode": "log", "steps": 5, "initial_lr": 0.005, "target_lr": 0.005}, "batch_per_device": 128}, "time_since_restore": 851.1883354187012, "timesteps_since_restore": 0, "iterations_since_restore": 21, "mean_throughput": 1494.0754282350474, "atoms": 1, "setup_time": 12.750592231750488}
