{"apply": 0.019107842445373537, "batch_time": 0.041923528985132144, "d2h": 0.0007302522659301758, "data_time": 0.0019957519248318487, "fwd": 0.1397890567779541, "get_state_time_mean": NaN, "get_state_time_total": 0.0, "grad": 0.16601848602294922, "mean_accuracy": 0.25209999084472656, "mean_loss": 2.2370779232025146, "neg_mean_accuracy": -0.25209999084472656, "set_state_time_mean": NaN, "set_state_time_total": 0.0, "setup_model_time_mean": 10.055635213851929, "setup_model_time_total": 10.055635213851929, "setup_proc_time_mean": 0.43752551078796387, "setup_proc_time_total": 0.43752551078796387, "train_accuracy": 0.1637199968099594, "train_loss": 2.5565161096191407, "training_time_mean": NaN, "training_time_total": 0.0, "val_accuracy": 0.25209999084472656, "val_loss": 2.2370779232025146, "validation_time_mean": NaN, "validation_time_total": 0.0, "samples": 60000, "num_workers": 1, "done": false, "timesteps_total": null, "episodes_total": null, "training_iteration": 1, "neg_mean_loss": -2.2370779232025146, "experiment_id": "d6b3a30b49bb43b2a25f7bfe5987a896", "date": "2019-06-06_09-37-58", "timestamp": 1559839078, "time_this_iter_s": 47.420167446136475, "time_total_s": 47.420167446136475, "pid": 14823, "hostname": "steropes", "node_ip": "169.229.49.254", "config": {"starting_lr": 0.0001, "momentum": 0.997, "weight_decay": 0.0001, "steps_per_iteration": null, "pin": false, "model_creator": null, "target_batch_size": 128, "model_string": "resnet50", "min_batch_size": 128, "dataset": "CIFAR", "placement": null, "use_nccl": true, "devices_per_worker": 1, "primary_resource": "extra_gpu", "gpu": false, "verbose": false, "lr_config": {"mode": "log", "steps": 5, "initial_lr": 0.0001, "target_lr": 0.0001}, "batch_per_device": 128}, "time_since_restore": 47.420167446136475, "timesteps_since_restore": 0, "iterations_since_restore": 1, "mean_throughput": 1265.2810553983902, "atoms": 1, "setup_time": 10.607049465179443}
{"apply": 0.017698049545288086, "batch_time": 0.03264228603507899, "d2h": 0.0006938934326171875, "data_time": 0.0019565427394779137, "fwd": 0.027799463272094725, "get_state_time_mean": NaN, "get_state_time_total": 0.0, "grad": 0.04750959873199463, "mean_accuracy": 0.2822999954223633, "mean_loss": 2.066919108963013, "neg_mean_accuracy": -0.3125, "set_state_time_mean": NaN, "set_state_time_total": 0.0, "setup_model_time_mean": NaN, "setup_model_time_total": 0.0, "setup_proc_time_mean": NaN, "setup_proc_time_total": 0.0, "train_accuracy": 0.2729800045490265, "train_loss": 2.048238764190674, "training_time_mean": NaN, "training_time_total": 0.0, "val_accuracy": 0.3125, "val_loss": 1.8967602947235107, "validation_time_mean": NaN, "validation_time_total": 0.0, "samples": 60000, "num_workers": 1, "done": false, "timesteps_total": null, "episodes_total": null, "training_iteration": 2, "neg_mean_loss": -2.066919108963013, "experiment_id": "d6b3a30b49bb43b2a25f7bfe5987a896", "date": "2019-06-06_09-38-39", "timestamp": 1559839119, "time_this_iter_s": 41.240878105163574, "time_total_s": 88.66104555130005, "pid": 14823, "hostname": "steropes", "node_ip": "169.229.49.254", "config": {"starting_lr": 0.0001, "momentum": 0.997, "weight_decay": 0.0001, "steps_per_iteration": null, "pin": false, "model_creator": null, "target_batch_size": 128, "model_string": "resnet50", "min_batch_size": 128, "dataset": "CIFAR", "placement": null, "use_nccl": true, "devices_per_worker": 1, "primary_resource": "extra_gpu", "gpu": false, "verbose": false, "lr_config": {"mode": "log", "steps": 5, "initial_lr": 0.0001, "target_lr": 0.0001}, "batch_per_device": 128}, "time_since_restore": 88.66104555130005, "timesteps_since_restore": 0, "iterations_since_restore": 2, "mean_throughput": 1353.4659730299554, "atoms": 1, "setup_time": 10.607049465179443}
{"apply": 0.017757368087768555, "batch_time": 0.0324119495440133, "d2h": 0.0006646394729614257, "data_time": 0.0018707102217027903, "fwd": 0.027532196044921874, "get_state_time_mean": NaN, "get_state_time_total": 0.0, "grad": 0.04878997802734375, "mean_accuracy": 0.3109333316485087, "mean_loss": 1.9971886175791422, "neg_mean_accuracy": -0.36820000410079956, "set_state_time_mean": NaN, "set_state_time_total": 0.0, "setup_model_time_mean": NaN, "setup_model_time_total": 0.0, "setup_proc_time_mean": NaN, "setup_proc_time_total": 0.0, "train_accuracy": 0.31926000118255615, "train_loss": 1.9262376368713379, "training_time_mean": NaN, "training_time_total": 0.0, "val_accuracy": 0.36820000410079956, "val_loss": 1.8577276348114014, "validation_time_mean": NaN, "validation_time_total": 0.0, "samples": 60000, "num_workers": 1, "done": true, "timesteps_total": null, "episodes_total": null, "training_iteration": 3, "neg_mean_loss": -1.9971886175791422, "experiment_id": "d6b3a30b49bb43b2a25f7bfe5987a896", "date": "2019-06-06_09-39-20", "timestamp": 1559839160, "time_this_iter_s": 40.701643228530884, "time_total_s": 129.36268877983093, "pid": 14823, "hostname": "steropes", "node_ip": "169.229.49.254", "config": {"starting_lr": 0.0001, "momentum": 0.997, "weight_decay": 0.0001, "steps_per_iteration": null, "pin": false, "model_creator": null, "target_batch_size": 128, "model_string": "resnet50", "min_batch_size": 128, "dataset": "CIFAR", "placement": null, "use_nccl": true, "devices_per_worker": 1, "primary_resource": "extra_gpu", "gpu": false, "verbose": false, "lr_config": {"mode": "log", "steps": 5, "initial_lr": 0.0001, "target_lr": 0.0001}, "batch_per_device": 128}, "time_since_restore": 129.36268877983093, "timesteps_since_restore": 0, "iterations_since_restore": 3, "mean_throughput": 1391.43352205416, "atoms": 1, "setup_time": 10.607049465179443}
