{"apply": 0.01746351718902588, "batch_time": 0.04312167590177512, "d2h": 0.0006571054458618164, "data_time": 0.0018584319697621534, "fwd": 0.1165470838546753, "get_state_time_mean": NaN, "get_state_time_total": 0.0, "grad": 0.16176376342773438, "mean_accuracy": 0.23359999060630798, "mean_loss": 2.193560998535156, "neg_mean_accuracy": -0.23359999060630798, "set_state_time_mean": NaN, "set_state_time_total": 0.0, "setup_model_time_mean": 8.412716388702393, "setup_model_time_total": 8.412716388702393, "setup_proc_time_mean": 0.543562650680542, "setup_proc_time_total": 0.543562650680542, "train_accuracy": 0.15199999511241913, "train_loss": 2.5620791638183595, "training_time_mean": NaN, "training_time_total": 0.0, "val_accuracy": 0.23359999060630798, "val_loss": 2.193560998535156, "validation_time_mean": NaN, "validation_time_total": 0.0, "samples": 60000, "num_workers": 1, "done": false, "timesteps_total": null, "episodes_total": null, "training_iteration": 1, "neg_mean_loss": -2.193560998535156, "experiment_id": "8445a5b1c36b48758354bb0d3f0f491a", "date": "2019-06-03_22-10-52", "timestamp": 1559625052, "time_this_iter_s": 45.66255044937134, "time_total_s": 45.66255044937134, "pid": 12002, "hostname": "steropes", "node_ip": "169.229.49.254", "config": {"starting_lr": 0.0001, "momentum": 0.99, "weight_decay": 0.0001, "steps_per_iteration": null, "pin": false, "model_creator": null, "target_batch_size": 128, "model_string": "resnet50", "min_batch_size": 128, "dataset": "CIFAR", "placement": null, "use_nccl": true, "devices_per_worker": 1, "primary_resource": "extra_gpu", "gpu": false, "verbose": false, "lr_config": {"mode": "log", "steps": 5, "initial_lr": 0.0001, "target_lr": 0.0001}, "batch_per_device": 128}, "time_since_restore": 45.66255044937134, "timesteps_since_restore": 0, "iterations_since_restore": 1, "mean_throughput": 1313.9844780934475, "atoms": 1, "setup_time": 10.979856014251709}
{"apply": 0.017056035995483398, "batch_time": 0.031950826886333994, "d2h": 0.0006587982177734375, "data_time": 0.0018603777336647443, "fwd": 0.027595210075378417, "get_state_time_mean": NaN, "get_state_time_total": 0.0, "grad": 0.04652574062347412, "mean_accuracy": 0.2689499855041504, "mean_loss": 2.06799001045227, "neg_mean_accuracy": -0.3042999804019928, "set_state_time_mean": NaN, "set_state_time_total": 0.0, "setup_model_time_mean": NaN, "setup_model_time_total": 0.0, "setup_proc_time_mean": NaN, "setup_proc_time_total": 0.0, "train_accuracy": 0.2528599798679352, "train_loss": 2.0514471869659423, "training_time_mean": NaN, "training_time_total": 0.0, "val_accuracy": 0.3042999804019928, "val_loss": 1.9424190223693847, "validation_time_mean": NaN, "validation_time_total": 0.0, "samples": 60000, "num_workers": 1, "done": false, "timesteps_total": null, "episodes_total": null, "training_iteration": 2, "neg_mean_loss": -2.06799001045227, "experiment_id": "8445a5b1c36b48758354bb0d3f0f491a", "date": "2019-06-03_22-11-32", "timestamp": 1559625092, "time_this_iter_s": 40.004969120025635, "time_total_s": 85.66751956939697, "pid": 12002, "hostname": "steropes", "node_ip": "169.229.49.254", "config": {"starting_lr": 0.0001, "momentum": 0.99, "weight_decay": 0.0001, "steps_per_iteration": null, "pin": false, "model_creator": null, "target_batch_size": 128, "model_string": "resnet50", "min_batch_size": 128, "dataset": "CIFAR", "placement": null, "use_nccl": true, "devices_per_worker": 1, "primary_resource": "extra_gpu", "gpu": false, "verbose": false, "lr_config": {"mode": "log", "steps": 5, "initial_lr": 0.0001, "target_lr": 0.0001}, "batch_per_device": 128}, "time_since_restore": 85.66751956939697, "timesteps_since_restore": 0, "iterations_since_restore": 2, "mean_throughput": 1400.7615624175683, "atoms": 1, "setup_time": 10.979856014251709}
{"apply": 0.01695675849914551, "batch_time": 0.032484709462033044, "d2h": 0.0006479263305664062, "data_time": 0.0018296461276081212, "fwd": 0.02754795551300049, "get_state_time_mean": NaN, "get_state_time_total": 0.0, "grad": 0.04720108509063721, "mean_accuracy": 0.2931666572888692, "mean_loss": 1.988132270812988, "neg_mean_accuracy": -0.3416000008583069, "set_state_time_mean": NaN, "set_state_time_total": 0.0, "setup_model_time_mean": NaN, "setup_model_time_total": 0.0, "setup_proc_time_mean": NaN, "setup_proc_time_total": 0.0, "train_accuracy": 0.30125999450683594, "train_loss": 1.9215596249008178, "training_time_mean": NaN, "training_time_total": 0.0, "val_accuracy": 0.3416000008583069, "val_loss": 1.8284167915344238, "validation_time_mean": NaN, "validation_time_total": 0.0, "samples": 60000, "num_workers": 1, "done": true, "timesteps_total": null, "episodes_total": null, "training_iteration": 3, "neg_mean_loss": -1.988132270812988, "experiment_id": "8445a5b1c36b48758354bb0d3f0f491a", "date": "2019-06-03_22-12-12", "timestamp": 1559625132, "time_this_iter_s": 39.94284629821777, "time_total_s": 125.61036586761475, "pid": 12002, "hostname": "steropes", "node_ip": "169.229.49.254", "config": {"starting_lr": 0.0001, "momentum": 0.99, "weight_decay": 0.0001, "steps_per_iteration": null, "pin": false, "model_creator": null, "target_batch_size": 128, "model_string": "resnet50", "min_batch_size": 128, "dataset": "CIFAR", "placement": null, "use_nccl": true, "devices_per_worker": 1, "primary_resource": "extra_gpu", "gpu": false, "verbose": false, "lr_config": {"mode": "log", "steps": 5, "initial_lr": 0.0001, "target_lr": 0.0001}, "batch_per_device": 128}, "time_since_restore": 125.61036586761475, "timesteps_since_restore": 0, "iterations_since_restore": 3, "mean_throughput": 1432.9973368456597, "atoms": 1, "setup_time": 10.979856014251709}
