{"apply": 0.01782968044281006, "batch_time": 0.04581072360654421, "d2h": 0.0007047653198242188, "data_time": 0.0018875580614485094, "fwd": 0.11885488033294678, "get_state_time_mean": NaN, "get_state_time_total": 0.0, "grad": 0.1668231964111328, "mean_accuracy": 0.1387999951839447, "mean_loss": 2.368393079376221, "neg_mean_accuracy": -0.1387999951839447, "set_state_time_mean": NaN, "set_state_time_total": 0.0, "setup_model_time_mean": 8.790767431259155, "setup_model_time_total": 8.790767431259155, "setup_proc_time_mean": 0.2723689079284668, "setup_proc_time_total": 0.2723689079284668, "train_accuracy": 0.11485999822616577, "train_loss": 2.7298941105651857, "training_time_mean": NaN, "training_time_total": 0.0, "val_accuracy": 0.1387999951839447, "val_loss": 2.368393079376221, "validation_time_mean": NaN, "validation_time_total": 0.0, "samples": 60000, "num_workers": 1, "done": false, "timesteps_total": null, "episodes_total": null, "training_iteration": 1, "neg_mean_loss": -2.368393079376221, "experiment_id": "ca1f4bba15c24fe484f158b8515bdf48", "date": "2019-06-03_03-39-40", "timestamp": 1559558380, "time_this_iter_s": 47.091795682907104, "time_total_s": 47.091795682907104, "pid": 18796, "hostname": "steropes", "node_ip": "169.229.49.254", "config": {"starting_lr": 0.0001, "momentum": 0.9, "weight_decay": 0.0005, "steps_per_iteration": null, "pin": false, "model_creator": null, "target_batch_size": 128, "model_string": "resnet50", "min_batch_size": 128, "dataset": "CIFAR", "placement": null, "use_nccl": true, "devices_per_worker": 1, "primary_resource": "extra_gpu", "gpu": false, "verbose": false, "lr_config": {"mode": "log", "steps": 5, "initial_lr": 0.0001, "target_lr": 0.0001}, "batch_per_device": 128}, "time_since_restore": 47.091795682907104, "timesteps_since_restore": 0, "iterations_since_restore": 1, "mean_throughput": 1274.1044543916576, "atoms": 1, "setup_time": 9.758869409561157}
{"apply": 0.017808079719543457, "batch_time": 0.032914152628258815, "d2h": 0.0007321357727050782, "data_time": 0.0018999594861589125, "fwd": 0.028386926651000975, "get_state_time_mean": NaN, "get_state_time_total": 0.0, "grad": 0.04809739589691162, "mean_accuracy": 0.14629999548196793, "mean_loss": 2.328614089202881, "neg_mean_accuracy": -0.15379999577999115, "set_state_time_mean": NaN, "set_state_time_total": 0.0, "setup_model_time_mean": NaN, "setup_model_time_total": 0.0, "setup_proc_time_mean": NaN, "setup_proc_time_total": 0.0, "train_accuracy": 0.13901999592781067, "train_loss": 2.3530252796936035, "training_time_mean": NaN, "training_time_total": 0.0, "val_accuracy": 0.15379999577999115, "val_loss": 2.288835099029541, "validation_time_mean": NaN, "validation_time_total": 0.0, "samples": 60000, "num_workers": 1, "done": false, "timesteps_total": null, "episodes_total": null, "training_iteration": 2, "neg_mean_loss": -2.328614089202881, "experiment_id": "ca1f4bba15c24fe484f158b8515bdf48", "date": "2019-06-03_03-40-21", "timestamp": 1559558421, "time_this_iter_s": 41.35813760757446, "time_total_s": 88.44993329048157, "pid": 18796, "hostname": "steropes", "node_ip": "169.229.49.254", "config": {"starting_lr": 0.0001, "momentum": 0.9, "weight_decay": 0.0005, "steps_per_iteration": null, "pin": false, "model_creator": null, "target_batch_size": 128, "model_string": "resnet50", "min_batch_size": 128, "dataset": "CIFAR", "placement": null, "use_nccl": true, "devices_per_worker": 1, "primary_resource": "extra_gpu", "gpu": false, "verbose": false, "lr_config": {"mode": "log", "steps": 5, "initial_lr": 0.0001, "target_lr": 0.0001}, "batch_per_device": 128}, "time_since_restore": 88.44993329048157, "timesteps_since_restore": 0, "iterations_since_restore": 2, "mean_throughput": 1356.696881569491, "atoms": 1, "setup_time": 9.758869409561157}
{"apply": 0.017704224586486815, "batch_time": 0.032834212991255746, "d2h": 0.0008803606033325195, "data_time": 0.0018639692565059417, "fwd": 0.028036618232727052, "get_state_time_mean": NaN, "get_state_time_total": 0.0, "grad": 0.05136065483093262, "mean_accuracy": 0.1539666603008906, "mean_loss": 2.2974119178771972, "neg_mean_accuracy": -0.16929998993873596, "set_state_time_mean": NaN, "set_state_time_total": 0.0, "setup_model_time_mean": NaN, "setup_model_time_total": 0.0, "setup_proc_time_mean": NaN, "setup_proc_time_total": 0.0, "train_accuracy": 0.15262000262737274, "train_loss": 2.2962328184509277, "training_time_mean": NaN, "training_time_total": 0.0, "val_accuracy": 0.16929998993873596, "val_loss": 2.23500757522583, "validation_time_mean": NaN, "validation_time_total": 0.0, "samples": 60000, "num_workers": 1, "done": true, "timesteps_total": null, "episodes_total": null, "training_iteration": 3, "neg_mean_loss": -2.2974119178771972, "experiment_id": "ca1f4bba15c24fe484f158b8515bdf48", "date": "2019-06-03_03-41-03", "timestamp": 1559558463, "time_this_iter_s": 41.30968737602234, "time_total_s": 129.7596206665039, "pid": 18796, "hostname": "steropes", "node_ip": "169.229.49.254", "config": {"starting_lr": 0.0001, "momentum": 0.9, "weight_decay": 0.0005, "steps_per_iteration": null, "pin": false, "model_creator": null, "target_batch_size": 128, "model_string": "resnet50", "min_batch_size": 128, "dataset": "CIFAR", "placement": null, "use_nccl": true, "devices_per_worker": 1, "primary_resource": "extra_gpu", "gpu": false, "verbose": false, "lr_config": {"mode": "log", "steps": 5, "initial_lr": 0.0001, "target_lr": 0.0001}, "batch_per_device": 128}, "time_since_restore": 129.7596206665039, "timesteps_since_restore": 0, "iterations_since_restore": 3, "mean_throughput": 1387.1767053930741, "atoms": 1, "setup_time": 9.758869409561157}
