{"apply": 0.01782515048980713, "batch_time": 0.04209085355831098, "d2h": 0.000704503059387207, "data_time": 0.0018342620576434123, "fwd": 0.1167179822921753, "get_state_time_mean": NaN, "get_state_time_total": 0.0, "grad": 0.16649515628814698, "mean_accuracy": 0.28540000319480896, "mean_loss": 1.9754459838867187, "neg_mean_accuracy": -0.28540000319480896, "set_state_time_mean": NaN, "set_state_time_total": 0.0, "setup_model_time_mean": 8.237530946731567, "setup_model_time_total": 8.237530946731567, "setup_proc_time_mean": 0.1664597988128662, "setup_proc_time_total": 0.1664597988128662, "train_accuracy": 0.1931999921798706, "train_loss": 2.3060957321166993, "training_time_mean": NaN, "training_time_total": 0.0, "val_accuracy": 0.28540000319480896, "val_loss": 1.9754459838867187, "validation_time_mean": NaN, "validation_time_total": 0.0, "samples": 60000, "num_workers": 1, "done": false, "timesteps_total": null, "episodes_total": null, "training_iteration": 1, "neg_mean_loss": -1.9754459838867187, "experiment_id": "b33d88657325469ea80a2d56319d7603", "date": "2019-06-06_07-06-17", "timestamp": 1559829977, "time_this_iter_s": 46.94466853141785, "time_total_s": 46.94466853141785, "pid": 4125, "hostname": "steropes", "node_ip": "169.229.49.254", "config": {"starting_lr": 0.001, "momentum": 0.9, "weight_decay": 0.001, "steps_per_iteration": null, "pin": false, "model_creator": null, "target_batch_size": 128, "model_string": "resnet50", "min_batch_size": 128, "dataset": "CIFAR", "placement": null, "use_nccl": true, "devices_per_worker": 1, "primary_resource": "extra_gpu", "gpu": false, "verbose": false, "lr_config": {"mode": "log", "steps": 5, "initial_lr": 0.001, "target_lr": 0.001}, "batch_per_device": 128}, "time_since_restore": 46.94466853141785, "timesteps_since_restore": 0, "iterations_since_restore": 1, "mean_throughput": 1278.0979997306458, "atoms": 1, "setup_time": 8.80816650390625}
{"apply": 0.019995808601379395, "batch_time": 0.032366302948963796, "d2h": 0.0007505178451538086, "data_time": 0.0018325400779314357, "fwd": 0.029362010955810546, "get_state_time_mean": NaN, "get_state_time_total": 0.0, "grad": 0.04880459308624267, "mean_accuracy": 0.32044999301433563, "mean_loss": 1.8978901477813719, "neg_mean_accuracy": -0.3554999828338623, "set_state_time_mean": NaN, "set_state_time_total": 0.0, "setup_model_time_mean": NaN, "setup_model_time_total": 0.0, "setup_proc_time_mean": NaN, "setup_proc_time_total": 0.0, "train_accuracy": 0.2904599905014038, "train_loss": 1.9591240340805054, "training_time_mean": NaN, "training_time_total": 0.0, "val_accuracy": 0.3554999828338623, "val_loss": 1.8203343116760253, "validation_time_mean": NaN, "validation_time_total": 0.0, "samples": 60000, "num_workers": 1, "done": true, "timesteps_total": null, "episodes_total": null, "training_iteration": 2, "neg_mean_loss": -1.8978901477813719, "experiment_id": "b33d88657325469ea80a2d56319d7603", "date": "2019-06-06_07-06-59", "timestamp": 1559830019, "time_this_iter_s": 41.765244007110596, "time_total_s": 88.70991253852844, "pid": 4125, "hostname": "steropes", "node_ip": "169.229.49.254", "config": {"starting_lr": 0.001, "momentum": 0.9, "weight_decay": 0.001, "steps_per_iteration": null, "pin": false, "model_creator": null, "target_batch_size": 128, "model_string": "resnet50", "min_batch_size": 128, "dataset": "CIFAR", "placement": null, "use_nccl": true, "devices_per_worker": 1, "primary_resource": "extra_gpu", "gpu": false, "verbose": false, "lr_config": {"mode": "log", "steps": 5, "initial_lr": 0.001, "target_lr": 0.001}, "batch_per_device": 128}, "time_since_restore": 88.70991253852844, "timesteps_since_restore": 0, "iterations_since_restore": 2, "mean_throughput": 1352.7210152554521, "atoms": 1, "setup_time": 8.80816650390625}
