apply,batch_time,d2h,data_time,fwd,get_state_time_mean,get_state_time_total,grad,mean_accuracy,mean_loss,neg_mean_accuracy,set_state_time_mean,set_state_time_total,setup_model_time_mean,setup_model_time_total,setup_proc_time_mean,setup_proc_time_total,train_accuracy,train_loss,training_time_mean,training_time_total,val_accuracy,val_loss,validation_time_mean,validation_time_total,samples,num_workers,done,timesteps_total,episodes_total,training_iteration,neg_mean_loss,experiment_id,date,timestamp,time_this_iter_s,time_total_s,pid,hostname,node_ip,config,time_since_restore,timesteps_since_restore,iterations_since_restore,mean_throughput,atoms,setup_time
0.01730391979217529,0.04142620895482317,0.0006527423858642579,0.0018799024469712202,0.11834020614624023,nan,0.0,0.1639723539352417,0.2694999873638153,2.3546394542694093,-0.2694999873638153,nan,0.0,9.481562614440918,9.481562614440918,0.4988851547241211,0.4988851547241211,0.20499999821186066,2.4362924938964845,nan,0.0,0.2694999873638153,2.3546394542694093,nan,0.0,60000,1,False,,,1,-2.3546394542694093,b074fffc79ad4388903cded32b93d1de,2019-06-06_10-31-47,1559842307,45.696423053741455,45.696423053741455,11783,steropes,169.229.49.254,"{'starting_lr': 0.0005, 'momentum': 0.997, 'weight_decay': 0.005, 'steps_per_iteration': None, 'pin': False, 'model_creator': None, 'target_batch_size': 128, 'model_string': 'resnet50', 'min_batch_size': 128, 'dataset': 'CIFAR', 'placement': None, 'use_nccl': True, 'devices_per_worker': 1, 'primary_resource': 'extra_gpu', 'gpu': False, 'verbose': False, 'lr_config': {'mode': 'log', 'steps': 5, 'initial_lr': 0.0005, 'target_lr': 0.0005}, 'batch_per_device': 128}",45.696423053741455,0,1,1313.010752415519,1,10.379210710525513
0.017920207977294923,0.031692836858049224,0.0006978988647460937,0.0017886326441069699,0.02871658802032471,nan,0.0,0.04802913665771484,0.3073499947786331,2.112025134086609,-0.3452000021934509,nan,0.0,nan,0.0,nan,0.0,0.29679998755455017,2.0957837019348147,nan,0.0,0.3452000021934509,1.8694108139038086,nan,0.0,60000,1,False,,,2,-2.112025134086609,b074fffc79ad4388903cded32b93d1de,2019-06-06_10-32-27,1559842347,40.35144305229187,86.04786610603333,11783,steropes,169.229.49.254,"{'starting_lr': 0.0005, 'momentum': 0.997, 'weight_decay': 0.005, 'steps_per_iteration': None, 'pin': False, 'model_creator': None, 'target_batch_size': 128, 'model_string': 'resnet50', 'min_batch_size': 128, 'dataset': 'CIFAR', 'placement': None, 'use_nccl': True, 'devices_per_worker': 1, 'primary_resource': 'extra_gpu', 'gpu': False, 'verbose': False, 'lr_config': {'mode': 'log', 'steps': 5, 'initial_lr': 0.0005, 'target_lr': 0.0005}, 'batch_per_device': 128}",86.04786610603333,0,2,1394.569910434803,1,10.379210710525513
0.016949224472045898,0.031317155572432503,0.0006665706634521485,0.001790235719412489,0.027663469314575195,nan,0.0,0.04803333282470703,0.33809999624888104,2.007060717646281,-0.39959999918937683,nan,0.0,nan,0.0,nan,0.0,0.3531999886035919,1.957573886680603,nan,0.0,0.39959999918937683,1.797131884765625,nan,0.0,60000,1,False,,,3,-2.007060717646281,b074fffc79ad4388903cded32b93d1de,2019-06-06_10-33-07,1559842387,40.10463094711304,126.15249705314636,11783,steropes,169.229.49.254,"{'starting_lr': 0.0005, 'momentum': 0.997, 'weight_decay': 0.005, 'steps_per_iteration': None, 'pin': False, 'model_creator': None, 'target_batch_size': 128, 'model_string': 'resnet50', 'min_batch_size': 128, 'dataset': 'CIFAR', 'placement': None, 'use_nccl': True, 'devices_per_worker': 1, 'primary_resource': 'extra_gpu', 'gpu': False, 'verbose': False, 'lr_config': {'mode': 'log', 'steps': 5, 'initial_lr': 0.0005, 'target_lr': 0.0005}, 'batch_per_device': 128}",126.15249705314636,0,3,1426.8403419447607,1,10.379210710525513
0.017162108421325685,0.03161804585517207,0.0006496906280517578,0.0017236157146561177,0.027015423774719237,nan,0.0,0.046773529052734374,0.3568999916315079,1.9023327488422395,-0.4132999777793884,nan,0.0,nan,0.0,nan,0.0,0.3953399956226349,1.7363556114959717,nan,0.0,0.4132999777793884,1.5881488424301147,nan,0.0,60000,1,False,,,4,-1.9023327488422395,b074fffc79ad4388903cded32b93d1de,2019-06-06_10-33-48,1559842428,40.548659801483154,166.70115685462952,11783,steropes,169.229.49.254,"{'starting_lr': 0.0005, 'momentum': 0.997, 'weight_decay': 0.005, 'steps_per_iteration': None, 'pin': False, 'model_creator': None, 'target_batch_size': 128, 'model_string': 'resnet50', 'min_batch_size': 128, 'dataset': 'CIFAR', 'placement': None, 'use_nccl': True, 'devices_per_worker': 1, 'primary_resource': 'extra_gpu', 'gpu': False, 'verbose': False, 'lr_config': {'mode': 'log', 'steps': 5, 'initial_lr': 0.0005, 'target_lr': 0.0005}, 'batch_per_device': 128}",166.70115685462952,0,4,1439.6981788902058,1,10.379210710525513
0.01787574291229248,0.03266295300254339,0.0006477832794189453,0.00172837981787484,0.028228235244750977,nan,0.0,0.04837877750396728,0.3804999887943268,1.8156939023971561,-0.4748999774456024,nan,0.0,nan,0.0,nan,0.0,0.41999998688697815,1.5893427700042724,nan,0.0,0.4748999774456024,1.4691385166168214,nan,0.0,60000,1,False,,,5,-1.8156939023971561,b074fffc79ad4388903cded32b93d1de,2019-06-06_10-34-30,1559842470,41.795743465423584,208.4969003200531,11783,steropes,169.229.49.254,"{'starting_lr': 0.0005, 'momentum': 0.997, 'weight_decay': 0.005, 'steps_per_iteration': None, 'pin': False, 'model_creator': None, 'target_batch_size': 128, 'model_string': 'resnet50', 'min_batch_size': 128, 'dataset': 'CIFAR', 'placement': None, 'use_nccl': True, 'devices_per_worker': 1, 'primary_resource': 'extra_gpu', 'gpu': False, 'verbose': False, 'lr_config': {'mode': 'log', 'steps': 5, 'initial_lr': 0.0005, 'target_lr': 0.0005}, 'batch_per_device': 128}",208.4969003200531,0,5,1438.86662303229,1,10.379210710525513
0.018392348289489747,0.0322760630257522,0.0006649017333984375,0.0017599577793989646,0.028255772590637208,nan,0.0,0.04920954704284668,0.421399986743927,1.634843247642517,-0.4739999771118164,nan,0.0,nan,0.0,nan,0.0,0.4527199864387512,1.498634161453247,nan,0.0,0.4739999771118164,1.450386180496216,nan,0.0,60000,1,False,,,6,-1.634843247642517,b074fffc79ad4388903cded32b93d1de,2019-06-06_10-35-12,1559842512,41.95123481750488,250.44813513755798,11783,steropes,169.229.49.254,"{'starting_lr': 0.0005, 'momentum': 0.997, 'weight_decay': 0.005, 'steps_per_iteration': None, 'pin': False, 'model_creator': None, 'target_batch_size': 128, 'model_string': 'resnet50', 'min_batch_size': 128, 'dataset': 'CIFAR', 'placement': None, 'use_nccl': True, 'devices_per_worker': 1, 'primary_resource': 'extra_gpu', 'gpu': False, 'verbose': False, 'lr_config': {'mode': 'log', 'steps': 5, 'initial_lr': 0.0005, 'target_lr': 0.0005}, 'batch_per_device': 128}",250.44813513755798,0,6,1465.1853253370646,1,10.379210710525513
0.017530810832977296,0.05808124542236328,0.0006442308425903321,0.0031144022941589355,0.10079511404037475,nan,0.0,0.22173833847045898,0.4562199831008911,1.5262681753349305,-0.5192999839782715,6.472747445106506,6.472747445106506,10.443640112876892,10.443640112876892,1.1833901405334473,1.1833901405334473,0.48736000061035156,1.4201619744873049,nan,0.0,0.5192999839782715,1.3265354523658752,nan,0.0,60000,2,False,,,7,-1.5262681753349305,b074fffc79ad4388903cded32b93d1de,2019-06-06_10-36-06,1559842566,33.25400924682617,283.70214438438416,14902,steropes,169.229.49.254,"{'starting_lr': 0.0005, 'momentum': 0.997, 'weight_decay': 0.005, 'steps_per_iteration': None, 'pin': False, 'model_creator': None, 'target_batch_size': 128, 'model_string': 'resnet50', 'min_batch_size': 128, 'dataset': 'CIFAR', 'placement': None, 'use_nccl': True, 'devices_per_worker': 1, 'primary_resource': 'extra_gpu', 'gpu': False, 'verbose': False, 'lr_config': {'mode': 'log', 'steps': 5, 'initial_lr': 0.0005, 'target_lr': 0.0007071067811865476}, 'batch_per_device': 128}",33.25400924682617,0,1,1804.2868106801507,2,20.68491244316101
0.01811327934265137,0.03883391618728638,0.0007091522216796875,0.0030329124051697402,0.027492976188659667,nan,0.0,0.08262417316436768,0.48605998158454894,1.4206645582008364,-0.548799991607666,nan,0.0,nan,0.0,nan,0.0,0.5153199434280396,1.3442325817108154,nan,0.0,0.548799991607666,1.269113799095154,nan,0.0,60000,2,False,,,8,-1.4206645582008364,b074fffc79ad4388903cded32b93d1de,2019-06-06_10-36-34,1559842594,28.513174533843994,312.21531891822815,14902,steropes,169.229.49.254,"{'starting_lr': 0.0005, 'momentum': 0.997, 'weight_decay': 0.005, 'steps_per_iteration': None, 'pin': False, 'model_creator': None, 'target_batch_size': 128, 'model_string': 'resnet50', 'min_batch_size': 128, 'dataset': 'CIFAR', 'placement': None, 'use_nccl': True, 'devices_per_worker': 1, 'primary_resource': 'extra_gpu', 'gpu': False, 'verbose': False, 'lr_config': {'mode': 'log', 'steps': 5, 'initial_lr': 0.0005, 'target_lr': 0.0007071067811865476}, 'batch_per_device': 128}",61.767183780670166,0,2,1942.772467638284,2,20.68491244316101
0.018907535076141357,0.03931148052215576,0.0006833195686340332,0.0031023159319040726,0.028636145591735843,nan,0.0,0.08310258388519287,0.5163999855518341,1.3437352885627747,-0.5649999976158142,nan,0.0,nan,0.0,nan,0.0,0.5423799753189087,1.2726379823684693,nan,0.0,0.5649999976158142,1.2035024942398072,nan,0.0,60000,2,False,,,9,-1.3437352885627747,b074fffc79ad4388903cded32b93d1de,2019-06-06_10-37-02,1559842622,28.261335134506226,340.4766540527344,14902,steropes,169.229.49.254,"{'starting_lr': 0.0005, 'momentum': 0.997, 'weight_decay': 0.005, 'steps_per_iteration': None, 'pin': False, 'model_creator': None, 'target_batch_size': 128, 'model_string': 'resnet50', 'min_batch_size': 128, 'dataset': 'CIFAR', 'placement': None, 'use_nccl': True, 'devices_per_worker': 1, 'primary_resource': 'extra_gpu', 'gpu': False, 'verbose': False, 'lr_config': {'mode': 'log', 'steps': 5, 'initial_lr': 0.0005, 'target_lr': 0.0007071067811865476}, 'batch_per_device': 128}",90.02851891517639,0,3,1999.3598921040423,2,20.68491244316101
0.0174391508102417,0.03895353674888611,0.0007221102714538574,0.003151348050759763,0.028649342060089112,nan,0.0,0.07922773361206054,0.5406399846076966,1.2793689300155637,-0.5960999727249146,nan,0.0,nan,0.0,nan,0.0,0.5610599517822266,1.2251640095233918,nan,0.0,0.5960999727249146,1.1473067238807677,nan,0.0,60000,2,True,,,10,-1.2793689300155637,b074fffc79ad4388903cded32b93d1de,2019-06-06_10-37-31,1559842651,28.11879014968872,368.5954442024231,14902,steropes,169.229.49.254,"{'starting_lr': 0.0005, 'momentum': 0.997, 'weight_decay': 0.005, 'steps_per_iteration': None, 'pin': False, 'model_creator': None, 'target_batch_size': 128, 'model_string': 'resnet50', 'min_batch_size': 128, 'dataset': 'CIFAR', 'placement': None, 'use_nccl': True, 'devices_per_worker': 1, 'primary_resource': 'extra_gpu', 'gpu': False, 'verbose': False, 'lr_config': {'mode': 'log', 'steps': 5, 'initial_lr': 0.0005, 'target_lr': 0.0007071067811865476}, 'batch_per_device': 128}",118.14730906486511,0,4,2031.3557810761988,2,20.68491244316101
