{"apply": 0.01730391979217529, "batch_time": 0.04142620895482317, "d2h": 0.0006527423858642579, "data_time": 0.0018799024469712202, "fwd": 0.11834020614624023, "get_state_time_mean": NaN, "get_state_time_total": 0.0, "grad": 0.1639723539352417, "mean_accuracy": 0.2694999873638153, "mean_loss": 2.3546394542694093, "neg_mean_accuracy": -0.2694999873638153, "set_state_time_mean": NaN, "set_state_time_total": 0.0, "setup_model_time_mean": 9.481562614440918, "setup_model_time_total": 9.481562614440918, "setup_proc_time_mean": 0.4988851547241211, "setup_proc_time_total": 0.4988851547241211, "train_accuracy": 0.20499999821186066, "train_loss": 2.4362924938964845, "training_time_mean": NaN, "training_time_total": 0.0, "val_accuracy": 0.2694999873638153, "val_loss": 2.3546394542694093, "validation_time_mean": NaN, "validation_time_total": 0.0, "samples": 60000, "num_workers": 1, "done": false, "timesteps_total": null, "episodes_total": null, "training_iteration": 1, "neg_mean_loss": -2.3546394542694093, "experiment_id": "b074fffc79ad4388903cded32b93d1de", "date": "2019-06-06_10-31-47", "timestamp": 1559842307, "time_this_iter_s": 45.696423053741455, "time_total_s": 45.696423053741455, "pid": 11783, "hostname": "steropes", "node_ip": "169.229.49.254", "config": {"starting_lr": 0.0005, "momentum": 0.997, "weight_decay": 0.005, "steps_per_iteration": null, "pin": false, "model_creator": null, "target_batch_size": 128, "model_string": "resnet50", "min_batch_size": 128, "dataset": "CIFAR", "placement": null, "use_nccl": true, "devices_per_worker": 1, "primary_resource": "extra_gpu", "gpu": false, "verbose": false, "lr_config": {"mode": "log", "steps": 5, "initial_lr": 0.0005, "target_lr": 0.0005}, "batch_per_device": 128}, "time_since_restore": 45.696423053741455, "timesteps_since_restore": 0, "iterations_since_restore": 1, "mean_throughput": 1313.010752415519, "atoms": 1, "setup_time": 10.379210710525513}
{"apply": 0.017920207977294923, "batch_time": 0.031692836858049224, "d2h": 0.0006978988647460937, "data_time": 0.0017886326441069699, "fwd": 0.02871658802032471, "get_state_time_mean": NaN, "get_state_time_total": 0.0, "grad": 0.04802913665771484, "mean_accuracy": 0.3073499947786331, "mean_loss": 2.112025134086609, "neg_mean_accuracy": -0.3452000021934509, "set_state_time_mean": NaN, "set_state_time_total": 0.0, "setup_model_time_mean": NaN, "setup_model_time_total": 0.0, "setup_proc_time_mean": NaN, "setup_proc_time_total": 0.0, "train_accuracy": 0.29679998755455017, "train_loss": 2.0957837019348147, "training_time_mean": NaN, "training_time_total": 0.0, "val_accuracy": 0.3452000021934509, "val_loss": 1.8694108139038086, "validation_time_mean": NaN, "validation_time_total": 0.0, "samples": 60000, "num_workers": 1, "done": false, "timesteps_total": null, "episodes_total": null, "training_iteration": 2, "neg_mean_loss": -2.112025134086609, "experiment_id": "b074fffc79ad4388903cded32b93d1de", "date": "2019-06-06_10-32-27", "timestamp": 1559842347, "time_this_iter_s": 40.35144305229187, "time_total_s": 86.04786610603333, "pid": 11783, "hostname": "steropes", "node_ip": "169.229.49.254", "config": {"starting_lr": 0.0005, "momentum": 0.997, "weight_decay": 0.005, "steps_per_iteration": null, "pin": false, "model_creator": null, "target_batch_size": 128, "model_string": "resnet50", "min_batch_size": 128, "dataset": "CIFAR", "placement": null, "use_nccl": true, "devices_per_worker": 1, "primary_resource": "extra_gpu", "gpu": false, "verbose": false, "lr_config": {"mode": "log", "steps": 5, "initial_lr": 0.0005, "target_lr": 0.0005}, "batch_per_device": 128}, "time_since_restore": 86.04786610603333, "timesteps_since_restore": 0, "iterations_since_restore": 2, "mean_throughput": 1394.569910434803, "atoms": 1, "setup_time": 10.379210710525513}
{"apply": 0.016949224472045898, "batch_time": 0.031317155572432503, "d2h": 0.0006665706634521485, "data_time": 0.001790235719412489, "fwd": 0.027663469314575195, "get_state_time_mean": NaN, "get_state_time_total": 0.0, "grad": 0.04803333282470703, "mean_accuracy": 0.33809999624888104, "mean_loss": 2.007060717646281, "neg_mean_accuracy": -0.39959999918937683, "set_state_time_mean": NaN, "set_state_time_total": 0.0, "setup_model_time_mean": NaN, "setup_model_time_total": 0.0, "setup_proc_time_mean": NaN, "setup_proc_time_total": 0.0, "train_accuracy": 0.3531999886035919, "train_loss": 1.957573886680603, "training_time_mean": NaN, "training_time_total": 0.0, "val_accuracy": 0.39959999918937683, "val_loss": 1.797131884765625, "validation_time_mean": NaN, "validation_time_total": 0.0, "samples": 60000, "num_workers": 1, "done": false, "timesteps_total": null, "episodes_total": null, "training_iteration": 3, "neg_mean_loss": -2.007060717646281, "experiment_id": "b074fffc79ad4388903cded32b93d1de", "date": "2019-06-06_10-33-07", "timestamp": 1559842387, "time_this_iter_s": 40.10463094711304, "time_total_s": 126.15249705314636, "pid": 11783, "hostname": "steropes", "node_ip": "169.229.49.254", "config": {"starting_lr": 0.0005, "momentum": 0.997, "weight_decay": 0.005, "steps_per_iteration": null, "pin": false, "model_creator": null, "target_batch_size": 128, "model_string": "resnet50", "min_batch_size": 128, "dataset": "CIFAR", "placement": null, "use_nccl": true, "devices_per_worker": 1, "primary_resource": "extra_gpu", "gpu": false, "verbose": false, "lr_config": {"mode": "log", "steps": 5, "initial_lr": 0.0005, "target_lr": 0.0005}, "batch_per_device": 128}, "time_since_restore": 126.15249705314636, "timesteps_since_restore": 0, "iterations_since_restore": 3, "mean_throughput": 1426.8403419447607, "atoms": 1, "setup_time": 10.379210710525513}
{"apply": 0.017162108421325685, "batch_time": 0.03161804585517207, "d2h": 0.0006496906280517578, "data_time": 0.0017236157146561177, "fwd": 0.027015423774719237, "get_state_time_mean": NaN, "get_state_time_total": 0.0, "grad": 0.046773529052734374, "mean_accuracy": 0.3568999916315079, "mean_loss": 1.9023327488422395, "neg_mean_accuracy": -0.4132999777793884, "set_state_time_mean": NaN, "set_state_time_total": 0.0, "setup_model_time_mean": NaN, "setup_model_time_total": 0.0, "setup_proc_time_mean": NaN, "setup_proc_time_total": 0.0, "train_accuracy": 0.3953399956226349, "train_loss": 1.7363556114959717, "training_time_mean": NaN, "training_time_total": 0.0, "val_accuracy": 0.4132999777793884, "val_loss": 1.5881488424301147, "validation_time_mean": NaN, "validation_time_total": 0.0, "samples": 60000, "num_workers": 1, "done": false, "timesteps_total": null, "episodes_total": null, "training_iteration": 4, "neg_mean_loss": -1.9023327488422395, "experiment_id": "b074fffc79ad4388903cded32b93d1de", "date": "2019-06-06_10-33-48", "timestamp": 1559842428, "time_this_iter_s": 40.548659801483154, "time_total_s": 166.70115685462952, "pid": 11783, "hostname": "steropes", "node_ip": "169.229.49.254", "config": {"starting_lr": 0.0005, "momentum": 0.997, "weight_decay": 0.005, "steps_per_iteration": null, "pin": false, "model_creator": null, "target_batch_size": 128, "model_string": "resnet50", "min_batch_size": 128, "dataset": "CIFAR", "placement": null, "use_nccl": true, "devices_per_worker": 1, "primary_resource": "extra_gpu", "gpu": false, "verbose": false, "lr_config": {"mode": "log", "steps": 5, "initial_lr": 0.0005, "target_lr": 0.0005}, "batch_per_device": 128}, "time_since_restore": 166.70115685462952, "timesteps_since_restore": 0, "iterations_since_restore": 4, "mean_throughput": 1439.6981788902058, "atoms": 1, "setup_time": 10.379210710525513}
{"apply": 0.01787574291229248, "batch_time": 0.03266295300254339, "d2h": 0.0006477832794189453, "data_time": 0.00172837981787484, "fwd": 0.028228235244750977, "get_state_time_mean": NaN, "get_state_time_total": 0.0, "grad": 0.04837877750396728, "mean_accuracy": 0.3804999887943268, "mean_loss": 1.8156939023971561, "neg_mean_accuracy": -0.4748999774456024, "set_state_time_mean": NaN, "set_state_time_total": 0.0, "setup_model_time_mean": NaN, "setup_model_time_total": 0.0, "setup_proc_time_mean": NaN, "setup_proc_time_total": 0.0, "train_accuracy": 0.41999998688697815, "train_loss": 1.5893427700042724, "training_time_mean": NaN, "training_time_total": 0.0, "val_accuracy": 0.4748999774456024, "val_loss": 1.4691385166168214, "validation_time_mean": NaN, "validation_time_total": 0.0, "samples": 60000, "num_workers": 1, "done": false, "timesteps_total": null, "episodes_total": null, "training_iteration": 5, "neg_mean_loss": -1.8156939023971561, "experiment_id": "b074fffc79ad4388903cded32b93d1de", "date": "2019-06-06_10-34-30", "timestamp": 1559842470, "time_this_iter_s": 41.795743465423584, "time_total_s": 208.4969003200531, "pid": 11783, "hostname": "steropes", "node_ip": "169.229.49.254", "config": {"starting_lr": 0.0005, "momentum": 0.997, "weight_decay": 0.005, "steps_per_iteration": null, "pin": false, "model_creator": null, "target_batch_size": 128, "model_string": "resnet50", "min_batch_size": 128, "dataset": "CIFAR", "placement": null, "use_nccl": true, "devices_per_worker": 1, "primary_resource": "extra_gpu", "gpu": false, "verbose": false, "lr_config": {"mode": "log", "steps": 5, "initial_lr": 0.0005, "target_lr": 0.0005}, "batch_per_device": 128}, "time_since_restore": 208.4969003200531, "timesteps_since_restore": 0, "iterations_since_restore": 5, "mean_throughput": 1438.86662303229, "atoms": 1, "setup_time": 10.379210710525513}
{"apply": 0.018392348289489747, "batch_time": 0.0322760630257522, "d2h": 0.0006649017333984375, "data_time": 0.0017599577793989646, "fwd": 0.028255772590637208, "get_state_time_mean": NaN, "get_state_time_total": 0.0, "grad": 0.04920954704284668, "mean_accuracy": 0.421399986743927, "mean_loss": 1.634843247642517, "neg_mean_accuracy": -0.4739999771118164, "set_state_time_mean": NaN, "set_state_time_total": 0.0, "setup_model_time_mean": NaN, "setup_model_time_total": 0.0, "setup_proc_time_mean": NaN, "setup_proc_time_total": 0.0, "train_accuracy": 0.4527199864387512, "train_loss": 1.498634161453247, "training_time_mean": NaN, "training_time_total": 0.0, "val_accuracy": 0.4739999771118164, "val_loss": 1.450386180496216, "validation_time_mean": NaN, "validation_time_total": 0.0, "samples": 60000, "num_workers": 1, "done": false, "timesteps_total": null, "episodes_total": null, "training_iteration": 6, "neg_mean_loss": -1.634843247642517, "experiment_id": "b074fffc79ad4388903cded32b93d1de", "date": "2019-06-06_10-35-12", "timestamp": 1559842512, "time_this_iter_s": 41.95123481750488, "time_total_s": 250.44813513755798, "pid": 11783, "hostname": "steropes", "node_ip": "169.229.49.254", "config": {"starting_lr": 0.0005, "momentum": 0.997, "weight_decay": 0.005, "steps_per_iteration": null, "pin": false, "model_creator": null, "target_batch_size": 128, "model_string": "resnet50", "min_batch_size": 128, "dataset": "CIFAR", "placement": null, "use_nccl": true, "devices_per_worker": 1, "primary_resource": "extra_gpu", "gpu": false, "verbose": false, "lr_config": {"mode": "log", "steps": 5, "initial_lr": 0.0005, "target_lr": 0.0005}, "batch_per_device": 128}, "time_since_restore": 250.44813513755798, "timesteps_since_restore": 0, "iterations_since_restore": 6, "mean_throughput": 1465.1853253370646, "atoms": 1, "setup_time": 10.379210710525513}
{"apply": 0.017530810832977296, "batch_time": 0.05808124542236328, "d2h": 0.0006442308425903321, "data_time": 0.0031144022941589355, "fwd": 0.10079511404037475, "get_state_time_mean": NaN, "get_state_time_total": 0.0, "grad": 0.22173833847045898, "mean_accuracy": 0.4562199831008911, "mean_loss": 1.5262681753349305, "neg_mean_accuracy": -0.5192999839782715, "set_state_time_mean": 6.472747445106506, "set_state_time_total": 6.472747445106506, "setup_model_time_mean": 10.443640112876892, "setup_model_time_total": 10.443640112876892, "setup_proc_time_mean": 1.1833901405334473, "setup_proc_time_total": 1.1833901405334473, "train_accuracy": 0.48736000061035156, "train_loss": 1.4201619744873049, "training_time_mean": NaN, "training_time_total": 0.0, "val_accuracy": 0.5192999839782715, "val_loss": 1.3265354523658752, "validation_time_mean": NaN, "validation_time_total": 0.0, "samples": 60000, "num_workers": 2, "done": false, "timesteps_total": null, "episodes_total": null, "training_iteration": 7, "neg_mean_loss": -1.5262681753349305, "experiment_id": "b074fffc79ad4388903cded32b93d1de", "date": "2019-06-06_10-36-06", "timestamp": 1559842566, "time_this_iter_s": 33.25400924682617, "time_total_s": 283.70214438438416, "pid": 14902, "hostname": "steropes", "node_ip": "169.229.49.254", "config": {"starting_lr": 0.0005, "momentum": 0.997, "weight_decay": 0.005, "steps_per_iteration": null, "pin": false, "model_creator": null, "target_batch_size": 128, "model_string": "resnet50", "min_batch_size": 128, "dataset": "CIFAR", "placement": null, "use_nccl": true, "devices_per_worker": 1, "primary_resource": "extra_gpu", "gpu": false, "verbose": false, "lr_config": {"mode": "log", "steps": 5, "initial_lr": 0.0005, "target_lr": 0.0007071067811865476}, "batch_per_device": 128}, "time_since_restore": 33.25400924682617, "timesteps_since_restore": 0, "iterations_since_restore": 1, "mean_throughput": 1804.2868106801507, "atoms": 2, "setup_time": 20.68491244316101}
{"apply": 0.01811327934265137, "batch_time": 0.03883391618728638, "d2h": 0.0007091522216796875, "data_time": 0.0030329124051697402, "fwd": 0.027492976188659667, "get_state_time_mean": NaN, "get_state_time_total": 0.0, "grad": 0.08262417316436768, "mean_accuracy": 0.48605998158454894, "mean_loss": 1.4206645582008364, "neg_mean_accuracy": -0.548799991607666, "set_state_time_mean": NaN, "set_state_time_total": 0.0, "setup_model_time_mean": NaN, "setup_model_time_total": 0.0, "setup_proc_time_mean": NaN, "setup_proc_time_total": 0.0, "train_accuracy": 0.5153199434280396, "train_loss": 1.3442325817108154, "training_time_mean": NaN, "training_time_total": 0.0, "val_accuracy": 0.548799991607666, "val_loss": 1.269113799095154, "validation_time_mean": NaN, "validation_time_total": 0.0, "samples": 60000, "num_workers": 2, "done": false, "timesteps_total": null, "episodes_total": null, "training_iteration": 8, "neg_mean_loss": -1.4206645582008364, "experiment_id": "b074fffc79ad4388903cded32b93d1de", "date": "2019-06-06_10-36-34", "timestamp": 1559842594, "time_this_iter_s": 28.513174533843994, "time_total_s": 312.21531891822815, "pid": 14902, "hostname": "steropes", "node_ip": "169.229.49.254", "config": {"starting_lr": 0.0005, "momentum": 0.997, "weight_decay": 0.005, "steps_per_iteration": null, "pin": false, "model_creator": null, "target_batch_size": 128, "model_string": "resnet50", "min_batch_size": 128, "dataset": "CIFAR", "placement": null, "use_nccl": true, "devices_per_worker": 1, "primary_resource": "extra_gpu", "gpu": false, "verbose": false, "lr_config": {"mode": "log", "steps": 5, "initial_lr": 0.0005, "target_lr": 0.0007071067811865476}, "batch_per_device": 128}, "time_since_restore": 61.767183780670166, "timesteps_since_restore": 0, "iterations_since_restore": 2, "mean_throughput": 1942.772467638284, "atoms": 2, "setup_time": 20.68491244316101}
{"apply": 0.018907535076141357, "batch_time": 0.03931148052215576, "d2h": 0.0006833195686340332, "data_time": 0.0031023159319040726, "fwd": 0.028636145591735843, "get_state_time_mean": NaN, "get_state_time_total": 0.0, "grad": 0.08310258388519287, "mean_accuracy": 0.5163999855518341, "mean_loss": 1.3437352885627747, "neg_mean_accuracy": -0.5649999976158142, "set_state_time_mean": NaN, "set_state_time_total": 0.0, "setup_model_time_mean": NaN, "setup_model_time_total": 0.0, "setup_proc_time_mean": NaN, "setup_proc_time_total": 0.0, "train_accuracy": 0.5423799753189087, "train_loss": 1.2726379823684693, "training_time_mean": NaN, "training_time_total": 0.0, "val_accuracy": 0.5649999976158142, "val_loss": 1.2035024942398072, "validation_time_mean": NaN, "validation_time_total": 0.0, "samples": 60000, "num_workers": 2, "done": false, "timesteps_total": null, "episodes_total": null, "training_iteration": 9, "neg_mean_loss": -1.3437352885627747, "experiment_id": "b074fffc79ad4388903cded32b93d1de", "date": "2019-06-06_10-37-02", "timestamp": 1559842622, "time_this_iter_s": 28.261335134506226, "time_total_s": 340.4766540527344, "pid": 14902, "hostname": "steropes", "node_ip": "169.229.49.254", "config": {"starting_lr": 0.0005, "momentum": 0.997, "weight_decay": 0.005, "steps_per_iteration": null, "pin": false, "model_creator": null, "target_batch_size": 128, "model_string": "resnet50", "min_batch_size": 128, "dataset": "CIFAR", "placement": null, "use_nccl": true, "devices_per_worker": 1, "primary_resource": "extra_gpu", "gpu": false, "verbose": false, "lr_config": {"mode": "log", "steps": 5, "initial_lr": 0.0005, "target_lr": 0.0007071067811865476}, "batch_per_device": 128}, "time_since_restore": 90.02851891517639, "timesteps_since_restore": 0, "iterations_since_restore": 3, "mean_throughput": 1999.3598921040423, "atoms": 2, "setup_time": 20.68491244316101}
{"apply": 0.0174391508102417, "batch_time": 0.03895353674888611, "d2h": 0.0007221102714538574, "data_time": 0.003151348050759763, "fwd": 0.028649342060089112, "get_state_time_mean": NaN, "get_state_time_total": 0.0, "grad": 0.07922773361206054, "mean_accuracy": 0.5406399846076966, "mean_loss": 1.2793689300155637, "neg_mean_accuracy": -0.5960999727249146, "set_state_time_mean": NaN, "set_state_time_total": 0.0, "setup_model_time_mean": NaN, "setup_model_time_total": 0.0, "setup_proc_time_mean": NaN, "setup_proc_time_total": 0.0, "train_accuracy": 0.5610599517822266, "train_loss": 1.2251640095233918, "training_time_mean": NaN, "training_time_total": 0.0, "val_accuracy": 0.5960999727249146, "val_loss": 1.1473067238807677, "validation_time_mean": NaN, "validation_time_total": 0.0, "samples": 60000, "num_workers": 2, "done": true, "timesteps_total": null, "episodes_total": null, "training_iteration": 10, "neg_mean_loss": -1.2793689300155637, "experiment_id": "b074fffc79ad4388903cded32b93d1de", "date": "2019-06-06_10-37-31", "timestamp": 1559842651, "time_this_iter_s": 28.11879014968872, "time_total_s": 368.5954442024231, "pid": 14902, "hostname": "steropes", "node_ip": "169.229.49.254", "config": {"starting_lr": 0.0005, "momentum": 0.997, "weight_decay": 0.005, "steps_per_iteration": null, "pin": false, "model_creator": null, "target_batch_size": 128, "model_string": "resnet50", "min_batch_size": 128, "dataset": "CIFAR", "placement": null, "use_nccl": true, "devices_per_worker": 1, "primary_resource": "extra_gpu", "gpu": false, "verbose": false, "lr_config": {"mode": "log", "steps": 5, "initial_lr": 0.0005, "target_lr": 0.0007071067811865476}, "batch_per_device": 128}, "time_since_restore": 118.14730906486511, "timesteps_since_restore": 0, "iterations_since_restore": 4, "mean_throughput": 2031.3557810761988, "atoms": 2, "setup_time": 20.68491244316101}
