{"apply": 0.018387532234191893, "batch_time": 0.05141787589350833, "d2h": 0.0006931066513061523, "data_time": 0.001885494612671835, "fwd": 0.11753449440002442, "get_state_time_mean": NaN, "get_state_time_total": 0.0, "grad": 0.1665872097015381, "mean_accuracy": 0.10279999673366547, "mean_loss": 803.1620176361084, "neg_mean_accuracy": -0.10279999673366547, "set_state_time_mean": NaN, "set_state_time_total": 0.0, "setup_model_time_mean": 11.162667512893677, "setup_model_time_total": 11.162667512893677, "setup_proc_time_mean": 1.8176109790802002, "setup_proc_time_total": 1.8176109790802002, "train_accuracy": 0.10033999383449554, "train_loss": 5.370547723083496, "training_time_mean": NaN, "training_time_total": 0.0, "val_accuracy": 0.10279999673366547, "val_loss": 803.1620176361084, "validation_time_mean": NaN, "validation_time_total": 0.0, "samples": 60000, "num_workers": 1, "done": false, "timesteps_total": null, "episodes_total": null, "training_iteration": 1, "neg_mean_loss": -803.1620176361084, "experiment_id": "f15c1f5b4a5d41c1b3f0f2ddc4811d2e", "date": "2019-06-03_04-07-04", "timestamp": 1559560024, "time_this_iter_s": 47.59408497810364, "time_total_s": 47.59408497810364, "pid": 16892, "hostname": "steropes", "node_ip": "169.229.49.254", "config": {"starting_lr": 0.05, "momentum": 0.997, "weight_decay": 0.0001, "steps_per_iteration": null, "pin": false, "model_creator": null, "target_batch_size": 128, "model_string": "resnet50", "min_batch_size": 128, "dataset": "CIFAR", "placement": null, "use_nccl": true, "devices_per_worker": 1, "primary_resource": "extra_gpu", "gpu": false, "verbose": false, "lr_config": {"mode": "log", "steps": 5, "initial_lr": 0.05, "target_lr": 0.05}, "batch_per_device": 128}, "time_since_restore": 47.59408497810364, "timesteps_since_restore": 0, "iterations_since_restore": 1, "mean_throughput": 1260.6585149857808, "atoms": 1, "setup_time": 13.080777168273926}
{"apply": 0.01934525966644287, "batch_time": 0.031730962705008595, "d2h": 0.0006276607513427734, "data_time": 0.0017877015311394812, "fwd": 0.0290755033493042, "get_state_time_mean": NaN, "get_state_time_total": 0.0, "grad": 0.04912729263305664, "mean_accuracy": 0.1014999970793724, "mean_loss": 404.0855341632843, "neg_mean_accuracy": -0.10019999742507935, "set_state_time_mean": NaN, "set_state_time_total": 0.0, "setup_model_time_mean": NaN, "setup_model_time_total": 0.0, "setup_proc_time_mean": NaN, "setup_proc_time_total": 0.0, "train_accuracy": 0.10155999660491943, "train_loss": 2.552047080078125, "training_time_mean": NaN, "training_time_total": 0.0, "val_accuracy": 0.10019999742507935, "val_loss": 5.009050690460205, "validation_time_mean": NaN, "validation_time_total": 0.0, "samples": 60000, "num_workers": 1, "done": false, "timesteps_total": null, "episodes_total": null, "training_iteration": 2, "neg_mean_loss": -404.0855341632843, "experiment_id": "f15c1f5b4a5d41c1b3f0f2ddc4811d2e", "date": "2019-06-03_04-07-46", "timestamp": 1559560066, "time_this_iter_s": 41.23495388031006, "time_total_s": 88.8290388584137, "pid": 16892, "hostname": "steropes", "node_ip": "169.229.49.254", "config": {"starting_lr": 0.05, "momentum": 0.997, "weight_decay": 0.0001, "steps_per_iteration": null, "pin": false, "model_creator": null, "target_batch_size": 128, "model_string": "resnet50", "min_batch_size": 128, "dataset": "CIFAR", "placement": null, "use_nccl": true, "devices_per_worker": 1, "primary_resource": "extra_gpu", "gpu": false, "verbose": false, "lr_config": {"mode": "log", "steps": 5, "initial_lr": 0.05, "target_lr": 0.05}, "batch_per_device": 128}, "time_since_restore": 88.8290388584137, "timesteps_since_restore": 0, "iterations_since_restore": 2, "mean_throughput": 1350.906985034035, "atoms": 1, "setup_time": 13.080777168273926}
{"apply": 0.018229198455810548, "batch_time": 0.031780318368839315, "d2h": 0.0006193161010742187, "data_time": 0.0018051890156153218, "fwd": 0.028275060653686523, "get_state_time_mean": NaN, "get_state_time_total": 0.0, "grad": 0.048389744758605954, "mean_accuracy": 0.10099999606609344, "mean_loss": 270.1710028341929, "neg_mean_accuracy": -0.09999999403953552, "set_state_time_mean": NaN, "set_state_time_total": 0.0, "setup_model_time_mean": NaN, "setup_model_time_total": 0.0, "setup_proc_time_mean": NaN, "setup_proc_time_total": 0.0, "train_accuracy": 0.10161999613046646, "train_loss": 2.3919492010498047, "training_time_mean": NaN, "training_time_total": 0.0, "val_accuracy": 0.09999999403953552, "val_loss": 2.341940176010132, "validation_time_mean": NaN, "validation_time_total": 0.0, "samples": 60000, "num_workers": 1, "done": false, "timesteps_total": null, "episodes_total": null, "training_iteration": 3, "neg_mean_loss": -270.1710028341929, "experiment_id": "f15c1f5b4a5d41c1b3f0f2ddc4811d2e", "date": "2019-06-03_04-08-27", "timestamp": 1559560107, "time_this_iter_s": 41.58444261550903, "time_total_s": 130.41348147392273, "pid": 16892, "hostname": "steropes", "node_ip": "169.229.49.254", "config": {"starting_lr": 0.05, "momentum": 0.997, "weight_decay": 0.0001, "steps_per_iteration": null, "pin": false, "model_creator": null, "target_batch_size": 128, "model_string": "resnet50", "min_batch_size": 128, "dataset": "CIFAR", "placement": null, "use_nccl": true, "devices_per_worker": 1, "primary_resource": "extra_gpu", "gpu": false, "verbose": false, "lr_config": {"mode": "log", "steps": 5, "initial_lr": 0.05, "target_lr": 0.05}, "batch_per_device": 128}, "time_since_restore": 130.41348147392273, "timesteps_since_restore": 0, "iterations_since_restore": 3, "mean_throughput": 1380.222041798512, "atoms": 1, "setup_time": 13.080777168273926}
{"apply": 0.018081235885620116, "batch_time": 0.03212396404411219, "d2h": 0.0006661653518676758, "data_time": 0.0018530513929284136, "fwd": 0.028057384490966796, "get_state_time_mean": NaN, "get_state_time_total": 0.0, "grad": 0.048752331733703615, "mean_accuracy": 0.09934999607503414, "mean_loss": 267.0448694718361, "neg_mean_accuracy": -0.09439999610185623, "set_state_time_mean": NaN, "set_state_time_total": 0.0, "setup_model_time_mean": NaN, "setup_model_time_total": 0.0, "setup_proc_time_mean": NaN, "setup_proc_time_total": 0.0, "train_accuracy": 0.1012599989771843, "train_loss": 2.7144618495178223, "training_time_mean": NaN, "training_time_total": 0.0, "val_accuracy": 0.09439999610185623, "val_loss": 257.6664693847656, "validation_time_mean": NaN, "validation_time_total": 0.0, "samples": 60000, "num_workers": 1, "done": false, "timesteps_total": null, "episodes_total": null, "training_iteration": 4, "neg_mean_loss": -267.0448694718361, "experiment_id": "f15c1f5b4a5d41c1b3f0f2ddc4811d2e", "date": "2019-06-03_04-09-09", "timestamp": 1559560149, "time_this_iter_s": 41.65947675704956, "time_total_s": 172.0729582309723, "pid": 16892, "hostname": "steropes", "node_ip": "169.229.49.254", "config": {"starting_lr": 0.05, "momentum": 0.997, "weight_decay": 0.0001, "steps_per_iteration": null, "pin": false, "model_creator": null, "target_batch_size": 128, "model_string": "resnet50", "min_batch_size": 128, "dataset": "CIFAR", "placement": null, "use_nccl": true, "devices_per_worker": 1, "primary_resource": "extra_gpu", "gpu": false, "verbose": false, "lr_config": {"mode": "log", "steps": 5, "initial_lr": 0.05, "target_lr": 0.05}, "batch_per_device": 128}, "time_since_restore": 172.0729582309723, "timesteps_since_restore": 0, "iterations_since_restore": 4, "mean_throughput": 1394.7540070143077, "atoms": 1, "setup_time": 13.080777168273926}
{"apply": 0.017812514305114747, "batch_time": 0.032109112679203855, "d2h": 0.0006641626358032226, "data_time": 0.0018290857524823046, "fwd": 0.027736902236938477, "get_state_time_mean": NaN, "get_state_time_total": 0.0, "grad": 0.04988729953765869, "mean_accuracy": 0.09947999566793442, "mean_loss": 292.71566116828916, "neg_mean_accuracy": -0.09999999403953552, "set_state_time_mean": NaN, "set_state_time_total": 0.0, "setup_model_time_mean": NaN, "setup_model_time_total": 0.0, "setup_proc_time_mean": NaN, "setup_proc_time_total": 0.0, "train_accuracy": 0.12135999649763107, "train_loss": 3.6936684392547607, "training_time_mean": NaN, "training_time_total": 0.0, "val_accuracy": 0.09999999403953552, "val_loss": 395.39882795410153, "validation_time_mean": NaN, "validation_time_total": 0.0, "samples": 60000, "num_workers": 1, "done": false, "timesteps_total": null, "episodes_total": null, "training_iteration": 5, "neg_mean_loss": -292.71566116828916, "experiment_id": "f15c1f5b4a5d41c1b3f0f2ddc4811d2e", "date": "2019-06-03_04-09-50", "timestamp": 1559560190, "time_this_iter_s": 41.53642463684082, "time_total_s": 213.6093828678131, "pid": 16892, "hostname": "steropes", "node_ip": "169.229.49.254", "config": {"starting_lr": 0.05, "momentum": 0.997, "weight_decay": 0.0001, "steps_per_iteration": null, "pin": false, "model_creator": null, "target_batch_size": 128, "model_string": "resnet50", "min_batch_size": 128, "dataset": "CIFAR", "placement": null, "use_nccl": true, "devices_per_worker": 1, "primary_resource": "extra_gpu", "gpu": false, "verbose": false, "lr_config": {"mode": "log", "steps": 5, "initial_lr": 0.05, "target_lr": 0.05}, "batch_per_device": 128}, "time_since_restore": 213.6093828678131, "timesteps_since_restore": 0, "iterations_since_restore": 5, "mean_throughput": 1404.4295838045446, "atoms": 1, "setup_time": 13.080777168273926}
{"apply": 0.01906406879425049, "batch_time": 0.03217487697359882, "d2h": 0.0006721735000610352, "data_time": 0.0018190983921060782, "fwd": 0.029009795188903807, "get_state_time_mean": NaN, "get_state_time_total": 0.0, "grad": 0.04838392734527588, "mean_accuracy": 0.11195999532938003, "mean_loss": 132.54205615737914, "neg_mean_accuracy": -0.16519999504089355, "set_state_time_mean": NaN, "set_state_time_total": 0.0, "setup_model_time_mean": NaN, "setup_model_time_total": 0.0, "setup_proc_time_mean": NaN, "setup_proc_time_total": 0.0, "train_accuracy": 0.15591999888420105, "train_loss": 2.8490972607421874, "training_time_mean": NaN, "training_time_total": 0.0, "val_accuracy": 0.16519999504089355, "val_loss": 2.2939925815582276, "validation_time_mean": NaN, "validation_time_total": 0.0, "samples": 60000, "num_workers": 1, "done": false, "timesteps_total": null, "episodes_total": null, "training_iteration": 6, "neg_mean_loss": -132.54205615737914, "experiment_id": "f15c1f5b4a5d41c1b3f0f2ddc4811d2e", "date": "2019-06-03_04-10-32", "timestamp": 1559560232, "time_this_iter_s": 41.547609090805054, "time_total_s": 255.15699195861816, "pid": 16892, "hostname": "steropes", "node_ip": "169.229.49.254", "config": {"starting_lr": 0.05, "momentum": 0.997, "weight_decay": 0.0001, "steps_per_iteration": null, "pin": false, "model_creator": null, "target_batch_size": 128, "model_string": "resnet50", "min_batch_size": 128, "dataset": "CIFAR", "placement": null, "use_nccl": true, "devices_per_worker": 1, "primary_resource": "extra_gpu", "gpu": false, "verbose": false, "lr_config": {"mode": "log", "steps": 5, "initial_lr": 0.05, "target_lr": 0.05}, "batch_per_device": 128}, "time_since_restore": 255.15699195861816, "timesteps_since_restore": 0, "iterations_since_restore": 6, "mean_throughput": 1445.3417104606085, "atoms": 1, "setup_time": 13.080777168273926}
{"apply": 0.019915509223937988, "batch_time": 0.03261299676532987, "d2h": 0.0006884336471557617, "data_time": 0.001874206011252635, "fwd": 0.02982180118560791, "get_state_time_mean": NaN, "get_state_time_total": 0.0, "grad": 0.04972639083862305, "mean_accuracy": 0.12863999456167222, "mean_loss": 131.96833604141236, "neg_mean_accuracy": -0.18359999358654022, "set_state_time_mean": NaN, "set_state_time_total": 0.0, "setup_model_time_mean": NaN, "setup_model_time_total": 0.0, "setup_proc_time_mean": NaN, "setup_proc_time_total": 0.0, "train_accuracy": 0.1614599972963333, "train_loss": 2.843188534240723, "training_time_mean": NaN, "training_time_total": 0.0, "val_accuracy": 0.18359999358654022, "val_loss": 2.1404501106262206, "validation_time_mean": NaN, "validation_time_total": 0.0, "samples": 60000, "num_workers": 1, "done": false, "timesteps_total": null, "episodes_total": null, "training_iteration": 7, "neg_mean_loss": -131.96833604141236, "experiment_id": "f15c1f5b4a5d41c1b3f0f2ddc4811d2e", "date": "2019-06-03_04-11-14", "timestamp": 1559560274, "time_this_iter_s": 41.783385276794434, "time_total_s": 296.9403772354126, "pid": 16892, "hostname": "steropes", "node_ip": "169.229.49.254", "config": {"starting_lr": 0.05, "momentum": 0.997, "weight_decay": 0.0001, "steps_per_iteration": null, "pin": false, "model_creator": null, "target_batch_size": 128, "model_string": "resnet50", "min_batch_size": 128, "dataset": "CIFAR", "placement": null, "use_nccl": true, "devices_per_worker": 1, "primary_resource": "extra_gpu", "gpu": false, "verbose": false, "lr_config": {"mode": "log", "steps": 5, "initial_lr": 0.05, "target_lr": 0.05}, "batch_per_device": 128}, "time_since_restore": 296.9403772354126, "timesteps_since_restore": 0, "iterations_since_restore": 7, "mean_throughput": 1441.5328389738143, "atoms": 1, "setup_time": 13.080777168273926}
{"apply": 0.01831238269805908, "batch_time": 0.03177111058295527, "d2h": 0.0006604194641113281, "data_time": 0.0018403274019051087, "fwd": 0.02808346748352051, "get_state_time_mean": NaN, "get_state_time_total": 0.0, "grad": 0.04933185577392578, "mean_accuracy": 0.12825999557971954, "mean_loss": 132.41149316177368, "neg_mean_accuracy": -0.09809999912977219, "set_state_time_mean": NaN, "set_state_time_total": 0.0, "setup_model_time_mean": NaN, "setup_model_time_total": 0.0, "setup_proc_time_mean": NaN, "setup_proc_time_total": 0.0, "train_accuracy": 0.11257999390363693, "train_loss": 4.809052726593017, "training_time_mean": NaN, "training_time_total": 0.0, "val_accuracy": 0.09809999912977219, "val_loss": 4.557725777816772, "validation_time_mean": NaN, "validation_time_total": 0.0, "samples": 60000, "num_workers": 1, "done": false, "timesteps_total": null, "episodes_total": null, "training_iteration": 8, "neg_mean_loss": -132.41149316177368, "experiment_id": "f15c1f5b4a5d41c1b3f0f2ddc4811d2e", "date": "2019-06-03_04-11-55", "timestamp": 1559560315, "time_this_iter_s": 41.46059226989746, "time_total_s": 338.40096950531006, "pid": 16892, "hostname": "steropes", "node_ip": "169.229.49.254", "config": {"starting_lr": 0.05, "momentum": 0.997, "weight_decay": 0.0001, "steps_per_iteration": null, "pin": false, "model_creator": null, "target_batch_size": 128, "model_string": "resnet50", "min_batch_size": 128, "dataset": "CIFAR", "placement": null, "use_nccl": true, "devices_per_worker": 1, "primary_resource": "extra_gpu", "gpu": false, "verbose": false, "lr_config": {"mode": "log", "steps": 5, "initial_lr": 0.05, "target_lr": 0.05}, "batch_per_device": 128}, "time_since_restore": 338.40096950531006, "timesteps_since_restore": 0, "iterations_since_restore": 8, "mean_throughput": 1442.3916782467086, "atoms": 1, "setup_time": 13.080777168273926}
{"apply": 0.017872214317321777, "batch_time": 0.032265675218799444, "d2h": 0.0007488489151000977, "data_time": 0.0018294369778059938, "fwd": 0.029539656639099122, "get_state_time_mean": NaN, "get_state_time_total": 0.0, "grad": 0.04876003265380859, "mean_accuracy": 0.12989999651908873, "mean_loss": 188.757467930603, "neg_mean_accuracy": -0.10260000079870224, "set_state_time_mean": NaN, "set_state_time_total": 0.0, "setup_model_time_mean": NaN, "setup_model_time_total": 0.0, "setup_proc_time_mean": NaN, "setup_proc_time_total": 0.0, "train_accuracy": 0.10651999711990356, "train_loss": 16.568841018066408, "training_time_mean": NaN, "training_time_total": 0.0, "val_accuracy": 0.10260000079870224, "val_loss": 539.3963432289123, "validation_time_mean": NaN, "validation_time_total": 0.0, "samples": 60000, "num_workers": 1, "done": false, "timesteps_total": null, "episodes_total": null, "training_iteration": 9, "neg_mean_loss": -188.757467930603, "experiment_id": "f15c1f5b4a5d41c1b3f0f2ddc4811d2e", "date": "2019-06-03_04-12-37", "timestamp": 1559560357, "time_this_iter_s": 41.533632040023804, "time_total_s": 379.93460154533386, "pid": 16892, "hostname": "steropes", "node_ip": "169.229.49.254", "config": {"starting_lr": 0.05, "momentum": 0.997, "weight_decay": 0.0001, "steps_per_iteration": null, "pin": false, "model_creator": null, "target_batch_size": 128, "model_string": "resnet50", "min_batch_size": 128, "dataset": "CIFAR", "placement": null, "use_nccl": true, "devices_per_worker": 1, "primary_resource": "extra_gpu", "gpu": false, "verbose": false, "lr_config": {"mode": "log", "steps": 5, "initial_lr": 0.05, "target_lr": 0.05}, "batch_per_device": 128}, "time_since_restore": 379.93460154533386, "timesteps_since_restore": 0, "iterations_since_restore": 9, "mean_throughput": 1443.2649023471167, "atoms": 1, "setup_time": 13.080777168273926}
{"apply": 0.02251899242401123, "batch_time": 0.03226015235804304, "d2h": 0.0007993698120117188, "data_time": 0.0018300174752159803, "fwd": 0.03035902976989746, "get_state_time_mean": NaN, "get_state_time_total": 0.0, "grad": 0.04947717189788818, "mean_accuracy": 0.1311199977993965, "mean_loss": 122.43457756088257, "neg_mean_accuracy": -0.10610000044107437, "set_state_time_mean": NaN, "set_state_time_total": 0.0, "setup_model_time_mean": NaN, "setup_model_time_total": 0.0, "setup_proc_time_mean": NaN, "setup_proc_time_total": 0.0, "train_accuracy": 0.11985999345779419, "train_loss": 5.019117796020508, "training_time_mean": NaN, "training_time_total": 0.0, "val_accuracy": 0.10610000044107437, "val_loss": 63.78437610549927, "validation_time_mean": NaN, "validation_time_total": 0.0, "samples": 60000, "num_workers": 1, "done": false, "timesteps_total": null, "episodes_total": null, "training_iteration": 10, "neg_mean_loss": -122.43457756088257, "experiment_id": "f15c1f5b4a5d41c1b3f0f2ddc4811d2e", "date": "2019-06-03_04-13-18", "timestamp": 1559560398, "time_this_iter_s": 41.3914635181427, "time_total_s": 421.32606506347656, "pid": 16892, "hostname": "steropes", "node_ip": "169.229.49.254", "config": {"starting_lr": 0.05, "momentum": 0.997, "weight_decay": 0.0001, "steps_per_iteration": null, "pin": false, "model_creator": null, "target_batch_size": 128, "model_string": "resnet50", "min_batch_size": 128, "dataset": "CIFAR", "placement": null, "use_nccl": true, "devices_per_worker": 1, "primary_resource": "extra_gpu", "gpu": false, "verbose": false, "lr_config": {"mode": "log", "steps": 5, "initial_lr": 0.05, "target_lr": 0.05}, "batch_per_device": 128}, "time_since_restore": 421.32606506347656, "timesteps_since_restore": 0, "iterations_since_restore": 10, "mean_throughput": 1444.2720865754463, "atoms": 1, "setup_time": 13.080777168273926}
{"apply": 0.019419050216674803, "batch_time": 0.03229664549042907, "d2h": 0.0007848024368286132, "data_time": 0.0017919936753294963, "fwd": 0.029617691040039064, "get_state_time_mean": NaN, "get_state_time_total": 0.0, "grad": 0.04904096126556397, "mean_accuracy": 0.12507999688386917, "mean_loss": 122.59748825263975, "neg_mean_accuracy": -0.13499999046325684, "set_state_time_mean": NaN, "set_state_time_total": 0.0, "setup_model_time_mean": NaN, "setup_model_time_total": 0.0, "setup_proc_time_mean": NaN, "setup_proc_time_total": 0.0, "train_accuracy": 0.11891999840736389, "train_loss": 3.3182506719207763, "training_time_mean": NaN, "training_time_total": 0.0, "val_accuracy": 0.13499999046325684, "val_loss": 3.108546040344238, "validation_time_mean": NaN, "validation_time_total": 0.0, "samples": 60000, "num_workers": 1, "done": false, "timesteps_total": null, "episodes_total": null, "training_iteration": 11, "neg_mean_loss": -122.59748825263975, "experiment_id": "f15c1f5b4a5d41c1b3f0f2ddc4811d2e", "date": "2019-06-03_04-13-59", "timestamp": 1559560439, "time_this_iter_s": 41.19966268539429, "time_total_s": 462.52572774887085, "pid": 16892, "hostname": "steropes", "node_ip": "169.229.49.254", "config": {"starting_lr": 0.05, "momentum": 0.997, "weight_decay": 0.0001, "steps_per_iteration": null, "pin": false, "model_creator": null, "target_batch_size": 128, "model_string": "resnet50", "min_batch_size": 128, "dataset": "CIFAR", "placement": null, "use_nccl": true, "devices_per_worker": 1, "primary_resource": "extra_gpu", "gpu": false, "verbose": false, "lr_config": {"mode": "log", "steps": 5, "initial_lr": 0.05, "target_lr": 0.05}, "batch_per_device": 128}, "time_since_restore": 462.52572774887085, "timesteps_since_restore": 0, "iterations_since_restore": 11, "mean_throughput": 1446.6954343274274, "atoms": 1, "setup_time": 13.080777168273926}
{"apply": 0.018703746795654296, "batch_time": 0.03477618965921523, "d2h": 0.0008648395538330078, "data_time": 0.001818620945181688, "fwd": 0.02860403060913086, "get_state_time_mean": NaN, "get_state_time_total": 0.0, "grad": 0.04988906383514404, "mean_accuracy": 0.10887999832630157, "mean_loss": 126.62292256660461, "neg_mean_accuracy": -0.10260000079870224, "set_state_time_mean": NaN, "set_state_time_total": 0.0, "setup_model_time_mean": NaN, "setup_model_time_total": 0.0, "setup_proc_time_mean": NaN, "setup_proc_time_total": 0.0, "train_accuracy": 0.1081399992108345, "train_loss": 6.8605550750732425, "training_time_mean": NaN, "training_time_total": 0.0, "val_accuracy": 0.10260000079870224, "val_loss": 22.26762168045044, "validation_time_mean": NaN, "validation_time_total": 0.0, "samples": 60000, "num_workers": 1, "done": true, "timesteps_total": null, "episodes_total": null, "training_iteration": 12, "neg_mean_loss": -126.62292256660461, "experiment_id": "f15c1f5b4a5d41c1b3f0f2ddc4811d2e", "date": "2019-06-03_04-14-41", "timestamp": 1559560481, "time_this_iter_s": 41.46839714050293, "time_total_s": 503.9941248893738, "pid": 16892, "hostname": "steropes", "node_ip": "169.229.49.254", "config": {"starting_lr": 0.05, "momentum": 0.997, "weight_decay": 0.0001, "steps_per_iteration": null, "pin": false, "model_creator": null, "target_batch_size": 128, "model_string": "resnet50", "min_batch_size": 128, "dataset": "CIFAR", "placement": null, "use_nccl": true, "devices_per_worker": 1, "primary_resource": "extra_gpu", "gpu": false, "verbose": false, "lr_config": {"mode": "log", "steps": 5, "initial_lr": 0.05, "target_lr": 0.05}, "batch_per_device": 128}, "time_since_restore": 503.9941248893738, "timesteps_since_restore": 0, "iterations_since_restore": 12, "mean_throughput": 1448.89626696434, "atoms": 1, "setup_time": 13.080777168273926}
