{"apply": 0.01771512031555176, "batch_time": 0.042597064489050755, "d2h": 0.0007617473602294922, "data_time": 0.0018195240089045766, "fwd": 0.1139589786529541, "get_state_time_mean": NaN, "get_state_time_total": 0.0, "grad": 0.16254565715789795, "mean_accuracy": 0.1331000030040741, "mean_loss": 2.373454037475586, "neg_mean_accuracy": -0.1331000030040741, "set_state_time_mean": NaN, "set_state_time_total": 0.0, "setup_model_time_mean": 8.693706512451172, "setup_model_time_total": 8.693706512451172, "setup_proc_time_mean": 0.14564156532287598, "setup_proc_time_total": 0.14564156532287598, "train_accuracy": 0.11401999741792679, "train_loss": 2.72127176322937, "training_time_mean": NaN, "training_time_total": 0.0, "val_accuracy": 0.1331000030040741, "val_loss": 2.373454037475586, "validation_time_mean": NaN, "validation_time_total": 0.0, "samples": 60000, "num_workers": 1, "done": false, "timesteps_total": null, "episodes_total": null, "training_iteration": 1, "neg_mean_loss": -2.373454037475586, "experiment_id": "7e4ed83300c04827bcf8a191f52164e0", "date": "2019-06-03_22-47-36", "timestamp": 1559627256, "time_this_iter_s": 47.09356999397278, "time_total_s": 47.09356999397278, "pid": 13571, "hostname": "steropes", "node_ip": "169.229.49.254", "config": {"starting_lr": 0.0001, "momentum": 0.9, "weight_decay": 0.0001, "steps_per_iteration": null, "pin": false, "model_creator": null, "target_batch_size": 128, "model_string": "resnet50", "min_batch_size": 128, "dataset": "CIFAR", "placement": null, "use_nccl": true, "devices_per_worker": 1, "primary_resource": "extra_gpu", "gpu": false, "verbose": false, "lr_config": {"mode": "log", "steps": 5, "initial_lr": 0.0001, "target_lr": 0.0001}, "batch_per_device": 128}, "time_since_restore": 47.09356999397278, "timesteps_since_restore": 0, "iterations_since_restore": 1, "mean_throughput": 1274.0553738025176, "atoms": 1, "setup_time": 8.960286617279053}
{"apply": 0.01807105541229248, "batch_time": 0.03204370752165589, "d2h": 0.0006897687911987304, "data_time": 0.0018031658114069868, "fwd": 0.028182482719421385, "get_state_time_mean": NaN, "get_state_time_total": 0.0, "grad": 0.04845137596130371, "mean_accuracy": 0.1464499980211258, "mean_loss": 2.3241153909683225, "neg_mean_accuracy": -0.1597999930381775, "set_state_time_mean": NaN, "set_state_time_total": 0.0, "setup_model_time_mean": NaN, "setup_model_time_total": 0.0, "setup_proc_time_mean": NaN, "setup_proc_time_total": 0.0, "train_accuracy": 0.13777999579906464, "train_loss": 2.344930237121582, "training_time_mean": NaN, "training_time_total": 0.0, "val_accuracy": 0.1597999930381775, "val_loss": 2.2747767444610596, "validation_time_mean": NaN, "validation_time_total": 0.0, "samples": 60000, "num_workers": 1, "done": false, "timesteps_total": null, "episodes_total": null, "training_iteration": 2, "neg_mean_loss": -2.3241153909683225, "experiment_id": "7e4ed83300c04827bcf8a191f52164e0", "date": "2019-06-03_22-48-18", "timestamp": 1559627298, "time_this_iter_s": 41.63512825965881, "time_total_s": 88.72869825363159, "pid": 13571, "hostname": "steropes", "node_ip": "169.229.49.254", "config": {"starting_lr": 0.0001, "momentum": 0.9, "weight_decay": 0.0001, "steps_per_iteration": null, "pin": false, "model_creator": null, "target_batch_size": 128, "model_string": "resnet50", "min_batch_size": 128, "dataset": "CIFAR", "placement": null, "use_nccl": true, "devices_per_worker": 1, "primary_resource": "extra_gpu", "gpu": false, "verbose": false, "lr_config": {"mode": "log", "steps": 5, "initial_lr": 0.0001, "target_lr": 0.0001}, "batch_per_device": 128}, "time_since_restore": 88.72869825363159, "timesteps_since_restore": 0, "iterations_since_restore": 2, "mean_throughput": 1352.4339188446, "atoms": 1, "setup_time": 8.960286617279053}
{"apply": 0.01929147243499756, "batch_time": 0.031651119642619845, "d2h": 0.0007050275802612304, "data_time": 0.0017640651644343305, "fwd": 0.029100322723388673, "get_state_time_mean": NaN, "get_state_time_total": 0.0, "grad": 0.04895672798156738, "mean_accuracy": 0.15903332829475403, "mean_loss": 2.281396985753377, "neg_mean_accuracy": -0.1841999888420105, "set_state_time_mean": NaN, "set_state_time_total": 0.0, "setup_model_time_mean": NaN, "setup_model_time_total": 0.0, "setup_proc_time_mean": NaN, "setup_proc_time_total": 0.0, "train_accuracy": 0.16052000224590302, "train_loss": 2.267905489654541, "training_time_mean": NaN, "training_time_total": 0.0, "val_accuracy": 0.1841999888420105, "val_loss": 2.1959601753234863, "validation_time_mean": NaN, "validation_time_total": 0.0, "samples": 60000, "num_workers": 1, "done": true, "timesteps_total": null, "episodes_total": null, "training_iteration": 3, "neg_mean_loss": -2.281396985753377, "experiment_id": "7e4ed83300c04827bcf8a191f52164e0", "date": "2019-06-03_22-49-00", "timestamp": 1559627340, "time_this_iter_s": 41.55179500579834, "time_total_s": 130.28049325942993, "pid": 13571, "hostname": "steropes", "node_ip": "169.229.49.254", "config": {"starting_lr": 0.0001, "momentum": 0.9, "weight_decay": 0.0001, "steps_per_iteration": null, "pin": false, "model_creator": null, "target_batch_size": 128, "model_string": "resnet50", "min_batch_size": 128, "dataset": "CIFAR", "placement": null, "use_nccl": true, "devices_per_worker": 1, "primary_resource": "extra_gpu", "gpu": false, "verbose": false, "lr_config": {"mode": "log", "steps": 5, "initial_lr": 0.0001, "target_lr": 0.0001}, "batch_per_device": 128}, "time_since_restore": 130.28049325942993, "timesteps_since_restore": 0, "iterations_since_restore": 3, "mean_throughput": 1381.631164083912, "atoms": 1, "setup_time": 8.960286617279053}
