apply,batch_time,d2h,data_time,fwd,get_state_time_mean,get_state_time_total,grad,mean_accuracy,mean_loss,neg_mean_accuracy,set_state_time_mean,set_state_time_total,setup_model_time_mean,setup_model_time_total,setup_proc_time_mean,setup_proc_time_total,train_accuracy,train_loss,training_time_mean,training_time_total,validation_time_mean,validation_time_total,samples,num_workers,done,timesteps_total,episodes_total,training_iteration,neg_mean_loss,experiment_id,date,timestamp,time_this_iter_s,time_total_s,pid,hostname,node_ip,config,time_since_restore,timesteps_since_restore,iterations_since_restore,mean_throughput,atoms
0.007048845291137695,0.17300267219543458,0.004704165458679199,0.04129484721592495,0.08612527847290039,nan,0.0,0.12865040302276612,0.3901999890804291,1.6464634292602538,-0.3901999890804291,nan,0.0,8.41131043434143,8.41131043434143,0.16167116165161133,0.16167116165161133,0.26335999369621277,2.53088689037323,nan,0.0,nan,0.0,60000,1,False,,,1,-1.6464634292602538,b70c544a64be4e8d88853446586b745a,2019-05-30_14-27-25,1559251645,11.048622131347656,11.048622131347656,26966,steropes,169.229.49.254,"{'starting_lr': 0.005, 'momentum': 0.9, 'weight_decay': 0.005, 'steps_per_iteration': None, 'pin': False, 'model_creator': None, 'target_batch_size': 1024, 'model_string': 'resnet18', 'min_batch_size': 512, 'dataset': 'CIFAR', 'placement': None, 'use_nccl': True, 'devices_per_worker': 1, 'primary_resource': 'extra_gpu', 'gpu': False, 'verbose': False, 'lr_config': {'mode': 'log', 'steps': 5, 'initial_lr': 0.005, 'target_lr': 0.005}, 'batch_per_device': 1024}",11.048622131347656,0,1,5430.485277867851,1
0.006859469413757324,0.11956946849822998,0.0049305915832519535,0.04870414733886719,0.020498275756835938,nan,0.0,0.04215099811553955,0.461899995803833,1.4660043981552124,-0.461899995803833,nan,0.0,nan,0.0,nan,0.0,0.4030599892139435,1.6134639743423462,nan,0.0,nan,0.0,60000,1,False,,,2,-1.4660043981552124,b70c544a64be4e8d88853446586b745a,2019-05-30_14-27-32,1559251652,7.501612901687622,18.55023503303528,26966,steropes,169.229.49.254,"{'starting_lr': 0.005, 'momentum': 0.9, 'weight_decay': 0.005, 'steps_per_iteration': None, 'pin': False, 'model_creator': None, 'target_batch_size': 1024, 'model_string': 'resnet18', 'min_batch_size': 512, 'dataset': 'CIFAR', 'placement': None, 'use_nccl': True, 'devices_per_worker': 1, 'primary_resource': 'extra_gpu', 'gpu': False, 'verbose': False, 'lr_config': {'mode': 'log', 'steps': 5, 'initial_lr': 0.005, 'target_lr': 0.005}, 'batch_per_device': 1024}",18.55023503303528,0,2,6468.85455194457,1
0.007323002815246582,0.11700782775878907,0.00480043888092041,0.0494725412251998,0.020749330520629883,nan,0.0,0.04233253002166748,0.48330000042915344,1.4012826143264772,-0.48330000042915344,nan,0.0,nan,0.0,nan,0.0,0.4568599760532379,1.481491255302429,nan,0.0,nan,0.0,60000,1,False,,,3,-1.4012826143264772,b70c544a64be4e8d88853446586b745a,2019-05-30_14-27-40,1559251660,7.507796287536621,26.0580313205719,26966,steropes,169.229.49.254,"{'starting_lr': 0.005, 'momentum': 0.9, 'weight_decay': 0.005, 'steps_per_iteration': None, 'pin': False, 'model_creator': None, 'target_batch_size': 1024, 'model_string': 'resnet18', 'min_batch_size': 512, 'dataset': 'CIFAR', 'placement': None, 'use_nccl': True, 'devices_per_worker': 1, 'primary_resource': 'extra_gpu', 'gpu': False, 'verbose': False, 'lr_config': {'mode': 'log', 'steps': 5, 'initial_lr': 0.005, 'target_lr': 0.005}, 'batch_per_device': 1024}",26.0580313205719,0,3,6907.587032540957,1
0.007024908065795898,0.11664814949035644,0.0049102544784545895,0.047544284742705674,0.021108245849609374,nan,0.0,0.04212443828582764,0.5234999656677246,1.3110924392700196,-0.5234999656677246,nan,0.0,nan,0.0,nan,0.0,0.49153998494148254,1.3905527829360962,nan,0.0,nan,0.0,60000,1,False,,,4,-1.3110924392700196,b70c544a64be4e8d88853446586b745a,2019-05-30_14-27-47,1559251667,7.3867104053497314,33.44474172592163,26966,steropes,169.229.49.254,"{'starting_lr': 0.005, 'momentum': 0.9, 'weight_decay': 0.005, 'steps_per_iteration': None, 'pin': False, 'model_creator': None, 'target_batch_size': 1024, 'model_string': 'resnet18', 'min_batch_size': 512, 'dataset': 'CIFAR', 'placement': None, 'use_nccl': True, 'devices_per_worker': 1, 'primary_resource': 'extra_gpu', 'gpu': False, 'verbose': False, 'lr_config': {'mode': 'log', 'steps': 5, 'initial_lr': 0.005, 'target_lr': 0.005}, 'batch_per_device': 1024}",33.44474172592163,0,4,7175.940238023262,1
0.006852889060974121,0.12293384075164795,0.00504450798034668,0.046887461020022024,0.021127772331237794,nan,0.0,0.04177224636077881,0.5478999614715576,1.251414303779602,-0.5478999614715576,nan,0.0,nan,0.0,nan,0.0,0.5227599740028381,1.3139324423980714,nan,0.0,nan,0.0,60000,1,False,,,5,-1.251414303779602,b70c544a64be4e8d88853446586b745a,2019-05-30_14-27-55,1559251675,7.425360441207886,40.87010216712952,26966,steropes,169.229.49.254,"{'starting_lr': 0.005, 'momentum': 0.9, 'weight_decay': 0.005, 'steps_per_iteration': None, 'pin': False, 'model_creator': None, 'target_batch_size': 1024, 'model_string': 'resnet18', 'min_batch_size': 512, 'dataset': 'CIFAR', 'placement': None, 'use_nccl': True, 'devices_per_worker': 1, 'primary_resource': 'extra_gpu', 'gpu': False, 'verbose': False, 'lr_config': {'mode': 'log', 'steps': 5, 'initial_lr': 0.005, 'target_lr': 0.005}, 'batch_per_device': 1024}",40.87010216712952,0,5,7340.250005425161,1
0.007208991050720215,0.11826834678649903,0.0048914670944213865,0.04569362620918118,0.020597362518310548,nan,0.0,0.04150378704071045,0.5672000050544739,1.2038640268325806,-0.5672000050544739,nan,0.0,nan,0.0,nan,0.0,0.5427600145339966,1.2591443327713012,nan,0.0,nan,0.0,60000,1,False,,,6,-1.2038640268325806,b70c544a64be4e8d88853446586b745a,2019-05-30_14-28-02,1559251682,7.402549743652344,48.27265191078186,26966,steropes,169.229.49.254,"{'starting_lr': 0.005, 'momentum': 0.9, 'weight_decay': 0.005, 'steps_per_iteration': None, 'pin': False, 'model_creator': None, 'target_batch_size': 1024, 'model_string': 'resnet18', 'min_batch_size': 512, 'dataset': 'CIFAR', 'placement': None, 'use_nccl': True, 'devices_per_worker': 1, 'primary_resource': 'extra_gpu', 'gpu': False, 'verbose': False, 'lr_config': {'mode': 'log', 'steps': 5, 'initial_lr': 0.005, 'target_lr': 0.005}, 'batch_per_device': 1024}",48.27265191078186,0,6,8059.222318484939,1
0.0068572044372558595,0.11748723983764649,0.00483407974243164,0.048356479527998944,0.02041769027709961,nan,0.0,0.04171288013458252,0.5752999782562256,1.1819480010986327,-0.5752999782562256,nan,0.0,nan,0.0,nan,0.0,0.5652199983596802,1.2017871409225465,nan,0.0,nan,0.0,60000,1,False,,,7,-1.1819480010986327,b70c544a64be4e8d88853446586b745a,2019-05-30_14-28-09,1559251689,7.423279047012329,55.69593095779419,26966,steropes,169.229.49.254,"{'starting_lr': 0.005, 'momentum': 0.9, 'weight_decay': 0.005, 'steps_per_iteration': None, 'pin': False, 'model_creator': None, 'target_batch_size': 1024, 'model_string': 'resnet18', 'min_batch_size': 512, 'dataset': 'CIFAR', 'placement': None, 'use_nccl': True, 'devices_per_worker': 1, 'primary_resource': 'extra_gpu', 'gpu': False, 'verbose': False, 'lr_config': {'mode': 'log', 'steps': 5, 'initial_lr': 0.005, 'target_lr': 0.005}, 'batch_per_device': 1024}",55.69593095779419,0,7,8076.2166554394935,1
0.007157468795776367,0.11662812232971191,0.005158758163452149,0.047204440953780194,0.020860505104064942,nan,0.0,0.04207301139831543,0.5990999937057495,1.1175853174209596,-0.5990999937057495,nan,0.0,nan,0.0,nan,0.0,0.5821599960327148,1.1574248085021972,nan,0.0,nan,0.0,60000,1,False,,,8,-1.1175853174209596,b70c544a64be4e8d88853446586b745a,2019-05-30_14-28-17,1559251697,7.383626222610474,63.07955718040466,26966,steropes,169.229.49.254,"{'starting_lr': 0.005, 'momentum': 0.9, 'weight_decay': 0.005, 'steps_per_iteration': None, 'pin': False, 'model_creator': None, 'target_batch_size': 1024, 'model_string': 'resnet18', 'min_batch_size': 512, 'dataset': 'CIFAR', 'placement': None, 'use_nccl': True, 'devices_per_worker': 1, 'primary_resource': 'extra_gpu', 'gpu': False, 'verbose': False, 'lr_config': {'mode': 'log', 'steps': 5, 'initial_lr': 0.005, 'target_lr': 0.005}, 'batch_per_device': 1024}",63.07955718040466,0,8,8103.30458330569,1
0.006959986686706543,0.11751608848571778,0.004707598686218261,0.0460711839247723,0.020621776580810547,nan,0.0,0.0419175386428833,0.6056999564170837,1.0909434957504272,-0.6056999564170837,nan,0.0,nan,0.0,nan,0.0,0.5968599915504456,1.1252041483306885,nan,0.0,nan,0.0,60000,1,False,,,9,-1.0909434957504272,b70c544a64be4e8d88853446586b745a,2019-05-30_14-28-24,1559251704,7.322798252105713,70.40235543251038,26966,steropes,169.229.49.254,"{'starting_lr': 0.005, 'momentum': 0.9, 'weight_decay': 0.005, 'steps_per_iteration': None, 'pin': False, 'model_creator': None, 'target_batch_size': 1024, 'model_string': 'resnet18', 'min_batch_size': 512, 'dataset': 'CIFAR', 'placement': None, 'use_nccl': True, 'devices_per_worker': 1, 'primary_resource': 'extra_gpu', 'gpu': False, 'verbose': False, 'lr_config': {'mode': 'log', 'steps': 5, 'initial_lr': 0.005, 'target_lr': 0.005}, 'batch_per_device': 1024}",70.40235543251038,0,9,8117.317874655723,1
0.006767129898071289,0.1200596570968628,0.004855704307556152,0.045938662120274136,0.02043948173522949,nan,0.0,0.042211365699768064,0.614799976348877,1.0780398359298706,-0.614799976348877,nan,0.0,nan,0.0,nan,0.0,0.608460009098053,1.0870674485778808,nan,0.0,nan,0.0,60000,1,False,,,10,-1.0780398359298706,b70c544a64be4e8d88853446586b745a,2019-05-30_14-28-31,1559251711,7.372937440872192,77.77529287338257,26966,steropes,169.229.49.254,"{'starting_lr': 0.005, 'momentum': 0.9, 'weight_decay': 0.005, 'steps_per_iteration': None, 'pin': False, 'model_creator': None, 'target_batch_size': 1024, 'model_string': 'resnet18', 'min_batch_size': 512, 'dataset': 'CIFAR', 'placement': None, 'use_nccl': True, 'devices_per_worker': 1, 'primary_resource': 'extra_gpu', 'gpu': False, 'verbose': False, 'lr_config': {'mode': 'log', 'steps': 5, 'initial_lr': 0.005, 'target_lr': 0.005}, 'batch_per_device': 1024}",77.77529287338257,0,10,8128.849476925906,1
0.006757068634033203,0.12221412658691407,0.005513572692871093,0.048598138653502175,0.020387840270996094,nan,0.0,0.04214751720428467,0.6200999617576599,1.0680294733047486,-0.6200999617576599,nan,0.0,nan,0.0,nan,0.0,0.6216199994087219,1.0595862524032593,nan,0.0,nan,0.0,60000,1,False,,,11,-1.0680294733047486,b70c544a64be4e8d88853446586b745a,2019-05-30_14-28-39,1559251719,7.524362564086914,85.29965543746948,26966,steropes,169.229.49.254,"{'starting_lr': 0.005, 'momentum': 0.9, 'weight_decay': 0.005, 'steps_per_iteration': None, 'pin': False, 'model_creator': None, 'target_batch_size': 1024, 'model_string': 'resnet18', 'min_batch_size': 512, 'dataset': 'CIFAR', 'placement': None, 'use_nccl': True, 'devices_per_worker': 1, 'primary_resource': 'extra_gpu', 'gpu': False, 'verbose': False, 'lr_config': {'mode': 'log', 'steps': 5, 'initial_lr': 0.005, 'target_lr': 0.005}, 'batch_per_device': 1024}",85.29965543746948,0,11,8102.106860640733,1
0.007544922828674317,0.12227251529693603,0.00470283031463623,0.05032725723422304,0.020400023460388182,nan,0.0,0.041610336303710936,0.644599974155426,0.9905548663139343,-0.644599974155426,nan,0.0,nan,0.0,nan,0.0,0.6360799670219421,1.0204990878295899,nan,0.0,nan,0.0,60000,1,False,,,12,-0.9905548663139343,b70c544a64be4e8d88853446586b745a,2019-05-30_14-28-47,1559251727,7.53995943069458,92.83961486816406,26966,steropes,169.229.49.254,"{'starting_lr': 0.005, 'momentum': 0.9, 'weight_decay': 0.005, 'steps_per_iteration': None, 'pin': False, 'model_creator': None, 'target_batch_size': 1024, 'model_string': 'resnet18', 'min_batch_size': 512, 'dataset': 'CIFAR', 'placement': None, 'use_nccl': True, 'devices_per_worker': 1, 'primary_resource': 'extra_gpu', 'gpu': False, 'verbose': False, 'lr_config': {'mode': 'log', 'steps': 5, 'initial_lr': 0.005, 'target_lr': 0.005}, 'batch_per_device': 1024}",92.83961486816406,0,12,8076.656303809182,1
0.007553887367248535,0.11921255588531494,0.005085110664367676,0.04524147753812829,0.02185826301574707,nan,0.0,0.04234864711761475,0.6352999806404114,1.0242737537384032,-0.6352999806404114,nan,0.0,nan,0.0,nan,0.0,0.6439200043678284,0.9940594750595093,nan,0.0,nan,0.0,60000,1,False,,,13,-1.0242737537384032,b70c544a64be4e8d88853446586b745a,2019-05-30_14-28-54,1559251734,7.377127170562744,100.2167420387268,26966,steropes,169.229.49.254,"{'starting_lr': 0.005, 'momentum': 0.9, 'weight_decay': 0.005, 'steps_per_iteration': None, 'pin': False, 'model_creator': None, 'target_batch_size': 1024, 'model_string': 'resnet18', 'min_batch_size': 512, 'dataset': 'CIFAR', 'placement': None, 'use_nccl': True, 'devices_per_worker': 1, 'primary_resource': 'extra_gpu', 'gpu': False, 'verbose': False, 'lr_config': {'mode': 'log', 'steps': 5, 'initial_lr': 0.005, 'target_lr': 0.005}, 'batch_per_device': 1024}",100.2167420387268,0,13,8078.070854081216,1
0.007401108741760254,0.11858246326446534,0.0050097227096557615,0.04852326548829371,0.020900249481201172,nan,0.0,0.04178740978240967,0.6523000001907349,0.9753330330848694,-0.6523000001907349,nan,0.0,nan,0.0,nan,0.0,0.6531800031661987,0.9734790811157227,nan,0.0,nan,0.0,60000,1,False,,,14,-0.9753330330848694,b70c544a64be4e8d88853446586b745a,2019-05-30_14-29-01,1559251741,7.461958646774292,107.6787006855011,26966,steropes,169.229.49.254,"{'starting_lr': 0.005, 'momentum': 0.9, 'weight_decay': 0.005, 'steps_per_iteration': None, 'pin': False, 'model_creator': None, 'target_batch_size': 1024, 'model_string': 'resnet18', 'min_batch_size': 512, 'dataset': 'CIFAR', 'placement': None, 'use_nccl': True, 'devices_per_worker': 1, 'primary_resource': 'extra_gpu', 'gpu': False, 'verbose': False, 'lr_config': {'mode': 'log', 'steps': 5, 'initial_lr': 0.005, 'target_lr': 0.005}, 'batch_per_device': 1024}",107.6787006855011,0,14,8047.914765776156,1
0.007210206985473633,0.11617279052734375,0.004835677146911621,0.04766731846089266,0.020714640617370605,nan,0.0,0.041778182983398436,0.6658999919891357,0.9398374041557312,-0.6658999919891357,nan,0.0,nan,0.0,nan,0.0,0.6636199951171875,0.9435378146934509,nan,0.0,nan,0.0,60000,1,False,,,15,-0.9398374041557312,b70c544a64be4e8d88853446586b745a,2019-05-30_14-29-09,1559251749,7.376689434051514,115.05539011955261,26966,steropes,169.229.49.254,"{'starting_lr': 0.005, 'momentum': 0.9, 'weight_decay': 0.005, 'steps_per_iteration': None, 'pin': False, 'model_creator': None, 'target_batch_size': 1024, 'model_string': 'resnet18', 'min_batch_size': 512, 'dataset': 'CIFAR', 'placement': None, 'use_nccl': True, 'devices_per_worker': 1, 'primary_resource': 'extra_gpu', 'gpu': False, 'verbose': False, 'lr_config': {'mode': 'log', 'steps': 5, 'initial_lr': 0.005, 'target_lr': 0.005}, 'batch_per_device': 1024}",115.05539011955261,0,15,8047.106812400963,1
0.0071361780166625975,0.11689178943634033,0.004648852348327637,0.049129306053628724,0.020514726638793945,nan,0.0,0.042832016944885254,0.6703999638557434,0.9316998588562012,-0.6703999638557434,nan,0.0,nan,0.0,nan,0.0,0.6724399924278259,0.9162756440925598,nan,0.0,nan,0.0,60000,1,False,,,16,-0.9316998588562012,b70c544a64be4e8d88853446586b745a,2019-05-30_14-29-16,1559251756,7.454332113265991,122.5097222328186,26966,steropes,169.229.49.254,"{'starting_lr': 0.005, 'momentum': 0.9, 'weight_decay': 0.005, 'steps_per_iteration': None, 'pin': False, 'model_creator': None, 'target_batch_size': 1024, 'model_string': 'resnet18', 'min_batch_size': 512, 'dataset': 'CIFAR', 'placement': None, 'use_nccl': True, 'devices_per_worker': 1, 'primary_resource': 'extra_gpu', 'gpu': False, 'verbose': False, 'lr_config': {'mode': 'log', 'steps': 5, 'initial_lr': 0.005, 'target_lr': 0.005}, 'batch_per_device': 1024}",122.5097222328186,0,16,8062.25191246436,1
0.006731271743774414,0.13000171184539794,0.004960203170776367,0.06580879250351264,0.02030766010284424,nan,0.0,0.04210362434387207,0.6726999878883362,0.9254408690452576,-0.6726999878883362,nan,0.0,nan,0.0,nan,0.0,0.6798999905586243,0.8948376880645752,nan,0.0,nan,0.0,60000,1,False,,,17,-0.9254408690452576,b70c544a64be4e8d88853446586b745a,2019-05-30_14-29-25,1559251765,8.344174861907959,130.85389709472656,26966,steropes,169.229.49.254,"{'starting_lr': 0.005, 'momentum': 0.9, 'weight_decay': 0.005, 'steps_per_iteration': None, 'pin': False, 'model_creator': None, 'target_batch_size': 1024, 'model_string': 'resnet18', 'min_batch_size': 512, 'dataset': 'CIFAR', 'placement': None, 'use_nccl': True, 'devices_per_worker': 1, 'primary_resource': 'extra_gpu', 'gpu': False, 'verbose': False, 'lr_config': {'mode': 'log', 'steps': 5, 'initial_lr': 0.005, 'target_lr': 0.005}, 'batch_per_device': 1024}",130.85389709472656,0,17,7891.690850021264,1
0.006792473793029785,0.12187440395355224,0.004449367523193359,0.046000592562617085,0.02080237865447998,nan,0.0,0.041756820678710935,0.6764000058174133,0.9231255452156066,-0.6764000058174133,nan,0.0,nan,0.0,nan,0.0,0.6895399689674377,0.8770987809753418,nan,0.0,nan,0.0,60000,1,False,,,18,-0.9231255452156066,b70c544a64be4e8d88853446586b745a,2019-05-30_14-29-32,1559251772,7.359964847564697,138.21386194229126,26966,steropes,169.229.49.254,"{'starting_lr': 0.005, 'momentum': 0.9, 'weight_decay': 0.005, 'steps_per_iteration': None, 'pin': False, 'model_creator': None, 'target_batch_size': 1024, 'model_string': 'resnet18', 'min_batch_size': 512, 'dataset': 'CIFAR', 'placement': None, 'use_nccl': True, 'devices_per_worker': 1, 'primary_resource': 'extra_gpu', 'gpu': False, 'verbose': False, 'lr_config': {'mode': 'log', 'steps': 5, 'initial_lr': 0.005, 'target_lr': 0.005}, 'batch_per_device': 1024}",138.21386194229126,0,18,7895.25365315841,1
0.006783747673034668,0.11759054660797119,0.004598259925842285,0.06276815278189522,0.02026371955871582,nan,0.0,0.041564774513244626,0.6836000084877014,0.8947101495742797,-0.6836000084877014,nan,0.0,nan,0.0,nan,0.0,0.6956999897956848,0.8566849739456177,nan,0.0,nan,0.0,60000,1,False,,,19,-0.8947101495742797,b70c544a64be4e8d88853446586b745a,2019-05-30_14-29-40,1559251780,8.035900115966797,146.24976205825806,26966,steropes,169.229.49.254,"{'starting_lr': 0.005, 'momentum': 0.9, 'weight_decay': 0.005, 'steps_per_iteration': None, 'pin': False, 'model_creator': None, 'target_batch_size': 1024, 'model_string': 'resnet18', 'min_batch_size': 512, 'dataset': 'CIFAR', 'placement': None, 'use_nccl': True, 'devices_per_worker': 1, 'primary_resource': 'extra_gpu', 'gpu': False, 'verbose': False, 'lr_config': {'mode': 'log', 'steps': 5, 'initial_lr': 0.005, 'target_lr': 0.005}, 'batch_per_device': 1024}",146.24976205825806,0,19,7777.771871280838,1
0.007109808921813965,0.11704328060150146,0.004168939590454101,0.051446267536708286,0.020882844924926758,nan,0.0,0.042602133750915525,0.6898999810218811,0.887133683681488,-0.6898999810218811,nan,0.0,nan,0.0,nan,0.0,0.7033399939537048,0.8291095407867431,nan,0.0,nan,0.0,60000,1,False,,,20,-0.887133683681488,b70c544a64be4e8d88853446586b745a,2019-05-30_14-29-48,1559251788,7.5765886306762695,153.82635068893433,26966,steropes,169.229.49.254,"{'starting_lr': 0.005, 'momentum': 0.9, 'weight_decay': 0.005, 'steps_per_iteration': None, 'pin': False, 'model_creator': None, 'target_batch_size': 1024, 'model_string': 'resnet18', 'min_batch_size': 512, 'dataset': 'CIFAR', 'placement': None, 'use_nccl': True, 'devices_per_worker': 1, 'primary_resource': 'extra_gpu', 'gpu': False, 'verbose': False, 'lr_config': {'mode': 'log', 'steps': 5, 'initial_lr': 0.005, 'target_lr': 0.005}, 'batch_per_device': 1024}",153.82635068893433,0,20,7737.670629267652,1
0.007236862182617187,0.11656069755554199,0.00477607250213623,0.05790712395492865,0.02111539840698242,nan,0.0,0.04166355133056641,0.7005000114440918,0.8488093459129333,-0.7005000114440918,nan,0.0,nan,0.0,nan,0.0,0.7103999853134155,0.8190418428802491,nan,0.0,nan,0.0,60000,1,False,,,21,-0.8488093459129333,b70c544a64be4e8d88853446586b745a,2019-05-30_14-29-55,1559251795,7.852376937866211,161.67872762680054,26966,steropes,169.229.49.254,"{'starting_lr': 0.005, 'momentum': 0.9, 'weight_decay': 0.005, 'steps_per_iteration': None, 'pin': False, 'model_creator': None, 'target_batch_size': 1024, 'model_string': 'resnet18', 'min_batch_size': 512, 'dataset': 'CIFAR', 'placement': None, 'use_nccl': True, 'devices_per_worker': 1, 'primary_resource': 'extra_gpu', 'gpu': False, 'verbose': False, 'lr_config': {'mode': 'log', 'steps': 5, 'initial_lr': 0.005, 'target_lr': 0.005}, 'batch_per_device': 1024}",161.67872762680054,0,21,7659.040435615521,1
0.006670260429382324,0.12946081161499023,0.004555249214172363,0.0510759888863077,0.0202131986618042,nan,0.0,0.04338150024414063,0.6990999579429626,0.8569332505226135,-0.6990999579429626,nan,0.0,nan,0.0,nan,0.0,0.7147200107574463,0.8057891044044495,nan,0.0,nan,0.0,60000,1,False,,,22,-0.8569332505226135,b70c544a64be4e8d88853446586b745a,2019-05-30_14-30-03,1559251803,7.580996751785278,169.25972437858582,26966,steropes,169.229.49.254,"{'starting_lr': 0.005, 'momentum': 0.9, 'weight_decay': 0.005, 'steps_per_iteration': None, 'pin': False, 'model_creator': None, 'target_batch_size': 1024, 'model_string': 'resnet18', 'min_batch_size': 512, 'dataset': 'CIFAR', 'placement': None, 'use_nccl': True, 'devices_per_worker': 1, 'primary_resource': 'extra_gpu', 'gpu': False, 'verbose': False, 'lr_config': {'mode': 'log', 'steps': 5, 'initial_lr': 0.005, 'target_lr': 0.005}, 'batch_per_device': 1024}",169.25972437858582,0,22,7811.23542986132,1
0.00725259780883789,0.1327366828918457,0.004295158386230469,0.0458958878809092,0.020677971839904784,nan,0.0,0.04218335151672363,0.7028999924659729,0.841486644744873,-0.7028999924659729,nan,0.0,nan,0.0,nan,0.0,0.720579981803894,0.7868934495353699,nan,0.0,nan,0.0,60000,1,False,,,23,-0.841486644744873,b70c544a64be4e8d88853446586b745a,2019-05-30_14-30-10,1559251810,7.386930704116821,176.64665508270264,26966,steropes,169.229.49.254,"{'starting_lr': 0.005, 'momentum': 0.9, 'weight_decay': 0.005, 'steps_per_iteration': None, 'pin': False, 'model_creator': None, 'target_batch_size': 1024, 'model_string': 'resnet18', 'min_batch_size': 512, 'dataset': 'CIFAR', 'placement': None, 'use_nccl': True, 'devices_per_worker': 1, 'primary_resource': 'extra_gpu', 'gpu': False, 'verbose': False, 'lr_config': {'mode': 'log', 'steps': 5, 'initial_lr': 0.005, 'target_lr': 0.005}, 'batch_per_device': 1024}",176.64665508270264,0,23,7805.755272060606,1
0.0071323633193969725,0.11611976623535156,0.004067516326904297,0.046059073234091,0.0209369421005249,nan,0.0,0.04137434959411621,0.7128999829292297,0.8208712266921997,-0.7128999829292297,nan,0.0,nan,0.0,nan,0.0,0.7221999764442444,0.7818355973434449,nan,0.0,nan,0.0,60000,1,False,,,24,-0.8208712266921997,b70c544a64be4e8d88853446586b745a,2019-05-30_14-30-18,1559251818,7.24956488609314,183.89621996879578,26966,steropes,169.229.49.254,"{'starting_lr': 0.005, 'momentum': 0.9, 'weight_decay': 0.005, 'steps_per_iteration': None, 'pin': False, 'model_creator': None, 'target_batch_size': 1024, 'model_string': 'resnet18', 'min_batch_size': 512, 'dataset': 'CIFAR', 'placement': None, 'use_nccl': True, 'devices_per_worker': 1, 'primary_resource': 'extra_gpu', 'gpu': False, 'verbose': False, 'lr_config': {'mode': 'log', 'steps': 5, 'initial_lr': 0.005, 'target_lr': 0.005}, 'batch_per_device': 1024}",183.89621996879578,0,24,7968.795036744141,1
0.00670933723449707,0.11684174537658691,0.004265975952148437,0.062068326132638116,0.020644712448120116,nan,0.0,0.041537356376647946,0.7203999757766724,0.8032329889297485,-0.7203999757766724,nan,0.0,nan,0.0,nan,0.0,0.7335399985313416,0.7513320154571533,nan,0.0,nan,0.0,60000,1,False,,,25,-0.8032329889297485,b70c544a64be4e8d88853446586b745a,2019-05-30_14-30-26,1559251826,7.983320236206055,191.87954020500183,26966,steropes,169.229.49.254,"{'starting_lr': 0.005, 'momentum': 0.9, 'weight_decay': 0.005, 'steps_per_iteration': None, 'pin': False, 'model_creator': None, 'target_batch_size': 1024, 'model_string': 'resnet18', 'min_batch_size': 512, 'dataset': 'CIFAR', 'placement': None, 'use_nccl': True, 'devices_per_worker': 1, 'primary_resource': 'extra_gpu', 'gpu': False, 'verbose': False, 'lr_config': {'mode': 'log', 'steps': 5, 'initial_lr': 0.005, 'target_lr': 0.005}, 'batch_per_device': 1024}",191.87954020500183,0,25,7883.620136820078,1
0.007544088363647461,0.11683127880096436,0.004283809661865234,0.05807449866314324,0.02090456485748291,nan,0.0,0.04169044494628906,0.7139999866485596,0.8208967264175415,-0.7139999866485596,nan,0.0,nan,0.0,nan,0.0,0.7345799803733826,0.742843567123413,nan,0.0,nan,0.0,60000,1,False,,,26,-0.8208967264175415,b70c544a64be4e8d88853446586b745a,2019-05-30_14-30-33,1559251833,7.8465330600738525,199.72607326507568,26966,steropes,169.229.49.254,"{'starting_lr': 0.005, 'momentum': 0.9, 'weight_decay': 0.005, 'steps_per_iteration': None, 'pin': False, 'model_creator': None, 'target_batch_size': 1024, 'model_string': 'resnet18', 'min_batch_size': 512, 'dataset': 'CIFAR', 'placement': None, 'use_nccl': True, 'devices_per_worker': 1, 'primary_resource': 'extra_gpu', 'gpu': False, 'verbose': False, 'lr_config': {'mode': 'log', 'steps': 5, 'initial_lr': 0.005, 'target_lr': 0.005}, 'batch_per_device': 1024}",199.72607326507568,0,26,7884.829970438918,1
0.006684541702270508,0.11548292636871338,0.004085373878479004,0.051652377965498944,0.020047593116760253,nan,0.0,0.04185409545898437,0.7152999639511108,0.8034190412521363,-0.7152999639511108,nan,0.0,nan,0.0,nan,0.0,0.742859959602356,0.7268353157234192,nan,0.0,nan,0.0,60000,1,False,,,27,-0.8034190412521363,b70c544a64be4e8d88853446586b745a,2019-05-30_14-30-41,1559251841,7.493940591812134,207.22001385688782,26966,steropes,169.229.49.254,"{'starting_lr': 0.005, 'momentum': 0.9, 'weight_decay': 0.005, 'steps_per_iteration': None, 'pin': False, 'model_creator': None, 'target_batch_size': 1024, 'model_string': 'resnet18', 'min_batch_size': 512, 'dataset': 'CIFAR', 'placement': None, 'use_nccl': True, 'devices_per_worker': 1, 'primary_resource': 'extra_gpu', 'gpu': False, 'verbose': False, 'lr_config': {'mode': 'log', 'steps': 5, 'initial_lr': 0.005, 'target_lr': 0.005}, 'batch_per_device': 1024}",207.22001385688782,0,27,7902.913979203867,1
0.0069522857666015625,0.11637864112854004,0.004564714431762695,0.0512571821407396,0.020858359336853028,nan,0.0,0.041357111930847165,0.7214999794960022,0.8007037711143493,-0.7214999794960022,nan,0.0,nan,0.0,nan,0.0,0.7488399744033813,0.7111838228416443,nan,0.0,nan,0.0,60000,1,False,,,28,-0.8007037711143493,b70c544a64be4e8d88853446586b745a,2019-05-30_14-30-48,1559251848,7.498527526855469,214.7185413837433,26966,steropes,169.229.49.254,"{'starting_lr': 0.005, 'momentum': 0.9, 'weight_decay': 0.005, 'steps_per_iteration': None, 'pin': False, 'model_creator': None, 'target_batch_size': 1024, 'model_string': 'resnet18', 'min_batch_size': 512, 'dataset': 'CIFAR', 'placement': None, 'use_nccl': True, 'devices_per_worker': 1, 'primary_resource': 'extra_gpu', 'gpu': False, 'verbose': False, 'lr_config': {'mode': 'log', 'steps': 5, 'initial_lr': 0.005, 'target_lr': 0.005}, 'batch_per_device': 1024}",214.7185413837433,0,28,7879.750570803718,1
0.007506251335144043,0.1160365104675293,0.004275107383728027,0.047180711006631654,0.020908570289611815,nan,0.0,0.04240102767944336,0.7210999727249146,0.7881667174339294,-0.7210999727249146,nan,0.0,nan,0.0,nan,0.0,0.7537599802017212,0.6996372414970398,nan,0.0,nan,0.0,60000,1,False,,,29,-0.7881667174339294,b70c544a64be4e8d88853446586b745a,2019-05-30_14-30-56,1559251856,7.298229932785034,222.01677131652832,26966,steropes,169.229.49.254,"{'starting_lr': 0.005, 'momentum': 0.9, 'weight_decay': 0.005, 'steps_per_iteration': None, 'pin': False, 'model_creator': None, 'target_batch_size': 1024, 'model_string': 'resnet18', 'min_batch_size': 512, 'dataset': 'CIFAR', 'placement': None, 'use_nccl': True, 'devices_per_worker': 1, 'primary_resource': 'extra_gpu', 'gpu': False, 'verbose': False, 'lr_config': {'mode': 'log', 'steps': 5, 'initial_lr': 0.005, 'target_lr': 0.005}, 'batch_per_device': 1024}",222.01677131652832,0,29,7869.691162589607,1
0.0066741943359375,0.11533286571502685,0.004094529151916504,0.046013783435432276,0.020617198944091798,nan,0.0,0.04147241115570068,0.734499990940094,0.7620936806678772,-0.734499990940094,nan,0.0,nan,0.0,nan,0.0,0.754539966583252,0.6936289853477478,nan,0.0,nan,0.0,60000,1,False,,,30,-0.7620936806678772,b70c544a64be4e8d88853446586b745a,2019-05-30_14-31-03,1559251863,7.207823753356934,229.22459506988525,26966,steropes,169.229.49.254,"{'starting_lr': 0.005, 'momentum': 0.9, 'weight_decay': 0.005, 'steps_per_iteration': None, 'pin': False, 'model_creator': None, 'target_batch_size': 1024, 'model_string': 'resnet18', 'min_batch_size': 512, 'dataset': 'CIFAR', 'placement': None, 'use_nccl': True, 'devices_per_worker': 1, 'primary_resource': 'extra_gpu', 'gpu': False, 'verbose': False, 'lr_config': {'mode': 'log', 'steps': 5, 'initial_lr': 0.005, 'target_lr': 0.005}, 'batch_per_device': 1024}",229.22459506988525,0,30,8033.110513135424,1
0.006805038452148438,0.11538021564483643,0.004389238357543945,0.05482216757171008,0.020650672912597656,nan,0.0,0.041435742378234865,0.7268999814987183,0.7983907918930053,-0.7268999814987183,nan,0.0,nan,0.0,nan,0.0,0.7599799633026123,0.6763165305519104,nan,0.0,nan,0.0,60000,1,False,,,31,-0.7983907918930053,b70c544a64be4e8d88853446586b745a,2019-05-30_14-31-11,1559251871,7.615231990814209,236.83982706069946,26966,steropes,169.229.49.254,"{'starting_lr': 0.005, 'momentum': 0.9, 'weight_decay': 0.005, 'steps_per_iteration': None, 'pin': False, 'model_creator': None, 'target_batch_size': 1024, 'model_string': 'resnet18', 'min_batch_size': 512, 'dataset': 'CIFAR', 'placement': None, 'use_nccl': True, 'devices_per_worker': 1, 'primary_resource': 'extra_gpu', 'gpu': False, 'verbose': False, 'lr_config': {'mode': 'log', 'steps': 5, 'initial_lr': 0.005, 'target_lr': 0.005}, 'batch_per_device': 1024}",236.83982706069946,0,31,8083.1747345286785,1
0.007197260856628418,0.12919931411743163,0.0043337345123291016,0.04778854214415258,0.020437049865722656,nan,0.0,0.04109480381011963,0.7375999689102173,0.7510771355628967,-0.7375999689102173,nan,0.0,nan,0.0,nan,0.0,0.7651000022888184,0.6644195194625855,nan,0.0,nan,0.0,60000,1,False,,,32,-0.7510771355628967,b70c544a64be4e8d88853446586b745a,2019-05-30_14-31-18,1559251878,7.420271396636963,244.26009845733643,26966,steropes,169.229.49.254,"{'starting_lr': 0.005, 'momentum': 0.9, 'weight_decay': 0.005, 'steps_per_iteration': None, 'pin': False, 'model_creator': None, 'target_batch_size': 1024, 'model_string': 'resnet18', 'min_batch_size': 512, 'dataset': 'CIFAR', 'placement': None, 'use_nccl': True, 'devices_per_worker': 1, 'primary_resource': 'extra_gpu', 'gpu': False, 'verbose': False, 'lr_config': {'mode': 'log', 'steps': 5, 'initial_lr': 0.005, 'target_lr': 0.005}, 'batch_per_device': 1024}",244.26009845733643,0,32,8099.250087745171,1
0.006766033172607422,0.11964333057403564,0.004200196266174317,0.05305129167984943,0.020677900314331053,nan,0.0,0.04203059673309326,0.7342999577522278,0.7629457039833069,-0.7342999577522278,nan,0.0,nan,0.0,nan,0.0,0.7700200080871582,0.6518523063659668,nan,0.0,nan,0.0,60000,1,False,,,33,-0.7629457039833069,b70c544a64be4e8d88853446586b745a,2019-05-30_14-31-26,1559251886,7.598721981048584,251.858820438385,26966,steropes,169.229.49.254,"{'starting_lr': 0.005, 'momentum': 0.9, 'weight_decay': 0.005, 'steps_per_iteration': None, 'pin': False, 'model_creator': None, 'target_batch_size': 1024, 'model_string': 'resnet18', 'min_batch_size': 512, 'dataset': 'CIFAR', 'placement': None, 'use_nccl': True, 'devices_per_worker': 1, 'primary_resource': 'extra_gpu', 'gpu': False, 'verbose': False, 'lr_config': {'mode': 'log', 'steps': 5, 'initial_lr': 0.005, 'target_lr': 0.005}, 'batch_per_device': 1024}",251.858820438385,0,33,8077.400253696207,1
0.00680549144744873,0.11801383495330811,0.004878377914428711,0.0505205757763921,0.020395731925964354,nan,0.0,0.041397833824157716,0.7393999695777893,0.7574527644157409,-0.7393999695777893,nan,0.0,nan,0.0,nan,0.0,0.7741400003433228,0.6378600533485412,nan,0.0,nan,0.0,60000,1,False,,,34,-0.7574527644157409,b70c544a64be4e8d88853446586b745a,2019-05-30_14-31-33,1559251893,7.449044942855835,259.30786538124084,26966,steropes,169.229.49.254,"{'starting_lr': 0.005, 'momentum': 0.9, 'weight_decay': 0.005, 'steps_per_iteration': None, 'pin': False, 'model_creator': None, 'target_batch_size': 1024, 'model_string': 'resnet18', 'min_batch_size': 512, 'dataset': 'CIFAR', 'placement': None, 'use_nccl': True, 'devices_per_worker': 1, 'primary_resource': 'extra_gpu', 'gpu': False, 'verbose': False, 'lr_config': {'mode': 'log', 'steps': 5, 'initial_lr': 0.005, 'target_lr': 0.005}, 'batch_per_device': 1024}",259.30786538124084,0,34,8044.73484373631,1
0.0067200899124145504,0.120096755027771,0.004811549186706543,0.04619857729697714,0.02097141742706299,nan,0.0,0.0419520378112793,0.7354999780654907,0.7774810237884522,-0.7354999780654907,nan,0.0,nan,0.0,nan,0.0,0.7775200009346008,0.6306826989936829,nan,0.0,nan,0.0,60000,1,False,,,35,-0.7774810237884522,b70c544a64be4e8d88853446586b745a,2019-05-30_14-31-40,1559251900,7.409551382064819,266.71741676330566,26966,steropes,169.229.49.254,"{'starting_lr': 0.005, 'momentum': 0.9, 'weight_decay': 0.005, 'steps_per_iteration': None, 'pin': False, 'model_creator': None, 'target_batch_size': 1024, 'model_string': 'resnet18', 'min_batch_size': 512, 'dataset': 'CIFAR', 'placement': None, 'use_nccl': True, 'devices_per_worker': 1, 'primary_resource': 'extra_gpu', 'gpu': False, 'verbose': False, 'lr_config': {'mode': 'log', 'steps': 5, 'initial_lr': 0.005, 'target_lr': 0.005}, 'batch_per_device': 1024}",266.71741676330566,0,35,8001.449186216785,1
0.006952691078186035,0.11806931495666503,0.004841923713684082,0.0442038360907107,0.021375393867492674,nan,0.0,0.04360706806182861,0.7436000108718872,0.7481490788459778,-0.7436000108718872,nan,0.0,nan,0.0,nan,0.0,0.7791999578475952,0.6203568263053894,nan,0.0,nan,0.0,60000,1,False,,,36,-0.7481490788459778,b70c544a64be4e8d88853446586b745a,2019-05-30_14-31-48,1559251908,7.259836435317993,273.97725319862366,26966,steropes,169.229.49.254,"{'starting_lr': 0.005, 'momentum': 0.9, 'weight_decay': 0.005, 'steps_per_iteration': None, 'pin': False, 'model_creator': None, 'target_batch_size': 1024, 'model_string': 'resnet18', 'min_batch_size': 512, 'dataset': 'CIFAR', 'placement': None, 'use_nccl': True, 'devices_per_worker': 1, 'primary_resource': 'extra_gpu', 'gpu': False, 'verbose': False, 'lr_config': {'mode': 'log', 'steps': 5, 'initial_lr': 0.005, 'target_lr': 0.005}, 'batch_per_device': 1024}",273.97725319862366,0,36,8078.019720251271,1
0.0072694063186645504,0.1170283317565918,0.004688715934753418,0.04587243527782207,0.021413254737854003,nan,0.0,0.04266347885131836,0.7321000099182129,0.7660241813659668,-0.7321000099182129,nan,0.0,nan,0.0,nan,0.0,0.7861799597740173,0.6020627216339112,nan,0.0,nan,0.0,60000,1,False,,,37,-0.7660241813659668,b70c544a64be4e8d88853446586b745a,2019-05-30_14-31-55,1559251915,7.284036874771118,281.2612900733948,26966,steropes,169.229.49.254,"{'starting_lr': 0.005, 'momentum': 0.9, 'weight_decay': 0.005, 'steps_per_iteration': None, 'pin': False, 'model_creator': None, 'target_batch_size': 1024, 'model_string': 'resnet18', 'min_batch_size': 512, 'dataset': 'CIFAR', 'placement': None, 'use_nccl': True, 'devices_per_worker': 1, 'primary_resource': 'extra_gpu', 'gpu': False, 'verbose': False, 'lr_config': {'mode': 'log', 'steps': 5, 'initial_lr': 0.005, 'target_lr': 0.005}, 'batch_per_device': 1024}",281.2612900733948,0,37,8107.762459442863,1
0.007258081436157226,0.11841168403625488,0.004629755020141601,0.04528077281251246,0.02047603130340576,nan,0.0,0.04232969284057617,0.7445999979972839,0.7376885130882264,-0.7445999979972839,nan,0.0,nan,0.0,nan,0.0,0.7892999649047852,0.5970594674682618,nan,0.0,nan,0.0,60000,1,False,,,38,-0.7376885130882264,b70c544a64be4e8d88853446586b745a,2019-05-30_14-32-02,1559251922,7.30439829826355,288.5656883716583,26966,steropes,169.229.49.254,"{'starting_lr': 0.005, 'momentum': 0.9, 'weight_decay': 0.005, 'steps_per_iteration': None, 'pin': False, 'model_creator': None, 'target_batch_size': 1024, 'model_string': 'resnet18', 'min_batch_size': 512, 'dataset': 'CIFAR', 'placement': None, 'use_nccl': True, 'devices_per_worker': 1, 'primary_resource': 'extra_gpu', 'gpu': False, 'verbose': False, 'lr_config': {'mode': 'log', 'steps': 5, 'initial_lr': 0.005, 'target_lr': 0.005}, 'batch_per_device': 1024}",288.5656883716583,0,38,8172.756616691,1
0.008765721321105957,0.1161482572555542,0.005123114585876465,0.04479845689267528,0.021985745429992674,nan,0.0,0.04197242259979248,0.733299970626831,0.8019997944831848,-0.733299970626831,nan,0.0,nan,0.0,nan,0.0,0.7882999777793884,0.5967718078422546,nan,0.0,nan,0.0,60000,1,False,,,39,-0.8019997944831848,b70c544a64be4e8d88853446586b745a,2019-05-30_14-32-10,1559251930,7.272018194198608,295.83770656585693,26966,steropes,169.229.49.254,"{'starting_lr': 0.005, 'momentum': 0.9, 'weight_decay': 0.005, 'steps_per_iteration': None, 'pin': False, 'model_creator': None, 'target_batch_size': 1024, 'model_string': 'resnet18', 'min_batch_size': 512, 'dataset': 'CIFAR', 'placement': None, 'use_nccl': True, 'devices_per_worker': 1, 'primary_resource': 'extra_gpu', 'gpu': False, 'verbose': False, 'lr_config': {'mode': 'log', 'steps': 5, 'initial_lr': 0.005, 'target_lr': 0.005}, 'batch_per_device': 1024}",295.83770656585693,0,39,8212.36098786537,1
0.006884169578552246,0.11868672370910645,0.0045964717864990234,0.04391265888603366,0.02106814384460449,nan,0.0,0.0412705659866333,0.7378000020980835,0.7570053059577941,-0.7378000020980835,nan,0.0,nan,0.0,nan,0.0,0.7952799797058105,0.5824365235710144,nan,0.0,nan,0.0,60000,1,False,,,40,-0.7570053059577941,b70c544a64be4e8d88853446586b745a,2019-05-30_14-32-17,1559251937,7.209569692611694,303.0472762584686,26966,steropes,169.229.49.254,"{'starting_lr': 0.005, 'momentum': 0.9, 'weight_decay': 0.005, 'steps_per_iteration': None, 'pin': False, 'model_creator': None, 'target_batch_size': 1024, 'model_string': 'resnet18', 'min_batch_size': 512, 'dataset': 'CIFAR', 'placement': None, 'use_nccl': True, 'devices_per_worker': 1, 'primary_resource': 'extra_gpu', 'gpu': False, 'verbose': False, 'lr_config': {'mode': 'log', 'steps': 5, 'initial_lr': 0.005, 'target_lr': 0.005}, 'batch_per_device': 1024}",303.0472762584686,0,40,8257.566475581274,1
0.006963920593261719,0.1197084665298462,0.004758381843566894,0.04655311545547174,0.020757555961608887,nan,0.0,0.04130134582519531,0.7439999580383301,0.7612686944007874,-0.7439999580383301,nan,0.0,nan,0.0,nan,0.0,0.7994199991226196,0.5660070459365845,nan,0.0,nan,0.0,60000,1,False,,,41,-0.7612686944007874,b70c544a64be4e8d88853446586b745a,2019-05-30_14-32-24,1559251944,7.335416793823242,310.38269305229187,26966,steropes,169.229.49.254,"{'starting_lr': 0.005, 'momentum': 0.9, 'weight_decay': 0.005, 'steps_per_iteration': None, 'pin': False, 'model_creator': None, 'target_batch_size': 1024, 'model_string': 'resnet18', 'min_batch_size': 512, 'dataset': 'CIFAR', 'placement': None, 'use_nccl': True, 'devices_per_worker': 1, 'primary_resource': 'extra_gpu', 'gpu': False, 'verbose': False, 'lr_config': {'mode': 'log', 'steps': 5, 'initial_lr': 0.005, 'target_lr': 0.005}, 'batch_per_device': 1024}",310.38269305229187,0,41,8240.42224472977,1
0.006700921058654785,0.11819984912872314,0.004817962646484375,0.0484794062011096,0.020276522636413573,nan,0.0,0.04122917652130127,0.7547000050544739,0.7317927429199219,-0.7547000050544739,nan,0.0,nan,0.0,nan,0.0,0.7970799803733826,0.5711269083976745,nan,0.0,nan,0.0,60000,1,False,,,42,-0.7317927429199219,b70c544a64be4e8d88853446586b745a,2019-05-30_14-32-32,1559251952,7.470133066177368,317.85282611846924,26966,steropes,169.229.49.254,"{'starting_lr': 0.005, 'momentum': 0.9, 'weight_decay': 0.005, 'steps_per_iteration': None, 'pin': False, 'model_creator': None, 'target_batch_size': 1024, 'model_string': 'resnet18', 'min_batch_size': 512, 'dataset': 'CIFAR', 'placement': None, 'use_nccl': True, 'devices_per_worker': 1, 'primary_resource': 'extra_gpu', 'gpu': False, 'verbose': False, 'lr_config': {'mode': 'log', 'steps': 5, 'initial_lr': 0.005, 'target_lr': 0.005}, 'batch_per_device': 1024}",317.85282611846924,0,42,8198.511838830322,1
0.007092046737670899,0.11782777309417725,0.004774570465087891,0.04558318488451899,0.020953154563903807,nan,0.0,0.041249561309814456,0.7543999552726746,0.7158520624160767,-0.7543999552726746,nan,0.0,nan,0.0,nan,0.0,0.8055999875068665,0.5539519632720947,nan,0.0,nan,0.0,60000,1,False,,,43,-0.7158520624160767,b70c544a64be4e8d88853446586b745a,2019-05-30_14-32-39,1559251959,7.266264915466309,325.11909103393555,26966,steropes,169.229.49.254,"{'starting_lr': 0.005, 'momentum': 0.9, 'weight_decay': 0.005, 'steps_per_iteration': None, 'pin': False, 'model_creator': None, 'target_batch_size': 1024, 'model_string': 'resnet18', 'min_batch_size': 512, 'dataset': 'CIFAR', 'placement': None, 'use_nccl': True, 'devices_per_worker': 1, 'primary_resource': 'extra_gpu', 'gpu': False, 'verbose': False, 'lr_config': {'mode': 'log', 'steps': 5, 'initial_lr': 0.005, 'target_lr': 0.005}, 'batch_per_device': 1024}",325.11909103393555,0,43,8207.078208653955,1
0.007244324684143067,0.11620292663574219,0.004485297203063965,0.045422549150427996,0.02099432945251465,nan,0.0,0.04132201671600342,0.7299999594688416,0.807383864402771,-0.7299999594688416,nan,0.0,nan,0.0,nan,0.0,0.8086199760437012,0.5413023481941223,nan,0.0,nan,0.0,60000,1,False,,,44,-0.807383864402771,b70c544a64be4e8d88853446586b745a,2019-05-30_14-32-46,1559251966,7.214862823486328,332.3339538574219,26966,steropes,169.229.49.254,"{'starting_lr': 0.005, 'momentum': 0.9, 'weight_decay': 0.005, 'steps_per_iteration': None, 'pin': False, 'model_creator': None, 'target_batch_size': 1024, 'model_string': 'resnet18', 'min_batch_size': 512, 'dataset': 'CIFAR', 'placement': None, 'use_nccl': True, 'devices_per_worker': 1, 'primary_resource': 'extra_gpu', 'gpu': False, 'verbose': False, 'lr_config': {'mode': 'log', 'steps': 5, 'initial_lr': 0.005, 'target_lr': 0.005}, 'batch_per_device': 1024}",332.3339538574219,0,44,8219.930531922917,1
0.006762504577636719,0.12068145275115967,0.00486149787902832,0.04822278509334642,0.020378851890563966,nan,0.0,0.041093087196350096,0.7573999762535095,0.7131607496261597,-0.7573999762535095,nan,0.0,nan,0.0,nan,0.0,0.8104199767112732,0.5387381110763549,nan,0.0,nan,0.0,60000,1,False,,,45,-0.7131607496261597,b70c544a64be4e8d88853446586b745a,2019-05-30_14-32-54,1559251974,7.419825553894043,339.7537794113159,26966,steropes,169.229.49.254,"{'starting_lr': 0.005, 'momentum': 0.9, 'weight_decay': 0.005, 'steps_per_iteration': None, 'pin': False, 'model_creator': None, 'target_batch_size': 1024, 'model_string': 'resnet18', 'min_batch_size': 512, 'dataset': 'CIFAR', 'placement': None, 'use_nccl': True, 'devices_per_worker': 1, 'primary_resource': 'extra_gpu', 'gpu': False, 'verbose': False, 'lr_config': {'mode': 'log', 'steps': 5, 'initial_lr': 0.005, 'target_lr': 0.005}, 'batch_per_device': 1024}",339.7537794113159,0,45,8172.848557589961,1
0.008207368850708007,0.11792075634002686,0.0050647974014282225,0.045109481227641204,0.02103762626647949,nan,0.0,0.041774845123291014,0.7560999989509583,0.7129732681274414,-0.7560999989509583,nan,0.0,nan,0.0,nan,0.0,0.8141599893569946,0.527517555027008,nan,0.0,nan,0.0,60000,1,False,,,46,-0.7129732681274414,b70c544a64be4e8d88853446586b745a,2019-05-30_14-33-01,1559251981,7.200701475143433,346.95448088645935,26966,steropes,169.229.49.254,"{'starting_lr': 0.005, 'momentum': 0.9, 'weight_decay': 0.005, 'steps_per_iteration': None, 'pin': False, 'model_creator': None, 'target_batch_size': 1024, 'model_string': 'resnet18', 'min_batch_size': 512, 'dataset': 'CIFAR', 'placement': None, 'use_nccl': True, 'devices_per_worker': 1, 'primary_resource': 'extra_gpu', 'gpu': False, 'verbose': False, 'lr_config': {'mode': 'log', 'steps': 5, 'initial_lr': 0.005, 'target_lr': 0.005}, 'batch_per_device': 1024}",346.95448088645935,0,46,8202.956126681362,1
0.007067418098449707,0.11563024520874024,0.004697632789611816,0.04488831636857013,0.0210205078125,nan,0.0,0.041068625450134275,0.7506999969482422,0.7366391417503357,-0.7506999969482422,nan,0.0,nan,0.0,nan,0.0,0.8156399726867676,0.5199555806922913,nan,0.0,nan,0.0,60000,1,False,,,47,-0.7366391417503357,b70c544a64be4e8d88853446586b745a,2019-05-30_14-33-08,1559251988,7.161534070968628,354.116014957428,26966,steropes,169.229.49.254,"{'starting_lr': 0.005, 'momentum': 0.9, 'weight_decay': 0.005, 'steps_per_iteration': None, 'pin': False, 'model_creator': None, 'target_batch_size': 1024, 'model_string': 'resnet18', 'min_batch_size': 512, 'dataset': 'CIFAR', 'placement': None, 'use_nccl': True, 'devices_per_worker': 1, 'primary_resource': 'extra_gpu', 'gpu': False, 'verbose': False, 'lr_config': {'mode': 'log', 'steps': 5, 'initial_lr': 0.005, 'target_lr': 0.005}, 'batch_per_device': 1024}",354.116014957428,0,47,8272.761541934142,1
0.007153630256652832,0.11699309349060058,0.004681062698364258,0.04669653152932926,0.020059823989868164,nan,0.0,0.041202759742736815,0.7687000036239624,0.6879844586372376,-0.7687000036239624,nan,0.0,nan,0.0,nan,0.0,0.8178199529647827,0.5170472095298767,nan,0.0,nan,0.0,60000,1,False,,,48,-0.6879844586372376,b70c544a64be4e8d88853446586b745a,2019-05-30_14-33-15,1559251995,7.230018854141235,361.3460338115692,26966,steropes,169.229.49.254,"{'starting_lr': 0.005, 'momentum': 0.9, 'weight_decay': 0.005, 'steps_per_iteration': None, 'pin': False, 'model_creator': None, 'target_batch_size': 1024, 'model_string': 'resnet18', 'min_batch_size': 512, 'dataset': 'CIFAR', 'placement': None, 'use_nccl': True, 'devices_per_worker': 1, 'primary_resource': 'extra_gpu', 'gpu': False, 'verbose': False, 'lr_config': {'mode': 'log', 'steps': 5, 'initial_lr': 0.005, 'target_lr': 0.005}, 'batch_per_device': 1024}",361.3460338115692,0,48,8281.040540587053,1
0.006794977188110352,0.11989576816558838,0.004682660102844238,0.04471981768705407,0.02000885009765625,nan,0.0,0.04133439064025879,0.7479000091552734,0.7500831133842468,-0.7479000091552734,nan,0.0,nan,0.0,nan,0.0,0.8240599632263184,0.4968332548904419,nan,0.0,nan,0.0,60000,1,False,,,49,-0.7500831133842468,b70c544a64be4e8d88853446586b745a,2019-05-30_14-33-22,1559252002,7.268786668777466,368.6148204803467,26966,steropes,169.229.49.254,"{'starting_lr': 0.005, 'momentum': 0.9, 'weight_decay': 0.005, 'steps_per_iteration': None, 'pin': False, 'model_creator': None, 'target_batch_size': 1024, 'model_string': 'resnet18', 'min_batch_size': 512, 'dataset': 'CIFAR', 'placement': None, 'use_nccl': True, 'devices_per_worker': 1, 'primary_resource': 'extra_gpu', 'gpu': False, 'verbose': False, 'lr_config': {'mode': 'log', 'steps': 5, 'initial_lr': 0.005, 'target_lr': 0.005}, 'batch_per_device': 1024}",368.6148204803467,0,49,8268.734773860877,1
0.00680696964263916,0.11454503536224366,0.00478208065032959,0.05358774807988381,0.02017240524291992,nan,0.0,0.04098730087280274,0.7547999620437622,0.7382320481300354,-0.7547999620437622,nan,0.0,nan,0.0,nan,0.0,0.8248999714851379,0.4994681372356415,nan,0.0,nan,0.0,60000,1,False,,,50,-0.7382320481300354,b70c544a64be4e8d88853446586b745a,2019-05-30_14-33-30,1559252010,7.568607330322266,376.18342781066895,26966,steropes,169.229.49.254,"{'starting_lr': 0.005, 'momentum': 0.9, 'weight_decay': 0.005, 'steps_per_iteration': None, 'pin': False, 'model_creator': None, 'target_batch_size': 1024, 'model_string': 'resnet18', 'min_batch_size': 512, 'dataset': 'CIFAR', 'placement': None, 'use_nccl': True, 'devices_per_worker': 1, 'primary_resource': 'extra_gpu', 'gpu': False, 'verbose': False, 'lr_config': {'mode': 'log', 'steps': 5, 'initial_lr': 0.005, 'target_lr': 0.005}, 'batch_per_device': 1024}",376.18342781066895,0,50,8234.9649646682,1
0.008336639404296875,0.11709890365600586,0.004607725143432617,0.04483188415060238,0.020954346656799315,nan,0.0,0.041736412048339847,0.7584999799728394,0.730629137802124,-0.7584999799728394,nan,0.0,nan,0.0,nan,0.0,0.8267599940299988,0.4913892578411102,nan,0.0,nan,0.0,60000,1,False,,,51,-0.730629137802124,b70c544a64be4e8d88853446586b745a,2019-05-30_14-33-37,1559252017,7.251363515853882,383.4347913265228,26966,steropes,169.229.49.254,"{'starting_lr': 0.005, 'momentum': 0.9, 'weight_decay': 0.005, 'steps_per_iteration': None, 'pin': False, 'model_creator': None, 'target_batch_size': 1024, 'model_string': 'resnet18', 'min_batch_size': 512, 'dataset': 'CIFAR', 'placement': None, 'use_nccl': True, 'devices_per_worker': 1, 'primary_resource': 'extra_gpu', 'gpu': False, 'verbose': False, 'lr_config': {'mode': 'log', 'steps': 5, 'initial_lr': 0.005, 'target_lr': 0.005}, 'batch_per_device': 1024}",383.4347913265228,0,51,8223.528666259412,1
0.006672000885009766,0.11662876605987549,0.004752039909362793,0.04805093882035236,0.020069217681884764,nan,0.0,0.041214728355407716,0.7723999619483948,0.6890720259666443,-0.7723999619483948,nan,0.0,nan,0.0,nan,0.0,0.8318199515342712,0.4750100966644287,nan,0.0,nan,0.0,60000,1,False,,,52,-0.6890720259666443,b70c544a64be4e8d88853446586b745a,2019-05-30_14-33-45,1559252025,7.3022377490997314,390.73702907562256,26966,steropes,169.229.49.254,"{'starting_lr': 0.005, 'momentum': 0.9, 'weight_decay': 0.005, 'steps_per_iteration': None, 'pin': False, 'model_creator': None, 'target_batch_size': 1024, 'model_string': 'resnet18', 'min_batch_size': 512, 'dataset': 'CIFAR', 'placement': None, 'use_nccl': True, 'devices_per_worker': 1, 'primary_resource': 'extra_gpu', 'gpu': False, 'verbose': False, 'lr_config': {'mode': 'log', 'steps': 5, 'initial_lr': 0.005, 'target_lr': 0.005}, 'batch_per_device': 1024}",390.73702907562256,0,52,8191.936427160018,1
0.006657552719116211,0.11578524112701416,0.00475311279296875,0.047525965437597156,0.020120620727539062,nan,0.0,0.04224698543548584,0.7609999775886536,0.7253897409439087,-0.7609999775886536,nan,0.0,nan,0.0,nan,0.0,0.8344999551773071,0.47025919996261595,nan,0.0,nan,0.0,60000,1,False,,,53,-0.7253897409439087,b70c544a64be4e8d88853446586b745a,2019-05-30_14-33-52,1559252032,7.315485954284668,398.0525150299072,26966,steropes,169.229.49.254,"{'starting_lr': 0.005, 'momentum': 0.9, 'weight_decay': 0.005, 'steps_per_iteration': None, 'pin': False, 'model_creator': None, 'target_batch_size': 1024, 'model_string': 'resnet18', 'min_batch_size': 512, 'dataset': 'CIFAR', 'placement': None, 'use_nccl': True, 'devices_per_worker': 1, 'primary_resource': 'extra_gpu', 'gpu': False, 'verbose': False, 'lr_config': {'mode': 'log', 'steps': 5, 'initial_lr': 0.005, 'target_lr': 0.005}, 'batch_per_device': 1024}",398.0525150299072,0,53,8172.862624942301,1
0.006957650184631348,0.11888024806976319,0.004700565338134765,0.04585673857708367,0.021044349670410155,nan,0.0,0.041085314750671384,0.774899959564209,0.6921643801689148,-0.774899959564209,nan,0.0,nan,0.0,nan,0.0,0.8376599550247192,0.4622224749469757,nan,0.0,nan,0.0,60000,1,True,,,54,-0.6921643801689148,b70c544a64be4e8d88853446586b745a,2019-05-30_14-33-59,1559252039,7.280380964279175,405.3328959941864,26966,steropes,169.229.49.254,"{'starting_lr': 0.005, 'momentum': 0.9, 'weight_decay': 0.005, 'steps_per_iteration': None, 'pin': False, 'model_creator': None, 'target_batch_size': 1024, 'model_string': 'resnet18', 'min_batch_size': 512, 'dataset': 'CIFAR', 'placement': None, 'use_nccl': True, 'devices_per_worker': 1, 'primary_resource': 'extra_gpu', 'gpu': False, 'verbose': False, 'lr_config': {'mode': 'log', 'steps': 5, 'initial_lr': 0.005, 'target_lr': 0.005}, 'batch_per_device': 1024}",405.3328959941864,0,54,8170.281678518095,1
