apply,batch_time,d2h,data_time,fwd,get_state_time_mean,get_state_time_total,grad,mean_accuracy,mean_loss,neg_mean_accuracy,set_state_time_mean,set_state_time_total,setup_model_time_mean,setup_model_time_total,setup_proc_time_mean,setup_proc_time_total,train_accuracy,train_loss,training_time_mean,training_time_total,val_accuracy,val_loss,validation_time_mean,validation_time_total,samples,num_workers,done,timesteps_total,episodes_total,training_iteration,neg_mean_loss,experiment_id,date,timestamp,time_this_iter_s,time_total_s,pid,hostname,node_ip,config,time_since_restore,timesteps_since_restore,iterations_since_restore,mean_throughput,atoms,setup_time
0.018466711044311523,0.04165811780132825,0.0007168769836425782,0.0018300546709533847,0.12039117813110352,nan,0.0,0.17583074569702148,0.29499998688697815,1.958113925552368,-0.29499998688697815,nan,0.0,8.864685535430908,8.864685535430908,0.42044520378112793,0.42044520378112793,0.21357999742031097,2.297310209579468,nan,0.0,0.29499998688697815,1.958113925552368,nan,0.0,60000,1,False,,,1,-1.958113925552368,2c768d683c9542f7b510290f24e95b6a,2019-06-06_07-20-12,1559830812,47.535595417022705,47.535595417022705,17775,steropes,169.229.49.254,"{'starting_lr': 0.001, 'momentum': 0.95, 'weight_decay': 0.005, 'steps_per_iteration': None, 'pin': False, 'model_creator': None, 'target_batch_size': 128, 'model_string': 'resnet50', 'min_batch_size': 128, 'dataset': 'CIFAR', 'placement': None, 'use_nccl': True, 'devices_per_worker': 1, 'primary_resource': 'extra_gpu', 'gpu': False, 'verbose': False, 'lr_config': {'mode': 'log', 'steps': 5, 'initial_lr': 0.001, 'target_lr': 0.001}, 'batch_per_device': 128}",47.535595417022705,0,1,1262.2087931638703,1,9.405404090881348
0.01893625259399414,0.03176276593268672,0.0007174730300903321,0.0018065695262626004,0.02867579460144043,nan,0.0,0.049639105796813965,0.335999995470047,1.838774819946289,-0.37700000405311584,nan,0.0,nan,0.0,nan,0.0,0.3169599771499634,1.8894971243286134,nan,0.0,0.37700000405311584,1.71943571434021,nan,0.0,60000,1,False,,,2,-1.838774819946289,2c768d683c9542f7b510290f24e95b6a,2019-06-06_07-20-53,1559830853,41.758124589920044,89.29372000694275,17775,steropes,169.229.49.254,"{'starting_lr': 0.001, 'momentum': 0.95, 'weight_decay': 0.005, 'steps_per_iteration': None, 'pin': False, 'model_creator': None, 'target_batch_size': 128, 'model_string': 'resnet50', 'min_batch_size': 128, 'dataset': 'CIFAR', 'placement': None, 'use_nccl': True, 'devices_per_worker': 1, 'primary_resource': 'extra_gpu', 'gpu': False, 'verbose': False, 'lr_config': {'mode': 'log', 'steps': 5, 'initial_lr': 0.001, 'target_lr': 0.001}, 'batch_per_device': 128}",89.29372000694275,0,2,1343.8765168883315,1,9.405404090881348
0.018094849586486817,0.0312634540509574,0.0007265567779541016,0.0017607523047405741,0.02796757221221924,nan,0.0,0.048400712013244626,0.3612666626771291,1.7580399614969888,-0.41179999709129333,nan,0.0,nan,0.0,nan,0.0,0.3770799934864044,1.728145802154541,nan,0.0,0.41179999709129333,1.5965702445983887,nan,0.0,60000,1,False,,,3,-1.7580399614969888,2c768d683c9542f7b510290f24e95b6a,2019-06-06_07-21-35,1559830895,41.44863486289978,130.74235486984253,17775,steropes,169.229.49.254,"{'starting_lr': 0.001, 'momentum': 0.95, 'weight_decay': 0.005, 'steps_per_iteration': None, 'pin': False, 'model_creator': None, 'target_batch_size': 128, 'model_string': 'resnet50', 'min_batch_size': 128, 'dataset': 'CIFAR', 'placement': None, 'use_nccl': True, 'devices_per_worker': 1, 'primary_resource': 'extra_gpu', 'gpu': False, 'verbose': False, 'lr_config': {'mode': 'log', 'steps': 5, 'initial_lr': 0.001, 'target_lr': 0.001}, 'batch_per_device': 128}",130.74235486984253,0,3,1376.7506259861614,1,9.405404090881348
0.018226194381713866,0.0313011815276327,0.0006890535354614258,0.0017618242736972506,0.028419756889343263,nan,0.0,0.04895169734954834,0.38499999046325684,1.6934807514190673,-0.45619997382164,nan,0.0,nan,0.0,nan,0.0,0.41137999296188354,1.6160297772598267,nan,0.0,0.45619997382164,1.4998031211853027,nan,0.0,60000,1,False,,,4,-1.6934807514190673,2c768d683c9542f7b510290f24e95b6a,2019-06-06_07-22-16,1559830936,41.36222529411316,172.1045801639557,17775,steropes,169.229.49.254,"{'starting_lr': 0.001, 'momentum': 0.95, 'weight_decay': 0.005, 'steps_per_iteration': None, 'pin': False, 'model_creator': None, 'target_batch_size': 128, 'model_string': 'resnet50', 'min_batch_size': 128, 'dataset': 'CIFAR', 'placement': None, 'use_nccl': True, 'devices_per_worker': 1, 'primary_resource': 'extra_gpu', 'gpu': False, 'verbose': False, 'lr_config': {'mode': 'log', 'steps': 5, 'initial_lr': 0.001, 'target_lr': 0.001}, 'batch_per_device': 128}",172.1045801639557,0,4,1394.4980510830828,1,9.405404090881348
0.01790940761566162,0.031882621064970765,0.0006981134414672851,0.001772891529990584,0.028388237953186034,nan,0.0,0.04922361373901367,0.4025399923324585,1.64155189994812,-0.47269999980926514,nan,0.0,nan,0.0,nan,0.0,0.4440400004386902,1.5301624425506593,nan,0.0,0.47269999980926514,1.4338364940643311,nan,0.0,60000,1,False,,,5,-1.64155189994812,2c768d683c9542f7b510290f24e95b6a,2019-06-06_07-22-58,1559830978,41.537771224975586,213.64235138893127,17775,steropes,169.229.49.254,"{'starting_lr': 0.001, 'momentum': 0.95, 'weight_decay': 0.005, 'steps_per_iteration': None, 'pin': False, 'model_creator': None, 'target_batch_size': 128, 'model_string': 'resnet50', 'min_batch_size': 128, 'dataset': 'CIFAR', 'placement': None, 'use_nccl': True, 'devices_per_worker': 1, 'primary_resource': 'extra_gpu', 'gpu': False, 'verbose': False, 'lr_config': {'mode': 'log', 'steps': 5, 'initial_lr': 0.001, 'target_lr': 0.001}, 'batch_per_device': 128}",213.64235138893127,0,5,1404.2131069114573,1,9.405404090881348
0.019380855560302734,0.03147413760800905,0.0008445978164672852,0.0018136458628622773,0.028644371032714843,nan,0.0,0.05175905227661133,0.44435998797416687,1.5257465251541138,-0.50409996509552,nan,0.0,nan,0.0,nan,0.0,0.4652999937534332,1.4783361765289307,nan,0.0,0.50409996509552,1.3790870515823364,nan,0.0,60000,1,False,,,6,-1.5257465251541138,2c768d683c9542f7b510290f24e95b6a,2019-06-06_07-23-39,1559831019,41.613118410110474,255.25546979904175,17775,steropes,169.229.49.254,"{'starting_lr': 0.001, 'momentum': 0.95, 'weight_decay': 0.005, 'steps_per_iteration': None, 'pin': False, 'model_creator': None, 'target_batch_size': 128, 'model_string': 'resnet50', 'min_batch_size': 128, 'dataset': 'CIFAR', 'placement': None, 'use_nccl': True, 'devices_per_worker': 1, 'primary_resource': 'extra_gpu', 'gpu': False, 'verbose': False, 'lr_config': {'mode': 'log', 'steps': 5, 'initial_lr': 0.001, 'target_lr': 0.001}, 'batch_per_device': 128}",255.25546979904175,0,6,1444.2500173967173,1,9.405404090881348
0.020314502716064452,0.031734572181218786,0.0007412433624267578,0.0017317438979283014,0.029109907150268555,nan,0.0,0.051463961601257324,0.47171998023986816,1.4494012831497192,-0.5137999653816223,nan,0.0,nan,0.0,nan,0.0,0.4878999888896942,1.415279582748413,nan,0.0,0.5137999653816223,1.3377095043182372,nan,0.0,60000,1,False,,,7,-1.4494012831497192,2c768d683c9542f7b510290f24e95b6a,2019-06-06_07-24-21,1559831061,41.48573088645935,296.7412006855011,17775,steropes,169.229.49.254,"{'starting_lr': 0.001, 'momentum': 0.95, 'weight_decay': 0.005, 'steps_per_iteration': None, 'pin': False, 'model_creator': None, 'target_batch_size': 128, 'model_string': 'resnet50', 'min_batch_size': 128, 'dataset': 'CIFAR', 'placement': None, 'use_nccl': True, 'devices_per_worker': 1, 'primary_resource': 'extra_gpu', 'gpu': False, 'verbose': False, 'lr_config': {'mode': 'log', 'steps': 5, 'initial_lr': 0.001, 'target_lr': 0.001}, 'batch_per_device': 128}",296.7412006855011,0,7,1446.1464013462241,1,9.405404090881348
0.018148016929626466,0.0321232367165481,0.0007014274597167969,0.0017748775384615145,0.028711462020874025,nan,0.0,0.05187227725982666,0.49455997347831726,1.389141393547058,-0.5259999632835388,nan,0.0,nan,0.0,nan,0.0,0.5105599761009216,1.3602357952499389,nan,0.0,0.5259999632835388,1.295270796585083,nan,0.0,60000,1,True,,,8,-1.389141393547058,2c768d683c9542f7b510290f24e95b6a,2019-06-06_07-25-02,1559831102,41.5904541015625,338.3316547870636,17775,steropes,169.229.49.254,"{'starting_lr': 0.001, 'momentum': 0.95, 'weight_decay': 0.005, 'steps_per_iteration': None, 'pin': False, 'model_creator': None, 'target_batch_size': 128, 'model_string': 'resnet50', 'min_batch_size': 128, 'dataset': 'CIFAR', 'placement': None, 'use_nccl': True, 'devices_per_worker': 1, 'primary_resource': 'extra_gpu', 'gpu': False, 'verbose': False, 'lr_config': {'mode': 'log', 'steps': 5, 'initial_lr': 0.001, 'target_lr': 0.001}, 'batch_per_device': 128}",338.3316547870636,0,8,1445.1584677474484,1,9.405404090881348
