{"apply": 0.018466711044311523, "batch_time": 0.04165811780132825, "d2h": 0.0007168769836425782, "data_time": 0.0018300546709533847, "fwd": 0.12039117813110352, "get_state_time_mean": NaN, "get_state_time_total": 0.0, "grad": 0.17583074569702148, "mean_accuracy": 0.29499998688697815, "mean_loss": 1.958113925552368, "neg_mean_accuracy": -0.29499998688697815, "set_state_time_mean": NaN, "set_state_time_total": 0.0, "setup_model_time_mean": 8.864685535430908, "setup_model_time_total": 8.864685535430908, "setup_proc_time_mean": 0.42044520378112793, "setup_proc_time_total": 0.42044520378112793, "train_accuracy": 0.21357999742031097, "train_loss": 2.297310209579468, "training_time_mean": NaN, "training_time_total": 0.0, "val_accuracy": 0.29499998688697815, "val_loss": 1.958113925552368, "validation_time_mean": NaN, "validation_time_total": 0.0, "samples": 60000, "num_workers": 1, "done": false, "timesteps_total": null, "episodes_total": null, "training_iteration": 1, "neg_mean_loss": -1.958113925552368, "experiment_id": "2c768d683c9542f7b510290f24e95b6a", "date": "2019-06-06_07-20-12", "timestamp": 1559830812, "time_this_iter_s": 47.535595417022705, "time_total_s": 47.535595417022705, "pid": 17775, "hostname": "steropes", "node_ip": "169.229.49.254", "config": {"starting_lr": 0.001, "momentum": 0.95, "weight_decay": 0.005, "steps_per_iteration": null, "pin": false, "model_creator": null, "target_batch_size": 128, "model_string": "resnet50", "min_batch_size": 128, "dataset": "CIFAR", "placement": null, "use_nccl": true, "devices_per_worker": 1, "primary_resource": "extra_gpu", "gpu": false, "verbose": false, "lr_config": {"mode": "log", "steps": 5, "initial_lr": 0.001, "target_lr": 0.001}, "batch_per_device": 128}, "time_since_restore": 47.535595417022705, "timesteps_since_restore": 0, "iterations_since_restore": 1, "mean_throughput": 1262.2087931638703, "atoms": 1, "setup_time": 9.405404090881348}
{"apply": 0.01893625259399414, "batch_time": 0.03176276593268672, "d2h": 0.0007174730300903321, "data_time": 0.0018065695262626004, "fwd": 0.02867579460144043, "get_state_time_mean": NaN, "get_state_time_total": 0.0, "grad": 0.049639105796813965, "mean_accuracy": 0.335999995470047, "mean_loss": 1.838774819946289, "neg_mean_accuracy": -0.37700000405311584, "set_state_time_mean": NaN, "set_state_time_total": 0.0, "setup_model_time_mean": NaN, "setup_model_time_total": 0.0, "setup_proc_time_mean": NaN, "setup_proc_time_total": 0.0, "train_accuracy": 0.3169599771499634, "train_loss": 1.8894971243286134, "training_time_mean": NaN, "training_time_total": 0.0, "val_accuracy": 0.37700000405311584, "val_loss": 1.71943571434021, "validation_time_mean": NaN, "validation_time_total": 0.0, "samples": 60000, "num_workers": 1, "done": false, "timesteps_total": null, "episodes_total": null, "training_iteration": 2, "neg_mean_loss": -1.838774819946289, "experiment_id": "2c768d683c9542f7b510290f24e95b6a", "date": "2019-06-06_07-20-53", "timestamp": 1559830853, "time_this_iter_s": 41.758124589920044, "time_total_s": 89.29372000694275, "pid": 17775, "hostname": "steropes", "node_ip": "169.229.49.254", "config": {"starting_lr": 0.001, "momentum": 0.95, "weight_decay": 0.005, "steps_per_iteration": null, "pin": false, "model_creator": null, "target_batch_size": 128, "model_string": "resnet50", "min_batch_size": 128, "dataset": "CIFAR", "placement": null, "use_nccl": true, "devices_per_worker": 1, "primary_resource": "extra_gpu", "gpu": false, "verbose": false, "lr_config": {"mode": "log", "steps": 5, "initial_lr": 0.001, "target_lr": 0.001}, "batch_per_device": 128}, "time_since_restore": 89.29372000694275, "timesteps_since_restore": 0, "iterations_since_restore": 2, "mean_throughput": 1343.8765168883315, "atoms": 1, "setup_time": 9.405404090881348}
{"apply": 0.018094849586486817, "batch_time": 0.0312634540509574, "d2h": 0.0007265567779541016, "data_time": 0.0017607523047405741, "fwd": 0.02796757221221924, "get_state_time_mean": NaN, "get_state_time_total": 0.0, "grad": 0.048400712013244626, "mean_accuracy": 0.3612666626771291, "mean_loss": 1.7580399614969888, "neg_mean_accuracy": -0.41179999709129333, "set_state_time_mean": NaN, "set_state_time_total": 0.0, "setup_model_time_mean": NaN, "setup_model_time_total": 0.0, "setup_proc_time_mean": NaN, "setup_proc_time_total": 0.0, "train_accuracy": 0.3770799934864044, "train_loss": 1.728145802154541, "training_time_mean": NaN, "training_time_total": 0.0, "val_accuracy": 0.41179999709129333, "val_loss": 1.5965702445983887, "validation_time_mean": NaN, "validation_time_total": 0.0, "samples": 60000, "num_workers": 1, "done": false, "timesteps_total": null, "episodes_total": null, "training_iteration": 3, "neg_mean_loss": -1.7580399614969888, "experiment_id": "2c768d683c9542f7b510290f24e95b6a", "date": "2019-06-06_07-21-35", "timestamp": 1559830895, "time_this_iter_s": 41.44863486289978, "time_total_s": 130.74235486984253, "pid": 17775, "hostname": "steropes", "node_ip": "169.229.49.254", "config": {"starting_lr": 0.001, "momentum": 0.95, "weight_decay": 0.005, "steps_per_iteration": null, "pin": false, "model_creator": null, "target_batch_size": 128, "model_string": "resnet50", "min_batch_size": 128, "dataset": "CIFAR", "placement": null, "use_nccl": true, "devices_per_worker": 1, "primary_resource": "extra_gpu", "gpu": false, "verbose": false, "lr_config": {"mode": "log", "steps": 5, "initial_lr": 0.001, "target_lr": 0.001}, "batch_per_device": 128}, "time_since_restore": 130.74235486984253, "timesteps_since_restore": 0, "iterations_since_restore": 3, "mean_throughput": 1376.7506259861614, "atoms": 1, "setup_time": 9.405404090881348}
{"apply": 0.018226194381713866, "batch_time": 0.0313011815276327, "d2h": 0.0006890535354614258, "data_time": 0.0017618242736972506, "fwd": 0.028419756889343263, "get_state_time_mean": NaN, "get_state_time_total": 0.0, "grad": 0.04895169734954834, "mean_accuracy": 0.38499999046325684, "mean_loss": 1.6934807514190673, "neg_mean_accuracy": -0.45619997382164, "set_state_time_mean": NaN, "set_state_time_total": 0.0, "setup_model_time_mean": NaN, "setup_model_time_total": 0.0, "setup_proc_time_mean": NaN, "setup_proc_time_total": 0.0, "train_accuracy": 0.41137999296188354, "train_loss": 1.6160297772598267, "training_time_mean": NaN, "training_time_total": 0.0, "val_accuracy": 0.45619997382164, "val_loss": 1.4998031211853027, "validation_time_mean": NaN, "validation_time_total": 0.0, "samples": 60000, "num_workers": 1, "done": false, "timesteps_total": null, "episodes_total": null, "training_iteration": 4, "neg_mean_loss": -1.6934807514190673, "experiment_id": "2c768d683c9542f7b510290f24e95b6a", "date": "2019-06-06_07-22-16", "timestamp": 1559830936, "time_this_iter_s": 41.36222529411316, "time_total_s": 172.1045801639557, "pid": 17775, "hostname": "steropes", "node_ip": "169.229.49.254", "config": {"starting_lr": 0.001, "momentum": 0.95, "weight_decay": 0.005, "steps_per_iteration": null, "pin": false, "model_creator": null, "target_batch_size": 128, "model_string": "resnet50", "min_batch_size": 128, "dataset": "CIFAR", "placement": null, "use_nccl": true, "devices_per_worker": 1, "primary_resource": "extra_gpu", "gpu": false, "verbose": false, "lr_config": {"mode": "log", "steps": 5, "initial_lr": 0.001, "target_lr": 0.001}, "batch_per_device": 128}, "time_since_restore": 172.1045801639557, "timesteps_since_restore": 0, "iterations_since_restore": 4, "mean_throughput": 1394.4980510830828, "atoms": 1, "setup_time": 9.405404090881348}
{"apply": 0.01790940761566162, "batch_time": 0.031882621064970765, "d2h": 0.0006981134414672851, "data_time": 0.001772891529990584, "fwd": 0.028388237953186034, "get_state_time_mean": NaN, "get_state_time_total": 0.0, "grad": 0.04922361373901367, "mean_accuracy": 0.4025399923324585, "mean_loss": 1.64155189994812, "neg_mean_accuracy": -0.47269999980926514, "set_state_time_mean": NaN, "set_state_time_total": 0.0, "setup_model_time_mean": NaN, "setup_model_time_total": 0.0, "setup_proc_time_mean": NaN, "setup_proc_time_total": 0.0, "train_accuracy": 0.4440400004386902, "train_loss": 1.5301624425506593, "training_time_mean": NaN, "training_time_total": 0.0, "val_accuracy": 0.47269999980926514, "val_loss": 1.4338364940643311, "validation_time_mean": NaN, "validation_time_total": 0.0, "samples": 60000, "num_workers": 1, "done": false, "timesteps_total": null, "episodes_total": null, "training_iteration": 5, "neg_mean_loss": -1.64155189994812, "experiment_id": "2c768d683c9542f7b510290f24e95b6a", "date": "2019-06-06_07-22-58", "timestamp": 1559830978, "time_this_iter_s": 41.537771224975586, "time_total_s": 213.64235138893127, "pid": 17775, "hostname": "steropes", "node_ip": "169.229.49.254", "config": {"starting_lr": 0.001, "momentum": 0.95, "weight_decay": 0.005, "steps_per_iteration": null, "pin": false, "model_creator": null, "target_batch_size": 128, "model_string": "resnet50", "min_batch_size": 128, "dataset": "CIFAR", "placement": null, "use_nccl": true, "devices_per_worker": 1, "primary_resource": "extra_gpu", "gpu": false, "verbose": false, "lr_config": {"mode": "log", "steps": 5, "initial_lr": 0.001, "target_lr": 0.001}, "batch_per_device": 128}, "time_since_restore": 213.64235138893127, "timesteps_since_restore": 0, "iterations_since_restore": 5, "mean_throughput": 1404.2131069114573, "atoms": 1, "setup_time": 9.405404090881348}
{"apply": 0.019380855560302734, "batch_time": 0.03147413760800905, "d2h": 0.0008445978164672852, "data_time": 0.0018136458628622773, "fwd": 0.028644371032714843, "get_state_time_mean": NaN, "get_state_time_total": 0.0, "grad": 0.05175905227661133, "mean_accuracy": 0.44435998797416687, "mean_loss": 1.5257465251541138, "neg_mean_accuracy": -0.50409996509552, "set_state_time_mean": NaN, "set_state_time_total": 0.0, "setup_model_time_mean": NaN, "setup_model_time_total": 0.0, "setup_proc_time_mean": NaN, "setup_proc_time_total": 0.0, "train_accuracy": 0.4652999937534332, "train_loss": 1.4783361765289307, "training_time_mean": NaN, "training_time_total": 0.0, "val_accuracy": 0.50409996509552, "val_loss": 1.3790870515823364, "validation_time_mean": NaN, "validation_time_total": 0.0, "samples": 60000, "num_workers": 1, "done": false, "timesteps_total": null, "episodes_total": null, "training_iteration": 6, "neg_mean_loss": -1.5257465251541138, "experiment_id": "2c768d683c9542f7b510290f24e95b6a", "date": "2019-06-06_07-23-39", "timestamp": 1559831019, "time_this_iter_s": 41.613118410110474, "time_total_s": 255.25546979904175, "pid": 17775, "hostname": "steropes", "node_ip": "169.229.49.254", "config": {"starting_lr": 0.001, "momentum": 0.95, "weight_decay": 0.005, "steps_per_iteration": null, "pin": false, "model_creator": null, "target_batch_size": 128, "model_string": "resnet50", "min_batch_size": 128, "dataset": "CIFAR", "placement": null, "use_nccl": true, "devices_per_worker": 1, "primary_resource": "extra_gpu", "gpu": false, "verbose": false, "lr_config": {"mode": "log", "steps": 5, "initial_lr": 0.001, "target_lr": 0.001}, "batch_per_device": 128}, "time_since_restore": 255.25546979904175, "timesteps_since_restore": 0, "iterations_since_restore": 6, "mean_throughput": 1444.2500173967173, "atoms": 1, "setup_time": 9.405404090881348}
{"apply": 0.020314502716064452, "batch_time": 0.031734572181218786, "d2h": 0.0007412433624267578, "data_time": 0.0017317438979283014, "fwd": 0.029109907150268555, "get_state_time_mean": NaN, "get_state_time_total": 0.0, "grad": 0.051463961601257324, "mean_accuracy": 0.47171998023986816, "mean_loss": 1.4494012831497192, "neg_mean_accuracy": -0.5137999653816223, "set_state_time_mean": NaN, "set_state_time_total": 0.0, "setup_model_time_mean": NaN, "setup_model_time_total": 0.0, "setup_proc_time_mean": NaN, "setup_proc_time_total": 0.0, "train_accuracy": 0.4878999888896942, "train_loss": 1.415279582748413, "training_time_mean": NaN, "training_time_total": 0.0, "val_accuracy": 0.5137999653816223, "val_loss": 1.3377095043182372, "validation_time_mean": NaN, "validation_time_total": 0.0, "samples": 60000, "num_workers": 1, "done": false, "timesteps_total": null, "episodes_total": null, "training_iteration": 7, "neg_mean_loss": -1.4494012831497192, "experiment_id": "2c768d683c9542f7b510290f24e95b6a", "date": "2019-06-06_07-24-21", "timestamp": 1559831061, "time_this_iter_s": 41.48573088645935, "time_total_s": 296.7412006855011, "pid": 17775, "hostname": "steropes", "node_ip": "169.229.49.254", "config": {"starting_lr": 0.001, "momentum": 0.95, "weight_decay": 0.005, "steps_per_iteration": null, "pin": false, "model_creator": null, "target_batch_size": 128, "model_string": "resnet50", "min_batch_size": 128, "dataset": "CIFAR", "placement": null, "use_nccl": true, "devices_per_worker": 1, "primary_resource": "extra_gpu", "gpu": false, "verbose": false, "lr_config": {"mode": "log", "steps": 5, "initial_lr": 0.001, "target_lr": 0.001}, "batch_per_device": 128}, "time_since_restore": 296.7412006855011, "timesteps_since_restore": 0, "iterations_since_restore": 7, "mean_throughput": 1446.1464013462241, "atoms": 1, "setup_time": 9.405404090881348}
{"apply": 0.018148016929626466, "batch_time": 0.0321232367165481, "d2h": 0.0007014274597167969, "data_time": 0.0017748775384615145, "fwd": 0.028711462020874025, "get_state_time_mean": NaN, "get_state_time_total": 0.0, "grad": 0.05187227725982666, "mean_accuracy": 0.49455997347831726, "mean_loss": 1.389141393547058, "neg_mean_accuracy": -0.5259999632835388, "set_state_time_mean": NaN, "set_state_time_total": 0.0, "setup_model_time_mean": NaN, "setup_model_time_total": 0.0, "setup_proc_time_mean": NaN, "setup_proc_time_total": 0.0, "train_accuracy": 0.5105599761009216, "train_loss": 1.3602357952499389, "training_time_mean": NaN, "training_time_total": 0.0, "val_accuracy": 0.5259999632835388, "val_loss": 1.295270796585083, "validation_time_mean": NaN, "validation_time_total": 0.0, "samples": 60000, "num_workers": 1, "done": true, "timesteps_total": null, "episodes_total": null, "training_iteration": 8, "neg_mean_loss": -1.389141393547058, "experiment_id": "2c768d683c9542f7b510290f24e95b6a", "date": "2019-06-06_07-25-02", "timestamp": 1559831102, "time_this_iter_s": 41.5904541015625, "time_total_s": 338.3316547870636, "pid": 17775, "hostname": "steropes", "node_ip": "169.229.49.254", "config": {"starting_lr": 0.001, "momentum": 0.95, "weight_decay": 0.005, "steps_per_iteration": null, "pin": false, "model_creator": null, "target_batch_size": 128, "model_string": "resnet50", "min_batch_size": 128, "dataset": "CIFAR", "placement": null, "use_nccl": true, "devices_per_worker": 1, "primary_resource": "extra_gpu", "gpu": false, "verbose": false, "lr_config": {"mode": "log", "steps": 5, "initial_lr": 0.001, "target_lr": 0.001}, "batch_per_device": 128}, "time_since_restore": 338.3316547870636, "timesteps_since_restore": 0, "iterations_since_restore": 8, "mean_throughput": 1445.1584677474484, "atoms": 1, "setup_time": 9.405404090881348}
