{"apply": 0.01763756275177002, "batch_time": 0.044486045837402344, "d2h": 0.0006635665893554687, "data_time": 0.0019360844741392015, "fwd": 0.11926774978637696, "get_state_time_mean": NaN, "get_state_time_total": 0.0, "grad": 0.21662282943725586, "mean_accuracy": 0.09999999403953552, "mean_loss": 1.637484324226252e+20, "neg_mean_accuracy": -0.09999999403953552, "set_state_time_mean": NaN, "set_state_time_total": 0.0, "setup_model_time_mean": 10.850688219070435, "setup_model_time_total": 10.850688219070435, "setup_proc_time_mean": 0.41660213470458984, "setup_proc_time_total": 0.41660213470458984, "train_accuracy": 0.10109999775886536, "train_loss": 20310031437675.562, "training_time_mean": NaN, "training_time_total": 0.0, "val_accuracy": 0.09999999403953552, "val_loss": 1.637484324226252e+20, "validation_time_mean": NaN, "validation_time_total": 0.0, "samples": 60000, "num_workers": 1, "done": false, "timesteps_total": null, "episodes_total": null, "training_iteration": 1, "neg_mean_loss": -1.637484324226252e+20, "experiment_id": "9ac509ab47f0421395e2145e4dc44887", "date": "2019-06-03_04-18-01", "timestamp": 1559560681, "time_this_iter_s": 47.37770962715149, "time_total_s": 47.37770962715149, "pid": 25810, "hostname": "steropes", "node_ip": "169.229.49.254", "config": {"starting_lr": 1.0, "momentum": 0.99, "weight_decay": 0.005, "steps_per_iteration": null, "pin": false, "model_creator": null, "target_batch_size": 128, "model_string": "resnet50", "min_batch_size": 128, "dataset": "CIFAR", "placement": null, "use_nccl": true, "devices_per_worker": 1, "primary_resource": "extra_gpu", "gpu": false, "verbose": false, "lr_config": {"mode": "log", "steps": 5, "initial_lr": 1.0, "target_lr": 1.0}, "batch_per_device": 128}, "time_since_restore": 47.37770962715149, "timesteps_since_restore": 0, "iterations_since_restore": 1, "mean_throughput": 1266.4143234021687, "atoms": 1, "setup_time": 11.387589931488037}
{"apply": 0.020017385482788086, "batch_time": 0.03205133389823044, "d2h": 0.0006932735443115235, "data_time": 0.0018844842301000415, "fwd": 0.030023837089538576, "get_state_time_mean": NaN, "get_state_time_total": 0.0, "grad": 0.049694061279296875, "mean_accuracy": 0.050049997018504655, "mean_loss": NaN, "neg_mean_accuracy": -9.999999747378752e-05, "set_state_time_mean": NaN, "set_state_time_total": 0.0, "setup_model_time_mean": NaN, "setup_model_time_total": 0.0, "setup_proc_time_mean": NaN, "setup_proc_time_total": 0.0, "train_accuracy": 0.01679999940097332, "train_loss": NaN, "training_time_mean": NaN, "training_time_total": 0.0, "val_accuracy": 9.999999747378752e-05, "val_loss": NaN, "validation_time_mean": NaN, "validation_time_total": 0.0, "samples": 60000, "num_workers": 1, "done": false, "timesteps_total": null, "episodes_total": null, "training_iteration": 2, "neg_mean_loss": NaN, "experiment_id": "9ac509ab47f0421395e2145e4dc44887", "date": "2019-06-03_04-18-42", "timestamp": 1559560722, "time_this_iter_s": 41.731863260269165, "time_total_s": 89.10957288742065, "pid": 25810, "hostname": "steropes", "node_ip": "169.229.49.254", "config": {"starting_lr": 1.0, "momentum": 0.99, "weight_decay": 0.005, "steps_per_iteration": null, "pin": false, "model_creator": null, "target_batch_size": 128, "model_string": "resnet50", "min_batch_size": 128, "dataset": "CIFAR", "placement": null, "use_nccl": true, "devices_per_worker": 1, "primary_resource": "extra_gpu", "gpu": false, "verbose": false, "lr_config": {"mode": "log", "steps": 5, "initial_lr": 1.0, "target_lr": 1.0}, "batch_per_device": 128}, "time_since_restore": 89.10957288742065, "timesteps_since_restore": 0, "iterations_since_restore": 2, "mean_throughput": 1346.6532825895958, "atoms": 1, "setup_time": 11.387589931488037}
{"apply": 0.0173626184463501, "batch_time": 0.032181570801553844, "d2h": 0.0006784915924072266, "data_time": 0.001856753893215638, "fwd": 0.028992772102355957, "get_state_time_mean": NaN, "get_state_time_total": 0.0, "grad": 0.05020649433135986, "mean_accuracy": 0.03339999801149437, "mean_loss": NaN, "neg_mean_accuracy": -9.999999747378752e-05, "set_state_time_mean": NaN, "set_state_time_total": 0.0, "setup_model_time_mean": NaN, "setup_model_time_total": 0.0, "setup_proc_time_mean": NaN, "setup_proc_time_total": 0.0, "train_accuracy": 0.0, "train_loss": NaN, "training_time_mean": NaN, "training_time_total": 0.0, "val_accuracy": 9.999999747378752e-05, "val_loss": NaN, "validation_time_mean": NaN, "validation_time_total": 0.0, "samples": 60000, "num_workers": 1, "done": true, "timesteps_total": null, "episodes_total": null, "training_iteration": 3, "neg_mean_loss": NaN, "experiment_id": "9ac509ab47f0421395e2145e4dc44887", "date": "2019-06-03_04-19-24", "timestamp": 1559560764, "time_this_iter_s": 41.38301920890808, "time_total_s": 130.49259209632874, "pid": 25810, "hostname": "steropes", "node_ip": "169.229.49.254", "config": {"starting_lr": 1.0, "momentum": 0.99, "weight_decay": 0.005, "steps_per_iteration": null, "pin": false, "model_creator": null, "target_batch_size": 128, "model_string": "resnet50", "min_batch_size": 128, "dataset": "CIFAR", "placement": null, "use_nccl": true, "devices_per_worker": 1, "primary_resource": "extra_gpu", "gpu": false, "verbose": false, "lr_config": {"mode": "log", "steps": 5, "initial_lr": 1.0, "target_lr": 1.0}, "batch_per_device": 128}, "time_since_restore": 130.49259209632874, "timesteps_since_restore": 0, "iterations_since_restore": 3, "mean_throughput": 1379.385478649396, "atoms": 1, "setup_time": 11.387589931488037}
