apply,batch_time,d2h,data_time,fwd,get_state_time_mean,get_state_time_total,grad,mean_accuracy,mean_loss,neg_mean_accuracy,set_state_time_mean,set_state_time_total,setup_model_time_mean,setup_model_time_total,setup_proc_time_mean,setup_proc_time_total,train_accuracy,train_loss,training_time_mean,training_time_total,val_accuracy,val_loss,validation_time_mean,validation_time_total,samples,num_workers,done,timesteps_total,episodes_total,training_iteration,neg_mean_loss,experiment_id,date,timestamp,time_this_iter_s,time_total_s,pid,hostname,node_ip,config,time_since_restore,timesteps_since_restore,iterations_since_restore,mean_throughput,atoms,setup_time
0.017121076583862305,0.04329392578028425,0.0006697416305541992,0.0018630966810924013,0.11986391544342041,nan,0.0,0.16840603351593017,0.23979999125003815,2.048740017700195,-0.23979999125003815,nan,0.0,8.314926385879517,8.314926385879517,1.7663884162902832,1.7663884162902832,0.17017999291419983,4.285690788345337,nan,0.0,0.23979999125003815,2.048740017700195,nan,0.0,60000,1,False,,,1,-2.048740017700195,5bb452877bed4ab5af705e9ff07bdc9f,2019-06-06_07-02-46,1559829766,46.39797782897949,46.39797782897949,31657,steropes,169.229.49.254,"{'starting_lr': 0.1, 'momentum': 0.9, 'weight_decay': 0.001, 'steps_per_iteration': None, 'pin': False, 'model_creator': None, 'target_batch_size': 128, 'model_string': 'resnet50', 'min_batch_size': 128, 'dataset': 'CIFAR', 'placement': None, 'use_nccl': True, 'devices_per_worker': 1, 'primary_resource': 'extra_gpu', 'gpu': False, 'verbose': False, 'lr_config': {'mode': 'log', 'steps': 5, 'initial_lr': 0.1, 'target_lr': 0.1}, 'batch_per_device': 128}",46.39797782897949,0,1,1293.1574933785207,1,10.174924850463867
0.017307686805725097,0.03186712687528586,0.0006814718246459961,0.0018471866617422274,0.02800419330596924,nan,0.0,0.04680366516113281,0.28484999388456345,1.9194187099456785,-0.32989999651908875,nan,0.0,nan,0.0,nan,0.0,0.2644599974155426,1.979574584388733,nan,0.0,0.32989999651908875,1.7900974021911622,nan,0.0,60000,1,False,,,2,-1.9194187099456785,5bb452877bed4ab5af705e9ff07bdc9f,2019-06-06_07-03-26,1559829806,40.33401918411255,86.73199701309204,31657,steropes,169.229.49.254,"{'starting_lr': 0.1, 'momentum': 0.9, 'weight_decay': 0.001, 'steps_per_iteration': None, 'pin': False, 'model_creator': None, 'target_batch_size': 128, 'model_string': 'resnet50', 'min_batch_size': 128, 'dataset': 'CIFAR', 'placement': None, 'use_nccl': True, 'devices_per_worker': 1, 'primary_resource': 'extra_gpu', 'gpu': False, 'verbose': False, 'lr_config': {'mode': 'log', 'steps': 5, 'initial_lr': 0.1, 'target_lr': 0.1}, 'batch_per_device': 128}",86.73199701309204,0,2,1383.5698757181497,1,10.174924850463867
0.018378448486328126,0.03164134448087668,0.0006675243377685547,0.0018602990738266264,0.02828710079193115,nan,0.0,0.04734394550323486,0.31236665944258374,1.8569836495717364,-0.36739999055862427,nan,0.0,nan,0.0,nan,0.0,0.3443399965763092,1.7644449292373656,nan,0.0,0.36739999055862427,1.7321135288238525,nan,0.0,60000,1,False,,,3,-1.8569836495717364,5bb452877bed4ab5af705e9ff07bdc9f,2019-06-06_07-04-07,1559829847,40.50671124458313,127.23870825767517,31657,steropes,169.229.49.254,"{'starting_lr': 0.1, 'momentum': 0.9, 'weight_decay': 0.001, 'steps_per_iteration': None, 'pin': False, 'model_creator': None, 'target_batch_size': 128, 'model_string': 'resnet50', 'min_batch_size': 128, 'dataset': 'CIFAR', 'placement': None, 'use_nccl': True, 'devices_per_worker': 1, 'primary_resource': 'extra_gpu', 'gpu': False, 'verbose': False, 'lr_config': {'mode': 'log', 'steps': 5, 'initial_lr': 0.1, 'target_lr': 0.1}, 'batch_per_device': 128}",127.23870825767517,0,3,1414.6603890218482,1,10.174924850463867
0.017523860931396483,0.03340466113030156,0.0006608009338378906,0.0017803861661945157,0.027948760986328126,nan,0.0,0.04850292205810547,0.34359999373555183,1.7771621525287626,-0.4372999966144562,nan,0.0,nan,0.0,nan,0.0,0.39983999729156494,1.6229276599121094,nan,0.0,0.4372999966144562,1.5376976613998412,nan,0.0,60000,1,False,,,4,-1.7771621525287626,5bb452877bed4ab5af705e9ff07bdc9f,2019-06-06_07-04-47,1559829887,40.50944924354553,167.7481575012207,31657,steropes,169.229.49.254,"{'starting_lr': 0.1, 'momentum': 0.9, 'weight_decay': 0.001, 'steps_per_iteration': None, 'pin': False, 'model_creator': None, 'target_batch_size': 128, 'model_string': 'resnet50', 'min_batch_size': 128, 'dataset': 'CIFAR', 'placement': None, 'use_nccl': True, 'devices_per_worker': 1, 'primary_resource': 'extra_gpu', 'gpu': False, 'verbose': False, 'lr_config': {'mode': 'log', 'steps': 5, 'initial_lr': 0.1, 'target_lr': 0.1}, 'batch_per_device': 128}",167.7481575012207,0,4,1430.7128652744154,1,10.174924850463867
0.01758127212524414,0.03198865697353701,0.0006284236907958985,0.001829911375899449,0.02836735248565674,nan,0.0,0.04880714416503906,0.36571999490261076,1.7140411613082882,-0.45419999957084656,nan,0.0,nan,0.0,nan,0.0,0.44429999589920044,1.5266742009735108,nan,0.0,0.45419999957084656,1.4615571964263916,nan,0.0,60000,1,False,,,5,-1.7140411613082882,5bb452877bed4ab5af705e9ff07bdc9f,2019-06-06_07-05-28,1559829928,40.48145818710327,208.22961568832397,31657,steropes,169.229.49.254,"{'starting_lr': 0.1, 'momentum': 0.9, 'weight_decay': 0.001, 'steps_per_iteration': None, 'pin': False, 'model_creator': None, 'target_batch_size': 128, 'model_string': 'resnet50', 'min_batch_size': 128, 'dataset': 'CIFAR', 'placement': None, 'use_nccl': True, 'devices_per_worker': 1, 'primary_resource': 'extra_gpu', 'gpu': False, 'verbose': False, 'lr_config': {'mode': 'log', 'steps': 5, 'initial_lr': 0.1, 'target_lr': 0.1}, 'batch_per_device': 128}",208.22961568832397,0,5,1440.7140482943803,1,10.174924850463867
0.017270231246948244,0.031550805779952035,0.0006597518920898437,0.0018148733221966288,0.027721476554870606,nan,0.0,0.04721813201904297,0.41393999457359315,1.5961706499099733,-0.48089998960494995,nan,0.0,nan,0.0,nan,0.0,0.4759199917316437,1.4535770066833495,nan,0.0,0.48089998960494995,1.4593874607086181,nan,0.0,60000,1,False,,,6,-1.5961706499099733,5bb452877bed4ab5af705e9ff07bdc9f,2019-06-06_07-06-08,1559829968,40.39345860481262,248.6230742931366,31657,steropes,169.229.49.254,"{'starting_lr': 0.1, 'momentum': 0.9, 'weight_decay': 0.001, 'steps_per_iteration': None, 'pin': False, 'model_creator': None, 'target_batch_size': 128, 'model_string': 'resnet50', 'min_batch_size': 128, 'dataset': 'CIFAR', 'placement': None, 'use_nccl': True, 'devices_per_worker': 1, 'primary_resource': 'extra_gpu', 'gpu': False, 'verbose': False, 'lr_config': {'mode': 'log', 'steps': 5, 'initial_lr': 0.1, 'target_lr': 0.1}, 'batch_per_device': 128}",248.6230742931366,0,6,1483.4920715730852,1,10.174924850463867
0.019206738471984862,0.03465134584451023,0.0007642269134521485,0.0017924034382071337,0.028988456726074217,nan,0.0,0.047824311256408694,0.4456599950790405,1.524011673927307,-0.4884999990463257,nan,0.0,nan,0.0,nan,0.0,0.5024799704551697,1.382258254852295,nan,0.0,0.4884999990463257,1.429302522277832,nan,0.0,60000,1,False,,,7,-1.524011673927307,5bb452877bed4ab5af705e9ff07bdc9f,2019-06-06_07-06-49,1559830009,40.646122455596924,289.2691967487335,31657,steropes,169.229.49.254,"{'starting_lr': 0.1, 'momentum': 0.9, 'weight_decay': 0.001, 'steps_per_iteration': None, 'pin': False, 'model_creator': None, 'target_batch_size': 128, 'model_string': 'resnet50', 'min_batch_size': 128, 'dataset': 'CIFAR', 'placement': None, 'use_nccl': True, 'devices_per_worker': 1, 'primary_resource': 'extra_gpu', 'gpu': False, 'verbose': False, 'lr_config': {'mode': 'log', 'steps': 5, 'initial_lr': 0.1, 'target_lr': 0.1}, 'batch_per_device': 128}",289.2691967487335,0,7,1481.2060860759962,1,10.174924850463867
0.017221713066101076,0.0326174060000649,0.0006608724594116211,0.0018403780124986264,0.027741527557373045,nan,0.0,0.048074650764465335,0.4753999948501587,1.4499210877990723,-0.5160999894142151,nan,0.0,nan,0.0,nan,0.0,0.5320199728012085,1.3158591205596923,nan,0.0,0.5160999894142151,1.3616605981826782,nan,0.0,60000,1,False,,,8,-1.4499210877990723,5bb452877bed4ab5af705e9ff07bdc9f,2019-06-06_07-07-29,1559830049,40.415558099746704,329.6847548484802,31657,steropes,169.229.49.254,"{'starting_lr': 0.1, 'momentum': 0.9, 'weight_decay': 0.001, 'steps_per_iteration': None, 'pin': False, 'model_creator': None, 'target_batch_size': 128, 'model_string': 'resnet50', 'min_batch_size': 128, 'dataset': 'CIFAR', 'placement': None, 'use_nccl': True, 'devices_per_worker': 1, 'primary_resource': 'extra_gpu', 'gpu': False, 'verbose': False, 'lr_config': {'mode': 'log', 'steps': 5, 'initial_lr': 0.1, 'target_lr': 0.1}, 'batch_per_device': 128}",329.6847548484802,0,8,1481.8735815676391,1,10.174924850463867
0.016916441917419433,0.03168980984748164,0.0006618738174438476,0.0018180087399299798,0.02737572193145752,nan,0.0,0.04698092937469482,0.4900799930095673,1.4166222343444823,-0.510699987411499,nan,0.0,nan,0.0,nan,0.0,0.5519799590110779,1.265106086959839,nan,0.0,0.510699987411499,1.3712033941268922,nan,0.0,60000,1,False,,,9,-1.4166222343444823,5bb452877bed4ab5af705e9ff07bdc9f,2019-06-06_07-08-10,1559830090,40.57875037193298,370.2635052204132,31657,steropes,169.229.49.254,"{'starting_lr': 0.1, 'momentum': 0.9, 'weight_decay': 0.001, 'steps_per_iteration': None, 'pin': False, 'model_creator': None, 'target_batch_size': 128, 'model_string': 'resnet50', 'min_batch_size': 128, 'dataset': 'CIFAR', 'placement': None, 'use_nccl': True, 'devices_per_worker': 1, 'primary_resource': 'extra_gpu', 'gpu': False, 'verbose': False, 'lr_config': {'mode': 'log', 'steps': 5, 'initial_lr': 0.1, 'target_lr': 0.1}, 'batch_per_device': 128}",370.2635052204132,0,9,1481.3664826063102,1,10.174924850463867
0.017576003074645997,0.03214460384996631,0.0006541967391967774,0.0018460634724258463,0.028253054618835448,nan,0.0,0.04877445697784424,0.5058199882507324,1.3926966644287109,-0.5328999757766724,nan,0.0,nan,0.0,nan,0.0,0.5746999979019165,1.2027446102523804,nan,0.0,0.5328999757766724,1.3419293468475342,nan,0.0,60000,1,False,,,10,-1.3926966644287109,5bb452877bed4ab5af705e9ff07bdc9f,2019-06-06_07-08-50,1559830130,40.5138201713562,410.7773253917694,31657,steropes,169.229.49.254,"{'starting_lr': 0.1, 'momentum': 0.9, 'weight_decay': 0.001, 'steps_per_iteration': None, 'pin': False, 'model_creator': None, 'target_batch_size': 128, 'model_string': 'resnet50', 'min_batch_size': 128, 'dataset': 'CIFAR', 'placement': None, 'use_nccl': True, 'devices_per_worker': 1, 'primary_resource': 'extra_gpu', 'gpu': False, 'verbose': False, 'lr_config': {'mode': 'log', 'steps': 5, 'initial_lr': 0.1, 'target_lr': 0.1}, 'batch_per_device': 128}",410.7773253917694,0,10,1481.1298139589303,1,10.174924850463867
0.017413878440856935,0.032039307340790954,0.0007709264755249023,0.001834221203308886,0.02984161376953125,nan,0.0,0.047769999504089354,0.5289799928665161,1.3362219677543639,-0.5967000126838684,nan,0.0,nan,0.0,nan,0.0,0.5976200103759766,1.1507532664108275,nan,0.0,0.5967000126838684,1.1770139773368835,nan,0.0,60000,1,False,,,11,-1.3362219677543639,5bb452877bed4ab5af705e9ff07bdc9f,2019-06-06_07-09-31,1559830171,40.62365484237671,451.4009802341461,31657,steropes,169.229.49.254,"{'starting_lr': 0.1, 'momentum': 0.9, 'weight_decay': 0.001, 'steps_per_iteration': None, 'pin': False, 'model_creator': None, 'target_batch_size': 128, 'model_string': 'resnet50', 'min_batch_size': 128, 'dataset': 'CIFAR', 'placement': None, 'use_nccl': True, 'devices_per_worker': 1, 'primary_resource': 'extra_gpu', 'gpu': False, 'verbose': False, 'lr_config': {'mode': 'log', 'steps': 5, 'initial_lr': 0.1, 'target_lr': 0.1}, 'batch_per_device': 128}",451.4009802341461,0,11,1479.4483730875227,1,10.174924850463867
0.016749882698059083,0.031766200367408466,0.0006682634353637696,0.0018215594084366508,0.027666783332824706,nan,0.0,0.04671852588653565,0.5527599930763245,1.2829936061668394,-0.6074000000953674,nan,0.0,nan,0.0,nan,0.0,0.608959972858429,1.1247976318359374,nan,0.0,0.6074000000953674,1.16316071434021,nan,0.0,60000,1,False,,,12,-1.2829936061668394,5bb452877bed4ab5af705e9ff07bdc9f,2019-06-06_07-10-11,1559830211,40.3356237411499,491.736603975296,31657,steropes,169.229.49.254,"{'starting_lr': 0.1, 'momentum': 0.9, 'weight_decay': 0.001, 'steps_per_iteration': None, 'pin': False, 'model_creator': None, 'target_batch_size': 128, 'model_string': 'resnet50', 'min_batch_size': 128, 'dataset': 'CIFAR', 'placement': None, 'use_nccl': True, 'devices_per_worker': 1, 'primary_resource': 'extra_gpu', 'gpu': False, 'verbose': False, 'lr_config': {'mode': 'log', 'steps': 5, 'initial_lr': 0.1, 'target_lr': 0.1}, 'batch_per_device': 128}",491.736603975296,0,12,1481.7172086673156,1,10.174924850463867
0.01717686653137207,0.03173706803140761,0.000635075569152832,0.001822424056889761,0.027521133422851562,nan,0.0,0.04694466590881348,0.5670799970626831,1.2636941325187685,-0.5877000093460083,nan,0.0,nan,0.0,nan,0.0,0.6217199563980103,1.0880864238357544,nan,0.0,0.5877000093460083,1.2651632299423219,nan,0.0,60000,1,False,,,13,-1.2636941325187685,5bb452877bed4ab5af705e9ff07bdc9f,2019-06-06_07-10-52,1559830252,40.516979694366455,532.2535836696625,31657,steropes,169.229.49.254,"{'starting_lr': 0.1, 'momentum': 0.9, 'weight_decay': 0.001, 'steps_per_iteration': None, 'pin': False, 'model_creator': None, 'target_batch_size': 128, 'model_string': 'resnet50', 'min_batch_size': 128, 'dataset': 'CIFAR', 'placement': None, 'use_nccl': True, 'devices_per_worker': 1, 'primary_resource': 'extra_gpu', 'gpu': False, 'verbose': False, 'lr_config': {'mode': 'log', 'steps': 5, 'initial_lr': 0.1, 'target_lr': 0.1}, 'batch_per_device': 128}",532.2535836696625,0,13,1480.9748599610957,1,10.174924850463867
0.01770024299621582,0.03203466874134692,0.0006572961807250977,0.001839208480952036,0.028271937370300294,nan,0.0,0.04783663749694824,0.5905599951744079,1.1998071607398988,-0.6280999779701233,nan,0.0,nan,0.0,nan,0.0,0.625220000743866,1.0753622728347778,nan,0.0,0.6280999779701233,1.0517685352325439,nan,0.0,60000,1,False,,,14,-1.1998071607398988,5bb452877bed4ab5af705e9ff07bdc9f,2019-06-06_07-11-32,1559830292,40.402435302734375,572.6560189723969,31657,steropes,169.229.49.254,"{'starting_lr': 0.1, 'momentum': 0.9, 'weight_decay': 0.001, 'steps_per_iteration': None, 'pin': False, 'model_creator': None, 'target_batch_size': 128, 'model_string': 'resnet50', 'min_batch_size': 128, 'dataset': 'CIFAR', 'placement': None, 'use_nccl': True, 'devices_per_worker': 1, 'primary_resource': 'extra_gpu', 'gpu': False, 'verbose': False, 'lr_config': {'mode': 'log', 'steps': 5, 'initial_lr': 0.1, 'target_lr': 0.1}, 'batch_per_device': 128}",572.6560189723969,0,14,1482.2650074771386,1,10.174924850463867
0.017250585556030273,0.03231645535819138,0.0006455421447753906,0.0017958711785123782,0.027814555168151855,nan,0.0,0.04742894172668457,0.6074999928474426,1.153396496372223,-0.6175999641418457,nan,0.0,nan,0.0,nan,0.0,0.6348199844360352,1.0537694179916381,nan,0.0,0.6175999641418457,1.1098760250091553,nan,0.0,60000,1,False,,,15,-1.153396496372223,5bb452877bed4ab5af705e9ff07bdc9f,2019-06-06_07-12-13,1559830333,40.36027812957764,613.0162971019745,31657,steropes,169.229.49.254,"{'starting_lr': 0.1, 'momentum': 0.9, 'weight_decay': 0.001, 'steps_per_iteration': None, 'pin': False, 'model_creator': None, 'target_batch_size': 128, 'model_string': 'resnet50', 'min_batch_size': 128, 'dataset': 'CIFAR', 'placement': None, 'use_nccl': True, 'devices_per_worker': 1, 'primary_resource': 'extra_gpu', 'gpu': False, 'verbose': False, 'lr_config': {'mode': 'log', 'steps': 5, 'initial_lr': 0.1, 'target_lr': 0.1}, 'batch_per_device': 128}",613.0162971019745,0,15,1483.3903743145167,1,10.174924850463867
0.017403268814086915,0.032282439968253994,0.000728154182434082,0.0018240033513139886,0.028055024147033692,nan,0.0,0.048810148239135744,0.6162399888038635,1.1251259977149963,-0.6403999924659729,nan,0.0,nan,0.0,nan,0.0,0.6383000016212463,1.0474781423950195,nan,0.0,0.6403999924659729,1.0356614840507508,nan,0.0,60000,1,False,,,16,-1.1251259977149963,5bb452877bed4ab5af705e9ff07bdc9f,2019-06-06_07-12-53,1559830373,40.46456742286682,653.4808645248413,31657,steropes,169.229.49.254,"{'starting_lr': 0.1, 'momentum': 0.9, 'weight_decay': 0.001, 'steps_per_iteration': None, 'pin': False, 'model_creator': None, 'target_batch_size': 128, 'model_string': 'resnet50', 'min_batch_size': 128, 'dataset': 'CIFAR', 'placement': None, 'use_nccl': True, 'devices_per_worker': 1, 'primary_resource': 'extra_gpu', 'gpu': False, 'verbose': False, 'lr_config': {'mode': 'log', 'steps': 5, 'initial_lr': 0.1, 'target_lr': 0.1}, 'batch_per_device': 128}",653.4808645248413,0,16,1484.5582236009075,1,10.174924850463867
0.019374394416809083,0.03208148932155175,0.0006554126739501953,0.0018523861380184397,0.029277658462524413,nan,0.0,0.047743797302246094,0.6146199822425842,1.1305530922508242,-0.599299967288971,nan,0.0,nan,0.0,nan,0.0,0.6462000012397766,1.023890897293091,nan,0.0,0.599299967288971,1.1902961870193483,nan,0.0,60000,1,False,,,17,-1.1305530922508242,5bb452877bed4ab5af705e9ff07bdc9f,2019-06-06_07-13-34,1559830414,40.68240213394165,694.163266658783,31657,steropes,169.229.49.254,"{'starting_lr': 0.1, 'momentum': 0.9, 'weight_decay': 0.001, 'steps_per_iteration': None, 'pin': False, 'model_creator': None, 'target_batch_size': 128, 'model_string': 'resnet50', 'min_batch_size': 128, 'dataset': 'CIFAR', 'placement': None, 'use_nccl': True, 'devices_per_worker': 1, 'primary_resource': 'extra_gpu', 'gpu': False, 'verbose': False, 'lr_config': {'mode': 'log', 'steps': 5, 'initial_lr': 0.1, 'target_lr': 0.1}, 'batch_per_device': 128}",694.163266658783,0,17,1482.0149549345874,1,10.174924850463867
0.018440556526184083,0.032975957363466674,0.0006664752960205078,0.0018417201078761265,0.029407167434692384,nan,0.0,0.04792153835296631,0.6256999731063843,1.0861077903938294,-0.6430999636650085,nan,0.0,nan,0.0,nan,0.0,0.6507399678230286,1.0193589559745788,nan,0.0,0.6430999636650085,1.0429367206573485,nan,0.0,60000,1,False,,,18,-1.0861077903938294,5bb452877bed4ab5af705e9ff07bdc9f,2019-06-06_07-14-14,1559830454,40.63632154464722,734.7995882034302,31657,steropes,169.229.49.254,"{'starting_lr': 0.1, 'momentum': 0.9, 'weight_decay': 0.001, 'steps_per_iteration': None, 'pin': False, 'model_creator': None, 'target_batch_size': 128, 'model_string': 'resnet50', 'min_batch_size': 128, 'dataset': 'CIFAR', 'placement': None, 'use_nccl': True, 'devices_per_worker': 1, 'primary_resource': 'extra_gpu', 'gpu': False, 'verbose': False, 'lr_config': {'mode': 'log', 'steps': 5, 'initial_lr': 0.1, 'target_lr': 0.1}, 'batch_per_device': 128}",734.7995882034302,0,18,1481.1420407506093,1,10.174924850463867
0.017353534698486328,0.03159306924554366,0.0006706476211547852,0.0018504739112561316,0.027892494201660158,nan,0.0,0.04737975597381592,0.6291999697685242,1.088466317844391,-0.6455999612808228,nan,0.0,nan,0.0,nan,0.0,0.6565999984741211,1.000451012802124,nan,0.0,0.6455999612808228,1.0635611724853515,nan,0.0,60000,1,False,,,19,-1.088466317844391,5bb452877bed4ab5af705e9ff07bdc9f,2019-06-06_07-14-55,1559830495,40.572304248809814,775.37189245224,31657,steropes,169.229.49.254,"{'starting_lr': 0.1, 'momentum': 0.9, 'weight_decay': 0.001, 'steps_per_iteration': None, 'pin': False, 'model_creator': None, 'target_batch_size': 128, 'model_string': 'resnet50', 'min_batch_size': 128, 'dataset': 'CIFAR', 'placement': None, 'use_nccl': True, 'devices_per_worker': 1, 'primary_resource': 'extra_gpu', 'gpu': False, 'verbose': False, 'lr_config': {'mode': 'log', 'steps': 5, 'initial_lr': 0.1, 'target_lr': 0.1}, 'batch_per_device': 128}",775.37189245224,0,19,1479.9008256514187,1,10.174924850463867
0.017475247383117676,0.03238286549531961,0.0006886720657348633,0.0018533416416334069,0.028515720367431642,nan,0.0,0.04745779037475586,0.6343799710273743,1.073233673591614,-0.6434999704360962,nan,0.0,nan,0.0,nan,0.0,0.6618799567222595,0.9826748383712769,nan,0.0,0.6434999704360962,1.0337128037452699,nan,0.0,60000,1,False,,,20,-1.073233673591614,5bb452877bed4ab5af705e9ff07bdc9f,2019-06-06_07-15-35,1559830535,40.479381799697876,815.8512742519379,31657,steropes,169.229.49.254,"{'starting_lr': 0.1, 'momentum': 0.9, 'weight_decay': 0.001, 'steps_per_iteration': None, 'pin': False, 'model_creator': None, 'target_batch_size': 128, 'model_string': 'resnet50', 'min_batch_size': 128, 'dataset': 'CIFAR', 'placement': None, 'use_nccl': True, 'devices_per_worker': 1, 'primary_resource': 'extra_gpu', 'gpu': False, 'verbose': False, 'lr_config': {'mode': 'log', 'steps': 5, 'initial_lr': 0.1, 'target_lr': 0.1}, 'batch_per_device': 128}",815.8512742519379,0,20,1479.0317745746102,1,10.174924850463867
0.017640280723571777,0.03202110000803501,0.0006394147872924805,0.0018566166958235719,0.028156352043151856,nan,0.0,0.04758632183074951,0.6294599652290345,1.0911062663459776,-0.6157999634742737,nan,0.0,nan,0.0,nan,0.0,0.6617400050163269,0.9878210712814331,nan,0.0,0.6157999634742737,1.1250244478225708,nan,0.0,60000,1,False,,,21,-1.0911062663459776,5bb452877bed4ab5af705e9ff07bdc9f,2019-06-06_07-16-16,1559830576,40.827491998672485,856.6787662506104,31657,steropes,169.229.49.254,"{'starting_lr': 0.1, 'momentum': 0.9, 'weight_decay': 0.001, 'steps_per_iteration': None, 'pin': False, 'model_creator': None, 'target_batch_size': 128, 'model_string': 'resnet50', 'min_batch_size': 128, 'dataset': 'CIFAR', 'placement': None, 'use_nccl': True, 'devices_per_worker': 1, 'primary_resource': 'extra_gpu', 'gpu': False, 'verbose': False, 'lr_config': {'mode': 'log', 'steps': 5, 'initial_lr': 0.1, 'target_lr': 0.1}, 'batch_per_device': 128}",856.6787662506104,0,21,1476.3901233928045,1,10.174924850463867
0.01686394214630127,0.032483635069448735,0.000656747817993164,0.0018312674958992493,0.027519989013671874,nan,0.0,0.04850988388061524,0.6372199654579163,1.071617155456543,-0.6380999684333801,nan,0.0,nan,0.0,nan,0.0,0.661300003528595,0.9818679347610474,nan,0.0,0.6380999684333801,1.092850632572174,nan,0.0,60000,1,False,,,22,-1.071617155456543,5bb452877bed4ab5af705e9ff07bdc9f,2019-06-06_07-16-57,1559830617,40.59846901893616,897.2772352695465,31657,steropes,169.229.49.254,"{'starting_lr': 0.1, 'momentum': 0.9, 'weight_decay': 0.001, 'steps_per_iteration': None, 'pin': False, 'model_creator': None, 'target_batch_size': 128, 'model_string': 'resnet50', 'min_batch_size': 128, 'dataset': 'CIFAR', 'placement': None, 'use_nccl': True, 'devices_per_worker': 1, 'primary_resource': 'extra_gpu', 'gpu': False, 'verbose': False, 'lr_config': {'mode': 'log', 'steps': 5, 'initial_lr': 0.1, 'target_lr': 0.1}, 'batch_per_device': 128}",897.2772352695465,0,22,1477.0002340139713,1,10.174924850463867
0.017539119720458983,0.03230625164659717,0.0006978988647460937,0.0018184886259191176,0.027691173553466796,nan,0.0,0.047544121742248535,0.6336599707603454,1.0831967949295043,-0.6252999901771545,nan,0.0,nan,0.0,nan,0.0,0.6684799790382385,0.9730690769958497,nan,0.0,0.6252999901771545,1.1008349180221557,nan,0.0,60000,1,False,,,23,-1.0831967949295043,5bb452877bed4ab5af705e9ff07bdc9f,2019-06-06_07-17-37,1559830657,40.508965492248535,937.786200761795,31657,steropes,169.229.49.254,"{'starting_lr': 0.1, 'momentum': 0.9, 'weight_decay': 0.001, 'steps_per_iteration': None, 'pin': False, 'model_creator': None, 'target_batch_size': 128, 'model_string': 'resnet50', 'min_batch_size': 128, 'dataset': 'CIFAR', 'placement': None, 'use_nccl': True, 'devices_per_worker': 1, 'primary_resource': 'extra_gpu', 'gpu': False, 'verbose': False, 'lr_config': {'mode': 'log', 'steps': 5, 'initial_lr': 0.1, 'target_lr': 0.1}, 'batch_per_device': 128}",937.786200761795,0,23,1477.9270382029897,1,10.174924850463867
0.017268037796020506,0.03379967242856569,0.0006618261337280274,0.0018468140946019946,0.027202033996582033,nan,0.0,0.047322869300842285,0.6315999746322631,1.088935678691864,-0.6352999806404114,nan,0.0,nan,0.0,nan,0.0,0.6684600114822388,0.963161659526825,nan,0.0,0.6352999806404114,1.0922555912971497,nan,0.0,60000,1,False,,,24,-1.088935678691864,5bb452877bed4ab5af705e9ff07bdc9f,2019-06-06_07-18-18,1559830698,40.727110147476196,978.5133109092712,31657,steropes,169.229.49.254,"{'starting_lr': 0.1, 'momentum': 0.9, 'weight_decay': 0.001, 'steps_per_iteration': None, 'pin': False, 'model_creator': None, 'target_batch_size': 128, 'model_string': 'resnet50', 'min_batch_size': 128, 'dataset': 'CIFAR', 'placement': None, 'use_nccl': True, 'devices_per_worker': 1, 'primary_resource': 'extra_gpu', 'gpu': False, 'verbose': False, 'lr_config': {'mode': 'log', 'steps': 5, 'initial_lr': 0.1, 'target_lr': 0.1}, 'batch_per_device': 128}",978.5133109092712,0,24,1476.800841062446,1,10.174924850463867
0.01748960018157959,0.03202842760689651,0.0006654500961303711,0.001852366625500457,0.028273367881774904,nan,0.0,0.04794337749481201,0.6339799761772156,1.0870195699310303,-0.6553999781608582,nan,0.0,nan,0.0,nan,0.0,0.67249995470047,0.960671039466858,nan,0.0,0.6553999781608582,1.0241322599411011,nan,0.0,60000,1,False,,,25,-1.0870195699310303,5bb452877bed4ab5af705e9ff07bdc9f,2019-06-06_07-18-59,1559830739,40.49760580062866,1019.0109167098999,31657,steropes,169.229.49.254,"{'starting_lr': 0.1, 'momentum': 0.9, 'weight_decay': 0.001, 'steps_per_iteration': None, 'pin': False, 'model_creator': None, 'target_batch_size': 128, 'model_string': 'resnet50', 'min_batch_size': 128, 'dataset': 'CIFAR', 'placement': None, 'use_nccl': True, 'devices_per_worker': 1, 'primary_resource': 'extra_gpu', 'gpu': False, 'verbose': False, 'lr_config': {'mode': 'log', 'steps': 5, 'initial_lr': 0.1, 'target_lr': 0.1}, 'batch_per_device': 128}",1019.0109167098999,0,25,1476.6677805926108,1,10.174924850463867
0.017406582832336426,0.03397226635413834,0.0006639719009399414,0.0018495775549612996,0.027958011627197264,nan,0.0,0.046981287002563474,0.6298399806022644,1.1058593388938904,-0.5950999855995178,nan,0.0,nan,0.0,nan,0.0,0.6747999787330627,0.9533138664245605,nan,0.0,0.5950999855995178,1.2192232926368713,nan,0.0,60000,1,False,,,26,-1.1058593388938904,5bb452877bed4ab5af705e9ff07bdc9f,2019-06-06_07-19-39,1559830779,40.750343561172485,1059.7612602710724,31657,steropes,169.229.49.254,"{'starting_lr': 0.1, 'momentum': 0.9, 'weight_decay': 0.001, 'steps_per_iteration': None, 'pin': False, 'model_creator': None, 'target_batch_size': 128, 'model_string': 'resnet50', 'min_batch_size': 128, 'dataset': 'CIFAR', 'placement': None, 'use_nccl': True, 'devices_per_worker': 1, 'primary_resource': 'extra_gpu', 'gpu': False, 'verbose': False, 'lr_config': {'mode': 'log', 'steps': 5, 'initial_lr': 0.1, 'target_lr': 0.1}, 'batch_per_device': 128}",1059.7612602710724,0,26,1477.2286458631283,1,10.174924850463867
0.017392444610595702,0.0320207499250581,0.0006067276000976563,0.0018489403492959258,0.028777647018432616,nan,0.0,0.04705810546875,0.6302199840545655,1.1040054485893251,-0.6399999856948853,nan,0.0,nan,0.0,nan,0.0,0.6753599643707275,0.9503049081611633,nan,0.0,0.6399999856948853,1.083581181049347,nan,0.0,60000,1,False,,,27,-1.1040054485893251,5bb452877bed4ab5af705e9ff07bdc9f,2019-06-06_07-20-20,1559830820,40.83174991607666,1100.593010187149,31657,steropes,169.229.49.254,"{'starting_lr': 0.1, 'momentum': 0.9, 'weight_decay': 0.001, 'steps_per_iteration': None, 'pin': False, 'model_creator': None, 'target_batch_size': 128, 'model_string': 'resnet50', 'min_batch_size': 128, 'dataset': 'CIFAR', 'placement': None, 'use_nccl': True, 'devices_per_worker': 1, 'primary_resource': 'extra_gpu', 'gpu': False, 'verbose': False, 'lr_config': {'mode': 'log', 'steps': 5, 'initial_lr': 0.1, 'target_lr': 0.1}, 'batch_per_device': 128}",1100.593010187149,0,27,1475.5337283389258,1,10.174924850463867
0.01760110855102539,0.0327380276933501,0.0006585836410522461,0.0018291138017269047,0.028022146224975585,nan,0.0,0.048669981956481936,0.6228999853134155,1.1432619186592103,-0.588699996471405,nan,0.0,nan,0.0,nan,0.0,0.6731399893760681,0.9563129479598999,nan,0.0,0.588699996471405,1.297117268371582,nan,0.0,60000,1,False,,,28,-1.1432619186592103,5bb452877bed4ab5af705e9ff07bdc9f,2019-06-06_07-21-01,1559830861,40.563193559646606,1141.1562037467957,31657,steropes,169.229.49.254,"{'starting_lr': 0.1, 'momentum': 0.9, 'weight_decay': 0.001, 'steps_per_iteration': None, 'pin': False, 'model_creator': None, 'target_batch_size': 128, 'model_string': 'resnet50', 'min_batch_size': 128, 'dataset': 'CIFAR', 'placement': None, 'use_nccl': True, 'devices_per_worker': 1, 'primary_resource': 'extra_gpu', 'gpu': False, 'verbose': False, 'lr_config': {'mode': 'log', 'steps': 5, 'initial_lr': 0.1, 'target_lr': 0.1}, 'batch_per_device': 128}",1141.1562037467957,0,28,1475.1403668946996,1,10.174924850463867
0.017754840850830077,0.03198531609547289,0.0006662368774414063,0.001825357032249041,0.02865591049194336,nan,0.0,0.047199583053588866,0.6290399909019471,1.1268979001235961,-0.6660000085830688,nan,0.0,nan,0.0,nan,0.0,0.678879976272583,0.9450611075019837,nan,0.0,0.6660000085830688,1.0104354986190796,nan,0.0,60000,1,False,,,29,-1.1268979001235961,5bb452877bed4ab5af705e9ff07bdc9f,2019-06-06_07-21-41,1559830901,40.46895503997803,1181.6251587867737,31657,steropes,169.229.49.254,"{'starting_lr': 0.1, 'momentum': 0.9, 'weight_decay': 0.001, 'steps_per_iteration': None, 'pin': False, 'model_creator': None, 'target_batch_size': 128, 'model_string': 'resnet50', 'min_batch_size': 128, 'dataset': 'CIFAR', 'placement': None, 'use_nccl': True, 'devices_per_worker': 1, 'primary_resource': 'extra_gpu', 'gpu': False, 'verbose': False, 'lr_config': {'mode': 'log', 'steps': 5, 'initial_lr': 0.1, 'target_lr': 0.1}, 'batch_per_device': 128}",1181.6251587867737,0,29,1477.0152655542945,1,10.174924850463867
0.016977429389953613,0.03177655195888085,0.0006600618362426758,0.0018086579754529402,0.027730107307434082,nan,0.0,0.04678771495819092,0.6327799916267395,1.117704992275238,-0.6740999817848206,nan,0.0,nan,0.0,nan,0.0,0.6799399852752686,0.9457232959747315,nan,0.0,0.6740999817848206,0.9781677206993104,nan,0.0,60000,1,False,,,30,-1.117704992275238,5bb452877bed4ab5af705e9ff07bdc9f,2019-06-06_07-22-22,1559830942,40.327845335006714,1221.9530041217804,31657,steropes,169.229.49.254,"{'starting_lr': 0.1, 'momentum': 0.9, 'weight_decay': 0.001, 'steps_per_iteration': None, 'pin': False, 'model_creator': None, 'target_batch_size': 128, 'model_string': 'resnet50', 'min_batch_size': 128, 'dataset': 'CIFAR', 'placement': None, 'use_nccl': True, 'devices_per_worker': 1, 'primary_resource': 'extra_gpu', 'gpu': False, 'verbose': False, 'lr_config': {'mode': 'log', 'steps': 5, 'initial_lr': 0.1, 'target_lr': 0.1}, 'batch_per_device': 128}",1221.9530041217804,0,30,1478.2513408457842,1,10.174924850463867
0.016936182975769043,0.0317440485652489,0.000657200813293457,0.001822424056889761,0.027639889717102052,nan,0.0,0.04745461940765381,0.6507399916648865,1.06097230594635,-0.6848999857902527,nan,0.0,nan,0.0,nan,0.0,0.6786800026893616,0.9464942668151856,nan,0.0,0.6848999857902527,0.9355598609924316,nan,0.0,60000,1,False,,,31,-1.06097230594635,5bb452877bed4ab5af705e9ff07bdc9f,2019-06-06_07-23-02,1559830982,40.306244134902954,1262.2592482566833,31657,steropes,169.229.49.254,"{'starting_lr': 0.1, 'momentum': 0.9, 'weight_decay': 0.001, 'steps_per_iteration': None, 'pin': False, 'model_creator': None, 'target_batch_size': 128, 'model_string': 'resnet50', 'min_batch_size': 128, 'dataset': 'CIFAR', 'placement': None, 'use_nccl': True, 'devices_per_worker': 1, 'primary_resource': 'extra_gpu', 'gpu': False, 'verbose': False, 'lr_config': {'mode': 'log', 'steps': 5, 'initial_lr': 0.1, 'target_lr': 0.1}, 'batch_per_device': 128}",1262.2592482566833,0,31,1481.4933181264157,1,10.174924850463867
0.0173903226852417,0.03167146972463101,0.0006697654724121093,0.0018057170731332296,0.02737605571746826,nan,0.0,0.04738783836364746,0.6442799925804138,1.096013488483429,-0.607699990272522,nan,0.0,nan,0.0,nan,0.0,0.677839994430542,0.9386613837623596,nan,0.0,0.607699990272522,1.2587870937347412,nan,0.0,60000,1,False,,,32,-1.096013488483429,5bb452877bed4ab5af705e9ff07bdc9f,2019-06-06_07-23-42,1559831022,40.426422357559204,1302.6856706142426,31657,steropes,169.229.49.254,"{'starting_lr': 0.1, 'momentum': 0.9, 'weight_decay': 0.001, 'steps_per_iteration': None, 'pin': False, 'model_creator': None, 'target_batch_size': 128, 'model_string': 'resnet50', 'min_batch_size': 128, 'dataset': 'CIFAR', 'placement': None, 'use_nccl': True, 'devices_per_worker': 1, 'primary_resource': 'extra_gpu', 'gpu': False, 'verbose': False, 'lr_config': {'mode': 'log', 'steps': 5, 'initial_lr': 0.1, 'target_lr': 0.1}, 'batch_per_device': 128}",1302.6856706142426,0,32,1484.4646882029351,1,10.174924850463867
0.019506192207336424,0.03454419329196592,0.0006711244583129883,0.0018105482506325177,0.029217791557312012,nan,0.0,0.04783751964569092,0.6587999939918519,1.0430057764625549,-0.661300003528595,nan,0.0,nan,0.0,nan,0.0,0.6826800107955933,0.9325229779434204,nan,0.0,0.661300003528595,1.0320787082672118,nan,0.0,60000,1,False,,,33,-1.0430057764625549,5bb452877bed4ab5af705e9ff07bdc9f,2019-06-06_07-24-23,1559831063,40.63407278060913,1343.3197433948517,31657,steropes,169.229.49.254,"{'starting_lr': 0.1, 'momentum': 0.9, 'weight_decay': 0.001, 'steps_per_iteration': None, 'pin': False, 'model_creator': None, 'target_batch_size': 128, 'model_string': 'resnet50', 'min_batch_size': 128, 'dataset': 'CIFAR', 'placement': None, 'use_nccl': True, 'devices_per_worker': 1, 'primary_resource': 'extra_gpu', 'gpu': False, 'verbose': False, 'lr_config': {'mode': 'log', 'steps': 5, 'initial_lr': 0.1, 'target_lr': 0.1}, 'batch_per_device': 128}",1343.3197433948517,0,33,1483.9441013653252,1,10.174924850463867
0.017521166801452638,0.03325072723098948,0.000713348388671875,0.0018315504274099988,0.02818293571472168,nan,0.0,0.047210860252380374,0.6414799928665161,1.1038188661575317,-0.5794000029563904,nan,0.0,nan,0.0,nan,0.0,0.6805599927902222,0.9405064468955994,nan,0.0,0.5794000029563904,1.3145009470939637,nan,0.0,60000,1,False,,,34,-1.1038188661575317,5bb452877bed4ab5af705e9ff07bdc9f,2019-06-06_07-25-04,1559831104,40.58402228355408,1383.9037656784058,31657,steropes,169.229.49.254,"{'starting_lr': 0.1, 'momentum': 0.9, 'weight_decay': 0.001, 'steps_per_iteration': None, 'pin': False, 'model_creator': None, 'target_batch_size': 128, 'model_string': 'resnet50', 'min_batch_size': 128, 'dataset': 'CIFAR', 'placement': None, 'use_nccl': True, 'devices_per_worker': 1, 'primary_resource': 'extra_gpu', 'gpu': False, 'verbose': False, 'lr_config': {'mode': 'log', 'steps': 5, 'initial_lr': 0.1, 'target_lr': 0.1}, 'batch_per_device': 128}",1383.9037656784058,0,34,1483.0999764356006,1,10.174924850463867
0.018129301071166993,0.03188229210769074,0.0006663799285888672,0.0018256228903065557,0.02843286991119385,nan,0.0,0.04717683792114258,0.6402999877929687,1.1038643387794496,-0.6681999564170837,nan,0.0,nan,0.0,nan,0.0,0.6826599836349487,0.9324768028640747,nan,0.0,0.6681999564170837,0.978395083808899,nan,0.0,60000,1,False,,,35,-1.1038643387794496,5bb452877bed4ab5af705e9ff07bdc9f,2019-06-06_07-25-44,1559831144,40.8380389213562,1424.741804599762,31657,steropes,169.229.49.254,"{'starting_lr': 0.1, 'momentum': 0.9, 'weight_decay': 0.001, 'steps_per_iteration': None, 'pin': False, 'model_creator': None, 'target_batch_size': 128, 'model_string': 'resnet50', 'min_batch_size': 128, 'dataset': 'CIFAR', 'placement': None, 'use_nccl': True, 'devices_per_worker': 1, 'primary_resource': 'extra_gpu', 'gpu': False, 'verbose': False, 'lr_config': {'mode': 'log', 'steps': 5, 'initial_lr': 0.1, 'target_lr': 0.1}, 'batch_per_device': 128}",1424.741804599762,0,35,1479.3687424178001,1,10.174924850463867
0.016921806335449218,0.03176022783110413,0.0006642341613769531,0.001807162218996326,0.027710914611816406,nan,0.0,0.046930885314941405,0.6386599898338318,1.1035935885810852,-0.6766999959945679,nan,0.0,nan,0.0,nan,0.0,0.6826800107955933,0.9284458986854554,nan,0.0,0.6766999959945679,0.9342061100006104,nan,0.0,60000,1,False,,,36,-1.1035935885810852,5bb452877bed4ab5af705e9ff07bdc9f,2019-06-06_07-26-25,1559831185,40.50412583351135,1465.2459304332733,31657,steropes,169.229.49.254,"{'starting_lr': 0.1, 'momentum': 0.9, 'weight_decay': 0.001, 'steps_per_iteration': None, 'pin': False, 'model_creator': None, 'target_batch_size': 128, 'model_string': 'resnet50', 'min_batch_size': 128, 'dataset': 'CIFAR', 'placement': None, 'use_nccl': True, 'devices_per_worker': 1, 'primary_resource': 'extra_gpu', 'gpu': False, 'verbose': False, 'lr_config': {'mode': 'log', 'steps': 5, 'initial_lr': 0.1, 'target_lr': 0.1}, 'batch_per_device': 128}",1465.2459304332733,0,36,1477.9266563049773,1,10.174924850463867
0.016961002349853517,0.032289369196831424,0.0006643056869506836,0.00183662977974738,0.02821640968322754,nan,0.0,0.04702258110046387,0.6537799835205078,1.0385398853492736,-0.6832999587059021,nan,0.0,nan,0.0,nan,0.0,0.6860799789428711,0.9278741313362121,nan,0.0,0.6832999587059021,0.9335185775756836,nan,0.0,60000,1,False,,,37,-1.0385398853492736,5bb452877bed4ab5af705e9ff07bdc9f,2019-06-06_07-27-05,1559831225,40.46431350708008,1505.7102439403534,31657,steropes,169.229.49.254,"{'starting_lr': 0.1, 'momentum': 0.9, 'weight_decay': 0.001, 'steps_per_iteration': None, 'pin': False, 'model_creator': None, 'target_batch_size': 128, 'model_string': 'resnet50', 'min_batch_size': 128, 'dataset': 'CIFAR', 'placement': None, 'use_nccl': True, 'devices_per_worker': 1, 'primary_resource': 'extra_gpu', 'gpu': False, 'verbose': False, 'lr_config': {'mode': 'log', 'steps': 5, 'initial_lr': 0.1, 'target_lr': 0.1}, 'batch_per_device': 128}",1505.7102439403534,0,37,1477.650824741198,1,10.174924850463867
0.0183734655380249,0.03139571902118152,0.0006693124771118164,0.0018402536201964864,0.028639888763427733,nan,0.0,0.04749140739440918,0.6604599833488465,1.0090978980255128,-0.6947000026702881,nan,0.0,nan,0.0,nan,0.0,0.6837599873542786,0.9326708751296997,nan,0.0,0.6947000026702881,0.8848687716484069,nan,0.0,60000,1,False,,,38,-1.0090978980255128,5bb452877bed4ab5af705e9ff07bdc9f,2019-06-06_07-27-46,1559831266,40.19517111778259,1545.905415058136,31657,steropes,169.229.49.254,"{'starting_lr': 0.1, 'momentum': 0.9, 'weight_decay': 0.001, 'steps_per_iteration': None, 'pin': False, 'model_creator': None, 'target_batch_size': 128, 'model_string': 'resnet50', 'min_batch_size': 128, 'dataset': 'CIFAR', 'placement': None, 'use_nccl': True, 'devices_per_worker': 1, 'primary_resource': 'extra_gpu', 'gpu': False, 'verbose': False, 'lr_config': {'mode': 'log', 'steps': 5, 'initial_lr': 0.1, 'target_lr': 0.1}, 'batch_per_device': 128}",1545.905415058136,0,38,1480.852254026652,1,10.174924850463867
0.01727445125579834,0.032245663147938405,0.0007740497589111328,0.001817156896566796,0.027981090545654296,nan,0.0,0.0478243350982666,0.6651399850845336,0.9839783270454406,-0.6028000116348267,nan,0.0,nan,0.0,nan,0.0,0.6874399781227112,0.9249072316741943,nan,0.0,0.6028000116348267,1.1889030921936035,nan,0.0,60000,1,False,,,39,-0.9839783270454406,5bb452877bed4ab5af705e9ff07bdc9f,2019-06-06_07-28-26,1559831306,40.304861068725586,1586.2102761268616,31657,steropes,169.229.49.254,"{'starting_lr': 0.1, 'momentum': 0.9, 'weight_decay': 0.001, 'steps_per_iteration': None, 'pin': False, 'model_creator': None, 'target_batch_size': 128, 'model_string': 'resnet50', 'min_batch_size': 128, 'dataset': 'CIFAR', 'placement': None, 'use_nccl': True, 'devices_per_worker': 1, 'primary_resource': 'extra_gpu', 'gpu': False, 'verbose': False, 'lr_config': {'mode': 'log', 'steps': 5, 'initial_lr': 0.1, 'target_lr': 0.1}, 'batch_per_device': 128}",1586.2102761268616,0,39,1482.8956670256314,1,10.174924850463867
0.01732015609741211,0.03231755993034266,0.0006623983383178711,0.0018200459687606149,0.027605366706848145,nan,0.0,0.04756166934967041,0.6632199883460999,1.0014399143218995,-0.6585999727249146,nan,0.0,nan,0.0,nan,0.0,0.685759961605072,0.9240727196121216,nan,0.0,0.6585999727249146,1.0657030201911926,nan,0.0,60000,1,False,,,40,-1.0014399143218995,5bb452877bed4ab5af705e9ff07bdc9f,2019-06-06_07-29-06,1559831346,40.357078075408936,1626.5673542022705,31657,steropes,169.229.49.254,"{'starting_lr': 0.1, 'momentum': 0.9, 'weight_decay': 0.001, 'steps_per_iteration': None, 'pin': False, 'model_creator': None, 'target_batch_size': 128, 'model_string': 'resnet50', 'min_batch_size': 128, 'dataset': 'CIFAR', 'placement': None, 'use_nccl': True, 'devices_per_worker': 1, 'primary_resource': 'extra_gpu', 'gpu': False, 'verbose': False, 'lr_config': {'mode': 'log', 'steps': 5, 'initial_lr': 0.1, 'target_lr': 0.1}, 'batch_per_device': 128}",1626.5673542022705,0,40,1486.4294855010908,1,10.174924850463867
0.016577386856079103,0.03186939939667907,0.000656890869140625,0.0018502184192237953,0.02740609645843506,nan,0.0,0.04723079204559326,0.6657599806785583,1.0009134439086913,-0.6893999576568604,nan,0.0,nan,0.0,nan,0.0,0.6847599744796753,0.930875112285614,nan,0.0,0.6893999576568604,0.9315737579345703,nan,0.0,60000,1,False,,,41,-1.0009134439086913,5bb452877bed4ab5af705e9ff07bdc9f,2019-06-06_07-29-47,1559831387,40.438599824905396,1667.005954027176,31657,steropes,169.229.49.254,"{'starting_lr': 0.1, 'momentum': 0.9, 'weight_decay': 0.001, 'steps_per_iteration': None, 'pin': False, 'model_creator': None, 'target_batch_size': 128, 'model_string': 'resnet50', 'min_batch_size': 128, 'dataset': 'CIFAR', 'placement': None, 'use_nccl': True, 'devices_per_worker': 1, 'primary_resource': 'extra_gpu', 'gpu': False, 'verbose': False, 'lr_config': {'mode': 'log', 'steps': 5, 'initial_lr': 0.1, 'target_lr': 0.1}, 'batch_per_device': 128}",1667.005954027176,0,41,1486.912228277268,1,10.174924850463867
0.018575072288513184,0.03150137768516058,0.0006552457809448243,0.0018259503347489536,0.028577685356140137,nan,0.0,0.04784383773803711,0.6626599907875061,1.0178623230743409,-0.6678000092506409,nan,0.0,nan,0.0,nan,0.0,0.6897199749946594,0.9141466398239135,nan,0.0,0.6678000092506409,1.0182629734039306,nan,0.0,60000,1,False,,,42,-1.0178623230743409,5bb452877bed4ab5af705e9ff07bdc9f,2019-06-06_07-30-27,1559831427,40.3527045249939,1707.3586585521698,31657,steropes,169.229.49.254,"{'starting_lr': 0.1, 'momentum': 0.9, 'weight_decay': 0.001, 'steps_per_iteration': None, 'pin': False, 'model_creator': None, 'target_batch_size': 128, 'model_string': 'resnet50', 'min_batch_size': 128, 'dataset': 'CIFAR', 'placement': None, 'use_nccl': True, 'devices_per_worker': 1, 'primary_resource': 'extra_gpu', 'gpu': False, 'verbose': False, 'lr_config': {'mode': 'log', 'steps': 5, 'initial_lr': 0.1, 'target_lr': 0.1}, 'batch_per_device': 128}",1707.3586585521698,0,42,1487.7351670338821,1,10.174924850463867
0.0169039249420166,0.03157025047495395,0.0006641864776611329,0.0018218533157387659,0.027364635467529298,nan,0.0,0.047413063049316403,0.6569999814033508,1.035141105995178,-0.6663999557495117,nan,0.0,nan,0.0,nan,0.0,0.6861199736595154,0.9249946915817261,nan,0.0,0.6663999557495117,0.971262686252594,nan,0.0,60000,1,False,,,43,-1.035141105995178,5bb452877bed4ab5af705e9ff07bdc9f,2019-06-06_07-31-08,1559831468,40.59068775177002,1747.9493463039398,31657,steropes,169.229.49.254,"{'starting_lr': 0.1, 'momentum': 0.9, 'weight_decay': 0.001, 'steps_per_iteration': None, 'pin': False, 'model_creator': None, 'target_batch_size': 128, 'model_string': 'resnet50', 'min_batch_size': 128, 'dataset': 'CIFAR', 'placement': None, 'use_nccl': True, 'devices_per_worker': 1, 'primary_resource': 'extra_gpu', 'gpu': False, 'verbose': False, 'lr_config': {'mode': 'log', 'steps': 5, 'initial_lr': 0.1, 'target_lr': 0.1}, 'batch_per_device': 128}",1747.9493463039398,0,43,1484.822729883369,1,10.174924850463867
0.01678941249847412,0.03189407722859443,0.0006740093231201172,0.0018591551524598886,0.027518677711486816,nan,0.0,0.047507619857788085,0.6754999756813049,0.978077131500244,-0.6952999830245972,nan,0.0,nan,0.0,nan,0.0,0.6870200037956238,0.9207336003303528,nan,0.0,0.6952999830245972,0.9035832197189331,nan,0.0,60000,1,False,,,44,-0.978077131500244,5bb452877bed4ab5af705e9ff07bdc9f,2019-06-06_07-31-48,1559831508,40.40048623085022,1788.34983253479,31657,steropes,169.229.49.254,"{'starting_lr': 0.1, 'momentum': 0.9, 'weight_decay': 0.001, 'steps_per_iteration': None, 'pin': False, 'model_creator': None, 'target_batch_size': 128, 'model_string': 'resnet50', 'min_batch_size': 128, 'dataset': 'CIFAR', 'placement': None, 'use_nccl': True, 'devices_per_worker': 1, 'primary_resource': 'extra_gpu', 'gpu': False, 'verbose': False, 'lr_config': {'mode': 'log', 'steps': 5, 'initial_lr': 0.1, 'target_lr': 0.1}, 'batch_per_device': 128}",1788.34983253479,0,44,1484.1202994740052,1,10.174924850463867
0.01725492477416992,0.035203212424169614,0.00064697265625,0.001829616858831147,0.027762985229492186,nan,0.0,0.047930908203125,0.6688599824905396,0.987387669658661,-0.6254000067710876,nan,0.0,nan,0.0,nan,0.0,0.6845799684524536,0.927471016368866,nan,0.0,0.6254000067710876,1.1122557109832765,nan,0.0,60000,1,False,,,45,-0.987387669658661,5bb452877bed4ab5af705e9ff07bdc9f,2019-06-06_07-32-29,1559831549,40.729894161224365,1829.0797266960144,31657,steropes,169.229.49.254,"{'starting_lr': 0.1, 'momentum': 0.9, 'weight_decay': 0.001, 'steps_per_iteration': None, 'pin': False, 'model_creator': None, 'target_batch_size': 128, 'model_string': 'resnet50', 'min_batch_size': 128, 'dataset': 'CIFAR', 'placement': None, 'use_nccl': True, 'devices_per_worker': 1, 'primary_resource': 'extra_gpu', 'gpu': False, 'verbose': False, 'lr_config': {'mode': 'log', 'steps': 5, 'initial_lr': 0.1, 'target_lr': 0.1}, 'batch_per_device': 128}",1829.0797266960144,0,45,1481.3880281661031,1,10.174924850463867
0.016673803329467773,0.032435556001301054,0.0006637811660766601,0.001780798977903088,0.027582192420959474,nan,0.0,0.046668267250061034,0.6648599863052368,0.9915441925621034,-0.6693999767303467,nan,0.0,nan,0.0,nan,0.0,0.6894599795341492,0.9129607177734375,nan,0.0,0.6693999767303467,0.9523563724517822,nan,0.0,60000,1,False,,,46,-0.9915441925621034,5bb452877bed4ab5af705e9ff07bdc9f,2019-06-06_07-33-09,1559831589,40.344454526901245,1869.4241812229156,31657,steropes,169.229.49.254,"{'starting_lr': 0.1, 'momentum': 0.9, 'weight_decay': 0.001, 'steps_per_iteration': None, 'pin': False, 'model_creator': None, 'target_batch_size': 128, 'model_string': 'resnet50', 'min_batch_size': 128, 'dataset': 'CIFAR', 'placement': None, 'use_nccl': True, 'devices_per_worker': 1, 'primary_resource': 'extra_gpu', 'gpu': False, 'verbose': False, 'lr_config': {'mode': 'log', 'steps': 5, 'initial_lr': 0.1, 'target_lr': 0.1}, 'batch_per_device': 128}",1869.4241812229156,0,46,1482.076937334422,1,10.174924850463867
0.016543865203857422,0.03148057792760149,0.0006679296493530273,0.0017425081004267154,0.027498936653137206,nan,0.0,0.04714004993438721,0.6615799784660339,0.9918348243331909,-0.6513999700546265,nan,0.0,nan,0.0,nan,0.0,0.6864999532699585,0.9240598428535461,nan,0.0,0.6513999700546265,1.0197161322593689,nan,0.0,60000,1,False,,,47,-0.9918348243331909,5bb452877bed4ab5af705e9ff07bdc9f,2019-06-06_07-33-49,1559831629,39.96970510482788,1909.3938863277435,31657,steropes,169.229.49.254,"{'starting_lr': 0.1, 'momentum': 0.9, 'weight_decay': 0.001, 'steps_per_iteration': None, 'pin': False, 'model_creator': None, 'target_batch_size': 128, 'model_string': 'resnet50', 'min_batch_size': 128, 'dataset': 'CIFAR', 'placement': None, 'use_nccl': True, 'devices_per_worker': 1, 'primary_resource': 'extra_gpu', 'gpu': False, 'verbose': False, 'lr_config': {'mode': 'log', 'steps': 5, 'initial_lr': 0.1, 'target_lr': 0.1}, 'batch_per_device': 128}",1909.3938863277435,0,47,1484.8864928860253,1,10.174924850463867
0.016815614700317384,0.0312864086295985,0.0006587028503417969,0.0017810666652591637,0.02747969627380371,nan,0.0,0.04722485542297363,0.654259979724884,1.0273774970436098,-0.6297999620437622,nan,0.0,nan,0.0,nan,0.0,0.6901199817657471,0.9197521925354004,nan,0.0,0.6297999620437622,1.1489760498046875,nan,0.0,60000,1,False,,,48,-1.0273774970436098,5bb452877bed4ab5af705e9ff07bdc9f,2019-06-06_07-34-29,1559831669,39.858338594436646,1949.2522249221802,31657,steropes,169.229.49.254,"{'starting_lr': 0.1, 'momentum': 0.9, 'weight_decay': 0.001, 'steps_per_iteration': None, 'pin': False, 'model_creator': None, 'target_batch_size': 128, 'model_string': 'resnet50', 'min_batch_size': 128, 'dataset': 'CIFAR', 'placement': None, 'use_nccl': True, 'devices_per_worker': 1, 'primary_resource': 'extra_gpu', 'gpu': False, 'verbose': False, 'lr_config': {'mode': 'log', 'steps': 5, 'initial_lr': 0.1, 'target_lr': 0.1}, 'batch_per_device': 128}",1949.2522249221802,0,48,1490.2886307881533,1,10.174924850463867
0.017575407028198244,0.03193627128118201,0.000683736801147461,0.0017680853529049613,0.028017258644104003,nan,0.0,0.047655773162841794,0.6424999833106995,1.0614544565391542,-0.6365000009536743,nan,0.0,nan,0.0,nan,0.0,0.6879599690437317,0.9166868057441712,nan,0.0,0.6365000009536743,1.0739680171966552,nan,0.0,60000,1,False,,,49,-1.0614544565391542,5bb452877bed4ab5af705e9ff07bdc9f,2019-06-06_07-35-09,1559831709,39.90273308753967,1989.1549580097198,31657,steropes,169.229.49.254,"{'starting_lr': 0.1, 'momentum': 0.9, 'weight_decay': 0.001, 'steps_per_iteration': None, 'pin': False, 'model_creator': None, 'target_batch_size': 128, 'model_string': 'resnet50', 'min_batch_size': 128, 'dataset': 'CIFAR', 'placement': None, 'use_nccl': True, 'devices_per_worker': 1, 'primary_resource': 'extra_gpu', 'gpu': False, 'verbose': False, 'lr_config': {'mode': 'log', 'steps': 5, 'initial_lr': 0.1, 'target_lr': 0.1}, 'batch_per_device': 128}",1989.1549580097198,0,49,1493.9826711140859,1,10.174924850463867
0.01688857078552246,0.03173682659487181,0.0006999969482421875,0.0017215772662931086,0.02713327407836914,nan,0.0,0.047045326232910155,0.6516599774360656,1.0367236801910402,-0.6711999773979187,nan,0.0,nan,0.0,nan,0.0,0.6886399984359741,0.9225187221527099,nan,0.0,0.6711999773979187,0.9886018292427063,nan,0.0,60000,1,False,,,50,-1.0367236801910402,5bb452877bed4ab5af705e9ff07bdc9f,2019-06-06_07-35-49,1559831749,40.40288710594177,2029.5578451156616,31657,steropes,169.229.49.254,"{'starting_lr': 0.1, 'momentum': 0.9, 'weight_decay': 0.001, 'steps_per_iteration': None, 'pin': False, 'model_creator': None, 'target_batch_size': 128, 'model_string': 'resnet50', 'min_batch_size': 128, 'dataset': 'CIFAR', 'placement': None, 'use_nccl': True, 'devices_per_worker': 1, 'primary_resource': 'extra_gpu', 'gpu': False, 'verbose': False, 'lr_config': {'mode': 'log', 'steps': 5, 'initial_lr': 0.1, 'target_lr': 0.1}, 'batch_per_device': 128}",2029.5578451156616,0,50,1496.4195832875796,1,10.174924850463867
0.01667132377624512,0.034639738783051696,0.0006960630416870117,0.0017389086506250874,0.026984405517578126,nan,0.0,0.05109415054321289,0.648639976978302,1.0500261254692078,-0.6542999744415283,nan,0.0,nan,0.0,nan,0.0,0.688539981842041,0.9184561480712891,nan,0.0,0.6542999744415283,1.018868598842621,nan,0.0,60000,1,False,,,51,-1.0500261254692078,5bb452877bed4ab5af705e9ff07bdc9f,2019-06-06_07-36-29,1559831789,40.01055312156677,2069.5683982372284,31657,steropes,169.229.49.254,"{'starting_lr': 0.1, 'momentum': 0.9, 'weight_decay': 0.001, 'steps_per_iteration': None, 'pin': False, 'model_creator': None, 'target_batch_size': 128, 'model_string': 'resnet50', 'min_batch_size': 128, 'dataset': 'CIFAR', 'placement': None, 'use_nccl': True, 'devices_per_worker': 1, 'primary_resource': 'extra_gpu', 'gpu': False, 'verbose': False, 'lr_config': {'mode': 'log', 'steps': 5, 'initial_lr': 0.1, 'target_lr': 0.1}, 'batch_per_device': 128}",2069.5683982372284,0,51,1498.9161002546568,1,10.174924850463867
0.01688506603240967,0.034771041025089315,0.000699925422668457,0.0017419861405706771,0.027953267097473145,nan,0.0,0.05012671947479248,0.644379985332489,1.068390657272339,-0.6301000118255615,nan,0.0,nan,0.0,nan,0.0,0.6865800023078918,0.9256784655761718,nan,0.0,0.6301000118255615,1.1115387912750243,nan,0.0,60000,1,False,,,52,-1.068390657272339,5bb452877bed4ab5af705e9ff07bdc9f,2019-06-06_07-37-10,1559831830,40.85237002372742,2110.420768260956,31657,steropes,169.229.49.254,"{'starting_lr': 0.1, 'momentum': 0.9, 'weight_decay': 0.001, 'steps_per_iteration': None, 'pin': False, 'model_creator': None, 'target_batch_size': 128, 'model_string': 'resnet50', 'min_batch_size': 128, 'dataset': 'CIFAR', 'placement': None, 'use_nccl': True, 'devices_per_worker': 1, 'primary_resource': 'extra_gpu', 'gpu': False, 'verbose': False, 'lr_config': {'mode': 'log', 'steps': 5, 'initial_lr': 0.1, 'target_lr': 0.1}, 'batch_per_device': 128}",2110.420768260956,0,52,1492.3347108170447,1,10.174924850463867
0.01711714267730713,0.031149577490891082,0.0006904840469360351,0.0016737319624332515,0.02706863880157471,nan,0.0,0.04667341709136963,0.6439599871635437,1.0591343755722047,-0.6276999711990356,nan,0.0,nan,0.0,nan,0.0,0.6907199621200562,0.9139357693481446,nan,0.0,0.6276999711990356,1.1026946413040162,nan,0.0,60000,1,False,,,53,-1.0591343755722047,5bb452877bed4ab5af705e9ff07bdc9f,2019-06-06_07-37-50,1559831870,39.97633624076843,2150.3971045017242,31657,steropes,169.229.49.254,"{'starting_lr': 0.1, 'momentum': 0.9, 'weight_decay': 0.001, 'steps_per_iteration': None, 'pin': False, 'model_creator': None, 'target_batch_size': 128, 'model_string': 'resnet50', 'min_batch_size': 128, 'dataset': 'CIFAR', 'placement': None, 'use_nccl': True, 'devices_per_worker': 1, 'primary_resource': 'extra_gpu', 'gpu': False, 'verbose': False, 'lr_config': {'mode': 'log', 'steps': 5, 'initial_lr': 0.1, 'target_lr': 0.1}, 'batch_per_device': 128}",2150.3971045017242,0,53,1491.4592039773497,1,10.174924850463867
0.01662461757659912,0.03482354139979882,0.0006944656372070313,0.0016882011042836378,0.02702012062072754,nan,0.0,0.04684512615203858,0.6450999855995179,1.0617119855499269,-0.6421999931335449,nan,0.0,nan,0.0,nan,0.0,0.6847599744796753,0.9253258641815185,nan,0.0,0.6421999931335449,1.086856067085266,nan,0.0,60000,1,False,,,54,-1.0617119855499269,5bb452877bed4ab5af705e9ff07bdc9f,2019-06-06_07-38-30,1559831910,39.99055886268616,2190.3876633644104,31657,steropes,169.229.49.254,"{'starting_lr': 0.1, 'momentum': 0.9, 'weight_decay': 0.001, 'steps_per_iteration': None, 'pin': False, 'model_creator': None, 'target_batch_size': 128, 'model_string': 'resnet50', 'min_batch_size': 128, 'dataset': 'CIFAR', 'placement': None, 'use_nccl': True, 'devices_per_worker': 1, 'primary_resource': 'extra_gpu', 'gpu': False, 'verbose': False, 'lr_config': {'mode': 'log', 'steps': 5, 'initial_lr': 0.1, 'target_lr': 0.1}, 'batch_per_device': 128}",2190.3876633644104,0,54,1490.8082833749909,1,10.174924850463867
0.01672804355621338,0.0347559120081648,0.0006908416748046875,0.0016862687552371598,0.02757532596588135,nan,0.0,0.046532177925109865,0.6387399911880494,1.07674573343277,-0.6394000053405762,nan,0.0,nan,0.0,nan,0.0,0.6896399855613708,0.9108417473983764,nan,0.0,0.6394000053405762,1.0637705686569214,nan,0.0,60000,1,False,,,55,-1.07674573343277,5bb452877bed4ab5af705e9ff07bdc9f,2019-06-06_07-39-10,1559831950,39.660983085632324,2230.0486464500427,31657,steropes,169.229.49.254,"{'starting_lr': 0.1, 'momentum': 0.9, 'weight_decay': 0.001, 'steps_per_iteration': None, 'pin': False, 'model_creator': None, 'target_batch_size': 128, 'model_string': 'resnet50', 'min_batch_size': 128, 'dataset': 'CIFAR', 'placement': None, 'use_nccl': True, 'devices_per_worker': 1, 'primary_resource': 'extra_gpu', 'gpu': False, 'verbose': False, 'lr_config': {'mode': 'log', 'steps': 5, 'initial_lr': 0.1, 'target_lr': 0.1}, 'batch_per_device': 128}",2230.0486464500427,0,55,1496.3249085192424,1,10.174924850463867
0.022795557975769043,0.03460042084319682,0.0006984233856201172,0.0016783332580800555,0.03096146583557129,nan,0.0,0.04861371517181397,0.6495399951934815,1.04947423078537,-0.708299994468689,nan,0.0,nan,0.0,nan,0.0,0.6922799944877625,0.9088019245719909,nan,0.0,0.708299994468689,0.8825110856056213,nan,0.0,60000,1,False,,,56,-1.04947423078537,5bb452877bed4ab5af705e9ff07bdc9f,2019-06-06_07-39-50,1559831990,39.90567231178284,2269.9543187618256,31657,steropes,169.229.49.254,"{'starting_lr': 0.1, 'momentum': 0.9, 'weight_decay': 0.001, 'steps_per_iteration': None, 'pin': False, 'model_creator': None, 'target_batch_size': 128, 'model_string': 'resnet50', 'min_batch_size': 128, 'dataset': 'CIFAR', 'placement': None, 'use_nccl': True, 'devices_per_worker': 1, 'primary_resource': 'extra_gpu', 'gpu': False, 'verbose': False, 'lr_config': {'mode': 'log', 'steps': 5, 'initial_lr': 0.1, 'target_lr': 0.1}, 'batch_per_device': 128}",2269.9543187618256,0,56,1497.108076319208,1,10.174924850463867
0.017227435111999513,0.034095492544053474,0.0006993293762207031,0.0016931627717469355,0.027819371223449706,nan,0.0,0.04645771980285644,0.6450599908828736,1.0806407116508483,-0.607699990272522,nan,0.0,nan,0.0,nan,0.0,0.69132000207901,0.9123552473449708,nan,0.0,0.607699990272522,1.267371195602417,nan,0.0,60000,1,False,,,57,-1.0806407116508483,5bb452877bed4ab5af705e9ff07bdc9f,2019-06-06_07-40-30,1559832030,40.09021329879761,2310.044532060623,31657,steropes,169.229.49.254,"{'starting_lr': 0.1, 'momentum': 0.9, 'weight_decay': 0.001, 'steps_per_iteration': None, 'pin': False, 'model_creator': None, 'target_batch_size': 128, 'model_string': 'resnet50', 'min_batch_size': 128, 'dataset': 'CIFAR', 'placement': None, 'use_nccl': True, 'devices_per_worker': 1, 'primary_resource': 'extra_gpu', 'gpu': False, 'verbose': False, 'lr_config': {'mode': 'log', 'steps': 5, 'initial_lr': 0.1, 'target_lr': 0.1}, 'batch_per_device': 128}",2310.044532060623,0,57,1502.8234802629788,1,10.174924850463867
0.017147374153137208,0.03236097323743603,0.0006937265396118164,0.0016946402352179407,0.02778482437133789,nan,0.0,0.04837601184844971,0.6501599907875061,1.06457883934021,-0.6531999707221985,nan,0.0,nan,0.0,nan,0.0,0.6918599605560303,0.9081370555305481,nan,0.0,0.6531999707221985,1.022385279750824,nan,0.0,60000,1,False,,,58,-1.06457883934021,5bb452877bed4ab5af705e9ff07bdc9f,2019-06-06_07-41-10,1559832070,40.621456146240234,2350.6659882068634,31657,steropes,169.229.49.254,"{'starting_lr': 0.1, 'momentum': 0.9, 'weight_decay': 0.001, 'steps_per_iteration': None, 'pin': False, 'model_creator': None, 'target_batch_size': 128, 'model_string': 'resnet50', 'min_batch_size': 128, 'dataset': 'CIFAR', 'placement': None, 'use_nccl': True, 'devices_per_worker': 1, 'primary_resource': 'extra_gpu', 'gpu': False, 'verbose': False, 'lr_config': {'mode': 'log', 'steps': 5, 'initial_lr': 0.1, 'target_lr': 0.1}, 'batch_per_device': 128}",2350.6659882068634,0,58,1497.982479206294,1,10.174924850463867
0.016769099235534667,0.03502002547058878,0.0006969451904296875,0.0016734087863541625,0.027203583717346193,nan,0.0,0.04713428020477295,0.6575799942016601,1.0379700571632386,-0.6793000102043152,nan,0.0,nan,0.0,nan,0.0,0.6909999847412109,0.9142757346916198,nan,0.0,0.6793000102043152,0.9538121562004089,nan,0.0,60000,1,False,,,59,-1.0379700571632386,5bb452877bed4ab5af705e9ff07bdc9f,2019-06-06_07-41-50,1559832110,39.944249391555786,2390.610237598419,31657,steropes,169.229.49.254,"{'starting_lr': 0.1, 'momentum': 0.9, 'weight_decay': 0.001, 'steps_per_iteration': None, 'pin': False, 'model_creator': None, 'target_batch_size': 128, 'model_string': 'resnet50', 'min_batch_size': 128, 'dataset': 'CIFAR', 'placement': None, 'use_nccl': True, 'devices_per_worker': 1, 'primary_resource': 'extra_gpu', 'gpu': False, 'verbose': False, 'lr_config': {'mode': 'log', 'steps': 5, 'initial_lr': 0.1, 'target_lr': 0.1}, 'batch_per_device': 128}",2390.610237598419,0,59,1498.3289502489283,1,10.174924850463867
0.016838335990905763,0.031492918352537515,0.0006921052932739258,0.0016809448866588075,0.027867889404296874,nan,0.0,0.0498356819152832,0.6578199863433838,1.043927492198944,-0.6405999660491943,nan,0.0,nan,0.0,nan,0.0,0.6883400082588196,0.9147217448234558,nan,0.0,0.6405999660491943,1.0935577438354491,nan,0.0,60000,1,False,,,60,-1.043927492198944,5bb452877bed4ab5af705e9ff07bdc9f,2019-06-06_07-42-31,1559832151,41.09744381904602,2431.707681417465,31657,steropes,169.229.49.254,"{'starting_lr': 0.1, 'momentum': 0.9, 'weight_decay': 0.001, 'steps_per_iteration': None, 'pin': False, 'model_creator': None, 'target_batch_size': 128, 'model_string': 'resnet50', 'min_batch_size': 128, 'dataset': 'CIFAR', 'placement': None, 'use_nccl': True, 'devices_per_worker': 1, 'primary_resource': 'extra_gpu', 'gpu': False, 'verbose': False, 'lr_config': {'mode': 'log', 'steps': 5, 'initial_lr': 0.1, 'target_lr': 0.1}, 'batch_per_device': 128}",2431.707681417465,0,60,1487.6560981339214,1,10.174924850463867
0.01695389747619629,0.031487199324595774,0.0007183551788330078,0.0017018104758104095,0.0278317928314209,nan,0.0,0.04668557643890381,0.652459979057312,1.054684875049591,-0.6814999580383301,nan,0.0,nan,0.0,nan,0.0,0.6917600035667419,0.9105038689994812,nan,0.0,0.6814999580383301,0.9362979998588562,nan,0.0,60000,1,False,,,61,-1.054684875049591,5bb452877bed4ab5af705e9ff07bdc9f,2019-06-06_07-43-12,1559832192,40.31654453277588,2472.024225950241,31657,steropes,169.229.49.254,"{'starting_lr': 0.1, 'momentum': 0.9, 'weight_decay': 0.001, 'steps_per_iteration': None, 'pin': False, 'model_creator': None, 'target_batch_size': 128, 'model_string': 'resnet50', 'min_batch_size': 128, 'dataset': 'CIFAR', 'placement': None, 'use_nccl': True, 'devices_per_worker': 1, 'primary_resource': 'extra_gpu', 'gpu': False, 'verbose': False, 'lr_config': {'mode': 'log', 'steps': 5, 'initial_lr': 0.1, 'target_lr': 0.1}, 'batch_per_device': 128}",2472.024225950241,0,61,1484.631274035852,1,10.174924850463867
0.01733863353729248,0.034404775764368754,0.0006926059722900391,0.0017049904064754086,0.02834193706512451,nan,0.0,0.04880964756011963,0.6902999758720398,0.9207809125328064,-0.7968999743461609,nan,0.0,nan,0.0,nan,0.0,0.7836199998855591,0.6293904459953308,nan,0.0,0.7968999743461609,0.5978513830184936,nan,0.0,60000,1,False,,,62,-0.9207809125328064,5bb452877bed4ab5af705e9ff07bdc9f,2019-06-06_07-43-53,1559832233,41.199684143066406,2513.2239100933075,31657,steropes,169.229.49.254,"{'starting_lr': 0.1, 'momentum': 0.9, 'weight_decay': 0.001, 'steps_per_iteration': None, 'pin': False, 'model_creator': None, 'target_batch_size': 128, 'model_string': 'resnet50', 'min_batch_size': 128, 'dataset': 'CIFAR', 'placement': None, 'use_nccl': True, 'devices_per_worker': 1, 'primary_resource': 'extra_gpu', 'gpu': False, 'verbose': False, 'lr_config': {'mode': 'log', 'steps': 5, 'initial_lr': 0.1, 'target_lr': 0.1}, 'batch_per_device': 128}",2513.2239100933075,0,62,1476.5248647000687,1,10.174924850463867
0.016904020309448244,0.03163786175884778,0.0006981611251831055,0.001675889315202718,0.027210402488708495,nan,0.0,0.04784932136535645,0.7184199810028076,0.8378284564399718,-0.7937999963760376,nan,0.0,nan,0.0,nan,0.0,0.8041999936103821,0.5741503618431091,nan,0.0,0.7937999963760376,0.6076229992866516,nan,0.0,60000,1,False,,,63,-0.8378284564399718,5bb452877bed4ab5af705e9ff07bdc9f,2019-06-06_07-44-33,1559832273,40.13716220855713,2553.3610723018646,31657,steropes,169.229.49.254,"{'starting_lr': 0.1, 'momentum': 0.9, 'weight_decay': 0.001, 'steps_per_iteration': None, 'pin': False, 'model_creator': None, 'target_batch_size': 128, 'model_string': 'resnet50', 'min_batch_size': 128, 'dataset': 'CIFAR', 'placement': None, 'use_nccl': True, 'devices_per_worker': 1, 'primary_resource': 'extra_gpu', 'gpu': False, 'verbose': False, 'lr_config': {'mode': 'log', 'steps': 5, 'initial_lr': 0.1, 'target_lr': 0.1}, 'batch_per_device': 128}",2553.3610723018646,0,63,1480.0523430058784,1,10.174924850463867
0.016446876525878906,0.033056310460537294,0.000680232048034668,0.0016962463593543948,0.026669883728027345,nan,0.0,0.05113306045532227,0.7443399786949157,0.7589055592918397,-0.808899998664856,nan,0.0,nan,0.0,nan,0.0,0.8090800046920776,0.5575732859802246,nan,0.0,0.808899998664856,0.5591976704597473,nan,0.0,60000,1,False,,,64,-0.7589055592918397,5bb452877bed4ab5af705e9ff07bdc9f,2019-06-06_07-45-13,1559832313,40.012552976608276,2593.373625278473,31657,steropes,169.229.49.254,"{'starting_lr': 0.1, 'momentum': 0.9, 'weight_decay': 0.001, 'steps_per_iteration': None, 'pin': False, 'model_creator': None, 'target_batch_size': 128, 'model_string': 'resnet50', 'min_batch_size': 128, 'dataset': 'CIFAR', 'placement': None, 'use_nccl': True, 'devices_per_worker': 1, 'primary_resource': 'extra_gpu', 'gpu': False, 'verbose': False, 'lr_config': {'mode': 'log', 'steps': 5, 'initial_lr': 0.1, 'target_lr': 0.1}, 'batch_per_device': 128}",2593.373625278473,0,64,1479.553711084361,1,10.174924850463867
0.016691160202026368,0.03151068204565893,0.0006880760192871094,0.0016672891729018267,0.027034974098205565,nan,0.0,0.04666423797607422,0.7733599781990051,0.6669190039825439,-0.7856999635696411,nan,0.0,nan,0.0,nan,0.0,0.8105799555778503,0.5502261495018005,nan,0.0,0.7856999635696411,0.633624967288971,nan,0.0,60000,1,False,,,65,-0.6669190039825439,5bb452877bed4ab5af705e9ff07bdc9f,2019-06-06_07-45-53,1559832353,39.62483859062195,2632.998463869095,31657,steropes,169.229.49.254,"{'starting_lr': 0.1, 'momentum': 0.9, 'weight_decay': 0.001, 'steps_per_iteration': None, 'pin': False, 'model_creator': None, 'target_batch_size': 128, 'model_string': 'resnet50', 'min_batch_size': 128, 'dataset': 'CIFAR', 'placement': None, 'use_nccl': True, 'devices_per_worker': 1, 'primary_resource': 'extra_gpu', 'gpu': False, 'verbose': False, 'lr_config': {'mode': 'log', 'steps': 5, 'initial_lr': 0.1, 'target_lr': 0.1}, 'batch_per_device': 128}",2632.998463869095,0,65,1490.3777858015299,1,10.174924850463867
0.016626501083374025,0.03340854524057123,0.000698256492614746,0.0016767582320191365,0.02712247371673584,nan,0.0,0.04644718170166016,0.797819983959198,0.593561652317047,-0.8037999868392944,nan,0.0,nan,0.0,nan,0.0,0.8131999969482422,0.5459951624679565,nan,0.0,0.8037999868392944,0.5695112415313721,nan,0.0,60000,1,False,,,66,-0.593561652317047,5bb452877bed4ab5af705e9ff07bdc9f,2019-06-06_07-46-33,1559832393,39.96511793136597,2672.963581800461,31657,steropes,169.229.49.254,"{'starting_lr': 0.1, 'momentum': 0.9, 'weight_decay': 0.001, 'steps_per_iteration': None, 'pin': False, 'model_creator': None, 'target_batch_size': 128, 'model_string': 'resnet50', 'min_batch_size': 128, 'dataset': 'CIFAR', 'placement': None, 'use_nccl': True, 'devices_per_worker': 1, 'primary_resource': 'extra_gpu', 'gpu': False, 'verbose': False, 'lr_config': {'mode': 'log', 'steps': 5, 'initial_lr': 0.1, 'target_lr': 0.1}, 'batch_per_device': 128}",2672.963581800461,0,66,1492.9842620987642,1,10.174924850463867
0.016840386390686034,0.034057918983169747,0.0006958246231079102,0.0016689446880994246,0.027222442626953124,nan,0.0,0.04656796455383301,0.7970999836921692,0.5945026586341858,-0.7932999730110168,nan,0.0,nan,0.0,nan,0.0,0.8113600015640259,0.5498670354270935,nan,0.0,0.7932999730110168,0.602556414604187,nan,0.0,60000,1,False,,,67,-0.5945026586341858,5bb452877bed4ab5af705e9ff07bdc9f,2019-06-06_07-47-12,1559832432,39.75972080230713,2712.723302602768,31657,steropes,169.229.49.254,"{'starting_lr': 0.1, 'momentum': 0.9, 'weight_decay': 0.001, 'steps_per_iteration': None, 'pin': False, 'model_creator': None, 'target_batch_size': 128, 'model_string': 'resnet50', 'min_batch_size': 128, 'dataset': 'CIFAR', 'placement': None, 'use_nccl': True, 'devices_per_worker': 1, 'primary_resource': 'extra_gpu', 'gpu': False, 'verbose': False, 'lr_config': {'mode': 'log', 'steps': 5, 'initial_lr': 0.1, 'target_lr': 0.1}, 'batch_per_device': 128}",2712.723302602768,0,67,1503.760485750803,1,10.174924850463867
0.01663050651550293,0.031577001644086236,0.0006866216659545899,0.00169248776057797,0.027113795280456543,nan,0.0,0.047165656089782716,0.791539978981018,0.6102380290412903,-0.765999972820282,nan,0.0,nan,0.0,nan,0.0,0.8120999932289124,0.5459816847324371,nan,0.0,0.765999972820282,0.6862998513221741,nan,0.0,60000,1,False,,,68,-0.6102380290412903,5bb452877bed4ab5af705e9ff07bdc9f,2019-06-06_07-47-53,1559832473,40.16512751579285,2752.888430118561,31657,steropes,169.229.49.254,"{'starting_lr': 0.1, 'momentum': 0.9, 'weight_decay': 0.001, 'steps_per_iteration': None, 'pin': False, 'model_creator': None, 'target_batch_size': 128, 'model_string': 'resnet50', 'min_batch_size': 128, 'dataset': 'CIFAR', 'placement': None, 'use_nccl': True, 'devices_per_worker': 1, 'primary_resource': 'extra_gpu', 'gpu': False, 'verbose': False, 'lr_config': {'mode': 'log', 'steps': 5, 'initial_lr': 0.1, 'target_lr': 0.1}, 'batch_per_device': 128}",2752.888430118561,0,68,1503.550087253535,1,10.174924850463867
0.016595292091369628,0.03474857837338991,0.0006901502609252929,0.0016590786711944035,0.026969194412231445,nan,0.0,0.046057629585266116,0.7909599781036377,0.6130427323913574,-0.8059999942779541,nan,0.0,nan,0.0,nan,0.0,0.8101800084114075,0.553769797592163,nan,0.0,0.8059999942779541,0.573221187210083,nan,0.0,60000,1,False,,,69,-0.6130427323913574,5bb452877bed4ab5af705e9ff07bdc9f,2019-06-06_07-48-33,1559832513,40.08953928947449,2792.9779694080353,31657,steropes,169.229.49.254,"{'starting_lr': 0.1, 'momentum': 0.9, 'weight_decay': 0.001, 'steps_per_iteration': None, 'pin': False, 'model_creator': None, 'target_batch_size': 128, 'model_string': 'resnet50', 'min_batch_size': 128, 'dataset': 'CIFAR', 'placement': None, 'use_nccl': True, 'devices_per_worker': 1, 'primary_resource': 'extra_gpu', 'gpu': False, 'verbose': False, 'lr_config': {'mode': 'log', 'steps': 5, 'initial_lr': 0.1, 'target_lr': 0.1}, 'batch_per_device': 128}",2792.9779694080353,0,69,1502.970256335502,1,10.174924850463867
0.017194581031799317,0.031080031696754166,0.0007073879241943359,0.001671622781192555,0.027701926231384278,nan,0.0,0.04711103439331055,0.7919599771499634,0.6130207313728333,-0.7906999588012695,nan,0.0,nan,0.0,nan,0.0,0.8125199675559998,0.5469472348594665,nan,0.0,0.7906999588012695,0.6335149621963501,nan,0.0,60000,1,False,,,70,-0.6130207313728333,5bb452877bed4ab5af705e9ff07bdc9f,2019-06-06_07-49-12,1559832552,39.741955518722534,2832.719924926758,31657,steropes,169.229.49.254,"{'starting_lr': 0.1, 'momentum': 0.9, 'weight_decay': 0.001, 'steps_per_iteration': None, 'pin': False, 'model_creator': None, 'target_batch_size': 128, 'model_string': 'resnet50', 'min_batch_size': 128, 'dataset': 'CIFAR', 'placement': None, 'use_nccl': True, 'devices_per_worker': 1, 'primary_resource': 'extra_gpu', 'gpu': False, 'verbose': False, 'lr_config': {'mode': 'log', 'steps': 5, 'initial_lr': 0.1, 'target_lr': 0.1}, 'batch_per_device': 128}",2832.719924926758,0,70,1502.0889125867432,1,10.174924850463867
0.016906547546386718,0.03458695170245593,0.0006911516189575196,0.0016794033977381713,0.027300333976745604,nan,0.0,0.04664449691772461,0.7853799700737,0.6377748585128784,-0.7708999514579773,nan,0.0,nan,0.0,nan,0.0,0.8141799569129944,0.5434155893325806,nan,0.0,0.7708999514579773,0.693281877231598,nan,0.0,60000,1,False,,,71,-0.6377748585128784,5bb452877bed4ab5af705e9ff07bdc9f,2019-06-06_07-49-53,1559832593,40.2062087059021,2872.92613363266,31657,steropes,169.229.49.254,"{'starting_lr': 0.1, 'momentum': 0.9, 'weight_decay': 0.001, 'steps_per_iteration': None, 'pin': False, 'model_creator': None, 'target_batch_size': 128, 'model_string': 'resnet50', 'min_batch_size': 128, 'dataset': 'CIFAR', 'placement': None, 'use_nccl': True, 'devices_per_worker': 1, 'primary_resource': 'extra_gpu', 'gpu': False, 'verbose': False, 'lr_config': {'mode': 'log', 'steps': 5, 'initial_lr': 0.1, 'target_lr': 0.1}, 'batch_per_device': 128}",2872.92613363266,0,71,1500.2778979308775,1,10.174924850463867
0.01640760898590088,0.034613425218606296,0.000682377815246582,0.0016817766077378217,0.026719069480895995,nan,0.0,0.04648697376251221,0.7845599770545959,0.6420764104652406,-0.7892000079154968,nan,0.0,nan,0.0,nan,0.0,0.812720000743866,0.5445231947517395,nan,0.0,0.7892000079154968,0.6240641743659973,nan,0.0,60000,1,False,,,72,-0.6420764104652406,5bb452877bed4ab5af705e9ff07bdc9f,2019-06-06_07-50-33,1559832633,39.850149631500244,2912.77628326416,31657,steropes,169.229.49.254,"{'starting_lr': 0.1, 'momentum': 0.9, 'weight_decay': 0.001, 'steps_per_iteration': None, 'pin': False, 'model_creator': None, 'target_batch_size': 128, 'model_string': 'resnet50', 'min_batch_size': 128, 'dataset': 'CIFAR', 'placement': None, 'use_nccl': True, 'devices_per_worker': 1, 'primary_resource': 'extra_gpu', 'gpu': False, 'verbose': False, 'lr_config': {'mode': 'log', 'steps': 5, 'initial_lr': 0.1, 'target_lr': 0.1}, 'batch_per_device': 128}",2912.77628326416,0,72,1499.5997317105193,1,10.174924850463867
0.016684675216674806,0.032918377767635294,0.0006941318511962891,0.0016766698159220274,0.02726166248321533,nan,0.0,0.04700038433074951,0.7866199731826782,0.6319760075759888,-0.7762999534606934,nan,0.0,nan,0.0,nan,0.0,0.8137999773025513,0.5433143834495544,nan,0.0,0.7762999534606934,0.6357978368759155,nan,0.0,60000,1,False,,,73,-0.6319760075759888,5bb452877bed4ab5af705e9ff07bdc9f,2019-06-06_07-51-13,1559832673,40.03029680252075,2952.806580066681,31657,steropes,169.229.49.254,"{'starting_lr': 0.1, 'momentum': 0.9, 'weight_decay': 0.001, 'steps_per_iteration': None, 'pin': False, 'model_creator': None, 'target_batch_size': 128, 'model_string': 'resnet50', 'min_batch_size': 128, 'dataset': 'CIFAR', 'placement': None, 'use_nccl': True, 'devices_per_worker': 1, 'primary_resource': 'extra_gpu', 'gpu': False, 'verbose': False, 'lr_config': {'mode': 'log', 'steps': 5, 'initial_lr': 0.1, 'target_lr': 0.1}, 'batch_per_device': 128}",2952.806580066681,0,73,1500.611175669698,1,10.174924850463867
0.01652510166168213,0.03319232675093639,0.000704503059387207,0.0016924956875384006,0.027178287506103516,nan,0.0,0.046363663673400876,0.7829799652099609,0.6428347940444945,-0.7877999544143677,nan,0.0,nan,0.0,nan,0.0,0.8137999773025513,0.5462196641921997,nan,0.0,0.7877999544143677,0.6275151195526123,nan,0.0,60000,1,False,,,74,-0.6428347940444945,5bb452877bed4ab5af705e9ff07bdc9f,2019-06-06_07-51-52,1559832712,39.6646032333374,2992.4711833000183,31657,steropes,169.229.49.254,"{'starting_lr': 0.1, 'momentum': 0.9, 'weight_decay': 0.001, 'steps_per_iteration': None, 'pin': False, 'model_creator': None, 'target_batch_size': 128, 'model_string': 'resnet50', 'min_batch_size': 128, 'dataset': 'CIFAR', 'placement': None, 'use_nccl': True, 'devices_per_worker': 1, 'primary_resource': 'extra_gpu', 'gpu': False, 'verbose': False, 'lr_config': {'mode': 'log', 'steps': 5, 'initial_lr': 0.1, 'target_lr': 0.1}, 'batch_per_device': 128}",2992.4711833000183,0,74,1503.8076291829354,1,10.174924850463867
0.022754955291748046,0.034749055210548115,0.0007092237472534179,0.0017060562777702155,0.030934476852416994,nan,0.0,0.04832136631011963,0.779859972000122,0.6480054256248473,-0.7750999927520752,nan,0.0,nan,0.0,nan,0.0,0.8145599961280823,0.5425648987007141,nan,0.0,0.7750999927520752,0.659368120098114,nan,0.0,60000,1,False,,,75,-0.6480054256248473,5bb452877bed4ab5af705e9ff07bdc9f,2019-06-06_07-52-32,1559832752,40.07530450820923,3032.5464878082275,31657,steropes,169.229.49.254,"{'starting_lr': 0.1, 'momentum': 0.9, 'weight_decay': 0.001, 'steps_per_iteration': None, 'pin': False, 'model_creator': None, 'target_batch_size': 128, 'model_string': 'resnet50', 'min_batch_size': 128, 'dataset': 'CIFAR', 'placement': None, 'use_nccl': True, 'devices_per_worker': 1, 'primary_resource': 'extra_gpu', 'gpu': False, 'verbose': False, 'lr_config': {'mode': 'log', 'steps': 5, 'initial_lr': 0.1, 'target_lr': 0.1}, 'batch_per_device': 128}",3032.5464878082275,0,75,1501.2990485632392,1,10.174924850463867
0.021822118759155275,0.03156269049342675,0.0007128715515136719,0.0017007019208825152,0.03120439052581787,nan,0.0,0.04980010986328125,0.7820199728012085,0.638508897190094,-0.7816999554634094,nan,0.0,nan,0.0,nan,0.0,0.815019965171814,0.5372450016689301,nan,0.0,0.7816999554634094,0.6457992350578308,nan,0.0,60000,1,False,,,76,-0.638508897190094,5bb452877bed4ab5af705e9ff07bdc9f,2019-06-06_07-53-13,1559832793,40.88873791694641,3073.435225725174,31657,steropes,169.229.49.254,"{'starting_lr': 0.1, 'momentum': 0.9, 'weight_decay': 0.001, 'steps_per_iteration': None, 'pin': False, 'model_creator': None, 'target_batch_size': 128, 'model_string': 'resnet50', 'min_batch_size': 128, 'dataset': 'CIFAR', 'placement': None, 'use_nccl': True, 'devices_per_worker': 1, 'primary_resource': 'extra_gpu', 'gpu': False, 'verbose': False, 'lr_config': {'mode': 'log', 'steps': 5, 'initial_lr': 0.1, 'target_lr': 0.1}, 'batch_per_device': 128}",3073.435225725174,0,76,1496.1886465008413,1,10.174924850463867
0.017114853858947753,0.031526861311514165,0.0006940603256225586,0.0016915139639773942,0.027794790267944337,nan,0.0,0.04729306697845459,0.781119966506958,0.6435582575035095,-0.7846999764442444,nan,0.0,nan,0.0,nan,0.0,0.8181399703025818,0.5316220358181,nan,0.0,0.7846999764442444,0.649310975933075,nan,0.0,60000,1,False,,,77,-0.6435582575035095,5bb452877bed4ab5af705e9ff07bdc9f,2019-06-06_07-53-53,1559832833,39.9753155708313,3113.4105412960052,31657,steropes,169.229.49.254,"{'starting_lr': 0.1, 'momentum': 0.9, 'weight_decay': 0.001, 'steps_per_iteration': None, 'pin': False, 'model_creator': None, 'target_batch_size': 128, 'model_string': 'resnet50', 'min_batch_size': 128, 'dataset': 'CIFAR', 'placement': None, 'use_nccl': True, 'devices_per_worker': 1, 'primary_resource': 'extra_gpu', 'gpu': False, 'verbose': False, 'lr_config': {'mode': 'log', 'steps': 5, 'initial_lr': 0.1, 'target_lr': 0.1}, 'batch_per_device': 128}",3113.4105412960052,0,77,1495.2552028771588,1,10.174924850463867
0.016854119300842286,0.03321230864223046,0.0006891250610351563,0.001658928058946224,0.027019023895263672,nan,0.0,0.046982836723327634,0.7853399753570557,0.6353025109100342,-0.7973999977111816,nan,0.0,nan,0.0,nan,0.0,0.8181999921798706,0.5313214867591858,nan,0.0,0.7973999977111816,0.5945191039085388,nan,0.0,60000,1,False,,,78,-0.6353025109100342,5bb452877bed4ab5af705e9ff07bdc9f,2019-06-06_07-54-33,1559832873,39.65735459327698,3153.067895889282,31657,steropes,169.229.49.254,"{'starting_lr': 0.1, 'momentum': 0.9, 'weight_decay': 0.001, 'steps_per_iteration': None, 'pin': False, 'model_creator': None, 'target_batch_size': 128, 'model_string': 'resnet50', 'min_batch_size': 128, 'dataset': 'CIFAR', 'placement': None, 'use_nccl': True, 'devices_per_worker': 1, 'primary_resource': 'extra_gpu', 'gpu': False, 'verbose': False, 'lr_config': {'mode': 'log', 'steps': 5, 'initial_lr': 0.1, 'target_lr': 0.1}, 'batch_per_device': 128}",3153.067895889282,0,78,1498.0397210146937,1,10.174924850463867
0.016364073753356932,0.0329493691649618,0.0006870031356811523,0.0016225494082321597,0.026648306846618654,nan,0.0,0.05151336193084717,0.7819399833679199,0.6496126984024048,-0.770799994468689,nan,0.0,nan,0.0,nan,0.0,0.8189599514007568,0.5266608731079102,nan,0.0,0.770799994468689,0.6990660570144653,nan,0.0,60000,1,False,,,79,-0.6496126984024048,5bb452877bed4ab5af705e9ff07bdc9f,2019-06-06_07-55-12,1559832912,39.4434175491333,3192.5113134384155,31657,steropes,169.229.49.254,"{'starting_lr': 0.1, 'momentum': 0.9, 'weight_decay': 0.001, 'steps_per_iteration': None, 'pin': False, 'model_creator': None, 'target_batch_size': 128, 'model_string': 'resnet50', 'min_batch_size': 128, 'dataset': 'CIFAR', 'placement': None, 'use_nccl': True, 'devices_per_worker': 1, 'primary_resource': 'extra_gpu', 'gpu': False, 'verbose': False, 'lr_config': {'mode': 'log', 'steps': 5, 'initial_lr': 0.1, 'target_lr': 0.1}, 'batch_per_device': 128}",3192.5113134384155,0,79,1499.6961065018563,1,10.174924850463867
0.017582154273986815,0.031387009198152564,0.0008056879043579102,0.0016599683200611787,0.0283200740814209,nan,0.0,0.04727838039398193,0.7887799859046936,0.6324519570159912,-0.8093000054359436,nan,0.0,nan,0.0,nan,0.0,0.8229999542236328,0.5186464824008942,nan,0.0,0.8093000054359436,0.5735644131660461,nan,0.0,60000,1,False,,,80,-0.6324519570159912,5bb452877bed4ab5af705e9ff07bdc9f,2019-06-06_07-55-52,1559832952,39.44042491912842,3231.951738357544,31657,steropes,169.229.49.254,"{'starting_lr': 0.1, 'momentum': 0.9, 'weight_decay': 0.001, 'steps_per_iteration': None, 'pin': False, 'model_creator': None, 'target_batch_size': 128, 'model_string': 'resnet50', 'min_batch_size': 128, 'dataset': 'CIFAR', 'placement': None, 'use_nccl': True, 'devices_per_worker': 1, 'primary_resource': 'extra_gpu', 'gpu': False, 'verbose': False, 'lr_config': {'mode': 'log', 'steps': 5, 'initial_lr': 0.1, 'target_lr': 0.1}, 'batch_per_device': 128}",3231.951738357544,0,80,1504.4708546201616,1,10.174924850463867
0.0223569393157959,0.03293975395492361,0.0007066011428833007,0.0016644379062115994,0.030609941482543944,nan,0.0,0.04803359508514404,0.7878999948501587,0.6375440735626221,-0.7773000001907349,nan,0.0,nan,0.0,nan,0.0,0.8223399519920349,0.5227824686050415,nan,0.0,0.7773000001907349,0.6712598177909851,nan,0.0,60000,1,False,,,81,-0.6375440735626221,5bb452877bed4ab5af705e9ff07bdc9f,2019-06-06_07-56-32,1559832992,39.857157468795776,3271.8088958263397,31657,steropes,169.229.49.254,"{'starting_lr': 0.1, 'momentum': 0.9, 'weight_decay': 0.001, 'steps_per_iteration': None, 'pin': False, 'model_creator': None, 'target_batch_size': 128, 'model_string': 'resnet50', 'min_batch_size': 128, 'dataset': 'CIFAR', 'placement': None, 'use_nccl': True, 'devices_per_worker': 1, 'primary_resource': 'extra_gpu', 'gpu': False, 'verbose': False, 'lr_config': {'mode': 'log', 'steps': 5, 'initial_lr': 0.1, 'target_lr': 0.1}, 'batch_per_device': 128}",3271.8088958263397,0,81,1512.29443217767,1,10.174924850463867
0.01665065288543701,0.03148492680320257,0.0006917238235473633,0.0016870742563701348,0.027028703689575197,nan,0.0,0.04662444591522217,0.7857599973678588,0.6428920994949341,-0.7739999890327454,nan,0.0,nan,0.0,nan,0.0,0.8224599957466125,0.5192716065216064,nan,0.0,0.7739999890327454,0.676051105594635,nan,0.0,60000,1,False,,,82,-0.6428920994949341,5bb452877bed4ab5af705e9ff07bdc9f,2019-06-06_07-57-12,1559833032,40.43301749229431,3312.241913318634,31657,steropes,169.229.49.254,"{'starting_lr': 0.1, 'momentum': 0.9, 'weight_decay': 0.001, 'steps_per_iteration': None, 'pin': False, 'model_creator': None, 'target_batch_size': 128, 'model_string': 'resnet50', 'min_batch_size': 128, 'dataset': 'CIFAR', 'placement': None, 'use_nccl': True, 'devices_per_worker': 1, 'primary_resource': 'extra_gpu', 'gpu': False, 'verbose': False, 'lr_config': {'mode': 'log', 'steps': 5, 'initial_lr': 0.1, 'target_lr': 0.1}, 'batch_per_device': 128}",3312.241913318634,0,82,1508.8131775405304,1,10.174924850463867
0.016602730751037596,0.03141110758238201,0.0006805896759033203,0.0016556328824718894,0.027037954330444335,nan,0.0,0.04750645160675049,0.7832999944686889,0.6488319589233399,-0.785099983215332,nan,0.0,nan,0.0,nan,0.0,0.82423996925354,0.5150876074409485,nan,0.0,0.785099983215332,0.6242184010505676,nan,0.0,60000,1,False,,,83,-0.6488319589233399,5bb452877bed4ab5af705e9ff07bdc9f,2019-06-06_07-57-52,1559833072,39.49052119255066,3351.7324345111847,31657,steropes,169.229.49.254,"{'starting_lr': 0.1, 'momentum': 0.9, 'weight_decay': 0.001, 'steps_per_iteration': None, 'pin': False, 'model_creator': None, 'target_batch_size': 128, 'model_string': 'resnet50', 'min_batch_size': 128, 'dataset': 'CIFAR', 'placement': None, 'use_nccl': True, 'devices_per_worker': 1, 'primary_resource': 'extra_gpu', 'gpu': False, 'verbose': False, 'lr_config': {'mode': 'log', 'steps': 5, 'initial_lr': 0.1, 'target_lr': 0.1}, 'batch_per_device': 128}",3351.7324345111847,0,83,1510.0802612731945,1,10.174924850463867
0.01674039363861084,0.031412245352056965,0.0006877899169921875,0.001667610519682355,0.027124977111816405,nan,0.0,0.047258949279785155,0.7876799941062927,0.6358873944473267,-0.7926999926567078,nan,0.0,nan,0.0,nan,0.0,0.8262799978256226,0.510821189365387,nan,0.0,0.7926999926567078,0.6343432346343995,nan,0.0,60000,1,False,,,84,-0.6358873944473267,5bb452877bed4ab5af705e9ff07bdc9f,2019-06-06_07-58-31,1559833111,39.40817832946777,3391.1406128406525,31657,steropes,169.229.49.254,"{'starting_lr': 0.1, 'momentum': 0.9, 'weight_decay': 0.001, 'steps_per_iteration': None, 'pin': False, 'model_creator': None, 'target_batch_size': 128, 'model_string': 'resnet50', 'min_batch_size': 128, 'dataset': 'CIFAR', 'placement': None, 'use_nccl': True, 'devices_per_worker': 1, 'primary_resource': 'extra_gpu', 'gpu': False, 'verbose': False, 'lr_config': {'mode': 'log', 'steps': 5, 'initial_lr': 0.1, 'target_lr': 0.1}, 'batch_per_device': 128}",3391.1406128406525,0,84,1510.348148954032,1,10.174924850463867
0.016890525817871094,0.03125411045702198,0.0007021665573120117,0.001680010115094197,0.02783064842224121,nan,0.0,0.04692237377166748,0.787719988822937,0.6348388918876648,-0.809499979019165,nan,0.0,nan,0.0,nan,0.0,0.8248399496078491,0.513773143157959,nan,0.0,0.809499979019165,0.5683219003677368,nan,0.0,60000,1,False,,,85,-0.6348388918876648,5bb452877bed4ab5af705e9ff07bdc9f,2019-06-06_07-59-11,1559833151,39.77339816093445,3430.914011001587,31657,steropes,169.229.49.254,"{'starting_lr': 0.1, 'momentum': 0.9, 'weight_decay': 0.001, 'steps_per_iteration': None, 'pin': False, 'model_creator': None, 'target_batch_size': 128, 'model_string': 'resnet50', 'min_batch_size': 128, 'dataset': 'CIFAR', 'placement': None, 'use_nccl': True, 'devices_per_worker': 1, 'primary_resource': 'extra_gpu', 'gpu': False, 'verbose': False, 'lr_config': {'mode': 'log', 'steps': 5, 'initial_lr': 0.1, 'target_lr': 0.1}, 'batch_per_device': 128}",3430.914011001587,0,85,1507.8205638272661,1,10.174924850463867
0.016650056838989256,0.03181485586528537,0.0007112264633178711,0.0016523395352961157,0.027298617362976074,nan,0.0,0.047223377227783206,0.7864199876785278,0.6437863405990601,-0.770799994468689,nan,0.0,nan,0.0,nan,0.0,0.823919951915741,0.5118545153999329,nan,0.0,0.770799994468689,0.7159970613479614,nan,0.0,60000,1,False,,,86,-0.6437863405990601,5bb452877bed4ab5af705e9ff07bdc9f,2019-06-06_07-59-51,1559833191,39.84026575088501,3470.754276752472,31657,steropes,169.229.49.254,"{'starting_lr': 0.1, 'momentum': 0.9, 'weight_decay': 0.001, 'steps_per_iteration': None, 'pin': False, 'model_creator': None, 'target_batch_size': 128, 'model_string': 'resnet50', 'min_batch_size': 128, 'dataset': 'CIFAR', 'placement': None, 'use_nccl': True, 'devices_per_worker': 1, 'primary_resource': 'extra_gpu', 'gpu': False, 'verbose': False, 'lr_config': {'mode': 'log', 'steps': 5, 'initial_lr': 0.1, 'target_lr': 0.1}, 'batch_per_device': 128}",3470.754276752472,0,86,1507.9485201877453,1,10.174924850463867
0.016760420799255372,0.03139422815057296,0.0007109403610229492,0.0016667312368407578,0.0276949405670166,nan,0.0,0.04895541667938232,0.7911999821662903,0.6296675475502014,-0.7978999614715576,nan,0.0,nan,0.0,nan,0.0,0.8268199563026428,0.5082772709083557,nan,0.0,0.7978999614715576,0.6054571403503418,nan,0.0,60000,1,False,,,87,-0.6296675475502014,5bb452877bed4ab5af705e9ff07bdc9f,2019-06-06_08-00-31,1559833231,40.7521333694458,3511.5064101219177,31657,steropes,169.229.49.254,"{'starting_lr': 0.1, 'momentum': 0.9, 'weight_decay': 0.001, 'steps_per_iteration': None, 'pin': False, 'model_creator': None, 'target_batch_size': 128, 'model_string': 'resnet50', 'min_batch_size': 128, 'dataset': 'CIFAR', 'placement': None, 'use_nccl': True, 'devices_per_worker': 1, 'primary_resource': 'extra_gpu', 'gpu': False, 'verbose': False, 'lr_config': {'mode': 'log', 'steps': 5, 'initial_lr': 0.1, 'target_lr': 0.1}, 'batch_per_device': 128}",3511.5064101219177,0,87,1505.5336105550239,1,10.174924850463867
0.016882109642028808,0.031725080707405186,0.0006967544555664063,0.0016996781234546086,0.027358365058898926,nan,0.0,0.04659049510955811,0.794159984588623,0.6257386412620545,-0.7998999953269958,nan,0.0,nan,0.0,nan,0.0,0.830299973487854,0.5040296740913391,nan,0.0,0.7998999953269958,0.6045738696098327,nan,0.0,60000,1,False,,,88,-0.6257386412620545,5bb452877bed4ab5af705e9ff07bdc9f,2019-06-06_08-01-11,1559833271,39.628021478652954,3551.1344316005707,31657,steropes,169.229.49.254,"{'starting_lr': 0.1, 'momentum': 0.9, 'weight_decay': 0.001, 'steps_per_iteration': None, 'pin': False, 'model_creator': None, 'target_batch_size': 128, 'model_string': 'resnet50', 'min_batch_size': 128, 'dataset': 'CIFAR', 'placement': None, 'use_nccl': True, 'devices_per_worker': 1, 'primary_resource': 'extra_gpu', 'gpu': False, 'verbose': False, 'lr_config': {'mode': 'log', 'steps': 5, 'initial_lr': 0.1, 'target_lr': 0.1}, 'batch_per_device': 128}",3551.1344316005707,0,88,1504.4954268286067,1,10.174924850463867
