{"apply": 0.017649269104003905, "batch_time": 0.041161835948123206, "d2h": 0.00077362060546875, "data_time": 0.0018353620758446891, "fwd": 0.23211917877197266, "get_state_time_mean": NaN, "get_state_time_total": 0.0, "grad": 0.21129026412963867, "mean_accuracy": 0.16269999742507935, "mean_loss": 45.22574712486267, "neg_mean_accuracy": -0.16269999742507935, "set_state_time_mean": NaN, "set_state_time_total": 0.0, "setup_model_time_mean": 24.095808744430542, "setup_model_time_total": 24.095808744430542, "setup_proc_time_mean": 1.866403579711914, "setup_proc_time_total": 1.866403579711914, "train_accuracy": 0.15265999734401703, "train_loss": 4.021441499786377, "training_time_mean": NaN, "training_time_total": 0.0, "val_accuracy": 0.16269999742507935, "val_loss": 45.22574712486267, "validation_time_mean": NaN, "validation_time_total": 0.0, "samples": 60000, "num_workers": 1, "done": false, "timesteps_total": null, "episodes_total": null, "training_iteration": 1, "neg_mean_loss": -45.22574712486267, "experiment_id": "dd6a3124fd5342198d31a4fdcfe7c0c7", "date": "2019-06-02_20-14-47", "timestamp": 1559531687, "time_this_iter_s": 47.610764026641846, "time_total_s": 47.610764026641846, "pid": 18828, "hostname": "steropes", "node_ip": "169.229.49.254", "config": {"starting_lr": 0.005, "momentum": 0.997, "weight_decay": 0.001, "steps_per_iteration": null, "pin": false, "model_creator": null, "target_batch_size": 128, "model_string": "resnet50", "min_batch_size": 128, "dataset": "CIFAR", "placement": null, "use_nccl": true, "devices_per_worker": 1, "primary_resource": "extra_gpu", "gpu": false, "verbose": false, "lr_config": {"mode": "log", "steps": 5, "initial_lr": 0.005, "target_lr": 0.005}, "batch_per_device": 128}, "time_since_restore": 47.610764026641846, "timesteps_since_restore": 0, "iterations_since_restore": 1, "mean_throughput": 1260.217013230939, "atoms": 1, "setup_time": 27.614461183547974}
{"apply": 0.017876791954040527, "batch_time": 0.03183570994606501, "d2h": 0.0008171558380126953, "data_time": 0.0017920717254014272, "fwd": 0.02806589603424072, "get_state_time_mean": NaN, "get_state_time_total": 0.0, "grad": 0.04774365425109863, "mean_accuracy": 0.1951499953866005, "mean_loss": 23.795473629760743, "neg_mean_accuracy": -0.22759999334812164, "set_state_time_mean": NaN, "set_state_time_total": 0.0, "setup_model_time_mean": NaN, "setup_model_time_total": 0.0, "setup_proc_time_mean": NaN, "setup_proc_time_total": 0.0, "train_accuracy": 0.19817999005317688, "train_loss": 2.3520284632873536, "training_time_mean": NaN, "training_time_total": 0.0, "val_accuracy": 0.22759999334812164, "val_loss": 2.3652001346588136, "validation_time_mean": NaN, "validation_time_total": 0.0, "samples": 60000, "num_workers": 1, "done": false, "timesteps_total": null, "episodes_total": null, "training_iteration": 2, "neg_mean_loss": -23.795473629760743, "experiment_id": "dd6a3124fd5342198d31a4fdcfe7c0c7", "date": "2019-06-02_20-15-27", "timestamp": 1559531727, "time_this_iter_s": 40.326305627822876, "time_total_s": 87.93706965446472, "pid": 18828, "hostname": "steropes", "node_ip": "169.229.49.254", "config": {"starting_lr": 0.005, "momentum": 0.997, "weight_decay": 0.001, "steps_per_iteration": null, "pin": false, "model_creator": null, "target_batch_size": 128, "model_string": "resnet50", "min_batch_size": 128, "dataset": "CIFAR", "placement": null, "use_nccl": true, "devices_per_worker": 1, "primary_resource": "extra_gpu", "gpu": false, "verbose": false, "lr_config": {"mode": "log", "steps": 5, "initial_lr": 0.005, "target_lr": 0.005}, "batch_per_device": 128}, "time_since_restore": 87.93706965446472, "timesteps_since_restore": 0, "iterations_since_restore": 2, "mean_throughput": 1364.6083666298757, "atoms": 1, "setup_time": 27.614461183547974}
{"apply": 0.017197942733764647, "batch_time": 0.03199153610422641, "d2h": 0.0007150888442993164, "data_time": 0.001786835663153997, "fwd": 0.027071022987365724, "get_state_time_mean": NaN, "get_state_time_total": 0.0, "grad": 0.04745261669158936, "mean_accuracy": 0.22726666430632272, "mean_loss": 16.534253712908427, "neg_mean_accuracy": -0.2915000021457672, "set_state_time_mean": NaN, "set_state_time_total": 0.0, "setup_model_time_mean": NaN, "setup_model_time_total": 0.0, "setup_proc_time_mean": NaN, "setup_proc_time_total": 0.0, "train_accuracy": 0.2642199993133545, "train_loss": 1.96454620552063, "training_time_mean": NaN, "training_time_total": 0.0, "val_accuracy": 0.2915000021457672, "val_loss": 2.0118138792037965, "validation_time_mean": NaN, "validation_time_total": 0.0, "samples": 60000, "num_workers": 1, "done": true, "timesteps_total": null, "episodes_total": null, "training_iteration": 3, "neg_mean_loss": -16.534253712908427, "experiment_id": "dd6a3124fd5342198d31a4fdcfe7c0c7", "date": "2019-06-02_20-16-07", "timestamp": 1559531767, "time_this_iter_s": 40.29153084754944, "time_total_s": 128.22860050201416, "pid": 18828, "hostname": "steropes", "node_ip": "169.229.49.254", "config": {"starting_lr": 0.005, "momentum": 0.997, "weight_decay": 0.001, "steps_per_iteration": null, "pin": false, "model_creator": null, "target_batch_size": 128, "model_string": "resnet50", "min_batch_size": 128, "dataset": "CIFAR", "placement": null, "use_nccl": true, "devices_per_worker": 1, "primary_resource": "extra_gpu", "gpu": false, "verbose": false, "lr_config": {"mode": "log", "steps": 5, "initial_lr": 0.005, "target_lr": 0.005}, "batch_per_device": 128}, "time_since_restore": 128.22860050201416, "timesteps_since_restore": 0, "iterations_since_restore": 3, "mean_throughput": 1403.7393745456752, "atoms": 1, "setup_time": 27.614461183547974}
