{"apply": 0.017990851402282716, "batch_time": 0.04169843166689329, "d2h": 0.0007502317428588867, "data_time": 0.0018969838271665452, "fwd": 0.11642217636108398, "get_state_time_mean": NaN, "get_state_time_total": 0.0, "grad": 0.16794257164001464, "mean_accuracy": 0.15429998934268951, "mean_loss": 2.2794552433013915, "neg_mean_accuracy": -0.15429998934268951, "set_state_time_mean": NaN, "set_state_time_total": 0.0, "setup_model_time_mean": 8.921785354614258, "setup_model_time_total": 8.921785354614258, "setup_proc_time_mean": 0.7137830257415771, "setup_proc_time_total": 0.7137830257415771, "train_accuracy": 0.12759999930858612, "train_loss": 2.6345702823638915, "training_time_mean": NaN, "training_time_total": 0.0, "val_accuracy": 0.15429998934268951, "val_loss": 2.2794552433013915, "validation_time_mean": NaN, "validation_time_total": 0.0, "samples": 60000, "num_workers": 1, "done": false, "timesteps_total": null, "episodes_total": null, "training_iteration": 1, "neg_mean_loss": -2.2794552433013915, "experiment_id": "d9ed6a2654b847c58baa3b28194e2c11", "date": "2019-06-06_13-29-00", "timestamp": 1559852940, "time_this_iter_s": 46.68652367591858, "time_total_s": 46.68652367591858, "pid": 25751, "hostname": "steropes", "node_ip": "169.229.49.254", "config": {"starting_lr": 0.0001, "momentum": 0.95, "weight_decay": 0.001, "steps_per_iteration": null, "pin": false, "model_creator": null, "target_batch_size": 128, "model_string": "resnet50", "min_batch_size": 128, "dataset": "CIFAR", "placement": null, "use_nccl": true, "devices_per_worker": 1, "primary_resource": "extra_gpu", "gpu": false, "verbose": false, "lr_config": {"mode": "log", "steps": 5, "initial_lr": 0.0001, "target_lr": 0.0001}, "batch_per_device": 128}, "time_since_restore": 46.68652367591858, "timesteps_since_restore": 0, "iterations_since_restore": 1, "mean_throughput": 1285.165094516674, "atoms": 1, "setup_time": 10.008654594421387}
{"apply": 0.018873429298400878, "batch_time": 0.032164226604413385, "d2h": 0.0007961750030517578, "data_time": 0.001775720235331894, "fwd": 0.029389262199401855, "get_state_time_mean": NaN, "get_state_time_total": 0.0, "grad": 0.048416423797607425, "mean_accuracy": 0.17989999055862427, "mean_loss": 2.2130714982986452, "neg_mean_accuracy": -0.20549999177455902, "set_state_time_mean": NaN, "set_state_time_total": 0.0, "setup_model_time_mean": NaN, "setup_model_time_total": 0.0, "setup_proc_time_mean": NaN, "setup_proc_time_total": 0.0, "train_accuracy": 0.17141999304294586, "train_loss": 2.24230754196167, "training_time_mean": NaN, "training_time_total": 0.0, "val_accuracy": 0.20549999177455902, "val_loss": 2.1466877532958986, "validation_time_mean": NaN, "validation_time_total": 0.0, "samples": 60000, "num_workers": 1, "done": false, "timesteps_total": null, "episodes_total": null, "training_iteration": 2, "neg_mean_loss": -2.2130714982986452, "experiment_id": "d9ed6a2654b847c58baa3b28194e2c11", "date": "2019-06-06_13-29-41", "timestamp": 1559852981, "time_this_iter_s": 41.087103843688965, "time_total_s": 87.77362751960754, "pid": 25751, "hostname": "steropes", "node_ip": "169.229.49.254", "config": {"starting_lr": 0.0001, "momentum": 0.95, "weight_decay": 0.001, "steps_per_iteration": null, "pin": false, "model_creator": null, "target_batch_size": 128, "model_string": "resnet50", "min_batch_size": 128, "dataset": "CIFAR", "placement": null, "use_nccl": true, "devices_per_worker": 1, "primary_resource": "extra_gpu", "gpu": false, "verbose": false, "lr_config": {"mode": "log", "steps": 5, "initial_lr": 0.0001, "target_lr": 0.0001}, "batch_per_device": 128}, "time_since_restore": 87.77362751960754, "timesteps_since_restore": 0, "iterations_since_restore": 2, "mean_throughput": 1367.1506193324983, "atoms": 1, "setup_time": 10.008654594421387}
{"apply": 0.018807315826416017, "batch_time": 0.03291447554962545, "d2h": 0.0007670164108276367, "data_time": 0.0018637930340779103, "fwd": 0.029012203216552734, "get_state_time_mean": NaN, "get_state_time_total": 0.0, "grad": 0.05063014030456543, "mean_accuracy": 0.19753332436084747, "mean_loss": 2.1612399335225425, "neg_mean_accuracy": -0.23279999196529388, "set_state_time_mean": NaN, "set_state_time_total": 0.0, "setup_model_time_mean": NaN, "setup_model_time_total": 0.0, "setup_proc_time_mean": NaN, "setup_proc_time_total": 0.0, "train_accuracy": 0.20277999341487885, "train_loss": 2.143109890060425, "training_time_mean": NaN, "training_time_total": 0.0, "val_accuracy": 0.23279999196529388, "val_loss": 2.057576803970337, "validation_time_mean": NaN, "validation_time_total": 0.0, "samples": 60000, "num_workers": 1, "done": true, "timesteps_total": null, "episodes_total": null, "training_iteration": 3, "neg_mean_loss": -2.1612399335225425, "experiment_id": "d9ed6a2654b847c58baa3b28194e2c11", "date": "2019-06-06_13-30-23", "timestamp": 1559853023, "time_this_iter_s": 41.596004247665405, "time_total_s": 129.36963176727295, "pid": 25751, "hostname": "steropes", "node_ip": "169.229.49.254", "config": {"starting_lr": 0.0001, "momentum": 0.95, "weight_decay": 0.001, "steps_per_iteration": null, "pin": false, "model_creator": null, "target_batch_size": 128, "model_string": "resnet50", "min_batch_size": 128, "dataset": "CIFAR", "placement": null, "use_nccl": true, "devices_per_worker": 1, "primary_resource": "extra_gpu", "gpu": false, "verbose": false, "lr_config": {"mode": "log", "steps": 5, "initial_lr": 0.0001, "target_lr": 0.0001}, "batch_per_device": 128}, "time_since_restore": 129.36963176727295, "timesteps_since_restore": 0, "iterations_since_restore": 3, "mean_throughput": 1391.3570238909492, "atoms": 1, "setup_time": 10.008654594421387}
