apply,batch_time,d2h,data_time,fwd,get_state_time_mean,get_state_time_total,grad,mean_accuracy,mean_loss,neg_mean_accuracy,set_state_time_mean,set_state_time_total,setup_model_time_mean,setup_model_time_total,setup_proc_time_mean,setup_proc_time_total,train_accuracy,train_loss,training_time_mean,training_time_total,validation_time_mean,validation_time_total,samples,num_workers,done,timesteps_total,episodes_total,training_iteration,neg_mean_loss,experiment_id,date,timestamp,time_this_iter_s,time_total_s,pid,hostname,node_ip,config,time_since_restore,timesteps_since_restore,iterations_since_restore,mean_throughput,atoms
0.006861305236816407,0.17448441982269286,0.005006098747253418,0.03816907746451242,0.07817733287811279,nan,0.0,0.14615252017974853,0.4047999978065491,1.6274694381713868,-0.4047999978065491,nan,0.0,8.967747688293457,8.967747688293457,0.21669793128967285,0.21669793128967285,0.2947799861431122,2.2989054067611696,nan,0.0,nan,0.0,60000,1,False,,,1,-1.6274694381713868,07640df7a6a44dbbaf4fb9689a33bb80,2019-05-30_14-52-40,1559253160,11.157934188842773,11.157934188842773,20454,steropes,169.229.49.254,"{'starting_lr': 0.01, 'momentum': 0.95, 'weight_decay': 0.0005, 'steps_per_iteration': None, 'pin': False, 'model_creator': None, 'target_batch_size': 1024, 'model_string': 'resnet18', 'min_batch_size': 512, 'dataset': 'CIFAR', 'placement': None, 'use_nccl': True, 'devices_per_worker': 1, 'primary_resource': 'extra_gpu', 'gpu': False, 'verbose': False, 'lr_config': {'mode': 'log', 'steps': 5, 'initial_lr': 0.01, 'target_lr': 0.01}, 'batch_per_device': 1024}",11.157934188842773,0,1,5377.2996070629315,1
0.006746649742126465,0.12063889503479004,0.005238127708435058,0.043749887116101324,0.02132573127746582,nan,0.0,0.0423586368560791,0.49129998683929443,1.404532800102234,-0.49129998683929443,nan,0.0,nan,0.0,nan,0.0,0.44227999448776245,1.5206781719970703,nan,0.0,nan,0.0,60000,1,False,,,2,-1.404532800102234,07640df7a6a44dbbaf4fb9689a33bb80,2019-05-30_14-52-47,1559253167,7.299878835678101,18.457813024520874,20454,steropes,169.229.49.254,"{'starting_lr': 0.01, 'momentum': 0.95, 'weight_decay': 0.0005, 'steps_per_iteration': None, 'pin': False, 'model_creator': None, 'target_batch_size': 1024, 'model_string': 'resnet18', 'min_batch_size': 512, 'dataset': 'CIFAR', 'placement': None, 'use_nccl': True, 'devices_per_worker': 1, 'primary_resource': 'extra_gpu', 'gpu': False, 'verbose': False, 'lr_config': {'mode': 'log', 'steps': 5, 'initial_lr': 0.01, 'target_lr': 0.01}, 'batch_per_device': 1024}",18.457813024520874,0,2,6501.255161001548,1
0.007126522064208984,0.11977989673614502,0.004782462120056152,0.05324611371877242,0.021719813346862793,nan,0.0,0.04201948642730713,0.5119999647140503,1.3563208881378175,-0.5119999647140503,nan,0.0,nan,0.0,nan,0.0,0.50382000207901,1.366597692718506,nan,0.0,nan,0.0,60000,1,False,,,3,-1.3563208881378175,07640df7a6a44dbbaf4fb9689a33bb80,2019-05-30_14-52-55,1559253175,7.789436340332031,26.247249364852905,20454,steropes,169.229.49.254,"{'starting_lr': 0.01, 'momentum': 0.95, 'weight_decay': 0.0005, 'steps_per_iteration': None, 'pin': False, 'model_creator': None, 'target_batch_size': 1024, 'model_string': 'resnet18', 'min_batch_size': 512, 'dataset': 'CIFAR', 'placement': None, 'use_nccl': True, 'devices_per_worker': 1, 'primary_resource': 'extra_gpu', 'gpu': False, 'verbose': False, 'lr_config': {'mode': 'log', 'steps': 5, 'initial_lr': 0.01, 'target_lr': 0.01}, 'batch_per_device': 1024}",26.247249364852905,0,3,6857.799982250875,1
0.006919479370117188,0.1191321849822998,0.004302430152893067,0.0434486233458227,0.021206116676330565,nan,0.0,0.04180140495300293,0.5633000135421753,1.1982595554351807,-0.5633000135421753,nan,0.0,nan,0.0,nan,0.0,0.54339998960495,1.2637397152328491,nan,0.0,nan,0.0,60000,1,False,,,4,-1.1982595554351807,07640df7a6a44dbbaf4fb9689a33bb80,2019-05-30_14-53-03,1559253183,7.281143426895142,33.52839279174805,20454,steropes,169.229.49.254,"{'starting_lr': 0.01, 'momentum': 0.95, 'weight_decay': 0.0005, 'steps_per_iteration': None, 'pin': False, 'model_creator': None, 'target_batch_size': 1024, 'model_string': 'resnet18', 'min_batch_size': 512, 'dataset': 'CIFAR', 'placement': None, 'use_nccl': True, 'devices_per_worker': 1, 'primary_resource': 'extra_gpu', 'gpu': False, 'verbose': False, 'lr_config': {'mode': 'log', 'steps': 5, 'initial_lr': 0.01, 'target_lr': 0.01}, 'batch_per_device': 1024}",33.52839279174805,0,4,7158.045544371699,1
0.006828522682189942,0.12010953426361085,0.004772615432739258,0.047108290146808236,0.020775914192199707,nan,0.0,0.04296066761016846,0.5715999603271484,1.1848831338882446,-0.5715999603271484,nan,0.0,nan,0.0,nan,0.0,0.5705199837684631,1.1841357740020753,nan,0.0,nan,0.0,60000,1,False,,,5,-1.1848831338882446,07640df7a6a44dbbaf4fb9689a33bb80,2019-05-30_14-53-10,1559253190,7.452859163284302,40.98125195503235,20454,steropes,169.229.49.254,"{'starting_lr': 0.01, 'momentum': 0.95, 'weight_decay': 0.0005, 'steps_per_iteration': None, 'pin': False, 'model_creator': None, 'target_batch_size': 1024, 'model_string': 'resnet18', 'min_batch_size': 512, 'dataset': 'CIFAR', 'placement': None, 'use_nccl': True, 'devices_per_worker': 1, 'primary_resource': 'extra_gpu', 'gpu': False, 'verbose': False, 'lr_config': {'mode': 'log', 'steps': 5, 'initial_lr': 0.01, 'target_lr': 0.01}, 'batch_per_device': 1024}",40.98125195503235,0,5,7320.351028848993,1
0.006758284568786621,0.11764323711395264,0.0047313451766967775,0.04592097535425303,0.02089848518371582,nan,0.0,0.042246031761169436,0.592199981212616,1.1258909276962281,-0.592199981212616,nan,0.0,nan,0.0,nan,0.0,0.6020399928092957,1.113047243232727,nan,0.0,nan,0.0,60000,1,False,,,6,-1.1258909276962281,07640df7a6a44dbbaf4fb9689a33bb80,2019-05-30_14-53-17,1559253197,7.367636680603027,48.348888635635376,20454,steropes,169.229.49.254,"{'starting_lr': 0.01, 'momentum': 0.95, 'weight_decay': 0.0005, 'steps_per_iteration': None, 'pin': False, 'model_creator': None, 'target_batch_size': 1024, 'model_string': 'resnet18', 'min_batch_size': 512, 'dataset': 'CIFAR', 'placement': None, 'use_nccl': True, 'devices_per_worker': 1, 'primary_resource': 'extra_gpu', 'gpu': False, 'verbose': False, 'lr_config': {'mode': 'log', 'steps': 5, 'initial_lr': 0.01, 'target_lr': 0.01}, 'batch_per_device': 1024}",48.348888635635376,0,6,8066.395095064121,1
0.00677638053894043,0.11813721656799317,0.004901599884033203,0.0430028146626998,0.021191906929016114,nan,0.0,0.042536687850952146,0.6283999681472778,1.0498436281204224,-0.6283999681472778,nan,0.0,nan,0.0,nan,0.0,0.6246799826622009,1.0499367494392395,nan,0.0,nan,0.0,60000,1,False,,,7,-1.0498436281204224,07640df7a6a44dbbaf4fb9689a33bb80,2019-05-30_14-53-25,1559253205,7.252439260482788,55.601327896118164,20454,steropes,169.229.49.254,"{'starting_lr': 0.01, 'momentum': 0.95, 'weight_decay': 0.0005, 'steps_per_iteration': None, 'pin': False, 'model_creator': None, 'target_batch_size': 1024, 'model_string': 'resnet18', 'min_batch_size': 512, 'dataset': 'CIFAR', 'placement': None, 'use_nccl': True, 'devices_per_worker': 1, 'primary_resource': 'extra_gpu', 'gpu': False, 'verbose': False, 'lr_config': {'mode': 'log', 'steps': 5, 'initial_lr': 0.01, 'target_lr': 0.01}, 'batch_per_device': 1024}",55.601327896118164,0,7,8076.697622122842,1
0.00692906379699707,0.12191238403320312,0.004684829711914062,0.04439610851054289,0.02090167999267578,nan,0.0,0.04190406799316406,0.642300009727478,1.0181014658927918,-0.642300009727478,nan,0.0,nan,0.0,nan,0.0,0.6370599865913391,1.0055859383392334,nan,0.0,nan,0.0,60000,1,False,,,8,-1.0181014658927918,07640df7a6a44dbbaf4fb9689a33bb80,2019-05-30_14-53-32,1559253212,7.2891013622283936,62.89042925834656,20454,steropes,169.229.49.254,"{'starting_lr': 0.01, 'momentum': 0.95, 'weight_decay': 0.0005, 'steps_per_iteration': None, 'pin': False, 'model_creator': None, 'target_batch_size': 1024, 'model_string': 'resnet18', 'min_batch_size': 512, 'dataset': 'CIFAR', 'placement': None, 'use_nccl': True, 'devices_per_worker': 1, 'primary_resource': 'extra_gpu', 'gpu': False, 'verbose': False, 'lr_config': {'mode': 'log', 'steps': 5, 'initial_lr': 0.01, 'target_lr': 0.01}, 'batch_per_device': 1024}",62.89042925834656,0,8,8186.977108321895,1
0.00792679786682129,0.12270510196685791,0.0049352884292602536,0.04185419666523836,0.022638821601867677,nan,0.0,0.04261002540588379,0.66839998960495,0.9531616212844849,-0.66839998960495,nan,0.0,nan,0.0,nan,0.0,0.6524199843406677,0.9668690658950806,nan,0.0,nan,0.0,60000,1,False,,,9,-0.9531616212844849,07640df7a6a44dbbaf4fb9689a33bb80,2019-05-30_14-53-39,1559253219,7.255792140960693,70.14622139930725,20454,steropes,169.229.49.254,"{'starting_lr': 0.01, 'momentum': 0.95, 'weight_decay': 0.0005, 'steps_per_iteration': None, 'pin': False, 'model_creator': None, 'target_batch_size': 1024, 'model_string': 'resnet18', 'min_batch_size': 512, 'dataset': 'CIFAR', 'placement': None, 'use_nccl': True, 'devices_per_worker': 1, 'primary_resource': 'extra_gpu', 'gpu': False, 'verbose': False, 'lr_config': {'mode': 'log', 'steps': 5, 'initial_lr': 0.01, 'target_lr': 0.01}, 'batch_per_device': 1024}",70.14622139930725,0,9,8192.645437515881,1
0.008270192146301269,0.11737463474273682,0.00472266674041748,0.042940509562589685,0.02194821834564209,nan,0.0,0.04241039752960205,0.6764000058174133,0.9244488602638244,-0.6764000058174133,nan,0.0,nan,0.0,nan,0.0,0.670699954032898,0.9229927631950379,nan,0.0,nan,0.0,60000,1,False,,,10,-0.9244488602638244,07640df7a6a44dbbaf4fb9689a33bb80,2019-05-30_14-53-46,1559253226,7.228457689285278,77.37467908859253,20454,steropes,169.229.49.254,"{'starting_lr': 0.01, 'momentum': 0.95, 'weight_decay': 0.0005, 'steps_per_iteration': None, 'pin': False, 'model_creator': None, 'target_batch_size': 1024, 'model_string': 'resnet18', 'min_batch_size': 512, 'dataset': 'CIFAR', 'placement': None, 'use_nccl': True, 'devices_per_worker': 1, 'primary_resource': 'extra_gpu', 'gpu': False, 'verbose': False, 'lr_config': {'mode': 'log', 'steps': 5, 'initial_lr': 0.01, 'target_lr': 0.01}, 'batch_per_device': 1024}",77.37467908859253,0,10,8243.160888254326,1
0.00755307674407959,0.12218427658081055,0.005041956901550293,0.04080021624662438,0.0220991849899292,nan,0.0,0.04385554790496826,0.6703000068664551,0.9444627885818482,-0.6703000068664551,nan,0.0,nan,0.0,nan,0.0,0.6862399578094482,0.8757732775115967,nan,0.0,nan,0.0,60000,1,False,,,11,-0.9444627885818482,07640df7a6a44dbbaf4fb9689a33bb80,2019-05-30_14-53-54,1559253234,7.207930088043213,84.58260917663574,20454,steropes,169.229.49.254,"{'starting_lr': 0.01, 'momentum': 0.95, 'weight_decay': 0.0005, 'steps_per_iteration': None, 'pin': False, 'model_creator': None, 'target_batch_size': 1024, 'model_string': 'resnet18', 'min_batch_size': 512, 'dataset': 'CIFAR', 'placement': None, 'use_nccl': True, 'devices_per_worker': 1, 'primary_resource': 'extra_gpu', 'gpu': False, 'verbose': False, 'lr_config': {'mode': 'log', 'steps': 5, 'initial_lr': 0.01, 'target_lr': 0.01}, 'batch_per_device': 1024}",84.58260917663574,0,11,8279.45682961793,1
0.00768730640411377,0.12997584342956542,0.0051745414733886715,0.044185614099307935,0.02208125591278076,nan,0.0,0.043314552307128905,0.6729999780654907,0.9328987779617309,-0.6729999780654907,nan,0.0,nan,0.0,nan,0.0,0.6924600005149841,0.855064295501709,nan,0.0,nan,0.0,60000,1,False,,,12,-0.9328987779617309,07640df7a6a44dbbaf4fb9689a33bb80,2019-05-30_14-54-01,1559253241,7.446059465408325,92.02866864204407,20454,steropes,169.229.49.254,"{'starting_lr': 0.01, 'momentum': 0.95, 'weight_decay': 0.0005, 'steps_per_iteration': None, 'pin': False, 'model_creator': None, 'target_batch_size': 1024, 'model_string': 'resnet18', 'min_batch_size': 512, 'dataset': 'CIFAR', 'placement': None, 'use_nccl': True, 'devices_per_worker': 1, 'primary_resource': 'extra_gpu', 'gpu': False, 'verbose': False, 'lr_config': {'mode': 'log', 'steps': 5, 'initial_lr': 0.01, 'target_lr': 0.01}, 'batch_per_device': 1024}",92.02866864204407,0,12,8235.450095300655,1
0.007304739952087402,0.12297320365905762,0.005149626731872558,0.045637266976492744,0.022410035133361816,nan,0.0,0.04259042739868164,0.7038999795913696,0.8531035685539246,-0.7038999795913696,nan,0.0,nan,0.0,nan,0.0,0.7045999765396118,0.8303769247627258,nan,0.0,nan,0.0,60000,1,False,,,13,-0.8531035685539246,07640df7a6a44dbbaf4fb9689a33bb80,2019-05-30_14-54-09,1559253249,7.458889961242676,99.48755860328674,20454,steropes,169.229.49.254,"{'starting_lr': 0.01, 'momentum': 0.95, 'weight_decay': 0.0005, 'steps_per_iteration': None, 'pin': False, 'model_creator': None, 'target_batch_size': 1024, 'model_string': 'resnet18', 'min_batch_size': 512, 'dataset': 'CIFAR', 'placement': None, 'use_nccl': True, 'devices_per_worker': 1, 'primary_resource': 'extra_gpu', 'gpu': False, 'verbose': False, 'lr_config': {'mode': 'log', 'steps': 5, 'initial_lr': 0.01, 'target_lr': 0.01}, 'batch_per_device': 1024}",99.48755860328674,0,13,8197.243941321081,1
0.0077566862106323246,0.11814866065979004,0.004854178428649903,0.04266704831804548,0.021311044692993164,nan,0.0,0.0419675350189209,0.7062000036239624,0.8531409909248352,-0.7062000036239624,nan,0.0,nan,0.0,nan,0.0,0.7157599925994873,0.792834105167389,nan,0.0,nan,0.0,60000,1,False,,,14,-0.8531409909248352,07640df7a6a44dbbaf4fb9689a33bb80,2019-05-30_14-54-16,1559253256,7.267503023147583,106.75506162643433,20454,steropes,169.229.49.254,"{'starting_lr': 0.01, 'momentum': 0.95, 'weight_decay': 0.0005, 'steps_per_iteration': None, 'pin': False, 'model_creator': None, 'target_batch_size': 1024, 'model_string': 'resnet18', 'min_batch_size': 512, 'dataset': 'CIFAR', 'placement': None, 'use_nccl': True, 'devices_per_worker': 1, 'primary_resource': 'extra_gpu', 'gpu': False, 'verbose': False, 'lr_config': {'mode': 'log', 'steps': 5, 'initial_lr': 0.01, 'target_lr': 0.01}, 'batch_per_device': 1024}",106.75506162643433,0,14,8194.622599334232,1
0.007576990127563477,0.12373955249786377,0.005013179779052734,0.043200064678581396,0.02167508602142334,nan,0.0,0.0420689582824707,0.6900999546051025,0.8979649726867676,-0.6900999546051025,nan,0.0,nan,0.0,nan,0.0,0.720579981803894,0.7791310827636718,nan,0.0,nan,0.0,60000,1,False,,,15,-0.8979649726867676,07640df7a6a44dbbaf4fb9689a33bb80,2019-05-30_14-54-23,1559253263,7.324466943740845,114.07952857017517,20454,steropes,169.229.49.254,"{'starting_lr': 0.01, 'momentum': 0.95, 'weight_decay': 0.0005, 'steps_per_iteration': None, 'pin': False, 'model_creator': None, 'target_batch_size': 1024, 'model_string': 'resnet18', 'min_batch_size': 512, 'dataset': 'CIFAR', 'placement': None, 'use_nccl': True, 'devices_per_worker': 1, 'primary_resource': 'extra_gpu', 'gpu': False, 'verbose': False, 'lr_config': {'mode': 'log', 'steps': 5, 'initial_lr': 0.01, 'target_lr': 0.01}, 'batch_per_device': 1024}",114.07952857017517,0,15,8173.188576401946,1
0.006885743141174317,0.12105319499969483,0.004939079284667969,0.043262632525697044,0.02112743854522705,nan,0.0,0.0416834831237793,0.7099999785423279,0.846586818599701,-0.7099999785423279,nan,0.0,nan,0.0,nan,0.0,0.731939971446991,0.7547949657821655,nan,0.0,nan,0.0,60000,1,False,,,16,-0.846586818599701,07640df7a6a44dbbaf4fb9689a33bb80,2019-05-30_14-54-30,1559253270,7.274774551391602,121.35430312156677,20454,steropes,169.229.49.254,"{'starting_lr': 0.01, 'momentum': 0.95, 'weight_decay': 0.0005, 'steps_per_iteration': None, 'pin': False, 'model_creator': None, 'target_batch_size': 1024, 'model_string': 'resnet18', 'min_batch_size': 512, 'dataset': 'CIFAR', 'placement': None, 'use_nccl': True, 'devices_per_worker': 1, 'primary_resource': 'extra_gpu', 'gpu': False, 'verbose': False, 'lr_config': {'mode': 'log', 'steps': 5, 'initial_lr': 0.01, 'target_lr': 0.01}, 'batch_per_device': 1024}",121.35430312156677,0,16,8158.367343085612,1
0.007213735580444336,0.11821324825286865,0.00486149787902832,0.043597844182228555,0.021233797073364258,nan,0.0,0.041961669921875,0.7093999981880188,0.8397605612754822,-0.7093999981880188,nan,0.0,nan,0.0,nan,0.0,0.7387799620628357,0.7283805957794189,nan,0.0,nan,0.0,60000,1,False,,,17,-0.8397605612754822,07640df7a6a44dbbaf4fb9689a33bb80,2019-05-30_14-54-38,1559253278,7.27867865562439,128.63298177719116,20454,steropes,169.229.49.254,"{'starting_lr': 0.01, 'momentum': 0.95, 'weight_decay': 0.0005, 'steps_per_iteration': None, 'pin': False, 'model_creator': None, 'target_batch_size': 1024, 'model_string': 'resnet18', 'min_batch_size': 512, 'dataset': 'CIFAR', 'placement': None, 'use_nccl': True, 'devices_per_worker': 1, 'primary_resource': 'extra_gpu', 'gpu': False, 'verbose': False, 'lr_config': {'mode': 'log', 'steps': 5, 'initial_lr': 0.01, 'target_lr': 0.01}, 'batch_per_device': 1024}",128.63298177719116,0,17,8195.674127114056,1
0.007821989059448243,0.12248151302337647,0.005083441734313965,0.041440520967756,0.021369433403015135,nan,0.0,0.04254214763641358,0.7228999733924866,0.7999865592956543,-0.7228999733924866,nan,0.0,nan,0.0,nan,0.0,0.7476399540901184,0.7071893040275574,nan,0.0,nan,0.0,60000,1,False,,,18,-0.7999865592956543,07640df7a6a44dbbaf4fb9689a33bb80,2019-05-30_14-54-45,1559253285,7.244006395339966,135.87698817253113,20454,steropes,169.229.49.254,"{'starting_lr': 0.01, 'momentum': 0.95, 'weight_decay': 0.0005, 'steps_per_iteration': None, 'pin': False, 'model_creator': None, 'target_batch_size': 1024, 'model_string': 'resnet18', 'min_batch_size': 512, 'dataset': 'CIFAR', 'placement': None, 'use_nccl': True, 'devices_per_worker': 1, 'primary_resource': 'extra_gpu', 'gpu': False, 'verbose': False, 'lr_config': {'mode': 'log', 'steps': 5, 'initial_lr': 0.01, 'target_lr': 0.01}, 'batch_per_device': 1024}",135.87698817253113,0,18,8244.068322530677,1
0.008810663223266601,0.12065358161926269,0.005382609367370605,0.039740577036020706,0.022817063331604003,nan,0.0,0.043305063247680665,0.7069999575614929,0.8435217697143554,-0.7069999575614929,nan,0.0,nan,0.0,nan,0.0,0.7554199695587158,0.6902882007217407,nan,0.0,nan,0.0,60000,1,False,,,19,-0.8435217697143554,07640df7a6a44dbbaf4fb9689a33bb80,2019-05-30_14-54-52,1559253292,7.203336000442505,143.08032417297363,20454,steropes,169.229.49.254,"{'starting_lr': 0.01, 'momentum': 0.95, 'weight_decay': 0.0005, 'steps_per_iteration': None, 'pin': False, 'model_creator': None, 'target_batch_size': 1024, 'model_string': 'resnet18', 'min_batch_size': 512, 'dataset': 'CIFAR', 'placement': None, 'use_nccl': True, 'devices_per_worker': 1, 'primary_resource': 'extra_gpu', 'gpu': False, 'verbose': False, 'lr_config': {'mode': 'log', 'steps': 5, 'initial_lr': 0.01, 'target_lr': 0.01}, 'batch_per_device': 1024}",143.08032417297363,0,19,8258.628799828544,1
0.0067234039306640625,0.11907687187194824,0.004947733879089355,0.043477515785061586,0.020769453048706053,nan,0.0,0.04224848747253418,0.7274999618530273,0.793852509212494,-0.7274999618530273,nan,0.0,nan,0.0,nan,0.0,0.7569800019264221,0.6861384085273743,nan,0.0,nan,0.0,60000,1,False,,,20,-0.793852509212494,07640df7a6a44dbbaf4fb9689a33bb80,2019-05-30_14-54-59,1559253299,7.262919902801514,150.34324407577515,20454,steropes,169.229.49.254,"{'starting_lr': 0.01, 'momentum': 0.95, 'weight_decay': 0.0005, 'steps_per_iteration': None, 'pin': False, 'model_creator': None, 'target_batch_size': 1024, 'model_string': 'resnet18', 'min_batch_size': 512, 'dataset': 'CIFAR', 'placement': None, 'use_nccl': True, 'devices_per_worker': 1, 'primary_resource': 'extra_gpu', 'gpu': False, 'verbose': False, 'lr_config': {'mode': 'log', 'steps': 5, 'initial_lr': 0.01, 'target_lr': 0.01}, 'batch_per_device': 1024}",150.34324407577515,0,20,8272.644822427486,1
0.006962728500366211,0.12047855854034424,0.004879260063171386,0.046551675212626556,0.02086296081542969,nan,0.0,0.041833686828613284,0.73499995470047,0.7966251242637634,-0.73499995470047,nan,0.0,nan,0.0,nan,0.0,0.7664200067520142,0.6536823989868165,nan,0.0,nan,0.0,60000,1,False,,,21,-0.7966251242637634,07640df7a6a44dbbaf4fb9689a33bb80,2019-05-30_14-55-07,1559253307,7.405595064163208,157.74883913993835,20454,steropes,169.229.49.254,"{'starting_lr': 0.01, 'momentum': 0.95, 'weight_decay': 0.0005, 'steps_per_iteration': None, 'pin': False, 'model_creator': None, 'target_batch_size': 1024, 'model_string': 'resnet18', 'min_batch_size': 512, 'dataset': 'CIFAR', 'placement': None, 'use_nccl': True, 'devices_per_worker': 1, 'primary_resource': 'extra_gpu', 'gpu': False, 'verbose': False, 'lr_config': {'mode': 'log', 'steps': 5, 'initial_lr': 0.01, 'target_lr': 0.01}, 'batch_per_device': 1024}",157.74883913993835,0,21,8242.908978624702,1
0.006848454475402832,0.12025046348571777,0.004852962493896484,0.04594513348170689,0.02174222469329834,nan,0.0,0.04225943088531494,0.7324999570846558,0.8035130567550659,-0.7324999570846558,nan,0.0,nan,0.0,nan,0.0,0.7730399966239929,0.6340391437911987,nan,0.0,nan,0.0,60000,1,False,,,22,-0.8035130567550659,07640df7a6a44dbbaf4fb9689a33bb80,2019-05-30_14-55-14,1559253314,7.394294023513794,165.14313316345215,20454,steropes,169.229.49.254,"{'starting_lr': 0.01, 'momentum': 0.95, 'weight_decay': 0.0005, 'steps_per_iteration': None, 'pin': False, 'model_creator': None, 'target_batch_size': 1024, 'model_string': 'resnet18', 'min_batch_size': 512, 'dataset': 'CIFAR', 'placement': None, 'use_nccl': True, 'devices_per_worker': 1, 'primary_resource': 'extra_gpu', 'gpu': False, 'verbose': False, 'lr_config': {'mode': 'log', 'steps': 5, 'initial_lr': 0.01, 'target_lr': 0.01}, 'batch_per_device': 1024}",165.14313316345215,0,22,8216.80565896924,1
0.007032537460327148,0.11922643184661866,0.004927396774291992,0.04490795427439164,0.02137300968170166,nan,0.0,0.04276754856109619,0.7432999610900879,0.7463389170646667,-0.7432999610900879,nan,0.0,nan,0.0,nan,0.0,0.7749199867248535,0.6244992604255676,nan,0.0,nan,0.0,60000,1,False,,,23,-0.7463389170646667,07640df7a6a44dbbaf4fb9689a33bb80,2019-05-30_14-55-22,1559253322,7.361968517303467,172.50510168075562,20454,steropes,169.229.49.254,"{'starting_lr': 0.01, 'momentum': 0.95, 'weight_decay': 0.0005, 'steps_per_iteration': None, 'pin': False, 'model_creator': None, 'target_batch_size': 1024, 'model_string': 'resnet18', 'min_batch_size': 512, 'dataset': 'CIFAR', 'placement': None, 'use_nccl': True, 'devices_per_worker': 1, 'primary_resource': 'extra_gpu', 'gpu': False, 'verbose': False, 'lr_config': {'mode': 'log', 'steps': 5, 'initial_lr': 0.01, 'target_lr': 0.01}, 'batch_per_device': 1024}",172.50510168075562,0,23,8190.343694948877,1
0.00723724365234375,0.11791768074035644,0.004894137382507324,0.04262358315136968,0.0214719295501709,nan,0.0,0.04312009811401367,0.7404999732971191,0.7739928534507752,-0.7404999732971191,nan,0.0,nan,0.0,nan,0.0,0.7884999513626099,0.5946878409767151,nan,0.0,nan,0.0,60000,1,False,,,24,-0.7739928534507752,07640df7a6a44dbbaf4fb9689a33bb80,2019-05-30_14-55-29,1559253329,7.267180442810059,179.77228212356567,20454,steropes,169.229.49.254,"{'starting_lr': 0.01, 'momentum': 0.95, 'weight_decay': 0.0005, 'steps_per_iteration': None, 'pin': False, 'model_creator': None, 'target_batch_size': 1024, 'model_string': 'resnet18', 'min_batch_size': 512, 'dataset': 'CIFAR', 'placement': None, 'use_nccl': True, 'devices_per_worker': 1, 'primary_resource': 'extra_gpu', 'gpu': False, 'verbose': False, 'lr_config': {'mode': 'log', 'steps': 5, 'initial_lr': 0.01, 'target_lr': 0.01}, 'batch_per_device': 1024}",179.77228212356567,0,24,8176.094355920657,1
0.007650947570800782,0.11796138286590577,0.005078434944152832,0.04384521075657436,0.02137601375579834,nan,0.0,0.042239928245544435,0.7527999877929688,0.7378659594535828,-0.7527999877929688,nan,0.0,nan,0.0,nan,0.0,0.7918399572372437,0.5860827714538575,nan,0.0,nan,0.0,60000,1,False,,,25,-0.7378659594535828,07640df7a6a44dbbaf4fb9689a33bb80,2019-05-30_14-55-36,1559253336,7.275392532348633,187.0476746559143,20454,steropes,169.229.49.254,"{'starting_lr': 0.01, 'momentum': 0.95, 'weight_decay': 0.0005, 'steps_per_iteration': None, 'pin': False, 'model_creator': None, 'target_batch_size': 1024, 'model_string': 'resnet18', 'min_batch_size': 512, 'dataset': 'CIFAR', 'placement': None, 'use_nccl': True, 'devices_per_worker': 1, 'primary_resource': 'extra_gpu', 'gpu': False, 'verbose': False, 'lr_config': {'mode': 'log', 'steps': 5, 'initial_lr': 0.01, 'target_lr': 0.01}, 'batch_per_device': 1024}",187.0476746559143,0,25,8173.312115613988,1
0.007206773757934571,0.11733381748199463,0.004735970497131347,0.04350655906054438,0.021235966682434083,nan,0.0,0.04286758899688721,0.7488999962806702,0.7530525075912475,-0.7488999962806702,nan,0.0,nan,0.0,nan,0.0,0.794439971446991,0.5767006760978699,nan,0.0,nan,0.0,60000,1,False,,,26,-0.7530525075912475,07640df7a6a44dbbaf4fb9689a33bb80,2019-05-30_14-55-43,1559253343,7.259077310562134,194.30675196647644,20454,steropes,169.229.49.254,"{'starting_lr': 0.01, 'momentum': 0.95, 'weight_decay': 0.0005, 'steps_per_iteration': None, 'pin': False, 'model_creator': None, 'target_batch_size': 1024, 'model_string': 'resnet18', 'min_batch_size': 512, 'dataset': 'CIFAR', 'placement': None, 'use_nccl': True, 'devices_per_worker': 1, 'primary_resource': 'extra_gpu', 'gpu': False, 'verbose': False, 'lr_config': {'mode': 'log', 'steps': 5, 'initial_lr': 0.01, 'target_lr': 0.01}, 'batch_per_device': 1024}",194.30675196647644,0,26,8206.067315004648,1
