{"apply": 0.006861305236816407, "batch_time": 0.17448441982269286, "d2h": 0.005006098747253418, "data_time": 0.03816907746451242, "fwd": 0.07817733287811279, "get_state_time_mean": NaN, "get_state_time_total": 0.0, "grad": 0.14615252017974853, "mean_accuracy": 0.4047999978065491, "mean_loss": 1.6274694381713868, "neg_mean_accuracy": -0.4047999978065491, "set_state_time_mean": NaN, "set_state_time_total": 0.0, "setup_model_time_mean": 8.967747688293457, "setup_model_time_total": 8.967747688293457, "setup_proc_time_mean": 0.21669793128967285, "setup_proc_time_total": 0.21669793128967285, "train_accuracy": 0.2947799861431122, "train_loss": 2.2989054067611696, "training_time_mean": NaN, "training_time_total": 0.0, "validation_time_mean": NaN, "validation_time_total": 0.0, "samples": 60000, "num_workers": 1, "done": false, "timesteps_total": null, "episodes_total": null, "training_iteration": 1, "neg_mean_loss": -1.6274694381713868, "experiment_id": "07640df7a6a44dbbaf4fb9689a33bb80", "date": "2019-05-30_14-52-40", "timestamp": 1559253160, "time_this_iter_s": 11.157934188842773, "time_total_s": 11.157934188842773, "pid": 20454, "hostname": "steropes", "node_ip": "169.229.49.254", "config": {"starting_lr": 0.01, "momentum": 0.95, "weight_decay": 0.0005, "steps_per_iteration": null, "pin": false, "model_creator": null, "target_batch_size": 1024, "model_string": "resnet18", "min_batch_size": 512, "dataset": "CIFAR", "placement": null, "use_nccl": true, "devices_per_worker": 1, "primary_resource": "extra_gpu", "gpu": false, "verbose": false, "lr_config": {"mode": "log", "steps": 5, "initial_lr": 0.01, "target_lr": 0.01}, "batch_per_device": 1024}, "time_since_restore": 11.157934188842773, "timesteps_since_restore": 0, "iterations_since_restore": 1, "mean_throughput": 5377.2996070629315, "atoms": 1}
{"apply": 0.006746649742126465, "batch_time": 0.12063889503479004, "d2h": 0.005238127708435058, "data_time": 0.043749887116101324, "fwd": 0.02132573127746582, "get_state_time_mean": NaN, "get_state_time_total": 0.0, "grad": 0.0423586368560791, "mean_accuracy": 0.49129998683929443, "mean_loss": 1.404532800102234, "neg_mean_accuracy": -0.49129998683929443, "set_state_time_mean": NaN, "set_state_time_total": 0.0, "setup_model_time_mean": NaN, "setup_model_time_total": 0.0, "setup_proc_time_mean": NaN, "setup_proc_time_total": 0.0, "train_accuracy": 0.44227999448776245, "train_loss": 1.5206781719970703, "training_time_mean": NaN, "training_time_total": 0.0, "validation_time_mean": NaN, "validation_time_total": 0.0, "samples": 60000, "num_workers": 1, "done": false, "timesteps_total": null, "episodes_total": null, "training_iteration": 2, "neg_mean_loss": -1.404532800102234, "experiment_id": "07640df7a6a44dbbaf4fb9689a33bb80", "date": "2019-05-30_14-52-47", "timestamp": 1559253167, "time_this_iter_s": 7.299878835678101, "time_total_s": 18.457813024520874, "pid": 20454, "hostname": "steropes", "node_ip": "169.229.49.254", "config": {"starting_lr": 0.01, "momentum": 0.95, "weight_decay": 0.0005, "steps_per_iteration": null, "pin": false, "model_creator": null, "target_batch_size": 1024, "model_string": "resnet18", "min_batch_size": 512, "dataset": "CIFAR", "placement": null, "use_nccl": true, "devices_per_worker": 1, "primary_resource": "extra_gpu", "gpu": false, "verbose": false, "lr_config": {"mode": "log", "steps": 5, "initial_lr": 0.01, "target_lr": 0.01}, "batch_per_device": 1024}, "time_since_restore": 18.457813024520874, "timesteps_since_restore": 0, "iterations_since_restore": 2, "mean_throughput": 6501.255161001548, "atoms": 1}
{"apply": 0.007126522064208984, "batch_time": 0.11977989673614502, "d2h": 0.004782462120056152, "data_time": 0.05324611371877242, "fwd": 0.021719813346862793, "get_state_time_mean": NaN, "get_state_time_total": 0.0, "grad": 0.04201948642730713, "mean_accuracy": 0.5119999647140503, "mean_loss": 1.3563208881378175, "neg_mean_accuracy": -0.5119999647140503, "set_state_time_mean": NaN, "set_state_time_total": 0.0, "setup_model_time_mean": NaN, "setup_model_time_total": 0.0, "setup_proc_time_mean": NaN, "setup_proc_time_total": 0.0, "train_accuracy": 0.50382000207901, "train_loss": 1.366597692718506, "training_time_mean": NaN, "training_time_total": 0.0, "validation_time_mean": NaN, "validation_time_total": 0.0, "samples": 60000, "num_workers": 1, "done": false, "timesteps_total": null, "episodes_total": null, "training_iteration": 3, "neg_mean_loss": -1.3563208881378175, "experiment_id": "07640df7a6a44dbbaf4fb9689a33bb80", "date": "2019-05-30_14-52-55", "timestamp": 1559253175, "time_this_iter_s": 7.789436340332031, "time_total_s": 26.247249364852905, "pid": 20454, "hostname": "steropes", "node_ip": "169.229.49.254", "config": {"starting_lr": 0.01, "momentum": 0.95, "weight_decay": 0.0005, "steps_per_iteration": null, "pin": false, "model_creator": null, "target_batch_size": 1024, "model_string": "resnet18", "min_batch_size": 512, "dataset": "CIFAR", "placement": null, "use_nccl": true, "devices_per_worker": 1, "primary_resource": "extra_gpu", "gpu": false, "verbose": false, "lr_config": {"mode": "log", "steps": 5, "initial_lr": 0.01, "target_lr": 0.01}, "batch_per_device": 1024}, "time_since_restore": 26.247249364852905, "timesteps_since_restore": 0, "iterations_since_restore": 3, "mean_throughput": 6857.799982250875, "atoms": 1}
{"apply": 0.006919479370117188, "batch_time": 0.1191321849822998, "d2h": 0.004302430152893067, "data_time": 0.0434486233458227, "fwd": 0.021206116676330565, "get_state_time_mean": NaN, "get_state_time_total": 0.0, "grad": 0.04180140495300293, "mean_accuracy": 0.5633000135421753, "mean_loss": 1.1982595554351807, "neg_mean_accuracy": -0.5633000135421753, "set_state_time_mean": NaN, "set_state_time_total": 0.0, "setup_model_time_mean": NaN, "setup_model_time_total": 0.0, "setup_proc_time_mean": NaN, "setup_proc_time_total": 0.0, "train_accuracy": 0.54339998960495, "train_loss": 1.2637397152328491, "training_time_mean": NaN, "training_time_total": 0.0, "validation_time_mean": NaN, "validation_time_total": 0.0, "samples": 60000, "num_workers": 1, "done": false, "timesteps_total": null, "episodes_total": null, "training_iteration": 4, "neg_mean_loss": -1.1982595554351807, "experiment_id": "07640df7a6a44dbbaf4fb9689a33bb80", "date": "2019-05-30_14-53-03", "timestamp": 1559253183, "time_this_iter_s": 7.281143426895142, "time_total_s": 33.52839279174805, "pid": 20454, "hostname": "steropes", "node_ip": "169.229.49.254", "config": {"starting_lr": 0.01, "momentum": 0.95, "weight_decay": 0.0005, "steps_per_iteration": null, "pin": false, "model_creator": null, "target_batch_size": 1024, "model_string": "resnet18", "min_batch_size": 512, "dataset": "CIFAR", "placement": null, "use_nccl": true, "devices_per_worker": 1, "primary_resource": "extra_gpu", "gpu": false, "verbose": false, "lr_config": {"mode": "log", "steps": 5, "initial_lr": 0.01, "target_lr": 0.01}, "batch_per_device": 1024}, "time_since_restore": 33.52839279174805, "timesteps_since_restore": 0, "iterations_since_restore": 4, "mean_throughput": 7158.045544371699, "atoms": 1}
{"apply": 0.006828522682189942, "batch_time": 0.12010953426361085, "d2h": 0.004772615432739258, "data_time": 0.047108290146808236, "fwd": 0.020775914192199707, "get_state_time_mean": NaN, "get_state_time_total": 0.0, "grad": 0.04296066761016846, "mean_accuracy": 0.5715999603271484, "mean_loss": 1.1848831338882446, "neg_mean_accuracy": -0.5715999603271484, "set_state_time_mean": NaN, "set_state_time_total": 0.0, "setup_model_time_mean": NaN, "setup_model_time_total": 0.0, "setup_proc_time_mean": NaN, "setup_proc_time_total": 0.0, "train_accuracy": 0.5705199837684631, "train_loss": 1.1841357740020753, "training_time_mean": NaN, "training_time_total": 0.0, "validation_time_mean": NaN, "validation_time_total": 0.0, "samples": 60000, "num_workers": 1, "done": false, "timesteps_total": null, "episodes_total": null, "training_iteration": 5, "neg_mean_loss": -1.1848831338882446, "experiment_id": "07640df7a6a44dbbaf4fb9689a33bb80", "date": "2019-05-30_14-53-10", "timestamp": 1559253190, "time_this_iter_s": 7.452859163284302, "time_total_s": 40.98125195503235, "pid": 20454, "hostname": "steropes", "node_ip": "169.229.49.254", "config": {"starting_lr": 0.01, "momentum": 0.95, "weight_decay": 0.0005, "steps_per_iteration": null, "pin": false, "model_creator": null, "target_batch_size": 1024, "model_string": "resnet18", "min_batch_size": 512, "dataset": "CIFAR", "placement": null, "use_nccl": true, "devices_per_worker": 1, "primary_resource": "extra_gpu", "gpu": false, "verbose": false, "lr_config": {"mode": "log", "steps": 5, "initial_lr": 0.01, "target_lr": 0.01}, "batch_per_device": 1024}, "time_since_restore": 40.98125195503235, "timesteps_since_restore": 0, "iterations_since_restore": 5, "mean_throughput": 7320.351028848993, "atoms": 1}
{"apply": 0.006758284568786621, "batch_time": 0.11764323711395264, "d2h": 0.0047313451766967775, "data_time": 0.04592097535425303, "fwd": 0.02089848518371582, "get_state_time_mean": NaN, "get_state_time_total": 0.0, "grad": 0.042246031761169436, "mean_accuracy": 0.592199981212616, "mean_loss": 1.1258909276962281, "neg_mean_accuracy": -0.592199981212616, "set_state_time_mean": NaN, "set_state_time_total": 0.0, "setup_model_time_mean": NaN, "setup_model_time_total": 0.0, "setup_proc_time_mean": NaN, "setup_proc_time_total": 0.0, "train_accuracy": 0.6020399928092957, "train_loss": 1.113047243232727, "training_time_mean": NaN, "training_time_total": 0.0, "validation_time_mean": NaN, "validation_time_total": 0.0, "samples": 60000, "num_workers": 1, "done": false, "timesteps_total": null, "episodes_total": null, "training_iteration": 6, "neg_mean_loss": -1.1258909276962281, "experiment_id": "07640df7a6a44dbbaf4fb9689a33bb80", "date": "2019-05-30_14-53-17", "timestamp": 1559253197, "time_this_iter_s": 7.367636680603027, "time_total_s": 48.348888635635376, "pid": 20454, "hostname": "steropes", "node_ip": "169.229.49.254", "config": {"starting_lr": 0.01, "momentum": 0.95, "weight_decay": 0.0005, "steps_per_iteration": null, "pin": false, "model_creator": null, "target_batch_size": 1024, "model_string": "resnet18", "min_batch_size": 512, "dataset": "CIFAR", "placement": null, "use_nccl": true, "devices_per_worker": 1, "primary_resource": "extra_gpu", "gpu": false, "verbose": false, "lr_config": {"mode": "log", "steps": 5, "initial_lr": 0.01, "target_lr": 0.01}, "batch_per_device": 1024}, "time_since_restore": 48.348888635635376, "timesteps_since_restore": 0, "iterations_since_restore": 6, "mean_throughput": 8066.395095064121, "atoms": 1}
{"apply": 0.00677638053894043, "batch_time": 0.11813721656799317, "d2h": 0.004901599884033203, "data_time": 0.0430028146626998, "fwd": 0.021191906929016114, "get_state_time_mean": NaN, "get_state_time_total": 0.0, "grad": 0.042536687850952146, "mean_accuracy": 0.6283999681472778, "mean_loss": 1.0498436281204224, "neg_mean_accuracy": -0.6283999681472778, "set_state_time_mean": NaN, "set_state_time_total": 0.0, "setup_model_time_mean": NaN, "setup_model_time_total": 0.0, "setup_proc_time_mean": NaN, "setup_proc_time_total": 0.0, "train_accuracy": 0.6246799826622009, "train_loss": 1.0499367494392395, "training_time_mean": NaN, "training_time_total": 0.0, "validation_time_mean": NaN, "validation_time_total": 0.0, "samples": 60000, "num_workers": 1, "done": false, "timesteps_total": null, "episodes_total": null, "training_iteration": 7, "neg_mean_loss": -1.0498436281204224, "experiment_id": "07640df7a6a44dbbaf4fb9689a33bb80", "date": "2019-05-30_14-53-25", "timestamp": 1559253205, "time_this_iter_s": 7.252439260482788, "time_total_s": 55.601327896118164, "pid": 20454, "hostname": "steropes", "node_ip": "169.229.49.254", "config": {"starting_lr": 0.01, "momentum": 0.95, "weight_decay": 0.0005, "steps_per_iteration": null, "pin": false, "model_creator": null, "target_batch_size": 1024, "model_string": "resnet18", "min_batch_size": 512, "dataset": "CIFAR", "placement": null, "use_nccl": true, "devices_per_worker": 1, "primary_resource": "extra_gpu", "gpu": false, "verbose": false, "lr_config": {"mode": "log", "steps": 5, "initial_lr": 0.01, "target_lr": 0.01}, "batch_per_device": 1024}, "time_since_restore": 55.601327896118164, "timesteps_since_restore": 0, "iterations_since_restore": 7, "mean_throughput": 8076.697622122842, "atoms": 1}
{"apply": 0.00692906379699707, "batch_time": 0.12191238403320312, "d2h": 0.004684829711914062, "data_time": 0.04439610851054289, "fwd": 0.02090167999267578, "get_state_time_mean": NaN, "get_state_time_total": 0.0, "grad": 0.04190406799316406, "mean_accuracy": 0.642300009727478, "mean_loss": 1.0181014658927918, "neg_mean_accuracy": -0.642300009727478, "set_state_time_mean": NaN, "set_state_time_total": 0.0, "setup_model_time_mean": NaN, "setup_model_time_total": 0.0, "setup_proc_time_mean": NaN, "setup_proc_time_total": 0.0, "train_accuracy": 0.6370599865913391, "train_loss": 1.0055859383392334, "training_time_mean": NaN, "training_time_total": 0.0, "validation_time_mean": NaN, "validation_time_total": 0.0, "samples": 60000, "num_workers": 1, "done": false, "timesteps_total": null, "episodes_total": null, "training_iteration": 8, "neg_mean_loss": -1.0181014658927918, "experiment_id": "07640df7a6a44dbbaf4fb9689a33bb80", "date": "2019-05-30_14-53-32", "timestamp": 1559253212, "time_this_iter_s": 7.2891013622283936, "time_total_s": 62.89042925834656, "pid": 20454, "hostname": "steropes", "node_ip": "169.229.49.254", "config": {"starting_lr": 0.01, "momentum": 0.95, "weight_decay": 0.0005, "steps_per_iteration": null, "pin": false, "model_creator": null, "target_batch_size": 1024, "model_string": "resnet18", "min_batch_size": 512, "dataset": "CIFAR", "placement": null, "use_nccl": true, "devices_per_worker": 1, "primary_resource": "extra_gpu", "gpu": false, "verbose": false, "lr_config": {"mode": "log", "steps": 5, "initial_lr": 0.01, "target_lr": 0.01}, "batch_per_device": 1024}, "time_since_restore": 62.89042925834656, "timesteps_since_restore": 0, "iterations_since_restore": 8, "mean_throughput": 8186.977108321895, "atoms": 1}
{"apply": 0.00792679786682129, "batch_time": 0.12270510196685791, "d2h": 0.0049352884292602536, "data_time": 0.04185419666523836, "fwd": 0.022638821601867677, "get_state_time_mean": NaN, "get_state_time_total": 0.0, "grad": 0.04261002540588379, "mean_accuracy": 0.66839998960495, "mean_loss": 0.9531616212844849, "neg_mean_accuracy": -0.66839998960495, "set_state_time_mean": NaN, "set_state_time_total": 0.0, "setup_model_time_mean": NaN, "setup_model_time_total": 0.0, "setup_proc_time_mean": NaN, "setup_proc_time_total": 0.0, "train_accuracy": 0.6524199843406677, "train_loss": 0.9668690658950806, "training_time_mean": NaN, "training_time_total": 0.0, "validation_time_mean": NaN, "validation_time_total": 0.0, "samples": 60000, "num_workers": 1, "done": false, "timesteps_total": null, "episodes_total": null, "training_iteration": 9, "neg_mean_loss": -0.9531616212844849, "experiment_id": "07640df7a6a44dbbaf4fb9689a33bb80", "date": "2019-05-30_14-53-39", "timestamp": 1559253219, "time_this_iter_s": 7.255792140960693, "time_total_s": 70.14622139930725, "pid": 20454, "hostname": "steropes", "node_ip": "169.229.49.254", "config": {"starting_lr": 0.01, "momentum": 0.95, "weight_decay": 0.0005, "steps_per_iteration": null, "pin": false, "model_creator": null, "target_batch_size": 1024, "model_string": "resnet18", "min_batch_size": 512, "dataset": "CIFAR", "placement": null, "use_nccl": true, "devices_per_worker": 1, "primary_resource": "extra_gpu", "gpu": false, "verbose": false, "lr_config": {"mode": "log", "steps": 5, "initial_lr": 0.01, "target_lr": 0.01}, "batch_per_device": 1024}, "time_since_restore": 70.14622139930725, "timesteps_since_restore": 0, "iterations_since_restore": 9, "mean_throughput": 8192.645437515881, "atoms": 1}
{"apply": 0.008270192146301269, "batch_time": 0.11737463474273682, "d2h": 0.00472266674041748, "data_time": 0.042940509562589685, "fwd": 0.02194821834564209, "get_state_time_mean": NaN, "get_state_time_total": 0.0, "grad": 0.04241039752960205, "mean_accuracy": 0.6764000058174133, "mean_loss": 0.9244488602638244, "neg_mean_accuracy": -0.6764000058174133, "set_state_time_mean": NaN, "set_state_time_total": 0.0, "setup_model_time_mean": NaN, "setup_model_time_total": 0.0, "setup_proc_time_mean": NaN, "setup_proc_time_total": 0.0, "train_accuracy": 0.670699954032898, "train_loss": 0.9229927631950379, "training_time_mean": NaN, "training_time_total": 0.0, "validation_time_mean": NaN, "validation_time_total": 0.0, "samples": 60000, "num_workers": 1, "done": false, "timesteps_total": null, "episodes_total": null, "training_iteration": 10, "neg_mean_loss": -0.9244488602638244, "experiment_id": "07640df7a6a44dbbaf4fb9689a33bb80", "date": "2019-05-30_14-53-46", "timestamp": 1559253226, "time_this_iter_s": 7.228457689285278, "time_total_s": 77.37467908859253, "pid": 20454, "hostname": "steropes", "node_ip": "169.229.49.254", "config": {"starting_lr": 0.01, "momentum": 0.95, "weight_decay": 0.0005, "steps_per_iteration": null, "pin": false, "model_creator": null, "target_batch_size": 1024, "model_string": "resnet18", "min_batch_size": 512, "dataset": "CIFAR", "placement": null, "use_nccl": true, "devices_per_worker": 1, "primary_resource": "extra_gpu", "gpu": false, "verbose": false, "lr_config": {"mode": "log", "steps": 5, "initial_lr": 0.01, "target_lr": 0.01}, "batch_per_device": 1024}, "time_since_restore": 77.37467908859253, "timesteps_since_restore": 0, "iterations_since_restore": 10, "mean_throughput": 8243.160888254326, "atoms": 1}
{"apply": 0.00755307674407959, "batch_time": 0.12218427658081055, "d2h": 0.005041956901550293, "data_time": 0.04080021624662438, "fwd": 0.0220991849899292, "get_state_time_mean": NaN, "get_state_time_total": 0.0, "grad": 0.04385554790496826, "mean_accuracy": 0.6703000068664551, "mean_loss": 0.9444627885818482, "neg_mean_accuracy": -0.6703000068664551, "set_state_time_mean": NaN, "set_state_time_total": 0.0, "setup_model_time_mean": NaN, "setup_model_time_total": 0.0, "setup_proc_time_mean": NaN, "setup_proc_time_total": 0.0, "train_accuracy": 0.6862399578094482, "train_loss": 0.8757732775115967, "training_time_mean": NaN, "training_time_total": 0.0, "validation_time_mean": NaN, "validation_time_total": 0.0, "samples": 60000, "num_workers": 1, "done": false, "timesteps_total": null, "episodes_total": null, "training_iteration": 11, "neg_mean_loss": -0.9444627885818482, "experiment_id": "07640df7a6a44dbbaf4fb9689a33bb80", "date": "2019-05-30_14-53-54", "timestamp": 1559253234, "time_this_iter_s": 7.207930088043213, "time_total_s": 84.58260917663574, "pid": 20454, "hostname": "steropes", "node_ip": "169.229.49.254", "config": {"starting_lr": 0.01, "momentum": 0.95, "weight_decay": 0.0005, "steps_per_iteration": null, "pin": false, "model_creator": null, "target_batch_size": 1024, "model_string": "resnet18", "min_batch_size": 512, "dataset": "CIFAR", "placement": null, "use_nccl": true, "devices_per_worker": 1, "primary_resource": "extra_gpu", "gpu": false, "verbose": false, "lr_config": {"mode": "log", "steps": 5, "initial_lr": 0.01, "target_lr": 0.01}, "batch_per_device": 1024}, "time_since_restore": 84.58260917663574, "timesteps_since_restore": 0, "iterations_since_restore": 11, "mean_throughput": 8279.45682961793, "atoms": 1}
{"apply": 0.00768730640411377, "batch_time": 0.12997584342956542, "d2h": 0.0051745414733886715, "data_time": 0.044185614099307935, "fwd": 0.02208125591278076, "get_state_time_mean": NaN, "get_state_time_total": 0.0, "grad": 0.043314552307128905, "mean_accuracy": 0.6729999780654907, "mean_loss": 0.9328987779617309, "neg_mean_accuracy": -0.6729999780654907, "set_state_time_mean": NaN, "set_state_time_total": 0.0, "setup_model_time_mean": NaN, "setup_model_time_total": 0.0, "setup_proc_time_mean": NaN, "setup_proc_time_total": 0.0, "train_accuracy": 0.6924600005149841, "train_loss": 0.855064295501709, "training_time_mean": NaN, "training_time_total": 0.0, "validation_time_mean": NaN, "validation_time_total": 0.0, "samples": 60000, "num_workers": 1, "done": false, "timesteps_total": null, "episodes_total": null, "training_iteration": 12, "neg_mean_loss": -0.9328987779617309, "experiment_id": "07640df7a6a44dbbaf4fb9689a33bb80", "date": "2019-05-30_14-54-01", "timestamp": 1559253241, "time_this_iter_s": 7.446059465408325, "time_total_s": 92.02866864204407, "pid": 20454, "hostname": "steropes", "node_ip": "169.229.49.254", "config": {"starting_lr": 0.01, "momentum": 0.95, "weight_decay": 0.0005, "steps_per_iteration": null, "pin": false, "model_creator": null, "target_batch_size": 1024, "model_string": "resnet18", "min_batch_size": 512, "dataset": "CIFAR", "placement": null, "use_nccl": true, "devices_per_worker": 1, "primary_resource": "extra_gpu", "gpu": false, "verbose": false, "lr_config": {"mode": "log", "steps": 5, "initial_lr": 0.01, "target_lr": 0.01}, "batch_per_device": 1024}, "time_since_restore": 92.02866864204407, "timesteps_since_restore": 0, "iterations_since_restore": 12, "mean_throughput": 8235.450095300655, "atoms": 1}
{"apply": 0.007304739952087402, "batch_time": 0.12297320365905762, "d2h": 0.005149626731872558, "data_time": 0.045637266976492744, "fwd": 0.022410035133361816, "get_state_time_mean": NaN, "get_state_time_total": 0.0, "grad": 0.04259042739868164, "mean_accuracy": 0.7038999795913696, "mean_loss": 0.8531035685539246, "neg_mean_accuracy": -0.7038999795913696, "set_state_time_mean": NaN, "set_state_time_total": 0.0, "setup_model_time_mean": NaN, "setup_model_time_total": 0.0, "setup_proc_time_mean": NaN, "setup_proc_time_total": 0.0, "train_accuracy": 0.7045999765396118, "train_loss": 0.8303769247627258, "training_time_mean": NaN, "training_time_total": 0.0, "validation_time_mean": NaN, "validation_time_total": 0.0, "samples": 60000, "num_workers": 1, "done": false, "timesteps_total": null, "episodes_total": null, "training_iteration": 13, "neg_mean_loss": -0.8531035685539246, "experiment_id": "07640df7a6a44dbbaf4fb9689a33bb80", "date": "2019-05-30_14-54-09", "timestamp": 1559253249, "time_this_iter_s": 7.458889961242676, "time_total_s": 99.48755860328674, "pid": 20454, "hostname": "steropes", "node_ip": "169.229.49.254", "config": {"starting_lr": 0.01, "momentum": 0.95, "weight_decay": 0.0005, "steps_per_iteration": null, "pin": false, "model_creator": null, "target_batch_size": 1024, "model_string": "resnet18", "min_batch_size": 512, "dataset": "CIFAR", "placement": null, "use_nccl": true, "devices_per_worker": 1, "primary_resource": "extra_gpu", "gpu": false, "verbose": false, "lr_config": {"mode": "log", "steps": 5, "initial_lr": 0.01, "target_lr": 0.01}, "batch_per_device": 1024}, "time_since_restore": 99.48755860328674, "timesteps_since_restore": 0, "iterations_since_restore": 13, "mean_throughput": 8197.243941321081, "atoms": 1}
{"apply": 0.0077566862106323246, "batch_time": 0.11814866065979004, "d2h": 0.004854178428649903, "data_time": 0.04266704831804548, "fwd": 0.021311044692993164, "get_state_time_mean": NaN, "get_state_time_total": 0.0, "grad": 0.0419675350189209, "mean_accuracy": 0.7062000036239624, "mean_loss": 0.8531409909248352, "neg_mean_accuracy": -0.7062000036239624, "set_state_time_mean": NaN, "set_state_time_total": 0.0, "setup_model_time_mean": NaN, "setup_model_time_total": 0.0, "setup_proc_time_mean": NaN, "setup_proc_time_total": 0.0, "train_accuracy": 0.7157599925994873, "train_loss": 0.792834105167389, "training_time_mean": NaN, "training_time_total": 0.0, "validation_time_mean": NaN, "validation_time_total": 0.0, "samples": 60000, "num_workers": 1, "done": false, "timesteps_total": null, "episodes_total": null, "training_iteration": 14, "neg_mean_loss": -0.8531409909248352, "experiment_id": "07640df7a6a44dbbaf4fb9689a33bb80", "date": "2019-05-30_14-54-16", "timestamp": 1559253256, "time_this_iter_s": 7.267503023147583, "time_total_s": 106.75506162643433, "pid": 20454, "hostname": "steropes", "node_ip": "169.229.49.254", "config": {"starting_lr": 0.01, "momentum": 0.95, "weight_decay": 0.0005, "steps_per_iteration": null, "pin": false, "model_creator": null, "target_batch_size": 1024, "model_string": "resnet18", "min_batch_size": 512, "dataset": "CIFAR", "placement": null, "use_nccl": true, "devices_per_worker": 1, "primary_resource": "extra_gpu", "gpu": false, "verbose": false, "lr_config": {"mode": "log", "steps": 5, "initial_lr": 0.01, "target_lr": 0.01}, "batch_per_device": 1024}, "time_since_restore": 106.75506162643433, "timesteps_since_restore": 0, "iterations_since_restore": 14, "mean_throughput": 8194.622599334232, "atoms": 1}
{"apply": 0.007576990127563477, "batch_time": 0.12373955249786377, "d2h": 0.005013179779052734, "data_time": 0.043200064678581396, "fwd": 0.02167508602142334, "get_state_time_mean": NaN, "get_state_time_total": 0.0, "grad": 0.0420689582824707, "mean_accuracy": 0.6900999546051025, "mean_loss": 0.8979649726867676, "neg_mean_accuracy": -0.6900999546051025, "set_state_time_mean": NaN, "set_state_time_total": 0.0, "setup_model_time_mean": NaN, "setup_model_time_total": 0.0, "setup_proc_time_mean": NaN, "setup_proc_time_total": 0.0, "train_accuracy": 0.720579981803894, "train_loss": 0.7791310827636718, "training_time_mean": NaN, "training_time_total": 0.0, "validation_time_mean": NaN, "validation_time_total": 0.0, "samples": 60000, "num_workers": 1, "done": false, "timesteps_total": null, "episodes_total": null, "training_iteration": 15, "neg_mean_loss": -0.8979649726867676, "experiment_id": "07640df7a6a44dbbaf4fb9689a33bb80", "date": "2019-05-30_14-54-23", "timestamp": 1559253263, "time_this_iter_s": 7.324466943740845, "time_total_s": 114.07952857017517, "pid": 20454, "hostname": "steropes", "node_ip": "169.229.49.254", "config": {"starting_lr": 0.01, "momentum": 0.95, "weight_decay": 0.0005, "steps_per_iteration": null, "pin": false, "model_creator": null, "target_batch_size": 1024, "model_string": "resnet18", "min_batch_size": 512, "dataset": "CIFAR", "placement": null, "use_nccl": true, "devices_per_worker": 1, "primary_resource": "extra_gpu", "gpu": false, "verbose": false, "lr_config": {"mode": "log", "steps": 5, "initial_lr": 0.01, "target_lr": 0.01}, "batch_per_device": 1024}, "time_since_restore": 114.07952857017517, "timesteps_since_restore": 0, "iterations_since_restore": 15, "mean_throughput": 8173.188576401946, "atoms": 1}
{"apply": 0.006885743141174317, "batch_time": 0.12105319499969483, "d2h": 0.004939079284667969, "data_time": 0.043262632525697044, "fwd": 0.02112743854522705, "get_state_time_mean": NaN, "get_state_time_total": 0.0, "grad": 0.0416834831237793, "mean_accuracy": 0.7099999785423279, "mean_loss": 0.846586818599701, "neg_mean_accuracy": -0.7099999785423279, "set_state_time_mean": NaN, "set_state_time_total": 0.0, "setup_model_time_mean": NaN, "setup_model_time_total": 0.0, "setup_proc_time_mean": NaN, "setup_proc_time_total": 0.0, "train_accuracy": 0.731939971446991, "train_loss": 0.7547949657821655, "training_time_mean": NaN, "training_time_total": 0.0, "validation_time_mean": NaN, "validation_time_total": 0.0, "samples": 60000, "num_workers": 1, "done": false, "timesteps_total": null, "episodes_total": null, "training_iteration": 16, "neg_mean_loss": -0.846586818599701, "experiment_id": "07640df7a6a44dbbaf4fb9689a33bb80", "date": "2019-05-30_14-54-30", "timestamp": 1559253270, "time_this_iter_s": 7.274774551391602, "time_total_s": 121.35430312156677, "pid": 20454, "hostname": "steropes", "node_ip": "169.229.49.254", "config": {"starting_lr": 0.01, "momentum": 0.95, "weight_decay": 0.0005, "steps_per_iteration": null, "pin": false, "model_creator": null, "target_batch_size": 1024, "model_string": "resnet18", "min_batch_size": 512, "dataset": "CIFAR", "placement": null, "use_nccl": true, "devices_per_worker": 1, "primary_resource": "extra_gpu", "gpu": false, "verbose": false, "lr_config": {"mode": "log", "steps": 5, "initial_lr": 0.01, "target_lr": 0.01}, "batch_per_device": 1024}, "time_since_restore": 121.35430312156677, "timesteps_since_restore": 0, "iterations_since_restore": 16, "mean_throughput": 8158.367343085612, "atoms": 1}
{"apply": 0.007213735580444336, "batch_time": 0.11821324825286865, "d2h": 0.00486149787902832, "data_time": 0.043597844182228555, "fwd": 0.021233797073364258, "get_state_time_mean": NaN, "get_state_time_total": 0.0, "grad": 0.041961669921875, "mean_accuracy": 0.7093999981880188, "mean_loss": 0.8397605612754822, "neg_mean_accuracy": -0.7093999981880188, "set_state_time_mean": NaN, "set_state_time_total": 0.0, "setup_model_time_mean": NaN, "setup_model_time_total": 0.0, "setup_proc_time_mean": NaN, "setup_proc_time_total": 0.0, "train_accuracy": 0.7387799620628357, "train_loss": 0.7283805957794189, "training_time_mean": NaN, "training_time_total": 0.0, "validation_time_mean": NaN, "validation_time_total": 0.0, "samples": 60000, "num_workers": 1, "done": false, "timesteps_total": null, "episodes_total": null, "training_iteration": 17, "neg_mean_loss": -0.8397605612754822, "experiment_id": "07640df7a6a44dbbaf4fb9689a33bb80", "date": "2019-05-30_14-54-38", "timestamp": 1559253278, "time_this_iter_s": 7.27867865562439, "time_total_s": 128.63298177719116, "pid": 20454, "hostname": "steropes", "node_ip": "169.229.49.254", "config": {"starting_lr": 0.01, "momentum": 0.95, "weight_decay": 0.0005, "steps_per_iteration": null, "pin": false, "model_creator": null, "target_batch_size": 1024, "model_string": "resnet18", "min_batch_size": 512, "dataset": "CIFAR", "placement": null, "use_nccl": true, "devices_per_worker": 1, "primary_resource": "extra_gpu", "gpu": false, "verbose": false, "lr_config": {"mode": "log", "steps": 5, "initial_lr": 0.01, "target_lr": 0.01}, "batch_per_device": 1024}, "time_since_restore": 128.63298177719116, "timesteps_since_restore": 0, "iterations_since_restore": 17, "mean_throughput": 8195.674127114056, "atoms": 1}
{"apply": 0.007821989059448243, "batch_time": 0.12248151302337647, "d2h": 0.005083441734313965, "data_time": 0.041440520967756, "fwd": 0.021369433403015135, "get_state_time_mean": NaN, "get_state_time_total": 0.0, "grad": 0.04254214763641358, "mean_accuracy": 0.7228999733924866, "mean_loss": 0.7999865592956543, "neg_mean_accuracy": -0.7228999733924866, "set_state_time_mean": NaN, "set_state_time_total": 0.0, "setup_model_time_mean": NaN, "setup_model_time_total": 0.0, "setup_proc_time_mean": NaN, "setup_proc_time_total": 0.0, "train_accuracy": 0.7476399540901184, "train_loss": 0.7071893040275574, "training_time_mean": NaN, "training_time_total": 0.0, "validation_time_mean": NaN, "validation_time_total": 0.0, "samples": 60000, "num_workers": 1, "done": false, "timesteps_total": null, "episodes_total": null, "training_iteration": 18, "neg_mean_loss": -0.7999865592956543, "experiment_id": "07640df7a6a44dbbaf4fb9689a33bb80", "date": "2019-05-30_14-54-45", "timestamp": 1559253285, "time_this_iter_s": 7.244006395339966, "time_total_s": 135.87698817253113, "pid": 20454, "hostname": "steropes", "node_ip": "169.229.49.254", "config": {"starting_lr": 0.01, "momentum": 0.95, "weight_decay": 0.0005, "steps_per_iteration": null, "pin": false, "model_creator": null, "target_batch_size": 1024, "model_string": "resnet18", "min_batch_size": 512, "dataset": "CIFAR", "placement": null, "use_nccl": true, "devices_per_worker": 1, "primary_resource": "extra_gpu", "gpu": false, "verbose": false, "lr_config": {"mode": "log", "steps": 5, "initial_lr": 0.01, "target_lr": 0.01}, "batch_per_device": 1024}, "time_since_restore": 135.87698817253113, "timesteps_since_restore": 0, "iterations_since_restore": 18, "mean_throughput": 8244.068322530677, "atoms": 1}
{"apply": 0.008810663223266601, "batch_time": 0.12065358161926269, "d2h": 0.005382609367370605, "data_time": 0.039740577036020706, "fwd": 0.022817063331604003, "get_state_time_mean": NaN, "get_state_time_total": 0.0, "grad": 0.043305063247680665, "mean_accuracy": 0.7069999575614929, "mean_loss": 0.8435217697143554, "neg_mean_accuracy": -0.7069999575614929, "set_state_time_mean": NaN, "set_state_time_total": 0.0, "setup_model_time_mean": NaN, "setup_model_time_total": 0.0, "setup_proc_time_mean": NaN, "setup_proc_time_total": 0.0, "train_accuracy": 0.7554199695587158, "train_loss": 0.6902882007217407, "training_time_mean": NaN, "training_time_total": 0.0, "validation_time_mean": NaN, "validation_time_total": 0.0, "samples": 60000, "num_workers": 1, "done": false, "timesteps_total": null, "episodes_total": null, "training_iteration": 19, "neg_mean_loss": -0.8435217697143554, "experiment_id": "07640df7a6a44dbbaf4fb9689a33bb80", "date": "2019-05-30_14-54-52", "timestamp": 1559253292, "time_this_iter_s": 7.203336000442505, "time_total_s": 143.08032417297363, "pid": 20454, "hostname": "steropes", "node_ip": "169.229.49.254", "config": {"starting_lr": 0.01, "momentum": 0.95, "weight_decay": 0.0005, "steps_per_iteration": null, "pin": false, "model_creator": null, "target_batch_size": 1024, "model_string": "resnet18", "min_batch_size": 512, "dataset": "CIFAR", "placement": null, "use_nccl": true, "devices_per_worker": 1, "primary_resource": "extra_gpu", "gpu": false, "verbose": false, "lr_config": {"mode": "log", "steps": 5, "initial_lr": 0.01, "target_lr": 0.01}, "batch_per_device": 1024}, "time_since_restore": 143.08032417297363, "timesteps_since_restore": 0, "iterations_since_restore": 19, "mean_throughput": 8258.628799828544, "atoms": 1}
{"apply": 0.0067234039306640625, "batch_time": 0.11907687187194824, "d2h": 0.004947733879089355, "data_time": 0.043477515785061586, "fwd": 0.020769453048706053, "get_state_time_mean": NaN, "get_state_time_total": 0.0, "grad": 0.04224848747253418, "mean_accuracy": 0.7274999618530273, "mean_loss": 0.793852509212494, "neg_mean_accuracy": -0.7274999618530273, "set_state_time_mean": NaN, "set_state_time_total": 0.0, "setup_model_time_mean": NaN, "setup_model_time_total": 0.0, "setup_proc_time_mean": NaN, "setup_proc_time_total": 0.0, "train_accuracy": 0.7569800019264221, "train_loss": 0.6861384085273743, "training_time_mean": NaN, "training_time_total": 0.0, "validation_time_mean": NaN, "validation_time_total": 0.0, "samples": 60000, "num_workers": 1, "done": false, "timesteps_total": null, "episodes_total": null, "training_iteration": 20, "neg_mean_loss": -0.793852509212494, "experiment_id": "07640df7a6a44dbbaf4fb9689a33bb80", "date": "2019-05-30_14-54-59", "timestamp": 1559253299, "time_this_iter_s": 7.262919902801514, "time_total_s": 150.34324407577515, "pid": 20454, "hostname": "steropes", "node_ip": "169.229.49.254", "config": {"starting_lr": 0.01, "momentum": 0.95, "weight_decay": 0.0005, "steps_per_iteration": null, "pin": false, "model_creator": null, "target_batch_size": 1024, "model_string": "resnet18", "min_batch_size": 512, "dataset": "CIFAR", "placement": null, "use_nccl": true, "devices_per_worker": 1, "primary_resource": "extra_gpu", "gpu": false, "verbose": false, "lr_config": {"mode": "log", "steps": 5, "initial_lr": 0.01, "target_lr": 0.01}, "batch_per_device": 1024}, "time_since_restore": 150.34324407577515, "timesteps_since_restore": 0, "iterations_since_restore": 20, "mean_throughput": 8272.644822427486, "atoms": 1}
{"apply": 0.006962728500366211, "batch_time": 0.12047855854034424, "d2h": 0.004879260063171386, "data_time": 0.046551675212626556, "fwd": 0.02086296081542969, "get_state_time_mean": NaN, "get_state_time_total": 0.0, "grad": 0.041833686828613284, "mean_accuracy": 0.73499995470047, "mean_loss": 0.7966251242637634, "neg_mean_accuracy": -0.73499995470047, "set_state_time_mean": NaN, "set_state_time_total": 0.0, "setup_model_time_mean": NaN, "setup_model_time_total": 0.0, "setup_proc_time_mean": NaN, "setup_proc_time_total": 0.0, "train_accuracy": 0.7664200067520142, "train_loss": 0.6536823989868165, "training_time_mean": NaN, "training_time_total": 0.0, "validation_time_mean": NaN, "validation_time_total": 0.0, "samples": 60000, "num_workers": 1, "done": false, "timesteps_total": null, "episodes_total": null, "training_iteration": 21, "neg_mean_loss": -0.7966251242637634, "experiment_id": "07640df7a6a44dbbaf4fb9689a33bb80", "date": "2019-05-30_14-55-07", "timestamp": 1559253307, "time_this_iter_s": 7.405595064163208, "time_total_s": 157.74883913993835, "pid": 20454, "hostname": "steropes", "node_ip": "169.229.49.254", "config": {"starting_lr": 0.01, "momentum": 0.95, "weight_decay": 0.0005, "steps_per_iteration": null, "pin": false, "model_creator": null, "target_batch_size": 1024, "model_string": "resnet18", "min_batch_size": 512, "dataset": "CIFAR", "placement": null, "use_nccl": true, "devices_per_worker": 1, "primary_resource": "extra_gpu", "gpu": false, "verbose": false, "lr_config": {"mode": "log", "steps": 5, "initial_lr": 0.01, "target_lr": 0.01}, "batch_per_device": 1024}, "time_since_restore": 157.74883913993835, "timesteps_since_restore": 0, "iterations_since_restore": 21, "mean_throughput": 8242.908978624702, "atoms": 1}
{"apply": 0.006848454475402832, "batch_time": 0.12025046348571777, "d2h": 0.004852962493896484, "data_time": 0.04594513348170689, "fwd": 0.02174222469329834, "get_state_time_mean": NaN, "get_state_time_total": 0.0, "grad": 0.04225943088531494, "mean_accuracy": 0.7324999570846558, "mean_loss": 0.8035130567550659, "neg_mean_accuracy": -0.7324999570846558, "set_state_time_mean": NaN, "set_state_time_total": 0.0, "setup_model_time_mean": NaN, "setup_model_time_total": 0.0, "setup_proc_time_mean": NaN, "setup_proc_time_total": 0.0, "train_accuracy": 0.7730399966239929, "train_loss": 0.6340391437911987, "training_time_mean": NaN, "training_time_total": 0.0, "validation_time_mean": NaN, "validation_time_total": 0.0, "samples": 60000, "num_workers": 1, "done": false, "timesteps_total": null, "episodes_total": null, "training_iteration": 22, "neg_mean_loss": -0.8035130567550659, "experiment_id": "07640df7a6a44dbbaf4fb9689a33bb80", "date": "2019-05-30_14-55-14", "timestamp": 1559253314, "time_this_iter_s": 7.394294023513794, "time_total_s": 165.14313316345215, "pid": 20454, "hostname": "steropes", "node_ip": "169.229.49.254", "config": {"starting_lr": 0.01, "momentum": 0.95, "weight_decay": 0.0005, "steps_per_iteration": null, "pin": false, "model_creator": null, "target_batch_size": 1024, "model_string": "resnet18", "min_batch_size": 512, "dataset": "CIFAR", "placement": null, "use_nccl": true, "devices_per_worker": 1, "primary_resource": "extra_gpu", "gpu": false, "verbose": false, "lr_config": {"mode": "log", "steps": 5, "initial_lr": 0.01, "target_lr": 0.01}, "batch_per_device": 1024}, "time_since_restore": 165.14313316345215, "timesteps_since_restore": 0, "iterations_since_restore": 22, "mean_throughput": 8216.80565896924, "atoms": 1}
{"apply": 0.007032537460327148, "batch_time": 0.11922643184661866, "d2h": 0.004927396774291992, "data_time": 0.04490795427439164, "fwd": 0.02137300968170166, "get_state_time_mean": NaN, "get_state_time_total": 0.0, "grad": 0.04276754856109619, "mean_accuracy": 0.7432999610900879, "mean_loss": 0.7463389170646667, "neg_mean_accuracy": -0.7432999610900879, "set_state_time_mean": NaN, "set_state_time_total": 0.0, "setup_model_time_mean": NaN, "setup_model_time_total": 0.0, "setup_proc_time_mean": NaN, "setup_proc_time_total": 0.0, "train_accuracy": 0.7749199867248535, "train_loss": 0.6244992604255676, "training_time_mean": NaN, "training_time_total": 0.0, "validation_time_mean": NaN, "validation_time_total": 0.0, "samples": 60000, "num_workers": 1, "done": false, "timesteps_total": null, "episodes_total": null, "training_iteration": 23, "neg_mean_loss": -0.7463389170646667, "experiment_id": "07640df7a6a44dbbaf4fb9689a33bb80", "date": "2019-05-30_14-55-22", "timestamp": 1559253322, "time_this_iter_s": 7.361968517303467, "time_total_s": 172.50510168075562, "pid": 20454, "hostname": "steropes", "node_ip": "169.229.49.254", "config": {"starting_lr": 0.01, "momentum": 0.95, "weight_decay": 0.0005, "steps_per_iteration": null, "pin": false, "model_creator": null, "target_batch_size": 1024, "model_string": "resnet18", "min_batch_size": 512, "dataset": "CIFAR", "placement": null, "use_nccl": true, "devices_per_worker": 1, "primary_resource": "extra_gpu", "gpu": false, "verbose": false, "lr_config": {"mode": "log", "steps": 5, "initial_lr": 0.01, "target_lr": 0.01}, "batch_per_device": 1024}, "time_since_restore": 172.50510168075562, "timesteps_since_restore": 0, "iterations_since_restore": 23, "mean_throughput": 8190.343694948877, "atoms": 1}
{"apply": 0.00723724365234375, "batch_time": 0.11791768074035644, "d2h": 0.004894137382507324, "data_time": 0.04262358315136968, "fwd": 0.0214719295501709, "get_state_time_mean": NaN, "get_state_time_total": 0.0, "grad": 0.04312009811401367, "mean_accuracy": 0.7404999732971191, "mean_loss": 0.7739928534507752, "neg_mean_accuracy": -0.7404999732971191, "set_state_time_mean": NaN, "set_state_time_total": 0.0, "setup_model_time_mean": NaN, "setup_model_time_total": 0.0, "setup_proc_time_mean": NaN, "setup_proc_time_total": 0.0, "train_accuracy": 0.7884999513626099, "train_loss": 0.5946878409767151, "training_time_mean": NaN, "training_time_total": 0.0, "validation_time_mean": NaN, "validation_time_total": 0.0, "samples": 60000, "num_workers": 1, "done": false, "timesteps_total": null, "episodes_total": null, "training_iteration": 24, "neg_mean_loss": -0.7739928534507752, "experiment_id": "07640df7a6a44dbbaf4fb9689a33bb80", "date": "2019-05-30_14-55-29", "timestamp": 1559253329, "time_this_iter_s": 7.267180442810059, "time_total_s": 179.77228212356567, "pid": 20454, "hostname": "steropes", "node_ip": "169.229.49.254", "config": {"starting_lr": 0.01, "momentum": 0.95, "weight_decay": 0.0005, "steps_per_iteration": null, "pin": false, "model_creator": null, "target_batch_size": 1024, "model_string": "resnet18", "min_batch_size": 512, "dataset": "CIFAR", "placement": null, "use_nccl": true, "devices_per_worker": 1, "primary_resource": "extra_gpu", "gpu": false, "verbose": false, "lr_config": {"mode": "log", "steps": 5, "initial_lr": 0.01, "target_lr": 0.01}, "batch_per_device": 1024}, "time_since_restore": 179.77228212356567, "timesteps_since_restore": 0, "iterations_since_restore": 24, "mean_throughput": 8176.094355920657, "atoms": 1}
{"apply": 0.007650947570800782, "batch_time": 0.11796138286590577, "d2h": 0.005078434944152832, "data_time": 0.04384521075657436, "fwd": 0.02137601375579834, "get_state_time_mean": NaN, "get_state_time_total": 0.0, "grad": 0.042239928245544435, "mean_accuracy": 0.7527999877929688, "mean_loss": 0.7378659594535828, "neg_mean_accuracy": -0.7527999877929688, "set_state_time_mean": NaN, "set_state_time_total": 0.0, "setup_model_time_mean": NaN, "setup_model_time_total": 0.0, "setup_proc_time_mean": NaN, "setup_proc_time_total": 0.0, "train_accuracy": 0.7918399572372437, "train_loss": 0.5860827714538575, "training_time_mean": NaN, "training_time_total": 0.0, "validation_time_mean": NaN, "validation_time_total": 0.0, "samples": 60000, "num_workers": 1, "done": false, "timesteps_total": null, "episodes_total": null, "training_iteration": 25, "neg_mean_loss": -0.7378659594535828, "experiment_id": "07640df7a6a44dbbaf4fb9689a33bb80", "date": "2019-05-30_14-55-36", "timestamp": 1559253336, "time_this_iter_s": 7.275392532348633, "time_total_s": 187.0476746559143, "pid": 20454, "hostname": "steropes", "node_ip": "169.229.49.254", "config": {"starting_lr": 0.01, "momentum": 0.95, "weight_decay": 0.0005, "steps_per_iteration": null, "pin": false, "model_creator": null, "target_batch_size": 1024, "model_string": "resnet18", "min_batch_size": 512, "dataset": "CIFAR", "placement": null, "use_nccl": true, "devices_per_worker": 1, "primary_resource": "extra_gpu", "gpu": false, "verbose": false, "lr_config": {"mode": "log", "steps": 5, "initial_lr": 0.01, "target_lr": 0.01}, "batch_per_device": 1024}, "time_since_restore": 187.0476746559143, "timesteps_since_restore": 0, "iterations_since_restore": 25, "mean_throughput": 8173.312115613988, "atoms": 1}
{"apply": 0.007206773757934571, "batch_time": 0.11733381748199463, "d2h": 0.004735970497131347, "data_time": 0.04350655906054438, "fwd": 0.021235966682434083, "get_state_time_mean": NaN, "get_state_time_total": 0.0, "grad": 0.04286758899688721, "mean_accuracy": 0.7488999962806702, "mean_loss": 0.7530525075912475, "neg_mean_accuracy": -0.7488999962806702, "set_state_time_mean": NaN, "set_state_time_total": 0.0, "setup_model_time_mean": NaN, "setup_model_time_total": 0.0, "setup_proc_time_mean": NaN, "setup_proc_time_total": 0.0, "train_accuracy": 0.794439971446991, "train_loss": 0.5767006760978699, "training_time_mean": NaN, "training_time_total": 0.0, "validation_time_mean": NaN, "validation_time_total": 0.0, "samples": 60000, "num_workers": 1, "done": false, "timesteps_total": null, "episodes_total": null, "training_iteration": 26, "neg_mean_loss": -0.7530525075912475, "experiment_id": "07640df7a6a44dbbaf4fb9689a33bb80", "date": "2019-05-30_14-55-43", "timestamp": 1559253343, "time_this_iter_s": 7.259077310562134, "time_total_s": 194.30675196647644, "pid": 20454, "hostname": "steropes", "node_ip": "169.229.49.254", "config": {"starting_lr": 0.01, "momentum": 0.95, "weight_decay": 0.0005, "steps_per_iteration": null, "pin": false, "model_creator": null, "target_batch_size": 1024, "model_string": "resnet18", "min_batch_size": 512, "dataset": "CIFAR", "placement": null, "use_nccl": true, "devices_per_worker": 1, "primary_resource": "extra_gpu", "gpu": false, "verbose": false, "lr_config": {"mode": "log", "steps": 5, "initial_lr": 0.01, "target_lr": 0.01}, "batch_per_device": 1024}, "time_since_restore": 194.30675196647644, "timesteps_since_restore": 0, "iterations_since_restore": 26, "mean_throughput": 8206.067315004648, "atoms": 1}
