{"apply": 0.01786489486694336, "batch_time": 0.041308771205853814, "d2h": 0.0006722211837768555, "data_time": 0.0018993155730654822, "fwd": 0.15872459411621093, "get_state_time_mean": NaN, "get_state_time_total": 0.0, "grad": 0.18652267456054689, "mean_accuracy": 0.10649999976158142, "mean_loss": 478693262360.576, "neg_mean_accuracy": -0.10649999976158142, "set_state_time_mean": NaN, "set_state_time_total": 0.0, "setup_model_time_mean": 24.08655095100403, "setup_model_time_total": 24.08655095100403, "setup_proc_time_mean": 1.8496687412261963, "setup_proc_time_total": 1.8496687412261963, "train_accuracy": 0.1006999984383583, "train_loss": 66799767.46932295, "training_time_mean": NaN, "training_time_total": 0.0, "val_accuracy": 0.10649999976158142, "val_loss": 478693262360.576, "validation_time_mean": NaN, "validation_time_total": 0.0, "samples": 60000, "num_workers": 1, "done": false, "timesteps_total": null, "episodes_total": null, "training_iteration": 1, "neg_mean_loss": -478693262360.576, "experiment_id": "aba92d0c4e974268a89b649e3afb0760", "date": "2019-06-06_14-17-31", "timestamp": 1559855851, "time_this_iter_s": 46.958122968673706, "time_total_s": 46.958122968673706, "pid": 30555, "hostname": "steropes", "node_ip": "169.229.49.254", "config": {"starting_lr": 1.0, "momentum": 0.997, "weight_decay": 0.0001, "steps_per_iteration": null, "pin": false, "model_creator": null, "target_batch_size": 128, "model_string": "resnet50", "min_batch_size": 128, "dataset": "CIFAR", "placement": null, "use_nccl": true, "devices_per_worker": 1, "primary_resource": "extra_gpu", "gpu": false, "verbose": false, "lr_config": {"mode": "log", "steps": 5, "initial_lr": 1.0, "target_lr": 1.0}, "batch_per_device": 128}, "time_since_restore": 46.958122968673706, "timesteps_since_restore": 0, "iterations_since_restore": 1, "mean_throughput": 1277.7319036919928, "atoms": 1, "setup_time": 26.035049200057983}
{"apply": 0.017198395729064942, "batch_time": 0.03215444842471352, "d2h": 0.000729513168334961, "data_time": 0.001802329821964664, "fwd": 0.028253388404846192, "get_state_time_mean": NaN, "get_state_time_total": 0.0, "grad": 0.04743075370788574, "mean_accuracy": 0.10324999690055847, "mean_loss": 126901303632173.45, "neg_mean_accuracy": -0.09999999403953552, "set_state_time_mean": NaN, "set_state_time_total": 0.0, "setup_model_time_mean": NaN, "setup_model_time_total": 0.0, "setup_proc_time_mean": NaN, "setup_proc_time_total": 0.0, "train_accuracy": 0.09798000007867813, "train_loss": 8642808976983.634, "training_time_mean": NaN, "training_time_total": 0.0, "val_accuracy": 0.09999999403953552, "val_loss": 253323914001986.34, "validation_time_mean": NaN, "validation_time_total": 0.0, "samples": 60000, "num_workers": 1, "done": false, "timesteps_total": null, "episodes_total": null, "training_iteration": 2, "neg_mean_loss": -126901303632173.45, "experiment_id": "aba92d0c4e974268a89b649e3afb0760", "date": "2019-06-06_14-18-11", "timestamp": 1559855891, "time_this_iter_s": 40.80765914916992, "time_total_s": 87.76578211784363, "pid": 30555, "hostname": "steropes", "node_ip": "169.229.49.254", "config": {"starting_lr": 1.0, "momentum": 0.997, "weight_decay": 0.0001, "steps_per_iteration": null, "pin": false, "model_creator": null, "target_batch_size": 128, "model_string": "resnet50", "min_batch_size": 128, "dataset": "CIFAR", "placement": null, "use_nccl": true, "devices_per_worker": 1, "primary_resource": "extra_gpu", "gpu": false, "verbose": false, "lr_config": {"mode": "log", "steps": 5, "initial_lr": 1.0, "target_lr": 1.0}, "batch_per_device": 128}, "time_since_restore": 87.76578211784363, "timesteps_since_restore": 0, "iterations_since_restore": 2, "mean_throughput": 1367.2690776138415, "atoms": 1, "setup_time": 26.035049200057983}
{"apply": 0.017464542388916017, "batch_time": 0.03265099585810794, "d2h": 0.0007783889770507813, "data_time": 0.0018247289730764717, "fwd": 0.02882533073425293, "get_state_time_mean": NaN, "get_state_time_total": 0.0, "grad": 0.04863927364349365, "mean_accuracy": 0.06886666459953024, "mean_loss": NaN, "neg_mean_accuracy": -9.999999747378752e-05, "set_state_time_mean": NaN, "set_state_time_total": 0.0, "setup_model_time_mean": NaN, "setup_model_time_total": 0.0, "setup_proc_time_mean": NaN, "setup_proc_time_total": 0.0, "train_accuracy": 0.02199999988079071, "train_loss": NaN, "training_time_mean": NaN, "training_time_total": 0.0, "val_accuracy": 9.999999747378752e-05, "val_loss": NaN, "validation_time_mean": NaN, "validation_time_total": 0.0, "samples": 60000, "num_workers": 1, "done": true, "timesteps_total": null, "episodes_total": null, "training_iteration": 3, "neg_mean_loss": NaN, "experiment_id": "aba92d0c4e974268a89b649e3afb0760", "date": "2019-06-06_14-18-52", "timestamp": 1559855932, "time_this_iter_s": 40.88466215133667, "time_total_s": 128.6504442691803, "pid": 30555, "hostname": "steropes", "node_ip": "169.229.49.254", "config": {"starting_lr": 1.0, "momentum": 0.997, "weight_decay": 0.0001, "steps_per_iteration": null, "pin": false, "model_creator": null, "target_batch_size": 128, "model_string": "resnet50", "min_batch_size": 128, "dataset": "CIFAR", "placement": null, "use_nccl": true, "devices_per_worker": 1, "primary_resource": "extra_gpu", "gpu": false, "verbose": false, "lr_config": {"mode": "log", "steps": 5, "initial_lr": 1.0, "target_lr": 1.0}, "batch_per_device": 128}, "time_since_restore": 128.6504442691803, "timesteps_since_restore": 0, "iterations_since_restore": 3, "mean_throughput": 1399.1347731416306, "atoms": 1, "setup_time": 26.035049200057983}
