{"apply": 0.018293881416320802, "batch_time": 0.041729960260511956, "d2h": 0.0007489919662475586, "data_time": 0.0018208917144619291, "fwd": 0.17151103019714356, "get_state_time_mean": NaN, "get_state_time_total": 0.0, "grad": 0.22885704040527344, "mean_accuracy": 0.1022999957203865, "mean_loss": 2.4554118457794187, "neg_mean_accuracy": -0.1022999957203865, "set_state_time_mean": NaN, "set_state_time_total": 0.0, "setup_model_time_mean": 22.921102285385132, "setup_model_time_total": 22.921102285385132, "setup_proc_time_mean": 1.7802846431732178, "setup_proc_time_total": 1.7802846431732178, "train_accuracy": 0.11893999576568604, "train_loss": 5.120520659866333, "training_time_mean": NaN, "training_time_total": 0.0, "val_accuracy": 0.1022999957203865, "val_loss": 2.4554118457794187, "validation_time_mean": NaN, "validation_time_total": 0.0, "samples": 60000, "num_workers": 1, "done": false, "timesteps_total": null, "episodes_total": null, "training_iteration": 1, "neg_mean_loss": -2.4554118457794187, "experiment_id": "31e81aff2e2149c2a631eba8ab3f5ec2", "date": "2019-06-06_09-28-31", "timestamp": 1559838511, "time_this_iter_s": 48.18608832359314, "time_total_s": 48.18608832359314, "pid": 9144, "hostname": "steropes", "node_ip": "169.229.49.254", "config": {"starting_lr": 0.05, "momentum": 0.997, "weight_decay": 0.001, "steps_per_iteration": null, "pin": false, "model_creator": null, "target_batch_size": 128, "model_string": "resnet50", "min_batch_size": 128, "dataset": "CIFAR", "placement": null, "use_nccl": true, "devices_per_worker": 1, "primary_resource": "extra_gpu", "gpu": false, "verbose": false, "lr_config": {"mode": "log", "steps": 5, "initial_lr": 0.05, "target_lr": 0.05}, "batch_per_device": 128}, "time_since_restore": 48.18608832359314, "timesteps_since_restore": 0, "iterations_since_restore": 1, "mean_throughput": 1245.1703851643329, "atoms": 1, "setup_time": 26.409546375274658}
{"apply": 0.017673587799072264, "batch_time": 0.03169608417945572, "d2h": 0.0007115840911865234, "data_time": 0.0017602961996327276, "fwd": 0.028117823600769042, "get_state_time_mean": NaN, "get_state_time_total": 0.0, "grad": 0.0481398344039917, "mean_accuracy": 0.10034999623894691, "mean_loss": 2.998492007255554, "neg_mean_accuracy": -0.09839999675750732, "set_state_time_mean": NaN, "set_state_time_total": 0.0, "setup_model_time_mean": NaN, "setup_model_time_total": 0.0, "setup_proc_time_mean": NaN, "setup_proc_time_total": 0.0, "train_accuracy": 0.10909999907016754, "train_loss": 6.066062247619629, "training_time_mean": NaN, "training_time_total": 0.0, "val_accuracy": 0.09839999675750732, "val_loss": 3.5415721687316895, "validation_time_mean": NaN, "validation_time_total": 0.0, "samples": 60000, "num_workers": 1, "done": false, "timesteps_total": null, "episodes_total": null, "training_iteration": 2, "neg_mean_loss": -2.998492007255554, "experiment_id": "31e81aff2e2149c2a631eba8ab3f5ec2", "date": "2019-06-06_09-29-12", "timestamp": 1559838552, "time_this_iter_s": 41.042147159576416, "time_total_s": 89.22823548316956, "pid": 9144, "hostname": "steropes", "node_ip": "169.229.49.254", "config": {"starting_lr": 0.05, "momentum": 0.997, "weight_decay": 0.001, "steps_per_iteration": null, "pin": false, "model_creator": null, "target_batch_size": 128, "model_string": "resnet50", "min_batch_size": 128, "dataset": "CIFAR", "placement": null, "use_nccl": true, "devices_per_worker": 1, "primary_resource": "extra_gpu", "gpu": false, "verbose": false, "lr_config": {"mode": "log", "steps": 5, "initial_lr": 0.05, "target_lr": 0.05}, "batch_per_device": 128}, "time_since_restore": 89.22823548316956, "timesteps_since_restore": 0, "iterations_since_restore": 2, "mean_throughput": 1344.8602403164916, "atoms": 1, "setup_time": 26.409546375274658}
{"apply": 0.018294405937194825, "batch_time": 0.03266114826443829, "d2h": 0.0007994413375854492, "data_time": 0.001775377546734822, "fwd": 0.029393744468688966, "get_state_time_mean": NaN, "get_state_time_total": 0.0, "grad": 0.050433564186096194, "mean_accuracy": 0.10099999606609344, "mean_loss": 2.876378026199341, "neg_mean_accuracy": -0.1022999957203865, "set_state_time_mean": NaN, "set_state_time_total": 0.0, "setup_model_time_mean": NaN, "setup_model_time_total": 0.0, "setup_proc_time_mean": NaN, "setup_proc_time_total": 0.0, "train_accuracy": 0.10703999549150467, "train_loss": 9.054056004180909, "training_time_mean": NaN, "training_time_total": 0.0, "val_accuracy": 0.1022999957203865, "val_loss": 2.632150064086914, "validation_time_mean": NaN, "validation_time_total": 0.0, "samples": 60000, "num_workers": 1, "done": true, "timesteps_total": null, "episodes_total": null, "training_iteration": 3, "neg_mean_loss": -2.876378026199341, "experiment_id": "31e81aff2e2149c2a631eba8ab3f5ec2", "date": "2019-06-06_09-29-53", "timestamp": 1559838593, "time_this_iter_s": 41.25677013397217, "time_total_s": 130.48500561714172, "pid": 9144, "hostname": "steropes", "node_ip": "169.229.49.254", "config": {"starting_lr": 0.05, "momentum": 0.997, "weight_decay": 0.001, "steps_per_iteration": null, "pin": false, "model_creator": null, "target_batch_size": 128, "model_string": "resnet50", "min_batch_size": 128, "dataset": "CIFAR", "placement": null, "use_nccl": true, "devices_per_worker": 1, "primary_resource": "extra_gpu", "gpu": false, "verbose": false, "lr_config": {"mode": "log", "steps": 5, "initial_lr": 0.05, "target_lr": 0.05}, "batch_per_device": 128}, "time_since_restore": 130.48500561714172, "timesteps_since_restore": 0, "iterations_since_restore": 3, "mean_throughput": 1379.464139279982, "atoms": 1, "setup_time": 26.409546375274658}
