{"apply": 0.018958330154418945, "batch_time": 0.041828741001177436, "d2h": 0.0007863283157348633, "data_time": 0.001889203210620929, "fwd": 0.11720480918884277, "get_state_time_mean": NaN, "get_state_time_total": 0.0, "grad": 0.1656421184539795, "mean_accuracy": 0.19539999961853027, "mean_loss": 2.1622180282592773, "neg_mean_accuracy": -0.19539999961853027, "set_state_time_mean": NaN, "set_state_time_total": 0.0, "setup_model_time_mean": 9.839568138122559, "setup_model_time_total": 9.839568138122559, "setup_proc_time_mean": 0.4514458179473877, "setup_proc_time_total": 0.4514458179473877, "train_accuracy": 0.14069999754428864, "train_loss": 5.151332684249878, "training_time_mean": NaN, "training_time_total": 0.0, "val_accuracy": 0.19539999961853027, "val_loss": 2.1622180282592773, "validation_time_mean": NaN, "validation_time_total": 0.0, "samples": 60000, "num_workers": 1, "done": false, "timesteps_total": null, "episodes_total": null, "training_iteration": 1, "neg_mean_loss": -2.1622180282592773, "experiment_id": "23de4d19be1b4d1a8aece75e63d1d29f", "date": "2019-06-06_07-13-31", "timestamp": 1559830411, "time_this_iter_s": 47.64334559440613, "time_total_s": 47.64334559440613, "pid": 11130, "hostname": "steropes", "node_ip": "169.229.49.254", "config": {"starting_lr": 0.05, "momentum": 0.95, "weight_decay": 0.001, "steps_per_iteration": null, "pin": false, "model_creator": null, "target_batch_size": 128, "model_string": "resnet50", "min_batch_size": 128, "dataset": "CIFAR", "placement": null, "use_nccl": true, "devices_per_worker": 1, "primary_resource": "extra_gpu", "gpu": false, "verbose": false, "lr_config": {"mode": "log", "steps": 5, "initial_lr": 0.05, "target_lr": 0.05}, "batch_per_device": 128}, "time_since_restore": 47.64334559440613, "timesteps_since_restore": 0, "iterations_since_restore": 1, "mean_throughput": 1259.3525382418914, "atoms": 1, "setup_time": 10.390753746032715}
{"apply": 0.018886446952819824, "batch_time": 0.0318827025498016, "d2h": 0.0007784128189086914, "data_time": 0.0018224393010444347, "fwd": 0.029357600212097167, "get_state_time_mean": NaN, "get_state_time_total": 0.0, "grad": 0.0506119966506958, "mean_accuracy": 0.2236499935388565, "mean_loss": 2.0555327489852906, "neg_mean_accuracy": -0.25189998745918274, "set_state_time_mean": NaN, "set_state_time_total": 0.0, "setup_model_time_mean": NaN, "setup_model_time_total": 0.0, "setup_proc_time_mean": NaN, "setup_proc_time_total": 0.0, "train_accuracy": 0.23467999696731567, "train_loss": 2.014900315246582, "training_time_mean": NaN, "training_time_total": 0.0, "val_accuracy": 0.25189998745918274, "val_loss": 1.9488474697113036, "validation_time_mean": NaN, "validation_time_total": 0.0, "samples": 60000, "num_workers": 1, "done": true, "timesteps_total": null, "episodes_total": null, "training_iteration": 2, "neg_mean_loss": -2.0555327489852906, "experiment_id": "23de4d19be1b4d1a8aece75e63d1d29f", "date": "2019-06-06_07-14-13", "timestamp": 1559830453, "time_this_iter_s": 42.140034437179565, "time_total_s": 89.7833800315857, "pid": 11130, "hostname": "steropes", "node_ip": "169.229.49.254", "config": {"starting_lr": 0.05, "momentum": 0.95, "weight_decay": 0.001, "steps_per_iteration": null, "pin": false, "model_creator": null, "target_batch_size": 128, "model_string": "resnet50", "min_batch_size": 128, "dataset": "CIFAR", "placement": null, "use_nccl": true, "devices_per_worker": 1, "primary_resource": "extra_gpu", "gpu": false, "verbose": false, "lr_config": {"mode": "log", "steps": 5, "initial_lr": 0.05, "target_lr": 0.05}, "batch_per_device": 128}, "time_since_restore": 89.7833800315857, "timesteps_since_restore": 0, "iterations_since_restore": 2, "mean_throughput": 1336.5462431637552, "atoms": 1, "setup_time": 10.390753746032715}
