{"apply": 0.018157005310058594, "batch_time": 0.04158797143380853, "d2h": 0.000757908821105957, "data_time": 0.0017631718569704334, "fwd": 0.10342533588409424, "get_state_time_mean": NaN, "get_state_time_total": 0.0, "grad": 0.2906503438949585, "mean_accuracy": 0.26999998092651367, "mean_loss": 1.9923088790893555, "neg_mean_accuracy": -0.26999998092651367, "set_state_time_mean": NaN, "set_state_time_total": 0.0, "setup_model_time_mean": 21.15042018890381, "setup_model_time_total": 21.15042018890381, "setup_proc_time_mean": 1.6791954040527344, "setup_proc_time_total": 1.6791954040527344, "train_accuracy": 0.1838800013065338, "train_loss": 2.3180687762451173, "training_time_mean": NaN, "training_time_total": 0.0, "val_accuracy": 0.26999998092651367, "val_loss": 1.9923088790893555, "validation_time_mean": NaN, "validation_time_total": 0.0, "samples": 60000, "num_workers": 1, "done": false, "timesteps_total": null, "episodes_total": null, "training_iteration": 1, "neg_mean_loss": -1.9923088790893555, "experiment_id": "5df85e71e50e4a42aec5743d8fcc60a4", "date": "2019-06-03_04-38-15", "timestamp": 1559561895, "time_this_iter_s": 49.01854467391968, "time_total_s": 49.01854467391968, "pid": 17433, "hostname": "steropes", "node_ip": "169.229.49.254", "config": {"starting_lr": 0.001, "momentum": 0.9, "weight_decay": 0.005, "steps_per_iteration": null, "pin": false, "model_creator": null, "target_batch_size": 128, "model_string": "resnet50", "min_batch_size": 128, "dataset": "CIFAR", "placement": null, "use_nccl": true, "devices_per_worker": 1, "primary_resource": "extra_gpu", "gpu": false, "verbose": false, "lr_config": {"mode": "log", "steps": 5, "initial_lr": 0.001, "target_lr": 0.001}, "batch_per_device": 128}, "time_since_restore": 49.01854467391968, "timesteps_since_restore": 0, "iterations_since_restore": 1, "mean_throughput": 1224.0243804248855, "atoms": 1, "setup_time": 22.928256511688232}
{"apply": 0.021661043167114258, "batch_time": 0.032009305833261226, "d2h": 0.0006620407104492188, "data_time": 0.0017500868843644476, "fwd": 0.029943132400512697, "get_state_time_mean": NaN, "get_state_time_total": 0.0, "grad": 0.049955105781555174, "mean_accuracy": 0.31334999203681946, "mean_loss": 1.8800906833648683, "neg_mean_accuracy": -0.35670000314712524, "set_state_time_mean": NaN, "set_state_time_total": 0.0, "setup_model_time_mean": NaN, "setup_model_time_total": 0.0, "setup_proc_time_mean": NaN, "setup_proc_time_total": 0.0, "train_accuracy": 0.2856200039386749, "train_loss": 1.9616584015655518, "training_time_mean": NaN, "training_time_total": 0.0, "val_accuracy": 0.35670000314712524, "val_loss": 1.7678724876403809, "validation_time_mean": NaN, "validation_time_total": 0.0, "samples": 60000, "num_workers": 1, "done": false, "timesteps_total": null, "episodes_total": null, "training_iteration": 2, "neg_mean_loss": -1.8800906833648683, "experiment_id": "5df85e71e50e4a42aec5743d8fcc60a4", "date": "2019-06-03_04-38-57", "timestamp": 1559561937, "time_this_iter_s": 41.83111500740051, "time_total_s": 90.84965968132019, "pid": 17433, "hostname": "steropes", "node_ip": "169.229.49.254", "config": {"starting_lr": 0.001, "momentum": 0.9, "weight_decay": 0.005, "steps_per_iteration": null, "pin": false, "model_creator": null, "target_batch_size": 128, "model_string": "resnet50", "min_batch_size": 128, "dataset": "CIFAR", "placement": null, "use_nccl": true, "devices_per_worker": 1, "primary_resource": "extra_gpu", "gpu": false, "verbose": false, "lr_config": {"mode": "log", "steps": 5, "initial_lr": 0.001, "target_lr": 0.001}, "batch_per_device": 128}, "time_since_restore": 90.84965968132019, "timesteps_since_restore": 0, "iterations_since_restore": 2, "mean_throughput": 1320.858143488302, "atoms": 1, "setup_time": 22.928256511688232}
{"apply": 0.020761871337890626, "batch_time": 0.0322944484179533, "d2h": 0.0006493330001831055, "data_time": 0.0017662298343980405, "fwd": 0.03032052516937256, "get_state_time_mean": NaN, "get_state_time_total": 0.0, "grad": 0.050372767448425296, "mean_accuracy": 0.3338666558265686, "mean_loss": 1.8231089022954308, "neg_mean_accuracy": -0.3748999834060669, "set_state_time_mean": NaN, "set_state_time_total": 0.0, "setup_model_time_mean": NaN, "setup_model_time_total": 0.0, "setup_proc_time_mean": NaN, "setup_proc_time_total": 0.0, "train_accuracy": 0.3418000042438507, "train_loss": 1.8036805855560303, "training_time_mean": NaN, "training_time_total": 0.0, "val_accuracy": 0.3748999834060669, "val_loss": 1.7091453401565553, "validation_time_mean": NaN, "validation_time_total": 0.0, "samples": 60000, "num_workers": 1, "done": false, "timesteps_total": null, "episodes_total": null, "training_iteration": 3, "neg_mean_loss": -1.8231089022954308, "experiment_id": "5df85e71e50e4a42aec5743d8fcc60a4", "date": "2019-06-03_04-39-38", "timestamp": 1559561978, "time_this_iter_s": 41.64718055725098, "time_total_s": 132.49684023857117, "pid": 17433, "hostname": "steropes", "node_ip": "169.229.49.254", "config": {"starting_lr": 0.001, "momentum": 0.9, "weight_decay": 0.005, "steps_per_iteration": null, "pin": false, "model_creator": null, "target_batch_size": 128, "model_string": "resnet50", "min_batch_size": 128, "dataset": "CIFAR", "placement": null, "use_nccl": true, "devices_per_worker": 1, "primary_resource": "extra_gpu", "gpu": false, "verbose": false, "lr_config": {"mode": "log", "steps": 5, "initial_lr": 0.001, "target_lr": 0.001}, "batch_per_device": 128}, "time_since_restore": 132.49684023857117, "timesteps_since_restore": 0, "iterations_since_restore": 3, "mean_throughput": 1358.5183086472364, "atoms": 1, "setup_time": 22.928256511688232}
{"apply": 0.02254476547241211, "batch_time": 0.0331574753869938, "d2h": 0.0008645772933959961, "data_time": 0.0018189209501456726, "fwd": 0.030925059318542482, "get_state_time_mean": NaN, "get_state_time_total": 0.0, "grad": 0.05002682209014893, "mean_accuracy": 0.35294999182224274, "mean_loss": 1.7668558534145358, "neg_mean_accuracy": -0.41019999980926514, "set_state_time_mean": NaN, "set_state_time_total": 0.0, "setup_model_time_mean": NaN, "setup_model_time_total": 0.0, "setup_proc_time_mean": NaN, "setup_proc_time_total": 0.0, "train_accuracy": 0.37323999404907227, "train_loss": 1.7080773178482056, "training_time_mean": NaN, "training_time_total": 0.0, "val_accuracy": 0.41019999980926514, "val_loss": 1.5980967067718506, "validation_time_mean": NaN, "validation_time_total": 0.0, "samples": 60000, "num_workers": 1, "done": false, "timesteps_total": null, "episodes_total": null, "training_iteration": 4, "neg_mean_loss": -1.7668558534145358, "experiment_id": "5df85e71e50e4a42aec5743d8fcc60a4", "date": "2019-06-03_04-40-20", "timestamp": 1559562020, "time_this_iter_s": 42.07303428649902, "time_total_s": 174.5698745250702, "pid": 17433, "hostname": "steropes", "node_ip": "169.229.49.254", "config": {"starting_lr": 0.001, "momentum": 0.9, "weight_decay": 0.005, "steps_per_iteration": null, "pin": false, "model_creator": null, "target_batch_size": 128, "model_string": "resnet50", "min_batch_size": 128, "dataset": "CIFAR", "placement": null, "use_nccl": true, "devices_per_worker": 1, "primary_resource": "extra_gpu", "gpu": false, "verbose": false, "lr_config": {"mode": "log", "steps": 5, "initial_lr": 0.001, "target_lr": 0.001}, "batch_per_device": 128}, "time_since_restore": 174.5698745250702, "timesteps_since_restore": 0, "iterations_since_restore": 4, "mean_throughput": 1374.8034688485477, "atoms": 1, "setup_time": 22.928256511688232}
{"apply": 0.0187885046005249, "batch_time": 0.031668237493008, "d2h": 0.0006606817245483398, "data_time": 0.0018468403145480339, "fwd": 0.0299468994140625, "get_state_time_mean": NaN, "get_state_time_total": 0.0, "grad": 0.05045642852783203, "mean_accuracy": 0.36951999068260194, "mean_loss": 1.7199206333541874, "neg_mean_accuracy": -0.4357999861240387, "set_state_time_mean": NaN, "set_state_time_total": 0.0, "setup_model_time_mean": NaN, "setup_model_time_total": 0.0, "setup_proc_time_mean": NaN, "setup_proc_time_total": 0.0, "train_accuracy": 0.40125998854637146, "train_loss": 1.6292775180435182, "training_time_mean": NaN, "training_time_total": 0.0, "val_accuracy": 0.4357999861240387, "val_loss": 1.532179753112793, "validation_time_mean": NaN, "validation_time_total": 0.0, "samples": 60000, "num_workers": 1, "done": false, "timesteps_total": null, "episodes_total": null, "training_iteration": 5, "neg_mean_loss": -1.7199206333541874, "experiment_id": "5df85e71e50e4a42aec5743d8fcc60a4", "date": "2019-06-03_04-41-03", "timestamp": 1559562063, "time_this_iter_s": 42.68714761734009, "time_total_s": 217.25702214241028, "pid": 17433, "hostname": "steropes", "node_ip": "169.229.49.254", "config": {"starting_lr": 0.001, "momentum": 0.9, "weight_decay": 0.005, "steps_per_iteration": null, "pin": false, "model_creator": null, "target_batch_size": 128, "model_string": "resnet50", "min_batch_size": 128, "dataset": "CIFAR", "placement": null, "use_nccl": true, "devices_per_worker": 1, "primary_resource": "extra_gpu", "gpu": false, "verbose": false, "lr_config": {"mode": "log", "steps": 5, "initial_lr": 0.001, "target_lr": 0.001}, "batch_per_device": 128}, "time_since_restore": 217.25702214241028, "timesteps_since_restore": 0, "iterations_since_restore": 5, "mean_throughput": 1380.8490816213935, "atoms": 1, "setup_time": 22.928256511688232}
{"apply": 0.020793724060058593, "batch_time": 0.031545038464703135, "d2h": 0.000672006607055664, "data_time": 0.0017622578174561795, "fwd": 0.029744267463684082, "get_state_time_mean": NaN, "get_state_time_total": 0.0, "grad": 0.0490908145904541, "mean_accuracy": 0.4043999910354614, "mean_loss": 1.6247362409591672, "neg_mean_accuracy": -0.44439998269081116, "set_state_time_mean": NaN, "set_state_time_total": 0.0, "setup_model_time_mean": NaN, "setup_model_time_total": 0.0, "setup_proc_time_mean": NaN, "setup_proc_time_total": 0.0, "train_accuracy": 0.4236399829387665, "train_loss": 1.5765433582305908, "training_time_mean": NaN, "training_time_total": 0.0, "val_accuracy": 0.44439998269081116, "val_loss": 1.5163869171142579, "validation_time_mean": NaN, "validation_time_total": 0.0, "samples": 60000, "num_workers": 1, "done": false, "timesteps_total": null, "episodes_total": null, "training_iteration": 6, "neg_mean_loss": -1.6247362409591672, "experiment_id": "5df85e71e50e4a42aec5743d8fcc60a4", "date": "2019-06-03_04-41-45", "timestamp": 1559562105, "time_this_iter_s": 41.68072271347046, "time_total_s": 258.93774485588074, "pid": 17433, "hostname": "steropes", "node_ip": "169.229.49.254", "config": {"starting_lr": 0.001, "momentum": 0.9, "weight_decay": 0.005, "steps_per_iteration": null, "pin": false, "model_creator": null, "target_batch_size": 128, "model_string": "resnet50", "min_batch_size": 128, "dataset": "CIFAR", "placement": null, "use_nccl": true, "devices_per_worker": 1, "primary_resource": "extra_gpu", "gpu": false, "verbose": false, "lr_config": {"mode": "log", "steps": 5, "initial_lr": 0.001, "target_lr": 0.001}, "batch_per_device": 128}, "time_since_restore": 258.93774485588074, "timesteps_since_restore": 0, "iterations_since_restore": 6, "mean_throughput": 1429.117231179133, "atoms": 1, "setup_time": 22.928256511688232}
{"apply": 0.018322324752807616, "batch_time": 0.03131315074389494, "d2h": 0.0006691932678222657, "data_time": 0.0017659603177434039, "fwd": 0.028346920013427736, "get_state_time_mean": NaN, "get_state_time_total": 0.0, "grad": 0.04880878925323486, "mean_accuracy": 0.4277199864387512, "mean_loss": 1.5582464713668824, "neg_mean_accuracy": -0.4732999801635742, "set_state_time_mean": NaN, "set_state_time_total": 0.0, "setup_model_time_mean": NaN, "setup_model_time_total": 0.0, "setup_proc_time_mean": NaN, "setup_proc_time_total": 0.0, "train_accuracy": 0.44223999977111816, "train_loss": 1.5251837038421632, "training_time_mean": NaN, "training_time_total": 0.0, "val_accuracy": 0.4732999801635742, "val_loss": 1.435423639678955, "validation_time_mean": NaN, "validation_time_total": 0.0, "samples": 60000, "num_workers": 1, "done": false, "timesteps_total": null, "episodes_total": null, "training_iteration": 7, "neg_mean_loss": -1.5582464713668824, "experiment_id": "5df85e71e50e4a42aec5743d8fcc60a4", "date": "2019-06-03_04-42-26", "timestamp": 1559562146, "time_this_iter_s": 41.486114740371704, "time_total_s": 300.42385959625244, "pid": 17433, "hostname": "steropes", "node_ip": "169.229.49.254", "config": {"starting_lr": 0.001, "momentum": 0.9, "weight_decay": 0.005, "steps_per_iteration": null, "pin": false, "model_creator": null, "target_batch_size": 128, "model_string": "resnet50", "min_batch_size": 128, "dataset": "CIFAR", "placement": null, "use_nccl": true, "devices_per_worker": 1, "primary_resource": "extra_gpu", "gpu": false, "verbose": false, "lr_config": {"mode": "log", "steps": 5, "initial_lr": 0.001, "target_lr": 0.001}, "batch_per_device": 128}, "time_since_restore": 300.42385959625244, "timesteps_since_restore": 0, "iterations_since_restore": 7, "mean_throughput": 1431.471146120195, "atoms": 1, "setup_time": 22.928256511688232}
{"apply": 0.018465662002563478, "batch_time": 0.03183603286743164, "d2h": 0.0006756782531738281, "data_time": 0.001747655746577036, "fwd": 0.02924501895904541, "get_state_time_mean": NaN, "get_state_time_total": 0.0, "grad": 0.05122284889221192, "mean_accuracy": 0.4510799884796143, "mean_loss": 1.4927290984725954, "neg_mean_accuracy": -0.4916999936103821, "set_state_time_mean": NaN, "set_state_time_total": 0.0, "setup_model_time_mean": NaN, "setup_model_time_total": 0.0, "setup_proc_time_mean": NaN, "setup_proc_time_total": 0.0, "train_accuracy": 0.4637399911880493, "train_loss": 1.4814035174942017, "training_time_mean": NaN, "training_time_total": 0.0, "val_accuracy": 0.4916999936103821, "val_loss": 1.3815584756851196, "validation_time_mean": NaN, "validation_time_total": 0.0, "samples": 60000, "num_workers": 1, "done": false, "timesteps_total": null, "episodes_total": null, "training_iteration": 8, "neg_mean_loss": -1.4927290984725954, "experiment_id": "5df85e71e50e4a42aec5743d8fcc60a4", "date": "2019-06-03_04-43-09", "timestamp": 1559562189, "time_this_iter_s": 42.706220865249634, "time_total_s": 343.1300804615021, "pid": 17433, "hostname": "steropes", "node_ip": "169.229.49.254", "config": {"starting_lr": 0.001, "momentum": 0.9, "weight_decay": 0.005, "steps_per_iteration": null, "pin": false, "model_creator": null, "target_batch_size": 128, "model_string": "resnet50", "min_batch_size": 128, "dataset": "CIFAR", "placement": null, "use_nccl": true, "devices_per_worker": 1, "primary_resource": "extra_gpu", "gpu": false, "verbose": false, "lr_config": {"mode": "log", "steps": 5, "initial_lr": 0.001, "target_lr": 0.001}, "batch_per_device": 128}, "time_since_restore": 343.1300804615021, "timesteps_since_restore": 0, "iterations_since_restore": 8, "mean_throughput": 1424.2738997087129, "atoms": 1, "setup_time": 22.928256511688232}
{"apply": 0.01885244846343994, "batch_time": 0.03170388257956203, "d2h": 0.0006609916687011719, "data_time": 0.0017585644636617598, "fwd": 0.02823789119720459, "get_state_time_mean": NaN, "get_state_time_total": 0.0, "grad": 0.04909746646881104, "mean_accuracy": 0.46917998790740967, "mean_loss": 1.4490155324554443, "neg_mean_accuracy": -0.5006999969482422, "set_state_time_mean": NaN, "set_state_time_total": 0.0, "setup_model_time_mean": NaN, "setup_model_time_total": 0.0, "setup_proc_time_mean": NaN, "setup_proc_time_total": 0.0, "train_accuracy": 0.48037999868392944, "train_loss": 1.4346561330795289, "training_time_mean": NaN, "training_time_total": 0.0, "val_accuracy": 0.5006999969482422, "val_loss": 1.3795288766860963, "validation_time_mean": NaN, "validation_time_total": 0.0, "samples": 60000, "num_workers": 1, "done": false, "timesteps_total": null, "episodes_total": null, "training_iteration": 9, "neg_mean_loss": -1.4490155324554443, "experiment_id": "5df85e71e50e4a42aec5743d8fcc60a4", "date": "2019-06-03_04-43-50", "timestamp": 1559562230, "time_this_iter_s": 41.47921562194824, "time_total_s": 384.6092960834503, "pid": 17433, "hostname": "steropes", "node_ip": "169.229.49.254", "config": {"starting_lr": 0.001, "momentum": 0.9, "weight_decay": 0.005, "steps_per_iteration": null, "pin": false, "model_creator": null, "target_batch_size": 128, "model_string": "resnet50", "min_batch_size": 128, "dataset": "CIFAR", "placement": null, "use_nccl": true, "devices_per_worker": 1, "primary_resource": "extra_gpu", "gpu": false, "verbose": false, "lr_config": {"mode": "log", "steps": 5, "initial_lr": 0.001, "target_lr": 0.001}, "batch_per_device": 128}, "time_since_restore": 384.6092960834503, "timesteps_since_restore": 0, "iterations_since_restore": 9, "mean_throughput": 1428.300545613489, "atoms": 1, "setup_time": 22.928256511688232}
{"apply": 0.01808476448059082, "batch_time": 0.03146069562887844, "d2h": 0.0006136417388916016, "data_time": 0.0017453819284658602, "fwd": 0.027788543701171876, "get_state_time_mean": NaN, "get_state_time_total": 0.0, "grad": 0.04775283336639404, "mean_accuracy": 0.4865799844264984, "mean_loss": 1.4071383410644533, "neg_mean_accuracy": -0.5227999687194824, "set_state_time_mean": NaN, "set_state_time_total": 0.0, "setup_model_time_mean": NaN, "setup_model_time_total": 0.0, "setup_proc_time_mean": NaN, "setup_proc_time_total": 0.0, "train_accuracy": 0.4936999976634979, "train_loss": 1.3980880312728883, "training_time_mean": NaN, "training_time_total": 0.0, "val_accuracy": 0.5227999687194824, "val_loss": 1.3227937961578369, "validation_time_mean": NaN, "validation_time_total": 0.0, "samples": 60000, "num_workers": 1, "done": false, "timesteps_total": null, "episodes_total": null, "training_iteration": 10, "neg_mean_loss": -1.4071383410644533, "experiment_id": "5df85e71e50e4a42aec5743d8fcc60a4", "date": "2019-06-03_04-44-32", "timestamp": 1559562272, "time_this_iter_s": 41.52187991142273, "time_total_s": 426.13117599487305, "pid": 17433, "hostname": "steropes", "node_ip": "169.229.49.254", "config": {"starting_lr": 0.001, "momentum": 0.9, "weight_decay": 0.005, "steps_per_iteration": null, "pin": false, "model_creator": null, "target_batch_size": 128, "model_string": "resnet50", "min_batch_size": 128, "dataset": "CIFAR", "placement": null, "use_nccl": true, "devices_per_worker": 1, "primary_resource": "extra_gpu", "gpu": false, "verbose": false, "lr_config": {"mode": "log", "steps": 5, "initial_lr": 0.001, "target_lr": 0.001}, "batch_per_device": 128}, "time_since_restore": 426.13117599487305, "timesteps_since_restore": 0, "iterations_since_restore": 10, "mean_throughput": 1436.268699452074, "atoms": 1, "setup_time": 22.928256511688232}
{"apply": 0.018155980110168456, "batch_time": 0.03171399273449862, "d2h": 0.0006725311279296875, "data_time": 0.001777544045997093, "fwd": 0.027985048294067384, "get_state_time_mean": NaN, "get_state_time_total": 0.0, "grad": 0.048594307899475095, "mean_accuracy": 0.5044199824333191, "mean_loss": 1.3637591455459595, "neg_mean_accuracy": -0.5335999727249146, "set_state_time_mean": NaN, "set_state_time_total": 0.0, "setup_model_time_mean": NaN, "setup_model_time_total": 0.0, "setup_proc_time_mean": NaN, "setup_proc_time_total": 0.0, "train_accuracy": 0.5077399611473083, "train_loss": 1.362395459136963, "training_time_mean": NaN, "training_time_total": 0.0, "val_accuracy": 0.5335999727249146, "val_loss": 1.2994909395217895, "validation_time_mean": NaN, "validation_time_total": 0.0, "samples": 60000, "num_workers": 1, "done": false, "timesteps_total": null, "episodes_total": null, "training_iteration": 11, "neg_mean_loss": -1.3637591455459595, "experiment_id": "5df85e71e50e4a42aec5743d8fcc60a4", "date": "2019-06-03_04-45-14", "timestamp": 1559562314, "time_this_iter_s": 41.678285121917725, "time_total_s": 467.80946111679077, "pid": 17433, "hostname": "steropes", "node_ip": "169.229.49.254", "config": {"starting_lr": 0.001, "momentum": 0.9, "weight_decay": 0.005, "steps_per_iteration": null, "pin": false, "model_creator": null, "target_batch_size": 128, "model_string": "resnet50", "min_batch_size": 128, "dataset": "CIFAR", "placement": null, "use_nccl": true, "devices_per_worker": 1, "primary_resource": "extra_gpu", "gpu": false, "verbose": false, "lr_config": {"mode": "log", "steps": 5, "initial_lr": 0.001, "target_lr": 0.001}, "batch_per_device": 128}, "time_since_restore": 467.80946111679077, "timesteps_since_restore": 0, "iterations_since_restore": 11, "mean_throughput": 1436.2854577989933, "atoms": 1, "setup_time": 22.928256511688232}
{"apply": 0.02359480857849121, "batch_time": 0.03190739547150045, "d2h": 0.000670766830444336, "data_time": 0.0017245462178574194, "fwd": 0.03177032470703125, "get_state_time_mean": NaN, "get_state_time_total": 0.0, "grad": 0.05035214424133301, "mean_accuracy": 0.518619978427887, "mean_loss": 1.3287817299652098, "neg_mean_accuracy": -0.5442999601364136, "set_state_time_mean": NaN, "set_state_time_total": 0.0, "setup_model_time_mean": NaN, "setup_model_time_total": 0.0, "setup_proc_time_mean": NaN, "setup_proc_time_total": 0.0, "train_accuracy": 0.5189999938011169, "train_loss": 1.328545445251465, "training_time_mean": NaN, "training_time_total": 0.0, "val_accuracy": 0.5442999601364136, "val_loss": 1.2605365617752076, "validation_time_mean": NaN, "validation_time_total": 0.0, "samples": 60000, "num_workers": 1, "done": false, "timesteps_total": null, "episodes_total": null, "training_iteration": 12, "neg_mean_loss": -1.3287817299652098, "experiment_id": "5df85e71e50e4a42aec5743d8fcc60a4", "date": "2019-06-03_04-45-55", "timestamp": 1559562355, "time_this_iter_s": 41.5965256690979, "time_total_s": 509.4059867858887, "pid": 17433, "hostname": "steropes", "node_ip": "169.229.49.254", "config": {"starting_lr": 0.001, "momentum": 0.9, "weight_decay": 0.005, "steps_per_iteration": null, "pin": false, "model_creator": null, "target_batch_size": 128, "model_string": "resnet50", "min_batch_size": 128, "dataset": "CIFAR", "placement": null, "use_nccl": true, "devices_per_worker": 1, "primary_resource": "extra_gpu", "gpu": false, "verbose": false, "lr_config": {"mode": "log", "steps": 5, "initial_lr": 0.001, "target_lr": 0.001}, "batch_per_device": 128}, "time_since_restore": 509.4059867858887, "timesteps_since_restore": 0, "iterations_since_restore": 12, "mean_throughput": 1435.526231106602, "atoms": 1, "setup_time": 22.928256511688232}
{"apply": 0.01819279193878174, "batch_time": 0.06584269106388091, "d2h": 0.0006939172744750977, "data_time": 0.002927405493600028, "fwd": 0.1472101092338562, "get_state_time_mean": NaN, "get_state_time_total": 0.0, "grad": 0.21437081098556518, "mean_accuracy": 0.5318599820137024, "mean_loss": 1.2979268220710756, "neg_mean_accuracy": -0.5579000115394592, "set_state_time_mean": 3.1551793813705444, "set_state_time_total": 3.1551793813705444, "setup_model_time_mean": 9.841241240501404, "setup_model_time_total": 9.841241240501404, "setup_proc_time_mean": 1.2302424907684326, "setup_proc_time_total": 1.2302424907684326, "train_accuracy": 0.5410599708557129, "train_loss": 1.271412506980896, "training_time_mean": NaN, "training_time_total": 0.0, "val_accuracy": 0.5579000115394592, "val_loss": 1.2272839362144472, "validation_time_mean": NaN, "validation_time_total": 0.0, "samples": 60000, "num_workers": 2, "done": false, "timesteps_total": null, "episodes_total": null, "training_iteration": 13, "neg_mean_loss": -1.2979268220710756, "experiment_id": "5df85e71e50e4a42aec5743d8fcc60a4", "date": "2019-06-03_04-46-48", "timestamp": 1559562408, "time_this_iter_s": 33.20796036720276, "time_total_s": 542.6139471530914, "pid": 26902, "hostname": "steropes", "node_ip": "169.229.49.254", "config": {"starting_lr": 0.001, "momentum": 0.9, "weight_decay": 0.005, "steps_per_iteration": null, "pin": false, "model_creator": null, "target_batch_size": 128, "model_string": "resnet50", "min_batch_size": 128, "dataset": "CIFAR", "placement": null, "use_nccl": true, "devices_per_worker": 1, "primary_resource": "extra_gpu", "gpu": false, "verbose": false, "lr_config": {"mode": "log", "steps": 5, "initial_lr": 0.001, "target_lr": 0.0014142135623730952}, "batch_per_device": 128}, "time_since_restore": 33.20796036720276, "timesteps_since_restore": 0, "iterations_since_restore": 1, "mean_throughput": 1806.790057280944, "atoms": 2, "setup_time": 19.41163158416748}
{"apply": 0.01864110231399536, "batch_time": 0.041190740466117856, "d2h": 0.0006599187850952149, "data_time": 0.002781847301794558, "fwd": 0.029543817043304443, "get_state_time_mean": NaN, "get_state_time_total": 0.0, "grad": 0.07976665496826171, "mean_accuracy": 0.5445599913597107, "mean_loss": 1.2663454825782776, "neg_mean_accuracy": -0.5642000436782837, "set_state_time_mean": NaN, "set_state_time_total": 0.0, "setup_model_time_mean": NaN, "setup_model_time_total": 0.0, "setup_proc_time_mean": NaN, "setup_proc_time_total": 0.0, "train_accuracy": 0.5471199750900269, "train_loss": 1.2500163215351106, "training_time_mean": NaN, "training_time_total": 0.0, "val_accuracy": 0.5642000436782837, "val_loss": 1.221622179222107, "validation_time_mean": NaN, "validation_time_total": 0.0, "samples": 60000, "num_workers": 2, "done": false, "timesteps_total": null, "episodes_total": null, "training_iteration": 14, "neg_mean_loss": -1.2663454825782776, "experiment_id": "5df85e71e50e4a42aec5743d8fcc60a4", "date": "2019-06-03_04-47-16", "timestamp": 1559562436, "time_this_iter_s": 27.787717819213867, "time_total_s": 570.4016649723053, "pid": 26902, "hostname": "steropes", "node_ip": "169.229.49.254", "config": {"starting_lr": 0.001, "momentum": 0.9, "weight_decay": 0.005, "steps_per_iteration": null, "pin": false, "model_creator": null, "target_batch_size": 128, "model_string": "resnet50", "min_batch_size": 128, "dataset": "CIFAR", "placement": null, "use_nccl": true, "devices_per_worker": 1, "primary_resource": "extra_gpu", "gpu": false, "verbose": false, "lr_config": {"mode": "log", "steps": 5, "initial_lr": 0.001, "target_lr": 0.0014142135623730952}, "batch_per_device": 128}, "time_since_restore": 60.995678186416626, "timesteps_since_restore": 0, "iterations_since_restore": 2, "mean_throughput": 1967.3465331253312, "atoms": 2, "setup_time": 19.41163158416748}
{"apply": 0.01826707124710083, "batch_time": 0.038597771525383, "d2h": 0.0006266951560974122, "data_time": 0.0027103576124930867, "fwd": 0.02850472927093506, "get_state_time_mean": NaN, "get_state_time_total": 0.0, "grad": 0.08122562170028685, "mean_accuracy": 0.5535799980163574, "mean_loss": 1.2419979242134094, "neg_mean_accuracy": -0.5679000020027161, "set_state_time_mean": NaN, "set_state_time_total": 0.0, "setup_model_time_mean": NaN, "setup_model_time_total": 0.0, "setup_proc_time_mean": NaN, "setup_proc_time_total": 0.0, "train_accuracy": 0.5575799942016602, "train_loss": 1.231448697090149, "training_time_mean": NaN, "training_time_total": 0.0, "val_accuracy": 0.5679000020027161, "val_loss": 1.2010560043334961, "validation_time_mean": NaN, "validation_time_total": 0.0, "samples": 60000, "num_workers": 2, "done": false, "timesteps_total": null, "episodes_total": null, "training_iteration": 15, "neg_mean_loss": -1.2419979242134094, "experiment_id": "5df85e71e50e4a42aec5743d8fcc60a4", "date": "2019-06-03_04-47-44", "timestamp": 1559562464, "time_this_iter_s": 27.760700941085815, "time_total_s": 598.1623659133911, "pid": 26902, "hostname": "steropes", "node_ip": "169.229.49.254", "config": {"starting_lr": 0.001, "momentum": 0.9, "weight_decay": 0.005, "steps_per_iteration": null, "pin": false, "model_creator": null, "target_batch_size": 128, "model_string": "resnet50", "min_batch_size": 128, "dataset": "CIFAR", "placement": null, "use_nccl": true, "devices_per_worker": 1, "primary_resource": "extra_gpu", "gpu": false, "verbose": false, "lr_config": {"mode": "log", "steps": 5, "initial_lr": 0.001, "target_lr": 0.0014142135623730952}, "batch_per_device": 128}, "time_since_restore": 88.75637912750244, "timesteps_since_restore": 0, "iterations_since_restore": 3, "mean_throughput": 2028.0171107625765, "atoms": 2, "setup_time": 19.41163158416748}
{"apply": 0.018478477001190187, "batch_time": 0.039366608858108526, "d2h": 0.0006662607192993164, "data_time": 0.0025971142613157934, "fwd": 0.027986478805541993, "get_state_time_mean": NaN, "get_state_time_total": 0.0, "grad": 0.08092082738876344, "mean_accuracy": 0.561520004272461, "mean_loss": 1.2198389562797547, "neg_mean_accuracy": -0.5733000040054321, "set_state_time_mean": NaN, "set_state_time_total": 0.0, "setup_model_time_mean": NaN, "setup_model_time_total": 0.0, "setup_proc_time_mean": NaN, "setup_proc_time_total": 0.0, "train_accuracy": 0.5620999932289124, "train_loss": 1.213214407424927, "training_time_mean": NaN, "training_time_total": 0.0, "val_accuracy": 0.5733000040054321, "val_loss": 1.1886960998535154, "validation_time_mean": NaN, "validation_time_total": 0.0, "samples": 60000, "num_workers": 2, "done": false, "timesteps_total": null, "episodes_total": null, "training_iteration": 16, "neg_mean_loss": -1.2198389562797547, "experiment_id": "5df85e71e50e4a42aec5743d8fcc60a4", "date": "2019-06-03_04-48-12", "timestamp": 1559562492, "time_this_iter_s": 27.94226861000061, "time_total_s": 626.1046345233917, "pid": 26902, "hostname": "steropes", "node_ip": "169.229.49.254", "config": {"starting_lr": 0.001, "momentum": 0.9, "weight_decay": 0.005, "steps_per_iteration": null, "pin": false, "model_creator": null, "target_batch_size": 128, "model_string": "resnet50", "min_batch_size": 128, "dataset": "CIFAR", "placement": null, "use_nccl": true, "devices_per_worker": 1, "primary_resource": "extra_gpu", "gpu": false, "verbose": false, "lr_config": {"mode": "log", "steps": 5, "initial_lr": 0.001, "target_lr": 0.0014142135623730952}, "batch_per_device": 128}, "time_since_restore": 116.69864773750305, "timesteps_since_restore": 0, "iterations_since_restore": 4, "mean_throughput": 2056.5729451589445, "atoms": 2, "setup_time": 19.41163158416748}
{"apply": 0.020652961730957032, "batch_time": 0.03975401818752289, "d2h": 0.000659489631652832, "data_time": 0.0026479174896162387, "fwd": 0.030344367027282715, "get_state_time_mean": NaN, "get_state_time_total": 0.0, "grad": 0.08333138227462769, "mean_accuracy": 0.5679800033569335, "mean_loss": 1.203149948425293, "neg_mean_accuracy": -0.5765999555587769, "set_state_time_mean": NaN, "set_state_time_total": 0.0, "setup_model_time_mean": NaN, "setup_model_time_total": 0.0, "setup_proc_time_mean": NaN, "setup_proc_time_total": 0.0, "train_accuracy": 0.5706199407577515, "train_loss": 1.194054912929535, "training_time_mean": NaN, "training_time_total": 0.0, "val_accuracy": 0.5765999555587769, "val_loss": 1.177091522502899, "validation_time_mean": NaN, "validation_time_total": 0.0, "samples": 60000, "num_workers": 2, "done": true, "timesteps_total": null, "episodes_total": null, "training_iteration": 17, "neg_mean_loss": -1.203149948425293, "experiment_id": "5df85e71e50e4a42aec5743d8fcc60a4", "date": "2019-06-03_04-48-40", "timestamp": 1559562520, "time_this_iter_s": 28.26269030570984, "time_total_s": 654.3673248291016, "pid": 26902, "hostname": "steropes", "node_ip": "169.229.49.254", "config": {"starting_lr": 0.001, "momentum": 0.9, "weight_decay": 0.005, "steps_per_iteration": null, "pin": false, "model_creator": null, "target_batch_size": 128, "model_string": "resnet50", "min_batch_size": 128, "dataset": "CIFAR", "placement": null, "use_nccl": true, "devices_per_worker": 1, "primary_resource": "extra_gpu", "gpu": false, "verbose": false, "lr_config": {"mode": "log", "steps": 5, "initial_lr": 0.001, "target_lr": 0.0014142135623730952}, "batch_per_device": 128}, "time_since_restore": 144.9613380432129, "timesteps_since_restore": 0, "iterations_since_restore": 5, "mean_throughput": 2069.51120819781, "atoms": 2, "setup_time": 19.41163158416748}
