{"apply": 0.01840381622314453, "batch_time": 0.04528293428541739, "d2h": 0.0006822347640991211, "data_time": 0.001981499249977834, "fwd": 0.16080472469329835, "get_state_time_mean": NaN, "get_state_time_total": 0.0, "grad": 0.25745382308959963, "mean_accuracy": 0.09999999403953552, "mean_loss": 2.3891064613342285, "neg_mean_accuracy": -0.09999999403953552, "set_state_time_mean": NaN, "set_state_time_total": 0.0, "setup_model_time_mean": 18.498830318450928, "setup_model_time_total": 18.498830318450928, "setup_proc_time_mean": 1.685957431793213, "setup_proc_time_total": 1.685957431793213, "train_accuracy": 0.09999999403953552, "train_loss": 4.394477315597534, "training_time_mean": NaN, "training_time_total": 0.0, "val_accuracy": 0.09999999403953552, "val_loss": 2.3891064613342285, "validation_time_mean": NaN, "validation_time_total": 0.0, "samples": 60000, "num_workers": 1, "done": false, "timesteps_total": null, "episodes_total": null, "training_iteration": 1, "neg_mean_loss": -2.3891064613342285, "experiment_id": "ceccd55dadc34708afe1dd43146be3e1", "date": "2019-06-06_02-15-26", "timestamp": 1559812526, "time_this_iter_s": 48.95519304275513, "time_total_s": 48.95519304275513, "pid": 9763, "hostname": "steropes", "node_ip": "169.229.49.254", "config": {"starting_lr": 0.5, "momentum": 0.95, "weight_decay": 0.0001, "steps_per_iteration": null, "pin": false, "model_creator": null, "target_batch_size": 128, "model_string": "resnet50", "min_batch_size": 128, "dataset": "CIFAR", "placement": null, "use_nccl": true, "devices_per_worker": 1, "primary_resource": "extra_gpu", "gpu": false, "verbose": false, "lr_config": {"mode": "log", "steps": 5, "initial_lr": 0.5, "target_lr": 0.5}, "batch_per_device": 128}, "time_since_restore": 48.95519304275513, "timesteps_since_restore": 0, "iterations_since_restore": 1, "mean_throughput": 1225.608283833578, "atoms": 1, "setup_time": 20.284125804901123}
{"apply": 0.017954468727111816, "batch_time": 0.03238918207868745, "d2h": 0.00064697265625, "data_time": 0.001789602782110424, "fwd": 0.028738117218017577, "get_state_time_mean": NaN, "get_state_time_total": 0.0, "grad": 0.04863259792327881, "mean_accuracy": 0.10009999573230743, "mean_loss": 2.359323226928711, "neg_mean_accuracy": -0.10019999742507935, "set_state_time_mean": NaN, "set_state_time_total": 0.0, "setup_model_time_mean": NaN, "setup_model_time_total": 0.0, "setup_proc_time_mean": NaN, "setup_proc_time_total": 0.0, "train_accuracy": 0.10147999972105026, "train_loss": 2.336867039871216, "training_time_mean": NaN, "training_time_total": 0.0, "val_accuracy": 0.10019999742507935, "val_loss": 2.3295399925231934, "validation_time_mean": NaN, "validation_time_total": 0.0, "samples": 60000, "num_workers": 1, "done": false, "timesteps_total": null, "episodes_total": null, "training_iteration": 2, "neg_mean_loss": -2.359323226928711, "experiment_id": "ceccd55dadc34708afe1dd43146be3e1", "date": "2019-06-06_02-16-08", "timestamp": 1559812568, "time_this_iter_s": 42.07876658439636, "time_total_s": 91.03395962715149, "pid": 9763, "hostname": "steropes", "node_ip": "169.229.49.254", "config": {"starting_lr": 0.5, "momentum": 0.95, "weight_decay": 0.0001, "steps_per_iteration": null, "pin": false, "model_creator": null, "target_batch_size": 128, "model_string": "resnet50", "min_batch_size": 128, "dataset": "CIFAR", "placement": null, "use_nccl": true, "devices_per_worker": 1, "primary_resource": "extra_gpu", "gpu": false, "verbose": false, "lr_config": {"mode": "log", "steps": 5, "initial_lr": 0.5, "target_lr": 0.5}, "batch_per_device": 128}, "time_since_restore": 91.03395962715149, "timesteps_since_restore": 0, "iterations_since_restore": 2, "mean_throughput": 1318.1835242192028, "atoms": 1, "setup_time": 20.284125804901123}
{"apply": 0.017955088615417482, "batch_time": 0.03260045413729511, "d2h": 0.0007256031036376953, "data_time": 0.0018184325274299173, "fwd": 0.02821657657623291, "get_state_time_mean": NaN, "get_state_time_total": 0.0, "grad": 0.048960185050964354, "mean_accuracy": 0.10949999590714772, "mean_loss": 2.3455863487243653, "neg_mean_accuracy": -0.1282999962568283, "set_state_time_mean": NaN, "set_state_time_total": 0.0, "setup_model_time_mean": NaN, "setup_model_time_total": 0.0, "setup_proc_time_mean": NaN, "setup_proc_time_total": 0.0, "train_accuracy": 0.10509999841451645, "train_loss": 2.3345726014709474, "training_time_mean": NaN, "training_time_total": 0.0, "val_accuracy": 0.1282999962568283, "val_loss": 2.318112592315674, "validation_time_mean": NaN, "validation_time_total": 0.0, "samples": 60000, "num_workers": 1, "done": true, "timesteps_total": null, "episodes_total": null, "training_iteration": 3, "neg_mean_loss": -2.3455863487243653, "experiment_id": "ceccd55dadc34708afe1dd43146be3e1", "date": "2019-06-06_02-16-50", "timestamp": 1559812610, "time_this_iter_s": 41.94096350669861, "time_total_s": 132.9749231338501, "pid": 9763, "hostname": "steropes", "node_ip": "169.229.49.254", "config": {"starting_lr": 0.5, "momentum": 0.95, "weight_decay": 0.0001, "steps_per_iteration": null, "pin": false, "model_creator": null, "target_batch_size": 128, "model_string": "resnet50", "min_batch_size": 128, "dataset": "CIFAR", "placement": null, "use_nccl": true, "devices_per_worker": 1, "primary_resource": "extra_gpu", "gpu": false, "verbose": false, "lr_config": {"mode": "log", "steps": 5, "initial_lr": 0.5, "target_lr": 0.5}, "batch_per_device": 128}, "time_since_restore": 132.9749231338501, "timesteps_since_restore": 0, "iterations_since_restore": 3, "mean_throughput": 1353.6337138157558, "atoms": 1, "setup_time": 20.284125804901123}
