{"apply": 0.017589664459228514, "batch_time": 0.041575733619400215, "d2h": 0.0007435083389282227, "data_time": 0.0018349413371756863, "fwd": 0.11642653942108154, "get_state_time_mean": NaN, "get_state_time_total": 0.0, "grad": 0.19260270595550538, "mean_accuracy": 0.17979998886585236, "mean_loss": 23.27596661605835, "neg_mean_accuracy": -0.17979998886585236, "set_state_time_mean": NaN, "set_state_time_total": 0.0, "setup_model_time_mean": 10.476413488388062, "setup_model_time_total": 10.476413488388062, "setup_proc_time_mean": 0.16879796981811523, "setup_proc_time_total": 0.16879796981811523, "train_accuracy": 0.1568799912929535, "train_loss": 4.47913939994812, "training_time_mean": NaN, "training_time_total": 0.0, "val_accuracy": 0.17979998886585236, "val_loss": 23.27596661605835, "validation_time_mean": NaN, "validation_time_total": 0.0, "samples": 60000, "num_workers": 1, "done": false, "timesteps_total": null, "episodes_total": null, "training_iteration": 1, "neg_mean_loss": -23.27596661605835, "experiment_id": "49d1be23009c4423b1c23dcaf2306488", "date": "2019-06-06_07-31-54", "timestamp": 1559831514, "time_this_iter_s": 46.200441122055054, "time_total_s": 46.200441122055054, "pid": 31607, "hostname": "steropes", "node_ip": "169.229.49.254", "config": {"starting_lr": 0.005, "momentum": 0.997, "weight_decay": 0.0005, "steps_per_iteration": null, "pin": false, "model_creator": null, "target_batch_size": 128, "model_string": "resnet50", "min_batch_size": 128, "dataset": "CIFAR", "placement": null, "use_nccl": true, "devices_per_worker": 1, "primary_resource": "extra_gpu", "gpu": false, "verbose": false, "lr_config": {"mode": "log", "steps": 5, "initial_lr": 0.005, "target_lr": 0.005}, "batch_per_device": 128}, "time_since_restore": 46.200441122055054, "timesteps_since_restore": 0, "iterations_since_restore": 1, "mean_throughput": 1298.6864524990472, "atoms": 1, "setup_time": 11.019834280014038}
{"apply": 0.017075347900390624, "batch_time": 0.03202862980999524, "d2h": 0.0006550312042236328, "data_time": 0.0017931144255811295, "fwd": 0.027992558479309083, "get_state_time_mean": NaN, "get_state_time_total": 0.0, "grad": 0.04922819137573242, "mean_accuracy": 0.2043999880552292, "mean_loss": 12.869891607475282, "neg_mean_accuracy": -0.22899998724460602, "set_state_time_mean": NaN, "set_state_time_total": 0.0, "setup_model_time_mean": NaN, "setup_model_time_total": 0.0, "setup_proc_time_mean": NaN, "setup_proc_time_total": 0.0, "train_accuracy": 0.186939999461174, "train_loss": 2.756262438087463, "training_time_mean": NaN, "training_time_total": 0.0, "val_accuracy": 0.22899998724460602, "val_loss": 2.463816598892212, "validation_time_mean": NaN, "validation_time_total": 0.0, "samples": 60000, "num_workers": 1, "done": true, "timesteps_total": null, "episodes_total": null, "training_iteration": 2, "neg_mean_loss": -12.869891607475282, "experiment_id": "49d1be23009c4423b1c23dcaf2306488", "date": "2019-06-06_07-32-35", "timestamp": 1559831555, "time_this_iter_s": 40.80774402618408, "time_total_s": 87.00818514823914, "pid": 31607, "hostname": "steropes", "node_ip": "169.229.49.254", "config": {"starting_lr": 0.005, "momentum": 0.997, "weight_decay": 0.0005, "steps_per_iteration": null, "pin": false, "model_creator": null, "target_batch_size": 128, "model_string": "resnet50", "min_batch_size": 128, "dataset": "CIFAR", "placement": null, "use_nccl": true, "devices_per_worker": 1, "primary_resource": "extra_gpu", "gpu": false, "verbose": false, "lr_config": {"mode": "log", "steps": 5, "initial_lr": 0.005, "target_lr": 0.005}, "batch_per_device": 128}, "time_since_restore": 87.00818514823914, "timesteps_since_restore": 0, "iterations_since_restore": 2, "mean_throughput": 1379.1780186751469, "atoms": 1, "setup_time": 11.019834280014038}
