apply,batch_time,d2h,data_time,fwd,get_state_time_mean,get_state_time_total,grad,mean_accuracy,mean_loss,neg_mean_accuracy,set_state_time_mean,set_state_time_total,setup_model_time_mean,setup_model_time_total,setup_proc_time_mean,setup_proc_time_total,train_accuracy,train_loss,training_time_mean,training_time_total,val_accuracy,val_loss,validation_time_mean,validation_time_total,samples,num_workers,done,timesteps_total,episodes_total,training_iteration,neg_mean_loss,experiment_id,date,timestamp,time_this_iter_s,time_total_s,pid,hostname,node_ip,config,time_since_restore,timesteps_since_restore,iterations_since_restore,mean_throughput,atoms,setup_time
0.017874312400817872,0.05419906483420843,0.0006688833236694336,0.0018695650808036785,0.11961114406585693,nan,0.0,0.16404495239257813,0.26600000262260437,2.57429426612854,-0.26600000262260437,nan,0.0,8.489572286605835,8.489572286605835,0.30130839347839355,0.30130839347839355,0.1979599893093109,2.4335799935150146,nan,0.0,0.26600000262260437,2.57429426612854,nan,0.0,60000,1,False,,,1,-2.57429426612854,38a378b11e764a45977090a2469d5c8c,2019-06-06_07-26-03,1559831163,47.1144859790802,47.1144859790802,25100,steropes,169.229.49.254,"{'starting_lr': 0.0005, 'momentum': 0.997, 'weight_decay': 0.005, 'steps_per_iteration': None, 'pin': False, 'model_creator': None, 'target_batch_size': 128, 'model_string': 'resnet50', 'min_batch_size': 128, 'dataset': 'CIFAR', 'placement': None, 'use_nccl': True, 'devices_per_worker': 1, 'primary_resource': 'extra_gpu', 'gpu': False, 'verbose': False, 'lr_config': {'mode': 'log', 'steps': 5, 'initial_lr': 0.0005, 'target_lr': 0.0005}, 'batch_per_device': 128}",47.1144859790802,0,1,1273.4914087991726,1,9.150689840316772
0.017963886260986328,0.03220178809347032,0.0006684064865112305,0.0018022255519466936,0.02872915267944336,nan,0.0,0.051003003120422365,0.3065999895334244,2.166686859321594,-0.3471999764442444,nan,0.0,nan,0.0,nan,0.0,0.29993999004364014,2.053040022201538,nan,0.0,0.3471999764442444,1.7590794525146485,nan,0.0,60000,1,False,,,2,-2.166686859321594,38a378b11e764a45977090a2469d5c8c,2019-06-06_07-26-44,1559831204,41.177430152893066,88.29191613197327,25100,steropes,169.229.49.254,"{'starting_lr': 0.0005, 'momentum': 0.997, 'weight_decay': 0.005, 'steps_per_iteration': None, 'pin': False, 'model_creator': None, 'target_batch_size': 128, 'model_string': 'resnet50', 'min_batch_size': 128, 'dataset': 'CIFAR', 'placement': None, 'use_nccl': True, 'devices_per_worker': 1, 'primary_resource': 'extra_gpu', 'gpu': False, 'verbose': False, 'lr_config': {'mode': 'log', 'steps': 5, 'initial_lr': 0.0005, 'target_lr': 0.0005}, 'batch_per_device': 128}",88.29191613197327,0,2,1359.125319024847,1,9.150689840316772
0.01858088970184326,0.03235057939456988,0.000653076171875,0.0017921278238906275,0.029286694526672364,nan,0.0,0.047577190399169925,0.33586665987968445,2.192705802981059,-0.3944000005722046,nan,0.0,nan,0.0,nan,0.0,0.3481200039386749,1.940880077972412,nan,0.0,0.3944000005722046,2.244743690299988,nan,0.0,60000,1,False,,,3,-2.192705802981059,38a378b11e764a45977090a2469d5c8c,2019-06-06_07-27-25,1559831245,40.89419102668762,129.1861071586609,25100,steropes,169.229.49.254,"{'starting_lr': 0.0005, 'momentum': 0.997, 'weight_decay': 0.005, 'steps_per_iteration': None, 'pin': False, 'model_creator': None, 'target_batch_size': 128, 'model_string': 'resnet50', 'min_batch_size': 128, 'dataset': 'CIFAR', 'placement': None, 'use_nccl': True, 'devices_per_worker': 1, 'primary_resource': 'extra_gpu', 'gpu': False, 'verbose': False, 'lr_config': {'mode': 'log', 'steps': 5, 'initial_lr': 0.0005, 'target_lr': 0.0005}, 'batch_per_device': 128}",129.1861071586609,0,3,1393.3342491998335,1,9.150689840316772
0.01805567741394043,0.03212104567998572,0.0006539106369018554,0.0018033127650580443,0.02899439334869385,nan,0.0,0.04793219566345215,0.3569749891757965,2.05904811167717,-0.4202999770641327,nan,0.0,nan,0.0,nan,0.0,0.3894599974155426,1.7986016837310792,nan,0.0,0.4202999770641327,1.658075037765503,nan,0.0,60000,1,False,,,4,-2.05904811167717,38a378b11e764a45977090a2469d5c8c,2019-06-06_07-28-06,1559831286,40.95502471923828,170.14113187789917,25100,steropes,169.229.49.254,"{'starting_lr': 0.0005, 'momentum': 0.997, 'weight_decay': 0.005, 'steps_per_iteration': None, 'pin': False, 'model_creator': None, 'target_batch_size': 128, 'model_string': 'resnet50', 'min_batch_size': 128, 'dataset': 'CIFAR', 'placement': None, 'use_nccl': True, 'devices_per_worker': 1, 'primary_resource': 'extra_gpu', 'gpu': False, 'verbose': False, 'lr_config': {'mode': 'log', 'steps': 5, 'initial_lr': 0.0005, 'target_lr': 0.0005}, 'batch_per_device': 128}",170.14113187789917,0,4,1410.5895945188104,1,9.150689840316772
0.017710041999816895,0.03232708158372324,0.0008332014083862304,0.001819981943310984,0.028895115852355956,nan,0.0,0.048023557662963866,0.3751199901103973,1.9533429162216187,-0.44769999384880066,nan,0.0,nan,0.0,nan,0.0,0.4204399883747101,1.6096417168807984,nan,0.0,0.44769999384880066,1.530522134399414,nan,0.0,60000,1,False,,,5,-1.9533429162216187,38a378b11e764a45977090a2469d5c8c,2019-06-06_07-28-47,1559831327,40.91974663734436,211.06087851524353,25100,steropes,169.229.49.254,"{'starting_lr': 0.0005, 'momentum': 0.997, 'weight_decay': 0.005, 'steps_per_iteration': None, 'pin': False, 'model_creator': None, 'target_batch_size': 128, 'model_string': 'resnet50', 'min_batch_size': 128, 'dataset': 'CIFAR', 'placement': None, 'use_nccl': True, 'devices_per_worker': 1, 'primary_resource': 'extra_gpu', 'gpu': False, 'verbose': False, 'lr_config': {'mode': 'log', 'steps': 5, 'initial_lr': 0.0005, 'target_lr': 0.0005}, 'batch_per_device': 128}",211.06087851524353,0,5,1421.3870342766068,1,9.150689840316772
0.01769435405731201,0.0318888229659841,0.000668644905090332,0.0018246423862779233,0.02812199592590332,nan,0.0,0.047432994842529295,0.41907998919487,1.7245803648376465,-0.48579999804496765,nan,0.0,nan,0.0,nan,0.0,0.44947999715805054,1.5099148469543457,nan,0.0,0.48579999804496765,1.4304815092086791,nan,0.0,60000,1,False,,,6,-1.7245803648376465,38a378b11e764a45977090a2469d5c8c,2019-06-06_07-29-28,1559831368,40.8741409778595,251.93501949310303,25100,steropes,169.229.49.254,"{'starting_lr': 0.0005, 'momentum': 0.997, 'weight_decay': 0.005, 'steps_per_iteration': None, 'pin': False, 'model_creator': None, 'target_batch_size': 128, 'model_string': 'resnet50', 'min_batch_size': 128, 'dataset': 'CIFAR', 'placement': None, 'use_nccl': True, 'devices_per_worker': 1, 'primary_resource': 'extra_gpu', 'gpu': False, 'verbose': False, 'lr_config': {'mode': 'log', 'steps': 5, 'initial_lr': 0.0005, 'target_lr': 0.0005}, 'batch_per_device': 128}",251.93501949310303,0,6,1464.6928585458165,1,9.150689840316772
0.018471550941467286,0.03228090684625167,0.0006471395492553711,0.0018073055140502617,0.02863454818725586,nan,0.0,0.04786314964294434,0.45185999274253846,1.643926047515869,-0.5110999941825867,nan,0.0,nan,0.0,nan,0.0,0.4802599847316742,1.4461253454589844,nan,0.0,0.5110999941825867,1.3558078659057617,nan,0.0,60000,1,False,,,7,-1.643926047515869,38a378b11e764a45977090a2469d5c8c,2019-06-06_07-30-09,1559831409,40.91201615333557,292.8470356464386,25100,steropes,169.229.49.254,"{'starting_lr': 0.0005, 'momentum': 0.997, 'weight_decay': 0.005, 'steps_per_iteration': None, 'pin': False, 'model_creator': None, 'target_batch_size': 128, 'model_string': 'resnet50', 'min_batch_size': 128, 'dataset': 'CIFAR', 'placement': None, 'use_nccl': True, 'devices_per_worker': 1, 'primary_resource': 'extra_gpu', 'gpu': False, 'verbose': False, 'lr_config': {'mode': 'log', 'steps': 5, 'initial_lr': 0.0005, 'target_lr': 0.0005}, 'batch_per_device': 128}",292.8470356464386,0,7,1466.5933155859655,1,9.150689840316772
0.017787718772888185,0.03270323065262806,0.000668478012084961,0.0017921327020201231,0.02862553596496582,nan,0.0,0.0484180212020874,0.4808599889278412,1.4527601552200315,-0.5393999814987183,nan,0.0,nan,0.0,nan,0.0,0.5101400017738342,1.3663509783172607,nan,0.0,0.5393999814987183,1.2889142288208009,nan,0.0,60000,1,True,,,8,-1.4527601552200315,38a378b11e764a45977090a2469d5c8c,2019-06-06_07-30-50,1559831450,40.968913316726685,333.8159489631653,25100,steropes,169.229.49.254,"{'starting_lr': 0.0005, 'momentum': 0.997, 'weight_decay': 0.005, 'steps_per_iteration': None, 'pin': False, 'model_creator': None, 'target_batch_size': 128, 'model_string': 'resnet50', 'min_batch_size': 128, 'dataset': 'CIFAR', 'placement': None, 'use_nccl': True, 'devices_per_worker': 1, 'primary_resource': 'extra_gpu', 'gpu': False, 'verbose': False, 'lr_config': {'mode': 'log', 'steps': 5, 'initial_lr': 0.0005, 'target_lr': 0.0005}, 'batch_per_device': 128}",333.8159489631653,0,8,1466.0589774170264,1,9.150689840316772
