{"apply": 0.017874312400817872, "batch_time": 0.05419906483420843, "d2h": 0.0006688833236694336, "data_time": 0.0018695650808036785, "fwd": 0.11961114406585693, "get_state_time_mean": NaN, "get_state_time_total": 0.0, "grad": 0.16404495239257813, "mean_accuracy": 0.26600000262260437, "mean_loss": 2.57429426612854, "neg_mean_accuracy": -0.26600000262260437, "set_state_time_mean": NaN, "set_state_time_total": 0.0, "setup_model_time_mean": 8.489572286605835, "setup_model_time_total": 8.489572286605835, "setup_proc_time_mean": 0.30130839347839355, "setup_proc_time_total": 0.30130839347839355, "train_accuracy": 0.1979599893093109, "train_loss": 2.4335799935150146, "training_time_mean": NaN, "training_time_total": 0.0, "val_accuracy": 0.26600000262260437, "val_loss": 2.57429426612854, "validation_time_mean": NaN, "validation_time_total": 0.0, "samples": 60000, "num_workers": 1, "done": false, "timesteps_total": null, "episodes_total": null, "training_iteration": 1, "neg_mean_loss": -2.57429426612854, "experiment_id": "38a378b11e764a45977090a2469d5c8c", "date": "2019-06-06_07-26-03", "timestamp": 1559831163, "time_this_iter_s": 47.1144859790802, "time_total_s": 47.1144859790802, "pid": 25100, "hostname": "steropes", "node_ip": "169.229.49.254", "config": {"starting_lr": 0.0005, "momentum": 0.997, "weight_decay": 0.005, "steps_per_iteration": null, "pin": false, "model_creator": null, "target_batch_size": 128, "model_string": "resnet50", "min_batch_size": 128, "dataset": "CIFAR", "placement": null, "use_nccl": true, "devices_per_worker": 1, "primary_resource": "extra_gpu", "gpu": false, "verbose": false, "lr_config": {"mode": "log", "steps": 5, "initial_lr": 0.0005, "target_lr": 0.0005}, "batch_per_device": 128}, "time_since_restore": 47.1144859790802, "timesteps_since_restore": 0, "iterations_since_restore": 1, "mean_throughput": 1273.4914087991726, "atoms": 1, "setup_time": 9.150689840316772}
{"apply": 0.017963886260986328, "batch_time": 0.03220178809347032, "d2h": 0.0006684064865112305, "data_time": 0.0018022255519466936, "fwd": 0.02872915267944336, "get_state_time_mean": NaN, "get_state_time_total": 0.0, "grad": 0.051003003120422365, "mean_accuracy": 0.3065999895334244, "mean_loss": 2.166686859321594, "neg_mean_accuracy": -0.3471999764442444, "set_state_time_mean": NaN, "set_state_time_total": 0.0, "setup_model_time_mean": NaN, "setup_model_time_total": 0.0, "setup_proc_time_mean": NaN, "setup_proc_time_total": 0.0, "train_accuracy": 0.29993999004364014, "train_loss": 2.053040022201538, "training_time_mean": NaN, "training_time_total": 0.0, "val_accuracy": 0.3471999764442444, "val_loss": 1.7590794525146485, "validation_time_mean": NaN, "validation_time_total": 0.0, "samples": 60000, "num_workers": 1, "done": false, "timesteps_total": null, "episodes_total": null, "training_iteration": 2, "neg_mean_loss": -2.166686859321594, "experiment_id": "38a378b11e764a45977090a2469d5c8c", "date": "2019-06-06_07-26-44", "timestamp": 1559831204, "time_this_iter_s": 41.177430152893066, "time_total_s": 88.29191613197327, "pid": 25100, "hostname": "steropes", "node_ip": "169.229.49.254", "config": {"starting_lr": 0.0005, "momentum": 0.997, "weight_decay": 0.005, "steps_per_iteration": null, "pin": false, "model_creator": null, "target_batch_size": 128, "model_string": "resnet50", "min_batch_size": 128, "dataset": "CIFAR", "placement": null, "use_nccl": true, "devices_per_worker": 1, "primary_resource": "extra_gpu", "gpu": false, "verbose": false, "lr_config": {"mode": "log", "steps": 5, "initial_lr": 0.0005, "target_lr": 0.0005}, "batch_per_device": 128}, "time_since_restore": 88.29191613197327, "timesteps_since_restore": 0, "iterations_since_restore": 2, "mean_throughput": 1359.125319024847, "atoms": 1, "setup_time": 9.150689840316772}
{"apply": 0.01858088970184326, "batch_time": 0.03235057939456988, "d2h": 0.000653076171875, "data_time": 0.0017921278238906275, "fwd": 0.029286694526672364, "get_state_time_mean": NaN, "get_state_time_total": 0.0, "grad": 0.047577190399169925, "mean_accuracy": 0.33586665987968445, "mean_loss": 2.192705802981059, "neg_mean_accuracy": -0.3944000005722046, "set_state_time_mean": NaN, "set_state_time_total": 0.0, "setup_model_time_mean": NaN, "setup_model_time_total": 0.0, "setup_proc_time_mean": NaN, "setup_proc_time_total": 0.0, "train_accuracy": 0.3481200039386749, "train_loss": 1.940880077972412, "training_time_mean": NaN, "training_time_total": 0.0, "val_accuracy": 0.3944000005722046, "val_loss": 2.244743690299988, "validation_time_mean": NaN, "validation_time_total": 0.0, "samples": 60000, "num_workers": 1, "done": false, "timesteps_total": null, "episodes_total": null, "training_iteration": 3, "neg_mean_loss": -2.192705802981059, "experiment_id": "38a378b11e764a45977090a2469d5c8c", "date": "2019-06-06_07-27-25", "timestamp": 1559831245, "time_this_iter_s": 40.89419102668762, "time_total_s": 129.1861071586609, "pid": 25100, "hostname": "steropes", "node_ip": "169.229.49.254", "config": {"starting_lr": 0.0005, "momentum": 0.997, "weight_decay": 0.005, "steps_per_iteration": null, "pin": false, "model_creator": null, "target_batch_size": 128, "model_string": "resnet50", "min_batch_size": 128, "dataset": "CIFAR", "placement": null, "use_nccl": true, "devices_per_worker": 1, "primary_resource": "extra_gpu", "gpu": false, "verbose": false, "lr_config": {"mode": "log", "steps": 5, "initial_lr": 0.0005, "target_lr": 0.0005}, "batch_per_device": 128}, "time_since_restore": 129.1861071586609, "timesteps_since_restore": 0, "iterations_since_restore": 3, "mean_throughput": 1393.3342491998335, "atoms": 1, "setup_time": 9.150689840316772}
{"apply": 0.01805567741394043, "batch_time": 0.03212104567998572, "d2h": 0.0006539106369018554, "data_time": 0.0018033127650580443, "fwd": 0.02899439334869385, "get_state_time_mean": NaN, "get_state_time_total": 0.0, "grad": 0.04793219566345215, "mean_accuracy": 0.3569749891757965, "mean_loss": 2.05904811167717, "neg_mean_accuracy": -0.4202999770641327, "set_state_time_mean": NaN, "set_state_time_total": 0.0, "setup_model_time_mean": NaN, "setup_model_time_total": 0.0, "setup_proc_time_mean": NaN, "setup_proc_time_total": 0.0, "train_accuracy": 0.3894599974155426, "train_loss": 1.7986016837310792, "training_time_mean": NaN, "training_time_total": 0.0, "val_accuracy": 0.4202999770641327, "val_loss": 1.658075037765503, "validation_time_mean": NaN, "validation_time_total": 0.0, "samples": 60000, "num_workers": 1, "done": false, "timesteps_total": null, "episodes_total": null, "training_iteration": 4, "neg_mean_loss": -2.05904811167717, "experiment_id": "38a378b11e764a45977090a2469d5c8c", "date": "2019-06-06_07-28-06", "timestamp": 1559831286, "time_this_iter_s": 40.95502471923828, "time_total_s": 170.14113187789917, "pid": 25100, "hostname": "steropes", "node_ip": "169.229.49.254", "config": {"starting_lr": 0.0005, "momentum": 0.997, "weight_decay": 0.005, "steps_per_iteration": null, "pin": false, "model_creator": null, "target_batch_size": 128, "model_string": "resnet50", "min_batch_size": 128, "dataset": "CIFAR", "placement": null, "use_nccl": true, "devices_per_worker": 1, "primary_resource": "extra_gpu", "gpu": false, "verbose": false, "lr_config": {"mode": "log", "steps": 5, "initial_lr": 0.0005, "target_lr": 0.0005}, "batch_per_device": 128}, "time_since_restore": 170.14113187789917, "timesteps_since_restore": 0, "iterations_since_restore": 4, "mean_throughput": 1410.5895945188104, "atoms": 1, "setup_time": 9.150689840316772}
{"apply": 0.017710041999816895, "batch_time": 0.03232708158372324, "d2h": 0.0008332014083862304, "data_time": 0.001819981943310984, "fwd": 0.028895115852355956, "get_state_time_mean": NaN, "get_state_time_total": 0.0, "grad": 0.048023557662963866, "mean_accuracy": 0.3751199901103973, "mean_loss": 1.9533429162216187, "neg_mean_accuracy": -0.44769999384880066, "set_state_time_mean": NaN, "set_state_time_total": 0.0, "setup_model_time_mean": NaN, "setup_model_time_total": 0.0, "setup_proc_time_mean": NaN, "setup_proc_time_total": 0.0, "train_accuracy": 0.4204399883747101, "train_loss": 1.6096417168807984, "training_time_mean": NaN, "training_time_total": 0.0, "val_accuracy": 0.44769999384880066, "val_loss": 1.530522134399414, "validation_time_mean": NaN, "validation_time_total": 0.0, "samples": 60000, "num_workers": 1, "done": false, "timesteps_total": null, "episodes_total": null, "training_iteration": 5, "neg_mean_loss": -1.9533429162216187, "experiment_id": "38a378b11e764a45977090a2469d5c8c", "date": "2019-06-06_07-28-47", "timestamp": 1559831327, "time_this_iter_s": 40.91974663734436, "time_total_s": 211.06087851524353, "pid": 25100, "hostname": "steropes", "node_ip": "169.229.49.254", "config": {"starting_lr": 0.0005, "momentum": 0.997, "weight_decay": 0.005, "steps_per_iteration": null, "pin": false, "model_creator": null, "target_batch_size": 128, "model_string": "resnet50", "min_batch_size": 128, "dataset": "CIFAR", "placement": null, "use_nccl": true, "devices_per_worker": 1, "primary_resource": "extra_gpu", "gpu": false, "verbose": false, "lr_config": {"mode": "log", "steps": 5, "initial_lr": 0.0005, "target_lr": 0.0005}, "batch_per_device": 128}, "time_since_restore": 211.06087851524353, "timesteps_since_restore": 0, "iterations_since_restore": 5, "mean_throughput": 1421.3870342766068, "atoms": 1, "setup_time": 9.150689840316772}
{"apply": 0.01769435405731201, "batch_time": 0.0318888229659841, "d2h": 0.000668644905090332, "data_time": 0.0018246423862779233, "fwd": 0.02812199592590332, "get_state_time_mean": NaN, "get_state_time_total": 0.0, "grad": 0.047432994842529295, "mean_accuracy": 0.41907998919487, "mean_loss": 1.7245803648376465, "neg_mean_accuracy": -0.48579999804496765, "set_state_time_mean": NaN, "set_state_time_total": 0.0, "setup_model_time_mean": NaN, "setup_model_time_total": 0.0, "setup_proc_time_mean": NaN, "setup_proc_time_total": 0.0, "train_accuracy": 0.44947999715805054, "train_loss": 1.5099148469543457, "training_time_mean": NaN, "training_time_total": 0.0, "val_accuracy": 0.48579999804496765, "val_loss": 1.4304815092086791, "validation_time_mean": NaN, "validation_time_total": 0.0, "samples": 60000, "num_workers": 1, "done": false, "timesteps_total": null, "episodes_total": null, "training_iteration": 6, "neg_mean_loss": -1.7245803648376465, "experiment_id": "38a378b11e764a45977090a2469d5c8c", "date": "2019-06-06_07-29-28", "timestamp": 1559831368, "time_this_iter_s": 40.8741409778595, "time_total_s": 251.93501949310303, "pid": 25100, "hostname": "steropes", "node_ip": "169.229.49.254", "config": {"starting_lr": 0.0005, "momentum": 0.997, "weight_decay": 0.005, "steps_per_iteration": null, "pin": false, "model_creator": null, "target_batch_size": 128, "model_string": "resnet50", "min_batch_size": 128, "dataset": "CIFAR", "placement": null, "use_nccl": true, "devices_per_worker": 1, "primary_resource": "extra_gpu", "gpu": false, "verbose": false, "lr_config": {"mode": "log", "steps": 5, "initial_lr": 0.0005, "target_lr": 0.0005}, "batch_per_device": 128}, "time_since_restore": 251.93501949310303, "timesteps_since_restore": 0, "iterations_since_restore": 6, "mean_throughput": 1464.6928585458165, "atoms": 1, "setup_time": 9.150689840316772}
{"apply": 0.018471550941467286, "batch_time": 0.03228090684625167, "d2h": 0.0006471395492553711, "data_time": 0.0018073055140502617, "fwd": 0.02863454818725586, "get_state_time_mean": NaN, "get_state_time_total": 0.0, "grad": 0.04786314964294434, "mean_accuracy": 0.45185999274253846, "mean_loss": 1.643926047515869, "neg_mean_accuracy": -0.5110999941825867, "set_state_time_mean": NaN, "set_state_time_total": 0.0, "setup_model_time_mean": NaN, "setup_model_time_total": 0.0, "setup_proc_time_mean": NaN, "setup_proc_time_total": 0.0, "train_accuracy": 0.4802599847316742, "train_loss": 1.4461253454589844, "training_time_mean": NaN, "training_time_total": 0.0, "val_accuracy": 0.5110999941825867, "val_loss": 1.3558078659057617, "validation_time_mean": NaN, "validation_time_total": 0.0, "samples": 60000, "num_workers": 1, "done": false, "timesteps_total": null, "episodes_total": null, "training_iteration": 7, "neg_mean_loss": -1.643926047515869, "experiment_id": "38a378b11e764a45977090a2469d5c8c", "date": "2019-06-06_07-30-09", "timestamp": 1559831409, "time_this_iter_s": 40.91201615333557, "time_total_s": 292.8470356464386, "pid": 25100, "hostname": "steropes", "node_ip": "169.229.49.254", "config": {"starting_lr": 0.0005, "momentum": 0.997, "weight_decay": 0.005, "steps_per_iteration": null, "pin": false, "model_creator": null, "target_batch_size": 128, "model_string": "resnet50", "min_batch_size": 128, "dataset": "CIFAR", "placement": null, "use_nccl": true, "devices_per_worker": 1, "primary_resource": "extra_gpu", "gpu": false, "verbose": false, "lr_config": {"mode": "log", "steps": 5, "initial_lr": 0.0005, "target_lr": 0.0005}, "batch_per_device": 128}, "time_since_restore": 292.8470356464386, "timesteps_since_restore": 0, "iterations_since_restore": 7, "mean_throughput": 1466.5933155859655, "atoms": 1, "setup_time": 9.150689840316772}
{"apply": 0.017787718772888185, "batch_time": 0.03270323065262806, "d2h": 0.000668478012084961, "data_time": 0.0017921327020201231, "fwd": 0.02862553596496582, "get_state_time_mean": NaN, "get_state_time_total": 0.0, "grad": 0.0484180212020874, "mean_accuracy": 0.4808599889278412, "mean_loss": 1.4527601552200315, "neg_mean_accuracy": -0.5393999814987183, "set_state_time_mean": NaN, "set_state_time_total": 0.0, "setup_model_time_mean": NaN, "setup_model_time_total": 0.0, "setup_proc_time_mean": NaN, "setup_proc_time_total": 0.0, "train_accuracy": 0.5101400017738342, "train_loss": 1.3663509783172607, "training_time_mean": NaN, "training_time_total": 0.0, "val_accuracy": 0.5393999814987183, "val_loss": 1.2889142288208009, "validation_time_mean": NaN, "validation_time_total": 0.0, "samples": 60000, "num_workers": 1, "done": true, "timesteps_total": null, "episodes_total": null, "training_iteration": 8, "neg_mean_loss": -1.4527601552200315, "experiment_id": "38a378b11e764a45977090a2469d5c8c", "date": "2019-06-06_07-30-50", "timestamp": 1559831450, "time_this_iter_s": 40.968913316726685, "time_total_s": 333.8159489631653, "pid": 25100, "hostname": "steropes", "node_ip": "169.229.49.254", "config": {"starting_lr": 0.0005, "momentum": 0.997, "weight_decay": 0.005, "steps_per_iteration": null, "pin": false, "model_creator": null, "target_batch_size": 128, "model_string": "resnet50", "min_batch_size": 128, "dataset": "CIFAR", "placement": null, "use_nccl": true, "devices_per_worker": 1, "primary_resource": "extra_gpu", "gpu": false, "verbose": false, "lr_config": {"mode": "log", "steps": 5, "initial_lr": 0.0005, "target_lr": 0.0005}, "batch_per_device": 128}, "time_since_restore": 333.8159489631653, "timesteps_since_restore": 0, "iterations_since_restore": 8, "mean_throughput": 1466.0589774170264, "atoms": 1, "setup_time": 9.150689840316772}
