apply,batch_time,d2h,data_time,fwd,get_state_time_mean,get_state_time_total,grad,mean_accuracy,mean_loss,neg_mean_accuracy,set_state_time_mean,set_state_time_total,setup_model_time_mean,setup_model_time_total,setup_proc_time_mean,setup_proc_time_total,train_accuracy,train_loss,training_time_mean,training_time_total,validation_time_mean,validation_time_total,samples,num_workers,done,timesteps_total,episodes_total,training_iteration,neg_mean_loss,experiment_id,date,timestamp,time_this_iter_s,time_total_s,pid,hostname,node_ip,config,time_since_restore,timesteps_since_restore,iterations_since_restore,mean_throughput,atoms
0.0074994564056396484,0.17300567626953126,0.004435396194458008,0.040030834626178353,0.10885846614837646,nan,0.0,0.18076729774475098,0.38429999351501465,1.6750504020690917,-0.38429999351501465,nan,0.0,9.644858837127686,9.644858837127686,5.52875018119812,5.52875018119812,0.2687000036239624,2.5243254931259154,nan,0.0,nan,0.0,60000,1,False,,,1,-1.6750504020690917,bfed95f56a124f1b96411aa089b61aa5,2019-05-30_14-08-13,1559250493,11.867833375930786,11.867833375930786,7688,steropes,169.229.49.254,"{'starting_lr': 0.005, 'momentum': 0.95, 'weight_decay': 0.001, 'steps_per_iteration': None, 'pin': False, 'model_creator': None, 'target_batch_size': 1024, 'model_string': 'resnet18', 'min_batch_size': 512, 'dataset': 'CIFAR', 'placement': None, 'use_nccl': True, 'devices_per_worker': 1, 'primary_resource': 'extra_gpu', 'gpu': False, 'verbose': False, 'lr_config': {'mode': 'log', 'steps': 5, 'initial_lr': 0.005, 'target_lr': 0.005}, 'batch_per_device': 1024}",11.867833375930786,0,1,5055.649396237816,1
0.00740208625793457,0.11580877304077149,0.005299520492553711,0.045666071833396445,0.0209674596786499,nan,0.0,0.042400789260864255,0.48420000076293945,1.4085880025863649,-0.48420000076293945,nan,0.0,nan,0.0,nan,0.0,0.42093998193740845,1.5729319047927857,nan,0.0,nan,0.0,60000,1,False,,,2,-1.4085880025863649,bfed95f56a124f1b96411aa089b61aa5,2019-05-30_14-08-20,1559250500,7.732038497924805,19.59987187385559,7688,steropes,169.229.49.254,"{'starting_lr': 0.005, 'momentum': 0.95, 'weight_decay': 0.001, 'steps_per_iteration': None, 'pin': False, 'model_creator': None, 'target_batch_size': 1024, 'model_string': 'resnet18', 'min_batch_size': 512, 'dataset': 'CIFAR', 'placement': None, 'use_nccl': True, 'devices_per_worker': 1, 'primary_resource': 'extra_gpu', 'gpu': False, 'verbose': False, 'lr_config': {'mode': 'log', 'steps': 5, 'initial_lr': 0.005, 'target_lr': 0.005}, 'batch_per_device': 1024}",19.59987187385559,0,2,6122.4358273748585,1
0.008019757270812989,0.12911083698272705,0.007556462287902832,0.04560702187674386,0.028933215141296386,nan,0.0,0.05215585231781006,0.5123000144958496,1.3408695554733276,-0.5123000144958496,nan,0.0,nan,0.0,nan,0.0,0.48085999488830566,1.420835185508728,nan,0.0,nan,0.0,60000,1,False,,,3,-1.3408695554733276,bfed95f56a124f1b96411aa089b61aa5,2019-05-30_14-08-28,1559250508,8.191459655761719,27.79133152961731,7688,steropes,169.229.49.254,"{'starting_lr': 0.005, 'momentum': 0.95, 'weight_decay': 0.001, 'steps_per_iteration': None, 'pin': False, 'model_creator': None, 'target_batch_size': 1024, 'model_string': 'resnet18', 'min_batch_size': 512, 'dataset': 'CIFAR', 'placement': None, 'use_nccl': True, 'devices_per_worker': 1, 'primary_resource': 'extra_gpu', 'gpu': False, 'verbose': False, 'lr_config': {'mode': 'log', 'steps': 5, 'initial_lr': 0.005, 'target_lr': 0.005}, 'batch_per_device': 1024}",27.79133152961731,0,3,6476.780269793611,1
0.00805675983428955,0.1213181734085083,0.006235575675964356,0.04606639122476383,0.02554504871368408,nan,0.0,0.046164536476135255,0.5476999878883362,1.2616781831741333,-0.5476999878883362,nan,0.0,nan,0.0,nan,0.0,0.5186600089073181,1.3255880574417114,nan,0.0,nan,0.0,60000,1,False,,,4,-1.2616781831741333,bfed95f56a124f1b96411aa089b61aa5,2019-05-30_14-08-37,1559250517,8.413319110870361,36.20465064048767,7688,steropes,169.229.49.254,"{'starting_lr': 0.005, 'momentum': 0.95, 'weight_decay': 0.001, 'steps_per_iteration': None, 'pin': False, 'model_creator': None, 'target_batch_size': 1024, 'model_string': 'resnet18', 'min_batch_size': 512, 'dataset': 'CIFAR', 'placement': None, 'use_nccl': True, 'devices_per_worker': 1, 'primary_resource': 'extra_gpu', 'gpu': False, 'verbose': False, 'lr_config': {'mode': 'log', 'steps': 5, 'initial_lr': 0.005, 'target_lr': 0.005}, 'batch_per_device': 1024}",36.20465064048767,0,4,6628.920854264358,1
0.007933259010314941,0.12820672988891602,0.005636382102966309,0.04408716182319485,0.02896089553833008,nan,0.0,0.059270620346069336,0.5819000005722046,1.168464777946472,-0.5819000005722046,nan,0.0,nan,0.0,nan,0.0,0.5500199794769287,1.248810484199524,nan,0.0,nan,0.0,60000,1,False,,,5,-1.168464777946472,bfed95f56a124f1b96411aa089b61aa5,2019-05-30_14-08-45,1559250525,8.483240365982056,44.68789100646973,7688,steropes,169.229.49.254,"{'starting_lr': 0.005, 'momentum': 0.95, 'weight_decay': 0.001, 'steps_per_iteration': None, 'pin': False, 'model_creator': None, 'target_batch_size': 1024, 'model_string': 'resnet18', 'min_batch_size': 512, 'dataset': 'CIFAR', 'placement': None, 'use_nccl': True, 'devices_per_worker': 1, 'primary_resource': 'extra_gpu', 'gpu': False, 'verbose': False, 'lr_config': {'mode': 'log', 'steps': 5, 'initial_lr': 0.005, 'target_lr': 0.005}, 'batch_per_device': 1024}",44.68789100646973,0,5,6713.164901873015,1
0.007669973373413086,0.1213956594467163,0.004833698272705078,0.0440091356939199,0.028431105613708495,nan,0.0,0.052189421653747556,0.6082000136375427,1.1055050189971924,-0.6082000136375427,nan,0.0,nan,0.0,nan,0.0,0.5770999789237976,1.170354086151123,nan,0.0,nan,0.0,60000,1,False,,,6,-1.1055050189971924,bfed95f56a124f1b96411aa089b61aa5,2019-05-30_14-08-54,1559250534,8.58097243309021,53.26886343955994,7688,steropes,169.229.49.254,"{'starting_lr': 0.005, 'momentum': 0.95, 'weight_decay': 0.001, 'steps_per_iteration': None, 'pin': False, 'model_creator': None, 'target_batch_size': 1024, 'model_string': 'resnet18', 'min_batch_size': 512, 'dataset': 'CIFAR', 'placement': None, 'use_nccl': True, 'devices_per_worker': 1, 'primary_resource': 'extra_gpu', 'gpu': False, 'verbose': False, 'lr_config': {'mode': 'log', 'steps': 5, 'initial_lr': 0.005, 'target_lr': 0.005}, 'batch_per_device': 1024}",53.26886343955994,0,6,7246.122577471486,1
0.007630586624145508,0.12072875499725341,0.005293846130371094,0.034205894080960024,0.026487898826599122,nan,0.0,0.05179622173309326,0.613099992275238,1.0916376314163208,-0.613099992275238,nan,0.0,nan,0.0,nan,0.0,0.6019399762153625,1.104679290008545,nan,0.0,nan,0.0,60000,1,False,,,7,-1.0916376314163208,bfed95f56a124f1b96411aa089b61aa5,2019-05-30_14-09-02,1559250542,8.309006929397583,61.57787036895752,7688,steropes,169.229.49.254,"{'starting_lr': 0.005, 'momentum': 0.95, 'weight_decay': 0.001, 'steps_per_iteration': None, 'pin': False, 'model_creator': None, 'target_batch_size': 1024, 'model_string': 'resnet18', 'min_batch_size': 512, 'dataset': 'CIFAR', 'placement': None, 'use_nccl': True, 'devices_per_worker': 1, 'primary_resource': 'extra_gpu', 'gpu': False, 'verbose': False, 'lr_config': {'mode': 'log', 'steps': 5, 'initial_lr': 0.005, 'target_lr': 0.005}, 'batch_per_device': 1024}",61.57787036895752,0,7,7146.519677656142,1
0.007842445373535156,0.12093169689178467,0.005519294738769531,0.0419169688711361,0.02838101387023926,nan,0.0,0.05088469982147217,0.6263999938964844,1.0660203704833984,-0.6263999938964844,nan,0.0,nan,0.0,nan,0.0,0.6222400069236755,1.0536388218307495,nan,0.0,nan,0.0,60000,1,False,,,8,-1.0660203704833984,bfed95f56a124f1b96411aa089b61aa5,2019-05-30_14-09-11,1559250551,8.293212890625,69.87108325958252,7688,steropes,169.229.49.254,"{'starting_lr': 0.005, 'momentum': 0.95, 'weight_decay': 0.001, 'steps_per_iteration': None, 'pin': False, 'model_creator': None, 'target_batch_size': 1024, 'model_string': 'resnet18', 'min_batch_size': 512, 'dataset': 'CIFAR', 'placement': None, 'use_nccl': True, 'devices_per_worker': 1, 'primary_resource': 'extra_gpu', 'gpu': False, 'verbose': False, 'lr_config': {'mode': 'log', 'steps': 5, 'initial_lr': 0.005, 'target_lr': 0.005}, 'batch_per_device': 1024}",69.87108325958252,0,8,7129.238357737212,1
0.00765993595123291,0.1240046501159668,0.004586505889892578,0.03237222165477519,0.024327564239501952,nan,0.0,0.05074007511138916,0.6507999897003174,0.994644091129303,-0.6507999897003174,nan,0.0,nan,0.0,nan,0.0,0.6386199593544006,1.0103717865753175,nan,0.0,nan,0.0,60000,1,False,,,9,-0.994644091129303,bfed95f56a124f1b96411aa089b61aa5,2019-05-30_14-09-19,1559250559,7.965785026550293,77.83686828613281,7688,steropes,169.229.49.254,"{'starting_lr': 0.005, 'momentum': 0.95, 'weight_decay': 0.001, 'steps_per_iteration': None, 'pin': False, 'model_creator': None, 'target_batch_size': 1024, 'model_string': 'resnet18', 'min_batch_size': 512, 'dataset': 'CIFAR', 'placement': None, 'use_nccl': True, 'devices_per_worker': 1, 'primary_resource': 'extra_gpu', 'gpu': False, 'verbose': False, 'lr_config': {'mode': 'log', 'steps': 5, 'initial_lr': 0.005, 'target_lr': 0.005}, 'batch_per_device': 1024}",77.83686828613281,0,9,7205.805981191793,1
0.008650732040405274,0.12774736881256105,0.005006742477416992,0.04258456035536163,0.02545638084411621,nan,0.0,0.05236508846282959,0.6520000100135803,0.9954108744621277,-0.6520000100135803,nan,0.0,nan,0.0,nan,0.0,0.6548199653625488,0.9618633324432373,nan,0.0,nan,0.0,60000,1,False,,,10,-0.9954108744621277,bfed95f56a124f1b96411aa089b61aa5,2019-05-30_14-09-27,1559250567,8.294253826141357,86.13112211227417,7688,steropes,169.229.49.254,"{'starting_lr': 0.005, 'momentum': 0.95, 'weight_decay': 0.001, 'steps_per_iteration': None, 'pin': False, 'model_creator': None, 'target_batch_size': 1024, 'model_string': 'resnet18', 'min_batch_size': 512, 'dataset': 'CIFAR', 'placement': None, 'use_nccl': True, 'devices_per_worker': 1, 'primary_resource': 'extra_gpu', 'gpu': False, 'verbose': False, 'lr_config': {'mode': 'log', 'steps': 5, 'initial_lr': 0.005, 'target_lr': 0.005}, 'batch_per_device': 1024}",86.13112211227417,0,10,7238.664576415503,1
0.010143256187438965,0.12855045795440673,0.006468558311462402,0.04080312106074119,0.028847384452819824,nan,0.0,0.05324912071228027,0.668999969959259,0.9443960678100586,-0.668999969959259,nan,0.0,nan,0.0,nan,0.0,0.665179967880249,0.9363762629699707,nan,0.0,nan,0.0,60000,1,False,,,11,-0.9443960678100586,bfed95f56a124f1b96411aa089b61aa5,2019-05-30_14-09-35,1559250575,8.041218042373657,94.17234015464783,7688,steropes,169.229.49.254,"{'starting_lr': 0.005, 'momentum': 0.95, 'weight_decay': 0.001, 'steps_per_iteration': None, 'pin': False, 'model_creator': None, 'target_batch_size': 1024, 'model_string': 'resnet18', 'min_batch_size': 512, 'dataset': 'CIFAR', 'placement': None, 'use_nccl': True, 'devices_per_worker': 1, 'primary_resource': 'extra_gpu', 'gpu': False, 'verbose': False, 'lr_config': {'mode': 'log', 'steps': 5, 'initial_lr': 0.005, 'target_lr': 0.005}, 'batch_per_device': 1024}",94.17234015464783,0,11,7334.18233562275,1
0.008581733703613282,0.1335017204284668,0.005268096923828125,0.04606366157531738,0.03028445243835449,nan,0.0,0.04892611503601074,0.6815999746322632,0.9176326777458191,-0.6815999746322632,nan,0.0,nan,0.0,nan,0.0,0.6757999658584595,0.9080070146560669,nan,0.0,nan,0.0,60000,1,False,,,12,-0.9176326777458191,bfed95f56a124f1b96411aa089b61aa5,2019-05-30_14-09-43,1559250583,8.457981824874878,102.6303219795227,7688,steropes,169.229.49.254,"{'starting_lr': 0.005, 'momentum': 0.95, 'weight_decay': 0.001, 'steps_per_iteration': None, 'pin': False, 'model_creator': None, 'target_batch_size': 1024, 'model_string': 'resnet18', 'min_batch_size': 512, 'dataset': 'CIFAR', 'placement': None, 'use_nccl': True, 'devices_per_worker': 1, 'primary_resource': 'extra_gpu', 'gpu': False, 'verbose': False, 'lr_config': {'mode': 'log', 'steps': 5, 'initial_lr': 0.005, 'target_lr': 0.005}, 'batch_per_device': 1024}",102.6303219795227,0,12,7307.5801327674,1
0.007675814628601074,0.11757376194000244,0.00500178337097168,0.044889717685933014,0.020861077308654784,nan,0.0,0.04320218563079834,0.6758999824523926,0.9332165030479431,-0.6758999824523926,nan,0.0,nan,0.0,nan,0.0,0.68777996301651,0.8795932157325744,nan,0.0,nan,0.0,60000,1,False,,,13,-0.9332165030479431,bfed95f56a124f1b96411aa089b61aa5,2019-05-30_14-09-51,1559250591,7.71213173866272,110.34245371818542,7688,steropes,169.229.49.254,"{'starting_lr': 0.005, 'momentum': 0.95, 'weight_decay': 0.001, 'steps_per_iteration': None, 'pin': False, 'model_creator': None, 'target_batch_size': 1024, 'model_string': 'resnet18', 'min_batch_size': 512, 'dataset': 'CIFAR', 'placement': None, 'use_nccl': True, 'devices_per_worker': 1, 'primary_resource': 'extra_gpu', 'gpu': False, 'verbose': False, 'lr_config': {'mode': 'log', 'steps': 5, 'initial_lr': 0.005, 'target_lr': 0.005}, 'batch_per_device': 1024}",110.34245371818542,0,13,7412.499697942796,1
0.007470917701721191,0.11314027309417725,0.004649734497070313,0.04626223505759726,0.020561933517456055,nan,0.0,0.041937828063964844,0.6886000037193298,0.9084460389137268,-0.6886000037193298,nan,0.0,nan,0.0,nan,0.0,0.6976799964904785,0.8479772512435914,nan,0.0,nan,0.0,60000,1,False,,,14,-0.9084460389137268,bfed95f56a124f1b96411aa089b61aa5,2019-05-30_14-09-58,1559250598,7.29593825340271,117.63839197158813,7688,steropes,169.229.49.254,"{'starting_lr': 0.005, 'momentum': 0.95, 'weight_decay': 0.001, 'steps_per_iteration': None, 'pin': False, 'model_creator': None, 'target_batch_size': 1024, 'model_string': 'resnet18', 'min_batch_size': 512, 'dataset': 'CIFAR', 'placement': None, 'use_nccl': True, 'devices_per_worker': 1, 'primary_resource': 'extra_gpu', 'gpu': False, 'verbose': False, 'lr_config': {'mode': 'log', 'steps': 5, 'initial_lr': 0.005, 'target_lr': 0.005}, 'batch_per_device': 1024}",117.63839197158813,0,14,7537.322767597765,1
0.008158588409423828,0.11666066646575927,0.004811310768127441,0.047009390227648676,0.020766663551330566,nan,0.0,0.04185993671417236,0.7003999948501587,0.8633344491958618,-0.7003999948501587,nan,0.0,nan,0.0,nan,0.0,0.7033599615097046,0.8303298818778991,nan,0.0,nan,0.0,60000,1,False,,,15,-0.8633344491958618,bfed95f56a124f1b96411aa089b61aa5,2019-05-30_14-10-06,1559250606,7.3635478019714355,125.00193977355957,7688,steropes,169.229.49.254,"{'starting_lr': 0.005, 'momentum': 0.95, 'weight_decay': 0.001, 'steps_per_iteration': None, 'pin': False, 'model_creator': None, 'target_batch_size': 1024, 'model_string': 'resnet18', 'min_batch_size': 512, 'dataset': 'CIFAR', 'placement': None, 'use_nccl': True, 'devices_per_worker': 1, 'primary_resource': 'extra_gpu', 'gpu': False, 'verbose': False, 'lr_config': {'mode': 'log', 'steps': 5, 'initial_lr': 0.005, 'target_lr': 0.005}, 'batch_per_device': 1024}",125.00193977355957,0,15,7717.791884492792,1
0.00725710391998291,0.11544432640075683,0.005209994316101074,0.052068754118316025,0.021410202980041503,nan,0.0,0.0419708251953125,0.6994999647140503,0.8644513422012329,-0.6994999647140503,nan,0.0,nan,0.0,nan,0.0,0.7134799957275391,0.8048003922653199,nan,0.0,nan,0.0,60000,1,False,,,16,-0.8644513422012329,bfed95f56a124f1b96411aa089b61aa5,2019-05-30_14-10-13,1559250613,7.597985744476318,132.5999255180359,7688,steropes,169.229.49.254,"{'starting_lr': 0.005, 'momentum': 0.95, 'weight_decay': 0.001, 'steps_per_iteration': None, 'pin': False, 'model_creator': None, 'target_batch_size': 1024, 'model_string': 'resnet18', 'min_batch_size': 512, 'dataset': 'CIFAR', 'placement': None, 'use_nccl': True, 'devices_per_worker': 1, 'primary_resource': 'extra_gpu', 'gpu': False, 'verbose': False, 'lr_config': {'mode': 'log', 'steps': 5, 'initial_lr': 0.005, 'target_lr': 0.005}, 'batch_per_device': 1024}",132.5999255180359,0,16,7806.811125841488,1
0.007545042037963867,0.11690323352813721,0.004860019683837891,0.04613534771666235,0.021344757080078124,nan,0.0,0.04240398406982422,0.7013999819755554,0.862022873878479,-0.7013999819755554,nan,0.0,nan,0.0,nan,0.0,0.718239963054657,0.790683199710846,nan,0.0,nan,0.0,60000,1,False,,,17,-0.862022873878479,bfed95f56a124f1b96411aa089b61aa5,2019-05-30_14-10-21,1559250621,7.322813510894775,139.92273902893066,7688,steropes,169.229.49.254,"{'starting_lr': 0.005, 'momentum': 0.95, 'weight_decay': 0.001, 'steps_per_iteration': None, 'pin': False, 'model_creator': None, 'target_batch_size': 1024, 'model_string': 'resnet18', 'min_batch_size': 512, 'dataset': 'CIFAR', 'placement': None, 'use_nccl': True, 'devices_per_worker': 1, 'primary_resource': 'extra_gpu', 'gpu': False, 'verbose': False, 'lr_config': {'mode': 'log', 'steps': 5, 'initial_lr': 0.005, 'target_lr': 0.005}, 'batch_per_device': 1024}",139.92273902893066,0,17,8044.4465718012025,1
0.007523655891418457,0.11440525054931641,0.004787302017211914,0.04398273935123366,0.02089834213256836,nan,0.0,0.04183228015899658,0.7174999713897705,0.8174256271362305,-0.7174999713897705,nan,0.0,nan,0.0,nan,0.0,0.7305200099945068,0.7587646763801574,nan,0.0,nan,0.0,60000,1,False,,,18,-0.8174256271362305,bfed95f56a124f1b96411aa089b61aa5,2019-05-30_14-10-28,1559250628,7.189495801925659,147.11223483085632,7688,steropes,169.229.49.254,"{'starting_lr': 0.005, 'momentum': 0.95, 'weight_decay': 0.001, 'steps_per_iteration': None, 'pin': False, 'model_creator': None, 'target_batch_size': 1024, 'model_string': 'resnet18', 'min_batch_size': 512, 'dataset': 'CIFAR', 'placement': None, 'use_nccl': True, 'devices_per_worker': 1, 'primary_resource': 'extra_gpu', 'gpu': False, 'verbose': False, 'lr_config': {'mode': 'log', 'steps': 5, 'initial_lr': 0.005, 'target_lr': 0.005}, 'batch_per_device': 1024}",147.11223483085632,0,18,8158.787731698824,1
0.007635927200317383,0.11539583206176758,0.00475156307220459,0.04365090448029187,0.021015381813049315,nan,0.0,0.041988182067871097,0.704800009727478,0.8511467183113098,-0.704800009727478,nan,0.0,nan,0.0,nan,0.0,0.7343599796295166,0.747458526763916,nan,0.0,nan,0.0,60000,1,False,,,19,-0.8511467183113098,bfed95f56a124f1b96411aa089b61aa5,2019-05-30_14-10-35,1559250635,7.206558704376221,154.31879353523254,7688,steropes,169.229.49.254,"{'starting_lr': 0.005, 'momentum': 0.95, 'weight_decay': 0.001, 'steps_per_iteration': None, 'pin': False, 'model_creator': None, 'target_batch_size': 1024, 'model_string': 'resnet18', 'min_batch_size': 512, 'dataset': 'CIFAR', 'placement': None, 'use_nccl': True, 'devices_per_worker': 1, 'primary_resource': 'extra_gpu', 'gpu': False, 'verbose': False, 'lr_config': {'mode': 'log', 'steps': 5, 'initial_lr': 0.005, 'target_lr': 0.005}, 'batch_per_device': 1024}",154.31879353523254,0,19,8178.668131986415,1
0.0075356483459472655,0.11545581817626953,0.004744696617126465,0.042441275655006876,0.02105081081390381,nan,0.0,0.04284975528717041,0.717799961566925,0.8133865787506104,-0.717799961566925,nan,0.0,nan,0.0,nan,0.0,0.7311999797821045,0.7477723913764953,nan,0.0,nan,0.0,60000,1,False,,,20,-0.8133865787506104,bfed95f56a124f1b96411aa089b61aa5,2019-05-30_14-10-42,1559250642,7.161102533340454,161.479896068573,7688,steropes,169.229.49.254,"{'starting_lr': 0.005, 'momentum': 0.95, 'weight_decay': 0.001, 'steps_per_iteration': None, 'pin': False, 'model_creator': None, 'target_batch_size': 1024, 'model_string': 'resnet18', 'min_batch_size': 512, 'dataset': 'CIFAR', 'placement': None, 'use_nccl': True, 'devices_per_worker': 1, 'primary_resource': 'extra_gpu', 'gpu': False, 'verbose': False, 'lr_config': {'mode': 'log', 'steps': 5, 'initial_lr': 0.005, 'target_lr': 0.005}, 'batch_per_device': 1024}",161.479896068573,0,20,8224.058998947832,1
0.008078169822692872,0.11474206447601318,0.00482783317565918,0.043916916360660474,0.021480154991149903,nan,0.0,0.04345815181732178,0.7224999666213989,0.7996243458747864,-0.7224999666213989,nan,0.0,nan,0.0,nan,0.0,0.7444999814033508,0.7171932753372192,nan,0.0,nan,0.0,60000,1,False,,,21,-0.7996243458747864,bfed95f56a124f1b96411aa089b61aa5,2019-05-30_14-10-49,1559250649,7.216641902923584,168.69653797149658,7688,steropes,169.229.49.254,"{'starting_lr': 0.005, 'momentum': 0.95, 'weight_decay': 0.001, 'steps_per_iteration': None, 'pin': False, 'model_creator': None, 'target_batch_size': 1024, 'model_string': 'resnet18', 'min_batch_size': 512, 'dataset': 'CIFAR', 'placement': None, 'use_nccl': True, 'devices_per_worker': 1, 'primary_resource': 'extra_gpu', 'gpu': False, 'verbose': False, 'lr_config': {'mode': 'log', 'steps': 5, 'initial_lr': 0.005, 'target_lr': 0.005}, 'batch_per_device': 1024}",168.69653797149658,0,21,8310.941586003471,1
0.007604622840881347,0.11467933654785156,0.004230999946594238,0.04409328772097218,0.020580768585205078,nan,0.0,0.04159069061279297,0.7216999530792236,0.8020149109840393,-0.7216999530792236,nan,0.0,nan,0.0,nan,0.0,0.7517799735069275,0.697751715888977,nan,0.0,nan,0.0,60000,1,False,,,22,-0.8020149109840393,bfed95f56a124f1b96411aa089b61aa5,2019-05-30_14-10-57,1559250657,7.1426732540130615,175.83921122550964,7688,steropes,169.229.49.254,"{'starting_lr': 0.005, 'momentum': 0.95, 'weight_decay': 0.001, 'steps_per_iteration': None, 'pin': False, 'model_creator': None, 'target_batch_size': 1024, 'model_string': 'resnet18', 'min_batch_size': 512, 'dataset': 'CIFAR', 'placement': None, 'use_nccl': True, 'devices_per_worker': 1, 'primary_resource': 'extra_gpu', 'gpu': False, 'verbose': False, 'lr_config': {'mode': 'log', 'steps': 5, 'initial_lr': 0.005, 'target_lr': 0.005}, 'batch_per_device': 1024}",175.83921122550964,0,22,8352.624725629494,1
0.007454490661621094,0.11426994800567628,0.004438257217407227,0.0455548568647735,0.020878362655639648,nan,0.0,0.04148235321044922,0.7222999930381775,0.8109136058807374,-0.7222999930381775,nan,0.0,nan,0.0,nan,0.0,0.7539199590682983,0.689820976600647,nan,0.0,nan,0.0,60000,1,False,,,23,-0.8109136058807374,bfed95f56a124f1b96411aa089b61aa5,2019-05-30_14-11-04,1559250664,7.237548351287842,183.07675957679749,7688,steropes,169.229.49.254,"{'starting_lr': 0.005, 'momentum': 0.95, 'weight_decay': 0.001, 'steps_per_iteration': None, 'pin': False, 'model_creator': None, 'target_batch_size': 1024, 'model_string': 'resnet18', 'min_batch_size': 512, 'dataset': 'CIFAR', 'placement': None, 'use_nccl': True, 'devices_per_worker': 1, 'primary_resource': 'extra_gpu', 'gpu': False, 'verbose': False, 'lr_config': {'mode': 'log', 'steps': 5, 'initial_lr': 0.005, 'target_lr': 0.005}, 'batch_per_device': 1024}",183.07675957679749,0,23,8341.466977911252,1
0.007382893562316894,0.11384222507476807,0.00450444221496582,0.04267244436302964,0.020799994468688965,nan,0.0,0.04166922569274902,0.7258999943733215,0.786914852142334,-0.7258999943733215,nan,0.0,nan,0.0,nan,0.0,0.7626799941062927,0.6678933863639831,nan,0.0,nan,0.0,60000,1,False,,,24,-0.786914852142334,bfed95f56a124f1b96411aa089b61aa5,2019-05-30_14-11-11,1559250671,7.147143125534058,190.22390270233154,7688,steropes,169.229.49.254,"{'starting_lr': 0.005, 'momentum': 0.95, 'weight_decay': 0.001, 'steps_per_iteration': None, 'pin': False, 'model_creator': None, 'target_batch_size': 1024, 'model_string': 'resnet18', 'min_batch_size': 512, 'dataset': 'CIFAR', 'placement': None, 'use_nccl': True, 'devices_per_worker': 1, 'primary_resource': 'extra_gpu', 'gpu': False, 'verbose': False, 'lr_config': {'mode': 'log', 'steps': 5, 'initial_lr': 0.005, 'target_lr': 0.005}, 'batch_per_device': 1024}",190.22390270233154,0,24,8355.271469469393,1
0.007304477691650391,0.11550788879394532,0.004322052001953125,0.04410268822494818,0.02065441608428955,nan,0.0,0.041394376754760744,0.738599956035614,0.7668781618118287,-0.738599956035614,nan,0.0,nan,0.0,nan,0.0,0.7674199938774109,0.6528477787590027,nan,0.0,nan,0.0,60000,1,False,,,25,-0.7668781618118287,bfed95f56a124f1b96411aa089b61aa5,2019-05-30_14-11-18,1559250678,7.152973890304565,197.3768765926361,7688,steropes,169.229.49.254,"{'starting_lr': 0.005, 'momentum': 0.95, 'weight_decay': 0.001, 'steps_per_iteration': None, 'pin': False, 'model_creator': None, 'target_batch_size': 1024, 'model_string': 'resnet18', 'min_batch_size': 512, 'dataset': 'CIFAR', 'placement': None, 'use_nccl': True, 'devices_per_worker': 1, 'primary_resource': 'extra_gpu', 'gpu': False, 'verbose': False, 'lr_config': {'mode': 'log', 'steps': 5, 'initial_lr': 0.005, 'target_lr': 0.005}, 'batch_per_device': 1024}",197.3768765926361,0,25,8357.164003294325,1
0.00737154483795166,0.11474928855895997,0.004321074485778809,0.045041079423865496,0.020826172828674317,nan,0.0,0.041800498962402344,0.7404999732971191,0.7633721674919128,-0.7404999732971191,nan,0.0,nan,0.0,nan,0.0,0.7693399786949158,0.6431725586891174,nan,0.0,nan,0.0,60000,1,False,,,26,-0.7633721674919128,bfed95f56a124f1b96411aa089b61aa5,2019-05-30_14-11-25,1559250685,7.2070910930633545,204.58396768569946,7688,steropes,169.229.49.254,"{'starting_lr': 0.005, 'momentum': 0.95, 'weight_decay': 0.001, 'steps_per_iteration': None, 'pin': False, 'model_creator': None, 'target_batch_size': 1024, 'model_string': 'resnet18', 'min_batch_size': 512, 'dataset': 'CIFAR', 'placement': None, 'use_nccl': True, 'devices_per_worker': 1, 'primary_resource': 'extra_gpu', 'gpu': False, 'verbose': False, 'lr_config': {'mode': 'log', 'steps': 5, 'initial_lr': 0.005, 'target_lr': 0.005}, 'batch_per_device': 1024}",204.58396768569946,0,26,8359.386316171527,1
0.007399177551269532,0.11530444622039795,0.004292583465576172,0.04569171399486308,0.020559287071228026,nan,0.0,0.04164159297943115,0.7378000020980835,0.7649051940917969,-0.7378000020980835,nan,0.0,nan,0.0,nan,0.0,0.772599995136261,0.6332055434036254,nan,0.0,nan,0.0,60000,1,False,,,27,-0.7649051940917969,bfed95f56a124f1b96411aa089b61aa5,2019-05-30_14-11-33,1559250693,7.22240424156189,211.80637192726135,7688,steropes,169.229.49.254,"{'starting_lr': 0.005, 'momentum': 0.95, 'weight_decay': 0.001, 'steps_per_iteration': None, 'pin': False, 'model_creator': None, 'target_batch_size': 1024, 'model_string': 'resnet18', 'min_batch_size': 512, 'dataset': 'CIFAR', 'placement': None, 'use_nccl': True, 'devices_per_worker': 1, 'primary_resource': 'extra_gpu', 'gpu': False, 'verbose': False, 'lr_config': {'mode': 'log', 'steps': 5, 'initial_lr': 0.005, 'target_lr': 0.005}, 'batch_per_device': 1024}",211.80637192726135,0,27,8340.854163264754,1
0.007352995872497559,0.13751494884490967,0.0049352884292602536,0.045915700951401066,0.02071981430053711,nan,0.0,0.0417208194732666,0.7361999750137329,0.7664424087524414,-0.7361999750137329,nan,0.0,nan,0.0,nan,0.0,0.7796399593353271,0.6190204141616821,nan,0.0,nan,0.0,60000,1,False,,,28,-0.7664424087524414,bfed95f56a124f1b96411aa089b61aa5,2019-05-30_14-11-40,1559250700,7.461994409561157,219.2683663368225,7688,steropes,169.229.49.254,"{'starting_lr': 0.005, 'momentum': 0.95, 'weight_decay': 0.001, 'steps_per_iteration': None, 'pin': False, 'model_creator': None, 'target_batch_size': 1024, 'model_string': 'resnet18', 'min_batch_size': 512, 'dataset': 'CIFAR', 'placement': None, 'use_nccl': True, 'devices_per_worker': 1, 'primary_resource': 'extra_gpu', 'gpu': False, 'verbose': False, 'lr_config': {'mode': 'log', 'steps': 5, 'initial_lr': 0.005, 'target_lr': 0.005}, 'batch_per_device': 1024}",219.2683663368225,0,28,8289.125944455933,1
0.0071258068084716795,0.1162687063217163,0.004167985916137695,0.04514355562171157,0.020145440101623537,nan,0.0,0.04160211086273193,0.7414000034332275,0.7637012321472167,-0.7414000034332275,nan,0.0,nan,0.0,nan,0.0,0.7849999666213989,0.6025501298713684,nan,0.0,nan,0.0,60000,1,False,,,29,-0.7637012321472167,bfed95f56a124f1b96411aa089b61aa5,2019-05-30_14-11-47,1559250707,7.177799940109253,226.44616627693176,7688,steropes,169.229.49.254,"{'starting_lr': 0.005, 'momentum': 0.95, 'weight_decay': 0.001, 'steps_per_iteration': None, 'pin': False, 'model_creator': None, 'target_batch_size': 1024, 'model_string': 'resnet18', 'min_batch_size': 512, 'dataset': 'CIFAR', 'placement': None, 'use_nccl': True, 'devices_per_worker': 1, 'primary_resource': 'extra_gpu', 'gpu': False, 'verbose': False, 'lr_config': {'mode': 'log', 'steps': 5, 'initial_lr': 0.005, 'target_lr': 0.005}, 'batch_per_device': 1024}",226.44616627693176,0,29,8282.10809592424,1
0.007074093818664551,0.11694717407226562,0.004281067848205566,0.04618606275441695,0.020227766036987303,nan,0.0,0.041695666313171384,0.7455999851226807,0.7497487190246582,-0.7455999851226807,nan,0.0,nan,0.0,nan,0.0,0.786579966545105,0.5981732014083863,nan,0.0,nan,0.0,60000,1,False,,,30,-0.7497487190246582,bfed95f56a124f1b96411aa089b61aa5,2019-05-30_14-11-54,1559250714,7.238540172576904,233.68470644950867,7688,steropes,169.229.49.254,"{'starting_lr': 0.005, 'momentum': 0.95, 'weight_decay': 0.001, 'steps_per_iteration': None, 'pin': False, 'model_creator': None, 'target_batch_size': 1024, 'model_string': 'resnet18', 'min_batch_size': 512, 'dataset': 'CIFAR', 'placement': None, 'use_nccl': True, 'devices_per_worker': 1, 'primary_resource': 'extra_gpu', 'gpu': False, 'verbose': False, 'lr_config': {'mode': 'log', 'steps': 5, 'initial_lr': 0.005, 'target_lr': 0.005}, 'batch_per_device': 1024}",233.68470644950867,0,30,8262.587890831743,1
0.007193541526794434,0.11696019172668456,0.004416465759277344,0.04543550647034937,0.020193195343017577,nan,0.0,0.041335654258728025,0.7368999719619751,0.7770676471710205,-0.7368999719619751,nan,0.0,nan,0.0,nan,0.0,0.7927199602127075,0.5821404599571228,nan,0.0,nan,0.0,60000,1,False,,,31,-0.7770676471710205,bfed95f56a124f1b96411aa089b61aa5,2019-05-30_14-12-02,1559250722,7.189599514007568,240.87430596351624,7688,steropes,169.229.49.254,"{'starting_lr': 0.005, 'momentum': 0.95, 'weight_decay': 0.001, 'steps_per_iteration': None, 'pin': False, 'model_creator': None, 'target_batch_size': 1024, 'model_string': 'resnet18', 'min_batch_size': 512, 'dataset': 'CIFAR', 'placement': None, 'use_nccl': True, 'devices_per_worker': 1, 'primary_resource': 'extra_gpu', 'gpu': False, 'verbose': False, 'lr_config': {'mode': 'log', 'steps': 5, 'initial_lr': 0.005, 'target_lr': 0.005}, 'batch_per_device': 1024}",240.87430596351624,0,31,8266.570819411907,1
0.007284784317016601,0.11790733337402344,0.004485273361206054,0.04405915007299306,0.0207749605178833,nan,0.0,0.04196822643280029,0.7513999938964844,0.734431377696991,-0.7513999938964844,nan,0.0,nan,0.0,nan,0.0,0.7925199866294861,0.5793859403228759,nan,0.0,nan,0.0,60000,1,False,,,32,-0.734431377696991,bfed95f56a124f1b96411aa089b61aa5,2019-05-30_14-12-09,1559250729,7.181806802749634,248.05611276626587,7688,steropes,169.229.49.254,"{'starting_lr': 0.005, 'momentum': 0.95, 'weight_decay': 0.001, 'steps_per_iteration': None, 'pin': False, 'model_creator': None, 'target_batch_size': 1024, 'model_string': 'resnet18', 'min_batch_size': 512, 'dataset': 'CIFAR', 'placement': None, 'use_nccl': True, 'devices_per_worker': 1, 'primary_resource': 'extra_gpu', 'gpu': False, 'verbose': False, 'lr_config': {'mode': 'log', 'steps': 5, 'initial_lr': 0.005, 'target_lr': 0.005}, 'batch_per_device': 1024}",248.05611276626587,0,32,8275.828757403147,1
0.007160663604736328,0.11484405994415284,0.004444503784179687,0.046310171789052536,0.020352792739868165,nan,0.0,0.04200592041015625,0.7426999807357788,0.7674526671409607,-0.7426999807357788,nan,0.0,nan,0.0,nan,0.0,0.799299955368042,0.5632089582633972,nan,0.0,nan,0.0,60000,1,False,,,33,-0.7674526671409607,bfed95f56a124f1b96411aa089b61aa5,2019-05-30_14-12-16,1559250736,7.208806753158569,255.26491951942444,7688,steropes,169.229.49.254,"{'starting_lr': 0.005, 'momentum': 0.95, 'weight_decay': 0.001, 'steps_per_iteration': None, 'pin': False, 'model_creator': None, 'target_batch_size': 1024, 'model_string': 'resnet18', 'min_batch_size': 512, 'dataset': 'CIFAR', 'placement': None, 'use_nccl': True, 'devices_per_worker': 1, 'primary_resource': 'extra_gpu', 'gpu': False, 'verbose': False, 'lr_config': {'mode': 'log', 'steps': 5, 'initial_lr': 0.005, 'target_lr': 0.005}, 'batch_per_device': 1024}",255.26491951942444,0,33,8334.038493870348,1
0.007088279724121094,0.11585893630981445,0.0043126106262207035,0.04652674344121194,0.020039582252502443,nan,0.0,0.04188020229339599,0.7532999515533447,0.7348148972511291,-0.7532999515533447,nan,0.0,nan,0.0,nan,0.0,0.8021000027656555,0.5512660264205933,nan,0.0,nan,0.0,60000,1,False,,,34,-0.7348148972511291,bfed95f56a124f1b96411aa089b61aa5,2019-05-30_14-12-23,1559250743,7.266360521316528,262.53128004074097,7688,steropes,169.229.49.254,"{'starting_lr': 0.005, 'momentum': 0.95, 'weight_decay': 0.001, 'steps_per_iteration': None, 'pin': False, 'model_creator': None, 'target_batch_size': 1024, 'model_string': 'resnet18', 'min_batch_size': 512, 'dataset': 'CIFAR', 'placement': None, 'use_nccl': True, 'devices_per_worker': 1, 'primary_resource': 'extra_gpu', 'gpu': False, 'verbose': False, 'lr_config': {'mode': 'log', 'steps': 5, 'initial_lr': 0.005, 'target_lr': 0.005}, 'batch_per_device': 1024}",262.53128004074097,0,34,8313.587845995307,1
0.00763390064239502,0.11800739765167237,0.004694843292236328,0.04463957767097317,0.021561098098754884,nan,0.0,0.04157891273498535,0.7544999718666077,0.7326605485916138,-0.7544999718666077,nan,0.0,nan,0.0,nan,0.0,0.812559962272644,0.5266205195808411,nan,0.0,nan,0.0,60000,1,False,,,35,-0.7326605485916138,bfed95f56a124f1b96411aa089b61aa5,2019-05-30_14-12-31,1559250751,7.194699287414551,269.7259793281555,7688,steropes,169.229.49.254,"{'starting_lr': 0.005, 'momentum': 0.95, 'weight_decay': 0.001, 'steps_per_iteration': None, 'pin': False, 'model_creator': None, 'target_batch_size': 1024, 'model_string': 'resnet18', 'min_batch_size': 512, 'dataset': 'CIFAR', 'placement': None, 'use_nccl': True, 'devices_per_worker': 1, 'primary_resource': 'extra_gpu', 'gpu': False, 'verbose': False, 'lr_config': {'mode': 'log', 'steps': 5, 'initial_lr': 0.005, 'target_lr': 0.005}, 'batch_per_device': 1024}",269.7259793281555,0,35,8323.701440904118,1
0.007315540313720703,0.11475164890289306,0.004260993003845215,0.04533157543260224,0.020850706100463866,nan,0.0,0.04181523323059082,0.7543999552726746,0.7370519772529602,-0.7543999552726746,nan,0.0,nan,0.0,nan,0.0,0.812720000743866,0.5265158432960511,nan,0.0,nan,0.0,60000,1,False,,,36,-0.7370519772529602,bfed95f56a124f1b96411aa089b61aa5,2019-05-30_14-12-38,1559250758,7.196100950241089,276.9220802783966,7688,steropes,169.229.49.254,"{'starting_lr': 0.005, 'momentum': 0.95, 'weight_decay': 0.001, 'steps_per_iteration': None, 'pin': False, 'model_creator': None, 'target_batch_size': 1024, 'model_string': 'resnet18', 'min_batch_size': 512, 'dataset': 'CIFAR', 'placement': None, 'use_nccl': True, 'devices_per_worker': 1, 'primary_resource': 'extra_gpu', 'gpu': False, 'verbose': False, 'lr_config': {'mode': 'log', 'steps': 5, 'initial_lr': 0.005, 'target_lr': 0.005}, 'batch_per_device': 1024}",276.9220802783966,0,36,8322.200336637772,1
0.007187867164611816,0.11455209255218506,0.004437017440795899,0.04394417392964266,0.020777010917663576,nan,0.0,0.04243178367614746,0.7529000043869019,0.7412306519508362,-0.7529000043869019,nan,0.0,nan,0.0,nan,0.0,0.8169399499893188,0.5143097059822083,nan,0.0,nan,0.0,60000,1,False,,,37,-0.7412306519508362,bfed95f56a124f1b96411aa089b61aa5,2019-05-30_14-12-45,1559250765,7.135060787200928,284.05714106559753,7688,steropes,169.229.49.254,"{'starting_lr': 0.005, 'momentum': 0.95, 'weight_decay': 0.001, 'steps_per_iteration': None, 'pin': False, 'model_creator': None, 'target_batch_size': 1024, 'model_string': 'resnet18', 'min_batch_size': 512, 'dataset': 'CIFAR', 'placement': None, 'use_nccl': True, 'devices_per_worker': 1, 'primary_resource': 'extra_gpu', 'gpu': False, 'verbose': False, 'lr_config': {'mode': 'log', 'steps': 5, 'initial_lr': 0.005, 'target_lr': 0.005}, 'batch_per_device': 1024}",284.05714106559753,0,37,8333.006900311739,1
0.007117152214050293,0.1145629644393921,0.004714417457580567,0.043929820158043684,0.020157408714294434,nan,0.0,0.04185957908630371,0.7540000081062317,0.7403279044151306,-0.7540000081062317,nan,0.0,nan,0.0,nan,0.0,0.818399965763092,0.5099041193008423,nan,0.0,nan,0.0,60000,1,False,,,38,-0.7403279044151306,bfed95f56a124f1b96411aa089b61aa5,2019-05-30_14-12-52,1559250772,7.125888347625732,291.18302941322327,7688,steropes,169.229.49.254,"{'starting_lr': 0.005, 'momentum': 0.95, 'weight_decay': 0.001, 'steps_per_iteration': None, 'pin': False, 'model_creator': None, 'target_batch_size': 1024, 'model_string': 'resnet18', 'min_batch_size': 512, 'dataset': 'CIFAR', 'placement': None, 'use_nccl': True, 'devices_per_worker': 1, 'primary_resource': 'extra_gpu', 'gpu': False, 'verbose': False, 'lr_config': {'mode': 'log', 'steps': 5, 'initial_lr': 0.005, 'target_lr': 0.005}, 'batch_per_device': 1024}",291.18302941322327,0,38,8352.240729098961,1
0.007179737091064453,0.12854135036468506,0.004255104064941406,0.0449249403817313,0.020344233512878417,nan,0.0,0.04136025905609131,0.7511999607086182,0.7516203901290893,-0.7511999607086182,nan,0.0,nan,0.0,nan,0.0,0.821179986000061,0.5008670247650147,nan,0.0,nan,0.0,60000,1,False,,,39,-0.7516203901290893,bfed95f56a124f1b96411aa089b61aa5,2019-05-30_14-12-59,1559250779,7.276040315628052,298.4590697288513,7688,steropes,169.229.49.254,"{'starting_lr': 0.005, 'momentum': 0.95, 'weight_decay': 0.001, 'steps_per_iteration': None, 'pin': False, 'model_creator': None, 'target_batch_size': 1024, 'model_string': 'resnet18', 'min_batch_size': 512, 'dataset': 'CIFAR', 'placement': None, 'use_nccl': True, 'devices_per_worker': 1, 'primary_resource': 'extra_gpu', 'gpu': False, 'verbose': False, 'lr_config': {'mode': 'log', 'steps': 5, 'initial_lr': 0.005, 'target_lr': 0.005}, 'batch_per_device': 1024}",298.4590697288513,0,39,8349.989022438256,1
0.007312250137329101,0.11733651161193848,0.0041723489761352536,0.0435805758651422,0.02031071186065674,nan,0.0,0.042592740058898924,0.7556999921798706,0.7480553161621094,-0.7556999921798706,nan,0.0,nan,0.0,nan,0.0,0.8288999795913696,0.48085241844177246,nan,0.0,nan,0.0,60000,1,False,,,40,-0.7480553161621094,bfed95f56a124f1b96411aa089b61aa5,2019-05-30_14-13-06,1559250786,7.117156028747559,305.5762257575989,7688,steropes,169.229.49.254,"{'starting_lr': 0.005, 'momentum': 0.95, 'weight_decay': 0.001, 'steps_per_iteration': None, 'pin': False, 'model_creator': None, 'target_batch_size': 1024, 'model_string': 'resnet18', 'min_batch_size': 512, 'dataset': 'CIFAR', 'placement': None, 'use_nccl': True, 'devices_per_worker': 1, 'primary_resource': 'extra_gpu', 'gpu': False, 'verbose': False, 'lr_config': {'mode': 'log', 'steps': 5, 'initial_lr': 0.005, 'target_lr': 0.005}, 'batch_per_device': 1024}",305.5762257575989,0,40,8368.047651134179,1
0.007690334320068359,0.11824965476989746,0.0045491218566894535,0.04758765746136101,0.021027135848999023,nan,0.0,0.04165580272674561,0.755899965763092,0.751570876121521,-0.755899965763092,nan,0.0,nan,0.0,nan,0.0,0.8294199705123901,0.47802257831573486,nan,0.0,nan,0.0,60000,1,False,,,41,-0.751570876121521,bfed95f56a124f1b96411aa089b61aa5,2019-05-30_14-13-14,1559250794,7.30524206161499,312.88146781921387,7688,steropes,169.229.49.254,"{'starting_lr': 0.005, 'momentum': 0.95, 'weight_decay': 0.001, 'steps_per_iteration': None, 'pin': False, 'model_creator': None, 'target_batch_size': 1024, 'model_string': 'resnet18', 'min_batch_size': 512, 'dataset': 'CIFAR', 'placement': None, 'use_nccl': True, 'devices_per_worker': 1, 'primary_resource': 'extra_gpu', 'gpu': False, 'verbose': False, 'lr_config': {'mode': 'log', 'steps': 5, 'initial_lr': 0.005, 'target_lr': 0.005}, 'batch_per_device': 1024}",312.88146781921387,0,41,8342.651060573315,1
0.007621264457702637,0.11775662899017333,0.004595518112182617,0.04593992233276367,0.020583462715148926,nan,0.0,0.042136430740356445,0.7637999653816223,0.7293743772506713,-0.7637999653816223,nan,0.0,nan,0.0,nan,0.0,0.8303399682044983,0.4748323474884033,nan,0.0,nan,0.0,60000,1,False,,,42,-0.7293743772506713,bfed95f56a124f1b96411aa089b61aa5,2019-05-30_14-13-21,1559250801,7.2602150440216064,320.1416828632355,7688,steropes,169.229.49.254,"{'starting_lr': 0.005, 'momentum': 0.95, 'weight_decay': 0.001, 'steps_per_iteration': None, 'pin': False, 'model_creator': None, 'target_batch_size': 1024, 'model_string': 'resnet18', 'min_batch_size': 512, 'dataset': 'CIFAR', 'placement': None, 'use_nccl': True, 'devices_per_worker': 1, 'primary_resource': 'extra_gpu', 'gpu': False, 'verbose': False, 'lr_config': {'mode': 'log', 'steps': 5, 'initial_lr': 0.005, 'target_lr': 0.005}, 'batch_per_device': 1024}",320.1416828632355,0,42,8313.71659982457,1
0.008458614349365234,0.11550099849700927,0.004532837867736816,0.044176826671678195,0.021100592613220216,nan,0.0,0.04342706203460693,0.7638999819755554,0.729007500743866,-0.7638999819755554,nan,0.0,nan,0.0,nan,0.0,0.8351399898529053,0.4645294197273254,nan,0.0,nan,0.0,60000,1,False,,,43,-0.729007500743866,bfed95f56a124f1b96411aa089b61aa5,2019-05-30_14-13-28,1559250808,7.19553804397583,327.3372209072113,7688,steropes,169.229.49.254,"{'starting_lr': 0.005, 'momentum': 0.95, 'weight_decay': 0.001, 'steps_per_iteration': None, 'pin': False, 'model_creator': None, 'target_batch_size': 1024, 'model_string': 'resnet18', 'min_batch_size': 512, 'dataset': 'CIFAR', 'placement': None, 'use_nccl': True, 'devices_per_worker': 1, 'primary_resource': 'extra_gpu', 'gpu': False, 'verbose': False, 'lr_config': {'mode': 'log', 'steps': 5, 'initial_lr': 0.005, 'target_lr': 0.005}, 'batch_per_device': 1024}",327.3372209072113,0,43,8297.70421631701,1
0.007103371620178223,0.1158139705657959,0.004051661491394043,0.044816737272301496,0.020162677764892577,nan,0.0,0.04127657413482666,0.7601999640464783,0.7468319407463073,-0.7601999640464783,nan,0.0,nan,0.0,nan,0.0,0.8360999822616577,0.458383870973587,nan,0.0,nan,0.0,60000,1,False,,,44,-0.7468319407463073,bfed95f56a124f1b96411aa089b61aa5,2019-05-30_14-13-35,1559250815,7.15810751914978,334.4953284263611,7688,steropes,169.229.49.254,"{'starting_lr': 0.005, 'momentum': 0.95, 'weight_decay': 0.001, 'steps_per_iteration': None, 'pin': False, 'model_creator': None, 'target_batch_size': 1024, 'model_string': 'resnet18', 'min_batch_size': 512, 'dataset': 'CIFAR', 'placement': None, 'use_nccl': True, 'devices_per_worker': 1, 'primary_resource': 'extra_gpu', 'gpu': False, 'verbose': False, 'lr_config': {'mode': 'log', 'steps': 5, 'initial_lr': 0.005, 'target_lr': 0.005}, 'batch_per_device': 1024}",334.4953284263611,0,44,8324.859555468049,1
0.007158637046813965,0.117724609375,0.004290437698364258,0.04556645665849958,0.020048046112060548,nan,0.0,0.04224228858947754,0.7676999568939209,0.7297155527114868,-0.7676999568939209,nan,0.0,nan,0.0,nan,0.0,0.8361799716949463,0.45689705214500426,nan,0.0,nan,0.0,60000,1,False,,,45,-0.7297155527114868,bfed95f56a124f1b96411aa089b61aa5,2019-05-30_14-13-43,1559250823,7.211299419403076,341.70662784576416,7688,steropes,169.229.49.254,"{'starting_lr': 0.005, 'momentum': 0.95, 'weight_decay': 0.001, 'steps_per_iteration': None, 'pin': False, 'model_creator': None, 'target_batch_size': 1024, 'model_string': 'resnet18', 'min_batch_size': 512, 'dataset': 'CIFAR', 'placement': None, 'use_nccl': True, 'devices_per_worker': 1, 'primary_resource': 'extra_gpu', 'gpu': False, 'verbose': False, 'lr_config': {'mode': 'log', 'steps': 5, 'initial_lr': 0.005, 'target_lr': 0.005}, 'batch_per_device': 1024}",341.70662784576416,0,45,8303.167739705017,1
0.007102847099304199,0.11439261436462403,0.004233407974243164,0.04772065610301738,0.019930148124694826,nan,0.0,0.041610002517700195,0.7675999999046326,0.7305596961975097,-0.7675999999046326,nan,0.0,nan,0.0,nan,0.0,0.8424399495124817,0.4414257048034668,nan,0.0,nan,0.0,60000,1,False,,,46,-0.7305596961975097,bfed95f56a124f1b96411aa089b61aa5,2019-05-30_14-13-50,1559250830,7.268077850341797,348.97470569610596,7688,steropes,169.229.49.254,"{'starting_lr': 0.005, 'momentum': 0.95, 'weight_decay': 0.001, 'steps_per_iteration': None, 'pin': False, 'model_creator': None, 'target_batch_size': 1024, 'model_string': 'resnet18', 'min_batch_size': 512, 'dataset': 'CIFAR', 'placement': None, 'use_nccl': True, 'devices_per_worker': 1, 'primary_resource': 'extra_gpu', 'gpu': False, 'verbose': False, 'lr_config': {'mode': 'log', 'steps': 5, 'initial_lr': 0.005, 'target_lr': 0.005}, 'batch_per_device': 1024}",348.97470569610596,0,46,8311.713951542943,1
0.007135510444641113,0.11777503490447998,0.0044193267822265625,0.04354660851614816,0.020234036445617675,nan,0.0,0.04161932468414307,0.7608000040054321,0.7392287236213684,-0.7608000040054321,nan,0.0,nan,0.0,nan,0.0,0.8435999751091003,0.4357874621677399,nan,0.0,nan,0.0,60000,1,False,,,47,-0.7392287236213684,bfed95f56a124f1b96411aa089b61aa5,2019-05-30_14-13-57,1559250837,7.143348693847656,356.1180543899536,7688,steropes,169.229.49.254,"{'starting_lr': 0.005, 'momentum': 0.95, 'weight_decay': 0.001, 'steps_per_iteration': None, 'pin': False, 'model_creator': None, 'target_batch_size': 1024, 'model_string': 'resnet18', 'min_batch_size': 512, 'dataset': 'CIFAR', 'placement': None, 'use_nccl': True, 'devices_per_worker': 1, 'primary_resource': 'extra_gpu', 'gpu': False, 'verbose': False, 'lr_config': {'mode': 'log', 'steps': 5, 'initial_lr': 0.005, 'target_lr': 0.005}, 'batch_per_device': 1024}",356.1180543899536,0,47,8338.7117063541,1
0.007866358757019043,0.11790058612823487,0.0048341512680053714,0.046575531667592575,0.020821022987365722,nan,0.0,0.041646361351013184,0.7609999775886536,0.7533859580993653,-0.7609999775886536,nan,0.0,nan,0.0,nan,0.0,0.8516599535942078,0.4140344765377045,nan,0.0,nan,0.0,60000,1,False,,,48,-0.7533859580993653,bfed95f56a124f1b96411aa089b61aa5,2019-05-30_14-14-04,1559250844,7.306812763214111,363.4248671531677,7688,steropes,169.229.49.254,"{'starting_lr': 0.005, 'momentum': 0.95, 'weight_decay': 0.001, 'steps_per_iteration': None, 'pin': False, 'model_creator': None, 'target_batch_size': 1024, 'model_string': 'resnet18', 'min_batch_size': 512, 'dataset': 'CIFAR', 'placement': None, 'use_nccl': True, 'devices_per_worker': 1, 'primary_resource': 'extra_gpu', 'gpu': False, 'verbose': False, 'lr_config': {'mode': 'log', 'steps': 5, 'initial_lr': 0.005, 'target_lr': 0.005}, 'batch_per_device': 1024}",363.4248671531677,0,48,8312.996914880785,1
0.0073277950286865234,0.11776454448699951,0.004376626014709473,0.045279434749058316,0.020334768295288085,nan,0.0,0.04138343334197998,0.7742999792098999,0.7085961624145508,-0.7742999792098999,nan,0.0,nan,0.0,nan,0.0,0.8546800017356873,0.40930585490226745,nan,0.0,nan,0.0,60000,1,False,,,49,-0.7085961624145508,bfed95f56a124f1b96411aa089b61aa5,2019-05-30_14-14-12,1559250852,7.227885723114014,370.65275287628174,7688,steropes,169.229.49.254,"{'starting_lr': 0.005, 'momentum': 0.95, 'weight_decay': 0.001, 'steps_per_iteration': None, 'pin': False, 'model_creator': None, 'target_batch_size': 1024, 'model_string': 'resnet18', 'min_batch_size': 512, 'dataset': 'CIFAR', 'placement': None, 'use_nccl': True, 'devices_per_worker': 1, 'primary_resource': 'extra_gpu', 'gpu': False, 'verbose': False, 'lr_config': {'mode': 'log', 'steps': 5, 'initial_lr': 0.005, 'target_lr': 0.005}, 'batch_per_device': 1024}",370.65275287628174,0,49,8296.951685357873,1
0.007358813285827636,0.11848592758178711,0.004501938819885254,0.04327503515749562,0.0205324649810791,nan,0.0,0.04202456474304199,0.7705000042915344,0.7280597485542297,-0.7705000042915344,nan,0.0,nan,0.0,nan,0.0,0.8573399782180786,0.400061558303833,nan,0.0,nan,0.0,60000,1,False,,,50,-0.7280597485542297,bfed95f56a124f1b96411aa089b61aa5,2019-05-30_14-14-19,1559250859,7.119492530822754,377.7722454071045,7688,steropes,169.229.49.254,"{'starting_lr': 0.005, 'momentum': 0.95, 'weight_decay': 0.001, 'steps_per_iteration': None, 'pin': False, 'model_creator': None, 'target_batch_size': 1024, 'model_string': 'resnet18', 'min_batch_size': 512, 'dataset': 'CIFAR', 'placement': None, 'use_nccl': True, 'devices_per_worker': 1, 'primary_resource': 'extra_gpu', 'gpu': False, 'verbose': False, 'lr_config': {'mode': 'log', 'steps': 5, 'initial_lr': 0.005, 'target_lr': 0.005}, 'batch_per_device': 1024}",377.7722454071045,0,50,8318.07262953137,1
