{"apply": 0.0074994564056396484, "batch_time": 0.17300567626953126, "d2h": 0.004435396194458008, "data_time": 0.040030834626178353, "fwd": 0.10885846614837646, "get_state_time_mean": NaN, "get_state_time_total": 0.0, "grad": 0.18076729774475098, "mean_accuracy": 0.38429999351501465, "mean_loss": 1.6750504020690917, "neg_mean_accuracy": -0.38429999351501465, "set_state_time_mean": NaN, "set_state_time_total": 0.0, "setup_model_time_mean": 9.644858837127686, "setup_model_time_total": 9.644858837127686, "setup_proc_time_mean": 5.52875018119812, "setup_proc_time_total": 5.52875018119812, "train_accuracy": 0.2687000036239624, "train_loss": 2.5243254931259154, "training_time_mean": NaN, "training_time_total": 0.0, "validation_time_mean": NaN, "validation_time_total": 0.0, "samples": 60000, "num_workers": 1, "done": false, "timesteps_total": null, "episodes_total": null, "training_iteration": 1, "neg_mean_loss": -1.6750504020690917, "experiment_id": "bfed95f56a124f1b96411aa089b61aa5", "date": "2019-05-30_14-08-13", "timestamp": 1559250493, "time_this_iter_s": 11.867833375930786, "time_total_s": 11.867833375930786, "pid": 7688, "hostname": "steropes", "node_ip": "169.229.49.254", "config": {"starting_lr": 0.005, "momentum": 0.95, "weight_decay": 0.001, "steps_per_iteration": null, "pin": false, "model_creator": null, "target_batch_size": 1024, "model_string": "resnet18", "min_batch_size": 512, "dataset": "CIFAR", "placement": null, "use_nccl": true, "devices_per_worker": 1, "primary_resource": "extra_gpu", "gpu": false, "verbose": false, "lr_config": {"mode": "log", "steps": 5, "initial_lr": 0.005, "target_lr": 0.005}, "batch_per_device": 1024}, "time_since_restore": 11.867833375930786, "timesteps_since_restore": 0, "iterations_since_restore": 1, "mean_throughput": 5055.649396237816, "atoms": 1}
{"apply": 0.00740208625793457, "batch_time": 0.11580877304077149, "d2h": 0.005299520492553711, "data_time": 0.045666071833396445, "fwd": 0.0209674596786499, "get_state_time_mean": NaN, "get_state_time_total": 0.0, "grad": 0.042400789260864255, "mean_accuracy": 0.48420000076293945, "mean_loss": 1.4085880025863649, "neg_mean_accuracy": -0.48420000076293945, "set_state_time_mean": NaN, "set_state_time_total": 0.0, "setup_model_time_mean": NaN, "setup_model_time_total": 0.0, "setup_proc_time_mean": NaN, "setup_proc_time_total": 0.0, "train_accuracy": 0.42093998193740845, "train_loss": 1.5729319047927857, "training_time_mean": NaN, "training_time_total": 0.0, "validation_time_mean": NaN, "validation_time_total": 0.0, "samples": 60000, "num_workers": 1, "done": false, "timesteps_total": null, "episodes_total": null, "training_iteration": 2, "neg_mean_loss": -1.4085880025863649, "experiment_id": "bfed95f56a124f1b96411aa089b61aa5", "date": "2019-05-30_14-08-20", "timestamp": 1559250500, "time_this_iter_s": 7.732038497924805, "time_total_s": 19.59987187385559, "pid": 7688, "hostname": "steropes", "node_ip": "169.229.49.254", "config": {"starting_lr": 0.005, "momentum": 0.95, "weight_decay": 0.001, "steps_per_iteration": null, "pin": false, "model_creator": null, "target_batch_size": 1024, "model_string": "resnet18", "min_batch_size": 512, "dataset": "CIFAR", "placement": null, "use_nccl": true, "devices_per_worker": 1, "primary_resource": "extra_gpu", "gpu": false, "verbose": false, "lr_config": {"mode": "log", "steps": 5, "initial_lr": 0.005, "target_lr": 0.005}, "batch_per_device": 1024}, "time_since_restore": 19.59987187385559, "timesteps_since_restore": 0, "iterations_since_restore": 2, "mean_throughput": 6122.4358273748585, "atoms": 1}
{"apply": 0.008019757270812989, "batch_time": 0.12911083698272705, "d2h": 0.007556462287902832, "data_time": 0.04560702187674386, "fwd": 0.028933215141296386, "get_state_time_mean": NaN, "get_state_time_total": 0.0, "grad": 0.05215585231781006, "mean_accuracy": 0.5123000144958496, "mean_loss": 1.3408695554733276, "neg_mean_accuracy": -0.5123000144958496, "set_state_time_mean": NaN, "set_state_time_total": 0.0, "setup_model_time_mean": NaN, "setup_model_time_total": 0.0, "setup_proc_time_mean": NaN, "setup_proc_time_total": 0.0, "train_accuracy": 0.48085999488830566, "train_loss": 1.420835185508728, "training_time_mean": NaN, "training_time_total": 0.0, "validation_time_mean": NaN, "validation_time_total": 0.0, "samples": 60000, "num_workers": 1, "done": false, "timesteps_total": null, "episodes_total": null, "training_iteration": 3, "neg_mean_loss": -1.3408695554733276, "experiment_id": "bfed95f56a124f1b96411aa089b61aa5", "date": "2019-05-30_14-08-28", "timestamp": 1559250508, "time_this_iter_s": 8.191459655761719, "time_total_s": 27.79133152961731, "pid": 7688, "hostname": "steropes", "node_ip": "169.229.49.254", "config": {"starting_lr": 0.005, "momentum": 0.95, "weight_decay": 0.001, "steps_per_iteration": null, "pin": false, "model_creator": null, "target_batch_size": 1024, "model_string": "resnet18", "min_batch_size": 512, "dataset": "CIFAR", "placement": null, "use_nccl": true, "devices_per_worker": 1, "primary_resource": "extra_gpu", "gpu": false, "verbose": false, "lr_config": {"mode": "log", "steps": 5, "initial_lr": 0.005, "target_lr": 0.005}, "batch_per_device": 1024}, "time_since_restore": 27.79133152961731, "timesteps_since_restore": 0, "iterations_since_restore": 3, "mean_throughput": 6476.780269793611, "atoms": 1}
{"apply": 0.00805675983428955, "batch_time": 0.1213181734085083, "d2h": 0.006235575675964356, "data_time": 0.04606639122476383, "fwd": 0.02554504871368408, "get_state_time_mean": NaN, "get_state_time_total": 0.0, "grad": 0.046164536476135255, "mean_accuracy": 0.5476999878883362, "mean_loss": 1.2616781831741333, "neg_mean_accuracy": -0.5476999878883362, "set_state_time_mean": NaN, "set_state_time_total": 0.0, "setup_model_time_mean": NaN, "setup_model_time_total": 0.0, "setup_proc_time_mean": NaN, "setup_proc_time_total": 0.0, "train_accuracy": 0.5186600089073181, "train_loss": 1.3255880574417114, "training_time_mean": NaN, "training_time_total": 0.0, "validation_time_mean": NaN, "validation_time_total": 0.0, "samples": 60000, "num_workers": 1, "done": false, "timesteps_total": null, "episodes_total": null, "training_iteration": 4, "neg_mean_loss": -1.2616781831741333, "experiment_id": "bfed95f56a124f1b96411aa089b61aa5", "date": "2019-05-30_14-08-37", "timestamp": 1559250517, "time_this_iter_s": 8.413319110870361, "time_total_s": 36.20465064048767, "pid": 7688, "hostname": "steropes", "node_ip": "169.229.49.254", "config": {"starting_lr": 0.005, "momentum": 0.95, "weight_decay": 0.001, "steps_per_iteration": null, "pin": false, "model_creator": null, "target_batch_size": 1024, "model_string": "resnet18", "min_batch_size": 512, "dataset": "CIFAR", "placement": null, "use_nccl": true, "devices_per_worker": 1, "primary_resource": "extra_gpu", "gpu": false, "verbose": false, "lr_config": {"mode": "log", "steps": 5, "initial_lr": 0.005, "target_lr": 0.005}, "batch_per_device": 1024}, "time_since_restore": 36.20465064048767, "timesteps_since_restore": 0, "iterations_since_restore": 4, "mean_throughput": 6628.920854264358, "atoms": 1}
{"apply": 0.007933259010314941, "batch_time": 0.12820672988891602, "d2h": 0.005636382102966309, "data_time": 0.04408716182319485, "fwd": 0.02896089553833008, "get_state_time_mean": NaN, "get_state_time_total": 0.0, "grad": 0.059270620346069336, "mean_accuracy": 0.5819000005722046, "mean_loss": 1.168464777946472, "neg_mean_accuracy": -0.5819000005722046, "set_state_time_mean": NaN, "set_state_time_total": 0.0, "setup_model_time_mean": NaN, "setup_model_time_total": 0.0, "setup_proc_time_mean": NaN, "setup_proc_time_total": 0.0, "train_accuracy": 0.5500199794769287, "train_loss": 1.248810484199524, "training_time_mean": NaN, "training_time_total": 0.0, "validation_time_mean": NaN, "validation_time_total": 0.0, "samples": 60000, "num_workers": 1, "done": false, "timesteps_total": null, "episodes_total": null, "training_iteration": 5, "neg_mean_loss": -1.168464777946472, "experiment_id": "bfed95f56a124f1b96411aa089b61aa5", "date": "2019-05-30_14-08-45", "timestamp": 1559250525, "time_this_iter_s": 8.483240365982056, "time_total_s": 44.68789100646973, "pid": 7688, "hostname": "steropes", "node_ip": "169.229.49.254", "config": {"starting_lr": 0.005, "momentum": 0.95, "weight_decay": 0.001, "steps_per_iteration": null, "pin": false, "model_creator": null, "target_batch_size": 1024, "model_string": "resnet18", "min_batch_size": 512, "dataset": "CIFAR", "placement": null, "use_nccl": true, "devices_per_worker": 1, "primary_resource": "extra_gpu", "gpu": false, "verbose": false, "lr_config": {"mode": "log", "steps": 5, "initial_lr": 0.005, "target_lr": 0.005}, "batch_per_device": 1024}, "time_since_restore": 44.68789100646973, "timesteps_since_restore": 0, "iterations_since_restore": 5, "mean_throughput": 6713.164901873015, "atoms": 1}
{"apply": 0.007669973373413086, "batch_time": 0.1213956594467163, "d2h": 0.004833698272705078, "data_time": 0.0440091356939199, "fwd": 0.028431105613708495, "get_state_time_mean": NaN, "get_state_time_total": 0.0, "grad": 0.052189421653747556, "mean_accuracy": 0.6082000136375427, "mean_loss": 1.1055050189971924, "neg_mean_accuracy": -0.6082000136375427, "set_state_time_mean": NaN, "set_state_time_total": 0.0, "setup_model_time_mean": NaN, "setup_model_time_total": 0.0, "setup_proc_time_mean": NaN, "setup_proc_time_total": 0.0, "train_accuracy": 0.5770999789237976, "train_loss": 1.170354086151123, "training_time_mean": NaN, "training_time_total": 0.0, "validation_time_mean": NaN, "validation_time_total": 0.0, "samples": 60000, "num_workers": 1, "done": false, "timesteps_total": null, "episodes_total": null, "training_iteration": 6, "neg_mean_loss": -1.1055050189971924, "experiment_id": "bfed95f56a124f1b96411aa089b61aa5", "date": "2019-05-30_14-08-54", "timestamp": 1559250534, "time_this_iter_s": 8.58097243309021, "time_total_s": 53.26886343955994, "pid": 7688, "hostname": "steropes", "node_ip": "169.229.49.254", "config": {"starting_lr": 0.005, "momentum": 0.95, "weight_decay": 0.001, "steps_per_iteration": null, "pin": false, "model_creator": null, "target_batch_size": 1024, "model_string": "resnet18", "min_batch_size": 512, "dataset": "CIFAR", "placement": null, "use_nccl": true, "devices_per_worker": 1, "primary_resource": "extra_gpu", "gpu": false, "verbose": false, "lr_config": {"mode": "log", "steps": 5, "initial_lr": 0.005, "target_lr": 0.005}, "batch_per_device": 1024}, "time_since_restore": 53.26886343955994, "timesteps_since_restore": 0, "iterations_since_restore": 6, "mean_throughput": 7246.122577471486, "atoms": 1}
{"apply": 0.007630586624145508, "batch_time": 0.12072875499725341, "d2h": 0.005293846130371094, "data_time": 0.034205894080960024, "fwd": 0.026487898826599122, "get_state_time_mean": NaN, "get_state_time_total": 0.0, "grad": 0.05179622173309326, "mean_accuracy": 0.613099992275238, "mean_loss": 1.0916376314163208, "neg_mean_accuracy": -0.613099992275238, "set_state_time_mean": NaN, "set_state_time_total": 0.0, "setup_model_time_mean": NaN, "setup_model_time_total": 0.0, "setup_proc_time_mean": NaN, "setup_proc_time_total": 0.0, "train_accuracy": 0.6019399762153625, "train_loss": 1.104679290008545, "training_time_mean": NaN, "training_time_total": 0.0, "validation_time_mean": NaN, "validation_time_total": 0.0, "samples": 60000, "num_workers": 1, "done": false, "timesteps_total": null, "episodes_total": null, "training_iteration": 7, "neg_mean_loss": -1.0916376314163208, "experiment_id": "bfed95f56a124f1b96411aa089b61aa5", "date": "2019-05-30_14-09-02", "timestamp": 1559250542, "time_this_iter_s": 8.309006929397583, "time_total_s": 61.57787036895752, "pid": 7688, "hostname": "steropes", "node_ip": "169.229.49.254", "config": {"starting_lr": 0.005, "momentum": 0.95, "weight_decay": 0.001, "steps_per_iteration": null, "pin": false, "model_creator": null, "target_batch_size": 1024, "model_string": "resnet18", "min_batch_size": 512, "dataset": "CIFAR", "placement": null, "use_nccl": true, "devices_per_worker": 1, "primary_resource": "extra_gpu", "gpu": false, "verbose": false, "lr_config": {"mode": "log", "steps": 5, "initial_lr": 0.005, "target_lr": 0.005}, "batch_per_device": 1024}, "time_since_restore": 61.57787036895752, "timesteps_since_restore": 0, "iterations_since_restore": 7, "mean_throughput": 7146.519677656142, "atoms": 1}
{"apply": 0.007842445373535156, "batch_time": 0.12093169689178467, "d2h": 0.005519294738769531, "data_time": 0.0419169688711361, "fwd": 0.02838101387023926, "get_state_time_mean": NaN, "get_state_time_total": 0.0, "grad": 0.05088469982147217, "mean_accuracy": 0.6263999938964844, "mean_loss": 1.0660203704833984, "neg_mean_accuracy": -0.6263999938964844, "set_state_time_mean": NaN, "set_state_time_total": 0.0, "setup_model_time_mean": NaN, "setup_model_time_total": 0.0, "setup_proc_time_mean": NaN, "setup_proc_time_total": 0.0, "train_accuracy": 0.6222400069236755, "train_loss": 1.0536388218307495, "training_time_mean": NaN, "training_time_total": 0.0, "validation_time_mean": NaN, "validation_time_total": 0.0, "samples": 60000, "num_workers": 1, "done": false, "timesteps_total": null, "episodes_total": null, "training_iteration": 8, "neg_mean_loss": -1.0660203704833984, "experiment_id": "bfed95f56a124f1b96411aa089b61aa5", "date": "2019-05-30_14-09-11", "timestamp": 1559250551, "time_this_iter_s": 8.293212890625, "time_total_s": 69.87108325958252, "pid": 7688, "hostname": "steropes", "node_ip": "169.229.49.254", "config": {"starting_lr": 0.005, "momentum": 0.95, "weight_decay": 0.001, "steps_per_iteration": null, "pin": false, "model_creator": null, "target_batch_size": 1024, "model_string": "resnet18", "min_batch_size": 512, "dataset": "CIFAR", "placement": null, "use_nccl": true, "devices_per_worker": 1, "primary_resource": "extra_gpu", "gpu": false, "verbose": false, "lr_config": {"mode": "log", "steps": 5, "initial_lr": 0.005, "target_lr": 0.005}, "batch_per_device": 1024}, "time_since_restore": 69.87108325958252, "timesteps_since_restore": 0, "iterations_since_restore": 8, "mean_throughput": 7129.238357737212, "atoms": 1}
{"apply": 0.00765993595123291, "batch_time": 0.1240046501159668, "d2h": 0.004586505889892578, "data_time": 0.03237222165477519, "fwd": 0.024327564239501952, "get_state_time_mean": NaN, "get_state_time_total": 0.0, "grad": 0.05074007511138916, "mean_accuracy": 0.6507999897003174, "mean_loss": 0.994644091129303, "neg_mean_accuracy": -0.6507999897003174, "set_state_time_mean": NaN, "set_state_time_total": 0.0, "setup_model_time_mean": NaN, "setup_model_time_total": 0.0, "setup_proc_time_mean": NaN, "setup_proc_time_total": 0.0, "train_accuracy": 0.6386199593544006, "train_loss": 1.0103717865753175, "training_time_mean": NaN, "training_time_total": 0.0, "validation_time_mean": NaN, "validation_time_total": 0.0, "samples": 60000, "num_workers": 1, "done": false, "timesteps_total": null, "episodes_total": null, "training_iteration": 9, "neg_mean_loss": -0.994644091129303, "experiment_id": "bfed95f56a124f1b96411aa089b61aa5", "date": "2019-05-30_14-09-19", "timestamp": 1559250559, "time_this_iter_s": 7.965785026550293, "time_total_s": 77.83686828613281, "pid": 7688, "hostname": "steropes", "node_ip": "169.229.49.254", "config": {"starting_lr": 0.005, "momentum": 0.95, "weight_decay": 0.001, "steps_per_iteration": null, "pin": false, "model_creator": null, "target_batch_size": 1024, "model_string": "resnet18", "min_batch_size": 512, "dataset": "CIFAR", "placement": null, "use_nccl": true, "devices_per_worker": 1, "primary_resource": "extra_gpu", "gpu": false, "verbose": false, "lr_config": {"mode": "log", "steps": 5, "initial_lr": 0.005, "target_lr": 0.005}, "batch_per_device": 1024}, "time_since_restore": 77.83686828613281, "timesteps_since_restore": 0, "iterations_since_restore": 9, "mean_throughput": 7205.805981191793, "atoms": 1}
{"apply": 0.008650732040405274, "batch_time": 0.12774736881256105, "d2h": 0.005006742477416992, "data_time": 0.04258456035536163, "fwd": 0.02545638084411621, "get_state_time_mean": NaN, "get_state_time_total": 0.0, "grad": 0.05236508846282959, "mean_accuracy": 0.6520000100135803, "mean_loss": 0.9954108744621277, "neg_mean_accuracy": -0.6520000100135803, "set_state_time_mean": NaN, "set_state_time_total": 0.0, "setup_model_time_mean": NaN, "setup_model_time_total": 0.0, "setup_proc_time_mean": NaN, "setup_proc_time_total": 0.0, "train_accuracy": 0.6548199653625488, "train_loss": 0.9618633324432373, "training_time_mean": NaN, "training_time_total": 0.0, "validation_time_mean": NaN, "validation_time_total": 0.0, "samples": 60000, "num_workers": 1, "done": false, "timesteps_total": null, "episodes_total": null, "training_iteration": 10, "neg_mean_loss": -0.9954108744621277, "experiment_id": "bfed95f56a124f1b96411aa089b61aa5", "date": "2019-05-30_14-09-27", "timestamp": 1559250567, "time_this_iter_s": 8.294253826141357, "time_total_s": 86.13112211227417, "pid": 7688, "hostname": "steropes", "node_ip": "169.229.49.254", "config": {"starting_lr": 0.005, "momentum": 0.95, "weight_decay": 0.001, "steps_per_iteration": null, "pin": false, "model_creator": null, "target_batch_size": 1024, "model_string": "resnet18", "min_batch_size": 512, "dataset": "CIFAR", "placement": null, "use_nccl": true, "devices_per_worker": 1, "primary_resource": "extra_gpu", "gpu": false, "verbose": false, "lr_config": {"mode": "log", "steps": 5, "initial_lr": 0.005, "target_lr": 0.005}, "batch_per_device": 1024}, "time_since_restore": 86.13112211227417, "timesteps_since_restore": 0, "iterations_since_restore": 10, "mean_throughput": 7238.664576415503, "atoms": 1}
{"apply": 0.010143256187438965, "batch_time": 0.12855045795440673, "d2h": 0.006468558311462402, "data_time": 0.04080312106074119, "fwd": 0.028847384452819824, "get_state_time_mean": NaN, "get_state_time_total": 0.0, "grad": 0.05324912071228027, "mean_accuracy": 0.668999969959259, "mean_loss": 0.9443960678100586, "neg_mean_accuracy": -0.668999969959259, "set_state_time_mean": NaN, "set_state_time_total": 0.0, "setup_model_time_mean": NaN, "setup_model_time_total": 0.0, "setup_proc_time_mean": NaN, "setup_proc_time_total": 0.0, "train_accuracy": 0.665179967880249, "train_loss": 0.9363762629699707, "training_time_mean": NaN, "training_time_total": 0.0, "validation_time_mean": NaN, "validation_time_total": 0.0, "samples": 60000, "num_workers": 1, "done": false, "timesteps_total": null, "episodes_total": null, "training_iteration": 11, "neg_mean_loss": -0.9443960678100586, "experiment_id": "bfed95f56a124f1b96411aa089b61aa5", "date": "2019-05-30_14-09-35", "timestamp": 1559250575, "time_this_iter_s": 8.041218042373657, "time_total_s": 94.17234015464783, "pid": 7688, "hostname": "steropes", "node_ip": "169.229.49.254", "config": {"starting_lr": 0.005, "momentum": 0.95, "weight_decay": 0.001, "steps_per_iteration": null, "pin": false, "model_creator": null, "target_batch_size": 1024, "model_string": "resnet18", "min_batch_size": 512, "dataset": "CIFAR", "placement": null, "use_nccl": true, "devices_per_worker": 1, "primary_resource": "extra_gpu", "gpu": false, "verbose": false, "lr_config": {"mode": "log", "steps": 5, "initial_lr": 0.005, "target_lr": 0.005}, "batch_per_device": 1024}, "time_since_restore": 94.17234015464783, "timesteps_since_restore": 0, "iterations_since_restore": 11, "mean_throughput": 7334.18233562275, "atoms": 1}
{"apply": 0.008581733703613282, "batch_time": 0.1335017204284668, "d2h": 0.005268096923828125, "data_time": 0.04606366157531738, "fwd": 0.03028445243835449, "get_state_time_mean": NaN, "get_state_time_total": 0.0, "grad": 0.04892611503601074, "mean_accuracy": 0.6815999746322632, "mean_loss": 0.9176326777458191, "neg_mean_accuracy": -0.6815999746322632, "set_state_time_mean": NaN, "set_state_time_total": 0.0, "setup_model_time_mean": NaN, "setup_model_time_total": 0.0, "setup_proc_time_mean": NaN, "setup_proc_time_total": 0.0, "train_accuracy": 0.6757999658584595, "train_loss": 0.9080070146560669, "training_time_mean": NaN, "training_time_total": 0.0, "validation_time_mean": NaN, "validation_time_total": 0.0, "samples": 60000, "num_workers": 1, "done": false, "timesteps_total": null, "episodes_total": null, "training_iteration": 12, "neg_mean_loss": -0.9176326777458191, "experiment_id": "bfed95f56a124f1b96411aa089b61aa5", "date": "2019-05-30_14-09-43", "timestamp": 1559250583, "time_this_iter_s": 8.457981824874878, "time_total_s": 102.6303219795227, "pid": 7688, "hostname": "steropes", "node_ip": "169.229.49.254", "config": {"starting_lr": 0.005, "momentum": 0.95, "weight_decay": 0.001, "steps_per_iteration": null, "pin": false, "model_creator": null, "target_batch_size": 1024, "model_string": "resnet18", "min_batch_size": 512, "dataset": "CIFAR", "placement": null, "use_nccl": true, "devices_per_worker": 1, "primary_resource": "extra_gpu", "gpu": false, "verbose": false, "lr_config": {"mode": "log", "steps": 5, "initial_lr": 0.005, "target_lr": 0.005}, "batch_per_device": 1024}, "time_since_restore": 102.6303219795227, "timesteps_since_restore": 0, "iterations_since_restore": 12, "mean_throughput": 7307.5801327674, "atoms": 1}
{"apply": 0.007675814628601074, "batch_time": 0.11757376194000244, "d2h": 0.00500178337097168, "data_time": 0.044889717685933014, "fwd": 0.020861077308654784, "get_state_time_mean": NaN, "get_state_time_total": 0.0, "grad": 0.04320218563079834, "mean_accuracy": 0.6758999824523926, "mean_loss": 0.9332165030479431, "neg_mean_accuracy": -0.6758999824523926, "set_state_time_mean": NaN, "set_state_time_total": 0.0, "setup_model_time_mean": NaN, "setup_model_time_total": 0.0, "setup_proc_time_mean": NaN, "setup_proc_time_total": 0.0, "train_accuracy": 0.68777996301651, "train_loss": 0.8795932157325744, "training_time_mean": NaN, "training_time_total": 0.0, "validation_time_mean": NaN, "validation_time_total": 0.0, "samples": 60000, "num_workers": 1, "done": false, "timesteps_total": null, "episodes_total": null, "training_iteration": 13, "neg_mean_loss": -0.9332165030479431, "experiment_id": "bfed95f56a124f1b96411aa089b61aa5", "date": "2019-05-30_14-09-51", "timestamp": 1559250591, "time_this_iter_s": 7.71213173866272, "time_total_s": 110.34245371818542, "pid": 7688, "hostname": "steropes", "node_ip": "169.229.49.254", "config": {"starting_lr": 0.005, "momentum": 0.95, "weight_decay": 0.001, "steps_per_iteration": null, "pin": false, "model_creator": null, "target_batch_size": 1024, "model_string": "resnet18", "min_batch_size": 512, "dataset": "CIFAR", "placement": null, "use_nccl": true, "devices_per_worker": 1, "primary_resource": "extra_gpu", "gpu": false, "verbose": false, "lr_config": {"mode": "log", "steps": 5, "initial_lr": 0.005, "target_lr": 0.005}, "batch_per_device": 1024}, "time_since_restore": 110.34245371818542, "timesteps_since_restore": 0, "iterations_since_restore": 13, "mean_throughput": 7412.499697942796, "atoms": 1}
{"apply": 0.007470917701721191, "batch_time": 0.11314027309417725, "d2h": 0.004649734497070313, "data_time": 0.04626223505759726, "fwd": 0.020561933517456055, "get_state_time_mean": NaN, "get_state_time_total": 0.0, "grad": 0.041937828063964844, "mean_accuracy": 0.6886000037193298, "mean_loss": 0.9084460389137268, "neg_mean_accuracy": -0.6886000037193298, "set_state_time_mean": NaN, "set_state_time_total": 0.0, "setup_model_time_mean": NaN, "setup_model_time_total": 0.0, "setup_proc_time_mean": NaN, "setup_proc_time_total": 0.0, "train_accuracy": 0.6976799964904785, "train_loss": 0.8479772512435914, "training_time_mean": NaN, "training_time_total": 0.0, "validation_time_mean": NaN, "validation_time_total": 0.0, "samples": 60000, "num_workers": 1, "done": false, "timesteps_total": null, "episodes_total": null, "training_iteration": 14, "neg_mean_loss": -0.9084460389137268, "experiment_id": "bfed95f56a124f1b96411aa089b61aa5", "date": "2019-05-30_14-09-58", "timestamp": 1559250598, "time_this_iter_s": 7.29593825340271, "time_total_s": 117.63839197158813, "pid": 7688, "hostname": "steropes", "node_ip": "169.229.49.254", "config": {"starting_lr": 0.005, "momentum": 0.95, "weight_decay": 0.001, "steps_per_iteration": null, "pin": false, "model_creator": null, "target_batch_size": 1024, "model_string": "resnet18", "min_batch_size": 512, "dataset": "CIFAR", "placement": null, "use_nccl": true, "devices_per_worker": 1, "primary_resource": "extra_gpu", "gpu": false, "verbose": false, "lr_config": {"mode": "log", "steps": 5, "initial_lr": 0.005, "target_lr": 0.005}, "batch_per_device": 1024}, "time_since_restore": 117.63839197158813, "timesteps_since_restore": 0, "iterations_since_restore": 14, "mean_throughput": 7537.322767597765, "atoms": 1}
{"apply": 0.008158588409423828, "batch_time": 0.11666066646575927, "d2h": 0.004811310768127441, "data_time": 0.047009390227648676, "fwd": 0.020766663551330566, "get_state_time_mean": NaN, "get_state_time_total": 0.0, "grad": 0.04185993671417236, "mean_accuracy": 0.7003999948501587, "mean_loss": 0.8633344491958618, "neg_mean_accuracy": -0.7003999948501587, "set_state_time_mean": NaN, "set_state_time_total": 0.0, "setup_model_time_mean": NaN, "setup_model_time_total": 0.0, "setup_proc_time_mean": NaN, "setup_proc_time_total": 0.0, "train_accuracy": 0.7033599615097046, "train_loss": 0.8303298818778991, "training_time_mean": NaN, "training_time_total": 0.0, "validation_time_mean": NaN, "validation_time_total": 0.0, "samples": 60000, "num_workers": 1, "done": false, "timesteps_total": null, "episodes_total": null, "training_iteration": 15, "neg_mean_loss": -0.8633344491958618, "experiment_id": "bfed95f56a124f1b96411aa089b61aa5", "date": "2019-05-30_14-10-06", "timestamp": 1559250606, "time_this_iter_s": 7.3635478019714355, "time_total_s": 125.00193977355957, "pid": 7688, "hostname": "steropes", "node_ip": "169.229.49.254", "config": {"starting_lr": 0.005, "momentum": 0.95, "weight_decay": 0.001, "steps_per_iteration": null, "pin": false, "model_creator": null, "target_batch_size": 1024, "model_string": "resnet18", "min_batch_size": 512, "dataset": "CIFAR", "placement": null, "use_nccl": true, "devices_per_worker": 1, "primary_resource": "extra_gpu", "gpu": false, "verbose": false, "lr_config": {"mode": "log", "steps": 5, "initial_lr": 0.005, "target_lr": 0.005}, "batch_per_device": 1024}, "time_since_restore": 125.00193977355957, "timesteps_since_restore": 0, "iterations_since_restore": 15, "mean_throughput": 7717.791884492792, "atoms": 1}
{"apply": 0.00725710391998291, "batch_time": 0.11544432640075683, "d2h": 0.005209994316101074, "data_time": 0.052068754118316025, "fwd": 0.021410202980041503, "get_state_time_mean": NaN, "get_state_time_total": 0.0, "grad": 0.0419708251953125, "mean_accuracy": 0.6994999647140503, "mean_loss": 0.8644513422012329, "neg_mean_accuracy": -0.6994999647140503, "set_state_time_mean": NaN, "set_state_time_total": 0.0, "setup_model_time_mean": NaN, "setup_model_time_total": 0.0, "setup_proc_time_mean": NaN, "setup_proc_time_total": 0.0, "train_accuracy": 0.7134799957275391, "train_loss": 0.8048003922653199, "training_time_mean": NaN, "training_time_total": 0.0, "validation_time_mean": NaN, "validation_time_total": 0.0, "samples": 60000, "num_workers": 1, "done": false, "timesteps_total": null, "episodes_total": null, "training_iteration": 16, "neg_mean_loss": -0.8644513422012329, "experiment_id": "bfed95f56a124f1b96411aa089b61aa5", "date": "2019-05-30_14-10-13", "timestamp": 1559250613, "time_this_iter_s": 7.597985744476318, "time_total_s": 132.5999255180359, "pid": 7688, "hostname": "steropes", "node_ip": "169.229.49.254", "config": {"starting_lr": 0.005, "momentum": 0.95, "weight_decay": 0.001, "steps_per_iteration": null, "pin": false, "model_creator": null, "target_batch_size": 1024, "model_string": "resnet18", "min_batch_size": 512, "dataset": "CIFAR", "placement": null, "use_nccl": true, "devices_per_worker": 1, "primary_resource": "extra_gpu", "gpu": false, "verbose": false, "lr_config": {"mode": "log", "steps": 5, "initial_lr": 0.005, "target_lr": 0.005}, "batch_per_device": 1024}, "time_since_restore": 132.5999255180359, "timesteps_since_restore": 0, "iterations_since_restore": 16, "mean_throughput": 7806.811125841488, "atoms": 1}
{"apply": 0.007545042037963867, "batch_time": 0.11690323352813721, "d2h": 0.004860019683837891, "data_time": 0.04613534771666235, "fwd": 0.021344757080078124, "get_state_time_mean": NaN, "get_state_time_total": 0.0, "grad": 0.04240398406982422, "mean_accuracy": 0.7013999819755554, "mean_loss": 0.862022873878479, "neg_mean_accuracy": -0.7013999819755554, "set_state_time_mean": NaN, "set_state_time_total": 0.0, "setup_model_time_mean": NaN, "setup_model_time_total": 0.0, "setup_proc_time_mean": NaN, "setup_proc_time_total": 0.0, "train_accuracy": 0.718239963054657, "train_loss": 0.790683199710846, "training_time_mean": NaN, "training_time_total": 0.0, "validation_time_mean": NaN, "validation_time_total": 0.0, "samples": 60000, "num_workers": 1, "done": false, "timesteps_total": null, "episodes_total": null, "training_iteration": 17, "neg_mean_loss": -0.862022873878479, "experiment_id": "bfed95f56a124f1b96411aa089b61aa5", "date": "2019-05-30_14-10-21", "timestamp": 1559250621, "time_this_iter_s": 7.322813510894775, "time_total_s": 139.92273902893066, "pid": 7688, "hostname": "steropes", "node_ip": "169.229.49.254", "config": {"starting_lr": 0.005, "momentum": 0.95, "weight_decay": 0.001, "steps_per_iteration": null, "pin": false, "model_creator": null, "target_batch_size": 1024, "model_string": "resnet18", "min_batch_size": 512, "dataset": "CIFAR", "placement": null, "use_nccl": true, "devices_per_worker": 1, "primary_resource": "extra_gpu", "gpu": false, "verbose": false, "lr_config": {"mode": "log", "steps": 5, "initial_lr": 0.005, "target_lr": 0.005}, "batch_per_device": 1024}, "time_since_restore": 139.92273902893066, "timesteps_since_restore": 0, "iterations_since_restore": 17, "mean_throughput": 8044.4465718012025, "atoms": 1}
{"apply": 0.007523655891418457, "batch_time": 0.11440525054931641, "d2h": 0.004787302017211914, "data_time": 0.04398273935123366, "fwd": 0.02089834213256836, "get_state_time_mean": NaN, "get_state_time_total": 0.0, "grad": 0.04183228015899658, "mean_accuracy": 0.7174999713897705, "mean_loss": 0.8174256271362305, "neg_mean_accuracy": -0.7174999713897705, "set_state_time_mean": NaN, "set_state_time_total": 0.0, "setup_model_time_mean": NaN, "setup_model_time_total": 0.0, "setup_proc_time_mean": NaN, "setup_proc_time_total": 0.0, "train_accuracy": 0.7305200099945068, "train_loss": 0.7587646763801574, "training_time_mean": NaN, "training_time_total": 0.0, "validation_time_mean": NaN, "validation_time_total": 0.0, "samples": 60000, "num_workers": 1, "done": false, "timesteps_total": null, "episodes_total": null, "training_iteration": 18, "neg_mean_loss": -0.8174256271362305, "experiment_id": "bfed95f56a124f1b96411aa089b61aa5", "date": "2019-05-30_14-10-28", "timestamp": 1559250628, "time_this_iter_s": 7.189495801925659, "time_total_s": 147.11223483085632, "pid": 7688, "hostname": "steropes", "node_ip": "169.229.49.254", "config": {"starting_lr": 0.005, "momentum": 0.95, "weight_decay": 0.001, "steps_per_iteration": null, "pin": false, "model_creator": null, "target_batch_size": 1024, "model_string": "resnet18", "min_batch_size": 512, "dataset": "CIFAR", "placement": null, "use_nccl": true, "devices_per_worker": 1, "primary_resource": "extra_gpu", "gpu": false, "verbose": false, "lr_config": {"mode": "log", "steps": 5, "initial_lr": 0.005, "target_lr": 0.005}, "batch_per_device": 1024}, "time_since_restore": 147.11223483085632, "timesteps_since_restore": 0, "iterations_since_restore": 18, "mean_throughput": 8158.787731698824, "atoms": 1}
{"apply": 0.007635927200317383, "batch_time": 0.11539583206176758, "d2h": 0.00475156307220459, "data_time": 0.04365090448029187, "fwd": 0.021015381813049315, "get_state_time_mean": NaN, "get_state_time_total": 0.0, "grad": 0.041988182067871097, "mean_accuracy": 0.704800009727478, "mean_loss": 0.8511467183113098, "neg_mean_accuracy": -0.704800009727478, "set_state_time_mean": NaN, "set_state_time_total": 0.0, "setup_model_time_mean": NaN, "setup_model_time_total": 0.0, "setup_proc_time_mean": NaN, "setup_proc_time_total": 0.0, "train_accuracy": 0.7343599796295166, "train_loss": 0.747458526763916, "training_time_mean": NaN, "training_time_total": 0.0, "validation_time_mean": NaN, "validation_time_total": 0.0, "samples": 60000, "num_workers": 1, "done": false, "timesteps_total": null, "episodes_total": null, "training_iteration": 19, "neg_mean_loss": -0.8511467183113098, "experiment_id": "bfed95f56a124f1b96411aa089b61aa5", "date": "2019-05-30_14-10-35", "timestamp": 1559250635, "time_this_iter_s": 7.206558704376221, "time_total_s": 154.31879353523254, "pid": 7688, "hostname": "steropes", "node_ip": "169.229.49.254", "config": {"starting_lr": 0.005, "momentum": 0.95, "weight_decay": 0.001, "steps_per_iteration": null, "pin": false, "model_creator": null, "target_batch_size": 1024, "model_string": "resnet18", "min_batch_size": 512, "dataset": "CIFAR", "placement": null, "use_nccl": true, "devices_per_worker": 1, "primary_resource": "extra_gpu", "gpu": false, "verbose": false, "lr_config": {"mode": "log", "steps": 5, "initial_lr": 0.005, "target_lr": 0.005}, "batch_per_device": 1024}, "time_since_restore": 154.31879353523254, "timesteps_since_restore": 0, "iterations_since_restore": 19, "mean_throughput": 8178.668131986415, "atoms": 1}
{"apply": 0.0075356483459472655, "batch_time": 0.11545581817626953, "d2h": 0.004744696617126465, "data_time": 0.042441275655006876, "fwd": 0.02105081081390381, "get_state_time_mean": NaN, "get_state_time_total": 0.0, "grad": 0.04284975528717041, "mean_accuracy": 0.717799961566925, "mean_loss": 0.8133865787506104, "neg_mean_accuracy": -0.717799961566925, "set_state_time_mean": NaN, "set_state_time_total": 0.0, "setup_model_time_mean": NaN, "setup_model_time_total": 0.0, "setup_proc_time_mean": NaN, "setup_proc_time_total": 0.0, "train_accuracy": 0.7311999797821045, "train_loss": 0.7477723913764953, "training_time_mean": NaN, "training_time_total": 0.0, "validation_time_mean": NaN, "validation_time_total": 0.0, "samples": 60000, "num_workers": 1, "done": false, "timesteps_total": null, "episodes_total": null, "training_iteration": 20, "neg_mean_loss": -0.8133865787506104, "experiment_id": "bfed95f56a124f1b96411aa089b61aa5", "date": "2019-05-30_14-10-42", "timestamp": 1559250642, "time_this_iter_s": 7.161102533340454, "time_total_s": 161.479896068573, "pid": 7688, "hostname": "steropes", "node_ip": "169.229.49.254", "config": {"starting_lr": 0.005, "momentum": 0.95, "weight_decay": 0.001, "steps_per_iteration": null, "pin": false, "model_creator": null, "target_batch_size": 1024, "model_string": "resnet18", "min_batch_size": 512, "dataset": "CIFAR", "placement": null, "use_nccl": true, "devices_per_worker": 1, "primary_resource": "extra_gpu", "gpu": false, "verbose": false, "lr_config": {"mode": "log", "steps": 5, "initial_lr": 0.005, "target_lr": 0.005}, "batch_per_device": 1024}, "time_since_restore": 161.479896068573, "timesteps_since_restore": 0, "iterations_since_restore": 20, "mean_throughput": 8224.058998947832, "atoms": 1}
{"apply": 0.008078169822692872, "batch_time": 0.11474206447601318, "d2h": 0.00482783317565918, "data_time": 0.043916916360660474, "fwd": 0.021480154991149903, "get_state_time_mean": NaN, "get_state_time_total": 0.0, "grad": 0.04345815181732178, "mean_accuracy": 0.7224999666213989, "mean_loss": 0.7996243458747864, "neg_mean_accuracy": -0.7224999666213989, "set_state_time_mean": NaN, "set_state_time_total": 0.0, "setup_model_time_mean": NaN, "setup_model_time_total": 0.0, "setup_proc_time_mean": NaN, "setup_proc_time_total": 0.0, "train_accuracy": 0.7444999814033508, "train_loss": 0.7171932753372192, "training_time_mean": NaN, "training_time_total": 0.0, "validation_time_mean": NaN, "validation_time_total": 0.0, "samples": 60000, "num_workers": 1, "done": false, "timesteps_total": null, "episodes_total": null, "training_iteration": 21, "neg_mean_loss": -0.7996243458747864, "experiment_id": "bfed95f56a124f1b96411aa089b61aa5", "date": "2019-05-30_14-10-49", "timestamp": 1559250649, "time_this_iter_s": 7.216641902923584, "time_total_s": 168.69653797149658, "pid": 7688, "hostname": "steropes", "node_ip": "169.229.49.254", "config": {"starting_lr": 0.005, "momentum": 0.95, "weight_decay": 0.001, "steps_per_iteration": null, "pin": false, "model_creator": null, "target_batch_size": 1024, "model_string": "resnet18", "min_batch_size": 512, "dataset": "CIFAR", "placement": null, "use_nccl": true, "devices_per_worker": 1, "primary_resource": "extra_gpu", "gpu": false, "verbose": false, "lr_config": {"mode": "log", "steps": 5, "initial_lr": 0.005, "target_lr": 0.005}, "batch_per_device": 1024}, "time_since_restore": 168.69653797149658, "timesteps_since_restore": 0, "iterations_since_restore": 21, "mean_throughput": 8310.941586003471, "atoms": 1}
{"apply": 0.007604622840881347, "batch_time": 0.11467933654785156, "d2h": 0.004230999946594238, "data_time": 0.04409328772097218, "fwd": 0.020580768585205078, "get_state_time_mean": NaN, "get_state_time_total": 0.0, "grad": 0.04159069061279297, "mean_accuracy": 0.7216999530792236, "mean_loss": 0.8020149109840393, "neg_mean_accuracy": -0.7216999530792236, "set_state_time_mean": NaN, "set_state_time_total": 0.0, "setup_model_time_mean": NaN, "setup_model_time_total": 0.0, "setup_proc_time_mean": NaN, "setup_proc_time_total": 0.0, "train_accuracy": 0.7517799735069275, "train_loss": 0.697751715888977, "training_time_mean": NaN, "training_time_total": 0.0, "validation_time_mean": NaN, "validation_time_total": 0.0, "samples": 60000, "num_workers": 1, "done": false, "timesteps_total": null, "episodes_total": null, "training_iteration": 22, "neg_mean_loss": -0.8020149109840393, "experiment_id": "bfed95f56a124f1b96411aa089b61aa5", "date": "2019-05-30_14-10-57", "timestamp": 1559250657, "time_this_iter_s": 7.1426732540130615, "time_total_s": 175.83921122550964, "pid": 7688, "hostname": "steropes", "node_ip": "169.229.49.254", "config": {"starting_lr": 0.005, "momentum": 0.95, "weight_decay": 0.001, "steps_per_iteration": null, "pin": false, "model_creator": null, "target_batch_size": 1024, "model_string": "resnet18", "min_batch_size": 512, "dataset": "CIFAR", "placement": null, "use_nccl": true, "devices_per_worker": 1, "primary_resource": "extra_gpu", "gpu": false, "verbose": false, "lr_config": {"mode": "log", "steps": 5, "initial_lr": 0.005, "target_lr": 0.005}, "batch_per_device": 1024}, "time_since_restore": 175.83921122550964, "timesteps_since_restore": 0, "iterations_since_restore": 22, "mean_throughput": 8352.624725629494, "atoms": 1}
{"apply": 0.007454490661621094, "batch_time": 0.11426994800567628, "d2h": 0.004438257217407227, "data_time": 0.0455548568647735, "fwd": 0.020878362655639648, "get_state_time_mean": NaN, "get_state_time_total": 0.0, "grad": 0.04148235321044922, "mean_accuracy": 0.7222999930381775, "mean_loss": 0.8109136058807374, "neg_mean_accuracy": -0.7222999930381775, "set_state_time_mean": NaN, "set_state_time_total": 0.0, "setup_model_time_mean": NaN, "setup_model_time_total": 0.0, "setup_proc_time_mean": NaN, "setup_proc_time_total": 0.0, "train_accuracy": 0.7539199590682983, "train_loss": 0.689820976600647, "training_time_mean": NaN, "training_time_total": 0.0, "validation_time_mean": NaN, "validation_time_total": 0.0, "samples": 60000, "num_workers": 1, "done": false, "timesteps_total": null, "episodes_total": null, "training_iteration": 23, "neg_mean_loss": -0.8109136058807374, "experiment_id": "bfed95f56a124f1b96411aa089b61aa5", "date": "2019-05-30_14-11-04", "timestamp": 1559250664, "time_this_iter_s": 7.237548351287842, "time_total_s": 183.07675957679749, "pid": 7688, "hostname": "steropes", "node_ip": "169.229.49.254", "config": {"starting_lr": 0.005, "momentum": 0.95, "weight_decay": 0.001, "steps_per_iteration": null, "pin": false, "model_creator": null, "target_batch_size": 1024, "model_string": "resnet18", "min_batch_size": 512, "dataset": "CIFAR", "placement": null, "use_nccl": true, "devices_per_worker": 1, "primary_resource": "extra_gpu", "gpu": false, "verbose": false, "lr_config": {"mode": "log", "steps": 5, "initial_lr": 0.005, "target_lr": 0.005}, "batch_per_device": 1024}, "time_since_restore": 183.07675957679749, "timesteps_since_restore": 0, "iterations_since_restore": 23, "mean_throughput": 8341.466977911252, "atoms": 1}
{"apply": 0.007382893562316894, "batch_time": 0.11384222507476807, "d2h": 0.00450444221496582, "data_time": 0.04267244436302964, "fwd": 0.020799994468688965, "get_state_time_mean": NaN, "get_state_time_total": 0.0, "grad": 0.04166922569274902, "mean_accuracy": 0.7258999943733215, "mean_loss": 0.786914852142334, "neg_mean_accuracy": -0.7258999943733215, "set_state_time_mean": NaN, "set_state_time_total": 0.0, "setup_model_time_mean": NaN, "setup_model_time_total": 0.0, "setup_proc_time_mean": NaN, "setup_proc_time_total": 0.0, "train_accuracy": 0.7626799941062927, "train_loss": 0.6678933863639831, "training_time_mean": NaN, "training_time_total": 0.0, "validation_time_mean": NaN, "validation_time_total": 0.0, "samples": 60000, "num_workers": 1, "done": false, "timesteps_total": null, "episodes_total": null, "training_iteration": 24, "neg_mean_loss": -0.786914852142334, "experiment_id": "bfed95f56a124f1b96411aa089b61aa5", "date": "2019-05-30_14-11-11", "timestamp": 1559250671, "time_this_iter_s": 7.147143125534058, "time_total_s": 190.22390270233154, "pid": 7688, "hostname": "steropes", "node_ip": "169.229.49.254", "config": {"starting_lr": 0.005, "momentum": 0.95, "weight_decay": 0.001, "steps_per_iteration": null, "pin": false, "model_creator": null, "target_batch_size": 1024, "model_string": "resnet18", "min_batch_size": 512, "dataset": "CIFAR", "placement": null, "use_nccl": true, "devices_per_worker": 1, "primary_resource": "extra_gpu", "gpu": false, "verbose": false, "lr_config": {"mode": "log", "steps": 5, "initial_lr": 0.005, "target_lr": 0.005}, "batch_per_device": 1024}, "time_since_restore": 190.22390270233154, "timesteps_since_restore": 0, "iterations_since_restore": 24, "mean_throughput": 8355.271469469393, "atoms": 1}
{"apply": 0.007304477691650391, "batch_time": 0.11550788879394532, "d2h": 0.004322052001953125, "data_time": 0.04410268822494818, "fwd": 0.02065441608428955, "get_state_time_mean": NaN, "get_state_time_total": 0.0, "grad": 0.041394376754760744, "mean_accuracy": 0.738599956035614, "mean_loss": 0.7668781618118287, "neg_mean_accuracy": -0.738599956035614, "set_state_time_mean": NaN, "set_state_time_total": 0.0, "setup_model_time_mean": NaN, "setup_model_time_total": 0.0, "setup_proc_time_mean": NaN, "setup_proc_time_total": 0.0, "train_accuracy": 0.7674199938774109, "train_loss": 0.6528477787590027, "training_time_mean": NaN, "training_time_total": 0.0, "validation_time_mean": NaN, "validation_time_total": 0.0, "samples": 60000, "num_workers": 1, "done": false, "timesteps_total": null, "episodes_total": null, "training_iteration": 25, "neg_mean_loss": -0.7668781618118287, "experiment_id": "bfed95f56a124f1b96411aa089b61aa5", "date": "2019-05-30_14-11-18", "timestamp": 1559250678, "time_this_iter_s": 7.152973890304565, "time_total_s": 197.3768765926361, "pid": 7688, "hostname": "steropes", "node_ip": "169.229.49.254", "config": {"starting_lr": 0.005, "momentum": 0.95, "weight_decay": 0.001, "steps_per_iteration": null, "pin": false, "model_creator": null, "target_batch_size": 1024, "model_string": "resnet18", "min_batch_size": 512, "dataset": "CIFAR", "placement": null, "use_nccl": true, "devices_per_worker": 1, "primary_resource": "extra_gpu", "gpu": false, "verbose": false, "lr_config": {"mode": "log", "steps": 5, "initial_lr": 0.005, "target_lr": 0.005}, "batch_per_device": 1024}, "time_since_restore": 197.3768765926361, "timesteps_since_restore": 0, "iterations_since_restore": 25, "mean_throughput": 8357.164003294325, "atoms": 1}
{"apply": 0.00737154483795166, "batch_time": 0.11474928855895997, "d2h": 0.004321074485778809, "data_time": 0.045041079423865496, "fwd": 0.020826172828674317, "get_state_time_mean": NaN, "get_state_time_total": 0.0, "grad": 0.041800498962402344, "mean_accuracy": 0.7404999732971191, "mean_loss": 0.7633721674919128, "neg_mean_accuracy": -0.7404999732971191, "set_state_time_mean": NaN, "set_state_time_total": 0.0, "setup_model_time_mean": NaN, "setup_model_time_total": 0.0, "setup_proc_time_mean": NaN, "setup_proc_time_total": 0.0, "train_accuracy": 0.7693399786949158, "train_loss": 0.6431725586891174, "training_time_mean": NaN, "training_time_total": 0.0, "validation_time_mean": NaN, "validation_time_total": 0.0, "samples": 60000, "num_workers": 1, "done": false, "timesteps_total": null, "episodes_total": null, "training_iteration": 26, "neg_mean_loss": -0.7633721674919128, "experiment_id": "bfed95f56a124f1b96411aa089b61aa5", "date": "2019-05-30_14-11-25", "timestamp": 1559250685, "time_this_iter_s": 7.2070910930633545, "time_total_s": 204.58396768569946, "pid": 7688, "hostname": "steropes", "node_ip": "169.229.49.254", "config": {"starting_lr": 0.005, "momentum": 0.95, "weight_decay": 0.001, "steps_per_iteration": null, "pin": false, "model_creator": null, "target_batch_size": 1024, "model_string": "resnet18", "min_batch_size": 512, "dataset": "CIFAR", "placement": null, "use_nccl": true, "devices_per_worker": 1, "primary_resource": "extra_gpu", "gpu": false, "verbose": false, "lr_config": {"mode": "log", "steps": 5, "initial_lr": 0.005, "target_lr": 0.005}, "batch_per_device": 1024}, "time_since_restore": 204.58396768569946, "timesteps_since_restore": 0, "iterations_since_restore": 26, "mean_throughput": 8359.386316171527, "atoms": 1}
{"apply": 0.007399177551269532, "batch_time": 0.11530444622039795, "d2h": 0.004292583465576172, "data_time": 0.04569171399486308, "fwd": 0.020559287071228026, "get_state_time_mean": NaN, "get_state_time_total": 0.0, "grad": 0.04164159297943115, "mean_accuracy": 0.7378000020980835, "mean_loss": 0.7649051940917969, "neg_mean_accuracy": -0.7378000020980835, "set_state_time_mean": NaN, "set_state_time_total": 0.0, "setup_model_time_mean": NaN, "setup_model_time_total": 0.0, "setup_proc_time_mean": NaN, "setup_proc_time_total": 0.0, "train_accuracy": 0.772599995136261, "train_loss": 0.6332055434036254, "training_time_mean": NaN, "training_time_total": 0.0, "validation_time_mean": NaN, "validation_time_total": 0.0, "samples": 60000, "num_workers": 1, "done": false, "timesteps_total": null, "episodes_total": null, "training_iteration": 27, "neg_mean_loss": -0.7649051940917969, "experiment_id": "bfed95f56a124f1b96411aa089b61aa5", "date": "2019-05-30_14-11-33", "timestamp": 1559250693, "time_this_iter_s": 7.22240424156189, "time_total_s": 211.80637192726135, "pid": 7688, "hostname": "steropes", "node_ip": "169.229.49.254", "config": {"starting_lr": 0.005, "momentum": 0.95, "weight_decay": 0.001, "steps_per_iteration": null, "pin": false, "model_creator": null, "target_batch_size": 1024, "model_string": "resnet18", "min_batch_size": 512, "dataset": "CIFAR", "placement": null, "use_nccl": true, "devices_per_worker": 1, "primary_resource": "extra_gpu", "gpu": false, "verbose": false, "lr_config": {"mode": "log", "steps": 5, "initial_lr": 0.005, "target_lr": 0.005}, "batch_per_device": 1024}, "time_since_restore": 211.80637192726135, "timesteps_since_restore": 0, "iterations_since_restore": 27, "mean_throughput": 8340.854163264754, "atoms": 1}
{"apply": 0.007352995872497559, "batch_time": 0.13751494884490967, "d2h": 0.0049352884292602536, "data_time": 0.045915700951401066, "fwd": 0.02071981430053711, "get_state_time_mean": NaN, "get_state_time_total": 0.0, "grad": 0.0417208194732666, "mean_accuracy": 0.7361999750137329, "mean_loss": 0.7664424087524414, "neg_mean_accuracy": -0.7361999750137329, "set_state_time_mean": NaN, "set_state_time_total": 0.0, "setup_model_time_mean": NaN, "setup_model_time_total": 0.0, "setup_proc_time_mean": NaN, "setup_proc_time_total": 0.0, "train_accuracy": 0.7796399593353271, "train_loss": 0.6190204141616821, "training_time_mean": NaN, "training_time_total": 0.0, "validation_time_mean": NaN, "validation_time_total": 0.0, "samples": 60000, "num_workers": 1, "done": false, "timesteps_total": null, "episodes_total": null, "training_iteration": 28, "neg_mean_loss": -0.7664424087524414, "experiment_id": "bfed95f56a124f1b96411aa089b61aa5", "date": "2019-05-30_14-11-40", "timestamp": 1559250700, "time_this_iter_s": 7.461994409561157, "time_total_s": 219.2683663368225, "pid": 7688, "hostname": "steropes", "node_ip": "169.229.49.254", "config": {"starting_lr": 0.005, "momentum": 0.95, "weight_decay": 0.001, "steps_per_iteration": null, "pin": false, "model_creator": null, "target_batch_size": 1024, "model_string": "resnet18", "min_batch_size": 512, "dataset": "CIFAR", "placement": null, "use_nccl": true, "devices_per_worker": 1, "primary_resource": "extra_gpu", "gpu": false, "verbose": false, "lr_config": {"mode": "log", "steps": 5, "initial_lr": 0.005, "target_lr": 0.005}, "batch_per_device": 1024}, "time_since_restore": 219.2683663368225, "timesteps_since_restore": 0, "iterations_since_restore": 28, "mean_throughput": 8289.125944455933, "atoms": 1}
{"apply": 0.0071258068084716795, "batch_time": 0.1162687063217163, "d2h": 0.004167985916137695, "data_time": 0.04514355562171157, "fwd": 0.020145440101623537, "get_state_time_mean": NaN, "get_state_time_total": 0.0, "grad": 0.04160211086273193, "mean_accuracy": 0.7414000034332275, "mean_loss": 0.7637012321472167, "neg_mean_accuracy": -0.7414000034332275, "set_state_time_mean": NaN, "set_state_time_total": 0.0, "setup_model_time_mean": NaN, "setup_model_time_total": 0.0, "setup_proc_time_mean": NaN, "setup_proc_time_total": 0.0, "train_accuracy": 0.7849999666213989, "train_loss": 0.6025501298713684, "training_time_mean": NaN, "training_time_total": 0.0, "validation_time_mean": NaN, "validation_time_total": 0.0, "samples": 60000, "num_workers": 1, "done": false, "timesteps_total": null, "episodes_total": null, "training_iteration": 29, "neg_mean_loss": -0.7637012321472167, "experiment_id": "bfed95f56a124f1b96411aa089b61aa5", "date": "2019-05-30_14-11-47", "timestamp": 1559250707, "time_this_iter_s": 7.177799940109253, "time_total_s": 226.44616627693176, "pid": 7688, "hostname": "steropes", "node_ip": "169.229.49.254", "config": {"starting_lr": 0.005, "momentum": 0.95, "weight_decay": 0.001, "steps_per_iteration": null, "pin": false, "model_creator": null, "target_batch_size": 1024, "model_string": "resnet18", "min_batch_size": 512, "dataset": "CIFAR", "placement": null, "use_nccl": true, "devices_per_worker": 1, "primary_resource": "extra_gpu", "gpu": false, "verbose": false, "lr_config": {"mode": "log", "steps": 5, "initial_lr": 0.005, "target_lr": 0.005}, "batch_per_device": 1024}, "time_since_restore": 226.44616627693176, "timesteps_since_restore": 0, "iterations_since_restore": 29, "mean_throughput": 8282.10809592424, "atoms": 1}
{"apply": 0.007074093818664551, "batch_time": 0.11694717407226562, "d2h": 0.004281067848205566, "data_time": 0.04618606275441695, "fwd": 0.020227766036987303, "get_state_time_mean": NaN, "get_state_time_total": 0.0, "grad": 0.041695666313171384, "mean_accuracy": 0.7455999851226807, "mean_loss": 0.7497487190246582, "neg_mean_accuracy": -0.7455999851226807, "set_state_time_mean": NaN, "set_state_time_total": 0.0, "setup_model_time_mean": NaN, "setup_model_time_total": 0.0, "setup_proc_time_mean": NaN, "setup_proc_time_total": 0.0, "train_accuracy": 0.786579966545105, "train_loss": 0.5981732014083863, "training_time_mean": NaN, "training_time_total": 0.0, "validation_time_mean": NaN, "validation_time_total": 0.0, "samples": 60000, "num_workers": 1, "done": false, "timesteps_total": null, "episodes_total": null, "training_iteration": 30, "neg_mean_loss": -0.7497487190246582, "experiment_id": "bfed95f56a124f1b96411aa089b61aa5", "date": "2019-05-30_14-11-54", "timestamp": 1559250714, "time_this_iter_s": 7.238540172576904, "time_total_s": 233.68470644950867, "pid": 7688, "hostname": "steropes", "node_ip": "169.229.49.254", "config": {"starting_lr": 0.005, "momentum": 0.95, "weight_decay": 0.001, "steps_per_iteration": null, "pin": false, "model_creator": null, "target_batch_size": 1024, "model_string": "resnet18", "min_batch_size": 512, "dataset": "CIFAR", "placement": null, "use_nccl": true, "devices_per_worker": 1, "primary_resource": "extra_gpu", "gpu": false, "verbose": false, "lr_config": {"mode": "log", "steps": 5, "initial_lr": 0.005, "target_lr": 0.005}, "batch_per_device": 1024}, "time_since_restore": 233.68470644950867, "timesteps_since_restore": 0, "iterations_since_restore": 30, "mean_throughput": 8262.587890831743, "atoms": 1}
{"apply": 0.007193541526794434, "batch_time": 0.11696019172668456, "d2h": 0.004416465759277344, "data_time": 0.04543550647034937, "fwd": 0.020193195343017577, "get_state_time_mean": NaN, "get_state_time_total": 0.0, "grad": 0.041335654258728025, "mean_accuracy": 0.7368999719619751, "mean_loss": 0.7770676471710205, "neg_mean_accuracy": -0.7368999719619751, "set_state_time_mean": NaN, "set_state_time_total": 0.0, "setup_model_time_mean": NaN, "setup_model_time_total": 0.0, "setup_proc_time_mean": NaN, "setup_proc_time_total": 0.0, "train_accuracy": 0.7927199602127075, "train_loss": 0.5821404599571228, "training_time_mean": NaN, "training_time_total": 0.0, "validation_time_mean": NaN, "validation_time_total": 0.0, "samples": 60000, "num_workers": 1, "done": false, "timesteps_total": null, "episodes_total": null, "training_iteration": 31, "neg_mean_loss": -0.7770676471710205, "experiment_id": "bfed95f56a124f1b96411aa089b61aa5", "date": "2019-05-30_14-12-02", "timestamp": 1559250722, "time_this_iter_s": 7.189599514007568, "time_total_s": 240.87430596351624, "pid": 7688, "hostname": "steropes", "node_ip": "169.229.49.254", "config": {"starting_lr": 0.005, "momentum": 0.95, "weight_decay": 0.001, "steps_per_iteration": null, "pin": false, "model_creator": null, "target_batch_size": 1024, "model_string": "resnet18", "min_batch_size": 512, "dataset": "CIFAR", "placement": null, "use_nccl": true, "devices_per_worker": 1, "primary_resource": "extra_gpu", "gpu": false, "verbose": false, "lr_config": {"mode": "log", "steps": 5, "initial_lr": 0.005, "target_lr": 0.005}, "batch_per_device": 1024}, "time_since_restore": 240.87430596351624, "timesteps_since_restore": 0, "iterations_since_restore": 31, "mean_throughput": 8266.570819411907, "atoms": 1}
{"apply": 0.007284784317016601, "batch_time": 0.11790733337402344, "d2h": 0.004485273361206054, "data_time": 0.04405915007299306, "fwd": 0.0207749605178833, "get_state_time_mean": NaN, "get_state_time_total": 0.0, "grad": 0.04196822643280029, "mean_accuracy": 0.7513999938964844, "mean_loss": 0.734431377696991, "neg_mean_accuracy": -0.7513999938964844, "set_state_time_mean": NaN, "set_state_time_total": 0.0, "setup_model_time_mean": NaN, "setup_model_time_total": 0.0, "setup_proc_time_mean": NaN, "setup_proc_time_total": 0.0, "train_accuracy": 0.7925199866294861, "train_loss": 0.5793859403228759, "training_time_mean": NaN, "training_time_total": 0.0, "validation_time_mean": NaN, "validation_time_total": 0.0, "samples": 60000, "num_workers": 1, "done": false, "timesteps_total": null, "episodes_total": null, "training_iteration": 32, "neg_mean_loss": -0.734431377696991, "experiment_id": "bfed95f56a124f1b96411aa089b61aa5", "date": "2019-05-30_14-12-09", "timestamp": 1559250729, "time_this_iter_s": 7.181806802749634, "time_total_s": 248.05611276626587, "pid": 7688, "hostname": "steropes", "node_ip": "169.229.49.254", "config": {"starting_lr": 0.005, "momentum": 0.95, "weight_decay": 0.001, "steps_per_iteration": null, "pin": false, "model_creator": null, "target_batch_size": 1024, "model_string": "resnet18", "min_batch_size": 512, "dataset": "CIFAR", "placement": null, "use_nccl": true, "devices_per_worker": 1, "primary_resource": "extra_gpu", "gpu": false, "verbose": false, "lr_config": {"mode": "log", "steps": 5, "initial_lr": 0.005, "target_lr": 0.005}, "batch_per_device": 1024}, "time_since_restore": 248.05611276626587, "timesteps_since_restore": 0, "iterations_since_restore": 32, "mean_throughput": 8275.828757403147, "atoms": 1}
{"apply": 0.007160663604736328, "batch_time": 0.11484405994415284, "d2h": 0.004444503784179687, "data_time": 0.046310171789052536, "fwd": 0.020352792739868165, "get_state_time_mean": NaN, "get_state_time_total": 0.0, "grad": 0.04200592041015625, "mean_accuracy": 0.7426999807357788, "mean_loss": 0.7674526671409607, "neg_mean_accuracy": -0.7426999807357788, "set_state_time_mean": NaN, "set_state_time_total": 0.0, "setup_model_time_mean": NaN, "setup_model_time_total": 0.0, "setup_proc_time_mean": NaN, "setup_proc_time_total": 0.0, "train_accuracy": 0.799299955368042, "train_loss": 0.5632089582633972, "training_time_mean": NaN, "training_time_total": 0.0, "validation_time_mean": NaN, "validation_time_total": 0.0, "samples": 60000, "num_workers": 1, "done": false, "timesteps_total": null, "episodes_total": null, "training_iteration": 33, "neg_mean_loss": -0.7674526671409607, "experiment_id": "bfed95f56a124f1b96411aa089b61aa5", "date": "2019-05-30_14-12-16", "timestamp": 1559250736, "time_this_iter_s": 7.208806753158569, "time_total_s": 255.26491951942444, "pid": 7688, "hostname": "steropes", "node_ip": "169.229.49.254", "config": {"starting_lr": 0.005, "momentum": 0.95, "weight_decay": 0.001, "steps_per_iteration": null, "pin": false, "model_creator": null, "target_batch_size": 1024, "model_string": "resnet18", "min_batch_size": 512, "dataset": "CIFAR", "placement": null, "use_nccl": true, "devices_per_worker": 1, "primary_resource": "extra_gpu", "gpu": false, "verbose": false, "lr_config": {"mode": "log", "steps": 5, "initial_lr": 0.005, "target_lr": 0.005}, "batch_per_device": 1024}, "time_since_restore": 255.26491951942444, "timesteps_since_restore": 0, "iterations_since_restore": 33, "mean_throughput": 8334.038493870348, "atoms": 1}
{"apply": 0.007088279724121094, "batch_time": 0.11585893630981445, "d2h": 0.0043126106262207035, "data_time": 0.04652674344121194, "fwd": 0.020039582252502443, "get_state_time_mean": NaN, "get_state_time_total": 0.0, "grad": 0.04188020229339599, "mean_accuracy": 0.7532999515533447, "mean_loss": 0.7348148972511291, "neg_mean_accuracy": -0.7532999515533447, "set_state_time_mean": NaN, "set_state_time_total": 0.0, "setup_model_time_mean": NaN, "setup_model_time_total": 0.0, "setup_proc_time_mean": NaN, "setup_proc_time_total": 0.0, "train_accuracy": 0.8021000027656555, "train_loss": 0.5512660264205933, "training_time_mean": NaN, "training_time_total": 0.0, "validation_time_mean": NaN, "validation_time_total": 0.0, "samples": 60000, "num_workers": 1, "done": false, "timesteps_total": null, "episodes_total": null, "training_iteration": 34, "neg_mean_loss": -0.7348148972511291, "experiment_id": "bfed95f56a124f1b96411aa089b61aa5", "date": "2019-05-30_14-12-23", "timestamp": 1559250743, "time_this_iter_s": 7.266360521316528, "time_total_s": 262.53128004074097, "pid": 7688, "hostname": "steropes", "node_ip": "169.229.49.254", "config": {"starting_lr": 0.005, "momentum": 0.95, "weight_decay": 0.001, "steps_per_iteration": null, "pin": false, "model_creator": null, "target_batch_size": 1024, "model_string": "resnet18", "min_batch_size": 512, "dataset": "CIFAR", "placement": null, "use_nccl": true, "devices_per_worker": 1, "primary_resource": "extra_gpu", "gpu": false, "verbose": false, "lr_config": {"mode": "log", "steps": 5, "initial_lr": 0.005, "target_lr": 0.005}, "batch_per_device": 1024}, "time_since_restore": 262.53128004074097, "timesteps_since_restore": 0, "iterations_since_restore": 34, "mean_throughput": 8313.587845995307, "atoms": 1}
{"apply": 0.00763390064239502, "batch_time": 0.11800739765167237, "d2h": 0.004694843292236328, "data_time": 0.04463957767097317, "fwd": 0.021561098098754884, "get_state_time_mean": NaN, "get_state_time_total": 0.0, "grad": 0.04157891273498535, "mean_accuracy": 0.7544999718666077, "mean_loss": 0.7326605485916138, "neg_mean_accuracy": -0.7544999718666077, "set_state_time_mean": NaN, "set_state_time_total": 0.0, "setup_model_time_mean": NaN, "setup_model_time_total": 0.0, "setup_proc_time_mean": NaN, "setup_proc_time_total": 0.0, "train_accuracy": 0.812559962272644, "train_loss": 0.5266205195808411, "training_time_mean": NaN, "training_time_total": 0.0, "validation_time_mean": NaN, "validation_time_total": 0.0, "samples": 60000, "num_workers": 1, "done": false, "timesteps_total": null, "episodes_total": null, "training_iteration": 35, "neg_mean_loss": -0.7326605485916138, "experiment_id": "bfed95f56a124f1b96411aa089b61aa5", "date": "2019-05-30_14-12-31", "timestamp": 1559250751, "time_this_iter_s": 7.194699287414551, "time_total_s": 269.7259793281555, "pid": 7688, "hostname": "steropes", "node_ip": "169.229.49.254", "config": {"starting_lr": 0.005, "momentum": 0.95, "weight_decay": 0.001, "steps_per_iteration": null, "pin": false, "model_creator": null, "target_batch_size": 1024, "model_string": "resnet18", "min_batch_size": 512, "dataset": "CIFAR", "placement": null, "use_nccl": true, "devices_per_worker": 1, "primary_resource": "extra_gpu", "gpu": false, "verbose": false, "lr_config": {"mode": "log", "steps": 5, "initial_lr": 0.005, "target_lr": 0.005}, "batch_per_device": 1024}, "time_since_restore": 269.7259793281555, "timesteps_since_restore": 0, "iterations_since_restore": 35, "mean_throughput": 8323.701440904118, "atoms": 1}
{"apply": 0.007315540313720703, "batch_time": 0.11475164890289306, "d2h": 0.004260993003845215, "data_time": 0.04533157543260224, "fwd": 0.020850706100463866, "get_state_time_mean": NaN, "get_state_time_total": 0.0, "grad": 0.04181523323059082, "mean_accuracy": 0.7543999552726746, "mean_loss": 0.7370519772529602, "neg_mean_accuracy": -0.7543999552726746, "set_state_time_mean": NaN, "set_state_time_total": 0.0, "setup_model_time_mean": NaN, "setup_model_time_total": 0.0, "setup_proc_time_mean": NaN, "setup_proc_time_total": 0.0, "train_accuracy": 0.812720000743866, "train_loss": 0.5265158432960511, "training_time_mean": NaN, "training_time_total": 0.0, "validation_time_mean": NaN, "validation_time_total": 0.0, "samples": 60000, "num_workers": 1, "done": false, "timesteps_total": null, "episodes_total": null, "training_iteration": 36, "neg_mean_loss": -0.7370519772529602, "experiment_id": "bfed95f56a124f1b96411aa089b61aa5", "date": "2019-05-30_14-12-38", "timestamp": 1559250758, "time_this_iter_s": 7.196100950241089, "time_total_s": 276.9220802783966, "pid": 7688, "hostname": "steropes", "node_ip": "169.229.49.254", "config": {"starting_lr": 0.005, "momentum": 0.95, "weight_decay": 0.001, "steps_per_iteration": null, "pin": false, "model_creator": null, "target_batch_size": 1024, "model_string": "resnet18", "min_batch_size": 512, "dataset": "CIFAR", "placement": null, "use_nccl": true, "devices_per_worker": 1, "primary_resource": "extra_gpu", "gpu": false, "verbose": false, "lr_config": {"mode": "log", "steps": 5, "initial_lr": 0.005, "target_lr": 0.005}, "batch_per_device": 1024}, "time_since_restore": 276.9220802783966, "timesteps_since_restore": 0, "iterations_since_restore": 36, "mean_throughput": 8322.200336637772, "atoms": 1}
{"apply": 0.007187867164611816, "batch_time": 0.11455209255218506, "d2h": 0.004437017440795899, "data_time": 0.04394417392964266, "fwd": 0.020777010917663576, "get_state_time_mean": NaN, "get_state_time_total": 0.0, "grad": 0.04243178367614746, "mean_accuracy": 0.7529000043869019, "mean_loss": 0.7412306519508362, "neg_mean_accuracy": -0.7529000043869019, "set_state_time_mean": NaN, "set_state_time_total": 0.0, "setup_model_time_mean": NaN, "setup_model_time_total": 0.0, "setup_proc_time_mean": NaN, "setup_proc_time_total": 0.0, "train_accuracy": 0.8169399499893188, "train_loss": 0.5143097059822083, "training_time_mean": NaN, "training_time_total": 0.0, "validation_time_mean": NaN, "validation_time_total": 0.0, "samples": 60000, "num_workers": 1, "done": false, "timesteps_total": null, "episodes_total": null, "training_iteration": 37, "neg_mean_loss": -0.7412306519508362, "experiment_id": "bfed95f56a124f1b96411aa089b61aa5", "date": "2019-05-30_14-12-45", "timestamp": 1559250765, "time_this_iter_s": 7.135060787200928, "time_total_s": 284.05714106559753, "pid": 7688, "hostname": "steropes", "node_ip": "169.229.49.254", "config": {"starting_lr": 0.005, "momentum": 0.95, "weight_decay": 0.001, "steps_per_iteration": null, "pin": false, "model_creator": null, "target_batch_size": 1024, "model_string": "resnet18", "min_batch_size": 512, "dataset": "CIFAR", "placement": null, "use_nccl": true, "devices_per_worker": 1, "primary_resource": "extra_gpu", "gpu": false, "verbose": false, "lr_config": {"mode": "log", "steps": 5, "initial_lr": 0.005, "target_lr": 0.005}, "batch_per_device": 1024}, "time_since_restore": 284.05714106559753, "timesteps_since_restore": 0, "iterations_since_restore": 37, "mean_throughput": 8333.006900311739, "atoms": 1}
{"apply": 0.007117152214050293, "batch_time": 0.1145629644393921, "d2h": 0.004714417457580567, "data_time": 0.043929820158043684, "fwd": 0.020157408714294434, "get_state_time_mean": NaN, "get_state_time_total": 0.0, "grad": 0.04185957908630371, "mean_accuracy": 0.7540000081062317, "mean_loss": 0.7403279044151306, "neg_mean_accuracy": -0.7540000081062317, "set_state_time_mean": NaN, "set_state_time_total": 0.0, "setup_model_time_mean": NaN, "setup_model_time_total": 0.0, "setup_proc_time_mean": NaN, "setup_proc_time_total": 0.0, "train_accuracy": 0.818399965763092, "train_loss": 0.5099041193008423, "training_time_mean": NaN, "training_time_total": 0.0, "validation_time_mean": NaN, "validation_time_total": 0.0, "samples": 60000, "num_workers": 1, "done": false, "timesteps_total": null, "episodes_total": null, "training_iteration": 38, "neg_mean_loss": -0.7403279044151306, "experiment_id": "bfed95f56a124f1b96411aa089b61aa5", "date": "2019-05-30_14-12-52", "timestamp": 1559250772, "time_this_iter_s": 7.125888347625732, "time_total_s": 291.18302941322327, "pid": 7688, "hostname": "steropes", "node_ip": "169.229.49.254", "config": {"starting_lr": 0.005, "momentum": 0.95, "weight_decay": 0.001, "steps_per_iteration": null, "pin": false, "model_creator": null, "target_batch_size": 1024, "model_string": "resnet18", "min_batch_size": 512, "dataset": "CIFAR", "placement": null, "use_nccl": true, "devices_per_worker": 1, "primary_resource": "extra_gpu", "gpu": false, "verbose": false, "lr_config": {"mode": "log", "steps": 5, "initial_lr": 0.005, "target_lr": 0.005}, "batch_per_device": 1024}, "time_since_restore": 291.18302941322327, "timesteps_since_restore": 0, "iterations_since_restore": 38, "mean_throughput": 8352.240729098961, "atoms": 1}
{"apply": 0.007179737091064453, "batch_time": 0.12854135036468506, "d2h": 0.004255104064941406, "data_time": 0.0449249403817313, "fwd": 0.020344233512878417, "get_state_time_mean": NaN, "get_state_time_total": 0.0, "grad": 0.04136025905609131, "mean_accuracy": 0.7511999607086182, "mean_loss": 0.7516203901290893, "neg_mean_accuracy": -0.7511999607086182, "set_state_time_mean": NaN, "set_state_time_total": 0.0, "setup_model_time_mean": NaN, "setup_model_time_total": 0.0, "setup_proc_time_mean": NaN, "setup_proc_time_total": 0.0, "train_accuracy": 0.821179986000061, "train_loss": 0.5008670247650147, "training_time_mean": NaN, "training_time_total": 0.0, "validation_time_mean": NaN, "validation_time_total": 0.0, "samples": 60000, "num_workers": 1, "done": false, "timesteps_total": null, "episodes_total": null, "training_iteration": 39, "neg_mean_loss": -0.7516203901290893, "experiment_id": "bfed95f56a124f1b96411aa089b61aa5", "date": "2019-05-30_14-12-59", "timestamp": 1559250779, "time_this_iter_s": 7.276040315628052, "time_total_s": 298.4590697288513, "pid": 7688, "hostname": "steropes", "node_ip": "169.229.49.254", "config": {"starting_lr": 0.005, "momentum": 0.95, "weight_decay": 0.001, "steps_per_iteration": null, "pin": false, "model_creator": null, "target_batch_size": 1024, "model_string": "resnet18", "min_batch_size": 512, "dataset": "CIFAR", "placement": null, "use_nccl": true, "devices_per_worker": 1, "primary_resource": "extra_gpu", "gpu": false, "verbose": false, "lr_config": {"mode": "log", "steps": 5, "initial_lr": 0.005, "target_lr": 0.005}, "batch_per_device": 1024}, "time_since_restore": 298.4590697288513, "timesteps_since_restore": 0, "iterations_since_restore": 39, "mean_throughput": 8349.989022438256, "atoms": 1}
{"apply": 0.007312250137329101, "batch_time": 0.11733651161193848, "d2h": 0.0041723489761352536, "data_time": 0.0435805758651422, "fwd": 0.02031071186065674, "get_state_time_mean": NaN, "get_state_time_total": 0.0, "grad": 0.042592740058898924, "mean_accuracy": 0.7556999921798706, "mean_loss": 0.7480553161621094, "neg_mean_accuracy": -0.7556999921798706, "set_state_time_mean": NaN, "set_state_time_total": 0.0, "setup_model_time_mean": NaN, "setup_model_time_total": 0.0, "setup_proc_time_mean": NaN, "setup_proc_time_total": 0.0, "train_accuracy": 0.8288999795913696, "train_loss": 0.48085241844177246, "training_time_mean": NaN, "training_time_total": 0.0, "validation_time_mean": NaN, "validation_time_total": 0.0, "samples": 60000, "num_workers": 1, "done": false, "timesteps_total": null, "episodes_total": null, "training_iteration": 40, "neg_mean_loss": -0.7480553161621094, "experiment_id": "bfed95f56a124f1b96411aa089b61aa5", "date": "2019-05-30_14-13-06", "timestamp": 1559250786, "time_this_iter_s": 7.117156028747559, "time_total_s": 305.5762257575989, "pid": 7688, "hostname": "steropes", "node_ip": "169.229.49.254", "config": {"starting_lr": 0.005, "momentum": 0.95, "weight_decay": 0.001, "steps_per_iteration": null, "pin": false, "model_creator": null, "target_batch_size": 1024, "model_string": "resnet18", "min_batch_size": 512, "dataset": "CIFAR", "placement": null, "use_nccl": true, "devices_per_worker": 1, "primary_resource": "extra_gpu", "gpu": false, "verbose": false, "lr_config": {"mode": "log", "steps": 5, "initial_lr": 0.005, "target_lr": 0.005}, "batch_per_device": 1024}, "time_since_restore": 305.5762257575989, "timesteps_since_restore": 0, "iterations_since_restore": 40, "mean_throughput": 8368.047651134179, "atoms": 1}
{"apply": 0.007690334320068359, "batch_time": 0.11824965476989746, "d2h": 0.0045491218566894535, "data_time": 0.04758765746136101, "fwd": 0.021027135848999023, "get_state_time_mean": NaN, "get_state_time_total": 0.0, "grad": 0.04165580272674561, "mean_accuracy": 0.755899965763092, "mean_loss": 0.751570876121521, "neg_mean_accuracy": -0.755899965763092, "set_state_time_mean": NaN, "set_state_time_total": 0.0, "setup_model_time_mean": NaN, "setup_model_time_total": 0.0, "setup_proc_time_mean": NaN, "setup_proc_time_total": 0.0, "train_accuracy": 0.8294199705123901, "train_loss": 0.47802257831573486, "training_time_mean": NaN, "training_time_total": 0.0, "validation_time_mean": NaN, "validation_time_total": 0.0, "samples": 60000, "num_workers": 1, "done": false, "timesteps_total": null, "episodes_total": null, "training_iteration": 41, "neg_mean_loss": -0.751570876121521, "experiment_id": "bfed95f56a124f1b96411aa089b61aa5", "date": "2019-05-30_14-13-14", "timestamp": 1559250794, "time_this_iter_s": 7.30524206161499, "time_total_s": 312.88146781921387, "pid": 7688, "hostname": "steropes", "node_ip": "169.229.49.254", "config": {"starting_lr": 0.005, "momentum": 0.95, "weight_decay": 0.001, "steps_per_iteration": null, "pin": false, "model_creator": null, "target_batch_size": 1024, "model_string": "resnet18", "min_batch_size": 512, "dataset": "CIFAR", "placement": null, "use_nccl": true, "devices_per_worker": 1, "primary_resource": "extra_gpu", "gpu": false, "verbose": false, "lr_config": {"mode": "log", "steps": 5, "initial_lr": 0.005, "target_lr": 0.005}, "batch_per_device": 1024}, "time_since_restore": 312.88146781921387, "timesteps_since_restore": 0, "iterations_since_restore": 41, "mean_throughput": 8342.651060573315, "atoms": 1}
{"apply": 0.007621264457702637, "batch_time": 0.11775662899017333, "d2h": 0.004595518112182617, "data_time": 0.04593992233276367, "fwd": 0.020583462715148926, "get_state_time_mean": NaN, "get_state_time_total": 0.0, "grad": 0.042136430740356445, "mean_accuracy": 0.7637999653816223, "mean_loss": 0.7293743772506713, "neg_mean_accuracy": -0.7637999653816223, "set_state_time_mean": NaN, "set_state_time_total": 0.0, "setup_model_time_mean": NaN, "setup_model_time_total": 0.0, "setup_proc_time_mean": NaN, "setup_proc_time_total": 0.0, "train_accuracy": 0.8303399682044983, "train_loss": 0.4748323474884033, "training_time_mean": NaN, "training_time_total": 0.0, "validation_time_mean": NaN, "validation_time_total": 0.0, "samples": 60000, "num_workers": 1, "done": false, "timesteps_total": null, "episodes_total": null, "training_iteration": 42, "neg_mean_loss": -0.7293743772506713, "experiment_id": "bfed95f56a124f1b96411aa089b61aa5", "date": "2019-05-30_14-13-21", "timestamp": 1559250801, "time_this_iter_s": 7.2602150440216064, "time_total_s": 320.1416828632355, "pid": 7688, "hostname": "steropes", "node_ip": "169.229.49.254", "config": {"starting_lr": 0.005, "momentum": 0.95, "weight_decay": 0.001, "steps_per_iteration": null, "pin": false, "model_creator": null, "target_batch_size": 1024, "model_string": "resnet18", "min_batch_size": 512, "dataset": "CIFAR", "placement": null, "use_nccl": true, "devices_per_worker": 1, "primary_resource": "extra_gpu", "gpu": false, "verbose": false, "lr_config": {"mode": "log", "steps": 5, "initial_lr": 0.005, "target_lr": 0.005}, "batch_per_device": 1024}, "time_since_restore": 320.1416828632355, "timesteps_since_restore": 0, "iterations_since_restore": 42, "mean_throughput": 8313.71659982457, "atoms": 1}
{"apply": 0.008458614349365234, "batch_time": 0.11550099849700927, "d2h": 0.004532837867736816, "data_time": 0.044176826671678195, "fwd": 0.021100592613220216, "get_state_time_mean": NaN, "get_state_time_total": 0.0, "grad": 0.04342706203460693, "mean_accuracy": 0.7638999819755554, "mean_loss": 0.729007500743866, "neg_mean_accuracy": -0.7638999819755554, "set_state_time_mean": NaN, "set_state_time_total": 0.0, "setup_model_time_mean": NaN, "setup_model_time_total": 0.0, "setup_proc_time_mean": NaN, "setup_proc_time_total": 0.0, "train_accuracy": 0.8351399898529053, "train_loss": 0.4645294197273254, "training_time_mean": NaN, "training_time_total": 0.0, "validation_time_mean": NaN, "validation_time_total": 0.0, "samples": 60000, "num_workers": 1, "done": false, "timesteps_total": null, "episodes_total": null, "training_iteration": 43, "neg_mean_loss": -0.729007500743866, "experiment_id": "bfed95f56a124f1b96411aa089b61aa5", "date": "2019-05-30_14-13-28", "timestamp": 1559250808, "time_this_iter_s": 7.19553804397583, "time_total_s": 327.3372209072113, "pid": 7688, "hostname": "steropes", "node_ip": "169.229.49.254", "config": {"starting_lr": 0.005, "momentum": 0.95, "weight_decay": 0.001, "steps_per_iteration": null, "pin": false, "model_creator": null, "target_batch_size": 1024, "model_string": "resnet18", "min_batch_size": 512, "dataset": "CIFAR", "placement": null, "use_nccl": true, "devices_per_worker": 1, "primary_resource": "extra_gpu", "gpu": false, "verbose": false, "lr_config": {"mode": "log", "steps": 5, "initial_lr": 0.005, "target_lr": 0.005}, "batch_per_device": 1024}, "time_since_restore": 327.3372209072113, "timesteps_since_restore": 0, "iterations_since_restore": 43, "mean_throughput": 8297.70421631701, "atoms": 1}
{"apply": 0.007103371620178223, "batch_time": 0.1158139705657959, "d2h": 0.004051661491394043, "data_time": 0.044816737272301496, "fwd": 0.020162677764892577, "get_state_time_mean": NaN, "get_state_time_total": 0.0, "grad": 0.04127657413482666, "mean_accuracy": 0.7601999640464783, "mean_loss": 0.7468319407463073, "neg_mean_accuracy": -0.7601999640464783, "set_state_time_mean": NaN, "set_state_time_total": 0.0, "setup_model_time_mean": NaN, "setup_model_time_total": 0.0, "setup_proc_time_mean": NaN, "setup_proc_time_total": 0.0, "train_accuracy": 0.8360999822616577, "train_loss": 0.458383870973587, "training_time_mean": NaN, "training_time_total": 0.0, "validation_time_mean": NaN, "validation_time_total": 0.0, "samples": 60000, "num_workers": 1, "done": false, "timesteps_total": null, "episodes_total": null, "training_iteration": 44, "neg_mean_loss": -0.7468319407463073, "experiment_id": "bfed95f56a124f1b96411aa089b61aa5", "date": "2019-05-30_14-13-35", "timestamp": 1559250815, "time_this_iter_s": 7.15810751914978, "time_total_s": 334.4953284263611, "pid": 7688, "hostname": "steropes", "node_ip": "169.229.49.254", "config": {"starting_lr": 0.005, "momentum": 0.95, "weight_decay": 0.001, "steps_per_iteration": null, "pin": false, "model_creator": null, "target_batch_size": 1024, "model_string": "resnet18", "min_batch_size": 512, "dataset": "CIFAR", "placement": null, "use_nccl": true, "devices_per_worker": 1, "primary_resource": "extra_gpu", "gpu": false, "verbose": false, "lr_config": {"mode": "log", "steps": 5, "initial_lr": 0.005, "target_lr": 0.005}, "batch_per_device": 1024}, "time_since_restore": 334.4953284263611, "timesteps_since_restore": 0, "iterations_since_restore": 44, "mean_throughput": 8324.859555468049, "atoms": 1}
{"apply": 0.007158637046813965, "batch_time": 0.117724609375, "d2h": 0.004290437698364258, "data_time": 0.04556645665849958, "fwd": 0.020048046112060548, "get_state_time_mean": NaN, "get_state_time_total": 0.0, "grad": 0.04224228858947754, "mean_accuracy": 0.7676999568939209, "mean_loss": 0.7297155527114868, "neg_mean_accuracy": -0.7676999568939209, "set_state_time_mean": NaN, "set_state_time_total": 0.0, "setup_model_time_mean": NaN, "setup_model_time_total": 0.0, "setup_proc_time_mean": NaN, "setup_proc_time_total": 0.0, "train_accuracy": 0.8361799716949463, "train_loss": 0.45689705214500426, "training_time_mean": NaN, "training_time_total": 0.0, "validation_time_mean": NaN, "validation_time_total": 0.0, "samples": 60000, "num_workers": 1, "done": false, "timesteps_total": null, "episodes_total": null, "training_iteration": 45, "neg_mean_loss": -0.7297155527114868, "experiment_id": "bfed95f56a124f1b96411aa089b61aa5", "date": "2019-05-30_14-13-43", "timestamp": 1559250823, "time_this_iter_s": 7.211299419403076, "time_total_s": 341.70662784576416, "pid": 7688, "hostname": "steropes", "node_ip": "169.229.49.254", "config": {"starting_lr": 0.005, "momentum": 0.95, "weight_decay": 0.001, "steps_per_iteration": null, "pin": false, "model_creator": null, "target_batch_size": 1024, "model_string": "resnet18", "min_batch_size": 512, "dataset": "CIFAR", "placement": null, "use_nccl": true, "devices_per_worker": 1, "primary_resource": "extra_gpu", "gpu": false, "verbose": false, "lr_config": {"mode": "log", "steps": 5, "initial_lr": 0.005, "target_lr": 0.005}, "batch_per_device": 1024}, "time_since_restore": 341.70662784576416, "timesteps_since_restore": 0, "iterations_since_restore": 45, "mean_throughput": 8303.167739705017, "atoms": 1}
{"apply": 0.007102847099304199, "batch_time": 0.11439261436462403, "d2h": 0.004233407974243164, "data_time": 0.04772065610301738, "fwd": 0.019930148124694826, "get_state_time_mean": NaN, "get_state_time_total": 0.0, "grad": 0.041610002517700195, "mean_accuracy": 0.7675999999046326, "mean_loss": 0.7305596961975097, "neg_mean_accuracy": -0.7675999999046326, "set_state_time_mean": NaN, "set_state_time_total": 0.0, "setup_model_time_mean": NaN, "setup_model_time_total": 0.0, "setup_proc_time_mean": NaN, "setup_proc_time_total": 0.0, "train_accuracy": 0.8424399495124817, "train_loss": 0.4414257048034668, "training_time_mean": NaN, "training_time_total": 0.0, "validation_time_mean": NaN, "validation_time_total": 0.0, "samples": 60000, "num_workers": 1, "done": false, "timesteps_total": null, "episodes_total": null, "training_iteration": 46, "neg_mean_loss": -0.7305596961975097, "experiment_id": "bfed95f56a124f1b96411aa089b61aa5", "date": "2019-05-30_14-13-50", "timestamp": 1559250830, "time_this_iter_s": 7.268077850341797, "time_total_s": 348.97470569610596, "pid": 7688, "hostname": "steropes", "node_ip": "169.229.49.254", "config": {"starting_lr": 0.005, "momentum": 0.95, "weight_decay": 0.001, "steps_per_iteration": null, "pin": false, "model_creator": null, "target_batch_size": 1024, "model_string": "resnet18", "min_batch_size": 512, "dataset": "CIFAR", "placement": null, "use_nccl": true, "devices_per_worker": 1, "primary_resource": "extra_gpu", "gpu": false, "verbose": false, "lr_config": {"mode": "log", "steps": 5, "initial_lr": 0.005, "target_lr": 0.005}, "batch_per_device": 1024}, "time_since_restore": 348.97470569610596, "timesteps_since_restore": 0, "iterations_since_restore": 46, "mean_throughput": 8311.713951542943, "atoms": 1}
{"apply": 0.007135510444641113, "batch_time": 0.11777503490447998, "d2h": 0.0044193267822265625, "data_time": 0.04354660851614816, "fwd": 0.020234036445617675, "get_state_time_mean": NaN, "get_state_time_total": 0.0, "grad": 0.04161932468414307, "mean_accuracy": 0.7608000040054321, "mean_loss": 0.7392287236213684, "neg_mean_accuracy": -0.7608000040054321, "set_state_time_mean": NaN, "set_state_time_total": 0.0, "setup_model_time_mean": NaN, "setup_model_time_total": 0.0, "setup_proc_time_mean": NaN, "setup_proc_time_total": 0.0, "train_accuracy": 0.8435999751091003, "train_loss": 0.4357874621677399, "training_time_mean": NaN, "training_time_total": 0.0, "validation_time_mean": NaN, "validation_time_total": 0.0, "samples": 60000, "num_workers": 1, "done": false, "timesteps_total": null, "episodes_total": null, "training_iteration": 47, "neg_mean_loss": -0.7392287236213684, "experiment_id": "bfed95f56a124f1b96411aa089b61aa5", "date": "2019-05-30_14-13-57", "timestamp": 1559250837, "time_this_iter_s": 7.143348693847656, "time_total_s": 356.1180543899536, "pid": 7688, "hostname": "steropes", "node_ip": "169.229.49.254", "config": {"starting_lr": 0.005, "momentum": 0.95, "weight_decay": 0.001, "steps_per_iteration": null, "pin": false, "model_creator": null, "target_batch_size": 1024, "model_string": "resnet18", "min_batch_size": 512, "dataset": "CIFAR", "placement": null, "use_nccl": true, "devices_per_worker": 1, "primary_resource": "extra_gpu", "gpu": false, "verbose": false, "lr_config": {"mode": "log", "steps": 5, "initial_lr": 0.005, "target_lr": 0.005}, "batch_per_device": 1024}, "time_since_restore": 356.1180543899536, "timesteps_since_restore": 0, "iterations_since_restore": 47, "mean_throughput": 8338.7117063541, "atoms": 1}
{"apply": 0.007866358757019043, "batch_time": 0.11790058612823487, "d2h": 0.0048341512680053714, "data_time": 0.046575531667592575, "fwd": 0.020821022987365722, "get_state_time_mean": NaN, "get_state_time_total": 0.0, "grad": 0.041646361351013184, "mean_accuracy": 0.7609999775886536, "mean_loss": 0.7533859580993653, "neg_mean_accuracy": -0.7609999775886536, "set_state_time_mean": NaN, "set_state_time_total": 0.0, "setup_model_time_mean": NaN, "setup_model_time_total": 0.0, "setup_proc_time_mean": NaN, "setup_proc_time_total": 0.0, "train_accuracy": 0.8516599535942078, "train_loss": 0.4140344765377045, "training_time_mean": NaN, "training_time_total": 0.0, "validation_time_mean": NaN, "validation_time_total": 0.0, "samples": 60000, "num_workers": 1, "done": false, "timesteps_total": null, "episodes_total": null, "training_iteration": 48, "neg_mean_loss": -0.7533859580993653, "experiment_id": "bfed95f56a124f1b96411aa089b61aa5", "date": "2019-05-30_14-14-04", "timestamp": 1559250844, "time_this_iter_s": 7.306812763214111, "time_total_s": 363.4248671531677, "pid": 7688, "hostname": "steropes", "node_ip": "169.229.49.254", "config": {"starting_lr": 0.005, "momentum": 0.95, "weight_decay": 0.001, "steps_per_iteration": null, "pin": false, "model_creator": null, "target_batch_size": 1024, "model_string": "resnet18", "min_batch_size": 512, "dataset": "CIFAR", "placement": null, "use_nccl": true, "devices_per_worker": 1, "primary_resource": "extra_gpu", "gpu": false, "verbose": false, "lr_config": {"mode": "log", "steps": 5, "initial_lr": 0.005, "target_lr": 0.005}, "batch_per_device": 1024}, "time_since_restore": 363.4248671531677, "timesteps_since_restore": 0, "iterations_since_restore": 48, "mean_throughput": 8312.996914880785, "atoms": 1}
{"apply": 0.0073277950286865234, "batch_time": 0.11776454448699951, "d2h": 0.004376626014709473, "data_time": 0.045279434749058316, "fwd": 0.020334768295288085, "get_state_time_mean": NaN, "get_state_time_total": 0.0, "grad": 0.04138343334197998, "mean_accuracy": 0.7742999792098999, "mean_loss": 0.7085961624145508, "neg_mean_accuracy": -0.7742999792098999, "set_state_time_mean": NaN, "set_state_time_total": 0.0, "setup_model_time_mean": NaN, "setup_model_time_total": 0.0, "setup_proc_time_mean": NaN, "setup_proc_time_total": 0.0, "train_accuracy": 0.8546800017356873, "train_loss": 0.40930585490226745, "training_time_mean": NaN, "training_time_total": 0.0, "validation_time_mean": NaN, "validation_time_total": 0.0, "samples": 60000, "num_workers": 1, "done": false, "timesteps_total": null, "episodes_total": null, "training_iteration": 49, "neg_mean_loss": -0.7085961624145508, "experiment_id": "bfed95f56a124f1b96411aa089b61aa5", "date": "2019-05-30_14-14-12", "timestamp": 1559250852, "time_this_iter_s": 7.227885723114014, "time_total_s": 370.65275287628174, "pid": 7688, "hostname": "steropes", "node_ip": "169.229.49.254", "config": {"starting_lr": 0.005, "momentum": 0.95, "weight_decay": 0.001, "steps_per_iteration": null, "pin": false, "model_creator": null, "target_batch_size": 1024, "model_string": "resnet18", "min_batch_size": 512, "dataset": "CIFAR", "placement": null, "use_nccl": true, "devices_per_worker": 1, "primary_resource": "extra_gpu", "gpu": false, "verbose": false, "lr_config": {"mode": "log", "steps": 5, "initial_lr": 0.005, "target_lr": 0.005}, "batch_per_device": 1024}, "time_since_restore": 370.65275287628174, "timesteps_since_restore": 0, "iterations_since_restore": 49, "mean_throughput": 8296.951685357873, "atoms": 1}
{"apply": 0.007358813285827636, "batch_time": 0.11848592758178711, "d2h": 0.004501938819885254, "data_time": 0.04327503515749562, "fwd": 0.0205324649810791, "get_state_time_mean": NaN, "get_state_time_total": 0.0, "grad": 0.04202456474304199, "mean_accuracy": 0.7705000042915344, "mean_loss": 0.7280597485542297, "neg_mean_accuracy": -0.7705000042915344, "set_state_time_mean": NaN, "set_state_time_total": 0.0, "setup_model_time_mean": NaN, "setup_model_time_total": 0.0, "setup_proc_time_mean": NaN, "setup_proc_time_total": 0.0, "train_accuracy": 0.8573399782180786, "train_loss": 0.400061558303833, "training_time_mean": NaN, "training_time_total": 0.0, "validation_time_mean": NaN, "validation_time_total": 0.0, "samples": 60000, "num_workers": 1, "done": false, "timesteps_total": null, "episodes_total": null, "training_iteration": 50, "neg_mean_loss": -0.7280597485542297, "experiment_id": "bfed95f56a124f1b96411aa089b61aa5", "date": "2019-05-30_14-14-19", "timestamp": 1559250859, "time_this_iter_s": 7.119492530822754, "time_total_s": 377.7722454071045, "pid": 7688, "hostname": "steropes", "node_ip": "169.229.49.254", "config": {"starting_lr": 0.005, "momentum": 0.95, "weight_decay": 0.001, "steps_per_iteration": null, "pin": false, "model_creator": null, "target_batch_size": 1024, "model_string": "resnet18", "min_batch_size": 512, "dataset": "CIFAR", "placement": null, "use_nccl": true, "devices_per_worker": 1, "primary_resource": "extra_gpu", "gpu": false, "verbose": false, "lr_config": {"mode": "log", "steps": 5, "initial_lr": 0.005, "target_lr": 0.005}, "batch_per_device": 1024}, "time_since_restore": 377.7722454071045, "timesteps_since_restore": 0, "iterations_since_restore": 50, "mean_throughput": 8318.07262953137, "atoms": 1}
