apply,batch_time,d2h,data_time,fwd,get_state_time_mean,get_state_time_total,grad,mean_accuracy,mean_loss,neg_mean_accuracy,set_state_time_mean,set_state_time_total,setup_model_time_mean,setup_model_time_total,setup_proc_time_mean,setup_proc_time_total,train_accuracy,train_loss,training_time_mean,training_time_total,validation_time_mean,validation_time_total,samples,num_workers,done,timesteps_total,episodes_total,training_iteration,neg_mean_loss,experiment_id,date,timestamp,time_this_iter_s,time_total_s,pid,hostname,node_ip,config,time_since_restore,timesteps_since_restore,iterations_since_restore,mean_throughput,atoms,resource_time
0.00785684585571289,0.18548274040222168,0.005026912689208985,0.037591510889481525,0.07002148628234864,nan,0.0,0.163497257232666,0.27129998803138733,2.248530046844482,-0.27129998803138733,nan,0.0,16.79900026321411,16.79900026321411,1.793564796447754,1.793564796447754,0.25718000531196594,2.5945811647415162,nan,0.0,nan,0.0,60000,1,False,,,1,-2.248530046844482,860034e368da48ed9e0b8f15b0f88918,2019-05-30_14-56-42,1559253402,11.860695362091064,11.860695362091064,27560,steropes,169.229.49.254,"{'starting_lr': 0.005, 'momentum': 0.997, 'weight_decay': 0.0005, 'steps_per_iteration': None, 'pin': False, 'model_creator': None, 'target_batch_size': 1024, 'model_string': 'resnet18', 'min_batch_size': 512, 'dataset': 'CIFAR', 'placement': None, 'use_nccl': True, 'devices_per_worker': 1, 'primary_resource': 'extra_gpu', 'gpu': False, 'verbose': False, 'lr_config': {'mode': 'log', 'steps': 5, 'initial_lr': 0.005, 'target_lr': 0.005}, 'batch_per_device': 1024}",11.860695362091064,0,1,5058.675294817743,1,11.860695362091064
0.008221936225891114,0.13428111076354982,0.005619239807128906,0.030041743297966158,0.03470380306243896,nan,0.0,0.05715663433074951,0.4017999768257141,1.7701925247192383,-0.4017999768257141,nan,0.0,nan,0.0,nan,0.0,0.3901599943637848,1.6700917668914794,nan,0.0,nan,0.0,60000,1,False,,,2,-1.7701925247192383,860034e368da48ed9e0b8f15b0f88918,2019-05-30_14-56-51,1559253411,8.210598945617676,20.07129430770874,27560,steropes,169.229.49.254,"{'starting_lr': 0.005, 'momentum': 0.997, 'weight_decay': 0.0005, 'steps_per_iteration': None, 'pin': False, 'model_creator': None, 'target_batch_size': 1024, 'model_string': 'resnet18', 'min_batch_size': 512, 'dataset': 'CIFAR', 'placement': None, 'use_nccl': True, 'devices_per_worker': 1, 'primary_resource': 'extra_gpu', 'gpu': False, 'verbose': False, 'lr_config': {'mode': 'log', 'steps': 5, 'initial_lr': 0.005, 'target_lr': 0.005}, 'batch_per_device': 1024}",20.07129430770874,0,2,5978.629587595685,1,20.07129430770874
0.0076029300689697266,0.1330425500869751,0.0067375898361206055,0.03654295570996343,0.024048805236816406,nan,0.0,0.04889681339263916,0.4448999762535095,1.5943381567001342,-0.4448999762535095,nan,0.0,nan,0.0,nan,0.0,0.43195998668670654,1.5552312871170044,nan,0.0,nan,0.0,60000,1,False,,,3,-1.5943381567001342,860034e368da48ed9e0b8f15b0f88918,2019-05-30_14-56-59,1559253419,8.332746267318726,28.404040575027466,27560,steropes,169.229.49.254,"{'starting_lr': 0.005, 'momentum': 0.997, 'weight_decay': 0.0005, 'steps_per_iteration': None, 'pin': False, 'model_creator': None, 'target_batch_size': 1024, 'model_string': 'resnet18', 'min_batch_size': 512, 'dataset': 'CIFAR', 'placement': None, 'use_nccl': True, 'devices_per_worker': 1, 'primary_resource': 'extra_gpu', 'gpu': False, 'verbose': False, 'lr_config': {'mode': 'log', 'steps': 5, 'initial_lr': 0.005, 'target_lr': 0.005}, 'batch_per_device': 1024}",28.404040575027466,0,3,6337.063263409291,1,28.404040575027466
0.008602738380432129,0.1482367753982544,0.006282734870910645,0.032121848086921534,0.03174300193786621,nan,0.0,0.056005001068115234,0.48829999566078186,1.457672069168091,-0.48829999566078186,nan,0.0,nan,0.0,nan,0.0,0.45645999908447266,1.4848572491836547,nan,0.0,nan,0.0,60000,1,False,,,4,-1.457672069168091,860034e368da48ed9e0b8f15b0f88918,2019-05-30_14-57-08,1559253428,8.727909803390503,37.13195037841797,27560,steropes,169.229.49.254,"{'starting_lr': 0.005, 'momentum': 0.997, 'weight_decay': 0.0005, 'steps_per_iteration': None, 'pin': False, 'model_creator': None, 'target_batch_size': 1024, 'model_string': 'resnet18', 'min_batch_size': 512, 'dataset': 'CIFAR', 'placement': None, 'use_nccl': True, 'devices_per_worker': 1, 'primary_resource': 'extra_gpu', 'gpu': False, 'verbose': False, 'lr_config': {'mode': 'log', 'steps': 5, 'initial_lr': 0.005, 'target_lr': 0.005}, 'batch_per_device': 1024}",37.13195037841797,0,4,6463.372373645095,1,37.13195037841797
0.007549500465393067,0.13298566341400148,0.008333158493041993,0.03909438483569087,0.03852245807647705,nan,0.0,0.055141997337341306,0.5072999596595764,1.3994527446746827,-0.5072999596595764,nan,0.0,nan,0.0,nan,0.0,0.4794999957084656,1.4388077290725707,nan,0.0,nan,0.0,60000,1,False,,,5,-1.3994527446746827,860034e368da48ed9e0b8f15b0f88918,2019-05-30_14-57-16,1559253436,8.569176197052002,45.70112657546997,27560,steropes,169.229.49.254,"{'starting_lr': 0.005, 'momentum': 0.997, 'weight_decay': 0.0005, 'steps_per_iteration': None, 'pin': False, 'model_creator': None, 'target_batch_size': 1024, 'model_string': 'resnet18', 'min_batch_size': 512, 'dataset': 'CIFAR', 'placement': None, 'use_nccl': True, 'devices_per_worker': 1, 'primary_resource': 'extra_gpu', 'gpu': False, 'verbose': False, 'lr_config': {'mode': 'log', 'steps': 5, 'initial_lr': 0.005, 'target_lr': 0.005}, 'batch_per_device': 1024}",45.70112657546997,0,5,6564.325492449147,1,45.70112657546997
0.007151365280151367,0.12365291118621827,0.00516822338104248,0.036673842644204896,0.0251284122467041,nan,0.0,0.0564267635345459,0.5220999717712402,1.3483996616363525,-0.5220999717712402,nan,0.0,nan,0.0,nan,0.0,0.49932000041007996,1.3730257369995118,nan,0.0,nan,0.0,60000,1,False,,,6,-1.3483996616363525,860034e368da48ed9e0b8f15b0f88918,2019-05-30_14-57-24,1559253444,8.248512744903564,53.949639320373535,27560,steropes,169.229.49.254,"{'starting_lr': 0.005, 'momentum': 0.997, 'weight_decay': 0.0005, 'steps_per_iteration': None, 'pin': False, 'model_creator': None, 'target_batch_size': 1024, 'model_string': 'resnet18', 'min_batch_size': 512, 'dataset': 'CIFAR', 'placement': None, 'use_nccl': True, 'devices_per_worker': 1, 'primary_resource': 'extra_gpu', 'gpu': False, 'verbose': False, 'lr_config': {'mode': 'log', 'steps': 5, 'initial_lr': 0.005, 'target_lr': 0.005}, 'batch_per_device': 1024}",53.949639320373535,0,6,7127.692533290786,1,53.949639320373535
0.00784151554107666,0.1502002239227295,0.00677947998046875,0.034141331302876374,0.03418645858764648,nan,0.0,0.059995841979980466,0.5612999796867371,1.2533930948257446,-0.5612999796867371,nan,0.0,nan,0.0,nan,0.0,0.5266000032424927,1.3152785080718994,nan,0.0,nan,0.0,60000,1,False,,,7,-1.2533930948257446,860034e368da48ed9e0b8f15b0f88918,2019-05-30_14-57-33,1559253453,8.831117153167725,62.78075647354126,27560,steropes,169.229.49.254,"{'starting_lr': 0.005, 'momentum': 0.997, 'weight_decay': 0.0005, 'steps_per_iteration': None, 'pin': False, 'model_creator': None, 'target_batch_size': 1024, 'model_string': 'resnet18', 'min_batch_size': 512, 'dataset': 'CIFAR', 'placement': None, 'use_nccl': True, 'devices_per_worker': 1, 'primary_resource': 'extra_gpu', 'gpu': False, 'verbose': False, 'lr_config': {'mode': 'log', 'steps': 5, 'initial_lr': 0.005, 'target_lr': 0.005}, 'batch_per_device': 1024}",62.78075647354126,0,7,7024.109185530841,1,62.78075647354126
0.008904457092285156,0.12996313571929932,0.006549358367919922,0.029428399339014172,0.03321342468261719,nan,0.0,0.05992457866668701,0.574400007724762,1.2750955097198486,-0.574400007724762,nan,0.0,nan,0.0,nan,0.0,0.5432599782943726,1.2749966625213622,nan,0.0,nan,0.0,60000,1,False,,,8,-1.2750955097198486,860034e368da48ed9e0b8f15b0f88918,2019-05-30_14-57-42,1559253462,8.474337577819824,71.25509405136108,27560,steropes,169.229.49.254,"{'starting_lr': 0.005, 'momentum': 0.997, 'weight_decay': 0.0005, 'steps_per_iteration': None, 'pin': False, 'model_creator': None, 'target_batch_size': 1024, 'model_string': 'resnet18', 'min_batch_size': 512, 'dataset': 'CIFAR', 'placement': None, 'use_nccl': True, 'devices_per_worker': 1, 'primary_resource': 'extra_gpu', 'gpu': False, 'verbose': False, 'lr_config': {'mode': 'log', 'steps': 5, 'initial_lr': 0.005, 'target_lr': 0.005}, 'batch_per_device': 1024}",71.25509405136108,0,8,7000.900631577122,1,71.25509405136108
0.007894253730773926,0.13328211307525634,0.005516767501831055,0.032121497757580816,0.03355958461761475,nan,0.0,0.051263070106506346,0.5618000030517578,1.2249186264038086,-0.5618000030517578,nan,0.0,nan,0.0,nan,0.0,0.5537999868392944,1.2351786003494263,nan,0.0,nan,0.0,60000,1,False,,,9,-1.2249186264038086,860034e368da48ed9e0b8f15b0f88918,2019-05-30_14-57-50,1559253470,8.595713376998901,79.85080742835999,27560,steropes,169.229.49.254,"{'starting_lr': 0.005, 'momentum': 0.997, 'weight_decay': 0.0005, 'steps_per_iteration': None, 'pin': False, 'model_creator': None, 'target_batch_size': 1024, 'model_string': 'resnet18', 'min_batch_size': 512, 'dataset': 'CIFAR', 'placement': None, 'use_nccl': True, 'devices_per_worker': 1, 'primary_resource': 'extra_gpu', 'gpu': False, 'verbose': False, 'lr_config': {'mode': 'log', 'steps': 5, 'initial_lr': 0.005, 'target_lr': 0.005}, 'batch_per_device': 1024}",79.85080742835999,0,9,7022.56608535955,1,79.85080742835999
0.007625460624694824,0.12941946983337402,0.006052660942077637,0.03828614585253657,0.02365882396697998,nan,0.0,0.05588541030883789,0.5996999740600586,1.1543903301239014,-0.5996999740600586,nan,0.0,nan,0.0,nan,0.0,0.5728799700737,1.196818296813965,nan,0.0,nan,0.0,60000,1,False,,,10,-1.1543903301239014,860034e368da48ed9e0b8f15b0f88918,2019-05-30_14-57-59,1559253479,8.514334440231323,88.36514186859131,27560,steropes,169.229.49.254,"{'starting_lr': 0.005, 'momentum': 0.997, 'weight_decay': 0.0005, 'steps_per_iteration': None, 'pin': False, 'model_creator': None, 'target_batch_size': 1024, 'model_string': 'resnet18', 'min_batch_size': 512, 'dataset': 'CIFAR', 'placement': None, 'use_nccl': True, 'devices_per_worker': 1, 'primary_resource': 'extra_gpu', 'gpu': False, 'verbose': False, 'lr_config': {'mode': 'log', 'steps': 5, 'initial_lr': 0.005, 'target_lr': 0.005}, 'batch_per_device': 1024}",88.36514186859131,0,10,7031.593399769345,1,88.36514186859131
0.007512044906616211,0.14058916568756102,0.0054858684539794925,0.03857148910055355,0.027489948272705077,nan,0.0,0.05606997013092041,0.6025999784469604,1.1398480867385865,-0.6025999784469604,nan,0.0,nan,0.0,nan,0.0,0.5890600085258484,1.1616473776245118,nan,0.0,nan,0.0,60000,1,False,,,11,-1.1398480867385865,860034e368da48ed9e0b8f15b0f88918,2019-05-30_14-58-08,1559253488,8.927836656570435,97.29297852516174,27560,steropes,169.229.49.254,"{'starting_lr': 0.005, 'momentum': 0.997, 'weight_decay': 0.0005, 'steps_per_iteration': None, 'pin': False, 'model_creator': None, 'target_batch_size': 1024, 'model_string': 'resnet18', 'min_batch_size': 512, 'dataset': 'CIFAR', 'placement': None, 'use_nccl': True, 'devices_per_worker': 1, 'primary_resource': 'extra_gpu', 'gpu': False, 'verbose': False, 'lr_config': {'mode': 'log', 'steps': 5, 'initial_lr': 0.005, 'target_lr': 0.005}, 'batch_per_device': 1024}",97.29297852516174,0,11,6921.388755700408,1,97.29297852516174
0.00701446533203125,0.11680233478546143,0.004786968231201172,0.036412788897144555,0.020804691314697265,nan,0.0,0.04275600910186768,0.6118999719619751,1.0779634763717652,-0.6118999719619751,nan,0.0,nan,0.0,nan,0.0,0.601639986038208,1.112249274597168,nan,0.0,nan,0.0,60000,1,True,,,12,-1.0779634763717652,860034e368da48ed9e0b8f15b0f88918,2019-05-30_14-58-15,1559253495,7.694374084472656,104.9873526096344,27560,steropes,169.229.49.254,"{'starting_lr': 0.005, 'momentum': 0.997, 'weight_decay': 0.0005, 'steps_per_iteration': None, 'pin': False, 'model_creator': None, 'target_batch_size': 1024, 'model_string': 'resnet18', 'min_batch_size': 512, 'dataset': 'CIFAR', 'placement': None, 'use_nccl': True, 'devices_per_worker': 1, 'primary_resource': 'extra_gpu', 'gpu': False, 'verbose': False, 'lr_config': {'mode': 'log', 'steps': 5, 'initial_lr': 0.005, 'target_lr': 0.005}, 'batch_per_device': 1024}",104.9873526096344,0,12,7107.825753373228,1,104.9873526096344
