{"apply": 0.00785684585571289, "batch_time": 0.18548274040222168, "d2h": 0.005026912689208985, "data_time": 0.037591510889481525, "fwd": 0.07002148628234864, "get_state_time_mean": NaN, "get_state_time_total": 0.0, "grad": 0.163497257232666, "mean_accuracy": 0.27129998803138733, "mean_loss": 2.248530046844482, "neg_mean_accuracy": -0.27129998803138733, "set_state_time_mean": NaN, "set_state_time_total": 0.0, "setup_model_time_mean": 16.79900026321411, "setup_model_time_total": 16.79900026321411, "setup_proc_time_mean": 1.793564796447754, "setup_proc_time_total": 1.793564796447754, "train_accuracy": 0.25718000531196594, "train_loss": 2.5945811647415162, "training_time_mean": NaN, "training_time_total": 0.0, "validation_time_mean": NaN, "validation_time_total": 0.0, "samples": 60000, "num_workers": 1, "done": false, "timesteps_total": null, "episodes_total": null, "training_iteration": 1, "neg_mean_loss": -2.248530046844482, "experiment_id": "860034e368da48ed9e0b8f15b0f88918", "date": "2019-05-30_14-56-42", "timestamp": 1559253402, "time_this_iter_s": 11.860695362091064, "time_total_s": 11.860695362091064, "pid": 27560, "hostname": "steropes", "node_ip": "169.229.49.254", "config": {"starting_lr": 0.005, "momentum": 0.997, "weight_decay": 0.0005, "steps_per_iteration": null, "pin": false, "model_creator": null, "target_batch_size": 1024, "model_string": "resnet18", "min_batch_size": 512, "dataset": "CIFAR", "placement": null, "use_nccl": true, "devices_per_worker": 1, "primary_resource": "extra_gpu", "gpu": false, "verbose": false, "lr_config": {"mode": "log", "steps": 5, "initial_lr": 0.005, "target_lr": 0.005}, "batch_per_device": 1024}, "time_since_restore": 11.860695362091064, "timesteps_since_restore": 0, "iterations_since_restore": 1, "mean_throughput": 5058.675294817743, "atoms": 1, "resource_time": 11.860695362091064}
{"apply": 0.008221936225891114, "batch_time": 0.13428111076354982, "d2h": 0.005619239807128906, "data_time": 0.030041743297966158, "fwd": 0.03470380306243896, "get_state_time_mean": NaN, "get_state_time_total": 0.0, "grad": 0.05715663433074951, "mean_accuracy": 0.4017999768257141, "mean_loss": 1.7701925247192383, "neg_mean_accuracy": -0.4017999768257141, "set_state_time_mean": NaN, "set_state_time_total": 0.0, "setup_model_time_mean": NaN, "setup_model_time_total": 0.0, "setup_proc_time_mean": NaN, "setup_proc_time_total": 0.0, "train_accuracy": 0.3901599943637848, "train_loss": 1.6700917668914794, "training_time_mean": NaN, "training_time_total": 0.0, "validation_time_mean": NaN, "validation_time_total": 0.0, "samples": 60000, "num_workers": 1, "done": false, "timesteps_total": null, "episodes_total": null, "training_iteration": 2, "neg_mean_loss": -1.7701925247192383, "experiment_id": "860034e368da48ed9e0b8f15b0f88918", "date": "2019-05-30_14-56-51", "timestamp": 1559253411, "time_this_iter_s": 8.210598945617676, "time_total_s": 20.07129430770874, "pid": 27560, "hostname": "steropes", "node_ip": "169.229.49.254", "config": {"starting_lr": 0.005, "momentum": 0.997, "weight_decay": 0.0005, "steps_per_iteration": null, "pin": false, "model_creator": null, "target_batch_size": 1024, "model_string": "resnet18", "min_batch_size": 512, "dataset": "CIFAR", "placement": null, "use_nccl": true, "devices_per_worker": 1, "primary_resource": "extra_gpu", "gpu": false, "verbose": false, "lr_config": {"mode": "log", "steps": 5, "initial_lr": 0.005, "target_lr": 0.005}, "batch_per_device": 1024}, "time_since_restore": 20.07129430770874, "timesteps_since_restore": 0, "iterations_since_restore": 2, "mean_throughput": 5978.629587595685, "atoms": 1, "resource_time": 20.07129430770874}
{"apply": 0.0076029300689697266, "batch_time": 0.1330425500869751, "d2h": 0.0067375898361206055, "data_time": 0.03654295570996343, "fwd": 0.024048805236816406, "get_state_time_mean": NaN, "get_state_time_total": 0.0, "grad": 0.04889681339263916, "mean_accuracy": 0.4448999762535095, "mean_loss": 1.5943381567001342, "neg_mean_accuracy": -0.4448999762535095, "set_state_time_mean": NaN, "set_state_time_total": 0.0, "setup_model_time_mean": NaN, "setup_model_time_total": 0.0, "setup_proc_time_mean": NaN, "setup_proc_time_total": 0.0, "train_accuracy": 0.43195998668670654, "train_loss": 1.5552312871170044, "training_time_mean": NaN, "training_time_total": 0.0, "validation_time_mean": NaN, "validation_time_total": 0.0, "samples": 60000, "num_workers": 1, "done": false, "timesteps_total": null, "episodes_total": null, "training_iteration": 3, "neg_mean_loss": -1.5943381567001342, "experiment_id": "860034e368da48ed9e0b8f15b0f88918", "date": "2019-05-30_14-56-59", "timestamp": 1559253419, "time_this_iter_s": 8.332746267318726, "time_total_s": 28.404040575027466, "pid": 27560, "hostname": "steropes", "node_ip": "169.229.49.254", "config": {"starting_lr": 0.005, "momentum": 0.997, "weight_decay": 0.0005, "steps_per_iteration": null, "pin": false, "model_creator": null, "target_batch_size": 1024, "model_string": "resnet18", "min_batch_size": 512, "dataset": "CIFAR", "placement": null, "use_nccl": true, "devices_per_worker": 1, "primary_resource": "extra_gpu", "gpu": false, "verbose": false, "lr_config": {"mode": "log", "steps": 5, "initial_lr": 0.005, "target_lr": 0.005}, "batch_per_device": 1024}, "time_since_restore": 28.404040575027466, "timesteps_since_restore": 0, "iterations_since_restore": 3, "mean_throughput": 6337.063263409291, "atoms": 1, "resource_time": 28.404040575027466}
{"apply": 0.008602738380432129, "batch_time": 0.1482367753982544, "d2h": 0.006282734870910645, "data_time": 0.032121848086921534, "fwd": 0.03174300193786621, "get_state_time_mean": NaN, "get_state_time_total": 0.0, "grad": 0.056005001068115234, "mean_accuracy": 0.48829999566078186, "mean_loss": 1.457672069168091, "neg_mean_accuracy": -0.48829999566078186, "set_state_time_mean": NaN, "set_state_time_total": 0.0, "setup_model_time_mean": NaN, "setup_model_time_total": 0.0, "setup_proc_time_mean": NaN, "setup_proc_time_total": 0.0, "train_accuracy": 0.45645999908447266, "train_loss": 1.4848572491836547, "training_time_mean": NaN, "training_time_total": 0.0, "validation_time_mean": NaN, "validation_time_total": 0.0, "samples": 60000, "num_workers": 1, "done": false, "timesteps_total": null, "episodes_total": null, "training_iteration": 4, "neg_mean_loss": -1.457672069168091, "experiment_id": "860034e368da48ed9e0b8f15b0f88918", "date": "2019-05-30_14-57-08", "timestamp": 1559253428, "time_this_iter_s": 8.727909803390503, "time_total_s": 37.13195037841797, "pid": 27560, "hostname": "steropes", "node_ip": "169.229.49.254", "config": {"starting_lr": 0.005, "momentum": 0.997, "weight_decay": 0.0005, "steps_per_iteration": null, "pin": false, "model_creator": null, "target_batch_size": 1024, "model_string": "resnet18", "min_batch_size": 512, "dataset": "CIFAR", "placement": null, "use_nccl": true, "devices_per_worker": 1, "primary_resource": "extra_gpu", "gpu": false, "verbose": false, "lr_config": {"mode": "log", "steps": 5, "initial_lr": 0.005, "target_lr": 0.005}, "batch_per_device": 1024}, "time_since_restore": 37.13195037841797, "timesteps_since_restore": 0, "iterations_since_restore": 4, "mean_throughput": 6463.372373645095, "atoms": 1, "resource_time": 37.13195037841797}
{"apply": 0.007549500465393067, "batch_time": 0.13298566341400148, "d2h": 0.008333158493041993, "data_time": 0.03909438483569087, "fwd": 0.03852245807647705, "get_state_time_mean": NaN, "get_state_time_total": 0.0, "grad": 0.055141997337341306, "mean_accuracy": 0.5072999596595764, "mean_loss": 1.3994527446746827, "neg_mean_accuracy": -0.5072999596595764, "set_state_time_mean": NaN, "set_state_time_total": 0.0, "setup_model_time_mean": NaN, "setup_model_time_total": 0.0, "setup_proc_time_mean": NaN, "setup_proc_time_total": 0.0, "train_accuracy": 0.4794999957084656, "train_loss": 1.4388077290725707, "training_time_mean": NaN, "training_time_total": 0.0, "validation_time_mean": NaN, "validation_time_total": 0.0, "samples": 60000, "num_workers": 1, "done": false, "timesteps_total": null, "episodes_total": null, "training_iteration": 5, "neg_mean_loss": -1.3994527446746827, "experiment_id": "860034e368da48ed9e0b8f15b0f88918", "date": "2019-05-30_14-57-16", "timestamp": 1559253436, "time_this_iter_s": 8.569176197052002, "time_total_s": 45.70112657546997, "pid": 27560, "hostname": "steropes", "node_ip": "169.229.49.254", "config": {"starting_lr": 0.005, "momentum": 0.997, "weight_decay": 0.0005, "steps_per_iteration": null, "pin": false, "model_creator": null, "target_batch_size": 1024, "model_string": "resnet18", "min_batch_size": 512, "dataset": "CIFAR", "placement": null, "use_nccl": true, "devices_per_worker": 1, "primary_resource": "extra_gpu", "gpu": false, "verbose": false, "lr_config": {"mode": "log", "steps": 5, "initial_lr": 0.005, "target_lr": 0.005}, "batch_per_device": 1024}, "time_since_restore": 45.70112657546997, "timesteps_since_restore": 0, "iterations_since_restore": 5, "mean_throughput": 6564.325492449147, "atoms": 1, "resource_time": 45.70112657546997}
{"apply": 0.007151365280151367, "batch_time": 0.12365291118621827, "d2h": 0.00516822338104248, "data_time": 0.036673842644204896, "fwd": 0.0251284122467041, "get_state_time_mean": NaN, "get_state_time_total": 0.0, "grad": 0.0564267635345459, "mean_accuracy": 0.5220999717712402, "mean_loss": 1.3483996616363525, "neg_mean_accuracy": -0.5220999717712402, "set_state_time_mean": NaN, "set_state_time_total": 0.0, "setup_model_time_mean": NaN, "setup_model_time_total": 0.0, "setup_proc_time_mean": NaN, "setup_proc_time_total": 0.0, "train_accuracy": 0.49932000041007996, "train_loss": 1.3730257369995118, "training_time_mean": NaN, "training_time_total": 0.0, "validation_time_mean": NaN, "validation_time_total": 0.0, "samples": 60000, "num_workers": 1, "done": false, "timesteps_total": null, "episodes_total": null, "training_iteration": 6, "neg_mean_loss": -1.3483996616363525, "experiment_id": "860034e368da48ed9e0b8f15b0f88918", "date": "2019-05-30_14-57-24", "timestamp": 1559253444, "time_this_iter_s": 8.248512744903564, "time_total_s": 53.949639320373535, "pid": 27560, "hostname": "steropes", "node_ip": "169.229.49.254", "config": {"starting_lr": 0.005, "momentum": 0.997, "weight_decay": 0.0005, "steps_per_iteration": null, "pin": false, "model_creator": null, "target_batch_size": 1024, "model_string": "resnet18", "min_batch_size": 512, "dataset": "CIFAR", "placement": null, "use_nccl": true, "devices_per_worker": 1, "primary_resource": "extra_gpu", "gpu": false, "verbose": false, "lr_config": {"mode": "log", "steps": 5, "initial_lr": 0.005, "target_lr": 0.005}, "batch_per_device": 1024}, "time_since_restore": 53.949639320373535, "timesteps_since_restore": 0, "iterations_since_restore": 6, "mean_throughput": 7127.692533290786, "atoms": 1, "resource_time": 53.949639320373535}
{"apply": 0.00784151554107666, "batch_time": 0.1502002239227295, "d2h": 0.00677947998046875, "data_time": 0.034141331302876374, "fwd": 0.03418645858764648, "get_state_time_mean": NaN, "get_state_time_total": 0.0, "grad": 0.059995841979980466, "mean_accuracy": 0.5612999796867371, "mean_loss": 1.2533930948257446, "neg_mean_accuracy": -0.5612999796867371, "set_state_time_mean": NaN, "set_state_time_total": 0.0, "setup_model_time_mean": NaN, "setup_model_time_total": 0.0, "setup_proc_time_mean": NaN, "setup_proc_time_total": 0.0, "train_accuracy": 0.5266000032424927, "train_loss": 1.3152785080718994, "training_time_mean": NaN, "training_time_total": 0.0, "validation_time_mean": NaN, "validation_time_total": 0.0, "samples": 60000, "num_workers": 1, "done": false, "timesteps_total": null, "episodes_total": null, "training_iteration": 7, "neg_mean_loss": -1.2533930948257446, "experiment_id": "860034e368da48ed9e0b8f15b0f88918", "date": "2019-05-30_14-57-33", "timestamp": 1559253453, "time_this_iter_s": 8.831117153167725, "time_total_s": 62.78075647354126, "pid": 27560, "hostname": "steropes", "node_ip": "169.229.49.254", "config": {"starting_lr": 0.005, "momentum": 0.997, "weight_decay": 0.0005, "steps_per_iteration": null, "pin": false, "model_creator": null, "target_batch_size": 1024, "model_string": "resnet18", "min_batch_size": 512, "dataset": "CIFAR", "placement": null, "use_nccl": true, "devices_per_worker": 1, "primary_resource": "extra_gpu", "gpu": false, "verbose": false, "lr_config": {"mode": "log", "steps": 5, "initial_lr": 0.005, "target_lr": 0.005}, "batch_per_device": 1024}, "time_since_restore": 62.78075647354126, "timesteps_since_restore": 0, "iterations_since_restore": 7, "mean_throughput": 7024.109185530841, "atoms": 1, "resource_time": 62.78075647354126}
{"apply": 0.008904457092285156, "batch_time": 0.12996313571929932, "d2h": 0.006549358367919922, "data_time": 0.029428399339014172, "fwd": 0.03321342468261719, "get_state_time_mean": NaN, "get_state_time_total": 0.0, "grad": 0.05992457866668701, "mean_accuracy": 0.574400007724762, "mean_loss": 1.2750955097198486, "neg_mean_accuracy": -0.574400007724762, "set_state_time_mean": NaN, "set_state_time_total": 0.0, "setup_model_time_mean": NaN, "setup_model_time_total": 0.0, "setup_proc_time_mean": NaN, "setup_proc_time_total": 0.0, "train_accuracy": 0.5432599782943726, "train_loss": 1.2749966625213622, "training_time_mean": NaN, "training_time_total": 0.0, "validation_time_mean": NaN, "validation_time_total": 0.0, "samples": 60000, "num_workers": 1, "done": false, "timesteps_total": null, "episodes_total": null, "training_iteration": 8, "neg_mean_loss": -1.2750955097198486, "experiment_id": "860034e368da48ed9e0b8f15b0f88918", "date": "2019-05-30_14-57-42", "timestamp": 1559253462, "time_this_iter_s": 8.474337577819824, "time_total_s": 71.25509405136108, "pid": 27560, "hostname": "steropes", "node_ip": "169.229.49.254", "config": {"starting_lr": 0.005, "momentum": 0.997, "weight_decay": 0.0005, "steps_per_iteration": null, "pin": false, "model_creator": null, "target_batch_size": 1024, "model_string": "resnet18", "min_batch_size": 512, "dataset": "CIFAR", "placement": null, "use_nccl": true, "devices_per_worker": 1, "primary_resource": "extra_gpu", "gpu": false, "verbose": false, "lr_config": {"mode": "log", "steps": 5, "initial_lr": 0.005, "target_lr": 0.005}, "batch_per_device": 1024}, "time_since_restore": 71.25509405136108, "timesteps_since_restore": 0, "iterations_since_restore": 8, "mean_throughput": 7000.900631577122, "atoms": 1, "resource_time": 71.25509405136108}
{"apply": 0.007894253730773926, "batch_time": 0.13328211307525634, "d2h": 0.005516767501831055, "data_time": 0.032121497757580816, "fwd": 0.03355958461761475, "get_state_time_mean": NaN, "get_state_time_total": 0.0, "grad": 0.051263070106506346, "mean_accuracy": 0.5618000030517578, "mean_loss": 1.2249186264038086, "neg_mean_accuracy": -0.5618000030517578, "set_state_time_mean": NaN, "set_state_time_total": 0.0, "setup_model_time_mean": NaN, "setup_model_time_total": 0.0, "setup_proc_time_mean": NaN, "setup_proc_time_total": 0.0, "train_accuracy": 0.5537999868392944, "train_loss": 1.2351786003494263, "training_time_mean": NaN, "training_time_total": 0.0, "validation_time_mean": NaN, "validation_time_total": 0.0, "samples": 60000, "num_workers": 1, "done": false, "timesteps_total": null, "episodes_total": null, "training_iteration": 9, "neg_mean_loss": -1.2249186264038086, "experiment_id": "860034e368da48ed9e0b8f15b0f88918", "date": "2019-05-30_14-57-50", "timestamp": 1559253470, "time_this_iter_s": 8.595713376998901, "time_total_s": 79.85080742835999, "pid": 27560, "hostname": "steropes", "node_ip": "169.229.49.254", "config": {"starting_lr": 0.005, "momentum": 0.997, "weight_decay": 0.0005, "steps_per_iteration": null, "pin": false, "model_creator": null, "target_batch_size": 1024, "model_string": "resnet18", "min_batch_size": 512, "dataset": "CIFAR", "placement": null, "use_nccl": true, "devices_per_worker": 1, "primary_resource": "extra_gpu", "gpu": false, "verbose": false, "lr_config": {"mode": "log", "steps": 5, "initial_lr": 0.005, "target_lr": 0.005}, "batch_per_device": 1024}, "time_since_restore": 79.85080742835999, "timesteps_since_restore": 0, "iterations_since_restore": 9, "mean_throughput": 7022.56608535955, "atoms": 1, "resource_time": 79.85080742835999}
{"apply": 0.007625460624694824, "batch_time": 0.12941946983337402, "d2h": 0.006052660942077637, "data_time": 0.03828614585253657, "fwd": 0.02365882396697998, "get_state_time_mean": NaN, "get_state_time_total": 0.0, "grad": 0.05588541030883789, "mean_accuracy": 0.5996999740600586, "mean_loss": 1.1543903301239014, "neg_mean_accuracy": -0.5996999740600586, "set_state_time_mean": NaN, "set_state_time_total": 0.0, "setup_model_time_mean": NaN, "setup_model_time_total": 0.0, "setup_proc_time_mean": NaN, "setup_proc_time_total": 0.0, "train_accuracy": 0.5728799700737, "train_loss": 1.196818296813965, "training_time_mean": NaN, "training_time_total": 0.0, "validation_time_mean": NaN, "validation_time_total": 0.0, "samples": 60000, "num_workers": 1, "done": false, "timesteps_total": null, "episodes_total": null, "training_iteration": 10, "neg_mean_loss": -1.1543903301239014, "experiment_id": "860034e368da48ed9e0b8f15b0f88918", "date": "2019-05-30_14-57-59", "timestamp": 1559253479, "time_this_iter_s": 8.514334440231323, "time_total_s": 88.36514186859131, "pid": 27560, "hostname": "steropes", "node_ip": "169.229.49.254", "config": {"starting_lr": 0.005, "momentum": 0.997, "weight_decay": 0.0005, "steps_per_iteration": null, "pin": false, "model_creator": null, "target_batch_size": 1024, "model_string": "resnet18", "min_batch_size": 512, "dataset": "CIFAR", "placement": null, "use_nccl": true, "devices_per_worker": 1, "primary_resource": "extra_gpu", "gpu": false, "verbose": false, "lr_config": {"mode": "log", "steps": 5, "initial_lr": 0.005, "target_lr": 0.005}, "batch_per_device": 1024}, "time_since_restore": 88.36514186859131, "timesteps_since_restore": 0, "iterations_since_restore": 10, "mean_throughput": 7031.593399769345, "atoms": 1, "resource_time": 88.36514186859131}
{"apply": 0.007512044906616211, "batch_time": 0.14058916568756102, "d2h": 0.0054858684539794925, "data_time": 0.03857148910055355, "fwd": 0.027489948272705077, "get_state_time_mean": NaN, "get_state_time_total": 0.0, "grad": 0.05606997013092041, "mean_accuracy": 0.6025999784469604, "mean_loss": 1.1398480867385865, "neg_mean_accuracy": -0.6025999784469604, "set_state_time_mean": NaN, "set_state_time_total": 0.0, "setup_model_time_mean": NaN, "setup_model_time_total": 0.0, "setup_proc_time_mean": NaN, "setup_proc_time_total": 0.0, "train_accuracy": 0.5890600085258484, "train_loss": 1.1616473776245118, "training_time_mean": NaN, "training_time_total": 0.0, "validation_time_mean": NaN, "validation_time_total": 0.0, "samples": 60000, "num_workers": 1, "done": false, "timesteps_total": null, "episodes_total": null, "training_iteration": 11, "neg_mean_loss": -1.1398480867385865, "experiment_id": "860034e368da48ed9e0b8f15b0f88918", "date": "2019-05-30_14-58-08", "timestamp": 1559253488, "time_this_iter_s": 8.927836656570435, "time_total_s": 97.29297852516174, "pid": 27560, "hostname": "steropes", "node_ip": "169.229.49.254", "config": {"starting_lr": 0.005, "momentum": 0.997, "weight_decay": 0.0005, "steps_per_iteration": null, "pin": false, "model_creator": null, "target_batch_size": 1024, "model_string": "resnet18", "min_batch_size": 512, "dataset": "CIFAR", "placement": null, "use_nccl": true, "devices_per_worker": 1, "primary_resource": "extra_gpu", "gpu": false, "verbose": false, "lr_config": {"mode": "log", "steps": 5, "initial_lr": 0.005, "target_lr": 0.005}, "batch_per_device": 1024}, "time_since_restore": 97.29297852516174, "timesteps_since_restore": 0, "iterations_since_restore": 11, "mean_throughput": 6921.388755700408, "atoms": 1, "resource_time": 97.29297852516174}
{"apply": 0.00701446533203125, "batch_time": 0.11680233478546143, "d2h": 0.004786968231201172, "data_time": 0.036412788897144555, "fwd": 0.020804691314697265, "get_state_time_mean": NaN, "get_state_time_total": 0.0, "grad": 0.04275600910186768, "mean_accuracy": 0.6118999719619751, "mean_loss": 1.0779634763717652, "neg_mean_accuracy": -0.6118999719619751, "set_state_time_mean": NaN, "set_state_time_total": 0.0, "setup_model_time_mean": NaN, "setup_model_time_total": 0.0, "setup_proc_time_mean": NaN, "setup_proc_time_total": 0.0, "train_accuracy": 0.601639986038208, "train_loss": 1.112249274597168, "training_time_mean": NaN, "training_time_total": 0.0, "validation_time_mean": NaN, "validation_time_total": 0.0, "samples": 60000, "num_workers": 1, "done": true, "timesteps_total": null, "episodes_total": null, "training_iteration": 12, "neg_mean_loss": -1.0779634763717652, "experiment_id": "860034e368da48ed9e0b8f15b0f88918", "date": "2019-05-30_14-58-15", "timestamp": 1559253495, "time_this_iter_s": 7.694374084472656, "time_total_s": 104.9873526096344, "pid": 27560, "hostname": "steropes", "node_ip": "169.229.49.254", "config": {"starting_lr": 0.005, "momentum": 0.997, "weight_decay": 0.0005, "steps_per_iteration": null, "pin": false, "model_creator": null, "target_batch_size": 1024, "model_string": "resnet18", "min_batch_size": 512, "dataset": "CIFAR", "placement": null, "use_nccl": true, "devices_per_worker": 1, "primary_resource": "extra_gpu", "gpu": false, "verbose": false, "lr_config": {"mode": "log", "steps": 5, "initial_lr": 0.005, "target_lr": 0.005}, "batch_per_device": 1024}, "time_since_restore": 104.9873526096344, "timesteps_since_restore": 0, "iterations_since_restore": 12, "mean_throughput": 7107.825753373228, "atoms": 1, "resource_time": 104.9873526096344}
