{"apply": 0.01807270050048828, "batch_time": 0.041772398767592034, "d2h": 0.0007193803787231446, "data_time": 0.0019047327358704394, "fwd": 0.12000672817230225, "get_state_time_mean": NaN, "get_state_time_total": 0.0, "grad": 0.1656013011932373, "mean_accuracy": 0.10349999368190765, "mean_loss": 12955771474.7392, "neg_mean_accuracy": -0.10349999368190765, "set_state_time_mean": NaN, "set_state_time_total": 0.0, "setup_model_time_mean": 11.097039461135864, "setup_model_time_total": 11.097039461135864, "setup_proc_time_mean": 0.489788293838501, "setup_proc_time_total": 0.489788293838501, "train_accuracy": 0.10071999579668045, "train_loss": 682007.5369487122, "training_time_mean": NaN, "training_time_total": 0.0, "val_accuracy": 0.10349999368190765, "val_loss": 12955771474.7392, "validation_time_mean": NaN, "validation_time_total": 0.0, "samples": 60000, "num_workers": 1, "done": false, "timesteps_total": null, "episodes_total": null, "training_iteration": 1, "neg_mean_loss": -12955771474.7392, "experiment_id": "541c6712eab941199bf7aeda735beda7", "date": "2019-06-06_07-10-25", "timestamp": 1559830225, "time_this_iter_s": 46.301175117492676, "time_total_s": 46.301175117492676, "pid": 8465, "hostname": "steropes", "node_ip": "169.229.49.254", "config": {"starting_lr": 1.0, "momentum": 0.99, "weight_decay": 0.0001, "steps_per_iteration": null, "pin": false, "model_creator": null, "target_batch_size": 128, "model_string": "resnet50", "min_batch_size": 128, "dataset": "CIFAR", "placement": null, "use_nccl": true, "devices_per_worker": 1, "primary_resource": "extra_gpu", "gpu": false, "verbose": false, "lr_config": {"mode": "log", "steps": 5, "initial_lr": 1.0, "target_lr": 1.0}, "batch_per_device": 128}, "time_since_restore": 46.301175117492676, "timesteps_since_restore": 0, "iterations_since_restore": 1, "mean_throughput": 1295.8566791232872, "atoms": 1, "setup_time": 11.68630838394165}
{"apply": 0.019633269309997557, "batch_time": 0.03329636477216889, "d2h": 0.0007634162902832031, "data_time": 0.001882220168247857, "fwd": 0.029488587379455568, "get_state_time_mean": NaN, "get_state_time_total": 0.0, "grad": 0.049316120147705075, "mean_accuracy": 0.10174999386072159, "mean_loss": 2425675862142.976, "neg_mean_accuracy": -0.09999999403953552, "set_state_time_mean": NaN, "set_state_time_total": 0.0, "setup_model_time_mean": NaN, "setup_model_time_total": 0.0, "setup_proc_time_mean": NaN, "setup_proc_time_total": 0.0, "train_accuracy": 0.10179999470710754, "train_loss": 12594051819202.25, "training_time_mean": NaN, "training_time_total": 0.0, "val_accuracy": 0.09999999403953552, "val_loss": 4838395952811.213, "validation_time_mean": NaN, "validation_time_total": 0.0, "samples": 60000, "num_workers": 1, "done": true, "timesteps_total": null, "episodes_total": null, "training_iteration": 2, "neg_mean_loss": -2425675862142.976, "experiment_id": "541c6712eab941199bf7aeda735beda7", "date": "2019-06-06_07-11-06", "timestamp": 1559830266, "time_this_iter_s": 41.5984890460968, "time_total_s": 87.89966416358948, "pid": 8465, "hostname": "steropes", "node_ip": "169.229.49.254", "config": {"starting_lr": 1.0, "momentum": 0.99, "weight_decay": 0.0001, "steps_per_iteration": null, "pin": false, "model_creator": null, "target_batch_size": 128, "model_string": "resnet50", "min_batch_size": 128, "dataset": "CIFAR", "placement": null, "use_nccl": true, "devices_per_worker": 1, "primary_resource": "extra_gpu", "gpu": false, "verbose": false, "lr_config": {"mode": "log", "steps": 5, "initial_lr": 1.0, "target_lr": 1.0}, "batch_per_device": 128}, "time_since_restore": 87.89966416358948, "timesteps_since_restore": 0, "iterations_since_restore": 2, "mean_throughput": 1365.187793293521, "atoms": 1, "setup_time": 11.68630838394165}
