{"apply": 0.02067117691040039, "batch_time": 0.04257737835751304, "d2h": 0.0007031917572021485, "data_time": 0.0019452224302169917, "fwd": 0.12034409046173096, "get_state_time_mean": NaN, "get_state_time_total": 0.0, "grad": 0.16735870838165284, "mean_accuracy": 0.09999999403953552, "mean_loss": 1.151724862946507e+17, "neg_mean_accuracy": -0.09999999403953552, "set_state_time_mean": NaN, "set_state_time_total": 0.0, "setup_model_time_mean": 8.513842105865479, "setup_model_time_total": 8.513842105865479, "setup_proc_time_mean": 0.18871331214904785, "setup_proc_time_total": 0.18871331214904785, "train_accuracy": 0.10511999577283859, "train_loss": 3255843.026663848, "training_time_mean": NaN, "training_time_total": 0.0, "val_accuracy": 0.09999999403953552, "val_loss": 1.151724862946507e+17, "validation_time_mean": NaN, "validation_time_total": 0.0, "samples": 60000, "num_workers": 1, "done": false, "timesteps_total": null, "episodes_total": null, "training_iteration": 1, "neg_mean_loss": -1.151724862946507e+17, "experiment_id": "61af1f3e93ec4b05b24259c282c425e1", "date": "2019-06-03_22-14-34", "timestamp": 1559625274, "time_this_iter_s": 46.56300735473633, "time_total_s": 46.56300735473633, "pid": 12023, "hostname": "steropes", "node_ip": "169.229.49.254", "config": {"starting_lr": 1.0, "momentum": 0.95, "weight_decay": 0.005, "steps_per_iteration": null, "pin": false, "model_creator": null, "target_batch_size": 128, "model_string": "resnet50", "min_batch_size": 128, "dataset": "CIFAR", "placement": null, "use_nccl": true, "devices_per_worker": 1, "primary_resource": "extra_gpu", "gpu": false, "verbose": false, "lr_config": {"mode": "log", "steps": 5, "initial_lr": 1.0, "target_lr": 1.0}, "batch_per_device": 128}, "time_since_restore": 46.56300735473633, "timesteps_since_restore": 0, "iterations_since_restore": 1, "mean_throughput": 1288.573462396121, "atoms": 1, "setup_time": 10.77415943145752}
{"apply": 0.017679786682128905, "batch_time": 0.0353397206415104, "d2h": 0.0006776571273803711, "data_time": 0.0018797542737877886, "fwd": 0.027979373931884766, "get_state_time_mean": NaN, "get_state_time_total": 0.0, "grad": 0.047850942611694335, "mean_accuracy": 0.09999999403953552, "mean_loss": 1.2215116114303334e+17, "neg_mean_accuracy": -0.09999999403953552, "set_state_time_mean": NaN, "set_state_time_total": 0.0, "setup_model_time_mean": NaN, "setup_model_time_total": 0.0, "setup_proc_time_mean": NaN, "setup_proc_time_total": 0.0, "train_accuracy": 0.10137999802827835, "train_loss": 103196232061471.36, "training_time_mean": NaN, "training_time_total": 0.0, "val_accuracy": 0.09999999403953552, "val_loss": 1.2912983599141597e+17, "validation_time_mean": NaN, "validation_time_total": 0.0, "samples": 60000, "num_workers": 1, "done": false, "timesteps_total": null, "episodes_total": null, "training_iteration": 2, "neg_mean_loss": -1.2215116114303334e+17, "experiment_id": "61af1f3e93ec4b05b24259c282c425e1", "date": "2019-06-03_22-15-15", "timestamp": 1559625315, "time_this_iter_s": 41.301064252853394, "time_total_s": 87.86407160758972, "pid": 12023, "hostname": "steropes", "node_ip": "169.229.49.254", "config": {"starting_lr": 1.0, "momentum": 0.95, "weight_decay": 0.005, "steps_per_iteration": null, "pin": false, "model_creator": null, "target_batch_size": 128, "model_string": "resnet50", "min_batch_size": 128, "dataset": "CIFAR", "placement": null, "use_nccl": true, "devices_per_worker": 1, "primary_resource": "extra_gpu", "gpu": false, "verbose": false, "lr_config": {"mode": "log", "steps": 5, "initial_lr": 1.0, "target_lr": 1.0}, "batch_per_device": 128}, "time_since_restore": 87.86407160758972, "timesteps_since_restore": 0, "iterations_since_restore": 2, "mean_throughput": 1365.742948778336, "atoms": 1, "setup_time": 10.77415943145752}
{"apply": 0.01819467544555664, "batch_time": 0.03220331216160255, "d2h": 0.0007272005081176758, "data_time": 0.001879103043500115, "fwd": 0.02788705825805664, "get_state_time_mean": NaN, "get_state_time_total": 0.0, "grad": 0.04789390563964844, "mean_accuracy": 0.06666666269302368, "mean_loss": NaN, "neg_mean_accuracy": -0.0, "set_state_time_mean": NaN, "set_state_time_total": 0.0, "setup_model_time_mean": NaN, "setup_model_time_total": 0.0, "setup_proc_time_mean": NaN, "setup_proc_time_total": 0.0, "train_accuracy": 0.018239999189972878, "train_loss": NaN, "training_time_mean": NaN, "training_time_total": 0.0, "val_accuracy": 0.0, "val_loss": NaN, "validation_time_mean": NaN, "validation_time_total": 0.0, "samples": 60000, "num_workers": 1, "done": true, "timesteps_total": null, "episodes_total": null, "training_iteration": 3, "neg_mean_loss": NaN, "experiment_id": "61af1f3e93ec4b05b24259c282c425e1", "date": "2019-06-03_22-15-57", "timestamp": 1559625357, "time_this_iter_s": 41.28608751296997, "time_total_s": 129.1501591205597, "pid": 12023, "hostname": "steropes", "node_ip": "169.229.49.254", "config": {"starting_lr": 1.0, "momentum": 0.95, "weight_decay": 0.005, "steps_per_iteration": null, "pin": false, "model_creator": null, "target_batch_size": 128, "model_string": "resnet50", "min_batch_size": 128, "dataset": "CIFAR", "placement": null, "use_nccl": true, "devices_per_worker": 1, "primary_resource": "extra_gpu", "gpu": false, "verbose": false, "lr_config": {"mode": "log", "steps": 5, "initial_lr": 1.0, "target_lr": 1.0}, "batch_per_device": 128}, "time_since_restore": 129.1501591205597, "timesteps_since_restore": 0, "iterations_since_restore": 3, "mean_throughput": 1393.7236036178858, "atoms": 1, "setup_time": 10.77415943145752}
