{"apply": 0.01745328903198242, "batch_time": 0.04116327853142461, "d2h": 0.000684809684753418, "data_time": 0.001874823704400026, "fwd": 0.11531009674072265, "get_state_time_mean": NaN, "get_state_time_total": 0.0, "grad": 0.16529715061187744, "mean_accuracy": 0.1665000021457672, "mean_loss": 2.217987919616699, "neg_mean_accuracy": -0.1665000021457672, "set_state_time_mean": NaN, "set_state_time_total": 0.0, "setup_model_time_mean": 8.304852485656738, "setup_model_time_total": 8.304852485656738, "setup_proc_time_mean": 0.1573784351348877, "setup_proc_time_total": 0.1573784351348877, "train_accuracy": 0.14630000293254852, "train_loss": 4.26637181350708, "training_time_mean": NaN, "training_time_total": 0.0, "val_accuracy": 0.1665000021457672, "val_loss": 2.217987919616699, "validation_time_mean": NaN, "validation_time_total": 0.0, "samples": 60000, "num_workers": 1, "done": false, "timesteps_total": null, "episodes_total": null, "training_iteration": 1, "neg_mean_loss": -2.217987919616699, "experiment_id": "e23db2a3418a4773a69f0d0da0aa56ed", "date": "2019-06-06_13-26-33", "timestamp": 1559852793, "time_this_iter_s": 45.800628423690796, "time_total_s": 45.800628423690796, "pid": 23002, "hostname": "steropes", "node_ip": "169.229.49.254", "config": {"starting_lr": 0.5, "momentum": 0.9, "weight_decay": 0.001, "steps_per_iteration": null, "pin": false, "model_creator": null, "target_batch_size": 128, "model_string": "resnet50", "min_batch_size": 128, "dataset": "CIFAR", "placement": null, "use_nccl": true, "devices_per_worker": 1, "primary_resource": "extra_gpu", "gpu": false, "verbose": false, "lr_config": {"mode": "log", "steps": 5, "initial_lr": 0.5, "target_lr": 0.5}, "batch_per_device": 128}, "time_since_restore": 45.800628423690796, "timesteps_since_restore": 0, "iterations_since_restore": 1, "mean_throughput": 1310.0233814208525, "atoms": 1, "setup_time": 8.842604160308838}
{"apply": 0.01726996898651123, "batch_time": 0.031806327119658265, "d2h": 0.0006600379943847656, "data_time": 0.001748724056936591, "fwd": 0.028210377693176268, "get_state_time_mean": NaN, "get_state_time_total": 0.0, "grad": 0.04765427112579346, "mean_accuracy": 0.21484999358654022, "mean_loss": 2.048486029815674, "neg_mean_accuracy": -0.26319998502731323, "set_state_time_mean": NaN, "set_state_time_total": 0.0, "setup_model_time_mean": NaN, "setup_model_time_total": 0.0, "setup_proc_time_mean": NaN, "setup_proc_time_total": 0.0, "train_accuracy": 0.2351199984550476, "train_loss": 2.031638833656311, "training_time_mean": NaN, "training_time_total": 0.0, "val_accuracy": 0.26319998502731323, "val_loss": 1.8789841400146485, "validation_time_mean": NaN, "validation_time_total": 0.0, "samples": 60000, "num_workers": 1, "done": false, "timesteps_total": null, "episodes_total": null, "training_iteration": 2, "neg_mean_loss": -2.048486029815674, "experiment_id": "e23db2a3418a4773a69f0d0da0aa56ed", "date": "2019-06-06_13-27-13", "timestamp": 1559852833, "time_this_iter_s": 40.490793228149414, "time_total_s": 86.29142165184021, "pid": 23002, "hostname": "steropes", "node_ip": "169.229.49.254", "config": {"starting_lr": 0.5, "momentum": 0.9, "weight_decay": 0.001, "steps_per_iteration": null, "pin": false, "model_creator": null, "target_batch_size": 128, "model_string": "resnet50", "min_batch_size": 128, "dataset": "CIFAR", "placement": null, "use_nccl": true, "devices_per_worker": 1, "primary_resource": "extra_gpu", "gpu": false, "verbose": false, "lr_config": {"mode": "log", "steps": 5, "initial_lr": 0.5, "target_lr": 0.5}, "batch_per_device": 128}, "time_since_restore": 86.29142165184021, "timesteps_since_restore": 0, "iterations_since_restore": 2, "mean_throughput": 1390.6339112197375, "atoms": 1, "setup_time": 8.842604160308838}
{"apply": 0.016925406455993653, "batch_time": 0.030937701840943927, "d2h": 0.000660109519958496, "data_time": 0.0017547083022954213, "fwd": 0.02729630470275879, "get_state_time_mean": NaN, "get_state_time_total": 0.0, "grad": 0.04688472747802734, "mean_accuracy": 0.2288666566212972, "mean_loss": 2.028753325398763, "neg_mean_accuracy": -0.25689998269081116, "set_state_time_mean": NaN, "set_state_time_total": 0.0, "setup_model_time_mean": NaN, "setup_model_time_total": 0.0, "setup_proc_time_mean": NaN, "setup_proc_time_total": 0.0, "train_accuracy": 0.27167999744415283, "train_loss": 1.935884404144287, "training_time_mean": NaN, "training_time_total": 0.0, "val_accuracy": 0.25689998269081116, "val_loss": 1.9892879165649413, "validation_time_mean": NaN, "validation_time_total": 0.0, "samples": 60000, "num_workers": 1, "done": true, "timesteps_total": null, "episodes_total": null, "training_iteration": 3, "neg_mean_loss": -2.028753325398763, "experiment_id": "e23db2a3418a4773a69f0d0da0aa56ed", "date": "2019-06-06_13-27-53", "timestamp": 1559852873, "time_this_iter_s": 40.31537199020386, "time_total_s": 126.60679364204407, "pid": 23002, "hostname": "steropes", "node_ip": "169.229.49.254", "config": {"starting_lr": 0.5, "momentum": 0.9, "weight_decay": 0.001, "steps_per_iteration": null, "pin": false, "model_creator": null, "target_batch_size": 128, "model_string": "resnet50", "min_batch_size": 128, "dataset": "CIFAR", "placement": null, "use_nccl": true, "devices_per_worker": 1, "primary_resource": "extra_gpu", "gpu": false, "verbose": false, "lr_config": {"mode": "log", "steps": 5, "initial_lr": 0.5, "target_lr": 0.5}, "batch_per_device": 128}, "time_since_restore": 126.60679364204407, "timesteps_since_restore": 0, "iterations_since_restore": 3, "mean_throughput": 1421.7195492991339, "atoms": 1, "setup_time": 8.842604160308838}
