{"apply": 0.018666934967041016, "batch_time": 0.044824905033353006, "d2h": 0.0008125543594360351, "data_time": 0.0019516347314390684, "fwd": 0.11607983112335205, "get_state_time_mean": NaN, "get_state_time_total": 0.0, "grad": 0.16622591018676758, "mean_accuracy": 0.30550000071525574, "mean_loss": 2.3783383113861083, "neg_mean_accuracy": -0.30550000071525574, "set_state_time_mean": NaN, "set_state_time_total": 0.0, "setup_model_time_mean": 11.035654306411743, "setup_model_time_total": 11.035654306411743, "setup_proc_time_mean": 1.0674266815185547, "setup_proc_time_total": 1.0674266815185547, "train_accuracy": 0.21373999118804932, "train_loss": 2.382486445465088, "training_time_mean": NaN, "training_time_total": 0.0, "val_accuracy": 0.30550000071525574, "val_loss": 2.3783383113861083, "validation_time_mean": NaN, "validation_time_total": 0.0, "samples": 60000, "num_workers": 1, "done": false, "timesteps_total": null, "episodes_total": null, "training_iteration": 1, "neg_mean_loss": -2.3783383113861083, "experiment_id": "7dc59b7b0c2a49da9cfc6628dffc6a89", "date": "2019-06-03_22-27-53", "timestamp": 1559626073, "time_this_iter_s": 46.50110077857971, "time_total_s": 46.50110077857971, "pid": 26263, "hostname": "steropes", "node_ip": "169.229.49.254", "config": {"starting_lr": 0.0005, "momentum": 0.99, "weight_decay": 0.0001, "steps_per_iteration": null, "pin": false, "model_creator": null, "target_batch_size": 128, "model_string": "resnet50", "min_batch_size": 128, "dataset": "CIFAR", "placement": null, "use_nccl": true, "devices_per_worker": 1, "primary_resource": "extra_gpu", "gpu": false, "verbose": false, "lr_config": {"mode": "log", "steps": 5, "initial_lr": 0.0005, "target_lr": 0.0005}, "batch_per_device": 128}, "time_since_restore": 46.50110077857971, "timesteps_since_restore": 0, "iterations_since_restore": 1, "mean_throughput": 1290.2890788668183, "atoms": 1, "setup_time": 12.223565101623535}
{"apply": 0.018472933769226076, "batch_time": 0.031622799136970615, "d2h": 0.0007903099060058594, "data_time": 0.001860571029546011, "fwd": 0.02844829559326172, "get_state_time_mean": NaN, "get_state_time_total": 0.0, "grad": 0.048194503784179686, "mean_accuracy": 0.34164999425411224, "mean_loss": 2.1828824392318724, "neg_mean_accuracy": -0.37779998779296875, "set_state_time_mean": NaN, "set_state_time_total": 0.0, "setup_model_time_mean": NaN, "setup_model_time_total": 0.0, "setup_proc_time_mean": NaN, "setup_proc_time_total": 0.0, "train_accuracy": 0.3339399993419647, "train_loss": 2.010871060638428, "training_time_mean": NaN, "training_time_total": 0.0, "val_accuracy": 0.37779998779296875, "val_loss": 1.9874265670776368, "validation_time_mean": NaN, "validation_time_total": 0.0, "samples": 60000, "num_workers": 1, "done": false, "timesteps_total": null, "episodes_total": null, "training_iteration": 2, "neg_mean_loss": -2.1828824392318724, "experiment_id": "7dc59b7b0c2a49da9cfc6628dffc6a89", "date": "2019-06-03_22-28-34", "timestamp": 1559626114, "time_this_iter_s": 41.26849007606506, "time_total_s": 87.76959085464478, "pid": 26263, "hostname": "steropes", "node_ip": "169.229.49.254", "config": {"starting_lr": 0.0005, "momentum": 0.99, "weight_decay": 0.0001, "steps_per_iteration": null, "pin": false, "model_creator": null, "target_batch_size": 128, "model_string": "resnet50", "min_batch_size": 128, "dataset": "CIFAR", "placement": null, "use_nccl": true, "devices_per_worker": 1, "primary_resource": "extra_gpu", "gpu": false, "verbose": false, "lr_config": {"mode": "log", "steps": 5, "initial_lr": 0.0005, "target_lr": 0.0005}, "batch_per_device": 128}, "time_since_restore": 87.76959085464478, "timesteps_since_restore": 0, "iterations_since_restore": 2, "mean_throughput": 1367.2132589820403, "atoms": 1, "setup_time": 12.223565101623535}
{"apply": 0.017928600311279297, "batch_time": 0.03317679030985772, "d2h": 0.0008229732513427735, "data_time": 0.001840707896005772, "fwd": 0.028697824478149413, "get_state_time_mean": NaN, "get_state_time_total": 0.0, "grad": 0.04761660099029541, "mean_accuracy": 0.36736666162808734, "mean_loss": 2.067153257052104, "neg_mean_accuracy": -0.4187999963760376, "set_state_time_mean": NaN, "set_state_time_total": 0.0, "setup_model_time_mean": NaN, "setup_model_time_total": 0.0, "setup_proc_time_mean": NaN, "setup_proc_time_total": 0.0, "train_accuracy": 0.3822399973869324, "train_loss": 1.8979783435440063, "training_time_mean": NaN, "training_time_total": 0.0, "val_accuracy": 0.4187999963760376, "val_loss": 1.835694892692566, "validation_time_mean": NaN, "validation_time_total": 0.0, "samples": 60000, "num_workers": 1, "done": false, "timesteps_total": null, "episodes_total": null, "training_iteration": 3, "neg_mean_loss": -2.067153257052104, "experiment_id": "7dc59b7b0c2a49da9cfc6628dffc6a89", "date": "2019-06-03_22-29-15", "timestamp": 1559626155, "time_this_iter_s": 41.117947816848755, "time_total_s": 128.88753867149353, "pid": 26263, "hostname": "steropes", "node_ip": "169.229.49.254", "config": {"starting_lr": 0.0005, "momentum": 0.99, "weight_decay": 0.0001, "steps_per_iteration": null, "pin": false, "model_creator": null, "target_batch_size": 128, "model_string": "resnet50", "min_batch_size": 128, "dataset": "CIFAR", "placement": null, "use_nccl": true, "devices_per_worker": 1, "primary_resource": "extra_gpu", "gpu": false, "verbose": false, "lr_config": {"mode": "log", "steps": 5, "initial_lr": 0.0005, "target_lr": 0.0005}, "batch_per_device": 128}, "time_since_restore": 128.88753867149353, "timesteps_since_restore": 0, "iterations_since_restore": 3, "mean_throughput": 1396.563553928044, "atoms": 1, "setup_time": 12.223565101623535}
{"apply": 0.017956757545471193, "batch_time": 0.032005325148377235, "d2h": 0.0007577180862426758, "data_time": 0.001822175882051668, "fwd": 0.028182721138000487, "get_state_time_mean": NaN, "get_state_time_total": 0.0, "grad": 0.0489964485168457, "mean_accuracy": 0.3858499899506569, "mean_loss": 2.9314676512241364, "neg_mean_accuracy": -0.4412999749183655, "set_state_time_mean": NaN, "set_state_time_total": 0.0, "setup_model_time_mean": NaN, "setup_model_time_total": 0.0, "setup_proc_time_mean": NaN, "setup_proc_time_total": 0.0, "train_accuracy": 0.41235998272895813, "train_loss": 1.7664623159790038, "training_time_mean": NaN, "training_time_total": 0.0, "val_accuracy": 0.4412999749183655, "val_loss": 5.524410833740235, "validation_time_mean": NaN, "validation_time_total": 0.0, "samples": 60000, "num_workers": 1, "done": false, "timesteps_total": null, "episodes_total": null, "training_iteration": 4, "neg_mean_loss": -2.9314676512241364, "experiment_id": "7dc59b7b0c2a49da9cfc6628dffc6a89", "date": "2019-06-03_22-29-57", "timestamp": 1559626197, "time_this_iter_s": 41.110819816589355, "time_total_s": 169.99835848808289, "pid": 26263, "hostname": "steropes", "node_ip": "169.229.49.254", "config": {"starting_lr": 0.0005, "momentum": 0.99, "weight_decay": 0.0001, "steps_per_iteration": null, "pin": false, "model_creator": null, "target_batch_size": 128, "model_string": "resnet50", "min_batch_size": 128, "dataset": "CIFAR", "placement": null, "use_nccl": true, "devices_per_worker": 1, "primary_resource": "extra_gpu", "gpu": false, "verbose": false, "lr_config": {"mode": "log", "steps": 5, "initial_lr": 0.0005, "target_lr": 0.0005}, "batch_per_device": 128}, "time_since_restore": 169.99835848808289, "timesteps_since_restore": 0, "iterations_since_restore": 4, "mean_throughput": 1411.7755818132384, "atoms": 1, "setup_time": 12.223565101623535}
{"apply": 0.01851310729980469, "batch_time": 0.03174616113493714, "d2h": 0.0008034706115722656, "data_time": 0.0018567971866149122, "fwd": 0.029123806953430177, "get_state_time_mean": NaN, "get_state_time_total": 0.0, "grad": 0.04886176586151123, "mean_accuracy": 0.39257999062538146, "mean_loss": 2.822769890022278, "neg_mean_accuracy": -0.4194999933242798, "set_state_time_mean": NaN, "set_state_time_total": 0.0, "setup_model_time_mean": NaN, "setup_model_time_total": 0.0, "setup_proc_time_mean": NaN, "setup_proc_time_total": 0.0, "train_accuracy": 0.39155998826026917, "train_loss": 1.9288075174713135, "training_time_mean": NaN, "training_time_total": 0.0, "val_accuracy": 0.4194999933242798, "val_loss": 2.387978845214844, "validation_time_mean": NaN, "validation_time_total": 0.0, "samples": 60000, "num_workers": 1, "done": false, "timesteps_total": null, "episodes_total": null, "training_iteration": 5, "neg_mean_loss": -2.822769890022278, "experiment_id": "7dc59b7b0c2a49da9cfc6628dffc6a89", "date": "2019-06-03_22-30-38", "timestamp": 1559626238, "time_this_iter_s": 41.1030433177948, "time_total_s": 211.10140180587769, "pid": 26263, "hostname": "steropes", "node_ip": "169.229.49.254", "config": {"starting_lr": 0.0005, "momentum": 0.99, "weight_decay": 0.0001, "steps_per_iteration": null, "pin": false, "model_creator": null, "target_batch_size": 128, "model_string": "resnet50", "min_batch_size": 128, "dataset": "CIFAR", "placement": null, "use_nccl": true, "devices_per_worker": 1, "primary_resource": "extra_gpu", "gpu": false, "verbose": false, "lr_config": {"mode": "log", "steps": 5, "initial_lr": 0.0005, "target_lr": 0.0005}, "batch_per_device": 128}, "time_since_restore": 211.10140180587769, "timesteps_since_restore": 0, "iterations_since_restore": 5, "mean_throughput": 1421.115255909636, "atoms": 1, "setup_time": 12.223565101623535}
{"apply": 0.018810629844665527, "batch_time": 0.03225484679016886, "d2h": 0.0007906198501586914, "data_time": 0.0018283954971586652, "fwd": 0.029405856132507326, "get_state_time_mean": NaN, "get_state_time_total": 0.0, "grad": 0.04803862571716309, "mean_accuracy": 0.4243999898433685, "mean_loss": 2.8173695685577393, "neg_mean_accuracy": -0.46459999680519104, "set_state_time_mean": NaN, "set_state_time_total": 0.0, "setup_model_time_mean": NaN, "setup_model_time_total": 0.0, "setup_proc_time_mean": NaN, "setup_proc_time_total": 0.0, "train_accuracy": 0.42267999053001404, "train_loss": 1.7390571743774415, "training_time_mean": NaN, "training_time_total": 0.0, "val_accuracy": 0.46459999680519104, "val_loss": 2.3513367040634154, "validation_time_mean": NaN, "validation_time_total": 0.0, "samples": 60000, "num_workers": 1, "done": false, "timesteps_total": null, "episodes_total": null, "training_iteration": 6, "neg_mean_loss": -2.8173695685577393, "experiment_id": "7dc59b7b0c2a49da9cfc6628dffc6a89", "date": "2019-06-03_22-31-19", "timestamp": 1559626279, "time_this_iter_s": 41.11828660964966, "time_total_s": 252.21968841552734, "pid": 26263, "hostname": "steropes", "node_ip": "169.229.49.254", "config": {"starting_lr": 0.0005, "momentum": 0.99, "weight_decay": 0.0001, "steps_per_iteration": null, "pin": false, "model_creator": null, "target_batch_size": 128, "model_string": "resnet50", "min_batch_size": 128, "dataset": "CIFAR", "placement": null, "use_nccl": true, "devices_per_worker": 1, "primary_resource": "extra_gpu", "gpu": false, "verbose": false, "lr_config": {"mode": "log", "steps": 5, "initial_lr": 0.0005, "target_lr": 0.0005}, "batch_per_device": 128}, "time_since_restore": 252.21968841552734, "timesteps_since_restore": 0, "iterations_since_restore": 6, "mean_throughput": 1458.30017013903, "atoms": 1, "setup_time": 12.223565101623535}
{"apply": 0.018560910224914552, "batch_time": 0.03180588951593713, "d2h": 0.0008215665817260742, "data_time": 0.001863706447279362, "fwd": 0.0283966064453125, "get_state_time_mean": NaN, "get_state_time_total": 0.0, "grad": 0.0481835126876831, "mean_accuracy": 0.44511998891830445, "mean_loss": 2.987089752006531, "neg_mean_accuracy": -0.4813999831676483, "set_state_time_mean": NaN, "set_state_time_total": 0.0, "setup_model_time_mean": NaN, "setup_model_time_total": 0.0, "setup_proc_time_mean": NaN, "setup_proc_time_total": 0.0, "train_accuracy": 0.45221999287605286, "train_loss": 1.6389193518829346, "training_time_mean": NaN, "training_time_total": 0.0, "val_accuracy": 0.4813999831676483, "val_loss": 2.836027484321594, "validation_time_mean": NaN, "validation_time_total": 0.0, "samples": 60000, "num_workers": 1, "done": false, "timesteps_total": null, "episodes_total": null, "training_iteration": 7, "neg_mean_loss": -2.987089752006531, "experiment_id": "7dc59b7b0c2a49da9cfc6628dffc6a89", "date": "2019-06-03_22-32-00", "timestamp": 1559626320, "time_this_iter_s": 41.22825837135315, "time_total_s": 293.4479467868805, "pid": 26263, "hostname": "steropes", "node_ip": "169.229.49.254", "config": {"starting_lr": 0.0005, "momentum": 0.99, "weight_decay": 0.0001, "steps_per_iteration": null, "pin": false, "model_creator": null, "target_batch_size": 128, "model_string": "resnet50", "min_batch_size": 128, "dataset": "CIFAR", "placement": null, "use_nccl": true, "devices_per_worker": 1, "primary_resource": "extra_gpu", "gpu": false, "verbose": false, "lr_config": {"mode": "log", "steps": 5, "initial_lr": 0.0005, "target_lr": 0.0005}, "batch_per_device": 128}, "time_since_restore": 293.4479467868805, "timesteps_since_restore": 0, "iterations_since_restore": 7, "mean_throughput": 1458.5854592379567, "atoms": 1, "setup_time": 12.223565101623535}
{"apply": 0.02124207019805908, "batch_time": 0.03186787532854684, "d2h": 0.0008147716522216797, "data_time": 0.0018378779711320883, "fwd": 0.031164908409118654, "get_state_time_mean": NaN, "get_state_time_total": 0.0, "grad": 0.049007725715637204, "mean_accuracy": 0.46149998903274536, "mean_loss": 2.9495042047119138, "neg_mean_accuracy": -0.5006999969482422, "set_state_time_mean": NaN, "set_state_time_total": 0.0, "setup_model_time_mean": NaN, "setup_model_time_total": 0.0, "setup_proc_time_mean": NaN, "setup_proc_time_total": 0.0, "train_accuracy": 0.468999981880188, "train_loss": 1.5599619298171996, "training_time_mean": NaN, "training_time_total": 0.0, "val_accuracy": 0.5006999969482422, "val_loss": 1.6477671562194824, "validation_time_mean": NaN, "validation_time_total": 0.0, "samples": 60000, "num_workers": 1, "done": false, "timesteps_total": null, "episodes_total": null, "training_iteration": 8, "neg_mean_loss": -2.9495042047119138, "experiment_id": "7dc59b7b0c2a49da9cfc6628dffc6a89", "date": "2019-06-03_22-32-41", "timestamp": 1559626361, "time_this_iter_s": 41.13719987869263, "time_total_s": 334.5851466655731, "pid": 26263, "hostname": "steropes", "node_ip": "169.229.49.254", "config": {"starting_lr": 0.0005, "momentum": 0.99, "weight_decay": 0.0001, "steps_per_iteration": null, "pin": false, "model_creator": null, "target_batch_size": 128, "model_string": "resnet50", "min_batch_size": 128, "dataset": "CIFAR", "placement": null, "use_nccl": true, "devices_per_worker": 1, "primary_resource": "extra_gpu", "gpu": false, "verbose": false, "lr_config": {"mode": "log", "steps": 5, "initial_lr": 0.0005, "target_lr": 0.0005}, "batch_per_device": 128}, "time_since_restore": 334.5851466655731, "timesteps_since_restore": 0, "iterations_since_restore": 8, "mean_throughput": 1458.4485625963957, "atoms": 1, "setup_time": 12.223565101623535}
{"apply": 0.019162726402282716, "batch_time": 0.031595344784893564, "d2h": 0.0007869243621826172, "data_time": 0.0018615448261465868, "fwd": 0.029536342620849608, "get_state_time_mean": NaN, "get_state_time_total": 0.0, "grad": 0.04874618053436279, "mean_accuracy": 0.46957998871803286, "mean_loss": 2.8361385439300535, "neg_mean_accuracy": -0.48169997334480286, "set_state_time_mean": NaN, "set_state_time_total": 0.0, "setup_model_time_mean": NaN, "setup_model_time_total": 0.0, "setup_proc_time_mean": NaN, "setup_proc_time_total": 0.0, "train_accuracy": 0.4708399772644043, "train_loss": 1.6244556573867799, "training_time_mean": NaN, "training_time_total": 0.0, "val_accuracy": 0.48169997334480286, "val_loss": 4.957582529830932, "validation_time_mean": NaN, "validation_time_total": 0.0, "samples": 60000, "num_workers": 1, "done": false, "timesteps_total": null, "episodes_total": null, "training_iteration": 9, "neg_mean_loss": -2.8361385439300535, "experiment_id": "7dc59b7b0c2a49da9cfc6628dffc6a89", "date": "2019-06-03_22-33-22", "timestamp": 1559626402, "time_this_iter_s": 41.36281085014343, "time_total_s": 375.94795751571655, "pid": 26263, "hostname": "steropes", "node_ip": "169.229.49.254", "config": {"starting_lr": 0.0005, "momentum": 0.99, "weight_decay": 0.0001, "steps_per_iteration": null, "pin": false, "model_creator": null, "target_batch_size": 128, "model_string": "resnet50", "min_batch_size": 128, "dataset": "CIFAR", "placement": null, "use_nccl": true, "devices_per_worker": 1, "primary_resource": "extra_gpu", "gpu": false, "verbose": false, "lr_config": {"mode": "log", "steps": 5, "initial_lr": 0.0005, "target_lr": 0.0005}, "batch_per_device": 128}, "time_since_restore": 375.94795751571655, "timesteps_since_restore": 0, "iterations_since_restore": 9, "mean_throughput": 1456.6640884739802, "atoms": 1, "setup_time": 12.223565101623535}
{"apply": 0.02101292610168457, "batch_time": 0.03245729434339306, "d2h": 0.0007934093475341797, "data_time": 0.0018695626417389306, "fwd": 0.030240941047668456, "get_state_time_mean": NaN, "get_state_time_total": 0.0, "grad": 0.04983229637145996, "mean_accuracy": 0.48445999026298525, "mean_loss": 2.783159426612854, "neg_mean_accuracy": -0.49390000104904175, "set_state_time_mean": NaN, "set_state_time_total": 0.0, "setup_model_time_mean": NaN, "setup_model_time_total": 0.0, "setup_proc_time_mean": NaN, "setup_proc_time_total": 0.0, "train_accuracy": 0.4684799909591675, "train_loss": 1.6343916297912597, "training_time_mean": NaN, "training_time_total": 0.0, "val_accuracy": 0.49390000104904175, "val_loss": 2.1230832586288453, "validation_time_mean": NaN, "validation_time_total": 0.0, "samples": 60000, "num_workers": 1, "done": false, "timesteps_total": null, "episodes_total": null, "training_iteration": 10, "neg_mean_loss": -2.783159426612854, "experiment_id": "7dc59b7b0c2a49da9cfc6628dffc6a89", "date": "2019-06-03_22-34-04", "timestamp": 1559626444, "time_this_iter_s": 41.14014911651611, "time_total_s": 417.08810663223267, "pid": 26263, "hostname": "steropes", "node_ip": "169.229.49.254", "config": {"starting_lr": 0.0005, "momentum": 0.99, "weight_decay": 0.0001, "steps_per_iteration": null, "pin": false, "model_creator": null, "target_batch_size": 128, "model_string": "resnet50", "min_batch_size": 128, "dataset": "CIFAR", "placement": null, "use_nccl": true, "devices_per_worker": 1, "primary_resource": "extra_gpu", "gpu": false, "verbose": false, "lr_config": {"mode": "log", "steps": 5, "initial_lr": 0.0005, "target_lr": 0.0005}, "batch_per_device": 128}, "time_since_restore": 417.08810663223267, "timesteps_since_restore": 0, "iterations_since_restore": 10, "mean_throughput": 1456.4017153988132, "atoms": 1, "setup_time": 12.223565101623535}
{"apply": 0.017891502380371092, "batch_time": 0.032885469967805885, "d2h": 0.0008014917373657226, "data_time": 0.001834065712931211, "fwd": 0.028511309623718263, "get_state_time_mean": NaN, "get_state_time_total": 0.0, "grad": 0.04779171943664551, "mean_accuracy": 0.49661998748779296, "mean_loss": 3.1824414429092407, "neg_mean_accuracy": -0.5253999829292297, "set_state_time_mean": NaN, "set_state_time_total": 0.0, "setup_model_time_mean": NaN, "setup_model_time_total": 0.0, "setup_proc_time_mean": NaN, "setup_proc_time_total": 0.0, "train_accuracy": 0.4996599853038788, "train_loss": 1.5296580091094971, "training_time_mean": NaN, "training_time_total": 0.0, "val_accuracy": 0.5253999829292297, "val_loss": 4.3477467855453495, "validation_time_mean": NaN, "validation_time_total": 0.0, "samples": 60000, "num_workers": 1, "done": false, "timesteps_total": null, "episodes_total": null, "training_iteration": 11, "neg_mean_loss": -3.1824414429092407, "experiment_id": "7dc59b7b0c2a49da9cfc6628dffc6a89", "date": "2019-06-03_22-34-45", "timestamp": 1559626485, "time_this_iter_s": 41.03559112548828, "time_total_s": 458.12369775772095, "pid": 26263, "hostname": "steropes", "node_ip": "169.229.49.254", "config": {"starting_lr": 0.0005, "momentum": 0.99, "weight_decay": 0.0001, "steps_per_iteration": null, "pin": false, "model_creator": null, "target_batch_size": 128, "model_string": "resnet50", "min_batch_size": 128, "dataset": "CIFAR", "placement": null, "use_nccl": true, "devices_per_worker": 1, "primary_resource": "extra_gpu", "gpu": false, "verbose": false, "lr_config": {"mode": "log", "steps": 5, "initial_lr": 0.0005, "target_lr": 0.0005}, "batch_per_device": 128}, "time_since_restore": 458.12369775772095, "timesteps_since_restore": 0, "iterations_since_restore": 11, "mean_throughput": 1456.986663493996, "atoms": 1, "setup_time": 12.223565101623535}
{"apply": 0.018865418434143067, "batch_time": 0.032003607931016365, "d2h": 0.0007786989212036133, "data_time": 0.0018570746302299793, "fwd": 0.028501200675964355, "get_state_time_mean": NaN, "get_state_time_total": 0.0, "grad": 0.04837057590484619, "mean_accuracy": 0.5076399862766265, "mean_loss": 3.0118775297546385, "neg_mean_accuracy": -0.5364999771118164, "set_state_time_mean": NaN, "set_state_time_total": 0.0, "setup_model_time_mean": NaN, "setup_model_time_total": 0.0, "setup_proc_time_mean": NaN, "setup_proc_time_total": 0.0, "train_accuracy": 0.503059983253479, "train_loss": 1.4796822476577758, "training_time_mean": NaN, "training_time_total": 0.0, "val_accuracy": 0.5364999771118164, "val_loss": 1.983207918548584, "validation_time_mean": NaN, "validation_time_total": 0.0, "samples": 60000, "num_workers": 1, "done": false, "timesteps_total": null, "episodes_total": null, "training_iteration": 12, "neg_mean_loss": -3.0118775297546385, "experiment_id": "7dc59b7b0c2a49da9cfc6628dffc6a89", "date": "2019-06-03_22-35-26", "timestamp": 1559626526, "time_this_iter_s": 41.29702186584473, "time_total_s": 499.4207196235657, "pid": 26263, "hostname": "steropes", "node_ip": "169.229.49.254", "config": {"starting_lr": 0.0005, "momentum": 0.99, "weight_decay": 0.0001, "steps_per_iteration": null, "pin": false, "model_creator": null, "target_batch_size": 128, "model_string": "resnet50", "min_batch_size": 128, "dataset": "CIFAR", "placement": null, "use_nccl": true, "devices_per_worker": 1, "primary_resource": "extra_gpu", "gpu": false, "verbose": false, "lr_config": {"mode": "log", "steps": 5, "initial_lr": 0.0005, "target_lr": 0.0005}, "batch_per_device": 128}, "time_since_restore": 499.4207196235657, "timesteps_since_restore": 0, "iterations_since_restore": 12, "mean_throughput": 1456.5002379507202, "atoms": 1, "setup_time": 12.223565101623535}
{"apply": 0.01776156425476074, "batch_time": 0.03259127351302135, "d2h": 0.0008009910583496094, "data_time": 0.0018508781862380864, "fwd": 0.02782881259918213, "get_state_time_mean": NaN, "get_state_time_total": 0.0, "grad": 0.048577189445495605, "mean_accuracy": 0.5163599789142609, "mean_loss": 3.0687501057815547, "neg_mean_accuracy": -0.5442999601364136, "set_state_time_mean": NaN, "set_state_time_total": 0.0, "setup_model_time_mean": NaN, "setup_model_time_total": 0.0, "setup_proc_time_mean": NaN, "setup_proc_time_total": 0.0, "train_accuracy": 0.5249599814414978, "train_loss": 1.4379458119964599, "training_time_mean": NaN, "training_time_total": 0.0, "val_accuracy": 0.5442999601364136, "val_loss": 1.932130036354065, "validation_time_mean": NaN, "validation_time_total": 0.0, "samples": 60000, "num_workers": 1, "done": false, "timesteps_total": null, "episodes_total": null, "training_iteration": 13, "neg_mean_loss": -3.0687501057815547, "experiment_id": "7dc59b7b0c2a49da9cfc6628dffc6a89", "date": "2019-06-03_22-36-07", "timestamp": 1559626567, "time_this_iter_s": 41.127015590667725, "time_total_s": 540.5477352142334, "pid": 26263, "hostname": "steropes", "node_ip": "169.229.49.254", "config": {"starting_lr": 0.0005, "momentum": 0.99, "weight_decay": 0.0001, "steps_per_iteration": null, "pin": false, "model_creator": null, "target_batch_size": 128, "model_string": "resnet50", "min_batch_size": 128, "dataset": "CIFAR", "placement": null, "use_nccl": true, "devices_per_worker": 1, "primary_resource": "extra_gpu", "gpu": false, "verbose": false, "lr_config": {"mode": "log", "steps": 5, "initial_lr": 0.0005, "target_lr": 0.0005}, "batch_per_device": 128}, "time_since_restore": 540.5477352142334, "timesteps_since_restore": 0, "iterations_since_restore": 13, "mean_throughput": 1456.572655686868, "atoms": 1, "setup_time": 12.223565101623535}
{"apply": 0.01771268844604492, "batch_time": 0.032143613960169536, "d2h": 0.0008211374282836914, "data_time": 0.0018257783806842306, "fwd": 0.02802448272705078, "get_state_time_mean": NaN, "get_state_time_total": 0.0, "grad": 0.0485783576965332, "mean_accuracy": 0.5268999814987183, "mean_loss": 2.5358358310699467, "neg_mean_accuracy": -0.5343999862670898, "set_state_time_mean": NaN, "set_state_time_total": 0.0, "setup_model_time_mean": NaN, "setup_model_time_total": 0.0, "setup_proc_time_mean": NaN, "setup_proc_time_total": 0.0, "train_accuracy": 0.5349199771881104, "train_loss": 1.393572014389038, "training_time_mean": NaN, "training_time_total": 0.0, "val_accuracy": 0.5343999862670898, "val_loss": 2.2930111562728883, "validation_time_mean": NaN, "validation_time_total": 0.0, "samples": 60000, "num_workers": 1, "done": false, "timesteps_total": null, "episodes_total": null, "training_iteration": 14, "neg_mean_loss": -2.5358358310699467, "experiment_id": "7dc59b7b0c2a49da9cfc6628dffc6a89", "date": "2019-06-03_22-36-48", "timestamp": 1559626608, "time_this_iter_s": 41.192707538604736, "time_total_s": 581.7404427528381, "pid": 26263, "hostname": "steropes", "node_ip": "169.229.49.254", "config": {"starting_lr": 0.0005, "momentum": 0.99, "weight_decay": 0.0001, "steps_per_iteration": null, "pin": false, "model_creator": null, "target_batch_size": 128, "model_string": "resnet50", "min_batch_size": 128, "dataset": "CIFAR", "placement": null, "use_nccl": true, "devices_per_worker": 1, "primary_resource": "extra_gpu", "gpu": false, "verbose": false, "lr_config": {"mode": "log", "steps": 5, "initial_lr": 0.0005, "target_lr": 0.0005}, "batch_per_device": 128}, "time_since_restore": 581.7404427528381, "timesteps_since_restore": 0, "iterations_since_restore": 14, "mean_throughput": 1457.776609354838, "atoms": 1, "setup_time": 12.223565101623535}
{"apply": 0.017979145050048828, "batch_time": 0.032542089872722384, "d2h": 0.0008573055267333985, "data_time": 0.0018366688047833455, "fwd": 0.028453350067138672, "get_state_time_mean": NaN, "get_state_time_total": 0.0, "grad": 0.0481055736541748, "mean_accuracy": 0.5432199835777283, "mean_loss": 2.4552558076477053, "neg_mean_accuracy": -0.5755000114440918, "set_state_time_mean": NaN, "set_state_time_total": 0.0, "setup_model_time_mean": NaN, "setup_model_time_total": 0.0, "setup_proc_time_mean": NaN, "setup_proc_time_total": 0.0, "train_accuracy": 0.5528199672698975, "train_loss": 1.3471178532028198, "training_time_mean": NaN, "training_time_total": 0.0, "val_accuracy": 0.5755000114440918, "val_loss": 1.7201831415176392, "validation_time_mean": NaN, "validation_time_total": 0.0, "samples": 60000, "num_workers": 1, "done": false, "timesteps_total": null, "episodes_total": null, "training_iteration": 15, "neg_mean_loss": -2.4552558076477053, "experiment_id": "7dc59b7b0c2a49da9cfc6628dffc6a89", "date": "2019-06-03_22-37-30", "timestamp": 1559626650, "time_this_iter_s": 41.223079681396484, "time_total_s": 622.9635224342346, "pid": 26263, "hostname": "steropes", "node_ip": "169.229.49.254", "config": {"starting_lr": 0.0005, "momentum": 0.99, "weight_decay": 0.0001, "steps_per_iteration": null, "pin": false, "model_creator": null, "target_batch_size": 128, "model_string": "resnet50", "min_batch_size": 128, "dataset": "CIFAR", "placement": null, "use_nccl": true, "devices_per_worker": 1, "primary_resource": "extra_gpu", "gpu": false, "verbose": false, "lr_config": {"mode": "log", "steps": 5, "initial_lr": 0.0005, "target_lr": 0.0005}, "batch_per_device": 128}, "time_since_restore": 622.9635224342346, "timesteps_since_restore": 0, "iterations_since_restore": 15, "mean_throughput": 1457.1893731446755, "atoms": 1, "setup_time": 12.223565101623535}
{"apply": 0.017790722846984863, "batch_time": 0.031885364387608785, "d2h": 0.0008642196655273438, "data_time": 0.0018495232857706602, "fwd": 0.02796156406402588, "get_state_time_mean": NaN, "get_state_time_total": 0.0, "grad": 0.047614765167236325, "mean_accuracy": 0.5540599822998047, "mean_loss": 1.864571313972473, "neg_mean_accuracy": -0.5795999765396118, "set_state_time_mean": NaN, "set_state_time_total": 0.0, "setup_model_time_mean": NaN, "setup_model_time_total": 0.0, "setup_proc_time_mean": NaN, "setup_proc_time_total": 0.0, "train_accuracy": 0.5596799850463867, "train_loss": 1.3115024059295655, "training_time_mean": NaN, "training_time_total": 0.0, "val_accuracy": 0.5795999765396118, "val_loss": 1.3943243171691895, "validation_time_mean": NaN, "validation_time_total": 0.0, "samples": 60000, "num_workers": 1, "done": false, "timesteps_total": null, "episodes_total": null, "training_iteration": 16, "neg_mean_loss": -1.864571313972473, "experiment_id": "7dc59b7b0c2a49da9cfc6628dffc6a89", "date": "2019-06-03_22-38-11", "timestamp": 1559626691, "time_this_iter_s": 41.032076835632324, "time_total_s": 663.995599269867, "pid": 26263, "hostname": "steropes", "node_ip": "169.229.49.254", "config": {"starting_lr": 0.0005, "momentum": 0.99, "weight_decay": 0.0001, "steps_per_iteration": null, "pin": false, "model_creator": null, "target_batch_size": 128, "model_string": "resnet50", "min_batch_size": 128, "dataset": "CIFAR", "placement": null, "use_nccl": true, "devices_per_worker": 1, "primary_resource": "extra_gpu", "gpu": false, "verbose": false, "lr_config": {"mode": "log", "steps": 5, "initial_lr": 0.0005, "target_lr": 0.0005}, "batch_per_device": 128}, "time_since_restore": 663.995599269867, "timesteps_since_restore": 0, "iterations_since_restore": 16, "mean_throughput": 1457.214235909971, "atoms": 1, "setup_time": 12.223565101623535}
{"apply": 0.017952394485473634, "batch_time": 0.032168937634818165, "d2h": 0.0007288932800292968, "data_time": 0.0018313723756834064, "fwd": 0.027791690826416016, "get_state_time_mean": NaN, "get_state_time_total": 0.0, "grad": 0.04791429042816162, "mean_accuracy": 0.5622399806976318, "mean_loss": 1.7825584534072878, "neg_mean_accuracy": -0.5773999691009521, "set_state_time_mean": NaN, "set_state_time_total": 0.0, "setup_model_time_mean": NaN, "setup_model_time_total": 0.0, "setup_proc_time_mean": NaN, "setup_proc_time_total": 0.0, "train_accuracy": 0.5708000063896179, "train_loss": 1.2860832567596436, "training_time_mean": NaN, "training_time_total": 0.0, "val_accuracy": 0.5773999691009521, "val_loss": 1.5731436157226562, "validation_time_mean": NaN, "validation_time_total": 0.0, "samples": 60000, "num_workers": 1, "done": false, "timesteps_total": null, "episodes_total": null, "training_iteration": 17, "neg_mean_loss": -1.7825584534072878, "experiment_id": "7dc59b7b0c2a49da9cfc6628dffc6a89", "date": "2019-06-03_22-38-52", "timestamp": 1559626732, "time_this_iter_s": 41.019187450408936, "time_total_s": 705.0147867202759, "pid": 26263, "hostname": "steropes", "node_ip": "169.229.49.254", "config": {"starting_lr": 0.0005, "momentum": 0.99, "weight_decay": 0.0001, "steps_per_iteration": null, "pin": false, "model_creator": null, "target_batch_size": 128, "model_string": "resnet50", "min_batch_size": 128, "dataset": "CIFAR", "placement": null, "use_nccl": true, "devices_per_worker": 1, "primary_resource": "extra_gpu", "gpu": false, "verbose": false, "lr_config": {"mode": "log", "steps": 5, "initial_lr": 0.0005, "target_lr": 0.0005}, "batch_per_device": 128}, "time_since_restore": 705.0147867202759, "timesteps_since_restore": 0, "iterations_since_restore": 17, "mean_throughput": 1459.1834953913688, "atoms": 1, "setup_time": 12.223565101623535}
