{"apply": 0.01810116767883301, "batch_time": 0.04691263995593107, "d2h": 0.0007826566696166992, "data_time": 0.001821355746530206, "fwd": 0.1496048927307129, "get_state_time_mean": NaN, "get_state_time_total": 0.0, "grad": 0.2823918581008911, "mean_accuracy": 0.09999999403953552, "mean_loss": 2.4428602550506593, "neg_mean_accuracy": -0.09999999403953552, "set_state_time_mean": NaN, "set_state_time_total": 0.0, "setup_model_time_mean": 15.980225324630737, "setup_model_time_total": 15.980225324630737, "setup_proc_time_mean": 1.669355869293213, "setup_proc_time_total": 1.669355869293213, "train_accuracy": 0.10137999802827835, "train_loss": 5.445748053741455, "training_time_mean": NaN, "training_time_total": 0.0, "val_accuracy": 0.09999999403953552, "val_loss": 2.4428602550506593, "validation_time_mean": NaN, "validation_time_total": 0.0, "samples": 60000, "num_workers": 1, "done": false, "timesteps_total": null, "episodes_total": null, "training_iteration": 1, "neg_mean_loss": -2.4428602550506593, "experiment_id": "c32bfb67093041aa8373b9a6042f9715", "date": "2019-06-02_20-35-03", "timestamp": 1559532903, "time_this_iter_s": 48.53189015388489, "time_total_s": 48.53189015388489, "pid": 6269, "hostname": "steropes", "node_ip": "169.229.49.254", "config": {"starting_lr": 1.0, "momentum": 0.95, "weight_decay": 0.0005, "steps_per_iteration": null, "pin": false, "model_creator": null, "target_batch_size": 128, "model_string": "resnet50", "min_batch_size": 128, "dataset": "CIFAR", "placement": null, "use_nccl": true, "devices_per_worker": 1, "primary_resource": "extra_gpu", "gpu": false, "verbose": false, "lr_config": {"mode": "log", "steps": 5, "initial_lr": 1.0, "target_lr": 1.0}, "batch_per_device": 128}, "time_since_restore": 48.53189015388489, "timesteps_since_restore": 0, "iterations_since_restore": 1, "mean_throughput": 1236.2980693144405, "atoms": 1, "setup_time": 17.746320486068726}
{"apply": 0.017439103126525878, "batch_time": 0.03175503694558445, "d2h": 0.000655508041381836, "data_time": 0.0017909204868404457, "fwd": 0.02779386043548584, "get_state_time_mean": NaN, "get_state_time_total": 0.0, "grad": 0.048676562309265134, "mean_accuracy": 0.09989999607205391, "mean_loss": 3.945214252281189, "neg_mean_accuracy": -0.0997999981045723, "set_state_time_mean": NaN, "set_state_time_total": 0.0, "setup_model_time_mean": NaN, "setup_model_time_total": 0.0, "setup_proc_time_mean": NaN, "setup_proc_time_total": 0.0, "train_accuracy": 0.10653999447822571, "train_loss": 2.946828459625244, "training_time_mean": NaN, "training_time_total": 0.0, "val_accuracy": 0.0997999981045723, "val_loss": 5.447568249511718, "validation_time_mean": NaN, "validation_time_total": 0.0, "samples": 60000, "num_workers": 1, "done": false, "timesteps_total": null, "episodes_total": null, "training_iteration": 2, "neg_mean_loss": -3.945214252281189, "experiment_id": "c32bfb67093041aa8373b9a6042f9715", "date": "2019-06-02_20-35-45", "timestamp": 1559532945, "time_this_iter_s": 41.40158820152283, "time_total_s": 89.93347835540771, "pid": 6269, "hostname": "steropes", "node_ip": "169.229.49.254", "config": {"starting_lr": 1.0, "momentum": 0.95, "weight_decay": 0.0005, "steps_per_iteration": null, "pin": false, "model_creator": null, "target_batch_size": 128, "model_string": "resnet50", "min_batch_size": 128, "dataset": "CIFAR", "placement": null, "use_nccl": true, "devices_per_worker": 1, "primary_resource": "extra_gpu", "gpu": false, "verbose": false, "lr_config": {"mode": "log", "steps": 5, "initial_lr": 1.0, "target_lr": 1.0}, "batch_per_device": 128}, "time_since_restore": 89.93347835540771, "timesteps_since_restore": 0, "iterations_since_restore": 2, "mean_throughput": 1334.3150544854602, "atoms": 1, "setup_time": 17.746320486068726}
{"apply": 0.018509626388549805, "batch_time": 0.03149438809744919, "d2h": 0.0006757974624633789, "data_time": 0.0017661572722217922, "fwd": 0.0281696081161499, "get_state_time_mean": NaN, "get_state_time_total": 0.0, "grad": 0.05066521167755127, "mean_accuracy": 0.09993332872788112, "mean_loss": 3.4466475599924724, "neg_mean_accuracy": -0.09999999403953552, "set_state_time_mean": NaN, "set_state_time_total": 0.0, "setup_model_time_mean": NaN, "setup_model_time_total": 0.0, "setup_proc_time_mean": NaN, "setup_proc_time_total": 0.0, "train_accuracy": 0.12557999789714813, "train_loss": 2.386297953033447, "training_time_mean": NaN, "training_time_total": 0.0, "val_accuracy": 0.09999999403953552, "val_loss": 2.449514175415039, "validation_time_mean": NaN, "validation_time_total": 0.0, "samples": 60000, "num_workers": 1, "done": true, "timesteps_total": null, "episodes_total": null, "training_iteration": 3, "neg_mean_loss": -3.4466475599924724, "experiment_id": "c32bfb67093041aa8373b9a6042f9715", "date": "2019-06-02_20-36-26", "timestamp": 1559532986, "time_this_iter_s": 41.08744430541992, "time_total_s": 131.02092266082764, "pid": 6269, "hostname": "steropes", "node_ip": "169.229.49.254", "config": {"starting_lr": 1.0, "momentum": 0.95, "weight_decay": 0.0005, "steps_per_iteration": null, "pin": false, "model_creator": null, "target_batch_size": 128, "model_string": "resnet50", "min_batch_size": 128, "dataset": "CIFAR", "placement": null, "use_nccl": true, "devices_per_worker": 1, "primary_resource": "extra_gpu", "gpu": false, "verbose": false, "lr_config": {"mode": "log", "steps": 5, "initial_lr": 1.0, "target_lr": 1.0}, "batch_per_device": 128}, "time_since_restore": 131.02092266082764, "timesteps_since_restore": 0, "iterations_since_restore": 3, "mean_throughput": 1373.8222534852769, "atoms": 1, "setup_time": 17.746320486068726}
