apply,batch_time,d2h,data_time,fwd,get_state_time_mean,get_state_time_total,grad,mean_accuracy,mean_loss,neg_mean_accuracy,set_state_time_mean,set_state_time_total,setup_model_time_mean,setup_model_time_total,setup_proc_time_mean,setup_proc_time_total,train_accuracy,train_loss,training_time_mean,training_time_total,validation_time_mean,validation_time_total,samples,num_workers,done,timesteps_total,episodes_total,training_iteration,neg_mean_loss,experiment_id,date,timestamp,time_this_iter_s,time_total_s,pid,hostname,node_ip,config,time_since_restore,timesteps_since_restore,iterations_since_restore,mean_throughput,atoms,resource_time
0.007263064384460449,0.17511379718780518,0.0051316022872924805,0.03526013238089425,0.0758631944656372,nan,0.0,0.16662845611572266,0.12479999661445618,1224.5805783203125,-0.12479999661445618,nan,0.0,7.911228179931641,7.911228179931641,1.776576280593872,1.776576280593872,0.09879999607801437,5.638940126800537,nan,0.0,nan,0.0,60000,1,False,,,1,-1224.5805783203125,54cc68aea0444b52aff1cf91b0a46fd8,2019-05-30_14-15-09,1559250909,11.109864950180054,11.109864950180054,21727,steropes,169.229.49.254,"{'starting_lr': 0.5, 'momentum': 0.99, 'weight_decay': 0.0001, 'steps_per_iteration': None, 'pin': False, 'model_creator': None, 'target_batch_size': 1024, 'model_string': 'resnet18', 'min_batch_size': 512, 'dataset': 'CIFAR', 'placement': None, 'use_nccl': True, 'devices_per_worker': 1, 'primary_resource': 'extra_gpu', 'gpu': False, 'verbose': False, 'lr_config': {'mode': 'log', 'steps': 5, 'initial_lr': 0.5, 'target_lr': 0.5}, 'batch_per_device': 1024}",11.109864950180054,0,1,5400.5673403695855,1,11.109864950180054
0.009188222885131835,0.1276320695877075,0.00605313777923584,0.0356340943550577,0.024276232719421385,nan,0.0,0.052660799026489256,0.1022999957203865,23.060245727539062,-0.1022999957203865,nan,0.0,nan,0.0,nan,0.0,0.10373999923467636,3.0178278746795653,nan,0.0,nan,0.0,60000,1,False,,,2,-23.060245727539062,54cc68aea0444b52aff1cf91b0a46fd8,2019-05-30_14-15-17,1559250917,7.3704705238342285,18.480335474014282,21727,steropes,169.229.49.254,"{'starting_lr': 0.5, 'momentum': 0.99, 'weight_decay': 0.0001, 'steps_per_iteration': None, 'pin': False, 'model_creator': None, 'target_batch_size': 1024, 'model_string': 'resnet18', 'min_batch_size': 512, 'dataset': 'CIFAR', 'placement': None, 'use_nccl': True, 'devices_per_worker': 1, 'primary_resource': 'extra_gpu', 'gpu': False, 'verbose': False, 'lr_config': {'mode': 'log', 'steps': 5, 'initial_lr': 0.5, 'target_lr': 0.5}, 'batch_per_device': 1024}",18.480335474014282,0,2,6493.332573372965,1,18.480335474014282
0.007714581489562988,0.13478410243988037,0.005414843559265137,0.04076194763183594,0.028068685531616212,nan,0.0,0.04620635509490967,0.1005999967455864,2.824866104888916,-0.1005999967455864,nan,0.0,nan,0.0,nan,0.0,0.0988599956035614,2.612569638290405,nan,0.0,nan,0.0,60000,1,False,,,3,-2.824866104888916,54cc68aea0444b52aff1cf91b0a46fd8,2019-05-30_14-15-25,1559250925,7.9783055782318115,26.458641052246094,21727,steropes,169.229.49.254,"{'starting_lr': 0.5, 'momentum': 0.99, 'weight_decay': 0.0001, 'steps_per_iteration': None, 'pin': False, 'model_creator': None, 'target_batch_size': 1024, 'model_string': 'resnet18', 'min_batch_size': 512, 'dataset': 'CIFAR', 'placement': None, 'use_nccl': True, 'devices_per_worker': 1, 'primary_resource': 'extra_gpu', 'gpu': False, 'verbose': False, 'lr_config': {'mode': 'log', 'steps': 5, 'initial_lr': 0.5, 'target_lr': 0.5}, 'batch_per_device': 1024}",26.458641052246094,0,3,6803.006791799747,1,26.458641052246094
0.007671737670898437,0.13542141914367675,0.007299566268920898,0.027745514499897858,0.03256702423095703,nan,0.0,0.0652653455734253,0.09999999403953552,2.3396424224853516,-0.09999999403953552,nan,0.0,nan,0.0,nan,0.0,0.10007999837398529,2.491750267715454,nan,0.0,nan,0.0,60000,1,False,,,4,-2.3396424224853516,54cc68aea0444b52aff1cf91b0a46fd8,2019-05-30_14-15-33,1559250933,8.512267827987671,34.970908880233765,21727,steropes,169.229.49.254,"{'starting_lr': 0.5, 'momentum': 0.99, 'weight_decay': 0.0001, 'steps_per_iteration': None, 'pin': False, 'model_creator': None, 'target_batch_size': 1024, 'model_string': 'resnet18', 'min_batch_size': 512, 'dataset': 'CIFAR', 'placement': None, 'use_nccl': True, 'devices_per_worker': 1, 'primary_resource': 'extra_gpu', 'gpu': False, 'verbose': False, 'lr_config': {'mode': 'log', 'steps': 5, 'initial_lr': 0.5, 'target_lr': 0.5}, 'batch_per_device': 1024}",34.970908880233765,0,4,6862.782983634312,1,34.970908880233765
0.007690644264221192,0.1586092710494995,0.005966281890869141,0.04078326906476702,0.02991015911102295,nan,0.0,0.05909569263458252,0.09999999403953552,2.383349273681641,-0.09999999403953552,nan,0.0,nan,0.0,nan,0.0,0.10013999789953232,2.446226030960083,nan,0.0,nan,0.0,60000,1,False,,,5,-2.383349273681641,54cc68aea0444b52aff1cf91b0a46fd8,2019-05-30_14-15-42,1559250942,8.813052654266357,43.78396153450012,21727,steropes,169.229.49.254,"{'starting_lr': 0.5, 'momentum': 0.99, 'weight_decay': 0.0001, 'steps_per_iteration': None, 'pin': False, 'model_creator': None, 'target_batch_size': 1024, 'model_string': 'resnet18', 'min_batch_size': 512, 'dataset': 'CIFAR', 'placement': None, 'use_nccl': True, 'devices_per_worker': 1, 'primary_resource': 'extra_gpu', 'gpu': False, 'verbose': False, 'lr_config': {'mode': 'log', 'steps': 5, 'initial_lr': 0.5, 'target_lr': 0.5}, 'batch_per_device': 1024}",43.78396153450012,0,5,6851.759899062628,1,43.78396153450012
0.007816743850708009,0.14257915019989015,0.005773687362670898,0.03393332325682348,0.02874734401702881,nan,0.0,0.052554869651794435,0.09999999403953552,2.3560377964019774,-0.09999999403953552,nan,0.0,nan,0.0,nan,0.0,0.10091999918222427,2.3788265184783937,nan,0.0,nan,0.0,60000,1,False,,,6,-2.3560377964019774,54cc68aea0444b52aff1cf91b0a46fd8,2019-05-30_14-15-50,1559250950,8.271268367767334,52.055229902267456,21727,steropes,169.229.49.254,"{'starting_lr': 0.5, 'momentum': 0.99, 'weight_decay': 0.0001, 'steps_per_iteration': None, 'pin': False, 'model_creator': None, 'target_batch_size': 1024, 'model_string': 'resnet18', 'min_batch_size': 512, 'dataset': 'CIFAR', 'placement': None, 'use_nccl': True, 'devices_per_worker': 1, 'primary_resource': 'extra_gpu', 'gpu': False, 'verbose': False, 'lr_config': {'mode': 'log', 'steps': 5, 'initial_lr': 0.5, 'target_lr': 0.5}, 'batch_per_device': 1024}",52.055229902267456,0,6,7326.762488246266,1,52.055229902267456
0.007592463493347168,0.14685640335083008,0.004611396789550781,0.03941791884753169,0.03286247253417969,nan,0.0,0.05759661197662354,0.09999999403953552,2.381295642852783,-0.09999999403953552,nan,0.0,nan,0.0,nan,0.0,0.09969999641180038,2.3583396282958984,nan,0.0,nan,0.0,60000,1,False,,,7,-2.381295642852783,54cc68aea0444b52aff1cf91b0a46fd8,2019-05-30_14-15-59,1559250959,8.720648050308228,60.775877952575684,21727,steropes,169.229.49.254,"{'starting_lr': 0.5, 'momentum': 0.99, 'weight_decay': 0.0001, 'steps_per_iteration': None, 'pin': False, 'model_creator': None, 'target_batch_size': 1024, 'model_string': 'resnet18', 'min_batch_size': 512, 'dataset': 'CIFAR', 'placement': None, 'use_nccl': True, 'devices_per_worker': 1, 'primary_resource': 'extra_gpu', 'gpu': False, 'verbose': False, 'lr_config': {'mode': 'log', 'steps': 5, 'initial_lr': 0.5, 'target_lr': 0.5}, 'batch_per_device': 1024}",60.775877952575684,0,7,7092.875578576074,1,60.775877952575684
0.007568526268005371,0.12912304401397706,0.004411864280700684,0.03921584693752989,0.03238821029663086,nan,0.0,0.06460413932800294,0.09999999403953552,2.355960348510742,-0.09999999403953552,nan,0.0,nan,0.0,nan,0.0,0.10080000013113022,2.3580798050689697,nan,0.0,nan,0.0,60000,1,False,,,8,-2.355960348510742,54cc68aea0444b52aff1cf91b0a46fd8,2019-05-30_14-16-08,1559250968,8.631872177124023,69.4077501296997,21727,steropes,169.229.49.254,"{'starting_lr': 0.5, 'momentum': 0.99, 'weight_decay': 0.0001, 'steps_per_iteration': None, 'pin': False, 'model_creator': None, 'target_batch_size': 1024, 'model_string': 'resnet18', 'min_batch_size': 512, 'dataset': 'CIFAR', 'placement': None, 'use_nccl': True, 'devices_per_worker': 1, 'primary_resource': 'extra_gpu', 'gpu': False, 'verbose': False, 'lr_config': {'mode': 'log', 'steps': 5, 'initial_lr': 0.5, 'target_lr': 0.5}, 'batch_per_device': 1024}",69.4077501296997,0,8,6984.9226866402105,1,69.4077501296997
0.00755915641784668,0.12189955711364746,0.005248355865478516,0.0398933254942602,0.025016069412231445,nan,0.0,0.049795889854431154,0.09999999403953552,2.3303709213256836,-0.09999999403953552,nan,0.0,nan,0.0,nan,0.0,0.10061999410390854,2.3716889962005614,nan,0.0,nan,0.0,60000,1,False,,,9,-2.3303709213256836,54cc68aea0444b52aff1cf91b0a46fd8,2019-05-30_14-16-16,1559250976,8.205246210098267,77.61299633979797,21727,steropes,169.229.49.254,"{'starting_lr': 0.5, 'momentum': 0.99, 'weight_decay': 0.0001, 'steps_per_iteration': None, 'pin': False, 'model_creator': None, 'target_batch_size': 1024, 'model_string': 'resnet18', 'min_batch_size': 512, 'dataset': 'CIFAR', 'placement': None, 'use_nccl': True, 'devices_per_worker': 1, 'primary_resource': 'extra_gpu', 'gpu': False, 'verbose': False, 'lr_config': {'mode': 'log', 'steps': 5, 'initial_lr': 0.5, 'target_lr': 0.5}, 'batch_per_device': 1024}",77.61299633979797,0,9,7035.212786175761,1,77.61299633979797
0.008276128768920898,0.11803343296051025,0.007981371879577637,0.04784251232536472,0.02637813091278076,nan,0.0,0.053137683868408205,0.09999999403953552,2.328106279373169,-0.09999999403953552,nan,0.0,nan,0.0,nan,0.0,0.09967999905347824,2.3309267932891844,nan,0.0,nan,0.0,60000,1,False,,,10,-2.328106279373169,54cc68aea0444b52aff1cf91b0a46fd8,2019-05-30_14-17-18,1559251038,8.90186095237732,86.5148572921753,21727,steropes,169.229.49.254,"{'starting_lr': 0.5, 'momentum': 0.99, 'weight_decay': 0.0001, 'steps_per_iteration': None, 'pin': False, 'model_creator': None, 'target_batch_size': 1024, 'model_string': 'resnet18', 'min_batch_size': 512, 'dataset': 'CIFAR', 'placement': None, 'use_nccl': True, 'devices_per_worker': 1, 'primary_resource': 'extra_gpu', 'gpu': False, 'verbose': False, 'lr_config': {'mode': 'log', 'steps': 5, 'initial_lr': 0.5, 'target_lr': 0.5}, 'batch_per_device': 1024}",86.5148572921753,0,10,7020.592048776578,1,86.5148572921753
0.008335328102111817,0.12219104766845704,0.005349540710449218,0.03789918763296945,0.024783563613891602,nan,0.0,0.04615459442138672,0.09999999403953552,2.31309775390625,-0.09999999403953552,nan,0.0,nan,0.0,nan,0.0,0.10525999963283539,2.3116578578186036,nan,0.0,nan,0.0,60000,1,False,,,11,-2.31309775390625,54cc68aea0444b52aff1cf91b0a46fd8,2019-05-30_14-17-27,1559251047,8.559252262115479,95.07410955429077,21727,steropes,169.229.49.254,"{'starting_lr': 0.5, 'momentum': 0.99, 'weight_decay': 0.0001, 'steps_per_iteration': None, 'pin': False, 'model_creator': None, 'target_batch_size': 1024, 'model_string': 'resnet18', 'min_batch_size': 512, 'dataset': 'CIFAR', 'placement': None, 'use_nccl': True, 'devices_per_worker': 1, 'primary_resource': 'extra_gpu', 'gpu': False, 'verbose': False, 'lr_config': {'mode': 'log', 'steps': 5, 'initial_lr': 0.5, 'target_lr': 0.5}, 'batch_per_device': 1024}",95.07410955429077,0,11,6973.592566576065,1,95.07410955429077
0.00773468017578125,0.1212346076965332,0.005869436264038086,0.042311799769498865,0.024361777305603027,nan,0.0,0.0511263370513916,0.09339999407529831,2.314963724899292,-0.09339999407529831,nan,0.0,nan,0.0,nan,0.0,0.10241999477148056,2.3187237587738037,nan,0.0,nan,0.0,60000,1,True,,,12,-2.314963724899292,54cc68aea0444b52aff1cf91b0a46fd8,2019-05-30_14-17-36,1559251056,8.58534288406372,103.65945243835449,21727,steropes,169.229.49.254,"{'starting_lr': 0.5, 'momentum': 0.99, 'weight_decay': 0.0001, 'steps_per_iteration': None, 'pin': False, 'model_creator': None, 'target_batch_size': 1024, 'model_string': 'resnet18', 'min_batch_size': 512, 'dataset': 'CIFAR', 'placement': None, 'use_nccl': True, 'devices_per_worker': 1, 'primary_resource': 'extra_gpu', 'gpu': False, 'verbose': False, 'lr_config': {'mode': 'log', 'steps': 5, 'initial_lr': 0.5, 'target_lr': 0.5}, 'batch_per_device': 1024}",103.65945243835449,0,12,6995.596040514986,1,103.65945243835449
