{"apply": 0.018555831909179688, "batch_time": 0.040888656543779975, "d2h": 0.000714421272277832, "data_time": 0.0018656479428186441, "fwd": 0.11581356525421142, "get_state_time_mean": NaN, "get_state_time_total": 0.0, "grad": 0.1686619997024536, "mean_accuracy": 0.08549999445676804, "mean_loss": 83.85033796386719, "neg_mean_accuracy": -0.08549999445676804, "set_state_time_mean": NaN, "set_state_time_total": 0.0, "setup_model_time_mean": 9.911660194396973, "setup_model_time_total": 9.911660194396973, "setup_proc_time_mean": 0.1474008560180664, "setup_proc_time_total": 0.1474008560180664, "train_accuracy": 0.1199599951505661, "train_loss": 5.3073468260192875, "training_time_mean": NaN, "training_time_total": 0.0, "val_accuracy": 0.08549999445676804, "val_loss": 83.85033796386719, "validation_time_mean": NaN, "validation_time_total": 0.0, "samples": 60000, "num_workers": 1, "done": false, "timesteps_total": null, "episodes_total": null, "training_iteration": 1, "neg_mean_loss": -83.85033796386719, "experiment_id": "4179d53b39d843598485711a783b24d5", "date": "2019-06-06_13-28-52", "timestamp": 1559852932, "time_this_iter_s": 46.5310378074646, "time_total_s": 46.5310378074646, "pid": 25616, "hostname": "steropes", "node_ip": "169.229.49.254", "config": {"starting_lr": 0.5, "momentum": 0.95, "weight_decay": 0.005, "steps_per_iteration": null, "pin": false, "model_creator": null, "target_batch_size": 128, "model_string": "resnet50", "min_batch_size": 128, "dataset": "CIFAR", "placement": null, "use_nccl": true, "devices_per_worker": 1, "primary_resource": "extra_gpu", "gpu": false, "verbose": false, "lr_config": {"mode": "log", "steps": 5, "initial_lr": 0.5, "target_lr": 0.5}, "batch_per_device": 128}, "time_since_restore": 46.5310378074646, "timesteps_since_restore": 0, "iterations_since_restore": 1, "mean_throughput": 1289.4596577996285, "atoms": 1, "setup_time": 10.518255710601807}
{"apply": 0.017510271072387694, "batch_time": 0.03137415270262127, "d2h": 0.0006673336029052734, "data_time": 0.0017442404461638702, "fwd": 0.027640748023986816, "get_state_time_mean": NaN, "get_state_time_total": 0.0, "grad": 0.0472226619720459, "mean_accuracy": 0.09184999763965607, "mean_loss": 43.486246091079714, "neg_mean_accuracy": -0.0982000008225441, "set_state_time_mean": NaN, "set_state_time_total": 0.0, "setup_model_time_mean": NaN, "setup_model_time_total": 0.0, "setup_proc_time_mean": NaN, "setup_proc_time_total": 0.0, "train_accuracy": 0.16035999357700348, "train_loss": 2.3779047192382814, "training_time_mean": NaN, "training_time_total": 0.0, "val_accuracy": 0.0982000008225441, "val_loss": 3.1221542182922364, "validation_time_mean": NaN, "validation_time_total": 0.0, "samples": 60000, "num_workers": 1, "done": false, "timesteps_total": null, "episodes_total": null, "training_iteration": 2, "neg_mean_loss": -43.486246091079714, "experiment_id": "4179d53b39d843598485711a783b24d5", "date": "2019-06-06_13-29-33", "timestamp": 1559852973, "time_this_iter_s": 41.084376096725464, "time_total_s": 87.61541390419006, "pid": 25616, "hostname": "steropes", "node_ip": "169.229.49.254", "config": {"starting_lr": 0.5, "momentum": 0.95, "weight_decay": 0.005, "steps_per_iteration": null, "pin": false, "model_creator": null, "target_batch_size": 128, "model_string": "resnet50", "min_batch_size": 128, "dataset": "CIFAR", "placement": null, "use_nccl": true, "devices_per_worker": 1, "primary_resource": "extra_gpu", "gpu": false, "verbose": false, "lr_config": {"mode": "log", "steps": 5, "initial_lr": 0.5, "target_lr": 0.5}, "batch_per_device": 128}, "time_since_restore": 87.61541390419006, "timesteps_since_restore": 0, "iterations_since_restore": 2, "mean_throughput": 1369.6194761926445, "atoms": 1, "setup_time": 10.518255710601807}
{"apply": 0.017889952659606932, "batch_time": 0.031769993938977205, "d2h": 0.0008618593215942383, "data_time": 0.0018041268029176365, "fwd": 0.027892088890075682, "get_state_time_mean": NaN, "get_state_time_total": 0.0, "grad": 0.04871909618377686, "mean_accuracy": 0.09939999630053838, "mean_loss": 29.838938287099207, "neg_mean_accuracy": -0.11449999362230301, "set_state_time_mean": NaN, "set_state_time_total": 0.0, "setup_model_time_mean": NaN, "setup_model_time_total": 0.0, "setup_proc_time_mean": NaN, "setup_proc_time_total": 0.0, "train_accuracy": 0.1508999913930893, "train_loss": 2.4264562490844725, "training_time_mean": NaN, "training_time_total": 0.0, "val_accuracy": 0.11449999362230301, "val_loss": 2.5443226791381837, "validation_time_mean": NaN, "validation_time_total": 0.0, "samples": 60000, "num_workers": 1, "done": true, "timesteps_total": null, "episodes_total": null, "training_iteration": 3, "neg_mean_loss": -29.838938287099207, "experiment_id": "4179d53b39d843598485711a783b24d5", "date": "2019-06-06_13-30-15", "timestamp": 1559853015, "time_this_iter_s": 41.577045917510986, "time_total_s": 129.19245982170105, "pid": 25616, "hostname": "steropes", "node_ip": "169.229.49.254", "config": {"starting_lr": 0.5, "momentum": 0.95, "weight_decay": 0.005, "steps_per_iteration": null, "pin": false, "model_creator": null, "target_batch_size": 128, "model_string": "resnet50", "min_batch_size": 128, "dataset": "CIFAR", "placement": null, "use_nccl": true, "devices_per_worker": 1, "primary_resource": "extra_gpu", "gpu": false, "verbose": false, "lr_config": {"mode": "log", "steps": 5, "initial_lr": 0.5, "target_lr": 0.5}, "batch_per_device": 128}, "time_since_restore": 129.19245982170105, "timesteps_since_restore": 0, "iterations_since_restore": 3, "mean_throughput": 1393.2669138726042, "atoms": 1, "setup_time": 10.518255710601807}
