{"apply": 0.018479204177856444, "batch_time": 0.04098778736742237, "d2h": 0.0006553888320922852, "data_time": 0.0018718303621882368, "fwd": 0.1174513578414917, "get_state_time_mean": NaN, "get_state_time_total": 0.0, "grad": 0.2522236108779907, "mean_accuracy": 0.13220000267028809, "mean_loss": 2.370625573730469, "neg_mean_accuracy": -0.13220000267028809, "set_state_time_mean": NaN, "set_state_time_total": 0.0, "setup_model_time_mean": 20.678765058517456, "setup_model_time_total": 20.678765058517456, "setup_proc_time_mean": 1.662674903869629, "setup_proc_time_total": 1.662674903869629, "train_accuracy": 0.11803999543190002, "train_loss": 2.7323436556243896, "training_time_mean": NaN, "training_time_total": 0.0, "val_accuracy": 0.13220000267028809, "val_loss": 2.370625573730469, "validation_time_mean": NaN, "validation_time_total": 0.0, "samples": 60000, "num_workers": 1, "done": false, "timesteps_total": null, "episodes_total": null, "training_iteration": 1, "neg_mean_loss": -2.370625573730469, "experiment_id": "8917561947324b1db34f21c890005dd3", "date": "2019-06-02_20-35-08", "timestamp": 1559532908, "time_this_iter_s": 48.078224658966064, "time_total_s": 48.078224658966064, "pid": 6265, "hostname": "steropes", "node_ip": "169.229.49.254", "config": {"starting_lr": 0.0001, "momentum": 0.9, "weight_decay": 0.001, "steps_per_iteration": null, "pin": false, "model_creator": null, "target_batch_size": 128, "model_string": "resnet50", "min_batch_size": 128, "dataset": "CIFAR", "placement": null, "use_nccl": true, "devices_per_worker": 1, "primary_resource": "extra_gpu", "gpu": false, "verbose": false, "lr_config": {"mode": "log", "steps": 5, "initial_lr": 0.0001, "target_lr": 0.0001}, "batch_per_device": 128}, "time_since_restore": 48.078224658966064, "timesteps_since_restore": 0, "iterations_since_restore": 1, "mean_throughput": 1247.9640726651628, "atoms": 1, "setup_time": 22.43452501296997}
{"apply": 0.018259429931640626, "batch_time": 0.034566680087318905, "d2h": 0.0006282567977905273, "data_time": 0.001800907237450485, "fwd": 0.027854609489440917, "get_state_time_mean": NaN, "get_state_time_total": 0.0, "grad": 0.04931318759918213, "mean_accuracy": 0.14899999648332596, "mean_loss": 2.31713994884491, "neg_mean_accuracy": -0.16579999029636383, "set_state_time_mean": NaN, "set_state_time_total": 0.0, "setup_model_time_mean": NaN, "setup_model_time_total": 0.0, "setup_proc_time_mean": NaN, "setup_proc_time_total": 0.0, "train_accuracy": 0.14117999374866486, "train_loss": 2.3446286613464355, "training_time_mean": NaN, "training_time_total": 0.0, "val_accuracy": 0.16579999029636383, "val_loss": 2.2636543239593507, "validation_time_mean": NaN, "validation_time_total": 0.0, "samples": 60000, "num_workers": 1, "done": false, "timesteps_total": null, "episodes_total": null, "training_iteration": 2, "neg_mean_loss": -2.31713994884491, "experiment_id": "8917561947324b1db34f21c890005dd3", "date": "2019-06-02_20-35-49", "timestamp": 1559532949, "time_this_iter_s": 41.72347974777222, "time_total_s": 89.80170440673828, "pid": 6265, "hostname": "steropes", "node_ip": "169.229.49.254", "config": {"starting_lr": 0.0001, "momentum": 0.9, "weight_decay": 0.001, "steps_per_iteration": null, "pin": false, "model_creator": null, "target_batch_size": 128, "model_string": "resnet50", "min_batch_size": 128, "dataset": "CIFAR", "placement": null, "use_nccl": true, "devices_per_worker": 1, "primary_resource": "extra_gpu", "gpu": false, "verbose": false, "lr_config": {"mode": "log", "steps": 5, "initial_lr": 0.0001, "target_lr": 0.0001}, "batch_per_device": 128}, "time_since_restore": 89.80170440673828, "timesteps_since_restore": 0, "iterations_since_restore": 2, "mean_throughput": 1336.2737508510202, "atoms": 1, "setup_time": 22.43452501296997}
{"apply": 0.0180833101272583, "batch_time": 0.03218076802507232, "d2h": 0.0006544351577758789, "data_time": 0.0017522765547418229, "fwd": 0.029234647750854492, "get_state_time_mean": NaN, "get_state_time_total": 0.0, "grad": 0.048749542236328124, "mean_accuracy": 0.15843332807223, "mean_loss": 2.2820127216339112, "neg_mean_accuracy": -0.17729999125003815, "set_state_time_mean": NaN, "set_state_time_total": 0.0, "setup_model_time_mean": NaN, "setup_model_time_total": 0.0, "setup_proc_time_mean": NaN, "setup_proc_time_total": 0.0, "train_accuracy": 0.1614999920129776, "train_loss": 2.2752950785827637, "training_time_mean": NaN, "training_time_total": 0.0, "val_accuracy": 0.17729999125003815, "val_loss": 2.211758267211914, "validation_time_mean": NaN, "validation_time_total": 0.0, "samples": 60000, "num_workers": 1, "done": true, "timesteps_total": null, "episodes_total": null, "training_iteration": 3, "neg_mean_loss": -2.2820127216339112, "experiment_id": "8917561947324b1db34f21c890005dd3", "date": "2019-06-02_20-36-31", "timestamp": 1559532991, "time_this_iter_s": 41.51830720901489, "time_total_s": 131.32001161575317, "pid": 6265, "hostname": "steropes", "node_ip": "169.229.49.254", "config": {"starting_lr": 0.0001, "momentum": 0.9, "weight_decay": 0.001, "steps_per_iteration": null, "pin": false, "model_creator": null, "target_batch_size": 128, "model_string": "resnet50", "min_batch_size": 128, "dataset": "CIFAR", "placement": null, "use_nccl": true, "devices_per_worker": 1, "primary_resource": "extra_gpu", "gpu": false, "verbose": false, "lr_config": {"mode": "log", "steps": 5, "initial_lr": 0.0001, "target_lr": 0.0001}, "batch_per_device": 128}, "time_since_restore": 131.32001161575317, "timesteps_since_restore": 0, "iterations_since_restore": 3, "mean_throughput": 1370.693870267629, "atoms": 1, "setup_time": 22.43452501296997}
