{"apply": 0.017964100837707518, "batch_time": 0.04161534430105475, "d2h": 0.0006728172302246094, "data_time": 0.00184842997499744, "fwd": 0.1903303384780884, "get_state_time_mean": NaN, "get_state_time_total": 0.0, "grad": 0.27753660678863523, "mean_accuracy": 0.09259999543428421, "mean_loss": 15.09261805419922, "neg_mean_accuracy": -0.09259999543428421, "set_state_time_mean": NaN, "set_state_time_total": 0.0, "setup_model_time_mean": 21.70426034927368, "setup_model_time_total": 21.70426034927368, "setup_proc_time_mean": 1.6503825187683105, "setup_proc_time_total": 1.6503825187683105, "train_accuracy": 0.11481999605894089, "train_loss": 5.86636825706482, "training_time_mean": NaN, "training_time_total": 0.0, "val_accuracy": 0.09259999543428421, "val_loss": 15.09261805419922, "validation_time_mean": NaN, "validation_time_total": 0.0, "samples": 60000, "num_workers": 1, "done": false, "timesteps_total": null, "episodes_total": null, "training_iteration": 1, "neg_mean_loss": -15.09261805419922, "experiment_id": "2022121cca7e451cbde198e32ff52296", "date": "2019-06-03_22-06-15", "timestamp": 1559624775, "time_this_iter_s": 49.212716579437256, "time_total_s": 49.212716579437256, "pid": 6869, "hostname": "steropes", "node_ip": "169.229.49.254", "config": {"starting_lr": 0.5, "momentum": 0.95, "weight_decay": 0.005, "steps_per_iteration": null, "pin": false, "model_creator": null, "target_batch_size": 128, "model_string": "resnet50", "min_batch_size": 128, "dataset": "CIFAR", "placement": null, "use_nccl": true, "devices_per_worker": 1, "primary_resource": "extra_gpu", "gpu": false, "verbose": false, "lr_config": {"mode": "log", "steps": 5, "initial_lr": 0.5, "target_lr": 0.5}, "batch_per_device": 128}, "time_since_restore": 49.212716579437256, "timesteps_since_restore": 0, "iterations_since_restore": 1, "mean_throughput": 1219.1950291608919, "atoms": 1, "setup_time": 23.45118808746338}
{"apply": 0.018080520629882812, "batch_time": 0.032361190530318246, "d2h": 0.0006783485412597656, "data_time": 0.0017943351774874245, "fwd": 0.028122591972351074, "get_state_time_mean": NaN, "get_state_time_total": 0.0, "grad": 0.047328400611877444, "mean_accuracy": 0.1078999973833561, "mean_loss": 10.271132554626465, "neg_mean_accuracy": -0.12319999933242798, "set_state_time_mean": NaN, "set_state_time_total": 0.0, "setup_model_time_mean": NaN, "setup_model_time_total": 0.0, "setup_proc_time_mean": NaN, "setup_proc_time_total": 0.0, "train_accuracy": 0.16572000086307526, "train_loss": 2.365126060409546, "training_time_mean": NaN, "training_time_total": 0.0, "val_accuracy": 0.12319999933242798, "val_loss": 5.449647055053711, "validation_time_mean": NaN, "validation_time_total": 0.0, "samples": 60000, "num_workers": 1, "done": false, "timesteps_total": null, "episodes_total": null, "training_iteration": 2, "neg_mean_loss": -10.271132554626465, "experiment_id": "2022121cca7e451cbde198e32ff52296", "date": "2019-06-03_22-06-56", "timestamp": 1559624816, "time_this_iter_s": 40.98076868057251, "time_total_s": 90.19348526000977, "pid": 6869, "hostname": "steropes", "node_ip": "169.229.49.254", "config": {"starting_lr": 0.5, "momentum": 0.95, "weight_decay": 0.005, "steps_per_iteration": null, "pin": false, "model_creator": null, "target_batch_size": 128, "model_string": "resnet50", "min_batch_size": 128, "dataset": "CIFAR", "placement": null, "use_nccl": true, "devices_per_worker": 1, "primary_resource": "extra_gpu", "gpu": false, "verbose": false, "lr_config": {"mode": "log", "steps": 5, "initial_lr": 0.5, "target_lr": 0.5}, "batch_per_device": 128}, "time_since_restore": 90.19348526000977, "timesteps_since_restore": 0, "iterations_since_restore": 2, "mean_throughput": 1330.468268708603, "atoms": 1, "setup_time": 23.45118808746338}
{"apply": 0.017781805992126466, "batch_time": 0.03199078161505204, "d2h": 0.0009514570236206054, "data_time": 0.0017797142038564852, "fwd": 0.0283862829208374, "get_state_time_mean": NaN, "get_state_time_total": 0.0, "grad": 0.047950339317321775, "mean_accuracy": 0.10526666293541591, "mean_loss": 9.940707081604005, "neg_mean_accuracy": -0.09999999403953552, "set_state_time_mean": NaN, "set_state_time_total": 0.0, "setup_model_time_mean": NaN, "setup_model_time_total": 0.0, "setup_proc_time_mean": NaN, "setup_proc_time_total": 0.0, "train_accuracy": 0.14151999354362488, "train_loss": 2.430010392150879, "training_time_mean": NaN, "training_time_total": 0.0, "val_accuracy": 0.09999999403953552, "val_loss": 9.279856135559083, "validation_time_mean": NaN, "validation_time_total": 0.0, "samples": 60000, "num_workers": 1, "done": true, "timesteps_total": null, "episodes_total": null, "training_iteration": 3, "neg_mean_loss": -9.940707081604005, "experiment_id": "2022121cca7e451cbde198e32ff52296", "date": "2019-06-03_22-07-37", "timestamp": 1559624857, "time_this_iter_s": 40.65176558494568, "time_total_s": 130.84525084495544, "pid": 6869, "hostname": "steropes", "node_ip": "169.229.49.254", "config": {"starting_lr": 0.5, "momentum": 0.95, "weight_decay": 0.005, "steps_per_iteration": null, "pin": false, "model_creator": null, "target_batch_size": 128, "model_string": "resnet50", "min_batch_size": 128, "dataset": "CIFAR", "placement": null, "use_nccl": true, "devices_per_worker": 1, "primary_resource": "extra_gpu", "gpu": false, "verbose": false, "lr_config": {"mode": "log", "steps": 5, "initial_lr": 0.5, "target_lr": 0.5}, "batch_per_device": 128}, "time_since_restore": 130.84525084495544, "timesteps_since_restore": 0, "iterations_since_restore": 3, "mean_throughput": 1375.6665605539736, "atoms": 1, "setup_time": 23.45118808746338}
