apply,batch_time,d2h,data_time,fwd,get_state_time_mean,get_state_time_total,grad,mean_accuracy,mean_loss,neg_mean_accuracy,set_state_time_mean,set_state_time_total,setup_model_time_mean,setup_model_time_total,setup_proc_time_mean,setup_proc_time_total,train_accuracy,train_loss,training_time_mean,training_time_total,validation_time_mean,validation_time_total,samples,num_workers,done,timesteps_total,episodes_total,training_iteration,neg_mean_loss,experiment_id,date,timestamp,time_this_iter_s,time_total_s,pid,hostname,node_ip,config,time_since_restore,timesteps_since_restore,iterations_since_restore,mean_throughput,atoms,resource_time
0.007269120216369629,0.1935420274734497,0.004411530494689941,0.03696812902178083,0.09701006412506104,nan,0.0,0.22024202346801758,0.25689998269081116,2.020926644897461,-0.25689998269081116,nan,0.0,11.397900104522705,11.397900104522705,1.5758657455444336,1.5758657455444336,0.15379999577999115,3.8756000186920168,nan,0.0,nan,0.0,60000,1,False,,,1,-2.020926644897461,1c1c679182944be99219e9f479257f7a,2019-05-30_14-01-20,1559250080,12.092193841934204,12.092193841934204,18233,steropes,169.229.49.254,"{'starting_lr': 0.0005, 'momentum': 0.99, 'weight_decay': 0.005, 'steps_per_iteration': None, 'pin': False, 'model_creator': None, 'target_batch_size': 1024, 'model_string': 'resnet18', 'min_batch_size': 512, 'dataset': 'CIFAR', 'placement': None, 'use_nccl': True, 'devices_per_worker': 1, 'primary_resource': 'extra_gpu', 'gpu': False, 'verbose': False, 'lr_config': {'mode': 'log', 'steps': 5, 'initial_lr': 0.0005, 'target_lr': 0.0005}, 'batch_per_device': 1024}",12.092193841934204,0,1,4961.842971418256,1,12.092193841934204
0.008510971069335937,0.1363988399505615,0.006908106803894043,0.035088349361808935,0.026125645637512206,nan,0.0,0.053748273849487306,0.35519999265670776,1.7774333965301514,-0.35519999265670776,nan,0.0,nan,0.0,nan,0.0,0.29580000042915344,1.9393616730880738,nan,0.0,nan,0.0,60000,1,False,,,2,-1.7774333965301514,1c1c679182944be99219e9f479257f7a,2019-05-30_14-01-28,1559250088,7.8634934425354,19.955687284469604,18233,steropes,169.229.49.254,"{'starting_lr': 0.0005, 'momentum': 0.99, 'weight_decay': 0.005, 'steps_per_iteration': None, 'pin': False, 'model_creator': None, 'target_batch_size': 1024, 'model_string': 'resnet18', 'min_batch_size': 512, 'dataset': 'CIFAR', 'placement': None, 'use_nccl': True, 'devices_per_worker': 1, 'primary_resource': 'extra_gpu', 'gpu': False, 'verbose': False, 'lr_config': {'mode': 'log', 'steps': 5, 'initial_lr': 0.0005, 'target_lr': 0.0005}, 'batch_per_device': 1024}",19.955687284469604,0,2,6013.270098694208,1,19.955687284469604
0.009636735916137696,0.13736979961395263,0.005171132087707519,0.028069486423414582,0.029654622077941895,nan,0.0,0.05745763778686523,0.3985999822616577,1.6284892240524291,-0.3985999822616577,nan,0.0,nan,0.0,nan,0.0,0.3572799861431122,1.7575823379898072,nan,0.0,nan,0.0,60000,1,False,,,3,-1.6284892240524291,1c1c679182944be99219e9f479257f7a,2019-05-30_14-01-36,1559250096,8.379415512084961,28.335102796554565,18233,steropes,169.229.49.254,"{'starting_lr': 0.0005, 'momentum': 0.99, 'weight_decay': 0.005, 'steps_per_iteration': None, 'pin': False, 'model_creator': None, 'target_batch_size': 1024, 'model_string': 'resnet18', 'min_batch_size': 512, 'dataset': 'CIFAR', 'placement': None, 'use_nccl': True, 'devices_per_worker': 1, 'primary_resource': 'extra_gpu', 'gpu': False, 'verbose': False, 'lr_config': {'mode': 'log', 'steps': 5, 'initial_lr': 0.0005, 'target_lr': 0.0005}, 'batch_per_device': 1024}",28.335102796554565,0,3,6352.487363532959,1,28.335102796554565
0.008561086654663087,0.13544251918792724,0.006311845779418945,0.03910789684373505,0.028778791427612305,nan,0.0,0.05644912719726562,0.4350999891757965,1.5308627531051635,-0.4350999891757965,nan,0.0,nan,0.0,nan,0.0,0.3991599977016449,1.6337811671066285,nan,0.0,nan,0.0,60000,1,False,,,4,-1.5308627531051635,1c1c679182944be99219e9f479257f7a,2019-05-30_14-01-45,1559250105,8.479888439178467,36.81499123573303,18233,steropes,169.229.49.254,"{'starting_lr': 0.0005, 'momentum': 0.99, 'weight_decay': 0.005, 'steps_per_iteration': None, 'pin': False, 'model_creator': None, 'target_batch_size': 1024, 'model_string': 'resnet18', 'min_batch_size': 512, 'dataset': 'CIFAR', 'placement': None, 'use_nccl': True, 'devices_per_worker': 1, 'primary_resource': 'extra_gpu', 'gpu': False, 'verbose': False, 'lr_config': {'mode': 'log', 'steps': 5, 'initial_lr': 0.0005, 'target_lr': 0.0005}, 'batch_per_device': 1024}",36.81499123573303,0,4,6519.024638192055,1,36.81499123573303
0.008268213272094727,0.13800232410430907,0.005064201354980469,0.035825559071132114,0.032534241676330566,nan,0.0,0.06131424903869629,0.4576999843120575,1.47121077003479,-0.4576999843120575,nan,0.0,nan,0.0,nan,0.0,0.43501999974250793,1.5408684603881837,nan,0.0,nan,0.0,60000,1,False,,,5,-1.47121077003479,1c1c679182944be99219e9f479257f7a,2019-05-30_14-01-53,1559250113,8.306944131851196,45.12193536758423,18233,steropes,169.229.49.254,"{'starting_lr': 0.0005, 'momentum': 0.99, 'weight_decay': 0.005, 'steps_per_iteration': None, 'pin': False, 'model_creator': None, 'target_batch_size': 1024, 'model_string': 'resnet18', 'min_batch_size': 512, 'dataset': 'CIFAR', 'placement': None, 'use_nccl': True, 'devices_per_worker': 1, 'primary_resource': 'extra_gpu', 'gpu': False, 'verbose': False, 'lr_config': {'mode': 'log', 'steps': 5, 'initial_lr': 0.0005, 'target_lr': 0.0005}, 'batch_per_device': 1024}",45.12193536758423,0,5,6648.5886632564725,1,45.12193536758423
0.008460140228271485,0.14004242420196533,0.007963347434997558,0.03449568456533004,0.032745528221130374,nan,0.0,0.05791647434234619,0.48919999599456787,1.3923005994796753,-0.48919999599456787,nan,0.0,nan,0.0,nan,0.0,0.4634599983692169,1.4665788666534423,nan,0.0,nan,0.0,60000,1,False,,,6,-1.3923005994796753,1c1c679182944be99219e9f479257f7a,2019-05-30_14-02-01,1559250121,8.2658851146698,53.38782048225403,18233,steropes,169.229.49.254,"{'starting_lr': 0.0005, 'momentum': 0.99, 'weight_decay': 0.005, 'steps_per_iteration': None, 'pin': False, 'model_creator': None, 'target_batch_size': 1024, 'model_string': 'resnet18', 'min_batch_size': 512, 'dataset': 'CIFAR', 'placement': None, 'use_nccl': True, 'devices_per_worker': 1, 'primary_resource': 'extra_gpu', 'gpu': False, 'verbose': False, 'lr_config': {'mode': 'log', 'steps': 5, 'initial_lr': 0.0005, 'target_lr': 0.0005}, 'batch_per_device': 1024}",53.38782048225403,0,6,7264.61910899167,1,53.38782048225403
0.00899975299835205,0.16940269470214844,0.005120635032653809,0.050248014683626135,0.022912073135375976,nan,0.0,0.05391461849212646,0.5131999850273132,1.3427453205108641,-0.5131999850273132,nan,0.0,nan,0.0,nan,0.0,0.4847399890422821,1.4095771047592163,nan,0.0,nan,0.0,60000,1,False,,,7,-1.3427453205108641,1c1c679182944be99219e9f479257f7a,2019-05-30_14-02-11,1559250131,9.394440650939941,62.78226113319397,18233,steropes,169.229.49.254,"{'starting_lr': 0.0005, 'momentum': 0.99, 'weight_decay': 0.005, 'steps_per_iteration': None, 'pin': False, 'model_creator': None, 'target_batch_size': 1024, 'model_string': 'resnet18', 'min_batch_size': 512, 'dataset': 'CIFAR', 'placement': None, 'use_nccl': True, 'devices_per_worker': 1, 'primary_resource': 'extra_gpu', 'gpu': False, 'verbose': False, 'lr_config': {'mode': 'log', 'steps': 5, 'initial_lr': 0.0005, 'target_lr': 0.0005}, 'batch_per_device': 1024}",62.78226113319397,0,7,7004.909227031391,1,62.78226113319397
0.008561515808105468,0.16838080883026124,0.005388069152832031,0.03718197102449378,0.027117180824279784,nan,0.0,0.06534082889556884,0.521399974822998,1.3162618371963501,-0.521399974822998,nan,0.0,nan,0.0,nan,0.0,0.5051599740982056,1.3599983405685425,nan,0.0,nan,0.0,60000,1,False,,,8,-1.3162618371963501,1c1c679182944be99219e9f479257f7a,2019-05-30_14-02-20,1559250140,8.927374601364136,71.7096357345581,18233,steropes,169.229.49.254,"{'starting_lr': 0.0005, 'momentum': 0.99, 'weight_decay': 0.005, 'steps_per_iteration': None, 'pin': False, 'model_creator': None, 'target_batch_size': 1024, 'model_string': 'resnet18', 'min_batch_size': 512, 'dataset': 'CIFAR', 'placement': None, 'use_nccl': True, 'devices_per_worker': 1, 'primary_resource': 'extra_gpu', 'gpu': False, 'verbose': False, 'lr_config': {'mode': 'log', 'steps': 5, 'initial_lr': 0.0005, 'target_lr': 0.0005}, 'batch_per_device': 1024}",71.7096357345581,0,8,6916.415640009937,1,71.7096357345581
0.009094643592834472,0.15888350009918212,0.0052492618560791016,0.05404283562485052,0.025682783126831053,nan,0.0,0.05654323101043701,0.5401999950408936,1.2734139320373534,-0.5401999950408936,nan,0.0,nan,0.0,nan,0.0,0.5214999914169312,1.3148035104751588,nan,0.0,nan,0.0,60000,1,False,,,9,-1.2734139320373534,1c1c679182944be99219e9f479257f7a,2019-05-30_14-02-29,1559250149,9.317012548446655,81.02664828300476,18233,steropes,169.229.49.254,"{'starting_lr': 0.0005, 'momentum': 0.99, 'weight_decay': 0.005, 'steps_per_iteration': None, 'pin': False, 'model_creator': None, 'target_batch_size': 1024, 'model_string': 'resnet18', 'min_batch_size': 512, 'dataset': 'CIFAR', 'placement': None, 'use_nccl': True, 'devices_per_worker': 1, 'primary_resource': 'extra_gpu', 'gpu': False, 'verbose': False, 'lr_config': {'mode': 'log', 'steps': 5, 'initial_lr': 0.0005, 'target_lr': 0.0005}, 'batch_per_device': 1024}",81.02664828300476,0,9,6785.458772859291,1,81.02664828300476
0.009775495529174805,0.14761652946472167,0.0060198307037353516,0.04279780387878418,0.031521058082580565,nan,0.0,0.06643149852752686,0.5449000000953674,1.2489011308670044,-0.5449000000953674,nan,0.0,nan,0.0,nan,0.0,0.5409199595451355,1.2728224770355225,nan,0.0,nan,0.0,60000,1,False,,,10,-1.2489011308670044,1c1c679182944be99219e9f479257f7a,2019-05-30_14-02-38,1559250158,8.669280767440796,89.69592905044556,18233,steropes,169.229.49.254,"{'starting_lr': 0.0005, 'momentum': 0.99, 'weight_decay': 0.005, 'steps_per_iteration': None, 'pin': False, 'model_creator': None, 'target_batch_size': 1024, 'model_string': 'resnet18', 'min_batch_size': 512, 'dataset': 'CIFAR', 'placement': None, 'use_nccl': True, 'devices_per_worker': 1, 'primary_resource': 'extra_gpu', 'gpu': False, 'verbose': False, 'lr_config': {'mode': 'log', 'steps': 5, 'initial_lr': 0.0005, 'target_lr': 0.0005}, 'batch_per_device': 1024}",89.69592905044556,0,10,6730.303775078019,1,89.69592905044556
0.008478832244873048,0.13319017887115478,0.004938483238220215,0.04003644962700046,0.035425353050231936,nan,0.0,0.06923563480377197,0.5633000135421753,1.2143822984695434,-0.5633000135421753,nan,0.0,nan,0.0,nan,0.0,0.5532999634742737,1.2310387686157227,nan,0.0,nan,0.0,60000,1,False,,,11,-1.2143822984695434,1c1c679182944be99219e9f479257f7a,2019-05-30_14-02-46,1559250166,8.55158019065857,98.24750924110413,18233,steropes,169.229.49.254,"{'starting_lr': 0.0005, 'momentum': 0.99, 'weight_decay': 0.005, 'steps_per_iteration': None, 'pin': False, 'model_creator': None, 'target_batch_size': 1024, 'model_string': 'resnet18', 'min_batch_size': 512, 'dataset': 'CIFAR', 'placement': None, 'use_nccl': True, 'devices_per_worker': 1, 'primary_resource': 'extra_gpu', 'gpu': False, 'verbose': False, 'lr_config': {'mode': 'log', 'steps': 5, 'initial_lr': 0.0005, 'target_lr': 0.0005}, 'batch_per_device': 1024}",98.24750924110413,0,11,6687.416208408749,1,98.24750924110413
0.008540582656860352,0.12987098693847657,0.010898733139038086,0.0365748794711366,0.03215069770812988,nan,0.0,0.06293432712554932,0.5830000042915344,1.1685800510406494,-0.5830000042915344,nan,0.0,nan,0.0,nan,0.0,0.5717599987983704,1.1900905871200562,nan,0.0,nan,0.0,60000,1,True,,,12,-1.1685800510406494,1c1c679182944be99219e9f479257f7a,2019-05-30_14-02-55,1559250175,8.445369720458984,106.69287896156311,18233,steropes,169.229.49.254,"{'starting_lr': 0.0005, 'momentum': 0.99, 'weight_decay': 0.005, 'steps_per_iteration': None, 'pin': False, 'model_creator': None, 'target_batch_size': 1024, 'model_string': 'resnet18', 'min_batch_size': 512, 'dataset': 'CIFAR', 'placement': None, 'use_nccl': True, 'devices_per_worker': 1, 'primary_resource': 'extra_gpu', 'gpu': False, 'verbose': False, 'lr_config': {'mode': 'log', 'steps': 5, 'initial_lr': 0.0005, 'target_lr': 0.0005}, 'batch_per_device': 1024}",106.69287896156311,0,12,6831.974086031927,1,106.69287896156311
