{"apply": 0.007269120216369629, "batch_time": 0.1935420274734497, "d2h": 0.004411530494689941, "data_time": 0.03696812902178083, "fwd": 0.09701006412506104, "get_state_time_mean": NaN, "get_state_time_total": 0.0, "grad": 0.22024202346801758, "mean_accuracy": 0.25689998269081116, "mean_loss": 2.020926644897461, "neg_mean_accuracy": -0.25689998269081116, "set_state_time_mean": NaN, "set_state_time_total": 0.0, "setup_model_time_mean": 11.397900104522705, "setup_model_time_total": 11.397900104522705, "setup_proc_time_mean": 1.5758657455444336, "setup_proc_time_total": 1.5758657455444336, "train_accuracy": 0.15379999577999115, "train_loss": 3.8756000186920168, "training_time_mean": NaN, "training_time_total": 0.0, "validation_time_mean": NaN, "validation_time_total": 0.0, "samples": 60000, "num_workers": 1, "done": false, "timesteps_total": null, "episodes_total": null, "training_iteration": 1, "neg_mean_loss": -2.020926644897461, "experiment_id": "1c1c679182944be99219e9f479257f7a", "date": "2019-05-30_14-01-20", "timestamp": 1559250080, "time_this_iter_s": 12.092193841934204, "time_total_s": 12.092193841934204, "pid": 18233, "hostname": "steropes", "node_ip": "169.229.49.254", "config": {"starting_lr": 0.0005, "momentum": 0.99, "weight_decay": 0.005, "steps_per_iteration": null, "pin": false, "model_creator": null, "target_batch_size": 1024, "model_string": "resnet18", "min_batch_size": 512, "dataset": "CIFAR", "placement": null, "use_nccl": true, "devices_per_worker": 1, "primary_resource": "extra_gpu", "gpu": false, "verbose": false, "lr_config": {"mode": "log", "steps": 5, "initial_lr": 0.0005, "target_lr": 0.0005}, "batch_per_device": 1024}, "time_since_restore": 12.092193841934204, "timesteps_since_restore": 0, "iterations_since_restore": 1, "mean_throughput": 4961.842971418256, "atoms": 1, "resource_time": 12.092193841934204}
{"apply": 0.008510971069335937, "batch_time": 0.1363988399505615, "d2h": 0.006908106803894043, "data_time": 0.035088349361808935, "fwd": 0.026125645637512206, "get_state_time_mean": NaN, "get_state_time_total": 0.0, "grad": 0.053748273849487306, "mean_accuracy": 0.35519999265670776, "mean_loss": 1.7774333965301514, "neg_mean_accuracy": -0.35519999265670776, "set_state_time_mean": NaN, "set_state_time_total": 0.0, "setup_model_time_mean": NaN, "setup_model_time_total": 0.0, "setup_proc_time_mean": NaN, "setup_proc_time_total": 0.0, "train_accuracy": 0.29580000042915344, "train_loss": 1.9393616730880738, "training_time_mean": NaN, "training_time_total": 0.0, "validation_time_mean": NaN, "validation_time_total": 0.0, "samples": 60000, "num_workers": 1, "done": false, "timesteps_total": null, "episodes_total": null, "training_iteration": 2, "neg_mean_loss": -1.7774333965301514, "experiment_id": "1c1c679182944be99219e9f479257f7a", "date": "2019-05-30_14-01-28", "timestamp": 1559250088, "time_this_iter_s": 7.8634934425354, "time_total_s": 19.955687284469604, "pid": 18233, "hostname": "steropes", "node_ip": "169.229.49.254", "config": {"starting_lr": 0.0005, "momentum": 0.99, "weight_decay": 0.005, "steps_per_iteration": null, "pin": false, "model_creator": null, "target_batch_size": 1024, "model_string": "resnet18", "min_batch_size": 512, "dataset": "CIFAR", "placement": null, "use_nccl": true, "devices_per_worker": 1, "primary_resource": "extra_gpu", "gpu": false, "verbose": false, "lr_config": {"mode": "log", "steps": 5, "initial_lr": 0.0005, "target_lr": 0.0005}, "batch_per_device": 1024}, "time_since_restore": 19.955687284469604, "timesteps_since_restore": 0, "iterations_since_restore": 2, "mean_throughput": 6013.270098694208, "atoms": 1, "resource_time": 19.955687284469604}
{"apply": 0.009636735916137696, "batch_time": 0.13736979961395263, "d2h": 0.005171132087707519, "data_time": 0.028069486423414582, "fwd": 0.029654622077941895, "get_state_time_mean": NaN, "get_state_time_total": 0.0, "grad": 0.05745763778686523, "mean_accuracy": 0.3985999822616577, "mean_loss": 1.6284892240524291, "neg_mean_accuracy": -0.3985999822616577, "set_state_time_mean": NaN, "set_state_time_total": 0.0, "setup_model_time_mean": NaN, "setup_model_time_total": 0.0, "setup_proc_time_mean": NaN, "setup_proc_time_total": 0.0, "train_accuracy": 0.3572799861431122, "train_loss": 1.7575823379898072, "training_time_mean": NaN, "training_time_total": 0.0, "validation_time_mean": NaN, "validation_time_total": 0.0, "samples": 60000, "num_workers": 1, "done": false, "timesteps_total": null, "episodes_total": null, "training_iteration": 3, "neg_mean_loss": -1.6284892240524291, "experiment_id": "1c1c679182944be99219e9f479257f7a", "date": "2019-05-30_14-01-36", "timestamp": 1559250096, "time_this_iter_s": 8.379415512084961, "time_total_s": 28.335102796554565, "pid": 18233, "hostname": "steropes", "node_ip": "169.229.49.254", "config": {"starting_lr": 0.0005, "momentum": 0.99, "weight_decay": 0.005, "steps_per_iteration": null, "pin": false, "model_creator": null, "target_batch_size": 1024, "model_string": "resnet18", "min_batch_size": 512, "dataset": "CIFAR", "placement": null, "use_nccl": true, "devices_per_worker": 1, "primary_resource": "extra_gpu", "gpu": false, "verbose": false, "lr_config": {"mode": "log", "steps": 5, "initial_lr": 0.0005, "target_lr": 0.0005}, "batch_per_device": 1024}, "time_since_restore": 28.335102796554565, "timesteps_since_restore": 0, "iterations_since_restore": 3, "mean_throughput": 6352.487363532959, "atoms": 1, "resource_time": 28.335102796554565}
{"apply": 0.008561086654663087, "batch_time": 0.13544251918792724, "d2h": 0.006311845779418945, "data_time": 0.03910789684373505, "fwd": 0.028778791427612305, "get_state_time_mean": NaN, "get_state_time_total": 0.0, "grad": 0.05644912719726562, "mean_accuracy": 0.4350999891757965, "mean_loss": 1.5308627531051635, "neg_mean_accuracy": -0.4350999891757965, "set_state_time_mean": NaN, "set_state_time_total": 0.0, "setup_model_time_mean": NaN, "setup_model_time_total": 0.0, "setup_proc_time_mean": NaN, "setup_proc_time_total": 0.0, "train_accuracy": 0.3991599977016449, "train_loss": 1.6337811671066285, "training_time_mean": NaN, "training_time_total": 0.0, "validation_time_mean": NaN, "validation_time_total": 0.0, "samples": 60000, "num_workers": 1, "done": false, "timesteps_total": null, "episodes_total": null, "training_iteration": 4, "neg_mean_loss": -1.5308627531051635, "experiment_id": "1c1c679182944be99219e9f479257f7a", "date": "2019-05-30_14-01-45", "timestamp": 1559250105, "time_this_iter_s": 8.479888439178467, "time_total_s": 36.81499123573303, "pid": 18233, "hostname": "steropes", "node_ip": "169.229.49.254", "config": {"starting_lr": 0.0005, "momentum": 0.99, "weight_decay": 0.005, "steps_per_iteration": null, "pin": false, "model_creator": null, "target_batch_size": 1024, "model_string": "resnet18", "min_batch_size": 512, "dataset": "CIFAR", "placement": null, "use_nccl": true, "devices_per_worker": 1, "primary_resource": "extra_gpu", "gpu": false, "verbose": false, "lr_config": {"mode": "log", "steps": 5, "initial_lr": 0.0005, "target_lr": 0.0005}, "batch_per_device": 1024}, "time_since_restore": 36.81499123573303, "timesteps_since_restore": 0, "iterations_since_restore": 4, "mean_throughput": 6519.024638192055, "atoms": 1, "resource_time": 36.81499123573303}
{"apply": 0.008268213272094727, "batch_time": 0.13800232410430907, "d2h": 0.005064201354980469, "data_time": 0.035825559071132114, "fwd": 0.032534241676330566, "get_state_time_mean": NaN, "get_state_time_total": 0.0, "grad": 0.06131424903869629, "mean_accuracy": 0.4576999843120575, "mean_loss": 1.47121077003479, "neg_mean_accuracy": -0.4576999843120575, "set_state_time_mean": NaN, "set_state_time_total": 0.0, "setup_model_time_mean": NaN, "setup_model_time_total": 0.0, "setup_proc_time_mean": NaN, "setup_proc_time_total": 0.0, "train_accuracy": 0.43501999974250793, "train_loss": 1.5408684603881837, "training_time_mean": NaN, "training_time_total": 0.0, "validation_time_mean": NaN, "validation_time_total": 0.0, "samples": 60000, "num_workers": 1, "done": false, "timesteps_total": null, "episodes_total": null, "training_iteration": 5, "neg_mean_loss": -1.47121077003479, "experiment_id": "1c1c679182944be99219e9f479257f7a", "date": "2019-05-30_14-01-53", "timestamp": 1559250113, "time_this_iter_s": 8.306944131851196, "time_total_s": 45.12193536758423, "pid": 18233, "hostname": "steropes", "node_ip": "169.229.49.254", "config": {"starting_lr": 0.0005, "momentum": 0.99, "weight_decay": 0.005, "steps_per_iteration": null, "pin": false, "model_creator": null, "target_batch_size": 1024, "model_string": "resnet18", "min_batch_size": 512, "dataset": "CIFAR", "placement": null, "use_nccl": true, "devices_per_worker": 1, "primary_resource": "extra_gpu", "gpu": false, "verbose": false, "lr_config": {"mode": "log", "steps": 5, "initial_lr": 0.0005, "target_lr": 0.0005}, "batch_per_device": 1024}, "time_since_restore": 45.12193536758423, "timesteps_since_restore": 0, "iterations_since_restore": 5, "mean_throughput": 6648.5886632564725, "atoms": 1, "resource_time": 45.12193536758423}
{"apply": 0.008460140228271485, "batch_time": 0.14004242420196533, "d2h": 0.007963347434997558, "data_time": 0.03449568456533004, "fwd": 0.032745528221130374, "get_state_time_mean": NaN, "get_state_time_total": 0.0, "grad": 0.05791647434234619, "mean_accuracy": 0.48919999599456787, "mean_loss": 1.3923005994796753, "neg_mean_accuracy": -0.48919999599456787, "set_state_time_mean": NaN, "set_state_time_total": 0.0, "setup_model_time_mean": NaN, "setup_model_time_total": 0.0, "setup_proc_time_mean": NaN, "setup_proc_time_total": 0.0, "train_accuracy": 0.4634599983692169, "train_loss": 1.4665788666534423, "training_time_mean": NaN, "training_time_total": 0.0, "validation_time_mean": NaN, "validation_time_total": 0.0, "samples": 60000, "num_workers": 1, "done": false, "timesteps_total": null, "episodes_total": null, "training_iteration": 6, "neg_mean_loss": -1.3923005994796753, "experiment_id": "1c1c679182944be99219e9f479257f7a", "date": "2019-05-30_14-02-01", "timestamp": 1559250121, "time_this_iter_s": 8.2658851146698, "time_total_s": 53.38782048225403, "pid": 18233, "hostname": "steropes", "node_ip": "169.229.49.254", "config": {"starting_lr": 0.0005, "momentum": 0.99, "weight_decay": 0.005, "steps_per_iteration": null, "pin": false, "model_creator": null, "target_batch_size": 1024, "model_string": "resnet18", "min_batch_size": 512, "dataset": "CIFAR", "placement": null, "use_nccl": true, "devices_per_worker": 1, "primary_resource": "extra_gpu", "gpu": false, "verbose": false, "lr_config": {"mode": "log", "steps": 5, "initial_lr": 0.0005, "target_lr": 0.0005}, "batch_per_device": 1024}, "time_since_restore": 53.38782048225403, "timesteps_since_restore": 0, "iterations_since_restore": 6, "mean_throughput": 7264.61910899167, "atoms": 1, "resource_time": 53.38782048225403}
{"apply": 0.00899975299835205, "batch_time": 0.16940269470214844, "d2h": 0.005120635032653809, "data_time": 0.050248014683626135, "fwd": 0.022912073135375976, "get_state_time_mean": NaN, "get_state_time_total": 0.0, "grad": 0.05391461849212646, "mean_accuracy": 0.5131999850273132, "mean_loss": 1.3427453205108641, "neg_mean_accuracy": -0.5131999850273132, "set_state_time_mean": NaN, "set_state_time_total": 0.0, "setup_model_time_mean": NaN, "setup_model_time_total": 0.0, "setup_proc_time_mean": NaN, "setup_proc_time_total": 0.0, "train_accuracy": 0.4847399890422821, "train_loss": 1.4095771047592163, "training_time_mean": NaN, "training_time_total": 0.0, "validation_time_mean": NaN, "validation_time_total": 0.0, "samples": 60000, "num_workers": 1, "done": false, "timesteps_total": null, "episodes_total": null, "training_iteration": 7, "neg_mean_loss": -1.3427453205108641, "experiment_id": "1c1c679182944be99219e9f479257f7a", "date": "2019-05-30_14-02-11", "timestamp": 1559250131, "time_this_iter_s": 9.394440650939941, "time_total_s": 62.78226113319397, "pid": 18233, "hostname": "steropes", "node_ip": "169.229.49.254", "config": {"starting_lr": 0.0005, "momentum": 0.99, "weight_decay": 0.005, "steps_per_iteration": null, "pin": false, "model_creator": null, "target_batch_size": 1024, "model_string": "resnet18", "min_batch_size": 512, "dataset": "CIFAR", "placement": null, "use_nccl": true, "devices_per_worker": 1, "primary_resource": "extra_gpu", "gpu": false, "verbose": false, "lr_config": {"mode": "log", "steps": 5, "initial_lr": 0.0005, "target_lr": 0.0005}, "batch_per_device": 1024}, "time_since_restore": 62.78226113319397, "timesteps_since_restore": 0, "iterations_since_restore": 7, "mean_throughput": 7004.909227031391, "atoms": 1, "resource_time": 62.78226113319397}
{"apply": 0.008561515808105468, "batch_time": 0.16838080883026124, "d2h": 0.005388069152832031, "data_time": 0.03718197102449378, "fwd": 0.027117180824279784, "get_state_time_mean": NaN, "get_state_time_total": 0.0, "grad": 0.06534082889556884, "mean_accuracy": 0.521399974822998, "mean_loss": 1.3162618371963501, "neg_mean_accuracy": -0.521399974822998, "set_state_time_mean": NaN, "set_state_time_total": 0.0, "setup_model_time_mean": NaN, "setup_model_time_total": 0.0, "setup_proc_time_mean": NaN, "setup_proc_time_total": 0.0, "train_accuracy": 0.5051599740982056, "train_loss": 1.3599983405685425, "training_time_mean": NaN, "training_time_total": 0.0, "validation_time_mean": NaN, "validation_time_total": 0.0, "samples": 60000, "num_workers": 1, "done": false, "timesteps_total": null, "episodes_total": null, "training_iteration": 8, "neg_mean_loss": -1.3162618371963501, "experiment_id": "1c1c679182944be99219e9f479257f7a", "date": "2019-05-30_14-02-20", "timestamp": 1559250140, "time_this_iter_s": 8.927374601364136, "time_total_s": 71.7096357345581, "pid": 18233, "hostname": "steropes", "node_ip": "169.229.49.254", "config": {"starting_lr": 0.0005, "momentum": 0.99, "weight_decay": 0.005, "steps_per_iteration": null, "pin": false, "model_creator": null, "target_batch_size": 1024, "model_string": "resnet18", "min_batch_size": 512, "dataset": "CIFAR", "placement": null, "use_nccl": true, "devices_per_worker": 1, "primary_resource": "extra_gpu", "gpu": false, "verbose": false, "lr_config": {"mode": "log", "steps": 5, "initial_lr": 0.0005, "target_lr": 0.0005}, "batch_per_device": 1024}, "time_since_restore": 71.7096357345581, "timesteps_since_restore": 0, "iterations_since_restore": 8, "mean_throughput": 6916.415640009937, "atoms": 1, "resource_time": 71.7096357345581}
{"apply": 0.009094643592834472, "batch_time": 0.15888350009918212, "d2h": 0.0052492618560791016, "data_time": 0.05404283562485052, "fwd": 0.025682783126831053, "get_state_time_mean": NaN, "get_state_time_total": 0.0, "grad": 0.05654323101043701, "mean_accuracy": 0.5401999950408936, "mean_loss": 1.2734139320373534, "neg_mean_accuracy": -0.5401999950408936, "set_state_time_mean": NaN, "set_state_time_total": 0.0, "setup_model_time_mean": NaN, "setup_model_time_total": 0.0, "setup_proc_time_mean": NaN, "setup_proc_time_total": 0.0, "train_accuracy": 0.5214999914169312, "train_loss": 1.3148035104751588, "training_time_mean": NaN, "training_time_total": 0.0, "validation_time_mean": NaN, "validation_time_total": 0.0, "samples": 60000, "num_workers": 1, "done": false, "timesteps_total": null, "episodes_total": null, "training_iteration": 9, "neg_mean_loss": -1.2734139320373534, "experiment_id": "1c1c679182944be99219e9f479257f7a", "date": "2019-05-30_14-02-29", "timestamp": 1559250149, "time_this_iter_s": 9.317012548446655, "time_total_s": 81.02664828300476, "pid": 18233, "hostname": "steropes", "node_ip": "169.229.49.254", "config": {"starting_lr": 0.0005, "momentum": 0.99, "weight_decay": 0.005, "steps_per_iteration": null, "pin": false, "model_creator": null, "target_batch_size": 1024, "model_string": "resnet18", "min_batch_size": 512, "dataset": "CIFAR", "placement": null, "use_nccl": true, "devices_per_worker": 1, "primary_resource": "extra_gpu", "gpu": false, "verbose": false, "lr_config": {"mode": "log", "steps": 5, "initial_lr": 0.0005, "target_lr": 0.0005}, "batch_per_device": 1024}, "time_since_restore": 81.02664828300476, "timesteps_since_restore": 0, "iterations_since_restore": 9, "mean_throughput": 6785.458772859291, "atoms": 1, "resource_time": 81.02664828300476}
{"apply": 0.009775495529174805, "batch_time": 0.14761652946472167, "d2h": 0.0060198307037353516, "data_time": 0.04279780387878418, "fwd": 0.031521058082580565, "get_state_time_mean": NaN, "get_state_time_total": 0.0, "grad": 0.06643149852752686, "mean_accuracy": 0.5449000000953674, "mean_loss": 1.2489011308670044, "neg_mean_accuracy": -0.5449000000953674, "set_state_time_mean": NaN, "set_state_time_total": 0.0, "setup_model_time_mean": NaN, "setup_model_time_total": 0.0, "setup_proc_time_mean": NaN, "setup_proc_time_total": 0.0, "train_accuracy": 0.5409199595451355, "train_loss": 1.2728224770355225, "training_time_mean": NaN, "training_time_total": 0.0, "validation_time_mean": NaN, "validation_time_total": 0.0, "samples": 60000, "num_workers": 1, "done": false, "timesteps_total": null, "episodes_total": null, "training_iteration": 10, "neg_mean_loss": -1.2489011308670044, "experiment_id": "1c1c679182944be99219e9f479257f7a", "date": "2019-05-30_14-02-38", "timestamp": 1559250158, "time_this_iter_s": 8.669280767440796, "time_total_s": 89.69592905044556, "pid": 18233, "hostname": "steropes", "node_ip": "169.229.49.254", "config": {"starting_lr": 0.0005, "momentum": 0.99, "weight_decay": 0.005, "steps_per_iteration": null, "pin": false, "model_creator": null, "target_batch_size": 1024, "model_string": "resnet18", "min_batch_size": 512, "dataset": "CIFAR", "placement": null, "use_nccl": true, "devices_per_worker": 1, "primary_resource": "extra_gpu", "gpu": false, "verbose": false, "lr_config": {"mode": "log", "steps": 5, "initial_lr": 0.0005, "target_lr": 0.0005}, "batch_per_device": 1024}, "time_since_restore": 89.69592905044556, "timesteps_since_restore": 0, "iterations_since_restore": 10, "mean_throughput": 6730.303775078019, "atoms": 1, "resource_time": 89.69592905044556}
{"apply": 0.008478832244873048, "batch_time": 0.13319017887115478, "d2h": 0.004938483238220215, "data_time": 0.04003644962700046, "fwd": 0.035425353050231936, "get_state_time_mean": NaN, "get_state_time_total": 0.0, "grad": 0.06923563480377197, "mean_accuracy": 0.5633000135421753, "mean_loss": 1.2143822984695434, "neg_mean_accuracy": -0.5633000135421753, "set_state_time_mean": NaN, "set_state_time_total": 0.0, "setup_model_time_mean": NaN, "setup_model_time_total": 0.0, "setup_proc_time_mean": NaN, "setup_proc_time_total": 0.0, "train_accuracy": 0.5532999634742737, "train_loss": 1.2310387686157227, "training_time_mean": NaN, "training_time_total": 0.0, "validation_time_mean": NaN, "validation_time_total": 0.0, "samples": 60000, "num_workers": 1, "done": false, "timesteps_total": null, "episodes_total": null, "training_iteration": 11, "neg_mean_loss": -1.2143822984695434, "experiment_id": "1c1c679182944be99219e9f479257f7a", "date": "2019-05-30_14-02-46", "timestamp": 1559250166, "time_this_iter_s": 8.55158019065857, "time_total_s": 98.24750924110413, "pid": 18233, "hostname": "steropes", "node_ip": "169.229.49.254", "config": {"starting_lr": 0.0005, "momentum": 0.99, "weight_decay": 0.005, "steps_per_iteration": null, "pin": false, "model_creator": null, "target_batch_size": 1024, "model_string": "resnet18", "min_batch_size": 512, "dataset": "CIFAR", "placement": null, "use_nccl": true, "devices_per_worker": 1, "primary_resource": "extra_gpu", "gpu": false, "verbose": false, "lr_config": {"mode": "log", "steps": 5, "initial_lr": 0.0005, "target_lr": 0.0005}, "batch_per_device": 1024}, "time_since_restore": 98.24750924110413, "timesteps_since_restore": 0, "iterations_since_restore": 11, "mean_throughput": 6687.416208408749, "atoms": 1, "resource_time": 98.24750924110413}
{"apply": 0.008540582656860352, "batch_time": 0.12987098693847657, "d2h": 0.010898733139038086, "data_time": 0.0365748794711366, "fwd": 0.03215069770812988, "get_state_time_mean": NaN, "get_state_time_total": 0.0, "grad": 0.06293432712554932, "mean_accuracy": 0.5830000042915344, "mean_loss": 1.1685800510406494, "neg_mean_accuracy": -0.5830000042915344, "set_state_time_mean": NaN, "set_state_time_total": 0.0, "setup_model_time_mean": NaN, "setup_model_time_total": 0.0, "setup_proc_time_mean": NaN, "setup_proc_time_total": 0.0, "train_accuracy": 0.5717599987983704, "train_loss": 1.1900905871200562, "training_time_mean": NaN, "training_time_total": 0.0, "validation_time_mean": NaN, "validation_time_total": 0.0, "samples": 60000, "num_workers": 1, "done": true, "timesteps_total": null, "episodes_total": null, "training_iteration": 12, "neg_mean_loss": -1.1685800510406494, "experiment_id": "1c1c679182944be99219e9f479257f7a", "date": "2019-05-30_14-02-55", "timestamp": 1559250175, "time_this_iter_s": 8.445369720458984, "time_total_s": 106.69287896156311, "pid": 18233, "hostname": "steropes", "node_ip": "169.229.49.254", "config": {"starting_lr": 0.0005, "momentum": 0.99, "weight_decay": 0.005, "steps_per_iteration": null, "pin": false, "model_creator": null, "target_batch_size": 1024, "model_string": "resnet18", "min_batch_size": 512, "dataset": "CIFAR", "placement": null, "use_nccl": true, "devices_per_worker": 1, "primary_resource": "extra_gpu", "gpu": false, "verbose": false, "lr_config": {"mode": "log", "steps": 5, "initial_lr": 0.0005, "target_lr": 0.0005}, "batch_per_device": 1024}, "time_since_restore": 106.69287896156311, "timesteps_since_restore": 0, "iterations_since_restore": 12, "mean_throughput": 6831.974086031927, "atoms": 1, "resource_time": 106.69287896156311}
