{"apply": 0.007896924018859863, "batch_time": 0.17664873600006104, "d2h": 0.00566864013671875, "data_time": 0.026730702847850566, "fwd": 0.07653300762176514, "get_state_time_mean": NaN, "get_state_time_total": 0.0, "grad": 0.17020444869995116, "mean_accuracy": 0.29600000381469727, "mean_loss": 2.1941095512390136, "neg_mean_accuracy": -0.29600000381469727, "set_state_time_mean": NaN, "set_state_time_total": 0.0, "setup_model_time_mean": 18.730395793914795, "setup_model_time_total": 18.730395793914795, "setup_proc_time_mean": 1.7205820083618164, "setup_proc_time_total": 1.7205820083618164, "train_accuracy": 0.29131999611854553, "train_loss": 2.311346038169861, "training_time_mean": NaN, "training_time_total": 0.0, "validation_time_mean": NaN, "validation_time_total": 0.0, "samples": 60000, "num_workers": 1, "done": false, "timesteps_total": null, "episodes_total": null, "training_iteration": 1, "neg_mean_loss": -2.1941095512390136, "experiment_id": "848554672360494aa43eb8e5eb7a4028", "date": "2019-05-30_14-46-24", "timestamp": 1559252784, "time_this_iter_s": 12.208517074584961, "time_total_s": 12.208517074584961, "pid": 6385, "hostname": "steropes", "node_ip": "169.229.49.254", "config": {"starting_lr": 0.01, "momentum": 0.997, "weight_decay": 0.001, "steps_per_iteration": null, "pin": false, "model_creator": null, "target_batch_size": 1024, "model_string": "resnet18", "min_batch_size": 512, "dataset": "CIFAR", "placement": null, "use_nccl": true, "devices_per_worker": 1, "primary_resource": "extra_gpu", "gpu": false, "verbose": false, "lr_config": {"mode": "log", "steps": 5, "initial_lr": 0.01, "target_lr": 0.01}, "batch_per_device": 1024}, "time_since_restore": 12.208517074584961, "timesteps_since_restore": 0, "iterations_since_restore": 1, "mean_throughput": 4914.568401170319, "atoms": 1}
{"apply": 0.011924028396606445, "batch_time": 0.15631706714630128, "d2h": 0.006816697120666504, "data_time": 0.02745056638912279, "fwd": 0.027318906784057618, "get_state_time_mean": NaN, "get_state_time_total": 0.0, "grad": 0.04953696727752686, "mean_accuracy": 0.40449997782707214, "mean_loss": 1.8855452625274658, "neg_mean_accuracy": -0.40449997782707214, "set_state_time_mean": NaN, "set_state_time_total": 0.0, "setup_model_time_mean": NaN, "setup_model_time_total": 0.0, "setup_proc_time_mean": NaN, "setup_proc_time_total": 0.0, "train_accuracy": 0.4093799889087677, "train_loss": 1.6105886695098877, "training_time_mean": NaN, "training_time_total": 0.0, "validation_time_mean": NaN, "validation_time_total": 0.0, "samples": 60000, "num_workers": 1, "done": false, "timesteps_total": null, "episodes_total": null, "training_iteration": 2, "neg_mean_loss": -1.8855452625274658, "experiment_id": "848554672360494aa43eb8e5eb7a4028", "date": "2019-05-30_14-46-33", "timestamp": 1559252793, "time_this_iter_s": 8.307620286941528, "time_total_s": 20.51613736152649, "pid": 6385, "hostname": "steropes", "node_ip": "169.229.49.254", "config": {"starting_lr": 0.01, "momentum": 0.997, "weight_decay": 0.001, "steps_per_iteration": null, "pin": false, "model_creator": null, "target_batch_size": 1024, "model_string": "resnet18", "min_batch_size": 512, "dataset": "CIFAR", "placement": null, "use_nccl": true, "devices_per_worker": 1, "primary_resource": "extra_gpu", "gpu": false, "verbose": false, "lr_config": {"mode": "log", "steps": 5, "initial_lr": 0.01, "target_lr": 0.01}, "batch_per_device": 1024}, "time_since_restore": 20.51613736152649, "timesteps_since_restore": 0, "iterations_since_restore": 2, "mean_throughput": 5849.001483329329, "atoms": 1}
{"apply": 0.007853889465332031, "batch_time": 0.13277695178985596, "d2h": 0.0048187255859375, "data_time": 0.04317788688503966, "fwd": 0.02757253646850586, "get_state_time_mean": NaN, "get_state_time_total": 0.0, "grad": 0.050648617744445804, "mean_accuracy": 0.47759997844696045, "mean_loss": 1.500332898902893, "neg_mean_accuracy": -0.47759997844696045, "set_state_time_mean": NaN, "set_state_time_total": 0.0, "setup_model_time_mean": NaN, "setup_model_time_total": 0.0, "setup_proc_time_mean": NaN, "setup_proc_time_total": 0.0, "train_accuracy": 0.4544599950313568, "train_loss": 1.5108783324050903, "training_time_mean": NaN, "training_time_total": 0.0, "validation_time_mean": NaN, "validation_time_total": 0.0, "samples": 60000, "num_workers": 1, "done": false, "timesteps_total": null, "episodes_total": null, "training_iteration": 3, "neg_mean_loss": -1.500332898902893, "experiment_id": "848554672360494aa43eb8e5eb7a4028", "date": "2019-05-30_14-46-41", "timestamp": 1559252801, "time_this_iter_s": 8.452198505401611, "time_total_s": 28.9683358669281, "pid": 6385, "hostname": "steropes", "node_ip": "169.229.49.254", "config": {"starting_lr": 0.01, "momentum": 0.997, "weight_decay": 0.001, "steps_per_iteration": null, "pin": false, "model_creator": null, "target_batch_size": 1024, "model_string": "resnet18", "min_batch_size": 512, "dataset": "CIFAR", "placement": null, "use_nccl": true, "devices_per_worker": 1, "primary_resource": "extra_gpu", "gpu": false, "verbose": false, "lr_config": {"mode": "log", "steps": 5, "initial_lr": 0.01, "target_lr": 0.01}, "batch_per_device": 1024}, "time_since_restore": 28.9683358669281, "timesteps_since_restore": 0, "iterations_since_restore": 3, "mean_throughput": 6213.624041693349, "atoms": 1}
{"apply": 0.007784414291381836, "batch_time": 0.1382295846939087, "d2h": 0.004537391662597656, "data_time": 0.043892845815541794, "fwd": 0.0248013973236084, "get_state_time_mean": NaN, "get_state_time_total": 0.0, "grad": 0.04213254451751709, "mean_accuracy": 0.4790000021457672, "mean_loss": 1.5379175073623657, "neg_mean_accuracy": -0.4790000021457672, "set_state_time_mean": NaN, "set_state_time_total": 0.0, "setup_model_time_mean": NaN, "setup_model_time_total": 0.0, "setup_proc_time_mean": NaN, "setup_proc_time_total": 0.0, "train_accuracy": 0.4782799780368805, "train_loss": 1.4445252125167847, "training_time_mean": NaN, "training_time_total": 0.0, "validation_time_mean": NaN, "validation_time_total": 0.0, "samples": 60000, "num_workers": 1, "done": false, "timesteps_total": null, "episodes_total": null, "training_iteration": 4, "neg_mean_loss": -1.5379175073623657, "experiment_id": "848554672360494aa43eb8e5eb7a4028", "date": "2019-05-30_14-46-50", "timestamp": 1559252810, "time_this_iter_s": 8.256559610366821, "time_total_s": 37.22489547729492, "pid": 6385, "hostname": "steropes", "node_ip": "169.229.49.254", "config": {"starting_lr": 0.01, "momentum": 0.997, "weight_decay": 0.001, "steps_per_iteration": null, "pin": false, "model_creator": null, "target_batch_size": 1024, "model_string": "resnet18", "min_batch_size": 512, "dataset": "CIFAR", "placement": null, "use_nccl": true, "devices_per_worker": 1, "primary_resource": "extra_gpu", "gpu": false, "verbose": false, "lr_config": {"mode": "log", "steps": 5, "initial_lr": 0.01, "target_lr": 0.01}, "batch_per_device": 1024}, "time_since_restore": 37.22489547729492, "timesteps_since_restore": 0, "iterations_since_restore": 4, "mean_throughput": 6447.226058770414, "atoms": 1}
{"apply": 0.007676911354064941, "batch_time": 0.14430749416351318, "d2h": 0.004942750930786133, "data_time": 0.038469942248597434, "fwd": 0.02862560749053955, "get_state_time_mean": NaN, "get_state_time_total": 0.0, "grad": 0.04921879768371582, "mean_accuracy": 0.5177000164985657, "mean_loss": 1.3357245523452759, "neg_mean_accuracy": -0.5177000164985657, "set_state_time_mean": NaN, "set_state_time_total": 0.0, "setup_model_time_mean": NaN, "setup_model_time_total": 0.0, "setup_proc_time_mean": NaN, "setup_proc_time_total": 0.0, "train_accuracy": 0.49779999256134033, "train_loss": 1.3962406087875365, "training_time_mean": NaN, "training_time_total": 0.0, "validation_time_mean": NaN, "validation_time_total": 0.0, "samples": 60000, "num_workers": 1, "done": false, "timesteps_total": null, "episodes_total": null, "training_iteration": 5, "neg_mean_loss": -1.3357245523452759, "experiment_id": "848554672360494aa43eb8e5eb7a4028", "date": "2019-05-30_14-46-58", "timestamp": 1559252818, "time_this_iter_s": 8.162813901901245, "time_total_s": 45.38770937919617, "pid": 6385, "hostname": "steropes", "node_ip": "169.229.49.254", "config": {"starting_lr": 0.01, "momentum": 0.997, "weight_decay": 0.001, "steps_per_iteration": null, "pin": false, "model_creator": null, "target_batch_size": 1024, "model_string": "resnet18", "min_batch_size": 512, "dataset": "CIFAR", "placement": null, "use_nccl": true, "devices_per_worker": 1, "primary_resource": "extra_gpu", "gpu": false, "verbose": false, "lr_config": {"mode": "log", "steps": 5, "initial_lr": 0.01, "target_lr": 0.01}, "batch_per_device": 1024}, "time_since_restore": 45.38770937919617, "timesteps_since_restore": 0, "iterations_since_restore": 5, "mean_throughput": 6609.647226588018, "atoms": 1}
{"apply": 0.007239317893981934, "batch_time": 0.13561348915100097, "d2h": 0.005766534805297851, "data_time": 0.037650843055880796, "fwd": 0.02901902198791504, "get_state_time_mean": NaN, "get_state_time_total": 0.0, "grad": 0.052398967742919925, "mean_accuracy": 0.5325999855995178, "mean_loss": 1.2901515911102295, "neg_mean_accuracy": -0.5325999855995178, "set_state_time_mean": NaN, "set_state_time_total": 0.0, "setup_model_time_mean": NaN, "setup_model_time_total": 0.0, "setup_proc_time_mean": NaN, "setup_proc_time_total": 0.0, "train_accuracy": 0.5136799812316895, "train_loss": 1.3412190969467164, "training_time_mean": NaN, "training_time_total": 0.0, "validation_time_mean": NaN, "validation_time_total": 0.0, "samples": 60000, "num_workers": 1, "done": false, "timesteps_total": null, "episodes_total": null, "training_iteration": 6, "neg_mean_loss": -1.2901515911102295, "experiment_id": "848554672360494aa43eb8e5eb7a4028", "date": "2019-05-30_14-47-06", "timestamp": 1559252826, "time_this_iter_s": 8.20841646194458, "time_total_s": 53.59612584114075, "pid": 6385, "hostname": "steropes", "node_ip": "169.229.49.254", "config": {"starting_lr": 0.01, "momentum": 0.997, "weight_decay": 0.001, "steps_per_iteration": null, "pin": false, "model_creator": null, "target_batch_size": 1024, "model_string": "resnet18", "min_batch_size": 512, "dataset": "CIFAR", "placement": null, "use_nccl": true, "devices_per_worker": 1, "primary_resource": "extra_gpu", "gpu": false, "verbose": false, "lr_config": {"mode": "log", "steps": 5, "initial_lr": 0.01, "target_lr": 0.01}, "batch_per_device": 1024}, "time_since_restore": 53.59612584114075, "timesteps_since_restore": 0, "iterations_since_restore": 6, "mean_throughput": 7248.4371063840845, "atoms": 1}
{"apply": 0.006988334655761719, "batch_time": 0.1160806655883789, "d2h": 0.004519248008728027, "data_time": 0.037822144372122626, "fwd": 0.020340895652770995, "get_state_time_mean": NaN, "get_state_time_total": 0.0, "grad": 0.04161190986633301, "mean_accuracy": 0.5485000014305115, "mean_loss": 1.2517118074417115, "neg_mean_accuracy": -0.5485000014305115, "set_state_time_mean": NaN, "set_state_time_total": 0.0, "setup_model_time_mean": NaN, "setup_model_time_total": 0.0, "setup_proc_time_mean": NaN, "setup_proc_time_total": 0.0, "train_accuracy": 0.5329200029373169, "train_loss": 1.295416422996521, "training_time_mean": NaN, "training_time_total": 0.0, "validation_time_mean": NaN, "validation_time_total": 0.0, "samples": 60000, "num_workers": 1, "done": false, "timesteps_total": null, "episodes_total": null, "training_iteration": 7, "neg_mean_loss": -1.2517118074417115, "experiment_id": "848554672360494aa43eb8e5eb7a4028", "date": "2019-05-30_14-47-14", "timestamp": 1559252834, "time_this_iter_s": 7.761903285980225, "time_total_s": 61.35802912712097, "pid": 6385, "hostname": "steropes", "node_ip": "169.229.49.254", "config": {"starting_lr": 0.01, "momentum": 0.997, "weight_decay": 0.001, "steps_per_iteration": null, "pin": false, "model_creator": null, "target_batch_size": 1024, "model_string": "resnet18", "min_batch_size": 512, "dataset": "CIFAR", "placement": null, "use_nccl": true, "devices_per_worker": 1, "primary_resource": "extra_gpu", "gpu": false, "verbose": false, "lr_config": {"mode": "log", "steps": 5, "initial_lr": 0.01, "target_lr": 0.01}, "batch_per_device": 1024}, "time_since_restore": 61.35802912712097, "timesteps_since_restore": 0, "iterations_since_restore": 7, "mean_throughput": 7345.291553169112, "atoms": 1}
{"apply": 0.006958413124084473, "batch_time": 0.11689977645874024, "d2h": 0.004620742797851562, "data_time": 0.034869982271778344, "fwd": 0.023581767082214357, "get_state_time_mean": NaN, "get_state_time_total": 0.0, "grad": 0.04252471923828125, "mean_accuracy": 0.5564999580383301, "mean_loss": 1.2455977445602417, "neg_mean_accuracy": -0.5564999580383301, "set_state_time_mean": NaN, "set_state_time_total": 0.0, "setup_model_time_mean": NaN, "setup_model_time_total": 0.0, "setup_proc_time_mean": NaN, "setup_proc_time_total": 0.0, "train_accuracy": 0.5447199940681458, "train_loss": 1.2553531806945801, "training_time_mean": NaN, "training_time_total": 0.0, "validation_time_mean": NaN, "validation_time_total": 0.0, "samples": 60000, "num_workers": 1, "done": false, "timesteps_total": null, "episodes_total": null, "training_iteration": 8, "neg_mean_loss": -1.2455977445602417, "experiment_id": "848554672360494aa43eb8e5eb7a4028", "date": "2019-05-30_14-48-06", "timestamp": 1559252886, "time_this_iter_s": 8.478276014328003, "time_total_s": 69.83630514144897, "pid": 6385, "hostname": "steropes", "node_ip": "169.229.49.254", "config": {"starting_lr": 0.01, "momentum": 0.997, "weight_decay": 0.001, "steps_per_iteration": null, "pin": false, "model_creator": null, "target_batch_size": 1024, "model_string": "resnet18", "min_batch_size": 512, "dataset": "CIFAR", "placement": null, "use_nccl": true, "devices_per_worker": 1, "primary_resource": "extra_gpu", "gpu": false, "verbose": false, "lr_config": {"mode": "log", "steps": 5, "initial_lr": 0.01, "target_lr": 0.01}, "batch_per_device": 1024}, "time_since_restore": 69.83630514144897, "timesteps_since_restore": 0, "iterations_since_restore": 8, "mean_throughput": 7340.604652803307, "atoms": 1}
{"apply": 0.007937169075012207, "batch_time": 0.11832563877105713, "d2h": 0.004521799087524414, "data_time": 0.03285076180282904, "fwd": 0.029930305480957032, "get_state_time_mean": NaN, "get_state_time_total": 0.0, "grad": 0.05231993198394776, "mean_accuracy": 0.5583999752998352, "mean_loss": 1.2357534906387329, "neg_mean_accuracy": -0.5583999752998352, "set_state_time_mean": NaN, "set_state_time_total": 0.0, "setup_model_time_mean": NaN, "setup_model_time_total": 0.0, "setup_proc_time_mean": NaN, "setup_proc_time_total": 0.0, "train_accuracy": 0.5677799582481384, "train_loss": 1.2069061518859863, "training_time_mean": NaN, "training_time_total": 0.0, "validation_time_mean": NaN, "validation_time_total": 0.0, "samples": 60000, "num_workers": 1, "done": false, "timesteps_total": null, "episodes_total": null, "training_iteration": 9, "neg_mean_loss": -1.2357534906387329, "experiment_id": "848554672360494aa43eb8e5eb7a4028", "date": "2019-05-30_14-48-14", "timestamp": 1559252894, "time_this_iter_s": 8.230758666992188, "time_total_s": 78.06706380844116, "pid": 6385, "hostname": "steropes", "node_ip": "169.229.49.254", "config": {"starting_lr": 0.01, "momentum": 0.997, "weight_decay": 0.001, "steps_per_iteration": null, "pin": false, "model_creator": null, "target_batch_size": 1024, "model_string": "resnet18", "min_batch_size": 512, "dataset": "CIFAR", "placement": null, "use_nccl": true, "devices_per_worker": 1, "primary_resource": "extra_gpu", "gpu": false, "verbose": false, "lr_config": {"mode": "log", "steps": 5, "initial_lr": 0.01, "target_lr": 0.01}, "batch_per_device": 1024}, "time_since_restore": 78.06706380844116, "timesteps_since_restore": 0, "iterations_since_restore": 9, "mean_throughput": 7345.2556642602885, "atoms": 1}
{"apply": 0.007222175598144531, "batch_time": 0.1275186777114868, "d2h": 0.0056125402450561525, "data_time": 0.03473516872950962, "fwd": 0.03280477523803711, "get_state_time_mean": NaN, "get_state_time_total": 0.0, "grad": 0.06571331024169921, "mean_accuracy": 0.5803999900817871, "mean_loss": 1.1818826442718506, "neg_mean_accuracy": -0.5803999900817871, "set_state_time_mean": NaN, "set_state_time_total": 0.0, "setup_model_time_mean": NaN, "setup_model_time_total": 0.0, "setup_proc_time_mean": NaN, "setup_proc_time_total": 0.0, "train_accuracy": 0.5789999961853027, "train_loss": 1.1703737420654297, "training_time_mean": NaN, "training_time_total": 0.0, "validation_time_mean": NaN, "validation_time_total": 0.0, "samples": 60000, "num_workers": 1, "done": false, "timesteps_total": null, "episodes_total": null, "training_iteration": 10, "neg_mean_loss": -1.1818826442718506, "experiment_id": "848554672360494aa43eb8e5eb7a4028", "date": "2019-05-30_14-48-22", "timestamp": 1559252902, "time_this_iter_s": 8.202189445495605, "time_total_s": 86.26925325393677, "pid": 6385, "hostname": "steropes", "node_ip": "169.229.49.254", "config": {"starting_lr": 0.01, "momentum": 0.997, "weight_decay": 0.001, "steps_per_iteration": null, "pin": false, "model_creator": null, "target_batch_size": 1024, "model_string": "resnet18", "min_batch_size": 512, "dataset": "CIFAR", "placement": null, "use_nccl": true, "devices_per_worker": 1, "primary_resource": "extra_gpu", "gpu": false, "verbose": false, "lr_config": {"mode": "log", "steps": 5, "initial_lr": 0.01, "target_lr": 0.01}, "batch_per_device": 1024}, "time_since_restore": 86.26925325393677, "timesteps_since_restore": 0, "iterations_since_restore": 10, "mean_throughput": 7338.18181198944, "atoms": 1}
{"apply": 0.00817859172821045, "batch_time": 0.13912954330444335, "d2h": 0.004655313491821289, "data_time": 0.04364622855673031, "fwd": 0.028754377365112306, "get_state_time_mean": NaN, "get_state_time_total": 0.0, "grad": 0.06043410301208496, "mean_accuracy": 0.5605999827384949, "mean_loss": 1.2806214570999146, "neg_mean_accuracy": -0.5605999827384949, "set_state_time_mean": NaN, "set_state_time_total": 0.0, "setup_model_time_mean": NaN, "setup_model_time_total": 0.0, "setup_proc_time_mean": NaN, "setup_proc_time_total": 0.0, "train_accuracy": 0.5931999683380127, "train_loss": 1.13988065284729, "training_time_mean": NaN, "training_time_total": 0.0, "validation_time_mean": NaN, "validation_time_total": 0.0, "samples": 60000, "num_workers": 1, "done": false, "timesteps_total": null, "episodes_total": null, "training_iteration": 11, "neg_mean_loss": -1.2806214570999146, "experiment_id": "848554672360494aa43eb8e5eb7a4028", "date": "2019-05-30_14-48-31", "timestamp": 1559252911, "time_this_iter_s": 8.731385707855225, "time_total_s": 95.00063896179199, "pid": 6385, "hostname": "steropes", "node_ip": "169.229.49.254", "config": {"starting_lr": 0.01, "momentum": 0.997, "weight_decay": 0.001, "steps_per_iteration": null, "pin": false, "model_creator": null, "target_batch_size": 1024, "model_string": "resnet18", "min_batch_size": 512, "dataset": "CIFAR", "placement": null, "use_nccl": true, "devices_per_worker": 1, "primary_resource": "extra_gpu", "gpu": false, "verbose": false, "lr_config": {"mode": "log", "steps": 5, "initial_lr": 0.01, "target_lr": 0.01}, "batch_per_device": 1024}, "time_since_restore": 95.00063896179199, "timesteps_since_restore": 0, "iterations_since_restore": 11, "mean_throughput": 7245.521281531215, "atoms": 1}
{"apply": 0.007321619987487793, "batch_time": 0.11600983142852783, "d2h": 0.00492408275604248, "data_time": 0.04139164515904018, "fwd": 0.02113480567932129, "get_state_time_mean": NaN, "get_state_time_total": 0.0, "grad": 0.042740607261657716, "mean_accuracy": 0.5719000101089478, "mean_loss": 1.211535977745056, "neg_mean_accuracy": -0.5719000101089478, "set_state_time_mean": NaN, "set_state_time_total": 0.0, "setup_model_time_mean": NaN, "setup_model_time_total": 0.0, "setup_proc_time_mean": NaN, "setup_proc_time_total": 0.0, "train_accuracy": 0.6022599935531616, "train_loss": 1.1101580131149291, "training_time_mean": NaN, "training_time_total": 0.0, "validation_time_mean": NaN, "validation_time_total": 0.0, "samples": 60000, "num_workers": 1, "done": true, "timesteps_total": null, "episodes_total": null, "training_iteration": 12, "neg_mean_loss": -1.211535977745056, "experiment_id": "848554672360494aa43eb8e5eb7a4028", "date": "2019-05-30_14-48-39", "timestamp": 1559252919, "time_this_iter_s": 7.321975231170654, "time_total_s": 102.32261419296265, "pid": 6385, "hostname": "steropes", "node_ip": "169.229.49.254", "config": {"starting_lr": 0.01, "momentum": 0.997, "weight_decay": 0.001, "steps_per_iteration": null, "pin": false, "model_creator": null, "target_batch_size": 1024, "model_string": "resnet18", "min_batch_size": 512, "dataset": "CIFAR", "placement": null, "use_nccl": true, "devices_per_worker": 1, "primary_resource": "extra_gpu", "gpu": false, "verbose": false, "lr_config": {"mode": "log", "steps": 5, "initial_lr": 0.01, "target_lr": 0.01}, "batch_per_device": 1024}, "time_since_restore": 102.32261419296265, "timesteps_since_restore": 0, "iterations_since_restore": 12, "mean_throughput": 7323.329365372123, "atoms": 1}
