apply,batch_time,d2h,data_time,fwd,get_state_time_mean,get_state_time_total,grad,mean_accuracy,mean_loss,neg_mean_accuracy,set_state_time_mean,set_state_time_total,setup_model_time_mean,setup_model_time_total,setup_proc_time_mean,setup_proc_time_total,train_accuracy,train_loss,training_time_mean,training_time_total,val_accuracy,val_loss,validation_time_mean,validation_time_total,samples,num_workers,done,timesteps_total,episodes_total,training_iteration,neg_mean_loss,experiment_id,date,timestamp,time_this_iter_s,time_total_s,pid,hostname,node_ip,config,time_since_restore,timesteps_since_restore,iterations_since_restore,mean_throughput,atoms,setup_time
0.017935538291931154,0.04334037213385859,0.0006715297698974609,0.0018447128403217287,0.11795148849487305,nan,0.0,0.22091391086578369,0.28859999775886536,1.9348854377746583,-0.28859999775886536,nan,0.0,8.704765319824219,8.704765319824219,0.17041969299316406,0.17041969299316406,0.20095999538898468,2.279732587509155,nan,0.0,0.28859999775886536,1.9348854377746583,nan,0.0,60000,1,False,,,1,-1.9348854377746583,a322cc10609841668d283c383a023d26,2019-06-06_02-17-46,1559812666,48.1764030456543,48.1764030456543,9758,steropes,169.229.49.254,"{'starting_lr': 0.001, 'momentum': 0.9, 'weight_decay': 0.005, 'steps_per_iteration': None, 'pin': False, 'model_creator': None, 'target_batch_size': 128, 'model_string': 'resnet50', 'min_batch_size': 128, 'dataset': 'CIFAR', 'placement': None, 'use_nccl': True, 'devices_per_worker': 1, 'primary_resource': 'extra_gpu', 'gpu': False, 'verbose': False, 'lr_config': {'mode': 'log', 'steps': 5, 'initial_lr': 0.001, 'target_lr': 0.001}, 'batch_per_device': 128}",48.1764030456543,0,1,1245.419200983713,1,8.994234800338745
0.018703436851501463,0.031994517845443535,0.0006772994995117188,0.0018114354604345454,0.02973029613494873,nan,0.0,0.049916958808898924,0.3312999904155731,1.8197529497146607,-0.3739999830722809,nan,0.0,nan,0.0,nan,0.0,0.30366000533103943,1.908439126586914,nan,0.0,0.3739999830722809,1.7046204616546632,nan,0.0,60000,1,False,,,2,-1.8197529497146607,a322cc10609841668d283c383a023d26,2019-06-06_02-18-29,1559812709,42.6311309337616,90.8075339794159,9758,steropes,169.229.49.254,"{'starting_lr': 0.001, 'momentum': 0.9, 'weight_decay': 0.005, 'steps_per_iteration': None, 'pin': False, 'model_creator': None, 'target_batch_size': 128, 'model_string': 'resnet50', 'min_batch_size': 128, 'dataset': 'CIFAR', 'placement': None, 'use_nccl': True, 'devices_per_worker': 1, 'primary_resource': 'extra_gpu', 'gpu': False, 'verbose': False, 'lr_config': {'mode': 'log', 'steps': 5, 'initial_lr': 0.001, 'target_lr': 0.001}, 'batch_per_device': 128}",90.8075339794159,0,2,1321.472928458943,1,8.994234800338745
0.01870729923248291,0.03174403951137881,0.0008561134338378907,0.0017743159438033237,0.029185724258422852,nan,0.0,0.049237537384033206,0.34599998593330383,1.7818879224141437,-0.37539997696876526,nan,0.0,nan,0.0,nan,0.0,0.3558399975299835,1.7585261031723023,nan,0.0,0.37539997696876526,1.7061578678131104,nan,0.0,60000,1,False,,,3,-1.7818879224141437,a322cc10609841668d283c383a023d26,2019-06-06_02-19-10,1559812750,41.51905918121338,132.32659316062927,9758,steropes,169.229.49.254,"{'starting_lr': 0.001, 'momentum': 0.9, 'weight_decay': 0.005, 'steps_per_iteration': None, 'pin': False, 'model_creator': None, 'target_batch_size': 128, 'model_string': 'resnet50', 'min_batch_size': 128, 'dataset': 'CIFAR', 'placement': None, 'use_nccl': True, 'devices_per_worker': 1, 'primary_resource': 'extra_gpu', 'gpu': False, 'verbose': False, 'lr_config': {'mode': 'log', 'steps': 5, 'initial_lr': 0.001, 'target_lr': 0.001}, 'batch_per_device': 128}",132.32659316062927,0,3,1360.267610750184,1,8.994234800338745
0.01881592273712158,0.032276304462288,0.0006763458251953125,0.0018087866361183888,0.02877957820892334,nan,0.0,0.04898378849029541,0.3665499836206436,1.726400597667694,-0.42819997668266296,nan,0.0,nan,0.0,nan,0.0,0.3882199823856354,1.6709202318572998,nan,0.0,0.42819997668266296,1.5599386234283448,nan,0.0,60000,1,False,,,4,-1.726400597667694,a322cc10609841668d283c383a023d26,2019-06-06_02-19-52,1559812792,41.610241651535034,173.9368348121643,9758,steropes,169.229.49.254,"{'starting_lr': 0.001, 'momentum': 0.9, 'weight_decay': 0.005, 'steps_per_iteration': None, 'pin': False, 'model_creator': None, 'target_batch_size': 128, 'model_string': 'resnet50', 'min_batch_size': 128, 'dataset': 'CIFAR', 'placement': None, 'use_nccl': True, 'devices_per_worker': 1, 'primary_resource': 'extra_gpu', 'gpu': False, 'verbose': False, 'lr_config': {'mode': 'log', 'steps': 5, 'initial_lr': 0.001, 'target_lr': 0.001}, 'batch_per_device': 128}",173.9368348121643,0,4,1379.808132241701,1,8.994234800338745
0.017894577980041505,0.03182448616510705,0.0007257223129272461,0.00179973465707296,0.02837238311767578,nan,0.0,0.049167084693908694,0.3830999851226807,1.681897186965942,-0.44929999113082886,nan,0.0,nan,0.0,nan,0.0,0.4192599952220917,1.5983873734283447,nan,0.0,0.44929999113082886,1.5038835441589355,nan,0.0,60000,1,False,,,5,-1.681897186965942,a322cc10609841668d283c383a023d26,2019-06-06_02-20-34,1559812834,41.630767822265625,215.56760263442993,9758,steropes,169.229.49.254,"{'starting_lr': 0.001, 'momentum': 0.9, 'weight_decay': 0.005, 'steps_per_iteration': None, 'pin': False, 'model_creator': None, 'target_batch_size': 128, 'model_string': 'resnet50', 'min_batch_size': 128, 'dataset': 'CIFAR', 'placement': None, 'use_nccl': True, 'devices_per_worker': 1, 'primary_resource': 'extra_gpu', 'gpu': False, 'verbose': False, 'lr_config': {'mode': 'log', 'steps': 5, 'initial_lr': 0.001, 'target_lr': 0.001}, 'batch_per_device': 128}",215.56760263442993,0,5,1391.671761858188,1,8.994234800338745
0.018637537956237793,0.0337375477899479,0.0008382797241210938,0.0017671481422756028,0.028949213027954102,nan,0.0,0.049119424819946286,0.41857998371124266,1.584046400642395,-0.4659999907016754,nan,0.0,nan,0.0,nan,0.0,0.4336400032043457,1.5451499764251708,nan,0.0,0.4659999907016754,1.4456315061569214,nan,0.0,60000,1,False,,,6,-1.584046400642395,a322cc10609841668d283c383a023d26,2019-06-06_02-21-15,1559812875,41.649656772613525,257.21725940704346,9758,steropes,169.229.49.254,"{'starting_lr': 0.001, 'momentum': 0.9, 'weight_decay': 0.005, 'steps_per_iteration': None, 'pin': False, 'model_creator': None, 'target_batch_size': 128, 'model_string': 'resnet50', 'min_batch_size': 128, 'dataset': 'CIFAR', 'placement': None, 'use_nccl': True, 'devices_per_worker': 1, 'primary_resource': 'extra_gpu', 'gpu': False, 'verbose': False, 'lr_config': {'mode': 'log', 'steps': 5, 'initial_lr': 0.001, 'target_lr': 0.001}, 'batch_per_device': 128}",257.21725940704346,0,6,1435.1233523722335,1,8.994234800338745
0.019154000282287597,0.03211329254922988,0.0007075309753417969,0.0017866899290353137,0.030373191833496092,nan,0.0,0.0503082275390625,0.4404199838638306,1.526296537475586,-0.48319998383522034,nan,0.0,nan,0.0,nan,0.0,0.4547799825668335,1.496922907371521,nan,0.0,0.48319998383522034,1.4158711458206177,nan,0.0,60000,1,False,,,7,-1.526296537475586,a322cc10609841668d283c383a023d26,2019-06-06_02-21-58,1559812918,42.12172341346741,299.33898282051086,9758,steropes,169.229.49.254,"{'starting_lr': 0.001, 'momentum': 0.9, 'weight_decay': 0.005, 'steps_per_iteration': None, 'pin': False, 'model_creator': None, 'target_batch_size': 128, 'model_string': 'resnet50', 'min_batch_size': 128, 'dataset': 'CIFAR', 'placement': None, 'use_nccl': True, 'devices_per_worker': 1, 'primary_resource': 'extra_gpu', 'gpu': False, 'verbose': False, 'lr_config': {'mode': 'log', 'steps': 5, 'initial_lr': 0.001, 'target_lr': 0.001}, 'batch_per_device': 128}",299.33898282051086,0,7,1438.629123818979,1,8.994234800338745
0.017936575412750243,0.06420094966888427,0.0006725788116455078,0.0028373301029205322,0.13802176713943481,nan,0.0,0.2221775770187378,0.46609999537467955,1.4590910821723937,-0.5038000345230103,4.153627514839172,4.153627514839172,9.680444955825806,9.680444955825806,1.6826473474502563,1.6826473474502563,0.4810999631881714,1.4266489544296266,nan,0.0,0.5038000345230103,1.3701305912971495,nan,0.0,60000,2,False,,,8,-1.4590910821723937,a322cc10609841668d283c383a023d26,2019-06-06_02-22-55,1559812975,33.417158126831055,332.7561409473419,21448,steropes,169.229.49.254,"{'starting_lr': 0.001, 'momentum': 0.9, 'weight_decay': 0.005, 'steps_per_iteration': None, 'pin': False, 'model_creator': None, 'target_batch_size': 128, 'model_string': 'resnet50', 'min_batch_size': 128, 'dataset': 'CIFAR', 'placement': None, 'use_nccl': True, 'devices_per_worker': 1, 'primary_resource': 'extra_gpu', 'gpu': False, 'verbose': False, 'lr_config': {'mode': 'log', 'steps': 5, 'initial_lr': 0.001, 'target_lr': 0.0014142135623730952}, 'batch_per_device': 128}",33.417158126831055,0,1,1795.4783722287282,2,22.35107135772705
0.020268142223358154,0.03860476613044739,0.0007093071937561036,0.0026872042490511524,0.030955207347869874,nan,0.0,0.0846171259880066,0.4809999942779541,1.4210596598815919,-0.5026999711990356,nan,0.0,nan,0.0,nan,0.0,0.4877399802207947,1.4046689899253846,nan,0.0,0.5026999711990356,1.3697815119743346,nan,0.0,60000,2,True,,,9,-1.4210596598815919,a322cc10609841668d283c383a023d26,2019-06-06_02-23-23,1559813003,27.605645179748535,360.36178612709045,21448,steropes,169.229.49.254,"{'starting_lr': 0.001, 'momentum': 0.9, 'weight_decay': 0.005, 'steps_per_iteration': None, 'pin': False, 'model_creator': None, 'target_batch_size': 128, 'model_string': 'resnet50', 'min_batch_size': 128, 'dataset': 'CIFAR', 'placement': None, 'use_nccl': True, 'devices_per_worker': 1, 'primary_resource': 'extra_gpu', 'gpu': False, 'verbose': False, 'lr_config': {'mode': 'log', 'steps': 5, 'initial_lr': 0.001, 'target_lr': 0.0014142135623730952}, 'batch_per_device': 128}",61.02280330657959,0,2,1966.4715275537478,2,22.35107135772705
