{"apply": 0.017935538291931154, "batch_time": 0.04334037213385859, "d2h": 0.0006715297698974609, "data_time": 0.0018447128403217287, "fwd": 0.11795148849487305, "get_state_time_mean": NaN, "get_state_time_total": 0.0, "grad": 0.22091391086578369, "mean_accuracy": 0.28859999775886536, "mean_loss": 1.9348854377746583, "neg_mean_accuracy": -0.28859999775886536, "set_state_time_mean": NaN, "set_state_time_total": 0.0, "setup_model_time_mean": 8.704765319824219, "setup_model_time_total": 8.704765319824219, "setup_proc_time_mean": 0.17041969299316406, "setup_proc_time_total": 0.17041969299316406, "train_accuracy": 0.20095999538898468, "train_loss": 2.279732587509155, "training_time_mean": NaN, "training_time_total": 0.0, "val_accuracy": 0.28859999775886536, "val_loss": 1.9348854377746583, "validation_time_mean": NaN, "validation_time_total": 0.0, "samples": 60000, "num_workers": 1, "done": false, "timesteps_total": null, "episodes_total": null, "training_iteration": 1, "neg_mean_loss": -1.9348854377746583, "experiment_id": "a322cc10609841668d283c383a023d26", "date": "2019-06-06_02-17-46", "timestamp": 1559812666, "time_this_iter_s": 48.1764030456543, "time_total_s": 48.1764030456543, "pid": 9758, "hostname": "steropes", "node_ip": "169.229.49.254", "config": {"starting_lr": 0.001, "momentum": 0.9, "weight_decay": 0.005, "steps_per_iteration": null, "pin": false, "model_creator": null, "target_batch_size": 128, "model_string": "resnet50", "min_batch_size": 128, "dataset": "CIFAR", "placement": null, "use_nccl": true, "devices_per_worker": 1, "primary_resource": "extra_gpu", "gpu": false, "verbose": false, "lr_config": {"mode": "log", "steps": 5, "initial_lr": 0.001, "target_lr": 0.001}, "batch_per_device": 128}, "time_since_restore": 48.1764030456543, "timesteps_since_restore": 0, "iterations_since_restore": 1, "mean_throughput": 1245.419200983713, "atoms": 1, "setup_time": 8.994234800338745}
{"apply": 0.018703436851501463, "batch_time": 0.031994517845443535, "d2h": 0.0006772994995117188, "data_time": 0.0018114354604345454, "fwd": 0.02973029613494873, "get_state_time_mean": NaN, "get_state_time_total": 0.0, "grad": 0.049916958808898924, "mean_accuracy": 0.3312999904155731, "mean_loss": 1.8197529497146607, "neg_mean_accuracy": -0.3739999830722809, "set_state_time_mean": NaN, "set_state_time_total": 0.0, "setup_model_time_mean": NaN, "setup_model_time_total": 0.0, "setup_proc_time_mean": NaN, "setup_proc_time_total": 0.0, "train_accuracy": 0.30366000533103943, "train_loss": 1.908439126586914, "training_time_mean": NaN, "training_time_total": 0.0, "val_accuracy": 0.3739999830722809, "val_loss": 1.7046204616546632, "validation_time_mean": NaN, "validation_time_total": 0.0, "samples": 60000, "num_workers": 1, "done": false, "timesteps_total": null, "episodes_total": null, "training_iteration": 2, "neg_mean_loss": -1.8197529497146607, "experiment_id": "a322cc10609841668d283c383a023d26", "date": "2019-06-06_02-18-29", "timestamp": 1559812709, "time_this_iter_s": 42.6311309337616, "time_total_s": 90.8075339794159, "pid": 9758, "hostname": "steropes", "node_ip": "169.229.49.254", "config": {"starting_lr": 0.001, "momentum": 0.9, "weight_decay": 0.005, "steps_per_iteration": null, "pin": false, "model_creator": null, "target_batch_size": 128, "model_string": "resnet50", "min_batch_size": 128, "dataset": "CIFAR", "placement": null, "use_nccl": true, "devices_per_worker": 1, "primary_resource": "extra_gpu", "gpu": false, "verbose": false, "lr_config": {"mode": "log", "steps": 5, "initial_lr": 0.001, "target_lr": 0.001}, "batch_per_device": 128}, "time_since_restore": 90.8075339794159, "timesteps_since_restore": 0, "iterations_since_restore": 2, "mean_throughput": 1321.472928458943, "atoms": 1, "setup_time": 8.994234800338745}
{"apply": 0.01870729923248291, "batch_time": 0.03174403951137881, "d2h": 0.0008561134338378907, "data_time": 0.0017743159438033237, "fwd": 0.029185724258422852, "get_state_time_mean": NaN, "get_state_time_total": 0.0, "grad": 0.049237537384033206, "mean_accuracy": 0.34599998593330383, "mean_loss": 1.7818879224141437, "neg_mean_accuracy": -0.37539997696876526, "set_state_time_mean": NaN, "set_state_time_total": 0.0, "setup_model_time_mean": NaN, "setup_model_time_total": 0.0, "setup_proc_time_mean": NaN, "setup_proc_time_total": 0.0, "train_accuracy": 0.3558399975299835, "train_loss": 1.7585261031723023, "training_time_mean": NaN, "training_time_total": 0.0, "val_accuracy": 0.37539997696876526, "val_loss": 1.7061578678131104, "validation_time_mean": NaN, "validation_time_total": 0.0, "samples": 60000, "num_workers": 1, "done": false, "timesteps_total": null, "episodes_total": null, "training_iteration": 3, "neg_mean_loss": -1.7818879224141437, "experiment_id": "a322cc10609841668d283c383a023d26", "date": "2019-06-06_02-19-10", "timestamp": 1559812750, "time_this_iter_s": 41.51905918121338, "time_total_s": 132.32659316062927, "pid": 9758, "hostname": "steropes", "node_ip": "169.229.49.254", "config": {"starting_lr": 0.001, "momentum": 0.9, "weight_decay": 0.005, "steps_per_iteration": null, "pin": false, "model_creator": null, "target_batch_size": 128, "model_string": "resnet50", "min_batch_size": 128, "dataset": "CIFAR", "placement": null, "use_nccl": true, "devices_per_worker": 1, "primary_resource": "extra_gpu", "gpu": false, "verbose": false, "lr_config": {"mode": "log", "steps": 5, "initial_lr": 0.001, "target_lr": 0.001}, "batch_per_device": 128}, "time_since_restore": 132.32659316062927, "timesteps_since_restore": 0, "iterations_since_restore": 3, "mean_throughput": 1360.267610750184, "atoms": 1, "setup_time": 8.994234800338745}
{"apply": 0.01881592273712158, "batch_time": 0.032276304462288, "d2h": 0.0006763458251953125, "data_time": 0.0018087866361183888, "fwd": 0.02877957820892334, "get_state_time_mean": NaN, "get_state_time_total": 0.0, "grad": 0.04898378849029541, "mean_accuracy": 0.3665499836206436, "mean_loss": 1.726400597667694, "neg_mean_accuracy": -0.42819997668266296, "set_state_time_mean": NaN, "set_state_time_total": 0.0, "setup_model_time_mean": NaN, "setup_model_time_total": 0.0, "setup_proc_time_mean": NaN, "setup_proc_time_total": 0.0, "train_accuracy": 0.3882199823856354, "train_loss": 1.6709202318572998, "training_time_mean": NaN, "training_time_total": 0.0, "val_accuracy": 0.42819997668266296, "val_loss": 1.5599386234283448, "validation_time_mean": NaN, "validation_time_total": 0.0, "samples": 60000, "num_workers": 1, "done": false, "timesteps_total": null, "episodes_total": null, "training_iteration": 4, "neg_mean_loss": -1.726400597667694, "experiment_id": "a322cc10609841668d283c383a023d26", "date": "2019-06-06_02-19-52", "timestamp": 1559812792, "time_this_iter_s": 41.610241651535034, "time_total_s": 173.9368348121643, "pid": 9758, "hostname": "steropes", "node_ip": "169.229.49.254", "config": {"starting_lr": 0.001, "momentum": 0.9, "weight_decay": 0.005, "steps_per_iteration": null, "pin": false, "model_creator": null, "target_batch_size": 128, "model_string": "resnet50", "min_batch_size": 128, "dataset": "CIFAR", "placement": null, "use_nccl": true, "devices_per_worker": 1, "primary_resource": "extra_gpu", "gpu": false, "verbose": false, "lr_config": {"mode": "log", "steps": 5, "initial_lr": 0.001, "target_lr": 0.001}, "batch_per_device": 128}, "time_since_restore": 173.9368348121643, "timesteps_since_restore": 0, "iterations_since_restore": 4, "mean_throughput": 1379.808132241701, "atoms": 1, "setup_time": 8.994234800338745}
{"apply": 0.017894577980041505, "batch_time": 0.03182448616510705, "d2h": 0.0007257223129272461, "data_time": 0.00179973465707296, "fwd": 0.02837238311767578, "get_state_time_mean": NaN, "get_state_time_total": 0.0, "grad": 0.049167084693908694, "mean_accuracy": 0.3830999851226807, "mean_loss": 1.681897186965942, "neg_mean_accuracy": -0.44929999113082886, "set_state_time_mean": NaN, "set_state_time_total": 0.0, "setup_model_time_mean": NaN, "setup_model_time_total": 0.0, "setup_proc_time_mean": NaN, "setup_proc_time_total": 0.0, "train_accuracy": 0.4192599952220917, "train_loss": 1.5983873734283447, "training_time_mean": NaN, "training_time_total": 0.0, "val_accuracy": 0.44929999113082886, "val_loss": 1.5038835441589355, "validation_time_mean": NaN, "validation_time_total": 0.0, "samples": 60000, "num_workers": 1, "done": false, "timesteps_total": null, "episodes_total": null, "training_iteration": 5, "neg_mean_loss": -1.681897186965942, "experiment_id": "a322cc10609841668d283c383a023d26", "date": "2019-06-06_02-20-34", "timestamp": 1559812834, "time_this_iter_s": 41.630767822265625, "time_total_s": 215.56760263442993, "pid": 9758, "hostname": "steropes", "node_ip": "169.229.49.254", "config": {"starting_lr": 0.001, "momentum": 0.9, "weight_decay": 0.005, "steps_per_iteration": null, "pin": false, "model_creator": null, "target_batch_size": 128, "model_string": "resnet50", "min_batch_size": 128, "dataset": "CIFAR", "placement": null, "use_nccl": true, "devices_per_worker": 1, "primary_resource": "extra_gpu", "gpu": false, "verbose": false, "lr_config": {"mode": "log", "steps": 5, "initial_lr": 0.001, "target_lr": 0.001}, "batch_per_device": 128}, "time_since_restore": 215.56760263442993, "timesteps_since_restore": 0, "iterations_since_restore": 5, "mean_throughput": 1391.671761858188, "atoms": 1, "setup_time": 8.994234800338745}
{"apply": 0.018637537956237793, "batch_time": 0.0337375477899479, "d2h": 0.0008382797241210938, "data_time": 0.0017671481422756028, "fwd": 0.028949213027954102, "get_state_time_mean": NaN, "get_state_time_total": 0.0, "grad": 0.049119424819946286, "mean_accuracy": 0.41857998371124266, "mean_loss": 1.584046400642395, "neg_mean_accuracy": -0.4659999907016754, "set_state_time_mean": NaN, "set_state_time_total": 0.0, "setup_model_time_mean": NaN, "setup_model_time_total": 0.0, "setup_proc_time_mean": NaN, "setup_proc_time_total": 0.0, "train_accuracy": 0.4336400032043457, "train_loss": 1.5451499764251708, "training_time_mean": NaN, "training_time_total": 0.0, "val_accuracy": 0.4659999907016754, "val_loss": 1.4456315061569214, "validation_time_mean": NaN, "validation_time_total": 0.0, "samples": 60000, "num_workers": 1, "done": false, "timesteps_total": null, "episodes_total": null, "training_iteration": 6, "neg_mean_loss": -1.584046400642395, "experiment_id": "a322cc10609841668d283c383a023d26", "date": "2019-06-06_02-21-15", "timestamp": 1559812875, "time_this_iter_s": 41.649656772613525, "time_total_s": 257.21725940704346, "pid": 9758, "hostname": "steropes", "node_ip": "169.229.49.254", "config": {"starting_lr": 0.001, "momentum": 0.9, "weight_decay": 0.005, "steps_per_iteration": null, "pin": false, "model_creator": null, "target_batch_size": 128, "model_string": "resnet50", "min_batch_size": 128, "dataset": "CIFAR", "placement": null, "use_nccl": true, "devices_per_worker": 1, "primary_resource": "extra_gpu", "gpu": false, "verbose": false, "lr_config": {"mode": "log", "steps": 5, "initial_lr": 0.001, "target_lr": 0.001}, "batch_per_device": 128}, "time_since_restore": 257.21725940704346, "timesteps_since_restore": 0, "iterations_since_restore": 6, "mean_throughput": 1435.1233523722335, "atoms": 1, "setup_time": 8.994234800338745}
{"apply": 0.019154000282287597, "batch_time": 0.03211329254922988, "d2h": 0.0007075309753417969, "data_time": 0.0017866899290353137, "fwd": 0.030373191833496092, "get_state_time_mean": NaN, "get_state_time_total": 0.0, "grad": 0.0503082275390625, "mean_accuracy": 0.4404199838638306, "mean_loss": 1.526296537475586, "neg_mean_accuracy": -0.48319998383522034, "set_state_time_mean": NaN, "set_state_time_total": 0.0, "setup_model_time_mean": NaN, "setup_model_time_total": 0.0, "setup_proc_time_mean": NaN, "setup_proc_time_total": 0.0, "train_accuracy": 0.4547799825668335, "train_loss": 1.496922907371521, "training_time_mean": NaN, "training_time_total": 0.0, "val_accuracy": 0.48319998383522034, "val_loss": 1.4158711458206177, "validation_time_mean": NaN, "validation_time_total": 0.0, "samples": 60000, "num_workers": 1, "done": false, "timesteps_total": null, "episodes_total": null, "training_iteration": 7, "neg_mean_loss": -1.526296537475586, "experiment_id": "a322cc10609841668d283c383a023d26", "date": "2019-06-06_02-21-58", "timestamp": 1559812918, "time_this_iter_s": 42.12172341346741, "time_total_s": 299.33898282051086, "pid": 9758, "hostname": "steropes", "node_ip": "169.229.49.254", "config": {"starting_lr": 0.001, "momentum": 0.9, "weight_decay": 0.005, "steps_per_iteration": null, "pin": false, "model_creator": null, "target_batch_size": 128, "model_string": "resnet50", "min_batch_size": 128, "dataset": "CIFAR", "placement": null, "use_nccl": true, "devices_per_worker": 1, "primary_resource": "extra_gpu", "gpu": false, "verbose": false, "lr_config": {"mode": "log", "steps": 5, "initial_lr": 0.001, "target_lr": 0.001}, "batch_per_device": 128}, "time_since_restore": 299.33898282051086, "timesteps_since_restore": 0, "iterations_since_restore": 7, "mean_throughput": 1438.629123818979, "atoms": 1, "setup_time": 8.994234800338745}
{"apply": 0.017936575412750243, "batch_time": 0.06420094966888427, "d2h": 0.0006725788116455078, "data_time": 0.0028373301029205322, "fwd": 0.13802176713943481, "get_state_time_mean": NaN, "get_state_time_total": 0.0, "grad": 0.2221775770187378, "mean_accuracy": 0.46609999537467955, "mean_loss": 1.4590910821723937, "neg_mean_accuracy": -0.5038000345230103, "set_state_time_mean": 4.153627514839172, "set_state_time_total": 4.153627514839172, "setup_model_time_mean": 9.680444955825806, "setup_model_time_total": 9.680444955825806, "setup_proc_time_mean": 1.6826473474502563, "setup_proc_time_total": 1.6826473474502563, "train_accuracy": 0.4810999631881714, "train_loss": 1.4266489544296266, "training_time_mean": NaN, "training_time_total": 0.0, "val_accuracy": 0.5038000345230103, "val_loss": 1.3701305912971495, "validation_time_mean": NaN, "validation_time_total": 0.0, "samples": 60000, "num_workers": 2, "done": false, "timesteps_total": null, "episodes_total": null, "training_iteration": 8, "neg_mean_loss": -1.4590910821723937, "experiment_id": "a322cc10609841668d283c383a023d26", "date": "2019-06-06_02-22-55", "timestamp": 1559812975, "time_this_iter_s": 33.417158126831055, "time_total_s": 332.7561409473419, "pid": 21448, "hostname": "steropes", "node_ip": "169.229.49.254", "config": {"starting_lr": 0.001, "momentum": 0.9, "weight_decay": 0.005, "steps_per_iteration": null, "pin": false, "model_creator": null, "target_batch_size": 128, "model_string": "resnet50", "min_batch_size": 128, "dataset": "CIFAR", "placement": null, "use_nccl": true, "devices_per_worker": 1, "primary_resource": "extra_gpu", "gpu": false, "verbose": false, "lr_config": {"mode": "log", "steps": 5, "initial_lr": 0.001, "target_lr": 0.0014142135623730952}, "batch_per_device": 128}, "time_since_restore": 33.417158126831055, "timesteps_since_restore": 0, "iterations_since_restore": 1, "mean_throughput": 1795.4783722287282, "atoms": 2, "setup_time": 22.35107135772705}
{"apply": 0.020268142223358154, "batch_time": 0.03860476613044739, "d2h": 0.0007093071937561036, "data_time": 0.0026872042490511524, "fwd": 0.030955207347869874, "get_state_time_mean": NaN, "get_state_time_total": 0.0, "grad": 0.0846171259880066, "mean_accuracy": 0.4809999942779541, "mean_loss": 1.4210596598815919, "neg_mean_accuracy": -0.5026999711990356, "set_state_time_mean": NaN, "set_state_time_total": 0.0, "setup_model_time_mean": NaN, "setup_model_time_total": 0.0, "setup_proc_time_mean": NaN, "setup_proc_time_total": 0.0, "train_accuracy": 0.4877399802207947, "train_loss": 1.4046689899253846, "training_time_mean": NaN, "training_time_total": 0.0, "val_accuracy": 0.5026999711990356, "val_loss": 1.3697815119743346, "validation_time_mean": NaN, "validation_time_total": 0.0, "samples": 60000, "num_workers": 2, "done": true, "timesteps_total": null, "episodes_total": null, "training_iteration": 9, "neg_mean_loss": -1.4210596598815919, "experiment_id": "a322cc10609841668d283c383a023d26", "date": "2019-06-06_02-23-23", "timestamp": 1559813003, "time_this_iter_s": 27.605645179748535, "time_total_s": 360.36178612709045, "pid": 21448, "hostname": "steropes", "node_ip": "169.229.49.254", "config": {"starting_lr": 0.001, "momentum": 0.9, "weight_decay": 0.005, "steps_per_iteration": null, "pin": false, "model_creator": null, "target_batch_size": 128, "model_string": "resnet50", "min_batch_size": 128, "dataset": "CIFAR", "placement": null, "use_nccl": true, "devices_per_worker": 1, "primary_resource": "extra_gpu", "gpu": false, "verbose": false, "lr_config": {"mode": "log", "steps": 5, "initial_lr": 0.001, "target_lr": 0.0014142135623730952}, "batch_per_device": 128}, "time_since_restore": 61.02280330657959, "timesteps_since_restore": 0, "iterations_since_restore": 2, "mean_throughput": 1966.4715275537478, "atoms": 2, "setup_time": 22.35107135772705}
