{"apply": 0.018607544898986816, "batch_time": 0.04167910467220258, "d2h": 0.0007186412811279296, "data_time": 0.0018296851526440868, "fwd": 0.11970381736755371, "get_state_time_mean": NaN, "get_state_time_total": 0.0, "grad": 0.1651822566986084, "mean_accuracy": 0.09999999403953552, "mean_loss": 641348207463576.4, "neg_mean_accuracy": -0.09999999403953552, "set_state_time_mean": NaN, "set_state_time_total": 0.0, "setup_model_time_mean": 8.397275686264038, "setup_model_time_total": 8.397275686264038, "setup_proc_time_mean": 0.21028566360473633, "setup_proc_time_total": 0.21028566360473633, "train_accuracy": 0.10157999396324158, "train_loss": 1630896.4390622852, "training_time_mean": NaN, "training_time_total": 0.0, "val_accuracy": 0.09999999403953552, "val_loss": 641348207463576.4, "validation_time_mean": NaN, "validation_time_total": 0.0, "samples": 60000, "num_workers": 1, "done": false, "timesteps_total": null, "episodes_total": null, "training_iteration": 1, "neg_mean_loss": -641348207463576.4, "experiment_id": "8d0b60a1382a4a5ea920a421380d1202", "date": "2019-06-03_22-29-59", "timestamp": 1559626199, "time_this_iter_s": 46.51715540885925, "time_total_s": 46.51715540885925, "pid": 31551, "hostname": "steropes", "node_ip": "169.229.49.254", "config": {"starting_lr": 1.0, "momentum": 0.95, "weight_decay": 0.005, "steps_per_iteration": null, "pin": false, "model_creator": null, "target_batch_size": 128, "model_string": "resnet50", "min_batch_size": 128, "dataset": "CIFAR", "placement": null, "use_nccl": true, "devices_per_worker": 1, "primary_resource": "extra_gpu", "gpu": false, "verbose": false, "lr_config": {"mode": "log", "steps": 5, "initial_lr": 1.0, "target_lr": 1.0}, "batch_per_device": 128}, "time_since_restore": 46.51715540885925, "timesteps_since_restore": 0, "iterations_since_restore": 1, "mean_throughput": 1289.8442536767545, "atoms": 1, "setup_time": 9.02830171585083}
{"apply": 0.01875438690185547, "batch_time": 0.0339952571482598, "d2h": 0.0007609367370605469, "data_time": 0.0017836606106184938, "fwd": 0.02866983413696289, "get_state_time_mean": NaN, "get_state_time_total": 0.0, "grad": 0.049123287200927734, "mean_accuracy": 0.09999999403953552, "mean_loss": 3.659403326592364e+20, "neg_mean_accuracy": -0.09999999403953552, "set_state_time_mean": NaN, "set_state_time_total": 0.0, "setup_model_time_mean": NaN, "setup_model_time_total": 0.0, "setup_proc_time_mean": NaN, "setup_proc_time_total": 0.0, "train_accuracy": 0.10425999760627747, "train_loss": 1106891657911.3906, "training_time_mean": NaN, "training_time_total": 0.0, "val_accuracy": 0.09999999403953552, "val_loss": 7.318800239702653e+20, "validation_time_mean": NaN, "validation_time_total": 0.0, "samples": 60000, "num_workers": 1, "done": false, "timesteps_total": null, "episodes_total": null, "training_iteration": 2, "neg_mean_loss": -3.659403326592364e+20, "experiment_id": "8d0b60a1382a4a5ea920a421380d1202", "date": "2019-06-03_22-30-41", "timestamp": 1559626241, "time_this_iter_s": 41.53254771232605, "time_total_s": 88.0497031211853, "pid": 31551, "hostname": "steropes", "node_ip": "169.229.49.254", "config": {"starting_lr": 1.0, "momentum": 0.95, "weight_decay": 0.005, "steps_per_iteration": null, "pin": false, "model_creator": null, "target_batch_size": 128, "model_string": "resnet50", "min_batch_size": 128, "dataset": "CIFAR", "placement": null, "use_nccl": true, "devices_per_worker": 1, "primary_resource": "extra_gpu", "gpu": false, "verbose": false, "lr_config": {"mode": "log", "steps": 5, "initial_lr": 1.0, "target_lr": 1.0}, "batch_per_device": 128}, "time_since_restore": 88.0497031211853, "timesteps_since_restore": 0, "iterations_since_restore": 2, "mean_throughput": 1362.8639963481533, "atoms": 1, "setup_time": 9.02830171585083}
{"apply": 0.019120383262634277, "batch_time": 0.03191535080535502, "d2h": 0.0007425069808959961, "data_time": 0.0018008316264433019, "fwd": 0.028958725929260253, "get_state_time_mean": NaN, "get_state_time_total": 0.0, "grad": 0.050659704208374026, "mean_accuracy": 0.06666666269302368, "mean_loss": NaN, "neg_mean_accuracy": -0.0, "set_state_time_mean": NaN, "set_state_time_total": 0.0, "setup_model_time_mean": NaN, "setup_model_time_total": 0.0, "setup_proc_time_mean": NaN, "setup_proc_time_total": 0.0, "train_accuracy": 0.055059999227523804, "train_loss": NaN, "training_time_mean": NaN, "training_time_total": 0.0, "val_accuracy": 0.0, "val_loss": NaN, "validation_time_mean": NaN, "validation_time_total": 0.0, "samples": 60000, "num_workers": 1, "done": true, "timesteps_total": null, "episodes_total": null, "training_iteration": 3, "neg_mean_loss": NaN, "experiment_id": "8d0b60a1382a4a5ea920a421380d1202", "date": "2019-06-03_22-31-22", "timestamp": 1559626282, "time_this_iter_s": 41.29378890991211, "time_total_s": 129.3434920310974, "pid": 31551, "hostname": "steropes", "node_ip": "169.229.49.254", "config": {"starting_lr": 1.0, "momentum": 0.95, "weight_decay": 0.005, "steps_per_iteration": null, "pin": false, "model_creator": null, "target_batch_size": 128, "model_string": "resnet50", "min_batch_size": 128, "dataset": "CIFAR", "placement": null, "use_nccl": true, "devices_per_worker": 1, "primary_resource": "extra_gpu", "gpu": false, "verbose": false, "lr_config": {"mode": "log", "steps": 5, "initial_lr": 1.0, "target_lr": 1.0}, "batch_per_device": 128}, "time_since_restore": 129.3434920310974, "timesteps_since_restore": 0, "iterations_since_restore": 3, "mean_throughput": 1391.6384150615133, "atoms": 1, "setup_time": 9.02830171585083}
