{"apply": 0.018629956245422363, "batch_time": 0.04203026505965221, "d2h": 0.0007657766342163086, "data_time": 0.001996661086216607, "fwd": 0.15767974853515626, "get_state_time_mean": NaN, "get_state_time_total": 0.0, "grad": 0.1808408498764038, "mean_accuracy": 0.1581999957561493, "mean_loss": 4.17379822769165, "neg_mean_accuracy": -0.1581999957561493, "set_state_time_mean": NaN, "set_state_time_total": 0.0, "setup_model_time_mean": 8.893843412399292, "setup_model_time_total": 8.893843412399292, "setup_proc_time_mean": 0.757392406463623, "setup_proc_time_total": 0.757392406463623, "train_accuracy": 0.1485999971628189, "train_loss": 4.088552976074219, "training_time_mean": NaN, "training_time_total": 0.0, "val_accuracy": 0.1581999957561493, "val_loss": 4.17379822769165, "validation_time_mean": NaN, "validation_time_total": 0.0, "samples": 60000, "num_workers": 1, "done": false, "timesteps_total": null, "episodes_total": null, "training_iteration": 1, "neg_mean_loss": -4.17379822769165, "experiment_id": "360fc5a41d56440ca094189556c7c8c5", "date": "2019-06-06_07-19-31", "timestamp": 1559830771, "time_this_iter_s": 48.192671060562134, "time_total_s": 48.192671060562134, "pid": 17777, "hostname": "steropes", "node_ip": "169.229.49.254", "config": {"starting_lr": 0.05, "momentum": 0.9, "weight_decay": 0.0001, "steps_per_iteration": null, "pin": false, "model_creator": null, "target_batch_size": 128, "model_string": "resnet50", "min_batch_size": 128, "dataset": "CIFAR", "placement": null, "use_nccl": true, "devices_per_worker": 1, "primary_resource": "extra_gpu", "gpu": false, "verbose": false, "lr_config": {"mode": "log", "steps": 5, "initial_lr": 0.05, "target_lr": 0.05}, "batch_per_device": 128}, "time_since_restore": 48.192671060562134, "timesteps_since_restore": 0, "iterations_since_restore": 1, "mean_throughput": 1244.9985866401744, "atoms": 1, "setup_time": 9.752398014068604}
{"apply": 0.019559597969055174, "batch_time": 0.03212337856051288, "d2h": 0.0007096052169799805, "data_time": 0.001859781992100084, "fwd": 0.029451155662536622, "get_state_time_mean": NaN, "get_state_time_total": 0.0, "grad": 0.05233399868011475, "mean_accuracy": 0.22424998879432678, "mean_loss": 4.036148045921325, "neg_mean_accuracy": -0.2902999818325043, "set_state_time_mean": NaN, "set_state_time_total": 0.0, "setup_model_time_mean": NaN, "setup_model_time_total": 0.0, "setup_proc_time_mean": NaN, "setup_proc_time_total": 0.0, "train_accuracy": 0.24247999489307404, "train_loss": 2.150014436378479, "training_time_mean": NaN, "training_time_total": 0.0, "val_accuracy": 0.2902999818325043, "val_loss": 3.898497864151001, "validation_time_mean": NaN, "validation_time_total": 0.0, "samples": 60000, "num_workers": 1, "done": true, "timesteps_total": null, "episodes_total": null, "training_iteration": 2, "neg_mean_loss": -4.036148045921325, "experiment_id": "360fc5a41d56440ca094189556c7c8c5", "date": "2019-06-06_07-20-13", "timestamp": 1559830813, "time_this_iter_s": 42.356221199035645, "time_total_s": 90.54889225959778, "pid": 17777, "hostname": "steropes", "node_ip": "169.229.49.254", "config": {"starting_lr": 0.05, "momentum": 0.9, "weight_decay": 0.0001, "steps_per_iteration": null, "pin": false, "model_creator": null, "target_batch_size": 128, "model_string": "resnet50", "min_batch_size": 128, "dataset": "CIFAR", "placement": null, "use_nccl": true, "devices_per_worker": 1, "primary_resource": "extra_gpu", "gpu": false, "verbose": false, "lr_config": {"mode": "log", "steps": 5, "initial_lr": 0.05, "target_lr": 0.05}, "batch_per_device": 128}, "time_since_restore": 90.54889225959778, "timesteps_since_restore": 0, "iterations_since_restore": 2, "mean_throughput": 1325.2473929823584, "atoms": 1, "setup_time": 9.752398014068604}
