{"apply": 0.017392969131469725, "batch_time": 0.04178174839744085, "d2h": 0.0006713151931762695, "data_time": 0.0019346698165854529, "fwd": 0.11593804359436036, "get_state_time_mean": NaN, "get_state_time_total": 0.0, "grad": 0.165708589553833, "mean_accuracy": 0.335099995136261, "mean_loss": 2.1512677198410035, "neg_mean_accuracy": -0.335099995136261, "set_state_time_mean": NaN, "set_state_time_total": 0.0, "setup_model_time_mean": 8.582658767700195, "setup_model_time_total": 8.582658767700195, "setup_proc_time_mean": 0.16836214065551758, "setup_proc_time_total": 0.16836214065551758, "train_accuracy": 0.2571199834346771, "train_loss": 2.598053443069458, "training_time_mean": NaN, "training_time_total": 0.0, "val_accuracy": 0.335099995136261, "val_loss": 2.1512677198410035, "validation_time_mean": NaN, "validation_time_total": 0.0, "samples": 60000, "num_workers": 1, "done": false, "timesteps_total": null, "episodes_total": null, "training_iteration": 1, "neg_mean_loss": -2.1512677198410035, "experiment_id": "739128d2a7be4a4db3fdee1735f4ec4e", "date": "2019-06-03_03-53-07", "timestamp": 1559559187, "time_this_iter_s": 45.97365093231201, "time_total_s": 45.97365093231201, "pid": 727, "hostname": "steropes", "node_ip": "169.229.49.254", "config": {"starting_lr": 0.01, "momentum": 0.9, "weight_decay": 0.0005, "steps_per_iteration": null, "pin": false, "model_creator": null, "target_batch_size": 128, "model_string": "resnet50", "min_batch_size": 128, "dataset": "CIFAR", "placement": null, "use_nccl": true, "devices_per_worker": 1, "primary_resource": "extra_gpu", "gpu": false, "verbose": false, "lr_config": {"mode": "log", "steps": 5, "initial_lr": 0.01, "target_lr": 0.01}, "batch_per_device": 128}, "time_since_restore": 45.97365093231201, "timesteps_since_restore": 0, "iterations_since_restore": 1, "mean_throughput": 1305.0928474831674, "atoms": 1, "setup_time": 9.23278021812439}
{"apply": 0.01697690486907959, "batch_time": 0.03253494335126273, "d2h": 0.000675201416015625, "data_time": 0.0018981539684793224, "fwd": 0.027806878089904785, "get_state_time_mean": NaN, "get_state_time_total": 0.0, "grad": 0.04839193820953369, "mean_accuracy": 0.3714999854564667, "mean_loss": 3.900967014789581, "neg_mean_accuracy": -0.40789997577667236, "set_state_time_mean": NaN, "set_state_time_total": 0.0, "setup_model_time_mean": NaN, "setup_model_time_total": 0.0, "setup_proc_time_mean": NaN, "setup_proc_time_total": 0.0, "train_accuracy": 0.3443799912929535, "train_loss": 2.018834654388428, "training_time_mean": NaN, "training_time_total": 0.0, "val_accuracy": 0.40789997577667236, "val_loss": 5.650666309738159, "validation_time_mean": NaN, "validation_time_total": 0.0, "samples": 60000, "num_workers": 1, "done": false, "timesteps_total": null, "episodes_total": null, "training_iteration": 2, "neg_mean_loss": -3.900967014789581, "experiment_id": "739128d2a7be4a4db3fdee1735f4ec4e", "date": "2019-06-03_03-53-48", "timestamp": 1559559228, "time_this_iter_s": 40.86669874191284, "time_total_s": 86.84034967422485, "pid": 727, "hostname": "steropes", "node_ip": "169.229.49.254", "config": {"starting_lr": 0.01, "momentum": 0.9, "weight_decay": 0.0005, "steps_per_iteration": null, "pin": false, "model_creator": null, "target_batch_size": 128, "model_string": "resnet50", "min_batch_size": 128, "dataset": "CIFAR", "placement": null, "use_nccl": true, "devices_per_worker": 1, "primary_resource": "extra_gpu", "gpu": false, "verbose": false, "lr_config": {"mode": "log", "steps": 5, "initial_lr": 0.01, "target_lr": 0.01}, "batch_per_device": 128}, "time_since_restore": 86.84034967422485, "timesteps_since_restore": 0, "iterations_since_restore": 2, "mean_throughput": 1381.843393076432, "atoms": 1, "setup_time": 9.23278021812439}
{"apply": 0.01709156036376953, "batch_time": 0.03202801716478565, "d2h": 0.0006711483001708984, "data_time": 0.0018067731881690452, "fwd": 0.02762725353240967, "get_state_time_mean": NaN, "get_state_time_total": 0.0, "grad": 0.04752109050750732, "mean_accuracy": 0.39286665121714276, "mean_loss": 7.219663095029195, "neg_mean_accuracy": -0.4355999827384949, "set_state_time_mean": NaN, "set_state_time_total": 0.0, "setup_model_time_mean": NaN, "setup_model_time_total": 0.0, "setup_proc_time_mean": NaN, "setup_proc_time_total": 0.0, "train_accuracy": 0.40347999334335327, "train_loss": 1.7602267615509033, "training_time_mean": NaN, "training_time_total": 0.0, "val_accuracy": 0.4355999827384949, "val_loss": 13.857055255508422, "validation_time_mean": NaN, "validation_time_total": 0.0, "samples": 60000, "num_workers": 1, "done": false, "timesteps_total": null, "episodes_total": null, "training_iteration": 3, "neg_mean_loss": -7.219663095029195, "experiment_id": "739128d2a7be4a4db3fdee1735f4ec4e", "date": "2019-06-03_03-54-28", "timestamp": 1559559268, "time_this_iter_s": 40.590784549713135, "time_total_s": 127.43113422393799, "pid": 727, "hostname": "steropes", "node_ip": "169.229.49.254", "config": {"starting_lr": 0.01, "momentum": 0.9, "weight_decay": 0.0005, "steps_per_iteration": null, "pin": false, "model_creator": null, "target_batch_size": 128, "model_string": "resnet50", "min_batch_size": 128, "dataset": "CIFAR", "placement": null, "use_nccl": true, "devices_per_worker": 1, "primary_resource": "extra_gpu", "gpu": false, "verbose": false, "lr_config": {"mode": "log", "steps": 5, "initial_lr": 0.01, "target_lr": 0.01}, "batch_per_device": 128}, "time_since_restore": 127.43113422393799, "timesteps_since_restore": 0, "iterations_since_restore": 3, "mean_throughput": 1412.5240593409965, "atoms": 1, "setup_time": 9.23278021812439}
{"apply": 0.018409132957458496, "batch_time": 0.03196320956266379, "d2h": 0.0006838083267211914, "data_time": 0.001830853464658303, "fwd": 0.02891843318939209, "get_state_time_mean": NaN, "get_state_time_total": 0.0, "grad": 0.04808981418609619, "mean_accuracy": 0.4153749868273735, "mean_loss": 6.324798727655411, "neg_mean_accuracy": -0.4828999936580658, "set_state_time_mean": NaN, "set_state_time_total": 0.0, "setup_model_time_mean": NaN, "setup_model_time_total": 0.0, "setup_proc_time_mean": NaN, "setup_proc_time_total": 0.0, "train_accuracy": 0.4382399916648865, "train_loss": 1.6633323455047608, "training_time_mean": NaN, "training_time_total": 0.0, "val_accuracy": 0.4828999936580658, "val_loss": 3.640205625534058, "validation_time_mean": NaN, "validation_time_total": 0.0, "samples": 60000, "num_workers": 1, "done": false, "timesteps_total": null, "episodes_total": null, "training_iteration": 4, "neg_mean_loss": -6.324798727655411, "experiment_id": "739128d2a7be4a4db3fdee1735f4ec4e", "date": "2019-06-03_03-55-09", "timestamp": 1559559309, "time_this_iter_s": 40.590643882751465, "time_total_s": 168.02177810668945, "pid": 727, "hostname": "steropes", "node_ip": "169.229.49.254", "config": {"starting_lr": 0.01, "momentum": 0.9, "weight_decay": 0.0005, "steps_per_iteration": null, "pin": false, "model_creator": null, "target_batch_size": 128, "model_string": "resnet50", "min_batch_size": 128, "dataset": "CIFAR", "placement": null, "use_nccl": true, "devices_per_worker": 1, "primary_resource": "extra_gpu", "gpu": false, "verbose": false, "lr_config": {"mode": "log", "steps": 5, "initial_lr": 0.01, "target_lr": 0.01}, "batch_per_device": 128}, "time_since_restore": 168.02177810668945, "timesteps_since_restore": 0, "iterations_since_restore": 4, "mean_throughput": 1428.3828128865919, "atoms": 1, "setup_time": 9.23278021812439}
{"apply": 0.017196846008300782, "batch_time": 0.031820472282699394, "d2h": 0.0006804943084716796, "data_time": 0.0019261513829536144, "fwd": 0.02874767780303955, "get_state_time_mean": NaN, "get_state_time_total": 0.0, "grad": 0.048504424095153806, "mean_accuracy": 0.41667999029159547, "mean_loss": 9.360032282752991, "neg_mean_accuracy": -0.4219000041484833, "set_state_time_mean": NaN, "set_state_time_total": 0.0, "setup_model_time_mean": NaN, "setup_model_time_total": 0.0, "setup_proc_time_mean": NaN, "setup_proc_time_total": 0.0, "train_accuracy": 0.4640199840068817, "train_loss": 1.5908375902557372, "training_time_mean": NaN, "training_time_total": 0.0, "val_accuracy": 0.4219000041484833, "val_loss": 21.50096650314331, "validation_time_mean": NaN, "validation_time_total": 0.0, "samples": 60000, "num_workers": 1, "done": false, "timesteps_total": null, "episodes_total": null, "training_iteration": 5, "neg_mean_loss": -9.360032282752991, "experiment_id": "739128d2a7be4a4db3fdee1735f4ec4e", "date": "2019-06-03_03-55-50", "timestamp": 1559559350, "time_this_iter_s": 40.60205602645874, "time_total_s": 208.6238341331482, "pid": 727, "hostname": "steropes", "node_ip": "169.229.49.254", "config": {"starting_lr": 0.01, "momentum": 0.9, "weight_decay": 0.0005, "steps_per_iteration": null, "pin": false, "model_creator": null, "target_batch_size": 128, "model_string": "resnet50", "min_batch_size": 128, "dataset": "CIFAR", "placement": null, "use_nccl": true, "devices_per_worker": 1, "primary_resource": "extra_gpu", "gpu": false, "verbose": false, "lr_config": {"mode": "log", "steps": 5, "initial_lr": 0.01, "target_lr": 0.01}, "batch_per_device": 128}, "time_since_restore": 208.6238341331482, "timesteps_since_restore": 0, "iterations_since_restore": 5, "mean_throughput": 1437.9915135051094, "atoms": 1, "setup_time": 9.23278021812439}
{"apply": 0.01692774295806885, "batch_time": 0.03190882296501836, "d2h": 0.0006683826446533203, "data_time": 0.0018272210874825793, "fwd": 0.028080272674560546, "get_state_time_mean": NaN, "get_state_time_total": 0.0, "grad": 0.048694491386413574, "mean_accuracy": 0.4510999917984009, "mean_loss": 9.335376025314332, "neg_mean_accuracy": -0.5072000026702881, "set_state_time_mean": NaN, "set_state_time_total": 0.0, "setup_model_time_mean": NaN, "setup_model_time_total": 0.0, "setup_proc_time_mean": NaN, "setup_proc_time_total": 0.0, "train_accuracy": 0.47953999042510986, "train_loss": 1.5276545430374147, "training_time_mean": NaN, "training_time_total": 0.0, "val_accuracy": 0.5072000026702881, "val_loss": 2.027986432647705, "validation_time_mean": NaN, "validation_time_total": 0.0, "samples": 60000, "num_workers": 1, "done": false, "timesteps_total": null, "episodes_total": null, "training_iteration": 6, "neg_mean_loss": -9.335376025314332, "experiment_id": "739128d2a7be4a4db3fdee1735f4ec4e", "date": "2019-06-03_03-56-30", "timestamp": 1559559390, "time_this_iter_s": 40.67992854118347, "time_total_s": 249.30376267433167, "pid": 727, "hostname": "steropes", "node_ip": "169.229.49.254", "config": {"starting_lr": 0.01, "momentum": 0.9, "weight_decay": 0.0005, "steps_per_iteration": null, "pin": false, "model_creator": null, "target_batch_size": 128, "model_string": "resnet50", "min_batch_size": 128, "dataset": "CIFAR", "placement": null, "use_nccl": true, "devices_per_worker": 1, "primary_resource": "extra_gpu", "gpu": false, "verbose": false, "lr_config": {"mode": "log", "steps": 5, "initial_lr": 0.01, "target_lr": 0.01}, "batch_per_device": 128}, "time_since_restore": 249.30376267433167, "timesteps_since_restore": 0, "iterations_since_restore": 6, "mean_throughput": 1475.429771613764, "atoms": 1, "setup_time": 9.23278021812439}
{"apply": 0.016954994201660155, "batch_time": 0.031798121295397795, "d2h": 0.0006647109985351562, "data_time": 0.0018153245491749795, "fwd": 0.02825002670288086, "get_state_time_mean": NaN, "get_state_time_total": 0.0, "grad": 0.04778668880462646, "mean_accuracy": 0.4757599949836731, "mean_loss": 9.098908030166626, "neg_mean_accuracy": -0.5311999917030334, "set_state_time_mean": NaN, "set_state_time_total": 0.0, "setup_model_time_mean": NaN, "setup_model_time_total": 0.0, "setup_proc_time_mean": NaN, "setup_proc_time_total": 0.0, "train_accuracy": 0.5024399757385254, "train_loss": 1.4644007386016846, "training_time_mean": NaN, "training_time_total": 0.0, "val_accuracy": 0.5311999917030334, "val_loss": 4.4683263339996335, "validation_time_mean": NaN, "validation_time_total": 0.0, "samples": 60000, "num_workers": 1, "done": false, "timesteps_total": null, "episodes_total": null, "training_iteration": 7, "neg_mean_loss": -9.098908030166626, "experiment_id": "739128d2a7be4a4db3fdee1735f4ec4e", "date": "2019-06-03_03-57-11", "timestamp": 1559559431, "time_this_iter_s": 40.483911991119385, "time_total_s": 289.78767466545105, "pid": 727, "hostname": "steropes", "node_ip": "169.229.49.254", "config": {"starting_lr": 0.01, "momentum": 0.9, "weight_decay": 0.0005, "steps_per_iteration": null, "pin": false, "model_creator": null, "target_batch_size": 128, "model_string": "resnet50", "min_batch_size": 128, "dataset": "CIFAR", "placement": null, "use_nccl": true, "devices_per_worker": 1, "primary_resource": "extra_gpu", "gpu": false, "verbose": false, "lr_config": {"mode": "log", "steps": 5, "initial_lr": 0.01, "target_lr": 0.01}, "batch_per_device": 128}, "time_since_restore": 289.78767466545105, "timesteps_since_restore": 0, "iterations_since_restore": 7, "mean_throughput": 1478.2126663857734, "atoms": 1, "setup_time": 9.23278021812439}
{"apply": 0.017260408401489256, "batch_time": 0.03177557715886756, "d2h": 0.0006911277770996094, "data_time": 0.0018150422274304167, "fwd": 0.028256773948669434, "get_state_time_mean": NaN, "get_state_time_total": 0.0, "grad": 0.04784946441650391, "mean_accuracy": 0.49925999641418456, "mean_loss": 6.630550051574707, "neg_mean_accuracy": -0.5530999898910522, "set_state_time_mean": NaN, "set_state_time_total": 0.0, "setup_model_time_mean": NaN, "setup_model_time_total": 0.0, "setup_proc_time_mean": NaN, "setup_proc_time_total": 0.0, "train_accuracy": 0.5144000053405762, "train_loss": 1.420307559700012, "training_time_mean": NaN, "training_time_total": 0.0, "val_accuracy": 0.5530999898910522, "val_loss": 1.5152653625488282, "validation_time_mean": NaN, "validation_time_total": 0.0, "samples": 60000, "num_workers": 1, "done": false, "timesteps_total": null, "episodes_total": null, "training_iteration": 8, "neg_mean_loss": -6.630550051574707, "experiment_id": "739128d2a7be4a4db3fdee1735f4ec4e", "date": "2019-06-03_03-57-51", "timestamp": 1559559471, "time_this_iter_s": 40.6029486656189, "time_total_s": 330.39062333106995, "pid": 727, "hostname": "steropes", "node_ip": "169.229.49.254", "config": {"starting_lr": 0.01, "momentum": 0.9, "weight_decay": 0.0005, "steps_per_iteration": null, "pin": false, "model_creator": null, "target_batch_size": 128, "model_string": "resnet50", "min_batch_size": 128, "dataset": "CIFAR", "placement": null, "use_nccl": true, "devices_per_worker": 1, "primary_resource": "extra_gpu", "gpu": false, "verbose": false, "lr_config": {"mode": "log", "steps": 5, "initial_lr": 0.01, "target_lr": 0.01}, "batch_per_device": 128}, "time_since_restore": 330.39062333106995, "timesteps_since_restore": 0, "iterations_since_restore": 8, "mean_throughput": 1478.1245823069182, "atoms": 1, "setup_time": 9.23278021812439}
{"apply": 0.016925668716430663, "batch_time": 0.03239289114746866, "d2h": 0.0006578445434570312, "data_time": 0.0018387499367794418, "fwd": 0.0279829740524292, "get_state_time_mean": NaN, "get_state_time_total": 0.0, "grad": 0.04831693172454834, "mean_accuracy": 0.49839999675750735, "mean_loss": 6.974327772598267, "neg_mean_accuracy": -0.47859999537467957, "set_state_time_mean": NaN, "set_state_time_total": 0.0, "setup_model_time_mean": NaN, "setup_model_time_total": 0.0, "setup_proc_time_mean": NaN, "setup_proc_time_total": 0.0, "train_accuracy": 0.5274400115013123, "train_loss": 1.3954671432876586, "training_time_mean": NaN, "training_time_total": 0.0, "val_accuracy": 0.47859999537467957, "val_loss": 5.359094230651856, "validation_time_mean": NaN, "validation_time_total": 0.0, "samples": 60000, "num_workers": 1, "done": false, "timesteps_total": null, "episodes_total": null, "training_iteration": 9, "neg_mean_loss": -6.974327772598267, "experiment_id": "739128d2a7be4a4db3fdee1735f4ec4e", "date": "2019-06-03_03-58-32", "timestamp": 1559559512, "time_this_iter_s": 40.63001489639282, "time_total_s": 371.02063822746277, "pid": 727, "hostname": "steropes", "node_ip": "169.229.49.254", "config": {"starting_lr": 0.01, "momentum": 0.9, "weight_decay": 0.0005, "steps_per_iteration": null, "pin": false, "model_creator": null, "target_batch_size": 128, "model_string": "resnet50", "min_batch_size": 128, "dataset": "CIFAR", "placement": null, "use_nccl": true, "devices_per_worker": 1, "primary_resource": "extra_gpu", "gpu": false, "verbose": false, "lr_config": {"mode": "log", "steps": 5, "initial_lr": 0.01, "target_lr": 0.01}, "batch_per_device": 128}, "time_since_restore": 371.02063822746277, "timesteps_since_restore": 0, "iterations_since_restore": 9, "mean_throughput": 1477.83780094647, "atoms": 1, "setup_time": 9.23278021812439}
{"apply": 0.017757010459899903, "batch_time": 0.032236153566384616, "d2h": 0.0006840705871582031, "data_time": 0.0018188679004874071, "fwd": 0.029179692268371582, "get_state_time_mean": NaN, "get_state_time_total": 0.0, "grad": 0.04783179759979248, "mean_accuracy": 0.5264199912548065, "mean_loss": 3.227311241149902, "neg_mean_accuracy": -0.5619999766349792, "set_state_time_mean": NaN, "set_state_time_total": 0.0, "setup_model_time_mean": NaN, "setup_model_time_total": 0.0, "setup_proc_time_mean": NaN, "setup_proc_time_total": 0.0, "train_accuracy": 0.5142799615859985, "train_loss": 1.421134231529236, "training_time_mean": NaN, "training_time_total": 0.0, "val_accuracy": 0.5619999766349792, "val_loss": 2.7658838459014894, "validation_time_mean": NaN, "validation_time_total": 0.0, "samples": 60000, "num_workers": 1, "done": false, "timesteps_total": null, "episodes_total": null, "training_iteration": 10, "neg_mean_loss": -3.227311241149902, "experiment_id": "739128d2a7be4a4db3fdee1735f4ec4e", "date": "2019-06-03_03-59-13", "timestamp": 1559559553, "time_this_iter_s": 40.650859355926514, "time_total_s": 411.6714975833893, "pid": 727, "hostname": "steropes", "node_ip": "169.229.49.254", "config": {"starting_lr": 0.01, "momentum": 0.9, "weight_decay": 0.0005, "steps_per_iteration": null, "pin": false, "model_creator": null, "target_batch_size": 128, "model_string": "resnet50", "min_batch_size": 128, "dataset": "CIFAR", "placement": null, "use_nccl": true, "devices_per_worker": 1, "primary_resource": "extra_gpu", "gpu": false, "verbose": false, "lr_config": {"mode": "log", "steps": 5, "initial_lr": 0.01, "target_lr": 0.01}, "batch_per_device": 128}, "time_since_restore": 411.6714975833893, "timesteps_since_restore": 0, "iterations_since_restore": 10, "mean_throughput": 1477.4825643978718, "atoms": 1, "setup_time": 9.23278021812439}
{"apply": 0.017132115364074708, "batch_time": 0.03222777571859239, "d2h": 0.0006765842437744141, "data_time": 0.0018880952654592217, "fwd": 0.02773869037628174, "get_state_time_mean": NaN, "get_state_time_total": 0.0, "grad": 0.04832754135131836, "mean_accuracy": 0.5383799850940705, "mean_loss": 3.077319660739899, "neg_mean_accuracy": -0.5669999718666077, "set_state_time_mean": NaN, "set_state_time_total": 0.0, "setup_model_time_mean": NaN, "setup_model_time_total": 0.0, "setup_proc_time_mean": NaN, "setup_proc_time_total": 0.0, "train_accuracy": 0.5502600073814392, "train_loss": 1.325800732574463, "training_time_mean": NaN, "training_time_total": 0.0, "val_accuracy": 0.5669999718666077, "val_loss": 1.2780285305976868, "validation_time_mean": NaN, "validation_time_total": 0.0, "samples": 60000, "num_workers": 1, "done": false, "timesteps_total": null, "episodes_total": null, "training_iteration": 11, "neg_mean_loss": -3.077319660739899, "experiment_id": "739128d2a7be4a4db3fdee1735f4ec4e", "date": "2019-06-03_03-59-53", "timestamp": 1559559593, "time_this_iter_s": 40.6400032043457, "time_total_s": 452.311500787735, "pid": 727, "hostname": "steropes", "node_ip": "169.229.49.254", "config": {"starting_lr": 0.01, "momentum": 0.9, "weight_decay": 0.0005, "steps_per_iteration": null, "pin": false, "model_creator": null, "target_batch_size": 128, "model_string": "resnet50", "min_batch_size": 128, "dataset": "CIFAR", "placement": null, "use_nccl": true, "devices_per_worker": 1, "primary_resource": "extra_gpu", "gpu": false, "verbose": false, "lr_config": {"mode": "log", "steps": 5, "initial_lr": 0.01, "target_lr": 0.01}, "batch_per_device": 128}, "time_since_restore": 452.311500787735, "timesteps_since_restore": 0, "iterations_since_restore": 11, "mean_throughput": 1477.7730399505413, "atoms": 1, "setup_time": 9.23278021812439}
{"apply": 0.017244529724121094, "batch_time": 0.032144217551509036, "d2h": 0.0007103204727172852, "data_time": 0.0018316790880754477, "fwd": 0.027916312217712402, "get_state_time_mean": NaN, "get_state_time_total": 0.0, "grad": 0.048087477684020996, "mean_accuracy": 0.5524999797344208, "mean_loss": 2.624122414932251, "neg_mean_accuracy": -0.6017999649047852, "set_state_time_mean": NaN, "set_state_time_total": 0.0, "setup_model_time_mean": NaN, "setup_model_time_total": 0.0, "setup_proc_time_mean": NaN, "setup_proc_time_total": 0.0, "train_accuracy": 0.569379985332489, "train_loss": 1.25987926322937, "training_time_mean": NaN, "training_time_total": 0.0, "val_accuracy": 0.6017999649047852, "val_loss": 2.202340104961395, "validation_time_mean": NaN, "validation_time_total": 0.0, "samples": 60000, "num_workers": 1, "done": false, "timesteps_total": null, "episodes_total": null, "training_iteration": 12, "neg_mean_loss": -2.624122414932251, "experiment_id": "739128d2a7be4a4db3fdee1735f4ec4e", "date": "2019-06-03_04-00-34", "timestamp": 1559559634, "time_this_iter_s": 40.623831272125244, "time_total_s": 492.93533205986023, "pid": 727, "hostname": "steropes", "node_ip": "169.229.49.254", "config": {"starting_lr": 0.01, "momentum": 0.9, "weight_decay": 0.0005, "steps_per_iteration": null, "pin": false, "model_creator": null, "target_batch_size": 128, "model_string": "resnet50", "min_batch_size": 128, "dataset": "CIFAR", "placement": null, "use_nccl": true, "devices_per_worker": 1, "primary_resource": "extra_gpu", "gpu": false, "verbose": false, "lr_config": {"mode": "log", "steps": 5, "initial_lr": 0.01, "target_lr": 0.01}, "batch_per_device": 128}, "time_since_restore": 492.93533205986023, "timesteps_since_restore": 0, "iterations_since_restore": 12, "mean_throughput": 1476.755195444313, "atoms": 1, "setup_time": 9.23278021812439}
{"apply": 0.018218612670898436, "batch_time": 0.0320790236509299, "d2h": 0.0007253170013427734, "data_time": 0.001861294212243746, "fwd": 0.028890538215637206, "get_state_time_mean": NaN, "get_state_time_total": 0.0, "grad": 0.04843182563781738, "mean_accuracy": 0.563459974527359, "mean_loss": 2.574422435302735, "neg_mean_accuracy": -0.6078999638557434, "set_state_time_mean": NaN, "set_state_time_total": 0.0, "setup_model_time_mean": NaN, "setup_model_time_total": 0.0, "setup_proc_time_mean": NaN, "setup_proc_time_total": 0.0, "train_accuracy": 0.5893799662590027, "train_loss": 1.1927419829177857, "training_time_mean": NaN, "training_time_total": 0.0, "val_accuracy": 0.6078999638557434, "val_loss": 1.2667654644012452, "validation_time_mean": NaN, "validation_time_total": 0.0, "samples": 60000, "num_workers": 1, "done": false, "timesteps_total": null, "episodes_total": null, "training_iteration": 13, "neg_mean_loss": -2.574422435302735, "experiment_id": "739128d2a7be4a4db3fdee1735f4ec4e", "date": "2019-06-03_04-01-15", "timestamp": 1559559675, "time_this_iter_s": 40.68281817436218, "time_total_s": 533.6181502342224, "pid": 727, "hostname": "steropes", "node_ip": "169.229.49.254", "config": {"starting_lr": 0.01, "momentum": 0.9, "weight_decay": 0.0005, "steps_per_iteration": null, "pin": false, "model_creator": null, "target_batch_size": 128, "model_string": "resnet50", "min_batch_size": 128, "dataset": "CIFAR", "placement": null, "use_nccl": true, "devices_per_worker": 1, "primary_resource": "extra_gpu", "gpu": false, "verbose": false, "lr_config": {"mode": "log", "steps": 5, "initial_lr": 0.01, "target_lr": 0.01}, "batch_per_device": 128}, "time_since_restore": 533.6181502342224, "timesteps_since_restore": 0, "iterations_since_restore": 13, "mean_throughput": 1476.1748222358913, "atoms": 1, "setup_time": 9.23278021812439}
{"apply": 0.017255473136901855, "batch_time": 0.032448530197143555, "d2h": 0.0006662845611572265, "data_time": 0.0018361736746395334, "fwd": 0.028083086013793945, "get_state_time_mean": NaN, "get_state_time_total": 0.0, "grad": 0.04915087223052979, "mean_accuracy": 0.5911799669265747, "mean_loss": 1.8016133365631102, "neg_mean_accuracy": -0.6171999573707581, "set_state_time_mean": NaN, "set_state_time_total": 0.0, "setup_model_time_mean": NaN, "setup_model_time_total": 0.0, "setup_proc_time_mean": NaN, "setup_proc_time_total": 0.0, "train_accuracy": 0.5909000039100647, "train_loss": 1.1844749811553954, "training_time_mean": NaN, "training_time_total": 0.0, "val_accuracy": 0.6171999573707581, "val_loss": 1.4950487369537353, "validation_time_mean": NaN, "validation_time_total": 0.0, "samples": 60000, "num_workers": 1, "done": false, "timesteps_total": null, "episodes_total": null, "training_iteration": 14, "neg_mean_loss": -1.8016133365631102, "experiment_id": "739128d2a7be4a4db3fdee1735f4ec4e", "date": "2019-06-03_04-01-55", "timestamp": 1559559715, "time_this_iter_s": 40.66758489608765, "time_total_s": 574.2857351303101, "pid": 727, "hostname": "steropes", "node_ip": "169.229.49.254", "config": {"starting_lr": 0.01, "momentum": 0.9, "weight_decay": 0.0005, "steps_per_iteration": null, "pin": false, "model_creator": null, "target_batch_size": 128, "model_string": "resnet50", "min_batch_size": 128, "dataset": "CIFAR", "placement": null, "use_nccl": true, "devices_per_worker": 1, "primary_resource": "extra_gpu", "gpu": false, "verbose": false, "lr_config": {"mode": "log", "steps": 5, "initial_lr": 0.01, "target_lr": 0.01}, "batch_per_device": 128}, "time_since_restore": 574.2857351303101, "timesteps_since_restore": 0, "iterations_since_restore": 14, "mean_throughput": 1475.9009061307897, "atoms": 1, "setup_time": 9.23278021812439}
{"apply": 0.017255234718322753, "batch_time": 0.03244652929185312, "d2h": 0.0006745100021362304, "data_time": 0.0018365151437042314, "fwd": 0.027776646614074706, "get_state_time_mean": NaN, "get_state_time_total": 0.0, "grad": 0.048348736763000486, "mean_accuracy": 0.5983999729156494, "mean_loss": 1.5276641167259215, "neg_mean_accuracy": -0.5981000065803528, "set_state_time_mean": NaN, "set_state_time_total": 0.0, "setup_model_time_mean": NaN, "setup_model_time_total": 0.0, "setup_proc_time_mean": NaN, "setup_proc_time_total": 0.0, "train_accuracy": 0.5939800143241882, "train_loss": 1.1707575591278077, "training_time_mean": NaN, "training_time_total": 0.0, "val_accuracy": 0.5981000065803528, "val_loss": 1.3961377467155456, "validation_time_mean": NaN, "validation_time_total": 0.0, "samples": 60000, "num_workers": 1, "done": false, "timesteps_total": null, "episodes_total": null, "training_iteration": 15, "neg_mean_loss": -1.5276641167259215, "experiment_id": "739128d2a7be4a4db3fdee1735f4ec4e", "date": "2019-06-03_04-02-36", "timestamp": 1559559756, "time_this_iter_s": 40.60067653656006, "time_total_s": 614.8864116668701, "pid": 727, "hostname": "steropes", "node_ip": "169.229.49.254", "config": {"starting_lr": 0.01, "momentum": 0.9, "weight_decay": 0.0005, "steps_per_iteration": null, "pin": false, "model_creator": null, "target_batch_size": 128, "model_string": "resnet50", "min_batch_size": 128, "dataset": "CIFAR", "placement": null, "use_nccl": true, "devices_per_worker": 1, "primary_resource": "extra_gpu", "gpu": false, "verbose": false, "lr_config": {"mode": "log", "steps": 5, "initial_lr": 0.01, "target_lr": 0.01}, "batch_per_device": 128}, "time_since_restore": 614.8864116668701, "timesteps_since_restore": 0, "iterations_since_restore": 15, "mean_throughput": 1476.2653881196836, "atoms": 1, "setup_time": 9.23278021812439}
{"apply": 0.017335009574890137, "batch_time": 0.032201278058788446, "d2h": 0.0006774425506591797, "data_time": 0.0018464464055912575, "fwd": 0.027798771858215332, "get_state_time_mean": NaN, "get_state_time_total": 0.0, "grad": 0.0478778600692749, "mean_accuracy": 0.606339979171753, "mean_loss": 1.5294967237091064, "neg_mean_accuracy": -0.6067000031471252, "set_state_time_mean": NaN, "set_state_time_total": 0.0, "setup_model_time_mean": NaN, "setup_model_time_total": 0.0, "setup_proc_time_mean": NaN, "setup_proc_time_total": 0.0, "train_accuracy": 0.6157400012016296, "train_loss": 1.1143193138122558, "training_time_mean": NaN, "training_time_total": 0.0, "val_accuracy": 0.6067000031471252, "val_loss": 1.2871915655136108, "validation_time_mean": NaN, "validation_time_total": 0.0, "samples": 60000, "num_workers": 1, "done": false, "timesteps_total": null, "episodes_total": null, "training_iteration": 16, "neg_mean_loss": -1.5294967237091064, "experiment_id": "739128d2a7be4a4db3fdee1735f4ec4e", "date": "2019-06-03_04-03-16", "timestamp": 1559559796, "time_this_iter_s": 40.59628415107727, "time_total_s": 655.4826958179474, "pid": 727, "hostname": "steropes", "node_ip": "169.229.49.254", "config": {"starting_lr": 0.01, "momentum": 0.9, "weight_decay": 0.0005, "steps_per_iteration": null, "pin": false, "model_creator": null, "target_batch_size": 128, "model_string": "resnet50", "min_batch_size": 128, "dataset": "CIFAR", "placement": null, "use_nccl": true, "devices_per_worker": 1, "primary_resource": "extra_gpu", "gpu": false, "verbose": false, "lr_config": {"mode": "log", "steps": 5, "initial_lr": 0.01, "target_lr": 0.01}, "batch_per_device": 128}, "time_since_restore": 655.4826958179474, "timesteps_since_restore": 0, "iterations_since_restore": 16, "mean_throughput": 1476.583119019284, "atoms": 1, "setup_time": 9.23278021812439}
