apply,batch_time,d2h,data_time,fwd,get_state_time_mean,get_state_time_total,grad,mean_accuracy,mean_loss,neg_mean_accuracy,set_state_time_mean,set_state_time_total,setup_model_time_mean,setup_model_time_total,setup_proc_time_mean,setup_proc_time_total,train_accuracy,train_loss,training_time_mean,training_time_total,validation_time_mean,validation_time_total,samples,num_workers,done,timesteps_total,episodes_total,training_iteration,neg_mean_loss,experiment_id,date,timestamp,time_this_iter_s,time_total_s,pid,hostname,node_ip,config,time_since_restore,timesteps_since_restore,iterations_since_restore,mean_throughput,atoms,resource_time
0.00863347053527832,0.1896411657333374,0.005391240119934082,0.03647421817390286,0.09003500938415528,nan,0.0,0.1651937484741211,0.2970999777317047,2.2823469470977784,-0.2970999777317047,nan,0.0,18.535646677017212,18.535646677017212,1.7401442527770996,1.7401442527770996,0.289359986782074,2.327324720726013,nan,0.0,nan,0.0,60000,1,False,,,1,-2.2823469470977784,622148d8542945b2acdbcf710f5617a2,2019-05-30_14-56-45,1559253405,12.536152839660645,12.536152839660645,27554,steropes,169.229.49.254,"{'starting_lr': 0.01, 'momentum': 0.997, 'weight_decay': 0.001, 'steps_per_iteration': None, 'pin': False, 'model_creator': None, 'target_batch_size': 1024, 'model_string': 'resnet18', 'min_batch_size': 512, 'dataset': 'CIFAR', 'placement': None, 'use_nccl': True, 'devices_per_worker': 1, 'primary_resource': 'extra_gpu', 'gpu': False, 'verbose': False, 'lr_config': {'mode': 'log', 'steps': 5, 'initial_lr': 0.01, 'target_lr': 0.01}, 'batch_per_device': 1024}",12.536152839660645,0,1,4786.099454191424,1,12.536152839660645
0.009309887886047363,0.14373040199279785,0.0073294401168823246,0.04125619421199876,0.02746884822845459,nan,0.0,0.056888580322265625,0.41679999232292175,1.7271991487503051,-0.41679999232292175,nan,0.0,nan,0.0,nan,0.0,0.3961399793624878,1.6418919890975952,nan,0.0,nan,0.0,60000,1,False,,,2,-1.7271991487503051,622148d8542945b2acdbcf710f5617a2,2019-05-30_14-56-54,1559253414,8.943885326385498,21.480038166046143,27554,steropes,169.229.49.254,"{'starting_lr': 0.01, 'momentum': 0.997, 'weight_decay': 0.001, 'steps_per_iteration': None, 'pin': False, 'model_creator': None, 'target_batch_size': 1024, 'model_string': 'resnet18', 'min_batch_size': 512, 'dataset': 'CIFAR', 'placement': None, 'use_nccl': True, 'devices_per_worker': 1, 'primary_resource': 'extra_gpu', 'gpu': False, 'verbose': False, 'lr_config': {'mode': 'log', 'steps': 5, 'initial_lr': 0.01, 'target_lr': 0.01}, 'batch_per_device': 1024}",21.480038166046143,0,2,5586.522476875296,1,21.480038166046143
0.012322282791137696,0.13263895511627197,0.004910802841186524,0.039915070241811325,0.031343817710876465,nan,0.0,0.06745479106903077,0.4487999975681305,1.7403198942184448,-0.4487999975681305,nan,0.0,nan,0.0,nan,0.0,0.43615999817848206,1.54542990524292,nan,0.0,nan,0.0,60000,1,False,,,3,-1.7403198942184448,622148d8542945b2acdbcf710f5617a2,2019-05-30_14-57-03,1559253423,8.923303127288818,30.40334129333496,27554,steropes,169.229.49.254,"{'starting_lr': 0.01, 'momentum': 0.997, 'weight_decay': 0.001, 'steps_per_iteration': None, 'pin': False, 'model_creator': None, 'target_batch_size': 1024, 'model_string': 'resnet18', 'min_batch_size': 512, 'dataset': 'CIFAR', 'placement': None, 'use_nccl': True, 'devices_per_worker': 1, 'primary_resource': 'extra_gpu', 'gpu': False, 'verbose': False, 'lr_config': {'mode': 'log', 'steps': 5, 'initial_lr': 0.01, 'target_lr': 0.01}, 'batch_per_device': 1024}",30.40334129333496,0,3,5920.341699375166,1,30.40334129333496
0.008583712577819824,0.14138398170471192,0.006714415550231933,0.04017059657038474,0.029990887641906737,nan,0.0,0.06576638221740723,0.4770999848842621,1.4664203006744385,-0.4770999848842621,nan,0.0,nan,0.0,nan,0.0,0.46140000224113464,1.5061893975067138,nan,0.0,nan,0.0,60000,1,False,,,4,-1.4664203006744385,622148d8542945b2acdbcf710f5617a2,2019-05-30_14-57-12,1559253432,8.987632751464844,39.390974044799805,27554,steropes,169.229.49.254,"{'starting_lr': 0.01, 'momentum': 0.997, 'weight_decay': 0.001, 'steps_per_iteration': None, 'pin': False, 'model_creator': None, 'target_batch_size': 1024, 'model_string': 'resnet18', 'min_batch_size': 512, 'dataset': 'CIFAR', 'placement': None, 'use_nccl': True, 'devices_per_worker': 1, 'primary_resource': 'extra_gpu', 'gpu': False, 'verbose': False, 'lr_config': {'mode': 'log', 'steps': 5, 'initial_lr': 0.01, 'target_lr': 0.01}, 'batch_per_device': 1024}",39.390974044799805,0,4,6092.70654335802,1,39.390974044799805
0.010172224044799805,0.13940060138702393,0.0050400495529174805,0.04293682137314154,0.03496103286743164,nan,0.0,0.0611039400100708,0.5181999802589417,1.3727458225250244,-0.5181999802589417,nan,0.0,nan,0.0,nan,0.0,0.48561999201774597,1.4193432931900025,nan,0.0,nan,0.0,60000,1,False,,,5,-1.3727458225250244,622148d8542945b2acdbcf710f5617a2,2019-05-30_14-57-21,1559253441,9.071849346160889,48.46282339096069,27554,steropes,169.229.49.254,"{'starting_lr': 0.01, 'momentum': 0.997, 'weight_decay': 0.001, 'steps_per_iteration': None, 'pin': False, 'model_creator': None, 'target_batch_size': 1024, 'model_string': 'resnet18', 'min_batch_size': 512, 'dataset': 'CIFAR', 'placement': None, 'use_nccl': True, 'devices_per_worker': 1, 'primary_resource': 'extra_gpu', 'gpu': False, 'verbose': False, 'lr_config': {'mode': 'log', 'steps': 5, 'initial_lr': 0.01, 'target_lr': 0.01}, 'batch_per_device': 1024}",48.46282339096069,0,5,6190.250663367013,1,48.46282339096069
0.00901799201965332,0.14697675704956054,0.005204010009765625,0.05955772983784578,0.03288600444793701,nan,0.0,0.0498929500579834,0.5340999960899353,1.303776721572876,-0.5340999960899353,nan,0.0,nan,0.0,nan,0.0,0.5105400085449219,1.3601935903167726,nan,0.0,nan,0.0,60000,1,False,,,6,-1.303776721572876,622148d8542945b2acdbcf710f5617a2,2019-05-30_14-57-30,1559253450,9.691267728805542,58.154091119766235,27554,steropes,169.229.49.254,"{'starting_lr': 0.01, 'momentum': 0.997, 'weight_decay': 0.001, 'steps_per_iteration': None, 'pin': False, 'model_creator': None, 'target_batch_size': 1024, 'model_string': 'resnet18', 'min_batch_size': 512, 'dataset': 'CIFAR', 'placement': None, 'use_nccl': True, 'devices_per_worker': 1, 'primary_resource': 'extra_gpu', 'gpu': False, 'verbose': False, 'lr_config': {'mode': 'log', 'steps': 5, 'initial_lr': 0.01, 'target_lr': 0.01}, 'batch_per_device': 1024}",58.154091119766235,0,6,6576.293452896338,1,58.154091119766235
0.010953998565673828,0.14298346042633056,0.008844828605651856,0.03587168576766034,0.032619476318359375,nan,0.0,0.05576677322387695,0.5582000017166138,1.2309971675872802,-0.5582000017166138,nan,0.0,nan,0.0,nan,0.0,0.5298199653625488,1.3057992800521852,nan,0.0,nan,0.0,60000,1,False,,,7,-1.2309971675872802,622148d8542945b2acdbcf710f5617a2,2019-05-30_14-57-39,1559253459,8.756072044372559,66.9101631641388,27554,steropes,169.229.49.254,"{'starting_lr': 0.01, 'momentum': 0.997, 'weight_decay': 0.001, 'steps_per_iteration': None, 'pin': False, 'model_creator': None, 'target_batch_size': 1024, 'model_string': 'resnet18', 'min_batch_size': 512, 'dataset': 'CIFAR', 'placement': None, 'use_nccl': True, 'devices_per_worker': 1, 'primary_resource': 'extra_gpu', 'gpu': False, 'verbose': False, 'lr_config': {'mode': 'log', 'steps': 5, 'initial_lr': 0.01, 'target_lr': 0.01}, 'batch_per_device': 1024}",66.9101631641388,0,7,6603.480455809909,1,66.9101631641388
0.009303927421569824,0.15130608081817626,0.006214523315429687,0.04380237812898597,0.027074217796325684,nan,0.0,0.06420938968658448,0.5561999678611755,1.2303120710372926,-0.5561999678611755,nan,0.0,nan,0.0,nan,0.0,0.5464400053024292,1.2551130269241333,nan,0.0,nan,0.0,60000,1,False,,,8,-1.2303120710372926,622148d8542945b2acdbcf710f5617a2,2019-05-30_14-57-48,1559253468,8.921704053878784,75.83186721801758,27554,steropes,169.229.49.254,"{'starting_lr': 0.01, 'momentum': 0.997, 'weight_decay': 0.001, 'steps_per_iteration': None, 'pin': False, 'model_creator': None, 'target_batch_size': 1024, 'model_string': 'resnet18', 'min_batch_size': 512, 'dataset': 'CIFAR', 'placement': None, 'use_nccl': True, 'devices_per_worker': 1, 'primary_resource': 'extra_gpu', 'gpu': False, 'verbose': False, 'lr_config': {'mode': 'log', 'steps': 5, 'initial_lr': 0.01, 'target_lr': 0.01}, 'batch_per_device': 1024}",75.83186721801758,0,8,6603.71216659319,1,75.83186721801758
0.008334803581237792,0.13867518901824952,0.008191466331481934,0.02790082717428402,0.0282545804977417,nan,0.0,0.059956479072570804,0.5702999830245972,1.2049779897689818,-0.5702999830245972,nan,0.0,nan,0.0,nan,0.0,0.5658999681472778,1.2106938494110107,nan,0.0,nan,0.0,60000,1,False,,,9,-1.2049779897689818,622148d8542945b2acdbcf710f5617a2,2019-05-30_14-57-56,1559253476,8.406391859054565,84.23825907707214,27554,steropes,169.229.49.254,"{'starting_lr': 0.01, 'momentum': 0.997, 'weight_decay': 0.001, 'steps_per_iteration': None, 'pin': False, 'model_creator': None, 'target_batch_size': 1024, 'model_string': 'resnet18', 'min_batch_size': 512, 'dataset': 'CIFAR', 'placement': None, 'use_nccl': True, 'devices_per_worker': 1, 'primary_resource': 'extra_gpu', 'gpu': False, 'verbose': False, 'lr_config': {'mode': 'log', 'steps': 5, 'initial_lr': 0.01, 'target_lr': 0.01}, 'batch_per_device': 1024}",84.23825907707214,0,9,6689.287280030064,1,84.23825907707214
0.008037090301513672,0.15796918869018556,0.006135416030883789,0.02722856463218222,0.02932918071746826,nan,0.0,0.06627280712127685,0.5676000118255615,1.2092457105636596,-0.5676000118255615,nan,0.0,nan,0.0,nan,0.0,0.5776000022888184,1.1707856993484498,nan,0.0,nan,0.0,60000,1,False,,,10,-1.2092457105636596,622148d8542945b2acdbcf710f5617a2,2019-05-30_14-58-05,1559253485,8.401270151138306,92.63952922821045,27554,steropes,169.229.49.254,"{'starting_lr': 0.01, 'momentum': 0.997, 'weight_decay': 0.001, 'steps_per_iteration': None, 'pin': False, 'model_creator': None, 'target_batch_size': 1024, 'model_string': 'resnet18', 'min_batch_size': 512, 'dataset': 'CIFAR', 'placement': None, 'use_nccl': True, 'devices_per_worker': 1, 'primary_resource': 'extra_gpu', 'gpu': False, 'verbose': False, 'lr_config': {'mode': 'log', 'steps': 5, 'initial_lr': 0.01, 'target_lr': 0.01}, 'batch_per_device': 1024}",92.63952922821045,0,10,6790.828357382872,1,92.63952922821045
0.00832381248474121,0.1256309986114502,0.006193637847900391,0.03459138772925552,0.03270070552825928,nan,0.0,0.05467219352722168,0.5909000039100647,1.161517101097107,-0.5909000039100647,nan,0.0,nan,0.0,nan,0.0,0.5874999761581421,1.1374012056350709,nan,0.0,nan,0.0,60000,1,True,,,11,-1.161517101097107,622148d8542945b2acdbcf710f5617a2,2019-05-30_14-58-13,1559253493,7.971994876861572,100.61152410507202,27554,steropes,169.229.49.254,"{'starting_lr': 0.01, 'momentum': 0.997, 'weight_decay': 0.001, 'steps_per_iteration': None, 'pin': False, 'model_creator': None, 'target_batch_size': 1024, 'model_string': 'resnet18', 'min_batch_size': 512, 'dataset': 'CIFAR', 'placement': None, 'use_nccl': True, 'devices_per_worker': 1, 'primary_resource': 'extra_gpu', 'gpu': False, 'verbose': False, 'lr_config': {'mode': 'log', 'steps': 5, 'initial_lr': 0.01, 'target_lr': 0.01}, 'batch_per_device': 1024}",100.61152410507202,0,11,7065.822445753022,1,100.61152410507202
