{"apply": 0.01897861957550049, "batch_time": 0.042185279387461985, "d2h": 0.0007583141326904297, "data_time": 0.001958454966240222, "fwd": 0.11897425651550293, "get_state_time_mean": NaN, "get_state_time_total": 0.0, "grad": 0.16435713768005372, "mean_accuracy": 0.1241999939084053, "mean_loss": 2.406025834274292, "neg_mean_accuracy": -0.1241999939084053, "set_state_time_mean": NaN, "set_state_time_total": 0.0, "setup_model_time_mean": 8.578429698944092, "setup_model_time_total": 8.578429698944092, "setup_proc_time_mean": 0.16266822814941406, "setup_proc_time_total": 0.16266822814941406, "train_accuracy": 0.11118000000715256, "train_loss": 2.730231046295166, "training_time_mean": NaN, "training_time_total": 0.0, "val_accuracy": 0.1241999939084053, "val_loss": 2.406025834274292, "validation_time_mean": NaN, "validation_time_total": 0.0, "samples": 60000, "num_workers": 1, "done": false, "timesteps_total": null, "episodes_total": null, "training_iteration": 1, "neg_mean_loss": -2.406025834274292, "experiment_id": "af88bde69e96414980f1a0118b73ccee", "date": "2019-06-03_04-28-28", "timestamp": 1559561308, "time_this_iter_s": 47.41161036491394, "time_total_s": 47.41161036491394, "pid": 7564, "hostname": "steropes", "node_ip": "169.229.49.254", "config": {"starting_lr": 0.0001, "momentum": 0.9, "weight_decay": 0.0005, "steps_per_iteration": null, "pin": false, "model_creator": null, "target_batch_size": 128, "model_string": "resnet50", "min_batch_size": 128, "dataset": "CIFAR", "placement": null, "use_nccl": true, "devices_per_worker": 1, "primary_resource": "extra_gpu", "gpu": false, "verbose": false, "lr_config": {"mode": "log", "steps": 5, "initial_lr": 0.0001, "target_lr": 0.0001}, "batch_per_device": 128}, "time_since_restore": 47.41161036491394, "timesteps_since_restore": 0, "iterations_since_restore": 1, "mean_throughput": 1265.5106026276812, "atoms": 1, "setup_time": 9.310821294784546}
{"apply": 0.01775667667388916, "batch_time": 0.03319621689711945, "d2h": 0.0007228612899780274, "data_time": 0.0019434931333107716, "fwd": 0.02943711280822754, "get_state_time_mean": NaN, "get_state_time_total": 0.0, "grad": 0.051156020164489745, "mean_accuracy": 0.1368499957025051, "mean_loss": 2.34657666721344, "neg_mean_accuracy": -0.14949999749660492, "set_state_time_mean": NaN, "set_state_time_total": 0.0, "setup_model_time_mean": NaN, "setup_model_time_total": 0.0, "setup_proc_time_mean": NaN, "setup_proc_time_total": 0.0, "train_accuracy": 0.13526000082492828, "train_loss": 2.35419460067749, "training_time_mean": NaN, "training_time_total": 0.0, "val_accuracy": 0.14949999749660492, "val_loss": 2.2871275001525877, "validation_time_mean": NaN, "validation_time_total": 0.0, "samples": 60000, "num_workers": 1, "done": false, "timesteps_total": null, "episodes_total": null, "training_iteration": 2, "neg_mean_loss": -2.34657666721344, "experiment_id": "af88bde69e96414980f1a0118b73ccee", "date": "2019-06-03_04-29-11", "timestamp": 1559561351, "time_this_iter_s": 42.743306159973145, "time_total_s": 90.15491652488708, "pid": 7564, "hostname": "steropes", "node_ip": "169.229.49.254", "config": {"starting_lr": 0.0001, "momentum": 0.9, "weight_decay": 0.0005, "steps_per_iteration": null, "pin": false, "model_creator": null, "target_batch_size": 128, "model_string": "resnet50", "min_batch_size": 128, "dataset": "CIFAR", "placement": null, "use_nccl": true, "devices_per_worker": 1, "primary_resource": "extra_gpu", "gpu": false, "verbose": false, "lr_config": {"mode": "log", "steps": 5, "initial_lr": 0.0001, "target_lr": 0.0001}, "batch_per_device": 128}, "time_since_restore": 90.15491652488708, "timesteps_since_restore": 0, "iterations_since_restore": 2, "mean_throughput": 1331.0398941960275, "atoms": 1, "setup_time": 9.310821294784546}
{"apply": 0.01721358299255371, "batch_time": 0.03239807297911825, "d2h": 0.0006522417068481445, "data_time": 0.0018564057167228835, "fwd": 0.02822263240814209, "get_state_time_mean": NaN, "get_state_time_total": 0.0, "grad": 0.04894342422485352, "mean_accuracy": 0.14989999681711197, "mean_loss": 2.311981159337362, "neg_mean_accuracy": -0.17599999904632568, "set_state_time_mean": NaN, "set_state_time_total": 0.0, "setup_model_time_mean": NaN, "setup_model_time_total": 0.0, "setup_proc_time_mean": NaN, "setup_proc_time_total": 0.0, "train_accuracy": 0.15415999293327332, "train_loss": 2.292491874847412, "training_time_mean": NaN, "training_time_total": 0.0, "val_accuracy": 0.17599999904632568, "val_loss": 2.242790143585205, "validation_time_mean": NaN, "validation_time_total": 0.0, "samples": 60000, "num_workers": 1, "done": true, "timesteps_total": null, "episodes_total": null, "training_iteration": 3, "neg_mean_loss": -2.311981159337362, "experiment_id": "af88bde69e96414980f1a0118b73ccee", "date": "2019-06-03_04-29-52", "timestamp": 1559561392, "time_this_iter_s": 41.16403293609619, "time_total_s": 131.31894946098328, "pid": 7564, "hostname": "steropes", "node_ip": "169.229.49.254", "config": {"starting_lr": 0.0001, "momentum": 0.9, "weight_decay": 0.0005, "steps_per_iteration": null, "pin": false, "model_creator": null, "target_batch_size": 128, "model_string": "resnet50", "min_batch_size": 128, "dataset": "CIFAR", "placement": null, "use_nccl": true, "devices_per_worker": 1, "primary_resource": "extra_gpu", "gpu": false, "verbose": false, "lr_config": {"mode": "log", "steps": 5, "initial_lr": 0.0001, "target_lr": 0.0001}, "batch_per_device": 128}, "time_since_restore": 131.31894946098328, "timesteps_since_restore": 0, "iterations_since_restore": 3, "mean_throughput": 1370.7054247601588, "atoms": 1, "setup_time": 9.310821294784546}
