{"apply": 0.016695594787597655, "batch_time": 0.04098697251911405, "d2h": 0.0006604433059692383, "data_time": 0.0019317642807045862, "fwd": 0.11845650672912597, "get_state_time_mean": NaN, "get_state_time_total": 0.0, "grad": 0.16489624977111816, "mean_accuracy": 0.1964999884366989, "mean_loss": 6.942482272338867, "neg_mean_accuracy": -0.1964999884366989, "set_state_time_mean": NaN, "set_state_time_total": 0.0, "setup_model_time_mean": 9.324629306793213, "setup_model_time_total": 9.324629306793213, "setup_proc_time_mean": 0.18829917907714844, "setup_proc_time_total": 0.18829917907714844, "train_accuracy": 0.16458000242710114, "train_loss": 4.454798206634521, "training_time_mean": NaN, "training_time_total": 0.0, "val_accuracy": 0.1964999884366989, "val_loss": 6.942482272338867, "validation_time_mean": NaN, "validation_time_total": 0.0, "samples": 60000, "num_workers": 1, "done": false, "timesteps_total": null, "episodes_total": null, "training_iteration": 1, "neg_mean_loss": -6.942482272338867, "experiment_id": "1fc80c563abc46ed9bb80b2676960205", "date": "2019-06-03_22-17-51", "timestamp": 1559625471, "time_this_iter_s": 45.37674570083618, "time_total_s": 45.37674570083618, "pid": 16884, "hostname": "steropes", "node_ip": "169.229.49.254", "config": {"starting_lr": 0.01, "momentum": 0.99, "weight_decay": 0.001, "steps_per_iteration": null, "pin": false, "model_creator": null, "target_batch_size": 128, "model_string": "resnet50", "min_batch_size": 128, "dataset": "CIFAR", "placement": null, "use_nccl": true, "devices_per_worker": 1, "primary_resource": "extra_gpu", "gpu": false, "verbose": false, "lr_config": {"mode": "log", "steps": 5, "initial_lr": 0.01, "target_lr": 0.01}, "batch_per_device": 128}, "time_since_restore": 45.37674570083618, "timesteps_since_restore": 0, "iterations_since_restore": 1, "mean_throughput": 1322.259822887927, "atoms": 1, "setup_time": 11.538111925125122}
{"apply": 0.01664555072784424, "batch_time": 0.0314808042743538, "d2h": 0.0006323575973510743, "data_time": 0.0017889045998263542, "fwd": 0.027866721153259277, "get_state_time_mean": NaN, "get_state_time_total": 0.0, "grad": 0.04786460399627686, "mean_accuracy": 0.253899984061718, "mean_loss": 4.413566162204742, "neg_mean_accuracy": -0.31129997968673706, "set_state_time_mean": NaN, "set_state_time_total": 0.0, "setup_model_time_mean": NaN, "setup_model_time_total": 0.0, "setup_proc_time_mean": NaN, "setup_proc_time_total": 0.0, "train_accuracy": 0.2473599910736084, "train_loss": 2.1243656704330443, "training_time_mean": NaN, "training_time_total": 0.0, "val_accuracy": 0.31129997968673706, "val_loss": 1.8846500520706178, "validation_time_mean": NaN, "validation_time_total": 0.0, "samples": 60000, "num_workers": 1, "done": false, "timesteps_total": null, "episodes_total": null, "training_iteration": 2, "neg_mean_loss": -4.413566162204742, "experiment_id": "1fc80c563abc46ed9bb80b2676960205", "date": "2019-06-03_22-18-31", "timestamp": 1559625511, "time_this_iter_s": 39.6815128326416, "time_total_s": 85.05825853347778, "pid": 16884, "hostname": "steropes", "node_ip": "169.229.49.254", "config": {"starting_lr": 0.01, "momentum": 0.99, "weight_decay": 0.001, "steps_per_iteration": null, "pin": false, "model_creator": null, "target_batch_size": 128, "model_string": "resnet50", "min_batch_size": 128, "dataset": "CIFAR", "placement": null, "use_nccl": true, "devices_per_worker": 1, "primary_resource": "extra_gpu", "gpu": false, "verbose": false, "lr_config": {"mode": "log", "steps": 5, "initial_lr": 0.01, "target_lr": 0.01}, "batch_per_device": 128}, "time_since_restore": 85.05825853347778, "timesteps_since_restore": 0, "iterations_since_restore": 2, "mean_throughput": 1410.7945536861268, "atoms": 1, "setup_time": 11.538111925125122}
{"apply": 0.016615128517150878, "batch_time": 0.031042796147020556, "d2h": 0.0006667375564575195, "data_time": 0.0017494344345443998, "fwd": 0.027465391159057616, "get_state_time_mean": NaN, "get_state_time_total": 0.0, "grad": 0.046279382705688474, "mean_accuracy": 0.2820666581392288, "mean_loss": 3.5381438109079997, "neg_mean_accuracy": -0.3384000062942505, "set_state_time_mean": NaN, "set_state_time_total": 0.0, "setup_model_time_mean": NaN, "setup_model_time_total": 0.0, "setup_proc_time_mean": NaN, "setup_proc_time_total": 0.0, "train_accuracy": 0.31926000118255615, "train_loss": 1.8363618500137329, "training_time_mean": NaN, "training_time_total": 0.0, "val_accuracy": 0.3384000062942505, "val_loss": 1.7872991083145142, "validation_time_mean": NaN, "validation_time_total": 0.0, "samples": 60000, "num_workers": 1, "done": false, "timesteps_total": null, "episodes_total": null, "training_iteration": 3, "neg_mean_loss": -3.5381438109079997, "experiment_id": "1fc80c563abc46ed9bb80b2676960205", "date": "2019-06-03_22-19-11", "timestamp": 1559625551, "time_this_iter_s": 39.610971450805664, "time_total_s": 124.66922998428345, "pid": 16884, "hostname": "steropes", "node_ip": "169.229.49.254", "config": {"starting_lr": 0.01, "momentum": 0.99, "weight_decay": 0.001, "steps_per_iteration": null, "pin": false, "model_creator": null, "target_batch_size": 128, "model_string": "resnet50", "min_batch_size": 128, "dataset": "CIFAR", "placement": null, "use_nccl": true, "devices_per_worker": 1, "primary_resource": "extra_gpu", "gpu": false, "verbose": false, "lr_config": {"mode": "log", "steps": 5, "initial_lr": 0.01, "target_lr": 0.01}, "batch_per_device": 128}, "time_since_restore": 124.66922998428345, "timesteps_since_restore": 0, "iterations_since_restore": 3, "mean_throughput": 1443.8173830142887, "atoms": 1, "setup_time": 11.538111925125122}
{"apply": 0.01649653911590576, "batch_time": 0.031147172179403184, "d2h": 0.0006553173065185547, "data_time": 0.0017504405487528847, "fwd": 0.027624750137329103, "get_state_time_mean": NaN, "get_state_time_total": 0.0, "grad": 0.04699409008026123, "mean_accuracy": 0.3156999908387661, "mean_loss": 3.048463320159912, "neg_mean_accuracy": -0.41659998893737793, "set_state_time_mean": NaN, "set_state_time_total": 0.0, "setup_model_time_mean": NaN, "setup_model_time_total": 0.0, "setup_proc_time_mean": NaN, "setup_proc_time_total": 0.0, "train_accuracy": 0.36098000407218933, "train_loss": 1.727233577041626, "training_time_mean": NaN, "training_time_total": 0.0, "val_accuracy": 0.41659998893737793, "val_loss": 1.5794218479156494, "validation_time_mean": NaN, "validation_time_total": 0.0, "samples": 60000, "num_workers": 1, "done": false, "timesteps_total": null, "episodes_total": null, "training_iteration": 4, "neg_mean_loss": -3.048463320159912, "experiment_id": "1fc80c563abc46ed9bb80b2676960205", "date": "2019-06-03_22-19-50", "timestamp": 1559625590, "time_this_iter_s": 39.55899143218994, "time_total_s": 164.2282214164734, "pid": 16884, "hostname": "steropes", "node_ip": "169.229.49.254", "config": {"starting_lr": 0.01, "momentum": 0.99, "weight_decay": 0.001, "steps_per_iteration": null, "pin": false, "model_creator": null, "target_batch_size": 128, "model_string": "resnet50", "min_batch_size": 128, "dataset": "CIFAR", "placement": null, "use_nccl": true, "devices_per_worker": 1, "primary_resource": "extra_gpu", "gpu": false, "verbose": false, "lr_config": {"mode": "log", "steps": 5, "initial_lr": 0.01, "target_lr": 0.01}, "batch_per_device": 128}, "time_since_restore": 164.2282214164734, "timesteps_since_restore": 0, "iterations_since_restore": 4, "mean_throughput": 1461.3777773365753, "atoms": 1, "setup_time": 11.538111925125122}
