{"apply": 0.017134976387023926, "batch_time": 0.041791245907167845, "d2h": 0.000678396224975586, "data_time": 0.0018455713911129691, "fwd": 0.11946413516998292, "get_state_time_mean": NaN, "get_state_time_total": 0.0, "grad": 0.16266067028045655, "mean_accuracy": 0.25679999589920044, "mean_loss": 2.5208620010375977, "neg_mean_accuracy": -0.25679999589920044, "set_state_time_mean": NaN, "set_state_time_total": 0.0, "setup_model_time_mean": 8.24396014213562, "setup_model_time_total": 8.24396014213562, "setup_proc_time_mean": 0.15065526962280273, "setup_proc_time_total": 0.15065526962280273, "train_accuracy": 0.16888000071048737, "train_loss": 2.5312815619659426, "training_time_mean": NaN, "training_time_total": 0.0, "val_accuracy": 0.25679999589920044, "val_loss": 2.5208620010375977, "validation_time_mean": NaN, "validation_time_total": 0.0, "samples": 60000, "num_workers": 1, "done": false, "timesteps_total": null, "episodes_total": null, "training_iteration": 1, "neg_mean_loss": -2.5208620010375977, "experiment_id": "37dfcc62fcb44da1b5ba38a5a3e988a3", "date": "2019-06-06_07-24-22", "timestamp": 1559831062, "time_this_iter_s": 45.36391520500183, "time_total_s": 45.36391520500183, "pid": 23611, "hostname": "steropes", "node_ip": "169.229.49.254", "config": {"starting_lr": 0.0001, "momentum": 0.997, "weight_decay": 0.0001, "steps_per_iteration": null, "pin": false, "model_creator": null, "target_batch_size": 128, "model_string": "resnet50", "min_batch_size": 128, "dataset": "CIFAR", "placement": null, "use_nccl": true, "devices_per_worker": 1, "primary_resource": "extra_gpu", "gpu": false, "verbose": false, "lr_config": {"mode": "log", "steps": 5, "initial_lr": 0.0001, "target_lr": 0.0001}, "batch_per_device": 128}, "time_since_restore": 45.36391520500183, "timesteps_since_restore": 0, "iterations_since_restore": 1, "mean_throughput": 1322.6347484699118, "atoms": 1, "setup_time": 8.784058094024658}
{"apply": 0.01685154438018799, "batch_time": 0.03178815298442599, "d2h": 0.0006621360778808593, "data_time": 0.0017411489315959804, "fwd": 0.027522063255310057, "get_state_time_mean": NaN, "get_state_time_total": 0.0, "grad": 0.04704906940460205, "mean_accuracy": 0.2824999988079071, "mean_loss": 2.258345970535278, "neg_mean_accuracy": -0.30820000171661377, "set_state_time_mean": NaN, "set_state_time_total": 0.0, "setup_model_time_mean": NaN, "setup_model_time_total": 0.0, "setup_proc_time_mean": NaN, "setup_proc_time_total": 0.0, "train_accuracy": 0.2744399905204773, "train_loss": 2.0724979750823973, "training_time_mean": NaN, "training_time_total": 0.0, "val_accuracy": 0.30820000171661377, "val_loss": 1.9958299400329589, "validation_time_mean": NaN, "validation_time_total": 0.0, "samples": 60000, "num_workers": 1, "done": true, "timesteps_total": null, "episodes_total": null, "training_iteration": 2, "neg_mean_loss": -2.258345970535278, "experiment_id": "37dfcc62fcb44da1b5ba38a5a3e988a3", "date": "2019-06-06_07-25-02", "timestamp": 1559831102, "time_this_iter_s": 40.04004740715027, "time_total_s": 85.4039626121521, "pid": 23611, "hostname": "steropes", "node_ip": "169.229.49.254", "config": {"starting_lr": 0.0001, "momentum": 0.997, "weight_decay": 0.0001, "steps_per_iteration": null, "pin": false, "model_creator": null, "target_batch_size": 128, "model_string": "resnet50", "min_batch_size": 128, "dataset": "CIFAR", "placement": null, "use_nccl": true, "devices_per_worker": 1, "primary_resource": "extra_gpu", "gpu": false, "verbose": false, "lr_config": {"mode": "log", "steps": 5, "initial_lr": 0.0001, "target_lr": 0.0001}, "batch_per_device": 128}, "time_since_restore": 85.4039626121521, "timesteps_since_restore": 0, "iterations_since_restore": 2, "mean_throughput": 1405.0843253163023, "atoms": 1, "setup_time": 8.784058094024658}
