apply,batch_time,d2h,data_time,fwd,get_state_time_mean,get_state_time_total,grad,mean_accuracy,mean_loss,neg_mean_accuracy,set_state_time_mean,set_state_time_total,setup_model_time_mean,setup_model_time_total,setup_proc_time_mean,setup_proc_time_total,train_accuracy,train_loss,training_time_mean,training_time_total,validation_time_mean,validation_time_total,samples,num_workers,done,timesteps_total,episodes_total,training_iteration,neg_mean_loss,experiment_id,date,timestamp,time_this_iter_s,time_total_s,pid,hostname,node_ip,config,time_since_restore,timesteps_since_restore,iterations_since_restore,mean_throughput,atoms
0.007678771018981933,0.18090949058532715,0.004578542709350586,0.028882956018253247,0.08310134410858154,nan,0.0,0.16691465377807618,0.24049998819828033,2.1053291564941405,-0.24049998819828033,nan,0.0,18.66115117073059,18.66115117073059,1.716850996017456,1.716850996017456,0.13845999538898468,4.28494324760437,nan,0.0,nan,0.0,60000,1,False,,,1,-2.1053291564941405,b8ebd753835d4250aeccb4cbed48e8c1,2019-05-30_14-25-39,1559251539,12.019508600234985,12.019508600234985,26975,steropes,169.229.49.254,"{'starting_lr': 0.0005, 'momentum': 0.95, 'weight_decay': 0.0005, 'steps_per_iteration': None, 'pin': False, 'model_creator': None, 'target_batch_size': 1024, 'model_string': 'resnet18', 'min_batch_size': 512, 'dataset': 'CIFAR', 'placement': None, 'use_nccl': True, 'devices_per_worker': 1, 'primary_resource': 'extra_gpu', 'gpu': False, 'verbose': False, 'lr_config': {'mode': 'log', 'steps': 5, 'initial_lr': 0.0005, 'target_lr': 0.0005}, 'batch_per_device': 1024}",12.019508600234985,0,1,4991.844309543324,1
0.007589411735534668,0.13416531085968017,0.005278229713439941,0.032992523543688715,0.030695772171020506,nan,0.0,0.06521289348602295,0.33550000190734863,1.7812405982971191,-0.33550000190734863,nan,0.0,nan,0.0,nan,0.0,0.291020005941391,1.947754632987976,nan,0.0,nan,0.0,60000,1,False,,,2,-1.7812405982971191,b8ebd753835d4250aeccb4cbed48e8c1,2019-05-30_14-25-48,1559251548,8.392182350158691,20.411690950393677,26975,steropes,169.229.49.254,"{'starting_lr': 0.0005, 'momentum': 0.95, 'weight_decay': 0.0005, 'steps_per_iteration': None, 'pin': False, 'model_creator': None, 'target_batch_size': 1024, 'model_string': 'resnet18', 'min_batch_size': 512, 'dataset': 'CIFAR', 'placement': None, 'use_nccl': True, 'devices_per_worker': 1, 'primary_resource': 'extra_gpu', 'gpu': False, 'verbose': False, 'lr_config': {'mode': 'log', 'steps': 5, 'initial_lr': 0.0005, 'target_lr': 0.0005}, 'batch_per_device': 1024}",20.411690950393677,0,2,5878.931178728689,1
0.007534623146057129,0.14481809139251708,0.005508136749267578,0.026696390035201092,0.03222367763519287,nan,0.0,0.06195733547210693,0.3771999776363373,1.681135636138916,-0.3771999776363373,nan,0.0,nan,0.0,nan,0.0,0.34755998849868774,1.7804825273132325,nan,0.0,nan,0.0,60000,1,False,,,3,-1.681135636138916,b8ebd753835d4250aeccb4cbed48e8c1,2019-05-30_14-25-56,1559251556,8.34522819519043,28.756919145584106,26975,steropes,169.229.49.254,"{'starting_lr': 0.0005, 'momentum': 0.95, 'weight_decay': 0.0005, 'steps_per_iteration': None, 'pin': False, 'model_creator': None, 'target_batch_size': 1024, 'model_string': 'resnet18', 'min_batch_size': 512, 'dataset': 'CIFAR', 'placement': None, 'use_nccl': True, 'devices_per_worker': 1, 'primary_resource': 'extra_gpu', 'gpu': False, 'verbose': False, 'lr_config': {'mode': 'log', 'steps': 5, 'initial_lr': 0.0005, 'target_lr': 0.0005}, 'batch_per_device': 1024}",28.756919145584106,0,3,6259.3052870366455,1
0.007007670402526855,0.14253087043762208,0.0063163042068481445,0.033996304687188596,0.030369997024536133,nan,0.0,0.06286478042602539,0.40779998898506165,1.6102342784881591,-0.40779998898506165,nan,0.0,nan,0.0,nan,0.0,0.3723199963569641,1.6982855997848512,nan,0.0,nan,0.0,60000,1,False,,,4,-1.6102342784881591,b8ebd753835d4250aeccb4cbed48e8c1,2019-05-30_14-26-04,1559251564,8.439322710037231,37.19624185562134,26975,steropes,169.229.49.254,"{'starting_lr': 0.0005, 'momentum': 0.95, 'weight_decay': 0.0005, 'steps_per_iteration': None, 'pin': False, 'model_creator': None, 'target_batch_size': 1024, 'model_string': 'resnet18', 'min_batch_size': 512, 'dataset': 'CIFAR', 'placement': None, 'use_nccl': True, 'devices_per_worker': 1, 'primary_resource': 'extra_gpu', 'gpu': False, 'verbose': False, 'lr_config': {'mode': 'log', 'steps': 5, 'initial_lr': 0.0005, 'target_lr': 0.0005}, 'batch_per_device': 1024}",37.19624185562134,0,4,6452.2045713122525,1
0.006951475143432617,0.13457741737365722,0.004637289047241211,0.04511626399293238,0.035768437385559085,nan,0.0,0.06263799667358398,0.4332999885082245,1.5401757556915283,-0.4332999885082245,nan,0.0,nan,0.0,nan,0.0,0.40397998690605164,1.6247976943588256,nan,0.0,nan,0.0,60000,1,False,,,5,-1.5401757556915283,b8ebd753835d4250aeccb4cbed48e8c1,2019-05-30_14-26-13,1559251573,8.726614952087402,45.92285680770874,26975,steropes,169.229.49.254,"{'starting_lr': 0.0005, 'momentum': 0.95, 'weight_decay': 0.0005, 'steps_per_iteration': None, 'pin': False, 'model_creator': None, 'target_batch_size': 1024, 'model_string': 'resnet18', 'min_batch_size': 512, 'dataset': 'CIFAR', 'placement': None, 'use_nccl': True, 'devices_per_worker': 1, 'primary_resource': 'extra_gpu', 'gpu': False, 'verbose': False, 'lr_config': {'mode': 'log', 'steps': 5, 'initial_lr': 0.0005, 'target_lr': 0.0005}, 'batch_per_device': 1024}",45.92285680770874,0,5,6532.633377079734,1
0.00725867748260498,0.13639583587646484,0.005842900276184082,0.03829212091406997,0.03603243827819824,nan,0.0,0.05815401077270508,0.45080000162124634,1.4974440950393677,-0.45080000162124634,nan,0.0,nan,0.0,nan,0.0,0.41811999678611755,1.5759705615615844,nan,0.0,nan,0.0,60000,1,False,,,6,-1.4974440950393677,b8ebd753835d4250aeccb4cbed48e8c1,2019-05-30_14-26-22,1559251582,8.905357122421265,54.828213930130005,26975,steropes,169.229.49.254,"{'starting_lr': 0.0005, 'momentum': 0.95, 'weight_decay': 0.0005, 'steps_per_iteration': None, 'pin': False, 'model_creator': None, 'target_batch_size': 1024, 'model_string': 'resnet18', 'min_batch_size': 512, 'dataset': 'CIFAR', 'placement': None, 'use_nccl': True, 'devices_per_worker': 1, 'primary_resource': 'extra_gpu', 'gpu': False, 'verbose': False, 'lr_config': {'mode': 'log', 'steps': 5, 'initial_lr': 0.0005, 'target_lr': 0.0005}, 'batch_per_device': 1024}",54.828213930130005,0,6,7007.842745916434,1
0.008627486228942872,0.16065218448638915,0.005916142463684082,0.035297773322280575,0.028800368309020996,nan,0.0,0.048866558074951175,0.46309998631477356,1.4639233280181885,-0.46309998631477356,nan,0.0,nan,0.0,nan,0.0,0.4327999949455261,1.5424625364303588,nan,0.0,nan,0.0,60000,1,False,,,7,-1.4639233280181885,b8ebd753835d4250aeccb4cbed48e8c1,2019-05-30_14-26-31,1559251591,8.662851333618164,63.49106526374817,26975,steropes,169.229.49.254,"{'starting_lr': 0.0005, 'momentum': 0.95, 'weight_decay': 0.0005, 'steps_per_iteration': None, 'pin': False, 'model_creator': None, 'target_batch_size': 1024, 'model_string': 'resnet18', 'min_batch_size': 512, 'dataset': 'CIFAR', 'placement': None, 'use_nccl': True, 'devices_per_worker': 1, 'primary_resource': 'extra_gpu', 'gpu': False, 'verbose': False, 'lr_config': {'mode': 'log', 'steps': 5, 'initial_lr': 0.0005, 'target_lr': 0.0005}, 'batch_per_device': 1024}",63.49106526374817,0,7,6963.813055836734,1
0.008182144165039063,0.1496814012527466,0.00641484260559082,0.040308986391339986,0.03379933834075928,nan,0.0,0.049356603622436525,0.47939997911453247,1.4452173252105713,-0.47939997911453247,nan,0.0,nan,0.0,nan,0.0,0.44609999656677246,1.5063807315444946,nan,0.0,nan,0.0,60000,1,False,,,8,-1.4452173252105713,b8ebd753835d4250aeccb4cbed48e8c1,2019-05-30_14-26-39,1559251599,8.760966062545776,72.25203132629395,26975,steropes,169.229.49.254,"{'starting_lr': 0.0005, 'momentum': 0.95, 'weight_decay': 0.0005, 'steps_per_iteration': None, 'pin': False, 'model_creator': None, 'target_batch_size': 1024, 'model_string': 'resnet18', 'min_batch_size': 512, 'dataset': 'CIFAR', 'placement': None, 'use_nccl': True, 'devices_per_worker': 1, 'primary_resource': 'extra_gpu', 'gpu': False, 'verbose': False, 'lr_config': {'mode': 'log', 'steps': 5, 'initial_lr': 0.0005, 'target_lr': 0.0005}, 'batch_per_device': 1024}",72.25203132629395,0,8,6897.252366051468,1
0.007044076919555664,0.1445178747177124,0.004678249359130859,0.041582170797854055,0.026770997047424316,nan,0.0,0.0533250093460083,0.48809999227523804,1.4090831565856934,-0.48809999227523804,nan,0.0,nan,0.0,nan,0.0,0.4571399986743927,1.476835917816162,nan,0.0,nan,0.0,60000,1,False,,,9,-1.4090831565856934,b8ebd753835d4250aeccb4cbed48e8c1,2019-05-30_14-26-48,1559251608,8.711549282073975,80.96358060836792,26975,steropes,169.229.49.254,"{'starting_lr': 0.0005, 'momentum': 0.95, 'weight_decay': 0.0005, 'steps_per_iteration': None, 'pin': False, 'model_creator': None, 'target_batch_size': 1024, 'model_string': 'resnet18', 'min_batch_size': 512, 'dataset': 'CIFAR', 'placement': None, 'use_nccl': True, 'devices_per_worker': 1, 'primary_resource': 'extra_gpu', 'gpu': False, 'verbose': False, 'lr_config': {'mode': 'log', 'steps': 5, 'initial_lr': 0.0005, 'target_lr': 0.0005}, 'batch_per_device': 1024}",80.96358060836792,0,9,6854.352643510192,1
0.00806722640991211,0.15622875690460206,0.005229806900024414,0.039888007300240655,0.030594873428344726,nan,0.0,0.05916686058044433,0.49779999256134033,1.382669077682495,-0.49779999256134033,nan,0.0,nan,0.0,nan,0.0,0.4707399904727936,1.4461186166381836,nan,0.0,nan,0.0,60000,1,False,,,10,-1.382669077682495,b8ebd753835d4250aeccb4cbed48e8c1,2019-05-30_14-26-57,1559251617,8.81460189819336,89.77818250656128,26975,steropes,169.229.49.254,"{'starting_lr': 0.0005, 'momentum': 0.95, 'weight_decay': 0.0005, 'steps_per_iteration': None, 'pin': False, 'model_creator': None, 'target_batch_size': 1024, 'model_string': 'resnet18', 'min_batch_size': 512, 'dataset': 'CIFAR', 'placement': None, 'use_nccl': True, 'devices_per_worker': 1, 'primary_resource': 'extra_gpu', 'gpu': False, 'verbose': False, 'lr_config': {'mode': 'log', 'steps': 5, 'initial_lr': 0.0005, 'target_lr': 0.0005}, 'batch_per_device': 1024}",89.77818250656128,0,10,6840.599563635956,1
0.006940698623657227,0.14071431159973144,0.004577088356018067,0.039999455821757415,0.0267209529876709,nan,0.0,0.04940431118011475,0.5091999769210815,1.3565314613342285,-0.5091999769210815,nan,0.0,nan,0.0,nan,0.0,0.4806399941444397,1.41998094329834,nan,0.0,nan,0.0,60000,1,False,,,11,-1.3565314613342285,b8ebd753835d4250aeccb4cbed48e8c1,2019-05-30_14-27-05,1559251625,8.323295593261719,98.101478099823,26975,steropes,169.229.49.254,"{'starting_lr': 0.0005, 'momentum': 0.95, 'weight_decay': 0.0005, 'steps_per_iteration': None, 'pin': False, 'model_creator': None, 'target_batch_size': 1024, 'model_string': 'resnet18', 'min_batch_size': 512, 'dataset': 'CIFAR', 'placement': None, 'use_nccl': True, 'devices_per_worker': 1, 'primary_resource': 'extra_gpu', 'gpu': False, 'verbose': False, 'lr_config': {'mode': 'log', 'steps': 5, 'initial_lr': 0.0005, 'target_lr': 0.0005}, 'batch_per_device': 1024}",98.101478099823,0,11,6932.619180961981,1
0.0072869062423706055,0.12334280014038086,0.0052018404006958004,0.04627328989457111,0.021282505989074708,nan,0.0,0.0438575029373169,0.5224999785423279,1.3297060161590577,-0.5224999785423279,nan,0.0,nan,0.0,nan,0.0,0.489579975605011,1.397775993347168,nan,0.0,nan,0.0,60000,1,True,,,12,-1.3297060161590577,b8ebd753835d4250aeccb4cbed48e8c1,2019-05-30_14-27-13,1559251633,7.610392093658447,105.71187019348145,26975,steropes,169.229.49.254,"{'starting_lr': 0.0005, 'momentum': 0.95, 'weight_decay': 0.0005, 'steps_per_iteration': None, 'pin': False, 'model_creator': None, 'target_batch_size': 1024, 'model_string': 'resnet18', 'min_batch_size': 512, 'dataset': 'CIFAR', 'placement': None, 'use_nccl': True, 'devices_per_worker': 1, 'primary_resource': 'extra_gpu', 'gpu': False, 'verbose': False, 'lr_config': {'mode': 'log', 'steps': 5, 'initial_lr': 0.0005, 'target_lr': 0.0005}, 'batch_per_device': 1024}",105.71187019348145,0,12,7105.431013162831,1
