apply,batch_time,d2h,data_time,fwd,get_state_time_mean,get_state_time_total,grad,mean_accuracy,mean_loss,neg_mean_accuracy,set_state_time_mean,set_state_time_total,setup_model_time_mean,setup_model_time_total,setup_proc_time_mean,setup_proc_time_total,train_accuracy,train_loss,training_time_mean,training_time_total,validation_time_mean,validation_time_total,samples,num_workers,done,timesteps_total,episodes_total,training_iteration,neg_mean_loss,experiment_id,date,timestamp,time_this_iter_s,time_total_s,pid,hostname,node_ip,config,time_since_restore,timesteps_since_restore,iterations_since_restore,mean_throughput,atoms,resource_time
0.007926678657531739,0.20038468837738038,0.004772186279296875,0.039741983219068876,0.08902313709259033,nan,0.0,0.20900824069976806,0.10049999505281448,2.4351681560516356,-0.10049999505281448,nan,0.0,9.63737964630127,9.63737964630127,1.7811219692230225,1.7811219692230225,0.09691999852657318,5.47559249458313,nan,0.0,nan,0.0,60000,1,False,,,1,-2.4351681560516356,57fe975df64345ae9d2b8ef17b5edbcc,2019-05-30_14-35-46,1559252146,12.320190191268921,12.320190191268921,13465,steropes,169.229.49.254,"{'starting_lr': 1.0, 'momentum': 0.9, 'weight_decay': 0.0001, 'steps_per_iteration': None, 'pin': False, 'model_creator': None, 'target_batch_size': 1024, 'model_string': 'resnet18', 'min_batch_size': 512, 'dataset': 'CIFAR', 'placement': None, 'use_nccl': True, 'devices_per_worker': 1, 'primary_resource': 'extra_gpu', 'gpu': False, 'verbose': False, 'lr_config': {'mode': 'log', 'steps': 5, 'initial_lr': 1.0, 'target_lr': 1.0}, 'batch_per_device': 1024}",12.320190191268921,0,1,4870.019252443527,1,12.320190191268921
0.00753488540649414,0.11790456771850585,0.005491328239440918,0.03758985169079839,0.021197700500488283,nan,0.0,0.04992949962615967,0.09999999403953552,2.3167856052398683,-0.09999999403953552,nan,0.0,nan,0.0,nan,0.0,0.1001800000667572,2.331699642715454,nan,0.0,nan,0.0,60000,1,False,,,2,-2.3167856052398683,57fe975df64345ae9d2b8ef17b5edbcc,2019-05-30_14-35-53,1559252153,7.466919660568237,19.787109851837158,13465,steropes,169.229.49.254,"{'starting_lr': 1.0, 'momentum': 0.9, 'weight_decay': 0.0001, 'steps_per_iteration': None, 'pin': False, 'model_creator': None, 'target_batch_size': 1024, 'model_string': 'resnet18', 'min_batch_size': 512, 'dataset': 'CIFAR', 'placement': None, 'use_nccl': True, 'devices_per_worker': 1, 'primary_resource': 'extra_gpu', 'gpu': False, 'verbose': False, 'lr_config': {'mode': 'log', 'steps': 5, 'initial_lr': 1.0, 'target_lr': 1.0}, 'batch_per_device': 1024}",19.787109851837158,0,2,6064.49960702534,1,19.787109851837158
0.00882127285003662,0.12459919452667237,0.0055054426193237305,0.04669866269948531,0.03190598487854004,nan,0.0,0.04954986572265625,0.09999999403953552,2.3143748847961425,-0.09999999403953552,nan,0.0,nan,0.0,nan,0.0,0.09875999391078949,2.3156420711517334,nan,0.0,nan,0.0,60000,1,False,,,3,-2.3143748847961425,57fe975df64345ae9d2b8ef17b5edbcc,2019-05-30_14-36-01,1559252161,8.165578603744507,27.952688455581665,13465,steropes,169.229.49.254,"{'starting_lr': 1.0, 'momentum': 0.9, 'weight_decay': 0.0001, 'steps_per_iteration': None, 'pin': False, 'model_creator': None, 'target_batch_size': 1024, 'model_string': 'resnet18', 'min_batch_size': 512, 'dataset': 'CIFAR', 'placement': None, 'use_nccl': True, 'devices_per_worker': 1, 'primary_resource': 'extra_gpu', 'gpu': False, 'verbose': False, 'lr_config': {'mode': 'log', 'steps': 5, 'initial_lr': 1.0, 'target_lr': 1.0}, 'batch_per_device': 1024}",27.952688455581665,0,3,6439.392400892364,1,27.952688455581665
0.008846616744995118,0.1258840560913086,0.0054395198822021484,0.05497355850375429,0.022983431816101074,nan,0.0,0.05416293144226074,0.09999999403953552,2.313771822357178,-0.09999999403953552,nan,0.0,nan,0.0,nan,0.0,0.10198000073432922,2.3144886753845215,nan,0.0,nan,0.0,60000,1,False,,,4,-2.313771822357178,57fe975df64345ae9d2b8ef17b5edbcc,2019-05-30_14-36-10,1559252170,8.498936414718628,36.45162487030029,13465,steropes,169.229.49.254,"{'starting_lr': 1.0, 'momentum': 0.9, 'weight_decay': 0.0001, 'steps_per_iteration': None, 'pin': False, 'model_creator': None, 'target_batch_size': 1024, 'model_string': 'resnet18', 'min_batch_size': 512, 'dataset': 'CIFAR', 'placement': None, 'use_nccl': True, 'devices_per_worker': 1, 'primary_resource': 'extra_gpu', 'gpu': False, 'verbose': False, 'lr_config': {'mode': 'log', 'steps': 5, 'initial_lr': 1.0, 'target_lr': 1.0}, 'batch_per_device': 1024}",36.45162487030029,0,4,6584.006278369787,1,36.45162487030029
0.007726931571960449,0.12519755363464355,0.0061547279357910155,0.054429127245533226,0.028259778022766115,nan,0.0,0.052420520782470705,0.09999999403953552,2.3133936096191405,-0.09999999403953552,nan,0.0,nan,0.0,nan,0.0,0.09829999506473541,2.3151970407867433,nan,0.0,nan,0.0,60000,1,False,,,5,-2.3133936096191405,57fe975df64345ae9d2b8ef17b5edbcc,2019-05-30_14-36-18,1559252178,8.595016241073608,45.0466411113739,13465,steropes,169.229.49.254,"{'starting_lr': 1.0, 'momentum': 0.9, 'weight_decay': 0.0001, 'steps_per_iteration': None, 'pin': False, 'model_creator': None, 'target_batch_size': 1024, 'model_string': 'resnet18', 'min_batch_size': 512, 'dataset': 'CIFAR', 'placement': None, 'use_nccl': True, 'devices_per_worker': 1, 'primary_resource': 'extra_gpu', 'gpu': False, 'verbose': False, 'lr_config': {'mode': 'log', 'steps': 5, 'initial_lr': 1.0, 'target_lr': 1.0}, 'batch_per_device': 1024}",45.0466411113739,0,5,6659.699875718429,1,45.0466411113739
0.008217239379882812,0.13353102207183837,0.0053452253341674805,0.053010799446884464,0.025166630744934082,nan,0.0,0.048251771926879884,0.09999999403953552,2.3137826393127443,-0.09999999403953552,nan,0.0,nan,0.0,nan,0.0,0.10137999802827835,2.314736866531372,nan,0.0,nan,0.0,60000,1,False,,,6,-2.3137826393127443,57fe975df64345ae9d2b8ef17b5edbcc,2019-05-30_14-36-27,1559252187,8.577928066253662,53.62456917762756,13465,steropes,169.229.49.254,"{'starting_lr': 1.0, 'momentum': 0.9, 'weight_decay': 0.0001, 'steps_per_iteration': None, 'pin': False, 'model_creator': None, 'target_batch_size': 1024, 'model_string': 'resnet18', 'min_batch_size': 512, 'dataset': 'CIFAR', 'placement': None, 'use_nccl': True, 'devices_per_worker': 1, 'primary_resource': 'extra_gpu', 'gpu': False, 'verbose': False, 'lr_config': {'mode': 'log', 'steps': 5, 'initial_lr': 1.0, 'target_lr': 1.0}, 'batch_per_device': 1024}",53.62456917762756,0,6,7263.076867983734,1,53.62456917762756
0.008748650550842285,0.1251495361328125,0.00550079345703125,0.04853336178526586,0.024136900901794434,nan,0.0,0.04837055206298828,0.09999999403953552,2.3138953590393068,-0.09999999403953552,nan,0.0,nan,0.0,nan,0.0,0.0993799939751625,2.3146401044464113,nan,0.0,nan,0.0,60000,1,False,,,7,-2.3138953590393068,57fe975df64345ae9d2b8ef17b5edbcc,2019-05-30_14-36-35,1559252195,8.50490951538086,62.12947869300842,13465,steropes,169.229.49.254,"{'starting_lr': 1.0, 'momentum': 0.9, 'weight_decay': 0.0001, 'steps_per_iteration': None, 'pin': False, 'model_creator': None, 'target_batch_size': 1024, 'model_string': 'resnet18', 'min_batch_size': 512, 'dataset': 'CIFAR', 'placement': None, 'use_nccl': True, 'devices_per_worker': 1, 'primary_resource': 'extra_gpu', 'gpu': False, 'verbose': False, 'lr_config': {'mode': 'log', 'steps': 5, 'initial_lr': 1.0, 'target_lr': 1.0}, 'batch_per_device': 1024}",62.12947869300842,0,7,7085.002254457516,1,62.12947869300842
0.011995720863342284,0.11710047721862793,0.010171747207641602,0.061093559070509305,0.029946041107177735,nan,0.0,0.05374343395233154,0.09999999403953552,2.313264197540283,-0.09999999403953552,nan,0.0,nan,0.0,nan,0.0,0.09641999751329422,2.3146447065734863,nan,0.0,nan,0.0,60000,1,False,,,8,-2.313264197540283,57fe975df64345ae9d2b8ef17b5edbcc,2019-05-30_14-36-44,1559252204,8.85226821899414,70.98174691200256,13465,steropes,169.229.49.254,"{'starting_lr': 1.0, 'momentum': 0.9, 'weight_decay': 0.0001, 'steps_per_iteration': None, 'pin': False, 'model_creator': None, 'target_batch_size': 1024, 'model_string': 'resnet18', 'min_batch_size': 512, 'dataset': 'CIFAR', 'placement': None, 'use_nccl': True, 'devices_per_worker': 1, 'primary_resource': 'extra_gpu', 'gpu': False, 'verbose': False, 'lr_config': {'mode': 'log', 'steps': 5, 'initial_lr': 1.0, 'target_lr': 1.0}, 'batch_per_device': 1024}",70.98174691200256,0,8,6971.934324484515,1,70.98174691200256
0.007626628875732422,0.1236886978149414,0.005653476715087891,0.055849644602561484,0.02455005645751953,nan,0.0,0.05202631950378418,0.09999999403953552,2.313576676940918,-0.09999999403953552,nan,0.0,nan,0.0,nan,0.0,0.10049999505281448,2.314652682495117,nan,0.0,nan,0.0,60000,1,False,,,9,-2.313576676940918,57fe975df64345ae9d2b8ef17b5edbcc,2019-05-30_14-36-53,1559252213,8.496022462844849,79.47776937484741,13465,steropes,169.229.49.254,"{'starting_lr': 1.0, 'momentum': 0.9, 'weight_decay': 0.0001, 'steps_per_iteration': None, 'pin': False, 'model_creator': None, 'target_batch_size': 1024, 'model_string': 'resnet18', 'min_batch_size': 512, 'dataset': 'CIFAR', 'placement': None, 'use_nccl': True, 'devices_per_worker': 1, 'primary_resource': 'extra_gpu', 'gpu': False, 'verbose': False, 'lr_config': {'mode': 'log', 'steps': 5, 'initial_lr': 1.0, 'target_lr': 1.0}, 'batch_per_device': 1024}",79.47776937484741,0,9,6972.406338547388,1,79.47776937484741
0.008262825012207032,0.13530378341674804,0.005807805061340332,0.05065043118535256,0.02993767261505127,nan,0.0,0.04492142200469971,0.09999999403953552,2.313182971572876,-0.09999999403953552,nan,0.0,nan,0.0,nan,0.0,0.09950000047683716,2.3136337185668947,nan,0.0,nan,0.0,60000,1,False,,,10,-2.313182971572876,57fe975df64345ae9d2b8ef17b5edbcc,2019-05-30_14-37-01,1559252221,8.588155031204224,88.06592440605164,13465,steropes,169.229.49.254,"{'starting_lr': 1.0, 'momentum': 0.9, 'weight_decay': 0.0001, 'steps_per_iteration': None, 'pin': False, 'model_creator': None, 'target_batch_size': 1024, 'model_string': 'resnet18', 'min_batch_size': 512, 'dataset': 'CIFAR', 'placement': None, 'use_nccl': True, 'devices_per_worker': 1, 'primary_resource': 'extra_gpu', 'gpu': False, 'verbose': False, 'lr_config': {'mode': 'log', 'steps': 5, 'initial_lr': 1.0, 'target_lr': 1.0}, 'batch_per_device': 1024}",88.06592440605164,0,10,6973.519096663648,1,88.06592440605164
0.008674311637878417,0.14750332832336427,0.00897388458251953,0.049656814458418866,0.02420778274536133,nan,0.0,0.04475204944610596,0.09999999403953552,2.3143247108459475,-0.09999999403953552,nan,0.0,nan,0.0,nan,0.0,0.09860000014305115,2.3137831419372556,nan,0.0,nan,0.0,60000,1,False,,,11,-2.3143247108459475,57fe975df64345ae9d2b8ef17b5edbcc,2019-05-30_14-37-10,1559252230,8.459479331970215,96.52540373802185,13465,steropes,169.229.49.254,"{'starting_lr': 1.0, 'momentum': 0.9, 'weight_decay': 0.0001, 'steps_per_iteration': None, 'pin': False, 'model_creator': None, 'target_batch_size': 1024, 'model_string': 'resnet18', 'min_batch_size': 512, 'dataset': 'CIFAR', 'placement': None, 'use_nccl': True, 'devices_per_worker': 1, 'primary_resource': 'extra_gpu', 'gpu': False, 'verbose': False, 'lr_config': {'mode': 'log', 'steps': 5, 'initial_lr': 1.0, 'target_lr': 1.0}, 'batch_per_device': 1024}",96.52540373802185,0,11,6992.773335294562,1,96.52540373802185
0.00860583782196045,0.12111546993255615,0.005089426040649414,0.051338794280071647,0.024402213096618653,nan,0.0,0.05040583610534668,0.09999999403953552,2.315108186721802,-0.09999999403953552,nan,0.0,nan,0.0,nan,0.0,0.09922000020742416,2.313698469238281,nan,0.0,nan,0.0,60000,1,True,,,12,-2.315108186721802,57fe975df64345ae9d2b8ef17b5edbcc,2019-05-30_14-37-18,1559252238,8.414646625518799,104.94005036354065,13465,steropes,169.229.49.254,"{'starting_lr': 1.0, 'momentum': 0.9, 'weight_decay': 0.0001, 'steps_per_iteration': None, 'pin': False, 'model_creator': None, 'target_batch_size': 1024, 'model_string': 'resnet18', 'min_batch_size': 512, 'dataset': 'CIFAR', 'placement': None, 'use_nccl': True, 'devices_per_worker': 1, 'primary_resource': 'extra_gpu', 'gpu': False, 'verbose': False, 'lr_config': {'mode': 'log', 'steps': 5, 'initial_lr': 1.0, 'target_lr': 1.0}, 'batch_per_device': 1024}",104.94005036354065,0,12,7007.543796452591,1,104.94005036354065
