{"apply": 0.007926678657531739, "batch_time": 0.20038468837738038, "d2h": 0.004772186279296875, "data_time": 0.039741983219068876, "fwd": 0.08902313709259033, "get_state_time_mean": NaN, "get_state_time_total": 0.0, "grad": 0.20900824069976806, "mean_accuracy": 0.10049999505281448, "mean_loss": 2.4351681560516356, "neg_mean_accuracy": -0.10049999505281448, "set_state_time_mean": NaN, "set_state_time_total": 0.0, "setup_model_time_mean": 9.63737964630127, "setup_model_time_total": 9.63737964630127, "setup_proc_time_mean": 1.7811219692230225, "setup_proc_time_total": 1.7811219692230225, "train_accuracy": 0.09691999852657318, "train_loss": 5.47559249458313, "training_time_mean": NaN, "training_time_total": 0.0, "validation_time_mean": NaN, "validation_time_total": 0.0, "samples": 60000, "num_workers": 1, "done": false, "timesteps_total": null, "episodes_total": null, "training_iteration": 1, "neg_mean_loss": -2.4351681560516356, "experiment_id": "57fe975df64345ae9d2b8ef17b5edbcc", "date": "2019-05-30_14-35-46", "timestamp": 1559252146, "time_this_iter_s": 12.320190191268921, "time_total_s": 12.320190191268921, "pid": 13465, "hostname": "steropes", "node_ip": "169.229.49.254", "config": {"starting_lr": 1.0, "momentum": 0.9, "weight_decay": 0.0001, "steps_per_iteration": null, "pin": false, "model_creator": null, "target_batch_size": 1024, "model_string": "resnet18", "min_batch_size": 512, "dataset": "CIFAR", "placement": null, "use_nccl": true, "devices_per_worker": 1, "primary_resource": "extra_gpu", "gpu": false, "verbose": false, "lr_config": {"mode": "log", "steps": 5, "initial_lr": 1.0, "target_lr": 1.0}, "batch_per_device": 1024}, "time_since_restore": 12.320190191268921, "timesteps_since_restore": 0, "iterations_since_restore": 1, "mean_throughput": 4870.019252443527, "atoms": 1, "resource_time": 12.320190191268921}
{"apply": 0.00753488540649414, "batch_time": 0.11790456771850585, "d2h": 0.005491328239440918, "data_time": 0.03758985169079839, "fwd": 0.021197700500488283, "get_state_time_mean": NaN, "get_state_time_total": 0.0, "grad": 0.04992949962615967, "mean_accuracy": 0.09999999403953552, "mean_loss": 2.3167856052398683, "neg_mean_accuracy": -0.09999999403953552, "set_state_time_mean": NaN, "set_state_time_total": 0.0, "setup_model_time_mean": NaN, "setup_model_time_total": 0.0, "setup_proc_time_mean": NaN, "setup_proc_time_total": 0.0, "train_accuracy": 0.1001800000667572, "train_loss": 2.331699642715454, "training_time_mean": NaN, "training_time_total": 0.0, "validation_time_mean": NaN, "validation_time_total": 0.0, "samples": 60000, "num_workers": 1, "done": false, "timesteps_total": null, "episodes_total": null, "training_iteration": 2, "neg_mean_loss": -2.3167856052398683, "experiment_id": "57fe975df64345ae9d2b8ef17b5edbcc", "date": "2019-05-30_14-35-53", "timestamp": 1559252153, "time_this_iter_s": 7.466919660568237, "time_total_s": 19.787109851837158, "pid": 13465, "hostname": "steropes", "node_ip": "169.229.49.254", "config": {"starting_lr": 1.0, "momentum": 0.9, "weight_decay": 0.0001, "steps_per_iteration": null, "pin": false, "model_creator": null, "target_batch_size": 1024, "model_string": "resnet18", "min_batch_size": 512, "dataset": "CIFAR", "placement": null, "use_nccl": true, "devices_per_worker": 1, "primary_resource": "extra_gpu", "gpu": false, "verbose": false, "lr_config": {"mode": "log", "steps": 5, "initial_lr": 1.0, "target_lr": 1.0}, "batch_per_device": 1024}, "time_since_restore": 19.787109851837158, "timesteps_since_restore": 0, "iterations_since_restore": 2, "mean_throughput": 6064.49960702534, "atoms": 1, "resource_time": 19.787109851837158}
{"apply": 0.00882127285003662, "batch_time": 0.12459919452667237, "d2h": 0.0055054426193237305, "data_time": 0.04669866269948531, "fwd": 0.03190598487854004, "get_state_time_mean": NaN, "get_state_time_total": 0.0, "grad": 0.04954986572265625, "mean_accuracy": 0.09999999403953552, "mean_loss": 2.3143748847961425, "neg_mean_accuracy": -0.09999999403953552, "set_state_time_mean": NaN, "set_state_time_total": 0.0, "setup_model_time_mean": NaN, "setup_model_time_total": 0.0, "setup_proc_time_mean": NaN, "setup_proc_time_total": 0.0, "train_accuracy": 0.09875999391078949, "train_loss": 2.3156420711517334, "training_time_mean": NaN, "training_time_total": 0.0, "validation_time_mean": NaN, "validation_time_total": 0.0, "samples": 60000, "num_workers": 1, "done": false, "timesteps_total": null, "episodes_total": null, "training_iteration": 3, "neg_mean_loss": -2.3143748847961425, "experiment_id": "57fe975df64345ae9d2b8ef17b5edbcc", "date": "2019-05-30_14-36-01", "timestamp": 1559252161, "time_this_iter_s": 8.165578603744507, "time_total_s": 27.952688455581665, "pid": 13465, "hostname": "steropes", "node_ip": "169.229.49.254", "config": {"starting_lr": 1.0, "momentum": 0.9, "weight_decay": 0.0001, "steps_per_iteration": null, "pin": false, "model_creator": null, "target_batch_size": 1024, "model_string": "resnet18", "min_batch_size": 512, "dataset": "CIFAR", "placement": null, "use_nccl": true, "devices_per_worker": 1, "primary_resource": "extra_gpu", "gpu": false, "verbose": false, "lr_config": {"mode": "log", "steps": 5, "initial_lr": 1.0, "target_lr": 1.0}, "batch_per_device": 1024}, "time_since_restore": 27.952688455581665, "timesteps_since_restore": 0, "iterations_since_restore": 3, "mean_throughput": 6439.392400892364, "atoms": 1, "resource_time": 27.952688455581665}
{"apply": 0.008846616744995118, "batch_time": 0.1258840560913086, "d2h": 0.0054395198822021484, "data_time": 0.05497355850375429, "fwd": 0.022983431816101074, "get_state_time_mean": NaN, "get_state_time_total": 0.0, "grad": 0.05416293144226074, "mean_accuracy": 0.09999999403953552, "mean_loss": 2.313771822357178, "neg_mean_accuracy": -0.09999999403953552, "set_state_time_mean": NaN, "set_state_time_total": 0.0, "setup_model_time_mean": NaN, "setup_model_time_total": 0.0, "setup_proc_time_mean": NaN, "setup_proc_time_total": 0.0, "train_accuracy": 0.10198000073432922, "train_loss": 2.3144886753845215, "training_time_mean": NaN, "training_time_total": 0.0, "validation_time_mean": NaN, "validation_time_total": 0.0, "samples": 60000, "num_workers": 1, "done": false, "timesteps_total": null, "episodes_total": null, "training_iteration": 4, "neg_mean_loss": -2.313771822357178, "experiment_id": "57fe975df64345ae9d2b8ef17b5edbcc", "date": "2019-05-30_14-36-10", "timestamp": 1559252170, "time_this_iter_s": 8.498936414718628, "time_total_s": 36.45162487030029, "pid": 13465, "hostname": "steropes", "node_ip": "169.229.49.254", "config": {"starting_lr": 1.0, "momentum": 0.9, "weight_decay": 0.0001, "steps_per_iteration": null, "pin": false, "model_creator": null, "target_batch_size": 1024, "model_string": "resnet18", "min_batch_size": 512, "dataset": "CIFAR", "placement": null, "use_nccl": true, "devices_per_worker": 1, "primary_resource": "extra_gpu", "gpu": false, "verbose": false, "lr_config": {"mode": "log", "steps": 5, "initial_lr": 1.0, "target_lr": 1.0}, "batch_per_device": 1024}, "time_since_restore": 36.45162487030029, "timesteps_since_restore": 0, "iterations_since_restore": 4, "mean_throughput": 6584.006278369787, "atoms": 1, "resource_time": 36.45162487030029}
{"apply": 0.007726931571960449, "batch_time": 0.12519755363464355, "d2h": 0.0061547279357910155, "data_time": 0.054429127245533226, "fwd": 0.028259778022766115, "get_state_time_mean": NaN, "get_state_time_total": 0.0, "grad": 0.052420520782470705, "mean_accuracy": 0.09999999403953552, "mean_loss": 2.3133936096191405, "neg_mean_accuracy": -0.09999999403953552, "set_state_time_mean": NaN, "set_state_time_total": 0.0, "setup_model_time_mean": NaN, "setup_model_time_total": 0.0, "setup_proc_time_mean": NaN, "setup_proc_time_total": 0.0, "train_accuracy": 0.09829999506473541, "train_loss": 2.3151970407867433, "training_time_mean": NaN, "training_time_total": 0.0, "validation_time_mean": NaN, "validation_time_total": 0.0, "samples": 60000, "num_workers": 1, "done": false, "timesteps_total": null, "episodes_total": null, "training_iteration": 5, "neg_mean_loss": -2.3133936096191405, "experiment_id": "57fe975df64345ae9d2b8ef17b5edbcc", "date": "2019-05-30_14-36-18", "timestamp": 1559252178, "time_this_iter_s": 8.595016241073608, "time_total_s": 45.0466411113739, "pid": 13465, "hostname": "steropes", "node_ip": "169.229.49.254", "config": {"starting_lr": 1.0, "momentum": 0.9, "weight_decay": 0.0001, "steps_per_iteration": null, "pin": false, "model_creator": null, "target_batch_size": 1024, "model_string": "resnet18", "min_batch_size": 512, "dataset": "CIFAR", "placement": null, "use_nccl": true, "devices_per_worker": 1, "primary_resource": "extra_gpu", "gpu": false, "verbose": false, "lr_config": {"mode": "log", "steps": 5, "initial_lr": 1.0, "target_lr": 1.0}, "batch_per_device": 1024}, "time_since_restore": 45.0466411113739, "timesteps_since_restore": 0, "iterations_since_restore": 5, "mean_throughput": 6659.699875718429, "atoms": 1, "resource_time": 45.0466411113739}
{"apply": 0.008217239379882812, "batch_time": 0.13353102207183837, "d2h": 0.0053452253341674805, "data_time": 0.053010799446884464, "fwd": 0.025166630744934082, "get_state_time_mean": NaN, "get_state_time_total": 0.0, "grad": 0.048251771926879884, "mean_accuracy": 0.09999999403953552, "mean_loss": 2.3137826393127443, "neg_mean_accuracy": -0.09999999403953552, "set_state_time_mean": NaN, "set_state_time_total": 0.0, "setup_model_time_mean": NaN, "setup_model_time_total": 0.0, "setup_proc_time_mean": NaN, "setup_proc_time_total": 0.0, "train_accuracy": 0.10137999802827835, "train_loss": 2.314736866531372, "training_time_mean": NaN, "training_time_total": 0.0, "validation_time_mean": NaN, "validation_time_total": 0.0, "samples": 60000, "num_workers": 1, "done": false, "timesteps_total": null, "episodes_total": null, "training_iteration": 6, "neg_mean_loss": -2.3137826393127443, "experiment_id": "57fe975df64345ae9d2b8ef17b5edbcc", "date": "2019-05-30_14-36-27", "timestamp": 1559252187, "time_this_iter_s": 8.577928066253662, "time_total_s": 53.62456917762756, "pid": 13465, "hostname": "steropes", "node_ip": "169.229.49.254", "config": {"starting_lr": 1.0, "momentum": 0.9, "weight_decay": 0.0001, "steps_per_iteration": null, "pin": false, "model_creator": null, "target_batch_size": 1024, "model_string": "resnet18", "min_batch_size": 512, "dataset": "CIFAR", "placement": null, "use_nccl": true, "devices_per_worker": 1, "primary_resource": "extra_gpu", "gpu": false, "verbose": false, "lr_config": {"mode": "log", "steps": 5, "initial_lr": 1.0, "target_lr": 1.0}, "batch_per_device": 1024}, "time_since_restore": 53.62456917762756, "timesteps_since_restore": 0, "iterations_since_restore": 6, "mean_throughput": 7263.076867983734, "atoms": 1, "resource_time": 53.62456917762756}
{"apply": 0.008748650550842285, "batch_time": 0.1251495361328125, "d2h": 0.00550079345703125, "data_time": 0.04853336178526586, "fwd": 0.024136900901794434, "get_state_time_mean": NaN, "get_state_time_total": 0.0, "grad": 0.04837055206298828, "mean_accuracy": 0.09999999403953552, "mean_loss": 2.3138953590393068, "neg_mean_accuracy": -0.09999999403953552, "set_state_time_mean": NaN, "set_state_time_total": 0.0, "setup_model_time_mean": NaN, "setup_model_time_total": 0.0, "setup_proc_time_mean": NaN, "setup_proc_time_total": 0.0, "train_accuracy": 0.0993799939751625, "train_loss": 2.3146401044464113, "training_time_mean": NaN, "training_time_total": 0.0, "validation_time_mean": NaN, "validation_time_total": 0.0, "samples": 60000, "num_workers": 1, "done": false, "timesteps_total": null, "episodes_total": null, "training_iteration": 7, "neg_mean_loss": -2.3138953590393068, "experiment_id": "57fe975df64345ae9d2b8ef17b5edbcc", "date": "2019-05-30_14-36-35", "timestamp": 1559252195, "time_this_iter_s": 8.50490951538086, "time_total_s": 62.12947869300842, "pid": 13465, "hostname": "steropes", "node_ip": "169.229.49.254", "config": {"starting_lr": 1.0, "momentum": 0.9, "weight_decay": 0.0001, "steps_per_iteration": null, "pin": false, "model_creator": null, "target_batch_size": 1024, "model_string": "resnet18", "min_batch_size": 512, "dataset": "CIFAR", "placement": null, "use_nccl": true, "devices_per_worker": 1, "primary_resource": "extra_gpu", "gpu": false, "verbose": false, "lr_config": {"mode": "log", "steps": 5, "initial_lr": 1.0, "target_lr": 1.0}, "batch_per_device": 1024}, "time_since_restore": 62.12947869300842, "timesteps_since_restore": 0, "iterations_since_restore": 7, "mean_throughput": 7085.002254457516, "atoms": 1, "resource_time": 62.12947869300842}
{"apply": 0.011995720863342284, "batch_time": 0.11710047721862793, "d2h": 0.010171747207641602, "data_time": 0.061093559070509305, "fwd": 0.029946041107177735, "get_state_time_mean": NaN, "get_state_time_total": 0.0, "grad": 0.05374343395233154, "mean_accuracy": 0.09999999403953552, "mean_loss": 2.313264197540283, "neg_mean_accuracy": -0.09999999403953552, "set_state_time_mean": NaN, "set_state_time_total": 0.0, "setup_model_time_mean": NaN, "setup_model_time_total": 0.0, "setup_proc_time_mean": NaN, "setup_proc_time_total": 0.0, "train_accuracy": 0.09641999751329422, "train_loss": 2.3146447065734863, "training_time_mean": NaN, "training_time_total": 0.0, "validation_time_mean": NaN, "validation_time_total": 0.0, "samples": 60000, "num_workers": 1, "done": false, "timesteps_total": null, "episodes_total": null, "training_iteration": 8, "neg_mean_loss": -2.313264197540283, "experiment_id": "57fe975df64345ae9d2b8ef17b5edbcc", "date": "2019-05-30_14-36-44", "timestamp": 1559252204, "time_this_iter_s": 8.85226821899414, "time_total_s": 70.98174691200256, "pid": 13465, "hostname": "steropes", "node_ip": "169.229.49.254", "config": {"starting_lr": 1.0, "momentum": 0.9, "weight_decay": 0.0001, "steps_per_iteration": null, "pin": false, "model_creator": null, "target_batch_size": 1024, "model_string": "resnet18", "min_batch_size": 512, "dataset": "CIFAR", "placement": null, "use_nccl": true, "devices_per_worker": 1, "primary_resource": "extra_gpu", "gpu": false, "verbose": false, "lr_config": {"mode": "log", "steps": 5, "initial_lr": 1.0, "target_lr": 1.0}, "batch_per_device": 1024}, "time_since_restore": 70.98174691200256, "timesteps_since_restore": 0, "iterations_since_restore": 8, "mean_throughput": 6971.934324484515, "atoms": 1, "resource_time": 70.98174691200256}
{"apply": 0.007626628875732422, "batch_time": 0.1236886978149414, "d2h": 0.005653476715087891, "data_time": 0.055849644602561484, "fwd": 0.02455005645751953, "get_state_time_mean": NaN, "get_state_time_total": 0.0, "grad": 0.05202631950378418, "mean_accuracy": 0.09999999403953552, "mean_loss": 2.313576676940918, "neg_mean_accuracy": -0.09999999403953552, "set_state_time_mean": NaN, "set_state_time_total": 0.0, "setup_model_time_mean": NaN, "setup_model_time_total": 0.0, "setup_proc_time_mean": NaN, "setup_proc_time_total": 0.0, "train_accuracy": 0.10049999505281448, "train_loss": 2.314652682495117, "training_time_mean": NaN, "training_time_total": 0.0, "validation_time_mean": NaN, "validation_time_total": 0.0, "samples": 60000, "num_workers": 1, "done": false, "timesteps_total": null, "episodes_total": null, "training_iteration": 9, "neg_mean_loss": -2.313576676940918, "experiment_id": "57fe975df64345ae9d2b8ef17b5edbcc", "date": "2019-05-30_14-36-53", "timestamp": 1559252213, "time_this_iter_s": 8.496022462844849, "time_total_s": 79.47776937484741, "pid": 13465, "hostname": "steropes", "node_ip": "169.229.49.254", "config": {"starting_lr": 1.0, "momentum": 0.9, "weight_decay": 0.0001, "steps_per_iteration": null, "pin": false, "model_creator": null, "target_batch_size": 1024, "model_string": "resnet18", "min_batch_size": 512, "dataset": "CIFAR", "placement": null, "use_nccl": true, "devices_per_worker": 1, "primary_resource": "extra_gpu", "gpu": false, "verbose": false, "lr_config": {"mode": "log", "steps": 5, "initial_lr": 1.0, "target_lr": 1.0}, "batch_per_device": 1024}, "time_since_restore": 79.47776937484741, "timesteps_since_restore": 0, "iterations_since_restore": 9, "mean_throughput": 6972.406338547388, "atoms": 1, "resource_time": 79.47776937484741}
{"apply": 0.008262825012207032, "batch_time": 0.13530378341674804, "d2h": 0.005807805061340332, "data_time": 0.05065043118535256, "fwd": 0.02993767261505127, "get_state_time_mean": NaN, "get_state_time_total": 0.0, "grad": 0.04492142200469971, "mean_accuracy": 0.09999999403953552, "mean_loss": 2.313182971572876, "neg_mean_accuracy": -0.09999999403953552, "set_state_time_mean": NaN, "set_state_time_total": 0.0, "setup_model_time_mean": NaN, "setup_model_time_total": 0.0, "setup_proc_time_mean": NaN, "setup_proc_time_total": 0.0, "train_accuracy": 0.09950000047683716, "train_loss": 2.3136337185668947, "training_time_mean": NaN, "training_time_total": 0.0, "validation_time_mean": NaN, "validation_time_total": 0.0, "samples": 60000, "num_workers": 1, "done": false, "timesteps_total": null, "episodes_total": null, "training_iteration": 10, "neg_mean_loss": -2.313182971572876, "experiment_id": "57fe975df64345ae9d2b8ef17b5edbcc", "date": "2019-05-30_14-37-01", "timestamp": 1559252221, "time_this_iter_s": 8.588155031204224, "time_total_s": 88.06592440605164, "pid": 13465, "hostname": "steropes", "node_ip": "169.229.49.254", "config": {"starting_lr": 1.0, "momentum": 0.9, "weight_decay": 0.0001, "steps_per_iteration": null, "pin": false, "model_creator": null, "target_batch_size": 1024, "model_string": "resnet18", "min_batch_size": 512, "dataset": "CIFAR", "placement": null, "use_nccl": true, "devices_per_worker": 1, "primary_resource": "extra_gpu", "gpu": false, "verbose": false, "lr_config": {"mode": "log", "steps": 5, "initial_lr": 1.0, "target_lr": 1.0}, "batch_per_device": 1024}, "time_since_restore": 88.06592440605164, "timesteps_since_restore": 0, "iterations_since_restore": 10, "mean_throughput": 6973.519096663648, "atoms": 1, "resource_time": 88.06592440605164}
{"apply": 0.008674311637878417, "batch_time": 0.14750332832336427, "d2h": 0.00897388458251953, "data_time": 0.049656814458418866, "fwd": 0.02420778274536133, "get_state_time_mean": NaN, "get_state_time_total": 0.0, "grad": 0.04475204944610596, "mean_accuracy": 0.09999999403953552, "mean_loss": 2.3143247108459475, "neg_mean_accuracy": -0.09999999403953552, "set_state_time_mean": NaN, "set_state_time_total": 0.0, "setup_model_time_mean": NaN, "setup_model_time_total": 0.0, "setup_proc_time_mean": NaN, "setup_proc_time_total": 0.0, "train_accuracy": 0.09860000014305115, "train_loss": 2.3137831419372556, "training_time_mean": NaN, "training_time_total": 0.0, "validation_time_mean": NaN, "validation_time_total": 0.0, "samples": 60000, "num_workers": 1, "done": false, "timesteps_total": null, "episodes_total": null, "training_iteration": 11, "neg_mean_loss": -2.3143247108459475, "experiment_id": "57fe975df64345ae9d2b8ef17b5edbcc", "date": "2019-05-30_14-37-10", "timestamp": 1559252230, "time_this_iter_s": 8.459479331970215, "time_total_s": 96.52540373802185, "pid": 13465, "hostname": "steropes", "node_ip": "169.229.49.254", "config": {"starting_lr": 1.0, "momentum": 0.9, "weight_decay": 0.0001, "steps_per_iteration": null, "pin": false, "model_creator": null, "target_batch_size": 1024, "model_string": "resnet18", "min_batch_size": 512, "dataset": "CIFAR", "placement": null, "use_nccl": true, "devices_per_worker": 1, "primary_resource": "extra_gpu", "gpu": false, "verbose": false, "lr_config": {"mode": "log", "steps": 5, "initial_lr": 1.0, "target_lr": 1.0}, "batch_per_device": 1024}, "time_since_restore": 96.52540373802185, "timesteps_since_restore": 0, "iterations_since_restore": 11, "mean_throughput": 6992.773335294562, "atoms": 1, "resource_time": 96.52540373802185}
{"apply": 0.00860583782196045, "batch_time": 0.12111546993255615, "d2h": 0.005089426040649414, "data_time": 0.051338794280071647, "fwd": 0.024402213096618653, "get_state_time_mean": NaN, "get_state_time_total": 0.0, "grad": 0.05040583610534668, "mean_accuracy": 0.09999999403953552, "mean_loss": 2.315108186721802, "neg_mean_accuracy": -0.09999999403953552, "set_state_time_mean": NaN, "set_state_time_total": 0.0, "setup_model_time_mean": NaN, "setup_model_time_total": 0.0, "setup_proc_time_mean": NaN, "setup_proc_time_total": 0.0, "train_accuracy": 0.09922000020742416, "train_loss": 2.313698469238281, "training_time_mean": NaN, "training_time_total": 0.0, "validation_time_mean": NaN, "validation_time_total": 0.0, "samples": 60000, "num_workers": 1, "done": true, "timesteps_total": null, "episodes_total": null, "training_iteration": 12, "neg_mean_loss": -2.315108186721802, "experiment_id": "57fe975df64345ae9d2b8ef17b5edbcc", "date": "2019-05-30_14-37-18", "timestamp": 1559252238, "time_this_iter_s": 8.414646625518799, "time_total_s": 104.94005036354065, "pid": 13465, "hostname": "steropes", "node_ip": "169.229.49.254", "config": {"starting_lr": 1.0, "momentum": 0.9, "weight_decay": 0.0001, "steps_per_iteration": null, "pin": false, "model_creator": null, "target_batch_size": 1024, "model_string": "resnet18", "min_batch_size": 512, "dataset": "CIFAR", "placement": null, "use_nccl": true, "devices_per_worker": 1, "primary_resource": "extra_gpu", "gpu": false, "verbose": false, "lr_config": {"mode": "log", "steps": 5, "initial_lr": 1.0, "target_lr": 1.0}, "batch_per_device": 1024}, "time_since_restore": 104.94005036354065, "timesteps_since_restore": 0, "iterations_since_restore": 12, "mean_throughput": 7007.543796452591, "atoms": 1, "resource_time": 104.94005036354065}
