{"apply": 0.018506169319152832, "batch_time": 0.04195525676389284, "d2h": 0.0007685422897338867, "data_time": 0.0019505097128241263, "fwd": 0.15028915405273438, "get_state_time_mean": NaN, "get_state_time_total": 0.0, "grad": 0.16612710952758789, "mean_accuracy": 0.15969999134540558, "mean_loss": 2.1992728996276854, "neg_mean_accuracy": -0.15969999134540558, "set_state_time_mean": NaN, "set_state_time_total": 0.0, "setup_model_time_mean": 9.271234035491943, "setup_model_time_total": 9.271234035491943, "setup_proc_time_mean": 0.4481947422027588, "setup_proc_time_total": 0.4481947422027588, "train_accuracy": 0.11521999537944794, "train_loss": 8.297994650497436, "training_time_mean": NaN, "training_time_total": 0.0, "val_accuracy": 0.15969999134540558, "val_loss": 2.1992728996276854, "validation_time_mean": NaN, "validation_time_total": 0.0, "samples": 60000, "num_workers": 1, "done": false, "timesteps_total": null, "episodes_total": null, "training_iteration": 1, "neg_mean_loss": -2.1992728996276854, "experiment_id": "b13d4ac147c642079938f1af15778650", "date": "2019-06-06_02-20-12", "timestamp": 1559812812, "time_this_iter_s": 47.15703320503235, "time_total_s": 47.15703320503235, "pid": 15375, "hostname": "steropes", "node_ip": "169.229.49.254", "config": {"starting_lr": 1.0, "momentum": 0.9, "weight_decay": 0.0005, "steps_per_iteration": null, "pin": false, "model_creator": null, "target_batch_size": 128, "model_string": "resnet50", "min_batch_size": 128, "dataset": "CIFAR", "placement": null, "use_nccl": true, "devices_per_worker": 1, "primary_resource": "extra_gpu", "gpu": false, "verbose": false, "lr_config": {"mode": "log", "steps": 5, "initial_lr": 1.0, "target_lr": 1.0}, "batch_per_device": 128}, "time_since_restore": 47.15703320503235, "timesteps_since_restore": 0, "iterations_since_restore": 1, "mean_throughput": 1272.33340946018, "atoms": 1, "setup_time": 9.819973707199097}
{"apply": 0.017811799049377443, "batch_time": 0.03232401835767529, "d2h": 0.0007963180541992188, "data_time": 0.001831160786816531, "fwd": 0.02793440818786621, "get_state_time_mean": NaN, "get_state_time_total": 0.0, "grad": 0.04843668937683106, "mean_accuracy": 0.18344999104738235, "mean_loss": 2.162480171394348, "neg_mean_accuracy": -0.20719999074935913, "set_state_time_mean": NaN, "set_state_time_total": 0.0, "setup_model_time_mean": NaN, "setup_model_time_total": 0.0, "setup_proc_time_mean": NaN, "setup_proc_time_total": 0.0, "train_accuracy": 0.20093999803066254, "train_loss": 2.1360429793930056, "training_time_mean": NaN, "training_time_total": 0.0, "val_accuracy": 0.20719999074935913, "val_loss": 2.1256874431610107, "validation_time_mean": NaN, "validation_time_total": 0.0, "samples": 60000, "num_workers": 1, "done": false, "timesteps_total": null, "episodes_total": null, "training_iteration": 2, "neg_mean_loss": -2.162480171394348, "experiment_id": "b13d4ac147c642079938f1af15778650", "date": "2019-06-06_02-20-53", "timestamp": 1559812853, "time_this_iter_s": 41.53143906593323, "time_total_s": 88.68847227096558, "pid": 15375, "hostname": "steropes", "node_ip": "169.229.49.254", "config": {"starting_lr": 1.0, "momentum": 0.9, "weight_decay": 0.0005, "steps_per_iteration": null, "pin": false, "model_creator": null, "target_batch_size": 128, "model_string": "resnet50", "min_batch_size": 128, "dataset": "CIFAR", "placement": null, "use_nccl": true, "devices_per_worker": 1, "primary_resource": "extra_gpu", "gpu": false, "verbose": false, "lr_config": {"mode": "log", "steps": 5, "initial_lr": 1.0, "target_lr": 1.0}, "batch_per_device": 128}, "time_since_restore": 88.68847227096558, "timesteps_since_restore": 0, "iterations_since_restore": 2, "mean_throughput": 1353.0429800501004, "atoms": 1, "setup_time": 9.819973707199097}
{"apply": 0.018210315704345705, "batch_time": 0.032872136635116386, "d2h": 0.0008249282836914062, "data_time": 0.0018591088102296795, "fwd": 0.028557133674621583, "get_state_time_mean": NaN, "get_state_time_total": 0.0, "grad": 0.04889118671417236, "mean_accuracy": 0.19186666111151376, "mean_loss": 2.1252624697367346, "neg_mean_accuracy": -0.2087000012397766, "set_state_time_mean": NaN, "set_state_time_total": 0.0, "setup_model_time_mean": NaN, "setup_model_time_total": 0.0, "setup_proc_time_mean": NaN, "setup_proc_time_total": 0.0, "train_accuracy": 0.19769999384880066, "train_loss": 2.116201354522705, "training_time_mean": NaN, "training_time_total": 0.0, "val_accuracy": 0.2087000012397766, "val_loss": 2.0508270664215087, "validation_time_mean": NaN, "validation_time_total": 0.0, "samples": 60000, "num_workers": 1, "done": true, "timesteps_total": null, "episodes_total": null, "training_iteration": 3, "neg_mean_loss": -2.1252624697367346, "experiment_id": "b13d4ac147c642079938f1af15778650", "date": "2019-06-06_02-21-35", "timestamp": 1559812895, "time_this_iter_s": 41.59606456756592, "time_total_s": 130.2845368385315, "pid": 15375, "hostname": "steropes", "node_ip": "169.229.49.254", "config": {"starting_lr": 1.0, "momentum": 0.9, "weight_decay": 0.0005, "steps_per_iteration": null, "pin": false, "model_creator": null, "target_batch_size": 128, "model_string": "resnet50", "min_batch_size": 128, "dataset": "CIFAR", "placement": null, "use_nccl": true, "devices_per_worker": 1, "primary_resource": "extra_gpu", "gpu": false, "verbose": false, "lr_config": {"mode": "log", "steps": 5, "initial_lr": 1.0, "target_lr": 1.0}, "batch_per_device": 128}, "time_since_restore": 130.2845368385315, "timesteps_since_restore": 0, "iterations_since_restore": 3, "mean_throughput": 1381.5852214152565, "atoms": 1, "setup_time": 9.819973707199097}
