apply,batch_time,d2h,data_time,fwd,get_state_time_mean,get_state_time_total,grad,mean_accuracy,mean_loss,neg_mean_accuracy,set_state_time_mean,set_state_time_total,setup_model_time_mean,setup_model_time_total,setup_proc_time_mean,setup_proc_time_total,train_accuracy,train_loss,training_time_mean,training_time_total,validation_time_mean,validation_time_total,samples,num_workers,done,timesteps_total,episodes_total,training_iteration,neg_mean_loss,experiment_id,date,timestamp,time_this_iter_s,time_total_s,pid,hostname,node_ip,config,time_since_restore,timesteps_since_restore,iterations_since_restore,mean_throughput,atoms
0.007283139228820801,0.17540154457092286,0.006114935874938965,0.03920360973903111,0.07828218936920166,nan,0.0,0.17652552127838134,0.10359999537467957,4.380656944274902,-0.10359999537467957,nan,0.0,9.107456922531128,9.107456922531128,0.25954174995422363,0.25954174995422363,0.09737999737262726,5.795027972946167,nan,0.0,nan,0.0,60000,1,False,,,1,-4.380656944274902,fc772b420da64b3db0f64a846a3cadd7,2019-05-30_15-18-51,1559254731,11.528404951095581,11.528404951095581,12505,steropes,169.229.49.254,"{'starting_lr': 1.0, 'momentum': 0.95, 'weight_decay': 0.0001, 'steps_per_iteration': None, 'pin': False, 'model_creator': None, 'target_batch_size': 1024, 'model_string': 'resnet18', 'min_batch_size': 512, 'dataset': 'CIFAR', 'placement': None, 'use_nccl': True, 'devices_per_worker': 1, 'primary_resource': 'extra_gpu', 'gpu': False, 'verbose': False, 'lr_config': {'mode': 'log', 'steps': 5, 'initial_lr': 1.0, 'target_lr': 1.0}, 'batch_per_device': 1024}",11.528404951095581,0,1,5204.481013800119,1
0.0073061704635620115,0.1342057466506958,0.005047607421875,0.04947948455810547,0.022345614433288575,nan,0.0,0.04669938087463379,0.09999999403953552,2.327493571472168,-0.09999999403953552,nan,0.0,nan,0.0,nan,0.0,0.10075999796390533,2.350431210708618,nan,0.0,nan,0.0,60000,1,False,,,2,-2.327493571472168,fc772b420da64b3db0f64a846a3cadd7,2019-05-30_15-18-59,1559254739,8.02493691444397,19.55334186553955,12505,steropes,169.229.49.254,"{'starting_lr': 1.0, 'momentum': 0.95, 'weight_decay': 0.0001, 'steps_per_iteration': None, 'pin': False, 'model_creator': None, 'target_batch_size': 1024, 'model_string': 'resnet18', 'min_batch_size': 512, 'dataset': 'CIFAR', 'placement': None, 'use_nccl': True, 'devices_per_worker': 1, 'primary_resource': 'extra_gpu', 'gpu': False, 'verbose': False, 'lr_config': {'mode': 'log', 'steps': 5, 'initial_lr': 1.0, 'target_lr': 1.0}, 'batch_per_device': 1024}",19.55334186553955,0,2,6136.995793960546,1
0.007333064079284668,0.13442423343658447,0.005347490310668945,0.04077280784139828,0.02419705390930176,nan,0.0,0.04917604923248291,0.09999999403953552,2.3067418045043944,-0.09999999403953552,nan,0.0,nan,0.0,nan,0.0,0.09997999668121338,2.312090960998535,nan,0.0,nan,0.0,60000,1,False,,,3,-2.3067418045043944,fc772b420da64b3db0f64a846a3cadd7,2019-05-30_15-19-08,1559254748,8.416408061981201,27.969749927520752,12505,steropes,169.229.49.254,"{'starting_lr': 1.0, 'momentum': 0.95, 'weight_decay': 0.0001, 'steps_per_iteration': None, 'pin': False, 'model_creator': None, 'target_batch_size': 1024, 'model_string': 'resnet18', 'min_batch_size': 512, 'dataset': 'CIFAR', 'placement': None, 'use_nccl': True, 'devices_per_worker': 1, 'primary_resource': 'extra_gpu', 'gpu': False, 'verbose': False, 'lr_config': {'mode': 'log', 'steps': 5, 'initial_lr': 1.0, 'target_lr': 1.0}, 'batch_per_device': 1024}",27.969749927520752,0,3,6435.459927120536,1
0.007609009742736816,0.1360786199569702,0.004912543296813965,0.03663817717104542,0.03159232139587402,nan,0.0,0.053981566429138185,0.1013999953866005,2.306906534576416,-0.1013999953866005,nan,0.0,nan,0.0,nan,0.0,0.10179999470710754,2.3086195293426512,nan,0.0,nan,0.0,60000,1,False,,,4,-2.306906534576416,fc772b420da64b3db0f64a846a3cadd7,2019-05-30_15-19-16,1559254756,8.387085437774658,36.35683536529541,12505,steropes,169.229.49.254,"{'starting_lr': 1.0, 'momentum': 0.95, 'weight_decay': 0.0001, 'steps_per_iteration': None, 'pin': False, 'model_creator': None, 'target_batch_size': 1024, 'model_string': 'resnet18', 'min_batch_size': 512, 'dataset': 'CIFAR', 'placement': None, 'use_nccl': True, 'devices_per_worker': 1, 'primary_resource': 'extra_gpu', 'gpu': False, 'verbose': False, 'lr_config': {'mode': 'log', 'steps': 5, 'initial_lr': 1.0, 'target_lr': 1.0}, 'batch_per_device': 1024}",36.35683536529541,0,4,6601.168856521473,1
0.007010245323181152,0.1370459794998169,0.005205011367797852,0.03085991801047812,0.02566406726837158,nan,0.0,0.04594390392303467,0.1021999940276146,2.308808027648926,-0.1021999940276146,nan,0.0,nan,0.0,nan,0.0,0.09939999878406525,2.3126573937225343,nan,0.0,nan,0.0,60000,1,False,,,5,-2.308808027648926,fc772b420da64b3db0f64a846a3cadd7,2019-05-30_15-19-25,1559254765,8.20758843421936,44.56442379951477,12505,steropes,169.229.49.254,"{'starting_lr': 1.0, 'momentum': 0.95, 'weight_decay': 0.0001, 'steps_per_iteration': None, 'pin': False, 'model_creator': None, 'target_batch_size': 1024, 'model_string': 'resnet18', 'min_batch_size': 512, 'dataset': 'CIFAR', 'placement': None, 'use_nccl': True, 'devices_per_worker': 1, 'primary_resource': 'extra_gpu', 'gpu': False, 'verbose': False, 'lr_config': {'mode': 'log', 'steps': 5, 'initial_lr': 1.0, 'target_lr': 1.0}, 'batch_per_device': 1024}",44.56442379951477,0,5,6731.761178533279,1
0.008084607124328614,0.14273674488067628,0.00522916316986084,0.02100163576554279,0.02904345989227295,nan,0.0,0.04972102642059326,0.09999999403953552,2.3032491867065428,-0.09999999403953552,nan,0.0,nan,0.0,nan,0.0,0.10041999816894531,2.3135384072113037,nan,0.0,nan,0.0,60000,1,False,,,6,-2.3032491867065428,fc772b420da64b3db0f64a846a3cadd7,2019-05-30_15-19-33,1559254773,7.993374824523926,52.557798624038696,12505,steropes,169.229.49.254,"{'starting_lr': 1.0, 'momentum': 0.95, 'weight_decay': 0.0001, 'steps_per_iteration': None, 'pin': False, 'model_creator': None, 'target_batch_size': 1024, 'model_string': 'resnet18', 'min_batch_size': 512, 'dataset': 'CIFAR', 'placement': None, 'use_nccl': True, 'devices_per_worker': 1, 'primary_resource': 'extra_gpu', 'gpu': False, 'verbose': False, 'lr_config': {'mode': 'log', 'steps': 5, 'initial_lr': 1.0, 'target_lr': 1.0}, 'batch_per_device': 1024}",52.557798624038696,0,6,7311.760523460865,1
0.0070239782333374025,0.1502439022064209,0.005588603019714355,0.030214922768729075,0.024802017211914062,nan,0.0,0.06011989116668701,0.16259999573230743,2.2269791313171385,-0.16259999573230743,nan,0.0,nan,0.0,nan,0.0,0.10927999764680862,2.3012596324157717,nan,0.0,nan,0.0,60000,1,False,,,7,-2.2269791313171385,fc772b420da64b3db0f64a846a3cadd7,2019-05-30_15-19-41,1559254781,8.693371772766113,61.25117039680481,12505,steropes,169.229.49.254,"{'starting_lr': 1.0, 'momentum': 0.95, 'weight_decay': 0.0001, 'steps_per_iteration': None, 'pin': False, 'model_creator': None, 'target_batch_size': 1024, 'model_string': 'resnet18', 'min_batch_size': 512, 'dataset': 'CIFAR', 'placement': None, 'use_nccl': True, 'devices_per_worker': 1, 'primary_resource': 'extra_gpu', 'gpu': False, 'verbose': False, 'lr_config': {'mode': 'log', 'steps': 5, 'initial_lr': 1.0, 'target_lr': 1.0}, 'batch_per_device': 1024}",61.25117039680481,0,7,7194.549198047158,1
0.006831669807434082,0.14359304904937745,0.005703043937683105,0.04266937898129833,0.02651197910308838,nan,0.0,0.052731108665466306,0.15039999783039093,2.329568938064575,-0.15039999783039093,nan,0.0,nan,0.0,nan,0.0,0.17805999517440796,2.109272349624634,nan,0.0,nan,0.0,60000,1,False,,,8,-2.329568938064575,fc772b420da64b3db0f64a846a3cadd7,2019-05-30_15-19-50,1559254790,8.923716068267822,70.17488646507263,12505,steropes,169.229.49.254,"{'starting_lr': 1.0, 'momentum': 0.95, 'weight_decay': 0.0001, 'steps_per_iteration': None, 'pin': False, 'model_creator': None, 'target_batch_size': 1024, 'model_string': 'resnet18', 'min_batch_size': 512, 'dataset': 'CIFAR', 'placement': None, 'use_nccl': True, 'devices_per_worker': 1, 'primary_resource': 'extra_gpu', 'gpu': False, 'verbose': False, 'lr_config': {'mode': 'log', 'steps': 5, 'initial_lr': 1.0, 'target_lr': 1.0}, 'batch_per_device': 1024}",70.17488646507263,0,8,7108.07164434985,1
0.007415246963500976,0.13480594158172607,0.007806611061096191,0.05679842890525351,0.02630484104156494,nan,0.0,0.06382694244384765,0.20250000059604645,1.9476639284133912,-0.20250000059604645,nan,0.0,nan,0.0,nan,0.0,0.18745999038219452,1.9925607584381104,nan,0.0,nan,0.0,60000,1,False,,,9,-1.9476639284133912,fc772b420da64b3db0f64a846a3cadd7,2019-05-30_15-20-00,1559254800,9.550042867660522,79.72492933273315,12505,steropes,169.229.49.254,"{'starting_lr': 1.0, 'momentum': 0.95, 'weight_decay': 0.0001, 'steps_per_iteration': None, 'pin': False, 'model_creator': None, 'target_batch_size': 1024, 'model_string': 'resnet18', 'min_batch_size': 512, 'dataset': 'CIFAR', 'placement': None, 'use_nccl': True, 'devices_per_worker': 1, 'primary_resource': 'extra_gpu', 'gpu': False, 'verbose': False, 'lr_config': {'mode': 'log', 'steps': 5, 'initial_lr': 1.0, 'target_lr': 1.0}, 'batch_per_device': 1024}",79.72492933273315,0,9,6917.464239433919,1
0.008519291877746582,0.15420889854431152,0.005527043342590332,0.036020210811070034,0.03311758041381836,nan,0.0,0.06371545791625977,0.20069999992847443,1.9679676193237305,-0.20069999992847443,nan,0.0,nan,0.0,nan,0.0,0.19235999882221222,1.9601462063217163,nan,0.0,nan,0.0,60000,1,False,,,10,-1.9679676193237305,fc772b420da64b3db0f64a846a3cadd7,2019-05-30_15-20-08,1559254808,8.71859622001648,88.44352555274963,12505,steropes,169.229.49.254,"{'starting_lr': 1.0, 'momentum': 0.95, 'weight_decay': 0.0001, 'steps_per_iteration': None, 'pin': False, 'model_creator': None, 'target_batch_size': 1024, 'model_string': 'resnet18', 'min_batch_size': 512, 'dataset': 'CIFAR', 'placement': None, 'use_nccl': True, 'devices_per_worker': 1, 'primary_resource': 'extra_gpu', 'gpu': False, 'verbose': False, 'lr_config': {'mode': 'log', 'steps': 5, 'initial_lr': 1.0, 'target_lr': 1.0}, 'batch_per_device': 1024}",88.44352555274963,0,10,6836.9051101134655,1
0.009924650192260742,0.1543438673019409,0.0063860416412353516,0.049521412168230326,0.03531825542449951,nan,0.0,0.0574169397354126,0.18639999628067017,2.0225604164123534,-0.18639999628067017,nan,0.0,nan,0.0,nan,0.0,0.19473999738693237,1.9360203926086426,nan,0.0,nan,0.0,60000,1,False,,,11,-2.0225604164123534,fc772b420da64b3db0f64a846a3cadd7,2019-05-30_15-20-18,1559254818,9.26612901687622,97.70965456962585,12505,steropes,169.229.49.254,"{'starting_lr': 1.0, 'momentum': 0.95, 'weight_decay': 0.0001, 'steps_per_iteration': None, 'pin': False, 'model_creator': None, 'target_batch_size': 1024, 'model_string': 'resnet18', 'min_batch_size': 512, 'dataset': 'CIFAR', 'placement': None, 'use_nccl': True, 'devices_per_worker': 1, 'primary_resource': 'extra_gpu', 'gpu': False, 'verbose': False, 'lr_config': {'mode': 'log', 'steps': 5, 'initial_lr': 1.0, 'target_lr': 1.0}, 'batch_per_device': 1024}",97.70965456962585,0,11,6644.186843423232,1
0.008217954635620117,0.13252294063568115,0.004870295524597168,0.047359549269384266,0.030382966995239256,nan,0.0,0.05466992855072021,0.15619999170303345,2.2776603927612307,-0.15619999170303345,nan,0.0,nan,0.0,nan,0.0,0.199879989027977,1.9293363430023194,nan,0.0,nan,0.0,60000,1,True,,,12,-2.2776603927612307,fc772b420da64b3db0f64a846a3cadd7,2019-05-30_15-20-27,1559254827,9.456643104553223,107.16629767417908,12505,steropes,169.229.49.254,"{'starting_lr': 1.0, 'momentum': 0.95, 'weight_decay': 0.0001, 'steps_per_iteration': None, 'pin': False, 'model_creator': None, 'target_batch_size': 1024, 'model_string': 'resnet18', 'min_batch_size': 512, 'dataset': 'CIFAR', 'placement': None, 'use_nccl': True, 'devices_per_worker': 1, 'primary_resource': 'extra_gpu', 'gpu': False, 'verbose': False, 'lr_config': {'mode': 'log', 'steps': 5, 'initial_lr': 1.0, 'target_lr': 1.0}, 'batch_per_device': 1024}",107.16629767417908,0,12,6533.739168452372,1
