{"apply": 0.007283139228820801, "batch_time": 0.17540154457092286, "d2h": 0.006114935874938965, "data_time": 0.03920360973903111, "fwd": 0.07828218936920166, "get_state_time_mean": NaN, "get_state_time_total": 0.0, "grad": 0.17652552127838134, "mean_accuracy": 0.10359999537467957, "mean_loss": 4.380656944274902, "neg_mean_accuracy": -0.10359999537467957, "set_state_time_mean": NaN, "set_state_time_total": 0.0, "setup_model_time_mean": 9.107456922531128, "setup_model_time_total": 9.107456922531128, "setup_proc_time_mean": 0.25954174995422363, "setup_proc_time_total": 0.25954174995422363, "train_accuracy": 0.09737999737262726, "train_loss": 5.795027972946167, "training_time_mean": NaN, "training_time_total": 0.0, "validation_time_mean": NaN, "validation_time_total": 0.0, "samples": 60000, "num_workers": 1, "done": false, "timesteps_total": null, "episodes_total": null, "training_iteration": 1, "neg_mean_loss": -4.380656944274902, "experiment_id": "fc772b420da64b3db0f64a846a3cadd7", "date": "2019-05-30_15-18-51", "timestamp": 1559254731, "time_this_iter_s": 11.528404951095581, "time_total_s": 11.528404951095581, "pid": 12505, "hostname": "steropes", "node_ip": "169.229.49.254", "config": {"starting_lr": 1.0, "momentum": 0.95, "weight_decay": 0.0001, "steps_per_iteration": null, "pin": false, "model_creator": null, "target_batch_size": 1024, "model_string": "resnet18", "min_batch_size": 512, "dataset": "CIFAR", "placement": null, "use_nccl": true, "devices_per_worker": 1, "primary_resource": "extra_gpu", "gpu": false, "verbose": false, "lr_config": {"mode": "log", "steps": 5, "initial_lr": 1.0, "target_lr": 1.0}, "batch_per_device": 1024}, "time_since_restore": 11.528404951095581, "timesteps_since_restore": 0, "iterations_since_restore": 1, "mean_throughput": 5204.481013800119, "atoms": 1}
{"apply": 0.0073061704635620115, "batch_time": 0.1342057466506958, "d2h": 0.005047607421875, "data_time": 0.04947948455810547, "fwd": 0.022345614433288575, "get_state_time_mean": NaN, "get_state_time_total": 0.0, "grad": 0.04669938087463379, "mean_accuracy": 0.09999999403953552, "mean_loss": 2.327493571472168, "neg_mean_accuracy": -0.09999999403953552, "set_state_time_mean": NaN, "set_state_time_total": 0.0, "setup_model_time_mean": NaN, "setup_model_time_total": 0.0, "setup_proc_time_mean": NaN, "setup_proc_time_total": 0.0, "train_accuracy": 0.10075999796390533, "train_loss": 2.350431210708618, "training_time_mean": NaN, "training_time_total": 0.0, "validation_time_mean": NaN, "validation_time_total": 0.0, "samples": 60000, "num_workers": 1, "done": false, "timesteps_total": null, "episodes_total": null, "training_iteration": 2, "neg_mean_loss": -2.327493571472168, "experiment_id": "fc772b420da64b3db0f64a846a3cadd7", "date": "2019-05-30_15-18-59", "timestamp": 1559254739, "time_this_iter_s": 8.02493691444397, "time_total_s": 19.55334186553955, "pid": 12505, "hostname": "steropes", "node_ip": "169.229.49.254", "config": {"starting_lr": 1.0, "momentum": 0.95, "weight_decay": 0.0001, "steps_per_iteration": null, "pin": false, "model_creator": null, "target_batch_size": 1024, "model_string": "resnet18", "min_batch_size": 512, "dataset": "CIFAR", "placement": null, "use_nccl": true, "devices_per_worker": 1, "primary_resource": "extra_gpu", "gpu": false, "verbose": false, "lr_config": {"mode": "log", "steps": 5, "initial_lr": 1.0, "target_lr": 1.0}, "batch_per_device": 1024}, "time_since_restore": 19.55334186553955, "timesteps_since_restore": 0, "iterations_since_restore": 2, "mean_throughput": 6136.995793960546, "atoms": 1}
{"apply": 0.007333064079284668, "batch_time": 0.13442423343658447, "d2h": 0.005347490310668945, "data_time": 0.04077280784139828, "fwd": 0.02419705390930176, "get_state_time_mean": NaN, "get_state_time_total": 0.0, "grad": 0.04917604923248291, "mean_accuracy": 0.09999999403953552, "mean_loss": 2.3067418045043944, "neg_mean_accuracy": -0.09999999403953552, "set_state_time_mean": NaN, "set_state_time_total": 0.0, "setup_model_time_mean": NaN, "setup_model_time_total": 0.0, "setup_proc_time_mean": NaN, "setup_proc_time_total": 0.0, "train_accuracy": 0.09997999668121338, "train_loss": 2.312090960998535, "training_time_mean": NaN, "training_time_total": 0.0, "validation_time_mean": NaN, "validation_time_total": 0.0, "samples": 60000, "num_workers": 1, "done": false, "timesteps_total": null, "episodes_total": null, "training_iteration": 3, "neg_mean_loss": -2.3067418045043944, "experiment_id": "fc772b420da64b3db0f64a846a3cadd7", "date": "2019-05-30_15-19-08", "timestamp": 1559254748, "time_this_iter_s": 8.416408061981201, "time_total_s": 27.969749927520752, "pid": 12505, "hostname": "steropes", "node_ip": "169.229.49.254", "config": {"starting_lr": 1.0, "momentum": 0.95, "weight_decay": 0.0001, "steps_per_iteration": null, "pin": false, "model_creator": null, "target_batch_size": 1024, "model_string": "resnet18", "min_batch_size": 512, "dataset": "CIFAR", "placement": null, "use_nccl": true, "devices_per_worker": 1, "primary_resource": "extra_gpu", "gpu": false, "verbose": false, "lr_config": {"mode": "log", "steps": 5, "initial_lr": 1.0, "target_lr": 1.0}, "batch_per_device": 1024}, "time_since_restore": 27.969749927520752, "timesteps_since_restore": 0, "iterations_since_restore": 3, "mean_throughput": 6435.459927120536, "atoms": 1}
{"apply": 0.007609009742736816, "batch_time": 0.1360786199569702, "d2h": 0.004912543296813965, "data_time": 0.03663817717104542, "fwd": 0.03159232139587402, "get_state_time_mean": NaN, "get_state_time_total": 0.0, "grad": 0.053981566429138185, "mean_accuracy": 0.1013999953866005, "mean_loss": 2.306906534576416, "neg_mean_accuracy": -0.1013999953866005, "set_state_time_mean": NaN, "set_state_time_total": 0.0, "setup_model_time_mean": NaN, "setup_model_time_total": 0.0, "setup_proc_time_mean": NaN, "setup_proc_time_total": 0.0, "train_accuracy": 0.10179999470710754, "train_loss": 2.3086195293426512, "training_time_mean": NaN, "training_time_total": 0.0, "validation_time_mean": NaN, "validation_time_total": 0.0, "samples": 60000, "num_workers": 1, "done": false, "timesteps_total": null, "episodes_total": null, "training_iteration": 4, "neg_mean_loss": -2.306906534576416, "experiment_id": "fc772b420da64b3db0f64a846a3cadd7", "date": "2019-05-30_15-19-16", "timestamp": 1559254756, "time_this_iter_s": 8.387085437774658, "time_total_s": 36.35683536529541, "pid": 12505, "hostname": "steropes", "node_ip": "169.229.49.254", "config": {"starting_lr": 1.0, "momentum": 0.95, "weight_decay": 0.0001, "steps_per_iteration": null, "pin": false, "model_creator": null, "target_batch_size": 1024, "model_string": "resnet18", "min_batch_size": 512, "dataset": "CIFAR", "placement": null, "use_nccl": true, "devices_per_worker": 1, "primary_resource": "extra_gpu", "gpu": false, "verbose": false, "lr_config": {"mode": "log", "steps": 5, "initial_lr": 1.0, "target_lr": 1.0}, "batch_per_device": 1024}, "time_since_restore": 36.35683536529541, "timesteps_since_restore": 0, "iterations_since_restore": 4, "mean_throughput": 6601.168856521473, "atoms": 1}
{"apply": 0.007010245323181152, "batch_time": 0.1370459794998169, "d2h": 0.005205011367797852, "data_time": 0.03085991801047812, "fwd": 0.02566406726837158, "get_state_time_mean": NaN, "get_state_time_total": 0.0, "grad": 0.04594390392303467, "mean_accuracy": 0.1021999940276146, "mean_loss": 2.308808027648926, "neg_mean_accuracy": -0.1021999940276146, "set_state_time_mean": NaN, "set_state_time_total": 0.0, "setup_model_time_mean": NaN, "setup_model_time_total": 0.0, "setup_proc_time_mean": NaN, "setup_proc_time_total": 0.0, "train_accuracy": 0.09939999878406525, "train_loss": 2.3126573937225343, "training_time_mean": NaN, "training_time_total": 0.0, "validation_time_mean": NaN, "validation_time_total": 0.0, "samples": 60000, "num_workers": 1, "done": false, "timesteps_total": null, "episodes_total": null, "training_iteration": 5, "neg_mean_loss": -2.308808027648926, "experiment_id": "fc772b420da64b3db0f64a846a3cadd7", "date": "2019-05-30_15-19-25", "timestamp": 1559254765, "time_this_iter_s": 8.20758843421936, "time_total_s": 44.56442379951477, "pid": 12505, "hostname": "steropes", "node_ip": "169.229.49.254", "config": {"starting_lr": 1.0, "momentum": 0.95, "weight_decay": 0.0001, "steps_per_iteration": null, "pin": false, "model_creator": null, "target_batch_size": 1024, "model_string": "resnet18", "min_batch_size": 512, "dataset": "CIFAR", "placement": null, "use_nccl": true, "devices_per_worker": 1, "primary_resource": "extra_gpu", "gpu": false, "verbose": false, "lr_config": {"mode": "log", "steps": 5, "initial_lr": 1.0, "target_lr": 1.0}, "batch_per_device": 1024}, "time_since_restore": 44.56442379951477, "timesteps_since_restore": 0, "iterations_since_restore": 5, "mean_throughput": 6731.761178533279, "atoms": 1}
{"apply": 0.008084607124328614, "batch_time": 0.14273674488067628, "d2h": 0.00522916316986084, "data_time": 0.02100163576554279, "fwd": 0.02904345989227295, "get_state_time_mean": NaN, "get_state_time_total": 0.0, "grad": 0.04972102642059326, "mean_accuracy": 0.09999999403953552, "mean_loss": 2.3032491867065428, "neg_mean_accuracy": -0.09999999403953552, "set_state_time_mean": NaN, "set_state_time_total": 0.0, "setup_model_time_mean": NaN, "setup_model_time_total": 0.0, "setup_proc_time_mean": NaN, "setup_proc_time_total": 0.0, "train_accuracy": 0.10041999816894531, "train_loss": 2.3135384072113037, "training_time_mean": NaN, "training_time_total": 0.0, "validation_time_mean": NaN, "validation_time_total": 0.0, "samples": 60000, "num_workers": 1, "done": false, "timesteps_total": null, "episodes_total": null, "training_iteration": 6, "neg_mean_loss": -2.3032491867065428, "experiment_id": "fc772b420da64b3db0f64a846a3cadd7", "date": "2019-05-30_15-19-33", "timestamp": 1559254773, "time_this_iter_s": 7.993374824523926, "time_total_s": 52.557798624038696, "pid": 12505, "hostname": "steropes", "node_ip": "169.229.49.254", "config": {"starting_lr": 1.0, "momentum": 0.95, "weight_decay": 0.0001, "steps_per_iteration": null, "pin": false, "model_creator": null, "target_batch_size": 1024, "model_string": "resnet18", "min_batch_size": 512, "dataset": "CIFAR", "placement": null, "use_nccl": true, "devices_per_worker": 1, "primary_resource": "extra_gpu", "gpu": false, "verbose": false, "lr_config": {"mode": "log", "steps": 5, "initial_lr": 1.0, "target_lr": 1.0}, "batch_per_device": 1024}, "time_since_restore": 52.557798624038696, "timesteps_since_restore": 0, "iterations_since_restore": 6, "mean_throughput": 7311.760523460865, "atoms": 1}
{"apply": 0.0070239782333374025, "batch_time": 0.1502439022064209, "d2h": 0.005588603019714355, "data_time": 0.030214922768729075, "fwd": 0.024802017211914062, "get_state_time_mean": NaN, "get_state_time_total": 0.0, "grad": 0.06011989116668701, "mean_accuracy": 0.16259999573230743, "mean_loss": 2.2269791313171385, "neg_mean_accuracy": -0.16259999573230743, "set_state_time_mean": NaN, "set_state_time_total": 0.0, "setup_model_time_mean": NaN, "setup_model_time_total": 0.0, "setup_proc_time_mean": NaN, "setup_proc_time_total": 0.0, "train_accuracy": 0.10927999764680862, "train_loss": 2.3012596324157717, "training_time_mean": NaN, "training_time_total": 0.0, "validation_time_mean": NaN, "validation_time_total": 0.0, "samples": 60000, "num_workers": 1, "done": false, "timesteps_total": null, "episodes_total": null, "training_iteration": 7, "neg_mean_loss": -2.2269791313171385, "experiment_id": "fc772b420da64b3db0f64a846a3cadd7", "date": "2019-05-30_15-19-41", "timestamp": 1559254781, "time_this_iter_s": 8.693371772766113, "time_total_s": 61.25117039680481, "pid": 12505, "hostname": "steropes", "node_ip": "169.229.49.254", "config": {"starting_lr": 1.0, "momentum": 0.95, "weight_decay": 0.0001, "steps_per_iteration": null, "pin": false, "model_creator": null, "target_batch_size": 1024, "model_string": "resnet18", "min_batch_size": 512, "dataset": "CIFAR", "placement": null, "use_nccl": true, "devices_per_worker": 1, "primary_resource": "extra_gpu", "gpu": false, "verbose": false, "lr_config": {"mode": "log", "steps": 5, "initial_lr": 1.0, "target_lr": 1.0}, "batch_per_device": 1024}, "time_since_restore": 61.25117039680481, "timesteps_since_restore": 0, "iterations_since_restore": 7, "mean_throughput": 7194.549198047158, "atoms": 1}
{"apply": 0.006831669807434082, "batch_time": 0.14359304904937745, "d2h": 0.005703043937683105, "data_time": 0.04266937898129833, "fwd": 0.02651197910308838, "get_state_time_mean": NaN, "get_state_time_total": 0.0, "grad": 0.052731108665466306, "mean_accuracy": 0.15039999783039093, "mean_loss": 2.329568938064575, "neg_mean_accuracy": -0.15039999783039093, "set_state_time_mean": NaN, "set_state_time_total": 0.0, "setup_model_time_mean": NaN, "setup_model_time_total": 0.0, "setup_proc_time_mean": NaN, "setup_proc_time_total": 0.0, "train_accuracy": 0.17805999517440796, "train_loss": 2.109272349624634, "training_time_mean": NaN, "training_time_total": 0.0, "validation_time_mean": NaN, "validation_time_total": 0.0, "samples": 60000, "num_workers": 1, "done": false, "timesteps_total": null, "episodes_total": null, "training_iteration": 8, "neg_mean_loss": -2.329568938064575, "experiment_id": "fc772b420da64b3db0f64a846a3cadd7", "date": "2019-05-30_15-19-50", "timestamp": 1559254790, "time_this_iter_s": 8.923716068267822, "time_total_s": 70.17488646507263, "pid": 12505, "hostname": "steropes", "node_ip": "169.229.49.254", "config": {"starting_lr": 1.0, "momentum": 0.95, "weight_decay": 0.0001, "steps_per_iteration": null, "pin": false, "model_creator": null, "target_batch_size": 1024, "model_string": "resnet18", "min_batch_size": 512, "dataset": "CIFAR", "placement": null, "use_nccl": true, "devices_per_worker": 1, "primary_resource": "extra_gpu", "gpu": false, "verbose": false, "lr_config": {"mode": "log", "steps": 5, "initial_lr": 1.0, "target_lr": 1.0}, "batch_per_device": 1024}, "time_since_restore": 70.17488646507263, "timesteps_since_restore": 0, "iterations_since_restore": 8, "mean_throughput": 7108.07164434985, "atoms": 1}
{"apply": 0.007415246963500976, "batch_time": 0.13480594158172607, "d2h": 0.007806611061096191, "data_time": 0.05679842890525351, "fwd": 0.02630484104156494, "get_state_time_mean": NaN, "get_state_time_total": 0.0, "grad": 0.06382694244384765, "mean_accuracy": 0.20250000059604645, "mean_loss": 1.9476639284133912, "neg_mean_accuracy": -0.20250000059604645, "set_state_time_mean": NaN, "set_state_time_total": 0.0, "setup_model_time_mean": NaN, "setup_model_time_total": 0.0, "setup_proc_time_mean": NaN, "setup_proc_time_total": 0.0, "train_accuracy": 0.18745999038219452, "train_loss": 1.9925607584381104, "training_time_mean": NaN, "training_time_total": 0.0, "validation_time_mean": NaN, "validation_time_total": 0.0, "samples": 60000, "num_workers": 1, "done": false, "timesteps_total": null, "episodes_total": null, "training_iteration": 9, "neg_mean_loss": -1.9476639284133912, "experiment_id": "fc772b420da64b3db0f64a846a3cadd7", "date": "2019-05-30_15-20-00", "timestamp": 1559254800, "time_this_iter_s": 9.550042867660522, "time_total_s": 79.72492933273315, "pid": 12505, "hostname": "steropes", "node_ip": "169.229.49.254", "config": {"starting_lr": 1.0, "momentum": 0.95, "weight_decay": 0.0001, "steps_per_iteration": null, "pin": false, "model_creator": null, "target_batch_size": 1024, "model_string": "resnet18", "min_batch_size": 512, "dataset": "CIFAR", "placement": null, "use_nccl": true, "devices_per_worker": 1, "primary_resource": "extra_gpu", "gpu": false, "verbose": false, "lr_config": {"mode": "log", "steps": 5, "initial_lr": 1.0, "target_lr": 1.0}, "batch_per_device": 1024}, "time_since_restore": 79.72492933273315, "timesteps_since_restore": 0, "iterations_since_restore": 9, "mean_throughput": 6917.464239433919, "atoms": 1}
{"apply": 0.008519291877746582, "batch_time": 0.15420889854431152, "d2h": 0.005527043342590332, "data_time": 0.036020210811070034, "fwd": 0.03311758041381836, "get_state_time_mean": NaN, "get_state_time_total": 0.0, "grad": 0.06371545791625977, "mean_accuracy": 0.20069999992847443, "mean_loss": 1.9679676193237305, "neg_mean_accuracy": -0.20069999992847443, "set_state_time_mean": NaN, "set_state_time_total": 0.0, "setup_model_time_mean": NaN, "setup_model_time_total": 0.0, "setup_proc_time_mean": NaN, "setup_proc_time_total": 0.0, "train_accuracy": 0.19235999882221222, "train_loss": 1.9601462063217163, "training_time_mean": NaN, "training_time_total": 0.0, "validation_time_mean": NaN, "validation_time_total": 0.0, "samples": 60000, "num_workers": 1, "done": false, "timesteps_total": null, "episodes_total": null, "training_iteration": 10, "neg_mean_loss": -1.9679676193237305, "experiment_id": "fc772b420da64b3db0f64a846a3cadd7", "date": "2019-05-30_15-20-08", "timestamp": 1559254808, "time_this_iter_s": 8.71859622001648, "time_total_s": 88.44352555274963, "pid": 12505, "hostname": "steropes", "node_ip": "169.229.49.254", "config": {"starting_lr": 1.0, "momentum": 0.95, "weight_decay": 0.0001, "steps_per_iteration": null, "pin": false, "model_creator": null, "target_batch_size": 1024, "model_string": "resnet18", "min_batch_size": 512, "dataset": "CIFAR", "placement": null, "use_nccl": true, "devices_per_worker": 1, "primary_resource": "extra_gpu", "gpu": false, "verbose": false, "lr_config": {"mode": "log", "steps": 5, "initial_lr": 1.0, "target_lr": 1.0}, "batch_per_device": 1024}, "time_since_restore": 88.44352555274963, "timesteps_since_restore": 0, "iterations_since_restore": 10, "mean_throughput": 6836.9051101134655, "atoms": 1}
{"apply": 0.009924650192260742, "batch_time": 0.1543438673019409, "d2h": 0.0063860416412353516, "data_time": 0.049521412168230326, "fwd": 0.03531825542449951, "get_state_time_mean": NaN, "get_state_time_total": 0.0, "grad": 0.0574169397354126, "mean_accuracy": 0.18639999628067017, "mean_loss": 2.0225604164123534, "neg_mean_accuracy": -0.18639999628067017, "set_state_time_mean": NaN, "set_state_time_total": 0.0, "setup_model_time_mean": NaN, "setup_model_time_total": 0.0, "setup_proc_time_mean": NaN, "setup_proc_time_total": 0.0, "train_accuracy": 0.19473999738693237, "train_loss": 1.9360203926086426, "training_time_mean": NaN, "training_time_total": 0.0, "validation_time_mean": NaN, "validation_time_total": 0.0, "samples": 60000, "num_workers": 1, "done": false, "timesteps_total": null, "episodes_total": null, "training_iteration": 11, "neg_mean_loss": -2.0225604164123534, "experiment_id": "fc772b420da64b3db0f64a846a3cadd7", "date": "2019-05-30_15-20-18", "timestamp": 1559254818, "time_this_iter_s": 9.26612901687622, "time_total_s": 97.70965456962585, "pid": 12505, "hostname": "steropes", "node_ip": "169.229.49.254", "config": {"starting_lr": 1.0, "momentum": 0.95, "weight_decay": 0.0001, "steps_per_iteration": null, "pin": false, "model_creator": null, "target_batch_size": 1024, "model_string": "resnet18", "min_batch_size": 512, "dataset": "CIFAR", "placement": null, "use_nccl": true, "devices_per_worker": 1, "primary_resource": "extra_gpu", "gpu": false, "verbose": false, "lr_config": {"mode": "log", "steps": 5, "initial_lr": 1.0, "target_lr": 1.0}, "batch_per_device": 1024}, "time_since_restore": 97.70965456962585, "timesteps_since_restore": 0, "iterations_since_restore": 11, "mean_throughput": 6644.186843423232, "atoms": 1}
{"apply": 0.008217954635620117, "batch_time": 0.13252294063568115, "d2h": 0.004870295524597168, "data_time": 0.047359549269384266, "fwd": 0.030382966995239256, "get_state_time_mean": NaN, "get_state_time_total": 0.0, "grad": 0.05466992855072021, "mean_accuracy": 0.15619999170303345, "mean_loss": 2.2776603927612307, "neg_mean_accuracy": -0.15619999170303345, "set_state_time_mean": NaN, "set_state_time_total": 0.0, "setup_model_time_mean": NaN, "setup_model_time_total": 0.0, "setup_proc_time_mean": NaN, "setup_proc_time_total": 0.0, "train_accuracy": 0.199879989027977, "train_loss": 1.9293363430023194, "training_time_mean": NaN, "training_time_total": 0.0, "validation_time_mean": NaN, "validation_time_total": 0.0, "samples": 60000, "num_workers": 1, "done": true, "timesteps_total": null, "episodes_total": null, "training_iteration": 12, "neg_mean_loss": -2.2776603927612307, "experiment_id": "fc772b420da64b3db0f64a846a3cadd7", "date": "2019-05-30_15-20-27", "timestamp": 1559254827, "time_this_iter_s": 9.456643104553223, "time_total_s": 107.16629767417908, "pid": 12505, "hostname": "steropes", "node_ip": "169.229.49.254", "config": {"starting_lr": 1.0, "momentum": 0.95, "weight_decay": 0.0001, "steps_per_iteration": null, "pin": false, "model_creator": null, "target_batch_size": 1024, "model_string": "resnet18", "min_batch_size": 512, "dataset": "CIFAR", "placement": null, "use_nccl": true, "devices_per_worker": 1, "primary_resource": "extra_gpu", "gpu": false, "verbose": false, "lr_config": {"mode": "log", "steps": 5, "initial_lr": 1.0, "target_lr": 1.0}, "batch_per_device": 1024}, "time_since_restore": 107.16629767417908, "timesteps_since_restore": 0, "iterations_since_restore": 12, "mean_throughput": 6533.739168452372, "atoms": 1}
