{"apply": 0.017576313018798827, "batch_time": 0.04595388641840295, "d2h": 0.0006746292114257812, "data_time": 0.001784473428945712, "fwd": 0.2179882526397705, "get_state_time_mean": NaN, "get_state_time_total": 0.0, "grad": 0.17866137027740478, "mean_accuracy": 0.09999999403953552, "mean_loss": 106657.6668875, "neg_mean_accuracy": -0.09999999403953552, "set_state_time_mean": NaN, "set_state_time_total": 0.0, "setup_model_time_mean": 12.890544176101685, "setup_model_time_total": 12.890544176101685, "setup_proc_time_mean": 0.1406846046447754, "setup_proc_time_total": 0.1406846046447754, "train_accuracy": 0.10102000087499619, "train_loss": 75.96458958740234, "training_time_mean": NaN, "training_time_total": 0.0, "val_accuracy": 0.09999999403953552, "val_loss": 106657.6668875, "validation_time_mean": NaN, "validation_time_total": 0.0, "samples": 60000, "num_workers": 1, "done": false, "timesteps_total": null, "episodes_total": null, "training_iteration": 1, "neg_mean_loss": -106657.6668875, "experiment_id": "36bb0fc286b547d78de79fc0501c480d", "date": "2019-06-06_02-17-53", "timestamp": 1559812673, "time_this_iter_s": 48.4919319152832, "time_total_s": 48.4919319152832, "pid": 9764, "hostname": "steropes", "node_ip": "169.229.49.254", "config": {"starting_lr": 0.5, "momentum": 0.99, "weight_decay": 0.0001, "steps_per_iteration": null, "pin": false, "model_creator": null, "target_batch_size": 128, "model_string": "resnet50", "min_batch_size": 128, "dataset": "CIFAR", "placement": null, "use_nccl": true, "devices_per_worker": 1, "primary_resource": "extra_gpu", "gpu": false, "verbose": false, "lr_config": {"mode": "log", "steps": 5, "initial_lr": 0.5, "target_lr": 0.5}, "batch_per_device": 128}, "time_since_restore": 48.4919319152832, "timesteps_since_restore": 0, "iterations_since_restore": 1, "mean_throughput": 1237.3158018398385, "atoms": 1, "setup_time": 13.15398383140564}
{"apply": 0.018486809730529786, "batch_time": 0.03180181225643882, "d2h": 0.0006606340408325196, "data_time": 0.0017590034953163713, "fwd": 0.028533554077148436, "get_state_time_mean": NaN, "get_state_time_total": 0.0, "grad": 0.05029292106628418, "mean_accuracy": 0.09964999556541443, "mean_loss": 53808.00300786133, "neg_mean_accuracy": -0.09929999709129333, "set_state_time_mean": NaN, "set_state_time_total": 0.0, "setup_model_time_mean": NaN, "setup_model_time_total": 0.0, "setup_proc_time_mean": NaN, "setup_proc_time_total": 0.0, "train_accuracy": 0.1008399948477745, "train_loss": 3846.375383901367, "training_time_mean": NaN, "training_time_total": 0.0, "val_accuracy": 0.09929999709129333, "val_loss": 958.3391282226562, "validation_time_mean": NaN, "validation_time_total": 0.0, "samples": 60000, "num_workers": 1, "done": false, "timesteps_total": null, "episodes_total": null, "training_iteration": 2, "neg_mean_loss": -53808.00300786133, "experiment_id": "36bb0fc286b547d78de79fc0501c480d", "date": "2019-06-06_02-18-34", "timestamp": 1559812714, "time_this_iter_s": 41.10701322555542, "time_total_s": 89.59894514083862, "pid": 9764, "hostname": "steropes", "node_ip": "169.229.49.254", "config": {"starting_lr": 0.5, "momentum": 0.99, "weight_decay": 0.0001, "steps_per_iteration": null, "pin": false, "model_creator": null, "target_batch_size": 128, "model_string": "resnet50", "min_batch_size": 128, "dataset": "CIFAR", "placement": null, "use_nccl": true, "devices_per_worker": 1, "primary_resource": "extra_gpu", "gpu": false, "verbose": false, "lr_config": {"mode": "log", "steps": 5, "initial_lr": 0.5, "target_lr": 0.5}, "batch_per_device": 128}, "time_since_restore": 89.59894514083862, "timesteps_since_restore": 0, "iterations_since_restore": 2, "mean_throughput": 1339.2980962387833, "atoms": 1, "setup_time": 13.15398383140564}
{"apply": 0.01908588409423828, "batch_time": 0.03263993504681165, "d2h": 0.0007432222366333008, "data_time": 0.0017921266043582536, "fwd": 0.030042076110839845, "get_state_time_mean": NaN, "get_state_time_total": 0.0, "grad": 0.0493182897567749, "mean_accuracy": 0.09826666365067165, "mean_loss": 8909645.477205241, "neg_mean_accuracy": -0.09549999982118607, "set_state_time_mean": NaN, "set_state_time_total": 0.0, "setup_model_time_mean": NaN, "setup_model_time_total": 0.0, "setup_proc_time_mean": NaN, "setup_proc_time_total": 0.0, "train_accuracy": 0.1004600003361702, "train_loss": 6116184.402853972, "training_time_mean": NaN, "training_time_total": 0.0, "val_accuracy": 0.09549999982118607, "val_loss": 26621320.4256, "validation_time_mean": NaN, "validation_time_total": 0.0, "samples": 60000, "num_workers": 1, "done": true, "timesteps_total": null, "episodes_total": null, "training_iteration": 3, "neg_mean_loss": -8909645.477205241, "experiment_id": "36bb0fc286b547d78de79fc0501c480d", "date": "2019-06-06_02-19-15", "timestamp": 1559812755, "time_this_iter_s": 41.30355620384216, "time_total_s": 130.9025013446808, "pid": 9764, "hostname": "steropes", "node_ip": "169.229.49.254", "config": {"starting_lr": 0.5, "momentum": 0.99, "weight_decay": 0.0001, "steps_per_iteration": null, "pin": false, "model_creator": null, "target_batch_size": 128, "model_string": "resnet50", "min_batch_size": 128, "dataset": "CIFAR", "placement": null, "use_nccl": true, "devices_per_worker": 1, "primary_resource": "extra_gpu", "gpu": false, "verbose": false, "lr_config": {"mode": "log", "steps": 5, "initial_lr": 0.5, "target_lr": 0.5}, "batch_per_device": 128}, "time_since_restore": 130.9025013446808, "timesteps_since_restore": 0, "iterations_since_restore": 3, "mean_throughput": 1375.0659935390643, "atoms": 1, "setup_time": 13.15398383140564}
