apply,batch_time,d2h,data_time,fwd,get_state_time_mean,get_state_time_total,grad,mean_accuracy,mean_loss,neg_mean_accuracy,set_state_time_mean,set_state_time_total,setup_model_time_mean,setup_model_time_total,setup_proc_time_mean,setup_proc_time_total,train_accuracy,train_loss,training_time_mean,training_time_total,val_accuracy,val_loss,validation_time_mean,validation_time_total,samples,num_workers,done,timesteps_total,episodes_total,training_iteration,neg_mean_loss,experiment_id,date,timestamp,time_this_iter_s,time_total_s,pid,hostname,node_ip,config,time_since_restore,timesteps_since_restore,iterations_since_restore,mean_throughput,atoms,setup_time
0.017726945877075195,0.04141598109957538,0.0006729602813720703,0.0019235690231518368,0.11872484683990478,nan,0.0,0.2544985055923462,0.33319997787475586,1.8715046281814576,-0.33319997787475586,nan,0.0,11.625455617904663,11.625455617904663,0.4330790042877197,0.4330790042877197,0.25025999546051025,2.610923719520569,nan,0.0,0.33319997787475586,1.8715046281814576,nan,0.0,60000,1,False,,,1,-1.8715046281814576,f606cf6e6c884e3985a6b8187a057ae6,2019-06-06_07-26-11,1559831171,46.90234184265137,46.90234184265137,25116,steropes,169.229.49.254,"{'starting_lr': 0.005, 'momentum': 0.95, 'weight_decay': 0.0001, 'steps_per_iteration': None, 'pin': False, 'model_creator': None, 'target_batch_size': 128, 'model_string': 'resnet50', 'min_batch_size': 128, 'dataset': 'CIFAR', 'placement': None, 'use_nccl': True, 'devices_per_worker': 1, 'primary_resource': 'extra_gpu', 'gpu': False, 'verbose': False, 'lr_config': {'mode': 'log', 'steps': 5, 'initial_lr': 0.005, 'target_lr': 0.005}, 'batch_per_device': 128}",46.90234184265137,0,1,1279.2479096139305,1,12.161866188049316
0.0174330472946167,0.03228056279918815,0.0007062911987304688,0.0018608527415243867,0.027838754653930663,nan,0.0,0.047670936584472655,0.3325999826192856,4.940487465953827,-0.3319999873638153,nan,0.0,nan,0.0,nan,0.0,0.31610000133514404,2.1802316235351564,nan,0.0,0.3319999873638153,8.009470303726197,nan,0.0,60000,1,False,,,2,-4.940487465953827,f606cf6e6c884e3985a6b8187a057ae6,2019-06-06_07-26-52,1559831212,40.79999589920044,87.7023377418518,25116,steropes,169.229.49.254,"{'starting_lr': 0.005, 'momentum': 0.95, 'weight_decay': 0.0001, 'steps_per_iteration': None, 'pin': False, 'model_creator': None, 'target_batch_size': 128, 'model_string': 'resnet50', 'min_batch_size': 128, 'dataset': 'CIFAR', 'placement': None, 'use_nccl': True, 'devices_per_worker': 1, 'primary_resource': 'extra_gpu', 'gpu': False, 'verbose': False, 'lr_config': {'mode': 'log', 'steps': 5, 'initial_lr': 0.005, 'target_lr': 0.005}, 'batch_per_device': 128}",87.7023377418518,0,2,1368.2596585924157,1,12.161866188049316
0.017266106605529786,0.03190627279160898,0.0006741523742675781,0.0017990035474147942,0.028250360488891603,nan,0.0,0.04729797840118408,0.3430333137512207,4.108159547487895,-0.36389997601509094,nan,0.0,nan,0.0,nan,0.0,0.2855599820613861,2.266317840499878,nan,0.0,0.36389997601509094,2.44350371055603,nan,0.0,60000,1,False,,,3,-4.108159547487895,f606cf6e6c884e3985a6b8187a057ae6,2019-06-06_07-27-32,1559831252,40.43699765205383,128.13933539390564,25116,steropes,169.229.49.254,"{'starting_lr': 0.005, 'momentum': 0.95, 'weight_decay': 0.0001, 'steps_per_iteration': None, 'pin': False, 'model_creator': None, 'target_batch_size': 128, 'model_string': 'resnet50', 'min_batch_size': 128, 'dataset': 'CIFAR', 'placement': None, 'use_nccl': True, 'devices_per_worker': 1, 'primary_resource': 'extra_gpu', 'gpu': False, 'verbose': False, 'lr_config': {'mode': 'log', 'steps': 5, 'initial_lr': 0.005, 'target_lr': 0.005}, 'batch_per_device': 128}",128.13933539390564,0,3,1404.7164735759063,1,12.161866188049316
0.01749143600463867,0.031479452229753326,0.0006924629211425781,0.0018375291848731468,0.028273987770080566,nan,0.0,0.04832746982574463,0.35452498495578766,3.523230520534515,-0.3889999985694885,nan,0.0,nan,0.0,nan,0.0,0.36855998635292053,1.9076424489593506,nan,0.0,0.3889999985694885,1.7684434396743773,nan,0.0,60000,1,False,,,4,-3.523230520534515,f606cf6e6c884e3985a6b8187a057ae6,2019-06-06_07-28-13,1559831293,40.49613428115845,168.6354696750641,25116,steropes,169.229.49.254,"{'starting_lr': 0.005, 'momentum': 0.95, 'weight_decay': 0.0001, 'steps_per_iteration': None, 'pin': False, 'model_creator': None, 'target_batch_size': 128, 'model_string': 'resnet50', 'min_batch_size': 128, 'dataset': 'CIFAR', 'placement': None, 'use_nccl': True, 'devices_per_worker': 1, 'primary_resource': 'extra_gpu', 'gpu': False, 'verbose': False, 'lr_config': {'mode': 'log', 'steps': 5, 'initial_lr': 0.005, 'target_lr': 0.005}, 'batch_per_device': 128}",168.6354696750641,0,4,1423.1840629528378,1,12.161866188049316
0.017812442779541016,0.03141229062140742,0.0006792545318603516,0.0018226612559364885,0.02842116355895996,nan,0.0,0.048363471031188966,0.3682799875736237,3.162291054229736,-0.42329999804496765,nan,0.0,nan,0.0,nan,0.0,0.3871600031852722,1.847792185935974,nan,0.0,0.42329999804496765,1.7185331890106201,nan,0.0,60000,1,False,,,5,-3.162291054229736,f606cf6e6c884e3985a6b8187a057ae6,2019-06-06_07-28-53,1559831333,40.59109854698181,209.2265682220459,25116,steropes,169.229.49.254,"{'starting_lr': 0.005, 'momentum': 0.95, 'weight_decay': 0.0001, 'steps_per_iteration': None, 'pin': False, 'model_creator': None, 'target_batch_size': 128, 'model_string': 'resnet50', 'min_batch_size': 128, 'dataset': 'CIFAR', 'placement': None, 'use_nccl': True, 'devices_per_worker': 1, 'primary_resource': 'extra_gpu', 'gpu': False, 'verbose': False, 'lr_config': {'mode': 'log', 'steps': 5, 'initial_lr': 0.005, 'target_lr': 0.005}, 'batch_per_device': 128}",209.2265682220459,0,5,1433.8484905642156,1,12.161866188049316
0.018010401725769044,0.03183316279061233,0.0006774663925170898,0.0018087512696795451,0.02802321910858154,nan,0.0,0.047603297233581546,0.3934999883174896,3.8484518813705444,-0.4592999815940857,nan,0.0,nan,0.0,nan,0.0,0.4104200005531311,1.77295553855896,nan,0.0,0.4592999815940857,5.302308763885498,nan,0.0,60000,1,False,,,6,-3.8484518813705444,f606cf6e6c884e3985a6b8187a057ae6,2019-06-06_07-29-34,1559831374,40.55521774291992,249.78178596496582,25116,steropes,169.229.49.254,"{'starting_lr': 0.005, 'momentum': 0.95, 'weight_decay': 0.0001, 'steps_per_iteration': None, 'pin': False, 'model_creator': None, 'target_batch_size': 128, 'model_string': 'resnet50', 'min_batch_size': 128, 'dataset': 'CIFAR', 'placement': None, 'use_nccl': True, 'devices_per_worker': 1, 'primary_resource': 'extra_gpu', 'gpu': False, 'verbose': False, 'lr_config': {'mode': 'log', 'steps': 5, 'initial_lr': 0.005, 'target_lr': 0.005}, 'batch_per_device': 128}",249.78178596496582,0,6,1478.7076333947307,1,12.161866188049316
0.017562103271484376,0.03254102453400817,0.0006685018539428711,0.0018396676348908173,0.027922606468200682,nan,0.0,0.047253203392028806,0.4214999914169312,2.558122065048218,-0.47200000286102295,nan,0.0,nan,0.0,nan,0.0,0.43799999356269836,1.7080123394012452,nan,0.0,0.47200000286102295,1.557821222114563,nan,0.0,60000,1,False,,,7,-2.558122065048218,f606cf6e6c884e3985a6b8187a057ae6,2019-06-06_07-30-15,1559831415,40.61625838279724,290.39804434776306,25116,steropes,169.229.49.254,"{'starting_lr': 0.005, 'momentum': 0.95, 'weight_decay': 0.0001, 'steps_per_iteration': None, 'pin': False, 'model_creator': None, 'target_batch_size': 128, 'model_string': 'resnet50', 'min_batch_size': 128, 'dataset': 'CIFAR', 'placement': None, 'use_nccl': True, 'devices_per_worker': 1, 'primary_resource': 'extra_gpu', 'gpu': False, 'verbose': False, 'lr_config': {'mode': 'log', 'steps': 5, 'initial_lr': 0.005, 'target_lr': 0.005}, 'batch_per_device': 128}",290.39804434776306,0,7,1480.0481161208777,1,12.161866188049316
0.017263007164001466,0.03177116792413253,0.0006836414337158203,0.001814778198671463,0.027982282638549804,nan,0.0,0.04841582775115967,0.432859992980957,2.773681628417969,-0.42069998383522034,nan,0.0,nan,0.0,nan,0.0,0.44293999671936035,1.663829651222229,nan,0.0,0.42069998383522034,3.521301527404785,nan,0.0,60000,1,True,,,8,-2.773681628417969,f606cf6e6c884e3985a6b8187a057ae6,2019-06-06_07-30-55,1559831455,40.50177240371704,330.8998167514801,25116,steropes,169.229.49.254,"{'starting_lr': 0.005, 'momentum': 0.95, 'weight_decay': 0.0001, 'steps_per_iteration': None, 'pin': False, 'model_creator': None, 'target_batch_size': 128, 'model_string': 'resnet50', 'min_batch_size': 128, 'dataset': 'CIFAR', 'placement': None, 'use_nccl': True, 'devices_per_worker': 1, 'primary_resource': 'extra_gpu', 'gpu': False, 'verbose': False, 'lr_config': {'mode': 'log', 'steps': 5, 'initial_lr': 0.005, 'target_lr': 0.005}, 'batch_per_device': 128}",330.8998167514801,0,8,1479.5753535653644,1,12.161866188049316
