{"apply": 0.017726945877075195, "batch_time": 0.04141598109957538, "d2h": 0.0006729602813720703, "data_time": 0.0019235690231518368, "fwd": 0.11872484683990478, "get_state_time_mean": NaN, "get_state_time_total": 0.0, "grad": 0.2544985055923462, "mean_accuracy": 0.33319997787475586, "mean_loss": 1.8715046281814576, "neg_mean_accuracy": -0.33319997787475586, "set_state_time_mean": NaN, "set_state_time_total": 0.0, "setup_model_time_mean": 11.625455617904663, "setup_model_time_total": 11.625455617904663, "setup_proc_time_mean": 0.4330790042877197, "setup_proc_time_total": 0.4330790042877197, "train_accuracy": 0.25025999546051025, "train_loss": 2.610923719520569, "training_time_mean": NaN, "training_time_total": 0.0, "val_accuracy": 0.33319997787475586, "val_loss": 1.8715046281814576, "validation_time_mean": NaN, "validation_time_total": 0.0, "samples": 60000, "num_workers": 1, "done": false, "timesteps_total": null, "episodes_total": null, "training_iteration": 1, "neg_mean_loss": -1.8715046281814576, "experiment_id": "f606cf6e6c884e3985a6b8187a057ae6", "date": "2019-06-06_07-26-11", "timestamp": 1559831171, "time_this_iter_s": 46.90234184265137, "time_total_s": 46.90234184265137, "pid": 25116, "hostname": "steropes", "node_ip": "169.229.49.254", "config": {"starting_lr": 0.005, "momentum": 0.95, "weight_decay": 0.0001, "steps_per_iteration": null, "pin": false, "model_creator": null, "target_batch_size": 128, "model_string": "resnet50", "min_batch_size": 128, "dataset": "CIFAR", "placement": null, "use_nccl": true, "devices_per_worker": 1, "primary_resource": "extra_gpu", "gpu": false, "verbose": false, "lr_config": {"mode": "log", "steps": 5, "initial_lr": 0.005, "target_lr": 0.005}, "batch_per_device": 128}, "time_since_restore": 46.90234184265137, "timesteps_since_restore": 0, "iterations_since_restore": 1, "mean_throughput": 1279.2479096139305, "atoms": 1, "setup_time": 12.161866188049316}
{"apply": 0.0174330472946167, "batch_time": 0.03228056279918815, "d2h": 0.0007062911987304688, "data_time": 0.0018608527415243867, "fwd": 0.027838754653930663, "get_state_time_mean": NaN, "get_state_time_total": 0.0, "grad": 0.047670936584472655, "mean_accuracy": 0.3325999826192856, "mean_loss": 4.940487465953827, "neg_mean_accuracy": -0.3319999873638153, "set_state_time_mean": NaN, "set_state_time_total": 0.0, "setup_model_time_mean": NaN, "setup_model_time_total": 0.0, "setup_proc_time_mean": NaN, "setup_proc_time_total": 0.0, "train_accuracy": 0.31610000133514404, "train_loss": 2.1802316235351564, "training_time_mean": NaN, "training_time_total": 0.0, "val_accuracy": 0.3319999873638153, "val_loss": 8.009470303726197, "validation_time_mean": NaN, "validation_time_total": 0.0, "samples": 60000, "num_workers": 1, "done": false, "timesteps_total": null, "episodes_total": null, "training_iteration": 2, "neg_mean_loss": -4.940487465953827, "experiment_id": "f606cf6e6c884e3985a6b8187a057ae6", "date": "2019-06-06_07-26-52", "timestamp": 1559831212, "time_this_iter_s": 40.79999589920044, "time_total_s": 87.7023377418518, "pid": 25116, "hostname": "steropes", "node_ip": "169.229.49.254", "config": {"starting_lr": 0.005, "momentum": 0.95, "weight_decay": 0.0001, "steps_per_iteration": null, "pin": false, "model_creator": null, "target_batch_size": 128, "model_string": "resnet50", "min_batch_size": 128, "dataset": "CIFAR", "placement": null, "use_nccl": true, "devices_per_worker": 1, "primary_resource": "extra_gpu", "gpu": false, "verbose": false, "lr_config": {"mode": "log", "steps": 5, "initial_lr": 0.005, "target_lr": 0.005}, "batch_per_device": 128}, "time_since_restore": 87.7023377418518, "timesteps_since_restore": 0, "iterations_since_restore": 2, "mean_throughput": 1368.2596585924157, "atoms": 1, "setup_time": 12.161866188049316}
{"apply": 0.017266106605529786, "batch_time": 0.03190627279160898, "d2h": 0.0006741523742675781, "data_time": 0.0017990035474147942, "fwd": 0.028250360488891603, "get_state_time_mean": NaN, "get_state_time_total": 0.0, "grad": 0.04729797840118408, "mean_accuracy": 0.3430333137512207, "mean_loss": 4.108159547487895, "neg_mean_accuracy": -0.36389997601509094, "set_state_time_mean": NaN, "set_state_time_total": 0.0, "setup_model_time_mean": NaN, "setup_model_time_total": 0.0, "setup_proc_time_mean": NaN, "setup_proc_time_total": 0.0, "train_accuracy": 0.2855599820613861, "train_loss": 2.266317840499878, "training_time_mean": NaN, "training_time_total": 0.0, "val_accuracy": 0.36389997601509094, "val_loss": 2.44350371055603, "validation_time_mean": NaN, "validation_time_total": 0.0, "samples": 60000, "num_workers": 1, "done": false, "timesteps_total": null, "episodes_total": null, "training_iteration": 3, "neg_mean_loss": -4.108159547487895, "experiment_id": "f606cf6e6c884e3985a6b8187a057ae6", "date": "2019-06-06_07-27-32", "timestamp": 1559831252, "time_this_iter_s": 40.43699765205383, "time_total_s": 128.13933539390564, "pid": 25116, "hostname": "steropes", "node_ip": "169.229.49.254", "config": {"starting_lr": 0.005, "momentum": 0.95, "weight_decay": 0.0001, "steps_per_iteration": null, "pin": false, "model_creator": null, "target_batch_size": 128, "model_string": "resnet50", "min_batch_size": 128, "dataset": "CIFAR", "placement": null, "use_nccl": true, "devices_per_worker": 1, "primary_resource": "extra_gpu", "gpu": false, "verbose": false, "lr_config": {"mode": "log", "steps": 5, "initial_lr": 0.005, "target_lr": 0.005}, "batch_per_device": 128}, "time_since_restore": 128.13933539390564, "timesteps_since_restore": 0, "iterations_since_restore": 3, "mean_throughput": 1404.7164735759063, "atoms": 1, "setup_time": 12.161866188049316}
{"apply": 0.01749143600463867, "batch_time": 0.031479452229753326, "d2h": 0.0006924629211425781, "data_time": 0.0018375291848731468, "fwd": 0.028273987770080566, "get_state_time_mean": NaN, "get_state_time_total": 0.0, "grad": 0.04832746982574463, "mean_accuracy": 0.35452498495578766, "mean_loss": 3.523230520534515, "neg_mean_accuracy": -0.3889999985694885, "set_state_time_mean": NaN, "set_state_time_total": 0.0, "setup_model_time_mean": NaN, "setup_model_time_total": 0.0, "setup_proc_time_mean": NaN, "setup_proc_time_total": 0.0, "train_accuracy": 0.36855998635292053, "train_loss": 1.9076424489593506, "training_time_mean": NaN, "training_time_total": 0.0, "val_accuracy": 0.3889999985694885, "val_loss": 1.7684434396743773, "validation_time_mean": NaN, "validation_time_total": 0.0, "samples": 60000, "num_workers": 1, "done": false, "timesteps_total": null, "episodes_total": null, "training_iteration": 4, "neg_mean_loss": -3.523230520534515, "experiment_id": "f606cf6e6c884e3985a6b8187a057ae6", "date": "2019-06-06_07-28-13", "timestamp": 1559831293, "time_this_iter_s": 40.49613428115845, "time_total_s": 168.6354696750641, "pid": 25116, "hostname": "steropes", "node_ip": "169.229.49.254", "config": {"starting_lr": 0.005, "momentum": 0.95, "weight_decay": 0.0001, "steps_per_iteration": null, "pin": false, "model_creator": null, "target_batch_size": 128, "model_string": "resnet50", "min_batch_size": 128, "dataset": "CIFAR", "placement": null, "use_nccl": true, "devices_per_worker": 1, "primary_resource": "extra_gpu", "gpu": false, "verbose": false, "lr_config": {"mode": "log", "steps": 5, "initial_lr": 0.005, "target_lr": 0.005}, "batch_per_device": 128}, "time_since_restore": 168.6354696750641, "timesteps_since_restore": 0, "iterations_since_restore": 4, "mean_throughput": 1423.1840629528378, "atoms": 1, "setup_time": 12.161866188049316}
{"apply": 0.017812442779541016, "batch_time": 0.03141229062140742, "d2h": 0.0006792545318603516, "data_time": 0.0018226612559364885, "fwd": 0.02842116355895996, "get_state_time_mean": NaN, "get_state_time_total": 0.0, "grad": 0.048363471031188966, "mean_accuracy": 0.3682799875736237, "mean_loss": 3.162291054229736, "neg_mean_accuracy": -0.42329999804496765, "set_state_time_mean": NaN, "set_state_time_total": 0.0, "setup_model_time_mean": NaN, "setup_model_time_total": 0.0, "setup_proc_time_mean": NaN, "setup_proc_time_total": 0.0, "train_accuracy": 0.3871600031852722, "train_loss": 1.847792185935974, "training_time_mean": NaN, "training_time_total": 0.0, "val_accuracy": 0.42329999804496765, "val_loss": 1.7185331890106201, "validation_time_mean": NaN, "validation_time_total": 0.0, "samples": 60000, "num_workers": 1, "done": false, "timesteps_total": null, "episodes_total": null, "training_iteration": 5, "neg_mean_loss": -3.162291054229736, "experiment_id": "f606cf6e6c884e3985a6b8187a057ae6", "date": "2019-06-06_07-28-53", "timestamp": 1559831333, "time_this_iter_s": 40.59109854698181, "time_total_s": 209.2265682220459, "pid": 25116, "hostname": "steropes", "node_ip": "169.229.49.254", "config": {"starting_lr": 0.005, "momentum": 0.95, "weight_decay": 0.0001, "steps_per_iteration": null, "pin": false, "model_creator": null, "target_batch_size": 128, "model_string": "resnet50", "min_batch_size": 128, "dataset": "CIFAR", "placement": null, "use_nccl": true, "devices_per_worker": 1, "primary_resource": "extra_gpu", "gpu": false, "verbose": false, "lr_config": {"mode": "log", "steps": 5, "initial_lr": 0.005, "target_lr": 0.005}, "batch_per_device": 128}, "time_since_restore": 209.2265682220459, "timesteps_since_restore": 0, "iterations_since_restore": 5, "mean_throughput": 1433.8484905642156, "atoms": 1, "setup_time": 12.161866188049316}
{"apply": 0.018010401725769044, "batch_time": 0.03183316279061233, "d2h": 0.0006774663925170898, "data_time": 0.0018087512696795451, "fwd": 0.02802321910858154, "get_state_time_mean": NaN, "get_state_time_total": 0.0, "grad": 0.047603297233581546, "mean_accuracy": 0.3934999883174896, "mean_loss": 3.8484518813705444, "neg_mean_accuracy": -0.4592999815940857, "set_state_time_mean": NaN, "set_state_time_total": 0.0, "setup_model_time_mean": NaN, "setup_model_time_total": 0.0, "setup_proc_time_mean": NaN, "setup_proc_time_total": 0.0, "train_accuracy": 0.4104200005531311, "train_loss": 1.77295553855896, "training_time_mean": NaN, "training_time_total": 0.0, "val_accuracy": 0.4592999815940857, "val_loss": 5.302308763885498, "validation_time_mean": NaN, "validation_time_total": 0.0, "samples": 60000, "num_workers": 1, "done": false, "timesteps_total": null, "episodes_total": null, "training_iteration": 6, "neg_mean_loss": -3.8484518813705444, "experiment_id": "f606cf6e6c884e3985a6b8187a057ae6", "date": "2019-06-06_07-29-34", "timestamp": 1559831374, "time_this_iter_s": 40.55521774291992, "time_total_s": 249.78178596496582, "pid": 25116, "hostname": "steropes", "node_ip": "169.229.49.254", "config": {"starting_lr": 0.005, "momentum": 0.95, "weight_decay": 0.0001, "steps_per_iteration": null, "pin": false, "model_creator": null, "target_batch_size": 128, "model_string": "resnet50", "min_batch_size": 128, "dataset": "CIFAR", "placement": null, "use_nccl": true, "devices_per_worker": 1, "primary_resource": "extra_gpu", "gpu": false, "verbose": false, "lr_config": {"mode": "log", "steps": 5, "initial_lr": 0.005, "target_lr": 0.005}, "batch_per_device": 128}, "time_since_restore": 249.78178596496582, "timesteps_since_restore": 0, "iterations_since_restore": 6, "mean_throughput": 1478.7076333947307, "atoms": 1, "setup_time": 12.161866188049316}
{"apply": 0.017562103271484376, "batch_time": 0.03254102453400817, "d2h": 0.0006685018539428711, "data_time": 0.0018396676348908173, "fwd": 0.027922606468200682, "get_state_time_mean": NaN, "get_state_time_total": 0.0, "grad": 0.047253203392028806, "mean_accuracy": 0.4214999914169312, "mean_loss": 2.558122065048218, "neg_mean_accuracy": -0.47200000286102295, "set_state_time_mean": NaN, "set_state_time_total": 0.0, "setup_model_time_mean": NaN, "setup_model_time_total": 0.0, "setup_proc_time_mean": NaN, "setup_proc_time_total": 0.0, "train_accuracy": 0.43799999356269836, "train_loss": 1.7080123394012452, "training_time_mean": NaN, "training_time_total": 0.0, "val_accuracy": 0.47200000286102295, "val_loss": 1.557821222114563, "validation_time_mean": NaN, "validation_time_total": 0.0, "samples": 60000, "num_workers": 1, "done": false, "timesteps_total": null, "episodes_total": null, "training_iteration": 7, "neg_mean_loss": -2.558122065048218, "experiment_id": "f606cf6e6c884e3985a6b8187a057ae6", "date": "2019-06-06_07-30-15", "timestamp": 1559831415, "time_this_iter_s": 40.61625838279724, "time_total_s": 290.39804434776306, "pid": 25116, "hostname": "steropes", "node_ip": "169.229.49.254", "config": {"starting_lr": 0.005, "momentum": 0.95, "weight_decay": 0.0001, "steps_per_iteration": null, "pin": false, "model_creator": null, "target_batch_size": 128, "model_string": "resnet50", "min_batch_size": 128, "dataset": "CIFAR", "placement": null, "use_nccl": true, "devices_per_worker": 1, "primary_resource": "extra_gpu", "gpu": false, "verbose": false, "lr_config": {"mode": "log", "steps": 5, "initial_lr": 0.005, "target_lr": 0.005}, "batch_per_device": 128}, "time_since_restore": 290.39804434776306, "timesteps_since_restore": 0, "iterations_since_restore": 7, "mean_throughput": 1480.0481161208777, "atoms": 1, "setup_time": 12.161866188049316}
{"apply": 0.017263007164001466, "batch_time": 0.03177116792413253, "d2h": 0.0006836414337158203, "data_time": 0.001814778198671463, "fwd": 0.027982282638549804, "get_state_time_mean": NaN, "get_state_time_total": 0.0, "grad": 0.04841582775115967, "mean_accuracy": 0.432859992980957, "mean_loss": 2.773681628417969, "neg_mean_accuracy": -0.42069998383522034, "set_state_time_mean": NaN, "set_state_time_total": 0.0, "setup_model_time_mean": NaN, "setup_model_time_total": 0.0, "setup_proc_time_mean": NaN, "setup_proc_time_total": 0.0, "train_accuracy": 0.44293999671936035, "train_loss": 1.663829651222229, "training_time_mean": NaN, "training_time_total": 0.0, "val_accuracy": 0.42069998383522034, "val_loss": 3.521301527404785, "validation_time_mean": NaN, "validation_time_total": 0.0, "samples": 60000, "num_workers": 1, "done": true, "timesteps_total": null, "episodes_total": null, "training_iteration": 8, "neg_mean_loss": -2.773681628417969, "experiment_id": "f606cf6e6c884e3985a6b8187a057ae6", "date": "2019-06-06_07-30-55", "timestamp": 1559831455, "time_this_iter_s": 40.50177240371704, "time_total_s": 330.8998167514801, "pid": 25116, "hostname": "steropes", "node_ip": "169.229.49.254", "config": {"starting_lr": 0.005, "momentum": 0.95, "weight_decay": 0.0001, "steps_per_iteration": null, "pin": false, "model_creator": null, "target_batch_size": 128, "model_string": "resnet50", "min_batch_size": 128, "dataset": "CIFAR", "placement": null, "use_nccl": true, "devices_per_worker": 1, "primary_resource": "extra_gpu", "gpu": false, "verbose": false, "lr_config": {"mode": "log", "steps": 5, "initial_lr": 0.005, "target_lr": 0.005}, "batch_per_device": 128}, "time_since_restore": 330.8998167514801, "timesteps_since_restore": 0, "iterations_since_restore": 8, "mean_throughput": 1479.5753535653644, "atoms": 1, "setup_time": 12.161866188049316}
