apply,batch_time,d2h,data_time,fwd,get_state_time_mean,get_state_time_total,grad,mean_accuracy,mean_loss,neg_mean_accuracy,set_state_time_mean,set_state_time_total,setup_model_time_mean,setup_model_time_total,setup_proc_time_mean,setup_proc_time_total,train_accuracy,train_loss,training_time_mean,training_time_total,val_accuracy,val_loss,validation_time_mean,validation_time_total,samples,num_workers,done,timesteps_total,episodes_total,training_iteration,neg_mean_loss,experiment_id,date,timestamp,time_this_iter_s,time_total_s,pid,hostname,node_ip,config,time_since_restore,timesteps_since_restore,iterations_since_restore,mean_throughput,atoms,setup_time
0.018163895606994628,0.04613552817815467,0.0007631301879882813,0.0018847141119525256,0.11885132789611816,nan,0.0,0.19873294830322266,0.19029998779296875,2.075405653953552,-0.19029998779296875,nan,0.0,16.007034063339233,16.007034063339233,1.7693414688110352,1.7693414688110352,0.1468600034713745,3.847054945640564,nan,0.0,0.19029998779296875,2.075405653953552,nan,0.0,60000,1,False,,,1,-2.075405653953552,78ace8e542f94ea59020bc37b19cd3a1,2019-06-06_09-28-24,1559838504,47.68896818161011,47.68896818161011,9132,steropes,169.229.49.254,"{'starting_lr': 0.05, 'momentum': 0.95, 'weight_decay': 0.005, 'steps_per_iteration': None, 'pin': False, 'model_creator': None, 'target_batch_size': 128, 'model_string': 'resnet50', 'min_batch_size': 128, 'dataset': 'CIFAR', 'placement': None, 'use_nccl': True, 'devices_per_worker': 1, 'primary_resource': 'extra_gpu', 'gpu': False, 'verbose': False, 'lr_config': {'mode': 'log', 'steps': 5, 'initial_lr': 0.05, 'target_lr': 0.05}, 'batch_per_device': 128}",47.68896818161011,0,1,1258.1502431375102,1,19.490403175354004
0.018521714210510253,0.03176830690118331,0.0008875846862792969,0.001829836374658453,0.02834186553955078,nan,0.0,0.04772076606750488,0.2688499838113785,1.902607748222351,-0.3473999798297882,nan,0.0,nan,0.0,nan,0.0,0.30041998624801636,1.8592565341186524,nan,0.0,0.3473999798297882,1.7298098424911499,nan,0.0,60000,1,False,,,2,-1.902607748222351,78ace8e542f94ea59020bc37b19cd3a1,2019-06-06_09-29-05,1559838545,41.5409677028656,89.22993588447571,9132,steropes,169.229.49.254,"{'starting_lr': 0.05, 'momentum': 0.95, 'weight_decay': 0.005, 'steps_per_iteration': None, 'pin': False, 'model_creator': None, 'target_batch_size': 128, 'model_string': 'resnet50', 'min_batch_size': 128, 'dataset': 'CIFAR', 'placement': None, 'use_nccl': True, 'devices_per_worker': 1, 'primary_resource': 'extra_gpu', 'gpu': False, 'verbose': False, 'lr_config': {'mode': 'log', 'steps': 5, 'initial_lr': 0.05, 'target_lr': 0.05}, 'batch_per_device': 128}",89.22993588447571,0,2,1344.8355752399525,1,19.490403175354004
0.01824686527252197,0.03231685071051875,0.0008183956146240234,0.0018297967398563004,0.028996920585632323,nan,0.0,0.05007381439208984,0.28563331564267475,1.922203199895223,-0.31919997930526733,nan,0.0,nan,0.0,nan,0.0,0.3518199920654297,1.7410854294204712,nan,0.0,0.31919997930526733,1.9613941032409667,nan,0.0,60000,1,False,,,3,-1.922203199895223,78ace8e542f94ea59020bc37b19cd3a1,2019-06-06_09-29-47,1559838587,42.002893924713135,131.23282980918884,9132,steropes,169.229.49.254,"{'starting_lr': 0.05, 'momentum': 0.95, 'weight_decay': 0.005, 'steps_per_iteration': None, 'pin': False, 'model_creator': None, 'target_batch_size': 128, 'model_string': 'resnet50', 'min_batch_size': 128, 'dataset': 'CIFAR', 'placement': None, 'use_nccl': True, 'devices_per_worker': 1, 'primary_resource': 'extra_gpu', 'gpu': False, 'verbose': False, 'lr_config': {'mode': 'log', 'steps': 5, 'initial_lr': 0.05, 'target_lr': 0.05}, 'batch_per_device': 128}",131.23282980918884,0,3,1371.6040512690424,1,19.490403175354004
0.018494153022766115,0.031944990158081055,0.0008431196212768555,0.0018101799518555936,0.028635478019714354,nan,0.0,0.0491391658782959,0.3144249841570854,1.8542297812461852,-0.4007999897003174,nan,0.0,nan,0.0,nan,0.0,0.37821999192237854,1.6940796186065674,nan,0.0,0.4007999897003174,1.6503095252990723,nan,0.0,60000,1,True,,,4,-1.8542297812461852,78ace8e542f94ea59020bc37b19cd3a1,2019-06-06_09-30-28,1559838628,41.21659541130066,172.4494252204895,9132,steropes,169.229.49.254,"{'starting_lr': 0.05, 'momentum': 0.95, 'weight_decay': 0.005, 'steps_per_iteration': None, 'pin': False, 'model_creator': None, 'target_batch_size': 128, 'model_string': 'resnet50', 'min_batch_size': 128, 'dataset': 'CIFAR', 'placement': None, 'use_nccl': True, 'devices_per_worker': 1, 'primary_resource': 'extra_gpu', 'gpu': False, 'verbose': False, 'lr_config': {'mode': 'log', 'steps': 5, 'initial_lr': 0.05, 'target_lr': 0.05}, 'batch_per_device': 128}",172.4494252204895,0,4,1391.7086549319117,1,19.490403175354004
