{"apply": 0.018163895606994628, "batch_time": 0.04613552817815467, "d2h": 0.0007631301879882813, "data_time": 0.0018847141119525256, "fwd": 0.11885132789611816, "get_state_time_mean": NaN, "get_state_time_total": 0.0, "grad": 0.19873294830322266, "mean_accuracy": 0.19029998779296875, "mean_loss": 2.075405653953552, "neg_mean_accuracy": -0.19029998779296875, "set_state_time_mean": NaN, "set_state_time_total": 0.0, "setup_model_time_mean": 16.007034063339233, "setup_model_time_total": 16.007034063339233, "setup_proc_time_mean": 1.7693414688110352, "setup_proc_time_total": 1.7693414688110352, "train_accuracy": 0.1468600034713745, "train_loss": 3.847054945640564, "training_time_mean": NaN, "training_time_total": 0.0, "val_accuracy": 0.19029998779296875, "val_loss": 2.075405653953552, "validation_time_mean": NaN, "validation_time_total": 0.0, "samples": 60000, "num_workers": 1, "done": false, "timesteps_total": null, "episodes_total": null, "training_iteration": 1, "neg_mean_loss": -2.075405653953552, "experiment_id": "78ace8e542f94ea59020bc37b19cd3a1", "date": "2019-06-06_09-28-24", "timestamp": 1559838504, "time_this_iter_s": 47.68896818161011, "time_total_s": 47.68896818161011, "pid": 9132, "hostname": "steropes", "node_ip": "169.229.49.254", "config": {"starting_lr": 0.05, "momentum": 0.95, "weight_decay": 0.005, "steps_per_iteration": null, "pin": false, "model_creator": null, "target_batch_size": 128, "model_string": "resnet50", "min_batch_size": 128, "dataset": "CIFAR", "placement": null, "use_nccl": true, "devices_per_worker": 1, "primary_resource": "extra_gpu", "gpu": false, "verbose": false, "lr_config": {"mode": "log", "steps": 5, "initial_lr": 0.05, "target_lr": 0.05}, "batch_per_device": 128}, "time_since_restore": 47.68896818161011, "timesteps_since_restore": 0, "iterations_since_restore": 1, "mean_throughput": 1258.1502431375102, "atoms": 1, "setup_time": 19.490403175354004}
{"apply": 0.018521714210510253, "batch_time": 0.03176830690118331, "d2h": 0.0008875846862792969, "data_time": 0.001829836374658453, "fwd": 0.02834186553955078, "get_state_time_mean": NaN, "get_state_time_total": 0.0, "grad": 0.04772076606750488, "mean_accuracy": 0.2688499838113785, "mean_loss": 1.902607748222351, "neg_mean_accuracy": -0.3473999798297882, "set_state_time_mean": NaN, "set_state_time_total": 0.0, "setup_model_time_mean": NaN, "setup_model_time_total": 0.0, "setup_proc_time_mean": NaN, "setup_proc_time_total": 0.0, "train_accuracy": 0.30041998624801636, "train_loss": 1.8592565341186524, "training_time_mean": NaN, "training_time_total": 0.0, "val_accuracy": 0.3473999798297882, "val_loss": 1.7298098424911499, "validation_time_mean": NaN, "validation_time_total": 0.0, "samples": 60000, "num_workers": 1, "done": false, "timesteps_total": null, "episodes_total": null, "training_iteration": 2, "neg_mean_loss": -1.902607748222351, "experiment_id": "78ace8e542f94ea59020bc37b19cd3a1", "date": "2019-06-06_09-29-05", "timestamp": 1559838545, "time_this_iter_s": 41.5409677028656, "time_total_s": 89.22993588447571, "pid": 9132, "hostname": "steropes", "node_ip": "169.229.49.254", "config": {"starting_lr": 0.05, "momentum": 0.95, "weight_decay": 0.005, "steps_per_iteration": null, "pin": false, "model_creator": null, "target_batch_size": 128, "model_string": "resnet50", "min_batch_size": 128, "dataset": "CIFAR", "placement": null, "use_nccl": true, "devices_per_worker": 1, "primary_resource": "extra_gpu", "gpu": false, "verbose": false, "lr_config": {"mode": "log", "steps": 5, "initial_lr": 0.05, "target_lr": 0.05}, "batch_per_device": 128}, "time_since_restore": 89.22993588447571, "timesteps_since_restore": 0, "iterations_since_restore": 2, "mean_throughput": 1344.8355752399525, "atoms": 1, "setup_time": 19.490403175354004}
{"apply": 0.01824686527252197, "batch_time": 0.03231685071051875, "d2h": 0.0008183956146240234, "data_time": 0.0018297967398563004, "fwd": 0.028996920585632323, "get_state_time_mean": NaN, "get_state_time_total": 0.0, "grad": 0.05007381439208984, "mean_accuracy": 0.28563331564267475, "mean_loss": 1.922203199895223, "neg_mean_accuracy": -0.31919997930526733, "set_state_time_mean": NaN, "set_state_time_total": 0.0, "setup_model_time_mean": NaN, "setup_model_time_total": 0.0, "setup_proc_time_mean": NaN, "setup_proc_time_total": 0.0, "train_accuracy": 0.3518199920654297, "train_loss": 1.7410854294204712, "training_time_mean": NaN, "training_time_total": 0.0, "val_accuracy": 0.31919997930526733, "val_loss": 1.9613941032409667, "validation_time_mean": NaN, "validation_time_total": 0.0, "samples": 60000, "num_workers": 1, "done": false, "timesteps_total": null, "episodes_total": null, "training_iteration": 3, "neg_mean_loss": -1.922203199895223, "experiment_id": "78ace8e542f94ea59020bc37b19cd3a1", "date": "2019-06-06_09-29-47", "timestamp": 1559838587, "time_this_iter_s": 42.002893924713135, "time_total_s": 131.23282980918884, "pid": 9132, "hostname": "steropes", "node_ip": "169.229.49.254", "config": {"starting_lr": 0.05, "momentum": 0.95, "weight_decay": 0.005, "steps_per_iteration": null, "pin": false, "model_creator": null, "target_batch_size": 128, "model_string": "resnet50", "min_batch_size": 128, "dataset": "CIFAR", "placement": null, "use_nccl": true, "devices_per_worker": 1, "primary_resource": "extra_gpu", "gpu": false, "verbose": false, "lr_config": {"mode": "log", "steps": 5, "initial_lr": 0.05, "target_lr": 0.05}, "batch_per_device": 128}, "time_since_restore": 131.23282980918884, "timesteps_since_restore": 0, "iterations_since_restore": 3, "mean_throughput": 1371.6040512690424, "atoms": 1, "setup_time": 19.490403175354004}
{"apply": 0.018494153022766115, "batch_time": 0.031944990158081055, "d2h": 0.0008431196212768555, "data_time": 0.0018101799518555936, "fwd": 0.028635478019714354, "get_state_time_mean": NaN, "get_state_time_total": 0.0, "grad": 0.0491391658782959, "mean_accuracy": 0.3144249841570854, "mean_loss": 1.8542297812461852, "neg_mean_accuracy": -0.4007999897003174, "set_state_time_mean": NaN, "set_state_time_total": 0.0, "setup_model_time_mean": NaN, "setup_model_time_total": 0.0, "setup_proc_time_mean": NaN, "setup_proc_time_total": 0.0, "train_accuracy": 0.37821999192237854, "train_loss": 1.6940796186065674, "training_time_mean": NaN, "training_time_total": 0.0, "val_accuracy": 0.4007999897003174, "val_loss": 1.6503095252990723, "validation_time_mean": NaN, "validation_time_total": 0.0, "samples": 60000, "num_workers": 1, "done": true, "timesteps_total": null, "episodes_total": null, "training_iteration": 4, "neg_mean_loss": -1.8542297812461852, "experiment_id": "78ace8e542f94ea59020bc37b19cd3a1", "date": "2019-06-06_09-30-28", "timestamp": 1559838628, "time_this_iter_s": 41.21659541130066, "time_total_s": 172.4494252204895, "pid": 9132, "hostname": "steropes", "node_ip": "169.229.49.254", "config": {"starting_lr": 0.05, "momentum": 0.95, "weight_decay": 0.005, "steps_per_iteration": null, "pin": false, "model_creator": null, "target_batch_size": 128, "model_string": "resnet50", "min_batch_size": 128, "dataset": "CIFAR", "placement": null, "use_nccl": true, "devices_per_worker": 1, "primary_resource": "extra_gpu", "gpu": false, "verbose": false, "lr_config": {"mode": "log", "steps": 5, "initial_lr": 0.05, "target_lr": 0.05}, "batch_per_device": 128}, "time_since_restore": 172.4494252204895, "timesteps_since_restore": 0, "iterations_since_restore": 4, "mean_throughput": 1391.7086549319117, "atoms": 1, "setup_time": 19.490403175354004}
