{"apply": 0.008083677291870118, "batch_time": 0.18475065231323243, "d2h": 0.005791354179382324, "data_time": 0.03196684681639379, "fwd": 0.07241508960723878, "get_state_time_mean": NaN, "get_state_time_total": 0.0, "grad": 0.16439366340637207, "mean_accuracy": 0.3951999843120575, "mean_loss": 1.6448500650405884, "neg_mean_accuracy": -0.3951999843120575, "set_state_time_mean": NaN, "set_state_time_total": 0.0, "setup_model_time_mean": 9.037566661834717, "setup_model_time_total": 9.037566661834717, "setup_proc_time_mean": 0.18303632736206055, "setup_proc_time_total": 0.18303632736206055, "train_accuracy": 0.2629599869251251, "train_loss": 2.532508459815979, "training_time_mean": NaN, "training_time_total": 0.0, "validation_time_mean": NaN, "validation_time_total": 0.0, "samples": 60000, "num_workers": 1, "done": false, "timesteps_total": null, "episodes_total": null, "training_iteration": 1, "neg_mean_loss": -1.6448500650405884, "experiment_id": "f9c024fdef494a4083aa169e162e9276", "date": "2019-05-30_15-18-53", "timestamp": 1559254733, "time_this_iter_s": 11.277247428894043, "time_total_s": 11.277247428894043, "pid": 12499, "hostname": "steropes", "node_ip": "169.229.49.254", "config": {"starting_lr": 0.005, "momentum": 0.9, "weight_decay": 0.005, "steps_per_iteration": null, "pin": false, "model_creator": null, "target_batch_size": 1024, "model_string": "resnet18", "min_batch_size": 512, "dataset": "CIFAR", "placement": null, "use_nccl": true, "devices_per_worker": 1, "primary_resource": "extra_gpu", "gpu": false, "verbose": false, "lr_config": {"mode": "log", "steps": 5, "initial_lr": 0.005, "target_lr": 0.005}, "batch_per_device": 1024}, "time_since_restore": 11.277247428894043, "timesteps_since_restore": 0, "iterations_since_restore": 1, "mean_throughput": 5320.357596660587, "atoms": 1}
{"apply": 0.008818101882934571, "batch_time": 0.1361997604370117, "d2h": 0.0062873601913452145, "data_time": 0.03896478244236538, "fwd": 0.023722124099731446, "get_state_time_mean": NaN, "get_state_time_total": 0.0, "grad": 0.051275777816772464, "mean_accuracy": 0.4649999737739563, "mean_loss": 1.4655575790405273, "neg_mean_accuracy": -0.4649999737739563, "set_state_time_mean": NaN, "set_state_time_total": 0.0, "setup_model_time_mean": NaN, "setup_model_time_total": 0.0, "setup_proc_time_mean": NaN, "setup_proc_time_total": 0.0, "train_accuracy": 0.4016599953174591, "train_loss": 1.6147035860443115, "training_time_mean": NaN, "training_time_total": 0.0, "validation_time_mean": NaN, "validation_time_total": 0.0, "samples": 60000, "num_workers": 1, "done": false, "timesteps_total": null, "episodes_total": null, "training_iteration": 2, "neg_mean_loss": -1.4655575790405273, "experiment_id": "f9c024fdef494a4083aa169e162e9276", "date": "2019-05-30_15-19-01", "timestamp": 1559254741, "time_this_iter_s": 7.845439195632935, "time_total_s": 19.122686624526978, "pid": 12499, "hostname": "steropes", "node_ip": "169.229.49.254", "config": {"starting_lr": 0.005, "momentum": 0.9, "weight_decay": 0.005, "steps_per_iteration": null, "pin": false, "model_creator": null, "target_batch_size": 1024, "model_string": "resnet18", "min_batch_size": 512, "dataset": "CIFAR", "placement": null, "use_nccl": true, "devices_per_worker": 1, "primary_resource": "extra_gpu", "gpu": false, "verbose": false, "lr_config": {"mode": "log", "steps": 5, "initial_lr": 0.005, "target_lr": 0.005}, "batch_per_device": 1024}, "time_since_restore": 19.122686624526978, "timesteps_since_restore": 0, "iterations_since_restore": 2, "mean_throughput": 6275.1803001746985, "atoms": 1}
{"apply": 0.010149025917053222, "batch_time": 0.15538294315338136, "d2h": 0.005942988395690918, "data_time": 0.04362588999222736, "fwd": 0.024379706382751463, "get_state_time_mean": NaN, "get_state_time_total": 0.0, "grad": 0.061371254920959475, "mean_accuracy": 0.49949997663497925, "mean_loss": 1.3775917514801026, "neg_mean_accuracy": -0.49949997663497925, "set_state_time_mean": NaN, "set_state_time_total": 0.0, "setup_model_time_mean": NaN, "setup_model_time_total": 0.0, "setup_proc_time_mean": NaN, "setup_proc_time_total": 0.0, "train_accuracy": 0.45555999875068665, "train_loss": 1.4834563620758057, "training_time_mean": NaN, "training_time_total": 0.0, "validation_time_mean": NaN, "validation_time_total": 0.0, "samples": 60000, "num_workers": 1, "done": false, "timesteps_total": null, "episodes_total": null, "training_iteration": 3, "neg_mean_loss": -1.3775917514801026, "experiment_id": "f9c024fdef494a4083aa169e162e9276", "date": "2019-05-30_15-19-10", "timestamp": 1559254750, "time_this_iter_s": 8.73304533958435, "time_total_s": 27.855731964111328, "pid": 12499, "hostname": "steropes", "node_ip": "169.229.49.254", "config": {"starting_lr": 0.005, "momentum": 0.9, "weight_decay": 0.005, "steps_per_iteration": null, "pin": false, "model_creator": null, "target_batch_size": 1024, "model_string": "resnet18", "min_batch_size": 512, "dataset": "CIFAR", "placement": null, "use_nccl": true, "devices_per_worker": 1, "primary_resource": "extra_gpu", "gpu": false, "verbose": false, "lr_config": {"mode": "log", "steps": 5, "initial_lr": 0.005, "target_lr": 0.005}, "batch_per_device": 1024}, "time_since_restore": 27.855731964111328, "timesteps_since_restore": 0, "iterations_since_restore": 3, "mean_throughput": 6461.78510128815, "atoms": 1}
{"apply": 0.008433055877685548, "batch_time": 0.1552424669265747, "d2h": 0.008125090599060058, "data_time": 0.03604990122269611, "fwd": 0.030429506301879884, "get_state_time_mean": NaN, "get_state_time_total": 0.0, "grad": 0.051807212829589847, "mean_accuracy": 0.5216000080108643, "mean_loss": 1.3205330278396605, "neg_mean_accuracy": -0.5216000080108643, "set_state_time_mean": NaN, "set_state_time_total": 0.0, "setup_model_time_mean": NaN, "setup_model_time_total": 0.0, "setup_proc_time_mean": NaN, "setup_proc_time_total": 0.0, "train_accuracy": 0.487419992685318, "train_loss": 1.4009971783065795, "training_time_mean": NaN, "training_time_total": 0.0, "validation_time_mean": NaN, "validation_time_total": 0.0, "samples": 60000, "num_workers": 1, "done": false, "timesteps_total": null, "episodes_total": null, "training_iteration": 4, "neg_mean_loss": -1.3205330278396605, "experiment_id": "f9c024fdef494a4083aa169e162e9276", "date": "2019-05-30_15-19-19", "timestamp": 1559254759, "time_this_iter_s": 8.640833377838135, "time_total_s": 36.49656534194946, "pid": 12499, "hostname": "steropes", "node_ip": "169.229.49.254", "config": {"starting_lr": 0.005, "momentum": 0.9, "weight_decay": 0.005, "steps_per_iteration": null, "pin": false, "model_creator": null, "target_batch_size": 1024, "model_string": "resnet18", "min_batch_size": 512, "dataset": "CIFAR", "placement": null, "use_nccl": true, "devices_per_worker": 1, "primary_resource": "extra_gpu", "gpu": false, "verbose": false, "lr_config": {"mode": "log", "steps": 5, "initial_lr": 0.005, "target_lr": 0.005}, "batch_per_device": 1024}, "time_since_restore": 36.49656534194946, "timesteps_since_restore": 0, "iterations_since_restore": 4, "mean_throughput": 6575.884241783074, "atoms": 1}
{"apply": 0.010266256332397462, "batch_time": 0.1557131290435791, "d2h": 0.006669306755065918, "data_time": 0.03357627927040567, "fwd": 0.03358151912689209, "get_state_time_mean": NaN, "get_state_time_total": 0.0, "grad": 0.050391864776611325, "mean_accuracy": 0.5516999959945679, "mean_loss": 1.246270816040039, "neg_mean_accuracy": -0.5516999959945679, "set_state_time_mean": NaN, "set_state_time_total": 0.0, "setup_model_time_mean": NaN, "setup_model_time_total": 0.0, "setup_proc_time_mean": NaN, "setup_proc_time_total": 0.0, "train_accuracy": 0.522059977054596, "train_loss": 1.315673918685913, "training_time_mean": NaN, "training_time_total": 0.0, "validation_time_mean": NaN, "validation_time_total": 0.0, "samples": 60000, "num_workers": 1, "done": false, "timesteps_total": null, "episodes_total": null, "training_iteration": 5, "neg_mean_loss": -1.246270816040039, "experiment_id": "f9c024fdef494a4083aa169e162e9276", "date": "2019-05-30_15-19-27", "timestamp": 1559254767, "time_this_iter_s": 8.249059677124023, "time_total_s": 44.745625019073486, "pid": 12499, "hostname": "steropes", "node_ip": "169.229.49.254", "config": {"starting_lr": 0.005, "momentum": 0.9, "weight_decay": 0.005, "steps_per_iteration": null, "pin": false, "model_creator": null, "target_batch_size": 1024, "model_string": "resnet18", "min_batch_size": 512, "dataset": "CIFAR", "placement": null, "use_nccl": true, "devices_per_worker": 1, "primary_resource": "extra_gpu", "gpu": false, "verbose": false, "lr_config": {"mode": "log", "steps": 5, "initial_lr": 0.005, "target_lr": 0.005}, "batch_per_device": 1024}, "time_since_restore": 44.745625019073486, "timesteps_since_restore": 0, "iterations_since_restore": 5, "mean_throughput": 6704.489851836718, "atoms": 1}
{"apply": 0.008309626579284668, "batch_time": 0.14112484455108643, "d2h": 0.006069731712341308, "data_time": 0.03831382673613879, "fwd": 0.025734090805053712, "get_state_time_mean": NaN, "get_state_time_total": 0.0, "grad": 0.05264406204223633, "mean_accuracy": 0.5723999738693237, "mean_loss": 1.2021379800796508, "neg_mean_accuracy": -0.5723999738693237, "set_state_time_mean": NaN, "set_state_time_total": 0.0, "setup_model_time_mean": NaN, "setup_model_time_total": 0.0, "setup_proc_time_mean": NaN, "setup_proc_time_total": 0.0, "train_accuracy": 0.5424000024795532, "train_loss": 1.2584238887786865, "training_time_mean": NaN, "training_time_total": 0.0, "validation_time_mean": NaN, "validation_time_total": 0.0, "samples": 60000, "num_workers": 1, "done": false, "timesteps_total": null, "episodes_total": null, "training_iteration": 6, "neg_mean_loss": -1.2021379800796508, "experiment_id": "f9c024fdef494a4083aa169e162e9276", "date": "2019-05-30_15-19-35", "timestamp": 1559254775, "time_this_iter_s": 8.488993883132935, "time_total_s": 53.23461890220642, "pid": 12499, "hostname": "steropes", "node_ip": "169.229.49.254", "config": {"starting_lr": 0.005, "momentum": 0.9, "weight_decay": 0.005, "steps_per_iteration": null, "pin": false, "model_creator": null, "target_batch_size": 1024, "model_string": "resnet18", "min_batch_size": 512, "dataset": "CIFAR", "placement": null, "use_nccl": true, "devices_per_worker": 1, "primary_resource": "extra_gpu", "gpu": false, "verbose": false, "lr_config": {"mode": "log", "steps": 5, "initial_lr": 0.005, "target_lr": 0.005}, "batch_per_device": 1024}, "time_since_restore": 53.23461890220642, "timesteps_since_restore": 0, "iterations_since_restore": 6, "mean_throughput": 7150.046000579906, "atoms": 1}
{"apply": 0.008065438270568848, "batch_time": 0.15972938537597656, "d2h": 0.0060207128524780275, "data_time": 0.03974664941125987, "fwd": 0.028242206573486327, "get_state_time_mean": NaN, "get_state_time_total": 0.0, "grad": 0.06805243492126464, "mean_accuracy": 0.5849999785423279, "mean_loss": 1.1645572799682617, "neg_mean_accuracy": -0.5849999785423279, "set_state_time_mean": NaN, "set_state_time_total": 0.0, "setup_model_time_mean": NaN, "setup_model_time_total": 0.0, "setup_proc_time_mean": NaN, "setup_proc_time_total": 0.0, "train_accuracy": 0.570360004901886, "train_loss": 1.1913315213775635, "training_time_mean": NaN, "training_time_total": 0.0, "validation_time_mean": NaN, "validation_time_total": 0.0, "samples": 60000, "num_workers": 1, "done": false, "timesteps_total": null, "episodes_total": null, "training_iteration": 7, "neg_mean_loss": -1.1645572799682617, "experiment_id": "f9c024fdef494a4083aa169e162e9276", "date": "2019-05-30_15-19-44", "timestamp": 1559254784, "time_this_iter_s": 8.781530857086182, "time_total_s": 62.0161497592926, "pid": 12499, "hostname": "steropes", "node_ip": "169.229.49.254", "config": {"starting_lr": 0.005, "momentum": 0.9, "weight_decay": 0.005, "steps_per_iteration": null, "pin": false, "model_creator": null, "target_batch_size": 1024, "model_string": "resnet18", "min_batch_size": 512, "dataset": "CIFAR", "placement": null, "use_nccl": true, "devices_per_worker": 1, "primary_resource": "extra_gpu", "gpu": false, "verbose": false, "lr_config": {"mode": "log", "steps": 5, "initial_lr": 0.005, "target_lr": 0.005}, "batch_per_device": 1024}, "time_since_restore": 62.0161497592926, "timesteps_since_restore": 0, "iterations_since_restore": 7, "mean_throughput": 6994.006195377704, "atoms": 1}
{"apply": 0.012112021446228027, "batch_time": 0.13936183452606202, "d2h": 0.0060639619827270504, "data_time": 0.03531015649133799, "fwd": 0.03157172203063965, "get_state_time_mean": NaN, "get_state_time_total": 0.0, "grad": 0.060707259178161624, "mean_accuracy": 0.604200005531311, "mean_loss": 1.1128522647857666, "neg_mean_accuracy": -0.604200005531311, "set_state_time_mean": NaN, "set_state_time_total": 0.0, "setup_model_time_mean": NaN, "setup_model_time_total": 0.0, "setup_proc_time_mean": NaN, "setup_proc_time_total": 0.0, "train_accuracy": 0.5874199867248535, "train_loss": 1.1483440961837768, "training_time_mean": NaN, "training_time_total": 0.0, "validation_time_mean": NaN, "validation_time_total": 0.0, "samples": 60000, "num_workers": 1, "done": false, "timesteps_total": null, "episodes_total": null, "training_iteration": 8, "neg_mean_loss": -1.1128522647857666, "experiment_id": "f9c024fdef494a4083aa169e162e9276", "date": "2019-05-30_15-19-53", "timestamp": 1559254793, "time_this_iter_s": 8.580606698989868, "time_total_s": 70.59675645828247, "pid": 12499, "hostname": "steropes", "node_ip": "169.229.49.254", "config": {"starting_lr": 0.005, "momentum": 0.9, "weight_decay": 0.005, "steps_per_iteration": null, "pin": false, "model_creator": null, "target_batch_size": 1024, "model_string": "resnet18", "min_batch_size": 512, "dataset": "CIFAR", "placement": null, "use_nccl": true, "devices_per_worker": 1, "primary_resource": "extra_gpu", "gpu": false, "verbose": false, "lr_config": {"mode": "log", "steps": 5, "initial_lr": 0.005, "target_lr": 0.005}, "batch_per_device": 1024}, "time_since_restore": 70.59675645828247, "timesteps_since_restore": 0, "iterations_since_restore": 8, "mean_throughput": 7018.950456467301, "atoms": 1}
{"apply": 0.007753133773803711, "batch_time": 0.17419202327728273, "d2h": 0.008768200874328613, "data_time": 0.02677628945331184, "fwd": 0.03003973960876465, "get_state_time_mean": NaN, "get_state_time_total": 0.0, "grad": 0.06165132522583008, "mean_accuracy": 0.6157999634742737, "mean_loss": 1.0848849575042725, "neg_mean_accuracy": -0.6157999634742737, "set_state_time_mean": NaN, "set_state_time_total": 0.0, "setup_model_time_mean": NaN, "setup_model_time_total": 0.0, "setup_proc_time_mean": NaN, "setup_proc_time_total": 0.0, "train_accuracy": 0.6065199971199036, "train_loss": 1.1067166746902466, "training_time_mean": NaN, "training_time_total": 0.0, "validation_time_mean": NaN, "validation_time_total": 0.0, "samples": 60000, "num_workers": 1, "done": false, "timesteps_total": null, "episodes_total": null, "training_iteration": 9, "neg_mean_loss": -1.0848849575042725, "experiment_id": "f9c024fdef494a4083aa169e162e9276", "date": "2019-05-30_15-20-01", "timestamp": 1559254801, "time_this_iter_s": 8.629769325256348, "time_total_s": 79.22652578353882, "pid": 12499, "hostname": "steropes", "node_ip": "169.229.49.254", "config": {"starting_lr": 0.005, "momentum": 0.9, "weight_decay": 0.005, "steps_per_iteration": null, "pin": false, "model_creator": null, "target_batch_size": 1024, "model_string": "resnet18", "min_batch_size": 512, "dataset": "CIFAR", "placement": null, "use_nccl": true, "devices_per_worker": 1, "primary_resource": "extra_gpu", "gpu": false, "verbose": false, "lr_config": {"mode": "log", "steps": 5, "initial_lr": 0.005, "target_lr": 0.005}, "batch_per_device": 1024}, "time_since_restore": 79.22652578353882, "timesteps_since_restore": 0, "iterations_since_restore": 9, "mean_throughput": 7020.766599758474, "atoms": 1}
{"apply": 0.008796119689941406, "batch_time": 0.1449798345565796, "d2h": 0.0060651302337646484, "data_time": 0.04208536050757583, "fwd": 0.028011655807495116, "get_state_time_mean": NaN, "get_state_time_total": 0.0, "grad": 0.060266423225402835, "mean_accuracy": 0.6207999587059021, "mean_loss": 1.0772505043029785, "neg_mean_accuracy": -0.6207999587059021, "set_state_time_mean": NaN, "set_state_time_total": 0.0, "setup_model_time_mean": NaN, "setup_model_time_total": 0.0, "setup_proc_time_mean": NaN, "setup_proc_time_total": 0.0, "train_accuracy": 0.6177200078964233, "train_loss": 1.0701868164825439, "training_time_mean": NaN, "training_time_total": 0.0, "validation_time_mean": NaN, "validation_time_total": 0.0, "samples": 60000, "num_workers": 1, "done": false, "timesteps_total": null, "episodes_total": null, "training_iteration": 10, "neg_mean_loss": -1.0772505043029785, "experiment_id": "f9c024fdef494a4083aa169e162e9276", "date": "2019-05-30_15-20-10", "timestamp": 1559254810, "time_this_iter_s": 8.667035579681396, "time_total_s": 87.89356136322021, "pid": 12499, "hostname": "steropes", "node_ip": "169.229.49.254", "config": {"starting_lr": 0.005, "momentum": 0.9, "weight_decay": 0.005, "steps_per_iteration": null, "pin": false, "model_creator": null, "target_batch_size": 1024, "model_string": "resnet18", "min_batch_size": 512, "dataset": "CIFAR", "placement": null, "use_nccl": true, "devices_per_worker": 1, "primary_resource": "extra_gpu", "gpu": false, "verbose": false, "lr_config": {"mode": "log", "steps": 5, "initial_lr": 0.005, "target_lr": 0.005}, "batch_per_device": 1024}, "time_since_restore": 87.89356136322021, "timesteps_since_restore": 0, "iterations_since_restore": 10, "mean_throughput": 6952.757250571129, "atoms": 1}
{"apply": 0.01147303581237793, "batch_time": 0.13944737911224364, "d2h": 0.006422495841979981, "data_time": 0.03456985220617177, "fwd": 0.03545985221862793, "get_state_time_mean": NaN, "get_state_time_total": 0.0, "grad": 0.06572675704956055, "mean_accuracy": 0.6366999745368958, "mean_loss": 1.0362878154754638, "neg_mean_accuracy": -0.6366999745368958, "set_state_time_mean": NaN, "set_state_time_total": 0.0, "setup_model_time_mean": NaN, "setup_model_time_total": 0.0, "setup_proc_time_mean": NaN, "setup_proc_time_total": 0.0, "train_accuracy": 0.6249399781227112, "train_loss": 1.0504885621643067, "training_time_mean": NaN, "training_time_total": 0.0, "validation_time_mean": NaN, "validation_time_total": 0.0, "samples": 60000, "num_workers": 1, "done": false, "timesteps_total": null, "episodes_total": null, "training_iteration": 11, "neg_mean_loss": -1.0362878154754638, "experiment_id": "f9c024fdef494a4083aa169e162e9276", "date": "2019-05-30_15-20-18", "timestamp": 1559254818, "time_this_iter_s": 8.403708219528198, "time_total_s": 96.29726958274841, "pid": 12499, "hostname": "steropes", "node_ip": "169.229.49.254", "config": {"starting_lr": 0.005, "momentum": 0.9, "weight_decay": 0.005, "steps_per_iteration": null, "pin": false, "model_creator": null, "target_batch_size": 1024, "model_string": "resnet18", "min_batch_size": 512, "dataset": "CIFAR", "placement": null, "use_nccl": true, "devices_per_worker": 1, "primary_resource": "extra_gpu", "gpu": false, "verbose": false, "lr_config": {"mode": "log", "steps": 5, "initial_lr": 0.005, "target_lr": 0.005}, "batch_per_device": 1024}, "time_since_restore": 96.29726958274841, "timesteps_since_restore": 0, "iterations_since_restore": 11, "mean_throughput": 6966.527376299356, "atoms": 1}
{"apply": 0.008617424964904785, "batch_time": 0.13544065952301027, "d2h": 0.009934186935424805, "data_time": 0.035603138865256796, "fwd": 0.027408432960510255, "get_state_time_mean": NaN, "get_state_time_total": 0.0, "grad": 0.04838471412658692, "mean_accuracy": 0.6371999979019165, "mean_loss": 1.0287678827285767, "neg_mean_accuracy": -0.6371999979019165, "set_state_time_mean": NaN, "set_state_time_total": 0.0, "setup_model_time_mean": NaN, "setup_model_time_total": 0.0, "setup_proc_time_mean": NaN, "setup_proc_time_total": 0.0, "train_accuracy": 0.6412599682807922, "train_loss": 1.0102288150405885, "training_time_mean": NaN, "training_time_total": 0.0, "validation_time_mean": NaN, "validation_time_total": 0.0, "samples": 60000, "num_workers": 1, "done": false, "timesteps_total": null, "episodes_total": null, "training_iteration": 12, "neg_mean_loss": -1.0287678827285767, "experiment_id": "f9c024fdef494a4083aa169e162e9276", "date": "2019-05-30_15-20-27", "timestamp": 1559254827, "time_this_iter_s": 8.44090723991394, "time_total_s": 104.73817682266235, "pid": 12499, "hostname": "steropes", "node_ip": "169.229.49.254", "config": {"starting_lr": 0.005, "momentum": 0.9, "weight_decay": 0.005, "steps_per_iteration": null, "pin": false, "model_creator": null, "target_batch_size": 1024, "model_string": "resnet18", "min_batch_size": 512, "dataset": "CIFAR", "placement": null, "use_nccl": true, "devices_per_worker": 1, "primary_resource": "extra_gpu", "gpu": false, "verbose": false, "lr_config": {"mode": "log", "steps": 5, "initial_lr": 0.005, "target_lr": 0.005}, "batch_per_device": 1024}, "time_since_restore": 104.73817682266235, "timesteps_since_restore": 0, "iterations_since_restore": 12, "mean_throughput": 7022.07016987323, "atoms": 1}
{"apply": 0.008414459228515626, "batch_time": 0.12725694179534913, "d2h": 0.006240963935852051, "data_time": 0.03370045155895, "fwd": 0.02326953411102295, "get_state_time_mean": NaN, "get_state_time_total": 0.0, "grad": 0.045251321792602536, "mean_accuracy": 0.6548999547958374, "mean_loss": 0.9762222883224487, "neg_mean_accuracy": -0.6548999547958374, "set_state_time_mean": NaN, "set_state_time_total": 0.0, "setup_model_time_mean": NaN, "setup_model_time_total": 0.0, "setup_proc_time_mean": NaN, "setup_proc_time_total": 0.0, "train_accuracy": 0.6514999866485596, "train_loss": 0.9758830419158936, "training_time_mean": NaN, "training_time_total": 0.0, "validation_time_mean": NaN, "validation_time_total": 0.0, "samples": 60000, "num_workers": 1, "done": false, "timesteps_total": null, "episodes_total": null, "training_iteration": 13, "neg_mean_loss": -0.9762222883224487, "experiment_id": "f9c024fdef494a4083aa169e162e9276", "date": "2019-05-30_15-20-35", "timestamp": 1559254835, "time_this_iter_s": 7.750957250595093, "time_total_s": 112.48913407325745, "pid": 12499, "hostname": "steropes", "node_ip": "169.229.49.254", "config": {"starting_lr": 0.005, "momentum": 0.9, "weight_decay": 0.005, "steps_per_iteration": null, "pin": false, "model_creator": null, "target_batch_size": 1024, "model_string": "resnet18", "min_batch_size": 512, "dataset": "CIFAR", "placement": null, "use_nccl": true, "devices_per_worker": 1, "primary_resource": "extra_gpu", "gpu": false, "verbose": false, "lr_config": {"mode": "log", "steps": 5, "initial_lr": 0.005, "target_lr": 0.005}, "batch_per_device": 1024}, "time_since_restore": 112.48913407325745, "timesteps_since_restore": 0, "iterations_since_restore": 13, "mean_throughput": 7161.134215948492, "atoms": 1}
{"apply": 0.007852911949157715, "batch_time": 0.12802374362945557, "d2h": 0.004685449600219727, "data_time": 0.038631546254060706, "fwd": 0.023847103118896484, "get_state_time_mean": NaN, "get_state_time_total": 0.0, "grad": 0.04284157752990723, "mean_accuracy": 0.6527000069618225, "mean_loss": 0.9784845036506653, "neg_mean_accuracy": -0.6527000069618225, "set_state_time_mean": NaN, "set_state_time_total": 0.0, "setup_model_time_mean": NaN, "setup_model_time_total": 0.0, "setup_proc_time_mean": NaN, "setup_proc_time_total": 0.0, "train_accuracy": 0.6647799611091614, "train_loss": 0.9486221021461487, "training_time_mean": NaN, "training_time_total": 0.0, "validation_time_mean": NaN, "validation_time_total": 0.0, "samples": 60000, "num_workers": 1, "done": false, "timesteps_total": null, "episodes_total": null, "training_iteration": 14, "neg_mean_loss": -0.9784845036506653, "experiment_id": "f9c024fdef494a4083aa169e162e9276", "date": "2019-05-30_15-20-42", "timestamp": 1559254842, "time_this_iter_s": 7.336836099624634, "time_total_s": 119.82597017288208, "pid": 12499, "hostname": "steropes", "node_ip": "169.229.49.254", "config": {"starting_lr": 0.005, "momentum": 0.9, "weight_decay": 0.005, "steps_per_iteration": null, "pin": false, "model_creator": null, "target_batch_size": 1024, "model_string": "resnet18", "min_batch_size": 512, "dataset": "CIFAR", "placement": null, "use_nccl": true, "devices_per_worker": 1, "primary_resource": "extra_gpu", "gpu": false, "verbose": false, "lr_config": {"mode": "log", "steps": 5, "initial_lr": 0.005, "target_lr": 0.005}, "batch_per_device": 1024}, "time_since_restore": 119.82597017288208, "timesteps_since_restore": 0, "iterations_since_restore": 14, "mean_throughput": 7389.186748334889, "atoms": 1}
{"apply": 0.009013748168945313, "batch_time": 0.12675375938415528, "d2h": 0.005265665054321289, "data_time": 0.03405368084810218, "fwd": 0.029922175407409667, "get_state_time_mean": NaN, "get_state_time_total": 0.0, "grad": 0.04436438083648682, "mean_accuracy": 0.6694999933242798, "mean_loss": 0.9338759049415588, "neg_mean_accuracy": -0.6694999933242798, "set_state_time_mean": NaN, "set_state_time_total": 0.0, "setup_model_time_mean": NaN, "setup_model_time_total": 0.0, "setup_proc_time_mean": NaN, "setup_proc_time_total": 0.0, "train_accuracy": 0.6661399602890015, "train_loss": 0.935459603023529, "training_time_mean": NaN, "training_time_total": 0.0, "validation_time_mean": NaN, "validation_time_total": 0.0, "samples": 60000, "num_workers": 1, "done": false, "timesteps_total": null, "episodes_total": null, "training_iteration": 15, "neg_mean_loss": -0.9338759049415588, "experiment_id": "f9c024fdef494a4083aa169e162e9276", "date": "2019-05-30_15-20-49", "timestamp": 1559254849, "time_this_iter_s": 7.395905017852783, "time_total_s": 127.22187519073486, "pid": 12499, "hostname": "steropes", "node_ip": "169.229.49.254", "config": {"starting_lr": 0.005, "momentum": 0.9, "weight_decay": 0.005, "steps_per_iteration": null, "pin": false, "model_creator": null, "target_batch_size": 1024, "model_string": "resnet18", "min_batch_size": 512, "dataset": "CIFAR", "placement": null, "use_nccl": true, "devices_per_worker": 1, "primary_resource": "extra_gpu", "gpu": false, "verbose": false, "lr_config": {"mode": "log", "steps": 5, "initial_lr": 0.005, "target_lr": 0.005}, "batch_per_device": 1024}, "time_since_restore": 127.22187519073486, "timesteps_since_restore": 0, "iterations_since_restore": 15, "mean_throughput": 7628.008816010238, "atoms": 1}
{"apply": 0.00908658504486084, "batch_time": 0.15404555797576905, "d2h": 0.00903480052947998, "data_time": 0.03444818087986538, "fwd": 0.037795186042785645, "get_state_time_mean": NaN, "get_state_time_total": 0.0, "grad": 0.07493469715118409, "mean_accuracy": 0.6789999604225159, "mean_loss": 0.9159473024368286, "neg_mean_accuracy": -0.6789999604225159, "set_state_time_mean": NaN, "set_state_time_total": 0.0, "setup_model_time_mean": NaN, "setup_model_time_total": 0.0, "setup_proc_time_mean": NaN, "setup_proc_time_total": 0.0, "train_accuracy": 0.679099977016449, "train_loss": 0.9068194457435608, "training_time_mean": NaN, "training_time_total": 0.0, "validation_time_mean": NaN, "validation_time_total": 0.0, "samples": 60000, "num_workers": 1, "done": false, "timesteps_total": null, "episodes_total": null, "training_iteration": 16, "neg_mean_loss": -0.9159473024368286, "experiment_id": "f9c024fdef494a4083aa169e162e9276", "date": "2019-05-30_15-20-58", "timestamp": 1559254858, "time_this_iter_s": 8.228721141815186, "time_total_s": 135.45059633255005, "pid": 12499, "hostname": "steropes", "node_ip": "169.229.49.254", "config": {"starting_lr": 0.005, "momentum": 0.9, "weight_decay": 0.005, "steps_per_iteration": null, "pin": false, "model_creator": null, "target_batch_size": 1024, "model_string": "resnet18", "min_batch_size": 512, "dataset": "CIFAR", "placement": null, "use_nccl": true, "devices_per_worker": 1, "primary_resource": "extra_gpu", "gpu": false, "verbose": false, "lr_config": {"mode": "log", "steps": 5, "initial_lr": 0.005, "target_lr": 0.005}, "batch_per_device": 1024}, "time_since_restore": 135.45059633255005, "timesteps_since_restore": 0, "iterations_since_restore": 16, "mean_throughput": 7662.10022272553, "atoms": 1}
{"apply": 0.009082508087158204, "batch_time": 0.161202073097229, "d2h": 0.005469298362731934, "data_time": 0.03016939455149125, "fwd": 0.03079807758331299, "get_state_time_mean": NaN, "get_state_time_total": 0.0, "grad": 0.0664736270904541, "mean_accuracy": 0.675000011920929, "mean_loss": 0.9282492063522338, "neg_mean_accuracy": -0.675000011920929, "set_state_time_mean": NaN, "set_state_time_total": 0.0, "setup_model_time_mean": NaN, "setup_model_time_total": 0.0, "setup_proc_time_mean": NaN, "setup_proc_time_total": 0.0, "train_accuracy": 0.6895999908447266, "train_loss": 0.8784808216476441, "training_time_mean": NaN, "training_time_total": 0.0, "validation_time_mean": NaN, "validation_time_total": 0.0, "samples": 60000, "num_workers": 1, "done": false, "timesteps_total": null, "episodes_total": null, "training_iteration": 17, "neg_mean_loss": -0.9282492063522338, "experiment_id": "f9c024fdef494a4083aa169e162e9276", "date": "2019-05-30_15-21-06", "timestamp": 1559254866, "time_this_iter_s": 8.346095085144043, "time_total_s": 143.7966914176941, "pid": 12499, "hostname": "steropes", "node_ip": "169.229.49.254", "config": {"starting_lr": 0.005, "momentum": 0.9, "weight_decay": 0.005, "steps_per_iteration": null, "pin": false, "model_creator": null, "target_batch_size": 1024, "model_string": "resnet18", "min_batch_size": 512, "dataset": "CIFAR", "placement": null, "use_nccl": true, "devices_per_worker": 1, "primary_resource": "extra_gpu", "gpu": false, "verbose": false, "lr_config": {"mode": "log", "steps": 5, "initial_lr": 0.005, "target_lr": 0.005}, "batch_per_device": 1024}, "time_since_restore": 143.7966914176941, "timesteps_since_restore": 0, "iterations_since_restore": 17, "mean_throughput": 7680.700704549749, "atoms": 1}
{"apply": 0.008429932594299316, "batch_time": 0.15504379272460939, "d2h": 0.006141352653503418, "data_time": 0.0391924575883515, "fwd": 0.03389925956726074, "get_state_time_mean": NaN, "get_state_time_total": 0.0, "grad": 0.07089722156524658, "mean_accuracy": 0.6843000054359436, "mean_loss": 0.900638490486145, "neg_mean_accuracy": -0.6843000054359436, "set_state_time_mean": NaN, "set_state_time_total": 0.0, "setup_model_time_mean": NaN, "setup_model_time_total": 0.0, "setup_proc_time_mean": NaN, "setup_proc_time_total": 0.0, "train_accuracy": 0.6945799589157104, "train_loss": 0.8583427307510376, "training_time_mean": NaN, "training_time_total": 0.0, "validation_time_mean": NaN, "validation_time_total": 0.0, "samples": 60000, "num_workers": 1, "done": false, "timesteps_total": null, "episodes_total": null, "training_iteration": 18, "neg_mean_loss": -0.900638490486145, "experiment_id": "f9c024fdef494a4083aa169e162e9276", "date": "2019-05-30_15-21-15", "timestamp": 1559254875, "time_this_iter_s": 8.700424432754517, "time_total_s": 152.4971158504486, "pid": 12499, "hostname": "steropes", "node_ip": "169.229.49.254", "config": {"starting_lr": 0.005, "momentum": 0.9, "weight_decay": 0.005, "steps_per_iteration": null, "pin": false, "model_creator": null, "target_batch_size": 1024, "model_string": "resnet18", "min_batch_size": 512, "dataset": "CIFAR", "placement": null, "use_nccl": true, "devices_per_worker": 1, "primary_resource": "extra_gpu", "gpu": false, "verbose": false, "lr_config": {"mode": "log", "steps": 5, "initial_lr": 0.005, "target_lr": 0.005}, "batch_per_device": 1024}, "time_since_restore": 152.4971158504486, "timesteps_since_restore": 0, "iterations_since_restore": 18, "mean_throughput": 7498.427393041542, "atoms": 1}
{"apply": 0.00811309814453125, "batch_time": 0.14901859760284425, "d2h": 0.005865311622619629, "data_time": 0.035645494655686984, "fwd": 0.029003500938415527, "get_state_time_mean": NaN, "get_state_time_total": 0.0, "grad": 0.05821316242218018, "mean_accuracy": 0.6942999958992004, "mean_loss": 0.8883483565330506, "neg_mean_accuracy": -0.6942999958992004, "set_state_time_mean": NaN, "set_state_time_total": 0.0, "setup_model_time_mean": NaN, "setup_model_time_total": 0.0, "setup_proc_time_mean": NaN, "setup_proc_time_total": 0.0, "train_accuracy": 0.7026199698448181, "train_loss": 0.8384049377250672, "training_time_mean": NaN, "training_time_total": 0.0, "validation_time_mean": NaN, "validation_time_total": 0.0, "samples": 60000, "num_workers": 1, "done": false, "timesteps_total": null, "episodes_total": null, "training_iteration": 19, "neg_mean_loss": -0.8883483565330506, "experiment_id": "f9c024fdef494a4083aa169e162e9276", "date": "2019-05-30_15-21-23", "timestamp": 1559254883, "time_this_iter_s": 8.402240991592407, "time_total_s": 160.89935684204102, "pid": 12499, "hostname": "steropes", "node_ip": "169.229.49.254", "config": {"starting_lr": 0.005, "momentum": 0.9, "weight_decay": 0.005, "steps_per_iteration": null, "pin": false, "model_creator": null, "target_batch_size": 1024, "model_string": "resnet18", "min_batch_size": 512, "dataset": "CIFAR", "placement": null, "use_nccl": true, "devices_per_worker": 1, "primary_resource": "extra_gpu", "gpu": false, "verbose": false, "lr_config": {"mode": "log", "steps": 5, "initial_lr": 0.005, "target_lr": 0.005}, "batch_per_device": 1024}, "time_since_restore": 160.89935684204102, "timesteps_since_restore": 0, "iterations_since_restore": 19, "mean_throughput": 7303.927021005168, "atoms": 1}
{"apply": 0.009685921669006347, "batch_time": 0.14206082820892335, "d2h": 0.007250285148620606, "data_time": 0.030137816253973514, "fwd": 0.03209364414215088, "get_state_time_mean": NaN, "get_state_time_total": 0.0, "grad": 0.04869046211242676, "mean_accuracy": 0.6961999535560608, "mean_loss": 0.8597081238746643, "neg_mean_accuracy": -0.6961999535560608, "set_state_time_mean": NaN, "set_state_time_total": 0.0, "setup_model_time_mean": NaN, "setup_model_time_total": 0.0, "setup_proc_time_mean": NaN, "setup_proc_time_total": 0.0, "train_accuracy": 0.7078999876976013, "train_loss": 0.8220107925224304, "training_time_mean": NaN, "training_time_total": 0.0, "validation_time_mean": NaN, "validation_time_total": 0.0, "samples": 60000, "num_workers": 1, "done": false, "timesteps_total": null, "episodes_total": null, "training_iteration": 20, "neg_mean_loss": -0.8597081238746643, "experiment_id": "f9c024fdef494a4083aa169e162e9276", "date": "2019-05-30_15-21-31", "timestamp": 1559254891, "time_this_iter_s": 8.283089399337769, "time_total_s": 169.18244624137878, "pid": 12499, "hostname": "steropes", "node_ip": "169.229.49.254", "config": {"starting_lr": 0.005, "momentum": 0.9, "weight_decay": 0.005, "steps_per_iteration": null, "pin": false, "model_creator": null, "target_batch_size": 1024, "model_string": "resnet18", "min_batch_size": 512, "dataset": "CIFAR", "placement": null, "use_nccl": true, "devices_per_worker": 1, "primary_resource": "extra_gpu", "gpu": false, "verbose": false, "lr_config": {"mode": "log", "steps": 5, "initial_lr": 0.005, "target_lr": 0.005}, "batch_per_device": 1024}, "time_since_restore": 169.18244624137878, "timesteps_since_restore": 0, "iterations_since_restore": 20, "mean_throughput": 7149.499622436961, "atoms": 1}
{"apply": 0.008953666687011719, "batch_time": 0.16183075904846192, "d2h": 0.006346988677978516, "data_time": 0.04315466296916105, "fwd": 0.03508822917938233, "get_state_time_mean": NaN, "get_state_time_total": 0.0, "grad": 0.051546669006347655, "mean_accuracy": 0.7006999850273132, "mean_loss": 0.8577756038665771, "neg_mean_accuracy": -0.7006999850273132, "set_state_time_mean": NaN, "set_state_time_total": 0.0, "setup_model_time_mean": NaN, "setup_model_time_total": 0.0, "setup_proc_time_mean": NaN, "setup_proc_time_total": 0.0, "train_accuracy": 0.7138199806213379, "train_loss": 0.8056990090370179, "training_time_mean": NaN, "training_time_total": 0.0, "validation_time_mean": NaN, "validation_time_total": 0.0, "samples": 60000, "num_workers": 1, "done": false, "timesteps_total": null, "episodes_total": null, "training_iteration": 21, "neg_mean_loss": -0.8577756038665771, "experiment_id": "f9c024fdef494a4083aa169e162e9276", "date": "2019-05-30_15-21-40", "timestamp": 1559254900, "time_this_iter_s": 8.6784987449646, "time_total_s": 177.86094498634338, "pid": 12499, "hostname": "steropes", "node_ip": "169.229.49.254", "config": {"starting_lr": 0.005, "momentum": 0.9, "weight_decay": 0.005, "steps_per_iteration": null, "pin": false, "model_creator": null, "target_batch_size": 1024, "model_string": "resnet18", "min_batch_size": 512, "dataset": "CIFAR", "placement": null, "use_nccl": true, "devices_per_worker": 1, "primary_resource": "extra_gpu", "gpu": false, "verbose": false, "lr_config": {"mode": "log", "steps": 5, "initial_lr": 0.005, "target_lr": 0.005}, "batch_per_device": 1024}, "time_since_restore": 177.86094498634338, "timesteps_since_restore": 0, "iterations_since_restore": 21, "mean_throughput": 7073.677075405397, "atoms": 1}
{"apply": 0.008088326454162598, "batch_time": 0.15103588104248047, "d2h": 0.005200409889221191, "data_time": 0.0351125853402274, "fwd": 0.0279064416885376, "get_state_time_mean": NaN, "get_state_time_total": 0.0, "grad": 0.04905304908752441, "mean_accuracy": 0.7066999673843384, "mean_loss": 0.8377551199913025, "neg_mean_accuracy": -0.7066999673843384, "set_state_time_mean": NaN, "set_state_time_total": 0.0, "setup_model_time_mean": NaN, "setup_model_time_total": 0.0, "setup_proc_time_mean": NaN, "setup_proc_time_total": 0.0, "train_accuracy": 0.7194600105285645, "train_loss": 0.7922871570396424, "training_time_mean": NaN, "training_time_total": 0.0, "validation_time_mean": NaN, "validation_time_total": 0.0, "samples": 60000, "num_workers": 1, "done": false, "timesteps_total": null, "episodes_total": null, "training_iteration": 22, "neg_mean_loss": -0.8377551199913025, "experiment_id": "f9c024fdef494a4083aa169e162e9276", "date": "2019-05-30_15-21-48", "timestamp": 1559254908, "time_this_iter_s": 8.293590545654297, "time_total_s": 186.15453553199768, "pid": 12499, "hostname": "steropes", "node_ip": "169.229.49.254", "config": {"starting_lr": 0.005, "momentum": 0.9, "weight_decay": 0.005, "steps_per_iteration": null, "pin": false, "model_creator": null, "target_batch_size": 1024, "model_string": "resnet18", "min_batch_size": 512, "dataset": "CIFAR", "placement": null, "use_nccl": true, "devices_per_worker": 1, "primary_resource": "extra_gpu", "gpu": false, "verbose": false, "lr_config": {"mode": "log", "steps": 5, "initial_lr": 0.005, "target_lr": 0.005}, "batch_per_device": 1024}, "time_since_restore": 186.15453553199768, "timesteps_since_restore": 0, "iterations_since_restore": 22, "mean_throughput": 7082.445744177107, "atoms": 1}
{"apply": 0.007928061485290527, "batch_time": 0.15408124923706054, "d2h": 0.005244541168212891, "data_time": 0.03670851065188038, "fwd": 0.025479435920715332, "get_state_time_mean": NaN, "get_state_time_total": 0.0, "grad": 0.05271897315979004, "mean_accuracy": 0.7125999927520752, "mean_loss": 0.8220025291442871, "neg_mean_accuracy": -0.7125999927520752, "set_state_time_mean": NaN, "set_state_time_total": 0.0, "setup_model_time_mean": NaN, "setup_model_time_total": 0.0, "setup_proc_time_mean": NaN, "setup_proc_time_total": 0.0, "train_accuracy": 0.7270199656486511, "train_loss": 0.7749296585083008, "training_time_mean": NaN, "training_time_total": 0.0, "validation_time_mean": NaN, "validation_time_total": 0.0, "samples": 60000, "num_workers": 1, "done": false, "timesteps_total": null, "episodes_total": null, "training_iteration": 23, "neg_mean_loss": -0.8220025291442871, "experiment_id": "f9c024fdef494a4083aa169e162e9276", "date": "2019-05-30_15-21-57", "timestamp": 1559254917, "time_this_iter_s": 8.650048017501831, "time_total_s": 194.8045835494995, "pid": 12499, "hostname": "steropes", "node_ip": "169.229.49.254", "config": {"starting_lr": 0.005, "momentum": 0.9, "weight_decay": 0.005, "steps_per_iteration": null, "pin": false, "model_creator": null, "target_batch_size": 1024, "model_string": "resnet18", "min_batch_size": 512, "dataset": "CIFAR", "placement": null, "use_nccl": true, "devices_per_worker": 1, "primary_resource": "extra_gpu", "gpu": false, "verbose": false, "lr_config": {"mode": "log", "steps": 5, "initial_lr": 0.005, "target_lr": 0.005}, "batch_per_device": 1024}, "time_since_restore": 194.8045835494995, "timesteps_since_restore": 0, "iterations_since_restore": 23, "mean_throughput": 7090.866057601926, "atoms": 1}
{"apply": 0.008283638954162597, "batch_time": 0.13944032192230224, "d2h": 0.005658960342407227, "data_time": 0.0395227354400012, "fwd": 0.03331444263458252, "get_state_time_mean": NaN, "get_state_time_total": 0.0, "grad": 0.05081572532653809, "mean_accuracy": 0.7046999931335449, "mean_loss": 0.8374497744560242, "neg_mean_accuracy": -0.7046999931335449, "set_state_time_mean": NaN, "set_state_time_total": 0.0, "setup_model_time_mean": NaN, "setup_model_time_total": 0.0, "setup_proc_time_mean": NaN, "setup_proc_time_total": 0.0, "train_accuracy": 0.7276399731636047, "train_loss": 0.7682601250076294, "training_time_mean": NaN, "training_time_total": 0.0, "validation_time_mean": NaN, "validation_time_total": 0.0, "samples": 60000, "num_workers": 1, "done": false, "timesteps_total": null, "episodes_total": null, "training_iteration": 24, "neg_mean_loss": -0.8374497744560242, "experiment_id": "f9c024fdef494a4083aa169e162e9276", "date": "2019-05-30_15-22-06", "timestamp": 1559254926, "time_this_iter_s": 8.656614303588867, "time_total_s": 203.46119785308838, "pid": 12499, "hostname": "steropes", "node_ip": "169.229.49.254", "config": {"starting_lr": 0.005, "momentum": 0.9, "weight_decay": 0.005, "steps_per_iteration": null, "pin": false, "model_creator": null, "target_batch_size": 1024, "model_string": "resnet18", "min_batch_size": 512, "dataset": "CIFAR", "placement": null, "use_nccl": true, "devices_per_worker": 1, "primary_resource": "extra_gpu", "gpu": false, "verbose": false, "lr_config": {"mode": "log", "steps": 5, "initial_lr": 0.005, "target_lr": 0.005}, "batch_per_device": 1024}, "time_since_restore": 203.46119785308838, "timesteps_since_restore": 0, "iterations_since_restore": 24, "mean_throughput": 7048.487840912137, "atoms": 1}
{"apply": 0.007778596878051758, "batch_time": 0.14208416938781737, "d2h": 0.005568242073059082, "data_time": 0.03313398847774583, "fwd": 0.022748899459838868, "get_state_time_mean": NaN, "get_state_time_total": 0.0, "grad": 0.045228004455566406, "mean_accuracy": 0.7184999585151672, "mean_loss": 0.7993349005699157, "neg_mean_accuracy": -0.7184999585151672, "set_state_time_mean": NaN, "set_state_time_total": 0.0, "setup_model_time_mean": NaN, "setup_model_time_total": 0.0, "setup_proc_time_mean": NaN, "setup_proc_time_total": 0.0, "train_accuracy": 0.7322799563407898, "train_loss": 0.751068912410736, "training_time_mean": NaN, "training_time_total": 0.0, "validation_time_mean": NaN, "validation_time_total": 0.0, "samples": 60000, "num_workers": 1, "done": false, "timesteps_total": null, "episodes_total": null, "training_iteration": 25, "neg_mean_loss": -0.7993349005699157, "experiment_id": "f9c024fdef494a4083aa169e162e9276", "date": "2019-05-30_15-22-14", "timestamp": 1559254934, "time_this_iter_s": 8.25812292098999, "time_total_s": 211.71932077407837, "pid": 12499, "hostname": "steropes", "node_ip": "169.229.49.254", "config": {"starting_lr": 0.005, "momentum": 0.9, "weight_decay": 0.005, "steps_per_iteration": null, "pin": false, "model_creator": null, "target_batch_size": 1024, "model_string": "resnet18", "min_batch_size": 512, "dataset": "CIFAR", "placement": null, "use_nccl": true, "devices_per_worker": 1, "primary_resource": "extra_gpu", "gpu": false, "verbose": false, "lr_config": {"mode": "log", "steps": 5, "initial_lr": 0.005, "target_lr": 0.005}, "batch_per_device": 1024}, "time_since_restore": 211.71932077407837, "timesteps_since_restore": 0, "iterations_since_restore": 25, "mean_throughput": 7052.62596104401, "atoms": 1}
{"apply": 0.007835197448730468, "batch_time": 0.12786295413970947, "d2h": 0.004773879051208496, "data_time": 0.036352298697646786, "fwd": 0.023824477195739747, "get_state_time_mean": NaN, "get_state_time_total": 0.0, "grad": 0.04396731853485107, "mean_accuracy": 0.7202999591827393, "mean_loss": 0.793764623260498, "neg_mean_accuracy": -0.7202999591827393, "set_state_time_mean": NaN, "set_state_time_total": 0.0, "setup_model_time_mean": NaN, "setup_model_time_total": 0.0, "setup_proc_time_mean": NaN, "setup_proc_time_total": 0.0, "train_accuracy": 0.7407199740409851, "train_loss": 0.7316548007202148, "training_time_mean": NaN, "training_time_total": 0.0, "validation_time_mean": NaN, "validation_time_total": 0.0, "samples": 60000, "num_workers": 1, "done": false, "timesteps_total": null, "episodes_total": null, "training_iteration": 26, "neg_mean_loss": -0.793764623260498, "experiment_id": "f9c024fdef494a4083aa169e162e9276", "date": "2019-05-30_15-22-22", "timestamp": 1559254942, "time_this_iter_s": 8.357893705368042, "time_total_s": 220.0772144794464, "pid": 12499, "hostname": "steropes", "node_ip": "169.229.49.254", "config": {"starting_lr": 0.005, "momentum": 0.9, "weight_decay": 0.005, "steps_per_iteration": null, "pin": false, "model_creator": null, "target_batch_size": 1024, "model_string": "resnet18", "min_batch_size": 512, "dataset": "CIFAR", "placement": null, "use_nccl": true, "devices_per_worker": 1, "primary_resource": "extra_gpu", "gpu": false, "verbose": false, "lr_config": {"mode": "log", "steps": 5, "initial_lr": 0.005, "target_lr": 0.005}, "batch_per_device": 1024}, "time_since_restore": 220.0772144794464, "timesteps_since_restore": 0, "iterations_since_restore": 26, "mean_throughput": 7106.184975136057, "atoms": 1}
{"apply": 0.007714581489562988, "batch_time": 0.11916191577911377, "d2h": 0.005234384536743164, "data_time": 0.04139498788483289, "fwd": 0.02068777084350586, "get_state_time_mean": NaN, "get_state_time_total": 0.0, "grad": 0.04260795116424561, "mean_accuracy": 0.7200999855995178, "mean_loss": 0.8036572943687439, "neg_mean_accuracy": -0.7200999855995178, "set_state_time_mean": NaN, "set_state_time_total": 0.0, "setup_model_time_mean": NaN, "setup_model_time_total": 0.0, "setup_proc_time_mean": NaN, "setup_proc_time_total": 0.0, "train_accuracy": 0.7471999526023865, "train_loss": 0.7148092882728576, "training_time_mean": NaN, "training_time_total": 0.0, "validation_time_mean": NaN, "validation_time_total": 0.0, "samples": 60000, "num_workers": 1, "done": false, "timesteps_total": null, "episodes_total": null, "training_iteration": 27, "neg_mean_loss": -0.8036572943687439, "experiment_id": "f9c024fdef494a4083aa169e162e9276", "date": "2019-05-30_15-22-30", "timestamp": 1559254950, "time_this_iter_s": 7.320827007293701, "time_total_s": 227.3980414867401, "pid": 12499, "hostname": "steropes", "node_ip": "169.229.49.254", "config": {"starting_lr": 0.005, "momentum": 0.9, "weight_decay": 0.005, "steps_per_iteration": null, "pin": false, "model_creator": null, "target_batch_size": 1024, "model_string": "resnet18", "min_batch_size": 512, "dataset": "CIFAR", "placement": null, "use_nccl": true, "devices_per_worker": 1, "primary_resource": "extra_gpu", "gpu": false, "verbose": false, "lr_config": {"mode": "log", "steps": 5, "initial_lr": 0.005, "target_lr": 0.005}, "batch_per_device": 1024}, "time_since_restore": 227.3980414867401, "timesteps_since_restore": 0, "iterations_since_restore": 27, "mean_throughput": 7273.788607010027, "atoms": 1}
{"apply": 0.00890660285949707, "batch_time": 0.1312924861907959, "d2h": 0.004537653923034668, "data_time": 0.040282969572106184, "fwd": 0.022889065742492675, "get_state_time_mean": NaN, "get_state_time_total": 0.0, "grad": 0.04521744251251221, "mean_accuracy": 0.717799961566925, "mean_loss": 0.8068756209373474, "neg_mean_accuracy": -0.717799961566925, "set_state_time_mean": NaN, "set_state_time_total": 0.0, "setup_model_time_mean": NaN, "setup_model_time_total": 0.0, "setup_proc_time_mean": NaN, "setup_proc_time_total": 0.0, "train_accuracy": 0.7525799870491028, "train_loss": 0.7021612683868408, "training_time_mean": NaN, "training_time_total": 0.0, "validation_time_mean": NaN, "validation_time_total": 0.0, "samples": 60000, "num_workers": 1, "done": false, "timesteps_total": null, "episodes_total": null, "training_iteration": 28, "neg_mean_loss": -0.8068756209373474, "experiment_id": "f9c024fdef494a4083aa169e162e9276", "date": "2019-05-30_15-22-37", "timestamp": 1559254957, "time_this_iter_s": 7.529875993728638, "time_total_s": 234.92791748046875, "pid": 12499, "hostname": "steropes", "node_ip": "169.229.49.254", "config": {"starting_lr": 0.005, "momentum": 0.9, "weight_decay": 0.005, "steps_per_iteration": null, "pin": false, "model_creator": null, "target_batch_size": 1024, "model_string": "resnet18", "min_batch_size": 512, "dataset": "CIFAR", "placement": null, "use_nccl": true, "devices_per_worker": 1, "primary_resource": "extra_gpu", "gpu": false, "verbose": false, "lr_config": {"mode": "log", "steps": 5, "initial_lr": 0.005, "target_lr": 0.005}, "batch_per_device": 1024}, "time_since_restore": 234.92791748046875, "timesteps_since_restore": 0, "iterations_since_restore": 28, "mean_throughput": 7476.869998586379, "atoms": 1}
{"apply": 0.007861733436584473, "batch_time": 0.12773189544677735, "d2h": 0.0046377420425415036, "data_time": 0.042802635504274954, "fwd": 0.02068915367126465, "get_state_time_mean": NaN, "get_state_time_total": 0.0, "grad": 0.04332273006439209, "mean_accuracy": 0.7185999751091003, "mean_loss": 0.7981052328109741, "neg_mean_accuracy": -0.7185999751091003, "set_state_time_mean": NaN, "set_state_time_total": 0.0, "setup_model_time_mean": NaN, "setup_model_time_total": 0.0, "setup_proc_time_mean": NaN, "setup_proc_time_total": 0.0, "train_accuracy": 0.7571199536323547, "train_loss": 0.6885303833389282, "training_time_mean": NaN, "training_time_total": 0.0, "validation_time_mean": NaN, "validation_time_total": 0.0, "samples": 60000, "num_workers": 1, "done": false, "timesteps_total": null, "episodes_total": null, "training_iteration": 29, "neg_mean_loss": -0.7981052328109741, "experiment_id": "f9c024fdef494a4083aa169e162e9276", "date": "2019-05-30_15-22-45", "timestamp": 1559254965, "time_this_iter_s": 7.421435117721558, "time_total_s": 242.3493525981903, "pid": 12499, "hostname": "steropes", "node_ip": "169.229.49.254", "config": {"starting_lr": 0.005, "momentum": 0.9, "weight_decay": 0.005, "steps_per_iteration": null, "pin": false, "model_creator": null, "target_batch_size": 1024, "model_string": "resnet18", "min_batch_size": 512, "dataset": "CIFAR", "placement": null, "use_nccl": true, "devices_per_worker": 1, "primary_resource": "extra_gpu", "gpu": false, "verbose": false, "lr_config": {"mode": "log", "steps": 5, "initial_lr": 0.005, "target_lr": 0.005}, "batch_per_device": 1024}, "time_since_restore": 242.3493525981903, "timesteps_since_restore": 0, "iterations_since_restore": 29, "mean_throughput": 7714.35132277098, "atoms": 1}
{"apply": 0.007593822479248047, "batch_time": 0.13454465866088866, "d2h": 0.005892753601074219, "data_time": 0.03807848327013911, "fwd": 0.024282288551330567, "get_state_time_mean": NaN, "get_state_time_total": 0.0, "grad": 0.05117166042327881, "mean_accuracy": 0.7275999784469604, "mean_loss": 0.7852641308784485, "neg_mean_accuracy": -0.7275999784469604, "set_state_time_mean": NaN, "set_state_time_total": 0.0, "setup_model_time_mean": NaN, "setup_model_time_total": 0.0, "setup_proc_time_mean": NaN, "setup_proc_time_total": 0.0, "train_accuracy": 0.7569599747657776, "train_loss": 0.6865589540863037, "training_time_mean": NaN, "training_time_total": 0.0, "validation_time_mean": NaN, "validation_time_total": 0.0, "samples": 60000, "num_workers": 1, "done": false, "timesteps_total": null, "episodes_total": null, "training_iteration": 30, "neg_mean_loss": -0.7852641308784485, "experiment_id": "f9c024fdef494a4083aa169e162e9276", "date": "2019-05-30_15-22-52", "timestamp": 1559254972, "time_this_iter_s": 7.853728771209717, "time_total_s": 250.20308136940002, "pid": 12499, "hostname": "steropes", "node_ip": "169.229.49.254", "config": {"starting_lr": 0.005, "momentum": 0.9, "weight_decay": 0.005, "steps_per_iteration": null, "pin": false, "model_creator": null, "target_batch_size": 1024, "model_string": "resnet18", "min_batch_size": 512, "dataset": "CIFAR", "placement": null, "use_nccl": true, "devices_per_worker": 1, "primary_resource": "extra_gpu", "gpu": false, "verbose": false, "lr_config": {"mode": "log", "steps": 5, "initial_lr": 0.005, "target_lr": 0.005}, "batch_per_device": 1024}, "time_since_restore": 250.20308136940002, "timesteps_since_restore": 0, "iterations_since_restore": 30, "mean_throughput": 7795.412982872541, "atoms": 1}
{"apply": 0.007692718505859375, "batch_time": 0.1374358654022217, "d2h": 0.004837799072265625, "data_time": 0.033158039560123365, "fwd": 0.028625297546386718, "get_state_time_mean": NaN, "get_state_time_total": 0.0, "grad": 0.05576281547546387, "mean_accuracy": 0.7193999886512756, "mean_loss": 0.8140473040580749, "neg_mean_accuracy": -0.7193999886512756, "set_state_time_mean": NaN, "set_state_time_total": 0.0, "setup_model_time_mean": NaN, "setup_model_time_total": 0.0, "setup_proc_time_mean": NaN, "setup_proc_time_total": 0.0, "train_accuracy": 0.7636799812316895, "train_loss": 0.6680544404792785, "training_time_mean": NaN, "training_time_total": 0.0, "validation_time_mean": NaN, "validation_time_total": 0.0, "samples": 60000, "num_workers": 1, "done": false, "timesteps_total": null, "episodes_total": null, "training_iteration": 31, "neg_mean_loss": -0.8140473040580749, "experiment_id": "f9c024fdef494a4083aa169e162e9276", "date": "2019-05-30_15-23-00", "timestamp": 1559254980, "time_this_iter_s": 7.7635338306427, "time_total_s": 257.9666152000427, "pid": 12499, "hostname": "steropes", "node_ip": "169.229.49.254", "config": {"starting_lr": 0.005, "momentum": 0.9, "weight_decay": 0.005, "steps_per_iteration": null, "pin": false, "model_creator": null, "target_batch_size": 1024, "model_string": "resnet18", "min_batch_size": 512, "dataset": "CIFAR", "placement": null, "use_nccl": true, "devices_per_worker": 1, "primary_resource": "extra_gpu", "gpu": false, "verbose": false, "lr_config": {"mode": "log", "steps": 5, "initial_lr": 0.005, "target_lr": 0.005}, "batch_per_device": 1024}, "time_since_restore": 257.9666152000427, "timesteps_since_restore": 0, "iterations_since_restore": 31, "mean_throughput": 7917.696706979664, "atoms": 1}
{"apply": 0.01153891086578369, "batch_time": 0.13123538494110107, "d2h": 0.005408143997192383, "data_time": 0.030886090531641125, "fwd": 0.026285171508789062, "get_state_time_mean": NaN, "get_state_time_total": 0.0, "grad": 0.06007151603698731, "mean_accuracy": 0.7321999669075012, "mean_loss": 0.7689244647979736, "neg_mean_accuracy": -0.7321999669075012, "set_state_time_mean": NaN, "set_state_time_total": 0.0, "setup_model_time_mean": NaN, "setup_model_time_total": 0.0, "setup_proc_time_mean": NaN, "setup_proc_time_total": 0.0, "train_accuracy": 0.766819953918457, "train_loss": 0.6622185874938965, "training_time_mean": NaN, "training_time_total": 0.0, "validation_time_mean": NaN, "validation_time_total": 0.0, "samples": 60000, "num_workers": 1, "done": false, "timesteps_total": null, "episodes_total": null, "training_iteration": 32, "neg_mean_loss": -0.7689244647979736, "experiment_id": "f9c024fdef494a4083aa169e162e9276", "date": "2019-05-30_15-23-08", "timestamp": 1559254988, "time_this_iter_s": 7.686190366744995, "time_total_s": 265.6528055667877, "pid": 12499, "hostname": "steropes", "node_ip": "169.229.49.254", "config": {"starting_lr": 0.005, "momentum": 0.9, "weight_decay": 0.005, "steps_per_iteration": null, "pin": false, "model_creator": null, "target_batch_size": 1024, "model_string": "resnet18", "min_batch_size": 512, "dataset": "CIFAR", "placement": null, "use_nccl": true, "devices_per_worker": 1, "primary_resource": "extra_gpu", "gpu": false, "verbose": false, "lr_config": {"mode": "log", "steps": 5, "initial_lr": 0.005, "target_lr": 0.005}, "batch_per_device": 1024}, "time_since_restore": 265.6528055667877, "timesteps_since_restore": 0, "iterations_since_restore": 32, "mean_throughput": 7842.076782427303, "atoms": 1}
{"apply": 0.008844518661499023, "batch_time": 0.12426557540893554, "d2h": 0.006008577346801758, "data_time": 0.040563568776967575, "fwd": 0.024850964546203613, "get_state_time_mean": NaN, "get_state_time_total": 0.0, "grad": 0.046450328826904294, "mean_accuracy": 0.7401999831199646, "mean_loss": 0.7523277770042419, "neg_mean_accuracy": -0.7401999831199646, "set_state_time_mean": NaN, "set_state_time_total": 0.0, "setup_model_time_mean": NaN, "setup_model_time_total": 0.0, "setup_proc_time_mean": NaN, "setup_proc_time_total": 0.0, "train_accuracy": 0.7703199982643127, "train_loss": 0.6516739633369446, "training_time_mean": NaN, "training_time_total": 0.0, "validation_time_mean": NaN, "validation_time_total": 0.0, "samples": 60000, "num_workers": 1, "done": false, "timesteps_total": null, "episodes_total": null, "training_iteration": 33, "neg_mean_loss": -0.7523277770042419, "experiment_id": "f9c024fdef494a4083aa169e162e9276", "date": "2019-05-30_15-23-16", "timestamp": 1559254996, "time_this_iter_s": 7.765188694000244, "time_total_s": 273.41799426078796, "pid": 12499, "hostname": "steropes", "node_ip": "169.229.49.254", "config": {"starting_lr": 0.005, "momentum": 0.9, "weight_decay": 0.005, "steps_per_iteration": null, "pin": false, "model_creator": null, "target_batch_size": 1024, "model_string": "resnet18", "min_batch_size": 512, "dataset": "CIFAR", "placement": null, "use_nccl": true, "devices_per_worker": 1, "primary_resource": "extra_gpu", "gpu": false, "verbose": false, "lr_config": {"mode": "log", "steps": 5, "initial_lr": 0.005, "target_lr": 0.005}, "batch_per_device": 1024}, "time_since_restore": 273.41799426078796, "timesteps_since_restore": 0, "iterations_since_restore": 33, "mean_throughput": 7794.132907613656, "atoms": 1}
{"apply": 0.007867860794067382, "batch_time": 0.11904001235961914, "d2h": 0.0048498868942260746, "data_time": 0.04529479571751186, "fwd": 0.02084534168243408, "get_state_time_mean": NaN, "get_state_time_total": 0.0, "grad": 0.043170928955078125, "mean_accuracy": 0.7350999712944031, "mean_loss": 0.7816720831871032, "neg_mean_accuracy": -0.7350999712944031, "set_state_time_mean": NaN, "set_state_time_total": 0.0, "setup_model_time_mean": NaN, "setup_model_time_total": 0.0, "setup_proc_time_mean": NaN, "setup_proc_time_total": 0.0, "train_accuracy": 0.7749999761581421, "train_loss": 0.6401449425125122, "training_time_mean": NaN, "training_time_total": 0.0, "validation_time_mean": NaN, "validation_time_total": 0.0, "samples": 60000, "num_workers": 1, "done": false, "timesteps_total": null, "episodes_total": null, "training_iteration": 34, "neg_mean_loss": -0.7816720831871032, "experiment_id": "f9c024fdef494a4083aa169e162e9276", "date": "2019-05-30_15-23-24", "timestamp": 1559255004, "time_this_iter_s": 7.797389507293701, "time_total_s": 281.21538376808167, "pid": 12499, "hostname": "steropes", "node_ip": "169.229.49.254", "config": {"starting_lr": 0.005, "momentum": 0.9, "weight_decay": 0.005, "steps_per_iteration": null, "pin": false, "model_creator": null, "target_batch_size": 1024, "model_string": "resnet18", "min_batch_size": 512, "dataset": "CIFAR", "placement": null, "use_nccl": true, "devices_per_worker": 1, "primary_resource": "extra_gpu", "gpu": false, "verbose": false, "lr_config": {"mode": "log", "steps": 5, "initial_lr": 0.005, "target_lr": 0.005}, "batch_per_device": 1024}, "time_since_restore": 281.21538376808167, "timesteps_since_restore": 0, "iterations_since_restore": 34, "mean_throughput": 7718.73955481547, "atoms": 1}
{"apply": 0.007889294624328613, "batch_time": 0.11943438053131103, "d2h": 0.0047617673873901365, "data_time": 0.039257969175066264, "fwd": 0.023281788825988768, "get_state_time_mean": NaN, "get_state_time_total": 0.0, "grad": 0.047775864601135254, "mean_accuracy": 0.7376999855041504, "mean_loss": 0.7709559121131897, "neg_mean_accuracy": -0.7376999855041504, "set_state_time_mean": NaN, "set_state_time_total": 0.0, "setup_model_time_mean": NaN, "setup_model_time_total": 0.0, "setup_proc_time_mean": NaN, "setup_proc_time_total": 0.0, "train_accuracy": 0.7763400077819824, "train_loss": 0.6286343680381775, "training_time_mean": NaN, "training_time_total": 0.0, "validation_time_mean": NaN, "validation_time_total": 0.0, "samples": 60000, "num_workers": 1, "done": false, "timesteps_total": null, "episodes_total": null, "training_iteration": 35, "neg_mean_loss": -0.7709559121131897, "experiment_id": "f9c024fdef494a4083aa169e162e9276", "date": "2019-05-30_15-23-31", "timestamp": 1559255011, "time_this_iter_s": 7.591172695159912, "time_total_s": 288.8065564632416, "pid": 12499, "hostname": "steropes", "node_ip": "169.229.49.254", "config": {"starting_lr": 0.005, "momentum": 0.9, "weight_decay": 0.005, "steps_per_iteration": null, "pin": false, "model_creator": null, "target_batch_size": 1024, "model_string": "resnet18", "min_batch_size": 512, "dataset": "CIFAR", "placement": null, "use_nccl": true, "devices_per_worker": 1, "primary_resource": "extra_gpu", "gpu": false, "verbose": false, "lr_config": {"mode": "log", "steps": 5, "initial_lr": 0.005, "target_lr": 0.005}, "batch_per_device": 1024}, "time_since_restore": 288.8065564632416, "timesteps_since_restore": 0, "iterations_since_restore": 35, "mean_throughput": 7771.237573452234, "atoms": 1}
{"apply": 0.008761072158813476, "batch_time": 0.13641750812530518, "d2h": 0.004951119422912598, "data_time": 0.04102872829048001, "fwd": 0.02748262882232666, "get_state_time_mean": NaN, "get_state_time_total": 0.0, "grad": 0.04505596160888672, "mean_accuracy": 0.7483999729156494, "mean_loss": 0.7295124333381653, "neg_mean_accuracy": -0.7483999729156494, "set_state_time_mean": NaN, "set_state_time_total": 0.0, "setup_model_time_mean": NaN, "setup_model_time_total": 0.0, "setup_proc_time_mean": NaN, "setup_proc_time_total": 0.0, "train_accuracy": 0.7846999764442444, "train_loss": 0.6175730490112304, "training_time_mean": NaN, "training_time_total": 0.0, "validation_time_mean": NaN, "validation_time_total": 0.0, "samples": 60000, "num_workers": 1, "done": false, "timesteps_total": null, "episodes_total": null, "training_iteration": 36, "neg_mean_loss": -0.7295124333381653, "experiment_id": "f9c024fdef494a4083aa169e162e9276", "date": "2019-05-30_15-23-39", "timestamp": 1559255019, "time_this_iter_s": 7.882915735244751, "time_total_s": 296.6894721984863, "pid": 12499, "hostname": "steropes", "node_ip": "169.229.49.254", "config": {"starting_lr": 0.005, "momentum": 0.9, "weight_decay": 0.005, "steps_per_iteration": null, "pin": false, "model_creator": null, "target_batch_size": 1024, "model_string": "resnet18", "min_batch_size": 512, "dataset": "CIFAR", "placement": null, "use_nccl": true, "devices_per_worker": 1, "primary_resource": "extra_gpu", "gpu": false, "verbose": false, "lr_config": {"mode": "log", "steps": 5, "initial_lr": 0.005, "target_lr": 0.005}, "batch_per_device": 1024}, "time_since_restore": 296.6894721984863, "timesteps_since_restore": 0, "iterations_since_restore": 36, "mean_throughput": 7747.277854550913, "atoms": 1}
{"apply": 0.007724356651306152, "batch_time": 0.12154574394226074, "d2h": 0.0045582294464111325, "data_time": 0.039065570247416595, "fwd": 0.025501537322998046, "get_state_time_mean": NaN, "get_state_time_total": 0.0, "grad": 0.050271010398864745, "mean_accuracy": 0.7419999837875366, "mean_loss": 0.751697228050232, "neg_mean_accuracy": -0.7419999837875366, "set_state_time_mean": NaN, "set_state_time_total": 0.0, "setup_model_time_mean": NaN, "setup_model_time_total": 0.0, "setup_proc_time_mean": NaN, "setup_proc_time_total": 0.0, "train_accuracy": 0.7899199724197388, "train_loss": 0.5965940489959717, "training_time_mean": NaN, "training_time_total": 0.0, "validation_time_mean": NaN, "validation_time_total": 0.0, "samples": 60000, "num_workers": 1, "done": false, "timesteps_total": null, "episodes_total": null, "training_iteration": 37, "neg_mean_loss": -0.751697228050232, "experiment_id": "f9c024fdef494a4083aa169e162e9276", "date": "2019-05-30_15-23-47", "timestamp": 1559255027, "time_this_iter_s": 7.545284032821655, "time_total_s": 304.234756231308, "pid": 12499, "hostname": "steropes", "node_ip": "169.229.49.254", "config": {"starting_lr": 0.005, "momentum": 0.9, "weight_decay": 0.005, "steps_per_iteration": null, "pin": false, "model_creator": null, "target_batch_size": 1024, "model_string": "resnet18", "min_batch_size": 512, "dataset": "CIFAR", "placement": null, "use_nccl": true, "devices_per_worker": 1, "primary_resource": "extra_gpu", "gpu": false, "verbose": false, "lr_config": {"mode": "log", "steps": 5, "initial_lr": 0.005, "target_lr": 0.005}, "batch_per_device": 1024}, "time_since_restore": 304.234756231308, "timesteps_since_restore": 0, "iterations_since_restore": 37, "mean_throughput": 7775.572242677708, "atoms": 1}
{"apply": 0.00877673625946045, "batch_time": 0.12316367626190186, "d2h": 0.004574871063232422, "data_time": 0.037632606467422176, "fwd": 0.025930190086364747, "get_state_time_mean": NaN, "get_state_time_total": 0.0, "grad": 0.05732204914093018, "mean_accuracy": 0.7421000003814697, "mean_loss": 0.7598215463638306, "neg_mean_accuracy": -0.7421000003814697, "set_state_time_mean": NaN, "set_state_time_total": 0.0, "setup_model_time_mean": NaN, "setup_model_time_total": 0.0, "setup_proc_time_mean": NaN, "setup_proc_time_total": 0.0, "train_accuracy": 0.7886999845504761, "train_loss": 0.6002568148803711, "training_time_mean": NaN, "training_time_total": 0.0, "validation_time_mean": NaN, "validation_time_total": 0.0, "samples": 60000, "num_workers": 1, "done": false, "timesteps_total": null, "episodes_total": null, "training_iteration": 38, "neg_mean_loss": -0.7598215463638306, "experiment_id": "f9c024fdef494a4083aa169e162e9276", "date": "2019-05-30_15-23-54", "timestamp": 1559255034, "time_this_iter_s": 7.5301995277404785, "time_total_s": 311.76495575904846, "pid": 12499, "hostname": "steropes", "node_ip": "169.229.49.254", "config": {"starting_lr": 0.005, "momentum": 0.9, "weight_decay": 0.005, "steps_per_iteration": null, "pin": false, "model_creator": null, "target_batch_size": 1024, "model_string": "resnet18", "min_batch_size": 512, "dataset": "CIFAR", "placement": null, "use_nccl": true, "devices_per_worker": 1, "primary_resource": "extra_gpu", "gpu": false, "verbose": false, "lr_config": {"mode": "log", "steps": 5, "initial_lr": 0.005, "target_lr": 0.005}, "batch_per_device": 1024}, "time_since_restore": 311.76495575904846, "timesteps_since_restore": 0, "iterations_since_restore": 38, "mean_throughput": 7823.222217827945, "atoms": 1}
{"apply": 0.007992124557495118, "batch_time": 0.12217535972595214, "d2h": 0.005596256256103516, "data_time": 0.03989588484472158, "fwd": 0.023047566413879395, "get_state_time_mean": NaN, "get_state_time_total": 0.0, "grad": 0.0449521541595459, "mean_accuracy": 0.7489999532699585, "mean_loss": 0.7395150350570678, "neg_mean_accuracy": -0.7489999532699585, "set_state_time_mean": NaN, "set_state_time_total": 0.0, "setup_model_time_mean": NaN, "setup_model_time_total": 0.0, "setup_proc_time_mean": NaN, "setup_proc_time_total": 0.0, "train_accuracy": 0.7920999526977539, "train_loss": 0.590279382686615, "training_time_mean": NaN, "training_time_total": 0.0, "validation_time_mean": NaN, "validation_time_total": 0.0, "samples": 60000, "num_workers": 1, "done": false, "timesteps_total": null, "episodes_total": null, "training_iteration": 39, "neg_mean_loss": -0.7395150350570678, "experiment_id": "f9c024fdef494a4083aa169e162e9276", "date": "2019-05-30_15-24-02", "timestamp": 1559255042, "time_this_iter_s": 7.56868052482605, "time_total_s": 319.3336362838745, "pid": 12499, "hostname": "steropes", "node_ip": "169.229.49.254", "config": {"starting_lr": 0.005, "momentum": 0.9, "weight_decay": 0.005, "steps_per_iteration": null, "pin": false, "model_creator": null, "target_batch_size": 1024, "model_string": "resnet18", "min_batch_size": 512, "dataset": "CIFAR", "placement": null, "use_nccl": true, "devices_per_worker": 1, "primary_resource": "extra_gpu", "gpu": false, "verbose": false, "lr_config": {"mode": "log", "steps": 5, "initial_lr": 0.005, "target_lr": 0.005}, "batch_per_device": 1024}, "time_since_restore": 319.3336362838745, "timesteps_since_restore": 0, "iterations_since_restore": 39, "mean_throughput": 7870.161725918084, "atoms": 1}
{"apply": 0.008948230743408203, "batch_time": 0.11812381744384766, "d2h": 0.005544519424438477, "data_time": 0.03734269920660525, "fwd": 0.032701969146728516, "get_state_time_mean": NaN, "get_state_time_total": 0.0, "grad": 0.05013289451599121, "mean_accuracy": 0.7518999576568604, "mean_loss": 0.7250386890411377, "neg_mean_accuracy": -0.7518999576568604, "set_state_time_mean": NaN, "set_state_time_total": 0.0, "setup_model_time_mean": NaN, "setup_model_time_total": 0.0, "setup_proc_time_mean": NaN, "setup_proc_time_total": 0.0, "train_accuracy": 0.7975199818611145, "train_loss": 0.575386496963501, "training_time_mean": NaN, "training_time_total": 0.0, "validation_time_mean": NaN, "validation_time_total": 0.0, "samples": 60000, "num_workers": 1, "done": false, "timesteps_total": null, "episodes_total": null, "training_iteration": 40, "neg_mean_loss": -0.7250386890411377, "experiment_id": "f9c024fdef494a4083aa169e162e9276", "date": "2019-05-30_15-24-09", "timestamp": 1559255049, "time_this_iter_s": 7.584265470504761, "time_total_s": 326.9179017543793, "pid": 12499, "hostname": "steropes", "node_ip": "169.229.49.254", "config": {"starting_lr": 0.005, "momentum": 0.9, "weight_decay": 0.005, "steps_per_iteration": null, "pin": false, "model_creator": null, "target_batch_size": 1024, "model_string": "resnet18", "min_batch_size": 512, "dataset": "CIFAR", "placement": null, "use_nccl": true, "devices_per_worker": 1, "primary_resource": "extra_gpu", "gpu": false, "verbose": false, "lr_config": {"mode": "log", "steps": 5, "initial_lr": 0.005, "target_lr": 0.005}, "batch_per_device": 1024}, "time_since_restore": 326.9179017543793, "timesteps_since_restore": 0, "iterations_since_restore": 40, "mean_throughput": 7871.587689321281, "atoms": 1}
{"apply": 0.008034944534301758, "batch_time": 0.1195591926574707, "d2h": 0.004667234420776367, "data_time": 0.0372602501694037, "fwd": 0.023487949371337892, "get_state_time_mean": NaN, "get_state_time_total": 0.0, "grad": 0.04818403720855713, "mean_accuracy": 0.7533999681472778, "mean_loss": 0.7336957194328309, "neg_mean_accuracy": -0.7533999681472778, "set_state_time_mean": NaN, "set_state_time_total": 0.0, "setup_model_time_mean": NaN, "setup_model_time_total": 0.0, "setup_proc_time_mean": NaN, "setup_proc_time_total": 0.0, "train_accuracy": 0.8002199530601501, "train_loss": 0.5672570720291138, "training_time_mean": NaN, "training_time_total": 0.0, "validation_time_mean": NaN, "validation_time_total": 0.0, "samples": 60000, "num_workers": 1, "done": false, "timesteps_total": null, "episodes_total": null, "training_iteration": 41, "neg_mean_loss": -0.7336957194328309, "experiment_id": "f9c024fdef494a4083aa169e162e9276", "date": "2019-05-30_15-24-17", "timestamp": 1559255057, "time_this_iter_s": 7.3572282791137695, "time_total_s": 334.27513003349304, "pid": 12499, "hostname": "steropes", "node_ip": "169.229.49.254", "config": {"starting_lr": 0.005, "momentum": 0.9, "weight_decay": 0.005, "steps_per_iteration": null, "pin": false, "model_creator": null, "target_batch_size": 1024, "model_string": "resnet18", "min_batch_size": 512, "dataset": "CIFAR", "placement": null, "use_nccl": true, "devices_per_worker": 1, "primary_resource": "extra_gpu", "gpu": false, "verbose": false, "lr_config": {"mode": "log", "steps": 5, "initial_lr": 0.005, "target_lr": 0.005}, "batch_per_device": 1024}, "time_since_restore": 334.27513003349304, "timesteps_since_restore": 0, "iterations_since_restore": 41, "mean_throughput": 7981.682155560223, "atoms": 1}
{"apply": 0.007788252830505371, "batch_time": 0.11804652214050293, "d2h": 0.00468289852142334, "data_time": 0.04396016743718362, "fwd": 0.020853209495544433, "get_state_time_mean": NaN, "get_state_time_total": 0.0, "grad": 0.042836236953735354, "mean_accuracy": 0.7547999620437622, "mean_loss": 0.7306741522789002, "neg_mean_accuracy": -0.7547999620437622, "set_state_time_mean": NaN, "set_state_time_total": 0.0, "setup_model_time_mean": NaN, "setup_model_time_total": 0.0, "setup_proc_time_mean": NaN, "setup_proc_time_total": 0.0, "train_accuracy": 0.803119957447052, "train_loss": 0.5599917105102539, "training_time_mean": NaN, "training_time_total": 0.0, "validation_time_mean": NaN, "validation_time_total": 0.0, "samples": 60000, "num_workers": 1, "done": false, "timesteps_total": null, "episodes_total": null, "training_iteration": 42, "neg_mean_loss": -0.7306741522789002, "experiment_id": "f9c024fdef494a4083aa169e162e9276", "date": "2019-05-30_15-24-24", "timestamp": 1559255064, "time_this_iter_s": 7.428753137588501, "time_total_s": 341.70388317108154, "pid": 12499, "hostname": "steropes", "node_ip": "169.229.49.254", "config": {"starting_lr": 0.005, "momentum": 0.9, "weight_decay": 0.005, "steps_per_iteration": null, "pin": false, "model_creator": null, "target_batch_size": 1024, "model_string": "resnet18", "min_batch_size": 512, "dataset": "CIFAR", "placement": null, "use_nccl": true, "devices_per_worker": 1, "primary_resource": "extra_gpu", "gpu": false, "verbose": false, "lr_config": {"mode": "log", "steps": 5, "initial_lr": 0.005, "target_lr": 0.005}, "batch_per_device": 1024}, "time_since_restore": 341.70388317108154, "timesteps_since_restore": 0, "iterations_since_restore": 42, "mean_throughput": 8006.456113362998, "atoms": 1}
{"apply": 0.007623887062072754, "batch_time": 0.11872227191925049, "d2h": 0.004365754127502441, "data_time": 0.0424376020626146, "fwd": 0.02069883346557617, "get_state_time_mean": NaN, "get_state_time_total": 0.0, "grad": 0.04240598678588867, "mean_accuracy": 0.7513999938964844, "mean_loss": 0.7288666638374328, "neg_mean_accuracy": -0.7513999938964844, "set_state_time_mean": NaN, "set_state_time_total": 0.0, "setup_model_time_mean": NaN, "setup_model_time_total": 0.0, "setup_proc_time_mean": NaN, "setup_proc_time_total": 0.0, "train_accuracy": 0.8043400049209595, "train_loss": 0.5515373585319518, "training_time_mean": NaN, "training_time_total": 0.0, "validation_time_mean": NaN, "validation_time_total": 0.0, "samples": 60000, "num_workers": 1, "done": false, "timesteps_total": null, "episodes_total": null, "training_iteration": 43, "neg_mean_loss": -0.7288666638374328, "experiment_id": "f9c024fdef494a4083aa169e162e9276", "date": "2019-05-30_15-24-31", "timestamp": 1559255071, "time_this_iter_s": 7.258288860321045, "time_total_s": 348.9621720314026, "pid": 12499, "hostname": "steropes", "node_ip": "169.229.49.254", "config": {"starting_lr": 0.005, "momentum": 0.9, "weight_decay": 0.005, "steps_per_iteration": null, "pin": false, "model_creator": null, "target_batch_size": 1024, "model_string": "resnet18", "min_batch_size": 512, "dataset": "CIFAR", "placement": null, "use_nccl": true, "devices_per_worker": 1, "primary_resource": "extra_gpu", "gpu": false, "verbose": false, "lr_config": {"mode": "log", "steps": 5, "initial_lr": 0.005, "target_lr": 0.005}, "batch_per_device": 1024}, "time_since_restore": 348.9621720314026, "timesteps_since_restore": 0, "iterations_since_restore": 43, "mean_throughput": 8064.9802367184075, "atoms": 1}
{"apply": 0.007655978202819824, "batch_time": 0.12147829532623292, "d2h": 0.0047538518905639645, "data_time": 0.041832549231393, "fwd": 0.020679330825805663, "get_state_time_mean": NaN, "get_state_time_total": 0.0, "grad": 0.04207324981689453, "mean_accuracy": 0.7561999559402466, "mean_loss": 0.715477885055542, "neg_mean_accuracy": -0.7561999559402466, "set_state_time_mean": NaN, "set_state_time_total": 0.0, "setup_model_time_mean": NaN, "setup_model_time_total": 0.0, "setup_proc_time_mean": NaN, "setup_proc_time_total": 0.0, "train_accuracy": 0.807159960269928, "train_loss": 0.5399252865409851, "training_time_mean": NaN, "training_time_total": 0.0, "validation_time_mean": NaN, "validation_time_total": 0.0, "samples": 60000, "num_workers": 1, "done": false, "timesteps_total": null, "episodes_total": null, "training_iteration": 44, "neg_mean_loss": -0.715477885055542, "experiment_id": "f9c024fdef494a4083aa169e162e9276", "date": "2019-05-30_15-24-39", "timestamp": 1559255079, "time_this_iter_s": 7.214656114578247, "time_total_s": 356.17682814598083, "pid": 12499, "hostname": "steropes", "node_ip": "169.229.49.254", "config": {"starting_lr": 0.005, "momentum": 0.9, "weight_decay": 0.005, "steps_per_iteration": null, "pin": false, "model_creator": null, "target_batch_size": 1024, "model_string": "resnet18", "min_batch_size": 512, "dataset": "CIFAR", "placement": null, "use_nccl": true, "devices_per_worker": 1, "primary_resource": "extra_gpu", "gpu": false, "verbose": false, "lr_config": {"mode": "log", "steps": 5, "initial_lr": 0.005, "target_lr": 0.005}, "batch_per_device": 1024}, "time_since_restore": 356.17682814598083, "timesteps_since_restore": 0, "iterations_since_restore": 44, "mean_throughput": 8142.474090486305, "atoms": 1}
{"apply": 0.0076179027557373045, "batch_time": 0.11737277507781982, "d2h": 0.004741001129150391, "data_time": 0.042907038513495, "fwd": 0.020951175689697267, "get_state_time_mean": NaN, "get_state_time_total": 0.0, "grad": 0.04304666519165039, "mean_accuracy": 0.7511999607086182, "mean_loss": 0.743297627735138, "neg_mean_accuracy": -0.7511999607086182, "set_state_time_mean": NaN, "set_state_time_total": 0.0, "setup_model_time_mean": NaN, "setup_model_time_total": 0.0, "setup_proc_time_mean": NaN, "setup_proc_time_total": 0.0, "train_accuracy": 0.8123199939727783, "train_loss": 0.5358484098243713, "training_time_mean": NaN, "training_time_total": 0.0, "validation_time_mean": NaN, "validation_time_total": 0.0, "samples": 60000, "num_workers": 1, "done": false, "timesteps_total": null, "episodes_total": null, "training_iteration": 45, "neg_mean_loss": -0.743297627735138, "experiment_id": "f9c024fdef494a4083aa169e162e9276", "date": "2019-05-30_15-24-46", "timestamp": 1559255086, "time_this_iter_s": 7.225415468215942, "time_total_s": 363.4022436141968, "pid": 12499, "hostname": "steropes", "node_ip": "169.229.49.254", "config": {"starting_lr": 0.005, "momentum": 0.9, "weight_decay": 0.005, "steps_per_iteration": null, "pin": false, "model_creator": null, "target_batch_size": 1024, "model_string": "resnet18", "min_batch_size": 512, "dataset": "CIFAR", "placement": null, "use_nccl": true, "devices_per_worker": 1, "primary_resource": "extra_gpu", "gpu": false, "verbose": false, "lr_config": {"mode": "log", "steps": 5, "initial_lr": 0.005, "target_lr": 0.005}, "batch_per_device": 1024}, "time_since_restore": 363.4022436141968, "timesteps_since_restore": 0, "iterations_since_restore": 45, "mean_throughput": 8222.558850895017, "atoms": 1}
{"apply": 0.0076233863830566405, "batch_time": 0.11701426506042481, "d2h": 0.005513811111450195, "data_time": 0.04030139592229104, "fwd": 0.02131195068359375, "get_state_time_mean": NaN, "get_state_time_total": 0.0, "grad": 0.04248456954956055, "mean_accuracy": 0.7601999640464783, "mean_loss": 0.7172189881324768, "neg_mean_accuracy": -0.7601999640464783, "set_state_time_mean": NaN, "set_state_time_total": 0.0, "setup_model_time_mean": NaN, "setup_model_time_total": 0.0, "setup_proc_time_mean": NaN, "setup_proc_time_total": 0.0, "train_accuracy": 0.8126999735832214, "train_loss": 0.5303315961647034, "training_time_mean": NaN, "training_time_total": 0.0, "validation_time_mean": NaN, "validation_time_total": 0.0, "samples": 60000, "num_workers": 1, "done": false, "timesteps_total": null, "episodes_total": null, "training_iteration": 46, "neg_mean_loss": -0.7172189881324768, "experiment_id": "f9c024fdef494a4083aa169e162e9276", "date": "2019-05-30_15-24-53", "timestamp": 1559255093, "time_this_iter_s": 7.2547595500946045, "time_total_s": 370.6570031642914, "pid": 12499, "hostname": "steropes", "node_ip": "169.229.49.254", "config": {"starting_lr": 0.005, "momentum": 0.9, "weight_decay": 0.005, "steps_per_iteration": null, "pin": false, "model_creator": null, "target_batch_size": 1024, "model_string": "resnet18", "min_batch_size": 512, "dataset": "CIFAR", "placement": null, "use_nccl": true, "devices_per_worker": 1, "primary_resource": "extra_gpu", "gpu": false, "verbose": false, "lr_config": {"mode": "log", "steps": 5, "initial_lr": 0.005, "target_lr": 0.005}, "batch_per_device": 1024}, "time_since_restore": 370.6570031642914, "timesteps_since_restore": 0, "iterations_since_restore": 46, "mean_throughput": 8245.717899547293, "atoms": 1}
{"apply": 0.007569313049316406, "batch_time": 0.11694188117980957, "d2h": 0.004723000526428223, "data_time": 0.04291382614447146, "fwd": 0.020958828926086425, "get_state_time_mean": NaN, "get_state_time_total": 0.0, "grad": 0.043097281455993654, "mean_accuracy": 0.7511000037193298, "mean_loss": 0.7500249386787414, "neg_mean_accuracy": -0.7511000037193298, "set_state_time_mean": NaN, "set_state_time_total": 0.0, "setup_model_time_mean": NaN, "setup_model_time_total": 0.0, "setup_proc_time_mean": NaN, "setup_proc_time_total": 0.0, "train_accuracy": 0.8204799890518188, "train_loss": 0.5170272407722473, "training_time_mean": NaN, "training_time_total": 0.0, "validation_time_mean": NaN, "validation_time_total": 0.0, "samples": 60000, "num_workers": 1, "done": false, "timesteps_total": null, "episodes_total": null, "training_iteration": 47, "neg_mean_loss": -0.7500249386787414, "experiment_id": "f9c024fdef494a4083aa169e162e9276", "date": "2019-05-30_15-25-00", "timestamp": 1559255100, "time_this_iter_s": 7.323837995529175, "time_total_s": 377.98084115982056, "pid": 12499, "hostname": "steropes", "node_ip": "169.229.49.254", "config": {"starting_lr": 0.005, "momentum": 0.9, "weight_decay": 0.005, "steps_per_iteration": null, "pin": false, "model_creator": null, "target_batch_size": 1024, "model_string": "resnet18", "min_batch_size": 512, "dataset": "CIFAR", "placement": null, "use_nccl": true, "devices_per_worker": 1, "primary_resource": "extra_gpu", "gpu": false, "verbose": false, "lr_config": {"mode": "log", "steps": 5, "initial_lr": 0.005, "target_lr": 0.005}, "batch_per_device": 1024}, "time_since_restore": 377.98084115982056, "timesteps_since_restore": 0, "iterations_since_restore": 47, "mean_throughput": 8269.61849925347, "atoms": 1}
{"apply": 0.007831740379333495, "batch_time": 0.11706969738006592, "d2h": 0.004439783096313476, "data_time": 0.04187424328862405, "fwd": 0.021056413650512695, "get_state_time_mean": NaN, "get_state_time_total": 0.0, "grad": 0.042964053153991696, "mean_accuracy": 0.7615000009536743, "mean_loss": 0.7109514213562012, "neg_mean_accuracy": -0.7615000009536743, "set_state_time_mean": NaN, "set_state_time_total": 0.0, "setup_model_time_mean": NaN, "setup_model_time_total": 0.0, "setup_proc_time_mean": NaN, "setup_proc_time_total": 0.0, "train_accuracy": 0.8187999725341797, "train_loss": 0.5136267311477661, "training_time_mean": NaN, "training_time_total": 0.0, "validation_time_mean": NaN, "validation_time_total": 0.0, "samples": 60000, "num_workers": 1, "done": false, "timesteps_total": null, "episodes_total": null, "training_iteration": 48, "neg_mean_loss": -0.7109514213562012, "experiment_id": "f9c024fdef494a4083aa169e162e9276", "date": "2019-05-30_15-25-08", "timestamp": 1559255108, "time_this_iter_s": 7.3458411693573, "time_total_s": 385.32668232917786, "pid": 12499, "hostname": "steropes", "node_ip": "169.229.49.254", "config": {"starting_lr": 0.005, "momentum": 0.9, "weight_decay": 0.005, "steps_per_iteration": null, "pin": false, "model_creator": null, "target_batch_size": 1024, "model_string": "resnet18", "min_batch_size": 512, "dataset": "CIFAR", "placement": null, "use_nccl": true, "devices_per_worker": 1, "primary_resource": "extra_gpu", "gpu": false, "verbose": false, "lr_config": {"mode": "log", "steps": 5, "initial_lr": 0.005, "target_lr": 0.005}, "batch_per_device": 1024}, "time_since_restore": 385.32668232917786, "timesteps_since_restore": 0, "iterations_since_restore": 48, "mean_throughput": 8249.710430385152, "atoms": 1}
{"apply": 0.0076132059097290036, "batch_time": 0.11892914772033691, "d2h": 0.004506611824035644, "data_time": 0.03914860316685268, "fwd": 0.020981574058532716, "get_state_time_mean": NaN, "get_state_time_total": 0.0, "grad": 0.04239745140075683, "mean_accuracy": 0.7631999850273132, "mean_loss": 0.706227702331543, "neg_mean_accuracy": -0.7631999850273132, "set_state_time_mean": NaN, "set_state_time_total": 0.0, "setup_model_time_mean": NaN, "setup_model_time_total": 0.0, "setup_proc_time_mean": NaN, "setup_proc_time_total": 0.0, "train_accuracy": 0.823419988155365, "train_loss": 0.5049063148880005, "training_time_mean": NaN, "training_time_total": 0.0, "validation_time_mean": NaN, "validation_time_total": 0.0, "samples": 60000, "num_workers": 1, "done": false, "timesteps_total": null, "episodes_total": null, "training_iteration": 49, "neg_mean_loss": -0.706227702331543, "experiment_id": "f9c024fdef494a4083aa169e162e9276", "date": "2019-05-30_15-25-15", "timestamp": 1559255115, "time_this_iter_s": 7.196909427642822, "time_total_s": 392.5235917568207, "pid": 12499, "hostname": "steropes", "node_ip": "169.229.49.254", "config": {"starting_lr": 0.005, "momentum": 0.9, "weight_decay": 0.005, "steps_per_iteration": null, "pin": false, "model_creator": null, "target_batch_size": 1024, "model_string": "resnet18", "min_batch_size": 512, "dataset": "CIFAR", "placement": null, "use_nccl": true, "devices_per_worker": 1, "primary_resource": "extra_gpu", "gpu": false, "verbose": false, "lr_config": {"mode": "log", "steps": 5, "initial_lr": 0.005, "target_lr": 0.005}, "batch_per_device": 1024}, "time_since_restore": 392.5235917568207, "timesteps_since_restore": 0, "iterations_since_restore": 49, "mean_throughput": 8253.737580958676, "atoms": 1}
{"apply": 0.007847309112548828, "batch_time": 0.12436366081237793, "d2h": 0.00501701831817627, "data_time": 0.04108743764916245, "fwd": 0.021384167671203613, "get_state_time_mean": NaN, "get_state_time_total": 0.0, "grad": 0.04668636322021484, "mean_accuracy": 0.7594000101089478, "mean_loss": 0.7215476828575135, "neg_mean_accuracy": -0.7594000101089478, "set_state_time_mean": NaN, "set_state_time_total": 0.0, "setup_model_time_mean": NaN, "setup_model_time_total": 0.0, "setup_proc_time_mean": NaN, "setup_proc_time_total": 0.0, "train_accuracy": 0.8290599584579468, "train_loss": 0.49106229751586916, "training_time_mean": NaN, "training_time_total": 0.0, "validation_time_mean": NaN, "validation_time_total": 0.0, "samples": 60000, "num_workers": 1, "done": false, "timesteps_total": null, "episodes_total": null, "training_iteration": 50, "neg_mean_loss": -0.7215476828575135, "experiment_id": "f9c024fdef494a4083aa169e162e9276", "date": "2019-05-30_15-25-22", "timestamp": 1559255122, "time_this_iter_s": 7.342916250228882, "time_total_s": 399.86650800704956, "pid": 12499, "hostname": "steropes", "node_ip": "169.229.49.254", "config": {"starting_lr": 0.005, "momentum": 0.9, "weight_decay": 0.005, "steps_per_iteration": null, "pin": false, "model_creator": null, "target_batch_size": 1024, "model_string": "resnet18", "min_batch_size": 512, "dataset": "CIFAR", "placement": null, "use_nccl": true, "devices_per_worker": 1, "primary_resource": "extra_gpu", "gpu": false, "verbose": false, "lr_config": {"mode": "log", "steps": 5, "initial_lr": 0.005, "target_lr": 0.005}, "batch_per_device": 1024}, "time_since_restore": 399.86650800704956, "timesteps_since_restore": 0, "iterations_since_restore": 50, "mean_throughput": 8227.143238599303, "atoms": 1}
{"apply": 0.007670927047729492, "batch_time": 0.1203470230102539, "d2h": 0.004348492622375489, "data_time": 0.0421797158766766, "fwd": 0.02091209888458252, "get_state_time_mean": NaN, "get_state_time_total": 0.0, "grad": 0.04198489189147949, "mean_accuracy": 0.7545999884605408, "mean_loss": 0.7319619077682495, "neg_mean_accuracy": -0.7545999884605408, "set_state_time_mean": NaN, "set_state_time_total": 0.0, "setup_model_time_mean": NaN, "setup_model_time_total": 0.0, "setup_proc_time_mean": NaN, "setup_proc_time_total": 0.0, "train_accuracy": 0.8274999856948853, "train_loss": 0.4911857246303558, "training_time_mean": NaN, "training_time_total": 0.0, "validation_time_mean": NaN, "validation_time_total": 0.0, "samples": 60000, "num_workers": 1, "done": true, "timesteps_total": null, "episodes_total": null, "training_iteration": 51, "neg_mean_loss": -0.7319619077682495, "experiment_id": "f9c024fdef494a4083aa169e162e9276", "date": "2019-05-30_15-25-30", "timestamp": 1559255130, "time_this_iter_s": 7.333454608917236, "time_total_s": 407.1999626159668, "pid": 12499, "hostname": "steropes", "node_ip": "169.229.49.254", "config": {"starting_lr": 0.005, "momentum": 0.9, "weight_decay": 0.005, "steps_per_iteration": null, "pin": false, "model_creator": null, "target_batch_size": 1024, "model_string": "resnet18", "min_batch_size": 512, "dataset": "CIFAR", "placement": null, "use_nccl": true, "devices_per_worker": 1, "primary_resource": "extra_gpu", "gpu": false, "verbose": false, "lr_config": {"mode": "log", "steps": 5, "initial_lr": 0.005, "target_lr": 0.005}, "batch_per_device": 1024}, "time_since_restore": 407.1999626159668, "timesteps_since_restore": 0, "iterations_since_restore": 51, "mean_throughput": 8209.426110322696, "atoms": 1}
