{"apply": 0.017583751678466798, "batch_time": 0.04109655754475654, "d2h": 0.0006812334060668946, "data_time": 0.001870513267224402, "fwd": 0.11889240741729737, "get_state_time_mean": NaN, "get_state_time_total": 0.0, "grad": 0.16296377182006835, "mean_accuracy": 0.13729999959468842, "mean_loss": 2.369936142730713, "neg_mean_accuracy": -0.13729999959468842, "set_state_time_mean": NaN, "set_state_time_total": 0.0, "setup_model_time_mean": 8.630321979522705, "setup_model_time_total": 8.630321979522705, "setup_proc_time_mean": 0.1675736904144287, "setup_proc_time_total": 0.1675736904144287, "train_accuracy": 0.11319999396800995, "train_loss": 2.7596591596984865, "training_time_mean": NaN, "training_time_total": 0.0, "val_accuracy": 0.13729999959468842, "val_loss": 2.369936142730713, "validation_time_mean": NaN, "validation_time_total": 0.0, "samples": 60000, "num_workers": 1, "done": false, "timesteps_total": null, "episodes_total": null, "training_iteration": 1, "neg_mean_loss": -2.369936142730713, "experiment_id": "41f9e58d59e3426c91bb29f6737a1599", "date": "2019-06-06_02-20-06", "timestamp": 1559812806, "time_this_iter_s": 45.33960199356079, "time_total_s": 45.33960199356079, "pid": 15371, "hostname": "steropes", "node_ip": "169.229.49.254", "config": {"starting_lr": 0.0001, "momentum": 0.9, "weight_decay": 0.0005, "steps_per_iteration": null, "pin": false, "model_creator": null, "target_batch_size": 128, "model_string": "resnet50", "min_batch_size": 128, "dataset": "CIFAR", "placement": null, "use_nccl": true, "devices_per_worker": 1, "primary_resource": "extra_gpu", "gpu": false, "verbose": false, "lr_config": {"mode": "log", "steps": 5, "initial_lr": 0.0001, "target_lr": 0.0001}, "batch_per_device": 128}, "time_since_restore": 45.33960199356079, "timesteps_since_restore": 0, "iterations_since_restore": 1, "mean_throughput": 1323.3439500097043, "atoms": 1, "setup_time": 9.15123963356018}
{"apply": 0.01696488857269287, "batch_time": 0.03168895576573626, "d2h": 0.000645756721496582, "data_time": 0.0017689030493616754, "fwd": 0.027698230743408204, "get_state_time_mean": NaN, "get_state_time_total": 0.0, "grad": 0.04668886661529541, "mean_accuracy": 0.15049999952316284, "mean_loss": 2.3220196184158324, "neg_mean_accuracy": -0.16369999945163727, "set_state_time_mean": NaN, "set_state_time_total": 0.0, "setup_model_time_mean": NaN, "setup_model_time_total": 0.0, "setup_proc_time_mean": NaN, "setup_proc_time_total": 0.0, "train_accuracy": 0.13915999233722687, "train_loss": 2.34871158744812, "training_time_mean": NaN, "training_time_total": 0.0, "val_accuracy": 0.16369999945163727, "val_loss": 2.274103094100952, "validation_time_mean": NaN, "validation_time_total": 0.0, "samples": 60000, "num_workers": 1, "done": false, "timesteps_total": null, "episodes_total": null, "training_iteration": 2, "neg_mean_loss": -2.3220196184158324, "experiment_id": "41f9e58d59e3426c91bb29f6737a1599", "date": "2019-06-06_02-20-47", "timestamp": 1559812847, "time_this_iter_s": 40.10735774040222, "time_total_s": 85.44695973396301, "pid": 15371, "hostname": "steropes", "node_ip": "169.229.49.254", "config": {"starting_lr": 0.0001, "momentum": 0.9, "weight_decay": 0.0005, "steps_per_iteration": null, "pin": false, "model_creator": null, "target_batch_size": 128, "model_string": "resnet50", "min_batch_size": 128, "dataset": "CIFAR", "placement": null, "use_nccl": true, "devices_per_worker": 1, "primary_resource": "extra_gpu", "gpu": false, "verbose": false, "lr_config": {"mode": "log", "steps": 5, "initial_lr": 0.0001, "target_lr": 0.0001}, "batch_per_device": 128}, "time_since_restore": 85.44695973396301, "timesteps_since_restore": 0, "iterations_since_restore": 2, "mean_throughput": 1404.3773513778576, "atoms": 1, "setup_time": 9.15123963356018}
{"apply": 0.016826963424682616, "batch_time": 0.03197078765193118, "d2h": 0.0006840229034423828, "data_time": 0.001847903137011906, "fwd": 0.027736568450927736, "get_state_time_mean": NaN, "get_state_time_total": 0.0, "grad": 0.04725449085235596, "mean_accuracy": 0.16259999573230743, "mean_loss": 2.2815283958435058, "neg_mean_accuracy": -0.18679998815059662, "set_state_time_mean": NaN, "set_state_time_total": 0.0, "setup_model_time_mean": NaN, "setup_model_time_total": 0.0, "setup_proc_time_mean": NaN, "setup_proc_time_total": 0.0, "train_accuracy": 0.1614999920129776, "train_loss": 2.2778039124298095, "training_time_mean": NaN, "training_time_total": 0.0, "val_accuracy": 0.18679998815059662, "val_loss": 2.2005459506988525, "validation_time_mean": NaN, "validation_time_total": 0.0, "samples": 60000, "num_workers": 1, "done": true, "timesteps_total": null, "episodes_total": null, "training_iteration": 3, "neg_mean_loss": -2.2815283958435058, "experiment_id": "41f9e58d59e3426c91bb29f6737a1599", "date": "2019-06-06_02-21-27", "timestamp": 1559812887, "time_this_iter_s": 40.234659910202026, "time_total_s": 125.68161964416504, "pid": 15371, "hostname": "steropes", "node_ip": "169.229.49.254", "config": {"starting_lr": 0.0001, "momentum": 0.9, "weight_decay": 0.0005, "steps_per_iteration": null, "pin": false, "model_creator": null, "target_batch_size": 128, "model_string": "resnet50", "min_batch_size": 128, "dataset": "CIFAR", "placement": null, "use_nccl": true, "devices_per_worker": 1, "primary_resource": "extra_gpu", "gpu": false, "verbose": false, "lr_config": {"mode": "log", "steps": 5, "initial_lr": 0.0001, "target_lr": 0.0001}, "batch_per_device": 128}, "time_since_restore": 125.68161964416504, "timesteps_since_restore": 0, "iterations_since_restore": 3, "mean_throughput": 1432.1855050784106, "atoms": 1, "setup_time": 9.15123963356018}
