{"apply": 0.017275238037109376, "batch_time": 0.04240311851984338, "d2h": 0.000660562515258789, "data_time": 0.001879456098122365, "fwd": 0.11667611598968505, "get_state_time_mean": NaN, "get_state_time_total": 0.0, "grad": 0.26864304542541506, "mean_accuracy": 0.09999999403953552, "mean_loss": 10125701.1872, "neg_mean_accuracy": -0.09999999403953552, "set_state_time_mean": NaN, "set_state_time_total": 0.0, "setup_model_time_mean": 20.96178913116455, "setup_model_time_total": 20.96178913116455, "setup_proc_time_mean": 1.8915817737579346, "setup_proc_time_total": 1.8915817737579346, "train_accuracy": 0.11135999858379364, "train_loss": 6.2285475875854495, "training_time_mean": NaN, "training_time_total": 0.0, "val_accuracy": 0.09999999403953552, "val_loss": 10125701.1872, "validation_time_mean": NaN, "validation_time_total": 0.0, "samples": 60000, "num_workers": 1, "done": false, "timesteps_total": null, "episodes_total": null, "training_iteration": 1, "neg_mean_loss": -10125701.1872, "experiment_id": "44ec9a9a647e433398be31da47f887b5", "date": "2019-06-02_20-14-43", "timestamp": 1559531683, "time_this_iter_s": 47.345179080963135, "time_total_s": 47.345179080963135, "pid": 18839, "hostname": "steropes", "node_ip": "169.229.49.254", "config": {"starting_lr": 1.0, "momentum": 0.9, "weight_decay": 0.005, "steps_per_iteration": null, "pin": false, "model_creator": null, "target_batch_size": 128, "model_string": "resnet50", "min_batch_size": 128, "dataset": "CIFAR", "placement": null, "use_nccl": true, "devices_per_worker": 1, "primary_resource": "extra_gpu", "gpu": false, "verbose": false, "lr_config": {"mode": "log", "steps": 5, "initial_lr": 1.0, "target_lr": 1.0}, "batch_per_device": 128}, "time_since_restore": 47.345179080963135, "timesteps_since_restore": 0, "iterations_since_restore": 1, "mean_throughput": 1267.2861435899729, "atoms": 1, "setup_time": 24.431379795074463}
{"apply": 0.017459583282470704, "batch_time": 0.03146054171308686, "d2h": 0.000661468505859375, "data_time": 0.001756073568788026, "fwd": 0.027585315704345702, "get_state_time_mean": NaN, "get_state_time_total": 0.0, "grad": 0.047083806991577146, "mean_accuracy": 0.09999999403953552, "mean_loss": 5062851.825217558, "neg_mean_accuracy": -0.09999999403953552, "set_state_time_mean": NaN, "set_state_time_total": 0.0, "setup_model_time_mean": NaN, "setup_model_time_total": 0.0, "setup_proc_time_mean": NaN, "setup_proc_time_total": 0.0, "train_accuracy": 0.10797999799251556, "train_loss": 2.782510677871704, "training_time_mean": NaN, "training_time_total": 0.0, "val_accuracy": 0.09999999403953552, "val_loss": 2.463235116195679, "validation_time_mean": NaN, "validation_time_total": 0.0, "samples": 60000, "num_workers": 1, "done": false, "timesteps_total": null, "episodes_total": null, "training_iteration": 2, "neg_mean_loss": -5062851.825217558, "experiment_id": "44ec9a9a647e433398be31da47f887b5", "date": "2019-06-02_20-15-23", "timestamp": 1559531723, "time_this_iter_s": 40.1505708694458, "time_total_s": 87.49574995040894, "pid": 18839, "hostname": "steropes", "node_ip": "169.229.49.254", "config": {"starting_lr": 1.0, "momentum": 0.9, "weight_decay": 0.005, "steps_per_iteration": null, "pin": false, "model_creator": null, "target_batch_size": 128, "model_string": "resnet50", "min_batch_size": 128, "dataset": "CIFAR", "placement": null, "use_nccl": true, "devices_per_worker": 1, "primary_resource": "extra_gpu", "gpu": false, "verbose": false, "lr_config": {"mode": "log", "steps": 5, "initial_lr": 1.0, "target_lr": 1.0}, "batch_per_device": 128}, "time_since_restore": 87.49574995040894, "timesteps_since_restore": 0, "iterations_since_restore": 2, "mean_throughput": 1371.490265799381, "atoms": 1, "setup_time": 24.431379795074463}
{"apply": 0.01751227378845215, "batch_time": 0.031641262996045846, "d2h": 0.0006695747375488281, "data_time": 0.0017548973298133791, "fwd": 0.027652382850646973, "get_state_time_mean": NaN, "get_state_time_total": 0.0, "grad": 0.047178101539611814, "mean_accuracy": 0.09999999403953552, "mean_loss": 3384424.2354929554, "neg_mean_accuracy": -0.09999999403953552, "set_state_time_mean": NaN, "set_state_time_total": 0.0, "setup_model_time_mean": NaN, "setup_model_time_total": 0.0, "setup_proc_time_mean": NaN, "setup_proc_time_total": 0.0, "train_accuracy": 0.10235999524593353, "train_loss": 3136375.4088793085, "training_time_mean": NaN, "training_time_total": 0.0, "val_accuracy": 0.09999999403953552, "val_loss": 27569.05604375, "validation_time_mean": NaN, "validation_time_total": 0.0, "samples": 60000, "num_workers": 1, "done": true, "timesteps_total": null, "episodes_total": null, "training_iteration": 3, "neg_mean_loss": -3384424.2354929554, "experiment_id": "44ec9a9a647e433398be31da47f887b5", "date": "2019-06-02_20-16-03", "timestamp": 1559531763, "time_this_iter_s": 40.04930901527405, "time_total_s": 127.54505896568298, "pid": 18839, "hostname": "steropes", "node_ip": "169.229.49.254", "config": {"starting_lr": 1.0, "momentum": 0.9, "weight_decay": 0.005, "steps_per_iteration": null, "pin": false, "model_creator": null, "target_batch_size": 128, "model_string": "resnet50", "min_batch_size": 128, "dataset": "CIFAR", "placement": null, "use_nccl": true, "devices_per_worker": 1, "primary_resource": "extra_gpu", "gpu": false, "verbose": false, "lr_config": {"mode": "log", "steps": 5, "initial_lr": 1.0, "target_lr": 1.0}, "batch_per_device": 128}, "time_since_restore": 127.54505896568298, "timesteps_since_restore": 0, "iterations_since_restore": 3, "mean_throughput": 1411.2615511466668, "atoms": 1, "setup_time": 24.431379795074463}
