{"apply": 0.017791318893432616, "batch_time": 0.042643396160270595, "d2h": 0.0007479667663574218, "data_time": 0.0019071083849348375, "fwd": 0.11764264106750488, "get_state_time_mean": NaN, "get_state_time_total": 0.0, "grad": 0.17196810245513916, "mean_accuracy": 0.0997999981045723, "mean_loss": 2.581406273651123, "neg_mean_accuracy": -0.0997999981045723, "set_state_time_mean": NaN, "set_state_time_total": 0.0, "setup_model_time_mean": 8.443437099456787, "setup_model_time_total": 8.443437099456787, "setup_proc_time_mean": 0.14406561851501465, "setup_proc_time_total": 0.14406561851501465, "train_accuracy": 0.10335999727249146, "train_loss": 8.763608484649659, "training_time_mean": NaN, "training_time_total": 0.0, "val_accuracy": 0.0997999981045723, "val_loss": 2.581406273651123, "validation_time_mean": NaN, "validation_time_total": 0.0, "samples": 60000, "num_workers": 1, "done": false, "timesteps_total": null, "episodes_total": null, "training_iteration": 1, "neg_mean_loss": -2.581406273651123, "experiment_id": "079e52e405994802a64416a77a2aa1ce", "date": "2019-06-03_04-11-49", "timestamp": 1559560309, "time_this_iter_s": 45.82158374786377, "time_total_s": 45.82158374786377, "pid": 16904, "hostname": "steropes", "node_ip": "169.229.49.254", "config": {"starting_lr": 0.5, "momentum": 0.99, "weight_decay": 0.0001, "steps_per_iteration": null, "pin": false, "model_creator": null, "target_batch_size": 128, "model_string": "resnet50", "min_batch_size": 128, "dataset": "CIFAR", "placement": null, "use_nccl": true, "devices_per_worker": 1, "primary_resource": "extra_gpu", "gpu": false, "verbose": false, "lr_config": {"mode": "log", "steps": 5, "initial_lr": 0.5, "target_lr": 0.5}, "batch_per_device": 128}, "time_since_restore": 45.82158374786377, "timesteps_since_restore": 0, "iterations_since_restore": 1, "mean_throughput": 1309.4223351861986, "atoms": 1, "setup_time": 8.702759504318237}
{"apply": 0.01751101016998291, "batch_time": 0.031286414665511894, "d2h": 0.0008792400360107422, "data_time": 0.0018179770320882577, "fwd": 0.02722930908203125, "get_state_time_mean": NaN, "get_state_time_total": 0.0, "grad": 0.047677111625671384, "mean_accuracy": 0.0997999981045723, "mean_loss": 17.718946648788453, "neg_mean_accuracy": -0.0997999981045723, "set_state_time_mean": NaN, "set_state_time_total": 0.0, "setup_model_time_mean": NaN, "setup_model_time_total": 0.0, "setup_proc_time_mean": NaN, "setup_proc_time_total": 0.0, "train_accuracy": 0.10238000005483627, "train_loss": 105.6007962841797, "training_time_mean": NaN, "training_time_total": 0.0, "val_accuracy": 0.0997999981045723, "val_loss": 32.85648702392578, "validation_time_mean": NaN, "validation_time_total": 0.0, "samples": 60000, "num_workers": 1, "done": false, "timesteps_total": null, "episodes_total": null, "training_iteration": 2, "neg_mean_loss": -17.718946648788453, "experiment_id": "079e52e405994802a64416a77a2aa1ce", "date": "2019-06-03_04-12-29", "timestamp": 1559560349, "time_this_iter_s": 40.300867795944214, "time_total_s": 86.12245154380798, "pid": 16904, "hostname": "steropes", "node_ip": "169.229.49.254", "config": {"starting_lr": 0.5, "momentum": 0.99, "weight_decay": 0.0001, "steps_per_iteration": null, "pin": false, "model_creator": null, "target_batch_size": 128, "model_string": "resnet50", "min_batch_size": 128, "dataset": "CIFAR", "placement": null, "use_nccl": true, "devices_per_worker": 1, "primary_resource": "extra_gpu", "gpu": false, "verbose": false, "lr_config": {"mode": "log", "steps": 5, "initial_lr": 0.5, "target_lr": 0.5}, "batch_per_device": 128}, "time_since_restore": 86.12245154380798, "timesteps_since_restore": 0, "iterations_since_restore": 2, "mean_throughput": 1393.3612885294692, "atoms": 1, "setup_time": 8.702759504318237}
{"apply": 0.018549442291259766, "batch_time": 0.034776147407821464, "d2h": 0.0007663249969482421, "data_time": 0.0018397389775346917, "fwd": 0.02811298370361328, "get_state_time_mean": NaN, "get_state_time_total": 0.0, "grad": 0.04819166660308838, "mean_accuracy": 0.09859999765952428, "mean_loss": 441702.8258158648, "neg_mean_accuracy": -0.09619999676942825, "set_state_time_mean": NaN, "set_state_time_total": 0.0, "setup_model_time_mean": NaN, "setup_model_time_total": 0.0, "setup_proc_time_mean": NaN, "setup_proc_time_total": 0.0, "train_accuracy": 0.10266000032424927, "train_loss": 65481.03534430298, "training_time_mean": NaN, "training_time_total": 0.0, "val_accuracy": 0.09619999676942825, "val_loss": 1325073.0395542968, "validation_time_mean": NaN, "validation_time_total": 0.0, "samples": 60000, "num_workers": 1, "done": true, "timesteps_total": null, "episodes_total": null, "training_iteration": 3, "neg_mean_loss": -441702.8258158648, "experiment_id": "079e52e405994802a64416a77a2aa1ce", "date": "2019-06-03_04-13-10", "timestamp": 1559560390, "time_this_iter_s": 40.825502157211304, "time_total_s": 126.94795370101929, "pid": 16904, "hostname": "steropes", "node_ip": "169.229.49.254", "config": {"starting_lr": 0.5, "momentum": 0.99, "weight_decay": 0.0001, "steps_per_iteration": null, "pin": false, "model_creator": null, "target_batch_size": 128, "model_string": "resnet50", "min_batch_size": 128, "dataset": "CIFAR", "placement": null, "use_nccl": true, "devices_per_worker": 1, "primary_resource": "extra_gpu", "gpu": false, "verbose": false, "lr_config": {"mode": "log", "steps": 5, "initial_lr": 0.5, "target_lr": 0.5}, "batch_per_device": 128}, "time_since_restore": 126.94795370101929, "timesteps_since_restore": 0, "iterations_since_restore": 3, "mean_throughput": 1417.9006032743685, "atoms": 1, "setup_time": 8.702759504318237}
