apply,batch_time,d2h,data_time,fwd,get_state_time_mean,get_state_time_total,grad,mean_accuracy,mean_loss,neg_mean_accuracy,set_state_time_mean,set_state_time_total,setup_model_time_mean,setup_model_time_total,setup_proc_time_mean,setup_proc_time_total,train_accuracy,train_loss,training_time_mean,training_time_total,val_accuracy,val_loss,validation_time_mean,validation_time_total,samples,num_workers,done,timesteps_total,episodes_total,training_iteration,neg_mean_loss,experiment_id,date,timestamp,time_this_iter_s,time_total_s,pid,hostname,node_ip,config,time_since_restore,timesteps_since_restore,iterations_since_restore,mean_throughput,atoms,setup_time
0.016475558280944824,0.040622828881951824,0.0006672620773315429,0.0018746669944899772,0.11815342903137208,nan,0.0,0.16280126571655273,0.16249999403953552,2.2626624519348146,-0.16249999403953552,nan,0.0,8.443949937820435,8.443949937820435,0.13534760475158691,0.13534760475158691,0.12661999464035034,4.612374483413697,nan,0.0,0.16249999403953552,2.2626624519348146,nan,0.0,60000,1,False,,,1,-2.2626624519348146,55bcf853b39243c88c6a6152e489026b,2019-06-03_04-14-04,1559560444,44.703736782073975,44.703736782073975,16894,steropes,169.229.49.254,"{'starting_lr': 0.1, 'momentum': 0.95, 'weight_decay': 0.0005, 'steps_per_iteration': None, 'pin': False, 'model_creator': None, 'target_batch_size': 128, 'model_string': 'resnet50', 'min_batch_size': 128, 'dataset': 'CIFAR', 'placement': None, 'use_nccl': True, 'devices_per_worker': 1, 'primary_resource': 'extra_gpu', 'gpu': False, 'verbose': False, 'lr_config': {'mode': 'log', 'steps': 5, 'initial_lr': 0.1, 'target_lr': 0.1}, 'batch_per_device': 128}",44.703736782073975,0,1,1342.1657051629586,1,8.697027921676636
0.01652870178222656,0.03153901764109165,0.0006910085678100586,0.001750805798698874,0.027605319023132326,nan,0.0,0.04681143760681152,0.20444999635219574,2.1447815662384033,-0.24639999866485596,nan,0.0,nan,0.0,nan,0.0,0.1981000006198883,2.1683301968002318,nan,0.0,0.24639999866485596,2.026900680541992,nan,0.0,60000,1,False,,,2,-2.1447815662384033,55bcf853b39243c88c6a6152e489026b,2019-06-03_04-14-43,1559560483,39.25279474258423,83.9565315246582,16894,steropes,169.229.49.254,"{'starting_lr': 0.1, 'momentum': 0.95, 'weight_decay': 0.0005, 'steps_per_iteration': None, 'pin': False, 'model_creator': None, 'target_batch_size': 128, 'model_string': 'resnet50', 'min_batch_size': 128, 'dataset': 'CIFAR', 'placement': None, 'use_nccl': True, 'devices_per_worker': 1, 'primary_resource': 'extra_gpu', 'gpu': False, 'verbose': False, 'lr_config': {'mode': 'log', 'steps': 5, 'initial_lr': 0.1, 'target_lr': 0.1}, 'batch_per_device': 128}",83.9565315246582,0,2,1429.3065941136947,1,8.697027921676636
0.01641247272491455,0.03108740456496613,0.000664377212524414,0.0017703878300269241,0.02767002582550049,nan,0.0,0.046245765686035153,0.24236666162808737,2.0309837712605794,-0.3181999921798706,nan,0.0,nan,0.0,nan,0.0,0.26211997866630554,1.9943212991333008,nan,0.0,0.3181999921798706,1.8033881813049317,nan,0.0,60000,1,False,,,3,-2.0309837712605794,55bcf853b39243c88c6a6152e489026b,2019-06-03_04-15-22,1559560522,39.27809739112854,123.23462891578674,16894,steropes,169.229.49.254,"{'starting_lr': 0.1, 'momentum': 0.95, 'weight_decay': 0.0005, 'steps_per_iteration': None, 'pin': False, 'model_creator': None, 'target_batch_size': 128, 'model_string': 'resnet50', 'min_batch_size': 128, 'dataset': 'CIFAR', 'placement': None, 'use_nccl': True, 'devices_per_worker': 1, 'primary_resource': 'extra_gpu', 'gpu': False, 'verbose': False, 'lr_config': {'mode': 'log', 'steps': 5, 'initial_lr': 0.1, 'target_lr': 0.1}, 'batch_per_device': 128}",123.23462891578674,0,3,1460.6242976870412,1,8.697027921676636
0.01680479049682617,0.030874735192407535,0.0006609678268432618,0.0017598974125464554,0.02715458869934082,nan,0.0,0.046837234497070314,0.2822999954223633,1.9278648133277894,-0.40209999680519104,nan,0.0,nan,0.0,nan,0.0,0.3325999975204468,1.792192661781311,nan,0.0,0.40209999680519104,1.6185079395294188,nan,0.0,60000,1,False,,,4,-1.9278648133277894,55bcf853b39243c88c6a6152e489026b,2019-06-03_04-16-02,1559560562,39.417922258377075,162.65255117416382,16894,steropes,169.229.49.254,"{'starting_lr': 0.1, 'momentum': 0.95, 'weight_decay': 0.0005, 'steps_per_iteration': None, 'pin': False, 'model_creator': None, 'target_batch_size': 128, 'model_string': 'resnet50', 'min_batch_size': 128, 'dataset': 'CIFAR', 'placement': None, 'use_nccl': True, 'devices_per_worker': 1, 'primary_resource': 'extra_gpu', 'gpu': False, 'verbose': False, 'lr_config': {'mode': 'log', 'steps': 5, 'initial_lr': 0.1, 'target_lr': 0.1}, 'batch_per_device': 128}",162.65255117416382,0,4,1475.5338624358649,1,8.697027921676636
0.016520261764526367,0.03102380112756657,0.0006849288940429688,0.001890851408624283,0.027251410484313964,nan,0.0,0.04637930393218994,0.30893999338150024,1.8623478247833252,-0.4154999852180481,nan,0.0,nan,0.0,nan,0.0,0.38461998105049133,1.671184764099121,nan,0.0,0.4154999852180481,1.6002798706054688,nan,0.0,60000,1,False,,,5,-1.8623478247833252,55bcf853b39243c88c6a6152e489026b,2019-06-03_04-16-41,1559560601,39.42261481285095,202.07516598701477,16894,steropes,169.229.49.254,"{'starting_lr': 0.1, 'momentum': 0.95, 'weight_decay': 0.0005, 'steps_per_iteration': None, 'pin': False, 'model_creator': None, 'target_batch_size': 128, 'model_string': 'resnet50', 'min_batch_size': 128, 'dataset': 'CIFAR', 'placement': None, 'use_nccl': True, 'devices_per_worker': 1, 'primary_resource': 'extra_gpu', 'gpu': False, 'verbose': False, 'lr_config': {'mode': 'log', 'steps': 5, 'initial_lr': 0.1, 'target_lr': 0.1}, 'batch_per_device': 128}",202.07516598701477,0,5,1484.5922457648498,1,8.697027921676636
0.016590023040771486,0.030956331687637523,0.0006539821624755859,0.001750820433087361,0.027375435829162596,nan,0.0,0.04640603065490723,0.3655199944972992,1.7099759116363527,-0.4453999996185303,nan,0.0,nan,0.0,nan,0.0,0.41787999868392944,1.5845205767440795,nan,0.0,0.4453999996185303,1.5008028861999512,nan,0.0,60000,1,False,,,6,-1.7099759116363527,55bcf853b39243c88c6a6152e489026b,2019-06-03_04-17-20,1559560640,39.155582666397095,241.23074865341187,16894,steropes,169.229.49.254,"{'starting_lr': 0.1, 'momentum': 0.95, 'weight_decay': 0.0005, 'steps_per_iteration': None, 'pin': False, 'model_creator': None, 'target_batch_size': 128, 'model_string': 'resnet50', 'min_batch_size': 128, 'dataset': 'CIFAR', 'placement': None, 'use_nccl': True, 'devices_per_worker': 1, 'primary_resource': 'extra_gpu', 'gpu': False, 'verbose': False, 'lr_config': {'mode': 'log', 'steps': 5, 'initial_lr': 0.1, 'target_lr': 0.1}, 'batch_per_device': 128}",241.23074865341187,0,6,1526.50409172378,1,8.697027921676636
0.016465401649475096,0.03171668776982947,0.000651693344116211,0.0017608254766830094,0.026970839500427245,nan,0.0,0.04608266353607178,0.40735999345779417,1.6189502865600587,-0.45559999346733093,nan,0.0,nan,0.0,nan,0.0,0.4517199993133545,1.5070699228668214,nan,0.0,0.45559999346733093,1.5717725551605224,nan,0.0,60000,1,False,,,7,-1.6189502865600587,55bcf853b39243c88c6a6152e489026b,2019-06-03_04-18-00,1559560680,39.29831099510193,280.5290596485138,16894,steropes,169.229.49.254,"{'starting_lr': 0.1, 'momentum': 0.95, 'weight_decay': 0.0005, 'steps_per_iteration': None, 'pin': False, 'model_creator': None, 'target_batch_size': 128, 'model_string': 'resnet50', 'min_batch_size': 128, 'dataset': 'CIFAR', 'placement': None, 'use_nccl': True, 'devices_per_worker': 1, 'primary_resource': 'extra_gpu', 'gpu': False, 'verbose': False, 'lr_config': {'mode': 'log', 'steps': 5, 'initial_lr': 0.1, 'target_lr': 0.1}, 'batch_per_device': 128}",280.5290596485138,0,7,1526.1504259796045,1,8.697027921676636
0.01680171489715576,0.031152589411675174,0.0006898880004882812,0.0017739464254940256,0.027555298805236817,nan,0.0,0.04677484035491943,0.44315999150276186,1.5518772286987303,-0.49719998240470886,nan,0.0,nan,0.0,nan,0.0,0.4932999908924103,1.4082091592025756,nan,0.0,0.49719998240470886,1.468022891998291,nan,0.0,60000,1,False,,,8,-1.5518772286987303,55bcf853b39243c88c6a6152e489026b,2019-06-03_04-18-39,1559560719,39.25136375427246,319.78042340278625,16894,steropes,169.229.49.254,"{'starting_lr': 0.1, 'momentum': 0.95, 'weight_decay': 0.0005, 'steps_per_iteration': None, 'pin': False, 'model_creator': None, 'target_batch_size': 128, 'model_string': 'resnet50', 'min_batch_size': 128, 'dataset': 'CIFAR', 'placement': None, 'use_nccl': True, 'devices_per_worker': 1, 'primary_resource': 'extra_gpu', 'gpu': False, 'verbose': False, 'lr_config': {'mode': 'log', 'steps': 5, 'initial_lr': 0.1, 'target_lr': 0.1}, 'batch_per_device': 128}",319.78042340278625,0,8,1526.3580028310978,1,8.697027921676636
0.016457414627075194,0.031436585172822204,0.0006834983825683594,0.0017535845032128532,0.027371144294738768,nan,0.0,0.04695649147033691,0.4722799897193909,1.4826105158424376,-0.5476999878883362,nan,0.0,nan,0.0,nan,0.0,0.5231999754905701,1.3424460359191894,nan,0.0,0.5476999878883362,1.2721743752479553,nan,0.0,60000,1,False,,,9,-1.4826105158424376,55bcf853b39243c88c6a6152e489026b,2019-06-03_04-19-18,1559560758,39.3679256439209,359.14834904670715,16894,steropes,169.229.49.254,"{'starting_lr': 0.1, 'momentum': 0.95, 'weight_decay': 0.0005, 'steps_per_iteration': None, 'pin': False, 'model_creator': None, 'target_batch_size': 128, 'model_string': 'resnet50', 'min_batch_size': 128, 'dataset': 'CIFAR', 'placement': None, 'use_nccl': True, 'devices_per_worker': 1, 'primary_resource': 'extra_gpu', 'gpu': False, 'verbose': False, 'lr_config': {'mode': 'log', 'steps': 5, 'initial_lr': 0.1, 'target_lr': 0.1}, 'batch_per_device': 128}",359.14834904670715,0,9,1526.7464590415445,1,8.697027921676636
0.016736531257629396,0.03101998944825764,0.000658416748046875,0.0018809481959818574,0.02723510265350342,nan,0.0,0.0463543176651001,0.4991399884223938,1.4149901398658753,-0.5497999787330627,nan,0.0,nan,0.0,nan,0.0,0.5451599955558777,1.2798234955215455,nan,0.0,0.5497999787330627,1.2621779907226562,nan,0.0,60000,1,False,,,10,-1.4149901398658753,55bcf853b39243c88c6a6152e489026b,2019-06-03_04-19-58,1559560798,39.36094546318054,398.5092945098877,16894,steropes,169.229.49.254,"{'starting_lr': 0.1, 'momentum': 0.95, 'weight_decay': 0.0005, 'steps_per_iteration': None, 'pin': False, 'model_creator': None, 'target_batch_size': 128, 'model_string': 'resnet50', 'min_batch_size': 128, 'dataset': 'CIFAR', 'placement': None, 'use_nccl': True, 'devices_per_worker': 1, 'primary_resource': 'extra_gpu', 'gpu': False, 'verbose': False, 'lr_config': {'mode': 'log', 'steps': 5, 'initial_lr': 0.1, 'target_lr': 0.1}, 'batch_per_device': 128}",398.5092945098877,0,10,1527.2257636017762,1,8.697027921676636
0.016451239585876465,0.031035845792746243,0.0006782770156860352,0.0017981395087278713,0.02775287628173828,nan,0.0,0.045936751365661624,0.5187799811363221,1.3939350164222717,-0.5435999631881714,nan,0.0,nan,0.0,nan,0.0,0.5632799863815308,1.2381812675094606,nan,0.0,0.5435999631881714,1.3955272689819336,nan,0.0,60000,1,False,,,11,-1.3939350164222717,55bcf853b39243c88c6a6152e489026b,2019-06-03_04-20-37,1559560837,39.434874057769775,437.94416856765747,16894,steropes,169.229.49.254,"{'starting_lr': 0.1, 'momentum': 0.95, 'weight_decay': 0.0005, 'steps_per_iteration': None, 'pin': False, 'model_creator': None, 'target_batch_size': 128, 'model_string': 'resnet50', 'min_batch_size': 128, 'dataset': 'CIFAR', 'placement': None, 'use_nccl': True, 'devices_per_worker': 1, 'primary_resource': 'extra_gpu', 'gpu': False, 'verbose': False, 'lr_config': {'mode': 'log', 'steps': 5, 'initial_lr': 0.1, 'target_lr': 0.1}, 'batch_per_device': 128}",437.94416856765747,0,11,1525.0573689737882,1,8.697027921676636
0.01636676788330078,0.031122228767298445,0.0006722211837768555,0.0017835386573811017,0.027408576011657713,nan,0.0,0.046941161155700684,0.5432399809360504,1.332789121570587,-0.5778999924659729,nan,0.0,nan,0.0,nan,0.0,0.5819199681282043,1.190166071395874,nan,0.0,0.5778999924659729,1.2660430809020997,nan,0.0,60000,1,False,,,12,-1.332789121570587,55bcf853b39243c88c6a6152e489026b,2019-06-03_04-21-16,1559560876,39.32218599319458,477.26635456085205,16894,steropes,169.229.49.254,"{'starting_lr': 0.1, 'momentum': 0.95, 'weight_decay': 0.0005, 'steps_per_iteration': None, 'pin': False, 'model_creator': None, 'target_batch_size': 128, 'model_string': 'resnet50', 'min_batch_size': 128, 'dataset': 'CIFAR', 'placement': None, 'use_nccl': True, 'devices_per_worker': 1, 'primary_resource': 'extra_gpu', 'gpu': False, 'verbose': False, 'lr_config': {'mode': 'log', 'steps': 5, 'initial_lr': 0.1, 'target_lr': 0.1}, 'batch_per_device': 128}",477.26635456085205,0,12,1524.872887873891,1,8.697027921676636
0.01656341552734375,0.031013974660559544,0.0006777524948120117,0.0017812666685684867,0.02792656421661377,nan,0.0,0.04767320156097412,0.5619999766349792,1.280049692211151,-0.590999960899353,nan,0.0,nan,0.0,nan,0.0,0.5954799652099609,1.1596526936340332,nan,0.0,0.590999960899353,1.204325745201111,nan,0.0,60000,1,False,,,13,-1.280049692211151,55bcf853b39243c88c6a6152e489026b,2019-06-03_04-21-56,1559560916,39.287720680236816,516.5540752410889,16894,steropes,169.229.49.254,"{'starting_lr': 0.1, 'momentum': 0.95, 'weight_decay': 0.0005, 'steps_per_iteration': None, 'pin': False, 'model_creator': None, 'target_batch_size': 128, 'model_string': 'resnet50', 'min_batch_size': 128, 'dataset': 'CIFAR', 'placement': None, 'use_nccl': True, 'devices_per_worker': 1, 'primary_resource': 'extra_gpu', 'gpu': False, 'verbose': False, 'lr_config': {'mode': 'log', 'steps': 5, 'initial_lr': 0.1, 'target_lr': 0.1}, 'batch_per_device': 128}",516.5540752410889,0,13,1524.5911616274498,1,8.697027921676636
0.01643223762512207,0.03125894522365136,0.0006726264953613281,0.0018141306269809107,0.027299022674560545,nan,0.0,0.046515154838562014,0.5640399813652038,1.2847645650100707,-0.5579000115394592,nan,0.0,nan,0.0,nan,0.0,0.6061599850654602,1.1316997523498535,nan,0.0,0.5579000115394592,1.2957487392425537,nan,0.0,60000,1,False,,,14,-1.2847645650100707,55bcf853b39243c88c6a6152e489026b,2019-06-03_04-22-35,1559560955,39.21969532966614,555.773770570755,16894,steropes,169.229.49.254,"{'starting_lr': 0.1, 'momentum': 0.95, 'weight_decay': 0.0005, 'steps_per_iteration': None, 'pin': False, 'model_creator': None, 'target_batch_size': 128, 'model_string': 'resnet50', 'min_batch_size': 128, 'dataset': 'CIFAR', 'placement': None, 'use_nccl': True, 'devices_per_worker': 1, 'primary_resource': 'extra_gpu', 'gpu': False, 'verbose': False, 'lr_config': {'mode': 'log', 'steps': 5, 'initial_lr': 0.1, 'target_lr': 0.1}, 'batch_per_device': 128}",555.773770570755,0,14,1525.7398539263447,1,8.697027921676636
0.01659724712371826,0.031017415131194683,0.0006834983825683594,0.0017933516246278574,0.028128838539123534,nan,0.0,0.04653048515319824,0.5777199864387512,1.2511530545043945,-0.6182000041007996,nan,0.0,nan,0.0,nan,0.0,0.6077799797058105,1.1293591792488098,nan,0.0,0.6182000041007996,1.0941204381942748,nan,0.0,60000,1,False,,,15,-1.2511530545043945,55bcf853b39243c88c6a6152e489026b,2019-06-03_04-23-14,1559560994,39.27100992202759,595.0447804927826,16894,steropes,169.229.49.254,"{'starting_lr': 0.1, 'momentum': 0.95, 'weight_decay': 0.0005, 'steps_per_iteration': None, 'pin': False, 'model_creator': None, 'target_batch_size': 128, 'model_string': 'resnet50', 'min_batch_size': 128, 'dataset': 'CIFAR', 'placement': None, 'use_nccl': True, 'devices_per_worker': 1, 'primary_resource': 'extra_gpu', 'gpu': False, 'verbose': False, 'lr_config': {'mode': 'log', 'steps': 5, 'initial_lr': 0.1, 'target_lr': 0.1}, 'batch_per_device': 128}",595.0447804927826,0,15,1526.4380284681142,1,8.697027921676636
0.016655111312866212,0.031251868115195744,0.0006727218627929687,0.0017810971535685118,0.028271293640136717,nan,0.0,0.04682543277740479,0.5908799886703491,1.2094791068267823,-0.6093999743461609,nan,0.0,nan,0.0,nan,0.0,0.6186400055885315,1.10670407371521,nan,0.0,0.6093999743461609,1.187157530593872,nan,0.0,60000,1,False,,,16,-1.2094791068267823,55bcf853b39243c88c6a6152e489026b,2019-06-03_04-23-53,1559561033,39.32162857055664,634.3664090633392,16894,steropes,169.229.49.254,"{'starting_lr': 0.1, 'momentum': 0.95, 'weight_decay': 0.0005, 'steps_per_iteration': None, 'pin': False, 'model_creator': None, 'target_batch_size': 128, 'model_string': 'resnet50', 'min_batch_size': 128, 'dataset': 'CIFAR', 'placement': None, 'use_nccl': True, 'devices_per_worker': 1, 'primary_resource': 'extra_gpu', 'gpu': False, 'verbose': False, 'lr_config': {'mode': 'log', 'steps': 5, 'initial_lr': 0.1, 'target_lr': 0.1}, 'batch_per_device': 128}",634.3664090633392,0,16,1527.3180730237739,1,8.697027921676636
0.016881895065307618,0.031261751923380016,0.000670170783996582,0.0017587626376725219,0.02740213871002197,nan,0.0,0.0469109058380127,0.6025999903678894,1.1737038723373412,-0.6365000009536743,nan,0.0,nan,0.0,nan,0.0,0.6287199854850769,1.0802672812652587,nan,0.0,0.6365000009536743,1.087166908454895,nan,0.0,60000,1,False,,,17,-1.1737038723373412,55bcf853b39243c88c6a6152e489026b,2019-06-03_04-24-33,1559561073,39.18079113960266,673.5472002029419,16894,steropes,169.229.49.254,"{'starting_lr': 0.1, 'momentum': 0.95, 'weight_decay': 0.0005, 'steps_per_iteration': None, 'pin': False, 'model_creator': None, 'target_batch_size': 128, 'model_string': 'resnet50', 'min_batch_size': 128, 'dataset': 'CIFAR', 'placement': None, 'use_nccl': True, 'devices_per_worker': 1, 'primary_resource': 'extra_gpu', 'gpu': False, 'verbose': False, 'lr_config': {'mode': 'log', 'steps': 5, 'initial_lr': 0.1, 'target_lr': 0.1}, 'batch_per_device': 128}",673.5472002029419,0,17,1528.418263665087,1,8.697027921676636
0.016570305824279784,0.03131807001331185,0.0006629228591918945,0.0018591295422800361,0.027301645278930663,nan,0.0,0.04648547172546387,0.6085999965667724,1.1600607054519654,-0.6209999918937683,nan,0.0,nan,0.0,nan,0.0,0.6316999793052673,1.0729003073501586,nan,0.0,0.6209999918937683,1.136109910774231,nan,0.0,60000,1,False,,,18,-1.1600607054519654,55bcf853b39243c88c6a6152e489026b,2019-06-03_04-25-12,1559561112,39.20383286476135,712.7510330677032,16894,steropes,169.229.49.254,"{'starting_lr': 0.1, 'momentum': 0.95, 'weight_decay': 0.0005, 'steps_per_iteration': None, 'pin': False, 'model_creator': None, 'target_batch_size': 128, 'model_string': 'resnet50', 'min_batch_size': 128, 'dataset': 'CIFAR', 'placement': None, 'use_nccl': True, 'devices_per_worker': 1, 'primary_resource': 'extra_gpu', 'gpu': False, 'verbose': False, 'lr_config': {'mode': 'log', 'steps': 5, 'initial_lr': 0.1, 'target_lr': 0.1}, 'batch_per_device': 128}",712.7510330677032,0,18,1529.0717575743126,1,8.697027921676636
0.016789007186889648,0.031080918976023227,0.0006719589233398438,0.0017861844328663234,0.027239394187927247,nan,0.0,0.046139073371887204,0.6235399961471557,1.1158955729293825,-0.6326000094413757,nan,0.0,nan,0.0,nan,0.0,0.6301800012588501,1.07972259016037,nan,0.0,0.6326000094413757,1.0749230766296387,nan,0.0,60000,1,False,,,19,-1.1158955729293825,55bcf853b39243c88c6a6152e489026b,2019-06-03_04-25-51,1559561151,39.23367142677307,751.9847044944763,16894,steropes,169.229.49.254,"{'starting_lr': 0.1, 'momentum': 0.95, 'weight_decay': 0.0005, 'steps_per_iteration': None, 'pin': False, 'model_creator': None, 'target_batch_size': 128, 'model_string': 'resnet50', 'min_batch_size': 128, 'dataset': 'CIFAR', 'placement': None, 'use_nccl': True, 'devices_per_worker': 1, 'primary_resource': 'extra_gpu', 'gpu': False, 'verbose': False, 'lr_config': {'mode': 'log', 'steps': 5, 'initial_lr': 0.1, 'target_lr': 0.1}, 'batch_per_device': 128}",751.9847044944763,0,19,1528.9635258260678,1,8.697027921676636
0.016476917266845702,0.03162820731537252,0.0006450891494750976,0.001859318569797994,0.027192282676696777,nan,0.0,0.046615004539489746,0.6291599869728088,1.103060513458252,-0.6462999582290649,nan,0.0,nan,0.0,nan,0.0,0.6373800039291382,1.0612924062919618,nan,0.0,0.6462999582290649,1.029945140838623,nan,0.0,60000,1,False,,,20,-1.103060513458252,55bcf853b39243c88c6a6152e489026b,2019-06-03_04-26-30,1559561190,39.327085733413696,791.31179022789,16894,steropes,169.229.49.254,"{'starting_lr': 0.1, 'momentum': 0.95, 'weight_decay': 0.0005, 'steps_per_iteration': None, 'pin': False, 'model_creator': None, 'target_batch_size': 128, 'model_string': 'resnet50', 'min_batch_size': 128, 'dataset': 'CIFAR', 'placement': None, 'use_nccl': True, 'devices_per_worker': 1, 'primary_resource': 'extra_gpu', 'gpu': False, 'verbose': False, 'lr_config': {'mode': 'log', 'steps': 5, 'initial_lr': 0.1, 'target_lr': 0.1}, 'batch_per_device': 128}",791.31179022789,0,20,1528.5266948917053,1,8.697027921676636
0.01665806770324707,0.03128444695774513,0.0006585359573364258,0.0017740025239832262,0.027222347259521485,nan,0.0,0.04630005359649658,0.6275399923324585,1.1064578550720214,-0.6013000011444092,nan,0.0,nan,0.0,nan,0.0,0.6394199728965759,1.054868515815735,nan,0.0,0.6013000011444092,1.2041442386627197,nan,0.0,60000,1,False,,,21,-1.1064578550720214,55bcf853b39243c88c6a6152e489026b,2019-06-03_04-27-10,1559561230,39.37109136581421,830.6828815937042,16894,steropes,169.229.49.254,"{'starting_lr': 0.1, 'momentum': 0.95, 'weight_decay': 0.0005, 'steps_per_iteration': None, 'pin': False, 'model_creator': None, 'target_batch_size': 128, 'model_string': 'resnet50', 'min_batch_size': 128, 'dataset': 'CIFAR', 'placement': None, 'use_nccl': True, 'devices_per_worker': 1, 'primary_resource': 'extra_gpu', 'gpu': False, 'verbose': False, 'lr_config': {'mode': 'log', 'steps': 5, 'initial_lr': 0.1, 'target_lr': 0.1}, 'batch_per_device': 128}",830.6828815937042,0,21,1528.1416175405311,1,8.697027921676636
0.01635763645172119,0.031226070621345615,0.000658416748046875,0.0017565443082843595,0.027089619636535646,nan,0.0,0.04610357284545898,0.6265199899673461,1.1176483049964905,-0.6313999891281128,nan,0.0,nan,0.0,nan,0.0,0.6431399583816528,1.0465591311836242,nan,0.0,0.6313999891281128,1.14311915807724,nan,0.0,60000,1,False,,,22,-1.1176483049964905,55bcf853b39243c88c6a6152e489026b,2019-06-03_04-27-49,1559561269,39.28406548500061,869.9669470787048,16894,steropes,169.229.49.254,"{'starting_lr': 0.1, 'momentum': 0.95, 'weight_decay': 0.0005, 'steps_per_iteration': None, 'pin': False, 'model_creator': None, 'target_batch_size': 128, 'model_string': 'resnet50', 'min_batch_size': 128, 'dataset': 'CIFAR', 'placement': None, 'use_nccl': True, 'devices_per_worker': 1, 'primary_resource': 'extra_gpu', 'gpu': False, 'verbose': False, 'lr_config': {'mode': 'log', 'steps': 5, 'initial_lr': 0.1, 'target_lr': 0.1}, 'batch_per_device': 128}",869.9669470787048,0,22,1527.3381432169272,1,8.697027921676636
0.016823792457580568,0.03111717670778685,0.0006720542907714844,0.00180465973856504,0.027405309677124023,nan,0.0,0.04677767753601074,0.6172799944877625,1.127957650356293,-0.5748000144958496,nan,0.0,nan,0.0,nan,0.0,0.6490399837493896,1.0278349550056458,nan,0.0,0.5748000144958496,1.1876566375732422,nan,0.0,60000,1,False,,,23,-1.127957650356293,55bcf853b39243c88c6a6152e489026b,2019-06-03_04-28-28,1559561308,39.37126040458679,909.3382074832916,16894,steropes,169.229.49.254,"{'starting_lr': 0.1, 'momentum': 0.95, 'weight_decay': 0.0005, 'steps_per_iteration': None, 'pin': False, 'model_creator': None, 'target_batch_size': 128, 'model_string': 'resnet50', 'min_batch_size': 128, 'dataset': 'CIFAR', 'placement': None, 'use_nccl': True, 'devices_per_worker': 1, 'primary_resource': 'extra_gpu', 'gpu': False, 'verbose': False, 'lr_config': {'mode': 'log', 'steps': 5, 'initial_lr': 0.1, 'target_lr': 0.1}, 'batch_per_device': 128}",909.3382074832916,0,23,1526.037329006658,1,8.697027921676636
0.017089056968688964,0.03129643729970425,0.0006778478622436523,0.0018424128022645136,0.027636122703552247,nan,0.0,0.04623315334320068,0.6168999910354614,1.143071974849701,-0.6306999921798706,nan,0.0,nan,0.0,nan,0.0,0.6553199887275696,1.0153680308914184,nan,0.0,0.6306999921798706,1.1504946990966798,nan,0.0,60000,1,False,,,24,-1.143071974849701,55bcf853b39243c88c6a6152e489026b,2019-06-03_04-29-08,1559561348,39.443522930145264,948.7817304134369,16894,steropes,169.229.49.254,"{'starting_lr': 0.1, 'momentum': 0.95, 'weight_decay': 0.0005, 'steps_per_iteration': None, 'pin': False, 'model_creator': None, 'target_batch_size': 128, 'model_string': 'resnet50', 'min_batch_size': 128, 'dataset': 'CIFAR', 'placement': None, 'use_nccl': True, 'devices_per_worker': 1, 'primary_resource': 'extra_gpu', 'gpu': False, 'verbose': False, 'lr_config': {'mode': 'log', 'steps': 5, 'initial_lr': 0.1, 'target_lr': 0.1}, 'batch_per_device': 128}",948.7817304134369,0,24,1524.4100289004625,1,8.697027921676636
0.01630842685699463,0.031026179277444187,0.0006699562072753906,0.0018102372698771678,0.026980113983154298,nan,0.0,0.04814751148223877,0.6086399912834167,1.1688444031143188,-0.6049999594688416,nan,0.0,nan,0.0,nan,0.0,0.6543399691581726,1.015497715778351,nan,0.0,0.6049999594688416,1.1588072821617126,nan,0.0,60000,1,False,,,25,-1.1688444031143188,55bcf853b39243c88c6a6152e489026b,2019-06-03_04-29-47,1559561387,39.43983030319214,988.221560716629,16894,steropes,169.229.49.254,"{'starting_lr': 0.1, 'momentum': 0.95, 'weight_decay': 0.0005, 'steps_per_iteration': None, 'pin': False, 'model_creator': None, 'target_batch_size': 128, 'model_string': 'resnet50', 'min_batch_size': 128, 'dataset': 'CIFAR', 'placement': None, 'use_nccl': True, 'devices_per_worker': 1, 'primary_resource': 'extra_gpu', 'gpu': False, 'verbose': False, 'lr_config': {'mode': 'log', 'steps': 5, 'initial_lr': 0.1, 'target_lr': 0.1}, 'batch_per_device': 128}",988.221560716629,0,25,1523.5371665519656,1,8.697027921676636
0.016732072830200194,0.03114384940907925,0.0006448268890380859,0.0018906946987142343,0.027537608146667482,nan,0.0,0.04634459018707275,0.6142799854278564,1.1581546327972414,-0.6294999718666077,nan,0.0,nan,0.0,nan,0.0,0.6572399735450745,1.0087639583587646,nan,0.0,0.6294999718666077,1.1506953870773315,nan,0.0,60000,1,False,,,26,-1.1581546327972414,55bcf853b39243c88c6a6152e489026b,2019-06-03_04-30-27,1559561427,39.310242652893066,1027.531803369522,16894,steropes,169.229.49.254,"{'starting_lr': 0.1, 'momentum': 0.95, 'weight_decay': 0.0005, 'steps_per_iteration': None, 'pin': False, 'model_creator': None, 'target_batch_size': 128, 'model_string': 'resnet50', 'min_batch_size': 128, 'dataset': 'CIFAR', 'placement': None, 'use_nccl': True, 'devices_per_worker': 1, 'primary_resource': 'extra_gpu', 'gpu': False, 'verbose': False, 'lr_config': {'mode': 'log', 'steps': 5, 'initial_lr': 0.1, 'target_lr': 0.1}, 'batch_per_device': 128}",1027.531803369522,0,26,1524.0080084922104,1,8.697027921676636
0.016687345504760743,0.031292230268067954,0.0006607532501220703,0.001759813264812655,0.027311825752258302,nan,0.0,0.04635865688323974,0.6074999809265137,1.176180262489319,-0.5974999666213989,nan,0.0,nan,0.0,nan,0.0,0.658519983291626,1.0036571091461182,nan,0.0,0.5974999666213989,1.2332473065376282,nan,0.0,60000,1,False,,,27,-1.176180262489319,55bcf853b39243c88c6a6152e489026b,2019-06-03_04-31-06,1559561466,39.45804405212402,1066.9898474216461,16894,steropes,169.229.49.254,"{'starting_lr': 0.1, 'momentum': 0.95, 'weight_decay': 0.0005, 'steps_per_iteration': None, 'pin': False, 'model_creator': None, 'target_batch_size': 128, 'model_string': 'resnet50', 'min_batch_size': 128, 'dataset': 'CIFAR', 'placement': None, 'use_nccl': True, 'devices_per_worker': 1, 'primary_resource': 'extra_gpu', 'gpu': False, 'verbose': False, 'lr_config': {'mode': 'log', 'steps': 5, 'initial_lr': 0.1, 'target_lr': 0.1}, 'batch_per_device': 128}",1066.9898474216461,0,27,1522.6618686440434,1,8.697027921676636
0.01648116111755371,0.03137475025804737,0.0006497859954833985,0.0017909534142145414,0.02724153995513916,nan,0.0,0.04610822200775146,0.6227799773216247,1.1425129544258117,-0.651199996471405,nan,0.0,nan,0.0,nan,0.0,0.6584399938583374,1.0069463063049315,nan,0.0,0.651199996471405,1.0193200972557068,nan,0.0,60000,1,False,,,28,-1.1425129544258117,55bcf853b39243c88c6a6152e489026b,2019-06-03_04-31-46,1559561506,39.45017695426941,1106.4400243759155,16894,steropes,169.229.49.254,"{'starting_lr': 0.1, 'momentum': 0.95, 'weight_decay': 0.0005, 'steps_per_iteration': None, 'pin': False, 'model_creator': None, 'target_batch_size': 128, 'model_string': 'resnet50', 'min_batch_size': 128, 'dataset': 'CIFAR', 'placement': None, 'use_nccl': True, 'devices_per_worker': 1, 'primary_resource': 'extra_gpu', 'gpu': False, 'verbose': False, 'lr_config': {'mode': 'log', 'steps': 5, 'initial_lr': 0.1, 'target_lr': 0.1}, 'batch_per_device': 128}",1106.4400243759155,0,28,1522.0523043439125,1,8.697027921676636
0.01645960807800293,0.031086686291272127,0.0006609678268432618,0.0018152525967649181,0.02811007499694824,nan,0.0,0.04657759666442871,0.628339970111847,1.1116480129623412,-0.6584999561309814,nan,0.0,nan,0.0,nan,0.0,0.6661799550056458,0.9830432616043091,nan,0.0,0.6584999561309814,0.9961699917793274,nan,0.0,60000,1,False,,,29,-1.1116480129623412,55bcf853b39243c88c6a6152e489026b,2019-06-03_04-32-25,1559561545,39.350165605545044,1145.7901899814606,16894,steropes,169.229.49.254,"{'starting_lr': 0.1, 'momentum': 0.95, 'weight_decay': 0.0005, 'steps_per_iteration': None, 'pin': False, 'model_creator': None, 'target_batch_size': 128, 'model_string': 'resnet50', 'min_batch_size': 128, 'dataset': 'CIFAR', 'placement': None, 'use_nccl': True, 'devices_per_worker': 1, 'primary_resource': 'extra_gpu', 'gpu': False, 'verbose': False, 'lr_config': {'mode': 'log', 'steps': 5, 'initial_lr': 0.1, 'target_lr': 0.1}, 'batch_per_device': 128}",1145.7901899814606,0,29,1522.7735278206226,1,8.697027921676636
0.016787219047546386,0.031096108352081684,0.0006689071655273437,0.001760939502959971,0.027548456192016603,nan,0.0,0.04679050445556641,0.6410399794578552,1.080883375530243,-0.6685000061988831,nan,0.0,nan,0.0,nan,0.0,0.6664599776268005,0.9833828466033936,nan,0.0,0.6685000061988831,1.0049840950012208,nan,0.0,60000,1,False,,,30,-1.080883375530243,55bcf853b39243c88c6a6152e489026b,2019-06-03_04-33-04,1559561584,39.405450105667114,1185.1956400871277,16894,steropes,169.229.49.254,"{'starting_lr': 0.1, 'momentum': 0.95, 'weight_decay': 0.0005, 'steps_per_iteration': None, 'pin': False, 'model_creator': None, 'target_batch_size': 128, 'model_string': 'resnet50', 'min_batch_size': 128, 'dataset': 'CIFAR', 'placement': None, 'use_nccl': True, 'devices_per_worker': 1, 'primary_resource': 'extra_gpu', 'gpu': False, 'verbose': False, 'lr_config': {'mode': 'log', 'steps': 5, 'initial_lr': 0.1, 'target_lr': 0.1}, 'batch_per_device': 128}",1185.1956400871277,0,30,1523.0393460437026,1,8.697027921676636
0.016577529907226562,0.031078845639772052,0.0006652593612670899,0.0017720963948827876,0.027309060096740723,nan,0.0,0.04772641658782959,0.6433799862861633,1.0617636346054078,-0.6412000060081482,nan,0.0,nan,0.0,nan,0.0,0.6617000102996826,0.992190405292511,nan,0.0,0.6412000060081482,1.0550966824531556,nan,0.0,60000,1,False,,,31,-1.0617636346054078,55bcf853b39243c88c6a6152e489026b,2019-06-03_04-33-44,1559561624,39.36006569862366,1224.5557057857513,16894,steropes,169.229.49.254,"{'starting_lr': 0.1, 'momentum': 0.95, 'weight_decay': 0.0005, 'steps_per_iteration': None, 'pin': False, 'model_creator': None, 'target_batch_size': 128, 'model_string': 'resnet50', 'min_batch_size': 128, 'dataset': 'CIFAR', 'placement': None, 'use_nccl': True, 'devices_per_worker': 1, 'primary_resource': 'extra_gpu', 'gpu': False, 'verbose': False, 'lr_config': {'mode': 'log', 'steps': 5, 'initial_lr': 0.1, 'target_lr': 0.1}, 'batch_per_device': 128}",1224.5557057857513,0,31,1522.6543270113227,1,8.697027921676636
0.016335439682006837,0.03146925455407251,0.0006608724594116211,0.001809308595974427,0.026951193809509277,nan,0.0,0.04663236141204834,0.654039990901947,1.023951443157196,-0.6507999897003174,nan,0.0,nan,0.0,nan,0.0,0.6639999747276306,0.988973142528534,nan,0.0,0.6507999897003174,1.0441863492965697,nan,0.0,60000,1,False,,,32,-1.023951443157196,55bcf853b39243c88c6a6152e489026b,2019-06-03_04-34-23,1559561663,39.34888434410095,1263.9045901298523,16894,steropes,169.229.49.254,"{'starting_lr': 0.1, 'momentum': 0.95, 'weight_decay': 0.0005, 'steps_per_iteration': None, 'pin': False, 'model_creator': None, 'target_batch_size': 128, 'model_string': 'resnet50', 'min_batch_size': 128, 'dataset': 'CIFAR', 'placement': None, 'use_nccl': True, 'devices_per_worker': 1, 'primary_resource': 'extra_gpu', 'gpu': False, 'verbose': False, 'lr_config': {'mode': 'log', 'steps': 5, 'initial_lr': 0.1, 'target_lr': 0.1}, 'batch_per_device': 128}",1263.9045901298523,0,32,1523.4987959843927,1,8.697027921676636
0.016904759407043456,0.03166520444652702,0.0006608963012695312,0.0018079219876652789,0.027529168128967284,nan,0.0,0.047951364517211915,0.6580999851226806,1.0197472145080566,-0.6714999675750732,nan,0.0,nan,0.0,nan,0.0,0.6675399541854858,0.9815681008720398,nan,0.0,0.6714999675750732,0.9982989540100098,nan,0.0,60000,1,False,,,33,-1.0197472145080566,55bcf853b39243c88c6a6152e489026b,2019-06-03_04-35-02,1559561702,39.32412528991699,1303.2287154197693,16894,steropes,169.229.49.254,"{'starting_lr': 0.1, 'momentum': 0.95, 'weight_decay': 0.0005, 'steps_per_iteration': None, 'pin': False, 'model_creator': None, 'target_batch_size': 128, 'model_string': 'resnet50', 'min_batch_size': 128, 'dataset': 'CIFAR', 'placement': None, 'use_nccl': True, 'devices_per_worker': 1, 'primary_resource': 'extra_gpu', 'gpu': False, 'verbose': False, 'lr_config': {'mode': 'log', 'steps': 5, 'initial_lr': 0.1, 'target_lr': 0.1}, 'batch_per_device': 128}",1303.2287154197693,0,33,1524.4746053799374,1,8.697027921676636
0.016596889495849608,0.03128719933425324,0.0006605148315429688,0.0017914436662288579,0.027150750160217285,nan,0.0,0.046075963973999025,0.651199996471405,1.0455231039237978,-0.6240000128746033,nan,0.0,nan,0.0,nan,0.0,0.6614800095558167,0.9912474020004273,nan,0.0,0.6240000128746033,1.1250494388580323,nan,0.0,60000,1,False,,,34,-1.0455231039237978,55bcf853b39243c88c6a6152e489026b,2019-06-03_04-35-42,1559561742,39.380425691604614,1342.609141111374,16894,steropes,169.229.49.254,"{'starting_lr': 0.1, 'momentum': 0.95, 'weight_decay': 0.0005, 'steps_per_iteration': None, 'pin': False, 'model_creator': None, 'target_batch_size': 128, 'model_string': 'resnet50', 'min_batch_size': 128, 'dataset': 'CIFAR', 'placement': None, 'use_nccl': True, 'devices_per_worker': 1, 'primary_resource': 'extra_gpu', 'gpu': False, 'verbose': False, 'lr_config': {'mode': 'log', 'steps': 5, 'initial_lr': 0.1, 'target_lr': 0.1}, 'batch_per_device': 128}",1342.609141111374,0,34,1524.240329563245,1,8.697027921676636
