{"apply": 0.016475558280944824, "batch_time": 0.040622828881951824, "d2h": 0.0006672620773315429, "data_time": 0.0018746669944899772, "fwd": 0.11815342903137208, "get_state_time_mean": NaN, "get_state_time_total": 0.0, "grad": 0.16280126571655273, "mean_accuracy": 0.16249999403953552, "mean_loss": 2.2626624519348146, "neg_mean_accuracy": -0.16249999403953552, "set_state_time_mean": NaN, "set_state_time_total": 0.0, "setup_model_time_mean": 8.443949937820435, "setup_model_time_total": 8.443949937820435, "setup_proc_time_mean": 0.13534760475158691, "setup_proc_time_total": 0.13534760475158691, "train_accuracy": 0.12661999464035034, "train_loss": 4.612374483413697, "training_time_mean": NaN, "training_time_total": 0.0, "val_accuracy": 0.16249999403953552, "val_loss": 2.2626624519348146, "validation_time_mean": NaN, "validation_time_total": 0.0, "samples": 60000, "num_workers": 1, "done": false, "timesteps_total": null, "episodes_total": null, "training_iteration": 1, "neg_mean_loss": -2.2626624519348146, "experiment_id": "55bcf853b39243c88c6a6152e489026b", "date": "2019-06-03_04-14-04", "timestamp": 1559560444, "time_this_iter_s": 44.703736782073975, "time_total_s": 44.703736782073975, "pid": 16894, "hostname": "steropes", "node_ip": "169.229.49.254", "config": {"starting_lr": 0.1, "momentum": 0.95, "weight_decay": 0.0005, "steps_per_iteration": null, "pin": false, "model_creator": null, "target_batch_size": 128, "model_string": "resnet50", "min_batch_size": 128, "dataset": "CIFAR", "placement": null, "use_nccl": true, "devices_per_worker": 1, "primary_resource": "extra_gpu", "gpu": false, "verbose": false, "lr_config": {"mode": "log", "steps": 5, "initial_lr": 0.1, "target_lr": 0.1}, "batch_per_device": 128}, "time_since_restore": 44.703736782073975, "timesteps_since_restore": 0, "iterations_since_restore": 1, "mean_throughput": 1342.1657051629586, "atoms": 1, "setup_time": 8.697027921676636}
{"apply": 0.01652870178222656, "batch_time": 0.03153901764109165, "d2h": 0.0006910085678100586, "data_time": 0.001750805798698874, "fwd": 0.027605319023132326, "get_state_time_mean": NaN, "get_state_time_total": 0.0, "grad": 0.04681143760681152, "mean_accuracy": 0.20444999635219574, "mean_loss": 2.1447815662384033, "neg_mean_accuracy": -0.24639999866485596, "set_state_time_mean": NaN, "set_state_time_total": 0.0, "setup_model_time_mean": NaN, "setup_model_time_total": 0.0, "setup_proc_time_mean": NaN, "setup_proc_time_total": 0.0, "train_accuracy": 0.1981000006198883, "train_loss": 2.1683301968002318, "training_time_mean": NaN, "training_time_total": 0.0, "val_accuracy": 0.24639999866485596, "val_loss": 2.026900680541992, "validation_time_mean": NaN, "validation_time_total": 0.0, "samples": 60000, "num_workers": 1, "done": false, "timesteps_total": null, "episodes_total": null, "training_iteration": 2, "neg_mean_loss": -2.1447815662384033, "experiment_id": "55bcf853b39243c88c6a6152e489026b", "date": "2019-06-03_04-14-43", "timestamp": 1559560483, "time_this_iter_s": 39.25279474258423, "time_total_s": 83.9565315246582, "pid": 16894, "hostname": "steropes", "node_ip": "169.229.49.254", "config": {"starting_lr": 0.1, "momentum": 0.95, "weight_decay": 0.0005, "steps_per_iteration": null, "pin": false, "model_creator": null, "target_batch_size": 128, "model_string": "resnet50", "min_batch_size": 128, "dataset": "CIFAR", "placement": null, "use_nccl": true, "devices_per_worker": 1, "primary_resource": "extra_gpu", "gpu": false, "verbose": false, "lr_config": {"mode": "log", "steps": 5, "initial_lr": 0.1, "target_lr": 0.1}, "batch_per_device": 128}, "time_since_restore": 83.9565315246582, "timesteps_since_restore": 0, "iterations_since_restore": 2, "mean_throughput": 1429.3065941136947, "atoms": 1, "setup_time": 8.697027921676636}
{"apply": 0.01641247272491455, "batch_time": 0.03108740456496613, "d2h": 0.000664377212524414, "data_time": 0.0017703878300269241, "fwd": 0.02767002582550049, "get_state_time_mean": NaN, "get_state_time_total": 0.0, "grad": 0.046245765686035153, "mean_accuracy": 0.24236666162808737, "mean_loss": 2.0309837712605794, "neg_mean_accuracy": -0.3181999921798706, "set_state_time_mean": NaN, "set_state_time_total": 0.0, "setup_model_time_mean": NaN, "setup_model_time_total": 0.0, "setup_proc_time_mean": NaN, "setup_proc_time_total": 0.0, "train_accuracy": 0.26211997866630554, "train_loss": 1.9943212991333008, "training_time_mean": NaN, "training_time_total": 0.0, "val_accuracy": 0.3181999921798706, "val_loss": 1.8033881813049317, "validation_time_mean": NaN, "validation_time_total": 0.0, "samples": 60000, "num_workers": 1, "done": false, "timesteps_total": null, "episodes_total": null, "training_iteration": 3, "neg_mean_loss": -2.0309837712605794, "experiment_id": "55bcf853b39243c88c6a6152e489026b", "date": "2019-06-03_04-15-22", "timestamp": 1559560522, "time_this_iter_s": 39.27809739112854, "time_total_s": 123.23462891578674, "pid": 16894, "hostname": "steropes", "node_ip": "169.229.49.254", "config": {"starting_lr": 0.1, "momentum": 0.95, "weight_decay": 0.0005, "steps_per_iteration": null, "pin": false, "model_creator": null, "target_batch_size": 128, "model_string": "resnet50", "min_batch_size": 128, "dataset": "CIFAR", "placement": null, "use_nccl": true, "devices_per_worker": 1, "primary_resource": "extra_gpu", "gpu": false, "verbose": false, "lr_config": {"mode": "log", "steps": 5, "initial_lr": 0.1, "target_lr": 0.1}, "batch_per_device": 128}, "time_since_restore": 123.23462891578674, "timesteps_since_restore": 0, "iterations_since_restore": 3, "mean_throughput": 1460.6242976870412, "atoms": 1, "setup_time": 8.697027921676636}
{"apply": 0.01680479049682617, "batch_time": 0.030874735192407535, "d2h": 0.0006609678268432618, "data_time": 0.0017598974125464554, "fwd": 0.02715458869934082, "get_state_time_mean": NaN, "get_state_time_total": 0.0, "grad": 0.046837234497070314, "mean_accuracy": 0.2822999954223633, "mean_loss": 1.9278648133277894, "neg_mean_accuracy": -0.40209999680519104, "set_state_time_mean": NaN, "set_state_time_total": 0.0, "setup_model_time_mean": NaN, "setup_model_time_total": 0.0, "setup_proc_time_mean": NaN, "setup_proc_time_total": 0.0, "train_accuracy": 0.3325999975204468, "train_loss": 1.792192661781311, "training_time_mean": NaN, "training_time_total": 0.0, "val_accuracy": 0.40209999680519104, "val_loss": 1.6185079395294188, "validation_time_mean": NaN, "validation_time_total": 0.0, "samples": 60000, "num_workers": 1, "done": false, "timesteps_total": null, "episodes_total": null, "training_iteration": 4, "neg_mean_loss": -1.9278648133277894, "experiment_id": "55bcf853b39243c88c6a6152e489026b", "date": "2019-06-03_04-16-02", "timestamp": 1559560562, "time_this_iter_s": 39.417922258377075, "time_total_s": 162.65255117416382, "pid": 16894, "hostname": "steropes", "node_ip": "169.229.49.254", "config": {"starting_lr": 0.1, "momentum": 0.95, "weight_decay": 0.0005, "steps_per_iteration": null, "pin": false, "model_creator": null, "target_batch_size": 128, "model_string": "resnet50", "min_batch_size": 128, "dataset": "CIFAR", "placement": null, "use_nccl": true, "devices_per_worker": 1, "primary_resource": "extra_gpu", "gpu": false, "verbose": false, "lr_config": {"mode": "log", "steps": 5, "initial_lr": 0.1, "target_lr": 0.1}, "batch_per_device": 128}, "time_since_restore": 162.65255117416382, "timesteps_since_restore": 0, "iterations_since_restore": 4, "mean_throughput": 1475.5338624358649, "atoms": 1, "setup_time": 8.697027921676636}
{"apply": 0.016520261764526367, "batch_time": 0.03102380112756657, "d2h": 0.0006849288940429688, "data_time": 0.001890851408624283, "fwd": 0.027251410484313964, "get_state_time_mean": NaN, "get_state_time_total": 0.0, "grad": 0.04637930393218994, "mean_accuracy": 0.30893999338150024, "mean_loss": 1.8623478247833252, "neg_mean_accuracy": -0.4154999852180481, "set_state_time_mean": NaN, "set_state_time_total": 0.0, "setup_model_time_mean": NaN, "setup_model_time_total": 0.0, "setup_proc_time_mean": NaN, "setup_proc_time_total": 0.0, "train_accuracy": 0.38461998105049133, "train_loss": 1.671184764099121, "training_time_mean": NaN, "training_time_total": 0.0, "val_accuracy": 0.4154999852180481, "val_loss": 1.6002798706054688, "validation_time_mean": NaN, "validation_time_total": 0.0, "samples": 60000, "num_workers": 1, "done": false, "timesteps_total": null, "episodes_total": null, "training_iteration": 5, "neg_mean_loss": -1.8623478247833252, "experiment_id": "55bcf853b39243c88c6a6152e489026b", "date": "2019-06-03_04-16-41", "timestamp": 1559560601, "time_this_iter_s": 39.42261481285095, "time_total_s": 202.07516598701477, "pid": 16894, "hostname": "steropes", "node_ip": "169.229.49.254", "config": {"starting_lr": 0.1, "momentum": 0.95, "weight_decay": 0.0005, "steps_per_iteration": null, "pin": false, "model_creator": null, "target_batch_size": 128, "model_string": "resnet50", "min_batch_size": 128, "dataset": "CIFAR", "placement": null, "use_nccl": true, "devices_per_worker": 1, "primary_resource": "extra_gpu", "gpu": false, "verbose": false, "lr_config": {"mode": "log", "steps": 5, "initial_lr": 0.1, "target_lr": 0.1}, "batch_per_device": 128}, "time_since_restore": 202.07516598701477, "timesteps_since_restore": 0, "iterations_since_restore": 5, "mean_throughput": 1484.5922457648498, "atoms": 1, "setup_time": 8.697027921676636}
{"apply": 0.016590023040771486, "batch_time": 0.030956331687637523, "d2h": 0.0006539821624755859, "data_time": 0.001750820433087361, "fwd": 0.027375435829162596, "get_state_time_mean": NaN, "get_state_time_total": 0.0, "grad": 0.04640603065490723, "mean_accuracy": 0.3655199944972992, "mean_loss": 1.7099759116363527, "neg_mean_accuracy": -0.4453999996185303, "set_state_time_mean": NaN, "set_state_time_total": 0.0, "setup_model_time_mean": NaN, "setup_model_time_total": 0.0, "setup_proc_time_mean": NaN, "setup_proc_time_total": 0.0, "train_accuracy": 0.41787999868392944, "train_loss": 1.5845205767440795, "training_time_mean": NaN, "training_time_total": 0.0, "val_accuracy": 0.4453999996185303, "val_loss": 1.5008028861999512, "validation_time_mean": NaN, "validation_time_total": 0.0, "samples": 60000, "num_workers": 1, "done": false, "timesteps_total": null, "episodes_total": null, "training_iteration": 6, "neg_mean_loss": -1.7099759116363527, "experiment_id": "55bcf853b39243c88c6a6152e489026b", "date": "2019-06-03_04-17-20", "timestamp": 1559560640, "time_this_iter_s": 39.155582666397095, "time_total_s": 241.23074865341187, "pid": 16894, "hostname": "steropes", "node_ip": "169.229.49.254", "config": {"starting_lr": 0.1, "momentum": 0.95, "weight_decay": 0.0005, "steps_per_iteration": null, "pin": false, "model_creator": null, "target_batch_size": 128, "model_string": "resnet50", "min_batch_size": 128, "dataset": "CIFAR", "placement": null, "use_nccl": true, "devices_per_worker": 1, "primary_resource": "extra_gpu", "gpu": false, "verbose": false, "lr_config": {"mode": "log", "steps": 5, "initial_lr": 0.1, "target_lr": 0.1}, "batch_per_device": 128}, "time_since_restore": 241.23074865341187, "timesteps_since_restore": 0, "iterations_since_restore": 6, "mean_throughput": 1526.50409172378, "atoms": 1, "setup_time": 8.697027921676636}
{"apply": 0.016465401649475096, "batch_time": 0.03171668776982947, "d2h": 0.000651693344116211, "data_time": 0.0017608254766830094, "fwd": 0.026970839500427245, "get_state_time_mean": NaN, "get_state_time_total": 0.0, "grad": 0.04608266353607178, "mean_accuracy": 0.40735999345779417, "mean_loss": 1.6189502865600587, "neg_mean_accuracy": -0.45559999346733093, "set_state_time_mean": NaN, "set_state_time_total": 0.0, "setup_model_time_mean": NaN, "setup_model_time_total": 0.0, "setup_proc_time_mean": NaN, "setup_proc_time_total": 0.0, "train_accuracy": 0.4517199993133545, "train_loss": 1.5070699228668214, "training_time_mean": NaN, "training_time_total": 0.0, "val_accuracy": 0.45559999346733093, "val_loss": 1.5717725551605224, "validation_time_mean": NaN, "validation_time_total": 0.0, "samples": 60000, "num_workers": 1, "done": false, "timesteps_total": null, "episodes_total": null, "training_iteration": 7, "neg_mean_loss": -1.6189502865600587, "experiment_id": "55bcf853b39243c88c6a6152e489026b", "date": "2019-06-03_04-18-00", "timestamp": 1559560680, "time_this_iter_s": 39.29831099510193, "time_total_s": 280.5290596485138, "pid": 16894, "hostname": "steropes", "node_ip": "169.229.49.254", "config": {"starting_lr": 0.1, "momentum": 0.95, "weight_decay": 0.0005, "steps_per_iteration": null, "pin": false, "model_creator": null, "target_batch_size": 128, "model_string": "resnet50", "min_batch_size": 128, "dataset": "CIFAR", "placement": null, "use_nccl": true, "devices_per_worker": 1, "primary_resource": "extra_gpu", "gpu": false, "verbose": false, "lr_config": {"mode": "log", "steps": 5, "initial_lr": 0.1, "target_lr": 0.1}, "batch_per_device": 128}, "time_since_restore": 280.5290596485138, "timesteps_since_restore": 0, "iterations_since_restore": 7, "mean_throughput": 1526.1504259796045, "atoms": 1, "setup_time": 8.697027921676636}
{"apply": 0.01680171489715576, "batch_time": 0.031152589411675174, "d2h": 0.0006898880004882812, "data_time": 0.0017739464254940256, "fwd": 0.027555298805236817, "get_state_time_mean": NaN, "get_state_time_total": 0.0, "grad": 0.04677484035491943, "mean_accuracy": 0.44315999150276186, "mean_loss": 1.5518772286987303, "neg_mean_accuracy": -0.49719998240470886, "set_state_time_mean": NaN, "set_state_time_total": 0.0, "setup_model_time_mean": NaN, "setup_model_time_total": 0.0, "setup_proc_time_mean": NaN, "setup_proc_time_total": 0.0, "train_accuracy": 0.4932999908924103, "train_loss": 1.4082091592025756, "training_time_mean": NaN, "training_time_total": 0.0, "val_accuracy": 0.49719998240470886, "val_loss": 1.468022891998291, "validation_time_mean": NaN, "validation_time_total": 0.0, "samples": 60000, "num_workers": 1, "done": false, "timesteps_total": null, "episodes_total": null, "training_iteration": 8, "neg_mean_loss": -1.5518772286987303, "experiment_id": "55bcf853b39243c88c6a6152e489026b", "date": "2019-06-03_04-18-39", "timestamp": 1559560719, "time_this_iter_s": 39.25136375427246, "time_total_s": 319.78042340278625, "pid": 16894, "hostname": "steropes", "node_ip": "169.229.49.254", "config": {"starting_lr": 0.1, "momentum": 0.95, "weight_decay": 0.0005, "steps_per_iteration": null, "pin": false, "model_creator": null, "target_batch_size": 128, "model_string": "resnet50", "min_batch_size": 128, "dataset": "CIFAR", "placement": null, "use_nccl": true, "devices_per_worker": 1, "primary_resource": "extra_gpu", "gpu": false, "verbose": false, "lr_config": {"mode": "log", "steps": 5, "initial_lr": 0.1, "target_lr": 0.1}, "batch_per_device": 128}, "time_since_restore": 319.78042340278625, "timesteps_since_restore": 0, "iterations_since_restore": 8, "mean_throughput": 1526.3580028310978, "atoms": 1, "setup_time": 8.697027921676636}
{"apply": 0.016457414627075194, "batch_time": 0.031436585172822204, "d2h": 0.0006834983825683594, "data_time": 0.0017535845032128532, "fwd": 0.027371144294738768, "get_state_time_mean": NaN, "get_state_time_total": 0.0, "grad": 0.04695649147033691, "mean_accuracy": 0.4722799897193909, "mean_loss": 1.4826105158424376, "neg_mean_accuracy": -0.5476999878883362, "set_state_time_mean": NaN, "set_state_time_total": 0.0, "setup_model_time_mean": NaN, "setup_model_time_total": 0.0, "setup_proc_time_mean": NaN, "setup_proc_time_total": 0.0, "train_accuracy": 0.5231999754905701, "train_loss": 1.3424460359191894, "training_time_mean": NaN, "training_time_total": 0.0, "val_accuracy": 0.5476999878883362, "val_loss": 1.2721743752479553, "validation_time_mean": NaN, "validation_time_total": 0.0, "samples": 60000, "num_workers": 1, "done": false, "timesteps_total": null, "episodes_total": null, "training_iteration": 9, "neg_mean_loss": -1.4826105158424376, "experiment_id": "55bcf853b39243c88c6a6152e489026b", "date": "2019-06-03_04-19-18", "timestamp": 1559560758, "time_this_iter_s": 39.3679256439209, "time_total_s": 359.14834904670715, "pid": 16894, "hostname": "steropes", "node_ip": "169.229.49.254", "config": {"starting_lr": 0.1, "momentum": 0.95, "weight_decay": 0.0005, "steps_per_iteration": null, "pin": false, "model_creator": null, "target_batch_size": 128, "model_string": "resnet50", "min_batch_size": 128, "dataset": "CIFAR", "placement": null, "use_nccl": true, "devices_per_worker": 1, "primary_resource": "extra_gpu", "gpu": false, "verbose": false, "lr_config": {"mode": "log", "steps": 5, "initial_lr": 0.1, "target_lr": 0.1}, "batch_per_device": 128}, "time_since_restore": 359.14834904670715, "timesteps_since_restore": 0, "iterations_since_restore": 9, "mean_throughput": 1526.7464590415445, "atoms": 1, "setup_time": 8.697027921676636}
{"apply": 0.016736531257629396, "batch_time": 0.03101998944825764, "d2h": 0.000658416748046875, "data_time": 0.0018809481959818574, "fwd": 0.02723510265350342, "get_state_time_mean": NaN, "get_state_time_total": 0.0, "grad": 0.0463543176651001, "mean_accuracy": 0.4991399884223938, "mean_loss": 1.4149901398658753, "neg_mean_accuracy": -0.5497999787330627, "set_state_time_mean": NaN, "set_state_time_total": 0.0, "setup_model_time_mean": NaN, "setup_model_time_total": 0.0, "setup_proc_time_mean": NaN, "setup_proc_time_total": 0.0, "train_accuracy": 0.5451599955558777, "train_loss": 1.2798234955215455, "training_time_mean": NaN, "training_time_total": 0.0, "val_accuracy": 0.5497999787330627, "val_loss": 1.2621779907226562, "validation_time_mean": NaN, "validation_time_total": 0.0, "samples": 60000, "num_workers": 1, "done": false, "timesteps_total": null, "episodes_total": null, "training_iteration": 10, "neg_mean_loss": -1.4149901398658753, "experiment_id": "55bcf853b39243c88c6a6152e489026b", "date": "2019-06-03_04-19-58", "timestamp": 1559560798, "time_this_iter_s": 39.36094546318054, "time_total_s": 398.5092945098877, "pid": 16894, "hostname": "steropes", "node_ip": "169.229.49.254", "config": {"starting_lr": 0.1, "momentum": 0.95, "weight_decay": 0.0005, "steps_per_iteration": null, "pin": false, "model_creator": null, "target_batch_size": 128, "model_string": "resnet50", "min_batch_size": 128, "dataset": "CIFAR", "placement": null, "use_nccl": true, "devices_per_worker": 1, "primary_resource": "extra_gpu", "gpu": false, "verbose": false, "lr_config": {"mode": "log", "steps": 5, "initial_lr": 0.1, "target_lr": 0.1}, "batch_per_device": 128}, "time_since_restore": 398.5092945098877, "timesteps_since_restore": 0, "iterations_since_restore": 10, "mean_throughput": 1527.2257636017762, "atoms": 1, "setup_time": 8.697027921676636}
{"apply": 0.016451239585876465, "batch_time": 0.031035845792746243, "d2h": 0.0006782770156860352, "data_time": 0.0017981395087278713, "fwd": 0.02775287628173828, "get_state_time_mean": NaN, "get_state_time_total": 0.0, "grad": 0.045936751365661624, "mean_accuracy": 0.5187799811363221, "mean_loss": 1.3939350164222717, "neg_mean_accuracy": -0.5435999631881714, "set_state_time_mean": NaN, "set_state_time_total": 0.0, "setup_model_time_mean": NaN, "setup_model_time_total": 0.0, "setup_proc_time_mean": NaN, "setup_proc_time_total": 0.0, "train_accuracy": 0.5632799863815308, "train_loss": 1.2381812675094606, "training_time_mean": NaN, "training_time_total": 0.0, "val_accuracy": 0.5435999631881714, "val_loss": 1.3955272689819336, "validation_time_mean": NaN, "validation_time_total": 0.0, "samples": 60000, "num_workers": 1, "done": false, "timesteps_total": null, "episodes_total": null, "training_iteration": 11, "neg_mean_loss": -1.3939350164222717, "experiment_id": "55bcf853b39243c88c6a6152e489026b", "date": "2019-06-03_04-20-37", "timestamp": 1559560837, "time_this_iter_s": 39.434874057769775, "time_total_s": 437.94416856765747, "pid": 16894, "hostname": "steropes", "node_ip": "169.229.49.254", "config": {"starting_lr": 0.1, "momentum": 0.95, "weight_decay": 0.0005, "steps_per_iteration": null, "pin": false, "model_creator": null, "target_batch_size": 128, "model_string": "resnet50", "min_batch_size": 128, "dataset": "CIFAR", "placement": null, "use_nccl": true, "devices_per_worker": 1, "primary_resource": "extra_gpu", "gpu": false, "verbose": false, "lr_config": {"mode": "log", "steps": 5, "initial_lr": 0.1, "target_lr": 0.1}, "batch_per_device": 128}, "time_since_restore": 437.94416856765747, "timesteps_since_restore": 0, "iterations_since_restore": 11, "mean_throughput": 1525.0573689737882, "atoms": 1, "setup_time": 8.697027921676636}
{"apply": 0.01636676788330078, "batch_time": 0.031122228767298445, "d2h": 0.0006722211837768555, "data_time": 0.0017835386573811017, "fwd": 0.027408576011657713, "get_state_time_mean": NaN, "get_state_time_total": 0.0, "grad": 0.046941161155700684, "mean_accuracy": 0.5432399809360504, "mean_loss": 1.332789121570587, "neg_mean_accuracy": -0.5778999924659729, "set_state_time_mean": NaN, "set_state_time_total": 0.0, "setup_model_time_mean": NaN, "setup_model_time_total": 0.0, "setup_proc_time_mean": NaN, "setup_proc_time_total": 0.0, "train_accuracy": 0.5819199681282043, "train_loss": 1.190166071395874, "training_time_mean": NaN, "training_time_total": 0.0, "val_accuracy": 0.5778999924659729, "val_loss": 1.2660430809020997, "validation_time_mean": NaN, "validation_time_total": 0.0, "samples": 60000, "num_workers": 1, "done": false, "timesteps_total": null, "episodes_total": null, "training_iteration": 12, "neg_mean_loss": -1.332789121570587, "experiment_id": "55bcf853b39243c88c6a6152e489026b", "date": "2019-06-03_04-21-16", "timestamp": 1559560876, "time_this_iter_s": 39.32218599319458, "time_total_s": 477.26635456085205, "pid": 16894, "hostname": "steropes", "node_ip": "169.229.49.254", "config": {"starting_lr": 0.1, "momentum": 0.95, "weight_decay": 0.0005, "steps_per_iteration": null, "pin": false, "model_creator": null, "target_batch_size": 128, "model_string": "resnet50", "min_batch_size": 128, "dataset": "CIFAR", "placement": null, "use_nccl": true, "devices_per_worker": 1, "primary_resource": "extra_gpu", "gpu": false, "verbose": false, "lr_config": {"mode": "log", "steps": 5, "initial_lr": 0.1, "target_lr": 0.1}, "batch_per_device": 128}, "time_since_restore": 477.26635456085205, "timesteps_since_restore": 0, "iterations_since_restore": 12, "mean_throughput": 1524.872887873891, "atoms": 1, "setup_time": 8.697027921676636}
{"apply": 0.01656341552734375, "batch_time": 0.031013974660559544, "d2h": 0.0006777524948120117, "data_time": 0.0017812666685684867, "fwd": 0.02792656421661377, "get_state_time_mean": NaN, "get_state_time_total": 0.0, "grad": 0.04767320156097412, "mean_accuracy": 0.5619999766349792, "mean_loss": 1.280049692211151, "neg_mean_accuracy": -0.590999960899353, "set_state_time_mean": NaN, "set_state_time_total": 0.0, "setup_model_time_mean": NaN, "setup_model_time_total": 0.0, "setup_proc_time_mean": NaN, "setup_proc_time_total": 0.0, "train_accuracy": 0.5954799652099609, "train_loss": 1.1596526936340332, "training_time_mean": NaN, "training_time_total": 0.0, "val_accuracy": 0.590999960899353, "val_loss": 1.204325745201111, "validation_time_mean": NaN, "validation_time_total": 0.0, "samples": 60000, "num_workers": 1, "done": false, "timesteps_total": null, "episodes_total": null, "training_iteration": 13, "neg_mean_loss": -1.280049692211151, "experiment_id": "55bcf853b39243c88c6a6152e489026b", "date": "2019-06-03_04-21-56", "timestamp": 1559560916, "time_this_iter_s": 39.287720680236816, "time_total_s": 516.5540752410889, "pid": 16894, "hostname": "steropes", "node_ip": "169.229.49.254", "config": {"starting_lr": 0.1, "momentum": 0.95, "weight_decay": 0.0005, "steps_per_iteration": null, "pin": false, "model_creator": null, "target_batch_size": 128, "model_string": "resnet50", "min_batch_size": 128, "dataset": "CIFAR", "placement": null, "use_nccl": true, "devices_per_worker": 1, "primary_resource": "extra_gpu", "gpu": false, "verbose": false, "lr_config": {"mode": "log", "steps": 5, "initial_lr": 0.1, "target_lr": 0.1}, "batch_per_device": 128}, "time_since_restore": 516.5540752410889, "timesteps_since_restore": 0, "iterations_since_restore": 13, "mean_throughput": 1524.5911616274498, "atoms": 1, "setup_time": 8.697027921676636}
{"apply": 0.01643223762512207, "batch_time": 0.03125894522365136, "d2h": 0.0006726264953613281, "data_time": 0.0018141306269809107, "fwd": 0.027299022674560545, "get_state_time_mean": NaN, "get_state_time_total": 0.0, "grad": 0.046515154838562014, "mean_accuracy": 0.5640399813652038, "mean_loss": 1.2847645650100707, "neg_mean_accuracy": -0.5579000115394592, "set_state_time_mean": NaN, "set_state_time_total": 0.0, "setup_model_time_mean": NaN, "setup_model_time_total": 0.0, "setup_proc_time_mean": NaN, "setup_proc_time_total": 0.0, "train_accuracy": 0.6061599850654602, "train_loss": 1.1316997523498535, "training_time_mean": NaN, "training_time_total": 0.0, "val_accuracy": 0.5579000115394592, "val_loss": 1.2957487392425537, "validation_time_mean": NaN, "validation_time_total": 0.0, "samples": 60000, "num_workers": 1, "done": false, "timesteps_total": null, "episodes_total": null, "training_iteration": 14, "neg_mean_loss": -1.2847645650100707, "experiment_id": "55bcf853b39243c88c6a6152e489026b", "date": "2019-06-03_04-22-35", "timestamp": 1559560955, "time_this_iter_s": 39.21969532966614, "time_total_s": 555.773770570755, "pid": 16894, "hostname": "steropes", "node_ip": "169.229.49.254", "config": {"starting_lr": 0.1, "momentum": 0.95, "weight_decay": 0.0005, "steps_per_iteration": null, "pin": false, "model_creator": null, "target_batch_size": 128, "model_string": "resnet50", "min_batch_size": 128, "dataset": "CIFAR", "placement": null, "use_nccl": true, "devices_per_worker": 1, "primary_resource": "extra_gpu", "gpu": false, "verbose": false, "lr_config": {"mode": "log", "steps": 5, "initial_lr": 0.1, "target_lr": 0.1}, "batch_per_device": 128}, "time_since_restore": 555.773770570755, "timesteps_since_restore": 0, "iterations_since_restore": 14, "mean_throughput": 1525.7398539263447, "atoms": 1, "setup_time": 8.697027921676636}
{"apply": 0.01659724712371826, "batch_time": 0.031017415131194683, "d2h": 0.0006834983825683594, "data_time": 0.0017933516246278574, "fwd": 0.028128838539123534, "get_state_time_mean": NaN, "get_state_time_total": 0.0, "grad": 0.04653048515319824, "mean_accuracy": 0.5777199864387512, "mean_loss": 1.2511530545043945, "neg_mean_accuracy": -0.6182000041007996, "set_state_time_mean": NaN, "set_state_time_total": 0.0, "setup_model_time_mean": NaN, "setup_model_time_total": 0.0, "setup_proc_time_mean": NaN, "setup_proc_time_total": 0.0, "train_accuracy": 0.6077799797058105, "train_loss": 1.1293591792488098, "training_time_mean": NaN, "training_time_total": 0.0, "val_accuracy": 0.6182000041007996, "val_loss": 1.0941204381942748, "validation_time_mean": NaN, "validation_time_total": 0.0, "samples": 60000, "num_workers": 1, "done": false, "timesteps_total": null, "episodes_total": null, "training_iteration": 15, "neg_mean_loss": -1.2511530545043945, "experiment_id": "55bcf853b39243c88c6a6152e489026b", "date": "2019-06-03_04-23-14", "timestamp": 1559560994, "time_this_iter_s": 39.27100992202759, "time_total_s": 595.0447804927826, "pid": 16894, "hostname": "steropes", "node_ip": "169.229.49.254", "config": {"starting_lr": 0.1, "momentum": 0.95, "weight_decay": 0.0005, "steps_per_iteration": null, "pin": false, "model_creator": null, "target_batch_size": 128, "model_string": "resnet50", "min_batch_size": 128, "dataset": "CIFAR", "placement": null, "use_nccl": true, "devices_per_worker": 1, "primary_resource": "extra_gpu", "gpu": false, "verbose": false, "lr_config": {"mode": "log", "steps": 5, "initial_lr": 0.1, "target_lr": 0.1}, "batch_per_device": 128}, "time_since_restore": 595.0447804927826, "timesteps_since_restore": 0, "iterations_since_restore": 15, "mean_throughput": 1526.4380284681142, "atoms": 1, "setup_time": 8.697027921676636}
{"apply": 0.016655111312866212, "batch_time": 0.031251868115195744, "d2h": 0.0006727218627929687, "data_time": 0.0017810971535685118, "fwd": 0.028271293640136717, "get_state_time_mean": NaN, "get_state_time_total": 0.0, "grad": 0.04682543277740479, "mean_accuracy": 0.5908799886703491, "mean_loss": 1.2094791068267823, "neg_mean_accuracy": -0.6093999743461609, "set_state_time_mean": NaN, "set_state_time_total": 0.0, "setup_model_time_mean": NaN, "setup_model_time_total": 0.0, "setup_proc_time_mean": NaN, "setup_proc_time_total": 0.0, "train_accuracy": 0.6186400055885315, "train_loss": 1.10670407371521, "training_time_mean": NaN, "training_time_total": 0.0, "val_accuracy": 0.6093999743461609, "val_loss": 1.187157530593872, "validation_time_mean": NaN, "validation_time_total": 0.0, "samples": 60000, "num_workers": 1, "done": false, "timesteps_total": null, "episodes_total": null, "training_iteration": 16, "neg_mean_loss": -1.2094791068267823, "experiment_id": "55bcf853b39243c88c6a6152e489026b", "date": "2019-06-03_04-23-53", "timestamp": 1559561033, "time_this_iter_s": 39.32162857055664, "time_total_s": 634.3664090633392, "pid": 16894, "hostname": "steropes", "node_ip": "169.229.49.254", "config": {"starting_lr": 0.1, "momentum": 0.95, "weight_decay": 0.0005, "steps_per_iteration": null, "pin": false, "model_creator": null, "target_batch_size": 128, "model_string": "resnet50", "min_batch_size": 128, "dataset": "CIFAR", "placement": null, "use_nccl": true, "devices_per_worker": 1, "primary_resource": "extra_gpu", "gpu": false, "verbose": false, "lr_config": {"mode": "log", "steps": 5, "initial_lr": 0.1, "target_lr": 0.1}, "batch_per_device": 128}, "time_since_restore": 634.3664090633392, "timesteps_since_restore": 0, "iterations_since_restore": 16, "mean_throughput": 1527.3180730237739, "atoms": 1, "setup_time": 8.697027921676636}
{"apply": 0.016881895065307618, "batch_time": 0.031261751923380016, "d2h": 0.000670170783996582, "data_time": 0.0017587626376725219, "fwd": 0.02740213871002197, "get_state_time_mean": NaN, "get_state_time_total": 0.0, "grad": 0.0469109058380127, "mean_accuracy": 0.6025999903678894, "mean_loss": 1.1737038723373412, "neg_mean_accuracy": -0.6365000009536743, "set_state_time_mean": NaN, "set_state_time_total": 0.0, "setup_model_time_mean": NaN, "setup_model_time_total": 0.0, "setup_proc_time_mean": NaN, "setup_proc_time_total": 0.0, "train_accuracy": 0.6287199854850769, "train_loss": 1.0802672812652587, "training_time_mean": NaN, "training_time_total": 0.0, "val_accuracy": 0.6365000009536743, "val_loss": 1.087166908454895, "validation_time_mean": NaN, "validation_time_total": 0.0, "samples": 60000, "num_workers": 1, "done": false, "timesteps_total": null, "episodes_total": null, "training_iteration": 17, "neg_mean_loss": -1.1737038723373412, "experiment_id": "55bcf853b39243c88c6a6152e489026b", "date": "2019-06-03_04-24-33", "timestamp": 1559561073, "time_this_iter_s": 39.18079113960266, "time_total_s": 673.5472002029419, "pid": 16894, "hostname": "steropes", "node_ip": "169.229.49.254", "config": {"starting_lr": 0.1, "momentum": 0.95, "weight_decay": 0.0005, "steps_per_iteration": null, "pin": false, "model_creator": null, "target_batch_size": 128, "model_string": "resnet50", "min_batch_size": 128, "dataset": "CIFAR", "placement": null, "use_nccl": true, "devices_per_worker": 1, "primary_resource": "extra_gpu", "gpu": false, "verbose": false, "lr_config": {"mode": "log", "steps": 5, "initial_lr": 0.1, "target_lr": 0.1}, "batch_per_device": 128}, "time_since_restore": 673.5472002029419, "timesteps_since_restore": 0, "iterations_since_restore": 17, "mean_throughput": 1528.418263665087, "atoms": 1, "setup_time": 8.697027921676636}
{"apply": 0.016570305824279784, "batch_time": 0.03131807001331185, "d2h": 0.0006629228591918945, "data_time": 0.0018591295422800361, "fwd": 0.027301645278930663, "get_state_time_mean": NaN, "get_state_time_total": 0.0, "grad": 0.04648547172546387, "mean_accuracy": 0.6085999965667724, "mean_loss": 1.1600607054519654, "neg_mean_accuracy": -0.6209999918937683, "set_state_time_mean": NaN, "set_state_time_total": 0.0, "setup_model_time_mean": NaN, "setup_model_time_total": 0.0, "setup_proc_time_mean": NaN, "setup_proc_time_total": 0.0, "train_accuracy": 0.6316999793052673, "train_loss": 1.0729003073501586, "training_time_mean": NaN, "training_time_total": 0.0, "val_accuracy": 0.6209999918937683, "val_loss": 1.136109910774231, "validation_time_mean": NaN, "validation_time_total": 0.0, "samples": 60000, "num_workers": 1, "done": false, "timesteps_total": null, "episodes_total": null, "training_iteration": 18, "neg_mean_loss": -1.1600607054519654, "experiment_id": "55bcf853b39243c88c6a6152e489026b", "date": "2019-06-03_04-25-12", "timestamp": 1559561112, "time_this_iter_s": 39.20383286476135, "time_total_s": 712.7510330677032, "pid": 16894, "hostname": "steropes", "node_ip": "169.229.49.254", "config": {"starting_lr": 0.1, "momentum": 0.95, "weight_decay": 0.0005, "steps_per_iteration": null, "pin": false, "model_creator": null, "target_batch_size": 128, "model_string": "resnet50", "min_batch_size": 128, "dataset": "CIFAR", "placement": null, "use_nccl": true, "devices_per_worker": 1, "primary_resource": "extra_gpu", "gpu": false, "verbose": false, "lr_config": {"mode": "log", "steps": 5, "initial_lr": 0.1, "target_lr": 0.1}, "batch_per_device": 128}, "time_since_restore": 712.7510330677032, "timesteps_since_restore": 0, "iterations_since_restore": 18, "mean_throughput": 1529.0717575743126, "atoms": 1, "setup_time": 8.697027921676636}
{"apply": 0.016789007186889648, "batch_time": 0.031080918976023227, "d2h": 0.0006719589233398438, "data_time": 0.0017861844328663234, "fwd": 0.027239394187927247, "get_state_time_mean": NaN, "get_state_time_total": 0.0, "grad": 0.046139073371887204, "mean_accuracy": 0.6235399961471557, "mean_loss": 1.1158955729293825, "neg_mean_accuracy": -0.6326000094413757, "set_state_time_mean": NaN, "set_state_time_total": 0.0, "setup_model_time_mean": NaN, "setup_model_time_total": 0.0, "setup_proc_time_mean": NaN, "setup_proc_time_total": 0.0, "train_accuracy": 0.6301800012588501, "train_loss": 1.07972259016037, "training_time_mean": NaN, "training_time_total": 0.0, "val_accuracy": 0.6326000094413757, "val_loss": 1.0749230766296387, "validation_time_mean": NaN, "validation_time_total": 0.0, "samples": 60000, "num_workers": 1, "done": false, "timesteps_total": null, "episodes_total": null, "training_iteration": 19, "neg_mean_loss": -1.1158955729293825, "experiment_id": "55bcf853b39243c88c6a6152e489026b", "date": "2019-06-03_04-25-51", "timestamp": 1559561151, "time_this_iter_s": 39.23367142677307, "time_total_s": 751.9847044944763, "pid": 16894, "hostname": "steropes", "node_ip": "169.229.49.254", "config": {"starting_lr": 0.1, "momentum": 0.95, "weight_decay": 0.0005, "steps_per_iteration": null, "pin": false, "model_creator": null, "target_batch_size": 128, "model_string": "resnet50", "min_batch_size": 128, "dataset": "CIFAR", "placement": null, "use_nccl": true, "devices_per_worker": 1, "primary_resource": "extra_gpu", "gpu": false, "verbose": false, "lr_config": {"mode": "log", "steps": 5, "initial_lr": 0.1, "target_lr": 0.1}, "batch_per_device": 128}, "time_since_restore": 751.9847044944763, "timesteps_since_restore": 0, "iterations_since_restore": 19, "mean_throughput": 1528.9635258260678, "atoms": 1, "setup_time": 8.697027921676636}
{"apply": 0.016476917266845702, "batch_time": 0.03162820731537252, "d2h": 0.0006450891494750976, "data_time": 0.001859318569797994, "fwd": 0.027192282676696777, "get_state_time_mean": NaN, "get_state_time_total": 0.0, "grad": 0.046615004539489746, "mean_accuracy": 0.6291599869728088, "mean_loss": 1.103060513458252, "neg_mean_accuracy": -0.6462999582290649, "set_state_time_mean": NaN, "set_state_time_total": 0.0, "setup_model_time_mean": NaN, "setup_model_time_total": 0.0, "setup_proc_time_mean": NaN, "setup_proc_time_total": 0.0, "train_accuracy": 0.6373800039291382, "train_loss": 1.0612924062919618, "training_time_mean": NaN, "training_time_total": 0.0, "val_accuracy": 0.6462999582290649, "val_loss": 1.029945140838623, "validation_time_mean": NaN, "validation_time_total": 0.0, "samples": 60000, "num_workers": 1, "done": false, "timesteps_total": null, "episodes_total": null, "training_iteration": 20, "neg_mean_loss": -1.103060513458252, "experiment_id": "55bcf853b39243c88c6a6152e489026b", "date": "2019-06-03_04-26-30", "timestamp": 1559561190, "time_this_iter_s": 39.327085733413696, "time_total_s": 791.31179022789, "pid": 16894, "hostname": "steropes", "node_ip": "169.229.49.254", "config": {"starting_lr": 0.1, "momentum": 0.95, "weight_decay": 0.0005, "steps_per_iteration": null, "pin": false, "model_creator": null, "target_batch_size": 128, "model_string": "resnet50", "min_batch_size": 128, "dataset": "CIFAR", "placement": null, "use_nccl": true, "devices_per_worker": 1, "primary_resource": "extra_gpu", "gpu": false, "verbose": false, "lr_config": {"mode": "log", "steps": 5, "initial_lr": 0.1, "target_lr": 0.1}, "batch_per_device": 128}, "time_since_restore": 791.31179022789, "timesteps_since_restore": 0, "iterations_since_restore": 20, "mean_throughput": 1528.5266948917053, "atoms": 1, "setup_time": 8.697027921676636}
{"apply": 0.01665806770324707, "batch_time": 0.03128444695774513, "d2h": 0.0006585359573364258, "data_time": 0.0017740025239832262, "fwd": 0.027222347259521485, "get_state_time_mean": NaN, "get_state_time_total": 0.0, "grad": 0.04630005359649658, "mean_accuracy": 0.6275399923324585, "mean_loss": 1.1064578550720214, "neg_mean_accuracy": -0.6013000011444092, "set_state_time_mean": NaN, "set_state_time_total": 0.0, "setup_model_time_mean": NaN, "setup_model_time_total": 0.0, "setup_proc_time_mean": NaN, "setup_proc_time_total": 0.0, "train_accuracy": 0.6394199728965759, "train_loss": 1.054868515815735, "training_time_mean": NaN, "training_time_total": 0.0, "val_accuracy": 0.6013000011444092, "val_loss": 1.2041442386627197, "validation_time_mean": NaN, "validation_time_total": 0.0, "samples": 60000, "num_workers": 1, "done": false, "timesteps_total": null, "episodes_total": null, "training_iteration": 21, "neg_mean_loss": -1.1064578550720214, "experiment_id": "55bcf853b39243c88c6a6152e489026b", "date": "2019-06-03_04-27-10", "timestamp": 1559561230, "time_this_iter_s": 39.37109136581421, "time_total_s": 830.6828815937042, "pid": 16894, "hostname": "steropes", "node_ip": "169.229.49.254", "config": {"starting_lr": 0.1, "momentum": 0.95, "weight_decay": 0.0005, "steps_per_iteration": null, "pin": false, "model_creator": null, "target_batch_size": 128, "model_string": "resnet50", "min_batch_size": 128, "dataset": "CIFAR", "placement": null, "use_nccl": true, "devices_per_worker": 1, "primary_resource": "extra_gpu", "gpu": false, "verbose": false, "lr_config": {"mode": "log", "steps": 5, "initial_lr": 0.1, "target_lr": 0.1}, "batch_per_device": 128}, "time_since_restore": 830.6828815937042, "timesteps_since_restore": 0, "iterations_since_restore": 21, "mean_throughput": 1528.1416175405311, "atoms": 1, "setup_time": 8.697027921676636}
{"apply": 0.01635763645172119, "batch_time": 0.031226070621345615, "d2h": 0.000658416748046875, "data_time": 0.0017565443082843595, "fwd": 0.027089619636535646, "get_state_time_mean": NaN, "get_state_time_total": 0.0, "grad": 0.04610357284545898, "mean_accuracy": 0.6265199899673461, "mean_loss": 1.1176483049964905, "neg_mean_accuracy": -0.6313999891281128, "set_state_time_mean": NaN, "set_state_time_total": 0.0, "setup_model_time_mean": NaN, "setup_model_time_total": 0.0, "setup_proc_time_mean": NaN, "setup_proc_time_total": 0.0, "train_accuracy": 0.6431399583816528, "train_loss": 1.0465591311836242, "training_time_mean": NaN, "training_time_total": 0.0, "val_accuracy": 0.6313999891281128, "val_loss": 1.14311915807724, "validation_time_mean": NaN, "validation_time_total": 0.0, "samples": 60000, "num_workers": 1, "done": false, "timesteps_total": null, "episodes_total": null, "training_iteration": 22, "neg_mean_loss": -1.1176483049964905, "experiment_id": "55bcf853b39243c88c6a6152e489026b", "date": "2019-06-03_04-27-49", "timestamp": 1559561269, "time_this_iter_s": 39.28406548500061, "time_total_s": 869.9669470787048, "pid": 16894, "hostname": "steropes", "node_ip": "169.229.49.254", "config": {"starting_lr": 0.1, "momentum": 0.95, "weight_decay": 0.0005, "steps_per_iteration": null, "pin": false, "model_creator": null, "target_batch_size": 128, "model_string": "resnet50", "min_batch_size": 128, "dataset": "CIFAR", "placement": null, "use_nccl": true, "devices_per_worker": 1, "primary_resource": "extra_gpu", "gpu": false, "verbose": false, "lr_config": {"mode": "log", "steps": 5, "initial_lr": 0.1, "target_lr": 0.1}, "batch_per_device": 128}, "time_since_restore": 869.9669470787048, "timesteps_since_restore": 0, "iterations_since_restore": 22, "mean_throughput": 1527.3381432169272, "atoms": 1, "setup_time": 8.697027921676636}
{"apply": 0.016823792457580568, "batch_time": 0.03111717670778685, "d2h": 0.0006720542907714844, "data_time": 0.00180465973856504, "fwd": 0.027405309677124023, "get_state_time_mean": NaN, "get_state_time_total": 0.0, "grad": 0.04677767753601074, "mean_accuracy": 0.6172799944877625, "mean_loss": 1.127957650356293, "neg_mean_accuracy": -0.5748000144958496, "set_state_time_mean": NaN, "set_state_time_total": 0.0, "setup_model_time_mean": NaN, "setup_model_time_total": 0.0, "setup_proc_time_mean": NaN, "setup_proc_time_total": 0.0, "train_accuracy": 0.6490399837493896, "train_loss": 1.0278349550056458, "training_time_mean": NaN, "training_time_total": 0.0, "val_accuracy": 0.5748000144958496, "val_loss": 1.1876566375732422, "validation_time_mean": NaN, "validation_time_total": 0.0, "samples": 60000, "num_workers": 1, "done": false, "timesteps_total": null, "episodes_total": null, "training_iteration": 23, "neg_mean_loss": -1.127957650356293, "experiment_id": "55bcf853b39243c88c6a6152e489026b", "date": "2019-06-03_04-28-28", "timestamp": 1559561308, "time_this_iter_s": 39.37126040458679, "time_total_s": 909.3382074832916, "pid": 16894, "hostname": "steropes", "node_ip": "169.229.49.254", "config": {"starting_lr": 0.1, "momentum": 0.95, "weight_decay": 0.0005, "steps_per_iteration": null, "pin": false, "model_creator": null, "target_batch_size": 128, "model_string": "resnet50", "min_batch_size": 128, "dataset": "CIFAR", "placement": null, "use_nccl": true, "devices_per_worker": 1, "primary_resource": "extra_gpu", "gpu": false, "verbose": false, "lr_config": {"mode": "log", "steps": 5, "initial_lr": 0.1, "target_lr": 0.1}, "batch_per_device": 128}, "time_since_restore": 909.3382074832916, "timesteps_since_restore": 0, "iterations_since_restore": 23, "mean_throughput": 1526.037329006658, "atoms": 1, "setup_time": 8.697027921676636}
{"apply": 0.017089056968688964, "batch_time": 0.03129643729970425, "d2h": 0.0006778478622436523, "data_time": 0.0018424128022645136, "fwd": 0.027636122703552247, "get_state_time_mean": NaN, "get_state_time_total": 0.0, "grad": 0.04623315334320068, "mean_accuracy": 0.6168999910354614, "mean_loss": 1.143071974849701, "neg_mean_accuracy": -0.6306999921798706, "set_state_time_mean": NaN, "set_state_time_total": 0.0, "setup_model_time_mean": NaN, "setup_model_time_total": 0.0, "setup_proc_time_mean": NaN, "setup_proc_time_total": 0.0, "train_accuracy": 0.6553199887275696, "train_loss": 1.0153680308914184, "training_time_mean": NaN, "training_time_total": 0.0, "val_accuracy": 0.6306999921798706, "val_loss": 1.1504946990966798, "validation_time_mean": NaN, "validation_time_total": 0.0, "samples": 60000, "num_workers": 1, "done": false, "timesteps_total": null, "episodes_total": null, "training_iteration": 24, "neg_mean_loss": -1.143071974849701, "experiment_id": "55bcf853b39243c88c6a6152e489026b", "date": "2019-06-03_04-29-08", "timestamp": 1559561348, "time_this_iter_s": 39.443522930145264, "time_total_s": 948.7817304134369, "pid": 16894, "hostname": "steropes", "node_ip": "169.229.49.254", "config": {"starting_lr": 0.1, "momentum": 0.95, "weight_decay": 0.0005, "steps_per_iteration": null, "pin": false, "model_creator": null, "target_batch_size": 128, "model_string": "resnet50", "min_batch_size": 128, "dataset": "CIFAR", "placement": null, "use_nccl": true, "devices_per_worker": 1, "primary_resource": "extra_gpu", "gpu": false, "verbose": false, "lr_config": {"mode": "log", "steps": 5, "initial_lr": 0.1, "target_lr": 0.1}, "batch_per_device": 128}, "time_since_restore": 948.7817304134369, "timesteps_since_restore": 0, "iterations_since_restore": 24, "mean_throughput": 1524.4100289004625, "atoms": 1, "setup_time": 8.697027921676636}
{"apply": 0.01630842685699463, "batch_time": 0.031026179277444187, "d2h": 0.0006699562072753906, "data_time": 0.0018102372698771678, "fwd": 0.026980113983154298, "get_state_time_mean": NaN, "get_state_time_total": 0.0, "grad": 0.04814751148223877, "mean_accuracy": 0.6086399912834167, "mean_loss": 1.1688444031143188, "neg_mean_accuracy": -0.6049999594688416, "set_state_time_mean": NaN, "set_state_time_total": 0.0, "setup_model_time_mean": NaN, "setup_model_time_total": 0.0, "setup_proc_time_mean": NaN, "setup_proc_time_total": 0.0, "train_accuracy": 0.6543399691581726, "train_loss": 1.015497715778351, "training_time_mean": NaN, "training_time_total": 0.0, "val_accuracy": 0.6049999594688416, "val_loss": 1.1588072821617126, "validation_time_mean": NaN, "validation_time_total": 0.0, "samples": 60000, "num_workers": 1, "done": false, "timesteps_total": null, "episodes_total": null, "training_iteration": 25, "neg_mean_loss": -1.1688444031143188, "experiment_id": "55bcf853b39243c88c6a6152e489026b", "date": "2019-06-03_04-29-47", "timestamp": 1559561387, "time_this_iter_s": 39.43983030319214, "time_total_s": 988.221560716629, "pid": 16894, "hostname": "steropes", "node_ip": "169.229.49.254", "config": {"starting_lr": 0.1, "momentum": 0.95, "weight_decay": 0.0005, "steps_per_iteration": null, "pin": false, "model_creator": null, "target_batch_size": 128, "model_string": "resnet50", "min_batch_size": 128, "dataset": "CIFAR", "placement": null, "use_nccl": true, "devices_per_worker": 1, "primary_resource": "extra_gpu", "gpu": false, "verbose": false, "lr_config": {"mode": "log", "steps": 5, "initial_lr": 0.1, "target_lr": 0.1}, "batch_per_device": 128}, "time_since_restore": 988.221560716629, "timesteps_since_restore": 0, "iterations_since_restore": 25, "mean_throughput": 1523.5371665519656, "atoms": 1, "setup_time": 8.697027921676636}
{"apply": 0.016732072830200194, "batch_time": 0.03114384940907925, "d2h": 0.0006448268890380859, "data_time": 0.0018906946987142343, "fwd": 0.027537608146667482, "get_state_time_mean": NaN, "get_state_time_total": 0.0, "grad": 0.04634459018707275, "mean_accuracy": 0.6142799854278564, "mean_loss": 1.1581546327972414, "neg_mean_accuracy": -0.6294999718666077, "set_state_time_mean": NaN, "set_state_time_total": 0.0, "setup_model_time_mean": NaN, "setup_model_time_total": 0.0, "setup_proc_time_mean": NaN, "setup_proc_time_total": 0.0, "train_accuracy": 0.6572399735450745, "train_loss": 1.0087639583587646, "training_time_mean": NaN, "training_time_total": 0.0, "val_accuracy": 0.6294999718666077, "val_loss": 1.1506953870773315, "validation_time_mean": NaN, "validation_time_total": 0.0, "samples": 60000, "num_workers": 1, "done": false, "timesteps_total": null, "episodes_total": null, "training_iteration": 26, "neg_mean_loss": -1.1581546327972414, "experiment_id": "55bcf853b39243c88c6a6152e489026b", "date": "2019-06-03_04-30-27", "timestamp": 1559561427, "time_this_iter_s": 39.310242652893066, "time_total_s": 1027.531803369522, "pid": 16894, "hostname": "steropes", "node_ip": "169.229.49.254", "config": {"starting_lr": 0.1, "momentum": 0.95, "weight_decay": 0.0005, "steps_per_iteration": null, "pin": false, "model_creator": null, "target_batch_size": 128, "model_string": "resnet50", "min_batch_size": 128, "dataset": "CIFAR", "placement": null, "use_nccl": true, "devices_per_worker": 1, "primary_resource": "extra_gpu", "gpu": false, "verbose": false, "lr_config": {"mode": "log", "steps": 5, "initial_lr": 0.1, "target_lr": 0.1}, "batch_per_device": 128}, "time_since_restore": 1027.531803369522, "timesteps_since_restore": 0, "iterations_since_restore": 26, "mean_throughput": 1524.0080084922104, "atoms": 1, "setup_time": 8.697027921676636}
{"apply": 0.016687345504760743, "batch_time": 0.031292230268067954, "d2h": 0.0006607532501220703, "data_time": 0.001759813264812655, "fwd": 0.027311825752258302, "get_state_time_mean": NaN, "get_state_time_total": 0.0, "grad": 0.04635865688323974, "mean_accuracy": 0.6074999809265137, "mean_loss": 1.176180262489319, "neg_mean_accuracy": -0.5974999666213989, "set_state_time_mean": NaN, "set_state_time_total": 0.0, "setup_model_time_mean": NaN, "setup_model_time_total": 0.0, "setup_proc_time_mean": NaN, "setup_proc_time_total": 0.0, "train_accuracy": 0.658519983291626, "train_loss": 1.0036571091461182, "training_time_mean": NaN, "training_time_total": 0.0, "val_accuracy": 0.5974999666213989, "val_loss": 1.2332473065376282, "validation_time_mean": NaN, "validation_time_total": 0.0, "samples": 60000, "num_workers": 1, "done": false, "timesteps_total": null, "episodes_total": null, "training_iteration": 27, "neg_mean_loss": -1.176180262489319, "experiment_id": "55bcf853b39243c88c6a6152e489026b", "date": "2019-06-03_04-31-06", "timestamp": 1559561466, "time_this_iter_s": 39.45804405212402, "time_total_s": 1066.9898474216461, "pid": 16894, "hostname": "steropes", "node_ip": "169.229.49.254", "config": {"starting_lr": 0.1, "momentum": 0.95, "weight_decay": 0.0005, "steps_per_iteration": null, "pin": false, "model_creator": null, "target_batch_size": 128, "model_string": "resnet50", "min_batch_size": 128, "dataset": "CIFAR", "placement": null, "use_nccl": true, "devices_per_worker": 1, "primary_resource": "extra_gpu", "gpu": false, "verbose": false, "lr_config": {"mode": "log", "steps": 5, "initial_lr": 0.1, "target_lr": 0.1}, "batch_per_device": 128}, "time_since_restore": 1066.9898474216461, "timesteps_since_restore": 0, "iterations_since_restore": 27, "mean_throughput": 1522.6618686440434, "atoms": 1, "setup_time": 8.697027921676636}
{"apply": 0.01648116111755371, "batch_time": 0.03137475025804737, "d2h": 0.0006497859954833985, "data_time": 0.0017909534142145414, "fwd": 0.02724153995513916, "get_state_time_mean": NaN, "get_state_time_total": 0.0, "grad": 0.04610822200775146, "mean_accuracy": 0.6227799773216247, "mean_loss": 1.1425129544258117, "neg_mean_accuracy": -0.651199996471405, "set_state_time_mean": NaN, "set_state_time_total": 0.0, "setup_model_time_mean": NaN, "setup_model_time_total": 0.0, "setup_proc_time_mean": NaN, "setup_proc_time_total": 0.0, "train_accuracy": 0.6584399938583374, "train_loss": 1.0069463063049315, "training_time_mean": NaN, "training_time_total": 0.0, "val_accuracy": 0.651199996471405, "val_loss": 1.0193200972557068, "validation_time_mean": NaN, "validation_time_total": 0.0, "samples": 60000, "num_workers": 1, "done": false, "timesteps_total": null, "episodes_total": null, "training_iteration": 28, "neg_mean_loss": -1.1425129544258117, "experiment_id": "55bcf853b39243c88c6a6152e489026b", "date": "2019-06-03_04-31-46", "timestamp": 1559561506, "time_this_iter_s": 39.45017695426941, "time_total_s": 1106.4400243759155, "pid": 16894, "hostname": "steropes", "node_ip": "169.229.49.254", "config": {"starting_lr": 0.1, "momentum": 0.95, "weight_decay": 0.0005, "steps_per_iteration": null, "pin": false, "model_creator": null, "target_batch_size": 128, "model_string": "resnet50", "min_batch_size": 128, "dataset": "CIFAR", "placement": null, "use_nccl": true, "devices_per_worker": 1, "primary_resource": "extra_gpu", "gpu": false, "verbose": false, "lr_config": {"mode": "log", "steps": 5, "initial_lr": 0.1, "target_lr": 0.1}, "batch_per_device": 128}, "time_since_restore": 1106.4400243759155, "timesteps_since_restore": 0, "iterations_since_restore": 28, "mean_throughput": 1522.0523043439125, "atoms": 1, "setup_time": 8.697027921676636}
{"apply": 0.01645960807800293, "batch_time": 0.031086686291272127, "d2h": 0.0006609678268432618, "data_time": 0.0018152525967649181, "fwd": 0.02811007499694824, "get_state_time_mean": NaN, "get_state_time_total": 0.0, "grad": 0.04657759666442871, "mean_accuracy": 0.628339970111847, "mean_loss": 1.1116480129623412, "neg_mean_accuracy": -0.6584999561309814, "set_state_time_mean": NaN, "set_state_time_total": 0.0, "setup_model_time_mean": NaN, "setup_model_time_total": 0.0, "setup_proc_time_mean": NaN, "setup_proc_time_total": 0.0, "train_accuracy": 0.6661799550056458, "train_loss": 0.9830432616043091, "training_time_mean": NaN, "training_time_total": 0.0, "val_accuracy": 0.6584999561309814, "val_loss": 0.9961699917793274, "validation_time_mean": NaN, "validation_time_total": 0.0, "samples": 60000, "num_workers": 1, "done": false, "timesteps_total": null, "episodes_total": null, "training_iteration": 29, "neg_mean_loss": -1.1116480129623412, "experiment_id": "55bcf853b39243c88c6a6152e489026b", "date": "2019-06-03_04-32-25", "timestamp": 1559561545, "time_this_iter_s": 39.350165605545044, "time_total_s": 1145.7901899814606, "pid": 16894, "hostname": "steropes", "node_ip": "169.229.49.254", "config": {"starting_lr": 0.1, "momentum": 0.95, "weight_decay": 0.0005, "steps_per_iteration": null, "pin": false, "model_creator": null, "target_batch_size": 128, "model_string": "resnet50", "min_batch_size": 128, "dataset": "CIFAR", "placement": null, "use_nccl": true, "devices_per_worker": 1, "primary_resource": "extra_gpu", "gpu": false, "verbose": false, "lr_config": {"mode": "log", "steps": 5, "initial_lr": 0.1, "target_lr": 0.1}, "batch_per_device": 128}, "time_since_restore": 1145.7901899814606, "timesteps_since_restore": 0, "iterations_since_restore": 29, "mean_throughput": 1522.7735278206226, "atoms": 1, "setup_time": 8.697027921676636}
{"apply": 0.016787219047546386, "batch_time": 0.031096108352081684, "d2h": 0.0006689071655273437, "data_time": 0.001760939502959971, "fwd": 0.027548456192016603, "get_state_time_mean": NaN, "get_state_time_total": 0.0, "grad": 0.04679050445556641, "mean_accuracy": 0.6410399794578552, "mean_loss": 1.080883375530243, "neg_mean_accuracy": -0.6685000061988831, "set_state_time_mean": NaN, "set_state_time_total": 0.0, "setup_model_time_mean": NaN, "setup_model_time_total": 0.0, "setup_proc_time_mean": NaN, "setup_proc_time_total": 0.0, "train_accuracy": 0.6664599776268005, "train_loss": 0.9833828466033936, "training_time_mean": NaN, "training_time_total": 0.0, "val_accuracy": 0.6685000061988831, "val_loss": 1.0049840950012208, "validation_time_mean": NaN, "validation_time_total": 0.0, "samples": 60000, "num_workers": 1, "done": false, "timesteps_total": null, "episodes_total": null, "training_iteration": 30, "neg_mean_loss": -1.080883375530243, "experiment_id": "55bcf853b39243c88c6a6152e489026b", "date": "2019-06-03_04-33-04", "timestamp": 1559561584, "time_this_iter_s": 39.405450105667114, "time_total_s": 1185.1956400871277, "pid": 16894, "hostname": "steropes", "node_ip": "169.229.49.254", "config": {"starting_lr": 0.1, "momentum": 0.95, "weight_decay": 0.0005, "steps_per_iteration": null, "pin": false, "model_creator": null, "target_batch_size": 128, "model_string": "resnet50", "min_batch_size": 128, "dataset": "CIFAR", "placement": null, "use_nccl": true, "devices_per_worker": 1, "primary_resource": "extra_gpu", "gpu": false, "verbose": false, "lr_config": {"mode": "log", "steps": 5, "initial_lr": 0.1, "target_lr": 0.1}, "batch_per_device": 128}, "time_since_restore": 1185.1956400871277, "timesteps_since_restore": 0, "iterations_since_restore": 30, "mean_throughput": 1523.0393460437026, "atoms": 1, "setup_time": 8.697027921676636}
{"apply": 0.016577529907226562, "batch_time": 0.031078845639772052, "d2h": 0.0006652593612670899, "data_time": 0.0017720963948827876, "fwd": 0.027309060096740723, "get_state_time_mean": NaN, "get_state_time_total": 0.0, "grad": 0.04772641658782959, "mean_accuracy": 0.6433799862861633, "mean_loss": 1.0617636346054078, "neg_mean_accuracy": -0.6412000060081482, "set_state_time_mean": NaN, "set_state_time_total": 0.0, "setup_model_time_mean": NaN, "setup_model_time_total": 0.0, "setup_proc_time_mean": NaN, "setup_proc_time_total": 0.0, "train_accuracy": 0.6617000102996826, "train_loss": 0.992190405292511, "training_time_mean": NaN, "training_time_total": 0.0, "val_accuracy": 0.6412000060081482, "val_loss": 1.0550966824531556, "validation_time_mean": NaN, "validation_time_total": 0.0, "samples": 60000, "num_workers": 1, "done": false, "timesteps_total": null, "episodes_total": null, "training_iteration": 31, "neg_mean_loss": -1.0617636346054078, "experiment_id": "55bcf853b39243c88c6a6152e489026b", "date": "2019-06-03_04-33-44", "timestamp": 1559561624, "time_this_iter_s": 39.36006569862366, "time_total_s": 1224.5557057857513, "pid": 16894, "hostname": "steropes", "node_ip": "169.229.49.254", "config": {"starting_lr": 0.1, "momentum": 0.95, "weight_decay": 0.0005, "steps_per_iteration": null, "pin": false, "model_creator": null, "target_batch_size": 128, "model_string": "resnet50", "min_batch_size": 128, "dataset": "CIFAR", "placement": null, "use_nccl": true, "devices_per_worker": 1, "primary_resource": "extra_gpu", "gpu": false, "verbose": false, "lr_config": {"mode": "log", "steps": 5, "initial_lr": 0.1, "target_lr": 0.1}, "batch_per_device": 128}, "time_since_restore": 1224.5557057857513, "timesteps_since_restore": 0, "iterations_since_restore": 31, "mean_throughput": 1522.6543270113227, "atoms": 1, "setup_time": 8.697027921676636}
{"apply": 0.016335439682006837, "batch_time": 0.03146925455407251, "d2h": 0.0006608724594116211, "data_time": 0.001809308595974427, "fwd": 0.026951193809509277, "get_state_time_mean": NaN, "get_state_time_total": 0.0, "grad": 0.04663236141204834, "mean_accuracy": 0.654039990901947, "mean_loss": 1.023951443157196, "neg_mean_accuracy": -0.6507999897003174, "set_state_time_mean": NaN, "set_state_time_total": 0.0, "setup_model_time_mean": NaN, "setup_model_time_total": 0.0, "setup_proc_time_mean": NaN, "setup_proc_time_total": 0.0, "train_accuracy": 0.6639999747276306, "train_loss": 0.988973142528534, "training_time_mean": NaN, "training_time_total": 0.0, "val_accuracy": 0.6507999897003174, "val_loss": 1.0441863492965697, "validation_time_mean": NaN, "validation_time_total": 0.0, "samples": 60000, "num_workers": 1, "done": false, "timesteps_total": null, "episodes_total": null, "training_iteration": 32, "neg_mean_loss": -1.023951443157196, "experiment_id": "55bcf853b39243c88c6a6152e489026b", "date": "2019-06-03_04-34-23", "timestamp": 1559561663, "time_this_iter_s": 39.34888434410095, "time_total_s": 1263.9045901298523, "pid": 16894, "hostname": "steropes", "node_ip": "169.229.49.254", "config": {"starting_lr": 0.1, "momentum": 0.95, "weight_decay": 0.0005, "steps_per_iteration": null, "pin": false, "model_creator": null, "target_batch_size": 128, "model_string": "resnet50", "min_batch_size": 128, "dataset": "CIFAR", "placement": null, "use_nccl": true, "devices_per_worker": 1, "primary_resource": "extra_gpu", "gpu": false, "verbose": false, "lr_config": {"mode": "log", "steps": 5, "initial_lr": 0.1, "target_lr": 0.1}, "batch_per_device": 128}, "time_since_restore": 1263.9045901298523, "timesteps_since_restore": 0, "iterations_since_restore": 32, "mean_throughput": 1523.4987959843927, "atoms": 1, "setup_time": 8.697027921676636}
{"apply": 0.016904759407043456, "batch_time": 0.03166520444652702, "d2h": 0.0006608963012695312, "data_time": 0.0018079219876652789, "fwd": 0.027529168128967284, "get_state_time_mean": NaN, "get_state_time_total": 0.0, "grad": 0.047951364517211915, "mean_accuracy": 0.6580999851226806, "mean_loss": 1.0197472145080566, "neg_mean_accuracy": -0.6714999675750732, "set_state_time_mean": NaN, "set_state_time_total": 0.0, "setup_model_time_mean": NaN, "setup_model_time_total": 0.0, "setup_proc_time_mean": NaN, "setup_proc_time_total": 0.0, "train_accuracy": 0.6675399541854858, "train_loss": 0.9815681008720398, "training_time_mean": NaN, "training_time_total": 0.0, "val_accuracy": 0.6714999675750732, "val_loss": 0.9982989540100098, "validation_time_mean": NaN, "validation_time_total": 0.0, "samples": 60000, "num_workers": 1, "done": false, "timesteps_total": null, "episodes_total": null, "training_iteration": 33, "neg_mean_loss": -1.0197472145080566, "experiment_id": "55bcf853b39243c88c6a6152e489026b", "date": "2019-06-03_04-35-02", "timestamp": 1559561702, "time_this_iter_s": 39.32412528991699, "time_total_s": 1303.2287154197693, "pid": 16894, "hostname": "steropes", "node_ip": "169.229.49.254", "config": {"starting_lr": 0.1, "momentum": 0.95, "weight_decay": 0.0005, "steps_per_iteration": null, "pin": false, "model_creator": null, "target_batch_size": 128, "model_string": "resnet50", "min_batch_size": 128, "dataset": "CIFAR", "placement": null, "use_nccl": true, "devices_per_worker": 1, "primary_resource": "extra_gpu", "gpu": false, "verbose": false, "lr_config": {"mode": "log", "steps": 5, "initial_lr": 0.1, "target_lr": 0.1}, "batch_per_device": 128}, "time_since_restore": 1303.2287154197693, "timesteps_since_restore": 0, "iterations_since_restore": 33, "mean_throughput": 1524.4746053799374, "atoms": 1, "setup_time": 8.697027921676636}
{"apply": 0.016596889495849608, "batch_time": 0.03128719933425324, "d2h": 0.0006605148315429688, "data_time": 0.0017914436662288579, "fwd": 0.027150750160217285, "get_state_time_mean": NaN, "get_state_time_total": 0.0, "grad": 0.046075963973999025, "mean_accuracy": 0.651199996471405, "mean_loss": 1.0455231039237978, "neg_mean_accuracy": -0.6240000128746033, "set_state_time_mean": NaN, "set_state_time_total": 0.0, "setup_model_time_mean": NaN, "setup_model_time_total": 0.0, "setup_proc_time_mean": NaN, "setup_proc_time_total": 0.0, "train_accuracy": 0.6614800095558167, "train_loss": 0.9912474020004273, "training_time_mean": NaN, "training_time_total": 0.0, "val_accuracy": 0.6240000128746033, "val_loss": 1.1250494388580323, "validation_time_mean": NaN, "validation_time_total": 0.0, "samples": 60000, "num_workers": 1, "done": false, "timesteps_total": null, "episodes_total": null, "training_iteration": 34, "neg_mean_loss": -1.0455231039237978, "experiment_id": "55bcf853b39243c88c6a6152e489026b", "date": "2019-06-03_04-35-42", "timestamp": 1559561742, "time_this_iter_s": 39.380425691604614, "time_total_s": 1342.609141111374, "pid": 16894, "hostname": "steropes", "node_ip": "169.229.49.254", "config": {"starting_lr": 0.1, "momentum": 0.95, "weight_decay": 0.0005, "steps_per_iteration": null, "pin": false, "model_creator": null, "target_batch_size": 128, "model_string": "resnet50", "min_batch_size": 128, "dataset": "CIFAR", "placement": null, "use_nccl": true, "devices_per_worker": 1, "primary_resource": "extra_gpu", "gpu": false, "verbose": false, "lr_config": {"mode": "log", "steps": 5, "initial_lr": 0.1, "target_lr": 0.1}, "batch_per_device": 128}, "time_since_restore": 1342.609141111374, "timesteps_since_restore": 0, "iterations_since_restore": 34, "mean_throughput": 1524.240329563245, "atoms": 1, "setup_time": 8.697027921676636}
