{"apply": 0.01702737808227539, "batch_time": 0.04166038126885137, "d2h": 0.0006546497344970704, "data_time": 0.0019027656301513047, "fwd": 0.11786301136016845, "get_state_time_mean": NaN, "get_state_time_total": 0.0, "grad": 0.26132304668426515, "mean_accuracy": 0.10009999573230743, "mean_loss": 176.9286838722229, "neg_mean_accuracy": -0.10009999573230743, "set_state_time_mean": NaN, "set_state_time_total": 0.0, "setup_model_time_mean": 10.972821712493896, "setup_model_time_total": 10.972821712493896, "setup_proc_time_mean": 0.12038850784301758, "setup_proc_time_total": 0.12038850784301758, "train_accuracy": 0.10198000073432922, "train_loss": 4.72067551071167, "training_time_mean": NaN, "training_time_total": 0.0, "val_accuracy": 0.10009999573230743, "val_loss": 176.9286838722229, "validation_time_mean": NaN, "validation_time_total": 0.0, "samples": 60000, "num_workers": 1, "done": false, "timesteps_total": null, "episodes_total": null, "training_iteration": 1, "neg_mean_loss": -176.9286838722229, "experiment_id": "03f2d66a721245c29e7c6454e8e1599f", "date": "2019-06-06_14-19-47", "timestamp": 1559855987, "time_this_iter_s": 47.64565944671631, "time_total_s": 47.64565944671631, "pid": 30565, "hostname": "steropes", "node_ip": "169.229.49.254", "config": {"starting_lr": 0.05, "momentum": 0.99, "weight_decay": 0.0001, "steps_per_iteration": null, "pin": false, "model_creator": null, "target_batch_size": 128, "model_string": "resnet50", "min_batch_size": 128, "dataset": "CIFAR", "placement": null, "use_nccl": true, "devices_per_worker": 1, "primary_resource": "extra_gpu", "gpu": false, "verbose": false, "lr_config": {"mode": "log", "steps": 5, "initial_lr": 0.05, "target_lr": 0.05}, "batch_per_device": 128}, "time_since_restore": 47.64565944671631, "timesteps_since_restore": 0, "iterations_since_restore": 1, "mean_throughput": 1259.2917324672799, "atoms": 1, "setup_time": 11.199828863143921}
{"apply": 0.01688523292541504, "batch_time": 0.03211960611464102, "d2h": 0.0006532669067382812, "data_time": 0.0018646552434662723, "fwd": 0.028034353256225587, "get_state_time_mean": NaN, "get_state_time_total": 0.0, "grad": 0.05125999450683594, "mean_accuracy": 0.12129999697208405, "mean_loss": 93.34841325340271, "neg_mean_accuracy": -0.14249999821186066, "set_state_time_mean": NaN, "set_state_time_total": 0.0, "setup_model_time_mean": NaN, "setup_model_time_total": 0.0, "setup_proc_time_mean": NaN, "setup_proc_time_total": 0.0, "train_accuracy": 0.11329999566078186, "train_loss": 2.3477944757843017, "training_time_mean": NaN, "training_time_total": 0.0, "val_accuracy": 0.14249999821186066, "val_loss": 9.768142634582519, "validation_time_mean": NaN, "validation_time_total": 0.0, "samples": 60000, "num_workers": 1, "done": false, "timesteps_total": null, "episodes_total": null, "training_iteration": 2, "neg_mean_loss": -93.34841325340271, "experiment_id": "03f2d66a721245c29e7c6454e8e1599f", "date": "2019-06-06_14-20-28", "timestamp": 1559856028, "time_this_iter_s": 41.30380129814148, "time_total_s": 88.94946074485779, "pid": 30565, "hostname": "steropes", "node_ip": "169.229.49.254", "config": {"starting_lr": 0.05, "momentum": 0.99, "weight_decay": 0.0001, "steps_per_iteration": null, "pin": false, "model_creator": null, "target_batch_size": 128, "model_string": "resnet50", "min_batch_size": 128, "dataset": "CIFAR", "placement": null, "use_nccl": true, "devices_per_worker": 1, "primary_resource": "extra_gpu", "gpu": false, "verbose": false, "lr_config": {"mode": "log", "steps": 5, "initial_lr": 0.05, "target_lr": 0.05}, "batch_per_device": 128}, "time_since_restore": 88.94946074485779, "timesteps_since_restore": 0, "iterations_since_restore": 2, "mean_throughput": 1349.076858380508, "atoms": 1, "setup_time": 11.199828863143921}
{"apply": 0.016566920280456542, "batch_time": 0.03201595439186579, "d2h": 0.0006743907928466797, "data_time": 0.0017852380757441607, "fwd": 0.027662038803100586, "get_state_time_mean": NaN, "get_state_time_total": 0.0, "grad": 0.04881830215454101, "mean_accuracy": 0.14839999874432883, "mean_loss": 62.92094893347422, "neg_mean_accuracy": -0.20260000228881836, "set_state_time_mean": NaN, "set_state_time_total": 0.0, "setup_model_time_mean": NaN, "setup_model_time_total": 0.0, "setup_proc_time_mean": NaN, "setup_proc_time_total": 0.0, "train_accuracy": 0.16599999368190765, "train_loss": 2.19154119720459, "training_time_mean": NaN, "training_time_total": 0.0, "val_accuracy": 0.20260000228881836, "val_loss": 2.0660202936172487, "validation_time_mean": NaN, "validation_time_total": 0.0, "samples": 60000, "num_workers": 1, "done": true, "timesteps_total": null, "episodes_total": null, "training_iteration": 3, "neg_mean_loss": -62.92094893347422, "experiment_id": "03f2d66a721245c29e7c6454e8e1599f", "date": "2019-06-06_14-21-09", "timestamp": 1559856069, "time_this_iter_s": 40.66651201248169, "time_total_s": 129.61597275733948, "pid": 30565, "hostname": "steropes", "node_ip": "169.229.49.254", "config": {"starting_lr": 0.05, "momentum": 0.99, "weight_decay": 0.0001, "steps_per_iteration": null, "pin": false, "model_creator": null, "target_batch_size": 128, "model_string": "resnet50", "min_batch_size": 128, "dataset": "CIFAR", "placement": null, "use_nccl": true, "devices_per_worker": 1, "primary_resource": "extra_gpu", "gpu": false, "verbose": false, "lr_config": {"mode": "log", "steps": 5, "initial_lr": 0.05, "target_lr": 0.05}, "batch_per_device": 128}, "time_since_restore": 129.61597275733948, "timesteps_since_restore": 0, "iterations_since_restore": 3, "mean_throughput": 1388.714226935415, "atoms": 1, "setup_time": 11.199828863143921}
