{"apply": 0.018155455589294434, "batch_time": 0.050977933255932, "d2h": 0.0007144689559936523, "data_time": 0.0018630619244197446, "fwd": 0.18211023807525634, "get_state_time_mean": NaN, "get_state_time_total": 0.0, "grad": 0.1891026020050049, "mean_accuracy": 0.30789998173713684, "mean_loss": 2.289791269683838, "neg_mean_accuracy": -0.30789998173713684, "set_state_time_mean": NaN, "set_state_time_total": 0.0, "setup_model_time_mean": 12.401026010513306, "setup_model_time_total": 12.401026010513306, "setup_proc_time_mean": 0.13887953758239746, "setup_proc_time_total": 0.13887953758239746, "train_accuracy": 0.25005999207496643, "train_loss": 2.6865492056274416, "training_time_mean": NaN, "training_time_total": 0.0, "val_accuracy": 0.30789998173713684, "val_loss": 2.289791269683838, "validation_time_mean": NaN, "validation_time_total": 0.0, "samples": 60000, "num_workers": 1, "done": false, "timesteps_total": null, "episodes_total": null, "training_iteration": 1, "neg_mean_loss": -2.289791269683838, "experiment_id": "c4e95dac630e47e48a162f8406971567", "date": "2019-06-02_20-17-04", "timestamp": 1559531824, "time_this_iter_s": 48.280256032943726, "time_total_s": 48.280256032943726, "pid": 18842, "hostname": "steropes", "node_ip": "169.229.49.254", "config": {"starting_lr": 0.005, "momentum": 0.95, "weight_decay": 0.001, "steps_per_iteration": null, "pin": false, "model_creator": null, "target_batch_size": 128, "model_string": "resnet50", "min_batch_size": 128, "dataset": "CIFAR", "placement": null, "use_nccl": true, "devices_per_worker": 1, "primary_resource": "extra_gpu", "gpu": false, "verbose": false, "lr_config": {"mode": "log", "steps": 5, "initial_lr": 0.005, "target_lr": 0.005}, "batch_per_device": 128}, "time_since_restore": 48.280256032943726, "timesteps_since_restore": 0, "iterations_since_restore": 1, "mean_throughput": 1242.7403549790233, "atoms": 1, "setup_time": 12.653115034103394}
{"apply": 0.018160104751586914, "batch_time": 0.03238759765142127, "d2h": 0.0007421731948852539, "data_time": 0.001852908097874478, "fwd": 0.027846598625183107, "get_state_time_mean": NaN, "get_state_time_total": 0.0, "grad": 0.04783804416656494, "mean_accuracy": 0.35419999063014984, "mean_loss": 2.245130624485016, "neg_mean_accuracy": -0.40049999952316284, "set_state_time_mean": NaN, "set_state_time_total": 0.0, "setup_model_time_mean": NaN, "setup_model_time_total": 0.0, "setup_proc_time_mean": NaN, "setup_proc_time_total": 0.0, "train_accuracy": 0.3135800063610077, "train_loss": 2.1074466272735597, "training_time_mean": NaN, "training_time_total": 0.0, "val_accuracy": 0.40049999952316284, "val_loss": 2.200469979286194, "validation_time_mean": NaN, "validation_time_total": 0.0, "samples": 60000, "num_workers": 1, "done": false, "timesteps_total": null, "episodes_total": null, "training_iteration": 2, "neg_mean_loss": -2.245130624485016, "experiment_id": "c4e95dac630e47e48a162f8406971567", "date": "2019-06-02_20-17-46", "timestamp": 1559531866, "time_this_iter_s": 41.11181664466858, "time_total_s": 89.3920726776123, "pid": 18842, "hostname": "steropes", "node_ip": "169.229.49.254", "config": {"starting_lr": 0.005, "momentum": 0.95, "weight_decay": 0.001, "steps_per_iteration": null, "pin": false, "model_creator": null, "target_batch_size": 128, "model_string": "resnet50", "min_batch_size": 128, "dataset": "CIFAR", "placement": null, "use_nccl": true, "devices_per_worker": 1, "primary_resource": "extra_gpu", "gpu": false, "verbose": false, "lr_config": {"mode": "log", "steps": 5, "initial_lr": 0.005, "target_lr": 0.005}, "batch_per_device": 128}, "time_since_restore": 89.3920726776123, "timesteps_since_restore": 0, "iterations_since_restore": 2, "mean_throughput": 1342.3975656506598, "atoms": 1, "setup_time": 12.653115034103394}
{"apply": 0.018182134628295897, "batch_time": 0.03228077103820028, "d2h": 0.0007627487182617187, "data_time": 0.001829817471906657, "fwd": 0.029411506652832032, "get_state_time_mean": NaN, "get_state_time_total": 0.0, "grad": 0.05014371871948242, "mean_accuracy": 0.37629998723665875, "mean_loss": 2.190529288673401, "neg_mean_accuracy": -0.4204999804496765, "set_state_time_mean": NaN, "set_state_time_total": 0.0, "setup_model_time_mean": NaN, "setup_model_time_total": 0.0, "setup_proc_time_mean": NaN, "setup_proc_time_total": 0.0, "train_accuracy": 0.3601599931716919, "train_loss": 1.9398700799179076, "training_time_mean": NaN, "training_time_total": 0.0, "val_accuracy": 0.4204999804496765, "val_loss": 2.0813266170501707, "validation_time_mean": NaN, "validation_time_total": 0.0, "samples": 60000, "num_workers": 1, "done": false, "timesteps_total": null, "episodes_total": null, "training_iteration": 3, "neg_mean_loss": -2.190529288673401, "experiment_id": "c4e95dac630e47e48a162f8406971567", "date": "2019-06-02_20-18-27", "timestamp": 1559531907, "time_this_iter_s": 41.35833215713501, "time_total_s": 130.75040483474731, "pid": 18842, "hostname": "steropes", "node_ip": "169.229.49.254", "config": {"starting_lr": 0.005, "momentum": 0.95, "weight_decay": 0.001, "steps_per_iteration": null, "pin": false, "model_creator": null, "target_batch_size": 128, "model_string": "resnet50", "min_batch_size": 128, "dataset": "CIFAR", "placement": null, "use_nccl": true, "devices_per_worker": 1, "primary_resource": "extra_gpu", "gpu": false, "verbose": false, "lr_config": {"mode": "log", "steps": 5, "initial_lr": 0.005, "target_lr": 0.005}, "batch_per_device": 128}, "time_since_restore": 130.75040483474731, "timesteps_since_restore": 0, "iterations_since_restore": 3, "mean_throughput": 1376.665632236472, "atoms": 1, "setup_time": 12.653115034103394}
{"apply": 0.017687201499938965, "batch_time": 0.03404941438119623, "d2h": 0.0006755113601684571, "data_time": 0.00190093694135661, "fwd": 0.027538371086120606, "get_state_time_mean": NaN, "get_state_time_total": 0.0, "grad": 0.04787468910217285, "mean_accuracy": 0.39364998787641525, "mean_loss": 2.0765239876747135, "neg_mean_accuracy": -0.4456999897956848, "set_state_time_mean": NaN, "set_state_time_total": 0.0, "setup_model_time_mean": NaN, "setup_model_time_total": 0.0, "setup_proc_time_mean": NaN, "setup_proc_time_total": 0.0, "train_accuracy": 0.3974599838256836, "train_loss": 1.7771654388809204, "training_time_mean": NaN, "training_time_total": 0.0, "val_accuracy": 0.4456999897956848, "val_loss": 1.7345080846786498, "validation_time_mean": NaN, "validation_time_total": 0.0, "samples": 60000, "num_workers": 1, "done": false, "timesteps_total": null, "episodes_total": null, "training_iteration": 4, "neg_mean_loss": -2.0765239876747135, "experiment_id": "c4e95dac630e47e48a162f8406971567", "date": "2019-06-02_20-19-09", "timestamp": 1559531949, "time_this_iter_s": 41.62036323547363, "time_total_s": 172.37076807022095, "pid": 18842, "hostname": "steropes", "node_ip": "169.229.49.254", "config": {"starting_lr": 0.005, "momentum": 0.95, "weight_decay": 0.001, "steps_per_iteration": null, "pin": false, "model_creator": null, "target_batch_size": 128, "model_string": "resnet50", "min_batch_size": 128, "dataset": "CIFAR", "placement": null, "use_nccl": true, "devices_per_worker": 1, "primary_resource": "extra_gpu", "gpu": false, "verbose": false, "lr_config": {"mode": "log", "steps": 5, "initial_lr": 0.005, "target_lr": 0.005}, "batch_per_device": 128}, "time_since_restore": 172.37076807022095, "timesteps_since_restore": 0, "iterations_since_restore": 4, "mean_throughput": 1392.3444049882169, "atoms": 1, "setup_time": 12.653115034103394}
{"apply": 0.017776107788085936, "batch_time": 0.03207003013997138, "d2h": 0.0006863594055175782, "data_time": 0.0018149263718548942, "fwd": 0.02785634994506836, "get_state_time_mean": NaN, "get_state_time_total": 0.0, "grad": 0.04804916381835937, "mean_accuracy": 0.3981399893760681, "mean_loss": 2.0184527570343023, "neg_mean_accuracy": -0.41609999537467957, "set_state_time_mean": NaN, "set_state_time_total": 0.0, "setup_model_time_mean": NaN, "setup_model_time_total": 0.0, "setup_proc_time_mean": NaN, "setup_proc_time_total": 0.0, "train_accuracy": 0.39173999428749084, "train_loss": 1.7923963216400147, "training_time_mean": NaN, "training_time_total": 0.0, "val_accuracy": 0.41609999537467957, "val_loss": 1.7861678344726561, "validation_time_mean": NaN, "validation_time_total": 0.0, "samples": 60000, "num_workers": 1, "done": false, "timesteps_total": null, "episodes_total": null, "training_iteration": 5, "neg_mean_loss": -2.0184527570343023, "experiment_id": "c4e95dac630e47e48a162f8406971567", "date": "2019-06-02_20-19-50", "timestamp": 1559531990, "time_this_iter_s": 41.11329174041748, "time_total_s": 213.48405981063843, "pid": 18842, "hostname": "steropes", "node_ip": "169.229.49.254", "config": {"starting_lr": 0.005, "momentum": 0.95, "weight_decay": 0.001, "steps_per_iteration": null, "pin": false, "model_creator": null, "target_batch_size": 128, "model_string": "resnet50", "min_batch_size": 128, "dataset": "CIFAR", "placement": null, "use_nccl": true, "devices_per_worker": 1, "primary_resource": "extra_gpu", "gpu": false, "verbose": false, "lr_config": {"mode": "log", "steps": 5, "initial_lr": 0.005, "target_lr": 0.005}, "batch_per_device": 128}, "time_since_restore": 213.48405981063843, "timesteps_since_restore": 0, "iterations_since_restore": 5, "mean_throughput": 1405.2541377890254, "atoms": 1, "setup_time": 12.653115034103394}
{"apply": 0.019148707389831543, "batch_time": 0.031638999528522734, "d2h": 0.0006903648376464844, "data_time": 0.0018357846438122527, "fwd": 0.028160953521728517, "get_state_time_mean": NaN, "get_state_time_total": 0.0, "grad": 0.04833247661590576, "mean_accuracy": 0.42535998821258547, "mean_loss": 1.898021800956726, "neg_mean_accuracy": -0.4439999759197235, "set_state_time_mean": NaN, "set_state_time_total": 0.0, "setup_model_time_mean": NaN, "setup_model_time_total": 0.0, "setup_proc_time_mean": NaN, "setup_proc_time_total": 0.0, "train_accuracy": 0.3831999897956848, "train_loss": 1.749848680496216, "training_time_mean": NaN, "training_time_total": 0.0, "val_accuracy": 0.4439999759197235, "val_loss": 1.6876364892959594, "validation_time_mean": NaN, "validation_time_total": 0.0, "samples": 60000, "num_workers": 1, "done": false, "timesteps_total": null, "episodes_total": null, "training_iteration": 6, "neg_mean_loss": -1.898021800956726, "experiment_id": "c4e95dac630e47e48a162f8406971567", "date": "2019-06-02_20-20-31", "timestamp": 1559532031, "time_this_iter_s": 41.00212264060974, "time_total_s": 254.48618245124817, "pid": 18842, "hostname": "steropes", "node_ip": "169.229.49.254", "config": {"starting_lr": 0.005, "momentum": 0.95, "weight_decay": 0.001, "steps_per_iteration": null, "pin": false, "model_creator": null, "target_batch_size": 128, "model_string": "resnet50", "min_batch_size": 128, "dataset": "CIFAR", "placement": null, "use_nccl": true, "devices_per_worker": 1, "primary_resource": "extra_gpu", "gpu": false, "verbose": false, "lr_config": {"mode": "log", "steps": 5, "initial_lr": 0.005, "target_lr": 0.005}, "batch_per_device": 128}, "time_since_restore": 254.48618245124817, "timesteps_since_restore": 0, "iterations_since_restore": 6, "mean_throughput": 1454.8535909764214, "atoms": 1, "setup_time": 12.653115034103394}
{"apply": 0.01964397430419922, "batch_time": 0.03140049644663364, "d2h": 0.0006943941116333008, "data_time": 0.0018944661025805851, "fwd": 0.029263782501220702, "get_state_time_mean": NaN, "get_state_time_total": 0.0, "grad": 0.04825417995452881, "mean_accuracy": 0.42791998386383057, "mean_loss": 1.8153492828369138, "neg_mean_accuracy": -0.4132999777793884, "set_state_time_mean": NaN, "set_state_time_total": 0.0, "setup_model_time_mean": NaN, "setup_model_time_total": 0.0, "setup_proc_time_mean": NaN, "setup_proc_time_total": 0.0, "train_accuracy": 0.43031999468803406, "train_loss": 1.626383846473694, "training_time_mean": NaN, "training_time_total": 0.0, "val_accuracy": 0.4132999777793884, "val_loss": 1.7871073886871338, "validation_time_mean": NaN, "validation_time_total": 0.0, "samples": 60000, "num_workers": 1, "done": false, "timesteps_total": null, "episodes_total": null, "training_iteration": 7, "neg_mean_loss": -1.8153492828369138, "experiment_id": "c4e95dac630e47e48a162f8406971567", "date": "2019-06-02_20-21-12", "timestamp": 1559532072, "time_this_iter_s": 41.2193124294281, "time_total_s": 295.70549488067627, "pid": 18842, "hostname": "steropes", "node_ip": "169.229.49.254", "config": {"starting_lr": 0.005, "momentum": 0.95, "weight_decay": 0.001, "steps_per_iteration": null, "pin": false, "model_creator": null, "target_batch_size": 128, "model_string": "resnet50", "min_batch_size": 128, "dataset": "CIFAR", "placement": null, "use_nccl": true, "devices_per_worker": 1, "primary_resource": "extra_gpu", "gpu": false, "verbose": false, "lr_config": {"mode": "log", "steps": 5, "initial_lr": 0.005, "target_lr": 0.005}, "batch_per_device": 128}, "time_since_restore": 295.70549488067627, "timesteps_since_restore": 0, "iterations_since_restore": 7, "mean_throughput": 1454.0955964769528, "atoms": 1, "setup_time": 12.653115034103394}
{"apply": 0.01924605369567871, "batch_time": 0.03181595741947995, "d2h": 0.0007087469100952148, "data_time": 0.001815486746980711, "fwd": 0.02921910285949707, "get_state_time_mean": NaN, "get_state_time_total": 0.0, "grad": 0.04997322559356689, "mean_accuracy": 0.44051998257637026, "mean_loss": 1.749723498916626, "neg_mean_accuracy": -0.4834999740123749, "set_state_time_mean": NaN, "set_state_time_total": 0.0, "setup_model_time_mean": NaN, "setup_model_time_total": 0.0, "setup_proc_time_mean": NaN, "setup_proc_time_total": 0.0, "train_accuracy": 0.4446199834346771, "train_loss": 1.5749959002304077, "training_time_mean": NaN, "training_time_total": 0.0, "val_accuracy": 0.4834999740123749, "val_loss": 1.7531976974487304, "validation_time_mean": NaN, "validation_time_total": 0.0, "samples": 60000, "num_workers": 1, "done": false, "timesteps_total": null, "episodes_total": null, "training_iteration": 8, "neg_mean_loss": -1.749723498916626, "experiment_id": "c4e95dac630e47e48a162f8406971567", "date": "2019-06-02_20-21-53", "timestamp": 1559532113, "time_this_iter_s": 41.23846650123596, "time_total_s": 336.94396138191223, "pid": 18842, "hostname": "steropes", "node_ip": "169.229.49.254", "config": {"starting_lr": 0.005, "momentum": 0.95, "weight_decay": 0.001, "steps_per_iteration": null, "pin": false, "model_creator": null, "target_batch_size": 128, "model_string": "resnet50", "min_batch_size": 128, "dataset": "CIFAR", "placement": null, "use_nccl": true, "devices_per_worker": 1, "primary_resource": "extra_gpu", "gpu": false, "verbose": false, "lr_config": {"mode": "log", "steps": 5, "initial_lr": 0.005, "target_lr": 0.005}, "batch_per_device": 128}, "time_since_restore": 336.94396138191223, "timesteps_since_restore": 0, "iterations_since_restore": 8, "mean_throughput": 1454.9404811172046, "atoms": 1, "setup_time": 12.653115034103394}
{"apply": 0.019189953804016113, "batch_time": 0.031584546535829955, "d2h": 0.0006864070892333984, "data_time": 0.0018565666949962411, "fwd": 0.028779363632202147, "get_state_time_mean": NaN, "get_state_time_total": 0.0, "grad": 0.04740495681762695, "mean_accuracy": 0.44193997979164124, "mean_loss": 1.7407390320587157, "neg_mean_accuracy": -0.4527999758720398, "set_state_time_mean": NaN, "set_state_time_total": 0.0, "setup_model_time_mean": NaN, "setup_model_time_total": 0.0, "setup_proc_time_mean": NaN, "setup_proc_time_total": 0.0, "train_accuracy": 0.47044000029563904, "train_loss": 1.5198678428268433, "training_time_mean": NaN, "training_time_total": 0.0, "val_accuracy": 0.4527999758720398, "val_loss": 1.6895857503890992, "validation_time_mean": NaN, "validation_time_total": 0.0, "samples": 60000, "num_workers": 1, "done": false, "timesteps_total": null, "episodes_total": null, "training_iteration": 9, "neg_mean_loss": -1.7407390320587157, "experiment_id": "c4e95dac630e47e48a162f8406971567", "date": "2019-06-02_20-22-34", "timestamp": 1559532154, "time_this_iter_s": 41.1727728843689, "time_total_s": 378.1167342662811, "pid": 18842, "hostname": "steropes", "node_ip": "169.229.49.254", "config": {"starting_lr": 0.005, "momentum": 0.95, "weight_decay": 0.001, "steps_per_iteration": null, "pin": false, "model_creator": null, "target_batch_size": 128, "model_string": "resnet50", "min_batch_size": 128, "dataset": "CIFAR", "placement": null, "use_nccl": true, "devices_per_worker": 1, "primary_resource": "extra_gpu", "gpu": false, "verbose": false, "lr_config": {"mode": "log", "steps": 5, "initial_lr": 0.005, "target_lr": 0.005}, "batch_per_device": 128}, "time_since_restore": 378.1167342662811, "timesteps_since_restore": 0, "iterations_since_restore": 9, "mean_throughput": 1458.1055894100898, "atoms": 1, "setup_time": 12.653115034103394}
{"apply": 0.019789242744445802, "batch_time": 0.03257705591901948, "d2h": 0.0007532119750976562, "data_time": 0.001822778331044385, "fwd": 0.030070996284484862, "get_state_time_mean": NaN, "get_state_time_total": 0.0, "grad": 0.04889416694641113, "mean_accuracy": 0.4634999752044678, "mean_loss": 1.6717147118377689, "neg_mean_accuracy": -0.5238999724388123, "set_state_time_mean": NaN, "set_state_time_total": 0.0, "setup_model_time_mean": NaN, "setup_model_time_total": 0.0, "setup_proc_time_mean": NaN, "setup_proc_time_total": 0.0, "train_accuracy": 0.4887799918651581, "train_loss": 1.4386823067092895, "training_time_mean": NaN, "training_time_total": 0.0, "val_accuracy": 0.5238999724388123, "val_loss": 1.44104623336792, "validation_time_mean": NaN, "validation_time_total": 0.0, "samples": 60000, "num_workers": 1, "done": false, "timesteps_total": null, "episodes_total": null, "training_iteration": 10, "neg_mean_loss": -1.6717147118377689, "experiment_id": "c4e95dac630e47e48a162f8406971567", "date": "2019-06-02_20-23-15", "timestamp": 1559532195, "time_this_iter_s": 41.03566527366638, "time_total_s": 419.1523995399475, "pid": 18842, "hostname": "steropes", "node_ip": "169.229.49.254", "config": {"starting_lr": 0.005, "momentum": 0.95, "weight_decay": 0.001, "steps_per_iteration": null, "pin": false, "model_creator": null, "target_batch_size": 128, "model_string": "resnet50", "min_batch_size": 128, "dataset": "CIFAR", "placement": null, "use_nccl": true, "devices_per_worker": 1, "primary_resource": "extra_gpu", "gpu": false, "verbose": false, "lr_config": {"mode": "log", "steps": 5, "initial_lr": 0.005, "target_lr": 0.005}, "batch_per_device": 128}, "time_since_restore": 419.1523995399475, "timesteps_since_restore": 0, "iterations_since_restore": 10, "mean_throughput": 1458.6557915850424, "atoms": 1, "setup_time": 12.653115034103394}
{"apply": 0.02164306640625, "batch_time": 0.032107329066795635, "d2h": 0.0007438898086547851, "data_time": 0.0017795892017881583, "fwd": 0.030762147903442384, "get_state_time_mean": NaN, "get_state_time_total": 0.0, "grad": 0.0486086368560791, "mean_accuracy": 0.4788799822330475, "mean_loss": 1.7430058627700806, "neg_mean_accuracy": -0.5209000110626221, "set_state_time_mean": NaN, "set_state_time_total": 0.0, "setup_model_time_mean": NaN, "setup_model_time_total": 0.0, "setup_proc_time_mean": NaN, "setup_proc_time_total": 0.0, "train_accuracy": 0.517520010471344, "train_loss": 1.3708071532821655, "training_time_mean": NaN, "training_time_total": 0.0, "val_accuracy": 0.5209000110626221, "val_loss": 2.0440922439575195, "validation_time_mean": NaN, "validation_time_total": 0.0, "samples": 60000, "num_workers": 1, "done": false, "timesteps_total": null, "episodes_total": null, "training_iteration": 11, "neg_mean_loss": -1.7430058627700806, "experiment_id": "c4e95dac630e47e48a162f8406971567", "date": "2019-06-02_20-23-56", "timestamp": 1559532236, "time_this_iter_s": 40.97985553741455, "time_total_s": 460.13225507736206, "pid": 18842, "hostname": "steropes", "node_ip": "169.229.49.254", "config": {"starting_lr": 0.005, "momentum": 0.95, "weight_decay": 0.001, "steps_per_iteration": null, "pin": false, "model_creator": null, "target_batch_size": 128, "model_string": "resnet50", "min_batch_size": 128, "dataset": "CIFAR", "placement": null, "use_nccl": true, "devices_per_worker": 1, "primary_resource": "extra_gpu", "gpu": false, "verbose": false, "lr_config": {"mode": "log", "steps": 5, "initial_lr": 0.005, "target_lr": 0.005}, "batch_per_device": 128}, "time_since_restore": 460.13225507736206, "timesteps_since_restore": 0, "iterations_since_restore": 11, "mean_throughput": 1458.8137394401617, "atoms": 1, "setup_time": 12.653115034103394}
{"apply": 0.017797112464904785, "batch_time": 0.03197318089159229, "d2h": 0.0007192373275756836, "data_time": 0.0017653828691643523, "fwd": 0.02757916450500488, "get_state_time_mean": NaN, "get_state_time_total": 0.0, "grad": 0.04901440143585205, "mean_accuracy": 0.5121399819850921, "mean_loss": 1.665770291671753, "neg_mean_accuracy": -0.5795999765396118, "set_state_time_mean": NaN, "set_state_time_total": 0.0, "setup_model_time_mean": NaN, "setup_model_time_total": 0.0, "setup_proc_time_mean": NaN, "setup_proc_time_total": 0.0, "train_accuracy": 0.5382199883460999, "train_loss": 1.3174375589370728, "training_time_mean": NaN, "training_time_total": 0.0, "val_accuracy": 0.5795999765396118, "val_loss": 1.4009295331954956, "validation_time_mean": NaN, "validation_time_total": 0.0, "samples": 60000, "num_workers": 1, "done": false, "timesteps_total": null, "episodes_total": null, "training_iteration": 12, "neg_mean_loss": -1.665770291671753, "experiment_id": "c4e95dac630e47e48a162f8406971567", "date": "2019-06-02_20-24-37", "timestamp": 1559532277, "time_this_iter_s": 40.804930686950684, "time_total_s": 500.93718576431274, "pid": 18842, "hostname": "steropes", "node_ip": "169.229.49.254", "config": {"starting_lr": 0.005, "momentum": 0.95, "weight_decay": 0.001, "steps_per_iteration": null, "pin": false, "model_creator": null, "target_batch_size": 128, "model_string": "resnet50", "min_batch_size": 128, "dataset": "CIFAR", "placement": null, "use_nccl": true, "devices_per_worker": 1, "primary_resource": "extra_gpu", "gpu": false, "verbose": false, "lr_config": {"mode": "log", "steps": 5, "initial_lr": 0.005, "target_lr": 0.005}, "batch_per_device": 128}, "time_since_restore": 500.93718576431274, "timesteps_since_restore": 0, "iterations_since_restore": 12, "mean_throughput": 1461.7592327905277, "atoms": 1, "setup_time": 12.653115034103394}
{"apply": 0.02054417133331299, "batch_time": 0.03388969807685176, "d2h": 0.0007191181182861328, "data_time": 0.0017523180188425361, "fwd": 0.030136585235595703, "get_state_time_mean": NaN, "get_state_time_total": 0.0, "grad": 0.04988052845001221, "mean_accuracy": 0.5288999795913696, "mean_loss": 1.5592423817825316, "neg_mean_accuracy": -0.5672999620437622, "set_state_time_mean": NaN, "set_state_time_total": 0.0, "setup_model_time_mean": NaN, "setup_model_time_total": 0.0, "setup_proc_time_mean": NaN, "setup_proc_time_total": 0.0, "train_accuracy": 0.543720006942749, "train_loss": 1.3008435575485229, "training_time_mean": NaN, "training_time_total": 0.0, "val_accuracy": 0.5672999620437622, "val_loss": 1.2205581480026244, "validation_time_mean": NaN, "validation_time_total": 0.0, "samples": 60000, "num_workers": 1, "done": false, "timesteps_total": null, "episodes_total": null, "training_iteration": 13, "neg_mean_loss": -1.5592423817825316, "experiment_id": "c4e95dac630e47e48a162f8406971567", "date": "2019-06-02_20-25-19", "timestamp": 1559532319, "time_this_iter_s": 41.31573677062988, "time_total_s": 542.2529225349426, "pid": 18842, "hostname": "steropes", "node_ip": "169.229.49.254", "config": {"starting_lr": 0.005, "momentum": 0.95, "weight_decay": 0.001, "steps_per_iteration": null, "pin": false, "model_creator": null, "target_batch_size": 128, "model_string": "resnet50", "min_batch_size": 128, "dataset": "CIFAR", "placement": null, "use_nccl": true, "devices_per_worker": 1, "primary_resource": "extra_gpu", "gpu": false, "verbose": false, "lr_config": {"mode": "log", "steps": 5, "initial_lr": 0.005, "target_lr": 0.005}, "batch_per_device": 128}, "time_since_restore": 542.2529225349426, "timesteps_since_restore": 0, "iterations_since_restore": 13, "mean_throughput": 1461.208889852212, "atoms": 1, "setup_time": 12.653115034103394}
{"apply": 0.01943345069885254, "batch_time": 0.03184050246130062, "d2h": 0.000705885887145996, "data_time": 0.0017350634650501143, "fwd": 0.028857159614562988, "get_state_time_mean": NaN, "get_state_time_total": 0.0, "grad": 0.04922008514404297, "mean_accuracy": 0.5554999828338623, "mean_loss": 1.4721419419097899, "neg_mean_accuracy": -0.5857999920845032, "set_state_time_mean": NaN, "set_state_time_total": 0.0, "setup_model_time_mean": NaN, "setup_model_time_total": 0.0, "setup_proc_time_mean": NaN, "setup_proc_time_total": 0.0, "train_accuracy": 0.5601400136947632, "train_loss": 1.2428356199836732, "training_time_mean": NaN, "training_time_total": 0.0, "val_accuracy": 0.5857999920845032, "val_loss": 1.2540835510253907, "validation_time_mean": NaN, "validation_time_total": 0.0, "samples": 60000, "num_workers": 1, "done": false, "timesteps_total": null, "episodes_total": null, "training_iteration": 14, "neg_mean_loss": -1.4721419419097899, "experiment_id": "c4e95dac630e47e48a162f8406971567", "date": "2019-06-02_20-25-59", "timestamp": 1559532359, "time_this_iter_s": 40.81167387962341, "time_total_s": 583.064596414566, "pid": 18842, "hostname": "steropes", "node_ip": "169.229.49.254", "config": {"starting_lr": 0.005, "momentum": 0.95, "weight_decay": 0.001, "steps_per_iteration": null, "pin": false, "model_creator": null, "target_batch_size": 128, "model_string": "resnet50", "min_batch_size": 128, "dataset": "CIFAR", "placement": null, "use_nccl": true, "devices_per_worker": 1, "primary_resource": "extra_gpu", "gpu": false, "verbose": false, "lr_config": {"mode": "log", "steps": 5, "initial_lr": 0.005, "target_lr": 0.005}, "batch_per_device": 128}, "time_since_restore": 583.064596414566, "timesteps_since_restore": 0, "iterations_since_restore": 14, "mean_throughput": 1463.7834058550038, "atoms": 1, "setup_time": 12.653115034103394}
{"apply": 0.019539999961853027, "batch_time": 0.03159515465362162, "d2h": 0.0007134914398193359, "data_time": 0.0017477917244367283, "fwd": 0.028138065338134767, "get_state_time_mean": NaN, "get_state_time_total": 0.0, "grad": 0.048720932006835936, "mean_accuracy": 0.5717599868774415, "mean_loss": 1.4177856482315065, "neg_mean_accuracy": -0.6051999926567078, "set_state_time_mean": NaN, "set_state_time_total": 0.0, "setup_model_time_mean": NaN, "setup_model_time_total": 0.0, "setup_proc_time_mean": NaN, "setup_proc_time_total": 0.0, "train_accuracy": 0.5796999931335449, "train_loss": 1.1843621717834472, "training_time_mean": NaN, "training_time_total": 0.0, "val_accuracy": 0.6051999926567078, "val_loss": 1.1692647649765016, "validation_time_mean": NaN, "validation_time_total": 0.0, "samples": 60000, "num_workers": 1, "done": false, "timesteps_total": null, "episodes_total": null, "training_iteration": 15, "neg_mean_loss": -1.4177856482315065, "experiment_id": "c4e95dac630e47e48a162f8406971567", "date": "2019-06-02_20-26-40", "timestamp": 1559532400, "time_this_iter_s": 40.78261470794678, "time_total_s": 623.8472111225128, "pid": 18842, "hostname": "steropes", "node_ip": "169.229.49.254", "config": {"starting_lr": 0.005, "momentum": 0.95, "weight_decay": 0.001, "steps_per_iteration": null, "pin": false, "model_creator": null, "target_batch_size": 128, "model_string": "resnet50", "min_batch_size": 128, "dataset": "CIFAR", "placement": null, "use_nccl": true, "devices_per_worker": 1, "primary_resource": "extra_gpu", "gpu": false, "verbose": false, "lr_config": {"mode": "log", "steps": 5, "initial_lr": 0.005, "target_lr": 0.005}, "batch_per_device": 128}, "time_since_restore": 623.8472111225128, "timesteps_since_restore": 0, "iterations_since_restore": 15, "mean_throughput": 1465.5931279748004, "atoms": 1, "setup_time": 12.653115034103394}
{"apply": 0.018914508819580077, "batch_time": 0.035148723215996464, "d2h": 0.0007151126861572266, "data_time": 0.0016975951621599514, "fwd": 0.028542852401733397, "get_state_time_mean": NaN, "get_state_time_total": 0.0, "grad": 0.04715723991394043, "mean_accuracy": 0.5924999833106994, "mean_loss": 1.3266040256118774, "neg_mean_accuracy": -0.6245999932289124, "set_state_time_mean": NaN, "set_state_time_total": 0.0, "setup_model_time_mean": NaN, "setup_model_time_total": 0.0, "setup_proc_time_mean": NaN, "setup_proc_time_total": 0.0, "train_accuracy": 0.6059600114822388, "train_loss": 1.1199238146209716, "training_time_mean": NaN, "training_time_total": 0.0, "val_accuracy": 0.6245999932289124, "val_loss": 1.588184130859375, "validation_time_mean": NaN, "validation_time_total": 0.0, "samples": 60000, "num_workers": 1, "done": false, "timesteps_total": null, "episodes_total": null, "training_iteration": 16, "neg_mean_loss": -1.3266040256118774, "experiment_id": "c4e95dac630e47e48a162f8406971567", "date": "2019-06-02_20-27-21", "timestamp": 1559532441, "time_this_iter_s": 40.74321222305298, "time_total_s": 664.5904233455658, "pid": 18842, "hostname": "steropes", "node_ip": "169.229.49.254", "config": {"starting_lr": 0.005, "momentum": 0.95, "weight_decay": 0.001, "steps_per_iteration": null, "pin": false, "model_creator": null, "target_batch_size": 128, "model_string": "resnet50", "min_batch_size": 128, "dataset": "CIFAR", "placement": null, "use_nccl": true, "devices_per_worker": 1, "primary_resource": "extra_gpu", "gpu": false, "verbose": false, "lr_config": {"mode": "log", "steps": 5, "initial_lr": 0.005, "target_lr": 0.005}, "batch_per_device": 128}, "time_since_restore": 664.5904233455658, "timesteps_since_restore": 0, "iterations_since_restore": 16, "mean_throughput": 1467.2894261402932, "atoms": 1, "setup_time": 12.653115034103394}
{"apply": 0.017646646499633788, "batch_time": 0.03153023236914526, "d2h": 0.000701284408569336, "data_time": 0.0017064556746226747, "fwd": 0.027368879318237303, "get_state_time_mean": NaN, "get_state_time_total": 0.0, "grad": 0.04998548030853271, "mean_accuracy": 0.6037399888038635, "mean_loss": 1.3503924489212036, "neg_mean_accuracy": -0.6358000040054321, "set_state_time_mean": NaN, "set_state_time_total": 0.0, "setup_model_time_mean": NaN, "setup_model_time_total": 0.0, "setup_proc_time_mean": NaN, "setup_proc_time_total": 0.0, "train_accuracy": 0.6181600093841553, "train_loss": 1.0772885395812988, "training_time_mean": NaN, "training_time_total": 0.0, "val_accuracy": 0.6358000040054321, "val_loss": 1.5198716497421265, "validation_time_mean": NaN, "validation_time_total": 0.0, "samples": 60000, "num_workers": 1, "done": false, "timesteps_total": null, "episodes_total": null, "training_iteration": 17, "neg_mean_loss": -1.3503924489212036, "experiment_id": "c4e95dac630e47e48a162f8406971567", "date": "2019-06-02_20-28-02", "timestamp": 1559532482, "time_this_iter_s": 40.713388442993164, "time_total_s": 705.303811788559, "pid": 18842, "hostname": "steropes", "node_ip": "169.229.49.254", "config": {"starting_lr": 0.005, "momentum": 0.95, "weight_decay": 0.001, "steps_per_iteration": null, "pin": false, "model_creator": null, "target_batch_size": 128, "model_string": "resnet50", "min_batch_size": 128, "dataset": "CIFAR", "placement": null, "use_nccl": true, "devices_per_worker": 1, "primary_resource": "extra_gpu", "gpu": false, "verbose": false, "lr_config": {"mode": "log", "steps": 5, "initial_lr": 0.005, "target_lr": 0.005}, "batch_per_device": 128}, "time_since_restore": 705.303811788559, "timesteps_since_restore": 0, "iterations_since_restore": 17, "mean_throughput": 1467.9466286384907, "atoms": 1, "setup_time": 12.653115034103394}
{"apply": 0.01774914264678955, "batch_time": 0.03164859964877744, "d2h": 0.0007054567337036133, "data_time": 0.001708674004010837, "fwd": 0.027636170387268066, "get_state_time_mean": NaN, "get_state_time_total": 0.0, "grad": 0.04690427780151367, "mean_accuracy": 0.620139992237091, "mean_loss": 1.4193320921325685, "neg_mean_accuracy": -0.6492999792098999, "set_state_time_mean": NaN, "set_state_time_total": 0.0, "setup_model_time_mean": NaN, "setup_model_time_total": 0.0, "setup_proc_time_mean": NaN, "setup_proc_time_total": 0.0, "train_accuracy": 0.6366999745368958, "train_loss": 1.0390630411338806, "training_time_mean": NaN, "training_time_total": 0.0, "val_accuracy": 0.6492999792098999, "val_loss": 1.5652563640594483, "validation_time_mean": NaN, "validation_time_total": 0.0, "samples": 60000, "num_workers": 1, "done": false, "timesteps_total": null, "episodes_total": null, "training_iteration": 18, "neg_mean_loss": -1.4193320921325685, "experiment_id": "c4e95dac630e47e48a162f8406971567", "date": "2019-06-02_20-28-42", "timestamp": 1559532522, "time_this_iter_s": 40.58577513694763, "time_total_s": 745.8895869255066, "pid": 18842, "hostname": "steropes", "node_ip": "169.229.49.254", "config": {"starting_lr": 0.005, "momentum": 0.95, "weight_decay": 0.001, "steps_per_iteration": null, "pin": false, "model_creator": null, "target_batch_size": 128, "model_string": "resnet50", "min_batch_size": 128, "dataset": "CIFAR", "placement": null, "use_nccl": true, "devices_per_worker": 1, "primary_resource": "extra_gpu", "gpu": false, "verbose": false, "lr_config": {"mode": "log", "steps": 5, "initial_lr": 0.005, "target_lr": 0.005}, "batch_per_device": 128}, "time_since_restore": 745.8895869255066, "timesteps_since_restore": 0, "iterations_since_restore": 18, "mean_throughput": 1473.2092690910456, "atoms": 1, "setup_time": 12.653115034103394}
{"apply": 0.018115782737731935, "batch_time": 0.03159425228456907, "d2h": 0.0006952762603759765, "data_time": 0.0017057190770688264, "fwd": 0.02829105854034424, "get_state_time_mean": NaN, "get_state_time_total": 0.0, "grad": 0.04844965934753418, "mean_accuracy": 0.6339399933815002, "mean_loss": 1.818199596824646, "neg_mean_accuracy": -0.6547999978065491, "set_state_time_mean": NaN, "set_state_time_total": 0.0, "setup_model_time_mean": NaN, "setup_model_time_total": 0.0, "setup_proc_time_mean": NaN, "setup_proc_time_total": 0.0, "train_accuracy": 0.6449399590492249, "train_loss": 1.0150156962966919, "training_time_mean": NaN, "training_time_total": 0.0, "val_accuracy": 0.6547999978065491, "val_loss": 3.248421074485779, "validation_time_mean": NaN, "validation_time_total": 0.0, "samples": 60000, "num_workers": 1, "done": false, "timesteps_total": null, "episodes_total": null, "training_iteration": 19, "neg_mean_loss": -1.818199596824646, "experiment_id": "c4e95dac630e47e48a162f8406971567", "date": "2019-06-02_20-29-24", "timestamp": 1559532564, "time_this_iter_s": 41.80600833892822, "time_total_s": 787.6955952644348, "pid": 18842, "hostname": "steropes", "node_ip": "169.229.49.254", "config": {"starting_lr": 0.005, "momentum": 0.95, "weight_decay": 0.001, "steps_per_iteration": null, "pin": false, "model_creator": null, "target_batch_size": 128, "model_string": "resnet50", "min_batch_size": 128, "dataset": "CIFAR", "placement": null, "use_nccl": true, "devices_per_worker": 1, "primary_resource": "extra_gpu", "gpu": false, "verbose": false, "lr_config": {"mode": "log", "steps": 5, "initial_lr": 0.005, "target_lr": 0.005}, "batch_per_device": 128}, "time_since_restore": 787.6955952644348, "timesteps_since_restore": 0, "iterations_since_restore": 19, "mean_throughput": 1466.0507801318197, "atoms": 1, "setup_time": 12.653115034103394}
{"apply": 0.02232680320739746, "batch_time": 0.03184199031395248, "d2h": 0.0006978750228881836, "data_time": 0.0017094880418704293, "fwd": 0.03075399398803711, "get_state_time_mean": NaN, "get_state_time_total": 0.0, "grad": 0.05077698230743408, "mean_accuracy": 0.6462999939918518, "mean_loss": 1.8128356865119932, "neg_mean_accuracy": -0.6669999957084656, "set_state_time_mean": NaN, "set_state_time_total": 0.0, "setup_model_time_mean": NaN, "setup_model_time_total": 0.0, "setup_proc_time_mean": NaN, "setup_proc_time_total": 0.0, "train_accuracy": 0.6633599996566772, "train_loss": 0.9653336493301392, "training_time_mean": NaN, "training_time_total": 0.0, "val_accuracy": 0.6669999957084656, "val_loss": 1.1424452134132386, "validation_time_mean": NaN, "validation_time_total": 0.0, "samples": 60000, "num_workers": 1, "done": false, "timesteps_total": null, "episodes_total": null, "training_iteration": 20, "neg_mean_loss": -1.8128356865119932, "experiment_id": "c4e95dac630e47e48a162f8406971567", "date": "2019-06-02_20-30-05", "timestamp": 1559532605, "time_this_iter_s": 41.14446830749512, "time_total_s": 828.8400635719299, "pid": 18842, "hostname": "steropes", "node_ip": "169.229.49.254", "config": {"starting_lr": 0.005, "momentum": 0.95, "weight_decay": 0.001, "steps_per_iteration": null, "pin": false, "model_creator": null, "target_batch_size": 128, "model_string": "resnet50", "min_batch_size": 128, "dataset": "CIFAR", "placement": null, "use_nccl": true, "devices_per_worker": 1, "primary_resource": "extra_gpu", "gpu": false, "verbose": false, "lr_config": {"mode": "log", "steps": 5, "initial_lr": 0.005, "target_lr": 0.005}, "batch_per_device": 128}, "time_since_restore": 828.8400635719299, "timesteps_since_restore": 0, "iterations_since_restore": 20, "mean_throughput": 1463.4629003954276, "atoms": 1, "setup_time": 12.653115034103394}
{"apply": 0.022458314895629883, "batch_time": 0.031427899493446834, "d2h": 0.0006961345672607422, "data_time": 0.0016961561139587247, "fwd": 0.030660343170166016, "get_state_time_mean": NaN, "get_state_time_total": 0.0, "grad": 0.04794080257415771, "mean_accuracy": 0.6576799869537353, "mean_loss": 1.7132505558204651, "neg_mean_accuracy": -0.6814999580383301, "set_state_time_mean": NaN, "set_state_time_total": 0.0, "setup_model_time_mean": NaN, "setup_model_time_total": 0.0, "setup_proc_time_mean": NaN, "setup_proc_time_total": 0.0, "train_accuracy": 0.6678599715232849, "train_loss": 0.9458461660575866, "training_time_mean": NaN, "training_time_total": 0.0, "val_accuracy": 0.6814999580383301, "val_loss": 1.0902584774017334, "validation_time_mean": NaN, "validation_time_total": 0.0, "samples": 60000, "num_workers": 1, "done": false, "timesteps_total": null, "episodes_total": null, "training_iteration": 21, "neg_mean_loss": -1.7132505558204651, "experiment_id": "c4e95dac630e47e48a162f8406971567", "date": "2019-06-02_20-30-45", "timestamp": 1559532645, "time_this_iter_s": 40.29016709327698, "time_total_s": 869.1302306652069, "pid": 18842, "hostname": "steropes", "node_ip": "169.229.49.254", "config": {"starting_lr": 0.005, "momentum": 0.95, "weight_decay": 0.001, "steps_per_iteration": null, "pin": false, "model_creator": null, "target_batch_size": 128, "model_string": "resnet50", "min_batch_size": 128, "dataset": "CIFAR", "placement": null, "use_nccl": true, "devices_per_worker": 1, "primary_resource": "extra_gpu", "gpu": false, "verbose": false, "lr_config": {"mode": "log", "steps": 5, "initial_lr": 0.005, "target_lr": 0.005}, "batch_per_device": 128}, "time_since_restore": 869.1302306652069, "timesteps_since_restore": 0, "iterations_since_restore": 21, "mean_throughput": 1466.7043754806432, "atoms": 1, "setup_time": 12.653115034103394}
{"apply": 0.01775331497192383, "batch_time": 0.03158243094818502, "d2h": 0.0006903648376464844, "data_time": 0.0016890736796971782, "fwd": 0.027194881439208986, "get_state_time_mean": NaN, "get_state_time_total": 0.0, "grad": 0.04667885303497314, "mean_accuracy": 0.6673399806022644, "mean_loss": 1.6662665295791625, "neg_mean_accuracy": -0.6840999722480774, "set_state_time_mean": NaN, "set_state_time_total": 0.0, "setup_model_time_mean": NaN, "setup_model_time_total": 0.0, "setup_proc_time_mean": NaN, "setup_proc_time_total": 0.0, "train_accuracy": 0.6868199706077576, "train_loss": 0.8957302202224732, "training_time_mean": NaN, "training_time_total": 0.0, "val_accuracy": 0.6840999722480774, "val_loss": 1.284951518535614, "validation_time_mean": NaN, "validation_time_total": 0.0, "samples": 60000, "num_workers": 1, "done": false, "timesteps_total": null, "episodes_total": null, "training_iteration": 22, "neg_mean_loss": -1.6662665295791625, "experiment_id": "c4e95dac630e47e48a162f8406971567", "date": "2019-06-02_20-31-26", "timestamp": 1559532686, "time_this_iter_s": 40.30627083778381, "time_total_s": 909.4365015029907, "pid": 18842, "hostname": "steropes", "node_ip": "169.229.49.254", "config": {"starting_lr": 0.005, "momentum": 0.95, "weight_decay": 0.001, "steps_per_iteration": null, "pin": false, "model_creator": null, "target_batch_size": 128, "model_string": "resnet50", "min_batch_size": 128, "dataset": "CIFAR", "placement": null, "use_nccl": true, "devices_per_worker": 1, "primary_resource": "extra_gpu", "gpu": false, "verbose": false, "lr_config": {"mode": "log", "steps": 5, "initial_lr": 0.005, "target_lr": 0.005}, "batch_per_device": 128}, "time_since_restore": 909.4365015029907, "timesteps_since_restore": 0, "iterations_since_restore": 22, "mean_throughput": 1469.6295421453526, "atoms": 1, "setup_time": 12.653115034103394}
{"apply": 0.01779961585998535, "batch_time": 0.03174293795718423, "d2h": 0.0006834030151367188, "data_time": 0.0016633982548628318, "fwd": 0.027364301681518554, "get_state_time_mean": NaN, "get_state_time_total": 0.0, "grad": 0.050188422203063965, "mean_accuracy": 0.677679979801178, "mean_loss": 1.530277518196106, "neg_mean_accuracy": -0.7009999752044678, "set_state_time_mean": NaN, "set_state_time_total": 0.0, "setup_model_time_mean": NaN, "setup_model_time_total": 0.0, "setup_proc_time_mean": NaN, "setup_proc_time_total": 0.0, "train_accuracy": 0.6999799609184265, "train_loss": 0.8618044967269898, "training_time_mean": NaN, "training_time_total": 0.0, "val_accuracy": 0.7009999752044678, "val_loss": 0.8853113071441651, "validation_time_mean": NaN, "validation_time_total": 0.0, "samples": 60000, "num_workers": 1, "done": false, "timesteps_total": null, "episodes_total": null, "training_iteration": 23, "neg_mean_loss": -1.530277518196106, "experiment_id": "c4e95dac630e47e48a162f8406971567", "date": "2019-06-02_20-32-06", "timestamp": 1559532726, "time_this_iter_s": 40.315834283828735, "time_total_s": 949.7523357868195, "pid": 18842, "hostname": "steropes", "node_ip": "169.229.49.254", "config": {"starting_lr": 0.005, "momentum": 0.95, "weight_decay": 0.001, "steps_per_iteration": null, "pin": false, "model_creator": null, "target_batch_size": 128, "model_string": "resnet50", "min_batch_size": 128, "dataset": "CIFAR", "placement": null, "use_nccl": true, "devices_per_worker": 1, "primary_resource": "extra_gpu", "gpu": false, "verbose": false, "lr_config": {"mode": "log", "steps": 5, "initial_lr": 0.005, "target_lr": 0.005}, "batch_per_device": 128}, "time_since_restore": 949.7523357868195, "timesteps_since_restore": 0, "iterations_since_restore": 23, "mean_throughput": 1471.5755023224133, "atoms": 1, "setup_time": 12.653115034103394}
{"apply": 0.017702746391296386, "batch_time": 0.03144936923739276, "d2h": 0.0006930351257324219, "data_time": 0.0016711989936926176, "fwd": 0.02731938362121582, "get_state_time_mean": NaN, "get_state_time_total": 0.0, "grad": 0.04861283302307129, "mean_accuracy": 0.6889599800109864, "mean_loss": 1.1688668929290773, "neg_mean_accuracy": -0.7111999988555908, "set_state_time_mean": NaN, "set_state_time_total": 0.0, "setup_model_time_mean": NaN, "setup_model_time_total": 0.0, "setup_proc_time_mean": NaN, "setup_proc_time_total": 0.0, "train_accuracy": 0.7122799754142761, "train_loss": 0.8215446438407898, "training_time_mean": NaN, "training_time_total": 0.0, "val_accuracy": 0.7111999988555908, "val_loss": 1.4413679481506347, "validation_time_mean": NaN, "validation_time_total": 0.0, "samples": 60000, "num_workers": 1, "done": false, "timesteps_total": null, "episodes_total": null, "training_iteration": 24, "neg_mean_loss": -1.1688668929290773, "experiment_id": "c4e95dac630e47e48a162f8406971567", "date": "2019-06-02_20-32-46", "timestamp": 1559532766, "time_this_iter_s": 40.12274408340454, "time_total_s": 989.875079870224, "pid": 18842, "hostname": "steropes", "node_ip": "169.229.49.254", "config": {"starting_lr": 0.005, "momentum": 0.95, "weight_decay": 0.001, "steps_per_iteration": null, "pin": false, "model_creator": null, "target_batch_size": 128, "model_string": "resnet50", "min_batch_size": 128, "dataset": "CIFAR", "placement": null, "use_nccl": true, "devices_per_worker": 1, "primary_resource": "extra_gpu", "gpu": false, "verbose": false, "lr_config": {"mode": "log", "steps": 5, "initial_lr": 0.005, "target_lr": 0.005}, "batch_per_device": 128}, "time_since_restore": 989.875079870224, "timesteps_since_restore": 0, "iterations_since_restore": 24, "mean_throughput": 1483.8271923025861, "atoms": 1, "setup_time": 12.653115034103394}
