apply,batch_time,d2h,data_time,fwd,get_state_time_mean,get_state_time_total,grad,mean_accuracy,mean_loss,neg_mean_accuracy,set_state_time_mean,set_state_time_total,setup_model_time_mean,setup_model_time_total,setup_proc_time_mean,setup_proc_time_total,train_accuracy,train_loss,training_time_mean,training_time_total,validation_time_mean,validation_time_total,samples,num_workers,done,timesteps_total,episodes_total,training_iteration,neg_mean_loss,experiment_id,date,timestamp,time_this_iter_s,time_total_s,pid,hostname,node_ip,config,time_since_restore,timesteps_since_restore,iterations_since_restore,mean_throughput,atoms
0.007417607307434082,0.19911584854125977,0.004871058464050293,0.033340118369277645,0.07938435077667236,nan,0.0,0.1623140335083008,0.38929998874664307,1.6401583906173707,-0.38929998874664307,nan,0.0,9.680858373641968,9.680858373641968,0.19749855995178223,0.19749855995178223,0.2645399868488312,2.5203539209747317,nan,0.0,nan,0.0,60000,1,False,,,1,-1.6401583906173707,dc8de7cec0ad42e5bef0683308c29ab0,2019-05-30_14-48-55,1559252935,11.413681983947754,11.413681983947754,6405,steropes,169.229.49.254,"{'starting_lr': 0.005, 'momentum': 0.9, 'weight_decay': 0.005, 'steps_per_iteration': None, 'pin': False, 'model_creator': None, 'target_batch_size': 1024, 'model_string': 'resnet18', 'min_batch_size': 512, 'dataset': 'CIFAR', 'placement': None, 'use_nccl': True, 'devices_per_worker': 1, 'primary_resource': 'extra_gpu', 'gpu': False, 'verbose': False, 'lr_config': {'mode': 'log', 'steps': 5, 'initial_lr': 0.005, 'target_lr': 0.005}, 'batch_per_device': 1024}",11.413681983947754,0,1,5256.78946492419,1
0.006672787666320801,0.12222132682800294,0.004513287544250488,0.043263605662754605,0.022467827796936034,nan,0.0,0.04561021327972412,0.4594999849796295,1.4752139446258545,-0.4594999849796295,nan,0.0,nan,0.0,nan,0.0,0.4065600037574768,1.6044280659484864,nan,0.0,nan,0.0,60000,1,False,,,2,-1.4752139446258545,dc8de7cec0ad42e5bef0683308c29ab0,2019-05-30_14-49-02,1559252942,7.757911682128906,19.17159366607666,6405,steropes,169.229.49.254,"{'starting_lr': 0.005, 'momentum': 0.9, 'weight_decay': 0.005, 'steps_per_iteration': None, 'pin': False, 'model_creator': None, 'target_batch_size': 1024, 'model_string': 'resnet18', 'min_batch_size': 512, 'dataset': 'CIFAR', 'placement': None, 'use_nccl': True, 'devices_per_worker': 1, 'primary_resource': 'extra_gpu', 'gpu': False, 'verbose': False, 'lr_config': {'mode': 'log', 'steps': 5, 'initial_lr': 0.005, 'target_lr': 0.005}, 'batch_per_device': 1024}",19.17159366607666,0,2,6259.191121606344,1
0.00750124454498291,0.13605034351348877,0.005605387687683106,0.047737968211271326,0.02458977699279785,nan,0.0,0.059639143943786624,0.4917999804019928,1.3813283096313476,-0.4917999804019928,nan,0.0,nan,0.0,nan,0.0,0.4536399841308594,1.487125178794861,nan,0.0,nan,0.0,60000,1,False,,,3,-1.3813283096313476,dc8de7cec0ad42e5bef0683308c29ab0,2019-05-30_14-49-11,1559252951,8.475244998931885,27.646838665008545,6405,steropes,169.229.49.254,"{'starting_lr': 0.005, 'momentum': 0.9, 'weight_decay': 0.005, 'steps_per_iteration': None, 'pin': False, 'model_creator': None, 'target_batch_size': 1024, 'model_string': 'resnet18', 'min_batch_size': 512, 'dataset': 'CIFAR', 'placement': None, 'use_nccl': True, 'devices_per_worker': 1, 'primary_resource': 'extra_gpu', 'gpu': False, 'verbose': False, 'lr_config': {'mode': 'log', 'steps': 5, 'initial_lr': 0.005, 'target_lr': 0.005}, 'batch_per_device': 1024}",27.646838665008545,0,3,6510.620915941542,1
0.006847190856933594,0.12479841709136963,0.0046663999557495115,0.03783723286220005,0.026752567291259764,nan,0.0,0.04540205001831055,0.5181999802589417,1.3260530418395997,-0.5181999802589417,nan,0.0,nan,0.0,nan,0.0,0.487419992685318,1.4033774587249757,nan,0.0,nan,0.0,60000,1,False,,,4,-1.3260530418395997,dc8de7cec0ad42e5bef0683308c29ab0,2019-05-30_14-49-19,1559252959,7.9526166915893555,35.5994553565979,6405,steropes,169.229.49.254,"{'starting_lr': 0.005, 'momentum': 0.9, 'weight_decay': 0.005, 'steps_per_iteration': None, 'pin': False, 'model_creator': None, 'target_batch_size': 1024, 'model_string': 'resnet18', 'min_batch_size': 512, 'dataset': 'CIFAR', 'placement': None, 'use_nccl': True, 'devices_per_worker': 1, 'primary_resource': 'extra_gpu', 'gpu': False, 'verbose': False, 'lr_config': {'mode': 'log', 'steps': 5, 'initial_lr': 0.005, 'target_lr': 0.005}, 'batch_per_device': 1024}",35.5994553565979,0,4,6741.599283632425,1
0.006985712051391602,0.14920392036437988,0.006649112701416016,0.04007411976249851,0.03707034587860107,nan,0.0,0.06303668022155762,0.5424000024795532,1.2670118658065797,-0.5424000024795532,nan,0.0,nan,0.0,nan,0.0,0.5133399963378906,1.3385135665893555,nan,0.0,nan,0.0,60000,1,False,,,5,-1.2670118658065797,dc8de7cec0ad42e5bef0683308c29ab0,2019-05-30_14-49-27,1559252967,8.416748046875,44.0162034034729,6405,steropes,169.229.49.254,"{'starting_lr': 0.005, 'momentum': 0.9, 'weight_decay': 0.005, 'steps_per_iteration': None, 'pin': False, 'model_creator': None, 'target_batch_size': 1024, 'model_string': 'resnet18', 'min_batch_size': 512, 'dataset': 'CIFAR', 'placement': None, 'use_nccl': True, 'devices_per_worker': 1, 'primary_resource': 'extra_gpu', 'gpu': False, 'verbose': False, 'lr_config': {'mode': 'log', 'steps': 5, 'initial_lr': 0.005, 'target_lr': 0.005}, 'batch_per_device': 1024}",44.0162034034729,0,5,6815.595871543227,1
0.006740307807922364,0.15447008609771729,0.0043642520904541016,0.04456524459683165,0.037624263763427736,nan,0.0,0.06022665500640869,0.5511999726295471,1.2377044462203979,-0.5511999726295471,nan,0.0,nan,0.0,nan,0.0,0.5355600118637085,1.2817905977630615,nan,0.0,nan,0.0,60000,1,False,,,6,-1.2377044462203979,dc8de7cec0ad42e5bef0683308c29ab0,2019-05-30_14-49-36,1559252976,8.802963018417358,52.81916642189026,6405,steropes,169.229.49.254,"{'starting_lr': 0.005, 'momentum': 0.9, 'weight_decay': 0.005, 'steps_per_iteration': None, 'pin': False, 'model_creator': None, 'target_batch_size': 1024, 'model_string': 'resnet18', 'min_batch_size': 512, 'dataset': 'CIFAR', 'placement': None, 'use_nccl': True, 'devices_per_worker': 1, 'primary_resource': 'extra_gpu', 'gpu': False, 'verbose': False, 'lr_config': {'mode': 'log', 'steps': 5, 'initial_lr': 0.005, 'target_lr': 0.005}, 'batch_per_device': 1024}",52.81916642189026,0,6,7245.339422831407,1
0.006803178787231445,0.13543848991394042,0.006495118141174316,0.039120338401015926,0.021744394302368165,nan,0.0,0.06345071792602539,0.5726000070571899,1.1801013534545899,-0.5726000070571899,nan,0.0,nan,0.0,nan,0.0,0.5590800046920776,1.2215384917449952,nan,0.0,nan,0.0,60000,1,False,,,7,-1.1801013534545899,dc8de7cec0ad42e5bef0683308c29ab0,2019-05-30_14-49-44,1559252984,8.237641096115112,61.05680751800537,6405,steropes,169.229.49.254,"{'starting_lr': 0.005, 'momentum': 0.9, 'weight_decay': 0.005, 'steps_per_iteration': None, 'pin': False, 'model_creator': None, 'target_batch_size': 1024, 'model_string': 'resnet18', 'min_batch_size': 512, 'dataset': 'CIFAR', 'placement': None, 'use_nccl': True, 'devices_per_worker': 1, 'primary_resource': 'extra_gpu', 'gpu': False, 'verbose': False, 'lr_config': {'mode': 'log', 'steps': 5, 'initial_lr': 0.005, 'target_lr': 0.005}, 'batch_per_device': 1024}",61.05680751800537,0,7,7162.356630694361,1
0.006893253326416016,0.14118657112121583,0.004445886611938477,0.03402616539779974,0.027976417541503908,nan,0.0,0.07167444229125977,0.5794000029563904,1.160727159500122,-0.5794000029563904,nan,0.0,nan,0.0,nan,0.0,0.5786399841308594,1.1730416749191284,nan,0.0,nan,0.0,60000,1,False,,,8,-1.160727159500122,dc8de7cec0ad42e5bef0683308c29ab0,2019-05-30_14-49-52,1559252992,8.165019035339355,69.22182655334473,6405,steropes,169.229.49.254,"{'starting_lr': 0.005, 'momentum': 0.9, 'weight_decay': 0.005, 'steps_per_iteration': None, 'pin': False, 'model_creator': None, 'target_batch_size': 1024, 'model_string': 'resnet18', 'min_batch_size': 512, 'dataset': 'CIFAR', 'placement': None, 'use_nccl': True, 'devices_per_worker': 1, 'primary_resource': 'extra_gpu', 'gpu': False, 'verbose': False, 'lr_config': {'mode': 'log', 'steps': 5, 'initial_lr': 0.005, 'target_lr': 0.005}, 'batch_per_device': 1024}",69.22182655334473,0,8,7215.750942396681,1
0.006700038909912109,0.1456965208053589,0.004746699333190918,0.03617096920402683,0.028461122512817384,nan,0.0,0.057590699195861815,0.6024999618530273,1.1057207078933715,-0.6024999618530273,nan,0.0,nan,0.0,nan,0.0,0.5938799977302551,1.127634340171814,nan,0.0,nan,0.0,60000,1,False,,,9,-1.1057207078933715,dc8de7cec0ad42e5bef0683308c29ab0,2019-05-30_14-50-01,1559253001,8.128347635269165,77.35017418861389,6405,steropes,169.229.49.254,"{'starting_lr': 0.005, 'momentum': 0.9, 'weight_decay': 0.005, 'steps_per_iteration': None, 'pin': False, 'model_creator': None, 'target_batch_size': 1024, 'model_string': 'resnet18', 'min_batch_size': 512, 'dataset': 'CIFAR', 'placement': None, 'use_nccl': True, 'devices_per_worker': 1, 'primary_resource': 'extra_gpu', 'gpu': False, 'verbose': False, 'lr_config': {'mode': 'log', 'steps': 5, 'initial_lr': 0.005, 'target_lr': 0.005}, 'batch_per_device': 1024}",77.35017418861389,0,9,7185.383118821623,1
0.007844376564025878,0.16467394828796386,0.005476522445678711,0.04237428003427934,0.033405613899230954,nan,0.0,0.054393863677978514,0.6229999661445618,1.0621004133224488,-0.6229999661445618,nan,0.0,nan,0.0,nan,0.0,0.6106799840927124,1.0842425254440307,nan,0.0,nan,0.0,60000,1,False,,,10,-1.0621004133224488,dc8de7cec0ad42e5bef0683308c29ab0,2019-05-30_14-50-09,1559253009,8.672866582870483,86.02304077148438,6405,steropes,169.229.49.254,"{'starting_lr': 0.005, 'momentum': 0.9, 'weight_decay': 0.005, 'steps_per_iteration': None, 'pin': False, 'model_creator': None, 'target_batch_size': 1024, 'model_string': 'resnet18', 'min_batch_size': 512, 'dataset': 'CIFAR', 'placement': None, 'use_nccl': True, 'devices_per_worker': 1, 'primary_resource': 'extra_gpu', 'gpu': False, 'verbose': False, 'lr_config': {'mode': 'log', 'steps': 5, 'initial_lr': 0.005, 'target_lr': 0.005}, 'batch_per_device': 1024}",86.02304077148438,0,10,7141.57222491407,1
0.007628297805786133,0.12774269580841063,0.006155872344970703,0.049067862179814556,0.03392958641052246,nan,0.0,0.05807468891143799,0.6354999542236328,1.0296418003082275,-0.6354999542236328,nan,0.0,nan,0.0,nan,0.0,0.6186000108718872,1.0629774564361572,nan,0.0,nan,0.0,60000,1,False,,,11,-1.0296418003082275,dc8de7cec0ad42e5bef0683308c29ab0,2019-05-30_14-50-18,1559253018,8.490905523300171,94.51394629478455,6405,steropes,169.229.49.254,"{'starting_lr': 0.005, 'momentum': 0.9, 'weight_decay': 0.005, 'steps_per_iteration': None, 'pin': False, 'model_creator': None, 'target_batch_size': 1024, 'model_string': 'resnet18', 'min_batch_size': 512, 'dataset': 'CIFAR', 'placement': None, 'use_nccl': True, 'devices_per_worker': 1, 'primary_resource': 'extra_gpu', 'gpu': False, 'verbose': False, 'lr_config': {'mode': 'log', 'steps': 5, 'initial_lr': 0.005, 'target_lr': 0.005}, 'batch_per_device': 1024}",94.51394629478455,0,11,7195.021022068032,1
0.007645988464355468,0.13487403392791747,0.005259871482849121,0.033399976029688,0.03106253147125244,nan,0.0,0.05110867023468017,0.6455000042915344,0.990450450706482,-0.6455000042915344,nan,0.0,nan,0.0,nan,0.0,0.638159990310669,1.0151681782341004,nan,0.0,nan,0.0,60000,1,False,,,12,-0.990450450706482,dc8de7cec0ad42e5bef0683308c29ab0,2019-05-30_14-50-26,1559253026,8.067750692367554,102.5816969871521,6405,steropes,169.229.49.254,"{'starting_lr': 0.005, 'momentum': 0.9, 'weight_decay': 0.005, 'steps_per_iteration': None, 'pin': False, 'model_creator': None, 'target_batch_size': 1024, 'model_string': 'resnet18', 'min_batch_size': 512, 'dataset': 'CIFAR', 'placement': None, 'use_nccl': True, 'devices_per_worker': 1, 'primary_resource': 'extra_gpu', 'gpu': False, 'verbose': False, 'lr_config': {'mode': 'log', 'steps': 5, 'initial_lr': 0.005, 'target_lr': 0.005}, 'batch_per_device': 1024}",102.5816969871521,0,12,7224.457518707087,1
0.00677180290222168,0.11844515800476074,0.004707026481628418,0.044589840635961414,0.023716449737548828,nan,0.0,0.04268934726715088,0.6592999696731567,0.9730714214324951,-0.6592999696731567,nan,0.0,nan,0.0,nan,0.0,0.6473199725151062,0.9881307851600647,nan,0.0,nan,0.0,60000,1,False,,,13,-0.9730714214324951,dc8de7cec0ad42e5bef0683308c29ab0,2019-05-30_14-50-33,1559253033,7.655848741531372,110.23754572868347,6405,steropes,169.229.49.254,"{'starting_lr': 0.005, 'momentum': 0.9, 'weight_decay': 0.005, 'steps_per_iteration': None, 'pin': False, 'model_creator': None, 'target_batch_size': 1024, 'model_string': 'resnet18', 'min_batch_size': 512, 'dataset': 'CIFAR', 'placement': None, 'use_nccl': True, 'devices_per_worker': 1, 'primary_resource': 'extra_gpu', 'gpu': False, 'verbose': False, 'lr_config': {'mode': 'log', 'steps': 5, 'initial_lr': 0.005, 'target_lr': 0.005}, 'batch_per_device': 1024}",110.23754572868347,0,13,7314.191667875923,1
0.00697481632232666,0.12088499069213868,0.0044215679168701175,0.042318874475907306,0.021483945846557616,nan,0.0,0.048148298263549806,0.661300003528595,0.9566254801750184,-0.661300003528595,nan,0.0,nan,0.0,nan,0.0,0.6587399840354919,0.9625428678131104,nan,0.0,nan,0.0,60000,1,False,,,14,-0.9566254801750184,dc8de7cec0ad42e5bef0683308c29ab0,2019-05-30_14-50-41,1559253041,7.3314971923828125,117.56904292106628,6405,steropes,169.229.49.254,"{'starting_lr': 0.005, 'momentum': 0.9, 'weight_decay': 0.005, 'steps_per_iteration': None, 'pin': False, 'model_creator': None, 'target_batch_size': 1024, 'model_string': 'resnet18', 'min_batch_size': 512, 'dataset': 'CIFAR', 'placement': None, 'use_nccl': True, 'devices_per_worker': 1, 'primary_resource': 'extra_gpu', 'gpu': False, 'verbose': False, 'lr_config': {'mode': 'log', 'steps': 5, 'initial_lr': 0.005, 'target_lr': 0.005}, 'batch_per_device': 1024}",117.56904292106628,0,14,7459.105006301396,1
0.006839871406555176,0.11989326477050781,0.004605555534362793,0.042236629797487844,0.024024534225463866,nan,0.0,0.04241425991058349,0.6717000007629395,0.933825221157074,-0.6717000007629395,nan,0.0,nan,0.0,nan,0.0,0.6606799960136414,0.9552189932250976,nan,0.0,nan,0.0,60000,1,False,,,15,-0.933825221157074,dc8de7cec0ad42e5bef0683308c29ab0,2019-05-30_14-50-48,1559253048,7.199416160583496,124.76845908164978,6405,steropes,169.229.49.254,"{'starting_lr': 0.005, 'momentum': 0.9, 'weight_decay': 0.005, 'steps_per_iteration': None, 'pin': False, 'model_creator': None, 'target_batch_size': 1024, 'model_string': 'resnet18', 'min_batch_size': 512, 'dataset': 'CIFAR', 'placement': None, 'use_nccl': True, 'devices_per_worker': 1, 'primary_resource': 'extra_gpu', 'gpu': False, 'verbose': False, 'lr_config': {'mode': 'log', 'steps': 5, 'initial_lr': 0.005, 'target_lr': 0.005}, 'batch_per_device': 1024}",124.76845908164978,0,15,7742.767502781259,1
0.006841135025024414,0.1207108736038208,0.004669308662414551,0.04158591737552565,0.025470256805419922,nan,0.0,0.04691681861877441,0.6793999671936035,0.9150365246772766,-0.6793999671936035,nan,0.0,nan,0.0,nan,0.0,0.6737599968910217,0.9174679355812073,nan,0.0,nan,0.0,60000,1,False,,,16,-0.9150365246772766,dc8de7cec0ad42e5bef0683308c29ab0,2019-05-30_14-50-55,1559253055,7.40100884437561,132.1694679260254,6405,steropes,169.229.49.254,"{'starting_lr': 0.005, 'momentum': 0.9, 'weight_decay': 0.005, 'steps_per_iteration': None, 'pin': False, 'model_creator': None, 'target_batch_size': 1024, 'model_string': 'resnet18', 'min_batch_size': 512, 'dataset': 'CIFAR', 'placement': None, 'use_nccl': True, 'devices_per_worker': 1, 'primary_resource': 'extra_gpu', 'gpu': False, 'verbose': False, 'lr_config': {'mode': 'log', 'steps': 5, 'initial_lr': 0.005, 'target_lr': 0.005}, 'batch_per_device': 1024}",132.1694679260254,0,16,7966.870351856127,1
0.007957077026367188,0.13639814853668214,0.0044553279876708984,0.04023244429607781,0.02909271717071533,nan,0.0,0.05211570262908936,0.679099977016449,0.9244790771484375,-0.679099977016449,nan,0.0,nan,0.0,nan,0.0,0.682479977607727,0.8917125013923645,nan,0.0,nan,0.0,60000,1,False,,,17,-0.9244790771484375,dc8de7cec0ad42e5bef0683308c29ab0,2019-05-30_14-51-04,1559253064,8.076017141342163,140.24548506736755,6405,steropes,169.229.49.254,"{'starting_lr': 0.005, 'momentum': 0.9, 'weight_decay': 0.005, 'steps_per_iteration': None, 'pin': False, 'model_creator': None, 'target_batch_size': 1024, 'model_string': 'resnet18', 'min_batch_size': 512, 'dataset': 'CIFAR', 'placement': None, 'use_nccl': True, 'devices_per_worker': 1, 'primary_resource': 'extra_gpu', 'gpu': False, 'verbose': False, 'lr_config': {'mode': 'log', 'steps': 5, 'initial_lr': 0.005, 'target_lr': 0.005}, 'batch_per_device': 1024}",140.24548506736755,0,17,7965.121399098076,1
0.006931209564208984,0.14469354152679442,0.00461111068725586,0.03730219237658442,0.02607073783874512,nan,0.0,0.05095052719116211,0.692799985408783,0.8835460326194763,-0.692799985408783,nan,0.0,nan,0.0,nan,0.0,0.6886599659919739,0.873261125869751,nan,0.0,nan,0.0,60000,1,False,,,18,-0.8835460326194763,dc8de7cec0ad42e5bef0683308c29ab0,2019-05-30_14-51-12,1559253072,8.248480558395386,148.49396562576294,6405,steropes,169.229.49.254,"{'starting_lr': 0.005, 'momentum': 0.9, 'weight_decay': 0.005, 'steps_per_iteration': None, 'pin': False, 'model_creator': None, 'target_batch_size': 1024, 'model_string': 'resnet18', 'min_batch_size': 512, 'dataset': 'CIFAR', 'placement': None, 'use_nccl': True, 'devices_per_worker': 1, 'primary_resource': 'extra_gpu', 'gpu': False, 'verbose': False, 'lr_config': {'mode': 'log', 'steps': 5, 'initial_lr': 0.005, 'target_lr': 0.005}, 'batch_per_device': 1024}",148.49396562576294,0,18,7841.734481400872,1
0.008493733406066895,0.13345832824707032,0.004536271095275879,0.0367078245902548,0.025748491287231445,nan,0.0,0.044797325134277345,0.6873999834060669,0.8920702585220337,-0.6873999834060669,nan,0.0,nan,0.0,nan,0.0,0.69896000623703,0.8461742594718933,nan,0.0,nan,0.0,60000,1,False,,,19,-0.8920702585220337,dc8de7cec0ad42e5bef0683308c29ab0,2019-05-30_14-51-20,1559253080,8.532658100128174,157.0266237258911,6405,steropes,169.229.49.254,"{'starting_lr': 0.005, 'momentum': 0.9, 'weight_decay': 0.005, 'steps_per_iteration': None, 'pin': False, 'model_creator': None, 'target_batch_size': 1024, 'model_string': 'resnet18', 'min_batch_size': 512, 'dataset': 'CIFAR', 'placement': None, 'use_nccl': True, 'devices_per_worker': 1, 'primary_resource': 'extra_gpu', 'gpu': False, 'verbose': False, 'lr_config': {'mode': 'log', 'steps': 5, 'initial_lr': 0.005, 'target_lr': 0.005}, 'batch_per_device': 1024}",157.0266237258911,0,19,7603.022873790539,1
0.006926155090332032,0.14796385765075684,0.0063884973526000975,0.03693723192020339,0.02266843318939209,nan,0.0,0.04550280570983887,0.699400007724762,0.8548114866256714,-0.699400007724762,nan,0.0,nan,0.0,nan,0.0,0.7005599737167358,0.8377766195487976,nan,0.0,nan,0.0,60000,1,False,,,20,-0.8548114866256714,dc8de7cec0ad42e5bef0683308c29ab0,2019-05-30_14-51-29,1559253089,8.288259029388428,165.31488275527954,6405,steropes,169.229.49.254,"{'starting_lr': 0.005, 'momentum': 0.9, 'weight_decay': 0.005, 'steps_per_iteration': None, 'pin': False, 'model_creator': None, 'target_batch_size': 1024, 'model_string': 'resnet18', 'min_batch_size': 512, 'dataset': 'CIFAR', 'placement': None, 'use_nccl': True, 'devices_per_worker': 1, 'primary_resource': 'extra_gpu', 'gpu': False, 'verbose': False, 'lr_config': {'mode': 'log', 'steps': 5, 'initial_lr': 0.005, 'target_lr': 0.005}, 'batch_per_device': 1024}",165.31488275527954,0,20,7398.823526499407,1
0.008087849617004395,0.13245620727539062,0.006070876121520996,0.032281559340807855,0.022929668426513672,nan,0.0,0.05865521430969238,0.7053999900817871,0.848210176372528,-0.7053999900817871,nan,0.0,nan,0.0,nan,0.0,0.7099399566650391,0.8145640969276429,nan,0.0,nan,0.0,60000,1,False,,,21,-0.848210176372528,dc8de7cec0ad42e5bef0683308c29ab0,2019-05-30_14-51-37,1559253097,8.085515260696411,173.40039801597595,6405,steropes,169.229.49.254,"{'starting_lr': 0.005, 'momentum': 0.9, 'weight_decay': 0.005, 'steps_per_iteration': None, 'pin': False, 'model_creator': None, 'target_batch_size': 1024, 'model_string': 'resnet18', 'min_batch_size': 512, 'dataset': 'CIFAR', 'placement': None, 'use_nccl': True, 'devices_per_worker': 1, 'primary_resource': 'extra_gpu', 'gpu': False, 'verbose': False, 'lr_config': {'mode': 'log', 'steps': 5, 'initial_lr': 0.005, 'target_lr': 0.005}, 'batch_per_device': 1024}",173.40039801597595,0,21,7275.992900251234,1
0.006686949729919433,0.1384669780731201,0.006263589859008789,0.045560442671483875,0.02737729549407959,nan,0.0,0.050049328804016115,0.7057999968528748,0.8329954969406128,-0.7057999968528748,nan,0.0,nan,0.0,nan,0.0,0.7186999917030334,0.7991251608467103,nan,0.0,nan,0.0,60000,1,False,,,22,-0.8329954969406128,dc8de7cec0ad42e5bef0683308c29ab0,2019-05-30_14-51-45,1559253105,8.61966586112976,182.0200638771057,6405,steropes,169.229.49.254,"{'starting_lr': 0.005, 'momentum': 0.9, 'weight_decay': 0.005, 'steps_per_iteration': None, 'pin': False, 'model_creator': None, 'target_batch_size': 1024, 'model_string': 'resnet18', 'min_batch_size': 512, 'dataset': 'CIFAR', 'placement': None, 'use_nccl': True, 'devices_per_worker': 1, 'primary_resource': 'extra_gpu', 'gpu': False, 'verbose': False, 'lr_config': {'mode': 'log', 'steps': 5, 'initial_lr': 0.005, 'target_lr': 0.005}, 'batch_per_device': 1024}",182.0200638771057,0,22,7181.304880929588,1
0.007471323013305664,0.11796410083770752,0.0063180685043334964,0.044899205772244204,0.026714086532592773,nan,0.0,0.045720887184143064,0.712399959564209,0.8303713252067566,-0.712399959564209,nan,0.0,nan,0.0,nan,0.0,0.7230799794197083,0.7829336445617676,nan,0.0,nan,0.0,60000,1,False,,,23,-0.8303713252067566,dc8de7cec0ad42e5bef0683308c29ab0,2019-05-30_14-51-54,1559253114,8.30314016342163,190.32320404052734,6405,steropes,169.229.49.254,"{'starting_lr': 0.005, 'momentum': 0.9, 'weight_decay': 0.005, 'steps_per_iteration': None, 'pin': False, 'model_creator': None, 'target_batch_size': 1024, 'model_string': 'resnet18', 'min_batch_size': 512, 'dataset': 'CIFAR', 'placement': None, 'use_nccl': True, 'devices_per_worker': 1, 'primary_resource': 'extra_gpu', 'gpu': False, 'verbose': False, 'lr_config': {'mode': 'log', 'steps': 5, 'initial_lr': 0.005, 'target_lr': 0.005}, 'batch_per_device': 1024}",190.32320404052734,0,23,7171.920924421987,1
0.0071857690811157225,0.12319414615631104,0.00489649772644043,0.04164607184273856,0.03333292007446289,nan,0.0,0.061697983741760255,0.7032999992370605,0.8435136971473693,-0.7032999992370605,nan,0.0,nan,0.0,nan,0.0,0.7286399602890015,0.7664322840118408,nan,0.0,nan,0.0,60000,1,False,,,24,-0.8435136971473693,dc8de7cec0ad42e5bef0683308c29ab0,2019-05-30_14-52-02,1559253122,8.519933700561523,198.84313774108887,6405,steropes,169.229.49.254,"{'starting_lr': 0.005, 'momentum': 0.9, 'weight_decay': 0.005, 'steps_per_iteration': None, 'pin': False, 'model_creator': None, 'target_batch_size': 1024, 'model_string': 'resnet18', 'min_batch_size': 512, 'dataset': 'CIFAR', 'placement': None, 'use_nccl': True, 'devices_per_worker': 1, 'primary_resource': 'extra_gpu', 'gpu': False, 'verbose': False, 'lr_config': {'mode': 'log', 'steps': 5, 'initial_lr': 0.005, 'target_lr': 0.005}, 'batch_per_device': 1024}",198.84313774108887,0,24,7174.103125360618,1
0.008036398887634277,0.13516435623168946,0.004545855522155762,0.03933768856282137,0.03205626010894776,nan,0.0,0.05185046195983887,0.7213999629020691,0.8107026430130004,-0.7213999629020691,nan,0.0,nan,0.0,nan,0.0,0.7318599820137024,0.753085991153717,nan,0.0,nan,0.0,60000,1,False,,,25,-0.8107026430130004,dc8de7cec0ad42e5bef0683308c29ab0,2019-05-30_14-52-11,1559253131,8.354125022888184,207.19726276397705,6405,steropes,169.229.49.254,"{'starting_lr': 0.005, 'momentum': 0.9, 'weight_decay': 0.005, 'steps_per_iteration': None, 'pin': False, 'model_creator': None, 'target_batch_size': 1024, 'model_string': 'resnet18', 'min_batch_size': 512, 'dataset': 'CIFAR', 'placement': None, 'use_nccl': True, 'devices_per_worker': 1, 'primary_resource': 'extra_gpu', 'gpu': False, 'verbose': False, 'lr_config': {'mode': 'log', 'steps': 5, 'initial_lr': 0.005, 'target_lr': 0.005}, 'batch_per_device': 1024}",207.19726276397705,0,25,7162.847442299382,1
0.0073337554931640625,0.13352715969085693,0.0064908027648925785,0.03565213631610481,0.02836775779724121,nan,0.0,0.05583155155181885,0.724299967288971,0.7924328187942505,-0.724299967288971,nan,0.0,nan,0.0,nan,0.0,0.7373200058937073,0.7395472683143616,nan,0.0,nan,0.0,60000,1,False,,,26,-0.7924328187942505,dc8de7cec0ad42e5bef0683308c29ab0,2019-05-30_14-52-19,1559253139,8.270655393600464,215.46791815757751,6405,steropes,169.229.49.254,"{'starting_lr': 0.005, 'momentum': 0.9, 'weight_decay': 0.005, 'steps_per_iteration': None, 'pin': False, 'model_creator': None, 'target_batch_size': 1024, 'model_string': 'resnet18', 'min_batch_size': 512, 'dataset': 'CIFAR', 'placement': None, 'use_nccl': True, 'devices_per_worker': 1, 'primary_resource': 'extra_gpu', 'gpu': False, 'verbose': False, 'lr_config': {'mode': 'log', 'steps': 5, 'initial_lr': 0.005, 'target_lr': 0.005}, 'batch_per_device': 1024}",215.46791815757751,0,26,7131.323766686935,1
0.006929636001586914,0.12130076885223388,0.00490117073059082,0.0341080938066755,0.023616886138916014,nan,0.0,0.04593427181243896,0.727899968624115,0.7834629869461059,-0.727899968624115,nan,0.0,nan,0.0,nan,0.0,0.7417599558830261,0.7284372269058228,nan,0.0,nan,0.0,60000,1,False,,,27,-0.7834629869461059,dc8de7cec0ad42e5bef0683308c29ab0,2019-05-30_14-52-26,1559253146,7.390733242034912,222.85865139961243,6405,steropes,169.229.49.254,"{'starting_lr': 0.005, 'momentum': 0.9, 'weight_decay': 0.005, 'steps_per_iteration': None, 'pin': False, 'model_creator': None, 'target_batch_size': 1024, 'model_string': 'resnet18', 'min_batch_size': 512, 'dataset': 'CIFAR', 'placement': None, 'use_nccl': True, 'devices_per_worker': 1, 'primary_resource': 'extra_gpu', 'gpu': False, 'verbose': False, 'lr_config': {'mode': 'log', 'steps': 5, 'initial_lr': 0.005, 'target_lr': 0.005}, 'batch_per_device': 1024}",222.85865139961243,0,27,7345.921745799731,1
0.006744599342346192,0.11670026779174805,0.004824924468994141,0.04419458642297862,0.02119140625,nan,0.0,0.042752647399902345,0.7286999821662903,0.7919109945297241,-0.7286999821662903,nan,0.0,nan,0.0,nan,0.0,0.7451399564743042,0.709083759021759,nan,0.0,nan,0.0,60000,1,False,,,28,-0.7919109945297241,dc8de7cec0ad42e5bef0683308c29ab0,2019-05-30_14-52-33,1559253153,7.2173073291778564,230.07595872879028,6405,steropes,169.229.49.254,"{'starting_lr': 0.005, 'momentum': 0.9, 'weight_decay': 0.005, 'steps_per_iteration': None, 'pin': False, 'model_creator': None, 'target_batch_size': 1024, 'model_string': 'resnet18', 'min_batch_size': 512, 'dataset': 'CIFAR', 'placement': None, 'use_nccl': True, 'devices_per_worker': 1, 'primary_resource': 'extra_gpu', 'gpu': False, 'verbose': False, 'lr_config': {'mode': 'log', 'steps': 5, 'initial_lr': 0.005, 'target_lr': 0.005}, 'batch_per_device': 1024}",230.07595872879028,0,28,7546.571557409213,1
0.006914997100830078,0.11444714069366455,0.00433809757232666,0.04413393079018106,0.020667171478271483,nan,0.0,0.041686081886291505,0.7281999588012695,0.7903236938476562,-0.7281999588012695,nan,0.0,nan,0.0,nan,0.0,0.7553600072860718,0.6952038890075684,nan,0.0,nan,0.0,60000,1,False,,,29,-0.7903236938476562,dc8de7cec0ad42e5bef0683308c29ab0,2019-05-30_14-52-41,1559253161,7.147357940673828,237.2233166694641,6405,steropes,169.229.49.254,"{'starting_lr': 0.005, 'momentum': 0.9, 'weight_decay': 0.005, 'steps_per_iteration': None, 'pin': False, 'model_creator': None, 'target_batch_size': 1024, 'model_string': 'resnet18', 'min_batch_size': 512, 'dataset': 'CIFAR', 'placement': None, 'use_nccl': True, 'devices_per_worker': 1, 'primary_resource': 'extra_gpu', 'gpu': False, 'verbose': False, 'lr_config': {'mode': 'log', 'steps': 5, 'initial_lr': 0.005, 'target_lr': 0.005}, 'batch_per_device': 1024}",237.2233166694641,0,29,7816.455106656037,1
0.006626677513122558,0.11623096466064453,0.004381418228149414,0.044680274262720227,0.020215415954589845,nan,0.0,0.04128787517547607,0.7249000072479248,0.7924986625671386,-0.7249000072479248,nan,0.0,nan,0.0,nan,0.0,0.7562599778175354,0.6883538871765137,nan,0.0,nan,0.0,60000,1,False,,,30,-0.7924986625671386,dc8de7cec0ad42e5bef0683308c29ab0,2019-05-30_14-52-48,1559253168,7.184558153152466,244.40787482261658,6405,steropes,169.229.49.254,"{'starting_lr': 0.005, 'momentum': 0.9, 'weight_decay': 0.005, 'steps_per_iteration': None, 'pin': False, 'model_creator': None, 'target_batch_size': 1024, 'model_string': 'resnet18', 'min_batch_size': 512, 'dataset': 'CIFAR', 'placement': None, 'use_nccl': True, 'devices_per_worker': 1, 'primary_resource': 'extra_gpu', 'gpu': False, 'verbose': False, 'lr_config': {'mode': 'log', 'steps': 5, 'initial_lr': 0.005, 'target_lr': 0.005}, 'batch_per_device': 1024}",244.40787482261658,0,30,8062.132999150468,1
0.006713294982910156,0.11551554203033447,0.004460597038269043,0.043255572416344465,0.02091813087463379,nan,0.0,0.04126627445220947,0.7304999828338623,0.7804401052474975,-0.7304999828338623,nan,0.0,nan,0.0,nan,0.0,0.7618199586868286,0.6762718028640747,nan,0.0,nan,0.0,60000,1,False,,,31,-0.7804401052474975,dc8de7cec0ad42e5bef0683308c29ab0,2019-05-30_14-52-55,1559253175,7.156282424926758,251.56415724754333,6405,steropes,169.229.49.254,"{'starting_lr': 0.005, 'momentum': 0.9, 'weight_decay': 0.005, 'steps_per_iteration': None, 'pin': False, 'model_creator': None, 'target_batch_size': 1024, 'model_string': 'resnet18', 'min_batch_size': 512, 'dataset': 'CIFAR', 'placement': None, 'use_nccl': True, 'devices_per_worker': 1, 'primary_resource': 'extra_gpu', 'gpu': False, 'verbose': False, 'lr_config': {'mode': 'log', 'steps': 5, 'initial_lr': 0.005, 'target_lr': 0.005}, 'batch_per_device': 1024}",251.56415724754333,0,31,8311.026616587389,1
0.006771588325500488,0.11372437477111816,0.004491686820983887,0.04320141247340611,0.02039034366607666,nan,0.0,0.04209666252136231,0.7325999736785889,0.7699048093795776,-0.7325999736785889,nan,0.0,nan,0.0,nan,0.0,0.7651799917221069,0.6617224402618408,nan,0.0,nan,0.0,60000,1,False,,,32,-0.7699048093795776,dc8de7cec0ad42e5bef0683308c29ab0,2019-05-30_14-53-02,1559253182,7.075903654098511,258.64006090164185,6405,steropes,169.229.49.254,"{'starting_lr': 0.005, 'momentum': 0.9, 'weight_decay': 0.005, 'steps_per_iteration': None, 'pin': False, 'model_creator': None, 'target_batch_size': 1024, 'model_string': 'resnet18', 'min_batch_size': 512, 'dataset': 'CIFAR', 'placement': None, 'use_nccl': True, 'devices_per_worker': 1, 'primary_resource': 'extra_gpu', 'gpu': False, 'verbose': False, 'lr_config': {'mode': 'log', 'steps': 5, 'initial_lr': 0.005, 'target_lr': 0.005}, 'batch_per_device': 1024}",258.64006090164185,0,32,8384.151935035221,1
0.006500124931335449,0.11351447105407715,0.004334020614624024,0.04553761774179887,0.020071125030517577,nan,0.0,0.04150686264038086,0.7282999753952026,0.7870469720840454,-0.7282999753952026,nan,0.0,nan,0.0,nan,0.0,0.7692599892616272,0.6550516816902161,nan,0.0,nan,0.0,60000,1,False,,,33,-0.7870469720840454,dc8de7cec0ad42e5bef0683308c29ab0,2019-05-30_14-53-09,1559253189,7.129129409790039,265.7691903114319,6405,steropes,169.229.49.254,"{'starting_lr': 0.005, 'momentum': 0.9, 'weight_decay': 0.005, 'steps_per_iteration': None, 'pin': False, 'model_creator': None, 'target_batch_size': 1024, 'model_string': 'resnet18', 'min_batch_size': 512, 'dataset': 'CIFAR', 'placement': None, 'use_nccl': True, 'devices_per_worker': 1, 'primary_resource': 'extra_gpu', 'gpu': False, 'verbose': False, 'lr_config': {'mode': 'log', 'steps': 5, 'initial_lr': 0.005, 'target_lr': 0.005}, 'batch_per_device': 1024}",265.7691903114319,0,33,8404.865643679444,1
0.006686687469482422,0.11527760028839111,0.004678034782409668,0.04362941761406101,0.02135329246520996,nan,0.0,0.042770004272460936,0.7426999807357788,0.7429474112510681,-0.7426999807357788,nan,0.0,nan,0.0,nan,0.0,0.7717799544334412,0.6418146037483216,nan,0.0,nan,0.0,60000,1,False,,,34,-0.7429474112510681,dc8de7cec0ad42e5bef0683308c29ab0,2019-05-30_14-53-16,1559253196,7.12404203414917,272.89323234558105,6405,steropes,169.229.49.254,"{'starting_lr': 0.005, 'momentum': 0.9, 'weight_decay': 0.005, 'steps_per_iteration': None, 'pin': False, 'model_creator': None, 'target_batch_size': 1024, 'model_string': 'resnet18', 'min_batch_size': 512, 'dataset': 'CIFAR', 'placement': None, 'use_nccl': True, 'devices_per_worker': 1, 'primary_resource': 'extra_gpu', 'gpu': False, 'verbose': False, 'lr_config': {'mode': 'log', 'steps': 5, 'initial_lr': 0.005, 'target_lr': 0.005}, 'batch_per_device': 1024}",272.89323234558105,0,34,8410.360163042218,1
0.00671539306640625,0.11350846290588379,0.004735517501831055,0.04556127956935337,0.020612359046936035,nan,0.0,0.04139401912689209,0.7453999519348145,0.7493688414573669,-0.7453999519348145,nan,0.0,nan,0.0,nan,0.0,0.7768599987030029,0.6279286862182617,nan,0.0,nan,0.0,60000,1,False,,,35,-0.7493688414573669,dc8de7cec0ad42e5bef0683308c29ab0,2019-05-30_14-53-23,1559253203,7.1865692138671875,280.07980155944824,6405,steropes,169.229.49.254,"{'starting_lr': 0.005, 'momentum': 0.9, 'weight_decay': 0.005, 'steps_per_iteration': None, 'pin': False, 'model_creator': None, 'target_batch_size': 1024, 'model_string': 'resnet18', 'min_batch_size': 512, 'dataset': 'CIFAR', 'placement': None, 'use_nccl': True, 'devices_per_worker': 1, 'primary_resource': 'extra_gpu', 'gpu': False, 'verbose': False, 'lr_config': {'mode': 'log', 'steps': 5, 'initial_lr': 0.005, 'target_lr': 0.005}, 'batch_per_device': 1024}",280.07980155944824,0,35,8409.885571154058,1
0.006649494171142578,0.11414146423339844,0.004779505729675293,0.04237743299834582,0.02043755054473877,nan,0.0,0.042362308502197264,0.746399998664856,0.739935212802887,-0.746399998664856,nan,0.0,nan,0.0,nan,0.0,0.7819399833679199,0.6169089040374756,nan,0.0,nan,0.0,60000,1,False,,,36,-0.739935212802887,dc8de7cec0ad42e5bef0683308c29ab0,2019-05-30_14-53-30,1559253210,7.048624277114868,287.1284258365631,6405,steropes,169.229.49.254,"{'starting_lr': 0.005, 'momentum': 0.9, 'weight_decay': 0.005, 'steps_per_iteration': None, 'pin': False, 'model_creator': None, 'target_batch_size': 1024, 'model_string': 'resnet18', 'min_batch_size': 512, 'dataset': 'CIFAR', 'placement': None, 'use_nccl': True, 'devices_per_worker': 1, 'primary_resource': 'extra_gpu', 'gpu': False, 'verbose': False, 'lr_config': {'mode': 'log', 'steps': 5, 'initial_lr': 0.005, 'target_lr': 0.005}, 'batch_per_device': 1024}",287.1284258365631,0,36,8435.343571171083,1
0.006868577003479004,0.11322383880615235,0.0046630859375,0.042068228429677536,0.020619821548461915,nan,0.0,0.041846203804016116,0.745199978351593,0.7475474307060241,-0.745199978351593,nan,0.0,nan,0.0,nan,0.0,0.7838000059127808,0.6091774265670776,nan,0.0,nan,0.0,60000,1,False,,,37,-0.7475474307060241,dc8de7cec0ad42e5bef0683308c29ab0,2019-05-30_14-53-37,1559253217,6.984820127487183,294.1132459640503,6405,steropes,169.229.49.254,"{'starting_lr': 0.005, 'momentum': 0.9, 'weight_decay': 0.005, 'steps_per_iteration': None, 'pin': False, 'model_creator': None, 'target_batch_size': 1024, 'model_string': 'resnet18', 'min_batch_size': 512, 'dataset': 'CIFAR', 'placement': None, 'use_nccl': True, 'devices_per_worker': 1, 'primary_resource': 'extra_gpu', 'gpu': False, 'verbose': False, 'lr_config': {'mode': 'log', 'steps': 5, 'initial_lr': 0.005, 'target_lr': 0.005}, 'batch_per_device': 1024}",294.1132459640503,0,37,8457.00231482065,1
0.006590414047241211,0.11425292491912842,0.004497385025024414,0.04204397298851792,0.020806264877319337,nan,0.0,0.04180665016174316,0.7506999969482422,0.7343927989006043,-0.7506999969482422,nan,0.0,nan,0.0,nan,0.0,0.7865599989891052,0.6050778316497802,nan,0.0,nan,0.0,60000,1,False,,,38,-0.7343927989006043,dc8de7cec0ad42e5bef0683308c29ab0,2019-05-30_14-53-44,1559253224,7.011054754257202,301.1243007183075,6405,steropes,169.229.49.254,"{'starting_lr': 0.005, 'momentum': 0.9, 'weight_decay': 0.005, 'steps_per_iteration': None, 'pin': False, 'model_creator': None, 'target_batch_size': 1024, 'model_string': 'resnet18', 'min_batch_size': 512, 'dataset': 'CIFAR', 'placement': None, 'use_nccl': True, 'devices_per_worker': 1, 'primary_resource': 'extra_gpu', 'gpu': False, 'verbose': False, 'lr_config': {'mode': 'log', 'steps': 5, 'initial_lr': 0.005, 'target_lr': 0.005}, 'batch_per_device': 1024}",301.1243007183075,0,38,8485.244068831584,1
0.007024526596069336,0.11383645534515381,0.004636216163635254,0.042886899442088844,0.021041083335876464,nan,0.0,0.04139745235443115,0.7495999932289124,0.7280165837287903,-0.7495999932289124,nan,0.0,nan,0.0,nan,0.0,0.7917799949645996,0.5938841701316834,nan,0.0,nan,0.0,60000,1,False,,,39,-0.7280165837287903,dc8de7cec0ad42e5bef0683308c29ab0,2019-05-30_14-53-52,1559253232,7.04888391494751,308.173184633255,6405,steropes,169.229.49.254,"{'starting_lr': 0.005, 'momentum': 0.9, 'weight_decay': 0.005, 'steps_per_iteration': None, 'pin': False, 'model_creator': None, 'target_batch_size': 1024, 'model_string': 'resnet18', 'min_batch_size': 512, 'dataset': 'CIFAR', 'placement': None, 'use_nccl': True, 'devices_per_worker': 1, 'primary_resource': 'extra_gpu', 'gpu': False, 'verbose': False, 'lr_config': {'mode': 'log', 'steps': 5, 'initial_lr': 0.005, 'target_lr': 0.005}, 'batch_per_device': 1024}",308.173184633255,0,39,8503.319595383233,1
0.007104277610778809,0.11557192802429199,0.004457831382751465,0.04420075611192353,0.020801401138305663,nan,0.0,0.04191048145294189,0.752299964427948,0.7251408193588257,-0.752299964427948,nan,0.0,nan,0.0,nan,0.0,0.7930199503898621,0.5839682203674317,nan,0.0,nan,0.0,60000,1,False,,,40,-0.7251408193588257,dc8de7cec0ad42e5bef0683308c29ab0,2019-05-30_14-53-59,1559253239,7.141976356506348,315.31516098976135,6405,steropes,169.229.49.254,"{'starting_lr': 0.005, 'momentum': 0.9, 'weight_decay': 0.005, 'steps_per_iteration': None, 'pin': False, 'model_creator': None, 'target_batch_size': 1024, 'model_string': 'resnet18', 'min_batch_size': 512, 'dataset': 'CIFAR', 'placement': None, 'use_nccl': True, 'devices_per_worker': 1, 'primary_resource': 'extra_gpu', 'gpu': False, 'verbose': False, 'lr_config': {'mode': 'log', 'steps': 5, 'initial_lr': 0.005, 'target_lr': 0.005}, 'batch_per_device': 1024}",315.31516098976135,0,40,8514.079708866915,1
0.006643176078796387,0.11662747859954833,0.004770994186401367,0.045203009430243045,0.020873260498046876,nan,0.0,0.04133880138397217,0.7436999678611755,0.7502407450675964,-0.7436999678611755,nan,0.0,nan,0.0,nan,0.0,0.8002600073814392,0.5679497306632996,nan,0.0,nan,0.0,60000,1,False,,,41,-0.7502407450675964,dc8de7cec0ad42e5bef0683308c29ab0,2019-05-30_14-54-06,1559253246,7.19531512260437,322.5104761123657,6405,steropes,169.229.49.254,"{'starting_lr': 0.005, 'momentum': 0.9, 'weight_decay': 0.005, 'steps_per_iteration': None, 'pin': False, 'model_creator': None, 'target_batch_size': 1024, 'model_string': 'resnet18', 'min_batch_size': 512, 'dataset': 'CIFAR', 'placement': None, 'use_nccl': True, 'devices_per_worker': 1, 'primary_resource': 'extra_gpu', 'gpu': False, 'verbose': False, 'lr_config': {'mode': 'log', 'steps': 5, 'initial_lr': 0.005, 'target_lr': 0.005}, 'batch_per_device': 1024}",322.5104761123657,0,41,8478.780623281456,1
0.00686793327331543,0.11807916164398194,0.005090403556823731,0.04905664190954091,0.02103714942932129,nan,0.0,0.042194700241088866,0.7549999952316284,0.721673493385315,-0.7549999952316284,nan,0.0,nan,0.0,nan,0.0,0.8003399968147278,0.5645891890907287,nan,0.0,nan,0.0,60000,1,False,,,42,-0.721673493385315,dc8de7cec0ad42e5bef0683308c29ab0,2019-05-30_14-54-13,1559253253,7.5150532722473145,330.02552938461304,6405,steropes,169.229.49.254,"{'starting_lr': 0.005, 'momentum': 0.9, 'weight_decay': 0.005, 'steps_per_iteration': None, 'pin': False, 'model_creator': None, 'target_batch_size': 1024, 'model_string': 'resnet18', 'min_batch_size': 512, 'dataset': 'CIFAR', 'placement': None, 'use_nccl': True, 'devices_per_worker': 1, 'primary_resource': 'extra_gpu', 'gpu': False, 'verbose': False, 'lr_config': {'mode': 'log', 'steps': 5, 'initial_lr': 0.005, 'target_lr': 0.005}, 'batch_per_device': 1024}",330.02552938461304,0,42,8353.582209463393,1
0.0067498207092285155,0.12599046230316163,0.005044817924499512,0.04204920360020229,0.020638227462768555,nan,0.0,0.042337679862976076,0.7590999603271484,0.7168827700614929,-0.7590999603271484,nan,0.0,nan,0.0,nan,0.0,0.8018800020217896,0.5575790712738037,nan,0.0,nan,0.0,60000,1,False,,,43,-0.7168827700614929,dc8de7cec0ad42e5bef0683308c29ab0,2019-05-30_14-54-21,1559253261,7.158130407333374,337.1836597919464,6405,steropes,169.229.49.254,"{'starting_lr': 0.005, 'momentum': 0.9, 'weight_decay': 0.005, 'steps_per_iteration': None, 'pin': False, 'model_creator': None, 'target_batch_size': 1024, 'model_string': 'resnet18', 'min_batch_size': 512, 'dataset': 'CIFAR', 'placement': None, 'use_nccl': True, 'devices_per_worker': 1, 'primary_resource': 'extra_gpu', 'gpu': False, 'verbose': False, 'lr_config': {'mode': 'log', 'steps': 5, 'initial_lr': 0.005, 'target_lr': 0.005}, 'batch_per_device': 1024}",337.1836597919464,0,43,8319.512342386684,1
0.006971979141235351,0.11555540561676025,0.004931187629699707,0.04282416616167341,0.021200680732727052,nan,0.0,0.04168813228607178,0.7495999932289124,0.727529951763153,-0.7495999932289124,nan,0.0,nan,0.0,nan,0.0,0.808139979839325,0.5457417916297913,nan,0.0,nan,0.0,60000,1,False,,,44,-0.727529951763153,dc8de7cec0ad42e5bef0683308c29ab0,2019-05-30_14-54-28,1559253268,7.1721696853637695,344.3558294773102,6405,steropes,169.229.49.254,"{'starting_lr': 0.005, 'momentum': 0.9, 'weight_decay': 0.005, 'steps_per_iteration': None, 'pin': False, 'model_creator': None, 'target_batch_size': 1024, 'model_string': 'resnet18', 'min_batch_size': 512, 'dataset': 'CIFAR', 'placement': None, 'use_nccl': True, 'devices_per_worker': 1, 'primary_resource': 'extra_gpu', 'gpu': False, 'verbose': False, 'lr_config': {'mode': 'log', 'steps': 5, 'initial_lr': 0.005, 'target_lr': 0.005}, 'batch_per_device': 1024}",344.3558294773102,0,44,8291.164595679647,1
0.006655478477478027,0.13145408630371094,0.004373741149902344,0.04787241196145817,0.020579957962036134,nan,0.0,0.042262864112854,0.7576000094413757,0.7149164539337158,-0.7576000094413757,nan,0.0,nan,0.0,nan,0.0,0.812279999256134,0.5324315732765198,nan,0.0,nan,0.0,60000,1,False,,,45,-0.7149164539337158,dc8de7cec0ad42e5bef0683308c29ab0,2019-05-30_14-54-35,1559253275,7.529444694519043,351.8852741718292,6405,steropes,169.229.49.254,"{'starting_lr': 0.005, 'momentum': 0.9, 'weight_decay': 0.005, 'steps_per_iteration': None, 'pin': False, 'model_creator': None, 'target_batch_size': 1024, 'model_string': 'resnet18', 'min_batch_size': 512, 'dataset': 'CIFAR', 'placement': None, 'use_nccl': True, 'devices_per_worker': 1, 'primary_resource': 'extra_gpu', 'gpu': False, 'verbose': False, 'lr_config': {'mode': 'log', 'steps': 5, 'initial_lr': 0.005, 'target_lr': 0.005}, 'batch_per_device': 1024}",351.8852741718292,0,45,8203.321010250449,1
0.006656503677368164,0.11493122577667236,0.004354667663574219,0.05077858847014758,0.020437002182006836,nan,0.0,0.04161057472229004,0.7447999715805054,0.7552079348564148,-0.7447999715805054,nan,0.0,nan,0.0,nan,0.0,0.8147599697113037,0.5265182236289978,nan,0.0,nan,0.0,60000,1,False,,,46,-0.7552079348564148,dc8de7cec0ad42e5bef0683308c29ab0,2019-05-30_14-54-43,1559253283,7.445785045623779,359.331059217453,6405,steropes,169.229.49.254,"{'starting_lr': 0.005, 'momentum': 0.9, 'weight_decay': 0.005, 'steps_per_iteration': None, 'pin': False, 'model_creator': None, 'target_batch_size': 1024, 'model_string': 'resnet18', 'min_batch_size': 512, 'dataset': 'CIFAR', 'placement': None, 'use_nccl': True, 'devices_per_worker': 1, 'primary_resource': 'extra_gpu', 'gpu': False, 'verbose': False, 'lr_config': {'mode': 'log', 'steps': 5, 'initial_lr': 0.005, 'target_lr': 0.005}, 'batch_per_device': 1024}",359.331059217453,0,46,8147.519265702588,1
0.0065249443054199215,0.11817185878753662,0.004361510276794434,0.049232356402338764,0.020474743843078614,nan,0.0,0.04185543060302734,0.7339000105857849,0.8046198468208313,-0.7339000105857849,nan,0.0,nan,0.0,nan,0.0,0.8137399554252625,0.5273420655250549,nan,0.0,nan,0.0,60000,1,False,,,47,-0.8046198468208313,dc8de7cec0ad42e5bef0683308c29ab0,2019-05-30_14-54-50,1559253290,7.409336566925049,366.74039578437805,6405,steropes,169.229.49.254,"{'starting_lr': 0.005, 'momentum': 0.9, 'weight_decay': 0.005, 'steps_per_iteration': None, 'pin': False, 'model_creator': None, 'target_batch_size': 1024, 'model_string': 'resnet18', 'min_batch_size': 512, 'dataset': 'CIFAR', 'placement': None, 'use_nccl': True, 'devices_per_worker': 1, 'primary_resource': 'extra_gpu', 'gpu': False, 'verbose': False, 'lr_config': {'mode': 'log', 'steps': 5, 'initial_lr': 0.005, 'target_lr': 0.005}, 'batch_per_device': 1024}",366.74039578437805,0,47,8170.991985949562,1
0.00691993236541748,0.11980371475219727,0.004984283447265625,0.045007900315888076,0.02120473384857178,nan,0.0,0.04327211380004883,0.7541999816894531,0.7366746525764465,-0.7541999816894531,nan,0.0,nan,0.0,nan,0.0,0.8153199553489685,0.5250197528076171,nan,0.0,nan,0.0,60000,1,False,,,48,-0.7366746525764465,dc8de7cec0ad42e5bef0683308c29ab0,2019-05-30_14-54-57,1559253297,7.329522609710693,374.06991839408875,6405,steropes,169.229.49.254,"{'starting_lr': 0.005, 'momentum': 0.9, 'weight_decay': 0.005, 'steps_per_iteration': None, 'pin': False, 'model_creator': None, 'target_batch_size': 1024, 'model_string': 'resnet18', 'min_batch_size': 512, 'dataset': 'CIFAR', 'placement': None, 'use_nccl': True, 'devices_per_worker': 1, 'primary_resource': 'extra_gpu', 'gpu': False, 'verbose': False, 'lr_config': {'mode': 'log', 'steps': 5, 'initial_lr': 0.005, 'target_lr': 0.005}, 'batch_per_device': 1024}",374.06991839408875,0,48,8133.024716184829,1
0.007141399383544922,0.11836106777191162,0.006010246276855469,0.04323173055843431,0.020948076248168947,nan,0.0,0.042821526527404785,0.7572000026702881,0.7155121562957764,-0.7572000026702881,nan,0.0,nan,0.0,nan,0.0,0.8174999952316284,0.512300357837677,nan,0.0,nan,0.0,60000,1,False,,,49,-0.7155121562957764,dc8de7cec0ad42e5bef0683308c29ab0,2019-05-30_14-55-05,1559253305,7.177830696105957,381.2477490901947,6405,steropes,169.229.49.254,"{'starting_lr': 0.005, 'momentum': 0.9, 'weight_decay': 0.005, 'steps_per_iteration': None, 'pin': False, 'model_creator': None, 'target_batch_size': 1024, 'model_string': 'resnet18', 'min_batch_size': 512, 'dataset': 'CIFAR', 'placement': None, 'use_nccl': True, 'devices_per_worker': 1, 'primary_resource': 'extra_gpu', 'gpu': False, 'verbose': False, 'lr_config': {'mode': 'log', 'steps': 5, 'initial_lr': 0.005, 'target_lr': 0.005}, 'batch_per_device': 1024}",381.2477490901947,0,49,8131.777989857341,1
0.006554317474365234,0.11900944709777832,0.004456543922424316,0.047079684783001334,0.02071866989135742,nan,0.0,0.04140694141387939,0.7592999935150146,0.7129733600616455,-0.7592999935150146,nan,0.0,nan,0.0,nan,0.0,0.8265399932861328,0.49232823171615603,nan,0.0,nan,0.0,60000,1,False,,,50,-0.7129733600616455,dc8de7cec0ad42e5bef0683308c29ab0,2019-05-30_14-55-12,1559253312,7.325819969177246,388.57356905937195,6405,steropes,169.229.49.254,"{'starting_lr': 0.005, 'momentum': 0.9, 'weight_decay': 0.005, 'steps_per_iteration': None, 'pin': False, 'model_creator': None, 'target_batch_size': 1024, 'model_string': 'resnet18', 'min_batch_size': 512, 'dataset': 'CIFAR', 'placement': None, 'use_nccl': True, 'devices_per_worker': 1, 'primary_resource': 'extra_gpu', 'gpu': False, 'verbose': False, 'lr_config': {'mode': 'log', 'steps': 5, 'initial_lr': 0.005, 'target_lr': 0.005}, 'batch_per_device': 1024}",388.57356905937195,0,50,8176.908758947184,1
0.007084488868713379,0.11984398365020751,0.0042247772216796875,0.059268455116116274,0.020971512794494628,nan,0.0,0.04197249412536621,0.7525999546051025,0.7361485633850098,-0.7525999546051025,nan,0.0,nan,0.0,nan,0.0,0.8280999660491943,0.48683828057289125,nan,0.0,nan,0.0,60000,1,False,,,51,-0.7361485633850098,dc8de7cec0ad42e5bef0683308c29ab0,2019-05-30_14-55-20,1559253320,7.9714741706848145,396.54504323005676,6405,steropes,169.229.49.254,"{'starting_lr': 0.005, 'momentum': 0.9, 'weight_decay': 0.005, 'steps_per_iteration': None, 'pin': False, 'model_creator': None, 'target_batch_size': 1024, 'model_string': 'resnet18', 'min_batch_size': 512, 'dataset': 'CIFAR', 'placement': None, 'use_nccl': True, 'devices_per_worker': 1, 'primary_resource': 'extra_gpu', 'gpu': False, 'verbose': False, 'lr_config': {'mode': 'log', 'steps': 5, 'initial_lr': 0.005, 'target_lr': 0.005}, 'batch_per_device': 1024}",396.54504323005676,0,51,8061.403169333063,1
0.00814831256866455,0.12029025554656983,0.004284787178039551,0.042046970250655194,0.02178678512573242,nan,0.0,0.04278297424316406,0.7734000086784363,0.6876435729026794,-0.7734000086784363,nan,0.0,nan,0.0,nan,0.0,0.8316799998283386,0.4799178393936157,nan,0.0,nan,0.0,60000,1,False,,,52,-0.6876435729026794,dc8de7cec0ad42e5bef0683308c29ab0,2019-05-30_14-55-27,1559253327,7.212417125701904,403.75746035575867,6405,steropes,169.229.49.254,"{'starting_lr': 0.005, 'momentum': 0.9, 'weight_decay': 0.005, 'steps_per_iteration': None, 'pin': False, 'model_creator': None, 'target_batch_size': 1024, 'model_string': 'resnet18', 'min_batch_size': 512, 'dataset': 'CIFAR', 'placement': None, 'use_nccl': True, 'devices_per_worker': 1, 'primary_resource': 'extra_gpu', 'gpu': False, 'verbose': False, 'lr_config': {'mode': 'log', 'steps': 5, 'initial_lr': 0.005, 'target_lr': 0.005}, 'batch_per_device': 1024}",403.75746035575867,0,52,8104.288488667475,1
0.00682215690612793,0.11609103679656982,0.004274964332580566,0.0410128758878124,0.02208874225616455,nan,0.0,0.043649482727050784,0.7601999640464783,0.7178121204376221,-0.7601999640464783,nan,0.0,nan,0.0,nan,0.0,0.8294599652290344,0.48281619005203247,nan,0.0,nan,0.0,60000,1,False,,,53,-0.7178121204376221,dc8de7cec0ad42e5bef0683308c29ab0,2019-05-30_14-55-34,1559253334,7.073863506317139,410.8313238620758,6405,steropes,169.229.49.254,"{'starting_lr': 0.005, 'momentum': 0.9, 'weight_decay': 0.005, 'steps_per_iteration': None, 'pin': False, 'model_creator': None, 'target_batch_size': 1024, 'model_string': 'resnet18', 'min_batch_size': 512, 'dataset': 'CIFAR', 'placement': None, 'use_nccl': True, 'devices_per_worker': 1, 'primary_resource': 'extra_gpu', 'gpu': False, 'verbose': False, 'lr_config': {'mode': 'log', 'steps': 5, 'initial_lr': 0.005, 'target_lr': 0.005}, 'batch_per_device': 1024}",410.8313238620758,0,53,8160.651039670517,1
0.00668787956237793,0.11591813564300538,0.003940653800964355,0.04468965043826979,0.020742273330688475,nan,0.0,0.04283130168914795,0.7699999809265137,0.7049508838653564,-0.7699999809265137,nan,0.0,nan,0.0,nan,0.0,0.8371399641036987,0.4644579963111877,nan,0.0,nan,0.0,60000,1,False,,,54,-0.7049508838653564,dc8de7cec0ad42e5bef0683308c29ab0,2019-05-30_14-55-41,1559253341,7.199212312698364,418.03053617477417,6405,steropes,169.229.49.254,"{'starting_lr': 0.005, 'momentum': 0.9, 'weight_decay': 0.005, 'steps_per_iteration': None, 'pin': False, 'model_creator': None, 'target_batch_size': 1024, 'model_string': 'resnet18', 'min_batch_size': 512, 'dataset': 'CIFAR', 'placement': None, 'use_nccl': True, 'devices_per_worker': 1, 'primary_resource': 'extra_gpu', 'gpu': False, 'verbose': False, 'lr_config': {'mode': 'log', 'steps': 5, 'initial_lr': 0.005, 'target_lr': 0.005}, 'batch_per_device': 1024}",418.03053617477417,0,54,8155.907137409154,1
