{"apply": 0.018199777603149413, "batch_time": 0.044389987293678, "d2h": 0.00084075927734375, "data_time": 0.0019128414066246404, "fwd": 0.12064590454101562, "get_state_time_mean": NaN, "get_state_time_total": 0.0, "grad": 0.16819097995758056, "mean_accuracy": 0.18799999356269836, "mean_loss": 181.33666155090333, "neg_mean_accuracy": -0.18799999356269836, "set_state_time_mean": NaN, "set_state_time_total": 0.0, "setup_model_time_mean": 9.74336051940918, "setup_model_time_total": 9.74336051940918, "setup_proc_time_mean": 0.2311258316040039, "setup_proc_time_total": 0.2311258316040039, "train_accuracy": 0.17655999958515167, "train_loss": 4.255367572784424, "training_time_mean": NaN, "training_time_total": 0.0, "val_accuracy": 0.18799999356269836, "val_loss": 181.33666155090333, "validation_time_mean": NaN, "validation_time_total": 0.0, "samples": 60000, "num_workers": 1, "done": false, "timesteps_total": null, "episodes_total": null, "training_iteration": 1, "neg_mean_loss": -181.33666155090333, "experiment_id": "45b90344786744039fcb072d598479ca", "date": "2019-06-03_04-17-57", "timestamp": 1559560677, "time_this_iter_s": 47.068212270736694, "time_total_s": 47.068212270736694, "pid": 25816, "hostname": "steropes", "node_ip": "169.229.49.254", "config": {"starting_lr": 0.005, "momentum": 0.997, "weight_decay": 0.001, "steps_per_iteration": null, "pin": false, "model_creator": null, "target_batch_size": 128, "model_string": "resnet50", "min_batch_size": 128, "dataset": "CIFAR", "placement": null, "use_nccl": true, "devices_per_worker": 1, "primary_resource": "extra_gpu", "gpu": false, "verbose": false, "lr_config": {"mode": "log", "steps": 5, "initial_lr": 0.005, "target_lr": 0.005}, "batch_per_device": 128}, "time_since_restore": 47.068212270736694, "timesteps_since_restore": 0, "iterations_since_restore": 1, "mean_throughput": 1274.7416969836142, "atoms": 1, "setup_time": 10.097268104553223}
{"apply": 0.017059183120727538, "batch_time": 0.03418055968948557, "d2h": 0.000652313232421875, "data_time": 0.0018263869273388172, "fwd": 0.027975249290466308, "get_state_time_mean": NaN, "get_state_time_total": 0.0, "grad": 0.049339818954467776, "mean_accuracy": 0.22584998607635498, "mean_loss": 91.63817420330048, "neg_mean_accuracy": -0.2636999785900116, "set_state_time_mean": NaN, "set_state_time_total": 0.0, "setup_model_time_mean": NaN, "setup_model_time_total": 0.0, "setup_proc_time_mean": NaN, "setup_proc_time_total": 0.0, "train_accuracy": 0.2156199961900711, "train_loss": 2.420126505813599, "training_time_mean": NaN, "training_time_total": 0.0, "val_accuracy": 0.2636999785900116, "val_loss": 1.9396868556976319, "validation_time_mean": NaN, "validation_time_total": 0.0, "samples": 60000, "num_workers": 1, "done": false, "timesteps_total": null, "episodes_total": null, "training_iteration": 2, "neg_mean_loss": -91.63817420330048, "experiment_id": "45b90344786744039fcb072d598479ca", "date": "2019-06-03_04-18-38", "timestamp": 1559560718, "time_this_iter_s": 41.46702456474304, "time_total_s": 88.53523683547974, "pid": 25816, "hostname": "steropes", "node_ip": "169.229.49.254", "config": {"starting_lr": 0.005, "momentum": 0.997, "weight_decay": 0.001, "steps_per_iteration": null, "pin": false, "model_creator": null, "target_batch_size": 128, "model_string": "resnet50", "min_batch_size": 128, "dataset": "CIFAR", "placement": null, "use_nccl": true, "devices_per_worker": 1, "primary_resource": "extra_gpu", "gpu": false, "verbose": false, "lr_config": {"mode": "log", "steps": 5, "initial_lr": 0.005, "target_lr": 0.005}, "batch_per_device": 128}, "time_since_restore": 88.53523683547974, "timesteps_since_restore": 0, "iterations_since_restore": 2, "mean_throughput": 1355.3890778035395, "atoms": 1, "setup_time": 10.097268104553223}
{"apply": 0.017527675628662108, "batch_time": 0.031732854963857915, "d2h": 0.0007284641265869141, "data_time": 0.001796940708404307, "fwd": 0.028323841094970704, "get_state_time_mean": NaN, "get_state_time_total": 0.0, "grad": 0.04926111698150635, "mean_accuracy": 0.2532666524251302, "mean_loss": 61.70712699432374, "neg_mean_accuracy": -0.30809998512268066, "set_state_time_mean": NaN, "set_state_time_total": 0.0, "setup_model_time_mean": NaN, "setup_model_time_total": 0.0, "setup_proc_time_mean": NaN, "setup_proc_time_total": 0.0, "train_accuracy": 0.28336000442504883, "train_loss": 1.9188401825714112, "training_time_mean": NaN, "training_time_total": 0.0, "val_accuracy": 0.30809998512268066, "val_loss": 1.8450325763702393, "validation_time_mean": NaN, "validation_time_total": 0.0, "samples": 60000, "num_workers": 1, "done": false, "timesteps_total": null, "episodes_total": null, "training_iteration": 3, "neg_mean_loss": -61.70712699432374, "experiment_id": "45b90344786744039fcb072d598479ca", "date": "2019-06-03_04-19-20", "timestamp": 1559560760, "time_this_iter_s": 41.1650173664093, "time_total_s": 129.70025420188904, "pid": 25816, "hostname": "steropes", "node_ip": "169.229.49.254", "config": {"starting_lr": 0.005, "momentum": 0.997, "weight_decay": 0.001, "steps_per_iteration": null, "pin": false, "model_creator": null, "target_batch_size": 128, "model_string": "resnet50", "min_batch_size": 128, "dataset": "CIFAR", "placement": null, "use_nccl": true, "devices_per_worker": 1, "primary_resource": "extra_gpu", "gpu": false, "verbose": false, "lr_config": {"mode": "log", "steps": 5, "initial_lr": 0.005, "target_lr": 0.005}, "batch_per_device": 128}, "time_since_restore": 129.70025420188904, "timesteps_since_restore": 0, "iterations_since_restore": 3, "mean_throughput": 1387.812089362753, "atoms": 1, "setup_time": 10.097268104553223}
{"apply": 0.01710362434387207, "batch_time": 0.03195529346224628, "d2h": 0.0006977558135986328, "data_time": 0.001814465998383739, "fwd": 0.027634644508361818, "get_state_time_mean": NaN, "get_state_time_total": 0.0, "grad": 0.048856353759765624, "mean_accuracy": 0.28794998675584793, "mean_loss": 46.68974288244248, "neg_mean_accuracy": -0.3919999897480011, "set_state_time_mean": NaN, "set_state_time_total": 0.0, "setup_model_time_mean": NaN, "setup_model_time_total": 0.0, "setup_proc_time_mean": NaN, "setup_proc_time_total": 0.0, "train_accuracy": 0.3374599814414978, "train_loss": 1.7706838363647461, "training_time_mean": NaN, "training_time_total": 0.0, "val_accuracy": 0.3919999897480011, "val_loss": 1.637590546798706, "validation_time_mean": NaN, "validation_time_total": 0.0, "samples": 60000, "num_workers": 1, "done": false, "timesteps_total": null, "episodes_total": null, "training_iteration": 4, "neg_mean_loss": -46.68974288244248, "experiment_id": "45b90344786744039fcb072d598479ca", "date": "2019-06-03_04-20-01", "timestamp": 1559560801, "time_this_iter_s": 41.41462016105652, "time_total_s": 171.11487436294556, "pid": 25816, "hostname": "steropes", "node_ip": "169.229.49.254", "config": {"starting_lr": 0.005, "momentum": 0.997, "weight_decay": 0.001, "steps_per_iteration": null, "pin": false, "model_creator": null, "target_batch_size": 128, "model_string": "resnet50", "min_batch_size": 128, "dataset": "CIFAR", "placement": null, "use_nccl": true, "devices_per_worker": 1, "primary_resource": "extra_gpu", "gpu": false, "verbose": false, "lr_config": {"mode": "log", "steps": 5, "initial_lr": 0.005, "target_lr": 0.005}, "batch_per_device": 128}, "time_since_restore": 171.11487436294556, "timesteps_since_restore": 0, "iterations_since_restore": 4, "mean_throughput": 1402.5634271925514, "atoms": 1, "setup_time": 10.097268104553223}
{"apply": 0.017745232582092284, "batch_time": 0.032423058642616756, "d2h": 0.0008091211318969726, "data_time": 0.0017813684995217091, "fwd": 0.02778050899505615, "get_state_time_mean": NaN, "get_state_time_total": 0.0, "grad": 0.04821012020111084, "mean_accuracy": 0.3050399899482727, "mean_loss": 37.70423869865418, "neg_mean_accuracy": -0.3734000027179718, "set_state_time_mean": NaN, "set_state_time_total": 0.0, "setup_model_time_mean": NaN, "setup_model_time_total": 0.0, "setup_proc_time_mean": NaN, "setup_proc_time_total": 0.0, "train_accuracy": 0.3773999810218811, "train_loss": 1.6941810803222657, "training_time_mean": NaN, "training_time_total": 0.0, "val_accuracy": 0.3734000027179718, "val_loss": 1.7622219635009766, "validation_time_mean": NaN, "validation_time_total": 0.0, "samples": 60000, "num_workers": 1, "done": false, "timesteps_total": null, "episodes_total": null, "training_iteration": 5, "neg_mean_loss": -37.70423869865418, "experiment_id": "45b90344786744039fcb072d598479ca", "date": "2019-06-03_04-20-42", "timestamp": 1559560842, "time_this_iter_s": 41.12174892425537, "time_total_s": 212.23662328720093, "pid": 25816, "hostname": "steropes", "node_ip": "169.229.49.254", "config": {"starting_lr": 0.005, "momentum": 0.997, "weight_decay": 0.001, "steps_per_iteration": null, "pin": false, "model_creator": null, "target_batch_size": 128, "model_string": "resnet50", "min_batch_size": 128, "dataset": "CIFAR", "placement": null, "use_nccl": true, "devices_per_worker": 1, "primary_resource": "extra_gpu", "gpu": false, "verbose": false, "lr_config": {"mode": "log", "steps": 5, "initial_lr": 0.005, "target_lr": 0.005}, "batch_per_device": 128}, "time_since_restore": 212.23662328720093, "timesteps_since_restore": 0, "iterations_since_restore": 5, "mean_throughput": 1413.5135945168545, "atoms": 1, "setup_time": 10.097268104553223}
{"apply": 0.018057489395141603, "batch_time": 0.03198504447937012, "d2h": 0.000727081298828125, "data_time": 0.001791903429933826, "fwd": 0.028426575660705566, "get_state_time_mean": NaN, "get_state_time_total": 0.0, "grad": 0.04985244274139404, "mean_accuracy": 0.3596399903297424, "mean_loss": 1.7333805456542968, "neg_mean_accuracy": -0.460999995470047, "set_state_time_mean": NaN, "set_state_time_total": 0.0, "setup_model_time_mean": NaN, "setup_model_time_total": 0.0, "setup_proc_time_mean": NaN, "setup_proc_time_total": 0.0, "train_accuracy": 0.4022800028324127, "train_loss": 1.6260295736312866, "training_time_mean": NaN, "training_time_total": 0.0, "val_accuracy": 0.460999995470047, "val_loss": 1.4823707859039306, "validation_time_mean": NaN, "validation_time_total": 0.0, "samples": 60000, "num_workers": 1, "done": false, "timesteps_total": null, "episodes_total": null, "training_iteration": 6, "neg_mean_loss": -1.7333805456542968, "experiment_id": "45b90344786744039fcb072d598479ca", "date": "2019-06-03_04-21-23", "timestamp": 1559560883, "time_this_iter_s": 41.19335961341858, "time_total_s": 253.4299829006195, "pid": 25816, "hostname": "steropes", "node_ip": "169.229.49.254", "config": {"starting_lr": 0.005, "momentum": 0.997, "weight_decay": 0.001, "steps_per_iteration": null, "pin": false, "model_creator": null, "target_batch_size": 128, "model_string": "resnet50", "min_batch_size": 128, "dataset": "CIFAR", "placement": null, "use_nccl": true, "devices_per_worker": 1, "primary_resource": "extra_gpu", "gpu": false, "verbose": false, "lr_config": {"mode": "log", "steps": 5, "initial_lr": 0.005, "target_lr": 0.005}, "batch_per_device": 128}, "time_since_restore": 253.4299829006195, "timesteps_since_restore": 0, "iterations_since_restore": 6, "mean_throughput": 1453.7548806163995, "atoms": 1, "setup_time": 10.097268104553223}
{"apply": 0.01733226776123047, "batch_time": 0.03166776367380649, "d2h": 0.0006992101669311523, "data_time": 0.0017978016982602952, "fwd": 0.027848362922668457, "get_state_time_mean": NaN, "get_state_time_total": 0.0, "grad": 0.049782824516296384, "mean_accuracy": 0.40469999313354493, "mean_loss": 1.6263824817657473, "neg_mean_accuracy": -0.48899999260902405, "set_state_time_mean": NaN, "set_state_time_total": 0.0, "setup_model_time_mean": NaN, "setup_model_time_total": 0.0, "setup_proc_time_mean": NaN, "setup_proc_time_total": 0.0, "train_accuracy": 0.44105997681617737, "train_loss": 1.5316785957717896, "training_time_mean": NaN, "training_time_total": 0.0, "val_accuracy": 0.48899999260902405, "val_loss": 1.4046965362548829, "validation_time_mean": NaN, "validation_time_total": 0.0, "samples": 60000, "num_workers": 1, "done": false, "timesteps_total": null, "episodes_total": null, "training_iteration": 7, "neg_mean_loss": -1.6263824817657473, "experiment_id": "45b90344786744039fcb072d598479ca", "date": "2019-06-03_04-22-04", "timestamp": 1559560924, "time_this_iter_s": 41.23754096031189, "time_total_s": 294.6675238609314, "pid": 25816, "hostname": "steropes", "node_ip": "169.229.49.254", "config": {"starting_lr": 0.005, "momentum": 0.997, "weight_decay": 0.001, "steps_per_iteration": null, "pin": false, "model_creator": null, "target_batch_size": 128, "model_string": "resnet50", "min_batch_size": 128, "dataset": "CIFAR", "placement": null, "use_nccl": true, "devices_per_worker": 1, "primary_resource": "extra_gpu", "gpu": false, "verbose": false, "lr_config": {"mode": "log", "steps": 5, "initial_lr": 0.005, "target_lr": 0.005}, "batch_per_device": 128}, "time_since_restore": 294.6675238609314, "timesteps_since_restore": 0, "iterations_since_restore": 7, "mean_throughput": 1455.3733217424679, "atoms": 1, "setup_time": 10.097268104553223}
{"apply": 0.018830537796020508, "batch_time": 0.031600161443782755, "d2h": 0.0007343769073486328, "data_time": 0.0017828959638200453, "fwd": 0.029000258445739745, "get_state_time_mean": NaN, "get_state_time_total": 0.0, "grad": 0.050353837013244626, "mean_accuracy": 0.4391599953174591, "mean_loss": 1.5471151621246337, "neg_mean_accuracy": -0.4803999960422516, "set_state_time_mean": NaN, "set_state_time_total": 0.0, "setup_model_time_mean": NaN, "setup_model_time_total": 0.0, "setup_proc_time_mean": NaN, "setup_proc_time_total": 0.0, "train_accuracy": 0.4575199782848358, "train_loss": 1.484204278526306, "training_time_mean": NaN, "training_time_total": 0.0, "val_accuracy": 0.4803999960422516, "val_loss": 1.4486959781646729, "validation_time_mean": NaN, "validation_time_total": 0.0, "samples": 60000, "num_workers": 1, "done": false, "timesteps_total": null, "episodes_total": null, "training_iteration": 8, "neg_mean_loss": -1.5471151621246337, "experiment_id": "45b90344786744039fcb072d598479ca", "date": "2019-06-03_04-22-46", "timestamp": 1559560966, "time_this_iter_s": 41.06710195541382, "time_total_s": 335.7346258163452, "pid": 25816, "hostname": "steropes", "node_ip": "169.229.49.254", "config": {"starting_lr": 0.005, "momentum": 0.997, "weight_decay": 0.001, "steps_per_iteration": null, "pin": false, "model_creator": null, "target_batch_size": 128, "model_string": "resnet50", "min_batch_size": 128, "dataset": "CIFAR", "placement": null, "use_nccl": true, "devices_per_worker": 1, "primary_resource": "extra_gpu", "gpu": false, "verbose": false, "lr_config": {"mode": "log", "steps": 5, "initial_lr": 0.005, "target_lr": 0.005}, "batch_per_device": 128}, "time_since_restore": 335.7346258163452, "timesteps_since_restore": 0, "iterations_since_restore": 8, "mean_throughput": 1456.0649559991289, "atoms": 1, "setup_time": 10.097268104553223}
{"apply": 0.017695856094360352, "batch_time": 0.03307770777352249, "d2h": 0.0007354497909545898, "data_time": 0.0018026944621444662, "fwd": 0.028923797607421874, "get_state_time_mean": NaN, "get_state_time_total": 0.0, "grad": 0.04915587902069092, "mean_accuracy": 0.4588799953460693, "mean_loss": 1.4992331935119627, "neg_mean_accuracy": -0.49059998989105225, "set_state_time_mean": NaN, "set_state_time_total": 0.0, "setup_model_time_mean": NaN, "setup_model_time_total": 0.0, "setup_proc_time_mean": NaN, "setup_proc_time_total": 0.0, "train_accuracy": 0.46855998039245605, "train_loss": 1.4544343698883058, "training_time_mean": NaN, "training_time_total": 0.0, "val_accuracy": 0.49059998989105225, "val_loss": 1.3981807037353515, "validation_time_mean": NaN, "validation_time_total": 0.0, "samples": 60000, "num_workers": 1, "done": false, "timesteps_total": null, "episodes_total": null, "training_iteration": 9, "neg_mean_loss": -1.4992331935119627, "experiment_id": "45b90344786744039fcb072d598479ca", "date": "2019-06-03_04-23-27", "timestamp": 1559561007, "time_this_iter_s": 41.24128484725952, "time_total_s": 376.97591066360474, "pid": 25816, "hostname": "steropes", "node_ip": "169.229.49.254", "config": {"starting_lr": 0.005, "momentum": 0.997, "weight_decay": 0.001, "steps_per_iteration": null, "pin": false, "model_creator": null, "target_batch_size": 128, "model_string": "resnet50", "min_batch_size": 128, "dataset": "CIFAR", "placement": null, "use_nccl": true, "devices_per_worker": 1, "primary_resource": "extra_gpu", "gpu": false, "verbose": false, "lr_config": {"mode": "log", "steps": 5, "initial_lr": 0.005, "target_lr": 0.005}, "batch_per_device": 128}, "time_since_restore": 376.97591066360474, "timesteps_since_restore": 0, "iterations_since_restore": 9, "mean_throughput": 1457.2905491238441, "atoms": 1, "setup_time": 10.097268104553223}
{"apply": 0.017227530479431152, "batch_time": 0.03225171716907357, "d2h": 0.0007210731506347656, "data_time": 0.0017994346521089755, "fwd": 0.028043842315673827, "get_state_time_mean": NaN, "get_state_time_total": 0.0, "grad": 0.04916534423828125, "mean_accuracy": 0.4756999909877777, "mean_loss": 1.4581724360656738, "neg_mean_accuracy": -0.45749998092651367, "set_state_time_mean": NaN, "set_state_time_total": 0.0, "setup_model_time_mean": NaN, "setup_model_time_total": 0.0, "setup_proc_time_mean": NaN, "setup_proc_time_total": 0.0, "train_accuracy": 0.4755599796772003, "train_loss": 1.4375757973098755, "training_time_mean": NaN, "training_time_total": 0.0, "val_accuracy": 0.45749998092651367, "val_loss": 1.5569181762695312, "validation_time_mean": NaN, "validation_time_total": 0.0, "samples": 60000, "num_workers": 1, "done": false, "timesteps_total": null, "episodes_total": null, "training_iteration": 10, "neg_mean_loss": -1.4581724360656738, "experiment_id": "45b90344786744039fcb072d598479ca", "date": "2019-06-03_04-24-08", "timestamp": 1559561048, "time_this_iter_s": 41.17326593399048, "time_total_s": 418.1491765975952, "pid": 25816, "hostname": "steropes", "node_ip": "169.229.49.254", "config": {"starting_lr": 0.005, "momentum": 0.997, "weight_decay": 0.001, "steps_per_iteration": null, "pin": false, "model_creator": null, "target_batch_size": 128, "model_string": "resnet50", "min_batch_size": 128, "dataset": "CIFAR", "placement": null, "use_nccl": true, "devices_per_worker": 1, "primary_resource": "extra_gpu", "gpu": false, "verbose": false, "lr_config": {"mode": "log", "steps": 5, "initial_lr": 0.005, "target_lr": 0.005}, "batch_per_device": 128}, "time_since_restore": 418.1491765975952, "timesteps_since_restore": 0, "iterations_since_restore": 10, "mean_throughput": 1456.9259606179635, "atoms": 1, "setup_time": 10.097268104553223}
{"apply": 0.017986440658569337, "batch_time": 0.031872918334188344, "d2h": 0.0007263660430908203, "data_time": 0.0017805264124175167, "fwd": 0.029015612602233887, "get_state_time_mean": NaN, "get_state_time_total": 0.0, "grad": 0.04899120330810547, "mean_accuracy": 0.4948999881744385, "mean_loss": 1.405814193267822, "neg_mean_accuracy": -0.5569999814033508, "set_state_time_mean": NaN, "set_state_time_total": 0.0, "setup_model_time_mean": NaN, "setup_model_time_total": 0.0, "setup_proc_time_mean": NaN, "setup_proc_time_total": 0.0, "train_accuracy": 0.5177800059318542, "train_loss": 1.3411461103057862, "training_time_mean": NaN, "training_time_total": 0.0, "val_accuracy": 0.5569999814033508, "val_loss": 1.2205795719146728, "validation_time_mean": NaN, "validation_time_total": 0.0, "samples": 60000, "num_workers": 1, "done": false, "timesteps_total": null, "episodes_total": null, "training_iteration": 11, "neg_mean_loss": -1.405814193267822, "experiment_id": "45b90344786744039fcb072d598479ca", "date": "2019-06-03_04-24-49", "timestamp": 1559561089, "time_this_iter_s": 41.355093002319336, "time_total_s": 459.50426959991455, "pid": 25816, "hostname": "steropes", "node_ip": "169.229.49.254", "config": {"starting_lr": 0.005, "momentum": 0.997, "weight_decay": 0.001, "steps_per_iteration": null, "pin": false, "model_creator": null, "target_batch_size": 128, "model_string": "resnet50", "min_batch_size": 128, "dataset": "CIFAR", "placement": null, "use_nccl": true, "devices_per_worker": 1, "primary_resource": "extra_gpu", "gpu": false, "verbose": false, "lr_config": {"mode": "log", "steps": 5, "initial_lr": 0.005, "target_lr": 0.005}, "batch_per_device": 128}, "time_since_restore": 459.50426959991455, "timesteps_since_restore": 0, "iterations_since_restore": 11, "mean_throughput": 1455.78256358237, "atoms": 1, "setup_time": 10.097268104553223}
{"apply": 0.017223310470581055, "batch_time": 0.031541398808925966, "d2h": 0.0007008552551269531, "data_time": 0.001775934873029704, "fwd": 0.027890586853027345, "get_state_time_mean": NaN, "get_state_time_total": 0.0, "grad": 0.04971494674682617, "mean_accuracy": 0.5062999904155732, "mean_loss": 1.3835826179504394, "neg_mean_accuracy": -0.5460000038146973, "set_state_time_mean": NaN, "set_state_time_total": 0.0, "setup_model_time_mean": NaN, "setup_model_time_total": 0.0, "setup_proc_time_mean": NaN, "setup_proc_time_total": 0.0, "train_accuracy": 0.5319600105285645, "train_loss": 1.30927102104187, "training_time_mean": NaN, "training_time_total": 0.0, "val_accuracy": 0.5460000038146973, "val_loss": 1.2935386596679688, "validation_time_mean": NaN, "validation_time_total": 0.0, "samples": 60000, "num_workers": 1, "done": true, "timesteps_total": null, "episodes_total": null, "training_iteration": 12, "neg_mean_loss": -1.3835826179504394, "experiment_id": "45b90344786744039fcb072d598479ca", "date": "2019-06-03_04-25-31", "timestamp": 1559561131, "time_this_iter_s": 41.26639485359192, "time_total_s": 500.77066445350647, "pid": 25816, "hostname": "steropes", "node_ip": "169.229.49.254", "config": {"starting_lr": 0.005, "momentum": 0.997, "weight_decay": 0.001, "steps_per_iteration": null, "pin": false, "model_creator": null, "target_batch_size": 128, "model_string": "resnet50", "min_batch_size": 128, "dataset": "CIFAR", "placement": null, "use_nccl": true, "devices_per_worker": 1, "primary_resource": "extra_gpu", "gpu": false, "verbose": false, "lr_config": {"mode": "log", "steps": 5, "initial_lr": 0.005, "target_lr": 0.005}, "batch_per_device": 128}, "time_since_restore": 500.77066445350647, "timesteps_since_restore": 0, "iterations_since_restore": 12, "mean_throughput": 1455.5787970495148, "atoms": 1, "setup_time": 10.097268104553223}
