apply,batch_time,d2h,data_time,fwd,get_state_time_mean,get_state_time_total,grad,mean_accuracy,mean_loss,neg_mean_accuracy,set_state_time_mean,set_state_time_total,setup_model_time_mean,setup_model_time_total,setup_proc_time_mean,setup_proc_time_total,train_accuracy,train_loss,training_time_mean,training_time_total,val_accuracy,val_loss,validation_time_mean,validation_time_total,samples,num_workers,done,timesteps_total,episodes_total,training_iteration,neg_mean_loss,experiment_id,date,timestamp,time_this_iter_s,time_total_s,pid,hostname,node_ip,config,time_since_restore,timesteps_since_restore,iterations_since_restore,mean_throughput,atoms,setup_time
0.0201338529586792,0.041433385655849794,0.0007131338119506836,0.0018826610292010295,0.12093544006347656,nan,0.0,0.16461579799652098,0.2685000002384186,2.061090424156189,-0.2685000002384186,nan,0.0,8.489211797714233,8.489211797714233,0.12408971786499023,0.12408971786499023,0.19619999825954437,2.3173302420806885,nan,0.0,0.2685000002384186,2.061090424156189,nan,0.0,60000,1,False,,,1,-2.061090424156189,53dad371e4ff4336a161578d8ddd46c7,2019-06-06_10-31-30,1559842290,46.60087609291077,46.60087609291077,7401,steropes,169.229.49.254,"{'starting_lr': 0.0005, 'momentum': 0.95, 'weight_decay': 0.001, 'steps_per_iteration': None, 'pin': False, 'model_creator': None, 'target_batch_size': 128, 'model_string': 'resnet50', 'min_batch_size': 128, 'dataset': 'CIFAR', 'placement': None, 'use_nccl': True, 'devices_per_worker': 1, 'primary_resource': 'extra_gpu', 'gpu': False, 'verbose': False, 'lr_config': {'mode': 'log', 'steps': 5, 'initial_lr': 0.0005, 'target_lr': 0.0005}, 'batch_per_device': 128}",46.60087609291077,0,1,1287.5256742708245,1,8.728276252746582
0.01785857677459717,0.03183070919181727,0.0006905078887939453,0.0017885021541429603,0.02803037166595459,nan,0.0,0.04819586277008057,0.311149999499321,1.928095710659027,-0.3537999987602234,nan,0.0,nan,0.0,nan,0.0,0.2927199900150299,1.9433073001480103,nan,0.0,0.3537999987602234,1.7951009971618652,nan,0.0,60000,1,False,,,2,-1.928095710659027,53dad371e4ff4336a161578d8ddd46c7,2019-06-06_10-32-11,1559842331,41.203052282333374,87.80392837524414,7401,steropes,169.229.49.254,"{'starting_lr': 0.0005, 'momentum': 0.95, 'weight_decay': 0.001, 'steps_per_iteration': None, 'pin': False, 'model_creator': None, 'target_batch_size': 128, 'model_string': 'resnet50', 'min_batch_size': 128, 'dataset': 'CIFAR', 'placement': None, 'use_nccl': True, 'devices_per_worker': 1, 'primary_resource': 'extra_gpu', 'gpu': False, 'verbose': False, 'lr_config': {'mode': 'log', 'steps': 5, 'initial_lr': 0.0005, 'target_lr': 0.0005}, 'batch_per_device': 128}",87.80392837524414,0,2,1366.6780935642425,1,8.728276252746582
0.018393802642822265,0.032500719722313214,0.0007323503494262695,0.0017521210643641478,0.0284778356552124,nan,0.0,0.04797475337982178,0.33463333050409955,1.8572109755833945,-0.3815999925136566,nan,0.0,nan,0.0,nan,0.0,0.34185999631881714,1.8122115718841554,nan,0.0,0.3815999925136566,1.7154415054321288,nan,0.0,60000,1,False,,,3,-1.8572109755833945,53dad371e4ff4336a161578d8ddd46c7,2019-06-06_10-32-52,1559842372,41.28224325180054,129.08617162704468,7401,steropes,169.229.49.254,"{'starting_lr': 0.0005, 'momentum': 0.95, 'weight_decay': 0.001, 'steps_per_iteration': None, 'pin': False, 'model_creator': None, 'target_batch_size': 128, 'model_string': 'resnet50', 'min_batch_size': 128, 'dataset': 'CIFAR', 'placement': None, 'use_nccl': True, 'devices_per_worker': 1, 'primary_resource': 'extra_gpu', 'gpu': False, 'verbose': False, 'lr_config': {'mode': 'log', 'steps': 5, 'initial_lr': 0.0005, 'target_lr': 0.0005}, 'batch_per_device': 128}",129.08617162704468,0,3,1394.414210367038,1,8.728276252746582
0.019902491569519044,0.032319385794144645,0.0007236242294311523,0.001766067026826122,0.029259085655212402,nan,0.0,0.0511913537979126,0.3504749983549118,1.815413882303238,-0.39800000190734863,nan,0.0,nan,0.0,nan,0.0,0.3695800006389618,1.732415524749756,nan,0.0,0.39800000190734863,1.6900226024627685,nan,0.0,60000,1,False,,,4,-1.815413882303238,53dad371e4ff4336a161578d8ddd46c7,2019-06-06_10-33-35,1559842415,42.460779428482056,171.54695105552673,7401,steropes,169.229.49.254,"{'starting_lr': 0.0005, 'momentum': 0.95, 'weight_decay': 0.001, 'steps_per_iteration': None, 'pin': False, 'model_creator': None, 'target_batch_size': 128, 'model_string': 'resnet50', 'min_batch_size': 128, 'dataset': 'CIFAR', 'placement': None, 'use_nccl': True, 'devices_per_worker': 1, 'primary_resource': 'extra_gpu', 'gpu': False, 'verbose': False, 'lr_config': {'mode': 'log', 'steps': 5, 'initial_lr': 0.0005, 'target_lr': 0.0005}, 'batch_per_device': 128}",171.54695105552673,0,4,1399.0308999838428,1,8.728276252746582
0.02003169059753418,0.032488741452180885,0.0007159233093261719,0.00177857577038543,0.029627466201782228,nan,0.0,0.05195696353912353,0.36565999388694764,1.7712453429412842,-0.42639997601509094,nan,0.0,nan,0.0,nan,0.0,0.3949199914932251,1.6597818985366821,nan,0.0,0.42639997601509094,1.5945711854934692,nan,0.0,60000,1,False,,,5,-1.7712453429412842,53dad371e4ff4336a161578d8ddd46c7,2019-06-06_10-34-18,1559842458,43.37621212005615,214.92316317558289,7401,steropes,169.229.49.254,"{'starting_lr': 0.0005, 'momentum': 0.95, 'weight_decay': 0.001, 'steps_per_iteration': None, 'pin': False, 'model_creator': None, 'target_batch_size': 128, 'model_string': 'resnet50', 'min_batch_size': 128, 'dataset': 'CIFAR', 'placement': None, 'use_nccl': True, 'devices_per_worker': 1, 'primary_resource': 'extra_gpu', 'gpu': False, 'verbose': False, 'lr_config': {'mode': 'log', 'steps': 5, 'initial_lr': 0.0005, 'target_lr': 0.0005}, 'batch_per_device': 128}",214.92316317558289,0,5,1395.844796676578,1,8.728276252746582
0.019036102294921874,0.03247940087620216,0.0007022380828857422,0.0017467112187534342,0.028825879096984863,nan,0.0,0.049659204483032224,0.4008399903774261,1.6680739126586914,-0.44439998269081116,nan,0.0,nan,0.0,nan,0.0,0.41179999709129333,1.6062916051483154,nan,0.0,0.44439998269081116,1.5452332727432252,nan,0.0,60000,1,False,,,6,-1.6680739126586914,53dad371e4ff4336a161578d8ddd46c7,2019-06-06_10-35-01,1559842501,43.315791845321655,258.23895502090454,7401,steropes,169.229.49.254,"{'starting_lr': 0.0005, 'momentum': 0.95, 'weight_decay': 0.001, 'steps_per_iteration': None, 'pin': False, 'model_creator': None, 'target_batch_size': 128, 'model_string': 'resnet50', 'min_batch_size': 128, 'dataset': 'CIFAR', 'placement': None, 'use_nccl': True, 'devices_per_worker': 1, 'primary_resource': 'extra_gpu', 'gpu': False, 'verbose': False, 'lr_config': {'mode': 'log', 'steps': 5, 'initial_lr': 0.0005, 'target_lr': 0.0005}, 'batch_per_device': 128}",258.23895502090454,0,6,1417.511713403204,1,8.728276252746582
0.021664583683013917,0.05297163128852844,0.0006445050239562988,0.003166744903642304,0.11921521425247192,nan,0.0,0.21433919668197632,0.42327998876571654,1.6043790708732604,-0.4659999907016754,6.544612169265747,6.544612169265747,10.2616868019104,10.2616868019104,1.3173911571502686,1.3173911571502686,0.43922001123428345,1.5358869295120239,nan,0.0,0.4659999907016754,1.4766267882347108,nan,0.0,60000,2,False,,,7,-1.6043790708732604,53dad371e4ff4336a161578d8ddd46c7,2019-06-06_10-35-55,1559842555,33.69095993041992,291.92991495132446,14895,steropes,169.229.49.254,"{'starting_lr': 0.0005, 'momentum': 0.95, 'weight_decay': 0.001, 'steps_per_iteration': None, 'pin': False, 'model_creator': None, 'target_batch_size': 128, 'model_string': 'resnet50', 'min_batch_size': 128, 'dataset': 'CIFAR', 'placement': None, 'use_nccl': True, 'devices_per_worker': 1, 'primary_resource': 'extra_gpu', 'gpu': False, 'verbose': False, 'lr_config': {'mode': 'log', 'steps': 5, 'initial_lr': 0.0005, 'target_lr': 0.0007071067811865476}, 'batch_per_device': 128}",33.69095993041992,0,1,1780.8867172414386,2,19.804759740829468
0.018259847164154054,0.040030792355537415,0.0006522059440612793,0.003079969055798589,0.030229341983795163,nan,0.0,0.0828808069229126,0.4417599856853485,1.552351896419525,-0.4739999771118164,nan,0.0,nan,0.0,nan,0.0,0.4530799984931946,1.4985500260543823,nan,0.0,0.4739999771118164,1.455305633163452,nan,0.0,60000,2,False,,,8,-1.552351896419525,53dad371e4ff4336a161578d8ddd46c7,2019-06-06_10-36-23,1559842583,28.54895544052124,320.4788703918457,14895,steropes,169.229.49.254,"{'starting_lr': 0.0005, 'momentum': 0.95, 'weight_decay': 0.001, 'steps_per_iteration': None, 'pin': False, 'model_creator': None, 'target_batch_size': 128, 'model_string': 'resnet50', 'min_batch_size': 128, 'dataset': 'CIFAR', 'placement': None, 'use_nccl': True, 'devices_per_worker': 1, 'primary_resource': 'extra_gpu', 'gpu': False, 'verbose': False, 'lr_config': {'mode': 'log', 'steps': 5, 'initial_lr': 0.0005, 'target_lr': 0.0007071067811865476}, 'batch_per_device': 128}",62.23991537094116,0,2,1928.0167690979026,2,19.804759740829468
0.017995727062225342,0.03915162086486816,0.0006829142570495606,0.0031788154524199815,0.02838050127029419,nan,0.0,0.08345799446105957,0.45745998024940493,1.5000774627685547,-0.4764999747276306,nan,0.0,nan,0.0,nan,0.0,0.4606199860572815,1.4773144693756104,nan,0.0,0.4764999747276306,1.4286504342079163,nan,0.0,60000,2,True,,,9,-1.5000774627685547,53dad371e4ff4336a161578d8ddd46c7,2019-06-06_10-36-52,1559842612,28.9234561920166,349.4023265838623,14895,steropes,169.229.49.254,"{'starting_lr': 0.0005, 'momentum': 0.95, 'weight_decay': 0.001, 'steps_per_iteration': None, 'pin': False, 'model_creator': None, 'target_batch_size': 128, 'model_string': 'resnet50', 'min_batch_size': 128, 'dataset': 'CIFAR', 'placement': None, 'use_nccl': True, 'devices_per_worker': 1, 'primary_resource': 'extra_gpu', 'gpu': False, 'verbose': False, 'lr_config': {'mode': 'log', 'steps': 5, 'initial_lr': 0.0005, 'target_lr': 0.0007071067811865476}, 'batch_per_device': 128}",91.16337156295776,0,3,1974.4710081669575,2,19.804759740829468
