{"apply": 0.0201338529586792, "batch_time": 0.041433385655849794, "d2h": 0.0007131338119506836, "data_time": 0.0018826610292010295, "fwd": 0.12093544006347656, "get_state_time_mean": NaN, "get_state_time_total": 0.0, "grad": 0.16461579799652098, "mean_accuracy": 0.2685000002384186, "mean_loss": 2.061090424156189, "neg_mean_accuracy": -0.2685000002384186, "set_state_time_mean": NaN, "set_state_time_total": 0.0, "setup_model_time_mean": 8.489211797714233, "setup_model_time_total": 8.489211797714233, "setup_proc_time_mean": 0.12408971786499023, "setup_proc_time_total": 0.12408971786499023, "train_accuracy": 0.19619999825954437, "train_loss": 2.3173302420806885, "training_time_mean": NaN, "training_time_total": 0.0, "val_accuracy": 0.2685000002384186, "val_loss": 2.061090424156189, "validation_time_mean": NaN, "validation_time_total": 0.0, "samples": 60000, "num_workers": 1, "done": false, "timesteps_total": null, "episodes_total": null, "training_iteration": 1, "neg_mean_loss": -2.061090424156189, "experiment_id": "53dad371e4ff4336a161578d8ddd46c7", "date": "2019-06-06_10-31-30", "timestamp": 1559842290, "time_this_iter_s": 46.60087609291077, "time_total_s": 46.60087609291077, "pid": 7401, "hostname": "steropes", "node_ip": "169.229.49.254", "config": {"starting_lr": 0.0005, "momentum": 0.95, "weight_decay": 0.001, "steps_per_iteration": null, "pin": false, "model_creator": null, "target_batch_size": 128, "model_string": "resnet50", "min_batch_size": 128, "dataset": "CIFAR", "placement": null, "use_nccl": true, "devices_per_worker": 1, "primary_resource": "extra_gpu", "gpu": false, "verbose": false, "lr_config": {"mode": "log", "steps": 5, "initial_lr": 0.0005, "target_lr": 0.0005}, "batch_per_device": 128}, "time_since_restore": 46.60087609291077, "timesteps_since_restore": 0, "iterations_since_restore": 1, "mean_throughput": 1287.5256742708245, "atoms": 1, "setup_time": 8.728276252746582}
{"apply": 0.01785857677459717, "batch_time": 0.03183070919181727, "d2h": 0.0006905078887939453, "data_time": 0.0017885021541429603, "fwd": 0.02803037166595459, "get_state_time_mean": NaN, "get_state_time_total": 0.0, "grad": 0.04819586277008057, "mean_accuracy": 0.311149999499321, "mean_loss": 1.928095710659027, "neg_mean_accuracy": -0.3537999987602234, "set_state_time_mean": NaN, "set_state_time_total": 0.0, "setup_model_time_mean": NaN, "setup_model_time_total": 0.0, "setup_proc_time_mean": NaN, "setup_proc_time_total": 0.0, "train_accuracy": 0.2927199900150299, "train_loss": 1.9433073001480103, "training_time_mean": NaN, "training_time_total": 0.0, "val_accuracy": 0.3537999987602234, "val_loss": 1.7951009971618652, "validation_time_mean": NaN, "validation_time_total": 0.0, "samples": 60000, "num_workers": 1, "done": false, "timesteps_total": null, "episodes_total": null, "training_iteration": 2, "neg_mean_loss": -1.928095710659027, "experiment_id": "53dad371e4ff4336a161578d8ddd46c7", "date": "2019-06-06_10-32-11", "timestamp": 1559842331, "time_this_iter_s": 41.203052282333374, "time_total_s": 87.80392837524414, "pid": 7401, "hostname": "steropes", "node_ip": "169.229.49.254", "config": {"starting_lr": 0.0005, "momentum": 0.95, "weight_decay": 0.001, "steps_per_iteration": null, "pin": false, "model_creator": null, "target_batch_size": 128, "model_string": "resnet50", "min_batch_size": 128, "dataset": "CIFAR", "placement": null, "use_nccl": true, "devices_per_worker": 1, "primary_resource": "extra_gpu", "gpu": false, "verbose": false, "lr_config": {"mode": "log", "steps": 5, "initial_lr": 0.0005, "target_lr": 0.0005}, "batch_per_device": 128}, "time_since_restore": 87.80392837524414, "timesteps_since_restore": 0, "iterations_since_restore": 2, "mean_throughput": 1366.6780935642425, "atoms": 1, "setup_time": 8.728276252746582}
{"apply": 0.018393802642822265, "batch_time": 0.032500719722313214, "d2h": 0.0007323503494262695, "data_time": 0.0017521210643641478, "fwd": 0.0284778356552124, "get_state_time_mean": NaN, "get_state_time_total": 0.0, "grad": 0.04797475337982178, "mean_accuracy": 0.33463333050409955, "mean_loss": 1.8572109755833945, "neg_mean_accuracy": -0.3815999925136566, "set_state_time_mean": NaN, "set_state_time_total": 0.0, "setup_model_time_mean": NaN, "setup_model_time_total": 0.0, "setup_proc_time_mean": NaN, "setup_proc_time_total": 0.0, "train_accuracy": 0.34185999631881714, "train_loss": 1.8122115718841554, "training_time_mean": NaN, "training_time_total": 0.0, "val_accuracy": 0.3815999925136566, "val_loss": 1.7154415054321288, "validation_time_mean": NaN, "validation_time_total": 0.0, "samples": 60000, "num_workers": 1, "done": false, "timesteps_total": null, "episodes_total": null, "training_iteration": 3, "neg_mean_loss": -1.8572109755833945, "experiment_id": "53dad371e4ff4336a161578d8ddd46c7", "date": "2019-06-06_10-32-52", "timestamp": 1559842372, "time_this_iter_s": 41.28224325180054, "time_total_s": 129.08617162704468, "pid": 7401, "hostname": "steropes", "node_ip": "169.229.49.254", "config": {"starting_lr": 0.0005, "momentum": 0.95, "weight_decay": 0.001, "steps_per_iteration": null, "pin": false, "model_creator": null, "target_batch_size": 128, "model_string": "resnet50", "min_batch_size": 128, "dataset": "CIFAR", "placement": null, "use_nccl": true, "devices_per_worker": 1, "primary_resource": "extra_gpu", "gpu": false, "verbose": false, "lr_config": {"mode": "log", "steps": 5, "initial_lr": 0.0005, "target_lr": 0.0005}, "batch_per_device": 128}, "time_since_restore": 129.08617162704468, "timesteps_since_restore": 0, "iterations_since_restore": 3, "mean_throughput": 1394.414210367038, "atoms": 1, "setup_time": 8.728276252746582}
{"apply": 0.019902491569519044, "batch_time": 0.032319385794144645, "d2h": 0.0007236242294311523, "data_time": 0.001766067026826122, "fwd": 0.029259085655212402, "get_state_time_mean": NaN, "get_state_time_total": 0.0, "grad": 0.0511913537979126, "mean_accuracy": 0.3504749983549118, "mean_loss": 1.815413882303238, "neg_mean_accuracy": -0.39800000190734863, "set_state_time_mean": NaN, "set_state_time_total": 0.0, "setup_model_time_mean": NaN, "setup_model_time_total": 0.0, "setup_proc_time_mean": NaN, "setup_proc_time_total": 0.0, "train_accuracy": 0.3695800006389618, "train_loss": 1.732415524749756, "training_time_mean": NaN, "training_time_total": 0.0, "val_accuracy": 0.39800000190734863, "val_loss": 1.6900226024627685, "validation_time_mean": NaN, "validation_time_total": 0.0, "samples": 60000, "num_workers": 1, "done": false, "timesteps_total": null, "episodes_total": null, "training_iteration": 4, "neg_mean_loss": -1.815413882303238, "experiment_id": "53dad371e4ff4336a161578d8ddd46c7", "date": "2019-06-06_10-33-35", "timestamp": 1559842415, "time_this_iter_s": 42.460779428482056, "time_total_s": 171.54695105552673, "pid": 7401, "hostname": "steropes", "node_ip": "169.229.49.254", "config": {"starting_lr": 0.0005, "momentum": 0.95, "weight_decay": 0.001, "steps_per_iteration": null, "pin": false, "model_creator": null, "target_batch_size": 128, "model_string": "resnet50", "min_batch_size": 128, "dataset": "CIFAR", "placement": null, "use_nccl": true, "devices_per_worker": 1, "primary_resource": "extra_gpu", "gpu": false, "verbose": false, "lr_config": {"mode": "log", "steps": 5, "initial_lr": 0.0005, "target_lr": 0.0005}, "batch_per_device": 128}, "time_since_restore": 171.54695105552673, "timesteps_since_restore": 0, "iterations_since_restore": 4, "mean_throughput": 1399.0308999838428, "atoms": 1, "setup_time": 8.728276252746582}
{"apply": 0.02003169059753418, "batch_time": 0.032488741452180885, "d2h": 0.0007159233093261719, "data_time": 0.00177857577038543, "fwd": 0.029627466201782228, "get_state_time_mean": NaN, "get_state_time_total": 0.0, "grad": 0.05195696353912353, "mean_accuracy": 0.36565999388694764, "mean_loss": 1.7712453429412842, "neg_mean_accuracy": -0.42639997601509094, "set_state_time_mean": NaN, "set_state_time_total": 0.0, "setup_model_time_mean": NaN, "setup_model_time_total": 0.0, "setup_proc_time_mean": NaN, "setup_proc_time_total": 0.0, "train_accuracy": 0.3949199914932251, "train_loss": 1.6597818985366821, "training_time_mean": NaN, "training_time_total": 0.0, "val_accuracy": 0.42639997601509094, "val_loss": 1.5945711854934692, "validation_time_mean": NaN, "validation_time_total": 0.0, "samples": 60000, "num_workers": 1, "done": false, "timesteps_total": null, "episodes_total": null, "training_iteration": 5, "neg_mean_loss": -1.7712453429412842, "experiment_id": "53dad371e4ff4336a161578d8ddd46c7", "date": "2019-06-06_10-34-18", "timestamp": 1559842458, "time_this_iter_s": 43.37621212005615, "time_total_s": 214.92316317558289, "pid": 7401, "hostname": "steropes", "node_ip": "169.229.49.254", "config": {"starting_lr": 0.0005, "momentum": 0.95, "weight_decay": 0.001, "steps_per_iteration": null, "pin": false, "model_creator": null, "target_batch_size": 128, "model_string": "resnet50", "min_batch_size": 128, "dataset": "CIFAR", "placement": null, "use_nccl": true, "devices_per_worker": 1, "primary_resource": "extra_gpu", "gpu": false, "verbose": false, "lr_config": {"mode": "log", "steps": 5, "initial_lr": 0.0005, "target_lr": 0.0005}, "batch_per_device": 128}, "time_since_restore": 214.92316317558289, "timesteps_since_restore": 0, "iterations_since_restore": 5, "mean_throughput": 1395.844796676578, "atoms": 1, "setup_time": 8.728276252746582}
{"apply": 0.019036102294921874, "batch_time": 0.03247940087620216, "d2h": 0.0007022380828857422, "data_time": 0.0017467112187534342, "fwd": 0.028825879096984863, "get_state_time_mean": NaN, "get_state_time_total": 0.0, "grad": 0.049659204483032224, "mean_accuracy": 0.4008399903774261, "mean_loss": 1.6680739126586914, "neg_mean_accuracy": -0.44439998269081116, "set_state_time_mean": NaN, "set_state_time_total": 0.0, "setup_model_time_mean": NaN, "setup_model_time_total": 0.0, "setup_proc_time_mean": NaN, "setup_proc_time_total": 0.0, "train_accuracy": 0.41179999709129333, "train_loss": 1.6062916051483154, "training_time_mean": NaN, "training_time_total": 0.0, "val_accuracy": 0.44439998269081116, "val_loss": 1.5452332727432252, "validation_time_mean": NaN, "validation_time_total": 0.0, "samples": 60000, "num_workers": 1, "done": false, "timesteps_total": null, "episodes_total": null, "training_iteration": 6, "neg_mean_loss": -1.6680739126586914, "experiment_id": "53dad371e4ff4336a161578d8ddd46c7", "date": "2019-06-06_10-35-01", "timestamp": 1559842501, "time_this_iter_s": 43.315791845321655, "time_total_s": 258.23895502090454, "pid": 7401, "hostname": "steropes", "node_ip": "169.229.49.254", "config": {"starting_lr": 0.0005, "momentum": 0.95, "weight_decay": 0.001, "steps_per_iteration": null, "pin": false, "model_creator": null, "target_batch_size": 128, "model_string": "resnet50", "min_batch_size": 128, "dataset": "CIFAR", "placement": null, "use_nccl": true, "devices_per_worker": 1, "primary_resource": "extra_gpu", "gpu": false, "verbose": false, "lr_config": {"mode": "log", "steps": 5, "initial_lr": 0.0005, "target_lr": 0.0005}, "batch_per_device": 128}, "time_since_restore": 258.23895502090454, "timesteps_since_restore": 0, "iterations_since_restore": 6, "mean_throughput": 1417.511713403204, "atoms": 1, "setup_time": 8.728276252746582}
{"apply": 0.021664583683013917, "batch_time": 0.05297163128852844, "d2h": 0.0006445050239562988, "data_time": 0.003166744903642304, "fwd": 0.11921521425247192, "get_state_time_mean": NaN, "get_state_time_total": 0.0, "grad": 0.21433919668197632, "mean_accuracy": 0.42327998876571654, "mean_loss": 1.6043790708732604, "neg_mean_accuracy": -0.4659999907016754, "set_state_time_mean": 6.544612169265747, "set_state_time_total": 6.544612169265747, "setup_model_time_mean": 10.2616868019104, "setup_model_time_total": 10.2616868019104, "setup_proc_time_mean": 1.3173911571502686, "setup_proc_time_total": 1.3173911571502686, "train_accuracy": 0.43922001123428345, "train_loss": 1.5358869295120239, "training_time_mean": NaN, "training_time_total": 0.0, "val_accuracy": 0.4659999907016754, "val_loss": 1.4766267882347108, "validation_time_mean": NaN, "validation_time_total": 0.0, "samples": 60000, "num_workers": 2, "done": false, "timesteps_total": null, "episodes_total": null, "training_iteration": 7, "neg_mean_loss": -1.6043790708732604, "experiment_id": "53dad371e4ff4336a161578d8ddd46c7", "date": "2019-06-06_10-35-55", "timestamp": 1559842555, "time_this_iter_s": 33.69095993041992, "time_total_s": 291.92991495132446, "pid": 14895, "hostname": "steropes", "node_ip": "169.229.49.254", "config": {"starting_lr": 0.0005, "momentum": 0.95, "weight_decay": 0.001, "steps_per_iteration": null, "pin": false, "model_creator": null, "target_batch_size": 128, "model_string": "resnet50", "min_batch_size": 128, "dataset": "CIFAR", "placement": null, "use_nccl": true, "devices_per_worker": 1, "primary_resource": "extra_gpu", "gpu": false, "verbose": false, "lr_config": {"mode": "log", "steps": 5, "initial_lr": 0.0005, "target_lr": 0.0007071067811865476}, "batch_per_device": 128}, "time_since_restore": 33.69095993041992, "timesteps_since_restore": 0, "iterations_since_restore": 1, "mean_throughput": 1780.8867172414386, "atoms": 2, "setup_time": 19.804759740829468}
{"apply": 0.018259847164154054, "batch_time": 0.040030792355537415, "d2h": 0.0006522059440612793, "data_time": 0.003079969055798589, "fwd": 0.030229341983795163, "get_state_time_mean": NaN, "get_state_time_total": 0.0, "grad": 0.0828808069229126, "mean_accuracy": 0.4417599856853485, "mean_loss": 1.552351896419525, "neg_mean_accuracy": -0.4739999771118164, "set_state_time_mean": NaN, "set_state_time_total": 0.0, "setup_model_time_mean": NaN, "setup_model_time_total": 0.0, "setup_proc_time_mean": NaN, "setup_proc_time_total": 0.0, "train_accuracy": 0.4530799984931946, "train_loss": 1.4985500260543823, "training_time_mean": NaN, "training_time_total": 0.0, "val_accuracy": 0.4739999771118164, "val_loss": 1.455305633163452, "validation_time_mean": NaN, "validation_time_total": 0.0, "samples": 60000, "num_workers": 2, "done": false, "timesteps_total": null, "episodes_total": null, "training_iteration": 8, "neg_mean_loss": -1.552351896419525, "experiment_id": "53dad371e4ff4336a161578d8ddd46c7", "date": "2019-06-06_10-36-23", "timestamp": 1559842583, "time_this_iter_s": 28.54895544052124, "time_total_s": 320.4788703918457, "pid": 14895, "hostname": "steropes", "node_ip": "169.229.49.254", "config": {"starting_lr": 0.0005, "momentum": 0.95, "weight_decay": 0.001, "steps_per_iteration": null, "pin": false, "model_creator": null, "target_batch_size": 128, "model_string": "resnet50", "min_batch_size": 128, "dataset": "CIFAR", "placement": null, "use_nccl": true, "devices_per_worker": 1, "primary_resource": "extra_gpu", "gpu": false, "verbose": false, "lr_config": {"mode": "log", "steps": 5, "initial_lr": 0.0005, "target_lr": 0.0007071067811865476}, "batch_per_device": 128}, "time_since_restore": 62.23991537094116, "timesteps_since_restore": 0, "iterations_since_restore": 2, "mean_throughput": 1928.0167690979026, "atoms": 2, "setup_time": 19.804759740829468}
{"apply": 0.017995727062225342, "batch_time": 0.03915162086486816, "d2h": 0.0006829142570495606, "data_time": 0.0031788154524199815, "fwd": 0.02838050127029419, "get_state_time_mean": NaN, "get_state_time_total": 0.0, "grad": 0.08345799446105957, "mean_accuracy": 0.45745998024940493, "mean_loss": 1.5000774627685547, "neg_mean_accuracy": -0.4764999747276306, "set_state_time_mean": NaN, "set_state_time_total": 0.0, "setup_model_time_mean": NaN, "setup_model_time_total": 0.0, "setup_proc_time_mean": NaN, "setup_proc_time_total": 0.0, "train_accuracy": 0.4606199860572815, "train_loss": 1.4773144693756104, "training_time_mean": NaN, "training_time_total": 0.0, "val_accuracy": 0.4764999747276306, "val_loss": 1.4286504342079163, "validation_time_mean": NaN, "validation_time_total": 0.0, "samples": 60000, "num_workers": 2, "done": true, "timesteps_total": null, "episodes_total": null, "training_iteration": 9, "neg_mean_loss": -1.5000774627685547, "experiment_id": "53dad371e4ff4336a161578d8ddd46c7", "date": "2019-06-06_10-36-52", "timestamp": 1559842612, "time_this_iter_s": 28.9234561920166, "time_total_s": 349.4023265838623, "pid": 14895, "hostname": "steropes", "node_ip": "169.229.49.254", "config": {"starting_lr": 0.0005, "momentum": 0.95, "weight_decay": 0.001, "steps_per_iteration": null, "pin": false, "model_creator": null, "target_batch_size": 128, "model_string": "resnet50", "min_batch_size": 128, "dataset": "CIFAR", "placement": null, "use_nccl": true, "devices_per_worker": 1, "primary_resource": "extra_gpu", "gpu": false, "verbose": false, "lr_config": {"mode": "log", "steps": 5, "initial_lr": 0.0005, "target_lr": 0.0007071067811865476}, "batch_per_device": 128}, "time_since_restore": 91.16337156295776, "timesteps_since_restore": 0, "iterations_since_restore": 3, "mean_throughput": 1974.4710081669575, "atoms": 2, "setup_time": 19.804759740829468}
