apply,batch_time,d2h,data_time,fwd,get_state_time_mean,get_state_time_total,grad,mean_accuracy,mean_loss,neg_mean_accuracy,set_state_time_mean,set_state_time_total,setup_model_time_mean,setup_model_time_total,setup_proc_time_mean,setup_proc_time_total,train_accuracy,train_loss,training_time_mean,training_time_total,validation_time_mean,validation_time_total,samples,num_workers,done,timesteps_total,episodes_total,training_iteration,neg_mean_loss,experiment_id,date,timestamp,time_this_iter_s,time_total_s,pid,hostname,node_ip,config,time_since_restore,timesteps_since_restore,iterations_since_restore,mean_throughput,atoms
0.0086669921875,0.20794739723205566,0.006192612648010254,0.04194362796082789,0.08578360080718994,nan,0.0,0.1520212173461914,0.36800000071525574,1.8085447996139525,-0.36800000071525574,nan,0.0,10.200785398483276,10.200785398483276,0.27154040336608887,0.27154040336608887,0.26523998379707336,2.523338050804138,nan,0.0,nan,0.0,60000,1,False,,,1,-1.8085447996139525,74aebc64d3c948c383270de8c8566376,2019-05-30_14-49-12,1559252952,12.704524993896484,12.704524993896484,12028,steropes,169.229.49.254,"{'starting_lr': 0.005, 'momentum': 0.997, 'weight_decay': 0.001, 'steps_per_iteration': None, 'pin': False, 'model_creator': None, 'target_batch_size': 1024, 'model_string': 'resnet18', 'min_batch_size': 512, 'dataset': 'CIFAR', 'placement': None, 'use_nccl': True, 'devices_per_worker': 1, 'primary_resource': 'extra_gpu', 'gpu': False, 'verbose': False, 'lr_config': {'mode': 'log', 'steps': 5, 'initial_lr': 0.005, 'target_lr': 0.005}, 'batch_per_device': 1024}",12.704524993896484,0,1,4722.693954868175,1
0.008045029640197755,0.15253663063049316,0.005039668083190918,0.0358571179059087,0.03237950801849365,nan,0.0,0.06693520545959472,0.43860000371932983,1.5840973751068115,-0.43860000371932983,nan,0.0,nan,0.0,nan,0.0,0.40375998616218567,1.615657614364624,nan,0.0,nan,0.0,60000,1,False,,,2,-1.5840973751068115,74aebc64d3c948c383270de8c8566376,2019-05-30_14-49-20,1559252960,8.841578245162964,21.54610323905945,12028,steropes,169.229.49.254,"{'starting_lr': 0.005, 'momentum': 0.997, 'weight_decay': 0.001, 'steps_per_iteration': None, 'pin': False, 'model_creator': None, 'target_batch_size': 1024, 'model_string': 'resnet18', 'min_batch_size': 512, 'dataset': 'CIFAR', 'placement': None, 'use_nccl': True, 'devices_per_worker': 1, 'primary_resource': 'extra_gpu', 'gpu': False, 'verbose': False, 'lr_config': {'mode': 'log', 'steps': 5, 'initial_lr': 0.005, 'target_lr': 0.005}, 'batch_per_device': 1024}",21.54610323905945,0,2,5569.348786292959,1
0.0074292182922363285,0.15054793357849122,0.005669856071472168,0.033033025508024255,0.02850050926208496,nan,0.0,0.05653107166290283,0.4578999876976013,1.5407458240509033,-0.4578999876976013,nan,0.0,nan,0.0,nan,0.0,0.45361998677253723,1.4947150925827026,nan,0.0,nan,0.0,60000,1,False,,,3,-1.5407458240509033,74aebc64d3c948c383270de8c8566376,2019-05-30_14-49-29,1559252969,8.45752763748169,30.003630876541138,12028,steropes,169.229.49.254,"{'starting_lr': 0.005, 'momentum': 0.997, 'weight_decay': 0.001, 'steps_per_iteration': None, 'pin': False, 'model_creator': None, 'target_batch_size': 1024, 'model_string': 'resnet18', 'min_batch_size': 512, 'dataset': 'CIFAR', 'placement': None, 'use_nccl': True, 'devices_per_worker': 1, 'primary_resource': 'extra_gpu', 'gpu': False, 'verbose': False, 'lr_config': {'mode': 'log', 'steps': 5, 'initial_lr': 0.005, 'target_lr': 0.005}, 'batch_per_device': 1024}",30.003630876541138,0,3,5999.178522062817,1
0.011615896224975586,0.15545933246612548,0.005464339256286621,0.02636771785969637,0.0366020679473877,nan,0.0,0.06539058685302734,0.49699997901916504,1.4239561056137084,-0.49699997901916504,nan,0.0,nan,0.0,nan,0.0,0.46935999393463135,1.4649543505859375,nan,0.0,nan,0.0,60000,1,False,,,4,-1.4239561056137084,74aebc64d3c948c383270de8c8566376,2019-05-30_14-49-37,1559252977,8.541106939315796,38.544737815856934,12028,steropes,169.229.49.254,"{'starting_lr': 0.005, 'momentum': 0.997, 'weight_decay': 0.001, 'steps_per_iteration': None, 'pin': False, 'model_creator': None, 'target_batch_size': 1024, 'model_string': 'resnet18', 'min_batch_size': 512, 'dataset': 'CIFAR', 'placement': None, 'use_nccl': True, 'devices_per_worker': 1, 'primary_resource': 'extra_gpu', 'gpu': False, 'verbose': False, 'lr_config': {'mode': 'log', 'steps': 5, 'initial_lr': 0.005, 'target_lr': 0.005}, 'batch_per_device': 1024}",38.544737815856934,0,4,6226.441059071441,1
0.007957148551940917,0.13854963779449464,0.006798791885375977,0.043728229950885385,0.03519759178161621,nan,0.0,0.06053338050842285,0.5066999793052673,1.3939500579833983,-0.5066999793052673,nan,0.0,nan,0.0,nan,0.0,0.495959997177124,1.391279411392212,nan,0.0,nan,0.0,60000,1,False,,,5,-1.3939500579833983,74aebc64d3c948c383270de8c8566376,2019-05-30_14-49-46,1559252986,8.993712425231934,47.53845024108887,12028,steropes,169.229.49.254,"{'starting_lr': 0.005, 'momentum': 0.997, 'weight_decay': 0.001, 'steps_per_iteration': None, 'pin': False, 'model_creator': None, 'target_batch_size': 1024, 'model_string': 'resnet18', 'min_batch_size': 512, 'dataset': 'CIFAR', 'placement': None, 'use_nccl': True, 'devices_per_worker': 1, 'primary_resource': 'extra_gpu', 'gpu': False, 'verbose': False, 'lr_config': {'mode': 'log', 'steps': 5, 'initial_lr': 0.005, 'target_lr': 0.005}, 'batch_per_device': 1024}",47.53845024108887,0,5,6310.596575815156,1
0.00830838680267334,0.13024866580963135,0.0054904699325561525,0.03616677011762347,0.03139410018920898,nan,0.0,0.04859170913696289,0.5194999575614929,1.3374832084655761,-0.5194999575614929,nan,0.0,nan,0.0,nan,0.0,0.51173996925354,1.3479284433746337,nan,0.0,nan,0.0,60000,1,False,,,6,-1.3374832084655761,74aebc64d3c948c383270de8c8566376,2019-05-30_14-49-55,1559252995,8.503107070922852,56.04155731201172,12028,steropes,169.229.49.254,"{'starting_lr': 0.005, 'momentum': 0.997, 'weight_decay': 0.001, 'steps_per_iteration': None, 'pin': False, 'model_creator': None, 'target_batch_size': 1024, 'model_string': 'resnet18', 'min_batch_size': 512, 'dataset': 'CIFAR', 'placement': None, 'use_nccl': True, 'devices_per_worker': 1, 'primary_resource': 'extra_gpu', 'gpu': False, 'verbose': False, 'lr_config': {'mode': 'log', 'steps': 5, 'initial_lr': 0.005, 'target_lr': 0.005}, 'batch_per_device': 1024}",56.04155731201172,0,6,6922.385889958645,1
0.009103155136108399,0.13405892848968506,0.0052353858947753905,0.03068188745148328,0.034168338775634764,nan,0.0,0.060713553428649904,0.5551999807357788,1.2426652658462525,-0.5551999807357788,nan,0.0,nan,0.0,nan,0.0,0.5311999917030334,1.3034874712371827,nan,0.0,nan,0.0,60000,1,False,,,7,-1.2426652658462525,74aebc64d3c948c383270de8c8566376,2019-05-30_14-50-03,1559253003,8.462086915969849,64.50364422798157,12028,steropes,169.229.49.254,"{'starting_lr': 0.005, 'momentum': 0.997, 'weight_decay': 0.001, 'steps_per_iteration': None, 'pin': False, 'model_creator': None, 'target_batch_size': 1024, 'model_string': 'resnet18', 'min_batch_size': 512, 'dataset': 'CIFAR', 'placement': None, 'use_nccl': True, 'devices_per_worker': 1, 'primary_resource': 'extra_gpu', 'gpu': False, 'verbose': False, 'lr_config': {'mode': 'log', 'steps': 5, 'initial_lr': 0.005, 'target_lr': 0.005}, 'batch_per_device': 1024}",64.50364422798157,0,7,6983.576475753306,1
0.011313891410827637,0.14402618408203124,0.005603480339050293,0.031506635704819035,0.024607062339782715,nan,0.0,0.05176386833190918,0.5557000041007996,1.2049576543807983,-0.5557000041007996,nan,0.0,nan,0.0,nan,0.0,0.5427600145339966,1.2651065408706665,nan,0.0,nan,0.0,60000,1,False,,,8,-1.2049576543807983,74aebc64d3c948c383270de8c8566376,2019-05-30_14-50-12,1559253012,8.218733310699463,72.72237753868103,12028,steropes,169.229.49.254,"{'starting_lr': 0.005, 'momentum': 0.997, 'weight_decay': 0.001, 'steps_per_iteration': None, 'pin': False, 'model_creator': None, 'target_batch_size': 1024, 'model_string': 'resnet18', 'min_batch_size': 512, 'dataset': 'CIFAR', 'placement': None, 'use_nccl': True, 'devices_per_worker': 1, 'primary_resource': 'extra_gpu', 'gpu': False, 'verbose': False, 'lr_config': {'mode': 'log', 'steps': 5, 'initial_lr': 0.005, 'target_lr': 0.005}, 'batch_per_device': 1024}",72.72237753868103,0,8,7022.612725554386,1
0.008629512786865235,0.14469828605651855,0.005271482467651367,0.03527001458771375,0.02922532558441162,nan,0.0,0.05300891399383545,0.578000009059906,1.1784294073104857,-0.578000009059906,nan,0.0,nan,0.0,nan,0.0,0.5595999956130981,1.2176381272888184,nan,0.0,nan,0.0,60000,1,False,,,9,-1.1784294073104857,74aebc64d3c948c383270de8c8566376,2019-05-30_14-50-20,1559253020,8.426249980926514,81.14862751960754,12028,steropes,169.229.49.254,"{'starting_lr': 0.005, 'momentum': 0.997, 'weight_decay': 0.001, 'steps_per_iteration': None, 'pin': False, 'model_creator': None, 'target_batch_size': 1024, 'model_string': 'resnet18', 'min_batch_size': 512, 'dataset': 'CIFAR', 'placement': None, 'use_nccl': True, 'devices_per_worker': 1, 'primary_resource': 'extra_gpu', 'gpu': False, 'verbose': False, 'lr_config': {'mode': 'log', 'steps': 5, 'initial_lr': 0.005, 'target_lr': 0.005}, 'batch_per_device': 1024}",81.14862751960754,0,9,7041.544997519213,1
0.007301139831542969,0.1351029872894287,0.0065369844436645504,0.04483590320665009,0.02741975784301758,nan,0.0,0.05379915237426758,0.5981000065803528,1.1118461177825927,-0.5981000065803528,nan,0.0,nan,0.0,nan,0.0,0.5785599946975708,1.1750773259353637,nan,0.0,nan,0.0,60000,1,False,,,10,-1.1118461177825927,74aebc64d3c948c383270de8c8566376,2019-05-30_14-50-29,1559253029,8.608542919158936,89.75717043876648,12028,steropes,169.229.49.254,"{'starting_lr': 0.005, 'momentum': 0.997, 'weight_decay': 0.001, 'steps_per_iteration': None, 'pin': False, 'model_creator': None, 'target_batch_size': 1024, 'model_string': 'resnet18', 'min_batch_size': 512, 'dataset': 'CIFAR', 'placement': None, 'use_nccl': True, 'devices_per_worker': 1, 'primary_resource': 'extra_gpu', 'gpu': False, 'verbose': False, 'lr_config': {'mode': 'log', 'steps': 5, 'initial_lr': 0.005, 'target_lr': 0.005}, 'batch_per_device': 1024}",89.75717043876648,0,10,7105.785683204895,1
0.007637619972229004,0.12747042179107665,0.005074620246887207,0.041600636073521206,0.022363805770874025,nan,0.0,0.043656539916992185,0.598800003528595,1.1156815507888793,-0.598800003528595,nan,0.0,nan,0.0,nan,0.0,0.591759979724884,1.1354884106063843,nan,0.0,nan,0.0,60000,1,False,,,11,-1.1156815507888793,74aebc64d3c948c383270de8c8566376,2019-05-30_14-50-36,1559253036,7.613749265670776,97.37091970443726,12028,steropes,169.229.49.254,"{'starting_lr': 0.005, 'momentum': 0.997, 'weight_decay': 0.001, 'steps_per_iteration': None, 'pin': False, 'model_creator': None, 'target_batch_size': 1024, 'model_string': 'resnet18', 'min_batch_size': 512, 'dataset': 'CIFAR', 'placement': None, 'use_nccl': True, 'devices_per_worker': 1, 'primary_resource': 'extra_gpu', 'gpu': False, 'verbose': False, 'lr_config': {'mode': 'log', 'steps': 5, 'initial_lr': 0.005, 'target_lr': 0.005}, 'batch_per_device': 1024}",97.37091970443726,0,11,7258.6921542784285,1
0.007146573066711426,0.11898713111877442,0.004659509658813477,0.04085675550966847,0.02188119888305664,nan,0.0,0.04318685531616211,0.6033999919891357,1.0980071990966798,-0.6033999919891357,nan,0.0,nan,0.0,nan,0.0,0.6074999570846558,1.0930138607406616,nan,0.0,nan,0.0,60000,1,True,,,12,-1.0980071990966798,74aebc64d3c948c383270de8c8566376,2019-05-30_14-50-44,1559253044,7.378985404968262,104.74990510940552,12028,steropes,169.229.49.254,"{'starting_lr': 0.005, 'momentum': 0.997, 'weight_decay': 0.001, 'steps_per_iteration': None, 'pin': False, 'model_creator': None, 'target_batch_size': 1024, 'model_string': 'resnet18', 'min_batch_size': 512, 'dataset': 'CIFAR', 'placement': None, 'use_nccl': True, 'devices_per_worker': 1, 'primary_resource': 'extra_gpu', 'gpu': False, 'verbose': False, 'lr_config': {'mode': 'log', 'steps': 5, 'initial_lr': 0.005, 'target_lr': 0.005}, 'batch_per_device': 1024}",104.74990510940552,0,12,7454.034298726088,1
