{"apply": 0.0086669921875, "batch_time": 0.20794739723205566, "d2h": 0.006192612648010254, "data_time": 0.04194362796082789, "fwd": 0.08578360080718994, "get_state_time_mean": NaN, "get_state_time_total": 0.0, "grad": 0.1520212173461914, "mean_accuracy": 0.36800000071525574, "mean_loss": 1.8085447996139525, "neg_mean_accuracy": -0.36800000071525574, "set_state_time_mean": NaN, "set_state_time_total": 0.0, "setup_model_time_mean": 10.200785398483276, "setup_model_time_total": 10.200785398483276, "setup_proc_time_mean": 0.27154040336608887, "setup_proc_time_total": 0.27154040336608887, "train_accuracy": 0.26523998379707336, "train_loss": 2.523338050804138, "training_time_mean": NaN, "training_time_total": 0.0, "validation_time_mean": NaN, "validation_time_total": 0.0, "samples": 60000, "num_workers": 1, "done": false, "timesteps_total": null, "episodes_total": null, "training_iteration": 1, "neg_mean_loss": -1.8085447996139525, "experiment_id": "74aebc64d3c948c383270de8c8566376", "date": "2019-05-30_14-49-12", "timestamp": 1559252952, "time_this_iter_s": 12.704524993896484, "time_total_s": 12.704524993896484, "pid": 12028, "hostname": "steropes", "node_ip": "169.229.49.254", "config": {"starting_lr": 0.005, "momentum": 0.997, "weight_decay": 0.001, "steps_per_iteration": null, "pin": false, "model_creator": null, "target_batch_size": 1024, "model_string": "resnet18", "min_batch_size": 512, "dataset": "CIFAR", "placement": null, "use_nccl": true, "devices_per_worker": 1, "primary_resource": "extra_gpu", "gpu": false, "verbose": false, "lr_config": {"mode": "log", "steps": 5, "initial_lr": 0.005, "target_lr": 0.005}, "batch_per_device": 1024}, "time_since_restore": 12.704524993896484, "timesteps_since_restore": 0, "iterations_since_restore": 1, "mean_throughput": 4722.693954868175, "atoms": 1}
{"apply": 0.008045029640197755, "batch_time": 0.15253663063049316, "d2h": 0.005039668083190918, "data_time": 0.0358571179059087, "fwd": 0.03237950801849365, "get_state_time_mean": NaN, "get_state_time_total": 0.0, "grad": 0.06693520545959472, "mean_accuracy": 0.43860000371932983, "mean_loss": 1.5840973751068115, "neg_mean_accuracy": -0.43860000371932983, "set_state_time_mean": NaN, "set_state_time_total": 0.0, "setup_model_time_mean": NaN, "setup_model_time_total": 0.0, "setup_proc_time_mean": NaN, "setup_proc_time_total": 0.0, "train_accuracy": 0.40375998616218567, "train_loss": 1.615657614364624, "training_time_mean": NaN, "training_time_total": 0.0, "validation_time_mean": NaN, "validation_time_total": 0.0, "samples": 60000, "num_workers": 1, "done": false, "timesteps_total": null, "episodes_total": null, "training_iteration": 2, "neg_mean_loss": -1.5840973751068115, "experiment_id": "74aebc64d3c948c383270de8c8566376", "date": "2019-05-30_14-49-20", "timestamp": 1559252960, "time_this_iter_s": 8.841578245162964, "time_total_s": 21.54610323905945, "pid": 12028, "hostname": "steropes", "node_ip": "169.229.49.254", "config": {"starting_lr": 0.005, "momentum": 0.997, "weight_decay": 0.001, "steps_per_iteration": null, "pin": false, "model_creator": null, "target_batch_size": 1024, "model_string": "resnet18", "min_batch_size": 512, "dataset": "CIFAR", "placement": null, "use_nccl": true, "devices_per_worker": 1, "primary_resource": "extra_gpu", "gpu": false, "verbose": false, "lr_config": {"mode": "log", "steps": 5, "initial_lr": 0.005, "target_lr": 0.005}, "batch_per_device": 1024}, "time_since_restore": 21.54610323905945, "timesteps_since_restore": 0, "iterations_since_restore": 2, "mean_throughput": 5569.348786292959, "atoms": 1}
{"apply": 0.0074292182922363285, "batch_time": 0.15054793357849122, "d2h": 0.005669856071472168, "data_time": 0.033033025508024255, "fwd": 0.02850050926208496, "get_state_time_mean": NaN, "get_state_time_total": 0.0, "grad": 0.05653107166290283, "mean_accuracy": 0.4578999876976013, "mean_loss": 1.5407458240509033, "neg_mean_accuracy": -0.4578999876976013, "set_state_time_mean": NaN, "set_state_time_total": 0.0, "setup_model_time_mean": NaN, "setup_model_time_total": 0.0, "setup_proc_time_mean": NaN, "setup_proc_time_total": 0.0, "train_accuracy": 0.45361998677253723, "train_loss": 1.4947150925827026, "training_time_mean": NaN, "training_time_total": 0.0, "validation_time_mean": NaN, "validation_time_total": 0.0, "samples": 60000, "num_workers": 1, "done": false, "timesteps_total": null, "episodes_total": null, "training_iteration": 3, "neg_mean_loss": -1.5407458240509033, "experiment_id": "74aebc64d3c948c383270de8c8566376", "date": "2019-05-30_14-49-29", "timestamp": 1559252969, "time_this_iter_s": 8.45752763748169, "time_total_s": 30.003630876541138, "pid": 12028, "hostname": "steropes", "node_ip": "169.229.49.254", "config": {"starting_lr": 0.005, "momentum": 0.997, "weight_decay": 0.001, "steps_per_iteration": null, "pin": false, "model_creator": null, "target_batch_size": 1024, "model_string": "resnet18", "min_batch_size": 512, "dataset": "CIFAR", "placement": null, "use_nccl": true, "devices_per_worker": 1, "primary_resource": "extra_gpu", "gpu": false, "verbose": false, "lr_config": {"mode": "log", "steps": 5, "initial_lr": 0.005, "target_lr": 0.005}, "batch_per_device": 1024}, "time_since_restore": 30.003630876541138, "timesteps_since_restore": 0, "iterations_since_restore": 3, "mean_throughput": 5999.178522062817, "atoms": 1}
{"apply": 0.011615896224975586, "batch_time": 0.15545933246612548, "d2h": 0.005464339256286621, "data_time": 0.02636771785969637, "fwd": 0.0366020679473877, "get_state_time_mean": NaN, "get_state_time_total": 0.0, "grad": 0.06539058685302734, "mean_accuracy": 0.49699997901916504, "mean_loss": 1.4239561056137084, "neg_mean_accuracy": -0.49699997901916504, "set_state_time_mean": NaN, "set_state_time_total": 0.0, "setup_model_time_mean": NaN, "setup_model_time_total": 0.0, "setup_proc_time_mean": NaN, "setup_proc_time_total": 0.0, "train_accuracy": 0.46935999393463135, "train_loss": 1.4649543505859375, "training_time_mean": NaN, "training_time_total": 0.0, "validation_time_mean": NaN, "validation_time_total": 0.0, "samples": 60000, "num_workers": 1, "done": false, "timesteps_total": null, "episodes_total": null, "training_iteration": 4, "neg_mean_loss": -1.4239561056137084, "experiment_id": "74aebc64d3c948c383270de8c8566376", "date": "2019-05-30_14-49-37", "timestamp": 1559252977, "time_this_iter_s": 8.541106939315796, "time_total_s": 38.544737815856934, "pid": 12028, "hostname": "steropes", "node_ip": "169.229.49.254", "config": {"starting_lr": 0.005, "momentum": 0.997, "weight_decay": 0.001, "steps_per_iteration": null, "pin": false, "model_creator": null, "target_batch_size": 1024, "model_string": "resnet18", "min_batch_size": 512, "dataset": "CIFAR", "placement": null, "use_nccl": true, "devices_per_worker": 1, "primary_resource": "extra_gpu", "gpu": false, "verbose": false, "lr_config": {"mode": "log", "steps": 5, "initial_lr": 0.005, "target_lr": 0.005}, "batch_per_device": 1024}, "time_since_restore": 38.544737815856934, "timesteps_since_restore": 0, "iterations_since_restore": 4, "mean_throughput": 6226.441059071441, "atoms": 1}
{"apply": 0.007957148551940917, "batch_time": 0.13854963779449464, "d2h": 0.006798791885375977, "data_time": 0.043728229950885385, "fwd": 0.03519759178161621, "get_state_time_mean": NaN, "get_state_time_total": 0.0, "grad": 0.06053338050842285, "mean_accuracy": 0.5066999793052673, "mean_loss": 1.3939500579833983, "neg_mean_accuracy": -0.5066999793052673, "set_state_time_mean": NaN, "set_state_time_total": 0.0, "setup_model_time_mean": NaN, "setup_model_time_total": 0.0, "setup_proc_time_mean": NaN, "setup_proc_time_total": 0.0, "train_accuracy": 0.495959997177124, "train_loss": 1.391279411392212, "training_time_mean": NaN, "training_time_total": 0.0, "validation_time_mean": NaN, "validation_time_total": 0.0, "samples": 60000, "num_workers": 1, "done": false, "timesteps_total": null, "episodes_total": null, "training_iteration": 5, "neg_mean_loss": -1.3939500579833983, "experiment_id": "74aebc64d3c948c383270de8c8566376", "date": "2019-05-30_14-49-46", "timestamp": 1559252986, "time_this_iter_s": 8.993712425231934, "time_total_s": 47.53845024108887, "pid": 12028, "hostname": "steropes", "node_ip": "169.229.49.254", "config": {"starting_lr": 0.005, "momentum": 0.997, "weight_decay": 0.001, "steps_per_iteration": null, "pin": false, "model_creator": null, "target_batch_size": 1024, "model_string": "resnet18", "min_batch_size": 512, "dataset": "CIFAR", "placement": null, "use_nccl": true, "devices_per_worker": 1, "primary_resource": "extra_gpu", "gpu": false, "verbose": false, "lr_config": {"mode": "log", "steps": 5, "initial_lr": 0.005, "target_lr": 0.005}, "batch_per_device": 1024}, "time_since_restore": 47.53845024108887, "timesteps_since_restore": 0, "iterations_since_restore": 5, "mean_throughput": 6310.596575815156, "atoms": 1}
{"apply": 0.00830838680267334, "batch_time": 0.13024866580963135, "d2h": 0.0054904699325561525, "data_time": 0.03616677011762347, "fwd": 0.03139410018920898, "get_state_time_mean": NaN, "get_state_time_total": 0.0, "grad": 0.04859170913696289, "mean_accuracy": 0.5194999575614929, "mean_loss": 1.3374832084655761, "neg_mean_accuracy": -0.5194999575614929, "set_state_time_mean": NaN, "set_state_time_total": 0.0, "setup_model_time_mean": NaN, "setup_model_time_total": 0.0, "setup_proc_time_mean": NaN, "setup_proc_time_total": 0.0, "train_accuracy": 0.51173996925354, "train_loss": 1.3479284433746337, "training_time_mean": NaN, "training_time_total": 0.0, "validation_time_mean": NaN, "validation_time_total": 0.0, "samples": 60000, "num_workers": 1, "done": false, "timesteps_total": null, "episodes_total": null, "training_iteration": 6, "neg_mean_loss": -1.3374832084655761, "experiment_id": "74aebc64d3c948c383270de8c8566376", "date": "2019-05-30_14-49-55", "timestamp": 1559252995, "time_this_iter_s": 8.503107070922852, "time_total_s": 56.04155731201172, "pid": 12028, "hostname": "steropes", "node_ip": "169.229.49.254", "config": {"starting_lr": 0.005, "momentum": 0.997, "weight_decay": 0.001, "steps_per_iteration": null, "pin": false, "model_creator": null, "target_batch_size": 1024, "model_string": "resnet18", "min_batch_size": 512, "dataset": "CIFAR", "placement": null, "use_nccl": true, "devices_per_worker": 1, "primary_resource": "extra_gpu", "gpu": false, "verbose": false, "lr_config": {"mode": "log", "steps": 5, "initial_lr": 0.005, "target_lr": 0.005}, "batch_per_device": 1024}, "time_since_restore": 56.04155731201172, "timesteps_since_restore": 0, "iterations_since_restore": 6, "mean_throughput": 6922.385889958645, "atoms": 1}
{"apply": 0.009103155136108399, "batch_time": 0.13405892848968506, "d2h": 0.0052353858947753905, "data_time": 0.03068188745148328, "fwd": 0.034168338775634764, "get_state_time_mean": NaN, "get_state_time_total": 0.0, "grad": 0.060713553428649904, "mean_accuracy": 0.5551999807357788, "mean_loss": 1.2426652658462525, "neg_mean_accuracy": -0.5551999807357788, "set_state_time_mean": NaN, "set_state_time_total": 0.0, "setup_model_time_mean": NaN, "setup_model_time_total": 0.0, "setup_proc_time_mean": NaN, "setup_proc_time_total": 0.0, "train_accuracy": 0.5311999917030334, "train_loss": 1.3034874712371827, "training_time_mean": NaN, "training_time_total": 0.0, "validation_time_mean": NaN, "validation_time_total": 0.0, "samples": 60000, "num_workers": 1, "done": false, "timesteps_total": null, "episodes_total": null, "training_iteration": 7, "neg_mean_loss": -1.2426652658462525, "experiment_id": "74aebc64d3c948c383270de8c8566376", "date": "2019-05-30_14-50-03", "timestamp": 1559253003, "time_this_iter_s": 8.462086915969849, "time_total_s": 64.50364422798157, "pid": 12028, "hostname": "steropes", "node_ip": "169.229.49.254", "config": {"starting_lr": 0.005, "momentum": 0.997, "weight_decay": 0.001, "steps_per_iteration": null, "pin": false, "model_creator": null, "target_batch_size": 1024, "model_string": "resnet18", "min_batch_size": 512, "dataset": "CIFAR", "placement": null, "use_nccl": true, "devices_per_worker": 1, "primary_resource": "extra_gpu", "gpu": false, "verbose": false, "lr_config": {"mode": "log", "steps": 5, "initial_lr": 0.005, "target_lr": 0.005}, "batch_per_device": 1024}, "time_since_restore": 64.50364422798157, "timesteps_since_restore": 0, "iterations_since_restore": 7, "mean_throughput": 6983.576475753306, "atoms": 1}
{"apply": 0.011313891410827637, "batch_time": 0.14402618408203124, "d2h": 0.005603480339050293, "data_time": 0.031506635704819035, "fwd": 0.024607062339782715, "get_state_time_mean": NaN, "get_state_time_total": 0.0, "grad": 0.05176386833190918, "mean_accuracy": 0.5557000041007996, "mean_loss": 1.2049576543807983, "neg_mean_accuracy": -0.5557000041007996, "set_state_time_mean": NaN, "set_state_time_total": 0.0, "setup_model_time_mean": NaN, "setup_model_time_total": 0.0, "setup_proc_time_mean": NaN, "setup_proc_time_total": 0.0, "train_accuracy": 0.5427600145339966, "train_loss": 1.2651065408706665, "training_time_mean": NaN, "training_time_total": 0.0, "validation_time_mean": NaN, "validation_time_total": 0.0, "samples": 60000, "num_workers": 1, "done": false, "timesteps_total": null, "episodes_total": null, "training_iteration": 8, "neg_mean_loss": -1.2049576543807983, "experiment_id": "74aebc64d3c948c383270de8c8566376", "date": "2019-05-30_14-50-12", "timestamp": 1559253012, "time_this_iter_s": 8.218733310699463, "time_total_s": 72.72237753868103, "pid": 12028, "hostname": "steropes", "node_ip": "169.229.49.254", "config": {"starting_lr": 0.005, "momentum": 0.997, "weight_decay": 0.001, "steps_per_iteration": null, "pin": false, "model_creator": null, "target_batch_size": 1024, "model_string": "resnet18", "min_batch_size": 512, "dataset": "CIFAR", "placement": null, "use_nccl": true, "devices_per_worker": 1, "primary_resource": "extra_gpu", "gpu": false, "verbose": false, "lr_config": {"mode": "log", "steps": 5, "initial_lr": 0.005, "target_lr": 0.005}, "batch_per_device": 1024}, "time_since_restore": 72.72237753868103, "timesteps_since_restore": 0, "iterations_since_restore": 8, "mean_throughput": 7022.612725554386, "atoms": 1}
{"apply": 0.008629512786865235, "batch_time": 0.14469828605651855, "d2h": 0.005271482467651367, "data_time": 0.03527001458771375, "fwd": 0.02922532558441162, "get_state_time_mean": NaN, "get_state_time_total": 0.0, "grad": 0.05300891399383545, "mean_accuracy": 0.578000009059906, "mean_loss": 1.1784294073104857, "neg_mean_accuracy": -0.578000009059906, "set_state_time_mean": NaN, "set_state_time_total": 0.0, "setup_model_time_mean": NaN, "setup_model_time_total": 0.0, "setup_proc_time_mean": NaN, "setup_proc_time_total": 0.0, "train_accuracy": 0.5595999956130981, "train_loss": 1.2176381272888184, "training_time_mean": NaN, "training_time_total": 0.0, "validation_time_mean": NaN, "validation_time_total": 0.0, "samples": 60000, "num_workers": 1, "done": false, "timesteps_total": null, "episodes_total": null, "training_iteration": 9, "neg_mean_loss": -1.1784294073104857, "experiment_id": "74aebc64d3c948c383270de8c8566376", "date": "2019-05-30_14-50-20", "timestamp": 1559253020, "time_this_iter_s": 8.426249980926514, "time_total_s": 81.14862751960754, "pid": 12028, "hostname": "steropes", "node_ip": "169.229.49.254", "config": {"starting_lr": 0.005, "momentum": 0.997, "weight_decay": 0.001, "steps_per_iteration": null, "pin": false, "model_creator": null, "target_batch_size": 1024, "model_string": "resnet18", "min_batch_size": 512, "dataset": "CIFAR", "placement": null, "use_nccl": true, "devices_per_worker": 1, "primary_resource": "extra_gpu", "gpu": false, "verbose": false, "lr_config": {"mode": "log", "steps": 5, "initial_lr": 0.005, "target_lr": 0.005}, "batch_per_device": 1024}, "time_since_restore": 81.14862751960754, "timesteps_since_restore": 0, "iterations_since_restore": 9, "mean_throughput": 7041.544997519213, "atoms": 1}
{"apply": 0.007301139831542969, "batch_time": 0.1351029872894287, "d2h": 0.0065369844436645504, "data_time": 0.04483590320665009, "fwd": 0.02741975784301758, "get_state_time_mean": NaN, "get_state_time_total": 0.0, "grad": 0.05379915237426758, "mean_accuracy": 0.5981000065803528, "mean_loss": 1.1118461177825927, "neg_mean_accuracy": -0.5981000065803528, "set_state_time_mean": NaN, "set_state_time_total": 0.0, "setup_model_time_mean": NaN, "setup_model_time_total": 0.0, "setup_proc_time_mean": NaN, "setup_proc_time_total": 0.0, "train_accuracy": 0.5785599946975708, "train_loss": 1.1750773259353637, "training_time_mean": NaN, "training_time_total": 0.0, "validation_time_mean": NaN, "validation_time_total": 0.0, "samples": 60000, "num_workers": 1, "done": false, "timesteps_total": null, "episodes_total": null, "training_iteration": 10, "neg_mean_loss": -1.1118461177825927, "experiment_id": "74aebc64d3c948c383270de8c8566376", "date": "2019-05-30_14-50-29", "timestamp": 1559253029, "time_this_iter_s": 8.608542919158936, "time_total_s": 89.75717043876648, "pid": 12028, "hostname": "steropes", "node_ip": "169.229.49.254", "config": {"starting_lr": 0.005, "momentum": 0.997, "weight_decay": 0.001, "steps_per_iteration": null, "pin": false, "model_creator": null, "target_batch_size": 1024, "model_string": "resnet18", "min_batch_size": 512, "dataset": "CIFAR", "placement": null, "use_nccl": true, "devices_per_worker": 1, "primary_resource": "extra_gpu", "gpu": false, "verbose": false, "lr_config": {"mode": "log", "steps": 5, "initial_lr": 0.005, "target_lr": 0.005}, "batch_per_device": 1024}, "time_since_restore": 89.75717043876648, "timesteps_since_restore": 0, "iterations_since_restore": 10, "mean_throughput": 7105.785683204895, "atoms": 1}
{"apply": 0.007637619972229004, "batch_time": 0.12747042179107665, "d2h": 0.005074620246887207, "data_time": 0.041600636073521206, "fwd": 0.022363805770874025, "get_state_time_mean": NaN, "get_state_time_total": 0.0, "grad": 0.043656539916992185, "mean_accuracy": 0.598800003528595, "mean_loss": 1.1156815507888793, "neg_mean_accuracy": -0.598800003528595, "set_state_time_mean": NaN, "set_state_time_total": 0.0, "setup_model_time_mean": NaN, "setup_model_time_total": 0.0, "setup_proc_time_mean": NaN, "setup_proc_time_total": 0.0, "train_accuracy": 0.591759979724884, "train_loss": 1.1354884106063843, "training_time_mean": NaN, "training_time_total": 0.0, "validation_time_mean": NaN, "validation_time_total": 0.0, "samples": 60000, "num_workers": 1, "done": false, "timesteps_total": null, "episodes_total": null, "training_iteration": 11, "neg_mean_loss": -1.1156815507888793, "experiment_id": "74aebc64d3c948c383270de8c8566376", "date": "2019-05-30_14-50-36", "timestamp": 1559253036, "time_this_iter_s": 7.613749265670776, "time_total_s": 97.37091970443726, "pid": 12028, "hostname": "steropes", "node_ip": "169.229.49.254", "config": {"starting_lr": 0.005, "momentum": 0.997, "weight_decay": 0.001, "steps_per_iteration": null, "pin": false, "model_creator": null, "target_batch_size": 1024, "model_string": "resnet18", "min_batch_size": 512, "dataset": "CIFAR", "placement": null, "use_nccl": true, "devices_per_worker": 1, "primary_resource": "extra_gpu", "gpu": false, "verbose": false, "lr_config": {"mode": "log", "steps": 5, "initial_lr": 0.005, "target_lr": 0.005}, "batch_per_device": 1024}, "time_since_restore": 97.37091970443726, "timesteps_since_restore": 0, "iterations_since_restore": 11, "mean_throughput": 7258.6921542784285, "atoms": 1}
{"apply": 0.007146573066711426, "batch_time": 0.11898713111877442, "d2h": 0.004659509658813477, "data_time": 0.04085675550966847, "fwd": 0.02188119888305664, "get_state_time_mean": NaN, "get_state_time_total": 0.0, "grad": 0.04318685531616211, "mean_accuracy": 0.6033999919891357, "mean_loss": 1.0980071990966798, "neg_mean_accuracy": -0.6033999919891357, "set_state_time_mean": NaN, "set_state_time_total": 0.0, "setup_model_time_mean": NaN, "setup_model_time_total": 0.0, "setup_proc_time_mean": NaN, "setup_proc_time_total": 0.0, "train_accuracy": 0.6074999570846558, "train_loss": 1.0930138607406616, "training_time_mean": NaN, "training_time_total": 0.0, "validation_time_mean": NaN, "validation_time_total": 0.0, "samples": 60000, "num_workers": 1, "done": true, "timesteps_total": null, "episodes_total": null, "training_iteration": 12, "neg_mean_loss": -1.0980071990966798, "experiment_id": "74aebc64d3c948c383270de8c8566376", "date": "2019-05-30_14-50-44", "timestamp": 1559253044, "time_this_iter_s": 7.378985404968262, "time_total_s": 104.74990510940552, "pid": 12028, "hostname": "steropes", "node_ip": "169.229.49.254", "config": {"starting_lr": 0.005, "momentum": 0.997, "weight_decay": 0.001, "steps_per_iteration": null, "pin": false, "model_creator": null, "target_batch_size": 1024, "model_string": "resnet18", "min_batch_size": 512, "dataset": "CIFAR", "placement": null, "use_nccl": true, "devices_per_worker": 1, "primary_resource": "extra_gpu", "gpu": false, "verbose": false, "lr_config": {"mode": "log", "steps": 5, "initial_lr": 0.005, "target_lr": 0.005}, "batch_per_device": 1024}, "time_since_restore": 104.74990510940552, "timesteps_since_restore": 0, "iterations_since_restore": 12, "mean_throughput": 7454.034298726088, "atoms": 1}
