apply,batch_time,d2h,data_time,fwd,get_state_time_mean,get_state_time_total,grad,mean_accuracy,mean_loss,neg_mean_accuracy,set_state_time_mean,set_state_time_total,setup_model_time_mean,setup_model_time_total,setup_proc_time_mean,setup_proc_time_total,train_accuracy,train_loss,training_time_mean,training_time_total,validation_time_mean,validation_time_total,samples,num_workers,done,timesteps_total,episodes_total,training_iteration,neg_mean_loss,experiment_id,date,timestamp,time_this_iter_s,time_total_s,pid,hostname,node_ip,config,time_since_restore,timesteps_since_restore,iterations_since_restore,mean_throughput,atoms,resource_time
0.008252930641174317,0.18634507656097413,0.005418515205383301,0.04113551548549107,0.08116312026977539,nan,0.0,0.14685139656066895,0.26089999079704285,2.7265262977600098,-0.26089999079704285,nan,0.0,7.9030985832214355,7.9030985832214355,1.5603291988372803,1.5603291988372803,0.27889999747276306,2.349643590965271,nan,0.0,nan,0.0,60000,1,False,,,1,-2.7265262977600098,9f7be2e52540438cb1f6fcb0a8988edb,2019-05-30_14-01-16,1559250076,11.464673280715942,11.464673280715942,18247,steropes,169.229.49.254,"{'starting_lr': 0.01, 'momentum': 0.997, 'weight_decay': 0.001, 'steps_per_iteration': None, 'pin': False, 'model_creator': None, 'target_batch_size': 1024, 'model_string': 'resnet18', 'min_batch_size': 512, 'dataset': 'CIFAR', 'placement': None, 'use_nccl': True, 'devices_per_worker': 1, 'primary_resource': 'extra_gpu', 'gpu': False, 'verbose': False, 'lr_config': {'mode': 'log', 'steps': 5, 'initial_lr': 0.01, 'target_lr': 0.01}, 'batch_per_device': 1024}",11.464673280715942,0,1,5233.429190091119,1,11.464673280715942
0.006960034370422363,0.11908433437347413,0.005032634735107422,0.035479978639252334,0.035674762725830075,nan,0.0,0.04561889171600342,0.366599977016449,1.9797776710510253,-0.366599977016449,nan,0.0,nan,0.0,nan,0.0,0.38929998874664307,1.6659866146087647,nan,0.0,nan,0.0,60000,1,False,,,2,-1.9797776710510253,9f7be2e52540438cb1f6fcb0a8988edb,2019-05-30_14-01-23,1559250083,7.446244478225708,18.91091775894165,18247,steropes,169.229.49.254,"{'starting_lr': 0.01, 'momentum': 0.997, 'weight_decay': 0.001, 'steps_per_iteration': None, 'pin': False, 'model_creator': None, 'target_batch_size': 1024, 'model_string': 'resnet18', 'min_batch_size': 512, 'dataset': 'CIFAR', 'placement': None, 'use_nccl': True, 'devices_per_worker': 1, 'primary_resource': 'extra_gpu', 'gpu': False, 'verbose': False, 'lr_config': {'mode': 'log', 'steps': 5, 'initial_lr': 0.01, 'target_lr': 0.01}, 'batch_per_device': 1024}",18.91091775894165,0,2,6345.483988874877,1,18.91091775894165
0.007363748550415039,0.1324223756790161,0.005085635185241699,0.03906105975715481,0.026953530311584473,nan,0.0,0.06351890563964843,0.4414999783039093,1.62469820728302,-0.4414999783039093,nan,0.0,nan,0.0,nan,0.0,0.4267999827861786,1.5685299625015259,nan,0.0,nan,0.0,60000,1,False,,,3,-1.62469820728302,9f7be2e52540438cb1f6fcb0a8988edb,2019-05-30_14-01-31,1559250091,8.217905282974243,27.128823041915894,18247,steropes,169.229.49.254,"{'starting_lr': 0.01, 'momentum': 0.997, 'weight_decay': 0.001, 'steps_per_iteration': None, 'pin': False, 'model_creator': None, 'target_batch_size': 1024, 'model_string': 'resnet18', 'min_batch_size': 512, 'dataset': 'CIFAR', 'placement': None, 'use_nccl': True, 'devices_per_worker': 1, 'primary_resource': 'extra_gpu', 'gpu': False, 'verbose': False, 'lr_config': {'mode': 'log', 'steps': 5, 'initial_lr': 0.01, 'target_lr': 0.01}, 'batch_per_device': 1024}",27.128823041915894,0,3,6634.947508996916,1,27.128823041915894
0.00802919864654541,0.14275496006011962,0.004420757293701172,0.04155261662541604,0.028598451614379884,nan,0.0,0.055226683616638184,0.4643999934196472,1.5372428380966185,-0.4643999934196472,nan,0.0,nan,0.0,nan,0.0,0.45471999049186707,1.4940182050704955,nan,0.0,nan,0.0,60000,1,False,,,4,-1.5372428380966185,9f7be2e52540438cb1f6fcb0a8988edb,2019-05-30_14-01-40,1559250100,8.633216381072998,35.76203942298889,18247,steropes,169.229.49.254,"{'starting_lr': 0.01, 'momentum': 0.997, 'weight_decay': 0.001, 'steps_per_iteration': None, 'pin': False, 'model_creator': None, 'target_batch_size': 1024, 'model_string': 'resnet18', 'min_batch_size': 512, 'dataset': 'CIFAR', 'placement': None, 'use_nccl': True, 'devices_per_worker': 1, 'primary_resource': 'extra_gpu', 'gpu': False, 'verbose': False, 'lr_config': {'mode': 'log', 'steps': 5, 'initial_lr': 0.01, 'target_lr': 0.01}, 'batch_per_device': 1024}",35.76203942298889,0,4,6710.964784068678,1,35.76203942298889
0.008071589469909667,0.13116703033447266,0.005255055427551269,0.03701084000723703,0.025117897987365724,nan,0.0,0.05377037525177002,0.5054999589920044,1.400131802749634,-0.5054999589920044,nan,0.0,nan,0.0,nan,0.0,0.4787599742412567,1.4475838331985473,nan,0.0,nan,0.0,60000,1,False,,,5,-1.400131802749634,9f7be2e52540438cb1f6fcb0a8988edb,2019-05-30_14-01-48,1559250108,8.362841367721558,44.12488079071045,18247,steropes,169.229.49.254,"{'starting_lr': 0.01, 'momentum': 0.997, 'weight_decay': 0.001, 'steps_per_iteration': None, 'pin': False, 'model_creator': None, 'target_batch_size': 1024, 'model_string': 'resnet18', 'min_batch_size': 512, 'dataset': 'CIFAR', 'placement': None, 'use_nccl': True, 'devices_per_worker': 1, 'primary_resource': 'extra_gpu', 'gpu': False, 'verbose': False, 'lr_config': {'mode': 'log', 'steps': 5, 'initial_lr': 0.01, 'target_lr': 0.01}, 'batch_per_device': 1024}",44.12488079071045,0,5,6798.82133991987,1,44.12488079071045
0.0075354337692260746,0.13079457283020018,0.004656267166137695,0.04317352236533652,0.0250042200088501,nan,0.0,0.046819329261779785,0.5209999680519104,1.4019716455459594,-0.5209999680519104,nan,0.0,nan,0.0,nan,0.0,0.4930799901485443,1.3979247095870972,nan,0.0,nan,0.0,60000,1,False,,,6,-1.4019716455459594,9f7be2e52540438cb1f6fcb0a8988edb,2019-05-30_14-01-57,1559250117,8.653192281723022,52.77807307243347,18247,steropes,169.229.49.254,"{'starting_lr': 0.01, 'momentum': 0.997, 'weight_decay': 0.001, 'steps_per_iteration': None, 'pin': False, 'model_creator': None, 'target_batch_size': 1024, 'model_string': 'resnet18', 'min_batch_size': 512, 'dataset': 'CIFAR', 'placement': None, 'use_nccl': True, 'devices_per_worker': 1, 'primary_resource': 'extra_gpu', 'gpu': False, 'verbose': False, 'lr_config': {'mode': 'log', 'steps': 5, 'initial_lr': 0.01, 'target_lr': 0.01}, 'batch_per_device': 1024}",52.77807307243347,0,6,7261.494758823834,1,52.77807307243347
0.007198500633239746,0.13184037208557128,0.005028557777404785,0.025378071531957508,0.03348629474639893,nan,0.0,0.04640829563140869,0.5288000106811523,1.294914748954773,-0.5288000106811523,nan,0.0,nan,0.0,nan,0.0,0.5173400044441223,1.3289463887786865,nan,0.0,nan,0.0,60000,1,False,,,7,-1.294914748954773,9f7be2e52540438cb1f6fcb0a8988edb,2019-05-30_14-02-05,1559250125,8.137425422668457,60.91549849510193,18247,steropes,169.229.49.254,"{'starting_lr': 0.01, 'momentum': 0.997, 'weight_decay': 0.001, 'steps_per_iteration': None, 'pin': False, 'model_creator': None, 'target_batch_size': 1024, 'model_string': 'resnet18', 'min_batch_size': 512, 'dataset': 'CIFAR', 'placement': None, 'use_nccl': True, 'devices_per_worker': 1, 'primary_resource': 'extra_gpu', 'gpu': False, 'verbose': False, 'lr_config': {'mode': 'log', 'steps': 5, 'initial_lr': 0.01, 'target_lr': 0.01}, 'batch_per_device': 1024}",60.91549849510193,0,7,7142.0086681422345,1,60.91549849510193
0.007200717926025391,0.1398484468460083,0.005389785766601563,0.03380531680827238,0.03226401805877686,nan,0.0,0.053641867637634275,0.5396000146865845,1.2679476266860963,-0.5396000146865845,nan,0.0,nan,0.0,nan,0.0,0.5323799848556519,1.288865249710083,nan,0.0,nan,0.0,60000,1,False,,,8,-1.2679476266860963,9f7be2e52540438cb1f6fcb0a8988edb,2019-05-30_14-02-14,1559250134,8.4928560256958,69.40835452079773,18247,steropes,169.229.49.254,"{'starting_lr': 0.01, 'momentum': 0.997, 'weight_decay': 0.001, 'steps_per_iteration': None, 'pin': False, 'model_creator': None, 'target_batch_size': 1024, 'model_string': 'resnet18', 'min_batch_size': 512, 'dataset': 'CIFAR', 'placement': None, 'use_nccl': True, 'devices_per_worker': 1, 'primary_resource': 'extra_gpu', 'gpu': False, 'verbose': False, 'lr_config': {'mode': 'log', 'steps': 5, 'initial_lr': 0.01, 'target_lr': 0.01}, 'batch_per_device': 1024}",69.40835452079773,0,8,7095.521768525635,1,69.40835452079773
0.006965374946594239,0.13455703258514404,0.006231069564819336,0.022287865074313417,0.038328814506530764,nan,0.0,0.06289143562316894,0.5496000051498413,1.2376993068695068,-0.5496000051498413,nan,0.0,nan,0.0,nan,0.0,0.5519399642944336,1.2415477341079713,nan,0.0,nan,0.0,60000,1,False,,,9,-1.2376993068695068,9f7be2e52540438cb1f6fcb0a8988edb,2019-05-30_14-02-22,1559250142,8.243086338043213,77.65144085884094,18247,steropes,169.229.49.254,"{'starting_lr': 0.01, 'momentum': 0.997, 'weight_decay': 0.001, 'steps_per_iteration': None, 'pin': False, 'model_creator': None, 'target_batch_size': 1024, 'model_string': 'resnet18', 'min_batch_size': 512, 'dataset': 'CIFAR', 'placement': None, 'use_nccl': True, 'devices_per_worker': 1, 'primary_resource': 'extra_gpu', 'gpu': False, 'verbose': False, 'lr_config': {'mode': 'log', 'steps': 5, 'initial_lr': 0.01, 'target_lr': 0.01}, 'batch_per_device': 1024}",77.65144085884094,0,9,7161.602360172848,1,77.65144085884094
0.0075931549072265625,0.1443361759185791,0.005011892318725586,0.0404690966314199,0.02591884136199951,nan,0.0,0.048630809783935545,0.5674999952316284,1.2096315103530884,-0.5674999952316284,nan,0.0,nan,0.0,nan,0.0,0.5679199695587158,1.2006447304534913,nan,0.0,nan,0.0,60000,1,False,,,10,-1.2096315103530884,9f7be2e52540438cb1f6fcb0a8988edb,2019-05-30_14-02-31,1559250151,8.952474594116211,86.60391545295715,18247,steropes,169.229.49.254,"{'starting_lr': 0.01, 'momentum': 0.997, 'weight_decay': 0.001, 'steps_per_iteration': None, 'pin': False, 'model_creator': None, 'target_batch_size': 1024, 'model_string': 'resnet18', 'min_batch_size': 512, 'dataset': 'CIFAR', 'placement': None, 'use_nccl': True, 'devices_per_worker': 1, 'primary_resource': 'extra_gpu', 'gpu': False, 'verbose': False, 'lr_config': {'mode': 'log', 'steps': 5, 'initial_lr': 0.01, 'target_lr': 0.01}, 'batch_per_device': 1024}",86.60391545295715,0,10,7062.196752213144,1,86.60391545295715
0.007196736335754394,0.13554599285125732,0.00532383918762207,0.03224300851627272,0.029870939254760743,nan,0.0,0.0569303035736084,0.555400013923645,1.240194669532776,-0.555400013923645,nan,0.0,nan,0.0,nan,0.0,0.5835199952125549,1.163646799468994,nan,0.0,nan,0.0,60000,1,False,,,11,-1.240194669532776,9f7be2e52540438cb1f6fcb0a8988edb,2019-05-30_14-02-40,1559250160,8.501044750213623,95.10496020317078,18247,steropes,169.229.49.254,"{'starting_lr': 0.01, 'momentum': 0.997, 'weight_decay': 0.001, 'steps_per_iteration': None, 'pin': False, 'model_creator': None, 'target_batch_size': 1024, 'model_string': 'resnet18', 'min_batch_size': 512, 'dataset': 'CIFAR', 'placement': None, 'use_nccl': True, 'devices_per_worker': 1, 'primary_resource': 'extra_gpu', 'gpu': False, 'verbose': False, 'lr_config': {'mode': 'log', 'steps': 5, 'initial_lr': 0.01, 'target_lr': 0.01}, 'batch_per_device': 1024}",95.10496020317078,0,11,7087.581889518274,1,95.10496020317078
0.007098960876464844,0.1292487859725952,0.0049155235290527345,0.035222481708137354,0.02676069736480713,nan,0.0,0.05641660690307617,0.5722000002861023,1.2240256595611572,-0.5722000002861023,nan,0.0,nan,0.0,nan,0.0,0.5917999744415283,1.138858861503601,nan,0.0,nan,0.0,60000,1,False,,,12,-1.2240256595611572,9f7be2e52540438cb1f6fcb0a8988edb,2019-05-30_14-02-48,1559250168,8.571858167648315,103.67681837081909,18247,steropes,169.229.49.254,"{'starting_lr': 0.01, 'momentum': 0.997, 'weight_decay': 0.001, 'steps_per_iteration': None, 'pin': False, 'model_creator': None, 'target_batch_size': 1024, 'model_string': 'resnet18', 'min_batch_size': 512, 'dataset': 'CIFAR', 'placement': None, 'use_nccl': True, 'devices_per_worker': 1, 'primary_resource': 'extra_gpu', 'gpu': False, 'verbose': False, 'lr_config': {'mode': 'log', 'steps': 5, 'initial_lr': 0.01, 'target_lr': 0.01}, 'batch_per_device': 1024}",103.67681837081909,0,12,7015.577534544113,1,103.67681837081909
0.007281303405761719,0.14261670112609864,0.0048525333404541016,0.03247732532267668,0.03282909393310547,nan,0.0,0.0608271598815918,0.5590999722480774,1.2636625608444214,-0.5590999722480774,nan,0.0,nan,0.0,nan,0.0,0.6038399934768677,1.1070880143356323,nan,0.0,nan,0.0,60000,1,False,,,13,-1.2636625608444214,9f7be2e52540438cb1f6fcb0a8988edb,2019-05-30_14-02-56,1559250176,8.276174068450928,111.95299243927002,18247,steropes,169.229.49.254,"{'starting_lr': 0.01, 'momentum': 0.997, 'weight_decay': 0.001, 'steps_per_iteration': None, 'pin': False, 'model_creator': None, 'target_batch_size': 1024, 'model_string': 'resnet18', 'min_batch_size': 512, 'dataset': 'CIFAR', 'placement': None, 'use_nccl': True, 'devices_per_worker': 1, 'primary_resource': 'extra_gpu', 'gpu': False, 'verbose': False, 'lr_config': {'mode': 'log', 'steps': 5, 'initial_lr': 0.01, 'target_lr': 0.01}, 'batch_per_device': 1024}",111.95299243927002,0,13,7051.349391588642,1,111.95299243927002
0.006977486610412598,0.11763434410095215,0.004668521881103516,0.061792967270831674,0.020428943634033202,nan,0.0,0.04143302440643311,0.5892999768257141,1.1882269872665405,-0.5892999768257141,nan,0.0,nan,0.0,nan,0.0,0.612280011177063,1.0847629975509643,nan,0.0,nan,0.0,60000,1,False,,,14,-1.1882269872665405,9f7be2e52540438cb1f6fcb0a8988edb,2019-05-30_14-03-04,1559250184,8.089726209640503,120.04271864891052,18247,steropes,169.229.49.254,"{'starting_lr': 0.01, 'momentum': 0.997, 'weight_decay': 0.001, 'steps_per_iteration': None, 'pin': False, 'model_creator': None, 'target_batch_size': 1024, 'model_string': 'resnet18', 'min_batch_size': 512, 'dataset': 'CIFAR', 'placement': None, 'use_nccl': True, 'devices_per_worker': 1, 'primary_resource': 'extra_gpu', 'gpu': False, 'verbose': False, 'lr_config': {'mode': 'log', 'steps': 5, 'initial_lr': 0.01, 'target_lr': 0.01}, 'batch_per_device': 1024}",120.04271864891052,0,14,7076.859329843,1,120.04271864891052
0.008361268043518066,0.12655868530273437,0.004508757591247558,0.044003583947006535,0.022560858726501466,nan,0.0,0.04284470081329346,0.5941999554634094,1.1687064840316772,-0.5941999554634094,nan,0.0,nan,0.0,nan,0.0,0.619379997253418,1.0663461193466186,nan,0.0,nan,0.0,60000,1,False,,,15,-1.1687064840316772,9f7be2e52540438cb1f6fcb0a8988edb,2019-05-30_14-03-12,1559250192,7.372756004333496,127.41547465324402,18247,steropes,169.229.49.254,"{'starting_lr': 0.01, 'momentum': 0.997, 'weight_decay': 0.001, 'steps_per_iteration': None, 'pin': False, 'model_creator': None, 'target_batch_size': 1024, 'model_string': 'resnet18', 'min_batch_size': 512, 'dataset': 'CIFAR', 'placement': None, 'use_nccl': True, 'devices_per_worker': 1, 'primary_resource': 'extra_gpu', 'gpu': False, 'verbose': False, 'lr_config': {'mode': 'log', 'steps': 5, 'initial_lr': 0.01, 'target_lr': 0.01}, 'batch_per_device': 1024}",127.41547465324402,0,15,7350.785016227484,1,127.41547465324402
0.006808686256408692,0.11632895469665527,0.004849553108215332,0.046029241717591575,0.021085047721862794,nan,0.0,0.041442251205444335,0.5982999801635742,1.2448963514328002,-0.5982999801635742,nan,0.0,nan,0.0,nan,0.0,0.6297399997711182,1.0428368223190307,nan,0.0,nan,0.0,60000,1,False,,,16,-1.2448963514328002,9f7be2e52540438cb1f6fcb0a8988edb,2019-05-30_14-03-19,1559250199,7.310646295547485,134.7261209487915,18247,steropes,169.229.49.254,"{'starting_lr': 0.01, 'momentum': 0.997, 'weight_decay': 0.001, 'steps_per_iteration': None, 'pin': False, 'model_creator': None, 'target_batch_size': 1024, 'model_string': 'resnet18', 'min_batch_size': 512, 'dataset': 'CIFAR', 'placement': None, 'use_nccl': True, 'devices_per_worker': 1, 'primary_resource': 'extra_gpu', 'gpu': False, 'verbose': False, 'lr_config': {'mode': 'log', 'steps': 5, 'initial_lr': 0.01, 'target_lr': 0.01}, 'batch_per_device': 1024}",134.7261209487915,0,16,7571.632807768402,1,134.7261209487915
0.006941795349121094,0.11816811561584473,0.004443764686584473,0.043245271760590225,0.021036314964294433,nan,0.0,0.04175560474395752,0.6360999941825867,1.1135432151794433,-0.6360999941825867,nan,0.0,nan,0.0,nan,0.0,0.6447399854660034,1.0026060654258728,nan,0.0,nan,0.0,60000,1,False,,,17,-1.1135432151794433,9f7be2e52540438cb1f6fcb0a8988edb,2019-05-30_14-03-27,1559250207,7.3402135372161865,142.0663344860077,18247,steropes,169.229.49.254,"{'starting_lr': 0.01, 'momentum': 0.997, 'weight_decay': 0.001, 'steps_per_iteration': None, 'pin': False, 'model_creator': None, 'target_batch_size': 1024, 'model_string': 'resnet18', 'min_batch_size': 512, 'dataset': 'CIFAR', 'placement': None, 'use_nccl': True, 'devices_per_worker': 1, 'primary_resource': 'extra_gpu', 'gpu': False, 'verbose': False, 'lr_config': {'mode': 'log', 'steps': 5, 'initial_lr': 0.01, 'target_lr': 0.01}, 'batch_per_device': 1024}",142.0663344860077,0,17,7814.547680594603,1,142.0663344860077
0.007228255271911621,0.12292337417602539,0.005179548263549804,0.02892760841213927,0.02231605052947998,nan,0.0,0.043091416358947754,0.6491000056266785,1.118699069595337,-0.6491000056266785,nan,0.0,nan,0.0,nan,0.0,0.6544600129127502,0.9713049619674683,nan,0.0,nan,0.0,60000,1,False,,,18,-1.118699069595337,9f7be2e52540438cb1f6fcb0a8988edb,2019-05-30_14-03-34,1559250214,7.8807456493377686,149.94708013534546,18247,steropes,169.229.49.254,"{'starting_lr': 0.01, 'momentum': 0.997, 'weight_decay': 0.001, 'steps_per_iteration': None, 'pin': False, 'model_creator': None, 'target_batch_size': 1024, 'model_string': 'resnet18', 'min_batch_size': 512, 'dataset': 'CIFAR', 'placement': None, 'use_nccl': True, 'devices_per_worker': 1, 'primary_resource': 'extra_gpu', 'gpu': False, 'verbose': False, 'lr_config': {'mode': 'log', 'steps': 5, 'initial_lr': 0.01, 'target_lr': 0.01}, 'batch_per_device': 1024}",149.94708013534546,0,18,7895.878295721579,1,149.94708013534546
0.007434177398681641,0.12270174026489258,0.005014991760253907,0.03703899286231216,0.021681857109069825,nan,0.0,0.046819424629211424,0.6751999855041504,0.9544098328590394,-0.6751999855041504,nan,0.0,nan,0.0,nan,0.0,0.6630799770355225,0.9535636849594116,nan,0.0,nan,0.0,60000,1,False,,,19,-0.9544098328590394,9f7be2e52540438cb1f6fcb0a8988edb,2019-05-30_14-03-42,1559250222,7.750372409820557,157.69745254516602,18247,steropes,169.229.49.254,"{'starting_lr': 0.01, 'momentum': 0.997, 'weight_decay': 0.001, 'steps_per_iteration': None, 'pin': False, 'model_creator': None, 'target_batch_size': 1024, 'model_string': 'resnet18', 'min_batch_size': 512, 'dataset': 'CIFAR', 'placement': None, 'use_nccl': True, 'devices_per_worker': 1, 'primary_resource': 'extra_gpu', 'gpu': False, 'verbose': False, 'lr_config': {'mode': 'log', 'steps': 5, 'initial_lr': 0.01, 'target_lr': 0.01}, 'batch_per_device': 1024}",157.69745254516602,0,19,7967.038126270213,1,157.69745254516602
0.0072704792022705075,0.13649218082427977,0.006051158905029297,0.03438287851761798,0.02843458652496338,nan,0.0,0.052195262908935544,0.6688999533653259,0.990336246585846,-0.6688999533653259,nan,0.0,nan,0.0,nan,0.0,0.671180009841919,0.9265104306983948,nan,0.0,nan,0.0,60000,1,False,,,20,-0.990336246585846,9f7be2e52540438cb1f6fcb0a8988edb,2019-05-30_14-03-50,1559250230,8.10605001449585,165.80350255966187,18247,steropes,169.229.49.254,"{'starting_lr': 0.01, 'momentum': 0.997, 'weight_decay': 0.001, 'steps_per_iteration': None, 'pin': False, 'model_creator': None, 'target_batch_size': 1024, 'model_string': 'resnet18', 'min_batch_size': 512, 'dataset': 'CIFAR', 'placement': None, 'use_nccl': True, 'devices_per_worker': 1, 'primary_resource': 'extra_gpu', 'gpu': False, 'verbose': False, 'lr_config': {'mode': 'log', 'steps': 5, 'initial_lr': 0.01, 'target_lr': 0.01}, 'batch_per_device': 1024}",165.80350255966187,0,20,7814.854268096391,1,165.80350255966187
0.00803682804107666,0.12360739707946777,0.006430339813232422,0.03681565790760274,0.022605252265930176,nan,0.0,0.052870774269104005,0.651699960231781,1.0547035488128662,-0.651699960231781,nan,0.0,nan,0.0,nan,0.0,0.6752200126647949,0.9137624621200562,nan,0.0,nan,0.0,60000,1,False,,,21,-1.0547035488128662,9f7be2e52540438cb1f6fcb0a8988edb,2019-05-30_14-03-58,1559250238,7.91181755065918,173.71532011032104,18247,steropes,169.229.49.254,"{'starting_lr': 0.01, 'momentum': 0.997, 'weight_decay': 0.001, 'steps_per_iteration': None, 'pin': False, 'model_creator': None, 'target_batch_size': 1024, 'model_string': 'resnet18', 'min_batch_size': 512, 'dataset': 'CIFAR', 'placement': None, 'use_nccl': True, 'devices_per_worker': 1, 'primary_resource': 'extra_gpu', 'gpu': False, 'verbose': False, 'lr_config': {'mode': 'log', 'steps': 5, 'initial_lr': 0.01, 'target_lr': 0.01}, 'batch_per_device': 1024}",173.71532011032104,0,21,7694.359297478009,1,173.71532011032104
0.007069611549377441,0.12874846458435057,0.005082845687866211,0.03944228133376764,0.025795865058898925,nan,0.0,0.043190813064575194,0.6847999691963196,0.9948060474395752,-0.6847999691963196,nan,0.0,nan,0.0,nan,0.0,0.6898999810218811,0.9057088952255249,nan,0.0,nan,0.0,60000,1,False,,,22,-0.9948060474395752,9f7be2e52540438cb1f6fcb0a8988edb,2019-05-30_14-04-06,1559250246,8.047918319702148,181.7632384300232,18247,steropes,169.229.49.254,"{'starting_lr': 0.01, 'momentum': 0.997, 'weight_decay': 0.001, 'steps_per_iteration': None, 'pin': False, 'model_creator': None, 'target_batch_size': 1024, 'model_string': 'resnet18', 'min_batch_size': 512, 'dataset': 'CIFAR', 'placement': None, 'use_nccl': True, 'devices_per_worker': 1, 'primary_resource': 'extra_gpu', 'gpu': False, 'verbose': False, 'lr_config': {'mode': 'log', 'steps': 5, 'initial_lr': 0.01, 'target_lr': 0.01}, 'batch_per_device': 1024}",181.7632384300232,0,22,7557.190760840561,1,181.7632384300232
0.007325124740600586,0.14428431987762452,0.0054986000061035155,0.03842952786659708,0.02861013412475586,nan,0.0,0.04356842041015625,0.6961999535560608,0.9373559792518615,-0.6961999535560608,nan,0.0,nan,0.0,nan,0.0,0.7030799984931946,0.8948297774887085,nan,0.0,nan,0.0,60000,1,False,,,23,-0.9373559792518615,9f7be2e52540438cb1f6fcb0a8988edb,2019-05-30_14-04-14,1559250254,8.195044755935669,189.95828318595886,18247,steropes,169.229.49.254,"{'starting_lr': 0.01, 'momentum': 0.997, 'weight_decay': 0.001, 'steps_per_iteration': None, 'pin': False, 'model_creator': None, 'target_batch_size': 1024, 'model_string': 'resnet18', 'min_batch_size': 512, 'dataset': 'CIFAR', 'placement': None, 'use_nccl': True, 'devices_per_worker': 1, 'primary_resource': 'extra_gpu', 'gpu': False, 'verbose': False, 'lr_config': {'mode': 'log', 'steps': 5, 'initial_lr': 0.01, 'target_lr': 0.01}, 'batch_per_device': 1024}",189.95828318595886,0,23,7497.826833573365,1,189.95828318595886
0.0072603940963745115,0.12503535747528077,0.0056162595748901365,0.04651672499520438,0.022639203071594238,nan,0.0,0.04703800678253174,0.676099956035614,0.9570306522369385,-0.676099956035614,nan,0.0,nan,0.0,nan,0.0,0.7026199698448181,0.8584819527626038,nan,0.0,nan,0.0,60000,1,False,,,24,-0.9570306522369385,9f7be2e52540438cb1f6fcb0a8988edb,2019-05-30_14-04-22,1559250262,7.964309453964233,197.9225926399231,18247,steropes,169.229.49.254,"{'starting_lr': 0.01, 'momentum': 0.997, 'weight_decay': 0.001, 'steps_per_iteration': None, 'pin': False, 'model_creator': None, 'target_batch_size': 1024, 'model_string': 'resnet18', 'min_batch_size': 512, 'dataset': 'CIFAR', 'placement': None, 'use_nccl': True, 'devices_per_worker': 1, 'primary_resource': 'extra_gpu', 'gpu': False, 'verbose': False, 'lr_config': {'mode': 'log', 'steps': 5, 'initial_lr': 0.01, 'target_lr': 0.01}, 'batch_per_device': 1024}",197.9225926399231,0,24,7457.948637733002,1,197.9225926399231
0.007553267478942871,0.13169729709625244,0.006027841567993164,0.041535552667111765,0.02321772575378418,nan,0.0,0.04347758293151856,0.710099995136261,0.8249248863220214,-0.710099995136261,nan,0.0,nan,0.0,nan,0.0,0.7131400108337402,0.8233003181838989,nan,0.0,nan,0.0,60000,1,False,,,25,-0.8249248863220214,9f7be2e52540438cb1f6fcb0a8988edb,2019-05-30_14-04-31,1559250271,8.121867179870605,206.0444598197937,18247,steropes,169.229.49.254,"{'starting_lr': 0.01, 'momentum': 0.997, 'weight_decay': 0.001, 'steps_per_iteration': None, 'pin': False, 'model_creator': None, 'target_batch_size': 1024, 'model_string': 'resnet18', 'min_batch_size': 512, 'dataset': 'CIFAR', 'placement': None, 'use_nccl': True, 'devices_per_worker': 1, 'primary_resource': 'extra_gpu', 'gpu': False, 'verbose': False, 'lr_config': {'mode': 'log', 'steps': 5, 'initial_lr': 0.01, 'target_lr': 0.01}, 'batch_per_device': 1024}",206.0444598197937,0,25,7455.017367829491,1,206.0444598197937
0.007262706756591797,0.12257845401763916,0.005586361885070801,0.04694199562072754,0.02159252166748047,nan,0.0,0.04373435974121094,0.7063999772071838,0.8551560501098633,-0.7063999772071838,nan,0.0,nan,0.0,nan,0.0,0.7169199585914612,0.8161127635574341,nan,0.0,nan,0.0,60000,1,False,,,26,-0.8551560501098633,9f7be2e52540438cb1f6fcb0a8988edb,2019-05-30_14-04-39,1559250279,8.24553108215332,214.28999090194702,18247,steropes,169.229.49.254,"{'starting_lr': 0.01, 'momentum': 0.997, 'weight_decay': 0.001, 'steps_per_iteration': None, 'pin': False, 'model_creator': None, 'target_batch_size': 1024, 'model_string': 'resnet18', 'min_batch_size': 512, 'dataset': 'CIFAR', 'placement': None, 'use_nccl': True, 'devices_per_worker': 1, 'primary_resource': 'extra_gpu', 'gpu': False, 'verbose': False, 'lr_config': {'mode': 'log', 'steps': 5, 'initial_lr': 0.01, 'target_lr': 0.01}, 'batch_per_device': 1024}",214.28999090194702,0,26,7393.702864447347,1,214.28999090194702
0.007062602043151856,0.13636839389801025,0.005218410491943359,0.03487857507199657,0.02109065055847168,nan,0.0,0.047774744033813474,0.7064999938011169,0.865234679889679,-0.7064999938011169,nan,0.0,nan,0.0,nan,0.0,0.7161999940872192,0.8141037968444824,nan,0.0,nan,0.0,60000,1,False,,,27,-0.865234679889679,9f7be2e52540438cb1f6fcb0a8988edb,2019-05-30_14-04-47,1559250287,8.141284942626953,222.43127584457397,18247,steropes,169.229.49.254,"{'starting_lr': 0.01, 'momentum': 0.997, 'weight_decay': 0.001, 'steps_per_iteration': None, 'pin': False, 'model_creator': None, 'target_batch_size': 1024, 'model_string': 'resnet18', 'min_batch_size': 512, 'dataset': 'CIFAR', 'placement': None, 'use_nccl': True, 'devices_per_worker': 1, 'primary_resource': 'extra_gpu', 'gpu': False, 'verbose': False, 'lr_config': {'mode': 'log', 'steps': 5, 'initial_lr': 0.01, 'target_lr': 0.01}, 'batch_per_device': 1024}",222.43127584457397,0,27,7376.727574349513,1,222.43127584457397
0.007840561866760253,0.13251492977142335,0.00528564453125,0.03933199084534937,0.02769773006439209,nan,0.0,0.04504160881042481,0.7313999533653259,0.7966673771858215,-0.7313999533653259,nan,0.0,nan,0.0,nan,0.0,0.7277199625968933,0.7831817594146728,nan,0.0,nan,0.0,60000,1,False,,,28,-0.7966673771858215,9f7be2e52540438cb1f6fcb0a8988edb,2019-05-30_14-04-55,1559250295,7.933384418487549,230.36466026306152,18247,steropes,169.229.49.254,"{'starting_lr': 0.01, 'momentum': 0.997, 'weight_decay': 0.001, 'steps_per_iteration': None, 'pin': False, 'model_creator': None, 'target_batch_size': 1024, 'model_string': 'resnet18', 'min_batch_size': 512, 'dataset': 'CIFAR', 'placement': None, 'use_nccl': True, 'devices_per_worker': 1, 'primary_resource': 'extra_gpu', 'gpu': False, 'verbose': False, 'lr_config': {'mode': 'log', 'steps': 5, 'initial_lr': 0.01, 'target_lr': 0.01}, 'batch_per_device': 1024}",230.36466026306152,0,28,7424.4972821093215,1,230.36466026306152
0.007707142829895019,0.12122120857238769,0.004991006851196289,0.045815467834472656,0.021542620658874512,nan,0.0,0.042410993576049806,0.7356999516487122,0.7873256845474244,-0.7356999516487122,nan,0.0,nan,0.0,nan,0.0,0.7315399646759033,0.7770581672668457,nan,0.0,nan,0.0,60000,1,False,,,29,-0.7873256845474244,9f7be2e52540438cb1f6fcb0a8988edb,2019-05-30_14-05-02,1559250302,7.580081462860107,237.94474172592163,18247,steropes,169.229.49.254,"{'starting_lr': 0.01, 'momentum': 0.997, 'weight_decay': 0.001, 'steps_per_iteration': None, 'pin': False, 'model_creator': None, 'target_batch_size': 1024, 'model_string': 'resnet18', 'min_batch_size': 512, 'dataset': 'CIFAR', 'placement': None, 'use_nccl': True, 'devices_per_worker': 1, 'primary_resource': 'extra_gpu', 'gpu': False, 'verbose': False, 'lr_config': {'mode': 'log', 'steps': 5, 'initial_lr': 0.01, 'target_lr': 0.01}, 'batch_per_device': 1024}",237.94474172592163,0,29,7495.775889566666,1,237.94474172592163
0.007109928131103516,0.11979923248291016,0.005324792861938476,0.045399101413026145,0.02059948444366455,nan,0.0,0.04246184825897217,0.724399983882904,0.8255823872566224,-0.724399983882904,nan,0.0,nan,0.0,nan,0.0,0.737339973449707,0.7587175161743164,nan,0.0,nan,0.0,60000,1,False,,,30,-0.8255823872566224,9f7be2e52540438cb1f6fcb0a8988edb,2019-05-30_14-05-10,1559250310,7.4900829792022705,245.4348247051239,18247,steropes,169.229.49.254,"{'starting_lr': 0.01, 'momentum': 0.997, 'weight_decay': 0.001, 'steps_per_iteration': None, 'pin': False, 'model_creator': None, 'target_batch_size': 1024, 'model_string': 'resnet18', 'min_batch_size': 512, 'dataset': 'CIFAR', 'placement': None, 'use_nccl': True, 'devices_per_worker': 1, 'primary_resource': 'extra_gpu', 'gpu': False, 'verbose': False, 'lr_config': {'mode': 'log', 'steps': 5, 'initial_lr': 0.01, 'target_lr': 0.01}, 'batch_per_device': 1024}",245.4348247051239,0,30,7615.9991113738015,1,245.4348247051239
0.006960320472717285,0.12601046562194823,0.005148863792419434,0.04322193593395,0.02642507553100586,nan,0.0,0.04997339248657227,0.7245000004768372,0.8125707756996154,-0.7245000004768372,nan,0.0,nan,0.0,nan,0.0,0.7477399706840515,0.7330288948822021,nan,0.0,nan,0.0,60000,1,False,,,31,-0.8125707756996154,9f7be2e52540438cb1f6fcb0a8988edb,2019-05-30_14-05-17,1559250317,7.472105979919434,252.90693068504333,18247,steropes,169.229.49.254,"{'starting_lr': 0.01, 'momentum': 0.997, 'weight_decay': 0.001, 'steps_per_iteration': None, 'pin': False, 'model_creator': None, 'target_batch_size': 1024, 'model_string': 'resnet18', 'min_batch_size': 512, 'dataset': 'CIFAR', 'placement': None, 'use_nccl': True, 'devices_per_worker': 1, 'primary_resource': 'extra_gpu', 'gpu': False, 'verbose': False, 'lr_config': {'mode': 'log', 'steps': 5, 'initial_lr': 0.01, 'target_lr': 0.01}, 'batch_per_device': 1024}",252.90693068504333,0,31,7768.532201482647,1,252.90693068504333
0.007094120979309082,0.12674286365509033,0.004760885238647461,0.04462463515145438,0.02327580451965332,nan,0.0,0.043012380599975586,0.7310999631881714,0.7836730937004089,-0.7310999631881714,nan,0.0,nan,0.0,nan,0.0,0.7504400014877319,0.7264842599105835,nan,0.0,nan,0.0,60000,1,False,,,32,-0.7836730937004089,9f7be2e52540438cb1f6fcb0a8988edb,2019-05-30_14-05-25,1559250325,7.700485944747925,260.60741662979126,18247,steropes,169.229.49.254,"{'starting_lr': 0.01, 'momentum': 0.997, 'weight_decay': 0.001, 'steps_per_iteration': None, 'pin': False, 'model_creator': None, 'target_batch_size': 1024, 'model_string': 'resnet18', 'min_batch_size': 512, 'dataset': 'CIFAR', 'placement': None, 'use_nccl': True, 'devices_per_worker': 1, 'primary_resource': 'extra_gpu', 'gpu': False, 'verbose': False, 'lr_config': {'mode': 'log', 'steps': 5, 'initial_lr': 0.01, 'target_lr': 0.01}, 'batch_per_device': 1024}",260.60741662979126,0,32,7858.230215380652,1,260.60741662979126
0.0070580244064331055,0.12216784954071044,0.004972577095031738,0.047555558535517475,0.021502995491027833,nan,0.0,0.04466567039489746,0.7374999523162842,0.775217406463623,-0.7374999523162842,nan,0.0,nan,0.0,nan,0.0,0.761680006980896,0.6940991721916199,nan,0.0,nan,0.0,60000,1,False,,,33,-0.775217406463623,9f7be2e52540438cb1f6fcb0a8988edb,2019-05-30_14-05-33,1559250333,7.750178337097168,268.3575949668884,18247,steropes,169.229.49.254,"{'starting_lr': 0.01, 'momentum': 0.997, 'weight_decay': 0.001, 'steps_per_iteration': None, 'pin': False, 'model_creator': None, 'target_batch_size': 1024, 'model_string': 'resnet18', 'min_batch_size': 512, 'dataset': 'CIFAR', 'placement': None, 'use_nccl': True, 'devices_per_worker': 1, 'primary_resource': 'extra_gpu', 'gpu': False, 'verbose': False, 'lr_config': {'mode': 'log', 'steps': 5, 'initial_lr': 0.01, 'target_lr': 0.01}, 'batch_per_device': 1024}",268.3575949668884,0,33,7896.12212536755,1,268.3575949668884
0.007945442199707031,0.12134902477264405,0.004804778099060059,0.04296549485654247,0.02262856960296631,nan,0.0,0.0469475269317627,0.7532999515533447,0.7180196276664734,-0.7532999515533447,nan,0.0,nan,0.0,nan,0.0,0.7661399841308594,0.6768097635269165,nan,0.0,nan,0.0,60000,1,False,,,34,-0.7180196276664734,9f7be2e52540438cb1f6fcb0a8988edb,2019-05-30_14-05-41,1559250341,7.69516134262085,276.0527563095093,18247,steropes,169.229.49.254,"{'starting_lr': 0.01, 'momentum': 0.997, 'weight_decay': 0.001, 'steps_per_iteration': None, 'pin': False, 'model_creator': None, 'target_batch_size': 1024, 'model_string': 'resnet18', 'min_batch_size': 512, 'dataset': 'CIFAR', 'placement': None, 'use_nccl': True, 'devices_per_worker': 1, 'primary_resource': 'extra_gpu', 'gpu': False, 'verbose': False, 'lr_config': {'mode': 'log', 'steps': 5, 'initial_lr': 0.01, 'target_lr': 0.01}, 'batch_per_device': 1024}",276.0527563095093,0,34,7872.277002383622,1,276.0527563095093
0.0069992303848266605,0.12475063800811767,0.005184006690979004,0.05017919929660097,0.022868037223815918,nan,0.0,0.04964911937713623,0.7602999806404114,0.699871406841278,-0.7602999806404114,nan,0.0,nan,0.0,nan,0.0,0.7680999636650085,0.6649982739830017,nan,0.0,nan,0.0,60000,1,False,,,35,-0.699871406841278,9f7be2e52540438cb1f6fcb0a8988edb,2019-05-30_14-05-49,1559250349,7.9604809284210205,284.0132372379303,18247,steropes,169.229.49.254,"{'starting_lr': 0.01, 'momentum': 0.997, 'weight_decay': 0.001, 'steps_per_iteration': None, 'pin': False, 'model_creator': None, 'target_batch_size': 1024, 'model_string': 'resnet18', 'min_batch_size': 512, 'dataset': 'CIFAR', 'placement': None, 'use_nccl': True, 'devices_per_worker': 1, 'primary_resource': 'extra_gpu', 'gpu': False, 'verbose': False, 'lr_config': {'mode': 'log', 'steps': 5, 'initial_lr': 0.01, 'target_lr': 0.01}, 'batch_per_device': 1024}",284.0132372379303,0,35,7776.289871361974,1,284.0132372379303
0.0070798397064208984,0.122337007522583,0.005459356307983399,0.043675393474345306,0.026202893257141112,nan,0.0,0.04207921028137207,0.7421000003814697,0.764940193939209,-0.7421000003814697,nan,0.0,nan,0.0,nan,0.0,0.7707399725914001,0.6563980039596558,nan,0.0,nan,0.0,60000,1,False,,,36,-0.764940193939209,9f7be2e52540438cb1f6fcb0a8988edb,2019-05-30_14-05-56,1559250356,7.772142171859741,291.78537940979004,18247,steropes,169.229.49.254,"{'starting_lr': 0.01, 'momentum': 0.997, 'weight_decay': 0.001, 'steps_per_iteration': None, 'pin': False, 'model_creator': None, 'target_batch_size': 1024, 'model_string': 'resnet18', 'min_batch_size': 512, 'dataset': 'CIFAR', 'placement': None, 'use_nccl': True, 'devices_per_worker': 1, 'primary_resource': 'extra_gpu', 'gpu': False, 'verbose': False, 'lr_config': {'mode': 'log', 'steps': 5, 'initial_lr': 0.01, 'target_lr': 0.01}, 'batch_per_device': 1024}",291.78537940979004,0,36,7716.279228409852,1,291.78537940979004
0.007236123085021973,0.12856576442718506,0.004872584342956543,0.04513709399164939,0.022310519218444826,nan,0.0,0.04454529285430908,0.758899986743927,0.708582459449768,-0.758899986743927,nan,0.0,nan,0.0,nan,0.0,0.7691999673843384,0.6585472385215759,nan,0.0,nan,0.0,60000,1,False,,,37,-0.708582459449768,9f7be2e52540438cb1f6fcb0a8988edb,2019-05-30_14-06-04,1559250364,7.932895660400391,299.71827507019043,18247,steropes,169.229.49.254,"{'starting_lr': 0.01, 'momentum': 0.997, 'weight_decay': 0.001, 'steps_per_iteration': None, 'pin': False, 'model_creator': None, 'target_batch_size': 1024, 'model_string': 'resnet18', 'min_batch_size': 512, 'dataset': 'CIFAR', 'placement': None, 'use_nccl': True, 'devices_per_worker': 1, 'primary_resource': 'extra_gpu', 'gpu': False, 'verbose': False, 'lr_config': {'mode': 'log', 'steps': 5, 'initial_lr': 0.01, 'target_lr': 0.01}, 'batch_per_device': 1024}",299.71827507019043,0,37,7670.426059212141,1,299.71827507019043
0.00865476131439209,0.1209186315536499,0.005067253112792968,0.038529926416825275,0.025347256660461427,nan,0.0,0.05201199054718018,0.7574999928474426,0.7119278579711914,-0.7574999928474426,nan,0.0,nan,0.0,nan,0.0,0.7758199572563171,0.6476555917167663,nan,0.0,nan,0.0,60000,1,False,,,38,-0.7119278579711914,9f7be2e52540438cb1f6fcb0a8988edb,2019-05-30_14-06-12,1559250372,7.797555923461914,307.51583099365234,18247,steropes,169.229.49.254,"{'starting_lr': 0.01, 'momentum': 0.997, 'weight_decay': 0.001, 'steps_per_iteration': None, 'pin': False, 'model_creator': None, 'target_batch_size': 1024, 'model_string': 'resnet18', 'min_batch_size': 512, 'dataset': 'CIFAR', 'placement': None, 'use_nccl': True, 'devices_per_worker': 1, 'primary_resource': 'extra_gpu', 'gpu': False, 'verbose': False, 'lr_config': {'mode': 'log', 'steps': 5, 'initial_lr': 0.01, 'target_lr': 0.01}, 'batch_per_device': 1024}",307.51583099365234,0,38,7661.146770698417,1,307.51583099365234
0.007381057739257813,0.13234827518463135,0.005343437194824219,0.04393537677064234,0.023444175720214844,nan,0.0,0.05278713703155517,0.7565999627113342,0.7233224749565125,-0.7565999627113342,nan,0.0,nan,0.0,nan,0.0,0.7756399512290955,0.6423103686904907,nan,0.0,nan,0.0,60000,1,False,,,39,-0.7233224749565125,9f7be2e52540438cb1f6fcb0a8988edb,2019-05-30_14-06-20,1559250380,8.062177896499634,315.578008890152,18247,steropes,169.229.49.254,"{'starting_lr': 0.01, 'momentum': 0.997, 'weight_decay': 0.001, 'steps_per_iteration': None, 'pin': False, 'model_creator': None, 'target_batch_size': 1024, 'model_string': 'resnet18', 'min_batch_size': 512, 'dataset': 'CIFAR', 'placement': None, 'use_nccl': True, 'devices_per_worker': 1, 'primary_resource': 'extra_gpu', 'gpu': False, 'verbose': False, 'lr_config': {'mode': 'log', 'steps': 5, 'initial_lr': 0.01, 'target_lr': 0.01}, 'batch_per_device': 1024}",315.578008890152,0,39,7590.007132895259,1,315.578008890152
0.00709846019744873,0.1350187301635742,0.004891705513000488,0.042411702019827704,0.02222449779510498,nan,0.0,0.04668588638305664,0.7655999660491943,0.7068468972206116,-0.7655999660491943,nan,0.0,nan,0.0,nan,0.0,0.776699960231781,0.6404956425666809,nan,0.0,nan,0.0,60000,1,False,,,40,-0.7068468972206116,9f7be2e52540438cb1f6fcb0a8988edb,2019-05-30_14-06-28,1559250388,7.86532998085022,323.4433388710022,18247,steropes,169.229.49.254,"{'starting_lr': 0.01, 'momentum': 0.997, 'weight_decay': 0.001, 'steps_per_iteration': None, 'pin': False, 'model_creator': None, 'target_batch_size': 1024, 'model_string': 'resnet18', 'min_batch_size': 512, 'dataset': 'CIFAR', 'placement': None, 'use_nccl': True, 'devices_per_worker': 1, 'primary_resource': 'extra_gpu', 'gpu': False, 'verbose': False, 'lr_config': {'mode': 'log', 'steps': 5, 'initial_lr': 0.01, 'target_lr': 0.01}, 'batch_per_device': 1024}",323.4433388710022,0,40,7608.3224419322005,1,323.4433388710022
0.007990050315856933,0.1252394437789917,0.006614279747009277,0.04328955436239437,0.029027414321899415,nan,0.0,0.05416100025177002,0.7576000094413757,0.7300728627204895,-0.7576000094413757,nan,0.0,nan,0.0,nan,0.0,0.777459979057312,0.642235391960144,nan,0.0,nan,0.0,60000,1,False,,,41,-0.7300728627204895,9f7be2e52540438cb1f6fcb0a8988edb,2019-05-30_14-06-36,1559250396,7.885082006454468,331.32842087745667,18247,steropes,169.229.49.254,"{'starting_lr': 0.01, 'momentum': 0.997, 'weight_decay': 0.001, 'steps_per_iteration': None, 'pin': False, 'model_creator': None, 'target_batch_size': 1024, 'model_string': 'resnet18', 'min_batch_size': 512, 'dataset': 'CIFAR', 'placement': None, 'use_nccl': True, 'devices_per_worker': 1, 'primary_resource': 'extra_gpu', 'gpu': False, 'verbose': False, 'lr_config': {'mode': 'log', 'steps': 5, 'initial_lr': 0.01, 'target_lr': 0.01}, 'batch_per_device': 1024}",331.32842087745667,0,41,7586.591024113144,1,331.32842087745667
0.00693058967590332,0.1234832763671875,0.005646538734436035,0.04605123948077766,0.024207139015197755,nan,0.0,0.047824668884277347,0.7565999627113342,0.7422801719665527,-0.7565999627113342,nan,0.0,nan,0.0,nan,0.0,0.781279981136322,0.6348220560455322,nan,0.0,nan,0.0,60000,1,False,,,42,-0.7422801719665527,9f7be2e52540438cb1f6fcb0a8988edb,2019-05-30_14-06-44,1559250404,8.047616958618164,339.37603783607483,18247,steropes,169.229.49.254,"{'starting_lr': 0.01, 'momentum': 0.997, 'weight_decay': 0.001, 'steps_per_iteration': None, 'pin': False, 'model_creator': None, 'target_batch_size': 1024, 'model_string': 'resnet18', 'min_batch_size': 512, 'dataset': 'CIFAR', 'placement': None, 'use_nccl': True, 'devices_per_worker': 1, 'primary_resource': 'extra_gpu', 'gpu': False, 'verbose': False, 'lr_config': {'mode': 'log', 'steps': 5, 'initial_lr': 0.01, 'target_lr': 0.01}, 'batch_per_device': 1024}",339.37603783607483,0,42,7564.646254936458,1,339.37603783607483
0.0070638895034790036,0.1243746280670166,0.005608916282653809,0.04588172873672174,0.02138376235961914,nan,0.0,0.04330677986145019,0.7565999627113342,0.7335507151603698,-0.7565999627113342,nan,0.0,nan,0.0,nan,0.0,0.7818599939346313,0.6339616821098327,nan,0.0,nan,0.0,60000,1,False,,,43,-0.7335507151603698,9f7be2e52540438cb1f6fcb0a8988edb,2019-05-30_14-06-52,1559250412,7.726372480392456,347.1024103164673,18247,steropes,169.229.49.254,"{'starting_lr': 0.01, 'momentum': 0.997, 'weight_decay': 0.001, 'steps_per_iteration': None, 'pin': False, 'model_creator': None, 'target_batch_size': 1024, 'model_string': 'resnet18', 'min_batch_size': 512, 'dataset': 'CIFAR', 'placement': None, 'use_nccl': True, 'devices_per_worker': 1, 'primary_resource': 'extra_gpu', 'gpu': False, 'verbose': False, 'lr_config': {'mode': 'log', 'steps': 5, 'initial_lr': 0.01, 'target_lr': 0.01}, 'batch_per_device': 1024}",347.1024103164673,0,43,7578.248918399612,1,347.1024103164673
0.008560526371002197,0.12051147222518921,0.0028570532798767086,0.012985716060716279,0.055471527576446536,nan,0.0,0.13232198953628538,0.7530999779701233,0.7270400650978088,-0.7530999779701233,3.3770041465759277,3.3770041465759277,10.795395135879517,10.795395135879517,0.9497613906860352,0.9497613906860352,0.7776399850845337,0.6397245199298858,nan,0.0,nan,0.0,60000,2,False,,,44,-0.7270400650978088,9f7be2e52540438cb1f6fcb0a8988edb,2019-05-30_14-07-20,1559250440,8.49946904182434,355.6018793582916,24696,steropes,169.229.49.254,"{'starting_lr': 0.01, 'momentum': 0.997, 'weight_decay': 0.001, 'steps_per_iteration': None, 'pin': False, 'model_creator': None, 'target_batch_size': 1024, 'model_string': 'resnet18', 'min_batch_size': 512, 'dataset': 'CIFAR', 'placement': None, 'use_nccl': True, 'devices_per_worker': 1, 'primary_resource': 'extra_gpu', 'gpu': False, 'verbose': False, 'lr_config': {'mode': 'log', 'steps': 5, 'initial_lr': 0.01, 'target_lr': 0.01}, 'batch_per_device': 512}",8.49946904182434,0,1,7059.174195387785,2,364.10134840011597
