apply,batch_time,d2h,data_time,fwd,get_state_time_mean,get_state_time_total,grad,mean_accuracy,mean_loss,neg_mean_accuracy,set_state_time_mean,set_state_time_total,setup_model_time_mean,setup_model_time_total,setup_proc_time_mean,setup_proc_time_total,train_accuracy,train_loss,training_time_mean,training_time_total,validation_time_mean,validation_time_total,samples,num_workers,done,timesteps_total,episodes_total,training_iteration,neg_mean_loss,experiment_id,date,timestamp,time_this_iter_s,time_total_s,pid,hostname,node_ip,config,time_since_restore,timesteps_since_restore,iterations_since_restore,mean_throughput,atoms
0.007279324531555176,0.17186422348022462,0.004782485961914063,0.03970453203940878,0.07641377449035644,nan,0.0,0.14747605323791504,0.10349999368190765,2.4625842456817626,-0.10349999368190765,nan,0.0,8.423951625823975,8.423951625823975,0.2326674461364746,0.2326674461364746,0.10501999408006668,7.814854993591308,nan,0.0,nan,0.0,60000,1,False,,,1,-2.4625842456817626,7bc4831b6ade4bb3b20a8c10566c8295,2019-05-30_14-27-22,1559251642,11.114355564117432,11.114355564117432,26978,steropes,169.229.49.254,"{'starting_lr': 1.0, 'momentum': 0.95, 'weight_decay': 0.0001, 'steps_per_iteration': None, 'pin': False, 'model_creator': None, 'target_batch_size': 1024, 'model_string': 'resnet18', 'min_batch_size': 512, 'dataset': 'CIFAR', 'placement': None, 'use_nccl': True, 'devices_per_worker': 1, 'primary_resource': 'extra_gpu', 'gpu': False, 'verbose': False, 'lr_config': {'mode': 'log', 'steps': 5, 'initial_lr': 1.0, 'target_lr': 1.0}, 'batch_per_device': 1024}",11.114355564117432,0,1,5398.3611228103355,1
0.007332420349121094,0.11535794734954834,0.004783082008361817,0.046950092121046415,0.02101311683654785,nan,0.0,0.042980098724365236,0.12729999423027039,2.3508001987457274,-0.12729999423027039,nan,0.0,nan,0.0,nan,0.0,0.11221999675035477,2.8474218058776857,nan,0.0,nan,0.0,60000,1,False,,,2,-2.3508001987457274,7bc4831b6ade4bb3b20a8c10566c8295,2019-05-30_14-27-29,1559251649,7.388662576675415,18.503018140792847,26978,steropes,169.229.49.254,"{'starting_lr': 1.0, 'momentum': 0.95, 'weight_decay': 0.0001, 'steps_per_iteration': None, 'pin': False, 'model_creator': None, 'target_batch_size': 1024, 'model_string': 'resnet18', 'min_batch_size': 512, 'dataset': 'CIFAR', 'placement': None, 'use_nccl': True, 'devices_per_worker': 1, 'primary_resource': 'extra_gpu', 'gpu': False, 'verbose': False, 'lr_config': {'mode': 'log', 'steps': 5, 'initial_lr': 1.0, 'target_lr': 1.0}, 'batch_per_device': 1024}",18.503018140792847,0,2,6485.3559838754045,1
0.007383465766906738,0.11459896564483643,0.004171609878540039,0.04437515686969368,0.020557737350463866,nan,0.0,0.041809916496276855,0.10659999400377274,2.305403255844116,-0.10659999400377274,nan,0.0,nan,0.0,nan,0.0,0.09901999682188034,2.320747674331665,nan,0.0,nan,0.0,60000,1,False,,,3,-2.305403255844116,7bc4831b6ade4bb3b20a8c10566c8295,2019-05-30_14-27-37,1559251657,7.191916465759277,25.694934606552124,26978,steropes,169.229.49.254,"{'starting_lr': 1.0, 'momentum': 0.95, 'weight_decay': 0.0001, 'steps_per_iteration': None, 'pin': False, 'model_creator': None, 'target_batch_size': 1024, 'model_string': 'resnet18', 'min_batch_size': 512, 'dataset': 'CIFAR', 'placement': None, 'use_nccl': True, 'devices_per_worker': 1, 'primary_resource': 'extra_gpu', 'gpu': False, 'verbose': False, 'lr_config': {'mode': 'log', 'steps': 5, 'initial_lr': 1.0, 'target_lr': 1.0}, 'batch_per_device': 1024}",25.694934606552124,0,3,7005.1944838861955,1
0.007379937171936035,0.11386194229125976,0.004421353340148926,0.04401711055210659,0.020812606811523436,nan,0.0,0.04279634952545166,0.10929999500513077,2.29996146736145,-0.10929999500513077,nan,0.0,nan,0.0,nan,0.0,0.10411999374628067,2.310094091644287,nan,0.0,nan,0.0,60000,1,False,,,4,-2.29996146736145,7bc4831b6ade4bb3b20a8c10566c8295,2019-05-30_14-27-44,1559251664,7.144785642623901,32.839720249176025,26978,steropes,169.229.49.254,"{'starting_lr': 1.0, 'momentum': 0.95, 'weight_decay': 0.0001, 'steps_per_iteration': None, 'pin': False, 'model_creator': None, 'target_batch_size': 1024, 'model_string': 'resnet18', 'min_batch_size': 512, 'dataset': 'CIFAR', 'placement': None, 'use_nccl': True, 'devices_per_worker': 1, 'primary_resource': 'extra_gpu', 'gpu': False, 'verbose': False, 'lr_config': {'mode': 'log', 'steps': 5, 'initial_lr': 1.0, 'target_lr': 1.0}, 'batch_per_device': 1024}",32.839720249176025,0,4,7308.141857235267,1
0.0070868730545043945,0.11275639533996581,0.004370355606079101,0.04312022851437938,0.020537161827087404,nan,0.0,0.04214198589324951,0.1680999994277954,2.1892164054870604,-0.1680999994277954,nan,0.0,nan,0.0,nan,0.0,0.12581999599933624,2.2747817427062986,nan,0.0,nan,0.0,60000,1,False,,,5,-2.1892164054870604,7bc4831b6ade4bb3b20a8c10566c8295,2019-05-30_14-27-51,1559251671,7.122881650924683,39.96260190010071,26978,steropes,169.229.49.254,"{'starting_lr': 1.0, 'momentum': 0.95, 'weight_decay': 0.0001, 'steps_per_iteration': None, 'pin': False, 'model_creator': None, 'target_batch_size': 1024, 'model_string': 'resnet18', 'min_batch_size': 512, 'dataset': 'CIFAR', 'placement': None, 'use_nccl': True, 'devices_per_worker': 1, 'primary_resource': 'extra_gpu', 'gpu': False, 'verbose': False, 'lr_config': {'mode': 'log', 'steps': 5, 'initial_lr': 1.0, 'target_lr': 1.0}, 'batch_per_device': 1024}",39.96260190010071,0,5,7506.934596483096,1
0.00787522792816162,0.11362130641937256,0.0043164253234863285,0.04727927519350636,0.021202683448791504,nan,0.0,0.04275643825531006,0.18209999799728394,2.124329515075684,-0.18209999799728394,nan,0.0,nan,0.0,nan,0.0,0.16273999214172363,2.1662779892730715,nan,0.0,nan,0.0,60000,1,False,,,6,-2.124329515075684,7bc4831b6ade4bb3b20a8c10566c8295,2019-05-30_14-27-58,1559251678,7.3377320766448975,47.300333976745605,26978,steropes,169.229.49.254,"{'starting_lr': 1.0, 'momentum': 0.95, 'weight_decay': 0.0001, 'steps_per_iteration': None, 'pin': False, 'model_creator': None, 'target_batch_size': 1024, 'model_string': 'resnet18', 'min_batch_size': 512, 'dataset': 'CIFAR', 'placement': None, 'use_nccl': True, 'devices_per_worker': 1, 'primary_resource': 'extra_gpu', 'gpu': False, 'verbose': False, 'lr_config': {'mode': 'log', 'steps': 5, 'initial_lr': 1.0, 'target_lr': 1.0}, 'batch_per_device': 1024}",47.300333976745605,0,6,8290.412813395345,1
0.007187247276306152,0.11484880447387695,0.004391360282897949,0.051919976059271365,0.02041170597076416,nan,0.0,0.04236483573913574,0.1673000007867813,2.086627205276489,-0.1673000007867813,nan,0.0,nan,0.0,nan,0.0,0.17778000235557556,2.1069505072021486,nan,0.0,nan,0.0,60000,1,False,,,7,-2.086627205276489,7bc4831b6ade4bb3b20a8c10566c8295,2019-05-30_14-28-06,1559251686,7.5347113609313965,54.835045337677,26978,steropes,169.229.49.254,"{'starting_lr': 1.0, 'momentum': 0.95, 'weight_decay': 0.0001, 'steps_per_iteration': None, 'pin': False, 'model_creator': None, 'target_batch_size': 1024, 'model_string': 'resnet18', 'min_batch_size': 512, 'dataset': 'CIFAR', 'placement': None, 'use_nccl': True, 'devices_per_worker': 1, 'primary_resource': 'extra_gpu', 'gpu': False, 'verbose': False, 'lr_config': {'mode': 'log', 'steps': 5, 'initial_lr': 1.0, 'target_lr': 1.0}, 'batch_per_device': 1024}",54.835045337677,0,7,8257.087730448135,1
0.008135342597961425,0.11432654857635498,0.004469227790832519,0.05333337005303831,0.02189979553222656,nan,0.0,0.04185574054718018,0.17679999768733978,2.0601543533325195,-0.17679999768733978,nan,0.0,nan,0.0,nan,0.0,0.178739994764328,2.0837982498168945,nan,0.0,nan,0.0,60000,1,False,,,8,-2.0601543533325195,7bc4831b6ade4bb3b20a8c10566c8295,2019-05-30_14-28-13,1559251693,7.60221791267395,62.43726325035095,26978,steropes,169.229.49.254,"{'starting_lr': 1.0, 'momentum': 0.95, 'weight_decay': 0.0001, 'steps_per_iteration': None, 'pin': False, 'model_creator': None, 'target_batch_size': 1024, 'model_string': 'resnet18', 'min_batch_size': 512, 'dataset': 'CIFAR', 'placement': None, 'use_nccl': True, 'devices_per_worker': 1, 'primary_resource': 'extra_gpu', 'gpu': False, 'verbose': False, 'lr_config': {'mode': 'log', 'steps': 5, 'initial_lr': 1.0, 'target_lr': 1.0}, 'batch_per_device': 1024}",62.43726325035095,0,8,8164.881483706969,1
0.0078857421875,0.13158726692199707,0.004441952705383301,0.043952971088642975,0.023035311698913576,nan,0.0,0.04241724014282226,0.16910000145435333,2.14211869430542,-0.16910000145435333,nan,0.0,nan,0.0,nan,0.0,0.18435999751091003,2.0407001695251465,nan,0.0,nan,0.0,60000,1,False,,,9,-2.14211869430542,7bc4831b6ade4bb3b20a8c10566c8295,2019-05-30_14-28-21,1559251701,7.341341257095337,69.77860450744629,26978,steropes,169.229.49.254,"{'starting_lr': 1.0, 'momentum': 0.95, 'weight_decay': 0.0001, 'steps_per_iteration': None, 'pin': False, 'model_creator': None, 'target_batch_size': 1024, 'model_string': 'resnet18', 'min_batch_size': 512, 'dataset': 'CIFAR', 'placement': None, 'use_nccl': True, 'devices_per_worker': 1, 'primary_resource': 'extra_gpu', 'gpu': False, 'verbose': False, 'lr_config': {'mode': 'log', 'steps': 5, 'initial_lr': 1.0, 'target_lr': 1.0}, 'batch_per_device': 1024}",69.77860450744629,0,9,8121.436140706831,1
0.007356071472167968,0.11302244663238525,0.004632496833801269,0.047398207138995736,0.021171998977661134,nan,0.0,0.042182397842407224,0.16409999132156372,2.1284238636016846,-0.16409999132156372,nan,0.0,nan,0.0,nan,0.0,0.18497999012470245,2.0193694758224487,nan,0.0,nan,0.0,60000,1,False,,,10,-2.1284238636016846,7bc4831b6ade4bb3b20a8c10566c8295,2019-05-30_14-28-28,1559251708,7.293954610824585,77.07255911827087,26978,steropes,169.229.49.254,"{'starting_lr': 1.0, 'momentum': 0.95, 'weight_decay': 0.0001, 'steps_per_iteration': None, 'pin': False, 'model_creator': None, 'target_batch_size': 1024, 'model_string': 'resnet18', 'min_batch_size': 512, 'dataset': 'CIFAR', 'placement': None, 'use_nccl': True, 'devices_per_worker': 1, 'primary_resource': 'extra_gpu', 'gpu': False, 'verbose': False, 'lr_config': {'mode': 'log', 'steps': 5, 'initial_lr': 1.0, 'target_lr': 1.0}, 'batch_per_device': 1024}",77.07255911827087,0,10,8083.999295685549,1
0.007641911506652832,0.11651442050933838,0.004432582855224609,0.04429371989503199,0.020690083503723145,nan,0.0,0.04261837005615234,0.19089999794960022,1.9616281511306763,-0.19089999794960022,nan,0.0,nan,0.0,nan,0.0,0.19551999866962433,1.9688823433685303,nan,0.0,nan,0.0,60000,1,False,,,11,-1.9616281511306763,7bc4831b6ade4bb3b20a8c10566c8295,2019-05-30_14-28-35,1559251715,7.1772449016571045,84.24980401992798,26978,steropes,169.229.49.254,"{'starting_lr': 1.0, 'momentum': 0.95, 'weight_decay': 0.0001, 'steps_per_iteration': None, 'pin': False, 'model_creator': None, 'target_batch_size': 1024, 'model_string': 'resnet18', 'min_batch_size': 512, 'dataset': 'CIFAR', 'placement': None, 'use_nccl': True, 'devices_per_worker': 1, 'primary_resource': 'extra_gpu', 'gpu': False, 'verbose': False, 'lr_config': {'mode': 'log', 'steps': 5, 'initial_lr': 1.0, 'target_lr': 1.0}, 'batch_per_device': 1024}",84.24980401992798,0,11,8119.1110505552115,1
0.007267284393310547,0.11508426666259766,0.004506349563598633,0.044495037623814175,0.020850586891174316,nan,0.0,0.04191925525665283,0.1720999926328659,2.0357128192901612,-0.1720999926328659,nan,0.0,nan,0.0,nan,0.0,0.19631999731063843,1.9571409702301026,nan,0.0,nan,0.0,60000,1,False,,,12,-2.0357128192901612,7bc4831b6ade4bb3b20a8c10566c8295,2019-05-30_14-28-42,1559251722,7.186455249786377,91.43625926971436,26978,steropes,169.229.49.254,"{'starting_lr': 1.0, 'momentum': 0.95, 'weight_decay': 0.0001, 'steps_per_iteration': None, 'pin': False, 'model_creator': None, 'target_batch_size': 1024, 'model_string': 'resnet18', 'min_batch_size': 512, 'dataset': 'CIFAR', 'placement': None, 'use_nccl': True, 'devices_per_worker': 1, 'primary_resource': 'extra_gpu', 'gpu': False, 'verbose': False, 'lr_config': {'mode': 'log', 'steps': 5, 'initial_lr': 1.0, 'target_lr': 1.0}, 'batch_per_device': 1024}",91.43625926971436,0,12,8196.36253530411,1
0.007378387451171875,0.12261252403259278,0.004585099220275879,0.04539022153737594,0.02047874927520752,nan,0.0,0.042522978782653806,0.203699991106987,1.954911953163147,-0.203699991106987,nan,0.0,nan,0.0,nan,0.0,0.20535999536514282,1.9418452193069458,nan,0.0,nan,0.0,60000,1,False,,,13,-1.954911953163147,7bc4831b6ade4bb3b20a8c10566c8295,2019-05-30_14-28-50,1559251730,7.279444932937622,98.71570420265198,26978,steropes,169.229.49.254,"{'starting_lr': 1.0, 'momentum': 0.95, 'weight_decay': 0.0001, 'steps_per_iteration': None, 'pin': False, 'model_creator': None, 'target_batch_size': 1024, 'model_string': 'resnet18', 'min_batch_size': 512, 'dataset': 'CIFAR', 'placement': None, 'use_nccl': True, 'devices_per_worker': 1, 'primary_resource': 'extra_gpu', 'gpu': False, 'verbose': False, 'lr_config': {'mode': 'log', 'steps': 5, 'initial_lr': 1.0, 'target_lr': 1.0}, 'batch_per_device': 1024}",98.71570420265198,0,13,8269.28535466068,1
0.007384872436523438,0.11320548057556153,0.004505634307861328,0.048581327710832865,0.02059283256530762,nan,0.0,0.04265251159667969,0.1581999957561493,2.0926737953186034,-0.1581999957561493,nan,0.0,nan,0.0,nan,0.0,0.21021999418735504,1.9175889669036865,nan,0.0,nan,0.0,60000,1,True,,,14,-2.0926737953186034,7bc4831b6ade4bb3b20a8c10566c8295,2019-05-30_14-28-57,1559251737,7.354540586471558,106.07024478912354,26978,steropes,169.229.49.254,"{'starting_lr': 1.0, 'momentum': 0.95, 'weight_decay': 0.0001, 'steps_per_iteration': None, 'pin': False, 'model_creator': None, 'target_batch_size': 1024, 'model_string': 'resnet18', 'min_batch_size': 512, 'dataset': 'CIFAR', 'placement': None, 'use_nccl': True, 'devices_per_worker': 1, 'primary_resource': 'extra_gpu', 'gpu': False, 'verbose': False, 'lr_config': {'mode': 'log', 'steps': 5, 'initial_lr': 1.0, 'target_lr': 1.0}, 'batch_per_device': 1024}",106.07024478912354,0,14,8266.278594483158,1
