{"apply": 0.007279324531555176, "batch_time": 0.17186422348022462, "d2h": 0.004782485961914063, "data_time": 0.03970453203940878, "fwd": 0.07641377449035644, "get_state_time_mean": NaN, "get_state_time_total": 0.0, "grad": 0.14747605323791504, "mean_accuracy": 0.10349999368190765, "mean_loss": 2.4625842456817626, "neg_mean_accuracy": -0.10349999368190765, "set_state_time_mean": NaN, "set_state_time_total": 0.0, "setup_model_time_mean": 8.423951625823975, "setup_model_time_total": 8.423951625823975, "setup_proc_time_mean": 0.2326674461364746, "setup_proc_time_total": 0.2326674461364746, "train_accuracy": 0.10501999408006668, "train_loss": 7.814854993591308, "training_time_mean": NaN, "training_time_total": 0.0, "validation_time_mean": NaN, "validation_time_total": 0.0, "samples": 60000, "num_workers": 1, "done": false, "timesteps_total": null, "episodes_total": null, "training_iteration": 1, "neg_mean_loss": -2.4625842456817626, "experiment_id": "7bc4831b6ade4bb3b20a8c10566c8295", "date": "2019-05-30_14-27-22", "timestamp": 1559251642, "time_this_iter_s": 11.114355564117432, "time_total_s": 11.114355564117432, "pid": 26978, "hostname": "steropes", "node_ip": "169.229.49.254", "config": {"starting_lr": 1.0, "momentum": 0.95, "weight_decay": 0.0001, "steps_per_iteration": null, "pin": false, "model_creator": null, "target_batch_size": 1024, "model_string": "resnet18", "min_batch_size": 512, "dataset": "CIFAR", "placement": null, "use_nccl": true, "devices_per_worker": 1, "primary_resource": "extra_gpu", "gpu": false, "verbose": false, "lr_config": {"mode": "log", "steps": 5, "initial_lr": 1.0, "target_lr": 1.0}, "batch_per_device": 1024}, "time_since_restore": 11.114355564117432, "timesteps_since_restore": 0, "iterations_since_restore": 1, "mean_throughput": 5398.3611228103355, "atoms": 1}
{"apply": 0.007332420349121094, "batch_time": 0.11535794734954834, "d2h": 0.004783082008361817, "data_time": 0.046950092121046415, "fwd": 0.02101311683654785, "get_state_time_mean": NaN, "get_state_time_total": 0.0, "grad": 0.042980098724365236, "mean_accuracy": 0.12729999423027039, "mean_loss": 2.3508001987457274, "neg_mean_accuracy": -0.12729999423027039, "set_state_time_mean": NaN, "set_state_time_total": 0.0, "setup_model_time_mean": NaN, "setup_model_time_total": 0.0, "setup_proc_time_mean": NaN, "setup_proc_time_total": 0.0, "train_accuracy": 0.11221999675035477, "train_loss": 2.8474218058776857, "training_time_mean": NaN, "training_time_total": 0.0, "validation_time_mean": NaN, "validation_time_total": 0.0, "samples": 60000, "num_workers": 1, "done": false, "timesteps_total": null, "episodes_total": null, "training_iteration": 2, "neg_mean_loss": -2.3508001987457274, "experiment_id": "7bc4831b6ade4bb3b20a8c10566c8295", "date": "2019-05-30_14-27-29", "timestamp": 1559251649, "time_this_iter_s": 7.388662576675415, "time_total_s": 18.503018140792847, "pid": 26978, "hostname": "steropes", "node_ip": "169.229.49.254", "config": {"starting_lr": 1.0, "momentum": 0.95, "weight_decay": 0.0001, "steps_per_iteration": null, "pin": false, "model_creator": null, "target_batch_size": 1024, "model_string": "resnet18", "min_batch_size": 512, "dataset": "CIFAR", "placement": null, "use_nccl": true, "devices_per_worker": 1, "primary_resource": "extra_gpu", "gpu": false, "verbose": false, "lr_config": {"mode": "log", "steps": 5, "initial_lr": 1.0, "target_lr": 1.0}, "batch_per_device": 1024}, "time_since_restore": 18.503018140792847, "timesteps_since_restore": 0, "iterations_since_restore": 2, "mean_throughput": 6485.3559838754045, "atoms": 1}
{"apply": 0.007383465766906738, "batch_time": 0.11459896564483643, "d2h": 0.004171609878540039, "data_time": 0.04437515686969368, "fwd": 0.020557737350463866, "get_state_time_mean": NaN, "get_state_time_total": 0.0, "grad": 0.041809916496276855, "mean_accuracy": 0.10659999400377274, "mean_loss": 2.305403255844116, "neg_mean_accuracy": -0.10659999400377274, "set_state_time_mean": NaN, "set_state_time_total": 0.0, "setup_model_time_mean": NaN, "setup_model_time_total": 0.0, "setup_proc_time_mean": NaN, "setup_proc_time_total": 0.0, "train_accuracy": 0.09901999682188034, "train_loss": 2.320747674331665, "training_time_mean": NaN, "training_time_total": 0.0, "validation_time_mean": NaN, "validation_time_total": 0.0, "samples": 60000, "num_workers": 1, "done": false, "timesteps_total": null, "episodes_total": null, "training_iteration": 3, "neg_mean_loss": -2.305403255844116, "experiment_id": "7bc4831b6ade4bb3b20a8c10566c8295", "date": "2019-05-30_14-27-37", "timestamp": 1559251657, "time_this_iter_s": 7.191916465759277, "time_total_s": 25.694934606552124, "pid": 26978, "hostname": "steropes", "node_ip": "169.229.49.254", "config": {"starting_lr": 1.0, "momentum": 0.95, "weight_decay": 0.0001, "steps_per_iteration": null, "pin": false, "model_creator": null, "target_batch_size": 1024, "model_string": "resnet18", "min_batch_size": 512, "dataset": "CIFAR", "placement": null, "use_nccl": true, "devices_per_worker": 1, "primary_resource": "extra_gpu", "gpu": false, "verbose": false, "lr_config": {"mode": "log", "steps": 5, "initial_lr": 1.0, "target_lr": 1.0}, "batch_per_device": 1024}, "time_since_restore": 25.694934606552124, "timesteps_since_restore": 0, "iterations_since_restore": 3, "mean_throughput": 7005.1944838861955, "atoms": 1}
{"apply": 0.007379937171936035, "batch_time": 0.11386194229125976, "d2h": 0.004421353340148926, "data_time": 0.04401711055210659, "fwd": 0.020812606811523436, "get_state_time_mean": NaN, "get_state_time_total": 0.0, "grad": 0.04279634952545166, "mean_accuracy": 0.10929999500513077, "mean_loss": 2.29996146736145, "neg_mean_accuracy": -0.10929999500513077, "set_state_time_mean": NaN, "set_state_time_total": 0.0, "setup_model_time_mean": NaN, "setup_model_time_total": 0.0, "setup_proc_time_mean": NaN, "setup_proc_time_total": 0.0, "train_accuracy": 0.10411999374628067, "train_loss": 2.310094091644287, "training_time_mean": NaN, "training_time_total": 0.0, "validation_time_mean": NaN, "validation_time_total": 0.0, "samples": 60000, "num_workers": 1, "done": false, "timesteps_total": null, "episodes_total": null, "training_iteration": 4, "neg_mean_loss": -2.29996146736145, "experiment_id": "7bc4831b6ade4bb3b20a8c10566c8295", "date": "2019-05-30_14-27-44", "timestamp": 1559251664, "time_this_iter_s": 7.144785642623901, "time_total_s": 32.839720249176025, "pid": 26978, "hostname": "steropes", "node_ip": "169.229.49.254", "config": {"starting_lr": 1.0, "momentum": 0.95, "weight_decay": 0.0001, "steps_per_iteration": null, "pin": false, "model_creator": null, "target_batch_size": 1024, "model_string": "resnet18", "min_batch_size": 512, "dataset": "CIFAR", "placement": null, "use_nccl": true, "devices_per_worker": 1, "primary_resource": "extra_gpu", "gpu": false, "verbose": false, "lr_config": {"mode": "log", "steps": 5, "initial_lr": 1.0, "target_lr": 1.0}, "batch_per_device": 1024}, "time_since_restore": 32.839720249176025, "timesteps_since_restore": 0, "iterations_since_restore": 4, "mean_throughput": 7308.141857235267, "atoms": 1}
{"apply": 0.0070868730545043945, "batch_time": 0.11275639533996581, "d2h": 0.004370355606079101, "data_time": 0.04312022851437938, "fwd": 0.020537161827087404, "get_state_time_mean": NaN, "get_state_time_total": 0.0, "grad": 0.04214198589324951, "mean_accuracy": 0.1680999994277954, "mean_loss": 2.1892164054870604, "neg_mean_accuracy": -0.1680999994277954, "set_state_time_mean": NaN, "set_state_time_total": 0.0, "setup_model_time_mean": NaN, "setup_model_time_total": 0.0, "setup_proc_time_mean": NaN, "setup_proc_time_total": 0.0, "train_accuracy": 0.12581999599933624, "train_loss": 2.2747817427062986, "training_time_mean": NaN, "training_time_total": 0.0, "validation_time_mean": NaN, "validation_time_total": 0.0, "samples": 60000, "num_workers": 1, "done": false, "timesteps_total": null, "episodes_total": null, "training_iteration": 5, "neg_mean_loss": -2.1892164054870604, "experiment_id": "7bc4831b6ade4bb3b20a8c10566c8295", "date": "2019-05-30_14-27-51", "timestamp": 1559251671, "time_this_iter_s": 7.122881650924683, "time_total_s": 39.96260190010071, "pid": 26978, "hostname": "steropes", "node_ip": "169.229.49.254", "config": {"starting_lr": 1.0, "momentum": 0.95, "weight_decay": 0.0001, "steps_per_iteration": null, "pin": false, "model_creator": null, "target_batch_size": 1024, "model_string": "resnet18", "min_batch_size": 512, "dataset": "CIFAR", "placement": null, "use_nccl": true, "devices_per_worker": 1, "primary_resource": "extra_gpu", "gpu": false, "verbose": false, "lr_config": {"mode": "log", "steps": 5, "initial_lr": 1.0, "target_lr": 1.0}, "batch_per_device": 1024}, "time_since_restore": 39.96260190010071, "timesteps_since_restore": 0, "iterations_since_restore": 5, "mean_throughput": 7506.934596483096, "atoms": 1}
{"apply": 0.00787522792816162, "batch_time": 0.11362130641937256, "d2h": 0.0043164253234863285, "data_time": 0.04727927519350636, "fwd": 0.021202683448791504, "get_state_time_mean": NaN, "get_state_time_total": 0.0, "grad": 0.04275643825531006, "mean_accuracy": 0.18209999799728394, "mean_loss": 2.124329515075684, "neg_mean_accuracy": -0.18209999799728394, "set_state_time_mean": NaN, "set_state_time_total": 0.0, "setup_model_time_mean": NaN, "setup_model_time_total": 0.0, "setup_proc_time_mean": NaN, "setup_proc_time_total": 0.0, "train_accuracy": 0.16273999214172363, "train_loss": 2.1662779892730715, "training_time_mean": NaN, "training_time_total": 0.0, "validation_time_mean": NaN, "validation_time_total": 0.0, "samples": 60000, "num_workers": 1, "done": false, "timesteps_total": null, "episodes_total": null, "training_iteration": 6, "neg_mean_loss": -2.124329515075684, "experiment_id": "7bc4831b6ade4bb3b20a8c10566c8295", "date": "2019-05-30_14-27-58", "timestamp": 1559251678, "time_this_iter_s": 7.3377320766448975, "time_total_s": 47.300333976745605, "pid": 26978, "hostname": "steropes", "node_ip": "169.229.49.254", "config": {"starting_lr": 1.0, "momentum": 0.95, "weight_decay": 0.0001, "steps_per_iteration": null, "pin": false, "model_creator": null, "target_batch_size": 1024, "model_string": "resnet18", "min_batch_size": 512, "dataset": "CIFAR", "placement": null, "use_nccl": true, "devices_per_worker": 1, "primary_resource": "extra_gpu", "gpu": false, "verbose": false, "lr_config": {"mode": "log", "steps": 5, "initial_lr": 1.0, "target_lr": 1.0}, "batch_per_device": 1024}, "time_since_restore": 47.300333976745605, "timesteps_since_restore": 0, "iterations_since_restore": 6, "mean_throughput": 8290.412813395345, "atoms": 1}
{"apply": 0.007187247276306152, "batch_time": 0.11484880447387695, "d2h": 0.004391360282897949, "data_time": 0.051919976059271365, "fwd": 0.02041170597076416, "get_state_time_mean": NaN, "get_state_time_total": 0.0, "grad": 0.04236483573913574, "mean_accuracy": 0.1673000007867813, "mean_loss": 2.086627205276489, "neg_mean_accuracy": -0.1673000007867813, "set_state_time_mean": NaN, "set_state_time_total": 0.0, "setup_model_time_mean": NaN, "setup_model_time_total": 0.0, "setup_proc_time_mean": NaN, "setup_proc_time_total": 0.0, "train_accuracy": 0.17778000235557556, "train_loss": 2.1069505072021486, "training_time_mean": NaN, "training_time_total": 0.0, "validation_time_mean": NaN, "validation_time_total": 0.0, "samples": 60000, "num_workers": 1, "done": false, "timesteps_total": null, "episodes_total": null, "training_iteration": 7, "neg_mean_loss": -2.086627205276489, "experiment_id": "7bc4831b6ade4bb3b20a8c10566c8295", "date": "2019-05-30_14-28-06", "timestamp": 1559251686, "time_this_iter_s": 7.5347113609313965, "time_total_s": 54.835045337677, "pid": 26978, "hostname": "steropes", "node_ip": "169.229.49.254", "config": {"starting_lr": 1.0, "momentum": 0.95, "weight_decay": 0.0001, "steps_per_iteration": null, "pin": false, "model_creator": null, "target_batch_size": 1024, "model_string": "resnet18", "min_batch_size": 512, "dataset": "CIFAR", "placement": null, "use_nccl": true, "devices_per_worker": 1, "primary_resource": "extra_gpu", "gpu": false, "verbose": false, "lr_config": {"mode": "log", "steps": 5, "initial_lr": 1.0, "target_lr": 1.0}, "batch_per_device": 1024}, "time_since_restore": 54.835045337677, "timesteps_since_restore": 0, "iterations_since_restore": 7, "mean_throughput": 8257.087730448135, "atoms": 1}
{"apply": 0.008135342597961425, "batch_time": 0.11432654857635498, "d2h": 0.004469227790832519, "data_time": 0.05333337005303831, "fwd": 0.02189979553222656, "get_state_time_mean": NaN, "get_state_time_total": 0.0, "grad": 0.04185574054718018, "mean_accuracy": 0.17679999768733978, "mean_loss": 2.0601543533325195, "neg_mean_accuracy": -0.17679999768733978, "set_state_time_mean": NaN, "set_state_time_total": 0.0, "setup_model_time_mean": NaN, "setup_model_time_total": 0.0, "setup_proc_time_mean": NaN, "setup_proc_time_total": 0.0, "train_accuracy": 0.178739994764328, "train_loss": 2.0837982498168945, "training_time_mean": NaN, "training_time_total": 0.0, "validation_time_mean": NaN, "validation_time_total": 0.0, "samples": 60000, "num_workers": 1, "done": false, "timesteps_total": null, "episodes_total": null, "training_iteration": 8, "neg_mean_loss": -2.0601543533325195, "experiment_id": "7bc4831b6ade4bb3b20a8c10566c8295", "date": "2019-05-30_14-28-13", "timestamp": 1559251693, "time_this_iter_s": 7.60221791267395, "time_total_s": 62.43726325035095, "pid": 26978, "hostname": "steropes", "node_ip": "169.229.49.254", "config": {"starting_lr": 1.0, "momentum": 0.95, "weight_decay": 0.0001, "steps_per_iteration": null, "pin": false, "model_creator": null, "target_batch_size": 1024, "model_string": "resnet18", "min_batch_size": 512, "dataset": "CIFAR", "placement": null, "use_nccl": true, "devices_per_worker": 1, "primary_resource": "extra_gpu", "gpu": false, "verbose": false, "lr_config": {"mode": "log", "steps": 5, "initial_lr": 1.0, "target_lr": 1.0}, "batch_per_device": 1024}, "time_since_restore": 62.43726325035095, "timesteps_since_restore": 0, "iterations_since_restore": 8, "mean_throughput": 8164.881483706969, "atoms": 1}
{"apply": 0.0078857421875, "batch_time": 0.13158726692199707, "d2h": 0.004441952705383301, "data_time": 0.043952971088642975, "fwd": 0.023035311698913576, "get_state_time_mean": NaN, "get_state_time_total": 0.0, "grad": 0.04241724014282226, "mean_accuracy": 0.16910000145435333, "mean_loss": 2.14211869430542, "neg_mean_accuracy": -0.16910000145435333, "set_state_time_mean": NaN, "set_state_time_total": 0.0, "setup_model_time_mean": NaN, "setup_model_time_total": 0.0, "setup_proc_time_mean": NaN, "setup_proc_time_total": 0.0, "train_accuracy": 0.18435999751091003, "train_loss": 2.0407001695251465, "training_time_mean": NaN, "training_time_total": 0.0, "validation_time_mean": NaN, "validation_time_total": 0.0, "samples": 60000, "num_workers": 1, "done": false, "timesteps_total": null, "episodes_total": null, "training_iteration": 9, "neg_mean_loss": -2.14211869430542, "experiment_id": "7bc4831b6ade4bb3b20a8c10566c8295", "date": "2019-05-30_14-28-21", "timestamp": 1559251701, "time_this_iter_s": 7.341341257095337, "time_total_s": 69.77860450744629, "pid": 26978, "hostname": "steropes", "node_ip": "169.229.49.254", "config": {"starting_lr": 1.0, "momentum": 0.95, "weight_decay": 0.0001, "steps_per_iteration": null, "pin": false, "model_creator": null, "target_batch_size": 1024, "model_string": "resnet18", "min_batch_size": 512, "dataset": "CIFAR", "placement": null, "use_nccl": true, "devices_per_worker": 1, "primary_resource": "extra_gpu", "gpu": false, "verbose": false, "lr_config": {"mode": "log", "steps": 5, "initial_lr": 1.0, "target_lr": 1.0}, "batch_per_device": 1024}, "time_since_restore": 69.77860450744629, "timesteps_since_restore": 0, "iterations_since_restore": 9, "mean_throughput": 8121.436140706831, "atoms": 1}
{"apply": 0.007356071472167968, "batch_time": 0.11302244663238525, "d2h": 0.004632496833801269, "data_time": 0.047398207138995736, "fwd": 0.021171998977661134, "get_state_time_mean": NaN, "get_state_time_total": 0.0, "grad": 0.042182397842407224, "mean_accuracy": 0.16409999132156372, "mean_loss": 2.1284238636016846, "neg_mean_accuracy": -0.16409999132156372, "set_state_time_mean": NaN, "set_state_time_total": 0.0, "setup_model_time_mean": NaN, "setup_model_time_total": 0.0, "setup_proc_time_mean": NaN, "setup_proc_time_total": 0.0, "train_accuracy": 0.18497999012470245, "train_loss": 2.0193694758224487, "training_time_mean": NaN, "training_time_total": 0.0, "validation_time_mean": NaN, "validation_time_total": 0.0, "samples": 60000, "num_workers": 1, "done": false, "timesteps_total": null, "episodes_total": null, "training_iteration": 10, "neg_mean_loss": -2.1284238636016846, "experiment_id": "7bc4831b6ade4bb3b20a8c10566c8295", "date": "2019-05-30_14-28-28", "timestamp": 1559251708, "time_this_iter_s": 7.293954610824585, "time_total_s": 77.07255911827087, "pid": 26978, "hostname": "steropes", "node_ip": "169.229.49.254", "config": {"starting_lr": 1.0, "momentum": 0.95, "weight_decay": 0.0001, "steps_per_iteration": null, "pin": false, "model_creator": null, "target_batch_size": 1024, "model_string": "resnet18", "min_batch_size": 512, "dataset": "CIFAR", "placement": null, "use_nccl": true, "devices_per_worker": 1, "primary_resource": "extra_gpu", "gpu": false, "verbose": false, "lr_config": {"mode": "log", "steps": 5, "initial_lr": 1.0, "target_lr": 1.0}, "batch_per_device": 1024}, "time_since_restore": 77.07255911827087, "timesteps_since_restore": 0, "iterations_since_restore": 10, "mean_throughput": 8083.999295685549, "atoms": 1}
{"apply": 0.007641911506652832, "batch_time": 0.11651442050933838, "d2h": 0.004432582855224609, "data_time": 0.04429371989503199, "fwd": 0.020690083503723145, "get_state_time_mean": NaN, "get_state_time_total": 0.0, "grad": 0.04261837005615234, "mean_accuracy": 0.19089999794960022, "mean_loss": 1.9616281511306763, "neg_mean_accuracy": -0.19089999794960022, "set_state_time_mean": NaN, "set_state_time_total": 0.0, "setup_model_time_mean": NaN, "setup_model_time_total": 0.0, "setup_proc_time_mean": NaN, "setup_proc_time_total": 0.0, "train_accuracy": 0.19551999866962433, "train_loss": 1.9688823433685303, "training_time_mean": NaN, "training_time_total": 0.0, "validation_time_mean": NaN, "validation_time_total": 0.0, "samples": 60000, "num_workers": 1, "done": false, "timesteps_total": null, "episodes_total": null, "training_iteration": 11, "neg_mean_loss": -1.9616281511306763, "experiment_id": "7bc4831b6ade4bb3b20a8c10566c8295", "date": "2019-05-30_14-28-35", "timestamp": 1559251715, "time_this_iter_s": 7.1772449016571045, "time_total_s": 84.24980401992798, "pid": 26978, "hostname": "steropes", "node_ip": "169.229.49.254", "config": {"starting_lr": 1.0, "momentum": 0.95, "weight_decay": 0.0001, "steps_per_iteration": null, "pin": false, "model_creator": null, "target_batch_size": 1024, "model_string": "resnet18", "min_batch_size": 512, "dataset": "CIFAR", "placement": null, "use_nccl": true, "devices_per_worker": 1, "primary_resource": "extra_gpu", "gpu": false, "verbose": false, "lr_config": {"mode": "log", "steps": 5, "initial_lr": 1.0, "target_lr": 1.0}, "batch_per_device": 1024}, "time_since_restore": 84.24980401992798, "timesteps_since_restore": 0, "iterations_since_restore": 11, "mean_throughput": 8119.1110505552115, "atoms": 1}
{"apply": 0.007267284393310547, "batch_time": 0.11508426666259766, "d2h": 0.004506349563598633, "data_time": 0.044495037623814175, "fwd": 0.020850586891174316, "get_state_time_mean": NaN, "get_state_time_total": 0.0, "grad": 0.04191925525665283, "mean_accuracy": 0.1720999926328659, "mean_loss": 2.0357128192901612, "neg_mean_accuracy": -0.1720999926328659, "set_state_time_mean": NaN, "set_state_time_total": 0.0, "setup_model_time_mean": NaN, "setup_model_time_total": 0.0, "setup_proc_time_mean": NaN, "setup_proc_time_total": 0.0, "train_accuracy": 0.19631999731063843, "train_loss": 1.9571409702301026, "training_time_mean": NaN, "training_time_total": 0.0, "validation_time_mean": NaN, "validation_time_total": 0.0, "samples": 60000, "num_workers": 1, "done": false, "timesteps_total": null, "episodes_total": null, "training_iteration": 12, "neg_mean_loss": -2.0357128192901612, "experiment_id": "7bc4831b6ade4bb3b20a8c10566c8295", "date": "2019-05-30_14-28-42", "timestamp": 1559251722, "time_this_iter_s": 7.186455249786377, "time_total_s": 91.43625926971436, "pid": 26978, "hostname": "steropes", "node_ip": "169.229.49.254", "config": {"starting_lr": 1.0, "momentum": 0.95, "weight_decay": 0.0001, "steps_per_iteration": null, "pin": false, "model_creator": null, "target_batch_size": 1024, "model_string": "resnet18", "min_batch_size": 512, "dataset": "CIFAR", "placement": null, "use_nccl": true, "devices_per_worker": 1, "primary_resource": "extra_gpu", "gpu": false, "verbose": false, "lr_config": {"mode": "log", "steps": 5, "initial_lr": 1.0, "target_lr": 1.0}, "batch_per_device": 1024}, "time_since_restore": 91.43625926971436, "timesteps_since_restore": 0, "iterations_since_restore": 12, "mean_throughput": 8196.36253530411, "atoms": 1}
{"apply": 0.007378387451171875, "batch_time": 0.12261252403259278, "d2h": 0.004585099220275879, "data_time": 0.04539022153737594, "fwd": 0.02047874927520752, "get_state_time_mean": NaN, "get_state_time_total": 0.0, "grad": 0.042522978782653806, "mean_accuracy": 0.203699991106987, "mean_loss": 1.954911953163147, "neg_mean_accuracy": -0.203699991106987, "set_state_time_mean": NaN, "set_state_time_total": 0.0, "setup_model_time_mean": NaN, "setup_model_time_total": 0.0, "setup_proc_time_mean": NaN, "setup_proc_time_total": 0.0, "train_accuracy": 0.20535999536514282, "train_loss": 1.9418452193069458, "training_time_mean": NaN, "training_time_total": 0.0, "validation_time_mean": NaN, "validation_time_total": 0.0, "samples": 60000, "num_workers": 1, "done": false, "timesteps_total": null, "episodes_total": null, "training_iteration": 13, "neg_mean_loss": -1.954911953163147, "experiment_id": "7bc4831b6ade4bb3b20a8c10566c8295", "date": "2019-05-30_14-28-50", "timestamp": 1559251730, "time_this_iter_s": 7.279444932937622, "time_total_s": 98.71570420265198, "pid": 26978, "hostname": "steropes", "node_ip": "169.229.49.254", "config": {"starting_lr": 1.0, "momentum": 0.95, "weight_decay": 0.0001, "steps_per_iteration": null, "pin": false, "model_creator": null, "target_batch_size": 1024, "model_string": "resnet18", "min_batch_size": 512, "dataset": "CIFAR", "placement": null, "use_nccl": true, "devices_per_worker": 1, "primary_resource": "extra_gpu", "gpu": false, "verbose": false, "lr_config": {"mode": "log", "steps": 5, "initial_lr": 1.0, "target_lr": 1.0}, "batch_per_device": 1024}, "time_since_restore": 98.71570420265198, "timesteps_since_restore": 0, "iterations_since_restore": 13, "mean_throughput": 8269.28535466068, "atoms": 1}
{"apply": 0.007384872436523438, "batch_time": 0.11320548057556153, "d2h": 0.004505634307861328, "data_time": 0.048581327710832865, "fwd": 0.02059283256530762, "get_state_time_mean": NaN, "get_state_time_total": 0.0, "grad": 0.04265251159667969, "mean_accuracy": 0.1581999957561493, "mean_loss": 2.0926737953186034, "neg_mean_accuracy": -0.1581999957561493, "set_state_time_mean": NaN, "set_state_time_total": 0.0, "setup_model_time_mean": NaN, "setup_model_time_total": 0.0, "setup_proc_time_mean": NaN, "setup_proc_time_total": 0.0, "train_accuracy": 0.21021999418735504, "train_loss": 1.9175889669036865, "training_time_mean": NaN, "training_time_total": 0.0, "validation_time_mean": NaN, "validation_time_total": 0.0, "samples": 60000, "num_workers": 1, "done": true, "timesteps_total": null, "episodes_total": null, "training_iteration": 14, "neg_mean_loss": -2.0926737953186034, "experiment_id": "7bc4831b6ade4bb3b20a8c10566c8295", "date": "2019-05-30_14-28-57", "timestamp": 1559251737, "time_this_iter_s": 7.354540586471558, "time_total_s": 106.07024478912354, "pid": 26978, "hostname": "steropes", "node_ip": "169.229.49.254", "config": {"starting_lr": 1.0, "momentum": 0.95, "weight_decay": 0.0001, "steps_per_iteration": null, "pin": false, "model_creator": null, "target_batch_size": 1024, "model_string": "resnet18", "min_batch_size": 512, "dataset": "CIFAR", "placement": null, "use_nccl": true, "devices_per_worker": 1, "primary_resource": "extra_gpu", "gpu": false, "verbose": false, "lr_config": {"mode": "log", "steps": 5, "initial_lr": 1.0, "target_lr": 1.0}, "batch_per_device": 1024}, "time_since_restore": 106.07024478912354, "timesteps_since_restore": 0, "iterations_since_restore": 14, "mean_throughput": 8266.278594483158, "atoms": 1}
