{"apply": 0.017277288436889648, "batch_time": 0.04276333277738547, "d2h": 0.0006537199020385742, "data_time": 0.001881755526413393, "fwd": 0.15221736431121827, "get_state_time_mean": NaN, "get_state_time_total": 0.0, "grad": 0.19490814208984375, "mean_accuracy": 0.09999999403953552, "mean_loss": 2.938080332728706e+17, "neg_mean_accuracy": -0.09999999403953552, "set_state_time_mean": NaN, "set_state_time_total": 0.0, "setup_model_time_mean": 10.3773193359375, "setup_model_time_total": 10.3773193359375, "setup_proc_time_mean": 0.16432404518127441, "setup_proc_time_total": 0.16432404518127441, "train_accuracy": 0.10317999869585037, "train_loss": 9997244597.385193, "training_time_mean": NaN, "training_time_total": 0.0, "val_accuracy": 0.09999999403953552, "val_loss": 2.938080332728706e+17, "validation_time_mean": NaN, "validation_time_total": 0.0, "samples": 60000, "num_workers": 1, "done": false, "timesteps_total": null, "episodes_total": null, "training_iteration": 1, "neg_mean_loss": -2.938080332728706e+17, "experiment_id": "d27c1f41508a4a1db83e3332c72a5163", "date": "2019-06-06_09-30-51", "timestamp": 1559838651, "time_this_iter_s": 46.67072033882141, "time_total_s": 46.67072033882141, "pid": 9143, "hostname": "steropes", "node_ip": "169.229.49.254", "config": {"starting_lr": 1.0, "momentum": 0.997, "weight_decay": 0.001, "steps_per_iteration": null, "pin": false, "model_creator": null, "target_batch_size": 128, "model_string": "resnet50", "min_batch_size": 128, "dataset": "CIFAR", "placement": null, "use_nccl": true, "devices_per_worker": 1, "primary_resource": "extra_gpu", "gpu": false, "verbose": false, "lr_config": {"mode": "log", "steps": 5, "initial_lr": 1.0, "target_lr": 1.0}, "batch_per_device": 128}, "time_since_restore": 46.67072033882141, "timesteps_since_restore": 0, "iterations_since_restore": 1, "mean_throughput": 1285.5981664052183, "atoms": 1, "setup_time": 10.662488222122192}
{"apply": 0.01734592914581299, "batch_time": 0.031647778764555726, "d2h": 0.0006990909576416015, "data_time": 0.0017411733222434589, "fwd": 0.02783203125, "get_state_time_mean": NaN, "get_state_time_total": 0.0, "grad": 0.04757413864135742, "mean_accuracy": 0.04999999701976776, "mean_loss": NaN, "neg_mean_accuracy": -0.0, "set_state_time_mean": NaN, "set_state_time_total": 0.0, "setup_model_time_mean": NaN, "setup_model_time_total": 0.0, "setup_proc_time_mean": NaN, "setup_proc_time_total": 0.0, "train_accuracy": 0.028939999639987946, "train_loss": NaN, "training_time_mean": NaN, "training_time_total": 0.0, "val_accuracy": 0.0, "val_loss": NaN, "validation_time_mean": NaN, "validation_time_total": 0.0, "samples": 60000, "num_workers": 1, "done": false, "timesteps_total": null, "episodes_total": null, "training_iteration": 2, "neg_mean_loss": NaN, "experiment_id": "d27c1f41508a4a1db83e3332c72a5163", "date": "2019-06-06_09-31-31", "timestamp": 1559838691, "time_this_iter_s": 40.10945963859558, "time_total_s": 86.78017997741699, "pid": 9143, "hostname": "steropes", "node_ip": "169.229.49.254", "config": {"starting_lr": 1.0, "momentum": 0.997, "weight_decay": 0.001, "steps_per_iteration": null, "pin": false, "model_creator": null, "target_batch_size": 128, "model_string": "resnet50", "min_batch_size": 128, "dataset": "CIFAR", "placement": null, "use_nccl": true, "devices_per_worker": 1, "primary_resource": "extra_gpu", "gpu": false, "verbose": false, "lr_config": {"mode": "log", "steps": 5, "initial_lr": 1.0, "target_lr": 1.0}, "batch_per_device": 128}, "time_since_restore": 86.78017997741699, "timesteps_since_restore": 0, "iterations_since_restore": 2, "mean_throughput": 1382.8003630736268, "atoms": 1, "setup_time": 10.662488222122192}
{"apply": 0.017363095283508302, "batch_time": 0.03165712235849115, "d2h": 0.0006738662719726563, "data_time": 0.0018548660571008082, "fwd": 0.028095030784606935, "get_state_time_mean": NaN, "get_state_time_total": 0.0, "grad": 0.04679925441741943, "mean_accuracy": 0.03333333134651184, "mean_loss": NaN, "neg_mean_accuracy": -0.0, "set_state_time_mean": NaN, "set_state_time_total": 0.0, "setup_model_time_mean": NaN, "setup_model_time_total": 0.0, "setup_proc_time_mean": NaN, "setup_proc_time_total": 0.0, "train_accuracy": 0.0, "train_loss": NaN, "training_time_mean": NaN, "training_time_total": 0.0, "val_accuracy": 0.0, "val_loss": NaN, "validation_time_mean": NaN, "validation_time_total": 0.0, "samples": 60000, "num_workers": 1, "done": true, "timesteps_total": null, "episodes_total": null, "training_iteration": 3, "neg_mean_loss": NaN, "experiment_id": "d27c1f41508a4a1db83e3332c72a5163", "date": "2019-06-06_09-32-11", "timestamp": 1559838731, "time_this_iter_s": 40.29722857475281, "time_total_s": 127.0774085521698, "pid": 9143, "hostname": "steropes", "node_ip": "169.229.49.254", "config": {"starting_lr": 1.0, "momentum": 0.997, "weight_decay": 0.001, "steps_per_iteration": null, "pin": false, "model_creator": null, "target_batch_size": 128, "model_string": "resnet50", "min_batch_size": 128, "dataset": "CIFAR", "placement": null, "use_nccl": true, "devices_per_worker": 1, "primary_resource": "extra_gpu", "gpu": false, "verbose": false, "lr_config": {"mode": "log", "steps": 5, "initial_lr": 1.0, "target_lr": 1.0}, "batch_per_device": 128}, "time_since_restore": 127.0774085521698, "timesteps_since_restore": 0, "iterations_since_restore": 3, "mean_throughput": 1416.4558734643415, "atoms": 1, "setup_time": 10.662488222122192}
