{"apply": 0.017317867279052733, "batch_time": 0.041941905323463154, "d2h": 0.0006568431854248047, "data_time": 0.0018065012324496607, "fwd": 0.19396703243255614, "get_state_time_mean": NaN, "get_state_time_total": 0.0, "grad": 0.2611809253692627, "mean_accuracy": 0.10300000011920929, "mean_loss": 2555771403246344.5, "neg_mean_accuracy": -0.10300000011920929, "set_state_time_mean": NaN, "set_state_time_total": 0.0, "setup_model_time_mean": 20.635539531707764, "setup_model_time_total": 20.635539531707764, "setup_proc_time_mean": 1.6679565906524658, "setup_proc_time_total": 1.6679565906524658, "train_accuracy": 0.10303999483585358, "train_loss": 3493122156.986429, "training_time_mean": NaN, "training_time_total": 0.0, "val_accuracy": 0.10300000011920929, "val_loss": 2555771403246344.5, "validation_time_mean": NaN, "validation_time_total": 0.0, "samples": 60000, "num_workers": 1, "done": false, "timesteps_total": null, "episodes_total": null, "training_iteration": 1, "neg_mean_loss": -2555771403246344.5, "experiment_id": "dc3956c60f5d4fa5ae9edfe1d852dde4", "date": "2019-06-06_02-15-28", "timestamp": 1559812528, "time_this_iter_s": 48.72192025184631, "time_total_s": 48.72192025184631, "pid": 9776, "hostname": "steropes", "node_ip": "169.229.49.254", "config": {"starting_lr": 1.0, "momentum": 0.997, "weight_decay": 0.0005, "steps_per_iteration": null, "pin": false, "model_creator": null, "target_batch_size": 128, "model_string": "resnet50", "min_batch_size": 128, "dataset": "CIFAR", "placement": null, "use_nccl": true, "devices_per_worker": 1, "primary_resource": "extra_gpu", "gpu": false, "verbose": false, "lr_config": {"mode": "log", "steps": 5, "initial_lr": 1.0, "target_lr": 1.0}, "batch_per_device": 128}, "time_since_restore": 48.72192025184631, "timesteps_since_restore": 0, "iterations_since_restore": 1, "mean_throughput": 1231.4761757166232, "atoms": 1, "setup_time": 22.39901566505432}
{"apply": 0.017656469345092775, "batch_time": 0.03142978571638276, "d2h": 0.0006623268127441406, "data_time": 0.0017691817125091163, "fwd": 0.028569960594177247, "get_state_time_mean": NaN, "get_state_time_total": 0.0, "grad": 0.049167084693908694, "mean_accuracy": 0.05155000005834154, "mean_loss": NaN, "neg_mean_accuracy": -9.999999747378752e-05, "set_state_time_mean": NaN, "set_state_time_total": 0.0, "setup_model_time_mean": NaN, "setup_model_time_total": 0.0, "setup_proc_time_mean": NaN, "setup_proc_time_total": 0.0, "train_accuracy": 0.057419996708631516, "train_loss": NaN, "training_time_mean": NaN, "training_time_total": 0.0, "val_accuracy": 9.999999747378752e-05, "val_loss": NaN, "validation_time_mean": NaN, "validation_time_total": 0.0, "samples": 60000, "num_workers": 1, "done": false, "timesteps_total": null, "episodes_total": null, "training_iteration": 2, "neg_mean_loss": NaN, "experiment_id": "dc3956c60f5d4fa5ae9edfe1d852dde4", "date": "2019-06-06_02-16-09", "timestamp": 1559812569, "time_this_iter_s": 41.0163893699646, "time_total_s": 89.73830962181091, "pid": 9776, "hostname": "steropes", "node_ip": "169.229.49.254", "config": {"starting_lr": 1.0, "momentum": 0.997, "weight_decay": 0.0005, "steps_per_iteration": null, "pin": false, "model_creator": null, "target_batch_size": 128, "model_string": "resnet50", "min_batch_size": 128, "dataset": "CIFAR", "placement": null, "use_nccl": true, "devices_per_worker": 1, "primary_resource": "extra_gpu", "gpu": false, "verbose": false, "lr_config": {"mode": "log", "steps": 5, "initial_lr": 1.0, "target_lr": 1.0}, "batch_per_device": 128}, "time_since_restore": 89.73830962181091, "timesteps_since_restore": 0, "iterations_since_restore": 2, "mean_throughput": 1337.2164103744053, "atoms": 1, "setup_time": 22.39901566505432}
{"apply": 0.017405772209167482, "batch_time": 0.031749843042108074, "d2h": 0.0006582975387573242, "data_time": 0.0017559918601189734, "fwd": 0.028022336959838866, "get_state_time_mean": NaN, "get_state_time_total": 0.0, "grad": 0.04776463508605957, "mean_accuracy": 0.03440000003805229, "mean_loss": NaN, "neg_mean_accuracy": -9.999999747378752e-05, "set_state_time_mean": NaN, "set_state_time_total": 0.0, "setup_model_time_mean": NaN, "setup_model_time_total": 0.0, "setup_proc_time_mean": NaN, "setup_proc_time_total": 0.0, "train_accuracy": 0.0, "train_loss": NaN, "training_time_mean": NaN, "training_time_total": 0.0, "val_accuracy": 9.999999747378752e-05, "val_loss": NaN, "validation_time_mean": NaN, "validation_time_total": 0.0, "samples": 60000, "num_workers": 1, "done": true, "timesteps_total": null, "episodes_total": null, "training_iteration": 3, "neg_mean_loss": NaN, "experiment_id": "dc3956c60f5d4fa5ae9edfe1d852dde4", "date": "2019-06-06_02-16-49", "timestamp": 1559812609, "time_this_iter_s": 40.49729824066162, "time_total_s": 130.23560786247253, "pid": 9776, "hostname": "steropes", "node_ip": "169.229.49.254", "config": {"starting_lr": 1.0, "momentum": 0.997, "weight_decay": 0.0005, "steps_per_iteration": null, "pin": false, "model_creator": null, "target_batch_size": 128, "model_string": "resnet50", "min_batch_size": 128, "dataset": "CIFAR", "placement": null, "use_nccl": true, "devices_per_worker": 1, "primary_resource": "extra_gpu", "gpu": false, "verbose": false, "lr_config": {"mode": "log", "steps": 5, "initial_lr": 1.0, "target_lr": 1.0}, "batch_per_device": 128}, "time_since_restore": 130.23560786247253, "timesteps_since_restore": 0, "iterations_since_restore": 3, "mean_throughput": 1382.1058942093623, "atoms": 1, "setup_time": 22.39901566505432}
