{"apply": 0.01733415126800537, "batch_time": 0.04711458049243009, "d2h": 0.0007005214691162109, "data_time": 0.0019115700441248277, "fwd": 0.1193241834640503, "get_state_time_mean": NaN, "get_state_time_total": 0.0, "grad": 0.21374180316925048, "mean_accuracy": 0.306799978017807, "mean_loss": 1.9710682319641113, "neg_mean_accuracy": -0.306799978017807, "set_state_time_mean": NaN, "set_state_time_total": 0.0, "setup_model_time_mean": 13.723672866821289, "setup_model_time_total": 13.723672866821289, "setup_proc_time_mean": 1.9199697971343994, "setup_proc_time_total": 1.9199697971343994, "train_accuracy": 0.22369998693466187, "train_loss": 2.494243910827637, "training_time_mean": NaN, "training_time_total": 0.0, "val_accuracy": 0.306799978017807, "val_loss": 1.9710682319641113, "validation_time_mean": NaN, "validation_time_total": 0.0, "samples": 60000, "num_workers": 1, "done": false, "timesteps_total": null, "episodes_total": null, "training_iteration": 1, "neg_mean_loss": -1.9710682319641113, "experiment_id": "5ca06575a1a1413e99ca6a401931cfaf", "date": "2019-06-03_22-25-19", "timestamp": 1559625919, "time_this_iter_s": 47.47236394882202, "time_total_s": 47.47236394882202, "pid": 26256, "hostname": "steropes", "node_ip": "169.229.49.254", "config": {"starting_lr": 0.001, "momentum": 0.99, "weight_decay": 0.0001, "steps_per_iteration": null, "pin": false, "model_creator": null, "target_batch_size": 128, "model_string": "resnet50", "min_batch_size": 128, "dataset": "CIFAR", "placement": null, "use_nccl": true, "devices_per_worker": 1, "primary_resource": "extra_gpu", "gpu": false, "verbose": false, "lr_config": {"mode": "log", "steps": 5, "initial_lr": 0.001, "target_lr": 0.001}, "batch_per_device": 128}, "time_since_restore": 47.47236394882202, "timesteps_since_restore": 0, "iterations_since_restore": 1, "mean_throughput": 1263.890919273478, "atoms": 1, "setup_time": 15.740260362625122}
{"apply": 0.017486953735351564, "batch_time": 0.03182345402391651, "d2h": 0.0007178068161010742, "data_time": 0.0017509204347420228, "fwd": 0.028083157539367676, "get_state_time_mean": NaN, "get_state_time_total": 0.0, "grad": 0.048297548294067384, "mean_accuracy": 0.3229999840259552, "mean_loss": 3.4345966844558715, "neg_mean_accuracy": -0.3391999900341034, "set_state_time_mean": NaN, "set_state_time_total": 0.0, "setup_model_time_mean": NaN, "setup_model_time_total": 0.0, "setup_proc_time_mean": NaN, "setup_proc_time_total": 0.0, "train_accuracy": 0.3316600024700165, "train_loss": 2.3865340423965455, "training_time_mean": NaN, "training_time_total": 0.0, "val_accuracy": 0.3391999900341034, "val_loss": 4.898125136947632, "validation_time_mean": NaN, "validation_time_total": 0.0, "samples": 60000, "num_workers": 1, "done": false, "timesteps_total": null, "episodes_total": null, "training_iteration": 2, "neg_mean_loss": -3.4345966844558715, "experiment_id": "5ca06575a1a1413e99ca6a401931cfaf", "date": "2019-06-03_22-26-00", "timestamp": 1559625960, "time_this_iter_s": 40.9240505695343, "time_total_s": 88.39641451835632, "pid": 26256, "hostname": "steropes", "node_ip": "169.229.49.254", "config": {"starting_lr": 0.001, "momentum": 0.99, "weight_decay": 0.0001, "steps_per_iteration": null, "pin": false, "model_creator": null, "target_batch_size": 128, "model_string": "resnet50", "min_batch_size": 128, "dataset": "CIFAR", "placement": null, "use_nccl": true, "devices_per_worker": 1, "primary_resource": "extra_gpu", "gpu": false, "verbose": false, "lr_config": {"mode": "log", "steps": 5, "initial_lr": 0.001, "target_lr": 0.001}, "batch_per_device": 128}, "time_since_restore": 88.39641451835632, "timesteps_since_restore": 0, "iterations_since_restore": 2, "mean_throughput": 1357.5181729468509, "atoms": 1, "setup_time": 15.740260362625122}
{"apply": 0.017387890815734865, "batch_time": 0.031764975076989284, "d2h": 0.0006637811660766601, "data_time": 0.0017498905396522463, "fwd": 0.028286170959472657, "get_state_time_mean": NaN, "get_state_time_total": 0.0, "grad": 0.04864158630371094, "mean_accuracy": 0.33773331840833026, "mean_loss": 3.260721103286743, "neg_mean_accuracy": -0.36719998717308044, "set_state_time_mean": NaN, "set_state_time_total": 0.0, "setup_model_time_mean": NaN, "setup_model_time_total": 0.0, "setup_proc_time_mean": NaN, "setup_proc_time_total": 0.0, "train_accuracy": 0.3319399952888489, "train_loss": 2.2343173041534423, "training_time_mean": NaN, "training_time_total": 0.0, "val_accuracy": 0.36719998717308044, "val_loss": 2.912969940948486, "validation_time_mean": NaN, "validation_time_total": 0.0, "samples": 60000, "num_workers": 1, "done": false, "timesteps_total": null, "episodes_total": null, "training_iteration": 3, "neg_mean_loss": -3.260721103286743, "experiment_id": "5ca06575a1a1413e99ca6a401931cfaf", "date": "2019-06-03_22-26-41", "timestamp": 1559626001, "time_this_iter_s": 40.881165981292725, "time_total_s": 129.27758049964905, "pid": 26256, "hostname": "steropes", "node_ip": "169.229.49.254", "config": {"starting_lr": 0.001, "momentum": 0.99, "weight_decay": 0.0001, "steps_per_iteration": null, "pin": false, "model_creator": null, "target_batch_size": 128, "model_string": "resnet50", "min_batch_size": 128, "dataset": "CIFAR", "placement": null, "use_nccl": true, "devices_per_worker": 1, "primary_resource": "extra_gpu", "gpu": false, "verbose": false, "lr_config": {"mode": "log", "steps": 5, "initial_lr": 0.001, "target_lr": 0.001}, "batch_per_device": 128}, "time_since_restore": 129.27758049964905, "timesteps_since_restore": 0, "iterations_since_restore": 3, "mean_throughput": 1392.3482611902714, "atoms": 1, "setup_time": 15.740260362625122}
{"apply": 0.01833608150482178, "batch_time": 0.03168207180650928, "d2h": 0.0006630897521972656, "data_time": 0.0017689536599551931, "fwd": 0.029009556770324706, "get_state_time_mean": NaN, "get_state_time_total": 0.0, "grad": 0.049034523963928225, "mean_accuracy": 0.358549989759922, "mean_loss": 3.72178003578186, "neg_mean_accuracy": -0.42100000381469727, "set_state_time_mean": NaN, "set_state_time_total": 0.0, "setup_model_time_mean": NaN, "setup_model_time_total": 0.0, "setup_proc_time_mean": NaN, "setup_proc_time_total": 0.0, "train_accuracy": 0.3776399791240692, "train_loss": 1.9774010900497436, "training_time_mean": NaN, "training_time_total": 0.0, "val_accuracy": 0.42100000381469727, "val_loss": 5.104956833267212, "validation_time_mean": NaN, "validation_time_total": 0.0, "samples": 60000, "num_workers": 1, "done": false, "timesteps_total": null, "episodes_total": null, "training_iteration": 4, "neg_mean_loss": -3.72178003578186, "experiment_id": "5ca06575a1a1413e99ca6a401931cfaf", "date": "2019-06-03_22-27-21", "timestamp": 1559626041, "time_this_iter_s": 40.802796602249146, "time_total_s": 170.0803771018982, "pid": 26256, "hostname": "steropes", "node_ip": "169.229.49.254", "config": {"starting_lr": 0.001, "momentum": 0.99, "weight_decay": 0.0001, "steps_per_iteration": null, "pin": false, "model_creator": null, "target_batch_size": 128, "model_string": "resnet50", "min_batch_size": 128, "dataset": "CIFAR", "placement": null, "use_nccl": true, "devices_per_worker": 1, "primary_resource": "extra_gpu", "gpu": false, "verbose": false, "lr_config": {"mode": "log", "steps": 5, "initial_lr": 0.001, "target_lr": 0.001}, "batch_per_device": 128}, "time_since_restore": 170.0803771018982, "timesteps_since_restore": 0, "iterations_since_restore": 4, "mean_throughput": 1411.0934134602553, "atoms": 1, "setup_time": 15.740260362625122}
{"apply": 0.01850409507751465, "batch_time": 0.032913527911222436, "d2h": 0.0006719350814819336, "data_time": 0.001742547125462681, "fwd": 0.028620171546936034, "get_state_time_mean": NaN, "get_state_time_total": 0.0, "grad": 0.04820206165313721, "mean_accuracy": 0.3733599901199341, "mean_loss": 3.6785744688415525, "neg_mean_accuracy": -0.4325999915599823, "set_state_time_mean": NaN, "set_state_time_total": 0.0, "setup_model_time_mean": NaN, "setup_model_time_total": 0.0, "setup_proc_time_mean": NaN, "setup_proc_time_total": 0.0, "train_accuracy": 0.3981199860572815, "train_loss": 1.8611312113952636, "training_time_mean": NaN, "training_time_total": 0.0, "val_accuracy": 0.4325999915599823, "val_loss": 3.5057522010803224, "validation_time_mean": NaN, "validation_time_total": 0.0, "samples": 60000, "num_workers": 1, "done": false, "timesteps_total": null, "episodes_total": null, "training_iteration": 5, "neg_mean_loss": -3.6785744688415525, "experiment_id": "5ca06575a1a1413e99ca6a401931cfaf", "date": "2019-06-03_22-28-02", "timestamp": 1559626082, "time_this_iter_s": 41.008535385131836, "time_total_s": 211.08891248703003, "pid": 26256, "hostname": "steropes", "node_ip": "169.229.49.254", "config": {"starting_lr": 0.001, "momentum": 0.99, "weight_decay": 0.0001, "steps_per_iteration": null, "pin": false, "model_creator": null, "target_batch_size": 128, "model_string": "resnet50", "min_batch_size": 128, "dataset": "CIFAR", "placement": null, "use_nccl": true, "devices_per_worker": 1, "primary_resource": "extra_gpu", "gpu": false, "verbose": false, "lr_config": {"mode": "log", "steps": 5, "initial_lr": 0.001, "target_lr": 0.001}, "batch_per_device": 128}, "time_since_restore": 211.08891248703003, "timesteps_since_restore": 0, "iterations_since_restore": 5, "mean_throughput": 1421.1982236630565, "atoms": 1, "setup_time": 15.740260362625122}
{"apply": 0.017496156692504882, "batch_time": 0.03127032895631428, "d2h": 0.0007833242416381836, "data_time": 0.0017501362754255914, "fwd": 0.028263092041015625, "get_state_time_mean": NaN, "get_state_time_total": 0.0, "grad": 0.04767167568206787, "mean_accuracy": 0.40459999442100525, "mean_loss": 5.431038431396485, "neg_mean_accuracy": -0.46299999952316284, "set_state_time_mean": NaN, "set_state_time_total": 0.0, "setup_model_time_mean": NaN, "setup_model_time_total": 0.0, "setup_proc_time_mean": NaN, "setup_proc_time_total": 0.0, "train_accuracy": 0.42399999499320984, "train_loss": 1.8006527557373047, "training_time_mean": NaN, "training_time_total": 0.0, "val_accuracy": 0.46299999952316284, "val_loss": 10.733388044738769, "validation_time_mean": NaN, "validation_time_total": 0.0, "samples": 60000, "num_workers": 1, "done": false, "timesteps_total": null, "episodes_total": null, "training_iteration": 6, "neg_mean_loss": -5.431038431396485, "experiment_id": "5ca06575a1a1413e99ca6a401931cfaf", "date": "2019-06-03_22-28-43", "timestamp": 1559626123, "time_this_iter_s": 40.67949414253235, "time_total_s": 251.76840662956238, "pid": 26256, "hostname": "steropes", "node_ip": "169.229.49.254", "config": {"starting_lr": 0.001, "momentum": 0.99, "weight_decay": 0.0001, "steps_per_iteration": null, "pin": false, "model_creator": null, "target_batch_size": 128, "model_string": "resnet50", "min_batch_size": 128, "dataset": "CIFAR", "placement": null, "use_nccl": true, "devices_per_worker": 1, "primary_resource": "extra_gpu", "gpu": false, "verbose": false, "lr_config": {"mode": "log", "steps": 5, "initial_lr": 0.001, "target_lr": 0.001}, "batch_per_device": 128}, "time_since_restore": 251.76840662956238, "timesteps_since_restore": 0, "iterations_since_restore": 6, "mean_throughput": 1468.4531844683827, "atoms": 1, "setup_time": 15.740260362625122}
{"apply": 0.017283868789672852, "batch_time": 0.031562895714482175, "d2h": 0.0006574869155883789, "data_time": 0.0017360842136470863, "fwd": 0.028052616119384765, "get_state_time_mean": NaN, "get_state_time_total": 0.0, "grad": 0.048066902160644534, "mean_accuracy": 0.4259799957275391, "mean_loss": 4.7610646644973755, "neg_mean_accuracy": -0.44609999656677246, "set_state_time_mean": NaN, "set_state_time_total": 0.0, "setup_model_time_mean": NaN, "setup_model_time_total": 0.0, "setup_proc_time_mean": NaN, "setup_proc_time_total": 0.0, "train_accuracy": 0.4133799970149994, "train_loss": 1.7871457711029053, "training_time_mean": NaN, "training_time_total": 0.0, "val_accuracy": 0.44609999656677246, "val_loss": 1.5482563024520875, "validation_time_mean": NaN, "validation_time_total": 0.0, "samples": 60000, "num_workers": 1, "done": false, "timesteps_total": null, "episodes_total": null, "training_iteration": 7, "neg_mean_loss": -4.7610646644973755, "experiment_id": "5ca06575a1a1413e99ca6a401931cfaf", "date": "2019-06-03_22-29-24", "timestamp": 1559626164, "time_this_iter_s": 40.97057247161865, "time_total_s": 292.73897910118103, "pid": 26256, "hostname": "steropes", "node_ip": "169.229.49.254", "config": {"starting_lr": 0.001, "momentum": 0.99, "weight_decay": 0.0001, "steps_per_iteration": null, "pin": false, "model_creator": null, "target_batch_size": 128, "model_string": "resnet50", "min_batch_size": 128, "dataset": "CIFAR", "placement": null, "use_nccl": true, "devices_per_worker": 1, "primary_resource": "extra_gpu", "gpu": false, "verbose": false, "lr_config": {"mode": "log", "steps": 5, "initial_lr": 0.001, "target_lr": 0.001}, "batch_per_device": 128}, "time_since_restore": 292.73897910118103, "timesteps_since_restore": 0, "iterations_since_restore": 7, "mean_throughput": 1468.1190446146227, "atoms": 1, "setup_time": 15.740260362625122}
{"apply": 0.017435193061828613, "batch_time": 0.032010277615317814, "d2h": 0.000675368309020996, "data_time": 0.0017188814899805561, "fwd": 0.027890920639038086, "get_state_time_mean": NaN, "get_state_time_total": 0.0, "grad": 0.04928138256072998, "mean_accuracy": 0.4495399951934814, "mean_loss": 4.547342306251526, "neg_mean_accuracy": -0.48499998450279236, "set_state_time_mean": NaN, "set_state_time_total": 0.0, "setup_model_time_mean": NaN, "setup_model_time_total": 0.0, "setup_proc_time_mean": NaN, "setup_proc_time_total": 0.0, "train_accuracy": 0.4419599771499634, "train_loss": 1.6646318048858642, "training_time_mean": NaN, "training_time_total": 0.0, "val_accuracy": 0.48499998450279236, "val_loss": 1.8443581497192383, "validation_time_mean": NaN, "validation_time_total": 0.0, "samples": 60000, "num_workers": 1, "done": false, "timesteps_total": null, "episodes_total": null, "training_iteration": 8, "neg_mean_loss": -4.547342306251526, "experiment_id": "5ca06575a1a1413e99ca6a401931cfaf", "date": "2019-06-03_22-30-05", "timestamp": 1559626205, "time_this_iter_s": 40.799164056777954, "time_total_s": 333.538143157959, "pid": 26256, "hostname": "steropes", "node_ip": "169.229.49.254", "config": {"starting_lr": 0.001, "momentum": 0.99, "weight_decay": 0.0001, "steps_per_iteration": null, "pin": false, "model_creator": null, "target_batch_size": 128, "model_string": "resnet50", "min_batch_size": 128, "dataset": "CIFAR", "placement": null, "use_nccl": true, "devices_per_worker": 1, "primary_resource": "extra_gpu", "gpu": false, "verbose": false, "lr_config": {"mode": "log", "steps": 5, "initial_lr": 0.001, "target_lr": 0.001}, "batch_per_device": 128}, "time_since_restore": 333.538143157959, "timesteps_since_restore": 0, "iterations_since_restore": 8, "mean_throughput": 1468.7094761219178, "atoms": 1, "setup_time": 15.740260362625122}
{"apply": 0.017332792282104492, "batch_time": 0.03191231474091735, "d2h": 0.0006676912307739258, "data_time": 0.0017251480570839495, "fwd": 0.028299570083618164, "get_state_time_mean": NaN, "get_state_time_total": 0.0, "grad": 0.04723482131958008, "mean_accuracy": 0.4585399925708771, "mean_loss": 4.222038212547302, "neg_mean_accuracy": -0.4659999907016754, "set_state_time_mean": NaN, "set_state_time_total": 0.0, "setup_model_time_mean": NaN, "setup_model_time_total": 0.0, "setup_proc_time_mean": NaN, "setup_proc_time_total": 0.0, "train_accuracy": 0.47157999873161316, "train_loss": 1.5471881352615355, "training_time_mean": NaN, "training_time_total": 0.0, "val_accuracy": 0.4659999907016754, "val_loss": 3.4784363647460936, "validation_time_mean": NaN, "validation_time_total": 0.0, "samples": 60000, "num_workers": 1, "done": false, "timesteps_total": null, "episodes_total": null, "training_iteration": 9, "neg_mean_loss": -4.222038212547302, "experiment_id": "5ca06575a1a1413e99ca6a401931cfaf", "date": "2019-06-03_22-30-45", "timestamp": 1559626245, "time_this_iter_s": 40.561535358428955, "time_total_s": 374.09967851638794, "pid": 26256, "hostname": "steropes", "node_ip": "169.229.49.254", "config": {"starting_lr": 0.001, "momentum": 0.99, "weight_decay": 0.0001, "steps_per_iteration": null, "pin": false, "model_creator": null, "target_batch_size": 128, "model_string": "resnet50", "min_batch_size": 128, "dataset": "CIFAR", "placement": null, "use_nccl": true, "devices_per_worker": 1, "primary_resource": "extra_gpu", "gpu": false, "verbose": false, "lr_config": {"mode": "log", "steps": 5, "initial_lr": 0.001, "target_lr": 0.001}, "batch_per_device": 128}, "time_since_restore": 374.09967851638794, "timesteps_since_restore": 0, "iterations_since_restore": 9, "mean_throughput": 1470.4462771973404, "atoms": 1, "setup_time": 15.740260362625122}
{"apply": 0.017376708984375, "batch_time": 0.0315108389794072, "d2h": 0.0006860017776489258, "data_time": 0.0017202309025522997, "fwd": 0.028299713134765626, "get_state_time_mean": NaN, "get_state_time_total": 0.0, "grad": 0.04943573474884033, "mean_accuracy": 0.4682599902153015, "mean_loss": 3.9764697822570794, "neg_mean_accuracy": -0.4811999797821045, "set_state_time_mean": NaN, "set_state_time_total": 0.0, "setup_model_time_mean": NaN, "setup_model_time_total": 0.0, "setup_proc_time_mean": NaN, "setup_proc_time_total": 0.0, "train_accuracy": 0.4482799768447876, "train_loss": 1.7077384170913696, "training_time_mean": NaN, "training_time_total": 0.0, "val_accuracy": 0.4811999797821045, "val_loss": 2.2779100496292113, "validation_time_mean": NaN, "validation_time_total": 0.0, "samples": 60000, "num_workers": 1, "done": false, "timesteps_total": null, "episodes_total": null, "training_iteration": 10, "neg_mean_loss": -3.9764697822570794, "experiment_id": "5ca06575a1a1413e99ca6a401931cfaf", "date": "2019-06-03_22-31-26", "timestamp": 1559626286, "time_this_iter_s": 40.58056998252869, "time_total_s": 414.6802484989166, "pid": 26256, "hostname": "steropes", "node_ip": "169.229.49.254", "config": {"starting_lr": 0.001, "momentum": 0.99, "weight_decay": 0.0001, "steps_per_iteration": null, "pin": false, "model_creator": null, "target_batch_size": 128, "model_string": "resnet50", "min_batch_size": 128, "dataset": "CIFAR", "placement": null, "use_nccl": true, "devices_per_worker": 1, "primary_resource": "extra_gpu", "gpu": false, "verbose": false, "lr_config": {"mode": "log", "steps": 5, "initial_lr": 0.001, "target_lr": 0.001}, "batch_per_device": 128}, "time_since_restore": 414.6802484989166, "timesteps_since_restore": 0, "iterations_since_restore": 10, "mean_throughput": 1473.5372471523765, "atoms": 1, "setup_time": 15.740260362625122}
{"apply": 0.01720571517944336, "batch_time": 0.03447627115853225, "d2h": 0.0006771564483642578, "data_time": 0.0017669328948116058, "fwd": 0.02769026756286621, "get_state_time_mean": NaN, "get_state_time_total": 0.0, "grad": 0.048013043403625486, "mean_accuracy": 0.47531998753547666, "mean_loss": 2.609493278045654, "neg_mean_accuracy": -0.4982999861240387, "set_state_time_mean": NaN, "set_state_time_total": 0.0, "setup_model_time_mean": NaN, "setup_model_time_total": 0.0, "setup_proc_time_mean": NaN, "setup_proc_time_total": 0.0, "train_accuracy": 0.4746599793434143, "train_loss": 1.5764362738800048, "training_time_mean": NaN, "training_time_total": 0.0, "val_accuracy": 0.4982999861240387, "val_loss": 3.898505523681641, "validation_time_mean": NaN, "validation_time_total": 0.0, "samples": 60000, "num_workers": 1, "done": false, "timesteps_total": null, "episodes_total": null, "training_iteration": 11, "neg_mean_loss": -2.609493278045654, "experiment_id": "5ca06575a1a1413e99ca6a401931cfaf", "date": "2019-06-03_22-32-07", "timestamp": 1559626327, "time_this_iter_s": 41.2401237487793, "time_total_s": 455.9203722476959, "pid": 26256, "hostname": "steropes", "node_ip": "169.229.49.254", "config": {"starting_lr": 0.001, "momentum": 0.99, "weight_decay": 0.0001, "steps_per_iteration": null, "pin": false, "model_creator": null, "target_batch_size": 128, "model_string": "resnet50", "min_batch_size": 128, "dataset": "CIFAR", "placement": null, "use_nccl": true, "devices_per_worker": 1, "primary_resource": "extra_gpu", "gpu": false, "verbose": false, "lr_config": {"mode": "log", "steps": 5, "initial_lr": 0.001, "target_lr": 0.001}, "batch_per_device": 128}, "time_since_restore": 455.9203722476959, "timesteps_since_restore": 0, "iterations_since_restore": 11, "mean_throughput": 1469.4907431309869, "atoms": 1, "setup_time": 15.740260362625122}
{"apply": 0.017516660690307616, "batch_time": 0.0320540349694747, "d2h": 0.0006672382354736328, "data_time": 0.0017418885779807635, "fwd": 0.029240226745605467, "get_state_time_mean": NaN, "get_state_time_total": 0.0, "grad": 0.04783399105072021, "mean_accuracy": 0.49291998744010923, "mean_loss": 2.5705875828552247, "neg_mean_accuracy": -0.5340999960899353, "set_state_time_mean": NaN, "set_state_time_total": 0.0, "setup_model_time_mean": NaN, "setup_model_time_total": 0.0, "setup_proc_time_mean": NaN, "setup_proc_time_total": 0.0, "train_accuracy": 0.49865999817848206, "train_loss": 1.5331466431808471, "training_time_mean": NaN, "training_time_total": 0.0, "val_accuracy": 0.5340999960899353, "val_loss": 1.353727826499939, "validation_time_mean": NaN, "validation_time_total": 0.0, "samples": 60000, "num_workers": 1, "done": true, "timesteps_total": null, "episodes_total": null, "training_iteration": 12, "neg_mean_loss": -2.5705875828552247, "experiment_id": "5ca06575a1a1413e99ca6a401931cfaf", "date": "2019-06-03_22-32-48", "timestamp": 1559626368, "time_this_iter_s": 40.64631509780884, "time_total_s": 496.56668734550476, "pid": 26256, "hostname": "steropes", "node_ip": "169.229.49.254", "config": {"starting_lr": 0.001, "momentum": 0.99, "weight_decay": 0.0001, "steps_per_iteration": null, "pin": false, "model_creator": null, "target_batch_size": 128, "model_string": "resnet50", "min_batch_size": 128, "dataset": "CIFAR", "placement": null, "use_nccl": true, "devices_per_worker": 1, "primary_resource": "extra_gpu", "gpu": false, "verbose": false, "lr_config": {"mode": "log", "steps": 5, "initial_lr": 0.001, "target_lr": 0.001}, "batch_per_device": 128}, "time_since_restore": 496.56668734550476, "timesteps_since_restore": 0, "iterations_since_restore": 12, "mean_throughput": 1471.8284864059156, "atoms": 1, "setup_time": 15.740260362625122}
