{"apply": 0.01923532485961914, "batch_time": 0.04135489463806152, "d2h": 0.0007470130920410156, "data_time": 0.0018206100024835534, "fwd": 0.12053282260894775, "get_state_time_mean": NaN, "get_state_time_total": 0.0, "grad": 0.21102991104125976, "mean_accuracy": 0.2694999873638153, "mean_loss": 3.049389081954956, "neg_mean_accuracy": -0.2694999873638153, "set_state_time_mean": NaN, "set_state_time_total": 0.0, "setup_model_time_mean": 8.367855548858643, "setup_model_time_total": 8.367855548858643, "setup_proc_time_mean": 0.14366745948791504, "setup_proc_time_total": 0.14366745948791504, "train_accuracy": 0.19489999115467072, "train_loss": 2.501846866912842, "training_time_mean": NaN, "training_time_total": 0.0, "val_accuracy": 0.2694999873638153, "val_loss": 3.049389081954956, "validation_time_mean": NaN, "validation_time_total": 0.0, "samples": 60000, "num_workers": 1, "done": false, "timesteps_total": null, "episodes_total": null, "training_iteration": 1, "neg_mean_loss": -3.049389081954956, "experiment_id": "853dc4a89afa4e6b83858a5e76a52ba0", "date": "2019-06-06_09-30-39", "timestamp": 1559838639, "time_this_iter_s": 47.931065797805786, "time_total_s": 47.931065797805786, "pid": 9140, "hostname": "steropes", "node_ip": "169.229.49.254", "config": {"starting_lr": 0.0005, "momentum": 0.997, "weight_decay": 0.001, "steps_per_iteration": null, "pin": false, "model_creator": null, "target_batch_size": 128, "model_string": "resnet50", "min_batch_size": 128, "dataset": "CIFAR", "placement": null, "use_nccl": true, "devices_per_worker": 1, "primary_resource": "extra_gpu", "gpu": false, "verbose": false, "lr_config": {"mode": "log", "steps": 5, "initial_lr": 0.0005, "target_lr": 0.0005}, "batch_per_device": 128}, "time_since_restore": 47.931065797805786, "timesteps_since_restore": 0, "iterations_since_restore": 1, "mean_throughput": 1251.7943746774802, "atoms": 1, "setup_time": 8.6322603225708}
{"apply": 0.018727326393127443, "batch_time": 0.03212598909305621, "d2h": 0.000732874870300293, "data_time": 0.0017604090063773152, "fwd": 0.02868051528930664, "get_state_time_mean": NaN, "get_state_time_total": 0.0, "grad": 0.05197622776031494, "mean_accuracy": 0.29019999504089355, "mean_loss": 9.239530527305602, "neg_mean_accuracy": -0.3109000027179718, "set_state_time_mean": NaN, "set_state_time_total": 0.0, "setup_model_time_mean": NaN, "setup_model_time_total": 0.0, "setup_proc_time_mean": NaN, "setup_proc_time_total": 0.0, "train_accuracy": 0.2880599796772003, "train_loss": 2.562999499053955, "training_time_mean": NaN, "training_time_total": 0.0, "val_accuracy": 0.3109000027179718, "val_loss": 15.42967197265625, "validation_time_mean": NaN, "validation_time_total": 0.0, "samples": 60000, "num_workers": 1, "done": false, "timesteps_total": null, "episodes_total": null, "training_iteration": 2, "neg_mean_loss": -9.239530527305602, "experiment_id": "853dc4a89afa4e6b83858a5e76a52ba0", "date": "2019-06-06_09-31-21", "timestamp": 1559838681, "time_this_iter_s": 42.38083291053772, "time_total_s": 90.3118987083435, "pid": 9140, "hostname": "steropes", "node_ip": "169.229.49.254", "config": {"starting_lr": 0.0005, "momentum": 0.997, "weight_decay": 0.001, "steps_per_iteration": null, "pin": false, "model_creator": null, "target_batch_size": 128, "model_string": "resnet50", "min_batch_size": 128, "dataset": "CIFAR", "placement": null, "use_nccl": true, "devices_per_worker": 1, "primary_resource": "extra_gpu", "gpu": false, "verbose": false, "lr_config": {"mode": "log", "steps": 5, "initial_lr": 0.0005, "target_lr": 0.0005}, "batch_per_device": 128}, "time_since_restore": 90.3118987083435, "timesteps_since_restore": 0, "iterations_since_restore": 2, "mean_throughput": 1328.7255635721895, "atoms": 1, "setup_time": 8.6322603225708}
{"apply": 0.019203543663024902, "batch_time": 0.03220502032509333, "d2h": 0.0006981849670410156, "data_time": 0.0017906314576678264, "fwd": 0.029328012466430665, "get_state_time_mean": NaN, "get_state_time_total": 0.0, "grad": 0.051182341575622556, "mean_accuracy": 0.29863332708676654, "mean_loss": 7.652407754389444, "neg_mean_accuracy": -0.3154999911785126, "set_state_time_mean": NaN, "set_state_time_total": 0.0, "setup_model_time_mean": NaN, "setup_model_time_total": 0.0, "setup_proc_time_mean": NaN, "setup_proc_time_total": 0.0, "train_accuracy": 0.3077999949455261, "train_loss": 2.5564390784454347, "training_time_mean": NaN, "training_time_total": 0.0, "val_accuracy": 0.3154999911785126, "val_loss": 4.478162208557129, "validation_time_mean": NaN, "validation_time_total": 0.0, "samples": 60000, "num_workers": 1, "done": true, "timesteps_total": null, "episodes_total": null, "training_iteration": 3, "neg_mean_loss": -7.652407754389444, "experiment_id": "853dc4a89afa4e6b83858a5e76a52ba0", "date": "2019-06-06_09-32-04", "timestamp": 1559838724, "time_this_iter_s": 43.04068446159363, "time_total_s": 133.35258316993713, "pid": 9140, "hostname": "steropes", "node_ip": "169.229.49.254", "config": {"starting_lr": 0.0005, "momentum": 0.997, "weight_decay": 0.001, "steps_per_iteration": null, "pin": false, "model_creator": null, "target_batch_size": 128, "model_string": "resnet50", "min_batch_size": 128, "dataset": "CIFAR", "placement": null, "use_nccl": true, "devices_per_worker": 1, "primary_resource": "extra_gpu", "gpu": false, "verbose": false, "lr_config": {"mode": "log", "steps": 5, "initial_lr": 0.0005, "target_lr": 0.0005}, "batch_per_device": 128}, "time_since_restore": 133.35258316993713, "timesteps_since_restore": 0, "iterations_since_restore": 3, "mean_throughput": 1349.8023168875707, "atoms": 1, "setup_time": 8.6322603225708}
