{"apply": 0.017531490325927733, "batch_time": 0.04203132134449633, "d2h": 0.0006672859191894532, "data_time": 0.001934823477664567, "fwd": 0.11658096313476562, "get_state_time_mean": NaN, "get_state_time_total": 0.0, "grad": 0.16560239791870118, "mean_accuracy": 0.15609999001026154, "mean_loss": 16826.5598625, "neg_mean_accuracy": -0.15609999001026154, "set_state_time_mean": NaN, "set_state_time_total": 0.0, "setup_model_time_mean": 8.664563417434692, "setup_model_time_total": 8.664563417434692, "setup_proc_time_mean": 0.20063018798828125, "setup_proc_time_total": 0.20063018798828125, "train_accuracy": 0.17644000053405762, "train_loss": 4.236660321578979, "training_time_mean": NaN, "training_time_total": 0.0, "val_accuracy": 0.15609999001026154, "val_loss": 16826.5598625, "validation_time_mean": NaN, "validation_time_total": 0.0, "samples": 60000, "num_workers": 1, "done": false, "timesteps_total": null, "episodes_total": null, "training_iteration": 1, "neg_mean_loss": -16826.5598625, "experiment_id": "9f1e39d74bcd44e99b366ac8afa3cfa2", "date": "2019-06-03_04-33-12", "timestamp": 1559561592, "time_this_iter_s": 46.4903998374939, "time_total_s": 46.4903998374939, "pid": 12406, "hostname": "steropes", "node_ip": "169.229.49.254", "config": {"starting_lr": 0.005, "momentum": 0.997, "weight_decay": 0.001, "steps_per_iteration": null, "pin": false, "model_creator": null, "target_batch_size": 128, "model_string": "resnet50", "min_batch_size": 128, "dataset": "CIFAR", "placement": null, "use_nccl": true, "devices_per_worker": 1, "primary_resource": "extra_gpu", "gpu": false, "verbose": false, "lr_config": {"mode": "log", "steps": 5, "initial_lr": 0.005, "target_lr": 0.005}, "batch_per_device": 128}, "time_since_restore": 46.4903998374939, "timesteps_since_restore": 0, "iterations_since_restore": 1, "mean_throughput": 1290.5868121218673, "atoms": 1, "setup_time": 9.23995852470398}
{"apply": 0.017558717727661134, "batch_time": 0.03311016287984727, "d2h": 0.0006844520568847657, "data_time": 0.0019148603424696666, "fwd": 0.028221964836120605, "get_state_time_mean": NaN, "get_state_time_total": 0.0, "grad": 0.04930438995361328, "mean_accuracy": 0.1695999950170517, "mean_loss": 8414.403961315249, "neg_mean_accuracy": -0.18310000002384186, "set_state_time_mean": NaN, "set_state_time_total": 0.0, "setup_model_time_mean": NaN, "setup_model_time_total": 0.0, "setup_proc_time_mean": NaN, "setup_proc_time_total": 0.0, "train_accuracy": 0.1544799953699112, "train_loss": 2.897744882583618, "training_time_mean": NaN, "training_time_total": 0.0, "val_accuracy": 0.18310000002384186, "val_loss": 2.2480601305007935, "validation_time_mean": NaN, "validation_time_total": 0.0, "samples": 60000, "num_workers": 1, "done": false, "timesteps_total": null, "episodes_total": null, "training_iteration": 2, "neg_mean_loss": -8414.403961315249, "experiment_id": "9f1e39d74bcd44e99b366ac8afa3cfa2", "date": "2019-06-03_04-33-53", "timestamp": 1559561633, "time_this_iter_s": 41.452696084976196, "time_total_s": 87.94309592247009, "pid": 12406, "hostname": "steropes", "node_ip": "169.229.49.254", "config": {"starting_lr": 0.005, "momentum": 0.997, "weight_decay": 0.001, "steps_per_iteration": null, "pin": false, "model_creator": null, "target_batch_size": 128, "model_string": "resnet50", "min_batch_size": 128, "dataset": "CIFAR", "placement": null, "use_nccl": true, "devices_per_worker": 1, "primary_resource": "extra_gpu", "gpu": false, "verbose": false, "lr_config": {"mode": "log", "steps": 5, "initial_lr": 0.005, "target_lr": 0.005}, "batch_per_device": 128}, "time_since_restore": 87.94309592247009, "timesteps_since_restore": 0, "iterations_since_restore": 2, "mean_throughput": 1364.5159858888346, "atoms": 1, "setup_time": 9.23995852470398}
{"apply": 0.017354679107666016, "batch_time": 0.03260307070575183, "d2h": 0.0007576942443847656, "data_time": 0.0019181408845555142, "fwd": 0.028102016448974608, "get_state_time_mean": NaN, "get_state_time_total": 0.0, "grad": 0.04918208122253418, "mean_accuracy": 0.18449999392032623, "mean_loss": 5610.279440774218, "neg_mean_accuracy": -0.2142999917268753, "set_state_time_mean": NaN, "set_state_time_total": 0.0, "setup_model_time_mean": NaN, "setup_model_time_total": 0.0, "setup_proc_time_mean": NaN, "setup_proc_time_total": 0.0, "train_accuracy": 0.19001999497413635, "train_loss": 2.1126766009521485, "training_time_mean": NaN, "training_time_total": 0.0, "val_accuracy": 0.2142999917268753, "val_loss": 2.0303996921539307, "validation_time_mean": NaN, "validation_time_total": 0.0, "samples": 60000, "num_workers": 1, "done": true, "timesteps_total": null, "episodes_total": null, "training_iteration": 3, "neg_mean_loss": -5610.279440774218, "experiment_id": "9f1e39d74bcd44e99b366ac8afa3cfa2", "date": "2019-06-03_04-34-35", "timestamp": 1559561675, "time_this_iter_s": 41.472599029541016, "time_total_s": 129.4156949520111, "pid": 12406, "hostname": "steropes", "node_ip": "169.229.49.254", "config": {"starting_lr": 0.005, "momentum": 0.997, "weight_decay": 0.001, "steps_per_iteration": null, "pin": false, "model_creator": null, "target_batch_size": 128, "model_string": "resnet50", "min_batch_size": 128, "dataset": "CIFAR", "placement": null, "use_nccl": true, "devices_per_worker": 1, "primary_resource": "extra_gpu", "gpu": false, "verbose": false, "lr_config": {"mode": "log", "steps": 5, "initial_lr": 0.005, "target_lr": 0.005}, "batch_per_device": 128}, "time_since_restore": 129.4156949520111, "timesteps_since_restore": 0, "iterations_since_restore": 3, "mean_throughput": 1390.8632961939766, "atoms": 1, "setup_time": 9.23995852470398}
