{"apply": 0.018651151657104494, "batch_time": 0.04188737084593954, "d2h": 0.0008048534393310547, "data_time": 0.0018966636999183909, "fwd": 0.15485217571258544, "get_state_time_mean": NaN, "get_state_time_total": 0.0, "grad": 0.23024916648864746, "mean_accuracy": 0.09999999403953552, "mean_loss": 2.324620124435425, "neg_mean_accuracy": -0.09999999403953552, "set_state_time_mean": NaN, "set_state_time_total": 0.0, "setup_model_time_mean": 21.297286987304688, "setup_model_time_total": 21.297286987304688, "setup_proc_time_mean": 1.660991907119751, "setup_proc_time_total": 1.660991907119751, "train_accuracy": 0.10113999992609024, "train_loss": 5.416372175750732, "training_time_mean": NaN, "training_time_total": 0.0, "val_accuracy": 0.09999999403953552, "val_loss": 2.324620124435425, "validation_time_mean": NaN, "validation_time_total": 0.0, "samples": 60000, "num_workers": 1, "done": false, "timesteps_total": null, "episodes_total": null, "training_iteration": 1, "neg_mean_loss": -2.324620124435425, "experiment_id": "9eecd9dd0c7648108fa025ccea9436bf", "date": "2019-06-06_02-15-28", "timestamp": 1559812528, "time_this_iter_s": 48.87621784210205, "time_total_s": 48.87621784210205, "pid": 9771, "hostname": "steropes", "node_ip": "169.229.49.254", "config": {"starting_lr": 0.05, "momentum": 0.997, "weight_decay": 0.0001, "steps_per_iteration": null, "pin": false, "model_creator": null, "target_batch_size": 128, "model_string": "resnet50", "min_batch_size": 128, "dataset": "CIFAR", "placement": null, "use_nccl": true, "devices_per_worker": 1, "primary_resource": "extra_gpu", "gpu": false, "verbose": false, "lr_config": {"mode": "log", "steps": 5, "initial_lr": 0.05, "target_lr": 0.05}, "batch_per_device": 128}, "time_since_restore": 48.87621784210205, "timesteps_since_restore": 0, "iterations_since_restore": 1, "mean_throughput": 1227.588643339308, "atoms": 1, "setup_time": 23.05686330795288}
{"apply": 0.017061638832092284, "batch_time": 0.033011665827111354, "d2h": 0.0007917642593383789, "data_time": 0.0018353407340281455, "fwd": 0.028722047805786133, "get_state_time_mean": NaN, "get_state_time_total": 0.0, "grad": 0.04948105812072754, "mean_accuracy": 0.09999999403953552, "mean_loss": 2.3230757135391236, "neg_mean_accuracy": -0.09999999403953552, "set_state_time_mean": NaN, "set_state_time_total": 0.0, "setup_model_time_mean": NaN, "setup_model_time_total": 0.0, "setup_proc_time_mean": NaN, "setup_proc_time_total": 0.0, "train_accuracy": 0.10175999999046326, "train_loss": 2.3552528661346437, "training_time_mean": NaN, "training_time_total": 0.0, "val_accuracy": 0.09999999403953552, "val_loss": 2.321531302642822, "validation_time_mean": NaN, "validation_time_total": 0.0, "samples": 60000, "num_workers": 1, "done": false, "timesteps_total": null, "episodes_total": null, "training_iteration": 2, "neg_mean_loss": -2.3230757135391236, "experiment_id": "9eecd9dd0c7648108fa025ccea9436bf", "date": "2019-06-06_02-16-10", "timestamp": 1559812570, "time_this_iter_s": 41.53515839576721, "time_total_s": 90.41137623786926, "pid": 9771, "hostname": "steropes", "node_ip": "169.229.49.254", "config": {"starting_lr": 0.05, "momentum": 0.997, "weight_decay": 0.0001, "steps_per_iteration": null, "pin": false, "model_creator": null, "target_batch_size": 128, "model_string": "resnet50", "min_batch_size": 128, "dataset": "CIFAR", "placement": null, "use_nccl": true, "devices_per_worker": 1, "primary_resource": "extra_gpu", "gpu": false, "verbose": false, "lr_config": {"mode": "log", "steps": 5, "initial_lr": 0.05, "target_lr": 0.05}, "batch_per_device": 128}, "time_since_restore": 90.41137623786926, "timesteps_since_restore": 0, "iterations_since_restore": 2, "mean_throughput": 1327.2604265847272, "atoms": 1, "setup_time": 23.05686330795288}
{"apply": 0.020209264755249024, "batch_time": 0.033107793783839747, "d2h": 0.0007718563079833985, "data_time": 0.0017977297458502339, "fwd": 0.02970232963562012, "get_state_time_mean": NaN, "get_state_time_total": 0.0, "grad": 0.04958329200744629, "mean_accuracy": 0.09999999403953552, "mean_loss": 2.3312382259368896, "neg_mean_accuracy": -0.09999999403953552, "set_state_time_mean": NaN, "set_state_time_total": 0.0, "setup_model_time_mean": NaN, "setup_model_time_total": 0.0, "setup_proc_time_mean": NaN, "setup_proc_time_total": 0.0, "train_accuracy": 0.09935999661684036, "train_loss": 2.446669991455078, "training_time_mean": NaN, "training_time_total": 0.0, "val_accuracy": 0.09999999403953552, "val_loss": 2.347563250732422, "validation_time_mean": NaN, "validation_time_total": 0.0, "samples": 60000, "num_workers": 1, "done": true, "timesteps_total": null, "episodes_total": null, "training_iteration": 3, "neg_mean_loss": -2.3312382259368896, "experiment_id": "9eecd9dd0c7648108fa025ccea9436bf", "date": "2019-06-06_02-16-51", "timestamp": 1559812611, "time_this_iter_s": 41.19510817527771, "time_total_s": 131.60648441314697, "pid": 9771, "hostname": "steropes", "node_ip": "169.229.49.254", "config": {"starting_lr": 0.05, "momentum": 0.997, "weight_decay": 0.0001, "steps_per_iteration": null, "pin": false, "model_creator": null, "target_batch_size": 128, "model_string": "resnet50", "min_batch_size": 128, "dataset": "CIFAR", "placement": null, "use_nccl": true, "devices_per_worker": 1, "primary_resource": "extra_gpu", "gpu": false, "verbose": false, "lr_config": {"mode": "log", "steps": 5, "initial_lr": 0.05, "target_lr": 0.05}, "batch_per_device": 128}, "time_since_restore": 131.60648441314697, "timesteps_since_restore": 0, "iterations_since_restore": 3, "mean_throughput": 1367.708576840034, "atoms": 1, "setup_time": 23.05686330795288}
