{"apply": 0.017353296279907227, "batch_time": 0.040971743909618524, "d2h": 0.0006498813629150391, "data_time": 0.0017947479891959968, "fwd": 0.11602857112884521, "get_state_time_mean": NaN, "get_state_time_total": 0.0, "grad": 0.1630551338195801, "mean_accuracy": 0.14869999885559082, "mean_loss": 2.399802458190918, "neg_mean_accuracy": -0.14869999885559082, "set_state_time_mean": NaN, "set_state_time_total": 0.0, "setup_model_time_mean": 8.131886005401611, "setup_model_time_total": 8.131886005401611, "setup_proc_time_mean": 0.22202086448669434, "setup_proc_time_total": 0.22202086448669434, "train_accuracy": 0.1022999957203865, "train_loss": 5.188476701202393, "training_time_mean": NaN, "training_time_total": 0.0, "val_accuracy": 0.14869999885559082, "val_loss": 2.399802458190918, "validation_time_mean": NaN, "validation_time_total": 0.0, "samples": 60000, "num_workers": 1, "done": false, "timesteps_total": null, "episodes_total": null, "training_iteration": 1, "neg_mean_loss": -2.399802458190918, "experiment_id": "c455096728fa4fbcb3836689c8fd281e", "date": "2019-06-06_07-22-46", "timestamp": 1559830966, "time_this_iter_s": 45.42872214317322, "time_total_s": 45.42872214317322, "pid": 22040, "hostname": "steropes", "node_ip": "169.229.49.254", "config": {"starting_lr": 1.0, "momentum": 0.9, "weight_decay": 0.001, "steps_per_iteration": null, "pin": false, "model_creator": null, "target_batch_size": 128, "model_string": "resnet50", "min_batch_size": 128, "dataset": "CIFAR", "placement": null, "use_nccl": true, "devices_per_worker": 1, "primary_resource": "extra_gpu", "gpu": false, "verbose": false, "lr_config": {"mode": "log", "steps": 5, "initial_lr": 1.0, "target_lr": 1.0}, "batch_per_device": 128}, "time_since_restore": 45.42872214317322, "timesteps_since_restore": 0, "iterations_since_restore": 1, "mean_throughput": 1320.7478745419926, "atoms": 1, "setup_time": 8.764230012893677}
{"apply": 0.017380023002624513, "batch_time": 0.03148136863225623, "d2h": 0.0006585359573364258, "data_time": 0.0017522058218641355, "fwd": 0.027931356430053712, "get_state_time_mean": NaN, "get_state_time_total": 0.0, "grad": 0.046808481216430664, "mean_accuracy": 0.12969999760389328, "mean_loss": 6.148028313446044, "neg_mean_accuracy": -0.11069999635219574, "set_state_time_mean": NaN, "set_state_time_total": 0.0, "setup_model_time_mean": NaN, "setup_model_time_total": 0.0, "setup_proc_time_mean": NaN, "setup_proc_time_total": 0.0, "train_accuracy": 0.1824999898672104, "train_loss": 2.203020452423096, "training_time_mean": NaN, "training_time_total": 0.0, "val_accuracy": 0.11069999635219574, "val_loss": 9.896254168701171, "validation_time_mean": NaN, "validation_time_total": 0.0, "samples": 60000, "num_workers": 1, "done": true, "timesteps_total": null, "episodes_total": null, "training_iteration": 2, "neg_mean_loss": -6.148028313446044, "experiment_id": "c455096728fa4fbcb3836689c8fd281e", "date": "2019-06-06_07-23-26", "timestamp": 1559831006, "time_this_iter_s": 40.26837754249573, "time_total_s": 85.69709968566895, "pid": 22040, "hostname": "steropes", "node_ip": "169.229.49.254", "config": {"starting_lr": 1.0, "momentum": 0.9, "weight_decay": 0.001, "steps_per_iteration": null, "pin": false, "model_creator": null, "target_batch_size": 128, "model_string": "resnet50", "min_batch_size": 128, "dataset": "CIFAR", "placement": null, "use_nccl": true, "devices_per_worker": 1, "primary_resource": "extra_gpu", "gpu": false, "verbose": false, "lr_config": {"mode": "log", "steps": 5, "initial_lr": 1.0, "target_lr": 1.0}, "batch_per_device": 128}, "time_since_restore": 85.69709968566895, "timesteps_since_restore": 0, "iterations_since_restore": 2, "mean_throughput": 1400.2780188376826, "atoms": 1, "setup_time": 8.764230012893677}
