{"apply": 0.00722198486328125, "batch_time": 0.17492759227752686, "d2h": 0.004735541343688965, "data_time": 0.039425076270590026, "fwd": 0.07878024578094482, "get_state_time_mean": NaN, "get_state_time_total": 0.0, "grad": 0.17751338481903076, "mean_accuracy": 0.3522999882698059, "mean_loss": 1.8125042980194093, "neg_mean_accuracy": -0.3522999882698059, "set_state_time_mean": NaN, "set_state_time_total": 0.0, "setup_model_time_mean": 10.318039178848267, "setup_model_time_total": 10.318039178848267, "setup_proc_time_mean": 0.23205280303955078, "setup_proc_time_total": 0.23205280303955078, "train_accuracy": 0.29343998432159424, "train_loss": 2.159090485115051, "training_time_mean": NaN, "training_time_total": 0.0, "validation_time_mean": NaN, "validation_time_total": 0.0, "samples": 60000, "num_workers": 1, "done": false, "timesteps_total": null, "episodes_total": null, "training_iteration": 1, "neg_mean_loss": -1.8125042980194093, "experiment_id": "b3f9982fd8d7414aab74c708dd760409", "date": "2019-05-30_14-48-57", "timestamp": 1559252937, "time_this_iter_s": 11.60762357711792, "time_total_s": 11.60762357711792, "pid": 6399, "hostname": "steropes", "node_ip": "169.229.49.254", "config": {"starting_lr": 0.05, "momentum": 0.99, "weight_decay": 0.005, "steps_per_iteration": null, "pin": false, "model_creator": null, "target_batch_size": 1024, "model_string": "resnet18", "min_batch_size": 512, "dataset": "CIFAR", "placement": null, "use_nccl": true, "devices_per_worker": 1, "primary_resource": "extra_gpu", "gpu": false, "verbose": false, "lr_config": {"mode": "log", "steps": 5, "initial_lr": 0.05, "target_lr": 0.05}, "batch_per_device": 1024}, "time_since_restore": 11.60762357711792, "timesteps_since_restore": 0, "iterations_since_restore": 1, "mean_throughput": 5168.940035768345, "atoms": 1}
{"apply": 0.00895988941192627, "batch_time": 0.13948163986206055, "d2h": 0.006395459175109863, "data_time": 0.04180763205703424, "fwd": 0.024973607063293456, "get_state_time_mean": NaN, "get_state_time_total": 0.0, "grad": 0.04536607265472412, "mean_accuracy": 0.14579999446868896, "mean_loss": 2.276388982772827, "neg_mean_accuracy": -0.14579999446868896, "set_state_time_mean": NaN, "set_state_time_total": 0.0, "setup_model_time_mean": NaN, "setup_model_time_total": 0.0, "setup_proc_time_mean": NaN, "setup_proc_time_total": 0.0, "train_accuracy": 0.41165998578071594, "train_loss": 1.6126025288391113, "training_time_mean": NaN, "training_time_total": 0.0, "validation_time_mean": NaN, "validation_time_total": 0.0, "samples": 60000, "num_workers": 1, "done": false, "timesteps_total": null, "episodes_total": null, "training_iteration": 2, "neg_mean_loss": -2.276388982772827, "experiment_id": "b3f9982fd8d7414aab74c708dd760409", "date": "2019-05-30_14-49-05", "timestamp": 1559252945, "time_this_iter_s": 8.13501238822937, "time_total_s": 19.74263596534729, "pid": 6399, "hostname": "steropes", "node_ip": "169.229.49.254", "config": {"starting_lr": 0.05, "momentum": 0.99, "weight_decay": 0.005, "steps_per_iteration": null, "pin": false, "model_creator": null, "target_batch_size": 1024, "model_string": "resnet18", "min_batch_size": 512, "dataset": "CIFAR", "placement": null, "use_nccl": true, "devices_per_worker": 1, "primary_resource": "extra_gpu", "gpu": false, "verbose": false, "lr_config": {"mode": "log", "steps": 5, "initial_lr": 0.05, "target_lr": 0.05}, "batch_per_device": 1024}, "time_since_restore": 19.74263596534729, "timesteps_since_restore": 0, "iterations_since_restore": 2, "mean_throughput": 6078.137239579428, "atoms": 1}
{"apply": 0.007957243919372558, "batch_time": 0.15627920627593994, "d2h": 0.005642819404602051, "data_time": 0.04205024485685387, "fwd": 0.027155160903930664, "get_state_time_mean": NaN, "get_state_time_total": 0.0, "grad": 0.05202372074127197, "mean_accuracy": 0.1876000016927719, "mean_loss": 5.406742837524414, "neg_mean_accuracy": -0.1876000016927719, "set_state_time_mean": NaN, "set_state_time_total": 0.0, "setup_model_time_mean": NaN, "setup_model_time_total": 0.0, "setup_proc_time_mean": NaN, "setup_proc_time_total": 0.0, "train_accuracy": 0.38933998346328735, "train_loss": 1.6672641080856323, "training_time_mean": NaN, "training_time_total": 0.0, "validation_time_mean": NaN, "validation_time_total": 0.0, "samples": 60000, "num_workers": 1, "done": false, "timesteps_total": null, "episodes_total": null, "training_iteration": 3, "neg_mean_loss": -5.406742837524414, "experiment_id": "b3f9982fd8d7414aab74c708dd760409", "date": "2019-05-30_14-49-13", "timestamp": 1559252953, "time_this_iter_s": 8.632023811340332, "time_total_s": 28.374659776687622, "pid": 6399, "hostname": "steropes", "node_ip": "169.229.49.254", "config": {"starting_lr": 0.05, "momentum": 0.99, "weight_decay": 0.005, "steps_per_iteration": null, "pin": false, "model_creator": null, "target_batch_size": 1024, "model_string": "resnet18", "min_batch_size": 512, "dataset": "CIFAR", "placement": null, "use_nccl": true, "devices_per_worker": 1, "primary_resource": "extra_gpu", "gpu": false, "verbose": false, "lr_config": {"mode": "log", "steps": 5, "initial_lr": 0.05, "target_lr": 0.05}, "batch_per_device": 1024}, "time_since_restore": 28.374659776687622, "timesteps_since_restore": 0, "iterations_since_restore": 3, "mean_throughput": 6343.612388103438, "atoms": 1}
{"apply": 0.008125686645507812, "batch_time": 0.13832294940948486, "d2h": 0.005778217315673828, "data_time": 0.03099455638807647, "fwd": 0.030883240699768066, "get_state_time_mean": NaN, "get_state_time_total": 0.0, "grad": 0.06584138870239258, "mean_accuracy": 0.4041999876499176, "mean_loss": 1.7756019174575806, "neg_mean_accuracy": -0.4041999876499176, "set_state_time_mean": NaN, "set_state_time_total": 0.0, "setup_model_time_mean": NaN, "setup_model_time_total": 0.0, "setup_proc_time_mean": NaN, "setup_proc_time_total": 0.0, "train_accuracy": 0.4034999907016754, "train_loss": 1.6024395487213134, "training_time_mean": NaN, "training_time_total": 0.0, "validation_time_mean": NaN, "validation_time_total": 0.0, "samples": 60000, "num_workers": 1, "done": false, "timesteps_total": null, "episodes_total": null, "training_iteration": 4, "neg_mean_loss": -1.7756019174575806, "experiment_id": "b3f9982fd8d7414aab74c708dd760409", "date": "2019-05-30_14-49-22", "timestamp": 1559252962, "time_this_iter_s": 8.495400190353394, "time_total_s": 36.870059967041016, "pid": 6399, "hostname": "steropes", "node_ip": "169.229.49.254", "config": {"starting_lr": 0.05, "momentum": 0.99, "weight_decay": 0.005, "steps_per_iteration": null, "pin": false, "model_creator": null, "target_batch_size": 1024, "model_string": "resnet18", "min_batch_size": 512, "dataset": "CIFAR", "placement": null, "use_nccl": true, "devices_per_worker": 1, "primary_resource": "extra_gpu", "gpu": false, "verbose": false, "lr_config": {"mode": "log", "steps": 5, "initial_lr": 0.05, "target_lr": 0.05}, "batch_per_device": 1024}, "time_since_restore": 36.870059967041016, "timesteps_since_restore": 0, "iterations_since_restore": 4, "mean_throughput": 6509.262851089225, "atoms": 1}
{"apply": 0.00734407901763916, "batch_time": 0.13792455196380615, "d2h": 0.005075287818908691, "data_time": 0.048027398634930045, "fwd": 0.03084518909454346, "get_state_time_mean": NaN, "get_state_time_total": 0.0, "grad": 0.052766156196594236, "mean_accuracy": 0.36329999566078186, "mean_loss": 1.7553186153411866, "neg_mean_accuracy": -0.36329999566078186, "set_state_time_mean": NaN, "set_state_time_total": 0.0, "setup_model_time_mean": NaN, "setup_model_time_total": 0.0, "setup_proc_time_mean": NaN, "setup_proc_time_total": 0.0, "train_accuracy": 0.41835999488830566, "train_loss": 1.655932474937439, "training_time_mean": NaN, "training_time_total": 0.0, "validation_time_mean": NaN, "validation_time_total": 0.0, "samples": 60000, "num_workers": 1, "done": false, "timesteps_total": null, "episodes_total": null, "training_iteration": 5, "neg_mean_loss": -1.7553186153411866, "experiment_id": "b3f9982fd8d7414aab74c708dd760409", "date": "2019-05-30_14-49-31", "timestamp": 1559252971, "time_this_iter_s": 8.916313409805298, "time_total_s": 45.78637337684631, "pid": 6399, "hostname": "steropes", "node_ip": "169.229.49.254", "config": {"starting_lr": 0.05, "momentum": 0.99, "weight_decay": 0.005, "steps_per_iteration": null, "pin": false, "model_creator": null, "target_batch_size": 1024, "model_string": "resnet18", "min_batch_size": 512, "dataset": "CIFAR", "placement": null, "use_nccl": true, "devices_per_worker": 1, "primary_resource": "extra_gpu", "gpu": false, "verbose": false, "lr_config": {"mode": "log", "steps": 5, "initial_lr": 0.05, "target_lr": 0.05}, "batch_per_device": 1024}, "time_since_restore": 45.78637337684631, "timesteps_since_restore": 0, "iterations_since_restore": 5, "mean_throughput": 6552.087866846522, "atoms": 1}
{"apply": 0.008390593528747558, "batch_time": 0.1486849308013916, "d2h": 0.00593876838684082, "data_time": 0.0429181517386923, "fwd": 0.032820701599121094, "get_state_time_mean": NaN, "get_state_time_total": 0.0, "grad": 0.05301558971405029, "mean_accuracy": 0.4075999855995178, "mean_loss": 1.8089170780181885, "neg_mean_accuracy": -0.4075999855995178, "set_state_time_mean": NaN, "set_state_time_total": 0.0, "setup_model_time_mean": NaN, "setup_model_time_total": 0.0, "setup_proc_time_mean": NaN, "setup_proc_time_total": 0.0, "train_accuracy": 0.48749998211860657, "train_loss": 1.4076329369735718, "training_time_mean": NaN, "training_time_total": 0.0, "validation_time_mean": NaN, "validation_time_total": 0.0, "samples": 60000, "num_workers": 1, "done": false, "timesteps_total": null, "episodes_total": null, "training_iteration": 6, "neg_mean_loss": -1.8089170780181885, "experiment_id": "b3f9982fd8d7414aab74c708dd760409", "date": "2019-05-30_14-49-40", "timestamp": 1559252980, "time_this_iter_s": 8.95632815361023, "time_total_s": 54.74270153045654, "pid": 6399, "hostname": "steropes", "node_ip": "169.229.49.254", "config": {"starting_lr": 0.05, "momentum": 0.99, "weight_decay": 0.005, "steps_per_iteration": null, "pin": false, "model_creator": null, "target_batch_size": 1024, "model_string": "resnet18", "min_batch_size": 512, "dataset": "CIFAR", "placement": null, "use_nccl": true, "devices_per_worker": 1, "primary_resource": "extra_gpu", "gpu": false, "verbose": false, "lr_config": {"mode": "log", "steps": 5, "initial_lr": 0.05, "target_lr": 0.05}, "batch_per_device": 1024}, "time_since_restore": 54.74270153045654, "timesteps_since_restore": 0, "iterations_since_restore": 6, "mean_throughput": 6954.820478207802, "atoms": 1}
{"apply": 0.010241103172302247, "batch_time": 0.13169496059417723, "d2h": 0.005424284934997558, "data_time": 0.027379386279047752, "fwd": 0.036861634254455565, "get_state_time_mean": NaN, "get_state_time_total": 0.0, "grad": 0.06146261692047119, "mean_accuracy": 0.39139997959136963, "mean_loss": 1.6980622928619384, "neg_mean_accuracy": -0.39139997959136963, "set_state_time_mean": NaN, "set_state_time_total": 0.0, "setup_model_time_mean": NaN, "setup_model_time_total": 0.0, "setup_proc_time_mean": NaN, "setup_proc_time_total": 0.0, "train_accuracy": 0.5242599844932556, "train_loss": 1.3142404304122925, "training_time_mean": NaN, "training_time_total": 0.0, "validation_time_mean": NaN, "validation_time_total": 0.0, "samples": 60000, "num_workers": 1, "done": false, "timesteps_total": null, "episodes_total": null, "training_iteration": 7, "neg_mean_loss": -1.6980622928619384, "experiment_id": "b3f9982fd8d7414aab74c708dd760409", "date": "2019-05-30_14-49-48", "timestamp": 1559252988, "time_this_iter_s": 8.415612936019897, "time_total_s": 63.15831446647644, "pid": 6399, "hostname": "steropes", "node_ip": "169.229.49.254", "config": {"starting_lr": 0.05, "momentum": 0.99, "weight_decay": 0.005, "steps_per_iteration": null, "pin": false, "model_creator": null, "target_batch_size": 1024, "model_string": "resnet18", "min_batch_size": 512, "dataset": "CIFAR", "placement": null, "use_nccl": true, "devices_per_worker": 1, "primary_resource": "extra_gpu", "gpu": false, "verbose": false, "lr_config": {"mode": "log", "steps": 5, "initial_lr": 0.05, "target_lr": 0.05}, "batch_per_device": 1024}, "time_since_restore": 63.15831446647644, "timesteps_since_restore": 0, "iterations_since_restore": 7, "mean_throughput": 6909.872106065824, "atoms": 1}
{"apply": 0.007249188423156738, "batch_time": 0.13873496055603027, "d2h": 0.007591032981872558, "data_time": 0.038341142693344425, "fwd": 0.032610416412353516, "get_state_time_mean": NaN, "get_state_time_total": 0.0, "grad": 0.057832646369934085, "mean_accuracy": 0.4098999798297882, "mean_loss": 2.4570215084075926, "neg_mean_accuracy": -0.4098999798297882, "set_state_time_mean": NaN, "set_state_time_total": 0.0, "setup_model_time_mean": NaN, "setup_model_time_total": 0.0, "setup_proc_time_mean": NaN, "setup_proc_time_total": 0.0, "train_accuracy": 0.552619993686676, "train_loss": 1.2491647541046142, "training_time_mean": NaN, "training_time_total": 0.0, "validation_time_mean": NaN, "validation_time_total": 0.0, "samples": 60000, "num_workers": 1, "done": false, "timesteps_total": null, "episodes_total": null, "training_iteration": 8, "neg_mean_loss": -2.4570215084075926, "experiment_id": "b3f9982fd8d7414aab74c708dd760409", "date": "2019-05-30_14-49-57", "timestamp": 1559252997, "time_this_iter_s": 8.652825832366943, "time_total_s": 71.81114029884338, "pid": 6399, "hostname": "steropes", "node_ip": "169.229.49.254", "config": {"starting_lr": 0.05, "momentum": 0.99, "weight_decay": 0.005, "steps_per_iteration": null, "pin": false, "model_creator": null, "target_batch_size": 1024, "model_string": "resnet18", "min_batch_size": 512, "dataset": "CIFAR", "placement": null, "use_nccl": true, "devices_per_worker": 1, "primary_resource": "extra_gpu", "gpu": false, "verbose": false, "lr_config": {"mode": "log", "steps": 5, "initial_lr": 0.05, "target_lr": 0.05}, "batch_per_device": 1024}, "time_since_restore": 71.81114029884338, "timesteps_since_restore": 0, "iterations_since_restore": 8, "mean_throughput": 6906.562047721104, "atoms": 1}
{"apply": 0.0073898077011108395, "batch_time": 0.1491016387939453, "d2h": 0.005218195915222168, "data_time": 0.026860159270617426, "fwd": 0.028646278381347656, "get_state_time_mean": NaN, "get_state_time_total": 0.0, "grad": 0.05715939998626709, "mean_accuracy": 0.5723999738693237, "mean_loss": 1.2230076547622681, "neg_mean_accuracy": -0.5723999738693237, "set_state_time_mean": NaN, "set_state_time_total": 0.0, "setup_model_time_mean": NaN, "setup_model_time_total": 0.0, "setup_proc_time_mean": NaN, "setup_proc_time_total": 0.0, "train_accuracy": 0.5534200072288513, "train_loss": 1.2548280756759644, "training_time_mean": NaN, "training_time_total": 0.0, "validation_time_mean": NaN, "validation_time_total": 0.0, "samples": 60000, "num_workers": 1, "done": false, "timesteps_total": null, "episodes_total": null, "training_iteration": 9, "neg_mean_loss": -1.2230076547622681, "experiment_id": "b3f9982fd8d7414aab74c708dd760409", "date": "2019-05-30_14-50-05", "timestamp": 1559253005, "time_this_iter_s": 8.45397424697876, "time_total_s": 80.26511454582214, "pid": 6399, "hostname": "steropes", "node_ip": "169.229.49.254", "config": {"starting_lr": 0.05, "momentum": 0.99, "weight_decay": 0.005, "steps_per_iteration": null, "pin": false, "model_creator": null, "target_batch_size": 1024, "model_string": "resnet18", "min_batch_size": 512, "dataset": "CIFAR", "placement": null, "use_nccl": true, "devices_per_worker": 1, "primary_resource": "extra_gpu", "gpu": false, "verbose": false, "lr_config": {"mode": "log", "steps": 5, "initial_lr": 0.05, "target_lr": 0.05}, "batch_per_device": 1024}, "time_since_restore": 80.26511454582214, "timesteps_since_restore": 0, "iterations_since_restore": 9, "mean_throughput": 6913.153889942095, "atoms": 1}
{"apply": 0.00870375633239746, "batch_time": 0.1216353416442871, "d2h": 0.0051670074462890625, "data_time": 0.026100849618717115, "fwd": 0.03541367053985596, "get_state_time_mean": NaN, "get_state_time_total": 0.0, "grad": 0.0643306016921997, "mean_accuracy": 0.5728999972343445, "mean_loss": 1.2711197664260865, "neg_mean_accuracy": -0.5728999972343445, "set_state_time_mean": NaN, "set_state_time_total": 0.0, "setup_model_time_mean": NaN, "setup_model_time_total": 0.0, "setup_proc_time_mean": NaN, "setup_proc_time_total": 0.0, "train_accuracy": 0.5737400054931641, "train_loss": 1.2023334182357788, "training_time_mean": NaN, "training_time_total": 0.0, "validation_time_mean": NaN, "validation_time_total": 0.0, "samples": 60000, "num_workers": 1, "done": false, "timesteps_total": null, "episodes_total": null, "training_iteration": 10, "neg_mean_loss": -1.2711197664260865, "experiment_id": "b3f9982fd8d7414aab74c708dd760409", "date": "2019-05-30_14-50-14", "timestamp": 1559253014, "time_this_iter_s": 8.240112781524658, "time_total_s": 88.5052273273468, "pid": 6399, "hostname": "steropes", "node_ip": "169.229.49.254", "config": {"starting_lr": 0.05, "momentum": 0.99, "weight_decay": 0.005, "steps_per_iteration": null, "pin": false, "model_creator": null, "target_batch_size": 1024, "model_string": "resnet18", "min_batch_size": 512, "dataset": "CIFAR", "placement": null, "use_nccl": true, "devices_per_worker": 1, "primary_resource": "extra_gpu", "gpu": false, "verbose": false, "lr_config": {"mode": "log", "steps": 5, "initial_lr": 0.05, "target_lr": 0.05}, "batch_per_device": 1024}, "time_since_restore": 88.5052273273468, "timesteps_since_restore": 0, "iterations_since_restore": 10, "mean_throughput": 7022.569416781494, "atoms": 1}
{"apply": 0.009394955635070801, "batch_time": 0.13935964107513427, "d2h": 0.007334351539611816, "data_time": 0.034133658117177536, "fwd": 0.030890703201293945, "get_state_time_mean": NaN, "get_state_time_total": 0.0, "grad": 0.05854177474975586, "mean_accuracy": 0.4934999942779541, "mean_loss": 1.4665757654190064, "neg_mean_accuracy": -0.4934999942779541, "set_state_time_mean": NaN, "set_state_time_total": 0.0, "setup_model_time_mean": NaN, "setup_model_time_total": 0.0, "setup_proc_time_mean": NaN, "setup_proc_time_total": 0.0, "train_accuracy": 0.58051997423172, "train_loss": 1.1881711100006103, "training_time_mean": NaN, "training_time_total": 0.0, "validation_time_mean": NaN, "validation_time_total": 0.0, "samples": 60000, "num_workers": 1, "done": false, "timesteps_total": null, "episodes_total": null, "training_iteration": 11, "neg_mean_loss": -1.4665757654190064, "experiment_id": "b3f9982fd8d7414aab74c708dd760409", "date": "2019-05-30_14-50-22", "timestamp": 1559253022, "time_this_iter_s": 8.606473207473755, "time_total_s": 97.11170053482056, "pid": 6399, "hostname": "steropes", "node_ip": "169.229.49.254", "config": {"starting_lr": 0.05, "momentum": 0.99, "weight_decay": 0.005, "steps_per_iteration": null, "pin": false, "model_creator": null, "target_batch_size": 1024, "model_string": "resnet18", "min_batch_size": 512, "dataset": "CIFAR", "placement": null, "use_nccl": true, "devices_per_worker": 1, "primary_resource": "extra_gpu", "gpu": false, "verbose": false, "lr_config": {"mode": "log", "steps": 5, "initial_lr": 0.05, "target_lr": 0.05}, "batch_per_device": 1024}, "time_since_restore": 97.11170053482056, "timesteps_since_restore": 0, "iterations_since_restore": 11, "mean_throughput": 7080.55603759657, "atoms": 1}
{"apply": 0.008524298667907715, "batch_time": 0.13858413696289062, "d2h": 0.005117893218994141, "data_time": 0.04250056889592385, "fwd": 0.028247714042663574, "get_state_time_mean": NaN, "get_state_time_total": 0.0, "grad": 0.04878323078155518, "mean_accuracy": 0.5266000032424927, "mean_loss": 1.4170057710647583, "neg_mean_accuracy": -0.5266000032424927, "set_state_time_mean": NaN, "set_state_time_total": 0.0, "setup_model_time_mean": NaN, "setup_model_time_total": 0.0, "setup_proc_time_mean": NaN, "setup_proc_time_total": 0.0, "train_accuracy": 0.5837199687957764, "train_loss": 1.1792782070159913, "training_time_mean": NaN, "training_time_total": 0.0, "validation_time_mean": NaN, "validation_time_total": 0.0, "samples": 60000, "num_workers": 1, "done": true, "timesteps_total": null, "episodes_total": null, "training_iteration": 12, "neg_mean_loss": -1.4170057710647583, "experiment_id": "b3f9982fd8d7414aab74c708dd760409", "date": "2019-05-30_14-50-31", "timestamp": 1559253031, "time_this_iter_s": 8.57589864730835, "time_total_s": 105.6875991821289, "pid": 6399, "hostname": "steropes", "node_ip": "169.229.49.254", "config": {"starting_lr": 0.05, "momentum": 0.99, "weight_decay": 0.005, "steps_per_iteration": null, "pin": false, "model_creator": null, "target_batch_size": 1024, "model_string": "resnet18", "min_batch_size": 512, "dataset": "CIFAR", "placement": null, "use_nccl": true, "devices_per_worker": 1, "primary_resource": "extra_gpu", "gpu": false, "verbose": false, "lr_config": {"mode": "log", "steps": 5, "initial_lr": 0.05, "target_lr": 0.05}, "batch_per_device": 1024}, "time_since_restore": 105.6875991821289, "timesteps_since_restore": 0, "iterations_since_restore": 12, "mean_throughput": 7053.8700925577605, "atoms": 1}
