{"apply": 0.0180755615234375, "batch_time": 0.04150215885307215, "d2h": 0.0007392644882202148, "data_time": 0.0017829746236581632, "fwd": 0.11889312267303467, "get_state_time_mean": NaN, "get_state_time_total": 0.0, "grad": 0.16415143013000488, "mean_accuracy": 0.12619999051094055, "mean_loss": 13.216022319030762, "neg_mean_accuracy": -0.12619999051094055, "set_state_time_mean": NaN, "set_state_time_total": 0.0, "setup_model_time_mean": 8.348282814025879, "setup_model_time_total": 8.348282814025879, "setup_proc_time_mean": 0.17987394332885742, "setup_proc_time_total": 0.17987394332885742, "train_accuracy": 0.15087999403476715, "train_loss": 4.618913534393311, "training_time_mean": NaN, "training_time_total": 0.0, "val_accuracy": 0.12619999051094055, "val_loss": 13.216022319030762, "validation_time_mean": NaN, "validation_time_total": 0.0, "samples": 60000, "num_workers": 1, "done": false, "timesteps_total": null, "episodes_total": null, "training_iteration": 1, "neg_mean_loss": -13.216022319030762, "experiment_id": "59ff704468ee418d9e019f511cf0658c", "date": "2019-06-03_22-48-08", "timestamp": 1559627288, "time_this_iter_s": 46.40847706794739, "time_total_s": 46.40847706794739, "pid": 16706, "hostname": "steropes", "node_ip": "169.229.49.254", "config": {"starting_lr": 0.005, "momentum": 0.997, "weight_decay": 0.001, "steps_per_iteration": null, "pin": false, "model_creator": null, "target_batch_size": 128, "model_string": "resnet50", "min_batch_size": 128, "dataset": "CIFAR", "placement": null, "use_nccl": true, "devices_per_worker": 1, "primary_resource": "extra_gpu", "gpu": false, "verbose": false, "lr_config": {"mode": "log", "steps": 5, "initial_lr": 0.005, "target_lr": 0.005}, "batch_per_device": 128}, "time_since_restore": 46.40847706794739, "timesteps_since_restore": 0, "iterations_since_restore": 1, "mean_throughput": 1292.864969147647, "atoms": 1, "setup_time": 9.086374998092651}
{"apply": 0.017771601676940918, "batch_time": 0.0314858472799953, "d2h": 0.0006932973861694336, "data_time": 0.0017951211661024168, "fwd": 0.027811193466186525, "get_state_time_mean": NaN, "get_state_time_total": 0.0, "grad": 0.04755396842956543, "mean_accuracy": 0.1926499903202057, "mean_loss": 7.61676831741333, "neg_mean_accuracy": -0.2590999901294708, "set_state_time_mean": NaN, "set_state_time_total": 0.0, "setup_model_time_mean": NaN, "setup_model_time_total": 0.0, "setup_proc_time_mean": NaN, "setup_proc_time_total": 0.0, "train_accuracy": 0.1857599914073944, "train_loss": 2.4592639461517334, "training_time_mean": NaN, "training_time_total": 0.0, "val_accuracy": 0.2590999901294708, "val_loss": 2.0175143157958986, "validation_time_mean": NaN, "validation_time_total": 0.0, "samples": 60000, "num_workers": 1, "done": false, "timesteps_total": null, "episodes_total": null, "training_iteration": 2, "neg_mean_loss": -7.61676831741333, "experiment_id": "59ff704468ee418d9e019f511cf0658c", "date": "2019-06-03_22-48-49", "timestamp": 1559627329, "time_this_iter_s": 40.872957944869995, "time_total_s": 87.28143501281738, "pid": 16706, "hostname": "steropes", "node_ip": "169.229.49.254", "config": {"starting_lr": 0.005, "momentum": 0.997, "weight_decay": 0.001, "steps_per_iteration": null, "pin": false, "model_creator": null, "target_batch_size": 128, "model_string": "resnet50", "min_batch_size": 128, "dataset": "CIFAR", "placement": null, "use_nccl": true, "devices_per_worker": 1, "primary_resource": "extra_gpu", "gpu": false, "verbose": false, "lr_config": {"mode": "log", "steps": 5, "initial_lr": 0.005, "target_lr": 0.005}, "batch_per_device": 128}, "time_since_restore": 87.28143501281738, "timesteps_since_restore": 0, "iterations_since_restore": 2, "mean_throughput": 1374.8603014350665, "atoms": 1, "setup_time": 9.086374998092651}
{"apply": 0.017634034156799316, "batch_time": 0.03145380865169477, "d2h": 0.0006589889526367188, "data_time": 0.0017730092148646674, "fwd": 0.027558779716491698, "get_state_time_mean": NaN, "get_state_time_total": 0.0, "grad": 0.048696374893188475, "mean_accuracy": 0.2395333250363668, "mean_loss": 5.683830689175924, "neg_mean_accuracy": -0.33329999446868896, "set_state_time_mean": NaN, "set_state_time_total": 0.0, "setup_model_time_mean": NaN, "setup_model_time_total": 0.0, "setup_proc_time_mean": NaN, "setup_proc_time_total": 0.0, "train_accuracy": 0.2689400017261505, "train_loss": 1.9456302187347412, "training_time_mean": NaN, "training_time_total": 0.0, "val_accuracy": 0.33329999446868896, "val_loss": 1.817955432701111, "validation_time_mean": NaN, "validation_time_total": 0.0, "samples": 60000, "num_workers": 1, "done": true, "timesteps_total": null, "episodes_total": null, "training_iteration": 3, "neg_mean_loss": -5.683830689175924, "experiment_id": "59ff704468ee418d9e019f511cf0658c", "date": "2019-06-03_22-49-30", "timestamp": 1559627370, "time_this_iter_s": 40.71528744697571, "time_total_s": 127.99672245979309, "pid": 16706, "hostname": "steropes", "node_ip": "169.229.49.254", "config": {"starting_lr": 0.005, "momentum": 0.997, "weight_decay": 0.001, "steps_per_iteration": null, "pin": false, "model_creator": null, "target_batch_size": 128, "model_string": "resnet50", "min_batch_size": 128, "dataset": "CIFAR", "placement": null, "use_nccl": true, "devices_per_worker": 1, "primary_resource": "extra_gpu", "gpu": false, "verbose": false, "lr_config": {"mode": "log", "steps": 5, "initial_lr": 0.005, "target_lr": 0.005}, "batch_per_device": 128}, "time_since_restore": 127.99672245979309, "timesteps_since_restore": 0, "iterations_since_restore": 3, "mean_throughput": 1406.2828001998814, "atoms": 1, "setup_time": 9.086374998092651}
