{"apply": 0.008363938331604004, "batch_time": 0.16788215637207032, "d2h": 0.0059307336807250975, "data_time": 0.03577012431864836, "fwd": 0.08569998741149902, "get_state_time_mean": NaN, "get_state_time_total": 0.0, "grad": 0.1778998613357544, "mean_accuracy": 0.3872999846935272, "mean_loss": 1.6372243083953857, "neg_mean_accuracy": -0.3872999846935272, "set_state_time_mean": NaN, "set_state_time_total": 0.0, "setup_model_time_mean": 16.602872371673584, "setup_model_time_total": 16.602872371673584, "setup_proc_time_mean": 1.5891642570495605, "setup_proc_time_total": 1.5891642570495605, "train_accuracy": 0.2657400071620941, "train_loss": 2.536053737983704, "training_time_mean": NaN, "training_time_total": 0.0, "validation_time_mean": NaN, "validation_time_total": 0.0, "samples": 60000, "num_workers": 1, "done": false, "timesteps_total": null, "episodes_total": null, "training_iteration": 1, "neg_mean_loss": -1.6372243083953857, "experiment_id": "2b853aca51314b358ec0e2a8ff75c2ef", "date": "2019-05-30_14-01-25", "timestamp": 1559250085, "time_this_iter_s": 12.057428121566772, "time_total_s": 12.057428121566772, "pid": 18250, "hostname": "steropes", "node_ip": "169.229.49.254", "config": {"starting_lr": 0.005, "momentum": 0.95, "weight_decay": 0.001, "steps_per_iteration": null, "pin": false, "model_creator": null, "target_batch_size": 1024, "model_string": "resnet18", "min_batch_size": 512, "dataset": "CIFAR", "placement": null, "use_nccl": true, "devices_per_worker": 1, "primary_resource": "extra_gpu", "gpu": false, "verbose": false, "lr_config": {"mode": "log", "steps": 5, "initial_lr": 0.005, "target_lr": 0.005}, "batch_per_device": 1024}, "time_since_restore": 12.057428121566772, "timesteps_since_restore": 0, "iterations_since_restore": 1, "mean_throughput": 4976.143667330427, "atoms": 1, "resource_time": 12.057428121566772}
{"apply": 0.007710695266723633, "batch_time": 0.14330589771270752, "d2h": 0.005605888366699219, "data_time": 0.03772091865539551, "fwd": 0.03317933082580567, "get_state_time_mean": NaN, "get_state_time_total": 0.0, "grad": 0.054674386978149414, "mean_accuracy": 0.471699982881546, "mean_loss": 1.44285485496521, "neg_mean_accuracy": -0.471699982881546, "set_state_time_mean": NaN, "set_state_time_total": 0.0, "setup_model_time_mean": NaN, "setup_model_time_total": 0.0, "setup_proc_time_mean": NaN, "setup_proc_time_total": 0.0, "train_accuracy": 0.41735997796058655, "train_loss": 1.573849054298401, "training_time_mean": NaN, "training_time_total": 0.0, "validation_time_mean": NaN, "validation_time_total": 0.0, "samples": 60000, "num_workers": 1, "done": false, "timesteps_total": null, "episodes_total": null, "training_iteration": 2, "neg_mean_loss": -1.44285485496521, "experiment_id": "2b853aca51314b358ec0e2a8ff75c2ef", "date": "2019-05-30_14-01-33", "timestamp": 1559250093, "time_this_iter_s": 8.008431196212769, "time_total_s": 20.06585931777954, "pid": 18250, "hostname": "steropes", "node_ip": "169.229.49.254", "config": {"starting_lr": 0.005, "momentum": 0.95, "weight_decay": 0.001, "steps_per_iteration": null, "pin": false, "model_creator": null, "target_batch_size": 1024, "model_string": "resnet18", "min_batch_size": 512, "dataset": "CIFAR", "placement": null, "use_nccl": true, "devices_per_worker": 1, "primary_resource": "extra_gpu", "gpu": false, "verbose": false, "lr_config": {"mode": "log", "steps": 5, "initial_lr": 0.005, "target_lr": 0.005}, "batch_per_device": 1024}, "time_since_restore": 20.06585931777954, "timesteps_since_restore": 0, "iterations_since_restore": 2, "mean_throughput": 5980.251913279325, "atoms": 1, "resource_time": 20.06585931777954}
{"apply": 0.007590460777282715, "batch_time": 0.13224570751190184, "d2h": 0.004716420173645019, "data_time": 0.04592442512512207, "fwd": 0.0323674201965332, "get_state_time_mean": NaN, "get_state_time_total": 0.0, "grad": 0.0526141881942749, "mean_accuracy": 0.5011999607086182, "mean_loss": 1.343742371559143, "neg_mean_accuracy": -0.5011999607086182, "set_state_time_mean": NaN, "set_state_time_total": 0.0, "setup_model_time_mean": NaN, "setup_model_time_total": 0.0, "setup_proc_time_mean": NaN, "setup_proc_time_total": 0.0, "train_accuracy": 0.4794600009918213, "train_loss": 1.428488777770996, "training_time_mean": NaN, "training_time_total": 0.0, "validation_time_mean": NaN, "validation_time_total": 0.0, "samples": 60000, "num_workers": 1, "done": false, "timesteps_total": null, "episodes_total": null, "training_iteration": 3, "neg_mean_loss": -1.343742371559143, "experiment_id": "2b853aca51314b358ec0e2a8ff75c2ef", "date": "2019-05-30_14-01-42", "timestamp": 1559250102, "time_this_iter_s": 8.354488611221313, "time_total_s": 28.420347929000854, "pid": 18250, "hostname": "steropes", "node_ip": "169.229.49.254", "config": {"starting_lr": 0.005, "momentum": 0.95, "weight_decay": 0.001, "steps_per_iteration": null, "pin": false, "model_creator": null, "target_batch_size": 1024, "model_string": "resnet18", "min_batch_size": 512, "dataset": "CIFAR", "placement": null, "use_nccl": true, "devices_per_worker": 1, "primary_resource": "extra_gpu", "gpu": false, "verbose": false, "lr_config": {"mode": "log", "steps": 5, "initial_lr": 0.005, "target_lr": 0.005}, "batch_per_device": 1024}, "time_since_restore": 28.420347929000854, "timesteps_since_restore": 0, "iterations_since_restore": 3, "mean_throughput": 6333.429909489236, "atoms": 1, "resource_time": 28.420347929000854}
{"apply": 0.008193492889404297, "batch_time": 0.14669017791748046, "d2h": 0.004952192306518555, "data_time": 0.044665959416603555, "fwd": 0.022573018074035646, "get_state_time_mean": NaN, "get_state_time_total": 0.0, "grad": 0.051007771492004396, "mean_accuracy": 0.5291000008583069, "mean_loss": 1.3132583753585816, "neg_mean_accuracy": -0.5291000008583069, "set_state_time_mean": NaN, "set_state_time_total": 0.0, "setup_model_time_mean": NaN, "setup_model_time_total": 0.0, "setup_proc_time_mean": NaN, "setup_proc_time_total": 0.0, "train_accuracy": 0.5111199617385864, "train_loss": 1.3397733827972411, "training_time_mean": NaN, "training_time_total": 0.0, "validation_time_mean": NaN, "validation_time_total": 0.0, "samples": 60000, "num_workers": 1, "done": false, "timesteps_total": null, "episodes_total": null, "training_iteration": 4, "neg_mean_loss": -1.3132583753585816, "experiment_id": "2b853aca51314b358ec0e2a8ff75c2ef", "date": "2019-05-30_14-01-50", "timestamp": 1559250110, "time_this_iter_s": 8.378840684890747, "time_total_s": 36.7991886138916, "pid": 18250, "hostname": "steropes", "node_ip": "169.229.49.254", "config": {"starting_lr": 0.005, "momentum": 0.95, "weight_decay": 0.001, "steps_per_iteration": null, "pin": false, "model_creator": null, "target_batch_size": 1024, "model_string": "resnet18", "min_batch_size": 512, "dataset": "CIFAR", "placement": null, "use_nccl": true, "devices_per_worker": 1, "primary_resource": "extra_gpu", "gpu": false, "verbose": false, "lr_config": {"mode": "log", "steps": 5, "initial_lr": 0.005, "target_lr": 0.005}, "batch_per_device": 1024}, "time_since_restore": 36.7991886138916, "timesteps_since_restore": 0, "iterations_since_restore": 4, "mean_throughput": 6521.818828677838, "atoms": 1, "resource_time": 36.7991886138916}
{"apply": 0.008472251892089843, "batch_time": 0.13062844276428223, "d2h": 0.005014872550964356, "data_time": 0.05153680820854343, "fwd": 0.02410602569580078, "get_state_time_mean": NaN, "get_state_time_total": 0.0, "grad": 0.04779431819915771, "mean_accuracy": 0.5616999864578247, "mean_loss": 1.2307537588119506, "neg_mean_accuracy": -0.5616999864578247, "set_state_time_mean": NaN, "set_state_time_total": 0.0, "setup_model_time_mean": NaN, "setup_model_time_total": 0.0, "setup_proc_time_mean": NaN, "setup_proc_time_total": 0.0, "train_accuracy": 0.5454999804496765, "train_loss": 1.259080332069397, "training_time_mean": NaN, "training_time_total": 0.0, "validation_time_mean": NaN, "validation_time_total": 0.0, "samples": 60000, "num_workers": 1, "done": false, "timesteps_total": null, "episodes_total": null, "training_iteration": 5, "neg_mean_loss": -1.2307537588119506, "experiment_id": "2b853aca51314b358ec0e2a8ff75c2ef", "date": "2019-05-30_14-01-59", "timestamp": 1559250119, "time_this_iter_s": 8.597200393676758, "time_total_s": 45.39638900756836, "pid": 18250, "hostname": "steropes", "node_ip": "169.229.49.254", "config": {"starting_lr": 0.005, "momentum": 0.95, "weight_decay": 0.001, "steps_per_iteration": null, "pin": false, "model_creator": null, "target_batch_size": 1024, "model_string": "resnet18", "min_batch_size": 512, "dataset": "CIFAR", "placement": null, "use_nccl": true, "devices_per_worker": 1, "primary_resource": "extra_gpu", "gpu": false, "verbose": false, "lr_config": {"mode": "log", "steps": 5, "initial_lr": 0.005, "target_lr": 0.005}, "batch_per_device": 1024}, "time_since_restore": 45.39638900756836, "timesteps_since_restore": 0, "iterations_since_restore": 5, "mean_throughput": 6608.391238740231, "atoms": 1, "resource_time": 45.39638900756836}
{"apply": 0.007788848876953125, "batch_time": 0.12255542278289795, "d2h": 0.005119752883911133, "data_time": 0.03911838726121552, "fwd": 0.026871728897094726, "get_state_time_mean": NaN, "get_state_time_total": 0.0, "grad": 0.04925811290740967, "mean_accuracy": 0.5701999664306641, "mean_loss": 1.1959934471130371, "neg_mean_accuracy": -0.5701999664306641, "set_state_time_mean": NaN, "set_state_time_total": 0.0, "setup_model_time_mean": NaN, "setup_model_time_total": 0.0, "setup_proc_time_mean": NaN, "setup_proc_time_total": 0.0, "train_accuracy": 0.5653799772262573, "train_loss": 1.2019337786102295, "training_time_mean": NaN, "training_time_total": 0.0, "validation_time_mean": NaN, "validation_time_total": 0.0, "samples": 60000, "num_workers": 1, "done": false, "timesteps_total": null, "episodes_total": null, "training_iteration": 6, "neg_mean_loss": -1.1959934471130371, "experiment_id": "2b853aca51314b358ec0e2a8ff75c2ef", "date": "2019-05-30_14-02-07", "timestamp": 1559250127, "time_this_iter_s": 8.437753677368164, "time_total_s": 53.83414268493652, "pid": 18250, "hostname": "steropes", "node_ip": "169.229.49.254", "config": {"starting_lr": 0.005, "momentum": 0.95, "weight_decay": 0.001, "steps_per_iteration": null, "pin": false, "model_creator": null, "target_batch_size": 1024, "model_string": "resnet18", "min_batch_size": 512, "dataset": "CIFAR", "placement": null, "use_nccl": true, "devices_per_worker": 1, "primary_resource": "extra_gpu", "gpu": false, "verbose": false, "lr_config": {"mode": "log", "steps": 5, "initial_lr": 0.005, "target_lr": 0.005}, "batch_per_device": 1024}, "time_since_restore": 53.83414268493652, "timesteps_since_restore": 0, "iterations_since_restore": 6, "mean_throughput": 7180.962631008971, "atoms": 1, "resource_time": 53.83414268493652}
{"apply": 0.008580899238586426, "batch_time": 0.13687222003936766, "d2h": 0.005119538307189942, "data_time": 0.045081493805865853, "fwd": 0.024479436874389648, "get_state_time_mean": NaN, "get_state_time_total": 0.0, "grad": 0.048424148559570314, "mean_accuracy": 0.5837999582290649, "mean_loss": 1.1555534294128418, "neg_mean_accuracy": -0.5837999582290649, "set_state_time_mean": NaN, "set_state_time_total": 0.0, "setup_model_time_mean": NaN, "setup_model_time_total": 0.0, "setup_proc_time_mean": NaN, "setup_proc_time_total": 0.0, "train_accuracy": 0.5884799957275391, "train_loss": 1.1439517475891112, "training_time_mean": NaN, "training_time_total": 0.0, "validation_time_mean": NaN, "validation_time_total": 0.0, "samples": 60000, "num_workers": 1, "done": false, "timesteps_total": null, "episodes_total": null, "training_iteration": 7, "neg_mean_loss": -1.1555534294128418, "experiment_id": "2b853aca51314b358ec0e2a8ff75c2ef", "date": "2019-05-30_14-02-16", "timestamp": 1559250136, "time_this_iter_s": 8.63806676864624, "time_total_s": 62.472209453582764, "pid": 18250, "hostname": "steropes", "node_ip": "169.229.49.254", "config": {"starting_lr": 0.005, "momentum": 0.95, "weight_decay": 0.001, "steps_per_iteration": null, "pin": false, "model_creator": null, "target_batch_size": 1024, "model_string": "resnet18", "min_batch_size": 512, "dataset": "CIFAR", "placement": null, "use_nccl": true, "devices_per_worker": 1, "primary_resource": "extra_gpu", "gpu": false, "verbose": false, "lr_config": {"mode": "log", "steps": 5, "initial_lr": 0.005, "target_lr": 0.005}, "batch_per_device": 1024}, "time_since_restore": 62.472209453582764, "timesteps_since_restore": 0, "iterations_since_restore": 7, "mean_throughput": 7074.300816599175, "atoms": 1, "resource_time": 62.472209453582764}
{"apply": 0.008754706382751465, "batch_time": 0.12513437271118164, "d2h": 0.005744814872741699, "data_time": 0.04268478374091946, "fwd": 0.0223940372467041, "get_state_time_mean": NaN, "get_state_time_total": 0.0, "grad": 0.044362878799438475, "mean_accuracy": 0.6200000047683716, "mean_loss": 1.0593212301254273, "neg_mean_accuracy": -0.6200000047683716, "set_state_time_mean": NaN, "set_state_time_total": 0.0, "setup_model_time_mean": NaN, "setup_model_time_total": 0.0, "setup_proc_time_mean": NaN, "setup_proc_time_total": 0.0, "train_accuracy": 0.6079399585723877, "train_loss": 1.091206372795105, "training_time_mean": NaN, "training_time_total": 0.0, "validation_time_mean": NaN, "validation_time_total": 0.0, "samples": 60000, "num_workers": 1, "done": false, "timesteps_total": null, "episodes_total": null, "training_iteration": 8, "neg_mean_loss": -1.0593212301254273, "experiment_id": "2b853aca51314b358ec0e2a8ff75c2ef", "date": "2019-05-30_14-02-24", "timestamp": 1559250144, "time_this_iter_s": 8.307780742645264, "time_total_s": 70.77999019622803, "pid": 18250, "hostname": "steropes", "node_ip": "169.229.49.254", "config": {"starting_lr": 0.005, "momentum": 0.95, "weight_decay": 0.001, "steps_per_iteration": null, "pin": false, "model_creator": null, "target_batch_size": 1024, "model_string": "resnet18", "min_batch_size": 512, "dataset": "CIFAR", "placement": null, "use_nccl": true, "devices_per_worker": 1, "primary_resource": "extra_gpu", "gpu": false, "verbose": false, "lr_config": {"mode": "log", "steps": 5, "initial_lr": 0.005, "target_lr": 0.005}, "batch_per_device": 1024}, "time_since_restore": 70.77999019622803, "timesteps_since_restore": 0, "iterations_since_restore": 8, "mean_throughput": 7082.102528230352, "atoms": 1, "resource_time": 70.77999019622803}
{"apply": 0.008931660652160644, "batch_time": 0.14109127521514891, "d2h": 0.005269479751586914, "data_time": 0.05256085979695223, "fwd": 0.025976157188415526, "get_state_time_mean": NaN, "get_state_time_total": 0.0, "grad": 0.04980111122131348, "mean_accuracy": 0.6348999738693237, "mean_loss": 1.0198704916000365, "neg_mean_accuracy": -0.6348999738693237, "set_state_time_mean": NaN, "set_state_time_total": 0.0, "setup_model_time_mean": NaN, "setup_model_time_total": 0.0, "setup_proc_time_mean": NaN, "setup_proc_time_total": 0.0, "train_accuracy": 0.6191200017929077, "train_loss": 1.0546696786499024, "training_time_mean": NaN, "training_time_total": 0.0, "validation_time_mean": NaN, "validation_time_total": 0.0, "samples": 60000, "num_workers": 1, "done": false, "timesteps_total": null, "episodes_total": null, "training_iteration": 9, "neg_mean_loss": -1.0198704916000365, "experiment_id": "2b853aca51314b358ec0e2a8ff75c2ef", "date": "2019-05-30_14-02-33", "timestamp": 1559250153, "time_this_iter_s": 8.870628595352173, "time_total_s": 79.6506187915802, "pid": 18250, "hostname": "steropes", "node_ip": "169.229.49.254", "config": {"starting_lr": 0.005, "momentum": 0.95, "weight_decay": 0.001, "steps_per_iteration": null, "pin": false, "model_creator": null, "target_batch_size": 1024, "model_string": "resnet18", "min_batch_size": 512, "dataset": "CIFAR", "placement": null, "use_nccl": true, "devices_per_worker": 1, "primary_resource": "extra_gpu", "gpu": false, "verbose": false, "lr_config": {"mode": "log", "steps": 5, "initial_lr": 0.005, "target_lr": 0.005}, "batch_per_device": 1024}, "time_since_restore": 79.6506187915802, "timesteps_since_restore": 0, "iterations_since_restore": 9, "mean_throughput": 7000.824403886177, "atoms": 1, "resource_time": 79.6506187915802}
{"apply": 0.009116005897521973, "batch_time": 0.16207365989685057, "d2h": 0.006822657585144043, "data_time": 0.04524889770819216, "fwd": 0.02365128993988037, "get_state_time_mean": NaN, "get_state_time_total": 0.0, "grad": 0.050976133346557616, "mean_accuracy": 0.638700008392334, "mean_loss": 1.0128728303909302, "neg_mean_accuracy": -0.638700008392334, "set_state_time_mean": NaN, "set_state_time_total": 0.0, "setup_model_time_mean": NaN, "setup_model_time_total": 0.0, "setup_proc_time_mean": NaN, "setup_proc_time_total": 0.0, "train_accuracy": 0.6410599946975708, "train_loss": 1.0032069840621949, "training_time_mean": NaN, "training_time_total": 0.0, "validation_time_mean": NaN, "validation_time_total": 0.0, "samples": 60000, "num_workers": 1, "done": false, "timesteps_total": null, "episodes_total": null, "training_iteration": 10, "neg_mean_loss": -1.0128728303909302, "experiment_id": "2b853aca51314b358ec0e2a8ff75c2ef", "date": "2019-05-30_14-02-42", "timestamp": 1559250162, "time_this_iter_s": 9.028945922851562, "time_total_s": 88.67956471443176, "pid": 18250, "hostname": "steropes", "node_ip": "169.229.49.254", "config": {"starting_lr": 0.005, "momentum": 0.95, "weight_decay": 0.001, "steps_per_iteration": null, "pin": false, "model_creator": null, "target_batch_size": 1024, "model_string": "resnet18", "min_batch_size": 512, "dataset": "CIFAR", "placement": null, "use_nccl": true, "devices_per_worker": 1, "primary_resource": "extra_gpu", "gpu": false, "verbose": false, "lr_config": {"mode": "log", "steps": 5, "initial_lr": 0.005, "target_lr": 0.005}, "batch_per_device": 1024}, "time_since_restore": 88.67956471443176, "timesteps_since_restore": 0, "iterations_since_restore": 10, "mean_throughput": 6930.992734910478, "atoms": 1, "resource_time": 88.67956471443176}
{"apply": 0.009829878807067871, "batch_time": 0.1557849645614624, "d2h": 0.0062751293182373045, "data_time": 0.055015889965758034, "fwd": 0.027470493316650392, "get_state_time_mean": NaN, "get_state_time_total": 0.0, "grad": 0.048486876487731936, "mean_accuracy": 0.6509000062942505, "mean_loss": 0.9803085686683655, "neg_mean_accuracy": -0.6509000062942505, "set_state_time_mean": NaN, "set_state_time_total": 0.0, "setup_model_time_mean": NaN, "setup_model_time_total": 0.0, "setup_proc_time_mean": NaN, "setup_proc_time_total": 0.0, "train_accuracy": 0.6477599740028381, "train_loss": 0.9791568706130982, "training_time_mean": NaN, "training_time_total": 0.0, "validation_time_mean": NaN, "validation_time_total": 0.0, "samples": 60000, "num_workers": 1, "done": false, "timesteps_total": null, "episodes_total": null, "training_iteration": 11, "neg_mean_loss": -0.9803085686683655, "experiment_id": "2b853aca51314b358ec0e2a8ff75c2ef", "date": "2019-05-30_14-02-51", "timestamp": 1559250171, "time_this_iter_s": 9.100202083587646, "time_total_s": 97.77976679801941, "pid": 18250, "hostname": "steropes", "node_ip": "169.229.49.254", "config": {"starting_lr": 0.005, "momentum": 0.95, "weight_decay": 0.001, "steps_per_iteration": null, "pin": false, "model_creator": null, "target_batch_size": 1024, "model_string": "resnet18", "min_batch_size": 512, "dataset": "CIFAR", "placement": null, "use_nccl": true, "devices_per_worker": 1, "primary_resource": "extra_gpu", "gpu": false, "verbose": false, "lr_config": {"mode": "log", "steps": 5, "initial_lr": 0.005, "target_lr": 0.005}, "batch_per_device": 1024}, "time_since_restore": 97.77976679801941, "timesteps_since_restore": 0, "iterations_since_restore": 11, "mean_throughput": 6826.514892263301, "atoms": 1, "resource_time": 97.77976679801941}
{"apply": 0.007332038879394531, "batch_time": 0.11557767391204835, "d2h": 0.005441832542419434, "data_time": 0.052592272661170184, "fwd": 0.02135775089263916, "get_state_time_mean": NaN, "get_state_time_total": 0.0, "grad": 0.04275641441345215, "mean_accuracy": 0.6602999567985535, "mean_loss": 0.9650082961082459, "neg_mean_accuracy": -0.6602999567985535, "set_state_time_mean": NaN, "set_state_time_total": 0.0, "setup_model_time_mean": NaN, "setup_model_time_total": 0.0, "setup_proc_time_mean": NaN, "setup_proc_time_total": 0.0, "train_accuracy": 0.6618799567222595, "train_loss": 0.9464945504570007, "training_time_mean": NaN, "training_time_total": 0.0, "validation_time_mean": NaN, "validation_time_total": 0.0, "samples": 60000, "num_workers": 1, "done": false, "timesteps_total": null, "episodes_total": null, "training_iteration": 12, "neg_mean_loss": -0.9650082961082459, "experiment_id": "2b853aca51314b358ec0e2a8ff75c2ef", "date": "2019-05-30_14-02-59", "timestamp": 1559250179, "time_this_iter_s": 8.101175308227539, "time_total_s": 105.88094210624695, "pid": 18250, "hostname": "steropes", "node_ip": "169.229.49.254", "config": {"starting_lr": 0.005, "momentum": 0.95, "weight_decay": 0.001, "steps_per_iteration": null, "pin": false, "model_creator": null, "target_batch_size": 1024, "model_string": "resnet18", "min_batch_size": 512, "dataset": "CIFAR", "placement": null, "use_nccl": true, "devices_per_worker": 1, "primary_resource": "extra_gpu", "gpu": false, "verbose": false, "lr_config": {"mode": "log", "steps": 5, "initial_lr": 0.005, "target_lr": 0.005}, "batch_per_device": 1024}, "time_since_restore": 105.88094210624695, "timesteps_since_restore": 0, "iterations_since_restore": 12, "mean_throughput": 6910.986627655395, "atoms": 1, "resource_time": 105.88094210624695}
{"apply": 0.008001112937927246, "batch_time": 0.11655662059783936, "d2h": 0.005372977256774903, "data_time": 0.04343440581341179, "fwd": 0.02400965690612793, "get_state_time_mean": NaN, "get_state_time_total": 0.0, "grad": 0.0439035177230835, "mean_accuracy": 0.6650999784469604, "mean_loss": 0.9561522298812867, "neg_mean_accuracy": -0.6650999784469604, "set_state_time_mean": NaN, "set_state_time_total": 0.0, "setup_model_time_mean": NaN, "setup_model_time_total": 0.0, "setup_proc_time_mean": NaN, "setup_proc_time_total": 0.0, "train_accuracy": 0.6765599846839905, "train_loss": 0.9100771370697022, "training_time_mean": NaN, "training_time_total": 0.0, "validation_time_mean": NaN, "validation_time_total": 0.0, "samples": 60000, "num_workers": 1, "done": false, "timesteps_total": null, "episodes_total": null, "training_iteration": 13, "neg_mean_loss": -0.9561522298812867, "experiment_id": "2b853aca51314b358ec0e2a8ff75c2ef", "date": "2019-05-30_14-03-06", "timestamp": 1559250186, "time_this_iter_s": 7.239408016204834, "time_total_s": 113.12035012245178, "pid": 18250, "hostname": "steropes", "node_ip": "169.229.49.254", "config": {"starting_lr": 0.005, "momentum": 0.95, "weight_decay": 0.001, "steps_per_iteration": null, "pin": false, "model_creator": null, "target_batch_size": 1024, "model_string": "resnet18", "min_batch_size": 512, "dataset": "CIFAR", "placement": null, "use_nccl": true, "devices_per_worker": 1, "primary_resource": "extra_gpu", "gpu": false, "verbose": false, "lr_config": {"mode": "log", "steps": 5, "initial_lr": 0.005, "target_lr": 0.005}, "batch_per_device": 1024}, "time_since_restore": 113.12035012245178, "timesteps_since_restore": 0, "iterations_since_restore": 13, "mean_throughput": 7085.36873230757, "atoms": 1, "resource_time": 113.12035012245178}
{"apply": 0.007571721076965332, "batch_time": 0.1166428804397583, "d2h": 0.0045147895812988285, "data_time": 0.041799530691030075, "fwd": 0.020994353294372558, "get_state_time_mean": NaN, "get_state_time_total": 0.0, "grad": 0.04338901042938233, "mean_accuracy": 0.6761999726295471, "mean_loss": 0.9274396292686462, "neg_mean_accuracy": -0.6761999726295471, "set_state_time_mean": NaN, "set_state_time_total": 0.0, "setup_model_time_mean": NaN, "setup_model_time_total": 0.0, "setup_proc_time_mean": NaN, "setup_proc_time_total": 0.0, "train_accuracy": 0.6836000084877014, "train_loss": 0.8877247848320007, "training_time_mean": NaN, "training_time_total": 0.0, "validation_time_mean": NaN, "validation_time_total": 0.0, "samples": 60000, "num_workers": 1, "done": false, "timesteps_total": null, "episodes_total": null, "training_iteration": 14, "neg_mean_loss": -0.9274396292686462, "experiment_id": "2b853aca51314b358ec0e2a8ff75c2ef", "date": "2019-05-30_14-03-14", "timestamp": 1559250194, "time_this_iter_s": 7.203427076339722, "time_total_s": 120.3237771987915, "pid": 18250, "hostname": "steropes", "node_ip": "169.229.49.254", "config": {"starting_lr": 0.005, "momentum": 0.95, "weight_decay": 0.001, "steps_per_iteration": null, "pin": false, "model_creator": null, "target_batch_size": 1024, "model_string": "resnet18", "min_batch_size": 512, "dataset": "CIFAR", "placement": null, "use_nccl": true, "devices_per_worker": 1, "primary_resource": "extra_gpu", "gpu": false, "verbose": false, "lr_config": {"mode": "log", "steps": 5, "initial_lr": 0.005, "target_lr": 0.005}, "batch_per_device": 1024}, "time_since_restore": 120.3237771987915, "timesteps_since_restore": 0, "iterations_since_restore": 14, "mean_throughput": 7375.799458165985, "atoms": 1, "resource_time": 120.3237771987915}
{"apply": 0.007829904556274414, "batch_time": 0.11595818996429444, "d2h": 0.004903221130371093, "data_time": 0.04052966468188227, "fwd": 0.021636080741882325, "get_state_time_mean": NaN, "get_state_time_total": 0.0, "grad": 0.04320054054260254, "mean_accuracy": 0.6815999746322632, "mean_loss": 0.9056714478492737, "neg_mean_accuracy": -0.6815999746322632, "set_state_time_mean": NaN, "set_state_time_total": 0.0, "setup_model_time_mean": NaN, "setup_model_time_total": 0.0, "setup_proc_time_mean": NaN, "setup_proc_time_total": 0.0, "train_accuracy": 0.6904000043869019, "train_loss": 0.8653977731513977, "training_time_mean": NaN, "training_time_total": 0.0, "validation_time_mean": NaN, "validation_time_total": 0.0, "samples": 60000, "num_workers": 1, "done": false, "timesteps_total": null, "episodes_total": null, "training_iteration": 15, "neg_mean_loss": -0.9056714478492737, "experiment_id": "2b853aca51314b358ec0e2a8ff75c2ef", "date": "2019-05-30_14-03-21", "timestamp": 1559250201, "time_this_iter_s": 7.121251821517944, "time_total_s": 127.44502902030945, "pid": 18250, "hostname": "steropes", "node_ip": "169.229.49.254", "config": {"starting_lr": 0.005, "momentum": 0.95, "weight_decay": 0.001, "steps_per_iteration": null, "pin": false, "model_creator": null, "target_batch_size": 1024, "model_string": "resnet18", "min_batch_size": 512, "dataset": "CIFAR", "placement": null, "use_nccl": true, "devices_per_worker": 1, "primary_resource": "extra_gpu", "gpu": false, "verbose": false, "lr_config": {"mode": "log", "steps": 5, "initial_lr": 0.005, "target_lr": 0.005}, "batch_per_device": 1024}, "time_since_restore": 127.44502902030945, "timesteps_since_restore": 0, "iterations_since_restore": 15, "mean_throughput": 7738.767969682662, "atoms": 1, "resource_time": 127.44502902030945}
{"apply": 0.0073071479797363285, "batch_time": 0.11493580341339112, "d2h": 0.005317521095275879, "data_time": 0.04115015146683673, "fwd": 0.02138221263885498, "get_state_time_mean": NaN, "get_state_time_total": 0.0, "grad": 0.04397139549255371, "mean_accuracy": 0.6722999811172485, "mean_loss": 0.923766750240326, "neg_mean_accuracy": -0.6722999811172485, "set_state_time_mean": NaN, "set_state_time_total": 0.0, "setup_model_time_mean": NaN, "setup_model_time_total": 0.0, "setup_proc_time_mean": NaN, "setup_proc_time_total": 0.0, "train_accuracy": 0.7011799812316895, "train_loss": 0.8330150186347961, "training_time_mean": NaN, "training_time_total": 0.0, "validation_time_mean": NaN, "validation_time_total": 0.0, "samples": 60000, "num_workers": 1, "done": false, "timesteps_total": null, "episodes_total": null, "training_iteration": 16, "neg_mean_loss": -0.923766750240326, "experiment_id": "2b853aca51314b358ec0e2a8ff75c2ef", "date": "2019-05-30_14-03-28", "timestamp": 1559250208, "time_this_iter_s": 7.19700288772583, "time_total_s": 134.64203190803528, "pid": 18250, "hostname": "steropes", "node_ip": "169.229.49.254", "config": {"starting_lr": 0.005, "momentum": 0.95, "weight_decay": 0.001, "steps_per_iteration": null, "pin": false, "model_creator": null, "target_batch_size": 1024, "model_string": "resnet18", "min_batch_size": 512, "dataset": "CIFAR", "placement": null, "use_nccl": true, "devices_per_worker": 1, "primary_resource": "extra_gpu", "gpu": false, "verbose": false, "lr_config": {"mode": "log", "steps": 5, "initial_lr": 0.005, "target_lr": 0.005}, "batch_per_device": 1024}, "time_since_restore": 134.64203190803528, "timesteps_since_restore": 0, "iterations_since_restore": 16, "mean_throughput": 8138.314569459711, "atoms": 1, "resource_time": 134.64203190803528}
{"apply": 0.007683777809143066, "batch_time": 0.14150798320770264, "d2h": 0.005381464958190918, "data_time": 0.04736825884604941, "fwd": 0.026954960823059083, "get_state_time_mean": NaN, "get_state_time_total": 0.0, "grad": 0.044971585273742676, "mean_accuracy": 0.6994999647140503, "mean_loss": 0.8571175592422485, "neg_mean_accuracy": -0.6994999647140503, "set_state_time_mean": NaN, "set_state_time_total": 0.0, "setup_model_time_mean": NaN, "setup_model_time_total": 0.0, "setup_proc_time_mean": NaN, "setup_proc_time_total": 0.0, "train_accuracy": 0.7110799551010132, "train_loss": 0.8088395522880554, "training_time_mean": NaN, "training_time_total": 0.0, "validation_time_mean": NaN, "validation_time_total": 0.0, "samples": 60000, "num_workers": 1, "done": false, "timesteps_total": null, "episodes_total": null, "training_iteration": 17, "neg_mean_loss": -0.8571175592422485, "experiment_id": "2b853aca51314b358ec0e2a8ff75c2ef", "date": "2019-05-30_14-03-36", "timestamp": 1559250216, "time_this_iter_s": 8.263299226760864, "time_total_s": 142.90533113479614, "pid": 18250, "hostname": "steropes", "node_ip": "169.229.49.254", "config": {"starting_lr": 0.005, "momentum": 0.95, "weight_decay": 0.001, "steps_per_iteration": null, "pin": false, "model_creator": null, "target_batch_size": 1024, "model_string": "resnet18", "min_batch_size": 512, "dataset": "CIFAR", "placement": null, "use_nccl": true, "devices_per_worker": 1, "primary_resource": "extra_gpu", "gpu": false, "verbose": false, "lr_config": {"mode": "log", "steps": 5, "initial_lr": 0.005, "target_lr": 0.005}, "batch_per_device": 1024}, "time_since_restore": 142.90533113479614, "timesteps_since_restore": 0, "iterations_since_restore": 17, "mean_throughput": 8102.679824099205, "atoms": 1, "resource_time": 142.90533113479614}
{"apply": 0.007291960716247559, "batch_time": 0.12540757656097412, "d2h": 0.008024501800537109, "data_time": 0.0420895158028116, "fwd": 0.024434566497802734, "get_state_time_mean": NaN, "get_state_time_total": 0.0, "grad": 0.04655525684356689, "mean_accuracy": 0.6902999877929688, "mean_loss": 0.8778326662063599, "neg_mean_accuracy": -0.6902999877929688, "set_state_time_mean": NaN, "set_state_time_total": 0.0, "setup_model_time_mean": NaN, "setup_model_time_total": 0.0, "setup_proc_time_mean": NaN, "setup_proc_time_total": 0.0, "train_accuracy": 0.714199960231781, "train_loss": 0.7947125156211853, "training_time_mean": NaN, "training_time_total": 0.0, "validation_time_mean": NaN, "validation_time_total": 0.0, "samples": 60000, "num_workers": 1, "done": false, "timesteps_total": null, "episodes_total": null, "training_iteration": 18, "neg_mean_loss": -0.8778326662063599, "experiment_id": "2b853aca51314b358ec0e2a8ff75c2ef", "date": "2019-05-30_14-03-44", "timestamp": 1559250224, "time_this_iter_s": 7.946141004562378, "time_total_s": 150.85147213935852, "pid": 18250, "hostname": "steropes", "node_ip": "169.229.49.254", "config": {"starting_lr": 0.005, "momentum": 0.95, "weight_decay": 0.001, "steps_per_iteration": null, "pin": false, "model_creator": null, "target_batch_size": 1024, "model_string": "resnet18", "min_batch_size": 512, "dataset": "CIFAR", "placement": null, "use_nccl": true, "devices_per_worker": 1, "primary_resource": "extra_gpu", "gpu": false, "verbose": false, "lr_config": {"mode": "log", "steps": 5, "initial_lr": 0.005, "target_lr": 0.005}, "batch_per_device": 1024}, "time_since_restore": 150.85147213935852, "timesteps_since_restore": 0, "iterations_since_restore": 18, "mean_throughput": 7950.9135987771215, "atoms": 1, "resource_time": 150.85147213935852}
{"apply": 0.007536077499389648, "batch_time": 0.135731840133667, "d2h": 0.006155467033386231, "data_time": 0.04129137311662946, "fwd": 0.023460960388183592, "get_state_time_mean": NaN, "get_state_time_total": 0.0, "grad": 0.047416305541992186, "mean_accuracy": 0.6998999714851379, "mean_loss": 0.8702491938591004, "neg_mean_accuracy": -0.6998999714851379, "set_state_time_mean": NaN, "set_state_time_total": 0.0, "setup_model_time_mean": NaN, "setup_model_time_total": 0.0, "setup_proc_time_mean": NaN, "setup_proc_time_total": 0.0, "train_accuracy": 0.7224000096321106, "train_loss": 0.7767702688789367, "training_time_mean": NaN, "training_time_total": 0.0, "validation_time_mean": NaN, "validation_time_total": 0.0, "samples": 60000, "num_workers": 1, "done": false, "timesteps_total": null, "episodes_total": null, "training_iteration": 19, "neg_mean_loss": -0.8702491938591004, "experiment_id": "2b853aca51314b358ec0e2a8ff75c2ef", "date": "2019-05-30_14-03-52", "timestamp": 1559250232, "time_this_iter_s": 7.8421852588653564, "time_total_s": 158.69365739822388, "pid": 18250, "hostname": "steropes", "node_ip": "169.229.49.254", "config": {"starting_lr": 0.005, "momentum": 0.95, "weight_decay": 0.001, "steps_per_iteration": null, "pin": false, "model_creator": null, "target_batch_size": 1024, "model_string": "resnet18", "min_batch_size": 512, "dataset": "CIFAR", "placement": null, "use_nccl": true, "devices_per_worker": 1, "primary_resource": "extra_gpu", "gpu": false, "verbose": false, "lr_config": {"mode": "log", "steps": 5, "initial_lr": 0.005, "target_lr": 0.005}, "batch_per_device": 1024}, "time_since_restore": 158.69365739822388, "timesteps_since_restore": 0, "iterations_since_restore": 19, "mean_throughput": 7818.55385070509, "atoms": 1, "resource_time": 158.69365739822388}
{"apply": 0.007556772232055664, "batch_time": 0.13013820648193358, "d2h": 0.005446505546569824, "data_time": 0.044730580582910656, "fwd": 0.02491152286529541, "get_state_time_mean": NaN, "get_state_time_total": 0.0, "grad": 0.044371604919433594, "mean_accuracy": 0.7041999697685242, "mean_loss": 0.8371074527740479, "neg_mean_accuracy": -0.7041999697685242, "set_state_time_mean": NaN, "set_state_time_total": 0.0, "setup_model_time_mean": NaN, "setup_model_time_total": 0.0, "setup_proc_time_mean": NaN, "setup_proc_time_total": 0.0, "train_accuracy": 0.7295799851417542, "train_loss": 0.7588669701576233, "training_time_mean": NaN, "training_time_total": 0.0, "validation_time_mean": NaN, "validation_time_total": 0.0, "samples": 60000, "num_workers": 1, "done": false, "timesteps_total": null, "episodes_total": null, "training_iteration": 20, "neg_mean_loss": -0.8371074527740479, "experiment_id": "2b853aca51314b358ec0e2a8ff75c2ef", "date": "2019-05-30_14-04-00", "timestamp": 1559250240, "time_this_iter_s": 8.08731985092163, "time_total_s": 166.7809772491455, "pid": 18250, "hostname": "steropes", "node_ip": "169.229.49.254", "config": {"starting_lr": 0.005, "momentum": 0.95, "weight_decay": 0.001, "steps_per_iteration": null, "pin": false, "model_creator": null, "target_batch_size": 1024, "model_string": "resnet18", "min_batch_size": 512, "dataset": "CIFAR", "placement": null, "use_nccl": true, "devices_per_worker": 1, "primary_resource": "extra_gpu", "gpu": false, "verbose": false, "lr_config": {"mode": "log", "steps": 5, "initial_lr": 0.005, "target_lr": 0.005}, "batch_per_device": 1024}, "time_since_restore": 166.7809772491455, "timesteps_since_restore": 0, "iterations_since_restore": 20, "mean_throughput": 7626.536461914863, "atoms": 1, "resource_time": 166.7809772491455}
{"apply": 0.008083987236022949, "batch_time": 0.12156150341033936, "d2h": 0.005508160591125489, "data_time": 0.041868243898664205, "fwd": 0.0237018346786499, "get_state_time_mean": NaN, "get_state_time_total": 0.0, "grad": 0.04509093761444092, "mean_accuracy": 0.710599958896637, "mean_loss": 0.8321422534942627, "neg_mean_accuracy": -0.710599958896637, "set_state_time_mean": NaN, "set_state_time_total": 0.0, "setup_model_time_mean": NaN, "setup_model_time_total": 0.0, "setup_proc_time_mean": NaN, "setup_proc_time_total": 0.0, "train_accuracy": 0.7373999953269958, "train_loss": 0.7354040974998474, "training_time_mean": NaN, "training_time_total": 0.0, "validation_time_mean": NaN, "validation_time_total": 0.0, "samples": 60000, "num_workers": 1, "done": false, "timesteps_total": null, "episodes_total": null, "training_iteration": 21, "neg_mean_loss": -0.8321422534942627, "experiment_id": "2b853aca51314b358ec0e2a8ff75c2ef", "date": "2019-05-30_14-04-08", "timestamp": 1559250248, "time_this_iter_s": 7.672686576843262, "time_total_s": 174.45366382598877, "pid": 18250, "hostname": "steropes", "node_ip": "169.229.49.254", "config": {"starting_lr": 0.005, "momentum": 0.95, "weight_decay": 0.001, "steps_per_iteration": null, "pin": false, "model_creator": null, "target_batch_size": 1024, "model_string": "resnet18", "min_batch_size": 512, "dataset": "CIFAR", "placement": null, "use_nccl": true, "devices_per_worker": 1, "primary_resource": "extra_gpu", "gpu": false, "verbose": false, "lr_config": {"mode": "log", "steps": 5, "initial_lr": 0.005, "target_lr": 0.005}, "batch_per_device": 1024}, "time_since_restore": 174.45366382598877, "timesteps_since_restore": 0, "iterations_since_restore": 21, "mean_throughput": 7535.414194157092, "atoms": 1, "resource_time": 174.45366382598877}
{"apply": 0.010004353523254395, "batch_time": 0.1186943531036377, "d2h": 0.0049924135208129885, "data_time": 0.039751588081826966, "fwd": 0.031008291244506835, "get_state_time_mean": NaN, "get_state_time_total": 0.0, "grad": 0.05773868560791016, "mean_accuracy": 0.7080999612808228, "mean_loss": 0.8462658067703247, "neg_mean_accuracy": -0.7080999612808228, "set_state_time_mean": NaN, "set_state_time_total": 0.0, "setup_model_time_mean": NaN, "setup_model_time_total": 0.0, "setup_proc_time_mean": NaN, "setup_proc_time_total": 0.0, "train_accuracy": 0.7401599884033203, "train_loss": 0.7276724377059937, "training_time_mean": NaN, "training_time_total": 0.0, "validation_time_mean": NaN, "validation_time_total": 0.0, "samples": 60000, "num_workers": 1, "done": false, "timesteps_total": null, "episodes_total": null, "training_iteration": 22, "neg_mean_loss": -0.8462658067703247, "experiment_id": "2b853aca51314b358ec0e2a8ff75c2ef", "date": "2019-05-30_14-04-16", "timestamp": 1559250256, "time_this_iter_s": 7.86676025390625, "time_total_s": 182.32042407989502, "pid": 18250, "hostname": "steropes", "node_ip": "169.229.49.254", "config": {"starting_lr": 0.005, "momentum": 0.95, "weight_decay": 0.001, "steps_per_iteration": null, "pin": false, "model_creator": null, "target_batch_size": 1024, "model_string": "resnet18", "min_batch_size": 512, "dataset": "CIFAR", "placement": null, "use_nccl": true, "devices_per_worker": 1, "primary_resource": "extra_gpu", "gpu": false, "verbose": false, "lr_config": {"mode": "log", "steps": 5, "initial_lr": 0.005, "target_lr": 0.005}, "batch_per_device": 1024}, "time_since_restore": 182.32042407989502, "timesteps_since_restore": 0, "iterations_since_restore": 22, "mean_throughput": 7611.221943622681, "atoms": 1, "resource_time": 182.32042407989502}
{"apply": 0.008454322814941406, "batch_time": 0.12112727165222167, "d2h": 0.007025527954101563, "data_time": 0.04087451526096889, "fwd": 0.02403409481048584, "get_state_time_mean": NaN, "get_state_time_total": 0.0, "grad": 0.047542572021484375, "mean_accuracy": 0.7112999558448792, "mean_loss": 0.8196729736328126, "neg_mean_accuracy": -0.7112999558448792, "set_state_time_mean": NaN, "set_state_time_total": 0.0, "setup_model_time_mean": NaN, "setup_model_time_total": 0.0, "setup_proc_time_mean": NaN, "setup_proc_time_total": 0.0, "train_accuracy": 0.7499799728393555, "train_loss": 0.7022271798515319, "training_time_mean": NaN, "training_time_total": 0.0, "validation_time_mean": NaN, "validation_time_total": 0.0, "samples": 60000, "num_workers": 1, "done": false, "timesteps_total": null, "episodes_total": null, "training_iteration": 23, "neg_mean_loss": -0.8196729736328126, "experiment_id": "2b853aca51314b358ec0e2a8ff75c2ef", "date": "2019-05-30_14-04-23", "timestamp": 1559250263, "time_this_iter_s": 7.753728151321411, "time_total_s": 190.07415223121643, "pid": 18250, "hostname": "steropes", "node_ip": "169.229.49.254", "config": {"starting_lr": 0.005, "momentum": 0.95, "weight_decay": 0.001, "steps_per_iteration": null, "pin": false, "model_creator": null, "target_batch_size": 1024, "model_string": "resnet18", "min_batch_size": 512, "dataset": "CIFAR", "placement": null, "use_nccl": true, "devices_per_worker": 1, "primary_resource": "extra_gpu", "gpu": false, "verbose": false, "lr_config": {"mode": "log", "steps": 5, "initial_lr": 0.005, "target_lr": 0.005}, "batch_per_device": 1024}, "time_since_restore": 190.07415223121643, "timesteps_since_restore": 0, "iterations_since_restore": 23, "mean_throughput": 7648.558932853535, "atoms": 1, "resource_time": 190.07415223121643}
{"apply": 0.008044719696044922, "batch_time": 0.1234785795211792, "d2h": 0.005149149894714355, "data_time": 0.04628086576656419, "fwd": 0.02265212535858154, "get_state_time_mean": NaN, "get_state_time_total": 0.0, "grad": 0.044777512550354004, "mean_accuracy": 0.7200999855995178, "mean_loss": 0.8080517950057984, "neg_mean_accuracy": -0.7200999855995178, "set_state_time_mean": NaN, "set_state_time_total": 0.0, "setup_model_time_mean": NaN, "setup_model_time_total": 0.0, "setup_proc_time_mean": NaN, "setup_proc_time_total": 0.0, "train_accuracy": 0.7548999786376953, "train_loss": 0.6872737330055236, "training_time_mean": NaN, "training_time_total": 0.0, "validation_time_mean": NaN, "validation_time_total": 0.0, "samples": 60000, "num_workers": 1, "done": false, "timesteps_total": null, "episodes_total": null, "training_iteration": 24, "neg_mean_loss": -0.8080517950057984, "experiment_id": "2b853aca51314b358ec0e2a8ff75c2ef", "date": "2019-05-30_14-04-31", "timestamp": 1559250271, "time_this_iter_s": 7.861803293228149, "time_total_s": 197.93595552444458, "pid": 18250, "hostname": "steropes", "node_ip": "169.229.49.254", "config": {"starting_lr": 0.005, "momentum": 0.95, "weight_decay": 0.001, "steps_per_iteration": null, "pin": false, "model_creator": null, "target_batch_size": 1024, "model_string": "resnet18", "min_batch_size": 512, "dataset": "CIFAR", "placement": null, "use_nccl": true, "devices_per_worker": 1, "primary_resource": "extra_gpu", "gpu": false, "verbose": false, "lr_config": {"mode": "log", "steps": 5, "initial_lr": 0.005, "target_lr": 0.005}, "batch_per_device": 1024}, "time_since_restore": 197.93595552444458, "timesteps_since_restore": 0, "iterations_since_restore": 24, "mean_throughput": 7644.735159594334, "atoms": 1, "resource_time": 197.93595552444458}
{"apply": 0.007754850387573242, "batch_time": 0.11748151779174805, "d2h": 0.005091524124145508, "data_time": 0.044546278155579856, "fwd": 0.02161130905151367, "get_state_time_mean": NaN, "get_state_time_total": 0.0, "grad": 0.04391095638275146, "mean_accuracy": 0.7279999852180481, "mean_loss": 0.774807782649994, "neg_mean_accuracy": -0.7279999852180481, "set_state_time_mean": NaN, "set_state_time_total": 0.0, "setup_model_time_mean": NaN, "setup_model_time_total": 0.0, "setup_proc_time_mean": NaN, "setup_proc_time_total": 0.0, "train_accuracy": 0.7573800086975098, "train_loss": 0.6810890574645996, "training_time_mean": NaN, "training_time_total": 0.0, "validation_time_mean": NaN, "validation_time_total": 0.0, "samples": 60000, "num_workers": 1, "done": false, "timesteps_total": null, "episodes_total": null, "training_iteration": 25, "neg_mean_loss": -0.774807782649994, "experiment_id": "2b853aca51314b358ec0e2a8ff75c2ef", "date": "2019-05-30_14-04-39", "timestamp": 1559250279, "time_this_iter_s": 7.869877576828003, "time_total_s": 205.80583310127258, "pid": 18250, "hostname": "steropes", "node_ip": "169.229.49.254", "config": {"starting_lr": 0.005, "momentum": 0.95, "weight_decay": 0.001, "steps_per_iteration": null, "pin": false, "model_creator": null, "target_batch_size": 1024, "model_string": "resnet18", "min_batch_size": 512, "dataset": "CIFAR", "placement": null, "use_nccl": true, "devices_per_worker": 1, "primary_resource": "extra_gpu", "gpu": false, "verbose": false, "lr_config": {"mode": "log", "steps": 5, "initial_lr": 0.005, "target_lr": 0.005}, "batch_per_device": 1024}, "time_since_restore": 205.80583310127258, "timesteps_since_restore": 0, "iterations_since_restore": 25, "mean_throughput": 7687.330411939994, "atoms": 1, "resource_time": 205.80583310127258}
{"apply": 0.00739598274230957, "batch_time": 0.14231839179992675, "d2h": 0.004963040351867676, "data_time": 0.0527744536497155, "fwd": 0.027134084701538087, "get_state_time_mean": NaN, "get_state_time_total": 0.0, "grad": 0.05278997421264649, "mean_accuracy": 0.7319999933242798, "mean_loss": 0.7748594374656678, "neg_mean_accuracy": -0.7319999933242798, "set_state_time_mean": NaN, "set_state_time_total": 0.0, "setup_model_time_mean": NaN, "setup_model_time_total": 0.0, "setup_proc_time_mean": NaN, "setup_proc_time_total": 0.0, "train_accuracy": 0.762939989566803, "train_loss": 0.6633991433525085, "training_time_mean": NaN, "training_time_total": 0.0, "validation_time_mean": NaN, "validation_time_total": 0.0, "samples": 60000, "num_workers": 1, "done": false, "timesteps_total": null, "episodes_total": null, "training_iteration": 26, "neg_mean_loss": -0.7748594374656678, "experiment_id": "2b853aca51314b358ec0e2a8ff75c2ef", "date": "2019-05-30_14-04-48", "timestamp": 1559250288, "time_this_iter_s": 8.606718301773071, "time_total_s": 214.41255140304565, "pid": 18250, "hostname": "steropes", "node_ip": "169.229.49.254", "config": {"starting_lr": 0.005, "momentum": 0.95, "weight_decay": 0.001, "steps_per_iteration": null, "pin": false, "model_creator": null, "target_batch_size": 1024, "model_string": "resnet18", "min_batch_size": 512, "dataset": "CIFAR", "placement": null, "use_nccl": true, "devices_per_worker": 1, "primary_resource": "extra_gpu", "gpu": false, "verbose": false, "lr_config": {"mode": "log", "steps": 5, "initial_lr": 0.005, "target_lr": 0.005}, "batch_per_device": 1024}, "time_since_restore": 214.41255140304565, "timesteps_since_restore": 0, "iterations_since_restore": 26, "mean_throughput": 7507.642060998733, "atoms": 1, "resource_time": 214.41255140304565}
{"apply": 0.007582330703735351, "batch_time": 0.12483949661254883, "d2h": 0.006374096870422364, "data_time": 0.04467946169327716, "fwd": 0.02711188793182373, "get_state_time_mean": NaN, "get_state_time_total": 0.0, "grad": 0.05000524520874024, "mean_accuracy": 0.7398999929428101, "mean_loss": 0.7445736773490905, "neg_mean_accuracy": -0.7398999929428101, "set_state_time_mean": NaN, "set_state_time_total": 0.0, "setup_model_time_mean": NaN, "setup_model_time_total": 0.0, "setup_proc_time_mean": NaN, "setup_proc_time_total": 0.0, "train_accuracy": 0.7680799961090088, "train_loss": 0.6479293617820739, "training_time_mean": NaN, "training_time_total": 0.0, "validation_time_mean": NaN, "validation_time_total": 0.0, "samples": 60000, "num_workers": 1, "done": false, "timesteps_total": null, "episodes_total": null, "training_iteration": 27, "neg_mean_loss": -0.7445736773490905, "experiment_id": "2b853aca51314b358ec0e2a8ff75c2ef", "date": "2019-05-30_14-04-56", "timestamp": 1559250296, "time_this_iter_s": 7.918605327606201, "time_total_s": 222.33115673065186, "pid": 18250, "hostname": "steropes", "node_ip": "169.229.49.254", "config": {"starting_lr": 0.005, "momentum": 0.95, "weight_decay": 0.001, "steps_per_iteration": null, "pin": false, "model_creator": null, "target_batch_size": 1024, "model_string": "resnet18", "min_batch_size": 512, "dataset": "CIFAR", "placement": null, "use_nccl": true, "devices_per_worker": 1, "primary_resource": "extra_gpu", "gpu": false, "verbose": false, "lr_config": {"mode": "log", "steps": 5, "initial_lr": 0.005, "target_lr": 0.005}, "batch_per_device": 1024}, "time_since_restore": 222.33115673065186, "timesteps_since_restore": 0, "iterations_since_restore": 27, "mean_throughput": 7497.916055764674, "atoms": 1, "resource_time": 222.33115673065186}
{"apply": 0.007468080520629883, "batch_time": 0.12073359489440919, "d2h": 0.003530251979827881, "data_time": 0.01343247111962766, "fwd": 0.04633882045745849, "get_state_time_mean": NaN, "get_state_time_total": 0.0, "grad": 0.10724289417266847, "mean_accuracy": 0.7346000075340271, "mean_loss": 0.7847425492286682, "neg_mean_accuracy": -0.7346000075340271, "set_state_time_mean": 3.313870429992676, "set_state_time_total": 3.313870429992676, "setup_model_time_mean": 10.307164788246155, "setup_model_time_total": 10.307164788246155, "setup_proc_time_mean": 0.819774866104126, "setup_proc_time_total": 0.819774866104126, "train_accuracy": 0.7761399745941162, "train_loss": 0.629126497926712, "training_time_mean": NaN, "training_time_total": 0.0, "validation_time_mean": NaN, "validation_time_total": 0.0, "samples": 60000, "num_workers": 2, "done": false, "timesteps_total": null, "episodes_total": null, "training_iteration": 28, "neg_mean_loss": -0.7847425492286682, "experiment_id": "2b853aca51314b358ec0e2a8ff75c2ef", "date": "2019-05-30_14-05-23", "timestamp": 1559250323, "time_this_iter_s": 8.191744804382324, "time_total_s": 230.52290153503418, "pid": 24716, "hostname": "steropes", "node_ip": "169.229.49.254", "config": {"starting_lr": 0.005, "momentum": 0.95, "weight_decay": 0.001, "steps_per_iteration": null, "pin": false, "model_creator": null, "target_batch_size": 1024, "model_string": "resnet18", "min_batch_size": 512, "dataset": "CIFAR", "placement": null, "use_nccl": true, "devices_per_worker": 1, "primary_resource": "extra_gpu", "gpu": false, "verbose": false, "lr_config": {"mode": "log", "steps": 5, "initial_lr": 0.005, "target_lr": 0.005}, "batch_per_device": 512}, "time_since_restore": 8.191744804382324, "timesteps_since_restore": 0, "iterations_since_restore": 1, "mean_throughput": 7324.352057633152, "atoms": 2, "resource_time": 238.7146463394165}
{"apply": 0.007764899730682373, "batch_time": 0.08901405334472656, "d2h": 0.002701473236083984, "data_time": 0.012225598705058197, "fwd": 0.02024110555648804, "get_state_time_mean": NaN, "get_state_time_total": 0.0, "grad": 0.046356379985809326, "mean_accuracy": 0.7347999811172485, "mean_loss": 0.7754411612987518, "neg_mean_accuracy": -0.7347999811172485, "set_state_time_mean": NaN, "set_state_time_total": 0.0, "setup_model_time_mean": NaN, "setup_model_time_total": 0.0, "setup_proc_time_mean": NaN, "setup_proc_time_total": 0.0, "train_accuracy": 0.7747999429702759, "train_loss": 0.6336303772354126, "training_time_mean": NaN, "training_time_total": 0.0, "validation_time_mean": NaN, "validation_time_total": 0.0, "samples": 60000, "num_workers": 2, "done": false, "timesteps_total": null, "episodes_total": null, "training_iteration": 29, "neg_mean_loss": -0.7754411612987518, "experiment_id": "2b853aca51314b358ec0e2a8ff75c2ef", "date": "2019-05-30_14-05-29", "timestamp": 1559250329, "time_this_iter_s": 5.805745840072632, "time_total_s": 236.3286473751068, "pid": 24716, "hostname": "steropes", "node_ip": "169.229.49.254", "config": {"starting_lr": 0.005, "momentum": 0.95, "weight_decay": 0.001, "steps_per_iteration": null, "pin": false, "model_creator": null, "target_batch_size": 1024, "model_string": "resnet18", "min_batch_size": 512, "dataset": "CIFAR", "placement": null, "use_nccl": true, "devices_per_worker": 1, "primary_resource": "extra_gpu", "gpu": false, "verbose": false, "lr_config": {"mode": "log", "steps": 5, "initial_lr": 0.005, "target_lr": 0.005}, "batch_per_device": 512}, "time_since_restore": 13.997490644454956, "timesteps_since_restore": 0, "iterations_since_restore": 2, "mean_throughput": 8572.85640130051, "atoms": 2, "resource_time": 250.32613801956177}
{"apply": 0.007984602451324463, "batch_time": 0.09324047565460206, "d2h": 0.0034917593002319336, "data_time": 0.013286062649318149, "fwd": 0.019892561435699462, "get_state_time_mean": NaN, "get_state_time_total": 0.0, "grad": 0.04950549602508545, "mean_accuracy": 0.7360999584197998, "mean_loss": 0.7672299605369568, "neg_mean_accuracy": -0.7360999584197998, "set_state_time_mean": NaN, "set_state_time_total": 0.0, "setup_model_time_mean": NaN, "setup_model_time_total": 0.0, "setup_proc_time_mean": NaN, "setup_proc_time_total": 0.0, "train_accuracy": 0.781559944152832, "train_loss": 0.6102658458423615, "training_time_mean": NaN, "training_time_total": 0.0, "validation_time_mean": NaN, "validation_time_total": 0.0, "samples": 60000, "num_workers": 2, "done": false, "timesteps_total": null, "episodes_total": null, "training_iteration": 30, "neg_mean_loss": -0.7672299605369568, "experiment_id": "2b853aca51314b358ec0e2a8ff75c2ef", "date": "2019-05-30_14-05-35", "timestamp": 1559250335, "time_this_iter_s": 5.943406105041504, "time_total_s": 242.27205348014832, "pid": 24716, "hostname": "steropes", "node_ip": "169.229.49.254", "config": {"starting_lr": 0.005, "momentum": 0.95, "weight_decay": 0.001, "steps_per_iteration": null, "pin": false, "model_creator": null, "target_batch_size": 1024, "model_string": "resnet18", "min_batch_size": 512, "dataset": "CIFAR", "placement": null, "use_nccl": true, "devices_per_worker": 1, "primary_resource": "extra_gpu", "gpu": false, "verbose": false, "lr_config": {"mode": "log", "steps": 5, "initial_lr": 0.005, "target_lr": 0.005}, "batch_per_device": 512}, "time_since_restore": 19.94089674949646, "timesteps_since_restore": 0, "iterations_since_restore": 3, "mean_throughput": 9026.56056942455, "atoms": 2, "resource_time": 262.2129502296448}
{"apply": 0.007546317577362061, "batch_time": 0.09819095134735108, "d2h": 0.002580881118774414, "data_time": 0.011246170316423689, "fwd": 0.01695538759231567, "get_state_time_mean": NaN, "get_state_time_total": 0.0, "grad": 0.045331788063049314, "mean_accuracy": 0.7324000000953674, "mean_loss": 0.7915558491706848, "neg_mean_accuracy": -0.7324000000953674, "set_state_time_mean": NaN, "set_state_time_total": 0.0, "setup_model_time_mean": NaN, "setup_model_time_total": 0.0, "setup_proc_time_mean": NaN, "setup_proc_time_total": 0.0, "train_accuracy": 0.7859399318695068, "train_loss": 0.6018974039268494, "training_time_mean": NaN, "training_time_total": 0.0, "validation_time_mean": NaN, "validation_time_total": 0.0, "samples": 60000, "num_workers": 2, "done": false, "timesteps_total": null, "episodes_total": null, "training_iteration": 31, "neg_mean_loss": -0.7915558491706848, "experiment_id": "2b853aca51314b358ec0e2a8ff75c2ef", "date": "2019-05-30_14-05-41", "timestamp": 1559250341, "time_this_iter_s": 5.791248798370361, "time_total_s": 248.06330227851868, "pid": 24716, "hostname": "steropes", "node_ip": "169.229.49.254", "config": {"starting_lr": 0.005, "momentum": 0.95, "weight_decay": 0.001, "steps_per_iteration": null, "pin": false, "model_creator": null, "target_batch_size": 1024, "model_string": "resnet18", "min_batch_size": 512, "dataset": "CIFAR", "placement": null, "use_nccl": true, "devices_per_worker": 1, "primary_resource": "extra_gpu", "gpu": false, "verbose": false, "lr_config": {"mode": "log", "steps": 5, "initial_lr": 0.005, "target_lr": 0.005}, "batch_per_device": 512}, "time_since_restore": 25.73214554786682, "timesteps_since_restore": 0, "iterations_since_restore": 4, "mean_throughput": 9326.734910694528, "atoms": 2, "resource_time": 273.7954478263855}
{"apply": 0.0073542952537536625, "batch_time": 0.09110385179519653, "d2h": 0.0026543140411376953, "data_time": 0.011340425938976054, "fwd": 0.017751550674438475, "get_state_time_mean": NaN, "get_state_time_total": 0.0, "grad": 0.045440173149108885, "mean_accuracy": 0.7373999357223511, "mean_loss": 0.7788097779750824, "neg_mean_accuracy": -0.7373999357223511, "set_state_time_mean": NaN, "set_state_time_total": 0.0, "setup_model_time_mean": NaN, "setup_model_time_total": 0.0, "setup_proc_time_mean": NaN, "setup_proc_time_total": 0.0, "train_accuracy": 0.7884199619293213, "train_loss": 0.5908387471485138, "training_time_mean": NaN, "training_time_total": 0.0, "validation_time_mean": NaN, "validation_time_total": 0.0, "samples": 60000, "num_workers": 2, "done": false, "timesteps_total": null, "episodes_total": null, "training_iteration": 32, "neg_mean_loss": -0.7788097779750824, "experiment_id": "2b853aca51314b358ec0e2a8ff75c2ef", "date": "2019-05-30_14-05-46", "timestamp": 1559250346, "time_this_iter_s": 5.624010324478149, "time_total_s": 253.68731260299683, "pid": 24716, "hostname": "steropes", "node_ip": "169.229.49.254", "config": {"starting_lr": 0.005, "momentum": 0.95, "weight_decay": 0.001, "steps_per_iteration": null, "pin": false, "model_creator": null, "target_batch_size": 1024, "model_string": "resnet18", "min_batch_size": 512, "dataset": "CIFAR", "placement": null, "use_nccl": true, "devices_per_worker": 1, "primary_resource": "extra_gpu", "gpu": false, "verbose": false, "lr_config": {"mode": "log", "steps": 5, "initial_lr": 0.005, "target_lr": 0.005}, "batch_per_device": 512}, "time_since_restore": 31.35615587234497, "timesteps_since_restore": 0, "iterations_since_restore": 5, "mean_throughput": 9567.373615083901, "atoms": 2, "resource_time": 285.0434684753418}
{"apply": 0.007450473308563233, "batch_time": 0.09753485918045043, "d2h": 0.00265953540802002, "data_time": 0.011846965673018475, "fwd": 0.01671428680419922, "get_state_time_mean": NaN, "get_state_time_total": 0.0, "grad": 0.044980490207672114, "mean_accuracy": 0.7444999814033508, "mean_loss": 0.7601756670951844, "neg_mean_accuracy": -0.7444999814033508, "set_state_time_mean": NaN, "set_state_time_total": 0.0, "setup_model_time_mean": NaN, "setup_model_time_total": 0.0, "setup_proc_time_mean": NaN, "setup_proc_time_total": 0.0, "train_accuracy": 0.7960399985313416, "train_loss": 0.5725925185489654, "training_time_mean": NaN, "training_time_total": 0.0, "validation_time_mean": NaN, "validation_time_total": 0.0, "samples": 60000, "num_workers": 2, "done": false, "timesteps_total": null, "episodes_total": null, "training_iteration": 33, "neg_mean_loss": -0.7601756670951844, "experiment_id": "2b853aca51314b358ec0e2a8ff75c2ef", "date": "2019-05-30_14-05-52", "timestamp": 1559250352, "time_this_iter_s": 5.798099756240845, "time_total_s": 259.48541235923767, "pid": 24716, "hostname": "steropes", "node_ip": "169.229.49.254", "config": {"starting_lr": 0.005, "momentum": 0.95, "weight_decay": 0.001, "steps_per_iteration": null, "pin": false, "model_creator": null, "target_batch_size": 1024, "model_string": "resnet18", "min_batch_size": 512, "dataset": "CIFAR", "placement": null, "use_nccl": true, "devices_per_worker": 1, "primary_resource": "extra_gpu", "gpu": false, "verbose": false, "lr_config": {"mode": "log", "steps": 5, "initial_lr": 0.005, "target_lr": 0.005}, "batch_per_device": 512}, "time_since_restore": 37.154255628585815, "timesteps_since_restore": 0, "iterations_since_restore": 6, "mean_throughput": 10358.08239215342, "atoms": 2, "resource_time": 296.6396679878235}
{"apply": 0.007689917087554931, "batch_time": 0.10047234296798706, "d2h": 0.0035905718803405763, "data_time": 0.011506861569930096, "fwd": 0.018701112270355223, "get_state_time_mean": NaN, "get_state_time_total": 0.0, "grad": 0.045246446132659913, "mean_accuracy": 0.7436999678611755, "mean_loss": 0.7576125002861023, "neg_mean_accuracy": -0.7436999678611755, "set_state_time_mean": NaN, "set_state_time_total": 0.0, "setup_model_time_mean": NaN, "setup_model_time_total": 0.0, "setup_proc_time_mean": NaN, "setup_proc_time_total": 0.0, "train_accuracy": 0.7958999872207642, "train_loss": 0.5689871751308442, "training_time_mean": NaN, "training_time_total": 0.0, "validation_time_mean": NaN, "validation_time_total": 0.0, "samples": 60000, "num_workers": 2, "done": false, "timesteps_total": null, "episodes_total": null, "training_iteration": 34, "neg_mean_loss": -0.7576125002861023, "experiment_id": "2b853aca51314b358ec0e2a8ff75c2ef", "date": "2019-05-30_14-05-58", "timestamp": 1559250358, "time_this_iter_s": 5.888801574707031, "time_total_s": 265.3742139339447, "pid": 24716, "hostname": "steropes", "node_ip": "169.229.49.254", "config": {"starting_lr": 0.005, "momentum": 0.95, "weight_decay": 0.001, "steps_per_iteration": null, "pin": false, "model_creator": null, "target_batch_size": 1024, "model_string": "resnet18", "min_batch_size": 512, "dataset": "CIFAR", "placement": null, "use_nccl": true, "devices_per_worker": 1, "primary_resource": "extra_gpu", "gpu": false, "verbose": false, "lr_config": {"mode": "log", "steps": 5, "initial_lr": 0.005, "target_lr": 0.005}, "batch_per_device": 512}, "time_since_restore": 43.04305720329285, "timesteps_since_restore": 0, "iterations_since_restore": 7, "mean_throughput": 10328.4624233126, "atoms": 2, "resource_time": 308.41727113723755}
{"apply": 0.0076937913894653326, "batch_time": 0.09602837562561034, "d2h": 0.0026816964149475094, "data_time": 0.012490883165476273, "fwd": 0.018943417072296142, "get_state_time_mean": NaN, "get_state_time_total": 0.0, "grad": 0.04925727844238281, "mean_accuracy": 0.7495999932289124, "mean_loss": 0.7385941502094269, "neg_mean_accuracy": -0.7495999932289124, "set_state_time_mean": NaN, "set_state_time_total": 0.0, "setup_model_time_mean": NaN, "setup_model_time_total": 0.0, "setup_proc_time_mean": NaN, "setup_proc_time_total": 0.0, "train_accuracy": 0.8050599694252014, "train_loss": 0.5462215579605103, "training_time_mean": NaN, "training_time_total": 0.0, "validation_time_mean": NaN, "validation_time_total": 0.0, "samples": 60000, "num_workers": 2, "done": false, "timesteps_total": null, "episodes_total": null, "training_iteration": 35, "neg_mean_loss": -0.7385941502094269, "experiment_id": "2b853aca51314b358ec0e2a8ff75c2ef", "date": "2019-05-30_14-06-04", "timestamp": 1559250364, "time_this_iter_s": 5.832745313644409, "time_total_s": 271.2069592475891, "pid": 24716, "hostname": "steropes", "node_ip": "169.229.49.254", "config": {"starting_lr": 0.005, "momentum": 0.95, "weight_decay": 0.001, "steps_per_iteration": null, "pin": false, "model_creator": null, "target_batch_size": 1024, "model_string": "resnet18", "min_batch_size": 512, "dataset": "CIFAR", "placement": null, "use_nccl": true, "devices_per_worker": 1, "primary_resource": "extra_gpu", "gpu": false, "verbose": false, "lr_config": {"mode": "log", "steps": 5, "initial_lr": 0.005, "target_lr": 0.005}, "batch_per_device": 512}, "time_since_restore": 48.875802516937256, "timesteps_since_restore": 0, "iterations_since_restore": 8, "mean_throughput": 10367.961639048184, "atoms": 2, "resource_time": 320.08276176452637}
{"apply": 0.007439827919006347, "batch_time": 0.09333614110946656, "d2h": 0.002903878688812256, "data_time": 0.012484599132927097, "fwd": 0.017230474948883058, "get_state_time_mean": NaN, "get_state_time_total": 0.0, "grad": 0.04785079956054687, "mean_accuracy": 0.7508000135421753, "mean_loss": 0.7391193606376648, "neg_mean_accuracy": -0.7508000135421753, "set_state_time_mean": NaN, "set_state_time_total": 0.0, "setup_model_time_mean": NaN, "setup_model_time_total": 0.0, "setup_proc_time_mean": NaN, "setup_proc_time_total": 0.0, "train_accuracy": 0.8056999444961548, "train_loss": 0.5411027386140823, "training_time_mean": NaN, "training_time_total": 0.0, "validation_time_mean": NaN, "validation_time_total": 0.0, "samples": 60000, "num_workers": 2, "done": false, "timesteps_total": null, "episodes_total": null, "training_iteration": 36, "neg_mean_loss": -0.7391193606376648, "experiment_id": "2b853aca51314b358ec0e2a8ff75c2ef", "date": "2019-05-30_14-06-10", "timestamp": 1559250370, "time_this_iter_s": 5.835415363311768, "time_total_s": 277.0423746109009, "pid": 24716, "hostname": "steropes", "node_ip": "169.229.49.254", "config": {"starting_lr": 0.005, "momentum": 0.95, "weight_decay": 0.001, "steps_per_iteration": null, "pin": false, "model_creator": null, "target_batch_size": 1024, "model_string": "resnet18", "min_batch_size": 512, "dataset": "CIFAR", "placement": null, "use_nccl": true, "devices_per_worker": 1, "primary_resource": "extra_gpu", "gpu": false, "verbose": false, "lr_config": {"mode": "log", "steps": 5, "initial_lr": 0.005, "target_lr": 0.005}, "batch_per_device": 512}, "time_since_restore": 54.71121788024902, "timesteps_since_restore": 0, "iterations_since_restore": 9, "mean_throughput": 10352.161388947105, "atoms": 2, "resource_time": 331.7535924911499}
{"apply": 0.007452058792114258, "batch_time": 0.10723507404327393, "d2h": 0.0029870390892028807, "data_time": 0.011655895077452367, "fwd": 0.018488943576812744, "get_state_time_mean": NaN, "get_state_time_total": 0.0, "grad": 0.049750137329101565, "mean_accuracy": 0.7450000047683716, "mean_loss": 0.7553609683990479, "neg_mean_accuracy": -0.7450000047683716, "set_state_time_mean": NaN, "set_state_time_total": 0.0, "setup_model_time_mean": NaN, "setup_model_time_total": 0.0, "setup_proc_time_mean": NaN, "setup_proc_time_total": 0.0, "train_accuracy": 0.8104199767112732, "train_loss": 0.5301643472290039, "training_time_mean": NaN, "training_time_total": 0.0, "validation_time_mean": NaN, "validation_time_total": 0.0, "samples": 60000, "num_workers": 2, "done": false, "timesteps_total": null, "episodes_total": null, "training_iteration": 37, "neg_mean_loss": -0.7553609683990479, "experiment_id": "2b853aca51314b358ec0e2a8ff75c2ef", "date": "2019-05-30_14-06-15", "timestamp": 1559250375, "time_this_iter_s": 5.8679046630859375, "time_total_s": 282.9102792739868, "pid": 24716, "hostname": "steropes", "node_ip": "169.229.49.254", "config": {"starting_lr": 0.005, "momentum": 0.95, "weight_decay": 0.001, "steps_per_iteration": null, "pin": false, "model_creator": null, "target_batch_size": 1024, "model_string": "resnet18", "min_batch_size": 512, "dataset": "CIFAR", "placement": null, "use_nccl": true, "devices_per_worker": 1, "primary_resource": "extra_gpu", "gpu": false, "verbose": false, "lr_config": {"mode": "log", "steps": 5, "initial_lr": 0.005, "target_lr": 0.005}, "batch_per_device": 512}, "time_since_restore": 60.57912254333496, "timesteps_since_restore": 0, "iterations_since_restore": 10, "mean_throughput": 10265.766505837104, "atoms": 2, "resource_time": 343.4894018173218}
{"apply": 0.007492053508758545, "batch_time": 0.09844888448715211, "d2h": 0.003459477424621582, "data_time": 0.011958533403824786, "fwd": 0.01746412515640259, "get_state_time_mean": NaN, "get_state_time_total": 0.0, "grad": 0.049343323707580565, "mean_accuracy": 0.7556999921798706, "mean_loss": 0.7327617053985596, "neg_mean_accuracy": -0.7556999921798706, "set_state_time_mean": NaN, "set_state_time_total": 0.0, "setup_model_time_mean": NaN, "setup_model_time_total": 0.0, "setup_proc_time_mean": NaN, "setup_proc_time_total": 0.0, "train_accuracy": 0.8093999624252319, "train_loss": 0.5326242140007018, "training_time_mean": NaN, "training_time_total": 0.0, "validation_time_mean": NaN, "validation_time_total": 0.0, "samples": 60000, "num_workers": 2, "done": false, "timesteps_total": null, "episodes_total": null, "training_iteration": 38, "neg_mean_loss": -0.7327617053985596, "experiment_id": "2b853aca51314b358ec0e2a8ff75c2ef", "date": "2019-05-30_14-06-21", "timestamp": 1559250381, "time_this_iter_s": 5.829038619995117, "time_total_s": 288.73931789398193, "pid": 24716, "hostname": "steropes", "node_ip": "169.229.49.254", "config": {"starting_lr": 0.005, "momentum": 0.95, "weight_decay": 0.001, "steps_per_iteration": null, "pin": false, "model_creator": null, "target_batch_size": 1024, "model_string": "resnet18", "min_batch_size": 512, "dataset": "CIFAR", "placement": null, "use_nccl": true, "devices_per_worker": 1, "primary_resource": "extra_gpu", "gpu": false, "verbose": false, "lr_config": {"mode": "log", "steps": 5, "initial_lr": 0.005, "target_lr": 0.005}, "batch_per_device": 512}, "time_since_restore": 66.40816116333008, "timesteps_since_restore": 0, "iterations_since_restore": 11, "mean_throughput": 10254.904913432896, "atoms": 2, "resource_time": 355.147479057312}
{"apply": 0.0080338716506958, "batch_time": 0.08974797725677491, "d2h": 0.0027066826820373534, "data_time": 0.0118230119043467, "fwd": 0.01755751371383667, "get_state_time_mean": NaN, "get_state_time_total": 0.0, "grad": 0.045070481300354, "mean_accuracy": 0.7599999904632568, "mean_loss": 0.728957942390442, "neg_mean_accuracy": -0.7599999904632568, "set_state_time_mean": NaN, "set_state_time_total": 0.0, "setup_model_time_mean": NaN, "setup_model_time_total": 0.0, "setup_proc_time_mean": NaN, "setup_proc_time_total": 0.0, "train_accuracy": 0.8179999589920044, "train_loss": 0.507006952123642, "training_time_mean": NaN, "training_time_total": 0.0, "validation_time_mean": NaN, "validation_time_total": 0.0, "samples": 60000, "num_workers": 2, "done": false, "timesteps_total": null, "episodes_total": null, "training_iteration": 39, "neg_mean_loss": -0.728957942390442, "experiment_id": "2b853aca51314b358ec0e2a8ff75c2ef", "date": "2019-05-30_14-06-27", "timestamp": 1559250387, "time_this_iter_s": 5.673996210098267, "time_total_s": 294.4133141040802, "pid": 24716, "hostname": "steropes", "node_ip": "169.229.49.254", "config": {"starting_lr": 0.005, "momentum": 0.95, "weight_decay": 0.001, "steps_per_iteration": null, "pin": false, "model_creator": null, "target_batch_size": 1024, "model_string": "resnet18", "min_batch_size": 512, "dataset": "CIFAR", "placement": null, "use_nccl": true, "devices_per_worker": 1, "primary_resource": "extra_gpu", "gpu": false, "verbose": false, "lr_config": {"mode": "log", "steps": 5, "initial_lr": 0.005, "target_lr": 0.005}, "batch_per_device": 512}, "time_since_restore": 72.08215737342834, "timesteps_since_restore": 0, "iterations_since_restore": 12, "mean_throughput": 10330.759268005046, "atoms": 2, "resource_time": 366.49547147750854}
{"apply": 0.007468962669372558, "batch_time": 0.09604861736297607, "d2h": 0.0035196900367736816, "data_time": 0.013287300966223891, "fwd": 0.01754937171936035, "get_state_time_mean": NaN, "get_state_time_total": 0.0, "grad": 0.045302414894104005, "mean_accuracy": 0.7537999749183655, "mean_loss": 0.7373166705131531, "neg_mean_accuracy": -0.7537999749183655, "set_state_time_mean": NaN, "set_state_time_total": 0.0, "setup_model_time_mean": NaN, "setup_model_time_total": 0.0, "setup_proc_time_mean": NaN, "setup_proc_time_total": 0.0, "train_accuracy": 0.820099949836731, "train_loss": 0.5005260335063935, "training_time_mean": NaN, "training_time_total": 0.0, "validation_time_mean": NaN, "validation_time_total": 0.0, "samples": 60000, "num_workers": 2, "done": false, "timesteps_total": null, "episodes_total": null, "training_iteration": 40, "neg_mean_loss": -0.7373166705131531, "experiment_id": "2b853aca51314b358ec0e2a8ff75c2ef", "date": "2019-05-30_14-06-33", "timestamp": 1559250393, "time_this_iter_s": 5.8071348667144775, "time_total_s": 300.2204489707947, "pid": 24716, "hostname": "steropes", "node_ip": "169.229.49.254", "config": {"starting_lr": 0.005, "momentum": 0.95, "weight_decay": 0.001, "steps_per_iteration": null, "pin": false, "model_creator": null, "target_batch_size": 1024, "model_string": "resnet18", "min_batch_size": 512, "dataset": "CIFAR", "placement": null, "use_nccl": true, "devices_per_worker": 1, "primary_resource": "extra_gpu", "gpu": false, "verbose": false, "lr_config": {"mode": "log", "steps": 5, "initial_lr": 0.005, "target_lr": 0.005}, "batch_per_device": 512}, "time_since_restore": 77.88929224014282, "timesteps_since_restore": 0, "iterations_since_restore": 13, "mean_throughput": 10339.879550859707, "atoms": 2, "resource_time": 378.1097412109375}
{"apply": 0.008174383640289306, "batch_time": 0.0981697678565979, "d2h": 0.0030410408973693846, "data_time": 0.012567476350433971, "fwd": 0.018115997314453125, "get_state_time_mean": NaN, "get_state_time_total": 0.0, "grad": 0.05159754753112793, "mean_accuracy": 0.7512999773025513, "mean_loss": 0.7750082060813903, "neg_mean_accuracy": -0.7512999773025513, "set_state_time_mean": NaN, "set_state_time_total": 0.0, "setup_model_time_mean": NaN, "setup_model_time_total": 0.0, "setup_proc_time_mean": NaN, "setup_proc_time_total": 0.0, "train_accuracy": 0.8263399600982666, "train_loss": 0.48685771196365357, "training_time_mean": NaN, "training_time_total": 0.0, "validation_time_mean": NaN, "validation_time_total": 0.0, "samples": 60000, "num_workers": 2, "done": false, "timesteps_total": null, "episodes_total": null, "training_iteration": 41, "neg_mean_loss": -0.7750082060813903, "experiment_id": "2b853aca51314b358ec0e2a8ff75c2ef", "date": "2019-05-30_14-06-39", "timestamp": 1559250399, "time_this_iter_s": 5.970759868621826, "time_total_s": 306.1912088394165, "pid": 24716, "hostname": "steropes", "node_ip": "169.229.49.254", "config": {"starting_lr": 0.005, "momentum": 0.95, "weight_decay": 0.001, "steps_per_iteration": null, "pin": false, "model_creator": null, "target_batch_size": 1024, "model_string": "resnet18", "min_batch_size": 512, "dataset": "CIFAR", "placement": null, "use_nccl": true, "devices_per_worker": 1, "primary_resource": "extra_gpu", "gpu": false, "verbose": false, "lr_config": {"mode": "log", "steps": 5, "initial_lr": 0.005, "target_lr": 0.005}, "batch_per_device": 512}, "time_since_restore": 83.86005210876465, "timesteps_since_restore": 0, "iterations_since_restore": 14, "mean_throughput": 10291.870002998592, "atoms": 2, "resource_time": 390.05126094818115}
{"apply": 0.007886707782745361, "batch_time": 0.09930965900421143, "d2h": 0.002675068378448486, "data_time": 0.012068101337977817, "fwd": 0.01732848882675171, "get_state_time_mean": NaN, "get_state_time_total": 0.0, "grad": 0.046006965637207034, "mean_accuracy": 0.7526999711990356, "mean_loss": 0.7743208274364471, "neg_mean_accuracy": -0.7526999711990356, "set_state_time_mean": NaN, "set_state_time_total": 0.0, "setup_model_time_mean": NaN, "setup_model_time_total": 0.0, "setup_proc_time_mean": NaN, "setup_proc_time_total": 0.0, "train_accuracy": 0.8271999359130859, "train_loss": 0.48443469255924226, "training_time_mean": NaN, "training_time_total": 0.0, "validation_time_mean": NaN, "validation_time_total": 0.0, "samples": 60000, "num_workers": 2, "done": true, "timesteps_total": null, "episodes_total": null, "training_iteration": 42, "neg_mean_loss": -0.7743208274364471, "experiment_id": "2b853aca51314b358ec0e2a8ff75c2ef", "date": "2019-05-30_14-06-45", "timestamp": 1559250405, "time_this_iter_s": 5.822932481765747, "time_total_s": 312.01414132118225, "pid": 24716, "hostname": "steropes", "node_ip": "169.229.49.254", "config": {"starting_lr": 0.005, "momentum": 0.95, "weight_decay": 0.001, "steps_per_iteration": null, "pin": false, "model_creator": null, "target_batch_size": 1024, "model_string": "resnet18", "min_batch_size": 512, "dataset": "CIFAR", "placement": null, "use_nccl": true, "devices_per_worker": 1, "primary_resource": "extra_gpu", "gpu": false, "verbose": false, "lr_config": {"mode": "log", "steps": 5, "initial_lr": 0.005, "target_lr": 0.005}, "batch_per_device": 512}, "time_since_restore": 89.6829845905304, "timesteps_since_restore": 0, "iterations_since_restore": 15, "mean_throughput": 10307.76930505382, "atoms": 2, "resource_time": 401.69712591171265}
