{"apply": 0.01768505573272705, "batch_time": 0.04656072809726377, "d2h": 0.0006969213485717773, "data_time": 0.0018408572887215772, "fwd": 0.11518380641937256, "get_state_time_mean": NaN, "get_state_time_total": 0.0, "grad": 0.16244032382965087, "mean_accuracy": 0.10319999605417252, "mean_loss": 2.354859112930298, "neg_mean_accuracy": -0.10319999605417252, "set_state_time_mean": NaN, "set_state_time_total": 0.0, "setup_model_time_mean": 13.550081014633179, "setup_model_time_total": 13.550081014633179, "setup_proc_time_mean": 1.859006643295288, "setup_proc_time_total": 1.859006643295288, "train_accuracy": 0.10377999395132065, "train_loss": 4.25371178642273, "training_time_mean": NaN, "training_time_total": 0.0, "val_accuracy": 0.10319999605417252, "val_loss": 2.354859112930298, "validation_time_mean": NaN, "validation_time_total": 0.0, "samples": 60000, "num_workers": 1, "done": false, "timesteps_total": null, "episodes_total": null, "training_iteration": 1, "neg_mean_loss": -2.354859112930298, "experiment_id": "f7e8f49fbd964aafb6b8c1e426558349", "date": "2019-06-02_20-14-35", "timestamp": 1559531675, "time_this_iter_s": 46.47601389884949, "time_total_s": 46.47601389884949, "pid": 18832, "hostname": "steropes", "node_ip": "169.229.49.254", "config": {"starting_lr": 0.1, "momentum": 0.95, "weight_decay": 0.0005, "steps_per_iteration": null, "pin": false, "model_creator": null, "target_batch_size": 128, "model_string": "resnet50", "min_batch_size": 128, "dataset": "CIFAR", "placement": null, "use_nccl": true, "devices_per_worker": 1, "primary_resource": "extra_gpu", "gpu": false, "verbose": false, "lr_config": {"mode": "log", "steps": 5, "initial_lr": 0.1, "target_lr": 0.1}, "batch_per_device": 128}, "time_since_restore": 46.47601389884949, "timesteps_since_restore": 0, "iterations_since_restore": 1, "mean_throughput": 1290.9860477884763, "atoms": 1, "setup_time": 17.0847749710083}
{"apply": 0.01871347427368164, "batch_time": 0.03141884260539767, "d2h": 0.0006802558898925781, "data_time": 0.0017532046188783767, "fwd": 0.02826249599456787, "get_state_time_mean": NaN, "get_state_time_total": 0.0, "grad": 0.0486128568649292, "mean_accuracy": 0.16534999385476112, "mean_loss": 2.2093241212844847, "neg_mean_accuracy": -0.22749999165534973, "set_state_time_mean": NaN, "set_state_time_total": 0.0, "setup_model_time_mean": NaN, "setup_model_time_total": 0.0, "setup_proc_time_mean": NaN, "setup_proc_time_total": 0.0, "train_accuracy": 0.14085999131202698, "train_loss": 2.246816009750366, "training_time_mean": NaN, "training_time_total": 0.0, "val_accuracy": 0.22749999165534973, "val_loss": 2.0637891296386717, "validation_time_mean": NaN, "validation_time_total": 0.0, "samples": 60000, "num_workers": 1, "done": false, "timesteps_total": null, "episodes_total": null, "training_iteration": 2, "neg_mean_loss": -2.2093241212844847, "experiment_id": "f7e8f49fbd964aafb6b8c1e426558349", "date": "2019-06-02_20-15-16", "timestamp": 1559531716, "time_this_iter_s": 41.11896586418152, "time_total_s": 87.594979763031, "pid": 18832, "hostname": "steropes", "node_ip": "169.229.49.254", "config": {"starting_lr": 0.1, "momentum": 0.95, "weight_decay": 0.0005, "steps_per_iteration": null, "pin": false, "model_creator": null, "target_batch_size": 128, "model_string": "resnet50", "min_batch_size": 128, "dataset": "CIFAR", "placement": null, "use_nccl": true, "devices_per_worker": 1, "primary_resource": "extra_gpu", "gpu": false, "verbose": false, "lr_config": {"mode": "log", "steps": 5, "initial_lr": 0.1, "target_lr": 0.1}, "batch_per_device": 128}, "time_since_restore": 87.594979763031, "timesteps_since_restore": 0, "iterations_since_restore": 2, "mean_throughput": 1369.9387974772667, "atoms": 1, "setup_time": 17.0847749710083}
{"apply": 0.017560601234436035, "batch_time": 0.0313208797309972, "d2h": 0.0006709098815917969, "data_time": 0.0017735811755480364, "fwd": 0.028017306327819826, "get_state_time_mean": NaN, "get_state_time_total": 0.0, "grad": 0.048618102073669435, "mean_accuracy": 0.20893332610527673, "mean_loss": 2.0922462474823, "neg_mean_accuracy": -0.296099990606308, "set_state_time_mean": NaN, "set_state_time_total": 0.0, "setup_model_time_mean": NaN, "setup_model_time_total": 0.0, "setup_proc_time_mean": NaN, "setup_proc_time_total": 0.0, "train_accuracy": 0.24761998653411865, "train_loss": 1.9850047777557374, "training_time_mean": NaN, "training_time_total": 0.0, "val_accuracy": 0.296099990606308, "val_loss": 1.8580904998779297, "validation_time_mean": NaN, "validation_time_total": 0.0, "samples": 60000, "num_workers": 1, "done": true, "timesteps_total": null, "episodes_total": null, "training_iteration": 3, "neg_mean_loss": -2.0922462474823, "experiment_id": "f7e8f49fbd964aafb6b8c1e426558349", "date": "2019-06-02_20-15-57", "timestamp": 1559531757, "time_this_iter_s": 41.038058280944824, "time_total_s": 128.63303804397583, "pid": 18832, "hostname": "steropes", "node_ip": "169.229.49.254", "config": {"starting_lr": 0.1, "momentum": 0.95, "weight_decay": 0.0005, "steps_per_iteration": null, "pin": false, "model_creator": null, "target_batch_size": 128, "model_string": "resnet50", "min_batch_size": 128, "dataset": "CIFAR", "placement": null, "use_nccl": true, "devices_per_worker": 1, "primary_resource": "extra_gpu", "gpu": false, "verbose": false, "lr_config": {"mode": "log", "steps": 5, "initial_lr": 0.1, "target_lr": 0.1}, "batch_per_device": 128}, "time_since_restore": 128.63303804397583, "timesteps_since_restore": 0, "iterations_since_restore": 3, "mean_throughput": 1399.3252350107343, "atoms": 1, "setup_time": 17.0847749710083}
