{"apply": 0.018837547302246092, "batch_time": 0.04891616483277912, "d2h": 0.0006905317306518555, "data_time": 0.0018721571968644476, "fwd": 0.14914119243621826, "get_state_time_mean": NaN, "get_state_time_total": 0.0, "grad": 0.20530362129211427, "mean_accuracy": 0.09999999403953552, "mean_loss": 2.6090120178222658, "neg_mean_accuracy": -0.09999999403953552, "set_state_time_mean": NaN, "set_state_time_total": 0.0, "setup_model_time_mean": 18.65569519996643, "setup_model_time_total": 18.65569519996643, "setup_proc_time_mean": 1.6403977870941162, "setup_proc_time_total": 1.6403977870941162, "train_accuracy": 0.10291999578475952, "train_loss": 7.156566168518067, "training_time_mean": NaN, "training_time_total": 0.0, "val_accuracy": 0.09999999403953552, "val_loss": 2.6090120178222658, "validation_time_mean": NaN, "validation_time_total": 0.0, "samples": 60000, "num_workers": 1, "done": false, "timesteps_total": null, "episodes_total": null, "training_iteration": 1, "neg_mean_loss": -2.6090120178222658, "experiment_id": "268687d4b6b440e6a274775fd611c3c9", "date": "2019-06-03_22-06-11", "timestamp": 1559624771, "time_this_iter_s": 48.564372062683105, "time_total_s": 48.564372062683105, "pid": 6884, "hostname": "steropes", "node_ip": "169.229.49.254", "config": {"starting_lr": 0.1, "momentum": 0.997, "weight_decay": 0.0005, "steps_per_iteration": null, "pin": false, "model_creator": null, "target_batch_size": 128, "model_string": "resnet50", "min_batch_size": 128, "dataset": "CIFAR", "placement": null, "use_nccl": true, "devices_per_worker": 1, "primary_resource": "extra_gpu", "gpu": false, "verbose": false, "lr_config": {"mode": "log", "steps": 5, "initial_lr": 0.1, "target_lr": 0.1}, "batch_per_device": 128}, "time_since_restore": 48.564372062683105, "timesteps_since_restore": 0, "iterations_since_restore": 1, "mean_throughput": 1235.4713461944773, "atoms": 1, "setup_time": 20.391530752182007}
{"apply": 0.018827056884765624, "batch_time": 0.03142063225371928, "d2h": 0.0006641864776611329, "data_time": 0.0017742531378860669, "fwd": 0.02907099723815918, "get_state_time_mean": NaN, "get_state_time_total": 0.0, "grad": 0.04956939220428467, "mean_accuracy": 0.09639999642968178, "mean_loss": 334.0125691585541, "neg_mean_accuracy": -0.09279999881982803, "set_state_time_mean": NaN, "set_state_time_total": 0.0, "setup_model_time_mean": NaN, "setup_model_time_total": 0.0, "setup_proc_time_mean": NaN, "setup_proc_time_total": 0.0, "train_accuracy": 0.10221999883651733, "train_loss": 32.47993908813476, "training_time_mean": NaN, "training_time_total": 0.0, "val_accuracy": 0.09279999881982803, "val_loss": 665.4161262992859, "validation_time_mean": NaN, "validation_time_total": 0.0, "samples": 60000, "num_workers": 1, "done": false, "timesteps_total": null, "episodes_total": null, "training_iteration": 2, "neg_mean_loss": -334.0125691585541, "experiment_id": "268687d4b6b440e6a274775fd611c3c9", "date": "2019-06-03_22-06-53", "timestamp": 1559624813, "time_this_iter_s": 41.93404412269592, "time_total_s": 90.49841618537903, "pid": 6884, "hostname": "steropes", "node_ip": "169.229.49.254", "config": {"starting_lr": 0.1, "momentum": 0.997, "weight_decay": 0.0005, "steps_per_iteration": null, "pin": false, "model_creator": null, "target_batch_size": 128, "model_string": "resnet50", "min_batch_size": 128, "dataset": "CIFAR", "placement": null, "use_nccl": true, "devices_per_worker": 1, "primary_resource": "extra_gpu", "gpu": false, "verbose": false, "lr_config": {"mode": "log", "steps": 5, "initial_lr": 0.1, "target_lr": 0.1}, "batch_per_device": 128}, "time_since_restore": 90.49841618537903, "timesteps_since_restore": 0, "iterations_since_restore": 2, "mean_throughput": 1325.98530918557, "atoms": 1, "setup_time": 20.391530752182007}
{"apply": 0.02098829746246338, "batch_time": 0.03313346452350858, "d2h": 0.0006635665893554687, "data_time": 0.00178235936957552, "fwd": 0.03076143264770508, "get_state_time_mean": NaN, "get_state_time_total": 0.0, "grad": 0.049742698669433594, "mean_accuracy": 0.10026666273673375, "mean_loss": 1446.9347080848693, "neg_mean_accuracy": -0.10799999535083771, "set_state_time_mean": NaN, "set_state_time_total": 0.0, "setup_model_time_mean": NaN, "setup_model_time_total": 0.0, "setup_proc_time_mean": NaN, "setup_proc_time_total": 0.0, "train_accuracy": 0.10301999747753143, "train_loss": 199.15206210998537, "training_time_mean": NaN, "training_time_total": 0.0, "val_accuracy": 0.10799999535083771, "val_loss": 3672.7789859375, "validation_time_mean": NaN, "validation_time_total": 0.0, "samples": 60000, "num_workers": 1, "done": true, "timesteps_total": null, "episodes_total": null, "training_iteration": 3, "neg_mean_loss": -1446.9347080848693, "experiment_id": "268687d4b6b440e6a274775fd611c3c9", "date": "2019-06-03_22-07-35", "timestamp": 1559624855, "time_this_iter_s": 41.98586988449097, "time_total_s": 132.48428606987, "pid": 6884, "hostname": "steropes", "node_ip": "169.229.49.254", "config": {"starting_lr": 0.1, "momentum": 0.997, "weight_decay": 0.0005, "steps_per_iteration": null, "pin": false, "model_creator": null, "target_batch_size": 128, "model_string": "resnet50", "min_batch_size": 128, "dataset": "CIFAR", "placement": null, "use_nccl": true, "devices_per_worker": 1, "primary_resource": "extra_gpu", "gpu": false, "verbose": false, "lr_config": {"mode": "log", "steps": 5, "initial_lr": 0.1, "target_lr": 0.1}, "batch_per_device": 128}, "time_since_restore": 132.48428606987, "timesteps_since_restore": 0, "iterations_since_restore": 3, "mean_throughput": 1358.6475935406609, "atoms": 1, "setup_time": 20.391530752182007}
