{"apply": 0.017990303039550782, "batch_time": 0.044847026655945595, "d2h": 0.0006766557693481445, "data_time": 0.001825031417105204, "fwd": 0.11566748619079589, "get_state_time_mean": NaN, "get_state_time_total": 0.0, "grad": 0.2640449285507202, "mean_accuracy": 0.13490000367164612, "mean_loss": 19.202054120254516, "neg_mean_accuracy": -0.13490000367164612, "set_state_time_mean": NaN, "set_state_time_total": 0.0, "setup_model_time_mean": 10.782770872116089, "setup_model_time_total": 10.782770872116089, "setup_proc_time_mean": 1.866795539855957, "setup_proc_time_total": 1.866795539855957, "train_accuracy": 0.15133999288082123, "train_loss": 5.448662298431397, "training_time_mean": NaN, "training_time_total": 0.0, "val_accuracy": 0.13490000367164612, "val_loss": 19.202054120254516, "validation_time_mean": NaN, "validation_time_total": 0.0, "samples": 60000, "num_workers": 1, "done": false, "timesteps_total": null, "episodes_total": null, "training_iteration": 1, "neg_mean_loss": -19.202054120254516, "experiment_id": "2054a6bcc19847449a2897008c80785f", "date": "2019-06-03_04-38-04", "timestamp": 1559561884, "time_this_iter_s": 48.10387372970581, "time_total_s": 48.10387372970581, "pid": 17435, "hostname": "steropes", "node_ip": "169.229.49.254", "config": {"starting_lr": 0.01, "momentum": 0.99, "weight_decay": 0.0005, "steps_per_iteration": null, "pin": false, "model_creator": null, "target_batch_size": 128, "model_string": "resnet50", "min_batch_size": 128, "dataset": "CIFAR", "placement": null, "use_nccl": true, "devices_per_worker": 1, "primary_resource": "extra_gpu", "gpu": false, "verbose": false, "lr_config": {"mode": "log", "steps": 5, "initial_lr": 0.01, "target_lr": 0.01}, "batch_per_device": 128}, "time_since_restore": 48.10387372970581, "timesteps_since_restore": 0, "iterations_since_restore": 1, "mean_throughput": 1247.2984098702586, "atoms": 1, "setup_time": 16.321449279785156}
{"apply": 0.018860864639282226, "batch_time": 0.032098453256148324, "d2h": 0.0006881475448608399, "data_time": 0.001771007962239063, "fwd": 0.02863006591796875, "get_state_time_mean": NaN, "get_state_time_total": 0.0, "grad": 0.04849474430084229, "mean_accuracy": 0.18694999814033508, "mean_loss": 10.634416375923156, "neg_mean_accuracy": -0.23899999260902405, "set_state_time_mean": NaN, "set_state_time_total": 0.0, "setup_model_time_mean": NaN, "setup_model_time_total": 0.0, "setup_proc_time_mean": NaN, "setup_proc_time_total": 0.0, "train_accuracy": 0.17297999560832977, "train_loss": 2.2421163528060912, "training_time_mean": NaN, "training_time_total": 0.0, "val_accuracy": 0.23899999260902405, "val_loss": 2.066778631591797, "validation_time_mean": NaN, "validation_time_total": 0.0, "samples": 60000, "num_workers": 1, "done": false, "timesteps_total": null, "episodes_total": null, "training_iteration": 2, "neg_mean_loss": -10.634416375923156, "experiment_id": "2054a6bcc19847449a2897008c80785f", "date": "2019-06-03_04-38-45", "timestamp": 1559561925, "time_this_iter_s": 41.695040464401245, "time_total_s": 89.79891419410706, "pid": 17435, "hostname": "steropes", "node_ip": "169.229.49.254", "config": {"starting_lr": 0.01, "momentum": 0.99, "weight_decay": 0.0005, "steps_per_iteration": null, "pin": false, "model_creator": null, "target_batch_size": 128, "model_string": "resnet50", "min_batch_size": 128, "dataset": "CIFAR", "placement": null, "use_nccl": true, "devices_per_worker": 1, "primary_resource": "extra_gpu", "gpu": false, "verbose": false, "lr_config": {"mode": "log", "steps": 5, "initial_lr": 0.01, "target_lr": 0.01}, "batch_per_device": 128}, "time_since_restore": 89.79891419410706, "timesteps_since_restore": 0, "iterations_since_restore": 2, "mean_throughput": 1336.3164419677548, "atoms": 1, "setup_time": 16.321449279785156}
{"apply": 0.017944073677062987, "batch_time": 0.03255271911621094, "d2h": 0.0006999731063842774, "data_time": 0.0017822294893776974, "fwd": 0.02888598442077637, "get_state_time_mean": NaN, "get_state_time_total": 0.0, "grad": 0.04898498058319092, "mean_accuracy": 0.20199999709924063, "mean_loss": 7.757155164400736, "neg_mean_accuracy": -0.2320999950170517, "set_state_time_mean": NaN, "set_state_time_total": 0.0, "setup_model_time_mean": NaN, "setup_model_time_total": 0.0, "setup_proc_time_mean": NaN, "setup_proc_time_total": 0.0, "train_accuracy": 0.20295999944210052, "train_loss": 2.1056205562591552, "training_time_mean": NaN, "training_time_total": 0.0, "val_accuracy": 0.2320999950170517, "val_loss": 2.002632741355896, "validation_time_mean": NaN, "validation_time_total": 0.0, "samples": 60000, "num_workers": 1, "done": false, "timesteps_total": null, "episodes_total": null, "training_iteration": 3, "neg_mean_loss": -7.757155164400736, "experiment_id": "2054a6bcc19847449a2897008c80785f", "date": "2019-06-03_04-39-27", "timestamp": 1559561967, "time_this_iter_s": 41.39733171463013, "time_total_s": 131.19624590873718, "pid": 17435, "hostname": "steropes", "node_ip": "169.229.49.254", "config": {"starting_lr": 0.01, "momentum": 0.99, "weight_decay": 0.0005, "steps_per_iteration": null, "pin": false, "model_creator": null, "target_batch_size": 128, "model_string": "resnet50", "min_batch_size": 128, "dataset": "CIFAR", "placement": null, "use_nccl": true, "devices_per_worker": 1, "primary_resource": "extra_gpu", "gpu": false, "verbose": false, "lr_config": {"mode": "log", "steps": 5, "initial_lr": 0.01, "target_lr": 0.01}, "batch_per_device": 128}, "time_since_restore": 131.19624590873718, "timesteps_since_restore": 0, "iterations_since_restore": 3, "mean_throughput": 1371.9861461613316, "atoms": 1, "setup_time": 16.321449279785156}
{"apply": 0.019568657875061034, "batch_time": 0.03263240826280811, "d2h": 0.0007312774658203125, "data_time": 0.0017754623042348097, "fwd": 0.029398584365844728, "get_state_time_mean": NaN, "get_state_time_total": 0.0, "grad": 0.04863839149475098, "mean_accuracy": 0.2359749935567379, "mean_loss": 6.271192867422103, "neg_mean_accuracy": -0.33789998292922974, "set_state_time_mean": NaN, "set_state_time_total": 0.0, "setup_model_time_mean": NaN, "setup_model_time_total": 0.0, "setup_proc_time_mean": NaN, "setup_proc_time_total": 0.0, "train_accuracy": 0.26607999205589294, "train_loss": 1.961482646255493, "training_time_mean": NaN, "training_time_total": 0.0, "val_accuracy": 0.33789998292922974, "val_loss": 1.813305976486206, "validation_time_mean": NaN, "validation_time_total": 0.0, "samples": 60000, "num_workers": 1, "done": true, "timesteps_total": null, "episodes_total": null, "training_iteration": 4, "neg_mean_loss": -6.271192867422103, "experiment_id": "2054a6bcc19847449a2897008c80785f", "date": "2019-06-03_04-40-08", "timestamp": 1559562008, "time_this_iter_s": 41.100919246673584, "time_total_s": 172.29716515541077, "pid": 17435, "hostname": "steropes", "node_ip": "169.229.49.254", "config": {"starting_lr": 0.01, "momentum": 0.99, "weight_decay": 0.0005, "steps_per_iteration": null, "pin": false, "model_creator": null, "target_batch_size": 128, "model_string": "resnet50", "min_batch_size": 128, "dataset": "CIFAR", "placement": null, "use_nccl": true, "devices_per_worker": 1, "primary_resource": "extra_gpu", "gpu": false, "verbose": false, "lr_config": {"mode": "log", "steps": 5, "initial_lr": 0.01, "target_lr": 0.01}, "batch_per_device": 128}, "time_since_restore": 172.29716515541077, "timesteps_since_restore": 0, "iterations_since_restore": 4, "mean_throughput": 1392.9382220880677, "atoms": 1, "setup_time": 16.321449279785156}
