{"apply": 0.01755363941192627, "batch_time": 0.04308065885229956, "d2h": 0.0006723403930664062, "data_time": 0.0018785103507663894, "fwd": 0.11743052005767822, "get_state_time_mean": NaN, "get_state_time_total": 0.0, "grad": 0.21438956260681152, "mean_accuracy": 0.3181999921798706, "mean_loss": 1.9205682107925415, "neg_mean_accuracy": -0.3181999921798706, "set_state_time_mean": NaN, "set_state_time_total": 0.0, "setup_model_time_mean": 11.152037382125854, "setup_model_time_total": 11.152037382125854, "setup_proc_time_mean": 0.19639992713928223, "setup_proc_time_total": 0.19639992713928223, "train_accuracy": 0.2220200002193451, "train_loss": 2.287220853729248, "training_time_mean": NaN, "training_time_total": 0.0, "val_accuracy": 0.3181999921798706, "val_loss": 1.9205682107925415, "validation_time_mean": NaN, "validation_time_total": 0.0, "samples": 60000, "num_workers": 1, "done": false, "timesteps_total": null, "episodes_total": null, "training_iteration": 1, "neg_mean_loss": -1.9205682107925415, "experiment_id": "7463f22a41f74e6fb9d4c17f9f466ffb", "date": "2019-06-03_22-27-50", "timestamp": 1559626070, "time_this_iter_s": 46.74070334434509, "time_total_s": 46.74070334434509, "pid": 26252, "hostname": "steropes", "node_ip": "169.229.49.254", "config": {"starting_lr": 0.001, "momentum": 0.95, "weight_decay": 0.0001, "steps_per_iteration": null, "pin": false, "model_creator": null, "target_batch_size": 128, "model_string": "resnet50", "min_batch_size": 128, "dataset": "CIFAR", "placement": null, "use_nccl": true, "devices_per_worker": 1, "primary_resource": "extra_gpu", "gpu": false, "verbose": false, "lr_config": {"mode": "log", "steps": 5, "initial_lr": 0.001, "target_lr": 0.001}, "batch_per_device": 128}, "time_since_restore": 46.74070334434509, "timesteps_since_restore": 0, "iterations_since_restore": 1, "mean_throughput": 1283.6749478477263, "atoms": 1, "setup_time": 11.457227230072021}
{"apply": 0.017595839500427247, "batch_time": 0.03235126447074021, "d2h": 0.000664663314819336, "data_time": 0.001810715936333932, "fwd": 0.02809460163116455, "get_state_time_mean": NaN, "get_state_time_total": 0.0, "grad": 0.047662997245788576, "mean_accuracy": 0.35884998738765717, "mean_loss": 1.822598690032959, "neg_mean_accuracy": -0.3994999825954437, "set_state_time_mean": NaN, "set_state_time_total": 0.0, "setup_model_time_mean": NaN, "setup_model_time_total": 0.0, "setup_proc_time_mean": NaN, "setup_proc_time_total": 0.0, "train_accuracy": 0.32916000485420227, "train_loss": 1.8879372931289673, "training_time_mean": NaN, "training_time_total": 0.0, "val_accuracy": 0.3994999825954437, "val_loss": 1.7246291692733764, "validation_time_mean": NaN, "validation_time_total": 0.0, "samples": 60000, "num_workers": 1, "done": false, "timesteps_total": null, "episodes_total": null, "training_iteration": 2, "neg_mean_loss": -1.822598690032959, "experiment_id": "7463f22a41f74e6fb9d4c17f9f466ffb", "date": "2019-06-03_22-28-31", "timestamp": 1559626111, "time_this_iter_s": 41.01277279853821, "time_total_s": 87.7534761428833, "pid": 26252, "hostname": "steropes", "node_ip": "169.229.49.254", "config": {"starting_lr": 0.001, "momentum": 0.95, "weight_decay": 0.0001, "steps_per_iteration": null, "pin": false, "model_creator": null, "target_batch_size": 128, "model_string": "resnet50", "min_batch_size": 128, "dataset": "CIFAR", "placement": null, "use_nccl": true, "devices_per_worker": 1, "primary_resource": "extra_gpu", "gpu": false, "verbose": false, "lr_config": {"mode": "log", "steps": 5, "initial_lr": 0.001, "target_lr": 0.001}, "batch_per_device": 128}, "time_since_restore": 87.7534761428833, "timesteps_since_restore": 0, "iterations_since_restore": 2, "mean_throughput": 1367.4644545734027, "atoms": 1, "setup_time": 11.457227230072021}
{"apply": 0.017757201194763185, "batch_time": 0.03195488302013542, "d2h": 0.0006158590316772461, "data_time": 0.0018154830883835892, "fwd": 0.02810666561126709, "get_state_time_mean": NaN, "get_state_time_total": 0.0, "grad": 0.048365330696105956, "mean_accuracy": 0.3841666579246521, "mean_loss": 1.7471351163228352, "neg_mean_accuracy": -0.43479999899864197, "set_state_time_mean": NaN, "set_state_time_total": 0.0, "setup_model_time_mean": NaN, "setup_model_time_total": 0.0, "setup_proc_time_mean": NaN, "setup_proc_time_total": 0.0, "train_accuracy": 0.3855399787425995, "train_loss": 1.7107601656341553, "training_time_mean": NaN, "training_time_total": 0.0, "val_accuracy": 0.43479999899864197, "val_loss": 1.5962079689025879, "validation_time_mean": NaN, "validation_time_total": 0.0, "samples": 60000, "num_workers": 1, "done": false, "timesteps_total": null, "episodes_total": null, "training_iteration": 3, "neg_mean_loss": -1.7471351163228352, "experiment_id": "7463f22a41f74e6fb9d4c17f9f466ffb", "date": "2019-06-03_22-29-12", "timestamp": 1559626152, "time_this_iter_s": 41.00893712043762, "time_total_s": 128.76241326332092, "pid": 26252, "hostname": "steropes", "node_ip": "169.229.49.254", "config": {"starting_lr": 0.001, "momentum": 0.95, "weight_decay": 0.0001, "steps_per_iteration": null, "pin": false, "model_creator": null, "target_batch_size": 128, "model_string": "resnet50", "min_batch_size": 128, "dataset": "CIFAR", "placement": null, "use_nccl": true, "devices_per_worker": 1, "primary_resource": "extra_gpu", "gpu": false, "verbose": false, "lr_config": {"mode": "log", "steps": 5, "initial_lr": 0.001, "target_lr": 0.001}, "batch_per_device": 128}, "time_since_restore": 128.76241326332092, "timesteps_since_restore": 0, "iterations_since_restore": 3, "mean_throughput": 1397.9207685673935, "atoms": 1, "setup_time": 11.457227230072021}
{"apply": 0.019356274604797365, "batch_time": 0.033178284198422975, "d2h": 0.0006669759750366211, "data_time": 0.00178818324642718, "fwd": 0.029035329818725586, "get_state_time_mean": NaN, "get_state_time_total": 0.0, "grad": 0.04948728084564209, "mean_accuracy": 0.4026249870657921, "mean_loss": 1.6972824303150178, "neg_mean_accuracy": -0.45799997448921204, "set_state_time_mean": NaN, "set_state_time_total": 0.0, "setup_model_time_mean": NaN, "setup_model_time_total": 0.0, "setup_proc_time_mean": NaN, "setup_proc_time_total": 0.0, "train_accuracy": 0.4183399975299835, "train_loss": 1.6336468072891235, "training_time_mean": NaN, "training_time_total": 0.0, "val_accuracy": 0.45799997448921204, "val_loss": 1.547724372291565, "validation_time_mean": NaN, "validation_time_total": 0.0, "samples": 60000, "num_workers": 1, "done": false, "timesteps_total": null, "episodes_total": null, "training_iteration": 4, "neg_mean_loss": -1.6972824303150178, "experiment_id": "7463f22a41f74e6fb9d4c17f9f466ffb", "date": "2019-06-03_22-29-53", "timestamp": 1559626193, "time_this_iter_s": 41.08768653869629, "time_total_s": 169.8500998020172, "pid": 26252, "hostname": "steropes", "node_ip": "169.229.49.254", "config": {"starting_lr": 0.001, "momentum": 0.95, "weight_decay": 0.0001, "steps_per_iteration": null, "pin": false, "model_creator": null, "target_batch_size": 128, "model_string": "resnet50", "min_batch_size": 128, "dataset": "CIFAR", "placement": null, "use_nccl": true, "devices_per_worker": 1, "primary_resource": "extra_gpu", "gpu": false, "verbose": false, "lr_config": {"mode": "log", "steps": 5, "initial_lr": 0.001, "target_lr": 0.001}, "batch_per_device": 128}, "time_since_restore": 169.8500998020172, "timesteps_since_restore": 0, "iterations_since_restore": 4, "mean_throughput": 1413.0079410706098, "atoms": 1, "setup_time": 11.457227230072021}
{"apply": 0.01743183135986328, "batch_time": 0.031554952452454384, "d2h": 0.0006730794906616211, "data_time": 0.0017885009346105863, "fwd": 0.027942943572998046, "get_state_time_mean": NaN, "get_state_time_total": 0.0, "grad": 0.0488248348236084, "mean_accuracy": 0.4181199848651886, "mean_loss": 1.6558523262405394, "neg_mean_accuracy": -0.48009997606277466, "set_state_time_mean": NaN, "set_state_time_total": 0.0, "setup_model_time_mean": NaN, "setup_model_time_total": 0.0, "setup_proc_time_mean": NaN, "setup_proc_time_total": 0.0, "train_accuracy": 0.44485998153686523, "train_loss": 1.559482435874939, "training_time_mean": NaN, "training_time_total": 0.0, "val_accuracy": 0.48009997606277466, "val_loss": 1.490131909942627, "validation_time_mean": NaN, "validation_time_total": 0.0, "samples": 60000, "num_workers": 1, "done": false, "timesteps_total": null, "episodes_total": null, "training_iteration": 5, "neg_mean_loss": -1.6558523262405394, "experiment_id": "7463f22a41f74e6fb9d4c17f9f466ffb", "date": "2019-06-03_22-30-34", "timestamp": 1559626234, "time_this_iter_s": 41.10374689102173, "time_total_s": 210.95384669303894, "pid": 26252, "hostname": "steropes", "node_ip": "169.229.49.254", "config": {"starting_lr": 0.001, "momentum": 0.95, "weight_decay": 0.0001, "steps_per_iteration": null, "pin": false, "model_creator": null, "target_batch_size": 128, "model_string": "resnet50", "min_batch_size": 128, "dataset": "CIFAR", "placement": null, "use_nccl": true, "devices_per_worker": 1, "primary_resource": "extra_gpu", "gpu": false, "verbose": false, "lr_config": {"mode": "log", "steps": 5, "initial_lr": 0.001, "target_lr": 0.001}, "batch_per_device": 128}, "time_since_restore": 210.95384669303894, "timesteps_since_restore": 0, "iterations_since_restore": 5, "mean_throughput": 1422.1092955542001, "atoms": 1, "setup_time": 11.457227230072021}
{"apply": 0.01733386516571045, "batch_time": 0.03160293494598775, "d2h": 0.0006697893142700196, "data_time": 0.0018291808760074703, "fwd": 0.027939581871032716, "get_state_time_mean": NaN, "get_state_time_total": 0.0, "grad": 0.047776198387145995, "mean_accuracy": 0.45313998460769656, "mean_loss": 1.554571553955078, "neg_mean_accuracy": -0.4932999908924103, "set_state_time_mean": NaN, "set_state_time_total": 0.0, "setup_model_time_mean": NaN, "setup_model_time_total": 0.0, "setup_proc_time_mean": NaN, "setup_proc_time_total": 0.0, "train_accuracy": 0.46431997418403625, "train_loss": 1.504787876586914, "training_time_mean": NaN, "training_time_total": 0.0, "val_accuracy": 0.4932999908924103, "val_loss": 1.4141643493652343, "validation_time_mean": NaN, "validation_time_total": 0.0, "samples": 60000, "num_workers": 1, "done": false, "timesteps_total": null, "episodes_total": null, "training_iteration": 6, "neg_mean_loss": -1.554571553955078, "experiment_id": "7463f22a41f74e6fb9d4c17f9f466ffb", "date": "2019-06-03_22-31-15", "timestamp": 1559626275, "time_this_iter_s": 40.97263312339783, "time_total_s": 251.92647981643677, "pid": 26252, "hostname": "steropes", "node_ip": "169.229.49.254", "config": {"starting_lr": 0.001, "momentum": 0.95, "weight_decay": 0.0001, "steps_per_iteration": null, "pin": false, "model_creator": null, "target_batch_size": 128, "model_string": "resnet50", "min_batch_size": 128, "dataset": "CIFAR", "placement": null, "use_nccl": true, "devices_per_worker": 1, "primary_resource": "extra_gpu", "gpu": false, "verbose": false, "lr_config": {"mode": "log", "steps": 5, "initial_lr": 0.001, "target_lr": 0.001}, "batch_per_device": 128}, "time_since_restore": 251.92647981643677, "timesteps_since_restore": 0, "iterations_since_restore": 6, "mean_throughput": 1462.0869737216108, "atoms": 1, "setup_time": 11.457227230072021}
{"apply": 0.017498016357421875, "batch_time": 0.03175709821000884, "d2h": 0.0006404399871826171, "data_time": 0.0017985206125947215, "fwd": 0.027756547927856444, "get_state_time_mean": NaN, "get_state_time_total": 0.0, "grad": 0.04884891510009766, "mean_accuracy": 0.47409998774528506, "mean_loss": 1.4900655356597898, "neg_mean_accuracy": -0.5042999982833862, "set_state_time_mean": NaN, "set_state_time_total": 0.0, "setup_model_time_mean": NaN, "setup_model_time_total": 0.0, "setup_proc_time_mean": NaN, "setup_proc_time_total": 0.0, "train_accuracy": 0.4840399920940399, "train_loss": 1.4443549974822998, "training_time_mean": NaN, "training_time_total": 0.0, "val_accuracy": 0.5042999982833862, "val_loss": 1.402099077796936, "validation_time_mean": NaN, "validation_time_total": 0.0, "samples": 60000, "num_workers": 1, "done": false, "timesteps_total": null, "episodes_total": null, "training_iteration": 7, "neg_mean_loss": -1.4900655356597898, "experiment_id": "7463f22a41f74e6fb9d4c17f9f466ffb", "date": "2019-06-03_22-31-56", "timestamp": 1559626316, "time_this_iter_s": 41.180505990982056, "time_total_s": 293.1069858074188, "pid": 26252, "hostname": "steropes", "node_ip": "169.229.49.254", "config": {"starting_lr": 0.001, "momentum": 0.95, "weight_decay": 0.0001, "steps_per_iteration": null, "pin": false, "model_creator": null, "target_batch_size": 128, "model_string": "resnet50", "min_batch_size": 128, "dataset": "CIFAR", "placement": null, "use_nccl": true, "devices_per_worker": 1, "primary_resource": "extra_gpu", "gpu": false, "verbose": false, "lr_config": {"mode": "log", "steps": 5, "initial_lr": 0.001, "target_lr": 0.001}, "batch_per_device": 128}, "time_since_restore": 293.1069858074188, "timesteps_since_restore": 0, "iterations_since_restore": 7, "mean_throughput": 1460.8926959925661, "atoms": 1, "setup_time": 11.457227230072021}
{"apply": 0.01867704391479492, "batch_time": 0.03204702425606643, "d2h": 0.0006657838821411133, "data_time": 0.0018563118127300916, "fwd": 0.027804112434387206, "get_state_time_mean": NaN, "get_state_time_total": 0.0, "grad": 0.04801843166351318, "mean_accuracy": 0.48987998962402346, "mean_loss": 1.4492809513854978, "neg_mean_accuracy": -0.513700008392334, "set_state_time_mean": NaN, "set_state_time_total": 0.0, "setup_model_time_mean": NaN, "setup_model_time_total": 0.0, "setup_proc_time_mean": NaN, "setup_proc_time_total": 0.0, "train_accuracy": 0.5024999976158142, "train_loss": 1.3962533438110352, "training_time_mean": NaN, "training_time_total": 0.0, "val_accuracy": 0.513700008392334, "val_loss": 1.392285047531128, "validation_time_mean": NaN, "validation_time_total": 0.0, "samples": 60000, "num_workers": 1, "done": false, "timesteps_total": null, "episodes_total": null, "training_iteration": 8, "neg_mean_loss": -1.4492809513854978, "experiment_id": "7463f22a41f74e6fb9d4c17f9f466ffb", "date": "2019-06-03_22-32-37", "timestamp": 1559626357, "time_this_iter_s": 41.06160306930542, "time_total_s": 334.16858887672424, "pid": 26252, "hostname": "steropes", "node_ip": "169.229.49.254", "config": {"starting_lr": 0.001, "momentum": 0.95, "weight_decay": 0.0001, "steps_per_iteration": null, "pin": false, "model_creator": null, "target_batch_size": 128, "model_string": "resnet50", "min_batch_size": 128, "dataset": "CIFAR", "placement": null, "use_nccl": true, "devices_per_worker": 1, "primary_resource": "extra_gpu", "gpu": false, "verbose": false, "lr_config": {"mode": "log", "steps": 5, "initial_lr": 0.001, "target_lr": 0.001}, "batch_per_device": 128}, "time_since_restore": 334.16858887672424, "timesteps_since_restore": 0, "iterations_since_restore": 8, "mean_throughput": 1460.517562363657, "atoms": 1, "setup_time": 11.457227230072021}
{"apply": 0.017682552337646484, "batch_time": 0.0344490612609477, "d2h": 0.0006619930267333984, "data_time": 0.001846297622641639, "fwd": 0.027991414070129395, "get_state_time_mean": NaN, "get_state_time_total": 0.0, "grad": 0.04936378002166748, "mean_accuracy": 0.5034599959850311, "mean_loss": 1.4031447251510618, "neg_mean_accuracy": -0.5259000062942505, "set_state_time_mean": NaN, "set_state_time_total": 0.0, "setup_model_time_mean": NaN, "setup_model_time_total": 0.0, "setup_proc_time_mean": NaN, "setup_proc_time_total": 0.0, "train_accuracy": 0.51146000623703, "train_loss": 1.365903108444214, "training_time_mean": NaN, "training_time_total": 0.0, "val_accuracy": 0.5259000062942505, "val_loss": 1.3170432411193849, "validation_time_mean": NaN, "validation_time_total": 0.0, "samples": 60000, "num_workers": 1, "done": false, "timesteps_total": null, "episodes_total": null, "training_iteration": 9, "neg_mean_loss": -1.4031447251510618, "experiment_id": "7463f22a41f74e6fb9d4c17f9f466ffb", "date": "2019-06-03_22-33-19", "timestamp": 1559626399, "time_this_iter_s": 41.08484697341919, "time_total_s": 375.25343585014343, "pid": 26252, "hostname": "steropes", "node_ip": "169.229.49.254", "config": {"starting_lr": 0.001, "momentum": 0.95, "weight_decay": 0.0001, "steps_per_iteration": null, "pin": false, "model_creator": null, "target_batch_size": 128, "model_string": "resnet50", "min_batch_size": 128, "dataset": "CIFAR", "placement": null, "use_nccl": true, "devices_per_worker": 1, "primary_resource": "extra_gpu", "gpu": false, "verbose": false, "lr_config": {"mode": "log", "steps": 5, "initial_lr": 0.001, "target_lr": 0.001}, "batch_per_device": 128}, "time_since_restore": 375.25343585014343, "timesteps_since_restore": 0, "iterations_since_restore": 9, "mean_throughput": 1460.5377665700726, "atoms": 1, "setup_time": 11.457227230072021}
{"apply": 0.017364645004272462, "batch_time": 0.03186158892474597, "d2h": 0.0006570577621459961, "data_time": 0.001848121433306838, "fwd": 0.027804112434387206, "get_state_time_mean": NaN, "get_state_time_total": 0.0, "grad": 0.047072434425354005, "mean_accuracy": 0.5164200007915497, "mean_loss": 1.3631174550247194, "neg_mean_accuracy": -0.5449000000953674, "set_state_time_mean": NaN, "set_state_time_total": 0.0, "setup_model_time_mean": NaN, "setup_model_time_total": 0.0, "setup_proc_time_mean": NaN, "setup_proc_time_total": 0.0, "train_accuracy": 0.5248399972915649, "train_loss": 1.3354166014862061, "training_time_mean": NaN, "training_time_total": 0.0, "val_accuracy": 0.5449000000953674, "val_loss": 1.2899955593109131, "validation_time_mean": NaN, "validation_time_total": 0.0, "samples": 60000, "num_workers": 1, "done": false, "timesteps_total": null, "episodes_total": null, "training_iteration": 10, "neg_mean_loss": -1.3631174550247194, "experiment_id": "7463f22a41f74e6fb9d4c17f9f466ffb", "date": "2019-06-03_22-34-00", "timestamp": 1559626440, "time_this_iter_s": 40.945698261260986, "time_total_s": 416.1991341114044, "pid": 26252, "hostname": "steropes", "node_ip": "169.229.49.254", "config": {"starting_lr": 0.001, "momentum": 0.95, "weight_decay": 0.0001, "steps_per_iteration": null, "pin": false, "model_creator": null, "target_batch_size": 128, "model_string": "resnet50", "min_batch_size": 128, "dataset": "CIFAR", "placement": null, "use_nccl": true, "devices_per_worker": 1, "primary_resource": "extra_gpu", "gpu": false, "verbose": false, "lr_config": {"mode": "log", "steps": 5, "initial_lr": 0.001, "target_lr": 0.001}, "batch_per_device": 128}, "time_since_restore": 416.1991341114044, "timesteps_since_restore": 0, "iterations_since_restore": 10, "mean_throughput": 1461.6624951184017, "atoms": 1, "setup_time": 11.457227230072021}
{"apply": 0.017317962646484376, "batch_time": 0.03172367433958416, "d2h": 0.0006551504135131836, "data_time": 0.0018421317000523248, "fwd": 0.028012585639953614, "get_state_time_mean": NaN, "get_state_time_total": 0.0, "grad": 0.04930267333984375, "mean_accuracy": 0.5276999950408936, "mean_loss": 1.343381706542969, "neg_mean_accuracy": -0.5496999621391296, "set_state_time_mean": NaN, "set_state_time_total": 0.0, "setup_model_time_mean": NaN, "setup_model_time_total": 0.0, "setup_proc_time_mean": NaN, "setup_proc_time_total": 0.0, "train_accuracy": 0.5344399809837341, "train_loss": 1.3202759191131592, "training_time_mean": NaN, "training_time_total": 0.0, "val_accuracy": 0.5496999621391296, "val_loss": 1.315485606956482, "validation_time_mean": NaN, "validation_time_total": 0.0, "samples": 60000, "num_workers": 1, "done": false, "timesteps_total": null, "episodes_total": null, "training_iteration": 11, "neg_mean_loss": -1.343381706542969, "experiment_id": "7463f22a41f74e6fb9d4c17f9f466ffb", "date": "2019-06-03_22-34-40", "timestamp": 1559626480, "time_this_iter_s": 40.911640644073486, "time_total_s": 457.1107747554779, "pid": 26252, "hostname": "steropes", "node_ip": "169.229.49.254", "config": {"starting_lr": 0.001, "momentum": 0.95, "weight_decay": 0.0001, "steps_per_iteration": null, "pin": false, "model_creator": null, "target_batch_size": 128, "model_string": "resnet50", "min_batch_size": 128, "dataset": "CIFAR", "placement": null, "use_nccl": true, "devices_per_worker": 1, "primary_resource": "extra_gpu", "gpu": false, "verbose": false, "lr_config": {"mode": "log", "steps": 5, "initial_lr": 0.001, "target_lr": 0.001}, "batch_per_device": 128}, "time_since_restore": 457.1107747554779, "timesteps_since_restore": 0, "iterations_since_restore": 11, "mean_throughput": 1462.0969972412431, "atoms": 1, "setup_time": 11.457227230072021}
{"apply": 0.019159889221191405, "batch_time": 0.033002029491376275, "d2h": 0.0007857322692871094, "data_time": 0.0018196301082211077, "fwd": 0.028821539878845216, "get_state_time_mean": NaN, "get_state_time_total": 0.0, "grad": 0.04822239875793457, "mean_accuracy": 0.5386599898338318, "mean_loss": 1.312191323928833, "neg_mean_accuracy": -0.5590999722480774, "set_state_time_mean": NaN, "set_state_time_total": 0.0, "setup_model_time_mean": NaN, "setup_model_time_total": 0.0, "setup_proc_time_mean": NaN, "setup_proc_time_total": 0.0, "train_accuracy": 0.5450800061225891, "train_loss": 1.2853426293945311, "training_time_mean": NaN, "training_time_total": 0.0, "val_accuracy": 0.5590999722480774, "val_loss": 1.2461471647262574, "validation_time_mean": NaN, "validation_time_total": 0.0, "samples": 60000, "num_workers": 1, "done": false, "timesteps_total": null, "episodes_total": null, "training_iteration": 12, "neg_mean_loss": -1.312191323928833, "experiment_id": "7463f22a41f74e6fb9d4c17f9f466ffb", "date": "2019-06-03_22-35-21", "timestamp": 1559626521, "time_this_iter_s": 40.92536664009094, "time_total_s": 498.03614139556885, "pid": 26252, "hostname": "steropes", "node_ip": "169.229.49.254", "config": {"starting_lr": 0.001, "momentum": 0.95, "weight_decay": 0.0001, "steps_per_iteration": null, "pin": false, "model_creator": null, "target_batch_size": 128, "model_string": "resnet50", "min_batch_size": 128, "dataset": "CIFAR", "placement": null, "use_nccl": true, "devices_per_worker": 1, "primary_resource": "extra_gpu", "gpu": false, "verbose": false, "lr_config": {"mode": "log", "steps": 5, "initial_lr": 0.001, "target_lr": 0.001}, "batch_per_device": 128}, "time_since_restore": 498.03614139556885, "timesteps_since_restore": 0, "iterations_since_restore": 12, "mean_throughput": 1463.9173801181844, "atoms": 1, "setup_time": 11.457227230072021}
{"apply": 0.01726083755493164, "batch_time": 0.03154521350619159, "d2h": 0.0006517887115478516, "data_time": 0.0018681613990412954, "fwd": 0.027701807022094727, "get_state_time_mean": NaN, "get_state_time_total": 0.0, "grad": 0.0475142240524292, "mean_accuracy": 0.5468599796295166, "mean_loss": 1.3014811560821535, "neg_mean_accuracy": -0.5546999573707581, "set_state_time_mean": NaN, "set_state_time_total": 0.0, "setup_model_time_mean": NaN, "setup_model_time_total": 0.0, "setup_proc_time_mean": NaN, "setup_proc_time_total": 0.0, "train_accuracy": 0.5582999587059021, "train_loss": 1.2429254177856446, "training_time_mean": NaN, "training_time_total": 0.0, "val_accuracy": 0.5546999573707581, "val_loss": 1.3387342082977296, "validation_time_mean": NaN, "validation_time_total": 0.0, "samples": 60000, "num_workers": 1, "done": false, "timesteps_total": null, "episodes_total": null, "training_iteration": 13, "neg_mean_loss": -1.3014811560821535, "experiment_id": "7463f22a41f74e6fb9d4c17f9f466ffb", "date": "2019-06-03_22-36-02", "timestamp": 1559626562, "time_this_iter_s": 40.978495359420776, "time_total_s": 539.0146367549896, "pid": 26252, "hostname": "steropes", "node_ip": "169.229.49.254", "config": {"starting_lr": 0.001, "momentum": 0.95, "weight_decay": 0.0001, "steps_per_iteration": null, "pin": false, "model_creator": null, "target_batch_size": 128, "model_string": "resnet50", "min_batch_size": 128, "dataset": "CIFAR", "placement": null, "use_nccl": true, "devices_per_worker": 1, "primary_resource": "extra_gpu", "gpu": false, "verbose": false, "lr_config": {"mode": "log", "steps": 5, "initial_lr": 0.001, "target_lr": 0.001}, "batch_per_device": 128}, "time_since_restore": 539.0146367549896, "timesteps_since_restore": 0, "iterations_since_restore": 13, "mean_throughput": 1464.511424765182, "atoms": 1, "setup_time": 11.457227230072021}
{"apply": 0.017188024520874024, "batch_time": 0.032234955437575714, "d2h": 0.000657033920288086, "data_time": 0.0018222289317099336, "fwd": 0.02735438346862793, "get_state_time_mean": NaN, "get_state_time_total": 0.0, "grad": 0.047614216804504395, "mean_accuracy": 0.5570199728012085, "mean_loss": 1.2769738306427003, "neg_mean_accuracy": -0.57669997215271, "set_state_time_mean": NaN, "set_state_time_total": 0.0, "setup_model_time_mean": NaN, "setup_model_time_total": 0.0, "setup_proc_time_mean": NaN, "setup_proc_time_total": 0.0, "train_accuracy": 0.5686399936676025, "train_loss": 1.2070407053756713, "training_time_mean": NaN, "training_time_total": 0.0, "val_accuracy": 0.57669997215271, "val_loss": 1.1945066139221192, "validation_time_mean": NaN, "validation_time_total": 0.0, "samples": 60000, "num_workers": 1, "done": false, "timesteps_total": null, "episodes_total": null, "training_iteration": 14, "neg_mean_loss": -1.2769738306427003, "experiment_id": "7463f22a41f74e6fb9d4c17f9f466ffb", "date": "2019-06-03_22-36-43", "timestamp": 1559626603, "time_this_iter_s": 40.87437129020691, "time_total_s": 579.8890080451965, "pid": 26252, "hostname": "steropes", "node_ip": "169.229.49.254", "config": {"starting_lr": 0.001, "momentum": 0.95, "weight_decay": 0.0001, "steps_per_iteration": null, "pin": false, "model_creator": null, "target_batch_size": 128, "model_string": "resnet50", "min_batch_size": 128, "dataset": "CIFAR", "placement": null, "use_nccl": true, "devices_per_worker": 1, "primary_resource": "extra_gpu", "gpu": false, "verbose": false, "lr_config": {"mode": "log", "steps": 5, "initial_lr": 0.001, "target_lr": 0.001}, "batch_per_device": 128}, "time_since_restore": 579.8890080451965, "timesteps_since_restore": 0, "iterations_since_restore": 14, "mean_throughput": 1466.0177134975695, "atoms": 1, "setup_time": 11.457227230072021}
{"apply": 0.018285179138183595, "batch_time": 0.031849879252759714, "d2h": 0.0006844282150268554, "data_time": 0.0018052999930613487, "fwd": 0.02825775146484375, "get_state_time_mean": NaN, "get_state_time_total": 0.0, "grad": 0.04794256687164307, "mean_accuracy": 0.5652399659156799, "mean_loss": 1.2531545721054078, "neg_mean_accuracy": -0.5859999656677246, "set_state_time_mean": NaN, "set_state_time_total": 0.0, "setup_model_time_mean": NaN, "setup_model_time_total": 0.0, "setup_proc_time_mean": NaN, "setup_proc_time_total": 0.0, "train_accuracy": 0.5759999752044678, "train_loss": 1.192571008529663, "training_time_mean": NaN, "training_time_total": 0.0, "val_accuracy": 0.5859999656677246, "val_loss": 1.1708992666244507, "validation_time_mean": NaN, "validation_time_total": 0.0, "samples": 60000, "num_workers": 1, "done": false, "timesteps_total": null, "episodes_total": null, "training_iteration": 15, "neg_mean_loss": -1.2531545721054078, "experiment_id": "7463f22a41f74e6fb9d4c17f9f466ffb", "date": "2019-06-03_22-37-24", "timestamp": 1559626644, "time_this_iter_s": 40.682987451553345, "time_total_s": 620.5719954967499, "pid": 26252, "hostname": "steropes", "node_ip": "169.229.49.254", "config": {"starting_lr": 0.001, "momentum": 0.95, "weight_decay": 0.0001, "steps_per_iteration": null, "pin": false, "model_creator": null, "target_batch_size": 128, "model_string": "resnet50", "min_batch_size": 128, "dataset": "CIFAR", "placement": null, "use_nccl": true, "devices_per_worker": 1, "primary_resource": "extra_gpu", "gpu": false, "verbose": false, "lr_config": {"mode": "log", "steps": 5, "initial_lr": 0.001, "target_lr": 0.001}, "batch_per_device": 128}, "time_since_restore": 620.5719954967499, "timesteps_since_restore": 0, "iterations_since_restore": 15, "mean_throughput": 1467.9022034085947, "atoms": 1, "setup_time": 11.457227230072021}
{"apply": 0.017635464668273926, "batch_time": 0.031656829616691494, "d2h": 0.0006478309631347656, "data_time": 0.0018268149832020636, "fwd": 0.02806248664855957, "get_state_time_mean": NaN, "get_state_time_total": 0.0, "grad": 0.04784727096557617, "mean_accuracy": 0.5737999677658081, "mean_loss": 1.2285677227783203, "neg_mean_accuracy": -0.5924999713897705, "set_state_time_mean": NaN, "set_state_time_total": 0.0, "setup_model_time_mean": NaN, "setup_model_time_total": 0.0, "setup_proc_time_mean": NaN, "setup_proc_time_total": 0.0, "train_accuracy": 0.5882399678230286, "train_loss": 1.1587922284317016, "training_time_mean": NaN, "training_time_total": 0.0, "val_accuracy": 0.5924999713897705, "val_loss": 1.192551360321045, "validation_time_mean": NaN, "validation_time_total": 0.0, "samples": 60000, "num_workers": 1, "done": false, "timesteps_total": null, "episodes_total": null, "training_iteration": 16, "neg_mean_loss": -1.2285677227783203, "experiment_id": "7463f22a41f74e6fb9d4c17f9f466ffb", "date": "2019-06-03_22-38-05", "timestamp": 1559626685, "time_this_iter_s": 40.64998435974121, "time_total_s": 661.2219798564911, "pid": 26252, "hostname": "steropes", "node_ip": "169.229.49.254", "config": {"starting_lr": 0.001, "momentum": 0.95, "weight_decay": 0.0001, "steps_per_iteration": null, "pin": false, "model_creator": null, "target_batch_size": 128, "model_string": "resnet50", "min_batch_size": 128, "dataset": "CIFAR", "placement": null, "use_nccl": true, "devices_per_worker": 1, "primary_resource": "extra_gpu", "gpu": false, "verbose": false, "lr_config": {"mode": "log", "steps": 5, "initial_lr": 0.001, "target_lr": 0.001}, "batch_per_device": 128}, "time_since_restore": 661.2219798564911, "timesteps_since_restore": 0, "iterations_since_restore": 16, "mean_throughput": 1469.783918211339, "atoms": 1, "setup_time": 11.457227230072021}
{"apply": 0.01780238151550293, "batch_time": 0.03228571143331407, "d2h": 0.0006622314453125, "data_time": 0.001815209303365644, "fwd": 0.02787299156188965, "get_state_time_mean": NaN, "get_state_time_total": 0.0, "grad": 0.048215174674987794, "mean_accuracy": 0.5822399735450745, "mean_loss": 1.206758678779602, "neg_mean_accuracy": -0.6013000011444092, "set_state_time_mean": NaN, "set_state_time_total": 0.0, "setup_model_time_mean": NaN, "setup_model_time_total": 0.0, "setup_proc_time_mean": NaN, "setup_proc_time_total": 0.0, "train_accuracy": 0.5949999690055847, "train_loss": 1.142615509033203, "training_time_mean": NaN, "training_time_total": 0.0, "val_accuracy": 0.6013000011444092, "val_loss": 1.137101944732666, "validation_time_mean": NaN, "validation_time_total": 0.0, "samples": 60000, "num_workers": 1, "done": false, "timesteps_total": null, "episodes_total": null, "training_iteration": 17, "neg_mean_loss": -1.206758678779602, "experiment_id": "7463f22a41f74e6fb9d4c17f9f466ffb", "date": "2019-06-03_22-38-45", "timestamp": 1559626725, "time_this_iter_s": 40.671600103378296, "time_total_s": 701.8935799598694, "pid": 26252, "hostname": "steropes", "node_ip": "169.229.49.254", "config": {"starting_lr": 0.001, "momentum": 0.95, "weight_decay": 0.0001, "steps_per_iteration": null, "pin": false, "model_creator": null, "target_batch_size": 128, "model_string": "resnet50", "min_batch_size": 128, "dataset": "CIFAR", "placement": null, "use_nccl": true, "devices_per_worker": 1, "primary_resource": "extra_gpu", "gpu": false, "verbose": false, "lr_config": {"mode": "log", "steps": 5, "initial_lr": 0.001, "target_lr": 0.001}, "batch_per_device": 128}, "time_since_restore": 701.8935799598694, "timesteps_since_restore": 0, "iterations_since_restore": 17, "mean_throughput": 1471.6134894834347, "atoms": 1, "setup_time": 11.457227230072021}
