apply,batch_time,d2h,data_time,fwd,get_state_time_mean,get_state_time_total,grad,mean_accuracy,mean_loss,neg_mean_accuracy,set_state_time_mean,set_state_time_total,setup_model_time_mean,setup_model_time_total,setup_proc_time_mean,setup_proc_time_total,train_accuracy,train_loss,training_time_mean,training_time_total,validation_time_mean,validation_time_total,samples,num_workers,done,timesteps_total,episodes_total,training_iteration,neg_mean_loss,experiment_id,date,timestamp,time_this_iter_s,time_total_s,pid,hostname,node_ip,config,time_since_restore,timesteps_since_restore,iterations_since_restore,mean_throughput,atoms,resource_time
0.008809947967529297,0.1885758876800537,0.004501843452453613,0.03912351569350885,0.07980010509490967,nan,0.0,0.18551771640777587,0.09959999471902847,2.9465481117248533,-0.09959999471902847,nan,0.0,13.428159236907959,13.428159236907959,1.5907487869262695,1.5907487869262695,0.10103999823331833,6.367922986297607,nan,0.0,nan,0.0,60000,1,False,,,1,-2.9465481117248533,ed72e84108b94c1bbed2dd1666306526,2019-05-30_14-01-22,1559250082,12.125494956970215,12.125494956970215,18238,steropes,169.229.49.254,"{'starting_lr': 1.0, 'momentum': 0.9, 'weight_decay': 0.0001, 'steps_per_iteration': None, 'pin': False, 'model_creator': None, 'target_batch_size': 1024, 'model_string': 'resnet18', 'min_batch_size': 512, 'dataset': 'CIFAR', 'placement': None, 'use_nccl': True, 'devices_per_worker': 1, 'primary_resource': 'extra_gpu', 'gpu': False, 'verbose': False, 'lr_config': {'mode': 'log', 'steps': 5, 'initial_lr': 1.0, 'target_lr': 1.0}, 'batch_per_device': 1024}",12.125494956970215,0,1,4948.216296725957,1,12.125494956970215
0.00738222599029541,0.12350168228149414,0.004500150680541992,0.03935657228742327,0.030576133728027345,nan,0.0,0.059618234634399414,0.09999999403953552,2.3163291786193847,-0.09999999403953552,nan,0.0,nan,0.0,nan,0.0,0.10013999789953232,2.3263076134490968,nan,0.0,nan,0.0,60000,1,False,,,2,-2.3163291786193847,ed72e84108b94c1bbed2dd1666306526,2019-05-30_14-01-30,1559250090,8.062899112701416,20.18839406967163,18238,steropes,169.229.49.254,"{'starting_lr': 1.0, 'momentum': 0.9, 'weight_decay': 0.0001, 'steps_per_iteration': None, 'pin': False, 'model_creator': None, 'target_batch_size': 1024, 'model_string': 'resnet18', 'min_batch_size': 512, 'dataset': 'CIFAR', 'placement': None, 'use_nccl': True, 'devices_per_worker': 1, 'primary_resource': 'extra_gpu', 'gpu': False, 'verbose': False, 'lr_config': {'mode': 'log', 'steps': 5, 'initial_lr': 1.0, 'target_lr': 1.0}, 'batch_per_device': 1024}",20.18839406967163,0,2,5943.961251790555,1,20.18839406967163
0.007102203369140625,0.1436774253845215,0.0058694124221801754,0.036266069022976626,0.027689242362976076,nan,0.0,0.056142640113830564,0.09999999403953552,2.3138217601776123,-0.09999999403953552,nan,0.0,nan,0.0,nan,0.0,0.09882000088691711,2.3145901317596436,nan,0.0,nan,0.0,60000,1,False,,,3,-2.3138217601776123,ed72e84108b94c1bbed2dd1666306526,2019-05-30_14-01-39,1559250099,8.699338674545288,28.88773274421692,18238,steropes,169.229.49.254,"{'starting_lr': 1.0, 'momentum': 0.9, 'weight_decay': 0.0001, 'steps_per_iteration': None, 'pin': False, 'model_creator': None, 'target_batch_size': 1024, 'model_string': 'resnet18', 'min_batch_size': 512, 'dataset': 'CIFAR', 'placement': None, 'use_nccl': True, 'devices_per_worker': 1, 'primary_resource': 'extra_gpu', 'gpu': False, 'verbose': False, 'lr_config': {'mode': 'log', 'steps': 5, 'initial_lr': 1.0, 'target_lr': 1.0}, 'batch_per_device': 1024}",28.88773274421692,0,3,6230.9666584005245,1,28.88773274421692
0.007084417343139649,0.13523483276367188,0.004713368415832519,0.05612786935300243,0.02908458709716797,nan,0.0,0.05395631790161133,0.09999999403953552,2.313576979827881,-0.09999999403953552,nan,0.0,nan,0.0,nan,0.0,0.10093999654054642,2.314389046783447,nan,0.0,nan,0.0,60000,1,False,,,4,-2.313576979827881,ed72e84108b94c1bbed2dd1666306526,2019-05-30_14-01-48,1559250108,9.025986671447754,37.91371941566467,18238,steropes,169.229.49.254,"{'starting_lr': 1.0, 'momentum': 0.9, 'weight_decay': 0.0001, 'steps_per_iteration': None, 'pin': False, 'model_creator': None, 'target_batch_size': 1024, 'model_string': 'resnet18', 'min_batch_size': 512, 'dataset': 'CIFAR', 'placement': None, 'use_nccl': True, 'devices_per_worker': 1, 'primary_resource': 'extra_gpu', 'gpu': False, 'verbose': False, 'lr_config': {'mode': 'log', 'steps': 5, 'initial_lr': 1.0, 'target_lr': 1.0}, 'batch_per_device': 1024}",37.91371941566467,0,4,6330.108552776357,1,37.91371941566467
0.010720920562744141,0.14627246856689452,0.005852127075195312,0.03595645087105887,0.0339773416519165,nan,0.0,0.054654812812805174,0.09999999403953552,2.313295018005371,-0.09999999403953552,nan,0.0,nan,0.0,nan,0.0,0.09829999506473541,2.315151419143677,nan,0.0,nan,0.0,60000,1,False,,,5,-2.313295018005371,ed72e84108b94c1bbed2dd1666306526,2019-05-30_14-01-56,1559250116,8.507006645202637,46.42072606086731,18238,steropes,169.229.49.254,"{'starting_lr': 1.0, 'momentum': 0.9, 'weight_decay': 0.0001, 'steps_per_iteration': None, 'pin': False, 'model_creator': None, 'target_batch_size': 1024, 'model_string': 'resnet18', 'min_batch_size': 512, 'dataset': 'CIFAR', 'placement': None, 'use_nccl': True, 'devices_per_worker': 1, 'primary_resource': 'extra_gpu', 'gpu': False, 'verbose': False, 'lr_config': {'mode': 'log', 'steps': 5, 'initial_lr': 1.0, 'target_lr': 1.0}, 'batch_per_device': 1024}",46.42072606086731,0,5,6462.5741715641525,1,46.42072606086731
0.007503914833068848,0.14775123596191406,0.004494118690490723,0.03166924690713688,0.03446075916290283,nan,0.0,0.06331348419189453,0.09999999403953552,2.3136182075500487,-0.09999999403953552,nan,0.0,nan,0.0,nan,0.0,0.10137999802827835,2.31471168296814,nan,0.0,nan,0.0,60000,1,False,,,6,-2.3136182075500487,ed72e84108b94c1bbed2dd1666306526,2019-05-30_14-02-05,1559250125,8.54519271850586,54.96591877937317,18238,steropes,169.229.49.254,"{'starting_lr': 1.0, 'momentum': 0.9, 'weight_decay': 0.0001, 'steps_per_iteration': None, 'pin': False, 'model_creator': None, 'target_batch_size': 1024, 'model_string': 'resnet18', 'min_batch_size': 512, 'dataset': 'CIFAR', 'placement': None, 'use_nccl': True, 'devices_per_worker': 1, 'primary_resource': 'extra_gpu', 'gpu': False, 'verbose': False, 'lr_config': {'mode': 'log', 'steps': 5, 'initial_lr': 1.0, 'target_lr': 1.0}, 'batch_per_device': 1024}",54.96591877937317,0,6,7002.666875503388,1,54.96591877937317
0.007799768447875976,0.15231153964996338,0.004663825035095215,0.027591500963483537,0.041356229782104494,nan,0.0,0.056792402267456056,0.09999999403953552,2.3138752479553224,-0.09999999403953552,nan,0.0,nan,0.0,nan,0.0,0.0993799939751625,2.3146261684417726,nan,0.0,nan,0.0,60000,1,False,,,7,-2.3138752479553224,ed72e84108b94c1bbed2dd1666306526,2019-05-30_14-02-13,1559250133,8.466810941696167,63.432729721069336,18238,steropes,169.229.49.254,"{'starting_lr': 1.0, 'momentum': 0.9, 'weight_decay': 0.0001, 'steps_per_iteration': None, 'pin': False, 'model_creator': None, 'target_batch_size': 1024, 'model_string': 'resnet18', 'min_batch_size': 512, 'dataset': 'CIFAR', 'placement': None, 'use_nccl': True, 'devices_per_worker': 1, 'primary_resource': 'extra_gpu', 'gpu': False, 'verbose': False, 'lr_config': {'mode': 'log', 'steps': 5, 'initial_lr': 1.0, 'target_lr': 1.0}, 'batch_per_device': 1024}",63.432729721069336,0,7,6937.24867631347,1,63.432729721069336
0.0070772886276245115,0.14807164669036865,0.005051159858703613,0.0339272995384372,0.036452722549438474,nan,0.0,0.06225864887237549,0.09999999403953552,2.3130644855499267,-0.09999999403953552,nan,0.0,nan,0.0,nan,0.0,0.09641999751329422,2.314636823120117,nan,0.0,nan,0.0,60000,1,False,,,8,-2.3130644855499267,ed72e84108b94c1bbed2dd1666306526,2019-05-30_14-02-22,1559250142,8.91280221939087,72.3455319404602,18238,steropes,169.229.49.254,"{'starting_lr': 1.0, 'momentum': 0.9, 'weight_decay': 0.0001, 'steps_per_iteration': None, 'pin': False, 'model_creator': None, 'target_batch_size': 1024, 'model_string': 'resnet18', 'min_batch_size': 512, 'dataset': 'CIFAR', 'placement': None, 'use_nccl': True, 'devices_per_worker': 1, 'primary_resource': 'extra_gpu', 'gpu': False, 'verbose': False, 'lr_config': {'mode': 'log', 'steps': 5, 'initial_lr': 1.0, 'target_lr': 1.0}, 'batch_per_device': 1024}",72.3455319404602,0,8,6903.173885176939,1,72.3455319404602
0.009168624877929688,0.15082764625549316,0.004657483100891114,0.032692515120214344,0.03496263027191162,nan,0.0,0.050740933418273924,0.09999999403953552,2.313560942840576,-0.09999999403953552,nan,0.0,nan,0.0,nan,0.0,0.10049999505281448,2.3146482532501222,nan,0.0,nan,0.0,60000,1,False,,,9,-2.313560942840576,ed72e84108b94c1bbed2dd1666306526,2019-05-30_14-02-31,1559250151,8.583446979522705,80.92897891998291,18238,steropes,169.229.49.254,"{'starting_lr': 1.0, 'momentum': 0.9, 'weight_decay': 0.0001, 'steps_per_iteration': None, 'pin': False, 'model_creator': None, 'target_batch_size': 1024, 'model_string': 'resnet18', 'min_batch_size': 512, 'dataset': 'CIFAR', 'placement': None, 'use_nccl': True, 'devices_per_worker': 1, 'primary_resource': 'extra_gpu', 'gpu': False, 'verbose': False, 'lr_config': {'mode': 'log', 'steps': 5, 'initial_lr': 1.0, 'target_lr': 1.0}, 'batch_per_device': 1024}",80.92897891998291,0,9,6974.193215080718,1,80.92897891998291
0.007868647575378418,0.13038878440856932,0.0064460992813110355,0.049686281048521706,0.023638319969177247,nan,0.0,0.04802989959716797,0.09999999403953552,2.313121210861206,-0.09999999403953552,nan,0.0,nan,0.0,nan,0.0,0.09950000047683716,2.313631192779541,nan,0.0,nan,0.0,60000,1,False,,,10,-2.313121210861206,ed72e84108b94c1bbed2dd1666306526,2019-05-30_14-02-40,1559250160,9.19287395477295,90.12185287475586,18238,steropes,169.229.49.254,"{'starting_lr': 1.0, 'momentum': 0.9, 'weight_decay': 0.0001, 'steps_per_iteration': None, 'pin': False, 'model_creator': None, 'target_batch_size': 1024, 'model_string': 'resnet18', 'min_batch_size': 512, 'dataset': 'CIFAR', 'placement': None, 'use_nccl': True, 'devices_per_worker': 1, 'primary_resource': 'extra_gpu', 'gpu': False, 'verbose': False, 'lr_config': {'mode': 'log', 'steps': 5, 'initial_lr': 1.0, 'target_lr': 1.0}, 'batch_per_device': 1024}",90.12185287475586,0,10,6864.739116130425,1,90.12185287475586
0.007611632347106934,0.13821694850921631,0.005637979507446289,0.03255545849702796,0.03108847141265869,nan,0.0,0.047315239906311035,0.09999999403953552,2.31432458152771,-0.09999999403953552,nan,0.0,nan,0.0,nan,0.0,0.09860000014305115,2.313781619338989,nan,0.0,nan,0.0,60000,1,False,,,11,-2.31432458152771,ed72e84108b94c1bbed2dd1666306526,2019-05-30_14-02-49,1559250169,8.489527940750122,98.61138081550598,18238,steropes,169.229.49.254,"{'starting_lr': 1.0, 'momentum': 0.9, 'weight_decay': 0.0001, 'steps_per_iteration': None, 'pin': False, 'model_creator': None, 'target_batch_size': 1024, 'model_string': 'resnet18', 'min_batch_size': 512, 'dataset': 'CIFAR', 'placement': None, 'use_nccl': True, 'devices_per_worker': 1, 'primary_resource': 'extra_gpu', 'gpu': False, 'verbose': False, 'lr_config': {'mode': 'log', 'steps': 5, 'initial_lr': 1.0, 'target_lr': 1.0}, 'batch_per_device': 1024}",98.61138081550598,0,11,6873.494548452579,1,98.61138081550598
0.007442831993103027,0.12152614593505859,0.004867649078369141,0.06192767376802406,0.023592329025268553,nan,0.0,0.0446009635925293,0.09999999403953552,2.3150492149353026,-0.09999999403953552,nan,0.0,nan,0.0,nan,0.0,0.09922000020742416,2.3136976204681394,nan,0.0,nan,0.0,60000,1,True,,,12,-2.3150492149353026,ed72e84108b94c1bbed2dd1666306526,2019-05-30_14-02-58,1559250178,9.053134441375732,107.66451525688171,18238,steropes,169.229.49.254,"{'starting_lr': 1.0, 'momentum': 0.9, 'weight_decay': 0.0001, 'steps_per_iteration': None, 'pin': False, 'model_creator': None, 'target_batch_size': 1024, 'model_string': 'resnet18', 'min_batch_size': 512, 'dataset': 'CIFAR', 'placement': None, 'use_nccl': True, 'devices_per_worker': 1, 'primary_resource': 'extra_gpu', 'gpu': False, 'verbose': False, 'lr_config': {'mode': 'log', 'steps': 5, 'initial_lr': 1.0, 'target_lr': 1.0}, 'batch_per_device': 1024}",107.66451525688171,0,12,6782.392933575734,1,107.66451525688171
