{"apply": 0.01881258487701416, "batch_time": 0.04170493536357638, "d2h": 0.0006986141204833984, "data_time": 0.001844923819422417, "fwd": 0.11989314556121826, "get_state_time_mean": NaN, "get_state_time_total": 0.0, "grad": 0.17055099010467528, "mean_accuracy": 0.16529999673366547, "mean_loss": 2.1098026065826416, "neg_mean_accuracy": -0.16529999673366547, "set_state_time_mean": NaN, "set_state_time_total": 0.0, "setup_model_time_mean": 13.219999074935913, "setup_model_time_total": 13.219999074935913, "setup_proc_time_mean": 0.16783428192138672, "setup_proc_time_total": 0.16783428192138672, "train_accuracy": 0.16925999522209167, "train_loss": 3.8669833557891846, "training_time_mean": NaN, "training_time_total": 0.0, "val_accuracy": 0.16529999673366547, "val_loss": 2.1098026065826416, "validation_time_mean": NaN, "validation_time_total": 0.0, "samples": 60000, "num_workers": 1, "done": false, "timesteps_total": null, "episodes_total": null, "training_iteration": 1, "neg_mean_loss": -2.1098026065826416, "experiment_id": "64ae3a2f109b4a0785f3854227b2d972", "date": "2019-06-03_22-48-30", "timestamp": 1559627310, "time_this_iter_s": 47.222814083099365, "time_total_s": 47.222814083099365, "pid": 17041, "hostname": "steropes", "node_ip": "169.229.49.254", "config": {"starting_lr": 0.05, "momentum": 0.9, "weight_decay": 0.005, "steps_per_iteration": null, "pin": false, "model_creator": null, "target_batch_size": 128, "model_string": "resnet50", "min_batch_size": 128, "dataset": "CIFAR", "placement": null, "use_nccl": true, "devices_per_worker": 1, "primary_resource": "extra_gpu", "gpu": false, "verbose": false, "lr_config": {"mode": "log", "steps": 5, "initial_lr": 0.05, "target_lr": 0.05}, "batch_per_device": 128}, "time_since_restore": 47.222814083099365, "timesteps_since_restore": 0, "iterations_since_restore": 1, "mean_throughput": 1270.5699370488426, "atoms": 1, "setup_time": 13.829677820205688}
{"apply": 0.018360471725463866, "batch_time": 0.03202476380746576, "d2h": 0.000650787353515625, "data_time": 0.0018176117821422685, "fwd": 0.028298497200012207, "get_state_time_mean": NaN, "get_state_time_total": 0.0, "grad": 0.047864460945129396, "mean_accuracy": 0.2504499927163124, "mean_loss": 1.9432749280929564, "neg_mean_accuracy": -0.33559998869895935, "set_state_time_mean": NaN, "set_state_time_total": 0.0, "setup_model_time_mean": NaN, "setup_model_time_total": 0.0, "setup_proc_time_mean": NaN, "setup_proc_time_total": 0.0, "train_accuracy": 0.28360000252723694, "train_loss": 1.9296107709121704, "training_time_mean": NaN, "training_time_total": 0.0, "val_accuracy": 0.33559998869895935, "val_loss": 1.7767472496032715, "validation_time_mean": NaN, "validation_time_total": 0.0, "samples": 60000, "num_workers": 1, "done": false, "timesteps_total": null, "episodes_total": null, "training_iteration": 2, "neg_mean_loss": -1.9432749280929564, "experiment_id": "64ae3a2f109b4a0785f3854227b2d972", "date": "2019-06-03_22-49-11", "timestamp": 1559627351, "time_this_iter_s": 41.537004709243774, "time_total_s": 88.75981879234314, "pid": 17041, "hostname": "steropes", "node_ip": "169.229.49.254", "config": {"starting_lr": 0.05, "momentum": 0.9, "weight_decay": 0.005, "steps_per_iteration": null, "pin": false, "model_creator": null, "target_batch_size": 128, "model_string": "resnet50", "min_batch_size": 128, "dataset": "CIFAR", "placement": null, "use_nccl": true, "devices_per_worker": 1, "primary_resource": "extra_gpu", "gpu": false, "verbose": false, "lr_config": {"mode": "log", "steps": 5, "initial_lr": 0.05, "target_lr": 0.05}, "batch_per_device": 128}, "time_since_restore": 88.75981879234314, "timesteps_since_restore": 0, "iterations_since_restore": 2, "mean_throughput": 1351.9605387432275, "atoms": 1, "setup_time": 13.829677820205688}
{"apply": 0.019205522537231446, "batch_time": 0.03278289565557166, "d2h": 0.0007168531417846679, "data_time": 0.0018568337725861298, "fwd": 0.029395413398742676, "get_state_time_mean": NaN, "get_state_time_total": 0.0, "grad": 0.05295765399932861, "mean_accuracy": 0.28699999550978345, "mean_loss": 1.8863863363901772, "neg_mean_accuracy": -0.36010000109672546, "set_state_time_mean": NaN, "set_state_time_total": 0.0, "setup_model_time_mean": NaN, "setup_model_time_total": 0.0, "setup_proc_time_mean": NaN, "setup_proc_time_total": 0.0, "train_accuracy": 0.3782999813556671, "train_loss": 1.6868409595108032, "training_time_mean": NaN, "training_time_total": 0.0, "val_accuracy": 0.36010000109672546, "val_loss": 1.772609152984619, "validation_time_mean": NaN, "validation_time_total": 0.0, "samples": 60000, "num_workers": 1, "done": true, "timesteps_total": null, "episodes_total": null, "training_iteration": 3, "neg_mean_loss": -1.8863863363901772, "experiment_id": "64ae3a2f109b4a0785f3854227b2d972", "date": "2019-06-03_22-49-55", "timestamp": 1559627395, "time_this_iter_s": 43.49669051170349, "time_total_s": 132.25650930404663, "pid": 17041, "hostname": "steropes", "node_ip": "169.229.49.254", "config": {"starting_lr": 0.05, "momentum": 0.9, "weight_decay": 0.005, "steps_per_iteration": null, "pin": false, "model_creator": null, "target_batch_size": 128, "model_string": "resnet50", "min_batch_size": 128, "dataset": "CIFAR", "placement": null, "use_nccl": true, "devices_per_worker": 1, "primary_resource": "extra_gpu", "gpu": false, "verbose": false, "lr_config": {"mode": "log", "steps": 5, "initial_lr": 0.05, "target_lr": 0.05}, "batch_per_device": 128}, "time_since_restore": 132.25650930404663, "timesteps_since_restore": 0, "iterations_since_restore": 3, "mean_throughput": 1360.9884314218853, "atoms": 1, "setup_time": 13.829677820205688}
