{"apply": 0.017441940307617188, "batch_time": 0.04382953462721426, "d2h": 0.0007879972457885742, "data_time": 0.0018320095813487802, "fwd": 0.16639859676361085, "get_state_time_mean": NaN, "get_state_time_total": 0.0, "grad": 0.16089794635772706, "mean_accuracy": 0.16489998996257782, "mean_loss": 2.2106266761779785, "neg_mean_accuracy": -0.16489998996257782, "set_state_time_mean": NaN, "set_state_time_total": 0.0, "setup_model_time_mean": 10.968688488006592, "setup_model_time_total": 10.968688488006592, "setup_proc_time_mean": 1.6572399139404297, "setup_proc_time_total": 1.6572399139404297, "train_accuracy": 0.11405999958515167, "train_loss": 5.280767502975464, "training_time_mean": NaN, "training_time_total": 0.0, "val_accuracy": 0.16489998996257782, "val_loss": 2.2106266761779785, "validation_time_mean": NaN, "validation_time_total": 0.0, "samples": 60000, "num_workers": 1, "done": false, "timesteps_total": null, "episodes_total": null, "training_iteration": 1, "neg_mean_loss": -2.2106266761779785, "experiment_id": "250d45a81e4248199dfe055d5da55f80", "date": "2019-06-03_22-06-02", "timestamp": 1559624762, "time_this_iter_s": 46.900487661361694, "time_total_s": 46.900487661361694, "pid": 6889, "hostname": "steropes", "node_ip": "169.229.49.254", "config": {"starting_lr": 0.5, "momentum": 0.95, "weight_decay": 0.001, "steps_per_iteration": null, "pin": false, "model_creator": null, "target_batch_size": 128, "model_string": "resnet50", "min_batch_size": 128, "dataset": "CIFAR", "placement": null, "use_nccl": true, "devices_per_worker": 1, "primary_resource": "extra_gpu", "gpu": false, "verbose": false, "lr_config": {"mode": "log", "steps": 5, "initial_lr": 0.5, "target_lr": 0.5}, "batch_per_device": 128}, "time_since_restore": 46.900487661361694, "timesteps_since_restore": 0, "iterations_since_restore": 1, "mean_throughput": 1279.302118987184, "atoms": 1, "setup_time": 12.723905801773071}
{"apply": 0.01748795509338379, "batch_time": 0.03186809865734245, "d2h": 0.0007837295532226562, "data_time": 0.001809186032970848, "fwd": 0.028074193000793456, "get_state_time_mean": NaN, "get_state_time_total": 0.0, "grad": 0.04784634113311768, "mean_accuracy": 0.16099999099969864, "mean_loss": 87.24630269355774, "neg_mean_accuracy": -0.15709999203681946, "set_state_time_mean": NaN, "set_state_time_total": 0.0, "setup_model_time_mean": NaN, "setup_model_time_total": 0.0, "setup_proc_time_mean": NaN, "setup_proc_time_total": 0.0, "train_accuracy": 0.1901799887418747, "train_loss": 2.1441483180999756, "training_time_mean": NaN, "training_time_total": 0.0, "val_accuracy": 0.15709999203681946, "val_loss": 172.2819787109375, "validation_time_mean": NaN, "validation_time_total": 0.0, "samples": 60000, "num_workers": 1, "done": false, "timesteps_total": null, "episodes_total": null, "training_iteration": 2, "neg_mean_loss": -87.24630269355774, "experiment_id": "250d45a81e4248199dfe055d5da55f80", "date": "2019-06-03_22-06-43", "timestamp": 1559624803, "time_this_iter_s": 40.879733085632324, "time_total_s": 87.78022074699402, "pid": 6889, "hostname": "steropes", "node_ip": "169.229.49.254", "config": {"starting_lr": 0.5, "momentum": 0.95, "weight_decay": 0.001, "steps_per_iteration": null, "pin": false, "model_creator": null, "target_batch_size": 128, "model_string": "resnet50", "min_batch_size": 128, "dataset": "CIFAR", "placement": null, "use_nccl": true, "devices_per_worker": 1, "primary_resource": "extra_gpu", "gpu": false, "verbose": false, "lr_config": {"mode": "log", "steps": 5, "initial_lr": 0.5, "target_lr": 0.5}, "batch_per_device": 128}, "time_since_restore": 87.78022074699402, "timesteps_since_restore": 0, "iterations_since_restore": 2, "mean_throughput": 1367.0479579813257, "atoms": 1, "setup_time": 12.723905801773071}
{"apply": 0.017343354225158692, "batch_time": 0.03173900857756409, "d2h": 0.000783991813659668, "data_time": 0.0018115263155964025, "fwd": 0.027820467948913574, "get_state_time_mean": NaN, "get_state_time_total": 0.0, "grad": 0.04782357215881348, "mean_accuracy": 0.15183332562446594, "mean_loss": 58.95962068634034, "neg_mean_accuracy": -0.13349999487400055, "set_state_time_mean": NaN, "set_state_time_total": 0.0, "setup_model_time_mean": NaN, "setup_model_time_total": 0.0, "setup_proc_time_mean": NaN, "setup_proc_time_total": 0.0, "train_accuracy": 0.1867000013589859, "train_loss": 2.152744680480957, "training_time_mean": NaN, "training_time_total": 0.0, "val_accuracy": 0.13349999487400055, "val_loss": 2.3862566719055174, "validation_time_mean": NaN, "validation_time_total": 0.0, "samples": 60000, "num_workers": 1, "done": false, "timesteps_total": null, "episodes_total": null, "training_iteration": 3, "neg_mean_loss": -58.95962068634034, "experiment_id": "250d45a81e4248199dfe055d5da55f80", "date": "2019-06-03_22-07-24", "timestamp": 1559624844, "time_this_iter_s": 40.74395680427551, "time_total_s": 128.52417755126953, "pid": 6889, "hostname": "steropes", "node_ip": "169.229.49.254", "config": {"starting_lr": 0.5, "momentum": 0.95, "weight_decay": 0.001, "steps_per_iteration": null, "pin": false, "model_creator": null, "target_batch_size": 128, "model_string": "resnet50", "min_batch_size": 128, "dataset": "CIFAR", "placement": null, "use_nccl": true, "devices_per_worker": 1, "primary_resource": "extra_gpu", "gpu": false, "verbose": false, "lr_config": {"mode": "log", "steps": 5, "initial_lr": 0.5, "target_lr": 0.5}, "batch_per_device": 128}, "time_since_restore": 128.52417755126953, "timesteps_since_restore": 0, "iterations_since_restore": 3, "mean_throughput": 1400.5102031020567, "atoms": 1, "setup_time": 12.723905801773071}
{"apply": 0.017487382888793944, "batch_time": 0.03222014330610444, "d2h": 0.000771021842956543, "data_time": 0.001791455861552597, "fwd": 0.0279191255569458, "get_state_time_mean": NaN, "get_state_time_total": 0.0, "grad": 0.04807226657867432, "mean_accuracy": 0.15119999274611473, "mean_loss": 45.291232031440735, "neg_mean_accuracy": -0.1492999941110611, "set_state_time_mean": NaN, "set_state_time_total": 0.0, "setup_model_time_mean": NaN, "setup_model_time_total": 0.0, "setup_proc_time_mean": NaN, "setup_proc_time_total": 0.0, "train_accuracy": 0.12105999886989594, "train_loss": 2.385636873245239, "training_time_mean": NaN, "training_time_total": 0.0, "val_accuracy": 0.1492999941110611, "val_loss": 4.2860660667419435, "validation_time_mean": NaN, "validation_time_total": 0.0, "samples": 60000, "num_workers": 1, "done": false, "timesteps_total": null, "episodes_total": null, "training_iteration": 4, "neg_mean_loss": -45.291232031440735, "experiment_id": "250d45a81e4248199dfe055d5da55f80", "date": "2019-06-03_22-08-04", "timestamp": 1559624884, "time_this_iter_s": 40.75679683685303, "time_total_s": 169.28097438812256, "pid": 6889, "hostname": "steropes", "node_ip": "169.229.49.254", "config": {"starting_lr": 0.5, "momentum": 0.95, "weight_decay": 0.001, "steps_per_iteration": null, "pin": false, "model_creator": null, "target_batch_size": 128, "model_string": "resnet50", "min_batch_size": 128, "dataset": "CIFAR", "placement": null, "use_nccl": true, "devices_per_worker": 1, "primary_resource": "extra_gpu", "gpu": false, "verbose": false, "lr_config": {"mode": "log", "steps": 5, "initial_lr": 0.5, "target_lr": 0.5}, "batch_per_device": 128}, "time_since_restore": 169.28097438812256, "timesteps_since_restore": 0, "iterations_since_restore": 4, "mean_throughput": 1417.7570401426988, "atoms": 1, "setup_time": 12.723905801773071}
{"apply": 0.017673182487487792, "batch_time": 0.03136528292788735, "d2h": 0.0006395101547241211, "data_time": 0.0017568821187519356, "fwd": 0.02833981513977051, "get_state_time_mean": NaN, "get_state_time_total": 0.0, "grad": 0.04854135513305664, "mean_accuracy": 0.1563799947500229, "mean_loss": 36.688579635467526, "neg_mean_accuracy": -0.17710000276565552, "set_state_time_mean": NaN, "set_state_time_total": 0.0, "setup_model_time_mean": NaN, "setup_model_time_total": 0.0, "setup_proc_time_mean": NaN, "setup_proc_time_total": 0.0, "train_accuracy": 0.1622599959373474, "train_loss": 2.2619990867614748, "training_time_mean": NaN, "training_time_total": 0.0, "val_accuracy": 0.17710000276565552, "val_loss": 2.277970051574707, "validation_time_mean": NaN, "validation_time_total": 0.0, "samples": 60000, "num_workers": 1, "done": false, "timesteps_total": null, "episodes_total": null, "training_iteration": 5, "neg_mean_loss": -36.688579635467526, "experiment_id": "250d45a81e4248199dfe055d5da55f80", "date": "2019-06-03_22-08-45", "timestamp": 1559624925, "time_this_iter_s": 40.64454221725464, "time_total_s": 209.9255166053772, "pid": 6889, "hostname": "steropes", "node_ip": "169.229.49.254", "config": {"starting_lr": 0.5, "momentum": 0.95, "weight_decay": 0.001, "steps_per_iteration": null, "pin": false, "model_creator": null, "target_batch_size": 128, "model_string": "resnet50", "min_batch_size": 128, "dataset": "CIFAR", "placement": null, "use_nccl": true, "devices_per_worker": 1, "primary_resource": "extra_gpu", "gpu": false, "verbose": false, "lr_config": {"mode": "log", "steps": 5, "initial_lr": 0.5, "target_lr": 0.5}, "batch_per_device": 128}, "time_since_restore": 209.9255166053772, "timesteps_since_restore": 0, "iterations_since_restore": 5, "mean_throughput": 1429.0743622324344, "atoms": 1, "setup_time": 12.723905801773071}
{"apply": 0.017784857749938966, "batch_time": 0.03165967253190052, "d2h": 0.000853729248046875, "data_time": 0.0017763159768965542, "fwd": 0.02960171699523926, "get_state_time_mean": NaN, "get_state_time_total": 0.0, "grad": 0.04786496162414551, "mean_accuracy": 0.14339999556541444, "mean_loss": 36.767093440399165, "neg_mean_accuracy": -0.09999999403953552, "set_state_time_mean": NaN, "set_state_time_total": 0.0, "setup_model_time_mean": NaN, "setup_model_time_total": 0.0, "setup_proc_time_mean": NaN, "setup_proc_time_total": 0.0, "train_accuracy": 0.16157999634742737, "train_loss": 2.261192751083374, "training_time_mean": NaN, "training_time_total": 0.0, "val_accuracy": 0.09999999403953552, "val_loss": 2.6031957008361815, "validation_time_mean": NaN, "validation_time_total": 0.0, "samples": 60000, "num_workers": 1, "done": false, "timesteps_total": null, "episodes_total": null, "training_iteration": 6, "neg_mean_loss": -36.767093440399165, "experiment_id": "250d45a81e4248199dfe055d5da55f80", "date": "2019-06-03_22-09-26", "timestamp": 1559624966, "time_this_iter_s": 40.75370407104492, "time_total_s": 250.67922067642212, "pid": 6889, "hostname": "steropes", "node_ip": "169.229.49.254", "config": {"starting_lr": 0.5, "momentum": 0.95, "weight_decay": 0.001, "steps_per_iteration": null, "pin": false, "model_creator": null, "target_batch_size": 128, "model_string": "resnet50", "min_batch_size": 128, "dataset": "CIFAR", "placement": null, "use_nccl": true, "devices_per_worker": 1, "primary_resource": "extra_gpu", "gpu": false, "verbose": false, "lr_config": {"mode": "log", "steps": 5, "initial_lr": 0.5, "target_lr": 0.5}, "batch_per_device": 128}, "time_since_restore": 250.67922067642212, "timesteps_since_restore": 0, "iterations_since_restore": 6, "mean_throughput": 1472.1808573973651, "atoms": 1, "setup_time": 12.723905801773071}
{"apply": 0.017662644386291504, "batch_time": 0.03187829029710987, "d2h": 0.0006625652313232422, "data_time": 0.0017695817191277624, "fwd": 0.02823047637939453, "get_state_time_mean": NaN, "get_state_time_total": 0.0, "grad": 0.04856371879577637, "mean_accuracy": 0.1434199959039688, "mean_loss": 2.746902695236206, "neg_mean_accuracy": -0.15719999372959137, "set_state_time_mean": NaN, "set_state_time_total": 0.0, "setup_model_time_mean": NaN, "setup_model_time_total": 0.0, "setup_proc_time_mean": NaN, "setup_proc_time_total": 0.0, "train_accuracy": 0.17080000042915344, "train_loss": 2.218917222366333, "training_time_mean": NaN, "training_time_total": 0.0, "val_accuracy": 0.15719999372959137, "val_loss": 2.1810249851226806, "validation_time_mean": NaN, "validation_time_total": 0.0, "samples": 60000, "num_workers": 1, "done": false, "timesteps_total": null, "episodes_total": null, "training_iteration": 7, "neg_mean_loss": -2.746902695236206, "experiment_id": "250d45a81e4248199dfe055d5da55f80", "date": "2019-06-03_22-10-07", "timestamp": 1559625007, "time_this_iter_s": 40.8573477268219, "time_total_s": 291.536568403244, "pid": 6889, "hostname": "steropes", "node_ip": "169.229.49.254", "config": {"starting_lr": 0.5, "momentum": 0.95, "weight_decay": 0.001, "steps_per_iteration": null, "pin": false, "model_creator": null, "target_batch_size": 128, "model_string": "resnet50", "min_batch_size": 128, "dataset": "CIFAR", "placement": null, "use_nccl": true, "devices_per_worker": 1, "primary_resource": "extra_gpu", "gpu": false, "verbose": false, "lr_config": {"mode": "log", "steps": 5, "initial_lr": 0.5, "target_lr": 0.5}, "batch_per_device": 128}, "time_since_restore": 291.536568403244, "timesteps_since_restore": 0, "iterations_since_restore": 7, "mean_throughput": 1472.3425819053243, "atoms": 1, "setup_time": 12.723905801773071}
{"apply": 0.017453432083129883, "batch_time": 0.03196366225616842, "d2h": 0.0006303071975708007, "data_time": 0.0017889899670925286, "fwd": 0.027946662902832032, "get_state_time_mean": NaN, "get_state_time_total": 0.0, "grad": 0.046722006797790525, "mean_accuracy": 0.1367199957370758, "mean_loss": 2.74744532119751, "neg_mean_accuracy": -0.09999999403953552, "set_state_time_mean": NaN, "set_state_time_total": 0.0, "setup_model_time_mean": NaN, "setup_model_time_total": 0.0, "setup_proc_time_mean": NaN, "setup_proc_time_total": 0.0, "train_accuracy": 0.11541999876499176, "train_loss": 2.353808987350464, "training_time_mean": NaN, "training_time_total": 0.0, "val_accuracy": 0.09999999403953552, "val_loss": 2.388969801712036, "validation_time_mean": NaN, "validation_time_total": 0.0, "samples": 60000, "num_workers": 1, "done": false, "timesteps_total": null, "episodes_total": null, "training_iteration": 8, "neg_mean_loss": -2.74744532119751, "experiment_id": "250d45a81e4248199dfe055d5da55f80", "date": "2019-06-03_22-10-47", "timestamp": 1559625047, "time_this_iter_s": 40.34470272064209, "time_total_s": 331.8812711238861, "pid": 6889, "hostname": "steropes", "node_ip": "169.229.49.254", "config": {"starting_lr": 0.5, "momentum": 0.95, "weight_decay": 0.001, "steps_per_iteration": null, "pin": false, "model_creator": null, "target_batch_size": 128, "model_string": "resnet50", "min_batch_size": 128, "dataset": "CIFAR", "placement": null, "use_nccl": true, "devices_per_worker": 1, "primary_resource": "extra_gpu", "gpu": false, "verbose": false, "lr_config": {"mode": "log", "steps": 5, "initial_lr": 0.5, "target_lr": 0.5}, "batch_per_device": 128}, "time_since_restore": 331.8812711238861, "timesteps_since_restore": 0, "iterations_since_restore": 8, "mean_throughput": 1475.2344656724363, "atoms": 1, "setup_time": 12.723905801773071}
{"apply": 0.017474555969238283, "batch_time": 0.031830549240112305, "d2h": 0.0006640434265136718, "data_time": 0.0017589437382300491, "fwd": 0.027850842475891112, "get_state_time_mean": NaN, "get_state_time_total": 0.0, "grad": 0.04781656265258789, "mean_accuracy": 0.12685999572277068, "mean_loss": 2.367061861343384, "neg_mean_accuracy": -0.09999999403953552, "set_state_time_mean": NaN, "set_state_time_total": 0.0, "setup_model_time_mean": NaN, "setup_model_time_total": 0.0, "setup_proc_time_mean": NaN, "setup_proc_time_total": 0.0, "train_accuracy": 0.09888000041246414, "train_loss": 2.407583006134033, "training_time_mean": NaN, "training_time_total": 0.0, "val_accuracy": 0.09999999403953552, "val_loss": 2.3841487674713133, "validation_time_mean": NaN, "validation_time_total": 0.0, "samples": 60000, "num_workers": 1, "done": false, "timesteps_total": null, "episodes_total": null, "training_iteration": 9, "neg_mean_loss": -2.367061861343384, "experiment_id": "250d45a81e4248199dfe055d5da55f80", "date": "2019-06-03_22-11-27", "timestamp": 1559625087, "time_this_iter_s": 40.332653760910034, "time_total_s": 372.21392488479614, "pid": 6889, "hostname": "steropes", "node_ip": "169.229.49.254", "config": {"starting_lr": 0.5, "momentum": 0.95, "weight_decay": 0.001, "steps_per_iteration": null, "pin": false, "model_creator": null, "target_batch_size": 128, "model_string": "resnet50", "min_batch_size": 128, "dataset": "CIFAR", "placement": null, "use_nccl": true, "devices_per_worker": 1, "primary_resource": "extra_gpu", "gpu": false, "verbose": false, "lr_config": {"mode": "log", "steps": 5, "initial_lr": 0.5, "target_lr": 0.5}, "batch_per_device": 128}, "time_since_restore": 372.21392488479614, "timesteps_since_restore": 0, "iterations_since_restore": 9, "mean_throughput": 1478.3176999585178, "atoms": 1, "setup_time": 12.723905801773071}
{"apply": 0.017530155181884766, "batch_time": 0.031737671622747106, "d2h": 0.0006582975387573242, "data_time": 0.0018026005581516743, "fwd": 0.02889411449432373, "get_state_time_mean": NaN, "get_state_time_total": 0.0, "grad": 0.04731707572937012, "mean_accuracy": 0.1114399939775467, "mean_loss": 2.4043496510314943, "neg_mean_accuracy": -0.09999999403953552, "set_state_time_mean": NaN, "set_state_time_total": 0.0, "setup_model_time_mean": NaN, "setup_model_time_total": 0.0, "setup_proc_time_mean": NaN, "setup_proc_time_total": 0.0, "train_accuracy": 0.09811999648809433, "train_loss": 2.4029239405822755, "training_time_mean": NaN, "training_time_total": 0.0, "val_accuracy": 0.09999999403953552, "val_loss": 2.4644090000152588, "validation_time_mean": NaN, "validation_time_total": 0.0, "samples": 60000, "num_workers": 1, "done": false, "timesteps_total": null, "episodes_total": null, "training_iteration": 10, "neg_mean_loss": -2.4043496510314943, "experiment_id": "250d45a81e4248199dfe055d5da55f80", "date": "2019-06-03_22-12-08", "timestamp": 1559625128, "time_this_iter_s": 40.32660984992981, "time_total_s": 412.54053473472595, "pid": 6889, "hostname": "steropes", "node_ip": "169.229.49.254", "config": {"starting_lr": 0.5, "momentum": 0.95, "weight_decay": 0.001, "steps_per_iteration": null, "pin": false, "model_creator": null, "target_batch_size": 128, "model_string": "resnet50", "min_batch_size": 128, "dataset": "CIFAR", "placement": null, "use_nccl": true, "devices_per_worker": 1, "primary_resource": "extra_gpu", "gpu": false, "verbose": false, "lr_config": {"mode": "log", "steps": 5, "initial_lr": 0.5, "target_lr": 0.5}, "batch_per_device": 128}, "time_since_restore": 412.54053473472595, "timesteps_since_restore": 0, "iterations_since_restore": 10, "mean_throughput": 1480.6374127569222, "atoms": 1, "setup_time": 12.723905801773071}
{"apply": 0.0174731969833374, "batch_time": 0.03144069864780088, "d2h": 0.0006585597991943359, "data_time": 0.0017664700822757028, "fwd": 0.027779555320739745, "get_state_time_mean": NaN, "get_state_time_total": 0.0, "grad": 0.04691915512084961, "mean_accuracy": 0.1114399939775467, "mean_loss": 2.3560294033050537, "neg_mean_accuracy": -0.09999999403953552, "set_state_time_mean": NaN, "set_state_time_total": 0.0, "setup_model_time_mean": NaN, "setup_model_time_total": 0.0, "setup_proc_time_mean": NaN, "setup_proc_time_total": 0.0, "train_accuracy": 0.1001800000667572, "train_loss": 2.411693689804077, "training_time_mean": NaN, "training_time_total": 0.0, "val_accuracy": 0.09999999403953552, "val_loss": 2.3615944622039793, "validation_time_mean": NaN, "validation_time_total": 0.0, "samples": 60000, "num_workers": 1, "done": false, "timesteps_total": null, "episodes_total": null, "training_iteration": 11, "neg_mean_loss": -2.3560294033050537, "experiment_id": "250d45a81e4248199dfe055d5da55f80", "date": "2019-06-03_22-12-48", "timestamp": 1559625168, "time_this_iter_s": 40.141812562942505, "time_total_s": 452.68234729766846, "pid": 6889, "hostname": "steropes", "node_ip": "169.229.49.254", "config": {"starting_lr": 0.5, "momentum": 0.95, "weight_decay": 0.001, "steps_per_iteration": null, "pin": false, "model_creator": null, "target_batch_size": 128, "model_string": "resnet50", "min_batch_size": 128, "dataset": "CIFAR", "placement": null, "use_nccl": true, "devices_per_worker": 1, "primary_resource": "extra_gpu", "gpu": false, "verbose": false, "lr_config": {"mode": "log", "steps": 5, "initial_lr": 0.5, "target_lr": 0.5}, "batch_per_device": 128}, "time_since_restore": 452.68234729766846, "timesteps_since_restore": 0, "iterations_since_restore": 11, "mean_throughput": 1485.1224723846933, "atoms": 1, "setup_time": 12.723905801773071}
{"apply": 0.017529869079589845, "batch_time": 0.031777949272831785, "d2h": 0.0006747722625732421, "data_time": 0.0017496880972781754, "fwd": 0.028205680847167968, "get_state_time_mean": NaN, "get_state_time_total": 0.0, "grad": 0.04859845638275147, "mean_accuracy": 0.09999999403953552, "mean_loss": 2.4055453686523434, "neg_mean_accuracy": -0.09999999403953552, "set_state_time_mean": NaN, "set_state_time_total": 0.0, "setup_model_time_mean": NaN, "setup_model_time_total": 0.0, "setup_proc_time_mean": NaN, "setup_proc_time_total": 0.0, "train_accuracy": 0.09893999993801117, "train_loss": 2.418260491485596, "training_time_mean": NaN, "training_time_total": 0.0, "val_accuracy": 0.09999999403953552, "val_loss": 2.428604811859131, "validation_time_mean": NaN, "validation_time_total": 0.0, "samples": 60000, "num_workers": 1, "done": false, "timesteps_total": null, "episodes_total": null, "training_iteration": 12, "neg_mean_loss": -2.4055453686523434, "experiment_id": "250d45a81e4248199dfe055d5da55f80", "date": "2019-06-03_22-13-28", "timestamp": 1559625208, "time_this_iter_s": 40.16987466812134, "time_total_s": 492.8522219657898, "pid": 6889, "hostname": "steropes", "node_ip": "169.229.49.254", "config": {"starting_lr": 0.5, "momentum": 0.95, "weight_decay": 0.001, "steps_per_iteration": null, "pin": false, "model_creator": null, "target_batch_size": 128, "model_string": "resnet50", "min_batch_size": 128, "dataset": "CIFAR", "placement": null, "use_nccl": true, "devices_per_worker": 1, "primary_resource": "extra_gpu", "gpu": false, "verbose": false, "lr_config": {"mode": "log", "steps": 5, "initial_lr": 0.5, "target_lr": 0.5}, "batch_per_device": 128}, "time_since_restore": 492.8522219657898, "timesteps_since_restore": 0, "iterations_since_restore": 12, "mean_throughput": 1490.1940524891324, "atoms": 1, "setup_time": 12.723905801773071}
{"apply": 0.018909144401550292, "batch_time": 0.0319849448867991, "d2h": 0.000784754753112793, "data_time": 0.0017685097501710858, "fwd": 0.02912898063659668, "get_state_time_mean": NaN, "get_state_time_total": 0.0, "grad": 0.04740860462188721, "mean_accuracy": 0.09999999403953552, "mean_loss": 2.406538012619018, "neg_mean_accuracy": -0.09999999403953552, "set_state_time_mean": NaN, "set_state_time_total": 0.0, "setup_model_time_mean": NaN, "setup_model_time_total": 0.0, "setup_proc_time_mean": NaN, "setup_proc_time_total": 0.0, "train_accuracy": 0.09798000007867813, "train_loss": 2.4109174604797365, "training_time_mean": NaN, "training_time_total": 0.0, "val_accuracy": 0.09999999403953552, "val_loss": 2.39393302154541, "validation_time_mean": NaN, "validation_time_total": 0.0, "samples": 60000, "num_workers": 1, "done": false, "timesteps_total": null, "episodes_total": null, "training_iteration": 13, "neg_mean_loss": -2.406538012619018, "experiment_id": "250d45a81e4248199dfe055d5da55f80", "date": "2019-06-03_22-14-08", "timestamp": 1559625248, "time_this_iter_s": 40.38823580741882, "time_total_s": 533.2404577732086, "pid": 6889, "hostname": "steropes", "node_ip": "169.229.49.254", "config": {"starting_lr": 0.5, "momentum": 0.95, "weight_decay": 0.001, "steps_per_iteration": null, "pin": false, "model_creator": null, "target_batch_size": 128, "model_string": "resnet50", "min_batch_size": 128, "dataset": "CIFAR", "placement": null, "use_nccl": true, "devices_per_worker": 1, "primary_resource": "extra_gpu", "gpu": false, "verbose": false, "lr_config": {"mode": "log", "steps": 5, "initial_lr": 0.5, "target_lr": 0.5}, "batch_per_device": 128}, "time_since_restore": 533.2404577732086, "timesteps_since_restore": 0, "iterations_since_restore": 13, "mean_throughput": 1489.8713849438273, "atoms": 1, "setup_time": 12.723905801773071}
{"apply": 0.017830467224121092, "batch_time": 0.03187135503261904, "d2h": 0.0006262779235839844, "data_time": 0.0017836770743055418, "fwd": 0.027889108657836913, "get_state_time_mean": NaN, "get_state_time_total": 0.0, "grad": 0.047309350967407224, "mean_accuracy": 0.09999999403953552, "mean_loss": 2.413200210571289, "neg_mean_accuracy": -0.09999999403953552, "set_state_time_mean": NaN, "set_state_time_total": 0.0, "setup_model_time_mean": NaN, "setup_model_time_total": 0.0, "setup_proc_time_mean": NaN, "setup_proc_time_total": 0.0, "train_accuracy": 0.10113999992609024, "train_loss": 2.4134217150878907, "training_time_mean": NaN, "training_time_total": 0.0, "val_accuracy": 0.09999999403953552, "val_loss": 2.417459757232666, "validation_time_mean": NaN, "validation_time_total": 0.0, "samples": 60000, "num_workers": 1, "done": false, "timesteps_total": null, "episodes_total": null, "training_iteration": 14, "neg_mean_loss": -2.413200210571289, "experiment_id": "250d45a81e4248199dfe055d5da55f80", "date": "2019-06-03_22-14-49", "timestamp": 1559625289, "time_this_iter_s": 40.36422944068909, "time_total_s": 573.6046872138977, "pid": 6889, "hostname": "steropes", "node_ip": "169.229.49.254", "config": {"starting_lr": 0.5, "momentum": 0.95, "weight_decay": 0.001, "steps_per_iteration": null, "pin": false, "model_creator": null, "target_batch_size": 128, "model_string": "resnet50", "min_batch_size": 128, "dataset": "CIFAR", "placement": null, "use_nccl": true, "devices_per_worker": 1, "primary_resource": "extra_gpu", "gpu": false, "verbose": false, "lr_config": {"mode": "log", "steps": 5, "initial_lr": 0.5, "target_lr": 0.5}, "batch_per_device": 128}, "time_since_restore": 573.6046872138977, "timesteps_since_restore": 0, "iterations_since_restore": 14, "mean_throughput": 1489.6379006953905, "atoms": 1, "setup_time": 12.723905801773071}
{"apply": 0.017411518096923827, "batch_time": 0.0317913912519624, "d2h": 0.0006763219833374023, "data_time": 0.00175536258141403, "fwd": 0.02779085636138916, "get_state_time_mean": NaN, "get_state_time_total": 0.0, "grad": 0.04748847484588623, "mean_accuracy": 0.09999999403953552, "mean_loss": 2.405266643371582, "neg_mean_accuracy": -0.09999999403953552, "set_state_time_mean": NaN, "set_state_time_total": 0.0, "setup_model_time_mean": NaN, "setup_model_time_total": 0.0, "setup_proc_time_mean": NaN, "setup_proc_time_total": 0.0, "train_accuracy": 0.10153999924659729, "train_loss": 2.4088210890960693, "training_time_mean": NaN, "training_time_total": 0.0, "val_accuracy": 0.09999999403953552, "val_loss": 2.424741164016724, "validation_time_mean": NaN, "validation_time_total": 0.0, "samples": 60000, "num_workers": 1, "done": false, "timesteps_total": null, "episodes_total": null, "training_iteration": 15, "neg_mean_loss": -2.405266643371582, "experiment_id": "250d45a81e4248199dfe055d5da55f80", "date": "2019-06-03_22-15-29", "timestamp": 1559625329, "time_this_iter_s": 40.278217792510986, "time_total_s": 613.8829050064087, "pid": 6889, "hostname": "steropes", "node_ip": "169.229.49.254", "config": {"starting_lr": 0.5, "momentum": 0.95, "weight_decay": 0.001, "steps_per_iteration": null, "pin": false, "model_creator": null, "target_batch_size": 128, "model_string": "resnet50", "min_batch_size": 128, "dataset": "CIFAR", "placement": null, "use_nccl": true, "devices_per_worker": 1, "primary_resource": "extra_gpu", "gpu": false, "verbose": false, "lr_config": {"mode": "log", "steps": 5, "initial_lr": 0.5, "target_lr": 0.5}, "batch_per_device": 128}, "time_since_restore": 613.8829050064087, "timesteps_since_restore": 0, "iterations_since_restore": 15, "mean_throughput": 1489.995900049206, "atoms": 1, "setup_time": 12.723905801773071}
{"apply": 0.017876410484313966, "batch_time": 0.03219294548034668, "d2h": 0.0006433486938476563, "data_time": 0.0017702603888938495, "fwd": 0.028558635711669923, "get_state_time_mean": NaN, "get_state_time_total": 0.0, "grad": 0.04703516960144043, "mean_accuracy": 0.09999999403953552, "mean_loss": 2.4068601538085934, "neg_mean_accuracy": -0.09999999403953552, "set_state_time_mean": NaN, "set_state_time_total": 0.0, "setup_model_time_mean": NaN, "setup_model_time_total": 0.0, "setup_proc_time_mean": NaN, "setup_proc_time_total": 0.0, "train_accuracy": 0.09995999932289124, "train_loss": 2.4018821659851075, "training_time_mean": NaN, "training_time_total": 0.0, "val_accuracy": 0.09999999403953552, "val_loss": 2.369562014389038, "validation_time_mean": NaN, "validation_time_total": 0.0, "samples": 60000, "num_workers": 1, "done": false, "timesteps_total": null, "episodes_total": null, "training_iteration": 16, "neg_mean_loss": -2.4068601538085934, "experiment_id": "250d45a81e4248199dfe055d5da55f80", "date": "2019-06-03_22-16-09", "timestamp": 1559625369, "time_this_iter_s": 40.17431926727295, "time_total_s": 654.0572242736816, "pid": 6889, "hostname": "steropes", "node_ip": "169.229.49.254", "config": {"starting_lr": 0.5, "momentum": 0.95, "weight_decay": 0.001, "steps_per_iteration": null, "pin": false, "model_creator": null, "target_batch_size": 128, "model_string": "resnet50", "min_batch_size": 128, "dataset": "CIFAR", "placement": null, "use_nccl": true, "devices_per_worker": 1, "primary_resource": "extra_gpu", "gpu": false, "verbose": false, "lr_config": {"mode": "log", "steps": 5, "initial_lr": 0.5, "target_lr": 0.5}, "batch_per_device": 128}, "time_since_restore": 654.0572242736816, "timesteps_since_restore": 0, "iterations_since_restore": 16, "mean_throughput": 1489.7553568279811, "atoms": 1, "setup_time": 12.723905801773071}
{"apply": 0.01754107475280762, "batch_time": 0.03224008596396145, "d2h": 0.0006695270538330078, "data_time": 0.0017747415606018222, "fwd": 0.02842741012573242, "get_state_time_mean": NaN, "get_state_time_total": 0.0, "grad": 0.04751055240631104, "mean_accuracy": 0.09999999403953552, "mean_loss": 2.3992822583007816, "neg_mean_accuracy": -0.09999999403953552, "set_state_time_mean": NaN, "set_state_time_total": 0.0, "setup_model_time_mean": NaN, "setup_model_time_total": 0.0, "setup_proc_time_mean": NaN, "setup_proc_time_total": 0.0, "train_accuracy": 0.09919999539852142, "train_loss": 2.4142604224395754, "training_time_mean": NaN, "training_time_total": 0.0, "val_accuracy": 0.09999999403953552, "val_loss": 2.390715334320068, "validation_time_mean": NaN, "validation_time_total": 0.0, "samples": 60000, "num_workers": 1, "done": false, "timesteps_total": null, "episodes_total": null, "training_iteration": 17, "neg_mean_loss": -2.3992822583007816, "experiment_id": "250d45a81e4248199dfe055d5da55f80", "date": "2019-06-03_22-16-49", "timestamp": 1559625409, "time_this_iter_s": 40.26415205001831, "time_total_s": 694.3213763237, "pid": 6889, "hostname": "steropes", "node_ip": "169.229.49.254", "config": {"starting_lr": 0.5, "momentum": 0.95, "weight_decay": 0.001, "steps_per_iteration": null, "pin": false, "model_creator": null, "target_batch_size": 128, "model_string": "resnet50", "min_batch_size": 128, "dataset": "CIFAR", "placement": null, "use_nccl": true, "devices_per_worker": 1, "primary_resource": "extra_gpu", "gpu": false, "verbose": false, "lr_config": {"mode": "log", "steps": 5, "initial_lr": 0.5, "target_lr": 0.5}, "batch_per_device": 128}, "time_since_restore": 694.3213763237, "timesteps_since_restore": 0, "iterations_since_restore": 17, "mean_throughput": 1489.0581965171618, "atoms": 1, "setup_time": 12.723905801773071}
{"apply": 0.017590045928955078, "batch_time": 0.03143579145021076, "d2h": 0.0006375789642333984, "data_time": 0.0017739348399364735, "fwd": 0.028885912895202637, "get_state_time_mean": NaN, "get_state_time_total": 0.0, "grad": 0.04746015071868896, "mean_accuracy": 0.09999999403953552, "mean_loss": 2.398184766540527, "neg_mean_accuracy": -0.09999999403953552, "set_state_time_mean": NaN, "set_state_time_total": 0.0, "setup_model_time_mean": NaN, "setup_model_time_total": 0.0, "setup_proc_time_mean": NaN, "setup_proc_time_total": 0.0, "train_accuracy": 0.10157999396324158, "train_loss": 2.4128807749938965, "training_time_mean": NaN, "training_time_total": 0.0, "val_accuracy": 0.09999999403953552, "val_loss": 2.3884455627441405, "validation_time_mean": NaN, "validation_time_total": 0.0, "samples": 60000, "num_workers": 1, "done": false, "timesteps_total": null, "episodes_total": null, "training_iteration": 18, "neg_mean_loss": -2.398184766540527, "experiment_id": "250d45a81e4248199dfe055d5da55f80", "date": "2019-06-03_22-17-30", "timestamp": 1559625450, "time_this_iter_s": 40.178390979766846, "time_total_s": 734.4997673034668, "pid": 6889, "hostname": "steropes", "node_ip": "169.229.49.254", "config": {"starting_lr": 0.5, "momentum": 0.95, "weight_decay": 0.001, "steps_per_iteration": null, "pin": false, "model_creator": null, "target_batch_size": 128, "model_string": "resnet50", "min_batch_size": 128, "dataset": "CIFAR", "placement": null, "use_nccl": true, "devices_per_worker": 1, "primary_resource": "extra_gpu", "gpu": false, "verbose": false, "lr_config": {"mode": "log", "steps": 5, "initial_lr": 0.5, "target_lr": 0.5}, "batch_per_device": 128}, "time_since_restore": 734.4997673034668, "timesteps_since_restore": 0, "iterations_since_restore": 18, "mean_throughput": 1490.611233657936, "atoms": 1, "setup_time": 12.723905801773071}
{"apply": 0.01750061511993408, "batch_time": 0.03156389767610574, "d2h": 0.0006322145462036132, "data_time": 0.001767532294973388, "fwd": 0.02787504196166992, "get_state_time_mean": NaN, "get_state_time_total": 0.0, "grad": 0.04734435081481934, "mean_accuracy": 0.09999999403953552, "mean_loss": 2.3805415850067138, "neg_mean_accuracy": -0.09999999403953552, "set_state_time_mean": NaN, "set_state_time_total": 0.0, "setup_model_time_mean": NaN, "setup_model_time_total": 0.0, "setup_proc_time_mean": NaN, "setup_proc_time_total": 0.0, "train_accuracy": 0.10253999382257462, "train_loss": 2.408932971343994, "training_time_mean": NaN, "training_time_total": 0.0, "val_accuracy": 0.09999999403953552, "val_loss": 2.3292438495635985, "validation_time_mean": NaN, "validation_time_total": 0.0, "samples": 60000, "num_workers": 1, "done": false, "timesteps_total": null, "episodes_total": null, "training_iteration": 19, "neg_mean_loss": -2.3805415850067138, "experiment_id": "250d45a81e4248199dfe055d5da55f80", "date": "2019-06-03_22-18-10", "timestamp": 1559625490, "time_this_iter_s": 40.29666543006897, "time_total_s": 774.7964327335358, "pid": 6889, "hostname": "steropes", "node_ip": "169.229.49.254", "config": {"starting_lr": 0.5, "momentum": 0.95, "weight_decay": 0.001, "steps_per_iteration": null, "pin": false, "model_creator": null, "target_batch_size": 128, "model_string": "resnet50", "min_batch_size": 128, "dataset": "CIFAR", "placement": null, "use_nccl": true, "devices_per_worker": 1, "primary_resource": "extra_gpu", "gpu": false, "verbose": false, "lr_config": {"mode": "log", "steps": 5, "initial_lr": 0.5, "target_lr": 0.5}, "batch_per_device": 128}, "time_since_restore": 774.7964327335358, "timesteps_since_restore": 0, "iterations_since_restore": 19, "mean_throughput": 1491.1118435487067, "atoms": 1, "setup_time": 12.723905801773071}
{"apply": 0.01764969825744629, "batch_time": 0.031953205036211615, "d2h": 0.0006755113601684571, "data_time": 0.0017951120196096123, "fwd": 0.02817356586456299, "get_state_time_mean": NaN, "get_state_time_total": 0.0, "grad": 0.04746310710906983, "mean_accuracy": 0.09999999403953552, "mean_loss": 2.390109228286743, "neg_mean_accuracy": -0.09999999403953552, "set_state_time_mean": NaN, "set_state_time_total": 0.0, "setup_model_time_mean": NaN, "setup_model_time_total": 0.0, "setup_proc_time_mean": NaN, "setup_proc_time_total": 0.0, "train_accuracy": 0.10063999891281128, "train_loss": 2.4040189379119874, "training_time_mean": NaN, "training_time_total": 0.0, "val_accuracy": 0.09999999403953552, "val_loss": 2.47257938041687, "validation_time_mean": NaN, "validation_time_total": 0.0, "samples": 60000, "num_workers": 1, "done": false, "timesteps_total": null, "episodes_total": null, "training_iteration": 20, "neg_mean_loss": -2.390109228286743, "experiment_id": "250d45a81e4248199dfe055d5da55f80", "date": "2019-06-03_22-18-50", "timestamp": 1559625530, "time_this_iter_s": 40.4917573928833, "time_total_s": 815.2881901264191, "pid": 6889, "hostname": "steropes", "node_ip": "169.229.49.254", "config": {"starting_lr": 0.5, "momentum": 0.95, "weight_decay": 0.001, "steps_per_iteration": null, "pin": false, "model_creator": null, "target_batch_size": 128, "model_string": "resnet50", "min_batch_size": 128, "dataset": "CIFAR", "placement": null, "use_nccl": true, "devices_per_worker": 1, "primary_resource": "extra_gpu", "gpu": false, "verbose": false, "lr_config": {"mode": "log", "steps": 5, "initial_lr": 0.5, "target_lr": 0.5}, "batch_per_device": 128}, "time_since_restore": 815.2881901264191, "timesteps_since_restore": 0, "iterations_since_restore": 20, "mean_throughput": 1489.5308750960153, "atoms": 1, "setup_time": 12.723905801773071}
{"apply": 0.01764965057373047, "batch_time": 0.0317073984991146, "d2h": 0.0006567955017089844, "data_time": 0.0017524954608029418, "fwd": 0.028400063514709473, "get_state_time_mean": NaN, "get_state_time_total": 0.0, "grad": 0.04716181755065918, "mean_accuracy": 0.09999999403953552, "mean_loss": 2.4047365599060053, "neg_mean_accuracy": -0.09999999403953552, "set_state_time_mean": NaN, "set_state_time_total": 0.0, "setup_model_time_mean": NaN, "setup_model_time_total": 0.0, "setup_proc_time_mean": NaN, "setup_proc_time_total": 0.0, "train_accuracy": 0.1001800000667572, "train_loss": 2.4136622870635986, "training_time_mean": NaN, "training_time_total": 0.0, "val_accuracy": 0.09999999403953552, "val_loss": 2.4426986724853514, "validation_time_mean": NaN, "validation_time_total": 0.0, "samples": 60000, "num_workers": 1, "done": false, "timesteps_total": null, "episodes_total": null, "training_iteration": 21, "neg_mean_loss": -2.4047365599060053, "experiment_id": "250d45a81e4248199dfe055d5da55f80", "date": "2019-06-03_22-19-31", "timestamp": 1559625571, "time_this_iter_s": 40.340758323669434, "time_total_s": 855.6289484500885, "pid": 6889, "hostname": "steropes", "node_ip": "169.229.49.254", "config": {"starting_lr": 0.5, "momentum": 0.95, "weight_decay": 0.001, "steps_per_iteration": null, "pin": false, "model_creator": null, "target_batch_size": 128, "model_string": "resnet50", "min_batch_size": 128, "dataset": "CIFAR", "placement": null, "use_nccl": true, "devices_per_worker": 1, "primary_resource": "extra_gpu", "gpu": false, "verbose": false, "lr_config": {"mode": "log", "steps": 5, "initial_lr": 0.5, "target_lr": 0.5}, "batch_per_device": 128}, "time_since_restore": 855.6289484500885, "timesteps_since_restore": 0, "iterations_since_restore": 21, "mean_throughput": 1488.300951900314, "atoms": 1, "setup_time": 12.723905801773071}
