{"apply": 0.017038249969482423, "batch_time": 0.04287133639371848, "d2h": 0.000670933723449707, "data_time": 0.0018392438473908799, "fwd": 0.1853257179260254, "get_state_time_mean": NaN, "get_state_time_total": 0.0, "grad": 0.22294907569885253, "mean_accuracy": 0.10379999876022339, "mean_loss": 361.31913855438233, "neg_mean_accuracy": -0.10379999876022339, "set_state_time_mean": NaN, "set_state_time_total": 0.0, "setup_model_time_mean": 23.995603799819946, "setup_model_time_total": 23.995603799819946, "setup_proc_time_mean": 1.77333664894104, "setup_proc_time_total": 1.77333664894104, "train_accuracy": 0.09857999533414841, "train_loss": 5.312689568634033, "training_time_mean": NaN, "training_time_total": 0.0, "val_accuracy": 0.10379999876022339, "val_loss": 361.31913855438233, "validation_time_mean": NaN, "validation_time_total": 0.0, "samples": 60000, "num_workers": 1, "done": false, "timesteps_total": null, "episodes_total": null, "training_iteration": 1, "neg_mean_loss": -361.31913855438233, "experiment_id": "5f9993814b454232adf60ee0840ed438", "date": "2019-06-03_04-07-16", "timestamp": 1559560036, "time_this_iter_s": 46.49687385559082, "time_total_s": 46.49687385559082, "pid": 16910, "hostname": "steropes", "node_ip": "169.229.49.254", "config": {"starting_lr": 0.05, "momentum": 0.997, "weight_decay": 0.0001, "steps_per_iteration": null, "pin": false, "model_creator": null, "target_batch_size": 128, "model_string": "resnet50", "min_batch_size": 128, "dataset": "CIFAR", "placement": null, "use_nccl": true, "devices_per_worker": 1, "primary_resource": "extra_gpu", "gpu": false, "verbose": false, "lr_config": {"mode": "log", "steps": 5, "initial_lr": 0.05, "target_lr": 0.05}, "batch_per_device": 128}, "time_since_restore": 46.49687385559082, "timesteps_since_restore": 0, "iterations_since_restore": 1, "mean_throughput": 1290.4067595553747, "atoms": 1, "setup_time": 25.86381483078003}
{"apply": 0.017076277732849122, "batch_time": 0.031187187267255178, "d2h": 0.0006563663482666016, "data_time": 0.0017916948898978856, "fwd": 0.027268409729003906, "get_state_time_mean": NaN, "get_state_time_total": 0.0, "grad": 0.04656760692596436, "mean_accuracy": 0.10249999910593033, "mean_loss": 182.36204821472168, "neg_mean_accuracy": -0.10119999945163727, "set_state_time_mean": NaN, "set_state_time_total": 0.0, "setup_model_time_mean": NaN, "setup_model_time_total": 0.0, "setup_proc_time_mean": NaN, "setup_proc_time_total": 0.0, "train_accuracy": 0.1029599979519844, "train_loss": 2.848550565948486, "training_time_mean": NaN, "training_time_total": 0.0, "val_accuracy": 0.10119999945163727, "val_loss": 3.404957875061035, "validation_time_mean": NaN, "validation_time_total": 0.0, "samples": 60000, "num_workers": 1, "done": false, "timesteps_total": null, "episodes_total": null, "training_iteration": 2, "neg_mean_loss": -182.36204821472168, "experiment_id": "5f9993814b454232adf60ee0840ed438", "date": "2019-06-03_04-07-56", "timestamp": 1559560076, "time_this_iter_s": 39.4972083568573, "time_total_s": 85.99408221244812, "pid": 16910, "hostname": "steropes", "node_ip": "169.229.49.254", "config": {"starting_lr": 0.05, "momentum": 0.997, "weight_decay": 0.0001, "steps_per_iteration": null, "pin": false, "model_creator": null, "target_batch_size": 128, "model_string": "resnet50", "min_batch_size": 128, "dataset": "CIFAR", "placement": null, "use_nccl": true, "devices_per_worker": 1, "primary_resource": "extra_gpu", "gpu": false, "verbose": false, "lr_config": {"mode": "log", "steps": 5, "initial_lr": 0.05, "target_lr": 0.05}, "batch_per_device": 128}, "time_since_restore": 85.99408221244812, "timesteps_since_restore": 0, "iterations_since_restore": 2, "mean_throughput": 1395.4420394387748, "atoms": 1, "setup_time": 25.86381483078003}
{"apply": 0.016583847999572753, "batch_time": 0.03164023387281201, "d2h": 0.0006818056106567382, "data_time": 0.0017950449453290466, "fwd": 0.0272524356842041, "get_state_time_mean": NaN, "get_state_time_total": 0.0, "grad": 0.04609498977661133, "mean_accuracy": 0.10183333108822505, "mean_loss": 122.37633291333516, "neg_mean_accuracy": -0.10049999505281448, "set_state_time_mean": NaN, "set_state_time_total": 0.0, "setup_model_time_mean": NaN, "setup_model_time_total": 0.0, "setup_proc_time_mean": NaN, "setup_proc_time_total": 0.0, "train_accuracy": 0.1030999943614006, "train_loss": 2.4570476350402832, "training_time_mean": NaN, "training_time_total": 0.0, "val_accuracy": 0.10049999505281448, "val_loss": 2.4049023105621337, "validation_time_mean": NaN, "validation_time_total": 0.0, "samples": 60000, "num_workers": 1, "done": true, "timesteps_total": null, "episodes_total": null, "training_iteration": 3, "neg_mean_loss": -122.37633291333516, "experiment_id": "5f9993814b454232adf60ee0840ed438", "date": "2019-06-03_04-08-35", "timestamp": 1559560115, "time_this_iter_s": 39.58120846748352, "time_total_s": 125.57529067993164, "pid": 16910, "hostname": "steropes", "node_ip": "169.229.49.254", "config": {"starting_lr": 0.05, "momentum": 0.997, "weight_decay": 0.0001, "steps_per_iteration": null, "pin": false, "model_creator": null, "target_batch_size": 128, "model_string": "resnet50", "min_batch_size": 128, "dataset": "CIFAR", "placement": null, "use_nccl": true, "devices_per_worker": 1, "primary_resource": "extra_gpu", "gpu": false, "verbose": false, "lr_config": {"mode": "log", "steps": 5, "initial_lr": 0.05, "target_lr": 0.05}, "batch_per_device": 128}, "time_since_restore": 125.57529067993164, "timesteps_since_restore": 0, "iterations_since_restore": 3, "mean_throughput": 1433.4000627770508, "atoms": 1, "setup_time": 25.86381483078003}
