{"apply": 0.01742403507232666, "batch_time": 0.04195358783383913, "d2h": 0.0006891965866088867, "data_time": 0.001997578174561796, "fwd": 0.11908526420593261, "get_state_time_mean": NaN, "get_state_time_total": 0.0, "grad": 0.22406165599822997, "mean_accuracy": 0.09999999403953552, "mean_loss": 69709225884280.42, "neg_mean_accuracy": -0.09999999403953552, "set_state_time_mean": NaN, "set_state_time_total": 0.0, "setup_model_time_mean": 9.186450481414795, "setup_model_time_total": 9.186450481414795, "setup_proc_time_mean": 0.2825026512145996, "setup_proc_time_total": 0.2825026512145996, "train_accuracy": 0.10255999863147736, "train_loss": 90153.69107550659, "training_time_mean": NaN, "training_time_total": 0.0, "val_accuracy": 0.09999999403953552, "val_loss": 69709225884280.42, "validation_time_mean": NaN, "validation_time_total": 0.0, "samples": 60000, "num_workers": 1, "done": false, "timesteps_total": null, "episodes_total": null, "training_iteration": 1, "neg_mean_loss": -69709225884280.42, "experiment_id": "8aedd1371b454a92be29f069367be049", "date": "2019-06-03_04-41-08", "timestamp": 1559562068, "time_this_iter_s": 48.66865682601929, "time_total_s": 48.66865682601929, "pid": 21065, "hostname": "steropes", "node_ip": "169.229.49.254", "config": {"starting_lr": 0.5, "momentum": 0.997, "weight_decay": 0.0005, "steps_per_iteration": null, "pin": false, "model_creator": null, "target_batch_size": 128, "model_string": "resnet50", "min_batch_size": 128, "dataset": "CIFAR", "placement": null, "use_nccl": true, "devices_per_worker": 1, "primary_resource": "extra_gpu", "gpu": false, "verbose": false, "lr_config": {"mode": "log", "steps": 5, "initial_lr": 0.5, "target_lr": 0.5}, "batch_per_device": 128}, "time_since_restore": 48.66865682601929, "timesteps_since_restore": 0, "iterations_since_restore": 1, "mean_throughput": 1232.8242562097723, "atoms": 1, "setup_time": 11.634900093078613}
{"apply": 0.018954920768737792, "batch_time": 0.032916455329218997, "d2h": 0.0007192373275756836, "data_time": 0.0019523097426080338, "fwd": 0.028910231590270997, "get_state_time_mean": NaN, "get_state_time_total": 0.0, "grad": 0.04856033325195312, "mean_accuracy": 0.100249994546175, "mean_loss": 112918786939551.75, "neg_mean_accuracy": -0.10049999505281448, "set_state_time_mean": NaN, "set_state_time_total": 0.0, "setup_model_time_mean": NaN, "setup_model_time_total": 0.0, "setup_proc_time_mean": NaN, "setup_proc_time_total": 0.0, "train_accuracy": 0.1014999970793724, "train_loss": 84156071925.04388, "training_time_mean": NaN, "training_time_total": 0.0, "val_accuracy": 0.10049999505281448, "val_loss": 156128347994823.06, "validation_time_mean": NaN, "validation_time_total": 0.0, "samples": 60000, "num_workers": 1, "done": false, "timesteps_total": null, "episodes_total": null, "training_iteration": 2, "neg_mean_loss": -112918786939551.75, "experiment_id": "8aedd1371b454a92be29f069367be049", "date": "2019-06-03_04-41-50", "timestamp": 1559562110, "time_this_iter_s": 41.63376545906067, "time_total_s": 90.30242228507996, "pid": 21065, "hostname": "steropes", "node_ip": "169.229.49.254", "config": {"starting_lr": 0.5, "momentum": 0.997, "weight_decay": 0.0005, "steps_per_iteration": null, "pin": false, "model_creator": null, "target_batch_size": 128, "model_string": "resnet50", "min_batch_size": 128, "dataset": "CIFAR", "placement": null, "use_nccl": true, "devices_per_worker": 1, "primary_resource": "extra_gpu", "gpu": false, "verbose": false, "lr_config": {"mode": "log", "steps": 5, "initial_lr": 0.5, "target_lr": 0.5}, "batch_per_device": 128}, "time_since_restore": 90.30242228507996, "timesteps_since_restore": 0, "iterations_since_restore": 2, "mean_throughput": 1328.8656711209192, "atoms": 1, "setup_time": 11.634900093078613}
{"apply": 0.018235659599304198, "batch_time": 0.03284687331960171, "d2h": 0.0008175373077392578, "data_time": 0.0019498603118350134, "fwd": 0.028481197357177735, "get_state_time_mean": NaN, "get_state_time_total": 0.0, "grad": 0.048386025428771975, "mean_accuracy": 0.06683332969745, "mean_loss": NaN, "neg_mean_accuracy": -0.0, "set_state_time_mean": NaN, "set_state_time_total": 0.0, "setup_model_time_mean": NaN, "setup_model_time_total": 0.0, "setup_proc_time_mean": NaN, "setup_proc_time_total": 0.0, "train_accuracy": 0.05875999853014946, "train_loss": NaN, "training_time_mean": NaN, "training_time_total": 0.0, "val_accuracy": 0.0, "val_loss": NaN, "validation_time_mean": NaN, "validation_time_total": 0.0, "samples": 60000, "num_workers": 1, "done": true, "timesteps_total": null, "episodes_total": null, "training_iteration": 3, "neg_mean_loss": NaN, "experiment_id": "8aedd1371b454a92be29f069367be049", "date": "2019-06-03_04-42-32", "timestamp": 1559562152, "time_this_iter_s": 41.48566746711731, "time_total_s": 131.78808975219727, "pid": 21065, "hostname": "steropes", "node_ip": "169.229.49.254", "config": {"starting_lr": 0.5, "momentum": 0.997, "weight_decay": 0.0005, "steps_per_iteration": null, "pin": false, "model_creator": null, "target_batch_size": 128, "model_string": "resnet50", "min_batch_size": 128, "dataset": "CIFAR", "placement": null, "use_nccl": true, "devices_per_worker": 1, "primary_resource": "extra_gpu", "gpu": false, "verbose": false, "lr_config": {"mode": "log", "steps": 5, "initial_lr": 0.5, "target_lr": 0.5}, "batch_per_device": 128}, "time_since_restore": 131.78808975219727, "timesteps_since_restore": 0, "iterations_since_restore": 3, "mean_throughput": 1365.825619410538, "atoms": 1, "setup_time": 11.634900093078613}
