{"apply": 0.018186020851135253, "batch_time": 0.04099467132664934, "d2h": 0.0007122039794921875, "data_time": 0.0018328041066903898, "fwd": 0.11649813652038574, "get_state_time_mean": NaN, "get_state_time_total": 0.0, "grad": 0.1659090280532837, "mean_accuracy": 0.2502000033855438, "mean_loss": 2.212639707183838, "neg_mean_accuracy": -0.2502000033855438, "set_state_time_mean": NaN, "set_state_time_total": 0.0, "setup_model_time_mean": 8.279675960540771, "setup_model_time_total": 8.279675960540771, "setup_proc_time_mean": 0.21196365356445312, "setup_proc_time_total": 0.21196365356445312, "train_accuracy": 0.21400000154972076, "train_loss": 2.490989711227417, "training_time_mean": NaN, "training_time_total": 0.0, "val_accuracy": 0.2502000033855438, "val_loss": 2.212639707183838, "validation_time_mean": NaN, "validation_time_total": 0.0, "samples": 60000, "num_workers": 1, "done": false, "timesteps_total": null, "episodes_total": null, "training_iteration": 1, "neg_mean_loss": -2.212639707183838, "experiment_id": "84d6fb52b31445db9c7ba18fcfc70f7e", "date": "2019-06-02_20-21-29", "timestamp": 1559532089, "time_this_iter_s": 46.49656844139099, "time_total_s": 46.49656844139099, "pid": 24334, "hostname": "steropes", "node_ip": "169.229.49.254", "config": {"starting_lr": 0.001, "momentum": 0.99, "weight_decay": 0.005, "steps_per_iteration": null, "pin": false, "model_creator": null, "target_batch_size": 128, "model_string": "resnet50", "min_batch_size": 128, "dataset": "CIFAR", "placement": null, "use_nccl": true, "devices_per_worker": 1, "primary_resource": "extra_gpu", "gpu": false, "verbose": false, "lr_config": {"mode": "log", "steps": 5, "initial_lr": 0.001, "target_lr": 0.001}, "batch_per_device": 128}, "time_since_restore": 46.49656844139099, "timesteps_since_restore": 0, "iterations_since_restore": 1, "mean_throughput": 1290.4135152517013, "atoms": 1, "setup_time": 10.649656534194946}
{"apply": 0.01901535987854004, "batch_time": 0.034168687047837654, "d2h": 0.0007327079772949218, "data_time": 0.00176688594281521, "fwd": 0.02895841598510742, "get_state_time_mean": NaN, "get_state_time_total": 0.0, "grad": 0.04992058277130127, "mean_accuracy": 0.30354999005794525, "mean_loss": 2.1795269416809084, "neg_mean_accuracy": -0.3568999767303467, "set_state_time_mean": NaN, "set_state_time_total": 0.0, "setup_model_time_mean": NaN, "setup_model_time_total": 0.0, "setup_proc_time_mean": NaN, "setup_proc_time_total": 0.0, "train_accuracy": 0.3088800013065338, "train_loss": 2.104201596221924, "training_time_mean": NaN, "training_time_total": 0.0, "val_accuracy": 0.3568999767303467, "val_loss": 2.1464141761779785, "validation_time_mean": NaN, "validation_time_total": 0.0, "samples": 60000, "num_workers": 1, "done": false, "timesteps_total": null, "episodes_total": null, "training_iteration": 2, "neg_mean_loss": -2.1795269416809084, "experiment_id": "84d6fb52b31445db9c7ba18fcfc70f7e", "date": "2019-06-02_20-22-11", "timestamp": 1559532131, "time_this_iter_s": 41.404051303863525, "time_total_s": 87.90061974525452, "pid": 24334, "hostname": "steropes", "node_ip": "169.229.49.254", "config": {"starting_lr": 0.001, "momentum": 0.99, "weight_decay": 0.005, "steps_per_iteration": null, "pin": false, "model_creator": null, "target_batch_size": 128, "model_string": "resnet50", "min_batch_size": 128, "dataset": "CIFAR", "placement": null, "use_nccl": true, "devices_per_worker": 1, "primary_resource": "extra_gpu", "gpu": false, "verbose": false, "lr_config": {"mode": "log", "steps": 5, "initial_lr": 0.001, "target_lr": 0.001}, "batch_per_device": 128}, "time_since_restore": 87.90061974525452, "timesteps_since_restore": 0, "iterations_since_restore": 2, "mean_throughput": 1365.1744629327804, "atoms": 1, "setup_time": 10.649656534194946}
{"apply": 0.01787257194519043, "batch_time": 0.03416616705399525, "d2h": 0.0006705284118652344, "data_time": 0.0018440353900880154, "fwd": 0.02740201950073242, "get_state_time_mean": NaN, "get_state_time_total": 0.0, "grad": 0.04795639514923096, "mean_accuracy": 0.33059999346733093, "mean_loss": 2.3805264862060547, "neg_mean_accuracy": -0.3847000002861023, "set_state_time_mean": NaN, "set_state_time_total": 0.0, "setup_model_time_mean": NaN, "setup_model_time_total": 0.0, "setup_proc_time_mean": NaN, "setup_proc_time_total": 0.0, "train_accuracy": 0.3675599992275238, "train_loss": 1.879798483505249, "training_time_mean": NaN, "training_time_total": 0.0, "val_accuracy": 0.3847000002861023, "val_loss": 2.7825255752563476, "validation_time_mean": NaN, "validation_time_total": 0.0, "samples": 60000, "num_workers": 1, "done": false, "timesteps_total": null, "episodes_total": null, "training_iteration": 3, "neg_mean_loss": -2.3805264862060547, "experiment_id": "84d6fb52b31445db9c7ba18fcfc70f7e", "date": "2019-06-02_20-22-52", "timestamp": 1559532172, "time_this_iter_s": 41.34004187583923, "time_total_s": 129.24066162109375, "pid": 24334, "hostname": "steropes", "node_ip": "169.229.49.254", "config": {"starting_lr": 0.001, "momentum": 0.99, "weight_decay": 0.005, "steps_per_iteration": null, "pin": false, "model_creator": null, "target_batch_size": 128, "model_string": "resnet50", "min_batch_size": 128, "dataset": "CIFAR", "placement": null, "use_nccl": true, "devices_per_worker": 1, "primary_resource": "extra_gpu", "gpu": false, "verbose": false, "lr_config": {"mode": "log", "steps": 5, "initial_lr": 0.001, "target_lr": 0.001}, "batch_per_device": 128}, "time_since_restore": 129.24066162109375, "timesteps_since_restore": 0, "iterations_since_restore": 3, "mean_throughput": 1392.747179874772, "atoms": 1, "setup_time": 10.649656534194946}
{"apply": 0.019706869125366212, "batch_time": 0.032054324693317655, "d2h": 0.0007231235504150391, "data_time": 0.001766901186969884, "fwd": 0.02870774269104004, "get_state_time_mean": NaN, "get_state_time_total": 0.0, "grad": 0.048465180397033694, "mean_accuracy": 0.3568749949336052, "mean_loss": 2.170389792251587, "neg_mean_accuracy": -0.435699999332428, "set_state_time_mean": NaN, "set_state_time_total": 0.0, "setup_model_time_mean": NaN, "setup_model_time_total": 0.0, "setup_proc_time_mean": NaN, "setup_proc_time_total": 0.0, "train_accuracy": 0.4028799831867218, "train_loss": 1.6960653044509888, "training_time_mean": NaN, "training_time_total": 0.0, "val_accuracy": 0.435699999332428, "val_loss": 1.5399797103881836, "validation_time_mean": NaN, "validation_time_total": 0.0, "samples": 60000, "num_workers": 1, "done": false, "timesteps_total": null, "episodes_total": null, "training_iteration": 4, "neg_mean_loss": -2.170389792251587, "experiment_id": "84d6fb52b31445db9c7ba18fcfc70f7e", "date": "2019-06-02_20-23-33", "timestamp": 1559532213, "time_this_iter_s": 40.96436357498169, "time_total_s": 170.20502519607544, "pid": 24334, "hostname": "steropes", "node_ip": "169.229.49.254", "config": {"starting_lr": 0.001, "momentum": 0.99, "weight_decay": 0.005, "steps_per_iteration": null, "pin": false, "model_creator": null, "target_batch_size": 128, "model_string": "resnet50", "min_batch_size": 128, "dataset": "CIFAR", "placement": null, "use_nccl": true, "devices_per_worker": 1, "primary_resource": "extra_gpu", "gpu": false, "verbose": false, "lr_config": {"mode": "log", "steps": 5, "initial_lr": 0.001, "target_lr": 0.001}, "batch_per_device": 128}, "time_since_restore": 170.20502519607544, "timesteps_since_restore": 0, "iterations_since_restore": 4, "mean_throughput": 1410.0608960370719, "atoms": 1, "setup_time": 10.649656534194946}
{"apply": 0.017829537391662598, "batch_time": 0.031346257728866386, "d2h": 0.0007010459899902344, "data_time": 0.0017418160158045152, "fwd": 0.027278780937194824, "get_state_time_mean": NaN, "get_state_time_total": 0.0, "grad": 0.047296547889709474, "mean_accuracy": 0.3799999952316284, "mean_loss": 2.035126061477661, "neg_mean_accuracy": -0.4724999964237213, "set_state_time_mean": NaN, "set_state_time_total": 0.0, "setup_model_time_mean": NaN, "setup_model_time_total": 0.0, "setup_proc_time_mean": NaN, "setup_proc_time_total": 0.0, "train_accuracy": 0.43403998017311096, "train_loss": 1.6007558340072632, "training_time_mean": NaN, "training_time_total": 0.0, "val_accuracy": 0.4724999964237213, "val_loss": 1.494071138381958, "validation_time_mean": NaN, "validation_time_total": 0.0, "samples": 60000, "num_workers": 1, "done": false, "timesteps_total": null, "episodes_total": null, "training_iteration": 5, "neg_mean_loss": -2.035126061477661, "experiment_id": "84d6fb52b31445db9c7ba18fcfc70f7e", "date": "2019-06-02_20-24-14", "timestamp": 1559532254, "time_this_iter_s": 40.86268424987793, "time_total_s": 211.06770944595337, "pid": 24334, "hostname": "steropes", "node_ip": "169.229.49.254", "config": {"starting_lr": 0.001, "momentum": 0.99, "weight_decay": 0.005, "steps_per_iteration": null, "pin": false, "model_creator": null, "target_batch_size": 128, "model_string": "resnet50", "min_batch_size": 128, "dataset": "CIFAR", "placement": null, "use_nccl": true, "devices_per_worker": 1, "primary_resource": "extra_gpu", "gpu": false, "verbose": false, "lr_config": {"mode": "log", "steps": 5, "initial_lr": 0.001, "target_lr": 0.001}, "batch_per_device": 128}, "time_since_restore": 211.06770944595337, "timesteps_since_restore": 0, "iterations_since_restore": 5, "mean_throughput": 1421.3416624288745, "atoms": 1, "setup_time": 10.649656534194946}
{"apply": 0.020238614082336424, "batch_time": 0.031158417086058026, "d2h": 0.0007051229476928711, "data_time": 0.0017205772497464933, "fwd": 0.028838157653808594, "get_state_time_mean": NaN, "get_state_time_total": 0.0, "grad": 0.048352408409118655, "mean_accuracy": 0.4283399939537048, "mean_loss": 1.8766514856338503, "neg_mean_accuracy": -0.4918999969959259, "set_state_time_mean": NaN, "set_state_time_total": 0.0, "setup_model_time_mean": NaN, "setup_model_time_total": 0.0, "setup_proc_time_mean": NaN, "setup_proc_time_total": 0.0, "train_accuracy": 0.43713998794555664, "train_loss": 1.568100227546692, "training_time_mean": NaN, "training_time_total": 0.0, "val_accuracy": 0.4918999969959259, "val_loss": 1.4202668279647828, "validation_time_mean": NaN, "validation_time_total": 0.0, "samples": 60000, "num_workers": 1, "done": false, "timesteps_total": null, "episodes_total": null, "training_iteration": 6, "neg_mean_loss": -1.8766514856338503, "experiment_id": "84d6fb52b31445db9c7ba18fcfc70f7e", "date": "2019-06-02_20-24-54", "timestamp": 1559532294, "time_this_iter_s": 40.6714084148407, "time_total_s": 251.73911786079407, "pid": 24334, "hostname": "steropes", "node_ip": "169.229.49.254", "config": {"starting_lr": 0.001, "momentum": 0.99, "weight_decay": 0.005, "steps_per_iteration": null, "pin": false, "model_creator": null, "target_batch_size": 128, "model_string": "resnet50", "min_batch_size": 128, "dataset": "CIFAR", "placement": null, "use_nccl": true, "devices_per_worker": 1, "primary_resource": "extra_gpu", "gpu": false, "verbose": false, "lr_config": {"mode": "log", "steps": 5, "initial_lr": 0.001, "target_lr": 0.001}, "batch_per_device": 128}, "time_since_restore": 251.73911786079407, "timesteps_since_restore": 0, "iterations_since_restore": 6, "mean_throughput": 1461.6823948203635, "atoms": 1, "setup_time": 10.649656534194946}
{"apply": 0.017799949645996092, "batch_time": 0.03137091745304156, "d2h": 0.0007027626037597656, "data_time": 0.0017146003215819064, "fwd": 0.027539682388305665, "get_state_time_mean": NaN, "get_state_time_total": 0.0, "grad": 0.046859025955200195, "mean_accuracy": 0.46050000190734863, "mean_loss": 1.7355352242660522, "neg_mean_accuracy": -0.5177000164985657, "set_state_time_mean": NaN, "set_state_time_total": 0.0, "setup_model_time_mean": NaN, "setup_model_time_total": 0.0, "setup_proc_time_mean": NaN, "setup_proc_time_total": 0.0, "train_accuracy": 0.4721999764442444, "train_loss": 1.4578578112792968, "training_time_mean": NaN, "training_time_total": 0.0, "val_accuracy": 0.5177000164985657, "val_loss": 1.4408328693389894, "validation_time_mean": NaN, "validation_time_total": 0.0, "samples": 60000, "num_workers": 1, "done": false, "timesteps_total": null, "episodes_total": null, "training_iteration": 7, "neg_mean_loss": -1.7355352242660522, "experiment_id": "84d6fb52b31445db9c7ba18fcfc70f7e", "date": "2019-06-02_20-25-35", "timestamp": 1559532335, "time_this_iter_s": 40.85731482505798, "time_total_s": 292.59643268585205, "pid": 24334, "hostname": "steropes", "node_ip": "169.229.49.254", "config": {"starting_lr": 0.001, "momentum": 0.99, "weight_decay": 0.005, "steps_per_iteration": null, "pin": false, "model_creator": null, "target_batch_size": 128, "model_string": "resnet50", "min_batch_size": 128, "dataset": "CIFAR", "placement": null, "use_nccl": true, "devices_per_worker": 1, "primary_resource": "extra_gpu", "gpu": false, "verbose": false, "lr_config": {"mode": "log", "steps": 5, "initial_lr": 0.001, "target_lr": 0.001}, "batch_per_device": 128}, "time_since_restore": 292.59643268585205, "timesteps_since_restore": 0, "iterations_since_restore": 7, "mean_throughput": 1465.5864705186466, "atoms": 1, "setup_time": 10.649656534194946}
{"apply": 0.01821298599243164, "batch_time": 0.03488220444208459, "d2h": 0.0006942510604858399, "data_time": 0.0016971152761708136, "fwd": 0.027483105659484863, "get_state_time_mean": NaN, "get_state_time_total": 0.0, "grad": 0.04708728790283203, "mean_accuracy": 0.4945199966430664, "mean_loss": 1.4260603345870972, "neg_mean_accuracy": -0.5547999739646912, "set_state_time_mean": NaN, "set_state_time_total": 0.0, "setup_model_time_mean": NaN, "setup_model_time_total": 0.0, "setup_proc_time_mean": NaN, "setup_proc_time_total": 0.0, "train_accuracy": 0.5153200030326843, "train_loss": 1.349487866897583, "training_time_mean": NaN, "training_time_total": 0.0, "val_accuracy": 0.5547999739646912, "val_loss": 1.2351511268615722, "validation_time_mean": NaN, "validation_time_total": 0.0, "samples": 60000, "num_workers": 1, "done": false, "timesteps_total": null, "episodes_total": null, "training_iteration": 8, "neg_mean_loss": -1.4260603345870972, "experiment_id": "84d6fb52b31445db9c7ba18fcfc70f7e", "date": "2019-06-02_20-26-16", "timestamp": 1559532376, "time_this_iter_s": 40.75330209732056, "time_total_s": 333.3497347831726, "pid": 24334, "hostname": "steropes", "node_ip": "169.229.49.254", "config": {"starting_lr": 0.001, "momentum": 0.99, "weight_decay": 0.005, "steps_per_iteration": null, "pin": false, "model_creator": null, "target_batch_size": 128, "model_string": "resnet50", "min_batch_size": 128, "dataset": "CIFAR", "placement": null, "use_nccl": true, "devices_per_worker": 1, "primary_resource": "extra_gpu", "gpu": false, "verbose": false, "lr_config": {"mode": "log", "steps": 5, "initial_lr": 0.001, "target_lr": 0.001}, "batch_per_device": 128}, "time_since_restore": 333.3497347831726, "timesteps_since_restore": 0, "iterations_since_restore": 8, "mean_throughput": 1469.799498555991, "atoms": 1, "setup_time": 10.649656534194946}
{"apply": 0.021633625030517578, "batch_time": 0.030990416490578952, "d2h": 0.0007119894027709961, "data_time": 0.0016973164990125105, "fwd": 0.030038666725158692, "get_state_time_mean": NaN, "get_state_time_total": 0.0, "grad": 0.04795076847076416, "mean_accuracy": 0.5257799983024597, "mean_loss": 1.3517344512176515, "neg_mean_accuracy": -0.5920000076293945, "set_state_time_mean": NaN, "set_state_time_total": 0.0, "setup_model_time_mean": NaN, "setup_model_time_total": 0.0, "setup_proc_time_mean": NaN, "setup_proc_time_total": 0.0, "train_accuracy": 0.5533999800682068, "train_loss": 1.252472784614563, "training_time_mean": NaN, "training_time_total": 0.0, "val_accuracy": 0.5920000076293945, "val_loss": 1.1683502935409547, "validation_time_mean": NaN, "validation_time_total": 0.0, "samples": 60000, "num_workers": 1, "done": false, "timesteps_total": null, "episodes_total": null, "training_iteration": 9, "neg_mean_loss": -1.3517344512176515, "experiment_id": "84d6fb52b31445db9c7ba18fcfc70f7e", "date": "2019-06-02_20-26-56", "timestamp": 1559532416, "time_this_iter_s": 40.400962352752686, "time_total_s": 373.7506971359253, "pid": 24334, "hostname": "steropes", "node_ip": "169.229.49.254", "config": {"starting_lr": 0.001, "momentum": 0.99, "weight_decay": 0.005, "steps_per_iteration": null, "pin": false, "model_creator": null, "target_batch_size": 128, "model_string": "resnet50", "min_batch_size": 128, "dataset": "CIFAR", "placement": null, "use_nccl": true, "devices_per_worker": 1, "primary_resource": "extra_gpu", "gpu": false, "verbose": false, "lr_config": {"mode": "log", "steps": 5, "initial_lr": 0.001, "target_lr": 0.001}, "batch_per_device": 128}, "time_since_restore": 373.7506971359253, "timesteps_since_restore": 0, "iterations_since_restore": 9, "mean_throughput": 1473.8673393477202, "atoms": 1, "setup_time": 10.649656534194946}
{"apply": 0.017766475677490234, "batch_time": 0.03149344045904618, "d2h": 0.0006968259811401367, "data_time": 0.0016526096617169393, "fwd": 0.027301955223083495, "get_state_time_mean": NaN, "get_state_time_total": 0.0, "grad": 0.046458315849304196, "mean_accuracy": 0.5496800005435943, "mean_loss": 1.2879483195495607, "neg_mean_accuracy": -0.5920000076293945, "set_state_time_mean": NaN, "set_state_time_total": 0.0, "setup_model_time_mean": NaN, "setup_model_time_total": 0.0, "setup_proc_time_mean": NaN, "setup_proc_time_total": 0.0, "train_accuracy": 0.5808199644088745, "train_loss": 1.185671462135315, "training_time_mean": NaN, "training_time_total": 0.0, "val_accuracy": 0.5920000076293945, "val_loss": 1.175140480041504, "validation_time_mean": NaN, "validation_time_total": 0.0, "samples": 60000, "num_workers": 1, "done": false, "timesteps_total": null, "episodes_total": null, "training_iteration": 10, "neg_mean_loss": -1.2879483195495607, "experiment_id": "84d6fb52b31445db9c7ba18fcfc70f7e", "date": "2019-06-02_20-27-36", "timestamp": 1559532456, "time_this_iter_s": 39.99047088623047, "time_total_s": 413.74116802215576, "pid": 24334, "hostname": "steropes", "node_ip": "169.229.49.254", "config": {"starting_lr": 0.001, "momentum": 0.99, "weight_decay": 0.005, "steps_per_iteration": null, "pin": false, "model_creator": null, "target_batch_size": 128, "model_string": "resnet50", "min_batch_size": 128, "dataset": "CIFAR", "placement": null, "use_nccl": true, "devices_per_worker": 1, "primary_resource": "extra_gpu", "gpu": false, "verbose": false, "lr_config": {"mode": "log", "steps": 5, "initial_lr": 0.001, "target_lr": 0.001}, "batch_per_device": 128}, "time_since_restore": 413.74116802215576, "timesteps_since_restore": 0, "iterations_since_restore": 10, "mean_throughput": 1480.2101599272685, "atoms": 1, "setup_time": 10.649656534194946}
{"apply": 0.017938971519470215, "batch_time": 0.031123623063292683, "d2h": 0.0006945133209228516, "data_time": 0.0016566676556911614, "fwd": 0.02811570167541504, "get_state_time_mean": NaN, "get_state_time_total": 0.0, "grad": 0.053361129760742185, "mean_accuracy": 0.5775799989700318, "mean_loss": 1.2143847389602662, "neg_mean_accuracy": -0.6313999891281128, "set_state_time_mean": NaN, "set_state_time_total": 0.0, "setup_model_time_mean": NaN, "setup_model_time_total": 0.0, "setup_proc_time_mean": NaN, "setup_proc_time_total": 0.0, "train_accuracy": 0.6090799570083618, "train_loss": 1.1066890489387513, "training_time_mean": NaN, "training_time_total": 0.0, "val_accuracy": 0.6313999891281128, "val_loss": 1.0524489250183104, "validation_time_mean": NaN, "validation_time_total": 0.0, "samples": 60000, "num_workers": 1, "done": false, "timesteps_total": null, "episodes_total": null, "training_iteration": 11, "neg_mean_loss": -1.2143847389602662, "experiment_id": "84d6fb52b31445db9c7ba18fcfc70f7e", "date": "2019-06-02_20-28-18", "timestamp": 1559532498, "time_this_iter_s": 41.209550619125366, "time_total_s": 454.9507186412811, "pid": 24334, "hostname": "steropes", "node_ip": "169.229.49.254", "config": {"starting_lr": 0.001, "momentum": 0.99, "weight_decay": 0.005, "steps_per_iteration": null, "pin": false, "model_creator": null, "target_batch_size": 128, "model_string": "resnet50", "min_batch_size": 128, "dataset": "CIFAR", "placement": null, "use_nccl": true, "devices_per_worker": 1, "primary_resource": "extra_gpu", "gpu": false, "verbose": false, "lr_config": {"mode": "log", "steps": 5, "initial_lr": 0.001, "target_lr": 0.001}, "batch_per_device": 128}, "time_since_restore": 454.9507186412811, "timesteps_since_restore": 0, "iterations_since_restore": 11, "mean_throughput": 1476.290242728299, "atoms": 1, "setup_time": 10.649656534194946}
{"apply": 0.017664051055908202, "batch_time": 0.03114231025116353, "d2h": 0.0006814956665039063, "data_time": 0.0016711398463724824, "fwd": 0.027259469032287598, "get_state_time_mean": NaN, "get_state_time_total": 0.0, "grad": 0.04628748893737793, "mean_accuracy": 0.6040199875831604, "mean_loss": 1.1276490947341917, "neg_mean_accuracy": -0.649899959564209, "set_state_time_mean": NaN, "set_state_time_total": 0.0, "setup_model_time_mean": NaN, "setup_model_time_total": 0.0, "setup_proc_time_mean": NaN, "setup_proc_time_total": 0.0, "train_accuracy": 0.6306999921798706, "train_loss": 1.055640638923645, "training_time_mean": NaN, "training_time_total": 0.0, "val_accuracy": 0.649899959564209, "val_loss": 1.0071546482086182, "validation_time_mean": NaN, "validation_time_total": 0.0, "samples": 60000, "num_workers": 1, "done": false, "timesteps_total": null, "episodes_total": null, "training_iteration": 12, "neg_mean_loss": -1.1276490947341917, "experiment_id": "84d6fb52b31445db9c7ba18fcfc70f7e", "date": "2019-06-02_20-28-58", "timestamp": 1559532538, "time_this_iter_s": 40.163108348846436, "time_total_s": 495.11382699012756, "pid": 24334, "hostname": "steropes", "node_ip": "169.229.49.254", "config": {"starting_lr": 0.001, "momentum": 0.99, "weight_decay": 0.005, "steps_per_iteration": null, "pin": false, "model_creator": null, "target_batch_size": 128, "model_string": "resnet50", "min_batch_size": 128, "dataset": "CIFAR", "placement": null, "use_nccl": true, "devices_per_worker": 1, "primary_resource": "extra_gpu", "gpu": false, "verbose": false, "lr_config": {"mode": "log", "steps": 5, "initial_lr": 0.001, "target_lr": 0.001}, "batch_per_device": 128}, "time_since_restore": 495.11382699012756, "timesteps_since_restore": 0, "iterations_since_restore": 12, "mean_throughput": 1481.3507764032925, "atoms": 1, "setup_time": 10.649656534194946}
{"apply": 0.02373836040496826, "batch_time": 0.034727676005303104, "d2h": 0.000705265998840332, "data_time": 0.0016498413232281385, "fwd": 0.031123852729797362, "get_state_time_mean": NaN, "get_state_time_total": 0.0, "grad": 0.04849843978881836, "mean_accuracy": 0.6266999840736389, "mean_loss": 1.0709763565254211, "neg_mean_accuracy": -0.6681999564170837, "set_state_time_mean": NaN, "set_state_time_total": 0.0, "setup_model_time_mean": NaN, "setup_model_time_total": 0.0, "setup_proc_time_mean": NaN, "setup_proc_time_total": 0.0, "train_accuracy": 0.6545599699020386, "train_loss": 1.000178989830017, "training_time_mean": NaN, "training_time_total": 0.0, "val_accuracy": 0.6681999564170837, "val_loss": 0.9517874358177185, "validation_time_mean": NaN, "validation_time_total": 0.0, "samples": 60000, "num_workers": 1, "done": false, "timesteps_total": null, "episodes_total": null, "training_iteration": 13, "neg_mean_loss": -1.0709763565254211, "experiment_id": "84d6fb52b31445db9c7ba18fcfc70f7e", "date": "2019-06-02_20-29-39", "timestamp": 1559532579, "time_this_iter_s": 41.11114692687988, "time_total_s": 536.2249739170074, "pid": 24334, "hostname": "steropes", "node_ip": "169.229.49.254", "config": {"starting_lr": 0.001, "momentum": 0.99, "weight_decay": 0.005, "steps_per_iteration": null, "pin": false, "model_creator": null, "target_batch_size": 128, "model_string": "resnet50", "min_batch_size": 128, "dataset": "CIFAR", "placement": null, "use_nccl": true, "devices_per_worker": 1, "primary_resource": "extra_gpu", "gpu": false, "verbose": false, "lr_config": {"mode": "log", "steps": 5, "initial_lr": 0.001, "target_lr": 0.001}, "batch_per_device": 128}, "time_since_restore": 536.2249739170074, "timesteps_since_restore": 0, "iterations_since_restore": 13, "mean_throughput": 1478.7378323648552, "atoms": 1, "setup_time": 10.649656534194946}
{"apply": 0.018026971817016603, "batch_time": 0.03164824352988714, "d2h": 0.0007029533386230469, "data_time": 0.0016780771562815322, "fwd": 0.027575969696044922, "get_state_time_mean": NaN, "get_state_time_total": 0.0, "grad": 0.04705095291137695, "mean_accuracy": 0.6412599802017211, "mean_loss": 1.030667317237854, "neg_mean_accuracy": -0.6647999882698059, "set_state_time_mean": NaN, "set_state_time_total": 0.0, "setup_model_time_mean": NaN, "setup_model_time_total": 0.0, "setup_proc_time_mean": NaN, "setup_proc_time_total": 0.0, "train_accuracy": 0.6654599905014038, "train_loss": 0.9625948530578613, "training_time_mean": NaN, "training_time_total": 0.0, "val_accuracy": 0.6647999882698059, "val_loss": 0.9668050971031189, "validation_time_mean": NaN, "validation_time_total": 0.0, "samples": 60000, "num_workers": 1, "done": false, "timesteps_total": null, "episodes_total": null, "training_iteration": 14, "neg_mean_loss": -1.030667317237854, "experiment_id": "84d6fb52b31445db9c7ba18fcfc70f7e", "date": "2019-06-02_20-30-20", "timestamp": 1559532620, "time_this_iter_s": 40.808995962142944, "time_total_s": 577.0339698791504, "pid": 24334, "hostname": "steropes", "node_ip": "169.229.49.254", "config": {"starting_lr": 0.001, "momentum": 0.99, "weight_decay": 0.005, "steps_per_iteration": null, "pin": false, "model_creator": null, "target_batch_size": 128, "model_string": "resnet50", "min_batch_size": 128, "dataset": "CIFAR", "placement": null, "use_nccl": true, "devices_per_worker": 1, "primary_resource": "extra_gpu", "gpu": false, "verbose": false, "lr_config": {"mode": "log", "steps": 5, "initial_lr": 0.001, "target_lr": 0.001}, "batch_per_device": 128}, "time_since_restore": 577.0339698791504, "timesteps_since_restore": 0, "iterations_since_restore": 14, "mean_throughput": 1475.7701488162106, "atoms": 1, "setup_time": 10.649656534194946}
{"apply": 0.01773221492767334, "batch_time": 0.03133800059934206, "d2h": 0.0006972312927246094, "data_time": 0.0016326611609105259, "fwd": 0.027858948707580565, "get_state_time_mean": NaN, "get_state_time_total": 0.0, "grad": 0.046712851524353026, "mean_accuracy": 0.6620999693870544, "mean_loss": 0.9718991250610352, "neg_mean_accuracy": -0.6961999535560608, "set_state_time_mean": NaN, "set_state_time_total": 0.0, "setup_model_time_mean": NaN, "setup_model_time_total": 0.0, "setup_proc_time_mean": NaN, "setup_proc_time_total": 0.0, "train_accuracy": 0.683139979839325, "train_loss": 0.9240875311660767, "training_time_mean": NaN, "training_time_total": 0.0, "val_accuracy": 0.6961999535560608, "val_loss": 0.8812995191574097, "validation_time_mean": NaN, "validation_time_total": 0.0, "samples": 60000, "num_workers": 1, "done": false, "timesteps_total": null, "episodes_total": null, "training_iteration": 15, "neg_mean_loss": -0.9718991250610352, "experiment_id": "84d6fb52b31445db9c7ba18fcfc70f7e", "date": "2019-06-02_20-31-00", "timestamp": 1559532660, "time_this_iter_s": 40.0923912525177, "time_total_s": 617.1263611316681, "pid": 24334, "hostname": "steropes", "node_ip": "169.229.49.254", "config": {"starting_lr": 0.001, "momentum": 0.99, "weight_decay": 0.005, "steps_per_iteration": null, "pin": false, "model_creator": null, "target_batch_size": 128, "model_string": "resnet50", "min_batch_size": 128, "dataset": "CIFAR", "placement": null, "use_nccl": true, "devices_per_worker": 1, "primary_resource": "extra_gpu", "gpu": false, "verbose": false, "lr_config": {"mode": "log", "steps": 5, "initial_lr": 0.001, "target_lr": 0.001}, "batch_per_device": 128}, "time_since_restore": 617.1263611316681, "timesteps_since_restore": 0, "iterations_since_restore": 15, "mean_throughput": 1475.0306471322854, "atoms": 1, "setup_time": 10.649656534194946}
{"apply": 0.017798352241516113, "batch_time": 0.034816406950165954, "d2h": 0.0006945133209228516, "data_time": 0.0016352477890756124, "fwd": 0.027607107162475587, "get_state_time_mean": NaN, "get_state_time_total": 0.0, "grad": 0.04644565582275391, "mean_accuracy": 0.6758599638938904, "mean_loss": 0.9347922820663452, "neg_mean_accuracy": -0.7001999616622925, "set_state_time_mean": NaN, "set_state_time_total": 0.0, "setup_model_time_mean": NaN, "setup_model_time_total": 0.0, "setup_proc_time_mean": NaN, "setup_proc_time_total": 0.0, "train_accuracy": 0.6966399550437927, "train_loss": 0.8867658980560302, "training_time_mean": NaN, "training_time_total": 0.0, "val_accuracy": 0.7001999616622925, "val_loss": 0.8669147100448609, "validation_time_mean": NaN, "validation_time_total": 0.0, "samples": 60000, "num_workers": 1, "done": false, "timesteps_total": null, "episodes_total": null, "training_iteration": 16, "neg_mean_loss": -0.9347922820663452, "experiment_id": "84d6fb52b31445db9c7ba18fcfc70f7e", "date": "2019-06-02_20-31-40", "timestamp": 1559532700, "time_this_iter_s": 40.266242265701294, "time_total_s": 657.3926033973694, "pid": 24334, "hostname": "steropes", "node_ip": "169.229.49.254", "config": {"starting_lr": 0.001, "momentum": 0.99, "weight_decay": 0.005, "steps_per_iteration": null, "pin": false, "model_creator": null, "target_batch_size": 128, "model_string": "resnet50", "min_batch_size": 128, "dataset": "CIFAR", "placement": null, "use_nccl": true, "devices_per_worker": 1, "primary_resource": "extra_gpu", "gpu": false, "verbose": false, "lr_config": {"mode": "log", "steps": 5, "initial_lr": 0.001, "target_lr": 0.001}, "batch_per_device": 128}, "time_since_restore": 657.3926033973694, "timesteps_since_restore": 0, "iterations_since_restore": 16, "mean_throughput": 1481.9038209829387, "atoms": 1, "setup_time": 10.649656534194946}
{"apply": 0.018227863311767577, "batch_time": 0.031023396721369105, "d2h": 0.0006843328475952149, "data_time": 0.0016193554529448605, "fwd": 0.02746121883392334, "get_state_time_mean": NaN, "get_state_time_total": 0.0, "grad": 0.04642949104309082, "mean_accuracy": 0.6887199640274048, "mean_loss": 0.8995077379226684, "neg_mean_accuracy": -0.714199960231781, "set_state_time_mean": NaN, "set_state_time_total": 0.0, "setup_model_time_mean": NaN, "setup_model_time_total": 0.0, "setup_proc_time_mean": NaN, "setup_proc_time_total": 0.0, "train_accuracy": 0.6979199647903442, "train_loss": 0.8802921290969848, "training_time_mean": NaN, "training_time_total": 0.0, "val_accuracy": 0.714199960231781, "val_loss": 0.8307319274902344, "validation_time_mean": NaN, "validation_time_total": 0.0, "samples": 60000, "num_workers": 1, "done": false, "timesteps_total": null, "episodes_total": null, "training_iteration": 17, "neg_mean_loss": -0.8995077379226684, "experiment_id": "84d6fb52b31445db9c7ba18fcfc70f7e", "date": "2019-06-02_20-32-21", "timestamp": 1559532741, "time_this_iter_s": 40.87115001678467, "time_total_s": 698.263753414154, "pid": 24334, "hostname": "steropes", "node_ip": "169.229.49.254", "config": {"starting_lr": 0.001, "momentum": 0.99, "weight_decay": 0.005, "steps_per_iteration": null, "pin": false, "model_creator": null, "target_batch_size": 128, "model_string": "resnet50", "min_batch_size": 128, "dataset": "CIFAR", "placement": null, "use_nccl": true, "devices_per_worker": 1, "primary_resource": "extra_gpu", "gpu": false, "verbose": false, "lr_config": {"mode": "log", "steps": 5, "initial_lr": 0.001, "target_lr": 0.001}, "batch_per_device": 128}, "time_since_restore": 698.263753414154, "timesteps_since_restore": 0, "iterations_since_restore": 17, "mean_throughput": 1476.7389629509034, "atoms": 1, "setup_time": 10.649656534194946}
{"apply": 0.017669320106506348, "batch_time": 0.03469939775104764, "d2h": 0.0006878376007080078, "data_time": 0.0016441887906750144, "fwd": 0.027383947372436525, "get_state_time_mean": NaN, "get_state_time_total": 0.0, "grad": 0.046594095230102536, "mean_accuracy": 0.698479974269867, "mean_loss": 0.8736392887401582, "neg_mean_accuracy": -0.7170000076293945, "set_state_time_mean": NaN, "set_state_time_total": 0.0, "setup_model_time_mean": NaN, "setup_model_time_total": 0.0, "setup_proc_time_mean": NaN, "setup_proc_time_total": 0.0, "train_accuracy": 0.7136200070381165, "train_loss": 0.8369709959030152, "training_time_mean": NaN, "training_time_total": 0.0, "val_accuracy": 0.7170000076293945, "val_loss": 0.8224451899051666, "validation_time_mean": NaN, "validation_time_total": 0.0, "samples": 60000, "num_workers": 1, "done": false, "timesteps_total": null, "episodes_total": null, "training_iteration": 18, "neg_mean_loss": -0.8736392887401582, "experiment_id": "84d6fb52b31445db9c7ba18fcfc70f7e", "date": "2019-06-02_20-33-01", "timestamp": 1559532781, "time_this_iter_s": 40.47092390060425, "time_total_s": 738.7346773147583, "pid": 24334, "hostname": "steropes", "node_ip": "169.229.49.254", "config": {"starting_lr": 0.001, "momentum": 0.99, "weight_decay": 0.005, "steps_per_iteration": null, "pin": false, "model_creator": null, "target_batch_size": 128, "model_string": "resnet50", "min_batch_size": 128, "dataset": "CIFAR", "placement": null, "use_nccl": true, "devices_per_worker": 1, "primary_resource": "extra_gpu", "gpu": false, "verbose": false, "lr_config": {"mode": "log", "steps": 5, "initial_lr": 0.001, "target_lr": 0.001}, "batch_per_device": 128}, "time_since_restore": 738.7346773147583, "timesteps_since_restore": 0, "iterations_since_restore": 18, "mean_throughput": 1481.4076017883717, "atoms": 1, "setup_time": 10.649656534194946}
