{"apply": 0.01678931713104248, "batch_time": 0.0418010331407378, "d2h": 0.0006641626358032226, "data_time": 0.0018348193839382943, "fwd": 0.10384833812713623, "get_state_time_mean": NaN, "get_state_time_total": 0.0, "grad": 0.23951334953308107, "mean_accuracy": 0.09999999403953552, "mean_loss": 126174773062402.05, "neg_mean_accuracy": -0.09999999403953552, "set_state_time_mean": NaN, "set_state_time_total": 0.0, "setup_model_time_mean": 9.446460247039795, "setup_model_time_total": 9.446460247039795, "setup_proc_time_mean": 0.17507410049438477, "setup_proc_time_total": 0.17507410049438477, "train_accuracy": 0.10027999430894852, "train_loss": 52891811598.45976, "training_time_mean": NaN, "training_time_total": 0.0, "val_accuracy": 0.09999999403953552, "val_loss": 126174773062402.05, "validation_time_mean": NaN, "validation_time_total": 0.0, "samples": 60000, "num_workers": 1, "done": false, "timesteps_total": null, "episodes_total": null, "training_iteration": 1, "neg_mean_loss": -126174773062402.05, "experiment_id": "ad6650f30d4d40529aa4525b213065b7", "date": "2019-06-06_07-08-40", "timestamp": 1559830120, "time_this_iter_s": 47.011176109313965, "time_total_s": 47.011176109313965, "pid": 6741, "hostname": "steropes", "node_ip": "169.229.49.254", "config": {"starting_lr": 1.0, "momentum": 0.997, "weight_decay": 0.0005, "steps_per_iteration": null, "pin": false, "model_creator": null, "target_batch_size": 128, "model_string": "resnet50", "min_batch_size": 128, "dataset": "CIFAR", "placement": null, "use_nccl": true, "devices_per_worker": 1, "primary_resource": "extra_gpu", "gpu": false, "verbose": false, "lr_config": {"mode": "log", "steps": 5, "initial_lr": 1.0, "target_lr": 1.0}, "batch_per_device": 128}, "time_since_restore": 47.011176109313965, "timesteps_since_restore": 0, "iterations_since_restore": 1, "mean_throughput": 1276.289919047122, "atoms": 1, "setup_time": 9.959152460098267}
{"apply": 0.016887879371643065, "batch_time": 0.031813380084460295, "d2h": 0.0006653785705566407, "data_time": 0.0017716652901886064, "fwd": 0.027836370468139648, "get_state_time_mean": NaN, "get_state_time_total": 0.0, "grad": 0.047770333290100095, "mean_accuracy": 0.050049997018504655, "mean_loss": NaN, "neg_mean_accuracy": -9.999999747378752e-05, "set_state_time_mean": NaN, "set_state_time_total": 0.0, "setup_model_time_mean": NaN, "setup_model_time_total": 0.0, "setup_proc_time_mean": NaN, "setup_proc_time_total": 0.0, "train_accuracy": 0.022760000079870224, "train_loss": NaN, "training_time_mean": NaN, "training_time_total": 0.0, "val_accuracy": 9.999999747378752e-05, "val_loss": NaN, "validation_time_mean": NaN, "validation_time_total": 0.0, "samples": 60000, "num_workers": 1, "done": true, "timesteps_total": null, "episodes_total": null, "training_iteration": 2, "neg_mean_loss": NaN, "experiment_id": "ad6650f30d4d40529aa4525b213065b7", "date": "2019-06-06_07-09-21", "timestamp": 1559830161, "time_this_iter_s": 40.45682215690613, "time_total_s": 87.46799826622009, "pid": 6741, "hostname": "steropes", "node_ip": "169.229.49.254", "config": {"starting_lr": 1.0, "momentum": 0.997, "weight_decay": 0.0005, "steps_per_iteration": null, "pin": false, "model_creator": null, "target_batch_size": 128, "model_string": "resnet50", "min_batch_size": 128, "dataset": "CIFAR", "placement": null, "use_nccl": true, "devices_per_worker": 1, "primary_resource": "extra_gpu", "gpu": false, "verbose": false, "lr_config": {"mode": "log", "steps": 5, "initial_lr": 1.0, "target_lr": 1.0}, "batch_per_device": 128}, "time_since_restore": 87.46799826622009, "timesteps_since_restore": 0, "iterations_since_restore": 2, "mean_throughput": 1371.927715432857, "atoms": 1, "setup_time": 9.959152460098267}
