apply,batch_time,d2h,data_time,fwd,get_state_time_mean,get_state_time_total,grad,mean_accuracy,mean_loss,neg_mean_accuracy,set_state_time_mean,set_state_time_total,setup_model_time_mean,setup_model_time_total,setup_proc_time_mean,setup_proc_time_total,train_accuracy,train_loss,training_time_mean,training_time_total,val_accuracy,val_loss,validation_time_mean,validation_time_total,samples,num_workers,done,timesteps_total,episodes_total,training_iteration,neg_mean_loss,experiment_id,date,timestamp,time_this_iter_s,time_total_s,pid,hostname,node_ip,config,time_since_restore,timesteps_since_restore,iterations_since_restore,mean_throughput,atoms,setup_time
0.01849842071533203,0.04192326944085616,0.0006613492965698242,0.0019058693400429338,0.11719424724578857,nan,0.0,0.16695077419281007,0.10849999636411667,147.64525194015502,-0.10849999636411667,nan,0.0,8.471330642700195,8.471330642700195,1.639207124710083,1.639207124710083,0.09971999377012253,5.2832815498352055,nan,0.0,0.10849999636411667,147.64525194015502,nan,0.0,60000,1,False,,,1,-147.64525194015502,972c1fa030584cfcbcdbff106297c6e7,2019-06-06_02-15-13,1559812513,46.47445869445801,46.47445869445801,9774,steropes,169.229.49.254,"{'starting_lr': 0.05, 'momentum': 0.997, 'weight_decay': 0.0001, 'steps_per_iteration': None, 'pin': False, 'model_creator': None, 'target_batch_size': 128, 'model_string': 'resnet50', 'min_batch_size': 128, 'dataset': 'CIFAR', 'placement': None, 'use_nccl': True, 'devices_per_worker': 1, 'primary_resource': 'extra_gpu', 'gpu': False, 'verbose': False, 'lr_config': {'mode': 'log', 'steps': 5, 'initial_lr': 0.05, 'target_lr': 0.05}, 'batch_per_device': 128}",46.47445869445801,0,1,1291.0293216478922,1,10.206382989883423
0.01760268211364746,0.03160057792180701,0.0007055997848510742,0.0018315229879315856,0.028157639503479003,nan,0.0,0.04787139892578125,0.10524999722838402,77.068825015831,-0.10199999809265137,nan,0.0,nan,0.0,nan,0.0,0.10329999774694443,6.54748855430603,nan,0.0,0.10199999809265137,6.492398091506958,nan,0.0,60000,1,False,,,2,-77.068825015831,972c1fa030584cfcbcdbff106297c6e7,2019-06-06_02-15-54,1559812554,41.007585287094116,87.48204398155212,9774,steropes,169.229.49.254,"{'starting_lr': 0.05, 'momentum': 0.997, 'weight_decay': 0.0001, 'steps_per_iteration': None, 'pin': False, 'model_creator': None, 'target_batch_size': 128, 'model_string': 'resnet50', 'min_batch_size': 128, 'dataset': 'CIFAR', 'placement': None, 'use_nccl': True, 'devices_per_worker': 1, 'primary_resource': 'extra_gpu', 'gpu': False, 'verbose': False, 'lr_config': {'mode': 'log', 'steps': 5, 'initial_lr': 0.05, 'target_lr': 0.05}, 'batch_per_device': 128}",87.48204398155212,0,2,1371.7074865599416,1,10.206382989883423
0.0178178071975708,0.03132423871680151,0.0006891727447509765,0.0018135312268191285,0.028224778175354005,nan,0.0,0.04863436222076416,0.1022333304087321,21229.627241677223,-0.09619999676942825,nan,0.0,nan,0.0,nan,0.0,0.10113999992609024,2.9902695069885254,nan,0.0,0.09619999676942825,63534.744075,nan,0.0,60000,1,False,,,3,-21229.627241677223,972c1fa030584cfcbcdbff106297c6e7,2019-06-06_02-16-35,1559812595,40.96253967285156,128.4445836544037,9774,steropes,169.229.49.254,"{'starting_lr': 0.05, 'momentum': 0.997, 'weight_decay': 0.0001, 'steps_per_iteration': None, 'pin': False, 'model_creator': None, 'target_batch_size': 128, 'model_string': 'resnet50', 'min_batch_size': 128, 'dataset': 'CIFAR', 'placement': None, 'use_nccl': True, 'devices_per_worker': 1, 'primary_resource': 'extra_gpu', 'gpu': False, 'verbose': False, 'lr_config': {'mode': 'log', 'steps': 5, 'initial_lr': 0.05, 'target_lr': 0.05}, 'batch_per_device': 128}",128.4445836544037,0,3,1401.3784620571446,1,10.206382989883423
0.017992663383483886,0.03146460991871508,0.0006794214248657226,0.0017984791484940083,0.028868222236633302,nan,0.0,0.048219919204711914,0.10492499731481075,16513.324699141216,-0.11299999803304672,nan,0.0,nan,0.0,nan,0.0,0.10573999583721161,7.148444918823242,nan,0.0,0.11299999803304672,2364.417071533203,nan,0.0,60000,1,True,,,4,-16513.324699141216,972c1fa030584cfcbcdbff106297c6e7,2019-06-06_02-17-16,1559812636,41.242432594299316,169.687016248703,9774,steropes,169.229.49.254,"{'starting_lr': 0.05, 'momentum': 0.997, 'weight_decay': 0.0001, 'steps_per_iteration': None, 'pin': False, 'model_creator': None, 'target_batch_size': 128, 'model_string': 'resnet50', 'min_batch_size': 128, 'dataset': 'CIFAR', 'placement': None, 'use_nccl': True, 'devices_per_worker': 1, 'primary_resource': 'extra_gpu', 'gpu': False, 'verbose': False, 'lr_config': {'mode': 'log', 'steps': 5, 'initial_lr': 0.05, 'target_lr': 0.05}, 'batch_per_device': 128}",169.687016248703,0,4,1414.364827685128,1,10.206382989883423
