{"apply": 0.01849842071533203, "batch_time": 0.04192326944085616, "d2h": 0.0006613492965698242, "data_time": 0.0019058693400429338, "fwd": 0.11719424724578857, "get_state_time_mean": NaN, "get_state_time_total": 0.0, "grad": 0.16695077419281007, "mean_accuracy": 0.10849999636411667, "mean_loss": 147.64525194015502, "neg_mean_accuracy": -0.10849999636411667, "set_state_time_mean": NaN, "set_state_time_total": 0.0, "setup_model_time_mean": 8.471330642700195, "setup_model_time_total": 8.471330642700195, "setup_proc_time_mean": 1.639207124710083, "setup_proc_time_total": 1.639207124710083, "train_accuracy": 0.09971999377012253, "train_loss": 5.2832815498352055, "training_time_mean": NaN, "training_time_total": 0.0, "val_accuracy": 0.10849999636411667, "val_loss": 147.64525194015502, "validation_time_mean": NaN, "validation_time_total": 0.0, "samples": 60000, "num_workers": 1, "done": false, "timesteps_total": null, "episodes_total": null, "training_iteration": 1, "neg_mean_loss": -147.64525194015502, "experiment_id": "972c1fa030584cfcbcdbff106297c6e7", "date": "2019-06-06_02-15-13", "timestamp": 1559812513, "time_this_iter_s": 46.47445869445801, "time_total_s": 46.47445869445801, "pid": 9774, "hostname": "steropes", "node_ip": "169.229.49.254", "config": {"starting_lr": 0.05, "momentum": 0.997, "weight_decay": 0.0001, "steps_per_iteration": null, "pin": false, "model_creator": null, "target_batch_size": 128, "model_string": "resnet50", "min_batch_size": 128, "dataset": "CIFAR", "placement": null, "use_nccl": true, "devices_per_worker": 1, "primary_resource": "extra_gpu", "gpu": false, "verbose": false, "lr_config": {"mode": "log", "steps": 5, "initial_lr": 0.05, "target_lr": 0.05}, "batch_per_device": 128}, "time_since_restore": 46.47445869445801, "timesteps_since_restore": 0, "iterations_since_restore": 1, "mean_throughput": 1291.0293216478922, "atoms": 1, "setup_time": 10.206382989883423}
{"apply": 0.01760268211364746, "batch_time": 0.03160057792180701, "d2h": 0.0007055997848510742, "data_time": 0.0018315229879315856, "fwd": 0.028157639503479003, "get_state_time_mean": NaN, "get_state_time_total": 0.0, "grad": 0.04787139892578125, "mean_accuracy": 0.10524999722838402, "mean_loss": 77.068825015831, "neg_mean_accuracy": -0.10199999809265137, "set_state_time_mean": NaN, "set_state_time_total": 0.0, "setup_model_time_mean": NaN, "setup_model_time_total": 0.0, "setup_proc_time_mean": NaN, "setup_proc_time_total": 0.0, "train_accuracy": 0.10329999774694443, "train_loss": 6.54748855430603, "training_time_mean": NaN, "training_time_total": 0.0, "val_accuracy": 0.10199999809265137, "val_loss": 6.492398091506958, "validation_time_mean": NaN, "validation_time_total": 0.0, "samples": 60000, "num_workers": 1, "done": false, "timesteps_total": null, "episodes_total": null, "training_iteration": 2, "neg_mean_loss": -77.068825015831, "experiment_id": "972c1fa030584cfcbcdbff106297c6e7", "date": "2019-06-06_02-15-54", "timestamp": 1559812554, "time_this_iter_s": 41.007585287094116, "time_total_s": 87.48204398155212, "pid": 9774, "hostname": "steropes", "node_ip": "169.229.49.254", "config": {"starting_lr": 0.05, "momentum": 0.997, "weight_decay": 0.0001, "steps_per_iteration": null, "pin": false, "model_creator": null, "target_batch_size": 128, "model_string": "resnet50", "min_batch_size": 128, "dataset": "CIFAR", "placement": null, "use_nccl": true, "devices_per_worker": 1, "primary_resource": "extra_gpu", "gpu": false, "verbose": false, "lr_config": {"mode": "log", "steps": 5, "initial_lr": 0.05, "target_lr": 0.05}, "batch_per_device": 128}, "time_since_restore": 87.48204398155212, "timesteps_since_restore": 0, "iterations_since_restore": 2, "mean_throughput": 1371.7074865599416, "atoms": 1, "setup_time": 10.206382989883423}
{"apply": 0.0178178071975708, "batch_time": 0.03132423871680151, "d2h": 0.0006891727447509765, "data_time": 0.0018135312268191285, "fwd": 0.028224778175354005, "get_state_time_mean": NaN, "get_state_time_total": 0.0, "grad": 0.04863436222076416, "mean_accuracy": 0.1022333304087321, "mean_loss": 21229.627241677223, "neg_mean_accuracy": -0.09619999676942825, "set_state_time_mean": NaN, "set_state_time_total": 0.0, "setup_model_time_mean": NaN, "setup_model_time_total": 0.0, "setup_proc_time_mean": NaN, "setup_proc_time_total": 0.0, "train_accuracy": 0.10113999992609024, "train_loss": 2.9902695069885254, "training_time_mean": NaN, "training_time_total": 0.0, "val_accuracy": 0.09619999676942825, "val_loss": 63534.744075, "validation_time_mean": NaN, "validation_time_total": 0.0, "samples": 60000, "num_workers": 1, "done": false, "timesteps_total": null, "episodes_total": null, "training_iteration": 3, "neg_mean_loss": -21229.627241677223, "experiment_id": "972c1fa030584cfcbcdbff106297c6e7", "date": "2019-06-06_02-16-35", "timestamp": 1559812595, "time_this_iter_s": 40.96253967285156, "time_total_s": 128.4445836544037, "pid": 9774, "hostname": "steropes", "node_ip": "169.229.49.254", "config": {"starting_lr": 0.05, "momentum": 0.997, "weight_decay": 0.0001, "steps_per_iteration": null, "pin": false, "model_creator": null, "target_batch_size": 128, "model_string": "resnet50", "min_batch_size": 128, "dataset": "CIFAR", "placement": null, "use_nccl": true, "devices_per_worker": 1, "primary_resource": "extra_gpu", "gpu": false, "verbose": false, "lr_config": {"mode": "log", "steps": 5, "initial_lr": 0.05, "target_lr": 0.05}, "batch_per_device": 128}, "time_since_restore": 128.4445836544037, "timesteps_since_restore": 0, "iterations_since_restore": 3, "mean_throughput": 1401.3784620571446, "atoms": 1, "setup_time": 10.206382989883423}
{"apply": 0.017992663383483886, "batch_time": 0.03146460991871508, "d2h": 0.0006794214248657226, "data_time": 0.0017984791484940083, "fwd": 0.028868222236633302, "get_state_time_mean": NaN, "get_state_time_total": 0.0, "grad": 0.048219919204711914, "mean_accuracy": 0.10492499731481075, "mean_loss": 16513.324699141216, "neg_mean_accuracy": -0.11299999803304672, "set_state_time_mean": NaN, "set_state_time_total": 0.0, "setup_model_time_mean": NaN, "setup_model_time_total": 0.0, "setup_proc_time_mean": NaN, "setup_proc_time_total": 0.0, "train_accuracy": 0.10573999583721161, "train_loss": 7.148444918823242, "training_time_mean": NaN, "training_time_total": 0.0, "val_accuracy": 0.11299999803304672, "val_loss": 2364.417071533203, "validation_time_mean": NaN, "validation_time_total": 0.0, "samples": 60000, "num_workers": 1, "done": true, "timesteps_total": null, "episodes_total": null, "training_iteration": 4, "neg_mean_loss": -16513.324699141216, "experiment_id": "972c1fa030584cfcbcdbff106297c6e7", "date": "2019-06-06_02-17-16", "timestamp": 1559812636, "time_this_iter_s": 41.242432594299316, "time_total_s": 169.687016248703, "pid": 9774, "hostname": "steropes", "node_ip": "169.229.49.254", "config": {"starting_lr": 0.05, "momentum": 0.997, "weight_decay": 0.0001, "steps_per_iteration": null, "pin": false, "model_creator": null, "target_batch_size": 128, "model_string": "resnet50", "min_batch_size": 128, "dataset": "CIFAR", "placement": null, "use_nccl": true, "devices_per_worker": 1, "primary_resource": "extra_gpu", "gpu": false, "verbose": false, "lr_config": {"mode": "log", "steps": 5, "initial_lr": 0.05, "target_lr": 0.05}, "batch_per_device": 128}, "time_since_restore": 169.687016248703, "timesteps_since_restore": 0, "iterations_since_restore": 4, "mean_throughput": 1414.364827685128, "atoms": 1, "setup_time": 10.206382989883423}
