apply,batch_time,d2h,data_time,fwd,get_state_time_mean,get_state_time_total,grad,mean_accuracy,mean_loss,neg_mean_accuracy,set_state_time_mean,set_state_time_total,setup_model_time_mean,setup_model_time_total,setup_proc_time_mean,setup_proc_time_total,train_accuracy,train_loss,training_time_mean,training_time_total,val_accuracy,val_loss,validation_time_mean,validation_time_total,samples,num_workers,done,timesteps_total,episodes_total,training_iteration,neg_mean_loss,experiment_id,date,timestamp,time_this_iter_s,time_total_s,pid,hostname,node_ip,config,time_since_restore,timesteps_since_restore,iterations_since_restore,mean_throughput,atoms,setup_time
0.01731231212615967,0.04529594167878356,0.0008034706115722656,0.0018795262212338655,0.11821949481964111,nan,0.0,0.17731165885925293,0.24859999120235443,2.1835950660705565,-0.24859999120235443,nan,0.0,10.092393398284912,10.092393398284912,0.4346768856048584,0.4346768856048584,0.17997999489307404,2.368494384918213,nan,0.0,0.24859999120235443,2.1835950660705565,nan,0.0,60000,1,False,,,1,-2.1835950660705565,d23976a5fd354e40bb1030a84ef5d2cd,2019-06-06_07-20-18,1559830818,46.571011781692505,46.571011781692505,19513,steropes,169.229.49.254,"{'starting_lr': 0.0005, 'momentum': 0.95, 'weight_decay': 0.001, 'steps_per_iteration': None, 'pin': False, 'model_creator': None, 'target_batch_size': 128, 'model_string': 'resnet50', 'min_batch_size': 128, 'dataset': 'CIFAR', 'placement': None, 'use_nccl': True, 'devices_per_worker': 1, 'primary_resource': 'extra_gpu', 'gpu': False, 'verbose': False, 'lr_config': {'mode': 'log', 'steps': 5, 'initial_lr': 0.0005, 'target_lr': 0.0005}, 'batch_per_device': 128}",46.571011781692505,0,1,1288.3527139383748,1,10.884620666503906
0.018480825424194335,0.031946755662749085,0.000801849365234375,0.001887025735567293,0.028780341148376465,nan,0.0,0.048155713081359866,0.293349988758564,1.9975409660339354,-0.33809998631477356,nan,0.0,nan,0.0,nan,0.0,0.27855998277664185,1.9878719541168213,nan,0.0,0.33809998631477356,1.8114868659973145,nan,0.0,60000,1,False,,,2,-1.9975409660339354,d23976a5fd354e40bb1030a84ef5d2cd,2019-06-06_07-20-59,1559830859,41.008723974227905,87.57973575592041,19513,steropes,169.229.49.254,"{'starting_lr': 0.0005, 'momentum': 0.95, 'weight_decay': 0.001, 'steps_per_iteration': None, 'pin': False, 'model_creator': None, 'target_batch_size': 128, 'model_string': 'resnet50', 'min_batch_size': 128, 'dataset': 'CIFAR', 'placement': None, 'use_nccl': True, 'devices_per_worker': 1, 'primary_resource': 'extra_gpu', 'gpu': False, 'verbose': False, 'lr_config': {'mode': 'log', 'steps': 5, 'initial_lr': 0.0005, 'target_lr': 0.0005}, 'batch_per_device': 128}",87.57973575592041,0,2,1370.1773883874268,1,10.884620666503906
0.018326663970947267,0.03278498408160632,0.0007140874862670898,0.0019025479436225597,0.0290205717086792,nan,0.0,0.048554491996765134,0.3215666562318802,1.9080648423512774,-0.3779999911785126,nan,0.0,nan,0.0,nan,0.0,0.32767999172210693,1.8509243157958983,nan,0.0,0.3779999911785126,1.7291125949859618,nan,0.0,60000,1,False,,,3,-1.9080648423512774,d23976a5fd354e40bb1030a84ef5d2cd,2019-06-06_07-21-40,1559830900,40.84962010383606,128.42935585975647,19513,steropes,169.229.49.254,"{'starting_lr': 0.0005, 'momentum': 0.95, 'weight_decay': 0.001, 'steps_per_iteration': None, 'pin': False, 'model_creator': None, 'target_batch_size': 128, 'model_string': 'resnet50', 'min_batch_size': 128, 'dataset': 'CIFAR', 'placement': None, 'use_nccl': True, 'devices_per_worker': 1, 'primary_resource': 'extra_gpu', 'gpu': False, 'verbose': False, 'lr_config': {'mode': 'log', 'steps': 5, 'initial_lr': 0.0005, 'target_lr': 0.0005}, 'batch_per_device': 128}",128.42935585975647,0,3,1401.5447991321344,1,10.884620666503906
0.017144155502319337,0.031797496578361416,0.0007122516632080078,0.0018950697711056762,0.027517223358154298,nan,0.0,0.04751632213592529,0.343849990516901,1.8336934445858,-0.4106999933719635,nan,0.0,nan,0.0,nan,0.0,0.36041998863220215,1.7550128972625731,nan,0.0,0.4106999933719635,1.6105792512893677,nan,0.0,60000,1,False,,,4,-1.8336934445858,d23976a5fd354e40bb1030a84ef5d2cd,2019-06-06_07-22-21,1559830941,40.800812005996704,169.23016786575317,19513,steropes,169.229.49.254,"{'starting_lr': 0.0005, 'momentum': 0.95, 'weight_decay': 0.001, 'steps_per_iteration': None, 'pin': False, 'model_creator': None, 'target_batch_size': 128, 'model_string': 'resnet50', 'min_batch_size': 128, 'dataset': 'CIFAR', 'placement': None, 'use_nccl': True, 'devices_per_worker': 1, 'primary_resource': 'extra_gpu', 'gpu': False, 'verbose': False, 'lr_config': {'mode': 'log', 'steps': 5, 'initial_lr': 0.0005, 'target_lr': 0.0005}, 'batch_per_device': 128}",169.23016786575317,0,4,1418.1831494572423,1,10.884620666503906
0.018349862098693846,0.03202764293815516,0.0007516860961914063,0.001885265950351725,0.028459572792053224,nan,0.0,0.048752880096435545,0.36111998856067656,1.7794421293258664,-0.4301999807357788,nan,0.0,nan,0.0,nan,0.0,0.3879999816417694,1.6749824448013306,nan,0.0,0.4301999807357788,1.5624368682861327,nan,0.0,60000,1,False,,,5,-1.7794421293258664,d23976a5fd354e40bb1030a84ef5d2cd,2019-06-06_07-23-01,1559830981,40.764612436294556,209.99478030204773,19513,steropes,169.229.49.254,"{'starting_lr': 0.0005, 'momentum': 0.95, 'weight_decay': 0.001, 'steps_per_iteration': None, 'pin': False, 'model_creator': None, 'target_batch_size': 128, 'model_string': 'resnet50', 'min_batch_size': 128, 'dataset': 'CIFAR', 'placement': None, 'use_nccl': True, 'devices_per_worker': 1, 'primary_resource': 'extra_gpu', 'gpu': False, 'verbose': False, 'lr_config': {'mode': 'log', 'steps': 5, 'initial_lr': 0.0005, 'target_lr': 0.0005}, 'batch_per_device': 128}",209.99478030204773,0,5,1428.6033708876498,1,10.884620666503906
0.018364691734313966,0.031634161743936656,0.000675034523010254,0.0019059370240896863,0.028417325019836424,nan,0.0,0.04820053577423096,0.39999998807907106,1.6486156161499026,-0.4429999887943268,nan,0.0,nan,0.0,nan,0.0,0.4079200029373169,1.6184809640884399,nan,0.0,0.4429999887943268,1.529462500190735,nan,0.0,60000,1,False,,,6,-1.6486156161499026,d23976a5fd354e40bb1030a84ef5d2cd,2019-06-06_07-23-42,1559831022,40.67977952957153,250.67455983161926,19513,steropes,169.229.49.254,"{'starting_lr': 0.0005, 'momentum': 0.95, 'weight_decay': 0.001, 'steps_per_iteration': None, 'pin': False, 'model_creator': None, 'target_batch_size': 128, 'model_string': 'resnet50', 'min_batch_size': 128, 'dataset': 'CIFAR', 'placement': None, 'use_nccl': True, 'devices_per_worker': 1, 'primary_resource': 'extra_gpu', 'gpu': False, 'verbose': False, 'lr_config': {'mode': 'log', 'steps': 5, 'initial_lr': 0.0005, 'target_lr': 0.0005}, 'batch_per_device': 128}",250.67455983161926,0,6,1469.8384431365134,1,10.884620666503906
0.0184049129486084,0.03189118602607824,0.000739288330078125,0.0018805744093092506,0.02836034297943115,nan,0.0,0.05076625347137451,0.4221199870109558,1.5875128279495239,-0.4486999809741974,nan,0.0,nan,0.0,nan,0.0,0.42201998829841614,1.5772863668060302,nan,0.0,0.4486999809741974,1.5059729249954223,nan,0.0,60000,1,False,,,7,-1.5875128279495239,d23976a5fd354e40bb1030a84ef5d2cd,2019-06-06_07-24-23,1559831063,40.91708159446716,291.5916414260864,19513,steropes,169.229.49.254,"{'starting_lr': 0.0005, 'momentum': 0.95, 'weight_decay': 0.001, 'steps_per_iteration': None, 'pin': False, 'model_creator': None, 'target_batch_size': 128, 'model_string': 'resnet50', 'min_batch_size': 128, 'dataset': 'CIFAR', 'placement': None, 'use_nccl': True, 'devices_per_worker': 1, 'primary_resource': 'extra_gpu', 'gpu': False, 'verbose': False, 'lr_config': {'mode': 'log', 'steps': 5, 'initial_lr': 0.0005, 'target_lr': 0.0005}, 'batch_per_device': 128}",291.5916414260864,0,7,1470.498660194327,1,10.884620666503906
0.0171142578125,0.032713766339458994,0.0007443904876708984,0.0019074077801326352,0.027562785148620605,nan,0.0,0.04773252010345459,0.43783998489379883,1.5363043897247315,-0.45659998059272766,nan,0.0,nan,0.0,nan,0.0,0.43831998109817505,1.5335534091567993,nan,0.0,0.45659998059272766,1.4730704038619995,nan,0.0,60000,1,True,,,8,-1.5363043897247315,d23976a5fd354e40bb1030a84ef5d2cd,2019-06-06_07-25-04,1559831104,40.68664598464966,332.2782874107361,19513,steropes,169.229.49.254,"{'starting_lr': 0.0005, 'momentum': 0.95, 'weight_decay': 0.001, 'steps_per_iteration': None, 'pin': False, 'model_creator': None, 'target_batch_size': 128, 'model_string': 'resnet50', 'min_batch_size': 128, 'dataset': 'CIFAR', 'placement': None, 'use_nccl': True, 'devices_per_worker': 1, 'primary_resource': 'extra_gpu', 'gpu': False, 'verbose': False, 'lr_config': {'mode': 'log', 'steps': 5, 'initial_lr': 0.0005, 'target_lr': 0.0005}, 'batch_per_device': 128}",332.2782874107361,0,8,1471.6751143646811,1,10.884620666503906
