{"apply": 0.01731231212615967, "batch_time": 0.04529594167878356, "d2h": 0.0008034706115722656, "data_time": 0.0018795262212338655, "fwd": 0.11821949481964111, "get_state_time_mean": NaN, "get_state_time_total": 0.0, "grad": 0.17731165885925293, "mean_accuracy": 0.24859999120235443, "mean_loss": 2.1835950660705565, "neg_mean_accuracy": -0.24859999120235443, "set_state_time_mean": NaN, "set_state_time_total": 0.0, "setup_model_time_mean": 10.092393398284912, "setup_model_time_total": 10.092393398284912, "setup_proc_time_mean": 0.4346768856048584, "setup_proc_time_total": 0.4346768856048584, "train_accuracy": 0.17997999489307404, "train_loss": 2.368494384918213, "training_time_mean": NaN, "training_time_total": 0.0, "val_accuracy": 0.24859999120235443, "val_loss": 2.1835950660705565, "validation_time_mean": NaN, "validation_time_total": 0.0, "samples": 60000, "num_workers": 1, "done": false, "timesteps_total": null, "episodes_total": null, "training_iteration": 1, "neg_mean_loss": -2.1835950660705565, "experiment_id": "d23976a5fd354e40bb1030a84ef5d2cd", "date": "2019-06-06_07-20-18", "timestamp": 1559830818, "time_this_iter_s": 46.571011781692505, "time_total_s": 46.571011781692505, "pid": 19513, "hostname": "steropes", "node_ip": "169.229.49.254", "config": {"starting_lr": 0.0005, "momentum": 0.95, "weight_decay": 0.001, "steps_per_iteration": null, "pin": false, "model_creator": null, "target_batch_size": 128, "model_string": "resnet50", "min_batch_size": 128, "dataset": "CIFAR", "placement": null, "use_nccl": true, "devices_per_worker": 1, "primary_resource": "extra_gpu", "gpu": false, "verbose": false, "lr_config": {"mode": "log", "steps": 5, "initial_lr": 0.0005, "target_lr": 0.0005}, "batch_per_device": 128}, "time_since_restore": 46.571011781692505, "timesteps_since_restore": 0, "iterations_since_restore": 1, "mean_throughput": 1288.3527139383748, "atoms": 1, "setup_time": 10.884620666503906}
{"apply": 0.018480825424194335, "batch_time": 0.031946755662749085, "d2h": 0.000801849365234375, "data_time": 0.001887025735567293, "fwd": 0.028780341148376465, "get_state_time_mean": NaN, "get_state_time_total": 0.0, "grad": 0.048155713081359866, "mean_accuracy": 0.293349988758564, "mean_loss": 1.9975409660339354, "neg_mean_accuracy": -0.33809998631477356, "set_state_time_mean": NaN, "set_state_time_total": 0.0, "setup_model_time_mean": NaN, "setup_model_time_total": 0.0, "setup_proc_time_mean": NaN, "setup_proc_time_total": 0.0, "train_accuracy": 0.27855998277664185, "train_loss": 1.9878719541168213, "training_time_mean": NaN, "training_time_total": 0.0, "val_accuracy": 0.33809998631477356, "val_loss": 1.8114868659973145, "validation_time_mean": NaN, "validation_time_total": 0.0, "samples": 60000, "num_workers": 1, "done": false, "timesteps_total": null, "episodes_total": null, "training_iteration": 2, "neg_mean_loss": -1.9975409660339354, "experiment_id": "d23976a5fd354e40bb1030a84ef5d2cd", "date": "2019-06-06_07-20-59", "timestamp": 1559830859, "time_this_iter_s": 41.008723974227905, "time_total_s": 87.57973575592041, "pid": 19513, "hostname": "steropes", "node_ip": "169.229.49.254", "config": {"starting_lr": 0.0005, "momentum": 0.95, "weight_decay": 0.001, "steps_per_iteration": null, "pin": false, "model_creator": null, "target_batch_size": 128, "model_string": "resnet50", "min_batch_size": 128, "dataset": "CIFAR", "placement": null, "use_nccl": true, "devices_per_worker": 1, "primary_resource": "extra_gpu", "gpu": false, "verbose": false, "lr_config": {"mode": "log", "steps": 5, "initial_lr": 0.0005, "target_lr": 0.0005}, "batch_per_device": 128}, "time_since_restore": 87.57973575592041, "timesteps_since_restore": 0, "iterations_since_restore": 2, "mean_throughput": 1370.1773883874268, "atoms": 1, "setup_time": 10.884620666503906}
{"apply": 0.018326663970947267, "batch_time": 0.03278498408160632, "d2h": 0.0007140874862670898, "data_time": 0.0019025479436225597, "fwd": 0.0290205717086792, "get_state_time_mean": NaN, "get_state_time_total": 0.0, "grad": 0.048554491996765134, "mean_accuracy": 0.3215666562318802, "mean_loss": 1.9080648423512774, "neg_mean_accuracy": -0.3779999911785126, "set_state_time_mean": NaN, "set_state_time_total": 0.0, "setup_model_time_mean": NaN, "setup_model_time_total": 0.0, "setup_proc_time_mean": NaN, "setup_proc_time_total": 0.0, "train_accuracy": 0.32767999172210693, "train_loss": 1.8509243157958983, "training_time_mean": NaN, "training_time_total": 0.0, "val_accuracy": 0.3779999911785126, "val_loss": 1.7291125949859618, "validation_time_mean": NaN, "validation_time_total": 0.0, "samples": 60000, "num_workers": 1, "done": false, "timesteps_total": null, "episodes_total": null, "training_iteration": 3, "neg_mean_loss": -1.9080648423512774, "experiment_id": "d23976a5fd354e40bb1030a84ef5d2cd", "date": "2019-06-06_07-21-40", "timestamp": 1559830900, "time_this_iter_s": 40.84962010383606, "time_total_s": 128.42935585975647, "pid": 19513, "hostname": "steropes", "node_ip": "169.229.49.254", "config": {"starting_lr": 0.0005, "momentum": 0.95, "weight_decay": 0.001, "steps_per_iteration": null, "pin": false, "model_creator": null, "target_batch_size": 128, "model_string": "resnet50", "min_batch_size": 128, "dataset": "CIFAR", "placement": null, "use_nccl": true, "devices_per_worker": 1, "primary_resource": "extra_gpu", "gpu": false, "verbose": false, "lr_config": {"mode": "log", "steps": 5, "initial_lr": 0.0005, "target_lr": 0.0005}, "batch_per_device": 128}, "time_since_restore": 128.42935585975647, "timesteps_since_restore": 0, "iterations_since_restore": 3, "mean_throughput": 1401.5447991321344, "atoms": 1, "setup_time": 10.884620666503906}
{"apply": 0.017144155502319337, "batch_time": 0.031797496578361416, "d2h": 0.0007122516632080078, "data_time": 0.0018950697711056762, "fwd": 0.027517223358154298, "get_state_time_mean": NaN, "get_state_time_total": 0.0, "grad": 0.04751632213592529, "mean_accuracy": 0.343849990516901, "mean_loss": 1.8336934445858, "neg_mean_accuracy": -0.4106999933719635, "set_state_time_mean": NaN, "set_state_time_total": 0.0, "setup_model_time_mean": NaN, "setup_model_time_total": 0.0, "setup_proc_time_mean": NaN, "setup_proc_time_total": 0.0, "train_accuracy": 0.36041998863220215, "train_loss": 1.7550128972625731, "training_time_mean": NaN, "training_time_total": 0.0, "val_accuracy": 0.4106999933719635, "val_loss": 1.6105792512893677, "validation_time_mean": NaN, "validation_time_total": 0.0, "samples": 60000, "num_workers": 1, "done": false, "timesteps_total": null, "episodes_total": null, "training_iteration": 4, "neg_mean_loss": -1.8336934445858, "experiment_id": "d23976a5fd354e40bb1030a84ef5d2cd", "date": "2019-06-06_07-22-21", "timestamp": 1559830941, "time_this_iter_s": 40.800812005996704, "time_total_s": 169.23016786575317, "pid": 19513, "hostname": "steropes", "node_ip": "169.229.49.254", "config": {"starting_lr": 0.0005, "momentum": 0.95, "weight_decay": 0.001, "steps_per_iteration": null, "pin": false, "model_creator": null, "target_batch_size": 128, "model_string": "resnet50", "min_batch_size": 128, "dataset": "CIFAR", "placement": null, "use_nccl": true, "devices_per_worker": 1, "primary_resource": "extra_gpu", "gpu": false, "verbose": false, "lr_config": {"mode": "log", "steps": 5, "initial_lr": 0.0005, "target_lr": 0.0005}, "batch_per_device": 128}, "time_since_restore": 169.23016786575317, "timesteps_since_restore": 0, "iterations_since_restore": 4, "mean_throughput": 1418.1831494572423, "atoms": 1, "setup_time": 10.884620666503906}
{"apply": 0.018349862098693846, "batch_time": 0.03202764293815516, "d2h": 0.0007516860961914063, "data_time": 0.001885265950351725, "fwd": 0.028459572792053224, "get_state_time_mean": NaN, "get_state_time_total": 0.0, "grad": 0.048752880096435545, "mean_accuracy": 0.36111998856067656, "mean_loss": 1.7794421293258664, "neg_mean_accuracy": -0.4301999807357788, "set_state_time_mean": NaN, "set_state_time_total": 0.0, "setup_model_time_mean": NaN, "setup_model_time_total": 0.0, "setup_proc_time_mean": NaN, "setup_proc_time_total": 0.0, "train_accuracy": 0.3879999816417694, "train_loss": 1.6749824448013306, "training_time_mean": NaN, "training_time_total": 0.0, "val_accuracy": 0.4301999807357788, "val_loss": 1.5624368682861327, "validation_time_mean": NaN, "validation_time_total": 0.0, "samples": 60000, "num_workers": 1, "done": false, "timesteps_total": null, "episodes_total": null, "training_iteration": 5, "neg_mean_loss": -1.7794421293258664, "experiment_id": "d23976a5fd354e40bb1030a84ef5d2cd", "date": "2019-06-06_07-23-01", "timestamp": 1559830981, "time_this_iter_s": 40.764612436294556, "time_total_s": 209.99478030204773, "pid": 19513, "hostname": "steropes", "node_ip": "169.229.49.254", "config": {"starting_lr": 0.0005, "momentum": 0.95, "weight_decay": 0.001, "steps_per_iteration": null, "pin": false, "model_creator": null, "target_batch_size": 128, "model_string": "resnet50", "min_batch_size": 128, "dataset": "CIFAR", "placement": null, "use_nccl": true, "devices_per_worker": 1, "primary_resource": "extra_gpu", "gpu": false, "verbose": false, "lr_config": {"mode": "log", "steps": 5, "initial_lr": 0.0005, "target_lr": 0.0005}, "batch_per_device": 128}, "time_since_restore": 209.99478030204773, "timesteps_since_restore": 0, "iterations_since_restore": 5, "mean_throughput": 1428.6033708876498, "atoms": 1, "setup_time": 10.884620666503906}
{"apply": 0.018364691734313966, "batch_time": 0.031634161743936656, "d2h": 0.000675034523010254, "data_time": 0.0019059370240896863, "fwd": 0.028417325019836424, "get_state_time_mean": NaN, "get_state_time_total": 0.0, "grad": 0.04820053577423096, "mean_accuracy": 0.39999998807907106, "mean_loss": 1.6486156161499026, "neg_mean_accuracy": -0.4429999887943268, "set_state_time_mean": NaN, "set_state_time_total": 0.0, "setup_model_time_mean": NaN, "setup_model_time_total": 0.0, "setup_proc_time_mean": NaN, "setup_proc_time_total": 0.0, "train_accuracy": 0.4079200029373169, "train_loss": 1.6184809640884399, "training_time_mean": NaN, "training_time_total": 0.0, "val_accuracy": 0.4429999887943268, "val_loss": 1.529462500190735, "validation_time_mean": NaN, "validation_time_total": 0.0, "samples": 60000, "num_workers": 1, "done": false, "timesteps_total": null, "episodes_total": null, "training_iteration": 6, "neg_mean_loss": -1.6486156161499026, "experiment_id": "d23976a5fd354e40bb1030a84ef5d2cd", "date": "2019-06-06_07-23-42", "timestamp": 1559831022, "time_this_iter_s": 40.67977952957153, "time_total_s": 250.67455983161926, "pid": 19513, "hostname": "steropes", "node_ip": "169.229.49.254", "config": {"starting_lr": 0.0005, "momentum": 0.95, "weight_decay": 0.001, "steps_per_iteration": null, "pin": false, "model_creator": null, "target_batch_size": 128, "model_string": "resnet50", "min_batch_size": 128, "dataset": "CIFAR", "placement": null, "use_nccl": true, "devices_per_worker": 1, "primary_resource": "extra_gpu", "gpu": false, "verbose": false, "lr_config": {"mode": "log", "steps": 5, "initial_lr": 0.0005, "target_lr": 0.0005}, "batch_per_device": 128}, "time_since_restore": 250.67455983161926, "timesteps_since_restore": 0, "iterations_since_restore": 6, "mean_throughput": 1469.8384431365134, "atoms": 1, "setup_time": 10.884620666503906}
{"apply": 0.0184049129486084, "batch_time": 0.03189118602607824, "d2h": 0.000739288330078125, "data_time": 0.0018805744093092506, "fwd": 0.02836034297943115, "get_state_time_mean": NaN, "get_state_time_total": 0.0, "grad": 0.05076625347137451, "mean_accuracy": 0.4221199870109558, "mean_loss": 1.5875128279495239, "neg_mean_accuracy": -0.4486999809741974, "set_state_time_mean": NaN, "set_state_time_total": 0.0, "setup_model_time_mean": NaN, "setup_model_time_total": 0.0, "setup_proc_time_mean": NaN, "setup_proc_time_total": 0.0, "train_accuracy": 0.42201998829841614, "train_loss": 1.5772863668060302, "training_time_mean": NaN, "training_time_total": 0.0, "val_accuracy": 0.4486999809741974, "val_loss": 1.5059729249954223, "validation_time_mean": NaN, "validation_time_total": 0.0, "samples": 60000, "num_workers": 1, "done": false, "timesteps_total": null, "episodes_total": null, "training_iteration": 7, "neg_mean_loss": -1.5875128279495239, "experiment_id": "d23976a5fd354e40bb1030a84ef5d2cd", "date": "2019-06-06_07-24-23", "timestamp": 1559831063, "time_this_iter_s": 40.91708159446716, "time_total_s": 291.5916414260864, "pid": 19513, "hostname": "steropes", "node_ip": "169.229.49.254", "config": {"starting_lr": 0.0005, "momentum": 0.95, "weight_decay": 0.001, "steps_per_iteration": null, "pin": false, "model_creator": null, "target_batch_size": 128, "model_string": "resnet50", "min_batch_size": 128, "dataset": "CIFAR", "placement": null, "use_nccl": true, "devices_per_worker": 1, "primary_resource": "extra_gpu", "gpu": false, "verbose": false, "lr_config": {"mode": "log", "steps": 5, "initial_lr": 0.0005, "target_lr": 0.0005}, "batch_per_device": 128}, "time_since_restore": 291.5916414260864, "timesteps_since_restore": 0, "iterations_since_restore": 7, "mean_throughput": 1470.498660194327, "atoms": 1, "setup_time": 10.884620666503906}
{"apply": 0.0171142578125, "batch_time": 0.032713766339458994, "d2h": 0.0007443904876708984, "data_time": 0.0019074077801326352, "fwd": 0.027562785148620605, "get_state_time_mean": NaN, "get_state_time_total": 0.0, "grad": 0.04773252010345459, "mean_accuracy": 0.43783998489379883, "mean_loss": 1.5363043897247315, "neg_mean_accuracy": -0.45659998059272766, "set_state_time_mean": NaN, "set_state_time_total": 0.0, "setup_model_time_mean": NaN, "setup_model_time_total": 0.0, "setup_proc_time_mean": NaN, "setup_proc_time_total": 0.0, "train_accuracy": 0.43831998109817505, "train_loss": 1.5335534091567993, "training_time_mean": NaN, "training_time_total": 0.0, "val_accuracy": 0.45659998059272766, "val_loss": 1.4730704038619995, "validation_time_mean": NaN, "validation_time_total": 0.0, "samples": 60000, "num_workers": 1, "done": true, "timesteps_total": null, "episodes_total": null, "training_iteration": 8, "neg_mean_loss": -1.5363043897247315, "experiment_id": "d23976a5fd354e40bb1030a84ef5d2cd", "date": "2019-06-06_07-25-04", "timestamp": 1559831104, "time_this_iter_s": 40.68664598464966, "time_total_s": 332.2782874107361, "pid": 19513, "hostname": "steropes", "node_ip": "169.229.49.254", "config": {"starting_lr": 0.0005, "momentum": 0.95, "weight_decay": 0.001, "steps_per_iteration": null, "pin": false, "model_creator": null, "target_batch_size": 128, "model_string": "resnet50", "min_batch_size": 128, "dataset": "CIFAR", "placement": null, "use_nccl": true, "devices_per_worker": 1, "primary_resource": "extra_gpu", "gpu": false, "verbose": false, "lr_config": {"mode": "log", "steps": 5, "initial_lr": 0.0005, "target_lr": 0.0005}, "batch_per_device": 128}, "time_since_restore": 332.2782874107361, "timesteps_since_restore": 0, "iterations_since_restore": 8, "mean_throughput": 1471.6751143646811, "atoms": 1, "setup_time": 10.884620666503906}
