{"apply": 0.01739950180053711, "batch_time": 0.041836868358563775, "d2h": 0.0008357048034667968, "data_time": 0.0019393528209013097, "fwd": 0.11768250465393067, "get_state_time_mean": NaN, "get_state_time_total": 0.0, "grad": 0.1637875556945801, "mean_accuracy": 0.21639999747276306, "mean_loss": 2.185399304962158, "neg_mean_accuracy": -0.21639999747276306, "set_state_time_mean": NaN, "set_state_time_total": 0.0, "setup_model_time_mean": 8.569867372512817, "setup_model_time_total": 8.569867372512817, "setup_proc_time_mean": 0.4339466094970703, "setup_proc_time_total": 0.4339466094970703, "train_accuracy": 0.16325999796390533, "train_loss": 2.3958224033355715, "training_time_mean": NaN, "training_time_total": 0.0, "val_accuracy": 0.21639999747276306, "val_loss": 2.185399304962158, "validation_time_mean": NaN, "validation_time_total": 0.0, "samples": 60000, "num_workers": 1, "done": false, "timesteps_total": null, "episodes_total": null, "training_iteration": 1, "neg_mean_loss": -2.185399304962158, "experiment_id": "cc360ca901ef4ce28f9c6d23882edb6a", "date": "2019-06-03_22-19-13", "timestamp": 1559625553, "time_this_iter_s": 45.826996088027954, "time_total_s": 45.826996088027954, "pid": 19650, "hostname": "steropes", "node_ip": "169.229.49.254", "config": {"starting_lr": 0.0005, "momentum": 0.9, "weight_decay": 0.0001, "steps_per_iteration": null, "pin": false, "model_creator": null, "target_batch_size": 128, "model_string": "resnet50", "min_batch_size": 128, "dataset": "CIFAR", "placement": null, "use_nccl": true, "devices_per_worker": 1, "primary_resource": "extra_gpu", "gpu": false, "verbose": false, "lr_config": {"mode": "log", "steps": 5, "initial_lr": 0.0005, "target_lr": 0.0005}, "batch_per_device": 128}, "time_since_restore": 45.826996088027954, "timesteps_since_restore": 0, "iterations_since_restore": 1, "mean_throughput": 1309.2682124872993, "atoms": 1, "setup_time": 9.118488311767578}
{"apply": 0.017020368576049806, "batch_time": 0.033316678638699686, "d2h": 0.0006586074829101563, "data_time": 0.0018341394946398333, "fwd": 0.02781825065612793, "get_state_time_mean": NaN, "get_state_time_total": 0.0, "grad": 0.047240495681762695, "mean_accuracy": 0.2538999915122986, "mean_loss": 2.0729389101028444, "neg_mean_accuracy": -0.2913999855518341, "set_state_time_mean": NaN, "set_state_time_total": 0.0, "setup_model_time_mean": NaN, "setup_model_time_total": 0.0, "setup_proc_time_mean": NaN, "setup_proc_time_total": 0.0, "train_accuracy": 0.2400199919939041, "train_loss": 2.0711198657989502, "training_time_mean": NaN, "training_time_total": 0.0, "val_accuracy": 0.2913999855518341, "val_loss": 1.9604785152435302, "validation_time_mean": NaN, "validation_time_total": 0.0, "samples": 60000, "num_workers": 1, "done": false, "timesteps_total": null, "episodes_total": null, "training_iteration": 2, "neg_mean_loss": -2.0729389101028444, "experiment_id": "cc360ca901ef4ce28f9c6d23882edb6a", "date": "2019-06-03_22-19-54", "timestamp": 1559625594, "time_this_iter_s": 40.92191004753113, "time_total_s": 86.74890613555908, "pid": 19650, "hostname": "steropes", "node_ip": "169.229.49.254", "config": {"starting_lr": 0.0005, "momentum": 0.9, "weight_decay": 0.0001, "steps_per_iteration": null, "pin": false, "model_creator": null, "target_batch_size": 128, "model_string": "resnet50", "min_batch_size": 128, "dataset": "CIFAR", "placement": null, "use_nccl": true, "devices_per_worker": 1, "primary_resource": "extra_gpu", "gpu": false, "verbose": false, "lr_config": {"mode": "log", "steps": 5, "initial_lr": 0.0005, "target_lr": 0.0005}, "batch_per_device": 128}, "time_since_restore": 86.74890613555908, "timesteps_since_restore": 0, "iterations_since_restore": 2, "mean_throughput": 1383.2993615698447, "atoms": 1, "setup_time": 9.118488311767578}
