{"apply": 0.018973398208618163, "batch_time": 0.045744443241553974, "d2h": 0.0007175683975219726, "data_time": 0.001961203182444853, "fwd": 0.11672854423522949, "get_state_time_mean": NaN, "get_state_time_total": 0.0, "grad": 0.21999120712280273, "mean_accuracy": 0.09999999403953552, "mean_loss": 2.7748016387939454, "neg_mean_accuracy": -0.09999999403953552, "set_state_time_mean": NaN, "set_state_time_total": 0.0, "setup_model_time_mean": 8.901063203811646, "setup_model_time_total": 8.901063203811646, "setup_proc_time_mean": 1.5945773124694824, "setup_proc_time_total": 1.5945773124694824, "train_accuracy": 0.1592399924993515, "train_loss": 3.002007663269043, "training_time_mean": NaN, "training_time_total": 0.0, "val_accuracy": 0.09999999403953552, "val_loss": 2.7748016387939454, "validation_time_mean": NaN, "validation_time_total": 0.0, "samples": 60000, "num_workers": 1, "done": false, "timesteps_total": null, "episodes_total": null, "training_iteration": 1, "neg_mean_loss": -2.7748016387939454, "experiment_id": "c41a9d1b530b4bb9abf2de216f0ea6e0", "date": "2019-06-03_22-06-01", "timestamp": 1559624761, "time_this_iter_s": 48.10492253303528, "time_total_s": 48.10492253303528, "pid": 6868, "hostname": "steropes", "node_ip": "169.229.49.254", "config": {"starting_lr": 0.005, "momentum": 0.997, "weight_decay": 0.005, "steps_per_iteration": null, "pin": false, "model_creator": null, "target_batch_size": 128, "model_string": "resnet50", "min_batch_size": 128, "dataset": "CIFAR", "placement": null, "use_nccl": true, "devices_per_worker": 1, "primary_resource": "extra_gpu", "gpu": false, "verbose": false, "lr_config": {"mode": "log", "steps": 5, "initial_lr": 0.005, "target_lr": 0.005}, "batch_per_device": 128}, "time_since_restore": 48.10492253303528, "timesteps_since_restore": 0, "iterations_since_restore": 1, "mean_throughput": 1247.2713147165728, "atoms": 1, "setup_time": 10.590658903121948}
{"apply": 0.01780087947845459, "batch_time": 0.03171044361742237, "d2h": 0.0007785797119140625, "data_time": 0.001875441397547417, "fwd": 0.028033947944641112, "get_state_time_mean": NaN, "get_state_time_total": 0.0, "grad": 0.050248003005981444, "mean_accuracy": 0.1838499903678894, "mean_loss": 2.469629524421692, "neg_mean_accuracy": -0.2676999866962433, "set_state_time_mean": NaN, "set_state_time_total": 0.0, "setup_model_time_mean": NaN, "setup_model_time_total": 0.0, "setup_proc_time_mean": NaN, "setup_proc_time_total": 0.0, "train_accuracy": 0.1929199993610382, "train_loss": 2.3940670739746093, "training_time_mean": NaN, "training_time_total": 0.0, "val_accuracy": 0.2676999866962433, "val_loss": 2.1644574100494385, "validation_time_mean": NaN, "validation_time_total": 0.0, "samples": 60000, "num_workers": 1, "done": false, "timesteps_total": null, "episodes_total": null, "training_iteration": 2, "neg_mean_loss": -2.469629524421692, "experiment_id": "c41a9d1b530b4bb9abf2de216f0ea6e0", "date": "2019-06-03_22-06-43", "timestamp": 1559624803, "time_this_iter_s": 41.7549774646759, "time_total_s": 89.85989999771118, "pid": 6868, "hostname": "steropes", "node_ip": "169.229.49.254", "config": {"starting_lr": 0.005, "momentum": 0.997, "weight_decay": 0.005, "steps_per_iteration": null, "pin": false, "model_creator": null, "target_batch_size": 128, "model_string": "resnet50", "min_batch_size": 128, "dataset": "CIFAR", "placement": null, "use_nccl": true, "devices_per_worker": 1, "primary_resource": "extra_gpu", "gpu": false, "verbose": false, "lr_config": {"mode": "log", "steps": 5, "initial_lr": 0.005, "target_lr": 0.005}, "batch_per_device": 128}, "time_since_restore": 89.85989999771118, "timesteps_since_restore": 0, "iterations_since_restore": 2, "mean_throughput": 1335.409662424028, "atoms": 1, "setup_time": 10.590658903121948}
{"apply": 0.017527318000793456, "batch_time": 0.03357491312147696, "d2h": 0.0006542682647705078, "data_time": 0.0018592636908411676, "fwd": 0.028069329261779786, "get_state_time_mean": NaN, "get_state_time_total": 0.0, "grad": 0.04891898632049561, "mean_accuracy": 0.21213332811991373, "mean_loss": 2.304771884218852, "neg_mean_accuracy": -0.2687000036239624, "set_state_time_mean": NaN, "set_state_time_total": 0.0, "setup_model_time_mean": NaN, "setup_model_time_total": 0.0, "setup_proc_time_mean": NaN, "setup_proc_time_total": 0.0, "train_accuracy": 0.2747800052165985, "train_loss": 1.988878042602539, "training_time_mean": NaN, "training_time_total": 0.0, "val_accuracy": 0.2687000036239624, "val_loss": 1.9750566038131714, "validation_time_mean": NaN, "validation_time_total": 0.0, "samples": 60000, "num_workers": 1, "done": false, "timesteps_total": null, "episodes_total": null, "training_iteration": 3, "neg_mean_loss": -2.304771884218852, "experiment_id": "c41a9d1b530b4bb9abf2de216f0ea6e0", "date": "2019-06-03_22-07-24", "timestamp": 1559624844, "time_this_iter_s": 41.29045248031616, "time_total_s": 131.15035247802734, "pid": 6868, "hostname": "steropes", "node_ip": "169.229.49.254", "config": {"starting_lr": 0.005, "momentum": 0.997, "weight_decay": 0.005, "steps_per_iteration": null, "pin": false, "model_creator": null, "target_batch_size": 128, "model_string": "resnet50", "min_batch_size": 128, "dataset": "CIFAR", "placement": null, "use_nccl": true, "devices_per_worker": 1, "primary_resource": "extra_gpu", "gpu": false, "verbose": false, "lr_config": {"mode": "log", "steps": 5, "initial_lr": 0.005, "target_lr": 0.005}, "batch_per_device": 128}, "time_since_restore": 131.15035247802734, "timesteps_since_restore": 0, "iterations_since_restore": 3, "mean_throughput": 1372.4659641903422, "atoms": 1, "setup_time": 10.590658903121948}
{"apply": 0.02027308940887451, "batch_time": 0.032214532924603814, "d2h": 0.00066375732421875, "data_time": 0.0018934849887857657, "fwd": 0.028846049308776857, "get_state_time_mean": NaN, "get_state_time_total": 0.0, "grad": 0.04990391731262207, "mean_accuracy": 0.24082499742507935, "mean_loss": 2.186158619451523, "neg_mean_accuracy": -0.32690000534057617, "set_state_time_mean": NaN, "set_state_time_total": 0.0, "setup_model_time_mean": NaN, "setup_model_time_total": 0.0, "setup_proc_time_mean": NaN, "setup_proc_time_total": 0.0, "train_accuracy": 0.31915998458862305, "train_loss": 1.8483081197357178, "training_time_mean": NaN, "training_time_total": 0.0, "val_accuracy": 0.32690000534057617, "val_loss": 1.8303188251495361, "validation_time_mean": NaN, "validation_time_total": 0.0, "samples": 60000, "num_workers": 1, "done": false, "timesteps_total": null, "episodes_total": null, "training_iteration": 4, "neg_mean_loss": -2.186158619451523, "experiment_id": "c41a9d1b530b4bb9abf2de216f0ea6e0", "date": "2019-06-03_22-08-06", "timestamp": 1559624886, "time_this_iter_s": 41.58757448196411, "time_total_s": 172.73792695999146, "pid": 6868, "hostname": "steropes", "node_ip": "169.229.49.254", "config": {"starting_lr": 0.005, "momentum": 0.997, "weight_decay": 0.005, "steps_per_iteration": null, "pin": false, "model_creator": null, "target_batch_size": 128, "model_string": "resnet50", "min_batch_size": 128, "dataset": "CIFAR", "placement": null, "use_nccl": true, "devices_per_worker": 1, "primary_resource": "extra_gpu", "gpu": false, "verbose": false, "lr_config": {"mode": "log", "steps": 5, "initial_lr": 0.005, "target_lr": 0.005}, "batch_per_device": 128}, "time_since_restore": 172.73792695999146, "timesteps_since_restore": 0, "iterations_since_restore": 4, "mean_throughput": 1389.3837204377317, "atoms": 1, "setup_time": 10.590658903121948}
{"apply": 0.018851637840270996, "batch_time": 0.03169438808779173, "d2h": 0.000651693344116211, "data_time": 0.0018690364135195837, "fwd": 0.028944754600524904, "get_state_time_mean": NaN, "get_state_time_total": 0.0, "grad": 0.04945917129516601, "mean_accuracy": 0.2655199944972992, "mean_loss": 2.0956408698654174, "neg_mean_accuracy": -0.3642999827861786, "set_state_time_mean": NaN, "set_state_time_total": 0.0, "setup_model_time_mean": NaN, "setup_model_time_total": 0.0, "setup_proc_time_mean": NaN, "setup_proc_time_total": 0.0, "train_accuracy": 0.36701998114585876, "train_loss": 1.706730684890747, "training_time_mean": NaN, "training_time_total": 0.0, "val_accuracy": 0.3642999827861786, "val_loss": 1.7335698715209962, "validation_time_mean": NaN, "validation_time_total": 0.0, "samples": 60000, "num_workers": 1, "done": false, "timesteps_total": null, "episodes_total": null, "training_iteration": 5, "neg_mean_loss": -2.0956408698654174, "experiment_id": "c41a9d1b530b4bb9abf2de216f0ea6e0", "date": "2019-06-03_22-08-47", "timestamp": 1559624927, "time_this_iter_s": 41.25018382072449, "time_total_s": 213.98811078071594, "pid": 6868, "hostname": "steropes", "node_ip": "169.229.49.254", "config": {"starting_lr": 0.005, "momentum": 0.997, "weight_decay": 0.005, "steps_per_iteration": null, "pin": false, "model_creator": null, "target_batch_size": 128, "model_string": "resnet50", "min_batch_size": 128, "dataset": "CIFAR", "placement": null, "use_nccl": true, "devices_per_worker": 1, "primary_resource": "extra_gpu", "gpu": false, "verbose": false, "lr_config": {"mode": "log", "steps": 5, "initial_lr": 0.005, "target_lr": 0.005}, "batch_per_device": 128}, "time_since_restore": 213.98811078071594, "timesteps_since_restore": 0, "iterations_since_restore": 5, "mean_throughput": 1401.9430201560317, "atoms": 1, "setup_time": 10.590658903121948}
{"apply": 0.019622254371643066, "batch_time": 0.03205845627603652, "d2h": 0.0006585121154785156, "data_time": 0.0018427676861853246, "fwd": 0.028467226028442382, "get_state_time_mean": NaN, "get_state_time_total": 0.0, "grad": 0.05000934600830078, "mean_accuracy": 0.324919992685318, "mean_loss": 1.8644442036056517, "neg_mean_accuracy": -0.3969999849796295, "set_state_time_mean": NaN, "set_state_time_total": 0.0, "setup_model_time_mean": NaN, "setup_model_time_total": 0.0, "setup_proc_time_mean": NaN, "setup_proc_time_total": 0.0, "train_accuracy": 0.37432000041007996, "train_loss": 1.7053110806274414, "training_time_mean": NaN, "training_time_total": 0.0, "val_accuracy": 0.3969999849796295, "val_loss": 1.6188183074951172, "validation_time_mean": NaN, "validation_time_total": 0.0, "samples": 60000, "num_workers": 1, "done": false, "timesteps_total": null, "episodes_total": null, "training_iteration": 6, "neg_mean_loss": -1.8644442036056517, "experiment_id": "c41a9d1b530b4bb9abf2de216f0ea6e0", "date": "2019-06-03_22-09-28", "timestamp": 1559624968, "time_this_iter_s": 41.31252098083496, "time_total_s": 255.3006317615509, "pid": 6868, "hostname": "steropes", "node_ip": "169.229.49.254", "config": {"starting_lr": 0.005, "momentum": 0.997, "weight_decay": 0.005, "steps_per_iteration": null, "pin": false, "model_creator": null, "target_batch_size": 128, "model_string": "resnet50", "min_batch_size": 128, "dataset": "CIFAR", "placement": null, "use_nccl": true, "devices_per_worker": 1, "primary_resource": "extra_gpu", "gpu": false, "verbose": false, "lr_config": {"mode": "log", "steps": 5, "initial_lr": 0.005, "target_lr": 0.005}, "batch_per_device": 128}, "time_since_restore": 255.3006317615509, "timesteps_since_restore": 0, "iterations_since_restore": 6, "mean_throughput": 1447.9021764442848, "atoms": 1, "setup_time": 10.590658903121948}
{"apply": 0.019111037254333496, "batch_time": 0.031882168371466145, "d2h": 0.0007315397262573243, "data_time": 0.0018730413578355405, "fwd": 0.02890794277191162, "get_state_time_mean": NaN, "get_state_time_total": 0.0, "grad": 0.04886939525604248, "mean_accuracy": 0.3422399938106537, "mean_loss": 1.791835991897583, "neg_mean_accuracy": -0.35429999232292175, "set_state_time_mean": NaN, "set_state_time_total": 0.0, "setup_model_time_mean": NaN, "setup_model_time_total": 0.0, "setup_proc_time_mean": NaN, "setup_proc_time_total": 0.0, "train_accuracy": 0.38259997963905334, "train_loss": 1.6662210243988038, "training_time_mean": NaN, "training_time_total": 0.0, "val_accuracy": 0.35429999232292175, "val_loss": 1.8014163515090942, "validation_time_mean": NaN, "validation_time_total": 0.0, "samples": 60000, "num_workers": 1, "done": false, "timesteps_total": null, "episodes_total": null, "training_iteration": 7, "neg_mean_loss": -1.791835991897583, "experiment_id": "c41a9d1b530b4bb9abf2de216f0ea6e0", "date": "2019-06-03_22-10-10", "timestamp": 1559625010, "time_this_iter_s": 41.4140419960022, "time_total_s": 296.7146737575531, "pid": 6868, "hostname": "steropes", "node_ip": "169.229.49.254", "config": {"starting_lr": 0.005, "momentum": 0.997, "weight_decay": 0.005, "steps_per_iteration": null, "pin": false, "model_creator": null, "target_batch_size": 128, "model_string": "resnet50", "min_batch_size": 128, "dataset": "CIFAR", "placement": null, "use_nccl": true, "devices_per_worker": 1, "primary_resource": "extra_gpu", "gpu": false, "verbose": false, "lr_config": {"mode": "log", "steps": 5, "initial_lr": 0.005, "target_lr": 0.005}, "batch_per_device": 128}, "time_since_restore": 296.7146737575531, "timesteps_since_restore": 0, "iterations_since_restore": 7, "mean_throughput": 1450.288530310927, "atoms": 1, "setup_time": 10.590658903121948}
{"apply": 0.017757725715637208, "batch_time": 0.03231810618050491, "d2h": 0.0006619930267333984, "data_time": 0.001872136464814091, "fwd": 0.027678942680358885, "get_state_time_mean": NaN, "get_state_time_total": 0.0, "grad": 0.0506702184677124, "mean_accuracy": 0.3689399898052216, "mean_loss": 1.7303507418060302, "neg_mean_accuracy": -0.40219998359680176, "set_state_time_mean": NaN, "set_state_time_total": 0.0, "setup_model_time_mean": NaN, "setup_model_time_total": 0.0, "setup_proc_time_mean": NaN, "setup_proc_time_total": 0.0, "train_accuracy": 0.3974999785423279, "train_loss": 1.6501402777862548, "training_time_mean": NaN, "training_time_total": 0.0, "val_accuracy": 0.40219998359680176, "val_loss": 1.6676303533554078, "validation_time_mean": NaN, "validation_time_total": 0.0, "samples": 60000, "num_workers": 1, "done": false, "timesteps_total": null, "episodes_total": null, "training_iteration": 8, "neg_mean_loss": -1.7303507418060302, "experiment_id": "c41a9d1b530b4bb9abf2de216f0ea6e0", "date": "2019-06-03_22-10-51", "timestamp": 1559625051, "time_this_iter_s": 41.38462233543396, "time_total_s": 338.09929609298706, "pid": 6868, "hostname": "steropes", "node_ip": "169.229.49.254", "config": {"starting_lr": 0.005, "momentum": 0.997, "weight_decay": 0.005, "steps_per_iteration": null, "pin": false, "model_creator": null, "target_batch_size": 128, "model_string": "resnet50", "min_batch_size": 128, "dataset": "CIFAR", "placement": null, "use_nccl": true, "devices_per_worker": 1, "primary_resource": "extra_gpu", "gpu": false, "verbose": false, "lr_config": {"mode": "log", "steps": 5, "initial_lr": 0.005, "target_lr": 0.005}, "batch_per_device": 128}, "time_since_restore": 338.09929609298706, "timesteps_since_restore": 0, "iterations_since_restore": 8, "mean_throughput": 1449.6297249632032, "atoms": 1, "setup_time": 10.590658903121948}
{"apply": 0.01965041160583496, "batch_time": 0.03175256222109251, "d2h": 0.0006572961807250977, "data_time": 0.001837926752427045, "fwd": 0.028909897804260253, "get_state_time_mean": NaN, "get_state_time_total": 0.0, "grad": 0.04898786544799805, "mean_accuracy": 0.3849199891090393, "mean_loss": 1.689968899459839, "neg_mean_accuracy": -0.4068000018596649, "set_state_time_mean": NaN, "set_state_time_total": 0.0, "setup_model_time_mean": NaN, "setup_model_time_total": 0.0, "setup_proc_time_mean": NaN, "setup_proc_time_total": 0.0, "train_accuracy": 0.40059998631477356, "train_loss": 1.6249025623321534, "training_time_mean": NaN, "training_time_total": 0.0, "val_accuracy": 0.4068000018596649, "val_loss": 1.628409613418579, "validation_time_mean": NaN, "validation_time_total": 0.0, "samples": 60000, "num_workers": 1, "done": false, "timesteps_total": null, "episodes_total": null, "training_iteration": 9, "neg_mean_loss": -1.689968899459839, "experiment_id": "c41a9d1b530b4bb9abf2de216f0ea6e0", "date": "2019-06-03_22-11-32", "timestamp": 1559625092, "time_this_iter_s": 41.21587920188904, "time_total_s": 379.3151752948761, "pid": 6868, "hostname": "steropes", "node_ip": "169.229.49.254", "config": {"starting_lr": 0.005, "momentum": 0.997, "weight_decay": 0.005, "steps_per_iteration": null, "pin": false, "model_creator": null, "target_batch_size": 128, "model_string": "resnet50", "min_batch_size": 128, "dataset": "CIFAR", "placement": null, "use_nccl": true, "devices_per_worker": 1, "primary_resource": "extra_gpu", "gpu": false, "verbose": false, "lr_config": {"mode": "log", "steps": 5, "initial_lr": 0.005, "target_lr": 0.005}, "batch_per_device": 128}, "time_since_restore": 379.3151752948761, "timesteps_since_restore": 0, "iterations_since_restore": 9, "mean_throughput": 1452.238072348463, "atoms": 1, "setup_time": 10.590658903121948}
{"apply": 0.01848156452178955, "batch_time": 0.03405229954779902, "d2h": 0.0006650924682617187, "data_time": 0.0018513751456804592, "fwd": 0.028287124633789063, "get_state_time_mean": NaN, "get_state_time_total": 0.0, "grad": 0.04867036342620849, "mean_accuracy": 0.386519992351532, "mean_loss": 1.666031853713989, "neg_mean_accuracy": -0.37229999899864197, "set_state_time_mean": NaN, "set_state_time_total": 0.0, "setup_model_time_mean": NaN, "setup_model_time_total": 0.0, "setup_proc_time_mean": NaN, "setup_proc_time_total": 0.0, "train_accuracy": 0.39535999298095703, "train_loss": 1.6469095098495483, "training_time_mean": NaN, "training_time_total": 0.0, "val_accuracy": 0.37229999899864197, "val_loss": 1.6138846427917481, "validation_time_mean": NaN, "validation_time_total": 0.0, "samples": 60000, "num_workers": 1, "done": false, "timesteps_total": null, "episodes_total": null, "training_iteration": 10, "neg_mean_loss": -1.666031853713989, "experiment_id": "c41a9d1b530b4bb9abf2de216f0ea6e0", "date": "2019-06-03_22-12-14", "timestamp": 1559625134, "time_this_iter_s": 41.52436709403992, "time_total_s": 420.839542388916, "pid": 6868, "hostname": "steropes", "node_ip": "169.229.49.254", "config": {"starting_lr": 0.005, "momentum": 0.997, "weight_decay": 0.005, "steps_per_iteration": null, "pin": false, "model_creator": null, "target_batch_size": 128, "model_string": "resnet50", "min_batch_size": 128, "dataset": "CIFAR", "placement": null, "use_nccl": true, "devices_per_worker": 1, "primary_resource": "extra_gpu", "gpu": false, "verbose": false, "lr_config": {"mode": "log", "steps": 5, "initial_lr": 0.005, "target_lr": 0.005}, "batch_per_device": 128}, "time_since_restore": 420.839542388916, "timesteps_since_restore": 0, "iterations_since_restore": 10, "mean_throughput": 1450.3131882350713, "atoms": 1, "setup_time": 10.590658903121948}
{"apply": 0.018072509765625, "batch_time": 0.031918836545340626, "d2h": 0.0006607532501220703, "data_time": 0.001894807571645283, "fwd": 0.027662062644958497, "get_state_time_mean": NaN, "get_state_time_total": 0.0, "grad": 0.048894715309143064, "mean_accuracy": 0.37885999083518984, "mean_loss": 1.6934466324615478, "neg_mean_accuracy": -0.3586999773979187, "set_state_time_mean": NaN, "set_state_time_total": 0.0, "setup_model_time_mean": NaN, "setup_model_time_total": 0.0, "setup_proc_time_mean": NaN, "setup_proc_time_total": 0.0, "train_accuracy": 0.3941199779510498, "train_loss": 1.6408199903488159, "training_time_mean": NaN, "training_time_total": 0.0, "val_accuracy": 0.3586999773979187, "val_loss": 1.7558922012329101, "validation_time_mean": NaN, "validation_time_total": 0.0, "samples": 60000, "num_workers": 1, "done": false, "timesteps_total": null, "episodes_total": null, "training_iteration": 11, "neg_mean_loss": -1.6934466324615478, "experiment_id": "c41a9d1b530b4bb9abf2de216f0ea6e0", "date": "2019-06-03_22-12-55", "timestamp": 1559625175, "time_this_iter_s": 41.32995629310608, "time_total_s": 462.1694986820221, "pid": 6868, "hostname": "steropes", "node_ip": "169.229.49.254", "config": {"starting_lr": 0.005, "momentum": 0.997, "weight_decay": 0.005, "steps_per_iteration": null, "pin": false, "model_creator": null, "target_batch_size": 128, "model_string": "resnet50", "min_batch_size": 128, "dataset": "CIFAR", "placement": null, "use_nccl": true, "devices_per_worker": 1, "primary_resource": "extra_gpu", "gpu": false, "verbose": false, "lr_config": {"mode": "log", "steps": 5, "initial_lr": 0.005, "target_lr": 0.005}, "batch_per_device": 128}, "time_since_restore": 462.1694986820221, "timesteps_since_restore": 0, "iterations_since_restore": 11, "mean_throughput": 1450.190978337439, "atoms": 1, "setup_time": 10.590658903121948}
{"apply": 0.01748175621032715, "batch_time": 0.03206243092500711, "d2h": 0.0006561994552612305, "data_time": 0.001869310198537529, "fwd": 0.02729809284210205, "get_state_time_mean": NaN, "get_state_time_total": 0.0, "grad": 0.04824986457824707, "mean_accuracy": 0.38789998888969424, "mean_loss": 1.6544551336669922, "neg_mean_accuracy": -0.3994999825954437, "set_state_time_mean": NaN, "set_state_time_total": 0.0, "setup_model_time_mean": NaN, "setup_model_time_total": 0.0, "setup_proc_time_mean": NaN, "setup_proc_time_total": 0.0, "train_accuracy": 0.3946000039577484, "train_loss": 1.6512292795562744, "training_time_mean": NaN, "training_time_total": 0.0, "val_accuracy": 0.3994999825954437, "val_loss": 1.606458857536316, "validation_time_mean": NaN, "validation_time_total": 0.0, "samples": 60000, "num_workers": 1, "done": true, "timesteps_total": null, "episodes_total": null, "training_iteration": 12, "neg_mean_loss": -1.6544551336669922, "experiment_id": "c41a9d1b530b4bb9abf2de216f0ea6e0", "date": "2019-06-03_22-13-37", "timestamp": 1559625217, "time_this_iter_s": 41.52056407928467, "time_total_s": 503.69006276130676, "pid": 6868, "hostname": "steropes", "node_ip": "169.229.49.254", "config": {"starting_lr": 0.005, "momentum": 0.997, "weight_decay": 0.005, "steps_per_iteration": null, "pin": false, "model_creator": null, "target_batch_size": 128, "model_string": "resnet50", "min_batch_size": 128, "dataset": "CIFAR", "placement": null, "use_nccl": true, "devices_per_worker": 1, "primary_resource": "extra_gpu", "gpu": false, "verbose": false, "lr_config": {"mode": "log", "steps": 5, "initial_lr": 0.005, "target_lr": 0.005}, "batch_per_device": 128}, "time_since_restore": 503.69006276130676, "timesteps_since_restore": 0, "iterations_since_restore": 12, "mean_throughput": 1449.444622051193, "atoms": 1, "setup_time": 10.590658903121948}
