apply,batch_time,d2h,data_time,fwd,get_state_time_mean,get_state_time_total,grad,mean_accuracy,mean_loss,neg_mean_accuracy,set_state_time_mean,set_state_time_total,setup_model_time_mean,setup_model_time_total,setup_proc_time_mean,setup_proc_time_total,train_accuracy,train_loss,training_time_mean,training_time_total,validation_time_mean,validation_time_total,samples,num_workers,done,timesteps_total,episodes_total,training_iteration,neg_mean_loss,experiment_id,date,timestamp,time_this_iter_s,time_total_s,pid,hostname,node_ip,config,time_since_restore,timesteps_since_restore,iterations_since_restore,mean_throughput,atoms
0.007826280593872071,0.17767512798309326,0.005667757987976074,0.03240599924204301,0.07951834201812744,nan,0.0,0.17635462284088135,0.09999999403953552,2.5166135723114014,-0.09999999403953552,nan,0.0,10.436167478561401,10.436167478561401,0.3288700580596924,0.3288700580596924,0.10357999801635742,5.334794056396484,nan,0.0,nan,0.0,60000,1,False,,,1,-2.5166135723114014,51aca5127ea84935a9c9f3d9a2c900ba,2019-05-30_15-19-06,1559254746,12.273085355758667,12.273085355758667,17860,steropes,169.229.49.254,"{'starting_lr': 1.0, 'momentum': 0.95, 'weight_decay': 0.005, 'steps_per_iteration': None, 'pin': False, 'model_creator': None, 'target_batch_size': 1024, 'model_string': 'resnet18', 'min_batch_size': 512, 'dataset': 'CIFAR', 'placement': None, 'use_nccl': True, 'devices_per_worker': 1, 'primary_resource': 'extra_gpu', 'gpu': False, 'verbose': False, 'lr_config': {'mode': 'log', 'steps': 5, 'initial_lr': 1.0, 'target_lr': 1.0}, 'batch_per_device': 1024}",12.273085355758667,0,1,4888.711870582929,1
0.007191658020019531,0.12455968856811524,0.00534214973449707,0.04461375547915089,0.025958967208862305,nan,0.0,0.05461478233337402,0.09999999403953552,3.6939759208679197,-0.09999999403953552,nan,0.0,nan,0.0,nan,0.0,0.12057999521493912,5.142887818756104,nan,0.0,nan,0.0,60000,1,False,,,2,-3.6939759208679197,51aca5127ea84935a9c9f3d9a2c900ba,2019-05-30_15-19-14,1559254754,8.481834650039673,20.75492000579834,17860,steropes,169.229.49.254,"{'starting_lr': 1.0, 'momentum': 0.95, 'weight_decay': 0.005, 'steps_per_iteration': None, 'pin': False, 'model_creator': None, 'target_batch_size': 1024, 'model_string': 'resnet18', 'min_batch_size': 512, 'dataset': 'CIFAR', 'placement': None, 'use_nccl': True, 'devices_per_worker': 1, 'primary_resource': 'extra_gpu', 'gpu': False, 'verbose': False, 'lr_config': {'mode': 'log', 'steps': 5, 'initial_lr': 1.0, 'target_lr': 1.0}, 'batch_per_device': 1024}",20.75492000579834,0,2,5781.715066124262,1
0.007906079292297363,0.13146986961364746,0.005295300483703613,0.031618332376285474,0.030001568794250488,nan,0.0,0.05162713527679443,0.09999999403953552,2.790778388977051,-0.09999999403953552,nan,0.0,nan,0.0,nan,0.0,0.13251999020576477,7.634391798248291,nan,0.0,nan,0.0,60000,1,False,,,3,-2.790778388977051,51aca5127ea84935a9c9f3d9a2c900ba,2019-05-30_15-19-23,1559254763,8.727577209472656,29.482497215270996,17860,steropes,169.229.49.254,"{'starting_lr': 1.0, 'momentum': 0.95, 'weight_decay': 0.005, 'steps_per_iteration': None, 'pin': False, 'model_creator': None, 'target_batch_size': 1024, 'model_string': 'resnet18', 'min_batch_size': 512, 'dataset': 'CIFAR', 'placement': None, 'use_nccl': True, 'devices_per_worker': 1, 'primary_resource': 'extra_gpu', 'gpu': False, 'verbose': False, 'lr_config': {'mode': 'log', 'steps': 5, 'initial_lr': 1.0, 'target_lr': 1.0}, 'batch_per_device': 1024}",29.482497215270996,0,3,6105.265893758331,1
0.00672609806060791,0.14644670486450195,0.007123351097106934,0.04385457233506806,0.032914590835571286,nan,0.0,0.04614830017089844,0.09999999403953552,2.5057369590759278,-0.09999999403953552,nan,0.0,nan,0.0,nan,0.0,0.1198199987411499,7.499945394744873,nan,0.0,nan,0.0,60000,1,False,,,4,-2.5057369590759278,51aca5127ea84935a9c9f3d9a2c900ba,2019-05-30_15-19-32,1559254772,9.129746913909912,38.61224412918091,17860,steropes,169.229.49.254,"{'starting_lr': 1.0, 'momentum': 0.95, 'weight_decay': 0.005, 'steps_per_iteration': None, 'pin': False, 'model_creator': None, 'target_batch_size': 1024, 'model_string': 'resnet18', 'min_batch_size': 512, 'dataset': 'CIFAR', 'placement': None, 'use_nccl': True, 'devices_per_worker': 1, 'primary_resource': 'extra_gpu', 'gpu': False, 'verbose': False, 'lr_config': {'mode': 'log', 'steps': 5, 'initial_lr': 1.0, 'target_lr': 1.0}, 'batch_per_device': 1024}",38.61224412918091,0,4,6215.5925946201605,1
0.008067631721496582,0.1344844102859497,0.006154203414916992,0.03600900513785226,0.0297605037689209,nan,0.0,0.04836397171020508,0.09999999403953552,2.8024424365997316,-0.09999999403953552,nan,0.0,nan,0.0,nan,0.0,0.10797999799251556,10.005085600128174,nan,0.0,nan,0.0,60000,1,False,,,5,-2.8024424365997316,51aca5127ea84935a9c9f3d9a2c900ba,2019-05-30_15-19-41,1559254781,8.737811088562012,47.35005521774292,17860,steropes,169.229.49.254,"{'starting_lr': 1.0, 'momentum': 0.95, 'weight_decay': 0.005, 'steps_per_iteration': None, 'pin': False, 'model_creator': None, 'target_batch_size': 1024, 'model_string': 'resnet18', 'min_batch_size': 512, 'dataset': 'CIFAR', 'placement': None, 'use_nccl': True, 'devices_per_worker': 1, 'primary_resource': 'extra_gpu', 'gpu': False, 'verbose': False, 'lr_config': {'mode': 'log', 'steps': 5, 'initial_lr': 1.0, 'target_lr': 1.0}, 'batch_per_device': 1024}",47.35005521774292,0,5,6335.734675642355,1
0.006931614875793457,0.13007819652557373,0.005439233779907226,0.038400946831216615,0.028389167785644532,nan,0.0,0.05391237735748291,0.09999999403953552,3.1718292491912843,-0.09999999403953552,nan,0.0,nan,0.0,nan,0.0,0.11175999790430069,9.328537998886109,nan,0.0,nan,0.0,60000,1,False,,,6,-3.1718292491912843,51aca5127ea84935a9c9f3d9a2c900ba,2019-05-30_15-19-50,1559254790,8.579372644424438,55.92942786216736,17860,steropes,169.229.49.254,"{'starting_lr': 1.0, 'momentum': 0.95, 'weight_decay': 0.005, 'steps_per_iteration': None, 'pin': False, 'model_creator': None, 'target_batch_size': 1024, 'model_string': 'resnet18', 'min_batch_size': 512, 'dataset': 'CIFAR', 'placement': None, 'use_nccl': True, 'devices_per_worker': 1, 'primary_resource': 'extra_gpu', 'gpu': False, 'verbose': False, 'lr_config': {'mode': 'log', 'steps': 5, 'initial_lr': 1.0, 'target_lr': 1.0}, 'batch_per_device': 1024}",55.92942786216736,0,6,6871.76985169374,1
0.008080792427062989,0.14120995998382568,0.007505607604980469,0.05143768446786063,0.030031752586364747,nan,0.0,0.05157461166381836,0.1054999977350235,215.049841796875,-0.1054999977350235,nan,0.0,nan,0.0,nan,0.0,0.10759999603033066,12.726431966400147,nan,0.0,nan,0.0,60000,1,False,,,7,-215.049841796875,51aca5127ea84935a9c9f3d9a2c900ba,2019-05-30_15-19-58,1559254798,8.851343393325806,64.78077125549316,17860,steropes,169.229.49.254,"{'starting_lr': 1.0, 'momentum': 0.95, 'weight_decay': 0.005, 'steps_per_iteration': None, 'pin': False, 'model_creator': None, 'target_batch_size': 1024, 'model_string': 'resnet18', 'min_batch_size': 512, 'dataset': 'CIFAR', 'placement': None, 'use_nccl': True, 'devices_per_worker': 1, 'primary_resource': 'extra_gpu', 'gpu': False, 'verbose': False, 'lr_config': {'mode': 'log', 'steps': 5, 'initial_lr': 1.0, 'target_lr': 1.0}, 'batch_per_device': 1024}",64.78077125549316,0,7,6814.083827972959,1
0.007378172874450683,0.14719760417938232,0.006436657905578613,0.03855546639890087,0.031957483291625975,nan,0.0,0.04522883892059326,0.10300000011920929,757.1092428710938,-0.10300000011920929,nan,0.0,nan,0.0,nan,0.0,0.11149999499320984,11.263620332336426,nan,0.0,nan,0.0,60000,1,False,,,8,-757.1092428710938,51aca5127ea84935a9c9f3d9a2c900ba,2019-05-30_15-20-07,1559254807,8.595343351364136,73.3761146068573,17860,steropes,169.229.49.254,"{'starting_lr': 1.0, 'momentum': 0.95, 'weight_decay': 0.005, 'steps_per_iteration': None, 'pin': False, 'model_creator': None, 'target_batch_size': 1024, 'model_string': 'resnet18', 'min_batch_size': 512, 'dataset': 'CIFAR', 'placement': None, 'use_nccl': True, 'devices_per_worker': 1, 'primary_resource': 'extra_gpu', 'gpu': False, 'verbose': False, 'lr_config': {'mode': 'log', 'steps': 5, 'initial_lr': 1.0, 'target_lr': 1.0}, 'batch_per_device': 1024}",73.3761146068573,0,8,6834.61234848352,1
0.009679722785949706,0.15264005661010743,0.007569742202758789,0.048663275582449775,0.027547574043273924,nan,0.0,0.043597745895385745,0.10109999775886536,8.66029684753418,-0.10109999775886536,nan,0.0,nan,0.0,nan,0.0,0.10858000069856644,12.075777446289063,nan,0.0,nan,0.0,60000,1,False,,,9,-8.66029684753418,51aca5127ea84935a9c9f3d9a2c900ba,2019-05-30_15-20-16,1559254816,8.780367374420166,82.15648198127747,17860,steropes,169.229.49.254,"{'starting_lr': 1.0, 'momentum': 0.95, 'weight_decay': 0.005, 'steps_per_iteration': None, 'pin': False, 'model_creator': None, 'target_batch_size': 1024, 'model_string': 'resnet18', 'min_batch_size': 512, 'dataset': 'CIFAR', 'placement': None, 'use_nccl': True, 'devices_per_worker': 1, 'primary_resource': 'extra_gpu', 'gpu': False, 'verbose': False, 'lr_config': {'mode': 'log', 'steps': 5, 'initial_lr': 1.0, 'target_lr': 1.0}, 'batch_per_device': 1024}",82.15648198127747,0,9,6889.448749411213,1
0.00878767967224121,0.1485731601715088,0.006260561943054199,0.03650556291852679,0.02681920528411865,nan,0.0,0.04746556282043457,0.09999999403953552,4.545318832397461,-0.09999999403953552,nan,0.0,nan,0.0,nan,0.0,0.10645999759435654,14.182933095092773,nan,0.0,nan,0.0,60000,1,False,,,10,-4.545318832397461,51aca5127ea84935a9c9f3d9a2c900ba,2019-05-30_15-20-24,1559254824,8.446351289749146,90.60283327102661,17860,steropes,169.229.49.254,"{'starting_lr': 1.0, 'momentum': 0.95, 'weight_decay': 0.005, 'steps_per_iteration': None, 'pin': False, 'model_creator': None, 'target_batch_size': 1024, 'model_string': 'resnet18', 'min_batch_size': 512, 'dataset': 'CIFAR', 'placement': None, 'use_nccl': True, 'devices_per_worker': 1, 'primary_resource': 'extra_gpu', 'gpu': False, 'verbose': False, 'lr_config': {'mode': 'log', 'steps': 5, 'initial_lr': 1.0, 'target_lr': 1.0}, 'batch_per_device': 1024}",90.60283327102661,0,10,6935.874172980931,1
0.006872892379760742,0.11908259391784667,0.005096960067749024,0.04036505854859644,0.022592329978942872,nan,0.0,0.044621944427490234,0.09999999403953552,13.558153684997558,-0.09999999403953552,nan,0.0,nan,0.0,nan,0.0,0.10080000013113022,15.645487018737793,nan,0.0,nan,0.0,60000,1,False,,,11,-13.558153684997558,51aca5127ea84935a9c9f3d9a2c900ba,2019-05-30_15-20-32,1559254832,8.129141092300415,98.73197436332703,17860,steropes,169.229.49.254,"{'starting_lr': 1.0, 'momentum': 0.95, 'weight_decay': 0.005, 'steps_per_iteration': None, 'pin': False, 'model_creator': None, 'target_batch_size': 1024, 'model_string': 'resnet18', 'min_batch_size': 512, 'dataset': 'CIFAR', 'placement': None, 'use_nccl': True, 'devices_per_worker': 1, 'primary_resource': 'extra_gpu', 'gpu': False, 'verbose': False, 'lr_config': {'mode': 'log', 'steps': 5, 'initial_lr': 1.0, 'target_lr': 1.0}, 'batch_per_device': 1024}",98.73197436332703,0,11,7008.84917540115,1
0.0069892644882202145,0.12973713874816895,0.005111432075500489,0.04671368306996871,0.021091008186340333,nan,0.0,0.042354917526245116,0.09999999403953552,9.58698571472168,-0.09999999403953552,nan,0.0,nan,0.0,nan,0.0,0.10074000060558319,24.79915233215332,nan,0.0,nan,0.0,60000,1,True,,,12,-9.58698571472168,51aca5127ea84935a9c9f3d9a2c900ba,2019-05-30_15-20-40,1559254840,7.645033359527588,106.37700772285461,17860,steropes,169.229.49.254,"{'starting_lr': 1.0, 'momentum': 0.95, 'weight_decay': 0.005, 'steps_per_iteration': None, 'pin': False, 'model_creator': None, 'target_batch_size': 1024, 'model_string': 'resnet18', 'min_batch_size': 512, 'dataset': 'CIFAR', 'placement': None, 'use_nccl': True, 'devices_per_worker': 1, 'primary_resource': 'extra_gpu', 'gpu': False, 'verbose': False, 'lr_config': {'mode': 'log', 'steps': 5, 'initial_lr': 1.0, 'target_lr': 1.0}, 'batch_per_device': 1024}",106.37700772285461,0,12,7212.1200505011275,1
