{"apply": 0.007826280593872071, "batch_time": 0.17767512798309326, "d2h": 0.005667757987976074, "data_time": 0.03240599924204301, "fwd": 0.07951834201812744, "get_state_time_mean": NaN, "get_state_time_total": 0.0, "grad": 0.17635462284088135, "mean_accuracy": 0.09999999403953552, "mean_loss": 2.5166135723114014, "neg_mean_accuracy": -0.09999999403953552, "set_state_time_mean": NaN, "set_state_time_total": 0.0, "setup_model_time_mean": 10.436167478561401, "setup_model_time_total": 10.436167478561401, "setup_proc_time_mean": 0.3288700580596924, "setup_proc_time_total": 0.3288700580596924, "train_accuracy": 0.10357999801635742, "train_loss": 5.334794056396484, "training_time_mean": NaN, "training_time_total": 0.0, "validation_time_mean": NaN, "validation_time_total": 0.0, "samples": 60000, "num_workers": 1, "done": false, "timesteps_total": null, "episodes_total": null, "training_iteration": 1, "neg_mean_loss": -2.5166135723114014, "experiment_id": "51aca5127ea84935a9c9f3d9a2c900ba", "date": "2019-05-30_15-19-06", "timestamp": 1559254746, "time_this_iter_s": 12.273085355758667, "time_total_s": 12.273085355758667, "pid": 17860, "hostname": "steropes", "node_ip": "169.229.49.254", "config": {"starting_lr": 1.0, "momentum": 0.95, "weight_decay": 0.005, "steps_per_iteration": null, "pin": false, "model_creator": null, "target_batch_size": 1024, "model_string": "resnet18", "min_batch_size": 512, "dataset": "CIFAR", "placement": null, "use_nccl": true, "devices_per_worker": 1, "primary_resource": "extra_gpu", "gpu": false, "verbose": false, "lr_config": {"mode": "log", "steps": 5, "initial_lr": 1.0, "target_lr": 1.0}, "batch_per_device": 1024}, "time_since_restore": 12.273085355758667, "timesteps_since_restore": 0, "iterations_since_restore": 1, "mean_throughput": 4888.711870582929, "atoms": 1}
{"apply": 0.007191658020019531, "batch_time": 0.12455968856811524, "d2h": 0.00534214973449707, "data_time": 0.04461375547915089, "fwd": 0.025958967208862305, "get_state_time_mean": NaN, "get_state_time_total": 0.0, "grad": 0.05461478233337402, "mean_accuracy": 0.09999999403953552, "mean_loss": 3.6939759208679197, "neg_mean_accuracy": -0.09999999403953552, "set_state_time_mean": NaN, "set_state_time_total": 0.0, "setup_model_time_mean": NaN, "setup_model_time_total": 0.0, "setup_proc_time_mean": NaN, "setup_proc_time_total": 0.0, "train_accuracy": 0.12057999521493912, "train_loss": 5.142887818756104, "training_time_mean": NaN, "training_time_total": 0.0, "validation_time_mean": NaN, "validation_time_total": 0.0, "samples": 60000, "num_workers": 1, "done": false, "timesteps_total": null, "episodes_total": null, "training_iteration": 2, "neg_mean_loss": -3.6939759208679197, "experiment_id": "51aca5127ea84935a9c9f3d9a2c900ba", "date": "2019-05-30_15-19-14", "timestamp": 1559254754, "time_this_iter_s": 8.481834650039673, "time_total_s": 20.75492000579834, "pid": 17860, "hostname": "steropes", "node_ip": "169.229.49.254", "config": {"starting_lr": 1.0, "momentum": 0.95, "weight_decay": 0.005, "steps_per_iteration": null, "pin": false, "model_creator": null, "target_batch_size": 1024, "model_string": "resnet18", "min_batch_size": 512, "dataset": "CIFAR", "placement": null, "use_nccl": true, "devices_per_worker": 1, "primary_resource": "extra_gpu", "gpu": false, "verbose": false, "lr_config": {"mode": "log", "steps": 5, "initial_lr": 1.0, "target_lr": 1.0}, "batch_per_device": 1024}, "time_since_restore": 20.75492000579834, "timesteps_since_restore": 0, "iterations_since_restore": 2, "mean_throughput": 5781.715066124262, "atoms": 1}
{"apply": 0.007906079292297363, "batch_time": 0.13146986961364746, "d2h": 0.005295300483703613, "data_time": 0.031618332376285474, "fwd": 0.030001568794250488, "get_state_time_mean": NaN, "get_state_time_total": 0.0, "grad": 0.05162713527679443, "mean_accuracy": 0.09999999403953552, "mean_loss": 2.790778388977051, "neg_mean_accuracy": -0.09999999403953552, "set_state_time_mean": NaN, "set_state_time_total": 0.0, "setup_model_time_mean": NaN, "setup_model_time_total": 0.0, "setup_proc_time_mean": NaN, "setup_proc_time_total": 0.0, "train_accuracy": 0.13251999020576477, "train_loss": 7.634391798248291, "training_time_mean": NaN, "training_time_total": 0.0, "validation_time_mean": NaN, "validation_time_total": 0.0, "samples": 60000, "num_workers": 1, "done": false, "timesteps_total": null, "episodes_total": null, "training_iteration": 3, "neg_mean_loss": -2.790778388977051, "experiment_id": "51aca5127ea84935a9c9f3d9a2c900ba", "date": "2019-05-30_15-19-23", "timestamp": 1559254763, "time_this_iter_s": 8.727577209472656, "time_total_s": 29.482497215270996, "pid": 17860, "hostname": "steropes", "node_ip": "169.229.49.254", "config": {"starting_lr": 1.0, "momentum": 0.95, "weight_decay": 0.005, "steps_per_iteration": null, "pin": false, "model_creator": null, "target_batch_size": 1024, "model_string": "resnet18", "min_batch_size": 512, "dataset": "CIFAR", "placement": null, "use_nccl": true, "devices_per_worker": 1, "primary_resource": "extra_gpu", "gpu": false, "verbose": false, "lr_config": {"mode": "log", "steps": 5, "initial_lr": 1.0, "target_lr": 1.0}, "batch_per_device": 1024}, "time_since_restore": 29.482497215270996, "timesteps_since_restore": 0, "iterations_since_restore": 3, "mean_throughput": 6105.265893758331, "atoms": 1}
{"apply": 0.00672609806060791, "batch_time": 0.14644670486450195, "d2h": 0.007123351097106934, "data_time": 0.04385457233506806, "fwd": 0.032914590835571286, "get_state_time_mean": NaN, "get_state_time_total": 0.0, "grad": 0.04614830017089844, "mean_accuracy": 0.09999999403953552, "mean_loss": 2.5057369590759278, "neg_mean_accuracy": -0.09999999403953552, "set_state_time_mean": NaN, "set_state_time_total": 0.0, "setup_model_time_mean": NaN, "setup_model_time_total": 0.0, "setup_proc_time_mean": NaN, "setup_proc_time_total": 0.0, "train_accuracy": 0.1198199987411499, "train_loss": 7.499945394744873, "training_time_mean": NaN, "training_time_total": 0.0, "validation_time_mean": NaN, "validation_time_total": 0.0, "samples": 60000, "num_workers": 1, "done": false, "timesteps_total": null, "episodes_total": null, "training_iteration": 4, "neg_mean_loss": -2.5057369590759278, "experiment_id": "51aca5127ea84935a9c9f3d9a2c900ba", "date": "2019-05-30_15-19-32", "timestamp": 1559254772, "time_this_iter_s": 9.129746913909912, "time_total_s": 38.61224412918091, "pid": 17860, "hostname": "steropes", "node_ip": "169.229.49.254", "config": {"starting_lr": 1.0, "momentum": 0.95, "weight_decay": 0.005, "steps_per_iteration": null, "pin": false, "model_creator": null, "target_batch_size": 1024, "model_string": "resnet18", "min_batch_size": 512, "dataset": "CIFAR", "placement": null, "use_nccl": true, "devices_per_worker": 1, "primary_resource": "extra_gpu", "gpu": false, "verbose": false, "lr_config": {"mode": "log", "steps": 5, "initial_lr": 1.0, "target_lr": 1.0}, "batch_per_device": 1024}, "time_since_restore": 38.61224412918091, "timesteps_since_restore": 0, "iterations_since_restore": 4, "mean_throughput": 6215.5925946201605, "atoms": 1}
{"apply": 0.008067631721496582, "batch_time": 0.1344844102859497, "d2h": 0.006154203414916992, "data_time": 0.03600900513785226, "fwd": 0.0297605037689209, "get_state_time_mean": NaN, "get_state_time_total": 0.0, "grad": 0.04836397171020508, "mean_accuracy": 0.09999999403953552, "mean_loss": 2.8024424365997316, "neg_mean_accuracy": -0.09999999403953552, "set_state_time_mean": NaN, "set_state_time_total": 0.0, "setup_model_time_mean": NaN, "setup_model_time_total": 0.0, "setup_proc_time_mean": NaN, "setup_proc_time_total": 0.0, "train_accuracy": 0.10797999799251556, "train_loss": 10.005085600128174, "training_time_mean": NaN, "training_time_total": 0.0, "validation_time_mean": NaN, "validation_time_total": 0.0, "samples": 60000, "num_workers": 1, "done": false, "timesteps_total": null, "episodes_total": null, "training_iteration": 5, "neg_mean_loss": -2.8024424365997316, "experiment_id": "51aca5127ea84935a9c9f3d9a2c900ba", "date": "2019-05-30_15-19-41", "timestamp": 1559254781, "time_this_iter_s": 8.737811088562012, "time_total_s": 47.35005521774292, "pid": 17860, "hostname": "steropes", "node_ip": "169.229.49.254", "config": {"starting_lr": 1.0, "momentum": 0.95, "weight_decay": 0.005, "steps_per_iteration": null, "pin": false, "model_creator": null, "target_batch_size": 1024, "model_string": "resnet18", "min_batch_size": 512, "dataset": "CIFAR", "placement": null, "use_nccl": true, "devices_per_worker": 1, "primary_resource": "extra_gpu", "gpu": false, "verbose": false, "lr_config": {"mode": "log", "steps": 5, "initial_lr": 1.0, "target_lr": 1.0}, "batch_per_device": 1024}, "time_since_restore": 47.35005521774292, "timesteps_since_restore": 0, "iterations_since_restore": 5, "mean_throughput": 6335.734675642355, "atoms": 1}
{"apply": 0.006931614875793457, "batch_time": 0.13007819652557373, "d2h": 0.005439233779907226, "data_time": 0.038400946831216615, "fwd": 0.028389167785644532, "get_state_time_mean": NaN, "get_state_time_total": 0.0, "grad": 0.05391237735748291, "mean_accuracy": 0.09999999403953552, "mean_loss": 3.1718292491912843, "neg_mean_accuracy": -0.09999999403953552, "set_state_time_mean": NaN, "set_state_time_total": 0.0, "setup_model_time_mean": NaN, "setup_model_time_total": 0.0, "setup_proc_time_mean": NaN, "setup_proc_time_total": 0.0, "train_accuracy": 0.11175999790430069, "train_loss": 9.328537998886109, "training_time_mean": NaN, "training_time_total": 0.0, "validation_time_mean": NaN, "validation_time_total": 0.0, "samples": 60000, "num_workers": 1, "done": false, "timesteps_total": null, "episodes_total": null, "training_iteration": 6, "neg_mean_loss": -3.1718292491912843, "experiment_id": "51aca5127ea84935a9c9f3d9a2c900ba", "date": "2019-05-30_15-19-50", "timestamp": 1559254790, "time_this_iter_s": 8.579372644424438, "time_total_s": 55.92942786216736, "pid": 17860, "hostname": "steropes", "node_ip": "169.229.49.254", "config": {"starting_lr": 1.0, "momentum": 0.95, "weight_decay": 0.005, "steps_per_iteration": null, "pin": false, "model_creator": null, "target_batch_size": 1024, "model_string": "resnet18", "min_batch_size": 512, "dataset": "CIFAR", "placement": null, "use_nccl": true, "devices_per_worker": 1, "primary_resource": "extra_gpu", "gpu": false, "verbose": false, "lr_config": {"mode": "log", "steps": 5, "initial_lr": 1.0, "target_lr": 1.0}, "batch_per_device": 1024}, "time_since_restore": 55.92942786216736, "timesteps_since_restore": 0, "iterations_since_restore": 6, "mean_throughput": 6871.76985169374, "atoms": 1}
{"apply": 0.008080792427062989, "batch_time": 0.14120995998382568, "d2h": 0.007505607604980469, "data_time": 0.05143768446786063, "fwd": 0.030031752586364747, "get_state_time_mean": NaN, "get_state_time_total": 0.0, "grad": 0.05157461166381836, "mean_accuracy": 0.1054999977350235, "mean_loss": 215.049841796875, "neg_mean_accuracy": -0.1054999977350235, "set_state_time_mean": NaN, "set_state_time_total": 0.0, "setup_model_time_mean": NaN, "setup_model_time_total": 0.0, "setup_proc_time_mean": NaN, "setup_proc_time_total": 0.0, "train_accuracy": 0.10759999603033066, "train_loss": 12.726431966400147, "training_time_mean": NaN, "training_time_total": 0.0, "validation_time_mean": NaN, "validation_time_total": 0.0, "samples": 60000, "num_workers": 1, "done": false, "timesteps_total": null, "episodes_total": null, "training_iteration": 7, "neg_mean_loss": -215.049841796875, "experiment_id": "51aca5127ea84935a9c9f3d9a2c900ba", "date": "2019-05-30_15-19-58", "timestamp": 1559254798, "time_this_iter_s": 8.851343393325806, "time_total_s": 64.78077125549316, "pid": 17860, "hostname": "steropes", "node_ip": "169.229.49.254", "config": {"starting_lr": 1.0, "momentum": 0.95, "weight_decay": 0.005, "steps_per_iteration": null, "pin": false, "model_creator": null, "target_batch_size": 1024, "model_string": "resnet18", "min_batch_size": 512, "dataset": "CIFAR", "placement": null, "use_nccl": true, "devices_per_worker": 1, "primary_resource": "extra_gpu", "gpu": false, "verbose": false, "lr_config": {"mode": "log", "steps": 5, "initial_lr": 1.0, "target_lr": 1.0}, "batch_per_device": 1024}, "time_since_restore": 64.78077125549316, "timesteps_since_restore": 0, "iterations_since_restore": 7, "mean_throughput": 6814.083827972959, "atoms": 1}
{"apply": 0.007378172874450683, "batch_time": 0.14719760417938232, "d2h": 0.006436657905578613, "data_time": 0.03855546639890087, "fwd": 0.031957483291625975, "get_state_time_mean": NaN, "get_state_time_total": 0.0, "grad": 0.04522883892059326, "mean_accuracy": 0.10300000011920929, "mean_loss": 757.1092428710938, "neg_mean_accuracy": -0.10300000011920929, "set_state_time_mean": NaN, "set_state_time_total": 0.0, "setup_model_time_mean": NaN, "setup_model_time_total": 0.0, "setup_proc_time_mean": NaN, "setup_proc_time_total": 0.0, "train_accuracy": 0.11149999499320984, "train_loss": 11.263620332336426, "training_time_mean": NaN, "training_time_total": 0.0, "validation_time_mean": NaN, "validation_time_total": 0.0, "samples": 60000, "num_workers": 1, "done": false, "timesteps_total": null, "episodes_total": null, "training_iteration": 8, "neg_mean_loss": -757.1092428710938, "experiment_id": "51aca5127ea84935a9c9f3d9a2c900ba", "date": "2019-05-30_15-20-07", "timestamp": 1559254807, "time_this_iter_s": 8.595343351364136, "time_total_s": 73.3761146068573, "pid": 17860, "hostname": "steropes", "node_ip": "169.229.49.254", "config": {"starting_lr": 1.0, "momentum": 0.95, "weight_decay": 0.005, "steps_per_iteration": null, "pin": false, "model_creator": null, "target_batch_size": 1024, "model_string": "resnet18", "min_batch_size": 512, "dataset": "CIFAR", "placement": null, "use_nccl": true, "devices_per_worker": 1, "primary_resource": "extra_gpu", "gpu": false, "verbose": false, "lr_config": {"mode": "log", "steps": 5, "initial_lr": 1.0, "target_lr": 1.0}, "batch_per_device": 1024}, "time_since_restore": 73.3761146068573, "timesteps_since_restore": 0, "iterations_since_restore": 8, "mean_throughput": 6834.61234848352, "atoms": 1}
{"apply": 0.009679722785949706, "batch_time": 0.15264005661010743, "d2h": 0.007569742202758789, "data_time": 0.048663275582449775, "fwd": 0.027547574043273924, "get_state_time_mean": NaN, "get_state_time_total": 0.0, "grad": 0.043597745895385745, "mean_accuracy": 0.10109999775886536, "mean_loss": 8.66029684753418, "neg_mean_accuracy": -0.10109999775886536, "set_state_time_mean": NaN, "set_state_time_total": 0.0, "setup_model_time_mean": NaN, "setup_model_time_total": 0.0, "setup_proc_time_mean": NaN, "setup_proc_time_total": 0.0, "train_accuracy": 0.10858000069856644, "train_loss": 12.075777446289063, "training_time_mean": NaN, "training_time_total": 0.0, "validation_time_mean": NaN, "validation_time_total": 0.0, "samples": 60000, "num_workers": 1, "done": false, "timesteps_total": null, "episodes_total": null, "training_iteration": 9, "neg_mean_loss": -8.66029684753418, "experiment_id": "51aca5127ea84935a9c9f3d9a2c900ba", "date": "2019-05-30_15-20-16", "timestamp": 1559254816, "time_this_iter_s": 8.780367374420166, "time_total_s": 82.15648198127747, "pid": 17860, "hostname": "steropes", "node_ip": "169.229.49.254", "config": {"starting_lr": 1.0, "momentum": 0.95, "weight_decay": 0.005, "steps_per_iteration": null, "pin": false, "model_creator": null, "target_batch_size": 1024, "model_string": "resnet18", "min_batch_size": 512, "dataset": "CIFAR", "placement": null, "use_nccl": true, "devices_per_worker": 1, "primary_resource": "extra_gpu", "gpu": false, "verbose": false, "lr_config": {"mode": "log", "steps": 5, "initial_lr": 1.0, "target_lr": 1.0}, "batch_per_device": 1024}, "time_since_restore": 82.15648198127747, "timesteps_since_restore": 0, "iterations_since_restore": 9, "mean_throughput": 6889.448749411213, "atoms": 1}
{"apply": 0.00878767967224121, "batch_time": 0.1485731601715088, "d2h": 0.006260561943054199, "data_time": 0.03650556291852679, "fwd": 0.02681920528411865, "get_state_time_mean": NaN, "get_state_time_total": 0.0, "grad": 0.04746556282043457, "mean_accuracy": 0.09999999403953552, "mean_loss": 4.545318832397461, "neg_mean_accuracy": -0.09999999403953552, "set_state_time_mean": NaN, "set_state_time_total": 0.0, "setup_model_time_mean": NaN, "setup_model_time_total": 0.0, "setup_proc_time_mean": NaN, "setup_proc_time_total": 0.0, "train_accuracy": 0.10645999759435654, "train_loss": 14.182933095092773, "training_time_mean": NaN, "training_time_total": 0.0, "validation_time_mean": NaN, "validation_time_total": 0.0, "samples": 60000, "num_workers": 1, "done": false, "timesteps_total": null, "episodes_total": null, "training_iteration": 10, "neg_mean_loss": -4.545318832397461, "experiment_id": "51aca5127ea84935a9c9f3d9a2c900ba", "date": "2019-05-30_15-20-24", "timestamp": 1559254824, "time_this_iter_s": 8.446351289749146, "time_total_s": 90.60283327102661, "pid": 17860, "hostname": "steropes", "node_ip": "169.229.49.254", "config": {"starting_lr": 1.0, "momentum": 0.95, "weight_decay": 0.005, "steps_per_iteration": null, "pin": false, "model_creator": null, "target_batch_size": 1024, "model_string": "resnet18", "min_batch_size": 512, "dataset": "CIFAR", "placement": null, "use_nccl": true, "devices_per_worker": 1, "primary_resource": "extra_gpu", "gpu": false, "verbose": false, "lr_config": {"mode": "log", "steps": 5, "initial_lr": 1.0, "target_lr": 1.0}, "batch_per_device": 1024}, "time_since_restore": 90.60283327102661, "timesteps_since_restore": 0, "iterations_since_restore": 10, "mean_throughput": 6935.874172980931, "atoms": 1}
{"apply": 0.006872892379760742, "batch_time": 0.11908259391784667, "d2h": 0.005096960067749024, "data_time": 0.04036505854859644, "fwd": 0.022592329978942872, "get_state_time_mean": NaN, "get_state_time_total": 0.0, "grad": 0.044621944427490234, "mean_accuracy": 0.09999999403953552, "mean_loss": 13.558153684997558, "neg_mean_accuracy": -0.09999999403953552, "set_state_time_mean": NaN, "set_state_time_total": 0.0, "setup_model_time_mean": NaN, "setup_model_time_total": 0.0, "setup_proc_time_mean": NaN, "setup_proc_time_total": 0.0, "train_accuracy": 0.10080000013113022, "train_loss": 15.645487018737793, "training_time_mean": NaN, "training_time_total": 0.0, "validation_time_mean": NaN, "validation_time_total": 0.0, "samples": 60000, "num_workers": 1, "done": false, "timesteps_total": null, "episodes_total": null, "training_iteration": 11, "neg_mean_loss": -13.558153684997558, "experiment_id": "51aca5127ea84935a9c9f3d9a2c900ba", "date": "2019-05-30_15-20-32", "timestamp": 1559254832, "time_this_iter_s": 8.129141092300415, "time_total_s": 98.73197436332703, "pid": 17860, "hostname": "steropes", "node_ip": "169.229.49.254", "config": {"starting_lr": 1.0, "momentum": 0.95, "weight_decay": 0.005, "steps_per_iteration": null, "pin": false, "model_creator": null, "target_batch_size": 1024, "model_string": "resnet18", "min_batch_size": 512, "dataset": "CIFAR", "placement": null, "use_nccl": true, "devices_per_worker": 1, "primary_resource": "extra_gpu", "gpu": false, "verbose": false, "lr_config": {"mode": "log", "steps": 5, "initial_lr": 1.0, "target_lr": 1.0}, "batch_per_device": 1024}, "time_since_restore": 98.73197436332703, "timesteps_since_restore": 0, "iterations_since_restore": 11, "mean_throughput": 7008.84917540115, "atoms": 1}
{"apply": 0.0069892644882202145, "batch_time": 0.12973713874816895, "d2h": 0.005111432075500489, "data_time": 0.04671368306996871, "fwd": 0.021091008186340333, "get_state_time_mean": NaN, "get_state_time_total": 0.0, "grad": 0.042354917526245116, "mean_accuracy": 0.09999999403953552, "mean_loss": 9.58698571472168, "neg_mean_accuracy": -0.09999999403953552, "set_state_time_mean": NaN, "set_state_time_total": 0.0, "setup_model_time_mean": NaN, "setup_model_time_total": 0.0, "setup_proc_time_mean": NaN, "setup_proc_time_total": 0.0, "train_accuracy": 0.10074000060558319, "train_loss": 24.79915233215332, "training_time_mean": NaN, "training_time_total": 0.0, "validation_time_mean": NaN, "validation_time_total": 0.0, "samples": 60000, "num_workers": 1, "done": true, "timesteps_total": null, "episodes_total": null, "training_iteration": 12, "neg_mean_loss": -9.58698571472168, "experiment_id": "51aca5127ea84935a9c9f3d9a2c900ba", "date": "2019-05-30_15-20-40", "timestamp": 1559254840, "time_this_iter_s": 7.645033359527588, "time_total_s": 106.37700772285461, "pid": 17860, "hostname": "steropes", "node_ip": "169.229.49.254", "config": {"starting_lr": 1.0, "momentum": 0.95, "weight_decay": 0.005, "steps_per_iteration": null, "pin": false, "model_creator": null, "target_batch_size": 1024, "model_string": "resnet18", "min_batch_size": 512, "dataset": "CIFAR", "placement": null, "use_nccl": true, "devices_per_worker": 1, "primary_resource": "extra_gpu", "gpu": false, "verbose": false, "lr_config": {"mode": "log", "steps": 5, "initial_lr": 1.0, "target_lr": 1.0}, "batch_per_device": 1024}, "time_since_restore": 106.37700772285461, "timesteps_since_restore": 0, "iterations_since_restore": 12, "mean_throughput": 7212.1200505011275, "atoms": 1}
