{"apply": 0.017229962348937988, "batch_time": 0.041248599185219295, "d2h": 0.0006840705871582031, "data_time": 0.001850789770140977, "fwd": 0.11641762256622315, "get_state_time_mean": NaN, "get_state_time_total": 0.0, "grad": 0.16623592376708984, "mean_accuracy": 0.2903999984264374, "mean_loss": 5.878707939910889, "neg_mean_accuracy": -0.2903999984264374, "set_state_time_mean": NaN, "set_state_time_total": 0.0, "setup_model_time_mean": 8.36143445968628, "setup_model_time_total": 8.36143445968628, "setup_proc_time_mean": 0.146561861038208, "setup_proc_time_total": 0.146561861038208, "train_accuracy": 0.23495998978614807, "train_loss": 2.6323318367004394, "training_time_mean": NaN, "training_time_total": 0.0, "val_accuracy": 0.2903999984264374, "val_loss": 5.878707939910889, "validation_time_mean": NaN, "validation_time_total": 0.0, "samples": 60000, "num_workers": 1, "done": false, "timesteps_total": null, "episodes_total": null, "training_iteration": 1, "neg_mean_loss": -5.878707939910889, "experiment_id": "0dd869474d324ac097467620631c8423", "date": "2019-06-03_22-10-42", "timestamp": 1559625042, "time_this_iter_s": 46.12337779998779, "time_total_s": 46.12337779998779, "pid": 6877, "hostname": "steropes", "node_ip": "169.229.49.254", "config": {"starting_lr": 0.005, "momentum": 0.95, "weight_decay": 0.001, "steps_per_iteration": null, "pin": false, "model_creator": null, "target_batch_size": 128, "model_string": "resnet50", "min_batch_size": 128, "dataset": "CIFAR", "placement": null, "use_nccl": true, "devices_per_worker": 1, "primary_resource": "extra_gpu", "gpu": false, "verbose": false, "lr_config": {"mode": "log", "steps": 5, "initial_lr": 0.005, "target_lr": 0.005}, "batch_per_device": 128}, "time_since_restore": 46.12337779998779, "timesteps_since_restore": 0, "iterations_since_restore": 1, "mean_throughput": 1300.8553227501952, "atoms": 1, "setup_time": 8.623159885406494}
{"apply": 0.017080235481262206, "batch_time": 0.03217644027516812, "d2h": 0.0006689786911010742, "data_time": 0.0017755598668247232, "fwd": 0.027964568138122557, "get_state_time_mean": NaN, "get_state_time_total": 0.0, "grad": 0.04777078628540039, "mean_accuracy": 0.3398999869823456, "mean_loss": 4.116851853561402, "neg_mean_accuracy": -0.3893999755382538, "set_state_time_mean": NaN, "set_state_time_total": 0.0, "setup_model_time_mean": NaN, "setup_model_time_total": 0.0, "setup_proc_time_mean": NaN, "setup_proc_time_total": 0.0, "train_accuracy": 0.32019999623298645, "train_loss": 2.1422057537078856, "training_time_mean": NaN, "training_time_total": 0.0, "val_accuracy": 0.3893999755382538, "val_loss": 2.354995767211914, "validation_time_mean": NaN, "validation_time_total": 0.0, "samples": 60000, "num_workers": 1, "done": false, "timesteps_total": null, "episodes_total": null, "training_iteration": 2, "neg_mean_loss": -4.116851853561402, "experiment_id": "0dd869474d324ac097467620631c8423", "date": "2019-06-03_22-11-23", "timestamp": 1559625083, "time_this_iter_s": 40.80462837219238, "time_total_s": 86.92800617218018, "pid": 6877, "hostname": "steropes", "node_ip": "169.229.49.254", "config": {"starting_lr": 0.005, "momentum": 0.95, "weight_decay": 0.001, "steps_per_iteration": null, "pin": false, "model_creator": null, "target_batch_size": 128, "model_string": "resnet50", "min_batch_size": 128, "dataset": "CIFAR", "placement": null, "use_nccl": true, "devices_per_worker": 1, "primary_resource": "extra_gpu", "gpu": false, "verbose": false, "lr_config": {"mode": "log", "steps": 5, "initial_lr": 0.005, "target_lr": 0.005}, "batch_per_device": 128}, "time_since_restore": 86.92800617218018, "timesteps_since_restore": 0, "iterations_since_restore": 2, "mean_throughput": 1380.4495290400798, "atoms": 1, "setup_time": 8.623159885406494}
{"apply": 0.017895150184631347, "batch_time": 0.03163099892531769, "d2h": 0.0006543874740600586, "data_time": 0.001735237858179585, "fwd": 0.028561782836914063, "get_state_time_mean": NaN, "get_state_time_total": 0.0, "grad": 0.0488624095916748, "mean_accuracy": 0.3645666539669037, "mean_loss": 3.5608300704320275, "neg_mean_accuracy": -0.4138999879360199, "set_state_time_mean": NaN, "set_state_time_total": 0.0, "setup_model_time_mean": NaN, "setup_model_time_total": 0.0, "setup_proc_time_mean": NaN, "setup_proc_time_total": 0.0, "train_accuracy": 0.3705199956893921, "train_loss": 2.014413016014099, "training_time_mean": NaN, "training_time_total": 0.0, "val_accuracy": 0.4138999879360199, "val_loss": 2.448786504173279, "validation_time_mean": NaN, "validation_time_total": 0.0, "samples": 60000, "num_workers": 1, "done": false, "timesteps_total": null, "episodes_total": null, "training_iteration": 3, "neg_mean_loss": -3.5608300704320275, "experiment_id": "0dd869474d324ac097467620631c8423", "date": "2019-06-03_22-12-03", "timestamp": 1559625123, "time_this_iter_s": 40.65914821624756, "time_total_s": 127.58715438842773, "pid": 6877, "hostname": "steropes", "node_ip": "169.229.49.254", "config": {"starting_lr": 0.005, "momentum": 0.95, "weight_decay": 0.001, "steps_per_iteration": null, "pin": false, "model_creator": null, "target_batch_size": 128, "model_string": "resnet50", "min_batch_size": 128, "dataset": "CIFAR", "placement": null, "use_nccl": true, "devices_per_worker": 1, "primary_resource": "extra_gpu", "gpu": false, "verbose": false, "lr_config": {"mode": "log", "steps": 5, "initial_lr": 0.005, "target_lr": 0.005}, "batch_per_device": 128}, "time_since_restore": 127.58715438842773, "timesteps_since_restore": 0, "iterations_since_restore": 3, "mean_throughput": 1410.797212401582, "atoms": 1, "setup_time": 8.623159885406494}
{"apply": 0.017195653915405274, "batch_time": 0.0330686780470836, "d2h": 0.0006580829620361328, "data_time": 0.0018090585918377733, "fwd": 0.02762305736541748, "get_state_time_mean": NaN, "get_state_time_total": 0.0, "grad": 0.04751753807067871, "mean_accuracy": 0.3880999907851219, "mean_loss": 3.1497696074008945, "neg_mean_accuracy": -0.4587000012397766, "set_state_time_mean": NaN, "set_state_time_total": 0.0, "setup_model_time_mean": NaN, "setup_model_time_total": 0.0, "setup_proc_time_mean": NaN, "setup_proc_time_total": 0.0, "train_accuracy": 0.4012799859046936, "train_loss": 1.8018447854995727, "training_time_mean": NaN, "training_time_total": 0.0, "val_accuracy": 0.4587000012397766, "val_loss": 1.9165882183074952, "validation_time_mean": NaN, "validation_time_total": 0.0, "samples": 60000, "num_workers": 1, "done": false, "timesteps_total": null, "episodes_total": null, "training_iteration": 4, "neg_mean_loss": -3.1497696074008945, "experiment_id": "0dd869474d324ac097467620631c8423", "date": "2019-06-03_22-12-44", "timestamp": 1559625164, "time_this_iter_s": 40.98852062225342, "time_total_s": 168.57567501068115, "pid": 6877, "hostname": "steropes", "node_ip": "169.229.49.254", "config": {"starting_lr": 0.005, "momentum": 0.95, "weight_decay": 0.001, "steps_per_iteration": null, "pin": false, "model_creator": null, "target_batch_size": 128, "model_string": "resnet50", "min_batch_size": 128, "dataset": "CIFAR", "placement": null, "use_nccl": true, "devices_per_worker": 1, "primary_resource": "extra_gpu", "gpu": false, "verbose": false, "lr_config": {"mode": "log", "steps": 5, "initial_lr": 0.005, "target_lr": 0.005}, "batch_per_device": 128}, "time_since_restore": 168.57567501068115, "timesteps_since_restore": 0, "iterations_since_restore": 4, "mean_throughput": 1423.6898870818516, "atoms": 1, "setup_time": 8.623159885406494}
{"apply": 0.01687908172607422, "batch_time": 0.033128889301155186, "d2h": 0.0006499052047729492, "data_time": 0.0017510984864686152, "fwd": 0.027525162696838378, "get_state_time_mean": NaN, "get_state_time_total": 0.0, "grad": 0.048735427856445315, "mean_accuracy": 0.40619999170303345, "mean_loss": 2.832061449584961, "neg_mean_accuracy": -0.47859999537467957, "set_state_time_mean": NaN, "set_state_time_total": 0.0, "setup_model_time_mean": NaN, "setup_model_time_total": 0.0, "setup_proc_time_mean": NaN, "setup_proc_time_total": 0.0, "train_accuracy": 0.4328799843788147, "train_loss": 1.686630266494751, "training_time_mean": NaN, "training_time_total": 0.0, "val_accuracy": 0.47859999537467957, "val_loss": 1.561228818321228, "validation_time_mean": NaN, "validation_time_total": 0.0, "samples": 60000, "num_workers": 1, "done": false, "timesteps_total": null, "episodes_total": null, "training_iteration": 5, "neg_mean_loss": -2.832061449584961, "experiment_id": "0dd869474d324ac097467620631c8423", "date": "2019-06-03_22-13-25", "timestamp": 1559625205, "time_this_iter_s": 40.63463807106018, "time_total_s": 209.21031308174133, "pid": 6877, "hostname": "steropes", "node_ip": "169.229.49.254", "config": {"starting_lr": 0.005, "momentum": 0.95, "weight_decay": 0.001, "steps_per_iteration": null, "pin": false, "model_creator": null, "target_batch_size": 128, "model_string": "resnet50", "min_batch_size": 128, "dataset": "CIFAR", "placement": null, "use_nccl": true, "devices_per_worker": 1, "primary_resource": "extra_gpu", "gpu": false, "verbose": false, "lr_config": {"mode": "log", "steps": 5, "initial_lr": 0.005, "target_lr": 0.005}, "batch_per_device": 128}, "time_since_restore": 209.21031308174133, "timesteps_since_restore": 0, "iterations_since_restore": 5, "mean_throughput": 1433.960243301279, "atoms": 1, "setup_time": 8.623159885406494}
{"apply": 0.01704905033111572, "batch_time": 0.03204438052599943, "d2h": 0.0006642580032348633, "data_time": 0.0017942924938543373, "fwd": 0.02766757011413574, "get_state_time_mean": NaN, "get_state_time_total": 0.0, "grad": 0.04701793193817139, "mean_accuracy": 0.4446199893951416, "mean_loss": 1.940657244911194, "neg_mean_accuracy": -0.48249998688697815, "set_state_time_mean": NaN, "set_state_time_total": 0.0, "setup_model_time_mean": NaN, "setup_model_time_total": 0.0, "setup_proc_time_mean": NaN, "setup_proc_time_total": 0.0, "train_accuracy": 0.4350399971008301, "train_loss": 1.6563305126953125, "training_time_mean": NaN, "training_time_total": 0.0, "val_accuracy": 0.48249998688697815, "val_loss": 1.4216869165420531, "validation_time_mean": NaN, "validation_time_total": 0.0, "samples": 60000, "num_workers": 1, "done": false, "timesteps_total": null, "episodes_total": null, "training_iteration": 6, "neg_mean_loss": -1.940657244911194, "experiment_id": "0dd869474d324ac097467620631c8423", "date": "2019-06-03_22-14-06", "timestamp": 1559625246, "time_this_iter_s": 41.0063591003418, "time_total_s": 250.21667218208313, "pid": 6877, "hostname": "steropes", "node_ip": "169.229.49.254", "config": {"starting_lr": 0.005, "momentum": 0.95, "weight_decay": 0.001, "steps_per_iteration": null, "pin": false, "model_creator": null, "target_batch_size": 128, "model_string": "resnet50", "min_batch_size": 128, "dataset": "CIFAR", "placement": null, "use_nccl": true, "devices_per_worker": 1, "primary_resource": "extra_gpu", "gpu": false, "verbose": false, "lr_config": {"mode": "log", "steps": 5, "initial_lr": 0.005, "target_lr": 0.005}, "batch_per_device": 128}, "time_since_restore": 250.21667218208313, "timesteps_since_restore": 0, "iterations_since_restore": 6, "mean_throughput": 1469.9126603983902, "atoms": 1, "setup_time": 8.623159885406494}
{"apply": 0.021026349067687987, "batch_time": 0.03191125845607323, "d2h": 0.0006917715072631836, "data_time": 0.001786513706607282, "fwd": 0.031510424613952634, "get_state_time_mean": NaN, "get_state_time_total": 0.0, "grad": 0.04909353256225586, "mean_accuracy": 0.4718199908733368, "mean_loss": 1.7326026544570923, "neg_mean_accuracy": -0.5253999829292297, "set_state_time_mean": NaN, "set_state_time_total": 0.0, "setup_model_time_mean": NaN, "setup_model_time_total": 0.0, "setup_proc_time_mean": NaN, "setup_proc_time_total": 0.0, "train_accuracy": 0.47450000047683716, "train_loss": 1.5417114031600951, "training_time_mean": NaN, "training_time_total": 0.0, "val_accuracy": 0.5253999829292297, "val_loss": 1.3147228149414063, "validation_time_mean": NaN, "validation_time_total": 0.0, "samples": 60000, "num_workers": 1, "done": false, "timesteps_total": null, "episodes_total": null, "training_iteration": 7, "neg_mean_loss": -1.7326026544570923, "experiment_id": "0dd869474d324ac097467620631c8423", "date": "2019-06-03_22-14-47", "timestamp": 1559625287, "time_this_iter_s": 40.95479393005371, "time_total_s": 291.17146611213684, "pid": 6877, "hostname": "steropes", "node_ip": "169.229.49.254", "config": {"starting_lr": 0.005, "momentum": 0.95, "weight_decay": 0.001, "steps_per_iteration": null, "pin": false, "model_creator": null, "target_batch_size": 128, "model_string": "resnet50", "min_batch_size": 128, "dataset": "CIFAR", "placement": null, "use_nccl": true, "devices_per_worker": 1, "primary_resource": "extra_gpu", "gpu": false, "verbose": false, "lr_config": {"mode": "log", "steps": 5, "initial_lr": 0.005, "target_lr": 0.005}, "batch_per_device": 128}, "time_since_restore": 291.17146611213684, "timesteps_since_restore": 0, "iterations_since_restore": 7, "mean_throughput": 1468.8319741474427, "atoms": 1, "setup_time": 8.623159885406494}
{"apply": 0.019481873512268065, "batch_time": 0.031996524786647364, "d2h": 0.0006920576095581054, "data_time": 0.0018073536855790317, "fwd": 0.0295241117477417, "get_state_time_mean": NaN, "get_state_time_total": 0.0, "grad": 0.04835174083709717, "mean_accuracy": 0.4979599952697754, "mean_loss": 1.4987740300750734, "neg_mean_accuracy": -0.5446000099182129, "set_state_time_mean": NaN, "set_state_time_total": 0.0, "setup_model_time_mean": NaN, "setup_model_time_total": 0.0, "setup_proc_time_mean": NaN, "setup_proc_time_total": 0.0, "train_accuracy": 0.507860004901886, "train_loss": 1.4290623345947266, "training_time_mean": NaN, "training_time_total": 0.0, "val_accuracy": 0.5446000099182129, "val_loss": 1.2796433822631836, "validation_time_mean": NaN, "validation_time_total": 0.0, "samples": 60000, "num_workers": 1, "done": false, "timesteps_total": null, "episodes_total": null, "training_iteration": 8, "neg_mean_loss": -1.4987740300750734, "experiment_id": "0dd869474d324ac097467620631c8423", "date": "2019-06-03_22-15-28", "timestamp": 1559625328, "time_this_iter_s": 40.84067416191101, "time_total_s": 332.01214027404785, "pid": 6877, "hostname": "steropes", "node_ip": "169.229.49.254", "config": {"starting_lr": 0.005, "momentum": 0.95, "weight_decay": 0.001, "steps_per_iteration": null, "pin": false, "model_creator": null, "target_batch_size": 128, "model_string": "resnet50", "min_batch_size": 128, "dataset": "CIFAR", "placement": null, "use_nccl": true, "devices_per_worker": 1, "primary_resource": "extra_gpu", "gpu": false, "verbose": false, "lr_config": {"mode": "log", "steps": 5, "initial_lr": 0.005, "target_lr": 0.005}, "batch_per_device": 128}, "time_since_restore": 332.01214027404785, "timesteps_since_restore": 0, "iterations_since_restore": 8, "mean_throughput": 1467.5277372117175, "atoms": 1, "setup_time": 8.623159885406494}
{"apply": 0.017242860794067384, "batch_time": 0.03163132788259772, "d2h": 0.0007045269012451172, "data_time": 0.0017593717940932955, "fwd": 0.02859799861907959, "get_state_time_mean": NaN, "get_state_time_total": 0.0, "grad": 0.04834773540496826, "mean_accuracy": 0.5161399960517883, "mean_loss": 1.3718939973449706, "neg_mean_accuracy": -0.5496000051498413, "set_state_time_mean": NaN, "set_state_time_total": 0.0, "setup_model_time_mean": NaN, "setup_model_time_total": 0.0, "setup_proc_time_mean": NaN, "setup_proc_time_total": 0.0, "train_accuracy": 0.5245999693870544, "train_loss": 1.3723045915985108, "training_time_mean": NaN, "training_time_total": 0.0, "val_accuracy": 0.5496000051498413, "val_loss": 1.2821880546569824, "validation_time_mean": NaN, "validation_time_total": 0.0, "samples": 60000, "num_workers": 1, "done": false, "timesteps_total": null, "episodes_total": null, "training_iteration": 9, "neg_mean_loss": -1.3718939973449706, "experiment_id": "0dd869474d324ac097467620631c8423", "date": "2019-06-03_22-16-08", "timestamp": 1559625368, "time_this_iter_s": 40.796753883361816, "time_total_s": 372.80889415740967, "pid": 6877, "hostname": "steropes", "node_ip": "169.229.49.254", "config": {"starting_lr": 0.005, "momentum": 0.95, "weight_decay": 0.001, "steps_per_iteration": null, "pin": false, "model_creator": null, "target_batch_size": 128, "model_string": "resnet50", "min_batch_size": 128, "dataset": "CIFAR", "placement": null, "use_nccl": true, "devices_per_worker": 1, "primary_resource": "extra_gpu", "gpu": false, "verbose": false, "lr_config": {"mode": "log", "steps": 5, "initial_lr": 0.005, "target_lr": 0.005}, "batch_per_device": 128}, "time_since_restore": 372.80889415740967, "timesteps_since_restore": 0, "iterations_since_restore": 9, "mean_throughput": 1468.9057245545246, "atoms": 1, "setup_time": 8.623159885406494}
{"apply": 0.018489980697631837, "batch_time": 0.032007262676577025, "d2h": 0.0006684541702270507, "data_time": 0.0017547156194896649, "fwd": 0.029512476921081544, "get_state_time_mean": NaN, "get_state_time_total": 0.0, "grad": 0.05030395984649658, "mean_accuracy": 0.534799998998642, "mean_loss": 1.300074073677063, "neg_mean_accuracy": -0.5719000101089478, "set_state_time_mean": NaN, "set_state_time_total": 0.0, "setup_model_time_mean": NaN, "setup_model_time_total": 0.0, "setup_proc_time_mean": NaN, "setup_proc_time_total": 0.0, "train_accuracy": 0.5426999926567078, "train_loss": 1.3235340418624877, "training_time_mean": NaN, "training_time_total": 0.0, "val_accuracy": 0.5719000101089478, "val_loss": 1.2021291999816894, "validation_time_mean": NaN, "validation_time_total": 0.0, "samples": 60000, "num_workers": 1, "done": false, "timesteps_total": null, "episodes_total": null, "training_iteration": 10, "neg_mean_loss": -1.300074073677063, "experiment_id": "0dd869474d324ac097467620631c8423", "date": "2019-06-03_22-16-49", "timestamp": 1559625409, "time_this_iter_s": 40.55648732185364, "time_total_s": 413.3653814792633, "pid": 6877, "hostname": "steropes", "node_ip": "169.229.49.254", "config": {"starting_lr": 0.005, "momentum": 0.95, "weight_decay": 0.001, "steps_per_iteration": null, "pin": false, "model_creator": null, "target_batch_size": 128, "model_string": "resnet50", "min_batch_size": 128, "dataset": "CIFAR", "placement": null, "use_nccl": true, "devices_per_worker": 1, "primary_resource": "extra_gpu", "gpu": false, "verbose": false, "lr_config": {"mode": "log", "steps": 5, "initial_lr": 0.005, "target_lr": 0.005}, "batch_per_device": 128}, "time_since_restore": 413.3653814792633, "timesteps_since_restore": 0, "iterations_since_restore": 10, "mean_throughput": 1469.4680612672805, "atoms": 1, "setup_time": 8.623159885406494}
{"apply": 0.01718287467956543, "batch_time": 0.03402062307430219, "d2h": 0.0006513833999633789, "data_time": 0.0017621242786612353, "fwd": 0.02804245948791504, "get_state_time_mean": NaN, "get_state_time_total": 0.0, "grad": 0.0468005895614624, "mean_accuracy": 0.5514400005340576, "mean_loss": 1.381994064025879, "neg_mean_accuracy": -0.5656999945640564, "set_state_time_mean": NaN, "set_state_time_total": 0.0, "setup_model_time_mean": NaN, "setup_model_time_total": 0.0, "setup_proc_time_mean": NaN, "setup_proc_time_total": 0.0, "train_accuracy": 0.5560399889945984, "train_loss": 1.2910009576797485, "training_time_mean": NaN, "training_time_total": 0.0, "val_accuracy": 0.5656999945640564, "val_loss": 1.8312868682861327, "validation_time_mean": NaN, "validation_time_total": 0.0, "samples": 60000, "num_workers": 1, "done": false, "timesteps_total": null, "episodes_total": null, "training_iteration": 11, "neg_mean_loss": -1.381994064025879, "experiment_id": "0dd869474d324ac097467620631c8423", "date": "2019-06-03_22-17-30", "timestamp": 1559625450, "time_this_iter_s": 40.992310523986816, "time_total_s": 454.3576920032501, "pid": 6877, "hostname": "steropes", "node_ip": "169.229.49.254", "config": {"starting_lr": 0.005, "momentum": 0.95, "weight_decay": 0.001, "steps_per_iteration": null, "pin": false, "model_creator": null, "target_batch_size": 128, "model_string": "resnet50", "min_batch_size": 128, "dataset": "CIFAR", "placement": null, "use_nccl": true, "devices_per_worker": 1, "primary_resource": "extra_gpu", "gpu": false, "verbose": false, "lr_config": {"mode": "log", "steps": 5, "initial_lr": 0.005, "target_lr": 0.005}, "batch_per_device": 128}, "time_since_restore": 454.3576920032501, "timesteps_since_restore": 0, "iterations_since_restore": 11, "mean_throughput": 1469.56921779337, "atoms": 1, "setup_time": 8.623159885406494}
{"apply": 0.017300128936767578, "batch_time": 0.031688065468510496, "d2h": 0.000655674934387207, "data_time": 0.001824954586565647, "fwd": 0.02927277088165283, "get_state_time_mean": NaN, "get_state_time_total": 0.0, "grad": 0.04836082458496094, "mean_accuracy": 0.5652799963951111, "mean_loss": 1.4246688574218749, "neg_mean_accuracy": -0.5945999622344971, "set_state_time_mean": NaN, "set_state_time_total": 0.0, "setup_model_time_mean": NaN, "setup_model_time_total": 0.0, "setup_proc_time_mean": NaN, "setup_proc_time_total": 0.0, "train_accuracy": 0.5621199607849121, "train_loss": 1.2567023443603516, "training_time_mean": NaN, "training_time_total": 0.0, "val_accuracy": 0.5945999622344971, "val_loss": 1.5280967819213866, "validation_time_mean": NaN, "validation_time_total": 0.0, "samples": 60000, "num_workers": 1, "done": false, "timesteps_total": null, "episodes_total": null, "training_iteration": 12, "neg_mean_loss": -1.4246688574218749, "experiment_id": "0dd869474d324ac097467620631c8423", "date": "2019-06-03_22-18-11", "timestamp": 1559625491, "time_this_iter_s": 40.72377395629883, "time_total_s": 495.08146595954895, "pid": 6877, "hostname": "steropes", "node_ip": "169.229.49.254", "config": {"starting_lr": 0.005, "momentum": 0.95, "weight_decay": 0.001, "steps_per_iteration": null, "pin": false, "model_creator": null, "target_batch_size": 128, "model_string": "resnet50", "min_batch_size": 128, "dataset": "CIFAR", "placement": null, "use_nccl": true, "devices_per_worker": 1, "primary_resource": "extra_gpu", "gpu": false, "verbose": false, "lr_config": {"mode": "log", "steps": 5, "initial_lr": 0.005, "target_lr": 0.005}, "batch_per_device": 128}, "time_since_restore": 495.08146595954895, "timesteps_since_restore": 0, "iterations_since_restore": 12, "mean_throughput": 1471.2341344374, "atoms": 1, "setup_time": 8.623159885406494}
{"apply": 0.02169184684753418, "batch_time": 0.03212874146956432, "d2h": 0.0006669282913208008, "data_time": 0.0017928064936567146, "fwd": 0.030801010131835938, "get_state_time_mean": NaN, "get_state_time_total": 0.0, "grad": 0.04909317493438721, "mean_accuracy": 0.5702799916267395, "mean_loss": 1.4153748122406007, "neg_mean_accuracy": -0.569599986076355, "set_state_time_mean": NaN, "set_state_time_total": 0.0, "setup_model_time_mean": NaN, "setup_model_time_total": 0.0, "setup_proc_time_mean": NaN, "setup_proc_time_total": 0.0, "train_accuracy": 0.5780199766159058, "train_loss": 1.21272859790802, "training_time_mean": NaN, "training_time_total": 0.0, "val_accuracy": 0.569599986076355, "val_loss": 1.2331731563568116, "validation_time_mean": NaN, "validation_time_total": 0.0, "samples": 60000, "num_workers": 1, "done": false, "timesteps_total": null, "episodes_total": null, "training_iteration": 13, "neg_mean_loss": -1.4153748122406007, "experiment_id": "0dd869474d324ac097467620631c8423", "date": "2019-06-03_22-18-52", "timestamp": 1559625532, "time_this_iter_s": 40.90373778343201, "time_total_s": 535.985203742981, "pid": 6877, "hostname": "steropes", "node_ip": "169.229.49.254", "config": {"starting_lr": 0.005, "momentum": 0.95, "weight_decay": 0.001, "steps_per_iteration": null, "pin": false, "model_creator": null, "target_batch_size": 128, "model_string": "resnet50", "min_batch_size": 128, "dataset": "CIFAR", "placement": null, "use_nccl": true, "devices_per_worker": 1, "primary_resource": "extra_gpu", "gpu": false, "verbose": false, "lr_config": {"mode": "log", "steps": 5, "initial_lr": 0.005, "target_lr": 0.005}, "batch_per_device": 128}, "time_since_restore": 535.985203742981, "timesteps_since_restore": 0, "iterations_since_restore": 13, "mean_throughput": 1470.7792579288043, "atoms": 1, "setup_time": 8.623159885406494}
{"apply": 0.017261266708374023, "batch_time": 0.03174682206745389, "d2h": 0.000675821304321289, "data_time": 0.0018048280340326411, "fwd": 0.0278780460357666, "get_state_time_mean": NaN, "get_state_time_total": 0.0, "grad": 0.047491455078125, "mean_accuracy": 0.5848599910736084, "mean_loss": 1.402337067565918, "neg_mean_accuracy": -0.6225000023841858, "set_state_time_mean": NaN, "set_state_time_total": 0.0, "setup_model_time_mean": NaN, "setup_model_time_total": 0.0, "setup_proc_time_mean": NaN, "setup_proc_time_total": 0.0, "train_accuracy": 0.5885800123214722, "train_loss": 1.1908190695381164, "training_time_mean": NaN, "training_time_total": 0.0, "val_accuracy": 0.6225000023841858, "val_loss": 1.2169993312835694, "validation_time_mean": NaN, "validation_time_total": 0.0, "samples": 60000, "num_workers": 1, "done": false, "timesteps_total": null, "episodes_total": null, "training_iteration": 14, "neg_mean_loss": -1.402337067565918, "experiment_id": "0dd869474d324ac097467620631c8423", "date": "2019-06-03_22-19-33", "timestamp": 1559625573, "time_this_iter_s": 40.84760332107544, "time_total_s": 576.8328070640564, "pid": 6877, "hostname": "steropes", "node_ip": "169.229.49.254", "config": {"starting_lr": 0.005, "momentum": 0.95, "weight_decay": 0.001, "steps_per_iteration": null, "pin": false, "model_creator": null, "target_batch_size": 128, "model_string": "resnet50", "min_batch_size": 128, "dataset": "CIFAR", "placement": null, "use_nccl": true, "devices_per_worker": 1, "primary_resource": "extra_gpu", "gpu": false, "verbose": false, "lr_config": {"mode": "log", "steps": 5, "initial_lr": 0.005, "target_lr": 0.005}, "batch_per_device": 128}, "time_since_restore": 576.8328070640564, "timesteps_since_restore": 0, "iterations_since_restore": 14, "mean_throughput": 1470.4126305268671, "atoms": 1, "setup_time": 8.623159885406494}
