apply,batch_time,d2h,data_time,fwd,get_state_time_mean,get_state_time_total,grad,mean_accuracy,mean_loss,neg_mean_accuracy,set_state_time_mean,set_state_time_total,setup_model_time_mean,setup_model_time_total,setup_proc_time_mean,setup_proc_time_total,train_accuracy,train_loss,training_time_mean,training_time_total,validation_time_mean,validation_time_total,samples,num_workers,done,timesteps_total,episodes_total,training_iteration,neg_mean_loss,experiment_id,date,timestamp,time_this_iter_s,time_total_s,pid,hostname,node_ip,config,time_since_restore,timesteps_since_restore,iterations_since_restore,mean_throughput,atoms
0.00697636604309082,0.20835931301116944,0.004316282272338867,0.0386043373419314,0.09076840877532959,nan,0.0,0.2157193660736084,0.2574000060558319,2.088350842666626,-0.2574000060558319,nan,0.0,9.744689702987671,9.744689702987671,1.7352776527404785,1.7352776527404785,0.14429999887943268,4.190786484069824,nan,0.0,nan,0.0,60000,1,False,,,1,-2.088350842666626,09546b9db67640ce8f3fe86e5a89eb51,2019-05-30_14-46-16,1559252776,12.394996166229248,12.394996166229248,6398,steropes,169.229.49.254,"{'starting_lr': 0.0005, 'momentum': 0.95, 'weight_decay': 0.0005, 'steps_per_iteration': None, 'pin': False, 'model_creator': None, 'target_batch_size': 1024, 'model_string': 'resnet18', 'min_batch_size': 512, 'dataset': 'CIFAR', 'placement': None, 'use_nccl': True, 'devices_per_worker': 1, 'primary_resource': 'extra_gpu', 'gpu': False, 'verbose': False, 'lr_config': {'mode': 'log', 'steps': 5, 'initial_lr': 0.0005, 'target_lr': 0.0005}, 'batch_per_device': 1024}",12.394996166229248,0,1,4840.631303831025,1
0.007433152198791504,0.12878739833831787,0.004996395111083985,0.030075550079345703,0.030439162254333497,nan,0.0,0.062102985382080075,0.33799999952316284,1.8142331565856933,-0.33799999952316284,nan,0.0,nan,0.0,nan,0.0,0.28665998578071594,1.9549317359542846,nan,0.0,nan,0.0,60000,1,False,,,2,-1.8142331565856933,09546b9db67640ce8f3fe86e5a89eb51,2019-05-30_14-46-23,1559252783,7.77069616317749,20.16569232940674,6398,steropes,169.229.49.254,"{'starting_lr': 0.0005, 'momentum': 0.95, 'weight_decay': 0.0005, 'steps_per_iteration': None, 'pin': False, 'model_creator': None, 'target_batch_size': 1024, 'model_string': 'resnet18', 'min_batch_size': 512, 'dataset': 'CIFAR', 'placement': None, 'use_nccl': True, 'devices_per_worker': 1, 'primary_resource': 'extra_gpu', 'gpu': False, 'verbose': False, 'lr_config': {'mode': 'log', 'steps': 5, 'initial_lr': 0.0005, 'target_lr': 0.0005}, 'batch_per_device': 1024}",20.16569232940674,0,2,5950.653378199925,1
0.008826494216918945,0.129363489151001,0.004618072509765625,0.033329282488141744,0.031186366081237794,nan,0.0,0.051769804954528806,0.37790000438690186,1.6951695919036864,-0.37790000438690186,nan,0.0,nan,0.0,nan,0.0,0.3412799835205078,1.7916301766586304,nan,0.0,nan,0.0,60000,1,False,,,3,-1.6951695919036864,09546b9db67640ce8f3fe86e5a89eb51,2019-05-30_14-46-32,1559252792,8.14768099784851,28.31337332725525,6398,steropes,169.229.49.254,"{'starting_lr': 0.0005, 'momentum': 0.95, 'weight_decay': 0.0005, 'steps_per_iteration': None, 'pin': False, 'model_creator': None, 'target_batch_size': 1024, 'model_string': 'resnet18', 'min_batch_size': 512, 'dataset': 'CIFAR', 'placement': None, 'use_nccl': True, 'devices_per_worker': 1, 'primary_resource': 'extra_gpu', 'gpu': False, 'verbose': False, 'lr_config': {'mode': 'log', 'steps': 5, 'initial_lr': 0.0005, 'target_lr': 0.0005}, 'batch_per_device': 1024}",28.31337332725525,0,3,6357.365831322086,1
0.007591795921325683,0.1290839672088623,0.004900455474853516,0.02383024838505959,0.02747018337249756,nan,0.0,0.05031087398529053,0.40119999647140503,1.6097435319900513,-0.40119999647140503,nan,0.0,nan,0.0,nan,0.0,0.3729400038719177,1.702952708053589,nan,0.0,nan,0.0,60000,1,False,,,4,-1.6097435319900513,09546b9db67640ce8f3fe86e5a89eb51,2019-05-30_14-46-40,1559252800,7.896910190582275,36.210283517837524,6398,steropes,169.229.49.254,"{'starting_lr': 0.0005, 'momentum': 0.95, 'weight_decay': 0.0005, 'steps_per_iteration': None, 'pin': False, 'model_creator': None, 'target_batch_size': 1024, 'model_string': 'resnet18', 'min_batch_size': 512, 'dataset': 'CIFAR', 'placement': None, 'use_nccl': True, 'devices_per_worker': 1, 'primary_resource': 'extra_gpu', 'gpu': False, 'verbose': False, 'lr_config': {'mode': 'log', 'steps': 5, 'initial_lr': 0.0005, 'target_lr': 0.0005}, 'batch_per_device': 1024}",36.210283517837524,0,4,6627.891544407437,1
0.007812404632568359,0.13780956268310546,0.005127811431884765,0.02747562466835489,0.029220938682556152,nan,0.0,0.05420517921447754,0.4262999892234802,1.5398330295562743,-0.4262999892234802,nan,0.0,nan,0.0,nan,0.0,0.4017399847507477,1.6286855640792848,nan,0.0,nan,0.0,60000,1,False,,,5,-1.5398330295562743,09546b9db67640ce8f3fe86e5a89eb51,2019-05-30_14-46-48,1559252808,8.185196161270142,44.395479679107666,6398,steropes,169.229.49.254,"{'starting_lr': 0.0005, 'momentum': 0.95, 'weight_decay': 0.0005, 'steps_per_iteration': None, 'pin': False, 'model_creator': None, 'target_batch_size': 1024, 'model_string': 'resnet18', 'min_batch_size': 512, 'dataset': 'CIFAR', 'placement': None, 'use_nccl': True, 'devices_per_worker': 1, 'primary_resource': 'extra_gpu', 'gpu': False, 'verbose': False, 'lr_config': {'mode': 'log', 'steps': 5, 'initial_lr': 0.0005, 'target_lr': 0.0005}, 'batch_per_device': 1024}",44.395479679107666,0,5,6757.382053845536,1
0.007506322860717773,0.13950059413909913,0.0047293901443481445,0.028768184233684928,0.027605485916137696,nan,0.0,0.052561497688293456,0.44679999351501465,1.497568362236023,-0.44679999351501465,nan,0.0,nan,0.0,nan,0.0,0.4214399755001068,1.572123008041382,nan,0.0,nan,0.0,60000,1,False,,,6,-1.497568362236023,09546b9db67640ce8f3fe86e5a89eb51,2019-05-30_14-46-56,1559252816,8.437912464141846,52.83339214324951,6398,steropes,169.229.49.254,"{'starting_lr': 0.0005, 'momentum': 0.95, 'weight_decay': 0.0005, 'steps_per_iteration': None, 'pin': False, 'model_creator': None, 'target_batch_size': 1024, 'model_string': 'resnet18', 'min_batch_size': 512, 'dataset': 'CIFAR', 'placement': None, 'use_nccl': True, 'devices_per_worker': 1, 'primary_resource': 'extra_gpu', 'gpu': False, 'verbose': False, 'lr_config': {'mode': 'log', 'steps': 5, 'initial_lr': 0.0005, 'target_lr': 0.0005}, 'batch_per_device': 1024}",52.83339214324951,0,6,7418.615383549608,1
0.010039973258972167,0.12934930324554444,0.004745054244995117,0.030405842528051258,0.02721669673919678,nan,0.0,0.047205638885498044,0.4657999873161316,1.4485353553771974,-0.4657999873161316,nan,0.0,nan,0.0,nan,0.0,0.4400999844074249,1.5268954056167603,nan,0.0,nan,0.0,60000,1,False,,,7,-1.4485353553771974,09546b9db67640ce8f3fe86e5a89eb51,2019-05-30_14-47-05,1559252825,8.419888257980347,61.25328040122986,6398,steropes,169.229.49.254,"{'starting_lr': 0.0005, 'momentum': 0.95, 'weight_decay': 0.0005, 'steps_per_iteration': None, 'pin': False, 'model_creator': None, 'target_batch_size': 1024, 'model_string': 'resnet18', 'min_batch_size': 512, 'dataset': 'CIFAR', 'placement': None, 'use_nccl': True, 'devices_per_worker': 1, 'primary_resource': 'extra_gpu', 'gpu': False, 'verbose': False, 'lr_config': {'mode': 'log', 'steps': 5, 'initial_lr': 0.0005, 'target_lr': 0.0005}, 'batch_per_device': 1024}",61.25328040122986,0,7,7301.36749888912,1
0.007123923301696778,0.11908233165740967,0.004628133773803711,0.03198406647662727,0.025330305099487305,nan,0.0,0.04899260997772217,0.4787999987602234,1.4265722394943237,-0.4787999987602234,nan,0.0,nan,0.0,nan,0.0,0.45701998472213745,1.4865483529663086,nan,0.0,nan,0.0,60000,1,False,,,8,-1.4265722394943237,09546b9db67640ce8f3fe86e5a89eb51,2019-05-30_14-47-13,1559252833,8.024597406387329,69.27787780761719,6398,steropes,169.229.49.254,"{'starting_lr': 0.0005, 'momentum': 0.95, 'weight_decay': 0.0005, 'steps_per_iteration': None, 'pin': False, 'model_creator': None, 'target_batch_size': 1024, 'model_string': 'resnet18', 'min_batch_size': 512, 'dataset': 'CIFAR', 'placement': None, 'use_nccl': True, 'devices_per_worker': 1, 'primary_resource': 'extra_gpu', 'gpu': False, 'verbose': False, 'lr_config': {'mode': 'log', 'steps': 5, 'initial_lr': 0.0005, 'target_lr': 0.0005}, 'batch_per_device': 1024}",69.27787780761719,0,8,7323.303152806197,1
0.007179474830627442,0.12531766891479493,0.005007791519165039,0.026950023612197564,0.025865387916564942,nan,0.0,0.05664579868316651,0.491599977016449,1.3904791719436647,-0.491599977016449,nan,0.0,nan,0.0,nan,0.0,0.4692399799823761,1.4543141217803954,nan,0.0,nan,0.0,60000,1,False,,,9,-1.3904791719436647,09546b9db67640ce8f3fe86e5a89eb51,2019-05-30_14-48-06,1559252886,8.682878255844116,77.9607560634613,6398,steropes,169.229.49.254,"{'starting_lr': 0.0005, 'momentum': 0.95, 'weight_decay': 0.0005, 'steps_per_iteration': None, 'pin': False, 'model_creator': None, 'target_batch_size': 1024, 'model_string': 'resnet18', 'min_batch_size': 512, 'dataset': 'CIFAR', 'placement': None, 'use_nccl': True, 'devices_per_worker': 1, 'primary_resource': 'extra_gpu', 'gpu': False, 'verbose': False, 'lr_config': {'mode': 'log', 'steps': 5, 'initial_lr': 0.0005, 'target_lr': 0.0005}, 'batch_per_device': 1024}",77.9607560634613,0,9,7185.4419586513095,1
0.008412313461303712,0.12205862998962402,0.004570364952087402,0.033118642106348156,0.02960624694824219,nan,0.0,0.048025774955749514,0.500499963760376,1.365384518814087,-0.500499963760376,nan,0.0,nan,0.0,nan,0.0,0.47775998711586,1.428636767654419,nan,0.0,nan,0.0,60000,1,False,,,10,-1.365384518814087,09546b9db67640ce8f3fe86e5a89eb51,2019-05-30_14-48-15,1559252895,8.839556694030762,86.80031275749207,6398,steropes,169.229.49.254,"{'starting_lr': 0.0005, 'momentum': 0.95, 'weight_decay': 0.0005, 'steps_per_iteration': None, 'pin': False, 'model_creator': None, 'target_batch_size': 1024, 'model_string': 'resnet18', 'min_batch_size': 512, 'dataset': 'CIFAR', 'placement': None, 'use_nccl': True, 'devices_per_worker': 1, 'primary_resource': 'extra_gpu', 'gpu': False, 'verbose': False, 'lr_config': {'mode': 'log', 'steps': 5, 'initial_lr': 0.0005, 'target_lr': 0.0005}, 'batch_per_device': 1024}",86.80031275749207,0,10,7074.563366426775,1
0.0070904970169067385,0.12174384593963623,0.006266546249389648,0.028856861348054846,0.02727382183074951,nan,0.0,0.06474664211273193,0.5059999823570251,1.3425496370315553,-0.5059999823570251,nan,0.0,nan,0.0,nan,0.0,0.4908199906349182,1.398923337173462,nan,0.0,nan,0.0,60000,1,False,,,11,-1.3425496370315553,09546b9db67640ce8f3fe86e5a89eb51,2019-05-30_14-48-24,1559252904,8.51177191734314,95.3120846748352,6398,steropes,169.229.49.254,"{'starting_lr': 0.0005, 'momentum': 0.95, 'weight_decay': 0.0005, 'steps_per_iteration': None, 'pin': False, 'model_creator': None, 'target_batch_size': 1024, 'model_string': 'resnet18', 'min_batch_size': 512, 'dataset': 'CIFAR', 'placement': None, 'use_nccl': True, 'devices_per_worker': 1, 'primary_resource': 'extra_gpu', 'gpu': False, 'verbose': False, 'lr_config': {'mode': 'log', 'steps': 5, 'initial_lr': 0.0005, 'target_lr': 0.0005}, 'batch_per_device': 1024}",95.3120846748352,0,11,7062.263976847421,1
0.00933992862701416,0.12293550968170167,0.004777669906616211,0.025115232078396544,0.025520753860473634,nan,0.0,0.06338324546813964,0.521399974822998,1.3141268871307372,-0.521399974822998,nan,0.0,nan,0.0,nan,0.0,0.4970399737358093,1.3831907455825805,nan,0.0,nan,0.0,60000,1,True,,,12,-1.3141268871307372,09546b9db67640ce8f3fe86e5a89eb51,2019-05-30_14-48-32,1559252912,8.411116361618042,103.72320103645325,6398,steropes,169.229.49.254,"{'starting_lr': 0.0005, 'momentum': 0.95, 'weight_decay': 0.0005, 'steps_per_iteration': None, 'pin': False, 'model_creator': None, 'target_batch_size': 1024, 'model_string': 'resnet18', 'min_batch_size': 512, 'dataset': 'CIFAR', 'placement': None, 'use_nccl': True, 'devices_per_worker': 1, 'primary_resource': 'extra_gpu', 'gpu': False, 'verbose': False, 'lr_config': {'mode': 'log', 'steps': 5, 'initial_lr': 0.0005, 'target_lr': 0.0005}, 'batch_per_device': 1024}",103.72320103645325,0,12,7063.754583767694,1
