{"apply": 0.018300604820251466, "batch_time": 0.04212737988822068, "d2h": 0.0006660223007202148, "data_time": 0.001914744486894144, "fwd": 0.11650216579437256, "get_state_time_mean": NaN, "get_state_time_total": 0.0, "grad": 0.16533408164978028, "mean_accuracy": 0.3321000039577484, "mean_loss": 1.8218398593902587, "neg_mean_accuracy": -0.3321000039577484, "set_state_time_mean": NaN, "set_state_time_total": 0.0, "setup_model_time_mean": 8.222556352615356, "setup_model_time_total": 8.222556352615356, "setup_proc_time_mean": 0.17166399955749512, "setup_proc_time_total": 0.17166399955749512, "train_accuracy": 0.26005998253822327, "train_loss": 2.5444770624542237, "training_time_mean": NaN, "training_time_total": 0.0, "val_accuracy": 0.3321000039577484, "val_loss": 1.8218398593902587, "validation_time_mean": NaN, "validation_time_total": 0.0, "samples": 60000, "num_workers": 1, "done": false, "timesteps_total": null, "episodes_total": null, "training_iteration": 1, "neg_mean_loss": -1.8218398593902587, "experiment_id": "e09062d82d37490cba6411abc118b4c3", "date": "2019-06-03_04-26-29", "timestamp": 1559561189, "time_this_iter_s": 47.19951772689819, "time_total_s": 47.19951772689819, "pid": 5389, "hostname": "steropes", "node_ip": "169.229.49.254", "config": {"starting_lr": 0.005, "momentum": 0.95, "weight_decay": 0.001, "steps_per_iteration": null, "pin": false, "model_creator": null, "target_batch_size": 128, "model_string": "resnet50", "min_batch_size": 128, "dataset": "CIFAR", "placement": null, "use_nccl": true, "devices_per_worker": 1, "primary_resource": "extra_gpu", "gpu": false, "verbose": false, "lr_config": {"mode": "log", "steps": 5, "initial_lr": 0.005, "target_lr": 0.005}, "batch_per_device": 128}, "time_since_restore": 47.19951772689819, "timesteps_since_restore": 0, "iterations_since_restore": 1, "mean_throughput": 1271.1970406673456, "atoms": 1, "setup_time": 8.924531698226929}
{"apply": 0.018132591247558595, "batch_time": 0.032275456416456, "d2h": 0.0006607770919799805, "data_time": 0.0018574917103018603, "fwd": 0.02815678119659424, "get_state_time_mean": NaN, "get_state_time_total": 0.0, "grad": 0.048728013038635255, "mean_accuracy": 0.36820000410079956, "mean_loss": 1.7289797956466675, "neg_mean_accuracy": -0.4043000042438507, "set_state_time_mean": NaN, "set_state_time_total": 0.0, "setup_model_time_mean": NaN, "setup_model_time_total": 0.0, "setup_proc_time_mean": NaN, "setup_proc_time_total": 0.0, "train_accuracy": 0.3552999794483185, "train_loss": 2.0849788078308107, "training_time_mean": NaN, "training_time_total": 0.0, "val_accuracy": 0.4043000042438507, "val_loss": 1.6361197319030762, "validation_time_mean": NaN, "validation_time_total": 0.0, "samples": 60000, "num_workers": 1, "done": false, "timesteps_total": null, "episodes_total": null, "training_iteration": 2, "neg_mean_loss": -1.7289797956466675, "experiment_id": "e09062d82d37490cba6411abc118b4c3", "date": "2019-06-03_04-27-11", "timestamp": 1559561231, "time_this_iter_s": 41.53458118438721, "time_total_s": 88.7340989112854, "pid": 5389, "hostname": "steropes", "node_ip": "169.229.49.254", "config": {"starting_lr": 0.005, "momentum": 0.95, "weight_decay": 0.001, "steps_per_iteration": null, "pin": false, "model_creator": null, "target_batch_size": 128, "model_string": "resnet50", "min_batch_size": 128, "dataset": "CIFAR", "placement": null, "use_nccl": true, "devices_per_worker": 1, "primary_resource": "extra_gpu", "gpu": false, "verbose": false, "lr_config": {"mode": "log", "steps": 5, "initial_lr": 0.005, "target_lr": 0.005}, "batch_per_device": 128}, "time_since_restore": 88.7340989112854, "timesteps_since_restore": 0, "iterations_since_restore": 2, "mean_throughput": 1352.352375668255, "atoms": 1, "setup_time": 8.924531698226929}
{"apply": 0.018211174011230468, "batch_time": 0.03233184693734857, "d2h": 0.0006592273712158203, "data_time": 0.0018244417732024131, "fwd": 0.027976632118225098, "get_state_time_mean": NaN, "get_state_time_total": 0.0, "grad": 0.04906775951385498, "mean_accuracy": 0.3946666618188222, "mean_loss": 1.7714111408233641, "neg_mean_accuracy": -0.44759997725486755, "set_state_time_mean": NaN, "set_state_time_total": 0.0, "setup_model_time_mean": NaN, "setup_model_time_total": 0.0, "setup_proc_time_mean": NaN, "setup_proc_time_total": 0.0, "train_accuracy": 0.38819998502731323, "train_loss": 1.9352240937805176, "training_time_mean": NaN, "training_time_total": 0.0, "val_accuracy": 0.44759997725486755, "val_loss": 1.8562738311767577, "validation_time_mean": NaN, "validation_time_total": 0.0, "samples": 60000, "num_workers": 1, "done": false, "timesteps_total": null, "episodes_total": null, "training_iteration": 3, "neg_mean_loss": -1.7714111408233641, "experiment_id": "e09062d82d37490cba6411abc118b4c3", "date": "2019-06-03_04-27-52", "timestamp": 1559561272, "time_this_iter_s": 41.40644311904907, "time_total_s": 130.14054203033447, "pid": 5389, "hostname": "steropes", "node_ip": "169.229.49.254", "config": {"starting_lr": 0.005, "momentum": 0.95, "weight_decay": 0.001, "steps_per_iteration": null, "pin": false, "model_creator": null, "target_batch_size": 128, "model_string": "resnet50", "min_batch_size": 128, "dataset": "CIFAR", "placement": null, "use_nccl": true, "devices_per_worker": 1, "primary_resource": "extra_gpu", "gpu": false, "verbose": false, "lr_config": {"mode": "log", "steps": 5, "initial_lr": 0.005, "target_lr": 0.005}, "batch_per_device": 128}, "time_since_restore": 130.14054203033447, "timesteps_since_restore": 0, "iterations_since_restore": 3, "mean_throughput": 1383.116348576322, "atoms": 1, "setup_time": 8.924531698226929}
{"apply": 0.018712234497070313, "batch_time": 0.03229912021492101, "d2h": 0.000649714469909668, "data_time": 0.0018639698662721287, "fwd": 0.028132534027099608, "get_state_time_mean": NaN, "get_state_time_total": 0.0, "grad": 0.049919962882995605, "mean_accuracy": 0.4029499962925911, "mean_loss": 1.7191342725753782, "neg_mean_accuracy": -0.4277999997138977, "set_state_time_mean": NaN, "set_state_time_total": 0.0, "setup_model_time_mean": NaN, "setup_model_time_total": 0.0, "setup_proc_time_mean": NaN, "setup_proc_time_total": 0.0, "train_accuracy": 0.42671999335289, "train_loss": 1.7623404261016846, "training_time_mean": NaN, "training_time_total": 0.0, "val_accuracy": 0.4277999997138977, "val_loss": 1.5623036678314208, "validation_time_mean": NaN, "validation_time_total": 0.0, "samples": 60000, "num_workers": 1, "done": false, "timesteps_total": null, "episodes_total": null, "training_iteration": 4, "neg_mean_loss": -1.7191342725753782, "experiment_id": "e09062d82d37490cba6411abc118b4c3", "date": "2019-06-03_04-28-33", "timestamp": 1559561313, "time_this_iter_s": 41.40878105163574, "time_total_s": 171.54932308197021, "pid": 5389, "hostname": "steropes", "node_ip": "169.229.49.254", "config": {"starting_lr": 0.005, "momentum": 0.95, "weight_decay": 0.001, "steps_per_iteration": null, "pin": false, "model_creator": null, "target_batch_size": 128, "model_string": "resnet50", "min_batch_size": 128, "dataset": "CIFAR", "placement": null, "use_nccl": true, "devices_per_worker": 1, "primary_resource": "extra_gpu", "gpu": false, "verbose": false, "lr_config": {"mode": "log", "steps": 5, "initial_lr": 0.005, "target_lr": 0.005}, "batch_per_device": 128}, "time_since_restore": 171.54932308197021, "timesteps_since_restore": 0, "iterations_since_restore": 4, "mean_throughput": 1399.0109858208805, "atoms": 1, "setup_time": 8.924531698226929}
{"apply": 0.018267083168029784, "batch_time": 0.0323330118686338, "d2h": 0.0006708860397338867, "data_time": 0.0018980728695764566, "fwd": 0.02843520641326904, "get_state_time_mean": NaN, "get_state_time_total": 0.0, "grad": 0.04832844734191895, "mean_accuracy": 0.4227799952030182, "mean_loss": 1.8480349880981444, "neg_mean_accuracy": -0.5020999908447266, "set_state_time_mean": NaN, "set_state_time_total": 0.0, "setup_model_time_mean": NaN, "setup_model_time_total": 0.0, "setup_proc_time_mean": NaN, "setup_proc_time_total": 0.0, "train_accuracy": 0.4548199772834778, "train_loss": 1.6088642626953125, "training_time_mean": NaN, "training_time_total": 0.0, "val_accuracy": 0.5020999908447266, "val_loss": 2.363637850189209, "validation_time_mean": NaN, "validation_time_total": 0.0, "samples": 60000, "num_workers": 1, "done": false, "timesteps_total": null, "episodes_total": null, "training_iteration": 5, "neg_mean_loss": -1.8480349880981444, "experiment_id": "e09062d82d37490cba6411abc118b4c3", "date": "2019-06-03_04-29-15", "timestamp": 1559561355, "time_this_iter_s": 41.46182179450989, "time_total_s": 213.0111448764801, "pid": 5389, "hostname": "steropes", "node_ip": "169.229.49.254", "config": {"starting_lr": 0.005, "momentum": 0.95, "weight_decay": 0.001, "steps_per_iteration": null, "pin": false, "model_creator": null, "target_batch_size": 128, "model_string": "resnet50", "min_batch_size": 128, "dataset": "CIFAR", "placement": null, "use_nccl": true, "devices_per_worker": 1, "primary_resource": "extra_gpu", "gpu": false, "verbose": false, "lr_config": {"mode": "log", "steps": 5, "initial_lr": 0.005, "target_lr": 0.005}, "batch_per_device": 128}, "time_since_restore": 213.0111448764801, "timesteps_since_restore": 0, "iterations_since_restore": 5, "mean_throughput": 1408.373603534025, "atoms": 1, "setup_time": 8.924531698226929}
{"apply": 0.01818530559539795, "batch_time": 0.03221102304096463, "d2h": 0.0006740331649780273, "data_time": 0.0018944459802964155, "fwd": 0.02819983959197998, "get_state_time_mean": NaN, "get_state_time_total": 0.0, "grad": 0.04909913539886475, "mean_accuracy": 0.4625799894332886, "mean_loss": 1.8011912673950197, "neg_mean_accuracy": -0.5310999751091003, "set_state_time_mean": NaN, "set_state_time_total": 0.0, "setup_model_time_mean": NaN, "setup_model_time_total": 0.0, "setup_proc_time_mean": NaN, "setup_proc_time_total": 0.0, "train_accuracy": 0.48871999979019165, "train_loss": 1.4994592835998535, "training_time_mean": NaN, "training_time_total": 0.0, "val_accuracy": 0.5310999751091003, "val_loss": 1.5876212558746339, "validation_time_mean": NaN, "validation_time_total": 0.0, "samples": 60000, "num_workers": 1, "done": false, "timesteps_total": null, "episodes_total": null, "training_iteration": 6, "neg_mean_loss": -1.8011912673950197, "experiment_id": "e09062d82d37490cba6411abc118b4c3", "date": "2019-06-03_04-29-56", "timestamp": 1559561396, "time_this_iter_s": 41.36294388771057, "time_total_s": 254.37408876419067, "pid": 5389, "hostname": "steropes", "node_ip": "169.229.49.254", "config": {"starting_lr": 0.005, "momentum": 0.95, "weight_decay": 0.001, "steps_per_iteration": null, "pin": false, "model_creator": null, "target_batch_size": 128, "model_string": "resnet50", "min_batch_size": 128, "dataset": "CIFAR", "placement": null, "use_nccl": true, "devices_per_worker": 1, "primary_resource": "extra_gpu", "gpu": false, "verbose": false, "lr_config": {"mode": "log", "steps": 5, "initial_lr": 0.005, "target_lr": 0.005}, "batch_per_device": 128}, "time_since_restore": 254.37408876419067, "timesteps_since_restore": 0, "iterations_since_restore": 6, "mean_throughput": 1448.050603221615, "atoms": 1, "setup_time": 8.924531698226929}
{"apply": 0.018073058128356932, "batch_time": 0.03211717062358615, "d2h": 0.0006889104843139648, "data_time": 0.0018379554114378322, "fwd": 0.029352593421936034, "get_state_time_mean": NaN, "get_state_time_total": 0.0, "grad": 0.04932780265808105, "mean_accuracy": 0.4921599805355072, "mean_loss": 1.8974936871337893, "neg_mean_accuracy": -0.5521999597549438, "set_state_time_mean": NaN, "set_state_time_total": 0.0, "setup_model_time_mean": NaN, "setup_model_time_total": 0.0, "setup_proc_time_mean": NaN, "setup_proc_time_total": 0.0, "train_accuracy": 0.5153200030326843, "train_loss": 1.3915139044189453, "training_time_mean": NaN, "training_time_total": 0.0, "val_accuracy": 0.5521999597549438, "val_loss": 2.117631830596924, "validation_time_mean": NaN, "validation_time_total": 0.0, "samples": 60000, "num_workers": 1, "done": false, "timesteps_total": null, "episodes_total": null, "training_iteration": 7, "neg_mean_loss": -1.8974936871337893, "experiment_id": "e09062d82d37490cba6411abc118b4c3", "date": "2019-06-03_04-30-37", "timestamp": 1559561437, "time_this_iter_s": 41.247681617736816, "time_total_s": 295.6217703819275, "pid": 5389, "hostname": "steropes", "node_ip": "169.229.49.254", "config": {"starting_lr": 0.005, "momentum": 0.95, "weight_decay": 0.001, "steps_per_iteration": null, "pin": false, "model_creator": null, "target_batch_size": 128, "model_string": "resnet50", "min_batch_size": 128, "dataset": "CIFAR", "placement": null, "use_nccl": true, "devices_per_worker": 1, "primary_resource": "extra_gpu", "gpu": false, "verbose": false, "lr_config": {"mode": "log", "steps": 5, "initial_lr": 0.005, "target_lr": 0.005}, "batch_per_device": 128}, "time_since_restore": 295.6217703819275, "timesteps_since_restore": 0, "iterations_since_restore": 7, "mean_throughput": 1450.0586740850326, "atoms": 1, "setup_time": 8.924531698226929}
{"apply": 0.019778966903686523, "batch_time": 0.03225294245949274, "d2h": 0.0006571531295776368, "data_time": 0.0018465336021559928, "fwd": 0.029147768020629884, "get_state_time_mean": NaN, "get_state_time_total": 0.0, "grad": 0.04878087043762207, "mean_accuracy": 0.51211998462677, "mean_loss": 1.8896286007308958, "neg_mean_accuracy": -0.5473999977111816, "set_state_time_mean": NaN, "set_state_time_total": 0.0, "setup_model_time_mean": NaN, "setup_model_time_total": 0.0, "setup_proc_time_mean": NaN, "setup_proc_time_total": 0.0, "train_accuracy": 0.5387399792671204, "train_loss": 1.3552112609481812, "training_time_mean": NaN, "training_time_total": 0.0, "val_accuracy": 0.5473999977111816, "val_loss": 1.8169483991622926, "validation_time_mean": NaN, "validation_time_total": 0.0, "samples": 60000, "num_workers": 1, "done": false, "timesteps_total": null, "episodes_total": null, "training_iteration": 8, "neg_mean_loss": -1.8896286007308958, "experiment_id": "e09062d82d37490cba6411abc118b4c3", "date": "2019-06-03_04-31-19", "timestamp": 1559561479, "time_this_iter_s": 41.47421336174011, "time_total_s": 337.0959837436676, "pid": 5389, "hostname": "steropes", "node_ip": "169.229.49.254", "config": {"starting_lr": 0.005, "momentum": 0.95, "weight_decay": 0.001, "steps_per_iteration": null, "pin": false, "model_creator": null, "target_batch_size": 128, "model_string": "resnet50", "min_batch_size": 128, "dataset": "CIFAR", "placement": null, "use_nccl": true, "devices_per_worker": 1, "primary_resource": "extra_gpu", "gpu": false, "verbose": false, "lr_config": {"mode": "log", "steps": 5, "initial_lr": 0.005, "target_lr": 0.005}, "batch_per_device": 128}, "time_since_restore": 337.0959837436676, "timesteps_since_restore": 0, "iterations_since_restore": 8, "mean_throughput": 1449.5845578302499, "atoms": 1, "setup_time": 8.924531698226929}
{"apply": 0.017985105514526367, "batch_time": 0.032262352448475515, "d2h": 0.0006440162658691406, "data_time": 0.0018689632415771484, "fwd": 0.029267358779907226, "get_state_time_mean": NaN, "get_state_time_total": 0.0, "grad": 0.04832234382629395, "mean_accuracy": 0.5394599795341491, "mean_loss": 2.077276156311035, "neg_mean_accuracy": -0.5644999742507935, "set_state_time_mean": NaN, "set_state_time_total": 0.0, "setup_model_time_mean": NaN, "setup_model_time_total": 0.0, "setup_proc_time_mean": NaN, "setup_proc_time_total": 0.0, "train_accuracy": 0.5521599650382996, "train_loss": 1.3272156464385987, "training_time_mean": NaN, "training_time_total": 0.0, "val_accuracy": 0.5644999742507935, "val_loss": 2.5005414457321167, "validation_time_mean": NaN, "validation_time_total": 0.0, "samples": 60000, "num_workers": 1, "done": false, "timesteps_total": null, "episodes_total": null, "training_iteration": 9, "neg_mean_loss": -2.077276156311035, "experiment_id": "e09062d82d37490cba6411abc118b4c3", "date": "2019-06-03_04-32-00", "timestamp": 1559561520, "time_this_iter_s": 41.384230852127075, "time_total_s": 378.4802145957947, "pid": 5389, "hostname": "steropes", "node_ip": "169.229.49.254", "config": {"starting_lr": 0.005, "momentum": 0.95, "weight_decay": 0.001, "steps_per_iteration": null, "pin": false, "model_creator": null, "target_batch_size": 128, "model_string": "resnet50", "min_batch_size": 128, "dataset": "CIFAR", "placement": null, "use_nccl": true, "devices_per_worker": 1, "primary_resource": "extra_gpu", "gpu": false, "verbose": false, "lr_config": {"mode": "log", "steps": 5, "initial_lr": 0.005, "target_lr": 0.005}, "batch_per_device": 128}, "time_since_restore": 378.4802145957947, "timesteps_since_restore": 0, "iterations_since_restore": 9, "mean_throughput": 1449.7565690418137, "atoms": 1, "setup_time": 8.924531698226929}
{"apply": 0.01839303970336914, "batch_time": 0.0322386946859239, "d2h": 0.0006525039672851563, "data_time": 0.0018639845006606158, "fwd": 0.028314661979675294, "get_state_time_mean": NaN, "get_state_time_total": 0.0, "grad": 0.05102512836456299, "mean_accuracy": 0.5275799810886384, "mean_loss": 1.9245162044906614, "neg_mean_accuracy": -0.44269999861717224, "set_state_time_mean": NaN, "set_state_time_total": 0.0, "setup_model_time_mean": NaN, "setup_model_time_total": 0.0, "setup_proc_time_mean": NaN, "setup_proc_time_total": 0.0, "train_accuracy": 0.47336000204086304, "train_loss": 1.5095485946655274, "training_time_mean": NaN, "training_time_total": 0.0, "val_accuracy": 0.44269999861717224, "val_loss": 1.5998380910873413, "validation_time_mean": NaN, "validation_time_total": 0.0, "samples": 60000, "num_workers": 1, "done": false, "timesteps_total": null, "episodes_total": null, "training_iteration": 10, "neg_mean_loss": -1.9245162044906614, "experiment_id": "e09062d82d37490cba6411abc118b4c3", "date": "2019-06-03_04-32-42", "timestamp": 1559561562, "time_this_iter_s": 41.438076972961426, "time_total_s": 419.9182915687561, "pid": 5389, "hostname": "steropes", "node_ip": "169.229.49.254", "config": {"starting_lr": 0.005, "momentum": 0.95, "weight_decay": 0.001, "steps_per_iteration": null, "pin": false, "model_creator": null, "target_batch_size": 128, "model_string": "resnet50", "min_batch_size": 128, "dataset": "CIFAR", "placement": null, "use_nccl": true, "devices_per_worker": 1, "primary_resource": "extra_gpu", "gpu": false, "verbose": false, "lr_config": {"mode": "log", "steps": 5, "initial_lr": 0.005, "target_lr": 0.005}, "batch_per_device": 128}, "time_since_restore": 419.9182915687561, "timesteps_since_restore": 0, "iterations_since_restore": 10, "mean_throughput": 1449.922910471642, "atoms": 1, "setup_time": 8.924531698226929}
{"apply": 0.018284058570861815, "batch_time": 0.032205542431601994, "d2h": 0.0006659984588623047, "data_time": 0.001883334820837621, "fwd": 0.02840602397918701, "get_state_time_mean": NaN, "get_state_time_total": 0.0, "grad": 0.04876828193664551, "mean_accuracy": 0.525959986448288, "mean_loss": 1.8770824683761596, "neg_mean_accuracy": -0.5230000019073486, "set_state_time_mean": NaN, "set_state_time_total": 0.0, "setup_model_time_mean": NaN, "setup_model_time_total": 0.0, "setup_proc_time_mean": NaN, "setup_proc_time_total": 0.0, "train_accuracy": 0.4656199812889099, "train_loss": 1.5206920386505127, "training_time_mean": NaN, "training_time_total": 0.0, "val_accuracy": 0.5230000019073486, "val_loss": 1.350452575302124, "validation_time_mean": NaN, "validation_time_total": 0.0, "samples": 60000, "num_workers": 1, "done": false, "timesteps_total": null, "episodes_total": null, "training_iteration": 11, "neg_mean_loss": -1.8770824683761596, "experiment_id": "e09062d82d37490cba6411abc118b4c3", "date": "2019-06-03_04-33-23", "timestamp": 1559561603, "time_this_iter_s": 41.46381235122681, "time_total_s": 461.3821039199829, "pid": 5389, "hostname": "steropes", "node_ip": "169.229.49.254", "config": {"starting_lr": 0.005, "momentum": 0.95, "weight_decay": 0.001, "steps_per_iteration": null, "pin": false, "model_creator": null, "target_batch_size": 128, "model_string": "resnet50", "min_batch_size": 128, "dataset": "CIFAR", "placement": null, "use_nccl": true, "devices_per_worker": 1, "primary_resource": "extra_gpu", "gpu": false, "verbose": false, "lr_config": {"mode": "log", "steps": 5, "initial_lr": 0.005, "target_lr": 0.005}, "batch_per_device": 128}, "time_since_restore": 461.3821039199829, "timesteps_since_restore": 0, "iterations_since_restore": 11, "mean_throughput": 1449.2164219277208, "atoms": 1, "setup_time": 8.924531698226929}
{"apply": 0.01825978755950928, "batch_time": 0.03199615659593027, "d2h": 0.0006602764129638672, "data_time": 0.0018654558664697514, "fwd": 0.02838146686553955, "get_state_time_mean": NaN, "get_state_time_total": 0.0, "grad": 0.04865384101867676, "mean_accuracy": 0.5158199965953827, "mean_loss": 1.7471044367599486, "neg_mean_accuracy": -0.5015000104904175, "set_state_time_mean": NaN, "set_state_time_total": 0.0, "setup_model_time_mean": NaN, "setup_model_time_total": 0.0, "setup_proc_time_mean": NaN, "setup_proc_time_total": 0.0, "train_accuracy": 0.47255998849868774, "train_loss": 1.5195300749969483, "training_time_mean": NaN, "training_time_total": 0.0, "val_accuracy": 0.5015000104904175, "val_loss": 1.4677416725158692, "validation_time_mean": NaN, "validation_time_total": 0.0, "samples": 60000, "num_workers": 1, "done": true, "timesteps_total": null, "episodes_total": null, "training_iteration": 12, "neg_mean_loss": -1.7471044367599486, "experiment_id": "e09062d82d37490cba6411abc118b4c3", "date": "2019-06-03_04-34-05", "timestamp": 1559561645, "time_this_iter_s": 41.40907955169678, "time_total_s": 502.7911834716797, "pid": 5389, "hostname": "steropes", "node_ip": "169.229.49.254", "config": {"starting_lr": 0.005, "momentum": 0.95, "weight_decay": 0.001, "steps_per_iteration": null, "pin": false, "model_creator": null, "target_batch_size": 128, "model_string": "resnet50", "min_batch_size": 128, "dataset": "CIFAR", "placement": null, "use_nccl": true, "devices_per_worker": 1, "primary_resource": "extra_gpu", "gpu": false, "verbose": false, "lr_config": {"mode": "log", "steps": 5, "initial_lr": 0.005, "target_lr": 0.005}, "batch_per_device": 128}, "time_since_restore": 502.7911834716797, "timesteps_since_restore": 0, "iterations_since_restore": 12, "mean_throughput": 1448.087432197087, "atoms": 1, "setup_time": 8.924531698226929}
