{"apply": 0.01871922016143799, "batch_time": 0.04183462601673754, "d2h": 0.000715327262878418, "data_time": 0.0019745668181982796, "fwd": 0.1167454719543457, "get_state_time_mean": NaN, "get_state_time_total": 0.0, "grad": 0.16580331325531006, "mean_accuracy": 0.16089999675750732, "mean_loss": 2.1622459812164307, "neg_mean_accuracy": -0.16089999675750732, "set_state_time_mean": NaN, "set_state_time_total": 0.0, "setup_model_time_mean": 8.352412939071655, "setup_model_time_total": 8.352412939071655, "setup_proc_time_mean": 0.16965675354003906, "setup_proc_time_total": 0.16965675354003906, "train_accuracy": 0.1183599978685379, "train_loss": 4.545896729736328, "training_time_mean": NaN, "training_time_total": 0.0, "val_accuracy": 0.16089999675750732, "val_loss": 2.1622459812164307, "validation_time_mean": NaN, "validation_time_total": 0.0, "samples": 60000, "num_workers": 1, "done": false, "timesteps_total": null, "episodes_total": null, "training_iteration": 1, "neg_mean_loss": -2.1622459812164307, "experiment_id": "8a7791d923de4be0bf30eccb995a2555", "date": "2019-06-06_13-28-04", "timestamp": 1559852884, "time_this_iter_s": 46.96451544761658, "time_total_s": 46.96451544761658, "pid": 24810, "hostname": "steropes", "node_ip": "169.229.49.254", "config": {"starting_lr": 0.5, "momentum": 0.95, "weight_decay": 0.001, "steps_per_iteration": null, "pin": false, "model_creator": null, "target_batch_size": 128, "model_string": "resnet50", "min_batch_size": 128, "dataset": "CIFAR", "placement": null, "use_nccl": true, "devices_per_worker": 1, "primary_resource": "extra_gpu", "gpu": false, "verbose": false, "lr_config": {"mode": "log", "steps": 5, "initial_lr": 0.5, "target_lr": 0.5}, "batch_per_device": 128}, "time_since_restore": 46.96451544761658, "timesteps_since_restore": 0, "iterations_since_restore": 1, "mean_throughput": 1277.5578389725008, "atoms": 1, "setup_time": 8.832611083984375}
{"apply": 0.019759583473205566, "batch_time": 0.032196989542321315, "d2h": 0.0007825851440429688, "data_time": 0.0018885483217361333, "fwd": 0.028293633460998537, "get_state_time_mean": NaN, "get_state_time_total": 0.0, "grad": 0.04868350028991699, "mean_accuracy": 0.14514999836683273, "mean_loss": 2.4665199001312255, "neg_mean_accuracy": -0.12939999997615814, "set_state_time_mean": NaN, "set_state_time_total": 0.0, "setup_model_time_mean": NaN, "setup_model_time_total": 0.0, "setup_proc_time_mean": NaN, "setup_proc_time_total": 0.0, "train_accuracy": 0.1750599890947342, "train_loss": 2.2016486181640627, "training_time_mean": NaN, "training_time_total": 0.0, "val_accuracy": 0.12939999997615814, "val_loss": 2.7707938190460206, "validation_time_mean": NaN, "validation_time_total": 0.0, "samples": 60000, "num_workers": 1, "done": false, "timesteps_total": null, "episodes_total": null, "training_iteration": 2, "neg_mean_loss": -2.4665199001312255, "experiment_id": "8a7791d923de4be0bf30eccb995a2555", "date": "2019-06-06_13-28-46", "timestamp": 1559852926, "time_this_iter_s": 41.15592837333679, "time_total_s": 88.12044382095337, "pid": 24810, "hostname": "steropes", "node_ip": "169.229.49.254", "config": {"starting_lr": 0.5, "momentum": 0.95, "weight_decay": 0.001, "steps_per_iteration": null, "pin": false, "model_creator": null, "target_batch_size": 128, "model_string": "resnet50", "min_batch_size": 128, "dataset": "CIFAR", "placement": null, "use_nccl": true, "devices_per_worker": 1, "primary_resource": "extra_gpu", "gpu": false, "verbose": false, "lr_config": {"mode": "log", "steps": 5, "initial_lr": 0.5, "target_lr": 0.5}, "batch_per_device": 128}, "time_since_restore": 88.12044382095337, "timesteps_since_restore": 0, "iterations_since_restore": 2, "mean_throughput": 1361.769913489804, "atoms": 1, "setup_time": 8.832611083984375}
{"apply": 0.01854362487792969, "batch_time": 0.031977110271212424, "d2h": 0.0006744384765625, "data_time": 0.0018692370265950937, "fwd": 0.027643513679504395, "get_state_time_mean": NaN, "get_state_time_total": 0.0, "grad": 0.048137474060058597, "mean_accuracy": 0.12796666473150253, "mean_loss": 2.449853008524577, "neg_mean_accuracy": -0.09359999746084213, "set_state_time_mean": NaN, "set_state_time_total": 0.0, "setup_model_time_mean": NaN, "setup_model_time_total": 0.0, "setup_proc_time_mean": NaN, "setup_proc_time_total": 0.0, "train_accuracy": 0.1393200010061264, "train_loss": 39.084650453414916, "training_time_mean": NaN, "training_time_total": 0.0, "val_accuracy": 0.09359999746084213, "val_loss": 2.4165192253112795, "validation_time_mean": NaN, "validation_time_total": 0.0, "samples": 60000, "num_workers": 1, "done": true, "timesteps_total": null, "episodes_total": null, "training_iteration": 3, "neg_mean_loss": -2.449853008524577, "experiment_id": "8a7791d923de4be0bf30eccb995a2555", "date": "2019-06-06_13-29-27", "timestamp": 1559852967, "time_this_iter_s": 41.020095109939575, "time_total_s": 129.14053893089294, "pid": 24810, "hostname": "steropes", "node_ip": "169.229.49.254", "config": {"starting_lr": 0.5, "momentum": 0.95, "weight_decay": 0.001, "steps_per_iteration": null, "pin": false, "model_creator": null, "target_batch_size": 128, "model_string": "resnet50", "min_batch_size": 128, "dataset": "CIFAR", "placement": null, "use_nccl": true, "devices_per_worker": 1, "primary_resource": "extra_gpu", "gpu": false, "verbose": false, "lr_config": {"mode": "log", "steps": 5, "initial_lr": 0.5, "target_lr": 0.5}, "batch_per_device": 128}, "time_since_restore": 129.14053893089294, "timesteps_since_restore": 0, "iterations_since_restore": 3, "mean_throughput": 1393.8254176648175, "atoms": 1, "setup_time": 8.832611083984375}
