{"apply": 0.017348241806030274, "batch_time": 0.041436617887472806, "d2h": 0.000719904899597168, "data_time": 0.0018559136354100063, "fwd": 0.17423858642578124, "get_state_time_mean": NaN, "get_state_time_total": 0.0, "grad": 0.2889185190200806, "mean_accuracy": 0.10159999877214432, "mean_loss": 9542.669524400711, "neg_mean_accuracy": -0.10159999877214432, "set_state_time_mean": NaN, "set_state_time_total": 0.0, "setup_model_time_mean": 21.771154165267944, "setup_model_time_total": 21.771154165267944, "setup_proc_time_mean": 1.8337695598602295, "setup_proc_time_total": 1.8337695598602295, "train_accuracy": 0.10181999951601028, "train_loss": 6.384865951538086, "training_time_mean": NaN, "training_time_total": 0.0, "val_accuracy": 0.10159999877214432, "val_loss": 9542.669524400711, "validation_time_mean": NaN, "validation_time_total": 0.0, "samples": 60000, "num_workers": 1, "done": false, "timesteps_total": null, "episodes_total": null, "training_iteration": 1, "neg_mean_loss": -9542.669524400711, "experiment_id": "fb1758bd24bf49afbdfddce2b0befb2f", "date": "2019-06-03_03-35-01", "timestamp": 1559558101, "time_this_iter_s": 49.15632438659668, "time_total_s": 49.15632438659668, "pid": 13427, "hostname": "steropes", "node_ip": "169.229.49.254", "config": {"starting_lr": 0.05, "momentum": 0.997, "weight_decay": 0.0001, "steps_per_iteration": null, "pin": false, "model_creator": null, "target_batch_size": 128, "model_string": "resnet50", "min_batch_size": 128, "dataset": "CIFAR", "placement": null, "use_nccl": true, "devices_per_worker": 1, "primary_resource": "extra_gpu", "gpu": false, "verbose": false, "lr_config": {"mode": "log", "steps": 5, "initial_lr": 0.05, "target_lr": 0.05}, "batch_per_device": 128}, "time_since_restore": 49.15632438659668, "timesteps_since_restore": 0, "iterations_since_restore": 1, "mean_throughput": 1220.5932980490838, "atoms": 1, "setup_time": 23.702559232711792}
{"apply": 0.017261672019958495, "batch_time": 0.0312522815752633, "d2h": 0.000680232048034668, "data_time": 0.0017739939872566087, "fwd": 0.02740025520324707, "get_state_time_mean": NaN, "get_state_time_total": 0.0, "grad": 0.0489997386932373, "mean_accuracy": 0.10129999741911888, "mean_loss": 4772.51125293274, "neg_mean_accuracy": -0.10099999606609344, "set_state_time_mean": NaN, "set_state_time_total": 0.0, "setup_model_time_mean": NaN, "setup_model_time_total": 0.0, "setup_proc_time_mean": NaN, "setup_proc_time_total": 0.0, "train_accuracy": 0.10511999577283859, "train_loss": 2.614280674057007, "training_time_mean": NaN, "training_time_total": 0.0, "val_accuracy": 0.10099999606609344, "val_loss": 2.352981464767456, "validation_time_mean": NaN, "validation_time_total": 0.0, "samples": 60000, "num_workers": 1, "done": false, "timesteps_total": null, "episodes_total": null, "training_iteration": 2, "neg_mean_loss": -4772.51125293274, "experiment_id": "fb1758bd24bf49afbdfddce2b0befb2f", "date": "2019-06-03_03-35-42", "timestamp": 1559558142, "time_this_iter_s": 40.845637798309326, "time_total_s": 90.001962184906, "pid": 13427, "hostname": "steropes", "node_ip": "169.229.49.254", "config": {"starting_lr": 0.05, "momentum": 0.997, "weight_decay": 0.0001, "steps_per_iteration": null, "pin": false, "model_creator": null, "target_batch_size": 128, "model_string": "resnet50", "min_batch_size": 128, "dataset": "CIFAR", "placement": null, "use_nccl": true, "devices_per_worker": 1, "primary_resource": "extra_gpu", "gpu": false, "verbose": false, "lr_config": {"mode": "log", "steps": 5, "initial_lr": 0.05, "target_lr": 0.05}, "batch_per_device": 128}, "time_since_restore": 90.001962184906, "timesteps_since_restore": 0, "iterations_since_restore": 2, "mean_throughput": 1333.3016155865246, "atoms": 1, "setup_time": 23.702559232711792}
{"apply": 0.01725630760192871, "batch_time": 0.032061591933045204, "d2h": 0.0006395339965820313, "data_time": 0.0017513692226556255, "fwd": 0.027627944946289062, "get_state_time_mean": NaN, "get_state_time_total": 0.0, "grad": 0.0478919506072998, "mean_accuracy": 0.1006999984383583, "mean_loss": 3182.4984667798362, "neg_mean_accuracy": -0.09950000047683716, "set_state_time_mean": NaN, "set_state_time_total": 0.0, "setup_model_time_mean": NaN, "setup_model_time_total": 0.0, "setup_proc_time_mean": NaN, "setup_proc_time_total": 0.0, "train_accuracy": 0.09984000027179718, "train_loss": 2.399033914337158, "training_time_mean": NaN, "training_time_total": 0.0, "val_accuracy": 0.09950000047683716, "val_loss": 2.472894474029541, "validation_time_mean": NaN, "validation_time_total": 0.0, "samples": 60000, "num_workers": 1, "done": true, "timesteps_total": null, "episodes_total": null, "training_iteration": 3, "neg_mean_loss": -3182.4984667798362, "experiment_id": "fb1758bd24bf49afbdfddce2b0befb2f", "date": "2019-06-03_03-36-23", "timestamp": 1559558183, "time_this_iter_s": 40.83047366142273, "time_total_s": 130.83243584632874, "pid": 13427, "hostname": "steropes", "node_ip": "169.229.49.254", "config": {"starting_lr": 0.05, "momentum": 0.997, "weight_decay": 0.0001, "steps_per_iteration": null, "pin": false, "model_creator": null, "target_batch_size": 128, "model_string": "resnet50", "min_batch_size": 128, "dataset": "CIFAR", "placement": null, "use_nccl": true, "devices_per_worker": 1, "primary_resource": "extra_gpu", "gpu": false, "verbose": false, "lr_config": {"mode": "log", "steps": 5, "initial_lr": 0.05, "target_lr": 0.05}, "batch_per_device": 128}, "time_since_restore": 130.83243584632874, "timesteps_since_restore": 0, "iterations_since_restore": 3, "mean_throughput": 1375.8028932900932, "atoms": 1, "setup_time": 23.702559232711792}
