{"apply": 0.017626309394836427, "batch_time": 0.04311595687383338, "d2h": 0.000743865966796875, "data_time": 0.0019364094795168514, "fwd": 0.11964609622955322, "get_state_time_mean": NaN, "get_state_time_total": 0.0, "grad": 0.16854548454284668, "mean_accuracy": 0.13239999115467072, "mean_loss": 2.3564970355987547, "neg_mean_accuracy": -0.13239999115467072, "set_state_time_mean": NaN, "set_state_time_total": 0.0, "setup_model_time_mean": 9.778796672821045, "setup_model_time_total": 9.778796672821045, "setup_proc_time_mean": 0.22308087348937988, "setup_proc_time_total": 0.22308087348937988, "train_accuracy": 0.11629999428987503, "train_loss": 2.74576845413208, "training_time_mean": NaN, "training_time_total": 0.0, "val_accuracy": 0.13239999115467072, "val_loss": 2.3564970355987547, "validation_time_mean": NaN, "validation_time_total": 0.0, "samples": 60000, "num_workers": 1, "done": false, "timesteps_total": null, "episodes_total": null, "training_iteration": 1, "neg_mean_loss": -2.3564970355987547, "experiment_id": "7d26404e51fd400396fc7bd26009941e", "date": "2019-06-03_04-15-39", "timestamp": 1559560539, "time_this_iter_s": 46.957009077072144, "time_total_s": 46.957009077072144, "pid": 25831, "hostname": "steropes", "node_ip": "169.229.49.254", "config": {"starting_lr": 0.0001, "momentum": 0.9, "weight_decay": 0.0005, "steps_per_iteration": null, "pin": false, "model_creator": null, "target_batch_size": 128, "model_string": "resnet50", "min_batch_size": 128, "dataset": "CIFAR", "placement": null, "use_nccl": true, "devices_per_worker": 1, "primary_resource": "extra_gpu", "gpu": false, "verbose": false, "lr_config": {"mode": "log", "steps": 5, "initial_lr": 0.0001, "target_lr": 0.0001}, "batch_per_device": 128}, "time_since_restore": 46.957009077072144, "timesteps_since_restore": 0, "iterations_since_restore": 1, "mean_throughput": 1277.7622198671684, "atoms": 1, "setup_time": 10.10018014907837}
{"apply": 0.01769263744354248, "batch_time": 0.03215193144882782, "d2h": 0.0007789134979248047, "data_time": 0.0018533331049067894, "fwd": 0.02823789119720459, "get_state_time_mean": NaN, "get_state_time_total": 0.0, "grad": 0.04858167171478271, "mean_accuracy": 0.15104999393224716, "mean_loss": 2.303050064277649, "neg_mean_accuracy": -0.1696999967098236, "set_state_time_mean": NaN, "set_state_time_total": 0.0, "setup_model_time_mean": NaN, "setup_model_time_total": 0.0, "setup_proc_time_mean": NaN, "setup_proc_time_total": 0.0, "train_accuracy": 0.15070000290870667, "train_loss": 2.3129552684783934, "training_time_mean": NaN, "training_time_total": 0.0, "val_accuracy": 0.1696999967098236, "val_loss": 2.249603092956543, "validation_time_mean": NaN, "validation_time_total": 0.0, "samples": 60000, "num_workers": 1, "done": false, "timesteps_total": null, "episodes_total": null, "training_iteration": 2, "neg_mean_loss": -2.303050064277649, "experiment_id": "7d26404e51fd400396fc7bd26009941e", "date": "2019-06-03_04-16-20", "timestamp": 1559560580, "time_this_iter_s": 41.37478446960449, "time_total_s": 88.33179354667664, "pid": 25831, "hostname": "steropes", "node_ip": "169.229.49.254", "config": {"starting_lr": 0.0001, "momentum": 0.9, "weight_decay": 0.0005, "steps_per_iteration": null, "pin": false, "model_creator": null, "target_batch_size": 128, "model_string": "resnet50", "min_batch_size": 128, "dataset": "CIFAR", "placement": null, "use_nccl": true, "devices_per_worker": 1, "primary_resource": "extra_gpu", "gpu": false, "verbose": false, "lr_config": {"mode": "log", "steps": 5, "initial_lr": 0.0001, "target_lr": 0.0001}, "batch_per_device": 128}, "time_since_restore": 88.33179354667664, "timesteps_since_restore": 0, "iterations_since_restore": 2, "mean_throughput": 1358.5116436196222, "atoms": 1, "setup_time": 10.10018014907837}
{"apply": 0.018069767951965333, "batch_time": 0.03324840340433242, "d2h": 0.000814366340637207, "data_time": 0.0018454366327856507, "fwd": 0.02869846820831299, "get_state_time_mean": NaN, "get_state_time_total": 0.0, "grad": 0.04824397563934326, "mean_accuracy": 0.16429999470710754, "mean_loss": 2.2678159887949625, "neg_mean_accuracy": -0.1907999962568283, "set_state_time_mean": NaN, "set_state_time_total": 0.0, "setup_model_time_mean": NaN, "setup_model_time_total": 0.0, "setup_proc_time_mean": NaN, "setup_proc_time_total": 0.0, "train_accuracy": 0.17365999519824982, "train_loss": 2.2362290132141114, "training_time_mean": NaN, "training_time_total": 0.0, "val_accuracy": 0.1907999962568283, "val_loss": 2.19734783782959, "validation_time_mean": NaN, "validation_time_total": 0.0, "samples": 60000, "num_workers": 1, "done": true, "timesteps_total": null, "episodes_total": null, "training_iteration": 3, "neg_mean_loss": -2.2678159887949625, "experiment_id": "7d26404e51fd400396fc7bd26009941e", "date": "2019-06-03_04-17-02", "timestamp": 1559560622, "time_this_iter_s": 41.39030337333679, "time_total_s": 129.72209692001343, "pid": 25831, "hostname": "steropes", "node_ip": "169.229.49.254", "config": {"starting_lr": 0.0001, "momentum": 0.9, "weight_decay": 0.0005, "steps_per_iteration": null, "pin": false, "model_creator": null, "target_batch_size": 128, "model_string": "resnet50", "min_batch_size": 128, "dataset": "CIFAR", "placement": null, "use_nccl": true, "devices_per_worker": 1, "primary_resource": "extra_gpu", "gpu": false, "verbose": false, "lr_config": {"mode": "log", "steps": 5, "initial_lr": 0.0001, "target_lr": 0.0001}, "batch_per_device": 128}, "time_since_restore": 129.72209692001343, "timesteps_since_restore": 0, "iterations_since_restore": 3, "mean_throughput": 1387.5781411388898, "atoms": 1, "setup_time": 10.10018014907837}
