{"apply": 0.018016576766967773, "batch_time": 0.04649197602573829, "d2h": 0.0006878852844238281, "data_time": 0.0018234185855406934, "fwd": 0.11533546447753906, "get_state_time_mean": NaN, "get_state_time_total": 0.0, "grad": 0.20508038997650146, "mean_accuracy": 0.18959999084472656, "mean_loss": 2.474301312637329, "neg_mean_accuracy": -0.18959999084472656, "set_state_time_mean": NaN, "set_state_time_total": 0.0, "setup_model_time_mean": 12.735140800476074, "setup_model_time_total": 12.735140800476074, "setup_proc_time_mean": 0.12672781944274902, "setup_proc_time_total": 0.12672781944274902, "train_accuracy": 0.16937999427318573, "train_loss": 3.959152957382202, "training_time_mean": NaN, "training_time_total": 0.0, "val_accuracy": 0.18959999084472656, "val_loss": 2.474301312637329, "validation_time_mean": NaN, "validation_time_total": 0.0, "samples": 60000, "num_workers": 1, "done": false, "timesteps_total": null, "episodes_total": null, "training_iteration": 1, "neg_mean_loss": -2.474301312637329, "experiment_id": "c47229778c4143d2a705310dabebdfae", "date": "2019-06-06_07-04-38", "timestamp": 1559829878, "time_this_iter_s": 47.12761878967285, "time_total_s": 47.12761878967285, "pid": 31663, "hostname": "steropes", "node_ip": "169.229.49.254", "config": {"starting_lr": 0.01, "momentum": 0.99, "weight_decay": 0.001, "steps_per_iteration": null, "pin": false, "model_creator": null, "target_batch_size": 128, "model_string": "resnet50", "min_batch_size": 128, "dataset": "CIFAR", "placement": null, "use_nccl": true, "devices_per_worker": 1, "primary_resource": "extra_gpu", "gpu": false, "verbose": false, "lr_config": {"mode": "log", "steps": 5, "initial_lr": 0.01, "target_lr": 0.01}, "batch_per_device": 128}, "time_since_restore": 47.12761878967285, "timesteps_since_restore": 0, "iterations_since_restore": 1, "mean_throughput": 1273.1352053445462, "atoms": 1, "setup_time": 12.983221054077148}
{"apply": 0.0180835485458374, "batch_time": 0.03153508222555813, "d2h": 0.0006931304931640625, "data_time": 0.0017727860404402399, "fwd": 0.028143906593322755, "get_state_time_mean": NaN, "get_state_time_total": 0.0, "grad": 0.04856719970703125, "mean_accuracy": 0.24169999361038208, "mean_loss": 2.1617705335617066, "neg_mean_accuracy": -0.2937999963760376, "set_state_time_mean": NaN, "set_state_time_total": 0.0, "setup_model_time_mean": NaN, "setup_model_time_total": 0.0, "setup_proc_time_mean": NaN, "setup_proc_time_total": 0.0, "train_accuracy": 0.2437399923801422, "train_loss": 2.209916004295349, "training_time_mean": NaN, "training_time_total": 0.0, "val_accuracy": 0.2937999963760376, "val_loss": 1.849239754486084, "validation_time_mean": NaN, "validation_time_total": 0.0, "samples": 60000, "num_workers": 1, "done": true, "timesteps_total": null, "episodes_total": null, "training_iteration": 2, "neg_mean_loss": -2.1617705335617066, "experiment_id": "c47229778c4143d2a705310dabebdfae", "date": "2019-06-06_07-05-20", "timestamp": 1559829920, "time_this_iter_s": 41.60189509391785, "time_total_s": 88.7295138835907, "pid": 31663, "hostname": "steropes", "node_ip": "169.229.49.254", "config": {"starting_lr": 0.01, "momentum": 0.99, "weight_decay": 0.001, "steps_per_iteration": null, "pin": false, "model_creator": null, "target_batch_size": 128, "model_string": "resnet50", "min_batch_size": 128, "dataset": "CIFAR", "placement": null, "use_nccl": true, "devices_per_worker": 1, "primary_resource": "extra_gpu", "gpu": false, "verbose": false, "lr_config": {"mode": "log", "steps": 5, "initial_lr": 0.01, "target_lr": 0.01}, "batch_per_device": 128}, "time_since_restore": 88.7295138835907, "timesteps_since_restore": 0, "iterations_since_restore": 2, "mean_throughput": 1352.4215777217237, "atoms": 1, "setup_time": 12.983221054077148}
