apply,batch_time,d2h,data_time,fwd,get_state_time_mean,get_state_time_total,grad,mean_accuracy,mean_loss,neg_mean_accuracy,set_state_time_mean,set_state_time_total,setup_model_time_mean,setup_model_time_total,setup_proc_time_mean,setup_proc_time_total,train_accuracy,train_loss,training_time_mean,training_time_total,validation_time_mean,validation_time_total,samples,num_workers,done,timesteps_total,episodes_total,training_iteration,neg_mean_loss,experiment_id,date,timestamp,time_this_iter_s,time_total_s,pid,hostname,node_ip,config,time_since_restore,timesteps_since_restore,iterations_since_restore,mean_throughput,atoms,resource_time
0.007491087913513184,0.18056635856628417,0.004889965057373047,0.032617831716732104,0.08336224555969238,nan,0.0,0.1528881549835205,0.3328999876976013,1.9842908405303956,-0.3328999876976013,nan,0.0,12.094363451004028,12.094363451004028,0.13919854164123535,0.13919854164123535,0.29245999455451965,2.1882338236618044,nan,0.0,nan,0.0,60000,1,False,,,1,-1.9842908405303956,f92f2563c2b94d58b43f64d057c4b1ca,2019-05-30_14-58-36,1559253516,11.347091436386108,11.347091436386108,27567,steropes,169.229.49.254,"{'starting_lr': 0.05, 'momentum': 0.99, 'weight_decay': 0.005, 'steps_per_iteration': None, 'pin': False, 'model_creator': None, 'target_batch_size': 1024, 'model_string': 'resnet18', 'min_batch_size': 512, 'dataset': 'CIFAR', 'placement': None, 'use_nccl': True, 'devices_per_worker': 1, 'primary_resource': 'extra_gpu', 'gpu': False, 'verbose': False, 'lr_config': {'mode': 'log', 'steps': 5, 'initial_lr': 0.05, 'target_lr': 0.05}, 'batch_per_device': 1024}",11.347091436386108,0,1,5287.65009269736,1,11.347091436386108
0.008584547042846679,0.12031958103179932,0.005794239044189453,0.03285110726648448,0.025535082817077635,nan,0.0,0.045773100852966306,0.17790000140666962,2.239403380584717,-0.17790000140666962,nan,0.0,nan,0.0,nan,0.0,0.41755998134613037,1.5819099103927612,nan,0.0,nan,0.0,60000,1,False,,,2,-2.239403380584717,f92f2563c2b94d58b43f64d057c4b1ca,2019-05-30_14-58-43,1559253523,7.355803966522217,18.702895402908325,27567,steropes,169.229.49.254,"{'starting_lr': 0.05, 'momentum': 0.99, 'weight_decay': 0.005, 'steps_per_iteration': None, 'pin': False, 'model_creator': None, 'target_batch_size': 1024, 'model_string': 'resnet18', 'min_batch_size': 512, 'dataset': 'CIFAR', 'placement': None, 'use_nccl': True, 'devices_per_worker': 1, 'primary_resource': 'extra_gpu', 'gpu': False, 'verbose': False, 'lr_config': {'mode': 'log', 'steps': 5, 'initial_lr': 0.05, 'target_lr': 0.05}, 'batch_per_device': 1024}",18.702895402908325,0,2,6416.054985817706,1,18.702895402908325
0.007287526130676269,0.13534936904907227,0.004624199867248535,0.038985228051944654,0.022823786735534667,nan,0.0,0.04359402656555176,0.2037999927997589,4.439222096252442,-0.2037999927997589,nan,0.0,nan,0.0,nan,0.0,0.38339999318122864,1.6697791180801391,nan,0.0,nan,0.0,60000,1,False,,,3,-4.439222096252442,f92f2563c2b94d58b43f64d057c4b1ca,2019-05-30_14-58-52,1559253532,8.060189962387085,26.76308536529541,27567,steropes,169.229.49.254,"{'starting_lr': 0.05, 'momentum': 0.99, 'weight_decay': 0.005, 'steps_per_iteration': None, 'pin': False, 'model_creator': None, 'target_batch_size': 1024, 'model_string': 'resnet18', 'min_batch_size': 512, 'dataset': 'CIFAR', 'placement': None, 'use_nccl': True, 'devices_per_worker': 1, 'primary_resource': 'extra_gpu', 'gpu': False, 'verbose': False, 'lr_config': {'mode': 'log', 'steps': 5, 'initial_lr': 0.05, 'target_lr': 0.05}, 'batch_per_device': 1024}",26.76308536529541,0,3,6725.615617769415,1,26.76308536529541
0.007889938354492188,0.13666768074035646,0.005379152297973633,0.03285023144313267,0.023725366592407225,nan,0.0,0.046443057060241696,0.32269999384880066,2.3952752883911135,-0.32269999384880066,nan,0.0,nan,0.0,nan,0.0,0.40751999616622925,1.5931725971221924,nan,0.0,nan,0.0,60000,1,False,,,4,-2.3952752883911135,f92f2563c2b94d58b43f64d057c4b1ca,2019-05-30_14-59-00,1559253540,8.252407550811768,35.01549291610718,27567,steropes,169.229.49.254,"{'starting_lr': 0.05, 'momentum': 0.99, 'weight_decay': 0.005, 'steps_per_iteration': None, 'pin': False, 'model_creator': None, 'target_batch_size': 1024, 'model_string': 'resnet18', 'min_batch_size': 512, 'dataset': 'CIFAR', 'placement': None, 'use_nccl': True, 'devices_per_worker': 1, 'primary_resource': 'extra_gpu', 'gpu': False, 'verbose': False, 'lr_config': {'mode': 'log', 'steps': 5, 'initial_lr': 0.05, 'target_lr': 0.05}, 'batch_per_device': 1024}",35.01549291610718,0,4,6854.041323586297,1,35.01549291610718
0.007734847068786621,0.11971487998962402,0.005179715156555176,0.031541600519297074,0.025178956985473632,nan,0.0,0.048619985580444336,0.35679998993873596,1.786986758995056,-0.35679998993873596,nan,0.0,nan,0.0,nan,0.0,0.43261998891830444,1.6241621920776368,nan,0.0,nan,0.0,60000,1,False,,,5,-1.786986758995056,f92f2563c2b94d58b43f64d057c4b1ca,2019-05-30_14-59-08,1559253548,8.027694463729858,43.043187379837036,27567,steropes,169.229.49.254,"{'starting_lr': 0.05, 'momentum': 0.99, 'weight_decay': 0.005, 'steps_per_iteration': None, 'pin': False, 'model_creator': None, 'target_batch_size': 1024, 'model_string': 'resnet18', 'min_batch_size': 512, 'dataset': 'CIFAR', 'placement': None, 'use_nccl': True, 'devices_per_worker': 1, 'primary_resource': 'extra_gpu', 'gpu': False, 'verbose': False, 'lr_config': {'mode': 'log', 'steps': 5, 'initial_lr': 0.05, 'target_lr': 0.05}, 'batch_per_device': 1024}",43.043187379837036,0,5,6969.674927834031,1,43.043187379837036
0.007629704475402832,0.13012092113494872,0.006700038909912109,0.036653805752189794,0.029146099090576173,nan,0.0,0.04393837451934814,0.2791000008583069,1.9954325223922729,-0.2791000008583069,nan,0.0,nan,0.0,nan,0.0,0.4752199947834015,1.439650277748108,nan,0.0,nan,0.0,60000,1,False,,,6,-1.9954325223922729,f92f2563c2b94d58b43f64d057c4b1ca,2019-05-30_14-59-16,1559253556,7.817958831787109,50.861146211624146,27567,steropes,169.229.49.254,"{'starting_lr': 0.05, 'momentum': 0.99, 'weight_decay': 0.005, 'steps_per_iteration': None, 'pin': False, 'model_creator': None, 'target_batch_size': 1024, 'model_string': 'resnet18', 'min_batch_size': 512, 'dataset': 'CIFAR', 'placement': None, 'use_nccl': True, 'devices_per_worker': 1, 'primary_resource': 'extra_gpu', 'gpu': False, 'verbose': False, 'lr_config': {'mode': 'log', 'steps': 5, 'initial_lr': 0.05, 'target_lr': 0.05}, 'batch_per_device': 1024}",50.861146211624146,0,6,7592.157889847318,1,50.861146211624146
0.01031482219696045,0.12324163913726807,0.0069788932800292965,0.03449286246786312,0.029987335205078125,nan,0.0,0.04997050762176514,0.25130000710487366,2.0056881717681883,-0.25130000710487366,nan,0.0,nan,0.0,nan,0.0,0.5172399878501892,1.3450362228775024,nan,0.0,nan,0.0,60000,1,False,,,7,-2.0056881717681883,f92f2563c2b94d58b43f64d057c4b1ca,2019-05-30_14-59-24,1559253564,7.899787425994873,58.76093363761902,27567,steropes,169.229.49.254,"{'starting_lr': 0.05, 'momentum': 0.99, 'weight_decay': 0.005, 'steps_per_iteration': None, 'pin': False, 'model_creator': None, 'target_batch_size': 1024, 'model_string': 'resnet18', 'min_batch_size': 512, 'dataset': 'CIFAR', 'placement': None, 'use_nccl': True, 'devices_per_worker': 1, 'primary_resource': 'extra_gpu', 'gpu': False, 'verbose': False, 'lr_config': {'mode': 'log', 'steps': 5, 'initial_lr': 0.05, 'target_lr': 0.05}, 'batch_per_device': 1024}",58.76093363761902,0,7,7489.057332256516,1,58.76093363761902
0.00847933292388916,0.12345130443572998,0.005024862289428711,0.028797850316884567,0.029105758666992186,nan,0.0,0.047265243530273435,0.3919000029563904,2.6336945781707763,-0.3919000029563904,nan,0.0,nan,0.0,nan,0.0,0.5413199663162231,1.2795007466125488,nan,0.0,nan,0.0,60000,1,False,,,8,-2.6336945781707763,f92f2563c2b94d58b43f64d057c4b1ca,2019-05-30_14-59-31,1559253571,7.686298370361328,66.44723200798035,27567,steropes,169.229.49.254,"{'starting_lr': 0.05, 'momentum': 0.99, 'weight_decay': 0.005, 'steps_per_iteration': None, 'pin': False, 'model_creator': None, 'target_batch_size': 1024, 'model_string': 'resnet18', 'min_batch_size': 512, 'dataset': 'CIFAR', 'placement': None, 'use_nccl': True, 'devices_per_worker': 1, 'primary_resource': 'extra_gpu', 'gpu': False, 'verbose': False, 'lr_config': {'mode': 'log', 'steps': 5, 'initial_lr': 0.05, 'target_lr': 0.05}, 'batch_per_device': 1024}",66.44723200798035,0,8,7559.615522102553,1,66.44723200798035
0.007533550262451172,0.14006280899047852,0.005268406867980957,0.03053601907224071,0.03632588386535644,nan,0.0,0.05395762920379639,0.5306000113487244,1.328916694831848,-0.5306000113487244,nan,0.0,nan,0.0,nan,0.0,0.5632799863815308,1.2313336395645142,nan,0.0,nan,0.0,60000,1,False,,,9,-1.328916694831848,f92f2563c2b94d58b43f64d057c4b1ca,2019-05-30_14-59-39,1559253579,7.778831481933594,74.22606348991394,27567,steropes,169.229.49.254,"{'starting_lr': 0.05, 'momentum': 0.99, 'weight_decay': 0.005, 'steps_per_iteration': None, 'pin': False, 'model_creator': None, 'target_batch_size': 1024, 'model_string': 'resnet18', 'min_batch_size': 512, 'dataset': 'CIFAR', 'placement': None, 'use_nccl': True, 'devices_per_worker': 1, 'primary_resource': 'extra_gpu', 'gpu': False, 'verbose': False, 'lr_config': {'mode': 'log', 'steps': 5, 'initial_lr': 0.05, 'target_lr': 0.05}, 'batch_per_device': 1024}",74.22606348991394,0,9,7650.918105648858,1,74.22606348991394
0.007068562507629395,0.12327060699462891,0.0050534486770629885,0.033647352335404376,0.025635385513305665,nan,0.0,0.049362564086914064,0.41819998621940613,1.5760880859375,-0.41819998621940613,nan,0.0,nan,0.0,nan,0.0,0.5659799575805664,1.215305959701538,nan,0.0,nan,0.0,60000,1,False,,,10,-1.5760880859375,f92f2563c2b94d58b43f64d057c4b1ca,2019-05-30_14-59-47,1559253587,7.627431154251099,81.85349464416504,27567,steropes,169.229.49.254,"{'starting_lr': 0.05, 'momentum': 0.99, 'weight_decay': 0.005, 'steps_per_iteration': None, 'pin': False, 'model_creator': None, 'target_batch_size': 1024, 'model_string': 'resnet18', 'min_batch_size': 512, 'dataset': 'CIFAR', 'placement': None, 'use_nccl': True, 'devices_per_worker': 1, 'primary_resource': 'extra_gpu', 'gpu': False, 'verbose': False, 'lr_config': {'mode': 'log', 'steps': 5, 'initial_lr': 0.05, 'target_lr': 0.05}, 'batch_per_device': 1024}",81.85349464416504,0,10,7729.82400923472,1,81.85349464416504
0.0075330972671508786,0.12549240589141847,0.0050885677337646484,0.034956552544418644,0.024190306663513184,nan,0.0,0.043810462951660155,0.4107999801635742,1.7308202632904053,-0.4107999801635742,nan,0.0,nan,0.0,nan,0.0,0.5730800032615662,1.2087065167617799,nan,0.0,nan,0.0,60000,1,False,,,11,-1.7308202632904053,f92f2563c2b94d58b43f64d057c4b1ca,2019-05-30_14-59-54,1559253594,7.725551605224609,89.57904624938965,27567,steropes,169.229.49.254,"{'starting_lr': 0.05, 'momentum': 0.99, 'weight_decay': 0.005, 'steps_per_iteration': None, 'pin': False, 'model_creator': None, 'target_batch_size': 1024, 'model_string': 'resnet18', 'min_batch_size': 512, 'dataset': 'CIFAR', 'placement': None, 'use_nccl': True, 'devices_per_worker': 1, 'primary_resource': 'extra_gpu', 'gpu': False, 'verbose': False, 'lr_config': {'mode': 'log', 'steps': 5, 'initial_lr': 0.05, 'target_lr': 0.05}, 'batch_per_device': 1024}",89.57904624938965,0,11,7748.272190337271,1,89.57904624938965
0.006953692436218262,0.11654281616210938,0.005506730079650879,0.03711426987939952,0.02537698745727539,nan,0.0,0.04486672878265381,0.5011999607086182,1.5321285066604615,-0.5011999607086182,nan,0.0,nan,0.0,nan,0.0,0.5842399597167969,1.1748726230621338,nan,0.0,nan,0.0,60000,1,False,,,12,-1.5321285066604615,f92f2563c2b94d58b43f64d057c4b1ca,2019-05-30_15-00-02,1559253602,7.845821380615234,97.42486763000488,27567,steropes,169.229.49.254,"{'starting_lr': 0.05, 'momentum': 0.99, 'weight_decay': 0.005, 'steps_per_iteration': None, 'pin': False, 'model_creator': None, 'target_batch_size': 1024, 'model_string': 'resnet18', 'min_batch_size': 512, 'dataset': 'CIFAR', 'placement': None, 'use_nccl': True, 'devices_per_worker': 1, 'primary_resource': 'extra_gpu', 'gpu': False, 'verbose': False, 'lr_config': {'mode': 'log', 'steps': 5, 'initial_lr': 0.05, 'target_lr': 0.05}, 'batch_per_device': 1024}",97.42486763000488,0,12,7759.08862142384,1,97.42486763000488
0.008178973197937011,0.13466277122497558,0.004334092140197754,0.03718451091221401,0.026363468170166014,nan,0.0,0.04549653530120849,0.5327999591827393,1.381998649597168,-0.5327999591827393,nan,0.0,nan,0.0,nan,0.0,0.5771799683570862,1.1942816621780397,nan,0.0,nan,0.0,60000,1,True,,,13,-1.381998649597168,f92f2563c2b94d58b43f64d057c4b1ca,2019-05-30_15-00-10,1559253610,7.685455799102783,105.11032342910767,27567,steropes,169.229.49.254,"{'starting_lr': 0.05, 'momentum': 0.99, 'weight_decay': 0.005, 'steps_per_iteration': None, 'pin': False, 'model_creator': None, 'target_batch_size': 1024, 'model_string': 'resnet18', 'min_batch_size': 512, 'dataset': 'CIFAR', 'placement': None, 'use_nccl': True, 'devices_per_worker': 1, 'primary_resource': 'extra_gpu', 'gpu': False, 'verbose': False, 'lr_config': {'mode': 'log', 'steps': 5, 'initial_lr': 0.05, 'target_lr': 0.05}, 'batch_per_device': 1024}",105.11032342910767,0,13,7759.257854324073,1,105.11032342910767
