{"apply": 0.016877579689025878, "batch_time": 0.041200320931929574, "d2h": 0.0006714820861816406, "data_time": 0.001844706742659859, "fwd": 0.11871592998504639, "get_state_time_mean": NaN, "get_state_time_total": 0.0, "grad": 0.16294965744018555, "mean_accuracy": 0.32659998536109924, "mean_loss": 2.6587915842056273, "neg_mean_accuracy": -0.32659998536109924, "set_state_time_mean": NaN, "set_state_time_total": 0.0, "setup_model_time_mean": 8.518255949020386, "setup_model_time_total": 8.518255949020386, "setup_proc_time_mean": 0.4373962879180908, "setup_proc_time_total": 0.4373962879180908, "train_accuracy": 0.24021999537944794, "train_loss": 2.6958985862731932, "training_time_mean": NaN, "training_time_total": 0.0, "val_accuracy": 0.32659998536109924, "val_loss": 2.6587915842056273, "validation_time_mean": NaN, "validation_time_total": 0.0, "samples": 60000, "num_workers": 1, "done": false, "timesteps_total": null, "episodes_total": null, "training_iteration": 1, "neg_mean_loss": -2.6587915842056273, "experiment_id": "655c5af310a74241b1b003ff39611462", "date": "2019-06-03_03-50-19", "timestamp": 1559559019, "time_this_iter_s": 45.62799668312073, "time_total_s": 45.62799668312073, "pid": 24203, "hostname": "steropes", "node_ip": "169.229.49.254", "config": {"starting_lr": 0.01, "momentum": 0.9, "weight_decay": 0.0005, "steps_per_iteration": null, "pin": false, "model_creator": null, "target_batch_size": 128, "model_string": "resnet50", "min_batch_size": 128, "dataset": "CIFAR", "placement": null, "use_nccl": true, "devices_per_worker": 1, "primary_resource": "extra_gpu", "gpu": false, "verbose": false, "lr_config": {"mode": "log", "steps": 5, "initial_lr": 0.01, "target_lr": 0.01}, "batch_per_device": 128}, "time_since_restore": 45.62799668312073, "timesteps_since_restore": 0, "iterations_since_restore": 1, "mean_throughput": 1314.9786748689667, "atoms": 1, "setup_time": 9.066250324249268}
{"apply": 0.016792154312133788, "batch_time": 0.032816219933425324, "d2h": 0.000654149055480957, "data_time": 0.0017766354943785216, "fwd": 0.02735598087310791, "get_state_time_mean": NaN, "get_state_time_total": 0.0, "grad": 0.049780654907226565, "mean_accuracy": 0.3593999892473221, "mean_loss": 2.1957169372558596, "neg_mean_accuracy": -0.3921999931335449, "set_state_time_mean": NaN, "set_state_time_total": 0.0, "setup_model_time_mean": NaN, "setup_model_time_total": 0.0, "setup_proc_time_mean": NaN, "setup_proc_time_total": 0.0, "train_accuracy": 0.326339989900589, "train_loss": 2.0644505306625365, "training_time_mean": NaN, "training_time_total": 0.0, "val_accuracy": 0.3921999931335449, "val_loss": 1.7326422903060914, "validation_time_mean": NaN, "validation_time_total": 0.0, "samples": 60000, "num_workers": 1, "done": false, "timesteps_total": null, "episodes_total": null, "training_iteration": 2, "neg_mean_loss": -2.1957169372558596, "experiment_id": "655c5af310a74241b1b003ff39611462", "date": "2019-06-03_03-51-00", "timestamp": 1559559060, "time_this_iter_s": 40.62449073791504, "time_total_s": 86.25248742103577, "pid": 24203, "hostname": "steropes", "node_ip": "169.229.49.254", "config": {"starting_lr": 0.01, "momentum": 0.9, "weight_decay": 0.0005, "steps_per_iteration": null, "pin": false, "model_creator": null, "target_batch_size": 128, "model_string": "resnet50", "min_batch_size": 128, "dataset": "CIFAR", "placement": null, "use_nccl": true, "devices_per_worker": 1, "primary_resource": "extra_gpu", "gpu": false, "verbose": false, "lr_config": {"mode": "log", "steps": 5, "initial_lr": 0.01, "target_lr": 0.01}, "batch_per_device": 128}, "time_since_restore": 86.25248742103577, "timesteps_since_restore": 0, "iterations_since_restore": 2, "mean_throughput": 1391.261009215444, "atoms": 1, "setup_time": 9.066250324249268}
{"apply": 0.01710665225982666, "batch_time": 0.03290333023554162, "d2h": 0.000663924217224121, "data_time": 0.0017779611260689738, "fwd": 0.027505993843078613, "get_state_time_mean": NaN, "get_state_time_total": 0.0, "grad": 0.04727258682250977, "mean_accuracy": 0.38029998540878296, "mean_loss": 2.383533908208211, "neg_mean_accuracy": -0.4220999777317047, "set_state_time_mean": NaN, "set_state_time_total": 0.0, "setup_model_time_mean": NaN, "setup_model_time_total": 0.0, "setup_proc_time_mean": NaN, "setup_proc_time_total": 0.0, "train_accuracy": 0.3880600035190582, "train_loss": 1.8177934075927735, "training_time_mean": NaN, "training_time_total": 0.0, "val_accuracy": 0.4220999777317047, "val_loss": 2.759167850112915, "validation_time_mean": NaN, "validation_time_total": 0.0, "samples": 60000, "num_workers": 1, "done": false, "timesteps_total": null, "episodes_total": null, "training_iteration": 3, "neg_mean_loss": -2.383533908208211, "experiment_id": "655c5af310a74241b1b003ff39611462", "date": "2019-06-03_03-51-41", "timestamp": 1559559101, "time_this_iter_s": 40.570364236831665, "time_total_s": 126.82285165786743, "pid": 24203, "hostname": "steropes", "node_ip": "169.229.49.254", "config": {"starting_lr": 0.01, "momentum": 0.9, "weight_decay": 0.0005, "steps_per_iteration": null, "pin": false, "model_creator": null, "target_batch_size": 128, "model_string": "resnet50", "min_batch_size": 128, "dataset": "CIFAR", "placement": null, "use_nccl": true, "devices_per_worker": 1, "primary_resource": "extra_gpu", "gpu": false, "verbose": false, "lr_config": {"mode": "log", "steps": 5, "initial_lr": 0.01, "target_lr": 0.01}, "batch_per_device": 128}, "time_since_restore": 126.82285165786743, "timesteps_since_restore": 0, "iterations_since_restore": 3, "mean_throughput": 1419.2994964863622, "atoms": 1, "setup_time": 9.066250324249268}
{"apply": 0.017009544372558593, "batch_time": 0.03545787364621706, "d2h": 0.0007171630859375, "data_time": 0.0017953748288361924, "fwd": 0.0288132905960083, "get_state_time_mean": NaN, "get_state_time_total": 0.0, "grad": 0.04760863780975342, "mean_accuracy": 0.40447498857975006, "mean_loss": 2.2462300181865693, "neg_mean_accuracy": -0.47699999809265137, "set_state_time_mean": NaN, "set_state_time_total": 0.0, "setup_model_time_mean": NaN, "setup_model_time_total": 0.0, "setup_proc_time_mean": NaN, "setup_proc_time_total": 0.0, "train_accuracy": 0.4175799787044525, "train_loss": 1.7295832900619508, "training_time_mean": NaN, "training_time_total": 0.0, "val_accuracy": 0.47699999809265137, "val_loss": 1.834318348121643, "validation_time_mean": NaN, "validation_time_total": 0.0, "samples": 60000, "num_workers": 1, "done": false, "timesteps_total": null, "episodes_total": null, "training_iteration": 4, "neg_mean_loss": -2.2462300181865693, "experiment_id": "655c5af310a74241b1b003ff39611462", "date": "2019-06-03_03-52-21", "timestamp": 1559559141, "time_this_iter_s": 40.9157440662384, "time_total_s": 167.73859572410583, "pid": 24203, "hostname": "steropes", "node_ip": "169.229.49.254", "config": {"starting_lr": 0.01, "momentum": 0.9, "weight_decay": 0.0005, "steps_per_iteration": null, "pin": false, "model_creator": null, "target_batch_size": 128, "model_string": "resnet50", "min_batch_size": 128, "dataset": "CIFAR", "placement": null, "use_nccl": true, "devices_per_worker": 1, "primary_resource": "extra_gpu", "gpu": false, "verbose": false, "lr_config": {"mode": "log", "steps": 5, "initial_lr": 0.01, "target_lr": 0.01}, "batch_per_device": 128}, "time_since_restore": 167.73859572410583, "timesteps_since_restore": 0, "iterations_since_restore": 4, "mean_throughput": 1430.7942079588786, "atoms": 1, "setup_time": 9.066250324249268}
{"apply": 0.01820831298828125, "batch_time": 0.03313256819036942, "d2h": 0.0012558937072753907, "data_time": 0.0018096707970894816, "fwd": 0.029608821868896483, "get_state_time_mean": NaN, "get_state_time_total": 0.0, "grad": 0.04852747917175293, "mean_accuracy": 0.4196199893951416, "mean_loss": 2.2662072382736205, "neg_mean_accuracy": -0.48019999265670776, "set_state_time_mean": NaN, "set_state_time_total": 0.0, "setup_model_time_mean": NaN, "setup_model_time_total": 0.0, "setup_proc_time_mean": NaN, "setup_proc_time_total": 0.0, "train_accuracy": 0.44759997725486755, "train_loss": 1.6314215356063844, "training_time_mean": NaN, "training_time_total": 0.0, "val_accuracy": 0.48019999265670776, "val_loss": 2.346116118621826, "validation_time_mean": NaN, "validation_time_total": 0.0, "samples": 60000, "num_workers": 1, "done": false, "timesteps_total": null, "episodes_total": null, "training_iteration": 5, "neg_mean_loss": -2.2662072382736205, "experiment_id": "655c5af310a74241b1b003ff39611462", "date": "2019-06-03_03-53-02", "timestamp": 1559559182, "time_this_iter_s": 40.8164439201355, "time_total_s": 208.55503964424133, "pid": 24203, "hostname": "steropes", "node_ip": "169.229.49.254", "config": {"starting_lr": 0.01, "momentum": 0.9, "weight_decay": 0.0005, "steps_per_iteration": null, "pin": false, "model_creator": null, "target_batch_size": 128, "model_string": "resnet50", "min_batch_size": 128, "dataset": "CIFAR", "placement": null, "use_nccl": true, "devices_per_worker": 1, "primary_resource": "extra_gpu", "gpu": false, "verbose": false, "lr_config": {"mode": "log", "steps": 5, "initial_lr": 0.01, "target_lr": 0.01}, "batch_per_device": 128}, "time_since_restore": 208.55503964424133, "timesteps_since_restore": 0, "iterations_since_restore": 5, "mean_throughput": 1438.4657729599874, "atoms": 1, "setup_time": 9.066250324249268}
{"apply": 0.017641019821166993, "batch_time": 0.032655655583248865, "d2h": 0.0006701946258544922, "data_time": 0.0017650322536068499, "fwd": 0.027335977554321288, "get_state_time_mean": NaN, "get_state_time_total": 0.0, "grad": 0.04725348949432373, "mean_accuracy": 0.4531999886035919, "mean_loss": 2.1638429792785643, "neg_mean_accuracy": -0.49449998140335083, "set_state_time_mean": NaN, "set_state_time_total": 0.0, "setup_model_time_mean": NaN, "setup_model_time_total": 0.0, "setup_proc_time_mean": NaN, "setup_proc_time_total": 0.0, "train_accuracy": 0.4721199870109558, "train_loss": 1.5523239211654662, "training_time_mean": NaN, "training_time_total": 0.0, "val_accuracy": 0.49449998140335083, "val_loss": 2.146970289230347, "validation_time_mean": NaN, "validation_time_total": 0.0, "samples": 60000, "num_workers": 1, "done": false, "timesteps_total": null, "episodes_total": null, "training_iteration": 6, "neg_mean_loss": -2.1638429792785643, "experiment_id": "655c5af310a74241b1b003ff39611462", "date": "2019-06-03_03-53-43", "timestamp": 1559559223, "time_this_iter_s": 40.59857726097107, "time_total_s": 249.1536169052124, "pid": 24203, "hostname": "steropes", "node_ip": "169.229.49.254", "config": {"starting_lr": 0.01, "momentum": 0.9, "weight_decay": 0.0005, "steps_per_iteration": null, "pin": false, "model_creator": null, "target_batch_size": 128, "model_string": "resnet50", "min_batch_size": 128, "dataset": "CIFAR", "placement": null, "use_nccl": true, "devices_per_worker": 1, "primary_resource": "extra_gpu", "gpu": false, "verbose": false, "lr_config": {"mode": "log", "steps": 5, "initial_lr": 0.01, "target_lr": 0.01}, "batch_per_device": 128}, "time_since_restore": 249.1536169052124, "timesteps_since_restore": 0, "iterations_since_restore": 6, "mean_throughput": 1474.0126386497197, "atoms": 1, "setup_time": 9.066250324249268}
{"apply": 0.01810290813446045, "batch_time": 0.03158955030803439, "d2h": 0.000666499137878418, "data_time": 0.0017975687675768762, "fwd": 0.027944183349609374, "get_state_time_mean": NaN, "get_state_time_total": 0.0, "grad": 0.04692022800445557, "mean_accuracy": 0.4755799829959869, "mean_loss": 2.1915164174270627, "neg_mean_accuracy": -0.50409996509552, "set_state_time_mean": NaN, "set_state_time_total": 0.0, "setup_model_time_mean": NaN, "setup_model_time_total": 0.0, "setup_proc_time_mean": NaN, "setup_proc_time_total": 0.0, "train_accuracy": 0.4999599754810333, "train_loss": 1.4621942593765258, "training_time_mean": NaN, "training_time_total": 0.0, "val_accuracy": 0.50409996509552, "val_loss": 1.871009481048584, "validation_time_mean": NaN, "validation_time_total": 0.0, "samples": 60000, "num_workers": 1, "done": false, "timesteps_total": null, "episodes_total": null, "training_iteration": 7, "neg_mean_loss": -2.1915164174270627, "experiment_id": "655c5af310a74241b1b003ff39611462", "date": "2019-06-03_03-54-23", "timestamp": 1559559263, "time_this_iter_s": 40.326292991638184, "time_total_s": 289.4799098968506, "pid": 24203, "hostname": "steropes", "node_ip": "169.229.49.254", "config": {"starting_lr": 0.01, "momentum": 0.9, "weight_decay": 0.0005, "steps_per_iteration": null, "pin": false, "model_creator": null, "target_batch_size": 128, "model_string": "resnet50", "min_batch_size": 128, "dataset": "CIFAR", "placement": null, "use_nccl": true, "devices_per_worker": 1, "primary_resource": "extra_gpu", "gpu": false, "verbose": false, "lr_config": {"mode": "log", "steps": 5, "initial_lr": 0.01, "target_lr": 0.01}, "batch_per_device": 128}, "time_since_restore": 289.4799098968506, "timesteps_since_restore": 0, "iterations_since_restore": 7, "mean_throughput": 1476.1754751198082, "atoms": 1, "setup_time": 9.066250324249268}
{"apply": 0.017154741287231445, "batch_time": 0.031429040281078485, "d2h": 0.0006530046463012696, "data_time": 0.001779329441392513, "fwd": 0.02756814956665039, "get_state_time_mean": NaN, "get_state_time_total": 0.0, "grad": 0.047206783294677736, "mean_accuracy": 0.4885399878025055, "mean_loss": 2.2694718861770626, "neg_mean_accuracy": -0.4869000017642975, "set_state_time_mean": NaN, "set_state_time_total": 0.0, "setup_model_time_mean": NaN, "setup_model_time_total": 0.0, "setup_proc_time_mean": NaN, "setup_proc_time_total": 0.0, "train_accuracy": 0.4820999801158905, "train_loss": 1.4836634935760498, "training_time_mean": NaN, "training_time_total": 0.0, "val_accuracy": 0.4869000017642975, "val_loss": 3.148945193862915, "validation_time_mean": NaN, "validation_time_total": 0.0, "samples": 60000, "num_workers": 1, "done": false, "timesteps_total": null, "episodes_total": null, "training_iteration": 8, "neg_mean_loss": -2.2694718861770626, "experiment_id": "655c5af310a74241b1b003ff39611462", "date": "2019-06-03_03-55-04", "timestamp": 1559559304, "time_this_iter_s": 40.61340594291687, "time_total_s": 330.09331583976746, "pid": 24203, "hostname": "steropes", "node_ip": "169.229.49.254", "config": {"starting_lr": 0.01, "momentum": 0.9, "weight_decay": 0.0005, "steps_per_iteration": null, "pin": false, "model_creator": null, "target_batch_size": 128, "model_string": "resnet50", "min_batch_size": 128, "dataset": "CIFAR", "placement": null, "use_nccl": true, "devices_per_worker": 1, "primary_resource": "extra_gpu", "gpu": false, "verbose": false, "lr_config": {"mode": "log", "steps": 5, "initial_lr": 0.01, "target_lr": 0.01}, "batch_per_device": 128}, "time_since_restore": 330.09331583976746, "timesteps_since_restore": 0, "iterations_since_restore": 8, "mean_throughput": 1475.8629050322684, "atoms": 1, "setup_time": 9.066250324249268}
{"apply": 0.01706197261810303, "batch_time": 0.03120600422726402, "d2h": 0.0006570816040039062, "data_time": 0.0017586205621509601, "fwd": 0.027623963356018067, "get_state_time_mean": NaN, "get_state_time_total": 0.0, "grad": 0.047122955322265625, "mean_accuracy": 0.47511998414993284, "mean_loss": 2.2239245002746584, "neg_mean_accuracy": -0.4098999798297882, "set_state_time_mean": NaN, "set_state_time_total": 0.0, "setup_model_time_mean": NaN, "setup_model_time_total": 0.0, "setup_proc_time_mean": NaN, "setup_proc_time_total": 0.0, "train_accuracy": 0.4375999867916107, "train_loss": 1.6064649267578126, "training_time_mean": NaN, "training_time_total": 0.0, "val_accuracy": 0.4098999798297882, "val_loss": 1.6065814186096192, "validation_time_mean": NaN, "validation_time_total": 0.0, "samples": 60000, "num_workers": 1, "done": false, "timesteps_total": null, "episodes_total": null, "training_iteration": 9, "neg_mean_loss": -2.2239245002746584, "experiment_id": "655c5af310a74241b1b003ff39611462", "date": "2019-06-03_03-55-44", "timestamp": 1559559344, "time_this_iter_s": 40.42910623550415, "time_total_s": 370.5224220752716, "pid": 24203, "hostname": "steropes", "node_ip": "169.229.49.254", "config": {"starting_lr": 0.01, "momentum": 0.9, "weight_decay": 0.0005, "steps_per_iteration": null, "pin": false, "model_creator": null, "target_batch_size": 128, "model_string": "resnet50", "min_batch_size": 128, "dataset": "CIFAR", "placement": null, "use_nccl": true, "devices_per_worker": 1, "primary_resource": "extra_gpu", "gpu": false, "verbose": false, "lr_config": {"mode": "log", "steps": 5, "initial_lr": 0.01, "target_lr": 0.01}, "batch_per_device": 128}, "time_since_restore": 370.5224220752716, "timesteps_since_restore": 0, "iterations_since_restore": 9, "mean_throughput": 1479.4050857515003, "atoms": 1, "setup_time": 9.066250324249268}
{"apply": 0.020021748542785645, "batch_time": 0.031058211869831327, "d2h": 0.0006710052490234375, "data_time": 0.0017580425038057216, "fwd": 0.02975795269012451, "get_state_time_mean": NaN, "get_state_time_total": 0.0, "grad": 0.047790145874023436, "mean_accuracy": 0.4801999807357788, "mean_loss": 2.9398245611572262, "neg_mean_accuracy": -0.5055999755859375, "set_state_time_mean": NaN, "set_state_time_total": 0.0, "setup_model_time_mean": NaN, "setup_model_time_total": 0.0, "setup_proc_time_mean": NaN, "setup_proc_time_total": 0.0, "train_accuracy": 0.43393999338150024, "train_loss": 1.5933514402770996, "training_time_mean": NaN, "training_time_total": 0.0, "val_accuracy": 0.5055999755859375, "val_loss": 5.925616423034668, "validation_time_mean": NaN, "validation_time_total": 0.0, "samples": 60000, "num_workers": 1, "done": false, "timesteps_total": null, "episodes_total": null, "training_iteration": 10, "neg_mean_loss": -2.9398245611572262, "experiment_id": "655c5af310a74241b1b003ff39611462", "date": "2019-06-03_03-56-25", "timestamp": 1559559385, "time_this_iter_s": 40.30104470252991, "time_total_s": 410.8234667778015, "pid": 24203, "hostname": "steropes", "node_ip": "169.229.49.254", "config": {"starting_lr": 0.01, "momentum": 0.9, "weight_decay": 0.0005, "steps_per_iteration": null, "pin": false, "model_creator": null, "target_batch_size": 128, "model_string": "resnet50", "min_batch_size": 128, "dataset": "CIFAR", "placement": null, "use_nccl": true, "devices_per_worker": 1, "primary_resource": "extra_gpu", "gpu": false, "verbose": false, "lr_config": {"mode": "log", "steps": 5, "initial_lr": 0.01, "target_lr": 0.01}, "batch_per_device": 128}, "time_since_restore": 410.8234667778015, "timesteps_since_restore": 0, "iterations_since_restore": 10, "mean_throughput": 1483.1747750299394, "atoms": 1, "setup_time": 9.066250324249268}
{"apply": 0.01695079803466797, "batch_time": 0.031393208081209205, "d2h": 0.0006527185440063476, "data_time": 0.001754202806126431, "fwd": 0.027388978004455566, "get_state_time_mean": NaN, "get_state_time_total": 0.0, "grad": 0.04678266048431397, "mean_accuracy": 0.4913599848747253, "mean_loss": 2.8448710215759276, "neg_mean_accuracy": -0.5503000020980835, "set_state_time_mean": NaN, "set_state_time_total": 0.0, "setup_model_time_mean": NaN, "setup_model_time_total": 0.0, "setup_proc_time_mean": NaN, "setup_proc_time_total": 0.0, "train_accuracy": 0.5061399936676025, "train_loss": 1.416476282119751, "training_time_mean": NaN, "training_time_total": 0.0, "val_accuracy": 0.5503000020980835, "val_loss": 1.6722025913238525, "validation_time_mean": NaN, "validation_time_total": 0.0, "samples": 60000, "num_workers": 1, "done": false, "timesteps_total": null, "episodes_total": null, "training_iteration": 11, "neg_mean_loss": -2.8448710215759276, "experiment_id": "655c5af310a74241b1b003ff39611462", "date": "2019-06-03_03-57-05", "timestamp": 1559559425, "time_this_iter_s": 40.35948729515076, "time_total_s": 451.18295407295227, "pid": 24203, "hostname": "steropes", "node_ip": "169.229.49.254", "config": {"starting_lr": 0.01, "momentum": 0.9, "weight_decay": 0.0005, "steps_per_iteration": null, "pin": false, "model_creator": null, "target_batch_size": 128, "model_string": "resnet50", "min_batch_size": 128, "dataset": "CIFAR", "placement": null, "use_nccl": true, "devices_per_worker": 1, "primary_resource": "extra_gpu", "gpu": false, "verbose": false, "lr_config": {"mode": "log", "steps": 5, "initial_lr": 0.01, "target_lr": 0.01}, "batch_per_device": 128}, "time_since_restore": 451.18295407295227, "timesteps_since_restore": 0, "iterations_since_restore": 11, "mean_throughput": 1484.9300017063067, "atoms": 1, "setup_time": 9.066250324249268}
{"apply": 0.01703047752380371, "batch_time": 0.031183360498162765, "d2h": 0.0006563663482666016, "data_time": 0.0018133696387795841, "fwd": 0.02770950794219971, "get_state_time_mean": NaN, "get_state_time_total": 0.0, "grad": 0.04764084815979004, "mean_accuracy": 0.5061599850654602, "mean_loss": 2.7909150902557376, "neg_mean_accuracy": -0.5780999660491943, "set_state_time_mean": NaN, "set_state_time_total": 0.0, "setup_model_time_mean": NaN, "setup_model_time_total": 0.0, "setup_proc_time_mean": NaN, "setup_proc_time_total": 0.0, "train_accuracy": 0.5401399731636047, "train_loss": 1.3139840979766846, "training_time_mean": NaN, "training_time_total": 0.0, "val_accuracy": 0.5780999660491943, "val_loss": 1.6012298244476317, "validation_time_mean": NaN, "validation_time_total": 0.0, "samples": 60000, "num_workers": 1, "done": true, "timesteps_total": null, "episodes_total": null, "training_iteration": 12, "neg_mean_loss": -2.7909150902557376, "experiment_id": "655c5af310a74241b1b003ff39611462", "date": "2019-06-03_03-57-45", "timestamp": 1559559465, "time_this_iter_s": 40.38301968574524, "time_total_s": 491.5659737586975, "pid": 24203, "hostname": "steropes", "node_ip": "169.229.49.254", "config": {"starting_lr": 0.01, "momentum": 0.9, "weight_decay": 0.0005, "steps_per_iteration": null, "pin": false, "model_creator": null, "target_batch_size": 128, "model_string": "resnet50", "min_batch_size": 128, "dataset": "CIFAR", "placement": null, "use_nccl": true, "devices_per_worker": 1, "primary_resource": "extra_gpu", "gpu": false, "verbose": false, "lr_config": {"mode": "log", "steps": 5, "initial_lr": 0.01, "target_lr": 0.01}, "batch_per_device": 128}, "time_since_restore": 491.5659737586975, "timesteps_since_restore": 0, "iterations_since_restore": 12, "mean_throughput": 1484.5131462852328, "atoms": 1, "setup_time": 9.066250324249268}
