apply,batch_time,d2h,data_time,fwd,get_state_time_mean,get_state_time_total,grad,mean_accuracy,mean_loss,neg_mean_accuracy,set_state_time_mean,set_state_time_total,setup_model_time_mean,setup_model_time_total,setup_proc_time_mean,setup_proc_time_total,train_accuracy,train_loss,training_time_mean,training_time_total,val_accuracy,val_loss,validation_time_mean,validation_time_total,samples,num_workers,done,timesteps_total,episodes_total,training_iteration,neg_mean_loss,experiment_id,date,timestamp,time_this_iter_s,time_total_s,pid,hostname,node_ip,config,time_since_restore,timesteps_since_restore,iterations_since_restore,mean_throughput,atoms,setup_time
0.019225811958312987,0.04164296464075016,0.0007089614868164062,0.0019265587067665041,0.11429738998413086,nan,0.0,0.18448266983032227,0.22339999675750732,2.0899723796844483,-0.22339999675750732,nan,0.0,9.830214500427246,9.830214500427246,0.5233328342437744,0.5233328342437744,0.19659999012947083,3.065081106109619,nan,0.0,0.22339999675750732,2.0899723796844483,nan,0.0,60000,1,False,,,1,-2.0899723796844483,bc1cd1400de84e4a91898155fc39a747,2019-06-06_13-21-30,1559852490,47.28689360618591,47.28689360618591,14593,steropes,169.229.49.254,"{'starting_lr': 0.005, 'momentum': 0.99, 'weight_decay': 0.005, 'steps_per_iteration': None, 'pin': False, 'model_creator': None, 'target_batch_size': 128, 'model_string': 'resnet50', 'min_batch_size': 128, 'dataset': 'CIFAR', 'placement': None, 'use_nccl': True, 'devices_per_worker': 1, 'primary_resource': 'extra_gpu', 'gpu': False, 'verbose': False, 'lr_config': {'mode': 'log', 'steps': 5, 'initial_lr': 0.005, 'target_lr': 0.005}, 'batch_per_device': 128}",47.28689360618591,0,1,1268.8469918949727,1,10.465155124664307
0.01851935386657715,0.03301087512245661,0.0007306814193725586,0.0018273869438854326,0.028127002716064452,nan,0.0,0.049043679237365724,0.2699499875307083,1.9495918371200562,-0.3164999783039093,nan,0.0,nan,0.0,nan,0.0,0.26165997982025146,2.0563433252334593,nan,0.0,0.3164999783039093,1.809211294555664,nan,0.0,60000,1,False,,,2,-1.9495918371200562,bc1cd1400de84e4a91898155fc39a747,2019-06-06_13-22-12,1559852532,42.183812618255615,89.47070622444153,14593,steropes,169.229.49.254,"{'starting_lr': 0.005, 'momentum': 0.99, 'weight_decay': 0.005, 'steps_per_iteration': None, 'pin': False, 'model_creator': None, 'target_batch_size': 128, 'model_string': 'resnet50', 'min_batch_size': 128, 'dataset': 'CIFAR', 'placement': None, 'use_nccl': True, 'devices_per_worker': 1, 'primary_resource': 'extra_gpu', 'gpu': False, 'verbose': False, 'lr_config': {'mode': 'log', 'steps': 5, 'initial_lr': 0.005, 'target_lr': 0.005}, 'batch_per_device': 128}",89.47070622444153,0,2,1341.2180122649772,1,10.465155124664307
0.02282423973083496,0.03220527383345592,0.0007747888565063476,0.001835335246132463,0.031447553634643556,nan,0.0,0.05164361000061035,0.3179999887943268,1.8325736781438193,-0.4140999913215637,nan,0.0,nan,0.0,nan,0.0,0.369519978761673,1.7126340143585206,nan,0.0,0.4140999913215637,1.5985373601913453,nan,0.0,60000,1,False,,,3,-1.8325736781438193,bc1cd1400de84e4a91898155fc39a747,2019-06-06_13-22-54,1559852574,41.767582416534424,131.23828864097595,14593,steropes,169.229.49.254,"{'starting_lr': 0.005, 'momentum': 0.99, 'weight_decay': 0.005, 'steps_per_iteration': None, 'pin': False, 'model_creator': None, 'target_batch_size': 128, 'model_string': 'resnet50', 'min_batch_size': 128, 'dataset': 'CIFAR', 'placement': None, 'use_nccl': True, 'devices_per_worker': 1, 'primary_resource': 'extra_gpu', 'gpu': False, 'verbose': False, 'lr_config': {'mode': 'log', 'steps': 5, 'initial_lr': 0.005, 'target_lr': 0.005}, 'batch_per_device': 128}",131.23828864097595,0,3,1371.5479665877112,1,10.465155124664307
0.01909465789794922,0.0320590719392028,0.0007173538208007813,0.0018681357888614431,0.028589677810668946,nan,0.0,0.049170279502868654,0.3520499914884567,1.751404174757004,-0.45419999957084656,nan,0.0,nan,0.0,nan,0.0,0.41543999314308167,1.583519104309082,nan,0.0,0.45419999957084656,1.5078956645965576,nan,0.0,60000,1,False,,,4,-1.751404174757004,bc1cd1400de84e4a91898155fc39a747,2019-06-06_13-23-36,1559852616,41.991206407547,173.22949504852295,14593,steropes,169.229.49.254,"{'starting_lr': 0.005, 'momentum': 0.99, 'weight_decay': 0.005, 'steps_per_iteration': None, 'pin': False, 'model_creator': None, 'target_batch_size': 128, 'model_string': 'resnet50', 'min_batch_size': 128, 'dataset': 'CIFAR', 'placement': None, 'use_nccl': True, 'devices_per_worker': 1, 'primary_resource': 'extra_gpu', 'gpu': False, 'verbose': False, 'lr_config': {'mode': 'log', 'steps': 5, 'initial_lr': 0.005, 'target_lr': 0.005}, 'batch_per_device': 128}",173.22949504852295,0,4,1385.4424685293545,1,10.465155124664307
0.01921384334564209,0.03242746184143839,0.0007198333740234375,0.0018435500162031948,0.028614521026611328,nan,0.0,0.05025236606597901,0.3809599936008453,1.6800493002700807,-0.4966000020503998,nan,0.0,nan,0.0,nan,0.0,0.4395599961280823,1.5390853109359741,nan,0.0,0.4966000020503998,1.3946298023223878,nan,0.0,60000,1,False,,,5,-1.6800493002700807,bc1cd1400de84e4a91898155fc39a747,2019-06-06_13-24-18,1559852658,41.96553826332092,215.19503331184387,14593,steropes,169.229.49.254,"{'starting_lr': 0.005, 'momentum': 0.99, 'weight_decay': 0.005, 'steps_per_iteration': None, 'pin': False, 'model_creator': None, 'target_batch_size': 128, 'model_string': 'resnet50', 'min_batch_size': 128, 'dataset': 'CIFAR', 'placement': None, 'use_nccl': True, 'devices_per_worker': 1, 'primary_resource': 'extra_gpu', 'gpu': False, 'verbose': False, 'lr_config': {'mode': 'log', 'steps': 5, 'initial_lr': 0.005, 'target_lr': 0.005}, 'batch_per_device': 128}",215.19503331184387,0,5,1394.081344877452,1,10.465155124664307
0.018446922302246094,0.03325484975983825,0.0006990432739257812,0.001859116127423923,0.028144145011901857,nan,0.0,0.04831461906433106,0.4264599919319153,1.564792468147278,-0.45089998841285706,nan,0.0,nan,0.0,nan,0.0,0.45895999670028687,1.4892988849639892,nan,0.0,0.45089998841285706,1.5136882190704346,nan,0.0,60000,1,False,,,6,-1.564792468147278,bc1cd1400de84e4a91898155fc39a747,2019-06-06_13-25-00,1559852700,41.95114088058472,257.1461741924286,14593,steropes,169.229.49.254,"{'starting_lr': 0.005, 'momentum': 0.99, 'weight_decay': 0.005, 'steps_per_iteration': None, 'pin': False, 'model_creator': None, 'target_batch_size': 128, 'model_string': 'resnet50', 'min_batch_size': 128, 'dataset': 'CIFAR', 'placement': None, 'use_nccl': True, 'devices_per_worker': 1, 'primary_resource': 'extra_gpu', 'gpu': False, 'verbose': False, 'lr_config': {'mode': 'log', 'steps': 5, 'initial_lr': 0.005, 'target_lr': 0.005}, 'batch_per_device': 128}",257.1461741924286,0,6,1429.526699781135,1,10.465155124664307
0.01960139274597168,0.03479105913186375,0.001028752326965332,0.0018656528209481397,0.029131031036376952,nan,0.0,0.05033013820648193,0.45713999271392824,1.493484726715088,-0.469899982213974,nan,0.0,nan,0.0,nan,0.0,0.4900199770927429,1.4207922721099853,nan,0.0,0.469899982213974,1.4526725873947144,nan,0.0,60000,1,False,,,7,-1.493484726715088,bc1cd1400de84e4a91898155fc39a747,2019-06-06_13-25-42,1559852742,42.12214922904968,299.26832342147827,14593,steropes,169.229.49.254,"{'starting_lr': 0.005, 'momentum': 0.99, 'weight_decay': 0.005, 'steps_per_iteration': None, 'pin': False, 'model_creator': None, 'target_batch_size': 128, 'model_string': 'resnet50', 'min_batch_size': 128, 'dataset': 'CIFAR', 'placement': None, 'use_nccl': True, 'devices_per_worker': 1, 'primary_resource': 'extra_gpu', 'gpu': False, 'verbose': False, 'lr_config': {'mode': 'log', 'steps': 5, 'initial_lr': 0.005, 'target_lr': 0.005}, 'batch_per_device': 128}",299.26832342147827,0,7,1429.9468145160115,1,10.465155124664307
0.019948959350585938,0.032629782640481296,0.0006990432739257812,0.0019051821335502293,0.029985952377319335,nan,0.0,0.05106441974639893,0.47951998710632326,1.4437123614883423,-0.5259999632835388,nan,0.0,nan,0.0,nan,0.0,0.5039399862289429,1.3850125145721435,nan,0.0,0.5259999632835388,1.3496755340576172,nan,0.0,60000,1,False,,,8,-1.4437123614883423,bc1cd1400de84e4a91898155fc39a747,2019-06-06_13-26-25,1559852785,42.387593269348145,341.6559166908264,14593,steropes,169.229.49.254,"{'starting_lr': 0.005, 'momentum': 0.99, 'weight_decay': 0.005, 'steps_per_iteration': None, 'pin': False, 'model_creator': None, 'target_batch_size': 128, 'model_string': 'resnet50', 'min_batch_size': 128, 'dataset': 'CIFAR', 'placement': None, 'use_nccl': True, 'devices_per_worker': 1, 'primary_resource': 'extra_gpu', 'gpu': False, 'verbose': False, 'lr_config': {'mode': 'log', 'steps': 5, 'initial_lr': 0.005, 'target_lr': 0.005}, 'batch_per_device': 128}",341.6559166908264,0,8,1425.7329051480265,1,10.465155124664307
0.018275642395019533,0.03339802766148048,0.0007335186004638672,0.0018566118176940763,0.028081512451171874,nan,0.0,0.048845219612121585,0.4875999867916107,1.4160272597503663,-0.49459999799728394,nan,0.0,nan,0.0,nan,0.0,0.5086199641227722,1.3684541473007201,nan,0.0,0.49459999799728394,1.3694701559066773,nan,0.0,60000,1,True,,,9,-1.4160272597503663,bc1cd1400de84e4a91898155fc39a747,2019-06-06_13-27-07,1559852827,42.08360028266907,383.7395169734955,14593,steropes,169.229.49.254,"{'starting_lr': 0.005, 'momentum': 0.99, 'weight_decay': 0.005, 'steps_per_iteration': None, 'pin': False, 'model_creator': None, 'target_batch_size': 128, 'model_string': 'resnet50', 'min_batch_size': 128, 'dataset': 'CIFAR', 'placement': None, 'use_nccl': True, 'devices_per_worker': 1, 'primary_resource': 'extra_gpu', 'gpu': False, 'verbose': False, 'lr_config': {'mode': 'log', 'steps': 5, 'initial_lr': 0.005, 'target_lr': 0.005}, 'batch_per_device': 128}",383.7395169734955,0,9,1425.1071082849767,1,10.465155124664307
