{"apply": 0.019225811958312987, "batch_time": 0.04164296464075016, "d2h": 0.0007089614868164062, "data_time": 0.0019265587067665041, "fwd": 0.11429738998413086, "get_state_time_mean": NaN, "get_state_time_total": 0.0, "grad": 0.18448266983032227, "mean_accuracy": 0.22339999675750732, "mean_loss": 2.0899723796844483, "neg_mean_accuracy": -0.22339999675750732, "set_state_time_mean": NaN, "set_state_time_total": 0.0, "setup_model_time_mean": 9.830214500427246, "setup_model_time_total": 9.830214500427246, "setup_proc_time_mean": 0.5233328342437744, "setup_proc_time_total": 0.5233328342437744, "train_accuracy": 0.19659999012947083, "train_loss": 3.065081106109619, "training_time_mean": NaN, "training_time_total": 0.0, "val_accuracy": 0.22339999675750732, "val_loss": 2.0899723796844483, "validation_time_mean": NaN, "validation_time_total": 0.0, "samples": 60000, "num_workers": 1, "done": false, "timesteps_total": null, "episodes_total": null, "training_iteration": 1, "neg_mean_loss": -2.0899723796844483, "experiment_id": "bc1cd1400de84e4a91898155fc39a747", "date": "2019-06-06_13-21-30", "timestamp": 1559852490, "time_this_iter_s": 47.28689360618591, "time_total_s": 47.28689360618591, "pid": 14593, "hostname": "steropes", "node_ip": "169.229.49.254", "config": {"starting_lr": 0.005, "momentum": 0.99, "weight_decay": 0.005, "steps_per_iteration": null, "pin": false, "model_creator": null, "target_batch_size": 128, "model_string": "resnet50", "min_batch_size": 128, "dataset": "CIFAR", "placement": null, "use_nccl": true, "devices_per_worker": 1, "primary_resource": "extra_gpu", "gpu": false, "verbose": false, "lr_config": {"mode": "log", "steps": 5, "initial_lr": 0.005, "target_lr": 0.005}, "batch_per_device": 128}, "time_since_restore": 47.28689360618591, "timesteps_since_restore": 0, "iterations_since_restore": 1, "mean_throughput": 1268.8469918949727, "atoms": 1, "setup_time": 10.465155124664307}
{"apply": 0.01851935386657715, "batch_time": 0.03301087512245661, "d2h": 0.0007306814193725586, "data_time": 0.0018273869438854326, "fwd": 0.028127002716064452, "get_state_time_mean": NaN, "get_state_time_total": 0.0, "grad": 0.049043679237365724, "mean_accuracy": 0.2699499875307083, "mean_loss": 1.9495918371200562, "neg_mean_accuracy": -0.3164999783039093, "set_state_time_mean": NaN, "set_state_time_total": 0.0, "setup_model_time_mean": NaN, "setup_model_time_total": 0.0, "setup_proc_time_mean": NaN, "setup_proc_time_total": 0.0, "train_accuracy": 0.26165997982025146, "train_loss": 2.0563433252334593, "training_time_mean": NaN, "training_time_total": 0.0, "val_accuracy": 0.3164999783039093, "val_loss": 1.809211294555664, "validation_time_mean": NaN, "validation_time_total": 0.0, "samples": 60000, "num_workers": 1, "done": false, "timesteps_total": null, "episodes_total": null, "training_iteration": 2, "neg_mean_loss": -1.9495918371200562, "experiment_id": "bc1cd1400de84e4a91898155fc39a747", "date": "2019-06-06_13-22-12", "timestamp": 1559852532, "time_this_iter_s": 42.183812618255615, "time_total_s": 89.47070622444153, "pid": 14593, "hostname": "steropes", "node_ip": "169.229.49.254", "config": {"starting_lr": 0.005, "momentum": 0.99, "weight_decay": 0.005, "steps_per_iteration": null, "pin": false, "model_creator": null, "target_batch_size": 128, "model_string": "resnet50", "min_batch_size": 128, "dataset": "CIFAR", "placement": null, "use_nccl": true, "devices_per_worker": 1, "primary_resource": "extra_gpu", "gpu": false, "verbose": false, "lr_config": {"mode": "log", "steps": 5, "initial_lr": 0.005, "target_lr": 0.005}, "batch_per_device": 128}, "time_since_restore": 89.47070622444153, "timesteps_since_restore": 0, "iterations_since_restore": 2, "mean_throughput": 1341.2180122649772, "atoms": 1, "setup_time": 10.465155124664307}
{"apply": 0.02282423973083496, "batch_time": 0.03220527383345592, "d2h": 0.0007747888565063476, "data_time": 0.001835335246132463, "fwd": 0.031447553634643556, "get_state_time_mean": NaN, "get_state_time_total": 0.0, "grad": 0.05164361000061035, "mean_accuracy": 0.3179999887943268, "mean_loss": 1.8325736781438193, "neg_mean_accuracy": -0.4140999913215637, "set_state_time_mean": NaN, "set_state_time_total": 0.0, "setup_model_time_mean": NaN, "setup_model_time_total": 0.0, "setup_proc_time_mean": NaN, "setup_proc_time_total": 0.0, "train_accuracy": 0.369519978761673, "train_loss": 1.7126340143585206, "training_time_mean": NaN, "training_time_total": 0.0, "val_accuracy": 0.4140999913215637, "val_loss": 1.5985373601913453, "validation_time_mean": NaN, "validation_time_total": 0.0, "samples": 60000, "num_workers": 1, "done": false, "timesteps_total": null, "episodes_total": null, "training_iteration": 3, "neg_mean_loss": -1.8325736781438193, "experiment_id": "bc1cd1400de84e4a91898155fc39a747", "date": "2019-06-06_13-22-54", "timestamp": 1559852574, "time_this_iter_s": 41.767582416534424, "time_total_s": 131.23828864097595, "pid": 14593, "hostname": "steropes", "node_ip": "169.229.49.254", "config": {"starting_lr": 0.005, "momentum": 0.99, "weight_decay": 0.005, "steps_per_iteration": null, "pin": false, "model_creator": null, "target_batch_size": 128, "model_string": "resnet50", "min_batch_size": 128, "dataset": "CIFAR", "placement": null, "use_nccl": true, "devices_per_worker": 1, "primary_resource": "extra_gpu", "gpu": false, "verbose": false, "lr_config": {"mode": "log", "steps": 5, "initial_lr": 0.005, "target_lr": 0.005}, "batch_per_device": 128}, "time_since_restore": 131.23828864097595, "timesteps_since_restore": 0, "iterations_since_restore": 3, "mean_throughput": 1371.5479665877112, "atoms": 1, "setup_time": 10.465155124664307}
{"apply": 0.01909465789794922, "batch_time": 0.0320590719392028, "d2h": 0.0007173538208007813, "data_time": 0.0018681357888614431, "fwd": 0.028589677810668946, "get_state_time_mean": NaN, "get_state_time_total": 0.0, "grad": 0.049170279502868654, "mean_accuracy": 0.3520499914884567, "mean_loss": 1.751404174757004, "neg_mean_accuracy": -0.45419999957084656, "set_state_time_mean": NaN, "set_state_time_total": 0.0, "setup_model_time_mean": NaN, "setup_model_time_total": 0.0, "setup_proc_time_mean": NaN, "setup_proc_time_total": 0.0, "train_accuracy": 0.41543999314308167, "train_loss": 1.583519104309082, "training_time_mean": NaN, "training_time_total": 0.0, "val_accuracy": 0.45419999957084656, "val_loss": 1.5078956645965576, "validation_time_mean": NaN, "validation_time_total": 0.0, "samples": 60000, "num_workers": 1, "done": false, "timesteps_total": null, "episodes_total": null, "training_iteration": 4, "neg_mean_loss": -1.751404174757004, "experiment_id": "bc1cd1400de84e4a91898155fc39a747", "date": "2019-06-06_13-23-36", "timestamp": 1559852616, "time_this_iter_s": 41.991206407547, "time_total_s": 173.22949504852295, "pid": 14593, "hostname": "steropes", "node_ip": "169.229.49.254", "config": {"starting_lr": 0.005, "momentum": 0.99, "weight_decay": 0.005, "steps_per_iteration": null, "pin": false, "model_creator": null, "target_batch_size": 128, "model_string": "resnet50", "min_batch_size": 128, "dataset": "CIFAR", "placement": null, "use_nccl": true, "devices_per_worker": 1, "primary_resource": "extra_gpu", "gpu": false, "verbose": false, "lr_config": {"mode": "log", "steps": 5, "initial_lr": 0.005, "target_lr": 0.005}, "batch_per_device": 128}, "time_since_restore": 173.22949504852295, "timesteps_since_restore": 0, "iterations_since_restore": 4, "mean_throughput": 1385.4424685293545, "atoms": 1, "setup_time": 10.465155124664307}
{"apply": 0.01921384334564209, "batch_time": 0.03242746184143839, "d2h": 0.0007198333740234375, "data_time": 0.0018435500162031948, "fwd": 0.028614521026611328, "get_state_time_mean": NaN, "get_state_time_total": 0.0, "grad": 0.05025236606597901, "mean_accuracy": 0.3809599936008453, "mean_loss": 1.6800493002700807, "neg_mean_accuracy": -0.4966000020503998, "set_state_time_mean": NaN, "set_state_time_total": 0.0, "setup_model_time_mean": NaN, "setup_model_time_total": 0.0, "setup_proc_time_mean": NaN, "setup_proc_time_total": 0.0, "train_accuracy": 0.4395599961280823, "train_loss": 1.5390853109359741, "training_time_mean": NaN, "training_time_total": 0.0, "val_accuracy": 0.4966000020503998, "val_loss": 1.3946298023223878, "validation_time_mean": NaN, "validation_time_total": 0.0, "samples": 60000, "num_workers": 1, "done": false, "timesteps_total": null, "episodes_total": null, "training_iteration": 5, "neg_mean_loss": -1.6800493002700807, "experiment_id": "bc1cd1400de84e4a91898155fc39a747", "date": "2019-06-06_13-24-18", "timestamp": 1559852658, "time_this_iter_s": 41.96553826332092, "time_total_s": 215.19503331184387, "pid": 14593, "hostname": "steropes", "node_ip": "169.229.49.254", "config": {"starting_lr": 0.005, "momentum": 0.99, "weight_decay": 0.005, "steps_per_iteration": null, "pin": false, "model_creator": null, "target_batch_size": 128, "model_string": "resnet50", "min_batch_size": 128, "dataset": "CIFAR", "placement": null, "use_nccl": true, "devices_per_worker": 1, "primary_resource": "extra_gpu", "gpu": false, "verbose": false, "lr_config": {"mode": "log", "steps": 5, "initial_lr": 0.005, "target_lr": 0.005}, "batch_per_device": 128}, "time_since_restore": 215.19503331184387, "timesteps_since_restore": 0, "iterations_since_restore": 5, "mean_throughput": 1394.081344877452, "atoms": 1, "setup_time": 10.465155124664307}
{"apply": 0.018446922302246094, "batch_time": 0.03325484975983825, "d2h": 0.0006990432739257812, "data_time": 0.001859116127423923, "fwd": 0.028144145011901857, "get_state_time_mean": NaN, "get_state_time_total": 0.0, "grad": 0.04831461906433106, "mean_accuracy": 0.4264599919319153, "mean_loss": 1.564792468147278, "neg_mean_accuracy": -0.45089998841285706, "set_state_time_mean": NaN, "set_state_time_total": 0.0, "setup_model_time_mean": NaN, "setup_model_time_total": 0.0, "setup_proc_time_mean": NaN, "setup_proc_time_total": 0.0, "train_accuracy": 0.45895999670028687, "train_loss": 1.4892988849639892, "training_time_mean": NaN, "training_time_total": 0.0, "val_accuracy": 0.45089998841285706, "val_loss": 1.5136882190704346, "validation_time_mean": NaN, "validation_time_total": 0.0, "samples": 60000, "num_workers": 1, "done": false, "timesteps_total": null, "episodes_total": null, "training_iteration": 6, "neg_mean_loss": -1.564792468147278, "experiment_id": "bc1cd1400de84e4a91898155fc39a747", "date": "2019-06-06_13-25-00", "timestamp": 1559852700, "time_this_iter_s": 41.95114088058472, "time_total_s": 257.1461741924286, "pid": 14593, "hostname": "steropes", "node_ip": "169.229.49.254", "config": {"starting_lr": 0.005, "momentum": 0.99, "weight_decay": 0.005, "steps_per_iteration": null, "pin": false, "model_creator": null, "target_batch_size": 128, "model_string": "resnet50", "min_batch_size": 128, "dataset": "CIFAR", "placement": null, "use_nccl": true, "devices_per_worker": 1, "primary_resource": "extra_gpu", "gpu": false, "verbose": false, "lr_config": {"mode": "log", "steps": 5, "initial_lr": 0.005, "target_lr": 0.005}, "batch_per_device": 128}, "time_since_restore": 257.1461741924286, "timesteps_since_restore": 0, "iterations_since_restore": 6, "mean_throughput": 1429.526699781135, "atoms": 1, "setup_time": 10.465155124664307}
{"apply": 0.01960139274597168, "batch_time": 0.03479105913186375, "d2h": 0.001028752326965332, "data_time": 0.0018656528209481397, "fwd": 0.029131031036376952, "get_state_time_mean": NaN, "get_state_time_total": 0.0, "grad": 0.05033013820648193, "mean_accuracy": 0.45713999271392824, "mean_loss": 1.493484726715088, "neg_mean_accuracy": -0.469899982213974, "set_state_time_mean": NaN, "set_state_time_total": 0.0, "setup_model_time_mean": NaN, "setup_model_time_total": 0.0, "setup_proc_time_mean": NaN, "setup_proc_time_total": 0.0, "train_accuracy": 0.4900199770927429, "train_loss": 1.4207922721099853, "training_time_mean": NaN, "training_time_total": 0.0, "val_accuracy": 0.469899982213974, "val_loss": 1.4526725873947144, "validation_time_mean": NaN, "validation_time_total": 0.0, "samples": 60000, "num_workers": 1, "done": false, "timesteps_total": null, "episodes_total": null, "training_iteration": 7, "neg_mean_loss": -1.493484726715088, "experiment_id": "bc1cd1400de84e4a91898155fc39a747", "date": "2019-06-06_13-25-42", "timestamp": 1559852742, "time_this_iter_s": 42.12214922904968, "time_total_s": 299.26832342147827, "pid": 14593, "hostname": "steropes", "node_ip": "169.229.49.254", "config": {"starting_lr": 0.005, "momentum": 0.99, "weight_decay": 0.005, "steps_per_iteration": null, "pin": false, "model_creator": null, "target_batch_size": 128, "model_string": "resnet50", "min_batch_size": 128, "dataset": "CIFAR", "placement": null, "use_nccl": true, "devices_per_worker": 1, "primary_resource": "extra_gpu", "gpu": false, "verbose": false, "lr_config": {"mode": "log", "steps": 5, "initial_lr": 0.005, "target_lr": 0.005}, "batch_per_device": 128}, "time_since_restore": 299.26832342147827, "timesteps_since_restore": 0, "iterations_since_restore": 7, "mean_throughput": 1429.9468145160115, "atoms": 1, "setup_time": 10.465155124664307}
{"apply": 0.019948959350585938, "batch_time": 0.032629782640481296, "d2h": 0.0006990432739257812, "data_time": 0.0019051821335502293, "fwd": 0.029985952377319335, "get_state_time_mean": NaN, "get_state_time_total": 0.0, "grad": 0.05106441974639893, "mean_accuracy": 0.47951998710632326, "mean_loss": 1.4437123614883423, "neg_mean_accuracy": -0.5259999632835388, "set_state_time_mean": NaN, "set_state_time_total": 0.0, "setup_model_time_mean": NaN, "setup_model_time_total": 0.0, "setup_proc_time_mean": NaN, "setup_proc_time_total": 0.0, "train_accuracy": 0.5039399862289429, "train_loss": 1.3850125145721435, "training_time_mean": NaN, "training_time_total": 0.0, "val_accuracy": 0.5259999632835388, "val_loss": 1.3496755340576172, "validation_time_mean": NaN, "validation_time_total": 0.0, "samples": 60000, "num_workers": 1, "done": false, "timesteps_total": null, "episodes_total": null, "training_iteration": 8, "neg_mean_loss": -1.4437123614883423, "experiment_id": "bc1cd1400de84e4a91898155fc39a747", "date": "2019-06-06_13-26-25", "timestamp": 1559852785, "time_this_iter_s": 42.387593269348145, "time_total_s": 341.6559166908264, "pid": 14593, "hostname": "steropes", "node_ip": "169.229.49.254", "config": {"starting_lr": 0.005, "momentum": 0.99, "weight_decay": 0.005, "steps_per_iteration": null, "pin": false, "model_creator": null, "target_batch_size": 128, "model_string": "resnet50", "min_batch_size": 128, "dataset": "CIFAR", "placement": null, "use_nccl": true, "devices_per_worker": 1, "primary_resource": "extra_gpu", "gpu": false, "verbose": false, "lr_config": {"mode": "log", "steps": 5, "initial_lr": 0.005, "target_lr": 0.005}, "batch_per_device": 128}, "time_since_restore": 341.6559166908264, "timesteps_since_restore": 0, "iterations_since_restore": 8, "mean_throughput": 1425.7329051480265, "atoms": 1, "setup_time": 10.465155124664307}
{"apply": 0.018275642395019533, "batch_time": 0.03339802766148048, "d2h": 0.0007335186004638672, "data_time": 0.0018566118176940763, "fwd": 0.028081512451171874, "get_state_time_mean": NaN, "get_state_time_total": 0.0, "grad": 0.048845219612121585, "mean_accuracy": 0.4875999867916107, "mean_loss": 1.4160272597503663, "neg_mean_accuracy": -0.49459999799728394, "set_state_time_mean": NaN, "set_state_time_total": 0.0, "setup_model_time_mean": NaN, "setup_model_time_total": 0.0, "setup_proc_time_mean": NaN, "setup_proc_time_total": 0.0, "train_accuracy": 0.5086199641227722, "train_loss": 1.3684541473007201, "training_time_mean": NaN, "training_time_total": 0.0, "val_accuracy": 0.49459999799728394, "val_loss": 1.3694701559066773, "validation_time_mean": NaN, "validation_time_total": 0.0, "samples": 60000, "num_workers": 1, "done": true, "timesteps_total": null, "episodes_total": null, "training_iteration": 9, "neg_mean_loss": -1.4160272597503663, "experiment_id": "bc1cd1400de84e4a91898155fc39a747", "date": "2019-06-06_13-27-07", "timestamp": 1559852827, "time_this_iter_s": 42.08360028266907, "time_total_s": 383.7395169734955, "pid": 14593, "hostname": "steropes", "node_ip": "169.229.49.254", "config": {"starting_lr": 0.005, "momentum": 0.99, "weight_decay": 0.005, "steps_per_iteration": null, "pin": false, "model_creator": null, "target_batch_size": 128, "model_string": "resnet50", "min_batch_size": 128, "dataset": "CIFAR", "placement": null, "use_nccl": true, "devices_per_worker": 1, "primary_resource": "extra_gpu", "gpu": false, "verbose": false, "lr_config": {"mode": "log", "steps": 5, "initial_lr": 0.005, "target_lr": 0.005}, "batch_per_device": 128}, "time_since_restore": 383.7395169734955, "timesteps_since_restore": 0, "iterations_since_restore": 9, "mean_throughput": 1425.1071082849767, "atoms": 1, "setup_time": 10.465155124664307}
