apply,batch_time,d2h,data_time,fwd,get_state_time_mean,get_state_time_total,grad,mean_accuracy,mean_loss,neg_mean_accuracy,set_state_time_mean,set_state_time_total,setup_model_time_mean,setup_model_time_total,setup_proc_time_mean,setup_proc_time_total,train_accuracy,train_loss,training_time_mean,training_time_total,val_accuracy,val_loss,validation_time_mean,validation_time_total,samples,num_workers,done,timesteps_total,episodes_total,training_iteration,neg_mean_loss,experiment_id,date,timestamp,time_this_iter_s,time_total_s,pid,hostname,node_ip,config,time_since_restore,timesteps_since_restore,iterations_since_restore,mean_throughput,atoms,setup_time
0.017292356491088866,0.04079832909982416,0.0006501197814941407,0.0018168075005416675,0.11782736778259277,nan,0.0,0.24366300106048583,0.17960000038146973,56.53112415161133,-0.17960000038146973,nan,0.0,10.924459457397461,10.924459457397461,1.8595173358917236,1.8595173358917236,0.18065999448299408,4.255692893295288,nan,0.0,0.17960000038146973,56.53112415161133,nan,0.0,60000,1,False,,,1,-56.53112415161133,425e10250b224110b3b00c70601652be,2019-06-02_20-14-32,1559531672,46.05628037452698,46.05628037452698,18845,steropes,169.229.49.254,"{'starting_lr': 0.005, 'momentum': 0.997, 'weight_decay': 0.0005, 'steps_per_iteration': None, 'pin': False, 'model_creator': None, 'target_batch_size': 128, 'model_string': 'resnet50', 'min_batch_size': 128, 'dataset': 'CIFAR', 'placement': None, 'use_nccl': True, 'devices_per_worker': 1, 'primary_resource': 'extra_gpu', 'gpu': False, 'verbose': False, 'lr_config': {'mode': 'log', 'steps': 5, 'initial_lr': 0.005, 'target_lr': 0.005}, 'batch_per_device': 128}",46.05628037452698,0,1,1302.7514088899993,1,14.405348539352417
0.01723136901855469,0.03127013580708564,0.0006530284881591797,0.0017679359601891558,0.027568507194519042,nan,0.0,0.046870994567871097,0.24994999170303345,31.15956592502594,-0.32029998302459717,nan,0.0,nan,0.0,nan,0.0,0.23916000127792358,2.591627612991333,nan,0.0,0.32029998302459717,5.788007698440552,nan,0.0,60000,1,False,,,2,-31.15956592502594,425e10250b224110b3b00c70601652be,2019-06-02_20-15-12,1559531712,40.13970160484314,86.19598197937012,18845,steropes,169.229.49.254,"{'starting_lr': 0.005, 'momentum': 0.997, 'weight_decay': 0.0005, 'steps_per_iteration': None, 'pin': False, 'model_creator': None, 'target_batch_size': 128, 'model_string': 'resnet50', 'min_batch_size': 128, 'dataset': 'CIFAR', 'placement': None, 'use_nccl': True, 'devices_per_worker': 1, 'primary_resource': 'extra_gpu', 'gpu': False, 'verbose': False, 'lr_config': {'mode': 'log', 'steps': 5, 'initial_lr': 0.005, 'target_lr': 0.005}, 'batch_per_device': 128}",86.19598197937012,0,2,1392.173551164047,1,14.405348539352417
0.017382478713989256,0.0312716327136076,0.0006568431854248047,0.0017452264380881854,0.027599787712097167,nan,0.0,0.04710142612457276,0.2811333239078522,21.522745898818968,-0.3434999883174896,nan,0.0,nan,0.0,nan,0.0,0.30796000361442566,1.8336986801147461,nan,0.0,0.3434999883174896,2.2491058464050293,nan,0.0,60000,1,False,,,3,-21.522745898818968,425e10250b224110b3b00c70601652be,2019-06-02_20-15-52,1559531752,39.799012184143066,125.99499416351318,18845,steropes,169.229.49.254,"{'starting_lr': 0.005, 'momentum': 0.997, 'weight_decay': 0.0005, 'steps_per_iteration': None, 'pin': False, 'model_creator': None, 'target_batch_size': 128, 'model_string': 'resnet50', 'min_batch_size': 128, 'dataset': 'CIFAR', 'placement': None, 'use_nccl': True, 'devices_per_worker': 1, 'primary_resource': 'extra_gpu', 'gpu': False, 'verbose': False, 'lr_config': {'mode': 'log', 'steps': 5, 'initial_lr': 0.005, 'target_lr': 0.005}, 'batch_per_device': 128}",125.99499416351318,0,3,1428.6241367003604,1,14.405348539352417
0.017490172386169435,0.031692317769497255,0.0006321907043457031,0.001757538836935292,0.02806997299194336,nan,0.0,0.047111797332763675,0.31052499264478683,16.553254594802855,-0.3986999988555908,nan,0.0,nan,0.0,nan,0.0,0.3416999876499176,1.7547510706329346,nan,0.0,0.3986999988555908,1.6447806827545166,nan,0.0,60000,1,False,,,4,-16.553254594802855,425e10250b224110b3b00c70601652be,2019-06-02_20-16-32,1559531792,39.90940737724304,165.90440154075623,18845,steropes,169.229.49.254,"{'starting_lr': 0.005, 'momentum': 0.997, 'weight_decay': 0.0005, 'steps_per_iteration': None, 'pin': False, 'model_creator': None, 'target_batch_size': 128, 'model_string': 'resnet50', 'min_batch_size': 128, 'dataset': 'CIFAR', 'placement': None, 'use_nccl': True, 'devices_per_worker': 1, 'primary_resource': 'extra_gpu', 'gpu': False, 'verbose': False, 'lr_config': {'mode': 'log', 'steps': 5, 'initial_lr': 0.005, 'target_lr': 0.005}, 'batch_per_device': 128}",165.90440154075623,0,4,1446.6124054362535,1,14.405348539352417
0.017670035362243652,0.03134946883479251,0.0006703376770019531,0.0017769568411590499,0.028242611885070802,nan,0.0,0.04719884395599365,0.3093999922275543,13.61197124694824,-0.30489999055862427,nan,0.0,nan,0.0,nan,0.0,0.3153199851512909,1.8327262250137328,nan,0.0,0.30489999055862427,1.846837855529785,nan,0.0,60000,1,False,,,5,-13.61197124694824,425e10250b224110b3b00c70601652be,2019-06-02_20-17-12,1559531832,40.10627007484436,206.0106716156006,18845,steropes,169.229.49.254,"{'starting_lr': 0.005, 'momentum': 0.997, 'weight_decay': 0.0005, 'steps_per_iteration': None, 'pin': False, 'model_creator': None, 'target_batch_size': 128, 'model_string': 'resnet50', 'min_batch_size': 128, 'dataset': 'CIFAR', 'placement': None, 'use_nccl': True, 'devices_per_worker': 1, 'primary_resource': 'extra_gpu', 'gpu': False, 'verbose': False, 'lr_config': {'mode': 'log', 'steps': 5, 'initial_lr': 0.005, 'target_lr': 0.005}, 'batch_per_device': 128}",206.0106716156006,0,5,1456.2315348552902,1,14.405348539352417
0.01799333095550537,0.03175086311147183,0.0006896495819091797,0.0017951376297894645,0.027592182159423828,nan,0.0,0.04765353202819824,0.34559999108314515,2.64359032951355,-0.36059999465942383,nan,0.0,nan,0.0,nan,0.0,0.32235997915267944,1.8179486263275146,nan,0.0,0.36059999465942383,1.6892195644378663,nan,0.0,60000,1,False,,,6,-2.64359032951355,425e10250b224110b3b00c70601652be,2019-06-02_20-17-52,1559531872,40.12292766571045,246.13359928131104,18845,steropes,169.229.49.254,"{'starting_lr': 0.005, 'momentum': 0.997, 'weight_decay': 0.0005, 'steps_per_iteration': None, 'pin': False, 'model_creator': None, 'target_batch_size': 128, 'model_string': 'resnet50', 'min_batch_size': 128, 'dataset': 'CIFAR', 'placement': None, 'use_nccl': True, 'devices_per_worker': 1, 'primary_resource': 'extra_gpu', 'gpu': False, 'verbose': False, 'lr_config': {'mode': 'log', 'steps': 5, 'initial_lr': 0.005, 'target_lr': 0.005}, 'batch_per_device': 128}",246.13359928131104,0,6,1499.4164925632901,1,14.405348539352417
0.017659592628479003,0.031668566450288024,0.0006742715835571289,0.0017722823735698105,0.02770242691040039,nan,0.0,0.04702601432800293,0.36763999462127683,1.7959119290924073,-0.43050000071525574,nan,0.0,nan,0.0,nan,0.0,0.3688199818134308,1.6950999634552002,nan,0.0,0.43050000071525574,1.5496156963348389,nan,0.0,60000,1,False,,,7,-1.7959119290924073,425e10250b224110b3b00c70601652be,2019-06-02_20-18-32,1559531912,40.15461850166321,286.28821778297424,18845,steropes,169.229.49.254,"{'starting_lr': 0.005, 'momentum': 0.997, 'weight_decay': 0.0005, 'steps_per_iteration': None, 'pin': False, 'model_creator': None, 'target_batch_size': 128, 'model_string': 'resnet50', 'min_batch_size': 128, 'dataset': 'CIFAR', 'placement': None, 'use_nccl': True, 'devices_per_worker': 1, 'primary_resource': 'extra_gpu', 'gpu': False, 'verbose': False, 'lr_config': {'mode': 'log', 'steps': 5, 'initial_lr': 0.005, 'target_lr': 0.005}, 'batch_per_device': 128}",286.28821778297424,0,7,1499.3047272736633,1,14.405348539352417
0.017362189292907716,0.031685379487049734,0.0006624937057495117,0.0017690335393256847,0.027704405784606933,nan,0.0,0.04711151123046875,0.38785999417304995,1.64617396194458,-0.444599986076355,nan,0.0,nan,0.0,nan,0.0,0.4127799868583679,1.5813659519195558,nan,0.0,0.444599986076355,1.5004160106658935,nan,0.0,60000,1,False,,,8,-1.64617396194458,425e10250b224110b3b00c70601652be,2019-06-02_20-19-12,1559531952,39.98908710479736,326.2773048877716,18845,steropes,169.229.49.254,"{'starting_lr': 0.005, 'momentum': 0.997, 'weight_decay': 0.0005, 'steps_per_iteration': None, 'pin': False, 'model_creator': None, 'target_batch_size': 128, 'model_string': 'resnet50', 'min_batch_size': 128, 'dataset': 'CIFAR', 'placement': None, 'use_nccl': True, 'devices_per_worker': 1, 'primary_resource': 'extra_gpu', 'gpu': False, 'verbose': False, 'lr_config': {'mode': 'log', 'steps': 5, 'initial_lr': 0.005, 'target_lr': 0.005}, 'batch_per_device': 128}",326.2773048877716,0,8,1497.8826834388226,1,14.405348539352417
0.017495155334472656,0.03200468835951407,0.0006731748580932617,0.00177205980891157,0.02846951484680176,nan,0.0,0.04683692455291748,0.4052799940109253,1.5988674226379396,-0.48579999804496765,nan,0.0,nan,0.0,nan,0.0,0.4401399791240692,1.5146696282577514,nan,0.0,0.48579999804496765,1.4082479862213135,nan,0.0,60000,1,False,,,9,-1.5988674226379396,425e10250b224110b3b00c70601652be,2019-06-02_20-19-52,1559531992,40.1757869720459,366.4530918598175,18845,steropes,169.229.49.254,"{'starting_lr': 0.005, 'momentum': 0.997, 'weight_decay': 0.0005, 'steps_per_iteration': None, 'pin': False, 'model_creator': None, 'target_batch_size': 128, 'model_string': 'resnet50', 'min_batch_size': 128, 'dataset': 'CIFAR', 'placement': None, 'use_nccl': True, 'devices_per_worker': 1, 'primary_resource': 'extra_gpu', 'gpu': False, 'verbose': False, 'lr_config': {'mode': 'log', 'steps': 5, 'initial_lr': 0.005, 'target_lr': 0.005}, 'batch_per_device': 128}",366.4530918598175,0,9,1495.893109861373,1,14.405348539352417
0.017227029800415038,0.03193462649478188,0.0006665706634521485,0.0018771658163241414,0.027533674240112306,nan,0.0,0.04746379852294922,0.4399799942970276,1.5108200122070314,-0.47839999198913574,nan,0.0,nan,0.0,nan,0.0,0.46007999777793884,1.4628273878479003,nan,0.0,0.47839999198913574,1.4066008033752442,nan,0.0,60000,1,False,,,10,-1.5108200122070314,425e10250b224110b3b00c70601652be,2019-06-02_20-20-33,1559532033,40.14601373672485,406.59910559654236,18845,steropes,169.229.49.254,"{'starting_lr': 0.005, 'momentum': 0.997, 'weight_decay': 0.0005, 'steps_per_iteration': None, 'pin': False, 'model_creator': None, 'target_batch_size': 128, 'model_string': 'resnet50', 'min_batch_size': 128, 'dataset': 'CIFAR', 'placement': None, 'use_nccl': True, 'devices_per_worker': 1, 'primary_resource': 'extra_gpu', 'gpu': False, 'verbose': False, 'lr_config': {'mode': 'log', 'steps': 5, 'initial_lr': 0.005, 'target_lr': 0.005}, 'batch_per_device': 128}",406.59910559654236,0,10,1495.5967762353027,1,14.405348539352417
0.017168927192687988,0.03181309036061734,0.0006568431854248047,0.001767918276969734,0.02771017551422119,nan,0.0,0.046834278106689456,0.47721998691558837,1.42741733959198,-0.5467999577522278,nan,0.0,nan,0.0,nan,0.0,0.4925999939441681,1.3964679120254517,nan,0.0,0.5467999577522278,1.2722062013626099,nan,0.0,60000,1,False,,,11,-1.42741733959198,425e10250b224110b3b00c70601652be,2019-06-02_20-21-12,1559532072,39.93948149681091,446.53858709335327,18845,steropes,169.229.49.254,"{'starting_lr': 0.005, 'momentum': 0.997, 'weight_decay': 0.0005, 'steps_per_iteration': None, 'pin': False, 'model_creator': None, 'target_batch_size': 128, 'model_string': 'resnet50', 'min_batch_size': 128, 'dataset': 'CIFAR', 'placement': None, 'use_nccl': True, 'devices_per_worker': 1, 'primary_resource': 'extra_gpu', 'gpu': False, 'verbose': False, 'lr_config': {'mode': 'log', 'steps': 5, 'initial_lr': 0.005, 'target_lr': 0.005}, 'batch_per_device': 128}",446.53858709335327,0,11,1496.9657625415616,1,14.405348539352417
0.01771965026855469,0.031371125692053685,0.0006765842437744141,0.0017675444902971273,0.02828493118286133,nan,0.0,0.046460318565368655,0.5016199886798859,1.367599605445862,-0.5525000095367432,nan,0.0,nan,0.0,nan,0.0,0.5199199914932251,1.3270855587387085,nan,0.0,0.5525000095367432,1.250527025604248,nan,0.0,60000,1,False,,,12,-1.367599605445862,425e10250b224110b3b00c70601652be,2019-06-02_20-21-52,1559532112,39.90813660621643,486.4467236995697,18845,steropes,169.229.49.254,"{'starting_lr': 0.005, 'momentum': 0.997, 'weight_decay': 0.0005, 'steps_per_iteration': None, 'pin': False, 'model_creator': None, 'target_batch_size': 128, 'model_string': 'resnet50', 'min_batch_size': 128, 'dataset': 'CIFAR', 'placement': None, 'use_nccl': True, 'devices_per_worker': 1, 'primary_resource': 'extra_gpu', 'gpu': False, 'verbose': False, 'lr_config': {'mode': 'log', 'steps': 5, 'initial_lr': 0.005, 'target_lr': 0.005}, 'batch_per_device': 128}",486.4467236995697,0,12,1498.8091227278185,1,14.405348539352417
0.017819833755493165,0.031383822235880016,0.000619196891784668,0.0017974273018215013,0.02810204029083252,nan,0.0,0.04752006530761719,0.5278399884700775,1.3038913988494873,-0.5756999850273132,nan,0.0,nan,0.0,nan,0.0,0.5456799864768982,1.2692308012390137,nan,0.0,0.5756999850273132,1.181874977684021,nan,0.0,60000,1,False,,,13,-1.3038913988494873,425e10250b224110b3b00c70601652be,2019-06-02_20-22-32,1559532152,39.89513325691223,526.3418569564819,18845,steropes,169.229.49.254,"{'starting_lr': 0.005, 'momentum': 0.997, 'weight_decay': 0.0005, 'steps_per_iteration': None, 'pin': False, 'model_creator': None, 'target_batch_size': 128, 'model_string': 'resnet50', 'min_batch_size': 128, 'dataset': 'CIFAR', 'placement': None, 'use_nccl': True, 'devices_per_worker': 1, 'primary_resource': 'extra_gpu', 'gpu': False, 'verbose': False, 'lr_config': {'mode': 'log', 'steps': 5, 'initial_lr': 0.005, 'target_lr': 0.005}, 'batch_per_device': 128}",526.3418569564819,0,13,1499.51249176825,1,14.405348539352417
0.01708033084869385,0.03157871282553371,0.0006596326828002929,0.001763966382312043,0.027307653427124025,nan,0.0,0.04672186374664307,0.5486999869346618,1.251552823257446,-0.5900999903678894,nan,0.0,nan,0.0,nan,0.0,0.575219988822937,1.1934985638046265,nan,0.0,0.5900999903678894,1.1465551082611083,nan,0.0,60000,1,False,,,14,-1.251552823257446,425e10250b224110b3b00c70601652be,2019-06-02_20-23-12,1559532192,40.058772563934326,566.4006295204163,18845,steropes,169.229.49.254,"{'starting_lr': 0.005, 'momentum': 0.997, 'weight_decay': 0.0005, 'steps_per_iteration': None, 'pin': False, 'model_creator': None, 'target_batch_size': 128, 'model_string': 'resnet50', 'min_batch_size': 128, 'dataset': 'CIFAR', 'placement': None, 'use_nccl': True, 'devices_per_worker': 1, 'primary_resource': 'extra_gpu', 'gpu': False, 'verbose': False, 'lr_config': {'mode': 'log', 'steps': 5, 'initial_lr': 0.005, 'target_lr': 0.005}, 'batch_per_device': 128}",566.4006295204163,0,14,1500.3901017698722,1,14.405348539352417
0.01709299087524414,0.03195205821266657,0.0006665468215942382,0.0017927296631171576,0.027312660217285158,nan,0.0,0.04686284065246582,0.5760599851608277,1.187595574207306,-0.6151999831199646,nan,0.0,nan,0.0,nan,0.0,0.5894399881362915,1.153833535232544,nan,0.0,0.6151999831199646,1.0868145581245423,nan,0.0,60000,1,False,,,15,-1.187595574207306,425e10250b224110b3b00c70601652be,2019-06-02_20-23-53,1559532233,40.23829412460327,606.6389236450195,18845,steropes,169.229.49.254,"{'starting_lr': 0.005, 'momentum': 0.997, 'weight_decay': 0.0005, 'steps_per_iteration': None, 'pin': False, 'model_creator': None, 'target_batch_size': 128, 'model_string': 'resnet50', 'min_batch_size': 128, 'dataset': 'CIFAR', 'placement': None, 'use_nccl': True, 'devices_per_worker': 1, 'primary_resource': 'extra_gpu', 'gpu': False, 'verbose': False, 'lr_config': {'mode': 'log', 'steps': 5, 'initial_lr': 0.005, 'target_lr': 0.005}, 'batch_per_device': 128}",606.6389236450195,0,15,1499.697729476322,1,14.405348539352417
0.018290376663208006,0.03197024441972564,0.0006668806076049804,0.001791146710095808,0.027736878395080565,nan,0.0,0.04796378612518311,0.59371999502182,1.139578635044098,-0.6351000070571899,nan,0.0,nan,0.0,nan,0.0,0.6031799912452698,1.1258567363357543,nan,0.0,0.6351000070571899,1.0321215055465698,nan,0.0,60000,1,False,,,16,-1.139578635044098,425e10250b224110b3b00c70601652be,2019-06-02_20-24-33,1559532273,40.30392599105835,646.9428496360779,18845,steropes,169.229.49.254,"{'starting_lr': 0.005, 'momentum': 0.997, 'weight_decay': 0.0005, 'steps_per_iteration': None, 'pin': False, 'model_creator': None, 'target_batch_size': 128, 'model_string': 'resnet50', 'min_batch_size': 128, 'dataset': 'CIFAR', 'placement': None, 'use_nccl': True, 'devices_per_worker': 1, 'primary_resource': 'extra_gpu', 'gpu': False, 'verbose': False, 'lr_config': {'mode': 'log', 'steps': 5, 'initial_lr': 0.005, 'target_lr': 0.005}, 'batch_per_device': 128}",646.9428496360779,0,16,1496.9704997837343,1,14.405348539352417
0.017061591148376465,0.03135434283485895,0.000673222541809082,0.0017841167157263403,0.027312612533569335,nan,0.0,0.046686649322509766,0.6074599862098694,1.1056173839759826,-0.6211999654769897,nan,0.0,nan,0.0,nan,0.0,0.6068599820137024,1.1070831257247924,nan,0.0,0.6211999654769897,1.0807207702636719,nan,0.0,60000,1,False,,,17,-1.1056173839759826,425e10250b224110b3b00c70601652be,2019-06-02_20-25-13,1559532313,39.91431951522827,686.8571691513062,18845,steropes,169.229.49.254,"{'starting_lr': 0.005, 'momentum': 0.997, 'weight_decay': 0.0005, 'steps_per_iteration': None, 'pin': False, 'model_creator': None, 'target_batch_size': 128, 'model_string': 'resnet50', 'min_batch_size': 128, 'dataset': 'CIFAR', 'placement': None, 'use_nccl': True, 'devices_per_worker': 1, 'primary_resource': 'extra_gpu', 'gpu': False, 'verbose': False, 'lr_config': {'mode': 'log', 'steps': 5, 'initial_lr': 0.005, 'target_lr': 0.005}, 'batch_per_device': 128}",686.8571691513062,0,17,1496.924339663666,1,14.405348539352417
0.01723513603210449,0.03131269805039032,0.0006766319274902344,0.0017700384340017957,0.027852082252502443,nan,0.0,0.04643967151641846,0.6193599820137023,1.0801565693855284,-0.6351999640464783,nan,0.0,nan,0.0,nan,0.0,0.6205799579620361,1.0768468173980712,nan,0.0,0.6351999640464783,1.0545709047317504,nan,0.0,60000,1,False,,,18,-1.0801565693855284,425e10250b224110b3b00c70601652be,2019-06-02_20-25-53,1559532353,39.88771605491638,726.7448852062225,18845,steropes,169.229.49.254,"{'starting_lr': 0.005, 'momentum': 0.997, 'weight_decay': 0.0005, 'steps_per_iteration': None, 'pin': False, 'model_creator': None, 'target_batch_size': 128, 'model_string': 'resnet50', 'min_batch_size': 128, 'dataset': 'CIFAR', 'placement': None, 'use_nccl': True, 'devices_per_worker': 1, 'primary_resource': 'extra_gpu', 'gpu': False, 'verbose': False, 'lr_config': {'mode': 'log', 'steps': 5, 'initial_lr': 0.005, 'target_lr': 0.005}, 'batch_per_device': 128}",726.7448852062225,0,18,1496.9802308143373,1,14.405348539352417
0.01726951599121094,0.031233980685849733,0.000676417350769043,0.0017677286396855893,0.027524924278259276,nan,0.0,0.04715020656585693,0.6282999753952027,1.0604237302589417,-0.6347999572753906,nan,0.0,nan,0.0,nan,0.0,0.6128999590873718,1.1005577442932128,nan,0.0,0.6347999572753906,1.047890912628174,nan,0.0,60000,1,False,,,19,-1.0604237302589417,425e10250b224110b3b00c70601652be,2019-06-02_20-26-33,1559532393,39.88010001182556,766.6249852180481,18845,steropes,169.229.49.254,"{'starting_lr': 0.005, 'momentum': 0.997, 'weight_decay': 0.0005, 'steps_per_iteration': None, 'pin': False, 'model_creator': None, 'target_batch_size': 128, 'model_string': 'resnet50', 'min_batch_size': 128, 'dataset': 'CIFAR', 'placement': None, 'use_nccl': True, 'devices_per_worker': 1, 'primary_resource': 'extra_gpu', 'gpu': False, 'verbose': False, 'lr_config': {'mode': 'log', 'steps': 5, 'initial_lr': 0.005, 'target_lr': 0.005}, 'batch_per_device': 128}",766.6249852180481,0,19,1498.3156137905519,1,14.405348539352417
0.017186880111694336,0.031114294559140748,0.0006679296493530273,0.0017684365782286505,0.027190423011779784,nan,0.0,0.046955657005310056,0.6327799797058106,1.048121569080353,-0.6376000046730042,nan,0.0,nan,0.0,nan,0.0,0.6184200048446655,1.0924831303405762,nan,0.0,0.6376000046730042,1.025303752231598,nan,0.0,60000,1,False,,,20,-1.048121569080353,425e10250b224110b3b00c70601652be,2019-06-02_20-27-12,1559532432,39.765503883361816,806.3904891014099,18845,steropes,169.229.49.254,"{'starting_lr': 0.005, 'momentum': 0.997, 'weight_decay': 0.0005, 'steps_per_iteration': None, 'pin': False, 'model_creator': None, 'target_batch_size': 128, 'model_string': 'resnet50', 'min_batch_size': 128, 'dataset': 'CIFAR', 'placement': None, 'use_nccl': True, 'devices_per_worker': 1, 'primary_resource': 'extra_gpu', 'gpu': False, 'verbose': False, 'lr_config': {'mode': 'log', 'steps': 5, 'initial_lr': 0.005, 'target_lr': 0.005}, 'batch_per_device': 128}",806.3904891014099,0,20,1501.8622117613625,1,14.405348539352417
0.017194104194641114,0.03128559981720357,0.0006736040115356446,0.0018194008361348106,0.027525830268859863,nan,0.0,0.0463982343673706,0.633519971370697,1.0446540167045595,-0.6387999653816223,nan,0.0,nan,0.0,nan,0.0,0.6343399882316589,1.0451006319046021,nan,0.0,0.6387999653816223,1.0147837436676026,nan,0.0,60000,1,False,,,21,-1.0446540167045595,425e10250b224110b3b00c70601652be,2019-06-02_20-27-52,1559532472,39.644686698913574,846.0351758003235,18845,steropes,169.229.49.254,"{'starting_lr': 0.005, 'momentum': 0.997, 'weight_decay': 0.0005, 'steps_per_iteration': None, 'pin': False, 'model_creator': None, 'target_batch_size': 128, 'model_string': 'resnet50', 'min_batch_size': 128, 'dataset': 'CIFAR', 'placement': None, 'use_nccl': True, 'devices_per_worker': 1, 'primary_resource': 'extra_gpu', 'gpu': False, 'verbose': False, 'lr_config': {'mode': 'log', 'steps': 5, 'initial_lr': 0.005, 'target_lr': 0.005}, 'batch_per_device': 128}",846.0351758003235,0,21,1506.8351829610087,1,14.405348539352417
0.01698470115661621,0.03177358832540391,0.0006668806076049804,0.001770481734019716,0.02735464572906494,nan,0.0,0.04693982601165771,0.6385199785232544,1.0377240501976015,-0.6462000012397766,nan,0.0,nan,0.0,nan,0.0,0.636900007724762,1.036565121192932,nan,0.0,0.6462000012397766,1.046070937728882,nan,0.0,60000,1,False,,,22,-1.0377240501976015,425e10250b224110b3b00c70601652be,2019-06-02_20-28-32,1559532512,39.74070143699646,885.77587723732,18845,steropes,169.229.49.254,"{'starting_lr': 0.005, 'momentum': 0.997, 'weight_decay': 0.0005, 'steps_per_iteration': None, 'pin': False, 'model_creator': None, 'target_batch_size': 128, 'model_string': 'resnet50', 'min_batch_size': 128, 'dataset': 'CIFAR', 'placement': None, 'use_nccl': True, 'devices_per_worker': 1, 'primary_resource': 'extra_gpu', 'gpu': False, 'verbose': False, 'lr_config': {'mode': 'log', 'steps': 5, 'initial_lr': 0.005, 'target_lr': 0.005}, 'batch_per_device': 128}",885.77587723732,0,22,1508.15010833395,1,14.405348539352417
0.017124748229980467,0.03135924097857898,0.0006738185882568359,0.001747161226199411,0.028726530075073243,nan,0.0,0.046915960311889646,0.6427199840545654,1.0274322513389589,-0.6561999917030334,nan,0.0,nan,0.0,nan,0.0,0.6359399557113647,1.0466194309997559,nan,0.0,0.6561999917030334,1.0031119104385375,nan,0.0,60000,1,False,,,23,-1.0274322513389589,425e10250b224110b3b00c70601652be,2019-06-02_20-29-11,1559532551,39.72278141975403,925.498658657074,18845,steropes,169.229.49.254,"{'starting_lr': 0.005, 'momentum': 0.997, 'weight_decay': 0.0005, 'steps_per_iteration': None, 'pin': False, 'model_creator': None, 'target_batch_size': 128, 'model_string': 'resnet50', 'min_batch_size': 128, 'dataset': 'CIFAR', 'placement': None, 'use_nccl': True, 'devices_per_worker': 1, 'primary_resource': 'extra_gpu', 'gpu': False, 'verbose': False, 'lr_config': {'mode': 'log', 'steps': 5, 'initial_lr': 0.005, 'target_lr': 0.005}, 'batch_per_device': 128}",925.498658657074,0,23,1509.4016274335097,1,14.405348539352417
0.017014503479003906,0.03132808661159081,0.0006761312484741211,0.001747424645192178,0.027512454986572267,nan,0.0,0.046560120582580564,0.6486399888992309,1.0180033648109437,-0.6643999814987183,nan,0.0,nan,0.0,nan,0.0,0.6392599940299988,1.0410846089553834,nan,0.0,0.6643999814987183,1.000746479988098,nan,0.0,60000,1,False,,,24,-1.0180033648109437,425e10250b224110b3b00c70601652be,2019-06-02_20-29-51,1559532591,39.69067621231079,965.1893348693848,18845,steropes,169.229.49.254,"{'starting_lr': 0.005, 'momentum': 0.997, 'weight_decay': 0.0005, 'steps_per_iteration': None, 'pin': False, 'model_creator': None, 'target_batch_size': 128, 'model_string': 'resnet50', 'min_batch_size': 128, 'dataset': 'CIFAR', 'placement': None, 'use_nccl': True, 'devices_per_worker': 1, 'primary_resource': 'extra_gpu', 'gpu': False, 'verbose': False, 'lr_config': {'mode': 'log', 'steps': 5, 'initial_lr': 0.005, 'target_lr': 0.005}, 'batch_per_device': 128}",965.1893348693848,0,24,1510.8419928720875,1,14.405348539352417
0.017078495025634764,0.030983001370973224,0.000674128532409668,0.0017689353669695842,0.02725396156311035,nan,0.0,0.04640481472015381,0.6500999808311463,1.0198537913131713,-0.6448999643325806,nan,0.0,nan,0.0,nan,0.0,0.6424399614334106,1.0311367753219605,nan,0.0,0.6448999643325806,1.0345558847427367,nan,0.0,60000,1,False,,,25,-1.0198537913131713,425e10250b224110b3b00c70601652be,2019-06-02_20-30-31,1559532631,39.679030656814575,1004.8683655261993,18845,steropes,169.229.49.254,"{'starting_lr': 0.005, 'momentum': 0.997, 'weight_decay': 0.0005, 'steps_per_iteration': None, 'pin': False, 'model_creator': None, 'target_batch_size': 128, 'model_string': 'resnet50', 'min_batch_size': 128, 'dataset': 'CIFAR', 'placement': None, 'use_nccl': True, 'devices_per_worker': 1, 'primary_resource': 'extra_gpu', 'gpu': False, 'verbose': False, 'lr_config': {'mode': 'log', 'steps': 5, 'initial_lr': 0.005, 'target_lr': 0.005}, 'batch_per_device': 128}",1004.8683655261993,0,25,1511.499597106202,1,14.405348539352417
0.017041349411010744,0.0314883702917944,0.0006608963012695312,0.001712584434567815,0.027015137672424316,nan,0.0,0.04649925231933594,0.652679979801178,1.0194320225334166,-0.651699960231781,nan,0.0,nan,0.0,nan,0.0,0.6470400094985962,1.0185435805511474,nan,0.0,0.651699960231781,1.0126748997688293,nan,0.0,60000,1,False,,,26,-1.0194320225334166,425e10250b224110b3b00c70601652be,2019-06-02_20-31-10,1559532670,39.517051458358765,1044.385416984558,18845,steropes,169.229.49.254,"{'starting_lr': 0.005, 'momentum': 0.997, 'weight_decay': 0.0005, 'steps_per_iteration': None, 'pin': False, 'model_creator': None, 'target_batch_size': 128, 'model_string': 'resnet50', 'min_batch_size': 128, 'dataset': 'CIFAR', 'placement': None, 'use_nccl': True, 'devices_per_worker': 1, 'primary_resource': 'extra_gpu', 'gpu': False, 'verbose': False, 'lr_config': {'mode': 'log', 'steps': 5, 'initial_lr': 0.005, 'target_lr': 0.005}, 'batch_per_device': 128}",1044.385416984558,0,26,1512.4722788504794,1,14.405348539352417
0.01708216667175293,0.031201471256304392,0.0006708145141601562,0.0017499362721162684,0.027589702606201173,nan,0.0,0.04637191295623779,0.6506399750709534,1.0257674237060548,-0.6359999775886536,nan,0.0,nan,0.0,nan,0.0,0.642520010471344,1.0279148133468627,nan,0.0,0.6359999775886536,1.0777479435920716,nan,0.0,60000,1,False,,,27,-1.0257674237060548,425e10250b224110b3b00c70601652be,2019-06-02_20-31-50,1559532710,39.55492115020752,1083.9403381347656,18845,steropes,169.229.49.254,"{'starting_lr': 0.005, 'momentum': 0.997, 'weight_decay': 0.0005, 'steps_per_iteration': None, 'pin': False, 'model_creator': None, 'target_batch_size': 128, 'model_string': 'resnet50', 'min_batch_size': 128, 'dataset': 'CIFAR', 'placement': None, 'use_nccl': True, 'devices_per_worker': 1, 'primary_resource': 'extra_gpu', 'gpu': False, 'verbose': False, 'lr_config': {'mode': 'log', 'steps': 5, 'initial_lr': 0.005, 'target_lr': 0.005}, 'batch_per_device': 128}",1083.9403381347656,0,27,1513.8904923798614,1,14.405348539352417
0.017129349708557128,0.03134267541426647,0.0006672382354736328,0.0017094917004675512,0.02741703987121582,nan,0.0,0.04626851081848145,0.6493399739265442,1.0300512001037596,-0.6496999859809875,nan,0.0,nan,0.0,nan,0.0,0.6468999981880188,1.0079437804031373,nan,0.0,0.6496999859809875,1.024530792427063,nan,0.0,60000,1,False,,,28,-1.0300512001037596,425e10250b224110b3b00c70601652be,2019-06-02_20-32-29,1559532749,39.44250130653381,1123.3828394412994,18845,steropes,169.229.49.254,"{'starting_lr': 0.005, 'momentum': 0.997, 'weight_decay': 0.0005, 'steps_per_iteration': None, 'pin': False, 'model_creator': None, 'target_batch_size': 128, 'model_string': 'resnet50', 'min_batch_size': 128, 'dataset': 'CIFAR', 'placement': None, 'use_nccl': True, 'devices_per_worker': 1, 'primary_resource': 'extra_gpu', 'gpu': False, 'verbose': False, 'lr_config': {'mode': 'log', 'steps': 5, 'initial_lr': 0.005, 'target_lr': 0.005}, 'batch_per_device': 128}",1123.3828394412994,0,28,1516.0343348816398,1,14.405348539352417
0.017245984077453612,0.03155540212800231,0.0007404327392578125,0.0017139844577330763,0.02740328311920166,nan,0.0,0.04618868827819824,0.6529199719429016,1.012663705291748,-0.6822999715805054,nan,0.0,nan,0.0,nan,0.0,0.659280002117157,0.9895342073440552,nan,0.0,0.6822999715805054,0.9138090059280396,nan,0.0,60000,1,False,,,29,-1.012663705291748,425e10250b224110b3b00c70601652be,2019-06-02_20-33-09,1559532789,39.46686005592346,1162.849699497223,18845,steropes,169.229.49.254,"{'starting_lr': 0.005, 'momentum': 0.997, 'weight_decay': 0.0005, 'steps_per_iteration': None, 'pin': False, 'model_creator': None, 'target_batch_size': 128, 'model_string': 'resnet50', 'min_batch_size': 128, 'dataset': 'CIFAR', 'placement': None, 'use_nccl': True, 'devices_per_worker': 1, 'primary_resource': 'extra_gpu', 'gpu': False, 'verbose': False, 'lr_config': {'mode': 'log', 'steps': 5, 'initial_lr': 0.005, 'target_lr': 0.005}, 'batch_per_device': 128}",1162.849699497223,0,29,1517.7509677397659,1,14.405348539352417
