{"apply": 0.017292356491088866, "batch_time": 0.04079832909982416, "d2h": 0.0006501197814941407, "data_time": 0.0018168075005416675, "fwd": 0.11782736778259277, "get_state_time_mean": NaN, "get_state_time_total": 0.0, "grad": 0.24366300106048583, "mean_accuracy": 0.17960000038146973, "mean_loss": 56.53112415161133, "neg_mean_accuracy": -0.17960000038146973, "set_state_time_mean": NaN, "set_state_time_total": 0.0, "setup_model_time_mean": 10.924459457397461, "setup_model_time_total": 10.924459457397461, "setup_proc_time_mean": 1.8595173358917236, "setup_proc_time_total": 1.8595173358917236, "train_accuracy": 0.18065999448299408, "train_loss": 4.255692893295288, "training_time_mean": NaN, "training_time_total": 0.0, "val_accuracy": 0.17960000038146973, "val_loss": 56.53112415161133, "validation_time_mean": NaN, "validation_time_total": 0.0, "samples": 60000, "num_workers": 1, "done": false, "timesteps_total": null, "episodes_total": null, "training_iteration": 1, "neg_mean_loss": -56.53112415161133, "experiment_id": "425e10250b224110b3b00c70601652be", "date": "2019-06-02_20-14-32", "timestamp": 1559531672, "time_this_iter_s": 46.05628037452698, "time_total_s": 46.05628037452698, "pid": 18845, "hostname": "steropes", "node_ip": "169.229.49.254", "config": {"starting_lr": 0.005, "momentum": 0.997, "weight_decay": 0.0005, "steps_per_iteration": null, "pin": false, "model_creator": null, "target_batch_size": 128, "model_string": "resnet50", "min_batch_size": 128, "dataset": "CIFAR", "placement": null, "use_nccl": true, "devices_per_worker": 1, "primary_resource": "extra_gpu", "gpu": false, "verbose": false, "lr_config": {"mode": "log", "steps": 5, "initial_lr": 0.005, "target_lr": 0.005}, "batch_per_device": 128}, "time_since_restore": 46.05628037452698, "timesteps_since_restore": 0, "iterations_since_restore": 1, "mean_throughput": 1302.7514088899993, "atoms": 1, "setup_time": 14.405348539352417}
{"apply": 0.01723136901855469, "batch_time": 0.03127013580708564, "d2h": 0.0006530284881591797, "data_time": 0.0017679359601891558, "fwd": 0.027568507194519042, "get_state_time_mean": NaN, "get_state_time_total": 0.0, "grad": 0.046870994567871097, "mean_accuracy": 0.24994999170303345, "mean_loss": 31.15956592502594, "neg_mean_accuracy": -0.32029998302459717, "set_state_time_mean": NaN, "set_state_time_total": 0.0, "setup_model_time_mean": NaN, "setup_model_time_total": 0.0, "setup_proc_time_mean": NaN, "setup_proc_time_total": 0.0, "train_accuracy": 0.23916000127792358, "train_loss": 2.591627612991333, "training_time_mean": NaN, "training_time_total": 0.0, "val_accuracy": 0.32029998302459717, "val_loss": 5.788007698440552, "validation_time_mean": NaN, "validation_time_total": 0.0, "samples": 60000, "num_workers": 1, "done": false, "timesteps_total": null, "episodes_total": null, "training_iteration": 2, "neg_mean_loss": -31.15956592502594, "experiment_id": "425e10250b224110b3b00c70601652be", "date": "2019-06-02_20-15-12", "timestamp": 1559531712, "time_this_iter_s": 40.13970160484314, "time_total_s": 86.19598197937012, "pid": 18845, "hostname": "steropes", "node_ip": "169.229.49.254", "config": {"starting_lr": 0.005, "momentum": 0.997, "weight_decay": 0.0005, "steps_per_iteration": null, "pin": false, "model_creator": null, "target_batch_size": 128, "model_string": "resnet50", "min_batch_size": 128, "dataset": "CIFAR", "placement": null, "use_nccl": true, "devices_per_worker": 1, "primary_resource": "extra_gpu", "gpu": false, "verbose": false, "lr_config": {"mode": "log", "steps": 5, "initial_lr": 0.005, "target_lr": 0.005}, "batch_per_device": 128}, "time_since_restore": 86.19598197937012, "timesteps_since_restore": 0, "iterations_since_restore": 2, "mean_throughput": 1392.173551164047, "atoms": 1, "setup_time": 14.405348539352417}
{"apply": 0.017382478713989256, "batch_time": 0.0312716327136076, "d2h": 0.0006568431854248047, "data_time": 0.0017452264380881854, "fwd": 0.027599787712097167, "get_state_time_mean": NaN, "get_state_time_total": 0.0, "grad": 0.04710142612457276, "mean_accuracy": 0.2811333239078522, "mean_loss": 21.522745898818968, "neg_mean_accuracy": -0.3434999883174896, "set_state_time_mean": NaN, "set_state_time_total": 0.0, "setup_model_time_mean": NaN, "setup_model_time_total": 0.0, "setup_proc_time_mean": NaN, "setup_proc_time_total": 0.0, "train_accuracy": 0.30796000361442566, "train_loss": 1.8336986801147461, "training_time_mean": NaN, "training_time_total": 0.0, "val_accuracy": 0.3434999883174896, "val_loss": 2.2491058464050293, "validation_time_mean": NaN, "validation_time_total": 0.0, "samples": 60000, "num_workers": 1, "done": false, "timesteps_total": null, "episodes_total": null, "training_iteration": 3, "neg_mean_loss": -21.522745898818968, "experiment_id": "425e10250b224110b3b00c70601652be", "date": "2019-06-02_20-15-52", "timestamp": 1559531752, "time_this_iter_s": 39.799012184143066, "time_total_s": 125.99499416351318, "pid": 18845, "hostname": "steropes", "node_ip": "169.229.49.254", "config": {"starting_lr": 0.005, "momentum": 0.997, "weight_decay": 0.0005, "steps_per_iteration": null, "pin": false, "model_creator": null, "target_batch_size": 128, "model_string": "resnet50", "min_batch_size": 128, "dataset": "CIFAR", "placement": null, "use_nccl": true, "devices_per_worker": 1, "primary_resource": "extra_gpu", "gpu": false, "verbose": false, "lr_config": {"mode": "log", "steps": 5, "initial_lr": 0.005, "target_lr": 0.005}, "batch_per_device": 128}, "time_since_restore": 125.99499416351318, "timesteps_since_restore": 0, "iterations_since_restore": 3, "mean_throughput": 1428.6241367003604, "atoms": 1, "setup_time": 14.405348539352417}
{"apply": 0.017490172386169435, "batch_time": 0.031692317769497255, "d2h": 0.0006321907043457031, "data_time": 0.001757538836935292, "fwd": 0.02806997299194336, "get_state_time_mean": NaN, "get_state_time_total": 0.0, "grad": 0.047111797332763675, "mean_accuracy": 0.31052499264478683, "mean_loss": 16.553254594802855, "neg_mean_accuracy": -0.3986999988555908, "set_state_time_mean": NaN, "set_state_time_total": 0.0, "setup_model_time_mean": NaN, "setup_model_time_total": 0.0, "setup_proc_time_mean": NaN, "setup_proc_time_total": 0.0, "train_accuracy": 0.3416999876499176, "train_loss": 1.7547510706329346, "training_time_mean": NaN, "training_time_total": 0.0, "val_accuracy": 0.3986999988555908, "val_loss": 1.6447806827545166, "validation_time_mean": NaN, "validation_time_total": 0.0, "samples": 60000, "num_workers": 1, "done": false, "timesteps_total": null, "episodes_total": null, "training_iteration": 4, "neg_mean_loss": -16.553254594802855, "experiment_id": "425e10250b224110b3b00c70601652be", "date": "2019-06-02_20-16-32", "timestamp": 1559531792, "time_this_iter_s": 39.90940737724304, "time_total_s": 165.90440154075623, "pid": 18845, "hostname": "steropes", "node_ip": "169.229.49.254", "config": {"starting_lr": 0.005, "momentum": 0.997, "weight_decay": 0.0005, "steps_per_iteration": null, "pin": false, "model_creator": null, "target_batch_size": 128, "model_string": "resnet50", "min_batch_size": 128, "dataset": "CIFAR", "placement": null, "use_nccl": true, "devices_per_worker": 1, "primary_resource": "extra_gpu", "gpu": false, "verbose": false, "lr_config": {"mode": "log", "steps": 5, "initial_lr": 0.005, "target_lr": 0.005}, "batch_per_device": 128}, "time_since_restore": 165.90440154075623, "timesteps_since_restore": 0, "iterations_since_restore": 4, "mean_throughput": 1446.6124054362535, "atoms": 1, "setup_time": 14.405348539352417}
{"apply": 0.017670035362243652, "batch_time": 0.03134946883479251, "d2h": 0.0006703376770019531, "data_time": 0.0017769568411590499, "fwd": 0.028242611885070802, "get_state_time_mean": NaN, "get_state_time_total": 0.0, "grad": 0.04719884395599365, "mean_accuracy": 0.3093999922275543, "mean_loss": 13.61197124694824, "neg_mean_accuracy": -0.30489999055862427, "set_state_time_mean": NaN, "set_state_time_total": 0.0, "setup_model_time_mean": NaN, "setup_model_time_total": 0.0, "setup_proc_time_mean": NaN, "setup_proc_time_total": 0.0, "train_accuracy": 0.3153199851512909, "train_loss": 1.8327262250137328, "training_time_mean": NaN, "training_time_total": 0.0, "val_accuracy": 0.30489999055862427, "val_loss": 1.846837855529785, "validation_time_mean": NaN, "validation_time_total": 0.0, "samples": 60000, "num_workers": 1, "done": false, "timesteps_total": null, "episodes_total": null, "training_iteration": 5, "neg_mean_loss": -13.61197124694824, "experiment_id": "425e10250b224110b3b00c70601652be", "date": "2019-06-02_20-17-12", "timestamp": 1559531832, "time_this_iter_s": 40.10627007484436, "time_total_s": 206.0106716156006, "pid": 18845, "hostname": "steropes", "node_ip": "169.229.49.254", "config": {"starting_lr": 0.005, "momentum": 0.997, "weight_decay": 0.0005, "steps_per_iteration": null, "pin": false, "model_creator": null, "target_batch_size": 128, "model_string": "resnet50", "min_batch_size": 128, "dataset": "CIFAR", "placement": null, "use_nccl": true, "devices_per_worker": 1, "primary_resource": "extra_gpu", "gpu": false, "verbose": false, "lr_config": {"mode": "log", "steps": 5, "initial_lr": 0.005, "target_lr": 0.005}, "batch_per_device": 128}, "time_since_restore": 206.0106716156006, "timesteps_since_restore": 0, "iterations_since_restore": 5, "mean_throughput": 1456.2315348552902, "atoms": 1, "setup_time": 14.405348539352417}
{"apply": 0.01799333095550537, "batch_time": 0.03175086311147183, "d2h": 0.0006896495819091797, "data_time": 0.0017951376297894645, "fwd": 0.027592182159423828, "get_state_time_mean": NaN, "get_state_time_total": 0.0, "grad": 0.04765353202819824, "mean_accuracy": 0.34559999108314515, "mean_loss": 2.64359032951355, "neg_mean_accuracy": -0.36059999465942383, "set_state_time_mean": NaN, "set_state_time_total": 0.0, "setup_model_time_mean": NaN, "setup_model_time_total": 0.0, "setup_proc_time_mean": NaN, "setup_proc_time_total": 0.0, "train_accuracy": 0.32235997915267944, "train_loss": 1.8179486263275146, "training_time_mean": NaN, "training_time_total": 0.0, "val_accuracy": 0.36059999465942383, "val_loss": 1.6892195644378663, "validation_time_mean": NaN, "validation_time_total": 0.0, "samples": 60000, "num_workers": 1, "done": false, "timesteps_total": null, "episodes_total": null, "training_iteration": 6, "neg_mean_loss": -2.64359032951355, "experiment_id": "425e10250b224110b3b00c70601652be", "date": "2019-06-02_20-17-52", "timestamp": 1559531872, "time_this_iter_s": 40.12292766571045, "time_total_s": 246.13359928131104, "pid": 18845, "hostname": "steropes", "node_ip": "169.229.49.254", "config": {"starting_lr": 0.005, "momentum": 0.997, "weight_decay": 0.0005, "steps_per_iteration": null, "pin": false, "model_creator": null, "target_batch_size": 128, "model_string": "resnet50", "min_batch_size": 128, "dataset": "CIFAR", "placement": null, "use_nccl": true, "devices_per_worker": 1, "primary_resource": "extra_gpu", "gpu": false, "verbose": false, "lr_config": {"mode": "log", "steps": 5, "initial_lr": 0.005, "target_lr": 0.005}, "batch_per_device": 128}, "time_since_restore": 246.13359928131104, "timesteps_since_restore": 0, "iterations_since_restore": 6, "mean_throughput": 1499.4164925632901, "atoms": 1, "setup_time": 14.405348539352417}
{"apply": 0.017659592628479003, "batch_time": 0.031668566450288024, "d2h": 0.0006742715835571289, "data_time": 0.0017722823735698105, "fwd": 0.02770242691040039, "get_state_time_mean": NaN, "get_state_time_total": 0.0, "grad": 0.04702601432800293, "mean_accuracy": 0.36763999462127683, "mean_loss": 1.7959119290924073, "neg_mean_accuracy": -0.43050000071525574, "set_state_time_mean": NaN, "set_state_time_total": 0.0, "setup_model_time_mean": NaN, "setup_model_time_total": 0.0, "setup_proc_time_mean": NaN, "setup_proc_time_total": 0.0, "train_accuracy": 0.3688199818134308, "train_loss": 1.6950999634552002, "training_time_mean": NaN, "training_time_total": 0.0, "val_accuracy": 0.43050000071525574, "val_loss": 1.5496156963348389, "validation_time_mean": NaN, "validation_time_total": 0.0, "samples": 60000, "num_workers": 1, "done": false, "timesteps_total": null, "episodes_total": null, "training_iteration": 7, "neg_mean_loss": -1.7959119290924073, "experiment_id": "425e10250b224110b3b00c70601652be", "date": "2019-06-02_20-18-32", "timestamp": 1559531912, "time_this_iter_s": 40.15461850166321, "time_total_s": 286.28821778297424, "pid": 18845, "hostname": "steropes", "node_ip": "169.229.49.254", "config": {"starting_lr": 0.005, "momentum": 0.997, "weight_decay": 0.0005, "steps_per_iteration": null, "pin": false, "model_creator": null, "target_batch_size": 128, "model_string": "resnet50", "min_batch_size": 128, "dataset": "CIFAR", "placement": null, "use_nccl": true, "devices_per_worker": 1, "primary_resource": "extra_gpu", "gpu": false, "verbose": false, "lr_config": {"mode": "log", "steps": 5, "initial_lr": 0.005, "target_lr": 0.005}, "batch_per_device": 128}, "time_since_restore": 286.28821778297424, "timesteps_since_restore": 0, "iterations_since_restore": 7, "mean_throughput": 1499.3047272736633, "atoms": 1, "setup_time": 14.405348539352417}
{"apply": 0.017362189292907716, "batch_time": 0.031685379487049734, "d2h": 0.0006624937057495117, "data_time": 0.0017690335393256847, "fwd": 0.027704405784606933, "get_state_time_mean": NaN, "get_state_time_total": 0.0, "grad": 0.04711151123046875, "mean_accuracy": 0.38785999417304995, "mean_loss": 1.64617396194458, "neg_mean_accuracy": -0.444599986076355, "set_state_time_mean": NaN, "set_state_time_total": 0.0, "setup_model_time_mean": NaN, "setup_model_time_total": 0.0, "setup_proc_time_mean": NaN, "setup_proc_time_total": 0.0, "train_accuracy": 0.4127799868583679, "train_loss": 1.5813659519195558, "training_time_mean": NaN, "training_time_total": 0.0, "val_accuracy": 0.444599986076355, "val_loss": 1.5004160106658935, "validation_time_mean": NaN, "validation_time_total": 0.0, "samples": 60000, "num_workers": 1, "done": false, "timesteps_total": null, "episodes_total": null, "training_iteration": 8, "neg_mean_loss": -1.64617396194458, "experiment_id": "425e10250b224110b3b00c70601652be", "date": "2019-06-02_20-19-12", "timestamp": 1559531952, "time_this_iter_s": 39.98908710479736, "time_total_s": 326.2773048877716, "pid": 18845, "hostname": "steropes", "node_ip": "169.229.49.254", "config": {"starting_lr": 0.005, "momentum": 0.997, "weight_decay": 0.0005, "steps_per_iteration": null, "pin": false, "model_creator": null, "target_batch_size": 128, "model_string": "resnet50", "min_batch_size": 128, "dataset": "CIFAR", "placement": null, "use_nccl": true, "devices_per_worker": 1, "primary_resource": "extra_gpu", "gpu": false, "verbose": false, "lr_config": {"mode": "log", "steps": 5, "initial_lr": 0.005, "target_lr": 0.005}, "batch_per_device": 128}, "time_since_restore": 326.2773048877716, "timesteps_since_restore": 0, "iterations_since_restore": 8, "mean_throughput": 1497.8826834388226, "atoms": 1, "setup_time": 14.405348539352417}
{"apply": 0.017495155334472656, "batch_time": 0.03200468835951407, "d2h": 0.0006731748580932617, "data_time": 0.00177205980891157, "fwd": 0.02846951484680176, "get_state_time_mean": NaN, "get_state_time_total": 0.0, "grad": 0.04683692455291748, "mean_accuracy": 0.4052799940109253, "mean_loss": 1.5988674226379396, "neg_mean_accuracy": -0.48579999804496765, "set_state_time_mean": NaN, "set_state_time_total": 0.0, "setup_model_time_mean": NaN, "setup_model_time_total": 0.0, "setup_proc_time_mean": NaN, "setup_proc_time_total": 0.0, "train_accuracy": 0.4401399791240692, "train_loss": 1.5146696282577514, "training_time_mean": NaN, "training_time_total": 0.0, "val_accuracy": 0.48579999804496765, "val_loss": 1.4082479862213135, "validation_time_mean": NaN, "validation_time_total": 0.0, "samples": 60000, "num_workers": 1, "done": false, "timesteps_total": null, "episodes_total": null, "training_iteration": 9, "neg_mean_loss": -1.5988674226379396, "experiment_id": "425e10250b224110b3b00c70601652be", "date": "2019-06-02_20-19-52", "timestamp": 1559531992, "time_this_iter_s": 40.1757869720459, "time_total_s": 366.4530918598175, "pid": 18845, "hostname": "steropes", "node_ip": "169.229.49.254", "config": {"starting_lr": 0.005, "momentum": 0.997, "weight_decay": 0.0005, "steps_per_iteration": null, "pin": false, "model_creator": null, "target_batch_size": 128, "model_string": "resnet50", "min_batch_size": 128, "dataset": "CIFAR", "placement": null, "use_nccl": true, "devices_per_worker": 1, "primary_resource": "extra_gpu", "gpu": false, "verbose": false, "lr_config": {"mode": "log", "steps": 5, "initial_lr": 0.005, "target_lr": 0.005}, "batch_per_device": 128}, "time_since_restore": 366.4530918598175, "timesteps_since_restore": 0, "iterations_since_restore": 9, "mean_throughput": 1495.893109861373, "atoms": 1, "setup_time": 14.405348539352417}
{"apply": 0.017227029800415038, "batch_time": 0.03193462649478188, "d2h": 0.0006665706634521485, "data_time": 0.0018771658163241414, "fwd": 0.027533674240112306, "get_state_time_mean": NaN, "get_state_time_total": 0.0, "grad": 0.04746379852294922, "mean_accuracy": 0.4399799942970276, "mean_loss": 1.5108200122070314, "neg_mean_accuracy": -0.47839999198913574, "set_state_time_mean": NaN, "set_state_time_total": 0.0, "setup_model_time_mean": NaN, "setup_model_time_total": 0.0, "setup_proc_time_mean": NaN, "setup_proc_time_total": 0.0, "train_accuracy": 0.46007999777793884, "train_loss": 1.4628273878479003, "training_time_mean": NaN, "training_time_total": 0.0, "val_accuracy": 0.47839999198913574, "val_loss": 1.4066008033752442, "validation_time_mean": NaN, "validation_time_total": 0.0, "samples": 60000, "num_workers": 1, "done": false, "timesteps_total": null, "episodes_total": null, "training_iteration": 10, "neg_mean_loss": -1.5108200122070314, "experiment_id": "425e10250b224110b3b00c70601652be", "date": "2019-06-02_20-20-33", "timestamp": 1559532033, "time_this_iter_s": 40.14601373672485, "time_total_s": 406.59910559654236, "pid": 18845, "hostname": "steropes", "node_ip": "169.229.49.254", "config": {"starting_lr": 0.005, "momentum": 0.997, "weight_decay": 0.0005, "steps_per_iteration": null, "pin": false, "model_creator": null, "target_batch_size": 128, "model_string": "resnet50", "min_batch_size": 128, "dataset": "CIFAR", "placement": null, "use_nccl": true, "devices_per_worker": 1, "primary_resource": "extra_gpu", "gpu": false, "verbose": false, "lr_config": {"mode": "log", "steps": 5, "initial_lr": 0.005, "target_lr": 0.005}, "batch_per_device": 128}, "time_since_restore": 406.59910559654236, "timesteps_since_restore": 0, "iterations_since_restore": 10, "mean_throughput": 1495.5967762353027, "atoms": 1, "setup_time": 14.405348539352417}
{"apply": 0.017168927192687988, "batch_time": 0.03181309036061734, "d2h": 0.0006568431854248047, "data_time": 0.001767918276969734, "fwd": 0.02771017551422119, "get_state_time_mean": NaN, "get_state_time_total": 0.0, "grad": 0.046834278106689456, "mean_accuracy": 0.47721998691558837, "mean_loss": 1.42741733959198, "neg_mean_accuracy": -0.5467999577522278, "set_state_time_mean": NaN, "set_state_time_total": 0.0, "setup_model_time_mean": NaN, "setup_model_time_total": 0.0, "setup_proc_time_mean": NaN, "setup_proc_time_total": 0.0, "train_accuracy": 0.4925999939441681, "train_loss": 1.3964679120254517, "training_time_mean": NaN, "training_time_total": 0.0, "val_accuracy": 0.5467999577522278, "val_loss": 1.2722062013626099, "validation_time_mean": NaN, "validation_time_total": 0.0, "samples": 60000, "num_workers": 1, "done": false, "timesteps_total": null, "episodes_total": null, "training_iteration": 11, "neg_mean_loss": -1.42741733959198, "experiment_id": "425e10250b224110b3b00c70601652be", "date": "2019-06-02_20-21-12", "timestamp": 1559532072, "time_this_iter_s": 39.93948149681091, "time_total_s": 446.53858709335327, "pid": 18845, "hostname": "steropes", "node_ip": "169.229.49.254", "config": {"starting_lr": 0.005, "momentum": 0.997, "weight_decay": 0.0005, "steps_per_iteration": null, "pin": false, "model_creator": null, "target_batch_size": 128, "model_string": "resnet50", "min_batch_size": 128, "dataset": "CIFAR", "placement": null, "use_nccl": true, "devices_per_worker": 1, "primary_resource": "extra_gpu", "gpu": false, "verbose": false, "lr_config": {"mode": "log", "steps": 5, "initial_lr": 0.005, "target_lr": 0.005}, "batch_per_device": 128}, "time_since_restore": 446.53858709335327, "timesteps_since_restore": 0, "iterations_since_restore": 11, "mean_throughput": 1496.9657625415616, "atoms": 1, "setup_time": 14.405348539352417}
{"apply": 0.01771965026855469, "batch_time": 0.031371125692053685, "d2h": 0.0006765842437744141, "data_time": 0.0017675444902971273, "fwd": 0.02828493118286133, "get_state_time_mean": NaN, "get_state_time_total": 0.0, "grad": 0.046460318565368655, "mean_accuracy": 0.5016199886798859, "mean_loss": 1.367599605445862, "neg_mean_accuracy": -0.5525000095367432, "set_state_time_mean": NaN, "set_state_time_total": 0.0, "setup_model_time_mean": NaN, "setup_model_time_total": 0.0, "setup_proc_time_mean": NaN, "setup_proc_time_total": 0.0, "train_accuracy": 0.5199199914932251, "train_loss": 1.3270855587387085, "training_time_mean": NaN, "training_time_total": 0.0, "val_accuracy": 0.5525000095367432, "val_loss": 1.250527025604248, "validation_time_mean": NaN, "validation_time_total": 0.0, "samples": 60000, "num_workers": 1, "done": false, "timesteps_total": null, "episodes_total": null, "training_iteration": 12, "neg_mean_loss": -1.367599605445862, "experiment_id": "425e10250b224110b3b00c70601652be", "date": "2019-06-02_20-21-52", "timestamp": 1559532112, "time_this_iter_s": 39.90813660621643, "time_total_s": 486.4467236995697, "pid": 18845, "hostname": "steropes", "node_ip": "169.229.49.254", "config": {"starting_lr": 0.005, "momentum": 0.997, "weight_decay": 0.0005, "steps_per_iteration": null, "pin": false, "model_creator": null, "target_batch_size": 128, "model_string": "resnet50", "min_batch_size": 128, "dataset": "CIFAR", "placement": null, "use_nccl": true, "devices_per_worker": 1, "primary_resource": "extra_gpu", "gpu": false, "verbose": false, "lr_config": {"mode": "log", "steps": 5, "initial_lr": 0.005, "target_lr": 0.005}, "batch_per_device": 128}, "time_since_restore": 486.4467236995697, "timesteps_since_restore": 0, "iterations_since_restore": 12, "mean_throughput": 1498.8091227278185, "atoms": 1, "setup_time": 14.405348539352417}
{"apply": 0.017819833755493165, "batch_time": 0.031383822235880016, "d2h": 0.000619196891784668, "data_time": 0.0017974273018215013, "fwd": 0.02810204029083252, "get_state_time_mean": NaN, "get_state_time_total": 0.0, "grad": 0.04752006530761719, "mean_accuracy": 0.5278399884700775, "mean_loss": 1.3038913988494873, "neg_mean_accuracy": -0.5756999850273132, "set_state_time_mean": NaN, "set_state_time_total": 0.0, "setup_model_time_mean": NaN, "setup_model_time_total": 0.0, "setup_proc_time_mean": NaN, "setup_proc_time_total": 0.0, "train_accuracy": 0.5456799864768982, "train_loss": 1.2692308012390137, "training_time_mean": NaN, "training_time_total": 0.0, "val_accuracy": 0.5756999850273132, "val_loss": 1.181874977684021, "validation_time_mean": NaN, "validation_time_total": 0.0, "samples": 60000, "num_workers": 1, "done": false, "timesteps_total": null, "episodes_total": null, "training_iteration": 13, "neg_mean_loss": -1.3038913988494873, "experiment_id": "425e10250b224110b3b00c70601652be", "date": "2019-06-02_20-22-32", "timestamp": 1559532152, "time_this_iter_s": 39.89513325691223, "time_total_s": 526.3418569564819, "pid": 18845, "hostname": "steropes", "node_ip": "169.229.49.254", "config": {"starting_lr": 0.005, "momentum": 0.997, "weight_decay": 0.0005, "steps_per_iteration": null, "pin": false, "model_creator": null, "target_batch_size": 128, "model_string": "resnet50", "min_batch_size": 128, "dataset": "CIFAR", "placement": null, "use_nccl": true, "devices_per_worker": 1, "primary_resource": "extra_gpu", "gpu": false, "verbose": false, "lr_config": {"mode": "log", "steps": 5, "initial_lr": 0.005, "target_lr": 0.005}, "batch_per_device": 128}, "time_since_restore": 526.3418569564819, "timesteps_since_restore": 0, "iterations_since_restore": 13, "mean_throughput": 1499.51249176825, "atoms": 1, "setup_time": 14.405348539352417}
{"apply": 0.01708033084869385, "batch_time": 0.03157871282553371, "d2h": 0.0006596326828002929, "data_time": 0.001763966382312043, "fwd": 0.027307653427124025, "get_state_time_mean": NaN, "get_state_time_total": 0.0, "grad": 0.04672186374664307, "mean_accuracy": 0.5486999869346618, "mean_loss": 1.251552823257446, "neg_mean_accuracy": -0.5900999903678894, "set_state_time_mean": NaN, "set_state_time_total": 0.0, "setup_model_time_mean": NaN, "setup_model_time_total": 0.0, "setup_proc_time_mean": NaN, "setup_proc_time_total": 0.0, "train_accuracy": 0.575219988822937, "train_loss": 1.1934985638046265, "training_time_mean": NaN, "training_time_total": 0.0, "val_accuracy": 0.5900999903678894, "val_loss": 1.1465551082611083, "validation_time_mean": NaN, "validation_time_total": 0.0, "samples": 60000, "num_workers": 1, "done": false, "timesteps_total": null, "episodes_total": null, "training_iteration": 14, "neg_mean_loss": -1.251552823257446, "experiment_id": "425e10250b224110b3b00c70601652be", "date": "2019-06-02_20-23-12", "timestamp": 1559532192, "time_this_iter_s": 40.058772563934326, "time_total_s": 566.4006295204163, "pid": 18845, "hostname": "steropes", "node_ip": "169.229.49.254", "config": {"starting_lr": 0.005, "momentum": 0.997, "weight_decay": 0.0005, "steps_per_iteration": null, "pin": false, "model_creator": null, "target_batch_size": 128, "model_string": "resnet50", "min_batch_size": 128, "dataset": "CIFAR", "placement": null, "use_nccl": true, "devices_per_worker": 1, "primary_resource": "extra_gpu", "gpu": false, "verbose": false, "lr_config": {"mode": "log", "steps": 5, "initial_lr": 0.005, "target_lr": 0.005}, "batch_per_device": 128}, "time_since_restore": 566.4006295204163, "timesteps_since_restore": 0, "iterations_since_restore": 14, "mean_throughput": 1500.3901017698722, "atoms": 1, "setup_time": 14.405348539352417}
{"apply": 0.01709299087524414, "batch_time": 0.03195205821266657, "d2h": 0.0006665468215942382, "data_time": 0.0017927296631171576, "fwd": 0.027312660217285158, "get_state_time_mean": NaN, "get_state_time_total": 0.0, "grad": 0.04686284065246582, "mean_accuracy": 0.5760599851608277, "mean_loss": 1.187595574207306, "neg_mean_accuracy": -0.6151999831199646, "set_state_time_mean": NaN, "set_state_time_total": 0.0, "setup_model_time_mean": NaN, "setup_model_time_total": 0.0, "setup_proc_time_mean": NaN, "setup_proc_time_total": 0.0, "train_accuracy": 0.5894399881362915, "train_loss": 1.153833535232544, "training_time_mean": NaN, "training_time_total": 0.0, "val_accuracy": 0.6151999831199646, "val_loss": 1.0868145581245423, "validation_time_mean": NaN, "validation_time_total": 0.0, "samples": 60000, "num_workers": 1, "done": false, "timesteps_total": null, "episodes_total": null, "training_iteration": 15, "neg_mean_loss": -1.187595574207306, "experiment_id": "425e10250b224110b3b00c70601652be", "date": "2019-06-02_20-23-53", "timestamp": 1559532233, "time_this_iter_s": 40.23829412460327, "time_total_s": 606.6389236450195, "pid": 18845, "hostname": "steropes", "node_ip": "169.229.49.254", "config": {"starting_lr": 0.005, "momentum": 0.997, "weight_decay": 0.0005, "steps_per_iteration": null, "pin": false, "model_creator": null, "target_batch_size": 128, "model_string": "resnet50", "min_batch_size": 128, "dataset": "CIFAR", "placement": null, "use_nccl": true, "devices_per_worker": 1, "primary_resource": "extra_gpu", "gpu": false, "verbose": false, "lr_config": {"mode": "log", "steps": 5, "initial_lr": 0.005, "target_lr": 0.005}, "batch_per_device": 128}, "time_since_restore": 606.6389236450195, "timesteps_since_restore": 0, "iterations_since_restore": 15, "mean_throughput": 1499.697729476322, "atoms": 1, "setup_time": 14.405348539352417}
{"apply": 0.018290376663208006, "batch_time": 0.03197024441972564, "d2h": 0.0006668806076049804, "data_time": 0.001791146710095808, "fwd": 0.027736878395080565, "get_state_time_mean": NaN, "get_state_time_total": 0.0, "grad": 0.04796378612518311, "mean_accuracy": 0.59371999502182, "mean_loss": 1.139578635044098, "neg_mean_accuracy": -0.6351000070571899, "set_state_time_mean": NaN, "set_state_time_total": 0.0, "setup_model_time_mean": NaN, "setup_model_time_total": 0.0, "setup_proc_time_mean": NaN, "setup_proc_time_total": 0.0, "train_accuracy": 0.6031799912452698, "train_loss": 1.1258567363357543, "training_time_mean": NaN, "training_time_total": 0.0, "val_accuracy": 0.6351000070571899, "val_loss": 1.0321215055465698, "validation_time_mean": NaN, "validation_time_total": 0.0, "samples": 60000, "num_workers": 1, "done": false, "timesteps_total": null, "episodes_total": null, "training_iteration": 16, "neg_mean_loss": -1.139578635044098, "experiment_id": "425e10250b224110b3b00c70601652be", "date": "2019-06-02_20-24-33", "timestamp": 1559532273, "time_this_iter_s": 40.30392599105835, "time_total_s": 646.9428496360779, "pid": 18845, "hostname": "steropes", "node_ip": "169.229.49.254", "config": {"starting_lr": 0.005, "momentum": 0.997, "weight_decay": 0.0005, "steps_per_iteration": null, "pin": false, "model_creator": null, "target_batch_size": 128, "model_string": "resnet50", "min_batch_size": 128, "dataset": "CIFAR", "placement": null, "use_nccl": true, "devices_per_worker": 1, "primary_resource": "extra_gpu", "gpu": false, "verbose": false, "lr_config": {"mode": "log", "steps": 5, "initial_lr": 0.005, "target_lr": 0.005}, "batch_per_device": 128}, "time_since_restore": 646.9428496360779, "timesteps_since_restore": 0, "iterations_since_restore": 16, "mean_throughput": 1496.9704997837343, "atoms": 1, "setup_time": 14.405348539352417}
{"apply": 0.017061591148376465, "batch_time": 0.03135434283485895, "d2h": 0.000673222541809082, "data_time": 0.0017841167157263403, "fwd": 0.027312612533569335, "get_state_time_mean": NaN, "get_state_time_total": 0.0, "grad": 0.046686649322509766, "mean_accuracy": 0.6074599862098694, "mean_loss": 1.1056173839759826, "neg_mean_accuracy": -0.6211999654769897, "set_state_time_mean": NaN, "set_state_time_total": 0.0, "setup_model_time_mean": NaN, "setup_model_time_total": 0.0, "setup_proc_time_mean": NaN, "setup_proc_time_total": 0.0, "train_accuracy": 0.6068599820137024, "train_loss": 1.1070831257247924, "training_time_mean": NaN, "training_time_total": 0.0, "val_accuracy": 0.6211999654769897, "val_loss": 1.0807207702636719, "validation_time_mean": NaN, "validation_time_total": 0.0, "samples": 60000, "num_workers": 1, "done": false, "timesteps_total": null, "episodes_total": null, "training_iteration": 17, "neg_mean_loss": -1.1056173839759826, "experiment_id": "425e10250b224110b3b00c70601652be", "date": "2019-06-02_20-25-13", "timestamp": 1559532313, "time_this_iter_s": 39.91431951522827, "time_total_s": 686.8571691513062, "pid": 18845, "hostname": "steropes", "node_ip": "169.229.49.254", "config": {"starting_lr": 0.005, "momentum": 0.997, "weight_decay": 0.0005, "steps_per_iteration": null, "pin": false, "model_creator": null, "target_batch_size": 128, "model_string": "resnet50", "min_batch_size": 128, "dataset": "CIFAR", "placement": null, "use_nccl": true, "devices_per_worker": 1, "primary_resource": "extra_gpu", "gpu": false, "verbose": false, "lr_config": {"mode": "log", "steps": 5, "initial_lr": 0.005, "target_lr": 0.005}, "batch_per_device": 128}, "time_since_restore": 686.8571691513062, "timesteps_since_restore": 0, "iterations_since_restore": 17, "mean_throughput": 1496.924339663666, "atoms": 1, "setup_time": 14.405348539352417}
{"apply": 0.01723513603210449, "batch_time": 0.03131269805039032, "d2h": 0.0006766319274902344, "data_time": 0.0017700384340017957, "fwd": 0.027852082252502443, "get_state_time_mean": NaN, "get_state_time_total": 0.0, "grad": 0.04643967151641846, "mean_accuracy": 0.6193599820137023, "mean_loss": 1.0801565693855284, "neg_mean_accuracy": -0.6351999640464783, "set_state_time_mean": NaN, "set_state_time_total": 0.0, "setup_model_time_mean": NaN, "setup_model_time_total": 0.0, "setup_proc_time_mean": NaN, "setup_proc_time_total": 0.0, "train_accuracy": 0.6205799579620361, "train_loss": 1.0768468173980712, "training_time_mean": NaN, "training_time_total": 0.0, "val_accuracy": 0.6351999640464783, "val_loss": 1.0545709047317504, "validation_time_mean": NaN, "validation_time_total": 0.0, "samples": 60000, "num_workers": 1, "done": false, "timesteps_total": null, "episodes_total": null, "training_iteration": 18, "neg_mean_loss": -1.0801565693855284, "experiment_id": "425e10250b224110b3b00c70601652be", "date": "2019-06-02_20-25-53", "timestamp": 1559532353, "time_this_iter_s": 39.88771605491638, "time_total_s": 726.7448852062225, "pid": 18845, "hostname": "steropes", "node_ip": "169.229.49.254", "config": {"starting_lr": 0.005, "momentum": 0.997, "weight_decay": 0.0005, "steps_per_iteration": null, "pin": false, "model_creator": null, "target_batch_size": 128, "model_string": "resnet50", "min_batch_size": 128, "dataset": "CIFAR", "placement": null, "use_nccl": true, "devices_per_worker": 1, "primary_resource": "extra_gpu", "gpu": false, "verbose": false, "lr_config": {"mode": "log", "steps": 5, "initial_lr": 0.005, "target_lr": 0.005}, "batch_per_device": 128}, "time_since_restore": 726.7448852062225, "timesteps_since_restore": 0, "iterations_since_restore": 18, "mean_throughput": 1496.9802308143373, "atoms": 1, "setup_time": 14.405348539352417}
{"apply": 0.01726951599121094, "batch_time": 0.031233980685849733, "d2h": 0.000676417350769043, "data_time": 0.0017677286396855893, "fwd": 0.027524924278259276, "get_state_time_mean": NaN, "get_state_time_total": 0.0, "grad": 0.04715020656585693, "mean_accuracy": 0.6282999753952027, "mean_loss": 1.0604237302589417, "neg_mean_accuracy": -0.6347999572753906, "set_state_time_mean": NaN, "set_state_time_total": 0.0, "setup_model_time_mean": NaN, "setup_model_time_total": 0.0, "setup_proc_time_mean": NaN, "setup_proc_time_total": 0.0, "train_accuracy": 0.6128999590873718, "train_loss": 1.1005577442932128, "training_time_mean": NaN, "training_time_total": 0.0, "val_accuracy": 0.6347999572753906, "val_loss": 1.047890912628174, "validation_time_mean": NaN, "validation_time_total": 0.0, "samples": 60000, "num_workers": 1, "done": false, "timesteps_total": null, "episodes_total": null, "training_iteration": 19, "neg_mean_loss": -1.0604237302589417, "experiment_id": "425e10250b224110b3b00c70601652be", "date": "2019-06-02_20-26-33", "timestamp": 1559532393, "time_this_iter_s": 39.88010001182556, "time_total_s": 766.6249852180481, "pid": 18845, "hostname": "steropes", "node_ip": "169.229.49.254", "config": {"starting_lr": 0.005, "momentum": 0.997, "weight_decay": 0.0005, "steps_per_iteration": null, "pin": false, "model_creator": null, "target_batch_size": 128, "model_string": "resnet50", "min_batch_size": 128, "dataset": "CIFAR", "placement": null, "use_nccl": true, "devices_per_worker": 1, "primary_resource": "extra_gpu", "gpu": false, "verbose": false, "lr_config": {"mode": "log", "steps": 5, "initial_lr": 0.005, "target_lr": 0.005}, "batch_per_device": 128}, "time_since_restore": 766.6249852180481, "timesteps_since_restore": 0, "iterations_since_restore": 19, "mean_throughput": 1498.3156137905519, "atoms": 1, "setup_time": 14.405348539352417}
{"apply": 0.017186880111694336, "batch_time": 0.031114294559140748, "d2h": 0.0006679296493530273, "data_time": 0.0017684365782286505, "fwd": 0.027190423011779784, "get_state_time_mean": NaN, "get_state_time_total": 0.0, "grad": 0.046955657005310056, "mean_accuracy": 0.6327799797058106, "mean_loss": 1.048121569080353, "neg_mean_accuracy": -0.6376000046730042, "set_state_time_mean": NaN, "set_state_time_total": 0.0, "setup_model_time_mean": NaN, "setup_model_time_total": 0.0, "setup_proc_time_mean": NaN, "setup_proc_time_total": 0.0, "train_accuracy": 0.6184200048446655, "train_loss": 1.0924831303405762, "training_time_mean": NaN, "training_time_total": 0.0, "val_accuracy": 0.6376000046730042, "val_loss": 1.025303752231598, "validation_time_mean": NaN, "validation_time_total": 0.0, "samples": 60000, "num_workers": 1, "done": false, "timesteps_total": null, "episodes_total": null, "training_iteration": 20, "neg_mean_loss": -1.048121569080353, "experiment_id": "425e10250b224110b3b00c70601652be", "date": "2019-06-02_20-27-12", "timestamp": 1559532432, "time_this_iter_s": 39.765503883361816, "time_total_s": 806.3904891014099, "pid": 18845, "hostname": "steropes", "node_ip": "169.229.49.254", "config": {"starting_lr": 0.005, "momentum": 0.997, "weight_decay": 0.0005, "steps_per_iteration": null, "pin": false, "model_creator": null, "target_batch_size": 128, "model_string": "resnet50", "min_batch_size": 128, "dataset": "CIFAR", "placement": null, "use_nccl": true, "devices_per_worker": 1, "primary_resource": "extra_gpu", "gpu": false, "verbose": false, "lr_config": {"mode": "log", "steps": 5, "initial_lr": 0.005, "target_lr": 0.005}, "batch_per_device": 128}, "time_since_restore": 806.3904891014099, "timesteps_since_restore": 0, "iterations_since_restore": 20, "mean_throughput": 1501.8622117613625, "atoms": 1, "setup_time": 14.405348539352417}
{"apply": 0.017194104194641114, "batch_time": 0.03128559981720357, "d2h": 0.0006736040115356446, "data_time": 0.0018194008361348106, "fwd": 0.027525830268859863, "get_state_time_mean": NaN, "get_state_time_total": 0.0, "grad": 0.0463982343673706, "mean_accuracy": 0.633519971370697, "mean_loss": 1.0446540167045595, "neg_mean_accuracy": -0.6387999653816223, "set_state_time_mean": NaN, "set_state_time_total": 0.0, "setup_model_time_mean": NaN, "setup_model_time_total": 0.0, "setup_proc_time_mean": NaN, "setup_proc_time_total": 0.0, "train_accuracy": 0.6343399882316589, "train_loss": 1.0451006319046021, "training_time_mean": NaN, "training_time_total": 0.0, "val_accuracy": 0.6387999653816223, "val_loss": 1.0147837436676026, "validation_time_mean": NaN, "validation_time_total": 0.0, "samples": 60000, "num_workers": 1, "done": false, "timesteps_total": null, "episodes_total": null, "training_iteration": 21, "neg_mean_loss": -1.0446540167045595, "experiment_id": "425e10250b224110b3b00c70601652be", "date": "2019-06-02_20-27-52", "timestamp": 1559532472, "time_this_iter_s": 39.644686698913574, "time_total_s": 846.0351758003235, "pid": 18845, "hostname": "steropes", "node_ip": "169.229.49.254", "config": {"starting_lr": 0.005, "momentum": 0.997, "weight_decay": 0.0005, "steps_per_iteration": null, "pin": false, "model_creator": null, "target_batch_size": 128, "model_string": "resnet50", "min_batch_size": 128, "dataset": "CIFAR", "placement": null, "use_nccl": true, "devices_per_worker": 1, "primary_resource": "extra_gpu", "gpu": false, "verbose": false, "lr_config": {"mode": "log", "steps": 5, "initial_lr": 0.005, "target_lr": 0.005}, "batch_per_device": 128}, "time_since_restore": 846.0351758003235, "timesteps_since_restore": 0, "iterations_since_restore": 21, "mean_throughput": 1506.8351829610087, "atoms": 1, "setup_time": 14.405348539352417}
{"apply": 0.01698470115661621, "batch_time": 0.03177358832540391, "d2h": 0.0006668806076049804, "data_time": 0.001770481734019716, "fwd": 0.02735464572906494, "get_state_time_mean": NaN, "get_state_time_total": 0.0, "grad": 0.04693982601165771, "mean_accuracy": 0.6385199785232544, "mean_loss": 1.0377240501976015, "neg_mean_accuracy": -0.6462000012397766, "set_state_time_mean": NaN, "set_state_time_total": 0.0, "setup_model_time_mean": NaN, "setup_model_time_total": 0.0, "setup_proc_time_mean": NaN, "setup_proc_time_total": 0.0, "train_accuracy": 0.636900007724762, "train_loss": 1.036565121192932, "training_time_mean": NaN, "training_time_total": 0.0, "val_accuracy": 0.6462000012397766, "val_loss": 1.046070937728882, "validation_time_mean": NaN, "validation_time_total": 0.0, "samples": 60000, "num_workers": 1, "done": false, "timesteps_total": null, "episodes_total": null, "training_iteration": 22, "neg_mean_loss": -1.0377240501976015, "experiment_id": "425e10250b224110b3b00c70601652be", "date": "2019-06-02_20-28-32", "timestamp": 1559532512, "time_this_iter_s": 39.74070143699646, "time_total_s": 885.77587723732, "pid": 18845, "hostname": "steropes", "node_ip": "169.229.49.254", "config": {"starting_lr": 0.005, "momentum": 0.997, "weight_decay": 0.0005, "steps_per_iteration": null, "pin": false, "model_creator": null, "target_batch_size": 128, "model_string": "resnet50", "min_batch_size": 128, "dataset": "CIFAR", "placement": null, "use_nccl": true, "devices_per_worker": 1, "primary_resource": "extra_gpu", "gpu": false, "verbose": false, "lr_config": {"mode": "log", "steps": 5, "initial_lr": 0.005, "target_lr": 0.005}, "batch_per_device": 128}, "time_since_restore": 885.77587723732, "timesteps_since_restore": 0, "iterations_since_restore": 22, "mean_throughput": 1508.15010833395, "atoms": 1, "setup_time": 14.405348539352417}
{"apply": 0.017124748229980467, "batch_time": 0.03135924097857898, "d2h": 0.0006738185882568359, "data_time": 0.001747161226199411, "fwd": 0.028726530075073243, "get_state_time_mean": NaN, "get_state_time_total": 0.0, "grad": 0.046915960311889646, "mean_accuracy": 0.6427199840545654, "mean_loss": 1.0274322513389589, "neg_mean_accuracy": -0.6561999917030334, "set_state_time_mean": NaN, "set_state_time_total": 0.0, "setup_model_time_mean": NaN, "setup_model_time_total": 0.0, "setup_proc_time_mean": NaN, "setup_proc_time_total": 0.0, "train_accuracy": 0.6359399557113647, "train_loss": 1.0466194309997559, "training_time_mean": NaN, "training_time_total": 0.0, "val_accuracy": 0.6561999917030334, "val_loss": 1.0031119104385375, "validation_time_mean": NaN, "validation_time_total": 0.0, "samples": 60000, "num_workers": 1, "done": false, "timesteps_total": null, "episodes_total": null, "training_iteration": 23, "neg_mean_loss": -1.0274322513389589, "experiment_id": "425e10250b224110b3b00c70601652be", "date": "2019-06-02_20-29-11", "timestamp": 1559532551, "time_this_iter_s": 39.72278141975403, "time_total_s": 925.498658657074, "pid": 18845, "hostname": "steropes", "node_ip": "169.229.49.254", "config": {"starting_lr": 0.005, "momentum": 0.997, "weight_decay": 0.0005, "steps_per_iteration": null, "pin": false, "model_creator": null, "target_batch_size": 128, "model_string": "resnet50", "min_batch_size": 128, "dataset": "CIFAR", "placement": null, "use_nccl": true, "devices_per_worker": 1, "primary_resource": "extra_gpu", "gpu": false, "verbose": false, "lr_config": {"mode": "log", "steps": 5, "initial_lr": 0.005, "target_lr": 0.005}, "batch_per_device": 128}, "time_since_restore": 925.498658657074, "timesteps_since_restore": 0, "iterations_since_restore": 23, "mean_throughput": 1509.4016274335097, "atoms": 1, "setup_time": 14.405348539352417}
{"apply": 0.017014503479003906, "batch_time": 0.03132808661159081, "d2h": 0.0006761312484741211, "data_time": 0.001747424645192178, "fwd": 0.027512454986572267, "get_state_time_mean": NaN, "get_state_time_total": 0.0, "grad": 0.046560120582580564, "mean_accuracy": 0.6486399888992309, "mean_loss": 1.0180033648109437, "neg_mean_accuracy": -0.6643999814987183, "set_state_time_mean": NaN, "set_state_time_total": 0.0, "setup_model_time_mean": NaN, "setup_model_time_total": 0.0, "setup_proc_time_mean": NaN, "setup_proc_time_total": 0.0, "train_accuracy": 0.6392599940299988, "train_loss": 1.0410846089553834, "training_time_mean": NaN, "training_time_total": 0.0, "val_accuracy": 0.6643999814987183, "val_loss": 1.000746479988098, "validation_time_mean": NaN, "validation_time_total": 0.0, "samples": 60000, "num_workers": 1, "done": false, "timesteps_total": null, "episodes_total": null, "training_iteration": 24, "neg_mean_loss": -1.0180033648109437, "experiment_id": "425e10250b224110b3b00c70601652be", "date": "2019-06-02_20-29-51", "timestamp": 1559532591, "time_this_iter_s": 39.69067621231079, "time_total_s": 965.1893348693848, "pid": 18845, "hostname": "steropes", "node_ip": "169.229.49.254", "config": {"starting_lr": 0.005, "momentum": 0.997, "weight_decay": 0.0005, "steps_per_iteration": null, "pin": false, "model_creator": null, "target_batch_size": 128, "model_string": "resnet50", "min_batch_size": 128, "dataset": "CIFAR", "placement": null, "use_nccl": true, "devices_per_worker": 1, "primary_resource": "extra_gpu", "gpu": false, "verbose": false, "lr_config": {"mode": "log", "steps": 5, "initial_lr": 0.005, "target_lr": 0.005}, "batch_per_device": 128}, "time_since_restore": 965.1893348693848, "timesteps_since_restore": 0, "iterations_since_restore": 24, "mean_throughput": 1510.8419928720875, "atoms": 1, "setup_time": 14.405348539352417}
{"apply": 0.017078495025634764, "batch_time": 0.030983001370973224, "d2h": 0.000674128532409668, "data_time": 0.0017689353669695842, "fwd": 0.02725396156311035, "get_state_time_mean": NaN, "get_state_time_total": 0.0, "grad": 0.04640481472015381, "mean_accuracy": 0.6500999808311463, "mean_loss": 1.0198537913131713, "neg_mean_accuracy": -0.6448999643325806, "set_state_time_mean": NaN, "set_state_time_total": 0.0, "setup_model_time_mean": NaN, "setup_model_time_total": 0.0, "setup_proc_time_mean": NaN, "setup_proc_time_total": 0.0, "train_accuracy": 0.6424399614334106, "train_loss": 1.0311367753219605, "training_time_mean": NaN, "training_time_total": 0.0, "val_accuracy": 0.6448999643325806, "val_loss": 1.0345558847427367, "validation_time_mean": NaN, "validation_time_total": 0.0, "samples": 60000, "num_workers": 1, "done": false, "timesteps_total": null, "episodes_total": null, "training_iteration": 25, "neg_mean_loss": -1.0198537913131713, "experiment_id": "425e10250b224110b3b00c70601652be", "date": "2019-06-02_20-30-31", "timestamp": 1559532631, "time_this_iter_s": 39.679030656814575, "time_total_s": 1004.8683655261993, "pid": 18845, "hostname": "steropes", "node_ip": "169.229.49.254", "config": {"starting_lr": 0.005, "momentum": 0.997, "weight_decay": 0.0005, "steps_per_iteration": null, "pin": false, "model_creator": null, "target_batch_size": 128, "model_string": "resnet50", "min_batch_size": 128, "dataset": "CIFAR", "placement": null, "use_nccl": true, "devices_per_worker": 1, "primary_resource": "extra_gpu", "gpu": false, "verbose": false, "lr_config": {"mode": "log", "steps": 5, "initial_lr": 0.005, "target_lr": 0.005}, "batch_per_device": 128}, "time_since_restore": 1004.8683655261993, "timesteps_since_restore": 0, "iterations_since_restore": 25, "mean_throughput": 1511.499597106202, "atoms": 1, "setup_time": 14.405348539352417}
{"apply": 0.017041349411010744, "batch_time": 0.0314883702917944, "d2h": 0.0006608963012695312, "data_time": 0.001712584434567815, "fwd": 0.027015137672424316, "get_state_time_mean": NaN, "get_state_time_total": 0.0, "grad": 0.04649925231933594, "mean_accuracy": 0.652679979801178, "mean_loss": 1.0194320225334166, "neg_mean_accuracy": -0.651699960231781, "set_state_time_mean": NaN, "set_state_time_total": 0.0, "setup_model_time_mean": NaN, "setup_model_time_total": 0.0, "setup_proc_time_mean": NaN, "setup_proc_time_total": 0.0, "train_accuracy": 0.6470400094985962, "train_loss": 1.0185435805511474, "training_time_mean": NaN, "training_time_total": 0.0, "val_accuracy": 0.651699960231781, "val_loss": 1.0126748997688293, "validation_time_mean": NaN, "validation_time_total": 0.0, "samples": 60000, "num_workers": 1, "done": false, "timesteps_total": null, "episodes_total": null, "training_iteration": 26, "neg_mean_loss": -1.0194320225334166, "experiment_id": "425e10250b224110b3b00c70601652be", "date": "2019-06-02_20-31-10", "timestamp": 1559532670, "time_this_iter_s": 39.517051458358765, "time_total_s": 1044.385416984558, "pid": 18845, "hostname": "steropes", "node_ip": "169.229.49.254", "config": {"starting_lr": 0.005, "momentum": 0.997, "weight_decay": 0.0005, "steps_per_iteration": null, "pin": false, "model_creator": null, "target_batch_size": 128, "model_string": "resnet50", "min_batch_size": 128, "dataset": "CIFAR", "placement": null, "use_nccl": true, "devices_per_worker": 1, "primary_resource": "extra_gpu", "gpu": false, "verbose": false, "lr_config": {"mode": "log", "steps": 5, "initial_lr": 0.005, "target_lr": 0.005}, "batch_per_device": 128}, "time_since_restore": 1044.385416984558, "timesteps_since_restore": 0, "iterations_since_restore": 26, "mean_throughput": 1512.4722788504794, "atoms": 1, "setup_time": 14.405348539352417}
{"apply": 0.01708216667175293, "batch_time": 0.031201471256304392, "d2h": 0.0006708145141601562, "data_time": 0.0017499362721162684, "fwd": 0.027589702606201173, "get_state_time_mean": NaN, "get_state_time_total": 0.0, "grad": 0.04637191295623779, "mean_accuracy": 0.6506399750709534, "mean_loss": 1.0257674237060548, "neg_mean_accuracy": -0.6359999775886536, "set_state_time_mean": NaN, "set_state_time_total": 0.0, "setup_model_time_mean": NaN, "setup_model_time_total": 0.0, "setup_proc_time_mean": NaN, "setup_proc_time_total": 0.0, "train_accuracy": 0.642520010471344, "train_loss": 1.0279148133468627, "training_time_mean": NaN, "training_time_total": 0.0, "val_accuracy": 0.6359999775886536, "val_loss": 1.0777479435920716, "validation_time_mean": NaN, "validation_time_total": 0.0, "samples": 60000, "num_workers": 1, "done": false, "timesteps_total": null, "episodes_total": null, "training_iteration": 27, "neg_mean_loss": -1.0257674237060548, "experiment_id": "425e10250b224110b3b00c70601652be", "date": "2019-06-02_20-31-50", "timestamp": 1559532710, "time_this_iter_s": 39.55492115020752, "time_total_s": 1083.9403381347656, "pid": 18845, "hostname": "steropes", "node_ip": "169.229.49.254", "config": {"starting_lr": 0.005, "momentum": 0.997, "weight_decay": 0.0005, "steps_per_iteration": null, "pin": false, "model_creator": null, "target_batch_size": 128, "model_string": "resnet50", "min_batch_size": 128, "dataset": "CIFAR", "placement": null, "use_nccl": true, "devices_per_worker": 1, "primary_resource": "extra_gpu", "gpu": false, "verbose": false, "lr_config": {"mode": "log", "steps": 5, "initial_lr": 0.005, "target_lr": 0.005}, "batch_per_device": 128}, "time_since_restore": 1083.9403381347656, "timesteps_since_restore": 0, "iterations_since_restore": 27, "mean_throughput": 1513.8904923798614, "atoms": 1, "setup_time": 14.405348539352417}
{"apply": 0.017129349708557128, "batch_time": 0.03134267541426647, "d2h": 0.0006672382354736328, "data_time": 0.0017094917004675512, "fwd": 0.02741703987121582, "get_state_time_mean": NaN, "get_state_time_total": 0.0, "grad": 0.04626851081848145, "mean_accuracy": 0.6493399739265442, "mean_loss": 1.0300512001037596, "neg_mean_accuracy": -0.6496999859809875, "set_state_time_mean": NaN, "set_state_time_total": 0.0, "setup_model_time_mean": NaN, "setup_model_time_total": 0.0, "setup_proc_time_mean": NaN, "setup_proc_time_total": 0.0, "train_accuracy": 0.6468999981880188, "train_loss": 1.0079437804031373, "training_time_mean": NaN, "training_time_total": 0.0, "val_accuracy": 0.6496999859809875, "val_loss": 1.024530792427063, "validation_time_mean": NaN, "validation_time_total": 0.0, "samples": 60000, "num_workers": 1, "done": false, "timesteps_total": null, "episodes_total": null, "training_iteration": 28, "neg_mean_loss": -1.0300512001037596, "experiment_id": "425e10250b224110b3b00c70601652be", "date": "2019-06-02_20-32-29", "timestamp": 1559532749, "time_this_iter_s": 39.44250130653381, "time_total_s": 1123.3828394412994, "pid": 18845, "hostname": "steropes", "node_ip": "169.229.49.254", "config": {"starting_lr": 0.005, "momentum": 0.997, "weight_decay": 0.0005, "steps_per_iteration": null, "pin": false, "model_creator": null, "target_batch_size": 128, "model_string": "resnet50", "min_batch_size": 128, "dataset": "CIFAR", "placement": null, "use_nccl": true, "devices_per_worker": 1, "primary_resource": "extra_gpu", "gpu": false, "verbose": false, "lr_config": {"mode": "log", "steps": 5, "initial_lr": 0.005, "target_lr": 0.005}, "batch_per_device": 128}, "time_since_restore": 1123.3828394412994, "timesteps_since_restore": 0, "iterations_since_restore": 28, "mean_throughput": 1516.0343348816398, "atoms": 1, "setup_time": 14.405348539352417}
{"apply": 0.017245984077453612, "batch_time": 0.03155540212800231, "d2h": 0.0007404327392578125, "data_time": 0.0017139844577330763, "fwd": 0.02740328311920166, "get_state_time_mean": NaN, "get_state_time_total": 0.0, "grad": 0.04618868827819824, "mean_accuracy": 0.6529199719429016, "mean_loss": 1.012663705291748, "neg_mean_accuracy": -0.6822999715805054, "set_state_time_mean": NaN, "set_state_time_total": 0.0, "setup_model_time_mean": NaN, "setup_model_time_total": 0.0, "setup_proc_time_mean": NaN, "setup_proc_time_total": 0.0, "train_accuracy": 0.659280002117157, "train_loss": 0.9895342073440552, "training_time_mean": NaN, "training_time_total": 0.0, "val_accuracy": 0.6822999715805054, "val_loss": 0.9138090059280396, "validation_time_mean": NaN, "validation_time_total": 0.0, "samples": 60000, "num_workers": 1, "done": false, "timesteps_total": null, "episodes_total": null, "training_iteration": 29, "neg_mean_loss": -1.012663705291748, "experiment_id": "425e10250b224110b3b00c70601652be", "date": "2019-06-02_20-33-09", "timestamp": 1559532789, "time_this_iter_s": 39.46686005592346, "time_total_s": 1162.849699497223, "pid": 18845, "hostname": "steropes", "node_ip": "169.229.49.254", "config": {"starting_lr": 0.005, "momentum": 0.997, "weight_decay": 0.0005, "steps_per_iteration": null, "pin": false, "model_creator": null, "target_batch_size": 128, "model_string": "resnet50", "min_batch_size": 128, "dataset": "CIFAR", "placement": null, "use_nccl": true, "devices_per_worker": 1, "primary_resource": "extra_gpu", "gpu": false, "verbose": false, "lr_config": {"mode": "log", "steps": 5, "initial_lr": 0.005, "target_lr": 0.005}, "batch_per_device": 128}, "time_since_restore": 1162.849699497223, "timesteps_since_restore": 0, "iterations_since_restore": 29, "mean_throughput": 1517.7509677397659, "atoms": 1, "setup_time": 14.405348539352417}
