{"apply": 0.01762235164642334, "batch_time": 0.05269837077659897, "d2h": 0.0006809473037719726, "data_time": 0.0019001869289466487, "fwd": 0.11659822463989258, "get_state_time_mean": NaN, "get_state_time_total": 0.0, "grad": 0.16468851566314696, "mean_accuracy": 0.20799998939037323, "mean_loss": 2.148512417602539, "neg_mean_accuracy": -0.20799998939037323, "set_state_time_mean": NaN, "set_state_time_total": 0.0, "setup_model_time_mean": 18.237310886383057, "setup_model_time_total": 18.237310886383057, "setup_proc_time_mean": 1.8570380210876465, "setup_proc_time_total": 1.8570380210876465, "train_accuracy": 0.17483998835086823, "train_loss": 4.149185393753052, "training_time_mean": NaN, "training_time_total": 0.0, "val_accuracy": 0.20799998939037323, "val_loss": 2.148512417602539, "validation_time_mean": NaN, "validation_time_total": 0.0, "samples": 60000, "num_workers": 1, "done": false, "timesteps_total": null, "episodes_total": null, "training_iteration": 1, "neg_mean_loss": -2.148512417602539, "experiment_id": "25fdebcb7cf0403ba0f6fb7033fdc871", "date": "2019-06-03_04-38-11", "timestamp": 1559561891, "time_this_iter_s": 47.747976303100586, "time_total_s": 47.747976303100586, "pid": 17444, "hostname": "steropes", "node_ip": "169.229.49.254", "config": {"starting_lr": 0.1, "momentum": 0.95, "weight_decay": 0.001, "steps_per_iteration": null, "pin": false, "model_creator": null, "target_batch_size": 128, "model_string": "resnet50", "min_batch_size": 128, "dataset": "CIFAR", "placement": null, "use_nccl": true, "devices_per_worker": 1, "primary_resource": "extra_gpu", "gpu": false, "verbose": false, "lr_config": {"mode": "log", "steps": 5, "initial_lr": 0.1, "target_lr": 0.1}, "batch_per_device": 128}, "time_since_restore": 47.747976303100586, "timesteps_since_restore": 0, "iterations_since_restore": 1, "mean_throughput": 1256.5955938864554, "atoms": 1, "setup_time": 23.79463839530945}
{"apply": 0.017568349838256836, "batch_time": 0.03207500976852224, "d2h": 0.0006766080856323242, "data_time": 0.0017960376446814184, "fwd": 0.02829124927520752, "get_state_time_mean": NaN, "get_state_time_total": 0.0, "grad": 0.049801969528198244, "mean_accuracy": 0.24504999071359634, "mean_loss": 2.0360332401275634, "neg_mean_accuracy": -0.28209999203681946, "set_state_time_mean": NaN, "set_state_time_total": 0.0, "setup_model_time_mean": NaN, "setup_model_time_total": 0.0, "setup_proc_time_mean": NaN, "setup_proc_time_total": 0.0, "train_accuracy": 0.24049998819828033, "train_loss": 2.05219515171051, "training_time_mean": NaN, "training_time_total": 0.0, "val_accuracy": 0.28209999203681946, "val_loss": 1.923554062652588, "validation_time_mean": NaN, "validation_time_total": 0.0, "samples": 60000, "num_workers": 1, "done": false, "timesteps_total": null, "episodes_total": null, "training_iteration": 2, "neg_mean_loss": -2.0360332401275634, "experiment_id": "25fdebcb7cf0403ba0f6fb7033fdc871", "date": "2019-06-03_04-38-53", "timestamp": 1559561933, "time_this_iter_s": 41.88983130455017, "time_total_s": 89.63780760765076, "pid": 17444, "hostname": "steropes", "node_ip": "169.229.49.254", "config": {"starting_lr": 0.1, "momentum": 0.95, "weight_decay": 0.001, "steps_per_iteration": null, "pin": false, "model_creator": null, "target_batch_size": 128, "model_string": "resnet50", "min_batch_size": 128, "dataset": "CIFAR", "placement": null, "use_nccl": true, "devices_per_worker": 1, "primary_resource": "extra_gpu", "gpu": false, "verbose": false, "lr_config": {"mode": "log", "steps": 5, "initial_lr": 0.1, "target_lr": 0.1}, "batch_per_device": 128}, "time_since_restore": 89.63780760765076, "timesteps_since_restore": 0, "iterations_since_restore": 2, "mean_throughput": 1338.7167934764725, "atoms": 1, "setup_time": 23.79463839530945}
{"apply": 0.01774873733520508, "batch_time": 0.032095562053632135, "d2h": 0.0007056951522827149, "data_time": 0.001778744675619218, "fwd": 0.028232240676879884, "get_state_time_mean": NaN, "get_state_time_total": 0.0, "grad": 0.04936528205871582, "mean_accuracy": 0.25699999431769055, "mean_loss": 2.0325464279174805, "neg_mean_accuracy": -0.2809000015258789, "set_state_time_mean": NaN, "set_state_time_total": 0.0, "setup_model_time_mean": NaN, "setup_model_time_total": 0.0, "setup_proc_time_mean": NaN, "setup_proc_time_total": 0.0, "train_accuracy": 0.31345999240875244, "train_loss": 1.8537720212554931, "training_time_mean": NaN, "training_time_total": 0.0, "val_accuracy": 0.2809000015258789, "val_loss": 2.0255728034973144, "validation_time_mean": NaN, "validation_time_total": 0.0, "samples": 60000, "num_workers": 1, "done": false, "timesteps_total": null, "episodes_total": null, "training_iteration": 3, "neg_mean_loss": -2.0325464279174805, "experiment_id": "25fdebcb7cf0403ba0f6fb7033fdc871", "date": "2019-06-03_04-39-34", "timestamp": 1559561974, "time_this_iter_s": 41.53749442100525, "time_total_s": 131.175302028656, "pid": 17444, "hostname": "steropes", "node_ip": "169.229.49.254", "config": {"starting_lr": 0.1, "momentum": 0.95, "weight_decay": 0.001, "steps_per_iteration": null, "pin": false, "model_creator": null, "target_batch_size": 128, "model_string": "resnet50", "min_batch_size": 128, "dataset": "CIFAR", "placement": null, "use_nccl": true, "devices_per_worker": 1, "primary_resource": "extra_gpu", "gpu": false, "verbose": false, "lr_config": {"mode": "log", "steps": 5, "initial_lr": 0.1, "target_lr": 0.1}, "batch_per_device": 128}, "time_since_restore": 131.175302028656, "timesteps_since_restore": 0, "iterations_since_restore": 3, "mean_throughput": 1372.2058547317629, "atoms": 1, "setup_time": 23.79463839530945}
{"apply": 0.01796550750732422, "batch_time": 0.03221161757843404, "d2h": 0.0006846189498901367, "data_time": 0.0018317095763847955, "fwd": 0.029186773300170898, "get_state_time_mean": NaN, "get_state_time_total": 0.0, "grad": 0.05077760219573975, "mean_accuracy": 0.2931249924004078, "mean_loss": 1.9374603034019469, "neg_mean_accuracy": -0.40149998664855957, "set_state_time_mean": NaN, "set_state_time_total": 0.0, "setup_model_time_mean": NaN, "setup_model_time_total": 0.0, "setup_proc_time_mean": NaN, "setup_proc_time_total": 0.0, "train_accuracy": 0.37477999925613403, "train_loss": 1.7051844400787353, "training_time_mean": NaN, "training_time_total": 0.0, "val_accuracy": 0.40149998664855957, "val_loss": 1.6522019298553468, "validation_time_mean": NaN, "validation_time_total": 0.0, "samples": 60000, "num_workers": 1, "done": false, "timesteps_total": null, "episodes_total": null, "training_iteration": 4, "neg_mean_loss": -1.9374603034019469, "experiment_id": "25fdebcb7cf0403ba0f6fb7033fdc871", "date": "2019-06-03_04-40-17", "timestamp": 1559562017, "time_this_iter_s": 42.45923590660095, "time_total_s": 173.63453793525696, "pid": 17444, "hostname": "steropes", "node_ip": "169.229.49.254", "config": {"starting_lr": 0.1, "momentum": 0.95, "weight_decay": 0.001, "steps_per_iteration": null, "pin": false, "model_creator": null, "target_batch_size": 128, "model_string": "resnet50", "min_batch_size": 128, "dataset": "CIFAR", "placement": null, "use_nccl": true, "devices_per_worker": 1, "primary_resource": "extra_gpu", "gpu": false, "verbose": false, "lr_config": {"mode": "log", "steps": 5, "initial_lr": 0.1, "target_lr": 0.1}, "batch_per_device": 128}, "time_since_restore": 173.63453793525696, "timesteps_since_restore": 0, "iterations_since_restore": 4, "mean_throughput": 1382.2100300624545, "atoms": 1, "setup_time": 23.79463839530945}
{"apply": 0.017420482635498048, "batch_time": 0.031693555131743226, "d2h": 0.0006503820419311524, "data_time": 0.001754869890334966, "fwd": 0.027734875679016113, "get_state_time_mean": NaN, "get_state_time_total": 0.0, "grad": 0.04980018138885498, "mean_accuracy": 0.31527999341487883, "mean_loss": 1.879539006843567, "neg_mean_accuracy": -0.40389999747276306, "set_state_time_mean": NaN, "set_state_time_total": 0.0, "setup_model_time_mean": NaN, "setup_model_time_total": 0.0, "setup_proc_time_mean": NaN, "setup_proc_time_total": 0.0, "train_accuracy": 0.4071199893951416, "train_loss": 1.6206901442718507, "training_time_mean": NaN, "training_time_total": 0.0, "val_accuracy": 0.40389999747276306, "val_loss": 1.6478538206100464, "validation_time_mean": NaN, "validation_time_total": 0.0, "samples": 60000, "num_workers": 1, "done": false, "timesteps_total": null, "episodes_total": null, "training_iteration": 5, "neg_mean_loss": -1.879539006843567, "experiment_id": "25fdebcb7cf0403ba0f6fb7033fdc871", "date": "2019-06-03_04-40-58", "timestamp": 1559562058, "time_this_iter_s": 41.128867626190186, "time_total_s": 214.76340556144714, "pid": 17444, "hostname": "steropes", "node_ip": "169.229.49.254", "config": {"starting_lr": 0.1, "momentum": 0.95, "weight_decay": 0.001, "steps_per_iteration": null, "pin": false, "model_creator": null, "target_batch_size": 128, "model_string": "resnet50", "min_batch_size": 128, "dataset": "CIFAR", "placement": null, "use_nccl": true, "devices_per_worker": 1, "primary_resource": "extra_gpu", "gpu": false, "verbose": false, "lr_config": {"mode": "log", "steps": 5, "initial_lr": 0.1, "target_lr": 0.1}, "batch_per_device": 128}, "time_since_restore": 214.76340556144714, "timesteps_since_restore": 0, "iterations_since_restore": 5, "mean_throughput": 1396.8827099302011, "atoms": 1, "setup_time": 23.79463839530945}
{"apply": 0.017468190193176268, "batch_time": 0.03179374827614313, "d2h": 0.000640702247619629, "data_time": 0.0017523539950475668, "fwd": 0.028148126602172852, "get_state_time_mean": NaN, "get_state_time_total": 0.0, "grad": 0.04956374168395996, "mean_accuracy": 0.3655199944972992, "mean_loss": 1.7494320106124879, "neg_mean_accuracy": -0.459199994802475, "set_state_time_mean": NaN, "set_state_time_total": 0.0, "setup_model_time_mean": NaN, "setup_model_time_total": 0.0, "setup_proc_time_mean": NaN, "setup_proc_time_total": 0.0, "train_accuracy": 0.4306999742984772, "train_loss": 1.5734348008346557, "training_time_mean": NaN, "training_time_total": 0.0, "val_accuracy": 0.459199994802475, "val_loss": 1.4979774364471437, "validation_time_mean": NaN, "validation_time_total": 0.0, "samples": 60000, "num_workers": 1, "done": false, "timesteps_total": null, "episodes_total": null, "training_iteration": 6, "neg_mean_loss": -1.7494320106124879, "experiment_id": "25fdebcb7cf0403ba0f6fb7033fdc871", "date": "2019-06-03_04-41-39", "timestamp": 1559562099, "time_this_iter_s": 41.35620331764221, "time_total_s": 256.11960887908936, "pid": 17444, "hostname": "steropes", "node_ip": "169.229.49.254", "config": {"starting_lr": 0.1, "momentum": 0.95, "weight_decay": 0.001, "steps_per_iteration": null, "pin": false, "model_creator": null, "target_batch_size": 128, "model_string": "resnet50", "min_batch_size": 128, "dataset": "CIFAR", "placement": null, "use_nccl": true, "devices_per_worker": 1, "primary_resource": "extra_gpu", "gpu": false, "verbose": false, "lr_config": {"mode": "log", "steps": 5, "initial_lr": 0.1, "target_lr": 0.1}, "batch_per_device": 128}, "time_since_restore": 256.11960887908936, "timesteps_since_restore": 0, "iterations_since_restore": 6, "mean_throughput": 1439.7318731154683, "atoms": 1, "setup_time": 23.79463839530945}
{"apply": 0.017539834976196288, "batch_time": 0.03178576276272158, "d2h": 0.0006429672241210938, "data_time": 0.0017553784353348911, "fwd": 0.02811415195465088, "get_state_time_mean": NaN, "get_state_time_total": 0.0, "grad": 0.04886939525604248, "mean_accuracy": 0.39387999176979066, "mean_loss": 1.6878126430511475, "neg_mean_accuracy": -0.42389997839927673, "set_state_time_mean": NaN, "set_state_time_total": 0.0, "setup_model_time_mean": NaN, "setup_model_time_total": 0.0, "setup_proc_time_mean": NaN, "setup_proc_time_total": 0.0, "train_accuracy": 0.4525199830532074, "train_loss": 1.521488088760376, "training_time_mean": NaN, "training_time_total": 0.0, "val_accuracy": 0.42389997839927673, "val_loss": 1.6154572248458863, "validation_time_mean": NaN, "validation_time_total": 0.0, "samples": 60000, "num_workers": 1, "done": false, "timesteps_total": null, "episodes_total": null, "training_iteration": 7, "neg_mean_loss": -1.6878126430511475, "experiment_id": "25fdebcb7cf0403ba0f6fb7033fdc871", "date": "2019-06-03_04-42-21", "timestamp": 1559562141, "time_this_iter_s": 41.42668294906616, "time_total_s": 297.5462918281555, "pid": 17444, "hostname": "steropes", "node_ip": "169.229.49.254", "config": {"starting_lr": 0.1, "momentum": 0.95, "weight_decay": 0.001, "steps_per_iteration": null, "pin": false, "model_creator": null, "target_batch_size": 128, "model_string": "resnet50", "min_batch_size": 128, "dataset": "CIFAR", "placement": null, "use_nccl": true, "devices_per_worker": 1, "primary_resource": "extra_gpu", "gpu": false, "verbose": false, "lr_config": {"mode": "log", "steps": 5, "initial_lr": 0.1, "target_lr": 0.1}, "batch_per_device": 128}, "time_since_restore": 297.5462918281555, "timesteps_since_restore": 0, "iterations_since_restore": 7, "mean_throughput": 1442.939875505263, "atoms": 1, "setup_time": 23.79463839530945}
{"apply": 0.01782100200653076, "batch_time": 0.0312670635271676, "d2h": 0.0006531476974487305, "data_time": 0.0017959900829188353, "fwd": 0.028148794174194337, "get_state_time_mean": NaN, "get_state_time_total": 0.0, "grad": 0.04988420009613037, "mean_accuracy": 0.41595999002456663, "mean_loss": 1.6520298851013184, "neg_mean_accuracy": -0.3912999927997589, "set_state_time_mean": NaN, "set_state_time_total": 0.0, "setup_model_time_mean": NaN, "setup_model_time_total": 0.0, "setup_proc_time_mean": NaN, "setup_proc_time_total": 0.0, "train_accuracy": 0.4714599847793579, "train_loss": 1.48205296459198, "training_time_mean": NaN, "training_time_total": 0.0, "val_accuracy": 0.3912999927997589, "val_loss": 1.8466590137481689, "validation_time_mean": NaN, "validation_time_total": 0.0, "samples": 60000, "num_workers": 1, "done": false, "timesteps_total": null, "episodes_total": null, "training_iteration": 8, "neg_mean_loss": -1.6520298851013184, "experiment_id": "25fdebcb7cf0403ba0f6fb7033fdc871", "date": "2019-06-03_04-43-02", "timestamp": 1559562182, "time_this_iter_s": 41.421032428741455, "time_total_s": 338.967324256897, "pid": 17444, "hostname": "steropes", "node_ip": "169.229.49.254", "config": {"starting_lr": 0.1, "momentum": 0.95, "weight_decay": 0.001, "steps_per_iteration": null, "pin": false, "model_creator": null, "target_batch_size": 128, "model_string": "resnet50", "min_batch_size": 128, "dataset": "CIFAR", "placement": null, "use_nccl": true, "devices_per_worker": 1, "primary_resource": "extra_gpu", "gpu": false, "verbose": false, "lr_config": {"mode": "log", "steps": 5, "initial_lr": 0.1, "target_lr": 0.1}, "batch_per_device": 128}, "time_since_restore": 338.967324256897, "timesteps_since_restore": 0, "iterations_since_restore": 8, "mean_throughput": 1443.7486537477448, "atoms": 1, "setup_time": 23.79463839530945}
{"apply": 0.017678332328796387, "batch_time": 0.03154973440532443, "d2h": 0.0006544351577758789, "data_time": 0.0018110470393734514, "fwd": 0.028020310401916503, "get_state_time_mean": NaN, "get_state_time_total": 0.0, "grad": 0.04966411590576172, "mean_accuracy": 0.4305799901485443, "mean_loss": 1.6211916576385499, "neg_mean_accuracy": -0.4745999872684479, "set_state_time_mean": NaN, "set_state_time_total": 0.0, "setup_model_time_mean": NaN, "setup_model_time_total": 0.0, "setup_proc_time_mean": NaN, "setup_proc_time_total": 0.0, "train_accuracy": 0.48767998814582825, "train_loss": 1.440128285560608, "training_time_mean": NaN, "training_time_total": 0.0, "val_accuracy": 0.4745999872684479, "val_loss": 1.4980107925415038, "validation_time_mean": NaN, "validation_time_total": 0.0, "samples": 60000, "num_workers": 1, "done": false, "timesteps_total": null, "episodes_total": null, "training_iteration": 9, "neg_mean_loss": -1.6211916576385499, "experiment_id": "25fdebcb7cf0403ba0f6fb7033fdc871", "date": "2019-06-03_04-43-43", "timestamp": 1559562223, "time_this_iter_s": 41.3318932056427, "time_total_s": 380.2992174625397, "pid": 17444, "hostname": "steropes", "node_ip": "169.229.49.254", "config": {"starting_lr": 0.1, "momentum": 0.95, "weight_decay": 0.001, "steps_per_iteration": null, "pin": false, "model_creator": null, "target_batch_size": 128, "model_string": "resnet50", "min_batch_size": 128, "dataset": "CIFAR", "placement": null, "use_nccl": true, "devices_per_worker": 1, "primary_resource": "extra_gpu", "gpu": false, "verbose": false, "lr_config": {"mode": "log", "steps": 5, "initial_lr": 0.1, "target_lr": 0.1}, "batch_per_device": 128}, "time_since_restore": 380.2992174625397, "timesteps_since_restore": 0, "iterations_since_restore": 9, "mean_throughput": 1451.624204875443, "atoms": 1, "setup_time": 23.79463839530945}
{"apply": 0.017718124389648437, "batch_time": 0.03166567524777183, "d2h": 0.0007013797760009766, "data_time": 0.0017353665188450337, "fwd": 0.02846989631652832, "get_state_time_mean": NaN, "get_state_time_total": 0.0, "grad": 0.05045509338378906, "mean_accuracy": 0.43703998923301696, "mean_loss": 1.6117677693557737, "neg_mean_accuracy": -0.43619999289512634, "set_state_time_mean": NaN, "set_state_time_total": 0.0, "setup_model_time_mean": NaN, "setup_model_time_total": 0.0, "setup_proc_time_mean": NaN, "setup_proc_time_total": 0.0, "train_accuracy": 0.4990599751472473, "train_loss": 1.414157580871582, "training_time_mean": NaN, "training_time_total": 0.0, "val_accuracy": 0.43619999289512634, "val_loss": 1.600734379196167, "validation_time_mean": NaN, "validation_time_total": 0.0, "samples": 60000, "num_workers": 1, "done": false, "timesteps_total": null, "episodes_total": null, "training_iteration": 10, "neg_mean_loss": -1.6117677693557737, "experiment_id": "25fdebcb7cf0403ba0f6fb7033fdc871", "date": "2019-06-03_04-44-25", "timestamp": 1559562265, "time_this_iter_s": 41.32177400588989, "time_total_s": 421.62099146842957, "pid": 17444, "hostname": "steropes", "node_ip": "169.229.49.254", "config": {"starting_lr": 0.1, "momentum": 0.95, "weight_decay": 0.001, "steps_per_iteration": null, "pin": false, "model_creator": null, "target_batch_size": 128, "model_string": "resnet50", "min_batch_size": 128, "dataset": "CIFAR", "placement": null, "use_nccl": true, "devices_per_worker": 1, "primary_resource": "extra_gpu", "gpu": false, "verbose": false, "lr_config": {"mode": "log", "steps": 5, "initial_lr": 0.1, "target_lr": 0.1}, "batch_per_device": 128}, "time_since_restore": 421.62099146842957, "timesteps_since_restore": 0, "iterations_since_restore": 10, "mean_throughput": 1450.2704373339357, "atoms": 1, "setup_time": 23.79463839530945}
{"apply": 0.017407441139221193, "batch_time": 0.06032833158969879, "d2h": 0.0006718873977661134, "data_time": 0.002827584743499756, "fwd": 0.13792641162872316, "get_state_time_mean": NaN, "get_state_time_total": 0.0, "grad": 0.21633162498474123, "mean_accuracy": 0.4525999784469604, "mean_loss": 1.567414430503845, "neg_mean_accuracy": -0.5369999408721924, "set_state_time_mean": 3.2668956518173218, "set_state_time_total": 3.2668956518173218, "setup_model_time_mean": 9.809831380844116, "setup_model_time_total": 9.809831380844116, "setup_proc_time_mean": 8.200299978256226, "setup_proc_time_total": 8.200299978256226, "train_accuracy": 0.5510399341583252, "train_loss": 1.262225422153473, "training_time_mean": NaN, "training_time_total": 0.0, "val_accuracy": 0.5369999408721924, "val_loss": 1.2762107421875, "validation_time_mean": NaN, "validation_time_total": 0.0, "samples": 60000, "num_workers": 2, "done": false, "timesteps_total": null, "episodes_total": null, "training_iteration": 11, "neg_mean_loss": -1.567414430503845, "experiment_id": "25fdebcb7cf0403ba0f6fb7033fdc871", "date": "2019-06-03_04-45-34", "timestamp": 1559562334, "time_this_iter_s": 33.20148587226868, "time_total_s": 454.82247734069824, "pid": 25653, "hostname": "steropes", "node_ip": "169.229.49.254", "config": {"starting_lr": 0.1, "momentum": 0.95, "weight_decay": 0.001, "steps_per_iteration": null, "pin": false, "model_creator": null, "target_batch_size": 128, "model_string": "resnet50", "min_batch_size": 128, "dataset": "CIFAR", "placement": null, "use_nccl": true, "devices_per_worker": 1, "primary_resource": "extra_gpu", "gpu": false, "verbose": false, "lr_config": {"mode": "log", "steps": 5, "initial_lr": 0.1, "target_lr": 0.14142135623730953}, "batch_per_device": 128}, "time_since_restore": 33.20148587226868, "timesteps_since_restore": 0, "iterations_since_restore": 1, "mean_throughput": 1807.1401723470563, "atoms": 2, "setup_time": 33.90246248245239}
{"apply": 0.01752537488937378, "batch_time": 0.037880593538284296, "d2h": 0.0006792068481445313, "data_time": 0.0027394258246129875, "fwd": 0.028117656707763672, "get_state_time_mean": NaN, "get_state_time_total": 0.0, "grad": 0.08037835359573364, "mean_accuracy": 0.4778999865055084, "mean_loss": 1.5071653422355653, "neg_mean_accuracy": -0.5504000186920166, "set_state_time_mean": NaN, "set_state_time_total": 0.0, "setup_model_time_mean": NaN, "setup_model_time_total": 0.0, "setup_proc_time_mean": NaN, "setup_proc_time_total": 0.0, "train_accuracy": 0.5588799715042114, "train_loss": 1.2459896726989745, "training_time_mean": NaN, "training_time_total": 0.0, "val_accuracy": 0.5504000186920166, "val_loss": 1.314211783504486, "validation_time_mean": NaN, "validation_time_total": 0.0, "samples": 60000, "num_workers": 2, "done": false, "timesteps_total": null, "episodes_total": null, "training_iteration": 12, "neg_mean_loss": -1.5071653422355653, "experiment_id": "25fdebcb7cf0403ba0f6fb7033fdc871", "date": "2019-06-03_04-46-01", "timestamp": 1559562361, "time_this_iter_s": 27.312853574752808, "time_total_s": 482.13533091545105, "pid": 25653, "hostname": "steropes", "node_ip": "169.229.49.254", "config": {"starting_lr": 0.1, "momentum": 0.95, "weight_decay": 0.001, "steps_per_iteration": null, "pin": false, "model_creator": null, "target_batch_size": 128, "model_string": "resnet50", "min_batch_size": 128, "dataset": "CIFAR", "placement": null, "use_nccl": true, "devices_per_worker": 1, "primary_resource": "extra_gpu", "gpu": false, "verbose": false, "lr_config": {"mode": "log", "steps": 5, "initial_lr": 0.1, "target_lr": 0.14142135623730953}, "batch_per_device": 128}, "time_since_restore": 60.514339447021484, "timesteps_since_restore": 0, "iterations_since_restore": 2, "mean_throughput": 1982.9937046758891, "atoms": 2, "setup_time": 33.90246248245239}
{"apply": 0.018957638740539552, "batch_time": 0.03642763793468476, "d2h": 0.0006931185722351074, "data_time": 0.0029039522823022337, "fwd": 0.029976439476013184, "get_state_time_mean": NaN, "get_state_time_total": 0.0, "grad": 0.07854524850845337, "mean_accuracy": 0.5041199922561646, "mean_loss": 1.4178054384994507, "neg_mean_accuracy": -0.5224000215530396, "set_state_time_mean": NaN, "set_state_time_total": 0.0, "setup_model_time_mean": NaN, "setup_model_time_total": 0.0, "setup_proc_time_mean": NaN, "setup_proc_time_total": 0.0, "train_accuracy": 0.5693999528884888, "train_loss": 1.2164728632736206, "training_time_mean": NaN, "training_time_total": 0.0, "val_accuracy": 0.5224000215530396, "val_loss": 1.3998594950675964, "validation_time_mean": NaN, "validation_time_total": 0.0, "samples": 60000, "num_workers": 2, "done": true, "timesteps_total": null, "episodes_total": null, "training_iteration": 13, "neg_mean_loss": -1.4178054384994507, "experiment_id": "25fdebcb7cf0403ba0f6fb7033fdc871", "date": "2019-06-03_04-46-29", "timestamp": 1559562389, "time_this_iter_s": 27.335548639297485, "time_total_s": 509.47087955474854, "pid": 25653, "hostname": "steropes", "node_ip": "169.229.49.254", "config": {"starting_lr": 0.1, "momentum": 0.95, "weight_decay": 0.001, "steps_per_iteration": null, "pin": false, "model_creator": null, "target_batch_size": 128, "model_string": "resnet50", "min_batch_size": 128, "dataset": "CIFAR", "placement": null, "use_nccl": true, "devices_per_worker": 1, "primary_resource": "extra_gpu", "gpu": false, "verbose": false, "lr_config": {"mode": "log", "steps": 5, "initial_lr": 0.1, "target_lr": 0.14142135623730953}, "batch_per_device": 128}, "time_since_restore": 87.84988808631897, "timesteps_since_restore": 0, "iterations_since_restore": 3, "mean_throughput": 2048.9405206139763, "atoms": 2, "setup_time": 33.90246248245239}
