apply,batch_time,d2h,data_time,fwd,get_state_time_mean,get_state_time_total,grad,mean_accuracy,mean_loss,neg_mean_accuracy,set_state_time_mean,set_state_time_total,setup_model_time_mean,setup_model_time_total,setup_proc_time_mean,setup_proc_time_total,train_accuracy,train_loss,training_time_mean,training_time_total,validation_time_mean,validation_time_total,samples,num_workers,done,timesteps_total,episodes_total,training_iteration,neg_mean_loss,experiment_id,date,timestamp,time_this_iter_s,time_total_s,pid,hostname,node_ip,config,time_since_restore,timesteps_since_restore,iterations_since_restore,mean_throughput,atoms,resource_time
0.00747532844543457,0.18455922603607178,0.005023980140686035,0.028198908786384428,0.08495655059814453,nan,0.0,0.18151528835296632,0.3953999876976013,1.6382800945281983,-0.3953999876976013,nan,0.0,8.748707294464111,8.748707294464111,0.2524406909942627,0.2524406909942627,0.26697999238967896,2.5601603247833253,nan,0.0,nan,0.0,60000,1,False,,,1,-1.6382800945281983,8824bb00770e402f959fb5023b4f8742,2019-05-30_14-37-41,1559252261,11.977365732192993,11.977365732192993,13457,steropes,169.229.49.254,"{'starting_lr': 0.005, 'momentum': 0.9, 'weight_decay': 0.005, 'steps_per_iteration': None, 'pin': False, 'model_creator': None, 'target_batch_size': 1024, 'model_string': 'resnet18', 'min_batch_size': 512, 'dataset': 'CIFAR', 'placement': None, 'use_nccl': True, 'devices_per_worker': 1, 'primary_resource': 'extra_gpu', 'gpu': False, 'verbose': False, 'lr_config': {'mode': 'log', 'steps': 5, 'initial_lr': 0.005, 'target_lr': 0.005}, 'batch_per_device': 1024}",11.977365732192993,0,1,5009.401900580293,1,11.977365732192993
0.007153034210205078,0.1319580078125,0.0052632570266723635,0.0339388117498281,0.022997093200683594,nan,0.0,0.04738020896911621,0.4640999734401703,1.464857371711731,-0.4640999734401703,nan,0.0,nan,0.0,nan,0.0,0.403359979391098,1.6153654727172853,nan,0.0,nan,0.0,60000,1,False,,,2,-1.464857371711731,8824bb00770e402f959fb5023b4f8742,2019-05-30_14-37-49,1559252269,8.045595169067383,20.022960901260376,13457,steropes,169.229.49.254,"{'starting_lr': 0.005, 'momentum': 0.9, 'weight_decay': 0.005, 'steps_per_iteration': None, 'pin': False, 'model_creator': None, 'target_batch_size': 1024, 'model_string': 'resnet18', 'min_batch_size': 512, 'dataset': 'CIFAR', 'placement': None, 'use_nccl': True, 'devices_per_worker': 1, 'primary_resource': 'extra_gpu', 'gpu': False, 'verbose': False, 'lr_config': {'mode': 'log', 'steps': 5, 'initial_lr': 0.005, 'target_lr': 0.005}, 'batch_per_device': 1024}",20.022960901260376,0,2,5993.062397120033,1,20.022960901260376
0.008318185806274414,0.1340494394302368,0.0049361705780029295,0.05964712707363829,0.022052526473999023,nan,0.0,0.04522619247436523,0.48339998722076416,1.3906333374023438,-0.48339998722076416,nan,0.0,nan,0.0,nan,0.0,0.455159991979599,1.4802490166854858,nan,0.0,nan,0.0,60000,1,False,,,3,-1.3906333374023438,8824bb00770e402f959fb5023b4f8742,2019-05-30_14-37-58,1559252278,8.91020941734314,28.933170318603516,13457,steropes,169.229.49.254,"{'starting_lr': 0.005, 'momentum': 0.9, 'weight_decay': 0.005, 'steps_per_iteration': None, 'pin': False, 'model_creator': None, 'target_batch_size': 1024, 'model_string': 'resnet18', 'min_batch_size': 512, 'dataset': 'CIFAR', 'placement': None, 'use_nccl': True, 'devices_per_worker': 1, 'primary_resource': 'extra_gpu', 'gpu': False, 'verbose': False, 'lr_config': {'mode': 'log', 'steps': 5, 'initial_lr': 0.005, 'target_lr': 0.005}, 'batch_per_device': 1024}",28.933170318603516,0,3,6221.175638032795,1,28.933170318603516
0.009157204627990722,0.15626704692840576,0.005749726295471191,0.05514819281441825,0.026879715919494628,nan,0.0,0.05280351638793945,0.5187000036239624,1.3162782970428466,-0.5187000036239624,nan,0.0,nan,0.0,nan,0.0,0.48923999071121216,1.4023443357849121,nan,0.0,nan,0.0,60000,1,False,,,4,-1.3162782970428466,8824bb00770e402f959fb5023b4f8742,2019-05-30_14-38-07,1559252287,9.289073944091797,38.22224426269531,13457,steropes,169.229.49.254,"{'starting_lr': 0.005, 'momentum': 0.9, 'weight_decay': 0.005, 'steps_per_iteration': None, 'pin': False, 'model_creator': None, 'target_batch_size': 1024, 'model_string': 'resnet18', 'min_batch_size': 512, 'dataset': 'CIFAR', 'placement': None, 'use_nccl': True, 'devices_per_worker': 1, 'primary_resource': 'extra_gpu', 'gpu': False, 'verbose': False, 'lr_config': {'mode': 'log', 'steps': 5, 'initial_lr': 0.005, 'target_lr': 0.005}, 'batch_per_device': 1024}",38.22224426269531,0,4,6279.009276885661,1,38.22224426269531
0.008860254287719726,0.1419544219970703,0.005549216270446777,0.04327196977576431,0.0321406364440918,nan,0.0,0.05221016407012939,0.5467999577522278,1.2657611459732057,-0.5467999577522278,nan,0.0,nan,0.0,nan,0.0,0.5181599855422974,1.3302743000793458,nan,0.0,nan,0.0,60000,1,False,,,5,-1.2657611459732057,8824bb00770e402f959fb5023b4f8742,2019-05-30_14-38-15,1559252295,8.234811067581177,46.45705533027649,13457,steropes,169.229.49.254,"{'starting_lr': 0.005, 'momentum': 0.9, 'weight_decay': 0.005, 'steps_per_iteration': None, 'pin': False, 'model_creator': None, 'target_batch_size': 1024, 'model_string': 'resnet18', 'min_batch_size': 512, 'dataset': 'CIFAR', 'placement': None, 'use_nccl': True, 'devices_per_worker': 1, 'primary_resource': 'extra_gpu', 'gpu': False, 'verbose': False, 'lr_config': {'mode': 'log', 'steps': 5, 'initial_lr': 0.005, 'target_lr': 0.005}, 'batch_per_device': 1024}",46.45705533027649,0,5,6457.517189160594,1,46.45705533027649
0.011145782470703126,0.13253166675567626,0.005511569976806641,0.0396478322087502,0.029051685333251955,nan,0.0,0.049764037132263184,0.5672000050544739,1.210912125968933,-0.5672000050544739,nan,0.0,nan,0.0,nan,0.0,0.5363999605178833,1.2785335065460206,nan,0.0,nan,0.0,60000,1,False,,,6,-1.210912125968933,8824bb00770e402f959fb5023b4f8742,2019-05-30_14-38-24,1559252304,8.070521354675293,54.52757668495178,13457,steropes,169.229.49.254,"{'starting_lr': 0.005, 'momentum': 0.9, 'weight_decay': 0.005, 'steps_per_iteration': None, 'pin': False, 'model_creator': None, 'target_batch_size': 1024, 'model_string': 'resnet18', 'min_batch_size': 512, 'dataset': 'CIFAR', 'placement': None, 'use_nccl': True, 'devices_per_worker': 1, 'primary_resource': 'extra_gpu', 'gpu': False, 'verbose': False, 'lr_config': {'mode': 'log', 'steps': 5, 'initial_lr': 0.005, 'target_lr': 0.005}, 'batch_per_device': 1024}",54.52757668495178,0,6,7050.428651465956,1,54.52757668495178
0.007093644142150879,0.1310025930404663,0.005317568778991699,0.0522385616691745,0.023260116577148438,nan,0.0,0.04319531917572021,0.5702999830245972,1.18286321849823,-0.5702999830245972,nan,0.0,nan,0.0,nan,0.0,0.5576599836349487,1.2204133026123047,nan,0.0,nan,0.0,60000,1,False,,,7,-1.18286321849823,8824bb00770e402f959fb5023b4f8742,2019-05-30_14-38-32,1559252312,8.743160247802734,63.27073693275452,13457,steropes,169.229.49.254,"{'starting_lr': 0.005, 'momentum': 0.9, 'weight_decay': 0.005, 'steps_per_iteration': None, 'pin': False, 'model_creator': None, 'target_batch_size': 1024, 'model_string': 'resnet18', 'min_batch_size': 512, 'dataset': 'CIFAR', 'placement': None, 'use_nccl': True, 'devices_per_worker': 1, 'primary_resource': 'extra_gpu', 'gpu': False, 'verbose': False, 'lr_config': {'mode': 'log', 'steps': 5, 'initial_lr': 0.005, 'target_lr': 0.005}, 'batch_per_device': 1024}",63.27073693275452,0,7,6936.7103200470465,1,63.27073693275452
0.007396531105041504,0.13621606826782226,0.005012798309326172,0.044170511012174646,0.02521052360534668,nan,0.0,0.04964559078216553,0.5920999646186829,1.1498646118164062,-0.5920999646186829,nan,0.0,nan,0.0,nan,0.0,0.5767799615859985,1.1759355110931395,nan,0.0,nan,0.0,60000,1,False,,,8,-1.1498646118164062,8824bb00770e402f959fb5023b4f8742,2019-05-30_14-38-41,1559252321,8.19100308418274,71.46174001693726,13457,steropes,169.229.49.254,"{'starting_lr': 0.005, 'momentum': 0.9, 'weight_decay': 0.005, 'steps_per_iteration': None, 'pin': False, 'model_creator': None, 'target_batch_size': 1024, 'model_string': 'resnet18', 'min_batch_size': 512, 'dataset': 'CIFAR', 'placement': None, 'use_nccl': True, 'devices_per_worker': 1, 'primary_resource': 'extra_gpu', 'gpu': False, 'verbose': False, 'lr_config': {'mode': 'log', 'steps': 5, 'initial_lr': 0.005, 'target_lr': 0.005}, 'batch_per_device': 1024}",71.46174001693726,0,8,7054.0163269974,1,71.46174001693726
0.009017252922058105,0.1293292760848999,0.007076168060302734,0.0514478148246298,0.02416222095489502,nan,0.0,0.04568159580230713,0.6067999601364136,1.097782222366333,-0.6067999601364136,nan,0.0,nan,0.0,nan,0.0,0.5931999683380127,1.129846717185974,nan,0.0,nan,0.0,60000,1,False,,,9,-1.097782222366333,8824bb00770e402f959fb5023b4f8742,2019-05-30_14-38-49,1559252329,8.501668453216553,79.96340847015381,13457,steropes,169.229.49.254,"{'starting_lr': 0.005, 'momentum': 0.9, 'weight_decay': 0.005, 'steps_per_iteration': None, 'pin': False, 'model_creator': None, 'target_batch_size': 1024, 'model_string': 'resnet18', 'min_batch_size': 512, 'dataset': 'CIFAR', 'placement': None, 'use_nccl': True, 'devices_per_worker': 1, 'primary_resource': 'extra_gpu', 'gpu': False, 'verbose': False, 'lr_config': {'mode': 'log', 'steps': 5, 'initial_lr': 0.005, 'target_lr': 0.005}, 'batch_per_device': 1024}",79.96340847015381,0,9,7187.081942360319,1,79.96340847015381
0.009077215194702148,0.12327125072479247,0.00521090030670166,0.06032756396702358,0.02533228397369385,nan,0.0,0.04628407955169678,0.6251999735832214,1.0587804651260375,-0.6251999735832214,nan,0.0,nan,0.0,nan,0.0,0.6065599918365479,1.0946077869033815,nan,0.0,nan,0.0,60000,1,False,,,10,-1.0587804651260375,8824bb00770e402f959fb5023b4f8742,2019-05-30_14-38-58,1559252338,8.742154121398926,88.70556259155273,13457,steropes,169.229.49.254,"{'starting_lr': 0.005, 'momentum': 0.9, 'weight_decay': 0.005, 'steps_per_iteration': None, 'pin': False, 'model_creator': None, 'target_batch_size': 1024, 'model_string': 'resnet18', 'min_batch_size': 512, 'dataset': 'CIFAR', 'placement': None, 'use_nccl': True, 'devices_per_worker': 1, 'primary_resource': 'extra_gpu', 'gpu': False, 'verbose': False, 'lr_config': {'mode': 'log', 'steps': 5, 'initial_lr': 0.005, 'target_lr': 0.005}, 'batch_per_device': 1024}",88.70556259155273,0,10,7100.77736025878,1,88.70556259155273
0.007526803016662598,0.1491014003753662,0.005274629592895508,0.056156002745336414,0.02128753662109375,nan,0.0,0.054288840293884276,0.6293999552726746,1.0414043424606323,-0.6293999552726746,nan,0.0,nan,0.0,nan,0.0,0.6175400018692017,1.0638839852142334,nan,0.0,nan,0.0,60000,1,False,,,11,-1.0414043424606323,8824bb00770e402f959fb5023b4f8742,2019-05-30_14-39-07,1559252347,8.97329068183899,97.67885327339172,13457,steropes,169.229.49.254,"{'starting_lr': 0.005, 'momentum': 0.9, 'weight_decay': 0.005, 'steps_per_iteration': None, 'pin': False, 'model_creator': None, 'target_batch_size': 1024, 'model_string': 'resnet18', 'min_batch_size': 512, 'dataset': 'CIFAR', 'placement': None, 'use_nccl': True, 'devices_per_worker': 1, 'primary_resource': 'extra_gpu', 'gpu': False, 'verbose': False, 'lr_config': {'mode': 'log', 'steps': 5, 'initial_lr': 0.005, 'target_lr': 0.005}, 'batch_per_device': 1024}",97.67885327339172,0,11,6952.223283569126,1,97.67885327339172
0.008378696441650391,0.1313758373260498,0.005332636833190918,0.043394205521564096,0.032309341430664065,nan,0.0,0.05326485633850098,0.6430000066757202,1.0121514261245728,-0.6430000066757202,nan,0.0,nan,0.0,nan,0.0,0.6313999891281128,1.0291158683395385,nan,0.0,nan,0.0,60000,1,False,,,12,-1.0121514261245728,8824bb00770e402f959fb5023b4f8742,2019-05-30_14-39-15,1559252355,8.443122625350952,106.12197589874268,13457,steropes,169.229.49.254,"{'starting_lr': 0.005, 'momentum': 0.9, 'weight_decay': 0.005, 'steps_per_iteration': None, 'pin': False, 'model_creator': None, 'target_batch_size': 1024, 'model_string': 'resnet18', 'min_batch_size': 512, 'dataset': 'CIFAR', 'placement': None, 'use_nccl': True, 'devices_per_worker': 1, 'primary_resource': 'extra_gpu', 'gpu': False, 'verbose': False, 'lr_config': {'mode': 'log', 'steps': 5, 'initial_lr': 0.005, 'target_lr': 0.005}, 'batch_per_device': 1024}",106.12197589874268,0,12,7000.900281011637,1,106.12197589874268
0.008336567878723144,0.11933493614196777,0.0069773197174072266,0.044593377989165635,0.022327160835266112,nan,0.0,0.04438762664794922,0.6468999981880188,0.992197047996521,-0.6468999981880188,nan,0.0,nan,0.0,nan,0.0,0.6436399817466736,0.9962392128372193,nan,0.0,nan,0.0,60000,1,False,,,13,-0.992197047996521,8824bb00770e402f959fb5023b4f8742,2019-05-30_14-39-23,1559252363,7.829858064651489,113.95183396339417,13457,steropes,169.229.49.254,"{'starting_lr': 0.005, 'momentum': 0.9, 'weight_decay': 0.005, 'steps_per_iteration': None, 'pin': False, 'model_creator': None, 'target_batch_size': 1024, 'model_string': 'resnet18', 'min_batch_size': 512, 'dataset': 'CIFAR', 'placement': None, 'use_nccl': True, 'devices_per_worker': 1, 'primary_resource': 'extra_gpu', 'gpu': False, 'verbose': False, 'lr_config': {'mode': 'log', 'steps': 5, 'initial_lr': 0.005, 'target_lr': 0.005}, 'batch_per_device': 1024}",113.95183396339417,0,13,7060.404197528586,1,113.95183396339417
0.007295846939086914,0.12195682525634766,0.004612231254577636,0.0438605327995456,0.022934818267822267,nan,0.0,0.04705841541290283,0.6542999744415283,0.98688424243927,-0.6542999744415283,nan,0.0,nan,0.0,nan,0.0,0.651639997959137,0.9714021837425232,nan,0.0,nan,0.0,60000,1,False,,,14,-0.98688424243927,8824bb00770e402f959fb5023b4f8742,2019-05-30_14-39-31,1559252371,7.879914045333862,121.83174800872803,13457,steropes,169.229.49.254,"{'starting_lr': 0.005, 'momentum': 0.9, 'weight_decay': 0.005, 'steps_per_iteration': None, 'pin': False, 'model_creator': None, 'target_batch_size': 1024, 'model_string': 'resnet18', 'min_batch_size': 512, 'dataset': 'CIFAR', 'placement': None, 'use_nccl': True, 'devices_per_worker': 1, 'primary_resource': 'extra_gpu', 'gpu': False, 'verbose': False, 'lr_config': {'mode': 'log', 'steps': 5, 'initial_lr': 0.005, 'target_lr': 0.005}, 'batch_per_device': 1024}",121.83174800872803,0,14,7165.251874002934,1,121.83174800872803
0.009531331062316895,0.1547706365585327,0.005481195449829101,0.034962303784428814,0.029324960708618165,nan,0.0,0.05541970729827881,0.6589999794960022,0.9625000105857849,-0.6589999794960022,nan,0.0,nan,0.0,nan,0.0,0.6573399901390076,0.9544524732017517,nan,0.0,nan,0.0,60000,1,False,,,15,-0.9625000105857849,8824bb00770e402f959fb5023b4f8742,2019-05-30_14-39-39,1559252379,7.932277679443359,129.7640256881714,13457,steropes,169.229.49.254,"{'starting_lr': 0.005, 'momentum': 0.9, 'weight_decay': 0.005, 'steps_per_iteration': None, 'pin': False, 'model_creator': None, 'target_batch_size': 1024, 'model_string': 'resnet18', 'min_batch_size': 512, 'dataset': 'CIFAR', 'placement': None, 'use_nccl': True, 'devices_per_worker': 1, 'primary_resource': 'extra_gpu', 'gpu': False, 'verbose': False, 'lr_config': {'mode': 'log', 'steps': 5, 'initial_lr': 0.005, 'target_lr': 0.005}, 'batch_per_device': 1024}",129.7640256881714,0,15,7306.582907931284,1,129.7640256881714
0.007496953010559082,0.13546111583709716,0.0054026365280151365,0.04336574612831583,0.029718899726867677,nan,0.0,0.04364833831787109,0.6678000092506409,0.9357056272506714,-0.6678000092506409,nan,0.0,nan,0.0,nan,0.0,0.6699399948120117,0.925859043045044,nan,0.0,nan,0.0,60000,1,False,,,16,-0.9357056272506714,8824bb00770e402f959fb5023b4f8742,2019-05-30_14-39-47,1559252387,8.330096244812012,138.0941219329834,13457,steropes,169.229.49.254,"{'starting_lr': 0.005, 'momentum': 0.9, 'weight_decay': 0.005, 'steps_per_iteration': None, 'pin': False, 'model_creator': None, 'target_batch_size': 1024, 'model_string': 'resnet18', 'min_batch_size': 512, 'dataset': 'CIFAR', 'placement': None, 'use_nccl': True, 'devices_per_worker': 1, 'primary_resource': 'extra_gpu', 'gpu': False, 'verbose': False, 'lr_config': {'mode': 'log', 'steps': 5, 'initial_lr': 0.005, 'target_lr': 0.005}, 'batch_per_device': 1024}",138.0941219329834,0,16,7422.860933960652,1,138.0941219329834
0.007241988182067871,0.12077984809875489,0.004958939552307129,0.04465301669373804,0.02686493396759033,nan,0.0,0.045870041847229,0.6750999689102173,0.9132168169021606,-0.6750999689102173,nan,0.0,nan,0.0,nan,0.0,0.6809999942779541,0.8941209901809692,nan,0.0,nan,0.0,60000,1,False,,,17,-0.9132168169021606,8824bb00770e402f959fb5023b4f8742,2019-05-30_14-39-55,1559252395,7.9639434814453125,146.0580654144287,13457,steropes,169.229.49.254,"{'starting_lr': 0.005, 'momentum': 0.9, 'weight_decay': 0.005, 'steps_per_iteration': None, 'pin': False, 'model_creator': None, 'target_batch_size': 1024, 'model_string': 'resnet18', 'min_batch_size': 512, 'dataset': 'CIFAR', 'placement': None, 'use_nccl': True, 'devices_per_worker': 1, 'primary_resource': 'extra_gpu', 'gpu': False, 'verbose': False, 'lr_config': {'mode': 'log', 'steps': 5, 'initial_lr': 0.005, 'target_lr': 0.005}, 'batch_per_device': 1024}",146.0580654144287,0,17,7511.92449490581,1,146.0580654144287
0.0071022272109985355,0.15424227714538574,0.006219005584716797,0.045993259974888394,0.026701521873474122,nan,0.0,0.051058173179626465,0.6633999943733215,0.9549456489562989,-0.6633999943733215,nan,0.0,nan,0.0,nan,0.0,0.6883599758148193,0.8748922787857055,nan,0.0,nan,0.0,60000,1,False,,,18,-0.9549456489562989,8824bb00770e402f959fb5023b4f8742,2019-05-30_14-40-04,1559252404,8.838399887084961,154.89646530151367,13457,steropes,169.229.49.254,"{'starting_lr': 0.005, 'momentum': 0.9, 'weight_decay': 0.005, 'steps_per_iteration': None, 'pin': False, 'model_creator': None, 'target_batch_size': 1024, 'model_string': 'resnet18', 'min_batch_size': 512, 'dataset': 'CIFAR', 'placement': None, 'use_nccl': True, 'devices_per_worker': 1, 'primary_resource': 'extra_gpu', 'gpu': False, 'verbose': False, 'lr_config': {'mode': 'log', 'steps': 5, 'initial_lr': 0.005, 'target_lr': 0.005}, 'batch_per_device': 1024}",154.89646530151367,0,18,7326.892908859074,1,154.89646530151367
0.007079672813415527,0.1512965440750122,0.0051029443740844725,0.048657383237566264,0.024652385711669923,nan,0.0,0.0552764892578125,0.6830999851226807,0.9033960991859437,-0.6830999851226807,nan,0.0,nan,0.0,nan,0.0,0.6943599581718445,0.8554466652870178,nan,0.0,nan,0.0,60000,1,False,,,19,-0.9033960991859437,8824bb00770e402f959fb5023b4f8742,2019-05-30_14-40-13,1559252413,8.764051914215088,163.66051721572876,13457,steropes,169.229.49.254,"{'starting_lr': 0.005, 'momentum': 0.9, 'weight_decay': 0.005, 'steps_per_iteration': None, 'pin': False, 'model_creator': None, 'target_batch_size': 1024, 'model_string': 'resnet18', 'min_batch_size': 512, 'dataset': 'CIFAR', 'placement': None, 'use_nccl': True, 'devices_per_worker': 1, 'primary_resource': 'extra_gpu', 'gpu': False, 'verbose': False, 'lr_config': {'mode': 'log', 'steps': 5, 'initial_lr': 0.005, 'target_lr': 0.005}, 'batch_per_device': 1024}",163.66051721572876,0,19,7172.025164881782,1,163.66051721572876
0.009643888473510743,0.13985061645507812,0.006862163543701172,0.04903099974807428,0.028310418128967285,nan,0.0,0.05460209846496582,0.6990000009536743,0.8589744095802307,-0.6990000009536743,nan,0.0,nan,0.0,nan,0.0,0.7005400061607361,0.8388931361961365,nan,0.0,nan,0.0,60000,1,False,,,20,-0.8589744095802307,8824bb00770e402f959fb5023b4f8742,2019-05-30_14-40-21,1559252421,8.54790711402893,172.2084243297577,13457,steropes,169.229.49.254,"{'starting_lr': 0.005, 'momentum': 0.9, 'weight_decay': 0.005, 'steps_per_iteration': None, 'pin': False, 'model_creator': None, 'target_batch_size': 1024, 'model_string': 'resnet18', 'min_batch_size': 512, 'dataset': 'CIFAR', 'placement': None, 'use_nccl': True, 'devices_per_worker': 1, 'primary_resource': 'extra_gpu', 'gpu': False, 'verbose': False, 'lr_config': {'mode': 'log', 'steps': 5, 'initial_lr': 0.005, 'target_lr': 0.005}, 'batch_per_device': 1024}",172.2084243297577,0,20,7068.001610659585,1,172.2084243297577
0.007065105438232422,0.1449064254760742,0.005317521095275879,0.045650705999257614,0.02492666244506836,nan,0.0,0.0646430253982544,0.707099974155426,0.8494325582504273,-0.707099974155426,nan,0.0,nan,0.0,nan,0.0,0.7105000019073486,0.8179524307250976,nan,0.0,nan,0.0,60000,1,False,,,21,-0.8494325582504273,8824bb00770e402f959fb5023b4f8742,2019-05-30_14-40-30,1559252430,8.53250527381897,180.74092960357666,13457,steropes,169.229.49.254,"{'starting_lr': 0.005, 'momentum': 0.9, 'weight_decay': 0.005, 'steps_per_iteration': None, 'pin': False, 'model_creator': None, 'target_batch_size': 1024, 'model_string': 'resnet18', 'min_batch_size': 512, 'dataset': 'CIFAR', 'placement': None, 'use_nccl': True, 'devices_per_worker': 1, 'primary_resource': 'extra_gpu', 'gpu': False, 'verbose': False, 'lr_config': {'mode': 'log', 'steps': 5, 'initial_lr': 0.005, 'target_lr': 0.005}, 'batch_per_device': 1024}",180.74092960357666,0,21,7034.457684718544,1,180.74092960357666
0.007547068595886231,0.14139602184295655,0.005035805702209473,0.040882952359257915,0.024621295928955077,nan,0.0,0.04845061302185059,0.7145000100135803,0.834643567276001,-0.7145000100135803,nan,0.0,nan,0.0,nan,0.0,0.7177599668502808,0.7970483165931702,nan,0.0,nan,0.0,60000,1,False,,,22,-0.834643567276001,8824bb00770e402f959fb5023b4f8742,2019-05-30_14-40-38,1559252438,8.194097757339478,188.93502736091614,13457,steropes,169.229.49.254,"{'starting_lr': 0.005, 'momentum': 0.9, 'weight_decay': 0.005, 'steps_per_iteration': None, 'pin': False, 'model_creator': None, 'target_batch_size': 1024, 'model_string': 'resnet18', 'min_batch_size': 512, 'dataset': 'CIFAR', 'placement': None, 'use_nccl': True, 'devices_per_worker': 1, 'primary_resource': 'extra_gpu', 'gpu': False, 'verbose': False, 'lr_config': {'mode': 'log', 'steps': 5, 'initial_lr': 0.005, 'target_lr': 0.005}, 'batch_per_device': 1024}",188.93502736091614,0,22,6996.677580811218,1,188.93502736091614
0.007416224479675293,0.1309002161026001,0.004851841926574707,0.05734776477424466,0.02380199432373047,nan,0.0,0.04828567504882812,0.7106999754905701,0.8246960586547851,-0.7106999754905701,nan,0.0,nan,0.0,nan,0.0,0.7215999960899353,0.7854551246643067,nan,0.0,nan,0.0,60000,1,False,,,23,-0.8246960586547851,8824bb00770e402f959fb5023b4f8742,2019-05-30_14-40-47,1559252447,8.762367010116577,197.69739437103271,13457,steropes,169.229.49.254,"{'starting_lr': 0.005, 'momentum': 0.9, 'weight_decay': 0.005, 'steps_per_iteration': None, 'pin': False, 'model_creator': None, 'target_batch_size': 1024, 'model_string': 'resnet18', 'min_batch_size': 512, 'dataset': 'CIFAR', 'placement': None, 'use_nccl': True, 'devices_per_worker': 1, 'primary_resource': 'extra_gpu', 'gpu': False, 'verbose': False, 'lr_config': {'mode': 'log', 'steps': 5, 'initial_lr': 0.005, 'target_lr': 0.005}, 'batch_per_device': 1024}",197.69739437103271,0,23,7009.10704554931,1,197.69739437103271
0.006891036033630371,0.12673599720001222,0.004674148559570312,0.045255291218660315,0.021829986572265626,nan,0.0,0.04245579242706299,0.7142999768257141,0.817980527973175,-0.7142999768257141,nan,0.0,nan,0.0,nan,0.0,0.7267799973487854,0.7714535355758667,nan,0.0,nan,0.0,60000,1,False,,,24,-0.817980527973175,8824bb00770e402f959fb5023b4f8742,2019-05-30_14-40-55,1559252455,8.20724630355835,205.90464067459106,13457,steropes,169.229.49.254,"{'starting_lr': 0.005, 'momentum': 0.9, 'weight_decay': 0.005, 'steps_per_iteration': None, 'pin': False, 'model_creator': None, 'target_batch_size': 1024, 'model_string': 'resnet18', 'min_batch_size': 512, 'dataset': 'CIFAR', 'placement': None, 'use_nccl': True, 'devices_per_worker': 1, 'primary_resource': 'extra_gpu', 'gpu': False, 'verbose': False, 'lr_config': {'mode': 'log', 'steps': 5, 'initial_lr': 0.005, 'target_lr': 0.005}, 'batch_per_device': 1024}",205.90464067459106,0,24,7101.490936929002,1,205.90464067459106
0.008112049102783203,0.11961688995361328,0.004894566535949707,0.0364875501515914,0.025576853752136232,nan,0.0,0.04436087608337402,0.7186999917030334,0.8123457989692688,-0.7186999917030334,nan,0.0,nan,0.0,nan,0.0,0.7314599752426147,0.7574072236442566,nan,0.0,nan,0.0,60000,1,False,,,25,-0.8123457989692688,8824bb00770e402f959fb5023b4f8742,2019-05-30_14-41-03,1559252463,8.094746112823486,213.99938678741455,13457,steropes,169.229.49.254,"{'starting_lr': 0.005, 'momentum': 0.9, 'weight_decay': 0.005, 'steps_per_iteration': None, 'pin': False, 'model_creator': None, 'target_batch_size': 1024, 'model_string': 'resnet18', 'min_batch_size': 512, 'dataset': 'CIFAR', 'placement': None, 'use_nccl': True, 'devices_per_worker': 1, 'primary_resource': 'extra_gpu', 'gpu': False, 'verbose': False, 'lr_config': {'mode': 'log', 'steps': 5, 'initial_lr': 0.005, 'target_lr': 0.005}, 'batch_per_device': 1024}",213.99938678741455,0,25,7178.4957985823785,1,213.99938678741455
0.007204914093017578,0.13041410446166993,0.005180835723876953,0.04501118465345733,0.021598100662231445,nan,0.0,0.04364645481109619,0.7152000069618225,0.8243013657569885,-0.7152000069618225,nan,0.0,nan,0.0,nan,0.0,0.7411800026893616,0.7329713033103943,nan,0.0,nan,0.0,60000,1,False,,,26,-0.8243013657569885,8824bb00770e402f959fb5023b4f8742,2019-05-30_14-41-11,1559252471,8.034334182739258,222.0337209701538,13457,steropes,169.229.49.254,"{'starting_lr': 0.005, 'momentum': 0.9, 'weight_decay': 0.005, 'steps_per_iteration': None, 'pin': False, 'model_creator': None, 'target_batch_size': 1024, 'model_string': 'resnet18', 'min_batch_size': 512, 'dataset': 'CIFAR', 'placement': None, 'use_nccl': True, 'devices_per_worker': 1, 'primary_resource': 'extra_gpu', 'gpu': False, 'verbose': False, 'lr_config': {'mode': 'log', 'steps': 5, 'initial_lr': 0.005, 'target_lr': 0.005}, 'batch_per_device': 1024}",222.0337209701538,0,26,7265.0978614602145,1,222.0337209701538
0.00781867504119873,0.11804072856903076,0.004870319366455078,0.03389174597603934,0.02273228168487549,nan,0.0,0.04702749252319336,0.7246999740600586,0.782679534626007,-0.7246999740600586,nan,0.0,nan,0.0,nan,0.0,0.7419799566268921,0.7273219457054139,nan,0.0,nan,0.0,60000,1,False,,,27,-0.782679534626007,8824bb00770e402f959fb5023b4f8742,2019-05-30_14-41-19,1559252479,7.56558084487915,229.59930181503296,13457,steropes,169.229.49.254,"{'starting_lr': 0.005, 'momentum': 0.9, 'weight_decay': 0.005, 'steps_per_iteration': None, 'pin': False, 'model_creator': None, 'target_batch_size': 1024, 'model_string': 'resnet18', 'min_batch_size': 512, 'dataset': 'CIFAR', 'placement': None, 'use_nccl': True, 'devices_per_worker': 1, 'primary_resource': 'extra_gpu', 'gpu': False, 'verbose': False, 'lr_config': {'mode': 'log', 'steps': 5, 'initial_lr': 0.005, 'target_lr': 0.005}, 'batch_per_device': 1024}",229.59930181503296,0,27,7377.410146482338,1,229.59930181503296
0.006991934776306152,0.11741487979888916,0.004610824584960938,0.044215236391339986,0.02143876552581787,nan,0.0,0.04385497570037842,0.7231999635696411,0.7962855450630189,-0.7231999635696411,nan,0.0,nan,0.0,nan,0.0,0.746239960193634,0.7133923538208008,nan,0.0,nan,0.0,60000,1,False,,,28,-0.7962855450630189,8824bb00770e402f959fb5023b4f8742,2019-05-30_14-41-27,1559252487,8.036672830581665,237.63597464561462,13457,steropes,169.229.49.254,"{'starting_lr': 0.005, 'momentum': 0.9, 'weight_decay': 0.005, 'steps_per_iteration': None, 'pin': False, 'model_creator': None, 'target_batch_size': 1024, 'model_string': 'resnet18', 'min_batch_size': 512, 'dataset': 'CIFAR', 'placement': None, 'use_nccl': True, 'devices_per_worker': 1, 'primary_resource': 'extra_gpu', 'gpu': False, 'verbose': False, 'lr_config': {'mode': 'log', 'steps': 5, 'initial_lr': 0.005, 'target_lr': 0.005}, 'batch_per_device': 1024}",237.63597464561462,0,28,7511.458307446539,1,237.63597464561462
0.007906150817871094,0.11954817771911622,0.0048806190490722655,0.03370492312372947,0.02753493785858154,nan,0.0,0.04812049865722656,0.7303000092506409,0.7956616683006287,-0.7303000092506409,nan,0.0,nan,0.0,nan,0.0,0.7518799901008606,0.7007068982505799,nan,0.0,nan,0.0,60000,1,False,,,29,-0.7956616683006287,8824bb00770e402f959fb5023b4f8742,2019-05-30_14-41-35,1559252495,8.072139739990234,245.70811438560486,13457,steropes,169.229.49.254,"{'starting_lr': 0.005, 'momentum': 0.9, 'weight_decay': 0.005, 'steps_per_iteration': None, 'pin': False, 'model_creator': None, 'target_batch_size': 1024, 'model_string': 'resnet18', 'min_batch_size': 512, 'dataset': 'CIFAR', 'placement': None, 'use_nccl': True, 'devices_per_worker': 1, 'primary_resource': 'extra_gpu', 'gpu': False, 'verbose': False, 'lr_config': {'mode': 'log', 'steps': 5, 'initial_lr': 0.005, 'target_lr': 0.005}, 'batch_per_device': 1024}",245.70811438560486,0,29,7536.953236954177,1,245.70811438560486
0.007387232780456543,0.12316386699676514,0.0052205085754394535,0.04555005929907974,0.02049846649169922,nan,0.0,0.04381992816925049,0.7191999554634094,0.7983531514167785,-0.7191999554634094,nan,0.0,nan,0.0,nan,0.0,0.753879964351654,0.6933207585144043,nan,0.0,nan,0.0,60000,1,False,,,30,-0.7983531514167785,8824bb00770e402f959fb5023b4f8742,2019-05-30_14-41-43,1559252503,8.183441400527954,253.8915557861328,13457,steropes,169.229.49.254,"{'starting_lr': 0.005, 'momentum': 0.9, 'weight_decay': 0.005, 'steps_per_iteration': None, 'pin': False, 'model_creator': None, 'target_batch_size': 1024, 'model_string': 'resnet18', 'min_batch_size': 512, 'dataset': 'CIFAR', 'placement': None, 'use_nccl': True, 'devices_per_worker': 1, 'primary_resource': 'extra_gpu', 'gpu': False, 'verbose': False, 'lr_config': {'mode': 'log', 'steps': 5, 'initial_lr': 0.005, 'target_lr': 0.005}, 'batch_per_device': 1024}",253.8915557861328,0,30,7520.193231649665,1,253.8915557861328
0.00805215835571289,0.11829640865325927,0.004943060874938965,0.03695029141951581,0.02497892379760742,nan,0.0,0.049941492080688474,0.7303999662399292,0.78085126247406,-0.7303999662399292,nan,0.0,nan,0.0,nan,0.0,0.7591800093650818,0.6779846384620667,nan,0.0,nan,0.0,60000,1,False,,,31,-0.78085126247406,8824bb00770e402f959fb5023b4f8742,2019-05-30_14-41-51,1559252511,7.564988851547241,261.45654463768005,13457,steropes,169.229.49.254,"{'starting_lr': 0.005, 'momentum': 0.9, 'weight_decay': 0.005, 'steps_per_iteration': None, 'pin': False, 'model_creator': None, 'target_batch_size': 1024, 'model_string': 'resnet18', 'min_batch_size': 512, 'dataset': 'CIFAR', 'placement': None, 'use_nccl': True, 'devices_per_worker': 1, 'primary_resource': 'extra_gpu', 'gpu': False, 'verbose': False, 'lr_config': {'mode': 'log', 'steps': 5, 'initial_lr': 0.005, 'target_lr': 0.005}, 'batch_per_device': 1024}",261.45654463768005,0,31,7609.724307490893,1,261.45654463768005
0.006919288635253906,0.11919794082641602,0.005401015281677246,0.041347727483632614,0.023956561088562013,nan,0.0,0.052098751068115234,0.7355999946594238,0.7717466688156128,-0.7355999946594238,nan,0.0,nan,0.0,nan,0.0,0.7666400074958801,0.6618277730178833,nan,0.0,nan,0.0,60000,1,False,,,32,-0.7717466688156128,8824bb00770e402f959fb5023b4f8742,2019-05-30_14-41-59,1559252519,8.317079544067383,269.77362418174744,13457,steropes,169.229.49.254,"{'starting_lr': 0.005, 'momentum': 0.9, 'weight_decay': 0.005, 'steps_per_iteration': None, 'pin': False, 'model_creator': None, 'target_batch_size': 1024, 'model_string': 'resnet18', 'min_batch_size': 512, 'dataset': 'CIFAR', 'placement': None, 'use_nccl': True, 'devices_per_worker': 1, 'primary_resource': 'extra_gpu', 'gpu': False, 'verbose': False, 'lr_config': {'mode': 'log', 'steps': 5, 'initial_lr': 0.005, 'target_lr': 0.005}, 'batch_per_device': 1024}",269.77362418174744,0,32,7467.380248492153,1,269.77362418174744
0.007641792297363281,0.12281854152679443,0.004749727249145508,0.03808019112567512,0.026898717880249022,nan,0.0,0.05231144428253174,0.7375999689102173,0.7727677249908447,-0.7375999689102173,nan,0.0,nan,0.0,nan,0.0,0.7706800103187561,0.6490504587554932,nan,0.0,nan,0.0,60000,1,False,,,33,-0.7727677249908447,8824bb00770e402f959fb5023b4f8742,2019-05-30_14-42-08,1559252528,8.564929246902466,278.3385534286499,13457,steropes,169.229.49.254,"{'starting_lr': 0.005, 'momentum': 0.9, 'weight_decay': 0.005, 'steps_per_iteration': None, 'pin': False, 'model_creator': None, 'target_batch_size': 1024, 'model_string': 'resnet18', 'min_batch_size': 512, 'dataset': 'CIFAR', 'placement': None, 'use_nccl': True, 'devices_per_worker': 1, 'primary_resource': 'extra_gpu', 'gpu': False, 'verbose': False, 'lr_config': {'mode': 'log', 'steps': 5, 'initial_lr': 0.005, 'target_lr': 0.005}, 'batch_per_device': 1024}",278.3385534286499,0,33,7370.467060034734,1,278.3385534286499
0.006968474388122559,0.12023601531982422,0.004576444625854492,0.04867357623820402,0.028717660903930665,nan,0.0,0.0600088357925415,0.7457999587059021,0.7463251830101013,-0.7457999587059021,nan,0.0,nan,0.0,nan,0.0,0.773099958896637,0.6399691525840759,nan,0.0,nan,0.0,60000,1,False,,,34,-0.7463251830101013,8824bb00770e402f959fb5023b4f8742,2019-05-30_14-42-16,1559252536,8.561277627944946,286.89983105659485,13457,steropes,169.229.49.254,"{'starting_lr': 0.005, 'momentum': 0.9, 'weight_decay': 0.005, 'steps_per_iteration': None, 'pin': False, 'model_creator': None, 'target_batch_size': 1024, 'model_string': 'resnet18', 'min_batch_size': 512, 'dataset': 'CIFAR', 'placement': None, 'use_nccl': True, 'devices_per_worker': 1, 'primary_resource': 'extra_gpu', 'gpu': False, 'verbose': False, 'lr_config': {'mode': 'log', 'steps': 5, 'initial_lr': 0.005, 'target_lr': 0.005}, 'batch_per_device': 1024}",286.89983105659485,0,34,7282.94667386026,1,286.89983105659485
0.00898427963256836,0.12446951866149902,0.0054863691329956055,0.04084134101867676,0.02231292724609375,nan,0.0,0.0463353157043457,0.7360000014305115,0.7692668961524963,-0.7360000014305115,nan,0.0,nan,0.0,nan,0.0,0.7777000069618225,0.6311926452636719,nan,0.0,nan,0.0,60000,1,False,,,35,-0.7692668961524963,8824bb00770e402f959fb5023b4f8742,2019-05-30_14-42-25,1559252545,8.588361501693726,295.4881925582886,13457,steropes,169.229.49.254,"{'starting_lr': 0.005, 'momentum': 0.9, 'weight_decay': 0.005, 'steps_per_iteration': None, 'pin': False, 'model_creator': None, 'target_batch_size': 1024, 'model_string': 'resnet18', 'min_batch_size': 512, 'dataset': 'CIFAR', 'placement': None, 'use_nccl': True, 'devices_per_worker': 1, 'primary_resource': 'extra_gpu', 'gpu': False, 'verbose': False, 'lr_config': {'mode': 'log', 'steps': 5, 'initial_lr': 0.005, 'target_lr': 0.005}, 'batch_per_device': 1024}",295.4881925582886,0,35,7212.053911027381,1,295.4881925582886
0.0069400548934936525,0.12105040550231934,0.004876136779785156,0.04692107317399005,0.022746562957763672,nan,0.0,0.04391138553619385,0.7425999641418457,0.7540933040618897,-0.7425999641418457,nan,0.0,nan,0.0,nan,0.0,0.7818799614906311,0.6166999328231811,nan,0.0,nan,0.0,60000,1,False,,,36,-0.7540933040618897,8824bb00770e402f959fb5023b4f8742,2019-05-30_14-42-33,1559252553,8.068901062011719,303.5570936203003,13457,steropes,169.229.49.254,"{'starting_lr': 0.005, 'momentum': 0.9, 'weight_decay': 0.005, 'steps_per_iteration': None, 'pin': False, 'model_creator': None, 'target_batch_size': 1024, 'model_string': 'resnet18', 'min_batch_size': 512, 'dataset': 'CIFAR', 'placement': None, 'use_nccl': True, 'devices_per_worker': 1, 'primary_resource': 'extra_gpu', 'gpu': False, 'verbose': False, 'lr_config': {'mode': 'log', 'steps': 5, 'initial_lr': 0.005, 'target_lr': 0.005}, 'batch_per_device': 1024}",303.5570936203003,0,36,7125.732201286699,1,303.5570936203003
0.0076920509338378905,0.14419772624969482,0.004540729522705078,0.04058218002319336,0.021202850341796874,nan,0.0,0.04375100135803223,0.7457999587059021,0.75283435049057,-0.7457999587059021,nan,0.0,nan,0.0,nan,0.0,0.7849199771881104,0.6094397492027283,nan,0.0,nan,0.0,60000,1,False,,,37,-0.75283435049057,8824bb00770e402f959fb5023b4f8742,2019-05-30_14-42-41,1559252561,8.266592741012573,311.82368636131287,13457,steropes,169.229.49.254,"{'starting_lr': 0.005, 'momentum': 0.9, 'weight_decay': 0.005, 'steps_per_iteration': None, 'pin': False, 'model_creator': None, 'target_batch_size': 1024, 'model_string': 'resnet18', 'min_batch_size': 512, 'dataset': 'CIFAR', 'placement': None, 'use_nccl': True, 'devices_per_worker': 1, 'primary_resource': 'extra_gpu', 'gpu': False, 'verbose': False, 'lr_config': {'mode': 'log', 'steps': 5, 'initial_lr': 0.005, 'target_lr': 0.005}, 'batch_per_device': 1024}",311.82368636131287,0,37,7134.176820088336,1,311.82368636131287
0.007826709747314453,0.12189278602600098,0.0054343223571777345,0.046160965549702546,0.022440886497497557,nan,0.0,0.04961042404174805,0.7525999546051025,0.7317233581542969,-0.7525999546051025,nan,0.0,nan,0.0,nan,0.0,0.7865200042724609,0.6031959268379211,nan,0.0,nan,0.0,60000,1,False,,,38,-0.7317233581542969,8824bb00770e402f959fb5023b4f8742,2019-05-30_14-42-49,1559252569,8.206477165222168,320.03016352653503,13457,steropes,169.229.49.254,"{'starting_lr': 0.005, 'momentum': 0.9, 'weight_decay': 0.005, 'steps_per_iteration': None, 'pin': False, 'model_creator': None, 'target_batch_size': 1024, 'model_string': 'resnet18', 'min_batch_size': 512, 'dataset': 'CIFAR', 'placement': None, 'use_nccl': True, 'devices_per_worker': 1, 'primary_resource': 'extra_gpu', 'gpu': False, 'verbose': False, 'lr_config': {'mode': 'log', 'steps': 5, 'initial_lr': 0.005, 'target_lr': 0.005}, 'batch_per_device': 1024}",320.03016352653503,0,38,7195.512494082946,1,320.03016352653503
0.010689997673034668,0.15630476474761962,0.005003833770751953,0.029608298321159517,0.029551219940185548,nan,0.0,0.05831854343414307,0.757099986076355,0.7330649700164795,-0.757099986076355,nan,0.0,nan,0.0,nan,0.0,0.7902399897575378,0.5945574884414673,nan,0.0,nan,0.0,60000,1,False,,,39,-0.7330649700164795,8824bb00770e402f959fb5023b4f8742,2019-05-30_14-42-58,1559252578,8.759816884994507,328.78998041152954,13457,steropes,169.229.49.254,"{'starting_lr': 0.005, 'momentum': 0.9, 'weight_decay': 0.005, 'steps_per_iteration': None, 'pin': False, 'model_creator': None, 'target_batch_size': 1024, 'model_string': 'resnet18', 'min_batch_size': 512, 'dataset': 'CIFAR', 'placement': None, 'use_nccl': True, 'devices_per_worker': 1, 'primary_resource': 'extra_gpu', 'gpu': False, 'verbose': False, 'lr_config': {'mode': 'log', 'steps': 5, 'initial_lr': 0.005, 'target_lr': 0.005}, 'batch_per_device': 1024}",328.78998041152954,0,39,7161.410057410517,1,328.78998041152954
0.007276773452758789,0.13614344596862793,0.004575204849243164,0.05047130584716797,0.02029843330383301,nan,0.0,0.05071802139282226,0.7488999962806702,0.7490443197250366,-0.7488999962806702,nan,0.0,nan,0.0,nan,0.0,0.7965999841690063,0.5778956553840637,nan,0.0,nan,0.0,60000,1,False,,,40,-0.7490443197250366,8824bb00770e402f959fb5023b4f8742,2019-05-30_14-43-07,1559252587,8.757354259490967,337.5473346710205,13457,steropes,169.229.49.254,"{'starting_lr': 0.005, 'momentum': 0.9, 'weight_decay': 0.005, 'steps_per_iteration': None, 'pin': False, 'model_creator': None, 'target_batch_size': 1024, 'model_string': 'resnet18', 'min_batch_size': 512, 'dataset': 'CIFAR', 'placement': None, 'use_nccl': True, 'devices_per_worker': 1, 'primary_resource': 'extra_gpu', 'gpu': False, 'verbose': False, 'lr_config': {'mode': 'log', 'steps': 5, 'initial_lr': 0.005, 'target_lr': 0.005}, 'batch_per_device': 1024}",337.5473346710205,0,40,7132.613651380631,1,337.5473346710205
0.007043004035949707,0.13681750297546386,0.004468965530395508,0.04520562716892788,0.025359535217285158,nan,0.0,0.046983885765075686,0.7568999528884888,0.7272764535903931,-0.7568999528884888,nan,0.0,nan,0.0,nan,0.0,0.7989400029182434,0.5681767197608948,nan,0.0,nan,0.0,60000,1,False,,,41,-0.7272764535903931,8824bb00770e402f959fb5023b4f8742,2019-05-30_14-43-15,1559252595,8.662370681762695,346.2097053527832,13457,steropes,169.229.49.254,"{'starting_lr': 0.005, 'momentum': 0.9, 'weight_decay': 0.005, 'steps_per_iteration': None, 'pin': False, 'model_creator': None, 'target_batch_size': 1024, 'model_string': 'resnet18', 'min_batch_size': 512, 'dataset': 'CIFAR', 'placement': None, 'use_nccl': True, 'devices_per_worker': 1, 'primary_resource': 'extra_gpu', 'gpu': False, 'verbose': False, 'lr_config': {'mode': 'log', 'steps': 5, 'initial_lr': 0.005, 'target_lr': 0.005}, 'batch_per_device': 1024}",346.2097053527832,0,41,7033.370370159207,1,346.2097053527832
0.008530211448669434,0.1245842456817627,0.004782366752624512,0.03616830767417441,0.023762822151184082,nan,0.0,0.05726006031036377,0.7595999836921692,0.7194461531639099,-0.7595999836921692,nan,0.0,nan,0.0,nan,0.0,0.7983799576759338,0.5696843374633789,nan,0.0,nan,0.0,60000,1,False,,,42,-0.7194461531639099,8824bb00770e402f959fb5023b4f8742,2019-05-30_14-43-23,1559252603,7.922738790512085,354.1324441432953,13457,steropes,169.229.49.254,"{'starting_lr': 0.005, 'momentum': 0.9, 'weight_decay': 0.005, 'steps_per_iteration': None, 'pin': False, 'model_creator': None, 'target_batch_size': 1024, 'model_string': 'resnet18', 'min_batch_size': 512, 'dataset': 'CIFAR', 'placement': None, 'use_nccl': True, 'devices_per_worker': 1, 'primary_resource': 'extra_gpu', 'gpu': False, 'verbose': False, 'lr_config': {'mode': 'log', 'steps': 5, 'initial_lr': 0.005, 'target_lr': 0.005}, 'batch_per_device': 1024}",354.1324441432953,0,42,7090.638816589971,1,354.1324441432953
0.007746648788452148,0.14222333431243897,0.005037736892700195,0.042276139162024676,0.030243563652038574,nan,0.0,0.047583484649658205,0.76419997215271,0.7113648793220521,-0.76419997215271,nan,0.0,nan,0.0,nan,0.0,0.8040199875831604,0.5559608047485352,nan,0.0,nan,0.0,60000,1,False,,,43,-0.7113648793220521,8824bb00770e402f959fb5023b4f8742,2019-05-30_14-43-32,1559252612,8.280636548995972,362.41308069229126,13457,steropes,169.229.49.254,"{'starting_lr': 0.005, 'momentum': 0.9, 'weight_decay': 0.005, 'steps_per_iteration': None, 'pin': False, 'model_creator': None, 'target_batch_size': 1024, 'model_string': 'resnet18', 'min_batch_size': 512, 'dataset': 'CIFAR', 'placement': None, 'use_nccl': True, 'devices_per_worker': 1, 'primary_resource': 'extra_gpu', 'gpu': False, 'verbose': False, 'lr_config': {'mode': 'log', 'steps': 5, 'initial_lr': 0.005, 'target_lr': 0.005}, 'batch_per_device': 1024}",362.41308069229126,0,43,7078.232471030993,1,362.41308069229126
0.008212900161743164,0.13861558437347413,0.004500055313110351,0.047673264328314334,0.02667086124420166,nan,0.0,0.052632927894592285,0.738099992275238,0.7751435729980469,-0.738099992275238,nan,0.0,nan,0.0,nan,0.0,0.8071999549865723,0.5437156940841675,nan,0.0,nan,0.0,60000,1,False,,,44,-0.7751435729980469,8824bb00770e402f959fb5023b4f8742,2019-05-30_14-43-40,1559252620,8.231812715530396,370.64489340782166,13457,steropes,169.229.49.254,"{'starting_lr': 0.005, 'momentum': 0.9, 'weight_decay': 0.005, 'steps_per_iteration': None, 'pin': False, 'model_creator': None, 'target_batch_size': 1024, 'model_string': 'resnet18', 'min_batch_size': 512, 'dataset': 'CIFAR', 'placement': None, 'use_nccl': True, 'devices_per_worker': 1, 'primary_resource': 'extra_gpu', 'gpu': False, 'verbose': False, 'lr_config': {'mode': 'log', 'steps': 5, 'initial_lr': 0.005, 'target_lr': 0.005}, 'batch_per_device': 1024}",370.64489340782166,0,44,7167.524533207357,1,370.64489340782166
0.006872987747192383,0.1474226713180542,0.006075763702392578,0.03658867368892747,0.026265454292297364,nan,0.0,0.05257575511932373,0.7657999992370605,0.7033570719718933,-0.7657999992370605,nan,0.0,nan,0.0,nan,0.0,0.8094799518585205,0.5427110671424866,nan,0.0,nan,0.0,60000,1,False,,,45,-0.7033570719718933,8824bb00770e402f959fb5023b4f8742,2019-05-30_14-43-48,1559252628,8.453322649002075,379.09821605682373,13457,steropes,169.229.49.254,"{'starting_lr': 0.005, 'momentum': 0.9, 'weight_decay': 0.005, 'steps_per_iteration': None, 'pin': False, 'model_creator': None, 'target_batch_size': 1024, 'model_string': 'resnet18', 'min_batch_size': 512, 'dataset': 'CIFAR', 'placement': None, 'use_nccl': True, 'devices_per_worker': 1, 'primary_resource': 'extra_gpu', 'gpu': False, 'verbose': False, 'lr_config': {'mode': 'log', 'steps': 5, 'initial_lr': 0.005, 'target_lr': 0.005}, 'batch_per_device': 1024}",379.09821605682373,0,45,7219.993063180913,1,379.09821605682373
0.006935715675354004,0.1350956916809082,0.005977320671081543,0.03290266893347915,0.02128732204437256,nan,0.0,0.04645380973815918,0.7523999810218811,0.7413234029769897,-0.7523999810218811,nan,0.0,nan,0.0,nan,0.0,0.8147199749946594,0.5243515816688538,nan,0.0,nan,0.0,60000,1,False,,,46,-0.7413234029769897,8824bb00770e402f959fb5023b4f8742,2019-05-30_14-43-56,1559252636,7.859189748764038,386.95740580558777,13457,steropes,169.229.49.254,"{'starting_lr': 0.005, 'momentum': 0.9, 'weight_decay': 0.005, 'steps_per_iteration': None, 'pin': False, 'model_creator': None, 'target_batch_size': 1024, 'model_string': 'resnet18', 'min_batch_size': 512, 'dataset': 'CIFAR', 'placement': None, 'use_nccl': True, 'devices_per_worker': 1, 'primary_resource': 'extra_gpu', 'gpu': False, 'verbose': False, 'lr_config': {'mode': 'log', 'steps': 5, 'initial_lr': 0.005, 'target_lr': 0.005}, 'batch_per_device': 1024}",386.95740580558777,0,46,7362.3077480320635,1,386.95740580558777
0.007629799842834473,0.13022348880767823,0.004721951484680176,0.039457131405265966,0.025470495223999023,nan,0.0,0.04546353816986084,0.7603999972343445,0.710598326587677,-0.7603999972343445,nan,0.0,nan,0.0,nan,0.0,0.8171599507331848,0.516600904827118,nan,0.0,nan,0.0,60000,1,False,,,47,-0.710598326587677,8824bb00770e402f959fb5023b4f8742,2019-05-30_14-44-05,1559252645,8.488003015518188,395.44540882110596,13457,steropes,169.229.49.254,"{'starting_lr': 0.005, 'momentum': 0.9, 'weight_decay': 0.005, 'steps_per_iteration': None, 'pin': False, 'model_creator': None, 'target_batch_size': 1024, 'model_string': 'resnet18', 'min_batch_size': 512, 'dataset': 'CIFAR', 'placement': None, 'use_nccl': True, 'devices_per_worker': 1, 'primary_resource': 'extra_gpu', 'gpu': False, 'verbose': False, 'lr_config': {'mode': 'log', 'steps': 5, 'initial_lr': 0.005, 'target_lr': 0.005}, 'batch_per_device': 1024}",395.44540882110596,0,47,7261.5759306604505,1,395.44540882110596
0.008278965950012207,0.15405676364898682,0.005864381790161133,0.03560291990941884,0.02577066421508789,nan,0.0,0.05443999767303467,0.762499988079071,0.7091370157241821,-0.762499988079071,nan,0.0,nan,0.0,nan,0.0,0.8201199769973755,0.5103168975830078,nan,0.0,nan,0.0,60000,1,False,,,48,-0.7091370157241821,8824bb00770e402f959fb5023b4f8742,2019-05-30_14-44-14,1559252654,8.7716646194458,404.21707344055176,13457,steropes,169.229.49.254,"{'starting_lr': 0.005, 'momentum': 0.9, 'weight_decay': 0.005, 'steps_per_iteration': None, 'pin': False, 'model_creator': None, 'target_batch_size': 1024, 'model_string': 'resnet18', 'min_batch_size': 512, 'dataset': 'CIFAR', 'placement': None, 'use_nccl': True, 'devices_per_worker': 1, 'primary_resource': 'extra_gpu', 'gpu': False, 'verbose': False, 'lr_config': {'mode': 'log', 'steps': 5, 'initial_lr': 0.005, 'target_lr': 0.005}, 'batch_per_device': 1024}",404.21707344055176,0,48,7176.281456833535,1,404.21707344055176
0.00758829116821289,0.13656315803527833,0.004598641395568847,0.036295156089627016,0.024419832229614257,nan,0.0,0.049549984931945804,0.7572999596595764,0.72809139585495,-0.7572999596595764,nan,0.0,nan,0.0,nan,0.0,0.8266199827194214,0.49295207527160645,nan,0.0,nan,0.0,60000,1,False,,,49,-0.72809139585495,8824bb00770e402f959fb5023b4f8742,2019-05-30_14-44-22,1559252662,8.413374185562134,412.6304476261139,13457,steropes,169.229.49.254,"{'starting_lr': 0.005, 'momentum': 0.9, 'weight_decay': 0.005, 'steps_per_iteration': None, 'pin': False, 'model_creator': None, 'target_batch_size': 1024, 'model_string': 'resnet18', 'min_batch_size': 512, 'dataset': 'CIFAR', 'placement': None, 'use_nccl': True, 'devices_per_worker': 1, 'primary_resource': 'extra_gpu', 'gpu': False, 'verbose': False, 'lr_config': {'mode': 'log', 'steps': 5, 'initial_lr': 0.005, 'target_lr': 0.005}, 'batch_per_device': 1024}",412.6304476261139,0,49,7145.207352579381,1,412.6304476261139
0.007896137237548829,0.12907588481903076,0.00505681037902832,0.03921902423002282,0.02936599254608154,nan,0.0,0.053304433822631836,0.7554000020027161,0.7461719744682312,-0.7554000020027161,nan,0.0,nan,0.0,nan,0.0,0.8238999843597412,0.5003996767425537,nan,0.0,nan,0.0,60000,1,False,,,50,-0.7461719744682312,8824bb00770e402f959fb5023b4f8742,2019-05-30_14-44-30,1559252670,7.913817405700684,420.5442650318146,13457,steropes,169.229.49.254,"{'starting_lr': 0.005, 'momentum': 0.9, 'weight_decay': 0.005, 'steps_per_iteration': None, 'pin': False, 'model_creator': None, 'target_batch_size': 1024, 'model_string': 'resnet18', 'min_batch_size': 512, 'dataset': 'CIFAR', 'placement': None, 'use_nccl': True, 'devices_per_worker': 1, 'primary_resource': 'extra_gpu', 'gpu': False, 'verbose': False, 'lr_config': {'mode': 'log', 'steps': 5, 'initial_lr': 0.005, 'target_lr': 0.005}, 'batch_per_device': 1024}",420.5442650318146,0,50,7238.2156159113965,1,420.5442650318146
0.007279634475708008,0.1454993486404419,0.0051107645034790036,0.046636946347295025,0.023323249816894532,nan,0.0,0.04768226146697998,0.7586999535560608,0.7183768549919128,-0.7586999535560608,nan,0.0,nan,0.0,nan,0.0,0.8262400031089783,0.4908958635997772,nan,0.0,nan,0.0,60000,1,False,,,51,-0.7183768549919128,8824bb00770e402f959fb5023b4f8742,2019-05-30_14-44-38,1559252678,8.413621187210083,428.95788621902466,13457,steropes,169.229.49.254,"{'starting_lr': 0.005, 'momentum': 0.9, 'weight_decay': 0.005, 'steps_per_iteration': None, 'pin': False, 'model_creator': None, 'target_batch_size': 1024, 'model_string': 'resnet18', 'min_batch_size': 512, 'dataset': 'CIFAR', 'placement': None, 'use_nccl': True, 'devices_per_worker': 1, 'primary_resource': 'extra_gpu', 'gpu': False, 'verbose': False, 'lr_config': {'mode': 'log', 'steps': 5, 'initial_lr': 0.005, 'target_lr': 0.005}, 'batch_per_device': 1024}",428.95788621902466,0,51,7142.669129617135,1,428.95788621902466
0.00807044506072998,0.12649433612823485,0.008368253707885742,0.038662131951779734,0.030690836906433105,nan,0.0,0.04934747219085693,0.7741000056266785,0.6942001156806946,-0.7741000056266785,nan,0.0,nan,0.0,nan,0.0,0.8303399682044983,0.4826533333301544,nan,0.0,nan,0.0,60000,1,False,,,52,-0.6942001156806946,8824bb00770e402f959fb5023b4f8742,2019-05-30_14-44-46,1559252686,8.025122165679932,436.9830083847046,13457,steropes,169.229.49.254,"{'starting_lr': 0.005, 'momentum': 0.9, 'weight_decay': 0.005, 'steps_per_iteration': None, 'pin': False, 'model_creator': None, 'target_batch_size': 1024, 'model_string': 'resnet18', 'min_batch_size': 512, 'dataset': 'CIFAR', 'placement': None, 'use_nccl': True, 'devices_per_worker': 1, 'primary_resource': 'extra_gpu', 'gpu': False, 'verbose': False, 'lr_config': {'mode': 'log', 'steps': 5, 'initial_lr': 0.005, 'target_lr': 0.005}, 'batch_per_device': 1024}",436.9830083847046,0,52,7222.262489676793,1,436.9830083847046
0.008612537384033203,0.1333627223968506,0.00469813346862793,0.0427336936094323,0.026522040367126465,nan,0.0,0.04870247840881348,0.7663999795913696,0.7004104637145996,-0.7663999795913696,nan,0.0,nan,0.0,nan,0.0,0.8336799740791321,0.47231320678710936,nan,0.0,nan,0.0,60000,1,False,,,53,-0.7004104637145996,8824bb00770e402f959fb5023b4f8742,2019-05-30_14-44-55,1559252695,8.478413581848145,445.46142196655273,13457,steropes,169.229.49.254,"{'starting_lr': 0.005, 'momentum': 0.9, 'weight_decay': 0.005, 'steps_per_iteration': None, 'pin': False, 'model_creator': None, 'target_batch_size': 1024, 'model_string': 'resnet18', 'min_batch_size': 512, 'dataset': 'CIFAR', 'placement': None, 'use_nccl': True, 'devices_per_worker': 1, 'primary_resource': 'extra_gpu', 'gpu': False, 'verbose': False, 'lr_config': {'mode': 'log', 'steps': 5, 'initial_lr': 0.005, 'target_lr': 0.005}, 'batch_per_device': 1024}",445.46142196655273,0,53,7273.612558383678,1,445.46142196655273
0.006987476348876953,0.13489890098571777,0.004499292373657227,0.042308393789797415,0.026354289054870604,nan,0.0,0.05481047630310058,0.7566999793052673,0.7362326093673706,-0.7566999793052673,nan,0.0,nan,0.0,nan,0.0,0.8394999504089355,0.458476246471405,nan,0.0,nan,0.0,60000,1,False,,,54,-0.7362326093673706,8824bb00770e402f959fb5023b4f8742,2019-05-30_14-45-03,1559252703,8.628005266189575,454.0894272327423,13457,steropes,169.229.49.254,"{'starting_lr': 0.005, 'momentum': 0.9, 'weight_decay': 0.005, 'steps_per_iteration': None, 'pin': False, 'model_creator': None, 'target_batch_size': 1024, 'model_string': 'resnet18', 'min_batch_size': 512, 'dataset': 'CIFAR', 'placement': None, 'use_nccl': True, 'devices_per_worker': 1, 'primary_resource': 'extra_gpu', 'gpu': False, 'verbose': False, 'lr_config': {'mode': 'log', 'steps': 5, 'initial_lr': 0.005, 'target_lr': 0.005}, 'batch_per_device': 1024}",454.0894272327423,0,54,7235.999902767908,1,454.0894272327423
0.008832073211669922,0.12904751300811768,0.004693436622619629,0.02681864524374203,0.026442766189575195,nan,0.0,0.05471479892730713,0.7601999640464783,0.7201677619934082,-0.7601999640464783,nan,0.0,nan,0.0,nan,0.0,0.8374999761581421,0.4613036559200287,nan,0.0,nan,0.0,60000,1,False,,,55,-0.7201677619934082,8824bb00770e402f959fb5023b4f8742,2019-05-30_14-45-11,1559252711,7.979085922241211,462.0685131549835,13457,steropes,169.229.49.254,"{'starting_lr': 0.005, 'momentum': 0.9, 'weight_decay': 0.005, 'steps_per_iteration': None, 'pin': False, 'model_creator': None, 'target_batch_size': 1024, 'model_string': 'resnet18', 'min_batch_size': 512, 'dataset': 'CIFAR', 'placement': None, 'use_nccl': True, 'devices_per_worker': 1, 'primary_resource': 'extra_gpu', 'gpu': False, 'verbose': False, 'lr_config': {'mode': 'log', 'steps': 5, 'initial_lr': 0.005, 'target_lr': 0.005}, 'batch_per_device': 1024}",462.0685131549835,0,55,7224.625347044106,1,462.0685131549835
