{"apply": 0.007495975494384766, "batch_time": 0.19740407466888427, "d2h": 0.004659724235534668, "data_time": 0.02953703549443459, "fwd": 0.08753199577331543, "get_state_time_mean": NaN, "get_state_time_total": 0.0, "grad": 0.17780666351318358, "mean_accuracy": 0.31209999322891235, "mean_loss": 1.9516840959548951, "neg_mean_accuracy": -0.31209999322891235, "set_state_time_mean": NaN, "set_state_time_total": 0.0, "setup_model_time_mean": 8.977532625198364, "setup_model_time_total": 8.977532625198364, "setup_proc_time_mean": 0.5535807609558105, "setup_proc_time_total": 0.5535807609558105, "train_accuracy": 0.19607999920845032, "train_loss": 3.3117952773284913, "training_time_mean": NaN, "training_time_total": 0.0, "validation_time_mean": NaN, "validation_time_total": 0.0, "samples": 60000, "num_workers": 1, "done": false, "timesteps_total": null, "episodes_total": null, "training_iteration": 1, "neg_mean_loss": -1.9516840959548951, "experiment_id": "70ceb81dfa874d9e98ccf864ba4785b1", "date": "2019-05-30_14-44-46", "timestamp": 1559252686, "time_this_iter_s": 12.713520526885986, "time_total_s": 12.713520526885986, "pid": 32702, "hostname": "steropes", "node_ip": "169.229.49.254", "config": {"starting_lr": 0.001, "momentum": 0.997, "weight_decay": 0.0001, "steps_per_iteration": null, "pin": false, "model_creator": null, "target_batch_size": 1024, "model_string": "resnet18", "min_batch_size": 512, "dataset": "CIFAR", "placement": null, "use_nccl": true, "devices_per_worker": 1, "primary_resource": "extra_gpu", "gpu": false, "verbose": false, "lr_config": {"mode": "log", "steps": 5, "initial_lr": 0.001, "target_lr": 0.001}, "batch_per_device": 1024}, "time_since_restore": 12.713520526885986, "timesteps_since_restore": 0, "iterations_since_restore": 1, "mean_throughput": 4719.331607750402, "atoms": 1, "resource_time": 12.713520526885986}
{"apply": 0.008957958221435547, "batch_time": 0.13520264625549316, "d2h": 0.006382393836975098, "data_time": 0.029765007447223275, "fwd": 0.03344318866729736, "get_state_time_mean": NaN, "get_state_time_total": 0.0, "grad": 0.06268589496612549, "mean_accuracy": 0.38989999890327454, "mean_loss": 1.706891074371338, "neg_mean_accuracy": -0.38989999890327454, "set_state_time_mean": NaN, "set_state_time_total": 0.0, "setup_model_time_mean": NaN, "setup_model_time_total": 0.0, "setup_proc_time_mean": NaN, "setup_proc_time_total": 0.0, "train_accuracy": 0.33445999026298523, "train_loss": 1.8368235911941528, "training_time_mean": NaN, "training_time_total": 0.0, "validation_time_mean": NaN, "validation_time_total": 0.0, "samples": 60000, "num_workers": 1, "done": false, "timesteps_total": null, "episodes_total": null, "training_iteration": 2, "neg_mean_loss": -1.706891074371338, "experiment_id": "70ceb81dfa874d9e98ccf864ba4785b1", "date": "2019-05-30_14-44-55", "timestamp": 1559252695, "time_this_iter_s": 8.354012489318848, "time_total_s": 21.067533016204834, "pid": 32702, "hostname": "steropes", "node_ip": "169.229.49.254", "config": {"starting_lr": 0.001, "momentum": 0.997, "weight_decay": 0.0001, "steps_per_iteration": null, "pin": false, "model_creator": null, "target_batch_size": 1024, "model_string": "resnet18", "min_batch_size": 512, "dataset": "CIFAR", "placement": null, "use_nccl": true, "devices_per_worker": 1, "primary_resource": "extra_gpu", "gpu": false, "verbose": false, "lr_config": {"mode": "log", "steps": 5, "initial_lr": 0.001, "target_lr": 0.001}, "batch_per_device": 1024}, "time_since_restore": 21.067533016204834, "timesteps_since_restore": 0, "iterations_since_restore": 2, "mean_throughput": 5695.906923802849, "atoms": 1, "resource_time": 21.067533016204834}
{"apply": 0.007812237739562989, "batch_time": 0.13603699207305908, "d2h": 0.005869174003601074, "data_time": 0.036639505503128986, "fwd": 0.034036993980407715, "get_state_time_mean": NaN, "get_state_time_total": 0.0, "grad": 0.0663301944732666, "mean_accuracy": 0.42289999127388, "mean_loss": 1.586493637084961, "neg_mean_accuracy": -0.42289999127388, "set_state_time_mean": NaN, "set_state_time_total": 0.0, "setup_model_time_mean": NaN, "setup_model_time_total": 0.0, "setup_proc_time_mean": NaN, "setup_proc_time_total": 0.0, "train_accuracy": 0.3903599977493286, "train_loss": 1.6595400359725951, "training_time_mean": NaN, "training_time_total": 0.0, "validation_time_mean": NaN, "validation_time_total": 0.0, "samples": 60000, "num_workers": 1, "done": false, "timesteps_total": null, "episodes_total": null, "training_iteration": 3, "neg_mean_loss": -1.586493637084961, "experiment_id": "70ceb81dfa874d9e98ccf864ba4785b1", "date": "2019-05-30_14-45-03", "timestamp": 1559252703, "time_this_iter_s": 8.796365737915039, "time_total_s": 29.863898754119873, "pid": 32702, "hostname": "steropes", "node_ip": "169.229.49.254", "config": {"starting_lr": 0.001, "momentum": 0.997, "weight_decay": 0.0001, "steps_per_iteration": null, "pin": false, "model_creator": null, "target_batch_size": 1024, "model_string": "resnet18", "min_batch_size": 512, "dataset": "CIFAR", "placement": null, "use_nccl": true, "devices_per_worker": 1, "primary_resource": "extra_gpu", "gpu": false, "verbose": false, "lr_config": {"mode": "log", "steps": 5, "initial_lr": 0.001, "target_lr": 0.001}, "batch_per_device": 1024}, "time_since_restore": 29.863898754119873, "timesteps_since_restore": 0, "iterations_since_restore": 3, "mean_throughput": 6027.281988405436, "atoms": 1, "resource_time": 29.863898754119873}
