apply,batch_time,d2h,data_time,fwd,get_state_time_mean,get_state_time_total,grad,mean_accuracy,mean_loss,neg_mean_accuracy,set_state_time_mean,set_state_time_total,setup_model_time_mean,setup_model_time_total,setup_proc_time_mean,setup_proc_time_total,train_accuracy,train_loss,training_time_mean,training_time_total,val_accuracy,val_loss,validation_time_mean,validation_time_total,samples,num_workers,done,timesteps_total,episodes_total,training_iteration,neg_mean_loss,experiment_id,date,timestamp,time_this_iter_s,time_total_s,pid,hostname,node_ip,config,time_since_restore,timesteps_since_restore,iterations_since_restore,mean_throughput,atoms,setup_time
0.017807865142822267,0.04486782641350469,0.0006437063217163086,0.0018196307179872947,0.15037767887115477,nan,0.0,0.19957785606384276,0.10040000081062317,2.3325506687164306,-0.10040000081062317,nan,0.0,12.855640172958374,12.855640172958374,1.7754504680633545,1.7754504680633545,0.10013999789953232,3.8030262628936766,nan,0.0,0.10040000081062317,2.3325506687164306,nan,0.0,60000,1,False,,,1,-2.3325506687164306,a73d0457fa4440e18a6f20ef84cb7c5a,2019-06-06_09-28-20,1559838500,46.87748193740845,46.87748193740845,9150,steropes,169.229.49.254,"{'starting_lr': 1.0, 'momentum': 0.9, 'weight_decay': 0.0001, 'steps_per_iteration': None, 'pin': False, 'model_creator': None, 'target_batch_size': 128, 'model_string': 'resnet50', 'min_batch_size': 128, 'dataset': 'CIFAR', 'placement': None, 'use_nccl': True, 'devices_per_worker': 1, 'primary_resource': 'extra_gpu', 'gpu': False, 'verbose': False, 'lr_config': {'mode': 'log', 'steps': 5, 'initial_lr': 1.0, 'target_lr': 1.0}, 'batch_per_device': 128}",46.87748193740845,0,1,1279.929964769689,1,16.322800397872925
0.017751193046569823,0.03170924247065677,0.0006656885147094726,0.0018063689131870904,0.02792038917541504,nan,0.0,0.04822814464569092,0.1002499982714653,2.3307936895370482,-0.10009999573230743,nan,0.0,nan,0.0,nan,0.0,0.0968799963593483,2.3337287981414794,nan,0.0,0.10009999573230743,2.329036710357666,nan,0.0,60000,1,False,,,2,-2.3307936895370482,a73d0457fa4440e18a6f20ef84cb7c5a,2019-06-06_09-29-01,1559838541,40.993243932724,87.87072587013245,9150,steropes,169.229.49.254,"{'starting_lr': 1.0, 'momentum': 0.9, 'weight_decay': 0.0001, 'steps_per_iteration': None, 'pin': False, 'model_creator': None, 'target_batch_size': 128, 'model_string': 'resnet50', 'min_batch_size': 128, 'dataset': 'CIFAR', 'placement': None, 'use_nccl': True, 'devices_per_worker': 1, 'primary_resource': 'extra_gpu', 'gpu': False, 'verbose': False, 'lr_config': {'mode': 'log', 'steps': 5, 'initial_lr': 1.0, 'target_lr': 1.0}, 'batch_per_device': 128}",87.87072587013245,0,2,1365.6363524216554,1,16.322800397872925
0.017879962921142578,0.03184300434740284,0.0006556987762451171,0.0017761897552958535,0.028520798683166503,nan,0.0,0.047709202766418456,0.10019999742507935,2.3306981026967364,-0.10009999573230743,nan,0.0,nan,0.0,nan,0.0,0.09855999797582626,2.3304087450408937,nan,0.0,0.10009999573230743,2.330506929016113,nan,0.0,60000,1,False,,,3,-2.3306981026967364,a73d0457fa4440e18a6f20ef84cb7c5a,2019-06-06_09-29-41,1559838581,40.771050691604614,128.64177656173706,9150,steropes,169.229.49.254,"{'starting_lr': 1.0, 'momentum': 0.9, 'weight_decay': 0.0001, 'steps_per_iteration': None, 'pin': False, 'model_creator': None, 'target_batch_size': 128, 'model_string': 'resnet50', 'min_batch_size': 128, 'dataset': 'CIFAR', 'placement': None, 'use_nccl': True, 'devices_per_worker': 1, 'primary_resource': 'extra_gpu', 'gpu': False, 'verbose': False, 'lr_config': {'mode': 'log', 'steps': 5, 'initial_lr': 1.0, 'target_lr': 1.0}, 'batch_per_device': 128}",128.64177656173706,0,3,1399.2291586761983,1,16.322800397872925
0.018045258522033692,0.03187746035901806,0.0006565332412719726,0.0017540168274394082,0.02821781635284424,nan,0.0,0.04795019626617432,0.10019999742507935,2.327872944259643,-0.10019999742507935,nan,0.0,nan,0.0,nan,0.0,0.10108000040054321,2.3317753074645995,nan,0.0,0.10019999742507935,2.319397468948364,nan,0.0,60000,1,True,,,4,-2.327872944259643,a73d0457fa4440e18a6f20ef84cb7c5a,2019-06-06_09-30-22,1559838622,40.83685564994812,169.47863221168518,9150,steropes,169.229.49.254,"{'starting_lr': 1.0, 'momentum': 0.9, 'weight_decay': 0.0001, 'steps_per_iteration': None, 'pin': False, 'model_creator': None, 'target_batch_size': 128, 'model_string': 'resnet50', 'min_batch_size': 128, 'dataset': 'CIFAR', 'placement': None, 'use_nccl': True, 'devices_per_worker': 1, 'primary_resource': 'extra_gpu', 'gpu': False, 'verbose': False, 'lr_config': {'mode': 'log', 'steps': 5, 'initial_lr': 1.0, 'target_lr': 1.0}, 'batch_per_device': 128}",169.47863221168518,0,4,1416.1030098404922,1,16.322800397872925
