{"apply": 0.017807865142822267, "batch_time": 0.04486782641350469, "d2h": 0.0006437063217163086, "data_time": 0.0018196307179872947, "fwd": 0.15037767887115477, "get_state_time_mean": NaN, "get_state_time_total": 0.0, "grad": 0.19957785606384276, "mean_accuracy": 0.10040000081062317, "mean_loss": 2.3325506687164306, "neg_mean_accuracy": -0.10040000081062317, "set_state_time_mean": NaN, "set_state_time_total": 0.0, "setup_model_time_mean": 12.855640172958374, "setup_model_time_total": 12.855640172958374, "setup_proc_time_mean": 1.7754504680633545, "setup_proc_time_total": 1.7754504680633545, "train_accuracy": 0.10013999789953232, "train_loss": 3.8030262628936766, "training_time_mean": NaN, "training_time_total": 0.0, "val_accuracy": 0.10040000081062317, "val_loss": 2.3325506687164306, "validation_time_mean": NaN, "validation_time_total": 0.0, "samples": 60000, "num_workers": 1, "done": false, "timesteps_total": null, "episodes_total": null, "training_iteration": 1, "neg_mean_loss": -2.3325506687164306, "experiment_id": "a73d0457fa4440e18a6f20ef84cb7c5a", "date": "2019-06-06_09-28-20", "timestamp": 1559838500, "time_this_iter_s": 46.87748193740845, "time_total_s": 46.87748193740845, "pid": 9150, "hostname": "steropes", "node_ip": "169.229.49.254", "config": {"starting_lr": 1.0, "momentum": 0.9, "weight_decay": 0.0001, "steps_per_iteration": null, "pin": false, "model_creator": null, "target_batch_size": 128, "model_string": "resnet50", "min_batch_size": 128, "dataset": "CIFAR", "placement": null, "use_nccl": true, "devices_per_worker": 1, "primary_resource": "extra_gpu", "gpu": false, "verbose": false, "lr_config": {"mode": "log", "steps": 5, "initial_lr": 1.0, "target_lr": 1.0}, "batch_per_device": 128}, "time_since_restore": 46.87748193740845, "timesteps_since_restore": 0, "iterations_since_restore": 1, "mean_throughput": 1279.929964769689, "atoms": 1, "setup_time": 16.322800397872925}
{"apply": 0.017751193046569823, "batch_time": 0.03170924247065677, "d2h": 0.0006656885147094726, "data_time": 0.0018063689131870904, "fwd": 0.02792038917541504, "get_state_time_mean": NaN, "get_state_time_total": 0.0, "grad": 0.04822814464569092, "mean_accuracy": 0.1002499982714653, "mean_loss": 2.3307936895370482, "neg_mean_accuracy": -0.10009999573230743, "set_state_time_mean": NaN, "set_state_time_total": 0.0, "setup_model_time_mean": NaN, "setup_model_time_total": 0.0, "setup_proc_time_mean": NaN, "setup_proc_time_total": 0.0, "train_accuracy": 0.0968799963593483, "train_loss": 2.3337287981414794, "training_time_mean": NaN, "training_time_total": 0.0, "val_accuracy": 0.10009999573230743, "val_loss": 2.329036710357666, "validation_time_mean": NaN, "validation_time_total": 0.0, "samples": 60000, "num_workers": 1, "done": false, "timesteps_total": null, "episodes_total": null, "training_iteration": 2, "neg_mean_loss": -2.3307936895370482, "experiment_id": "a73d0457fa4440e18a6f20ef84cb7c5a", "date": "2019-06-06_09-29-01", "timestamp": 1559838541, "time_this_iter_s": 40.993243932724, "time_total_s": 87.87072587013245, "pid": 9150, "hostname": "steropes", "node_ip": "169.229.49.254", "config": {"starting_lr": 1.0, "momentum": 0.9, "weight_decay": 0.0001, "steps_per_iteration": null, "pin": false, "model_creator": null, "target_batch_size": 128, "model_string": "resnet50", "min_batch_size": 128, "dataset": "CIFAR", "placement": null, "use_nccl": true, "devices_per_worker": 1, "primary_resource": "extra_gpu", "gpu": false, "verbose": false, "lr_config": {"mode": "log", "steps": 5, "initial_lr": 1.0, "target_lr": 1.0}, "batch_per_device": 128}, "time_since_restore": 87.87072587013245, "timesteps_since_restore": 0, "iterations_since_restore": 2, "mean_throughput": 1365.6363524216554, "atoms": 1, "setup_time": 16.322800397872925}
{"apply": 0.017879962921142578, "batch_time": 0.03184300434740284, "d2h": 0.0006556987762451171, "data_time": 0.0017761897552958535, "fwd": 0.028520798683166503, "get_state_time_mean": NaN, "get_state_time_total": 0.0, "grad": 0.047709202766418456, "mean_accuracy": 0.10019999742507935, "mean_loss": 2.3306981026967364, "neg_mean_accuracy": -0.10009999573230743, "set_state_time_mean": NaN, "set_state_time_total": 0.0, "setup_model_time_mean": NaN, "setup_model_time_total": 0.0, "setup_proc_time_mean": NaN, "setup_proc_time_total": 0.0, "train_accuracy": 0.09855999797582626, "train_loss": 2.3304087450408937, "training_time_mean": NaN, "training_time_total": 0.0, "val_accuracy": 0.10009999573230743, "val_loss": 2.330506929016113, "validation_time_mean": NaN, "validation_time_total": 0.0, "samples": 60000, "num_workers": 1, "done": false, "timesteps_total": null, "episodes_total": null, "training_iteration": 3, "neg_mean_loss": -2.3306981026967364, "experiment_id": "a73d0457fa4440e18a6f20ef84cb7c5a", "date": "2019-06-06_09-29-41", "timestamp": 1559838581, "time_this_iter_s": 40.771050691604614, "time_total_s": 128.64177656173706, "pid": 9150, "hostname": "steropes", "node_ip": "169.229.49.254", "config": {"starting_lr": 1.0, "momentum": 0.9, "weight_decay": 0.0001, "steps_per_iteration": null, "pin": false, "model_creator": null, "target_batch_size": 128, "model_string": "resnet50", "min_batch_size": 128, "dataset": "CIFAR", "placement": null, "use_nccl": true, "devices_per_worker": 1, "primary_resource": "extra_gpu", "gpu": false, "verbose": false, "lr_config": {"mode": "log", "steps": 5, "initial_lr": 1.0, "target_lr": 1.0}, "batch_per_device": 128}, "time_since_restore": 128.64177656173706, "timesteps_since_restore": 0, "iterations_since_restore": 3, "mean_throughput": 1399.2291586761983, "atoms": 1, "setup_time": 16.322800397872925}
{"apply": 0.018045258522033692, "batch_time": 0.03187746035901806, "d2h": 0.0006565332412719726, "data_time": 0.0017540168274394082, "fwd": 0.02821781635284424, "get_state_time_mean": NaN, "get_state_time_total": 0.0, "grad": 0.04795019626617432, "mean_accuracy": 0.10019999742507935, "mean_loss": 2.327872944259643, "neg_mean_accuracy": -0.10019999742507935, "set_state_time_mean": NaN, "set_state_time_total": 0.0, "setup_model_time_mean": NaN, "setup_model_time_total": 0.0, "setup_proc_time_mean": NaN, "setup_proc_time_total": 0.0, "train_accuracy": 0.10108000040054321, "train_loss": 2.3317753074645995, "training_time_mean": NaN, "training_time_total": 0.0, "val_accuracy": 0.10019999742507935, "val_loss": 2.319397468948364, "validation_time_mean": NaN, "validation_time_total": 0.0, "samples": 60000, "num_workers": 1, "done": true, "timesteps_total": null, "episodes_total": null, "training_iteration": 4, "neg_mean_loss": -2.327872944259643, "experiment_id": "a73d0457fa4440e18a6f20ef84cb7c5a", "date": "2019-06-06_09-30-22", "timestamp": 1559838622, "time_this_iter_s": 40.83685564994812, "time_total_s": 169.47863221168518, "pid": 9150, "hostname": "steropes", "node_ip": "169.229.49.254", "config": {"starting_lr": 1.0, "momentum": 0.9, "weight_decay": 0.0001, "steps_per_iteration": null, "pin": false, "model_creator": null, "target_batch_size": 128, "model_string": "resnet50", "min_batch_size": 128, "dataset": "CIFAR", "placement": null, "use_nccl": true, "devices_per_worker": 1, "primary_resource": "extra_gpu", "gpu": false, "verbose": false, "lr_config": {"mode": "log", "steps": 5, "initial_lr": 1.0, "target_lr": 1.0}, "batch_per_device": 128}, "time_since_restore": 169.47863221168518, "timesteps_since_restore": 0, "iterations_since_restore": 4, "mean_throughput": 1416.1030098404922, "atoms": 1, "setup_time": 16.322800397872925}
