apply,batch_time,d2h,data_time,fwd,get_state_time_mean,get_state_time_total,grad,mean_accuracy,mean_loss,neg_mean_accuracy,set_state_time_mean,set_state_time_total,setup_model_time_mean,setup_model_time_total,setup_proc_time_mean,setup_proc_time_total,train_accuracy,train_loss,training_time_mean,training_time_total,validation_time_mean,validation_time_total,samples,num_workers,done,timesteps_total,episodes_total,training_iteration,neg_mean_loss,experiment_id,date,timestamp,time_this_iter_s,time_total_s,pid,hostname,node_ip,config,time_since_restore,timesteps_since_restore,iterations_since_restore,mean_throughput,atoms,resource_time
0.007703399658203125,0.18971176147460939,0.004769229888916015,0.03948805770095514,0.10151085853576661,nan,0.0,0.1640636444091797,0.3902999758720398,1.6693035734176636,-0.3902999758720398,nan,0.0,13.474157094955444,13.474157094955444,1.8137805461883545,1.8137805461883545,0.26203998923301697,2.5562267266082763,nan,0.0,nan,0.0,60000,1,False,,,1,-1.6693035734176636,8a4b7e5fd89841f29c5597be0412a78a,2019-05-30_14-15-16,1559250916,12.295708179473877,12.295708179473877,21731,steropes,169.229.49.254,"{'starting_lr': 0.005, 'momentum': 0.95, 'weight_decay': 0.001, 'steps_per_iteration': None, 'pin': False, 'model_creator': None, 'target_batch_size': 1024, 'model_string': 'resnet18', 'min_batch_size': 512, 'dataset': 'CIFAR', 'placement': None, 'use_nccl': True, 'devices_per_worker': 1, 'primary_resource': 'extra_gpu', 'gpu': False, 'verbose': False, 'lr_config': {'mode': 'log', 'steps': 5, 'initial_lr': 0.005, 'target_lr': 0.005}, 'batch_per_device': 1024}",12.295708179473877,0,1,4879.713143922897,1,12.295708179473877
0.010533499717712402,0.11950037479400635,0.004955840110778808,0.04103101516256527,0.026750826835632326,nan,0.0,0.04636316299438477,0.47699999809265137,1.4270585704803467,-0.47699999809265137,nan,0.0,nan,0.0,nan,0.0,0.4178999960422516,1.5877820974731445,nan,0.0,nan,0.0,60000,1,False,,,2,-1.4270585704803467,8a4b7e5fd89841f29c5597be0412a78a,2019-05-30_14-15-24,1559250924,7.793875217437744,20.08958339691162,21731,steropes,169.229.49.254,"{'starting_lr': 0.005, 'momentum': 0.95, 'weight_decay': 0.001, 'steps_per_iteration': None, 'pin': False, 'model_creator': None, 'target_batch_size': 1024, 'model_string': 'resnet18', 'min_batch_size': 512, 'dataset': 'CIFAR', 'placement': None, 'use_nccl': True, 'devices_per_worker': 1, 'primary_resource': 'extra_gpu', 'gpu': False, 'verbose': False, 'lr_config': {'mode': 'log', 'steps': 5, 'initial_lr': 0.005, 'target_lr': 0.005}, 'batch_per_device': 1024}",20.08958339691162,0,2,5973.19137200817,1,20.08958339691162
0.007734370231628418,0.13205316066741943,0.006950998306274414,0.054520568069146604,0.032651686668396,nan,0.0,0.048477792739868165,0.5101000070571899,1.3400069948196411,-0.5101000070571899,nan,0.0,nan,0.0,nan,0.0,0.4809799790382385,1.418329233894348,nan,0.0,nan,0.0,60000,1,False,,,3,-1.3400069948196411,8a4b7e5fd89841f29c5597be0412a78a,2019-05-30_14-15-33,1559250933,8.830704927444458,28.92028832435608,21731,steropes,169.229.49.254,"{'starting_lr': 0.005, 'momentum': 0.95, 'weight_decay': 0.001, 'steps_per_iteration': None, 'pin': False, 'model_creator': None, 'target_batch_size': 1024, 'model_string': 'resnet18', 'min_batch_size': 512, 'dataset': 'CIFAR', 'placement': None, 'use_nccl': True, 'devices_per_worker': 1, 'primary_resource': 'extra_gpu', 'gpu': False, 'verbose': False, 'lr_config': {'mode': 'log', 'steps': 5, 'initial_lr': 0.005, 'target_lr': 0.005}, 'batch_per_device': 1024}",28.92028832435608,0,3,6223.9473841691,1,28.92028832435608
0.008588790893554688,0.13609325885772705,0.006052088737487793,0.04259484641406001,0.026804614067077636,nan,0.0,0.04898333549499512,0.5489000082015991,1.2505323984146117,-0.5489000082015991,nan,0.0,nan,0.0,nan,0.0,0.5179600119590759,1.3322640998840332,nan,0.0,nan,0.0,60000,1,False,,,4,-1.2505323984146117,8a4b7e5fd89841f29c5597be0412a78a,2019-05-30_14-15-41,1559250941,8.158842325210571,37.07913064956665,21731,steropes,169.229.49.254,"{'starting_lr': 0.005, 'momentum': 0.95, 'weight_decay': 0.001, 'steps_per_iteration': None, 'pin': False, 'model_creator': None, 'target_batch_size': 1024, 'model_string': 'resnet18', 'min_batch_size': 512, 'dataset': 'CIFAR', 'placement': None, 'use_nccl': True, 'devices_per_worker': 1, 'primary_resource': 'extra_gpu', 'gpu': False, 'verbose': False, 'lr_config': {'mode': 'log', 'steps': 5, 'initial_lr': 0.005, 'target_lr': 0.005}, 'batch_per_device': 1024}",37.07913064956665,0,4,6472.582815740847,1,37.07913064956665
0.007125377655029297,0.12668442726135254,0.005097651481628418,0.045283064550283005,0.025008106231689455,nan,0.0,0.049941730499267575,0.569599986076355,1.1977990676879884,-0.569599986076355,nan,0.0,nan,0.0,nan,0.0,0.5494199991226196,1.2445115696334839,nan,0.0,nan,0.0,60000,1,False,,,5,-1.1977990676879884,8a4b7e5fd89841f29c5597be0412a78a,2019-05-30_14-15-49,1559250949,7.981595277786255,45.060725927352905,21731,steropes,169.229.49.254,"{'starting_lr': 0.005, 'momentum': 0.95, 'weight_decay': 0.001, 'steps_per_iteration': None, 'pin': False, 'model_creator': None, 'target_batch_size': 1024, 'model_string': 'resnet18', 'min_batch_size': 512, 'dataset': 'CIFAR', 'placement': None, 'use_nccl': True, 'devices_per_worker': 1, 'primary_resource': 'extra_gpu', 'gpu': False, 'verbose': False, 'lr_config': {'mode': 'log', 'steps': 5, 'initial_lr': 0.005, 'target_lr': 0.005}, 'batch_per_device': 1024}",45.060725927352905,0,5,6657.618105148425,1,45.060725927352905
0.008378076553344726,0.13236591815948487,0.0046586751937866214,0.042835011774179886,0.023917603492736816,nan,0.0,0.04570746421813965,0.5949000120162964,1.1337279760360717,-0.5949000120162964,nan,0.0,nan,0.0,nan,0.0,0.5712199807167053,1.1849650369262694,nan,0.0,nan,0.0,60000,1,False,,,6,-1.1337279760360717,8a4b7e5fd89841f29c5597be0412a78a,2019-05-30_14-15-57,1559250957,8.220425128936768,53.28115105628967,21731,steropes,169.229.49.254,"{'starting_lr': 0.005, 'momentum': 0.95, 'weight_decay': 0.001, 'steps_per_iteration': None, 'pin': False, 'model_creator': None, 'target_batch_size': 1024, 'model_string': 'resnet18', 'min_batch_size': 512, 'dataset': 'CIFAR', 'placement': None, 'use_nccl': True, 'devices_per_worker': 1, 'primary_resource': 'extra_gpu', 'gpu': False, 'verbose': False, 'lr_config': {'mode': 'log', 'steps': 5, 'initial_lr': 0.005, 'target_lr': 0.005}, 'batch_per_device': 1024}",53.28115105628967,0,6,7319.596455254557,1,53.28115105628967
0.008276534080505372,0.13384668827056884,0.005918025970458984,0.032872749834644555,0.026238417625427245,nan,0.0,0.04905829429626465,0.5825999975204468,1.1770197982788086,-0.5825999975204468,nan,0.0,nan,0.0,nan,0.0,0.5956000089645386,1.1222891988754273,nan,0.0,nan,0.0,60000,1,False,,,7,-1.1770197982788086,8a4b7e5fd89841f29c5597be0412a78a,2019-05-30_14-16-05,1559250965,8.066251516342163,61.347402572631836,21731,steropes,169.229.49.254,"{'starting_lr': 0.005, 'momentum': 0.95, 'weight_decay': 0.001, 'steps_per_iteration': None, 'pin': False, 'model_creator': None, 'target_batch_size': 1024, 'model_string': 'resnet18', 'min_batch_size': 512, 'dataset': 'CIFAR', 'placement': None, 'use_nccl': True, 'devices_per_worker': 1, 'primary_resource': 'extra_gpu', 'gpu': False, 'verbose': False, 'lr_config': {'mode': 'log', 'steps': 5, 'initial_lr': 0.005, 'target_lr': 0.005}, 'batch_per_device': 1024}",61.347402572631836,0,7,7271.274405068003,1,61.347402572631836
0.00849311351776123,0.12833814620971679,0.006751799583435058,0.04527164478691257,0.02862415313720703,nan,0.0,0.05389151573181152,0.6225000023841858,1.059745280456543,-0.6225000023841858,nan,0.0,nan,0.0,nan,0.0,0.6116399765014648,1.0841794429779052,nan,0.0,nan,0.0,60000,1,False,,,8,-1.059745280456543,8a4b7e5fd89841f29c5597be0412a78a,2019-05-30_14-16-14,1559250974,8.53638744354248,69.88379001617432,21731,steropes,169.229.49.254,"{'starting_lr': 0.005, 'momentum': 0.95, 'weight_decay': 0.001, 'steps_per_iteration': None, 'pin': False, 'model_creator': None, 'target_batch_size': 1024, 'model_string': 'resnet18', 'min_batch_size': 512, 'dataset': 'CIFAR', 'placement': None, 'use_nccl': True, 'devices_per_worker': 1, 'primary_resource': 'extra_gpu', 'gpu': False, 'verbose': False, 'lr_config': {'mode': 'log', 'steps': 5, 'initial_lr': 0.005, 'target_lr': 0.005}, 'batch_per_device': 1024}",69.88379001617432,0,8,7323.472962416516,1,69.88379001617432
0.006889462471008301,0.12907631397247316,0.005073928833007812,0.04082523560037418,0.02843341827392578,nan,0.0,0.04867243766784668,0.6365999579429626,1.02376219997406,-0.6365999579429626,nan,0.0,nan,0.0,nan,0.0,0.6266599893569946,1.0399062268829347,nan,0.0,nan,0.0,60000,1,False,,,9,-1.02376219997406,8a4b7e5fd89841f29c5597be0412a78a,2019-05-30_14-17-18,1559251038,8.123043775558472,78.00683379173279,21731,steropes,169.229.49.254,"{'starting_lr': 0.005, 'momentum': 0.95, 'weight_decay': 0.001, 'steps_per_iteration': None, 'pin': False, 'model_creator': None, 'target_batch_size': 1024, 'model_string': 'resnet18', 'min_batch_size': 512, 'dataset': 'CIFAR', 'placement': None, 'use_nccl': True, 'devices_per_worker': 1, 'primary_resource': 'extra_gpu', 'gpu': False, 'verbose': False, 'lr_config': {'mode': 'log', 'steps': 5, 'initial_lr': 0.005, 'target_lr': 0.005}, 'batch_per_device': 1024}",78.00683379173279,0,9,7329.878365401343,1,78.00683379173279
0.007640981674194336,0.13413374423980712,0.004500865936279297,0.039655232916072924,0.023534417152404785,nan,0.0,0.05450310707092285,0.6408999562263489,1.013580146598816,-0.6408999562263489,nan,0.0,nan,0.0,nan,0.0,0.6407600045204163,1.00664414604187,nan,0.0,nan,0.0,60000,1,False,,,10,-1.013580146598816,8a4b7e5fd89841f29c5597be0412a78a,2019-05-30_14-17-26,1559251046,8.389051675796509,86.3958854675293,21731,steropes,169.229.49.254,"{'starting_lr': 0.005, 'momentum': 0.95, 'weight_decay': 0.001, 'steps_per_iteration': None, 'pin': False, 'model_creator': None, 'target_batch_size': 1024, 'model_string': 'resnet18', 'min_batch_size': 512, 'dataset': 'CIFAR', 'placement': None, 'use_nccl': True, 'devices_per_worker': 1, 'primary_resource': 'extra_gpu', 'gpu': False, 'verbose': False, 'lr_config': {'mode': 'log', 'steps': 5, 'initial_lr': 0.005, 'target_lr': 0.005}, 'batch_per_device': 1024}",86.3958854675293,0,10,7257.627727513353,1,86.3958854675293
0.007363462448120117,0.127695894241333,0.006734776496887207,0.03153703650649713,0.027027988433837892,nan,0.0,0.06410758495330811,0.6536999940872192,0.9772276854515076,-0.6536999940872192,nan,0.0,nan,0.0,nan,0.0,0.6512199640274048,0.9762305129241944,nan,0.0,nan,0.0,60000,1,False,,,11,-0.9772276854515076,8a4b7e5fd89841f29c5597be0412a78a,2019-05-30_14-17-34,1559251054,7.984905481338501,94.3807909488678,21731,steropes,169.229.49.254,"{'starting_lr': 0.005, 'momentum': 0.95, 'weight_decay': 0.001, 'steps_per_iteration': None, 'pin': False, 'model_creator': None, 'target_batch_size': 1024, 'model_string': 'resnet18', 'min_batch_size': 512, 'dataset': 'CIFAR', 'placement': None, 'use_nccl': True, 'devices_per_worker': 1, 'primary_resource': 'extra_gpu', 'gpu': False, 'verbose': False, 'lr_config': {'mode': 'log', 'steps': 5, 'initial_lr': 0.005, 'target_lr': 0.005}, 'batch_per_device': 1024}",94.3807909488678,0,11,7299.217543118864,1,94.3807909488678
0.00877552032470703,0.12072978019714356,0.004487395286560059,0.04446691882853605,0.027773022651672363,nan,0.0,0.0442925214767456,0.6503999829292297,0.9968187070846558,-0.6503999829292297,nan,0.0,nan,0.0,nan,0.0,0.6616399884223938,0.9494131215858459,nan,0.0,nan,0.0,60000,1,False,,,12,-0.9968187070846558,8a4b7e5fd89841f29c5597be0412a78a,2019-05-30_14-17-42,1559251062,7.578003406524658,101.95879435539246,21731,steropes,169.229.49.254,"{'starting_lr': 0.005, 'momentum': 0.95, 'weight_decay': 0.001, 'steps_per_iteration': None, 'pin': False, 'model_creator': None, 'target_batch_size': 1024, 'model_string': 'resnet18', 'min_batch_size': 512, 'dataset': 'CIFAR', 'placement': None, 'use_nccl': True, 'devices_per_worker': 1, 'primary_resource': 'extra_gpu', 'gpu': False, 'verbose': False, 'lr_config': {'mode': 'log', 'steps': 5, 'initial_lr': 0.005, 'target_lr': 0.005}, 'batch_per_device': 1024}",101.95879435539246,0,12,7386.970503426177,1,101.95879435539246
0.008139419555664062,0.11370794773101807,0.004042506217956543,0.05127544792330995,0.021063470840454103,nan,0.0,0.0418487548828125,0.6678000092506409,0.9364198805809021,-0.6678000092506409,nan,0.0,nan,0.0,nan,0.0,0.6734399795532227,0.9156374244689941,nan,0.0,nan,0.0,60000,1,False,,,13,-0.9364198805809021,8a4b7e5fd89841f29c5597be0412a78a,2019-05-30_14-17-49,1559251069,7.509348630905151,109.46814298629761,21731,steropes,169.229.49.254,"{'starting_lr': 0.005, 'momentum': 0.95, 'weight_decay': 0.001, 'steps_per_iteration': None, 'pin': False, 'model_creator': None, 'target_batch_size': 1024, 'model_string': 'resnet18', 'min_batch_size': 512, 'dataset': 'CIFAR', 'placement': None, 'use_nccl': True, 'devices_per_worker': 1, 'primary_resource': 'extra_gpu', 'gpu': False, 'verbose': False, 'lr_config': {'mode': 'log', 'steps': 5, 'initial_lr': 0.005, 'target_lr': 0.005}, 'batch_per_device': 1024}",109.46814298629761,0,13,7578.675869763938,1,109.46814298629761
0.008075368404388428,0.11254230737686158,0.0028011322021484373,0.012174912861415317,0.049609816074371337,nan,0.0,0.11966997385025024,0.6794999837875366,0.9186964476108551,-0.6794999837875366,3.5129613876342773,3.5129613876342773,12.779744744300842,12.779744744300842,1.3595186471939087,1.3595186471939087,0.6850000023841858,0.882052904510498,nan,0.0,nan,0.0,60000,2,False,,,14,-0.9186964476108551,8a4b7e5fd89841f29c5597be0412a78a,2019-05-30_14-18-29,1559251109,8.286158084869385,117.75430107116699,27459,steropes,169.229.49.254,"{'starting_lr': 0.005, 'momentum': 0.95, 'weight_decay': 0.001, 'steps_per_iteration': None, 'pin': False, 'model_creator': None, 'target_batch_size': 1024, 'model_string': 'resnet18', 'min_batch_size': 512, 'dataset': 'CIFAR', 'placement': None, 'use_nccl': True, 'devices_per_worker': 1, 'primary_resource': 'extra_gpu', 'gpu': False, 'verbose': False, 'lr_config': {'mode': 'log', 'steps': 5, 'initial_lr': 0.005, 'target_lr': 0.005}, 'batch_per_device': 512}",8.286158084869385,0,1,7240.894589060821,2,126.04045915603638
0.007360470294952392,0.08340065479278565,0.003087270259857178,0.012052742802366918,0.01700206995010376,nan,0.0,0.04736733436584473,0.6880999803543091,0.8808247921943664,-0.6880999803543091,nan,0.0,nan,0.0,nan,0.0,0.6909599900245667,0.8649235972499847,nan,0.0,nan,0.0,60000,2,False,,,15,-0.8808247921943664,8a4b7e5fd89841f29c5597be0412a78a,2019-05-30_14-18-35,1559251115,5.796171426773071,123.55047249794006,27459,steropes,169.229.49.254,"{'starting_lr': 0.005, 'momentum': 0.95, 'weight_decay': 0.001, 'steps_per_iteration': None, 'pin': False, 'model_creator': None, 'target_batch_size': 1024, 'model_string': 'resnet18', 'min_batch_size': 512, 'dataset': 'CIFAR', 'placement': None, 'use_nccl': True, 'devices_per_worker': 1, 'primary_resource': 'extra_gpu', 'gpu': False, 'verbose': False, 'lr_config': {'mode': 'log', 'steps': 5, 'initial_lr': 0.005, 'target_lr': 0.005}, 'batch_per_device': 512}",14.082329511642456,0,2,8521.20202204398,2,137.63280200958252
0.007664906978607178,0.07839521169662475,0.003125572204589844,0.012322401513858716,0.02004503011703491,nan,0.0,0.05343524217605591,0.6747999787330627,0.9439550897598266,-0.6747999787330627,nan,0.0,nan,0.0,nan,0.0,0.6966399550437927,0.8468656981658935,nan,0.0,nan,0.0,60000,2,False,,,16,-0.9439550897598266,8a4b7e5fd89841f29c5597be0412a78a,2019-05-30_14-18-41,1559251121,5.810869216918945,129.361341714859,27459,steropes,169.229.49.254,"{'starting_lr': 0.005, 'momentum': 0.95, 'weight_decay': 0.001, 'steps_per_iteration': None, 'pin': False, 'model_creator': None, 'target_batch_size': 1024, 'model_string': 'resnet18', 'min_batch_size': 512, 'dataset': 'CIFAR', 'placement': None, 'use_nccl': True, 'devices_per_worker': 1, 'primary_resource': 'extra_gpu', 'gpu': False, 'verbose': False, 'lr_config': {'mode': 'log', 'steps': 5, 'initial_lr': 0.005, 'target_lr': 0.005}, 'batch_per_device': 512}",19.8931987285614,0,3,9048.197249922285,2,149.2545404434204
0.008045482635498046,0.08435239791870117,0.0049698114395141605,0.0126611699863356,0.02250815629959106,nan,0.0,0.05904201269149781,0.7012999653816223,0.8541216554641724,-0.7012999653816223,nan,0.0,nan,0.0,nan,0.0,0.7091599702835083,0.8177545277404785,nan,0.0,nan,0.0,60000,2,False,,,17,-0.8541216554641724,8a4b7e5fd89841f29c5597be0412a78a,2019-05-30_14-18-47,1559251127,6.076372146606445,135.43771386146545,27459,steropes,169.229.49.254,"{'starting_lr': 0.005, 'momentum': 0.95, 'weight_decay': 0.001, 'steps_per_iteration': None, 'pin': False, 'model_creator': None, 'target_batch_size': 1024, 'model_string': 'resnet18', 'min_batch_size': 512, 'dataset': 'CIFAR', 'placement': None, 'use_nccl': True, 'devices_per_worker': 1, 'primary_resource': 'extra_gpu', 'gpu': False, 'verbose': False, 'lr_config': {'mode': 'log', 'steps': 5, 'initial_lr': 0.005, 'target_lr': 0.005}, 'batch_per_device': 512}",25.969570875167847,0,4,9241.46270029636,2,161.4072847366333
0.00818929672241211,0.08295007944107055,0.00340808629989624,0.012233700071062361,0.017866837978363036,nan,0.0,0.057139921188354495,0.6990000009536743,0.8589465473651886,-0.6990000009536743,nan,0.0,nan,0.0,nan,0.0,0.7174599766731262,0.7946184333992005,nan,0.0,nan,0.0,60000,2,False,,,18,-0.8589465473651886,8a4b7e5fd89841f29c5597be0412a78a,2019-05-30_14-18-52,1559251132,5.693335771560669,141.13104963302612,27459,steropes,169.229.49.254,"{'starting_lr': 0.005, 'momentum': 0.95, 'weight_decay': 0.001, 'steps_per_iteration': None, 'pin': False, 'model_creator': None, 'target_batch_size': 1024, 'model_string': 'resnet18', 'min_batch_size': 512, 'dataset': 'CIFAR', 'placement': None, 'use_nccl': True, 'devices_per_worker': 1, 'primary_resource': 'extra_gpu', 'gpu': False, 'verbose': False, 'lr_config': {'mode': 'log', 'steps': 5, 'initial_lr': 0.005, 'target_lr': 0.005}, 'batch_per_device': 512}",31.662906646728516,0,5,9474.682448145855,2,172.79395627975464
0.007501637935638428,0.08216871023178102,0.003110826015472412,0.011912589170494859,0.01742507219314575,nan,0.0,0.04672985076904297,0.6917999982833862,0.8699489441871644,-0.6917999982833862,nan,0.0,nan,0.0,nan,0.0,0.7226999998092651,0.7762087017440796,nan,0.0,nan,0.0,60000,2,False,,,19,-0.8699489441871644,8a4b7e5fd89841f29c5597be0412a78a,2019-05-30_14-18-58,1559251138,5.6745524406433105,146.80560207366943,27459,steropes,169.229.49.254,"{'starting_lr': 0.005, 'momentum': 0.95, 'weight_decay': 0.001, 'steps_per_iteration': None, 'pin': False, 'model_creator': None, 'target_batch_size': 1024, 'model_string': 'resnet18', 'min_batch_size': 512, 'dataset': 'CIFAR', 'placement': None, 'use_nccl': True, 'devices_per_worker': 1, 'primary_resource': 'extra_gpu', 'gpu': False, 'verbose': False, 'lr_config': {'mode': 'log', 'steps': 5, 'initial_lr': 0.005, 'target_lr': 0.005}, 'batch_per_device': 512}",37.337459087371826,0,6,10326.420153058756,2,184.14306116104126
0.0077999353408813475,0.08377138376235962,0.002880239486694336,0.013359651273610641,0.019235455989837648,nan,0.0,0.0462554931640625,0.7131999731063843,0.8258821735858917,-0.7131999731063843,nan,0.0,nan,0.0,nan,0.0,0.7278399467468262,0.7629062057209015,nan,0.0,nan,0.0,60000,2,False,,,20,-0.8258821735858917,8a4b7e5fd89841f29c5597be0412a78a,2019-05-30_14-19-04,1559251144,6.107876300811768,152.9134783744812,27459,steropes,169.229.49.254,"{'starting_lr': 0.005, 'momentum': 0.95, 'weight_decay': 0.001, 'steps_per_iteration': None, 'pin': False, 'model_creator': None, 'target_batch_size': 1024, 'model_string': 'resnet18', 'min_batch_size': 512, 'dataset': 'CIFAR', 'placement': None, 'use_nccl': True, 'devices_per_worker': 1, 'primary_resource': 'extra_gpu', 'gpu': False, 'verbose': False, 'lr_config': {'mode': 'log', 'steps': 5, 'initial_lr': 0.005, 'target_lr': 0.005}, 'batch_per_device': 512}",43.445335388183594,0,7,10216.799434428844,2,196.3588137626648
0.007833909988403321,0.08015923500061034,0.0031336069107055662,0.011469792346565092,0.017755496501922607,nan,0.0,0.04753121137619019,0.7204999923706055,0.8094260076522828,-0.7204999923706055,nan,0.0,nan,0.0,nan,0.0,0.7389999628067017,0.7358623021316528,nan,0.0,nan,0.0,60000,2,False,,,21,-0.8094260076522828,8a4b7e5fd89841f29c5597be0412a78a,2019-05-30_14-19-10,1559251150,5.958276748657227,158.87175512313843,27459,steropes,169.229.49.254,"{'starting_lr': 0.005, 'momentum': 0.95, 'weight_decay': 0.001, 'steps_per_iteration': None, 'pin': False, 'model_creator': None, 'target_batch_size': 1024, 'model_string': 'resnet18', 'min_batch_size': 512, 'dataset': 'CIFAR', 'placement': None, 'use_nccl': True, 'devices_per_worker': 1, 'primary_resource': 'extra_gpu', 'gpu': False, 'verbose': False, 'lr_config': {'mode': 'log', 'steps': 5, 'initial_lr': 0.005, 'target_lr': 0.005}, 'batch_per_device': 512}",49.40361213684082,0,8,10165.714915182582,2,208.27536725997925
0.007935774326324464,0.08550175428390502,0.002907693386077881,0.012629399494248992,0.017104053497314455,nan,0.0,0.04760432243347168,0.715399980545044,0.8192193415164948,-0.715399980545044,nan,0.0,nan,0.0,nan,0.0,0.7423999905586243,0.7232036103153229,nan,0.0,nan,0.0,60000,2,False,,,22,-0.8192193415164948,8a4b7e5fd89841f29c5597be0412a78a,2019-05-30_14-19-16,1559251156,5.975226640701294,164.84698176383972,27459,steropes,169.229.49.254,"{'starting_lr': 0.005, 'momentum': 0.95, 'weight_decay': 0.001, 'steps_per_iteration': None, 'pin': False, 'model_creator': None, 'target_batch_size': 1024, 'model_string': 'resnet18', 'min_batch_size': 512, 'dataset': 'CIFAR', 'placement': None, 'use_nccl': True, 'devices_per_worker': 1, 'primary_resource': 'extra_gpu', 'gpu': False, 'verbose': False, 'lr_config': {'mode': 'log', 'steps': 5, 'initial_lr': 0.005, 'target_lr': 0.005}, 'batch_per_device': 512}",55.378838777542114,0,9,10200.673613971449,2,220.22582054138184
0.007649636268615723,0.08061225414276123,0.0029716014862060545,0.01219056090530084,0.0177884578704834,nan,0.0,0.04620729684829712,0.7170999646186829,0.8185112735271454,-0.7170999646186829,nan,0.0,nan,0.0,nan,0.0,0.7470599412918091,0.7144533464813232,nan,0.0,nan,0.0,60000,2,False,,,23,-0.8185112735271454,8a4b7e5fd89841f29c5597be0412a78a,2019-05-30_14-19-22,1559251162,6.058860778808594,170.90584254264832,27459,steropes,169.229.49.254,"{'starting_lr': 0.005, 'momentum': 0.95, 'weight_decay': 0.001, 'steps_per_iteration': None, 'pin': False, 'model_creator': None, 'target_batch_size': 1024, 'model_string': 'resnet18', 'min_batch_size': 512, 'dataset': 'CIFAR', 'placement': None, 'use_nccl': True, 'devices_per_worker': 1, 'primary_resource': 'extra_gpu', 'gpu': False, 'verbose': False, 'lr_config': {'mode': 'log', 'steps': 5, 'initial_lr': 0.005, 'target_lr': 0.005}, 'batch_per_device': 512}",61.43769955635071,0,10,10075.4484450679,2,232.34354209899902
0.007561588287353516,0.0868332028388977,0.0027432799339294437,0.01308240695875518,0.017225539684295653,nan,0.0,0.04563641548156738,0.7261999845504761,0.8008473955631257,-0.7261999845504761,nan,0.0,nan,0.0,nan,0.0,0.7515199780464172,0.6970447851943969,nan,0.0,nan,0.0,60000,2,False,,,24,-0.8008473955631257,8a4b7e5fd89841f29c5597be0412a78a,2019-05-30_14-19-28,1559251168,5.947176456451416,176.85301899909973,27459,steropes,169.229.49.254,"{'starting_lr': 0.005, 'momentum': 0.95, 'weight_decay': 0.001, 'steps_per_iteration': None, 'pin': False, 'model_creator': None, 'target_batch_size': 1024, 'model_string': 'resnet18', 'min_batch_size': 512, 'dataset': 'CIFAR', 'placement': None, 'use_nccl': True, 'devices_per_worker': 1, 'primary_resource': 'extra_gpu', 'gpu': False, 'verbose': False, 'lr_config': {'mode': 'log', 'steps': 5, 'initial_lr': 0.005, 'target_lr': 0.005}, 'batch_per_device': 512}",67.38487601280212,0,11,9984.03439933727,2,244.23789501190186
0.007522463798522949,0.0817557692527771,0.0027676701545715334,0.011672416511847049,0.017975008487701415,nan,0.0,0.04674735069274902,0.7297999858856201,0.7830614643573761,-0.7297999858856201,nan,0.0,nan,0.0,nan,0.0,0.7564799785614014,0.676732115573883,nan,0.0,nan,0.0,60000,2,False,,,25,-0.7830614643573761,8a4b7e5fd89841f29c5597be0412a78a,2019-05-30_14-19-34,1559251174,5.649073839187622,182.50209283828735,27459,steropes,169.229.49.254,"{'starting_lr': 0.005, 'momentum': 0.95, 'weight_decay': 0.001, 'steps_per_iteration': None, 'pin': False, 'model_creator': None, 'target_batch_size': 1024, 'model_string': 'resnet18', 'min_batch_size': 512, 'dataset': 'CIFAR', 'placement': None, 'use_nccl': True, 'devices_per_worker': 1, 'primary_resource': 'extra_gpu', 'gpu': False, 'verbose': False, 'lr_config': {'mode': 'log', 'steps': 5, 'initial_lr': 0.005, 'target_lr': 0.005}, 'batch_per_device': 512}",73.03394985198975,0,12,10138.845951788664,2,255.5360426902771
0.007180345058441162,0.07975311279296875,0.0027118802070617678,0.010997633544766173,0.016655194759368896,nan,0.0,0.047322201728820804,0.7318999767303467,0.7844928933143616,-0.7318999767303467,nan,0.0,nan,0.0,nan,0.0,0.7636200189590454,0.6599080304527283,nan,0.0,nan,0.0,60000,2,False,,,26,-0.7844928933143616,8a4b7e5fd89841f29c5597be0412a78a,2019-05-30_14-19-39,1559251179,5.421170949935913,187.92326378822327,27459,steropes,169.229.49.254,"{'starting_lr': 0.005, 'momentum': 0.95, 'weight_decay': 0.001, 'steps_per_iteration': None, 'pin': False, 'model_creator': None, 'target_batch_size': 1024, 'model_string': 'resnet18', 'min_batch_size': 512, 'dataset': 'CIFAR', 'placement': None, 'use_nccl': True, 'devices_per_worker': 1, 'primary_resource': 'extra_gpu', 'gpu': False, 'verbose': False, 'lr_config': {'mode': 'log', 'steps': 5, 'initial_lr': 0.005, 'target_lr': 0.005}, 'batch_per_device': 512}",78.45512080192566,0,13,10326.341509511925,2,266.3783845901489
0.007464265823364258,0.07771843671798706,0.0026254534721374513,0.010774617292443101,0.016257548332214357,nan,0.0,0.04655182361602783,0.7384999990463257,0.7585648908615112,-0.7384999990463257,nan,0.0,nan,0.0,nan,0.0,0.7673199772834778,0.650789186038971,nan,0.0,nan,0.0,60000,2,False,,,27,-0.7585648908615112,8a4b7e5fd89841f29c5597be0412a78a,2019-05-30_14-19-45,1559251185,5.39559531211853,193.3188591003418,27459,steropes,169.229.49.254,"{'starting_lr': 0.005, 'momentum': 0.95, 'weight_decay': 0.001, 'steps_per_iteration': None, 'pin': False, 'model_creator': None, 'target_batch_size': 1024, 'model_string': 'resnet18', 'min_batch_size': 512, 'dataset': 'CIFAR', 'placement': None, 'use_nccl': True, 'devices_per_worker': 1, 'primary_resource': 'extra_gpu', 'gpu': False, 'verbose': False, 'lr_config': {'mode': 'log', 'steps': 5, 'initial_lr': 0.005, 'target_lr': 0.005}, 'batch_per_device': 512}",83.85071611404419,0,14,10536.565298360345,2,277.169575214386
0.007951712608337403,0.07923349142074584,0.002667057514190674,0.01125324502283213,0.01595371961593628,nan,0.0,0.04433298110961914,0.7475000023841858,0.7432285002231598,-0.7475000023841858,nan,0.0,nan,0.0,nan,0.0,0.776919960975647,0.6295626224708557,nan,0.0,nan,0.0,60000,2,False,,,28,-0.7432285002231598,8a4b7e5fd89841f29c5597be0412a78a,2019-05-30_14-19-50,1559251190,5.483794450759888,198.80265355110168,27459,steropes,169.229.49.254,"{'starting_lr': 0.005, 'momentum': 0.95, 'weight_decay': 0.001, 'steps_per_iteration': None, 'pin': False, 'model_creator': None, 'target_batch_size': 1024, 'model_string': 'resnet18', 'min_batch_size': 512, 'dataset': 'CIFAR', 'placement': None, 'use_nccl': True, 'devices_per_worker': 1, 'primary_resource': 'extra_gpu', 'gpu': False, 'verbose': False, 'lr_config': {'mode': 'log', 'steps': 5, 'initial_lr': 0.005, 'target_lr': 0.005}, 'batch_per_device': 512}",89.33451056480408,0,15,10753.760928352018,2,288.13716411590576
0.00804215669631958,0.08148188591003419,0.002594780921936035,0.010720053497625857,0.01719686985015869,nan,0.0,0.04607448577880859,0.7444000244140625,0.7524287253856659,-0.7444000244140625,nan,0.0,nan,0.0,nan,0.0,0.780299961566925,0.6166149385547638,nan,0.0,nan,0.0,60000,2,False,,,29,-0.7524287253856659,8a4b7e5fd89841f29c5597be0412a78a,2019-05-30_14-19-56,1559251196,5.448899030685425,204.2515525817871,27459,steropes,169.229.49.254,"{'starting_lr': 0.005, 'momentum': 0.95, 'weight_decay': 0.001, 'steps_per_iteration': None, 'pin': False, 'model_creator': None, 'target_batch_size': 1024, 'model_string': 'resnet18', 'min_batch_size': 512, 'dataset': 'CIFAR', 'placement': None, 'use_nccl': True, 'devices_per_worker': 1, 'primary_resource': 'extra_gpu', 'gpu': False, 'verbose': False, 'lr_config': {'mode': 'log', 'steps': 5, 'initial_lr': 0.005, 'target_lr': 0.005}, 'batch_per_device': 512}",94.7834095954895,0,16,10949.32847158749,2,299.0349621772766
0.007479870319366455,0.08122806549072265,0.002825498580932617,0.011910258507242009,0.01702991724014282,nan,0.0,0.046403777599334714,0.7374999523162842,0.7729077289581299,-0.7374999523162842,nan,0.0,nan,0.0,nan,0.0,0.7806400060653687,0.6163392413806915,nan,0.0,nan,0.0,60000,2,False,,,30,-0.7729077289581299,8a4b7e5fd89841f29c5597be0412a78a,2019-05-30_14-20-02,1559251202,5.905079364776611,210.15663194656372,27459,steropes,169.229.49.254,"{'starting_lr': 0.005, 'momentum': 0.95, 'weight_decay': 0.001, 'steps_per_iteration': None, 'pin': False, 'model_creator': None, 'target_batch_size': 1024, 'model_string': 'resnet18', 'min_batch_size': 512, 'dataset': 'CIFAR', 'placement': None, 'use_nccl': True, 'devices_per_worker': 1, 'primary_resource': 'extra_gpu', 'gpu': False, 'verbose': False, 'lr_config': {'mode': 'log', 'steps': 5, 'initial_lr': 0.005, 'target_lr': 0.005}, 'batch_per_device': 512}",100.68848896026611,0,17,10847.967674261366,2,310.84512090682983
0.008123862743377685,0.08275822401046753,0.00285569429397583,0.011757726571997817,0.017739498615264894,nan,0.0,0.04944648742675781,0.740399956703186,0.7632475019454956,-0.740399956703186,nan,0.0,nan,0.0,nan,0.0,0.7843999862670898,0.6016266935348511,nan,0.0,nan,0.0,60000,2,False,,,31,-0.7632475019454956,8a4b7e5fd89841f29c5597be0412a78a,2019-05-30_14-20-07,1559251207,5.843972682952881,216.0006046295166,27459,steropes,169.229.49.254,"{'starting_lr': 0.005, 'momentum': 0.95, 'weight_decay': 0.001, 'steps_per_iteration': None, 'pin': False, 'model_creator': None, 'target_batch_size': 1024, 'model_string': 'resnet18', 'min_batch_size': 512, 'dataset': 'CIFAR', 'placement': None, 'use_nccl': True, 'devices_per_worker': 1, 'primary_resource': 'extra_gpu', 'gpu': False, 'verbose': False, 'lr_config': {'mode': 'log', 'steps': 5, 'initial_lr': 0.005, 'target_lr': 0.005}, 'batch_per_device': 512}",106.532461643219,0,18,10684.61629090585,2,322.5330662727356
0.007217514514923096,0.07731328010559083,0.0038800835609436035,0.012167898976072972,0.017613708972930908,nan,0.0,0.04683909416198731,0.7510999441146851,0.739685285949707,-0.7510999441146851,nan,0.0,nan,0.0,nan,0.0,0.7912600040435791,0.5866074993467332,nan,0.0,nan,0.0,60000,2,False,,,32,-0.739685285949707,8a4b7e5fd89841f29c5597be0412a78a,2019-05-30_14-20-13,1559251213,5.810290336608887,221.8108949661255,27459,steropes,169.229.49.254,"{'starting_lr': 0.005, 'momentum': 0.95, 'weight_decay': 0.001, 'steps_per_iteration': None, 'pin': False, 'model_creator': None, 'target_batch_size': 1024, 'model_string': 'resnet18', 'min_batch_size': 512, 'dataset': 'CIFAR', 'placement': None, 'use_nccl': True, 'devices_per_worker': 1, 'primary_resource': 'extra_gpu', 'gpu': False, 'verbose': False, 'lr_config': {'mode': 'log', 'steps': 5, 'initial_lr': 0.005, 'target_lr': 0.005}, 'batch_per_device': 512}",112.34275197982788,0,19,10529.10534345248,2,334.15364694595337
0.007726156711578369,0.08063188791275025,0.002742087841033936,0.01169805624047104,0.01819720268249512,nan,0.0,0.04648667573928833,0.7408999800682068,0.7701076903820038,-0.7408999800682068,nan,0.0,nan,0.0,nan,0.0,0.7944599390029907,0.5754925895023346,nan,0.0,nan,0.0,60000,2,False,,,33,-0.7701076903820038,8a4b7e5fd89841f29c5597be0412a78a,2019-05-30_14-20-19,1559251219,5.722033500671387,227.53292846679688,27459,steropes,169.229.49.254,"{'starting_lr': 0.005, 'momentum': 0.95, 'weight_decay': 0.001, 'steps_per_iteration': None, 'pin': False, 'model_creator': None, 'target_batch_size': 1024, 'model_string': 'resnet18', 'min_batch_size': 512, 'dataset': 'CIFAR', 'placement': None, 'use_nccl': True, 'devices_per_worker': 1, 'primary_resource': 'extra_gpu', 'gpu': False, 'verbose': False, 'lr_config': {'mode': 'log', 'steps': 5, 'initial_lr': 0.005, 'target_lr': 0.005}, 'batch_per_device': 512}",118.06478548049927,0,20,10441.799588656771,2,345.59771394729614
0.007558274269104003,0.08076523542404175,0.002736330032348633,0.012267545777924207,0.018352591991424562,nan,0.0,0.04635388851165771,0.7473999261856079,0.7457754704475403,-0.7473999261856079,nan,0.0,nan,0.0,nan,0.0,0.7989000082015991,0.5625018823528289,nan,0.0,nan,0.0,60000,2,False,,,34,-0.7457754704475403,8a4b7e5fd89841f29c5597be0412a78a,2019-05-30_14-20-25,1559251225,5.9587602615356445,233.49168872833252,27459,steropes,169.229.49.254,"{'starting_lr': 0.005, 'momentum': 0.95, 'weight_decay': 0.001, 'steps_per_iteration': None, 'pin': False, 'model_creator': None, 'target_batch_size': 1024, 'model_string': 'resnet18', 'min_batch_size': 512, 'dataset': 'CIFAR', 'placement': None, 'use_nccl': True, 'devices_per_worker': 1, 'primary_resource': 'extra_gpu', 'gpu': False, 'verbose': False, 'lr_config': {'mode': 'log', 'steps': 5, 'initial_lr': 0.005, 'target_lr': 0.005}, 'batch_per_device': 512}",124.02354574203491,0,21,10259.727933888502,2,357.51523447036743
0.00907074213027954,0.0793965220451355,0.002715873718261719,0.012767587389264787,0.017809736728668212,nan,0.0,0.049488520622253424,0.7517999410629272,0.7523324105739593,-0.7517999410629272,nan,0.0,nan,0.0,nan,0.0,0.8045599460601807,0.552456508231163,nan,0.0,nan,0.0,60000,2,False,,,35,-0.7523324105739593,8a4b7e5fd89841f29c5597be0412a78a,2019-05-30_14-20-31,1559251231,5.955526113510132,239.44721484184265,27459,steropes,169.229.49.254,"{'starting_lr': 0.005, 'momentum': 0.95, 'weight_decay': 0.001, 'steps_per_iteration': None, 'pin': False, 'model_creator': None, 'target_batch_size': 1024, 'model_string': 'resnet18', 'min_batch_size': 512, 'dataset': 'CIFAR', 'placement': None, 'use_nccl': True, 'devices_per_worker': 1, 'primary_resource': 'extra_gpu', 'gpu': False, 'verbose': False, 'lr_config': {'mode': 'log', 'steps': 5, 'initial_lr': 0.005, 'target_lr': 0.005}, 'batch_per_device': 512}",129.97907185554504,0,22,10242.058246959232,2,369.4262866973877
0.007569551467895508,0.08033959865570067,0.002853381633758545,0.011588442082307776,0.01857365369796753,nan,0.0,0.048040223121643064,0.7555999755859375,0.7363665474891663,-0.7555999755859375,nan,0.0,nan,0.0,nan,0.0,0.8081599473953247,0.536747639169693,nan,0.0,nan,0.0,60000,2,False,,,36,-0.7363665474891663,8a4b7e5fd89841f29c5597be0412a78a,2019-05-30_14-20-37,1559251237,5.737199306488037,245.1844141483307,27459,steropes,169.229.49.254,"{'starting_lr': 0.005, 'momentum': 0.95, 'weight_decay': 0.001, 'steps_per_iteration': None, 'pin': False, 'model_creator': None, 'target_batch_size': 1024, 'model_string': 'resnet18', 'min_batch_size': 512, 'dataset': 'CIFAR', 'placement': None, 'use_nccl': True, 'devices_per_worker': 1, 'primary_resource': 'extra_gpu', 'gpu': False, 'verbose': False, 'lr_config': {'mode': 'log', 'steps': 5, 'initial_lr': 0.005, 'target_lr': 0.005}, 'batch_per_device': 512}",135.71627116203308,0,23,10279.527661591172,2,380.90068531036377
0.00947035551071167,0.08099668025970459,0.002685439586639404,0.01133373805454799,0.018140876293182374,nan,0.0,0.050947105884552,0.7484999895095825,0.7423444049835205,-0.7484999895095825,nan,0.0,nan,0.0,nan,0.0,0.809939980506897,0.5360456019115448,nan,0.0,nan,0.0,60000,2,False,,,37,-0.7423444049835205,8a4b7e5fd89841f29c5597be0412a78a,2019-05-30_14-20-42,1559251242,5.679351806640625,250.8637659549713,27459,steropes,169.229.49.254,"{'starting_lr': 0.005, 'momentum': 0.95, 'weight_decay': 0.001, 'steps_per_iteration': None, 'pin': False, 'model_creator': None, 'target_batch_size': 1024, 'model_string': 'resnet18', 'min_batch_size': 512, 'dataset': 'CIFAR', 'placement': None, 'use_nccl': True, 'devices_per_worker': 1, 'primary_resource': 'extra_gpu', 'gpu': False, 'verbose': False, 'lr_config': {'mode': 'log', 'steps': 5, 'initial_lr': 0.005, 'target_lr': 0.005}, 'batch_per_device': 512}",141.3956229686737,0,24,10325.856793405554,2,392.259388923645
0.007888245582580566,0.08536349534988404,0.002998089790344238,0.011388576760583994,0.018079638481140137,nan,0.0,0.04834338426589966,0.7538999915122986,0.7439088973045349,-0.7538999915122986,nan,0.0,nan,0.0,nan,0.0,0.8129799962043762,0.5212004283809661,nan,0.0,nan,0.0,60000,2,True,,,38,-0.7439088973045349,8a4b7e5fd89841f29c5597be0412a78a,2019-05-30_14-20-48,1559251248,5.796862840652466,256.6606287956238,27459,steropes,169.229.49.254,"{'starting_lr': 0.005, 'momentum': 0.95, 'weight_decay': 0.001, 'steps_per_iteration': None, 'pin': False, 'model_creator': None, 'target_batch_size': 1024, 'model_string': 'resnet18', 'min_batch_size': 512, 'dataset': 'CIFAR', 'placement': None, 'use_nccl': True, 'devices_per_worker': 1, 'primary_resource': 'extra_gpu', 'gpu': False, 'verbose': False, 'lr_config': {'mode': 'log', 'steps': 5, 'initial_lr': 0.005, 'target_lr': 0.005}, 'batch_per_device': 512}",147.19248580932617,0,25,10299.330530648416,2,403.85311460494995
