{"apply": 0.007703399658203125, "batch_time": 0.18971176147460939, "d2h": 0.004769229888916015, "data_time": 0.03948805770095514, "fwd": 0.10151085853576661, "get_state_time_mean": NaN, "get_state_time_total": 0.0, "grad": 0.1640636444091797, "mean_accuracy": 0.3902999758720398, "mean_loss": 1.6693035734176636, "neg_mean_accuracy": -0.3902999758720398, "set_state_time_mean": NaN, "set_state_time_total": 0.0, "setup_model_time_mean": 13.474157094955444, "setup_model_time_total": 13.474157094955444, "setup_proc_time_mean": 1.8137805461883545, "setup_proc_time_total": 1.8137805461883545, "train_accuracy": 0.26203998923301697, "train_loss": 2.5562267266082763, "training_time_mean": NaN, "training_time_total": 0.0, "validation_time_mean": NaN, "validation_time_total": 0.0, "samples": 60000, "num_workers": 1, "done": false, "timesteps_total": null, "episodes_total": null, "training_iteration": 1, "neg_mean_loss": -1.6693035734176636, "experiment_id": "8a4b7e5fd89841f29c5597be0412a78a", "date": "2019-05-30_14-15-16", "timestamp": 1559250916, "time_this_iter_s": 12.295708179473877, "time_total_s": 12.295708179473877, "pid": 21731, "hostname": "steropes", "node_ip": "169.229.49.254", "config": {"starting_lr": 0.005, "momentum": 0.95, "weight_decay": 0.001, "steps_per_iteration": null, "pin": false, "model_creator": null, "target_batch_size": 1024, "model_string": "resnet18", "min_batch_size": 512, "dataset": "CIFAR", "placement": null, "use_nccl": true, "devices_per_worker": 1, "primary_resource": "extra_gpu", "gpu": false, "verbose": false, "lr_config": {"mode": "log", "steps": 5, "initial_lr": 0.005, "target_lr": 0.005}, "batch_per_device": 1024}, "time_since_restore": 12.295708179473877, "timesteps_since_restore": 0, "iterations_since_restore": 1, "mean_throughput": 4879.713143922897, "atoms": 1, "resource_time": 12.295708179473877}
{"apply": 0.010533499717712402, "batch_time": 0.11950037479400635, "d2h": 0.004955840110778808, "data_time": 0.04103101516256527, "fwd": 0.026750826835632326, "get_state_time_mean": NaN, "get_state_time_total": 0.0, "grad": 0.04636316299438477, "mean_accuracy": 0.47699999809265137, "mean_loss": 1.4270585704803467, "neg_mean_accuracy": -0.47699999809265137, "set_state_time_mean": NaN, "set_state_time_total": 0.0, "setup_model_time_mean": NaN, "setup_model_time_total": 0.0, "setup_proc_time_mean": NaN, "setup_proc_time_total": 0.0, "train_accuracy": 0.4178999960422516, "train_loss": 1.5877820974731445, "training_time_mean": NaN, "training_time_total": 0.0, "validation_time_mean": NaN, "validation_time_total": 0.0, "samples": 60000, "num_workers": 1, "done": false, "timesteps_total": null, "episodes_total": null, "training_iteration": 2, "neg_mean_loss": -1.4270585704803467, "experiment_id": "8a4b7e5fd89841f29c5597be0412a78a", "date": "2019-05-30_14-15-24", "timestamp": 1559250924, "time_this_iter_s": 7.793875217437744, "time_total_s": 20.08958339691162, "pid": 21731, "hostname": "steropes", "node_ip": "169.229.49.254", "config": {"starting_lr": 0.005, "momentum": 0.95, "weight_decay": 0.001, "steps_per_iteration": null, "pin": false, "model_creator": null, "target_batch_size": 1024, "model_string": "resnet18", "min_batch_size": 512, "dataset": "CIFAR", "placement": null, "use_nccl": true, "devices_per_worker": 1, "primary_resource": "extra_gpu", "gpu": false, "verbose": false, "lr_config": {"mode": "log", "steps": 5, "initial_lr": 0.005, "target_lr": 0.005}, "batch_per_device": 1024}, "time_since_restore": 20.08958339691162, "timesteps_since_restore": 0, "iterations_since_restore": 2, "mean_throughput": 5973.19137200817, "atoms": 1, "resource_time": 20.08958339691162}
{"apply": 0.007734370231628418, "batch_time": 0.13205316066741943, "d2h": 0.006950998306274414, "data_time": 0.054520568069146604, "fwd": 0.032651686668396, "get_state_time_mean": NaN, "get_state_time_total": 0.0, "grad": 0.048477792739868165, "mean_accuracy": 0.5101000070571899, "mean_loss": 1.3400069948196411, "neg_mean_accuracy": -0.5101000070571899, "set_state_time_mean": NaN, "set_state_time_total": 0.0, "setup_model_time_mean": NaN, "setup_model_time_total": 0.0, "setup_proc_time_mean": NaN, "setup_proc_time_total": 0.0, "train_accuracy": 0.4809799790382385, "train_loss": 1.418329233894348, "training_time_mean": NaN, "training_time_total": 0.0, "validation_time_mean": NaN, "validation_time_total": 0.0, "samples": 60000, "num_workers": 1, "done": false, "timesteps_total": null, "episodes_total": null, "training_iteration": 3, "neg_mean_loss": -1.3400069948196411, "experiment_id": "8a4b7e5fd89841f29c5597be0412a78a", "date": "2019-05-30_14-15-33", "timestamp": 1559250933, "time_this_iter_s": 8.830704927444458, "time_total_s": 28.92028832435608, "pid": 21731, "hostname": "steropes", "node_ip": "169.229.49.254", "config": {"starting_lr": 0.005, "momentum": 0.95, "weight_decay": 0.001, "steps_per_iteration": null, "pin": false, "model_creator": null, "target_batch_size": 1024, "model_string": "resnet18", "min_batch_size": 512, "dataset": "CIFAR", "placement": null, "use_nccl": true, "devices_per_worker": 1, "primary_resource": "extra_gpu", "gpu": false, "verbose": false, "lr_config": {"mode": "log", "steps": 5, "initial_lr": 0.005, "target_lr": 0.005}, "batch_per_device": 1024}, "time_since_restore": 28.92028832435608, "timesteps_since_restore": 0, "iterations_since_restore": 3, "mean_throughput": 6223.9473841691, "atoms": 1, "resource_time": 28.92028832435608}
{"apply": 0.008588790893554688, "batch_time": 0.13609325885772705, "d2h": 0.006052088737487793, "data_time": 0.04259484641406001, "fwd": 0.026804614067077636, "get_state_time_mean": NaN, "get_state_time_total": 0.0, "grad": 0.04898333549499512, "mean_accuracy": 0.5489000082015991, "mean_loss": 1.2505323984146117, "neg_mean_accuracy": -0.5489000082015991, "set_state_time_mean": NaN, "set_state_time_total": 0.0, "setup_model_time_mean": NaN, "setup_model_time_total": 0.0, "setup_proc_time_mean": NaN, "setup_proc_time_total": 0.0, "train_accuracy": 0.5179600119590759, "train_loss": 1.3322640998840332, "training_time_mean": NaN, "training_time_total": 0.0, "validation_time_mean": NaN, "validation_time_total": 0.0, "samples": 60000, "num_workers": 1, "done": false, "timesteps_total": null, "episodes_total": null, "training_iteration": 4, "neg_mean_loss": -1.2505323984146117, "experiment_id": "8a4b7e5fd89841f29c5597be0412a78a", "date": "2019-05-30_14-15-41", "timestamp": 1559250941, "time_this_iter_s": 8.158842325210571, "time_total_s": 37.07913064956665, "pid": 21731, "hostname": "steropes", "node_ip": "169.229.49.254", "config": {"starting_lr": 0.005, "momentum": 0.95, "weight_decay": 0.001, "steps_per_iteration": null, "pin": false, "model_creator": null, "target_batch_size": 1024, "model_string": "resnet18", "min_batch_size": 512, "dataset": "CIFAR", "placement": null, "use_nccl": true, "devices_per_worker": 1, "primary_resource": "extra_gpu", "gpu": false, "verbose": false, "lr_config": {"mode": "log", "steps": 5, "initial_lr": 0.005, "target_lr": 0.005}, "batch_per_device": 1024}, "time_since_restore": 37.07913064956665, "timesteps_since_restore": 0, "iterations_since_restore": 4, "mean_throughput": 6472.582815740847, "atoms": 1, "resource_time": 37.07913064956665}
{"apply": 0.007125377655029297, "batch_time": 0.12668442726135254, "d2h": 0.005097651481628418, "data_time": 0.045283064550283005, "fwd": 0.025008106231689455, "get_state_time_mean": NaN, "get_state_time_total": 0.0, "grad": 0.049941730499267575, "mean_accuracy": 0.569599986076355, "mean_loss": 1.1977990676879884, "neg_mean_accuracy": -0.569599986076355, "set_state_time_mean": NaN, "set_state_time_total": 0.0, "setup_model_time_mean": NaN, "setup_model_time_total": 0.0, "setup_proc_time_mean": NaN, "setup_proc_time_total": 0.0, "train_accuracy": 0.5494199991226196, "train_loss": 1.2445115696334839, "training_time_mean": NaN, "training_time_total": 0.0, "validation_time_mean": NaN, "validation_time_total": 0.0, "samples": 60000, "num_workers": 1, "done": false, "timesteps_total": null, "episodes_total": null, "training_iteration": 5, "neg_mean_loss": -1.1977990676879884, "experiment_id": "8a4b7e5fd89841f29c5597be0412a78a", "date": "2019-05-30_14-15-49", "timestamp": 1559250949, "time_this_iter_s": 7.981595277786255, "time_total_s": 45.060725927352905, "pid": 21731, "hostname": "steropes", "node_ip": "169.229.49.254", "config": {"starting_lr": 0.005, "momentum": 0.95, "weight_decay": 0.001, "steps_per_iteration": null, "pin": false, "model_creator": null, "target_batch_size": 1024, "model_string": "resnet18", "min_batch_size": 512, "dataset": "CIFAR", "placement": null, "use_nccl": true, "devices_per_worker": 1, "primary_resource": "extra_gpu", "gpu": false, "verbose": false, "lr_config": {"mode": "log", "steps": 5, "initial_lr": 0.005, "target_lr": 0.005}, "batch_per_device": 1024}, "time_since_restore": 45.060725927352905, "timesteps_since_restore": 0, "iterations_since_restore": 5, "mean_throughput": 6657.618105148425, "atoms": 1, "resource_time": 45.060725927352905}
{"apply": 0.008378076553344726, "batch_time": 0.13236591815948487, "d2h": 0.0046586751937866214, "data_time": 0.042835011774179886, "fwd": 0.023917603492736816, "get_state_time_mean": NaN, "get_state_time_total": 0.0, "grad": 0.04570746421813965, "mean_accuracy": 0.5949000120162964, "mean_loss": 1.1337279760360717, "neg_mean_accuracy": -0.5949000120162964, "set_state_time_mean": NaN, "set_state_time_total": 0.0, "setup_model_time_mean": NaN, "setup_model_time_total": 0.0, "setup_proc_time_mean": NaN, "setup_proc_time_total": 0.0, "train_accuracy": 0.5712199807167053, "train_loss": 1.1849650369262694, "training_time_mean": NaN, "training_time_total": 0.0, "validation_time_mean": NaN, "validation_time_total": 0.0, "samples": 60000, "num_workers": 1, "done": false, "timesteps_total": null, "episodes_total": null, "training_iteration": 6, "neg_mean_loss": -1.1337279760360717, "experiment_id": "8a4b7e5fd89841f29c5597be0412a78a", "date": "2019-05-30_14-15-57", "timestamp": 1559250957, "time_this_iter_s": 8.220425128936768, "time_total_s": 53.28115105628967, "pid": 21731, "hostname": "steropes", "node_ip": "169.229.49.254", "config": {"starting_lr": 0.005, "momentum": 0.95, "weight_decay": 0.001, "steps_per_iteration": null, "pin": false, "model_creator": null, "target_batch_size": 1024, "model_string": "resnet18", "min_batch_size": 512, "dataset": "CIFAR", "placement": null, "use_nccl": true, "devices_per_worker": 1, "primary_resource": "extra_gpu", "gpu": false, "verbose": false, "lr_config": {"mode": "log", "steps": 5, "initial_lr": 0.005, "target_lr": 0.005}, "batch_per_device": 1024}, "time_since_restore": 53.28115105628967, "timesteps_since_restore": 0, "iterations_since_restore": 6, "mean_throughput": 7319.596455254557, "atoms": 1, "resource_time": 53.28115105628967}
{"apply": 0.008276534080505372, "batch_time": 0.13384668827056884, "d2h": 0.005918025970458984, "data_time": 0.032872749834644555, "fwd": 0.026238417625427245, "get_state_time_mean": NaN, "get_state_time_total": 0.0, "grad": 0.04905829429626465, "mean_accuracy": 0.5825999975204468, "mean_loss": 1.1770197982788086, "neg_mean_accuracy": -0.5825999975204468, "set_state_time_mean": NaN, "set_state_time_total": 0.0, "setup_model_time_mean": NaN, "setup_model_time_total": 0.0, "setup_proc_time_mean": NaN, "setup_proc_time_total": 0.0, "train_accuracy": 0.5956000089645386, "train_loss": 1.1222891988754273, "training_time_mean": NaN, "training_time_total": 0.0, "validation_time_mean": NaN, "validation_time_total": 0.0, "samples": 60000, "num_workers": 1, "done": false, "timesteps_total": null, "episodes_total": null, "training_iteration": 7, "neg_mean_loss": -1.1770197982788086, "experiment_id": "8a4b7e5fd89841f29c5597be0412a78a", "date": "2019-05-30_14-16-05", "timestamp": 1559250965, "time_this_iter_s": 8.066251516342163, "time_total_s": 61.347402572631836, "pid": 21731, "hostname": "steropes", "node_ip": "169.229.49.254", "config": {"starting_lr": 0.005, "momentum": 0.95, "weight_decay": 0.001, "steps_per_iteration": null, "pin": false, "model_creator": null, "target_batch_size": 1024, "model_string": "resnet18", "min_batch_size": 512, "dataset": "CIFAR", "placement": null, "use_nccl": true, "devices_per_worker": 1, "primary_resource": "extra_gpu", "gpu": false, "verbose": false, "lr_config": {"mode": "log", "steps": 5, "initial_lr": 0.005, "target_lr": 0.005}, "batch_per_device": 1024}, "time_since_restore": 61.347402572631836, "timesteps_since_restore": 0, "iterations_since_restore": 7, "mean_throughput": 7271.274405068003, "atoms": 1, "resource_time": 61.347402572631836}
{"apply": 0.00849311351776123, "batch_time": 0.12833814620971679, "d2h": 0.006751799583435058, "data_time": 0.04527164478691257, "fwd": 0.02862415313720703, "get_state_time_mean": NaN, "get_state_time_total": 0.0, "grad": 0.05389151573181152, "mean_accuracy": 0.6225000023841858, "mean_loss": 1.059745280456543, "neg_mean_accuracy": -0.6225000023841858, "set_state_time_mean": NaN, "set_state_time_total": 0.0, "setup_model_time_mean": NaN, "setup_model_time_total": 0.0, "setup_proc_time_mean": NaN, "setup_proc_time_total": 0.0, "train_accuracy": 0.6116399765014648, "train_loss": 1.0841794429779052, "training_time_mean": NaN, "training_time_total": 0.0, "validation_time_mean": NaN, "validation_time_total": 0.0, "samples": 60000, "num_workers": 1, "done": false, "timesteps_total": null, "episodes_total": null, "training_iteration": 8, "neg_mean_loss": -1.059745280456543, "experiment_id": "8a4b7e5fd89841f29c5597be0412a78a", "date": "2019-05-30_14-16-14", "timestamp": 1559250974, "time_this_iter_s": 8.53638744354248, "time_total_s": 69.88379001617432, "pid": 21731, "hostname": "steropes", "node_ip": "169.229.49.254", "config": {"starting_lr": 0.005, "momentum": 0.95, "weight_decay": 0.001, "steps_per_iteration": null, "pin": false, "model_creator": null, "target_batch_size": 1024, "model_string": "resnet18", "min_batch_size": 512, "dataset": "CIFAR", "placement": null, "use_nccl": true, "devices_per_worker": 1, "primary_resource": "extra_gpu", "gpu": false, "verbose": false, "lr_config": {"mode": "log", "steps": 5, "initial_lr": 0.005, "target_lr": 0.005}, "batch_per_device": 1024}, "time_since_restore": 69.88379001617432, "timesteps_since_restore": 0, "iterations_since_restore": 8, "mean_throughput": 7323.472962416516, "atoms": 1, "resource_time": 69.88379001617432}
{"apply": 0.006889462471008301, "batch_time": 0.12907631397247316, "d2h": 0.005073928833007812, "data_time": 0.04082523560037418, "fwd": 0.02843341827392578, "get_state_time_mean": NaN, "get_state_time_total": 0.0, "grad": 0.04867243766784668, "mean_accuracy": 0.6365999579429626, "mean_loss": 1.02376219997406, "neg_mean_accuracy": -0.6365999579429626, "set_state_time_mean": NaN, "set_state_time_total": 0.0, "setup_model_time_mean": NaN, "setup_model_time_total": 0.0, "setup_proc_time_mean": NaN, "setup_proc_time_total": 0.0, "train_accuracy": 0.6266599893569946, "train_loss": 1.0399062268829347, "training_time_mean": NaN, "training_time_total": 0.0, "validation_time_mean": NaN, "validation_time_total": 0.0, "samples": 60000, "num_workers": 1, "done": false, "timesteps_total": null, "episodes_total": null, "training_iteration": 9, "neg_mean_loss": -1.02376219997406, "experiment_id": "8a4b7e5fd89841f29c5597be0412a78a", "date": "2019-05-30_14-17-18", "timestamp": 1559251038, "time_this_iter_s": 8.123043775558472, "time_total_s": 78.00683379173279, "pid": 21731, "hostname": "steropes", "node_ip": "169.229.49.254", "config": {"starting_lr": 0.005, "momentum": 0.95, "weight_decay": 0.001, "steps_per_iteration": null, "pin": false, "model_creator": null, "target_batch_size": 1024, "model_string": "resnet18", "min_batch_size": 512, "dataset": "CIFAR", "placement": null, "use_nccl": true, "devices_per_worker": 1, "primary_resource": "extra_gpu", "gpu": false, "verbose": false, "lr_config": {"mode": "log", "steps": 5, "initial_lr": 0.005, "target_lr": 0.005}, "batch_per_device": 1024}, "time_since_restore": 78.00683379173279, "timesteps_since_restore": 0, "iterations_since_restore": 9, "mean_throughput": 7329.878365401343, "atoms": 1, "resource_time": 78.00683379173279}
{"apply": 0.007640981674194336, "batch_time": 0.13413374423980712, "d2h": 0.004500865936279297, "data_time": 0.039655232916072924, "fwd": 0.023534417152404785, "get_state_time_mean": NaN, "get_state_time_total": 0.0, "grad": 0.05450310707092285, "mean_accuracy": 0.6408999562263489, "mean_loss": 1.013580146598816, "neg_mean_accuracy": -0.6408999562263489, "set_state_time_mean": NaN, "set_state_time_total": 0.0, "setup_model_time_mean": NaN, "setup_model_time_total": 0.0, "setup_proc_time_mean": NaN, "setup_proc_time_total": 0.0, "train_accuracy": 0.6407600045204163, "train_loss": 1.00664414604187, "training_time_mean": NaN, "training_time_total": 0.0, "validation_time_mean": NaN, "validation_time_total": 0.0, "samples": 60000, "num_workers": 1, "done": false, "timesteps_total": null, "episodes_total": null, "training_iteration": 10, "neg_mean_loss": -1.013580146598816, "experiment_id": "8a4b7e5fd89841f29c5597be0412a78a", "date": "2019-05-30_14-17-26", "timestamp": 1559251046, "time_this_iter_s": 8.389051675796509, "time_total_s": 86.3958854675293, "pid": 21731, "hostname": "steropes", "node_ip": "169.229.49.254", "config": {"starting_lr": 0.005, "momentum": 0.95, "weight_decay": 0.001, "steps_per_iteration": null, "pin": false, "model_creator": null, "target_batch_size": 1024, "model_string": "resnet18", "min_batch_size": 512, "dataset": "CIFAR", "placement": null, "use_nccl": true, "devices_per_worker": 1, "primary_resource": "extra_gpu", "gpu": false, "verbose": false, "lr_config": {"mode": "log", "steps": 5, "initial_lr": 0.005, "target_lr": 0.005}, "batch_per_device": 1024}, "time_since_restore": 86.3958854675293, "timesteps_since_restore": 0, "iterations_since_restore": 10, "mean_throughput": 7257.627727513353, "atoms": 1, "resource_time": 86.3958854675293}
{"apply": 0.007363462448120117, "batch_time": 0.127695894241333, "d2h": 0.006734776496887207, "data_time": 0.03153703650649713, "fwd": 0.027027988433837892, "get_state_time_mean": NaN, "get_state_time_total": 0.0, "grad": 0.06410758495330811, "mean_accuracy": 0.6536999940872192, "mean_loss": 0.9772276854515076, "neg_mean_accuracy": -0.6536999940872192, "set_state_time_mean": NaN, "set_state_time_total": 0.0, "setup_model_time_mean": NaN, "setup_model_time_total": 0.0, "setup_proc_time_mean": NaN, "setup_proc_time_total": 0.0, "train_accuracy": 0.6512199640274048, "train_loss": 0.9762305129241944, "training_time_mean": NaN, "training_time_total": 0.0, "validation_time_mean": NaN, "validation_time_total": 0.0, "samples": 60000, "num_workers": 1, "done": false, "timesteps_total": null, "episodes_total": null, "training_iteration": 11, "neg_mean_loss": -0.9772276854515076, "experiment_id": "8a4b7e5fd89841f29c5597be0412a78a", "date": "2019-05-30_14-17-34", "timestamp": 1559251054, "time_this_iter_s": 7.984905481338501, "time_total_s": 94.3807909488678, "pid": 21731, "hostname": "steropes", "node_ip": "169.229.49.254", "config": {"starting_lr": 0.005, "momentum": 0.95, "weight_decay": 0.001, "steps_per_iteration": null, "pin": false, "model_creator": null, "target_batch_size": 1024, "model_string": "resnet18", "min_batch_size": 512, "dataset": "CIFAR", "placement": null, "use_nccl": true, "devices_per_worker": 1, "primary_resource": "extra_gpu", "gpu": false, "verbose": false, "lr_config": {"mode": "log", "steps": 5, "initial_lr": 0.005, "target_lr": 0.005}, "batch_per_device": 1024}, "time_since_restore": 94.3807909488678, "timesteps_since_restore": 0, "iterations_since_restore": 11, "mean_throughput": 7299.217543118864, "atoms": 1, "resource_time": 94.3807909488678}
{"apply": 0.00877552032470703, "batch_time": 0.12072978019714356, "d2h": 0.004487395286560059, "data_time": 0.04446691882853605, "fwd": 0.027773022651672363, "get_state_time_mean": NaN, "get_state_time_total": 0.0, "grad": 0.0442925214767456, "mean_accuracy": 0.6503999829292297, "mean_loss": 0.9968187070846558, "neg_mean_accuracy": -0.6503999829292297, "set_state_time_mean": NaN, "set_state_time_total": 0.0, "setup_model_time_mean": NaN, "setup_model_time_total": 0.0, "setup_proc_time_mean": NaN, "setup_proc_time_total": 0.0, "train_accuracy": 0.6616399884223938, "train_loss": 0.9494131215858459, "training_time_mean": NaN, "training_time_total": 0.0, "validation_time_mean": NaN, "validation_time_total": 0.0, "samples": 60000, "num_workers": 1, "done": false, "timesteps_total": null, "episodes_total": null, "training_iteration": 12, "neg_mean_loss": -0.9968187070846558, "experiment_id": "8a4b7e5fd89841f29c5597be0412a78a", "date": "2019-05-30_14-17-42", "timestamp": 1559251062, "time_this_iter_s": 7.578003406524658, "time_total_s": 101.95879435539246, "pid": 21731, "hostname": "steropes", "node_ip": "169.229.49.254", "config": {"starting_lr": 0.005, "momentum": 0.95, "weight_decay": 0.001, "steps_per_iteration": null, "pin": false, "model_creator": null, "target_batch_size": 1024, "model_string": "resnet18", "min_batch_size": 512, "dataset": "CIFAR", "placement": null, "use_nccl": true, "devices_per_worker": 1, "primary_resource": "extra_gpu", "gpu": false, "verbose": false, "lr_config": {"mode": "log", "steps": 5, "initial_lr": 0.005, "target_lr": 0.005}, "batch_per_device": 1024}, "time_since_restore": 101.95879435539246, "timesteps_since_restore": 0, "iterations_since_restore": 12, "mean_throughput": 7386.970503426177, "atoms": 1, "resource_time": 101.95879435539246}
{"apply": 0.008139419555664062, "batch_time": 0.11370794773101807, "d2h": 0.004042506217956543, "data_time": 0.05127544792330995, "fwd": 0.021063470840454103, "get_state_time_mean": NaN, "get_state_time_total": 0.0, "grad": 0.0418487548828125, "mean_accuracy": 0.6678000092506409, "mean_loss": 0.9364198805809021, "neg_mean_accuracy": -0.6678000092506409, "set_state_time_mean": NaN, "set_state_time_total": 0.0, "setup_model_time_mean": NaN, "setup_model_time_total": 0.0, "setup_proc_time_mean": NaN, "setup_proc_time_total": 0.0, "train_accuracy": 0.6734399795532227, "train_loss": 0.9156374244689941, "training_time_mean": NaN, "training_time_total": 0.0, "validation_time_mean": NaN, "validation_time_total": 0.0, "samples": 60000, "num_workers": 1, "done": false, "timesteps_total": null, "episodes_total": null, "training_iteration": 13, "neg_mean_loss": -0.9364198805809021, "experiment_id": "8a4b7e5fd89841f29c5597be0412a78a", "date": "2019-05-30_14-17-49", "timestamp": 1559251069, "time_this_iter_s": 7.509348630905151, "time_total_s": 109.46814298629761, "pid": 21731, "hostname": "steropes", "node_ip": "169.229.49.254", "config": {"starting_lr": 0.005, "momentum": 0.95, "weight_decay": 0.001, "steps_per_iteration": null, "pin": false, "model_creator": null, "target_batch_size": 1024, "model_string": "resnet18", "min_batch_size": 512, "dataset": "CIFAR", "placement": null, "use_nccl": true, "devices_per_worker": 1, "primary_resource": "extra_gpu", "gpu": false, "verbose": false, "lr_config": {"mode": "log", "steps": 5, "initial_lr": 0.005, "target_lr": 0.005}, "batch_per_device": 1024}, "time_since_restore": 109.46814298629761, "timesteps_since_restore": 0, "iterations_since_restore": 13, "mean_throughput": 7578.675869763938, "atoms": 1, "resource_time": 109.46814298629761}
{"apply": 0.008075368404388428, "batch_time": 0.11254230737686158, "d2h": 0.0028011322021484373, "data_time": 0.012174912861415317, "fwd": 0.049609816074371337, "get_state_time_mean": NaN, "get_state_time_total": 0.0, "grad": 0.11966997385025024, "mean_accuracy": 0.6794999837875366, "mean_loss": 0.9186964476108551, "neg_mean_accuracy": -0.6794999837875366, "set_state_time_mean": 3.5129613876342773, "set_state_time_total": 3.5129613876342773, "setup_model_time_mean": 12.779744744300842, "setup_model_time_total": 12.779744744300842, "setup_proc_time_mean": 1.3595186471939087, "setup_proc_time_total": 1.3595186471939087, "train_accuracy": 0.6850000023841858, "train_loss": 0.882052904510498, "training_time_mean": NaN, "training_time_total": 0.0, "validation_time_mean": NaN, "validation_time_total": 0.0, "samples": 60000, "num_workers": 2, "done": false, "timesteps_total": null, "episodes_total": null, "training_iteration": 14, "neg_mean_loss": -0.9186964476108551, "experiment_id": "8a4b7e5fd89841f29c5597be0412a78a", "date": "2019-05-30_14-18-29", "timestamp": 1559251109, "time_this_iter_s": 8.286158084869385, "time_total_s": 117.75430107116699, "pid": 27459, "hostname": "steropes", "node_ip": "169.229.49.254", "config": {"starting_lr": 0.005, "momentum": 0.95, "weight_decay": 0.001, "steps_per_iteration": null, "pin": false, "model_creator": null, "target_batch_size": 1024, "model_string": "resnet18", "min_batch_size": 512, "dataset": "CIFAR", "placement": null, "use_nccl": true, "devices_per_worker": 1, "primary_resource": "extra_gpu", "gpu": false, "verbose": false, "lr_config": {"mode": "log", "steps": 5, "initial_lr": 0.005, "target_lr": 0.005}, "batch_per_device": 512}, "time_since_restore": 8.286158084869385, "timesteps_since_restore": 0, "iterations_since_restore": 1, "mean_throughput": 7240.894589060821, "atoms": 2, "resource_time": 126.04045915603638}
{"apply": 0.007360470294952392, "batch_time": 0.08340065479278565, "d2h": 0.003087270259857178, "data_time": 0.012052742802366918, "fwd": 0.01700206995010376, "get_state_time_mean": NaN, "get_state_time_total": 0.0, "grad": 0.04736733436584473, "mean_accuracy": 0.6880999803543091, "mean_loss": 0.8808247921943664, "neg_mean_accuracy": -0.6880999803543091, "set_state_time_mean": NaN, "set_state_time_total": 0.0, "setup_model_time_mean": NaN, "setup_model_time_total": 0.0, "setup_proc_time_mean": NaN, "setup_proc_time_total": 0.0, "train_accuracy": 0.6909599900245667, "train_loss": 0.8649235972499847, "training_time_mean": NaN, "training_time_total": 0.0, "validation_time_mean": NaN, "validation_time_total": 0.0, "samples": 60000, "num_workers": 2, "done": false, "timesteps_total": null, "episodes_total": null, "training_iteration": 15, "neg_mean_loss": -0.8808247921943664, "experiment_id": "8a4b7e5fd89841f29c5597be0412a78a", "date": "2019-05-30_14-18-35", "timestamp": 1559251115, "time_this_iter_s": 5.796171426773071, "time_total_s": 123.55047249794006, "pid": 27459, "hostname": "steropes", "node_ip": "169.229.49.254", "config": {"starting_lr": 0.005, "momentum": 0.95, "weight_decay": 0.001, "steps_per_iteration": null, "pin": false, "model_creator": null, "target_batch_size": 1024, "model_string": "resnet18", "min_batch_size": 512, "dataset": "CIFAR", "placement": null, "use_nccl": true, "devices_per_worker": 1, "primary_resource": "extra_gpu", "gpu": false, "verbose": false, "lr_config": {"mode": "log", "steps": 5, "initial_lr": 0.005, "target_lr": 0.005}, "batch_per_device": 512}, "time_since_restore": 14.082329511642456, "timesteps_since_restore": 0, "iterations_since_restore": 2, "mean_throughput": 8521.20202204398, "atoms": 2, "resource_time": 137.63280200958252}
{"apply": 0.007664906978607178, "batch_time": 0.07839521169662475, "d2h": 0.003125572204589844, "data_time": 0.012322401513858716, "fwd": 0.02004503011703491, "get_state_time_mean": NaN, "get_state_time_total": 0.0, "grad": 0.05343524217605591, "mean_accuracy": 0.6747999787330627, "mean_loss": 0.9439550897598266, "neg_mean_accuracy": -0.6747999787330627, "set_state_time_mean": NaN, "set_state_time_total": 0.0, "setup_model_time_mean": NaN, "setup_model_time_total": 0.0, "setup_proc_time_mean": NaN, "setup_proc_time_total": 0.0, "train_accuracy": 0.6966399550437927, "train_loss": 0.8468656981658935, "training_time_mean": NaN, "training_time_total": 0.0, "validation_time_mean": NaN, "validation_time_total": 0.0, "samples": 60000, "num_workers": 2, "done": false, "timesteps_total": null, "episodes_total": null, "training_iteration": 16, "neg_mean_loss": -0.9439550897598266, "experiment_id": "8a4b7e5fd89841f29c5597be0412a78a", "date": "2019-05-30_14-18-41", "timestamp": 1559251121, "time_this_iter_s": 5.810869216918945, "time_total_s": 129.361341714859, "pid": 27459, "hostname": "steropes", "node_ip": "169.229.49.254", "config": {"starting_lr": 0.005, "momentum": 0.95, "weight_decay": 0.001, "steps_per_iteration": null, "pin": false, "model_creator": null, "target_batch_size": 1024, "model_string": "resnet18", "min_batch_size": 512, "dataset": "CIFAR", "placement": null, "use_nccl": true, "devices_per_worker": 1, "primary_resource": "extra_gpu", "gpu": false, "verbose": false, "lr_config": {"mode": "log", "steps": 5, "initial_lr": 0.005, "target_lr": 0.005}, "batch_per_device": 512}, "time_since_restore": 19.8931987285614, "timesteps_since_restore": 0, "iterations_since_restore": 3, "mean_throughput": 9048.197249922285, "atoms": 2, "resource_time": 149.2545404434204}
{"apply": 0.008045482635498046, "batch_time": 0.08435239791870117, "d2h": 0.0049698114395141605, "data_time": 0.0126611699863356, "fwd": 0.02250815629959106, "get_state_time_mean": NaN, "get_state_time_total": 0.0, "grad": 0.05904201269149781, "mean_accuracy": 0.7012999653816223, "mean_loss": 0.8541216554641724, "neg_mean_accuracy": -0.7012999653816223, "set_state_time_mean": NaN, "set_state_time_total": 0.0, "setup_model_time_mean": NaN, "setup_model_time_total": 0.0, "setup_proc_time_mean": NaN, "setup_proc_time_total": 0.0, "train_accuracy": 0.7091599702835083, "train_loss": 0.8177545277404785, "training_time_mean": NaN, "training_time_total": 0.0, "validation_time_mean": NaN, "validation_time_total": 0.0, "samples": 60000, "num_workers": 2, "done": false, "timesteps_total": null, "episodes_total": null, "training_iteration": 17, "neg_mean_loss": -0.8541216554641724, "experiment_id": "8a4b7e5fd89841f29c5597be0412a78a", "date": "2019-05-30_14-18-47", "timestamp": 1559251127, "time_this_iter_s": 6.076372146606445, "time_total_s": 135.43771386146545, "pid": 27459, "hostname": "steropes", "node_ip": "169.229.49.254", "config": {"starting_lr": 0.005, "momentum": 0.95, "weight_decay": 0.001, "steps_per_iteration": null, "pin": false, "model_creator": null, "target_batch_size": 1024, "model_string": "resnet18", "min_batch_size": 512, "dataset": "CIFAR", "placement": null, "use_nccl": true, "devices_per_worker": 1, "primary_resource": "extra_gpu", "gpu": false, "verbose": false, "lr_config": {"mode": "log", "steps": 5, "initial_lr": 0.005, "target_lr": 0.005}, "batch_per_device": 512}, "time_since_restore": 25.969570875167847, "timesteps_since_restore": 0, "iterations_since_restore": 4, "mean_throughput": 9241.46270029636, "atoms": 2, "resource_time": 161.4072847366333}
{"apply": 0.00818929672241211, "batch_time": 0.08295007944107055, "d2h": 0.00340808629989624, "data_time": 0.012233700071062361, "fwd": 0.017866837978363036, "get_state_time_mean": NaN, "get_state_time_total": 0.0, "grad": 0.057139921188354495, "mean_accuracy": 0.6990000009536743, "mean_loss": 0.8589465473651886, "neg_mean_accuracy": -0.6990000009536743, "set_state_time_mean": NaN, "set_state_time_total": 0.0, "setup_model_time_mean": NaN, "setup_model_time_total": 0.0, "setup_proc_time_mean": NaN, "setup_proc_time_total": 0.0, "train_accuracy": 0.7174599766731262, "train_loss": 0.7946184333992005, "training_time_mean": NaN, "training_time_total": 0.0, "validation_time_mean": NaN, "validation_time_total": 0.0, "samples": 60000, "num_workers": 2, "done": false, "timesteps_total": null, "episodes_total": null, "training_iteration": 18, "neg_mean_loss": -0.8589465473651886, "experiment_id": "8a4b7e5fd89841f29c5597be0412a78a", "date": "2019-05-30_14-18-52", "timestamp": 1559251132, "time_this_iter_s": 5.693335771560669, "time_total_s": 141.13104963302612, "pid": 27459, "hostname": "steropes", "node_ip": "169.229.49.254", "config": {"starting_lr": 0.005, "momentum": 0.95, "weight_decay": 0.001, "steps_per_iteration": null, "pin": false, "model_creator": null, "target_batch_size": 1024, "model_string": "resnet18", "min_batch_size": 512, "dataset": "CIFAR", "placement": null, "use_nccl": true, "devices_per_worker": 1, "primary_resource": "extra_gpu", "gpu": false, "verbose": false, "lr_config": {"mode": "log", "steps": 5, "initial_lr": 0.005, "target_lr": 0.005}, "batch_per_device": 512}, "time_since_restore": 31.662906646728516, "timesteps_since_restore": 0, "iterations_since_restore": 5, "mean_throughput": 9474.682448145855, "atoms": 2, "resource_time": 172.79395627975464}
{"apply": 0.007501637935638428, "batch_time": 0.08216871023178102, "d2h": 0.003110826015472412, "data_time": 0.011912589170494859, "fwd": 0.01742507219314575, "get_state_time_mean": NaN, "get_state_time_total": 0.0, "grad": 0.04672985076904297, "mean_accuracy": 0.6917999982833862, "mean_loss": 0.8699489441871644, "neg_mean_accuracy": -0.6917999982833862, "set_state_time_mean": NaN, "set_state_time_total": 0.0, "setup_model_time_mean": NaN, "setup_model_time_total": 0.0, "setup_proc_time_mean": NaN, "setup_proc_time_total": 0.0, "train_accuracy": 0.7226999998092651, "train_loss": 0.7762087017440796, "training_time_mean": NaN, "training_time_total": 0.0, "validation_time_mean": NaN, "validation_time_total": 0.0, "samples": 60000, "num_workers": 2, "done": false, "timesteps_total": null, "episodes_total": null, "training_iteration": 19, "neg_mean_loss": -0.8699489441871644, "experiment_id": "8a4b7e5fd89841f29c5597be0412a78a", "date": "2019-05-30_14-18-58", "timestamp": 1559251138, "time_this_iter_s": 5.6745524406433105, "time_total_s": 146.80560207366943, "pid": 27459, "hostname": "steropes", "node_ip": "169.229.49.254", "config": {"starting_lr": 0.005, "momentum": 0.95, "weight_decay": 0.001, "steps_per_iteration": null, "pin": false, "model_creator": null, "target_batch_size": 1024, "model_string": "resnet18", "min_batch_size": 512, "dataset": "CIFAR", "placement": null, "use_nccl": true, "devices_per_worker": 1, "primary_resource": "extra_gpu", "gpu": false, "verbose": false, "lr_config": {"mode": "log", "steps": 5, "initial_lr": 0.005, "target_lr": 0.005}, "batch_per_device": 512}, "time_since_restore": 37.337459087371826, "timesteps_since_restore": 0, "iterations_since_restore": 6, "mean_throughput": 10326.420153058756, "atoms": 2, "resource_time": 184.14306116104126}
{"apply": 0.0077999353408813475, "batch_time": 0.08377138376235962, "d2h": 0.002880239486694336, "data_time": 0.013359651273610641, "fwd": 0.019235455989837648, "get_state_time_mean": NaN, "get_state_time_total": 0.0, "grad": 0.0462554931640625, "mean_accuracy": 0.7131999731063843, "mean_loss": 0.8258821735858917, "neg_mean_accuracy": -0.7131999731063843, "set_state_time_mean": NaN, "set_state_time_total": 0.0, "setup_model_time_mean": NaN, "setup_model_time_total": 0.0, "setup_proc_time_mean": NaN, "setup_proc_time_total": 0.0, "train_accuracy": 0.7278399467468262, "train_loss": 0.7629062057209015, "training_time_mean": NaN, "training_time_total": 0.0, "validation_time_mean": NaN, "validation_time_total": 0.0, "samples": 60000, "num_workers": 2, "done": false, "timesteps_total": null, "episodes_total": null, "training_iteration": 20, "neg_mean_loss": -0.8258821735858917, "experiment_id": "8a4b7e5fd89841f29c5597be0412a78a", "date": "2019-05-30_14-19-04", "timestamp": 1559251144, "time_this_iter_s": 6.107876300811768, "time_total_s": 152.9134783744812, "pid": 27459, "hostname": "steropes", "node_ip": "169.229.49.254", "config": {"starting_lr": 0.005, "momentum": 0.95, "weight_decay": 0.001, "steps_per_iteration": null, "pin": false, "model_creator": null, "target_batch_size": 1024, "model_string": "resnet18", "min_batch_size": 512, "dataset": "CIFAR", "placement": null, "use_nccl": true, "devices_per_worker": 1, "primary_resource": "extra_gpu", "gpu": false, "verbose": false, "lr_config": {"mode": "log", "steps": 5, "initial_lr": 0.005, "target_lr": 0.005}, "batch_per_device": 512}, "time_since_restore": 43.445335388183594, "timesteps_since_restore": 0, "iterations_since_restore": 7, "mean_throughput": 10216.799434428844, "atoms": 2, "resource_time": 196.3588137626648}
{"apply": 0.007833909988403321, "batch_time": 0.08015923500061034, "d2h": 0.0031336069107055662, "data_time": 0.011469792346565092, "fwd": 0.017755496501922607, "get_state_time_mean": NaN, "get_state_time_total": 0.0, "grad": 0.04753121137619019, "mean_accuracy": 0.7204999923706055, "mean_loss": 0.8094260076522828, "neg_mean_accuracy": -0.7204999923706055, "set_state_time_mean": NaN, "set_state_time_total": 0.0, "setup_model_time_mean": NaN, "setup_model_time_total": 0.0, "setup_proc_time_mean": NaN, "setup_proc_time_total": 0.0, "train_accuracy": 0.7389999628067017, "train_loss": 0.7358623021316528, "training_time_mean": NaN, "training_time_total": 0.0, "validation_time_mean": NaN, "validation_time_total": 0.0, "samples": 60000, "num_workers": 2, "done": false, "timesteps_total": null, "episodes_total": null, "training_iteration": 21, "neg_mean_loss": -0.8094260076522828, "experiment_id": "8a4b7e5fd89841f29c5597be0412a78a", "date": "2019-05-30_14-19-10", "timestamp": 1559251150, "time_this_iter_s": 5.958276748657227, "time_total_s": 158.87175512313843, "pid": 27459, "hostname": "steropes", "node_ip": "169.229.49.254", "config": {"starting_lr": 0.005, "momentum": 0.95, "weight_decay": 0.001, "steps_per_iteration": null, "pin": false, "model_creator": null, "target_batch_size": 1024, "model_string": "resnet18", "min_batch_size": 512, "dataset": "CIFAR", "placement": null, "use_nccl": true, "devices_per_worker": 1, "primary_resource": "extra_gpu", "gpu": false, "verbose": false, "lr_config": {"mode": "log", "steps": 5, "initial_lr": 0.005, "target_lr": 0.005}, "batch_per_device": 512}, "time_since_restore": 49.40361213684082, "timesteps_since_restore": 0, "iterations_since_restore": 8, "mean_throughput": 10165.714915182582, "atoms": 2, "resource_time": 208.27536725997925}
{"apply": 0.007935774326324464, "batch_time": 0.08550175428390502, "d2h": 0.002907693386077881, "data_time": 0.012629399494248992, "fwd": 0.017104053497314455, "get_state_time_mean": NaN, "get_state_time_total": 0.0, "grad": 0.04760432243347168, "mean_accuracy": 0.715399980545044, "mean_loss": 0.8192193415164948, "neg_mean_accuracy": -0.715399980545044, "set_state_time_mean": NaN, "set_state_time_total": 0.0, "setup_model_time_mean": NaN, "setup_model_time_total": 0.0, "setup_proc_time_mean": NaN, "setup_proc_time_total": 0.0, "train_accuracy": 0.7423999905586243, "train_loss": 0.7232036103153229, "training_time_mean": NaN, "training_time_total": 0.0, "validation_time_mean": NaN, "validation_time_total": 0.0, "samples": 60000, "num_workers": 2, "done": false, "timesteps_total": null, "episodes_total": null, "training_iteration": 22, "neg_mean_loss": -0.8192193415164948, "experiment_id": "8a4b7e5fd89841f29c5597be0412a78a", "date": "2019-05-30_14-19-16", "timestamp": 1559251156, "time_this_iter_s": 5.975226640701294, "time_total_s": 164.84698176383972, "pid": 27459, "hostname": "steropes", "node_ip": "169.229.49.254", "config": {"starting_lr": 0.005, "momentum": 0.95, "weight_decay": 0.001, "steps_per_iteration": null, "pin": false, "model_creator": null, "target_batch_size": 1024, "model_string": "resnet18", "min_batch_size": 512, "dataset": "CIFAR", "placement": null, "use_nccl": true, "devices_per_worker": 1, "primary_resource": "extra_gpu", "gpu": false, "verbose": false, "lr_config": {"mode": "log", "steps": 5, "initial_lr": 0.005, "target_lr": 0.005}, "batch_per_device": 512}, "time_since_restore": 55.378838777542114, "timesteps_since_restore": 0, "iterations_since_restore": 9, "mean_throughput": 10200.673613971449, "atoms": 2, "resource_time": 220.22582054138184}
{"apply": 0.007649636268615723, "batch_time": 0.08061225414276123, "d2h": 0.0029716014862060545, "data_time": 0.01219056090530084, "fwd": 0.0177884578704834, "get_state_time_mean": NaN, "get_state_time_total": 0.0, "grad": 0.04620729684829712, "mean_accuracy": 0.7170999646186829, "mean_loss": 0.8185112735271454, "neg_mean_accuracy": -0.7170999646186829, "set_state_time_mean": NaN, "set_state_time_total": 0.0, "setup_model_time_mean": NaN, "setup_model_time_total": 0.0, "setup_proc_time_mean": NaN, "setup_proc_time_total": 0.0, "train_accuracy": 0.7470599412918091, "train_loss": 0.7144533464813232, "training_time_mean": NaN, "training_time_total": 0.0, "validation_time_mean": NaN, "validation_time_total": 0.0, "samples": 60000, "num_workers": 2, "done": false, "timesteps_total": null, "episodes_total": null, "training_iteration": 23, "neg_mean_loss": -0.8185112735271454, "experiment_id": "8a4b7e5fd89841f29c5597be0412a78a", "date": "2019-05-30_14-19-22", "timestamp": 1559251162, "time_this_iter_s": 6.058860778808594, "time_total_s": 170.90584254264832, "pid": 27459, "hostname": "steropes", "node_ip": "169.229.49.254", "config": {"starting_lr": 0.005, "momentum": 0.95, "weight_decay": 0.001, "steps_per_iteration": null, "pin": false, "model_creator": null, "target_batch_size": 1024, "model_string": "resnet18", "min_batch_size": 512, "dataset": "CIFAR", "placement": null, "use_nccl": true, "devices_per_worker": 1, "primary_resource": "extra_gpu", "gpu": false, "verbose": false, "lr_config": {"mode": "log", "steps": 5, "initial_lr": 0.005, "target_lr": 0.005}, "batch_per_device": 512}, "time_since_restore": 61.43769955635071, "timesteps_since_restore": 0, "iterations_since_restore": 10, "mean_throughput": 10075.4484450679, "atoms": 2, "resource_time": 232.34354209899902}
{"apply": 0.007561588287353516, "batch_time": 0.0868332028388977, "d2h": 0.0027432799339294437, "data_time": 0.01308240695875518, "fwd": 0.017225539684295653, "get_state_time_mean": NaN, "get_state_time_total": 0.0, "grad": 0.04563641548156738, "mean_accuracy": 0.7261999845504761, "mean_loss": 0.8008473955631257, "neg_mean_accuracy": -0.7261999845504761, "set_state_time_mean": NaN, "set_state_time_total": 0.0, "setup_model_time_mean": NaN, "setup_model_time_total": 0.0, "setup_proc_time_mean": NaN, "setup_proc_time_total": 0.0, "train_accuracy": 0.7515199780464172, "train_loss": 0.6970447851943969, "training_time_mean": NaN, "training_time_total": 0.0, "validation_time_mean": NaN, "validation_time_total": 0.0, "samples": 60000, "num_workers": 2, "done": false, "timesteps_total": null, "episodes_total": null, "training_iteration": 24, "neg_mean_loss": -0.8008473955631257, "experiment_id": "8a4b7e5fd89841f29c5597be0412a78a", "date": "2019-05-30_14-19-28", "timestamp": 1559251168, "time_this_iter_s": 5.947176456451416, "time_total_s": 176.85301899909973, "pid": 27459, "hostname": "steropes", "node_ip": "169.229.49.254", "config": {"starting_lr": 0.005, "momentum": 0.95, "weight_decay": 0.001, "steps_per_iteration": null, "pin": false, "model_creator": null, "target_batch_size": 1024, "model_string": "resnet18", "min_batch_size": 512, "dataset": "CIFAR", "placement": null, "use_nccl": true, "devices_per_worker": 1, "primary_resource": "extra_gpu", "gpu": false, "verbose": false, "lr_config": {"mode": "log", "steps": 5, "initial_lr": 0.005, "target_lr": 0.005}, "batch_per_device": 512}, "time_since_restore": 67.38487601280212, "timesteps_since_restore": 0, "iterations_since_restore": 11, "mean_throughput": 9984.03439933727, "atoms": 2, "resource_time": 244.23789501190186}
{"apply": 0.007522463798522949, "batch_time": 0.0817557692527771, "d2h": 0.0027676701545715334, "data_time": 0.011672416511847049, "fwd": 0.017975008487701415, "get_state_time_mean": NaN, "get_state_time_total": 0.0, "grad": 0.04674735069274902, "mean_accuracy": 0.7297999858856201, "mean_loss": 0.7830614643573761, "neg_mean_accuracy": -0.7297999858856201, "set_state_time_mean": NaN, "set_state_time_total": 0.0, "setup_model_time_mean": NaN, "setup_model_time_total": 0.0, "setup_proc_time_mean": NaN, "setup_proc_time_total": 0.0, "train_accuracy": 0.7564799785614014, "train_loss": 0.676732115573883, "training_time_mean": NaN, "training_time_total": 0.0, "validation_time_mean": NaN, "validation_time_total": 0.0, "samples": 60000, "num_workers": 2, "done": false, "timesteps_total": null, "episodes_total": null, "training_iteration": 25, "neg_mean_loss": -0.7830614643573761, "experiment_id": "8a4b7e5fd89841f29c5597be0412a78a", "date": "2019-05-30_14-19-34", "timestamp": 1559251174, "time_this_iter_s": 5.649073839187622, "time_total_s": 182.50209283828735, "pid": 27459, "hostname": "steropes", "node_ip": "169.229.49.254", "config": {"starting_lr": 0.005, "momentum": 0.95, "weight_decay": 0.001, "steps_per_iteration": null, "pin": false, "model_creator": null, "target_batch_size": 1024, "model_string": "resnet18", "min_batch_size": 512, "dataset": "CIFAR", "placement": null, "use_nccl": true, "devices_per_worker": 1, "primary_resource": "extra_gpu", "gpu": false, "verbose": false, "lr_config": {"mode": "log", "steps": 5, "initial_lr": 0.005, "target_lr": 0.005}, "batch_per_device": 512}, "time_since_restore": 73.03394985198975, "timesteps_since_restore": 0, "iterations_since_restore": 12, "mean_throughput": 10138.845951788664, "atoms": 2, "resource_time": 255.5360426902771}
{"apply": 0.007180345058441162, "batch_time": 0.07975311279296875, "d2h": 0.0027118802070617678, "data_time": 0.010997633544766173, "fwd": 0.016655194759368896, "get_state_time_mean": NaN, "get_state_time_total": 0.0, "grad": 0.047322201728820804, "mean_accuracy": 0.7318999767303467, "mean_loss": 0.7844928933143616, "neg_mean_accuracy": -0.7318999767303467, "set_state_time_mean": NaN, "set_state_time_total": 0.0, "setup_model_time_mean": NaN, "setup_model_time_total": 0.0, "setup_proc_time_mean": NaN, "setup_proc_time_total": 0.0, "train_accuracy": 0.7636200189590454, "train_loss": 0.6599080304527283, "training_time_mean": NaN, "training_time_total": 0.0, "validation_time_mean": NaN, "validation_time_total": 0.0, "samples": 60000, "num_workers": 2, "done": false, "timesteps_total": null, "episodes_total": null, "training_iteration": 26, "neg_mean_loss": -0.7844928933143616, "experiment_id": "8a4b7e5fd89841f29c5597be0412a78a", "date": "2019-05-30_14-19-39", "timestamp": 1559251179, "time_this_iter_s": 5.421170949935913, "time_total_s": 187.92326378822327, "pid": 27459, "hostname": "steropes", "node_ip": "169.229.49.254", "config": {"starting_lr": 0.005, "momentum": 0.95, "weight_decay": 0.001, "steps_per_iteration": null, "pin": false, "model_creator": null, "target_batch_size": 1024, "model_string": "resnet18", "min_batch_size": 512, "dataset": "CIFAR", "placement": null, "use_nccl": true, "devices_per_worker": 1, "primary_resource": "extra_gpu", "gpu": false, "verbose": false, "lr_config": {"mode": "log", "steps": 5, "initial_lr": 0.005, "target_lr": 0.005}, "batch_per_device": 512}, "time_since_restore": 78.45512080192566, "timesteps_since_restore": 0, "iterations_since_restore": 13, "mean_throughput": 10326.341509511925, "atoms": 2, "resource_time": 266.3783845901489}
{"apply": 0.007464265823364258, "batch_time": 0.07771843671798706, "d2h": 0.0026254534721374513, "data_time": 0.010774617292443101, "fwd": 0.016257548332214357, "get_state_time_mean": NaN, "get_state_time_total": 0.0, "grad": 0.04655182361602783, "mean_accuracy": 0.7384999990463257, "mean_loss": 0.7585648908615112, "neg_mean_accuracy": -0.7384999990463257, "set_state_time_mean": NaN, "set_state_time_total": 0.0, "setup_model_time_mean": NaN, "setup_model_time_total": 0.0, "setup_proc_time_mean": NaN, "setup_proc_time_total": 0.0, "train_accuracy": 0.7673199772834778, "train_loss": 0.650789186038971, "training_time_mean": NaN, "training_time_total": 0.0, "validation_time_mean": NaN, "validation_time_total": 0.0, "samples": 60000, "num_workers": 2, "done": false, "timesteps_total": null, "episodes_total": null, "training_iteration": 27, "neg_mean_loss": -0.7585648908615112, "experiment_id": "8a4b7e5fd89841f29c5597be0412a78a", "date": "2019-05-30_14-19-45", "timestamp": 1559251185, "time_this_iter_s": 5.39559531211853, "time_total_s": 193.3188591003418, "pid": 27459, "hostname": "steropes", "node_ip": "169.229.49.254", "config": {"starting_lr": 0.005, "momentum": 0.95, "weight_decay": 0.001, "steps_per_iteration": null, "pin": false, "model_creator": null, "target_batch_size": 1024, "model_string": "resnet18", "min_batch_size": 512, "dataset": "CIFAR", "placement": null, "use_nccl": true, "devices_per_worker": 1, "primary_resource": "extra_gpu", "gpu": false, "verbose": false, "lr_config": {"mode": "log", "steps": 5, "initial_lr": 0.005, "target_lr": 0.005}, "batch_per_device": 512}, "time_since_restore": 83.85071611404419, "timesteps_since_restore": 0, "iterations_since_restore": 14, "mean_throughput": 10536.565298360345, "atoms": 2, "resource_time": 277.169575214386}
{"apply": 0.007951712608337403, "batch_time": 0.07923349142074584, "d2h": 0.002667057514190674, "data_time": 0.01125324502283213, "fwd": 0.01595371961593628, "get_state_time_mean": NaN, "get_state_time_total": 0.0, "grad": 0.04433298110961914, "mean_accuracy": 0.7475000023841858, "mean_loss": 0.7432285002231598, "neg_mean_accuracy": -0.7475000023841858, "set_state_time_mean": NaN, "set_state_time_total": 0.0, "setup_model_time_mean": NaN, "setup_model_time_total": 0.0, "setup_proc_time_mean": NaN, "setup_proc_time_total": 0.0, "train_accuracy": 0.776919960975647, "train_loss": 0.6295626224708557, "training_time_mean": NaN, "training_time_total": 0.0, "validation_time_mean": NaN, "validation_time_total": 0.0, "samples": 60000, "num_workers": 2, "done": false, "timesteps_total": null, "episodes_total": null, "training_iteration": 28, "neg_mean_loss": -0.7432285002231598, "experiment_id": "8a4b7e5fd89841f29c5597be0412a78a", "date": "2019-05-30_14-19-50", "timestamp": 1559251190, "time_this_iter_s": 5.483794450759888, "time_total_s": 198.80265355110168, "pid": 27459, "hostname": "steropes", "node_ip": "169.229.49.254", "config": {"starting_lr": 0.005, "momentum": 0.95, "weight_decay": 0.001, "steps_per_iteration": null, "pin": false, "model_creator": null, "target_batch_size": 1024, "model_string": "resnet18", "min_batch_size": 512, "dataset": "CIFAR", "placement": null, "use_nccl": true, "devices_per_worker": 1, "primary_resource": "extra_gpu", "gpu": false, "verbose": false, "lr_config": {"mode": "log", "steps": 5, "initial_lr": 0.005, "target_lr": 0.005}, "batch_per_device": 512}, "time_since_restore": 89.33451056480408, "timesteps_since_restore": 0, "iterations_since_restore": 15, "mean_throughput": 10753.760928352018, "atoms": 2, "resource_time": 288.13716411590576}
{"apply": 0.00804215669631958, "batch_time": 0.08148188591003419, "d2h": 0.002594780921936035, "data_time": 0.010720053497625857, "fwd": 0.01719686985015869, "get_state_time_mean": NaN, "get_state_time_total": 0.0, "grad": 0.04607448577880859, "mean_accuracy": 0.7444000244140625, "mean_loss": 0.7524287253856659, "neg_mean_accuracy": -0.7444000244140625, "set_state_time_mean": NaN, "set_state_time_total": 0.0, "setup_model_time_mean": NaN, "setup_model_time_total": 0.0, "setup_proc_time_mean": NaN, "setup_proc_time_total": 0.0, "train_accuracy": 0.780299961566925, "train_loss": 0.6166149385547638, "training_time_mean": NaN, "training_time_total": 0.0, "validation_time_mean": NaN, "validation_time_total": 0.0, "samples": 60000, "num_workers": 2, "done": false, "timesteps_total": null, "episodes_total": null, "training_iteration": 29, "neg_mean_loss": -0.7524287253856659, "experiment_id": "8a4b7e5fd89841f29c5597be0412a78a", "date": "2019-05-30_14-19-56", "timestamp": 1559251196, "time_this_iter_s": 5.448899030685425, "time_total_s": 204.2515525817871, "pid": 27459, "hostname": "steropes", "node_ip": "169.229.49.254", "config": {"starting_lr": 0.005, "momentum": 0.95, "weight_decay": 0.001, "steps_per_iteration": null, "pin": false, "model_creator": null, "target_batch_size": 1024, "model_string": "resnet18", "min_batch_size": 512, "dataset": "CIFAR", "placement": null, "use_nccl": true, "devices_per_worker": 1, "primary_resource": "extra_gpu", "gpu": false, "verbose": false, "lr_config": {"mode": "log", "steps": 5, "initial_lr": 0.005, "target_lr": 0.005}, "batch_per_device": 512}, "time_since_restore": 94.7834095954895, "timesteps_since_restore": 0, "iterations_since_restore": 16, "mean_throughput": 10949.32847158749, "atoms": 2, "resource_time": 299.0349621772766}
{"apply": 0.007479870319366455, "batch_time": 0.08122806549072265, "d2h": 0.002825498580932617, "data_time": 0.011910258507242009, "fwd": 0.01702991724014282, "get_state_time_mean": NaN, "get_state_time_total": 0.0, "grad": 0.046403777599334714, "mean_accuracy": 0.7374999523162842, "mean_loss": 0.7729077289581299, "neg_mean_accuracy": -0.7374999523162842, "set_state_time_mean": NaN, "set_state_time_total": 0.0, "setup_model_time_mean": NaN, "setup_model_time_total": 0.0, "setup_proc_time_mean": NaN, "setup_proc_time_total": 0.0, "train_accuracy": 0.7806400060653687, "train_loss": 0.6163392413806915, "training_time_mean": NaN, "training_time_total": 0.0, "validation_time_mean": NaN, "validation_time_total": 0.0, "samples": 60000, "num_workers": 2, "done": false, "timesteps_total": null, "episodes_total": null, "training_iteration": 30, "neg_mean_loss": -0.7729077289581299, "experiment_id": "8a4b7e5fd89841f29c5597be0412a78a", "date": "2019-05-30_14-20-02", "timestamp": 1559251202, "time_this_iter_s": 5.905079364776611, "time_total_s": 210.15663194656372, "pid": 27459, "hostname": "steropes", "node_ip": "169.229.49.254", "config": {"starting_lr": 0.005, "momentum": 0.95, "weight_decay": 0.001, "steps_per_iteration": null, "pin": false, "model_creator": null, "target_batch_size": 1024, "model_string": "resnet18", "min_batch_size": 512, "dataset": "CIFAR", "placement": null, "use_nccl": true, "devices_per_worker": 1, "primary_resource": "extra_gpu", "gpu": false, "verbose": false, "lr_config": {"mode": "log", "steps": 5, "initial_lr": 0.005, "target_lr": 0.005}, "batch_per_device": 512}, "time_since_restore": 100.68848896026611, "timesteps_since_restore": 0, "iterations_since_restore": 17, "mean_throughput": 10847.967674261366, "atoms": 2, "resource_time": 310.84512090682983}
{"apply": 0.008123862743377685, "batch_time": 0.08275822401046753, "d2h": 0.00285569429397583, "data_time": 0.011757726571997817, "fwd": 0.017739498615264894, "get_state_time_mean": NaN, "get_state_time_total": 0.0, "grad": 0.04944648742675781, "mean_accuracy": 0.740399956703186, "mean_loss": 0.7632475019454956, "neg_mean_accuracy": -0.740399956703186, "set_state_time_mean": NaN, "set_state_time_total": 0.0, "setup_model_time_mean": NaN, "setup_model_time_total": 0.0, "setup_proc_time_mean": NaN, "setup_proc_time_total": 0.0, "train_accuracy": 0.7843999862670898, "train_loss": 0.6016266935348511, "training_time_mean": NaN, "training_time_total": 0.0, "validation_time_mean": NaN, "validation_time_total": 0.0, "samples": 60000, "num_workers": 2, "done": false, "timesteps_total": null, "episodes_total": null, "training_iteration": 31, "neg_mean_loss": -0.7632475019454956, "experiment_id": "8a4b7e5fd89841f29c5597be0412a78a", "date": "2019-05-30_14-20-07", "timestamp": 1559251207, "time_this_iter_s": 5.843972682952881, "time_total_s": 216.0006046295166, "pid": 27459, "hostname": "steropes", "node_ip": "169.229.49.254", "config": {"starting_lr": 0.005, "momentum": 0.95, "weight_decay": 0.001, "steps_per_iteration": null, "pin": false, "model_creator": null, "target_batch_size": 1024, "model_string": "resnet18", "min_batch_size": 512, "dataset": "CIFAR", "placement": null, "use_nccl": true, "devices_per_worker": 1, "primary_resource": "extra_gpu", "gpu": false, "verbose": false, "lr_config": {"mode": "log", "steps": 5, "initial_lr": 0.005, "target_lr": 0.005}, "batch_per_device": 512}, "time_since_restore": 106.532461643219, "timesteps_since_restore": 0, "iterations_since_restore": 18, "mean_throughput": 10684.61629090585, "atoms": 2, "resource_time": 322.5330662727356}
{"apply": 0.007217514514923096, "batch_time": 0.07731328010559083, "d2h": 0.0038800835609436035, "data_time": 0.012167898976072972, "fwd": 0.017613708972930908, "get_state_time_mean": NaN, "get_state_time_total": 0.0, "grad": 0.04683909416198731, "mean_accuracy": 0.7510999441146851, "mean_loss": 0.739685285949707, "neg_mean_accuracy": -0.7510999441146851, "set_state_time_mean": NaN, "set_state_time_total": 0.0, "setup_model_time_mean": NaN, "setup_model_time_total": 0.0, "setup_proc_time_mean": NaN, "setup_proc_time_total": 0.0, "train_accuracy": 0.7912600040435791, "train_loss": 0.5866074993467332, "training_time_mean": NaN, "training_time_total": 0.0, "validation_time_mean": NaN, "validation_time_total": 0.0, "samples": 60000, "num_workers": 2, "done": false, "timesteps_total": null, "episodes_total": null, "training_iteration": 32, "neg_mean_loss": -0.739685285949707, "experiment_id": "8a4b7e5fd89841f29c5597be0412a78a", "date": "2019-05-30_14-20-13", "timestamp": 1559251213, "time_this_iter_s": 5.810290336608887, "time_total_s": 221.8108949661255, "pid": 27459, "hostname": "steropes", "node_ip": "169.229.49.254", "config": {"starting_lr": 0.005, "momentum": 0.95, "weight_decay": 0.001, "steps_per_iteration": null, "pin": false, "model_creator": null, "target_batch_size": 1024, "model_string": "resnet18", "min_batch_size": 512, "dataset": "CIFAR", "placement": null, "use_nccl": true, "devices_per_worker": 1, "primary_resource": "extra_gpu", "gpu": false, "verbose": false, "lr_config": {"mode": "log", "steps": 5, "initial_lr": 0.005, "target_lr": 0.005}, "batch_per_device": 512}, "time_since_restore": 112.34275197982788, "timesteps_since_restore": 0, "iterations_since_restore": 19, "mean_throughput": 10529.10534345248, "atoms": 2, "resource_time": 334.15364694595337}
{"apply": 0.007726156711578369, "batch_time": 0.08063188791275025, "d2h": 0.002742087841033936, "data_time": 0.01169805624047104, "fwd": 0.01819720268249512, "get_state_time_mean": NaN, "get_state_time_total": 0.0, "grad": 0.04648667573928833, "mean_accuracy": 0.7408999800682068, "mean_loss": 0.7701076903820038, "neg_mean_accuracy": -0.7408999800682068, "set_state_time_mean": NaN, "set_state_time_total": 0.0, "setup_model_time_mean": NaN, "setup_model_time_total": 0.0, "setup_proc_time_mean": NaN, "setup_proc_time_total": 0.0, "train_accuracy": 0.7944599390029907, "train_loss": 0.5754925895023346, "training_time_mean": NaN, "training_time_total": 0.0, "validation_time_mean": NaN, "validation_time_total": 0.0, "samples": 60000, "num_workers": 2, "done": false, "timesteps_total": null, "episodes_total": null, "training_iteration": 33, "neg_mean_loss": -0.7701076903820038, "experiment_id": "8a4b7e5fd89841f29c5597be0412a78a", "date": "2019-05-30_14-20-19", "timestamp": 1559251219, "time_this_iter_s": 5.722033500671387, "time_total_s": 227.53292846679688, "pid": 27459, "hostname": "steropes", "node_ip": "169.229.49.254", "config": {"starting_lr": 0.005, "momentum": 0.95, "weight_decay": 0.001, "steps_per_iteration": null, "pin": false, "model_creator": null, "target_batch_size": 1024, "model_string": "resnet18", "min_batch_size": 512, "dataset": "CIFAR", "placement": null, "use_nccl": true, "devices_per_worker": 1, "primary_resource": "extra_gpu", "gpu": false, "verbose": false, "lr_config": {"mode": "log", "steps": 5, "initial_lr": 0.005, "target_lr": 0.005}, "batch_per_device": 512}, "time_since_restore": 118.06478548049927, "timesteps_since_restore": 0, "iterations_since_restore": 20, "mean_throughput": 10441.799588656771, "atoms": 2, "resource_time": 345.59771394729614}
{"apply": 0.007558274269104003, "batch_time": 0.08076523542404175, "d2h": 0.002736330032348633, "data_time": 0.012267545777924207, "fwd": 0.018352591991424562, "get_state_time_mean": NaN, "get_state_time_total": 0.0, "grad": 0.04635388851165771, "mean_accuracy": 0.7473999261856079, "mean_loss": 0.7457754704475403, "neg_mean_accuracy": -0.7473999261856079, "set_state_time_mean": NaN, "set_state_time_total": 0.0, "setup_model_time_mean": NaN, "setup_model_time_total": 0.0, "setup_proc_time_mean": NaN, "setup_proc_time_total": 0.0, "train_accuracy": 0.7989000082015991, "train_loss": 0.5625018823528289, "training_time_mean": NaN, "training_time_total": 0.0, "validation_time_mean": NaN, "validation_time_total": 0.0, "samples": 60000, "num_workers": 2, "done": false, "timesteps_total": null, "episodes_total": null, "training_iteration": 34, "neg_mean_loss": -0.7457754704475403, "experiment_id": "8a4b7e5fd89841f29c5597be0412a78a", "date": "2019-05-30_14-20-25", "timestamp": 1559251225, "time_this_iter_s": 5.9587602615356445, "time_total_s": 233.49168872833252, "pid": 27459, "hostname": "steropes", "node_ip": "169.229.49.254", "config": {"starting_lr": 0.005, "momentum": 0.95, "weight_decay": 0.001, "steps_per_iteration": null, "pin": false, "model_creator": null, "target_batch_size": 1024, "model_string": "resnet18", "min_batch_size": 512, "dataset": "CIFAR", "placement": null, "use_nccl": true, "devices_per_worker": 1, "primary_resource": "extra_gpu", "gpu": false, "verbose": false, "lr_config": {"mode": "log", "steps": 5, "initial_lr": 0.005, "target_lr": 0.005}, "batch_per_device": 512}, "time_since_restore": 124.02354574203491, "timesteps_since_restore": 0, "iterations_since_restore": 21, "mean_throughput": 10259.727933888502, "atoms": 2, "resource_time": 357.51523447036743}
{"apply": 0.00907074213027954, "batch_time": 0.0793965220451355, "d2h": 0.002715873718261719, "data_time": 0.012767587389264787, "fwd": 0.017809736728668212, "get_state_time_mean": NaN, "get_state_time_total": 0.0, "grad": 0.049488520622253424, "mean_accuracy": 0.7517999410629272, "mean_loss": 0.7523324105739593, "neg_mean_accuracy": -0.7517999410629272, "set_state_time_mean": NaN, "set_state_time_total": 0.0, "setup_model_time_mean": NaN, "setup_model_time_total": 0.0, "setup_proc_time_mean": NaN, "setup_proc_time_total": 0.0, "train_accuracy": 0.8045599460601807, "train_loss": 0.552456508231163, "training_time_mean": NaN, "training_time_total": 0.0, "validation_time_mean": NaN, "validation_time_total": 0.0, "samples": 60000, "num_workers": 2, "done": false, "timesteps_total": null, "episodes_total": null, "training_iteration": 35, "neg_mean_loss": -0.7523324105739593, "experiment_id": "8a4b7e5fd89841f29c5597be0412a78a", "date": "2019-05-30_14-20-31", "timestamp": 1559251231, "time_this_iter_s": 5.955526113510132, "time_total_s": 239.44721484184265, "pid": 27459, "hostname": "steropes", "node_ip": "169.229.49.254", "config": {"starting_lr": 0.005, "momentum": 0.95, "weight_decay": 0.001, "steps_per_iteration": null, "pin": false, "model_creator": null, "target_batch_size": 1024, "model_string": "resnet18", "min_batch_size": 512, "dataset": "CIFAR", "placement": null, "use_nccl": true, "devices_per_worker": 1, "primary_resource": "extra_gpu", "gpu": false, "verbose": false, "lr_config": {"mode": "log", "steps": 5, "initial_lr": 0.005, "target_lr": 0.005}, "batch_per_device": 512}, "time_since_restore": 129.97907185554504, "timesteps_since_restore": 0, "iterations_since_restore": 22, "mean_throughput": 10242.058246959232, "atoms": 2, "resource_time": 369.4262866973877}
{"apply": 0.007569551467895508, "batch_time": 0.08033959865570067, "d2h": 0.002853381633758545, "data_time": 0.011588442082307776, "fwd": 0.01857365369796753, "get_state_time_mean": NaN, "get_state_time_total": 0.0, "grad": 0.048040223121643064, "mean_accuracy": 0.7555999755859375, "mean_loss": 0.7363665474891663, "neg_mean_accuracy": -0.7555999755859375, "set_state_time_mean": NaN, "set_state_time_total": 0.0, "setup_model_time_mean": NaN, "setup_model_time_total": 0.0, "setup_proc_time_mean": NaN, "setup_proc_time_total": 0.0, "train_accuracy": 0.8081599473953247, "train_loss": 0.536747639169693, "training_time_mean": NaN, "training_time_total": 0.0, "validation_time_mean": NaN, "validation_time_total": 0.0, "samples": 60000, "num_workers": 2, "done": false, "timesteps_total": null, "episodes_total": null, "training_iteration": 36, "neg_mean_loss": -0.7363665474891663, "experiment_id": "8a4b7e5fd89841f29c5597be0412a78a", "date": "2019-05-30_14-20-37", "timestamp": 1559251237, "time_this_iter_s": 5.737199306488037, "time_total_s": 245.1844141483307, "pid": 27459, "hostname": "steropes", "node_ip": "169.229.49.254", "config": {"starting_lr": 0.005, "momentum": 0.95, "weight_decay": 0.001, "steps_per_iteration": null, "pin": false, "model_creator": null, "target_batch_size": 1024, "model_string": "resnet18", "min_batch_size": 512, "dataset": "CIFAR", "placement": null, "use_nccl": true, "devices_per_worker": 1, "primary_resource": "extra_gpu", "gpu": false, "verbose": false, "lr_config": {"mode": "log", "steps": 5, "initial_lr": 0.005, "target_lr": 0.005}, "batch_per_device": 512}, "time_since_restore": 135.71627116203308, "timesteps_since_restore": 0, "iterations_since_restore": 23, "mean_throughput": 10279.527661591172, "atoms": 2, "resource_time": 380.90068531036377}
{"apply": 0.00947035551071167, "batch_time": 0.08099668025970459, "d2h": 0.002685439586639404, "data_time": 0.01133373805454799, "fwd": 0.018140876293182374, "get_state_time_mean": NaN, "get_state_time_total": 0.0, "grad": 0.050947105884552, "mean_accuracy": 0.7484999895095825, "mean_loss": 0.7423444049835205, "neg_mean_accuracy": -0.7484999895095825, "set_state_time_mean": NaN, "set_state_time_total": 0.0, "setup_model_time_mean": NaN, "setup_model_time_total": 0.0, "setup_proc_time_mean": NaN, "setup_proc_time_total": 0.0, "train_accuracy": 0.809939980506897, "train_loss": 0.5360456019115448, "training_time_mean": NaN, "training_time_total": 0.0, "validation_time_mean": NaN, "validation_time_total": 0.0, "samples": 60000, "num_workers": 2, "done": false, "timesteps_total": null, "episodes_total": null, "training_iteration": 37, "neg_mean_loss": -0.7423444049835205, "experiment_id": "8a4b7e5fd89841f29c5597be0412a78a", "date": "2019-05-30_14-20-42", "timestamp": 1559251242, "time_this_iter_s": 5.679351806640625, "time_total_s": 250.8637659549713, "pid": 27459, "hostname": "steropes", "node_ip": "169.229.49.254", "config": {"starting_lr": 0.005, "momentum": 0.95, "weight_decay": 0.001, "steps_per_iteration": null, "pin": false, "model_creator": null, "target_batch_size": 1024, "model_string": "resnet18", "min_batch_size": 512, "dataset": "CIFAR", "placement": null, "use_nccl": true, "devices_per_worker": 1, "primary_resource": "extra_gpu", "gpu": false, "verbose": false, "lr_config": {"mode": "log", "steps": 5, "initial_lr": 0.005, "target_lr": 0.005}, "batch_per_device": 512}, "time_since_restore": 141.3956229686737, "timesteps_since_restore": 0, "iterations_since_restore": 24, "mean_throughput": 10325.856793405554, "atoms": 2, "resource_time": 392.259388923645}
{"apply": 0.007888245582580566, "batch_time": 0.08536349534988404, "d2h": 0.002998089790344238, "data_time": 0.011388576760583994, "fwd": 0.018079638481140137, "get_state_time_mean": NaN, "get_state_time_total": 0.0, "grad": 0.04834338426589966, "mean_accuracy": 0.7538999915122986, "mean_loss": 0.7439088973045349, "neg_mean_accuracy": -0.7538999915122986, "set_state_time_mean": NaN, "set_state_time_total": 0.0, "setup_model_time_mean": NaN, "setup_model_time_total": 0.0, "setup_proc_time_mean": NaN, "setup_proc_time_total": 0.0, "train_accuracy": 0.8129799962043762, "train_loss": 0.5212004283809661, "training_time_mean": NaN, "training_time_total": 0.0, "validation_time_mean": NaN, "validation_time_total": 0.0, "samples": 60000, "num_workers": 2, "done": true, "timesteps_total": null, "episodes_total": null, "training_iteration": 38, "neg_mean_loss": -0.7439088973045349, "experiment_id": "8a4b7e5fd89841f29c5597be0412a78a", "date": "2019-05-30_14-20-48", "timestamp": 1559251248, "time_this_iter_s": 5.796862840652466, "time_total_s": 256.6606287956238, "pid": 27459, "hostname": "steropes", "node_ip": "169.229.49.254", "config": {"starting_lr": 0.005, "momentum": 0.95, "weight_decay": 0.001, "steps_per_iteration": null, "pin": false, "model_creator": null, "target_batch_size": 1024, "model_string": "resnet18", "min_batch_size": 512, "dataset": "CIFAR", "placement": null, "use_nccl": true, "devices_per_worker": 1, "primary_resource": "extra_gpu", "gpu": false, "verbose": false, "lr_config": {"mode": "log", "steps": 5, "initial_lr": 0.005, "target_lr": 0.005}, "batch_per_device": 512}, "time_since_restore": 147.19248580932617, "timesteps_since_restore": 0, "iterations_since_restore": 25, "mean_throughput": 10299.330530648416, "atoms": 2, "resource_time": 403.85311460494995}
