apply,batch_time,d2h,data_time,fwd,get_state_time_mean,get_state_time_total,grad,mean_accuracy,mean_loss,neg_mean_accuracy,set_state_time_mean,set_state_time_total,setup_model_time_mean,setup_model_time_total,setup_proc_time_mean,setup_proc_time_total,train_accuracy,train_loss,training_time_mean,training_time_total,validation_time_mean,validation_time_total,samples,num_workers,done,timesteps_total,episodes_total,training_iteration,neg_mean_loss,experiment_id,date,timestamp,time_this_iter_s,time_total_s,pid,hostname,node_ip,config,time_since_restore,timesteps_since_restore,iterations_since_restore,mean_throughput,atoms
0.008008122444152832,0.1777810573577881,0.005694985389709473,0.03750990848152005,0.08057737350463867,nan,0.0,0.1468907356262207,0.1873999983072281,3.73155732383728,-0.1873999983072281,nan,0.0,8.533316612243652,8.533316612243652,0.2658510208129883,0.2658510208129883,0.07339999824762344,5.822482415847778,nan,0.0,nan,0.0,60000,1,False,,,1,-3.73155732383728,b8ccac73bb274ed3b206a7f2c358b6bd,2019-05-30_14-50-51,1559253051,11.219475030899048,11.219475030899048,16090,steropes,169.229.49.254,"{'starting_lr': 0.0001, 'momentum': 0.997, 'weight_decay': 0.001, 'steps_per_iteration': None, 'pin': False, 'model_creator': None, 'target_batch_size': 1024, 'model_string': 'resnet18', 'min_batch_size': 512, 'dataset': 'CIFAR', 'placement': None, 'use_nccl': True, 'devices_per_worker': 1, 'primary_resource': 'extra_gpu', 'gpu': False, 'verbose': False, 'lr_config': {'mode': 'log', 'steps': 5, 'initial_lr': 0.0001, 'target_lr': 0.0001}, 'batch_per_device': 1024}",11.219475030899048,0,1,5347.798003378448,1
0.008434462547302245,0.12404437065124511,0.004258513450622559,0.04033133448386679,0.027123475074768068,nan,0.0,0.053115463256835936,0.26659998297691345,2.0282206108093264,-0.26659998297691345,nan,0.0,nan,0.0,nan,0.0,0.22472000122070312,2.3980614247131347,nan,0.0,nan,0.0,60000,1,False,,,2,-2.0282206108093264,b8ccac73bb274ed3b206a7f2c358b6bd,2019-05-30_14-50-59,1559253059,7.750369310379028,18.969844341278076,16090,steropes,169.229.49.254,"{'starting_lr': 0.0001, 'momentum': 0.997, 'weight_decay': 0.001, 'steps_per_iteration': None, 'pin': False, 'model_creator': None, 'target_batch_size': 1024, 'model_string': 'resnet18', 'min_batch_size': 512, 'dataset': 'CIFAR', 'placement': None, 'use_nccl': True, 'devices_per_worker': 1, 'primary_resource': 'extra_gpu', 'gpu': False, 'verbose': False, 'lr_config': {'mode': 'log', 'steps': 5, 'initial_lr': 0.0001, 'target_lr': 0.0001}, 'batch_per_device': 1024}",18.969844341278076,0,2,6325.735158825676,1
0.008022880554199219,0.1427225112915039,0.004526329040527344,0.04573713030133929,0.025562191009521486,nan,0.0,0.045926904678344725,0.3342999815940857,1.8463024559020995,-0.3342999815940857,nan,0.0,nan,0.0,nan,0.0,0.2830999791622162,1.9870008343887329,nan,0.0,nan,0.0,60000,1,False,,,3,-1.8463024559020995,b8ccac73bb274ed3b206a7f2c358b6bd,2019-05-30_14-51-07,1559253067,8.511673212051392,27.481517553329468,16090,steropes,169.229.49.254,"{'starting_lr': 0.0001, 'momentum': 0.997, 'weight_decay': 0.001, 'steps_per_iteration': None, 'pin': False, 'model_creator': None, 'target_batch_size': 1024, 'model_string': 'resnet18', 'min_batch_size': 512, 'dataset': 'CIFAR', 'placement': None, 'use_nccl': True, 'devices_per_worker': 1, 'primary_resource': 'extra_gpu', 'gpu': False, 'verbose': False, 'lr_config': {'mode': 'log', 'steps': 5, 'initial_lr': 0.0001, 'target_lr': 0.0001}, 'batch_per_device': 1024}",27.481517553329468,0,3,6549.767135402205,1
0.008283567428588868,0.13118624687194824,0.005028319358825683,0.03095100363906549,0.022039151191711424,nan,0.0,0.05959339141845703,0.3691999912261963,1.7353960247039795,-0.3691999912261963,nan,0.0,nan,0.0,nan,0.0,0.3285599946975708,1.8630809074401855,nan,0.0,nan,0.0,60000,1,False,,,4,-1.7353960247039795,b8ccac73bb274ed3b206a7f2c358b6bd,2019-05-30_14-51-15,1559253075,7.868200063705444,35.34971761703491,16090,steropes,169.229.49.254,"{'starting_lr': 0.0001, 'momentum': 0.997, 'weight_decay': 0.001, 'steps_per_iteration': None, 'pin': False, 'model_creator': None, 'target_batch_size': 1024, 'model_string': 'resnet18', 'min_batch_size': 512, 'dataset': 'CIFAR', 'placement': None, 'use_nccl': True, 'devices_per_worker': 1, 'primary_resource': 'extra_gpu', 'gpu': False, 'verbose': False, 'lr_config': {'mode': 'log', 'steps': 5, 'initial_lr': 0.0001, 'target_lr': 0.0001}, 'batch_per_device': 1024}",35.34971761703491,0,4,6789.216166818731,1
0.009261322021484376,0.13384778499603273,0.00476531982421875,0.040100671807113956,0.024469900131225585,nan,0.0,0.051149177551269534,0.3946000039577484,1.6430968372344972,-0.3946000039577484,nan,0.0,nan,0.0,nan,0.0,0.3510800004005432,1.7588556715774537,nan,0.0,nan,0.0,60000,1,False,,,5,-1.6430968372344972,b8ccac73bb274ed3b206a7f2c358b6bd,2019-05-30_14-51-23,1559253083,8.20518445968628,43.55490207672119,16090,steropes,169.229.49.254,"{'starting_lr': 0.0001, 'momentum': 0.997, 'weight_decay': 0.001, 'steps_per_iteration': None, 'pin': False, 'model_creator': None, 'target_batch_size': 1024, 'model_string': 'resnet18', 'min_batch_size': 512, 'dataset': 'CIFAR', 'placement': None, 'use_nccl': True, 'devices_per_worker': 1, 'primary_resource': 'extra_gpu', 'gpu': False, 'verbose': False, 'lr_config': {'mode': 'log', 'steps': 5, 'initial_lr': 0.0001, 'target_lr': 0.0001}, 'batch_per_device': 1024}",43.55490207672119,0,5,6887.731269729871,1
0.009453439712524414,0.14232177734375,0.005136513710021972,0.04380641178208954,0.025458455085754395,nan,0.0,0.05899658203125,0.397599995136261,1.6019213499069214,-0.397599995136261,nan,0.0,nan,0.0,nan,0.0,0.3755199909210205,1.6897594199371337,nan,0.0,nan,0.0,60000,1,False,,,6,-1.6019213499069214,b8ccac73bb274ed3b206a7f2c358b6bd,2019-05-30_14-51-32,1559253092,8.257566452026367,51.81246852874756,16090,steropes,169.229.49.254,"{'starting_lr': 0.0001, 'momentum': 0.997, 'weight_decay': 0.001, 'steps_per_iteration': None, 'pin': False, 'model_creator': None, 'target_batch_size': 1024, 'model_string': 'resnet18', 'min_batch_size': 512, 'dataset': 'CIFAR', 'placement': None, 'use_nccl': True, 'devices_per_worker': 1, 'primary_resource': 'extra_gpu', 'gpu': False, 'verbose': False, 'lr_config': {'mode': 'log', 'steps': 5, 'initial_lr': 0.0001, 'target_lr': 0.0001}, 'batch_per_device': 1024}",51.81246852874756,0,6,7390.292852049131,1
0.008448076248168946,0.14046940803527833,0.004417514801025391,0.048465548729409974,0.0314786434173584,nan,0.0,0.04952821731567383,0.4377000033855438,1.5321266946792602,-0.4377000033855438,nan,0.0,nan,0.0,nan,0.0,0.39513999223709106,1.6228847673416138,nan,0.0,nan,0.0,60000,1,False,,,7,-1.5321266946792602,b8ccac73bb274ed3b206a7f2c358b6bd,2019-05-30_14-51-40,1559253100,8.624866724014282,60.43733525276184,16090,steropes,169.229.49.254,"{'starting_lr': 0.0001, 'momentum': 0.997, 'weight_decay': 0.001, 'steps_per_iteration': None, 'pin': False, 'model_creator': None, 'target_batch_size': 1024, 'model_string': 'resnet18', 'min_batch_size': 512, 'dataset': 'CIFAR', 'placement': None, 'use_nccl': True, 'devices_per_worker': 1, 'primary_resource': 'extra_gpu', 'gpu': False, 'verbose': False, 'lr_config': {'mode': 'log', 'steps': 5, 'initial_lr': 0.0001, 'target_lr': 0.0001}, 'batch_per_device': 1024}",60.43733525276184,0,7,7234.4613443606695,1
0.00853884220123291,0.13504493236541748,0.004812073707580566,0.03637332332377531,0.030274486541748045,nan,0.0,0.047447371482849124,0.44749999046325684,1.4796887329101562,-0.44749999046325684,nan,0.0,nan,0.0,nan,0.0,0.41641998291015625,1.57124744140625,nan,0.0,nan,0.0,60000,1,False,,,8,-1.4796887329101562,b8ccac73bb274ed3b206a7f2c358b6bd,2019-05-30_14-51-48,1559253108,7.91840386390686,68.3557391166687,16090,steropes,169.229.49.254,"{'starting_lr': 0.0001, 'momentum': 0.997, 'weight_decay': 0.001, 'steps_per_iteration': None, 'pin': False, 'model_creator': None, 'target_batch_size': 1024, 'model_string': 'resnet18', 'min_batch_size': 512, 'dataset': 'CIFAR', 'placement': None, 'use_nccl': True, 'devices_per_worker': 1, 'primary_resource': 'extra_gpu', 'gpu': False, 'verbose': False, 'lr_config': {'mode': 'log', 'steps': 5, 'initial_lr': 0.0001, 'target_lr': 0.0001}, 'batch_per_device': 1024}",68.3557391166687,0,8,7339.4654238503845,1
0.00836167335510254,0.13415732383728027,0.005206871032714844,0.035893503500490774,0.02778768539428711,nan,0.0,0.05092794895172119,0.47039997577667236,1.4464977897644042,-0.47039997577667236,nan,0.0,nan,0.0,nan,0.0,0.43658000230789185,1.5296576470184327,nan,0.0,nan,0.0,60000,1,False,,,9,-1.4464977897644042,b8ccac73bb274ed3b206a7f2c358b6bd,2019-05-30_14-51-57,1559253117,8.236350536346436,76.59208965301514,16090,steropes,169.229.49.254,"{'starting_lr': 0.0001, 'momentum': 0.997, 'weight_decay': 0.001, 'steps_per_iteration': None, 'pin': False, 'model_creator': None, 'target_batch_size': 1024, 'model_string': 'resnet18', 'min_batch_size': 512, 'dataset': 'CIFAR', 'placement': None, 'use_nccl': True, 'devices_per_worker': 1, 'primary_resource': 'extra_gpu', 'gpu': False, 'verbose': False, 'lr_config': {'mode': 'log', 'steps': 5, 'initial_lr': 0.0001, 'target_lr': 0.0001}, 'batch_per_device': 1024}",76.59208965301514,0,9,7273.951250381194,1
0.007766008377075195,0.14715325832366943,0.0050658702850341795,0.04081670605406469,0.026123833656311036,nan,0.0,0.054099082946777344,0.483599990606308,1.4013899003982544,-0.483599990606308,nan,0.0,nan,0.0,nan,0.0,0.4495599865913391,1.4896117446136474,nan,0.0,nan,0.0,60000,1,False,,,10,-1.4013899003982544,b8ccac73bb274ed3b206a7f2c358b6bd,2019-05-30_14-52-05,1559253125,8.606631755828857,85.198721408844,16090,steropes,169.229.49.254,"{'starting_lr': 0.0001, 'momentum': 0.997, 'weight_decay': 0.001, 'steps_per_iteration': None, 'pin': False, 'model_creator': None, 'target_batch_size': 1024, 'model_string': 'resnet18', 'min_batch_size': 512, 'dataset': 'CIFAR', 'placement': None, 'use_nccl': True, 'devices_per_worker': 1, 'primary_resource': 'extra_gpu', 'gpu': False, 'verbose': False, 'lr_config': {'mode': 'log', 'steps': 5, 'initial_lr': 0.0001, 'target_lr': 0.0001}, 'batch_per_device': 1024}",85.198721408844,0,10,7203.877473089739,1
0.00879685878753662,0.15038011074066163,0.005542397499084473,0.050276605450377175,0.022189402580261232,nan,0.0,0.04809460639953613,0.49719998240470886,1.375776198577881,-0.49719998240470886,nan,0.0,nan,0.0,nan,0.0,0.46167999505996704,1.456390234336853,nan,0.0,nan,0.0,60000,1,False,,,11,-1.375776198577881,b8ccac73bb274ed3b206a7f2c358b6bd,2019-05-30_14-52-14,1559253134,9.06837272644043,94.26709413528442,16090,steropes,169.229.49.254,"{'starting_lr': 0.0001, 'momentum': 0.997, 'weight_decay': 0.001, 'steps_per_iteration': None, 'pin': False, 'model_creator': None, 'target_batch_size': 1024, 'model_string': 'resnet18', 'min_batch_size': 512, 'dataset': 'CIFAR', 'placement': None, 'use_nccl': True, 'devices_per_worker': 1, 'primary_resource': 'extra_gpu', 'gpu': False, 'verbose': False, 'lr_config': {'mode': 'log', 'steps': 5, 'initial_lr': 0.0001, 'target_lr': 0.0001}, 'batch_per_device': 1024}",94.26709413528442,0,11,7066.298250672088,1
0.009766173362731934,0.12975842952728273,0.005274081230163574,0.039053659049832094,0.023514962196350096,nan,0.0,0.04464402198791504,0.5033999681472778,1.3571143718719483,-0.5033999681472778,nan,0.0,nan,0.0,nan,0.0,0.4791199862957001,1.4218763068389892,nan,0.0,nan,0.0,60000,1,True,,,12,-1.3571143718719483,b8ccac73bb274ed3b206a7f2c358b6bd,2019-05-30_14-52-23,1559253143,8.33878493309021,102.60587906837463,16090,steropes,169.229.49.254,"{'starting_lr': 0.0001, 'momentum': 0.997, 'weight_decay': 0.001, 'steps_per_iteration': None, 'pin': False, 'model_creator': None, 'target_batch_size': 1024, 'model_string': 'resnet18', 'min_batch_size': 512, 'dataset': 'CIFAR', 'placement': None, 'use_nccl': True, 'devices_per_worker': 1, 'primary_resource': 'extra_gpu', 'gpu': False, 'verbose': False, 'lr_config': {'mode': 'log', 'steps': 5, 'initial_lr': 0.0001, 'target_lr': 0.0001}, 'batch_per_device': 1024}",102.60587906837463,0,12,7114.236760990131,1
