{"apply": 0.008008122444152832, "batch_time": 0.1777810573577881, "d2h": 0.005694985389709473, "data_time": 0.03750990848152005, "fwd": 0.08057737350463867, "get_state_time_mean": NaN, "get_state_time_total": 0.0, "grad": 0.1468907356262207, "mean_accuracy": 0.1873999983072281, "mean_loss": 3.73155732383728, "neg_mean_accuracy": -0.1873999983072281, "set_state_time_mean": NaN, "set_state_time_total": 0.0, "setup_model_time_mean": 8.533316612243652, "setup_model_time_total": 8.533316612243652, "setup_proc_time_mean": 0.2658510208129883, "setup_proc_time_total": 0.2658510208129883, "train_accuracy": 0.07339999824762344, "train_loss": 5.822482415847778, "training_time_mean": NaN, "training_time_total": 0.0, "validation_time_mean": NaN, "validation_time_total": 0.0, "samples": 60000, "num_workers": 1, "done": false, "timesteps_total": null, "episodes_total": null, "training_iteration": 1, "neg_mean_loss": -3.73155732383728, "experiment_id": "b8ccac73bb274ed3b206a7f2c358b6bd", "date": "2019-05-30_14-50-51", "timestamp": 1559253051, "time_this_iter_s": 11.219475030899048, "time_total_s": 11.219475030899048, "pid": 16090, "hostname": "steropes", "node_ip": "169.229.49.254", "config": {"starting_lr": 0.0001, "momentum": 0.997, "weight_decay": 0.001, "steps_per_iteration": null, "pin": false, "model_creator": null, "target_batch_size": 1024, "model_string": "resnet18", "min_batch_size": 512, "dataset": "CIFAR", "placement": null, "use_nccl": true, "devices_per_worker": 1, "primary_resource": "extra_gpu", "gpu": false, "verbose": false, "lr_config": {"mode": "log", "steps": 5, "initial_lr": 0.0001, "target_lr": 0.0001}, "batch_per_device": 1024}, "time_since_restore": 11.219475030899048, "timesteps_since_restore": 0, "iterations_since_restore": 1, "mean_throughput": 5347.798003378448, "atoms": 1}
{"apply": 0.008434462547302245, "batch_time": 0.12404437065124511, "d2h": 0.004258513450622559, "data_time": 0.04033133448386679, "fwd": 0.027123475074768068, "get_state_time_mean": NaN, "get_state_time_total": 0.0, "grad": 0.053115463256835936, "mean_accuracy": 0.26659998297691345, "mean_loss": 2.0282206108093264, "neg_mean_accuracy": -0.26659998297691345, "set_state_time_mean": NaN, "set_state_time_total": 0.0, "setup_model_time_mean": NaN, "setup_model_time_total": 0.0, "setup_proc_time_mean": NaN, "setup_proc_time_total": 0.0, "train_accuracy": 0.22472000122070312, "train_loss": 2.3980614247131347, "training_time_mean": NaN, "training_time_total": 0.0, "validation_time_mean": NaN, "validation_time_total": 0.0, "samples": 60000, "num_workers": 1, "done": false, "timesteps_total": null, "episodes_total": null, "training_iteration": 2, "neg_mean_loss": -2.0282206108093264, "experiment_id": "b8ccac73bb274ed3b206a7f2c358b6bd", "date": "2019-05-30_14-50-59", "timestamp": 1559253059, "time_this_iter_s": 7.750369310379028, "time_total_s": 18.969844341278076, "pid": 16090, "hostname": "steropes", "node_ip": "169.229.49.254", "config": {"starting_lr": 0.0001, "momentum": 0.997, "weight_decay": 0.001, "steps_per_iteration": null, "pin": false, "model_creator": null, "target_batch_size": 1024, "model_string": "resnet18", "min_batch_size": 512, "dataset": "CIFAR", "placement": null, "use_nccl": true, "devices_per_worker": 1, "primary_resource": "extra_gpu", "gpu": false, "verbose": false, "lr_config": {"mode": "log", "steps": 5, "initial_lr": 0.0001, "target_lr": 0.0001}, "batch_per_device": 1024}, "time_since_restore": 18.969844341278076, "timesteps_since_restore": 0, "iterations_since_restore": 2, "mean_throughput": 6325.735158825676, "atoms": 1}
{"apply": 0.008022880554199219, "batch_time": 0.1427225112915039, "d2h": 0.004526329040527344, "data_time": 0.04573713030133929, "fwd": 0.025562191009521486, "get_state_time_mean": NaN, "get_state_time_total": 0.0, "grad": 0.045926904678344725, "mean_accuracy": 0.3342999815940857, "mean_loss": 1.8463024559020995, "neg_mean_accuracy": -0.3342999815940857, "set_state_time_mean": NaN, "set_state_time_total": 0.0, "setup_model_time_mean": NaN, "setup_model_time_total": 0.0, "setup_proc_time_mean": NaN, "setup_proc_time_total": 0.0, "train_accuracy": 0.2830999791622162, "train_loss": 1.9870008343887329, "training_time_mean": NaN, "training_time_total": 0.0, "validation_time_mean": NaN, "validation_time_total": 0.0, "samples": 60000, "num_workers": 1, "done": false, "timesteps_total": null, "episodes_total": null, "training_iteration": 3, "neg_mean_loss": -1.8463024559020995, "experiment_id": "b8ccac73bb274ed3b206a7f2c358b6bd", "date": "2019-05-30_14-51-07", "timestamp": 1559253067, "time_this_iter_s": 8.511673212051392, "time_total_s": 27.481517553329468, "pid": 16090, "hostname": "steropes", "node_ip": "169.229.49.254", "config": {"starting_lr": 0.0001, "momentum": 0.997, "weight_decay": 0.001, "steps_per_iteration": null, "pin": false, "model_creator": null, "target_batch_size": 1024, "model_string": "resnet18", "min_batch_size": 512, "dataset": "CIFAR", "placement": null, "use_nccl": true, "devices_per_worker": 1, "primary_resource": "extra_gpu", "gpu": false, "verbose": false, "lr_config": {"mode": "log", "steps": 5, "initial_lr": 0.0001, "target_lr": 0.0001}, "batch_per_device": 1024}, "time_since_restore": 27.481517553329468, "timesteps_since_restore": 0, "iterations_since_restore": 3, "mean_throughput": 6549.767135402205, "atoms": 1}
{"apply": 0.008283567428588868, "batch_time": 0.13118624687194824, "d2h": 0.005028319358825683, "data_time": 0.03095100363906549, "fwd": 0.022039151191711424, "get_state_time_mean": NaN, "get_state_time_total": 0.0, "grad": 0.05959339141845703, "mean_accuracy": 0.3691999912261963, "mean_loss": 1.7353960247039795, "neg_mean_accuracy": -0.3691999912261963, "set_state_time_mean": NaN, "set_state_time_total": 0.0, "setup_model_time_mean": NaN, "setup_model_time_total": 0.0, "setup_proc_time_mean": NaN, "setup_proc_time_total": 0.0, "train_accuracy": 0.3285599946975708, "train_loss": 1.8630809074401855, "training_time_mean": NaN, "training_time_total": 0.0, "validation_time_mean": NaN, "validation_time_total": 0.0, "samples": 60000, "num_workers": 1, "done": false, "timesteps_total": null, "episodes_total": null, "training_iteration": 4, "neg_mean_loss": -1.7353960247039795, "experiment_id": "b8ccac73bb274ed3b206a7f2c358b6bd", "date": "2019-05-30_14-51-15", "timestamp": 1559253075, "time_this_iter_s": 7.868200063705444, "time_total_s": 35.34971761703491, "pid": 16090, "hostname": "steropes", "node_ip": "169.229.49.254", "config": {"starting_lr": 0.0001, "momentum": 0.997, "weight_decay": 0.001, "steps_per_iteration": null, "pin": false, "model_creator": null, "target_batch_size": 1024, "model_string": "resnet18", "min_batch_size": 512, "dataset": "CIFAR", "placement": null, "use_nccl": true, "devices_per_worker": 1, "primary_resource": "extra_gpu", "gpu": false, "verbose": false, "lr_config": {"mode": "log", "steps": 5, "initial_lr": 0.0001, "target_lr": 0.0001}, "batch_per_device": 1024}, "time_since_restore": 35.34971761703491, "timesteps_since_restore": 0, "iterations_since_restore": 4, "mean_throughput": 6789.216166818731, "atoms": 1}
{"apply": 0.009261322021484376, "batch_time": 0.13384778499603273, "d2h": 0.00476531982421875, "data_time": 0.040100671807113956, "fwd": 0.024469900131225585, "get_state_time_mean": NaN, "get_state_time_total": 0.0, "grad": 0.051149177551269534, "mean_accuracy": 0.3946000039577484, "mean_loss": 1.6430968372344972, "neg_mean_accuracy": -0.3946000039577484, "set_state_time_mean": NaN, "set_state_time_total": 0.0, "setup_model_time_mean": NaN, "setup_model_time_total": 0.0, "setup_proc_time_mean": NaN, "setup_proc_time_total": 0.0, "train_accuracy": 0.3510800004005432, "train_loss": 1.7588556715774537, "training_time_mean": NaN, "training_time_total": 0.0, "validation_time_mean": NaN, "validation_time_total": 0.0, "samples": 60000, "num_workers": 1, "done": false, "timesteps_total": null, "episodes_total": null, "training_iteration": 5, "neg_mean_loss": -1.6430968372344972, "experiment_id": "b8ccac73bb274ed3b206a7f2c358b6bd", "date": "2019-05-30_14-51-23", "timestamp": 1559253083, "time_this_iter_s": 8.20518445968628, "time_total_s": 43.55490207672119, "pid": 16090, "hostname": "steropes", "node_ip": "169.229.49.254", "config": {"starting_lr": 0.0001, "momentum": 0.997, "weight_decay": 0.001, "steps_per_iteration": null, "pin": false, "model_creator": null, "target_batch_size": 1024, "model_string": "resnet18", "min_batch_size": 512, "dataset": "CIFAR", "placement": null, "use_nccl": true, "devices_per_worker": 1, "primary_resource": "extra_gpu", "gpu": false, "verbose": false, "lr_config": {"mode": "log", "steps": 5, "initial_lr": 0.0001, "target_lr": 0.0001}, "batch_per_device": 1024}, "time_since_restore": 43.55490207672119, "timesteps_since_restore": 0, "iterations_since_restore": 5, "mean_throughput": 6887.731269729871, "atoms": 1}
{"apply": 0.009453439712524414, "batch_time": 0.14232177734375, "d2h": 0.005136513710021972, "data_time": 0.04380641178208954, "fwd": 0.025458455085754395, "get_state_time_mean": NaN, "get_state_time_total": 0.0, "grad": 0.05899658203125, "mean_accuracy": 0.397599995136261, "mean_loss": 1.6019213499069214, "neg_mean_accuracy": -0.397599995136261, "set_state_time_mean": NaN, "set_state_time_total": 0.0, "setup_model_time_mean": NaN, "setup_model_time_total": 0.0, "setup_proc_time_mean": NaN, "setup_proc_time_total": 0.0, "train_accuracy": 0.3755199909210205, "train_loss": 1.6897594199371337, "training_time_mean": NaN, "training_time_total": 0.0, "validation_time_mean": NaN, "validation_time_total": 0.0, "samples": 60000, "num_workers": 1, "done": false, "timesteps_total": null, "episodes_total": null, "training_iteration": 6, "neg_mean_loss": -1.6019213499069214, "experiment_id": "b8ccac73bb274ed3b206a7f2c358b6bd", "date": "2019-05-30_14-51-32", "timestamp": 1559253092, "time_this_iter_s": 8.257566452026367, "time_total_s": 51.81246852874756, "pid": 16090, "hostname": "steropes", "node_ip": "169.229.49.254", "config": {"starting_lr": 0.0001, "momentum": 0.997, "weight_decay": 0.001, "steps_per_iteration": null, "pin": false, "model_creator": null, "target_batch_size": 1024, "model_string": "resnet18", "min_batch_size": 512, "dataset": "CIFAR", "placement": null, "use_nccl": true, "devices_per_worker": 1, "primary_resource": "extra_gpu", "gpu": false, "verbose": false, "lr_config": {"mode": "log", "steps": 5, "initial_lr": 0.0001, "target_lr": 0.0001}, "batch_per_device": 1024}, "time_since_restore": 51.81246852874756, "timesteps_since_restore": 0, "iterations_since_restore": 6, "mean_throughput": 7390.292852049131, "atoms": 1}
{"apply": 0.008448076248168946, "batch_time": 0.14046940803527833, "d2h": 0.004417514801025391, "data_time": 0.048465548729409974, "fwd": 0.0314786434173584, "get_state_time_mean": NaN, "get_state_time_total": 0.0, "grad": 0.04952821731567383, "mean_accuracy": 0.4377000033855438, "mean_loss": 1.5321266946792602, "neg_mean_accuracy": -0.4377000033855438, "set_state_time_mean": NaN, "set_state_time_total": 0.0, "setup_model_time_mean": NaN, "setup_model_time_total": 0.0, "setup_proc_time_mean": NaN, "setup_proc_time_total": 0.0, "train_accuracy": 0.39513999223709106, "train_loss": 1.6228847673416138, "training_time_mean": NaN, "training_time_total": 0.0, "validation_time_mean": NaN, "validation_time_total": 0.0, "samples": 60000, "num_workers": 1, "done": false, "timesteps_total": null, "episodes_total": null, "training_iteration": 7, "neg_mean_loss": -1.5321266946792602, "experiment_id": "b8ccac73bb274ed3b206a7f2c358b6bd", "date": "2019-05-30_14-51-40", "timestamp": 1559253100, "time_this_iter_s": 8.624866724014282, "time_total_s": 60.43733525276184, "pid": 16090, "hostname": "steropes", "node_ip": "169.229.49.254", "config": {"starting_lr": 0.0001, "momentum": 0.997, "weight_decay": 0.001, "steps_per_iteration": null, "pin": false, "model_creator": null, "target_batch_size": 1024, "model_string": "resnet18", "min_batch_size": 512, "dataset": "CIFAR", "placement": null, "use_nccl": true, "devices_per_worker": 1, "primary_resource": "extra_gpu", "gpu": false, "verbose": false, "lr_config": {"mode": "log", "steps": 5, "initial_lr": 0.0001, "target_lr": 0.0001}, "batch_per_device": 1024}, "time_since_restore": 60.43733525276184, "timesteps_since_restore": 0, "iterations_since_restore": 7, "mean_throughput": 7234.4613443606695, "atoms": 1}
{"apply": 0.00853884220123291, "batch_time": 0.13504493236541748, "d2h": 0.004812073707580566, "data_time": 0.03637332332377531, "fwd": 0.030274486541748045, "get_state_time_mean": NaN, "get_state_time_total": 0.0, "grad": 0.047447371482849124, "mean_accuracy": 0.44749999046325684, "mean_loss": 1.4796887329101562, "neg_mean_accuracy": -0.44749999046325684, "set_state_time_mean": NaN, "set_state_time_total": 0.0, "setup_model_time_mean": NaN, "setup_model_time_total": 0.0, "setup_proc_time_mean": NaN, "setup_proc_time_total": 0.0, "train_accuracy": 0.41641998291015625, "train_loss": 1.57124744140625, "training_time_mean": NaN, "training_time_total": 0.0, "validation_time_mean": NaN, "validation_time_total": 0.0, "samples": 60000, "num_workers": 1, "done": false, "timesteps_total": null, "episodes_total": null, "training_iteration": 8, "neg_mean_loss": -1.4796887329101562, "experiment_id": "b8ccac73bb274ed3b206a7f2c358b6bd", "date": "2019-05-30_14-51-48", "timestamp": 1559253108, "time_this_iter_s": 7.91840386390686, "time_total_s": 68.3557391166687, "pid": 16090, "hostname": "steropes", "node_ip": "169.229.49.254", "config": {"starting_lr": 0.0001, "momentum": 0.997, "weight_decay": 0.001, "steps_per_iteration": null, "pin": false, "model_creator": null, "target_batch_size": 1024, "model_string": "resnet18", "min_batch_size": 512, "dataset": "CIFAR", "placement": null, "use_nccl": true, "devices_per_worker": 1, "primary_resource": "extra_gpu", "gpu": false, "verbose": false, "lr_config": {"mode": "log", "steps": 5, "initial_lr": 0.0001, "target_lr": 0.0001}, "batch_per_device": 1024}, "time_since_restore": 68.3557391166687, "timesteps_since_restore": 0, "iterations_since_restore": 8, "mean_throughput": 7339.4654238503845, "atoms": 1}
{"apply": 0.00836167335510254, "batch_time": 0.13415732383728027, "d2h": 0.005206871032714844, "data_time": 0.035893503500490774, "fwd": 0.02778768539428711, "get_state_time_mean": NaN, "get_state_time_total": 0.0, "grad": 0.05092794895172119, "mean_accuracy": 0.47039997577667236, "mean_loss": 1.4464977897644042, "neg_mean_accuracy": -0.47039997577667236, "set_state_time_mean": NaN, "set_state_time_total": 0.0, "setup_model_time_mean": NaN, "setup_model_time_total": 0.0, "setup_proc_time_mean": NaN, "setup_proc_time_total": 0.0, "train_accuracy": 0.43658000230789185, "train_loss": 1.5296576470184327, "training_time_mean": NaN, "training_time_total": 0.0, "validation_time_mean": NaN, "validation_time_total": 0.0, "samples": 60000, "num_workers": 1, "done": false, "timesteps_total": null, "episodes_total": null, "training_iteration": 9, "neg_mean_loss": -1.4464977897644042, "experiment_id": "b8ccac73bb274ed3b206a7f2c358b6bd", "date": "2019-05-30_14-51-57", "timestamp": 1559253117, "time_this_iter_s": 8.236350536346436, "time_total_s": 76.59208965301514, "pid": 16090, "hostname": "steropes", "node_ip": "169.229.49.254", "config": {"starting_lr": 0.0001, "momentum": 0.997, "weight_decay": 0.001, "steps_per_iteration": null, "pin": false, "model_creator": null, "target_batch_size": 1024, "model_string": "resnet18", "min_batch_size": 512, "dataset": "CIFAR", "placement": null, "use_nccl": true, "devices_per_worker": 1, "primary_resource": "extra_gpu", "gpu": false, "verbose": false, "lr_config": {"mode": "log", "steps": 5, "initial_lr": 0.0001, "target_lr": 0.0001}, "batch_per_device": 1024}, "time_since_restore": 76.59208965301514, "timesteps_since_restore": 0, "iterations_since_restore": 9, "mean_throughput": 7273.951250381194, "atoms": 1}
{"apply": 0.007766008377075195, "batch_time": 0.14715325832366943, "d2h": 0.0050658702850341795, "data_time": 0.04081670605406469, "fwd": 0.026123833656311036, "get_state_time_mean": NaN, "get_state_time_total": 0.0, "grad": 0.054099082946777344, "mean_accuracy": 0.483599990606308, "mean_loss": 1.4013899003982544, "neg_mean_accuracy": -0.483599990606308, "set_state_time_mean": NaN, "set_state_time_total": 0.0, "setup_model_time_mean": NaN, "setup_model_time_total": 0.0, "setup_proc_time_mean": NaN, "setup_proc_time_total": 0.0, "train_accuracy": 0.4495599865913391, "train_loss": 1.4896117446136474, "training_time_mean": NaN, "training_time_total": 0.0, "validation_time_mean": NaN, "validation_time_total": 0.0, "samples": 60000, "num_workers": 1, "done": false, "timesteps_total": null, "episodes_total": null, "training_iteration": 10, "neg_mean_loss": -1.4013899003982544, "experiment_id": "b8ccac73bb274ed3b206a7f2c358b6bd", "date": "2019-05-30_14-52-05", "timestamp": 1559253125, "time_this_iter_s": 8.606631755828857, "time_total_s": 85.198721408844, "pid": 16090, "hostname": "steropes", "node_ip": "169.229.49.254", "config": {"starting_lr": 0.0001, "momentum": 0.997, "weight_decay": 0.001, "steps_per_iteration": null, "pin": false, "model_creator": null, "target_batch_size": 1024, "model_string": "resnet18", "min_batch_size": 512, "dataset": "CIFAR", "placement": null, "use_nccl": true, "devices_per_worker": 1, "primary_resource": "extra_gpu", "gpu": false, "verbose": false, "lr_config": {"mode": "log", "steps": 5, "initial_lr": 0.0001, "target_lr": 0.0001}, "batch_per_device": 1024}, "time_since_restore": 85.198721408844, "timesteps_since_restore": 0, "iterations_since_restore": 10, "mean_throughput": 7203.877473089739, "atoms": 1}
{"apply": 0.00879685878753662, "batch_time": 0.15038011074066163, "d2h": 0.005542397499084473, "data_time": 0.050276605450377175, "fwd": 0.022189402580261232, "get_state_time_mean": NaN, "get_state_time_total": 0.0, "grad": 0.04809460639953613, "mean_accuracy": 0.49719998240470886, "mean_loss": 1.375776198577881, "neg_mean_accuracy": -0.49719998240470886, "set_state_time_mean": NaN, "set_state_time_total": 0.0, "setup_model_time_mean": NaN, "setup_model_time_total": 0.0, "setup_proc_time_mean": NaN, "setup_proc_time_total": 0.0, "train_accuracy": 0.46167999505996704, "train_loss": 1.456390234336853, "training_time_mean": NaN, "training_time_total": 0.0, "validation_time_mean": NaN, "validation_time_total": 0.0, "samples": 60000, "num_workers": 1, "done": false, "timesteps_total": null, "episodes_total": null, "training_iteration": 11, "neg_mean_loss": -1.375776198577881, "experiment_id": "b8ccac73bb274ed3b206a7f2c358b6bd", "date": "2019-05-30_14-52-14", "timestamp": 1559253134, "time_this_iter_s": 9.06837272644043, "time_total_s": 94.26709413528442, "pid": 16090, "hostname": "steropes", "node_ip": "169.229.49.254", "config": {"starting_lr": 0.0001, "momentum": 0.997, "weight_decay": 0.001, "steps_per_iteration": null, "pin": false, "model_creator": null, "target_batch_size": 1024, "model_string": "resnet18", "min_batch_size": 512, "dataset": "CIFAR", "placement": null, "use_nccl": true, "devices_per_worker": 1, "primary_resource": "extra_gpu", "gpu": false, "verbose": false, "lr_config": {"mode": "log", "steps": 5, "initial_lr": 0.0001, "target_lr": 0.0001}, "batch_per_device": 1024}, "time_since_restore": 94.26709413528442, "timesteps_since_restore": 0, "iterations_since_restore": 11, "mean_throughput": 7066.298250672088, "atoms": 1}
{"apply": 0.009766173362731934, "batch_time": 0.12975842952728273, "d2h": 0.005274081230163574, "data_time": 0.039053659049832094, "fwd": 0.023514962196350096, "get_state_time_mean": NaN, "get_state_time_total": 0.0, "grad": 0.04464402198791504, "mean_accuracy": 0.5033999681472778, "mean_loss": 1.3571143718719483, "neg_mean_accuracy": -0.5033999681472778, "set_state_time_mean": NaN, "set_state_time_total": 0.0, "setup_model_time_mean": NaN, "setup_model_time_total": 0.0, "setup_proc_time_mean": NaN, "setup_proc_time_total": 0.0, "train_accuracy": 0.4791199862957001, "train_loss": 1.4218763068389892, "training_time_mean": NaN, "training_time_total": 0.0, "validation_time_mean": NaN, "validation_time_total": 0.0, "samples": 60000, "num_workers": 1, "done": true, "timesteps_total": null, "episodes_total": null, "training_iteration": 12, "neg_mean_loss": -1.3571143718719483, "experiment_id": "b8ccac73bb274ed3b206a7f2c358b6bd", "date": "2019-05-30_14-52-23", "timestamp": 1559253143, "time_this_iter_s": 8.33878493309021, "time_total_s": 102.60587906837463, "pid": 16090, "hostname": "steropes", "node_ip": "169.229.49.254", "config": {"starting_lr": 0.0001, "momentum": 0.997, "weight_decay": 0.001, "steps_per_iteration": null, "pin": false, "model_creator": null, "target_batch_size": 1024, "model_string": "resnet18", "min_batch_size": 512, "dataset": "CIFAR", "placement": null, "use_nccl": true, "devices_per_worker": 1, "primary_resource": "extra_gpu", "gpu": false, "verbose": false, "lr_config": {"mode": "log", "steps": 5, "initial_lr": 0.0001, "target_lr": 0.0001}, "batch_per_device": 1024}, "time_since_restore": 102.60587906837463, "timesteps_since_restore": 0, "iterations_since_restore": 12, "mean_throughput": 7114.236760990131, "atoms": 1}
