apply,batch_time,d2h,data_time,fwd,get_state_time_mean,get_state_time_total,grad,mean_accuracy,mean_loss,neg_mean_accuracy,set_state_time_mean,set_state_time_total,setup_model_time_mean,setup_model_time_total,setup_proc_time_mean,setup_proc_time_total,train_accuracy,train_loss,training_time_mean,training_time_total,validation_time_mean,validation_time_total,samples,num_workers,done,timesteps_total,episodes_total,training_iteration,neg_mean_loss,experiment_id,date,timestamp,time_this_iter_s,time_total_s,pid,hostname,node_ip,config,time_since_restore,timesteps_since_restore,iterations_since_restore,mean_throughput,atoms
0.008160257339477539,0.20147907733917236,0.004715085029602051,0.03497826323217275,0.09998314380645752,nan,0.0,0.1534813165664673,0.17639999091625214,3.9241413089752197,-0.17639999091625214,nan,0.0,9.197099447250366,9.197099447250366,0.14591121673583984,0.14591121673583984,0.06755999475717545,6.028156190643311,nan,0.0,nan,0.0,60000,1,False,,,1,-3.9241413089752197,8e5d547f228445eba8be477927b1576d,2019-05-30_14-49-00,1559252940,12.21929407119751,12.21929407119751,6400,steropes,169.229.49.254,"{'starting_lr': 0.0001, 'momentum': 0.99, 'weight_decay': 0.005, 'steps_per_iteration': None, 'pin': False, 'model_creator': None, 'target_batch_size': 1024, 'model_string': 'resnet18', 'min_batch_size': 512, 'dataset': 'CIFAR', 'placement': None, 'use_nccl': True, 'devices_per_worker': 1, 'primary_resource': 'extra_gpu', 'gpu': False, 'verbose': False, 'lr_config': {'mode': 'log', 'steps': 5, 'initial_lr': 0.0001, 'target_lr': 0.0001}, 'batch_per_device': 1024}",12.21929407119751,0,1,4910.221974764763,1
0.007259106636047364,0.14400455951690674,0.00588233470916748,0.03569787375781001,0.026433539390563966,nan,0.0,0.057114481925964355,0.2638999819755554,2.0422517486572267,-0.2638999819755554,nan,0.0,nan,0.0,nan,0.0,0.2249399870634079,2.546486519622803,nan,0.0,nan,0.0,60000,1,False,,,2,-2.0422517486572267,8e5d547f228445eba8be477927b1576d,2019-05-30_14-49-08,1559252948,7.8677449226379395,20.08703899383545,6400,steropes,169.229.49.254,"{'starting_lr': 0.0001, 'momentum': 0.99, 'weight_decay': 0.005, 'steps_per_iteration': None, 'pin': False, 'model_creator': None, 'target_batch_size': 1024, 'model_string': 'resnet18', 'min_batch_size': 512, 'dataset': 'CIFAR', 'placement': None, 'use_nccl': True, 'devices_per_worker': 1, 'primary_resource': 'extra_gpu', 'gpu': False, 'verbose': False, 'lr_config': {'mode': 'log', 'steps': 5, 'initial_lr': 0.0001, 'target_lr': 0.0001}, 'batch_per_device': 1024}",20.08703899383545,0,2,5973.9224568237705,1
0.008964848518371583,0.15306742191314698,0.004436850547790527,0.050360859656820495,0.029798507690429688,nan,0.0,0.04955873489379883,0.3165999948978424,1.8844849126815797,-0.3165999948978424,nan,0.0,nan,0.0,nan,0.0,0.2796599864959717,2.0005495859527587,nan,0.0,nan,0.0,60000,1,False,,,3,-1.8844849126815797,8e5d547f228445eba8be477927b1576d,2019-05-30_14-49-17,1559252957,8.981807708740234,29.068846702575684,6400,steropes,169.229.49.254,"{'starting_lr': 0.0001, 'momentum': 0.99, 'weight_decay': 0.005, 'steps_per_iteration': None, 'pin': False, 'model_creator': None, 'target_batch_size': 1024, 'model_string': 'resnet18', 'min_batch_size': 512, 'dataset': 'CIFAR', 'placement': None, 'use_nccl': True, 'devices_per_worker': 1, 'primary_resource': 'extra_gpu', 'gpu': False, 'verbose': False, 'lr_config': {'mode': 'log', 'steps': 5, 'initial_lr': 0.0001, 'target_lr': 0.0001}, 'batch_per_device': 1024}",29.068846702575684,0,3,6192.122893363103,1
0.008298182487487793,0.1522852897644043,0.0053691864013671875,0.033094084992700695,0.0291670560836792,nan,0.0,0.058359503746032715,0.3571999967098236,1.7451159435272217,-0.3571999967098236,nan,0.0,nan,0.0,nan,0.0,0.3246400058269501,1.8576472700119018,nan,0.0,nan,0.0,60000,1,False,,,4,-1.7451159435272217,8e5d547f228445eba8be477927b1576d,2019-05-30_14-49-26,1559252966,8.516835451126099,37.58568215370178,6400,steropes,169.229.49.254,"{'starting_lr': 0.0001, 'momentum': 0.99, 'weight_decay': 0.005, 'steps_per_iteration': None, 'pin': False, 'model_creator': None, 'target_batch_size': 1024, 'model_string': 'resnet18', 'min_batch_size': 512, 'dataset': 'CIFAR', 'placement': None, 'use_nccl': True, 'devices_per_worker': 1, 'primary_resource': 'extra_gpu', 'gpu': False, 'verbose': False, 'lr_config': {'mode': 'log', 'steps': 5, 'initial_lr': 0.0001, 'target_lr': 0.0001}, 'batch_per_device': 1024}",37.58568215370178,0,4,6385.339162810364,1
0.010329365730285645,0.1503596782684326,0.009493350982666016,0.041274922234671454,0.03148584365844727,nan,0.0,0.05072097778320313,0.38449999690055847,1.65475659198761,-0.38449999690055847,nan,0.0,nan,0.0,nan,0.0,0.348580002784729,1.7631393576431273,nan,0.0,nan,0.0,60000,1,False,,,5,-1.65475659198761,8e5d547f228445eba8be477927b1576d,2019-05-30_14-49-34,1559252974,8.499424457550049,46.08510661125183,6400,steropes,169.229.49.254,"{'starting_lr': 0.0001, 'momentum': 0.99, 'weight_decay': 0.005, 'steps_per_iteration': None, 'pin': False, 'model_creator': None, 'target_batch_size': 1024, 'model_string': 'resnet18', 'min_batch_size': 512, 'dataset': 'CIFAR', 'placement': None, 'use_nccl': True, 'devices_per_worker': 1, 'primary_resource': 'extra_gpu', 'gpu': False, 'verbose': False, 'lr_config': {'mode': 'log', 'steps': 5, 'initial_lr': 0.0001, 'target_lr': 0.0001}, 'batch_per_device': 1024}",46.08510661125183,0,5,6509.622515974851,1
0.007881903648376464,0.15210337638854982,0.004735255241394043,0.032016729821964185,0.030347728729248048,nan,0.0,0.044225764274597165,0.41499999165534973,1.596665867614746,-0.41499999165534973,nan,0.0,nan,0.0,nan,0.0,0.3784399926662445,1.683253646659851,nan,0.0,nan,0.0,60000,1,False,,,6,-1.596665867614746,8e5d547f228445eba8be477927b1576d,2019-05-30_14-49-42,1559252982,8.24449610710144,54.32960271835327,6400,steropes,169.229.49.254,"{'starting_lr': 0.0001, 'momentum': 0.99, 'weight_decay': 0.005, 'steps_per_iteration': None, 'pin': False, 'model_creator': None, 'target_batch_size': 1024, 'model_string': 'resnet18', 'min_batch_size': 512, 'dataset': 'CIFAR', 'placement': None, 'use_nccl': True, 'devices_per_worker': 1, 'primary_resource': 'extra_gpu', 'gpu': False, 'verbose': False, 'lr_config': {'mode': 'log', 'steps': 5, 'initial_lr': 0.0001, 'target_lr': 0.0001}, 'batch_per_device': 1024}",54.32960271835327,0,6,7124.063745660075,1
0.007933473587036133,0.1465583324432373,0.004454708099365235,0.03545056557168766,0.02769923210144043,nan,0.0,0.04745981693267822,0.43789997696876526,1.5369541765213013,-0.43789997696876526,nan,0.0,nan,0.0,nan,0.0,0.40021997690200806,1.6232272916030883,nan,0.0,nan,0.0,60000,1,False,,,7,-1.5369541765213013,8e5d547f228445eba8be477927b1576d,2019-05-30_14-49-51,1559252991,8.166561126708984,62.496163845062256,6400,steropes,169.229.49.254,"{'starting_lr': 0.0001, 'momentum': 0.99, 'weight_decay': 0.005, 'steps_per_iteration': None, 'pin': False, 'model_creator': None, 'target_batch_size': 1024, 'model_string': 'resnet18', 'min_batch_size': 512, 'dataset': 'CIFAR', 'placement': None, 'use_nccl': True, 'devices_per_worker': 1, 'primary_resource': 'extra_gpu', 'gpu': False, 'verbose': False, 'lr_config': {'mode': 'log', 'steps': 5, 'initial_lr': 0.0001, 'target_lr': 0.0001}, 'batch_per_device': 1024}",62.496163845062256,0,7,7073.879210545511,1
0.009340858459472657,0.1594935178756714,0.0046535968780517575,0.03912790940732372,0.02474539279937744,nan,0.0,0.04500825405120849,0.45080000162124634,1.4907000692367554,-0.45080000162124634,nan,0.0,nan,0.0,nan,0.0,0.42100000381469727,1.5698790333557129,nan,0.0,nan,0.0,60000,1,False,,,8,-1.4907000692367554,8e5d547f228445eba8be477927b1576d,2019-05-30_14-49-59,1559252999,8.362996101379395,70.85915994644165,6400,steropes,169.229.49.254,"{'starting_lr': 0.0001, 'momentum': 0.99, 'weight_decay': 0.005, 'steps_per_iteration': None, 'pin': False, 'model_creator': None, 'target_batch_size': 1024, 'model_string': 'resnet18', 'min_batch_size': 512, 'dataset': 'CIFAR', 'placement': None, 'use_nccl': True, 'devices_per_worker': 1, 'primary_resource': 'extra_gpu', 'gpu': False, 'verbose': False, 'lr_config': {'mode': 'log', 'steps': 5, 'initial_lr': 0.0001, 'target_lr': 0.0001}, 'batch_per_device': 1024}",70.85915994644165,0,8,7178.623123723679,1
0.007274413108825683,0.12520387172698974,0.005028533935546875,0.041473962822738956,0.02323451042175293,nan,0.0,0.044146370887756345,0.4635999798774719,1.4597485189437867,-0.4635999798774719,nan,0.0,nan,0.0,nan,0.0,0.43407997488975525,1.5361655736160278,nan,0.0,nan,0.0,60000,1,False,,,9,-1.4597485189437867,8e5d547f228445eba8be477927b1576d,2019-05-30_14-50-07,1559253007,8.149352312088013,79.00851225852966,6400,steropes,169.229.49.254,"{'starting_lr': 0.0001, 'momentum': 0.99, 'weight_decay': 0.005, 'steps_per_iteration': None, 'pin': False, 'model_creator': None, 'target_batch_size': 1024, 'model_string': 'resnet18', 'min_batch_size': 512, 'dataset': 'CIFAR', 'placement': None, 'use_nccl': True, 'devices_per_worker': 1, 'primary_resource': 'extra_gpu', 'gpu': False, 'verbose': False, 'lr_config': {'mode': 'log', 'steps': 5, 'initial_lr': 0.0001, 'target_lr': 0.0001}, 'batch_per_device': 1024}",79.00851225852966,0,9,7242.307245202922,1
0.007575106620788574,0.13368067741394044,0.004886794090270996,0.05552802280503876,0.02405989170074463,nan,0.0,0.04555196762084961,0.4813999831676483,1.4224295570373535,-0.4813999831676483,nan,0.0,nan,0.0,nan,0.0,0.4499799907207489,1.49788935546875,nan,0.0,nan,0.0,60000,1,False,,,10,-1.4224295570373535,8e5d547f228445eba8be477927b1576d,2019-05-30_14-50-16,1559253016,8.62118148803711,87.62969374656677,6400,steropes,169.229.49.254,"{'starting_lr': 0.0001, 'momentum': 0.99, 'weight_decay': 0.005, 'steps_per_iteration': None, 'pin': False, 'model_creator': None, 'target_batch_size': 1024, 'model_string': 'resnet18', 'min_batch_size': 512, 'dataset': 'CIFAR', 'placement': None, 'use_nccl': True, 'devices_per_worker': 1, 'primary_resource': 'extra_gpu', 'gpu': False, 'verbose': False, 'lr_config': {'mode': 'log', 'steps': 5, 'initial_lr': 0.0001, 'target_lr': 0.0001}, 'batch_per_device': 1024}",87.62969374656677,0,10,7221.084520593506,1
0.00949084758758545,0.1574472188949585,0.006054592132568359,0.04125921580256248,0.02552163600921631,nan,0.0,0.061346125602722165,0.48819997906684875,1.3989650386810302,-0.48819997906684875,nan,0.0,nan,0.0,nan,0.0,0.45758000016212463,1.4760528507614137,nan,0.0,nan,0.0,60000,1,False,,,11,-1.3989650386810302,8e5d547f228445eba8be477927b1576d,2019-05-30_14-50-24,1559253024,8.494007349014282,96.12370109558105,6400,steropes,169.229.49.254,"{'starting_lr': 0.0001, 'momentum': 0.99, 'weight_decay': 0.005, 'steps_per_iteration': None, 'pin': False, 'model_creator': None, 'target_batch_size': 1024, 'model_string': 'resnet18', 'min_batch_size': 512, 'dataset': 'CIFAR', 'placement': None, 'use_nccl': True, 'devices_per_worker': 1, 'primary_resource': 'extra_gpu', 'gpu': False, 'verbose': False, 'lr_config': {'mode': 'log', 'steps': 5, 'initial_lr': 0.0001, 'target_lr': 0.0001}, 'batch_per_device': 1024}",96.12370109558105,0,11,7177.976388291409,1
0.007845091819763183,0.12546231746673583,0.004796075820922852,0.04747233585435517,0.025455164909362792,nan,0.0,0.04582912921905517,0.4952999949455261,1.3806622890472413,-0.4952999949455261,nan,0.0,nan,0.0,nan,0.0,0.4732799828052521,1.4451625541687012,nan,0.0,nan,0.0,60000,1,True,,,12,-1.3806622890472413,8e5d547f228445eba8be477927b1576d,2019-05-30_14-50-32,1559253032,8.028708934783936,104.15241003036499,6400,steropes,169.229.49.254,"{'starting_lr': 0.0001, 'momentum': 0.99, 'weight_decay': 0.005, 'steps_per_iteration': None, 'pin': False, 'model_creator': None, 'target_batch_size': 1024, 'model_string': 'resnet18', 'min_batch_size': 512, 'dataset': 'CIFAR', 'placement': None, 'use_nccl': True, 'devices_per_worker': 1, 'primary_resource': 'extra_gpu', 'gpu': False, 'verbose': False, 'lr_config': {'mode': 'log', 'steps': 5, 'initial_lr': 0.0001, 'target_lr': 0.0001}, 'batch_per_device': 1024}",104.15241003036499,0,12,7201.730666450229,1
