{"apply": 0.00754539966583252, "batch_time": 0.19468355178833008, "d2h": 0.006196141242980957, "data_time": 0.03738462681673011, "fwd": 0.08416509628295898, "get_state_time_mean": NaN, "get_state_time_total": 0.0, "grad": 0.17492740154266356, "mean_accuracy": 0.33469998836517334, "mean_loss": 1.8622205337524413, "neg_mean_accuracy": -0.33469998836517334, "set_state_time_mean": NaN, "set_state_time_total": 0.0, "setup_model_time_mean": 15.110134840011597, "setup_model_time_total": 15.110134840011597, "setup_proc_time_mean": 5.532742261886597, "setup_proc_time_total": 5.532742261886597, "train_accuracy": 0.2655999958515167, "train_loss": 2.548025513381958, "training_time_mean": NaN, "training_time_total": 0.0, "validation_time_mean": NaN, "validation_time_total": 0.0, "samples": 60000, "num_workers": 1, "done": false, "timesteps_total": null, "episodes_total": null, "training_iteration": 1, "neg_mean_loss": -1.8622205337524413, "experiment_id": "aca997dc8b884b0d99ea8ee656257dc8", "date": "2019-05-30_14-08-19", "timestamp": 1559250499, "time_this_iter_s": 12.462398767471313, "time_total_s": 12.462398767471313, "pid": 7704, "hostname": "steropes", "node_ip": "169.229.49.254", "config": {"starting_lr": 0.005, "momentum": 0.997, "weight_decay": 0.0005, "steps_per_iteration": null, "pin": false, "model_creator": null, "target_batch_size": 1024, "model_string": "resnet18", "min_batch_size": 512, "dataset": "CIFAR", "placement": null, "use_nccl": true, "devices_per_worker": 1, "primary_resource": "extra_gpu", "gpu": false, "verbose": false, "lr_config": {"mode": "log", "steps": 5, "initial_lr": 0.005, "target_lr": 0.005}, "batch_per_device": 1024}, "time_since_restore": 12.462398767471313, "timesteps_since_restore": 0, "iterations_since_restore": 1, "mean_throughput": 4814.447806274417, "atoms": 1}
{"apply": 0.0077337980270385746, "batch_time": 0.14737634658813475, "d2h": 0.006391096115112305, "data_time": 0.045168185720638354, "fwd": 0.032975196838378906, "get_state_time_mean": NaN, "get_state_time_total": 0.0, "grad": 0.06347718238830566, "mean_accuracy": 0.38019999861717224, "mean_loss": 1.8217420125961303, "neg_mean_accuracy": -0.38019999861717224, "set_state_time_mean": NaN, "set_state_time_total": 0.0, "setup_model_time_mean": NaN, "setup_model_time_total": 0.0, "setup_proc_time_mean": NaN, "setup_proc_time_total": 0.0, "train_accuracy": 0.3919200003147125, "train_loss": 1.657358780860901, "training_time_mean": NaN, "training_time_total": 0.0, "validation_time_mean": NaN, "validation_time_total": 0.0, "samples": 60000, "num_workers": 1, "done": false, "timesteps_total": null, "episodes_total": null, "training_iteration": 2, "neg_mean_loss": -1.8217420125961303, "experiment_id": "aca997dc8b884b0d99ea8ee656257dc8", "date": "2019-05-30_14-08-27", "timestamp": 1559250507, "time_this_iter_s": 8.743998289108276, "time_total_s": 21.20639705657959, "pid": 7704, "hostname": "steropes", "node_ip": "169.229.49.254", "config": {"starting_lr": 0.005, "momentum": 0.997, "weight_decay": 0.0005, "steps_per_iteration": null, "pin": false, "model_creator": null, "target_batch_size": 1024, "model_string": "resnet18", "min_batch_size": 512, "dataset": "CIFAR", "placement": null, "use_nccl": true, "devices_per_worker": 1, "primary_resource": "extra_gpu", "gpu": false, "verbose": false, "lr_config": {"mode": "log", "steps": 5, "initial_lr": 0.005, "target_lr": 0.005}, "batch_per_device": 1024}, "time_since_restore": 21.20639705657959, "timesteps_since_restore": 0, "iterations_since_restore": 2, "mean_throughput": 5658.622979555209, "atoms": 1}
{"apply": 0.00865318775177002, "batch_time": 0.1373526334762573, "d2h": 0.008031296730041503, "data_time": 0.04602362671676947, "fwd": 0.03751657009124756, "get_state_time_mean": NaN, "get_state_time_total": 0.0, "grad": 0.06112196445465088, "mean_accuracy": 0.4390999972820282, "mean_loss": 1.6483448583602904, "neg_mean_accuracy": -0.4390999972820282, "set_state_time_mean": NaN, "set_state_time_total": 0.0, "setup_model_time_mean": NaN, "setup_model_time_total": 0.0, "setup_proc_time_mean": NaN, "setup_proc_time_total": 0.0, "train_accuracy": 0.4311399757862091, "train_loss": 1.550693997001648, "training_time_mean": NaN, "training_time_total": 0.0, "validation_time_mean": NaN, "validation_time_total": 0.0, "samples": 60000, "num_workers": 1, "done": false, "timesteps_total": null, "episodes_total": null, "training_iteration": 3, "neg_mean_loss": -1.6483448583602904, "experiment_id": "aca997dc8b884b0d99ea8ee656257dc8", "date": "2019-05-30_14-08-36", "timestamp": 1559250516, "time_this_iter_s": 9.042837381362915, "time_total_s": 30.249234437942505, "pid": 7704, "hostname": "steropes", "node_ip": "169.229.49.254", "config": {"starting_lr": 0.005, "momentum": 0.997, "weight_decay": 0.0005, "steps_per_iteration": null, "pin": false, "model_creator": null, "target_batch_size": 1024, "model_string": "resnet18", "min_batch_size": 512, "dataset": "CIFAR", "placement": null, "use_nccl": true, "devices_per_worker": 1, "primary_resource": "extra_gpu", "gpu": false, "verbose": false, "lr_config": {"mode": "log", "steps": 5, "initial_lr": 0.005, "target_lr": 0.005}, "batch_per_device": 1024}, "time_since_restore": 30.249234437942505, "timesteps_since_restore": 0, "iterations_since_restore": 3, "mean_throughput": 5950.5126502834555, "atoms": 1}
{"apply": 0.00811455249786377, "batch_time": 0.12360761165618897, "d2h": 0.007047796249389648, "data_time": 0.03992995437310667, "fwd": 0.03228540420532226, "get_state_time_mean": NaN, "get_state_time_total": 0.0, "grad": 0.0681159257888794, "mean_accuracy": 0.48179998993873596, "mean_loss": 1.4868142107009887, "neg_mean_accuracy": -0.48179998993873596, "set_state_time_mean": NaN, "set_state_time_total": 0.0, "setup_model_time_mean": NaN, "setup_model_time_total": 0.0, "setup_proc_time_mean": NaN, "setup_proc_time_total": 0.0, "train_accuracy": 0.4529799818992615, "train_loss": 1.5003124765396119, "training_time_mean": NaN, "training_time_total": 0.0, "validation_time_mean": NaN, "validation_time_total": 0.0, "samples": 60000, "num_workers": 1, "done": false, "timesteps_total": null, "episodes_total": null, "training_iteration": 4, "neg_mean_loss": -1.4868142107009887, "experiment_id": "aca997dc8b884b0d99ea8ee656257dc8", "date": "2019-05-30_14-08-45", "timestamp": 1559250525, "time_this_iter_s": 8.843987226486206, "time_total_s": 39.09322166442871, "pid": 7704, "hostname": "steropes", "node_ip": "169.229.49.254", "config": {"starting_lr": 0.005, "momentum": 0.997, "weight_decay": 0.0005, "steps_per_iteration": null, "pin": false, "model_creator": null, "target_batch_size": 1024, "model_string": "resnet18", "min_batch_size": 512, "dataset": "CIFAR", "placement": null, "use_nccl": true, "devices_per_worker": 1, "primary_resource": "extra_gpu", "gpu": false, "verbose": false, "lr_config": {"mode": "log", "steps": 5, "initial_lr": 0.005, "target_lr": 0.005}, "batch_per_device": 1024}, "time_since_restore": 39.09322166442871, "timesteps_since_restore": 0, "iterations_since_restore": 4, "mean_throughput": 6139.118044733092, "atoms": 1}
{"apply": 0.007009100914001465, "batch_time": 0.1321413516998291, "d2h": 0.00774679183959961, "data_time": 0.03948167878754285, "fwd": 0.03194515705108643, "get_state_time_mean": NaN, "get_state_time_total": 0.0, "grad": 0.06072201728820801, "mean_accuracy": 0.5054000020027161, "mean_loss": 1.4360719564437867, "neg_mean_accuracy": -0.5054000020027161, "set_state_time_mean": NaN, "set_state_time_total": 0.0, "setup_model_time_mean": NaN, "setup_model_time_total": 0.0, "setup_proc_time_mean": NaN, "setup_proc_time_total": 0.0, "train_accuracy": 0.4795199930667877, "train_loss": 1.4411076139450074, "training_time_mean": NaN, "training_time_total": 0.0, "validation_time_mean": NaN, "validation_time_total": 0.0, "samples": 60000, "num_workers": 1, "done": false, "timesteps_total": null, "episodes_total": null, "training_iteration": 5, "neg_mean_loss": -1.4360719564437867, "experiment_id": "aca997dc8b884b0d99ea8ee656257dc8", "date": "2019-05-30_14-08-54", "timestamp": 1559250534, "time_this_iter_s": 8.679141521453857, "time_total_s": 47.77236318588257, "pid": 7704, "hostname": "steropes", "node_ip": "169.229.49.254", "config": {"starting_lr": 0.005, "momentum": 0.997, "weight_decay": 0.0005, "steps_per_iteration": null, "pin": false, "model_creator": null, "target_batch_size": 1024, "model_string": "resnet18", "min_batch_size": 512, "dataset": "CIFAR", "placement": null, "use_nccl": true, "devices_per_worker": 1, "primary_resource": "extra_gpu", "gpu": false, "verbose": false, "lr_config": {"mode": "log", "steps": 5, "initial_lr": 0.005, "target_lr": 0.005}, "batch_per_device": 1024}, "time_since_restore": 47.77236318588257, "timesteps_since_restore": 0, "iterations_since_restore": 5, "mean_throughput": 6279.721304588362, "atoms": 1}
{"apply": 0.008421635627746582, "batch_time": 0.12387070655822754, "d2h": 0.0060798883438110355, "data_time": 0.04579500762783751, "fwd": 0.02691044807434082, "get_state_time_mean": NaN, "get_state_time_total": 0.0, "grad": 0.05140395164489746, "mean_accuracy": 0.5059999823570251, "mean_loss": 1.3815064714431762, "neg_mean_accuracy": -0.5059999823570251, "set_state_time_mean": NaN, "set_state_time_total": 0.0, "setup_model_time_mean": NaN, "setup_model_time_total": 0.0, "setup_proc_time_mean": NaN, "setup_proc_time_total": 0.0, "train_accuracy": 0.5087999701499939, "train_loss": 1.3694837182998658, "training_time_mean": NaN, "training_time_total": 0.0, "validation_time_mean": NaN, "validation_time_total": 0.0, "samples": 60000, "num_workers": 1, "done": false, "timesteps_total": null, "episodes_total": null, "training_iteration": 6, "neg_mean_loss": -1.3815064714431762, "experiment_id": "aca997dc8b884b0d99ea8ee656257dc8", "date": "2019-05-30_14-09-03", "timestamp": 1559250543, "time_this_iter_s": 8.874539375305176, "time_total_s": 56.646902561187744, "pid": 7704, "hostname": "steropes", "node_ip": "169.229.49.254", "config": {"starting_lr": 0.005, "momentum": 0.997, "weight_decay": 0.0005, "steps_per_iteration": null, "pin": false, "model_creator": null, "target_batch_size": 1024, "model_string": "resnet18", "min_batch_size": 512, "dataset": "CIFAR", "placement": null, "use_nccl": true, "devices_per_worker": 1, "primary_resource": "extra_gpu", "gpu": false, "verbose": false, "lr_config": {"mode": "log", "steps": 5, "initial_lr": 0.005, "target_lr": 0.005}, "batch_per_device": 1024}, "time_since_restore": 56.646902561187744, "timesteps_since_restore": 0, "iterations_since_restore": 6, "mean_throughput": 6789.630067146258, "atoms": 1}
{"apply": 0.008195781707763672, "batch_time": 0.13484365940093995, "d2h": 0.005337119102478027, "data_time": 0.03962441366546008, "fwd": 0.029325366020202637, "get_state_time_mean": NaN, "get_state_time_total": 0.0, "grad": 0.054640460014343264, "mean_accuracy": 0.5428999662399292, "mean_loss": 1.3074487161636352, "neg_mean_accuracy": -0.5428999662399292, "set_state_time_mean": NaN, "set_state_time_total": 0.0, "setup_model_time_mean": NaN, "setup_model_time_total": 0.0, "setup_proc_time_mean": NaN, "setup_proc_time_total": 0.0, "train_accuracy": 0.527239978313446, "train_loss": 1.3113203469467163, "training_time_mean": NaN, "training_time_total": 0.0, "validation_time_mean": NaN, "validation_time_total": 0.0, "samples": 60000, "num_workers": 1, "done": false, "timesteps_total": null, "episodes_total": null, "training_iteration": 7, "neg_mean_loss": -1.3074487161636352, "experiment_id": "aca997dc8b884b0d99ea8ee656257dc8", "date": "2019-05-30_14-09-12", "timestamp": 1559250552, "time_this_iter_s": 8.787087202072144, "time_total_s": 65.43398976325989, "pid": 7704, "hostname": "steropes", "node_ip": "169.229.49.254", "config": {"starting_lr": 0.005, "momentum": 0.997, "weight_decay": 0.0005, "steps_per_iteration": null, "pin": false, "model_creator": null, "target_batch_size": 1024, "model_string": "resnet18", "min_batch_size": 512, "dataset": "CIFAR", "placement": null, "use_nccl": true, "devices_per_worker": 1, "primary_resource": "extra_gpu", "gpu": false, "verbose": false, "lr_config": {"mode": "log", "steps": 5, "initial_lr": 0.005, "target_lr": 0.005}, "batch_per_device": 1024}, "time_since_restore": 65.43398976325989, "timesteps_since_restore": 0, "iterations_since_restore": 7, "mean_throughput": 6783.016417769156, "atoms": 1}
{"apply": 0.007243990898132324, "batch_time": 0.13047583103179933, "d2h": 0.006402754783630371, "data_time": 0.04506454662400849, "fwd": 0.027953505516052246, "get_state_time_mean": NaN, "get_state_time_total": 0.0, "grad": 0.04955151081085205, "mean_accuracy": 0.5543000102043152, "mean_loss": 1.2476262577056885, "neg_mean_accuracy": -0.5543000102043152, "set_state_time_mean": NaN, "set_state_time_total": 0.0, "setup_model_time_mean": NaN, "setup_model_time_total": 0.0, "setup_proc_time_mean": NaN, "setup_proc_time_total": 0.0, "train_accuracy": 0.5411999821662903, "train_loss": 1.2674104217147828, "training_time_mean": NaN, "training_time_total": 0.0, "validation_time_mean": NaN, "validation_time_total": 0.0, "samples": 60000, "num_workers": 1, "done": false, "timesteps_total": null, "episodes_total": null, "training_iteration": 8, "neg_mean_loss": -1.2476262577056885, "experiment_id": "aca997dc8b884b0d99ea8ee656257dc8", "date": "2019-05-30_14-09-20", "timestamp": 1559250560, "time_this_iter_s": 8.77544355392456, "time_total_s": 74.20943331718445, "pid": 7704, "hostname": "steropes", "node_ip": "169.229.49.254", "config": {"starting_lr": 0.005, "momentum": 0.997, "weight_decay": 0.0005, "steps_per_iteration": null, "pin": false, "model_creator": null, "target_batch_size": 1024, "model_string": "resnet18", "min_batch_size": 512, "dataset": "CIFAR", "placement": null, "use_nccl": true, "devices_per_worker": 1, "primary_resource": "extra_gpu", "gpu": false, "verbose": false, "lr_config": {"mode": "log", "steps": 5, "initial_lr": 0.005, "target_lr": 0.005}, "batch_per_device": 1024}, "time_since_restore": 74.20943331718445, "timesteps_since_restore": 0, "iterations_since_restore": 8, "mean_throughput": 6824.275171407624, "atoms": 1}
{"apply": 0.007944774627685548, "batch_time": 0.12945995330810547, "d2h": 0.006188321113586426, "data_time": 0.05062604437069017, "fwd": 0.03165888786315918, "get_state_time_mean": NaN, "get_state_time_total": 0.0, "grad": 0.04846100807189942, "mean_accuracy": 0.5649999976158142, "mean_loss": 1.2357314128875732, "neg_mean_accuracy": -0.5649999976158142, "set_state_time_mean": NaN, "set_state_time_total": 0.0, "setup_model_time_mean": NaN, "setup_model_time_total": 0.0, "setup_proc_time_mean": NaN, "setup_proc_time_total": 0.0, "train_accuracy": 0.559719979763031, "train_loss": 1.2195050416183473, "training_time_mean": NaN, "training_time_total": 0.0, "validation_time_mean": NaN, "validation_time_total": 0.0, "samples": 60000, "num_workers": 1, "done": false, "timesteps_total": null, "episodes_total": null, "training_iteration": 9, "neg_mean_loss": -1.2357314128875732, "experiment_id": "aca997dc8b884b0d99ea8ee656257dc8", "date": "2019-05-30_14-09-29", "timestamp": 1559250569, "time_this_iter_s": 8.605385303497314, "time_total_s": 82.81481862068176, "pid": 7704, "hostname": "steropes", "node_ip": "169.229.49.254", "config": {"starting_lr": 0.005, "momentum": 0.997, "weight_decay": 0.0005, "steps_per_iteration": null, "pin": false, "model_creator": null, "target_batch_size": 1024, "model_string": "resnet18", "min_batch_size": 512, "dataset": "CIFAR", "placement": null, "use_nccl": true, "devices_per_worker": 1, "primary_resource": "extra_gpu", "gpu": false, "verbose": false, "lr_config": {"mode": "log", "steps": 5, "initial_lr": 0.005, "target_lr": 0.005}, "batch_per_device": 1024}, "time_since_restore": 82.81481862068176, "timesteps_since_restore": 0, "iterations_since_restore": 9, "mean_throughput": 6861.515773692464, "atoms": 1}
{"apply": 0.012322783470153809, "batch_time": 0.14023144245147706, "d2h": 0.006133389472961426, "data_time": 0.05143399627841249, "fwd": 0.02842087745666504, "get_state_time_mean": NaN, "get_state_time_total": 0.0, "grad": 0.04686284065246582, "mean_accuracy": 0.5848999619483948, "mean_loss": 1.178834614944458, "neg_mean_accuracy": -0.5848999619483948, "set_state_time_mean": NaN, "set_state_time_total": 0.0, "setup_model_time_mean": NaN, "setup_model_time_total": 0.0, "setup_proc_time_mean": NaN, "setup_proc_time_total": 0.0, "train_accuracy": 0.5741599798202515, "train_loss": 1.1821239211654664, "training_time_mean": NaN, "training_time_total": 0.0, "validation_time_mean": NaN, "validation_time_total": 0.0, "samples": 60000, "num_workers": 1, "done": false, "timesteps_total": null, "episodes_total": null, "training_iteration": 10, "neg_mean_loss": -1.178834614944458, "experiment_id": "aca997dc8b884b0d99ea8ee656257dc8", "date": "2019-05-30_14-09-38", "timestamp": 1559250578, "time_this_iter_s": 8.874918937683105, "time_total_s": 91.68973755836487, "pid": 7704, "hostname": "steropes", "node_ip": "169.229.49.254", "config": {"starting_lr": 0.005, "momentum": 0.997, "weight_decay": 0.0005, "steps_per_iteration": null, "pin": false, "model_creator": null, "target_batch_size": 1024, "model_string": "resnet18", "min_batch_size": 512, "dataset": "CIFAR", "placement": null, "use_nccl": true, "devices_per_worker": 1, "primary_resource": "extra_gpu", "gpu": false, "verbose": false, "lr_config": {"mode": "log", "steps": 5, "initial_lr": 0.005, "target_lr": 0.005}, "batch_per_device": 1024}, "time_since_restore": 91.68973755836487, "timesteps_since_restore": 0, "iterations_since_restore": 10, "mean_throughput": 6830.93440708288, "atoms": 1}
{"apply": 0.007320237159729004, "batch_time": 0.12553205490112304, "d2h": 0.008570575714111328, "data_time": 0.04196098386024942, "fwd": 0.03333170413970947, "get_state_time_mean": NaN, "get_state_time_total": 0.0, "grad": 0.052559494972229004, "mean_accuracy": 0.5878999829292297, "mean_loss": 1.1820845626831056, "neg_mean_accuracy": -0.5878999829292297, "set_state_time_mean": NaN, "set_state_time_total": 0.0, "setup_model_time_mean": NaN, "setup_model_time_total": 0.0, "setup_proc_time_mean": NaN, "setup_proc_time_total": 0.0, "train_accuracy": 0.5902799963951111, "train_loss": 1.1423468880462646, "training_time_mean": NaN, "training_time_total": 0.0, "validation_time_mean": NaN, "validation_time_total": 0.0, "samples": 60000, "num_workers": 1, "done": true, "timesteps_total": null, "episodes_total": null, "training_iteration": 11, "neg_mean_loss": -1.1820845626831056, "experiment_id": "aca997dc8b884b0d99ea8ee656257dc8", "date": "2019-05-30_14-09-47", "timestamp": 1559250587, "time_this_iter_s": 8.81676435470581, "time_total_s": 100.50650191307068, "pid": 7704, "hostname": "steropes", "node_ip": "169.229.49.254", "config": {"starting_lr": 0.005, "momentum": 0.997, "weight_decay": 0.0005, "steps_per_iteration": null, "pin": false, "model_creator": null, "target_batch_size": 1024, "model_string": "resnet18", "min_batch_size": 512, "dataset": "CIFAR", "placement": null, "use_nccl": true, "devices_per_worker": 1, "primary_resource": "extra_gpu", "gpu": false, "verbose": false, "lr_config": {"mode": "log", "steps": 5, "initial_lr": 0.005, "target_lr": 0.005}, "batch_per_device": 1024}, "time_since_restore": 100.50650191307068, "timesteps_since_restore": 0, "iterations_since_restore": 11, "mean_throughput": 6839.944627534905, "atoms": 1}
