apply,batch_time,d2h,data_time,fwd,get_state_time_mean,get_state_time_total,grad,mean_accuracy,mean_loss,neg_mean_accuracy,set_state_time_mean,set_state_time_total,setup_model_time_mean,setup_model_time_total,setup_proc_time_mean,setup_proc_time_total,train_accuracy,train_loss,training_time_mean,training_time_total,validation_time_mean,validation_time_total,samples,num_workers,done,timesteps_total,episodes_total,training_iteration,neg_mean_loss,experiment_id,date,timestamp,time_this_iter_s,time_total_s,pid,hostname,node_ip,config,time_since_restore,timesteps_since_restore,iterations_since_restore,mean_throughput,atoms,resource_time
0.007523536682128906,0.17933802604675292,0.005525112152099609,0.04083798856151347,0.1010817527770996,nan,0.0,0.17634363174438478,0.1817999929189682,3.698021614074707,-0.1817999929189682,nan,0.0,8.95841383934021,8.95841383934021,0.21639037132263184,0.21639037132263184,0.06486000120639801,5.885063406219483,nan,0.0,nan,0.0,60000,1,False,,,1,-3.698021614074707,69c4dd0c246d41799a71677cbd10187d,2019-05-30_14-42-49,1559252569,12.529994010925293,12.529994010925293,30698,steropes,169.229.49.254,"{'starting_lr': 0.0001, 'momentum': 0.997, 'weight_decay': 0.001, 'steps_per_iteration': None, 'pin': False, 'model_creator': None, 'target_batch_size': 1024, 'model_string': 'resnet18', 'min_batch_size': 512, 'dataset': 'CIFAR', 'placement': None, 'use_nccl': True, 'devices_per_worker': 1, 'primary_resource': 'extra_gpu', 'gpu': False, 'verbose': False, 'lr_config': {'mode': 'log', 'steps': 5, 'initial_lr': 0.0001, 'target_lr': 0.0001}, 'batch_per_device': 1024}",12.529994010925293,0,1,4788.480714005028,1,12.529994010925293
0.007441806793212891,0.13807027339935302,0.0067160606384277345,0.03707996679812062,0.025070810317993165,nan,0.0,0.05066506862640381,0.2742999792098999,2.034839693069458,-0.2742999792098999,nan,0.0,nan,0.0,nan,0.0,0.22095999121665955,2.4079531338500977,nan,0.0,nan,0.0,60000,1,False,,,2,-2.034839693069458,69c4dd0c246d41799a71677cbd10187d,2019-05-30_14-42-58,1559252578,8.713151931762695,21.24314594268799,30698,steropes,169.229.49.254,"{'starting_lr': 0.0001, 'momentum': 0.997, 'weight_decay': 0.001, 'steps_per_iteration': None, 'pin': False, 'model_creator': None, 'target_batch_size': 1024, 'model_string': 'resnet18', 'min_batch_size': 512, 'dataset': 'CIFAR', 'placement': None, 'use_nccl': True, 'devices_per_worker': 1, 'primary_resource': 'extra_gpu', 'gpu': False, 'verbose': False, 'lr_config': {'mode': 'log', 'steps': 5, 'initial_lr': 0.0001, 'target_lr': 0.0001}, 'batch_per_device': 1024}",21.24314594268799,0,2,5648.840704035972,1,21.24314594268799
0.007905817031860352,0.14462497234344482,0.005500483512878418,0.039194428190893055,0.02506301403045654,nan,0.0,0.05099496841430664,0.3236999809741974,1.8784584016799928,-0.3236999809741974,nan,0.0,nan,0.0,nan,0.0,0.2865000069141388,1.982881501083374,nan,0.0,nan,0.0,60000,1,False,,,3,-1.8784584016799928,69c4dd0c246d41799a71677cbd10187d,2019-05-30_14-43-07,1559252587,8.877800703048706,30.120946645736694,30698,steropes,169.229.49.254,"{'starting_lr': 0.0001, 'momentum': 0.997, 'weight_decay': 0.001, 'steps_per_iteration': None, 'pin': False, 'model_creator': None, 'target_batch_size': 1024, 'model_string': 'resnet18', 'min_batch_size': 512, 'dataset': 'CIFAR', 'placement': None, 'use_nccl': True, 'devices_per_worker': 1, 'primary_resource': 'extra_gpu', 'gpu': False, 'verbose': False, 'lr_config': {'mode': 'log', 'steps': 5, 'initial_lr': 0.0001, 'target_lr': 0.0001}, 'batch_per_device': 1024}",30.120946645736694,0,3,5975.862201533385,1,30.120946645736694
0.006966614723205566,0.13934111595153809,0.0056976318359375,0.0359989866918447,0.02702653408050537,nan,0.0,0.05211901664733887,0.35899999737739563,1.7791769765853882,-0.35899999737739563,nan,0.0,nan,0.0,nan,0.0,0.32425999641418457,1.8639038921737672,nan,0.0,nan,0.0,60000,1,False,,,4,-1.7791769765853882,69c4dd0c246d41799a71677cbd10187d,2019-05-30_14-43-16,1559252596,8.631476879119873,38.75242352485657,30698,steropes,169.229.49.254,"{'starting_lr': 0.0001, 'momentum': 0.997, 'weight_decay': 0.001, 'steps_per_iteration': None, 'pin': False, 'model_creator': None, 'target_batch_size': 1024, 'model_string': 'resnet18', 'min_batch_size': 512, 'dataset': 'CIFAR', 'placement': None, 'use_nccl': True, 'devices_per_worker': 1, 'primary_resource': 'extra_gpu', 'gpu': False, 'verbose': False, 'lr_config': {'mode': 'log', 'steps': 5, 'initial_lr': 0.0001, 'target_lr': 0.0001}, 'batch_per_device': 1024}",38.75242352485657,0,4,6193.108546029695,1,38.75242352485657
0.0072105169296264645,0.12787792682647706,0.011448550224304199,0.03563977747547383,0.028290510177612305,nan,0.0,0.05529630184173584,0.38580000400543213,1.6744704879760741,-0.38580000400543213,nan,0.0,nan,0.0,nan,0.0,0.35401999950408936,1.7813547549819946,nan,0.0,nan,0.0,60000,1,False,,,5,-1.6744704879760741,69c4dd0c246d41799a71677cbd10187d,2019-05-30_14-43-24,1559252604,8.038650035858154,46.79107356071472,30698,steropes,169.229.49.254,"{'starting_lr': 0.0001, 'momentum': 0.997, 'weight_decay': 0.001, 'steps_per_iteration': None, 'pin': False, 'model_creator': None, 'target_batch_size': 1024, 'model_string': 'resnet18', 'min_batch_size': 512, 'dataset': 'CIFAR', 'placement': None, 'use_nccl': True, 'devices_per_worker': 1, 'primary_resource': 'extra_gpu', 'gpu': False, 'verbose': False, 'lr_config': {'mode': 'log', 'steps': 5, 'initial_lr': 0.0001, 'target_lr': 0.0001}, 'batch_per_device': 1024}",46.79107356071472,0,5,6411.423641991182,1,46.79107356071472
0.007352447509765625,0.14498593807220458,0.006801223754882813,0.03518516676766532,0.026310181617736815,nan,0.0,0.05399441719055176,0.40959998965263367,1.6098819677352905,-0.40959998965263367,nan,0.0,nan,0.0,nan,0.0,0.3772599995136261,1.6895140453338624,nan,0.0,nan,0.0,60000,1,False,,,6,-1.6098819677352905,69c4dd0c246d41799a71677cbd10187d,2019-05-30_14-43-32,1559252612,8.332670211791992,55.123743772506714,30698,steropes,169.229.49.254,"{'starting_lr': 0.0001, 'momentum': 0.997, 'weight_decay': 0.001, 'steps_per_iteration': None, 'pin': False, 'model_creator': None, 'target_batch_size': 1024, 'model_string': 'resnet18', 'min_batch_size': 512, 'dataset': 'CIFAR', 'placement': None, 'use_nccl': True, 'devices_per_worker': 1, 'primary_resource': 'extra_gpu', 'gpu': False, 'verbose': False, 'lr_config': {'mode': 'log', 'steps': 5, 'initial_lr': 0.0001, 'target_lr': 0.0001}, 'batch_per_device': 1024}",55.123743772506714,0,6,7043.220121636025,1,55.123743772506714
0.007189655303955078,0.13679044246673583,0.005254769325256347,0.03007603664787448,0.029758858680725097,nan,0.0,0.05530633926391602,0.42309999465942383,1.5498752799987794,-0.42309999465942383,nan,0.0,nan,0.0,nan,0.0,0.39824000000953674,1.6333660452270509,nan,0.0,nan,0.0,60000,1,False,,,7,-1.5498752799987794,69c4dd0c246d41799a71677cbd10187d,2019-05-30_14-43-40,1559252620,7.970756530761719,63.09450030326843,30698,steropes,169.229.49.254,"{'starting_lr': 0.0001, 'momentum': 0.997, 'weight_decay': 0.001, 'steps_per_iteration': None, 'pin': False, 'model_creator': None, 'target_batch_size': 1024, 'model_string': 'resnet18', 'min_batch_size': 512, 'dataset': 'CIFAR', 'placement': None, 'use_nccl': True, 'devices_per_worker': 1, 'primary_resource': 'extra_gpu', 'gpu': False, 'verbose': False, 'lr_config': {'mode': 'log', 'steps': 5, 'initial_lr': 0.0001, 'target_lr': 0.0001}, 'batch_per_device': 1024}",63.09450030326843,0,7,7168.1223445881615,1,63.09450030326843
0.007615399360656738,0.14308335781097412,0.006136107444763184,0.04376452796313227,0.02548832893371582,nan,0.0,0.050222587585449216,0.4465999901294708,1.508713383102417,-0.4465999901294708,nan,0.0,nan,0.0,nan,0.0,0.41477999091148376,1.5814406052398682,nan,0.0,nan,0.0,60000,1,False,,,8,-1.508713383102417,69c4dd0c246d41799a71677cbd10187d,2019-05-30_14-43-49,1559252629,8.921781063079834,72.01628136634827,30698,steropes,169.229.49.254,"{'starting_lr': 0.0001, 'momentum': 0.997, 'weight_decay': 0.001, 'steps_per_iteration': None, 'pin': False, 'model_creator': None, 'target_batch_size': 1024, 'model_string': 'resnet18', 'min_batch_size': 512, 'dataset': 'CIFAR', 'placement': None, 'use_nccl': True, 'devices_per_worker': 1, 'primary_resource': 'extra_gpu', 'gpu': False, 'verbose': False, 'lr_config': {'mode': 'log', 'steps': 5, 'initial_lr': 0.0001, 'target_lr': 0.0001}, 'batch_per_device': 1024}",72.01628136634827,0,8,7160.596695904694,1,72.01628136634827
0.00739133358001709,0.14018688201904297,0.005306792259216308,0.034996548477484256,0.025509738922119142,nan,0.0,0.05363831520080566,0.45499998331069946,1.4688332612991333,-0.45499998331069946,nan,0.0,nan,0.0,nan,0.0,0.43369999527931213,1.5398599821472168,nan,0.0,nan,0.0,60000,1,False,,,9,-1.4688332612991333,69c4dd0c246d41799a71677cbd10187d,2019-05-30_14-43-57,1559252637,8.427412509918213,80.44369387626648,30698,steropes,169.229.49.254,"{'starting_lr': 0.0001, 'momentum': 0.997, 'weight_decay': 0.001, 'steps_per_iteration': None, 'pin': False, 'model_creator': None, 'target_batch_size': 1024, 'model_string': 'resnet18', 'min_batch_size': 512, 'dataset': 'CIFAR', 'placement': None, 'use_nccl': True, 'devices_per_worker': 1, 'primary_resource': 'extra_gpu', 'gpu': False, 'verbose': False, 'lr_config': {'mode': 'log', 'steps': 5, 'initial_lr': 0.0001, 'target_lr': 0.0001}, 'batch_per_device': 1024}",80.44369387626648,0,9,7195.647624652815,1,80.44369387626648
0.008491921424865722,0.14880759716033937,0.007265758514404297,0.03993145786986059,0.028835153579711913,nan,0.0,0.0638589859008789,0.47269999980926514,1.4333615692138673,-0.47269999980926514,nan,0.0,nan,0.0,nan,0.0,0.4488399922847748,1.4990571404266357,nan,0.0,nan,0.0,60000,1,False,,,10,-1.4333615692138673,69c4dd0c246d41799a71677cbd10187d,2019-05-30_14-44-06,1559252646,9.055355787277222,89.4990496635437,30698,steropes,169.229.49.254,"{'starting_lr': 0.0001, 'momentum': 0.997, 'weight_decay': 0.001, 'steps_per_iteration': None, 'pin': False, 'model_creator': None, 'target_batch_size': 1024, 'model_string': 'resnet18', 'min_batch_size': 512, 'dataset': 'CIFAR', 'placement': None, 'use_nccl': True, 'devices_per_worker': 1, 'primary_resource': 'extra_gpu', 'gpu': False, 'verbose': False, 'lr_config': {'mode': 'log', 'steps': 5, 'initial_lr': 0.0001, 'target_lr': 0.0001}, 'batch_per_device': 1024}",89.4990496635437,0,10,7024.350612303466,1,89.4990496635437
0.0069863319396972655,0.14646246433258056,0.007077908515930176,0.036527005993590066,0.027767372131347657,nan,0.0,0.05603692531585693,0.4875999987125397,1.395771081161499,-0.4875999987125397,nan,0.0,nan,0.0,nan,0.0,0.45989999175071716,1.466076683807373,nan,0.0,nan,0.0,60000,1,False,,,11,-1.395771081161499,69c4dd0c246d41799a71677cbd10187d,2019-05-30_14-44-15,1559252655,8.597129106521606,98.09617877006531,30698,steropes,169.229.49.254,"{'starting_lr': 0.0001, 'momentum': 0.997, 'weight_decay': 0.001, 'steps_per_iteration': None, 'pin': False, 'model_creator': None, 'target_batch_size': 1024, 'model_string': 'resnet18', 'min_batch_size': 512, 'dataset': 'CIFAR', 'placement': None, 'use_nccl': True, 'devices_per_worker': 1, 'primary_resource': 'extra_gpu', 'gpu': False, 'verbose': False, 'lr_config': {'mode': 'log', 'steps': 5, 'initial_lr': 0.0001, 'target_lr': 0.0001}, 'batch_per_device': 1024}",98.09617877006531,0,11,6981.1222542923215,1,98.09617877006531
0.00852220058441162,0.1497882843017578,0.00924510955810547,0.03540377227627501,0.03179409503936768,nan,0.0,0.04796874523162842,0.5011000037193298,1.3655800914764404,-0.5011000037193298,nan,0.0,nan,0.0,nan,0.0,0.4735599756240845,1.4377850775909424,nan,0.0,nan,0.0,60000,1,True,,,12,-1.3655800914764404,69c4dd0c246d41799a71677cbd10187d,2019-05-30_14-44-24,1559252664,8.630568504333496,106.7267472743988,30698,steropes,169.229.49.254,"{'starting_lr': 0.0001, 'momentum': 0.997, 'weight_decay': 0.001, 'steps_per_iteration': None, 'pin': False, 'model_creator': None, 'target_batch_size': 1024, 'model_string': 'resnet18', 'min_batch_size': 512, 'dataset': 'CIFAR', 'placement': None, 'use_nccl': True, 'devices_per_worker': 1, 'primary_resource': 'extra_gpu', 'gpu': False, 'verbose': False, 'lr_config': {'mode': 'log', 'steps': 5, 'initial_lr': 0.0001, 'target_lr': 0.0001}, 'batch_per_device': 1024}",106.7267472743988,0,12,6875.575501524229,1,106.7267472743988
