{"apply": 0.018812179565429688, "batch_time": 0.04109445101098169, "d2h": 0.0007630109786987305, "data_time": 0.001829619907662082, "fwd": 0.11975960731506348, "get_state_time_mean": NaN, "get_state_time_total": 0.0, "grad": 0.1640781879425049, "mean_accuracy": 0.09999999403953552, "mean_loss": 2.6496514941159723e+22, "neg_mean_accuracy": -0.09999999403953552, "set_state_time_mean": NaN, "set_state_time_total": 0.0, "setup_model_time_mean": 8.612292289733887, "setup_model_time_total": 8.612292289733887, "setup_proc_time_mean": 0.12607336044311523, "setup_proc_time_total": 0.12607336044311523, "train_accuracy": 0.10080000013113022, "train_loss": 66309901.42231693, "training_time_mean": NaN, "training_time_total": 0.0, "val_accuracy": 0.09999999403953552, "val_loss": 2.6496514941159723e+22, "validation_time_mean": NaN, "validation_time_total": 0.0, "samples": 60000, "num_workers": 1, "done": false, "timesteps_total": null, "episodes_total": null, "training_iteration": 1, "neg_mean_loss": -2.6496514941159723e+22, "experiment_id": "c7b9e8495e3342548caa804ff13e525c", "date": "2019-06-03_22-27-40", "timestamp": 1559626060, "time_this_iter_s": 46.09238290786743, "time_total_s": 46.09238290786743, "pid": 26266, "hostname": "steropes", "node_ip": "169.229.49.254", "config": {"starting_lr": 1.0, "momentum": 0.997, "weight_decay": 0.0001, "steps_per_iteration": null, "pin": false, "model_creator": null, "target_batch_size": 128, "model_string": "resnet50", "min_batch_size": 128, "dataset": "CIFAR", "placement": null, "use_nccl": true, "devices_per_worker": 1, "primary_resource": "extra_gpu", "gpu": false, "verbose": false, "lr_config": {"mode": "log", "steps": 5, "initial_lr": 1.0, "target_lr": 1.0}, "batch_per_device": 128}, "time_since_restore": 46.09238290786743, "timesteps_since_restore": 0, "iterations_since_restore": 1, "mean_throughput": 1301.729894020207, "atoms": 1, "setup_time": 8.857805013656616}
{"apply": 0.01840386390686035, "batch_time": 0.03137137316450288, "d2h": 0.0007482051849365234, "data_time": 0.0017684688958365595, "fwd": 0.02877840995788574, "get_state_time_mean": NaN, "get_state_time_total": 0.0, "grad": 0.04808332920074463, "mean_accuracy": 0.09999999403953552, "mean_loss": 1.938459353359762e+22, "neg_mean_accuracy": -0.09999999403953552, "set_state_time_mean": NaN, "set_state_time_total": 0.0, "setup_model_time_mean": NaN, "setup_model_time_total": 0.0, "setup_proc_time_mean": NaN, "setup_proc_time_total": 0.0, "train_accuracy": 0.10261999815702438, "train_loss": 31647164269508.926, "training_time_mean": NaN, "training_time_total": 0.0, "val_accuracy": 0.09999999403953552, "val_loss": 1.2272672126035514e+22, "validation_time_mean": NaN, "validation_time_total": 0.0, "samples": 60000, "num_workers": 1, "done": false, "timesteps_total": null, "episodes_total": null, "training_iteration": 2, "neg_mean_loss": -1.938459353359762e+22, "experiment_id": "c7b9e8495e3342548caa804ff13e525c", "date": "2019-06-03_22-28-21", "timestamp": 1559626101, "time_this_iter_s": 40.67241954803467, "time_total_s": 86.7648024559021, "pid": 26266, "hostname": "steropes", "node_ip": "169.229.49.254", "config": {"starting_lr": 1.0, "momentum": 0.997, "weight_decay": 0.0001, "steps_per_iteration": null, "pin": false, "model_creator": null, "target_batch_size": 128, "model_string": "resnet50", "min_batch_size": 128, "dataset": "CIFAR", "placement": null, "use_nccl": true, "devices_per_worker": 1, "primary_resource": "extra_gpu", "gpu": false, "verbose": false, "lr_config": {"mode": "log", "steps": 5, "initial_lr": 1.0, "target_lr": 1.0}, "batch_per_device": 128}, "time_since_restore": 86.7648024559021, "timesteps_since_restore": 0, "iterations_since_restore": 2, "mean_throughput": 1383.0460966865733, "atoms": 1, "setup_time": 8.857805013656616}
{"apply": 0.017290639877319335, "batch_time": 0.03202161306067358, "d2h": 0.0006586074829101563, "data_time": 0.001770605516555669, "fwd": 0.027731609344482423, "get_state_time_mean": NaN, "get_state_time_total": 0.0, "grad": 0.04739856719970703, "mean_accuracy": 0.06669999602551495, "mean_loss": NaN, "neg_mean_accuracy": -9.999999747378752e-05, "set_state_time_mean": NaN, "set_state_time_total": 0.0, "setup_model_time_mean": NaN, "setup_model_time_total": 0.0, "setup_proc_time_mean": NaN, "setup_proc_time_total": 0.0, "train_accuracy": 0.0025400000158697367, "train_loss": NaN, "training_time_mean": NaN, "training_time_total": 0.0, "val_accuracy": 9.999999747378752e-05, "val_loss": NaN, "validation_time_mean": NaN, "validation_time_total": 0.0, "samples": 60000, "num_workers": 1, "done": true, "timesteps_total": null, "episodes_total": null, "training_iteration": 3, "neg_mean_loss": NaN, "experiment_id": "c7b9e8495e3342548caa804ff13e525c", "date": "2019-06-03_22-29-01", "timestamp": 1559626141, "time_this_iter_s": 40.64518880844116, "time_total_s": 127.40999126434326, "pid": 26266, "hostname": "steropes", "node_ip": "169.229.49.254", "config": {"starting_lr": 1.0, "momentum": 0.997, "weight_decay": 0.0001, "steps_per_iteration": null, "pin": false, "model_creator": null, "target_batch_size": 128, "model_string": "resnet50", "min_batch_size": 128, "dataset": "CIFAR", "placement": null, "use_nccl": true, "devices_per_worker": 1, "primary_resource": "extra_gpu", "gpu": false, "verbose": false, "lr_config": {"mode": "log", "steps": 5, "initial_lr": 1.0, "target_lr": 1.0}, "batch_per_device": 128}, "time_since_restore": 127.40999126434326, "timesteps_since_restore": 0, "iterations_since_restore": 3, "mean_throughput": 1412.7590142034808, "atoms": 1, "setup_time": 8.857805013656616}
