apply,batch_time,d2h,data_time,fwd,get_state_time_mean,get_state_time_total,grad,mean_accuracy,mean_loss,neg_mean_accuracy,set_state_time_mean,set_state_time_total,setup_model_time_mean,setup_model_time_total,setup_proc_time_mean,setup_proc_time_total,train_accuracy,train_loss,training_time_mean,training_time_total,val_accuracy,val_loss,validation_time_mean,validation_time_total,samples,num_workers,done,timesteps_total,episodes_total,training_iteration,neg_mean_loss,experiment_id,date,timestamp,time_this_iter_s,time_total_s,pid,hostname,node_ip,config,time_since_restore,timesteps_since_restore,iterations_since_restore,mean_throughput,atoms,setup_time
0.017140817642211915,0.044449353519874286,0.0007648944854736328,0.001828457693309735,0.21425631046295165,nan,0.0,0.20659794807434081,0.13660000264644623,2.3743149589538572,-0.13660000264644623,nan,0.0,15.605443000793457,15.605443000793457,1.7075233459472656,1.7075233459472656,0.1186399981379509,2.7248629092407226,nan,0.0,0.13660000264644623,2.3743149589538572,nan,0.0,60000,1,False,,,1,-2.3743149589538572,f1933901457b4d43ae2398c704530ace,2019-06-06_10-28-35,1559842115,46.64235854148865,46.64235854148865,7391,steropes,169.229.49.254,"{'starting_lr': 0.0001, 'momentum': 0.9, 'weight_decay': 0.0001, 'steps_per_iteration': None, 'pin': False, 'model_creator': None, 'target_batch_size': 128, 'model_string': 'resnet50', 'min_batch_size': 128, 'dataset': 'CIFAR', 'placement': None, 'use_nccl': True, 'devices_per_worker': 1, 'primary_resource': 'extra_gpu', 'gpu': False, 'verbose': False, 'lr_config': {'mode': 'log', 'steps': 5, 'initial_lr': 0.0001, 'target_lr': 0.0001}, 'batch_per_device': 128}",46.64235854148865,0,1,1286.3820995698911,1,17.416166305541992
0.017224907875061035,0.03146534328219257,0.0006298303604125976,0.0017962339893936197,0.02774174213409424,nan,0.0,0.04694218635559082,0.15595000237226486,2.3038371858596802,-0.1753000020980835,nan,0.0,nan,0.0,nan,0.0,0.1486399918794632,2.317338135757446,nan,0.0,0.1753000020980835,2.2333594127655028,nan,0.0,60000,1,False,,,2,-2.3038371858596802,f1933901457b4d43ae2398c704530ace,2019-06-06_10-29-15,1559842155,40.018004179000854,86.6603627204895,7391,steropes,169.229.49.254,"{'starting_lr': 0.0001, 'momentum': 0.9, 'weight_decay': 0.0001, 'steps_per_iteration': None, 'pin': False, 'model_creator': None, 'target_batch_size': 128, 'model_string': 'resnet50', 'min_batch_size': 128, 'dataset': 'CIFAR', 'placement': None, 'use_nccl': True, 'devices_per_worker': 1, 'primary_resource': 'extra_gpu', 'gpu': False, 'verbose': False, 'lr_config': {'mode': 'log', 'steps': 5, 'initial_lr': 0.0001, 'target_lr': 0.0001}, 'batch_per_device': 128}",86.6603627204895,0,2,1384.7125667574744,1,17.416166305541992
0.017032361030578612,0.03132656254345858,0.0006789207458496094,0.00178864666872927,0.027950048446655273,nan,0.0,0.04762313365936279,0.1745333323876063,2.251441680145264,-0.21169999241828918,nan,0.0,nan,0.0,nan,0.0,0.17763999104499817,2.223438428192139,nan,0.0,0.21169999241828918,2.146650668716431,nan,0.0,60000,1,False,,,3,-2.251441680145264,f1933901457b4d43ae2398c704530ace,2019-06-06_10-29-55,1559842195,39.98544883728027,126.64581155776978,7391,steropes,169.229.49.254,"{'starting_lr': 0.0001, 'momentum': 0.9, 'weight_decay': 0.0001, 'steps_per_iteration': None, 'pin': False, 'model_creator': None, 'target_batch_size': 128, 'model_string': 'resnet50', 'min_batch_size': 128, 'dataset': 'CIFAR', 'placement': None, 'use_nccl': True, 'devices_per_worker': 1, 'primary_resource': 'extra_gpu', 'gpu': False, 'verbose': False, 'lr_config': {'mode': 'log', 'steps': 5, 'initial_lr': 0.0001, 'target_lr': 0.0001}, 'batch_per_device': 128}",126.64581155776978,0,3,1421.283236734231,1,17.416166305541992
0.016999340057373045,0.031645608853690235,0.0006573915481567383,0.0017579803076546515,0.0274216890335083,nan,0.0,0.047585248947143555,0.1881749965250492,2.2094122055053713,-0.22909998893737793,nan,0.0,nan,0.0,nan,0.0,0.2007399946451187,2.1462482760238646,nan,0.0,0.22909998893737793,2.0833237815856935,nan,0.0,60000,1,True,,,4,-2.2094122055053713,f1933901457b4d43ae2398c704530ace,2019-06-06_10-30-35,1559842235,39.79178237915039,166.43759393692017,7391,steropes,169.229.49.254,"{'starting_lr': 0.0001, 'momentum': 0.9, 'weight_decay': 0.0001, 'steps_per_iteration': None, 'pin': False, 'model_creator': None, 'target_batch_size': 128, 'model_string': 'resnet50', 'min_batch_size': 128, 'dataset': 'CIFAR', 'placement': None, 'use_nccl': True, 'devices_per_worker': 1, 'primary_resource': 'extra_gpu', 'gpu': False, 'verbose': False, 'lr_config': {'mode': 'log', 'steps': 5, 'initial_lr': 0.0001, 'target_lr': 0.0001}, 'batch_per_device': 128}",166.43759393692017,0,4,1441.9785867719147,1,17.416166305541992
