{"apply": 0.017140817642211915, "batch_time": 0.044449353519874286, "d2h": 0.0007648944854736328, "data_time": 0.001828457693309735, "fwd": 0.21425631046295165, "get_state_time_mean": NaN, "get_state_time_total": 0.0, "grad": 0.20659794807434081, "mean_accuracy": 0.13660000264644623, "mean_loss": 2.3743149589538572, "neg_mean_accuracy": -0.13660000264644623, "set_state_time_mean": NaN, "set_state_time_total": 0.0, "setup_model_time_mean": 15.605443000793457, "setup_model_time_total": 15.605443000793457, "setup_proc_time_mean": 1.7075233459472656, "setup_proc_time_total": 1.7075233459472656, "train_accuracy": 0.1186399981379509, "train_loss": 2.7248629092407226, "training_time_mean": NaN, "training_time_total": 0.0, "val_accuracy": 0.13660000264644623, "val_loss": 2.3743149589538572, "validation_time_mean": NaN, "validation_time_total": 0.0, "samples": 60000, "num_workers": 1, "done": false, "timesteps_total": null, "episodes_total": null, "training_iteration": 1, "neg_mean_loss": -2.3743149589538572, "experiment_id": "f1933901457b4d43ae2398c704530ace", "date": "2019-06-06_10-28-35", "timestamp": 1559842115, "time_this_iter_s": 46.64235854148865, "time_total_s": 46.64235854148865, "pid": 7391, "hostname": "steropes", "node_ip": "169.229.49.254", "config": {"starting_lr": 0.0001, "momentum": 0.9, "weight_decay": 0.0001, "steps_per_iteration": null, "pin": false, "model_creator": null, "target_batch_size": 128, "model_string": "resnet50", "min_batch_size": 128, "dataset": "CIFAR", "placement": null, "use_nccl": true, "devices_per_worker": 1, "primary_resource": "extra_gpu", "gpu": false, "verbose": false, "lr_config": {"mode": "log", "steps": 5, "initial_lr": 0.0001, "target_lr": 0.0001}, "batch_per_device": 128}, "time_since_restore": 46.64235854148865, "timesteps_since_restore": 0, "iterations_since_restore": 1, "mean_throughput": 1286.3820995698911, "atoms": 1, "setup_time": 17.416166305541992}
{"apply": 0.017224907875061035, "batch_time": 0.03146534328219257, "d2h": 0.0006298303604125976, "data_time": 0.0017962339893936197, "fwd": 0.02774174213409424, "get_state_time_mean": NaN, "get_state_time_total": 0.0, "grad": 0.04694218635559082, "mean_accuracy": 0.15595000237226486, "mean_loss": 2.3038371858596802, "neg_mean_accuracy": -0.1753000020980835, "set_state_time_mean": NaN, "set_state_time_total": 0.0, "setup_model_time_mean": NaN, "setup_model_time_total": 0.0, "setup_proc_time_mean": NaN, "setup_proc_time_total": 0.0, "train_accuracy": 0.1486399918794632, "train_loss": 2.317338135757446, "training_time_mean": NaN, "training_time_total": 0.0, "val_accuracy": 0.1753000020980835, "val_loss": 2.2333594127655028, "validation_time_mean": NaN, "validation_time_total": 0.0, "samples": 60000, "num_workers": 1, "done": false, "timesteps_total": null, "episodes_total": null, "training_iteration": 2, "neg_mean_loss": -2.3038371858596802, "experiment_id": "f1933901457b4d43ae2398c704530ace", "date": "2019-06-06_10-29-15", "timestamp": 1559842155, "time_this_iter_s": 40.018004179000854, "time_total_s": 86.6603627204895, "pid": 7391, "hostname": "steropes", "node_ip": "169.229.49.254", "config": {"starting_lr": 0.0001, "momentum": 0.9, "weight_decay": 0.0001, "steps_per_iteration": null, "pin": false, "model_creator": null, "target_batch_size": 128, "model_string": "resnet50", "min_batch_size": 128, "dataset": "CIFAR", "placement": null, "use_nccl": true, "devices_per_worker": 1, "primary_resource": "extra_gpu", "gpu": false, "verbose": false, "lr_config": {"mode": "log", "steps": 5, "initial_lr": 0.0001, "target_lr": 0.0001}, "batch_per_device": 128}, "time_since_restore": 86.6603627204895, "timesteps_since_restore": 0, "iterations_since_restore": 2, "mean_throughput": 1384.7125667574744, "atoms": 1, "setup_time": 17.416166305541992}
{"apply": 0.017032361030578612, "batch_time": 0.03132656254345858, "d2h": 0.0006789207458496094, "data_time": 0.00178864666872927, "fwd": 0.027950048446655273, "get_state_time_mean": NaN, "get_state_time_total": 0.0, "grad": 0.04762313365936279, "mean_accuracy": 0.1745333323876063, "mean_loss": 2.251441680145264, "neg_mean_accuracy": -0.21169999241828918, "set_state_time_mean": NaN, "set_state_time_total": 0.0, "setup_model_time_mean": NaN, "setup_model_time_total": 0.0, "setup_proc_time_mean": NaN, "setup_proc_time_total": 0.0, "train_accuracy": 0.17763999104499817, "train_loss": 2.223438428192139, "training_time_mean": NaN, "training_time_total": 0.0, "val_accuracy": 0.21169999241828918, "val_loss": 2.146650668716431, "validation_time_mean": NaN, "validation_time_total": 0.0, "samples": 60000, "num_workers": 1, "done": false, "timesteps_total": null, "episodes_total": null, "training_iteration": 3, "neg_mean_loss": -2.251441680145264, "experiment_id": "f1933901457b4d43ae2398c704530ace", "date": "2019-06-06_10-29-55", "timestamp": 1559842195, "time_this_iter_s": 39.98544883728027, "time_total_s": 126.64581155776978, "pid": 7391, "hostname": "steropes", "node_ip": "169.229.49.254", "config": {"starting_lr": 0.0001, "momentum": 0.9, "weight_decay": 0.0001, "steps_per_iteration": null, "pin": false, "model_creator": null, "target_batch_size": 128, "model_string": "resnet50", "min_batch_size": 128, "dataset": "CIFAR", "placement": null, "use_nccl": true, "devices_per_worker": 1, "primary_resource": "extra_gpu", "gpu": false, "verbose": false, "lr_config": {"mode": "log", "steps": 5, "initial_lr": 0.0001, "target_lr": 0.0001}, "batch_per_device": 128}, "time_since_restore": 126.64581155776978, "timesteps_since_restore": 0, "iterations_since_restore": 3, "mean_throughput": 1421.283236734231, "atoms": 1, "setup_time": 17.416166305541992}
{"apply": 0.016999340057373045, "batch_time": 0.031645608853690235, "d2h": 0.0006573915481567383, "data_time": 0.0017579803076546515, "fwd": 0.0274216890335083, "get_state_time_mean": NaN, "get_state_time_total": 0.0, "grad": 0.047585248947143555, "mean_accuracy": 0.1881749965250492, "mean_loss": 2.2094122055053713, "neg_mean_accuracy": -0.22909998893737793, "set_state_time_mean": NaN, "set_state_time_total": 0.0, "setup_model_time_mean": NaN, "setup_model_time_total": 0.0, "setup_proc_time_mean": NaN, "setup_proc_time_total": 0.0, "train_accuracy": 0.2007399946451187, "train_loss": 2.1462482760238646, "training_time_mean": NaN, "training_time_total": 0.0, "val_accuracy": 0.22909998893737793, "val_loss": 2.0833237815856935, "validation_time_mean": NaN, "validation_time_total": 0.0, "samples": 60000, "num_workers": 1, "done": true, "timesteps_total": null, "episodes_total": null, "training_iteration": 4, "neg_mean_loss": -2.2094122055053713, "experiment_id": "f1933901457b4d43ae2398c704530ace", "date": "2019-06-06_10-30-35", "timestamp": 1559842235, "time_this_iter_s": 39.79178237915039, "time_total_s": 166.43759393692017, "pid": 7391, "hostname": "steropes", "node_ip": "169.229.49.254", "config": {"starting_lr": 0.0001, "momentum": 0.9, "weight_decay": 0.0001, "steps_per_iteration": null, "pin": false, "model_creator": null, "target_batch_size": 128, "model_string": "resnet50", "min_batch_size": 128, "dataset": "CIFAR", "placement": null, "use_nccl": true, "devices_per_worker": 1, "primary_resource": "extra_gpu", "gpu": false, "verbose": false, "lr_config": {"mode": "log", "steps": 5, "initial_lr": 0.0001, "target_lr": 0.0001}, "batch_per_device": 128}, "time_since_restore": 166.43759393692017, "timesteps_since_restore": 0, "iterations_since_restore": 4, "mean_throughput": 1441.9785867719147, "atoms": 1, "setup_time": 17.416166305541992}
