{"apply": 0.007499885559082031, "batch_time": 0.16701722145080566, "d2h": 0.0048313140869140625, "data_time": 0.036994880559493085, "fwd": 0.07516088485717773, "get_state_time_mean": NaN, "get_state_time_total": 0.0, "grad": 0.17150671482086183, "mean_accuracy": 0.10170000046491623, "mean_loss": 1215.8758224609376, "neg_mean_accuracy": -0.10170000046491623, "set_state_time_mean": NaN, "set_state_time_total": 0.0, "setup_model_time_mean": 8.558035135269165, "setup_model_time_total": 8.558035135269165, "setup_proc_time_mean": 0.4217534065246582, "setup_proc_time_total": 0.4217534065246582, "train_accuracy": 0.09933999925851822, "train_loss": 6.47081969833374, "training_time_mean": NaN, "training_time_total": 0.0, "validation_time_mean": NaN, "validation_time_total": 0.0, "samples": 60000, "num_workers": 1, "done": false, "timesteps_total": null, "episodes_total": null, "training_iteration": 1, "neg_mean_loss": -1215.8758224609376, "experiment_id": "761409d5047341b7a045434a2fa295f3", "date": "2019-05-30_14-48-53", "timestamp": 1559252933, "time_this_iter_s": 11.176180124282837, "time_total_s": 11.176180124282837, "pid": 6394, "hostname": "steropes", "node_ip": "169.229.49.254", "config": {"starting_lr": 1.0, "momentum": 0.95, "weight_decay": 0.0001, "steps_per_iteration": null, "pin": false, "model_creator": null, "target_batch_size": 1024, "model_string": "resnet18", "min_batch_size": 512, "dataset": "CIFAR", "placement": null, "use_nccl": true, "devices_per_worker": 1, "primary_resource": "extra_gpu", "gpu": false, "verbose": false, "lr_config": {"mode": "log", "steps": 5, "initial_lr": 1.0, "target_lr": 1.0}, "batch_per_device": 1024}, "time_since_restore": 11.176180124282837, "timesteps_since_restore": 0, "iterations_since_restore": 1, "mean_throughput": 5368.508695675361, "atoms": 1}
{"apply": 0.007561206817626953, "batch_time": 0.12429497241973878, "d2h": 0.004337668418884277, "data_time": 0.04135647598578005, "fwd": 0.025226378440856935, "get_state_time_mean": NaN, "get_state_time_total": 0.0, "grad": 0.04358289241790771, "mean_accuracy": 0.09699999541044235, "mean_loss": 2.3294321617126466, "neg_mean_accuracy": -0.09699999541044235, "set_state_time_mean": NaN, "set_state_time_total": 0.0, "setup_model_time_mean": NaN, "setup_model_time_total": 0.0, "setup_proc_time_mean": NaN, "setup_proc_time_total": 0.0, "train_accuracy": 0.1009799987077713, "train_loss": 2.748857681427002, "training_time_mean": NaN, "training_time_total": 0.0, "validation_time_mean": NaN, "validation_time_total": 0.0, "samples": 60000, "num_workers": 1, "done": false, "timesteps_total": null, "episodes_total": null, "training_iteration": 2, "neg_mean_loss": -2.3294321617126466, "experiment_id": "761409d5047341b7a045434a2fa295f3", "date": "2019-05-30_14-49-00", "timestamp": 1559252940, "time_this_iter_s": 7.392705917358398, "time_total_s": 18.568886041641235, "pid": 6394, "hostname": "steropes", "node_ip": "169.229.49.254", "config": {"starting_lr": 1.0, "momentum": 0.95, "weight_decay": 0.0001, "steps_per_iteration": null, "pin": false, "model_creator": null, "target_batch_size": 1024, "model_string": "resnet18", "min_batch_size": 512, "dataset": "CIFAR", "placement": null, "use_nccl": true, "devices_per_worker": 1, "primary_resource": "extra_gpu", "gpu": false, "verbose": false, "lr_config": {"mode": "log", "steps": 5, "initial_lr": 1.0, "target_lr": 1.0}, "batch_per_device": 1024}, "time_since_restore": 18.568886041641235, "timesteps_since_restore": 0, "iterations_since_restore": 2, "mean_throughput": 6462.359809870323, "atoms": 1}
{"apply": 0.007776331901550293, "batch_time": 0.13211669921875, "d2h": 0.0059728860855102536, "data_time": 0.04270322468816018, "fwd": 0.026901817321777342, "get_state_time_mean": NaN, "get_state_time_total": 0.0, "grad": 0.04471468925476074, "mean_accuracy": 0.11869999766349792, "mean_loss": 2.277694635772705, "neg_mean_accuracy": -0.11869999766349792, "set_state_time_mean": NaN, "set_state_time_total": 0.0, "setup_model_time_mean": NaN, "setup_model_time_total": 0.0, "setup_proc_time_mean": NaN, "setup_proc_time_total": 0.0, "train_accuracy": 0.10871999710798264, "train_loss": 2.3001100646972654, "training_time_mean": NaN, "training_time_total": 0.0, "validation_time_mean": NaN, "validation_time_total": 0.0, "samples": 60000, "num_workers": 1, "done": false, "timesteps_total": null, "episodes_total": null, "training_iteration": 3, "neg_mean_loss": -2.277694635772705, "experiment_id": "761409d5047341b7a045434a2fa295f3", "date": "2019-05-30_14-49-08", "timestamp": 1559252948, "time_this_iter_s": 7.932830333709717, "time_total_s": 26.501716375350952, "pid": 6394, "hostname": "steropes", "node_ip": "169.229.49.254", "config": {"starting_lr": 1.0, "momentum": 0.95, "weight_decay": 0.0001, "steps_per_iteration": null, "pin": false, "model_creator": null, "target_batch_size": 1024, "model_string": "resnet18", "min_batch_size": 512, "dataset": "CIFAR", "placement": null, "use_nccl": true, "devices_per_worker": 1, "primary_resource": "extra_gpu", "gpu": false, "verbose": false, "lr_config": {"mode": "log", "steps": 5, "initial_lr": 1.0, "target_lr": 1.0}, "batch_per_device": 1024}, "time_since_restore": 26.501716375350952, "timesteps_since_restore": 0, "iterations_since_restore": 3, "mean_throughput": 6791.946989300769, "atoms": 1}
{"apply": 0.00840909481048584, "batch_time": 0.14027535915374756, "d2h": 0.004775595664978027, "data_time": 0.034065806135839344, "fwd": 0.025641918182373047, "get_state_time_mean": NaN, "get_state_time_total": 0.0, "grad": 0.05217363834381104, "mean_accuracy": 0.16019999980926514, "mean_loss": 2.211172751235962, "neg_mean_accuracy": -0.16019999980926514, "set_state_time_mean": NaN, "set_state_time_total": 0.0, "setup_model_time_mean": NaN, "setup_model_time_total": 0.0, "setup_proc_time_mean": NaN, "setup_proc_time_total": 0.0, "train_accuracy": 0.1436000019311905, "train_loss": 2.216770345993042, "training_time_mean": NaN, "training_time_total": 0.0, "validation_time_mean": NaN, "validation_time_total": 0.0, "samples": 60000, "num_workers": 1, "done": false, "timesteps_total": null, "episodes_total": null, "training_iteration": 4, "neg_mean_loss": -2.211172751235962, "experiment_id": "761409d5047341b7a045434a2fa295f3", "date": "2019-05-30_14-49-16", "timestamp": 1559252956, "time_this_iter_s": 8.197376728057861, "time_total_s": 34.69909310340881, "pid": 6394, "hostname": "steropes", "node_ip": "169.229.49.254", "config": {"starting_lr": 1.0, "momentum": 0.95, "weight_decay": 0.0001, "steps_per_iteration": null, "pin": false, "model_creator": null, "target_batch_size": 1024, "model_string": "resnet18", "min_batch_size": 512, "dataset": "CIFAR", "placement": null, "use_nccl": true, "devices_per_worker": 1, "primary_resource": "extra_gpu", "gpu": false, "verbose": false, "lr_config": {"mode": "log", "steps": 5, "initial_lr": 1.0, "target_lr": 1.0}, "batch_per_device": 1024}, "time_since_restore": 34.69909310340881, "timesteps_since_restore": 0, "iterations_since_restore": 4, "mean_throughput": 6916.539844684859, "atoms": 1}
{"apply": 0.007660126686096192, "batch_time": 0.12723879814147948, "d2h": 0.004958605766296387, "data_time": 0.03433485420382753, "fwd": 0.02603936195373535, "get_state_time_mean": NaN, "get_state_time_total": 0.0, "grad": 0.05189182758331299, "mean_accuracy": 0.15969999134540558, "mean_loss": 2.2705463954925538, "neg_mean_accuracy": -0.15969999134540558, "set_state_time_mean": NaN, "set_state_time_total": 0.0, "setup_model_time_mean": NaN, "setup_model_time_total": 0.0, "setup_proc_time_mean": NaN, "setup_proc_time_total": 0.0, "train_accuracy": 0.1803399920463562, "train_loss": 2.0795212004089354, "training_time_mean": NaN, "training_time_total": 0.0, "validation_time_mean": NaN, "validation_time_total": 0.0, "samples": 60000, "num_workers": 1, "done": false, "timesteps_total": null, "episodes_total": null, "training_iteration": 5, "neg_mean_loss": -2.2705463954925538, "experiment_id": "761409d5047341b7a045434a2fa295f3", "date": "2019-05-30_14-49-24", "timestamp": 1559252964, "time_this_iter_s": 7.882743835449219, "time_total_s": 42.58183693885803, "pid": 6394, "hostname": "steropes", "node_ip": "169.229.49.254", "config": {"starting_lr": 1.0, "momentum": 0.95, "weight_decay": 0.0001, "steps_per_iteration": null, "pin": false, "model_creator": null, "target_batch_size": 1024, "model_string": "resnet18", "min_batch_size": 512, "dataset": "CIFAR", "placement": null, "use_nccl": true, "devices_per_worker": 1, "primary_resource": "extra_gpu", "gpu": false, "verbose": false, "lr_config": {"mode": "log", "steps": 5, "initial_lr": 1.0, "target_lr": 1.0}, "batch_per_device": 1024}, "time_since_restore": 42.58183693885803, "timesteps_since_restore": 0, "iterations_since_restore": 5, "mean_throughput": 7045.188602524017, "atoms": 1}
{"apply": 0.00784757137298584, "batch_time": 0.11992213726043702, "d2h": 0.004596710205078125, "data_time": 0.03711521868803063, "fwd": 0.02292604446411133, "get_state_time_mean": NaN, "get_state_time_total": 0.0, "grad": 0.047569870948791504, "mean_accuracy": 0.18219999969005585, "mean_loss": 1.9864558670043946, "neg_mean_accuracy": -0.18219999969005585, "set_state_time_mean": NaN, "set_state_time_total": 0.0, "setup_model_time_mean": NaN, "setup_model_time_total": 0.0, "setup_proc_time_mean": NaN, "setup_proc_time_total": 0.0, "train_accuracy": 0.18016000092029572, "train_loss": 2.034730184020996, "training_time_mean": NaN, "training_time_total": 0.0, "validation_time_mean": NaN, "validation_time_total": 0.0, "samples": 60000, "num_workers": 1, "done": false, "timesteps_total": null, "episodes_total": null, "training_iteration": 6, "neg_mean_loss": -1.9864558670043946, "experiment_id": "761409d5047341b7a045434a2fa295f3", "date": "2019-05-30_14-49-32", "timestamp": 1559252972, "time_this_iter_s": 8.311501264572144, "time_total_s": 50.893338203430176, "pid": 6394, "hostname": "steropes", "node_ip": "169.229.49.254", "config": {"starting_lr": 1.0, "momentum": 0.95, "weight_decay": 0.0001, "steps_per_iteration": null, "pin": false, "model_creator": null, "target_batch_size": 1024, "model_string": "resnet18", "min_batch_size": 512, "dataset": "CIFAR", "placement": null, "use_nccl": true, "devices_per_worker": 1, "primary_resource": "extra_gpu", "gpu": false, "verbose": false, "lr_config": {"mode": "log", "steps": 5, "initial_lr": 1.0, "target_lr": 1.0}, "batch_per_device": 1024}, "time_since_restore": 50.893338203430176, "timesteps_since_restore": 0, "iterations_since_restore": 6, "mean_throughput": 7553.337437243996, "atoms": 1}
{"apply": 0.008141660690307617, "batch_time": 0.12236640453338624, "d2h": 0.00542600154876709, "data_time": 0.039682013647896905, "fwd": 0.030746960639953615, "get_state_time_mean": NaN, "get_state_time_total": 0.0, "grad": 0.0519658088684082, "mean_accuracy": 0.20189999043941498, "mean_loss": 1.9643049602508544, "neg_mean_accuracy": -0.20189999043941498, "set_state_time_mean": NaN, "set_state_time_total": 0.0, "setup_model_time_mean": NaN, "setup_model_time_total": 0.0, "setup_proc_time_mean": NaN, "setup_proc_time_total": 0.0, "train_accuracy": 0.19380000233650208, "train_loss": 1.9974971492767335, "training_time_mean": NaN, "training_time_total": 0.0, "validation_time_mean": NaN, "validation_time_total": 0.0, "samples": 60000, "num_workers": 1, "done": false, "timesteps_total": null, "episodes_total": null, "training_iteration": 7, "neg_mean_loss": -1.9643049602508544, "experiment_id": "761409d5047341b7a045434a2fa295f3", "date": "2019-05-30_14-49-41", "timestamp": 1559252981, "time_this_iter_s": 8.472793817520142, "time_total_s": 59.36613202095032, "pid": 6394, "hostname": "steropes", "node_ip": "169.229.49.254", "config": {"starting_lr": 1.0, "momentum": 0.95, "weight_decay": 0.0001, "steps_per_iteration": null, "pin": false, "model_creator": null, "target_batch_size": 1024, "model_string": "resnet18", "min_batch_size": 512, "dataset": "CIFAR", "placement": null, "use_nccl": true, "devices_per_worker": 1, "primary_resource": "extra_gpu", "gpu": false, "verbose": false, "lr_config": {"mode": "log", "steps": 5, "initial_lr": 1.0, "target_lr": 1.0}, "batch_per_device": 1024}, "time_since_restore": 59.36613202095032, "timesteps_since_restore": 0, "iterations_since_restore": 7, "mean_throughput": 7353.368135857065, "atoms": 1}
{"apply": 0.008224701881408692, "batch_time": 0.12516164779663086, "d2h": 0.004651308059692383, "data_time": 0.04437983765894053, "fwd": 0.03365504741668701, "get_state_time_mean": NaN, "get_state_time_total": 0.0, "grad": 0.047442388534545896, "mean_accuracy": 0.19269999861717224, "mean_loss": 1.9607659057617188, "neg_mean_accuracy": -0.19269999861717224, "set_state_time_mean": NaN, "set_state_time_total": 0.0, "setup_model_time_mean": NaN, "setup_model_time_total": 0.0, "setup_proc_time_mean": NaN, "setup_proc_time_total": 0.0, "train_accuracy": 0.1950400024652481, "train_loss": 1.9781396573638916, "training_time_mean": NaN, "training_time_total": 0.0, "validation_time_mean": NaN, "validation_time_total": 0.0, "samples": 60000, "num_workers": 1, "done": false, "timesteps_total": null, "episodes_total": null, "training_iteration": 8, "neg_mean_loss": -1.9607659057617188, "experiment_id": "761409d5047341b7a045434a2fa295f3", "date": "2019-05-30_14-49-49", "timestamp": 1559252989, "time_this_iter_s": 8.675995111465454, "time_total_s": 68.04212713241577, "pid": 6394, "hostname": "steropes", "node_ip": "169.229.49.254", "config": {"starting_lr": 1.0, "momentum": 0.95, "weight_decay": 0.0001, "steps_per_iteration": null, "pin": false, "model_creator": null, "target_batch_size": 1024, "model_string": "resnet18", "min_batch_size": 512, "dataset": "CIFAR", "placement": null, "use_nccl": true, "devices_per_worker": 1, "primary_resource": "extra_gpu", "gpu": false, "verbose": false, "lr_config": {"mode": "log", "steps": 5, "initial_lr": 1.0, "target_lr": 1.0}, "batch_per_device": 1024}, "time_since_restore": 68.04212713241577, "timesteps_since_restore": 0, "iterations_since_restore": 8, "mean_throughput": 7221.816680520488, "atoms": 1}
{"apply": 0.008010530471801757, "batch_time": 0.11749055385589599, "d2h": 0.004470014572143554, "data_time": 0.045544721642319035, "fwd": 0.035605430603027344, "get_state_time_mean": NaN, "get_state_time_total": 0.0, "grad": 0.05257105827331543, "mean_accuracy": 0.2150999903678894, "mean_loss": 2.048312198638916, "neg_mean_accuracy": -0.2150999903678894, "set_state_time_mean": NaN, "set_state_time_total": 0.0, "setup_model_time_mean": NaN, "setup_model_time_total": 0.0, "setup_proc_time_mean": NaN, "setup_proc_time_total": 0.0, "train_accuracy": 0.19529999792575836, "train_loss": 1.9731880341339112, "training_time_mean": NaN, "training_time_total": 0.0, "validation_time_mean": NaN, "validation_time_total": 0.0, "samples": 60000, "num_workers": 1, "done": false, "timesteps_total": null, "episodes_total": null, "training_iteration": 9, "neg_mean_loss": -2.048312198638916, "experiment_id": "761409d5047341b7a045434a2fa295f3", "date": "2019-05-30_14-49-58", "timestamp": 1559252998, "time_this_iter_s": 8.472049236297607, "time_total_s": 76.51417636871338, "pid": 6394, "hostname": "steropes", "node_ip": "169.229.49.254", "config": {"starting_lr": 1.0, "momentum": 0.95, "weight_decay": 0.0001, "steps_per_iteration": null, "pin": false, "model_creator": null, "target_batch_size": 1024, "model_string": "resnet18", "min_batch_size": 512, "dataset": "CIFAR", "placement": null, "use_nccl": true, "devices_per_worker": 1, "primary_resource": "extra_gpu", "gpu": false, "verbose": false, "lr_config": {"mode": "log", "steps": 5, "initial_lr": 1.0, "target_lr": 1.0}, "batch_per_device": 1024}, "time_since_restore": 76.51417636871338, "timesteps_since_restore": 0, "iterations_since_restore": 9, "mean_throughput": 7174.379066918695, "atoms": 1}
{"apply": 0.007858967781066895, "batch_time": 0.12479727268218994, "d2h": 0.005242276191711426, "data_time": 0.03442790556927117, "fwd": 0.029128146171569825, "get_state_time_mean": NaN, "get_state_time_total": 0.0, "grad": 0.04881086349487305, "mean_accuracy": 0.1445000022649765, "mean_loss": 2.376276264953613, "neg_mean_accuracy": -0.1445000022649765, "set_state_time_mean": NaN, "set_state_time_total": 0.0, "setup_model_time_mean": NaN, "setup_model_time_total": 0.0, "setup_proc_time_mean": NaN, "setup_proc_time_total": 0.0, "train_accuracy": 0.2035999894142151, "train_loss": 1.9527533572006226, "training_time_mean": NaN, "training_time_total": 0.0, "validation_time_mean": NaN, "validation_time_total": 0.0, "samples": 60000, "num_workers": 1, "done": false, "timesteps_total": null, "episodes_total": null, "training_iteration": 10, "neg_mean_loss": -2.376276264953613, "experiment_id": "761409d5047341b7a045434a2fa295f3", "date": "2019-05-30_14-50-06", "timestamp": 1559253006, "time_this_iter_s": 8.091571807861328, "time_total_s": 84.6057481765747, "pid": 6394, "hostname": "steropes", "node_ip": "169.229.49.254", "config": {"starting_lr": 1.0, "momentum": 0.95, "weight_decay": 0.0001, "steps_per_iteration": null, "pin": false, "model_creator": null, "target_batch_size": 1024, "model_string": "resnet18", "min_batch_size": 512, "dataset": "CIFAR", "placement": null, "use_nccl": true, "devices_per_worker": 1, "primary_resource": "extra_gpu", "gpu": false, "verbose": false, "lr_config": {"mode": "log", "steps": 5, "initial_lr": 1.0, "target_lr": 1.0}, "batch_per_device": 1024}, "time_since_restore": 84.6057481765747, "timesteps_since_restore": 0, "iterations_since_restore": 10, "mean_throughput": 7138.729940768948, "atoms": 1}
{"apply": 0.007946228981018067, "batch_time": 0.12875263690948485, "d2h": 0.004872322082519531, "data_time": 0.036786084272423566, "fwd": 0.02900848388671875, "get_state_time_mean": NaN, "get_state_time_total": 0.0, "grad": 0.05024268627166748, "mean_accuracy": 0.19939999282360077, "mean_loss": 1.9925811790466308, "neg_mean_accuracy": -0.19939999282360077, "set_state_time_mean": NaN, "set_state_time_total": 0.0, "setup_model_time_mean": NaN, "setup_model_time_total": 0.0, "setup_proc_time_mean": NaN, "setup_proc_time_total": 0.0, "train_accuracy": 0.21891999244689941, "train_loss": 1.8999933234024047, "training_time_mean": NaN, "training_time_total": 0.0, "validation_time_mean": NaN, "validation_time_total": 0.0, "samples": 60000, "num_workers": 1, "done": false, "timesteps_total": null, "episodes_total": null, "training_iteration": 11, "neg_mean_loss": -1.9925811790466308, "experiment_id": "761409d5047341b7a045434a2fa295f3", "date": "2019-05-30_14-50-14", "timestamp": 1559253014, "time_this_iter_s": 8.245912551879883, "time_total_s": 92.85166072845459, "pid": 6394, "hostname": "steropes", "node_ip": "169.229.49.254", "config": {"starting_lr": 1.0, "momentum": 0.95, "weight_decay": 0.0001, "steps_per_iteration": null, "pin": false, "model_creator": null, "target_batch_size": 1024, "model_string": "resnet18", "min_batch_size": 512, "dataset": "CIFAR", "placement": null, "use_nccl": true, "devices_per_worker": 1, "primary_resource": "extra_gpu", "gpu": false, "verbose": false, "lr_config": {"mode": "log", "steps": 5, "initial_lr": 1.0, "target_lr": 1.0}, "batch_per_device": 1024}, "time_since_restore": 92.85166072845459, "timesteps_since_restore": 0, "iterations_since_restore": 11, "mean_throughput": 7149.888322770502, "atoms": 1}
{"apply": 0.007395553588867188, "batch_time": 0.1344701051712036, "d2h": 0.010419559478759766, "data_time": 0.029726918862790476, "fwd": 0.030548405647277833, "get_state_time_mean": NaN, "get_state_time_total": 0.0, "grad": 0.06444091796875, "mean_accuracy": 0.2247999906539917, "mean_loss": 1.8972218048095704, "neg_mean_accuracy": -0.2247999906539917, "set_state_time_mean": NaN, "set_state_time_total": 0.0, "setup_model_time_mean": NaN, "setup_model_time_total": 0.0, "setup_proc_time_mean": NaN, "setup_proc_time_total": 0.0, "train_accuracy": 0.2252199947834015, "train_loss": 1.8836373487854003, "training_time_mean": NaN, "training_time_total": 0.0, "validation_time_mean": NaN, "validation_time_total": 0.0, "samples": 60000, "num_workers": 1, "done": true, "timesteps_total": null, "episodes_total": null, "training_iteration": 12, "neg_mean_loss": -1.8972218048095704, "experiment_id": "761409d5047341b7a045434a2fa295f3", "date": "2019-05-30_14-50-23", "timestamp": 1559253023, "time_this_iter_s": 8.197413444519043, "time_total_s": 101.04907417297363, "pid": 6394, "hostname": "steropes", "node_ip": "169.229.49.254", "config": {"starting_lr": 1.0, "momentum": 0.95, "weight_decay": 0.0001, "steps_per_iteration": null, "pin": false, "model_creator": null, "target_batch_size": 1024, "model_string": "resnet18", "min_batch_size": 512, "dataset": "CIFAR", "placement": null, "use_nccl": true, "devices_per_worker": 1, "primary_resource": "extra_gpu", "gpu": false, "verbose": false, "lr_config": {"mode": "log", "steps": 5, "initial_lr": 1.0, "target_lr": 1.0}, "batch_per_device": 1024}, "time_since_restore": 101.04907417297363, "timesteps_since_restore": 0, "iterations_since_restore": 12, "mean_throughput": 7197.1236516759745, "atoms": 1}
