{"apply": 0.017293000221252443, "batch_time": 0.04160916956165169, "d2h": 0.0006453275680541992, "data_time": 0.001865958313807807, "fwd": 0.15869247913360596, "get_state_time_mean": NaN, "get_state_time_total": 0.0, "grad": 0.16173837184906006, "mean_accuracy": 0.1314999908208847, "mean_loss": 2.2989185794830322, "neg_mean_accuracy": -0.1314999908208847, "set_state_time_mean": NaN, "set_state_time_total": 0.0, "setup_model_time_mean": 10.535850763320923, "setup_model_time_total": 10.535850763320923, "setup_proc_time_mean": 0.2821524143218994, "setup_proc_time_total": 0.2821524143218994, "train_accuracy": 0.10809999704360962, "train_loss": 4.1620936772155765, "training_time_mean": NaN, "training_time_total": 0.0, "val_accuracy": 0.1314999908208847, "val_loss": 2.2989185794830322, "validation_time_mean": NaN, "validation_time_total": 0.0, "samples": 60000, "num_workers": 1, "done": false, "timesteps_total": null, "episodes_total": null, "training_iteration": 1, "neg_mean_loss": -2.2989185794830322, "experiment_id": "5f83e13eecc44aa0842d8e1f3a342d9a", "date": "2019-06-03_03-39-49", "timestamp": 1559558389, "time_this_iter_s": 46.127273082733154, "time_total_s": 46.127273082733154, "pid": 18944, "hostname": "steropes", "node_ip": "169.229.49.254", "config": {"starting_lr": 1.0, "momentum": 0.9, "weight_decay": 0.0005, "steps_per_iteration": null, "pin": false, "model_creator": null, "target_batch_size": 128, "model_string": "resnet50", "min_batch_size": 128, "dataset": "CIFAR", "placement": null, "use_nccl": true, "devices_per_worker": 1, "primary_resource": "extra_gpu", "gpu": false, "verbose": false, "lr_config": {"mode": "log", "steps": 5, "initial_lr": 1.0, "target_lr": 1.0}, "batch_per_device": 128}, "time_since_restore": 46.127273082733154, "timesteps_since_restore": 0, "iterations_since_restore": 1, "mean_throughput": 1300.7464789496053, "atoms": 1, "setup_time": 11.767549753189087}
{"apply": 0.017337226867675783, "batch_time": 0.031972118570834776, "d2h": 0.0006894350051879882, "data_time": 0.0018144745351103566, "fwd": 0.0273571252822876, "get_state_time_mean": NaN, "get_state_time_total": 0.0, "grad": 0.04728808403015137, "mean_accuracy": 0.15719999372959137, "mean_loss": 2.258137027168274, "neg_mean_accuracy": -0.18289999663829803, "set_state_time_mean": NaN, "set_state_time_total": 0.0, "setup_model_time_mean": NaN, "setup_model_time_total": 0.0, "setup_proc_time_mean": NaN, "setup_proc_time_total": 0.0, "train_accuracy": 0.19307999312877655, "train_loss": 2.16707211769104, "training_time_mean": NaN, "training_time_total": 0.0, "val_accuracy": 0.18289999663829803, "val_loss": 2.2173554748535156, "validation_time_mean": NaN, "validation_time_total": 0.0, "samples": 60000, "num_workers": 1, "done": false, "timesteps_total": null, "episodes_total": null, "training_iteration": 2, "neg_mean_loss": -2.258137027168274, "experiment_id": "5f83e13eecc44aa0842d8e1f3a342d9a", "date": "2019-06-03_03-40-29", "timestamp": 1559558429, "time_this_iter_s": 40.455201864242554, "time_total_s": 86.58247494697571, "pid": 18944, "hostname": "steropes", "node_ip": "169.229.49.254", "config": {"starting_lr": 1.0, "momentum": 0.9, "weight_decay": 0.0005, "steps_per_iteration": null, "pin": false, "model_creator": null, "target_batch_size": 128, "model_string": "resnet50", "min_batch_size": 128, "dataset": "CIFAR", "placement": null, "use_nccl": true, "devices_per_worker": 1, "primary_resource": "extra_gpu", "gpu": false, "verbose": false, "lr_config": {"mode": "log", "steps": 5, "initial_lr": 1.0, "target_lr": 1.0}, "batch_per_device": 128}, "time_since_restore": 86.58247494697571, "timesteps_since_restore": 0, "iterations_since_restore": 2, "mean_throughput": 1385.959057675738, "atoms": 1, "setup_time": 11.767549753189087}
{"apply": 0.017133092880249022, "batch_time": 0.03162721440761904, "d2h": 0.0006647348403930664, "data_time": 0.0017743397246846153, "fwd": 0.02747035026550293, "get_state_time_mean": NaN, "get_state_time_total": 0.0, "grad": 0.04736943244934082, "mean_accuracy": 0.1797999938329061, "mean_loss": 2.2157206269582113, "neg_mean_accuracy": -0.22499999403953552, "set_state_time_mean": NaN, "set_state_time_total": 0.0, "setup_model_time_mean": NaN, "setup_model_time_total": 0.0, "setup_proc_time_mean": NaN, "setup_proc_time_total": 0.0, "train_accuracy": 0.2079399973154068, "train_loss": 2.1058168211364747, "training_time_mean": NaN, "training_time_total": 0.0, "val_accuracy": 0.22499999403953552, "val_loss": 2.130887826538086, "validation_time_mean": NaN, "validation_time_total": 0.0, "samples": 60000, "num_workers": 1, "done": true, "timesteps_total": null, "episodes_total": null, "training_iteration": 3, "neg_mean_loss": -2.2157206269582113, "experiment_id": "5f83e13eecc44aa0842d8e1f3a342d9a", "date": "2019-06-03_03-41-09", "timestamp": 1559558469, "time_this_iter_s": 40.19874405860901, "time_total_s": 126.78121900558472, "pid": 18944, "hostname": "steropes", "node_ip": "169.229.49.254", "config": {"starting_lr": 1.0, "momentum": 0.9, "weight_decay": 0.0005, "steps_per_iteration": null, "pin": false, "model_creator": null, "target_batch_size": 128, "model_string": "resnet50", "min_batch_size": 128, "dataset": "CIFAR", "placement": null, "use_nccl": true, "devices_per_worker": 1, "primary_resource": "extra_gpu", "gpu": false, "verbose": false, "lr_config": {"mode": "log", "steps": 5, "initial_lr": 1.0, "target_lr": 1.0}, "batch_per_device": 128}, "time_since_restore": 126.78121900558472, "timesteps_since_restore": 0, "iterations_since_restore": 3, "mean_throughput": 1419.7641446064022, "atoms": 1, "setup_time": 11.767549753189087}
