apply,batch_time,d2h,data_time,fwd,get_state_time_mean,get_state_time_total,grad,mean_accuracy,mean_loss,neg_mean_accuracy,set_state_time_mean,set_state_time_total,setup_model_time_mean,setup_model_time_total,setup_proc_time_mean,setup_proc_time_total,train_accuracy,train_loss,training_time_mean,training_time_total,val_accuracy,val_loss,validation_time_mean,validation_time_total,samples,num_workers,done,timesteps_total,episodes_total,training_iteration,neg_mean_loss,experiment_id,date,timestamp,time_this_iter_s,time_total_s,pid,hostname,node_ip,config,time_since_restore,timesteps_since_restore,iterations_since_restore,mean_throughput,atoms,setup_time
0.01965348720550537,0.042522219162953054,0.0008043766021728516,0.0018602563901935392,0.18822007179260253,nan,0.0,0.16358067989349365,0.33719998598098755,1.84538395652771,-0.33719998598098755,nan,0.0,24.08256483078003,24.08256483078003,1.882251501083374,1.882251501083374,0.2283399999141693,2.38942935798645,nan,0.0,0.33719998598098755,1.84538395652771,nan,0.0,60000,1,False,,,1,-1.84538395652771,0e8f223a44b14721a10420fd54c30a1a,2019-06-03_22-45-24,1559627124,47.12936782836914,47.12936782836914,13574,steropes,169.229.49.254,"{'starting_lr': 0.001, 'momentum': 0.99, 'weight_decay': 0.005, 'steps_per_iteration': None, 'pin': False, 'model_creator': None, 'target_batch_size': 128, 'model_string': 'resnet50', 'min_batch_size': 128, 'dataset': 'CIFAR', 'placement': None, 'use_nccl': True, 'devices_per_worker': 1, 'primary_resource': 'extra_gpu', 'gpu': False, 'verbose': False, 'lr_config': {'mode': 'log', 'steps': 5, 'initial_lr': 0.001, 'target_lr': 0.001}, 'batch_per_device': 128}",47.12936782836914,0,1,1273.0893358217245,1,26.060333728790283
0.016824626922607423,0.03204538550557969,0.0006974458694458008,0.0017967602176129666,0.027919673919677736,nan,0.0,0.04919497966766358,0.3690999895334244,1.844570517539978,-0.4009999930858612,nan,0.0,nan,0.0,nan,0.0,0.3505399823188782,2.001515583953857,nan,0.0,0.4009999930858612,1.8437570785522461,nan,0.0,60000,1,False,,,2,-1.844570517539978,0e8f223a44b14721a10420fd54c30a1a,2019-06-03_22-46-06,1559627166,41.040714263916016,88.17008209228516,13574,steropes,169.229.49.254,"{'starting_lr': 0.001, 'momentum': 0.99, 'weight_decay': 0.005, 'steps_per_iteration': None, 'pin': False, 'model_creator': None, 'target_batch_size': 128, 'model_string': 'resnet50', 'min_batch_size': 128, 'dataset': 'CIFAR', 'placement': None, 'use_nccl': True, 'devices_per_worker': 1, 'primary_resource': 'extra_gpu', 'gpu': False, 'verbose': False, 'lr_config': {'mode': 'log', 'steps': 5, 'initial_lr': 0.001, 'target_lr': 0.001}, 'batch_per_device': 128}",88.17008209228516,0,2,1361.000475493605,1,26.060333728790283
0.01799154281616211,0.032984295977821834,0.0007796049118041992,0.00184394819352328,0.02936851978302002,nan,0.0,0.04910423755645752,0.37936665614446,1.8039795377731325,-0.39989998936653137,nan,0.0,nan,0.0,nan,0.0,0.3756999969482422,1.8926785747528077,nan,0.0,0.39989998936653137,1.722797578239441,nan,0.0,60000,1,False,,,3,-1.8039795377731325,0e8f223a44b14721a10420fd54c30a1a,2019-06-03_22-46-47,1559627207,41.08075547218323,129.25083756446838,13574,steropes,169.229.49.254,"{'starting_lr': 0.001, 'momentum': 0.99, 'weight_decay': 0.005, 'steps_per_iteration': None, 'pin': False, 'model_creator': None, 'target_batch_size': 128, 'model_string': 'resnet50', 'min_batch_size': 128, 'dataset': 'CIFAR', 'placement': None, 'use_nccl': True, 'devices_per_worker': 1, 'primary_resource': 'extra_gpu', 'gpu': False, 'verbose': False, 'lr_config': {'mode': 'log', 'steps': 5, 'initial_lr': 0.001, 'target_lr': 0.001}, 'batch_per_device': 128}",129.25083756446838,0,3,1392.636203343684,1,26.060333728790283
0.017684078216552733,0.03194641161568557,0.0007604837417602539,0.0018274796283458505,0.027933692932128905,nan,0.0,0.04972045421600342,0.39367499202489853,1.746046574831009,-0.436599999666214,nan,0.0,nan,0.0,nan,0.0,0.40931999683380127,1.6964216829299927,nan,0.0,0.436599999666214,1.5722476860046386,nan,0.0,60000,1,False,,,4,-1.746046574831009,0e8f223a44b14721a10420fd54c30a1a,2019-06-03_22-47-27,1559627247,40.79733967781067,170.04817724227905,13574,steropes,169.229.49.254,"{'starting_lr': 0.001, 'momentum': 0.99, 'weight_decay': 0.005, 'steps_per_iteration': None, 'pin': False, 'model_creator': None, 'target_batch_size': 128, 'model_string': 'resnet50', 'min_batch_size': 128, 'dataset': 'CIFAR', 'placement': None, 'use_nccl': True, 'devices_per_worker': 1, 'primary_resource': 'extra_gpu', 'gpu': False, 'verbose': False, 'lr_config': {'mode': 'log', 'steps': 5, 'initial_lr': 0.001, 'target_lr': 0.001}, 'batch_per_device': 128}",170.04817724227905,0,4,1411.360453201633,1,26.060333728790283
0.01845700740814209,0.03164425379113306,0.0007398605346679687,0.0018280997605579893,0.029265594482421876,nan,0.0,0.04833455085754394,0.41321998834609985,1.6800275602340697,-0.49139997363090515,nan,0.0,nan,0.0,nan,0.0,0.43463999032974243,1.5882543072128297,nan,0.0,0.49139997363090515,1.4159515018463136,nan,0.0,60000,1,False,,,5,-1.6800275602340697,0e8f223a44b14721a10420fd54c30a1a,2019-06-03_22-48-08,1559627288,40.7105450630188,210.75872230529785,13574,steropes,169.229.49.254,"{'starting_lr': 0.001, 'momentum': 0.99, 'weight_decay': 0.005, 'steps_per_iteration': None, 'pin': False, 'model_creator': None, 'target_batch_size': 128, 'model_string': 'resnet50', 'min_batch_size': 128, 'dataset': 'CIFAR', 'placement': None, 'use_nccl': True, 'devices_per_worker': 1, 'primary_resource': 'extra_gpu', 'gpu': False, 'verbose': False, 'lr_config': {'mode': 'log', 'steps': 5, 'initial_lr': 0.001, 'target_lr': 0.001}, 'batch_per_device': 128}",210.75872230529785,0,5,1423.4245817277829,1,26.060333728790283
0.017379093170166015,0.03404342373715171,0.0007096290588378906,0.00181108545464323,0.02798020839691162,nan,0.0,0.04783344268798828,0.4474199891090393,1.5812334463119506,-0.5081999897956848,nan,0.0,nan,0.0,nan,0.0,0.48221999406814575,1.4402319316864014,nan,0.0,0.5081999897956848,1.3514133869171143,nan,0.0,60000,1,False,,,6,-1.5812334463119506,0e8f223a44b14721a10420fd54c30a1a,2019-06-03_22-48-49,1559627329,40.689624071121216,251.44834637641907,13574,steropes,169.229.49.254,"{'starting_lr': 0.001, 'momentum': 0.99, 'weight_decay': 0.005, 'steps_per_iteration': None, 'pin': False, 'model_creator': None, 'target_batch_size': 128, 'model_string': 'resnet50', 'min_batch_size': 128, 'dataset': 'CIFAR', 'placement': None, 'use_nccl': True, 'devices_per_worker': 1, 'primary_resource': 'extra_gpu', 'gpu': False, 'verbose': False, 'lr_config': {'mode': 'log', 'steps': 5, 'initial_lr': 0.001, 'target_lr': 0.001}, 'batch_per_device': 128}",251.44834637641907,0,6,1468.2880727131492,1,26.060333728790283
0.016778111457824707,0.03233993506129784,0.0007505178451538086,0.001788966795977424,0.027857136726379395,nan,0.0,0.049004340171813966,0.47665998339653015,1.4687361874771117,-0.5471999645233154,nan,0.0,nan,0.0,nan,0.0,0.507420003414154,1.3764578524780273,nan,0.0,0.5471999645233154,1.2812707843780518,nan,0.0,60000,1,False,,,7,-1.4687361874771117,0e8f223a44b14721a10420fd54c30a1a,2019-06-03_22-49-30,1559627370,40.80477738380432,292.2531237602234,13574,steropes,169.229.49.254,"{'starting_lr': 0.001, 'momentum': 0.99, 'weight_decay': 0.005, 'steps_per_iteration': None, 'pin': False, 'model_creator': None, 'target_batch_size': 128, 'model_string': 'resnet50', 'min_batch_size': 128, 'dataset': 'CIFAR', 'placement': None, 'use_nccl': True, 'devices_per_worker': 1, 'primary_resource': 'extra_gpu', 'gpu': False, 'verbose': False, 'lr_config': {'mode': 'log', 'steps': 5, 'initial_lr': 0.001, 'target_lr': 0.001}, 'batch_per_device': 128}",292.2531237602234,0,7,1469.9868490923564,1,26.060333728790283
0.018232190608978273,0.06608493030071258,0.000660562515258789,0.0031294129332717583,0.1475722908973694,nan,0.0,0.20855077505111694,0.5134599804878235,1.3731638228416443,-0.583899974822998,6.3373472690582275,6.3373472690582275,10.405595898628235,10.405595898628235,0.6272189617156982,0.6272189617156982,0.5516999959945679,1.2549717354011536,nan,0.0,0.583899974822998,1.2449357550621034,nan,0.0,60000,2,False,,,8,-1.3731638228416443,0e8f223a44b14721a10420fd54c30a1a,2019-06-03_22-50-23,1559627423,33.73879837989807,325.99192214012146,20223,steropes,169.229.49.254,"{'starting_lr': 0.001, 'momentum': 0.99, 'weight_decay': 0.005, 'steps_per_iteration': None, 'pin': False, 'model_creator': None, 'target_batch_size': 128, 'model_string': 'resnet50', 'min_batch_size': 128, 'dataset': 'CIFAR', 'placement': None, 'use_nccl': True, 'devices_per_worker': 1, 'primary_resource': 'extra_gpu', 'gpu': False, 'verbose': False, 'lr_config': {'mode': 'log', 'steps': 5, 'initial_lr': 0.001, 'target_lr': 0.0014142135623730952}, 'batch_per_device': 128}",33.73879837989807,0,1,1778.352786773423,2,19.125277280807495
0.0174219012260437,0.03909674286842346,0.0006470084190368652,0.002916666926169882,0.028201639652252197,nan,0.0,0.08084354400634766,0.5460199773311615,1.3076556245803832,-0.599399983882904,nan,0.0,nan,0.0,nan,0.0,0.5763000249862671,1.1906964748954774,nan,0.0,0.599399983882904,1.2447066946983338,nan,0.0,60000,2,False,,,9,-1.3076556245803832,0e8f223a44b14721a10420fd54c30a1a,2019-06-03_22-50-51,1559627451,27.94803762435913,353.9399597644806,20223,steropes,169.229.49.254,"{'starting_lr': 0.001, 'momentum': 0.99, 'weight_decay': 0.005, 'steps_per_iteration': None, 'pin': False, 'model_creator': None, 'target_batch_size': 128, 'model_string': 'resnet50', 'min_batch_size': 128, 'dataset': 'CIFAR', 'placement': None, 'use_nccl': True, 'devices_per_worker': 1, 'primary_resource': 'extra_gpu', 'gpu': False, 'verbose': False, 'lr_config': {'mode': 'log', 'steps': 5, 'initial_lr': 0.001, 'target_lr': 0.0014142135623730952}, 'batch_per_device': 128}",61.6868360042572,0,2,1945.298121804852,2,19.125277280807495
0.018487215042114258,0.03906698822975159,0.0006377220153808594,0.0029435078708492978,0.028614401817321777,nan,0.0,0.0798372507095337,0.5708999872207642,1.2465612572097777,-0.6158000230789185,nan,0.0,nan,0.0,nan,0.0,0.5922600030899048,1.1500372109794617,nan,0.0,0.6158000230789185,1.110479664993286,nan,0.0,60000,2,False,,,10,-1.2465612572097777,0e8f223a44b14721a10420fd54c30a1a,2019-06-03_22-51-19,1559627479,28.192917585372925,382.1328773498535,20223,steropes,169.229.49.254,"{'starting_lr': 0.001, 'momentum': 0.99, 'weight_decay': 0.005, 'steps_per_iteration': None, 'pin': False, 'model_creator': None, 'target_batch_size': 128, 'model_string': 'resnet50', 'min_batch_size': 128, 'dataset': 'CIFAR', 'placement': None, 'use_nccl': True, 'devices_per_worker': 1, 'primary_resource': 'extra_gpu', 'gpu': False, 'verbose': False, 'lr_config': {'mode': 'log', 'steps': 5, 'initial_lr': 0.001, 'target_lr': 0.0014142135623730952}, 'batch_per_device': 128}",89.87975358963013,0,3,2002.6659001778794,2,19.125277280807495
0.020715641975402835,0.041071036458015436,0.0006439089775085449,0.003126894941135329,0.03145502805709839,nan,0.0,0.08162178993225097,0.5973199844360352,1.1853606529426575,-0.6402999758720398,nan,0.0,nan,0.0,nan,0.0,0.6125400066375732,1.0968744053840638,nan,0.0,0.6402999758720398,1.0454103655815126,nan,0.0,60000,2,False,,,11,-1.1853606529426575,0e8f223a44b14721a10420fd54c30a1a,2019-06-03_22-51-47,1559627507,28.553123950958252,410.68600130081177,20223,steropes,169.229.49.254,"{'starting_lr': 0.001, 'momentum': 0.99, 'weight_decay': 0.005, 'steps_per_iteration': None, 'pin': False, 'model_creator': None, 'target_batch_size': 128, 'model_string': 'resnet50', 'min_batch_size': 128, 'dataset': 'CIFAR', 'placement': None, 'use_nccl': True, 'devices_per_worker': 1, 'primary_resource': 'extra_gpu', 'gpu': False, 'verbose': False, 'lr_config': {'mode': 'log', 'steps': 5, 'initial_lr': 0.001, 'target_lr': 0.0014142135623730952}, 'batch_per_device': 128}",118.43287754058838,0,4,2026.4543891326337,2,19.125277280807495
0.019263863563537598,0.04444474875926971,0.0006380677223205566,0.0030265450477600098,0.029791033267974852,nan,0.0,0.08183454275131224,0.6206999778747558,1.1217663886642457,-0.664099931716919,nan,0.0,nan,0.0,nan,0.0,0.6323000192642212,1.0498582005405428,nan,0.0,0.664099931716919,0.9632994629859924,nan,0.0,60000,2,False,,,12,-1.1217663886642457,0e8f223a44b14721a10420fd54c30a1a,2019-06-03_22-52-17,1559627537,29.22819185256958,439.91419315338135,20223,steropes,169.229.49.254,"{'starting_lr': 0.001, 'momentum': 0.99, 'weight_decay': 0.005, 'steps_per_iteration': None, 'pin': False, 'model_creator': None, 'target_batch_size': 128, 'model_string': 'resnet50', 'min_batch_size': 128, 'dataset': 'CIFAR', 'placement': None, 'use_nccl': True, 'devices_per_worker': 1, 'primary_resource': 'extra_gpu', 'gpu': False, 'verbose': False, 'lr_config': {'mode': 'log', 'steps': 5, 'initial_lr': 0.001, 'target_lr': 0.0014142135623730952}, 'batch_per_device': 128}",147.66106939315796,0,5,2031.6706193482776,2,19.125277280807495
0.018768012523651123,0.04148550033569336,0.0006603479385375976,0.0030930334207962974,0.030816447734832764,nan,0.0,0.08391133546829224,0.6390599727630615,1.0579240278434754,-0.6756999492645264,nan,0.0,nan,0.0,nan,0.0,0.653439998626709,0.9966653489685059,nan,0.0,0.6756999492645264,0.925723950958252,nan,0.0,60000,2,False,,,13,-1.0579240278434754,0e8f223a44b14721a10420fd54c30a1a,2019-06-03_22-52-46,1559627566,29.183380126953125,469.0975732803345,20223,steropes,169.229.49.254,"{'starting_lr': 0.001, 'momentum': 0.99, 'weight_decay': 0.005, 'steps_per_iteration': None, 'pin': False, 'model_creator': None, 'target_batch_size': 128, 'model_string': 'resnet50', 'min_batch_size': 128, 'dataset': 'CIFAR', 'placement': None, 'use_nccl': True, 'devices_per_worker': 1, 'primary_resource': 'extra_gpu', 'gpu': False, 'verbose': False, 'lr_config': {'mode': 'log', 'steps': 5, 'initial_lr': 0.001, 'target_lr': 0.0014142135623730952}, 'batch_per_device': 128}",176.84444952011108,0,6,2096.346677941935,2,19.125277280807495
0.020325839519500732,0.0388796091079712,0.0006590008735656739,0.0029979609713262443,0.02954477071762085,nan,0.0,0.08125211000442505,0.6549399733543396,0.9987521499443055,-0.6787999868392944,nan,0.0,nan,0.0,nan,0.0,0.6758999824523926,0.933530307750702,nan,0.0,0.6787999868392944,0.9488473052024842,nan,0.0,60000,2,False,,,14,-0.9987521499443055,0e8f223a44b14721a10420fd54c30a1a,2019-06-03_22-53-15,1559627595,28.924413681030273,498.02198696136475,20223,steropes,169.229.49.254,"{'starting_lr': 0.001, 'momentum': 0.99, 'weight_decay': 0.005, 'steps_per_iteration': None, 'pin': False, 'model_creator': None, 'target_batch_size': 128, 'model_string': 'resnet50', 'min_batch_size': 128, 'dataset': 'CIFAR', 'placement': None, 'use_nccl': True, 'devices_per_worker': 1, 'primary_resource': 'extra_gpu', 'gpu': False, 'verbose': False, 'lr_config': {'mode': 'log', 'steps': 5, 'initial_lr': 0.001, 'target_lr': 0.0014142135623730952}, 'batch_per_device': 128}",205.76886320114136,0,7,2082.1396482080413,2,19.125277280807495
0.017918205261230467,0.03891797363758087,0.0006575942039489746,0.0031076791335125356,0.029296982288360595,nan,0.0,0.08437974452972413,0.6691599726676941,0.9595471470451356,-0.6869000196456909,nan,0.0,nan,0.0,nan,0.0,0.685439944267273,0.911386004781723,nan,0.0,0.6869000196456909,0.9144546504974365,nan,0.0,60000,2,False,,,15,-0.9595471470451356,0e8f223a44b14721a10420fd54c30a1a,2019-06-03_22-53-44,1559627624,29.077491760253906,527.0994787216187,20223,steropes,169.229.49.254,"{'starting_lr': 0.001, 'momentum': 0.99, 'weight_decay': 0.005, 'steps_per_iteration': None, 'pin': False, 'model_creator': None, 'target_batch_size': 128, 'model_string': 'resnet50', 'min_batch_size': 128, 'dataset': 'CIFAR', 'placement': None, 'use_nccl': True, 'devices_per_worker': 1, 'primary_resource': 'extra_gpu', 'gpu': False, 'verbose': False, 'lr_config': {'mode': 'log', 'steps': 5, 'initial_lr': 0.001, 'target_lr': 0.0014142135623730952}, 'batch_per_device': 128}",234.84635496139526,0,8,2069.434504704499,2,19.125277280807495
0.018674397468566892,0.07563913310015644,0.0006657838821411133,0.004239620446552151,0.16060183842976888,nan,0.0,0.21509588559468587,0.6945902307828267,0.8930507429082116,-0.7437512079874674,7.4247385660807295,7.4247385660807295,11.397703091303507,11.397703091303507,4.75425386428833,4.75425386428833,0.725065549214681,0.8058774993123109,nan,0.0,0.7437512079874674,0.7615241832529108,nan,0.0,60000,3,False,,,17,-0.8930507429082116,0e8f223a44b14721a10420fd54c30a1a,2019-06-03_22-55-03,1559627703,26.97332763671875,582.9659020900726,29011,steropes,169.229.49.254,"{'starting_lr': 0.001, 'momentum': 0.99, 'weight_decay': 0.005, 'steps_per_iteration': None, 'pin': False, 'model_creator': None, 'target_batch_size': 128, 'model_string': 'resnet50', 'min_batch_size': 128, 'dataset': 'CIFAR', 'placement': None, 'use_nccl': True, 'devices_per_worker': 1, 'primary_resource': 'extra_gpu', 'gpu': False, 'verbose': False, 'lr_config': {'mode': 'log', 'steps': 5, 'initial_lr': 0.001, 'target_lr': 0.0017320508075688772}, 'batch_per_device': 128}",26.97332763671875,0,1,2224.4107818048924,3,52.2827684879303
0.018812314669291178,0.04362036269388081,0.0007051626841227213,0.004093916968231589,0.029825568199157715,nan,0.0,0.09147458871205649,0.7092402736345926,0.8537734423348542,-0.7489501635233561,nan,0.0,nan,0.0,nan,0.0,0.7419851620992025,0.7520071651713328,nan,0.0,0.7489501635233561,0.729337448091465,nan,0.0,60000,3,False,,,18,-0.8537734423348542,0e8f223a44b14721a10420fd54c30a1a,2019-06-03_22-55-24,1559627724,21.125622034072876,604.0915241241455,29011,steropes,169.229.49.254,"{'starting_lr': 0.001, 'momentum': 0.99, 'weight_decay': 0.005, 'steps_per_iteration': None, 'pin': False, 'model_creator': None, 'target_batch_size': 128, 'model_string': 'resnet50', 'min_batch_size': 128, 'dataset': 'CIFAR', 'placement': None, 'use_nccl': True, 'devices_per_worker': 1, 'primary_resource': 'extra_gpu', 'gpu': False, 'verbose': False, 'lr_config': {'mode': 'log', 'steps': 5, 'initial_lr': 0.001, 'target_lr': 0.0017320508075688772}, 'batch_per_device': 128}",48.098949670791626,0,2,2494.8471914739907,3,52.2827684879303
0.019065578778584797,0.04449680116441515,0.0006694793701171875,0.004264884929317251,0.03204193115234375,nan,0.0,0.09512107372283936,0.7215706547101338,0.8161691763929262,-0.7404518922170004,nan,0.0,nan,0.0,nan,0.0,0.7446451187133789,0.7504913434000322,nan,0.0,0.7404518922170004,0.7608259754928439,nan,0.0,60000,3,False,,,19,-0.8161691763929262,0e8f223a44b14721a10420fd54c30a1a,2019-06-03_22-55-45,1559627745,21.023099184036255,625.1146233081818,29011,steropes,169.229.49.254,"{'starting_lr': 0.001, 'momentum': 0.99, 'weight_decay': 0.005, 'steps_per_iteration': None, 'pin': False, 'model_creator': None, 'target_batch_size': 128, 'model_string': 'resnet50', 'min_batch_size': 128, 'dataset': 'CIFAR', 'placement': None, 'use_nccl': True, 'devices_per_worker': 1, 'primary_resource': 'extra_gpu', 'gpu': False, 'verbose': False, 'lr_config': {'mode': 'log', 'steps': 5, 'initial_lr': 0.001, 'target_lr': 0.0017320508075688772}, 'batch_per_device': 128}",69.12204885482788,0,3,2604.07924564714,3,52.2827684879303
0.020217275619506838,0.045003555439136644,0.0006523370742797851,0.0042158647347952565,0.03069838682810466,nan,0.0,0.09321722189585369,0.727202045917511,0.8007983792969628,-0.7150569756825765,nan,0.0,nan,0.0,nan,0.0,0.7437251408894857,0.7524644442576007,nan,0.0,0.7150569756825765,0.8376006650176198,nan,0.0,60000,3,False,,,20,-0.8007983792969628,0e8f223a44b14721a10420fd54c30a1a,2019-06-03_22-56-06,1559627766,21.044867038726807,646.1594903469086,29011,steropes,169.229.49.254,"{'starting_lr': 0.001, 'momentum': 0.99, 'weight_decay': 0.005, 'steps_per_iteration': None, 'pin': False, 'model_creator': None, 'target_batch_size': 128, 'model_string': 'resnet50', 'min_batch_size': 128, 'dataset': 'CIFAR', 'placement': None, 'use_nccl': True, 'devices_per_worker': 1, 'primary_resource': 'extra_gpu', 'gpu': False, 'verbose': False, 'lr_config': {'mode': 'log', 'steps': 5, 'initial_lr': 0.001, 'target_lr': 0.0017320508075688772}, 'batch_per_device': 128}",90.16691589355469,0,4,2661.7196087555767,3,52.2827684879303
0.01709556579589844,0.042857211313129945,0.000694433848063151,0.004220263648579139,0.02782268524169922,nan,0.0,0.08895733356475831,0.7380923430124919,0.7695514214787333,-0.742251475652059,nan,0.0,nan,0.0,nan,0.0,0.746225118637085,0.7516860550817128,nan,0.0,0.742251475652059,0.7584688355388272,nan,0.0,60000,3,False,,,21,-0.7695514214787333,0e8f223a44b14721a10420fd54c30a1a,2019-06-03_22-56-27,1559627787,20.630834579467773,666.7903249263763,29011,steropes,169.229.49.254,"{'starting_lr': 0.001, 'momentum': 0.99, 'weight_decay': 0.005, 'steps_per_iteration': None, 'pin': False, 'model_creator': None, 'target_batch_size': 128, 'model_string': 'resnet50', 'min_batch_size': 128, 'dataset': 'CIFAR', 'placement': None, 'use_nccl': True, 'devices_per_worker': 1, 'primary_resource': 'extra_gpu', 'gpu': False, 'verbose': False, 'lr_config': {'mode': 'log', 'steps': 5, 'initial_lr': 0.001, 'target_lr': 0.0017320508075688772}, 'batch_per_device': 128}",110.79775047302246,0,5,2707.62557799942,3,52.2827684879303
0.01692339579264323,0.04418555895487467,0.0006558100382486979,0.003962575024320879,0.027225136756896973,nan,0.0,0.0925344149271647,0.7396520455678305,0.7620473107548384,-0.7515497207641602,nan,0.0,nan,0.0,nan,0.0,0.7483050028483073,0.7405345032890831,nan,0.0,0.7515497207641602,0.7240036296334368,nan,0.0,60000,3,False,,,22,-0.7620473107548384,0e8f223a44b14721a10420fd54c30a1a,2019-06-03_22-56-47,1559627807,20.08341360092163,686.873738527298,29011,steropes,169.229.49.254,"{'starting_lr': 0.001, 'momentum': 0.99, 'weight_decay': 0.005, 'steps_per_iteration': None, 'pin': False, 'model_creator': None, 'target_batch_size': 128, 'model_string': 'resnet50', 'min_batch_size': 128, 'dataset': 'CIFAR', 'placement': None, 'use_nccl': True, 'devices_per_worker': 1, 'primary_resource': 'extra_gpu', 'gpu': False, 'verbose': False, 'lr_config': {'mode': 'log', 'steps': 5, 'initial_lr': 0.001, 'target_lr': 0.0017320508075688772}, 'batch_per_device': 128}",130.8811640739441,0,6,2887.162735050345,3,52.2827684879303
0.018275543053944906,0.177193127927326,0.0007305065790812175,0.007314509213572802,0.17255062262217202,nan,0.0,0.2493818958600362,0.7441511472066245,0.7521846789065908,-0.75954802831014,7.6414289474487305,7.6414289474487305,15.321268479029337,15.321268479029337,4.1767295598983765,4.1767295598983765,0.7615790367126465,0.7061604314537565,nan,0.0,0.75954802831014,0.7096095964174,nan,0.0,60000,6,False,,,24,-0.7521846789065908,0e8f223a44b14721a10420fd54c30a1a,2019-06-03_22-57-54,1559627874,20.393861532211304,726.9638092517853,28965,steropes,169.229.49.254,"{'starting_lr': 0.001, 'momentum': 0.99, 'weight_decay': 0.005, 'steps_per_iteration': None, 'pin': False, 'model_creator': None, 'target_batch_size': 128, 'model_string': 'resnet50', 'min_batch_size': 128, 'dataset': 'CIFAR', 'placement': None, 'use_nccl': True, 'devices_per_worker': 1, 'primary_resource': 'extra_gpu', 'gpu': False, 'verbose': False, 'lr_config': {'mode': 'log', 'steps': 5, 'initial_lr': 0.001, 'target_lr': 0.002449489742783178}, 'batch_per_device': 128}",20.393861532211304,0,1,2942.046722076887,6,46.72574329376221
0.01812642812728882,0.06067464181355067,0.0007304787635803222,0.007077576536120791,0.029963858922322593,nan,0.0,0.10103704531987508,0.7553088982899985,0.7196893353156717,-0.7708457310994467,nan,0.0,nan,0.0,nan,0.0,0.7748380502065023,0.661486957879908,nan,0.0,0.7708457310994467,0.675123947063024,nan,0.0,60000,6,False,,,25,-0.7196893353156717,0e8f223a44b14721a10420fd54c30a1a,2019-06-03_22-58-06,1559627886,11.959470510482788,738.9232797622681,28965,steropes,169.229.49.254,"{'starting_lr': 0.001, 'momentum': 0.99, 'weight_decay': 0.005, 'steps_per_iteration': None, 'pin': False, 'model_creator': None, 'target_batch_size': 128, 'model_string': 'resnet50', 'min_batch_size': 128, 'dataset': 'CIFAR', 'placement': None, 'use_nccl': True, 'devices_per_worker': 1, 'primary_resource': 'extra_gpu', 'gpu': False, 'verbose': False, 'lr_config': {'mode': 'log', 'steps': 5, 'initial_lr': 0.001, 'target_lr': 0.002449489742783178}, 'batch_per_device': 128}",32.35333204269409,0,2,3709.025271481738,6,46.72574329376221
0.01874305009841919,0.05907076597213745,0.0007516225179036457,0.00720969835917155,0.029948083559672035,nan,0.0,0.10698835452397665,0.7615276654561361,0.6996466852255259,-0.7733453114827474,nan,0.0,nan,0.0,nan,0.0,0.7872770627339681,0.6254071068066652,nan,0.0,0.7733453114827474,0.6582555850880983,nan,0.0,60000,6,False,,,26,-0.6996466852255259,0e8f223a44b14721a10420fd54c30a1a,2019-06-03_22-58-18,1559627898,12.098480701446533,751.0217604637146,28965,steropes,169.229.49.254,"{'starting_lr': 0.001, 'momentum': 0.99, 'weight_decay': 0.005, 'steps_per_iteration': None, 'pin': False, 'model_creator': None, 'target_batch_size': 128, 'model_string': 'resnet50', 'min_batch_size': 128, 'dataset': 'CIFAR', 'placement': None, 'use_nccl': True, 'devices_per_worker': 1, 'primary_resource': 'extra_gpu', 'gpu': False, 'verbose': False, 'lr_config': {'mode': 'log', 'steps': 5, 'initial_lr': 0.001, 'target_lr': 0.002449489742783178}, 'batch_per_device': 128}",44.451812744140625,0,3,4049.305262373356,6,46.72574329376221
0.017763356367746987,0.05686348392849877,0.000673842430114746,0.007092056250331377,0.02911150852839152,nan,0.0,0.10435798565546672,0.7664666652679444,0.6882312790189558,-0.7762447198232015,nan,0.0,nan,0.0,nan,0.0,0.7847172419230143,0.6318247441728967,nan,0.0,0.7762447198232015,0.6669265986005858,nan,0.0,60000,6,False,,,27,-0.6882312790189558,0e8f223a44b14721a10420fd54c30a1a,2019-06-03_22-58-30,1559627910,11.902533054351807,762.9242935180664,28965,steropes,169.229.49.254,"{'starting_lr': 0.001, 'momentum': 0.99, 'weight_decay': 0.005, 'steps_per_iteration': None, 'pin': False, 'model_creator': None, 'target_batch_size': 128, 'model_string': 'resnet50', 'min_batch_size': 128, 'dataset': 'CIFAR', 'placement': None, 'use_nccl': True, 'devices_per_worker': 1, 'primary_resource': 'extra_gpu', 'gpu': False, 'verbose': False, 'lr_config': {'mode': 'log', 'steps': 5, 'initial_lr': 0.001, 'target_lr': 0.002449489742783178}, 'batch_per_device': 128}",56.35434579849243,0,4,4258.740932919804,6,46.72574329376221
0.01877189477284749,0.0564044713973999,0.0006664474805196125,0.007083544827470876,0.031180671850840253,nan,0.0,0.10484556754430135,0.7645070393880209,0.6956625118319797,-0.7425514062245687,nan,0.0,nan,0.0,nan,0.0,0.7840372721354166,0.6348842794194659,nan,0.0,0.7425514062245687,0.7683968319907901,nan,0.0,60000,6,False,,,28,-0.6956625118319797,0e8f223a44b14721a10420fd54c30a1a,2019-06-03_22-58-42,1559627922,11.858731746673584,774.78302526474,28965,steropes,169.229.49.254,"{'starting_lr': 0.001, 'momentum': 0.99, 'weight_decay': 0.005, 'steps_per_iteration': None, 'pin': False, 'model_creator': None, 'target_batch_size': 128, 'model_string': 'resnet50', 'min_batch_size': 128, 'dataset': 'CIFAR', 'placement': None, 'use_nccl': True, 'devices_per_worker': 1, 'primary_resource': 'extra_gpu', 'gpu': False, 'verbose': False, 'lr_config': {'mode': 'log', 'steps': 5, 'initial_lr': 0.001, 'target_lr': 0.002449489742783178}, 'batch_per_device': 128}",68.21307754516602,0,5,4397.956660722761,6,46.72574329376221
0.01846790313720703,0.0678846694174267,0.000702524185180664,0.007328923302467424,0.029175233840942384,nan,0.0,0.10361879666646322,0.7637272040049236,0.6970755553362048,-0.7556488513946533,nan,0.0,nan,0.0,nan,0.0,0.781737486521403,0.6469244891404391,nan,0.0,0.7556488513946533,0.7166748139385257,nan,0.0,60000,6,False,,,29,-0.6970755553362048,0e8f223a44b14721a10420fd54c30a1a,2019-06-03_22-58-54,1559627934,12.227652072906494,787.0106773376465,28965,steropes,169.229.49.254,"{'starting_lr': 0.001, 'momentum': 0.99, 'weight_decay': 0.005, 'steps_per_iteration': None, 'pin': False, 'model_creator': None, 'target_batch_size': 128, 'model_string': 'resnet50', 'min_batch_size': 128, 'dataset': 'CIFAR', 'placement': None, 'use_nccl': True, 'devices_per_worker': 1, 'primary_resource': 'extra_gpu', 'gpu': False, 'verbose': False, 'lr_config': {'mode': 'log', 'steps': 5, 'initial_lr': 0.001, 'target_lr': 0.002449489742783178}, 'batch_per_device': 128}",80.44072961807251,0,6,4996.064722817419,6,46.72574329376221
0.01878681182861328,0.05924765268961588,0.0006769537925720216,0.007049978983522665,0.030670952796936032,nan,0.0,0.10492140054702759,0.767846409479777,0.6868322632531957,-0.7914417584737142,nan,0.0,nan,0.0,nan,0.0,0.7874969641367594,0.6260379162009034,nan,0.0,0.7914417584737142,0.6239074866479783,nan,0.0,60000,6,False,,,30,-0.6868322632531957,0e8f223a44b14721a10420fd54c30a1a,2019-06-03_22-59-06,1559627946,12.003099918365479,799.013777256012,28965,steropes,169.229.49.254,"{'starting_lr': 0.001, 'momentum': 0.99, 'weight_decay': 0.005, 'steps_per_iteration': None, 'pin': False, 'model_creator': None, 'target_batch_size': 128, 'model_string': 'resnet50', 'min_batch_size': 128, 'dataset': 'CIFAR', 'placement': None, 'use_nccl': True, 'devices_per_worker': 1, 'primary_resource': 'extra_gpu', 'gpu': False, 'verbose': False, 'lr_config': {'mode': 'log', 'steps': 5, 'initial_lr': 0.001, 'target_lr': 0.002449489742783178}, 'batch_per_device': 128}",92.44382953643799,0,7,4992.437651881486,6,46.72574329376221
