{"apply": 0.01965348720550537, "batch_time": 0.042522219162953054, "d2h": 0.0008043766021728516, "data_time": 0.0018602563901935392, "fwd": 0.18822007179260253, "get_state_time_mean": NaN, "get_state_time_total": 0.0, "grad": 0.16358067989349365, "mean_accuracy": 0.33719998598098755, "mean_loss": 1.84538395652771, "neg_mean_accuracy": -0.33719998598098755, "set_state_time_mean": NaN, "set_state_time_total": 0.0, "setup_model_time_mean": 24.08256483078003, "setup_model_time_total": 24.08256483078003, "setup_proc_time_mean": 1.882251501083374, "setup_proc_time_total": 1.882251501083374, "train_accuracy": 0.2283399999141693, "train_loss": 2.38942935798645, "training_time_mean": NaN, "training_time_total": 0.0, "val_accuracy": 0.33719998598098755, "val_loss": 1.84538395652771, "validation_time_mean": NaN, "validation_time_total": 0.0, "samples": 60000, "num_workers": 1, "done": false, "timesteps_total": null, "episodes_total": null, "training_iteration": 1, "neg_mean_loss": -1.84538395652771, "experiment_id": "0e8f223a44b14721a10420fd54c30a1a", "date": "2019-06-03_22-45-24", "timestamp": 1559627124, "time_this_iter_s": 47.12936782836914, "time_total_s": 47.12936782836914, "pid": 13574, "hostname": "steropes", "node_ip": "169.229.49.254", "config": {"starting_lr": 0.001, "momentum": 0.99, "weight_decay": 0.005, "steps_per_iteration": null, "pin": false, "model_creator": null, "target_batch_size": 128, "model_string": "resnet50", "min_batch_size": 128, "dataset": "CIFAR", "placement": null, "use_nccl": true, "devices_per_worker": 1, "primary_resource": "extra_gpu", "gpu": false, "verbose": false, "lr_config": {"mode": "log", "steps": 5, "initial_lr": 0.001, "target_lr": 0.001}, "batch_per_device": 128}, "time_since_restore": 47.12936782836914, "timesteps_since_restore": 0, "iterations_since_restore": 1, "mean_throughput": 1273.0893358217245, "atoms": 1, "setup_time": 26.060333728790283}
{"apply": 0.016824626922607423, "batch_time": 0.03204538550557969, "d2h": 0.0006974458694458008, "data_time": 0.0017967602176129666, "fwd": 0.027919673919677736, "get_state_time_mean": NaN, "get_state_time_total": 0.0, "grad": 0.04919497966766358, "mean_accuracy": 0.3690999895334244, "mean_loss": 1.844570517539978, "neg_mean_accuracy": -0.4009999930858612, "set_state_time_mean": NaN, "set_state_time_total": 0.0, "setup_model_time_mean": NaN, "setup_model_time_total": 0.0, "setup_proc_time_mean": NaN, "setup_proc_time_total": 0.0, "train_accuracy": 0.3505399823188782, "train_loss": 2.001515583953857, "training_time_mean": NaN, "training_time_total": 0.0, "val_accuracy": 0.4009999930858612, "val_loss": 1.8437570785522461, "validation_time_mean": NaN, "validation_time_total": 0.0, "samples": 60000, "num_workers": 1, "done": false, "timesteps_total": null, "episodes_total": null, "training_iteration": 2, "neg_mean_loss": -1.844570517539978, "experiment_id": "0e8f223a44b14721a10420fd54c30a1a", "date": "2019-06-03_22-46-06", "timestamp": 1559627166, "time_this_iter_s": 41.040714263916016, "time_total_s": 88.17008209228516, "pid": 13574, "hostname": "steropes", "node_ip": "169.229.49.254", "config": {"starting_lr": 0.001, "momentum": 0.99, "weight_decay": 0.005, "steps_per_iteration": null, "pin": false, "model_creator": null, "target_batch_size": 128, "model_string": "resnet50", "min_batch_size": 128, "dataset": "CIFAR", "placement": null, "use_nccl": true, "devices_per_worker": 1, "primary_resource": "extra_gpu", "gpu": false, "verbose": false, "lr_config": {"mode": "log", "steps": 5, "initial_lr": 0.001, "target_lr": 0.001}, "batch_per_device": 128}, "time_since_restore": 88.17008209228516, "timesteps_since_restore": 0, "iterations_since_restore": 2, "mean_throughput": 1361.000475493605, "atoms": 1, "setup_time": 26.060333728790283}
{"apply": 0.01799154281616211, "batch_time": 0.032984295977821834, "d2h": 0.0007796049118041992, "data_time": 0.00184394819352328, "fwd": 0.02936851978302002, "get_state_time_mean": NaN, "get_state_time_total": 0.0, "grad": 0.04910423755645752, "mean_accuracy": 0.37936665614446, "mean_loss": 1.8039795377731325, "neg_mean_accuracy": -0.39989998936653137, "set_state_time_mean": NaN, "set_state_time_total": 0.0, "setup_model_time_mean": NaN, "setup_model_time_total": 0.0, "setup_proc_time_mean": NaN, "setup_proc_time_total": 0.0, "train_accuracy": 0.3756999969482422, "train_loss": 1.8926785747528077, "training_time_mean": NaN, "training_time_total": 0.0, "val_accuracy": 0.39989998936653137, "val_loss": 1.722797578239441, "validation_time_mean": NaN, "validation_time_total": 0.0, "samples": 60000, "num_workers": 1, "done": false, "timesteps_total": null, "episodes_total": null, "training_iteration": 3, "neg_mean_loss": -1.8039795377731325, "experiment_id": "0e8f223a44b14721a10420fd54c30a1a", "date": "2019-06-03_22-46-47", "timestamp": 1559627207, "time_this_iter_s": 41.08075547218323, "time_total_s": 129.25083756446838, "pid": 13574, "hostname": "steropes", "node_ip": "169.229.49.254", "config": {"starting_lr": 0.001, "momentum": 0.99, "weight_decay": 0.005, "steps_per_iteration": null, "pin": false, "model_creator": null, "target_batch_size": 128, "model_string": "resnet50", "min_batch_size": 128, "dataset": "CIFAR", "placement": null, "use_nccl": true, "devices_per_worker": 1, "primary_resource": "extra_gpu", "gpu": false, "verbose": false, "lr_config": {"mode": "log", "steps": 5, "initial_lr": 0.001, "target_lr": 0.001}, "batch_per_device": 128}, "time_since_restore": 129.25083756446838, "timesteps_since_restore": 0, "iterations_since_restore": 3, "mean_throughput": 1392.636203343684, "atoms": 1, "setup_time": 26.060333728790283}
{"apply": 0.017684078216552733, "batch_time": 0.03194641161568557, "d2h": 0.0007604837417602539, "data_time": 0.0018274796283458505, "fwd": 0.027933692932128905, "get_state_time_mean": NaN, "get_state_time_total": 0.0, "grad": 0.04972045421600342, "mean_accuracy": 0.39367499202489853, "mean_loss": 1.746046574831009, "neg_mean_accuracy": -0.436599999666214, "set_state_time_mean": NaN, "set_state_time_total": 0.0, "setup_model_time_mean": NaN, "setup_model_time_total": 0.0, "setup_proc_time_mean": NaN, "setup_proc_time_total": 0.0, "train_accuracy": 0.40931999683380127, "train_loss": 1.6964216829299927, "training_time_mean": NaN, "training_time_total": 0.0, "val_accuracy": 0.436599999666214, "val_loss": 1.5722476860046386, "validation_time_mean": NaN, "validation_time_total": 0.0, "samples": 60000, "num_workers": 1, "done": false, "timesteps_total": null, "episodes_total": null, "training_iteration": 4, "neg_mean_loss": -1.746046574831009, "experiment_id": "0e8f223a44b14721a10420fd54c30a1a", "date": "2019-06-03_22-47-27", "timestamp": 1559627247, "time_this_iter_s": 40.79733967781067, "time_total_s": 170.04817724227905, "pid": 13574, "hostname": "steropes", "node_ip": "169.229.49.254", "config": {"starting_lr": 0.001, "momentum": 0.99, "weight_decay": 0.005, "steps_per_iteration": null, "pin": false, "model_creator": null, "target_batch_size": 128, "model_string": "resnet50", "min_batch_size": 128, "dataset": "CIFAR", "placement": null, "use_nccl": true, "devices_per_worker": 1, "primary_resource": "extra_gpu", "gpu": false, "verbose": false, "lr_config": {"mode": "log", "steps": 5, "initial_lr": 0.001, "target_lr": 0.001}, "batch_per_device": 128}, "time_since_restore": 170.04817724227905, "timesteps_since_restore": 0, "iterations_since_restore": 4, "mean_throughput": 1411.360453201633, "atoms": 1, "setup_time": 26.060333728790283}
{"apply": 0.01845700740814209, "batch_time": 0.03164425379113306, "d2h": 0.0007398605346679687, "data_time": 0.0018280997605579893, "fwd": 0.029265594482421876, "get_state_time_mean": NaN, "get_state_time_total": 0.0, "grad": 0.04833455085754394, "mean_accuracy": 0.41321998834609985, "mean_loss": 1.6800275602340697, "neg_mean_accuracy": -0.49139997363090515, "set_state_time_mean": NaN, "set_state_time_total": 0.0, "setup_model_time_mean": NaN, "setup_model_time_total": 0.0, "setup_proc_time_mean": NaN, "setup_proc_time_total": 0.0, "train_accuracy": 0.43463999032974243, "train_loss": 1.5882543072128297, "training_time_mean": NaN, "training_time_total": 0.0, "val_accuracy": 0.49139997363090515, "val_loss": 1.4159515018463136, "validation_time_mean": NaN, "validation_time_total": 0.0, "samples": 60000, "num_workers": 1, "done": false, "timesteps_total": null, "episodes_total": null, "training_iteration": 5, "neg_mean_loss": -1.6800275602340697, "experiment_id": "0e8f223a44b14721a10420fd54c30a1a", "date": "2019-06-03_22-48-08", "timestamp": 1559627288, "time_this_iter_s": 40.7105450630188, "time_total_s": 210.75872230529785, "pid": 13574, "hostname": "steropes", "node_ip": "169.229.49.254", "config": {"starting_lr": 0.001, "momentum": 0.99, "weight_decay": 0.005, "steps_per_iteration": null, "pin": false, "model_creator": null, "target_batch_size": 128, "model_string": "resnet50", "min_batch_size": 128, "dataset": "CIFAR", "placement": null, "use_nccl": true, "devices_per_worker": 1, "primary_resource": "extra_gpu", "gpu": false, "verbose": false, "lr_config": {"mode": "log", "steps": 5, "initial_lr": 0.001, "target_lr": 0.001}, "batch_per_device": 128}, "time_since_restore": 210.75872230529785, "timesteps_since_restore": 0, "iterations_since_restore": 5, "mean_throughput": 1423.4245817277829, "atoms": 1, "setup_time": 26.060333728790283}
{"apply": 0.017379093170166015, "batch_time": 0.03404342373715171, "d2h": 0.0007096290588378906, "data_time": 0.00181108545464323, "fwd": 0.02798020839691162, "get_state_time_mean": NaN, "get_state_time_total": 0.0, "grad": 0.04783344268798828, "mean_accuracy": 0.4474199891090393, "mean_loss": 1.5812334463119506, "neg_mean_accuracy": -0.5081999897956848, "set_state_time_mean": NaN, "set_state_time_total": 0.0, "setup_model_time_mean": NaN, "setup_model_time_total": 0.0, "setup_proc_time_mean": NaN, "setup_proc_time_total": 0.0, "train_accuracy": 0.48221999406814575, "train_loss": 1.4402319316864014, "training_time_mean": NaN, "training_time_total": 0.0, "val_accuracy": 0.5081999897956848, "val_loss": 1.3514133869171143, "validation_time_mean": NaN, "validation_time_total": 0.0, "samples": 60000, "num_workers": 1, "done": false, "timesteps_total": null, "episodes_total": null, "training_iteration": 6, "neg_mean_loss": -1.5812334463119506, "experiment_id": "0e8f223a44b14721a10420fd54c30a1a", "date": "2019-06-03_22-48-49", "timestamp": 1559627329, "time_this_iter_s": 40.689624071121216, "time_total_s": 251.44834637641907, "pid": 13574, "hostname": "steropes", "node_ip": "169.229.49.254", "config": {"starting_lr": 0.001, "momentum": 0.99, "weight_decay": 0.005, "steps_per_iteration": null, "pin": false, "model_creator": null, "target_batch_size": 128, "model_string": "resnet50", "min_batch_size": 128, "dataset": "CIFAR", "placement": null, "use_nccl": true, "devices_per_worker": 1, "primary_resource": "extra_gpu", "gpu": false, "verbose": false, "lr_config": {"mode": "log", "steps": 5, "initial_lr": 0.001, "target_lr": 0.001}, "batch_per_device": 128}, "time_since_restore": 251.44834637641907, "timesteps_since_restore": 0, "iterations_since_restore": 6, "mean_throughput": 1468.2880727131492, "atoms": 1, "setup_time": 26.060333728790283}
{"apply": 0.016778111457824707, "batch_time": 0.03233993506129784, "d2h": 0.0007505178451538086, "data_time": 0.001788966795977424, "fwd": 0.027857136726379395, "get_state_time_mean": NaN, "get_state_time_total": 0.0, "grad": 0.049004340171813966, "mean_accuracy": 0.47665998339653015, "mean_loss": 1.4687361874771117, "neg_mean_accuracy": -0.5471999645233154, "set_state_time_mean": NaN, "set_state_time_total": 0.0, "setup_model_time_mean": NaN, "setup_model_time_total": 0.0, "setup_proc_time_mean": NaN, "setup_proc_time_total": 0.0, "train_accuracy": 0.507420003414154, "train_loss": 1.3764578524780273, "training_time_mean": NaN, "training_time_total": 0.0, "val_accuracy": 0.5471999645233154, "val_loss": 1.2812707843780518, "validation_time_mean": NaN, "validation_time_total": 0.0, "samples": 60000, "num_workers": 1, "done": false, "timesteps_total": null, "episodes_total": null, "training_iteration": 7, "neg_mean_loss": -1.4687361874771117, "experiment_id": "0e8f223a44b14721a10420fd54c30a1a", "date": "2019-06-03_22-49-30", "timestamp": 1559627370, "time_this_iter_s": 40.80477738380432, "time_total_s": 292.2531237602234, "pid": 13574, "hostname": "steropes", "node_ip": "169.229.49.254", "config": {"starting_lr": 0.001, "momentum": 0.99, "weight_decay": 0.005, "steps_per_iteration": null, "pin": false, "model_creator": null, "target_batch_size": 128, "model_string": "resnet50", "min_batch_size": 128, "dataset": "CIFAR", "placement": null, "use_nccl": true, "devices_per_worker": 1, "primary_resource": "extra_gpu", "gpu": false, "verbose": false, "lr_config": {"mode": "log", "steps": 5, "initial_lr": 0.001, "target_lr": 0.001}, "batch_per_device": 128}, "time_since_restore": 292.2531237602234, "timesteps_since_restore": 0, "iterations_since_restore": 7, "mean_throughput": 1469.9868490923564, "atoms": 1, "setup_time": 26.060333728790283}
{"apply": 0.018232190608978273, "batch_time": 0.06608493030071258, "d2h": 0.000660562515258789, "data_time": 0.0031294129332717583, "fwd": 0.1475722908973694, "get_state_time_mean": NaN, "get_state_time_total": 0.0, "grad": 0.20855077505111694, "mean_accuracy": 0.5134599804878235, "mean_loss": 1.3731638228416443, "neg_mean_accuracy": -0.583899974822998, "set_state_time_mean": 6.3373472690582275, "set_state_time_total": 6.3373472690582275, "setup_model_time_mean": 10.405595898628235, "setup_model_time_total": 10.405595898628235, "setup_proc_time_mean": 0.6272189617156982, "setup_proc_time_total": 0.6272189617156982, "train_accuracy": 0.5516999959945679, "train_loss": 1.2549717354011536, "training_time_mean": NaN, "training_time_total": 0.0, "val_accuracy": 0.583899974822998, "val_loss": 1.2449357550621034, "validation_time_mean": NaN, "validation_time_total": 0.0, "samples": 60000, "num_workers": 2, "done": false, "timesteps_total": null, "episodes_total": null, "training_iteration": 8, "neg_mean_loss": -1.3731638228416443, "experiment_id": "0e8f223a44b14721a10420fd54c30a1a", "date": "2019-06-03_22-50-23", "timestamp": 1559627423, "time_this_iter_s": 33.73879837989807, "time_total_s": 325.99192214012146, "pid": 20223, "hostname": "steropes", "node_ip": "169.229.49.254", "config": {"starting_lr": 0.001, "momentum": 0.99, "weight_decay": 0.005, "steps_per_iteration": null, "pin": false, "model_creator": null, "target_batch_size": 128, "model_string": "resnet50", "min_batch_size": 128, "dataset": "CIFAR", "placement": null, "use_nccl": true, "devices_per_worker": 1, "primary_resource": "extra_gpu", "gpu": false, "verbose": false, "lr_config": {"mode": "log", "steps": 5, "initial_lr": 0.001, "target_lr": 0.0014142135623730952}, "batch_per_device": 128}, "time_since_restore": 33.73879837989807, "timesteps_since_restore": 0, "iterations_since_restore": 1, "mean_throughput": 1778.352786773423, "atoms": 2, "setup_time": 19.125277280807495}
{"apply": 0.0174219012260437, "batch_time": 0.03909674286842346, "d2h": 0.0006470084190368652, "data_time": 0.002916666926169882, "fwd": 0.028201639652252197, "get_state_time_mean": NaN, "get_state_time_total": 0.0, "grad": 0.08084354400634766, "mean_accuracy": 0.5460199773311615, "mean_loss": 1.3076556245803832, "neg_mean_accuracy": -0.599399983882904, "set_state_time_mean": NaN, "set_state_time_total": 0.0, "setup_model_time_mean": NaN, "setup_model_time_total": 0.0, "setup_proc_time_mean": NaN, "setup_proc_time_total": 0.0, "train_accuracy": 0.5763000249862671, "train_loss": 1.1906964748954774, "training_time_mean": NaN, "training_time_total": 0.0, "val_accuracy": 0.599399983882904, "val_loss": 1.2447066946983338, "validation_time_mean": NaN, "validation_time_total": 0.0, "samples": 60000, "num_workers": 2, "done": false, "timesteps_total": null, "episodes_total": null, "training_iteration": 9, "neg_mean_loss": -1.3076556245803832, "experiment_id": "0e8f223a44b14721a10420fd54c30a1a", "date": "2019-06-03_22-50-51", "timestamp": 1559627451, "time_this_iter_s": 27.94803762435913, "time_total_s": 353.9399597644806, "pid": 20223, "hostname": "steropes", "node_ip": "169.229.49.254", "config": {"starting_lr": 0.001, "momentum": 0.99, "weight_decay": 0.005, "steps_per_iteration": null, "pin": false, "model_creator": null, "target_batch_size": 128, "model_string": "resnet50", "min_batch_size": 128, "dataset": "CIFAR", "placement": null, "use_nccl": true, "devices_per_worker": 1, "primary_resource": "extra_gpu", "gpu": false, "verbose": false, "lr_config": {"mode": "log", "steps": 5, "initial_lr": 0.001, "target_lr": 0.0014142135623730952}, "batch_per_device": 128}, "time_since_restore": 61.6868360042572, "timesteps_since_restore": 0, "iterations_since_restore": 2, "mean_throughput": 1945.298121804852, "atoms": 2, "setup_time": 19.125277280807495}
{"apply": 0.018487215042114258, "batch_time": 0.03906698822975159, "d2h": 0.0006377220153808594, "data_time": 0.0029435078708492978, "fwd": 0.028614401817321777, "get_state_time_mean": NaN, "get_state_time_total": 0.0, "grad": 0.0798372507095337, "mean_accuracy": 0.5708999872207642, "mean_loss": 1.2465612572097777, "neg_mean_accuracy": -0.6158000230789185, "set_state_time_mean": NaN, "set_state_time_total": 0.0, "setup_model_time_mean": NaN, "setup_model_time_total": 0.0, "setup_proc_time_mean": NaN, "setup_proc_time_total": 0.0, "train_accuracy": 0.5922600030899048, "train_loss": 1.1500372109794617, "training_time_mean": NaN, "training_time_total": 0.0, "val_accuracy": 0.6158000230789185, "val_loss": 1.110479664993286, "validation_time_mean": NaN, "validation_time_total": 0.0, "samples": 60000, "num_workers": 2, "done": false, "timesteps_total": null, "episodes_total": null, "training_iteration": 10, "neg_mean_loss": -1.2465612572097777, "experiment_id": "0e8f223a44b14721a10420fd54c30a1a", "date": "2019-06-03_22-51-19", "timestamp": 1559627479, "time_this_iter_s": 28.192917585372925, "time_total_s": 382.1328773498535, "pid": 20223, "hostname": "steropes", "node_ip": "169.229.49.254", "config": {"starting_lr": 0.001, "momentum": 0.99, "weight_decay": 0.005, "steps_per_iteration": null, "pin": false, "model_creator": null, "target_batch_size": 128, "model_string": "resnet50", "min_batch_size": 128, "dataset": "CIFAR", "placement": null, "use_nccl": true, "devices_per_worker": 1, "primary_resource": "extra_gpu", "gpu": false, "verbose": false, "lr_config": {"mode": "log", "steps": 5, "initial_lr": 0.001, "target_lr": 0.0014142135623730952}, "batch_per_device": 128}, "time_since_restore": 89.87975358963013, "timesteps_since_restore": 0, "iterations_since_restore": 3, "mean_throughput": 2002.6659001778794, "atoms": 2, "setup_time": 19.125277280807495}
{"apply": 0.020715641975402835, "batch_time": 0.041071036458015436, "d2h": 0.0006439089775085449, "data_time": 0.003126894941135329, "fwd": 0.03145502805709839, "get_state_time_mean": NaN, "get_state_time_total": 0.0, "grad": 0.08162178993225097, "mean_accuracy": 0.5973199844360352, "mean_loss": 1.1853606529426575, "neg_mean_accuracy": -0.6402999758720398, "set_state_time_mean": NaN, "set_state_time_total": 0.0, "setup_model_time_mean": NaN, "setup_model_time_total": 0.0, "setup_proc_time_mean": NaN, "setup_proc_time_total": 0.0, "train_accuracy": 0.6125400066375732, "train_loss": 1.0968744053840638, "training_time_mean": NaN, "training_time_total": 0.0, "val_accuracy": 0.6402999758720398, "val_loss": 1.0454103655815126, "validation_time_mean": NaN, "validation_time_total": 0.0, "samples": 60000, "num_workers": 2, "done": false, "timesteps_total": null, "episodes_total": null, "training_iteration": 11, "neg_mean_loss": -1.1853606529426575, "experiment_id": "0e8f223a44b14721a10420fd54c30a1a", "date": "2019-06-03_22-51-47", "timestamp": 1559627507, "time_this_iter_s": 28.553123950958252, "time_total_s": 410.68600130081177, "pid": 20223, "hostname": "steropes", "node_ip": "169.229.49.254", "config": {"starting_lr": 0.001, "momentum": 0.99, "weight_decay": 0.005, "steps_per_iteration": null, "pin": false, "model_creator": null, "target_batch_size": 128, "model_string": "resnet50", "min_batch_size": 128, "dataset": "CIFAR", "placement": null, "use_nccl": true, "devices_per_worker": 1, "primary_resource": "extra_gpu", "gpu": false, "verbose": false, "lr_config": {"mode": "log", "steps": 5, "initial_lr": 0.001, "target_lr": 0.0014142135623730952}, "batch_per_device": 128}, "time_since_restore": 118.43287754058838, "timesteps_since_restore": 0, "iterations_since_restore": 4, "mean_throughput": 2026.4543891326337, "atoms": 2, "setup_time": 19.125277280807495}
{"apply": 0.019263863563537598, "batch_time": 0.04444474875926971, "d2h": 0.0006380677223205566, "data_time": 0.0030265450477600098, "fwd": 0.029791033267974852, "get_state_time_mean": NaN, "get_state_time_total": 0.0, "grad": 0.08183454275131224, "mean_accuracy": 0.6206999778747558, "mean_loss": 1.1217663886642457, "neg_mean_accuracy": -0.664099931716919, "set_state_time_mean": NaN, "set_state_time_total": 0.0, "setup_model_time_mean": NaN, "setup_model_time_total": 0.0, "setup_proc_time_mean": NaN, "setup_proc_time_total": 0.0, "train_accuracy": 0.6323000192642212, "train_loss": 1.0498582005405428, "training_time_mean": NaN, "training_time_total": 0.0, "val_accuracy": 0.664099931716919, "val_loss": 0.9632994629859924, "validation_time_mean": NaN, "validation_time_total": 0.0, "samples": 60000, "num_workers": 2, "done": false, "timesteps_total": null, "episodes_total": null, "training_iteration": 12, "neg_mean_loss": -1.1217663886642457, "experiment_id": "0e8f223a44b14721a10420fd54c30a1a", "date": "2019-06-03_22-52-17", "timestamp": 1559627537, "time_this_iter_s": 29.22819185256958, "time_total_s": 439.91419315338135, "pid": 20223, "hostname": "steropes", "node_ip": "169.229.49.254", "config": {"starting_lr": 0.001, "momentum": 0.99, "weight_decay": 0.005, "steps_per_iteration": null, "pin": false, "model_creator": null, "target_batch_size": 128, "model_string": "resnet50", "min_batch_size": 128, "dataset": "CIFAR", "placement": null, "use_nccl": true, "devices_per_worker": 1, "primary_resource": "extra_gpu", "gpu": false, "verbose": false, "lr_config": {"mode": "log", "steps": 5, "initial_lr": 0.001, "target_lr": 0.0014142135623730952}, "batch_per_device": 128}, "time_since_restore": 147.66106939315796, "timesteps_since_restore": 0, "iterations_since_restore": 5, "mean_throughput": 2031.6706193482776, "atoms": 2, "setup_time": 19.125277280807495}
{"apply": 0.018768012523651123, "batch_time": 0.04148550033569336, "d2h": 0.0006603479385375976, "data_time": 0.0030930334207962974, "fwd": 0.030816447734832764, "get_state_time_mean": NaN, "get_state_time_total": 0.0, "grad": 0.08391133546829224, "mean_accuracy": 0.6390599727630615, "mean_loss": 1.0579240278434754, "neg_mean_accuracy": -0.6756999492645264, "set_state_time_mean": NaN, "set_state_time_total": 0.0, "setup_model_time_mean": NaN, "setup_model_time_total": 0.0, "setup_proc_time_mean": NaN, "setup_proc_time_total": 0.0, "train_accuracy": 0.653439998626709, "train_loss": 0.9966653489685059, "training_time_mean": NaN, "training_time_total": 0.0, "val_accuracy": 0.6756999492645264, "val_loss": 0.925723950958252, "validation_time_mean": NaN, "validation_time_total": 0.0, "samples": 60000, "num_workers": 2, "done": false, "timesteps_total": null, "episodes_total": null, "training_iteration": 13, "neg_mean_loss": -1.0579240278434754, "experiment_id": "0e8f223a44b14721a10420fd54c30a1a", "date": "2019-06-03_22-52-46", "timestamp": 1559627566, "time_this_iter_s": 29.183380126953125, "time_total_s": 469.0975732803345, "pid": 20223, "hostname": "steropes", "node_ip": "169.229.49.254", "config": {"starting_lr": 0.001, "momentum": 0.99, "weight_decay": 0.005, "steps_per_iteration": null, "pin": false, "model_creator": null, "target_batch_size": 128, "model_string": "resnet50", "min_batch_size": 128, "dataset": "CIFAR", "placement": null, "use_nccl": true, "devices_per_worker": 1, "primary_resource": "extra_gpu", "gpu": false, "verbose": false, "lr_config": {"mode": "log", "steps": 5, "initial_lr": 0.001, "target_lr": 0.0014142135623730952}, "batch_per_device": 128}, "time_since_restore": 176.84444952011108, "timesteps_since_restore": 0, "iterations_since_restore": 6, "mean_throughput": 2096.346677941935, "atoms": 2, "setup_time": 19.125277280807495}
{"apply": 0.020325839519500732, "batch_time": 0.0388796091079712, "d2h": 0.0006590008735656739, "data_time": 0.0029979609713262443, "fwd": 0.02954477071762085, "get_state_time_mean": NaN, "get_state_time_total": 0.0, "grad": 0.08125211000442505, "mean_accuracy": 0.6549399733543396, "mean_loss": 0.9987521499443055, "neg_mean_accuracy": -0.6787999868392944, "set_state_time_mean": NaN, "set_state_time_total": 0.0, "setup_model_time_mean": NaN, "setup_model_time_total": 0.0, "setup_proc_time_mean": NaN, "setup_proc_time_total": 0.0, "train_accuracy": 0.6758999824523926, "train_loss": 0.933530307750702, "training_time_mean": NaN, "training_time_total": 0.0, "val_accuracy": 0.6787999868392944, "val_loss": 0.9488473052024842, "validation_time_mean": NaN, "validation_time_total": 0.0, "samples": 60000, "num_workers": 2, "done": false, "timesteps_total": null, "episodes_total": null, "training_iteration": 14, "neg_mean_loss": -0.9987521499443055, "experiment_id": "0e8f223a44b14721a10420fd54c30a1a", "date": "2019-06-03_22-53-15", "timestamp": 1559627595, "time_this_iter_s": 28.924413681030273, "time_total_s": 498.02198696136475, "pid": 20223, "hostname": "steropes", "node_ip": "169.229.49.254", "config": {"starting_lr": 0.001, "momentum": 0.99, "weight_decay": 0.005, "steps_per_iteration": null, "pin": false, "model_creator": null, "target_batch_size": 128, "model_string": "resnet50", "min_batch_size": 128, "dataset": "CIFAR", "placement": null, "use_nccl": true, "devices_per_worker": 1, "primary_resource": "extra_gpu", "gpu": false, "verbose": false, "lr_config": {"mode": "log", "steps": 5, "initial_lr": 0.001, "target_lr": 0.0014142135623730952}, "batch_per_device": 128}, "time_since_restore": 205.76886320114136, "timesteps_since_restore": 0, "iterations_since_restore": 7, "mean_throughput": 2082.1396482080413, "atoms": 2, "setup_time": 19.125277280807495}
{"apply": 0.017918205261230467, "batch_time": 0.03891797363758087, "d2h": 0.0006575942039489746, "data_time": 0.0031076791335125356, "fwd": 0.029296982288360595, "get_state_time_mean": NaN, "get_state_time_total": 0.0, "grad": 0.08437974452972413, "mean_accuracy": 0.6691599726676941, "mean_loss": 0.9595471470451356, "neg_mean_accuracy": -0.6869000196456909, "set_state_time_mean": NaN, "set_state_time_total": 0.0, "setup_model_time_mean": NaN, "setup_model_time_total": 0.0, "setup_proc_time_mean": NaN, "setup_proc_time_total": 0.0, "train_accuracy": 0.685439944267273, "train_loss": 0.911386004781723, "training_time_mean": NaN, "training_time_total": 0.0, "val_accuracy": 0.6869000196456909, "val_loss": 0.9144546504974365, "validation_time_mean": NaN, "validation_time_total": 0.0, "samples": 60000, "num_workers": 2, "done": false, "timesteps_total": null, "episodes_total": null, "training_iteration": 15, "neg_mean_loss": -0.9595471470451356, "experiment_id": "0e8f223a44b14721a10420fd54c30a1a", "date": "2019-06-03_22-53-44", "timestamp": 1559627624, "time_this_iter_s": 29.077491760253906, "time_total_s": 527.0994787216187, "pid": 20223, "hostname": "steropes", "node_ip": "169.229.49.254", "config": {"starting_lr": 0.001, "momentum": 0.99, "weight_decay": 0.005, "steps_per_iteration": null, "pin": false, "model_creator": null, "target_batch_size": 128, "model_string": "resnet50", "min_batch_size": 128, "dataset": "CIFAR", "placement": null, "use_nccl": true, "devices_per_worker": 1, "primary_resource": "extra_gpu", "gpu": false, "verbose": false, "lr_config": {"mode": "log", "steps": 5, "initial_lr": 0.001, "target_lr": 0.0014142135623730952}, "batch_per_device": 128}, "time_since_restore": 234.84635496139526, "timesteps_since_restore": 0, "iterations_since_restore": 8, "mean_throughput": 2069.434504704499, "atoms": 2, "setup_time": 19.125277280807495}
{"apply": 0.018674397468566892, "batch_time": 0.07563913310015644, "d2h": 0.0006657838821411133, "data_time": 0.004239620446552151, "fwd": 0.16060183842976888, "get_state_time_mean": NaN, "get_state_time_total": 0.0, "grad": 0.21509588559468587, "mean_accuracy": 0.6945902307828267, "mean_loss": 0.8930507429082116, "neg_mean_accuracy": -0.7437512079874674, "set_state_time_mean": 7.4247385660807295, "set_state_time_total": 7.4247385660807295, "setup_model_time_mean": 11.397703091303507, "setup_model_time_total": 11.397703091303507, "setup_proc_time_mean": 4.75425386428833, "setup_proc_time_total": 4.75425386428833, "train_accuracy": 0.725065549214681, "train_loss": 0.8058774993123109, "training_time_mean": NaN, "training_time_total": 0.0, "val_accuracy": 0.7437512079874674, "val_loss": 0.7615241832529108, "validation_time_mean": NaN, "validation_time_total": 0.0, "samples": 60000, "num_workers": 3, "done": false, "timesteps_total": null, "episodes_total": null, "training_iteration": 17, "neg_mean_loss": -0.8930507429082116, "experiment_id": "0e8f223a44b14721a10420fd54c30a1a", "date": "2019-06-03_22-55-03", "timestamp": 1559627703, "time_this_iter_s": 26.97332763671875, "time_total_s": 582.9659020900726, "pid": 29011, "hostname": "steropes", "node_ip": "169.229.49.254", "config": {"starting_lr": 0.001, "momentum": 0.99, "weight_decay": 0.005, "steps_per_iteration": null, "pin": false, "model_creator": null, "target_batch_size": 128, "model_string": "resnet50", "min_batch_size": 128, "dataset": "CIFAR", "placement": null, "use_nccl": true, "devices_per_worker": 1, "primary_resource": "extra_gpu", "gpu": false, "verbose": false, "lr_config": {"mode": "log", "steps": 5, "initial_lr": 0.001, "target_lr": 0.0017320508075688772}, "batch_per_device": 128}, "time_since_restore": 26.97332763671875, "timesteps_since_restore": 0, "iterations_since_restore": 1, "mean_throughput": 2224.4107818048924, "atoms": 3, "setup_time": 52.2827684879303}
{"apply": 0.018812314669291178, "batch_time": 0.04362036269388081, "d2h": 0.0007051626841227213, "data_time": 0.004093916968231589, "fwd": 0.029825568199157715, "get_state_time_mean": NaN, "get_state_time_total": 0.0, "grad": 0.09147458871205649, "mean_accuracy": 0.7092402736345926, "mean_loss": 0.8537734423348542, "neg_mean_accuracy": -0.7489501635233561, "set_state_time_mean": NaN, "set_state_time_total": 0.0, "setup_model_time_mean": NaN, "setup_model_time_total": 0.0, "setup_proc_time_mean": NaN, "setup_proc_time_total": 0.0, "train_accuracy": 0.7419851620992025, "train_loss": 0.7520071651713328, "training_time_mean": NaN, "training_time_total": 0.0, "val_accuracy": 0.7489501635233561, "val_loss": 0.729337448091465, "validation_time_mean": NaN, "validation_time_total": 0.0, "samples": 60000, "num_workers": 3, "done": false, "timesteps_total": null, "episodes_total": null, "training_iteration": 18, "neg_mean_loss": -0.8537734423348542, "experiment_id": "0e8f223a44b14721a10420fd54c30a1a", "date": "2019-06-03_22-55-24", "timestamp": 1559627724, "time_this_iter_s": 21.125622034072876, "time_total_s": 604.0915241241455, "pid": 29011, "hostname": "steropes", "node_ip": "169.229.49.254", "config": {"starting_lr": 0.001, "momentum": 0.99, "weight_decay": 0.005, "steps_per_iteration": null, "pin": false, "model_creator": null, "target_batch_size": 128, "model_string": "resnet50", "min_batch_size": 128, "dataset": "CIFAR", "placement": null, "use_nccl": true, "devices_per_worker": 1, "primary_resource": "extra_gpu", "gpu": false, "verbose": false, "lr_config": {"mode": "log", "steps": 5, "initial_lr": 0.001, "target_lr": 0.0017320508075688772}, "batch_per_device": 128}, "time_since_restore": 48.098949670791626, "timesteps_since_restore": 0, "iterations_since_restore": 2, "mean_throughput": 2494.8471914739907, "atoms": 3, "setup_time": 52.2827684879303}
{"apply": 0.019065578778584797, "batch_time": 0.04449680116441515, "d2h": 0.0006694793701171875, "data_time": 0.004264884929317251, "fwd": 0.03204193115234375, "get_state_time_mean": NaN, "get_state_time_total": 0.0, "grad": 0.09512107372283936, "mean_accuracy": 0.7215706547101338, "mean_loss": 0.8161691763929262, "neg_mean_accuracy": -0.7404518922170004, "set_state_time_mean": NaN, "set_state_time_total": 0.0, "setup_model_time_mean": NaN, "setup_model_time_total": 0.0, "setup_proc_time_mean": NaN, "setup_proc_time_total": 0.0, "train_accuracy": 0.7446451187133789, "train_loss": 0.7504913434000322, "training_time_mean": NaN, "training_time_total": 0.0, "val_accuracy": 0.7404518922170004, "val_loss": 0.7608259754928439, "validation_time_mean": NaN, "validation_time_total": 0.0, "samples": 60000, "num_workers": 3, "done": false, "timesteps_total": null, "episodes_total": null, "training_iteration": 19, "neg_mean_loss": -0.8161691763929262, "experiment_id": "0e8f223a44b14721a10420fd54c30a1a", "date": "2019-06-03_22-55-45", "timestamp": 1559627745, "time_this_iter_s": 21.023099184036255, "time_total_s": 625.1146233081818, "pid": 29011, "hostname": "steropes", "node_ip": "169.229.49.254", "config": {"starting_lr": 0.001, "momentum": 0.99, "weight_decay": 0.005, "steps_per_iteration": null, "pin": false, "model_creator": null, "target_batch_size": 128, "model_string": "resnet50", "min_batch_size": 128, "dataset": "CIFAR", "placement": null, "use_nccl": true, "devices_per_worker": 1, "primary_resource": "extra_gpu", "gpu": false, "verbose": false, "lr_config": {"mode": "log", "steps": 5, "initial_lr": 0.001, "target_lr": 0.0017320508075688772}, "batch_per_device": 128}, "time_since_restore": 69.12204885482788, "timesteps_since_restore": 0, "iterations_since_restore": 3, "mean_throughput": 2604.07924564714, "atoms": 3, "setup_time": 52.2827684879303}
{"apply": 0.020217275619506838, "batch_time": 0.045003555439136644, "d2h": 0.0006523370742797851, "data_time": 0.0042158647347952565, "fwd": 0.03069838682810466, "get_state_time_mean": NaN, "get_state_time_total": 0.0, "grad": 0.09321722189585369, "mean_accuracy": 0.727202045917511, "mean_loss": 0.8007983792969628, "neg_mean_accuracy": -0.7150569756825765, "set_state_time_mean": NaN, "set_state_time_total": 0.0, "setup_model_time_mean": NaN, "setup_model_time_total": 0.0, "setup_proc_time_mean": NaN, "setup_proc_time_total": 0.0, "train_accuracy": 0.7437251408894857, "train_loss": 0.7524644442576007, "training_time_mean": NaN, "training_time_total": 0.0, "val_accuracy": 0.7150569756825765, "val_loss": 0.8376006650176198, "validation_time_mean": NaN, "validation_time_total": 0.0, "samples": 60000, "num_workers": 3, "done": false, "timesteps_total": null, "episodes_total": null, "training_iteration": 20, "neg_mean_loss": -0.8007983792969628, "experiment_id": "0e8f223a44b14721a10420fd54c30a1a", "date": "2019-06-03_22-56-06", "timestamp": 1559627766, "time_this_iter_s": 21.044867038726807, "time_total_s": 646.1594903469086, "pid": 29011, "hostname": "steropes", "node_ip": "169.229.49.254", "config": {"starting_lr": 0.001, "momentum": 0.99, "weight_decay": 0.005, "steps_per_iteration": null, "pin": false, "model_creator": null, "target_batch_size": 128, "model_string": "resnet50", "min_batch_size": 128, "dataset": "CIFAR", "placement": null, "use_nccl": true, "devices_per_worker": 1, "primary_resource": "extra_gpu", "gpu": false, "verbose": false, "lr_config": {"mode": "log", "steps": 5, "initial_lr": 0.001, "target_lr": 0.0017320508075688772}, "batch_per_device": 128}, "time_since_restore": 90.16691589355469, "timesteps_since_restore": 0, "iterations_since_restore": 4, "mean_throughput": 2661.7196087555767, "atoms": 3, "setup_time": 52.2827684879303}
{"apply": 0.01709556579589844, "batch_time": 0.042857211313129945, "d2h": 0.000694433848063151, "data_time": 0.004220263648579139, "fwd": 0.02782268524169922, "get_state_time_mean": NaN, "get_state_time_total": 0.0, "grad": 0.08895733356475831, "mean_accuracy": 0.7380923430124919, "mean_loss": 0.7695514214787333, "neg_mean_accuracy": -0.742251475652059, "set_state_time_mean": NaN, "set_state_time_total": 0.0, "setup_model_time_mean": NaN, "setup_model_time_total": 0.0, "setup_proc_time_mean": NaN, "setup_proc_time_total": 0.0, "train_accuracy": 0.746225118637085, "train_loss": 0.7516860550817128, "training_time_mean": NaN, "training_time_total": 0.0, "val_accuracy": 0.742251475652059, "val_loss": 0.7584688355388272, "validation_time_mean": NaN, "validation_time_total": 0.0, "samples": 60000, "num_workers": 3, "done": false, "timesteps_total": null, "episodes_total": null, "training_iteration": 21, "neg_mean_loss": -0.7695514214787333, "experiment_id": "0e8f223a44b14721a10420fd54c30a1a", "date": "2019-06-03_22-56-27", "timestamp": 1559627787, "time_this_iter_s": 20.630834579467773, "time_total_s": 666.7903249263763, "pid": 29011, "hostname": "steropes", "node_ip": "169.229.49.254", "config": {"starting_lr": 0.001, "momentum": 0.99, "weight_decay": 0.005, "steps_per_iteration": null, "pin": false, "model_creator": null, "target_batch_size": 128, "model_string": "resnet50", "min_batch_size": 128, "dataset": "CIFAR", "placement": null, "use_nccl": true, "devices_per_worker": 1, "primary_resource": "extra_gpu", "gpu": false, "verbose": false, "lr_config": {"mode": "log", "steps": 5, "initial_lr": 0.001, "target_lr": 0.0017320508075688772}, "batch_per_device": 128}, "time_since_restore": 110.79775047302246, "timesteps_since_restore": 0, "iterations_since_restore": 5, "mean_throughput": 2707.62557799942, "atoms": 3, "setup_time": 52.2827684879303}
{"apply": 0.01692339579264323, "batch_time": 0.04418555895487467, "d2h": 0.0006558100382486979, "data_time": 0.003962575024320879, "fwd": 0.027225136756896973, "get_state_time_mean": NaN, "get_state_time_total": 0.0, "grad": 0.0925344149271647, "mean_accuracy": 0.7396520455678305, "mean_loss": 0.7620473107548384, "neg_mean_accuracy": -0.7515497207641602, "set_state_time_mean": NaN, "set_state_time_total": 0.0, "setup_model_time_mean": NaN, "setup_model_time_total": 0.0, "setup_proc_time_mean": NaN, "setup_proc_time_total": 0.0, "train_accuracy": 0.7483050028483073, "train_loss": 0.7405345032890831, "training_time_mean": NaN, "training_time_total": 0.0, "val_accuracy": 0.7515497207641602, "val_loss": 0.7240036296334368, "validation_time_mean": NaN, "validation_time_total": 0.0, "samples": 60000, "num_workers": 3, "done": false, "timesteps_total": null, "episodes_total": null, "training_iteration": 22, "neg_mean_loss": -0.7620473107548384, "experiment_id": "0e8f223a44b14721a10420fd54c30a1a", "date": "2019-06-03_22-56-47", "timestamp": 1559627807, "time_this_iter_s": 20.08341360092163, "time_total_s": 686.873738527298, "pid": 29011, "hostname": "steropes", "node_ip": "169.229.49.254", "config": {"starting_lr": 0.001, "momentum": 0.99, "weight_decay": 0.005, "steps_per_iteration": null, "pin": false, "model_creator": null, "target_batch_size": 128, "model_string": "resnet50", "min_batch_size": 128, "dataset": "CIFAR", "placement": null, "use_nccl": true, "devices_per_worker": 1, "primary_resource": "extra_gpu", "gpu": false, "verbose": false, "lr_config": {"mode": "log", "steps": 5, "initial_lr": 0.001, "target_lr": 0.0017320508075688772}, "batch_per_device": 128}, "time_since_restore": 130.8811640739441, "timesteps_since_restore": 0, "iterations_since_restore": 6, "mean_throughput": 2887.162735050345, "atoms": 3, "setup_time": 52.2827684879303}
{"apply": 0.018275543053944906, "batch_time": 0.177193127927326, "d2h": 0.0007305065790812175, "data_time": 0.007314509213572802, "fwd": 0.17255062262217202, "get_state_time_mean": NaN, "get_state_time_total": 0.0, "grad": 0.2493818958600362, "mean_accuracy": 0.7441511472066245, "mean_loss": 0.7521846789065908, "neg_mean_accuracy": -0.75954802831014, "set_state_time_mean": 7.6414289474487305, "set_state_time_total": 7.6414289474487305, "setup_model_time_mean": 15.321268479029337, "setup_model_time_total": 15.321268479029337, "setup_proc_time_mean": 4.1767295598983765, "setup_proc_time_total": 4.1767295598983765, "train_accuracy": 0.7615790367126465, "train_loss": 0.7061604314537565, "training_time_mean": NaN, "training_time_total": 0.0, "val_accuracy": 0.75954802831014, "val_loss": 0.7096095964174, "validation_time_mean": NaN, "validation_time_total": 0.0, "samples": 60000, "num_workers": 6, "done": false, "timesteps_total": null, "episodes_total": null, "training_iteration": 24, "neg_mean_loss": -0.7521846789065908, "experiment_id": "0e8f223a44b14721a10420fd54c30a1a", "date": "2019-06-03_22-57-54", "timestamp": 1559627874, "time_this_iter_s": 20.393861532211304, "time_total_s": 726.9638092517853, "pid": 28965, "hostname": "steropes", "node_ip": "169.229.49.254", "config": {"starting_lr": 0.001, "momentum": 0.99, "weight_decay": 0.005, "steps_per_iteration": null, "pin": false, "model_creator": null, "target_batch_size": 128, "model_string": "resnet50", "min_batch_size": 128, "dataset": "CIFAR", "placement": null, "use_nccl": true, "devices_per_worker": 1, "primary_resource": "extra_gpu", "gpu": false, "verbose": false, "lr_config": {"mode": "log", "steps": 5, "initial_lr": 0.001, "target_lr": 0.002449489742783178}, "batch_per_device": 128}, "time_since_restore": 20.393861532211304, "timesteps_since_restore": 0, "iterations_since_restore": 1, "mean_throughput": 2942.046722076887, "atoms": 6, "setup_time": 46.72574329376221}
{"apply": 0.01812642812728882, "batch_time": 0.06067464181355067, "d2h": 0.0007304787635803222, "data_time": 0.007077576536120791, "fwd": 0.029963858922322593, "get_state_time_mean": NaN, "get_state_time_total": 0.0, "grad": 0.10103704531987508, "mean_accuracy": 0.7553088982899985, "mean_loss": 0.7196893353156717, "neg_mean_accuracy": -0.7708457310994467, "set_state_time_mean": NaN, "set_state_time_total": 0.0, "setup_model_time_mean": NaN, "setup_model_time_total": 0.0, "setup_proc_time_mean": NaN, "setup_proc_time_total": 0.0, "train_accuracy": 0.7748380502065023, "train_loss": 0.661486957879908, "training_time_mean": NaN, "training_time_total": 0.0, "val_accuracy": 0.7708457310994467, "val_loss": 0.675123947063024, "validation_time_mean": NaN, "validation_time_total": 0.0, "samples": 60000, "num_workers": 6, "done": false, "timesteps_total": null, "episodes_total": null, "training_iteration": 25, "neg_mean_loss": -0.7196893353156717, "experiment_id": "0e8f223a44b14721a10420fd54c30a1a", "date": "2019-06-03_22-58-06", "timestamp": 1559627886, "time_this_iter_s": 11.959470510482788, "time_total_s": 738.9232797622681, "pid": 28965, "hostname": "steropes", "node_ip": "169.229.49.254", "config": {"starting_lr": 0.001, "momentum": 0.99, "weight_decay": 0.005, "steps_per_iteration": null, "pin": false, "model_creator": null, "target_batch_size": 128, "model_string": "resnet50", "min_batch_size": 128, "dataset": "CIFAR", "placement": null, "use_nccl": true, "devices_per_worker": 1, "primary_resource": "extra_gpu", "gpu": false, "verbose": false, "lr_config": {"mode": "log", "steps": 5, "initial_lr": 0.001, "target_lr": 0.002449489742783178}, "batch_per_device": 128}, "time_since_restore": 32.35333204269409, "timesteps_since_restore": 0, "iterations_since_restore": 2, "mean_throughput": 3709.025271481738, "atoms": 6, "setup_time": 46.72574329376221}
{"apply": 0.01874305009841919, "batch_time": 0.05907076597213745, "d2h": 0.0007516225179036457, "data_time": 0.00720969835917155, "fwd": 0.029948083559672035, "get_state_time_mean": NaN, "get_state_time_total": 0.0, "grad": 0.10698835452397665, "mean_accuracy": 0.7615276654561361, "mean_loss": 0.6996466852255259, "neg_mean_accuracy": -0.7733453114827474, "set_state_time_mean": NaN, "set_state_time_total": 0.0, "setup_model_time_mean": NaN, "setup_model_time_total": 0.0, "setup_proc_time_mean": NaN, "setup_proc_time_total": 0.0, "train_accuracy": 0.7872770627339681, "train_loss": 0.6254071068066652, "training_time_mean": NaN, "training_time_total": 0.0, "val_accuracy": 0.7733453114827474, "val_loss": 0.6582555850880983, "validation_time_mean": NaN, "validation_time_total": 0.0, "samples": 60000, "num_workers": 6, "done": false, "timesteps_total": null, "episodes_total": null, "training_iteration": 26, "neg_mean_loss": -0.6996466852255259, "experiment_id": "0e8f223a44b14721a10420fd54c30a1a", "date": "2019-06-03_22-58-18", "timestamp": 1559627898, "time_this_iter_s": 12.098480701446533, "time_total_s": 751.0217604637146, "pid": 28965, "hostname": "steropes", "node_ip": "169.229.49.254", "config": {"starting_lr": 0.001, "momentum": 0.99, "weight_decay": 0.005, "steps_per_iteration": null, "pin": false, "model_creator": null, "target_batch_size": 128, "model_string": "resnet50", "min_batch_size": 128, "dataset": "CIFAR", "placement": null, "use_nccl": true, "devices_per_worker": 1, "primary_resource": "extra_gpu", "gpu": false, "verbose": false, "lr_config": {"mode": "log", "steps": 5, "initial_lr": 0.001, "target_lr": 0.002449489742783178}, "batch_per_device": 128}, "time_since_restore": 44.451812744140625, "timesteps_since_restore": 0, "iterations_since_restore": 3, "mean_throughput": 4049.305262373356, "atoms": 6, "setup_time": 46.72574329376221}
{"apply": 0.017763356367746987, "batch_time": 0.05686348392849877, "d2h": 0.000673842430114746, "data_time": 0.007092056250331377, "fwd": 0.02911150852839152, "get_state_time_mean": NaN, "get_state_time_total": 0.0, "grad": 0.10435798565546672, "mean_accuracy": 0.7664666652679444, "mean_loss": 0.6882312790189558, "neg_mean_accuracy": -0.7762447198232015, "set_state_time_mean": NaN, "set_state_time_total": 0.0, "setup_model_time_mean": NaN, "setup_model_time_total": 0.0, "setup_proc_time_mean": NaN, "setup_proc_time_total": 0.0, "train_accuracy": 0.7847172419230143, "train_loss": 0.6318247441728967, "training_time_mean": NaN, "training_time_total": 0.0, "val_accuracy": 0.7762447198232015, "val_loss": 0.6669265986005858, "validation_time_mean": NaN, "validation_time_total": 0.0, "samples": 60000, "num_workers": 6, "done": false, "timesteps_total": null, "episodes_total": null, "training_iteration": 27, "neg_mean_loss": -0.6882312790189558, "experiment_id": "0e8f223a44b14721a10420fd54c30a1a", "date": "2019-06-03_22-58-30", "timestamp": 1559627910, "time_this_iter_s": 11.902533054351807, "time_total_s": 762.9242935180664, "pid": 28965, "hostname": "steropes", "node_ip": "169.229.49.254", "config": {"starting_lr": 0.001, "momentum": 0.99, "weight_decay": 0.005, "steps_per_iteration": null, "pin": false, "model_creator": null, "target_batch_size": 128, "model_string": "resnet50", "min_batch_size": 128, "dataset": "CIFAR", "placement": null, "use_nccl": true, "devices_per_worker": 1, "primary_resource": "extra_gpu", "gpu": false, "verbose": false, "lr_config": {"mode": "log", "steps": 5, "initial_lr": 0.001, "target_lr": 0.002449489742783178}, "batch_per_device": 128}, "time_since_restore": 56.35434579849243, "timesteps_since_restore": 0, "iterations_since_restore": 4, "mean_throughput": 4258.740932919804, "atoms": 6, "setup_time": 46.72574329376221}
{"apply": 0.01877189477284749, "batch_time": 0.0564044713973999, "d2h": 0.0006664474805196125, "data_time": 0.007083544827470876, "fwd": 0.031180671850840253, "get_state_time_mean": NaN, "get_state_time_total": 0.0, "grad": 0.10484556754430135, "mean_accuracy": 0.7645070393880209, "mean_loss": 0.6956625118319797, "neg_mean_accuracy": -0.7425514062245687, "set_state_time_mean": NaN, "set_state_time_total": 0.0, "setup_model_time_mean": NaN, "setup_model_time_total": 0.0, "setup_proc_time_mean": NaN, "setup_proc_time_total": 0.0, "train_accuracy": 0.7840372721354166, "train_loss": 0.6348842794194659, "training_time_mean": NaN, "training_time_total": 0.0, "val_accuracy": 0.7425514062245687, "val_loss": 0.7683968319907901, "validation_time_mean": NaN, "validation_time_total": 0.0, "samples": 60000, "num_workers": 6, "done": false, "timesteps_total": null, "episodes_total": null, "training_iteration": 28, "neg_mean_loss": -0.6956625118319797, "experiment_id": "0e8f223a44b14721a10420fd54c30a1a", "date": "2019-06-03_22-58-42", "timestamp": 1559627922, "time_this_iter_s": 11.858731746673584, "time_total_s": 774.78302526474, "pid": 28965, "hostname": "steropes", "node_ip": "169.229.49.254", "config": {"starting_lr": 0.001, "momentum": 0.99, "weight_decay": 0.005, "steps_per_iteration": null, "pin": false, "model_creator": null, "target_batch_size": 128, "model_string": "resnet50", "min_batch_size": 128, "dataset": "CIFAR", "placement": null, "use_nccl": true, "devices_per_worker": 1, "primary_resource": "extra_gpu", "gpu": false, "verbose": false, "lr_config": {"mode": "log", "steps": 5, "initial_lr": 0.001, "target_lr": 0.002449489742783178}, "batch_per_device": 128}, "time_since_restore": 68.21307754516602, "timesteps_since_restore": 0, "iterations_since_restore": 5, "mean_throughput": 4397.956660722761, "atoms": 6, "setup_time": 46.72574329376221}
{"apply": 0.01846790313720703, "batch_time": 0.0678846694174267, "d2h": 0.000702524185180664, "data_time": 0.007328923302467424, "fwd": 0.029175233840942384, "get_state_time_mean": NaN, "get_state_time_total": 0.0, "grad": 0.10361879666646322, "mean_accuracy": 0.7637272040049236, "mean_loss": 0.6970755553362048, "neg_mean_accuracy": -0.7556488513946533, "set_state_time_mean": NaN, "set_state_time_total": 0.0, "setup_model_time_mean": NaN, "setup_model_time_total": 0.0, "setup_proc_time_mean": NaN, "setup_proc_time_total": 0.0, "train_accuracy": 0.781737486521403, "train_loss": 0.6469244891404391, "training_time_mean": NaN, "training_time_total": 0.0, "val_accuracy": 0.7556488513946533, "val_loss": 0.7166748139385257, "validation_time_mean": NaN, "validation_time_total": 0.0, "samples": 60000, "num_workers": 6, "done": false, "timesteps_total": null, "episodes_total": null, "training_iteration": 29, "neg_mean_loss": -0.6970755553362048, "experiment_id": "0e8f223a44b14721a10420fd54c30a1a", "date": "2019-06-03_22-58-54", "timestamp": 1559627934, "time_this_iter_s": 12.227652072906494, "time_total_s": 787.0106773376465, "pid": 28965, "hostname": "steropes", "node_ip": "169.229.49.254", "config": {"starting_lr": 0.001, "momentum": 0.99, "weight_decay": 0.005, "steps_per_iteration": null, "pin": false, "model_creator": null, "target_batch_size": 128, "model_string": "resnet50", "min_batch_size": 128, "dataset": "CIFAR", "placement": null, "use_nccl": true, "devices_per_worker": 1, "primary_resource": "extra_gpu", "gpu": false, "verbose": false, "lr_config": {"mode": "log", "steps": 5, "initial_lr": 0.001, "target_lr": 0.002449489742783178}, "batch_per_device": 128}, "time_since_restore": 80.44072961807251, "timesteps_since_restore": 0, "iterations_since_restore": 6, "mean_throughput": 4996.064722817419, "atoms": 6, "setup_time": 46.72574329376221}
{"apply": 0.01878681182861328, "batch_time": 0.05924765268961588, "d2h": 0.0006769537925720216, "data_time": 0.007049978983522665, "fwd": 0.030670952796936032, "get_state_time_mean": NaN, "get_state_time_total": 0.0, "grad": 0.10492140054702759, "mean_accuracy": 0.767846409479777, "mean_loss": 0.6868322632531957, "neg_mean_accuracy": -0.7914417584737142, "set_state_time_mean": NaN, "set_state_time_total": 0.0, "setup_model_time_mean": NaN, "setup_model_time_total": 0.0, "setup_proc_time_mean": NaN, "setup_proc_time_total": 0.0, "train_accuracy": 0.7874969641367594, "train_loss": 0.6260379162009034, "training_time_mean": NaN, "training_time_total": 0.0, "val_accuracy": 0.7914417584737142, "val_loss": 0.6239074866479783, "validation_time_mean": NaN, "validation_time_total": 0.0, "samples": 60000, "num_workers": 6, "done": false, "timesteps_total": null, "episodes_total": null, "training_iteration": 30, "neg_mean_loss": -0.6868322632531957, "experiment_id": "0e8f223a44b14721a10420fd54c30a1a", "date": "2019-06-03_22-59-06", "timestamp": 1559627946, "time_this_iter_s": 12.003099918365479, "time_total_s": 799.013777256012, "pid": 28965, "hostname": "steropes", "node_ip": "169.229.49.254", "config": {"starting_lr": 0.001, "momentum": 0.99, "weight_decay": 0.005, "steps_per_iteration": null, "pin": false, "model_creator": null, "target_batch_size": 128, "model_string": "resnet50", "min_batch_size": 128, "dataset": "CIFAR", "placement": null, "use_nccl": true, "devices_per_worker": 1, "primary_resource": "extra_gpu", "gpu": false, "verbose": false, "lr_config": {"mode": "log", "steps": 5, "initial_lr": 0.001, "target_lr": 0.002449489742783178}, "batch_per_device": 128}, "time_since_restore": 92.44382953643799, "timesteps_since_restore": 0, "iterations_since_restore": 7, "mean_throughput": 4992.437651881486, "atoms": 6, "setup_time": 46.72574329376221}
