{"apply": 0.020497918128967285, "batch_time": 0.04206490214866928, "d2h": 0.0007017612457275391, "data_time": 0.0019475694202706027, "fwd": 0.12218315601348877, "get_state_time_mean": NaN, "get_state_time_total": 0.0, "grad": 0.16674904823303222, "mean_accuracy": 0.32510000467300415, "mean_loss": 21.902087932205202, "neg_mean_accuracy": -0.32510000467300415, "set_state_time_mean": NaN, "set_state_time_total": 0.0, "setup_model_time_mean": 8.420702457427979, "setup_model_time_total": 8.420702457427979, "setup_proc_time_mean": 0.28540873527526855, "setup_proc_time_total": 0.28540873527526855, "train_accuracy": 0.26868000626564026, "train_loss": 2.682221040725708, "training_time_mean": NaN, "training_time_total": 0.0, "val_accuracy": 0.32510000467300415, "val_loss": 21.902087932205202, "validation_time_mean": NaN, "validation_time_total": 0.0, "samples": 60000, "num_workers": 1, "done": false, "timesteps_total": null, "episodes_total": null, "training_iteration": 1, "neg_mean_loss": -21.902087932205202, "experiment_id": "81f139837ad34c3f99f53b0c771295a6", "date": "2019-06-03_22-38-27", "timestamp": 1559626707, "time_this_iter_s": 46.79641151428223, "time_total_s": 46.79641151428223, "pid": 7693, "hostname": "steropes", "node_ip": "169.229.49.254", "config": {"starting_lr": 0.01, "momentum": 0.9, "weight_decay": 0.0005, "steps_per_iteration": null, "pin": false, "model_creator": null, "target_batch_size": 128, "model_string": "resnet50", "min_batch_size": 128, "dataset": "CIFAR", "placement": null, "use_nccl": true, "devices_per_worker": 1, "primary_resource": "extra_gpu", "gpu": false, "verbose": false, "lr_config": {"mode": "log", "steps": 5, "initial_lr": 0.01, "target_lr": 0.01}, "batch_per_device": 128}, "time_since_restore": 46.79641151428223, "timesteps_since_restore": 0, "iterations_since_restore": 1, "mean_throughput": 1282.1471634820089, "atoms": 1, "setup_time": 9.178662538528442}
