{"apply": 0.0184995174407959, "batch_time": 0.0415565303609341, "d2h": 0.000681924819946289, "data_time": 0.001805125599931878, "fwd": 0.2214456558227539, "get_state_time_mean": NaN, "get_state_time_total": 0.0, "grad": 0.21324560642242432, "mean_accuracy": 0.12409999966621399, "mean_loss": 2.3064187156677245, "neg_mean_accuracy": -0.12409999966621399, "set_state_time_mean": NaN, "set_state_time_total": 0.0, "setup_model_time_mean": 22.467390298843384, "setup_model_time_total": 22.467390298843384, "setup_proc_time_mean": 1.6655826568603516, "setup_proc_time_total": 1.6655826568603516, "train_accuracy": 0.11219999939203262, "train_loss": 5.164903167037964, "training_time_mean": NaN, "training_time_total": 0.0, "val_accuracy": 0.12409999966621399, "val_loss": 2.3064187156677245, "validation_time_mean": NaN, "validation_time_total": 0.0, "samples": 60000, "num_workers": 1, "done": false, "timesteps_total": null, "episodes_total": null, "training_iteration": 1, "neg_mean_loss": -2.3064187156677245, "experiment_id": "09c2b1c4910d45c885321c9d3312e064", "date": "2019-06-06_02-15-29", "timestamp": 1559812529, "time_this_iter_s": 48.453269720077515, "time_total_s": 48.453269720077515, "pid": 9768, "hostname": "steropes", "node_ip": "169.229.49.254", "config": {"starting_lr": 0.1, "momentum": 0.95, "weight_decay": 0.001, "steps_per_iteration": null, "pin": false, "model_creator": null, "target_batch_size": 128, "model_string": "resnet50", "min_batch_size": 128, "dataset": "CIFAR", "placement": null, "use_nccl": true, "devices_per_worker": 1, "primary_resource": "extra_gpu", "gpu": false, "verbose": false, "lr_config": {"mode": "log", "steps": 5, "initial_lr": 0.1, "target_lr": 0.1}, "batch_per_device": 128}, "time_since_restore": 48.453269720077515, "timesteps_since_restore": 0, "iterations_since_restore": 1, "mean_throughput": 1238.3042207037875, "atoms": 1, "setup_time": 24.228777647018433}
{"apply": 0.017799782752990722, "batch_time": 0.03347115275226062, "d2h": 0.0007112503051757812, "data_time": 0.0018289747750362777, "fwd": 0.028855514526367188, "get_state_time_mean": NaN, "get_state_time_total": 0.0, "grad": 0.048287820816040036, "mean_accuracy": 0.15049999952316284, "mean_loss": 2.207698132324219, "neg_mean_accuracy": -0.1768999993801117, "set_state_time_mean": NaN, "set_state_time_total": 0.0, "setup_model_time_mean": NaN, "setup_model_time_total": 0.0, "setup_proc_time_mean": NaN, "setup_proc_time_total": 0.0, "train_accuracy": 0.1673000007867813, "train_loss": 2.184655888748169, "training_time_mean": NaN, "training_time_total": 0.0, "val_accuracy": 0.1768999993801117, "val_loss": 2.1089775489807128, "validation_time_mean": NaN, "validation_time_total": 0.0, "samples": 60000, "num_workers": 1, "done": false, "timesteps_total": null, "episodes_total": null, "training_iteration": 2, "neg_mean_loss": -2.207698132324219, "experiment_id": "09c2b1c4910d45c885321c9d3312e064", "date": "2019-06-06_02-16-11", "timestamp": 1559812571, "time_this_iter_s": 41.55313158035278, "time_total_s": 90.0064013004303, "pid": 9768, "hostname": "steropes", "node_ip": "169.229.49.254", "config": {"starting_lr": 0.1, "momentum": 0.95, "weight_decay": 0.001, "steps_per_iteration": null, "pin": false, "model_creator": null, "target_batch_size": 128, "model_string": "resnet50", "min_batch_size": 128, "dataset": "CIFAR", "placement": null, "use_nccl": true, "devices_per_worker": 1, "primary_resource": "extra_gpu", "gpu": false, "verbose": false, "lr_config": {"mode": "log", "steps": 5, "initial_lr": 0.1, "target_lr": 0.1}, "batch_per_device": 128}, "time_since_restore": 90.0064013004303, "timesteps_since_restore": 0, "iterations_since_restore": 2, "mean_throughput": 1333.2338513324248, "atoms": 1, "setup_time": 24.228777647018433}
{"apply": 0.019172525405883788, "batch_time": 0.03278719322590888, "d2h": 0.0007035970687866211, "data_time": 0.0018043792461190382, "fwd": 0.0291034460067749, "get_state_time_mean": NaN, "get_state_time_total": 0.0, "grad": 0.048677372932434085, "mean_accuracy": 0.20553332567214966, "mean_loss": 2.0774421840667725, "neg_mean_accuracy": -0.3155999779701233, "set_state_time_mean": NaN, "set_state_time_total": 0.0, "setup_model_time_mean": NaN, "setup_model_time_total": 0.0, "setup_proc_time_mean": NaN, "setup_proc_time_total": 0.0, "train_accuracy": 0.25964000821113586, "train_loss": 1.973888253250122, "training_time_mean": NaN, "training_time_total": 0.0, "val_accuracy": 0.3155999779701233, "val_loss": 1.8169302875518798, "validation_time_mean": NaN, "validation_time_total": 0.0, "samples": 60000, "num_workers": 1, "done": true, "timesteps_total": null, "episodes_total": null, "training_iteration": 3, "neg_mean_loss": -2.0774421840667725, "experiment_id": "09c2b1c4910d45c885321c9d3312e064", "date": "2019-06-06_02-16-52", "timestamp": 1559812612, "time_this_iter_s": 41.17519807815552, "time_total_s": 131.18159937858582, "pid": 9768, "hostname": "steropes", "node_ip": "169.229.49.254", "config": {"starting_lr": 0.1, "momentum": 0.95, "weight_decay": 0.001, "steps_per_iteration": null, "pin": false, "model_creator": null, "target_batch_size": 128, "model_string": "resnet50", "min_batch_size": 128, "dataset": "CIFAR", "placement": null, "use_nccl": true, "devices_per_worker": 1, "primary_resource": "extra_gpu", "gpu": false, "verbose": false, "lr_config": {"mode": "log", "steps": 5, "initial_lr": 0.1, "target_lr": 0.1}, "batch_per_device": 128}, "time_since_restore": 131.18159937858582, "timesteps_since_restore": 0, "iterations_since_restore": 3, "mean_throughput": 1372.1394262834801, "atoms": 1, "setup_time": 24.228777647018433}
