apply,batch_time,d2h,data_time,fwd,get_state_time_mean,get_state_time_total,grad,mean_accuracy,mean_loss,neg_mean_accuracy,set_state_time_mean,set_state_time_total,setup_model_time_mean,setup_model_time_total,setup_proc_time_mean,setup_proc_time_total,train_accuracy,train_loss,training_time_mean,training_time_total,val_accuracy,val_loss,validation_time_mean,validation_time_total,samples,num_workers,done,timesteps_total,episodes_total,training_iteration,neg_mean_loss,experiment_id,date,timestamp,time_this_iter_s,time_total_s,pid,hostname,node_ip,config,time_since_restore,timesteps_since_restore,iterations_since_restore,mean_throughput,atoms,setup_time
0.01847264766693115,0.0519528087181381,0.0007756948471069336,0.00188952394763527,0.11453359127044678,nan,0.0,0.16314902305603027,0.09999999403953552,2.3332742378234865,-0.09999999403953552,nan,0.0,8.641153812408447,8.641153812408447,1.700329065322876,1.700329065322876,0.09905999898910522,4.443753534469605,nan,0.0,0.09999999403953552,2.3332742378234865,nan,0.0,60000,1,False,,,1,-2.3332742378234865,7057058e0a5c43d1ac81a3b6c2f92c06,2019-06-06_10-28-30,1559842110,47.93393349647522,47.93393349647522,7407,steropes,169.229.49.254,"{'starting_lr': 1.0, 'momentum': 0.9, 'weight_decay': 0.0001, 'steps_per_iteration': None, 'pin': False, 'model_creator': None, 'target_batch_size': 128, 'model_string': 'resnet50', 'min_batch_size': 128, 'dataset': 'CIFAR', 'placement': None, 'use_nccl': True, 'devices_per_worker': 1, 'primary_resource': 'extra_gpu', 'gpu': False, 'verbose': False, 'lr_config': {'mode': 'log', 'steps': 5, 'initial_lr': 1.0, 'target_lr': 1.0}, 'batch_per_device': 128}",47.93393349647522,0,1,1251.7199767932298,1,10.436062812805176
0.01816396713256836,0.03307981732525403,0.0006482124328613282,0.0018197715739764826,0.028441214561462404,nan,0.0,0.048317456245422365,0.09999999403953552,2.3311731700897216,-0.09999999403953552,nan,0.0,nan,0.0,nan,0.0,0.0962199941277504,2.3334516634368896,nan,0.0,0.09999999403953552,2.329072102355957,nan,0.0,60000,1,False,,,2,-2.3311731700897216,7057058e0a5c43d1ac81a3b6c2f92c06,2019-06-06_10-29-11,1559842151,41.61889672279358,89.5528302192688,7407,steropes,169.229.49.254,"{'starting_lr': 1.0, 'momentum': 0.9, 'weight_decay': 0.0001, 'steps_per_iteration': None, 'pin': False, 'model_creator': None, 'target_batch_size': 128, 'model_string': 'resnet50', 'min_batch_size': 128, 'dataset': 'CIFAR', 'placement': None, 'use_nccl': True, 'devices_per_worker': 1, 'primary_resource': 'extra_gpu', 'gpu': False, 'verbose': False, 'lr_config': {'mode': 'log', 'steps': 5, 'initial_lr': 1.0, 'target_lr': 1.0}, 'batch_per_device': 128}",89.5528302192688,0,2,1339.9883036935034,1,10.436062812805176
0.0183077335357666,0.03191415267654612,0.0006932973861694336,0.001806745748690632,0.028168129920959472,nan,0.0,0.049079060554504395,0.09999999403953552,2.3309664611816405,-0.09999999403953552,nan,0.0,nan,0.0,nan,0.0,0.0989999994635582,2.333044717178345,nan,0.0,0.09999999403953552,2.3305530433654784,nan,0.0,60000,1,False,,,3,-2.3309664611816405,7057058e0a5c43d1ac81a3b6c2f92c06,2019-06-06_10-29-53,1559842193,41.40520668029785,130.95803689956665,7407,steropes,169.229.49.254,"{'starting_lr': 1.0, 'momentum': 0.9, 'weight_decay': 0.0001, 'steps_per_iteration': None, 'pin': False, 'model_creator': None, 'target_batch_size': 128, 'model_string': 'resnet50', 'min_batch_size': 128, 'dataset': 'CIFAR', 'placement': None, 'use_nccl': True, 'devices_per_worker': 1, 'primary_resource': 'extra_gpu', 'gpu': False, 'verbose': False, 'lr_config': {'mode': 'log', 'steps': 5, 'initial_lr': 1.0, 'target_lr': 1.0}, 'batch_per_device': 128}",130.95803689956665,0,3,1374.4817527350476,1,10.436062812805176
0.018599987030029297,0.03229454801052432,0.0007061958312988281,0.0018220331967639192,0.02857489585876465,nan,0.0,0.04859588146209717,0.09999999403953552,2.32805273733139,-0.09999999403953552,nan,0.0,nan,0.0,nan,0.0,0.10123999416828156,2.331752187957764,nan,0.0,0.09999999403953552,2.3193115657806396,nan,0.0,60000,1,True,,,4,-2.32805273733139,7057058e0a5c43d1ac81a3b6c2f92c06,2019-06-06_10-30-34,1559842234,41.427603244781494,172.38564014434814,7407,steropes,169.229.49.254,"{'starting_lr': 1.0, 'momentum': 0.9, 'weight_decay': 0.0001, 'steps_per_iteration': None, 'pin': False, 'model_creator': None, 'target_batch_size': 128, 'model_string': 'resnet50', 'min_batch_size': 128, 'dataset': 'CIFAR', 'placement': None, 'use_nccl': True, 'devices_per_worker': 1, 'primary_resource': 'extra_gpu', 'gpu': False, 'verbose': False, 'lr_config': {'mode': 'log', 'steps': 5, 'initial_lr': 1.0, 'target_lr': 1.0}, 'batch_per_device': 128}",172.38564014434814,0,4,1392.2233720574375,1,10.436062812805176
