{"apply": 0.01847264766693115, "batch_time": 0.0519528087181381, "d2h": 0.0007756948471069336, "data_time": 0.00188952394763527, "fwd": 0.11453359127044678, "get_state_time_mean": NaN, "get_state_time_total": 0.0, "grad": 0.16314902305603027, "mean_accuracy": 0.09999999403953552, "mean_loss": 2.3332742378234865, "neg_mean_accuracy": -0.09999999403953552, "set_state_time_mean": NaN, "set_state_time_total": 0.0, "setup_model_time_mean": 8.641153812408447, "setup_model_time_total": 8.641153812408447, "setup_proc_time_mean": 1.700329065322876, "setup_proc_time_total": 1.700329065322876, "train_accuracy": 0.09905999898910522, "train_loss": 4.443753534469605, "training_time_mean": NaN, "training_time_total": 0.0, "val_accuracy": 0.09999999403953552, "val_loss": 2.3332742378234865, "validation_time_mean": NaN, "validation_time_total": 0.0, "samples": 60000, "num_workers": 1, "done": false, "timesteps_total": null, "episodes_total": null, "training_iteration": 1, "neg_mean_loss": -2.3332742378234865, "experiment_id": "7057058e0a5c43d1ac81a3b6c2f92c06", "date": "2019-06-06_10-28-30", "timestamp": 1559842110, "time_this_iter_s": 47.93393349647522, "time_total_s": 47.93393349647522, "pid": 7407, "hostname": "steropes", "node_ip": "169.229.49.254", "config": {"starting_lr": 1.0, "momentum": 0.9, "weight_decay": 0.0001, "steps_per_iteration": null, "pin": false, "model_creator": null, "target_batch_size": 128, "model_string": "resnet50", "min_batch_size": 128, "dataset": "CIFAR", "placement": null, "use_nccl": true, "devices_per_worker": 1, "primary_resource": "extra_gpu", "gpu": false, "verbose": false, "lr_config": {"mode": "log", "steps": 5, "initial_lr": 1.0, "target_lr": 1.0}, "batch_per_device": 128}, "time_since_restore": 47.93393349647522, "timesteps_since_restore": 0, "iterations_since_restore": 1, "mean_throughput": 1251.7199767932298, "atoms": 1, "setup_time": 10.436062812805176}
{"apply": 0.01816396713256836, "batch_time": 0.03307981732525403, "d2h": 0.0006482124328613282, "data_time": 0.0018197715739764826, "fwd": 0.028441214561462404, "get_state_time_mean": NaN, "get_state_time_total": 0.0, "grad": 0.048317456245422365, "mean_accuracy": 0.09999999403953552, "mean_loss": 2.3311731700897216, "neg_mean_accuracy": -0.09999999403953552, "set_state_time_mean": NaN, "set_state_time_total": 0.0, "setup_model_time_mean": NaN, "setup_model_time_total": 0.0, "setup_proc_time_mean": NaN, "setup_proc_time_total": 0.0, "train_accuracy": 0.0962199941277504, "train_loss": 2.3334516634368896, "training_time_mean": NaN, "training_time_total": 0.0, "val_accuracy": 0.09999999403953552, "val_loss": 2.329072102355957, "validation_time_mean": NaN, "validation_time_total": 0.0, "samples": 60000, "num_workers": 1, "done": false, "timesteps_total": null, "episodes_total": null, "training_iteration": 2, "neg_mean_loss": -2.3311731700897216, "experiment_id": "7057058e0a5c43d1ac81a3b6c2f92c06", "date": "2019-06-06_10-29-11", "timestamp": 1559842151, "time_this_iter_s": 41.61889672279358, "time_total_s": 89.5528302192688, "pid": 7407, "hostname": "steropes", "node_ip": "169.229.49.254", "config": {"starting_lr": 1.0, "momentum": 0.9, "weight_decay": 0.0001, "steps_per_iteration": null, "pin": false, "model_creator": null, "target_batch_size": 128, "model_string": "resnet50", "min_batch_size": 128, "dataset": "CIFAR", "placement": null, "use_nccl": true, "devices_per_worker": 1, "primary_resource": "extra_gpu", "gpu": false, "verbose": false, "lr_config": {"mode": "log", "steps": 5, "initial_lr": 1.0, "target_lr": 1.0}, "batch_per_device": 128}, "time_since_restore": 89.5528302192688, "timesteps_since_restore": 0, "iterations_since_restore": 2, "mean_throughput": 1339.9883036935034, "atoms": 1, "setup_time": 10.436062812805176}
{"apply": 0.0183077335357666, "batch_time": 0.03191415267654612, "d2h": 0.0006932973861694336, "data_time": 0.001806745748690632, "fwd": 0.028168129920959472, "get_state_time_mean": NaN, "get_state_time_total": 0.0, "grad": 0.049079060554504395, "mean_accuracy": 0.09999999403953552, "mean_loss": 2.3309664611816405, "neg_mean_accuracy": -0.09999999403953552, "set_state_time_mean": NaN, "set_state_time_total": 0.0, "setup_model_time_mean": NaN, "setup_model_time_total": 0.0, "setup_proc_time_mean": NaN, "setup_proc_time_total": 0.0, "train_accuracy": 0.0989999994635582, "train_loss": 2.333044717178345, "training_time_mean": NaN, "training_time_total": 0.0, "val_accuracy": 0.09999999403953552, "val_loss": 2.3305530433654784, "validation_time_mean": NaN, "validation_time_total": 0.0, "samples": 60000, "num_workers": 1, "done": false, "timesteps_total": null, "episodes_total": null, "training_iteration": 3, "neg_mean_loss": -2.3309664611816405, "experiment_id": "7057058e0a5c43d1ac81a3b6c2f92c06", "date": "2019-06-06_10-29-53", "timestamp": 1559842193, "time_this_iter_s": 41.40520668029785, "time_total_s": 130.95803689956665, "pid": 7407, "hostname": "steropes", "node_ip": "169.229.49.254", "config": {"starting_lr": 1.0, "momentum": 0.9, "weight_decay": 0.0001, "steps_per_iteration": null, "pin": false, "model_creator": null, "target_batch_size": 128, "model_string": "resnet50", "min_batch_size": 128, "dataset": "CIFAR", "placement": null, "use_nccl": true, "devices_per_worker": 1, "primary_resource": "extra_gpu", "gpu": false, "verbose": false, "lr_config": {"mode": "log", "steps": 5, "initial_lr": 1.0, "target_lr": 1.0}, "batch_per_device": 128}, "time_since_restore": 130.95803689956665, "timesteps_since_restore": 0, "iterations_since_restore": 3, "mean_throughput": 1374.4817527350476, "atoms": 1, "setup_time": 10.436062812805176}
{"apply": 0.018599987030029297, "batch_time": 0.03229454801052432, "d2h": 0.0007061958312988281, "data_time": 0.0018220331967639192, "fwd": 0.02857489585876465, "get_state_time_mean": NaN, "get_state_time_total": 0.0, "grad": 0.04859588146209717, "mean_accuracy": 0.09999999403953552, "mean_loss": 2.32805273733139, "neg_mean_accuracy": -0.09999999403953552, "set_state_time_mean": NaN, "set_state_time_total": 0.0, "setup_model_time_mean": NaN, "setup_model_time_total": 0.0, "setup_proc_time_mean": NaN, "setup_proc_time_total": 0.0, "train_accuracy": 0.10123999416828156, "train_loss": 2.331752187957764, "training_time_mean": NaN, "training_time_total": 0.0, "val_accuracy": 0.09999999403953552, "val_loss": 2.3193115657806396, "validation_time_mean": NaN, "validation_time_total": 0.0, "samples": 60000, "num_workers": 1, "done": true, "timesteps_total": null, "episodes_total": null, "training_iteration": 4, "neg_mean_loss": -2.32805273733139, "experiment_id": "7057058e0a5c43d1ac81a3b6c2f92c06", "date": "2019-06-06_10-30-34", "timestamp": 1559842234, "time_this_iter_s": 41.427603244781494, "time_total_s": 172.38564014434814, "pid": 7407, "hostname": "steropes", "node_ip": "169.229.49.254", "config": {"starting_lr": 1.0, "momentum": 0.9, "weight_decay": 0.0001, "steps_per_iteration": null, "pin": false, "model_creator": null, "target_batch_size": 128, "model_string": "resnet50", "min_batch_size": 128, "dataset": "CIFAR", "placement": null, "use_nccl": true, "devices_per_worker": 1, "primary_resource": "extra_gpu", "gpu": false, "verbose": false, "lr_config": {"mode": "log", "steps": 5, "initial_lr": 1.0, "target_lr": 1.0}, "batch_per_device": 128}, "time_since_restore": 172.38564014434814, "timesteps_since_restore": 0, "iterations_since_restore": 4, "mean_throughput": 1392.2233720574375, "atoms": 1, "setup_time": 10.436062812805176}
