{"apply": 0.01773390769958496, "batch_time": 0.04688128640380087, "d2h": 0.0006797552108764648, "data_time": 0.0017830343807444854, "fwd": 0.11727428436279297, "get_state_time_mean": NaN, "get_state_time_total": 0.0, "grad": 0.3133481502532959, "mean_accuracy": 0.09999999403953552, "mean_loss": 6.955089472961426, "neg_mean_accuracy": -0.09999999403953552, "set_state_time_mean": NaN, "set_state_time_total": 0.0, "setup_model_time_mean": 15.751614093780518, "setup_model_time_total": 15.751614093780518, "setup_proc_time_mean": 1.7852325439453125, "setup_proc_time_total": 1.7852325439453125, "train_accuracy": 0.10463999956846237, "train_loss": 7.9481037109375, "training_time_mean": NaN, "training_time_total": 0.0, "val_accuracy": 0.09999999403953552, "val_loss": 6.955089472961426, "validation_time_mean": NaN, "validation_time_total": 0.0, "samples": 60000, "num_workers": 1, "done": false, "timesteps_total": null, "episodes_total": null, "training_iteration": 1, "neg_mean_loss": -6.955089472961426, "experiment_id": "a4b867b434a54d1fab9a9bbc1c71c54f", "date": "2019-06-06_07-02-56", "timestamp": 1559829776, "time_this_iter_s": 48.84349608421326, "time_total_s": 48.84349608421326, "pid": 31647, "hostname": "steropes", "node_ip": "169.229.49.254", "config": {"starting_lr": 0.05, "momentum": 0.997, "weight_decay": 0.005, "steps_per_iteration": null, "pin": false, "model_creator": null, "target_batch_size": 128, "model_string": "resnet50", "min_batch_size": 128, "dataset": "CIFAR", "placement": null, "use_nccl": true, "devices_per_worker": 1, "primary_resource": "extra_gpu", "gpu": false, "verbose": false, "lr_config": {"mode": "log", "steps": 5, "initial_lr": 0.05, "target_lr": 0.05}, "batch_per_device": 128}, "time_since_restore": 48.84349608421326, "timesteps_since_restore": 0, "iterations_since_restore": 1, "mean_throughput": 1228.4111311013107, "atoms": 1, "setup_time": 17.631344079971313}
{"apply": 0.018715476989746092, "batch_time": 0.03249428242067747, "d2h": 0.0007430315017700195, "data_time": 0.0017326853769209683, "fwd": 0.030280256271362306, "get_state_time_mean": NaN, "get_state_time_total": 0.0, "grad": 0.04896092414855957, "mean_accuracy": 0.09474999457597733, "mean_loss": 5.8321085491180416, "neg_mean_accuracy": -0.08949999511241913, "set_state_time_mean": NaN, "set_state_time_total": 0.0, "setup_model_time_mean": NaN, "setup_model_time_total": 0.0, "setup_proc_time_mean": NaN, "setup_proc_time_total": 0.0, "train_accuracy": 0.1060199961066246, "train_loss": 25.27207064025879, "training_time_mean": NaN, "training_time_total": 0.0, "val_accuracy": 0.08949999511241913, "val_loss": 4.709127625274658, "validation_time_mean": NaN, "validation_time_total": 0.0, "samples": 60000, "num_workers": 1, "done": true, "timesteps_total": null, "episodes_total": null, "training_iteration": 2, "neg_mean_loss": -5.8321085491180416, "experiment_id": "a4b867b434a54d1fab9a9bbc1c71c54f", "date": "2019-06-06_07-03-38", "timestamp": 1559829818, "time_this_iter_s": 42.25139331817627, "time_total_s": 91.09488940238953, "pid": 31647, "hostname": "steropes", "node_ip": "169.229.49.254", "config": {"starting_lr": 0.05, "momentum": 0.997, "weight_decay": 0.005, "steps_per_iteration": null, "pin": false, "model_creator": null, "target_batch_size": 128, "model_string": "resnet50", "min_batch_size": 128, "dataset": "CIFAR", "placement": null, "use_nccl": true, "devices_per_worker": 1, "primary_resource": "extra_gpu", "gpu": false, "verbose": false, "lr_config": {"mode": "log", "steps": 5, "initial_lr": 0.05, "target_lr": 0.05}, "batch_per_device": 128}, "time_since_restore": 91.09488940238953, "timesteps_since_restore": 0, "iterations_since_restore": 2, "mean_throughput": 1317.303705535389, "atoms": 1, "setup_time": 17.631344079971313}
