apply,batch_time,d2h,data_time,fwd,get_state_time_mean,get_state_time_total,grad,mean_accuracy,mean_loss,neg_mean_accuracy,set_state_time_mean,set_state_time_total,setup_model_time_mean,setup_model_time_total,setup_proc_time_mean,setup_proc_time_total,train_accuracy,train_loss,training_time_mean,training_time_total,val_accuracy,val_loss,validation_time_mean,validation_time_total,samples,num_workers,done,timesteps_total,episodes_total,training_iteration,neg_mean_loss,experiment_id,date,timestamp,time_this_iter_s,time_total_s,pid,hostname,node_ip,config,time_since_restore,timesteps_since_restore,iterations_since_restore,mean_throughput,atoms,setup_time
0.017043709754943848,0.04141281526299972,0.0006918191909790039,0.0018693516626382422,0.14804022312164306,nan,0.0,0.3062166929244995,0.15060000121593475,8.90969434890747,-0.15060000121593475,nan,0.0,13.785651683807373,13.785651683807373,1.8041009902954102,1.8041009902954102,0.1482599973678589,4.424343309783936,nan,0.0,0.15060000121593475,8.90969434890747,nan,0.0,60000,1,False,,,1,-8.90969434890747,8b59ee852cc54ae89c438372c20ef979,2019-06-03_04-07-08,1559560028,48.29787564277649,48.29787564277649,16895,steropes,169.229.49.254,"{'starting_lr': 0.01, 'momentum': 0.99, 'weight_decay': 0.0005, 'steps_per_iteration': None, 'pin': False, 'model_creator': None, 'target_batch_size': 128, 'model_string': 'resnet50', 'min_batch_size': 128, 'dataset': 'CIFAR', 'placement': None, 'use_nccl': True, 'devices_per_worker': 1, 'primary_resource': 'extra_gpu', 'gpu': False, 'verbose': False, 'lr_config': {'mode': 'log', 'steps': 5, 'initial_lr': 0.01, 'target_lr': 0.01}, 'batch_per_device': 128}",48.29787564277649,0,1,1242.288321359124,1,15.688717603683472
0.017962050437927247,0.031928062438964844,0.0007081270217895508,0.0018143080689413164,0.0285719633102417,nan,0.0,0.049194931983947754,0.19110000133514404,5.4671029394149775,-0.23160000145435333,nan,0.0,nan,0.0,nan,0.0,0.19381999969482422,2.376919253540039,nan,0.0,0.23160000145435333,2.0245115299224854,nan,0.0,60000,1,False,,,2,-5.4671029394149775,8b59ee852cc54ae89c438372c20ef979,2019-06-03_04-07-49,1559560069,41.25443768501282,89.5523133277893,16895,steropes,169.229.49.254,"{'starting_lr': 0.01, 'momentum': 0.99, 'weight_decay': 0.0005, 'steps_per_iteration': None, 'pin': False, 'model_creator': None, 'target_batch_size': 128, 'model_string': 'resnet50', 'min_batch_size': 128, 'dataset': 'CIFAR', 'placement': None, 'use_nccl': True, 'devices_per_worker': 1, 'primary_resource': 'extra_gpu', 'gpu': False, 'verbose': False, 'lr_config': {'mode': 'log', 'steps': 5, 'initial_lr': 0.01, 'target_lr': 0.01}, 'batch_per_device': 128}",89.5523133277893,0,2,1339.9962841812494,1,15.688717603683472
0.016869401931762694,0.0317329907719093,0.0007147789001464844,0.001791917454556126,0.0275895357131958,nan,0.0,0.04981825351715088,0.22866666316986084,4.269500212287903,-0.30379998683929443,nan,0.0,nan,0.0,nan,0.0,0.2526800036430359,1.980225013885498,nan,0.0,0.30379998683929443,1.8742947580337523,nan,0.0,60000,1,False,,,3,-4.269500212287903,8b59ee852cc54ae89c438372c20ef979,2019-06-03_04-08-30,1559560110,40.660818576812744,130.21313190460205,16895,steropes,169.229.49.254,"{'starting_lr': 0.01, 'momentum': 0.99, 'weight_decay': 0.0005, 'steps_per_iteration': None, 'pin': False, 'model_creator': None, 'target_batch_size': 128, 'model_string': 'resnet50', 'min_batch_size': 128, 'dataset': 'CIFAR', 'placement': None, 'use_nccl': True, 'devices_per_worker': 1, 'primary_resource': 'extra_gpu', 'gpu': False, 'verbose': False, 'lr_config': {'mode': 'log', 'steps': 5, 'initial_lr': 0.01, 'target_lr': 0.01}, 'batch_per_device': 128}",130.21313190460205,0,3,1382.3447990168331,1,15.688717603683472
0.02039051055908203,0.03189067900935306,0.0006768941879272461,0.001836738927894846,0.02971339225769043,nan,0.0,0.04829216003417969,0.26237499713897705,3.625631637907028,-0.3634999990463257,nan,0.0,nan,0.0,nan,0.0,0.3100999891757965,1.8260104079437256,nan,0.0,0.3634999990463257,1.6940259147644043,nan,0.0,60000,1,False,,,4,-3.625631637907028,8b59ee852cc54ae89c438372c20ef979,2019-06-03_04-09-11,1559560151,40.96379089355469,171.17692279815674,16895,steropes,169.229.49.254,"{'starting_lr': 0.01, 'momentum': 0.99, 'weight_decay': 0.0005, 'steps_per_iteration': None, 'pin': False, 'model_creator': None, 'target_batch_size': 128, 'model_string': 'resnet50', 'min_batch_size': 128, 'dataset': 'CIFAR', 'placement': None, 'use_nccl': True, 'devices_per_worker': 1, 'primary_resource': 'extra_gpu', 'gpu': False, 'verbose': False, 'lr_config': {'mode': 'log', 'steps': 5, 'initial_lr': 0.01, 'target_lr': 0.01}, 'batch_per_device': 128}",171.17692279815674,0,4,1402.0541914504292,1,15.688717603683472
0.017824840545654298,0.03194759465471099,0.0007106304168701172,0.0018000377108678793,0.028459930419921876,nan,0.0,0.04797773361206055,0.2886799931526184,3.225888035697937,-0.39389997720718384,nan,0.0,nan,0.0,nan,0.0,0.3468799889087677,1.7433848263168334,nan,0.0,0.39389997720718384,1.6269136268615723,nan,0.0,60000,1,False,,,5,-3.225888035697937,8b59ee852cc54ae89c438372c20ef979,2019-06-03_04-09-51,1559560191,40.64558267593384,211.82250547409058,16895,steropes,169.229.49.254,"{'starting_lr': 0.01, 'momentum': 0.99, 'weight_decay': 0.0005, 'steps_per_iteration': None, 'pin': False, 'model_creator': None, 'target_batch_size': 128, 'model_string': 'resnet50', 'min_batch_size': 128, 'dataset': 'CIFAR', 'placement': None, 'use_nccl': True, 'devices_per_worker': 1, 'primary_resource': 'extra_gpu', 'gpu': False, 'verbose': False, 'lr_config': {'mode': 'log', 'steps': 5, 'initial_lr': 0.01, 'target_lr': 0.01}, 'batch_per_device': 128}",211.82250547409058,0,5,1416.2763479076982,1,15.688717603683472
0.01713390350341797,0.03178091290630872,0.0007044076919555664,0.001797524864411415,0.02820429801940918,nan,0.0,0.04791083335876465,0.3425199896097183,1.7559449230194093,-0.4197999835014343,nan,0.0,nan,0.0,nan,0.0,0.38179999589920044,1.6618852411270142,nan,0.0,0.4197999835014343,1.5599787855148315,nan,0.0,60000,1,False,,,6,-1.7559449230194093,8b59ee852cc54ae89c438372c20ef979,2019-06-03_04-10-32,1559560232,40.61209464073181,252.4346001148224,16895,steropes,169.229.49.254,"{'starting_lr': 0.01, 'momentum': 0.99, 'weight_decay': 0.0005, 'steps_per_iteration': None, 'pin': False, 'model_creator': None, 'target_batch_size': 128, 'model_string': 'resnet50', 'min_batch_size': 128, 'dataset': 'CIFAR', 'placement': None, 'use_nccl': True, 'devices_per_worker': 1, 'primary_resource': 'extra_gpu', 'gpu': False, 'verbose': False, 'lr_config': {'mode': 'log', 'steps': 5, 'initial_lr': 0.01, 'target_lr': 0.01}, 'batch_per_device': 128}",252.4346001148224,0,6,1469.5992883814818,1,15.688717603683472
0.017798256874084473,0.03157226948798457,0.0006910562515258789,0.0018468397047818469,0.0293410062789917,nan,0.0,0.04819939136505127,0.3856599867343903,1.647724146194458,-0.447299987077713,nan,0.0,nan,0.0,nan,0.0,0.4159199893474579,1.5848663064956665,nan,0.0,0.447299987077713,1.4834076457977294,nan,0.0,60000,1,False,,,7,-1.647724146194458,8b59ee852cc54ae89c438372c20ef979,2019-06-03_04-11-13,1559560273,40.79466795921326,293.22926807403564,16895,steropes,169.229.49.254,"{'starting_lr': 0.01, 'momentum': 0.99, 'weight_decay': 0.0005, 'steps_per_iteration': None, 'pin': False, 'model_creator': None, 'target_batch_size': 128, 'model_string': 'resnet50', 'min_batch_size': 128, 'dataset': 'CIFAR', 'placement': None, 'use_nccl': True, 'devices_per_worker': 1, 'primary_resource': 'extra_gpu', 'gpu': False, 'verbose': False, 'lr_config': {'mode': 'log', 'steps': 5, 'initial_lr': 0.01, 'target_lr': 0.01}, 'batch_per_device': 128}",293.22926807403564,0,7,1472.9166777943883,1,15.688717603683472
0.016977572441101076,0.03183469893057135,0.0006963253021240234,0.0018441561237930338,0.027754712104797363,nan,0.0,0.04814093112945557,0.41451998949050906,1.5782792548370361,-0.4481000006198883,nan,0.0,nan,0.0,nan,0.0,0.4468799829483032,1.504743977432251,nan,0.0,0.4481000006198883,1.5270703012466431,nan,0.0,60000,1,False,,,8,-1.5782792548370361,8b59ee852cc54ae89c438372c20ef979,2019-06-03_04-11-53,1559560313,40.698471546173096,333.92773962020874,16895,steropes,169.229.49.254,"{'starting_lr': 0.01, 'momentum': 0.99, 'weight_decay': 0.0005, 'steps_per_iteration': None, 'pin': False, 'model_creator': None, 'target_batch_size': 128, 'model_string': 'resnet50', 'min_batch_size': 128, 'dataset': 'CIFAR', 'placement': None, 'use_nccl': True, 'devices_per_worker': 1, 'primary_resource': 'extra_gpu', 'gpu': False, 'verbose': False, 'lr_config': {'mode': 'log', 'steps': 5, 'initial_lr': 0.01, 'target_lr': 0.01}, 'batch_per_device': 128}",333.92773962020874,0,8,1472.6454654031215,1,15.688717603683472
0.018251490592956544,0.031567980971517445,0.0007208824157714844,0.0017886106925242393,0.02935371398925781,nan,0.0,0.048312830924987796,0.44003998637199404,1.5183282828521727,-0.4910999834537506,nan,0.0,nan,0.0,nan,0.0,0.46737998723983765,1.461072105140686,nan,0.0,0.4910999834537506,1.3942710548400878,nan,0.0,60000,1,False,,,9,-1.5183282828521727,8b59ee852cc54ae89c438372c20ef979,2019-06-03_04-12-34,1559560354,40.57307553291321,374.50081515312195,16895,steropes,169.229.49.254,"{'starting_lr': 0.01, 'momentum': 0.99, 'weight_decay': 0.0005, 'steps_per_iteration': None, 'pin': False, 'model_creator': None, 'target_batch_size': 128, 'model_string': 'resnet50', 'min_batch_size': 128, 'dataset': 'CIFAR', 'placement': None, 'use_nccl': True, 'devices_per_worker': 1, 'primary_resource': 'extra_gpu', 'gpu': False, 'verbose': False, 'lr_config': {'mode': 'log', 'steps': 5, 'initial_lr': 0.01, 'target_lr': 0.01}, 'batch_per_device': 128}",374.50081515312195,0,9,1475.475380315087,1,15.688717603683472
0.017773652076721193,0.031889127779610546,0.0007271289825439454,0.0017997309984758383,0.028239130973815918,nan,0.0,0.0477766752243042,0.46727998852729796,1.4500304508972168,-0.5300999879837036,nan,0.0,nan,0.0,nan,0.0,0.488319993019104,1.4014197590637207,nan,0.0,0.5300999879837036,1.285424467086792,nan,0.0,60000,1,False,,,10,-1.4500304508972168,8b59ee852cc54ae89c438372c20ef979,2019-06-03_04-13-14,1559560394,40.57829785346985,415.0791130065918,16895,steropes,169.229.49.254,"{'starting_lr': 0.01, 'momentum': 0.99, 'weight_decay': 0.0005, 'steps_per_iteration': None, 'pin': False, 'model_creator': None, 'target_batch_size': 128, 'model_string': 'resnet50', 'min_batch_size': 128, 'dataset': 'CIFAR', 'placement': None, 'use_nccl': True, 'devices_per_worker': 1, 'primary_resource': 'extra_gpu', 'gpu': False, 'verbose': False, 'lr_config': {'mode': 'log', 'steps': 5, 'initial_lr': 0.01, 'target_lr': 0.01}, 'batch_per_device': 128}",415.0791130065918,0,10,1475.9638082040788,1,15.688717603683472
0.01779170036315918,0.03174170361289495,0.0006855964660644531,0.0017632486875099904,0.027933263778686525,nan,0.0,0.0471531867980957,0.4916199862957001,1.3903688344955445,-0.5414999723434448,nan,0.0,nan,0.0,nan,0.0,0.5195599794387817,1.3347944631958009,nan,0.0,0.5414999723434448,1.2616707035064698,nan,0.0,60000,1,False,,,11,-1.3903688344955445,8b59ee852cc54ae89c438372c20ef979,2019-06-03_04-13-55,1559560435,40.525089263916016,455.6042022705078,16895,steropes,169.229.49.254,"{'starting_lr': 0.01, 'momentum': 0.99, 'weight_decay': 0.0005, 'steps_per_iteration': None, 'pin': False, 'model_creator': None, 'target_batch_size': 128, 'model_string': 'resnet50', 'min_batch_size': 128, 'dataset': 'CIFAR', 'placement': None, 'use_nccl': True, 'devices_per_worker': 1, 'primary_resource': 'extra_gpu', 'gpu': False, 'verbose': False, 'lr_config': {'mode': 'log', 'steps': 5, 'initial_lr': 0.01, 'target_lr': 0.01}, 'batch_per_device': 128}",455.6042022705078,0,11,1476.5959033221227,1,15.688717603683472
0.017477202415466308,0.031944051573548134,0.0006893157958984375,0.0017647737127435786,0.027604889869689942,nan,0.0,0.04766724109649658,0.5176999807357788,1.3254198548126221,-0.5776999592781067,nan,0.0,nan,0.0,nan,0.0,0.542419970035553,1.2741161475372313,nan,0.0,0.5776999592781067,1.1586627473831177,nan,0.0,60000,1,False,,,12,-1.3254198548126221,8b59ee852cc54ae89c438372c20ef979,2019-06-03_04-14-36,1559560476,40.79665470123291,496.4008569717407,16895,steropes,169.229.49.254,"{'starting_lr': 0.01, 'momentum': 0.99, 'weight_decay': 0.0005, 'steps_per_iteration': None, 'pin': False, 'model_creator': None, 'target_batch_size': 128, 'model_string': 'resnet50', 'min_batch_size': 128, 'dataset': 'CIFAR', 'placement': None, 'use_nccl': True, 'devices_per_worker': 1, 'primary_resource': 'extra_gpu', 'gpu': False, 'verbose': False, 'lr_config': {'mode': 'log', 'steps': 5, 'initial_lr': 0.01, 'target_lr': 0.01}, 'batch_per_device': 128}",496.4008569717407,0,12,1476.581479844392,1,15.688717603683472
0.017184519767761232,0.031819397890115085,0.0006760597229003906,0.0018384895666176096,0.027824950218200684,nan,0.0,0.04737060070037842,0.548779982328415,1.2406808459854126,-0.6035000085830688,nan,0.0,nan,0.0,nan,0.0,0.565779983997345,1.2190395925903321,nan,0.0,0.6035000085830688,1.1033752571105957,nan,0.0,60000,1,False,,,13,-1.2406808459854126,8b59ee852cc54ae89c438372c20ef979,2019-06-03_04-15-17,1559560517,40.95214343070984,537.3530004024506,16895,steropes,169.229.49.254,"{'starting_lr': 0.01, 'momentum': 0.99, 'weight_decay': 0.0005, 'steps_per_iteration': None, 'pin': False, 'model_creator': None, 'target_batch_size': 128, 'model_string': 'resnet50', 'min_batch_size': 128, 'dataset': 'CIFAR', 'placement': None, 'use_nccl': True, 'devices_per_worker': 1, 'primary_resource': 'extra_gpu', 'gpu': False, 'verbose': False, 'lr_config': {'mode': 'log', 'steps': 5, 'initial_lr': 0.01, 'target_lr': 0.01}, 'batch_per_device': 128}",537.3530004024506,0,13,1474.7397673212151,1,15.688717603683472
0.01865231990814209,0.032135320615164845,0.0006795644760131836,0.0017879155590711042,0.02876753807067871,nan,0.0,0.04781806468963623,0.5662199854850769,1.2033149537277221,-0.5782999992370605,nan,0.0,nan,0.0,nan,0.0,0.5834800004959106,1.1719293041992187,nan,0.0,0.5782999992370605,1.2074415935516358,nan,0.0,60000,1,False,,,14,-1.2033149537277221,8b59ee852cc54ae89c438372c20ef979,2019-06-03_04-15-58,1559560558,40.81518363952637,578.1681840419769,16895,steropes,169.229.49.254,"{'starting_lr': 0.01, 'momentum': 0.99, 'weight_decay': 0.0005, 'steps_per_iteration': None, 'pin': False, 'model_creator': None, 'target_batch_size': 128, 'model_string': 'resnet50', 'min_batch_size': 128, 'dataset': 'CIFAR', 'placement': None, 'use_nccl': True, 'devices_per_worker': 1, 'primary_resource': 'extra_gpu', 'gpu': False, 'verbose': False, 'lr_config': {'mode': 'log', 'steps': 5, 'initial_lr': 0.01, 'target_lr': 0.01}, 'batch_per_device': 128}",578.1681840419769,0,14,1472.986719571004,1,15.688717603683472
0.017472362518310545,0.03360176690017121,0.0007245302200317383,0.0018076933253451685,0.028275537490844726,nan,0.0,0.04772336483001709,0.5885999798774719,1.1478660067367552,-0.6419999599456787,nan,0.0,nan,0.0,nan,0.0,0.6064599752426147,1.1040017252731322,nan,0.0,0.6419999599456787,1.008179732131958,nan,0.0,60000,1,False,,,15,-1.1478660067367552,8b59ee852cc54ae89c438372c20ef979,2019-06-03_04-16-38,1559560598,40.83951807022095,619.0077021121979,16895,steropes,169.229.49.254,"{'starting_lr': 0.01, 'momentum': 0.99, 'weight_decay': 0.0005, 'steps_per_iteration': None, 'pin': False, 'model_creator': None, 'target_batch_size': 128, 'model_string': 'resnet50', 'min_batch_size': 128, 'dataset': 'CIFAR', 'placement': None, 'use_nccl': True, 'devices_per_worker': 1, 'primary_resource': 'extra_gpu', 'gpu': False, 'verbose': False, 'lr_config': {'mode': 'log', 'steps': 5, 'initial_lr': 0.01, 'target_lr': 0.01}, 'batch_per_device': 128}",619.0077021121979,0,15,1471.0999269998238,1,15.688717603683472
0.017139101028442384,0.03179425529286831,0.0006878852844238281,0.0018365913644776016,0.028149223327636717,nan,0.0,0.04831545352935791,0.610159981250763,1.097672857913971,-0.6492999792098999,nan,0.0,nan,0.0,nan,0.0,0.6306399703025818,1.0448196474456788,nan,0.0,0.6492999792098999,1.0107049593925477,nan,0.0,60000,1,False,,,16,-1.097672857913971,8b59ee852cc54ae89c438372c20ef979,2019-06-03_04-17-19,1559560639,40.97292137145996,659.9806234836578,16895,steropes,169.229.49.254,"{'starting_lr': 0.01, 'momentum': 0.99, 'weight_decay': 0.0005, 'steps_per_iteration': None, 'pin': False, 'model_creator': None, 'target_batch_size': 128, 'model_string': 'resnet50', 'min_batch_size': 128, 'dataset': 'CIFAR', 'placement': None, 'use_nccl': True, 'devices_per_worker': 1, 'primary_resource': 'extra_gpu', 'gpu': False, 'verbose': False, 'lr_config': {'mode': 'log', 'steps': 5, 'initial_lr': 0.01, 'target_lr': 0.01}, 'batch_per_device': 128}",659.9806234836578,0,16,1467.8763941021114,1,15.688717603683472
0.01707761287689209,0.03171191638029074,0.000695180892944336,0.0018118171740675827,0.027976322174072265,nan,0.0,0.047572207450866696,0.6300999879837036,1.0515713967323301,-0.6773999929428101,nan,0.0,nan,0.0,nan,0.0,0.6413999795913696,1.022822307548523,nan,0.0,0.6773999929428101,0.9281554414749146,nan,0.0,60000,1,False,,,17,-1.0515713967323301,8b59ee852cc54ae89c438372c20ef979,2019-06-03_04-18-00,1559560680,40.85452175140381,700.8351452350616,16895,steropes,169.229.49.254,"{'starting_lr': 0.01, 'momentum': 0.99, 'weight_decay': 0.0005, 'steps_per_iteration': None, 'pin': False, 'model_creator': None, 'target_batch_size': 128, 'model_string': 'resnet50', 'min_batch_size': 128, 'dataset': 'CIFAR', 'placement': None, 'use_nccl': True, 'devices_per_worker': 1, 'primary_resource': 'extra_gpu', 'gpu': False, 'verbose': False, 'lr_config': {'mode': 'log', 'steps': 5, 'initial_lr': 0.01, 'target_lr': 0.01}, 'batch_per_device': 128}",700.8351452350616,0,17,1467.460862864042,1,15.688717603683472
0.017144179344177245,0.03195857699913315,0.0007026195526123047,0.001806342693241051,0.028199172019958495,nan,0.0,0.04848620891571045,0.6416799783706665,1.0258188111495972,-0.6613999605178833,nan,0.0,nan,0.0,nan,0.0,0.652999997138977,0.9888340011405945,nan,0.0,0.6613999605178833,0.97461232919693,nan,0.0,60000,1,False,,,18,-1.0258188111495972,8b59ee852cc54ae89c438372c20ef979,2019-06-03_04-18-41,1559560721,40.563310861587524,741.3984560966492,16895,steropes,169.229.49.254,"{'starting_lr': 0.01, 'momentum': 0.99, 'weight_decay': 0.0005, 'steps_per_iteration': None, 'pin': False, 'model_creator': None, 'target_batch_size': 128, 'model_string': 'resnet50', 'min_batch_size': 128, 'dataset': 'CIFAR', 'placement': None, 'use_nccl': True, 'devices_per_worker': 1, 'primary_resource': 'extra_gpu', 'gpu': False, 'verbose': False, 'lr_config': {'mode': 'log', 'steps': 5, 'initial_lr': 0.01, 'target_lr': 0.01}, 'batch_per_device': 128}",741.3984560966492,0,18,1470.257739269502,1,15.688717603683472
0.017095303535461424,0.0316830134089989,0.0006690263748168945,0.0018015670044647762,0.02774937152862549,nan,0.0,0.04739992618560791,0.6640199780464172,0.9588353743934632,-0.6899999976158142,nan,0.0,nan,0.0,nan,0.0,0.6618199944496155,0.9666971127319336,nan,0.0,0.6899999976158142,0.8725244097709656,nan,0.0,60000,1,False,,,19,-0.9588353743934632,8b59ee852cc54ae89c438372c20ef979,2019-06-03_04-19-21,1559560761,40.49334239959717,781.8917984962463,16895,steropes,169.229.49.254,"{'starting_lr': 0.01, 'momentum': 0.99, 'weight_decay': 0.0005, 'steps_per_iteration': None, 'pin': False, 'model_creator': None, 'target_batch_size': 128, 'model_string': 'resnet50', 'min_batch_size': 128, 'dataset': 'CIFAR', 'placement': None, 'use_nccl': True, 'devices_per_worker': 1, 'primary_resource': 'extra_gpu', 'gpu': False, 'verbose': False, 'lr_config': {'mode': 'log', 'steps': 5, 'initial_lr': 0.01, 'target_lr': 0.01}, 'batch_per_device': 128}",781.8917984962463,0,19,1472.5804210692645,1,15.688717603683472
0.017127490043640135,0.03194163720819015,0.0006993293762207031,0.0018100116563879926,0.028515434265136717,nan,0.0,0.04901723861694336,0.6764599800109863,0.9340038232803345,-0.7041999697685242,nan,0.0,nan,0.0,nan,0.0,0.6815599799156189,0.9202753147315978,nan,0.0,0.7041999697685242,0.8840219765663146,nan,0.0,60000,1,False,,,20,-0.9340038232803345,8b59ee852cc54ae89c438372c20ef979,2019-06-03_04-20-02,1559560802,40.79979753494263,822.691596031189,16895,steropes,169.229.49.254,"{'starting_lr': 0.01, 'momentum': 0.99, 'weight_decay': 0.0005, 'steps_per_iteration': None, 'pin': False, 'model_creator': None, 'target_batch_size': 128, 'model_string': 'resnet50', 'min_batch_size': 128, 'dataset': 'CIFAR', 'placement': None, 'use_nccl': True, 'devices_per_worker': 1, 'primary_resource': 'extra_gpu', 'gpu': False, 'verbose': False, 'lr_config': {'mode': 'log', 'steps': 5, 'initial_lr': 0.01, 'target_lr': 0.01}, 'batch_per_device': 128}",822.691596031189,0,20,1472.8676083786595,1,15.688717603683472
0.01706562042236328,0.031824051579342615,0.0007199764251708985,0.0017634779595962875,0.02776446342468262,nan,0.0,0.04806585311889648,0.6806599855422973,0.929219187259674,-0.6703000068664551,nan,0.0,nan,0.0,nan,0.0,0.6876400113105774,0.9060899435043335,nan,0.0,0.6703000068664551,0.9867817792892456,nan,0.0,60000,1,False,,,21,-0.929219187259674,8b59ee852cc54ae89c438372c20ef979,2019-06-03_04-20-43,1559560843,40.782156229019165,863.4737522602081,16895,steropes,169.229.49.254,"{'starting_lr': 0.01, 'momentum': 0.99, 'weight_decay': 0.0005, 'steps_per_iteration': None, 'pin': False, 'model_creator': None, 'target_batch_size': 128, 'model_string': 'resnet50', 'min_batch_size': 128, 'dataset': 'CIFAR', 'placement': None, 'use_nccl': True, 'devices_per_worker': 1, 'primary_resource': 'extra_gpu', 'gpu': False, 'verbose': False, 'lr_config': {'mode': 'log', 'steps': 5, 'initial_lr': 0.01, 'target_lr': 0.01}, 'batch_per_device': 128}",863.4737522602081,0,21,1474.2484112636182,1,15.688717603683472
0.017322635650634764,0.03198257579079157,0.0007265806198120117,0.0017975138886200497,0.02817058563232422,nan,0.0,0.04831533432006836,0.6832399845123291,0.923378494644165,-0.6902999877929688,nan,0.0,nan,0.0,nan,0.0,0.6899600028991699,0.898793809337616,nan,0.0,0.6902999877929688,0.8989519783973694,nan,0.0,60000,1,False,,,22,-0.923378494644165,8b59ee852cc54ae89c438372c20ef979,2019-06-03_04-21-24,1559560884,40.75145602226257,904.2252082824707,16895,steropes,169.229.49.254,"{'starting_lr': 0.01, 'momentum': 0.99, 'weight_decay': 0.0005, 'steps_per_iteration': None, 'pin': False, 'model_creator': None, 'target_batch_size': 128, 'model_string': 'resnet50', 'min_batch_size': 128, 'dataset': 'CIFAR', 'placement': None, 'use_nccl': True, 'devices_per_worker': 1, 'primary_resource': 'extra_gpu', 'gpu': False, 'verbose': False, 'lr_config': {'mode': 'log', 'steps': 5, 'initial_lr': 0.01, 'target_lr': 0.01}, 'batch_per_device': 128}",904.2252082824707,0,22,1474.9955437134233,1,15.688717603683472
0.01699979305267334,0.03173910515217841,0.0006945371627807617,0.0017851210006362642,0.02753477096557617,nan,0.0,0.049190831184387204,0.6945599913597107,0.8935985288238525,-0.7179999947547913,nan,0.0,nan,0.0,nan,0.0,0.6984399557113647,0.8764738247299194,nan,0.0,0.7179999947547913,0.8257125000953675,nan,0.0,60000,1,False,,,23,-0.8935985288238525,8b59ee852cc54ae89c438372c20ef979,2019-06-03_04-22-04,1559560924,40.70651865005493,944.9317269325256,16895,steropes,169.229.49.254,"{'starting_lr': 0.01, 'momentum': 0.99, 'weight_decay': 0.0005, 'steps_per_iteration': None, 'pin': False, 'model_creator': None, 'target_batch_size': 128, 'model_string': 'resnet50', 'min_batch_size': 128, 'dataset': 'CIFAR', 'placement': None, 'use_nccl': True, 'devices_per_worker': 1, 'primary_resource': 'extra_gpu', 'gpu': False, 'verbose': False, 'lr_config': {'mode': 'log', 'steps': 5, 'initial_lr': 0.01, 'target_lr': 0.01}, 'batch_per_device': 128}",944.9317269325256,0,23,1473.9577431692,1,15.688717603683472
0.01804671287536621,0.03201023536392405,0.0006933212280273438,0.001804831692629763,0.028591632843017578,nan,0.0,0.047786831855773926,0.6922799825668335,0.908035631904602,-0.6785999536514282,nan,0.0,nan,0.0,nan,0.0,0.707319974899292,0.8509856731796265,nan,0.0,0.6785999536514282,0.9447099251747131,nan,0.0,60000,1,False,,,24,-0.908035631904602,8b59ee852cc54ae89c438372c20ef979,2019-06-03_04-22-45,1559560965,40.751989126205444,985.6837160587311,16895,steropes,169.229.49.254,"{'starting_lr': 0.01, 'momentum': 0.99, 'weight_decay': 0.0005, 'steps_per_iteration': None, 'pin': False, 'model_creator': None, 'target_batch_size': 128, 'model_string': 'resnet50', 'min_batch_size': 128, 'dataset': 'CIFAR', 'placement': None, 'use_nccl': True, 'devices_per_worker': 1, 'primary_resource': 'extra_gpu', 'gpu': False, 'verbose': False, 'lr_config': {'mode': 'log', 'steps': 5, 'initial_lr': 0.01, 'target_lr': 0.01}, 'batch_per_device': 128}",985.6837160587311,0,24,1472.0870392576492,1,15.688717603683472
0.017615652084350585,0.03151610531384432,0.0007029056549072265,0.0018004072291771774,0.028169727325439452,nan,0.0,0.04801943302154541,0.6953999876976014,0.8958628755569457,-0.7197999954223633,nan,0.0,nan,0.0,nan,0.0,0.6998199820518494,0.8779359628486634,nan,0.0,0.7197999954223633,0.8231581948280334,nan,0.0,60000,1,False,,,25,-0.8958628755569457,8b59ee852cc54ae89c438372c20ef979,2019-06-03_04-23-26,1559561006,40.944528579711914,1026.628244638443,16895,steropes,169.229.49.254,"{'starting_lr': 0.01, 'momentum': 0.99, 'weight_decay': 0.0005, 'steps_per_iteration': None, 'pin': False, 'model_creator': None, 'target_batch_size': 128, 'model_string': 'resnet50', 'min_batch_size': 128, 'dataset': 'CIFAR', 'placement': None, 'use_nccl': True, 'devices_per_worker': 1, 'primary_resource': 'extra_gpu', 'gpu': False, 'verbose': False, 'lr_config': {'mode': 'log', 'steps': 5, 'initial_lr': 0.01, 'target_lr': 0.01}, 'batch_per_device': 128}",1026.628244638443,0,25,1471.0423091678567,1,15.688717603683472
0.01774454116821289,0.031838742992545986,0.0007147073745727539,0.0017967589980805926,0.02823338508605957,nan,0.0,0.04860928058624268,0.7060799837112427,0.8579856119346619,-0.7236999869346619,nan,0.0,nan,0.0,nan,0.0,0.7059400081634521,0.860980742225647,nan,0.0,0.7236999869346619,0.7973954611778259,nan,0.0,60000,1,False,,,26,-0.8579856119346619,8b59ee852cc54ae89c438372c20ef979,2019-06-03_04-24-07,1559561047,40.535717725753784,1067.1639623641968,16895,steropes,169.229.49.254,"{'starting_lr': 0.01, 'momentum': 0.99, 'weight_decay': 0.0005, 'steps_per_iteration': None, 'pin': False, 'model_creator': None, 'target_batch_size': 128, 'model_string': 'resnet50', 'min_batch_size': 128, 'dataset': 'CIFAR', 'placement': None, 'use_nccl': True, 'devices_per_worker': 1, 'primary_resource': 'extra_gpu', 'gpu': False, 'verbose': False, 'lr_config': {'mode': 'log', 'steps': 5, 'initial_lr': 0.01, 'target_lr': 0.01}, 'batch_per_device': 128}",1067.1639623641968,0,26,1472.821557376035,1,15.688717603683472
0.017311644554138184,0.03168506561955319,0.0007041454315185547,0.001843302451131289,0.027970552444458008,nan,0.0,0.047600293159484865,0.7102399826049804,0.8466640125846864,-0.7110999822616577,nan,0.0,nan,0.0,nan,0.0,0.7104600071907043,0.8449353107833862,nan,0.0,0.7110999822616577,0.8423439816474915,nan,0.0,60000,1,False,,,27,-0.8466640125846864,8b59ee852cc54ae89c438372c20ef979,2019-06-03_04-24-47,1559561087,40.78736400604248,1107.9513263702393,16895,steropes,169.229.49.254,"{'starting_lr': 0.01, 'momentum': 0.99, 'weight_decay': 0.0005, 'steps_per_iteration': None, 'pin': False, 'model_creator': None, 'target_batch_size': 128, 'model_string': 'resnet50', 'min_batch_size': 128, 'dataset': 'CIFAR', 'placement': None, 'use_nccl': True, 'devices_per_worker': 1, 'primary_resource': 'extra_gpu', 'gpu': False, 'verbose': False, 'lr_config': {'mode': 'log', 'steps': 5, 'initial_lr': 0.01, 'target_lr': 0.01}, 'batch_per_device': 128}",1107.9513263702393,0,27,1472.5619554611715,1,15.688717603683472
0.017090773582458495,0.0320862305315235,0.0007280588150024414,0.001864260114977122,0.027883410453796387,nan,0.0,0.04815077781677246,0.7105199813842773,0.8475691368103027,-0.7193999886512756,nan,0.0,nan,0.0,nan,0.0,0.7202000021934509,0.8182187848091126,nan,0.0,0.7193999886512756,0.8302381212234498,nan,0.0,60000,1,False,,,28,-0.8475691368103027,8b59ee852cc54ae89c438372c20ef979,2019-06-03_04-25-28,1559561128,40.75390911102295,1148.7052354812622,16895,steropes,169.229.49.254,"{'starting_lr': 0.01, 'momentum': 0.99, 'weight_decay': 0.0005, 'steps_per_iteration': None, 'pin': False, 'model_creator': None, 'target_batch_size': 128, 'model_string': 'resnet50', 'min_batch_size': 128, 'dataset': 'CIFAR', 'placement': None, 'use_nccl': True, 'devices_per_worker': 1, 'primary_resource': 'extra_gpu', 'gpu': False, 'verbose': False, 'lr_config': {'mode': 'log', 'steps': 5, 'initial_lr': 0.01, 'target_lr': 0.01}, 'batch_per_device': 128}",1148.7052354812622,0,28,1472.219478699735,1,15.688717603683472
0.01797792911529541,0.03165403197083292,0.0006897211074829102,0.0018303424805936302,0.028195285797119142,nan,0.0,0.04823567867279053,0.7189599871635437,0.8249378554344178,-0.72079998254776,nan,0.0,nan,0.0,nan,0.0,0.7225199937820435,0.8194261552047729,nan,0.0,0.72079998254776,0.8315535182952881,nan,0.0,60000,1,False,,,29,-0.8249378554344178,8b59ee852cc54ae89c438372c20ef979,2019-06-03_04-26-09,1559561169,40.840839862823486,1189.5460753440857,16895,steropes,169.229.49.254,"{'starting_lr': 0.01, 'momentum': 0.99, 'weight_decay': 0.0005, 'steps_per_iteration': None, 'pin': False, 'model_creator': None, 'target_batch_size': 128, 'model_string': 'resnet50', 'min_batch_size': 128, 'dataset': 'CIFAR', 'placement': None, 'use_nccl': True, 'devices_per_worker': 1, 'primary_resource': 'extra_gpu', 'gpu': False, 'verbose': False, 'lr_config': {'mode': 'log', 'steps': 5, 'initial_lr': 0.01, 'target_lr': 0.01}, 'batch_per_device': 128}",1189.5460753440857,0,29,1471.5778394606416,1,15.688717603683472
0.01739029884338379,0.03169303302523456,0.0007269144058227539,0.0018279454897126882,0.02785153388977051,nan,0.0,0.047550511360168454,0.7162399888038635,0.8315620955276488,-0.7062000036239624,nan,0.0,nan,0.0,nan,0.0,0.7125200033187866,0.8414204209518432,nan,0.0,0.7062000036239624,0.8562793952941895,nan,0.0,60000,1,False,,,30,-0.8315620955276488,8b59ee852cc54ae89c438372c20ef979,2019-06-03_04-26-50,1559561210,40.75250959396362,1230.2985849380493,16895,steropes,169.229.49.254,"{'starting_lr': 0.01, 'momentum': 0.99, 'weight_decay': 0.0005, 'steps_per_iteration': None, 'pin': False, 'model_creator': None, 'target_batch_size': 128, 'model_string': 'resnet50', 'min_batch_size': 128, 'dataset': 'CIFAR', 'placement': None, 'use_nccl': True, 'devices_per_worker': 1, 'primary_resource': 'extra_gpu', 'gpu': False, 'verbose': False, 'lr_config': {'mode': 'log', 'steps': 5, 'initial_lr': 0.01, 'target_lr': 0.01}, 'batch_per_device': 128}",1230.2985849380493,0,30,1472.9652400973662,1,15.688717603683472
0.017156696319580077,0.03176336952402622,0.0007029533386230469,0.0017827423027409312,0.027772235870361327,nan,0.0,0.048247122764587404,0.7195799827575684,0.8252155101203918,-0.740399956703186,nan,0.0,nan,0.0,nan,0.0,0.7283999919891357,0.7961475208663941,nan,0.0,0.740399956703186,0.7656625341415405,nan,0.0,60000,1,False,,,31,-0.8252155101203918,8b59ee852cc54ae89c438372c20ef979,2019-06-03_04-27-30,1559561250,40.72824478149414,1271.0268297195435,16895,steropes,169.229.49.254,"{'starting_lr': 0.01, 'momentum': 0.99, 'weight_decay': 0.0005, 'steps_per_iteration': None, 'pin': False, 'model_creator': None, 'target_batch_size': 128, 'model_string': 'resnet50', 'min_batch_size': 128, 'dataset': 'CIFAR', 'placement': None, 'use_nccl': True, 'devices_per_worker': 1, 'primary_resource': 'extra_gpu', 'gpu': False, 'verbose': False, 'lr_config': {'mode': 'log', 'steps': 5, 'initial_lr': 0.01, 'target_lr': 0.01}, 'batch_per_device': 128}",1271.0268297195435,0,31,1471.574724425327,1,15.688717603683472
0.018914198875427245,0.03181494640398629,0.0007207870483398437,0.001859177713808806,0.029317831993103026,nan,0.0,0.048377275466918945,0.7241599798202515,0.8141367467117311,-0.7339999675750732,nan,0.0,nan,0.0,nan,0.0,0.7343999743461609,0.7864427716445923,nan,0.0,0.7339999675750732,0.786950164604187,nan,0.0,60000,1,False,,,32,-0.8141367467117311,8b59ee852cc54ae89c438372c20ef979,2019-06-03_04-28-11,1559561291,40.888989210128784,1311.9158189296722,16895,steropes,169.229.49.254,"{'starting_lr': 0.01, 'momentum': 0.99, 'weight_decay': 0.0005, 'steps_per_iteration': None, 'pin': False, 'model_creator': None, 'target_batch_size': 128, 'model_string': 'resnet50', 'min_batch_size': 128, 'dataset': 'CIFAR', 'placement': None, 'use_nccl': True, 'devices_per_worker': 1, 'primary_resource': 'extra_gpu', 'gpu': False, 'verbose': False, 'lr_config': {'mode': 'log', 'steps': 5, 'initial_lr': 0.01, 'target_lr': 0.01}, 'batch_per_device': 128}",1311.9158189296722,0,32,1470.841516151934,1,15.688717603683472
0.017093873023986815,0.03329446044149278,0.0007222414016723633,0.0018224307643178175,0.0286771297454834,nan,0.0,0.047766828536987306,0.7272199749946594,0.8034592698097228,-0.7346999645233154,nan,0.0,nan,0.0,nan,0.0,0.7295999526977539,0.7885083815383911,nan,0.0,0.7346999645233154,0.7768507367134094,nan,0.0,60000,1,False,,,33,-0.8034592698097228,8b59ee852cc54ae89c438372c20ef979,2019-06-03_04-28-52,1559561332,40.930320024490356,1352.8461389541626,16895,steropes,169.229.49.254,"{'starting_lr': 0.01, 'momentum': 0.99, 'weight_decay': 0.0005, 'steps_per_iteration': None, 'pin': False, 'model_creator': None, 'target_batch_size': 128, 'model_string': 'resnet50', 'min_batch_size': 128, 'dataset': 'CIFAR', 'placement': None, 'use_nccl': True, 'devices_per_worker': 1, 'primary_resource': 'extra_gpu', 'gpu': False, 'verbose': False, 'lr_config': {'mode': 'log', 'steps': 5, 'initial_lr': 0.01, 'target_lr': 0.01}, 'batch_per_device': 128}",1352.8461389541626,0,33,1469.5704724262978,1,15.688717603683472
0.020299029350280762,0.03161079974114141,0.000741267204284668,0.0018228880889580377,0.03041691780090332,nan,0.0,0.0482771635055542,0.7324199795722961,0.7892098530197144,-0.7468000054359436,nan,0.0,nan,0.0,nan,0.0,0.7278599739074707,0.7981998440361023,nan,0.0,0.7468000054359436,0.7603064343452454,nan,0.0,60000,1,False,,,34,-0.7892098530197144,8b59ee852cc54ae89c438372c20ef979,2019-06-03_04-29-33,1559561373,40.74361205101013,1393.5897510051727,16895,steropes,169.229.49.254,"{'starting_lr': 0.01, 'momentum': 0.99, 'weight_decay': 0.0005, 'steps_per_iteration': None, 'pin': False, 'model_creator': None, 'target_batch_size': 128, 'model_string': 'resnet50', 'min_batch_size': 128, 'dataset': 'CIFAR', 'placement': None, 'use_nccl': True, 'devices_per_worker': 1, 'primary_resource': 'extra_gpu', 'gpu': False, 'verbose': False, 'lr_config': {'mode': 'log', 'steps': 5, 'initial_lr': 0.01, 'target_lr': 0.01}, 'batch_per_device': 128}",1393.5897510051727,0,34,1470.2706839957145,1,15.688717603683472
0.01788220405578613,0.032025400596328926,0.000689554214477539,0.0018086896832946622,0.028248929977416994,nan,0.0,0.04791967868804932,0.7357399702072144,0.783006801815033,-0.7227999567985535,nan,0.0,nan,0.0,nan,0.0,0.7348600029945374,0.7744320653533936,nan,0.0,0.7227999567985535,0.8252641392707825,nan,0.0,60000,1,False,,,35,-0.783006801815033,8b59ee852cc54ae89c438372c20ef979,2019-06-03_04-30-14,1559561414,40.83896517753601,1434.4287161827087,16895,steropes,169.229.49.254,"{'starting_lr': 0.01, 'momentum': 0.99, 'weight_decay': 0.0005, 'steps_per_iteration': None, 'pin': False, 'model_creator': None, 'target_batch_size': 128, 'model_string': 'resnet50', 'min_batch_size': 128, 'dataset': 'CIFAR', 'placement': None, 'use_nccl': True, 'devices_per_worker': 1, 'primary_resource': 'extra_gpu', 'gpu': False, 'verbose': False, 'lr_config': {'mode': 'log', 'steps': 5, 'initial_lr': 0.01, 'target_lr': 0.01}, 'batch_per_device': 128}",1434.4287161827087,0,35,1469.6479806282339,1,15.688717603683472
0.018176841735839843,0.03137246566482737,0.0007112741470336914,0.0018123934031142603,0.028644084930419922,nan,0.0,0.0475496768951416,0.7314399719238281,0.7987012556838989,-0.7188999652862549,nan,0.0,nan,0.0,nan,0.0,0.7343199849128723,0.7741897694969178,nan,0.0,0.7188999652862549,0.8441348034858703,nan,0.0,60000,1,False,,,36,-0.7987012556838989,8b59ee852cc54ae89c438372c20ef979,2019-06-03_04-30-55,1559561455,40.68661165237427,1475.115327835083,16895,steropes,169.229.49.254,"{'starting_lr': 0.01, 'momentum': 0.99, 'weight_decay': 0.0005, 'steps_per_iteration': None, 'pin': False, 'model_creator': None, 'target_batch_size': 128, 'model_string': 'resnet50', 'min_batch_size': 128, 'dataset': 'CIFAR', 'placement': None, 'use_nccl': True, 'devices_per_worker': 1, 'primary_resource': 'extra_gpu', 'gpu': False, 'verbose': False, 'lr_config': {'mode': 'log', 'steps': 5, 'initial_lr': 0.01, 'target_lr': 0.01}, 'batch_per_device': 128}",1475.115327835083,0,36,1469.9477489674532,1,15.688717603683472
0.017346620559692383,0.03164714197569256,0.0007046699523925781,0.0017909064622181456,0.02876114845275879,nan,0.0,0.049023985862731934,0.7318399786949158,0.7960051302719116,-0.7360000014305115,nan,0.0,nan,0.0,nan,0.0,0.736519992351532,0.7779280419540405,nan,0.0,0.7360000014305115,0.7734695375442505,nan,0.0,60000,1,False,,,37,-0.7960051302719116,8b59ee852cc54ae89c438372c20ef979,2019-06-03_04-31-35,1559561495,40.77315711975098,1515.888484954834,16895,steropes,169.229.49.254,"{'starting_lr': 0.01, 'momentum': 0.99, 'weight_decay': 0.0005, 'steps_per_iteration': None, 'pin': False, 'model_creator': None, 'target_batch_size': 128, 'model_string': 'resnet50', 'min_batch_size': 128, 'dataset': 'CIFAR', 'placement': None, 'use_nccl': True, 'devices_per_worker': 1, 'primary_resource': 'extra_gpu', 'gpu': False, 'verbose': False, 'lr_config': {'mode': 'log', 'steps': 5, 'initial_lr': 0.01, 'target_lr': 0.01}, 'batch_per_device': 128}",1515.888484954834,0,37,1470.7824985341574,1,15.688717603683472
0.017676329612731932,0.03178078615212742,0.0007286310195922851,0.001806853067539537,0.02847156524658203,nan,0.0,0.04776871204376221,0.7323799848556518,0.7947913873863219,-0.7373999953269958,nan,0.0,nan,0.0,nan,0.0,0.7317599654197693,0.7882756679916382,nan,0.0,0.7373999953269958,0.7707820222854614,nan,0.0,60000,1,False,,,38,-0.7947913873863219,8b59ee852cc54ae89c438372c20ef979,2019-06-03_04-32-16,1559561536,40.967941761016846,1556.8564267158508,16895,steropes,169.229.49.254,"{'starting_lr': 0.01, 'momentum': 0.99, 'weight_decay': 0.0005, 'steps_per_iteration': None, 'pin': False, 'model_creator': None, 'target_batch_size': 128, 'model_string': 'resnet50', 'min_batch_size': 128, 'dataset': 'CIFAR', 'placement': None, 'use_nccl': True, 'devices_per_worker': 1, 'primary_resource': 'extra_gpu', 'gpu': False, 'verbose': False, 'lr_config': {'mode': 'log', 'steps': 5, 'initial_lr': 0.01, 'target_lr': 0.01}, 'batch_per_device': 128}",1556.8564267158508,0,38,1470.5112534287223,1,15.688717603683472
0.017080163955688475,0.03141078466101538,0.0006807565689086914,0.0018156026025562336,0.028221607208251953,nan,0.0,0.04729938507080078,0.7293799757957459,0.8004316467666627,-0.7317999601364136,nan,0.0,nan,0.0,nan,0.0,0.7367799878120422,0.7734765234565735,nan,0.0,0.7317999601364136,0.7885077312469483,nan,0.0,60000,1,False,,,39,-0.8004316467666627,8b59ee852cc54ae89c438372c20ef979,2019-06-03_04-32-57,1559561577,40.618151903152466,1597.4745786190033,16895,steropes,169.229.49.254,"{'starting_lr': 0.01, 'momentum': 0.99, 'weight_decay': 0.0005, 'steps_per_iteration': None, 'pin': False, 'model_creator': None, 'target_batch_size': 128, 'model_string': 'resnet50', 'min_batch_size': 128, 'dataset': 'CIFAR', 'placement': None, 'use_nccl': True, 'devices_per_worker': 1, 'primary_resource': 'extra_gpu', 'gpu': False, 'verbose': False, 'lr_config': {'mode': 'log', 'steps': 5, 'initial_lr': 0.01, 'target_lr': 0.01}, 'batch_per_device': 128}",1597.4745786190033,0,39,1471.4156307787644,1,15.688717603683472
0.01720151901245117,0.0323017760168148,0.0007130622863769532,0.0018112574087079528,0.028150510787963868,nan,0.0,0.047496891021728514,0.7336399793624878,0.7879239095306396,-0.7440999746322632,nan,0.0,nan,0.0,nan,0.0,0.7371199727058411,0.7768606754684448,nan,0.0,0.7440999746322632,0.7627254530906677,nan,0.0,60000,1,False,,,40,-0.7879239095306396,8b59ee852cc54ae89c438372c20ef979,2019-06-03_04-33-38,1559561618,41.10551190376282,1638.580090522766,16895,steropes,169.229.49.254,"{'starting_lr': 0.01, 'momentum': 0.99, 'weight_decay': 0.0005, 'steps_per_iteration': None, 'pin': False, 'model_creator': None, 'target_batch_size': 128, 'model_string': 'resnet50', 'min_batch_size': 128, 'dataset': 'CIFAR', 'placement': None, 'use_nccl': True, 'devices_per_worker': 1, 'primary_resource': 'extra_gpu', 'gpu': False, 'verbose': False, 'lr_config': {'mode': 'log', 'steps': 5, 'initial_lr': 0.01, 'target_lr': 0.01}, 'batch_per_device': 128}",1638.580090522766,0,40,1469.4944671628175,1,15.688717603683472
0.018622994422912598,0.033595682699469075,0.000760030746459961,0.0018645320706965063,0.029497623443603516,nan,0.0,0.047834229469299314,0.7393399834632873,0.7687314930343628,-0.7473999857902527,nan,0.0,nan,0.0,nan,0.0,0.7399399876594543,0.7641217082977295,nan,0.0,0.7473999857902527,0.7481727210044861,nan,0.0,60000,1,False,,,41,-0.7687314930343628,8b59ee852cc54ae89c438372c20ef979,2019-06-03_04-34-19,1559561659,41.073243379592896,1679.653333902359,16895,steropes,169.229.49.254,"{'starting_lr': 0.01, 'momentum': 0.99, 'weight_decay': 0.0005, 'steps_per_iteration': None, 'pin': False, 'model_creator': None, 'target_batch_size': 128, 'model_string': 'resnet50', 'min_batch_size': 128, 'dataset': 'CIFAR', 'placement': None, 'use_nccl': True, 'devices_per_worker': 1, 'primary_resource': 'extra_gpu', 'gpu': False, 'verbose': False, 'lr_config': {'mode': 'log', 'steps': 5, 'initial_lr': 0.01, 'target_lr': 0.01}, 'batch_per_device': 128}",1679.653333902359,0,41,1466.7167584890465,1,15.688717603683472
0.01701047420501709,0.03174938733064676,0.0007170438766479492,0.001844614667965628,0.02789173126220703,nan,0.0,0.047766828536987306,0.7438399791717529,0.7547190442848206,-0.7584999799728394,nan,0.0,nan,0.0,nan,0.0,0.7471399903297424,0.7463076598930359,nan,0.0,0.7584999799728394,0.7034072937965393,nan,0.0,60000,1,False,,,42,-0.7547190442848206,8b59ee852cc54ae89c438372c20ef979,2019-06-03_04-35-00,1559561700,40.96631598472595,1720.619649887085,16895,steropes,169.229.49.254,"{'starting_lr': 0.01, 'momentum': 0.99, 'weight_decay': 0.0005, 'steps_per_iteration': None, 'pin': False, 'model_creator': None, 'target_batch_size': 128, 'model_string': 'resnet50', 'min_batch_size': 128, 'dataset': 'CIFAR', 'placement': None, 'use_nccl': True, 'devices_per_worker': 1, 'primary_resource': 'extra_gpu', 'gpu': False, 'verbose': False, 'lr_config': {'mode': 'log', 'steps': 5, 'initial_lr': 0.01, 'target_lr': 0.01}, 'batch_per_device': 128}",1720.619649887085,0,42,1465.3329654560646,1,15.688717603683472
0.018799781799316406,0.0339609037471723,0.0006911039352416992,0.001806854287071911,0.029187107086181642,nan,0.0,0.04797449111938477,0.7418999791145324,0.765638238067627,-0.7276999950408936,nan,0.0,nan,0.0,nan,0.0,0.742859959602356,0.7609504171943664,nan,0.0,0.7276999950408936,0.8253779911994934,nan,0.0,60000,1,False,,,43,-0.765638238067627,8b59ee852cc54ae89c438372c20ef979,2019-06-03_04-35-41,1559561741,40.897841453552246,1761.5174913406372,16895,steropes,169.229.49.254,"{'starting_lr': 0.01, 'momentum': 0.99, 'weight_decay': 0.0005, 'steps_per_iteration': None, 'pin': False, 'model_creator': None, 'target_batch_size': 128, 'model_string': 'resnet50', 'min_batch_size': 128, 'dataset': 'CIFAR', 'placement': None, 'use_nccl': True, 'devices_per_worker': 1, 'primary_resource': 'extra_gpu', 'gpu': False, 'verbose': False, 'lr_config': {'mode': 'log', 'steps': 5, 'initial_lr': 0.01, 'target_lr': 0.01}, 'batch_per_device': 128}",1761.5174913406372,0,43,1465.8348926455697,1,15.688717603683472
