{"apply": 0.017043709754943848, "batch_time": 0.04141281526299972, "d2h": 0.0006918191909790039, "data_time": 0.0018693516626382422, "fwd": 0.14804022312164306, "get_state_time_mean": NaN, "get_state_time_total": 0.0, "grad": 0.3062166929244995, "mean_accuracy": 0.15060000121593475, "mean_loss": 8.90969434890747, "neg_mean_accuracy": -0.15060000121593475, "set_state_time_mean": NaN, "set_state_time_total": 0.0, "setup_model_time_mean": 13.785651683807373, "setup_model_time_total": 13.785651683807373, "setup_proc_time_mean": 1.8041009902954102, "setup_proc_time_total": 1.8041009902954102, "train_accuracy": 0.1482599973678589, "train_loss": 4.424343309783936, "training_time_mean": NaN, "training_time_total": 0.0, "val_accuracy": 0.15060000121593475, "val_loss": 8.90969434890747, "validation_time_mean": NaN, "validation_time_total": 0.0, "samples": 60000, "num_workers": 1, "done": false, "timesteps_total": null, "episodes_total": null, "training_iteration": 1, "neg_mean_loss": -8.90969434890747, "experiment_id": "8b59ee852cc54ae89c438372c20ef979", "date": "2019-06-03_04-07-08", "timestamp": 1559560028, "time_this_iter_s": 48.29787564277649, "time_total_s": 48.29787564277649, "pid": 16895, "hostname": "steropes", "node_ip": "169.229.49.254", "config": {"starting_lr": 0.01, "momentum": 0.99, "weight_decay": 0.0005, "steps_per_iteration": null, "pin": false, "model_creator": null, "target_batch_size": 128, "model_string": "resnet50", "min_batch_size": 128, "dataset": "CIFAR", "placement": null, "use_nccl": true, "devices_per_worker": 1, "primary_resource": "extra_gpu", "gpu": false, "verbose": false, "lr_config": {"mode": "log", "steps": 5, "initial_lr": 0.01, "target_lr": 0.01}, "batch_per_device": 128}, "time_since_restore": 48.29787564277649, "timesteps_since_restore": 0, "iterations_since_restore": 1, "mean_throughput": 1242.288321359124, "atoms": 1, "setup_time": 15.688717603683472}
{"apply": 0.017962050437927247, "batch_time": 0.031928062438964844, "d2h": 0.0007081270217895508, "data_time": 0.0018143080689413164, "fwd": 0.0285719633102417, "get_state_time_mean": NaN, "get_state_time_total": 0.0, "grad": 0.049194931983947754, "mean_accuracy": 0.19110000133514404, "mean_loss": 5.4671029394149775, "neg_mean_accuracy": -0.23160000145435333, "set_state_time_mean": NaN, "set_state_time_total": 0.0, "setup_model_time_mean": NaN, "setup_model_time_total": 0.0, "setup_proc_time_mean": NaN, "setup_proc_time_total": 0.0, "train_accuracy": 0.19381999969482422, "train_loss": 2.376919253540039, "training_time_mean": NaN, "training_time_total": 0.0, "val_accuracy": 0.23160000145435333, "val_loss": 2.0245115299224854, "validation_time_mean": NaN, "validation_time_total": 0.0, "samples": 60000, "num_workers": 1, "done": false, "timesteps_total": null, "episodes_total": null, "training_iteration": 2, "neg_mean_loss": -5.4671029394149775, "experiment_id": "8b59ee852cc54ae89c438372c20ef979", "date": "2019-06-03_04-07-49", "timestamp": 1559560069, "time_this_iter_s": 41.25443768501282, "time_total_s": 89.5523133277893, "pid": 16895, "hostname": "steropes", "node_ip": "169.229.49.254", "config": {"starting_lr": 0.01, "momentum": 0.99, "weight_decay": 0.0005, "steps_per_iteration": null, "pin": false, "model_creator": null, "target_batch_size": 128, "model_string": "resnet50", "min_batch_size": 128, "dataset": "CIFAR", "placement": null, "use_nccl": true, "devices_per_worker": 1, "primary_resource": "extra_gpu", "gpu": false, "verbose": false, "lr_config": {"mode": "log", "steps": 5, "initial_lr": 0.01, "target_lr": 0.01}, "batch_per_device": 128}, "time_since_restore": 89.5523133277893, "timesteps_since_restore": 0, "iterations_since_restore": 2, "mean_throughput": 1339.9962841812494, "atoms": 1, "setup_time": 15.688717603683472}
{"apply": 0.016869401931762694, "batch_time": 0.0317329907719093, "d2h": 0.0007147789001464844, "data_time": 0.001791917454556126, "fwd": 0.0275895357131958, "get_state_time_mean": NaN, "get_state_time_total": 0.0, "grad": 0.04981825351715088, "mean_accuracy": 0.22866666316986084, "mean_loss": 4.269500212287903, "neg_mean_accuracy": -0.30379998683929443, "set_state_time_mean": NaN, "set_state_time_total": 0.0, "setup_model_time_mean": NaN, "setup_model_time_total": 0.0, "setup_proc_time_mean": NaN, "setup_proc_time_total": 0.0, "train_accuracy": 0.2526800036430359, "train_loss": 1.980225013885498, "training_time_mean": NaN, "training_time_total": 0.0, "val_accuracy": 0.30379998683929443, "val_loss": 1.8742947580337523, "validation_time_mean": NaN, "validation_time_total": 0.0, "samples": 60000, "num_workers": 1, "done": false, "timesteps_total": null, "episodes_total": null, "training_iteration": 3, "neg_mean_loss": -4.269500212287903, "experiment_id": "8b59ee852cc54ae89c438372c20ef979", "date": "2019-06-03_04-08-30", "timestamp": 1559560110, "time_this_iter_s": 40.660818576812744, "time_total_s": 130.21313190460205, "pid": 16895, "hostname": "steropes", "node_ip": "169.229.49.254", "config": {"starting_lr": 0.01, "momentum": 0.99, "weight_decay": 0.0005, "steps_per_iteration": null, "pin": false, "model_creator": null, "target_batch_size": 128, "model_string": "resnet50", "min_batch_size": 128, "dataset": "CIFAR", "placement": null, "use_nccl": true, "devices_per_worker": 1, "primary_resource": "extra_gpu", "gpu": false, "verbose": false, "lr_config": {"mode": "log", "steps": 5, "initial_lr": 0.01, "target_lr": 0.01}, "batch_per_device": 128}, "time_since_restore": 130.21313190460205, "timesteps_since_restore": 0, "iterations_since_restore": 3, "mean_throughput": 1382.3447990168331, "atoms": 1, "setup_time": 15.688717603683472}
{"apply": 0.02039051055908203, "batch_time": 0.03189067900935306, "d2h": 0.0006768941879272461, "data_time": 0.001836738927894846, "fwd": 0.02971339225769043, "get_state_time_mean": NaN, "get_state_time_total": 0.0, "grad": 0.04829216003417969, "mean_accuracy": 0.26237499713897705, "mean_loss": 3.625631637907028, "neg_mean_accuracy": -0.3634999990463257, "set_state_time_mean": NaN, "set_state_time_total": 0.0, "setup_model_time_mean": NaN, "setup_model_time_total": 0.0, "setup_proc_time_mean": NaN, "setup_proc_time_total": 0.0, "train_accuracy": 0.3100999891757965, "train_loss": 1.8260104079437256, "training_time_mean": NaN, "training_time_total": 0.0, "val_accuracy": 0.3634999990463257, "val_loss": 1.6940259147644043, "validation_time_mean": NaN, "validation_time_total": 0.0, "samples": 60000, "num_workers": 1, "done": false, "timesteps_total": null, "episodes_total": null, "training_iteration": 4, "neg_mean_loss": -3.625631637907028, "experiment_id": "8b59ee852cc54ae89c438372c20ef979", "date": "2019-06-03_04-09-11", "timestamp": 1559560151, "time_this_iter_s": 40.96379089355469, "time_total_s": 171.17692279815674, "pid": 16895, "hostname": "steropes", "node_ip": "169.229.49.254", "config": {"starting_lr": 0.01, "momentum": 0.99, "weight_decay": 0.0005, "steps_per_iteration": null, "pin": false, "model_creator": null, "target_batch_size": 128, "model_string": "resnet50", "min_batch_size": 128, "dataset": "CIFAR", "placement": null, "use_nccl": true, "devices_per_worker": 1, "primary_resource": "extra_gpu", "gpu": false, "verbose": false, "lr_config": {"mode": "log", "steps": 5, "initial_lr": 0.01, "target_lr": 0.01}, "batch_per_device": 128}, "time_since_restore": 171.17692279815674, "timesteps_since_restore": 0, "iterations_since_restore": 4, "mean_throughput": 1402.0541914504292, "atoms": 1, "setup_time": 15.688717603683472}
{"apply": 0.017824840545654298, "batch_time": 0.03194759465471099, "d2h": 0.0007106304168701172, "data_time": 0.0018000377108678793, "fwd": 0.028459930419921876, "get_state_time_mean": NaN, "get_state_time_total": 0.0, "grad": 0.04797773361206055, "mean_accuracy": 0.2886799931526184, "mean_loss": 3.225888035697937, "neg_mean_accuracy": -0.39389997720718384, "set_state_time_mean": NaN, "set_state_time_total": 0.0, "setup_model_time_mean": NaN, "setup_model_time_total": 0.0, "setup_proc_time_mean": NaN, "setup_proc_time_total": 0.0, "train_accuracy": 0.3468799889087677, "train_loss": 1.7433848263168334, "training_time_mean": NaN, "training_time_total": 0.0, "val_accuracy": 0.39389997720718384, "val_loss": 1.6269136268615723, "validation_time_mean": NaN, "validation_time_total": 0.0, "samples": 60000, "num_workers": 1, "done": false, "timesteps_total": null, "episodes_total": null, "training_iteration": 5, "neg_mean_loss": -3.225888035697937, "experiment_id": "8b59ee852cc54ae89c438372c20ef979", "date": "2019-06-03_04-09-51", "timestamp": 1559560191, "time_this_iter_s": 40.64558267593384, "time_total_s": 211.82250547409058, "pid": 16895, "hostname": "steropes", "node_ip": "169.229.49.254", "config": {"starting_lr": 0.01, "momentum": 0.99, "weight_decay": 0.0005, "steps_per_iteration": null, "pin": false, "model_creator": null, "target_batch_size": 128, "model_string": "resnet50", "min_batch_size": 128, "dataset": "CIFAR", "placement": null, "use_nccl": true, "devices_per_worker": 1, "primary_resource": "extra_gpu", "gpu": false, "verbose": false, "lr_config": {"mode": "log", "steps": 5, "initial_lr": 0.01, "target_lr": 0.01}, "batch_per_device": 128}, "time_since_restore": 211.82250547409058, "timesteps_since_restore": 0, "iterations_since_restore": 5, "mean_throughput": 1416.2763479076982, "atoms": 1, "setup_time": 15.688717603683472}
{"apply": 0.01713390350341797, "batch_time": 0.03178091290630872, "d2h": 0.0007044076919555664, "data_time": 0.001797524864411415, "fwd": 0.02820429801940918, "get_state_time_mean": NaN, "get_state_time_total": 0.0, "grad": 0.04791083335876465, "mean_accuracy": 0.3425199896097183, "mean_loss": 1.7559449230194093, "neg_mean_accuracy": -0.4197999835014343, "set_state_time_mean": NaN, "set_state_time_total": 0.0, "setup_model_time_mean": NaN, "setup_model_time_total": 0.0, "setup_proc_time_mean": NaN, "setup_proc_time_total": 0.0, "train_accuracy": 0.38179999589920044, "train_loss": 1.6618852411270142, "training_time_mean": NaN, "training_time_total": 0.0, "val_accuracy": 0.4197999835014343, "val_loss": 1.5599787855148315, "validation_time_mean": NaN, "validation_time_total": 0.0, "samples": 60000, "num_workers": 1, "done": false, "timesteps_total": null, "episodes_total": null, "training_iteration": 6, "neg_mean_loss": -1.7559449230194093, "experiment_id": "8b59ee852cc54ae89c438372c20ef979", "date": "2019-06-03_04-10-32", "timestamp": 1559560232, "time_this_iter_s": 40.61209464073181, "time_total_s": 252.4346001148224, "pid": 16895, "hostname": "steropes", "node_ip": "169.229.49.254", "config": {"starting_lr": 0.01, "momentum": 0.99, "weight_decay": 0.0005, "steps_per_iteration": null, "pin": false, "model_creator": null, "target_batch_size": 128, "model_string": "resnet50", "min_batch_size": 128, "dataset": "CIFAR", "placement": null, "use_nccl": true, "devices_per_worker": 1, "primary_resource": "extra_gpu", "gpu": false, "verbose": false, "lr_config": {"mode": "log", "steps": 5, "initial_lr": 0.01, "target_lr": 0.01}, "batch_per_device": 128}, "time_since_restore": 252.4346001148224, "timesteps_since_restore": 0, "iterations_since_restore": 6, "mean_throughput": 1469.5992883814818, "atoms": 1, "setup_time": 15.688717603683472}
{"apply": 0.017798256874084473, "batch_time": 0.03157226948798457, "d2h": 0.0006910562515258789, "data_time": 0.0018468397047818469, "fwd": 0.0293410062789917, "get_state_time_mean": NaN, "get_state_time_total": 0.0, "grad": 0.04819939136505127, "mean_accuracy": 0.3856599867343903, "mean_loss": 1.647724146194458, "neg_mean_accuracy": -0.447299987077713, "set_state_time_mean": NaN, "set_state_time_total": 0.0, "setup_model_time_mean": NaN, "setup_model_time_total": 0.0, "setup_proc_time_mean": NaN, "setup_proc_time_total": 0.0, "train_accuracy": 0.4159199893474579, "train_loss": 1.5848663064956665, "training_time_mean": NaN, "training_time_total": 0.0, "val_accuracy": 0.447299987077713, "val_loss": 1.4834076457977294, "validation_time_mean": NaN, "validation_time_total": 0.0, "samples": 60000, "num_workers": 1, "done": false, "timesteps_total": null, "episodes_total": null, "training_iteration": 7, "neg_mean_loss": -1.647724146194458, "experiment_id": "8b59ee852cc54ae89c438372c20ef979", "date": "2019-06-03_04-11-13", "timestamp": 1559560273, "time_this_iter_s": 40.79466795921326, "time_total_s": 293.22926807403564, "pid": 16895, "hostname": "steropes", "node_ip": "169.229.49.254", "config": {"starting_lr": 0.01, "momentum": 0.99, "weight_decay": 0.0005, "steps_per_iteration": null, "pin": false, "model_creator": null, "target_batch_size": 128, "model_string": "resnet50", "min_batch_size": 128, "dataset": "CIFAR", "placement": null, "use_nccl": true, "devices_per_worker": 1, "primary_resource": "extra_gpu", "gpu": false, "verbose": false, "lr_config": {"mode": "log", "steps": 5, "initial_lr": 0.01, "target_lr": 0.01}, "batch_per_device": 128}, "time_since_restore": 293.22926807403564, "timesteps_since_restore": 0, "iterations_since_restore": 7, "mean_throughput": 1472.9166777943883, "atoms": 1, "setup_time": 15.688717603683472}
{"apply": 0.016977572441101076, "batch_time": 0.03183469893057135, "d2h": 0.0006963253021240234, "data_time": 0.0018441561237930338, "fwd": 0.027754712104797363, "get_state_time_mean": NaN, "get_state_time_total": 0.0, "grad": 0.04814093112945557, "mean_accuracy": 0.41451998949050906, "mean_loss": 1.5782792548370361, "neg_mean_accuracy": -0.4481000006198883, "set_state_time_mean": NaN, "set_state_time_total": 0.0, "setup_model_time_mean": NaN, "setup_model_time_total": 0.0, "setup_proc_time_mean": NaN, "setup_proc_time_total": 0.0, "train_accuracy": 0.4468799829483032, "train_loss": 1.504743977432251, "training_time_mean": NaN, "training_time_total": 0.0, "val_accuracy": 0.4481000006198883, "val_loss": 1.5270703012466431, "validation_time_mean": NaN, "validation_time_total": 0.0, "samples": 60000, "num_workers": 1, "done": false, "timesteps_total": null, "episodes_total": null, "training_iteration": 8, "neg_mean_loss": -1.5782792548370361, "experiment_id": "8b59ee852cc54ae89c438372c20ef979", "date": "2019-06-03_04-11-53", "timestamp": 1559560313, "time_this_iter_s": 40.698471546173096, "time_total_s": 333.92773962020874, "pid": 16895, "hostname": "steropes", "node_ip": "169.229.49.254", "config": {"starting_lr": 0.01, "momentum": 0.99, "weight_decay": 0.0005, "steps_per_iteration": null, "pin": false, "model_creator": null, "target_batch_size": 128, "model_string": "resnet50", "min_batch_size": 128, "dataset": "CIFAR", "placement": null, "use_nccl": true, "devices_per_worker": 1, "primary_resource": "extra_gpu", "gpu": false, "verbose": false, "lr_config": {"mode": "log", "steps": 5, "initial_lr": 0.01, "target_lr": 0.01}, "batch_per_device": 128}, "time_since_restore": 333.92773962020874, "timesteps_since_restore": 0, "iterations_since_restore": 8, "mean_throughput": 1472.6454654031215, "atoms": 1, "setup_time": 15.688717603683472}
{"apply": 0.018251490592956544, "batch_time": 0.031567980971517445, "d2h": 0.0007208824157714844, "data_time": 0.0017886106925242393, "fwd": 0.02935371398925781, "get_state_time_mean": NaN, "get_state_time_total": 0.0, "grad": 0.048312830924987796, "mean_accuracy": 0.44003998637199404, "mean_loss": 1.5183282828521727, "neg_mean_accuracy": -0.4910999834537506, "set_state_time_mean": NaN, "set_state_time_total": 0.0, "setup_model_time_mean": NaN, "setup_model_time_total": 0.0, "setup_proc_time_mean": NaN, "setup_proc_time_total": 0.0, "train_accuracy": 0.46737998723983765, "train_loss": 1.461072105140686, "training_time_mean": NaN, "training_time_total": 0.0, "val_accuracy": 0.4910999834537506, "val_loss": 1.3942710548400878, "validation_time_mean": NaN, "validation_time_total": 0.0, "samples": 60000, "num_workers": 1, "done": false, "timesteps_total": null, "episodes_total": null, "training_iteration": 9, "neg_mean_loss": -1.5183282828521727, "experiment_id": "8b59ee852cc54ae89c438372c20ef979", "date": "2019-06-03_04-12-34", "timestamp": 1559560354, "time_this_iter_s": 40.57307553291321, "time_total_s": 374.50081515312195, "pid": 16895, "hostname": "steropes", "node_ip": "169.229.49.254", "config": {"starting_lr": 0.01, "momentum": 0.99, "weight_decay": 0.0005, "steps_per_iteration": null, "pin": false, "model_creator": null, "target_batch_size": 128, "model_string": "resnet50", "min_batch_size": 128, "dataset": "CIFAR", "placement": null, "use_nccl": true, "devices_per_worker": 1, "primary_resource": "extra_gpu", "gpu": false, "verbose": false, "lr_config": {"mode": "log", "steps": 5, "initial_lr": 0.01, "target_lr": 0.01}, "batch_per_device": 128}, "time_since_restore": 374.50081515312195, "timesteps_since_restore": 0, "iterations_since_restore": 9, "mean_throughput": 1475.475380315087, "atoms": 1, "setup_time": 15.688717603683472}
{"apply": 0.017773652076721193, "batch_time": 0.031889127779610546, "d2h": 0.0007271289825439454, "data_time": 0.0017997309984758383, "fwd": 0.028239130973815918, "get_state_time_mean": NaN, "get_state_time_total": 0.0, "grad": 0.0477766752243042, "mean_accuracy": 0.46727998852729796, "mean_loss": 1.4500304508972168, "neg_mean_accuracy": -0.5300999879837036, "set_state_time_mean": NaN, "set_state_time_total": 0.0, "setup_model_time_mean": NaN, "setup_model_time_total": 0.0, "setup_proc_time_mean": NaN, "setup_proc_time_total": 0.0, "train_accuracy": 0.488319993019104, "train_loss": 1.4014197590637207, "training_time_mean": NaN, "training_time_total": 0.0, "val_accuracy": 0.5300999879837036, "val_loss": 1.285424467086792, "validation_time_mean": NaN, "validation_time_total": 0.0, "samples": 60000, "num_workers": 1, "done": false, "timesteps_total": null, "episodes_total": null, "training_iteration": 10, "neg_mean_loss": -1.4500304508972168, "experiment_id": "8b59ee852cc54ae89c438372c20ef979", "date": "2019-06-03_04-13-14", "timestamp": 1559560394, "time_this_iter_s": 40.57829785346985, "time_total_s": 415.0791130065918, "pid": 16895, "hostname": "steropes", "node_ip": "169.229.49.254", "config": {"starting_lr": 0.01, "momentum": 0.99, "weight_decay": 0.0005, "steps_per_iteration": null, "pin": false, "model_creator": null, "target_batch_size": 128, "model_string": "resnet50", "min_batch_size": 128, "dataset": "CIFAR", "placement": null, "use_nccl": true, "devices_per_worker": 1, "primary_resource": "extra_gpu", "gpu": false, "verbose": false, "lr_config": {"mode": "log", "steps": 5, "initial_lr": 0.01, "target_lr": 0.01}, "batch_per_device": 128}, "time_since_restore": 415.0791130065918, "timesteps_since_restore": 0, "iterations_since_restore": 10, "mean_throughput": 1475.9638082040788, "atoms": 1, "setup_time": 15.688717603683472}
{"apply": 0.01779170036315918, "batch_time": 0.03174170361289495, "d2h": 0.0006855964660644531, "data_time": 0.0017632486875099904, "fwd": 0.027933263778686525, "get_state_time_mean": NaN, "get_state_time_total": 0.0, "grad": 0.0471531867980957, "mean_accuracy": 0.4916199862957001, "mean_loss": 1.3903688344955445, "neg_mean_accuracy": -0.5414999723434448, "set_state_time_mean": NaN, "set_state_time_total": 0.0, "setup_model_time_mean": NaN, "setup_model_time_total": 0.0, "setup_proc_time_mean": NaN, "setup_proc_time_total": 0.0, "train_accuracy": 0.5195599794387817, "train_loss": 1.3347944631958009, "training_time_mean": NaN, "training_time_total": 0.0, "val_accuracy": 0.5414999723434448, "val_loss": 1.2616707035064698, "validation_time_mean": NaN, "validation_time_total": 0.0, "samples": 60000, "num_workers": 1, "done": false, "timesteps_total": null, "episodes_total": null, "training_iteration": 11, "neg_mean_loss": -1.3903688344955445, "experiment_id": "8b59ee852cc54ae89c438372c20ef979", "date": "2019-06-03_04-13-55", "timestamp": 1559560435, "time_this_iter_s": 40.525089263916016, "time_total_s": 455.6042022705078, "pid": 16895, "hostname": "steropes", "node_ip": "169.229.49.254", "config": {"starting_lr": 0.01, "momentum": 0.99, "weight_decay": 0.0005, "steps_per_iteration": null, "pin": false, "model_creator": null, "target_batch_size": 128, "model_string": "resnet50", "min_batch_size": 128, "dataset": "CIFAR", "placement": null, "use_nccl": true, "devices_per_worker": 1, "primary_resource": "extra_gpu", "gpu": false, "verbose": false, "lr_config": {"mode": "log", "steps": 5, "initial_lr": 0.01, "target_lr": 0.01}, "batch_per_device": 128}, "time_since_restore": 455.6042022705078, "timesteps_since_restore": 0, "iterations_since_restore": 11, "mean_throughput": 1476.5959033221227, "atoms": 1, "setup_time": 15.688717603683472}
{"apply": 0.017477202415466308, "batch_time": 0.031944051573548134, "d2h": 0.0006893157958984375, "data_time": 0.0017647737127435786, "fwd": 0.027604889869689942, "get_state_time_mean": NaN, "get_state_time_total": 0.0, "grad": 0.04766724109649658, "mean_accuracy": 0.5176999807357788, "mean_loss": 1.3254198548126221, "neg_mean_accuracy": -0.5776999592781067, "set_state_time_mean": NaN, "set_state_time_total": 0.0, "setup_model_time_mean": NaN, "setup_model_time_total": 0.0, "setup_proc_time_mean": NaN, "setup_proc_time_total": 0.0, "train_accuracy": 0.542419970035553, "train_loss": 1.2741161475372313, "training_time_mean": NaN, "training_time_total": 0.0, "val_accuracy": 0.5776999592781067, "val_loss": 1.1586627473831177, "validation_time_mean": NaN, "validation_time_total": 0.0, "samples": 60000, "num_workers": 1, "done": false, "timesteps_total": null, "episodes_total": null, "training_iteration": 12, "neg_mean_loss": -1.3254198548126221, "experiment_id": "8b59ee852cc54ae89c438372c20ef979", "date": "2019-06-03_04-14-36", "timestamp": 1559560476, "time_this_iter_s": 40.79665470123291, "time_total_s": 496.4008569717407, "pid": 16895, "hostname": "steropes", "node_ip": "169.229.49.254", "config": {"starting_lr": 0.01, "momentum": 0.99, "weight_decay": 0.0005, "steps_per_iteration": null, "pin": false, "model_creator": null, "target_batch_size": 128, "model_string": "resnet50", "min_batch_size": 128, "dataset": "CIFAR", "placement": null, "use_nccl": true, "devices_per_worker": 1, "primary_resource": "extra_gpu", "gpu": false, "verbose": false, "lr_config": {"mode": "log", "steps": 5, "initial_lr": 0.01, "target_lr": 0.01}, "batch_per_device": 128}, "time_since_restore": 496.4008569717407, "timesteps_since_restore": 0, "iterations_since_restore": 12, "mean_throughput": 1476.581479844392, "atoms": 1, "setup_time": 15.688717603683472}
{"apply": 0.017184519767761232, "batch_time": 0.031819397890115085, "d2h": 0.0006760597229003906, "data_time": 0.0018384895666176096, "fwd": 0.027824950218200684, "get_state_time_mean": NaN, "get_state_time_total": 0.0, "grad": 0.04737060070037842, "mean_accuracy": 0.548779982328415, "mean_loss": 1.2406808459854126, "neg_mean_accuracy": -0.6035000085830688, "set_state_time_mean": NaN, "set_state_time_total": 0.0, "setup_model_time_mean": NaN, "setup_model_time_total": 0.0, "setup_proc_time_mean": NaN, "setup_proc_time_total": 0.0, "train_accuracy": 0.565779983997345, "train_loss": 1.2190395925903321, "training_time_mean": NaN, "training_time_total": 0.0, "val_accuracy": 0.6035000085830688, "val_loss": 1.1033752571105957, "validation_time_mean": NaN, "validation_time_total": 0.0, "samples": 60000, "num_workers": 1, "done": false, "timesteps_total": null, "episodes_total": null, "training_iteration": 13, "neg_mean_loss": -1.2406808459854126, "experiment_id": "8b59ee852cc54ae89c438372c20ef979", "date": "2019-06-03_04-15-17", "timestamp": 1559560517, "time_this_iter_s": 40.95214343070984, "time_total_s": 537.3530004024506, "pid": 16895, "hostname": "steropes", "node_ip": "169.229.49.254", "config": {"starting_lr": 0.01, "momentum": 0.99, "weight_decay": 0.0005, "steps_per_iteration": null, "pin": false, "model_creator": null, "target_batch_size": 128, "model_string": "resnet50", "min_batch_size": 128, "dataset": "CIFAR", "placement": null, "use_nccl": true, "devices_per_worker": 1, "primary_resource": "extra_gpu", "gpu": false, "verbose": false, "lr_config": {"mode": "log", "steps": 5, "initial_lr": 0.01, "target_lr": 0.01}, "batch_per_device": 128}, "time_since_restore": 537.3530004024506, "timesteps_since_restore": 0, "iterations_since_restore": 13, "mean_throughput": 1474.7397673212151, "atoms": 1, "setup_time": 15.688717603683472}
{"apply": 0.01865231990814209, "batch_time": 0.032135320615164845, "d2h": 0.0006795644760131836, "data_time": 0.0017879155590711042, "fwd": 0.02876753807067871, "get_state_time_mean": NaN, "get_state_time_total": 0.0, "grad": 0.04781806468963623, "mean_accuracy": 0.5662199854850769, "mean_loss": 1.2033149537277221, "neg_mean_accuracy": -0.5782999992370605, "set_state_time_mean": NaN, "set_state_time_total": 0.0, "setup_model_time_mean": NaN, "setup_model_time_total": 0.0, "setup_proc_time_mean": NaN, "setup_proc_time_total": 0.0, "train_accuracy": 0.5834800004959106, "train_loss": 1.1719293041992187, "training_time_mean": NaN, "training_time_total": 0.0, "val_accuracy": 0.5782999992370605, "val_loss": 1.2074415935516358, "validation_time_mean": NaN, "validation_time_total": 0.0, "samples": 60000, "num_workers": 1, "done": false, "timesteps_total": null, "episodes_total": null, "training_iteration": 14, "neg_mean_loss": -1.2033149537277221, "experiment_id": "8b59ee852cc54ae89c438372c20ef979", "date": "2019-06-03_04-15-58", "timestamp": 1559560558, "time_this_iter_s": 40.81518363952637, "time_total_s": 578.1681840419769, "pid": 16895, "hostname": "steropes", "node_ip": "169.229.49.254", "config": {"starting_lr": 0.01, "momentum": 0.99, "weight_decay": 0.0005, "steps_per_iteration": null, "pin": false, "model_creator": null, "target_batch_size": 128, "model_string": "resnet50", "min_batch_size": 128, "dataset": "CIFAR", "placement": null, "use_nccl": true, "devices_per_worker": 1, "primary_resource": "extra_gpu", "gpu": false, "verbose": false, "lr_config": {"mode": "log", "steps": 5, "initial_lr": 0.01, "target_lr": 0.01}, "batch_per_device": 128}, "time_since_restore": 578.1681840419769, "timesteps_since_restore": 0, "iterations_since_restore": 14, "mean_throughput": 1472.986719571004, "atoms": 1, "setup_time": 15.688717603683472}
{"apply": 0.017472362518310545, "batch_time": 0.03360176690017121, "d2h": 0.0007245302200317383, "data_time": 0.0018076933253451685, "fwd": 0.028275537490844726, "get_state_time_mean": NaN, "get_state_time_total": 0.0, "grad": 0.04772336483001709, "mean_accuracy": 0.5885999798774719, "mean_loss": 1.1478660067367552, "neg_mean_accuracy": -0.6419999599456787, "set_state_time_mean": NaN, "set_state_time_total": 0.0, "setup_model_time_mean": NaN, "setup_model_time_total": 0.0, "setup_proc_time_mean": NaN, "setup_proc_time_total": 0.0, "train_accuracy": 0.6064599752426147, "train_loss": 1.1040017252731322, "training_time_mean": NaN, "training_time_total": 0.0, "val_accuracy": 0.6419999599456787, "val_loss": 1.008179732131958, "validation_time_mean": NaN, "validation_time_total": 0.0, "samples": 60000, "num_workers": 1, "done": false, "timesteps_total": null, "episodes_total": null, "training_iteration": 15, "neg_mean_loss": -1.1478660067367552, "experiment_id": "8b59ee852cc54ae89c438372c20ef979", "date": "2019-06-03_04-16-38", "timestamp": 1559560598, "time_this_iter_s": 40.83951807022095, "time_total_s": 619.0077021121979, "pid": 16895, "hostname": "steropes", "node_ip": "169.229.49.254", "config": {"starting_lr": 0.01, "momentum": 0.99, "weight_decay": 0.0005, "steps_per_iteration": null, "pin": false, "model_creator": null, "target_batch_size": 128, "model_string": "resnet50", "min_batch_size": 128, "dataset": "CIFAR", "placement": null, "use_nccl": true, "devices_per_worker": 1, "primary_resource": "extra_gpu", "gpu": false, "verbose": false, "lr_config": {"mode": "log", "steps": 5, "initial_lr": 0.01, "target_lr": 0.01}, "batch_per_device": 128}, "time_since_restore": 619.0077021121979, "timesteps_since_restore": 0, "iterations_since_restore": 15, "mean_throughput": 1471.0999269998238, "atoms": 1, "setup_time": 15.688717603683472}
{"apply": 0.017139101028442384, "batch_time": 0.03179425529286831, "d2h": 0.0006878852844238281, "data_time": 0.0018365913644776016, "fwd": 0.028149223327636717, "get_state_time_mean": NaN, "get_state_time_total": 0.0, "grad": 0.04831545352935791, "mean_accuracy": 0.610159981250763, "mean_loss": 1.097672857913971, "neg_mean_accuracy": -0.6492999792098999, "set_state_time_mean": NaN, "set_state_time_total": 0.0, "setup_model_time_mean": NaN, "setup_model_time_total": 0.0, "setup_proc_time_mean": NaN, "setup_proc_time_total": 0.0, "train_accuracy": 0.6306399703025818, "train_loss": 1.0448196474456788, "training_time_mean": NaN, "training_time_total": 0.0, "val_accuracy": 0.6492999792098999, "val_loss": 1.0107049593925477, "validation_time_mean": NaN, "validation_time_total": 0.0, "samples": 60000, "num_workers": 1, "done": false, "timesteps_total": null, "episodes_total": null, "training_iteration": 16, "neg_mean_loss": -1.097672857913971, "experiment_id": "8b59ee852cc54ae89c438372c20ef979", "date": "2019-06-03_04-17-19", "timestamp": 1559560639, "time_this_iter_s": 40.97292137145996, "time_total_s": 659.9806234836578, "pid": 16895, "hostname": "steropes", "node_ip": "169.229.49.254", "config": {"starting_lr": 0.01, "momentum": 0.99, "weight_decay": 0.0005, "steps_per_iteration": null, "pin": false, "model_creator": null, "target_batch_size": 128, "model_string": "resnet50", "min_batch_size": 128, "dataset": "CIFAR", "placement": null, "use_nccl": true, "devices_per_worker": 1, "primary_resource": "extra_gpu", "gpu": false, "verbose": false, "lr_config": {"mode": "log", "steps": 5, "initial_lr": 0.01, "target_lr": 0.01}, "batch_per_device": 128}, "time_since_restore": 659.9806234836578, "timesteps_since_restore": 0, "iterations_since_restore": 16, "mean_throughput": 1467.8763941021114, "atoms": 1, "setup_time": 15.688717603683472}
{"apply": 0.01707761287689209, "batch_time": 0.03171191638029074, "d2h": 0.000695180892944336, "data_time": 0.0018118171740675827, "fwd": 0.027976322174072265, "get_state_time_mean": NaN, "get_state_time_total": 0.0, "grad": 0.047572207450866696, "mean_accuracy": 0.6300999879837036, "mean_loss": 1.0515713967323301, "neg_mean_accuracy": -0.6773999929428101, "set_state_time_mean": NaN, "set_state_time_total": 0.0, "setup_model_time_mean": NaN, "setup_model_time_total": 0.0, "setup_proc_time_mean": NaN, "setup_proc_time_total": 0.0, "train_accuracy": 0.6413999795913696, "train_loss": 1.022822307548523, "training_time_mean": NaN, "training_time_total": 0.0, "val_accuracy": 0.6773999929428101, "val_loss": 0.9281554414749146, "validation_time_mean": NaN, "validation_time_total": 0.0, "samples": 60000, "num_workers": 1, "done": false, "timesteps_total": null, "episodes_total": null, "training_iteration": 17, "neg_mean_loss": -1.0515713967323301, "experiment_id": "8b59ee852cc54ae89c438372c20ef979", "date": "2019-06-03_04-18-00", "timestamp": 1559560680, "time_this_iter_s": 40.85452175140381, "time_total_s": 700.8351452350616, "pid": 16895, "hostname": "steropes", "node_ip": "169.229.49.254", "config": {"starting_lr": 0.01, "momentum": 0.99, "weight_decay": 0.0005, "steps_per_iteration": null, "pin": false, "model_creator": null, "target_batch_size": 128, "model_string": "resnet50", "min_batch_size": 128, "dataset": "CIFAR", "placement": null, "use_nccl": true, "devices_per_worker": 1, "primary_resource": "extra_gpu", "gpu": false, "verbose": false, "lr_config": {"mode": "log", "steps": 5, "initial_lr": 0.01, "target_lr": 0.01}, "batch_per_device": 128}, "time_since_restore": 700.8351452350616, "timesteps_since_restore": 0, "iterations_since_restore": 17, "mean_throughput": 1467.460862864042, "atoms": 1, "setup_time": 15.688717603683472}
{"apply": 0.017144179344177245, "batch_time": 0.03195857699913315, "d2h": 0.0007026195526123047, "data_time": 0.001806342693241051, "fwd": 0.028199172019958495, "get_state_time_mean": NaN, "get_state_time_total": 0.0, "grad": 0.04848620891571045, "mean_accuracy": 0.6416799783706665, "mean_loss": 1.0258188111495972, "neg_mean_accuracy": -0.6613999605178833, "set_state_time_mean": NaN, "set_state_time_total": 0.0, "setup_model_time_mean": NaN, "setup_model_time_total": 0.0, "setup_proc_time_mean": NaN, "setup_proc_time_total": 0.0, "train_accuracy": 0.652999997138977, "train_loss": 0.9888340011405945, "training_time_mean": NaN, "training_time_total": 0.0, "val_accuracy": 0.6613999605178833, "val_loss": 0.97461232919693, "validation_time_mean": NaN, "validation_time_total": 0.0, "samples": 60000, "num_workers": 1, "done": false, "timesteps_total": null, "episodes_total": null, "training_iteration": 18, "neg_mean_loss": -1.0258188111495972, "experiment_id": "8b59ee852cc54ae89c438372c20ef979", "date": "2019-06-03_04-18-41", "timestamp": 1559560721, "time_this_iter_s": 40.563310861587524, "time_total_s": 741.3984560966492, "pid": 16895, "hostname": "steropes", "node_ip": "169.229.49.254", "config": {"starting_lr": 0.01, "momentum": 0.99, "weight_decay": 0.0005, "steps_per_iteration": null, "pin": false, "model_creator": null, "target_batch_size": 128, "model_string": "resnet50", "min_batch_size": 128, "dataset": "CIFAR", "placement": null, "use_nccl": true, "devices_per_worker": 1, "primary_resource": "extra_gpu", "gpu": false, "verbose": false, "lr_config": {"mode": "log", "steps": 5, "initial_lr": 0.01, "target_lr": 0.01}, "batch_per_device": 128}, "time_since_restore": 741.3984560966492, "timesteps_since_restore": 0, "iterations_since_restore": 18, "mean_throughput": 1470.257739269502, "atoms": 1, "setup_time": 15.688717603683472}
{"apply": 0.017095303535461424, "batch_time": 0.0316830134089989, "d2h": 0.0006690263748168945, "data_time": 0.0018015670044647762, "fwd": 0.02774937152862549, "get_state_time_mean": NaN, "get_state_time_total": 0.0, "grad": 0.04739992618560791, "mean_accuracy": 0.6640199780464172, "mean_loss": 0.9588353743934632, "neg_mean_accuracy": -0.6899999976158142, "set_state_time_mean": NaN, "set_state_time_total": 0.0, "setup_model_time_mean": NaN, "setup_model_time_total": 0.0, "setup_proc_time_mean": NaN, "setup_proc_time_total": 0.0, "train_accuracy": 0.6618199944496155, "train_loss": 0.9666971127319336, "training_time_mean": NaN, "training_time_total": 0.0, "val_accuracy": 0.6899999976158142, "val_loss": 0.8725244097709656, "validation_time_mean": NaN, "validation_time_total": 0.0, "samples": 60000, "num_workers": 1, "done": false, "timesteps_total": null, "episodes_total": null, "training_iteration": 19, "neg_mean_loss": -0.9588353743934632, "experiment_id": "8b59ee852cc54ae89c438372c20ef979", "date": "2019-06-03_04-19-21", "timestamp": 1559560761, "time_this_iter_s": 40.49334239959717, "time_total_s": 781.8917984962463, "pid": 16895, "hostname": "steropes", "node_ip": "169.229.49.254", "config": {"starting_lr": 0.01, "momentum": 0.99, "weight_decay": 0.0005, "steps_per_iteration": null, "pin": false, "model_creator": null, "target_batch_size": 128, "model_string": "resnet50", "min_batch_size": 128, "dataset": "CIFAR", "placement": null, "use_nccl": true, "devices_per_worker": 1, "primary_resource": "extra_gpu", "gpu": false, "verbose": false, "lr_config": {"mode": "log", "steps": 5, "initial_lr": 0.01, "target_lr": 0.01}, "batch_per_device": 128}, "time_since_restore": 781.8917984962463, "timesteps_since_restore": 0, "iterations_since_restore": 19, "mean_throughput": 1472.5804210692645, "atoms": 1, "setup_time": 15.688717603683472}
{"apply": 0.017127490043640135, "batch_time": 0.03194163720819015, "d2h": 0.0006993293762207031, "data_time": 0.0018100116563879926, "fwd": 0.028515434265136717, "get_state_time_mean": NaN, "get_state_time_total": 0.0, "grad": 0.04901723861694336, "mean_accuracy": 0.6764599800109863, "mean_loss": 0.9340038232803345, "neg_mean_accuracy": -0.7041999697685242, "set_state_time_mean": NaN, "set_state_time_total": 0.0, "setup_model_time_mean": NaN, "setup_model_time_total": 0.0, "setup_proc_time_mean": NaN, "setup_proc_time_total": 0.0, "train_accuracy": 0.6815599799156189, "train_loss": 0.9202753147315978, "training_time_mean": NaN, "training_time_total": 0.0, "val_accuracy": 0.7041999697685242, "val_loss": 0.8840219765663146, "validation_time_mean": NaN, "validation_time_total": 0.0, "samples": 60000, "num_workers": 1, "done": false, "timesteps_total": null, "episodes_total": null, "training_iteration": 20, "neg_mean_loss": -0.9340038232803345, "experiment_id": "8b59ee852cc54ae89c438372c20ef979", "date": "2019-06-03_04-20-02", "timestamp": 1559560802, "time_this_iter_s": 40.79979753494263, "time_total_s": 822.691596031189, "pid": 16895, "hostname": "steropes", "node_ip": "169.229.49.254", "config": {"starting_lr": 0.01, "momentum": 0.99, "weight_decay": 0.0005, "steps_per_iteration": null, "pin": false, "model_creator": null, "target_batch_size": 128, "model_string": "resnet50", "min_batch_size": 128, "dataset": "CIFAR", "placement": null, "use_nccl": true, "devices_per_worker": 1, "primary_resource": "extra_gpu", "gpu": false, "verbose": false, "lr_config": {"mode": "log", "steps": 5, "initial_lr": 0.01, "target_lr": 0.01}, "batch_per_device": 128}, "time_since_restore": 822.691596031189, "timesteps_since_restore": 0, "iterations_since_restore": 20, "mean_throughput": 1472.8676083786595, "atoms": 1, "setup_time": 15.688717603683472}
{"apply": 0.01706562042236328, "batch_time": 0.031824051579342615, "d2h": 0.0007199764251708985, "data_time": 0.0017634779595962875, "fwd": 0.02776446342468262, "get_state_time_mean": NaN, "get_state_time_total": 0.0, "grad": 0.04806585311889648, "mean_accuracy": 0.6806599855422973, "mean_loss": 0.929219187259674, "neg_mean_accuracy": -0.6703000068664551, "set_state_time_mean": NaN, "set_state_time_total": 0.0, "setup_model_time_mean": NaN, "setup_model_time_total": 0.0, "setup_proc_time_mean": NaN, "setup_proc_time_total": 0.0, "train_accuracy": 0.6876400113105774, "train_loss": 0.9060899435043335, "training_time_mean": NaN, "training_time_total": 0.0, "val_accuracy": 0.6703000068664551, "val_loss": 0.9867817792892456, "validation_time_mean": NaN, "validation_time_total": 0.0, "samples": 60000, "num_workers": 1, "done": false, "timesteps_total": null, "episodes_total": null, "training_iteration": 21, "neg_mean_loss": -0.929219187259674, "experiment_id": "8b59ee852cc54ae89c438372c20ef979", "date": "2019-06-03_04-20-43", "timestamp": 1559560843, "time_this_iter_s": 40.782156229019165, "time_total_s": 863.4737522602081, "pid": 16895, "hostname": "steropes", "node_ip": "169.229.49.254", "config": {"starting_lr": 0.01, "momentum": 0.99, "weight_decay": 0.0005, "steps_per_iteration": null, "pin": false, "model_creator": null, "target_batch_size": 128, "model_string": "resnet50", "min_batch_size": 128, "dataset": "CIFAR", "placement": null, "use_nccl": true, "devices_per_worker": 1, "primary_resource": "extra_gpu", "gpu": false, "verbose": false, "lr_config": {"mode": "log", "steps": 5, "initial_lr": 0.01, "target_lr": 0.01}, "batch_per_device": 128}, "time_since_restore": 863.4737522602081, "timesteps_since_restore": 0, "iterations_since_restore": 21, "mean_throughput": 1474.2484112636182, "atoms": 1, "setup_time": 15.688717603683472}
{"apply": 0.017322635650634764, "batch_time": 0.03198257579079157, "d2h": 0.0007265806198120117, "data_time": 0.0017975138886200497, "fwd": 0.02817058563232422, "get_state_time_mean": NaN, "get_state_time_total": 0.0, "grad": 0.04831533432006836, "mean_accuracy": 0.6832399845123291, "mean_loss": 0.923378494644165, "neg_mean_accuracy": -0.6902999877929688, "set_state_time_mean": NaN, "set_state_time_total": 0.0, "setup_model_time_mean": NaN, "setup_model_time_total": 0.0, "setup_proc_time_mean": NaN, "setup_proc_time_total": 0.0, "train_accuracy": 0.6899600028991699, "train_loss": 0.898793809337616, "training_time_mean": NaN, "training_time_total": 0.0, "val_accuracy": 0.6902999877929688, "val_loss": 0.8989519783973694, "validation_time_mean": NaN, "validation_time_total": 0.0, "samples": 60000, "num_workers": 1, "done": false, "timesteps_total": null, "episodes_total": null, "training_iteration": 22, "neg_mean_loss": -0.923378494644165, "experiment_id": "8b59ee852cc54ae89c438372c20ef979", "date": "2019-06-03_04-21-24", "timestamp": 1559560884, "time_this_iter_s": 40.75145602226257, "time_total_s": 904.2252082824707, "pid": 16895, "hostname": "steropes", "node_ip": "169.229.49.254", "config": {"starting_lr": 0.01, "momentum": 0.99, "weight_decay": 0.0005, "steps_per_iteration": null, "pin": false, "model_creator": null, "target_batch_size": 128, "model_string": "resnet50", "min_batch_size": 128, "dataset": "CIFAR", "placement": null, "use_nccl": true, "devices_per_worker": 1, "primary_resource": "extra_gpu", "gpu": false, "verbose": false, "lr_config": {"mode": "log", "steps": 5, "initial_lr": 0.01, "target_lr": 0.01}, "batch_per_device": 128}, "time_since_restore": 904.2252082824707, "timesteps_since_restore": 0, "iterations_since_restore": 22, "mean_throughput": 1474.9955437134233, "atoms": 1, "setup_time": 15.688717603683472}
{"apply": 0.01699979305267334, "batch_time": 0.03173910515217841, "d2h": 0.0006945371627807617, "data_time": 0.0017851210006362642, "fwd": 0.02753477096557617, "get_state_time_mean": NaN, "get_state_time_total": 0.0, "grad": 0.049190831184387204, "mean_accuracy": 0.6945599913597107, "mean_loss": 0.8935985288238525, "neg_mean_accuracy": -0.7179999947547913, "set_state_time_mean": NaN, "set_state_time_total": 0.0, "setup_model_time_mean": NaN, "setup_model_time_total": 0.0, "setup_proc_time_mean": NaN, "setup_proc_time_total": 0.0, "train_accuracy": 0.6984399557113647, "train_loss": 0.8764738247299194, "training_time_mean": NaN, "training_time_total": 0.0, "val_accuracy": 0.7179999947547913, "val_loss": 0.8257125000953675, "validation_time_mean": NaN, "validation_time_total": 0.0, "samples": 60000, "num_workers": 1, "done": false, "timesteps_total": null, "episodes_total": null, "training_iteration": 23, "neg_mean_loss": -0.8935985288238525, "experiment_id": "8b59ee852cc54ae89c438372c20ef979", "date": "2019-06-03_04-22-04", "timestamp": 1559560924, "time_this_iter_s": 40.70651865005493, "time_total_s": 944.9317269325256, "pid": 16895, "hostname": "steropes", "node_ip": "169.229.49.254", "config": {"starting_lr": 0.01, "momentum": 0.99, "weight_decay": 0.0005, "steps_per_iteration": null, "pin": false, "model_creator": null, "target_batch_size": 128, "model_string": "resnet50", "min_batch_size": 128, "dataset": "CIFAR", "placement": null, "use_nccl": true, "devices_per_worker": 1, "primary_resource": "extra_gpu", "gpu": false, "verbose": false, "lr_config": {"mode": "log", "steps": 5, "initial_lr": 0.01, "target_lr": 0.01}, "batch_per_device": 128}, "time_since_restore": 944.9317269325256, "timesteps_since_restore": 0, "iterations_since_restore": 23, "mean_throughput": 1473.9577431692, "atoms": 1, "setup_time": 15.688717603683472}
{"apply": 0.01804671287536621, "batch_time": 0.03201023536392405, "d2h": 0.0006933212280273438, "data_time": 0.001804831692629763, "fwd": 0.028591632843017578, "get_state_time_mean": NaN, "get_state_time_total": 0.0, "grad": 0.047786831855773926, "mean_accuracy": 0.6922799825668335, "mean_loss": 0.908035631904602, "neg_mean_accuracy": -0.6785999536514282, "set_state_time_mean": NaN, "set_state_time_total": 0.0, "setup_model_time_mean": NaN, "setup_model_time_total": 0.0, "setup_proc_time_mean": NaN, "setup_proc_time_total": 0.0, "train_accuracy": 0.707319974899292, "train_loss": 0.8509856731796265, "training_time_mean": NaN, "training_time_total": 0.0, "val_accuracy": 0.6785999536514282, "val_loss": 0.9447099251747131, "validation_time_mean": NaN, "validation_time_total": 0.0, "samples": 60000, "num_workers": 1, "done": false, "timesteps_total": null, "episodes_total": null, "training_iteration": 24, "neg_mean_loss": -0.908035631904602, "experiment_id": "8b59ee852cc54ae89c438372c20ef979", "date": "2019-06-03_04-22-45", "timestamp": 1559560965, "time_this_iter_s": 40.751989126205444, "time_total_s": 985.6837160587311, "pid": 16895, "hostname": "steropes", "node_ip": "169.229.49.254", "config": {"starting_lr": 0.01, "momentum": 0.99, "weight_decay": 0.0005, "steps_per_iteration": null, "pin": false, "model_creator": null, "target_batch_size": 128, "model_string": "resnet50", "min_batch_size": 128, "dataset": "CIFAR", "placement": null, "use_nccl": true, "devices_per_worker": 1, "primary_resource": "extra_gpu", "gpu": false, "verbose": false, "lr_config": {"mode": "log", "steps": 5, "initial_lr": 0.01, "target_lr": 0.01}, "batch_per_device": 128}, "time_since_restore": 985.6837160587311, "timesteps_since_restore": 0, "iterations_since_restore": 24, "mean_throughput": 1472.0870392576492, "atoms": 1, "setup_time": 15.688717603683472}
{"apply": 0.017615652084350585, "batch_time": 0.03151610531384432, "d2h": 0.0007029056549072265, "data_time": 0.0018004072291771774, "fwd": 0.028169727325439452, "get_state_time_mean": NaN, "get_state_time_total": 0.0, "grad": 0.04801943302154541, "mean_accuracy": 0.6953999876976014, "mean_loss": 0.8958628755569457, "neg_mean_accuracy": -0.7197999954223633, "set_state_time_mean": NaN, "set_state_time_total": 0.0, "setup_model_time_mean": NaN, "setup_model_time_total": 0.0, "setup_proc_time_mean": NaN, "setup_proc_time_total": 0.0, "train_accuracy": 0.6998199820518494, "train_loss": 0.8779359628486634, "training_time_mean": NaN, "training_time_total": 0.0, "val_accuracy": 0.7197999954223633, "val_loss": 0.8231581948280334, "validation_time_mean": NaN, "validation_time_total": 0.0, "samples": 60000, "num_workers": 1, "done": false, "timesteps_total": null, "episodes_total": null, "training_iteration": 25, "neg_mean_loss": -0.8958628755569457, "experiment_id": "8b59ee852cc54ae89c438372c20ef979", "date": "2019-06-03_04-23-26", "timestamp": 1559561006, "time_this_iter_s": 40.944528579711914, "time_total_s": 1026.628244638443, "pid": 16895, "hostname": "steropes", "node_ip": "169.229.49.254", "config": {"starting_lr": 0.01, "momentum": 0.99, "weight_decay": 0.0005, "steps_per_iteration": null, "pin": false, "model_creator": null, "target_batch_size": 128, "model_string": "resnet50", "min_batch_size": 128, "dataset": "CIFAR", "placement": null, "use_nccl": true, "devices_per_worker": 1, "primary_resource": "extra_gpu", "gpu": false, "verbose": false, "lr_config": {"mode": "log", "steps": 5, "initial_lr": 0.01, "target_lr": 0.01}, "batch_per_device": 128}, "time_since_restore": 1026.628244638443, "timesteps_since_restore": 0, "iterations_since_restore": 25, "mean_throughput": 1471.0423091678567, "atoms": 1, "setup_time": 15.688717603683472}
{"apply": 0.01774454116821289, "batch_time": 0.031838742992545986, "d2h": 0.0007147073745727539, "data_time": 0.0017967589980805926, "fwd": 0.02823338508605957, "get_state_time_mean": NaN, "get_state_time_total": 0.0, "grad": 0.04860928058624268, "mean_accuracy": 0.7060799837112427, "mean_loss": 0.8579856119346619, "neg_mean_accuracy": -0.7236999869346619, "set_state_time_mean": NaN, "set_state_time_total": 0.0, "setup_model_time_mean": NaN, "setup_model_time_total": 0.0, "setup_proc_time_mean": NaN, "setup_proc_time_total": 0.0, "train_accuracy": 0.7059400081634521, "train_loss": 0.860980742225647, "training_time_mean": NaN, "training_time_total": 0.0, "val_accuracy": 0.7236999869346619, "val_loss": 0.7973954611778259, "validation_time_mean": NaN, "validation_time_total": 0.0, "samples": 60000, "num_workers": 1, "done": false, "timesteps_total": null, "episodes_total": null, "training_iteration": 26, "neg_mean_loss": -0.8579856119346619, "experiment_id": "8b59ee852cc54ae89c438372c20ef979", "date": "2019-06-03_04-24-07", "timestamp": 1559561047, "time_this_iter_s": 40.535717725753784, "time_total_s": 1067.1639623641968, "pid": 16895, "hostname": "steropes", "node_ip": "169.229.49.254", "config": {"starting_lr": 0.01, "momentum": 0.99, "weight_decay": 0.0005, "steps_per_iteration": null, "pin": false, "model_creator": null, "target_batch_size": 128, "model_string": "resnet50", "min_batch_size": 128, "dataset": "CIFAR", "placement": null, "use_nccl": true, "devices_per_worker": 1, "primary_resource": "extra_gpu", "gpu": false, "verbose": false, "lr_config": {"mode": "log", "steps": 5, "initial_lr": 0.01, "target_lr": 0.01}, "batch_per_device": 128}, "time_since_restore": 1067.1639623641968, "timesteps_since_restore": 0, "iterations_since_restore": 26, "mean_throughput": 1472.821557376035, "atoms": 1, "setup_time": 15.688717603683472}
{"apply": 0.017311644554138184, "batch_time": 0.03168506561955319, "d2h": 0.0007041454315185547, "data_time": 0.001843302451131289, "fwd": 0.027970552444458008, "get_state_time_mean": NaN, "get_state_time_total": 0.0, "grad": 0.047600293159484865, "mean_accuracy": 0.7102399826049804, "mean_loss": 0.8466640125846864, "neg_mean_accuracy": -0.7110999822616577, "set_state_time_mean": NaN, "set_state_time_total": 0.0, "setup_model_time_mean": NaN, "setup_model_time_total": 0.0, "setup_proc_time_mean": NaN, "setup_proc_time_total": 0.0, "train_accuracy": 0.7104600071907043, "train_loss": 0.8449353107833862, "training_time_mean": NaN, "training_time_total": 0.0, "val_accuracy": 0.7110999822616577, "val_loss": 0.8423439816474915, "validation_time_mean": NaN, "validation_time_total": 0.0, "samples": 60000, "num_workers": 1, "done": false, "timesteps_total": null, "episodes_total": null, "training_iteration": 27, "neg_mean_loss": -0.8466640125846864, "experiment_id": "8b59ee852cc54ae89c438372c20ef979", "date": "2019-06-03_04-24-47", "timestamp": 1559561087, "time_this_iter_s": 40.78736400604248, "time_total_s": 1107.9513263702393, "pid": 16895, "hostname": "steropes", "node_ip": "169.229.49.254", "config": {"starting_lr": 0.01, "momentum": 0.99, "weight_decay": 0.0005, "steps_per_iteration": null, "pin": false, "model_creator": null, "target_batch_size": 128, "model_string": "resnet50", "min_batch_size": 128, "dataset": "CIFAR", "placement": null, "use_nccl": true, "devices_per_worker": 1, "primary_resource": "extra_gpu", "gpu": false, "verbose": false, "lr_config": {"mode": "log", "steps": 5, "initial_lr": 0.01, "target_lr": 0.01}, "batch_per_device": 128}, "time_since_restore": 1107.9513263702393, "timesteps_since_restore": 0, "iterations_since_restore": 27, "mean_throughput": 1472.5619554611715, "atoms": 1, "setup_time": 15.688717603683472}
{"apply": 0.017090773582458495, "batch_time": 0.0320862305315235, "d2h": 0.0007280588150024414, "data_time": 0.001864260114977122, "fwd": 0.027883410453796387, "get_state_time_mean": NaN, "get_state_time_total": 0.0, "grad": 0.04815077781677246, "mean_accuracy": 0.7105199813842773, "mean_loss": 0.8475691368103027, "neg_mean_accuracy": -0.7193999886512756, "set_state_time_mean": NaN, "set_state_time_total": 0.0, "setup_model_time_mean": NaN, "setup_model_time_total": 0.0, "setup_proc_time_mean": NaN, "setup_proc_time_total": 0.0, "train_accuracy": 0.7202000021934509, "train_loss": 0.8182187848091126, "training_time_mean": NaN, "training_time_total": 0.0, "val_accuracy": 0.7193999886512756, "val_loss": 0.8302381212234498, "validation_time_mean": NaN, "validation_time_total": 0.0, "samples": 60000, "num_workers": 1, "done": false, "timesteps_total": null, "episodes_total": null, "training_iteration": 28, "neg_mean_loss": -0.8475691368103027, "experiment_id": "8b59ee852cc54ae89c438372c20ef979", "date": "2019-06-03_04-25-28", "timestamp": 1559561128, "time_this_iter_s": 40.75390911102295, "time_total_s": 1148.7052354812622, "pid": 16895, "hostname": "steropes", "node_ip": "169.229.49.254", "config": {"starting_lr": 0.01, "momentum": 0.99, "weight_decay": 0.0005, "steps_per_iteration": null, "pin": false, "model_creator": null, "target_batch_size": 128, "model_string": "resnet50", "min_batch_size": 128, "dataset": "CIFAR", "placement": null, "use_nccl": true, "devices_per_worker": 1, "primary_resource": "extra_gpu", "gpu": false, "verbose": false, "lr_config": {"mode": "log", "steps": 5, "initial_lr": 0.01, "target_lr": 0.01}, "batch_per_device": 128}, "time_since_restore": 1148.7052354812622, "timesteps_since_restore": 0, "iterations_since_restore": 28, "mean_throughput": 1472.219478699735, "atoms": 1, "setup_time": 15.688717603683472}
{"apply": 0.01797792911529541, "batch_time": 0.03165403197083292, "d2h": 0.0006897211074829102, "data_time": 0.0018303424805936302, "fwd": 0.028195285797119142, "get_state_time_mean": NaN, "get_state_time_total": 0.0, "grad": 0.04823567867279053, "mean_accuracy": 0.7189599871635437, "mean_loss": 0.8249378554344178, "neg_mean_accuracy": -0.72079998254776, "set_state_time_mean": NaN, "set_state_time_total": 0.0, "setup_model_time_mean": NaN, "setup_model_time_total": 0.0, "setup_proc_time_mean": NaN, "setup_proc_time_total": 0.0, "train_accuracy": 0.7225199937820435, "train_loss": 0.8194261552047729, "training_time_mean": NaN, "training_time_total": 0.0, "val_accuracy": 0.72079998254776, "val_loss": 0.8315535182952881, "validation_time_mean": NaN, "validation_time_total": 0.0, "samples": 60000, "num_workers": 1, "done": false, "timesteps_total": null, "episodes_total": null, "training_iteration": 29, "neg_mean_loss": -0.8249378554344178, "experiment_id": "8b59ee852cc54ae89c438372c20ef979", "date": "2019-06-03_04-26-09", "timestamp": 1559561169, "time_this_iter_s": 40.840839862823486, "time_total_s": 1189.5460753440857, "pid": 16895, "hostname": "steropes", "node_ip": "169.229.49.254", "config": {"starting_lr": 0.01, "momentum": 0.99, "weight_decay": 0.0005, "steps_per_iteration": null, "pin": false, "model_creator": null, "target_batch_size": 128, "model_string": "resnet50", "min_batch_size": 128, "dataset": "CIFAR", "placement": null, "use_nccl": true, "devices_per_worker": 1, "primary_resource": "extra_gpu", "gpu": false, "verbose": false, "lr_config": {"mode": "log", "steps": 5, "initial_lr": 0.01, "target_lr": 0.01}, "batch_per_device": 128}, "time_since_restore": 1189.5460753440857, "timesteps_since_restore": 0, "iterations_since_restore": 29, "mean_throughput": 1471.5778394606416, "atoms": 1, "setup_time": 15.688717603683472}
{"apply": 0.01739029884338379, "batch_time": 0.03169303302523456, "d2h": 0.0007269144058227539, "data_time": 0.0018279454897126882, "fwd": 0.02785153388977051, "get_state_time_mean": NaN, "get_state_time_total": 0.0, "grad": 0.047550511360168454, "mean_accuracy": 0.7162399888038635, "mean_loss": 0.8315620955276488, "neg_mean_accuracy": -0.7062000036239624, "set_state_time_mean": NaN, "set_state_time_total": 0.0, "setup_model_time_mean": NaN, "setup_model_time_total": 0.0, "setup_proc_time_mean": NaN, "setup_proc_time_total": 0.0, "train_accuracy": 0.7125200033187866, "train_loss": 0.8414204209518432, "training_time_mean": NaN, "training_time_total": 0.0, "val_accuracy": 0.7062000036239624, "val_loss": 0.8562793952941895, "validation_time_mean": NaN, "validation_time_total": 0.0, "samples": 60000, "num_workers": 1, "done": false, "timesteps_total": null, "episodes_total": null, "training_iteration": 30, "neg_mean_loss": -0.8315620955276488, "experiment_id": "8b59ee852cc54ae89c438372c20ef979", "date": "2019-06-03_04-26-50", "timestamp": 1559561210, "time_this_iter_s": 40.75250959396362, "time_total_s": 1230.2985849380493, "pid": 16895, "hostname": "steropes", "node_ip": "169.229.49.254", "config": {"starting_lr": 0.01, "momentum": 0.99, "weight_decay": 0.0005, "steps_per_iteration": null, "pin": false, "model_creator": null, "target_batch_size": 128, "model_string": "resnet50", "min_batch_size": 128, "dataset": "CIFAR", "placement": null, "use_nccl": true, "devices_per_worker": 1, "primary_resource": "extra_gpu", "gpu": false, "verbose": false, "lr_config": {"mode": "log", "steps": 5, "initial_lr": 0.01, "target_lr": 0.01}, "batch_per_device": 128}, "time_since_restore": 1230.2985849380493, "timesteps_since_restore": 0, "iterations_since_restore": 30, "mean_throughput": 1472.9652400973662, "atoms": 1, "setup_time": 15.688717603683472}
{"apply": 0.017156696319580077, "batch_time": 0.03176336952402622, "d2h": 0.0007029533386230469, "data_time": 0.0017827423027409312, "fwd": 0.027772235870361327, "get_state_time_mean": NaN, "get_state_time_total": 0.0, "grad": 0.048247122764587404, "mean_accuracy": 0.7195799827575684, "mean_loss": 0.8252155101203918, "neg_mean_accuracy": -0.740399956703186, "set_state_time_mean": NaN, "set_state_time_total": 0.0, "setup_model_time_mean": NaN, "setup_model_time_total": 0.0, "setup_proc_time_mean": NaN, "setup_proc_time_total": 0.0, "train_accuracy": 0.7283999919891357, "train_loss": 0.7961475208663941, "training_time_mean": NaN, "training_time_total": 0.0, "val_accuracy": 0.740399956703186, "val_loss": 0.7656625341415405, "validation_time_mean": NaN, "validation_time_total": 0.0, "samples": 60000, "num_workers": 1, "done": false, "timesteps_total": null, "episodes_total": null, "training_iteration": 31, "neg_mean_loss": -0.8252155101203918, "experiment_id": "8b59ee852cc54ae89c438372c20ef979", "date": "2019-06-03_04-27-30", "timestamp": 1559561250, "time_this_iter_s": 40.72824478149414, "time_total_s": 1271.0268297195435, "pid": 16895, "hostname": "steropes", "node_ip": "169.229.49.254", "config": {"starting_lr": 0.01, "momentum": 0.99, "weight_decay": 0.0005, "steps_per_iteration": null, "pin": false, "model_creator": null, "target_batch_size": 128, "model_string": "resnet50", "min_batch_size": 128, "dataset": "CIFAR", "placement": null, "use_nccl": true, "devices_per_worker": 1, "primary_resource": "extra_gpu", "gpu": false, "verbose": false, "lr_config": {"mode": "log", "steps": 5, "initial_lr": 0.01, "target_lr": 0.01}, "batch_per_device": 128}, "time_since_restore": 1271.0268297195435, "timesteps_since_restore": 0, "iterations_since_restore": 31, "mean_throughput": 1471.574724425327, "atoms": 1, "setup_time": 15.688717603683472}
{"apply": 0.018914198875427245, "batch_time": 0.03181494640398629, "d2h": 0.0007207870483398437, "data_time": 0.001859177713808806, "fwd": 0.029317831993103026, "get_state_time_mean": NaN, "get_state_time_total": 0.0, "grad": 0.048377275466918945, "mean_accuracy": 0.7241599798202515, "mean_loss": 0.8141367467117311, "neg_mean_accuracy": -0.7339999675750732, "set_state_time_mean": NaN, "set_state_time_total": 0.0, "setup_model_time_mean": NaN, "setup_model_time_total": 0.0, "setup_proc_time_mean": NaN, "setup_proc_time_total": 0.0, "train_accuracy": 0.7343999743461609, "train_loss": 0.7864427716445923, "training_time_mean": NaN, "training_time_total": 0.0, "val_accuracy": 0.7339999675750732, "val_loss": 0.786950164604187, "validation_time_mean": NaN, "validation_time_total": 0.0, "samples": 60000, "num_workers": 1, "done": false, "timesteps_total": null, "episodes_total": null, "training_iteration": 32, "neg_mean_loss": -0.8141367467117311, "experiment_id": "8b59ee852cc54ae89c438372c20ef979", "date": "2019-06-03_04-28-11", "timestamp": 1559561291, "time_this_iter_s": 40.888989210128784, "time_total_s": 1311.9158189296722, "pid": 16895, "hostname": "steropes", "node_ip": "169.229.49.254", "config": {"starting_lr": 0.01, "momentum": 0.99, "weight_decay": 0.0005, "steps_per_iteration": null, "pin": false, "model_creator": null, "target_batch_size": 128, "model_string": "resnet50", "min_batch_size": 128, "dataset": "CIFAR", "placement": null, "use_nccl": true, "devices_per_worker": 1, "primary_resource": "extra_gpu", "gpu": false, "verbose": false, "lr_config": {"mode": "log", "steps": 5, "initial_lr": 0.01, "target_lr": 0.01}, "batch_per_device": 128}, "time_since_restore": 1311.9158189296722, "timesteps_since_restore": 0, "iterations_since_restore": 32, "mean_throughput": 1470.841516151934, "atoms": 1, "setup_time": 15.688717603683472}
{"apply": 0.017093873023986815, "batch_time": 0.03329446044149278, "d2h": 0.0007222414016723633, "data_time": 0.0018224307643178175, "fwd": 0.0286771297454834, "get_state_time_mean": NaN, "get_state_time_total": 0.0, "grad": 0.047766828536987306, "mean_accuracy": 0.7272199749946594, "mean_loss": 0.8034592698097228, "neg_mean_accuracy": -0.7346999645233154, "set_state_time_mean": NaN, "set_state_time_total": 0.0, "setup_model_time_mean": NaN, "setup_model_time_total": 0.0, "setup_proc_time_mean": NaN, "setup_proc_time_total": 0.0, "train_accuracy": 0.7295999526977539, "train_loss": 0.7885083815383911, "training_time_mean": NaN, "training_time_total": 0.0, "val_accuracy": 0.7346999645233154, "val_loss": 0.7768507367134094, "validation_time_mean": NaN, "validation_time_total": 0.0, "samples": 60000, "num_workers": 1, "done": false, "timesteps_total": null, "episodes_total": null, "training_iteration": 33, "neg_mean_loss": -0.8034592698097228, "experiment_id": "8b59ee852cc54ae89c438372c20ef979", "date": "2019-06-03_04-28-52", "timestamp": 1559561332, "time_this_iter_s": 40.930320024490356, "time_total_s": 1352.8461389541626, "pid": 16895, "hostname": "steropes", "node_ip": "169.229.49.254", "config": {"starting_lr": 0.01, "momentum": 0.99, "weight_decay": 0.0005, "steps_per_iteration": null, "pin": false, "model_creator": null, "target_batch_size": 128, "model_string": "resnet50", "min_batch_size": 128, "dataset": "CIFAR", "placement": null, "use_nccl": true, "devices_per_worker": 1, "primary_resource": "extra_gpu", "gpu": false, "verbose": false, "lr_config": {"mode": "log", "steps": 5, "initial_lr": 0.01, "target_lr": 0.01}, "batch_per_device": 128}, "time_since_restore": 1352.8461389541626, "timesteps_since_restore": 0, "iterations_since_restore": 33, "mean_throughput": 1469.5704724262978, "atoms": 1, "setup_time": 15.688717603683472}
{"apply": 0.020299029350280762, "batch_time": 0.03161079974114141, "d2h": 0.000741267204284668, "data_time": 0.0018228880889580377, "fwd": 0.03041691780090332, "get_state_time_mean": NaN, "get_state_time_total": 0.0, "grad": 0.0482771635055542, "mean_accuracy": 0.7324199795722961, "mean_loss": 0.7892098530197144, "neg_mean_accuracy": -0.7468000054359436, "set_state_time_mean": NaN, "set_state_time_total": 0.0, "setup_model_time_mean": NaN, "setup_model_time_total": 0.0, "setup_proc_time_mean": NaN, "setup_proc_time_total": 0.0, "train_accuracy": 0.7278599739074707, "train_loss": 0.7981998440361023, "training_time_mean": NaN, "training_time_total": 0.0, "val_accuracy": 0.7468000054359436, "val_loss": 0.7603064343452454, "validation_time_mean": NaN, "validation_time_total": 0.0, "samples": 60000, "num_workers": 1, "done": false, "timesteps_total": null, "episodes_total": null, "training_iteration": 34, "neg_mean_loss": -0.7892098530197144, "experiment_id": "8b59ee852cc54ae89c438372c20ef979", "date": "2019-06-03_04-29-33", "timestamp": 1559561373, "time_this_iter_s": 40.74361205101013, "time_total_s": 1393.5897510051727, "pid": 16895, "hostname": "steropes", "node_ip": "169.229.49.254", "config": {"starting_lr": 0.01, "momentum": 0.99, "weight_decay": 0.0005, "steps_per_iteration": null, "pin": false, "model_creator": null, "target_batch_size": 128, "model_string": "resnet50", "min_batch_size": 128, "dataset": "CIFAR", "placement": null, "use_nccl": true, "devices_per_worker": 1, "primary_resource": "extra_gpu", "gpu": false, "verbose": false, "lr_config": {"mode": "log", "steps": 5, "initial_lr": 0.01, "target_lr": 0.01}, "batch_per_device": 128}, "time_since_restore": 1393.5897510051727, "timesteps_since_restore": 0, "iterations_since_restore": 34, "mean_throughput": 1470.2706839957145, "atoms": 1, "setup_time": 15.688717603683472}
{"apply": 0.01788220405578613, "batch_time": 0.032025400596328926, "d2h": 0.000689554214477539, "data_time": 0.0018086896832946622, "fwd": 0.028248929977416994, "get_state_time_mean": NaN, "get_state_time_total": 0.0, "grad": 0.04791967868804932, "mean_accuracy": 0.7357399702072144, "mean_loss": 0.783006801815033, "neg_mean_accuracy": -0.7227999567985535, "set_state_time_mean": NaN, "set_state_time_total": 0.0, "setup_model_time_mean": NaN, "setup_model_time_total": 0.0, "setup_proc_time_mean": NaN, "setup_proc_time_total": 0.0, "train_accuracy": 0.7348600029945374, "train_loss": 0.7744320653533936, "training_time_mean": NaN, "training_time_total": 0.0, "val_accuracy": 0.7227999567985535, "val_loss": 0.8252641392707825, "validation_time_mean": NaN, "validation_time_total": 0.0, "samples": 60000, "num_workers": 1, "done": false, "timesteps_total": null, "episodes_total": null, "training_iteration": 35, "neg_mean_loss": -0.783006801815033, "experiment_id": "8b59ee852cc54ae89c438372c20ef979", "date": "2019-06-03_04-30-14", "timestamp": 1559561414, "time_this_iter_s": 40.83896517753601, "time_total_s": 1434.4287161827087, "pid": 16895, "hostname": "steropes", "node_ip": "169.229.49.254", "config": {"starting_lr": 0.01, "momentum": 0.99, "weight_decay": 0.0005, "steps_per_iteration": null, "pin": false, "model_creator": null, "target_batch_size": 128, "model_string": "resnet50", "min_batch_size": 128, "dataset": "CIFAR", "placement": null, "use_nccl": true, "devices_per_worker": 1, "primary_resource": "extra_gpu", "gpu": false, "verbose": false, "lr_config": {"mode": "log", "steps": 5, "initial_lr": 0.01, "target_lr": 0.01}, "batch_per_device": 128}, "time_since_restore": 1434.4287161827087, "timesteps_since_restore": 0, "iterations_since_restore": 35, "mean_throughput": 1469.6479806282339, "atoms": 1, "setup_time": 15.688717603683472}
{"apply": 0.018176841735839843, "batch_time": 0.03137246566482737, "d2h": 0.0007112741470336914, "data_time": 0.0018123934031142603, "fwd": 0.028644084930419922, "get_state_time_mean": NaN, "get_state_time_total": 0.0, "grad": 0.0475496768951416, "mean_accuracy": 0.7314399719238281, "mean_loss": 0.7987012556838989, "neg_mean_accuracy": -0.7188999652862549, "set_state_time_mean": NaN, "set_state_time_total": 0.0, "setup_model_time_mean": NaN, "setup_model_time_total": 0.0, "setup_proc_time_mean": NaN, "setup_proc_time_total": 0.0, "train_accuracy": 0.7343199849128723, "train_loss": 0.7741897694969178, "training_time_mean": NaN, "training_time_total": 0.0, "val_accuracy": 0.7188999652862549, "val_loss": 0.8441348034858703, "validation_time_mean": NaN, "validation_time_total": 0.0, "samples": 60000, "num_workers": 1, "done": false, "timesteps_total": null, "episodes_total": null, "training_iteration": 36, "neg_mean_loss": -0.7987012556838989, "experiment_id": "8b59ee852cc54ae89c438372c20ef979", "date": "2019-06-03_04-30-55", "timestamp": 1559561455, "time_this_iter_s": 40.68661165237427, "time_total_s": 1475.115327835083, "pid": 16895, "hostname": "steropes", "node_ip": "169.229.49.254", "config": {"starting_lr": 0.01, "momentum": 0.99, "weight_decay": 0.0005, "steps_per_iteration": null, "pin": false, "model_creator": null, "target_batch_size": 128, "model_string": "resnet50", "min_batch_size": 128, "dataset": "CIFAR", "placement": null, "use_nccl": true, "devices_per_worker": 1, "primary_resource": "extra_gpu", "gpu": false, "verbose": false, "lr_config": {"mode": "log", "steps": 5, "initial_lr": 0.01, "target_lr": 0.01}, "batch_per_device": 128}, "time_since_restore": 1475.115327835083, "timesteps_since_restore": 0, "iterations_since_restore": 36, "mean_throughput": 1469.9477489674532, "atoms": 1, "setup_time": 15.688717603683472}
{"apply": 0.017346620559692383, "batch_time": 0.03164714197569256, "d2h": 0.0007046699523925781, "data_time": 0.0017909064622181456, "fwd": 0.02876114845275879, "get_state_time_mean": NaN, "get_state_time_total": 0.0, "grad": 0.049023985862731934, "mean_accuracy": 0.7318399786949158, "mean_loss": 0.7960051302719116, "neg_mean_accuracy": -0.7360000014305115, "set_state_time_mean": NaN, "set_state_time_total": 0.0, "setup_model_time_mean": NaN, "setup_model_time_total": 0.0, "setup_proc_time_mean": NaN, "setup_proc_time_total": 0.0, "train_accuracy": 0.736519992351532, "train_loss": 0.7779280419540405, "training_time_mean": NaN, "training_time_total": 0.0, "val_accuracy": 0.7360000014305115, "val_loss": 0.7734695375442505, "validation_time_mean": NaN, "validation_time_total": 0.0, "samples": 60000, "num_workers": 1, "done": false, "timesteps_total": null, "episodes_total": null, "training_iteration": 37, "neg_mean_loss": -0.7960051302719116, "experiment_id": "8b59ee852cc54ae89c438372c20ef979", "date": "2019-06-03_04-31-35", "timestamp": 1559561495, "time_this_iter_s": 40.77315711975098, "time_total_s": 1515.888484954834, "pid": 16895, "hostname": "steropes", "node_ip": "169.229.49.254", "config": {"starting_lr": 0.01, "momentum": 0.99, "weight_decay": 0.0005, "steps_per_iteration": null, "pin": false, "model_creator": null, "target_batch_size": 128, "model_string": "resnet50", "min_batch_size": 128, "dataset": "CIFAR", "placement": null, "use_nccl": true, "devices_per_worker": 1, "primary_resource": "extra_gpu", "gpu": false, "verbose": false, "lr_config": {"mode": "log", "steps": 5, "initial_lr": 0.01, "target_lr": 0.01}, "batch_per_device": 128}, "time_since_restore": 1515.888484954834, "timesteps_since_restore": 0, "iterations_since_restore": 37, "mean_throughput": 1470.7824985341574, "atoms": 1, "setup_time": 15.688717603683472}
{"apply": 0.017676329612731932, "batch_time": 0.03178078615212742, "d2h": 0.0007286310195922851, "data_time": 0.001806853067539537, "fwd": 0.02847156524658203, "get_state_time_mean": NaN, "get_state_time_total": 0.0, "grad": 0.04776871204376221, "mean_accuracy": 0.7323799848556518, "mean_loss": 0.7947913873863219, "neg_mean_accuracy": -0.7373999953269958, "set_state_time_mean": NaN, "set_state_time_total": 0.0, "setup_model_time_mean": NaN, "setup_model_time_total": 0.0, "setup_proc_time_mean": NaN, "setup_proc_time_total": 0.0, "train_accuracy": 0.7317599654197693, "train_loss": 0.7882756679916382, "training_time_mean": NaN, "training_time_total": 0.0, "val_accuracy": 0.7373999953269958, "val_loss": 0.7707820222854614, "validation_time_mean": NaN, "validation_time_total": 0.0, "samples": 60000, "num_workers": 1, "done": false, "timesteps_total": null, "episodes_total": null, "training_iteration": 38, "neg_mean_loss": -0.7947913873863219, "experiment_id": "8b59ee852cc54ae89c438372c20ef979", "date": "2019-06-03_04-32-16", "timestamp": 1559561536, "time_this_iter_s": 40.967941761016846, "time_total_s": 1556.8564267158508, "pid": 16895, "hostname": "steropes", "node_ip": "169.229.49.254", "config": {"starting_lr": 0.01, "momentum": 0.99, "weight_decay": 0.0005, "steps_per_iteration": null, "pin": false, "model_creator": null, "target_batch_size": 128, "model_string": "resnet50", "min_batch_size": 128, "dataset": "CIFAR", "placement": null, "use_nccl": true, "devices_per_worker": 1, "primary_resource": "extra_gpu", "gpu": false, "verbose": false, "lr_config": {"mode": "log", "steps": 5, "initial_lr": 0.01, "target_lr": 0.01}, "batch_per_device": 128}, "time_since_restore": 1556.8564267158508, "timesteps_since_restore": 0, "iterations_since_restore": 38, "mean_throughput": 1470.5112534287223, "atoms": 1, "setup_time": 15.688717603683472}
{"apply": 0.017080163955688475, "batch_time": 0.03141078466101538, "d2h": 0.0006807565689086914, "data_time": 0.0018156026025562336, "fwd": 0.028221607208251953, "get_state_time_mean": NaN, "get_state_time_total": 0.0, "grad": 0.04729938507080078, "mean_accuracy": 0.7293799757957459, "mean_loss": 0.8004316467666627, "neg_mean_accuracy": -0.7317999601364136, "set_state_time_mean": NaN, "set_state_time_total": 0.0, "setup_model_time_mean": NaN, "setup_model_time_total": 0.0, "setup_proc_time_mean": NaN, "setup_proc_time_total": 0.0, "train_accuracy": 0.7367799878120422, "train_loss": 0.7734765234565735, "training_time_mean": NaN, "training_time_total": 0.0, "val_accuracy": 0.7317999601364136, "val_loss": 0.7885077312469483, "validation_time_mean": NaN, "validation_time_total": 0.0, "samples": 60000, "num_workers": 1, "done": false, "timesteps_total": null, "episodes_total": null, "training_iteration": 39, "neg_mean_loss": -0.8004316467666627, "experiment_id": "8b59ee852cc54ae89c438372c20ef979", "date": "2019-06-03_04-32-57", "timestamp": 1559561577, "time_this_iter_s": 40.618151903152466, "time_total_s": 1597.4745786190033, "pid": 16895, "hostname": "steropes", "node_ip": "169.229.49.254", "config": {"starting_lr": 0.01, "momentum": 0.99, "weight_decay": 0.0005, "steps_per_iteration": null, "pin": false, "model_creator": null, "target_batch_size": 128, "model_string": "resnet50", "min_batch_size": 128, "dataset": "CIFAR", "placement": null, "use_nccl": true, "devices_per_worker": 1, "primary_resource": "extra_gpu", "gpu": false, "verbose": false, "lr_config": {"mode": "log", "steps": 5, "initial_lr": 0.01, "target_lr": 0.01}, "batch_per_device": 128}, "time_since_restore": 1597.4745786190033, "timesteps_since_restore": 0, "iterations_since_restore": 39, "mean_throughput": 1471.4156307787644, "atoms": 1, "setup_time": 15.688717603683472}
{"apply": 0.01720151901245117, "batch_time": 0.0323017760168148, "d2h": 0.0007130622863769532, "data_time": 0.0018112574087079528, "fwd": 0.028150510787963868, "get_state_time_mean": NaN, "get_state_time_total": 0.0, "grad": 0.047496891021728514, "mean_accuracy": 0.7336399793624878, "mean_loss": 0.7879239095306396, "neg_mean_accuracy": -0.7440999746322632, "set_state_time_mean": NaN, "set_state_time_total": 0.0, "setup_model_time_mean": NaN, "setup_model_time_total": 0.0, "setup_proc_time_mean": NaN, "setup_proc_time_total": 0.0, "train_accuracy": 0.7371199727058411, "train_loss": 0.7768606754684448, "training_time_mean": NaN, "training_time_total": 0.0, "val_accuracy": 0.7440999746322632, "val_loss": 0.7627254530906677, "validation_time_mean": NaN, "validation_time_total": 0.0, "samples": 60000, "num_workers": 1, "done": false, "timesteps_total": null, "episodes_total": null, "training_iteration": 40, "neg_mean_loss": -0.7879239095306396, "experiment_id": "8b59ee852cc54ae89c438372c20ef979", "date": "2019-06-03_04-33-38", "timestamp": 1559561618, "time_this_iter_s": 41.10551190376282, "time_total_s": 1638.580090522766, "pid": 16895, "hostname": "steropes", "node_ip": "169.229.49.254", "config": {"starting_lr": 0.01, "momentum": 0.99, "weight_decay": 0.0005, "steps_per_iteration": null, "pin": false, "model_creator": null, "target_batch_size": 128, "model_string": "resnet50", "min_batch_size": 128, "dataset": "CIFAR", "placement": null, "use_nccl": true, "devices_per_worker": 1, "primary_resource": "extra_gpu", "gpu": false, "verbose": false, "lr_config": {"mode": "log", "steps": 5, "initial_lr": 0.01, "target_lr": 0.01}, "batch_per_device": 128}, "time_since_restore": 1638.580090522766, "timesteps_since_restore": 0, "iterations_since_restore": 40, "mean_throughput": 1469.4944671628175, "atoms": 1, "setup_time": 15.688717603683472}
{"apply": 0.018622994422912598, "batch_time": 0.033595682699469075, "d2h": 0.000760030746459961, "data_time": 0.0018645320706965063, "fwd": 0.029497623443603516, "get_state_time_mean": NaN, "get_state_time_total": 0.0, "grad": 0.047834229469299314, "mean_accuracy": 0.7393399834632873, "mean_loss": 0.7687314930343628, "neg_mean_accuracy": -0.7473999857902527, "set_state_time_mean": NaN, "set_state_time_total": 0.0, "setup_model_time_mean": NaN, "setup_model_time_total": 0.0, "setup_proc_time_mean": NaN, "setup_proc_time_total": 0.0, "train_accuracy": 0.7399399876594543, "train_loss": 0.7641217082977295, "training_time_mean": NaN, "training_time_total": 0.0, "val_accuracy": 0.7473999857902527, "val_loss": 0.7481727210044861, "validation_time_mean": NaN, "validation_time_total": 0.0, "samples": 60000, "num_workers": 1, "done": false, "timesteps_total": null, "episodes_total": null, "training_iteration": 41, "neg_mean_loss": -0.7687314930343628, "experiment_id": "8b59ee852cc54ae89c438372c20ef979", "date": "2019-06-03_04-34-19", "timestamp": 1559561659, "time_this_iter_s": 41.073243379592896, "time_total_s": 1679.653333902359, "pid": 16895, "hostname": "steropes", "node_ip": "169.229.49.254", "config": {"starting_lr": 0.01, "momentum": 0.99, "weight_decay": 0.0005, "steps_per_iteration": null, "pin": false, "model_creator": null, "target_batch_size": 128, "model_string": "resnet50", "min_batch_size": 128, "dataset": "CIFAR", "placement": null, "use_nccl": true, "devices_per_worker": 1, "primary_resource": "extra_gpu", "gpu": false, "verbose": false, "lr_config": {"mode": "log", "steps": 5, "initial_lr": 0.01, "target_lr": 0.01}, "batch_per_device": 128}, "time_since_restore": 1679.653333902359, "timesteps_since_restore": 0, "iterations_since_restore": 41, "mean_throughput": 1466.7167584890465, "atoms": 1, "setup_time": 15.688717603683472}
{"apply": 0.01701047420501709, "batch_time": 0.03174938733064676, "d2h": 0.0007170438766479492, "data_time": 0.001844614667965628, "fwd": 0.02789173126220703, "get_state_time_mean": NaN, "get_state_time_total": 0.0, "grad": 0.047766828536987306, "mean_accuracy": 0.7438399791717529, "mean_loss": 0.7547190442848206, "neg_mean_accuracy": -0.7584999799728394, "set_state_time_mean": NaN, "set_state_time_total": 0.0, "setup_model_time_mean": NaN, "setup_model_time_total": 0.0, "setup_proc_time_mean": NaN, "setup_proc_time_total": 0.0, "train_accuracy": 0.7471399903297424, "train_loss": 0.7463076598930359, "training_time_mean": NaN, "training_time_total": 0.0, "val_accuracy": 0.7584999799728394, "val_loss": 0.7034072937965393, "validation_time_mean": NaN, "validation_time_total": 0.0, "samples": 60000, "num_workers": 1, "done": false, "timesteps_total": null, "episodes_total": null, "training_iteration": 42, "neg_mean_loss": -0.7547190442848206, "experiment_id": "8b59ee852cc54ae89c438372c20ef979", "date": "2019-06-03_04-35-00", "timestamp": 1559561700, "time_this_iter_s": 40.96631598472595, "time_total_s": 1720.619649887085, "pid": 16895, "hostname": "steropes", "node_ip": "169.229.49.254", "config": {"starting_lr": 0.01, "momentum": 0.99, "weight_decay": 0.0005, "steps_per_iteration": null, "pin": false, "model_creator": null, "target_batch_size": 128, "model_string": "resnet50", "min_batch_size": 128, "dataset": "CIFAR", "placement": null, "use_nccl": true, "devices_per_worker": 1, "primary_resource": "extra_gpu", "gpu": false, "verbose": false, "lr_config": {"mode": "log", "steps": 5, "initial_lr": 0.01, "target_lr": 0.01}, "batch_per_device": 128}, "time_since_restore": 1720.619649887085, "timesteps_since_restore": 0, "iterations_since_restore": 42, "mean_throughput": 1465.3329654560646, "atoms": 1, "setup_time": 15.688717603683472}
{"apply": 0.018799781799316406, "batch_time": 0.0339609037471723, "d2h": 0.0006911039352416992, "data_time": 0.001806854287071911, "fwd": 0.029187107086181642, "get_state_time_mean": NaN, "get_state_time_total": 0.0, "grad": 0.04797449111938477, "mean_accuracy": 0.7418999791145324, "mean_loss": 0.765638238067627, "neg_mean_accuracy": -0.7276999950408936, "set_state_time_mean": NaN, "set_state_time_total": 0.0, "setup_model_time_mean": NaN, "setup_model_time_total": 0.0, "setup_proc_time_mean": NaN, "setup_proc_time_total": 0.0, "train_accuracy": 0.742859959602356, "train_loss": 0.7609504171943664, "training_time_mean": NaN, "training_time_total": 0.0, "val_accuracy": 0.7276999950408936, "val_loss": 0.8253779911994934, "validation_time_mean": NaN, "validation_time_total": 0.0, "samples": 60000, "num_workers": 1, "done": false, "timesteps_total": null, "episodes_total": null, "training_iteration": 43, "neg_mean_loss": -0.765638238067627, "experiment_id": "8b59ee852cc54ae89c438372c20ef979", "date": "2019-06-03_04-35-41", "timestamp": 1559561741, "time_this_iter_s": 40.897841453552246, "time_total_s": 1761.5174913406372, "pid": 16895, "hostname": "steropes", "node_ip": "169.229.49.254", "config": {"starting_lr": 0.01, "momentum": 0.99, "weight_decay": 0.0005, "steps_per_iteration": null, "pin": false, "model_creator": null, "target_batch_size": 128, "model_string": "resnet50", "min_batch_size": 128, "dataset": "CIFAR", "placement": null, "use_nccl": true, "devices_per_worker": 1, "primary_resource": "extra_gpu", "gpu": false, "verbose": false, "lr_config": {"mode": "log", "steps": 5, "initial_lr": 0.01, "target_lr": 0.01}, "batch_per_device": 128}, "time_since_restore": 1761.5174913406372, "timesteps_since_restore": 0, "iterations_since_restore": 43, "mean_throughput": 1465.8348926455697, "atoms": 1, "setup_time": 15.688717603683472}
