apply,batch_time,d2h,data_time,fwd,get_state_time_mean,get_state_time_total,grad,mean_accuracy,mean_loss,neg_mean_accuracy,set_state_time_mean,set_state_time_total,setup_model_time_mean,setup_model_time_total,setup_proc_time_mean,setup_proc_time_total,train_accuracy,train_loss,training_time_mean,training_time_total,validation_time_mean,validation_time_total,samples,num_workers,done,timesteps_total,episodes_total,training_iteration,neg_mean_loss,experiment_id,date,timestamp,time_this_iter_s,time_total_s,pid,hostname,node_ip,config,time_since_restore,timesteps_since_restore,iterations_since_restore,mean_throughput,atoms,resource_time
0.007828617095947265,0.18941977024078369,0.004661011695861817,0.03418283073269591,0.0721733808517456,nan,0.0,0.1563347339630127,0.1006999984383583,2.439403519821167,-0.1006999984383583,nan,0.0,20.362621784210205,20.362621784210205,1.7600290775299072,1.7600290775299072,0.09893999993801117,5.423675217895508,nan,0.0,nan,0.0,60000,1,False,,,1,-2.439403519821167,b7a0460893c4412db075f8f176faa3d2,2019-05-30_14-56-46,1559253406,12.133087396621704,12.133087396621704,27568,steropes,169.229.49.254,"{'starting_lr': 1.0, 'momentum': 0.9, 'weight_decay': 0.0001, 'steps_per_iteration': None, 'pin': False, 'model_creator': None, 'target_batch_size': 1024, 'model_string': 'resnet18', 'min_batch_size': 512, 'dataset': 'CIFAR', 'placement': None, 'use_nccl': True, 'devices_per_worker': 1, 'primary_resource': 'extra_gpu', 'gpu': False, 'verbose': False, 'lr_config': {'mode': 'log', 'steps': 5, 'initial_lr': 1.0, 'target_lr': 1.0}, 'batch_per_device': 1024}",12.133087396621704,0,1,4945.062284620998,1,12.133087396621704
0.007950758934020996,0.11867845058441162,0.0069416284561157225,0.03185333524431501,0.028130006790161134,nan,0.0,0.06301133632659912,0.09999999403953552,2.3131858493804933,-0.09999999403953552,nan,0.0,nan,0.0,nan,0.0,0.09799999743700027,2.3140406899261476,nan,0.0,nan,0.0,60000,1,False,,,2,-2.3131858493804933,b7a0460893c4412db075f8f176faa3d2,2019-05-30_14-56-54,1559253414,8.289076089859009,20.422163486480713,27568,steropes,169.229.49.254,"{'starting_lr': 1.0, 'momentum': 0.9, 'weight_decay': 0.0001, 'steps_per_iteration': None, 'pin': False, 'model_creator': None, 'target_batch_size': 1024, 'model_string': 'resnet18', 'min_batch_size': 512, 'dataset': 'CIFAR', 'placement': None, 'use_nccl': True, 'devices_per_worker': 1, 'primary_resource': 'extra_gpu', 'gpu': False, 'verbose': False, 'lr_config': {'mode': 'log', 'steps': 5, 'initial_lr': 1.0, 'target_lr': 1.0}, 'batch_per_device': 1024}",20.422163486480713,0,2,5875.881078956228,1,20.422163486480713
0.007595562934875488,0.12154765129089355,0.005332040786743164,0.02393521581377302,0.028809452056884767,nan,0.0,0.05353024005889893,0.09999999403953552,2.3124324756622316,-0.09999999403953552,nan,0.0,nan,0.0,nan,0.0,0.09811999648809433,2.3133032946014405,nan,0.0,nan,0.0,60000,1,False,,,3,-2.3124324756622316,b7a0460893c4412db075f8f176faa3d2,2019-05-30_14-57-02,1559253422,7.7571470737457275,28.17931056022644,27568,steropes,169.229.49.254,"{'starting_lr': 1.0, 'momentum': 0.9, 'weight_decay': 0.0001, 'steps_per_iteration': None, 'pin': False, 'model_creator': None, 'target_batch_size': 1024, 'model_string': 'resnet18', 'min_batch_size': 512, 'dataset': 'CIFAR', 'placement': None, 'use_nccl': True, 'devices_per_worker': 1, 'primary_resource': 'extra_gpu', 'gpu': False, 'verbose': False, 'lr_config': {'mode': 'log', 'steps': 5, 'initial_lr': 1.0, 'target_lr': 1.0}, 'batch_per_device': 1024}",28.17931056022644,0,3,6387.579543997678,1,28.17931056022644
0.008924317359924317,0.13490350246429444,0.0049746990203857425,0.02932925613559022,0.031000423431396484,nan,0.0,0.061071228981018064,0.09999999403953552,2.312746928024292,-0.09999999403953552,nan,0.0,nan,0.0,nan,0.0,0.10198000073432922,2.313262501296997,nan,0.0,nan,0.0,60000,1,False,,,4,-2.312746928024292,b7a0460893c4412db075f8f176faa3d2,2019-05-30_14-57-10,1559253430,8.281819105148315,36.461129665374756,27568,steropes,169.229.49.254,"{'starting_lr': 1.0, 'momentum': 0.9, 'weight_decay': 0.0001, 'steps_per_iteration': None, 'pin': False, 'model_creator': None, 'target_batch_size': 1024, 'model_string': 'resnet18', 'min_batch_size': 512, 'dataset': 'CIFAR', 'placement': None, 'use_nccl': True, 'devices_per_worker': 1, 'primary_resource': 'extra_gpu', 'gpu': False, 'verbose': False, 'lr_config': {'mode': 'log', 'steps': 5, 'initial_lr': 1.0, 'target_lr': 1.0}, 'batch_per_device': 1024}",36.461129665374756,0,4,6582.270157575016,1,36.461129665374756
0.008593368530273437,0.12315008640289307,0.005053091049194336,0.029599700655256,0.026428699493408203,nan,0.0,0.05768661499023438,0.09999999403953552,2.3128101669311523,-0.09999999403953552,nan,0.0,nan,0.0,nan,0.0,0.09829999506473541,2.3145027571105956,nan,0.0,nan,0.0,60000,1,False,,,5,-2.3128101669311523,b7a0460893c4412db075f8f176faa3d2,2019-05-30_14-57-19,1559253439,8.037978649139404,44.49910831451416,27568,steropes,169.229.49.254,"{'starting_lr': 1.0, 'momentum': 0.9, 'weight_decay': 0.0001, 'steps_per_iteration': None, 'pin': False, 'model_creator': None, 'target_batch_size': 1024, 'model_string': 'resnet18', 'min_batch_size': 512, 'dataset': 'CIFAR', 'placement': None, 'use_nccl': True, 'devices_per_worker': 1, 'primary_resource': 'extra_gpu', 'gpu': False, 'verbose': False, 'lr_config': {'mode': 'log', 'steps': 5, 'initial_lr': 1.0, 'target_lr': 1.0}, 'batch_per_device': 1024}",44.49910831451416,0,5,6741.628080224425,1,44.49910831451416
0.007070112228393555,0.13722896575927734,0.005040431022644043,0.029335722631337692,0.025572562217712404,nan,0.0,0.053002572059631346,0.09999999403953552,2.3133415241241453,-0.09999999403953552,nan,0.0,nan,0.0,nan,0.0,0.10137999802827835,2.314397966461182,nan,0.0,nan,0.0,60000,1,False,,,6,-2.3133415241241453,b7a0460893c4412db075f8f176faa3d2,2019-05-30_14-57-27,1559253447,8.121034145355225,52.620142459869385,27568,steropes,169.229.49.254,"{'starting_lr': 1.0, 'momentum': 0.9, 'weight_decay': 0.0001, 'steps_per_iteration': None, 'pin': False, 'model_creator': None, 'target_batch_size': 1024, 'model_string': 'resnet18', 'min_batch_size': 512, 'dataset': 'CIFAR', 'placement': None, 'use_nccl': True, 'devices_per_worker': 1, 'primary_resource': 'extra_gpu', 'gpu': False, 'verbose': False, 'lr_config': {'mode': 'log', 'steps': 5, 'initial_lr': 1.0, 'target_lr': 1.0}, 'batch_per_device': 1024}",52.620142459869385,0,6,7409.696584140729,1,52.620142459869385
0.008756041526794434,0.1351317882537842,0.005950355529785156,0.029241420784775093,0.027265715599060058,nan,0.0,0.055736446380615236,0.09999999403953552,2.313715425491333,-0.09999999403953552,nan,0.0,nan,0.0,nan,0.0,0.0993799939751625,2.3144118466949464,nan,0.0,nan,0.0,60000,1,False,,,7,-2.313715425491333,b7a0460893c4412db075f8f176faa3d2,2019-05-30_14-57-35,1559253455,8.088015794754028,60.70815825462341,27568,steropes,169.229.49.254,"{'starting_lr': 1.0, 'momentum': 0.9, 'weight_decay': 0.0001, 'steps_per_iteration': None, 'pin': False, 'model_creator': None, 'target_batch_size': 1024, 'model_string': 'resnet18', 'min_batch_size': 512, 'dataset': 'CIFAR', 'placement': None, 'use_nccl': True, 'devices_per_worker': 1, 'primary_resource': 'extra_gpu', 'gpu': False, 'verbose': False, 'lr_config': {'mode': 'log', 'steps': 5, 'initial_lr': 1.0, 'target_lr': 1.0}, 'batch_per_device': 1024}",60.70815825462341,0,7,7446.677292789858,1,60.70815825462341
0.007583999633789062,0.12897722721099852,0.0058143377304077145,0.02819203843875807,0.028453469276428223,nan,0.0,0.044583606719970706,0.10109999775886536,2.3108427909851073,-0.10109999775886536,nan,0.0,nan,0.0,nan,0.0,0.09697999805212021,2.31421893699646,nan,0.0,nan,0.0,60000,1,False,,,8,-2.3108427909851073,b7a0460893c4412db075f8f176faa3d2,2019-05-30_14-57-43,1559253463,8.058839082717896,68.76699733734131,27568,steropes,169.229.49.254,"{'starting_lr': 1.0, 'momentum': 0.9, 'weight_decay': 0.0001, 'steps_per_iteration': None, 'pin': False, 'model_creator': None, 'target_batch_size': 1024, 'model_string': 'resnet18', 'min_batch_size': 512, 'dataset': 'CIFAR', 'placement': None, 'use_nccl': True, 'devices_per_worker': 1, 'primary_resource': 'extra_gpu', 'gpu': False, 'verbose': False, 'lr_config': {'mode': 'log', 'steps': 5, 'initial_lr': 1.0, 'target_lr': 1.0}, 'batch_per_device': 1024}",68.76699733734131,0,8,7391.324521518236,1,68.76699733734131
0.00724790096282959,0.13096797466278076,0.005160641670227051,0.03223342311625578,0.024192309379577635,nan,0.0,0.04489059448242187,0.09999999403953552,2.313484769821167,-0.09999999403953552,nan,0.0,nan,0.0,nan,0.0,0.10198000073432922,2.314276409301758,nan,0.0,nan,0.0,60000,1,False,,,9,-2.313484769821167,b7a0460893c4412db075f8f176faa3d2,2019-05-30_14-57-51,1559253471,8.171182632446289,76.9381799697876,27568,steropes,169.229.49.254,"{'starting_lr': 1.0, 'momentum': 0.9, 'weight_decay': 0.0001, 'steps_per_iteration': None, 'pin': False, 'model_creator': None, 'target_batch_size': 1024, 'model_string': 'resnet18', 'min_batch_size': 512, 'dataset': 'CIFAR', 'placement': None, 'use_nccl': True, 'devices_per_worker': 1, 'primary_resource': 'extra_gpu', 'gpu': False, 'verbose': False, 'lr_config': {'mode': 'log', 'steps': 5, 'initial_lr': 1.0, 'target_lr': 1.0}, 'batch_per_device': 1024}",76.9381799697876,0,9,7411.528289673837,1,76.9381799697876
0.008237147331237793,0.1306462049484253,0.005819010734558106,0.04470040846844109,0.0236614465713501,nan,0.0,0.04698810577392578,0.09999999403953552,2.313098027038574,-0.09999999403953552,nan,0.0,nan,0.0,nan,0.0,0.09944000095129013,2.3136238901519777,nan,0.0,nan,0.0,60000,1,False,,,10,-2.313098027038574,b7a0460893c4412db075f8f176faa3d2,2019-05-30_14-58-00,1559253480,8.739198923110962,85.67737889289856,27568,steropes,169.229.49.254,"{'starting_lr': 1.0, 'momentum': 0.9, 'weight_decay': 0.0001, 'steps_per_iteration': None, 'pin': False, 'model_creator': None, 'target_batch_size': 1024, 'model_string': 'resnet18', 'min_batch_size': 512, 'dataset': 'CIFAR', 'placement': None, 'use_nccl': True, 'devices_per_worker': 1, 'primary_resource': 'extra_gpu', 'gpu': False, 'verbose': False, 'lr_config': {'mode': 'log', 'steps': 5, 'initial_lr': 1.0, 'target_lr': 1.0}, 'batch_per_device': 1024}",85.67737889289856,0,10,7285.3192102334515,1,85.67737889289856
0.006731700897216797,0.11984357833862305,0.005408263206481934,0.036868280293990155,0.02121424674987793,nan,0.0,0.04999916553497315,0.09999999403953552,2.314312637710571,-0.09999999403953552,nan,0.0,nan,0.0,nan,0.0,0.09860000014305115,2.3137670150756837,nan,0.0,nan,0.0,60000,1,False,,,11,-2.314312637710571,b7a0460893c4412db075f8f176faa3d2,2019-05-30_14-58-08,1559253488,8.416062355041504,94.09344124794006,27568,steropes,169.229.49.254,"{'starting_lr': 1.0, 'momentum': 0.9, 'weight_decay': 0.0001, 'steps_per_iteration': None, 'pin': False, 'model_creator': None, 'target_batch_size': 1024, 'model_string': 'resnet18', 'min_batch_size': 512, 'dataset': 'CIFAR', 'placement': None, 'use_nccl': True, 'devices_per_worker': 1, 'primary_resource': 'extra_gpu', 'gpu': False, 'verbose': False, 'lr_config': {'mode': 'log', 'steps': 5, 'initial_lr': 1.0, 'target_lr': 1.0}, 'batch_per_device': 1024}",94.09344124794006,0,11,7233.502063149139,1,94.09344124794006
0.006738901138305664,0.12381680011749267,0.004648876190185547,0.042666007061393896,0.02081446647644043,nan,0.0,0.042676019668579104,0.09999999403953552,2.3150423007965086,-0.09999999403953552,nan,0.0,nan,0.0,nan,0.0,0.09922000020742416,2.313689271469116,nan,0.0,nan,0.0,60000,1,True,,,12,-2.3150423007965086,b7a0460893c4412db075f8f176faa3d2,2019-05-30_14-58-16,1559253496,7.678113698959351,101.77155494689941,27568,steropes,169.229.49.254,"{'starting_lr': 1.0, 'momentum': 0.9, 'weight_decay': 0.0001, 'steps_per_iteration': None, 'pin': False, 'model_creator': None, 'target_batch_size': 1024, 'model_string': 'resnet18', 'min_batch_size': 512, 'dataset': 'CIFAR', 'placement': None, 'use_nccl': True, 'devices_per_worker': 1, 'primary_resource': 'extra_gpu', 'gpu': False, 'verbose': False, 'lr_config': {'mode': 'log', 'steps': 5, 'initial_lr': 1.0, 'target_lr': 1.0}, 'batch_per_device': 1024}",101.77155494689941,0,12,7305.706163941077,1,101.77155494689941
