{"apply": 0.017502403259277342, "batch_time": 0.048495008975644655, "d2h": 0.0006619691848754883, "data_time": 0.0019401729564227717, "fwd": 0.11972520351409913, "get_state_time_mean": NaN, "get_state_time_total": 0.0, "grad": 0.16396214962005615, "mean_accuracy": 0.09999999403953552, "mean_loss": 20.346952963256836, "neg_mean_accuracy": -0.09999999403953552, "set_state_time_mean": NaN, "set_state_time_total": 0.0, "setup_model_time_mean": 8.531929969787598, "setup_model_time_total": 8.531929969787598, "setup_proc_time_mean": 0.23721575736999512, "setup_proc_time_total": 0.23721575736999512, "train_accuracy": 0.10721999406814575, "train_loss": 8.664905168304443, "training_time_mean": NaN, "training_time_total": 0.0, "val_accuracy": 0.09999999403953552, "val_loss": 20.346952963256836, "validation_time_mean": NaN, "validation_time_total": 0.0, "samples": 60000, "num_workers": 1, "done": false, "timesteps_total": null, "episodes_total": null, "training_iteration": 1, "neg_mean_loss": -20.346952963256836, "experiment_id": "eb7073fbd09444bd86da2f1eb1cace21", "date": "2019-06-02_20-37-58", "timestamp": 1559533078, "time_this_iter_s": 46.70287728309631, "time_total_s": 46.70287728309631, "pid": 9826, "hostname": "steropes", "node_ip": "169.229.49.254", "config": {"starting_lr": 0.1, "momentum": 0.99, "weight_decay": 0.005, "steps_per_iteration": null, "pin": false, "model_creator": null, "target_batch_size": 128, "model_string": "resnet50", "min_batch_size": 128, "dataset": "CIFAR", "placement": null, "use_nccl": true, "devices_per_worker": 1, "primary_resource": "extra_gpu", "gpu": false, "verbose": false, "lr_config": {"mode": "log", "steps": 5, "initial_lr": 0.1, "target_lr": 0.1}, "batch_per_device": 128}, "time_since_restore": 46.70287728309631, "timesteps_since_restore": 0, "iterations_since_restore": 1, "mean_throughput": 1284.7149865956007, "atoms": 1, "setup_time": 11.42739486694336}
{"apply": 0.017179322242736817, "batch_time": 0.03162622149986557, "d2h": 0.000672602653503418, "data_time": 0.0018535946946009955, "fwd": 0.027622318267822264, "get_state_time_mean": NaN, "get_state_time_total": 0.0, "grad": 0.04726839065551758, "mean_accuracy": 0.10129999741911888, "mean_loss": 22096.41374210663, "neg_mean_accuracy": -0.10260000079870224, "set_state_time_mean": NaN, "set_state_time_total": 0.0, "setup_model_time_mean": NaN, "setup_model_time_total": 0.0, "setup_proc_time_mean": NaN, "setup_proc_time_total": 0.0, "train_accuracy": 0.11085999757051468, "train_loss": 9.594262307434082, "training_time_mean": NaN, "training_time_total": 0.0, "val_accuracy": 0.10260000079870224, "val_loss": 44172.48053125, "validation_time_mean": NaN, "validation_time_total": 0.0, "samples": 60000, "num_workers": 1, "done": false, "timesteps_total": null, "episodes_total": null, "training_iteration": 2, "neg_mean_loss": -22096.41374210663, "experiment_id": "eb7073fbd09444bd86da2f1eb1cace21", "date": "2019-06-02_20-38-39", "timestamp": 1559533119, "time_this_iter_s": 40.69078016281128, "time_total_s": 87.39365744590759, "pid": 9826, "hostname": "steropes", "node_ip": "169.229.49.254", "config": {"starting_lr": 0.1, "momentum": 0.99, "weight_decay": 0.005, "steps_per_iteration": null, "pin": false, "model_creator": null, "target_batch_size": 128, "model_string": "resnet50", "min_batch_size": 128, "dataset": "CIFAR", "placement": null, "use_nccl": true, "devices_per_worker": 1, "primary_resource": "extra_gpu", "gpu": false, "verbose": false, "lr_config": {"mode": "log", "steps": 5, "initial_lr": 0.1, "target_lr": 0.1}, "batch_per_device": 128}, "time_since_restore": 87.39365744590759, "timesteps_since_restore": 0, "iterations_since_restore": 2, "mean_throughput": 1373.0946854873146, "atoms": 1, "setup_time": 11.42739486694336}
{"apply": 0.017504501342773437, "batch_time": 0.03241597248029105, "d2h": 0.0007136106491088867, "data_time": 0.0019105883205638213, "fwd": 0.029700803756713866, "get_state_time_mean": NaN, "get_state_time_total": 0.0, "grad": 0.0527146577835083, "mean_accuracy": 0.10003333042065303, "mean_loss": 151022.58639473777, "neg_mean_accuracy": -0.09749999642372131, "set_state_time_mean": NaN, "set_state_time_total": 0.0, "setup_model_time_mean": NaN, "setup_model_time_total": 0.0, "setup_proc_time_mean": NaN, "setup_proc_time_total": 0.0, "train_accuracy": 0.10941999405622482, "train_loss": 20.034351041870117, "training_time_mean": NaN, "training_time_total": 0.0, "val_accuracy": 0.09749999642372131, "val_loss": 408874.9317, "validation_time_mean": NaN, "validation_time_total": 0.0, "samples": 60000, "num_workers": 1, "done": true, "timesteps_total": null, "episodes_total": null, "training_iteration": 3, "neg_mean_loss": -151022.58639473777, "experiment_id": "eb7073fbd09444bd86da2f1eb1cace21", "date": "2019-06-02_20-39-20", "timestamp": 1559533160, "time_this_iter_s": 40.70720458030701, "time_total_s": 128.1008620262146, "pid": 9826, "hostname": "steropes", "node_ip": "169.229.49.254", "config": {"starting_lr": 0.1, "momentum": 0.99, "weight_decay": 0.005, "steps_per_iteration": null, "pin": false, "model_creator": null, "target_batch_size": 128, "model_string": "resnet50", "min_batch_size": 128, "dataset": "CIFAR", "placement": null, "use_nccl": true, "devices_per_worker": 1, "primary_resource": "extra_gpu", "gpu": false, "verbose": false, "lr_config": {"mode": "log", "steps": 5, "initial_lr": 0.1, "target_lr": 0.1}, "batch_per_device": 128}, "time_since_restore": 128.1008620262146, "timesteps_since_restore": 0, "iterations_since_restore": 3, "mean_throughput": 1405.1393432335235, "atoms": 1, "setup_time": 11.42739486694336}
