apply,batch_time,d2h,data_time,fwd,get_state_time_mean,get_state_time_total,grad,mean_accuracy,mean_loss,neg_mean_accuracy,set_state_time_mean,set_state_time_total,setup_model_time_mean,setup_model_time_total,setup_proc_time_mean,setup_proc_time_total,train_accuracy,train_loss,training_time_mean,training_time_total,validation_time_mean,validation_time_total,samples,num_workers,done,timesteps_total,episodes_total,training_iteration,neg_mean_loss,experiment_id,date,timestamp,time_this_iter_s,time_total_s,pid,hostname,node_ip,config,time_since_restore,timesteps_since_restore,iterations_since_restore,mean_throughput,atoms,resource_time
0.007341766357421875,0.1895840883255005,0.004840421676635742,0.038562925494447044,0.08255307674407959,nan,0.0,0.17183370590209962,0.3401999771595001,1.8066621486663819,-0.3401999771595001,nan,0.0,11.983520269393921,11.983520269393921,1.8209643363952637,1.8209643363952637,0.26241999864578247,2.512479706497192,nan,0.0,nan,0.0,60000,1,False,,,1,-1.8066621486663819,7bc55b46c91c44fc9e187b04a311ac06,2019-05-30_14-15-14,1559250914,11.643326759338379,11.643326759338379,21725,steropes,169.229.49.254,"{'starting_lr': 0.005, 'momentum': 0.997, 'weight_decay': 0.0005, 'steps_per_iteration': None, 'pin': False, 'model_creator': None, 'target_batch_size': 1024, 'model_string': 'resnet18', 'min_batch_size': 512, 'dataset': 'CIFAR', 'placement': None, 'use_nccl': True, 'devices_per_worker': 1, 'primary_resource': 'extra_gpu', 'gpu': False, 'verbose': False, 'lr_config': {'mode': 'log', 'steps': 5, 'initial_lr': 0.005, 'target_lr': 0.005}, 'batch_per_device': 1024}",11.643326759338379,0,1,5153.12944741054,1,11.643326759338379
0.007582950592041016,0.12900264263153077,0.004697394371032715,0.03522795073840083,0.022956156730651857,nan,0.0,0.04716601371765137,0.44369998574256897,1.5557046518325806,-0.44369998574256897,nan,0.0,nan,0.0,nan,0.0,0.3931399881839752,1.6674106467056273,nan,0.0,nan,0.0,60000,1,False,,,2,-1.5557046518325806,7bc55b46c91c44fc9e187b04a311ac06,2019-05-30_14-15-21,1559250921,7.561079263687134,19.204406023025513,21725,steropes,169.229.49.254,"{'starting_lr': 0.005, 'momentum': 0.997, 'weight_decay': 0.0005, 'steps_per_iteration': None, 'pin': False, 'model_creator': None, 'target_batch_size': 1024, 'model_string': 'resnet18', 'min_batch_size': 512, 'dataset': 'CIFAR', 'placement': None, 'use_nccl': True, 'devices_per_worker': 1, 'primary_resource': 'extra_gpu', 'gpu': False, 'verbose': False, 'lr_config': {'mode': 'log', 'steps': 5, 'initial_lr': 0.005, 'target_lr': 0.005}, 'batch_per_device': 1024}",19.204406023025513,0,2,6248.5128610432475,1,19.204406023025513
0.00889418125152588,0.15107274055480957,0.006139993667602539,0.029411564067918426,0.03162186145782471,nan,0.0,0.059613919258117674,0.47269999980926514,1.5046530138015748,-0.47269999980926514,nan,0.0,nan,0.0,nan,0.0,0.4385799765586853,1.5382539010238647,nan,0.0,nan,0.0,60000,1,False,,,3,-1.5046530138015748,7bc55b46c91c44fc9e187b04a311ac06,2019-05-30_14-15-30,1559250930,8.198025465011597,27.40243148803711,21725,steropes,169.229.49.254,"{'starting_lr': 0.005, 'momentum': 0.997, 'weight_decay': 0.0005, 'steps_per_iteration': None, 'pin': False, 'model_creator': None, 'target_batch_size': 1024, 'model_string': 'resnet18', 'min_batch_size': 512, 'dataset': 'CIFAR', 'placement': None, 'use_nccl': True, 'devices_per_worker': 1, 'primary_resource': 'extra_gpu', 'gpu': False, 'verbose': False, 'lr_config': {'mode': 'log', 'steps': 5, 'initial_lr': 0.005, 'target_lr': 0.005}, 'batch_per_device': 1024}",27.40243148803711,0,3,6568.702141867958,1,27.40243148803711
0.00937349796295166,0.14250845909118653,0.006450581550598145,0.03866054087269063,0.03893380165100098,nan,0.0,0.05429072380065918,0.469899982213974,1.5165606246948242,-0.469899982213974,nan,0.0,nan,0.0,nan,0.0,0.45673999190330505,1.4994664011383056,nan,0.0,nan,0.0,60000,1,False,,,4,-1.5165606246948242,7bc55b46c91c44fc9e187b04a311ac06,2019-05-30_14-15-39,1559250939,8.978625297546387,36.381056785583496,21725,steropes,169.229.49.254,"{'starting_lr': 0.005, 'momentum': 0.997, 'weight_decay': 0.0005, 'steps_per_iteration': None, 'pin': False, 'model_creator': None, 'target_batch_size': 1024, 'model_string': 'resnet18', 'min_batch_size': 512, 'dataset': 'CIFAR', 'placement': None, 'use_nccl': True, 'devices_per_worker': 1, 'primary_resource': 'extra_gpu', 'gpu': False, 'verbose': False, 'lr_config': {'mode': 'log', 'steps': 5, 'initial_lr': 0.005, 'target_lr': 0.005}, 'batch_per_device': 1024}",36.381056785583496,0,4,6596.781907327502,1,36.381056785583496
0.008648896217346191,0.14013094902038575,0.007661199569702149,0.05216789245605469,0.029227805137634278,nan,0.0,0.04652471542358398,0.5029999613761902,1.3890317504882812,-0.5029999613761902,nan,0.0,nan,0.0,nan,0.0,0.4777199923992157,1.44958916015625,nan,0.0,nan,0.0,60000,1,False,,,5,-1.3890317504882812,7bc55b46c91c44fc9e187b04a311ac06,2019-05-30_14-15-47,1559250947,8.818419456481934,45.19947624206543,21725,steropes,169.229.49.254,"{'starting_lr': 0.005, 'momentum': 0.997, 'weight_decay': 0.0005, 'steps_per_iteration': None, 'pin': False, 'model_creator': None, 'target_batch_size': 1024, 'model_string': 'resnet18', 'min_batch_size': 512, 'dataset': 'CIFAR', 'placement': None, 'use_nccl': True, 'devices_per_worker': 1, 'primary_resource': 'extra_gpu', 'gpu': False, 'verbose': False, 'lr_config': {'mode': 'log', 'steps': 5, 'initial_lr': 0.005, 'target_lr': 0.005}, 'batch_per_device': 1024}",45.19947624206543,0,5,6637.184904128746,1,45.19947624206543
0.008455681800842284,0.13768107891082765,0.008087992668151855,0.027769035222579022,0.037413930892944335,nan,0.0,0.05824956893920898,0.5234000086784363,1.348136714553833,-0.5234000086784363,nan,0.0,nan,0.0,nan,0.0,0.49591997265815735,1.398327886543274,nan,0.0,nan,0.0,60000,1,False,,,6,-1.348136714553833,7bc55b46c91c44fc9e187b04a311ac06,2019-05-30_14-15-56,1559250956,8.245513439178467,53.4449896812439,21725,steropes,169.229.49.254,"{'starting_lr': 0.005, 'momentum': 0.997, 'weight_decay': 0.0005, 'steps_per_iteration': None, 'pin': False, 'model_creator': None, 'target_batch_size': 1024, 'model_string': 'resnet18', 'min_batch_size': 512, 'dataset': 'CIFAR', 'placement': None, 'use_nccl': True, 'devices_per_worker': 1, 'primary_resource': 'extra_gpu', 'gpu': False, 'verbose': False, 'lr_config': {'mode': 'log', 'steps': 5, 'initial_lr': 0.005, 'target_lr': 0.005}, 'batch_per_device': 1024}",53.4449896812439,0,6,7176.676717791621,1,53.4449896812439
0.007086181640625,0.1277156352996826,0.006597733497619629,0.033570795643086335,0.030728602409362794,nan,0.0,0.05285186767578125,0.5442999601364136,1.3179257570266725,-0.5442999601364136,nan,0.0,nan,0.0,nan,0.0,0.5207200050354004,1.340030178413391,nan,0.0,nan,0.0,60000,1,False,,,7,-1.3179257570266725,7bc55b46c91c44fc9e187b04a311ac06,2019-05-30_14-16-04,1559250964,8.174790143966675,61.61977982521057,21725,steropes,169.229.49.254,"{'starting_lr': 0.005, 'momentum': 0.997, 'weight_decay': 0.0005, 'steps_per_iteration': None, 'pin': False, 'model_creator': None, 'target_batch_size': 1024, 'model_string': 'resnet18', 'min_batch_size': 512, 'dataset': 'CIFAR', 'placement': None, 'use_nccl': True, 'devices_per_worker': 1, 'primary_resource': 'extra_gpu', 'gpu': False, 'verbose': False, 'lr_config': {'mode': 'log', 'steps': 5, 'initial_lr': 0.005, 'target_lr': 0.005}, 'batch_per_device': 1024}",61.61977982521057,0,7,7072.838077602544,1,61.61977982521057
0.007831168174743653,0.12231240272521973,0.005729126930236817,0.03879408447109923,0.03946089744567871,nan,0.0,0.04679989814758301,0.5561000108718872,1.2560181537628174,-0.5561000108718872,nan,0.0,nan,0.0,nan,0.0,0.5354999899864197,1.2907441326141358,nan,0.0,nan,0.0,60000,1,False,,,8,-1.2560181537628174,7bc55b46c91c44fc9e187b04a311ac06,2019-05-30_14-16-12,1559250972,8.162870168685913,69.78264999389648,21725,steropes,169.229.49.254,"{'starting_lr': 0.005, 'momentum': 0.997, 'weight_decay': 0.0005, 'steps_per_iteration': None, 'pin': False, 'model_creator': None, 'target_batch_size': 1024, 'model_string': 'resnet18', 'min_batch_size': 512, 'dataset': 'CIFAR', 'placement': None, 'use_nccl': True, 'devices_per_worker': 1, 'primary_resource': 'extra_gpu', 'gpu': False, 'verbose': False, 'lr_config': {'mode': 'log', 'steps': 5, 'initial_lr': 0.005, 'target_lr': 0.005}, 'batch_per_device': 1024}",69.78264999389648,0,8,7078.693502230352,1,69.78264999389648
0.006637048721313476,0.12936971187591553,0.004731583595275879,0.0390201101497728,0.02035346031188965,nan,0.0,0.04181199073791504,0.573199987411499,1.198555195426941,-0.573199987411499,nan,0.0,nan,0.0,nan,0.0,0.5514000058174133,1.2431329542541505,nan,0.0,nan,0.0,60000,1,False,,,9,-1.198555195426941,7bc55b46c91c44fc9e187b04a311ac06,2019-05-30_14-16-19,1559250979,7.447358131408691,77.23000812530518,21725,steropes,169.229.49.254,"{'starting_lr': 0.005, 'momentum': 0.997, 'weight_decay': 0.0005, 'steps_per_iteration': None, 'pin': False, 'model_creator': None, 'target_batch_size': 1024, 'model_string': 'resnet18', 'min_batch_size': 512, 'dataset': 'CIFAR', 'placement': None, 'use_nccl': True, 'devices_per_worker': 1, 'primary_resource': 'extra_gpu', 'gpu': False, 'verbose': False, 'lr_config': {'mode': 'log', 'steps': 5, 'initial_lr': 0.005, 'target_lr': 0.005}, 'batch_per_device': 1024}",77.23000812530518,0,9,7344.042936809868,1,77.23000812530518
0.008793973922729492,0.12822797298431396,0.005750322341918945,0.02429885766944107,0.03076910972595215,nan,0.0,0.05188820362091064,0.6008999943733215,1.1320657371520997,-0.6008999943733215,nan,0.0,nan,0.0,nan,0.0,0.5658199787139893,1.2021033197402955,nan,0.0,nan,0.0,60000,1,False,,,10,-1.1320657371520997,7bc55b46c91c44fc9e187b04a311ac06,2019-05-30_14-17-17,1559251037,7.889637231826782,85.11964535713196,21725,steropes,169.229.49.254,"{'starting_lr': 0.005, 'momentum': 0.997, 'weight_decay': 0.0005, 'steps_per_iteration': None, 'pin': False, 'model_creator': None, 'target_batch_size': 1024, 'model_string': 'resnet18', 'min_batch_size': 512, 'dataset': 'CIFAR', 'placement': None, 'use_nccl': True, 'devices_per_worker': 1, 'primary_resource': 'extra_gpu', 'gpu': False, 'verbose': False, 'lr_config': {'mode': 'log', 'steps': 5, 'initial_lr': 0.005, 'target_lr': 0.005}, 'batch_per_device': 1024}",85.11964535713196,0,10,7514.9092679892665,1,85.11964535713196
0.007828235626220703,0.13223166465759278,0.005266261100769043,0.023895555612992267,0.034302163124084475,nan,0.0,0.052668094635009766,0.607699990272522,1.0990184604644775,-0.607699990272522,nan,0.0,nan,0.0,nan,0.0,0.5884199738502502,1.1472890086364746,nan,0.0,nan,0.0,60000,1,False,,,11,-1.0990184604644775,7bc55b46c91c44fc9e187b04a311ac06,2019-05-30_14-17-26,1559251046,8.308356046676636,93.4280014038086,21725,steropes,169.229.49.254,"{'starting_lr': 0.005, 'momentum': 0.997, 'weight_decay': 0.0005, 'steps_per_iteration': None, 'pin': False, 'model_creator': None, 'target_batch_size': 1024, 'model_string': 'resnet18', 'min_batch_size': 512, 'dataset': 'CIFAR', 'placement': None, 'use_nccl': True, 'devices_per_worker': 1, 'primary_resource': 'extra_gpu', 'gpu': False, 'verbose': False, 'lr_config': {'mode': 'log', 'steps': 5, 'initial_lr': 0.005, 'target_lr': 0.005}, 'batch_per_device': 1024}",93.4280014038086,0,11,7503.1002158711235,1,93.4280014038086
0.007138347625732422,0.13681113719940186,0.006623411178588867,0.028509115686221997,0.03647720813751221,nan,0.0,0.06246206760406494,0.6168999671936035,1.0749053129196167,-0.6168999671936035,nan,0.0,nan,0.0,nan,0.0,0.6028599739074707,1.1096650328826905,nan,0.0,nan,0.0,60000,1,False,,,12,-1.0749053129196167,7bc55b46c91c44fc9e187b04a311ac06,2019-05-30_14-17-34,1559251054,8.103789806365967,101.53179121017456,21725,steropes,169.229.49.254,"{'starting_lr': 0.005, 'momentum': 0.997, 'weight_decay': 0.0005, 'steps_per_iteration': None, 'pin': False, 'model_creator': None, 'target_batch_size': 1024, 'model_string': 'resnet18', 'min_batch_size': 512, 'dataset': 'CIFAR', 'placement': None, 'use_nccl': True, 'devices_per_worker': 1, 'primary_resource': 'extra_gpu', 'gpu': False, 'verbose': False, 'lr_config': {'mode': 'log', 'steps': 5, 'initial_lr': 0.005, 'target_lr': 0.005}, 'batch_per_device': 1024}",101.53179121017456,0,12,7516.4470844816215,1,101.53179121017456
0.0070367097854614254,0.1246187448501587,0.004674983024597168,0.04431481264075454,0.022829818725585937,nan,0.0,0.04638652801513672,0.6276999711990356,1.061581905937195,-0.6276999711990356,nan,0.0,nan,0.0,nan,0.0,0.611799955368042,1.0769691244888306,nan,0.0,nan,0.0,60000,1,False,,,13,-1.061581905937195,7bc55b46c91c44fc9e187b04a311ac06,2019-05-30_14-17-42,1559251062,7.699741840362549,109.23153305053711,21725,steropes,169.229.49.254,"{'starting_lr': 0.005, 'momentum': 0.997, 'weight_decay': 0.0005, 'steps_per_iteration': None, 'pin': False, 'model_creator': None, 'target_batch_size': 1024, 'model_string': 'resnet18', 'min_batch_size': 512, 'dataset': 'CIFAR', 'placement': None, 'use_nccl': True, 'devices_per_worker': 1, 'primary_resource': 'extra_gpu', 'gpu': False, 'verbose': False, 'lr_config': {'mode': 'log', 'steps': 5, 'initial_lr': 0.005, 'target_lr': 0.005}, 'batch_per_device': 1024}",109.23153305053711,0,13,7604.702077653828,1,109.23153305053711
0.006823539733886719,0.12385973930358887,0.00447235107421875,0.04252660031221351,0.02067985534667969,nan,0.0,0.041867756843566896,0.6344000101089478,1.0166125570297242,-0.6344000101089478,nan,0.0,nan,0.0,nan,0.0,0.6276599764823914,1.0410548476791381,nan,0.0,nan,0.0,60000,1,False,,,14,-1.0166125570297242,7bc55b46c91c44fc9e187b04a311ac06,2019-05-30_14-17-49,1559251069,7.241790294647217,116.47332334518433,21725,steropes,169.229.49.254,"{'starting_lr': 0.005, 'momentum': 0.997, 'weight_decay': 0.0005, 'steps_per_iteration': None, 'pin': False, 'model_creator': None, 'target_batch_size': 1024, 'model_string': 'resnet18', 'min_batch_size': 512, 'dataset': 'CIFAR', 'placement': None, 'use_nccl': True, 'devices_per_worker': 1, 'primary_resource': 'extra_gpu', 'gpu': False, 'verbose': False, 'lr_config': {'mode': 'log', 'steps': 5, 'initial_lr': 0.005, 'target_lr': 0.005}, 'batch_per_device': 1024}",116.47332334518433,0,14,7644.537167516049,1,116.47332334518433
0.007516920566558838,0.12622133493423462,0.002825796604156494,0.014114747242051728,0.05548703670501709,nan,0.0,0.1115983247756958,0.6452000141143799,0.9933988776683808,-0.6452000141143799,6.964585304260254,6.964585304260254,9.802997946739197,9.802997946739197,1.62250816822052,1.62250816822052,0.6373399496078491,1.0166404809474945,nan,0.0,nan,0.0,60000,2,False,,,15,-0.9933988776683808,7bc55b46c91c44fc9e187b04a311ac06,2019-05-30_14-18-26,1559251106,8.465191125869751,124.93851447105408,21739,steropes,169.229.49.254,"{'starting_lr': 0.005, 'momentum': 0.997, 'weight_decay': 0.0005, 'steps_per_iteration': None, 'pin': False, 'model_creator': None, 'target_batch_size': 1024, 'model_string': 'resnet18', 'min_batch_size': 512, 'dataset': 'CIFAR', 'placement': None, 'use_nccl': True, 'devices_per_worker': 1, 'primary_resource': 'extra_gpu', 'gpu': False, 'verbose': False, 'lr_config': {'mode': 'log', 'steps': 5, 'initial_lr': 0.005, 'target_lr': 0.005}, 'batch_per_device': 512}",8.465191125869751,0,1,7087.757392079085,2,133.40370559692383
0.009239375591278076,0.08973640203475952,0.0032188057899475097,0.01246036315450863,0.018707764148712155,nan,0.0,0.046595835685729975,0.655299961566925,0.9714226518154144,-0.655299961566925,nan,0.0,nan,0.0,nan,0.0,0.6481000185012817,0.9822052414131165,nan,0.0,nan,0.0,60000,2,False,,,16,-0.9714226518154144,7bc55b46c91c44fc9e187b04a311ac06,2019-05-30_14-18-32,1559251112,5.7954347133636475,130.73394918441772,21739,steropes,169.229.49.254,"{'starting_lr': 0.005, 'momentum': 0.997, 'weight_decay': 0.0005, 'steps_per_iteration': None, 'pin': False, 'model_creator': None, 'target_batch_size': 1024, 'model_string': 'resnet18', 'min_batch_size': 512, 'dataset': 'CIFAR', 'placement': None, 'use_nccl': True, 'devices_per_worker': 1, 'primary_resource': 'extra_gpu', 'gpu': False, 'verbose': False, 'lr_config': {'mode': 'log', 'steps': 5, 'initial_lr': 0.005, 'target_lr': 0.005}, 'batch_per_device': 512}",14.260625839233398,0,2,8414.667383419712,2,144.99457502365112
0.008081400394439697,0.08799426555633545,0.0028102993965148926,0.012967073187536123,0.017096543312072755,nan,0.0,0.05011825561523438,0.6647999286651611,0.950794136428833,-0.6647999286651611,nan,0.0,nan,0.0,nan,0.0,0.6617000102996826,0.9478197566604615,nan,0.0,nan,0.0,60000,2,False,,,17,-0.950794136428833,7bc55b46c91c44fc9e187b04a311ac06,2019-05-30_14-18-38,1559251118,5.911165952682495,136.64511513710022,21739,steropes,169.229.49.254,"{'starting_lr': 0.005, 'momentum': 0.997, 'weight_decay': 0.0005, 'steps_per_iteration': None, 'pin': False, 'model_creator': None, 'target_batch_size': 1024, 'model_string': 'resnet18', 'min_batch_size': 512, 'dataset': 'CIFAR', 'placement': None, 'use_nccl': True, 'devices_per_worker': 1, 'primary_resource': 'extra_gpu', 'gpu': False, 'verbose': False, 'lr_config': {'mode': 'log', 'steps': 5, 'initial_lr': 0.005, 'target_lr': 0.005}, 'batch_per_device': 512}",20.171791791915894,0,3,8923.236475705651,2,156.8169069290161
0.00906839370727539,0.09826891422271729,0.0027809619903564455,0.014569224143514827,0.017655122280120852,nan,0.0,0.04808354377746582,0.6814999580383301,0.9105842195510865,-0.6814999580383301,nan,0.0,nan,0.0,nan,0.0,0.6719199419021606,0.9226784604072571,nan,0.0,nan,0.0,60000,2,False,,,18,-0.9105842195510865,7bc55b46c91c44fc9e187b04a311ac06,2019-05-30_14-18-44,1559251124,5.889306545257568,142.5344216823578,21739,steropes,169.229.49.254,"{'starting_lr': 0.005, 'momentum': 0.997, 'weight_decay': 0.0005, 'steps_per_iteration': None, 'pin': False, 'model_creator': None, 'target_batch_size': 1024, 'model_string': 'resnet18', 'min_batch_size': 512, 'dataset': 'CIFAR', 'placement': None, 'use_nccl': True, 'devices_per_worker': 1, 'primary_resource': 'extra_gpu', 'gpu': False, 'verbose': False, 'lr_config': {'mode': 'log', 'steps': 5, 'initial_lr': 0.005, 'target_lr': 0.005}, 'batch_per_device': 512}",26.061098337173462,0,4,9209.007472024141,2,168.59552001953125
0.007914245128631592,0.0890008568763733,0.0029695510864257814,0.013809393863288725,0.01765885353088379,nan,0.0,0.04971712827682495,0.6792999505996704,0.9106964448451995,-0.6792999505996704,nan,0.0,nan,0.0,nan,0.0,0.6790399551391602,0.9032959330177307,nan,0.0,nan,0.0,60000,2,False,,,19,-0.9106964448451995,7bc55b46c91c44fc9e187b04a311ac06,2019-05-30_14-18-50,1559251130,5.886389255523682,148.42081093788147,21739,steropes,169.229.49.254,"{'starting_lr': 0.005, 'momentum': 0.997, 'weight_decay': 0.0005, 'steps_per_iteration': None, 'pin': False, 'model_creator': None, 'target_batch_size': 1024, 'model_string': 'resnet18', 'min_batch_size': 512, 'dataset': 'CIFAR', 'placement': None, 'use_nccl': True, 'devices_per_worker': 1, 'primary_resource': 'extra_gpu', 'gpu': False, 'verbose': False, 'lr_config': {'mode': 'log', 'steps': 5, 'initial_lr': 0.005, 'target_lr': 0.005}, 'batch_per_device': 512}",31.947487592697144,0,5,9390.285113079808,2,180.3682985305786
0.008042335510253906,0.08486987352371216,0.002586507797241211,0.014136350884729502,0.01771225929260254,nan,0.0,0.04781112670898438,0.6921999454498291,0.8715305208683014,-0.6921999454498291,nan,0.0,nan,0.0,nan,0.0,0.6878399848937988,0.8754846161556243,nan,0.0,nan,0.0,60000,2,False,,,20,-0.8715305208683014,7bc55b46c91c44fc9e187b04a311ac06,2019-05-30_14-18-56,1559251136,6.030027151107788,154.45083808898926,21739,steropes,169.229.49.254,"{'starting_lr': 0.005, 'momentum': 0.997, 'weight_decay': 0.0005, 'steps_per_iteration': None, 'pin': False, 'model_creator': None, 'target_batch_size': 1024, 'model_string': 'resnet18', 'min_batch_size': 512, 'dataset': 'CIFAR', 'placement': None, 'use_nccl': True, 'devices_per_worker': 1, 'primary_resource': 'extra_gpu', 'gpu': False, 'verbose': False, 'lr_config': {'mode': 'log', 'steps': 5, 'initial_lr': 0.005, 'target_lr': 0.005}, 'batch_per_device': 512}",37.97751474380493,0,6,10165.109170344129,2,192.4283528327942
0.009001767635345458,0.08459490537643433,0.0027856707572937013,0.01447016852242606,0.01901942491531372,nan,0.0,0.05137292146682739,0.6983000040054321,0.8636332828521729,-0.6983000040054321,nan,0.0,nan,0.0,nan,0.0,0.694159984588623,0.8530411843299865,nan,0.0,nan,0.0,60000,2,False,,,21,-0.8636332828521729,7bc55b46c91c44fc9e187b04a311ac06,2019-05-30_14-19-02,1559251142,6.0797014236450195,160.53053951263428,21739,steropes,169.229.49.254,"{'starting_lr': 0.005, 'momentum': 0.997, 'weight_decay': 0.0005, 'steps_per_iteration': None, 'pin': False, 'model_creator': None, 'target_batch_size': 1024, 'model_string': 'resnet18', 'min_batch_size': 512, 'dataset': 'CIFAR', 'placement': None, 'use_nccl': True, 'devices_per_worker': 1, 'primary_resource': 'extra_gpu', 'gpu': False, 'verbose': False, 'lr_config': {'mode': 'log', 'steps': 5, 'initial_lr': 0.005, 'target_lr': 0.005}, 'batch_per_device': 512}",44.05721616744995,0,7,10068.131553912994,2,204.58775568008423
0.007894670963287354,0.0911322832107544,0.0034603834152221683,0.014583032958361566,0.018122565746307374,nan,0.0,0.05160177946090698,0.6930999755859375,0.8511196081638337,-0.6930999755859375,nan,0.0,nan,0.0,nan,0.0,0.7021999955177307,0.8366429877758026,nan,0.0,nan,0.0,60000,2,False,,,22,-0.8511196081638337,7bc55b46c91c44fc9e187b04a311ac06,2019-05-30_14-19-08,1559251148,6.10265040397644,166.63318991661072,21739,steropes,169.229.49.254,"{'starting_lr': 0.005, 'momentum': 0.997, 'weight_decay': 0.0005, 'steps_per_iteration': None, 'pin': False, 'model_creator': None, 'target_batch_size': 1024, 'model_string': 'resnet18', 'min_batch_size': 512, 'dataset': 'CIFAR', 'placement': None, 'use_nccl': True, 'devices_per_worker': 1, 'primary_resource': 'extra_gpu', 'gpu': False, 'verbose': False, 'lr_config': {'mode': 'log', 'steps': 5, 'initial_lr': 0.005, 'target_lr': 0.005}, 'batch_per_device': 512}",50.15986657142639,0,8,10003.843035416969,2,216.7930564880371
0.007591867446899414,0.09664851427078247,0.0026593804359436035,0.014327633137605628,0.018408894538879395,nan,0.0,0.047580277919769286,0.7044999599456787,0.8434340891361236,-0.7044999599456787,nan,0.0,nan,0.0,nan,0.0,0.7080199718475342,0.8146185537338257,nan,0.0,nan,0.0,60000,2,False,,,23,-0.8434340891361236,7bc55b46c91c44fc9e187b04a311ac06,2019-05-30_14-19-14,1559251154,6.027177810668945,172.66036772727966,21739,steropes,169.229.49.254,"{'starting_lr': 0.005, 'momentum': 0.997, 'weight_decay': 0.0005, 'steps_per_iteration': None, 'pin': False, 'model_creator': None, 'target_batch_size': 1024, 'model_string': 'resnet18', 'min_batch_size': 512, 'dataset': 'CIFAR', 'placement': None, 'use_nccl': True, 'devices_per_worker': 1, 'primary_resource': 'extra_gpu', 'gpu': False, 'verbose': False, 'lr_config': {'mode': 'log', 'steps': 5, 'initial_lr': 0.005, 'target_lr': 0.005}, 'batch_per_device': 512}",56.18704438209534,0,9,9958.06259587116,2,228.847412109375
0.008535921573638916,0.08811758756637574,0.0029778599739074705,0.013118006745163275,0.017261791229248046,nan,0.0,0.04816492795944213,0.7190999984741211,0.8076304183483124,-0.7190999984741211,nan,0.0,nan,0.0,nan,0.0,0.7174400091171265,0.7904869988155365,nan,0.0,nan,0.0,60000,2,False,,,24,-0.8076304183483124,7bc55b46c91c44fc9e187b04a311ac06,2019-05-30_14-19-20,1559251160,5.835278749465942,178.4956464767456,21739,steropes,169.229.49.254,"{'starting_lr': 0.005, 'momentum': 0.997, 'weight_decay': 0.0005, 'steps_per_iteration': None, 'pin': False, 'model_creator': None, 'target_batch_size': 1024, 'model_string': 'resnet18', 'min_batch_size': 512, 'dataset': 'CIFAR', 'placement': None, 'use_nccl': True, 'devices_per_worker': 1, 'primary_resource': 'extra_gpu', 'gpu': False, 'verbose': False, 'lr_config': {'mode': 'log', 'steps': 5, 'initial_lr': 0.005, 'target_lr': 0.005}, 'batch_per_device': 512}",62.02232313156128,0,10,9974.987522061878,2,240.51796960830688
0.008778202533721923,0.09252293109893799,0.0029757022857666016,0.01379431997026716,0.020025312900543213,nan,0.0,0.05292502641677856,0.7186000347137451,0.7897801403045654,-0.7186000347137451,nan,0.0,nan,0.0,nan,0.0,0.7254400253295898,0.7750031255531311,nan,0.0,nan,0.0,60000,2,False,,,25,-0.7897801403045654,7bc55b46c91c44fc9e187b04a311ac06,2019-05-30_14-19-26,1559251166,6.077233076095581,184.5728795528412,21739,steropes,169.229.49.254,"{'starting_lr': 0.005, 'momentum': 0.997, 'weight_decay': 0.0005, 'steps_per_iteration': None, 'pin': False, 'model_creator': None, 'target_batch_size': 1024, 'model_string': 'resnet18', 'min_batch_size': 512, 'dataset': 'CIFAR', 'placement': None, 'use_nccl': True, 'devices_per_worker': 1, 'primary_resource': 'extra_gpu', 'gpu': False, 'verbose': False, 'lr_config': {'mode': 'log', 'steps': 5, 'initial_lr': 0.005, 'target_lr': 0.005}, 'batch_per_device': 512}",68.09955620765686,0,11,9959.355288423774,2,252.67243576049805
0.008025503158569336,0.08904203176498413,0.0023830890655517577,0.013596252519257213,0.01726616621017456,nan,0.0,0.046923601627349855,0.7208999991416931,0.799516812324524,-0.7208999991416931,nan,0.0,nan,0.0,nan,0.0,0.7321199774742126,0.7509408272838592,nan,0.0,nan,0.0,60000,2,False,,,26,-0.799516812324524,7bc55b46c91c44fc9e187b04a311ac06,2019-05-30_14-19-32,1559251172,5.896764278411865,190.46964383125305,21739,steropes,169.229.49.254,"{'starting_lr': 0.005, 'momentum': 0.997, 'weight_decay': 0.0005, 'steps_per_iteration': None, 'pin': False, 'model_creator': None, 'target_batch_size': 1024, 'model_string': 'resnet18', 'min_batch_size': 512, 'dataset': 'CIFAR', 'placement': None, 'use_nccl': True, 'devices_per_worker': 1, 'primary_resource': 'extra_gpu', 'gpu': False, 'verbose': False, 'lr_config': {'mode': 'log', 'steps': 5, 'initial_lr': 0.005, 'target_lr': 0.005}, 'batch_per_device': 512}",73.99632048606873,0,12,10020.202758942727,2,264.4659643173218
0.008099520206451416,0.08247944116592407,0.0026058673858642576,0.01257899099466752,0.0171034574508667,nan,0.0,0.04693295955657959,0.73089998960495,0.7692664974212646,-0.73089998960495,nan,0.0,nan,0.0,nan,0.0,0.7411999702453613,0.7256674998664856,nan,0.0,nan,0.0,60000,2,False,,,27,-0.7692664974212646,7bc55b46c91c44fc9e187b04a311ac06,2019-05-30_14-19-37,1559251177,5.512002229690552,195.9816460609436,21739,steropes,169.229.49.254,"{'starting_lr': 0.005, 'momentum': 0.997, 'weight_decay': 0.0005, 'steps_per_iteration': None, 'pin': False, 'model_creator': None, 'target_batch_size': 1024, 'model_string': 'resnet18', 'min_batch_size': 512, 'dataset': 'CIFAR', 'placement': None, 'use_nccl': True, 'devices_per_worker': 1, 'primary_resource': 'extra_gpu', 'gpu': False, 'verbose': False, 'lr_config': {'mode': 'log', 'steps': 5, 'initial_lr': 0.005, 'target_lr': 0.005}, 'batch_per_device': 512}",79.50832271575928,0,13,10221.857949040006,2,275.4899687767029
0.00749443769454956,0.0860520839691162,0.002845680713653565,0.013380301241972009,0.017195093631744384,nan,0.0,0.04754563570022583,0.7382999658584595,0.7474498951911926,-0.7382999658584595,nan,0.0,nan,0.0,nan,0.0,0.7433799505233765,0.7175727197265624,nan,0.0,nan,0.0,60000,2,False,,,28,-0.7474498951911926,7bc55b46c91c44fc9e187b04a311ac06,2019-05-30_14-19-43,1559251183,5.557824611663818,201.53947067260742,21739,steropes,169.229.49.254,"{'starting_lr': 0.005, 'momentum': 0.997, 'weight_decay': 0.0005, 'steps_per_iteration': None, 'pin': False, 'model_creator': None, 'target_batch_size': 1024, 'model_string': 'resnet18', 'min_batch_size': 512, 'dataset': 'CIFAR', 'placement': None, 'use_nccl': True, 'devices_per_worker': 1, 'primary_resource': 'extra_gpu', 'gpu': False, 'verbose': False, 'lr_config': {'mode': 'log', 'steps': 5, 'initial_lr': 0.005, 'target_lr': 0.005}, 'batch_per_device': 512}",85.0661473274231,0,14,10387.98430961723,2,286.6056180000305
0.008571195602416991,0.09065321683883668,0.002600264549255371,0.011970707348414829,0.017926979064941406,nan,0.0,0.04721205234527588,0.7372000217437744,0.7520758118629456,-0.7372000217437744,nan,0.0,nan,0.0,nan,0.0,0.7528200149536133,0.6971447252750397,nan,0.0,nan,0.0,60000,2,False,,,29,-0.7520758118629456,7bc55b46c91c44fc9e187b04a311ac06,2019-05-30_14-19-49,1559251189,5.505152702331543,207.04462337493896,21739,steropes,169.229.49.254,"{'starting_lr': 0.005, 'momentum': 0.997, 'weight_decay': 0.0005, 'steps_per_iteration': None, 'pin': False, 'model_creator': None, 'target_batch_size': 1024, 'model_string': 'resnet18', 'min_batch_size': 512, 'dataset': 'CIFAR', 'placement': None, 'use_nccl': True, 'devices_per_worker': 1, 'primary_resource': 'extra_gpu', 'gpu': False, 'verbose': False, 'lr_config': {'mode': 'log', 'steps': 5, 'initial_lr': 0.005, 'target_lr': 0.005}, 'batch_per_device': 512}",90.57130002975464,0,15,10508.10136187299,2,297.6159234046936
0.007604026794433593,0.08425115346908568,0.0027042031288146973,0.0123915112748438,0.017259681224823,nan,0.0,0.0472446084022522,0.7416999936103821,0.7398703936100006,-0.7416999936103821,nan,0.0,nan,0.0,nan,0.0,0.760159969329834,0.6749958855724334,nan,0.0,nan,0.0,60000,2,False,,,30,-0.7398703936100006,7bc55b46c91c44fc9e187b04a311ac06,2019-05-30_14-19-54,1559251194,5.467058181762695,212.51168155670166,21739,steropes,169.229.49.254,"{'starting_lr': 0.005, 'momentum': 0.997, 'weight_decay': 0.0005, 'steps_per_iteration': None, 'pin': False, 'model_creator': None, 'target_batch_size': 1024, 'model_string': 'resnet18', 'min_batch_size': 512, 'dataset': 'CIFAR', 'placement': None, 'use_nccl': True, 'devices_per_worker': 1, 'primary_resource': 'extra_gpu', 'gpu': False, 'verbose': False, 'lr_config': {'mode': 'log', 'steps': 5, 'initial_lr': 0.005, 'target_lr': 0.005}, 'batch_per_device': 512}",96.03835821151733,0,16,10737.588667007323,2,308.550039768219
0.00833590030670166,0.08907796144485475,0.0027555108070373537,0.013304707955340951,0.016404223442077637,nan,0.0,0.047080469131469724,0.7468999624252319,0.7299151133537292,-0.7468999624252319,nan,0.0,nan,0.0,nan,0.0,0.7630000114440918,0.6654565149879456,nan,0.0,nan,0.0,60000,2,False,,,31,-0.7299151133537292,7bc55b46c91c44fc9e187b04a311ac06,2019-05-30_14-20-00,1559251200,5.774244070053101,218.28592562675476,21739,steropes,169.229.49.254,"{'starting_lr': 0.005, 'momentum': 0.997, 'weight_decay': 0.0005, 'steps_per_iteration': None, 'pin': False, 'model_creator': None, 'target_batch_size': 1024, 'model_string': 'resnet18', 'min_batch_size': 512, 'dataset': 'CIFAR', 'placement': None, 'use_nccl': True, 'devices_per_worker': 1, 'primary_resource': 'extra_gpu', 'gpu': False, 'verbose': False, 'lr_config': {'mode': 'log', 'steps': 5, 'initial_lr': 0.005, 'target_lr': 0.005}, 'batch_per_device': 512}",101.81260228157043,0,17,10784.89210412668,2,320.0985279083252
0.011430191993713378,0.08978097438812255,0.003042268753051758,0.01289116363136136,0.01766613721847534,nan,0.0,0.04835422039031982,0.7458000183105469,0.7388419684886933,-0.7458000183105469,nan,0.0,nan,0.0,nan,0.0,0.7700600028038025,0.6498626472091675,nan,0.0,nan,0.0,60000,2,False,,,32,-0.7388419684886933,7bc55b46c91c44fc9e187b04a311ac06,2019-05-30_14-20-06,1559251206,5.727615118026733,224.0135407447815,21739,steropes,169.229.49.254,"{'starting_lr': 0.005, 'momentum': 0.997, 'weight_decay': 0.0005, 'steps_per_iteration': None, 'pin': False, 'model_creator': None, 'target_batch_size': 1024, 'model_string': 'resnet18', 'min_batch_size': 512, 'dataset': 'CIFAR', 'placement': None, 'use_nccl': True, 'devices_per_worker': 1, 'primary_resource': 'extra_gpu', 'gpu': False, 'verbose': False, 'lr_config': {'mode': 'log', 'steps': 5, 'initial_lr': 0.005, 'target_lr': 0.005}, 'batch_per_device': 512}",107.54021739959717,0,18,10701.940991688949,2,331.55375814437866
0.008751463890075684,0.09179142713546753,0.0026799321174621584,0.0143194174279972,0.018700265884399415,nan,0.0,0.04828028678894043,0.7508000135421753,0.7282109693050385,-0.7508000135421753,nan,0.0,nan,0.0,nan,0.0,0.7737599611282349,0.6362417213630677,nan,0.0,nan,0.0,60000,2,False,,,33,-0.7282109693050385,7bc55b46c91c44fc9e187b04a311ac06,2019-05-30_14-20-11,1559251211,5.833029508590698,229.8465702533722,21739,steropes,169.229.49.254,"{'starting_lr': 0.005, 'momentum': 0.997, 'weight_decay': 0.0005, 'steps_per_iteration': None, 'pin': False, 'model_creator': None, 'target_batch_size': 1024, 'model_string': 'resnet18', 'min_batch_size': 512, 'dataset': 'CIFAR', 'placement': None, 'use_nccl': True, 'devices_per_worker': 1, 'primary_resource': 'extra_gpu', 'gpu': False, 'verbose': False, 'lr_config': {'mode': 'log', 'steps': 5, 'initial_lr': 0.005, 'target_lr': 0.005}, 'batch_per_device': 512}",113.37324690818787,0,19,10597.896251925826,2,343.21981716156006
0.009252321720123292,0.0897991418838501,0.004045724868774414,0.012729829671431561,0.018961834907531738,nan,0.0,0.04766558408737183,0.7597999572753906,0.700628444814682,-0.7597999572753906,nan,0.0,nan,0.0,nan,0.0,0.7797799706459045,0.6202203134059906,nan,0.0,nan,0.0,60000,2,False,,,34,-0.700628444814682,7bc55b46c91c44fc9e187b04a311ac06,2019-05-30_14-20-17,1559251217,5.76665472984314,235.61322498321533,21739,steropes,169.229.49.254,"{'starting_lr': 0.005, 'momentum': 0.997, 'weight_decay': 0.0005, 'steps_per_iteration': None, 'pin': False, 'model_creator': None, 'target_batch_size': 1024, 'model_string': 'resnet18', 'min_batch_size': 512, 'dataset': 'CIFAR', 'placement': None, 'use_nccl': True, 'devices_per_worker': 1, 'primary_resource': 'extra_gpu', 'gpu': False, 'verbose': False, 'lr_config': {'mode': 'log', 'steps': 5, 'initial_lr': 0.005, 'target_lr': 0.005}, 'batch_per_device': 512}",119.139901638031,0,20,10500.892047963416,2,354.75312662124634
0.008205580711364745,0.09326075315475463,0.002876758575439453,0.013357597954419195,0.018208253383636477,nan,0.0,0.047967028617858884,0.7619999647140503,0.6940565819740295,-0.7619999647140503,nan,0.0,nan,0.0,nan,0.0,0.7834600210189819,0.6057884306907654,nan,0.0,nan,0.0,60000,2,False,,,35,-0.6940565819740295,7bc55b46c91c44fc9e187b04a311ac06,2019-05-30_14-20-23,1559251223,5.864410161972046,241.47763514518738,21739,steropes,169.229.49.254,"{'starting_lr': 0.005, 'momentum': 0.997, 'weight_decay': 0.0005, 'steps_per_iteration': None, 'pin': False, 'model_creator': None, 'target_batch_size': 1024, 'model_string': 'resnet18', 'min_batch_size': 512, 'dataset': 'CIFAR', 'placement': None, 'use_nccl': True, 'devices_per_worker': 1, 'primary_resource': 'extra_gpu', 'gpu': False, 'verbose': False, 'lr_config': {'mode': 'log', 'steps': 5, 'initial_lr': 0.005, 'target_lr': 0.005}, 'batch_per_device': 512}",125.00431180000305,0,21,10356.847371390626,2,366.48194694519043
0.008608686923980712,0.09067450761795044,0.0027979135513305662,0.014089832500535615,0.018045890331268313,nan,0.0,0.050402593612670896,0.7626000046730042,0.6799441271781921,-0.7626000046730042,nan,0.0,nan,0.0,nan,0.0,0.7908200025558472,0.5893219625759125,nan,0.0,nan,0.0,60000,2,False,,,36,-0.6799441271781921,7bc55b46c91c44fc9e187b04a311ac06,2019-05-30_14-20-29,1559251229,5.76277756690979,247.24041271209717,21739,steropes,169.229.49.254,"{'starting_lr': 0.005, 'momentum': 0.997, 'weight_decay': 0.0005, 'steps_per_iteration': None, 'pin': False, 'model_creator': None, 'target_batch_size': 1024, 'model_string': 'resnet18', 'min_batch_size': 512, 'dataset': 'CIFAR', 'placement': None, 'use_nccl': True, 'devices_per_worker': 1, 'primary_resource': 'extra_gpu', 'gpu': False, 'verbose': False, 'lr_config': {'mode': 'log', 'steps': 5, 'initial_lr': 0.005, 'target_lr': 0.005}, 'batch_per_device': 512}",130.76708936691284,0,22,10360.925184144233,2,378.00750207901
0.00846613645553589,0.0837814211845398,0.0027021408081054684,0.013643561577310368,0.017040586471557616,nan,0.0,0.047955644130706784,0.7565000057220459,0.6980804881095886,-0.7565000057220459,nan,0.0,nan,0.0,nan,0.0,0.7902399301528931,0.58741076587677,nan,0.0,nan,0.0,60000,2,False,,,37,-0.6980804881095886,7bc55b46c91c44fc9e187b04a311ac06,2019-05-30_14-20-35,1559251235,5.755035400390625,252.9954481124878,21739,steropes,169.229.49.254,"{'starting_lr': 0.005, 'momentum': 0.997, 'weight_decay': 0.0005, 'steps_per_iteration': None, 'pin': False, 'model_creator': None, 'target_batch_size': 1024, 'model_string': 'resnet18', 'min_batch_size': 512, 'dataset': 'CIFAR', 'placement': None, 'use_nccl': True, 'devices_per_worker': 1, 'primary_resource': 'extra_gpu', 'gpu': False, 'verbose': False, 'lr_config': {'mode': 'log', 'steps': 5, 'initial_lr': 0.005, 'target_lr': 0.005}, 'batch_per_device': 512}",136.52212476730347,0,23,10351.122688413736,2,389.51757287979126
0.008012890815734863,0.08795977830886842,0.0028625965118408204,0.01302400170540323,0.017042160034179688,nan,0.0,0.04850647449493409,0.7710999846458435,0.6651602563381196,-0.7710999846458435,nan,0.0,nan,0.0,nan,0.0,0.7997599840164185,0.5708331099033356,nan,0.0,nan,0.0,60000,2,False,,,38,-0.6651602563381196,7bc55b46c91c44fc9e187b04a311ac06,2019-05-30_14-20-40,1559251240,5.6580891609191895,258.653537273407,21739,steropes,169.229.49.254,"{'starting_lr': 0.005, 'momentum': 0.997, 'weight_decay': 0.0005, 'steps_per_iteration': None, 'pin': False, 'model_creator': None, 'target_batch_size': 1024, 'model_string': 'resnet18', 'min_batch_size': 512, 'dataset': 'CIFAR', 'placement': None, 'use_nccl': True, 'devices_per_worker': 1, 'primary_resource': 'extra_gpu', 'gpu': False, 'verbose': False, 'lr_config': {'mode': 'log', 'steps': 5, 'initial_lr': 0.005, 'target_lr': 0.005}, 'batch_per_device': 512}",142.18021392822266,0,24,10413.982062549794,2,400.83375120162964
0.0076541900634765625,0.0873733639717102,0.00276644229888916,0.014369662927121532,0.017482173442840573,nan,0.0,0.0505562424659729,0.7687000036239624,0.6628580131530761,-0.7687000036239624,nan,0.0,nan,0.0,nan,0.0,0.8008400201797485,0.5655690712928771,nan,0.0,nan,0.0,60000,2,False,,,39,-0.6628580131530761,7bc55b46c91c44fc9e187b04a311ac06,2019-05-30_14-20-46,1559251246,5.873646974563599,264.5271842479706,21739,steropes,169.229.49.254,"{'starting_lr': 0.005, 'momentum': 0.997, 'weight_decay': 0.0005, 'steps_per_iteration': None, 'pin': False, 'model_creator': None, 'target_batch_size': 1024, 'model_string': 'resnet18', 'min_batch_size': 512, 'dataset': 'CIFAR', 'placement': None, 'use_nccl': True, 'devices_per_worker': 1, 'primary_resource': 'extra_gpu', 'gpu': False, 'verbose': False, 'lr_config': {'mode': 'log', 'steps': 5, 'initial_lr': 0.005, 'target_lr': 0.005}, 'batch_per_device': 512}",148.05386090278625,0,25,10375.447378847479,2,412.58104515075684
0.008698630332946777,0.08732321262359619,0.0030236363410949705,0.013614987840457837,0.017313134670257566,nan,0.0,0.0507009744644165,0.7843999862670898,0.6471132752418518,-0.7843999862670898,nan,0.0,nan,0.0,nan,0.0,0.8070199489593506,0.545177936038971,nan,0.0,nan,0.0,60000,2,False,,,40,-0.6471132752418518,7bc55b46c91c44fc9e187b04a311ac06,2019-05-30_14-20-52,1559251252,5.63848352432251,270.1656677722931,21739,steropes,169.229.49.254,"{'starting_lr': 0.005, 'momentum': 0.997, 'weight_decay': 0.0005, 'steps_per_iteration': None, 'pin': False, 'model_creator': None, 'target_batch_size': 1024, 'model_string': 'resnet18', 'min_batch_size': 512, 'dataset': 'CIFAR', 'placement': None, 'use_nccl': True, 'devices_per_worker': 1, 'primary_resource': 'extra_gpu', 'gpu': False, 'verbose': False, 'lr_config': {'mode': 'log', 'steps': 5, 'initial_lr': 0.005, 'target_lr': 0.005}, 'batch_per_device': 512}",153.69234442710876,0,26,10457.153584938935,2,423.85801219940186
0.0083100159962972,0.14247778483799525,0.002729209264119466,0.017976262352683327,0.050777061780293786,nan,0.0,0.10430528322855631,0.7808438142140707,0.6421585863195785,-0.7808438142140707,4.4923107624053955,4.4923107624053955,14.100552082061768,14.100552082061768,1.5336216290791829,1.5336216290791829,0.81308380762736,0.5271208253378333,nan,0.0,nan,0.0,60000,3,False,,,42,-0.6421585863195785,7bc55b46c91c44fc9e187b04a311ac06,2019-05-30_14-21-29,1559251289,7.444157838821411,283.12066745758057,27709,steropes,169.229.49.254,"{'starting_lr': 0.005, 'momentum': 0.997, 'weight_decay': 0.0005, 'steps_per_iteration': None, 'pin': False, 'model_creator': None, 'target_batch_size': 1024, 'model_string': 'resnet18', 'min_batch_size': 512, 'dataset': 'CIFAR', 'placement': None, 'use_nccl': True, 'devices_per_worker': 1, 'primary_resource': 'extra_gpu', 'gpu': False, 'verbose': False, 'lr_config': {'mode': 'log', 'steps': 5, 'initial_lr': 0.005, 'target_lr': 0.006123724356957945}, 'batch_per_device': 512}",7.444157838821411,0,1,8059.852784154794,3,462.7230112552643
0.007595626513163248,0.10474880536397298,0.003134560585021973,0.017525933005593037,0.016494941711425782,nan,0.0,0.05021089712778728,0.7737452189127604,0.6634525384957303,-0.7737452189127604,nan,0.0,nan,0.0,nan,0.0,0.8164836565653483,0.5176111365147337,nan,0.0,nan,0.0,60000,3,False,,,43,-0.6634525384957303,7bc55b46c91c44fc9e187b04a311ac06,2019-05-30_14-21-33,1559251293,4.692390203475952,287.8130576610565,27709,steropes,169.229.49.254,"{'starting_lr': 0.005, 'momentum': 0.997, 'weight_decay': 0.0005, 'steps_per_iteration': None, 'pin': False, 'model_creator': None, 'target_batch_size': 1024, 'model_string': 'resnet18', 'min_batch_size': 512, 'dataset': 'CIFAR', 'placement': None, 'use_nccl': True, 'devices_per_worker': 1, 'primary_resource': 'extra_gpu', 'gpu': False, 'verbose': False, 'lr_config': {'mode': 'log', 'steps': 5, 'initial_lr': 0.005, 'target_lr': 0.006123724356957945}, 'batch_per_device': 512}",12.136548042297363,0,2,9887.3062754012,3,476.80018186569214
0.007849359512329101,0.12181736174083892,0.0037525097529093423,0.016700383388634884,0.016821352640787764,nan,0.0,0.05020453929901123,0.776444673538208,0.6611429679467663,-0.776444673538208,nan,0.0,nan,0.0,nan,0.0,0.8192036151885986,0.5084473529123492,nan,0.0,nan,0.0,60000,3,False,,,44,-0.6611429679467663,7bc55b46c91c44fc9e187b04a311ac06,2019-05-30_14-21-38,1559251298,4.822771072387695,292.6358287334442,27709,steropes,169.229.49.254,"{'starting_lr': 0.005, 'momentum': 0.997, 'weight_decay': 0.0005, 'steps_per_iteration': None, 'pin': False, 'model_creator': None, 'target_batch_size': 1024, 'model_string': 'resnet18', 'min_batch_size': 512, 'dataset': 'CIFAR', 'placement': None, 'use_nccl': True, 'devices_per_worker': 1, 'primary_resource': 'extra_gpu', 'gpu': False, 'verbose': False, 'lr_config': {'mode': 'log', 'steps': 5, 'initial_lr': 0.005, 'target_lr': 0.006123724356957945}, 'batch_per_device': 512}",16.95931911468506,0,3,10613.436993674657,3,491.2684950828552
0.007904450098673502,0.10144419897170294,0.00302888552347819,0.01800732419948385,0.017484442392985026,nan,0.0,0.050778007507324224,0.7826434771219889,0.6504594106312824,-0.7826434771219889,nan,0.0,nan,0.0,nan,0.0,0.821143627166748,0.5028640907878044,nan,0.0,nan,0.0,60000,3,False,,,45,-0.6504594106312824,7bc55b46c91c44fc9e187b04a311ac06,2019-05-30_14-21-43,1559251303,4.678830146789551,297.31465888023376,27709,steropes,169.229.49.254,"{'starting_lr': 0.005, 'momentum': 0.997, 'weight_decay': 0.0005, 'steps_per_iteration': None, 'pin': False, 'model_creator': None, 'target_batch_size': 1024, 'model_string': 'resnet18', 'min_batch_size': 512, 'dataset': 'CIFAR', 'placement': None, 'use_nccl': True, 'devices_per_worker': 1, 'primary_resource': 'extra_gpu', 'gpu': False, 'verbose': False, 'lr_config': {'mode': 'log', 'steps': 5, 'initial_lr': 0.005, 'target_lr': 0.006123724356957945}, 'batch_per_device': 512}",21.63814926147461,0,4,11091.320447769689,3,505.3049855232239
0.007671578725179036,0.10484474045889719,0.003538950284322103,0.016797171698676217,0.016913294792175293,nan,0.0,0.05217407544453939,0.787242571512858,0.6362789384581237,-0.787242571512858,nan,0.0,nan,0.0,nan,0.0,0.8228835264841715,0.49953387284078127,nan,0.0,nan,0.0,60000,3,False,,,46,-0.6362789384581237,7bc55b46c91c44fc9e187b04a311ac06,2019-05-30_14-21-48,1559251308,4.632603645324707,301.9472625255585,27709,steropes,169.229.49.254,"{'starting_lr': 0.005, 'momentum': 0.997, 'weight_decay': 0.0005, 'steps_per_iteration': None, 'pin': False, 'model_creator': None, 'target_batch_size': 1024, 'model_string': 'resnet18', 'min_batch_size': 512, 'dataset': 'CIFAR', 'placement': None, 'use_nccl': True, 'devices_per_worker': 1, 'primary_resource': 'extra_gpu', 'gpu': False, 'verbose': False, 'lr_config': {'mode': 'log', 'steps': 5, 'initial_lr': 0.005, 'target_lr': 0.006123724356957945}, 'batch_per_device': 512}",26.270752906799316,0,5,11419.339539551367,3,519.202796459198
0.0078797976175944,0.10567507289704821,0.0029603322347005207,0.017432275444570215,0.017053421338399252,nan,0.0,0.051063426335652674,0.7857428391774496,0.6266568310020971,-0.7857428391774496,nan,0.0,nan,0.0,nan,0.0,0.8289634386698405,0.4868895276000825,nan,0.0,nan,0.0,60000,3,False,,,47,-0.6266568310020971,7bc55b46c91c44fc9e187b04a311ac06,2019-05-30_14-21-52,1559251312,4.57970404624939,306.52696657180786,27709,steropes,169.229.49.254,"{'starting_lr': 0.005, 'momentum': 0.997, 'weight_decay': 0.0005, 'steps_per_iteration': None, 'pin': False, 'model_creator': None, 'target_batch_size': 1024, 'model_string': 'resnet18', 'min_batch_size': 512, 'dataset': 'CIFAR', 'placement': None, 'use_nccl': True, 'devices_per_worker': 1, 'primary_resource': 'extra_gpu', 'gpu': False, 'verbose': False, 'lr_config': {'mode': 'log', 'steps': 5, 'initial_lr': 0.005, 'target_lr': 0.006123724356957945}, 'batch_per_device': 512}",30.850456953048706,0,6,12816.844664307602,3,532.9419085979462
0.007806952794392904,0.10813726697649274,0.0027769247690836592,0.018026152042427447,0.016884732246398925,nan,0.0,0.05221089522043864,0.7876424789428711,0.6269939705577524,-0.7876424789428711,nan,0.0,nan,0.0,nan,0.0,0.8302634557088217,0.4799751107900043,nan,0.0,nan,0.0,60000,3,False,,,48,-0.6269939705577524,7bc55b46c91c44fc9e187b04a311ac06,2019-05-30_14-21-57,1559251317,4.634281158447266,311.1612477302551,27709,steropes,169.229.49.254,"{'starting_lr': 0.005, 'momentum': 0.997, 'weight_decay': 0.0005, 'steps_per_iteration': None, 'pin': False, 'model_creator': None, 'target_batch_size': 1024, 'model_string': 'resnet18', 'min_batch_size': 512, 'dataset': 'CIFAR', 'placement': None, 'use_nccl': True, 'devices_per_worker': 1, 'primary_resource': 'extra_gpu', 'gpu': False, 'verbose': False, 'lr_config': {'mode': 'log', 'steps': 5, 'initial_lr': 0.005, 'target_lr': 0.006123724356957945}, 'batch_per_device': 512}",35.48473811149597,0,7,12848.74259066915,3,546.844752073288
0.007800785700480144,0.10762324787321544,0.0029505411783854168,0.017346931226325756,0.017611463864644367,nan,0.0,0.05336787700653076,0.7976404825846354,0.6216785313844252,-0.7976404825846354,nan,0.0,nan,0.0,nan,0.0,0.8316833972930908,0.47568506544757966,nan,0.0,nan,0.0,60000,3,False,,,49,-0.6216785313844252,7bc55b46c91c44fc9e187b04a311ac06,2019-05-30_14-22-01,1559251321,4.687566757202148,315.8488144874573,27709,steropes,169.229.49.254,"{'starting_lr': 0.005, 'momentum': 0.997, 'weight_decay': 0.0005, 'steps_per_iteration': None, 'pin': False, 'model_creator': None, 'target_batch_size': 1024, 'model_string': 'resnet18', 'min_batch_size': 512, 'dataset': 'CIFAR', 'placement': None, 'use_nccl': True, 'devices_per_worker': 1, 'primary_resource': 'extra_gpu', 'gpu': False, 'verbose': False, 'lr_config': {'mode': 'log', 'steps': 5, 'initial_lr': 0.005, 'target_lr': 0.006123724356957945}, 'batch_per_device': 512}",40.17230486869812,0,8,12923.585068858602,3,560.9074523448944
0.008033998807271321,0.11270930653526672,0.002848664919535319,0.01702337313180018,0.01875147024790446,nan,0.0,0.05555189450581868,0.7973405520121256,0.6203380883443215,-0.7973405520121256,nan,0.0,nan,0.0,nan,0.0,0.8339033921559652,0.4687824913679186,nan,0.0,nan,0.0,60000,3,False,,,50,-0.6203380883443215,7bc55b46c91c44fc9e187b04a311ac06,2019-05-30_14-22-06,1559251326,4.821362257003784,320.67017674446106,27709,steropes,169.229.49.254,"{'starting_lr': 0.005, 'momentum': 0.997, 'weight_decay': 0.0005, 'steps_per_iteration': None, 'pin': False, 'model_creator': None, 'target_batch_size': 1024, 'model_string': 'resnet18', 'min_batch_size': 512, 'dataset': 'CIFAR', 'placement': None, 'use_nccl': True, 'devices_per_worker': 1, 'primary_resource': 'extra_gpu', 'gpu': False, 'verbose': False, 'lr_config': {'mode': 'log', 'steps': 5, 'initial_lr': 0.005, 'target_lr': 0.006123724356957945}, 'batch_per_device': 512}",44.993667125701904,0,9,12844.717266073814,3,575.3715391159058
0.007430672645568848,0.10574865341186523,0.002850111325581868,0.017539872063530818,0.017943310737609863,nan,0.0,0.05312490463256836,0.7927414576212565,0.6254863061444375,-0.7927414576212565,nan,0.0,nan,0.0,nan,0.0,0.8380232652028402,0.45687385267757047,nan,0.0,nan,0.0,60000,3,False,,,51,-0.6254863061444375,7bc55b46c91c44fc9e187b04a311ac06,2019-05-30_14-22-11,1559251331,4.627505540847778,325.29768228530884,27709,steropes,169.229.49.254,"{'starting_lr': 0.005, 'momentum': 0.997, 'weight_decay': 0.0005, 'steps_per_iteration': None, 'pin': False, 'model_creator': None, 'target_batch_size': 1024, 'model_string': 'resnet18', 'min_batch_size': 512, 'dataset': 'CIFAR', 'placement': None, 'use_nccl': True, 'devices_per_worker': 1, 'primary_resource': 'extra_gpu', 'gpu': False, 'verbose': False, 'lr_config': {'mode': 'log', 'steps': 5, 'initial_lr': 0.005, 'target_lr': 0.006123724356957945}, 'batch_per_device': 512}",49.62117266654968,0,10,12847.520167751009,3,589.2540557384491
0.00791178544362386,0.11111417270842051,0.002917114893595378,0.017048994700113933,0.01681075890858968,nan,0.0,0.0527974526087443,0.7902419567108154,0.641060759308004,-0.7902419567108154,nan,0.0,nan,0.0,nan,0.0,0.8397032419840494,0.4554217377747705,nan,0.0,nan,0.0,60000,3,False,,,52,-0.641060759308004,7bc55b46c91c44fc9e187b04a311ac06,2019-05-30_14-22-16,1559251336,4.635630130767822,329.93331241607666,27709,steropes,169.229.49.254,"{'starting_lr': 0.005, 'momentum': 0.997, 'weight_decay': 0.0005, 'steps_per_iteration': None, 'pin': False, 'model_creator': None, 'target_batch_size': 1024, 'model_string': 'resnet18', 'min_batch_size': 512, 'dataset': 'CIFAR', 'placement': None, 'use_nccl': True, 'devices_per_worker': 1, 'primary_resource': 'extra_gpu', 'gpu': False, 'verbose': False, 'lr_config': {'mode': 'log', 'steps': 5, 'initial_lr': 0.005, 'target_lr': 0.006123724356957945}, 'batch_per_device': 512}",54.256802797317505,0,11,12816.82207897866,3,603.1609461307526
0.007787680625915526,0.10795053981599355,0.0025972763697306315,0.018071954900568184,0.017034347852071127,nan,0.0,0.05127986272176107,0.7982403437296549,0.6186211023943778,-0.7982403437296549,nan,0.0,nan,0.0,nan,0.0,0.8429631392161051,0.44320475973130913,nan,0.0,nan,0.0,60000,3,False,,,53,-0.6186211023943778,7bc55b46c91c44fc9e187b04a311ac06,2019-05-30_14-22-20,1559251340,4.795177221298218,334.7284896373749,27709,steropes,169.229.49.254,"{'starting_lr': 0.005, 'momentum': 0.997, 'weight_decay': 0.0005, 'steps_per_iteration': None, 'pin': False, 'model_creator': None, 'target_batch_size': 1024, 'model_string': 'resnet18', 'min_batch_size': 512, 'dataset': 'CIFAR', 'placement': None, 'use_nccl': True, 'devices_per_worker': 1, 'primary_resource': 'extra_gpu', 'gpu': False, 'verbose': False, 'lr_config': {'mode': 'log', 'steps': 5, 'initial_lr': 0.005, 'target_lr': 0.006123724356957945}, 'batch_per_device': 512}",59.05198001861572,0,12,12729.321473255011,3,617.5464777946472
0.007265408833821614,0.10882335617428734,0.002815699577331543,0.017545890326451773,0.017064936955769855,nan,0.0,0.05050524870554606,0.8046390215555826,0.6075795063899055,-0.8046390215555826,nan,0.0,nan,0.0,nan,0.0,0.8464430967966715,0.43746795531287264,nan,0.0,nan,0.0,60000,3,False,,,54,-0.6075795063899055,7bc55b46c91c44fc9e187b04a311ac06,2019-05-30_14-22-25,1559251345,4.683143615722656,339.41163325309753,27709,steropes,169.229.49.254,"{'starting_lr': 0.005, 'momentum': 0.997, 'weight_decay': 0.0005, 'steps_per_iteration': None, 'pin': False, 'model_creator': None, 'target_batch_size': 1024, 'model_string': 'resnet18', 'min_batch_size': 512, 'dataset': 'CIFAR', 'placement': None, 'use_nccl': True, 'devices_per_worker': 1, 'primary_resource': 'extra_gpu', 'gpu': False, 'verbose': False, 'lr_config': {'mode': 'log', 'steps': 5, 'initial_lr': 0.005, 'target_lr': 0.006123724356957945}, 'batch_per_device': 512}",63.73512363433838,0,13,12731.710814534274,3,631.5959086418152
0.007353001832962037,0.19309593439102174,0.0037844538688659663,0.021759767532348637,0.05279022455215455,nan,0.0,0.11854699850082397,0.8033999800682068,0.6048735246896744,-0.8033999800682068,5.380647122859955,5.380647122859955,12.28935718536377,12.28935718536377,2.6144667863845825,2.6144667863845825,0.8485599756240845,0.4279922186088562,nan,0.0,nan,0.0,60000,4,False,,,56,-0.6048735246896744,7bc55b46c91c44fc9e187b04a311ac06,2019-05-30_14-23-06,1559251386,6.635758876800537,350.82428073883057,27596,steropes,169.229.49.254,"{'starting_lr': 0.005, 'momentum': 0.997, 'weight_decay': 0.0005, 'steps_per_iteration': None, 'pin': False, 'model_creator': None, 'target_batch_size': 1024, 'model_string': 'resnet18', 'min_batch_size': 512, 'dataset': 'CIFAR', 'placement': None, 'use_nccl': True, 'devices_per_worker': 1, 'primary_resource': 'extra_gpu', 'gpu': False, 'verbose': False, 'lr_config': {'mode': 'log', 'steps': 5, 'initial_lr': 0.005, 'target_lr': 0.007071067811865476}, 'batch_per_device': 512}",6.635758876800537,0,1,9041.746711259899,4,677.2464985847473
0.007765805721282959,0.13706570863723755,0.0034186303615570067,0.023821215629577633,0.018700224161148072,nan,0.0,0.05665549635887146,0.8034999370574951,0.5983300490140915,-0.8034999370574951,nan,0.0,nan,0.0,nan,0.0,0.8473799824714661,0.4268941028666496,nan,0.0,nan,0.0,60000,4,False,,,57,-0.5983300490140915,7bc55b46c91c44fc9e187b04a311ac06,2019-05-30_14-23-10,1559251390,3.9436023235321045,354.76788306236267,27596,steropes,169.229.49.254,"{'starting_lr': 0.005, 'momentum': 0.997, 'weight_decay': 0.0005, 'steps_per_iteration': None, 'pin': False, 'model_creator': None, 'target_batch_size': 1024, 'model_string': 'resnet18', 'min_batch_size': 512, 'dataset': 'CIFAR', 'placement': None, 'use_nccl': True, 'devices_per_worker': 1, 'primary_resource': 'extra_gpu', 'gpu': False, 'verbose': False, 'lr_config': {'mode': 'log', 'steps': 5, 'initial_lr': 0.005, 'target_lr': 0.007071067811865476}, 'batch_per_device': 512}",10.579361200332642,0,2,11342.619523869414,4,693.0209078788757
0.007515215873718261,0.1327664852142334,0.0029397189617156984,0.02259911060333252,0.018265032768249513,nan,0.0,0.05430499911308289,0.8072999715805054,0.5951330878734589,-0.8072999715805054,nan,0.0,nan,0.0,nan,0.0,0.8508599996566772,0.41923643645286557,nan,0.0,nan,0.0,60000,4,False,,,58,-0.5951330878734589,7bc55b46c91c44fc9e187b04a311ac06,2019-05-30_14-23-14,1559251394,3.886422634124756,358.6543056964874,27596,steropes,169.229.49.254,"{'starting_lr': 0.005, 'momentum': 0.997, 'weight_decay': 0.0005, 'steps_per_iteration': None, 'pin': False, 'model_creator': None, 'target_batch_size': 1024, 'model_string': 'resnet18', 'min_batch_size': 512, 'dataset': 'CIFAR', 'placement': None, 'use_nccl': True, 'devices_per_worker': 1, 'primary_resource': 'extra_gpu', 'gpu': False, 'verbose': False, 'lr_config': {'mode': 'log', 'steps': 5, 'initial_lr': 0.005, 'target_lr': 0.007071067811865476}, 'batch_per_device': 512}",14.465783834457397,0,3,12442.855631770644,4,708.5665984153748
0.008786851167678834,0.14981340169906615,0.0029369592666625977,0.0230083703994751,0.018505173921585082,nan,0.0,0.05446223616600036,0.8088999390602112,0.5917620134830475,-0.8088999390602112,nan,0.0,nan,0.0,nan,0.0,0.8508800268173218,0.413320345299244,nan,0.0,nan,0.0,60000,4,False,,,59,-0.5917620134830475,7bc55b46c91c44fc9e187b04a311ac06,2019-05-30_14-23-18,1559251398,4.018265962600708,362.67257165908813,27596,steropes,169.229.49.254,"{'starting_lr': 0.005, 'momentum': 0.997, 'weight_decay': 0.0005, 'steps_per_iteration': None, 'pin': False, 'model_creator': None, 'target_batch_size': 1024, 'model_string': 'resnet18', 'min_batch_size': 512, 'dataset': 'CIFAR', 'placement': None, 'use_nccl': True, 'devices_per_worker': 1, 'primary_resource': 'extra_gpu', 'gpu': False, 'verbose': False, 'lr_config': {'mode': 'log', 'steps': 5, 'initial_lr': 0.005, 'target_lr': 0.007071067811865476}, 'batch_per_device': 512}",18.484049797058105,0,4,12983.864948183422,4,724.6396622657776
0.007732427120208741,0.13140037059783938,0.0028503060340881346,0.02169667482376099,0.01845446228981018,nan,0.0,0.05464801788330078,0.8027999401092529,0.5950319239377976,-0.8027999401092529,nan,0.0,nan,0.0,nan,0.0,0.8570799231529236,0.4028944932055474,nan,0.0,nan,0.0,60000,4,False,,,60,-0.5950319239377976,7bc55b46c91c44fc9e187b04a311ac06,2019-05-30_14-23-22,1559251402,3.902925491333008,366.57549715042114,27596,steropes,169.229.49.254,"{'starting_lr': 0.005, 'momentum': 0.997, 'weight_decay': 0.0005, 'steps_per_iteration': None, 'pin': False, 'model_creator': None, 'target_batch_size': 1024, 'model_string': 'resnet18', 'min_batch_size': 512, 'dataset': 'CIFAR', 'placement': None, 'use_nccl': True, 'devices_per_worker': 1, 'primary_resource': 'extra_gpu', 'gpu': False, 'verbose': False, 'lr_config': {'mode': 'log', 'steps': 5, 'initial_lr': 0.005, 'target_lr': 0.007071067811865476}, 'batch_per_device': 512}",22.386975288391113,0,5,13400.344113190216,4,740.2513642311096
0.007364594936370849,0.13391499519348143,0.003394901752471924,0.020931081771850588,0.01796662211418152,nan,0.0,0.0568835437297821,0.8088999390602112,0.5946777653455734,-0.8088999390602112,nan,0.0,nan,0.0,nan,0.0,0.8590799570083618,0.3992719173264504,nan,0.0,nan,0.0,60000,4,False,,,61,-0.5946777653455734,7bc55b46c91c44fc9e187b04a311ac06,2019-05-30_14-23-26,1559251406,3.8523659706115723,370.4278631210327,27596,steropes,169.229.49.254,"{'starting_lr': 0.005, 'momentum': 0.997, 'weight_decay': 0.0005, 'steps_per_iteration': None, 'pin': False, 'model_creator': None, 'target_batch_size': 1024, 'model_string': 'resnet18', 'min_batch_size': 512, 'dataset': 'CIFAR', 'placement': None, 'use_nccl': True, 'devices_per_worker': 1, 'primary_resource': 'extra_gpu', 'gpu': False, 'verbose': False, 'lr_config': {'mode': 'log', 'steps': 5, 'initial_lr': 0.005, 'target_lr': 0.007071067811865476}, 'batch_per_device': 512}",26.239341259002686,0,6,15302.966747064052,4,755.6608281135559
0.007210832834243774,0.12878739833831787,0.0032807111740112307,0.021060922145843507,0.01835029721260071,nan,0.0,0.05566968917846679,0.8174999952316284,0.5473689137220383,-0.8174999952316284,nan,0.0,nan,0.0,nan,0.0,0.8649600148200989,0.37721890805244446,nan,0.0,nan,0.0,60000,4,False,,,62,-0.5473689137220383,7bc55b46c91c44fc9e187b04a311ac06,2019-05-30_14-23-30,1559251410,3.8106236457824707,374.2384867668152,27596,steropes,169.229.49.254,"{'starting_lr': 0.005, 'momentum': 0.997, 'weight_decay': 0.0005, 'steps_per_iteration': None, 'pin': False, 'model_creator': None, 'target_batch_size': 1024, 'model_string': 'resnet18', 'min_batch_size': 512, 'dataset': 'CIFAR', 'placement': None, 'use_nccl': True, 'devices_per_worker': 1, 'primary_resource': 'extra_gpu', 'gpu': False, 'verbose': False, 'lr_config': {'mode': 'log', 'steps': 5, 'initial_lr': 0.005, 'target_lr': 0.007071067811865476}, 'batch_per_device': 512}",30.049964904785156,0,7,15407.481071918555,4,770.9033226966858
0.007626193761825562,0.13154677152633668,0.004071068763732911,0.02111330270767212,0.018422436714172364,nan,0.0,0.057974678277969365,0.8197000026702881,0.5415348895788192,-0.8197000026702881,nan,0.0,nan,0.0,nan,0.0,0.8755999803543091,0.3540758767485619,nan,0.0,nan,0.0,60000,4,False,,,63,-0.5415348895788192,7bc55b46c91c44fc9e187b04a311ac06,2019-05-30_14-23-33,1559251413,3.795677661895752,378.03416442871094,27596,steropes,169.229.49.254,"{'starting_lr': 0.005, 'momentum': 0.997, 'weight_decay': 0.0005, 'steps_per_iteration': None, 'pin': False, 'model_creator': None, 'target_batch_size': 1024, 'model_string': 'resnet18', 'min_batch_size': 512, 'dataset': 'CIFAR', 'placement': None, 'use_nccl': True, 'devices_per_worker': 1, 'primary_resource': 'extra_gpu', 'gpu': False, 'verbose': False, 'lr_config': {'mode': 'log', 'steps': 5, 'initial_lr': 0.005, 'target_lr': 0.007071067811865476}, 'batch_per_device': 512}",33.84564256668091,0,8,15479.674398278656,4,786.0860333442688
0.007631826400756836,0.13629164695739746,0.003189593553543091,0.023923120498657226,0.01797362565994263,nan,0.0,0.05482734441757202,0.8258999586105347,0.5351310591220856,-0.8258999586105347,nan,0.0,nan,0.0,nan,0.0,0.87909996509552,0.34297566408872604,nan,0.0,nan,0.0,60000,4,False,,,64,-0.5351310591220856,7bc55b46c91c44fc9e187b04a311ac06,2019-05-30_14-23-38,1559251418,4.286855697631836,382.3210201263428,27596,steropes,169.229.49.254,"{'starting_lr': 0.005, 'momentum': 0.997, 'weight_decay': 0.0005, 'steps_per_iteration': None, 'pin': False, 'model_creator': None, 'target_batch_size': 1024, 'model_string': 'resnet18', 'min_batch_size': 512, 'dataset': 'CIFAR', 'placement': None, 'use_nccl': True, 'devices_per_worker': 1, 'primary_resource': 'extra_gpu', 'gpu': False, 'verbose': False, 'lr_config': {'mode': 'log', 'steps': 5, 'initial_lr': 0.005, 'target_lr': 0.007071067811865476}, 'batch_per_device': 512}",38.132498264312744,0,9,15268.075635685369,4,803.2334561347961
0.007586365938186646,0.12563146352767945,0.002872073650360108,0.022507882118225096,0.016672623157501218,nan,0.0,0.05500966906547546,0.8249999284744263,0.5345022944927216,-0.8249999284744263,nan,0.0,nan,0.0,nan,0.0,0.8833199739456177,0.33059728805303573,nan,0.0,nan,0.0,60000,4,False,,,65,-0.5345022944927216,7bc55b46c91c44fc9e187b04a311ac06,2019-05-30_14-23-41,1559251421,3.7700815200805664,386.09110164642334,27596,steropes,169.229.49.254,"{'starting_lr': 0.005, 'momentum': 0.997, 'weight_decay': 0.0005, 'steps_per_iteration': None, 'pin': False, 'model_creator': None, 'target_batch_size': 1024, 'model_string': 'resnet18', 'min_batch_size': 512, 'dataset': 'CIFAR', 'placement': None, 'use_nccl': True, 'devices_per_worker': 1, 'primary_resource': 'extra_gpu', 'gpu': False, 'verbose': False, 'lr_config': {'mode': 'log', 'steps': 5, 'initial_lr': 0.005, 'target_lr': 0.007071067811865476}, 'batch_per_device': 512}",41.90257978439331,0,10,15372.007316603786,4,818.3137822151184
0.007367050647735595,0.13176203966140748,0.0033052146434783937,0.02350144863128662,0.01934422254562378,nan,0.0,0.056770974397659296,0.8258000016212463,0.5368228410482407,-0.8258000016212463,nan,0.0,nan,0.0,nan,0.0,0.8856799602508545,0.3239438446366787,nan,0.0,nan,0.0,60000,4,False,,,66,-0.5368228410482407,7bc55b46c91c44fc9e187b04a311ac06,2019-05-30_14-23-45,1559251425,4.009828090667725,390.10092973709106,27596,steropes,169.229.49.254,"{'starting_lr': 0.005, 'momentum': 0.997, 'weight_decay': 0.0005, 'steps_per_iteration': None, 'pin': False, 'model_creator': None, 'target_batch_size': 1024, 'model_string': 'resnet18', 'min_batch_size': 512, 'dataset': 'CIFAR', 'placement': None, 'use_nccl': True, 'devices_per_worker': 1, 'primary_resource': 'extra_gpu', 'gpu': False, 'verbose': False, 'lr_config': {'mode': 'log', 'steps': 5, 'initial_lr': 0.005, 'target_lr': 0.007071067811865476}, 'batch_per_device': 512}",45.912407875061035,0,11,15248.972883663351,4,834.3530945777893
0.008166497945785523,0.12748430967330932,0.003024524450302124,0.020479669570922853,0.01819433569908142,nan,0.0,0.05541160702705383,0.8229000568389893,0.5477501599788666,-0.8229000568389893,nan,0.0,nan,0.0,nan,0.0,0.8913999795913696,0.311118143119812,nan,0.0,nan,0.0,60000,4,False,,,67,-0.5477501599788666,7bc55b46c91c44fc9e187b04a311ac06,2019-05-30_14-23-49,1559251429,3.728760242462158,393.8296899795532,27596,steropes,169.229.49.254,"{'starting_lr': 0.005, 'momentum': 0.997, 'weight_decay': 0.0005, 'steps_per_iteration': None, 'pin': False, 'model_creator': None, 'target_batch_size': 1024, 'model_string': 'resnet18', 'min_batch_size': 512, 'dataset': 'CIFAR', 'placement': None, 'use_nccl': True, 'devices_per_worker': 1, 'primary_resource': 'extra_gpu', 'gpu': False, 'verbose': False, 'lr_config': {'mode': 'log', 'steps': 5, 'initial_lr': 0.005, 'target_lr': 0.007071067811865476}, 'batch_per_device': 512}",49.64116811752319,0,12,15312.688242086593,4,849.2681355476379
0.007844555377960204,0.12969282865524293,0.0028316199779510496,0.02101390838623047,0.01718885898590088,nan,0.0,0.054782247543334966,0.8251999616622925,0.5402579684734344,-0.8251999616622925,nan,0.0,nan,0.0,nan,0.0,0.8928000330924988,0.3034636770749092,nan,0.0,nan,0.0,60000,4,False,,,68,-0.5402579684734344,7bc55b46c91c44fc9e187b04a311ac06,2019-05-30_14-23-53,1559251433,3.794327974319458,397.6240179538727,27596,steropes,169.229.49.254,"{'starting_lr': 0.005, 'momentum': 0.997, 'weight_decay': 0.0005, 'steps_per_iteration': None, 'pin': False, 'model_creator': None, 'target_batch_size': 1024, 'model_string': 'resnet18', 'min_batch_size': 512, 'dataset': 'CIFAR', 'placement': None, 'use_nccl': True, 'devices_per_worker': 1, 'primary_resource': 'extra_gpu', 'gpu': False, 'verbose': False, 'lr_config': {'mode': 'log', 'steps': 5, 'initial_lr': 0.005, 'target_lr': 0.007071067811865476}, 'batch_per_device': 512}",53.43549609184265,0,13,15313.742850727387,4,864.4454474449158
0.007968449592590333,0.13286362886428832,0.002849584817886353,0.021534366607666014,0.01713297963142395,nan,0.0,0.057455348968505855,0.8304999470710754,0.5324437074661255,-0.8304999470710754,nan,0.0,nan,0.0,nan,0.0,0.8946200013160706,0.2968766658782959,nan,0.0,nan,0.0,60000,4,False,,,69,-0.5324437074661255,7bc55b46c91c44fc9e187b04a311ac06,2019-05-30_14-23-57,1559251437,3.832165241241455,401.45618319511414,27596,steropes,169.229.49.254,"{'starting_lr': 0.005, 'momentum': 0.997, 'weight_decay': 0.0005, 'steps_per_iteration': None, 'pin': False, 'model_creator': None, 'target_batch_size': 1024, 'model_string': 'resnet18', 'min_batch_size': 512, 'dataset': 'CIFAR', 'placement': None, 'use_nccl': True, 'devices_per_worker': 1, 'primary_resource': 'extra_gpu', 'gpu': False, 'verbose': False, 'lr_config': {'mode': 'log', 'steps': 5, 'initial_lr': 0.005, 'target_lr': 0.007071067811865476}, 'batch_per_device': 512}",57.267661333084106,0,14,15677.621687534156,4,879.7741084098816
0.008085328340530395,0.13605799674987795,0.002987003326416016,0.02160907506942749,0.017110782861709594,nan,0.0,0.057280153036117554,0.8284000158309937,0.5368159960389137,-0.8284000158309937,nan,0.0,nan,0.0,nan,0.0,0.8976999521255493,0.2908188815498352,nan,0.0,nan,0.0,60000,4,False,,,70,-0.5368159960389137,7bc55b46c91c44fc9e187b04a311ac06,2019-05-30_14-24-01,1559251441,3.878567695617676,405.3347508907318,27596,steropes,169.229.49.254,"{'starting_lr': 0.005, 'momentum': 0.997, 'weight_decay': 0.0005, 'steps_per_iteration': None, 'pin': False, 'model_creator': None, 'target_batch_size': 1024, 'model_string': 'resnet18', 'min_batch_size': 512, 'dataset': 'CIFAR', 'placement': None, 'use_nccl': True, 'devices_per_worker': 1, 'primary_resource': 'extra_gpu', 'gpu': False, 'verbose': False, 'lr_config': {'mode': 'log', 'steps': 5, 'initial_lr': 0.005, 'target_lr': 0.007071067811865476}, 'batch_per_device': 512}",61.14622902870178,0,15,15589.236951009374,4,895.2883791923523
0.008652818202972413,0.12769941091537476,0.003099602460861206,0.021789295673370363,0.020823025703430177,nan,0.0,0.05796160101890564,0.8349000215530396,0.527290566277504,-0.8349000215530396,nan,0.0,nan,0.0,nan,0.0,0.9016799926757812,0.27846345379352566,nan,0.0,nan,0.0,60000,4,False,,,71,-0.527290566277504,7bc55b46c91c44fc9e187b04a311ac06,2019-05-30_14-24-05,1559251445,3.981656551361084,409.3164074420929,27596,steropes,169.229.49.254,"{'starting_lr': 0.005, 'momentum': 0.997, 'weight_decay': 0.0005, 'steps_per_iteration': None, 'pin': False, 'model_creator': None, 'target_batch_size': 1024, 'model_string': 'resnet18', 'min_batch_size': 512, 'dataset': 'CIFAR', 'placement': None, 'use_nccl': True, 'devices_per_worker': 1, 'primary_resource': 'extra_gpu', 'gpu': False, 'verbose': False, 'lr_config': {'mode': 'log', 'steps': 5, 'initial_lr': 0.005, 'target_lr': 0.007071067811865476}, 'batch_per_device': 512}",65.12788558006287,0,16,15612.089506994484,4,911.2150053977966
0.00766589641571045,0.13375128507614137,0.003327387571334839,0.020950479507446287,0.018666386604309082,nan,0.0,0.05494856834411621,0.8349999785423279,0.5320872239351273,-0.8349999785423279,nan,0.0,nan,0.0,nan,0.0,0.9017999768257141,0.27603523762106896,nan,0.0,nan,0.0,60000,4,False,,,72,-0.5320872239351273,7bc55b46c91c44fc9e187b04a311ac06,2019-05-30_14-24-08,1559251448,3.848022937774658,413.16443037986755,27596,steropes,169.229.49.254,"{'starting_lr': 0.005, 'momentum': 0.997, 'weight_decay': 0.0005, 'steps_per_iteration': None, 'pin': False, 'model_creator': None, 'target_batch_size': 1024, 'model_string': 'resnet18', 'min_batch_size': 512, 'dataset': 'CIFAR', 'placement': None, 'use_nccl': True, 'devices_per_worker': 1, 'primary_resource': 'extra_gpu', 'gpu': False, 'verbose': False, 'lr_config': {'mode': 'log', 'steps': 5, 'initial_lr': 0.005, 'target_lr': 0.007071067811865476}, 'batch_per_device': 512}",68.97590851783752,0,17,15515.7920374613,4,926.6070971488953
0.007766103744506836,0.13553253412246705,0.0028220057487487794,0.022414441108703612,0.01751874685287476,nan,0.0,0.0562527596950531,0.8365999460220337,0.5350781478881836,-0.8365999460220337,nan,0.0,nan,0.0,nan,0.0,0.903980016708374,0.2686791609978676,nan,0.0,nan,0.0,60000,4,False,,,73,-0.5350781478881836,7bc55b46c91c44fc9e187b04a311ac06,2019-05-30_14-24-12,1559251452,3.911839246749878,417.07626962661743,27596,steropes,169.229.49.254,"{'starting_lr': 0.005, 'momentum': 0.997, 'weight_decay': 0.0005, 'steps_per_iteration': None, 'pin': False, 'model_creator': None, 'target_batch_size': 1024, 'model_string': 'resnet18', 'min_batch_size': 512, 'dataset': 'CIFAR', 'placement': None, 'use_nccl': True, 'devices_per_worker': 1, 'primary_resource': 'extra_gpu', 'gpu': False, 'verbose': False, 'lr_config': {'mode': 'log', 'steps': 5, 'initial_lr': 0.005, 'target_lr': 0.007071067811865476}, 'batch_per_device': 512}",72.8877477645874,0,18,15422.06250613124,4,942.2544541358948
0.007097387313842773,0.12626273632049562,0.0035954296588897702,0.020129382610321045,0.01819788217544556,nan,0.0,0.0576374590396881,0.8351999521255493,0.5267614822864533,-0.8351999521255493,nan,0.0,nan,0.0,nan,0.0,0.9086599946022034,0.2547228523850441,nan,0.0,nan,0.0,60000,4,False,,,74,-0.5267614822864533,7bc55b46c91c44fc9e187b04a311ac06,2019-05-30_14-24-16,1559251456,3.7740578651428223,420.85032749176025,27596,steropes,169.229.49.254,"{'starting_lr': 0.005, 'momentum': 0.997, 'weight_decay': 0.0005, 'steps_per_iteration': None, 'pin': False, 'model_creator': None, 'target_batch_size': 1024, 'model_string': 'resnet18', 'min_batch_size': 512, 'dataset': 'CIFAR', 'placement': None, 'use_nccl': True, 'devices_per_worker': 1, 'primary_resource': 'extra_gpu', 'gpu': False, 'verbose': False, 'lr_config': {'mode': 'log', 'steps': 5, 'initial_lr': 0.005, 'target_lr': 0.007071067811865476}, 'batch_per_device': 512}",76.66180562973022,0,19,15468.265966000827,4,957.3506855964661
0.007674884796142578,0.12431789636611938,0.003408581018447876,0.020994789600372314,0.018140852451324463,nan,0.0,0.052733790874481205,0.8348000049591064,0.528174710893631,-0.8348000049591064,nan,0.0,nan,0.0,nan,0.0,0.9112600088119507,0.25259909239530565,nan,0.0,nan,0.0,60000,4,False,,,75,-0.528174710893631,7bc55b46c91c44fc9e187b04a311ac06,2019-05-30_14-24-20,1559251460,3.789213180541992,424.63954067230225,27596,steropes,169.229.49.254,"{'starting_lr': 0.005, 'momentum': 0.997, 'weight_decay': 0.0005, 'steps_per_iteration': None, 'pin': False, 'model_creator': None, 'target_batch_size': 1024, 'model_string': 'resnet18', 'min_batch_size': 512, 'dataset': 'CIFAR', 'placement': None, 'use_nccl': True, 'devices_per_worker': 1, 'primary_resource': 'extra_gpu', 'gpu': False, 'verbose': False, 'lr_config': {'mode': 'log', 'steps': 5, 'initial_lr': 0.005, 'target_lr': 0.007071067811865476}, 'batch_per_device': 512}",80.45101881027222,0,20,15539.862143181188,4,972.507538318634
0.007138019800186157,0.12520781755447388,0.0032466411590576175,0.021858234405517575,0.019115060567855835,nan,0.0,0.05477215647697449,0.8340999484062195,0.5376398312568664,-0.8340999484062195,nan,0.0,nan,0.0,nan,0.0,0.9120399951934814,0.24898835458755494,nan,0.0,nan,0.0,60000,4,False,,,76,-0.5376398312568664,7bc55b46c91c44fc9e187b04a311ac06,2019-05-30_14-24-24,1559251464,3.879660129547119,428.51920080184937,27596,steropes,169.229.49.254,"{'starting_lr': 0.005, 'momentum': 0.997, 'weight_decay': 0.0005, 'steps_per_iteration': None, 'pin': False, 'model_creator': None, 'target_batch_size': 1024, 'model_string': 'resnet18', 'min_batch_size': 512, 'dataset': 'CIFAR', 'placement': None, 'use_nccl': True, 'devices_per_worker': 1, 'primary_resource': 'extra_gpu', 'gpu': False, 'verbose': False, 'lr_config': {'mode': 'log', 'steps': 5, 'initial_lr': 0.005, 'target_lr': 0.007071067811865476}, 'batch_per_device': 512}",84.33067893981934,0,21,15622.397348194037,4,988.0261788368225
0.0075255751609802244,0.1299573540687561,0.003332501649856567,0.02086594104766846,0.018226271867752074,nan,0.0,0.05752841830253601,0.8317000269889832,0.5428034239292144,-0.8317000269889832,nan,0.0,nan,0.0,nan,0.0,0.9141599535942078,0.24261238538861274,nan,0.0,nan,0.0,60000,4,False,,,77,-0.5428034239292144,7bc55b46c91c44fc9e187b04a311ac06,2019-05-30_14-24-28,1559251468,3.932391405105591,432.45159220695496,27596,steropes,169.229.49.254,"{'starting_lr': 0.005, 'momentum': 0.997, 'weight_decay': 0.0005, 'steps_per_iteration': None, 'pin': False, 'model_creator': None, 'target_batch_size': 1024, 'model_string': 'resnet18', 'min_batch_size': 512, 'dataset': 'CIFAR', 'placement': None, 'use_nccl': True, 'devices_per_worker': 1, 'primary_resource': 'extra_gpu', 'gpu': False, 'verbose': False, 'lr_config': {'mode': 'log', 'steps': 5, 'initial_lr': 0.005, 'target_lr': 0.007071067811865476}, 'batch_per_device': 512}",88.26307034492493,0,22,15554.058140618075,4,1003.7557444572449
0.007965153455734253,0.13102449178695677,0.003166216611862183,0.020983350276947022,0.016830319166183473,nan,0.0,0.054442447423934934,0.8374999761581421,0.5372264243841172,-0.8374999761581421,nan,0.0,nan,0.0,nan,0.0,0.9162999391555786,0.23640024512290955,nan,0.0,nan,0.0,60000,4,False,,,78,-0.5372264243841172,7bc55b46c91c44fc9e187b04a311ac06,2019-05-30_14-24-32,1559251472,3.7923312187194824,436.24392342567444,27596,steropes,169.229.49.254,"{'starting_lr': 0.005, 'momentum': 0.997, 'weight_decay': 0.0005, 'steps_per_iteration': None, 'pin': False, 'model_creator': None, 'target_batch_size': 1024, 'model_string': 'resnet18', 'min_batch_size': 512, 'dataset': 'CIFAR', 'placement': None, 'use_nccl': True, 'devices_per_worker': 1, 'primary_resource': 'extra_gpu', 'gpu': False, 'verbose': False, 'lr_config': {'mode': 'log', 'steps': 5, 'initial_lr': 0.005, 'target_lr': 0.007071067811865476}, 'batch_per_device': 512}",92.05540156364441,0,23,15651.011180183927,4,1018.9250693321228
0.008140116930007935,0.12942651510238645,0.003182822465896606,0.023154745101928713,0.018336766958236696,nan,0.0,0.05623678565025329,0.8350000381469727,0.5391598895072938,-0.8350000381469727,nan,0.0,nan,0.0,nan,0.0,0.9198999404907227,0.22864381175637244,nan,0.0,nan,0.0,60000,4,False,,,79,-0.5391598895072938,7bc55b46c91c44fc9e187b04a311ac06,2019-05-30_14-24-36,1559251476,3.8408114910125732,440.084734916687,27596,steropes,169.229.49.254,"{'starting_lr': 0.005, 'momentum': 0.997, 'weight_decay': 0.0005, 'steps_per_iteration': None, 'pin': False, 'model_creator': None, 'target_batch_size': 1024, 'model_string': 'resnet18', 'min_batch_size': 512, 'dataset': 'CIFAR', 'placement': None, 'use_nccl': True, 'devices_per_worker': 1, 'primary_resource': 'extra_gpu', 'gpu': False, 'verbose': False, 'lr_config': {'mode': 'log', 'steps': 5, 'initial_lr': 0.005, 'target_lr': 0.007071067811865476}, 'batch_per_device': 512}",95.89621305465698,0,24,15596.5984179636,4,1034.288315296173
0.008055460453033446,0.12367249727249147,0.002608764171600342,0.022993698120117187,0.01887151598930359,nan,0.0,0.05887763500213623,0.836899995803833,0.5390136222600936,-0.836899995803833,nan,0.0,nan,0.0,nan,0.0,0.9210799932479858,0.22223071301341057,nan,0.0,nan,0.0,60000,4,False,,,80,-0.5390136222600936,7bc55b46c91c44fc9e187b04a311ac06,2019-05-30_14-24-40,1559251480,3.9799206256866455,444.06465554237366,27596,steropes,169.229.49.254,"{'starting_lr': 0.005, 'momentum': 0.997, 'weight_decay': 0.0005, 'steps_per_iteration': None, 'pin': False, 'model_creator': None, 'target_batch_size': 1024, 'model_string': 'resnet18', 'min_batch_size': 512, 'dataset': 'CIFAR', 'placement': None, 'use_nccl': True, 'devices_per_worker': 1, 'primary_resource': 'extra_gpu', 'gpu': False, 'verbose': False, 'lr_config': {'mode': 'log', 'steps': 5, 'initial_lr': 0.005, 'target_lr': 0.007071067811865476}, 'batch_per_device': 512}",99.87613368034363,0,25,15443.482466689104,4,1050.2079977989197
