{"apply": 0.018902134895324708, "batch_time": 0.041608113276807565, "d2h": 0.000737762451171875, "data_time": 0.001859024662495879, "fwd": 0.15900154113769532, "get_state_time_mean": NaN, "get_state_time_total": 0.0, "grad": 0.16559042930603027, "mean_accuracy": 0.11549999564886093, "mean_loss": 44.998064282226565, "neg_mean_accuracy": -0.11549999564886093, "set_state_time_mean": NaN, "set_state_time_total": 0.0, "setup_model_time_mean": 9.361084222793579, "setup_model_time_total": 9.361084222793579, "setup_proc_time_mean": 0.1722714900970459, "setup_proc_time_total": 0.1722714900970459, "train_accuracy": 0.10175999999046326, "train_loss": 9.790753869628906, "training_time_mean": NaN, "training_time_total": 0.0, "val_accuracy": 0.11549999564886093, "val_loss": 44.998064282226565, "validation_time_mean": NaN, "validation_time_total": 0.0, "samples": 60000, "num_workers": 1, "done": false, "timesteps_total": null, "episodes_total": null, "training_iteration": 1, "neg_mean_loss": -44.998064282226565, "experiment_id": "db542ae363ef4ace87bccacc9bc08860", "date": "2019-06-06_13-26-38", "timestamp": 1559852798, "time_this_iter_s": 47.21291923522949, "time_total_s": 47.21291923522949, "pid": 23113, "hostname": "steropes", "node_ip": "169.229.49.254", "config": {"starting_lr": 0.1, "momentum": 0.997, "weight_decay": 0.0005, "steps_per_iteration": null, "pin": false, "model_creator": null, "target_batch_size": 128, "model_string": "resnet50", "min_batch_size": 128, "dataset": "CIFAR", "placement": null, "use_nccl": true, "devices_per_worker": 1, "primary_resource": "extra_gpu", "gpu": false, "verbose": false, "lr_config": {"mode": "log", "steps": 5, "initial_lr": 0.1, "target_lr": 0.1}, "batch_per_device": 128}, "time_since_restore": 47.21291923522949, "timesteps_since_restore": 0, "iterations_since_restore": 1, "mean_throughput": 1270.836317899782, "atoms": 1, "setup_time": 9.979768991470337}
{"apply": 0.018149256706237793, "batch_time": 0.0331274376639837, "d2h": 0.000714254379272461, "data_time": 0.0017986882982961357, "fwd": 0.028736019134521486, "get_state_time_mean": NaN, "get_state_time_total": 0.0, "grad": 0.04815256595611572, "mean_accuracy": 0.10774999484419823, "mean_loss": 25.402146900939943, "neg_mean_accuracy": -0.09999999403953552, "set_state_time_mean": NaN, "set_state_time_total": 0.0, "setup_model_time_mean": NaN, "setup_model_time_total": 0.0, "setup_proc_time_mean": NaN, "setup_proc_time_total": 0.0, "train_accuracy": 0.10289999842643738, "train_loss": 58.29067255432129, "training_time_mean": NaN, "training_time_total": 0.0, "val_accuracy": 0.09999999403953552, "val_loss": 5.8062295196533205, "validation_time_mean": NaN, "validation_time_total": 0.0, "samples": 60000, "num_workers": 1, "done": false, "timesteps_total": null, "episodes_total": null, "training_iteration": 2, "neg_mean_loss": -25.402146900939943, "experiment_id": "db542ae363ef4ace87bccacc9bc08860", "date": "2019-06-06_13-27-20", "timestamp": 1559852840, "time_this_iter_s": 41.551334857940674, "time_total_s": 88.76425409317017, "pid": 23113, "hostname": "steropes", "node_ip": "169.229.49.254", "config": {"starting_lr": 0.1, "momentum": 0.997, "weight_decay": 0.0005, "steps_per_iteration": null, "pin": false, "model_creator": null, "target_batch_size": 128, "model_string": "resnet50", "min_batch_size": 128, "dataset": "CIFAR", "placement": null, "use_nccl": true, "devices_per_worker": 1, "primary_resource": "extra_gpu", "gpu": false, "verbose": false, "lr_config": {"mode": "log", "steps": 5, "initial_lr": 0.1, "target_lr": 0.1}, "batch_per_device": 128}, "time_since_restore": 88.76425409317017, "timesteps_since_restore": 0, "iterations_since_restore": 2, "mean_throughput": 1351.893014244097, "atoms": 1, "setup_time": 9.979768991470337}
{"apply": 0.018199920654296875, "batch_time": 0.03350294390811196, "d2h": 0.0006959915161132812, "data_time": 0.0018533050556621892, "fwd": 0.0287111759185791, "get_state_time_mean": NaN, "get_state_time_total": 0.0, "grad": 0.04855780601501465, "mean_accuracy": 0.10493332892656326, "mean_loss": 29.870391939798992, "neg_mean_accuracy": -0.09929999709129333, "set_state_time_mean": NaN, "set_state_time_total": 0.0, "setup_model_time_mean": NaN, "setup_model_time_total": 0.0, "setup_proc_time_mean": NaN, "setup_proc_time_total": 0.0, "train_accuracy": 0.10081999748945236, "train_loss": 846.1107323706054, "training_time_mean": NaN, "training_time_total": 0.0, "val_accuracy": 0.09929999709129333, "val_loss": 38.80688201751709, "validation_time_mean": NaN, "validation_time_total": 0.0, "samples": 60000, "num_workers": 1, "done": true, "timesteps_total": null, "episodes_total": null, "training_iteration": 3, "neg_mean_loss": -29.870391939798992, "experiment_id": "db542ae363ef4ace87bccacc9bc08860", "date": "2019-06-06_13-28-01", "timestamp": 1559852881, "time_this_iter_s": 41.77315020561218, "time_total_s": 130.53740429878235, "pid": 23113, "hostname": "steropes", "node_ip": "169.229.49.254", "config": {"starting_lr": 0.1, "momentum": 0.997, "weight_decay": 0.0005, "steps_per_iteration": null, "pin": false, "model_creator": null, "target_batch_size": 128, "model_string": "resnet50", "min_batch_size": 128, "dataset": "CIFAR", "placement": null, "use_nccl": true, "devices_per_worker": 1, "primary_resource": "extra_gpu", "gpu": false, "verbose": false, "lr_config": {"mode": "log", "steps": 5, "initial_lr": 0.1, "target_lr": 0.1}, "batch_per_device": 128}, "time_since_restore": 130.53740429878235, "timesteps_since_restore": 0, "iterations_since_restore": 3, "mean_throughput": 1378.9103863345879, "atoms": 1, "setup_time": 9.979768991470337}
