apply,batch_time,d2h,data_time,fwd,get_state_time_mean,get_state_time_total,grad,mean_accuracy,mean_loss,neg_mean_accuracy,set_state_time_mean,set_state_time_total,setup_model_time_mean,setup_model_time_total,setup_proc_time_mean,setup_proc_time_total,train_accuracy,train_loss,training_time_mean,training_time_total,validation_time_mean,validation_time_total,samples,num_workers,done,timesteps_total,episodes_total,training_iteration,neg_mean_loss,experiment_id,date,timestamp,time_this_iter_s,time_total_s,pid,hostname,node_ip,config,time_since_restore,timesteps_since_restore,iterations_since_restore,mean_throughput,atoms
0.008499932289123536,0.18039612770080565,0.008030509948730469,0.03205730477157904,0.08881955146789551,nan,0.0,0.18745765686035157,0.2784999907016754,2.458604023361206,-0.2784999907016754,nan,0.0,18.862999200820923,18.862999200820923,1.7118091583251953,1.7118091583251953,0.2868399918079376,2.3293270822525023,nan,0.0,nan,0.0,60000,1,False,,,1,-2.458604023361206,f3402faf748f41c9ba19f0b2b51bfedd,2019-05-30_15-17-06,1559254626,12.577971458435059,12.577971458435059,12498,steropes,169.229.49.254,"{'starting_lr': 0.01, 'momentum': 0.997, 'weight_decay': 0.001, 'steps_per_iteration': None, 'pin': False, 'model_creator': None, 'target_batch_size': 1024, 'model_string': 'resnet18', 'min_batch_size': 512, 'dataset': 'CIFAR', 'placement': None, 'use_nccl': True, 'devices_per_worker': 1, 'primary_resource': 'extra_gpu', 'gpu': False, 'verbose': False, 'lr_config': {'mode': 'log', 'steps': 5, 'initial_lr': 0.01, 'target_lr': 0.01}, 'batch_per_device': 1024}",12.577971458435059,0,1,4770.208488153106,1
0.008295965194702149,0.1227949619293213,0.0068343162536621095,0.044073683874947686,0.026726508140563966,nan,0.0,0.05693099498748779,0.4357999861240387,1.713400474357605,-0.4357999861240387,nan,0.0,nan,0.0,nan,0.0,0.3959600031375885,1.6597942849731446,nan,0.0,nan,0.0,60000,1,False,,,2,-1.713400474357605,f3402faf748f41c9ba19f0b2b51bfedd,2019-05-30_15-17-15,1559254635,8.512312650680542,21.0902841091156,12498,steropes,169.229.49.254,"{'starting_lr': 0.01, 'momentum': 0.997, 'weight_decay': 0.001, 'steps_per_iteration': None, 'pin': False, 'model_creator': None, 'target_batch_size': 1024, 'model_string': 'resnet18', 'min_batch_size': 512, 'dataset': 'CIFAR', 'placement': None, 'use_nccl': True, 'devices_per_worker': 1, 'primary_resource': 'extra_gpu', 'gpu': False, 'verbose': False, 'lr_config': {'mode': 'log', 'steps': 5, 'initial_lr': 0.01, 'target_lr': 0.01}, 'batch_per_device': 1024}",21.0902841091156,0,2,5689.775408189583,1
0.00826268196105957,0.12110233306884766,0.0067865848541259766,0.03495196906887755,0.02792680263519287,nan,0.0,0.04735572338104248,0.491599977016449,1.4716189046859742,-0.491599977016449,nan,0.0,nan,0.0,nan,0.0,0.43748000264167786,1.5631002878952027,nan,0.0,nan,0.0,60000,1,False,,,3,-1.4716189046859742,f3402faf748f41c9ba19f0b2b51bfedd,2019-05-30_15-17-23,1559254643,7.909617900848389,28.99990200996399,12498,steropes,169.229.49.254,"{'starting_lr': 0.01, 'momentum': 0.997, 'weight_decay': 0.001, 'steps_per_iteration': None, 'pin': False, 'model_creator': None, 'target_batch_size': 1024, 'model_string': 'resnet18', 'min_batch_size': 512, 'dataset': 'CIFAR', 'placement': None, 'use_nccl': True, 'devices_per_worker': 1, 'primary_resource': 'extra_gpu', 'gpu': False, 'verbose': False, 'lr_config': {'mode': 'log', 'steps': 5, 'initial_lr': 0.01, 'target_lr': 0.01}, 'batch_per_device': 1024}",28.99990200996399,0,3,6206.862719716835,1
0.007393980026245117,0.1239084005355835,0.006777906417846679,0.04103301495921855,0.027510452270507812,nan,0.0,0.04834120273590088,0.5149999856948853,1.3685035614013672,-0.5149999856948853,nan,0.0,nan,0.0,nan,0.0,0.4776199758052826,1.4565581575393676,nan,0.0,nan,0.0,60000,1,False,,,4,-1.3685035614013672,f3402faf748f41c9ba19f0b2b51bfedd,2019-05-30_15-17-31,1559254651,8.076674699783325,37.076576709747314,12498,steropes,169.229.49.254,"{'starting_lr': 0.01, 'momentum': 0.997, 'weight_decay': 0.001, 'steps_per_iteration': None, 'pin': False, 'model_creator': None, 'target_batch_size': 1024, 'model_string': 'resnet18', 'min_batch_size': 512, 'dataset': 'CIFAR', 'placement': None, 'use_nccl': True, 'devices_per_worker': 1, 'primary_resource': 'extra_gpu', 'gpu': False, 'verbose': False, 'lr_config': {'mode': 'log', 'steps': 5, 'initial_lr': 0.01, 'target_lr': 0.01}, 'batch_per_device': 1024}",37.076576709747314,0,4,6473.031325359218,1
0.009149503707885743,0.13094780445098878,0.0066081762313842775,0.04563252779902244,0.023845529556274413,nan,0.0,0.04772517681121826,0.513700008392334,1.3647031158447265,-0.513700008392334,nan,0.0,nan,0.0,nan,0.0,0.49939998984336853,1.3871099857330322,nan,0.0,nan,0.0,60000,1,False,,,5,-1.3647031158447265,f3402faf748f41c9ba19f0b2b51bfedd,2019-05-30_15-17-39,1559254659,8.225723028182983,45.3022997379303,12498,steropes,169.229.49.254,"{'starting_lr': 0.01, 'momentum': 0.997, 'weight_decay': 0.001, 'steps_per_iteration': None, 'pin': False, 'model_creator': None, 'target_batch_size': 1024, 'model_string': 'resnet18', 'min_batch_size': 512, 'dataset': 'CIFAR', 'placement': None, 'use_nccl': True, 'devices_per_worker': 1, 'primary_resource': 'extra_gpu', 'gpu': False, 'verbose': False, 'lr_config': {'mode': 'log', 'steps': 5, 'initial_lr': 0.01, 'target_lr': 0.01}, 'batch_per_device': 1024}",45.3022997379303,0,5,6622.1198675442565,1
0.00752570629119873,0.12652595043182374,0.0058909177780151365,0.05029252110695352,0.02133638858795166,nan,0.0,0.05200550556182861,0.5401999950408936,1.2795381074905396,-0.5401999950408936,nan,0.0,nan,0.0,nan,0.0,0.5180000066757202,1.3420484846115113,nan,0.0,nan,0.0,60000,1,False,,,6,-1.2795381074905396,f3402faf748f41c9ba19f0b2b51bfedd,2019-05-30_15-17-47,1559254667,8.253896713256836,53.556196451187134,12498,steropes,169.229.49.254,"{'starting_lr': 0.01, 'momentum': 0.997, 'weight_decay': 0.001, 'steps_per_iteration': None, 'pin': False, 'model_creator': None, 'target_batch_size': 1024, 'model_string': 'resnet18', 'min_batch_size': 512, 'dataset': 'CIFAR', 'placement': None, 'use_nccl': True, 'devices_per_worker': 1, 'primary_resource': 'extra_gpu', 'gpu': False, 'verbose': False, 'lr_config': {'mode': 'log', 'steps': 5, 'initial_lr': 0.01, 'target_lr': 0.01}, 'batch_per_device': 1024}",53.556196451187134,0,6,7320.888395408933,1
0.007937121391296386,0.1277334213256836,0.006589174270629883,0.05081661380067164,0.024278688430786132,nan,0.0,0.04802119731903076,0.5514000058174133,1.2498878044128419,-0.5514000058174133,nan,0.0,nan,0.0,nan,0.0,0.5297600030899048,1.2977723421859741,nan,0.0,nan,0.0,60000,1,False,,,7,-1.2498878044128419,f3402faf748f41c9ba19f0b2b51bfedd,2019-05-30_15-17-56,1559254676,8.517786502838135,62.07398295402527,12498,steropes,169.229.49.254,"{'starting_lr': 0.01, 'momentum': 0.997, 'weight_decay': 0.001, 'steps_per_iteration': None, 'pin': False, 'model_creator': None, 'target_batch_size': 1024, 'model_string': 'resnet18', 'min_batch_size': 512, 'dataset': 'CIFAR', 'placement': None, 'use_nccl': True, 'devices_per_worker': 1, 'primary_resource': 'extra_gpu', 'gpu': False, 'verbose': False, 'lr_config': {'mode': 'log', 'steps': 5, 'initial_lr': 0.01, 'target_lr': 0.01}, 'batch_per_device': 1024}",62.07398295402527,0,7,7319.901161620534,1
0.00785970687866211,0.12885477542877197,0.007576251029968261,0.05583343700486786,0.029668426513671874,nan,0.0,0.04916338920593262,0.5501999855041504,1.2441451251983642,-0.5501999855041504,nan,0.0,nan,0.0,nan,0.0,0.5450199842453003,1.2598930756378173,nan,0.0,nan,0.0,60000,1,False,,,8,-1.2441451251983642,f3402faf748f41c9ba19f0b2b51bfedd,2019-05-30_15-18-05,1559254685,8.657346725463867,70.73132967948914,12498,steropes,169.229.49.254,"{'starting_lr': 0.01, 'momentum': 0.997, 'weight_decay': 0.001, 'steps_per_iteration': None, 'pin': False, 'model_creator': None, 'target_batch_size': 1024, 'model_string': 'resnet18', 'min_batch_size': 512, 'dataset': 'CIFAR', 'placement': None, 'use_nccl': True, 'devices_per_worker': 1, 'primary_resource': 'extra_gpu', 'gpu': False, 'verbose': False, 'lr_config': {'mode': 'log', 'steps': 5, 'initial_lr': 0.01, 'target_lr': 0.01}, 'batch_per_device': 1024}",70.73132967948914,0,8,7188.7471114480295,1
0.007373929023742676,0.14430875778198243,0.006354045867919922,0.052519963712108375,0.022355937957763673,nan,0.0,0.042999267578125,0.5733000040054321,1.1837903924942017,-0.5733000040054321,nan,0.0,nan,0.0,nan,0.0,0.5623399615287781,1.2138794090270997,nan,0.0,nan,0.0,60000,1,False,,,9,-1.1837903924942017,f3402faf748f41c9ba19f0b2b51bfedd,2019-05-30_15-18-13,1559254693,8.88752293586731,79.61885261535645,12498,steropes,169.229.49.254,"{'starting_lr': 0.01, 'momentum': 0.997, 'weight_decay': 0.001, 'steps_per_iteration': None, 'pin': False, 'model_creator': None, 'target_batch_size': 1024, 'model_string': 'resnet18', 'min_batch_size': 512, 'dataset': 'CIFAR', 'placement': None, 'use_nccl': True, 'devices_per_worker': 1, 'primary_resource': 'extra_gpu', 'gpu': False, 'verbose': False, 'lr_config': {'mode': 'log', 'steps': 5, 'initial_lr': 0.01, 'target_lr': 0.01}, 'batch_per_device': 1024}",79.61885261535645,0,9,7051.731602549186,1
0.008249282836914062,0.1360390901565552,0.007956218719482423,0.052184036799839566,0.024750018119812013,nan,0.0,0.04483747482299805,0.5703999996185303,1.1955259170532226,-0.5703999996185303,nan,0.0,nan,0.0,nan,0.0,0.5788599848747253,1.1717079800796508,nan,0.0,nan,0.0,60000,1,False,,,10,-1.1955259170532226,f3402faf748f41c9ba19f0b2b51bfedd,2019-05-30_15-18-22,1559254702,8.64388918876648,88.26274180412292,12498,steropes,169.229.49.254,"{'starting_lr': 0.01, 'momentum': 0.997, 'weight_decay': 0.001, 'steps_per_iteration': None, 'pin': False, 'model_creator': None, 'target_batch_size': 1024, 'model_string': 'resnet18', 'min_batch_size': 512, 'dataset': 'CIFAR', 'placement': None, 'use_nccl': True, 'devices_per_worker': 1, 'primary_resource': 'extra_gpu', 'gpu': False, 'verbose': False, 'lr_config': {'mode': 'log', 'steps': 5, 'initial_lr': 0.01, 'target_lr': 0.01}, 'batch_per_device': 1024}",88.26274180412292,0,10,6983.093220928517,1
0.00911707878112793,0.13238768577575682,0.006669783592224121,0.04044814985625598,0.021572303771972657,nan,0.0,0.04835247993469238,0.5554999709129333,1.2256821672439575,-0.5554999709129333,nan,0.0,nan,0.0,nan,0.0,0.5910199880599976,1.1400366902160644,nan,0.0,nan,0.0,60000,1,False,,,11,-1.2256821672439575,f3402faf748f41c9ba19f0b2b51bfedd,2019-05-30_15-18-30,1559254710,8.08163046836853,96.34437227249146,12498,steropes,169.229.49.254,"{'starting_lr': 0.01, 'momentum': 0.997, 'weight_decay': 0.001, 'steps_per_iteration': None, 'pin': False, 'model_creator': None, 'target_batch_size': 1024, 'model_string': 'resnet18', 'min_batch_size': 512, 'dataset': 'CIFAR', 'placement': None, 'use_nccl': True, 'devices_per_worker': 1, 'primary_resource': 'extra_gpu', 'gpu': False, 'verbose': False, 'lr_config': {'mode': 'log', 'steps': 5, 'initial_lr': 0.01, 'target_lr': 0.01}, 'batch_per_device': 1024}",96.34437227249146,0,11,7011.208857816944,1
0.007655477523803711,0.12118716239929199,0.006285309791564941,0.03730869779781419,0.022042346000671387,nan,0.0,0.04580004215240478,0.5575999617576599,1.246080570793152,-0.5575999617576599,nan,0.0,nan,0.0,nan,0.0,0.595579981803894,1.1253293685913086,nan,0.0,nan,0.0,60000,1,True,,,12,-1.246080570793152,f3402faf748f41c9ba19f0b2b51bfedd,2019-05-30_15-18-38,1559254718,7.439698934555054,103.78407120704651,12498,steropes,169.229.49.254,"{'starting_lr': 0.01, 'momentum': 0.997, 'weight_decay': 0.001, 'steps_per_iteration': None, 'pin': False, 'model_creator': None, 'target_batch_size': 1024, 'model_string': 'resnet18', 'min_batch_size': 512, 'dataset': 'CIFAR', 'placement': None, 'use_nccl': True, 'devices_per_worker': 1, 'primary_resource': 'extra_gpu', 'gpu': False, 'verbose': False, 'lr_config': {'mode': 'log', 'steps': 5, 'initial_lr': 0.01, 'target_lr': 0.01}, 'batch_per_device': 1024}",103.78407120704651,0,12,7192.432120639908,1
