{"apply": 0.008499932289123536, "batch_time": 0.18039612770080565, "d2h": 0.008030509948730469, "data_time": 0.03205730477157904, "fwd": 0.08881955146789551, "get_state_time_mean": NaN, "get_state_time_total": 0.0, "grad": 0.18745765686035157, "mean_accuracy": 0.2784999907016754, "mean_loss": 2.458604023361206, "neg_mean_accuracy": -0.2784999907016754, "set_state_time_mean": NaN, "set_state_time_total": 0.0, "setup_model_time_mean": 18.862999200820923, "setup_model_time_total": 18.862999200820923, "setup_proc_time_mean": 1.7118091583251953, "setup_proc_time_total": 1.7118091583251953, "train_accuracy": 0.2868399918079376, "train_loss": 2.3293270822525023, "training_time_mean": NaN, "training_time_total": 0.0, "validation_time_mean": NaN, "validation_time_total": 0.0, "samples": 60000, "num_workers": 1, "done": false, "timesteps_total": null, "episodes_total": null, "training_iteration": 1, "neg_mean_loss": -2.458604023361206, "experiment_id": "f3402faf748f41c9ba19f0b2b51bfedd", "date": "2019-05-30_15-17-06", "timestamp": 1559254626, "time_this_iter_s": 12.577971458435059, "time_total_s": 12.577971458435059, "pid": 12498, "hostname": "steropes", "node_ip": "169.229.49.254", "config": {"starting_lr": 0.01, "momentum": 0.997, "weight_decay": 0.001, "steps_per_iteration": null, "pin": false, "model_creator": null, "target_batch_size": 1024, "model_string": "resnet18", "min_batch_size": 512, "dataset": "CIFAR", "placement": null, "use_nccl": true, "devices_per_worker": 1, "primary_resource": "extra_gpu", "gpu": false, "verbose": false, "lr_config": {"mode": "log", "steps": 5, "initial_lr": 0.01, "target_lr": 0.01}, "batch_per_device": 1024}, "time_since_restore": 12.577971458435059, "timesteps_since_restore": 0, "iterations_since_restore": 1, "mean_throughput": 4770.208488153106, "atoms": 1}
{"apply": 0.008295965194702149, "batch_time": 0.1227949619293213, "d2h": 0.0068343162536621095, "data_time": 0.044073683874947686, "fwd": 0.026726508140563966, "get_state_time_mean": NaN, "get_state_time_total": 0.0, "grad": 0.05693099498748779, "mean_accuracy": 0.4357999861240387, "mean_loss": 1.713400474357605, "neg_mean_accuracy": -0.4357999861240387, "set_state_time_mean": NaN, "set_state_time_total": 0.0, "setup_model_time_mean": NaN, "setup_model_time_total": 0.0, "setup_proc_time_mean": NaN, "setup_proc_time_total": 0.0, "train_accuracy": 0.3959600031375885, "train_loss": 1.6597942849731446, "training_time_mean": NaN, "training_time_total": 0.0, "validation_time_mean": NaN, "validation_time_total": 0.0, "samples": 60000, "num_workers": 1, "done": false, "timesteps_total": null, "episodes_total": null, "training_iteration": 2, "neg_mean_loss": -1.713400474357605, "experiment_id": "f3402faf748f41c9ba19f0b2b51bfedd", "date": "2019-05-30_15-17-15", "timestamp": 1559254635, "time_this_iter_s": 8.512312650680542, "time_total_s": 21.0902841091156, "pid": 12498, "hostname": "steropes", "node_ip": "169.229.49.254", "config": {"starting_lr": 0.01, "momentum": 0.997, "weight_decay": 0.001, "steps_per_iteration": null, "pin": false, "model_creator": null, "target_batch_size": 1024, "model_string": "resnet18", "min_batch_size": 512, "dataset": "CIFAR", "placement": null, "use_nccl": true, "devices_per_worker": 1, "primary_resource": "extra_gpu", "gpu": false, "verbose": false, "lr_config": {"mode": "log", "steps": 5, "initial_lr": 0.01, "target_lr": 0.01}, "batch_per_device": 1024}, "time_since_restore": 21.0902841091156, "timesteps_since_restore": 0, "iterations_since_restore": 2, "mean_throughput": 5689.775408189583, "atoms": 1}
{"apply": 0.00826268196105957, "batch_time": 0.12110233306884766, "d2h": 0.0067865848541259766, "data_time": 0.03495196906887755, "fwd": 0.02792680263519287, "get_state_time_mean": NaN, "get_state_time_total": 0.0, "grad": 0.04735572338104248, "mean_accuracy": 0.491599977016449, "mean_loss": 1.4716189046859742, "neg_mean_accuracy": -0.491599977016449, "set_state_time_mean": NaN, "set_state_time_total": 0.0, "setup_model_time_mean": NaN, "setup_model_time_total": 0.0, "setup_proc_time_mean": NaN, "setup_proc_time_total": 0.0, "train_accuracy": 0.43748000264167786, "train_loss": 1.5631002878952027, "training_time_mean": NaN, "training_time_total": 0.0, "validation_time_mean": NaN, "validation_time_total": 0.0, "samples": 60000, "num_workers": 1, "done": false, "timesteps_total": null, "episodes_total": null, "training_iteration": 3, "neg_mean_loss": -1.4716189046859742, "experiment_id": "f3402faf748f41c9ba19f0b2b51bfedd", "date": "2019-05-30_15-17-23", "timestamp": 1559254643, "time_this_iter_s": 7.909617900848389, "time_total_s": 28.99990200996399, "pid": 12498, "hostname": "steropes", "node_ip": "169.229.49.254", "config": {"starting_lr": 0.01, "momentum": 0.997, "weight_decay": 0.001, "steps_per_iteration": null, "pin": false, "model_creator": null, "target_batch_size": 1024, "model_string": "resnet18", "min_batch_size": 512, "dataset": "CIFAR", "placement": null, "use_nccl": true, "devices_per_worker": 1, "primary_resource": "extra_gpu", "gpu": false, "verbose": false, "lr_config": {"mode": "log", "steps": 5, "initial_lr": 0.01, "target_lr": 0.01}, "batch_per_device": 1024}, "time_since_restore": 28.99990200996399, "timesteps_since_restore": 0, "iterations_since_restore": 3, "mean_throughput": 6206.862719716835, "atoms": 1}
{"apply": 0.007393980026245117, "batch_time": 0.1239084005355835, "d2h": 0.006777906417846679, "data_time": 0.04103301495921855, "fwd": 0.027510452270507812, "get_state_time_mean": NaN, "get_state_time_total": 0.0, "grad": 0.04834120273590088, "mean_accuracy": 0.5149999856948853, "mean_loss": 1.3685035614013672, "neg_mean_accuracy": -0.5149999856948853, "set_state_time_mean": NaN, "set_state_time_total": 0.0, "setup_model_time_mean": NaN, "setup_model_time_total": 0.0, "setup_proc_time_mean": NaN, "setup_proc_time_total": 0.0, "train_accuracy": 0.4776199758052826, "train_loss": 1.4565581575393676, "training_time_mean": NaN, "training_time_total": 0.0, "validation_time_mean": NaN, "validation_time_total": 0.0, "samples": 60000, "num_workers": 1, "done": false, "timesteps_total": null, "episodes_total": null, "training_iteration": 4, "neg_mean_loss": -1.3685035614013672, "experiment_id": "f3402faf748f41c9ba19f0b2b51bfedd", "date": "2019-05-30_15-17-31", "timestamp": 1559254651, "time_this_iter_s": 8.076674699783325, "time_total_s": 37.076576709747314, "pid": 12498, "hostname": "steropes", "node_ip": "169.229.49.254", "config": {"starting_lr": 0.01, "momentum": 0.997, "weight_decay": 0.001, "steps_per_iteration": null, "pin": false, "model_creator": null, "target_batch_size": 1024, "model_string": "resnet18", "min_batch_size": 512, "dataset": "CIFAR", "placement": null, "use_nccl": true, "devices_per_worker": 1, "primary_resource": "extra_gpu", "gpu": false, "verbose": false, "lr_config": {"mode": "log", "steps": 5, "initial_lr": 0.01, "target_lr": 0.01}, "batch_per_device": 1024}, "time_since_restore": 37.076576709747314, "timesteps_since_restore": 0, "iterations_since_restore": 4, "mean_throughput": 6473.031325359218, "atoms": 1}
{"apply": 0.009149503707885743, "batch_time": 0.13094780445098878, "d2h": 0.0066081762313842775, "data_time": 0.04563252779902244, "fwd": 0.023845529556274413, "get_state_time_mean": NaN, "get_state_time_total": 0.0, "grad": 0.04772517681121826, "mean_accuracy": 0.513700008392334, "mean_loss": 1.3647031158447265, "neg_mean_accuracy": -0.513700008392334, "set_state_time_mean": NaN, "set_state_time_total": 0.0, "setup_model_time_mean": NaN, "setup_model_time_total": 0.0, "setup_proc_time_mean": NaN, "setup_proc_time_total": 0.0, "train_accuracy": 0.49939998984336853, "train_loss": 1.3871099857330322, "training_time_mean": NaN, "training_time_total": 0.0, "validation_time_mean": NaN, "validation_time_total": 0.0, "samples": 60000, "num_workers": 1, "done": false, "timesteps_total": null, "episodes_total": null, "training_iteration": 5, "neg_mean_loss": -1.3647031158447265, "experiment_id": "f3402faf748f41c9ba19f0b2b51bfedd", "date": "2019-05-30_15-17-39", "timestamp": 1559254659, "time_this_iter_s": 8.225723028182983, "time_total_s": 45.3022997379303, "pid": 12498, "hostname": "steropes", "node_ip": "169.229.49.254", "config": {"starting_lr": 0.01, "momentum": 0.997, "weight_decay": 0.001, "steps_per_iteration": null, "pin": false, "model_creator": null, "target_batch_size": 1024, "model_string": "resnet18", "min_batch_size": 512, "dataset": "CIFAR", "placement": null, "use_nccl": true, "devices_per_worker": 1, "primary_resource": "extra_gpu", "gpu": false, "verbose": false, "lr_config": {"mode": "log", "steps": 5, "initial_lr": 0.01, "target_lr": 0.01}, "batch_per_device": 1024}, "time_since_restore": 45.3022997379303, "timesteps_since_restore": 0, "iterations_since_restore": 5, "mean_throughput": 6622.1198675442565, "atoms": 1}
{"apply": 0.00752570629119873, "batch_time": 0.12652595043182374, "d2h": 0.0058909177780151365, "data_time": 0.05029252110695352, "fwd": 0.02133638858795166, "get_state_time_mean": NaN, "get_state_time_total": 0.0, "grad": 0.05200550556182861, "mean_accuracy": 0.5401999950408936, "mean_loss": 1.2795381074905396, "neg_mean_accuracy": -0.5401999950408936, "set_state_time_mean": NaN, "set_state_time_total": 0.0, "setup_model_time_mean": NaN, "setup_model_time_total": 0.0, "setup_proc_time_mean": NaN, "setup_proc_time_total": 0.0, "train_accuracy": 0.5180000066757202, "train_loss": 1.3420484846115113, "training_time_mean": NaN, "training_time_total": 0.0, "validation_time_mean": NaN, "validation_time_total": 0.0, "samples": 60000, "num_workers": 1, "done": false, "timesteps_total": null, "episodes_total": null, "training_iteration": 6, "neg_mean_loss": -1.2795381074905396, "experiment_id": "f3402faf748f41c9ba19f0b2b51bfedd", "date": "2019-05-30_15-17-47", "timestamp": 1559254667, "time_this_iter_s": 8.253896713256836, "time_total_s": 53.556196451187134, "pid": 12498, "hostname": "steropes", "node_ip": "169.229.49.254", "config": {"starting_lr": 0.01, "momentum": 0.997, "weight_decay": 0.001, "steps_per_iteration": null, "pin": false, "model_creator": null, "target_batch_size": 1024, "model_string": "resnet18", "min_batch_size": 512, "dataset": "CIFAR", "placement": null, "use_nccl": true, "devices_per_worker": 1, "primary_resource": "extra_gpu", "gpu": false, "verbose": false, "lr_config": {"mode": "log", "steps": 5, "initial_lr": 0.01, "target_lr": 0.01}, "batch_per_device": 1024}, "time_since_restore": 53.556196451187134, "timesteps_since_restore": 0, "iterations_since_restore": 6, "mean_throughput": 7320.888395408933, "atoms": 1}
{"apply": 0.007937121391296386, "batch_time": 0.1277334213256836, "d2h": 0.006589174270629883, "data_time": 0.05081661380067164, "fwd": 0.024278688430786132, "get_state_time_mean": NaN, "get_state_time_total": 0.0, "grad": 0.04802119731903076, "mean_accuracy": 0.5514000058174133, "mean_loss": 1.2498878044128419, "neg_mean_accuracy": -0.5514000058174133, "set_state_time_mean": NaN, "set_state_time_total": 0.0, "setup_model_time_mean": NaN, "setup_model_time_total": 0.0, "setup_proc_time_mean": NaN, "setup_proc_time_total": 0.0, "train_accuracy": 0.5297600030899048, "train_loss": 1.2977723421859741, "training_time_mean": NaN, "training_time_total": 0.0, "validation_time_mean": NaN, "validation_time_total": 0.0, "samples": 60000, "num_workers": 1, "done": false, "timesteps_total": null, "episodes_total": null, "training_iteration": 7, "neg_mean_loss": -1.2498878044128419, "experiment_id": "f3402faf748f41c9ba19f0b2b51bfedd", "date": "2019-05-30_15-17-56", "timestamp": 1559254676, "time_this_iter_s": 8.517786502838135, "time_total_s": 62.07398295402527, "pid": 12498, "hostname": "steropes", "node_ip": "169.229.49.254", "config": {"starting_lr": 0.01, "momentum": 0.997, "weight_decay": 0.001, "steps_per_iteration": null, "pin": false, "model_creator": null, "target_batch_size": 1024, "model_string": "resnet18", "min_batch_size": 512, "dataset": "CIFAR", "placement": null, "use_nccl": true, "devices_per_worker": 1, "primary_resource": "extra_gpu", "gpu": false, "verbose": false, "lr_config": {"mode": "log", "steps": 5, "initial_lr": 0.01, "target_lr": 0.01}, "batch_per_device": 1024}, "time_since_restore": 62.07398295402527, "timesteps_since_restore": 0, "iterations_since_restore": 7, "mean_throughput": 7319.901161620534, "atoms": 1}
{"apply": 0.00785970687866211, "batch_time": 0.12885477542877197, "d2h": 0.007576251029968261, "data_time": 0.05583343700486786, "fwd": 0.029668426513671874, "get_state_time_mean": NaN, "get_state_time_total": 0.0, "grad": 0.04916338920593262, "mean_accuracy": 0.5501999855041504, "mean_loss": 1.2441451251983642, "neg_mean_accuracy": -0.5501999855041504, "set_state_time_mean": NaN, "set_state_time_total": 0.0, "setup_model_time_mean": NaN, "setup_model_time_total": 0.0, "setup_proc_time_mean": NaN, "setup_proc_time_total": 0.0, "train_accuracy": 0.5450199842453003, "train_loss": 1.2598930756378173, "training_time_mean": NaN, "training_time_total": 0.0, "validation_time_mean": NaN, "validation_time_total": 0.0, "samples": 60000, "num_workers": 1, "done": false, "timesteps_total": null, "episodes_total": null, "training_iteration": 8, "neg_mean_loss": -1.2441451251983642, "experiment_id": "f3402faf748f41c9ba19f0b2b51bfedd", "date": "2019-05-30_15-18-05", "timestamp": 1559254685, "time_this_iter_s": 8.657346725463867, "time_total_s": 70.73132967948914, "pid": 12498, "hostname": "steropes", "node_ip": "169.229.49.254", "config": {"starting_lr": 0.01, "momentum": 0.997, "weight_decay": 0.001, "steps_per_iteration": null, "pin": false, "model_creator": null, "target_batch_size": 1024, "model_string": "resnet18", "min_batch_size": 512, "dataset": "CIFAR", "placement": null, "use_nccl": true, "devices_per_worker": 1, "primary_resource": "extra_gpu", "gpu": false, "verbose": false, "lr_config": {"mode": "log", "steps": 5, "initial_lr": 0.01, "target_lr": 0.01}, "batch_per_device": 1024}, "time_since_restore": 70.73132967948914, "timesteps_since_restore": 0, "iterations_since_restore": 8, "mean_throughput": 7188.7471114480295, "atoms": 1}
{"apply": 0.007373929023742676, "batch_time": 0.14430875778198243, "d2h": 0.006354045867919922, "data_time": 0.052519963712108375, "fwd": 0.022355937957763673, "get_state_time_mean": NaN, "get_state_time_total": 0.0, "grad": 0.042999267578125, "mean_accuracy": 0.5733000040054321, "mean_loss": 1.1837903924942017, "neg_mean_accuracy": -0.5733000040054321, "set_state_time_mean": NaN, "set_state_time_total": 0.0, "setup_model_time_mean": NaN, "setup_model_time_total": 0.0, "setup_proc_time_mean": NaN, "setup_proc_time_total": 0.0, "train_accuracy": 0.5623399615287781, "train_loss": 1.2138794090270997, "training_time_mean": NaN, "training_time_total": 0.0, "validation_time_mean": NaN, "validation_time_total": 0.0, "samples": 60000, "num_workers": 1, "done": false, "timesteps_total": null, "episodes_total": null, "training_iteration": 9, "neg_mean_loss": -1.1837903924942017, "experiment_id": "f3402faf748f41c9ba19f0b2b51bfedd", "date": "2019-05-30_15-18-13", "timestamp": 1559254693, "time_this_iter_s": 8.88752293586731, "time_total_s": 79.61885261535645, "pid": 12498, "hostname": "steropes", "node_ip": "169.229.49.254", "config": {"starting_lr": 0.01, "momentum": 0.997, "weight_decay": 0.001, "steps_per_iteration": null, "pin": false, "model_creator": null, "target_batch_size": 1024, "model_string": "resnet18", "min_batch_size": 512, "dataset": "CIFAR", "placement": null, "use_nccl": true, "devices_per_worker": 1, "primary_resource": "extra_gpu", "gpu": false, "verbose": false, "lr_config": {"mode": "log", "steps": 5, "initial_lr": 0.01, "target_lr": 0.01}, "batch_per_device": 1024}, "time_since_restore": 79.61885261535645, "timesteps_since_restore": 0, "iterations_since_restore": 9, "mean_throughput": 7051.731602549186, "atoms": 1}
{"apply": 0.008249282836914062, "batch_time": 0.1360390901565552, "d2h": 0.007956218719482423, "data_time": 0.052184036799839566, "fwd": 0.024750018119812013, "get_state_time_mean": NaN, "get_state_time_total": 0.0, "grad": 0.04483747482299805, "mean_accuracy": 0.5703999996185303, "mean_loss": 1.1955259170532226, "neg_mean_accuracy": -0.5703999996185303, "set_state_time_mean": NaN, "set_state_time_total": 0.0, "setup_model_time_mean": NaN, "setup_model_time_total": 0.0, "setup_proc_time_mean": NaN, "setup_proc_time_total": 0.0, "train_accuracy": 0.5788599848747253, "train_loss": 1.1717079800796508, "training_time_mean": NaN, "training_time_total": 0.0, "validation_time_mean": NaN, "validation_time_total": 0.0, "samples": 60000, "num_workers": 1, "done": false, "timesteps_total": null, "episodes_total": null, "training_iteration": 10, "neg_mean_loss": -1.1955259170532226, "experiment_id": "f3402faf748f41c9ba19f0b2b51bfedd", "date": "2019-05-30_15-18-22", "timestamp": 1559254702, "time_this_iter_s": 8.64388918876648, "time_total_s": 88.26274180412292, "pid": 12498, "hostname": "steropes", "node_ip": "169.229.49.254", "config": {"starting_lr": 0.01, "momentum": 0.997, "weight_decay": 0.001, "steps_per_iteration": null, "pin": false, "model_creator": null, "target_batch_size": 1024, "model_string": "resnet18", "min_batch_size": 512, "dataset": "CIFAR", "placement": null, "use_nccl": true, "devices_per_worker": 1, "primary_resource": "extra_gpu", "gpu": false, "verbose": false, "lr_config": {"mode": "log", "steps": 5, "initial_lr": 0.01, "target_lr": 0.01}, "batch_per_device": 1024}, "time_since_restore": 88.26274180412292, "timesteps_since_restore": 0, "iterations_since_restore": 10, "mean_throughput": 6983.093220928517, "atoms": 1}
{"apply": 0.00911707878112793, "batch_time": 0.13238768577575682, "d2h": 0.006669783592224121, "data_time": 0.04044814985625598, "fwd": 0.021572303771972657, "get_state_time_mean": NaN, "get_state_time_total": 0.0, "grad": 0.04835247993469238, "mean_accuracy": 0.5554999709129333, "mean_loss": 1.2256821672439575, "neg_mean_accuracy": -0.5554999709129333, "set_state_time_mean": NaN, "set_state_time_total": 0.0, "setup_model_time_mean": NaN, "setup_model_time_total": 0.0, "setup_proc_time_mean": NaN, "setup_proc_time_total": 0.0, "train_accuracy": 0.5910199880599976, "train_loss": 1.1400366902160644, "training_time_mean": NaN, "training_time_total": 0.0, "validation_time_mean": NaN, "validation_time_total": 0.0, "samples": 60000, "num_workers": 1, "done": false, "timesteps_total": null, "episodes_total": null, "training_iteration": 11, "neg_mean_loss": -1.2256821672439575, "experiment_id": "f3402faf748f41c9ba19f0b2b51bfedd", "date": "2019-05-30_15-18-30", "timestamp": 1559254710, "time_this_iter_s": 8.08163046836853, "time_total_s": 96.34437227249146, "pid": 12498, "hostname": "steropes", "node_ip": "169.229.49.254", "config": {"starting_lr": 0.01, "momentum": 0.997, "weight_decay": 0.001, "steps_per_iteration": null, "pin": false, "model_creator": null, "target_batch_size": 1024, "model_string": "resnet18", "min_batch_size": 512, "dataset": "CIFAR", "placement": null, "use_nccl": true, "devices_per_worker": 1, "primary_resource": "extra_gpu", "gpu": false, "verbose": false, "lr_config": {"mode": "log", "steps": 5, "initial_lr": 0.01, "target_lr": 0.01}, "batch_per_device": 1024}, "time_since_restore": 96.34437227249146, "timesteps_since_restore": 0, "iterations_since_restore": 11, "mean_throughput": 7011.208857816944, "atoms": 1}
{"apply": 0.007655477523803711, "batch_time": 0.12118716239929199, "d2h": 0.006285309791564941, "data_time": 0.03730869779781419, "fwd": 0.022042346000671387, "get_state_time_mean": NaN, "get_state_time_total": 0.0, "grad": 0.04580004215240478, "mean_accuracy": 0.5575999617576599, "mean_loss": 1.246080570793152, "neg_mean_accuracy": -0.5575999617576599, "set_state_time_mean": NaN, "set_state_time_total": 0.0, "setup_model_time_mean": NaN, "setup_model_time_total": 0.0, "setup_proc_time_mean": NaN, "setup_proc_time_total": 0.0, "train_accuracy": 0.595579981803894, "train_loss": 1.1253293685913086, "training_time_mean": NaN, "training_time_total": 0.0, "validation_time_mean": NaN, "validation_time_total": 0.0, "samples": 60000, "num_workers": 1, "done": true, "timesteps_total": null, "episodes_total": null, "training_iteration": 12, "neg_mean_loss": -1.246080570793152, "experiment_id": "f3402faf748f41c9ba19f0b2b51bfedd", "date": "2019-05-30_15-18-38", "timestamp": 1559254718, "time_this_iter_s": 7.439698934555054, "time_total_s": 103.78407120704651, "pid": 12498, "hostname": "steropes", "node_ip": "169.229.49.254", "config": {"starting_lr": 0.01, "momentum": 0.997, "weight_decay": 0.001, "steps_per_iteration": null, "pin": false, "model_creator": null, "target_batch_size": 1024, "model_string": "resnet18", "min_batch_size": 512, "dataset": "CIFAR", "placement": null, "use_nccl": true, "devices_per_worker": 1, "primary_resource": "extra_gpu", "gpu": false, "verbose": false, "lr_config": {"mode": "log", "steps": 5, "initial_lr": 0.01, "target_lr": 0.01}, "batch_per_device": 1024}, "time_since_restore": 103.78407120704651, "timesteps_since_restore": 0, "iterations_since_restore": 12, "mean_throughput": 7192.432120639908, "atoms": 1}
