apply,batch_time,d2h,data_time,fwd,get_state_time_mean,get_state_time_total,grad,mean_accuracy,mean_loss,neg_mean_accuracy,set_state_time_mean,set_state_time_total,setup_model_time_mean,setup_model_time_total,setup_proc_time_mean,setup_proc_time_total,train_accuracy,train_loss,training_time_mean,training_time_total,val_accuracy,val_loss,validation_time_mean,validation_time_total,samples,num_workers,done,timesteps_total,episodes_total,training_iteration,neg_mean_loss,experiment_id,date,timestamp,time_this_iter_s,time_total_s,pid,hostname,node_ip,config,time_since_restore,timesteps_since_restore,iterations_since_restore,mean_throughput,atoms,setup_time
0.017871522903442384,0.041888949237292326,0.0006727218627929687,0.001916028044717696,0.178719162940979,nan,0.0,0.19018588066101075,0.10429999977350235,401786331.776,-0.10429999977350235,nan,0.0,12.955398559570312,12.955398559570312,1.8689625263214111,1.8689625263214111,0.1008399948477745,3058057472.85126,nan,0.0,0.10429999977350235,401786331.776,nan,0.0,60000,1,False,,,1,-401786331.776,447584bb00d845169f5d6a30c29c83f2,2019-06-03_04-38-04,1559561884,46.63960146903992,46.63960146903992,17449,steropes,169.229.49.254,"{'starting_lr': 1.0, 'momentum': 0.997, 'weight_decay': 0.0005, 'steps_per_iteration': None, 'pin': False, 'model_creator': None, 'target_batch_size': 128, 'model_string': 'resnet50', 'min_batch_size': 128, 'dataset': 'CIFAR', 'placement': None, 'use_nccl': True, 'devices_per_worker': 1, 'primary_resource': 'extra_gpu', 'gpu': False, 'verbose': False, 'lr_config': {'mode': 'log', 'steps': 5, 'initial_lr': 1.0, 'target_lr': 1.0}, 'batch_per_device': 128}",46.63960146903992,0,1,1286.4578537975665,1,18.504981756210327
0.018271470069885255,0.031836835643913174,0.0006540298461914062,0.0017659847083908822,0.027978229522705077,nan,0.0,0.04763660430908203,0.05219999988548807,nan,-9.999999747378752e-05,nan,0.0,nan,0.0,nan,0.0,0.056759998202323914,nan,nan,0.0,9.999999747378752e-05,nan,nan,0.0,60000,1,False,,,2,nan,447584bb00d845169f5d6a30c29c83f2,2019-06-03_04-38-45,1559561925,40.68610453605652,87.32570600509644,17449,steropes,169.229.49.254,"{'starting_lr': 1.0, 'momentum': 0.997, 'weight_decay': 0.0005, 'steps_per_iteration': None, 'pin': False, 'model_creator': None, 'target_batch_size': 128, 'model_string': 'resnet50', 'min_batch_size': 128, 'dataset': 'CIFAR', 'placement': None, 'use_nccl': True, 'devices_per_worker': 1, 'primary_resource': 'extra_gpu', 'gpu': False, 'verbose': False, 'lr_config': {'mode': 'log', 'steps': 5, 'initial_lr': 1.0, 'target_lr': 1.0}, 'batch_per_device': 128}",87.32570600509644,0,2,1374.1605141825062,1,18.504981756210327
0.018150591850280763,0.031707585612429846,0.0006656169891357422,0.001862670454527716,0.02809562683105469,nan,0.0,0.047983098030090335,0.03483333325614998,nan,-9.999999747378752e-05,nan,0.0,nan,0.0,nan,0.0,0.0,nan,nan,0.0,9.999999747378752e-05,nan,nan,0.0,60000,1,False,,,3,nan,447584bb00d845169f5d6a30c29c83f2,2019-06-03_04-39-26,1559561966,40.66351771354675,127.98922371864319,17449,steropes,169.229.49.254,"{'starting_lr': 1.0, 'momentum': 0.997, 'weight_decay': 0.0005, 'steps_per_iteration': None, 'pin': False, 'model_creator': None, 'target_batch_size': 128, 'model_string': 'resnet50', 'min_batch_size': 128, 'dataset': 'CIFAR', 'placement': None, 'use_nccl': True, 'devices_per_worker': 1, 'primary_resource': 'extra_gpu', 'gpu': False, 'verbose': False, 'lr_config': {'mode': 'log', 'steps': 5, 'initial_lr': 1.0, 'target_lr': 1.0}, 'batch_per_device': 128}",127.98922371864319,0,3,1406.3638590371852,1,18.504981756210327
0.017956757545471193,0.03153244453140452,0.0006578683853149414,0.0018408518008258946,0.028006529808044432,nan,0.0,0.048111367225646975,0.026149999941480928,nan,-9.999999747378752e-05,nan,0.0,nan,0.0,nan,0.0,0.0,nan,nan,0.0,9.999999747378752e-05,nan,nan,0.0,60000,1,True,,,4,nan,447584bb00d845169f5d6a30c29c83f2,2019-06-03_04-40-06,1559562006,40.4685959815979,168.4578197002411,17449,steropes,169.229.49.254,"{'starting_lr': 1.0, 'momentum': 0.997, 'weight_decay': 0.0005, 'steps_per_iteration': None, 'pin': False, 'model_creator': None, 'target_batch_size': 128, 'model_string': 'resnet50', 'min_batch_size': 128, 'dataset': 'CIFAR', 'placement': None, 'use_nccl': True, 'devices_per_worker': 1, 'primary_resource': 'extra_gpu', 'gpu': False, 'verbose': False, 'lr_config': {'mode': 'log', 'steps': 5, 'initial_lr': 1.0, 'target_lr': 1.0}, 'batch_per_device': 128}",168.4578197002411,0,4,1424.6847133795147,1,18.504981756210327
