{"apply": 0.017871522903442384, "batch_time": 0.041888949237292326, "d2h": 0.0006727218627929687, "data_time": 0.001916028044717696, "fwd": 0.178719162940979, "get_state_time_mean": NaN, "get_state_time_total": 0.0, "grad": 0.19018588066101075, "mean_accuracy": 0.10429999977350235, "mean_loss": 401786331.776, "neg_mean_accuracy": -0.10429999977350235, "set_state_time_mean": NaN, "set_state_time_total": 0.0, "setup_model_time_mean": 12.955398559570312, "setup_model_time_total": 12.955398559570312, "setup_proc_time_mean": 1.8689625263214111, "setup_proc_time_total": 1.8689625263214111, "train_accuracy": 0.1008399948477745, "train_loss": 3058057472.85126, "training_time_mean": NaN, "training_time_total": 0.0, "val_accuracy": 0.10429999977350235, "val_loss": 401786331.776, "validation_time_mean": NaN, "validation_time_total": 0.0, "samples": 60000, "num_workers": 1, "done": false, "timesteps_total": null, "episodes_total": null, "training_iteration": 1, "neg_mean_loss": -401786331.776, "experiment_id": "447584bb00d845169f5d6a30c29c83f2", "date": "2019-06-03_04-38-04", "timestamp": 1559561884, "time_this_iter_s": 46.63960146903992, "time_total_s": 46.63960146903992, "pid": 17449, "hostname": "steropes", "node_ip": "169.229.49.254", "config": {"starting_lr": 1.0, "momentum": 0.997, "weight_decay": 0.0005, "steps_per_iteration": null, "pin": false, "model_creator": null, "target_batch_size": 128, "model_string": "resnet50", "min_batch_size": 128, "dataset": "CIFAR", "placement": null, "use_nccl": true, "devices_per_worker": 1, "primary_resource": "extra_gpu", "gpu": false, "verbose": false, "lr_config": {"mode": "log", "steps": 5, "initial_lr": 1.0, "target_lr": 1.0}, "batch_per_device": 128}, "time_since_restore": 46.63960146903992, "timesteps_since_restore": 0, "iterations_since_restore": 1, "mean_throughput": 1286.4578537975665, "atoms": 1, "setup_time": 18.504981756210327}
{"apply": 0.018271470069885255, "batch_time": 0.031836835643913174, "d2h": 0.0006540298461914062, "data_time": 0.0017659847083908822, "fwd": 0.027978229522705077, "get_state_time_mean": NaN, "get_state_time_total": 0.0, "grad": 0.04763660430908203, "mean_accuracy": 0.05219999988548807, "mean_loss": NaN, "neg_mean_accuracy": -9.999999747378752e-05, "set_state_time_mean": NaN, "set_state_time_total": 0.0, "setup_model_time_mean": NaN, "setup_model_time_total": 0.0, "setup_proc_time_mean": NaN, "setup_proc_time_total": 0.0, "train_accuracy": 0.056759998202323914, "train_loss": NaN, "training_time_mean": NaN, "training_time_total": 0.0, "val_accuracy": 9.999999747378752e-05, "val_loss": NaN, "validation_time_mean": NaN, "validation_time_total": 0.0, "samples": 60000, "num_workers": 1, "done": false, "timesteps_total": null, "episodes_total": null, "training_iteration": 2, "neg_mean_loss": NaN, "experiment_id": "447584bb00d845169f5d6a30c29c83f2", "date": "2019-06-03_04-38-45", "timestamp": 1559561925, "time_this_iter_s": 40.68610453605652, "time_total_s": 87.32570600509644, "pid": 17449, "hostname": "steropes", "node_ip": "169.229.49.254", "config": {"starting_lr": 1.0, "momentum": 0.997, "weight_decay": 0.0005, "steps_per_iteration": null, "pin": false, "model_creator": null, "target_batch_size": 128, "model_string": "resnet50", "min_batch_size": 128, "dataset": "CIFAR", "placement": null, "use_nccl": true, "devices_per_worker": 1, "primary_resource": "extra_gpu", "gpu": false, "verbose": false, "lr_config": {"mode": "log", "steps": 5, "initial_lr": 1.0, "target_lr": 1.0}, "batch_per_device": 128}, "time_since_restore": 87.32570600509644, "timesteps_since_restore": 0, "iterations_since_restore": 2, "mean_throughput": 1374.1605141825062, "atoms": 1, "setup_time": 18.504981756210327}
{"apply": 0.018150591850280763, "batch_time": 0.031707585612429846, "d2h": 0.0006656169891357422, "data_time": 0.001862670454527716, "fwd": 0.02809562683105469, "get_state_time_mean": NaN, "get_state_time_total": 0.0, "grad": 0.047983098030090335, "mean_accuracy": 0.03483333325614998, "mean_loss": NaN, "neg_mean_accuracy": -9.999999747378752e-05, "set_state_time_mean": NaN, "set_state_time_total": 0.0, "setup_model_time_mean": NaN, "setup_model_time_total": 0.0, "setup_proc_time_mean": NaN, "setup_proc_time_total": 0.0, "train_accuracy": 0.0, "train_loss": NaN, "training_time_mean": NaN, "training_time_total": 0.0, "val_accuracy": 9.999999747378752e-05, "val_loss": NaN, "validation_time_mean": NaN, "validation_time_total": 0.0, "samples": 60000, "num_workers": 1, "done": false, "timesteps_total": null, "episodes_total": null, "training_iteration": 3, "neg_mean_loss": NaN, "experiment_id": "447584bb00d845169f5d6a30c29c83f2", "date": "2019-06-03_04-39-26", "timestamp": 1559561966, "time_this_iter_s": 40.66351771354675, "time_total_s": 127.98922371864319, "pid": 17449, "hostname": "steropes", "node_ip": "169.229.49.254", "config": {"starting_lr": 1.0, "momentum": 0.997, "weight_decay": 0.0005, "steps_per_iteration": null, "pin": false, "model_creator": null, "target_batch_size": 128, "model_string": "resnet50", "min_batch_size": 128, "dataset": "CIFAR", "placement": null, "use_nccl": true, "devices_per_worker": 1, "primary_resource": "extra_gpu", "gpu": false, "verbose": false, "lr_config": {"mode": "log", "steps": 5, "initial_lr": 1.0, "target_lr": 1.0}, "batch_per_device": 128}, "time_since_restore": 127.98922371864319, "timesteps_since_restore": 0, "iterations_since_restore": 3, "mean_throughput": 1406.3638590371852, "atoms": 1, "setup_time": 18.504981756210327}
{"apply": 0.017956757545471193, "batch_time": 0.03153244453140452, "d2h": 0.0006578683853149414, "data_time": 0.0018408518008258946, "fwd": 0.028006529808044432, "get_state_time_mean": NaN, "get_state_time_total": 0.0, "grad": 0.048111367225646975, "mean_accuracy": 0.026149999941480928, "mean_loss": NaN, "neg_mean_accuracy": -9.999999747378752e-05, "set_state_time_mean": NaN, "set_state_time_total": 0.0, "setup_model_time_mean": NaN, "setup_model_time_total": 0.0, "setup_proc_time_mean": NaN, "setup_proc_time_total": 0.0, "train_accuracy": 0.0, "train_loss": NaN, "training_time_mean": NaN, "training_time_total": 0.0, "val_accuracy": 9.999999747378752e-05, "val_loss": NaN, "validation_time_mean": NaN, "validation_time_total": 0.0, "samples": 60000, "num_workers": 1, "done": true, "timesteps_total": null, "episodes_total": null, "training_iteration": 4, "neg_mean_loss": NaN, "experiment_id": "447584bb00d845169f5d6a30c29c83f2", "date": "2019-06-03_04-40-06", "timestamp": 1559562006, "time_this_iter_s": 40.4685959815979, "time_total_s": 168.4578197002411, "pid": 17449, "hostname": "steropes", "node_ip": "169.229.49.254", "config": {"starting_lr": 1.0, "momentum": 0.997, "weight_decay": 0.0005, "steps_per_iteration": null, "pin": false, "model_creator": null, "target_batch_size": 128, "model_string": "resnet50", "min_batch_size": 128, "dataset": "CIFAR", "placement": null, "use_nccl": true, "devices_per_worker": 1, "primary_resource": "extra_gpu", "gpu": false, "verbose": false, "lr_config": {"mode": "log", "steps": 5, "initial_lr": 1.0, "target_lr": 1.0}, "batch_per_device": 128}, "time_since_restore": 168.4578197002411, "timesteps_since_restore": 0, "iterations_since_restore": 4, "mean_throughput": 1424.6847133795147, "atoms": 1, "setup_time": 18.504981756210327}
