{"apply": 0.017223286628723144, "batch_time": 0.04134142549732064, "d2h": 0.0006946325302124023, "data_time": 0.0019527164566547366, "fwd": 0.11868398189544678, "get_state_time_mean": NaN, "get_state_time_total": 0.0, "grad": 0.16420378684997558, "mean_accuracy": 0.20239999890327454, "mean_loss": 2.149516284942627, "neg_mean_accuracy": -0.20239999890327454, "set_state_time_mean": NaN, "set_state_time_total": 0.0, "setup_model_time_mean": 10.547272205352783, "setup_model_time_total": 10.547272205352783, "setup_proc_time_mean": 0.5574793815612793, "setup_proc_time_total": 0.5574793815612793, "train_accuracy": 0.17701999843120575, "train_loss": 3.7406969010925293, "training_time_mean": NaN, "training_time_total": 0.0, "val_accuracy": 0.20239999890327454, "val_loss": 2.149516284942627, "validation_time_mean": NaN, "validation_time_total": 0.0, "samples": 60000, "num_workers": 1, "done": false, "timesteps_total": null, "episodes_total": null, "training_iteration": 1, "neg_mean_loss": -2.149516284942627, "experiment_id": "1504f02f6d9948b88e33bab0f827703b", "date": "2019-06-02_20-19-24", "timestamp": 1559531964, "time_this_iter_s": 46.30415105819702, "time_total_s": 46.30415105819702, "pid": 24336, "hostname": "steropes", "node_ip": "169.229.49.254", "config": {"starting_lr": 0.05, "momentum": 0.9, "weight_decay": 0.005, "steps_per_iteration": null, "pin": false, "model_creator": null, "target_batch_size": 128, "model_string": "resnet50", "min_batch_size": 128, "dataset": "CIFAR", "placement": null, "use_nccl": true, "devices_per_worker": 1, "primary_resource": "extra_gpu", "gpu": false, "verbose": false, "lr_config": {"mode": "log", "steps": 5, "initial_lr": 0.05, "target_lr": 0.05}, "batch_per_device": 128}, "time_since_restore": 46.30415105819702, "timesteps_since_restore": 0, "iterations_since_restore": 1, "mean_throughput": 1295.773148748095, "atoms": 1, "setup_time": 11.203160762786865}
{"apply": 0.017340922355651857, "batch_time": 0.0316010728667054, "d2h": 0.0006901741027832032, "data_time": 0.001923609267720176, "fwd": 0.027565789222717286, "get_state_time_mean": NaN, "get_state_time_total": 0.0, "grad": 0.047648501396179196, "mean_accuracy": 0.2901500016450882, "mean_loss": 1.9053700311660768, "neg_mean_accuracy": -0.37790000438690186, "set_state_time_mean": NaN, "set_state_time_total": 0.0, "setup_model_time_mean": NaN, "setup_model_time_total": 0.0, "setup_proc_time_mean": NaN, "setup_proc_time_total": 0.0, "train_accuracy": 0.3206000030040741, "train_loss": 1.8440349839019776, "training_time_mean": NaN, "training_time_total": 0.0, "val_accuracy": 0.37790000438690186, "val_loss": 1.6612237773895264, "validation_time_mean": NaN, "validation_time_total": 0.0, "samples": 60000, "num_workers": 1, "done": false, "timesteps_total": null, "episodes_total": null, "training_iteration": 2, "neg_mean_loss": -1.9053700311660768, "experiment_id": "1504f02f6d9948b88e33bab0f827703b", "date": "2019-06-02_20-20-04", "timestamp": 1559532004, "time_this_iter_s": 40.722591161727905, "time_total_s": 87.02674221992493, "pid": 24336, "hostname": "steropes", "node_ip": "169.229.49.254", "config": {"starting_lr": 0.05, "momentum": 0.9, "weight_decay": 0.005, "steps_per_iteration": null, "pin": false, "model_creator": null, "target_batch_size": 128, "model_string": "resnet50", "min_batch_size": 128, "dataset": "CIFAR", "placement": null, "use_nccl": true, "devices_per_worker": 1, "primary_resource": "extra_gpu", "gpu": false, "verbose": false, "lr_config": {"mode": "log", "steps": 5, "initial_lr": 0.05, "target_lr": 0.05}, "batch_per_device": 128}, "time_since_restore": 87.02674221992493, "timesteps_since_restore": 0, "iterations_since_restore": 2, "mean_throughput": 1378.8812644277302, "atoms": 1, "setup_time": 11.203160762786865}
{"apply": 0.018471026420593263, "batch_time": 0.031958444209038456, "d2h": 0.0007312774658203125, "data_time": 0.0018793152421331771, "fwd": 0.02925155162811279, "get_state_time_mean": NaN, "get_state_time_total": 0.0, "grad": 0.04752635955810547, "mean_accuracy": 0.3184666633605957, "mean_loss": 1.8315061568578086, "neg_mean_accuracy": -0.3750999867916107, "set_state_time_mean": NaN, "set_state_time_total": 0.0, "setup_model_time_mean": NaN, "setup_model_time_total": 0.0, "setup_proc_time_mean": NaN, "setup_proc_time_total": 0.0, "train_accuracy": 0.39535999298095703, "train_loss": 1.6521502544403077, "training_time_mean": NaN, "training_time_total": 0.0, "val_accuracy": 0.3750999867916107, "val_loss": 1.683778408241272, "validation_time_mean": NaN, "validation_time_total": 0.0, "samples": 60000, "num_workers": 1, "done": false, "timesteps_total": null, "episodes_total": null, "training_iteration": 3, "neg_mean_loss": -1.8315061568578086, "experiment_id": "1504f02f6d9948b88e33bab0f827703b", "date": "2019-06-02_20-20-45", "timestamp": 1559532045, "time_this_iter_s": 40.59450721740723, "time_total_s": 127.62124943733215, "pid": 24336, "hostname": "steropes", "node_ip": "169.229.49.254", "config": {"starting_lr": 0.05, "momentum": 0.9, "weight_decay": 0.005, "steps_per_iteration": null, "pin": false, "model_creator": null, "target_batch_size": 128, "model_string": "resnet50", "min_batch_size": 128, "dataset": "CIFAR", "placement": null, "use_nccl": true, "devices_per_worker": 1, "primary_resource": "extra_gpu", "gpu": false, "verbose": false, "lr_config": {"mode": "log", "steps": 5, "initial_lr": 0.05, "target_lr": 0.05}, "batch_per_device": 128}, "time_since_restore": 127.62124943733215, "timesteps_since_restore": 0, "iterations_since_restore": 3, "mean_throughput": 1410.418942471735, "atoms": 1, "setup_time": 11.203160762786865}
{"apply": 0.017837929725646972, "batch_time": 0.03172425982318347, "d2h": 0.0006784915924072266, "data_time": 0.0018531483457521405, "fwd": 0.02817373275756836, "get_state_time_mean": NaN, "get_state_time_total": 0.0, "grad": 0.04768636226654053, "mean_accuracy": 0.3443249985575676, "mean_loss": 1.7778363445281984, "neg_mean_accuracy": -0.4219000041484833, "set_state_time_mean": NaN, "set_state_time_total": 0.0, "setup_model_time_mean": NaN, "setup_model_time_total": 0.0, "setup_proc_time_mean": NaN, "setup_proc_time_total": 0.0, "train_accuracy": 0.42549997568130493, "train_loss": 1.5704460794448853, "training_time_mean": NaN, "training_time_total": 0.0, "val_accuracy": 0.4219000041484833, "val_loss": 1.6168269075393678, "validation_time_mean": NaN, "validation_time_total": 0.0, "samples": 60000, "num_workers": 1, "done": false, "timesteps_total": null, "episodes_total": null, "training_iteration": 4, "neg_mean_loss": -1.7778363445281984, "experiment_id": "1504f02f6d9948b88e33bab0f827703b", "date": "2019-06-02_20-21-25", "timestamp": 1559532085, "time_this_iter_s": 40.58913707733154, "time_total_s": 168.2103865146637, "pid": 24336, "hostname": "steropes", "node_ip": "169.229.49.254", "config": {"starting_lr": 0.05, "momentum": 0.9, "weight_decay": 0.005, "steps_per_iteration": null, "pin": false, "model_creator": null, "target_batch_size": 128, "model_string": "resnet50", "min_batch_size": 128, "dataset": "CIFAR", "placement": null, "use_nccl": true, "devices_per_worker": 1, "primary_resource": "extra_gpu", "gpu": false, "verbose": false, "lr_config": {"mode": "log", "steps": 5, "initial_lr": 0.05, "target_lr": 0.05}, "batch_per_device": 128}, "time_since_restore": 168.2103865146637, "timesteps_since_restore": 0, "iterations_since_restore": 4, "mean_throughput": 1426.780578103546, "atoms": 1, "setup_time": 11.203160762786865}
{"apply": 0.018196487426757814, "batch_time": 0.03222557562815992, "d2h": 0.0007148027420043945, "data_time": 0.0018604204172978315, "fwd": 0.02781510353088379, "get_state_time_mean": NaN, "get_state_time_total": 0.0, "grad": 0.04837677478790283, "mean_accuracy": 0.35913999676704406, "mean_loss": 1.7503877908325198, "neg_mean_accuracy": -0.41839998960494995, "set_state_time_mean": NaN, "set_state_time_total": 0.0, "setup_model_time_mean": NaN, "setup_model_time_total": 0.0, "setup_proc_time_mean": NaN, "setup_proc_time_total": 0.0, "train_accuracy": 0.4508799910545349, "train_loss": 1.5148929592514038, "training_time_mean": NaN, "training_time_total": 0.0, "val_accuracy": 0.41839998960494995, "val_loss": 1.6405935760498047, "validation_time_mean": NaN, "validation_time_total": 0.0, "samples": 60000, "num_workers": 1, "done": false, "timesteps_total": null, "episodes_total": null, "training_iteration": 5, "neg_mean_loss": -1.7503877908325198, "experiment_id": "1504f02f6d9948b88e33bab0f827703b", "date": "2019-06-02_20-22-06", "timestamp": 1559532126, "time_this_iter_s": 40.44369697570801, "time_total_s": 208.6540834903717, "pid": 24336, "hostname": "steropes", "node_ip": "169.229.49.254", "config": {"starting_lr": 0.05, "momentum": 0.9, "weight_decay": 0.005, "steps_per_iteration": null, "pin": false, "model_creator": null, "target_batch_size": 128, "model_string": "resnet50", "min_batch_size": 128, "dataset": "CIFAR", "placement": null, "use_nccl": true, "devices_per_worker": 1, "primary_resource": "extra_gpu", "gpu": false, "verbose": false, "lr_config": {"mode": "log", "steps": 5, "initial_lr": 0.05, "target_lr": 0.05}, "batch_per_device": 128}, "time_since_restore": 208.6540834903717, "timesteps_since_restore": 0, "iterations_since_restore": 5, "mean_throughput": 1437.782560014124, "atoms": 1, "setup_time": 11.203160762786865}
{"apply": 0.017738890647888184, "batch_time": 0.031829049315633656, "d2h": 0.0006717920303344726, "data_time": 0.0019209165402385585, "fwd": 0.02765786647796631, "get_state_time_mean": NaN, "get_state_time_total": 0.0, "grad": 0.04689300060272217, "mean_accuracy": 0.40423999428749086, "mean_loss": 1.650812937774658, "neg_mean_accuracy": -0.4278999865055084, "set_state_time_mean": NaN, "set_state_time_total": 0.0, "setup_model_time_mean": NaN, "setup_model_time_total": 0.0, "setup_proc_time_mean": NaN, "setup_proc_time_total": 0.0, "train_accuracy": 0.479559987783432, "train_loss": 1.4539558835983277, "training_time_mean": NaN, "training_time_total": 0.0, "val_accuracy": 0.4278999865055084, "val_loss": 1.6516420196533204, "validation_time_mean": NaN, "validation_time_total": 0.0, "samples": 60000, "num_workers": 1, "done": false, "timesteps_total": null, "episodes_total": null, "training_iteration": 6, "neg_mean_loss": -1.650812937774658, "experiment_id": "1504f02f6d9948b88e33bab0f827703b", "date": "2019-06-02_20-22-47", "timestamp": 1559532167, "time_this_iter_s": 40.90491247177124, "time_total_s": 249.55899596214294, "pid": 24336, "hostname": "steropes", "node_ip": "169.229.49.254", "config": {"starting_lr": 0.05, "momentum": 0.9, "weight_decay": 0.005, "steps_per_iteration": null, "pin": false, "model_creator": null, "target_batch_size": 128, "model_string": "resnet50", "min_batch_size": 128, "dataset": "CIFAR", "placement": null, "use_nccl": true, "devices_per_worker": 1, "primary_resource": "extra_gpu", "gpu": false, "verbose": false, "lr_config": {"mode": "log", "steps": 5, "initial_lr": 0.05, "target_lr": 0.05}, "batch_per_device": 128}, "time_since_restore": 249.55899596214294, "timesteps_since_restore": 0, "iterations_since_restore": 6, "mean_throughput": 1475.9768051256294, "atoms": 1, "setup_time": 11.203160762786865}
{"apply": 0.01827871799468994, "batch_time": 0.03159796135335029, "d2h": 0.0007169485092163086, "data_time": 0.0018687168960376164, "fwd": 0.029308176040649413, "get_state_time_mean": NaN, "get_state_time_total": 0.0, "grad": 0.04756827354431152, "mean_accuracy": 0.4250399887561798, "mean_loss": 1.612677105255127, "neg_mean_accuracy": -0.4818999767303467, "set_state_time_mean": NaN, "set_state_time_total": 0.0, "setup_model_time_mean": NaN, "setup_model_time_total": 0.0, "setup_proc_time_mean": NaN, "setup_proc_time_total": 0.0, "train_accuracy": 0.4999399781227112, "train_loss": 1.4022695924377442, "training_time_mean": NaN, "training_time_total": 0.0, "val_accuracy": 0.4818999767303467, "val_loss": 1.4705446147918702, "validation_time_mean": NaN, "validation_time_total": 0.0, "samples": 60000, "num_workers": 1, "done": false, "timesteps_total": null, "episodes_total": null, "training_iteration": 7, "neg_mean_loss": -1.612677105255127, "experiment_id": "1504f02f6d9948b88e33bab0f827703b", "date": "2019-06-02_20-23-27", "timestamp": 1559532207, "time_this_iter_s": 40.38401699066162, "time_total_s": 289.94301295280457, "pid": 24336, "hostname": "steropes", "node_ip": "169.229.49.254", "config": {"starting_lr": 0.05, "momentum": 0.9, "weight_decay": 0.005, "steps_per_iteration": null, "pin": false, "model_creator": null, "target_batch_size": 128, "model_string": "resnet50", "min_batch_size": 128, "dataset": "CIFAR", "placement": null, "use_nccl": true, "devices_per_worker": 1, "primary_resource": "extra_gpu", "gpu": false, "verbose": false, "lr_config": {"mode": "log", "steps": 5, "initial_lr": 0.05, "target_lr": 0.05}, "batch_per_device": 128}, "time_since_restore": 289.94301295280457, "timesteps_since_restore": 0, "iterations_since_restore": 7, "mean_throughput": 1478.4395703890807, "atoms": 1, "setup_time": 11.203160762786865}
{"apply": 0.019056987762451173, "batch_time": 0.03200358378736279, "d2h": 0.000693368911743164, "data_time": 0.0018159672427360358, "fwd": 0.02901160717010498, "get_state_time_mean": NaN, "get_state_time_total": 0.0, "grad": 0.050141763687133786, "mean_accuracy": 0.4322999894618988, "mean_loss": 1.6840581732559206, "neg_mean_accuracy": -0.4113999903202057, "set_state_time_mean": NaN, "set_state_time_total": 0.0, "setup_model_time_mean": NaN, "setup_model_time_total": 0.0, "setup_proc_time_mean": NaN, "setup_proc_time_total": 0.0, "train_accuracy": 0.5146799683570862, "train_loss": 1.36225602684021, "training_time_mean": NaN, "training_time_total": 0.0, "val_accuracy": 0.4113999903202057, "val_loss": 2.040683748245239, "validation_time_mean": NaN, "validation_time_total": 0.0, "samples": 60000, "num_workers": 1, "done": false, "timesteps_total": null, "episodes_total": null, "training_iteration": 8, "neg_mean_loss": -1.6840581732559206, "experiment_id": "1504f02f6d9948b88e33bab0f827703b", "date": "2019-06-02_20-24-08", "timestamp": 1559532248, "time_this_iter_s": 40.45829510688782, "time_total_s": 330.4013080596924, "pid": 24336, "hostname": "steropes", "node_ip": "169.229.49.254", "config": {"starting_lr": 0.05, "momentum": 0.9, "weight_decay": 0.005, "steps_per_iteration": null, "pin": false, "model_creator": null, "target_batch_size": 128, "model_string": "resnet50", "min_batch_size": 128, "dataset": "CIFAR", "placement": null, "use_nccl": true, "devices_per_worker": 1, "primary_resource": "extra_gpu", "gpu": false, "verbose": false, "lr_config": {"mode": "log", "steps": 5, "initial_lr": 0.05, "target_lr": 0.05}, "batch_per_device": 128}, "time_since_restore": 330.4013080596924, "timesteps_since_restore": 0, "iterations_since_restore": 8, "mean_throughput": 1479.4326901371155, "atoms": 1, "setup_time": 11.203160762786865}
{"apply": 0.022419023513793945, "batch_time": 0.03156469441667388, "d2h": 0.0007084846496582031, "data_time": 0.0018078677184746393, "fwd": 0.030653738975524904, "get_state_time_mean": NaN, "get_state_time_total": 0.0, "grad": 0.048607921600341795, "mean_accuracy": 0.43753998875617983, "mean_loss": 1.6899208864593507, "neg_mean_accuracy": -0.4481000006198883, "set_state_time_mean": NaN, "set_state_time_total": 0.0, "setup_model_time_mean": NaN, "setup_model_time_total": 0.0, "setup_proc_time_mean": NaN, "setup_proc_time_total": 0.0, "train_accuracy": 0.5277799963951111, "train_loss": 1.3302432082366944, "training_time_mean": NaN, "training_time_total": 0.0, "val_accuracy": 0.4481000006198883, "val_loss": 1.6461404735565186, "validation_time_mean": NaN, "validation_time_total": 0.0, "samples": 60000, "num_workers": 1, "done": false, "timesteps_total": null, "episodes_total": null, "training_iteration": 9, "neg_mean_loss": -1.6899208864593507, "experiment_id": "1504f02f6d9948b88e33bab0f827703b", "date": "2019-06-02_20-24-48", "timestamp": 1559532288, "time_this_iter_s": 40.438785791397095, "time_total_s": 370.8400938510895, "pid": 24336, "hostname": "steropes", "node_ip": "169.229.49.254", "config": {"starting_lr": 0.05, "momentum": 0.9, "weight_decay": 0.005, "steps_per_iteration": null, "pin": false, "model_creator": null, "target_batch_size": 128, "model_string": "resnet50", "min_batch_size": 128, "dataset": "CIFAR", "placement": null, "use_nccl": true, "devices_per_worker": 1, "primary_resource": "extra_gpu", "gpu": false, "verbose": false, "lr_config": {"mode": "log", "steps": 5, "initial_lr": 0.05, "target_lr": 0.05}, "batch_per_device": 128}, "time_since_restore": 370.8400938510895, "timesteps_since_restore": 0, "iterations_since_restore": 9, "mean_throughput": 1480.5304710356697, "atoms": 1, "setup_time": 11.203160762786865}
{"apply": 0.01770930290222168, "batch_time": 0.032004893580569495, "d2h": 0.0007011175155639648, "data_time": 0.0017959053254188479, "fwd": 0.02812016010284424, "get_state_time_mean": NaN, "get_state_time_total": 0.0, "grad": 0.04740607738494873, "mean_accuracy": 0.4488599896430969, "mean_loss": 1.6658293562698365, "neg_mean_accuracy": -0.4749999940395355, "set_state_time_mean": NaN, "set_state_time_total": 0.0, "setup_model_time_mean": NaN, "setup_model_time_total": 0.0, "setup_proc_time_mean": NaN, "setup_proc_time_total": 0.0, "train_accuracy": 0.5408799648284912, "train_loss": 1.3121549218368531, "training_time_mean": NaN, "training_time_total": 0.0, "val_accuracy": 0.4749999940395355, "val_loss": 1.520135925102234, "validation_time_mean": NaN, "validation_time_total": 0.0, "samples": 60000, "num_workers": 1, "done": false, "timesteps_total": null, "episodes_total": null, "training_iteration": 10, "neg_mean_loss": -1.6658293562698365, "experiment_id": "1504f02f6d9948b88e33bab0f827703b", "date": "2019-06-02_20-25-29", "timestamp": 1559532329, "time_this_iter_s": 40.4383499622345, "time_total_s": 411.278443813324, "pid": 24336, "hostname": "steropes", "node_ip": "169.229.49.254", "config": {"starting_lr": 0.05, "momentum": 0.9, "weight_decay": 0.005, "steps_per_iteration": null, "pin": false, "model_creator": null, "target_batch_size": 128, "model_string": "resnet50", "min_batch_size": 128, "dataset": "CIFAR", "placement": null, "use_nccl": true, "devices_per_worker": 1, "primary_resource": "extra_gpu", "gpu": false, "verbose": false, "lr_config": {"mode": "log", "steps": 5, "initial_lr": 0.05, "target_lr": 0.05}, "batch_per_device": 128}, "time_since_restore": 411.278443813324, "timesteps_since_restore": 0, "iterations_since_restore": 10, "mean_throughput": 1480.5695247065016, "atoms": 1, "setup_time": 11.203160762786865}
{"apply": 0.01776294708251953, "batch_time": 0.03519435170330579, "d2h": 0.0006987571716308594, "data_time": 0.0017853374676326352, "fwd": 0.028009796142578126, "get_state_time_mean": NaN, "get_state_time_total": 0.0, "grad": 0.04738414287567139, "mean_accuracy": 0.45597999095916747, "mean_loss": 1.6458388604736327, "neg_mean_accuracy": -0.4634999930858612, "set_state_time_mean": NaN, "set_state_time_total": 0.0, "setup_model_time_mean": NaN, "setup_model_time_total": 0.0, "setup_proc_time_mean": NaN, "setup_proc_time_total": 0.0, "train_accuracy": 0.5445399880409241, "train_loss": 1.2954356789016723, "training_time_mean": NaN, "training_time_total": 0.0, "val_accuracy": 0.4634999930858612, "val_loss": 1.5516895406723021, "validation_time_mean": NaN, "validation_time_total": 0.0, "samples": 60000, "num_workers": 1, "done": false, "timesteps_total": null, "episodes_total": null, "training_iteration": 11, "neg_mean_loss": -1.6458388604736327, "experiment_id": "1504f02f6d9948b88e33bab0f827703b", "date": "2019-06-02_20-26-09", "timestamp": 1559532369, "time_this_iter_s": 40.51132035255432, "time_total_s": 451.7897641658783, "pid": 24336, "hostname": "steropes", "node_ip": "169.229.49.254", "config": {"starting_lr": 0.05, "momentum": 0.9, "weight_decay": 0.005, "steps_per_iteration": null, "pin": false, "model_creator": null, "target_batch_size": 128, "model_string": "resnet50", "min_batch_size": 128, "dataset": "CIFAR", "placement": null, "use_nccl": true, "devices_per_worker": 1, "primary_resource": "extra_gpu", "gpu": false, "verbose": false, "lr_config": {"mode": "log", "steps": 5, "initial_lr": 0.05, "target_lr": 0.05}, "batch_per_device": 128}, "time_since_restore": 451.7897641658783, "timesteps_since_restore": 0, "iterations_since_restore": 11, "mean_throughput": 1483.4510919342156, "atoms": 1, "setup_time": 11.203160762786865}
{"apply": 0.017000198364257812, "batch_time": 0.03133060660543321, "d2h": 0.0007028341293334961, "data_time": 0.0018149446648405032, "fwd": 0.027488398551940917, "get_state_time_mean": NaN, "get_state_time_total": 0.0, "grad": 0.04701836109161377, "mean_accuracy": 0.45947999358177183, "mean_loss": 1.643827824554443, "neg_mean_accuracy": -0.49939998984336853, "set_state_time_mean": NaN, "set_state_time_total": 0.0, "setup_model_time_mean": NaN, "setup_model_time_total": 0.0, "setup_proc_time_mean": NaN, "setup_proc_time_total": 0.0, "train_accuracy": 0.5453799962997437, "train_loss": 1.2916796530532837, "training_time_mean": NaN, "training_time_total": 0.0, "val_accuracy": 0.49939998984336853, "val_loss": 1.4604894351959228, "validation_time_mean": NaN, "validation_time_total": 0.0, "samples": 60000, "num_workers": 1, "done": true, "timesteps_total": null, "episodes_total": null, "training_iteration": 12, "neg_mean_loss": -1.643827824554443, "experiment_id": "1504f02f6d9948b88e33bab0f827703b", "date": "2019-06-02_20-26-50", "timestamp": 1559532410, "time_this_iter_s": 40.571144580841064, "time_total_s": 492.36090874671936, "pid": 24336, "hostname": "steropes", "node_ip": "169.229.49.254", "config": {"starting_lr": 0.05, "momentum": 0.9, "weight_decay": 0.005, "steps_per_iteration": null, "pin": false, "model_creator": null, "target_batch_size": 128, "model_string": "resnet50", "min_batch_size": 128, "dataset": "CIFAR", "placement": null, "use_nccl": true, "devices_per_worker": 1, "primary_resource": "extra_gpu", "gpu": false, "verbose": false, "lr_config": {"mode": "log", "steps": 5, "initial_lr": 0.05, "target_lr": 0.05}, "batch_per_device": 128}, "time_since_restore": 492.36090874671936, "timesteps_since_restore": 0, "iterations_since_restore": 12, "mean_throughput": 1482.0796954866644, "atoms": 1, "setup_time": 11.203160762786865}
