{"apply": 0.007803034782409668, "batch_time": 0.167378568649292, "d2h": 0.004227161407470703, "data_time": 0.04722277972162986, "fwd": 0.09202945232391357, "get_state_time_mean": NaN, "get_state_time_total": 0.0, "grad": 0.15375216007232667, "mean_accuracy": 0.34579998254776, "mean_loss": 1.8387024374008178, "neg_mean_accuracy": -0.34579998254776, "set_state_time_mean": NaN, "set_state_time_total": 0.0, "setup_model_time_mean": 11.231999158859253, "setup_model_time_total": 11.231999158859253, "setup_proc_time_mean": 1.7261178493499756, "setup_proc_time_total": 1.7261178493499756, "train_accuracy": 0.2673400044441223, "train_loss": 2.5548250007629396, "training_time_mean": NaN, "training_time_total": 0.0, "validation_time_mean": NaN, "validation_time_total": 0.0, "samples": 60000, "num_workers": 1, "done": false, "timesteps_total": null, "episodes_total": null, "training_iteration": 1, "neg_mean_loss": -1.8387024374008178, "experiment_id": "66d170d962e7482c8f6c54177b41971c", "date": "2019-05-30_14-46-16", "timestamp": 1559252776, "time_this_iter_s": 11.717790842056274, "time_total_s": 11.717790842056274, "pid": 6393, "hostname": "steropes", "node_ip": "169.229.49.254", "config": {"starting_lr": 0.005, "momentum": 0.997, "weight_decay": 0.0005, "steps_per_iteration": null, "pin": false, "model_creator": null, "target_batch_size": 1024, "model_string": "resnet18", "min_batch_size": 512, "dataset": "CIFAR", "placement": null, "use_nccl": true, "devices_per_worker": 1, "primary_resource": "extra_gpu", "gpu": false, "verbose": false, "lr_config": {"mode": "log", "steps": 5, "initial_lr": 0.005, "target_lr": 0.005}, "batch_per_device": 1024}, "time_since_restore": 11.717790842056274, "timesteps_since_restore": 0, "iterations_since_restore": 1, "mean_throughput": 5120.383153671045, "atoms": 1}
{"apply": 0.007709622383117676, "batch_time": 0.12493367195129394, "d2h": 0.00449059009552002, "data_time": 0.03279055867876325, "fwd": 0.023435282707214355, "get_state_time_mean": NaN, "get_state_time_total": 0.0, "grad": 0.04410178661346435, "mean_accuracy": 0.4195999801158905, "mean_loss": 1.6162801467895507, "neg_mean_accuracy": -0.4195999801158905, "set_state_time_mean": NaN, "set_state_time_total": 0.0, "setup_model_time_mean": NaN, "setup_model_time_total": 0.0, "setup_proc_time_mean": NaN, "setup_proc_time_total": 0.0, "train_accuracy": 0.4007599949836731, "train_loss": 1.6393548611450195, "training_time_mean": NaN, "training_time_total": 0.0, "validation_time_mean": NaN, "validation_time_total": 0.0, "samples": 60000, "num_workers": 1, "done": false, "timesteps_total": null, "episodes_total": null, "training_iteration": 2, "neg_mean_loss": -1.6162801467895507, "experiment_id": "66d170d962e7482c8f6c54177b41971c", "date": "2019-05-30_14-46-24", "timestamp": 1559252784, "time_this_iter_s": 7.520876884460449, "time_total_s": 19.238667726516724, "pid": 6393, "hostname": "steropes", "node_ip": "169.229.49.254", "config": {"starting_lr": 0.005, "momentum": 0.997, "weight_decay": 0.0005, "steps_per_iteration": null, "pin": false, "model_creator": null, "target_batch_size": 1024, "model_string": "resnet18", "min_batch_size": 512, "dataset": "CIFAR", "placement": null, "use_nccl": true, "devices_per_worker": 1, "primary_resource": "extra_gpu", "gpu": false, "verbose": false, "lr_config": {"mode": "log", "steps": 5, "initial_lr": 0.005, "target_lr": 0.005}, "batch_per_device": 1024}, "time_since_restore": 19.238667726516724, "timesteps_since_restore": 0, "iterations_since_restore": 2, "mean_throughput": 6237.386822492547, "atoms": 1}
{"apply": 0.007059121131896972, "batch_time": 0.12799365520477296, "d2h": 0.004676556587219239, "data_time": 0.0409057043036636, "fwd": 0.02582504749298096, "get_state_time_mean": NaN, "get_state_time_total": 0.0, "grad": 0.04502038955688477, "mean_accuracy": 0.48399999737739563, "mean_loss": 1.49127350730896, "neg_mean_accuracy": -0.48399999737739563, "set_state_time_mean": NaN, "set_state_time_total": 0.0, "setup_model_time_mean": NaN, "setup_model_time_total": 0.0, "setup_proc_time_mean": NaN, "setup_proc_time_total": 0.0, "train_accuracy": 0.4352799952030182, "train_loss": 1.5369546192550658, "training_time_mean": NaN, "training_time_total": 0.0, "validation_time_mean": NaN, "validation_time_total": 0.0, "samples": 60000, "num_workers": 1, "done": false, "timesteps_total": null, "episodes_total": null, "training_iteration": 3, "neg_mean_loss": -1.49127350730896, "experiment_id": "66d170d962e7482c8f6c54177b41971c", "date": "2019-05-30_14-46-32", "timestamp": 1559252792, "time_this_iter_s": 8.100343465805054, "time_total_s": 27.339011192321777, "pid": 6393, "hostname": "steropes", "node_ip": "169.229.49.254", "config": {"starting_lr": 0.005, "momentum": 0.997, "weight_decay": 0.0005, "steps_per_iteration": null, "pin": false, "model_creator": null, "target_batch_size": 1024, "model_string": "resnet18", "min_batch_size": 512, "dataset": "CIFAR", "placement": null, "use_nccl": true, "devices_per_worker": 1, "primary_resource": "extra_gpu", "gpu": false, "verbose": false, "lr_config": {"mode": "log", "steps": 5, "initial_lr": 0.005, "target_lr": 0.005}, "batch_per_device": 1024}, "time_since_restore": 27.339011192321777, "timesteps_since_restore": 0, "iterations_since_restore": 3, "mean_throughput": 6583.939099994922, "atoms": 1}
{"apply": 0.0071516275405883786, "batch_time": 0.13476061820983887, "d2h": 0.004677987098693848, "data_time": 0.030318372103632713, "fwd": 0.031177473068237305, "get_state_time_mean": NaN, "get_state_time_total": 0.0, "grad": 0.04554836750030518, "mean_accuracy": 0.5033999681472778, "mean_loss": 1.4554936756134034, "neg_mean_accuracy": -0.5033999681472778, "set_state_time_mean": NaN, "set_state_time_total": 0.0, "setup_model_time_mean": NaN, "setup_model_time_total": 0.0, "setup_proc_time_mean": NaN, "setup_proc_time_total": 0.0, "train_accuracy": 0.468639999628067, "train_loss": 1.460423617477417, "training_time_mean": NaN, "training_time_total": 0.0, "validation_time_mean": NaN, "validation_time_total": 0.0, "samples": 60000, "num_workers": 1, "done": false, "timesteps_total": null, "episodes_total": null, "training_iteration": 4, "neg_mean_loss": -1.4554936756134034, "experiment_id": "66d170d962e7482c8f6c54177b41971c", "date": "2019-05-30_14-46-40", "timestamp": 1559252800, "time_this_iter_s": 8.059795618057251, "time_total_s": 35.39880681037903, "pid": 6393, "hostname": "steropes", "node_ip": "169.229.49.254", "config": {"starting_lr": 0.005, "momentum": 0.997, "weight_decay": 0.0005, "steps_per_iteration": null, "pin": false, "model_creator": null, "target_batch_size": 1024, "model_string": "resnet18", "min_batch_size": 512, "dataset": "CIFAR", "placement": null, "use_nccl": true, "devices_per_worker": 1, "primary_resource": "extra_gpu", "gpu": false, "verbose": false, "lr_config": {"mode": "log", "steps": 5, "initial_lr": 0.005, "target_lr": 0.005}, "batch_per_device": 1024}, "time_since_restore": 35.39880681037903, "timesteps_since_restore": 0, "iterations_since_restore": 4, "mean_throughput": 6779.827208566856, "atoms": 1}
{"apply": 0.009815168380737305, "batch_time": 0.12527234554290773, "d2h": 0.004822874069213867, "data_time": 0.03514724848221759, "fwd": 0.02563784122467041, "get_state_time_mean": NaN, "get_state_time_total": 0.0, "grad": 0.05020806789398193, "mean_accuracy": 0.5175999999046326, "mean_loss": 1.3747714725494384, "neg_mean_accuracy": -0.5175999999046326, "set_state_time_mean": NaN, "set_state_time_total": 0.0, "setup_model_time_mean": NaN, "setup_model_time_total": 0.0, "setup_proc_time_mean": NaN, "setup_proc_time_total": 0.0, "train_accuracy": 0.49025997519493103, "train_loss": 1.4050491819000244, "training_time_mean": NaN, "training_time_total": 0.0, "validation_time_mean": NaN, "validation_time_total": 0.0, "samples": 60000, "num_workers": 1, "done": false, "timesteps_total": null, "episodes_total": null, "training_iteration": 5, "neg_mean_loss": -1.3747714725494384, "experiment_id": "66d170d962e7482c8f6c54177b41971c", "date": "2019-05-30_14-46-48", "timestamp": 1559252808, "time_this_iter_s": 8.224469423294067, "time_total_s": 43.623276233673096, "pid": 6393, "hostname": "steropes", "node_ip": "169.229.49.254", "config": {"starting_lr": 0.005, "momentum": 0.997, "weight_decay": 0.0005, "steps_per_iteration": null, "pin": false, "model_creator": null, "target_batch_size": 1024, "model_string": "resnet18", "min_batch_size": 512, "dataset": "CIFAR", "placement": null, "use_nccl": true, "devices_per_worker": 1, "primary_resource": "extra_gpu", "gpu": false, "verbose": false, "lr_config": {"mode": "log", "steps": 5, "initial_lr": 0.005, "target_lr": 0.005}, "batch_per_device": 1024}, "time_since_restore": 43.623276233673096, "timesteps_since_restore": 0, "iterations_since_restore": 5, "mean_throughput": 6876.998482825039, "atoms": 1}
{"apply": 0.00757131576538086, "batch_time": 0.12216329574584961, "d2h": 0.005802440643310547, "data_time": 0.03697707215133978, "fwd": 0.02858591079711914, "get_state_time_mean": NaN, "get_state_time_total": 0.0, "grad": 0.04272236824035645, "mean_accuracy": 0.5221999883651733, "mean_loss": 1.344083101272583, "neg_mean_accuracy": -0.5221999883651733, "set_state_time_mean": NaN, "set_state_time_total": 0.0, "setup_model_time_mean": NaN, "setup_model_time_total": 0.0, "setup_proc_time_mean": NaN, "setup_proc_time_total": 0.0, "train_accuracy": 0.5153999924659729, "train_loss": 1.3405663493728637, "training_time_mean": NaN, "training_time_total": 0.0, "validation_time_mean": NaN, "validation_time_total": 0.0, "samples": 60000, "num_workers": 1, "done": false, "timesteps_total": null, "episodes_total": null, "training_iteration": 6, "neg_mean_loss": -1.344083101272583, "experiment_id": "66d170d962e7482c8f6c54177b41971c", "date": "2019-05-30_14-46-57", "timestamp": 1559252817, "time_this_iter_s": 8.412231683731079, "time_total_s": 52.035507917404175, "pid": 6393, "hostname": "steropes", "node_ip": "169.229.49.254", "config": {"starting_lr": 0.005, "momentum": 0.997, "weight_decay": 0.0005, "steps_per_iteration": null, "pin": false, "model_creator": null, "target_batch_size": 1024, "model_string": "resnet18", "min_batch_size": 512, "dataset": "CIFAR", "placement": null, "use_nccl": true, "devices_per_worker": 1, "primary_resource": "extra_gpu", "gpu": false, "verbose": false, "lr_config": {"mode": "log", "steps": 5, "initial_lr": 0.005, "target_lr": 0.005}, "batch_per_device": 1024}, "time_since_restore": 52.035507917404175, "timesteps_since_restore": 0, "iterations_since_restore": 6, "mean_throughput": 7440.823045109798, "atoms": 1}
{"apply": 0.007235240936279297, "batch_time": 0.12809109687805176, "d2h": 0.004662418365478515, "data_time": 0.03492272143461266, "fwd": 0.023053288459777832, "get_state_time_mean": NaN, "get_state_time_total": 0.0, "grad": 0.04874002933502197, "mean_accuracy": 0.5649999976158142, "mean_loss": 1.227305702018738, "neg_mean_accuracy": -0.5649999976158142, "set_state_time_mean": NaN, "set_state_time_total": 0.0, "setup_model_time_mean": NaN, "setup_model_time_total": 0.0, "setup_proc_time_mean": NaN, "setup_proc_time_total": 0.0, "train_accuracy": 0.5309000015258789, "train_loss": 1.2969079514312745, "training_time_mean": NaN, "training_time_total": 0.0, "validation_time_mean": NaN, "validation_time_total": 0.0, "samples": 60000, "num_workers": 1, "done": false, "timesteps_total": null, "episodes_total": null, "training_iteration": 7, "neg_mean_loss": -1.227305702018738, "experiment_id": "66d170d962e7482c8f6c54177b41971c", "date": "2019-05-30_14-47-05", "timestamp": 1559252825, "time_this_iter_s": 8.114675045013428, "time_total_s": 60.1501829624176, "pid": 6393, "hostname": "steropes", "node_ip": "169.229.49.254", "config": {"starting_lr": 0.005, "momentum": 0.997, "weight_decay": 0.0005, "steps_per_iteration": null, "pin": false, "model_creator": null, "target_batch_size": 1024, "model_string": "resnet18", "min_batch_size": 512, "dataset": "CIFAR", "placement": null, "use_nccl": true, "devices_per_worker": 1, "primary_resource": "extra_gpu", "gpu": false, "verbose": false, "lr_config": {"mode": "log", "steps": 5, "initial_lr": 0.005, "target_lr": 0.005}, "batch_per_device": 1024}, "time_since_restore": 60.1501829624176, "timesteps_since_restore": 0, "iterations_since_restore": 7, "mean_throughput": 7332.796003014888, "atoms": 1}
{"apply": 0.007181501388549805, "batch_time": 0.11197996139526367, "d2h": 0.004736590385437012, "data_time": 0.04746141239088409, "fwd": 0.020885992050170898, "get_state_time_mean": NaN, "get_state_time_total": 0.0, "grad": 0.04236721992492676, "mean_accuracy": 0.5676000118255615, "mean_loss": 1.2160268932342528, "neg_mean_accuracy": -0.5676000118255615, "set_state_time_mean": NaN, "set_state_time_total": 0.0, "setup_model_time_mean": NaN, "setup_model_time_total": 0.0, "setup_proc_time_mean": NaN, "setup_proc_time_total": 0.0, "train_accuracy": 0.5528799891471863, "train_loss": 1.2478209552383424, "training_time_mean": NaN, "training_time_total": 0.0, "validation_time_mean": NaN, "validation_time_total": 0.0, "samples": 60000, "num_workers": 1, "done": false, "timesteps_total": null, "episodes_total": null, "training_iteration": 8, "neg_mean_loss": -1.2160268932342528, "experiment_id": "66d170d962e7482c8f6c54177b41971c", "date": "2019-05-30_14-47-13", "timestamp": 1559252833, "time_this_iter_s": 8.33944058418274, "time_total_s": 68.48962354660034, "pid": 6393, "hostname": "steropes", "node_ip": "169.229.49.254", "config": {"starting_lr": 0.005, "momentum": 0.997, "weight_decay": 0.0005, "steps_per_iteration": null, "pin": false, "model_creator": null, "target_batch_size": 1024, "model_string": "resnet18", "min_batch_size": 512, "dataset": "CIFAR", "placement": null, "use_nccl": true, "devices_per_worker": 1, "primary_resource": "extra_gpu", "gpu": false, "verbose": false, "lr_config": {"mode": "log", "steps": 5, "initial_lr": 0.005, "target_lr": 0.005}, "batch_per_device": 1024}, "time_since_restore": 68.48962354660034, "timesteps_since_restore": 0, "iterations_since_restore": 8, "mean_throughput": 7290.1917475205455, "atoms": 1}
{"apply": 0.007447719573974609, "batch_time": 0.11802885532379151, "d2h": 0.004945707321166992, "data_time": 0.05687144824436733, "fwd": 0.024877309799194336, "get_state_time_mean": NaN, "get_state_time_total": 0.0, "grad": 0.0435300350189209, "mean_accuracy": 0.5806999802589417, "mean_loss": 1.1660893852233887, "neg_mean_accuracy": -0.5806999802589417, "set_state_time_mean": NaN, "set_state_time_total": 0.0, "setup_model_time_mean": NaN, "setup_model_time_total": 0.0, "setup_proc_time_mean": NaN, "setup_proc_time_total": 0.0, "train_accuracy": 0.5637800097465515, "train_loss": 1.2132344473648071, "training_time_mean": NaN, "training_time_total": 0.0, "validation_time_mean": NaN, "validation_time_total": 0.0, "samples": 60000, "num_workers": 1, "done": false, "timesteps_total": null, "episodes_total": null, "training_iteration": 9, "neg_mean_loss": -1.1660893852233887, "experiment_id": "66d170d962e7482c8f6c54177b41971c", "date": "2019-05-30_14-48-07", "timestamp": 1559252887, "time_this_iter_s": 9.157067775726318, "time_total_s": 77.64669132232666, "pid": 6393, "hostname": "steropes", "node_ip": "169.229.49.254", "config": {"starting_lr": 0.005, "momentum": 0.997, "weight_decay": 0.0005, "steps_per_iteration": null, "pin": false, "model_creator": null, "target_batch_size": 1024, "model_string": "resnet18", "min_batch_size": 512, "dataset": "CIFAR", "placement": null, "use_nccl": true, "devices_per_worker": 1, "primary_resource": "extra_gpu", "gpu": false, "verbose": false, "lr_config": {"mode": "log", "steps": 5, "initial_lr": 0.005, "target_lr": 0.005}, "batch_per_device": 1024}, "time_since_restore": 77.64669132232666, "timesteps_since_restore": 0, "iterations_since_restore": 9, "mean_throughput": 7100.83378073376, "atoms": 1}
{"apply": 0.007310175895690918, "batch_time": 0.12505595684051513, "d2h": 0.006065821647644043, "data_time": 0.06292081365779954, "fwd": 0.02525157928466797, "get_state_time_mean": NaN, "get_state_time_total": 0.0, "grad": 0.042291665077209474, "mean_accuracy": 0.5805000066757202, "mean_loss": 1.201933268547058, "neg_mean_accuracy": -0.5805000066757202, "set_state_time_mean": NaN, "set_state_time_total": 0.0, "setup_model_time_mean": NaN, "setup_model_time_total": 0.0, "setup_proc_time_mean": NaN, "setup_proc_time_total": 0.0, "train_accuracy": 0.5767599940299988, "train_loss": 1.1728504836654663, "training_time_mean": NaN, "training_time_total": 0.0, "validation_time_mean": NaN, "validation_time_total": 0.0, "samples": 60000, "num_workers": 1, "done": false, "timesteps_total": null, "episodes_total": null, "training_iteration": 10, "neg_mean_loss": -1.201933268547058, "experiment_id": "66d170d962e7482c8f6c54177b41971c", "date": "2019-05-30_14-48-16", "timestamp": 1559252896, "time_this_iter_s": 9.734466314315796, "time_total_s": 87.38115763664246, "pid": 6393, "hostname": "steropes", "node_ip": "169.229.49.254", "config": {"starting_lr": 0.005, "momentum": 0.997, "weight_decay": 0.0005, "steps_per_iteration": null, "pin": false, "model_creator": null, "target_batch_size": 1024, "model_string": "resnet18", "min_batch_size": 512, "dataset": "CIFAR", "placement": null, "use_nccl": true, "devices_per_worker": 1, "primary_resource": "extra_gpu", "gpu": false, "verbose": false, "lr_config": {"mode": "log", "steps": 5, "initial_lr": 0.005, "target_lr": 0.005}, "batch_per_device": 1024}, "time_since_restore": 87.38115763664246, "timesteps_since_restore": 0, "iterations_since_restore": 10, "mean_throughput": 6855.802189386836, "atoms": 1}
{"apply": 0.007108879089355469, "batch_time": 0.12544407844543456, "d2h": 0.004601240158081055, "data_time": 0.05138612766655124, "fwd": 0.021391654014587404, "get_state_time_mean": NaN, "get_state_time_total": 0.0, "grad": 0.043778634071350096, "mean_accuracy": 0.6062999963760376, "mean_loss": 1.1358414321899415, "neg_mean_accuracy": -0.6062999963760376, "set_state_time_mean": NaN, "set_state_time_total": 0.0, "setup_model_time_mean": NaN, "setup_model_time_total": 0.0, "setup_proc_time_mean": NaN, "setup_proc_time_total": 0.0, "train_accuracy": 0.592960000038147, "train_loss": 1.1389289667510987, "training_time_mean": NaN, "training_time_total": 0.0, "validation_time_mean": NaN, "validation_time_total": 0.0, "samples": 60000, "num_workers": 1, "done": false, "timesteps_total": null, "episodes_total": null, "training_iteration": 11, "neg_mean_loss": -1.1358414321899415, "experiment_id": "66d170d962e7482c8f6c54177b41971c", "date": "2019-05-30_14-48-26", "timestamp": 1559252906, "time_this_iter_s": 9.160975694656372, "time_total_s": 96.54213333129883, "pid": 6393, "hostname": "steropes", "node_ip": "169.229.49.254", "config": {"starting_lr": 0.005, "momentum": 0.997, "weight_decay": 0.0005, "steps_per_iteration": null, "pin": false, "model_creator": null, "target_batch_size": 1024, "model_string": "resnet18", "min_batch_size": 512, "dataset": "CIFAR", "placement": null, "use_nccl": true, "devices_per_worker": 1, "primary_resource": "extra_gpu", "gpu": false, "verbose": false, "lr_config": {"mode": "log", "steps": 5, "initial_lr": 0.005, "target_lr": 0.005}, "batch_per_device": 1024}, "time_since_restore": 96.54213333129883, "timesteps_since_restore": 0, "iterations_since_restore": 11, "mean_throughput": 6740.46680375896, "atoms": 1}
{"apply": 0.0071515321731567385, "batch_time": 0.12803456783294678, "d2h": 0.0048072576522827145, "data_time": 0.038409345004023335, "fwd": 0.02606663703918457, "get_state_time_mean": NaN, "get_state_time_total": 0.0, "grad": 0.04908125400543213, "mean_accuracy": 0.6068999767303467, "mean_loss": 1.1127175140380858, "neg_mean_accuracy": -0.6068999767303467, "set_state_time_mean": NaN, "set_state_time_total": 0.0, "setup_model_time_mean": NaN, "setup_model_time_total": 0.0, "setup_proc_time_mean": NaN, "setup_proc_time_total": 0.0, "train_accuracy": 0.6020399928092957, "train_loss": 1.1093445135116577, "training_time_mean": NaN, "training_time_total": 0.0, "validation_time_mean": NaN, "validation_time_total": 0.0, "samples": 60000, "num_workers": 1, "done": true, "timesteps_total": null, "episodes_total": null, "training_iteration": 12, "neg_mean_loss": -1.1127175140380858, "experiment_id": "66d170d962e7482c8f6c54177b41971c", "date": "2019-05-30_14-48-34", "timestamp": 1559252914, "time_this_iter_s": 8.641908168792725, "time_total_s": 105.18404150009155, "pid": 6393, "hostname": "steropes", "node_ip": "169.229.49.254", "config": {"starting_lr": 0.005, "momentum": 0.997, "weight_decay": 0.0005, "steps_per_iteration": null, "pin": false, "model_creator": null, "target_batch_size": 1024, "model_string": "resnet18", "min_batch_size": 512, "dataset": "CIFAR", "placement": null, "use_nccl": true, "devices_per_worker": 1, "primary_resource": "extra_gpu", "gpu": false, "verbose": false, "lr_config": {"mode": "log", "steps": 5, "initial_lr": 0.005, "target_lr": 0.005}, "batch_per_device": 1024}, "time_since_restore": 105.18404150009155, "timesteps_since_restore": 0, "iterations_since_restore": 12, "mean_throughput": 6661.5791321564575, "atoms": 1}
