{"apply": 0.018239736557006836, "batch_time": 0.04284324223482156, "d2h": 0.0007236719131469727, "data_time": 0.0018718651188608935, "fwd": 0.1204308032989502, "get_state_time_mean": NaN, "get_state_time_total": 0.0, "grad": 0.16579623222351075, "mean_accuracy": 0.13580000400543213, "mean_loss": 2.4794095947265626, "neg_mean_accuracy": -0.13580000400543213, "set_state_time_mean": NaN, "set_state_time_total": 0.0, "setup_model_time_mean": 8.396595478057861, "setup_model_time_total": 8.396595478057861, "setup_proc_time_mean": 0.4275047779083252, "setup_proc_time_total": 0.4275047779083252, "train_accuracy": 0.13840000331401825, "train_loss": 3.5684721632385252, "training_time_mean": NaN, "training_time_total": 0.0, "val_accuracy": 0.13580000400543213, "val_loss": 2.4794095947265626, "validation_time_mean": NaN, "validation_time_total": 0.0, "samples": 60000, "num_workers": 1, "done": false, "timesteps_total": null, "episodes_total": null, "training_iteration": 1, "neg_mean_loss": -2.4794095947265626, "experiment_id": "5b3a181dfcc446ceab1b512ab6a6367d", "date": "2019-06-06_09-37-53", "timestamp": 1559839073, "time_this_iter_s": 47.117005586624146, "time_total_s": 47.117005586624146, "pid": 14825, "hostname": "steropes", "node_ip": "169.229.49.254", "config": {"starting_lr": 0.01, "momentum": 0.997, "weight_decay": 0.005, "steps_per_iteration": null, "pin": false, "model_creator": null, "target_batch_size": 128, "model_string": "resnet50", "min_batch_size": 128, "dataset": "CIFAR", "placement": null, "use_nccl": true, "devices_per_worker": 1, "primary_resource": "extra_gpu", "gpu": false, "verbose": false, "lr_config": {"mode": "log", "steps": 5, "initial_lr": 0.01, "target_lr": 0.01}, "batch_per_device": 128}, "time_since_restore": 47.117005586624146, "timesteps_since_restore": 0, "iterations_since_restore": 1, "mean_throughput": 1273.4217489032271, "atoms": 1, "setup_time": 8.942095518112183}
{"apply": 0.01916041374206543, "batch_time": 0.03141873999486996, "d2h": 0.0006965398788452148, "data_time": 0.0018582270883233346, "fwd": 0.02890772819519043, "get_state_time_mean": NaN, "get_state_time_total": 0.0, "grad": 0.04869668483734131, "mean_accuracy": 0.16170000284910202, "mean_loss": 2.797756211090088, "neg_mean_accuracy": -0.1876000016927719, "set_state_time_mean": NaN, "set_state_time_total": 0.0, "setup_model_time_mean": NaN, "setup_model_time_total": 0.0, "setup_proc_time_mean": NaN, "setup_proc_time_total": 0.0, "train_accuracy": 0.1673000007867813, "train_loss": 2.693571307067871, "training_time_mean": NaN, "training_time_total": 0.0, "val_accuracy": 0.1876000016927719, "val_loss": 3.1161028274536133, "validation_time_mean": NaN, "validation_time_total": 0.0, "samples": 60000, "num_workers": 1, "done": false, "timesteps_total": null, "episodes_total": null, "training_iteration": 2, "neg_mean_loss": -2.797756211090088, "experiment_id": "5b3a181dfcc446ceab1b512ab6a6367d", "date": "2019-06-06_09-38-34", "timestamp": 1559839114, "time_this_iter_s": 40.92885065078735, "time_total_s": 88.0458562374115, "pid": 14825, "hostname": "steropes", "node_ip": "169.229.49.254", "config": {"starting_lr": 0.01, "momentum": 0.997, "weight_decay": 0.005, "steps_per_iteration": null, "pin": false, "model_creator": null, "target_batch_size": 128, "model_string": "resnet50", "min_batch_size": 128, "dataset": "CIFAR", "placement": null, "use_nccl": true, "devices_per_worker": 1, "primary_resource": "extra_gpu", "gpu": false, "verbose": false, "lr_config": {"mode": "log", "steps": 5, "initial_lr": 0.01, "target_lr": 0.01}, "batch_per_device": 128}, "time_since_restore": 88.0458562374115, "timesteps_since_restore": 0, "iterations_since_restore": 2, "mean_throughput": 1362.9227007779768, "atoms": 1, "setup_time": 8.942095518112183}
{"apply": 0.017394351959228515, "batch_time": 0.03171681150605407, "d2h": 0.0007125139236450195, "data_time": 0.0018215728232927639, "fwd": 0.027773952484130858, "get_state_time_mean": NaN, "get_state_time_total": 0.0, "grad": 0.04843754768371582, "mean_accuracy": 0.15456666549046835, "mean_loss": 2.645782024892171, "neg_mean_accuracy": -0.140299990773201, "set_state_time_mean": NaN, "set_state_time_total": 0.0, "setup_model_time_mean": NaN, "setup_model_time_total": 0.0, "setup_proc_time_mean": NaN, "setup_proc_time_total": 0.0, "train_accuracy": 0.2157999873161316, "train_loss": 2.2417464099884032, "training_time_mean": NaN, "training_time_total": 0.0, "val_accuracy": 0.140299990773201, "val_loss": 2.3418336524963377, "validation_time_mean": NaN, "validation_time_total": 0.0, "samples": 60000, "num_workers": 1, "done": true, "timesteps_total": null, "episodes_total": null, "training_iteration": 3, "neg_mean_loss": -2.645782024892171, "experiment_id": "5b3a181dfcc446ceab1b512ab6a6367d", "date": "2019-06-06_09-39-15", "timestamp": 1559839155, "time_this_iter_s": 41.012879371643066, "time_total_s": 129.05873560905457, "pid": 14825, "hostname": "steropes", "node_ip": "169.229.49.254", "config": {"starting_lr": 0.01, "momentum": 0.997, "weight_decay": 0.005, "steps_per_iteration": null, "pin": false, "model_creator": null, "target_batch_size": 128, "model_string": "resnet50", "min_batch_size": 128, "dataset": "CIFAR", "placement": null, "use_nccl": true, "devices_per_worker": 1, "primary_resource": "extra_gpu", "gpu": false, "verbose": false, "lr_config": {"mode": "log", "steps": 5, "initial_lr": 0.01, "target_lr": 0.01}, "batch_per_device": 128}, "time_since_restore": 129.05873560905457, "timesteps_since_restore": 0, "iterations_since_restore": 3, "mean_throughput": 1394.7105260164685, "atoms": 1, "setup_time": 8.942095518112183}
