{"apply": 0.017141270637512206, "batch_time": 0.04670324506638925, "d2h": 0.0007272005081176758, "data_time": 0.0019987830725472296, "fwd": 0.12321352958679199, "get_state_time_mean": NaN, "get_state_time_total": 0.0, "grad": 0.27491719722747804, "mean_accuracy": 0.09999999403953552, "mean_loss": 2.5083969703674316, "neg_mean_accuracy": -0.09999999403953552, "set_state_time_mean": NaN, "set_state_time_total": 0.0, "setup_model_time_mean": 15.903923034667969, "setup_model_time_total": 15.903923034667969, "setup_proc_time_mean": 1.891970157623291, "setup_proc_time_total": 1.891970157623291, "train_accuracy": 0.1673399955034256, "train_loss": 3.321683175430298, "training_time_mean": NaN, "training_time_total": 0.0, "val_accuracy": 0.09999999403953552, "val_loss": 2.5083969703674316, "validation_time_mean": NaN, "validation_time_total": 0.0, "samples": 60000, "num_workers": 1, "done": false, "timesteps_total": null, "episodes_total": null, "training_iteration": 1, "neg_mean_loss": -2.5083969703674316, "experiment_id": "59b1a5c6ddeb463e8fed9672541d9d58", "date": "2019-06-03_22-45-17", "timestamp": 1559627117, "time_this_iter_s": 48.13590908050537, "time_total_s": 48.13590908050537, "pid": 13583, "hostname": "steropes", "node_ip": "169.229.49.254", "config": {"starting_lr": 0.005, "momentum": 0.997, "weight_decay": 0.005, "steps_per_iteration": null, "pin": false, "model_creator": null, "target_batch_size": 128, "model_string": "resnet50", "min_batch_size": 128, "dataset": "CIFAR", "placement": null, "use_nccl": true, "devices_per_worker": 1, "primary_resource": "extra_gpu", "gpu": false, "verbose": false, "lr_config": {"mode": "log", "steps": 5, "initial_lr": 0.005, "target_lr": 0.005}, "batch_per_device": 128}, "time_since_restore": 48.13590908050537, "timesteps_since_restore": 0, "iterations_since_restore": 1, "mean_throughput": 1246.468527041466, "atoms": 1, "setup_time": 17.89350199699402}
{"apply": 0.017188286781311034, "batch_time": 0.03259685069699831, "d2h": 0.0008673191070556641, "data_time": 0.0017799367685147258, "fwd": 0.027767038345336913, "get_state_time_mean": NaN, "get_state_time_total": 0.0, "grad": 0.04863681793212891, "mean_accuracy": 0.172449991106987, "mean_loss": 2.240656080627441, "neg_mean_accuracy": -0.24489998817443848, "set_state_time_mean": NaN, "set_state_time_total": 0.0, "setup_model_time_mean": NaN, "setup_model_time_total": 0.0, "setup_proc_time_mean": NaN, "setup_proc_time_total": 0.0, "train_accuracy": 0.19073998928070068, "train_loss": 2.3812644313812257, "training_time_mean": NaN, "training_time_total": 0.0, "val_accuracy": 0.24489998817443848, "val_loss": 1.9729151908874512, "validation_time_mean": NaN, "validation_time_total": 0.0, "samples": 60000, "num_workers": 1, "done": false, "timesteps_total": null, "episodes_total": null, "training_iteration": 2, "neg_mean_loss": -2.240656080627441, "experiment_id": "59b1a5c6ddeb463e8fed9672541d9d58", "date": "2019-06-03_22-45-59", "timestamp": 1559627159, "time_this_iter_s": 41.45109724998474, "time_total_s": 89.58700633049011, "pid": 13583, "hostname": "steropes", "node_ip": "169.229.49.254", "config": {"starting_lr": 0.005, "momentum": 0.997, "weight_decay": 0.005, "steps_per_iteration": null, "pin": false, "model_creator": null, "target_batch_size": 128, "model_string": "resnet50", "min_batch_size": 128, "dataset": "CIFAR", "placement": null, "use_nccl": true, "devices_per_worker": 1, "primary_resource": "extra_gpu", "gpu": false, "verbose": false, "lr_config": {"mode": "log", "steps": 5, "initial_lr": 0.005, "target_lr": 0.005}, "batch_per_device": 128}, "time_since_restore": 89.58700633049011, "timesteps_since_restore": 0, "iterations_since_restore": 2, "mean_throughput": 1339.47498031152, "atoms": 1, "setup_time": 17.89350199699402}
{"apply": 0.017828202247619628, "batch_time": 0.0329192167595972, "d2h": 0.0007333517074584961, "data_time": 0.0017978004787279212, "fwd": 0.028888463973999023, "get_state_time_mean": NaN, "get_state_time_total": 0.0, "grad": 0.04864039421081543, "mean_accuracy": 0.2132333219051361, "mean_loss": 2.1660333964029945, "neg_mean_accuracy": -0.2947999835014343, "set_state_time_mean": NaN, "set_state_time_total": 0.0, "setup_model_time_mean": NaN, "setup_model_time_total": 0.0, "setup_proc_time_mean": NaN, "setup_proc_time_total": 0.0, "train_accuracy": 0.2659800052642822, "train_loss": 1.9963888621520995, "training_time_mean": NaN, "training_time_total": 0.0, "val_accuracy": 0.2947999835014343, "val_loss": 2.0167880279541017, "validation_time_mean": NaN, "validation_time_total": 0.0, "samples": 60000, "num_workers": 1, "done": true, "timesteps_total": null, "episodes_total": null, "training_iteration": 3, "neg_mean_loss": -2.1660333964029945, "experiment_id": "59b1a5c6ddeb463e8fed9672541d9d58", "date": "2019-06-03_22-46-40", "timestamp": 1559627200, "time_this_iter_s": 41.37238550186157, "time_total_s": 130.95939183235168, "pid": 13583, "hostname": "steropes", "node_ip": "169.229.49.254", "config": {"starting_lr": 0.005, "momentum": 0.997, "weight_decay": 0.005, "steps_per_iteration": null, "pin": false, "model_creator": null, "target_batch_size": 128, "model_string": "resnet50", "min_batch_size": 128, "dataset": "CIFAR", "placement": null, "use_nccl": true, "devices_per_worker": 1, "primary_resource": "extra_gpu", "gpu": false, "verbose": false, "lr_config": {"mode": "log", "steps": 5, "initial_lr": 0.005, "target_lr": 0.005}, "batch_per_device": 128}, "time_since_restore": 130.95939183235168, "timesteps_since_restore": 0, "iterations_since_restore": 3, "mean_throughput": 1374.4676121822777, "atoms": 1, "setup_time": 17.89350199699402}
