apply,batch_time,d2h,data_time,fwd,get_state_time_mean,get_state_time_total,grad,mean_accuracy,mean_loss,neg_mean_accuracy,set_state_time_mean,set_state_time_total,setup_model_time_mean,setup_model_time_total,setup_proc_time_mean,setup_proc_time_total,train_accuracy,train_loss,training_time_mean,training_time_total,validation_time_mean,validation_time_total,samples,num_workers,done,timesteps_total,episodes_total,training_iteration,neg_mean_loss,experiment_id,date,timestamp,time_this_iter_s,time_total_s,pid,hostname,node_ip,config,time_since_restore,timesteps_since_restore,iterations_since_restore,mean_throughput,atoms,resource_time
0.00749363899230957,0.19752533435821534,0.004917430877685547,0.03870339296302017,0.09930856227874756,nan,0.0,0.16444640159606932,0.260699987411499,2.087724103164673,-0.260699987411499,nan,0.0,14.437531232833862,14.437531232833862,1.574509859085083,1.574509859085083,0.1406800001859665,4.290910966339111,nan,0.0,nan,0.0,60000,1,False,,,1,-2.087724103164673,5b5858e0fd234c05bd69da949a7137c7,2019-05-30_14-01-23,1559250083,11.815938949584961,11.815938949584961,18232,steropes,169.229.49.254,"{'starting_lr': 0.0005, 'momentum': 0.95, 'weight_decay': 0.0005, 'steps_per_iteration': None, 'pin': False, 'model_creator': None, 'target_batch_size': 1024, 'model_string': 'resnet18', 'min_batch_size': 512, 'dataset': 'CIFAR', 'placement': None, 'use_nccl': True, 'devices_per_worker': 1, 'primary_resource': 'extra_gpu', 'gpu': False, 'verbose': False, 'lr_config': {'mode': 'log', 'steps': 5, 'initial_lr': 0.0005, 'target_lr': 0.0005}, 'batch_per_device': 1024}",11.815938949584961,0,1,5077.845678134124,1,11.815938949584961
0.008592343330383301,0.1367197036743164,0.0067508935928344725,0.02988290786743164,0.026643753051757812,nan,0.0,0.05086264610290527,0.3384000062942505,1.8118247928619384,-0.3384000062942505,nan,0.0,nan,0.0,nan,0.0,0.2888000011444092,1.9557904388046266,nan,0.0,nan,0.0,60000,1,False,,,2,-1.8118247928619384,5b5858e0fd234c05bd69da949a7137c7,2019-05-30_14-01-30,1559250090,7.650729656219482,19.466668605804443,18232,steropes,169.229.49.254,"{'starting_lr': 0.0005, 'momentum': 0.95, 'weight_decay': 0.0005, 'steps_per_iteration': None, 'pin': False, 'model_creator': None, 'target_batch_size': 1024, 'model_string': 'resnet18', 'min_batch_size': 512, 'dataset': 'CIFAR', 'placement': None, 'use_nccl': True, 'devices_per_worker': 1, 'primary_resource': 'extra_gpu', 'gpu': False, 'verbose': False, 'lr_config': {'mode': 'log', 'steps': 5, 'initial_lr': 0.0005, 'target_lr': 0.0005}, 'batch_per_device': 1024}",19.466668605804443,0,2,6164.302693775761,1,19.466668605804443
0.007894635200500488,0.1396014451980591,0.005587959289550781,0.03031081569438078,0.028275346755981444,nan,0.0,0.04715120792388916,0.38019999861717224,1.6740015956878662,-0.38019999861717224,nan,0.0,nan,0.0,nan,0.0,0.3414199948310852,1.787184164390564,nan,0.0,nan,0.0,60000,1,False,,,3,-1.6740015956878662,5b5858e0fd234c05bd69da949a7137c7,2019-05-30_14-01-39,1559250099,8.101083993911743,27.567752599716187,18232,steropes,169.229.49.254,"{'starting_lr': 0.0005, 'momentum': 0.95, 'weight_decay': 0.0005, 'steps_per_iteration': None, 'pin': False, 'model_creator': None, 'target_batch_size': 1024, 'model_string': 'resnet18', 'min_batch_size': 512, 'dataset': 'CIFAR', 'placement': None, 'use_nccl': True, 'devices_per_worker': 1, 'primary_resource': 'extra_gpu', 'gpu': False, 'verbose': False, 'lr_config': {'mode': 'log', 'steps': 5, 'initial_lr': 0.0005, 'target_lr': 0.0005}, 'batch_per_device': 1024}",27.567752599716187,0,3,6529.267652559133,1,27.567752599716187
0.008705949783325196,0.1489420175552368,0.006597566604614258,0.0484490053994315,0.02815825939178467,nan,0.0,0.05008983612060547,0.41040000319480896,1.5991770879745484,-0.41040000319480896,nan,0.0,nan,0.0,nan,0.0,0.3756999969482422,1.6864056160736085,nan,0.0,nan,0.0,60000,1,False,,,4,-1.5991770879745484,5b5858e0fd234c05bd69da949a7137c7,2019-05-30_14-01-48,1559250108,9.118078231811523,36.68583083152771,18232,steropes,169.229.49.254,"{'starting_lr': 0.0005, 'momentum': 0.95, 'weight_decay': 0.0005, 'steps_per_iteration': None, 'pin': False, 'model_creator': None, 'target_batch_size': 1024, 'model_string': 'resnet18', 'min_batch_size': 512, 'dataset': 'CIFAR', 'placement': None, 'use_nccl': True, 'devices_per_worker': 1, 'primary_resource': 'extra_gpu', 'gpu': False, 'verbose': False, 'lr_config': {'mode': 'log', 'steps': 5, 'initial_lr': 0.0005, 'target_lr': 0.0005}, 'batch_per_device': 1024}",36.68583083152771,0,4,6541.944903329227,1,36.68583083152771
0.00761110782623291,0.1414792537689209,0.006452536582946778,0.041156257901872904,0.02771117687225342,nan,0.0,0.06296336650848389,0.43299999833106995,1.5352269742965698,-0.43299999833106995,nan,0.0,nan,0.0,nan,0.0,0.40039998292922974,1.6210128750228883,nan,0.0,nan,0.0,60000,1,False,,,5,-1.5352269742965698,5b5858e0fd234c05bd69da949a7137c7,2019-05-30_14-01-57,1559250117,8.78487253189087,45.47070336341858,18232,steropes,169.229.49.254,"{'starting_lr': 0.0005, 'momentum': 0.95, 'weight_decay': 0.0005, 'steps_per_iteration': None, 'pin': False, 'model_creator': None, 'target_batch_size': 1024, 'model_string': 'resnet18', 'min_batch_size': 512, 'dataset': 'CIFAR', 'placement': None, 'use_nccl': True, 'devices_per_worker': 1, 'primary_resource': 'extra_gpu', 'gpu': False, 'verbose': False, 'lr_config': {'mode': 'log', 'steps': 5, 'initial_lr': 0.0005, 'target_lr': 0.0005}, 'batch_per_device': 1024}",45.47070336341858,0,5,6597.569432759947,1,45.47070336341858
0.008417606353759766,0.13464946746826173,0.005237650871276855,0.034153573367060444,0.033984017372131345,nan,0.0,0.06067507266998291,0.4449999928474426,1.499063625907898,-0.4449999928474426,nan,0.0,nan,0.0,nan,0.0,0.4187600016593933,1.5703078635406493,nan,0.0,nan,0.0,60000,1,False,,,6,-1.499063625907898,5b5858e0fd234c05bd69da949a7137c7,2019-05-30_14-02-05,1559250125,8.544645547866821,54.0153489112854,18232,steropes,169.229.49.254,"{'starting_lr': 0.0005, 'momentum': 0.95, 'weight_decay': 0.0005, 'steps_per_iteration': None, 'pin': False, 'model_creator': None, 'target_batch_size': 1024, 'model_string': 'resnet18', 'min_batch_size': 512, 'dataset': 'CIFAR', 'placement': None, 'use_nccl': True, 'devices_per_worker': 1, 'primary_resource': 'extra_gpu', 'gpu': False, 'verbose': False, 'lr_config': {'mode': 'log', 'steps': 5, 'initial_lr': 0.0005, 'target_lr': 0.0005}, 'batch_per_device': 1024}",54.0153489112854,0,6,7109.007341961588,1,54.0153489112854
0.008037710189819336,0.14434444904327393,0.005787253379821777,0.033227224739230406,0.0353508472442627,nan,0.0,0.05352344512939453,0.4632999897003174,1.4639704866409302,-0.4632999897003174,nan,0.0,nan,0.0,nan,0.0,0.43813997507095337,1.5346518549346924,nan,0.0,nan,0.0,60000,1,False,,,7,-1.4639704866409302,5b5858e0fd234c05bd69da949a7137c7,2019-05-30_14-02-14,1559250134,8.612802028656006,62.628150939941406,18232,steropes,169.229.49.254,"{'starting_lr': 0.0005, 'momentum': 0.95, 'weight_decay': 0.0005, 'steps_per_iteration': None, 'pin': False, 'model_creator': None, 'target_batch_size': 1024, 'model_string': 'resnet18', 'min_batch_size': 512, 'dataset': 'CIFAR', 'placement': None, 'use_nccl': True, 'devices_per_worker': 1, 'primary_resource': 'extra_gpu', 'gpu': False, 'verbose': False, 'lr_config': {'mode': 'log', 'steps': 5, 'initial_lr': 0.0005, 'target_lr': 0.0005}, 'batch_per_device': 1024}",62.628150939941406,0,7,6950.5273491962125,1,62.628150939941406
0.010055279731750489,0.13887879848480225,0.005694866180419922,0.029521105240802377,0.02764735221862793,nan,0.0,0.055676841735839845,0.4705999791622162,1.4479084312438966,-0.4705999791622162,nan,0.0,nan,0.0,nan,0.0,0.45117998123168945,1.4952679954147339,nan,0.0,nan,0.0,60000,1,False,,,8,-1.4479084312438966,5b5858e0fd234c05bd69da949a7137c7,2019-05-30_14-02-22,1559250142,8.556092262268066,71.18424320220947,18232,steropes,169.229.49.254,"{'starting_lr': 0.0005, 'momentum': 0.95, 'weight_decay': 0.0005, 'steps_per_iteration': None, 'pin': False, 'model_creator': None, 'target_batch_size': 1024, 'model_string': 'resnet18', 'min_batch_size': 512, 'dataset': 'CIFAR', 'placement': None, 'use_nccl': True, 'devices_per_worker': 1, 'primary_resource': 'extra_gpu', 'gpu': False, 'verbose': False, 'lr_config': {'mode': 'log', 'steps': 5, 'initial_lr': 0.0005, 'target_lr': 0.0005}, 'batch_per_device': 1024}",71.18424320220947,0,8,6878.032982724658,1,71.18424320220947
0.009254360198974609,0.1290055274963379,0.005764651298522949,0.044353767317168565,0.026146769523620605,nan,0.0,0.0532282829284668,0.4797999858856201,1.4219208141326904,-0.4797999858856201,nan,0.0,nan,0.0,nan,0.0,0.46164000034332275,1.4722151778793335,nan,0.0,nan,0.0,60000,1,False,,,9,-1.4219208141326904,5b5858e0fd234c05bd69da949a7137c7,2019-05-30_14-02-31,1559250151,8.785567045211792,79.96981024742126,18232,steropes,169.229.49.254,"{'starting_lr': 0.0005, 'momentum': 0.95, 'weight_decay': 0.0005, 'steps_per_iteration': None, 'pin': False, 'model_creator': None, 'target_batch_size': 1024, 'model_string': 'resnet18', 'min_batch_size': 512, 'dataset': 'CIFAR', 'placement': None, 'use_nccl': True, 'devices_per_worker': 1, 'primary_resource': 'extra_gpu', 'gpu': False, 'verbose': False, 'lr_config': {'mode': 'log', 'steps': 5, 'initial_lr': 0.0005, 'target_lr': 0.0005}, 'batch_per_device': 1024}",79.96981024742126,0,9,6930.87037755138,1,79.96981024742126
0.00749812126159668,0.13879921436309814,0.005984115600585938,0.05031638242760483,0.022002029418945312,nan,0.0,0.0463446855545044,0.4934999942779541,1.3916541021347046,-0.4934999942779541,nan,0.0,nan,0.0,nan,0.0,0.47213998436927795,1.444258042831421,nan,0.0,nan,0.0,60000,1,False,,,10,-1.3916541021347046,5b5858e0fd234c05bd69da949a7137c7,2019-05-30_14-02-40,1559250160,9.175910234451294,89.14572048187256,18232,steropes,169.229.49.254,"{'starting_lr': 0.0005, 'momentum': 0.95, 'weight_decay': 0.0005, 'steps_per_iteration': None, 'pin': False, 'model_creator': None, 'target_batch_size': 1024, 'model_string': 'resnet18', 'min_batch_size': 512, 'dataset': 'CIFAR', 'placement': None, 'use_nccl': True, 'devices_per_worker': 1, 'primary_resource': 'extra_gpu', 'gpu': False, 'verbose': False, 'lr_config': {'mode': 'log', 'steps': 5, 'initial_lr': 0.0005, 'target_lr': 0.0005}, 'batch_per_device': 1024}",89.14572048187256,0,10,6868.8171376914215,1,89.14572048187256
0.008738970756530762,0.12169179916381836,0.007907462120056153,0.040375339741609534,0.023767733573913576,nan,0.0,0.06304101943969727,0.5020999908447266,1.3773809806823731,-0.5020999908447266,nan,0.0,nan,0.0,nan,0.0,0.4836199879646301,1.4124369305801392,nan,0.0,nan,0.0,60000,1,False,,,11,-1.3773809806823731,5b5858e0fd234c05bd69da949a7137c7,2019-05-30_14-02-49,1559250169,8.967613697052002,98.11333417892456,18232,steropes,169.229.49.254,"{'starting_lr': 0.0005, 'momentum': 0.95, 'weight_decay': 0.0005, 'steps_per_iteration': None, 'pin': False, 'model_creator': None, 'target_batch_size': 1024, 'model_string': 'resnet18', 'min_batch_size': 512, 'dataset': 'CIFAR', 'placement': None, 'use_nccl': True, 'devices_per_worker': 1, 'primary_resource': 'extra_gpu', 'gpu': False, 'verbose': False, 'lr_config': {'mode': 'log', 'steps': 5, 'initial_lr': 0.0005, 'target_lr': 0.0005}, 'batch_per_device': 1024}",98.11333417892456,0,11,6802.933905382816,1,98.11333417892456
0.007747745513916016,0.12063078880310059,0.005734467506408691,0.04595386252111318,0.023139691352844237,nan,0.0,0.050358128547668454,0.5160999894142151,1.3316496379852294,-0.5160999894142151,nan,0.0,nan,0.0,nan,0.0,0.4899199903011322,1.395555764312744,nan,0.0,nan,0.0,60000,1,True,,,12,-1.3316496379852294,5b5858e0fd234c05bd69da949a7137c7,2019-05-30_14-02-58,1559250178,8.655578374862671,106.76891255378723,18232,steropes,169.229.49.254,"{'starting_lr': 0.0005, 'momentum': 0.95, 'weight_decay': 0.0005, 'steps_per_iteration': None, 'pin': False, 'model_creator': None, 'target_batch_size': 1024, 'model_string': 'resnet18', 'min_batch_size': 512, 'dataset': 'CIFAR', 'placement': None, 'use_nccl': True, 'devices_per_worker': 1, 'primary_resource': 'extra_gpu', 'gpu': False, 'verbose': False, 'lr_config': {'mode': 'log', 'steps': 5, 'initial_lr': 0.0005, 'target_lr': 0.0005}, 'batch_per_device': 1024}",106.76891255378723,0,12,6796.371707040897,1,106.76891255378723
