{"apply": 0.017985105514526367, "batch_time": 0.04232937776589695, "d2h": 0.0007785320281982422, "data_time": 0.0019749076774967906, "fwd": 0.16571660041809083, "get_state_time_mean": NaN, "get_state_time_total": 0.0, "grad": 0.16514699459075927, "mean_accuracy": 0.19200000166893005, "mean_loss": 2.1579574882507324, "neg_mean_accuracy": -0.19200000166893005, "set_state_time_mean": NaN, "set_state_time_total": 0.0, "setup_model_time_mean": 11.166049003601074, "setup_model_time_total": 11.166049003601074, "setup_proc_time_mean": 0.28751516342163086, "setup_proc_time_total": 0.28751516342163086, "train_accuracy": 0.14632000029087067, "train_loss": 4.7538954253387455, "training_time_mean": NaN, "training_time_total": 0.0, "val_accuracy": 0.19200000166893005, "val_loss": 2.1579574882507324, "validation_time_mean": NaN, "validation_time_total": 0.0, "samples": 60000, "num_workers": 1, "done": false, "timesteps_total": null, "episodes_total": null, "training_iteration": 1, "neg_mean_loss": -2.1579574882507324, "experiment_id": "84dc6b72f9a749a292671c55099d268b", "date": "2019-06-03_04-41-10", "timestamp": 1559562070, "time_this_iter_s": 47.78127598762512, "time_total_s": 47.78127598762512, "pid": 21068, "hostname": "steropes", "node_ip": "169.229.49.254", "config": {"starting_lr": 0.1, "momentum": 0.95, "weight_decay": 0.0005, "steps_per_iteration": null, "pin": false, "model_creator": null, "target_batch_size": 128, "model_string": "resnet50", "min_batch_size": 128, "dataset": "CIFAR", "placement": null, "use_nccl": true, "devices_per_worker": 1, "primary_resource": "extra_gpu", "gpu": false, "verbose": false, "lr_config": {"mode": "log", "steps": 5, "initial_lr": 0.1, "target_lr": 0.1}, "batch_per_device": 128}, "time_since_restore": 47.78127598762512, "timesteps_since_restore": 0, "iterations_since_restore": 1, "mean_throughput": 1255.7197308565533, "atoms": 1, "setup_time": 13.052150249481201}
{"apply": 0.020406532287597656, "batch_time": 0.03215036512930182, "d2h": 0.0008008718490600586, "data_time": 0.001907765712884381, "fwd": 0.02994565963745117, "get_state_time_mean": NaN, "get_state_time_total": 0.0, "grad": 0.048450899124145505, "mean_accuracy": 0.22345000505447388, "mean_loss": 2.076440422439575, "neg_mean_accuracy": -0.2549000084400177, "set_state_time_mean": NaN, "set_state_time_total": 0.0, "setup_model_time_mean": NaN, "setup_model_time_total": 0.0, "setup_proc_time_mean": NaN, "setup_proc_time_total": 0.0, "train_accuracy": 0.21149998903274536, "train_loss": 2.089484811782837, "training_time_mean": NaN, "training_time_total": 0.0, "val_accuracy": 0.2549000084400177, "val_loss": 1.994923356628418, "validation_time_mean": NaN, "validation_time_total": 0.0, "samples": 60000, "num_workers": 1, "done": false, "timesteps_total": null, "episodes_total": null, "training_iteration": 2, "neg_mean_loss": -2.076440422439575, "experiment_id": "84dc6b72f9a749a292671c55099d268b", "date": "2019-06-03_04-41-51", "timestamp": 1559562111, "time_this_iter_s": 41.11878824234009, "time_total_s": 88.90006422996521, "pid": 21068, "hostname": "steropes", "node_ip": "169.229.49.254", "config": {"starting_lr": 0.1, "momentum": 0.95, "weight_decay": 0.0005, "steps_per_iteration": null, "pin": false, "model_creator": null, "target_batch_size": 128, "model_string": "resnet50", "min_batch_size": 128, "dataset": "CIFAR", "placement": null, "use_nccl": true, "devices_per_worker": 1, "primary_resource": "extra_gpu", "gpu": false, "verbose": false, "lr_config": {"mode": "log", "steps": 5, "initial_lr": 0.1, "target_lr": 0.1}, "batch_per_device": 128}, "time_since_restore": 88.90006422996521, "timesteps_since_restore": 0, "iterations_since_restore": 2, "mean_throughput": 1349.8277943780272, "atoms": 1, "setup_time": 13.052150249481201}
{"apply": 0.018066596984863282, "batch_time": 0.03267451177669477, "d2h": 0.0008094549179077148, "data_time": 0.0019412394374837656, "fwd": 0.029458165168762207, "get_state_time_mean": NaN, "get_state_time_total": 0.0, "grad": 0.04874362945556641, "mean_accuracy": 0.2559666633605957, "mean_loss": 1.9854275504430134, "neg_mean_accuracy": -0.32099997997283936, "set_state_time_mean": NaN, "set_state_time_total": 0.0, "setup_model_time_mean": NaN, "setup_model_time_total": 0.0, "setup_proc_time_mean": NaN, "setup_proc_time_total": 0.0, "train_accuracy": 0.280379980802536, "train_loss": 1.9122889920043946, "training_time_mean": NaN, "training_time_total": 0.0, "val_accuracy": 0.32099997997283936, "val_loss": 1.8034018064498902, "validation_time_mean": NaN, "validation_time_total": 0.0, "samples": 60000, "num_workers": 1, "done": false, "timesteps_total": null, "episodes_total": null, "training_iteration": 3, "neg_mean_loss": -1.9854275504430134, "experiment_id": "84dc6b72f9a749a292671c55099d268b", "date": "2019-06-03_04-42-32", "timestamp": 1559562152, "time_this_iter_s": 41.80506777763367, "time_total_s": 130.70513200759888, "pid": 21068, "hostname": "steropes", "node_ip": "169.229.49.254", "config": {"starting_lr": 0.1, "momentum": 0.95, "weight_decay": 0.0005, "steps_per_iteration": null, "pin": false, "model_creator": null, "target_batch_size": 128, "model_string": "resnet50", "min_batch_size": 128, "dataset": "CIFAR", "placement": null, "use_nccl": true, "devices_per_worker": 1, "primary_resource": "extra_gpu", "gpu": false, "verbose": false, "lr_config": {"mode": "log", "steps": 5, "initial_lr": 0.1, "target_lr": 0.1}, "batch_per_device": 128}, "time_since_restore": 130.70513200759888, "timesteps_since_restore": 0, "iterations_since_restore": 3, "mean_throughput": 1377.141389303323, "atoms": 1, "setup_time": 13.052150249481201}
{"apply": 0.01800990104675293, "batch_time": 0.033988285668288605, "d2h": 0.0007941007614135742, "data_time": 0.0019368222912254235, "fwd": 0.0294189453125, "get_state_time_mean": NaN, "get_state_time_total": 0.0, "grad": 0.048308277130126955, "mean_accuracy": 0.290924996137619, "mean_loss": 1.9028776223659514, "neg_mean_accuracy": -0.39579999446868896, "set_state_time_mean": NaN, "set_state_time_total": 0.0, "setup_model_time_mean": NaN, "setup_model_time_total": 0.0, "setup_proc_time_mean": NaN, "setup_proc_time_total": 0.0, "train_accuracy": 0.335999995470047, "train_loss": 1.790670824623108, "training_time_mean": NaN, "training_time_total": 0.0, "val_accuracy": 0.39579999446868896, "val_loss": 1.6552278381347656, "validation_time_mean": NaN, "validation_time_total": 0.0, "samples": 60000, "num_workers": 1, "done": false, "timesteps_total": null, "episodes_total": null, "training_iteration": 4, "neg_mean_loss": -1.9028776223659514, "experiment_id": "84dc6b72f9a749a292671c55099d268b", "date": "2019-06-03_04-43-14", "timestamp": 1559562194, "time_this_iter_s": 41.522741079330444, "time_total_s": 172.22787308692932, "pid": 21068, "hostname": "steropes", "node_ip": "169.229.49.254", "config": {"starting_lr": 0.1, "momentum": 0.95, "weight_decay": 0.0005, "steps_per_iteration": null, "pin": false, "model_creator": null, "target_batch_size": 128, "model_string": "resnet50", "min_batch_size": 128, "dataset": "CIFAR", "placement": null, "use_nccl": true, "devices_per_worker": 1, "primary_resource": "extra_gpu", "gpu": false, "verbose": false, "lr_config": {"mode": "log", "steps": 5, "initial_lr": 0.1, "target_lr": 0.1}, "batch_per_device": 128}, "time_since_restore": 172.22787308692932, "timesteps_since_restore": 0, "iterations_since_restore": 4, "mean_throughput": 1393.4987212465346, "atoms": 1, "setup_time": 13.052150249481201}
{"apply": 0.019028759002685545, "batch_time": 0.03218072577367855, "d2h": 0.0007997512817382813, "data_time": 0.0019330807659022338, "fwd": 0.029935503005981447, "get_state_time_mean": NaN, "get_state_time_total": 0.0, "grad": 0.04866228103637695, "mean_accuracy": 0.31073999404907227, "mean_loss": 1.853635860481262, "neg_mean_accuracy": -0.38999998569488525, "set_state_time_mean": NaN, "set_state_time_total": 0.0, "setup_model_time_mean": NaN, "setup_model_time_total": 0.0, "setup_proc_time_mean": NaN, "setup_proc_time_total": 0.0, "train_accuracy": 0.37779998779296875, "train_loss": 1.7009975893783569, "training_time_mean": NaN, "training_time_total": 0.0, "val_accuracy": 0.38999998569488525, "val_loss": 1.656668812942505, "validation_time_mean": NaN, "validation_time_total": 0.0, "samples": 60000, "num_workers": 1, "done": false, "timesteps_total": null, "episodes_total": null, "training_iteration": 5, "neg_mean_loss": -1.853635860481262, "experiment_id": "84dc6b72f9a749a292671c55099d268b", "date": "2019-06-03_04-43-55", "timestamp": 1559562235, "time_this_iter_s": 41.395949602127075, "time_total_s": 213.6238226890564, "pid": 21068, "hostname": "steropes", "node_ip": "169.229.49.254", "config": {"starting_lr": 0.1, "momentum": 0.95, "weight_decay": 0.0005, "steps_per_iteration": null, "pin": false, "model_creator": null, "target_batch_size": 128, "model_string": "resnet50", "min_batch_size": 128, "dataset": "CIFAR", "placement": null, "use_nccl": true, "devices_per_worker": 1, "primary_resource": "extra_gpu", "gpu": false, "verbose": false, "lr_config": {"mode": "log", "steps": 5, "initial_lr": 0.1, "target_lr": 0.1}, "batch_per_device": 128}, "time_since_restore": 213.6238226890564, "timesteps_since_restore": 0, "iterations_since_restore": 5, "mean_throughput": 1404.334056544947, "atoms": 1, "setup_time": 13.052150249481201}
{"apply": 0.018043875694274902, "batch_time": 0.03209794925737985, "d2h": 0.0007791280746459961, "data_time": 0.0018834073830138692, "fwd": 0.028932070732116698, "get_state_time_mean": NaN, "get_state_time_total": 0.0, "grad": 0.04717907905578613, "mean_accuracy": 0.35821999311447145, "mean_loss": 1.7361709239578247, "neg_mean_accuracy": -0.4293999969959259, "set_state_time_mean": NaN, "set_state_time_total": 0.0, "setup_model_time_mean": NaN, "setup_model_time_total": 0.0, "setup_proc_time_mean": NaN, "setup_proc_time_total": 0.0, "train_accuracy": 0.405379980802536, "train_loss": 1.631676025466919, "training_time_mean": NaN, "training_time_total": 0.0, "val_accuracy": 0.4293999969959259, "val_loss": 1.570632805633545, "validation_time_mean": NaN, "validation_time_total": 0.0, "samples": 60000, "num_workers": 1, "done": false, "timesteps_total": null, "episodes_total": null, "training_iteration": 6, "neg_mean_loss": -1.7361709239578247, "experiment_id": "84dc6b72f9a749a292671c55099d268b", "date": "2019-06-03_04-44-37", "timestamp": 1559562277, "time_this_iter_s": 41.500051736831665, "time_total_s": 255.12387442588806, "pid": 21068, "hostname": "steropes", "node_ip": "169.229.49.254", "config": {"starting_lr": 0.1, "momentum": 0.95, "weight_decay": 0.0005, "steps_per_iteration": null, "pin": false, "model_creator": null, "target_batch_size": 128, "model_string": "resnet50", "min_batch_size": 128, "dataset": "CIFAR", "placement": null, "use_nccl": true, "devices_per_worker": 1, "primary_resource": "extra_gpu", "gpu": false, "verbose": false, "lr_config": {"mode": "log", "steps": 5, "initial_lr": 0.1, "target_lr": 0.1}, "batch_per_device": 128}, "time_since_restore": 255.12387442588806, "timesteps_since_restore": 0, "iterations_since_restore": 6, "mean_throughput": 1446.8767511292444, "atoms": 1, "setup_time": 13.052150249481201}
{"apply": 0.017960166931152342, "batch_time": 0.03333595432812655, "d2h": 0.0007845640182495117, "data_time": 0.001906112636751531, "fwd": 0.02818171977996826, "get_state_time_mean": NaN, "get_state_time_total": 0.0, "grad": 0.048606705665588376, "mean_accuracy": 0.39845998883247374, "mean_loss": 1.646024863319397, "neg_mean_accuracy": -0.4560999870300293, "set_state_time_mean": NaN, "set_state_time_total": 0.0, "setup_model_time_mean": NaN, "setup_model_time_total": 0.0, "setup_proc_time_mean": NaN, "setup_proc_time_total": 0.0, "train_accuracy": 0.4310799837112427, "train_loss": 1.572491361427307, "training_time_mean": NaN, "training_time_total": 0.0, "val_accuracy": 0.4560999870300293, "val_loss": 1.5441930534362793, "validation_time_mean": NaN, "validation_time_total": 0.0, "samples": 60000, "num_workers": 1, "done": false, "timesteps_total": null, "episodes_total": null, "training_iteration": 7, "neg_mean_loss": -1.646024863319397, "experiment_id": "84dc6b72f9a749a292671c55099d268b", "date": "2019-06-03_04-45-19", "timestamp": 1559562319, "time_this_iter_s": 41.57778286933899, "time_total_s": 296.70165729522705, "pid": 21068, "hostname": "steropes", "node_ip": "169.229.49.254", "config": {"starting_lr": 0.1, "momentum": 0.95, "weight_decay": 0.0005, "steps_per_iteration": null, "pin": false, "model_creator": null, "target_batch_size": 128, "model_string": "resnet50", "min_batch_size": 128, "dataset": "CIFAR", "placement": null, "use_nccl": true, "devices_per_worker": 1, "primary_resource": "extra_gpu", "gpu": false, "verbose": false, "lr_config": {"mode": "log", "steps": 5, "initial_lr": 0.1, "target_lr": 0.1}, "batch_per_device": 128}, "time_since_restore": 296.70165729522705, "timesteps_since_restore": 0, "iterations_since_restore": 7, "mean_throughput": 1443.680920989645, "atoms": 1, "setup_time": 13.052150249481201}
{"apply": 0.018193626403808595, "batch_time": 0.03273784661594825, "d2h": 0.0008363962173461914, "data_time": 0.0018998777774898597, "fwd": 0.02929561138153076, "get_state_time_mean": NaN, "get_state_time_total": 0.0, "grad": 0.05125575065612793, "mean_accuracy": 0.42331998944282534, "mean_loss": 1.6066423489379882, "neg_mean_accuracy": -0.44529998302459717, "set_state_time_mean": NaN, "set_state_time_total": 0.0, "setup_model_time_mean": NaN, "setup_model_time_total": 0.0, "setup_proc_time_mean": NaN, "setup_proc_time_total": 0.0, "train_accuracy": 0.4700999855995178, "train_loss": 1.4745758730697631, "training_time_mean": NaN, "training_time_total": 0.0, "val_accuracy": 0.44529998302459717, "val_loss": 1.6064892345428468, "validation_time_mean": NaN, "validation_time_total": 0.0, "samples": 60000, "num_workers": 1, "done": false, "timesteps_total": null, "episodes_total": null, "training_iteration": 8, "neg_mean_loss": -1.6066423489379882, "experiment_id": "84dc6b72f9a749a292671c55099d268b", "date": "2019-06-03_04-46-00", "timestamp": 1559562360, "time_this_iter_s": 41.273178577423096, "time_total_s": 337.97483587265015, "pid": 21068, "hostname": "steropes", "node_ip": "169.229.49.254", "config": {"starting_lr": 0.1, "momentum": 0.95, "weight_decay": 0.0005, "steps_per_iteration": null, "pin": false, "model_creator": null, "target_batch_size": 128, "model_string": "resnet50", "min_batch_size": 128, "dataset": "CIFAR", "placement": null, "use_nccl": true, "devices_per_worker": 1, "primary_resource": "extra_gpu", "gpu": false, "verbose": false, "lr_config": {"mode": "log", "steps": 5, "initial_lr": 0.1, "target_lr": 0.1}, "batch_per_device": 128}, "time_since_restore": 337.97483587265015, "timesteps_since_restore": 0, "iterations_since_restore": 8, "mean_throughput": 1447.3867748240891, "atoms": 1, "setup_time": 13.052150249481201}
{"apply": 0.01766965389251709, "batch_time": 0.03333027151566517, "d2h": 0.0007155418395996093, "data_time": 0.001861477751866021, "fwd": 0.02824132442474365, "get_state_time_mean": NaN, "get_state_time_total": 0.0, "grad": 0.04752457141876221, "mean_accuracy": 0.442279988527298, "mean_loss": 1.557093811416626, "neg_mean_accuracy": -0.49059998989105225, "set_state_time_mean": NaN, "set_state_time_total": 0.0, "setup_model_time_mean": NaN, "setup_model_time_total": 0.0, "setup_proc_time_mean": NaN, "setup_proc_time_total": 0.0, "train_accuracy": 0.49021998047828674, "train_loss": 1.41901875831604, "training_time_mean": NaN, "training_time_total": 0.0, "val_accuracy": 0.49059998989105225, "val_loss": 1.4074851505279542, "validation_time_mean": NaN, "validation_time_total": 0.0, "samples": 60000, "num_workers": 1, "done": true, "timesteps_total": null, "episodes_total": null, "training_iteration": 9, "neg_mean_loss": -1.557093811416626, "experiment_id": "84dc6b72f9a749a292671c55099d268b", "date": "2019-06-03_04-46-41", "timestamp": 1559562401, "time_this_iter_s": 41.05917286872864, "time_total_s": 379.0340087413788, "pid": 21068, "hostname": "steropes", "node_ip": "169.229.49.254", "config": {"starting_lr": 0.1, "momentum": 0.95, "weight_decay": 0.0005, "steps_per_iteration": null, "pin": false, "model_creator": null, "target_batch_size": 128, "model_string": "resnet50", "min_batch_size": 128, "dataset": "CIFAR", "placement": null, "use_nccl": true, "devices_per_worker": 1, "primary_resource": "extra_gpu", "gpu": false, "verbose": false, "lr_config": {"mode": "log", "steps": 5, "initial_lr": 0.1, "target_lr": 0.1}, "batch_per_device": 128}, "time_since_restore": 379.0340087413788, "timesteps_since_restore": 0, "iterations_since_restore": 9, "mean_throughput": 1450.6312454540282, "atoms": 1, "setup_time": 13.052150249481201}
