{"apply": 0.018244361877441405, "batch_time": 0.04221433023863201, "d2h": 0.0007140636444091797, "data_time": 0.001904459560618681, "fwd": 0.11992537975311279, "get_state_time_mean": NaN, "get_state_time_total": 0.0, "grad": 0.16460926532745362, "mean_accuracy": 0.09999999403953552, "mean_loss": 2.367559494781494, "neg_mean_accuracy": -0.09999999403953552, "set_state_time_mean": NaN, "set_state_time_total": 0.0, "setup_model_time_mean": 8.60779333114624, "setup_model_time_total": 8.60779333114624, "setup_proc_time_mean": 0.15170741081237793, "setup_proc_time_total": 0.15170741081237793, "train_accuracy": 0.09749999642372131, "train_loss": 4.572163766326904, "training_time_mean": NaN, "training_time_total": 0.0, "val_accuracy": 0.09999999403953552, "val_loss": 2.367559494781494, "validation_time_mean": NaN, "validation_time_total": 0.0, "samples": 60000, "num_workers": 1, "done": false, "timesteps_total": null, "episodes_total": null, "training_iteration": 1, "neg_mean_loss": -2.367559494781494, "experiment_id": "767155dfd1f041eda9bc92441fc0e3a4", "date": "2019-06-06_14-19-38", "timestamp": 1559855978, "time_this_iter_s": 47.19340920448303, "time_total_s": 47.19340920448303, "pid": 30559, "hostname": "steropes", "node_ip": "169.229.49.254", "config": {"starting_lr": 0.5, "momentum": 0.95, "weight_decay": 0.0005, "steps_per_iteration": null, "pin": false, "model_creator": null, "target_batch_size": 128, "model_string": "resnet50", "min_batch_size": 128, "dataset": "CIFAR", "placement": null, "use_nccl": true, "devices_per_worker": 1, "primary_resource": "extra_gpu", "gpu": false, "verbose": false, "lr_config": {"mode": "log", "steps": 5, "initial_lr": 0.5, "target_lr": 0.5}, "batch_per_device": 128}, "time_since_restore": 47.19340920448303, "timesteps_since_restore": 0, "iterations_since_restore": 1, "mean_throughput": 1271.3601658957277, "atoms": 1, "setup_time": 8.884995698928833}
{"apply": 0.019263219833374024, "batch_time": 0.03166119961798945, "d2h": 0.0007190704345703125, "data_time": 0.0017942382246636979, "fwd": 0.02903146743774414, "get_state_time_mean": NaN, "get_state_time_total": 0.0, "grad": 0.04874343872070312, "mean_accuracy": 0.12114999443292618, "mean_loss": 2.3899142402648925, "neg_mean_accuracy": -0.14229999482631683, "set_state_time_mean": NaN, "set_state_time_total": 0.0, "setup_model_time_mean": NaN, "setup_model_time_total": 0.0, "setup_proc_time_mean": NaN, "setup_proc_time_total": 0.0, "train_accuracy": 0.1588200032711029, "train_loss": 2.223103465652466, "training_time_mean": NaN, "training_time_total": 0.0, "val_accuracy": 0.14229999482631683, "val_loss": 2.412268985748291, "validation_time_mean": NaN, "validation_time_total": 0.0, "samples": 60000, "num_workers": 1, "done": false, "timesteps_total": null, "episodes_total": null, "training_iteration": 2, "neg_mean_loss": -2.3899142402648925, "experiment_id": "767155dfd1f041eda9bc92441fc0e3a4", "date": "2019-06-06_14-20-20", "timestamp": 1559856020, "time_this_iter_s": 41.44873929023743, "time_total_s": 88.64214849472046, "pid": 30559, "hostname": "steropes", "node_ip": "169.229.49.254", "config": {"starting_lr": 0.5, "momentum": 0.95, "weight_decay": 0.0005, "steps_per_iteration": null, "pin": false, "model_creator": null, "target_batch_size": 128, "model_string": "resnet50", "min_batch_size": 128, "dataset": "CIFAR", "placement": null, "use_nccl": true, "devices_per_worker": 1, "primary_resource": "extra_gpu", "gpu": false, "verbose": false, "lr_config": {"mode": "log", "steps": 5, "initial_lr": 0.5, "target_lr": 0.5}, "batch_per_device": 128}, "time_since_restore": 88.64214849472046, "timesteps_since_restore": 0, "iterations_since_restore": 2, "mean_throughput": 1353.754458165806, "atoms": 1, "setup_time": 8.884995698928833}
{"apply": 0.020157837867736818, "batch_time": 0.032117354718944696, "d2h": 0.0007430315017700195, "data_time": 0.0017889887475601547, "fwd": 0.029671192169189453, "get_state_time_mean": NaN, "get_state_time_total": 0.0, "grad": 0.04984848499298096, "mean_accuracy": 0.15036665896574655, "mean_loss": 2.265338971201579, "neg_mean_accuracy": -0.20879998803138733, "set_state_time_mean": NaN, "set_state_time_total": 0.0, "setup_model_time_mean": NaN, "setup_model_time_total": 0.0, "setup_proc_time_mean": NaN, "setup_proc_time_total": 0.0, "train_accuracy": 0.22029998898506165, "train_loss": 2.055046527099609, "training_time_mean": NaN, "training_time_total": 0.0, "val_accuracy": 0.20879998803138733, "val_loss": 2.016188433074951, "validation_time_mean": NaN, "validation_time_total": 0.0, "samples": 60000, "num_workers": 1, "done": true, "timesteps_total": null, "episodes_total": null, "training_iteration": 3, "neg_mean_loss": -2.265338971201579, "experiment_id": "767155dfd1f041eda9bc92441fc0e3a4", "date": "2019-06-06_14-21-01", "timestamp": 1559856061, "time_this_iter_s": 41.418965339660645, "time_total_s": 130.0611138343811, "pid": 30559, "hostname": "steropes", "node_ip": "169.229.49.254", "config": {"starting_lr": 0.5, "momentum": 0.95, "weight_decay": 0.0005, "steps_per_iteration": null, "pin": false, "model_creator": null, "target_batch_size": 128, "model_string": "resnet50", "min_batch_size": 128, "dataset": "CIFAR", "placement": null, "use_nccl": true, "devices_per_worker": 1, "primary_resource": "extra_gpu", "gpu": false, "verbose": false, "lr_config": {"mode": "log", "steps": 5, "initial_lr": 0.5, "target_lr": 0.5}, "batch_per_device": 128}, "time_since_restore": 130.0611138343811, "timesteps_since_restore": 0, "iterations_since_restore": 3, "mean_throughput": 1383.9615620786499, "atoms": 1, "setup_time": 8.884995698928833}
