apply,batch_time,d2h,data_time,fwd,get_state_time_mean,get_state_time_total,grad,mean_accuracy,mean_loss,neg_mean_accuracy,set_state_time_mean,set_state_time_total,setup_model_time_mean,setup_model_time_total,setup_proc_time_mean,setup_proc_time_total,train_accuracy,train_loss,training_time_mean,training_time_total,val_accuracy,val_loss,validation_time_mean,validation_time_total,samples,num_workers,done,timesteps_total,episodes_total,training_iteration,neg_mean_loss,experiment_id,date,timestamp,time_this_iter_s,time_total_s,pid,hostname,node_ip,config,time_since_restore,timesteps_since_restore,iterations_since_restore,mean_throughput,atoms,setup_time
0.016882824897766113,0.04383192786687537,0.0006455183029174805,0.0018513129495293893,0.11522498130798339,nan,0.0,0.203286075592041,0.2667999863624573,11.677750786209106,-0.2667999863624573,nan,0.0,10.676379680633545,10.676379680633545,0.1343381404876709,0.1343381404876709,0.2516799867153168,2.7067356464385988,nan,0.0,0.2667999863624573,11.677750786209106,nan,0.0,60000,1,False,,,1,-11.677750786209106,62e2be8480464287afdd9da98139bfcb,2019-06-06_07-04-34,1559829874,45.99320030212402,45.99320030212402,31652,steropes,169.229.49.254,"{'starting_lr': 0.005, 'momentum': 0.95, 'weight_decay': 0.0001, 'steps_per_iteration': None, 'pin': False, 'model_creator': None, 'target_batch_size': 128, 'model_string': 'resnet50', 'min_batch_size': 128, 'dataset': 'CIFAR', 'placement': None, 'use_nccl': True, 'devices_per_worker': 1, 'primary_resource': 'extra_gpu', 'gpu': False, 'verbose': False, 'lr_config': {'mode': 'log', 'steps': 5, 'initial_lr': 0.005, 'target_lr': 0.005}, 'batch_per_device': 128}",45.99320030212402,0,1,1304.5365916779065,1,10.93081021308899
0.0171872615814209,0.03129127659375155,0.000690913200378418,0.0018143666064952646,0.02766141891479492,nan,0.0,0.04692442417144775,0.33674998581409454,6.799124427700042,-0.4066999852657318,nan,0.0,nan,0.0,nan,0.0,0.3423599898815155,2.1804511335754393,nan,0.0,0.4066999852657318,1.920498069190979,nan,0.0,60000,1,False,,,2,-6.799124427700042,62e2be8480464287afdd9da98139bfcb,2019-06-06_07-05-14,1559829914,40.13975739479065,86.13295769691467,31652,steropes,169.229.49.254,"{'starting_lr': 0.005, 'momentum': 0.95, 'weight_decay': 0.0001, 'steps_per_iteration': None, 'pin': False, 'model_creator': None, 'target_batch_size': 128, 'model_string': 'resnet50', 'min_batch_size': 128, 'dataset': 'CIFAR', 'placement': None, 'use_nccl': True, 'devices_per_worker': 1, 'primary_resource': 'extra_gpu', 'gpu': False, 'verbose': False, 'lr_config': {'mode': 'log', 'steps': 5, 'initial_lr': 0.005, 'target_lr': 0.005}, 'batch_per_device': 128}",86.13295769691467,0,2,1393.1912860640032,1,10.93081021308899
0.018018126487731934,0.03177184092847607,0.0006650924682617187,0.0018243490887419952,0.027658987045288085,nan,0.0,0.046797752380371094,0.3611999849478404,6.410103794606527,-0.41009998321533203,nan,0.0,nan,0.0,nan,0.0,0.38871997594833374,2.020587742538452,nan,0.0,0.41009998321533203,5.632062528419494,nan,0.0,60000,1,False,,,3,-6.410103794606527,62e2be8480464287afdd9da98139bfcb,2019-06-06_07-05-55,1559829955,40.22734022140503,126.3602979183197,31652,steropes,169.229.49.254,"{'starting_lr': 0.005, 'momentum': 0.95, 'weight_decay': 0.0001, 'steps_per_iteration': None, 'pin': False, 'model_creator': None, 'target_batch_size': 128, 'model_string': 'resnet50', 'min_batch_size': 128, 'dataset': 'CIFAR', 'placement': None, 'use_nccl': True, 'devices_per_worker': 1, 'primary_resource': 'extra_gpu', 'gpu': False, 'verbose': False, 'lr_config': {'mode': 'log', 'steps': 5, 'initial_lr': 0.005, 'target_lr': 0.005}, 'batch_per_device': 128}",126.3602979183197,0,3,1424.4946014488385,1,10.93081021308899
0.01700260639190674,0.031579334524613395,0.0007597684860229492,0.0017994956287276714,0.027767276763916014,nan,0.0,0.04756860733032227,0.38487498462200165,5.179188820171356,-0.4558999836444855,nan,0.0,nan,0.0,nan,0.0,0.3822999894618988,1.9711621237945556,nan,0.0,0.4558999836444855,1.4864438968658447,nan,0.0,60000,1,False,,,4,-5.179188820171356,62e2be8480464287afdd9da98139bfcb,2019-06-06_07-06-35,1559829995,40.10654878616333,166.46684670448303,31652,steropes,169.229.49.254,"{'starting_lr': 0.005, 'momentum': 0.95, 'weight_decay': 0.0001, 'steps_per_iteration': None, 'pin': False, 'model_creator': None, 'target_batch_size': 128, 'model_string': 'resnet50', 'min_batch_size': 128, 'dataset': 'CIFAR', 'placement': None, 'use_nccl': True, 'devices_per_worker': 1, 'primary_resource': 'extra_gpu', 'gpu': False, 'verbose': False, 'lr_config': {'mode': 'log', 'steps': 5, 'initial_lr': 0.005, 'target_lr': 0.005}, 'batch_per_device': 128}",166.46684670448303,0,4,1441.725161396248,1,10.93081021308899
0.01670546531677246,0.03162672851659075,0.0006503105163574219,0.0018104866642476348,0.027526235580444335,nan,0.0,0.04655008316040039,0.4034799873828888,4.4313129024505615,-0.4778999984264374,nan,0.0,nan,0.0,nan,0.0,0.42277997732162476,1.81515842502594,nan,0.0,0.4778999984264374,1.4398092315673827,nan,0.0,60000,1,False,,,5,-4.4313129024505615,62e2be8480464287afdd9da98139bfcb,2019-06-06_07-07-15,1559830035,39.976630210876465,206.4434769153595,31652,steropes,169.229.49.254,"{'starting_lr': 0.005, 'momentum': 0.95, 'weight_decay': 0.0001, 'steps_per_iteration': None, 'pin': False, 'model_creator': None, 'target_batch_size': 128, 'model_string': 'resnet50', 'min_batch_size': 128, 'dataset': 'CIFAR', 'placement': None, 'use_nccl': True, 'devices_per_worker': 1, 'primary_resource': 'extra_gpu', 'gpu': False, 'verbose': False, 'lr_config': {'mode': 'log', 'steps': 5, 'initial_lr': 0.005, 'target_lr': 0.005}, 'batch_per_device': 128}",206.4434769153595,0,5,1453.178980309085,1,10.93081021308899
0.01654860973358154,0.03185449672650687,0.000641632080078125,0.0018069433129352071,0.027066874504089355,nan,0.0,0.04714071750640869,0.4492199897766113,2.372902796516418,-0.49549999833106995,nan,0.0,nan,0.0,nan,0.0,0.4359799921512604,1.695593328666687,nan,0.0,0.49549999833106995,1.3857002565383911,nan,0.0,60000,1,False,,,6,-2.372902796516418,62e2be8480464287afdd9da98139bfcb,2019-06-06_07-07-55,1559830075,40.136364698410034,246.57984161376953,31652,steropes,169.229.49.254,"{'starting_lr': 0.005, 'momentum': 0.95, 'weight_decay': 0.0001, 'steps_per_iteration': None, 'pin': False, 'model_creator': None, 'target_batch_size': 128, 'model_string': 'resnet50', 'min_batch_size': 128, 'dataset': 'CIFAR', 'placement': None, 'use_nccl': True, 'devices_per_worker': 1, 'primary_resource': 'extra_gpu', 'gpu': False, 'verbose': False, 'lr_config': {'mode': 'log', 'steps': 5, 'initial_lr': 0.005, 'target_lr': 0.005}, 'batch_per_device': 128}",246.57984161376953,0,6,1495.6100536706804,1,10.93081021308899
0.016752195358276368,0.03138258185567735,0.0006679296493530273,0.0017727165270949264,0.02738299369812012,nan,0.0,0.049945735931396486,0.4693799912929535,2.284444018058777,-0.5074999928474426,nan,0.0,nan,0.0,nan,0.0,0.45323997735977173,1.7097189010238647,nan,0.0,0.5074999928474426,1.478204176902771,nan,0.0,60000,1,False,,,7,-2.284444018058777,62e2be8480464287afdd9da98139bfcb,2019-06-06_07-08-35,1559830115,40.05235528945923,286.63219690322876,31652,steropes,169.229.49.254,"{'starting_lr': 0.005, 'momentum': 0.95, 'weight_decay': 0.0001, 'steps_per_iteration': None, 'pin': False, 'model_creator': None, 'target_batch_size': 128, 'model_string': 'resnet50', 'min_batch_size': 128, 'dataset': 'CIFAR', 'placement': None, 'use_nccl': True, 'devices_per_worker': 1, 'primary_resource': 'extra_gpu', 'gpu': False, 'verbose': False, 'lr_config': {'mode': 'log', 'steps': 5, 'initial_lr': 0.005, 'target_lr': 0.005}, 'batch_per_device': 128}",286.63219690322876,0,7,1496.262027590756,1,10.93081021308899
0.016820263862609864,0.031150066399876074,0.0006308794021606445,0.0017718957818072774,0.027481818199157716,nan,0.0,0.04677596092224121,0.494299989938736,1.4153491444778443,-0.5346999764442444,nan,0.0,nan,0.0,nan,0.0,0.4757999777793884,1.6158625717544555,nan,0.0,0.5346999764442444,1.2865881605148315,nan,0.0,60000,1,False,,,8,-1.4153491444778443,62e2be8480464287afdd9da98139bfcb,2019-06-06_07-09-15,1559830155,39.82674980163574,326.4589467048645,31652,steropes,169.229.49.254,"{'starting_lr': 0.005, 'momentum': 0.95, 'weight_decay': 0.0001, 'steps_per_iteration': None, 'pin': False, 'model_creator': None, 'target_batch_size': 128, 'model_string': 'resnet50', 'min_batch_size': 128, 'dataset': 'CIFAR', 'placement': None, 'use_nccl': True, 'devices_per_worker': 1, 'primary_resource': 'extra_gpu', 'gpu': False, 'verbose': False, 'lr_config': {'mode': 'log', 'steps': 5, 'initial_lr': 0.005, 'target_lr': 0.005}, 'batch_per_device': 128}",326.4589467048645,0,8,1499.2574888167214,1,10.93081021308899
0.01708266735076904,0.031480125234096865,0.0006307125091552735,0.0017986480537277962,0.02780613899230957,nan,0.0,0.04763808250427246,0.5081199884414673,1.377495361061096,-0.5249999761581421,nan,0.0,nan,0.0,nan,0.0,0.4997600018978119,1.530946589126587,nan,0.0,0.5249999761581421,1.2971749797821044,nan,0.0,60000,1,False,,,9,-1.377495361061096,62e2be8480464287afdd9da98139bfcb,2019-06-06_07-09-55,1559830195,39.86112904548645,366.32007575035095,31652,steropes,169.229.49.254,"{'starting_lr': 0.005, 'momentum': 0.95, 'weight_decay': 0.0001, 'steps_per_iteration': None, 'pin': False, 'model_creator': None, 'target_batch_size': 128, 'model_string': 'resnet50', 'min_batch_size': 128, 'dataset': 'CIFAR', 'placement': None, 'use_nccl': True, 'devices_per_worker': 1, 'primary_resource': 'extra_gpu', 'gpu': False, 'verbose': False, 'lr_config': {'mode': 'log', 'steps': 5, 'initial_lr': 0.005, 'target_lr': 0.005}, 'batch_per_device': 128}",366.32007575035095,0,9,1501.0980448537819,1,10.93081021308899
0.01691901683807373,0.03135736380951314,0.0006665706634521485,0.0017605596186254944,0.02744309902191162,nan,0.0,0.0478252649307251,0.5171199858188629,1.3603936899948121,-0.5228999853134155,nan,0.0,nan,0.0,nan,0.0,0.50382000207901,1.5412059516906738,nan,0.0,0.5228999853134155,1.3543008762359618,nan,0.0,60000,1,False,,,10,-1.3603936899948121,62e2be8480464287afdd9da98139bfcb,2019-06-06_07-10-34,1559830234,39.722060203552246,406.0421359539032,31652,steropes,169.229.49.254,"{'starting_lr': 0.005, 'momentum': 0.95, 'weight_decay': 0.0001, 'steps_per_iteration': None, 'pin': False, 'model_creator': None, 'target_batch_size': 128, 'model_string': 'resnet50', 'min_batch_size': 128, 'dataset': 'CIFAR', 'placement': None, 'use_nccl': True, 'devices_per_worker': 1, 'primary_resource': 'extra_gpu', 'gpu': False, 'verbose': False, 'lr_config': {'mode': 'log', 'steps': 5, 'initial_lr': 0.005, 'target_lr': 0.005}, 'batch_per_device': 128}",406.0421359539032,0,10,1503.0125387347812,1,10.93081021308899
0.01692647933959961,0.03182545794716364,0.0006760835647583007,0.0017599663161255818,0.02796764373779297,nan,0.0,0.04722814559936524,0.5300199866294861,1.3280105984115598,-0.5600000023841858,nan,0.0,nan,0.0,nan,0.0,0.5073599815368652,1.5074031342697143,nan,0.0,0.5600000023841858,1.2237847986221313,nan,0.0,60000,1,False,,,11,-1.3280105984115598,62e2be8480464287afdd9da98139bfcb,2019-06-06_07-11-14,1559830274,39.78391242027283,445.826048374176,31652,steropes,169.229.49.254,"{'starting_lr': 0.005, 'momentum': 0.95, 'weight_decay': 0.0001, 'steps_per_iteration': None, 'pin': False, 'model_creator': None, 'target_batch_size': 128, 'model_string': 'resnet50', 'min_batch_size': 128, 'dataset': 'CIFAR', 'placement': None, 'use_nccl': True, 'devices_per_worker': 1, 'primary_resource': 'extra_gpu', 'gpu': False, 'verbose': False, 'lr_config': {'mode': 'log', 'steps': 5, 'initial_lr': 0.005, 'target_lr': 0.005}, 'batch_per_device': 128}",445.826048374176,0,11,1505.6712269801953,1,10.93081021308899
0.017228031158447267,0.03227240526223484,0.000653839111328125,0.0017949540901671896,0.02805185317993164,nan,0.0,0.047879362106323244,0.54339998960495,1.2911609587860107,-0.574400007724762,nan,0.0,nan,0.0,nan,0.0,0.5317400097846985,1.435241245956421,nan,0.0,0.574400007724762,1.2939559787750243,nan,0.0,60000,1,False,,,12,-1.2911609587860107,62e2be8480464287afdd9da98139bfcb,2019-06-06_07-11-54,1559830314,39.98568534851074,485.81173372268677,31652,steropes,169.229.49.254,"{'starting_lr': 0.005, 'momentum': 0.95, 'weight_decay': 0.0001, 'steps_per_iteration': None, 'pin': False, 'model_creator': None, 'target_batch_size': 128, 'model_string': 'resnet50', 'min_batch_size': 128, 'dataset': 'CIFAR', 'placement': None, 'use_nccl': True, 'devices_per_worker': 1, 'primary_resource': 'extra_gpu', 'gpu': False, 'verbose': False, 'lr_config': {'mode': 'log', 'steps': 5, 'initial_lr': 0.005, 'target_lr': 0.005}, 'batch_per_device': 128}",485.81173372268677,0,12,1506.1752065229566,1,10.93081021308899
0.017177605628967287,0.03161321712445609,0.0006773710250854492,0.0018017993253820082,0.027774453163146973,nan,0.0,0.04717683792114258,0.5386199951171875,1.3561954681777952,-0.5108000040054321,nan,0.0,nan,0.0,nan,0.0,0.42775997519493103,1.6900713346099854,nan,0.0,0.5108000040054321,1.6117607074737548,nan,0.0,60000,1,False,,,13,-1.3561954681777952,62e2be8480464287afdd9da98139bfcb,2019-06-06_07-12-34,1559830354,40.000852823257446,525.8125865459442,31652,steropes,169.229.49.254,"{'starting_lr': 0.005, 'momentum': 0.95, 'weight_decay': 0.0001, 'steps_per_iteration': None, 'pin': False, 'model_creator': None, 'target_batch_size': 128, 'model_string': 'resnet50', 'min_batch_size': 128, 'dataset': 'CIFAR', 'placement': None, 'use_nccl': True, 'devices_per_worker': 1, 'primary_resource': 'extra_gpu', 'gpu': False, 'verbose': False, 'lr_config': {'mode': 'log', 'steps': 5, 'initial_lr': 0.005, 'target_lr': 0.005}, 'batch_per_device': 128}",525.8125865459442,0,13,1504.8598102956366,1,10.93081021308899
0.01711766719818115,0.03154451635819447,0.0007332801818847656,0.0019418577403973437,0.02786123752593994,nan,0.0,0.047281193733215335,0.539079999923706,1.642982131385803,-0.5273000001907349,nan,0.0,nan,0.0,nan,0.0,0.4825799763202667,1.5297579488372803,nan,0.0,0.5273000001907349,2.7311082958221435,nan,0.0,60000,1,False,,,14,-1.642982131385803,62e2be8480464287afdd9da98139bfcb,2019-06-06_07-13-14,1559830394,40.06612181663513,565.8787083625793,31652,steropes,169.229.49.254,"{'starting_lr': 0.005, 'momentum': 0.95, 'weight_decay': 0.0001, 'steps_per_iteration': None, 'pin': False, 'model_creator': None, 'target_batch_size': 128, 'model_string': 'resnet50', 'min_batch_size': 128, 'dataset': 'CIFAR', 'placement': None, 'use_nccl': True, 'devices_per_worker': 1, 'primary_resource': 'extra_gpu', 'gpu': False, 'verbose': False, 'lr_config': {'mode': 'log', 'steps': 5, 'initial_lr': 0.005, 'target_lr': 0.005}, 'batch_per_device': 128}",565.8787083625793,0,14,1503.3144929342936,1,10.93081021308899
0.01689157485961914,0.03142205974723719,0.0007729768753051758,0.0017925479527934433,0.02741401195526123,nan,0.0,0.047770214080810544,0.5467399954795837,1.6198140475845335,-0.561199963092804,nan,0.0,nan,0.0,nan,0.0,0.5107200145721436,1.4365071813201904,nan,0.0,0.561199963092804,1.2384604572296143,nan,0.0,60000,1,False,,,15,-1.6198140475845335,62e2be8480464287afdd9da98139bfcb,2019-06-06_07-13-54,1559830434,39.84872651100159,605.7274348735809,31652,steropes,169.229.49.254,"{'starting_lr': 0.005, 'momentum': 0.95, 'weight_decay': 0.0001, 'steps_per_iteration': None, 'pin': False, 'model_creator': None, 'target_batch_size': 128, 'model_string': 'resnet50', 'min_batch_size': 128, 'dataset': 'CIFAR', 'placement': None, 'use_nccl': True, 'devices_per_worker': 1, 'primary_resource': 'extra_gpu', 'gpu': False, 'verbose': False, 'lr_config': {'mode': 'log', 'steps': 5, 'initial_lr': 0.005, 'target_lr': 0.005}, 'batch_per_device': 128}",605.7274348735809,0,15,1502.3609248270432,1,10.93081021308899
0.0166292667388916,0.0313695442827442,0.0006717681884765625,0.0017663249579232061,0.027132558822631835,nan,0.0,0.04700164794921875,0.5484799861907959,1.688921576461792,-0.5686999559402466,nan,0.0,nan,0.0,nan,0.0,0.5467199683189392,1.3599511267852784,nan,0.0,0.5686999559402466,1.569322443008423,nan,0.0,60000,1,False,,,16,-1.688921576461792,62e2be8480464287afdd9da98139bfcb,2019-06-06_07-14-34,1559830474,39.81389856338501,645.5413334369659,31652,steropes,169.229.49.254,"{'starting_lr': 0.005, 'momentum': 0.95, 'weight_decay': 0.0001, 'steps_per_iteration': None, 'pin': False, 'model_creator': None, 'target_batch_size': 128, 'model_string': 'resnet50', 'min_batch_size': 128, 'dataset': 'CIFAR', 'placement': None, 'use_nccl': True, 'devices_per_worker': 1, 'primary_resource': 'extra_gpu', 'gpu': False, 'verbose': False, 'lr_config': {'mode': 'log', 'steps': 5, 'initial_lr': 0.005, 'target_lr': 0.005}, 'batch_per_device': 128}",645.5413334369659,0,16,1502.1353559127078,1,10.93081021308899
0.01702301502227783,0.03167756297920324,0.0006527423858642579,0.0018750913917561017,0.02810659408569336,nan,0.0,0.04732115268707275,0.5527599811553955,2.183674603271484,-0.59579998254776,nan,0.0,nan,0.0,nan,0.0,0.558739960193634,1.3281658140182495,nan,0.0,0.59579998254776,3.7677211128234864,nan,0.0,60000,1,False,,,17,-2.183674603271484,62e2be8480464287afdd9da98139bfcb,2019-06-06_07-15-14,1559830514,39.97412991523743,685.5154633522034,31652,steropes,169.229.49.254,"{'starting_lr': 0.005, 'momentum': 0.95, 'weight_decay': 0.0001, 'steps_per_iteration': None, 'pin': False, 'model_creator': None, 'target_batch_size': 128, 'model_string': 'resnet50', 'min_batch_size': 128, 'dataset': 'CIFAR', 'placement': None, 'use_nccl': True, 'devices_per_worker': 1, 'primary_resource': 'extra_gpu', 'gpu': False, 'verbose': False, 'lr_config': {'mode': 'log', 'steps': 5, 'initial_lr': 0.005, 'target_lr': 0.005}, 'batch_per_device': 128}",685.5154633522034,0,17,1502.2221857378934,1,10.93081021308899
0.016931867599487303,0.03133628338198118,0.000640249252319336,0.0017668103318080268,0.027779650688171387,nan,0.0,0.04677121639251709,0.5719799757003784,2.377883941268921,-0.6068999767303467,nan,0.0,nan,0.0,nan,0.0,0.5778799653053284,1.2479768138885499,nan,0.0,0.6068999767303467,2.5828073974609373,nan,0.0,60000,1,False,,,18,-2.377883941268921,62e2be8480464287afdd9da98139bfcb,2019-06-06_07-15-54,1559830554,39.77712798118591,725.2925913333893,31652,steropes,169.229.49.254,"{'starting_lr': 0.005, 'momentum': 0.95, 'weight_decay': 0.0001, 'steps_per_iteration': None, 'pin': False, 'model_creator': None, 'target_batch_size': 128, 'model_string': 'resnet50', 'min_batch_size': 128, 'dataset': 'CIFAR', 'placement': None, 'use_nccl': True, 'devices_per_worker': 1, 'primary_resource': 'extra_gpu', 'gpu': False, 'verbose': False, 'lr_config': {'mode': 'log', 'steps': 5, 'initial_lr': 0.005, 'target_lr': 0.005}, 'batch_per_device': 128}",725.2925913333893,0,18,1503.906997348842,1,10.93081021308899
0.017118120193481447,0.032038682623754575,0.0006951570510864257,0.0017994809943391843,0.02801222801208496,nan,0.0,0.0472334623336792,0.5918399691581726,2.2495490871429444,-0.6265999674797058,nan,0.0,nan,0.0,nan,0.0,0.5948599576950073,1.2003178778839112,nan,0.0,0.6265999674797058,2.089434025192261,nan,0.0,60000,1,False,,,19,-2.2495490871429444,62e2be8480464287afdd9da98139bfcb,2019-06-06_07-16-34,1559830594,39.8833692073822,765.1759605407715,31652,steropes,169.229.49.254,"{'starting_lr': 0.005, 'momentum': 0.95, 'weight_decay': 0.0001, 'steps_per_iteration': None, 'pin': False, 'model_creator': None, 'target_batch_size': 128, 'model_string': 'resnet50', 'min_batch_size': 128, 'dataset': 'CIFAR', 'placement': None, 'use_nccl': True, 'devices_per_worker': 1, 'primary_resource': 'extra_gpu', 'gpu': False, 'verbose': False, 'lr_config': {'mode': 'log', 'steps': 5, 'initial_lr': 0.005, 'target_lr': 0.005}, 'batch_per_device': 128}",765.1759605407715,0,19,1505.2860655751913,1,10.93081021308899
0.017142438888549806,0.03116695488555522,0.0006453275680541992,0.0017965937514439264,0.027672958374023438,nan,0.0,0.0468994140625,0.6034199714660644,2.295112504463196,-0.6190999746322632,nan,0.0,nan,0.0,nan,0.0,0.6053599715232849,1.205531600265503,nan,0.0,0.6190999746322632,1.4662775438308715,nan,0.0,60000,1,False,,,20,-2.295112504463196,62e2be8480464287afdd9da98139bfcb,2019-06-06_07-17-13,1559830633,39.82765769958496,805.0036182403564,31652,steropes,169.229.49.254,"{'starting_lr': 0.005, 'momentum': 0.95, 'weight_decay': 0.0001, 'steps_per_iteration': None, 'pin': False, 'model_creator': None, 'target_batch_size': 128, 'model_string': 'resnet50', 'min_batch_size': 128, 'dataset': 'CIFAR', 'placement': None, 'use_nccl': True, 'devices_per_worker': 1, 'primary_resource': 'extra_gpu', 'gpu': False, 'verbose': False, 'lr_config': {'mode': 'log', 'steps': 5, 'initial_lr': 0.005, 'target_lr': 0.005}, 'batch_per_device': 128}",805.0036182403564,0,20,1505.4451907439375,1,10.93081021308899
0.016959476470947265,0.031752526005612146,0.0006487369537353516,0.0017847136768233745,0.027684950828552247,nan,0.0,0.047672080993652347,0.6162999749183655,2.4587433927536013,-0.6330999732017517,nan,0.0,nan,0.0,nan,0.0,0.6054199934005737,1.171340605278015,nan,0.0,0.6330999732017517,2.3874768844604493,nan,0.0,60000,1,False,,,21,-2.4587433927536013,62e2be8480464287afdd9da98139bfcb,2019-06-06_07-17-53,1559830673,39.92325520515442,844.9268734455109,31652,steropes,169.229.49.254,"{'starting_lr': 0.005, 'momentum': 0.95, 'weight_decay': 0.0001, 'steps_per_iteration': None, 'pin': False, 'model_creator': None, 'target_batch_size': 128, 'model_string': 'resnet50', 'min_batch_size': 128, 'dataset': 'CIFAR', 'placement': None, 'use_nccl': True, 'devices_per_worker': 1, 'primary_resource': 'extra_gpu', 'gpu': False, 'verbose': False, 'lr_config': {'mode': 'log', 'steps': 5, 'initial_lr': 0.005, 'target_lr': 0.005}, 'batch_per_device': 128}",844.9268734455109,0,21,1504.6195269448147,1,10.93081021308899
0.01680021286010742,0.0313266591180729,0.0006784200668334961,0.0018006236961735484,0.02752342224121094,nan,0.0,0.04732091426849365,0.6209799766540527,2.050252801418304,-0.6191999912261963,nan,0.0,nan,0.0,nan,0.0,0.6129400134086609,1.1379306797027589,nan,0.0,0.6191999912261963,1.7252681561470031,nan,0.0,60000,1,False,,,22,-2.050252801418304,62e2be8480464287afdd9da98139bfcb,2019-06-06_07-18-33,1559830713,39.93216896057129,884.8590424060822,31652,steropes,169.229.49.254,"{'starting_lr': 0.005, 'momentum': 0.95, 'weight_decay': 0.0001, 'steps_per_iteration': None, 'pin': False, 'model_creator': None, 'target_batch_size': 128, 'model_string': 'resnet50', 'min_batch_size': 128, 'dataset': 'CIFAR', 'placement': None, 'use_nccl': True, 'devices_per_worker': 1, 'primary_resource': 'extra_gpu', 'gpu': False, 'verbose': False, 'lr_config': {'mode': 'log', 'steps': 5, 'initial_lr': 0.005, 'target_lr': 0.005}, 'batch_per_device': 128}",884.8590424060822,0,22,1504.9352413811494,1,10.93081021308899
0.016854739189147948,0.03140673154517065,0.0006613492965698242,0.0018203721936706388,0.027417492866516114,nan,0.0,0.047589993476867674,0.6255999803543091,1.8187589503669739,-0.6299999952316284,nan,0.0,nan,0.0,nan,0.0,0.6195999979972839,1.1330481450653076,nan,0.0,0.6299999952316284,1.4253381422042846,nan,0.0,60000,1,False,,,23,-1.8187589503669739,62e2be8480464287afdd9da98139bfcb,2019-06-06_07-19-13,1559830753,39.87801170349121,924.7370541095734,31652,steropes,169.229.49.254,"{'starting_lr': 0.005, 'momentum': 0.95, 'weight_decay': 0.0001, 'steps_per_iteration': None, 'pin': False, 'model_creator': None, 'target_batch_size': 128, 'model_string': 'resnet50', 'min_batch_size': 128, 'dataset': 'CIFAR', 'placement': None, 'use_nccl': True, 'devices_per_worker': 1, 'primary_resource': 'extra_gpu', 'gpu': False, 'verbose': False, 'lr_config': {'mode': 'log', 'steps': 5, 'initial_lr': 0.005, 'target_lr': 0.005}, 'batch_per_device': 128}",924.7370541095734,0,23,1504.174011659822,1,10.93081021308899
0.01691315174102783,0.031307784816886806,0.0006700992584228515,0.0017710427189117197,0.027741765975952147,nan,0.0,0.047472786903381345,0.6299399852752685,1.6409756107521054,-0.6482999920845032,nan,0.0,nan,0.0,nan,0.0,0.6306399703025818,1.1118121686172486,nan,0.0,0.6482999920845032,1.20051732711792,nan,0.0,60000,1,False,,,24,-1.6409756107521054,62e2be8480464287afdd9da98139bfcb,2019-06-06_07-19-53,1559830793,39.70945692062378,964.4465110301971,31652,steropes,169.229.49.254,"{'starting_lr': 0.005, 'momentum': 0.95, 'weight_decay': 0.0001, 'steps_per_iteration': None, 'pin': False, 'model_creator': None, 'target_batch_size': 128, 'model_string': 'resnet50', 'min_batch_size': 128, 'dataset': 'CIFAR', 'placement': None, 'use_nccl': True, 'devices_per_worker': 1, 'primary_resource': 'extra_gpu', 'gpu': False, 'verbose': False, 'lr_config': {'mode': 'log', 'steps': 5, 'initial_lr': 0.005, 'target_lr': 0.005}, 'batch_per_device': 128}",964.4465110301971,0,24,1505.4867947467249,1,10.93081021308899
0.016739535331726074,0.03118888335891917,0.0006373167037963867,0.0017760970708354355,0.027365779876708983,nan,0.0,0.04727568626403809,0.6354999899864197,1.6370297601699828,-0.6468999981880188,nan,0.0,nan,0.0,nan,0.0,0.6489199995994568,1.0296433639717102,nan,0.0,0.6468999981880188,1.4465482909202576,nan,0.0,60000,1,False,,,25,-1.6370297601699828,62e2be8480464287afdd9da98139bfcb,2019-06-06_07-20-33,1559830833,39.79887843132019,1004.2453894615173,31652,steropes,169.229.49.254,"{'starting_lr': 0.005, 'momentum': 0.95, 'weight_decay': 0.0001, 'steps_per_iteration': None, 'pin': False, 'model_creator': None, 'target_batch_size': 128, 'model_string': 'resnet50', 'min_batch_size': 128, 'dataset': 'CIFAR', 'placement': None, 'use_nccl': True, 'devices_per_worker': 1, 'primary_resource': 'extra_gpu', 'gpu': False, 'verbose': False, 'lr_config': {'mode': 'log', 'steps': 5, 'initial_lr': 0.005, 'target_lr': 0.005}, 'batch_per_device': 128}",1004.2453894615173,0,25,1505.7042562154627,1,10.93081021308899
0.016713571548461915,0.03119443036332915,0.0006928682327270508,0.0018732883131412593,0.027479672431945802,nan,0.0,0.048052000999450686,0.6434599876403808,1.5272797897720336,-0.6728999614715576,nan,0.0,nan,0.0,nan,0.0,0.6595999598503113,1.0041690884399415,nan,0.0,0.6728999614715576,1.838727032470703,nan,0.0,60000,1,False,,,26,-1.5272797897720336,62e2be8480464287afdd9da98139bfcb,2019-06-06_07-21-13,1559830873,39.920127391815186,1044.1655168533325,31652,steropes,169.229.49.254,"{'starting_lr': 0.005, 'momentum': 0.95, 'weight_decay': 0.0001, 'steps_per_iteration': None, 'pin': False, 'model_creator': None, 'target_batch_size': 128, 'model_string': 'resnet50', 'min_batch_size': 128, 'dataset': 'CIFAR', 'placement': None, 'use_nccl': True, 'devices_per_worker': 1, 'primary_resource': 'extra_gpu', 'gpu': False, 'verbose': False, 'lr_config': {'mode': 'log', 'steps': 5, 'initial_lr': 0.005, 'target_lr': 0.005}, 'batch_per_device': 128}",1044.1655168533325,0,26,1505.727809258701,1,10.93081021308899
0.01699991226196289,0.03199571597425244,0.0006425619125366211,0.0017793129777054653,0.027624893188476562,nan,0.0,0.04738636016845703,0.6533999800682068,1.3806475285720825,-0.6688999533653259,nan,0.0,nan,0.0,nan,0.0,0.6679999828338623,0.9696446296310425,nan,0.0,0.6688999533653259,0.9921068501472473,nan,0.0,60000,1,False,,,27,-1.3806475285720825,62e2be8480464287afdd9da98139bfcb,2019-06-06_07-21-52,1559830912,39.87929344177246,1084.044810295105,31652,steropes,169.229.49.254,"{'starting_lr': 0.005, 'momentum': 0.95, 'weight_decay': 0.0001, 'steps_per_iteration': None, 'pin': False, 'model_creator': None, 'target_batch_size': 128, 'model_string': 'resnet50', 'min_batch_size': 128, 'dataset': 'CIFAR', 'placement': None, 'use_nccl': True, 'devices_per_worker': 1, 'primary_resource': 'extra_gpu', 'gpu': False, 'verbose': False, 'lr_config': {'mode': 'log', 'steps': 5, 'initial_lr': 0.005, 'target_lr': 0.005}, 'batch_per_device': 128}",1084.044810295105,0,27,1506.1286446581146,1,10.93081021308899
0.01718144416809082,0.0315867798237861,0.0006823301315307617,0.0017693829353508132,0.027501487731933595,nan,0.0,0.0468170166015625,0.660979974269867,1.3952646757507323,-0.6678999662399292,nan,0.0,nan,0.0,nan,0.0,0.6570000052452087,1.0004224754714965,nan,0.0,0.6678999662399292,1.498423878097534,nan,0.0,60000,1,False,,,28,-1.3952646757507323,62e2be8480464287afdd9da98139bfcb,2019-06-06_07-22-32,1559830952,39.85125756263733,1123.8960678577423,31652,steropes,169.229.49.254,"{'starting_lr': 0.005, 'momentum': 0.95, 'weight_decay': 0.0001, 'steps_per_iteration': None, 'pin': False, 'model_creator': None, 'target_batch_size': 128, 'model_string': 'resnet50', 'min_batch_size': 128, 'dataset': 'CIFAR', 'placement': None, 'use_nccl': True, 'devices_per_worker': 1, 'primary_resource': 'extra_gpu', 'gpu': False, 'verbose': False, 'lr_config': {'mode': 'log', 'steps': 5, 'initial_lr': 0.005, 'target_lr': 0.005}, 'batch_per_device': 128}",1123.8960678577423,0,28,1506.330983529152,1,10.93081021308899
0.01699783802032471,0.03116099442107768,0.0006674766540527344,0.0017930985716602687,0.027855491638183592,nan,0.0,0.047995781898498534,0.6698999762535095,1.3573077130889892,-0.6929000020027161,nan,0.0,nan,0.0,nan,0.0,0.673799991607666,0.9553900645828247,nan,0.0,0.6929000020027161,1.010732513809204,nan,0.0,60000,1,False,,,29,-1.3573077130889892,62e2be8480464287afdd9da98139bfcb,2019-06-06_07-23-12,1559830992,39.81831431388855,1163.7143821716309,31652,steropes,169.229.49.254,"{'starting_lr': 0.005, 'momentum': 0.95, 'weight_decay': 0.0001, 'steps_per_iteration': None, 'pin': False, 'model_creator': None, 'target_batch_size': 128, 'model_string': 'resnet50', 'min_batch_size': 128, 'dataset': 'CIFAR', 'placement': None, 'use_nccl': True, 'devices_per_worker': 1, 'primary_resource': 'extra_gpu', 'gpu': False, 'verbose': False, 'lr_config': {'mode': 'log', 'steps': 5, 'initial_lr': 0.005, 'target_lr': 0.005}, 'batch_per_device': 128}",1163.7143821716309,0,29,1505.5080479342278,1,10.93081021308899
0.01700897216796875,0.03164184244373177,0.0006489038467407226,0.0018887483250454565,0.02743527889251709,nan,0.0,0.04764621257781983,0.679099977016449,1.243428854866028,-0.6929000020027161,nan,0.0,nan,0.0,nan,0.0,0.6899999976158142,0.9026197703552246,nan,0.0,0.6929000020027161,0.8771539998054504,nan,0.0,60000,1,False,,,30,-1.243428854866028,62e2be8480464287afdd9da98139bfcb,2019-06-06_07-23-52,1559831032,39.93967342376709,1203.654055595398,31652,steropes,169.229.49.254,"{'starting_lr': 0.005, 'momentum': 0.95, 'weight_decay': 0.0001, 'steps_per_iteration': None, 'pin': False, 'model_creator': None, 'target_batch_size': 128, 'model_string': 'resnet50', 'min_batch_size': 128, 'dataset': 'CIFAR', 'placement': None, 'use_nccl': True, 'devices_per_worker': 1, 'primary_resource': 'extra_gpu', 'gpu': False, 'verbose': False, 'lr_config': {'mode': 'log', 'steps': 5, 'initial_lr': 0.005, 'target_lr': 0.005}, 'batch_per_device': 128}",1203.654055595398,0,30,1504.4450654576515,1,10.93081021308899
0.01663525104522705,0.031106722505786753,0.0006713628768920899,0.0017788794339465364,0.027358222007751464,nan,0.0,0.047783064842224124,0.6723999857902527,1.0812513328552247,-0.6394000053405762,nan,0.0,nan,0.0,nan,0.0,0.6838600039482117,0.9277071179962159,nan,0.0,0.6394000053405762,1.027839422416687,nan,0.0,60000,1,False,,,31,-1.0812513328552247,62e2be8480464287afdd9da98139bfcb,2019-06-06_07-24-32,1559831072,39.793951988220215,1243.4480075836182,31652,steropes,169.229.49.254,"{'starting_lr': 0.005, 'momentum': 0.95, 'weight_decay': 0.0001, 'steps_per_iteration': None, 'pin': False, 'model_creator': None, 'target_batch_size': 128, 'model_string': 'resnet50', 'min_batch_size': 128, 'dataset': 'CIFAR', 'placement': None, 'use_nccl': True, 'devices_per_worker': 1, 'primary_resource': 'extra_gpu', 'gpu': False, 'verbose': False, 'lr_config': {'mode': 'log', 'steps': 5, 'initial_lr': 0.005, 'target_lr': 0.005}, 'batch_per_device': 128}",1243.4480075836182,0,31,1505.3976942410115,1,10.93081021308899
0.016775131225585938,0.03188396103774445,0.0007071256637573242,0.001769878675260812,0.02792973518371582,nan,0.0,0.047164416313171385,0.6164199948310852,1.7865351021385194,-0.3889999985694885,nan,0.0,nan,0.0,nan,0.0,0.665399968624115,0.9783155112075805,nan,0.0,0.3889999985694885,4.518525696563721,nan,0.0,60000,1,True,,,32,-1.7865351021385194,62e2be8480464287afdd9da98139bfcb,2019-06-06_07-25-12,1559831112,39.94751763343811,1283.3955252170563,31652,steropes,169.229.49.254,"{'starting_lr': 0.005, 'momentum': 0.95, 'weight_decay': 0.0001, 'steps_per_iteration': None, 'pin': False, 'model_creator': None, 'target_batch_size': 128, 'model_string': 'resnet50', 'min_batch_size': 128, 'dataset': 'CIFAR', 'placement': None, 'use_nccl': True, 'devices_per_worker': 1, 'primary_resource': 'extra_gpu', 'gpu': False, 'verbose': False, 'lr_config': {'mode': 'log', 'steps': 5, 'initial_lr': 0.005, 'target_lr': 0.005}, 'batch_per_device': 128}",1283.3955252170563,0,32,1504.8824928212819,1,10.93081021308899
