{"apply": 0.016882824897766113, "batch_time": 0.04383192786687537, "d2h": 0.0006455183029174805, "data_time": 0.0018513129495293893, "fwd": 0.11522498130798339, "get_state_time_mean": NaN, "get_state_time_total": 0.0, "grad": 0.203286075592041, "mean_accuracy": 0.2667999863624573, "mean_loss": 11.677750786209106, "neg_mean_accuracy": -0.2667999863624573, "set_state_time_mean": NaN, "set_state_time_total": 0.0, "setup_model_time_mean": 10.676379680633545, "setup_model_time_total": 10.676379680633545, "setup_proc_time_mean": 0.1343381404876709, "setup_proc_time_total": 0.1343381404876709, "train_accuracy": 0.2516799867153168, "train_loss": 2.7067356464385988, "training_time_mean": NaN, "training_time_total": 0.0, "val_accuracy": 0.2667999863624573, "val_loss": 11.677750786209106, "validation_time_mean": NaN, "validation_time_total": 0.0, "samples": 60000, "num_workers": 1, "done": false, "timesteps_total": null, "episodes_total": null, "training_iteration": 1, "neg_mean_loss": -11.677750786209106, "experiment_id": "62e2be8480464287afdd9da98139bfcb", "date": "2019-06-06_07-04-34", "timestamp": 1559829874, "time_this_iter_s": 45.99320030212402, "time_total_s": 45.99320030212402, "pid": 31652, "hostname": "steropes", "node_ip": "169.229.49.254", "config": {"starting_lr": 0.005, "momentum": 0.95, "weight_decay": 0.0001, "steps_per_iteration": null, "pin": false, "model_creator": null, "target_batch_size": 128, "model_string": "resnet50", "min_batch_size": 128, "dataset": "CIFAR", "placement": null, "use_nccl": true, "devices_per_worker": 1, "primary_resource": "extra_gpu", "gpu": false, "verbose": false, "lr_config": {"mode": "log", "steps": 5, "initial_lr": 0.005, "target_lr": 0.005}, "batch_per_device": 128}, "time_since_restore": 45.99320030212402, "timesteps_since_restore": 0, "iterations_since_restore": 1, "mean_throughput": 1304.5365916779065, "atoms": 1, "setup_time": 10.93081021308899}
{"apply": 0.0171872615814209, "batch_time": 0.03129127659375155, "d2h": 0.000690913200378418, "data_time": 0.0018143666064952646, "fwd": 0.02766141891479492, "get_state_time_mean": NaN, "get_state_time_total": 0.0, "grad": 0.04692442417144775, "mean_accuracy": 0.33674998581409454, "mean_loss": 6.799124427700042, "neg_mean_accuracy": -0.4066999852657318, "set_state_time_mean": NaN, "set_state_time_total": 0.0, "setup_model_time_mean": NaN, "setup_model_time_total": 0.0, "setup_proc_time_mean": NaN, "setup_proc_time_total": 0.0, "train_accuracy": 0.3423599898815155, "train_loss": 2.1804511335754393, "training_time_mean": NaN, "training_time_total": 0.0, "val_accuracy": 0.4066999852657318, "val_loss": 1.920498069190979, "validation_time_mean": NaN, "validation_time_total": 0.0, "samples": 60000, "num_workers": 1, "done": false, "timesteps_total": null, "episodes_total": null, "training_iteration": 2, "neg_mean_loss": -6.799124427700042, "experiment_id": "62e2be8480464287afdd9da98139bfcb", "date": "2019-06-06_07-05-14", "timestamp": 1559829914, "time_this_iter_s": 40.13975739479065, "time_total_s": 86.13295769691467, "pid": 31652, "hostname": "steropes", "node_ip": "169.229.49.254", "config": {"starting_lr": 0.005, "momentum": 0.95, "weight_decay": 0.0001, "steps_per_iteration": null, "pin": false, "model_creator": null, "target_batch_size": 128, "model_string": "resnet50", "min_batch_size": 128, "dataset": "CIFAR", "placement": null, "use_nccl": true, "devices_per_worker": 1, "primary_resource": "extra_gpu", "gpu": false, "verbose": false, "lr_config": {"mode": "log", "steps": 5, "initial_lr": 0.005, "target_lr": 0.005}, "batch_per_device": 128}, "time_since_restore": 86.13295769691467, "timesteps_since_restore": 0, "iterations_since_restore": 2, "mean_throughput": 1393.1912860640032, "atoms": 1, "setup_time": 10.93081021308899}
{"apply": 0.018018126487731934, "batch_time": 0.03177184092847607, "d2h": 0.0006650924682617187, "data_time": 0.0018243490887419952, "fwd": 0.027658987045288085, "get_state_time_mean": NaN, "get_state_time_total": 0.0, "grad": 0.046797752380371094, "mean_accuracy": 0.3611999849478404, "mean_loss": 6.410103794606527, "neg_mean_accuracy": -0.41009998321533203, "set_state_time_mean": NaN, "set_state_time_total": 0.0, "setup_model_time_mean": NaN, "setup_model_time_total": 0.0, "setup_proc_time_mean": NaN, "setup_proc_time_total": 0.0, "train_accuracy": 0.38871997594833374, "train_loss": 2.020587742538452, "training_time_mean": NaN, "training_time_total": 0.0, "val_accuracy": 0.41009998321533203, "val_loss": 5.632062528419494, "validation_time_mean": NaN, "validation_time_total": 0.0, "samples": 60000, "num_workers": 1, "done": false, "timesteps_total": null, "episodes_total": null, "training_iteration": 3, "neg_mean_loss": -6.410103794606527, "experiment_id": "62e2be8480464287afdd9da98139bfcb", "date": "2019-06-06_07-05-55", "timestamp": 1559829955, "time_this_iter_s": 40.22734022140503, "time_total_s": 126.3602979183197, "pid": 31652, "hostname": "steropes", "node_ip": "169.229.49.254", "config": {"starting_lr": 0.005, "momentum": 0.95, "weight_decay": 0.0001, "steps_per_iteration": null, "pin": false, "model_creator": null, "target_batch_size": 128, "model_string": "resnet50", "min_batch_size": 128, "dataset": "CIFAR", "placement": null, "use_nccl": true, "devices_per_worker": 1, "primary_resource": "extra_gpu", "gpu": false, "verbose": false, "lr_config": {"mode": "log", "steps": 5, "initial_lr": 0.005, "target_lr": 0.005}, "batch_per_device": 128}, "time_since_restore": 126.3602979183197, "timesteps_since_restore": 0, "iterations_since_restore": 3, "mean_throughput": 1424.4946014488385, "atoms": 1, "setup_time": 10.93081021308899}
{"apply": 0.01700260639190674, "batch_time": 0.031579334524613395, "d2h": 0.0007597684860229492, "data_time": 0.0017994956287276714, "fwd": 0.027767276763916014, "get_state_time_mean": NaN, "get_state_time_total": 0.0, "grad": 0.04756860733032227, "mean_accuracy": 0.38487498462200165, "mean_loss": 5.179188820171356, "neg_mean_accuracy": -0.4558999836444855, "set_state_time_mean": NaN, "set_state_time_total": 0.0, "setup_model_time_mean": NaN, "setup_model_time_total": 0.0, "setup_proc_time_mean": NaN, "setup_proc_time_total": 0.0, "train_accuracy": 0.3822999894618988, "train_loss": 1.9711621237945556, "training_time_mean": NaN, "training_time_total": 0.0, "val_accuracy": 0.4558999836444855, "val_loss": 1.4864438968658447, "validation_time_mean": NaN, "validation_time_total": 0.0, "samples": 60000, "num_workers": 1, "done": false, "timesteps_total": null, "episodes_total": null, "training_iteration": 4, "neg_mean_loss": -5.179188820171356, "experiment_id": "62e2be8480464287afdd9da98139bfcb", "date": "2019-06-06_07-06-35", "timestamp": 1559829995, "time_this_iter_s": 40.10654878616333, "time_total_s": 166.46684670448303, "pid": 31652, "hostname": "steropes", "node_ip": "169.229.49.254", "config": {"starting_lr": 0.005, "momentum": 0.95, "weight_decay": 0.0001, "steps_per_iteration": null, "pin": false, "model_creator": null, "target_batch_size": 128, "model_string": "resnet50", "min_batch_size": 128, "dataset": "CIFAR", "placement": null, "use_nccl": true, "devices_per_worker": 1, "primary_resource": "extra_gpu", "gpu": false, "verbose": false, "lr_config": {"mode": "log", "steps": 5, "initial_lr": 0.005, "target_lr": 0.005}, "batch_per_device": 128}, "time_since_restore": 166.46684670448303, "timesteps_since_restore": 0, "iterations_since_restore": 4, "mean_throughput": 1441.725161396248, "atoms": 1, "setup_time": 10.93081021308899}
{"apply": 0.01670546531677246, "batch_time": 0.03162672851659075, "d2h": 0.0006503105163574219, "data_time": 0.0018104866642476348, "fwd": 0.027526235580444335, "get_state_time_mean": NaN, "get_state_time_total": 0.0, "grad": 0.04655008316040039, "mean_accuracy": 0.4034799873828888, "mean_loss": 4.4313129024505615, "neg_mean_accuracy": -0.4778999984264374, "set_state_time_mean": NaN, "set_state_time_total": 0.0, "setup_model_time_mean": NaN, "setup_model_time_total": 0.0, "setup_proc_time_mean": NaN, "setup_proc_time_total": 0.0, "train_accuracy": 0.42277997732162476, "train_loss": 1.81515842502594, "training_time_mean": NaN, "training_time_total": 0.0, "val_accuracy": 0.4778999984264374, "val_loss": 1.4398092315673827, "validation_time_mean": NaN, "validation_time_total": 0.0, "samples": 60000, "num_workers": 1, "done": false, "timesteps_total": null, "episodes_total": null, "training_iteration": 5, "neg_mean_loss": -4.4313129024505615, "experiment_id": "62e2be8480464287afdd9da98139bfcb", "date": "2019-06-06_07-07-15", "timestamp": 1559830035, "time_this_iter_s": 39.976630210876465, "time_total_s": 206.4434769153595, "pid": 31652, "hostname": "steropes", "node_ip": "169.229.49.254", "config": {"starting_lr": 0.005, "momentum": 0.95, "weight_decay": 0.0001, "steps_per_iteration": null, "pin": false, "model_creator": null, "target_batch_size": 128, "model_string": "resnet50", "min_batch_size": 128, "dataset": "CIFAR", "placement": null, "use_nccl": true, "devices_per_worker": 1, "primary_resource": "extra_gpu", "gpu": false, "verbose": false, "lr_config": {"mode": "log", "steps": 5, "initial_lr": 0.005, "target_lr": 0.005}, "batch_per_device": 128}, "time_since_restore": 206.4434769153595, "timesteps_since_restore": 0, "iterations_since_restore": 5, "mean_throughput": 1453.178980309085, "atoms": 1, "setup_time": 10.93081021308899}
{"apply": 0.01654860973358154, "batch_time": 0.03185449672650687, "d2h": 0.000641632080078125, "data_time": 0.0018069433129352071, "fwd": 0.027066874504089355, "get_state_time_mean": NaN, "get_state_time_total": 0.0, "grad": 0.04714071750640869, "mean_accuracy": 0.4492199897766113, "mean_loss": 2.372902796516418, "neg_mean_accuracy": -0.49549999833106995, "set_state_time_mean": NaN, "set_state_time_total": 0.0, "setup_model_time_mean": NaN, "setup_model_time_total": 0.0, "setup_proc_time_mean": NaN, "setup_proc_time_total": 0.0, "train_accuracy": 0.4359799921512604, "train_loss": 1.695593328666687, "training_time_mean": NaN, "training_time_total": 0.0, "val_accuracy": 0.49549999833106995, "val_loss": 1.3857002565383911, "validation_time_mean": NaN, "validation_time_total": 0.0, "samples": 60000, "num_workers": 1, "done": false, "timesteps_total": null, "episodes_total": null, "training_iteration": 6, "neg_mean_loss": -2.372902796516418, "experiment_id": "62e2be8480464287afdd9da98139bfcb", "date": "2019-06-06_07-07-55", "timestamp": 1559830075, "time_this_iter_s": 40.136364698410034, "time_total_s": 246.57984161376953, "pid": 31652, "hostname": "steropes", "node_ip": "169.229.49.254", "config": {"starting_lr": 0.005, "momentum": 0.95, "weight_decay": 0.0001, "steps_per_iteration": null, "pin": false, "model_creator": null, "target_batch_size": 128, "model_string": "resnet50", "min_batch_size": 128, "dataset": "CIFAR", "placement": null, "use_nccl": true, "devices_per_worker": 1, "primary_resource": "extra_gpu", "gpu": false, "verbose": false, "lr_config": {"mode": "log", "steps": 5, "initial_lr": 0.005, "target_lr": 0.005}, "batch_per_device": 128}, "time_since_restore": 246.57984161376953, "timesteps_since_restore": 0, "iterations_since_restore": 6, "mean_throughput": 1495.6100536706804, "atoms": 1, "setup_time": 10.93081021308899}
{"apply": 0.016752195358276368, "batch_time": 0.03138258185567735, "d2h": 0.0006679296493530273, "data_time": 0.0017727165270949264, "fwd": 0.02738299369812012, "get_state_time_mean": NaN, "get_state_time_total": 0.0, "grad": 0.049945735931396486, "mean_accuracy": 0.4693799912929535, "mean_loss": 2.284444018058777, "neg_mean_accuracy": -0.5074999928474426, "set_state_time_mean": NaN, "set_state_time_total": 0.0, "setup_model_time_mean": NaN, "setup_model_time_total": 0.0, "setup_proc_time_mean": NaN, "setup_proc_time_total": 0.0, "train_accuracy": 0.45323997735977173, "train_loss": 1.7097189010238647, "training_time_mean": NaN, "training_time_total": 0.0, "val_accuracy": 0.5074999928474426, "val_loss": 1.478204176902771, "validation_time_mean": NaN, "validation_time_total": 0.0, "samples": 60000, "num_workers": 1, "done": false, "timesteps_total": null, "episodes_total": null, "training_iteration": 7, "neg_mean_loss": -2.284444018058777, "experiment_id": "62e2be8480464287afdd9da98139bfcb", "date": "2019-06-06_07-08-35", "timestamp": 1559830115, "time_this_iter_s": 40.05235528945923, "time_total_s": 286.63219690322876, "pid": 31652, "hostname": "steropes", "node_ip": "169.229.49.254", "config": {"starting_lr": 0.005, "momentum": 0.95, "weight_decay": 0.0001, "steps_per_iteration": null, "pin": false, "model_creator": null, "target_batch_size": 128, "model_string": "resnet50", "min_batch_size": 128, "dataset": "CIFAR", "placement": null, "use_nccl": true, "devices_per_worker": 1, "primary_resource": "extra_gpu", "gpu": false, "verbose": false, "lr_config": {"mode": "log", "steps": 5, "initial_lr": 0.005, "target_lr": 0.005}, "batch_per_device": 128}, "time_since_restore": 286.63219690322876, "timesteps_since_restore": 0, "iterations_since_restore": 7, "mean_throughput": 1496.262027590756, "atoms": 1, "setup_time": 10.93081021308899}
{"apply": 0.016820263862609864, "batch_time": 0.031150066399876074, "d2h": 0.0006308794021606445, "data_time": 0.0017718957818072774, "fwd": 0.027481818199157716, "get_state_time_mean": NaN, "get_state_time_total": 0.0, "grad": 0.04677596092224121, "mean_accuracy": 0.494299989938736, "mean_loss": 1.4153491444778443, "neg_mean_accuracy": -0.5346999764442444, "set_state_time_mean": NaN, "set_state_time_total": 0.0, "setup_model_time_mean": NaN, "setup_model_time_total": 0.0, "setup_proc_time_mean": NaN, "setup_proc_time_total": 0.0, "train_accuracy": 0.4757999777793884, "train_loss": 1.6158625717544555, "training_time_mean": NaN, "training_time_total": 0.0, "val_accuracy": 0.5346999764442444, "val_loss": 1.2865881605148315, "validation_time_mean": NaN, "validation_time_total": 0.0, "samples": 60000, "num_workers": 1, "done": false, "timesteps_total": null, "episodes_total": null, "training_iteration": 8, "neg_mean_loss": -1.4153491444778443, "experiment_id": "62e2be8480464287afdd9da98139bfcb", "date": "2019-06-06_07-09-15", "timestamp": 1559830155, "time_this_iter_s": 39.82674980163574, "time_total_s": 326.4589467048645, "pid": 31652, "hostname": "steropes", "node_ip": "169.229.49.254", "config": {"starting_lr": 0.005, "momentum": 0.95, "weight_decay": 0.0001, "steps_per_iteration": null, "pin": false, "model_creator": null, "target_batch_size": 128, "model_string": "resnet50", "min_batch_size": 128, "dataset": "CIFAR", "placement": null, "use_nccl": true, "devices_per_worker": 1, "primary_resource": "extra_gpu", "gpu": false, "verbose": false, "lr_config": {"mode": "log", "steps": 5, "initial_lr": 0.005, "target_lr": 0.005}, "batch_per_device": 128}, "time_since_restore": 326.4589467048645, "timesteps_since_restore": 0, "iterations_since_restore": 8, "mean_throughput": 1499.2574888167214, "atoms": 1, "setup_time": 10.93081021308899}
{"apply": 0.01708266735076904, "batch_time": 0.031480125234096865, "d2h": 0.0006307125091552735, "data_time": 0.0017986480537277962, "fwd": 0.02780613899230957, "get_state_time_mean": NaN, "get_state_time_total": 0.0, "grad": 0.04763808250427246, "mean_accuracy": 0.5081199884414673, "mean_loss": 1.377495361061096, "neg_mean_accuracy": -0.5249999761581421, "set_state_time_mean": NaN, "set_state_time_total": 0.0, "setup_model_time_mean": NaN, "setup_model_time_total": 0.0, "setup_proc_time_mean": NaN, "setup_proc_time_total": 0.0, "train_accuracy": 0.4997600018978119, "train_loss": 1.530946589126587, "training_time_mean": NaN, "training_time_total": 0.0, "val_accuracy": 0.5249999761581421, "val_loss": 1.2971749797821044, "validation_time_mean": NaN, "validation_time_total": 0.0, "samples": 60000, "num_workers": 1, "done": false, "timesteps_total": null, "episodes_total": null, "training_iteration": 9, "neg_mean_loss": -1.377495361061096, "experiment_id": "62e2be8480464287afdd9da98139bfcb", "date": "2019-06-06_07-09-55", "timestamp": 1559830195, "time_this_iter_s": 39.86112904548645, "time_total_s": 366.32007575035095, "pid": 31652, "hostname": "steropes", "node_ip": "169.229.49.254", "config": {"starting_lr": 0.005, "momentum": 0.95, "weight_decay": 0.0001, "steps_per_iteration": null, "pin": false, "model_creator": null, "target_batch_size": 128, "model_string": "resnet50", "min_batch_size": 128, "dataset": "CIFAR", "placement": null, "use_nccl": true, "devices_per_worker": 1, "primary_resource": "extra_gpu", "gpu": false, "verbose": false, "lr_config": {"mode": "log", "steps": 5, "initial_lr": 0.005, "target_lr": 0.005}, "batch_per_device": 128}, "time_since_restore": 366.32007575035095, "timesteps_since_restore": 0, "iterations_since_restore": 9, "mean_throughput": 1501.0980448537819, "atoms": 1, "setup_time": 10.93081021308899}
{"apply": 0.01691901683807373, "batch_time": 0.03135736380951314, "d2h": 0.0006665706634521485, "data_time": 0.0017605596186254944, "fwd": 0.02744309902191162, "get_state_time_mean": NaN, "get_state_time_total": 0.0, "grad": 0.0478252649307251, "mean_accuracy": 0.5171199858188629, "mean_loss": 1.3603936899948121, "neg_mean_accuracy": -0.5228999853134155, "set_state_time_mean": NaN, "set_state_time_total": 0.0, "setup_model_time_mean": NaN, "setup_model_time_total": 0.0, "setup_proc_time_mean": NaN, "setup_proc_time_total": 0.0, "train_accuracy": 0.50382000207901, "train_loss": 1.5412059516906738, "training_time_mean": NaN, "training_time_total": 0.0, "val_accuracy": 0.5228999853134155, "val_loss": 1.3543008762359618, "validation_time_mean": NaN, "validation_time_total": 0.0, "samples": 60000, "num_workers": 1, "done": false, "timesteps_total": null, "episodes_total": null, "training_iteration": 10, "neg_mean_loss": -1.3603936899948121, "experiment_id": "62e2be8480464287afdd9da98139bfcb", "date": "2019-06-06_07-10-34", "timestamp": 1559830234, "time_this_iter_s": 39.722060203552246, "time_total_s": 406.0421359539032, "pid": 31652, "hostname": "steropes", "node_ip": "169.229.49.254", "config": {"starting_lr": 0.005, "momentum": 0.95, "weight_decay": 0.0001, "steps_per_iteration": null, "pin": false, "model_creator": null, "target_batch_size": 128, "model_string": "resnet50", "min_batch_size": 128, "dataset": "CIFAR", "placement": null, "use_nccl": true, "devices_per_worker": 1, "primary_resource": "extra_gpu", "gpu": false, "verbose": false, "lr_config": {"mode": "log", "steps": 5, "initial_lr": 0.005, "target_lr": 0.005}, "batch_per_device": 128}, "time_since_restore": 406.0421359539032, "timesteps_since_restore": 0, "iterations_since_restore": 10, "mean_throughput": 1503.0125387347812, "atoms": 1, "setup_time": 10.93081021308899}
{"apply": 0.01692647933959961, "batch_time": 0.03182545794716364, "d2h": 0.0006760835647583007, "data_time": 0.0017599663161255818, "fwd": 0.02796764373779297, "get_state_time_mean": NaN, "get_state_time_total": 0.0, "grad": 0.04722814559936524, "mean_accuracy": 0.5300199866294861, "mean_loss": 1.3280105984115598, "neg_mean_accuracy": -0.5600000023841858, "set_state_time_mean": NaN, "set_state_time_total": 0.0, "setup_model_time_mean": NaN, "setup_model_time_total": 0.0, "setup_proc_time_mean": NaN, "setup_proc_time_total": 0.0, "train_accuracy": 0.5073599815368652, "train_loss": 1.5074031342697143, "training_time_mean": NaN, "training_time_total": 0.0, "val_accuracy": 0.5600000023841858, "val_loss": 1.2237847986221313, "validation_time_mean": NaN, "validation_time_total": 0.0, "samples": 60000, "num_workers": 1, "done": false, "timesteps_total": null, "episodes_total": null, "training_iteration": 11, "neg_mean_loss": -1.3280105984115598, "experiment_id": "62e2be8480464287afdd9da98139bfcb", "date": "2019-06-06_07-11-14", "timestamp": 1559830274, "time_this_iter_s": 39.78391242027283, "time_total_s": 445.826048374176, "pid": 31652, "hostname": "steropes", "node_ip": "169.229.49.254", "config": {"starting_lr": 0.005, "momentum": 0.95, "weight_decay": 0.0001, "steps_per_iteration": null, "pin": false, "model_creator": null, "target_batch_size": 128, "model_string": "resnet50", "min_batch_size": 128, "dataset": "CIFAR", "placement": null, "use_nccl": true, "devices_per_worker": 1, "primary_resource": "extra_gpu", "gpu": false, "verbose": false, "lr_config": {"mode": "log", "steps": 5, "initial_lr": 0.005, "target_lr": 0.005}, "batch_per_device": 128}, "time_since_restore": 445.826048374176, "timesteps_since_restore": 0, "iterations_since_restore": 11, "mean_throughput": 1505.6712269801953, "atoms": 1, "setup_time": 10.93081021308899}
{"apply": 0.017228031158447267, "batch_time": 0.03227240526223484, "d2h": 0.000653839111328125, "data_time": 0.0017949540901671896, "fwd": 0.02805185317993164, "get_state_time_mean": NaN, "get_state_time_total": 0.0, "grad": 0.047879362106323244, "mean_accuracy": 0.54339998960495, "mean_loss": 1.2911609587860107, "neg_mean_accuracy": -0.574400007724762, "set_state_time_mean": NaN, "set_state_time_total": 0.0, "setup_model_time_mean": NaN, "setup_model_time_total": 0.0, "setup_proc_time_mean": NaN, "setup_proc_time_total": 0.0, "train_accuracy": 0.5317400097846985, "train_loss": 1.435241245956421, "training_time_mean": NaN, "training_time_total": 0.0, "val_accuracy": 0.574400007724762, "val_loss": 1.2939559787750243, "validation_time_mean": NaN, "validation_time_total": 0.0, "samples": 60000, "num_workers": 1, "done": false, "timesteps_total": null, "episodes_total": null, "training_iteration": 12, "neg_mean_loss": -1.2911609587860107, "experiment_id": "62e2be8480464287afdd9da98139bfcb", "date": "2019-06-06_07-11-54", "timestamp": 1559830314, "time_this_iter_s": 39.98568534851074, "time_total_s": 485.81173372268677, "pid": 31652, "hostname": "steropes", "node_ip": "169.229.49.254", "config": {"starting_lr": 0.005, "momentum": 0.95, "weight_decay": 0.0001, "steps_per_iteration": null, "pin": false, "model_creator": null, "target_batch_size": 128, "model_string": "resnet50", "min_batch_size": 128, "dataset": "CIFAR", "placement": null, "use_nccl": true, "devices_per_worker": 1, "primary_resource": "extra_gpu", "gpu": false, "verbose": false, "lr_config": {"mode": "log", "steps": 5, "initial_lr": 0.005, "target_lr": 0.005}, "batch_per_device": 128}, "time_since_restore": 485.81173372268677, "timesteps_since_restore": 0, "iterations_since_restore": 12, "mean_throughput": 1506.1752065229566, "atoms": 1, "setup_time": 10.93081021308899}
{"apply": 0.017177605628967287, "batch_time": 0.03161321712445609, "d2h": 0.0006773710250854492, "data_time": 0.0018017993253820082, "fwd": 0.027774453163146973, "get_state_time_mean": NaN, "get_state_time_total": 0.0, "grad": 0.04717683792114258, "mean_accuracy": 0.5386199951171875, "mean_loss": 1.3561954681777952, "neg_mean_accuracy": -0.5108000040054321, "set_state_time_mean": NaN, "set_state_time_total": 0.0, "setup_model_time_mean": NaN, "setup_model_time_total": 0.0, "setup_proc_time_mean": NaN, "setup_proc_time_total": 0.0, "train_accuracy": 0.42775997519493103, "train_loss": 1.6900713346099854, "training_time_mean": NaN, "training_time_total": 0.0, "val_accuracy": 0.5108000040054321, "val_loss": 1.6117607074737548, "validation_time_mean": NaN, "validation_time_total": 0.0, "samples": 60000, "num_workers": 1, "done": false, "timesteps_total": null, "episodes_total": null, "training_iteration": 13, "neg_mean_loss": -1.3561954681777952, "experiment_id": "62e2be8480464287afdd9da98139bfcb", "date": "2019-06-06_07-12-34", "timestamp": 1559830354, "time_this_iter_s": 40.000852823257446, "time_total_s": 525.8125865459442, "pid": 31652, "hostname": "steropes", "node_ip": "169.229.49.254", "config": {"starting_lr": 0.005, "momentum": 0.95, "weight_decay": 0.0001, "steps_per_iteration": null, "pin": false, "model_creator": null, "target_batch_size": 128, "model_string": "resnet50", "min_batch_size": 128, "dataset": "CIFAR", "placement": null, "use_nccl": true, "devices_per_worker": 1, "primary_resource": "extra_gpu", "gpu": false, "verbose": false, "lr_config": {"mode": "log", "steps": 5, "initial_lr": 0.005, "target_lr": 0.005}, "batch_per_device": 128}, "time_since_restore": 525.8125865459442, "timesteps_since_restore": 0, "iterations_since_restore": 13, "mean_throughput": 1504.8598102956366, "atoms": 1, "setup_time": 10.93081021308899}
{"apply": 0.01711766719818115, "batch_time": 0.03154451635819447, "d2h": 0.0007332801818847656, "data_time": 0.0019418577403973437, "fwd": 0.02786123752593994, "get_state_time_mean": NaN, "get_state_time_total": 0.0, "grad": 0.047281193733215335, "mean_accuracy": 0.539079999923706, "mean_loss": 1.642982131385803, "neg_mean_accuracy": -0.5273000001907349, "set_state_time_mean": NaN, "set_state_time_total": 0.0, "setup_model_time_mean": NaN, "setup_model_time_total": 0.0, "setup_proc_time_mean": NaN, "setup_proc_time_total": 0.0, "train_accuracy": 0.4825799763202667, "train_loss": 1.5297579488372803, "training_time_mean": NaN, "training_time_total": 0.0, "val_accuracy": 0.5273000001907349, "val_loss": 2.7311082958221435, "validation_time_mean": NaN, "validation_time_total": 0.0, "samples": 60000, "num_workers": 1, "done": false, "timesteps_total": null, "episodes_total": null, "training_iteration": 14, "neg_mean_loss": -1.642982131385803, "experiment_id": "62e2be8480464287afdd9da98139bfcb", "date": "2019-06-06_07-13-14", "timestamp": 1559830394, "time_this_iter_s": 40.06612181663513, "time_total_s": 565.8787083625793, "pid": 31652, "hostname": "steropes", "node_ip": "169.229.49.254", "config": {"starting_lr": 0.005, "momentum": 0.95, "weight_decay": 0.0001, "steps_per_iteration": null, "pin": false, "model_creator": null, "target_batch_size": 128, "model_string": "resnet50", "min_batch_size": 128, "dataset": "CIFAR", "placement": null, "use_nccl": true, "devices_per_worker": 1, "primary_resource": "extra_gpu", "gpu": false, "verbose": false, "lr_config": {"mode": "log", "steps": 5, "initial_lr": 0.005, "target_lr": 0.005}, "batch_per_device": 128}, "time_since_restore": 565.8787083625793, "timesteps_since_restore": 0, "iterations_since_restore": 14, "mean_throughput": 1503.3144929342936, "atoms": 1, "setup_time": 10.93081021308899}
{"apply": 0.01689157485961914, "batch_time": 0.03142205974723719, "d2h": 0.0007729768753051758, "data_time": 0.0017925479527934433, "fwd": 0.02741401195526123, "get_state_time_mean": NaN, "get_state_time_total": 0.0, "grad": 0.047770214080810544, "mean_accuracy": 0.5467399954795837, "mean_loss": 1.6198140475845335, "neg_mean_accuracy": -0.561199963092804, "set_state_time_mean": NaN, "set_state_time_total": 0.0, "setup_model_time_mean": NaN, "setup_model_time_total": 0.0, "setup_proc_time_mean": NaN, "setup_proc_time_total": 0.0, "train_accuracy": 0.5107200145721436, "train_loss": 1.4365071813201904, "training_time_mean": NaN, "training_time_total": 0.0, "val_accuracy": 0.561199963092804, "val_loss": 1.2384604572296143, "validation_time_mean": NaN, "validation_time_total": 0.0, "samples": 60000, "num_workers": 1, "done": false, "timesteps_total": null, "episodes_total": null, "training_iteration": 15, "neg_mean_loss": -1.6198140475845335, "experiment_id": "62e2be8480464287afdd9da98139bfcb", "date": "2019-06-06_07-13-54", "timestamp": 1559830434, "time_this_iter_s": 39.84872651100159, "time_total_s": 605.7274348735809, "pid": 31652, "hostname": "steropes", "node_ip": "169.229.49.254", "config": {"starting_lr": 0.005, "momentum": 0.95, "weight_decay": 0.0001, "steps_per_iteration": null, "pin": false, "model_creator": null, "target_batch_size": 128, "model_string": "resnet50", "min_batch_size": 128, "dataset": "CIFAR", "placement": null, "use_nccl": true, "devices_per_worker": 1, "primary_resource": "extra_gpu", "gpu": false, "verbose": false, "lr_config": {"mode": "log", "steps": 5, "initial_lr": 0.005, "target_lr": 0.005}, "batch_per_device": 128}, "time_since_restore": 605.7274348735809, "timesteps_since_restore": 0, "iterations_since_restore": 15, "mean_throughput": 1502.3609248270432, "atoms": 1, "setup_time": 10.93081021308899}
{"apply": 0.0166292667388916, "batch_time": 0.0313695442827442, "d2h": 0.0006717681884765625, "data_time": 0.0017663249579232061, "fwd": 0.027132558822631835, "get_state_time_mean": NaN, "get_state_time_total": 0.0, "grad": 0.04700164794921875, "mean_accuracy": 0.5484799861907959, "mean_loss": 1.688921576461792, "neg_mean_accuracy": -0.5686999559402466, "set_state_time_mean": NaN, "set_state_time_total": 0.0, "setup_model_time_mean": NaN, "setup_model_time_total": 0.0, "setup_proc_time_mean": NaN, "setup_proc_time_total": 0.0, "train_accuracy": 0.5467199683189392, "train_loss": 1.3599511267852784, "training_time_mean": NaN, "training_time_total": 0.0, "val_accuracy": 0.5686999559402466, "val_loss": 1.569322443008423, "validation_time_mean": NaN, "validation_time_total": 0.0, "samples": 60000, "num_workers": 1, "done": false, "timesteps_total": null, "episodes_total": null, "training_iteration": 16, "neg_mean_loss": -1.688921576461792, "experiment_id": "62e2be8480464287afdd9da98139bfcb", "date": "2019-06-06_07-14-34", "timestamp": 1559830474, "time_this_iter_s": 39.81389856338501, "time_total_s": 645.5413334369659, "pid": 31652, "hostname": "steropes", "node_ip": "169.229.49.254", "config": {"starting_lr": 0.005, "momentum": 0.95, "weight_decay": 0.0001, "steps_per_iteration": null, "pin": false, "model_creator": null, "target_batch_size": 128, "model_string": "resnet50", "min_batch_size": 128, "dataset": "CIFAR", "placement": null, "use_nccl": true, "devices_per_worker": 1, "primary_resource": "extra_gpu", "gpu": false, "verbose": false, "lr_config": {"mode": "log", "steps": 5, "initial_lr": 0.005, "target_lr": 0.005}, "batch_per_device": 128}, "time_since_restore": 645.5413334369659, "timesteps_since_restore": 0, "iterations_since_restore": 16, "mean_throughput": 1502.1353559127078, "atoms": 1, "setup_time": 10.93081021308899}
{"apply": 0.01702301502227783, "batch_time": 0.03167756297920324, "d2h": 0.0006527423858642579, "data_time": 0.0018750913917561017, "fwd": 0.02810659408569336, "get_state_time_mean": NaN, "get_state_time_total": 0.0, "grad": 0.04732115268707275, "mean_accuracy": 0.5527599811553955, "mean_loss": 2.183674603271484, "neg_mean_accuracy": -0.59579998254776, "set_state_time_mean": NaN, "set_state_time_total": 0.0, "setup_model_time_mean": NaN, "setup_model_time_total": 0.0, "setup_proc_time_mean": NaN, "setup_proc_time_total": 0.0, "train_accuracy": 0.558739960193634, "train_loss": 1.3281658140182495, "training_time_mean": NaN, "training_time_total": 0.0, "val_accuracy": 0.59579998254776, "val_loss": 3.7677211128234864, "validation_time_mean": NaN, "validation_time_total": 0.0, "samples": 60000, "num_workers": 1, "done": false, "timesteps_total": null, "episodes_total": null, "training_iteration": 17, "neg_mean_loss": -2.183674603271484, "experiment_id": "62e2be8480464287afdd9da98139bfcb", "date": "2019-06-06_07-15-14", "timestamp": 1559830514, "time_this_iter_s": 39.97412991523743, "time_total_s": 685.5154633522034, "pid": 31652, "hostname": "steropes", "node_ip": "169.229.49.254", "config": {"starting_lr": 0.005, "momentum": 0.95, "weight_decay": 0.0001, "steps_per_iteration": null, "pin": false, "model_creator": null, "target_batch_size": 128, "model_string": "resnet50", "min_batch_size": 128, "dataset": "CIFAR", "placement": null, "use_nccl": true, "devices_per_worker": 1, "primary_resource": "extra_gpu", "gpu": false, "verbose": false, "lr_config": {"mode": "log", "steps": 5, "initial_lr": 0.005, "target_lr": 0.005}, "batch_per_device": 128}, "time_since_restore": 685.5154633522034, "timesteps_since_restore": 0, "iterations_since_restore": 17, "mean_throughput": 1502.2221857378934, "atoms": 1, "setup_time": 10.93081021308899}
{"apply": 0.016931867599487303, "batch_time": 0.03133628338198118, "d2h": 0.000640249252319336, "data_time": 0.0017668103318080268, "fwd": 0.027779650688171387, "get_state_time_mean": NaN, "get_state_time_total": 0.0, "grad": 0.04677121639251709, "mean_accuracy": 0.5719799757003784, "mean_loss": 2.377883941268921, "neg_mean_accuracy": -0.6068999767303467, "set_state_time_mean": NaN, "set_state_time_total": 0.0, "setup_model_time_mean": NaN, "setup_model_time_total": 0.0, "setup_proc_time_mean": NaN, "setup_proc_time_total": 0.0, "train_accuracy": 0.5778799653053284, "train_loss": 1.2479768138885499, "training_time_mean": NaN, "training_time_total": 0.0, "val_accuracy": 0.6068999767303467, "val_loss": 2.5828073974609373, "validation_time_mean": NaN, "validation_time_total": 0.0, "samples": 60000, "num_workers": 1, "done": false, "timesteps_total": null, "episodes_total": null, "training_iteration": 18, "neg_mean_loss": -2.377883941268921, "experiment_id": "62e2be8480464287afdd9da98139bfcb", "date": "2019-06-06_07-15-54", "timestamp": 1559830554, "time_this_iter_s": 39.77712798118591, "time_total_s": 725.2925913333893, "pid": 31652, "hostname": "steropes", "node_ip": "169.229.49.254", "config": {"starting_lr": 0.005, "momentum": 0.95, "weight_decay": 0.0001, "steps_per_iteration": null, "pin": false, "model_creator": null, "target_batch_size": 128, "model_string": "resnet50", "min_batch_size": 128, "dataset": "CIFAR", "placement": null, "use_nccl": true, "devices_per_worker": 1, "primary_resource": "extra_gpu", "gpu": false, "verbose": false, "lr_config": {"mode": "log", "steps": 5, "initial_lr": 0.005, "target_lr": 0.005}, "batch_per_device": 128}, "time_since_restore": 725.2925913333893, "timesteps_since_restore": 0, "iterations_since_restore": 18, "mean_throughput": 1503.906997348842, "atoms": 1, "setup_time": 10.93081021308899}
{"apply": 0.017118120193481447, "batch_time": 0.032038682623754575, "d2h": 0.0006951570510864257, "data_time": 0.0017994809943391843, "fwd": 0.02801222801208496, "get_state_time_mean": NaN, "get_state_time_total": 0.0, "grad": 0.0472334623336792, "mean_accuracy": 0.5918399691581726, "mean_loss": 2.2495490871429444, "neg_mean_accuracy": -0.6265999674797058, "set_state_time_mean": NaN, "set_state_time_total": 0.0, "setup_model_time_mean": NaN, "setup_model_time_total": 0.0, "setup_proc_time_mean": NaN, "setup_proc_time_total": 0.0, "train_accuracy": 0.5948599576950073, "train_loss": 1.2003178778839112, "training_time_mean": NaN, "training_time_total": 0.0, "val_accuracy": 0.6265999674797058, "val_loss": 2.089434025192261, "validation_time_mean": NaN, "validation_time_total": 0.0, "samples": 60000, "num_workers": 1, "done": false, "timesteps_total": null, "episodes_total": null, "training_iteration": 19, "neg_mean_loss": -2.2495490871429444, "experiment_id": "62e2be8480464287afdd9da98139bfcb", "date": "2019-06-06_07-16-34", "timestamp": 1559830594, "time_this_iter_s": 39.8833692073822, "time_total_s": 765.1759605407715, "pid": 31652, "hostname": "steropes", "node_ip": "169.229.49.254", "config": {"starting_lr": 0.005, "momentum": 0.95, "weight_decay": 0.0001, "steps_per_iteration": null, "pin": false, "model_creator": null, "target_batch_size": 128, "model_string": "resnet50", "min_batch_size": 128, "dataset": "CIFAR", "placement": null, "use_nccl": true, "devices_per_worker": 1, "primary_resource": "extra_gpu", "gpu": false, "verbose": false, "lr_config": {"mode": "log", "steps": 5, "initial_lr": 0.005, "target_lr": 0.005}, "batch_per_device": 128}, "time_since_restore": 765.1759605407715, "timesteps_since_restore": 0, "iterations_since_restore": 19, "mean_throughput": 1505.2860655751913, "atoms": 1, "setup_time": 10.93081021308899}
{"apply": 0.017142438888549806, "batch_time": 0.03116695488555522, "d2h": 0.0006453275680541992, "data_time": 0.0017965937514439264, "fwd": 0.027672958374023438, "get_state_time_mean": NaN, "get_state_time_total": 0.0, "grad": 0.0468994140625, "mean_accuracy": 0.6034199714660644, "mean_loss": 2.295112504463196, "neg_mean_accuracy": -0.6190999746322632, "set_state_time_mean": NaN, "set_state_time_total": 0.0, "setup_model_time_mean": NaN, "setup_model_time_total": 0.0, "setup_proc_time_mean": NaN, "setup_proc_time_total": 0.0, "train_accuracy": 0.6053599715232849, "train_loss": 1.205531600265503, "training_time_mean": NaN, "training_time_total": 0.0, "val_accuracy": 0.6190999746322632, "val_loss": 1.4662775438308715, "validation_time_mean": NaN, "validation_time_total": 0.0, "samples": 60000, "num_workers": 1, "done": false, "timesteps_total": null, "episodes_total": null, "training_iteration": 20, "neg_mean_loss": -2.295112504463196, "experiment_id": "62e2be8480464287afdd9da98139bfcb", "date": "2019-06-06_07-17-13", "timestamp": 1559830633, "time_this_iter_s": 39.82765769958496, "time_total_s": 805.0036182403564, "pid": 31652, "hostname": "steropes", "node_ip": "169.229.49.254", "config": {"starting_lr": 0.005, "momentum": 0.95, "weight_decay": 0.0001, "steps_per_iteration": null, "pin": false, "model_creator": null, "target_batch_size": 128, "model_string": "resnet50", "min_batch_size": 128, "dataset": "CIFAR", "placement": null, "use_nccl": true, "devices_per_worker": 1, "primary_resource": "extra_gpu", "gpu": false, "verbose": false, "lr_config": {"mode": "log", "steps": 5, "initial_lr": 0.005, "target_lr": 0.005}, "batch_per_device": 128}, "time_since_restore": 805.0036182403564, "timesteps_since_restore": 0, "iterations_since_restore": 20, "mean_throughput": 1505.4451907439375, "atoms": 1, "setup_time": 10.93081021308899}
{"apply": 0.016959476470947265, "batch_time": 0.031752526005612146, "d2h": 0.0006487369537353516, "data_time": 0.0017847136768233745, "fwd": 0.027684950828552247, "get_state_time_mean": NaN, "get_state_time_total": 0.0, "grad": 0.047672080993652347, "mean_accuracy": 0.6162999749183655, "mean_loss": 2.4587433927536013, "neg_mean_accuracy": -0.6330999732017517, "set_state_time_mean": NaN, "set_state_time_total": 0.0, "setup_model_time_mean": NaN, "setup_model_time_total": 0.0, "setup_proc_time_mean": NaN, "setup_proc_time_total": 0.0, "train_accuracy": 0.6054199934005737, "train_loss": 1.171340605278015, "training_time_mean": NaN, "training_time_total": 0.0, "val_accuracy": 0.6330999732017517, "val_loss": 2.3874768844604493, "validation_time_mean": NaN, "validation_time_total": 0.0, "samples": 60000, "num_workers": 1, "done": false, "timesteps_total": null, "episodes_total": null, "training_iteration": 21, "neg_mean_loss": -2.4587433927536013, "experiment_id": "62e2be8480464287afdd9da98139bfcb", "date": "2019-06-06_07-17-53", "timestamp": 1559830673, "time_this_iter_s": 39.92325520515442, "time_total_s": 844.9268734455109, "pid": 31652, "hostname": "steropes", "node_ip": "169.229.49.254", "config": {"starting_lr": 0.005, "momentum": 0.95, "weight_decay": 0.0001, "steps_per_iteration": null, "pin": false, "model_creator": null, "target_batch_size": 128, "model_string": "resnet50", "min_batch_size": 128, "dataset": "CIFAR", "placement": null, "use_nccl": true, "devices_per_worker": 1, "primary_resource": "extra_gpu", "gpu": false, "verbose": false, "lr_config": {"mode": "log", "steps": 5, "initial_lr": 0.005, "target_lr": 0.005}, "batch_per_device": 128}, "time_since_restore": 844.9268734455109, "timesteps_since_restore": 0, "iterations_since_restore": 21, "mean_throughput": 1504.6195269448147, "atoms": 1, "setup_time": 10.93081021308899}
{"apply": 0.01680021286010742, "batch_time": 0.0313266591180729, "d2h": 0.0006784200668334961, "data_time": 0.0018006236961735484, "fwd": 0.02752342224121094, "get_state_time_mean": NaN, "get_state_time_total": 0.0, "grad": 0.04732091426849365, "mean_accuracy": 0.6209799766540527, "mean_loss": 2.050252801418304, "neg_mean_accuracy": -0.6191999912261963, "set_state_time_mean": NaN, "set_state_time_total": 0.0, "setup_model_time_mean": NaN, "setup_model_time_total": 0.0, "setup_proc_time_mean": NaN, "setup_proc_time_total": 0.0, "train_accuracy": 0.6129400134086609, "train_loss": 1.1379306797027589, "training_time_mean": NaN, "training_time_total": 0.0, "val_accuracy": 0.6191999912261963, "val_loss": 1.7252681561470031, "validation_time_mean": NaN, "validation_time_total": 0.0, "samples": 60000, "num_workers": 1, "done": false, "timesteps_total": null, "episodes_total": null, "training_iteration": 22, "neg_mean_loss": -2.050252801418304, "experiment_id": "62e2be8480464287afdd9da98139bfcb", "date": "2019-06-06_07-18-33", "timestamp": 1559830713, "time_this_iter_s": 39.93216896057129, "time_total_s": 884.8590424060822, "pid": 31652, "hostname": "steropes", "node_ip": "169.229.49.254", "config": {"starting_lr": 0.005, "momentum": 0.95, "weight_decay": 0.0001, "steps_per_iteration": null, "pin": false, "model_creator": null, "target_batch_size": 128, "model_string": "resnet50", "min_batch_size": 128, "dataset": "CIFAR", "placement": null, "use_nccl": true, "devices_per_worker": 1, "primary_resource": "extra_gpu", "gpu": false, "verbose": false, "lr_config": {"mode": "log", "steps": 5, "initial_lr": 0.005, "target_lr": 0.005}, "batch_per_device": 128}, "time_since_restore": 884.8590424060822, "timesteps_since_restore": 0, "iterations_since_restore": 22, "mean_throughput": 1504.9352413811494, "atoms": 1, "setup_time": 10.93081021308899}
{"apply": 0.016854739189147948, "batch_time": 0.03140673154517065, "d2h": 0.0006613492965698242, "data_time": 0.0018203721936706388, "fwd": 0.027417492866516114, "get_state_time_mean": NaN, "get_state_time_total": 0.0, "grad": 0.047589993476867674, "mean_accuracy": 0.6255999803543091, "mean_loss": 1.8187589503669739, "neg_mean_accuracy": -0.6299999952316284, "set_state_time_mean": NaN, "set_state_time_total": 0.0, "setup_model_time_mean": NaN, "setup_model_time_total": 0.0, "setup_proc_time_mean": NaN, "setup_proc_time_total": 0.0, "train_accuracy": 0.6195999979972839, "train_loss": 1.1330481450653076, "training_time_mean": NaN, "training_time_total": 0.0, "val_accuracy": 0.6299999952316284, "val_loss": 1.4253381422042846, "validation_time_mean": NaN, "validation_time_total": 0.0, "samples": 60000, "num_workers": 1, "done": false, "timesteps_total": null, "episodes_total": null, "training_iteration": 23, "neg_mean_loss": -1.8187589503669739, "experiment_id": "62e2be8480464287afdd9da98139bfcb", "date": "2019-06-06_07-19-13", "timestamp": 1559830753, "time_this_iter_s": 39.87801170349121, "time_total_s": 924.7370541095734, "pid": 31652, "hostname": "steropes", "node_ip": "169.229.49.254", "config": {"starting_lr": 0.005, "momentum": 0.95, "weight_decay": 0.0001, "steps_per_iteration": null, "pin": false, "model_creator": null, "target_batch_size": 128, "model_string": "resnet50", "min_batch_size": 128, "dataset": "CIFAR", "placement": null, "use_nccl": true, "devices_per_worker": 1, "primary_resource": "extra_gpu", "gpu": false, "verbose": false, "lr_config": {"mode": "log", "steps": 5, "initial_lr": 0.005, "target_lr": 0.005}, "batch_per_device": 128}, "time_since_restore": 924.7370541095734, "timesteps_since_restore": 0, "iterations_since_restore": 23, "mean_throughput": 1504.174011659822, "atoms": 1, "setup_time": 10.93081021308899}
{"apply": 0.01691315174102783, "batch_time": 0.031307784816886806, "d2h": 0.0006700992584228515, "data_time": 0.0017710427189117197, "fwd": 0.027741765975952147, "get_state_time_mean": NaN, "get_state_time_total": 0.0, "grad": 0.047472786903381345, "mean_accuracy": 0.6299399852752685, "mean_loss": 1.6409756107521054, "neg_mean_accuracy": -0.6482999920845032, "set_state_time_mean": NaN, "set_state_time_total": 0.0, "setup_model_time_mean": NaN, "setup_model_time_total": 0.0, "setup_proc_time_mean": NaN, "setup_proc_time_total": 0.0, "train_accuracy": 0.6306399703025818, "train_loss": 1.1118121686172486, "training_time_mean": NaN, "training_time_total": 0.0, "val_accuracy": 0.6482999920845032, "val_loss": 1.20051732711792, "validation_time_mean": NaN, "validation_time_total": 0.0, "samples": 60000, "num_workers": 1, "done": false, "timesteps_total": null, "episodes_total": null, "training_iteration": 24, "neg_mean_loss": -1.6409756107521054, "experiment_id": "62e2be8480464287afdd9da98139bfcb", "date": "2019-06-06_07-19-53", "timestamp": 1559830793, "time_this_iter_s": 39.70945692062378, "time_total_s": 964.4465110301971, "pid": 31652, "hostname": "steropes", "node_ip": "169.229.49.254", "config": {"starting_lr": 0.005, "momentum": 0.95, "weight_decay": 0.0001, "steps_per_iteration": null, "pin": false, "model_creator": null, "target_batch_size": 128, "model_string": "resnet50", "min_batch_size": 128, "dataset": "CIFAR", "placement": null, "use_nccl": true, "devices_per_worker": 1, "primary_resource": "extra_gpu", "gpu": false, "verbose": false, "lr_config": {"mode": "log", "steps": 5, "initial_lr": 0.005, "target_lr": 0.005}, "batch_per_device": 128}, "time_since_restore": 964.4465110301971, "timesteps_since_restore": 0, "iterations_since_restore": 24, "mean_throughput": 1505.4867947467249, "atoms": 1, "setup_time": 10.93081021308899}
{"apply": 0.016739535331726074, "batch_time": 0.03118888335891917, "d2h": 0.0006373167037963867, "data_time": 0.0017760970708354355, "fwd": 0.027365779876708983, "get_state_time_mean": NaN, "get_state_time_total": 0.0, "grad": 0.04727568626403809, "mean_accuracy": 0.6354999899864197, "mean_loss": 1.6370297601699828, "neg_mean_accuracy": -0.6468999981880188, "set_state_time_mean": NaN, "set_state_time_total": 0.0, "setup_model_time_mean": NaN, "setup_model_time_total": 0.0, "setup_proc_time_mean": NaN, "setup_proc_time_total": 0.0, "train_accuracy": 0.6489199995994568, "train_loss": 1.0296433639717102, "training_time_mean": NaN, "training_time_total": 0.0, "val_accuracy": 0.6468999981880188, "val_loss": 1.4465482909202576, "validation_time_mean": NaN, "validation_time_total": 0.0, "samples": 60000, "num_workers": 1, "done": false, "timesteps_total": null, "episodes_total": null, "training_iteration": 25, "neg_mean_loss": -1.6370297601699828, "experiment_id": "62e2be8480464287afdd9da98139bfcb", "date": "2019-06-06_07-20-33", "timestamp": 1559830833, "time_this_iter_s": 39.79887843132019, "time_total_s": 1004.2453894615173, "pid": 31652, "hostname": "steropes", "node_ip": "169.229.49.254", "config": {"starting_lr": 0.005, "momentum": 0.95, "weight_decay": 0.0001, "steps_per_iteration": null, "pin": false, "model_creator": null, "target_batch_size": 128, "model_string": "resnet50", "min_batch_size": 128, "dataset": "CIFAR", "placement": null, "use_nccl": true, "devices_per_worker": 1, "primary_resource": "extra_gpu", "gpu": false, "verbose": false, "lr_config": {"mode": "log", "steps": 5, "initial_lr": 0.005, "target_lr": 0.005}, "batch_per_device": 128}, "time_since_restore": 1004.2453894615173, "timesteps_since_restore": 0, "iterations_since_restore": 25, "mean_throughput": 1505.7042562154627, "atoms": 1, "setup_time": 10.93081021308899}
{"apply": 0.016713571548461915, "batch_time": 0.03119443036332915, "d2h": 0.0006928682327270508, "data_time": 0.0018732883131412593, "fwd": 0.027479672431945802, "get_state_time_mean": NaN, "get_state_time_total": 0.0, "grad": 0.048052000999450686, "mean_accuracy": 0.6434599876403808, "mean_loss": 1.5272797897720336, "neg_mean_accuracy": -0.6728999614715576, "set_state_time_mean": NaN, "set_state_time_total": 0.0, "setup_model_time_mean": NaN, "setup_model_time_total": 0.0, "setup_proc_time_mean": NaN, "setup_proc_time_total": 0.0, "train_accuracy": 0.6595999598503113, "train_loss": 1.0041690884399415, "training_time_mean": NaN, "training_time_total": 0.0, "val_accuracy": 0.6728999614715576, "val_loss": 1.838727032470703, "validation_time_mean": NaN, "validation_time_total": 0.0, "samples": 60000, "num_workers": 1, "done": false, "timesteps_total": null, "episodes_total": null, "training_iteration": 26, "neg_mean_loss": -1.5272797897720336, "experiment_id": "62e2be8480464287afdd9da98139bfcb", "date": "2019-06-06_07-21-13", "timestamp": 1559830873, "time_this_iter_s": 39.920127391815186, "time_total_s": 1044.1655168533325, "pid": 31652, "hostname": "steropes", "node_ip": "169.229.49.254", "config": {"starting_lr": 0.005, "momentum": 0.95, "weight_decay": 0.0001, "steps_per_iteration": null, "pin": false, "model_creator": null, "target_batch_size": 128, "model_string": "resnet50", "min_batch_size": 128, "dataset": "CIFAR", "placement": null, "use_nccl": true, "devices_per_worker": 1, "primary_resource": "extra_gpu", "gpu": false, "verbose": false, "lr_config": {"mode": "log", "steps": 5, "initial_lr": 0.005, "target_lr": 0.005}, "batch_per_device": 128}, "time_since_restore": 1044.1655168533325, "timesteps_since_restore": 0, "iterations_since_restore": 26, "mean_throughput": 1505.727809258701, "atoms": 1, "setup_time": 10.93081021308899}
{"apply": 0.01699991226196289, "batch_time": 0.03199571597425244, "d2h": 0.0006425619125366211, "data_time": 0.0017793129777054653, "fwd": 0.027624893188476562, "get_state_time_mean": NaN, "get_state_time_total": 0.0, "grad": 0.04738636016845703, "mean_accuracy": 0.6533999800682068, "mean_loss": 1.3806475285720825, "neg_mean_accuracy": -0.6688999533653259, "set_state_time_mean": NaN, "set_state_time_total": 0.0, "setup_model_time_mean": NaN, "setup_model_time_total": 0.0, "setup_proc_time_mean": NaN, "setup_proc_time_total": 0.0, "train_accuracy": 0.6679999828338623, "train_loss": 0.9696446296310425, "training_time_mean": NaN, "training_time_total": 0.0, "val_accuracy": 0.6688999533653259, "val_loss": 0.9921068501472473, "validation_time_mean": NaN, "validation_time_total": 0.0, "samples": 60000, "num_workers": 1, "done": false, "timesteps_total": null, "episodes_total": null, "training_iteration": 27, "neg_mean_loss": -1.3806475285720825, "experiment_id": "62e2be8480464287afdd9da98139bfcb", "date": "2019-06-06_07-21-52", "timestamp": 1559830912, "time_this_iter_s": 39.87929344177246, "time_total_s": 1084.044810295105, "pid": 31652, "hostname": "steropes", "node_ip": "169.229.49.254", "config": {"starting_lr": 0.005, "momentum": 0.95, "weight_decay": 0.0001, "steps_per_iteration": null, "pin": false, "model_creator": null, "target_batch_size": 128, "model_string": "resnet50", "min_batch_size": 128, "dataset": "CIFAR", "placement": null, "use_nccl": true, "devices_per_worker": 1, "primary_resource": "extra_gpu", "gpu": false, "verbose": false, "lr_config": {"mode": "log", "steps": 5, "initial_lr": 0.005, "target_lr": 0.005}, "batch_per_device": 128}, "time_since_restore": 1084.044810295105, "timesteps_since_restore": 0, "iterations_since_restore": 27, "mean_throughput": 1506.1286446581146, "atoms": 1, "setup_time": 10.93081021308899}
{"apply": 0.01718144416809082, "batch_time": 0.0315867798237861, "d2h": 0.0006823301315307617, "data_time": 0.0017693829353508132, "fwd": 0.027501487731933595, "get_state_time_mean": NaN, "get_state_time_total": 0.0, "grad": 0.0468170166015625, "mean_accuracy": 0.660979974269867, "mean_loss": 1.3952646757507323, "neg_mean_accuracy": -0.6678999662399292, "set_state_time_mean": NaN, "set_state_time_total": 0.0, "setup_model_time_mean": NaN, "setup_model_time_total": 0.0, "setup_proc_time_mean": NaN, "setup_proc_time_total": 0.0, "train_accuracy": 0.6570000052452087, "train_loss": 1.0004224754714965, "training_time_mean": NaN, "training_time_total": 0.0, "val_accuracy": 0.6678999662399292, "val_loss": 1.498423878097534, "validation_time_mean": NaN, "validation_time_total": 0.0, "samples": 60000, "num_workers": 1, "done": false, "timesteps_total": null, "episodes_total": null, "training_iteration": 28, "neg_mean_loss": -1.3952646757507323, "experiment_id": "62e2be8480464287afdd9da98139bfcb", "date": "2019-06-06_07-22-32", "timestamp": 1559830952, "time_this_iter_s": 39.85125756263733, "time_total_s": 1123.8960678577423, "pid": 31652, "hostname": "steropes", "node_ip": "169.229.49.254", "config": {"starting_lr": 0.005, "momentum": 0.95, "weight_decay": 0.0001, "steps_per_iteration": null, "pin": false, "model_creator": null, "target_batch_size": 128, "model_string": "resnet50", "min_batch_size": 128, "dataset": "CIFAR", "placement": null, "use_nccl": true, "devices_per_worker": 1, "primary_resource": "extra_gpu", "gpu": false, "verbose": false, "lr_config": {"mode": "log", "steps": 5, "initial_lr": 0.005, "target_lr": 0.005}, "batch_per_device": 128}, "time_since_restore": 1123.8960678577423, "timesteps_since_restore": 0, "iterations_since_restore": 28, "mean_throughput": 1506.330983529152, "atoms": 1, "setup_time": 10.93081021308899}
{"apply": 0.01699783802032471, "batch_time": 0.03116099442107768, "d2h": 0.0006674766540527344, "data_time": 0.0017930985716602687, "fwd": 0.027855491638183592, "get_state_time_mean": NaN, "get_state_time_total": 0.0, "grad": 0.047995781898498534, "mean_accuracy": 0.6698999762535095, "mean_loss": 1.3573077130889892, "neg_mean_accuracy": -0.6929000020027161, "set_state_time_mean": NaN, "set_state_time_total": 0.0, "setup_model_time_mean": NaN, "setup_model_time_total": 0.0, "setup_proc_time_mean": NaN, "setup_proc_time_total": 0.0, "train_accuracy": 0.673799991607666, "train_loss": 0.9553900645828247, "training_time_mean": NaN, "training_time_total": 0.0, "val_accuracy": 0.6929000020027161, "val_loss": 1.010732513809204, "validation_time_mean": NaN, "validation_time_total": 0.0, "samples": 60000, "num_workers": 1, "done": false, "timesteps_total": null, "episodes_total": null, "training_iteration": 29, "neg_mean_loss": -1.3573077130889892, "experiment_id": "62e2be8480464287afdd9da98139bfcb", "date": "2019-06-06_07-23-12", "timestamp": 1559830992, "time_this_iter_s": 39.81831431388855, "time_total_s": 1163.7143821716309, "pid": 31652, "hostname": "steropes", "node_ip": "169.229.49.254", "config": {"starting_lr": 0.005, "momentum": 0.95, "weight_decay": 0.0001, "steps_per_iteration": null, "pin": false, "model_creator": null, "target_batch_size": 128, "model_string": "resnet50", "min_batch_size": 128, "dataset": "CIFAR", "placement": null, "use_nccl": true, "devices_per_worker": 1, "primary_resource": "extra_gpu", "gpu": false, "verbose": false, "lr_config": {"mode": "log", "steps": 5, "initial_lr": 0.005, "target_lr": 0.005}, "batch_per_device": 128}, "time_since_restore": 1163.7143821716309, "timesteps_since_restore": 0, "iterations_since_restore": 29, "mean_throughput": 1505.5080479342278, "atoms": 1, "setup_time": 10.93081021308899}
{"apply": 0.01700897216796875, "batch_time": 0.03164184244373177, "d2h": 0.0006489038467407226, "data_time": 0.0018887483250454565, "fwd": 0.02743527889251709, "get_state_time_mean": NaN, "get_state_time_total": 0.0, "grad": 0.04764621257781983, "mean_accuracy": 0.679099977016449, "mean_loss": 1.243428854866028, "neg_mean_accuracy": -0.6929000020027161, "set_state_time_mean": NaN, "set_state_time_total": 0.0, "setup_model_time_mean": NaN, "setup_model_time_total": 0.0, "setup_proc_time_mean": NaN, "setup_proc_time_total": 0.0, "train_accuracy": 0.6899999976158142, "train_loss": 0.9026197703552246, "training_time_mean": NaN, "training_time_total": 0.0, "val_accuracy": 0.6929000020027161, "val_loss": 0.8771539998054504, "validation_time_mean": NaN, "validation_time_total": 0.0, "samples": 60000, "num_workers": 1, "done": false, "timesteps_total": null, "episodes_total": null, "training_iteration": 30, "neg_mean_loss": -1.243428854866028, "experiment_id": "62e2be8480464287afdd9da98139bfcb", "date": "2019-06-06_07-23-52", "timestamp": 1559831032, "time_this_iter_s": 39.93967342376709, "time_total_s": 1203.654055595398, "pid": 31652, "hostname": "steropes", "node_ip": "169.229.49.254", "config": {"starting_lr": 0.005, "momentum": 0.95, "weight_decay": 0.0001, "steps_per_iteration": null, "pin": false, "model_creator": null, "target_batch_size": 128, "model_string": "resnet50", "min_batch_size": 128, "dataset": "CIFAR", "placement": null, "use_nccl": true, "devices_per_worker": 1, "primary_resource": "extra_gpu", "gpu": false, "verbose": false, "lr_config": {"mode": "log", "steps": 5, "initial_lr": 0.005, "target_lr": 0.005}, "batch_per_device": 128}, "time_since_restore": 1203.654055595398, "timesteps_since_restore": 0, "iterations_since_restore": 30, "mean_throughput": 1504.4450654576515, "atoms": 1, "setup_time": 10.93081021308899}
{"apply": 0.01663525104522705, "batch_time": 0.031106722505786753, "d2h": 0.0006713628768920899, "data_time": 0.0017788794339465364, "fwd": 0.027358222007751464, "get_state_time_mean": NaN, "get_state_time_total": 0.0, "grad": 0.047783064842224124, "mean_accuracy": 0.6723999857902527, "mean_loss": 1.0812513328552247, "neg_mean_accuracy": -0.6394000053405762, "set_state_time_mean": NaN, "set_state_time_total": 0.0, "setup_model_time_mean": NaN, "setup_model_time_total": 0.0, "setup_proc_time_mean": NaN, "setup_proc_time_total": 0.0, "train_accuracy": 0.6838600039482117, "train_loss": 0.9277071179962159, "training_time_mean": NaN, "training_time_total": 0.0, "val_accuracy": 0.6394000053405762, "val_loss": 1.027839422416687, "validation_time_mean": NaN, "validation_time_total": 0.0, "samples": 60000, "num_workers": 1, "done": false, "timesteps_total": null, "episodes_total": null, "training_iteration": 31, "neg_mean_loss": -1.0812513328552247, "experiment_id": "62e2be8480464287afdd9da98139bfcb", "date": "2019-06-06_07-24-32", "timestamp": 1559831072, "time_this_iter_s": 39.793951988220215, "time_total_s": 1243.4480075836182, "pid": 31652, "hostname": "steropes", "node_ip": "169.229.49.254", "config": {"starting_lr": 0.005, "momentum": 0.95, "weight_decay": 0.0001, "steps_per_iteration": null, "pin": false, "model_creator": null, "target_batch_size": 128, "model_string": "resnet50", "min_batch_size": 128, "dataset": "CIFAR", "placement": null, "use_nccl": true, "devices_per_worker": 1, "primary_resource": "extra_gpu", "gpu": false, "verbose": false, "lr_config": {"mode": "log", "steps": 5, "initial_lr": 0.005, "target_lr": 0.005}, "batch_per_device": 128}, "time_since_restore": 1243.4480075836182, "timesteps_since_restore": 0, "iterations_since_restore": 31, "mean_throughput": 1505.3976942410115, "atoms": 1, "setup_time": 10.93081021308899}
{"apply": 0.016775131225585938, "batch_time": 0.03188396103774445, "d2h": 0.0007071256637573242, "data_time": 0.001769878675260812, "fwd": 0.02792973518371582, "get_state_time_mean": NaN, "get_state_time_total": 0.0, "grad": 0.047164416313171385, "mean_accuracy": 0.6164199948310852, "mean_loss": 1.7865351021385194, "neg_mean_accuracy": -0.3889999985694885, "set_state_time_mean": NaN, "set_state_time_total": 0.0, "setup_model_time_mean": NaN, "setup_model_time_total": 0.0, "setup_proc_time_mean": NaN, "setup_proc_time_total": 0.0, "train_accuracy": 0.665399968624115, "train_loss": 0.9783155112075805, "training_time_mean": NaN, "training_time_total": 0.0, "val_accuracy": 0.3889999985694885, "val_loss": 4.518525696563721, "validation_time_mean": NaN, "validation_time_total": 0.0, "samples": 60000, "num_workers": 1, "done": true, "timesteps_total": null, "episodes_total": null, "training_iteration": 32, "neg_mean_loss": -1.7865351021385194, "experiment_id": "62e2be8480464287afdd9da98139bfcb", "date": "2019-06-06_07-25-12", "timestamp": 1559831112, "time_this_iter_s": 39.94751763343811, "time_total_s": 1283.3955252170563, "pid": 31652, "hostname": "steropes", "node_ip": "169.229.49.254", "config": {"starting_lr": 0.005, "momentum": 0.95, "weight_decay": 0.0001, "steps_per_iteration": null, "pin": false, "model_creator": null, "target_batch_size": 128, "model_string": "resnet50", "min_batch_size": 128, "dataset": "CIFAR", "placement": null, "use_nccl": true, "devices_per_worker": 1, "primary_resource": "extra_gpu", "gpu": false, "verbose": false, "lr_config": {"mode": "log", "steps": 5, "initial_lr": 0.005, "target_lr": 0.005}, "batch_per_device": 128}, "time_since_restore": 1283.3955252170563, "timesteps_since_restore": 0, "iterations_since_restore": 32, "mean_throughput": 1504.8824928212819, "atoms": 1, "setup_time": 10.93081021308899}
