{"apply": 0.0177415132522583, "batch_time": 0.04480618464795849, "d2h": 0.0006947755813598633, "data_time": 0.0019202567732242671, "fwd": 0.11968526840209961, "get_state_time_mean": NaN, "get_state_time_total": 0.0, "grad": 0.17678217887878417, "mean_accuracy": 0.12039999663829803, "mean_loss": 20443.5793375, "neg_mean_accuracy": -0.12039999663829803, "set_state_time_mean": NaN, "set_state_time_total": 0.0, "setup_model_time_mean": 8.739001989364624, "setup_model_time_total": 8.739001989364624, "setup_proc_time_mean": 0.4624752998352051, "setup_proc_time_total": 0.4624752998352051, "train_accuracy": 0.10869999974966049, "train_loss": 9.749745762023926, "training_time_mean": NaN, "training_time_total": 0.0, "val_accuracy": 0.12039999663829803, "val_loss": 20443.5793375, "validation_time_mean": NaN, "validation_time_total": 0.0, "samples": 60000, "num_workers": 1, "done": false, "timesteps_total": null, "episodes_total": null, "training_iteration": 1, "neg_mean_loss": -20443.5793375, "experiment_id": "9a26f5c184e44b2193764abe8f5b38e9", "date": "2019-06-06_07-11-52", "timestamp": 1559830312, "time_this_iter_s": 46.714240074157715, "time_total_s": 46.714240074157715, "pid": 9291, "hostname": "steropes", "node_ip": "169.229.49.254", "config": {"starting_lr": 0.1, "momentum": 0.99, "weight_decay": 0.005, "steps_per_iteration": null, "pin": false, "model_creator": null, "target_batch_size": 128, "model_string": "resnet50", "min_batch_size": 128, "dataset": "CIFAR", "placement": null, "use_nccl": true, "devices_per_worker": 1, "primary_resource": "extra_gpu", "gpu": false, "verbose": false, "lr_config": {"mode": "log", "steps": 5, "initial_lr": 0.1, "target_lr": 0.1}, "batch_per_device": 128}, "time_since_restore": 46.714240074157715, "timesteps_since_restore": 0, "iterations_since_restore": 1, "mean_throughput": 1284.3995951566212, "atoms": 1, "setup_time": 9.303742408752441}
{"apply": 0.01757512092590332, "batch_time": 0.0314427176608315, "d2h": 0.000703120231628418, "data_time": 0.0018133946391932494, "fwd": 0.027620577812194826, "get_state_time_mean": NaN, "get_state_time_total": 0.0, "grad": 0.04785170555114746, "mean_accuracy": 0.11019999533891678, "mean_loss": 10224.114158535385, "neg_mean_accuracy": -0.09999999403953552, "set_state_time_mean": NaN, "set_state_time_total": 0.0, "setup_model_time_mean": NaN, "setup_model_time_total": 0.0, "setup_proc_time_mean": NaN, "setup_proc_time_total": 0.0, "train_accuracy": 0.10415999591350555, "train_loss": 10.541215924377441, "training_time_mean": NaN, "training_time_total": 0.0, "val_accuracy": 0.09999999403953552, "val_loss": 4.648979570770264, "validation_time_mean": NaN, "validation_time_total": 0.0, "samples": 60000, "num_workers": 1, "done": true, "timesteps_total": null, "episodes_total": null, "training_iteration": 2, "neg_mean_loss": -10224.114158535385, "experiment_id": "9a26f5c184e44b2193764abe8f5b38e9", "date": "2019-06-06_07-12-33", "timestamp": 1559830353, "time_this_iter_s": 40.7896888256073, "time_total_s": 87.50392889976501, "pid": 9291, "hostname": "steropes", "node_ip": "169.229.49.254", "config": {"starting_lr": 0.1, "momentum": 0.99, "weight_decay": 0.005, "steps_per_iteration": null, "pin": false, "model_creator": null, "target_batch_size": 128, "model_string": "resnet50", "min_batch_size": 128, "dataset": "CIFAR", "placement": null, "use_nccl": true, "devices_per_worker": 1, "primary_resource": "extra_gpu", "gpu": false, "verbose": false, "lr_config": {"mode": "log", "steps": 5, "initial_lr": 0.1, "target_lr": 0.1}, "batch_per_device": 128}, "time_since_restore": 87.50392889976501, "timesteps_since_restore": 0, "iterations_since_restore": 2, "mean_throughput": 1371.3625034320744, "atoms": 1, "setup_time": 9.303742408752441}
