{"apply": 0.019067025184631346, "batch_time": 0.053232211100904245, "d2h": 0.0006258010864257813, "data_time": 0.0017767275690727528, "fwd": 0.1478821039199829, "get_state_time_mean": NaN, "get_state_time_total": 0.0, "grad": 0.1628129005432129, "mean_accuracy": 0.09999999403953552, "mean_loss": 2.4115600234985353, "neg_mean_accuracy": -0.09999999403953552, "set_state_time_mean": NaN, "set_state_time_total": 0.0, "setup_model_time_mean": 10.031673431396484, "setup_model_time_total": 10.031673431396484, "setup_proc_time_mean": 0.12075567245483398, "setup_proc_time_total": 0.12075567245483398, "train_accuracy": 0.09987999498844147, "train_loss": 4.410840788497925, "training_time_mean": NaN, "training_time_total": 0.0, "val_accuracy": 0.09999999403953552, "val_loss": 2.4115600234985353, "validation_time_mean": NaN, "validation_time_total": 0.0, "samples": 60000, "num_workers": 1, "done": false, "timesteps_total": null, "episodes_total": null, "training_iteration": 1, "neg_mean_loss": -2.4115600234985353, "experiment_id": "2f57562a099a4023824c1e0be61d8bce", "date": "2019-06-06_02-17-48", "timestamp": 1559812668, "time_this_iter_s": 47.7594997882843, "time_total_s": 47.7594997882843, "pid": 9775, "hostname": "steropes", "node_ip": "169.229.49.254", "config": {"starting_lr": 0.5, "momentum": 0.95, "weight_decay": 0.0005, "steps_per_iteration": null, "pin": false, "model_creator": null, "target_batch_size": 128, "model_string": "resnet50", "min_batch_size": 128, "dataset": "CIFAR", "placement": null, "use_nccl": true, "devices_per_worker": 1, "primary_resource": "extra_gpu", "gpu": false, "verbose": false, "lr_config": {"mode": "log", "steps": 5, "initial_lr": 0.5, "target_lr": 0.5}, "batch_per_device": 128}, "time_since_restore": 47.7594997882843, "timesteps_since_restore": 0, "iterations_since_restore": 1, "mean_throughput": 1256.291955825878, "atoms": 1, "setup_time": 10.258283853530884}
{"apply": 0.019645881652832032, "batch_time": 0.031540583960617645, "d2h": 0.0006489276885986329, "data_time": 0.0017237724245661664, "fwd": 0.028537511825561523, "get_state_time_mean": NaN, "get_state_time_total": 0.0, "grad": 0.04722363948822021, "mean_accuracy": 0.1509999930858612, "mean_loss": 2.5232718729019163, "neg_mean_accuracy": -0.2019999921321869, "set_state_time_mean": NaN, "set_state_time_total": 0.0, "setup_model_time_mean": NaN, "setup_model_time_total": 0.0, "setup_proc_time_mean": NaN, "setup_proc_time_total": 0.0, "train_accuracy": 0.12707999348640442, "train_loss": 2.320991736793518, "training_time_mean": NaN, "training_time_total": 0.0, "val_accuracy": 0.2019999921321869, "val_loss": 2.634983722305298, "validation_time_mean": NaN, "validation_time_total": 0.0, "samples": 60000, "num_workers": 1, "done": false, "timesteps_total": null, "episodes_total": null, "training_iteration": 2, "neg_mean_loss": -2.5232718729019163, "experiment_id": "2f57562a099a4023824c1e0be61d8bce", "date": "2019-06-06_02-18-29", "timestamp": 1559812709, "time_this_iter_s": 41.20378923416138, "time_total_s": 88.96328902244568, "pid": 9775, "hostname": "steropes", "node_ip": "169.229.49.254", "config": {"starting_lr": 0.5, "momentum": 0.95, "weight_decay": 0.0005, "steps_per_iteration": null, "pin": false, "model_creator": null, "target_batch_size": 128, "model_string": "resnet50", "min_batch_size": 128, "dataset": "CIFAR", "placement": null, "use_nccl": true, "devices_per_worker": 1, "primary_resource": "extra_gpu", "gpu": false, "verbose": false, "lr_config": {"mode": "log", "steps": 5, "initial_lr": 0.5, "target_lr": 0.5}, "batch_per_device": 128}, "time_since_restore": 88.96328902244568, "timesteps_since_restore": 0, "iterations_since_restore": 2, "mean_throughput": 1348.8683540597513, "atoms": 1, "setup_time": 10.258283853530884}
{"apply": 0.018915462493896484, "batch_time": 0.03187295454966871, "d2h": 0.000660848617553711, "data_time": 0.0017647761518083266, "fwd": 0.02774357795715332, "get_state_time_mean": NaN, "get_state_time_total": 0.0, "grad": 0.04727766513824463, "mean_accuracy": 0.1556666592756907, "mean_loss": 2.599732312520345, "neg_mean_accuracy": -0.16499999165534973, "set_state_time_mean": NaN, "set_state_time_total": 0.0, "setup_model_time_mean": NaN, "setup_model_time_total": 0.0, "setup_proc_time_mean": NaN, "setup_proc_time_total": 0.0, "train_accuracy": 0.20509999990463257, "train_loss": 2.103838836746216, "training_time_mean": NaN, "training_time_total": 0.0, "val_accuracy": 0.16499999165534973, "val_loss": 2.752653191757202, "validation_time_mean": NaN, "validation_time_total": 0.0, "samples": 60000, "num_workers": 1, "done": true, "timesteps_total": null, "episodes_total": null, "training_iteration": 3, "neg_mean_loss": -2.599732312520345, "experiment_id": "2f57562a099a4023824c1e0be61d8bce", "date": "2019-06-06_02-19-10", "timestamp": 1559812750, "time_this_iter_s": 41.12837195396423, "time_total_s": 130.0916609764099, "pid": 9775, "hostname": "steropes", "node_ip": "169.229.49.254", "config": {"starting_lr": 0.5, "momentum": 0.95, "weight_decay": 0.0005, "steps_per_iteration": null, "pin": false, "model_creator": null, "target_batch_size": 128, "model_string": "resnet50", "min_batch_size": 128, "dataset": "CIFAR", "placement": null, "use_nccl": true, "devices_per_worker": 1, "primary_resource": "extra_gpu", "gpu": false, "verbose": false, "lr_config": {"mode": "log", "steps": 5, "initial_lr": 0.5, "target_lr": 0.5}, "batch_per_device": 128}, "time_since_restore": 130.0916609764099, "timesteps_since_restore": 0, "iterations_since_restore": 3, "mean_throughput": 1383.6371467595595, "atoms": 1, "setup_time": 10.258283853530884}
