{"apply": 0.018896651268005372, "batch_time": 0.05654061896891534, "d2h": 0.0007010698318481445, "data_time": 0.001825416179569176, "fwd": 0.21023447513580323, "get_state_time_mean": NaN, "get_state_time_total": 0.0, "grad": 0.16478464603424073, "mean_accuracy": 0.09989999979734421, "mean_loss": 2.3811762702941897, "neg_mean_accuracy": -0.09989999979734421, "set_state_time_mean": NaN, "set_state_time_total": 0.0, "setup_model_time_mean": 18.270941495895386, "setup_model_time_total": 18.270941495895386, "setup_proc_time_mean": 1.8238091468811035, "setup_proc_time_total": 1.8238091468811035, "train_accuracy": 0.1049799993634224, "train_loss": 4.602498577194214, "training_time_mean": NaN, "training_time_total": 0.0, "val_accuracy": 0.09989999979734421, "val_loss": 2.3811762702941897, "validation_time_mean": NaN, "validation_time_total": 0.0, "samples": 60000, "num_workers": 1, "done": false, "timesteps_total": null, "episodes_total": null, "training_iteration": 1, "neg_mean_loss": -2.3811762702941897, "experiment_id": "93cbe74e009a4d85a20156ea217e960b", "date": "2019-06-03_03-34-58", "timestamp": 1559558098, "time_this_iter_s": 48.809483766555786, "time_total_s": 48.809483766555786, "pid": 13431, "hostname": "steropes", "node_ip": "169.229.49.254", "config": {"starting_lr": 0.5, "momentum": 0.95, "weight_decay": 0.0001, "steps_per_iteration": null, "pin": false, "model_creator": null, "target_batch_size": 128, "model_string": "resnet50", "min_batch_size": 128, "dataset": "CIFAR", "placement": null, "use_nccl": true, "devices_per_worker": 1, "primary_resource": "extra_gpu", "gpu": false, "verbose": false, "lr_config": {"mode": "log", "steps": 5, "initial_lr": 0.5, "target_lr": 0.5}, "batch_per_device": 128}, "time_since_restore": 48.809483766555786, "timesteps_since_restore": 0, "iterations_since_restore": 1, "mean_throughput": 1229.2672295883087, "atoms": 1, "setup_time": 20.190056324005127}
{"apply": 0.023093485832214357, "batch_time": 0.03296472452863862, "d2h": 0.0007179737091064453, "data_time": 0.0017928174694480797, "fwd": 0.031521391868591306, "get_state_time_mean": NaN, "get_state_time_total": 0.0, "grad": 0.049434232711791995, "mean_accuracy": 0.09994999691843987, "mean_loss": 2.3510653354644777, "neg_mean_accuracy": -0.09999999403953552, "set_state_time_mean": NaN, "set_state_time_total": 0.0, "setup_model_time_mean": NaN, "setup_model_time_total": 0.0, "setup_proc_time_mean": NaN, "setup_proc_time_total": 0.0, "train_accuracy": 0.11617999523878098, "train_loss": 2.3145014866638185, "training_time_mean": NaN, "training_time_total": 0.0, "val_accuracy": 0.09999999403953552, "val_loss": 2.3209544006347658, "validation_time_mean": NaN, "validation_time_total": 0.0, "samples": 60000, "num_workers": 1, "done": false, "timesteps_total": null, "episodes_total": null, "training_iteration": 2, "neg_mean_loss": -2.3510653354644777, "experiment_id": "93cbe74e009a4d85a20156ea217e960b", "date": "2019-06-03_03-35-39", "timestamp": 1559558139, "time_this_iter_s": 41.504603147506714, "time_total_s": 90.3140869140625, "pid": 13431, "hostname": "steropes", "node_ip": "169.229.49.254", "config": {"starting_lr": 0.5, "momentum": 0.95, "weight_decay": 0.0001, "steps_per_iteration": null, "pin": false, "model_creator": null, "target_batch_size": 128, "model_string": "resnet50", "min_batch_size": 128, "dataset": "CIFAR", "placement": null, "use_nccl": true, "devices_per_worker": 1, "primary_resource": "extra_gpu", "gpu": false, "verbose": false, "lr_config": {"mode": "log", "steps": 5, "initial_lr": 0.5, "target_lr": 0.5}, "batch_per_device": 128}, "time_since_restore": 90.3140869140625, "timesteps_since_restore": 0, "iterations_since_restore": 2, "mean_throughput": 1328.6927984272763, "atoms": 1, "setup_time": 20.190056324005127}
{"apply": 0.0208942174911499, "batch_time": 0.03320502329476272, "d2h": 0.0008018732070922852, "data_time": 0.0018056347546979898, "fwd": 0.030661821365356445, "get_state_time_mean": NaN, "get_state_time_total": 0.0, "grad": 0.04961233139038086, "mean_accuracy": 0.09996666262547176, "mean_loss": 2.3429716684977215, "neg_mean_accuracy": -0.09999999403953552, "set_state_time_mean": NaN, "set_state_time_total": 0.0, "setup_model_time_mean": NaN, "setup_model_time_total": 0.0, "setup_proc_time_mean": NaN, "setup_proc_time_total": 0.0, "train_accuracy": 0.10173999518156052, "train_loss": 2.3320160150146485, "training_time_mean": NaN, "training_time_total": 0.0, "val_accuracy": 0.09999999403953552, "val_loss": 2.326784334564209, "validation_time_mean": NaN, "validation_time_total": 0.0, "samples": 60000, "num_workers": 1, "done": true, "timesteps_total": null, "episodes_total": null, "training_iteration": 3, "neg_mean_loss": -2.3429716684977215, "experiment_id": "93cbe74e009a4d85a20156ea217e960b", "date": "2019-06-03_03-36-20", "timestamp": 1559558180, "time_this_iter_s": 41.40143084526062, "time_total_s": 131.71551775932312, "pid": 13431, "hostname": "steropes", "node_ip": "169.229.49.254", "config": {"starting_lr": 0.5, "momentum": 0.95, "weight_decay": 0.0001, "steps_per_iteration": null, "pin": false, "model_creator": null, "target_batch_size": 128, "model_string": "resnet50", "min_batch_size": 128, "dataset": "CIFAR", "placement": null, "use_nccl": true, "devices_per_worker": 1, "primary_resource": "extra_gpu", "gpu": false, "verbose": false, "lr_config": {"mode": "log", "steps": 5, "initial_lr": 0.5, "target_lr": 0.5}, "batch_per_device": 128}, "time_since_restore": 131.71551775932312, "timesteps_since_restore": 0, "iterations_since_restore": 3, "mean_throughput": 1366.5781041910304, "atoms": 1, "setup_time": 20.190056324005127}
