apply,batch_time,d2h,data_time,fwd,get_state_time_mean,get_state_time_total,grad,mean_accuracy,mean_loss,neg_mean_accuracy,set_state_time_mean,set_state_time_total,setup_model_time_mean,setup_model_time_total,setup_proc_time_mean,setup_proc_time_total,train_accuracy,train_loss,training_time_mean,training_time_total,validation_time_mean,validation_time_total,samples,num_workers,done,timesteps_total,episodes_total,training_iteration,neg_mean_loss,experiment_id,date,timestamp,time_this_iter_s,time_total_s,pid,hostname,node_ip,config,time_since_restore,timesteps_since_restore,iterations_since_restore,mean_throughput,atoms,resource_time
0.007702970504760742,0.17770705223083497,0.004777860641479492,0.03985681825754594,0.07755639553070068,nan,0.0,0.18235621452331544,0.11089999973773956,2.364542476654053,-0.11089999973773956,nan,0.0,8.91131591796875,8.91131591796875,0.45884275436401367,0.45884275436401367,0.10465999692678452,4.586804796676636,nan,0.0,nan,0.0,60000,1,False,,,1,-2.364542476654053,171732138f844c21990dc316bbfc67cd,2019-05-30_15-00-25,1559253625,11.795500040054321,11.795500040054321,32743,steropes,169.229.49.254,"{'starting_lr': 0.5, 'momentum': 0.9, 'weight_decay': 0.0005, 'steps_per_iteration': None, 'pin': False, 'model_creator': None, 'target_batch_size': 1024, 'model_string': 'resnet18', 'min_batch_size': 512, 'dataset': 'CIFAR', 'placement': None, 'use_nccl': True, 'devices_per_worker': 1, 'primary_resource': 'extra_gpu', 'gpu': False, 'verbose': False, 'lr_config': {'mode': 'log', 'steps': 5, 'initial_lr': 0.5, 'target_lr': 0.5}, 'batch_per_device': 1024}",11.795500040054321,0,1,5086.63448437283,1,11.795500040054321
0.007023239135742187,0.12014756202697754,0.005309104919433594,0.04085444917484206,0.022637128829956055,nan,0.0,0.04448864459991455,0.2029999941587448,2.1143552043914795,-0.2029999941587448,nan,0.0,nan,0.0,nan,0.0,0.13985998928546906,2.2430028089904783,nan,0.0,nan,0.0,60000,1,False,,,2,-2.1143552043914795,171732138f844c21990dc316bbfc67cd,2019-05-30_15-00-33,1559253633,8.136607885360718,19.93210792541504,32743,steropes,169.229.49.254,"{'starting_lr': 0.5, 'momentum': 0.9, 'weight_decay': 0.0005, 'steps_per_iteration': None, 'pin': False, 'model_creator': None, 'target_batch_size': 1024, 'model_string': 'resnet18', 'min_batch_size': 512, 'dataset': 'CIFAR', 'placement': None, 'use_nccl': True, 'devices_per_worker': 1, 'primary_resource': 'extra_gpu', 'gpu': False, 'verbose': False, 'lr_config': {'mode': 'log', 'steps': 5, 'initial_lr': 0.5, 'target_lr': 0.5}, 'batch_per_device': 1024}",19.93210792541504,0,2,6020.378451348843,1,19.93210792541504
0.007273983955383301,0.12653052806854248,0.004951930046081543,0.04718954709111428,0.022042512893676758,nan,0.0,0.04420795440673828,0.1955999881029129,2.0429320083618165,-0.1955999881029129,nan,0.0,nan,0.0,nan,0.0,0.2113799899816513,1.9861029622268678,nan,0.0,nan,0.0,60000,1,False,,,3,-2.0429320083618165,171732138f844c21990dc316bbfc67cd,2019-05-30_15-00-42,1559253642,8.74648904800415,28.67859697341919,32743,steropes,169.229.49.254,"{'starting_lr': 0.5, 'momentum': 0.9, 'weight_decay': 0.0005, 'steps_per_iteration': None, 'pin': False, 'model_creator': None, 'target_batch_size': 1024, 'model_string': 'resnet18', 'min_batch_size': 512, 'dataset': 'CIFAR', 'placement': None, 'use_nccl': True, 'devices_per_worker': 1, 'primary_resource': 'extra_gpu', 'gpu': False, 'verbose': False, 'lr_config': {'mode': 'log', 'steps': 5, 'initial_lr': 0.5, 'target_lr': 0.5}, 'batch_per_device': 1024}",28.67859697341919,0,3,6276.398710280746,1,28.67859697341919
0.007701396942138672,0.125854754447937,0.005369901657104492,0.06539875147294025,0.02558581829071045,nan,0.0,0.04665658473968506,0.23240000009536743,2.058074248123169,-0.23240000009536743,nan,0.0,nan,0.0,nan,0.0,0.25589999556541443,1.872703430480957,nan,0.0,nan,0.0,60000,1,False,,,4,-2.058074248123169,171732138f844c21990dc316bbfc67cd,2019-05-30_15-00-51,1559253651,9.230832815170288,37.90942978858948,32743,steropes,169.229.49.254,"{'starting_lr': 0.5, 'momentum': 0.9, 'weight_decay': 0.0005, 'steps_per_iteration': None, 'pin': False, 'model_creator': None, 'target_batch_size': 1024, 'model_string': 'resnet18', 'min_batch_size': 512, 'dataset': 'CIFAR', 'placement': None, 'use_nccl': True, 'devices_per_worker': 1, 'primary_resource': 'extra_gpu', 'gpu': False, 'verbose': False, 'lr_config': {'mode': 'log', 'steps': 5, 'initial_lr': 0.5, 'target_lr': 0.5}, 'batch_per_device': 1024}",37.90942978858948,0,4,6330.819731358015,1,37.90942978858948
0.007108569145202637,0.13055732250213622,0.005529642105102539,0.06306529531673509,0.024372673034667967,nan,0.0,0.045700693130493165,0.3034999966621399,1.7473328834533692,-0.3034999966621399,nan,0.0,nan,0.0,nan,0.0,0.30621999502182007,1.7638509956359862,nan,0.0,nan,0.0,60000,1,False,,,5,-1.7473328834533692,171732138f844c21990dc316bbfc67cd,2019-05-30_15-01-00,1559253660,9.143470525741577,47.052900314331055,32743,steropes,169.229.49.254,"{'starting_lr': 0.5, 'momentum': 0.9, 'weight_decay': 0.0005, 'steps_per_iteration': None, 'pin': False, 'model_creator': None, 'target_batch_size': 1024, 'model_string': 'resnet18', 'min_batch_size': 512, 'dataset': 'CIFAR', 'placement': None, 'use_nccl': True, 'devices_per_worker': 1, 'primary_resource': 'extra_gpu', 'gpu': False, 'verbose': False, 'lr_config': {'mode': 'log', 'steps': 5, 'initial_lr': 0.5, 'target_lr': 0.5}, 'batch_per_device': 1024}",47.052900314331055,0,5,6375.744263648349,1,47.052900314331055
0.00884392261505127,0.12747204303741455,0.008177924156188964,0.0547614048938362,0.026400089263916016,nan,0.0,0.05074553489685059,0.34759998321533203,1.7216750324249268,-0.34759998321533203,nan,0.0,nan,0.0,nan,0.0,0.3358599841594696,1.6985998656082153,nan,0.0,nan,0.0,60000,1,False,,,6,-1.7216750324249268,171732138f844c21990dc316bbfc67cd,2019-05-30_15-01-09,1559253669,8.883790016174316,55.93669033050537,32743,steropes,169.229.49.254,"{'starting_lr': 0.5, 'momentum': 0.9, 'weight_decay': 0.0005, 'steps_per_iteration': None, 'pin': False, 'model_creator': None, 'target_batch_size': 1024, 'model_string': 'resnet18', 'min_batch_size': 512, 'dataset': 'CIFAR', 'placement': None, 'use_nccl': True, 'devices_per_worker': 1, 'primary_resource': 'extra_gpu', 'gpu': False, 'verbose': False, 'lr_config': {'mode': 'log', 'steps': 5, 'initial_lr': 0.5, 'target_lr': 0.5}, 'batch_per_device': 1024}",55.93669033050537,0,6,6796.312238908223,1,55.93669033050537
0.0071999549865722655,0.131461501121521,0.005647706985473633,0.05710592561838578,0.030971813201904296,nan,0.0,0.04866878986358643,0.38819998502731323,1.6052924404144286,-0.38819998502731323,nan,0.0,nan,0.0,nan,0.0,0.38979998230934143,1.6058017189788818,nan,0.0,nan,0.0,60000,1,False,,,7,-1.6052924404144286,171732138f844c21990dc316bbfc67cd,2019-05-30_15-01-18,1559253678,9.006824493408203,64.94351482391357,32743,steropes,169.229.49.254,"{'starting_lr': 0.5, 'momentum': 0.9, 'weight_decay': 0.0005, 'steps_per_iteration': None, 'pin': False, 'model_creator': None, 'target_batch_size': 1024, 'model_string': 'resnet18', 'min_batch_size': 512, 'dataset': 'CIFAR', 'placement': None, 'use_nccl': True, 'devices_per_worker': 1, 'primary_resource': 'extra_gpu', 'gpu': False, 'verbose': False, 'lr_config': {'mode': 'log', 'steps': 5, 'initial_lr': 0.5, 'target_lr': 0.5}, 'batch_per_device': 1024}",64.94351482391357,0,7,6664.918863380952,1,64.94351482391357
0.00773618221282959,0.15459752082824707,0.0070668220520019535,0.04788063010390924,0.02382991313934326,nan,0.0,0.05037834644317627,0.35580000281333923,1.7483373374938964,-0.35580000281333923,nan,0.0,nan,0.0,nan,0.0,0.4087999761104584,1.561306315841675,nan,0.0,nan,0.0,60000,1,False,,,8,-1.7483373374938964,171732138f844c21990dc316bbfc67cd,2019-05-30_15-01-27,1559253687,8.827849626541138,73.77136445045471,32743,steropes,169.229.49.254,"{'starting_lr': 0.5, 'momentum': 0.9, 'weight_decay': 0.0005, 'steps_per_iteration': None, 'pin': False, 'model_creator': None, 'target_batch_size': 1024, 'model_string': 'resnet18', 'min_batch_size': 512, 'dataset': 'CIFAR', 'placement': None, 'use_nccl': True, 'devices_per_worker': 1, 'primary_resource': 'extra_gpu', 'gpu': False, 'verbose': False, 'lr_config': {'mode': 'log', 'steps': 5, 'initial_lr': 0.5, 'target_lr': 0.5}, 'batch_per_device': 1024}",73.77136445045471,0,8,6652.893148168464,1,73.77136445045471
0.007534170150756836,0.13003830909729003,0.00610508918762207,0.05449711546605947,0.027217507362365723,nan,0.0,0.04987919330596924,0.38419997692108154,1.6955939680099488,-0.38419997692108154,nan,0.0,nan,0.0,nan,0.0,0.43727999925613403,1.5064169414138795,nan,0.0,nan,0.0,60000,1,False,,,9,-1.6955939680099488,171732138f844c21990dc316bbfc67cd,2019-05-30_15-01-36,1559253696,8.98508596420288,82.75645041465759,32743,steropes,169.229.49.254,"{'starting_lr': 0.5, 'momentum': 0.9, 'weight_decay': 0.0005, 'steps_per_iteration': None, 'pin': False, 'model_creator': None, 'target_batch_size': 1024, 'model_string': 'resnet18', 'min_batch_size': 512, 'dataset': 'CIFAR', 'placement': None, 'use_nccl': True, 'devices_per_worker': 1, 'primary_resource': 'extra_gpu', 'gpu': False, 'verbose': False, 'lr_config': {'mode': 'log', 'steps': 5, 'initial_lr': 0.5, 'target_lr': 0.5}, 'batch_per_device': 1024}",82.75645041465759,0,9,6689.349797510323,1,82.75645041465759
0.007729196548461914,0.1483920097351074,0.005161738395690918,0.05218301500592913,0.023835110664367675,nan,0.0,0.04537651538848877,0.4594999849796295,1.458258576965332,-0.4594999849796295,nan,0.0,nan,0.0,nan,0.0,0.4680199921131134,1.4273059468460083,nan,0.0,nan,0.0,60000,1,False,,,10,-1.458258576965332,171732138f844c21990dc316bbfc67cd,2019-05-30_15-01-45,1559253705,9.109548807144165,91.86599922180176,32743,steropes,169.229.49.254,"{'starting_lr': 0.5, 'momentum': 0.9, 'weight_decay': 0.0005, 'steps_per_iteration': None, 'pin': False, 'model_creator': None, 'target_batch_size': 1024, 'model_string': 'resnet18', 'min_batch_size': 512, 'dataset': 'CIFAR', 'placement': None, 'use_nccl': True, 'devices_per_worker': 1, 'primary_resource': 'extra_gpu', 'gpu': False, 'verbose': False, 'lr_config': {'mode': 'log', 'steps': 5, 'initial_lr': 0.5, 'target_lr': 0.5}, 'batch_per_device': 1024}",91.86599922180176,0,10,6694.41200545929,1,91.86599922180176
0.00701436996459961,0.1368640184402466,0.005125617980957032,0.044619127195708604,0.022606253623962402,nan,0.0,0.045333147048950195,0.5304999947547913,1.2915249160766602,-0.5304999947547913,nan,0.0,nan,0.0,nan,0.0,0.5202199816703796,1.3033903619766236,nan,0.0,nan,0.0,60000,1,True,,,11,-1.2915249160766602,171732138f844c21990dc316bbfc67cd,2019-05-30_15-01-54,1559253714,8.601430892944336,100.4674301147461,32743,steropes,169.229.49.254,"{'starting_lr': 0.5, 'momentum': 0.9, 'weight_decay': 0.0005, 'steps_per_iteration': None, 'pin': False, 'model_creator': None, 'target_batch_size': 1024, 'model_string': 'resnet18', 'min_batch_size': 512, 'dataset': 'CIFAR', 'placement': None, 'use_nccl': True, 'devices_per_worker': 1, 'primary_resource': 'extra_gpu', 'gpu': False, 'verbose': False, 'lr_config': {'mode': 'log', 'steps': 5, 'initial_lr': 0.5, 'target_lr': 0.5}, 'batch_per_device': 1024}",100.4674301147461,0,11,6736.860139706634,1,100.4674301147461
