{"apply": 0.007702970504760742, "batch_time": 0.17770705223083497, "d2h": 0.004777860641479492, "data_time": 0.03985681825754594, "fwd": 0.07755639553070068, "get_state_time_mean": NaN, "get_state_time_total": 0.0, "grad": 0.18235621452331544, "mean_accuracy": 0.11089999973773956, "mean_loss": 2.364542476654053, "neg_mean_accuracy": -0.11089999973773956, "set_state_time_mean": NaN, "set_state_time_total": 0.0, "setup_model_time_mean": 8.91131591796875, "setup_model_time_total": 8.91131591796875, "setup_proc_time_mean": 0.45884275436401367, "setup_proc_time_total": 0.45884275436401367, "train_accuracy": 0.10465999692678452, "train_loss": 4.586804796676636, "training_time_mean": NaN, "training_time_total": 0.0, "validation_time_mean": NaN, "validation_time_total": 0.0, "samples": 60000, "num_workers": 1, "done": false, "timesteps_total": null, "episodes_total": null, "training_iteration": 1, "neg_mean_loss": -2.364542476654053, "experiment_id": "171732138f844c21990dc316bbfc67cd", "date": "2019-05-30_15-00-25", "timestamp": 1559253625, "time_this_iter_s": 11.795500040054321, "time_total_s": 11.795500040054321, "pid": 32743, "hostname": "steropes", "node_ip": "169.229.49.254", "config": {"starting_lr": 0.5, "momentum": 0.9, "weight_decay": 0.0005, "steps_per_iteration": null, "pin": false, "model_creator": null, "target_batch_size": 1024, "model_string": "resnet18", "min_batch_size": 512, "dataset": "CIFAR", "placement": null, "use_nccl": true, "devices_per_worker": 1, "primary_resource": "extra_gpu", "gpu": false, "verbose": false, "lr_config": {"mode": "log", "steps": 5, "initial_lr": 0.5, "target_lr": 0.5}, "batch_per_device": 1024}, "time_since_restore": 11.795500040054321, "timesteps_since_restore": 0, "iterations_since_restore": 1, "mean_throughput": 5086.63448437283, "atoms": 1, "resource_time": 11.795500040054321}
{"apply": 0.007023239135742187, "batch_time": 0.12014756202697754, "d2h": 0.005309104919433594, "data_time": 0.04085444917484206, "fwd": 0.022637128829956055, "get_state_time_mean": NaN, "get_state_time_total": 0.0, "grad": 0.04448864459991455, "mean_accuracy": 0.2029999941587448, "mean_loss": 2.1143552043914795, "neg_mean_accuracy": -0.2029999941587448, "set_state_time_mean": NaN, "set_state_time_total": 0.0, "setup_model_time_mean": NaN, "setup_model_time_total": 0.0, "setup_proc_time_mean": NaN, "setup_proc_time_total": 0.0, "train_accuracy": 0.13985998928546906, "train_loss": 2.2430028089904783, "training_time_mean": NaN, "training_time_total": 0.0, "validation_time_mean": NaN, "validation_time_total": 0.0, "samples": 60000, "num_workers": 1, "done": false, "timesteps_total": null, "episodes_total": null, "training_iteration": 2, "neg_mean_loss": -2.1143552043914795, "experiment_id": "171732138f844c21990dc316bbfc67cd", "date": "2019-05-30_15-00-33", "timestamp": 1559253633, "time_this_iter_s": 8.136607885360718, "time_total_s": 19.93210792541504, "pid": 32743, "hostname": "steropes", "node_ip": "169.229.49.254", "config": {"starting_lr": 0.5, "momentum": 0.9, "weight_decay": 0.0005, "steps_per_iteration": null, "pin": false, "model_creator": null, "target_batch_size": 1024, "model_string": "resnet18", "min_batch_size": 512, "dataset": "CIFAR", "placement": null, "use_nccl": true, "devices_per_worker": 1, "primary_resource": "extra_gpu", "gpu": false, "verbose": false, "lr_config": {"mode": "log", "steps": 5, "initial_lr": 0.5, "target_lr": 0.5}, "batch_per_device": 1024}, "time_since_restore": 19.93210792541504, "timesteps_since_restore": 0, "iterations_since_restore": 2, "mean_throughput": 6020.378451348843, "atoms": 1, "resource_time": 19.93210792541504}
{"apply": 0.007273983955383301, "batch_time": 0.12653052806854248, "d2h": 0.004951930046081543, "data_time": 0.04718954709111428, "fwd": 0.022042512893676758, "get_state_time_mean": NaN, "get_state_time_total": 0.0, "grad": 0.04420795440673828, "mean_accuracy": 0.1955999881029129, "mean_loss": 2.0429320083618165, "neg_mean_accuracy": -0.1955999881029129, "set_state_time_mean": NaN, "set_state_time_total": 0.0, "setup_model_time_mean": NaN, "setup_model_time_total": 0.0, "setup_proc_time_mean": NaN, "setup_proc_time_total": 0.0, "train_accuracy": 0.2113799899816513, "train_loss": 1.9861029622268678, "training_time_mean": NaN, "training_time_total": 0.0, "validation_time_mean": NaN, "validation_time_total": 0.0, "samples": 60000, "num_workers": 1, "done": false, "timesteps_total": null, "episodes_total": null, "training_iteration": 3, "neg_mean_loss": -2.0429320083618165, "experiment_id": "171732138f844c21990dc316bbfc67cd", "date": "2019-05-30_15-00-42", "timestamp": 1559253642, "time_this_iter_s": 8.74648904800415, "time_total_s": 28.67859697341919, "pid": 32743, "hostname": "steropes", "node_ip": "169.229.49.254", "config": {"starting_lr": 0.5, "momentum": 0.9, "weight_decay": 0.0005, "steps_per_iteration": null, "pin": false, "model_creator": null, "target_batch_size": 1024, "model_string": "resnet18", "min_batch_size": 512, "dataset": "CIFAR", "placement": null, "use_nccl": true, "devices_per_worker": 1, "primary_resource": "extra_gpu", "gpu": false, "verbose": false, "lr_config": {"mode": "log", "steps": 5, "initial_lr": 0.5, "target_lr": 0.5}, "batch_per_device": 1024}, "time_since_restore": 28.67859697341919, "timesteps_since_restore": 0, "iterations_since_restore": 3, "mean_throughput": 6276.398710280746, "atoms": 1, "resource_time": 28.67859697341919}
{"apply": 0.007701396942138672, "batch_time": 0.125854754447937, "d2h": 0.005369901657104492, "data_time": 0.06539875147294025, "fwd": 0.02558581829071045, "get_state_time_mean": NaN, "get_state_time_total": 0.0, "grad": 0.04665658473968506, "mean_accuracy": 0.23240000009536743, "mean_loss": 2.058074248123169, "neg_mean_accuracy": -0.23240000009536743, "set_state_time_mean": NaN, "set_state_time_total": 0.0, "setup_model_time_mean": NaN, "setup_model_time_total": 0.0, "setup_proc_time_mean": NaN, "setup_proc_time_total": 0.0, "train_accuracy": 0.25589999556541443, "train_loss": 1.872703430480957, "training_time_mean": NaN, "training_time_total": 0.0, "validation_time_mean": NaN, "validation_time_total": 0.0, "samples": 60000, "num_workers": 1, "done": false, "timesteps_total": null, "episodes_total": null, "training_iteration": 4, "neg_mean_loss": -2.058074248123169, "experiment_id": "171732138f844c21990dc316bbfc67cd", "date": "2019-05-30_15-00-51", "timestamp": 1559253651, "time_this_iter_s": 9.230832815170288, "time_total_s": 37.90942978858948, "pid": 32743, "hostname": "steropes", "node_ip": "169.229.49.254", "config": {"starting_lr": 0.5, "momentum": 0.9, "weight_decay": 0.0005, "steps_per_iteration": null, "pin": false, "model_creator": null, "target_batch_size": 1024, "model_string": "resnet18", "min_batch_size": 512, "dataset": "CIFAR", "placement": null, "use_nccl": true, "devices_per_worker": 1, "primary_resource": "extra_gpu", "gpu": false, "verbose": false, "lr_config": {"mode": "log", "steps": 5, "initial_lr": 0.5, "target_lr": 0.5}, "batch_per_device": 1024}, "time_since_restore": 37.90942978858948, "timesteps_since_restore": 0, "iterations_since_restore": 4, "mean_throughput": 6330.819731358015, "atoms": 1, "resource_time": 37.90942978858948}
{"apply": 0.007108569145202637, "batch_time": 0.13055732250213622, "d2h": 0.005529642105102539, "data_time": 0.06306529531673509, "fwd": 0.024372673034667967, "get_state_time_mean": NaN, "get_state_time_total": 0.0, "grad": 0.045700693130493165, "mean_accuracy": 0.3034999966621399, "mean_loss": 1.7473328834533692, "neg_mean_accuracy": -0.3034999966621399, "set_state_time_mean": NaN, "set_state_time_total": 0.0, "setup_model_time_mean": NaN, "setup_model_time_total": 0.0, "setup_proc_time_mean": NaN, "setup_proc_time_total": 0.0, "train_accuracy": 0.30621999502182007, "train_loss": 1.7638509956359862, "training_time_mean": NaN, "training_time_total": 0.0, "validation_time_mean": NaN, "validation_time_total": 0.0, "samples": 60000, "num_workers": 1, "done": false, "timesteps_total": null, "episodes_total": null, "training_iteration": 5, "neg_mean_loss": -1.7473328834533692, "experiment_id": "171732138f844c21990dc316bbfc67cd", "date": "2019-05-30_15-01-00", "timestamp": 1559253660, "time_this_iter_s": 9.143470525741577, "time_total_s": 47.052900314331055, "pid": 32743, "hostname": "steropes", "node_ip": "169.229.49.254", "config": {"starting_lr": 0.5, "momentum": 0.9, "weight_decay": 0.0005, "steps_per_iteration": null, "pin": false, "model_creator": null, "target_batch_size": 1024, "model_string": "resnet18", "min_batch_size": 512, "dataset": "CIFAR", "placement": null, "use_nccl": true, "devices_per_worker": 1, "primary_resource": "extra_gpu", "gpu": false, "verbose": false, "lr_config": {"mode": "log", "steps": 5, "initial_lr": 0.5, "target_lr": 0.5}, "batch_per_device": 1024}, "time_since_restore": 47.052900314331055, "timesteps_since_restore": 0, "iterations_since_restore": 5, "mean_throughput": 6375.744263648349, "atoms": 1, "resource_time": 47.052900314331055}
{"apply": 0.00884392261505127, "batch_time": 0.12747204303741455, "d2h": 0.008177924156188964, "data_time": 0.0547614048938362, "fwd": 0.026400089263916016, "get_state_time_mean": NaN, "get_state_time_total": 0.0, "grad": 0.05074553489685059, "mean_accuracy": 0.34759998321533203, "mean_loss": 1.7216750324249268, "neg_mean_accuracy": -0.34759998321533203, "set_state_time_mean": NaN, "set_state_time_total": 0.0, "setup_model_time_mean": NaN, "setup_model_time_total": 0.0, "setup_proc_time_mean": NaN, "setup_proc_time_total": 0.0, "train_accuracy": 0.3358599841594696, "train_loss": 1.6985998656082153, "training_time_mean": NaN, "training_time_total": 0.0, "validation_time_mean": NaN, "validation_time_total": 0.0, "samples": 60000, "num_workers": 1, "done": false, "timesteps_total": null, "episodes_total": null, "training_iteration": 6, "neg_mean_loss": -1.7216750324249268, "experiment_id": "171732138f844c21990dc316bbfc67cd", "date": "2019-05-30_15-01-09", "timestamp": 1559253669, "time_this_iter_s": 8.883790016174316, "time_total_s": 55.93669033050537, "pid": 32743, "hostname": "steropes", "node_ip": "169.229.49.254", "config": {"starting_lr": 0.5, "momentum": 0.9, "weight_decay": 0.0005, "steps_per_iteration": null, "pin": false, "model_creator": null, "target_batch_size": 1024, "model_string": "resnet18", "min_batch_size": 512, "dataset": "CIFAR", "placement": null, "use_nccl": true, "devices_per_worker": 1, "primary_resource": "extra_gpu", "gpu": false, "verbose": false, "lr_config": {"mode": "log", "steps": 5, "initial_lr": 0.5, "target_lr": 0.5}, "batch_per_device": 1024}, "time_since_restore": 55.93669033050537, "timesteps_since_restore": 0, "iterations_since_restore": 6, "mean_throughput": 6796.312238908223, "atoms": 1, "resource_time": 55.93669033050537}
{"apply": 0.0071999549865722655, "batch_time": 0.131461501121521, "d2h": 0.005647706985473633, "data_time": 0.05710592561838578, "fwd": 0.030971813201904296, "get_state_time_mean": NaN, "get_state_time_total": 0.0, "grad": 0.04866878986358643, "mean_accuracy": 0.38819998502731323, "mean_loss": 1.6052924404144286, "neg_mean_accuracy": -0.38819998502731323, "set_state_time_mean": NaN, "set_state_time_total": 0.0, "setup_model_time_mean": NaN, "setup_model_time_total": 0.0, "setup_proc_time_mean": NaN, "setup_proc_time_total": 0.0, "train_accuracy": 0.38979998230934143, "train_loss": 1.6058017189788818, "training_time_mean": NaN, "training_time_total": 0.0, "validation_time_mean": NaN, "validation_time_total": 0.0, "samples": 60000, "num_workers": 1, "done": false, "timesteps_total": null, "episodes_total": null, "training_iteration": 7, "neg_mean_loss": -1.6052924404144286, "experiment_id": "171732138f844c21990dc316bbfc67cd", "date": "2019-05-30_15-01-18", "timestamp": 1559253678, "time_this_iter_s": 9.006824493408203, "time_total_s": 64.94351482391357, "pid": 32743, "hostname": "steropes", "node_ip": "169.229.49.254", "config": {"starting_lr": 0.5, "momentum": 0.9, "weight_decay": 0.0005, "steps_per_iteration": null, "pin": false, "model_creator": null, "target_batch_size": 1024, "model_string": "resnet18", "min_batch_size": 512, "dataset": "CIFAR", "placement": null, "use_nccl": true, "devices_per_worker": 1, "primary_resource": "extra_gpu", "gpu": false, "verbose": false, "lr_config": {"mode": "log", "steps": 5, "initial_lr": 0.5, "target_lr": 0.5}, "batch_per_device": 1024}, "time_since_restore": 64.94351482391357, "timesteps_since_restore": 0, "iterations_since_restore": 7, "mean_throughput": 6664.918863380952, "atoms": 1, "resource_time": 64.94351482391357}
{"apply": 0.00773618221282959, "batch_time": 0.15459752082824707, "d2h": 0.0070668220520019535, "data_time": 0.04788063010390924, "fwd": 0.02382991313934326, "get_state_time_mean": NaN, "get_state_time_total": 0.0, "grad": 0.05037834644317627, "mean_accuracy": 0.35580000281333923, "mean_loss": 1.7483373374938964, "neg_mean_accuracy": -0.35580000281333923, "set_state_time_mean": NaN, "set_state_time_total": 0.0, "setup_model_time_mean": NaN, "setup_model_time_total": 0.0, "setup_proc_time_mean": NaN, "setup_proc_time_total": 0.0, "train_accuracy": 0.4087999761104584, "train_loss": 1.561306315841675, "training_time_mean": NaN, "training_time_total": 0.0, "validation_time_mean": NaN, "validation_time_total": 0.0, "samples": 60000, "num_workers": 1, "done": false, "timesteps_total": null, "episodes_total": null, "training_iteration": 8, "neg_mean_loss": -1.7483373374938964, "experiment_id": "171732138f844c21990dc316bbfc67cd", "date": "2019-05-30_15-01-27", "timestamp": 1559253687, "time_this_iter_s": 8.827849626541138, "time_total_s": 73.77136445045471, "pid": 32743, "hostname": "steropes", "node_ip": "169.229.49.254", "config": {"starting_lr": 0.5, "momentum": 0.9, "weight_decay": 0.0005, "steps_per_iteration": null, "pin": false, "model_creator": null, "target_batch_size": 1024, "model_string": "resnet18", "min_batch_size": 512, "dataset": "CIFAR", "placement": null, "use_nccl": true, "devices_per_worker": 1, "primary_resource": "extra_gpu", "gpu": false, "verbose": false, "lr_config": {"mode": "log", "steps": 5, "initial_lr": 0.5, "target_lr": 0.5}, "batch_per_device": 1024}, "time_since_restore": 73.77136445045471, "timesteps_since_restore": 0, "iterations_since_restore": 8, "mean_throughput": 6652.893148168464, "atoms": 1, "resource_time": 73.77136445045471}
{"apply": 0.007534170150756836, "batch_time": 0.13003830909729003, "d2h": 0.00610508918762207, "data_time": 0.05449711546605947, "fwd": 0.027217507362365723, "get_state_time_mean": NaN, "get_state_time_total": 0.0, "grad": 0.04987919330596924, "mean_accuracy": 0.38419997692108154, "mean_loss": 1.6955939680099488, "neg_mean_accuracy": -0.38419997692108154, "set_state_time_mean": NaN, "set_state_time_total": 0.0, "setup_model_time_mean": NaN, "setup_model_time_total": 0.0, "setup_proc_time_mean": NaN, "setup_proc_time_total": 0.0, "train_accuracy": 0.43727999925613403, "train_loss": 1.5064169414138795, "training_time_mean": NaN, "training_time_total": 0.0, "validation_time_mean": NaN, "validation_time_total": 0.0, "samples": 60000, "num_workers": 1, "done": false, "timesteps_total": null, "episodes_total": null, "training_iteration": 9, "neg_mean_loss": -1.6955939680099488, "experiment_id": "171732138f844c21990dc316bbfc67cd", "date": "2019-05-30_15-01-36", "timestamp": 1559253696, "time_this_iter_s": 8.98508596420288, "time_total_s": 82.75645041465759, "pid": 32743, "hostname": "steropes", "node_ip": "169.229.49.254", "config": {"starting_lr": 0.5, "momentum": 0.9, "weight_decay": 0.0005, "steps_per_iteration": null, "pin": false, "model_creator": null, "target_batch_size": 1024, "model_string": "resnet18", "min_batch_size": 512, "dataset": "CIFAR", "placement": null, "use_nccl": true, "devices_per_worker": 1, "primary_resource": "extra_gpu", "gpu": false, "verbose": false, "lr_config": {"mode": "log", "steps": 5, "initial_lr": 0.5, "target_lr": 0.5}, "batch_per_device": 1024}, "time_since_restore": 82.75645041465759, "timesteps_since_restore": 0, "iterations_since_restore": 9, "mean_throughput": 6689.349797510323, "atoms": 1, "resource_time": 82.75645041465759}
{"apply": 0.007729196548461914, "batch_time": 0.1483920097351074, "d2h": 0.005161738395690918, "data_time": 0.05218301500592913, "fwd": 0.023835110664367675, "get_state_time_mean": NaN, "get_state_time_total": 0.0, "grad": 0.04537651538848877, "mean_accuracy": 0.4594999849796295, "mean_loss": 1.458258576965332, "neg_mean_accuracy": -0.4594999849796295, "set_state_time_mean": NaN, "set_state_time_total": 0.0, "setup_model_time_mean": NaN, "setup_model_time_total": 0.0, "setup_proc_time_mean": NaN, "setup_proc_time_total": 0.0, "train_accuracy": 0.4680199921131134, "train_loss": 1.4273059468460083, "training_time_mean": NaN, "training_time_total": 0.0, "validation_time_mean": NaN, "validation_time_total": 0.0, "samples": 60000, "num_workers": 1, "done": false, "timesteps_total": null, "episodes_total": null, "training_iteration": 10, "neg_mean_loss": -1.458258576965332, "experiment_id": "171732138f844c21990dc316bbfc67cd", "date": "2019-05-30_15-01-45", "timestamp": 1559253705, "time_this_iter_s": 9.109548807144165, "time_total_s": 91.86599922180176, "pid": 32743, "hostname": "steropes", "node_ip": "169.229.49.254", "config": {"starting_lr": 0.5, "momentum": 0.9, "weight_decay": 0.0005, "steps_per_iteration": null, "pin": false, "model_creator": null, "target_batch_size": 1024, "model_string": "resnet18", "min_batch_size": 512, "dataset": "CIFAR", "placement": null, "use_nccl": true, "devices_per_worker": 1, "primary_resource": "extra_gpu", "gpu": false, "verbose": false, "lr_config": {"mode": "log", "steps": 5, "initial_lr": 0.5, "target_lr": 0.5}, "batch_per_device": 1024}, "time_since_restore": 91.86599922180176, "timesteps_since_restore": 0, "iterations_since_restore": 10, "mean_throughput": 6694.41200545929, "atoms": 1, "resource_time": 91.86599922180176}
{"apply": 0.00701436996459961, "batch_time": 0.1368640184402466, "d2h": 0.005125617980957032, "data_time": 0.044619127195708604, "fwd": 0.022606253623962402, "get_state_time_mean": NaN, "get_state_time_total": 0.0, "grad": 0.045333147048950195, "mean_accuracy": 0.5304999947547913, "mean_loss": 1.2915249160766602, "neg_mean_accuracy": -0.5304999947547913, "set_state_time_mean": NaN, "set_state_time_total": 0.0, "setup_model_time_mean": NaN, "setup_model_time_total": 0.0, "setup_proc_time_mean": NaN, "setup_proc_time_total": 0.0, "train_accuracy": 0.5202199816703796, "train_loss": 1.3033903619766236, "training_time_mean": NaN, "training_time_total": 0.0, "validation_time_mean": NaN, "validation_time_total": 0.0, "samples": 60000, "num_workers": 1, "done": true, "timesteps_total": null, "episodes_total": null, "training_iteration": 11, "neg_mean_loss": -1.2915249160766602, "experiment_id": "171732138f844c21990dc316bbfc67cd", "date": "2019-05-30_15-01-54", "timestamp": 1559253714, "time_this_iter_s": 8.601430892944336, "time_total_s": 100.4674301147461, "pid": 32743, "hostname": "steropes", "node_ip": "169.229.49.254", "config": {"starting_lr": 0.5, "momentum": 0.9, "weight_decay": 0.0005, "steps_per_iteration": null, "pin": false, "model_creator": null, "target_batch_size": 1024, "model_string": "resnet18", "min_batch_size": 512, "dataset": "CIFAR", "placement": null, "use_nccl": true, "devices_per_worker": 1, "primary_resource": "extra_gpu", "gpu": false, "verbose": false, "lr_config": {"mode": "log", "steps": 5, "initial_lr": 0.5, "target_lr": 0.5}, "batch_per_device": 1024}, "time_since_restore": 100.4674301147461, "timesteps_since_restore": 0, "iterations_since_restore": 11, "mean_throughput": 6736.860139706634, "atoms": 1, "resource_time": 100.4674301147461}
