{"apply": 0.01742081642150879, "batch_time": 0.04155442684511595, "d2h": 0.0007137537002563476, "data_time": 0.001850233663378469, "fwd": 0.1164057970046997, "get_state_time_mean": NaN, "get_state_time_total": 0.0, "grad": 0.1651691198348999, "mean_accuracy": 0.09999999403953552, "mean_loss": 8.697341163210105e+25, "neg_mean_accuracy": -0.09999999403953552, "set_state_time_mean": NaN, "set_state_time_total": 0.0, "setup_model_time_mean": 8.221986293792725, "setup_model_time_total": 8.221986293792725, "setup_proc_time_mean": 0.17319178581237793, "setup_proc_time_total": 0.17319178581237793, "train_accuracy": 0.10171999782323837, "train_loss": 526661395029977.56, "training_time_mean": NaN, "training_time_total": 0.0, "val_accuracy": 0.09999999403953552, "val_loss": 8.697341163210105e+25, "validation_time_mean": NaN, "validation_time_total": 0.0, "samples": 60000, "num_workers": 1, "done": false, "timesteps_total": null, "episodes_total": null, "training_iteration": 1, "neg_mean_loss": -8.697341163210105e+25, "experiment_id": "faed60e21dee4676b3dd863111e786b9", "date": "2019-06-03_04-44-02", "timestamp": 1559562242, "time_this_iter_s": 46.106356382369995, "time_total_s": 46.106356382369995, "pid": 24280, "hostname": "steropes", "node_ip": "169.229.49.254", "config": {"starting_lr": 1.0, "momentum": 0.99, "weight_decay": 0.005, "steps_per_iteration": null, "pin": false, "model_creator": null, "target_batch_size": 128, "model_string": "resnet50", "min_batch_size": 128, "dataset": "CIFAR", "placement": null, "use_nccl": true, "devices_per_worker": 1, "primary_resource": "extra_gpu", "gpu": false, "verbose": false, "lr_config": {"mode": "log", "steps": 5, "initial_lr": 1.0, "target_lr": 1.0}, "batch_per_device": 128}, "time_since_restore": 46.106356382369995, "timesteps_since_restore": 0, "iterations_since_restore": 1, "mean_throughput": 1301.3366443479786, "atoms": 1, "setup_time": 8.766427516937256}
{"apply": 0.01839299201965332, "batch_time": 0.03184567222112342, "d2h": 0.0007231473922729492, "data_time": 0.001823980789965071, "fwd": 0.028544688224792482, "get_state_time_mean": NaN, "get_state_time_total": 0.0, "grad": 0.04868814945220947, "mean_accuracy": 0.050049997018504655, "mean_loss": NaN, "neg_mean_accuracy": -9.999999747378752e-05, "set_state_time_mean": NaN, "set_state_time_total": 0.0, "setup_model_time_mean": NaN, "setup_model_time_total": 0.0, "setup_proc_time_mean": NaN, "setup_proc_time_total": 0.0, "train_accuracy": 0.002059999853372574, "train_loss": NaN, "training_time_mean": NaN, "training_time_total": 0.0, "val_accuracy": 9.999999747378752e-05, "val_loss": NaN, "validation_time_mean": NaN, "validation_time_total": 0.0, "samples": 60000, "num_workers": 1, "done": false, "timesteps_total": null, "episodes_total": null, "training_iteration": 2, "neg_mean_loss": NaN, "experiment_id": "faed60e21dee4676b3dd863111e786b9", "date": "2019-06-03_04-44-43", "timestamp": 1559562283, "time_this_iter_s": 40.84984254837036, "time_total_s": 86.95619893074036, "pid": 24280, "hostname": "steropes", "node_ip": "169.229.49.254", "config": {"starting_lr": 1.0, "momentum": 0.99, "weight_decay": 0.005, "steps_per_iteration": null, "pin": false, "model_creator": null, "target_batch_size": 128, "model_string": "resnet50", "min_batch_size": 128, "dataset": "CIFAR", "placement": null, "use_nccl": true, "devices_per_worker": 1, "primary_resource": "extra_gpu", "gpu": false, "verbose": false, "lr_config": {"mode": "log", "steps": 5, "initial_lr": 1.0, "target_lr": 1.0}, "batch_per_device": 128}, "time_since_restore": 86.95619893074036, "timesteps_since_restore": 0, "iterations_since_restore": 2, "mean_throughput": 1380.0025576233581, "atoms": 1, "setup_time": 8.766427516937256}
{"apply": 0.018747520446777344, "batch_time": 0.031406764742694326, "d2h": 0.0007354497909545898, "data_time": 0.0018326900804134282, "fwd": 0.02888522148132324, "get_state_time_mean": NaN, "get_state_time_total": 0.0, "grad": 0.048422837257385255, "mean_accuracy": 0.03339999801149437, "mean_loss": NaN, "neg_mean_accuracy": -9.999999747378752e-05, "set_state_time_mean": NaN, "set_state_time_total": 0.0, "setup_model_time_mean": NaN, "setup_model_time_total": 0.0, "setup_proc_time_mean": NaN, "setup_proc_time_total": 0.0, "train_accuracy": 0.0, "train_loss": NaN, "training_time_mean": NaN, "training_time_total": 0.0, "val_accuracy": 9.999999747378752e-05, "val_loss": NaN, "validation_time_mean": NaN, "validation_time_total": 0.0, "samples": 60000, "num_workers": 1, "done": true, "timesteps_total": null, "episodes_total": null, "training_iteration": 3, "neg_mean_loss": NaN, "experiment_id": "faed60e21dee4676b3dd863111e786b9", "date": "2019-06-03_04-45-24", "timestamp": 1559562324, "time_this_iter_s": 40.89950895309448, "time_total_s": 127.85570788383484, "pid": 24280, "hostname": "steropes", "node_ip": "169.229.49.254", "config": {"starting_lr": 1.0, "momentum": 0.99, "weight_decay": 0.005, "steps_per_iteration": null, "pin": false, "model_creator": null, "target_batch_size": 128, "model_string": "resnet50", "min_batch_size": 128, "dataset": "CIFAR", "placement": null, "use_nccl": true, "devices_per_worker": 1, "primary_resource": "extra_gpu", "gpu": false, "verbose": false, "lr_config": {"mode": "log", "steps": 5, "initial_lr": 1.0, "target_lr": 1.0}, "batch_per_device": 128}, "time_since_restore": 127.85570788383484, "timesteps_since_restore": 0, "iterations_since_restore": 3, "mean_throughput": 1407.8336771148306, "atoms": 1, "setup_time": 8.766427516937256}
