apply,batch_time,d2h,data_time,fwd,get_state_time_mean,get_state_time_total,grad,mean_accuracy,mean_loss,neg_mean_accuracy,set_state_time_mean,set_state_time_total,setup_model_time_mean,setup_model_time_total,setup_proc_time_mean,setup_proc_time_total,train_accuracy,train_loss,training_time_mean,training_time_total,val_accuracy,val_loss,validation_time_mean,validation_time_total,samples,num_workers,done,timesteps_total,episodes_total,training_iteration,neg_mean_loss,experiment_id,date,timestamp,time_this_iter_s,time_total_s,pid,hostname,node_ip,config,time_since_restore,timesteps_since_restore,iterations_since_restore,mean_throughput,atoms,setup_time
0.017960882186889647,0.04769016217581833,0.0007675647735595703,0.0019655819134334162,0.1167205810546875,nan,0.0,0.1669827699661255,0.21490000188350677,2.148118441390991,-0.21490000188350677,nan,0.0,8.57771611213684,8.57771611213684,0.6325938701629639,0.6325938701629639,0.1677199900150299,2.3735036669158935,nan,0.0,0.21490000188350677,2.148118441390991,nan,0.0,60000,1,False,,,1,-2.148118441390991,611ea9b5db6145ebbcb7c84dba73b9fa,2019-06-06_13-21-26,1559852486,47.635058879852295,47.635058879852295,14594,steropes,169.229.49.254,"{'starting_lr': 0.0005, 'momentum': 0.9, 'weight_decay': 0.001, 'steps_per_iteration': None, 'pin': False, 'model_creator': None, 'target_batch_size': 128, 'model_string': 'resnet50', 'min_batch_size': 128, 'dataset': 'CIFAR', 'placement': None, 'use_nccl': True, 'devices_per_worker': 1, 'primary_resource': 'extra_gpu', 'gpu': False, 'verbose': False, 'lr_config': {'mode': 'log', 'steps': 5, 'initial_lr': 0.0005, 'target_lr': 0.0005}, 'batch_per_device': 128}",47.635058879852295,0,1,1259.5731557707488,1,9.321581840515137
0.018491649627685548,0.03209895121900341,0.0007623910903930664,0.0017871173751323728,0.02837986946105957,nan,0.0,0.04863076210021973,0.25930000096559525,2.0430754455566404,-0.3037000000476837,nan,0.0,nan,0.0,nan,0.0,0.2509799897670746,2.023049733657837,nan,0.0,0.3037000000476837,1.93803244972229,nan,0.0,60000,1,False,,,2,-2.0430754455566404,611ea9b5db6145ebbcb7c84dba73b9fa,2019-06-06_13-22-08,1559852528,41.73815846443176,89.37321734428406,14594,steropes,169.229.49.254,"{'starting_lr': 0.0005, 'momentum': 0.9, 'weight_decay': 0.001, 'steps_per_iteration': None, 'pin': False, 'model_creator': None, 'target_batch_size': 128, 'model_string': 'resnet50', 'min_batch_size': 128, 'dataset': 'CIFAR', 'placement': None, 'use_nccl': True, 'devices_per_worker': 1, 'primary_resource': 'extra_gpu', 'gpu': False, 'verbose': False, 'lr_config': {'mode': 'log', 'steps': 5, 'initial_lr': 0.0005, 'target_lr': 0.0005}, 'batch_per_device': 128}",89.37321734428406,0,2,1342.6810790042225,1,9.321581840515137
0.018335175514221192,0.03257628634006162,0.0008070468902587891,0.0017936479709947202,0.028397464752197267,nan,0.0,0.04937801361083984,0.2863999952872594,1.969189465967814,-0.34059998393058777,nan,0.0,nan,0.0,nan,0.0,0.3033199906349182,1.888352444419861,nan,0.0,0.34059998393058777,1.8214175067901612,nan,0.0,60000,1,False,,,3,-1.969189465967814,611ea9b5db6145ebbcb7c84dba73b9fa,2019-06-06_13-22-50,1559852570,41.629066705703735,131.0022840499878,14594,steropes,169.229.49.254,"{'starting_lr': 0.0005, 'momentum': 0.9, 'weight_decay': 0.001, 'steps_per_iteration': None, 'pin': False, 'model_creator': None, 'target_batch_size': 128, 'model_string': 'resnet50', 'min_batch_size': 128, 'dataset': 'CIFAR', 'placement': None, 'use_nccl': True, 'devices_per_worker': 1, 'primary_resource': 'extra_gpu', 'gpu': False, 'verbose': False, 'lr_config': {'mode': 'log', 'steps': 5, 'initial_lr': 0.0005, 'target_lr': 0.0005}, 'batch_per_device': 128}",131.0022840499878,0,3,1374.0188664931177,1,9.321581840515137
0.020288658142089844,0.033618821373468714,0.0007671117782592773,0.001818513016566596,0.02988617420196533,nan,0.0,0.04919102191925049,0.305174995213747,1.9224854236602782,-0.36149999499320984,nan,0.0,nan,0.0,nan,0.0,0.3377400040626526,1.7948336568450929,nan,0.0,0.36149999499320984,1.7823732967376709,nan,0.0,60000,1,False,,,4,-1.9224854236602782,611ea9b5db6145ebbcb7c84dba73b9fa,2019-06-06_13-23-32,1559852612,41.87334752082825,172.87563157081604,14594,steropes,169.229.49.254,"{'starting_lr': 0.0005, 'momentum': 0.9, 'weight_decay': 0.001, 'steps_per_iteration': None, 'pin': False, 'model_creator': None, 'target_batch_size': 128, 'model_string': 'resnet50', 'min_batch_size': 128, 'dataset': 'CIFAR', 'placement': None, 'use_nccl': True, 'devices_per_worker': 1, 'primary_resource': 'extra_gpu', 'gpu': False, 'verbose': False, 'lr_config': {'mode': 'log', 'steps': 5, 'initial_lr': 0.0005, 'target_lr': 0.0005}, 'batch_per_device': 128}",172.87563157081604,0,4,1388.2782983621055,1,9.321581840515137
0.017763328552246094,0.03230306166636793,0.0007617950439453125,0.0018107519125389626,0.027806568145751952,nan,0.0,0.04780211448669434,0.32259999215602875,1.8688353997039795,-0.39229997992515564,nan,0.0,nan,0.0,nan,0.0,0.3617199957370758,1.7272813884735108,nan,0.0,0.39229997992515564,1.6542353038787843,nan,0.0,60000,1,False,,,5,-1.8688353997039795,611ea9b5db6145ebbcb7c84dba73b9fa,2019-06-06_13-24-13,1559852653,41.47489309310913,214.35052466392517,14594,steropes,169.229.49.254,"{'starting_lr': 0.0005, 'momentum': 0.9, 'weight_decay': 0.001, 'steps_per_iteration': None, 'pin': False, 'model_creator': None, 'target_batch_size': 128, 'model_string': 'resnet50', 'min_batch_size': 128, 'dataset': 'CIFAR', 'placement': None, 'use_nccl': True, 'devices_per_worker': 1, 'primary_resource': 'extra_gpu', 'gpu': False, 'verbose': False, 'lr_config': {'mode': 'log', 'steps': 5, 'initial_lr': 0.0005, 'target_lr': 0.0005}, 'batch_per_device': 128}",214.35052466392517,0,5,1399.5737440051403,1,9.321581840515137
0.01799957752227783,0.03226450425160082,0.0007250785827636718,0.0018284223268708914,0.028039956092834474,nan,0.0,0.04849352836608887,0.3613999903202057,1.7592596298980712,-0.4088999927043915,nan,0.0,nan,0.0,nan,0.0,0.3763999938964844,1.6823857975006105,nan,0.0,0.4088999927043915,1.6002395923614503,nan,0.0,60000,1,False,,,6,-1.7592596298980712,611ea9b5db6145ebbcb7c84dba73b9fa,2019-06-06_13-24-55,1559852695,41.658243894577026,256.0087685585022,14594,steropes,169.229.49.254,"{'starting_lr': 0.0005, 'momentum': 0.9, 'weight_decay': 0.001, 'steps_per_iteration': None, 'pin': False, 'model_creator': None, 'target_batch_size': 128, 'model_string': 'resnet50', 'min_batch_size': 128, 'dataset': 'CIFAR', 'placement': None, 'use_nccl': True, 'devices_per_worker': 1, 'primary_resource': 'extra_gpu', 'gpu': False, 'verbose': False, 'lr_config': {'mode': 'log', 'steps': 5, 'initial_lr': 0.0005, 'target_lr': 0.0005}, 'batch_per_device': 128}",256.0087685585022,0,6,1439.7181756504203,1,9.321581840515137
0.019136857986450196,0.03238244298138196,0.0007377862930297852,0.0017624346496503982,0.028236126899719237,nan,0.0,0.04883794784545899,0.38559998869895934,1.6835581587219237,-0.424699991941452,nan,0.0,nan,0.0,nan,0.0,0.3964399993419647,1.637138980178833,nan,0.0,0.424699991941452,1.5595250938415528,nan,0.0,60000,1,True,,,7,-1.6835581587219237,611ea9b5db6145ebbcb7c84dba73b9fa,2019-06-06_13-25-36,1559852736,41.235806703567505,297.2445752620697,14594,steropes,169.229.49.254,"{'starting_lr': 0.0005, 'momentum': 0.9, 'weight_decay': 0.001, 'steps_per_iteration': None, 'pin': False, 'model_creator': None, 'target_batch_size': 128, 'model_string': 'resnet50', 'min_batch_size': 128, 'dataset': 'CIFAR', 'placement': None, 'use_nccl': True, 'devices_per_worker': 1, 'primary_resource': 'extra_gpu', 'gpu': False, 'verbose': False, 'lr_config': {'mode': 'log', 'steps': 5, 'initial_lr': 0.0005, 'target_lr': 0.0005}, 'batch_per_device': 128}",297.2445752620697,0,7,1443.1974400877275,1,9.321581840515137
