{"apply": 0.017960882186889647, "batch_time": 0.04769016217581833, "d2h": 0.0007675647735595703, "data_time": 0.0019655819134334162, "fwd": 0.1167205810546875, "get_state_time_mean": NaN, "get_state_time_total": 0.0, "grad": 0.1669827699661255, "mean_accuracy": 0.21490000188350677, "mean_loss": 2.148118441390991, "neg_mean_accuracy": -0.21490000188350677, "set_state_time_mean": NaN, "set_state_time_total": 0.0, "setup_model_time_mean": 8.57771611213684, "setup_model_time_total": 8.57771611213684, "setup_proc_time_mean": 0.6325938701629639, "setup_proc_time_total": 0.6325938701629639, "train_accuracy": 0.1677199900150299, "train_loss": 2.3735036669158935, "training_time_mean": NaN, "training_time_total": 0.0, "val_accuracy": 0.21490000188350677, "val_loss": 2.148118441390991, "validation_time_mean": NaN, "validation_time_total": 0.0, "samples": 60000, "num_workers": 1, "done": false, "timesteps_total": null, "episodes_total": null, "training_iteration": 1, "neg_mean_loss": -2.148118441390991, "experiment_id": "611ea9b5db6145ebbcb7c84dba73b9fa", "date": "2019-06-06_13-21-26", "timestamp": 1559852486, "time_this_iter_s": 47.635058879852295, "time_total_s": 47.635058879852295, "pid": 14594, "hostname": "steropes", "node_ip": "169.229.49.254", "config": {"starting_lr": 0.0005, "momentum": 0.9, "weight_decay": 0.001, "steps_per_iteration": null, "pin": false, "model_creator": null, "target_batch_size": 128, "model_string": "resnet50", "min_batch_size": 128, "dataset": "CIFAR", "placement": null, "use_nccl": true, "devices_per_worker": 1, "primary_resource": "extra_gpu", "gpu": false, "verbose": false, "lr_config": {"mode": "log", "steps": 5, "initial_lr": 0.0005, "target_lr": 0.0005}, "batch_per_device": 128}, "time_since_restore": 47.635058879852295, "timesteps_since_restore": 0, "iterations_since_restore": 1, "mean_throughput": 1259.5731557707488, "atoms": 1, "setup_time": 9.321581840515137}
{"apply": 0.018491649627685548, "batch_time": 0.03209895121900341, "d2h": 0.0007623910903930664, "data_time": 0.0017871173751323728, "fwd": 0.02837986946105957, "get_state_time_mean": NaN, "get_state_time_total": 0.0, "grad": 0.04863076210021973, "mean_accuracy": 0.25930000096559525, "mean_loss": 2.0430754455566404, "neg_mean_accuracy": -0.3037000000476837, "set_state_time_mean": NaN, "set_state_time_total": 0.0, "setup_model_time_mean": NaN, "setup_model_time_total": 0.0, "setup_proc_time_mean": NaN, "setup_proc_time_total": 0.0, "train_accuracy": 0.2509799897670746, "train_loss": 2.023049733657837, "training_time_mean": NaN, "training_time_total": 0.0, "val_accuracy": 0.3037000000476837, "val_loss": 1.93803244972229, "validation_time_mean": NaN, "validation_time_total": 0.0, "samples": 60000, "num_workers": 1, "done": false, "timesteps_total": null, "episodes_total": null, "training_iteration": 2, "neg_mean_loss": -2.0430754455566404, "experiment_id": "611ea9b5db6145ebbcb7c84dba73b9fa", "date": "2019-06-06_13-22-08", "timestamp": 1559852528, "time_this_iter_s": 41.73815846443176, "time_total_s": 89.37321734428406, "pid": 14594, "hostname": "steropes", "node_ip": "169.229.49.254", "config": {"starting_lr": 0.0005, "momentum": 0.9, "weight_decay": 0.001, "steps_per_iteration": null, "pin": false, "model_creator": null, "target_batch_size": 128, "model_string": "resnet50", "min_batch_size": 128, "dataset": "CIFAR", "placement": null, "use_nccl": true, "devices_per_worker": 1, "primary_resource": "extra_gpu", "gpu": false, "verbose": false, "lr_config": {"mode": "log", "steps": 5, "initial_lr": 0.0005, "target_lr": 0.0005}, "batch_per_device": 128}, "time_since_restore": 89.37321734428406, "timesteps_since_restore": 0, "iterations_since_restore": 2, "mean_throughput": 1342.6810790042225, "atoms": 1, "setup_time": 9.321581840515137}
{"apply": 0.018335175514221192, "batch_time": 0.03257628634006162, "d2h": 0.0008070468902587891, "data_time": 0.0017936479709947202, "fwd": 0.028397464752197267, "get_state_time_mean": NaN, "get_state_time_total": 0.0, "grad": 0.04937801361083984, "mean_accuracy": 0.2863999952872594, "mean_loss": 1.969189465967814, "neg_mean_accuracy": -0.34059998393058777, "set_state_time_mean": NaN, "set_state_time_total": 0.0, "setup_model_time_mean": NaN, "setup_model_time_total": 0.0, "setup_proc_time_mean": NaN, "setup_proc_time_total": 0.0, "train_accuracy": 0.3033199906349182, "train_loss": 1.888352444419861, "training_time_mean": NaN, "training_time_total": 0.0, "val_accuracy": 0.34059998393058777, "val_loss": 1.8214175067901612, "validation_time_mean": NaN, "validation_time_total": 0.0, "samples": 60000, "num_workers": 1, "done": false, "timesteps_total": null, "episodes_total": null, "training_iteration": 3, "neg_mean_loss": -1.969189465967814, "experiment_id": "611ea9b5db6145ebbcb7c84dba73b9fa", "date": "2019-06-06_13-22-50", "timestamp": 1559852570, "time_this_iter_s": 41.629066705703735, "time_total_s": 131.0022840499878, "pid": 14594, "hostname": "steropes", "node_ip": "169.229.49.254", "config": {"starting_lr": 0.0005, "momentum": 0.9, "weight_decay": 0.001, "steps_per_iteration": null, "pin": false, "model_creator": null, "target_batch_size": 128, "model_string": "resnet50", "min_batch_size": 128, "dataset": "CIFAR", "placement": null, "use_nccl": true, "devices_per_worker": 1, "primary_resource": "extra_gpu", "gpu": false, "verbose": false, "lr_config": {"mode": "log", "steps": 5, "initial_lr": 0.0005, "target_lr": 0.0005}, "batch_per_device": 128}, "time_since_restore": 131.0022840499878, "timesteps_since_restore": 0, "iterations_since_restore": 3, "mean_throughput": 1374.0188664931177, "atoms": 1, "setup_time": 9.321581840515137}
{"apply": 0.020288658142089844, "batch_time": 0.033618821373468714, "d2h": 0.0007671117782592773, "data_time": 0.001818513016566596, "fwd": 0.02988617420196533, "get_state_time_mean": NaN, "get_state_time_total": 0.0, "grad": 0.04919102191925049, "mean_accuracy": 0.305174995213747, "mean_loss": 1.9224854236602782, "neg_mean_accuracy": -0.36149999499320984, "set_state_time_mean": NaN, "set_state_time_total": 0.0, "setup_model_time_mean": NaN, "setup_model_time_total": 0.0, "setup_proc_time_mean": NaN, "setup_proc_time_total": 0.0, "train_accuracy": 0.3377400040626526, "train_loss": 1.7948336568450929, "training_time_mean": NaN, "training_time_total": 0.0, "val_accuracy": 0.36149999499320984, "val_loss": 1.7823732967376709, "validation_time_mean": NaN, "validation_time_total": 0.0, "samples": 60000, "num_workers": 1, "done": false, "timesteps_total": null, "episodes_total": null, "training_iteration": 4, "neg_mean_loss": -1.9224854236602782, "experiment_id": "611ea9b5db6145ebbcb7c84dba73b9fa", "date": "2019-06-06_13-23-32", "timestamp": 1559852612, "time_this_iter_s": 41.87334752082825, "time_total_s": 172.87563157081604, "pid": 14594, "hostname": "steropes", "node_ip": "169.229.49.254", "config": {"starting_lr": 0.0005, "momentum": 0.9, "weight_decay": 0.001, "steps_per_iteration": null, "pin": false, "model_creator": null, "target_batch_size": 128, "model_string": "resnet50", "min_batch_size": 128, "dataset": "CIFAR", "placement": null, "use_nccl": true, "devices_per_worker": 1, "primary_resource": "extra_gpu", "gpu": false, "verbose": false, "lr_config": {"mode": "log", "steps": 5, "initial_lr": 0.0005, "target_lr": 0.0005}, "batch_per_device": 128}, "time_since_restore": 172.87563157081604, "timesteps_since_restore": 0, "iterations_since_restore": 4, "mean_throughput": 1388.2782983621055, "atoms": 1, "setup_time": 9.321581840515137}
{"apply": 0.017763328552246094, "batch_time": 0.03230306166636793, "d2h": 0.0007617950439453125, "data_time": 0.0018107519125389626, "fwd": 0.027806568145751952, "get_state_time_mean": NaN, "get_state_time_total": 0.0, "grad": 0.04780211448669434, "mean_accuracy": 0.32259999215602875, "mean_loss": 1.8688353997039795, "neg_mean_accuracy": -0.39229997992515564, "set_state_time_mean": NaN, "set_state_time_total": 0.0, "setup_model_time_mean": NaN, "setup_model_time_total": 0.0, "setup_proc_time_mean": NaN, "setup_proc_time_total": 0.0, "train_accuracy": 0.3617199957370758, "train_loss": 1.7272813884735108, "training_time_mean": NaN, "training_time_total": 0.0, "val_accuracy": 0.39229997992515564, "val_loss": 1.6542353038787843, "validation_time_mean": NaN, "validation_time_total": 0.0, "samples": 60000, "num_workers": 1, "done": false, "timesteps_total": null, "episodes_total": null, "training_iteration": 5, "neg_mean_loss": -1.8688353997039795, "experiment_id": "611ea9b5db6145ebbcb7c84dba73b9fa", "date": "2019-06-06_13-24-13", "timestamp": 1559852653, "time_this_iter_s": 41.47489309310913, "time_total_s": 214.35052466392517, "pid": 14594, "hostname": "steropes", "node_ip": "169.229.49.254", "config": {"starting_lr": 0.0005, "momentum": 0.9, "weight_decay": 0.001, "steps_per_iteration": null, "pin": false, "model_creator": null, "target_batch_size": 128, "model_string": "resnet50", "min_batch_size": 128, "dataset": "CIFAR", "placement": null, "use_nccl": true, "devices_per_worker": 1, "primary_resource": "extra_gpu", "gpu": false, "verbose": false, "lr_config": {"mode": "log", "steps": 5, "initial_lr": 0.0005, "target_lr": 0.0005}, "batch_per_device": 128}, "time_since_restore": 214.35052466392517, "timesteps_since_restore": 0, "iterations_since_restore": 5, "mean_throughput": 1399.5737440051403, "atoms": 1, "setup_time": 9.321581840515137}
{"apply": 0.01799957752227783, "batch_time": 0.03226450425160082, "d2h": 0.0007250785827636718, "data_time": 0.0018284223268708914, "fwd": 0.028039956092834474, "get_state_time_mean": NaN, "get_state_time_total": 0.0, "grad": 0.04849352836608887, "mean_accuracy": 0.3613999903202057, "mean_loss": 1.7592596298980712, "neg_mean_accuracy": -0.4088999927043915, "set_state_time_mean": NaN, "set_state_time_total": 0.0, "setup_model_time_mean": NaN, "setup_model_time_total": 0.0, "setup_proc_time_mean": NaN, "setup_proc_time_total": 0.0, "train_accuracy": 0.3763999938964844, "train_loss": 1.6823857975006105, "training_time_mean": NaN, "training_time_total": 0.0, "val_accuracy": 0.4088999927043915, "val_loss": 1.6002395923614503, "validation_time_mean": NaN, "validation_time_total": 0.0, "samples": 60000, "num_workers": 1, "done": false, "timesteps_total": null, "episodes_total": null, "training_iteration": 6, "neg_mean_loss": -1.7592596298980712, "experiment_id": "611ea9b5db6145ebbcb7c84dba73b9fa", "date": "2019-06-06_13-24-55", "timestamp": 1559852695, "time_this_iter_s": 41.658243894577026, "time_total_s": 256.0087685585022, "pid": 14594, "hostname": "steropes", "node_ip": "169.229.49.254", "config": {"starting_lr": 0.0005, "momentum": 0.9, "weight_decay": 0.001, "steps_per_iteration": null, "pin": false, "model_creator": null, "target_batch_size": 128, "model_string": "resnet50", "min_batch_size": 128, "dataset": "CIFAR", "placement": null, "use_nccl": true, "devices_per_worker": 1, "primary_resource": "extra_gpu", "gpu": false, "verbose": false, "lr_config": {"mode": "log", "steps": 5, "initial_lr": 0.0005, "target_lr": 0.0005}, "batch_per_device": 128}, "time_since_restore": 256.0087685585022, "timesteps_since_restore": 0, "iterations_since_restore": 6, "mean_throughput": 1439.7181756504203, "atoms": 1, "setup_time": 9.321581840515137}
{"apply": 0.019136857986450196, "batch_time": 0.03238244298138196, "d2h": 0.0007377862930297852, "data_time": 0.0017624346496503982, "fwd": 0.028236126899719237, "get_state_time_mean": NaN, "get_state_time_total": 0.0, "grad": 0.04883794784545899, "mean_accuracy": 0.38559998869895934, "mean_loss": 1.6835581587219237, "neg_mean_accuracy": -0.424699991941452, "set_state_time_mean": NaN, "set_state_time_total": 0.0, "setup_model_time_mean": NaN, "setup_model_time_total": 0.0, "setup_proc_time_mean": NaN, "setup_proc_time_total": 0.0, "train_accuracy": 0.3964399993419647, "train_loss": 1.637138980178833, "training_time_mean": NaN, "training_time_total": 0.0, "val_accuracy": 0.424699991941452, "val_loss": 1.5595250938415528, "validation_time_mean": NaN, "validation_time_total": 0.0, "samples": 60000, "num_workers": 1, "done": true, "timesteps_total": null, "episodes_total": null, "training_iteration": 7, "neg_mean_loss": -1.6835581587219237, "experiment_id": "611ea9b5db6145ebbcb7c84dba73b9fa", "date": "2019-06-06_13-25-36", "timestamp": 1559852736, "time_this_iter_s": 41.235806703567505, "time_total_s": 297.2445752620697, "pid": 14594, "hostname": "steropes", "node_ip": "169.229.49.254", "config": {"starting_lr": 0.0005, "momentum": 0.9, "weight_decay": 0.001, "steps_per_iteration": null, "pin": false, "model_creator": null, "target_batch_size": 128, "model_string": "resnet50", "min_batch_size": 128, "dataset": "CIFAR", "placement": null, "use_nccl": true, "devices_per_worker": 1, "primary_resource": "extra_gpu", "gpu": false, "verbose": false, "lr_config": {"mode": "log", "steps": 5, "initial_lr": 0.0005, "target_lr": 0.0005}, "batch_per_device": 128}, "time_since_restore": 297.2445752620697, "timesteps_since_restore": 0, "iterations_since_restore": 7, "mean_throughput": 1443.1974400877275, "atoms": 1, "setup_time": 9.321581840515137}
