apply,batch_time,d2h,data_time,fwd,get_state_time_mean,get_state_time_total,grad,mean_accuracy,mean_loss,neg_mean_accuracy,set_state_time_mean,set_state_time_total,setup_model_time_mean,setup_model_time_total,setup_proc_time_mean,setup_proc_time_total,train_accuracy,train_loss,training_time_mean,training_time_total,validation_time_mean,validation_time_total,samples,num_workers,done,timesteps_total,episodes_total,training_iteration,neg_mean_loss,experiment_id,date,timestamp,time_this_iter_s,time_total_s,pid,hostname,node_ip,config,time_since_restore,timesteps_since_restore,iterations_since_restore,mean_throughput,atoms
0.007571911811828614,0.19188334941864013,0.008510875701904296,0.03240282194955008,0.09406864643096924,nan,0.0,0.16410961151123046,0.3398999869823456,1.9651947721481324,-0.3398999869823456,nan,0.0,10.184483051300049,10.184483051300049,0.491809606552124,0.491809606552124,0.28878000378608704,2.316612450370789,nan,0.0,nan,0.0,60000,1,False,,,1,-1.9651947721481324,d45d6ef0222a419c9cc1601dffca5d46,2019-05-30_15-21-03,1559254863,12.30372953414917,12.30372953414917,21960,steropes,169.229.49.254,"{'starting_lr': 0.01, 'momentum': 0.997, 'weight_decay': 0.005, 'steps_per_iteration': None, 'pin': False, 'model_creator': None, 'target_batch_size': 1024, 'model_string': 'resnet18', 'min_batch_size': 512, 'dataset': 'CIFAR', 'placement': None, 'use_nccl': True, 'devices_per_worker': 1, 'primary_resource': 'extra_gpu', 'gpu': False, 'verbose': False, 'lr_config': {'mode': 'log', 'steps': 5, 'initial_lr': 0.01, 'target_lr': 0.01}, 'batch_per_device': 1024}",12.30372953414917,0,1,4876.53696717391,1
0.00903475284576416,0.1327133893966675,0.006296038627624512,0.03043274976769272,0.026154470443725587,nan,0.0,0.05004124641418457,0.41769999265670776,1.5579616413116455,-0.41769999265670776,nan,0.0,nan,0.0,nan,0.0,0.40807998180389404,1.6054082442855835,nan,0.0,nan,0.0,60000,1,False,,,2,-1.5579616413116455,d45d6ef0222a419c9cc1601dffca5d46,2019-05-30_15-21-12,1559254872,8.256664752960205,20.560394287109375,21960,steropes,169.229.49.254,"{'starting_lr': 0.01, 'momentum': 0.997, 'weight_decay': 0.005, 'steps_per_iteration': None, 'pin': False, 'model_creator': None, 'target_batch_size': 1024, 'model_string': 'resnet18', 'min_batch_size': 512, 'dataset': 'CIFAR', 'placement': None, 'use_nccl': True, 'devices_per_worker': 1, 'primary_resource': 'extra_gpu', 'gpu': False, 'verbose': False, 'lr_config': {'mode': 'log', 'steps': 5, 'initial_lr': 0.01, 'target_lr': 0.01}, 'batch_per_device': 1024}",20.560394287109375,0,2,5836.4009382232025,1
0.008654618263244629,0.14361913204193116,0.0050925731658935545,0.03877058321115922,0.025973916053771973,nan,0.0,0.054416346549987796,0.3544999957084656,1.8232313762664796,-0.3544999957084656,nan,0.0,nan,0.0,nan,0.0,0.45339998602867126,1.4904729800796508,nan,0.0,nan,0.0,60000,1,False,,,3,-1.8232313762664796,d45d6ef0222a419c9cc1601dffca5d46,2019-05-30_15-21-20,1559254880,8.796141624450684,29.35653591156006,21960,steropes,169.229.49.254,"{'starting_lr': 0.01, 'momentum': 0.997, 'weight_decay': 0.005, 'steps_per_iteration': None, 'pin': False, 'model_creator': None, 'target_batch_size': 1024, 'model_string': 'resnet18', 'min_batch_size': 512, 'dataset': 'CIFAR', 'placement': None, 'use_nccl': True, 'devices_per_worker': 1, 'primary_resource': 'extra_gpu', 'gpu': False, 'verbose': False, 'lr_config': {'mode': 'log', 'steps': 5, 'initial_lr': 0.01, 'target_lr': 0.01}, 'batch_per_device': 1024}",29.35653591156006,0,3,6131.451730552185,1
0.009886646270751953,0.13435981273651124,0.006135225296020508,0.03285356443755481,0.027211380004882813,nan,0.0,0.04933099746704102,0.1639000028371811,2.4659250148773193,-0.1639000028371811,nan,0.0,nan,0.0,nan,0.0,0.4772399961948395,1.4250151776123048,nan,0.0,nan,0.0,60000,1,False,,,4,-2.4659250148773193,d45d6ef0222a419c9cc1601dffca5d46,2019-05-30_15-21-29,1559254889,8.259304285049438,37.6158401966095,21960,steropes,169.229.49.254,"{'starting_lr': 0.01, 'momentum': 0.997, 'weight_decay': 0.005, 'steps_per_iteration': None, 'pin': False, 'model_creator': None, 'target_batch_size': 1024, 'model_string': 'resnet18', 'min_batch_size': 512, 'dataset': 'CIFAR', 'placement': None, 'use_nccl': True, 'devices_per_worker': 1, 'primary_resource': 'extra_gpu', 'gpu': False, 'verbose': False, 'lr_config': {'mode': 'log', 'steps': 5, 'initial_lr': 0.01, 'target_lr': 0.01}, 'batch_per_device': 1024}",37.6158401966095,0,4,6380.226362334805,1
0.00858900547027588,0.1301464319229126,0.005484175682067871,0.04313000854180784,0.021386146545410156,nan,0.0,0.04620449542999268,0.10569999366998672,2.3679092781066893,-0.10569999366998672,nan,0.0,nan,0.0,nan,0.0,0.4956199824810028,1.4145832270431518,nan,0.0,nan,0.0,60000,1,False,,,5,-2.3679092781066893,d45d6ef0222a419c9cc1601dffca5d46,2019-05-30_15-21-37,1559254897,8.603222370147705,46.2190625667572,21960,steropes,169.229.49.254,"{'starting_lr': 0.01, 'momentum': 0.997, 'weight_decay': 0.005, 'steps_per_iteration': None, 'pin': False, 'model_creator': None, 'target_batch_size': 1024, 'model_string': 'resnet18', 'min_batch_size': 512, 'dataset': 'CIFAR', 'placement': None, 'use_nccl': True, 'devices_per_worker': 1, 'primary_resource': 'extra_gpu', 'gpu': False, 'verbose': False, 'lr_config': {'mode': 'log', 'steps': 5, 'initial_lr': 0.01, 'target_lr': 0.01}, 'batch_per_device': 1024}",46.2190625667572,0,5,6490.76332591453,1
0.0072902202606201175,0.13583815097808838,0.006771612167358399,0.041864789262109875,0.032894563674926755,nan,0.0,0.05891275405883789,0.13120000064373016,67.55461176757812,-0.13120000064373016,nan,0.0,nan,0.0,nan,0.0,0.3105999827384949,1.8870533447647095,nan,0.0,nan,0.0,60000,1,False,,,6,-67.55461176757812,d45d6ef0222a419c9cc1601dffca5d46,2019-05-30_15-21-46,1559254906,8.847887754440308,55.06695032119751,21960,steropes,169.229.49.254,"{'starting_lr': 0.01, 'momentum': 0.997, 'weight_decay': 0.005, 'steps_per_iteration': None, 'pin': False, 'model_creator': None, 'target_batch_size': 1024, 'model_string': 'resnet18', 'min_batch_size': 512, 'dataset': 'CIFAR', 'placement': None, 'use_nccl': True, 'devices_per_worker': 1, 'primary_resource': 'extra_gpu', 'gpu': False, 'verbose': False, 'lr_config': {'mode': 'log', 'steps': 5, 'initial_lr': 0.01, 'target_lr': 0.01}, 'batch_per_device': 1024}",55.06695032119751,0,6,7015.299866638122,1
0.00916430950164795,0.13136799335479737,0.006045484542846679,0.042690204114330055,0.026715779304504396,nan,0.0,0.054532551765441896,0.20839999616146088,5.436847417449951,-0.20839999616146088,nan,0.0,nan,0.0,nan,0.0,0.39715999364852905,1.6116892387390136,nan,0.0,nan,0.0,60000,1,False,,,7,-5.436847417449951,d45d6ef0222a419c9cc1601dffca5d46,2019-05-30_15-21-54,1559254914,8.418465375900269,63.48541569709778,21960,steropes,169.229.49.254,"{'starting_lr': 0.01, 'momentum': 0.997, 'weight_decay': 0.005, 'steps_per_iteration': None, 'pin': False, 'model_creator': None, 'target_batch_size': 1024, 'model_string': 'resnet18', 'min_batch_size': 512, 'dataset': 'CIFAR', 'placement': None, 'use_nccl': True, 'devices_per_worker': 1, 'primary_resource': 'extra_gpu', 'gpu': False, 'verbose': False, 'lr_config': {'mode': 'log', 'steps': 5, 'initial_lr': 0.01, 'target_lr': 0.01}, 'batch_per_device': 1024}",63.48541569709778,0,7,6988.867505447347,1
0.010002064704895019,0.1302196979522705,0.006471776962280273,0.03548314133468939,0.031523609161376955,nan,0.0,0.055875325202941896,0.46949997544288635,1.6218085569381715,-0.46949997544288635,nan,0.0,nan,0.0,nan,0.0,0.46045997738838196,1.4547326288223266,nan,0.0,nan,0.0,60000,1,False,,,8,-1.6218085569381715,d45d6ef0222a419c9cc1601dffca5d46,2019-05-30_15-22-03,1559254923,8.351073980331421,71.8364896774292,21960,steropes,169.229.49.254,"{'starting_lr': 0.01, 'momentum': 0.997, 'weight_decay': 0.005, 'steps_per_iteration': None, 'pin': False, 'model_creator': None, 'target_batch_size': 1024, 'model_string': 'resnet18', 'min_batch_size': 512, 'dataset': 'CIFAR', 'placement': None, 'use_nccl': True, 'devices_per_worker': 1, 'primary_resource': 'extra_gpu', 'gpu': False, 'verbose': False, 'lr_config': {'mode': 'log', 'steps': 5, 'initial_lr': 0.01, 'target_lr': 0.01}, 'batch_per_device': 1024}",71.8364896774292,0,8,7062.088703979069,1
0.008181047439575196,0.15596425533294678,0.006022906303405762,0.044917174748012,0.031180572509765626,nan,0.0,0.06045289039611816,0.45909997820854187,1.5555684982299804,-0.45909997820854187,nan,0.0,nan,0.0,nan,0.0,0.4970199763774872,1.3820446166610718,nan,0.0,nan,0.0,60000,1,False,,,9,-1.5555684982299804,d45d6ef0222a419c9cc1601dffca5d46,2019-05-30_15-22-12,1559254932,8.814079999923706,80.6505696773529,21960,steropes,169.229.49.254,"{'starting_lr': 0.01, 'momentum': 0.997, 'weight_decay': 0.005, 'steps_per_iteration': None, 'pin': False, 'model_creator': None, 'target_batch_size': 1024, 'model_string': 'resnet18', 'min_batch_size': 512, 'dataset': 'CIFAR', 'placement': None, 'use_nccl': True, 'devices_per_worker': 1, 'primary_resource': 'extra_gpu', 'gpu': False, 'verbose': False, 'lr_config': {'mode': 'log', 'steps': 5, 'initial_lr': 0.01, 'target_lr': 0.01}, 'batch_per_device': 1024}",80.6505696773529,0,9,6971.051391705934,1
0.008619594573974609,0.12978942394256593,0.00601506233215332,0.03828324590410505,0.024901223182678223,nan,0.0,0.04859440326690674,0.447299987077713,1.7374945171356202,-0.447299987077713,nan,0.0,nan,0.0,nan,0.0,0.5083400011062622,1.7042747707748414,nan,0.0,nan,0.0,60000,1,False,,,10,-1.7374945171356202,d45d6ef0222a419c9cc1601dffca5d46,2019-05-30_15-22-20,1559254940,8.399232625961304,89.04980230331421,21960,steropes,169.229.49.254,"{'starting_lr': 0.01, 'momentum': 0.997, 'weight_decay': 0.005, 'steps_per_iteration': None, 'pin': False, 'model_creator': None, 'target_batch_size': 1024, 'model_string': 'resnet18', 'min_batch_size': 512, 'dataset': 'CIFAR', 'placement': None, 'use_nccl': True, 'devices_per_worker': 1, 'primary_resource': 'extra_gpu', 'gpu': False, 'verbose': False, 'lr_config': {'mode': 'log', 'steps': 5, 'initial_lr': 0.01, 'target_lr': 0.01}, 'batch_per_device': 1024}",89.04980230331421,0,10,7004.253369980665,1
0.00748591423034668,0.1241032361984253,0.005521202087402343,0.04350134304591587,0.020996689796447754,nan,0.0,0.04294342994689941,0.5065999627113342,1.3761588401794433,-0.5065999627113342,nan,0.0,nan,0.0,nan,0.0,0.5010200142860413,1.3975378155517577,nan,0.0,nan,0.0,60000,1,False,,,11,-1.3761588401794433,d45d6ef0222a419c9cc1601dffca5d46,2019-05-30_15-22-28,1559254948,7.700037717819214,96.74984002113342,21960,steropes,169.229.49.254,"{'starting_lr': 0.01, 'momentum': 0.997, 'weight_decay': 0.005, 'steps_per_iteration': None, 'pin': False, 'model_creator': None, 'target_batch_size': 1024, 'model_string': 'resnet18', 'min_batch_size': 512, 'dataset': 'CIFAR', 'placement': None, 'use_nccl': True, 'devices_per_worker': 1, 'primary_resource': 'extra_gpu', 'gpu': False, 'verbose': False, 'lr_config': {'mode': 'log', 'steps': 5, 'initial_lr': 0.01, 'target_lr': 0.01}, 'batch_per_device': 1024}",96.74984002113342,0,11,7197.132296508526,1
0.007328534126281738,0.13037497997283937,0.004617834091186523,0.04089461054120745,0.021339774131774902,nan,0.0,0.043300509452819824,0.48819997906684875,1.390267650794983,-0.48819997906684875,nan,0.0,nan,0.0,nan,0.0,0.5265799760818481,1.299794599647522,nan,0.0,nan,0.0,60000,1,True,,,12,-1.390267650794983,d45d6ef0222a419c9cc1601dffca5d46,2019-05-30_15-22-35,1559254955,7.4336018562316895,104.18344187736511,21960,steropes,169.229.49.254,"{'starting_lr': 0.01, 'momentum': 0.997, 'weight_decay': 0.005, 'steps_per_iteration': None, 'pin': False, 'model_creator': None, 'target_batch_size': 1024, 'model_string': 'resnet18', 'min_batch_size': 512, 'dataset': 'CIFAR', 'placement': None, 'use_nccl': True, 'devices_per_worker': 1, 'primary_resource': 'extra_gpu', 'gpu': False, 'verbose': False, 'lr_config': {'mode': 'log', 'steps': 5, 'initial_lr': 0.01, 'target_lr': 0.01}, 'batch_per_device': 1024}",104.18344187736511,0,12,7371.293045675032,1
