{"apply": 0.007571911811828614, "batch_time": 0.19188334941864013, "d2h": 0.008510875701904296, "data_time": 0.03240282194955008, "fwd": 0.09406864643096924, "get_state_time_mean": NaN, "get_state_time_total": 0.0, "grad": 0.16410961151123046, "mean_accuracy": 0.3398999869823456, "mean_loss": 1.9651947721481324, "neg_mean_accuracy": -0.3398999869823456, "set_state_time_mean": NaN, "set_state_time_total": 0.0, "setup_model_time_mean": 10.184483051300049, "setup_model_time_total": 10.184483051300049, "setup_proc_time_mean": 0.491809606552124, "setup_proc_time_total": 0.491809606552124, "train_accuracy": 0.28878000378608704, "train_loss": 2.316612450370789, "training_time_mean": NaN, "training_time_total": 0.0, "validation_time_mean": NaN, "validation_time_total": 0.0, "samples": 60000, "num_workers": 1, "done": false, "timesteps_total": null, "episodes_total": null, "training_iteration": 1, "neg_mean_loss": -1.9651947721481324, "experiment_id": "d45d6ef0222a419c9cc1601dffca5d46", "date": "2019-05-30_15-21-03", "timestamp": 1559254863, "time_this_iter_s": 12.30372953414917, "time_total_s": 12.30372953414917, "pid": 21960, "hostname": "steropes", "node_ip": "169.229.49.254", "config": {"starting_lr": 0.01, "momentum": 0.997, "weight_decay": 0.005, "steps_per_iteration": null, "pin": false, "model_creator": null, "target_batch_size": 1024, "model_string": "resnet18", "min_batch_size": 512, "dataset": "CIFAR", "placement": null, "use_nccl": true, "devices_per_worker": 1, "primary_resource": "extra_gpu", "gpu": false, "verbose": false, "lr_config": {"mode": "log", "steps": 5, "initial_lr": 0.01, "target_lr": 0.01}, "batch_per_device": 1024}, "time_since_restore": 12.30372953414917, "timesteps_since_restore": 0, "iterations_since_restore": 1, "mean_throughput": 4876.53696717391, "atoms": 1}
{"apply": 0.00903475284576416, "batch_time": 0.1327133893966675, "d2h": 0.006296038627624512, "data_time": 0.03043274976769272, "fwd": 0.026154470443725587, "get_state_time_mean": NaN, "get_state_time_total": 0.0, "grad": 0.05004124641418457, "mean_accuracy": 0.41769999265670776, "mean_loss": 1.5579616413116455, "neg_mean_accuracy": -0.41769999265670776, "set_state_time_mean": NaN, "set_state_time_total": 0.0, "setup_model_time_mean": NaN, "setup_model_time_total": 0.0, "setup_proc_time_mean": NaN, "setup_proc_time_total": 0.0, "train_accuracy": 0.40807998180389404, "train_loss": 1.6054082442855835, "training_time_mean": NaN, "training_time_total": 0.0, "validation_time_mean": NaN, "validation_time_total": 0.0, "samples": 60000, "num_workers": 1, "done": false, "timesteps_total": null, "episodes_total": null, "training_iteration": 2, "neg_mean_loss": -1.5579616413116455, "experiment_id": "d45d6ef0222a419c9cc1601dffca5d46", "date": "2019-05-30_15-21-12", "timestamp": 1559254872, "time_this_iter_s": 8.256664752960205, "time_total_s": 20.560394287109375, "pid": 21960, "hostname": "steropes", "node_ip": "169.229.49.254", "config": {"starting_lr": 0.01, "momentum": 0.997, "weight_decay": 0.005, "steps_per_iteration": null, "pin": false, "model_creator": null, "target_batch_size": 1024, "model_string": "resnet18", "min_batch_size": 512, "dataset": "CIFAR", "placement": null, "use_nccl": true, "devices_per_worker": 1, "primary_resource": "extra_gpu", "gpu": false, "verbose": false, "lr_config": {"mode": "log", "steps": 5, "initial_lr": 0.01, "target_lr": 0.01}, "batch_per_device": 1024}, "time_since_restore": 20.560394287109375, "timesteps_since_restore": 0, "iterations_since_restore": 2, "mean_throughput": 5836.4009382232025, "atoms": 1}
{"apply": 0.008654618263244629, "batch_time": 0.14361913204193116, "d2h": 0.0050925731658935545, "data_time": 0.03877058321115922, "fwd": 0.025973916053771973, "get_state_time_mean": NaN, "get_state_time_total": 0.0, "grad": 0.054416346549987796, "mean_accuracy": 0.3544999957084656, "mean_loss": 1.8232313762664796, "neg_mean_accuracy": -0.3544999957084656, "set_state_time_mean": NaN, "set_state_time_total": 0.0, "setup_model_time_mean": NaN, "setup_model_time_total": 0.0, "setup_proc_time_mean": NaN, "setup_proc_time_total": 0.0, "train_accuracy": 0.45339998602867126, "train_loss": 1.4904729800796508, "training_time_mean": NaN, "training_time_total": 0.0, "validation_time_mean": NaN, "validation_time_total": 0.0, "samples": 60000, "num_workers": 1, "done": false, "timesteps_total": null, "episodes_total": null, "training_iteration": 3, "neg_mean_loss": -1.8232313762664796, "experiment_id": "d45d6ef0222a419c9cc1601dffca5d46", "date": "2019-05-30_15-21-20", "timestamp": 1559254880, "time_this_iter_s": 8.796141624450684, "time_total_s": 29.35653591156006, "pid": 21960, "hostname": "steropes", "node_ip": "169.229.49.254", "config": {"starting_lr": 0.01, "momentum": 0.997, "weight_decay": 0.005, "steps_per_iteration": null, "pin": false, "model_creator": null, "target_batch_size": 1024, "model_string": "resnet18", "min_batch_size": 512, "dataset": "CIFAR", "placement": null, "use_nccl": true, "devices_per_worker": 1, "primary_resource": "extra_gpu", "gpu": false, "verbose": false, "lr_config": {"mode": "log", "steps": 5, "initial_lr": 0.01, "target_lr": 0.01}, "batch_per_device": 1024}, "time_since_restore": 29.35653591156006, "timesteps_since_restore": 0, "iterations_since_restore": 3, "mean_throughput": 6131.451730552185, "atoms": 1}
{"apply": 0.009886646270751953, "batch_time": 0.13435981273651124, "d2h": 0.006135225296020508, "data_time": 0.03285356443755481, "fwd": 0.027211380004882813, "get_state_time_mean": NaN, "get_state_time_total": 0.0, "grad": 0.04933099746704102, "mean_accuracy": 0.1639000028371811, "mean_loss": 2.4659250148773193, "neg_mean_accuracy": -0.1639000028371811, "set_state_time_mean": NaN, "set_state_time_total": 0.0, "setup_model_time_mean": NaN, "setup_model_time_total": 0.0, "setup_proc_time_mean": NaN, "setup_proc_time_total": 0.0, "train_accuracy": 0.4772399961948395, "train_loss": 1.4250151776123048, "training_time_mean": NaN, "training_time_total": 0.0, "validation_time_mean": NaN, "validation_time_total": 0.0, "samples": 60000, "num_workers": 1, "done": false, "timesteps_total": null, "episodes_total": null, "training_iteration": 4, "neg_mean_loss": -2.4659250148773193, "experiment_id": "d45d6ef0222a419c9cc1601dffca5d46", "date": "2019-05-30_15-21-29", "timestamp": 1559254889, "time_this_iter_s": 8.259304285049438, "time_total_s": 37.6158401966095, "pid": 21960, "hostname": "steropes", "node_ip": "169.229.49.254", "config": {"starting_lr": 0.01, "momentum": 0.997, "weight_decay": 0.005, "steps_per_iteration": null, "pin": false, "model_creator": null, "target_batch_size": 1024, "model_string": "resnet18", "min_batch_size": 512, "dataset": "CIFAR", "placement": null, "use_nccl": true, "devices_per_worker": 1, "primary_resource": "extra_gpu", "gpu": false, "verbose": false, "lr_config": {"mode": "log", "steps": 5, "initial_lr": 0.01, "target_lr": 0.01}, "batch_per_device": 1024}, "time_since_restore": 37.6158401966095, "timesteps_since_restore": 0, "iterations_since_restore": 4, "mean_throughput": 6380.226362334805, "atoms": 1}
{"apply": 0.00858900547027588, "batch_time": 0.1301464319229126, "d2h": 0.005484175682067871, "data_time": 0.04313000854180784, "fwd": 0.021386146545410156, "get_state_time_mean": NaN, "get_state_time_total": 0.0, "grad": 0.04620449542999268, "mean_accuracy": 0.10569999366998672, "mean_loss": 2.3679092781066893, "neg_mean_accuracy": -0.10569999366998672, "set_state_time_mean": NaN, "set_state_time_total": 0.0, "setup_model_time_mean": NaN, "setup_model_time_total": 0.0, "setup_proc_time_mean": NaN, "setup_proc_time_total": 0.0, "train_accuracy": 0.4956199824810028, "train_loss": 1.4145832270431518, "training_time_mean": NaN, "training_time_total": 0.0, "validation_time_mean": NaN, "validation_time_total": 0.0, "samples": 60000, "num_workers": 1, "done": false, "timesteps_total": null, "episodes_total": null, "training_iteration": 5, "neg_mean_loss": -2.3679092781066893, "experiment_id": "d45d6ef0222a419c9cc1601dffca5d46", "date": "2019-05-30_15-21-37", "timestamp": 1559254897, "time_this_iter_s": 8.603222370147705, "time_total_s": 46.2190625667572, "pid": 21960, "hostname": "steropes", "node_ip": "169.229.49.254", "config": {"starting_lr": 0.01, "momentum": 0.997, "weight_decay": 0.005, "steps_per_iteration": null, "pin": false, "model_creator": null, "target_batch_size": 1024, "model_string": "resnet18", "min_batch_size": 512, "dataset": "CIFAR", "placement": null, "use_nccl": true, "devices_per_worker": 1, "primary_resource": "extra_gpu", "gpu": false, "verbose": false, "lr_config": {"mode": "log", "steps": 5, "initial_lr": 0.01, "target_lr": 0.01}, "batch_per_device": 1024}, "time_since_restore": 46.2190625667572, "timesteps_since_restore": 0, "iterations_since_restore": 5, "mean_throughput": 6490.76332591453, "atoms": 1}
{"apply": 0.0072902202606201175, "batch_time": 0.13583815097808838, "d2h": 0.006771612167358399, "data_time": 0.041864789262109875, "fwd": 0.032894563674926755, "get_state_time_mean": NaN, "get_state_time_total": 0.0, "grad": 0.05891275405883789, "mean_accuracy": 0.13120000064373016, "mean_loss": 67.55461176757812, "neg_mean_accuracy": -0.13120000064373016, "set_state_time_mean": NaN, "set_state_time_total": 0.0, "setup_model_time_mean": NaN, "setup_model_time_total": 0.0, "setup_proc_time_mean": NaN, "setup_proc_time_total": 0.0, "train_accuracy": 0.3105999827384949, "train_loss": 1.8870533447647095, "training_time_mean": NaN, "training_time_total": 0.0, "validation_time_mean": NaN, "validation_time_total": 0.0, "samples": 60000, "num_workers": 1, "done": false, "timesteps_total": null, "episodes_total": null, "training_iteration": 6, "neg_mean_loss": -67.55461176757812, "experiment_id": "d45d6ef0222a419c9cc1601dffca5d46", "date": "2019-05-30_15-21-46", "timestamp": 1559254906, "time_this_iter_s": 8.847887754440308, "time_total_s": 55.06695032119751, "pid": 21960, "hostname": "steropes", "node_ip": "169.229.49.254", "config": {"starting_lr": 0.01, "momentum": 0.997, "weight_decay": 0.005, "steps_per_iteration": null, "pin": false, "model_creator": null, "target_batch_size": 1024, "model_string": "resnet18", "min_batch_size": 512, "dataset": "CIFAR", "placement": null, "use_nccl": true, "devices_per_worker": 1, "primary_resource": "extra_gpu", "gpu": false, "verbose": false, "lr_config": {"mode": "log", "steps": 5, "initial_lr": 0.01, "target_lr": 0.01}, "batch_per_device": 1024}, "time_since_restore": 55.06695032119751, "timesteps_since_restore": 0, "iterations_since_restore": 6, "mean_throughput": 7015.299866638122, "atoms": 1}
{"apply": 0.00916430950164795, "batch_time": 0.13136799335479737, "d2h": 0.006045484542846679, "data_time": 0.042690204114330055, "fwd": 0.026715779304504396, "get_state_time_mean": NaN, "get_state_time_total": 0.0, "grad": 0.054532551765441896, "mean_accuracy": 0.20839999616146088, "mean_loss": 5.436847417449951, "neg_mean_accuracy": -0.20839999616146088, "set_state_time_mean": NaN, "set_state_time_total": 0.0, "setup_model_time_mean": NaN, "setup_model_time_total": 0.0, "setup_proc_time_mean": NaN, "setup_proc_time_total": 0.0, "train_accuracy": 0.39715999364852905, "train_loss": 1.6116892387390136, "training_time_mean": NaN, "training_time_total": 0.0, "validation_time_mean": NaN, "validation_time_total": 0.0, "samples": 60000, "num_workers": 1, "done": false, "timesteps_total": null, "episodes_total": null, "training_iteration": 7, "neg_mean_loss": -5.436847417449951, "experiment_id": "d45d6ef0222a419c9cc1601dffca5d46", "date": "2019-05-30_15-21-54", "timestamp": 1559254914, "time_this_iter_s": 8.418465375900269, "time_total_s": 63.48541569709778, "pid": 21960, "hostname": "steropes", "node_ip": "169.229.49.254", "config": {"starting_lr": 0.01, "momentum": 0.997, "weight_decay": 0.005, "steps_per_iteration": null, "pin": false, "model_creator": null, "target_batch_size": 1024, "model_string": "resnet18", "min_batch_size": 512, "dataset": "CIFAR", "placement": null, "use_nccl": true, "devices_per_worker": 1, "primary_resource": "extra_gpu", "gpu": false, "verbose": false, "lr_config": {"mode": "log", "steps": 5, "initial_lr": 0.01, "target_lr": 0.01}, "batch_per_device": 1024}, "time_since_restore": 63.48541569709778, "timesteps_since_restore": 0, "iterations_since_restore": 7, "mean_throughput": 6988.867505447347, "atoms": 1}
{"apply": 0.010002064704895019, "batch_time": 0.1302196979522705, "d2h": 0.006471776962280273, "data_time": 0.03548314133468939, "fwd": 0.031523609161376955, "get_state_time_mean": NaN, "get_state_time_total": 0.0, "grad": 0.055875325202941896, "mean_accuracy": 0.46949997544288635, "mean_loss": 1.6218085569381715, "neg_mean_accuracy": -0.46949997544288635, "set_state_time_mean": NaN, "set_state_time_total": 0.0, "setup_model_time_mean": NaN, "setup_model_time_total": 0.0, "setup_proc_time_mean": NaN, "setup_proc_time_total": 0.0, "train_accuracy": 0.46045997738838196, "train_loss": 1.4547326288223266, "training_time_mean": NaN, "training_time_total": 0.0, "validation_time_mean": NaN, "validation_time_total": 0.0, "samples": 60000, "num_workers": 1, "done": false, "timesteps_total": null, "episodes_total": null, "training_iteration": 8, "neg_mean_loss": -1.6218085569381715, "experiment_id": "d45d6ef0222a419c9cc1601dffca5d46", "date": "2019-05-30_15-22-03", "timestamp": 1559254923, "time_this_iter_s": 8.351073980331421, "time_total_s": 71.8364896774292, "pid": 21960, "hostname": "steropes", "node_ip": "169.229.49.254", "config": {"starting_lr": 0.01, "momentum": 0.997, "weight_decay": 0.005, "steps_per_iteration": null, "pin": false, "model_creator": null, "target_batch_size": 1024, "model_string": "resnet18", "min_batch_size": 512, "dataset": "CIFAR", "placement": null, "use_nccl": true, "devices_per_worker": 1, "primary_resource": "extra_gpu", "gpu": false, "verbose": false, "lr_config": {"mode": "log", "steps": 5, "initial_lr": 0.01, "target_lr": 0.01}, "batch_per_device": 1024}, "time_since_restore": 71.8364896774292, "timesteps_since_restore": 0, "iterations_since_restore": 8, "mean_throughput": 7062.088703979069, "atoms": 1}
{"apply": 0.008181047439575196, "batch_time": 0.15596425533294678, "d2h": 0.006022906303405762, "data_time": 0.044917174748012, "fwd": 0.031180572509765626, "get_state_time_mean": NaN, "get_state_time_total": 0.0, "grad": 0.06045289039611816, "mean_accuracy": 0.45909997820854187, "mean_loss": 1.5555684982299804, "neg_mean_accuracy": -0.45909997820854187, "set_state_time_mean": NaN, "set_state_time_total": 0.0, "setup_model_time_mean": NaN, "setup_model_time_total": 0.0, "setup_proc_time_mean": NaN, "setup_proc_time_total": 0.0, "train_accuracy": 0.4970199763774872, "train_loss": 1.3820446166610718, "training_time_mean": NaN, "training_time_total": 0.0, "validation_time_mean": NaN, "validation_time_total": 0.0, "samples": 60000, "num_workers": 1, "done": false, "timesteps_total": null, "episodes_total": null, "training_iteration": 9, "neg_mean_loss": -1.5555684982299804, "experiment_id": "d45d6ef0222a419c9cc1601dffca5d46", "date": "2019-05-30_15-22-12", "timestamp": 1559254932, "time_this_iter_s": 8.814079999923706, "time_total_s": 80.6505696773529, "pid": 21960, "hostname": "steropes", "node_ip": "169.229.49.254", "config": {"starting_lr": 0.01, "momentum": 0.997, "weight_decay": 0.005, "steps_per_iteration": null, "pin": false, "model_creator": null, "target_batch_size": 1024, "model_string": "resnet18", "min_batch_size": 512, "dataset": "CIFAR", "placement": null, "use_nccl": true, "devices_per_worker": 1, "primary_resource": "extra_gpu", "gpu": false, "verbose": false, "lr_config": {"mode": "log", "steps": 5, "initial_lr": 0.01, "target_lr": 0.01}, "batch_per_device": 1024}, "time_since_restore": 80.6505696773529, "timesteps_since_restore": 0, "iterations_since_restore": 9, "mean_throughput": 6971.051391705934, "atoms": 1}
{"apply": 0.008619594573974609, "batch_time": 0.12978942394256593, "d2h": 0.00601506233215332, "data_time": 0.03828324590410505, "fwd": 0.024901223182678223, "get_state_time_mean": NaN, "get_state_time_total": 0.0, "grad": 0.04859440326690674, "mean_accuracy": 0.447299987077713, "mean_loss": 1.7374945171356202, "neg_mean_accuracy": -0.447299987077713, "set_state_time_mean": NaN, "set_state_time_total": 0.0, "setup_model_time_mean": NaN, "setup_model_time_total": 0.0, "setup_proc_time_mean": NaN, "setup_proc_time_total": 0.0, "train_accuracy": 0.5083400011062622, "train_loss": 1.7042747707748414, "training_time_mean": NaN, "training_time_total": 0.0, "validation_time_mean": NaN, "validation_time_total": 0.0, "samples": 60000, "num_workers": 1, "done": false, "timesteps_total": null, "episodes_total": null, "training_iteration": 10, "neg_mean_loss": -1.7374945171356202, "experiment_id": "d45d6ef0222a419c9cc1601dffca5d46", "date": "2019-05-30_15-22-20", "timestamp": 1559254940, "time_this_iter_s": 8.399232625961304, "time_total_s": 89.04980230331421, "pid": 21960, "hostname": "steropes", "node_ip": "169.229.49.254", "config": {"starting_lr": 0.01, "momentum": 0.997, "weight_decay": 0.005, "steps_per_iteration": null, "pin": false, "model_creator": null, "target_batch_size": 1024, "model_string": "resnet18", "min_batch_size": 512, "dataset": "CIFAR", "placement": null, "use_nccl": true, "devices_per_worker": 1, "primary_resource": "extra_gpu", "gpu": false, "verbose": false, "lr_config": {"mode": "log", "steps": 5, "initial_lr": 0.01, "target_lr": 0.01}, "batch_per_device": 1024}, "time_since_restore": 89.04980230331421, "timesteps_since_restore": 0, "iterations_since_restore": 10, "mean_throughput": 7004.253369980665, "atoms": 1}
{"apply": 0.00748591423034668, "batch_time": 0.1241032361984253, "d2h": 0.005521202087402343, "data_time": 0.04350134304591587, "fwd": 0.020996689796447754, "get_state_time_mean": NaN, "get_state_time_total": 0.0, "grad": 0.04294342994689941, "mean_accuracy": 0.5065999627113342, "mean_loss": 1.3761588401794433, "neg_mean_accuracy": -0.5065999627113342, "set_state_time_mean": NaN, "set_state_time_total": 0.0, "setup_model_time_mean": NaN, "setup_model_time_total": 0.0, "setup_proc_time_mean": NaN, "setup_proc_time_total": 0.0, "train_accuracy": 0.5010200142860413, "train_loss": 1.3975378155517577, "training_time_mean": NaN, "training_time_total": 0.0, "validation_time_mean": NaN, "validation_time_total": 0.0, "samples": 60000, "num_workers": 1, "done": false, "timesteps_total": null, "episodes_total": null, "training_iteration": 11, "neg_mean_loss": -1.3761588401794433, "experiment_id": "d45d6ef0222a419c9cc1601dffca5d46", "date": "2019-05-30_15-22-28", "timestamp": 1559254948, "time_this_iter_s": 7.700037717819214, "time_total_s": 96.74984002113342, "pid": 21960, "hostname": "steropes", "node_ip": "169.229.49.254", "config": {"starting_lr": 0.01, "momentum": 0.997, "weight_decay": 0.005, "steps_per_iteration": null, "pin": false, "model_creator": null, "target_batch_size": 1024, "model_string": "resnet18", "min_batch_size": 512, "dataset": "CIFAR", "placement": null, "use_nccl": true, "devices_per_worker": 1, "primary_resource": "extra_gpu", "gpu": false, "verbose": false, "lr_config": {"mode": "log", "steps": 5, "initial_lr": 0.01, "target_lr": 0.01}, "batch_per_device": 1024}, "time_since_restore": 96.74984002113342, "timesteps_since_restore": 0, "iterations_since_restore": 11, "mean_throughput": 7197.132296508526, "atoms": 1}
{"apply": 0.007328534126281738, "batch_time": 0.13037497997283937, "d2h": 0.004617834091186523, "data_time": 0.04089461054120745, "fwd": 0.021339774131774902, "get_state_time_mean": NaN, "get_state_time_total": 0.0, "grad": 0.043300509452819824, "mean_accuracy": 0.48819997906684875, "mean_loss": 1.390267650794983, "neg_mean_accuracy": -0.48819997906684875, "set_state_time_mean": NaN, "set_state_time_total": 0.0, "setup_model_time_mean": NaN, "setup_model_time_total": 0.0, "setup_proc_time_mean": NaN, "setup_proc_time_total": 0.0, "train_accuracy": 0.5265799760818481, "train_loss": 1.299794599647522, "training_time_mean": NaN, "training_time_total": 0.0, "validation_time_mean": NaN, "validation_time_total": 0.0, "samples": 60000, "num_workers": 1, "done": true, "timesteps_total": null, "episodes_total": null, "training_iteration": 12, "neg_mean_loss": -1.390267650794983, "experiment_id": "d45d6ef0222a419c9cc1601dffca5d46", "date": "2019-05-30_15-22-35", "timestamp": 1559254955, "time_this_iter_s": 7.4336018562316895, "time_total_s": 104.18344187736511, "pid": 21960, "hostname": "steropes", "node_ip": "169.229.49.254", "config": {"starting_lr": 0.01, "momentum": 0.997, "weight_decay": 0.005, "steps_per_iteration": null, "pin": false, "model_creator": null, "target_batch_size": 1024, "model_string": "resnet18", "min_batch_size": 512, "dataset": "CIFAR", "placement": null, "use_nccl": true, "devices_per_worker": 1, "primary_resource": "extra_gpu", "gpu": false, "verbose": false, "lr_config": {"mode": "log", "steps": 5, "initial_lr": 0.01, "target_lr": 0.01}, "batch_per_device": 1024}, "time_since_restore": 104.18344187736511, "timesteps_since_restore": 0, "iterations_since_restore": 12, "mean_throughput": 7371.293045675032, "atoms": 1}
