{"apply": 0.018052172660827637, "batch_time": 0.043143501764611354, "d2h": 0.0006668567657470703, "data_time": 0.0018476488645119435, "fwd": 0.1465928554534912, "get_state_time_mean": NaN, "get_state_time_total": 0.0, "grad": 0.18084981441497802, "mean_accuracy": 0.16509999334812164, "mean_loss": 25870.5082875, "neg_mean_accuracy": -0.16509999334812164, "set_state_time_mean": NaN, "set_state_time_total": 0.0, "setup_model_time_mean": 8.494755983352661, "setup_model_time_total": 8.494755983352661, "setup_proc_time_mean": 0.1573960781097412, "setup_proc_time_total": 0.1573960781097412, "train_accuracy": 0.15469999611377716, "train_loss": 4.433899896087646, "training_time_mean": NaN, "training_time_total": 0.0, "val_accuracy": 0.16509999334812164, "val_loss": 25870.5082875, "validation_time_mean": NaN, "validation_time_total": 0.0, "samples": 60000, "num_workers": 1, "done": false, "timesteps_total": null, "episodes_total": null, "training_iteration": 1, "neg_mean_loss": -25870.5082875, "experiment_id": "0477b71ea2ba4ea7a1ea565231945dbd", "date": "2019-06-06_07-15-20", "timestamp": 1559830520, "time_this_iter_s": 47.1381721496582, "time_total_s": 47.1381721496582, "pid": 14059, "hostname": "steropes", "node_ip": "169.229.49.254", "config": {"starting_lr": 0.005, "momentum": 0.997, "weight_decay": 0.0001, "steps_per_iteration": null, "pin": false, "model_creator": null, "target_batch_size": 128, "model_string": "resnet50", "min_batch_size": 128, "dataset": "CIFAR", "placement": null, "use_nccl": true, "devices_per_worker": 1, "primary_resource": "extra_gpu", "gpu": false, "verbose": false, "lr_config": {"mode": "log", "steps": 5, "initial_lr": 0.005, "target_lr": 0.005}, "batch_per_device": 128}, "time_since_restore": 47.1381721496582, "timesteps_since_restore": 0, "iterations_since_restore": 1, "mean_throughput": 1272.8513723048222, "atoms": 1, "setup_time": 8.999315023422241}
{"apply": 0.01812610626220703, "batch_time": 0.032267697249786766, "d2h": 0.0007610321044921875, "data_time": 0.0018153971113512278, "fwd": 0.028482460975646974, "get_state_time_mean": NaN, "get_state_time_total": 0.0, "grad": 0.047960090637207034, "mean_accuracy": 0.16179999709129333, "mean_loss": 12942.695912046815, "neg_mean_accuracy": -0.15850000083446503, "set_state_time_mean": NaN, "set_state_time_total": 0.0, "setup_model_time_mean": NaN, "setup_model_time_total": 0.0, "setup_proc_time_mean": NaN, "setup_proc_time_total": 0.0, "train_accuracy": 0.16234000027179718, "train_loss": 3.117735050201416, "training_time_mean": NaN, "training_time_total": 0.0, "val_accuracy": 0.15850000083446503, "val_loss": 14.88353659362793, "validation_time_mean": NaN, "validation_time_total": 0.0, "samples": 60000, "num_workers": 1, "done": true, "timesteps_total": null, "episodes_total": null, "training_iteration": 2, "neg_mean_loss": -12942.695912046815, "experiment_id": "0477b71ea2ba4ea7a1ea565231945dbd", "date": "2019-06-06_07-16-01", "timestamp": 1559830561, "time_this_iter_s": 41.30011701583862, "time_total_s": 88.43828916549683, "pid": 14059, "hostname": "steropes", "node_ip": "169.229.49.254", "config": {"starting_lr": 0.005, "momentum": 0.997, "weight_decay": 0.0001, "steps_per_iteration": null, "pin": false, "model_creator": null, "target_batch_size": 128, "model_string": "resnet50", "min_batch_size": 128, "dataset": "CIFAR", "placement": null, "use_nccl": true, "devices_per_worker": 1, "primary_resource": "extra_gpu", "gpu": false, "verbose": false, "lr_config": {"mode": "log", "steps": 5, "initial_lr": 0.005, "target_lr": 0.005}, "batch_per_device": 128}, "time_since_restore": 88.43828916549683, "timesteps_since_restore": 0, "iterations_since_restore": 2, "mean_throughput": 1356.875812730677, "atoms": 1, "setup_time": 8.999315023422241}
