{"apply": 0.017455458641052246, "batch_time": 0.04215331922603559, "d2h": 0.0006753921508789063, "data_time": 0.0018672802869011374, "fwd": 0.11899487972259522, "get_state_time_mean": NaN, "get_state_time_total": 0.0, "grad": 0.1718909502029419, "mean_accuracy": 0.1573999971151352, "mean_loss": 2.374368449020386, "neg_mean_accuracy": -0.1573999971151352, "set_state_time_mean": NaN, "set_state_time_total": 0.0, "setup_model_time_mean": 8.205920219421387, "setup_model_time_total": 8.205920219421387, "setup_proc_time_mean": 0.4266681671142578, "setup_proc_time_total": 0.4266681671142578, "train_accuracy": 0.15265999734401703, "train_loss": 4.637291401367188, "training_time_mean": NaN, "training_time_total": 0.0, "val_accuracy": 0.1573999971151352, "val_loss": 2.374368449020386, "validation_time_mean": NaN, "validation_time_total": 0.0, "samples": 60000, "num_workers": 1, "done": false, "timesteps_total": null, "episodes_total": null, "training_iteration": 1, "neg_mean_loss": -2.374368449020386, "experiment_id": "4fb4055f09994f658f96f1dbb5b33205", "date": "2019-06-06_09-33-39", "timestamp": 1559838819, "time_this_iter_s": 46.24883222579956, "time_total_s": 46.24883222579956, "pid": 14850, "hostname": "steropes", "node_ip": "169.229.49.254", "config": {"starting_lr": 0.1, "momentum": 0.9, "weight_decay": 0.0001, "steps_per_iteration": null, "pin": false, "model_creator": null, "target_batch_size": 128, "model_string": "resnet50", "min_batch_size": 128, "dataset": "CIFAR", "placement": null, "use_nccl": true, "devices_per_worker": 1, "primary_resource": "extra_gpu", "gpu": false, "verbose": false, "lr_config": {"mode": "log", "steps": 5, "initial_lr": 0.1, "target_lr": 0.1}, "batch_per_device": 128}, "time_since_restore": 46.24883222579956, "timesteps_since_restore": 0, "iterations_since_restore": 1, "mean_throughput": 1297.3214933506886, "atoms": 1, "setup_time": 8.730838060379028}
{"apply": 0.016925787925720213, "batch_time": 0.03216544887687586, "d2h": 0.0006702661514282227, "data_time": 0.001807055509913608, "fwd": 0.028314828872680664, "get_state_time_mean": NaN, "get_state_time_total": 0.0, "grad": 0.04857780933380127, "mean_accuracy": 0.23454999178647995, "mean_loss": 2.1537939910888673, "neg_mean_accuracy": -0.3116999864578247, "set_state_time_mean": NaN, "set_state_time_total": 0.0, "setup_model_time_mean": NaN, "setup_model_time_total": 0.0, "setup_proc_time_mean": NaN, "setup_proc_time_total": 0.0, "train_accuracy": 0.23281998932361603, "train_loss": 2.058077521972656, "training_time_mean": NaN, "training_time_total": 0.0, "val_accuracy": 0.3116999864578247, "val_loss": 1.9332195331573487, "validation_time_mean": NaN, "validation_time_total": 0.0, "samples": 60000, "num_workers": 1, "done": false, "timesteps_total": null, "episodes_total": null, "training_iteration": 2, "neg_mean_loss": -2.1537939910888673, "experiment_id": "4fb4055f09994f658f96f1dbb5b33205", "date": "2019-06-06_09-34-20", "timestamp": 1559838860, "time_this_iter_s": 40.648515462875366, "time_total_s": 86.89734768867493, "pid": 14850, "hostname": "steropes", "node_ip": "169.229.49.254", "config": {"starting_lr": 0.1, "momentum": 0.9, "weight_decay": 0.0001, "steps_per_iteration": null, "pin": false, "model_creator": null, "target_batch_size": 128, "model_string": "resnet50", "min_batch_size": 128, "dataset": "CIFAR", "placement": null, "use_nccl": true, "devices_per_worker": 1, "primary_resource": "extra_gpu", "gpu": false, "verbose": false, "lr_config": {"mode": "log", "steps": 5, "initial_lr": 0.1, "target_lr": 0.1}, "batch_per_device": 128}, "time_since_restore": 86.89734768867493, "timesteps_since_restore": 0, "iterations_since_restore": 2, "mean_throughput": 1380.9334762938167, "atoms": 1, "setup_time": 8.730838060379028}
{"apply": 0.016806912422180176, "batch_time": 0.031998643392249, "d2h": 0.000667738914489746, "data_time": 0.0017979675546631485, "fwd": 0.028508520126342772, "get_state_time_mean": NaN, "get_state_time_total": 0.0, "grad": 0.04846649169921875, "mean_accuracy": 0.27326665818691254, "mean_loss": 2.025318831253052, "neg_mean_accuracy": -0.3506999909877777, "set_state_time_mean": NaN, "set_state_time_total": 0.0, "setup_model_time_mean": NaN, "setup_model_time_total": 0.0, "setup_proc_time_mean": NaN, "setup_proc_time_total": 0.0, "train_accuracy": 0.3073599934577942, "train_loss": 1.8651596911239623, "training_time_mean": NaN, "training_time_total": 0.0, "val_accuracy": 0.3506999909877777, "val_loss": 1.768368511581421, "validation_time_mean": NaN, "validation_time_total": 0.0, "samples": 60000, "num_workers": 1, "done": true, "timesteps_total": null, "episodes_total": null, "training_iteration": 3, "neg_mean_loss": -2.025318831253052, "experiment_id": "4fb4055f09994f658f96f1dbb5b33205", "date": "2019-06-06_09-35-00", "timestamp": 1559838900, "time_this_iter_s": 40.71035289764404, "time_total_s": 127.60770058631897, "pid": 14850, "hostname": "steropes", "node_ip": "169.229.49.254", "config": {"starting_lr": 0.1, "momentum": 0.9, "weight_decay": 0.0001, "steps_per_iteration": null, "pin": false, "model_creator": null, "target_batch_size": 128, "model_string": "resnet50", "min_batch_size": 128, "dataset": "CIFAR", "placement": null, "use_nccl": true, "devices_per_worker": 1, "primary_resource": "extra_gpu", "gpu": false, "verbose": false, "lr_config": {"mode": "log", "steps": 5, "initial_lr": 0.1, "target_lr": 0.1}, "batch_per_device": 128}, "time_since_restore": 127.60770058631897, "timesteps_since_restore": 0, "iterations_since_restore": 3, "mean_throughput": 1410.5679116390972, "atoms": 1, "setup_time": 8.730838060379028}
