apply,batch_time,d2h,data_time,fwd,get_state_time_mean,get_state_time_total,grad,mean_accuracy,mean_loss,neg_mean_accuracy,set_state_time_mean,set_state_time_total,setup_model_time_mean,setup_model_time_total,setup_proc_time_mean,setup_proc_time_total,train_accuracy,train_loss,training_time_mean,training_time_total,validation_time_mean,validation_time_total,samples,num_workers,done,timesteps_total,episodes_total,training_iteration,neg_mean_loss,experiment_id,date,timestamp,time_this_iter_s,time_total_s,pid,hostname,node_ip,config,time_since_restore,timesteps_since_restore,iterations_since_restore,mean_throughput,atoms
0.009362053871154786,0.17817652225494385,0.005194830894470215,0.036427818998998523,0.08523602485656738,nan,0.0,0.155934476852417,0.32659998536109924,1.8779531328201293,-0.32659998536109924,nan,0.0,8.782546997070312,8.782546997070312,0.3919246196746826,0.3919246196746826,0.1986600011587143,3.3177355730438234,nan,0.0,nan,0.0,60000,1,False,,,1,-1.8779531328201293,3c1618f3d1d24ef4b5c9be96e71b04eb,2019-05-30_15-22-40,1559254960,11.475739002227783,11.475739002227783,21971,steropes,169.229.49.254,"{'starting_lr': 0.001, 'momentum': 0.997, 'weight_decay': 0.0001, 'steps_per_iteration': None, 'pin': False, 'model_creator': None, 'target_batch_size': 1024, 'model_string': 'resnet18', 'min_batch_size': 512, 'dataset': 'CIFAR', 'placement': None, 'use_nccl': True, 'devices_per_worker': 1, 'primary_resource': 'extra_gpu', 'gpu': False, 'verbose': False, 'lr_config': {'mode': 'log', 'steps': 5, 'initial_lr': 0.001, 'target_lr': 0.001}, 'batch_per_device': 1024}",11.475739002227783,0,1,5228.371378349484,1
0.008723258972167969,0.12581310272216797,0.0054682731628417965,0.04388033613866689,0.025229883193969727,nan,0.0,0.04549260139465332,0.3937000036239624,1.669607124900818,-0.3937000036239624,nan,0.0,nan,0.0,nan,0.0,0.3423599898815155,1.7970523485565186,nan,0.0,nan,0.0,60000,1,False,,,2,-1.669607124900818,3c1618f3d1d24ef4b5c9be96e71b04eb,2019-05-30_15-22-48,1559254968,7.716679811477661,19.192418813705444,21971,steropes,169.229.49.254,"{'starting_lr': 0.001, 'momentum': 0.997, 'weight_decay': 0.0001, 'steps_per_iteration': None, 'pin': False, 'model_creator': None, 'target_batch_size': 1024, 'model_string': 'resnet18', 'min_batch_size': 512, 'dataset': 'CIFAR', 'placement': None, 'use_nccl': True, 'devices_per_worker': 1, 'primary_resource': 'extra_gpu', 'gpu': False, 'verbose': False, 'lr_config': {'mode': 'log', 'steps': 5, 'initial_lr': 0.001, 'target_lr': 0.001}, 'batch_per_device': 1024}",19.192418813705444,0,2,6252.389895609129,1
0.00854349136352539,0.12625658512115479,0.004440617561340332,0.03987056381848394,0.023982691764831542,nan,0.0,0.05493409633636474,0.4439999759197235,1.5259796897888183,-0.4439999759197235,nan,0.0,nan,0.0,nan,0.0,0.4008599817752838,1.6246753583145142,nan,0.0,nan,0.0,60000,1,False,,,3,-1.5259796897888183,3c1618f3d1d24ef4b5c9be96e71b04eb,2019-05-30_15-22-56,1559254976,7.775137662887573,26.967556476593018,21971,steropes,169.229.49.254,"{'starting_lr': 0.001, 'momentum': 0.997, 'weight_decay': 0.0001, 'steps_per_iteration': None, 'pin': False, 'model_creator': None, 'target_batch_size': 1024, 'model_string': 'resnet18', 'min_batch_size': 512, 'dataset': 'CIFAR', 'placement': None, 'use_nccl': True, 'devices_per_worker': 1, 'primary_resource': 'extra_gpu', 'gpu': False, 'verbose': False, 'lr_config': {'mode': 'log', 'steps': 5, 'initial_lr': 0.001, 'target_lr': 0.001}, 'batch_per_device': 1024}",26.967556476593018,0,3,6674.608508504722,1
0.011055302619934083,0.12167873382568359,0.005353617668151856,0.0305824377098862,0.03237040042877197,nan,0.0,0.055587029457092284,0.4668999910354614,1.4462924659729004,-0.4668999910354614,nan,0.0,nan,0.0,nan,0.0,0.44110000133514404,1.526744253845215,nan,0.0,nan,0.0,60000,1,False,,,4,-1.4462924659729004,3c1618f3d1d24ef4b5c9be96e71b04eb,2019-05-30_15-23-04,1559254984,7.571985721588135,34.53954219818115,21971,steropes,169.229.49.254,"{'starting_lr': 0.001, 'momentum': 0.997, 'weight_decay': 0.0001, 'steps_per_iteration': None, 'pin': False, 'model_creator': None, 'target_batch_size': 1024, 'model_string': 'resnet18', 'min_batch_size': 512, 'dataset': 'CIFAR', 'placement': None, 'use_nccl': True, 'devices_per_worker': 1, 'primary_resource': 'extra_gpu', 'gpu': False, 'verbose': False, 'lr_config': {'mode': 'log', 'steps': 5, 'initial_lr': 0.001, 'target_lr': 0.001}, 'batch_per_device': 1024}",34.53954219818115,0,4,6948.478792689087,1
0.007898378372192382,0.12214362621307373,0.005568814277648926,0.03677768123393156,0.021215319633483887,nan,0.0,0.046684646606445314,0.5090000033378601,1.3573557237625122,-0.5090000033378601,nan,0.0,nan,0.0,nan,0.0,0.4657599925994873,1.4568029735946655,nan,0.0,nan,0.0,60000,1,False,,,5,-1.3573557237625122,3c1618f3d1d24ef4b5c9be96e71b04eb,2019-05-30_15-23-11,1559254991,7.673518896102905,42.21306109428406,21971,steropes,169.229.49.254,"{'starting_lr': 0.001, 'momentum': 0.997, 'weight_decay': 0.0001, 'steps_per_iteration': None, 'pin': False, 'model_creator': None, 'target_batch_size': 1024, 'model_string': 'resnet18', 'min_batch_size': 512, 'dataset': 'CIFAR', 'placement': None, 'use_nccl': True, 'devices_per_worker': 1, 'primary_resource': 'extra_gpu', 'gpu': False, 'verbose': False, 'lr_config': {'mode': 'log', 'steps': 5, 'initial_lr': 0.001, 'target_lr': 0.001}, 'batch_per_device': 1024}",42.21306109428406,0,5,7106.726920173893,1
0.007910823822021485,0.12430508136749267,0.004654502868652344,0.03609412057059152,0.02558004856109619,nan,0.0,0.048580265045166014,0.5224999785423279,1.325667897605896,-0.5224999785423279,nan,0.0,nan,0.0,nan,0.0,0.4916199743747711,1.3913264136505128,nan,0.0,nan,0.0,60000,1,False,,,6,-1.325667897605896,3c1618f3d1d24ef4b5c9be96e71b04eb,2019-05-30_15-23-19,1559254999,7.514582872390747,49.727643966674805,21971,steropes,169.229.49.254,"{'starting_lr': 0.001, 'momentum': 0.997, 'weight_decay': 0.0001, 'steps_per_iteration': None, 'pin': False, 'model_creator': None, 'target_batch_size': 1024, 'model_string': 'resnet18', 'min_batch_size': 512, 'dataset': 'CIFAR', 'placement': None, 'use_nccl': True, 'devices_per_worker': 1, 'primary_resource': 'extra_gpu', 'gpu': False, 'verbose': False, 'lr_config': {'mode': 'log', 'steps': 5, 'initial_lr': 0.001, 'target_lr': 0.001}, 'batch_per_device': 1024}",49.727643966674805,0,6,7842.658430365485,1
0.007558560371398926,0.1284735918045044,0.006225395202636719,0.036716947750169406,0.027142906188964845,nan,0.0,0.05030567646026611,0.5274999737739563,1.2936859733581543,-0.5274999737739563,nan,0.0,nan,0.0,nan,0.0,0.5135599970817566,1.3334002633666993,nan,0.0,nan,0.0,60000,1,False,,,7,-1.2936859733581543,3c1618f3d1d24ef4b5c9be96e71b04eb,2019-05-30_15-23-26,1559255006,7.640071868896484,57.36771583557129,21971,steropes,169.229.49.254,"{'starting_lr': 0.001, 'momentum': 0.997, 'weight_decay': 0.0001, 'steps_per_iteration': None, 'pin': False, 'model_creator': None, 'target_batch_size': 1024, 'model_string': 'resnet18', 'min_batch_size': 512, 'dataset': 'CIFAR', 'placement': None, 'use_nccl': True, 'devices_per_worker': 1, 'primary_resource': 'extra_gpu', 'gpu': False, 'verbose': False, 'lr_config': {'mode': 'log', 'steps': 5, 'initial_lr': 0.001, 'target_lr': 0.001}, 'batch_per_device': 1024}",57.36771583557129,0,7,7858.408119571646,1
0.008757877349853515,0.12516331672668457,0.00584566593170166,0.036496415430185745,0.024618983268737793,nan,0.0,0.04933655261993408,0.5486999750137329,1.2672632102966308,-0.5486999750137329,nan,0.0,nan,0.0,nan,0.0,0.5288599729537964,1.2967287564086913,nan,0.0,nan,0.0,60000,1,False,,,8,-1.2672632102966308,3c1618f3d1d24ef4b5c9be96e71b04eb,2019-05-30_15-23-34,1559255014,7.552685499191284,64.92040133476257,21971,steropes,169.229.49.254,"{'starting_lr': 0.001, 'momentum': 0.997, 'weight_decay': 0.0001, 'steps_per_iteration': None, 'pin': False, 'model_creator': None, 'target_batch_size': 1024, 'model_string': 'resnet18', 'min_batch_size': 512, 'dataset': 'CIFAR', 'placement': None, 'use_nccl': True, 'devices_per_worker': 1, 'primary_resource': 'extra_gpu', 'gpu': False, 'verbose': False, 'lr_config': {'mode': 'log', 'steps': 5, 'initial_lr': 0.001, 'target_lr': 0.001}, 'batch_per_device': 1024}",64.92040133476257,0,8,7904.465446122311,1
0.008630013465881348,0.125468111038208,0.004994487762451172,0.03694911878936145,0.024130988121032714,nan,0.0,0.05014538764953613,0.5630999803543091,1.2164358652114868,-0.5630999803543091,nan,0.0,nan,0.0,nan,0.0,0.5459799766540527,1.2517356121063232,nan,0.0,nan,0.0,60000,1,False,,,9,-1.2164358652114868,3c1618f3d1d24ef4b5c9be96e71b04eb,2019-05-30_15-23-42,1559255022,7.635356903076172,72.55575823783875,21971,steropes,169.229.49.254,"{'starting_lr': 0.001, 'momentum': 0.997, 'weight_decay': 0.0001, 'steps_per_iteration': None, 'pin': False, 'model_creator': None, 'target_batch_size': 1024, 'model_string': 'resnet18', 'min_batch_size': 512, 'dataset': 'CIFAR', 'placement': None, 'use_nccl': True, 'devices_per_worker': 1, 'primary_resource': 'extra_gpu', 'gpu': False, 'verbose': False, 'lr_config': {'mode': 'log', 'steps': 5, 'initial_lr': 0.001, 'target_lr': 0.001}, 'batch_per_device': 1024}",72.55575823783875,0,9,7891.288577354215,1
0.007881069183349609,0.1247021198272705,0.005075812339782715,0.03601964152589136,0.022008371353149415,nan,0.0,0.053198599815368654,0.5758999586105347,1.1838204957962035,-0.5758999586105347,nan,0.0,nan,0.0,nan,0.0,0.5609399676322937,1.2098242212295531,nan,0.0,nan,0.0,60000,1,False,,,10,-1.1838204957962035,3c1618f3d1d24ef4b5c9be96e71b04eb,2019-05-30_15-23-49,1559255029,7.580559253692627,80.13631749153137,21971,steropes,169.229.49.254,"{'starting_lr': 0.001, 'momentum': 0.997, 'weight_decay': 0.0001, 'steps_per_iteration': None, 'pin': False, 'model_creator': None, 'target_batch_size': 1024, 'model_string': 'resnet18', 'min_batch_size': 512, 'dataset': 'CIFAR', 'placement': None, 'use_nccl': True, 'devices_per_worker': 1, 'primary_resource': 'extra_gpu', 'gpu': False, 'verbose': False, 'lr_config': {'mode': 'log', 'steps': 5, 'initial_lr': 0.001, 'target_lr': 0.001}, 'batch_per_device': 1024}",80.13631749153137,0,10,7910.630213630882,1
0.009504127502441406,0.12595822811126708,0.00481724739074707,0.0371725607891472,0.023157739639282228,nan,0.0,0.044338417053222653,0.5952999591827393,1.1383026720046998,-0.5952999591827393,nan,0.0,nan,0.0,nan,0.0,0.5798599720001221,1.168938461265564,nan,0.0,nan,0.0,60000,1,False,,,11,-1.1383026720046998,3c1618f3d1d24ef4b5c9be96e71b04eb,2019-05-30_15-23-57,1559255037,7.681729793548584,87.81804728507996,21971,steropes,169.229.49.254,"{'starting_lr': 0.001, 'momentum': 0.997, 'weight_decay': 0.0001, 'steps_per_iteration': None, 'pin': False, 'model_creator': None, 'target_batch_size': 1024, 'model_string': 'resnet18', 'min_batch_size': 512, 'dataset': 'CIFAR', 'placement': None, 'use_nccl': True, 'devices_per_worker': 1, 'primary_resource': 'extra_gpu', 'gpu': False, 'verbose': False, 'lr_config': {'mode': 'log', 'steps': 5, 'initial_lr': 0.001, 'target_lr': 0.001}, 'batch_per_device': 1024}",87.81804728507996,0,11,7875.917633286411,1
0.007412385940551758,0.1295100688934326,0.005581021308898926,0.04079617772783552,0.024879050254821778,nan,0.0,0.045997452735900876,0.6035999655723572,1.108919944381714,-0.6035999655723572,nan,0.0,nan,0.0,nan,0.0,0.5982599854469299,1.120451275100708,nan,0.0,nan,0.0,60000,1,False,,,12,-1.108919944381714,3c1618f3d1d24ef4b5c9be96e71b04eb,2019-05-30_15-24-05,1559255045,7.755956649780273,95.57400393486023,21971,steropes,169.229.49.254,"{'starting_lr': 0.001, 'momentum': 0.997, 'weight_decay': 0.0001, 'steps_per_iteration': None, 'pin': False, 'model_creator': None, 'target_batch_size': 1024, 'model_string': 'resnet18', 'min_batch_size': 512, 'dataset': 'CIFAR', 'placement': None, 'use_nccl': True, 'devices_per_worker': 1, 'primary_resource': 'extra_gpu', 'gpu': False, 'verbose': False, 'lr_config': {'mode': 'log', 'steps': 5, 'initial_lr': 0.001, 'target_lr': 0.001}, 'batch_per_device': 1024}",95.57400393486023,0,12,7852.027650712809,1
0.008250713348388672,0.12649786472320557,0.004784226417541504,0.038299862219362844,0.02446775436401367,nan,0.0,0.047595429420471194,0.626800000667572,1.056969634437561,-0.626800000667572,nan,0.0,nan,0.0,nan,0.0,0.6066200137138367,1.0920210723876953,nan,0.0,nan,0.0,60000,1,False,,,13,-1.056969634437561,3c1618f3d1d24ef4b5c9be96e71b04eb,2019-05-30_15-24-12,1559255052,7.87541127204895,103.44941520690918,21971,steropes,169.229.49.254,"{'starting_lr': 0.001, 'momentum': 0.997, 'weight_decay': 0.0001, 'steps_per_iteration': None, 'pin': False, 'model_creator': None, 'target_batch_size': 1024, 'model_string': 'resnet18', 'min_batch_size': 512, 'dataset': 'CIFAR', 'placement': None, 'use_nccl': True, 'devices_per_worker': 1, 'primary_resource': 'extra_gpu', 'gpu': False, 'verbose': False, 'lr_config': {'mode': 'log', 'steps': 5, 'initial_lr': 0.001, 'target_lr': 0.001}, 'batch_per_device': 1024}",103.44941520690918,0,13,7786.260644481525,1
0.007321214675903321,0.12032551765441894,0.0049991607666015625,0.03743670911205058,0.027318501472473146,nan,0.0,0.04667439460754395,0.6241999864578247,1.0650906326293945,-0.6241999864578247,nan,0.0,nan,0.0,nan,0.0,0.6204599738121033,1.0572502519989013,nan,0.0,nan,0.0,60000,1,False,,,14,-1.0650906326293945,3c1618f3d1d24ef4b5c9be96e71b04eb,2019-05-30_15-24-20,1559255060,7.612861633300781,111.06227684020996,21971,steropes,169.229.49.254,"{'starting_lr': 0.001, 'momentum': 0.997, 'weight_decay': 0.0001, 'steps_per_iteration': None, 'pin': False, 'model_creator': None, 'target_batch_size': 1024, 'model_string': 'resnet18', 'min_batch_size': 512, 'dataset': 'CIFAR', 'placement': None, 'use_nccl': True, 'devices_per_worker': 1, 'primary_resource': 'extra_gpu', 'gpu': False, 'verbose': False, 'lr_config': {'mode': 'log', 'steps': 5, 'initial_lr': 0.001, 'target_lr': 0.001}, 'batch_per_device': 1024}",111.06227684020996,0,14,7790.809910474839,1
0.007481527328491211,0.12044038772583007,0.00517578125,0.04975802071240484,0.02088770866394043,nan,0.0,0.04415886402130127,0.6410999894142151,1.0150474838256835,-0.6410999894142151,nan,0.0,nan,0.0,nan,0.0,0.6311799883842468,1.0260190696334839,nan,0.0,nan,0.0,60000,1,False,,,15,-1.0150474838256835,3c1618f3d1d24ef4b5c9be96e71b04eb,2019-05-30_15-24-28,1559255068,7.7739098072052,118.83618664741516,21971,steropes,169.229.49.254,"{'starting_lr': 0.001, 'momentum': 0.997, 'weight_decay': 0.0001, 'steps_per_iteration': None, 'pin': False, 'model_creator': None, 'target_batch_size': 1024, 'model_string': 'resnet18', 'min_batch_size': 512, 'dataset': 'CIFAR', 'placement': None, 'use_nccl': True, 'devices_per_worker': 1, 'primary_resource': 'extra_gpu', 'gpu': False, 'verbose': False, 'lr_config': {'mode': 'log', 'steps': 5, 'initial_lr': 0.001, 'target_lr': 0.001}, 'batch_per_device': 1024}",118.83618664741516,0,15,7751.886922767933,1
0.007547855377197266,0.1213726282119751,0.004928851127624511,0.04441183927107831,0.0217515230178833,nan,0.0,0.04329493045806885,0.6484999656677246,1.0070559368133545,-0.6484999656677246,nan,0.0,nan,0.0,nan,0.0,0.6417799592018127,0.9954021079254151,nan,0.0,nan,0.0,60000,1,False,,,16,-1.0070559368133545,3c1618f3d1d24ef4b5c9be96e71b04eb,2019-05-30_15-24-35,1559255075,7.441875219345093,126.27806186676025,21971,steropes,169.229.49.254,"{'starting_lr': 0.001, 'momentum': 0.997, 'weight_decay': 0.0001, 'steps_per_iteration': None, 'pin': False, 'model_creator': None, 'target_batch_size': 1024, 'model_string': 'resnet18', 'min_batch_size': 512, 'dataset': 'CIFAR', 'placement': None, 'use_nccl': True, 'devices_per_worker': 1, 'primary_resource': 'extra_gpu', 'gpu': False, 'verbose': False, 'lr_config': {'mode': 'log', 'steps': 5, 'initial_lr': 0.001, 'target_lr': 0.001}, 'batch_per_device': 1024}",126.27806186676025,0,16,7800.228689699643,1
0.008601140975952149,0.12084295749664306,0.00492093563079834,0.04714693828504913,0.021717000007629394,nan,0.0,0.043988823890686035,0.6478999853134155,0.9972803420066834,-0.6478999853134155,nan,0.0,nan,0.0,nan,0.0,0.6460999846458435,0.9773465928077698,nan,0.0,nan,0.0,60000,1,False,,,17,-0.9972803420066834,3c1618f3d1d24ef4b5c9be96e71b04eb,2019-05-30_15-24-43,1559255083,7.584076642990112,133.86213850975037,21971,steropes,169.229.49.254,"{'starting_lr': 0.001, 'momentum': 0.997, 'weight_decay': 0.0001, 'steps_per_iteration': None, 'pin': False, 'model_creator': None, 'target_batch_size': 1024, 'model_string': 'resnet18', 'min_batch_size': 512, 'dataset': 'CIFAR', 'placement': None, 'use_nccl': True, 'devices_per_worker': 1, 'primary_resource': 'extra_gpu', 'gpu': False, 'verbose': False, 'lr_config': {'mode': 'log', 'steps': 5, 'initial_lr': 0.001, 'target_lr': 0.001}, 'batch_per_device': 1024}",133.86213850975037,0,17,7835.244729008198,1
0.0076237678527832035,0.12079761028289795,0.005749177932739258,0.04272502782393475,0.02124648094177246,nan,0.0,0.04444291591644287,0.6685999631881714,0.9440982127189637,-0.6685999631881714,nan,0.0,nan,0.0,nan,0.0,0.6579200029373169,0.9536769916534423,nan,0.0,nan,0.0,60000,1,False,,,18,-0.9440982127189637,3c1618f3d1d24ef4b5c9be96e71b04eb,2019-05-30_15-24-50,1559255090,7.459003686904907,141.32114219665527,21971,steropes,169.229.49.254,"{'starting_lr': 0.001, 'momentum': 0.997, 'weight_decay': 0.0001, 'steps_per_iteration': None, 'pin': False, 'model_creator': None, 'target_batch_size': 1024, 'model_string': 'resnet18', 'min_batch_size': 512, 'dataset': 'CIFAR', 'placement': None, 'use_nccl': True, 'devices_per_worker': 1, 'primary_resource': 'extra_gpu', 'gpu': False, 'verbose': False, 'lr_config': {'mode': 'log', 'steps': 5, 'initial_lr': 0.001, 'target_lr': 0.001}, 'batch_per_device': 1024}",141.32114219665527,0,18,7921.393242240682,1
0.007085251808166504,0.12897651195526122,0.004748654365539551,0.050661505485067565,0.020447134971618652,nan,0.0,0.044020342826843264,0.6717999577522278,0.9417320851325989,-0.6717999577522278,nan,0.0,nan,0.0,nan,0.0,0.6683399677276611,0.9276540195083618,nan,0.0,nan,0.0,60000,1,False,,,19,-0.9417320851325989,3c1618f3d1d24ef4b5c9be96e71b04eb,2019-05-30_15-24-58,1559255098,7.82239556312561,149.14353775978088,21971,steropes,169.229.49.254,"{'starting_lr': 0.001, 'momentum': 0.997, 'weight_decay': 0.0001, 'steps_per_iteration': None, 'pin': False, 'model_creator': None, 'target_batch_size': 1024, 'model_string': 'resnet18', 'min_batch_size': 512, 'dataset': 'CIFAR', 'placement': None, 'use_nccl': True, 'devices_per_worker': 1, 'primary_resource': 'extra_gpu', 'gpu': False, 'verbose': False, 'lr_config': {'mode': 'log', 'steps': 5, 'initial_lr': 0.001, 'target_lr': 0.001}, 'batch_per_device': 1024}",149.14353775978088,0,19,7877.806509326222,1
0.007841801643371582,0.13186819553375245,0.0045485258102416996,0.04418733655189981,0.02061583995819092,nan,0.0,0.0454601526260376,0.6848999857902527,0.9181989153861999,-0.6848999857902527,nan,0.0,nan,0.0,nan,0.0,0.6768999695777893,0.904477921962738,nan,0.0,nan,0.0,60000,1,False,,,20,-0.9181989153861999,3c1618f3d1d24ef4b5c9be96e71b04eb,2019-05-30_15-25-06,1559255106,7.591328144073486,156.73486590385437,21971,steropes,169.229.49.254,"{'starting_lr': 0.001, 'momentum': 0.997, 'weight_decay': 0.0001, 'steps_per_iteration': None, 'pin': False, 'model_creator': None, 'target_batch_size': 1024, 'model_string': 'resnet18', 'min_batch_size': 512, 'dataset': 'CIFAR', 'placement': None, 'use_nccl': True, 'devices_per_worker': 1, 'primary_resource': 'extra_gpu', 'gpu': False, 'verbose': False, 'lr_config': {'mode': 'log', 'steps': 5, 'initial_lr': 0.001, 'target_lr': 0.001}, 'batch_per_device': 1024}",156.73486590385437,0,20,7915.758428789411,1
0.00751488208770752,0.12030549049377441,0.004746055603027344,0.04791935122742945,0.02187314033508301,nan,0.0,0.0446455717086792,0.683899998664856,0.9154340166091919,-0.683899998664856,nan,0.0,nan,0.0,nan,0.0,0.6830399632453918,0.887133024482727,nan,0.0,nan,0.0,60000,1,False,,,21,-0.9154340166091919,3c1618f3d1d24ef4b5c9be96e71b04eb,2019-05-30_15-25-13,1559255113,7.653789758682251,164.38865566253662,21971,steropes,169.229.49.254,"{'starting_lr': 0.001, 'momentum': 0.997, 'weight_decay': 0.0001, 'steps_per_iteration': None, 'pin': False, 'model_creator': None, 'target_batch_size': 1024, 'model_string': 'resnet18', 'min_batch_size': 512, 'dataset': 'CIFAR', 'placement': None, 'use_nccl': True, 'devices_per_worker': 1, 'primary_resource': 'extra_gpu', 'gpu': False, 'verbose': False, 'lr_config': {'mode': 'log', 'steps': 5, 'initial_lr': 0.001, 'target_lr': 0.001}, 'batch_per_device': 1024}",164.38865566253662,0,21,7871.745368207422,1
0.007563543319702148,0.12117488384246826,0.004772400856018067,0.045953541385884186,0.021300721168518066,nan,0.0,0.04363415241241455,0.682699978351593,0.9044375814437866,-0.682699978351593,nan,0.0,nan,0.0,nan,0.0,0.6927399635314941,0.8692465806007386,nan,0.0,nan,0.0,60000,1,False,,,22,-0.9044375814437866,3c1618f3d1d24ef4b5c9be96e71b04eb,2019-05-30_15-25-21,1559255121,7.514394283294678,171.9030499458313,21971,steropes,169.229.49.254,"{'starting_lr': 0.001, 'momentum': 0.997, 'weight_decay': 0.0001, 'steps_per_iteration': None, 'pin': False, 'model_creator': None, 'target_batch_size': 1024, 'model_string': 'resnet18', 'min_batch_size': 512, 'dataset': 'CIFAR', 'placement': None, 'use_nccl': True, 'devices_per_worker': 1, 'primary_resource': 'extra_gpu', 'gpu': False, 'verbose': False, 'lr_config': {'mode': 'log', 'steps': 5, 'initial_lr': 0.001, 'target_lr': 0.001}, 'batch_per_device': 1024}",171.9030499458313,0,22,7886.166257767267,1
0.007546067237854004,0.1224179744720459,0.004808831214904785,0.05047996676698023,0.024475908279418944,nan,0.0,0.043181777000427246,0.7012999653816223,0.8696792407989502,-0.7012999653816223,nan,0.0,nan,0.0,nan,0.0,0.6968599557876587,0.844894441280365,nan,0.0,nan,0.0,60000,1,False,,,23,-0.8696792407989502,3c1618f3d1d24ef4b5c9be96e71b04eb,2019-05-30_15-25-29,1559255129,7.788382291793823,179.69143223762512,21971,steropes,169.229.49.254,"{'starting_lr': 0.001, 'momentum': 0.997, 'weight_decay': 0.0001, 'steps_per_iteration': None, 'pin': False, 'model_creator': None, 'target_batch_size': 1024, 'model_string': 'resnet18', 'min_batch_size': 512, 'dataset': 'CIFAR', 'placement': None, 'use_nccl': True, 'devices_per_worker': 1, 'primary_resource': 'extra_gpu', 'gpu': False, 'verbose': False, 'lr_config': {'mode': 'log', 'steps': 5, 'initial_lr': 0.001, 'target_lr': 0.001}, 'batch_per_device': 1024}",179.69143223762512,0,23,7818.469999783954,1
0.007211232185363769,0.12171919345855713,0.004391145706176758,0.05122262117814044,0.02072563171386719,nan,0.0,0.04221298694610596,0.699999988079071,0.862317258644104,-0.699999988079071,nan,0.0,nan,0.0,nan,0.0,0.7025799751281738,0.8294407485008239,nan,0.0,nan,0.0,60000,1,False,,,24,-0.862317258644104,3c1618f3d1d24ef4b5c9be96e71b04eb,2019-05-30_15-25-36,1559255136,7.676153659820557,187.36758589744568,21971,steropes,169.229.49.254,"{'starting_lr': 0.001, 'momentum': 0.997, 'weight_decay': 0.0001, 'steps_per_iteration': None, 'pin': False, 'model_creator': None, 'target_batch_size': 1024, 'model_string': 'resnet18', 'min_batch_size': 512, 'dataset': 'CIFAR', 'placement': None, 'use_nccl': True, 'devices_per_worker': 1, 'primary_resource': 'extra_gpu', 'gpu': False, 'verbose': False, 'lr_config': {'mode': 'log', 'steps': 5, 'initial_lr': 0.001, 'target_lr': 0.001}, 'batch_per_device': 1024}",187.36758589744568,0,24,7848.383562861227,1
0.007320833206176758,0.11950616836547852,0.004613518714904785,0.04578524219746492,0.020816326141357422,nan,0.0,0.04270145893096924,0.7063999772071838,0.848311173248291,-0.7063999772071838,nan,0.0,nan,0.0,nan,0.0,0.7103599905967712,0.8147333080863952,nan,0.0,nan,0.0,60000,1,False,,,25,-0.848311173248291,3c1618f3d1d24ef4b5c9be96e71b04eb,2019-05-30_15-25-44,1559255144,7.386918067932129,194.7545039653778,21971,steropes,169.229.49.254,"{'starting_lr': 0.001, 'momentum': 0.997, 'weight_decay': 0.0001, 'steps_per_iteration': None, 'pin': False, 'model_creator': None, 'target_batch_size': 1024, 'model_string': 'resnet18', 'min_batch_size': 512, 'dataset': 'CIFAR', 'placement': None, 'use_nccl': True, 'devices_per_worker': 1, 'primary_resource': 'extra_gpu', 'gpu': False, 'verbose': False, 'lr_config': {'mode': 'log', 'steps': 5, 'initial_lr': 0.001, 'target_lr': 0.001}, 'batch_per_device': 1024}",194.7545039653778,0,25,7890.577672585505,1
0.007212543487548828,0.12066819667816162,0.004442191123962403,0.05549586062528649,0.02115187644958496,nan,0.0,0.043502068519592284,0.7123000025749207,0.8381222247123719,-0.7123000025749207,nan,0.0,nan,0.0,nan,0.0,0.7176199555397034,0.7904554963302612,nan,0.0,nan,0.0,60000,1,False,,,26,-0.8381222247123719,3c1618f3d1d24ef4b5c9be96e71b04eb,2019-05-30_15-25-52,1559255152,7.8498828411102295,202.60438680648804,21971,steropes,169.229.49.254,"{'starting_lr': 0.001, 'momentum': 0.997, 'weight_decay': 0.0001, 'steps_per_iteration': None, 'pin': False, 'model_creator': None, 'target_batch_size': 1024, 'model_string': 'resnet18', 'min_batch_size': 512, 'dataset': 'CIFAR', 'placement': None, 'use_nccl': True, 'devices_per_worker': 1, 'primary_resource': 'extra_gpu', 'gpu': False, 'verbose': False, 'lr_config': {'mode': 'log', 'steps': 5, 'initial_lr': 0.001, 'target_lr': 0.001}, 'batch_per_device': 1024}",202.60438680648804,0,26,7850.089113140414,1
0.0071452617645263675,0.12343981266021728,0.00448157787322998,0.051538292242556204,0.02016007900238037,nan,0.0,0.04245915412902832,0.7094999551773071,0.8331845197677612,-0.7094999551773071,nan,0.0,nan,0.0,nan,0.0,0.7238399982452393,0.7711206491088867,nan,0.0,nan,0.0,60000,1,False,,,27,-0.8331845197677612,3c1618f3d1d24ef4b5c9be96e71b04eb,2019-05-30_15-25-59,1559255159,7.683161735534668,210.2875485420227,21971,steropes,169.229.49.254,"{'starting_lr': 0.001, 'momentum': 0.997, 'weight_decay': 0.0001, 'steps_per_iteration': None, 'pin': False, 'model_creator': None, 'target_batch_size': 1024, 'model_string': 'resnet18', 'min_batch_size': 512, 'dataset': 'CIFAR', 'placement': None, 'use_nccl': True, 'devices_per_worker': 1, 'primary_resource': 'extra_gpu', 'gpu': False, 'verbose': False, 'lr_config': {'mode': 'log', 'steps': 5, 'initial_lr': 0.001, 'target_lr': 0.001}, 'batch_per_device': 1024}",210.2875485420227,0,27,7815.572904072044,1
0.00723569393157959,0.12142746448516846,0.005751919746398926,0.0457418646131243,0.021138334274291994,nan,0.0,0.0421832799911499,0.7234999537467957,0.8027609455108643,-0.7234999537467957,nan,0.0,nan,0.0,nan,0.0,0.7306199669837952,0.7556092507171631,nan,0.0,nan,0.0,60000,1,False,,,28,-0.8027609455108643,3c1618f3d1d24ef4b5c9be96e71b04eb,2019-05-30_15-26-07,1559255167,7.427323818206787,217.7148723602295,21971,steropes,169.229.49.254,"{'starting_lr': 0.001, 'momentum': 0.997, 'weight_decay': 0.0001, 'steps_per_iteration': None, 'pin': False, 'model_creator': None, 'target_batch_size': 1024, 'model_string': 'resnet18', 'min_batch_size': 512, 'dataset': 'CIFAR', 'placement': None, 'use_nccl': True, 'devices_per_worker': 1, 'primary_resource': 'extra_gpu', 'gpu': False, 'verbose': False, 'lr_config': {'mode': 'log', 'steps': 5, 'initial_lr': 0.001, 'target_lr': 0.001}, 'batch_per_device': 1024}",217.7148723602295,0,28,7889.787890131123,1
0.007297873497009277,0.1203991174697876,0.004986882209777832,0.050365885909722775,0.021123290061950684,nan,0.0,0.043022871017456055,0.7226999998092651,0.813984172821045,-0.7226999998092651,nan,0.0,nan,0.0,nan,0.0,0.7384399771690369,0.7354669602394104,nan,0.0,nan,0.0,60000,1,False,,,29,-0.813984172821045,3c1618f3d1d24ef4b5c9be96e71b04eb,2019-05-30_15-26-14,1559255174,7.653216600418091,225.36808896064758,21971,steropes,169.229.49.254,"{'starting_lr': 0.001, 'momentum': 0.997, 'weight_decay': 0.0001, 'steps_per_iteration': None, 'pin': False, 'model_creator': None, 'target_batch_size': 1024, 'model_string': 'resnet18', 'min_batch_size': 512, 'dataset': 'CIFAR', 'placement': None, 'use_nccl': True, 'devices_per_worker': 1, 'primary_resource': 'extra_gpu', 'gpu': False, 'verbose': False, 'lr_config': {'mode': 'log', 'steps': 5, 'initial_lr': 0.001, 'target_lr': 0.001}, 'batch_per_device': 1024}",225.36808896064758,0,29,7894.548175623537,1
0.0072967767715454105,0.13262629508972168,0.004791450500488281,0.04777759921794035,0.021089506149291993,nan,0.0,0.04280619621276856,0.7161999940872192,0.8222937726974487,-0.7161999940872192,nan,0.0,nan,0.0,nan,0.0,0.7397800087928772,0.7284171703529357,nan,0.0,nan,0.0,60000,1,False,,,30,-0.8222937726974487,3c1618f3d1d24ef4b5c9be96e71b04eb,2019-05-30_15-26-22,1559255182,7.6235127449035645,232.99160170555115,21971,steropes,169.229.49.254,"{'starting_lr': 0.001, 'momentum': 0.997, 'weight_decay': 0.0001, 'steps_per_iteration': None, 'pin': False, 'model_creator': None, 'target_batch_size': 1024, 'model_string': 'resnet18', 'min_batch_size': 512, 'dataset': 'CIFAR', 'placement': None, 'use_nccl': True, 'devices_per_worker': 1, 'primary_resource': 'extra_gpu', 'gpu': False, 'verbose': False, 'lr_config': {'mode': 'log', 'steps': 5, 'initial_lr': 0.001, 'target_lr': 0.001}, 'batch_per_device': 1024}",232.99160170555115,0,30,7845.7011704099705,1
0.00743570327758789,0.12099001407623292,0.005156993865966797,0.04881455946941765,0.020520567893981934,nan,0.0,0.04311337471008301,0.7233999967575073,0.809670987701416,-0.7233999967575073,nan,0.0,nan,0.0,nan,0.0,0.7421799898147583,0.7218473596191406,nan,0.0,nan,0.0,60000,1,False,,,31,-0.809670987701416,3c1618f3d1d24ef4b5c9be96e71b04eb,2019-05-30_15-26-30,1559255190,7.562736988067627,240.55433869361877,21971,steropes,169.229.49.254,"{'starting_lr': 0.001, 'momentum': 0.997, 'weight_decay': 0.0001, 'steps_per_iteration': None, 'pin': False, 'model_creator': None, 'target_batch_size': 1024, 'model_string': 'resnet18', 'min_batch_size': 512, 'dataset': 'CIFAR', 'placement': None, 'use_nccl': True, 'devices_per_worker': 1, 'primary_resource': 'extra_gpu', 'gpu': False, 'verbose': False, 'lr_config': {'mode': 'log', 'steps': 5, 'initial_lr': 0.001, 'target_lr': 0.001}, 'batch_per_device': 1024}",240.55433869361877,0,31,7905.045410572322,1
0.008260393142700195,0.12092909812927247,0.00506894588470459,0.05014667219045211,0.020669722557067872,nan,0.0,0.042709851264953615,0.7317999601364136,0.7932943431854248,-0.7317999601364136,nan,0.0,nan,0.0,nan,0.0,0.7518199682235718,0.6938285050582885,nan,0.0,nan,0.0,60000,1,False,,,32,-0.7932943431854248,3c1618f3d1d24ef4b5c9be96e71b04eb,2019-05-30_15-26-37,1559255197,7.608469009399414,248.1628077030182,21971,steropes,169.229.49.254,"{'starting_lr': 0.001, 'momentum': 0.997, 'weight_decay': 0.0001, 'steps_per_iteration': None, 'pin': False, 'model_creator': None, 'target_batch_size': 1024, 'model_string': 'resnet18', 'min_batch_size': 512, 'dataset': 'CIFAR', 'placement': None, 'use_nccl': True, 'devices_per_worker': 1, 'primary_resource': 'extra_gpu', 'gpu': False, 'verbose': False, 'lr_config': {'mode': 'log', 'steps': 5, 'initial_lr': 0.001, 'target_lr': 0.001}, 'batch_per_device': 1024}",248.1628077030182,0,32,7920.633875206132,1
0.00727384090423584,0.12350773811340332,0.004394817352294922,0.044443320254890284,0.020612406730651855,nan,0.0,0.0424384593963623,0.739799976348877,0.7722632030487061,-0.739799976348877,nan,0.0,nan,0.0,nan,0.0,0.7534599900245667,0.6869963076400757,nan,0.0,nan,0.0,60000,1,False,,,33,-0.7722632030487061,3c1618f3d1d24ef4b5c9be96e71b04eb,2019-05-30_15-26-45,1559255205,7.361194372177124,255.5240020751953,21971,steropes,169.229.49.254,"{'starting_lr': 0.001, 'momentum': 0.997, 'weight_decay': 0.0001, 'steps_per_iteration': None, 'pin': False, 'model_creator': None, 'target_batch_size': 1024, 'model_string': 'resnet18', 'min_batch_size': 512, 'dataset': 'CIFAR', 'placement': None, 'use_nccl': True, 'devices_per_worker': 1, 'primary_resource': 'extra_gpu', 'gpu': False, 'verbose': False, 'lr_config': {'mode': 'log', 'steps': 5, 'initial_lr': 0.001, 'target_lr': 0.001}, 'batch_per_device': 1024}",255.5240020751953,0,33,7934.48634886133,1
0.007234001159667968,0.12364315986633301,0.005286979675292969,0.04622390805458536,0.021362042427062987,nan,0.0,0.04222714900970459,0.7384999990463257,0.7673210704803467,-0.7384999990463257,nan,0.0,nan,0.0,nan,0.0,0.7623999714851379,0.667082469959259,nan,0.0,nan,0.0,60000,1,False,,,34,-0.7673210704803467,3c1618f3d1d24ef4b5c9be96e71b04eb,2019-05-30_15-26-52,1559255212,7.467094659805298,262.9910967350006,21971,steropes,169.229.49.254,"{'starting_lr': 0.001, 'momentum': 0.997, 'weight_decay': 0.0001, 'steps_per_iteration': None, 'pin': False, 'model_creator': None, 'target_batch_size': 1024, 'model_string': 'resnet18', 'min_batch_size': 512, 'dataset': 'CIFAR', 'placement': None, 'use_nccl': True, 'devices_per_worker': 1, 'primary_resource': 'extra_gpu', 'gpu': False, 'verbose': False, 'lr_config': {'mode': 'log', 'steps': 5, 'initial_lr': 0.001, 'target_lr': 0.001}, 'batch_per_device': 1024}",262.9910967350006,0,34,7973.739894886958,1
0.007190680503845215,0.12368323802947997,0.005252575874328614,0.04630544234295281,0.02089245319366455,nan,0.0,0.04318864345550537,0.7396999597549438,0.7699480478286743,-0.7396999597549438,nan,0.0,nan,0.0,nan,0.0,0.7689200043678284,0.6475716556549073,nan,0.0,nan,0.0,60000,1,False,,,35,-0.7699480478286743,3c1618f3d1d24ef4b5c9be96e71b04eb,2019-05-30_15-27-00,1559255220,7.46683406829834,270.45793080329895,21971,steropes,169.229.49.254,"{'starting_lr': 0.001, 'momentum': 0.997, 'weight_decay': 0.0001, 'steps_per_iteration': None, 'pin': False, 'model_creator': None, 'target_batch_size': 1024, 'model_string': 'resnet18', 'min_batch_size': 512, 'dataset': 'CIFAR', 'placement': None, 'use_nccl': True, 'devices_per_worker': 1, 'primary_resource': 'extra_gpu', 'gpu': False, 'verbose': False, 'lr_config': {'mode': 'log', 'steps': 5, 'initial_lr': 0.001, 'target_lr': 0.001}, 'batch_per_device': 1024}",270.45793080329895,0,35,8007.084362455773,1
0.007361221313476563,0.12166903018951417,0.0045135498046875,0.0476200094028395,0.021573591232299804,nan,0.0,0.042531275749206544,0.7432999610900879,0.7604032752990723,-0.7432999610900879,nan,0.0,nan,0.0,nan,0.0,0.7703799605369568,0.6433460293960571,nan,0.0,nan,0.0,60000,1,False,,,36,-0.7604032752990723,3c1618f3d1d24ef4b5c9be96e71b04eb,2019-05-30_15-27-07,1559255227,7.4561028480529785,277.91403365135193,21971,steropes,169.229.49.254,"{'starting_lr': 0.001, 'momentum': 0.997, 'weight_decay': 0.0001, 'steps_per_iteration': None, 'pin': False, 'model_creator': None, 'target_batch_size': 1024, 'model_string': 'resnet18', 'min_batch_size': 512, 'dataset': 'CIFAR', 'placement': None, 'use_nccl': True, 'devices_per_worker': 1, 'primary_resource': 'extra_gpu', 'gpu': False, 'verbose': False, 'lr_config': {'mode': 'log', 'steps': 5, 'initial_lr': 0.001, 'target_lr': 0.001}, 'batch_per_device': 1024}",277.91403365135193,0,36,8029.958213995384,1
0.007343411445617676,0.12258117198944092,0.004670786857604981,0.050936494554792135,0.02046468257904053,nan,0.0,0.04363265037536621,0.748199999332428,0.7526799450874329,-0.748199999332428,nan,0.0,nan,0.0,nan,0.0,0.7744799852371216,0.6313176000785827,nan,0.0,nan,0.0,60000,1,False,,,37,-0.7526799450874329,3c1618f3d1d24ef4b5c9be96e71b04eb,2019-05-30_15-27-15,1559255235,7.696779012680054,285.610812664032,21971,steropes,169.229.49.254,"{'starting_lr': 0.001, 'momentum': 0.997, 'weight_decay': 0.0001, 'steps_per_iteration': None, 'pin': False, 'model_creator': None, 'target_batch_size': 1024, 'model_string': 'resnet18', 'min_batch_size': 512, 'dataset': 'CIFAR', 'placement': None, 'use_nccl': True, 'devices_per_worker': 1, 'primary_resource': 'extra_gpu', 'gpu': False, 'verbose': False, 'lr_config': {'mode': 'log', 'steps': 5, 'initial_lr': 0.001, 'target_lr': 0.001}, 'batch_per_device': 1024}",285.610812664032,0,37,8011.024234533259,1
0.007214546203613281,0.12134547233581543,0.005171656608581543,0.045339735186829856,0.0206545352935791,nan,0.0,0.043848824501037595,0.7470999956130981,0.7612678973197937,-0.7470999956130981,nan,0.0,nan,0.0,nan,0.0,0.7784799933433533,0.6182852400016785,nan,0.0,nan,0.0,60000,1,False,,,38,-0.7612678973197937,3c1618f3d1d24ef4b5c9be96e71b04eb,2019-05-30_15-27-22,1559255242,7.372711420059204,292.9835240840912,21971,steropes,169.229.49.254,"{'starting_lr': 0.001, 'momentum': 0.997, 'weight_decay': 0.0001, 'steps_per_iteration': None, 'pin': False, 'model_creator': None, 'target_batch_size': 1024, 'model_string': 'resnet18', 'min_batch_size': 512, 'dataset': 'CIFAR', 'placement': None, 'use_nccl': True, 'devices_per_worker': 1, 'primary_resource': 'extra_gpu', 'gpu': False, 'verbose': False, 'lr_config': {'mode': 'log', 'steps': 5, 'initial_lr': 0.001, 'target_lr': 0.001}, 'batch_per_device': 1024}",292.9835240840912,0,38,8008.560277118108,1
0.0073375701904296875,0.1195803165435791,0.00467994213104248,0.05436492939384616,0.02138981819152832,nan,0.0,0.042976975440979004,0.7495999932289124,0.7524086526870728,-0.7495999932289124,nan,0.0,nan,0.0,nan,0.0,0.7856799960136414,0.6034852656364441,nan,0.0,nan,0.0,60000,1,False,,,39,-0.7524086526870728,3c1618f3d1d24ef4b5c9be96e71b04eb,2019-05-30_15-27-30,1559255250,7.756750583648682,300.74027466773987,21971,steropes,169.229.49.254,"{'starting_lr': 0.001, 'momentum': 0.997, 'weight_decay': 0.0001, 'steps_per_iteration': None, 'pin': False, 'model_creator': None, 'target_batch_size': 1024, 'model_string': 'resnet18', 'min_batch_size': 512, 'dataset': 'CIFAR', 'placement': None, 'use_nccl': True, 'devices_per_worker': 1, 'primary_resource': 'extra_gpu', 'gpu': False, 'verbose': False, 'lr_config': {'mode': 'log', 'steps': 5, 'initial_lr': 0.001, 'target_lr': 0.001}, 'batch_per_device': 1024}",300.74027466773987,0,39,7947.10258348135,1
0.0072242975234985355,0.12203731536865234,0.00435032844543457,0.05876957153787418,0.0204801082611084,nan,0.0,0.04213087558746338,0.7489999532699585,0.7451103954315186,-0.7489999532699585,nan,0.0,nan,0.0,nan,0.0,0.7896199822425842,0.5906125782966614,nan,0.0,nan,0.0,60000,1,False,,,40,-0.7451103954315186,3c1618f3d1d24ef4b5c9be96e71b04eb,2019-05-30_15-27-38,1559255258,8.046168565750122,308.78644323349,21971,steropes,169.229.49.254,"{'starting_lr': 0.001, 'momentum': 0.997, 'weight_decay': 0.0001, 'steps_per_iteration': None, 'pin': False, 'model_creator': None, 'target_batch_size': 1024, 'model_string': 'resnet18', 'min_batch_size': 512, 'dataset': 'CIFAR', 'placement': None, 'use_nccl': True, 'devices_per_worker': 1, 'primary_resource': 'extra_gpu', 'gpu': False, 'verbose': False, 'lr_config': {'mode': 'log', 'steps': 5, 'initial_lr': 0.001, 'target_lr': 0.001}, 'batch_per_device': 1024}",308.78644323349,0,40,7826.985523645509,1
0.008127236366271972,0.1206981897354126,0.004501605033874511,0.05194459156114228,0.020591306686401366,nan,0.0,0.04250214099884033,0.7540000081062317,0.7265064690589905,-0.7540000081062317,nan,0.0,nan,0.0,nan,0.0,0.7905799746513367,0.5831354846382141,nan,0.0,nan,0.0,60000,1,False,,,41,-0.7265064690589905,3c1618f3d1d24ef4b5c9be96e71b04eb,2019-05-30_15-27-46,1559255266,7.702555894851685,316.4889991283417,21971,steropes,169.229.49.254,"{'starting_lr': 0.001, 'momentum': 0.997, 'weight_decay': 0.0001, 'steps_per_iteration': None, 'pin': False, 'model_creator': None, 'target_batch_size': 1024, 'model_string': 'resnet18', 'min_batch_size': 512, 'dataset': 'CIFAR', 'placement': None, 'use_nccl': True, 'devices_per_worker': 1, 'primary_resource': 'extra_gpu', 'gpu': False, 'verbose': False, 'lr_config': {'mode': 'log', 'steps': 5, 'initial_lr': 0.001, 'target_lr': 0.001}, 'batch_per_device': 1024}",316.4889991283417,0,41,7776.9805230239235,1
0.0074193477630615234,0.12080140113830566,0.004877614974975586,0.055946948576946647,0.021056342124938964,nan,0.0,0.04225115776062012,0.75409996509552,0.7424422444343567,-0.75409996509552,nan,0.0,nan,0.0,nan,0.0,0.7981799840927124,0.5659895413017273,nan,0.0,nan,0.0,60000,1,False,,,42,-0.7424422444343567,3c1618f3d1d24ef4b5c9be96e71b04eb,2019-05-30_15-27-54,1559255274,7.9081642627716064,324.3971633911133,21971,steropes,169.229.49.254,"{'starting_lr': 0.001, 'momentum': 0.997, 'weight_decay': 0.0001, 'steps_per_iteration': None, 'pin': False, 'model_creator': None, 'target_batch_size': 1024, 'model_string': 'resnet18', 'min_batch_size': 512, 'dataset': 'CIFAR', 'placement': None, 'use_nccl': True, 'devices_per_worker': 1, 'primary_resource': 'extra_gpu', 'gpu': False, 'verbose': False, 'lr_config': {'mode': 'log', 'steps': 5, 'initial_lr': 0.001, 'target_lr': 0.001}, 'batch_per_device': 1024}",324.3971633911133,0,42,7734.594986162336,1
0.0073833465576171875,0.12256071567535401,0.0045654535293579105,0.05872929339506188,0.021091055870056153,nan,0.0,0.04285333156585693,0.7567999958992004,0.7330305839538575,-0.7567999958992004,nan,0.0,nan,0.0,nan,0.0,0.8021000027656555,0.554678680858612,nan,0.0,nan,0.0,60000,1,False,,,43,-0.7330305839538575,3c1618f3d1d24ef4b5c9be96e71b04eb,2019-05-30_15-28-02,1559255282,8.042227745056152,332.43939113616943,21971,steropes,169.229.49.254,"{'starting_lr': 0.001, 'momentum': 0.997, 'weight_decay': 0.0001, 'steps_per_iteration': None, 'pin': False, 'model_creator': None, 'target_batch_size': 1024, 'model_string': 'resnet18', 'min_batch_size': 512, 'dataset': 'CIFAR', 'placement': None, 'use_nccl': True, 'devices_per_worker': 1, 'primary_resource': 'extra_gpu', 'gpu': False, 'verbose': False, 'lr_config': {'mode': 'log', 'steps': 5, 'initial_lr': 0.001, 'target_lr': 0.001}, 'batch_per_device': 1024}",332.43939113616943,0,43,7603.349199949615,1
0.007522130012512207,0.1326836347579956,0.004638314247131348,0.0555515143336082,0.020967936515808104,nan,0.0,0.04275050163269043,0.7586999535560608,0.721146630859375,-0.7586999535560608,nan,0.0,nan,0.0,nan,0.0,0.803059995174408,0.5467133964920043,nan,0.0,nan,0.0,60000,1,False,,,44,-0.721146630859375,3c1618f3d1d24ef4b5c9be96e71b04eb,2019-05-30_15-28-10,1559255290,8.003099918365479,340.4424910545349,21971,steropes,169.229.49.254,"{'starting_lr': 0.001, 'momentum': 0.997, 'weight_decay': 0.0001, 'steps_per_iteration': None, 'pin': False, 'model_creator': None, 'target_batch_size': 1024, 'model_string': 'resnet18', 'min_batch_size': 512, 'dataset': 'CIFAR', 'placement': None, 'use_nccl': True, 'devices_per_worker': 1, 'primary_resource': 'extra_gpu', 'gpu': False, 'verbose': False, 'lr_config': {'mode': 'log', 'steps': 5, 'initial_lr': 0.001, 'target_lr': 0.001}, 'batch_per_device': 1024}",340.4424910545349,0,44,7556.1765692945755,1
0.0073277950286865234,0.12097651958465576,0.004640126228332519,0.04475595999737175,0.020816802978515625,nan,0.0,0.04359571933746338,0.7638999819755554,0.7081610907554626,-0.7638999819755554,nan,0.0,nan,0.0,nan,0.0,0.8077200055122375,0.5363039501380921,nan,0.0,nan,0.0,60000,1,False,,,45,-0.7081610907554626,3c1618f3d1d24ef4b5c9be96e71b04eb,2019-05-30_15-28-17,1559255297,7.368061542510986,347.8105525970459,21971,steropes,169.229.49.254,"{'starting_lr': 0.001, 'momentum': 0.997, 'weight_decay': 0.0001, 'steps_per_iteration': None, 'pin': False, 'model_creator': None, 'target_batch_size': 1024, 'model_string': 'resnet18', 'min_batch_size': 512, 'dataset': 'CIFAR', 'placement': None, 'use_nccl': True, 'devices_per_worker': 1, 'primary_resource': 'extra_gpu', 'gpu': False, 'verbose': False, 'lr_config': {'mode': 'log', 'steps': 5, 'initial_lr': 0.001, 'target_lr': 0.001}, 'batch_per_device': 1024}",347.8105525970459,0,45,7687.475347197511,1
0.007177925109863282,0.11912450790405274,0.0045790433883666996,0.06192255993278659,0.020739126205444335,nan,0.0,0.04230010509490967,0.7638999819755554,0.721921044921875,-0.7638999819755554,nan,0.0,nan,0.0,nan,0.0,0.8146799802780151,0.515800069026947,nan,0.0,nan,0.0,60000,1,False,,,46,-0.721921044921875,3c1618f3d1d24ef4b5c9be96e71b04eb,2019-05-30_15-28-25,1559255305,8.171572923660278,355.9821255207062,21971,steropes,169.229.49.254,"{'starting_lr': 0.001, 'momentum': 0.997, 'weight_decay': 0.0001, 'steps_per_iteration': None, 'pin': False, 'model_creator': None, 'target_batch_size': 1024, 'model_string': 'resnet18', 'min_batch_size': 512, 'dataset': 'CIFAR', 'placement': None, 'use_nccl': True, 'devices_per_worker': 1, 'primary_resource': 'extra_gpu', 'gpu': False, 'verbose': False, 'lr_config': {'mode': 'log', 'steps': 5, 'initial_lr': 0.001, 'target_lr': 0.001}, 'batch_per_device': 1024}",355.9821255207062,0,46,7596.177819031,1
0.007499957084655761,0.12017853260040283,0.004551053047180176,0.053410627404037785,0.021092486381530762,nan,0.0,0.04317448139190674,0.7652999758720398,0.7224492267608642,-0.7652999758720398,nan,0.0,nan,0.0,nan,0.0,0.8162999749183655,0.5109814726257325,nan,0.0,nan,0.0,60000,1,False,,,47,-0.7224492267608642,3c1618f3d1d24ef4b5c9be96e71b04eb,2019-05-30_15-28-33,1559255313,7.768519401550293,363.75064492225647,21971,steropes,169.229.49.254,"{'starting_lr': 0.001, 'momentum': 0.997, 'weight_decay': 0.0001, 'steps_per_iteration': None, 'pin': False, 'model_creator': None, 'target_batch_size': 1024, 'model_string': 'resnet18', 'min_batch_size': 512, 'dataset': 'CIFAR', 'placement': None, 'use_nccl': True, 'devices_per_worker': 1, 'primary_resource': 'extra_gpu', 'gpu': False, 'verbose': False, 'lr_config': {'mode': 'log', 'steps': 5, 'initial_lr': 0.001, 'target_lr': 0.001}, 'batch_per_device': 1024}",363.75064492225647,0,47,7623.132104502259,1
0.007582283020019532,0.12115259170532226,0.004590582847595215,0.04563029931516063,0.02070779800415039,nan,0.0,0.0439892053604126,0.7644000053405762,0.7204709419250488,-0.7644000053405762,nan,0.0,nan,0.0,nan,0.0,0.8186999559402466,0.5034685733985901,nan,0.0,nan,0.0,60000,1,False,,,48,-0.7204709419250488,3c1618f3d1d24ef4b5c9be96e71b04eb,2019-05-30_15-28-40,1559255320,7.424371004104614,371.1750159263611,21971,steropes,169.229.49.254,"{'starting_lr': 0.001, 'momentum': 0.997, 'weight_decay': 0.0001, 'steps_per_iteration': None, 'pin': False, 'model_creator': None, 'target_batch_size': 1024, 'model_string': 'resnet18', 'min_batch_size': 512, 'dataset': 'CIFAR', 'placement': None, 'use_nccl': True, 'devices_per_worker': 1, 'primary_resource': 'extra_gpu', 'gpu': False, 'verbose': False, 'lr_config': {'mode': 'log', 'steps': 5, 'initial_lr': 0.001, 'target_lr': 0.001}, 'batch_per_device': 1024}",371.1750159263611,0,48,7744.726371019574,1
0.007098937034606933,0.13866181373596193,0.004544568061828613,0.045506895804891784,0.020743894577026366,nan,0.0,0.04288084506988525,0.7665999531745911,0.7197643327713013,-0.7665999531745911,nan,0.0,nan,0.0,nan,0.0,0.821399986743927,0.494998404378891,nan,0.0,nan,0.0,60000,1,False,,,49,-0.7197643327713013,3c1618f3d1d24ef4b5c9be96e71b04eb,2019-05-30_15-28-48,1559255328,7.678585529327393,378.8536014556885,21971,steropes,169.229.49.254,"{'starting_lr': 0.001, 'momentum': 0.997, 'weight_decay': 0.0001, 'steps_per_iteration': None, 'pin': False, 'model_creator': None, 'target_batch_size': 1024, 'model_string': 'resnet18', 'min_batch_size': 512, 'dataset': 'CIFAR', 'placement': None, 'use_nccl': True, 'devices_per_worker': 1, 'primary_resource': 'extra_gpu', 'gpu': False, 'verbose': False, 'lr_config': {'mode': 'log', 'steps': 5, 'initial_lr': 0.001, 'target_lr': 0.001}, 'batch_per_device': 1024}",378.8536014556885,0,49,7810.1587457056785,1
0.007300162315368652,0.12142891883850097,0.0048639774322509766,0.05254340171813965,0.021106767654418945,nan,0.0,0.04346380233764648,0.7602999806404114,0.7291538044929504,-0.7602999806404114,nan,0.0,nan,0.0,nan,0.0,0.8254799842834473,0.4867770318031311,nan,0.0,nan,0.0,60000,1,False,,,50,-0.7291538044929504,3c1618f3d1d24ef4b5c9be96e71b04eb,2019-05-30_15-28-56,1559255336,7.769698143005371,386.62329959869385,21971,steropes,169.229.49.254,"{'starting_lr': 0.001, 'momentum': 0.997, 'weight_decay': 0.0001, 'steps_per_iteration': None, 'pin': False, 'model_creator': None, 'target_batch_size': 1024, 'model_string': 'resnet18', 'min_batch_size': 512, 'dataset': 'CIFAR', 'placement': None, 'use_nccl': True, 'devices_per_worker': 1, 'primary_resource': 'extra_gpu', 'gpu': False, 'verbose': False, 'lr_config': {'mode': 'log', 'steps': 5, 'initial_lr': 0.001, 'target_lr': 0.001}, 'batch_per_device': 1024}",386.62329959869385,0,50,7729.340308015782,1
0.007135772705078125,0.11963233947753907,0.0048342466354370115,0.046955132971004565,0.021126389503479004,nan,0.0,0.04316370487213135,0.76419997215271,0.7332930044174194,-0.76419997215271,nan,0.0,nan,0.0,nan,0.0,0.8306399583816528,0.4750970263004303,nan,0.0,nan,0.0,60000,1,False,,,51,-0.7332930044174194,3c1618f3d1d24ef4b5c9be96e71b04eb,2019-05-30_15-29-03,1559255343,7.482368230819702,394.10566782951355,21971,steropes,169.229.49.254,"{'starting_lr': 0.001, 'momentum': 0.997, 'weight_decay': 0.0001, 'steps_per_iteration': None, 'pin': False, 'model_creator': None, 'target_batch_size': 1024, 'model_string': 'resnet18', 'min_batch_size': 512, 'dataset': 'CIFAR', 'placement': None, 'use_nccl': True, 'devices_per_worker': 1, 'primary_resource': 'extra_gpu', 'gpu': False, 'verbose': False, 'lr_config': {'mode': 'log', 'steps': 5, 'initial_lr': 0.001, 'target_lr': 0.001}, 'batch_per_device': 1024}",394.10566782951355,0,51,7869.07419954108,1
0.0072984457015991214,0.11922998428344726,0.004388833045959472,0.0465846840216189,0.020589661598205567,nan,0.0,0.04300777912139893,0.7669000029563904,0.7193985156059265,-0.7669000029563904,nan,0.0,nan,0.0,nan,0.0,0.8316599726676941,0.4676705956840515,nan,0.0,nan,0.0,60000,1,True,,,52,-0.7193985156059265,3c1618f3d1d24ef4b5c9be96e71b04eb,2019-05-30_15-29-11,1559255351,7.41858696937561,401.52425479888916,21971,steropes,169.229.49.254,"{'starting_lr': 0.001, 'momentum': 0.997, 'weight_decay': 0.0001, 'steps_per_iteration': None, 'pin': False, 'model_creator': None, 'target_batch_size': 1024, 'model_string': 'resnet18', 'min_batch_size': 512, 'dataset': 'CIFAR', 'placement': None, 'use_nccl': True, 'devices_per_worker': 1, 'primary_resource': 'extra_gpu', 'gpu': False, 'verbose': False, 'lr_config': {'mode': 'log', 'steps': 5, 'initial_lr': 0.001, 'target_lr': 0.001}, 'batch_per_device': 1024}",401.52425479888916,0,52,7941.973790394312,1
