{"apply": 0.009362053871154786, "batch_time": 0.17817652225494385, "d2h": 0.005194830894470215, "data_time": 0.036427818998998523, "fwd": 0.08523602485656738, "get_state_time_mean": NaN, "get_state_time_total": 0.0, "grad": 0.155934476852417, "mean_accuracy": 0.32659998536109924, "mean_loss": 1.8779531328201293, "neg_mean_accuracy": -0.32659998536109924, "set_state_time_mean": NaN, "set_state_time_total": 0.0, "setup_model_time_mean": 8.782546997070312, "setup_model_time_total": 8.782546997070312, "setup_proc_time_mean": 0.3919246196746826, "setup_proc_time_total": 0.3919246196746826, "train_accuracy": 0.1986600011587143, "train_loss": 3.3177355730438234, "training_time_mean": NaN, "training_time_total": 0.0, "validation_time_mean": NaN, "validation_time_total": 0.0, "samples": 60000, "num_workers": 1, "done": false, "timesteps_total": null, "episodes_total": null, "training_iteration": 1, "neg_mean_loss": -1.8779531328201293, "experiment_id": "3c1618f3d1d24ef4b5c9be96e71b04eb", "date": "2019-05-30_15-22-40", "timestamp": 1559254960, "time_this_iter_s": 11.475739002227783, "time_total_s": 11.475739002227783, "pid": 21971, "hostname": "steropes", "node_ip": "169.229.49.254", "config": {"starting_lr": 0.001, "momentum": 0.997, "weight_decay": 0.0001, "steps_per_iteration": null, "pin": false, "model_creator": null, "target_batch_size": 1024, "model_string": "resnet18", "min_batch_size": 512, "dataset": "CIFAR", "placement": null, "use_nccl": true, "devices_per_worker": 1, "primary_resource": "extra_gpu", "gpu": false, "verbose": false, "lr_config": {"mode": "log", "steps": 5, "initial_lr": 0.001, "target_lr": 0.001}, "batch_per_device": 1024}, "time_since_restore": 11.475739002227783, "timesteps_since_restore": 0, "iterations_since_restore": 1, "mean_throughput": 5228.371378349484, "atoms": 1}
{"apply": 0.008723258972167969, "batch_time": 0.12581310272216797, "d2h": 0.0054682731628417965, "data_time": 0.04388033613866689, "fwd": 0.025229883193969727, "get_state_time_mean": NaN, "get_state_time_total": 0.0, "grad": 0.04549260139465332, "mean_accuracy": 0.3937000036239624, "mean_loss": 1.669607124900818, "neg_mean_accuracy": -0.3937000036239624, "set_state_time_mean": NaN, "set_state_time_total": 0.0, "setup_model_time_mean": NaN, "setup_model_time_total": 0.0, "setup_proc_time_mean": NaN, "setup_proc_time_total": 0.0, "train_accuracy": 0.3423599898815155, "train_loss": 1.7970523485565186, "training_time_mean": NaN, "training_time_total": 0.0, "validation_time_mean": NaN, "validation_time_total": 0.0, "samples": 60000, "num_workers": 1, "done": false, "timesteps_total": null, "episodes_total": null, "training_iteration": 2, "neg_mean_loss": -1.669607124900818, "experiment_id": "3c1618f3d1d24ef4b5c9be96e71b04eb", "date": "2019-05-30_15-22-48", "timestamp": 1559254968, "time_this_iter_s": 7.716679811477661, "time_total_s": 19.192418813705444, "pid": 21971, "hostname": "steropes", "node_ip": "169.229.49.254", "config": {"starting_lr": 0.001, "momentum": 0.997, "weight_decay": 0.0001, "steps_per_iteration": null, "pin": false, "model_creator": null, "target_batch_size": 1024, "model_string": "resnet18", "min_batch_size": 512, "dataset": "CIFAR", "placement": null, "use_nccl": true, "devices_per_worker": 1, "primary_resource": "extra_gpu", "gpu": false, "verbose": false, "lr_config": {"mode": "log", "steps": 5, "initial_lr": 0.001, "target_lr": 0.001}, "batch_per_device": 1024}, "time_since_restore": 19.192418813705444, "timesteps_since_restore": 0, "iterations_since_restore": 2, "mean_throughput": 6252.389895609129, "atoms": 1}
{"apply": 0.00854349136352539, "batch_time": 0.12625658512115479, "d2h": 0.004440617561340332, "data_time": 0.03987056381848394, "fwd": 0.023982691764831542, "get_state_time_mean": NaN, "get_state_time_total": 0.0, "grad": 0.05493409633636474, "mean_accuracy": 0.4439999759197235, "mean_loss": 1.5259796897888183, "neg_mean_accuracy": -0.4439999759197235, "set_state_time_mean": NaN, "set_state_time_total": 0.0, "setup_model_time_mean": NaN, "setup_model_time_total": 0.0, "setup_proc_time_mean": NaN, "setup_proc_time_total": 0.0, "train_accuracy": 0.4008599817752838, "train_loss": 1.6246753583145142, "training_time_mean": NaN, "training_time_total": 0.0, "validation_time_mean": NaN, "validation_time_total": 0.0, "samples": 60000, "num_workers": 1, "done": false, "timesteps_total": null, "episodes_total": null, "training_iteration": 3, "neg_mean_loss": -1.5259796897888183, "experiment_id": "3c1618f3d1d24ef4b5c9be96e71b04eb", "date": "2019-05-30_15-22-56", "timestamp": 1559254976, "time_this_iter_s": 7.775137662887573, "time_total_s": 26.967556476593018, "pid": 21971, "hostname": "steropes", "node_ip": "169.229.49.254", "config": {"starting_lr": 0.001, "momentum": 0.997, "weight_decay": 0.0001, "steps_per_iteration": null, "pin": false, "model_creator": null, "target_batch_size": 1024, "model_string": "resnet18", "min_batch_size": 512, "dataset": "CIFAR", "placement": null, "use_nccl": true, "devices_per_worker": 1, "primary_resource": "extra_gpu", "gpu": false, "verbose": false, "lr_config": {"mode": "log", "steps": 5, "initial_lr": 0.001, "target_lr": 0.001}, "batch_per_device": 1024}, "time_since_restore": 26.967556476593018, "timesteps_since_restore": 0, "iterations_since_restore": 3, "mean_throughput": 6674.608508504722, "atoms": 1}
{"apply": 0.011055302619934083, "batch_time": 0.12167873382568359, "d2h": 0.005353617668151856, "data_time": 0.0305824377098862, "fwd": 0.03237040042877197, "get_state_time_mean": NaN, "get_state_time_total": 0.0, "grad": 0.055587029457092284, "mean_accuracy": 0.4668999910354614, "mean_loss": 1.4462924659729004, "neg_mean_accuracy": -0.4668999910354614, "set_state_time_mean": NaN, "set_state_time_total": 0.0, "setup_model_time_mean": NaN, "setup_model_time_total": 0.0, "setup_proc_time_mean": NaN, "setup_proc_time_total": 0.0, "train_accuracy": 0.44110000133514404, "train_loss": 1.526744253845215, "training_time_mean": NaN, "training_time_total": 0.0, "validation_time_mean": NaN, "validation_time_total": 0.0, "samples": 60000, "num_workers": 1, "done": false, "timesteps_total": null, "episodes_total": null, "training_iteration": 4, "neg_mean_loss": -1.4462924659729004, "experiment_id": "3c1618f3d1d24ef4b5c9be96e71b04eb", "date": "2019-05-30_15-23-04", "timestamp": 1559254984, "time_this_iter_s": 7.571985721588135, "time_total_s": 34.53954219818115, "pid": 21971, "hostname": "steropes", "node_ip": "169.229.49.254", "config": {"starting_lr": 0.001, "momentum": 0.997, "weight_decay": 0.0001, "steps_per_iteration": null, "pin": false, "model_creator": null, "target_batch_size": 1024, "model_string": "resnet18", "min_batch_size": 512, "dataset": "CIFAR", "placement": null, "use_nccl": true, "devices_per_worker": 1, "primary_resource": "extra_gpu", "gpu": false, "verbose": false, "lr_config": {"mode": "log", "steps": 5, "initial_lr": 0.001, "target_lr": 0.001}, "batch_per_device": 1024}, "time_since_restore": 34.53954219818115, "timesteps_since_restore": 0, "iterations_since_restore": 4, "mean_throughput": 6948.478792689087, "atoms": 1}
{"apply": 0.007898378372192382, "batch_time": 0.12214362621307373, "d2h": 0.005568814277648926, "data_time": 0.03677768123393156, "fwd": 0.021215319633483887, "get_state_time_mean": NaN, "get_state_time_total": 0.0, "grad": 0.046684646606445314, "mean_accuracy": 0.5090000033378601, "mean_loss": 1.3573557237625122, "neg_mean_accuracy": -0.5090000033378601, "set_state_time_mean": NaN, "set_state_time_total": 0.0, "setup_model_time_mean": NaN, "setup_model_time_total": 0.0, "setup_proc_time_mean": NaN, "setup_proc_time_total": 0.0, "train_accuracy": 0.4657599925994873, "train_loss": 1.4568029735946655, "training_time_mean": NaN, "training_time_total": 0.0, "validation_time_mean": NaN, "validation_time_total": 0.0, "samples": 60000, "num_workers": 1, "done": false, "timesteps_total": null, "episodes_total": null, "training_iteration": 5, "neg_mean_loss": -1.3573557237625122, "experiment_id": "3c1618f3d1d24ef4b5c9be96e71b04eb", "date": "2019-05-30_15-23-11", "timestamp": 1559254991, "time_this_iter_s": 7.673518896102905, "time_total_s": 42.21306109428406, "pid": 21971, "hostname": "steropes", "node_ip": "169.229.49.254", "config": {"starting_lr": 0.001, "momentum": 0.997, "weight_decay": 0.0001, "steps_per_iteration": null, "pin": false, "model_creator": null, "target_batch_size": 1024, "model_string": "resnet18", "min_batch_size": 512, "dataset": "CIFAR", "placement": null, "use_nccl": true, "devices_per_worker": 1, "primary_resource": "extra_gpu", "gpu": false, "verbose": false, "lr_config": {"mode": "log", "steps": 5, "initial_lr": 0.001, "target_lr": 0.001}, "batch_per_device": 1024}, "time_since_restore": 42.21306109428406, "timesteps_since_restore": 0, "iterations_since_restore": 5, "mean_throughput": 7106.726920173893, "atoms": 1}
{"apply": 0.007910823822021485, "batch_time": 0.12430508136749267, "d2h": 0.004654502868652344, "data_time": 0.03609412057059152, "fwd": 0.02558004856109619, "get_state_time_mean": NaN, "get_state_time_total": 0.0, "grad": 0.048580265045166014, "mean_accuracy": 0.5224999785423279, "mean_loss": 1.325667897605896, "neg_mean_accuracy": -0.5224999785423279, "set_state_time_mean": NaN, "set_state_time_total": 0.0, "setup_model_time_mean": NaN, "setup_model_time_total": 0.0, "setup_proc_time_mean": NaN, "setup_proc_time_total": 0.0, "train_accuracy": 0.4916199743747711, "train_loss": 1.3913264136505128, "training_time_mean": NaN, "training_time_total": 0.0, "validation_time_mean": NaN, "validation_time_total": 0.0, "samples": 60000, "num_workers": 1, "done": false, "timesteps_total": null, "episodes_total": null, "training_iteration": 6, "neg_mean_loss": -1.325667897605896, "experiment_id": "3c1618f3d1d24ef4b5c9be96e71b04eb", "date": "2019-05-30_15-23-19", "timestamp": 1559254999, "time_this_iter_s": 7.514582872390747, "time_total_s": 49.727643966674805, "pid": 21971, "hostname": "steropes", "node_ip": "169.229.49.254", "config": {"starting_lr": 0.001, "momentum": 0.997, "weight_decay": 0.0001, "steps_per_iteration": null, "pin": false, "model_creator": null, "target_batch_size": 1024, "model_string": "resnet18", "min_batch_size": 512, "dataset": "CIFAR", "placement": null, "use_nccl": true, "devices_per_worker": 1, "primary_resource": "extra_gpu", "gpu": false, "verbose": false, "lr_config": {"mode": "log", "steps": 5, "initial_lr": 0.001, "target_lr": 0.001}, "batch_per_device": 1024}, "time_since_restore": 49.727643966674805, "timesteps_since_restore": 0, "iterations_since_restore": 6, "mean_throughput": 7842.658430365485, "atoms": 1}
{"apply": 0.007558560371398926, "batch_time": 0.1284735918045044, "d2h": 0.006225395202636719, "data_time": 0.036716947750169406, "fwd": 0.027142906188964845, "get_state_time_mean": NaN, "get_state_time_total": 0.0, "grad": 0.05030567646026611, "mean_accuracy": 0.5274999737739563, "mean_loss": 1.2936859733581543, "neg_mean_accuracy": -0.5274999737739563, "set_state_time_mean": NaN, "set_state_time_total": 0.0, "setup_model_time_mean": NaN, "setup_model_time_total": 0.0, "setup_proc_time_mean": NaN, "setup_proc_time_total": 0.0, "train_accuracy": 0.5135599970817566, "train_loss": 1.3334002633666993, "training_time_mean": NaN, "training_time_total": 0.0, "validation_time_mean": NaN, "validation_time_total": 0.0, "samples": 60000, "num_workers": 1, "done": false, "timesteps_total": null, "episodes_total": null, "training_iteration": 7, "neg_mean_loss": -1.2936859733581543, "experiment_id": "3c1618f3d1d24ef4b5c9be96e71b04eb", "date": "2019-05-30_15-23-26", "timestamp": 1559255006, "time_this_iter_s": 7.640071868896484, "time_total_s": 57.36771583557129, "pid": 21971, "hostname": "steropes", "node_ip": "169.229.49.254", "config": {"starting_lr": 0.001, "momentum": 0.997, "weight_decay": 0.0001, "steps_per_iteration": null, "pin": false, "model_creator": null, "target_batch_size": 1024, "model_string": "resnet18", "min_batch_size": 512, "dataset": "CIFAR", "placement": null, "use_nccl": true, "devices_per_worker": 1, "primary_resource": "extra_gpu", "gpu": false, "verbose": false, "lr_config": {"mode": "log", "steps": 5, "initial_lr": 0.001, "target_lr": 0.001}, "batch_per_device": 1024}, "time_since_restore": 57.36771583557129, "timesteps_since_restore": 0, "iterations_since_restore": 7, "mean_throughput": 7858.408119571646, "atoms": 1}
{"apply": 0.008757877349853515, "batch_time": 0.12516331672668457, "d2h": 0.00584566593170166, "data_time": 0.036496415430185745, "fwd": 0.024618983268737793, "get_state_time_mean": NaN, "get_state_time_total": 0.0, "grad": 0.04933655261993408, "mean_accuracy": 0.5486999750137329, "mean_loss": 1.2672632102966308, "neg_mean_accuracy": -0.5486999750137329, "set_state_time_mean": NaN, "set_state_time_total": 0.0, "setup_model_time_mean": NaN, "setup_model_time_total": 0.0, "setup_proc_time_mean": NaN, "setup_proc_time_total": 0.0, "train_accuracy": 0.5288599729537964, "train_loss": 1.2967287564086913, "training_time_mean": NaN, "training_time_total": 0.0, "validation_time_mean": NaN, "validation_time_total": 0.0, "samples": 60000, "num_workers": 1, "done": false, "timesteps_total": null, "episodes_total": null, "training_iteration": 8, "neg_mean_loss": -1.2672632102966308, "experiment_id": "3c1618f3d1d24ef4b5c9be96e71b04eb", "date": "2019-05-30_15-23-34", "timestamp": 1559255014, "time_this_iter_s": 7.552685499191284, "time_total_s": 64.92040133476257, "pid": 21971, "hostname": "steropes", "node_ip": "169.229.49.254", "config": {"starting_lr": 0.001, "momentum": 0.997, "weight_decay": 0.0001, "steps_per_iteration": null, "pin": false, "model_creator": null, "target_batch_size": 1024, "model_string": "resnet18", "min_batch_size": 512, "dataset": "CIFAR", "placement": null, "use_nccl": true, "devices_per_worker": 1, "primary_resource": "extra_gpu", "gpu": false, "verbose": false, "lr_config": {"mode": "log", "steps": 5, "initial_lr": 0.001, "target_lr": 0.001}, "batch_per_device": 1024}, "time_since_restore": 64.92040133476257, "timesteps_since_restore": 0, "iterations_since_restore": 8, "mean_throughput": 7904.465446122311, "atoms": 1}
{"apply": 0.008630013465881348, "batch_time": 0.125468111038208, "d2h": 0.004994487762451172, "data_time": 0.03694911878936145, "fwd": 0.024130988121032714, "get_state_time_mean": NaN, "get_state_time_total": 0.0, "grad": 0.05014538764953613, "mean_accuracy": 0.5630999803543091, "mean_loss": 1.2164358652114868, "neg_mean_accuracy": -0.5630999803543091, "set_state_time_mean": NaN, "set_state_time_total": 0.0, "setup_model_time_mean": NaN, "setup_model_time_total": 0.0, "setup_proc_time_mean": NaN, "setup_proc_time_total": 0.0, "train_accuracy": 0.5459799766540527, "train_loss": 1.2517356121063232, "training_time_mean": NaN, "training_time_total": 0.0, "validation_time_mean": NaN, "validation_time_total": 0.0, "samples": 60000, "num_workers": 1, "done": false, "timesteps_total": null, "episodes_total": null, "training_iteration": 9, "neg_mean_loss": -1.2164358652114868, "experiment_id": "3c1618f3d1d24ef4b5c9be96e71b04eb", "date": "2019-05-30_15-23-42", "timestamp": 1559255022, "time_this_iter_s": 7.635356903076172, "time_total_s": 72.55575823783875, "pid": 21971, "hostname": "steropes", "node_ip": "169.229.49.254", "config": {"starting_lr": 0.001, "momentum": 0.997, "weight_decay": 0.0001, "steps_per_iteration": null, "pin": false, "model_creator": null, "target_batch_size": 1024, "model_string": "resnet18", "min_batch_size": 512, "dataset": "CIFAR", "placement": null, "use_nccl": true, "devices_per_worker": 1, "primary_resource": "extra_gpu", "gpu": false, "verbose": false, "lr_config": {"mode": "log", "steps": 5, "initial_lr": 0.001, "target_lr": 0.001}, "batch_per_device": 1024}, "time_since_restore": 72.55575823783875, "timesteps_since_restore": 0, "iterations_since_restore": 9, "mean_throughput": 7891.288577354215, "atoms": 1}
{"apply": 0.007881069183349609, "batch_time": 0.1247021198272705, "d2h": 0.005075812339782715, "data_time": 0.03601964152589136, "fwd": 0.022008371353149415, "get_state_time_mean": NaN, "get_state_time_total": 0.0, "grad": 0.053198599815368654, "mean_accuracy": 0.5758999586105347, "mean_loss": 1.1838204957962035, "neg_mean_accuracy": -0.5758999586105347, "set_state_time_mean": NaN, "set_state_time_total": 0.0, "setup_model_time_mean": NaN, "setup_model_time_total": 0.0, "setup_proc_time_mean": NaN, "setup_proc_time_total": 0.0, "train_accuracy": 0.5609399676322937, "train_loss": 1.2098242212295531, "training_time_mean": NaN, "training_time_total": 0.0, "validation_time_mean": NaN, "validation_time_total": 0.0, "samples": 60000, "num_workers": 1, "done": false, "timesteps_total": null, "episodes_total": null, "training_iteration": 10, "neg_mean_loss": -1.1838204957962035, "experiment_id": "3c1618f3d1d24ef4b5c9be96e71b04eb", "date": "2019-05-30_15-23-49", "timestamp": 1559255029, "time_this_iter_s": 7.580559253692627, "time_total_s": 80.13631749153137, "pid": 21971, "hostname": "steropes", "node_ip": "169.229.49.254", "config": {"starting_lr": 0.001, "momentum": 0.997, "weight_decay": 0.0001, "steps_per_iteration": null, "pin": false, "model_creator": null, "target_batch_size": 1024, "model_string": "resnet18", "min_batch_size": 512, "dataset": "CIFAR", "placement": null, "use_nccl": true, "devices_per_worker": 1, "primary_resource": "extra_gpu", "gpu": false, "verbose": false, "lr_config": {"mode": "log", "steps": 5, "initial_lr": 0.001, "target_lr": 0.001}, "batch_per_device": 1024}, "time_since_restore": 80.13631749153137, "timesteps_since_restore": 0, "iterations_since_restore": 10, "mean_throughput": 7910.630213630882, "atoms": 1}
{"apply": 0.009504127502441406, "batch_time": 0.12595822811126708, "d2h": 0.00481724739074707, "data_time": 0.0371725607891472, "fwd": 0.023157739639282228, "get_state_time_mean": NaN, "get_state_time_total": 0.0, "grad": 0.044338417053222653, "mean_accuracy": 0.5952999591827393, "mean_loss": 1.1383026720046998, "neg_mean_accuracy": -0.5952999591827393, "set_state_time_mean": NaN, "set_state_time_total": 0.0, "setup_model_time_mean": NaN, "setup_model_time_total": 0.0, "setup_proc_time_mean": NaN, "setup_proc_time_total": 0.0, "train_accuracy": 0.5798599720001221, "train_loss": 1.168938461265564, "training_time_mean": NaN, "training_time_total": 0.0, "validation_time_mean": NaN, "validation_time_total": 0.0, "samples": 60000, "num_workers": 1, "done": false, "timesteps_total": null, "episodes_total": null, "training_iteration": 11, "neg_mean_loss": -1.1383026720046998, "experiment_id": "3c1618f3d1d24ef4b5c9be96e71b04eb", "date": "2019-05-30_15-23-57", "timestamp": 1559255037, "time_this_iter_s": 7.681729793548584, "time_total_s": 87.81804728507996, "pid": 21971, "hostname": "steropes", "node_ip": "169.229.49.254", "config": {"starting_lr": 0.001, "momentum": 0.997, "weight_decay": 0.0001, "steps_per_iteration": null, "pin": false, "model_creator": null, "target_batch_size": 1024, "model_string": "resnet18", "min_batch_size": 512, "dataset": "CIFAR", "placement": null, "use_nccl": true, "devices_per_worker": 1, "primary_resource": "extra_gpu", "gpu": false, "verbose": false, "lr_config": {"mode": "log", "steps": 5, "initial_lr": 0.001, "target_lr": 0.001}, "batch_per_device": 1024}, "time_since_restore": 87.81804728507996, "timesteps_since_restore": 0, "iterations_since_restore": 11, "mean_throughput": 7875.917633286411, "atoms": 1}
{"apply": 0.007412385940551758, "batch_time": 0.1295100688934326, "d2h": 0.005581021308898926, "data_time": 0.04079617772783552, "fwd": 0.024879050254821778, "get_state_time_mean": NaN, "get_state_time_total": 0.0, "grad": 0.045997452735900876, "mean_accuracy": 0.6035999655723572, "mean_loss": 1.108919944381714, "neg_mean_accuracy": -0.6035999655723572, "set_state_time_mean": NaN, "set_state_time_total": 0.0, "setup_model_time_mean": NaN, "setup_model_time_total": 0.0, "setup_proc_time_mean": NaN, "setup_proc_time_total": 0.0, "train_accuracy": 0.5982599854469299, "train_loss": 1.120451275100708, "training_time_mean": NaN, "training_time_total": 0.0, "validation_time_mean": NaN, "validation_time_total": 0.0, "samples": 60000, "num_workers": 1, "done": false, "timesteps_total": null, "episodes_total": null, "training_iteration": 12, "neg_mean_loss": -1.108919944381714, "experiment_id": "3c1618f3d1d24ef4b5c9be96e71b04eb", "date": "2019-05-30_15-24-05", "timestamp": 1559255045, "time_this_iter_s": 7.755956649780273, "time_total_s": 95.57400393486023, "pid": 21971, "hostname": "steropes", "node_ip": "169.229.49.254", "config": {"starting_lr": 0.001, "momentum": 0.997, "weight_decay": 0.0001, "steps_per_iteration": null, "pin": false, "model_creator": null, "target_batch_size": 1024, "model_string": "resnet18", "min_batch_size": 512, "dataset": "CIFAR", "placement": null, "use_nccl": true, "devices_per_worker": 1, "primary_resource": "extra_gpu", "gpu": false, "verbose": false, "lr_config": {"mode": "log", "steps": 5, "initial_lr": 0.001, "target_lr": 0.001}, "batch_per_device": 1024}, "time_since_restore": 95.57400393486023, "timesteps_since_restore": 0, "iterations_since_restore": 12, "mean_throughput": 7852.027650712809, "atoms": 1}
{"apply": 0.008250713348388672, "batch_time": 0.12649786472320557, "d2h": 0.004784226417541504, "data_time": 0.038299862219362844, "fwd": 0.02446775436401367, "get_state_time_mean": NaN, "get_state_time_total": 0.0, "grad": 0.047595429420471194, "mean_accuracy": 0.626800000667572, "mean_loss": 1.056969634437561, "neg_mean_accuracy": -0.626800000667572, "set_state_time_mean": NaN, "set_state_time_total": 0.0, "setup_model_time_mean": NaN, "setup_model_time_total": 0.0, "setup_proc_time_mean": NaN, "setup_proc_time_total": 0.0, "train_accuracy": 0.6066200137138367, "train_loss": 1.0920210723876953, "training_time_mean": NaN, "training_time_total": 0.0, "validation_time_mean": NaN, "validation_time_total": 0.0, "samples": 60000, "num_workers": 1, "done": false, "timesteps_total": null, "episodes_total": null, "training_iteration": 13, "neg_mean_loss": -1.056969634437561, "experiment_id": "3c1618f3d1d24ef4b5c9be96e71b04eb", "date": "2019-05-30_15-24-12", "timestamp": 1559255052, "time_this_iter_s": 7.87541127204895, "time_total_s": 103.44941520690918, "pid": 21971, "hostname": "steropes", "node_ip": "169.229.49.254", "config": {"starting_lr": 0.001, "momentum": 0.997, "weight_decay": 0.0001, "steps_per_iteration": null, "pin": false, "model_creator": null, "target_batch_size": 1024, "model_string": "resnet18", "min_batch_size": 512, "dataset": "CIFAR", "placement": null, "use_nccl": true, "devices_per_worker": 1, "primary_resource": "extra_gpu", "gpu": false, "verbose": false, "lr_config": {"mode": "log", "steps": 5, "initial_lr": 0.001, "target_lr": 0.001}, "batch_per_device": 1024}, "time_since_restore": 103.44941520690918, "timesteps_since_restore": 0, "iterations_since_restore": 13, "mean_throughput": 7786.260644481525, "atoms": 1}
{"apply": 0.007321214675903321, "batch_time": 0.12032551765441894, "d2h": 0.0049991607666015625, "data_time": 0.03743670911205058, "fwd": 0.027318501472473146, "get_state_time_mean": NaN, "get_state_time_total": 0.0, "grad": 0.04667439460754395, "mean_accuracy": 0.6241999864578247, "mean_loss": 1.0650906326293945, "neg_mean_accuracy": -0.6241999864578247, "set_state_time_mean": NaN, "set_state_time_total": 0.0, "setup_model_time_mean": NaN, "setup_model_time_total": 0.0, "setup_proc_time_mean": NaN, "setup_proc_time_total": 0.0, "train_accuracy": 0.6204599738121033, "train_loss": 1.0572502519989013, "training_time_mean": NaN, "training_time_total": 0.0, "validation_time_mean": NaN, "validation_time_total": 0.0, "samples": 60000, "num_workers": 1, "done": false, "timesteps_total": null, "episodes_total": null, "training_iteration": 14, "neg_mean_loss": -1.0650906326293945, "experiment_id": "3c1618f3d1d24ef4b5c9be96e71b04eb", "date": "2019-05-30_15-24-20", "timestamp": 1559255060, "time_this_iter_s": 7.612861633300781, "time_total_s": 111.06227684020996, "pid": 21971, "hostname": "steropes", "node_ip": "169.229.49.254", "config": {"starting_lr": 0.001, "momentum": 0.997, "weight_decay": 0.0001, "steps_per_iteration": null, "pin": false, "model_creator": null, "target_batch_size": 1024, "model_string": "resnet18", "min_batch_size": 512, "dataset": "CIFAR", "placement": null, "use_nccl": true, "devices_per_worker": 1, "primary_resource": "extra_gpu", "gpu": false, "verbose": false, "lr_config": {"mode": "log", "steps": 5, "initial_lr": 0.001, "target_lr": 0.001}, "batch_per_device": 1024}, "time_since_restore": 111.06227684020996, "timesteps_since_restore": 0, "iterations_since_restore": 14, "mean_throughput": 7790.809910474839, "atoms": 1}
{"apply": 0.007481527328491211, "batch_time": 0.12044038772583007, "d2h": 0.00517578125, "data_time": 0.04975802071240484, "fwd": 0.02088770866394043, "get_state_time_mean": NaN, "get_state_time_total": 0.0, "grad": 0.04415886402130127, "mean_accuracy": 0.6410999894142151, "mean_loss": 1.0150474838256835, "neg_mean_accuracy": -0.6410999894142151, "set_state_time_mean": NaN, "set_state_time_total": 0.0, "setup_model_time_mean": NaN, "setup_model_time_total": 0.0, "setup_proc_time_mean": NaN, "setup_proc_time_total": 0.0, "train_accuracy": 0.6311799883842468, "train_loss": 1.0260190696334839, "training_time_mean": NaN, "training_time_total": 0.0, "validation_time_mean": NaN, "validation_time_total": 0.0, "samples": 60000, "num_workers": 1, "done": false, "timesteps_total": null, "episodes_total": null, "training_iteration": 15, "neg_mean_loss": -1.0150474838256835, "experiment_id": "3c1618f3d1d24ef4b5c9be96e71b04eb", "date": "2019-05-30_15-24-28", "timestamp": 1559255068, "time_this_iter_s": 7.7739098072052, "time_total_s": 118.83618664741516, "pid": 21971, "hostname": "steropes", "node_ip": "169.229.49.254", "config": {"starting_lr": 0.001, "momentum": 0.997, "weight_decay": 0.0001, "steps_per_iteration": null, "pin": false, "model_creator": null, "target_batch_size": 1024, "model_string": "resnet18", "min_batch_size": 512, "dataset": "CIFAR", "placement": null, "use_nccl": true, "devices_per_worker": 1, "primary_resource": "extra_gpu", "gpu": false, "verbose": false, "lr_config": {"mode": "log", "steps": 5, "initial_lr": 0.001, "target_lr": 0.001}, "batch_per_device": 1024}, "time_since_restore": 118.83618664741516, "timesteps_since_restore": 0, "iterations_since_restore": 15, "mean_throughput": 7751.886922767933, "atoms": 1}
{"apply": 0.007547855377197266, "batch_time": 0.1213726282119751, "d2h": 0.004928851127624511, "data_time": 0.04441183927107831, "fwd": 0.0217515230178833, "get_state_time_mean": NaN, "get_state_time_total": 0.0, "grad": 0.04329493045806885, "mean_accuracy": 0.6484999656677246, "mean_loss": 1.0070559368133545, "neg_mean_accuracy": -0.6484999656677246, "set_state_time_mean": NaN, "set_state_time_total": 0.0, "setup_model_time_mean": NaN, "setup_model_time_total": 0.0, "setup_proc_time_mean": NaN, "setup_proc_time_total": 0.0, "train_accuracy": 0.6417799592018127, "train_loss": 0.9954021079254151, "training_time_mean": NaN, "training_time_total": 0.0, "validation_time_mean": NaN, "validation_time_total": 0.0, "samples": 60000, "num_workers": 1, "done": false, "timesteps_total": null, "episodes_total": null, "training_iteration": 16, "neg_mean_loss": -1.0070559368133545, "experiment_id": "3c1618f3d1d24ef4b5c9be96e71b04eb", "date": "2019-05-30_15-24-35", "timestamp": 1559255075, "time_this_iter_s": 7.441875219345093, "time_total_s": 126.27806186676025, "pid": 21971, "hostname": "steropes", "node_ip": "169.229.49.254", "config": {"starting_lr": 0.001, "momentum": 0.997, "weight_decay": 0.0001, "steps_per_iteration": null, "pin": false, "model_creator": null, "target_batch_size": 1024, "model_string": "resnet18", "min_batch_size": 512, "dataset": "CIFAR", "placement": null, "use_nccl": true, "devices_per_worker": 1, "primary_resource": "extra_gpu", "gpu": false, "verbose": false, "lr_config": {"mode": "log", "steps": 5, "initial_lr": 0.001, "target_lr": 0.001}, "batch_per_device": 1024}, "time_since_restore": 126.27806186676025, "timesteps_since_restore": 0, "iterations_since_restore": 16, "mean_throughput": 7800.228689699643, "atoms": 1}
{"apply": 0.008601140975952149, "batch_time": 0.12084295749664306, "d2h": 0.00492093563079834, "data_time": 0.04714693828504913, "fwd": 0.021717000007629394, "get_state_time_mean": NaN, "get_state_time_total": 0.0, "grad": 0.043988823890686035, "mean_accuracy": 0.6478999853134155, "mean_loss": 0.9972803420066834, "neg_mean_accuracy": -0.6478999853134155, "set_state_time_mean": NaN, "set_state_time_total": 0.0, "setup_model_time_mean": NaN, "setup_model_time_total": 0.0, "setup_proc_time_mean": NaN, "setup_proc_time_total": 0.0, "train_accuracy": 0.6460999846458435, "train_loss": 0.9773465928077698, "training_time_mean": NaN, "training_time_total": 0.0, "validation_time_mean": NaN, "validation_time_total": 0.0, "samples": 60000, "num_workers": 1, "done": false, "timesteps_total": null, "episodes_total": null, "training_iteration": 17, "neg_mean_loss": -0.9972803420066834, "experiment_id": "3c1618f3d1d24ef4b5c9be96e71b04eb", "date": "2019-05-30_15-24-43", "timestamp": 1559255083, "time_this_iter_s": 7.584076642990112, "time_total_s": 133.86213850975037, "pid": 21971, "hostname": "steropes", "node_ip": "169.229.49.254", "config": {"starting_lr": 0.001, "momentum": 0.997, "weight_decay": 0.0001, "steps_per_iteration": null, "pin": false, "model_creator": null, "target_batch_size": 1024, "model_string": "resnet18", "min_batch_size": 512, "dataset": "CIFAR", "placement": null, "use_nccl": true, "devices_per_worker": 1, "primary_resource": "extra_gpu", "gpu": false, "verbose": false, "lr_config": {"mode": "log", "steps": 5, "initial_lr": 0.001, "target_lr": 0.001}, "batch_per_device": 1024}, "time_since_restore": 133.86213850975037, "timesteps_since_restore": 0, "iterations_since_restore": 17, "mean_throughput": 7835.244729008198, "atoms": 1}
{"apply": 0.0076237678527832035, "batch_time": 0.12079761028289795, "d2h": 0.005749177932739258, "data_time": 0.04272502782393475, "fwd": 0.02124648094177246, "get_state_time_mean": NaN, "get_state_time_total": 0.0, "grad": 0.04444291591644287, "mean_accuracy": 0.6685999631881714, "mean_loss": 0.9440982127189637, "neg_mean_accuracy": -0.6685999631881714, "set_state_time_mean": NaN, "set_state_time_total": 0.0, "setup_model_time_mean": NaN, "setup_model_time_total": 0.0, "setup_proc_time_mean": NaN, "setup_proc_time_total": 0.0, "train_accuracy": 0.6579200029373169, "train_loss": 0.9536769916534423, "training_time_mean": NaN, "training_time_total": 0.0, "validation_time_mean": NaN, "validation_time_total": 0.0, "samples": 60000, "num_workers": 1, "done": false, "timesteps_total": null, "episodes_total": null, "training_iteration": 18, "neg_mean_loss": -0.9440982127189637, "experiment_id": "3c1618f3d1d24ef4b5c9be96e71b04eb", "date": "2019-05-30_15-24-50", "timestamp": 1559255090, "time_this_iter_s": 7.459003686904907, "time_total_s": 141.32114219665527, "pid": 21971, "hostname": "steropes", "node_ip": "169.229.49.254", "config": {"starting_lr": 0.001, "momentum": 0.997, "weight_decay": 0.0001, "steps_per_iteration": null, "pin": false, "model_creator": null, "target_batch_size": 1024, "model_string": "resnet18", "min_batch_size": 512, "dataset": "CIFAR", "placement": null, "use_nccl": true, "devices_per_worker": 1, "primary_resource": "extra_gpu", "gpu": false, "verbose": false, "lr_config": {"mode": "log", "steps": 5, "initial_lr": 0.001, "target_lr": 0.001}, "batch_per_device": 1024}, "time_since_restore": 141.32114219665527, "timesteps_since_restore": 0, "iterations_since_restore": 18, "mean_throughput": 7921.393242240682, "atoms": 1}
{"apply": 0.007085251808166504, "batch_time": 0.12897651195526122, "d2h": 0.004748654365539551, "data_time": 0.050661505485067565, "fwd": 0.020447134971618652, "get_state_time_mean": NaN, "get_state_time_total": 0.0, "grad": 0.044020342826843264, "mean_accuracy": 0.6717999577522278, "mean_loss": 0.9417320851325989, "neg_mean_accuracy": -0.6717999577522278, "set_state_time_mean": NaN, "set_state_time_total": 0.0, "setup_model_time_mean": NaN, "setup_model_time_total": 0.0, "setup_proc_time_mean": NaN, "setup_proc_time_total": 0.0, "train_accuracy": 0.6683399677276611, "train_loss": 0.9276540195083618, "training_time_mean": NaN, "training_time_total": 0.0, "validation_time_mean": NaN, "validation_time_total": 0.0, "samples": 60000, "num_workers": 1, "done": false, "timesteps_total": null, "episodes_total": null, "training_iteration": 19, "neg_mean_loss": -0.9417320851325989, "experiment_id": "3c1618f3d1d24ef4b5c9be96e71b04eb", "date": "2019-05-30_15-24-58", "timestamp": 1559255098, "time_this_iter_s": 7.82239556312561, "time_total_s": 149.14353775978088, "pid": 21971, "hostname": "steropes", "node_ip": "169.229.49.254", "config": {"starting_lr": 0.001, "momentum": 0.997, "weight_decay": 0.0001, "steps_per_iteration": null, "pin": false, "model_creator": null, "target_batch_size": 1024, "model_string": "resnet18", "min_batch_size": 512, "dataset": "CIFAR", "placement": null, "use_nccl": true, "devices_per_worker": 1, "primary_resource": "extra_gpu", "gpu": false, "verbose": false, "lr_config": {"mode": "log", "steps": 5, "initial_lr": 0.001, "target_lr": 0.001}, "batch_per_device": 1024}, "time_since_restore": 149.14353775978088, "timesteps_since_restore": 0, "iterations_since_restore": 19, "mean_throughput": 7877.806509326222, "atoms": 1}
{"apply": 0.007841801643371582, "batch_time": 0.13186819553375245, "d2h": 0.0045485258102416996, "data_time": 0.04418733655189981, "fwd": 0.02061583995819092, "get_state_time_mean": NaN, "get_state_time_total": 0.0, "grad": 0.0454601526260376, "mean_accuracy": 0.6848999857902527, "mean_loss": 0.9181989153861999, "neg_mean_accuracy": -0.6848999857902527, "set_state_time_mean": NaN, "set_state_time_total": 0.0, "setup_model_time_mean": NaN, "setup_model_time_total": 0.0, "setup_proc_time_mean": NaN, "setup_proc_time_total": 0.0, "train_accuracy": 0.6768999695777893, "train_loss": 0.904477921962738, "training_time_mean": NaN, "training_time_total": 0.0, "validation_time_mean": NaN, "validation_time_total": 0.0, "samples": 60000, "num_workers": 1, "done": false, "timesteps_total": null, "episodes_total": null, "training_iteration": 20, "neg_mean_loss": -0.9181989153861999, "experiment_id": "3c1618f3d1d24ef4b5c9be96e71b04eb", "date": "2019-05-30_15-25-06", "timestamp": 1559255106, "time_this_iter_s": 7.591328144073486, "time_total_s": 156.73486590385437, "pid": 21971, "hostname": "steropes", "node_ip": "169.229.49.254", "config": {"starting_lr": 0.001, "momentum": 0.997, "weight_decay": 0.0001, "steps_per_iteration": null, "pin": false, "model_creator": null, "target_batch_size": 1024, "model_string": "resnet18", "min_batch_size": 512, "dataset": "CIFAR", "placement": null, "use_nccl": true, "devices_per_worker": 1, "primary_resource": "extra_gpu", "gpu": false, "verbose": false, "lr_config": {"mode": "log", "steps": 5, "initial_lr": 0.001, "target_lr": 0.001}, "batch_per_device": 1024}, "time_since_restore": 156.73486590385437, "timesteps_since_restore": 0, "iterations_since_restore": 20, "mean_throughput": 7915.758428789411, "atoms": 1}
{"apply": 0.00751488208770752, "batch_time": 0.12030549049377441, "d2h": 0.004746055603027344, "data_time": 0.04791935122742945, "fwd": 0.02187314033508301, "get_state_time_mean": NaN, "get_state_time_total": 0.0, "grad": 0.0446455717086792, "mean_accuracy": 0.683899998664856, "mean_loss": 0.9154340166091919, "neg_mean_accuracy": -0.683899998664856, "set_state_time_mean": NaN, "set_state_time_total": 0.0, "setup_model_time_mean": NaN, "setup_model_time_total": 0.0, "setup_proc_time_mean": NaN, "setup_proc_time_total": 0.0, "train_accuracy": 0.6830399632453918, "train_loss": 0.887133024482727, "training_time_mean": NaN, "training_time_total": 0.0, "validation_time_mean": NaN, "validation_time_total": 0.0, "samples": 60000, "num_workers": 1, "done": false, "timesteps_total": null, "episodes_total": null, "training_iteration": 21, "neg_mean_loss": -0.9154340166091919, "experiment_id": "3c1618f3d1d24ef4b5c9be96e71b04eb", "date": "2019-05-30_15-25-13", "timestamp": 1559255113, "time_this_iter_s": 7.653789758682251, "time_total_s": 164.38865566253662, "pid": 21971, "hostname": "steropes", "node_ip": "169.229.49.254", "config": {"starting_lr": 0.001, "momentum": 0.997, "weight_decay": 0.0001, "steps_per_iteration": null, "pin": false, "model_creator": null, "target_batch_size": 1024, "model_string": "resnet18", "min_batch_size": 512, "dataset": "CIFAR", "placement": null, "use_nccl": true, "devices_per_worker": 1, "primary_resource": "extra_gpu", "gpu": false, "verbose": false, "lr_config": {"mode": "log", "steps": 5, "initial_lr": 0.001, "target_lr": 0.001}, "batch_per_device": 1024}, "time_since_restore": 164.38865566253662, "timesteps_since_restore": 0, "iterations_since_restore": 21, "mean_throughput": 7871.745368207422, "atoms": 1}
{"apply": 0.007563543319702148, "batch_time": 0.12117488384246826, "d2h": 0.004772400856018067, "data_time": 0.045953541385884186, "fwd": 0.021300721168518066, "get_state_time_mean": NaN, "get_state_time_total": 0.0, "grad": 0.04363415241241455, "mean_accuracy": 0.682699978351593, "mean_loss": 0.9044375814437866, "neg_mean_accuracy": -0.682699978351593, "set_state_time_mean": NaN, "set_state_time_total": 0.0, "setup_model_time_mean": NaN, "setup_model_time_total": 0.0, "setup_proc_time_mean": NaN, "setup_proc_time_total": 0.0, "train_accuracy": 0.6927399635314941, "train_loss": 0.8692465806007386, "training_time_mean": NaN, "training_time_total": 0.0, "validation_time_mean": NaN, "validation_time_total": 0.0, "samples": 60000, "num_workers": 1, "done": false, "timesteps_total": null, "episodes_total": null, "training_iteration": 22, "neg_mean_loss": -0.9044375814437866, "experiment_id": "3c1618f3d1d24ef4b5c9be96e71b04eb", "date": "2019-05-30_15-25-21", "timestamp": 1559255121, "time_this_iter_s": 7.514394283294678, "time_total_s": 171.9030499458313, "pid": 21971, "hostname": "steropes", "node_ip": "169.229.49.254", "config": {"starting_lr": 0.001, "momentum": 0.997, "weight_decay": 0.0001, "steps_per_iteration": null, "pin": false, "model_creator": null, "target_batch_size": 1024, "model_string": "resnet18", "min_batch_size": 512, "dataset": "CIFAR", "placement": null, "use_nccl": true, "devices_per_worker": 1, "primary_resource": "extra_gpu", "gpu": false, "verbose": false, "lr_config": {"mode": "log", "steps": 5, "initial_lr": 0.001, "target_lr": 0.001}, "batch_per_device": 1024}, "time_since_restore": 171.9030499458313, "timesteps_since_restore": 0, "iterations_since_restore": 22, "mean_throughput": 7886.166257767267, "atoms": 1}
{"apply": 0.007546067237854004, "batch_time": 0.1224179744720459, "d2h": 0.004808831214904785, "data_time": 0.05047996676698023, "fwd": 0.024475908279418944, "get_state_time_mean": NaN, "get_state_time_total": 0.0, "grad": 0.043181777000427246, "mean_accuracy": 0.7012999653816223, "mean_loss": 0.8696792407989502, "neg_mean_accuracy": -0.7012999653816223, "set_state_time_mean": NaN, "set_state_time_total": 0.0, "setup_model_time_mean": NaN, "setup_model_time_total": 0.0, "setup_proc_time_mean": NaN, "setup_proc_time_total": 0.0, "train_accuracy": 0.6968599557876587, "train_loss": 0.844894441280365, "training_time_mean": NaN, "training_time_total": 0.0, "validation_time_mean": NaN, "validation_time_total": 0.0, "samples": 60000, "num_workers": 1, "done": false, "timesteps_total": null, "episodes_total": null, "training_iteration": 23, "neg_mean_loss": -0.8696792407989502, "experiment_id": "3c1618f3d1d24ef4b5c9be96e71b04eb", "date": "2019-05-30_15-25-29", "timestamp": 1559255129, "time_this_iter_s": 7.788382291793823, "time_total_s": 179.69143223762512, "pid": 21971, "hostname": "steropes", "node_ip": "169.229.49.254", "config": {"starting_lr": 0.001, "momentum": 0.997, "weight_decay": 0.0001, "steps_per_iteration": null, "pin": false, "model_creator": null, "target_batch_size": 1024, "model_string": "resnet18", "min_batch_size": 512, "dataset": "CIFAR", "placement": null, "use_nccl": true, "devices_per_worker": 1, "primary_resource": "extra_gpu", "gpu": false, "verbose": false, "lr_config": {"mode": "log", "steps": 5, "initial_lr": 0.001, "target_lr": 0.001}, "batch_per_device": 1024}, "time_since_restore": 179.69143223762512, "timesteps_since_restore": 0, "iterations_since_restore": 23, "mean_throughput": 7818.469999783954, "atoms": 1}
{"apply": 0.007211232185363769, "batch_time": 0.12171919345855713, "d2h": 0.004391145706176758, "data_time": 0.05122262117814044, "fwd": 0.02072563171386719, "get_state_time_mean": NaN, "get_state_time_total": 0.0, "grad": 0.04221298694610596, "mean_accuracy": 0.699999988079071, "mean_loss": 0.862317258644104, "neg_mean_accuracy": -0.699999988079071, "set_state_time_mean": NaN, "set_state_time_total": 0.0, "setup_model_time_mean": NaN, "setup_model_time_total": 0.0, "setup_proc_time_mean": NaN, "setup_proc_time_total": 0.0, "train_accuracy": 0.7025799751281738, "train_loss": 0.8294407485008239, "training_time_mean": NaN, "training_time_total": 0.0, "validation_time_mean": NaN, "validation_time_total": 0.0, "samples": 60000, "num_workers": 1, "done": false, "timesteps_total": null, "episodes_total": null, "training_iteration": 24, "neg_mean_loss": -0.862317258644104, "experiment_id": "3c1618f3d1d24ef4b5c9be96e71b04eb", "date": "2019-05-30_15-25-36", "timestamp": 1559255136, "time_this_iter_s": 7.676153659820557, "time_total_s": 187.36758589744568, "pid": 21971, "hostname": "steropes", "node_ip": "169.229.49.254", "config": {"starting_lr": 0.001, "momentum": 0.997, "weight_decay": 0.0001, "steps_per_iteration": null, "pin": false, "model_creator": null, "target_batch_size": 1024, "model_string": "resnet18", "min_batch_size": 512, "dataset": "CIFAR", "placement": null, "use_nccl": true, "devices_per_worker": 1, "primary_resource": "extra_gpu", "gpu": false, "verbose": false, "lr_config": {"mode": "log", "steps": 5, "initial_lr": 0.001, "target_lr": 0.001}, "batch_per_device": 1024}, "time_since_restore": 187.36758589744568, "timesteps_since_restore": 0, "iterations_since_restore": 24, "mean_throughput": 7848.383562861227, "atoms": 1}
{"apply": 0.007320833206176758, "batch_time": 0.11950616836547852, "d2h": 0.004613518714904785, "data_time": 0.04578524219746492, "fwd": 0.020816326141357422, "get_state_time_mean": NaN, "get_state_time_total": 0.0, "grad": 0.04270145893096924, "mean_accuracy": 0.7063999772071838, "mean_loss": 0.848311173248291, "neg_mean_accuracy": -0.7063999772071838, "set_state_time_mean": NaN, "set_state_time_total": 0.0, "setup_model_time_mean": NaN, "setup_model_time_total": 0.0, "setup_proc_time_mean": NaN, "setup_proc_time_total": 0.0, "train_accuracy": 0.7103599905967712, "train_loss": 0.8147333080863952, "training_time_mean": NaN, "training_time_total": 0.0, "validation_time_mean": NaN, "validation_time_total": 0.0, "samples": 60000, "num_workers": 1, "done": false, "timesteps_total": null, "episodes_total": null, "training_iteration": 25, "neg_mean_loss": -0.848311173248291, "experiment_id": "3c1618f3d1d24ef4b5c9be96e71b04eb", "date": "2019-05-30_15-25-44", "timestamp": 1559255144, "time_this_iter_s": 7.386918067932129, "time_total_s": 194.7545039653778, "pid": 21971, "hostname": "steropes", "node_ip": "169.229.49.254", "config": {"starting_lr": 0.001, "momentum": 0.997, "weight_decay": 0.0001, "steps_per_iteration": null, "pin": false, "model_creator": null, "target_batch_size": 1024, "model_string": "resnet18", "min_batch_size": 512, "dataset": "CIFAR", "placement": null, "use_nccl": true, "devices_per_worker": 1, "primary_resource": "extra_gpu", "gpu": false, "verbose": false, "lr_config": {"mode": "log", "steps": 5, "initial_lr": 0.001, "target_lr": 0.001}, "batch_per_device": 1024}, "time_since_restore": 194.7545039653778, "timesteps_since_restore": 0, "iterations_since_restore": 25, "mean_throughput": 7890.577672585505, "atoms": 1}
{"apply": 0.007212543487548828, "batch_time": 0.12066819667816162, "d2h": 0.004442191123962403, "data_time": 0.05549586062528649, "fwd": 0.02115187644958496, "get_state_time_mean": NaN, "get_state_time_total": 0.0, "grad": 0.043502068519592284, "mean_accuracy": 0.7123000025749207, "mean_loss": 0.8381222247123719, "neg_mean_accuracy": -0.7123000025749207, "set_state_time_mean": NaN, "set_state_time_total": 0.0, "setup_model_time_mean": NaN, "setup_model_time_total": 0.0, "setup_proc_time_mean": NaN, "setup_proc_time_total": 0.0, "train_accuracy": 0.7176199555397034, "train_loss": 0.7904554963302612, "training_time_mean": NaN, "training_time_total": 0.0, "validation_time_mean": NaN, "validation_time_total": 0.0, "samples": 60000, "num_workers": 1, "done": false, "timesteps_total": null, "episodes_total": null, "training_iteration": 26, "neg_mean_loss": -0.8381222247123719, "experiment_id": "3c1618f3d1d24ef4b5c9be96e71b04eb", "date": "2019-05-30_15-25-52", "timestamp": 1559255152, "time_this_iter_s": 7.8498828411102295, "time_total_s": 202.60438680648804, "pid": 21971, "hostname": "steropes", "node_ip": "169.229.49.254", "config": {"starting_lr": 0.001, "momentum": 0.997, "weight_decay": 0.0001, "steps_per_iteration": null, "pin": false, "model_creator": null, "target_batch_size": 1024, "model_string": "resnet18", "min_batch_size": 512, "dataset": "CIFAR", "placement": null, "use_nccl": true, "devices_per_worker": 1, "primary_resource": "extra_gpu", "gpu": false, "verbose": false, "lr_config": {"mode": "log", "steps": 5, "initial_lr": 0.001, "target_lr": 0.001}, "batch_per_device": 1024}, "time_since_restore": 202.60438680648804, "timesteps_since_restore": 0, "iterations_since_restore": 26, "mean_throughput": 7850.089113140414, "atoms": 1}
{"apply": 0.0071452617645263675, "batch_time": 0.12343981266021728, "d2h": 0.00448157787322998, "data_time": 0.051538292242556204, "fwd": 0.02016007900238037, "get_state_time_mean": NaN, "get_state_time_total": 0.0, "grad": 0.04245915412902832, "mean_accuracy": 0.7094999551773071, "mean_loss": 0.8331845197677612, "neg_mean_accuracy": -0.7094999551773071, "set_state_time_mean": NaN, "set_state_time_total": 0.0, "setup_model_time_mean": NaN, "setup_model_time_total": 0.0, "setup_proc_time_mean": NaN, "setup_proc_time_total": 0.0, "train_accuracy": 0.7238399982452393, "train_loss": 0.7711206491088867, "training_time_mean": NaN, "training_time_total": 0.0, "validation_time_mean": NaN, "validation_time_total": 0.0, "samples": 60000, "num_workers": 1, "done": false, "timesteps_total": null, "episodes_total": null, "training_iteration": 27, "neg_mean_loss": -0.8331845197677612, "experiment_id": "3c1618f3d1d24ef4b5c9be96e71b04eb", "date": "2019-05-30_15-25-59", "timestamp": 1559255159, "time_this_iter_s": 7.683161735534668, "time_total_s": 210.2875485420227, "pid": 21971, "hostname": "steropes", "node_ip": "169.229.49.254", "config": {"starting_lr": 0.001, "momentum": 0.997, "weight_decay": 0.0001, "steps_per_iteration": null, "pin": false, "model_creator": null, "target_batch_size": 1024, "model_string": "resnet18", "min_batch_size": 512, "dataset": "CIFAR", "placement": null, "use_nccl": true, "devices_per_worker": 1, "primary_resource": "extra_gpu", "gpu": false, "verbose": false, "lr_config": {"mode": "log", "steps": 5, "initial_lr": 0.001, "target_lr": 0.001}, "batch_per_device": 1024}, "time_since_restore": 210.2875485420227, "timesteps_since_restore": 0, "iterations_since_restore": 27, "mean_throughput": 7815.572904072044, "atoms": 1}
{"apply": 0.00723569393157959, "batch_time": 0.12142746448516846, "d2h": 0.005751919746398926, "data_time": 0.0457418646131243, "fwd": 0.021138334274291994, "get_state_time_mean": NaN, "get_state_time_total": 0.0, "grad": 0.0421832799911499, "mean_accuracy": 0.7234999537467957, "mean_loss": 0.8027609455108643, "neg_mean_accuracy": -0.7234999537467957, "set_state_time_mean": NaN, "set_state_time_total": 0.0, "setup_model_time_mean": NaN, "setup_model_time_total": 0.0, "setup_proc_time_mean": NaN, "setup_proc_time_total": 0.0, "train_accuracy": 0.7306199669837952, "train_loss": 0.7556092507171631, "training_time_mean": NaN, "training_time_total": 0.0, "validation_time_mean": NaN, "validation_time_total": 0.0, "samples": 60000, "num_workers": 1, "done": false, "timesteps_total": null, "episodes_total": null, "training_iteration": 28, "neg_mean_loss": -0.8027609455108643, "experiment_id": "3c1618f3d1d24ef4b5c9be96e71b04eb", "date": "2019-05-30_15-26-07", "timestamp": 1559255167, "time_this_iter_s": 7.427323818206787, "time_total_s": 217.7148723602295, "pid": 21971, "hostname": "steropes", "node_ip": "169.229.49.254", "config": {"starting_lr": 0.001, "momentum": 0.997, "weight_decay": 0.0001, "steps_per_iteration": null, "pin": false, "model_creator": null, "target_batch_size": 1024, "model_string": "resnet18", "min_batch_size": 512, "dataset": "CIFAR", "placement": null, "use_nccl": true, "devices_per_worker": 1, "primary_resource": "extra_gpu", "gpu": false, "verbose": false, "lr_config": {"mode": "log", "steps": 5, "initial_lr": 0.001, "target_lr": 0.001}, "batch_per_device": 1024}, "time_since_restore": 217.7148723602295, "timesteps_since_restore": 0, "iterations_since_restore": 28, "mean_throughput": 7889.787890131123, "atoms": 1}
{"apply": 0.007297873497009277, "batch_time": 0.1203991174697876, "d2h": 0.004986882209777832, "data_time": 0.050365885909722775, "fwd": 0.021123290061950684, "get_state_time_mean": NaN, "get_state_time_total": 0.0, "grad": 0.043022871017456055, "mean_accuracy": 0.7226999998092651, "mean_loss": 0.813984172821045, "neg_mean_accuracy": -0.7226999998092651, "set_state_time_mean": NaN, "set_state_time_total": 0.0, "setup_model_time_mean": NaN, "setup_model_time_total": 0.0, "setup_proc_time_mean": NaN, "setup_proc_time_total": 0.0, "train_accuracy": 0.7384399771690369, "train_loss": 0.7354669602394104, "training_time_mean": NaN, "training_time_total": 0.0, "validation_time_mean": NaN, "validation_time_total": 0.0, "samples": 60000, "num_workers": 1, "done": false, "timesteps_total": null, "episodes_total": null, "training_iteration": 29, "neg_mean_loss": -0.813984172821045, "experiment_id": "3c1618f3d1d24ef4b5c9be96e71b04eb", "date": "2019-05-30_15-26-14", "timestamp": 1559255174, "time_this_iter_s": 7.653216600418091, "time_total_s": 225.36808896064758, "pid": 21971, "hostname": "steropes", "node_ip": "169.229.49.254", "config": {"starting_lr": 0.001, "momentum": 0.997, "weight_decay": 0.0001, "steps_per_iteration": null, "pin": false, "model_creator": null, "target_batch_size": 1024, "model_string": "resnet18", "min_batch_size": 512, "dataset": "CIFAR", "placement": null, "use_nccl": true, "devices_per_worker": 1, "primary_resource": "extra_gpu", "gpu": false, "verbose": false, "lr_config": {"mode": "log", "steps": 5, "initial_lr": 0.001, "target_lr": 0.001}, "batch_per_device": 1024}, "time_since_restore": 225.36808896064758, "timesteps_since_restore": 0, "iterations_since_restore": 29, "mean_throughput": 7894.548175623537, "atoms": 1}
{"apply": 0.0072967767715454105, "batch_time": 0.13262629508972168, "d2h": 0.004791450500488281, "data_time": 0.04777759921794035, "fwd": 0.021089506149291993, "get_state_time_mean": NaN, "get_state_time_total": 0.0, "grad": 0.04280619621276856, "mean_accuracy": 0.7161999940872192, "mean_loss": 0.8222937726974487, "neg_mean_accuracy": -0.7161999940872192, "set_state_time_mean": NaN, "set_state_time_total": 0.0, "setup_model_time_mean": NaN, "setup_model_time_total": 0.0, "setup_proc_time_mean": NaN, "setup_proc_time_total": 0.0, "train_accuracy": 0.7397800087928772, "train_loss": 0.7284171703529357, "training_time_mean": NaN, "training_time_total": 0.0, "validation_time_mean": NaN, "validation_time_total": 0.0, "samples": 60000, "num_workers": 1, "done": false, "timesteps_total": null, "episodes_total": null, "training_iteration": 30, "neg_mean_loss": -0.8222937726974487, "experiment_id": "3c1618f3d1d24ef4b5c9be96e71b04eb", "date": "2019-05-30_15-26-22", "timestamp": 1559255182, "time_this_iter_s": 7.6235127449035645, "time_total_s": 232.99160170555115, "pid": 21971, "hostname": "steropes", "node_ip": "169.229.49.254", "config": {"starting_lr": 0.001, "momentum": 0.997, "weight_decay": 0.0001, "steps_per_iteration": null, "pin": false, "model_creator": null, "target_batch_size": 1024, "model_string": "resnet18", "min_batch_size": 512, "dataset": "CIFAR", "placement": null, "use_nccl": true, "devices_per_worker": 1, "primary_resource": "extra_gpu", "gpu": false, "verbose": false, "lr_config": {"mode": "log", "steps": 5, "initial_lr": 0.001, "target_lr": 0.001}, "batch_per_device": 1024}, "time_since_restore": 232.99160170555115, "timesteps_since_restore": 0, "iterations_since_restore": 30, "mean_throughput": 7845.7011704099705, "atoms": 1}
{"apply": 0.00743570327758789, "batch_time": 0.12099001407623292, "d2h": 0.005156993865966797, "data_time": 0.04881455946941765, "fwd": 0.020520567893981934, "get_state_time_mean": NaN, "get_state_time_total": 0.0, "grad": 0.04311337471008301, "mean_accuracy": 0.7233999967575073, "mean_loss": 0.809670987701416, "neg_mean_accuracy": -0.7233999967575073, "set_state_time_mean": NaN, "set_state_time_total": 0.0, "setup_model_time_mean": NaN, "setup_model_time_total": 0.0, "setup_proc_time_mean": NaN, "setup_proc_time_total": 0.0, "train_accuracy": 0.7421799898147583, "train_loss": 0.7218473596191406, "training_time_mean": NaN, "training_time_total": 0.0, "validation_time_mean": NaN, "validation_time_total": 0.0, "samples": 60000, "num_workers": 1, "done": false, "timesteps_total": null, "episodes_total": null, "training_iteration": 31, "neg_mean_loss": -0.809670987701416, "experiment_id": "3c1618f3d1d24ef4b5c9be96e71b04eb", "date": "2019-05-30_15-26-30", "timestamp": 1559255190, "time_this_iter_s": 7.562736988067627, "time_total_s": 240.55433869361877, "pid": 21971, "hostname": "steropes", "node_ip": "169.229.49.254", "config": {"starting_lr": 0.001, "momentum": 0.997, "weight_decay": 0.0001, "steps_per_iteration": null, "pin": false, "model_creator": null, "target_batch_size": 1024, "model_string": "resnet18", "min_batch_size": 512, "dataset": "CIFAR", "placement": null, "use_nccl": true, "devices_per_worker": 1, "primary_resource": "extra_gpu", "gpu": false, "verbose": false, "lr_config": {"mode": "log", "steps": 5, "initial_lr": 0.001, "target_lr": 0.001}, "batch_per_device": 1024}, "time_since_restore": 240.55433869361877, "timesteps_since_restore": 0, "iterations_since_restore": 31, "mean_throughput": 7905.045410572322, "atoms": 1}
{"apply": 0.008260393142700195, "batch_time": 0.12092909812927247, "d2h": 0.00506894588470459, "data_time": 0.05014667219045211, "fwd": 0.020669722557067872, "get_state_time_mean": NaN, "get_state_time_total": 0.0, "grad": 0.042709851264953615, "mean_accuracy": 0.7317999601364136, "mean_loss": 0.7932943431854248, "neg_mean_accuracy": -0.7317999601364136, "set_state_time_mean": NaN, "set_state_time_total": 0.0, "setup_model_time_mean": NaN, "setup_model_time_total": 0.0, "setup_proc_time_mean": NaN, "setup_proc_time_total": 0.0, "train_accuracy": 0.7518199682235718, "train_loss": 0.6938285050582885, "training_time_mean": NaN, "training_time_total": 0.0, "validation_time_mean": NaN, "validation_time_total": 0.0, "samples": 60000, "num_workers": 1, "done": false, "timesteps_total": null, "episodes_total": null, "training_iteration": 32, "neg_mean_loss": -0.7932943431854248, "experiment_id": "3c1618f3d1d24ef4b5c9be96e71b04eb", "date": "2019-05-30_15-26-37", "timestamp": 1559255197, "time_this_iter_s": 7.608469009399414, "time_total_s": 248.1628077030182, "pid": 21971, "hostname": "steropes", "node_ip": "169.229.49.254", "config": {"starting_lr": 0.001, "momentum": 0.997, "weight_decay": 0.0001, "steps_per_iteration": null, "pin": false, "model_creator": null, "target_batch_size": 1024, "model_string": "resnet18", "min_batch_size": 512, "dataset": "CIFAR", "placement": null, "use_nccl": true, "devices_per_worker": 1, "primary_resource": "extra_gpu", "gpu": false, "verbose": false, "lr_config": {"mode": "log", "steps": 5, "initial_lr": 0.001, "target_lr": 0.001}, "batch_per_device": 1024}, "time_since_restore": 248.1628077030182, "timesteps_since_restore": 0, "iterations_since_restore": 32, "mean_throughput": 7920.633875206132, "atoms": 1}
{"apply": 0.00727384090423584, "batch_time": 0.12350773811340332, "d2h": 0.004394817352294922, "data_time": 0.044443320254890284, "fwd": 0.020612406730651855, "get_state_time_mean": NaN, "get_state_time_total": 0.0, "grad": 0.0424384593963623, "mean_accuracy": 0.739799976348877, "mean_loss": 0.7722632030487061, "neg_mean_accuracy": -0.739799976348877, "set_state_time_mean": NaN, "set_state_time_total": 0.0, "setup_model_time_mean": NaN, "setup_model_time_total": 0.0, "setup_proc_time_mean": NaN, "setup_proc_time_total": 0.0, "train_accuracy": 0.7534599900245667, "train_loss": 0.6869963076400757, "training_time_mean": NaN, "training_time_total": 0.0, "validation_time_mean": NaN, "validation_time_total": 0.0, "samples": 60000, "num_workers": 1, "done": false, "timesteps_total": null, "episodes_total": null, "training_iteration": 33, "neg_mean_loss": -0.7722632030487061, "experiment_id": "3c1618f3d1d24ef4b5c9be96e71b04eb", "date": "2019-05-30_15-26-45", "timestamp": 1559255205, "time_this_iter_s": 7.361194372177124, "time_total_s": 255.5240020751953, "pid": 21971, "hostname": "steropes", "node_ip": "169.229.49.254", "config": {"starting_lr": 0.001, "momentum": 0.997, "weight_decay": 0.0001, "steps_per_iteration": null, "pin": false, "model_creator": null, "target_batch_size": 1024, "model_string": "resnet18", "min_batch_size": 512, "dataset": "CIFAR", "placement": null, "use_nccl": true, "devices_per_worker": 1, "primary_resource": "extra_gpu", "gpu": false, "verbose": false, "lr_config": {"mode": "log", "steps": 5, "initial_lr": 0.001, "target_lr": 0.001}, "batch_per_device": 1024}, "time_since_restore": 255.5240020751953, "timesteps_since_restore": 0, "iterations_since_restore": 33, "mean_throughput": 7934.48634886133, "atoms": 1}
{"apply": 0.007234001159667968, "batch_time": 0.12364315986633301, "d2h": 0.005286979675292969, "data_time": 0.04622390805458536, "fwd": 0.021362042427062987, "get_state_time_mean": NaN, "get_state_time_total": 0.0, "grad": 0.04222714900970459, "mean_accuracy": 0.7384999990463257, "mean_loss": 0.7673210704803467, "neg_mean_accuracy": -0.7384999990463257, "set_state_time_mean": NaN, "set_state_time_total": 0.0, "setup_model_time_mean": NaN, "setup_model_time_total": 0.0, "setup_proc_time_mean": NaN, "setup_proc_time_total": 0.0, "train_accuracy": 0.7623999714851379, "train_loss": 0.667082469959259, "training_time_mean": NaN, "training_time_total": 0.0, "validation_time_mean": NaN, "validation_time_total": 0.0, "samples": 60000, "num_workers": 1, "done": false, "timesteps_total": null, "episodes_total": null, "training_iteration": 34, "neg_mean_loss": -0.7673210704803467, "experiment_id": "3c1618f3d1d24ef4b5c9be96e71b04eb", "date": "2019-05-30_15-26-52", "timestamp": 1559255212, "time_this_iter_s": 7.467094659805298, "time_total_s": 262.9910967350006, "pid": 21971, "hostname": "steropes", "node_ip": "169.229.49.254", "config": {"starting_lr": 0.001, "momentum": 0.997, "weight_decay": 0.0001, "steps_per_iteration": null, "pin": false, "model_creator": null, "target_batch_size": 1024, "model_string": "resnet18", "min_batch_size": 512, "dataset": "CIFAR", "placement": null, "use_nccl": true, "devices_per_worker": 1, "primary_resource": "extra_gpu", "gpu": false, "verbose": false, "lr_config": {"mode": "log", "steps": 5, "initial_lr": 0.001, "target_lr": 0.001}, "batch_per_device": 1024}, "time_since_restore": 262.9910967350006, "timesteps_since_restore": 0, "iterations_since_restore": 34, "mean_throughput": 7973.739894886958, "atoms": 1}
{"apply": 0.007190680503845215, "batch_time": 0.12368323802947997, "d2h": 0.005252575874328614, "data_time": 0.04630544234295281, "fwd": 0.02089245319366455, "get_state_time_mean": NaN, "get_state_time_total": 0.0, "grad": 0.04318864345550537, "mean_accuracy": 0.7396999597549438, "mean_loss": 0.7699480478286743, "neg_mean_accuracy": -0.7396999597549438, "set_state_time_mean": NaN, "set_state_time_total": 0.0, "setup_model_time_mean": NaN, "setup_model_time_total": 0.0, "setup_proc_time_mean": NaN, "setup_proc_time_total": 0.0, "train_accuracy": 0.7689200043678284, "train_loss": 0.6475716556549073, "training_time_mean": NaN, "training_time_total": 0.0, "validation_time_mean": NaN, "validation_time_total": 0.0, "samples": 60000, "num_workers": 1, "done": false, "timesteps_total": null, "episodes_total": null, "training_iteration": 35, "neg_mean_loss": -0.7699480478286743, "experiment_id": "3c1618f3d1d24ef4b5c9be96e71b04eb", "date": "2019-05-30_15-27-00", "timestamp": 1559255220, "time_this_iter_s": 7.46683406829834, "time_total_s": 270.45793080329895, "pid": 21971, "hostname": "steropes", "node_ip": "169.229.49.254", "config": {"starting_lr": 0.001, "momentum": 0.997, "weight_decay": 0.0001, "steps_per_iteration": null, "pin": false, "model_creator": null, "target_batch_size": 1024, "model_string": "resnet18", "min_batch_size": 512, "dataset": "CIFAR", "placement": null, "use_nccl": true, "devices_per_worker": 1, "primary_resource": "extra_gpu", "gpu": false, "verbose": false, "lr_config": {"mode": "log", "steps": 5, "initial_lr": 0.001, "target_lr": 0.001}, "batch_per_device": 1024}, "time_since_restore": 270.45793080329895, "timesteps_since_restore": 0, "iterations_since_restore": 35, "mean_throughput": 8007.084362455773, "atoms": 1}
{"apply": 0.007361221313476563, "batch_time": 0.12166903018951417, "d2h": 0.0045135498046875, "data_time": 0.0476200094028395, "fwd": 0.021573591232299804, "get_state_time_mean": NaN, "get_state_time_total": 0.0, "grad": 0.042531275749206544, "mean_accuracy": 0.7432999610900879, "mean_loss": 0.7604032752990723, "neg_mean_accuracy": -0.7432999610900879, "set_state_time_mean": NaN, "set_state_time_total": 0.0, "setup_model_time_mean": NaN, "setup_model_time_total": 0.0, "setup_proc_time_mean": NaN, "setup_proc_time_total": 0.0, "train_accuracy": 0.7703799605369568, "train_loss": 0.6433460293960571, "training_time_mean": NaN, "training_time_total": 0.0, "validation_time_mean": NaN, "validation_time_total": 0.0, "samples": 60000, "num_workers": 1, "done": false, "timesteps_total": null, "episodes_total": null, "training_iteration": 36, "neg_mean_loss": -0.7604032752990723, "experiment_id": "3c1618f3d1d24ef4b5c9be96e71b04eb", "date": "2019-05-30_15-27-07", "timestamp": 1559255227, "time_this_iter_s": 7.4561028480529785, "time_total_s": 277.91403365135193, "pid": 21971, "hostname": "steropes", "node_ip": "169.229.49.254", "config": {"starting_lr": 0.001, "momentum": 0.997, "weight_decay": 0.0001, "steps_per_iteration": null, "pin": false, "model_creator": null, "target_batch_size": 1024, "model_string": "resnet18", "min_batch_size": 512, "dataset": "CIFAR", "placement": null, "use_nccl": true, "devices_per_worker": 1, "primary_resource": "extra_gpu", "gpu": false, "verbose": false, "lr_config": {"mode": "log", "steps": 5, "initial_lr": 0.001, "target_lr": 0.001}, "batch_per_device": 1024}, "time_since_restore": 277.91403365135193, "timesteps_since_restore": 0, "iterations_since_restore": 36, "mean_throughput": 8029.958213995384, "atoms": 1}
{"apply": 0.007343411445617676, "batch_time": 0.12258117198944092, "d2h": 0.004670786857604981, "data_time": 0.050936494554792135, "fwd": 0.02046468257904053, "get_state_time_mean": NaN, "get_state_time_total": 0.0, "grad": 0.04363265037536621, "mean_accuracy": 0.748199999332428, "mean_loss": 0.7526799450874329, "neg_mean_accuracy": -0.748199999332428, "set_state_time_mean": NaN, "set_state_time_total": 0.0, "setup_model_time_mean": NaN, "setup_model_time_total": 0.0, "setup_proc_time_mean": NaN, "setup_proc_time_total": 0.0, "train_accuracy": 0.7744799852371216, "train_loss": 0.6313176000785827, "training_time_mean": NaN, "training_time_total": 0.0, "validation_time_mean": NaN, "validation_time_total": 0.0, "samples": 60000, "num_workers": 1, "done": false, "timesteps_total": null, "episodes_total": null, "training_iteration": 37, "neg_mean_loss": -0.7526799450874329, "experiment_id": "3c1618f3d1d24ef4b5c9be96e71b04eb", "date": "2019-05-30_15-27-15", "timestamp": 1559255235, "time_this_iter_s": 7.696779012680054, "time_total_s": 285.610812664032, "pid": 21971, "hostname": "steropes", "node_ip": "169.229.49.254", "config": {"starting_lr": 0.001, "momentum": 0.997, "weight_decay": 0.0001, "steps_per_iteration": null, "pin": false, "model_creator": null, "target_batch_size": 1024, "model_string": "resnet18", "min_batch_size": 512, "dataset": "CIFAR", "placement": null, "use_nccl": true, "devices_per_worker": 1, "primary_resource": "extra_gpu", "gpu": false, "verbose": false, "lr_config": {"mode": "log", "steps": 5, "initial_lr": 0.001, "target_lr": 0.001}, "batch_per_device": 1024}, "time_since_restore": 285.610812664032, "timesteps_since_restore": 0, "iterations_since_restore": 37, "mean_throughput": 8011.024234533259, "atoms": 1}
{"apply": 0.007214546203613281, "batch_time": 0.12134547233581543, "d2h": 0.005171656608581543, "data_time": 0.045339735186829856, "fwd": 0.0206545352935791, "get_state_time_mean": NaN, "get_state_time_total": 0.0, "grad": 0.043848824501037595, "mean_accuracy": 0.7470999956130981, "mean_loss": 0.7612678973197937, "neg_mean_accuracy": -0.7470999956130981, "set_state_time_mean": NaN, "set_state_time_total": 0.0, "setup_model_time_mean": NaN, "setup_model_time_total": 0.0, "setup_proc_time_mean": NaN, "setup_proc_time_total": 0.0, "train_accuracy": 0.7784799933433533, "train_loss": 0.6182852400016785, "training_time_mean": NaN, "training_time_total": 0.0, "validation_time_mean": NaN, "validation_time_total": 0.0, "samples": 60000, "num_workers": 1, "done": false, "timesteps_total": null, "episodes_total": null, "training_iteration": 38, "neg_mean_loss": -0.7612678973197937, "experiment_id": "3c1618f3d1d24ef4b5c9be96e71b04eb", "date": "2019-05-30_15-27-22", "timestamp": 1559255242, "time_this_iter_s": 7.372711420059204, "time_total_s": 292.9835240840912, "pid": 21971, "hostname": "steropes", "node_ip": "169.229.49.254", "config": {"starting_lr": 0.001, "momentum": 0.997, "weight_decay": 0.0001, "steps_per_iteration": null, "pin": false, "model_creator": null, "target_batch_size": 1024, "model_string": "resnet18", "min_batch_size": 512, "dataset": "CIFAR", "placement": null, "use_nccl": true, "devices_per_worker": 1, "primary_resource": "extra_gpu", "gpu": false, "verbose": false, "lr_config": {"mode": "log", "steps": 5, "initial_lr": 0.001, "target_lr": 0.001}, "batch_per_device": 1024}, "time_since_restore": 292.9835240840912, "timesteps_since_restore": 0, "iterations_since_restore": 38, "mean_throughput": 8008.560277118108, "atoms": 1}
{"apply": 0.0073375701904296875, "batch_time": 0.1195803165435791, "d2h": 0.00467994213104248, "data_time": 0.05436492939384616, "fwd": 0.02138981819152832, "get_state_time_mean": NaN, "get_state_time_total": 0.0, "grad": 0.042976975440979004, "mean_accuracy": 0.7495999932289124, "mean_loss": 0.7524086526870728, "neg_mean_accuracy": -0.7495999932289124, "set_state_time_mean": NaN, "set_state_time_total": 0.0, "setup_model_time_mean": NaN, "setup_model_time_total": 0.0, "setup_proc_time_mean": NaN, "setup_proc_time_total": 0.0, "train_accuracy": 0.7856799960136414, "train_loss": 0.6034852656364441, "training_time_mean": NaN, "training_time_total": 0.0, "validation_time_mean": NaN, "validation_time_total": 0.0, "samples": 60000, "num_workers": 1, "done": false, "timesteps_total": null, "episodes_total": null, "training_iteration": 39, "neg_mean_loss": -0.7524086526870728, "experiment_id": "3c1618f3d1d24ef4b5c9be96e71b04eb", "date": "2019-05-30_15-27-30", "timestamp": 1559255250, "time_this_iter_s": 7.756750583648682, "time_total_s": 300.74027466773987, "pid": 21971, "hostname": "steropes", "node_ip": "169.229.49.254", "config": {"starting_lr": 0.001, "momentum": 0.997, "weight_decay": 0.0001, "steps_per_iteration": null, "pin": false, "model_creator": null, "target_batch_size": 1024, "model_string": "resnet18", "min_batch_size": 512, "dataset": "CIFAR", "placement": null, "use_nccl": true, "devices_per_worker": 1, "primary_resource": "extra_gpu", "gpu": false, "verbose": false, "lr_config": {"mode": "log", "steps": 5, "initial_lr": 0.001, "target_lr": 0.001}, "batch_per_device": 1024}, "time_since_restore": 300.74027466773987, "timesteps_since_restore": 0, "iterations_since_restore": 39, "mean_throughput": 7947.10258348135, "atoms": 1}
{"apply": 0.0072242975234985355, "batch_time": 0.12203731536865234, "d2h": 0.00435032844543457, "data_time": 0.05876957153787418, "fwd": 0.0204801082611084, "get_state_time_mean": NaN, "get_state_time_total": 0.0, "grad": 0.04213087558746338, "mean_accuracy": 0.7489999532699585, "mean_loss": 0.7451103954315186, "neg_mean_accuracy": -0.7489999532699585, "set_state_time_mean": NaN, "set_state_time_total": 0.0, "setup_model_time_mean": NaN, "setup_model_time_total": 0.0, "setup_proc_time_mean": NaN, "setup_proc_time_total": 0.0, "train_accuracy": 0.7896199822425842, "train_loss": 0.5906125782966614, "training_time_mean": NaN, "training_time_total": 0.0, "validation_time_mean": NaN, "validation_time_total": 0.0, "samples": 60000, "num_workers": 1, "done": false, "timesteps_total": null, "episodes_total": null, "training_iteration": 40, "neg_mean_loss": -0.7451103954315186, "experiment_id": "3c1618f3d1d24ef4b5c9be96e71b04eb", "date": "2019-05-30_15-27-38", "timestamp": 1559255258, "time_this_iter_s": 8.046168565750122, "time_total_s": 308.78644323349, "pid": 21971, "hostname": "steropes", "node_ip": "169.229.49.254", "config": {"starting_lr": 0.001, "momentum": 0.997, "weight_decay": 0.0001, "steps_per_iteration": null, "pin": false, "model_creator": null, "target_batch_size": 1024, "model_string": "resnet18", "min_batch_size": 512, "dataset": "CIFAR", "placement": null, "use_nccl": true, "devices_per_worker": 1, "primary_resource": "extra_gpu", "gpu": false, "verbose": false, "lr_config": {"mode": "log", "steps": 5, "initial_lr": 0.001, "target_lr": 0.001}, "batch_per_device": 1024}, "time_since_restore": 308.78644323349, "timesteps_since_restore": 0, "iterations_since_restore": 40, "mean_throughput": 7826.985523645509, "atoms": 1}
{"apply": 0.008127236366271972, "batch_time": 0.1206981897354126, "d2h": 0.004501605033874511, "data_time": 0.05194459156114228, "fwd": 0.020591306686401366, "get_state_time_mean": NaN, "get_state_time_total": 0.0, "grad": 0.04250214099884033, "mean_accuracy": 0.7540000081062317, "mean_loss": 0.7265064690589905, "neg_mean_accuracy": -0.7540000081062317, "set_state_time_mean": NaN, "set_state_time_total": 0.0, "setup_model_time_mean": NaN, "setup_model_time_total": 0.0, "setup_proc_time_mean": NaN, "setup_proc_time_total": 0.0, "train_accuracy": 0.7905799746513367, "train_loss": 0.5831354846382141, "training_time_mean": NaN, "training_time_total": 0.0, "validation_time_mean": NaN, "validation_time_total": 0.0, "samples": 60000, "num_workers": 1, "done": false, "timesteps_total": null, "episodes_total": null, "training_iteration": 41, "neg_mean_loss": -0.7265064690589905, "experiment_id": "3c1618f3d1d24ef4b5c9be96e71b04eb", "date": "2019-05-30_15-27-46", "timestamp": 1559255266, "time_this_iter_s": 7.702555894851685, "time_total_s": 316.4889991283417, "pid": 21971, "hostname": "steropes", "node_ip": "169.229.49.254", "config": {"starting_lr": 0.001, "momentum": 0.997, "weight_decay": 0.0001, "steps_per_iteration": null, "pin": false, "model_creator": null, "target_batch_size": 1024, "model_string": "resnet18", "min_batch_size": 512, "dataset": "CIFAR", "placement": null, "use_nccl": true, "devices_per_worker": 1, "primary_resource": "extra_gpu", "gpu": false, "verbose": false, "lr_config": {"mode": "log", "steps": 5, "initial_lr": 0.001, "target_lr": 0.001}, "batch_per_device": 1024}, "time_since_restore": 316.4889991283417, "timesteps_since_restore": 0, "iterations_since_restore": 41, "mean_throughput": 7776.9805230239235, "atoms": 1}
{"apply": 0.0074193477630615234, "batch_time": 0.12080140113830566, "d2h": 0.004877614974975586, "data_time": 0.055946948576946647, "fwd": 0.021056342124938964, "get_state_time_mean": NaN, "get_state_time_total": 0.0, "grad": 0.04225115776062012, "mean_accuracy": 0.75409996509552, "mean_loss": 0.7424422444343567, "neg_mean_accuracy": -0.75409996509552, "set_state_time_mean": NaN, "set_state_time_total": 0.0, "setup_model_time_mean": NaN, "setup_model_time_total": 0.0, "setup_proc_time_mean": NaN, "setup_proc_time_total": 0.0, "train_accuracy": 0.7981799840927124, "train_loss": 0.5659895413017273, "training_time_mean": NaN, "training_time_total": 0.0, "validation_time_mean": NaN, "validation_time_total": 0.0, "samples": 60000, "num_workers": 1, "done": false, "timesteps_total": null, "episodes_total": null, "training_iteration": 42, "neg_mean_loss": -0.7424422444343567, "experiment_id": "3c1618f3d1d24ef4b5c9be96e71b04eb", "date": "2019-05-30_15-27-54", "timestamp": 1559255274, "time_this_iter_s": 7.9081642627716064, "time_total_s": 324.3971633911133, "pid": 21971, "hostname": "steropes", "node_ip": "169.229.49.254", "config": {"starting_lr": 0.001, "momentum": 0.997, "weight_decay": 0.0001, "steps_per_iteration": null, "pin": false, "model_creator": null, "target_batch_size": 1024, "model_string": "resnet18", "min_batch_size": 512, "dataset": "CIFAR", "placement": null, "use_nccl": true, "devices_per_worker": 1, "primary_resource": "extra_gpu", "gpu": false, "verbose": false, "lr_config": {"mode": "log", "steps": 5, "initial_lr": 0.001, "target_lr": 0.001}, "batch_per_device": 1024}, "time_since_restore": 324.3971633911133, "timesteps_since_restore": 0, "iterations_since_restore": 42, "mean_throughput": 7734.594986162336, "atoms": 1}
{"apply": 0.0073833465576171875, "batch_time": 0.12256071567535401, "d2h": 0.0045654535293579105, "data_time": 0.05872929339506188, "fwd": 0.021091055870056153, "get_state_time_mean": NaN, "get_state_time_total": 0.0, "grad": 0.04285333156585693, "mean_accuracy": 0.7567999958992004, "mean_loss": 0.7330305839538575, "neg_mean_accuracy": -0.7567999958992004, "set_state_time_mean": NaN, "set_state_time_total": 0.0, "setup_model_time_mean": NaN, "setup_model_time_total": 0.0, "setup_proc_time_mean": NaN, "setup_proc_time_total": 0.0, "train_accuracy": 0.8021000027656555, "train_loss": 0.554678680858612, "training_time_mean": NaN, "training_time_total": 0.0, "validation_time_mean": NaN, "validation_time_total": 0.0, "samples": 60000, "num_workers": 1, "done": false, "timesteps_total": null, "episodes_total": null, "training_iteration": 43, "neg_mean_loss": -0.7330305839538575, "experiment_id": "3c1618f3d1d24ef4b5c9be96e71b04eb", "date": "2019-05-30_15-28-02", "timestamp": 1559255282, "time_this_iter_s": 8.042227745056152, "time_total_s": 332.43939113616943, "pid": 21971, "hostname": "steropes", "node_ip": "169.229.49.254", "config": {"starting_lr": 0.001, "momentum": 0.997, "weight_decay": 0.0001, "steps_per_iteration": null, "pin": false, "model_creator": null, "target_batch_size": 1024, "model_string": "resnet18", "min_batch_size": 512, "dataset": "CIFAR", "placement": null, "use_nccl": true, "devices_per_worker": 1, "primary_resource": "extra_gpu", "gpu": false, "verbose": false, "lr_config": {"mode": "log", "steps": 5, "initial_lr": 0.001, "target_lr": 0.001}, "batch_per_device": 1024}, "time_since_restore": 332.43939113616943, "timesteps_since_restore": 0, "iterations_since_restore": 43, "mean_throughput": 7603.349199949615, "atoms": 1}
{"apply": 0.007522130012512207, "batch_time": 0.1326836347579956, "d2h": 0.004638314247131348, "data_time": 0.0555515143336082, "fwd": 0.020967936515808104, "get_state_time_mean": NaN, "get_state_time_total": 0.0, "grad": 0.04275050163269043, "mean_accuracy": 0.7586999535560608, "mean_loss": 0.721146630859375, "neg_mean_accuracy": -0.7586999535560608, "set_state_time_mean": NaN, "set_state_time_total": 0.0, "setup_model_time_mean": NaN, "setup_model_time_total": 0.0, "setup_proc_time_mean": NaN, "setup_proc_time_total": 0.0, "train_accuracy": 0.803059995174408, "train_loss": 0.5467133964920043, "training_time_mean": NaN, "training_time_total": 0.0, "validation_time_mean": NaN, "validation_time_total": 0.0, "samples": 60000, "num_workers": 1, "done": false, "timesteps_total": null, "episodes_total": null, "training_iteration": 44, "neg_mean_loss": -0.721146630859375, "experiment_id": "3c1618f3d1d24ef4b5c9be96e71b04eb", "date": "2019-05-30_15-28-10", "timestamp": 1559255290, "time_this_iter_s": 8.003099918365479, "time_total_s": 340.4424910545349, "pid": 21971, "hostname": "steropes", "node_ip": "169.229.49.254", "config": {"starting_lr": 0.001, "momentum": 0.997, "weight_decay": 0.0001, "steps_per_iteration": null, "pin": false, "model_creator": null, "target_batch_size": 1024, "model_string": "resnet18", "min_batch_size": 512, "dataset": "CIFAR", "placement": null, "use_nccl": true, "devices_per_worker": 1, "primary_resource": "extra_gpu", "gpu": false, "verbose": false, "lr_config": {"mode": "log", "steps": 5, "initial_lr": 0.001, "target_lr": 0.001}, "batch_per_device": 1024}, "time_since_restore": 340.4424910545349, "timesteps_since_restore": 0, "iterations_since_restore": 44, "mean_throughput": 7556.1765692945755, "atoms": 1}
{"apply": 0.0073277950286865234, "batch_time": 0.12097651958465576, "d2h": 0.004640126228332519, "data_time": 0.04475595999737175, "fwd": 0.020816802978515625, "get_state_time_mean": NaN, "get_state_time_total": 0.0, "grad": 0.04359571933746338, "mean_accuracy": 0.7638999819755554, "mean_loss": 0.7081610907554626, "neg_mean_accuracy": -0.7638999819755554, "set_state_time_mean": NaN, "set_state_time_total": 0.0, "setup_model_time_mean": NaN, "setup_model_time_total": 0.0, "setup_proc_time_mean": NaN, "setup_proc_time_total": 0.0, "train_accuracy": 0.8077200055122375, "train_loss": 0.5363039501380921, "training_time_mean": NaN, "training_time_total": 0.0, "validation_time_mean": NaN, "validation_time_total": 0.0, "samples": 60000, "num_workers": 1, "done": false, "timesteps_total": null, "episodes_total": null, "training_iteration": 45, "neg_mean_loss": -0.7081610907554626, "experiment_id": "3c1618f3d1d24ef4b5c9be96e71b04eb", "date": "2019-05-30_15-28-17", "timestamp": 1559255297, "time_this_iter_s": 7.368061542510986, "time_total_s": 347.8105525970459, "pid": 21971, "hostname": "steropes", "node_ip": "169.229.49.254", "config": {"starting_lr": 0.001, "momentum": 0.997, "weight_decay": 0.0001, "steps_per_iteration": null, "pin": false, "model_creator": null, "target_batch_size": 1024, "model_string": "resnet18", "min_batch_size": 512, "dataset": "CIFAR", "placement": null, "use_nccl": true, "devices_per_worker": 1, "primary_resource": "extra_gpu", "gpu": false, "verbose": false, "lr_config": {"mode": "log", "steps": 5, "initial_lr": 0.001, "target_lr": 0.001}, "batch_per_device": 1024}, "time_since_restore": 347.8105525970459, "timesteps_since_restore": 0, "iterations_since_restore": 45, "mean_throughput": 7687.475347197511, "atoms": 1}
{"apply": 0.007177925109863282, "batch_time": 0.11912450790405274, "d2h": 0.0045790433883666996, "data_time": 0.06192255993278659, "fwd": 0.020739126205444335, "get_state_time_mean": NaN, "get_state_time_total": 0.0, "grad": 0.04230010509490967, "mean_accuracy": 0.7638999819755554, "mean_loss": 0.721921044921875, "neg_mean_accuracy": -0.7638999819755554, "set_state_time_mean": NaN, "set_state_time_total": 0.0, "setup_model_time_mean": NaN, "setup_model_time_total": 0.0, "setup_proc_time_mean": NaN, "setup_proc_time_total": 0.0, "train_accuracy": 0.8146799802780151, "train_loss": 0.515800069026947, "training_time_mean": NaN, "training_time_total": 0.0, "validation_time_mean": NaN, "validation_time_total": 0.0, "samples": 60000, "num_workers": 1, "done": false, "timesteps_total": null, "episodes_total": null, "training_iteration": 46, "neg_mean_loss": -0.721921044921875, "experiment_id": "3c1618f3d1d24ef4b5c9be96e71b04eb", "date": "2019-05-30_15-28-25", "timestamp": 1559255305, "time_this_iter_s": 8.171572923660278, "time_total_s": 355.9821255207062, "pid": 21971, "hostname": "steropes", "node_ip": "169.229.49.254", "config": {"starting_lr": 0.001, "momentum": 0.997, "weight_decay": 0.0001, "steps_per_iteration": null, "pin": false, "model_creator": null, "target_batch_size": 1024, "model_string": "resnet18", "min_batch_size": 512, "dataset": "CIFAR", "placement": null, "use_nccl": true, "devices_per_worker": 1, "primary_resource": "extra_gpu", "gpu": false, "verbose": false, "lr_config": {"mode": "log", "steps": 5, "initial_lr": 0.001, "target_lr": 0.001}, "batch_per_device": 1024}, "time_since_restore": 355.9821255207062, "timesteps_since_restore": 0, "iterations_since_restore": 46, "mean_throughput": 7596.177819031, "atoms": 1}
{"apply": 0.007499957084655761, "batch_time": 0.12017853260040283, "d2h": 0.004551053047180176, "data_time": 0.053410627404037785, "fwd": 0.021092486381530762, "get_state_time_mean": NaN, "get_state_time_total": 0.0, "grad": 0.04317448139190674, "mean_accuracy": 0.7652999758720398, "mean_loss": 0.7224492267608642, "neg_mean_accuracy": -0.7652999758720398, "set_state_time_mean": NaN, "set_state_time_total": 0.0, "setup_model_time_mean": NaN, "setup_model_time_total": 0.0, "setup_proc_time_mean": NaN, "setup_proc_time_total": 0.0, "train_accuracy": 0.8162999749183655, "train_loss": 0.5109814726257325, "training_time_mean": NaN, "training_time_total": 0.0, "validation_time_mean": NaN, "validation_time_total": 0.0, "samples": 60000, "num_workers": 1, "done": false, "timesteps_total": null, "episodes_total": null, "training_iteration": 47, "neg_mean_loss": -0.7224492267608642, "experiment_id": "3c1618f3d1d24ef4b5c9be96e71b04eb", "date": "2019-05-30_15-28-33", "timestamp": 1559255313, "time_this_iter_s": 7.768519401550293, "time_total_s": 363.75064492225647, "pid": 21971, "hostname": "steropes", "node_ip": "169.229.49.254", "config": {"starting_lr": 0.001, "momentum": 0.997, "weight_decay": 0.0001, "steps_per_iteration": null, "pin": false, "model_creator": null, "target_batch_size": 1024, "model_string": "resnet18", "min_batch_size": 512, "dataset": "CIFAR", "placement": null, "use_nccl": true, "devices_per_worker": 1, "primary_resource": "extra_gpu", "gpu": false, "verbose": false, "lr_config": {"mode": "log", "steps": 5, "initial_lr": 0.001, "target_lr": 0.001}, "batch_per_device": 1024}, "time_since_restore": 363.75064492225647, "timesteps_since_restore": 0, "iterations_since_restore": 47, "mean_throughput": 7623.132104502259, "atoms": 1}
{"apply": 0.007582283020019532, "batch_time": 0.12115259170532226, "d2h": 0.004590582847595215, "data_time": 0.04563029931516063, "fwd": 0.02070779800415039, "get_state_time_mean": NaN, "get_state_time_total": 0.0, "grad": 0.0439892053604126, "mean_accuracy": 0.7644000053405762, "mean_loss": 0.7204709419250488, "neg_mean_accuracy": -0.7644000053405762, "set_state_time_mean": NaN, "set_state_time_total": 0.0, "setup_model_time_mean": NaN, "setup_model_time_total": 0.0, "setup_proc_time_mean": NaN, "setup_proc_time_total": 0.0, "train_accuracy": 0.8186999559402466, "train_loss": 0.5034685733985901, "training_time_mean": NaN, "training_time_total": 0.0, "validation_time_mean": NaN, "validation_time_total": 0.0, "samples": 60000, "num_workers": 1, "done": false, "timesteps_total": null, "episodes_total": null, "training_iteration": 48, "neg_mean_loss": -0.7204709419250488, "experiment_id": "3c1618f3d1d24ef4b5c9be96e71b04eb", "date": "2019-05-30_15-28-40", "timestamp": 1559255320, "time_this_iter_s": 7.424371004104614, "time_total_s": 371.1750159263611, "pid": 21971, "hostname": "steropes", "node_ip": "169.229.49.254", "config": {"starting_lr": 0.001, "momentum": 0.997, "weight_decay": 0.0001, "steps_per_iteration": null, "pin": false, "model_creator": null, "target_batch_size": 1024, "model_string": "resnet18", "min_batch_size": 512, "dataset": "CIFAR", "placement": null, "use_nccl": true, "devices_per_worker": 1, "primary_resource": "extra_gpu", "gpu": false, "verbose": false, "lr_config": {"mode": "log", "steps": 5, "initial_lr": 0.001, "target_lr": 0.001}, "batch_per_device": 1024}, "time_since_restore": 371.1750159263611, "timesteps_since_restore": 0, "iterations_since_restore": 48, "mean_throughput": 7744.726371019574, "atoms": 1}
{"apply": 0.007098937034606933, "batch_time": 0.13866181373596193, "d2h": 0.004544568061828613, "data_time": 0.045506895804891784, "fwd": 0.020743894577026366, "get_state_time_mean": NaN, "get_state_time_total": 0.0, "grad": 0.04288084506988525, "mean_accuracy": 0.7665999531745911, "mean_loss": 0.7197643327713013, "neg_mean_accuracy": -0.7665999531745911, "set_state_time_mean": NaN, "set_state_time_total": 0.0, "setup_model_time_mean": NaN, "setup_model_time_total": 0.0, "setup_proc_time_mean": NaN, "setup_proc_time_total": 0.0, "train_accuracy": 0.821399986743927, "train_loss": 0.494998404378891, "training_time_mean": NaN, "training_time_total": 0.0, "validation_time_mean": NaN, "validation_time_total": 0.0, "samples": 60000, "num_workers": 1, "done": false, "timesteps_total": null, "episodes_total": null, "training_iteration": 49, "neg_mean_loss": -0.7197643327713013, "experiment_id": "3c1618f3d1d24ef4b5c9be96e71b04eb", "date": "2019-05-30_15-28-48", "timestamp": 1559255328, "time_this_iter_s": 7.678585529327393, "time_total_s": 378.8536014556885, "pid": 21971, "hostname": "steropes", "node_ip": "169.229.49.254", "config": {"starting_lr": 0.001, "momentum": 0.997, "weight_decay": 0.0001, "steps_per_iteration": null, "pin": false, "model_creator": null, "target_batch_size": 1024, "model_string": "resnet18", "min_batch_size": 512, "dataset": "CIFAR", "placement": null, "use_nccl": true, "devices_per_worker": 1, "primary_resource": "extra_gpu", "gpu": false, "verbose": false, "lr_config": {"mode": "log", "steps": 5, "initial_lr": 0.001, "target_lr": 0.001}, "batch_per_device": 1024}, "time_since_restore": 378.8536014556885, "timesteps_since_restore": 0, "iterations_since_restore": 49, "mean_throughput": 7810.1587457056785, "atoms": 1}
{"apply": 0.007300162315368652, "batch_time": 0.12142891883850097, "d2h": 0.0048639774322509766, "data_time": 0.05254340171813965, "fwd": 0.021106767654418945, "get_state_time_mean": NaN, "get_state_time_total": 0.0, "grad": 0.04346380233764648, "mean_accuracy": 0.7602999806404114, "mean_loss": 0.7291538044929504, "neg_mean_accuracy": -0.7602999806404114, "set_state_time_mean": NaN, "set_state_time_total": 0.0, "setup_model_time_mean": NaN, "setup_model_time_total": 0.0, "setup_proc_time_mean": NaN, "setup_proc_time_total": 0.0, "train_accuracy": 0.8254799842834473, "train_loss": 0.4867770318031311, "training_time_mean": NaN, "training_time_total": 0.0, "validation_time_mean": NaN, "validation_time_total": 0.0, "samples": 60000, "num_workers": 1, "done": false, "timesteps_total": null, "episodes_total": null, "training_iteration": 50, "neg_mean_loss": -0.7291538044929504, "experiment_id": "3c1618f3d1d24ef4b5c9be96e71b04eb", "date": "2019-05-30_15-28-56", "timestamp": 1559255336, "time_this_iter_s": 7.769698143005371, "time_total_s": 386.62329959869385, "pid": 21971, "hostname": "steropes", "node_ip": "169.229.49.254", "config": {"starting_lr": 0.001, "momentum": 0.997, "weight_decay": 0.0001, "steps_per_iteration": null, "pin": false, "model_creator": null, "target_batch_size": 1024, "model_string": "resnet18", "min_batch_size": 512, "dataset": "CIFAR", "placement": null, "use_nccl": true, "devices_per_worker": 1, "primary_resource": "extra_gpu", "gpu": false, "verbose": false, "lr_config": {"mode": "log", "steps": 5, "initial_lr": 0.001, "target_lr": 0.001}, "batch_per_device": 1024}, "time_since_restore": 386.62329959869385, "timesteps_since_restore": 0, "iterations_since_restore": 50, "mean_throughput": 7729.340308015782, "atoms": 1}
{"apply": 0.007135772705078125, "batch_time": 0.11963233947753907, "d2h": 0.0048342466354370115, "data_time": 0.046955132971004565, "fwd": 0.021126389503479004, "get_state_time_mean": NaN, "get_state_time_total": 0.0, "grad": 0.04316370487213135, "mean_accuracy": 0.76419997215271, "mean_loss": 0.7332930044174194, "neg_mean_accuracy": -0.76419997215271, "set_state_time_mean": NaN, "set_state_time_total": 0.0, "setup_model_time_mean": NaN, "setup_model_time_total": 0.0, "setup_proc_time_mean": NaN, "setup_proc_time_total": 0.0, "train_accuracy": 0.8306399583816528, "train_loss": 0.4750970263004303, "training_time_mean": NaN, "training_time_total": 0.0, "validation_time_mean": NaN, "validation_time_total": 0.0, "samples": 60000, "num_workers": 1, "done": false, "timesteps_total": null, "episodes_total": null, "training_iteration": 51, "neg_mean_loss": -0.7332930044174194, "experiment_id": "3c1618f3d1d24ef4b5c9be96e71b04eb", "date": "2019-05-30_15-29-03", "timestamp": 1559255343, "time_this_iter_s": 7.482368230819702, "time_total_s": 394.10566782951355, "pid": 21971, "hostname": "steropes", "node_ip": "169.229.49.254", "config": {"starting_lr": 0.001, "momentum": 0.997, "weight_decay": 0.0001, "steps_per_iteration": null, "pin": false, "model_creator": null, "target_batch_size": 1024, "model_string": "resnet18", "min_batch_size": 512, "dataset": "CIFAR", "placement": null, "use_nccl": true, "devices_per_worker": 1, "primary_resource": "extra_gpu", "gpu": false, "verbose": false, "lr_config": {"mode": "log", "steps": 5, "initial_lr": 0.001, "target_lr": 0.001}, "batch_per_device": 1024}, "time_since_restore": 394.10566782951355, "timesteps_since_restore": 0, "iterations_since_restore": 51, "mean_throughput": 7869.07419954108, "atoms": 1}
{"apply": 0.0072984457015991214, "batch_time": 0.11922998428344726, "d2h": 0.004388833045959472, "data_time": 0.0465846840216189, "fwd": 0.020589661598205567, "get_state_time_mean": NaN, "get_state_time_total": 0.0, "grad": 0.04300777912139893, "mean_accuracy": 0.7669000029563904, "mean_loss": 0.7193985156059265, "neg_mean_accuracy": -0.7669000029563904, "set_state_time_mean": NaN, "set_state_time_total": 0.0, "setup_model_time_mean": NaN, "setup_model_time_total": 0.0, "setup_proc_time_mean": NaN, "setup_proc_time_total": 0.0, "train_accuracy": 0.8316599726676941, "train_loss": 0.4676705956840515, "training_time_mean": NaN, "training_time_total": 0.0, "validation_time_mean": NaN, "validation_time_total": 0.0, "samples": 60000, "num_workers": 1, "done": true, "timesteps_total": null, "episodes_total": null, "training_iteration": 52, "neg_mean_loss": -0.7193985156059265, "experiment_id": "3c1618f3d1d24ef4b5c9be96e71b04eb", "date": "2019-05-30_15-29-11", "timestamp": 1559255351, "time_this_iter_s": 7.41858696937561, "time_total_s": 401.52425479888916, "pid": 21971, "hostname": "steropes", "node_ip": "169.229.49.254", "config": {"starting_lr": 0.001, "momentum": 0.997, "weight_decay": 0.0001, "steps_per_iteration": null, "pin": false, "model_creator": null, "target_batch_size": 1024, "model_string": "resnet18", "min_batch_size": 512, "dataset": "CIFAR", "placement": null, "use_nccl": true, "devices_per_worker": 1, "primary_resource": "extra_gpu", "gpu": false, "verbose": false, "lr_config": {"mode": "log", "steps": 5, "initial_lr": 0.001, "target_lr": 0.001}, "batch_per_device": 1024}, "time_since_restore": 401.52425479888916, "timesteps_since_restore": 0, "iterations_since_restore": 52, "mean_throughput": 7941.973790394312, "atoms": 1}
