{"apply": 0.007709956169128418, "batch_time": 0.193277907371521, "d2h": 0.005388712882995606, "data_time": 0.032302272563077966, "fwd": 0.09767076969146729, "get_state_time_mean": NaN, "get_state_time_total": 0.0, "grad": 0.19699790477752685, "mean_accuracy": 0.1599999964237213, "mean_loss": 3.9869054698944093, "neg_mean_accuracy": -0.1599999964237213, "set_state_time_mean": NaN, "set_state_time_total": 0.0, "setup_model_time_mean": 9.967289447784424, "setup_model_time_total": 9.967289447784424, "setup_proc_time_mean": 0.15365028381347656, "setup_proc_time_total": 0.15365028381347656, "train_accuracy": 0.05515999719500542, "train_loss": 5.999624960021973, "training_time_mean": NaN, "training_time_total": 0.0, "validation_time_mean": NaN, "validation_time_total": 0.0, "samples": 60000, "num_workers": 1, "done": false, "timesteps_total": null, "episodes_total": null, "training_iteration": 1, "neg_mean_loss": -3.9869054698944093, "experiment_id": "16505833ad1e4e10812405f138773e6b", "date": "2019-05-30_14-58-35", "timestamp": 1559253515, "time_this_iter_s": 12.100830554962158, "time_total_s": 12.100830554962158, "pid": 27565, "hostname": "steropes", "node_ip": "169.229.49.254", "config": {"starting_lr": 0.0001, "momentum": 0.99, "weight_decay": 0.005, "steps_per_iteration": null, "pin": false, "model_creator": null, "target_batch_size": 1024, "model_string": "resnet18", "min_batch_size": 512, "dataset": "CIFAR", "placement": null, "use_nccl": true, "devices_per_worker": 1, "primary_resource": "extra_gpu", "gpu": false, "verbose": false, "lr_config": {"mode": "log", "steps": 5, "initial_lr": 0.0001, "target_lr": 0.0001}, "batch_per_device": 1024}, "time_since_restore": 12.100830554962158, "timesteps_since_restore": 0, "iterations_since_restore": 1, "mean_throughput": 4958.272962696783, "atoms": 1, "resource_time": 12.100830554962158}
{"apply": 0.009790825843811034, "batch_time": 0.12259912490844727, "d2h": 0.005562686920166015, "data_time": 0.027882298644708127, "fwd": 0.026857852935791016, "get_state_time_mean": NaN, "get_state_time_total": 0.0, "grad": 0.05456159114837646, "mean_accuracy": 0.2572999894618988, "mean_loss": 2.057864680480957, "neg_mean_accuracy": -0.2572999894618988, "set_state_time_mean": NaN, "set_state_time_total": 0.0, "setup_model_time_mean": NaN, "setup_model_time_total": 0.0, "setup_proc_time_mean": NaN, "setup_proc_time_total": 0.0, "train_accuracy": 0.21069999039173126, "train_loss": 2.5306917501831054, "training_time_mean": NaN, "training_time_total": 0.0, "validation_time_mean": NaN, "validation_time_total": 0.0, "samples": 60000, "num_workers": 1, "done": false, "timesteps_total": null, "episodes_total": null, "training_iteration": 2, "neg_mean_loss": -2.057864680480957, "experiment_id": "16505833ad1e4e10812405f138773e6b", "date": "2019-05-30_14-58-43", "timestamp": 1559253523, "time_this_iter_s": 7.836917161941528, "time_total_s": 19.937747716903687, "pid": 27565, "hostname": "steropes", "node_ip": "169.229.49.254", "config": {"starting_lr": 0.0001, "momentum": 0.99, "weight_decay": 0.005, "steps_per_iteration": null, "pin": false, "model_creator": null, "target_batch_size": 1024, "model_string": "resnet18", "min_batch_size": 512, "dataset": "CIFAR", "placement": null, "use_nccl": true, "devices_per_worker": 1, "primary_resource": "extra_gpu", "gpu": false, "verbose": false, "lr_config": {"mode": "log", "steps": 5, "initial_lr": 0.0001, "target_lr": 0.0001}, "batch_per_device": 1024}, "time_since_restore": 19.937747716903687, "timesteps_since_restore": 0, "iterations_since_restore": 2, "mean_throughput": 6018.66166471233, "atoms": 1, "resource_time": 19.937747716903687}
{"apply": 0.007511281967163086, "batch_time": 0.12735304832458497, "d2h": 0.005403590202331543, "data_time": 0.029957854017919422, "fwd": 0.02277545928955078, "get_state_time_mean": NaN, "get_state_time_total": 0.0, "grad": 0.043544578552246097, "mean_accuracy": 0.3089999854564667, "mean_loss": 1.8966800662994385, "neg_mean_accuracy": -0.3089999854564667, "set_state_time_mean": NaN, "set_state_time_total": 0.0, "setup_model_time_mean": NaN, "setup_model_time_total": 0.0, "setup_proc_time_mean": NaN, "setup_proc_time_total": 0.0, "train_accuracy": 0.2672799825668335, "train_loss": 2.023489127807617, "training_time_mean": NaN, "training_time_total": 0.0, "validation_time_mean": NaN, "validation_time_total": 0.0, "samples": 60000, "num_workers": 1, "done": false, "timesteps_total": null, "episodes_total": null, "training_iteration": 3, "neg_mean_loss": -1.8966800662994385, "experiment_id": "16505833ad1e4e10812405f138773e6b", "date": "2019-05-30_14-58-51", "timestamp": 1559253531, "time_this_iter_s": 8.257856845855713, "time_total_s": 28.1956045627594, "pid": 27565, "hostname": "steropes", "node_ip": "169.229.49.254", "config": {"starting_lr": 0.0001, "momentum": 0.99, "weight_decay": 0.005, "steps_per_iteration": null, "pin": false, "model_creator": null, "target_batch_size": 1024, "model_string": "resnet18", "min_batch_size": 512, "dataset": "CIFAR", "placement": null, "use_nccl": true, "devices_per_worker": 1, "primary_resource": "extra_gpu", "gpu": false, "verbose": false, "lr_config": {"mode": "log", "steps": 5, "initial_lr": 0.0001, "target_lr": 0.0001}, "batch_per_device": 1024}, "time_since_restore": 28.1956045627594, "timesteps_since_restore": 0, "iterations_since_restore": 3, "mean_throughput": 6383.880869648642, "atoms": 1, "resource_time": 28.1956045627594}
{"apply": 0.009848237037658691, "batch_time": 0.13690969944000245, "d2h": 0.006362652778625489, "data_time": 0.029577805071460957, "fwd": 0.02543022632598877, "get_state_time_mean": NaN, "get_state_time_total": 0.0, "grad": 0.05362248420715332, "mean_accuracy": 0.3432999849319458, "mean_loss": 1.7953252225875855, "neg_mean_accuracy": -0.3432999849319458, "set_state_time_mean": NaN, "set_state_time_total": 0.0, "setup_model_time_mean": NaN, "setup_model_time_total": 0.0, "setup_proc_time_mean": NaN, "setup_proc_time_total": 0.0, "train_accuracy": 0.3089199960231781, "train_loss": 1.8805476237869263, "training_time_mean": NaN, "training_time_total": 0.0, "validation_time_mean": NaN, "validation_time_total": 0.0, "samples": 60000, "num_workers": 1, "done": false, "timesteps_total": null, "episodes_total": null, "training_iteration": 4, "neg_mean_loss": -1.7953252225875855, "experiment_id": "16505833ad1e4e10812405f138773e6b", "date": "2019-05-30_14-59-00", "timestamp": 1559253540, "time_this_iter_s": 8.670630931854248, "time_total_s": 36.86623549461365, "pid": 27565, "hostname": "steropes", "node_ip": "169.229.49.254", "config": {"starting_lr": 0.0001, "momentum": 0.99, "weight_decay": 0.005, "steps_per_iteration": null, "pin": false, "model_creator": null, "target_batch_size": 1024, "model_string": "resnet18", "min_batch_size": 512, "dataset": "CIFAR", "placement": null, "use_nccl": true, "devices_per_worker": 1, "primary_resource": "extra_gpu", "gpu": false, "verbose": false, "lr_config": {"mode": "log", "steps": 5, "initial_lr": 0.0001, "target_lr": 0.0001}, "batch_per_device": 1024}, "time_since_restore": 36.86623549461365, "timesteps_since_restore": 0, "iterations_since_restore": 4, "mean_throughput": 6509.934150479437, "atoms": 1, "resource_time": 36.86623549461365}
{"apply": 0.0082977294921875, "batch_time": 0.15422489643096923, "d2h": 0.005469679832458496, "data_time": 0.04065797766860651, "fwd": 0.02863633632659912, "get_state_time_mean": NaN, "get_state_time_total": 0.0, "grad": 0.04655601978302002, "mean_accuracy": 0.3791999816894531, "mean_loss": 1.6852499837875365, "neg_mean_accuracy": -0.3791999816894531, "set_state_time_mean": NaN, "set_state_time_total": 0.0, "setup_model_time_mean": NaN, "setup_model_time_total": 0.0, "setup_proc_time_mean": NaN, "setup_proc_time_total": 0.0, "train_accuracy": 0.344760000705719, "train_loss": 1.782003091506958, "training_time_mean": NaN, "training_time_total": 0.0, "validation_time_mean": NaN, "validation_time_total": 0.0, "samples": 60000, "num_workers": 1, "done": false, "timesteps_total": null, "episodes_total": null, "training_iteration": 5, "neg_mean_loss": -1.6852499837875365, "experiment_id": "16505833ad1e4e10812405f138773e6b", "date": "2019-05-30_14-59-09", "timestamp": 1559253549, "time_this_iter_s": 8.839525699615479, "time_total_s": 45.705761194229126, "pid": 27565, "hostname": "steropes", "node_ip": "169.229.49.254", "config": {"starting_lr": 0.0001, "momentum": 0.99, "weight_decay": 0.005, "steps_per_iteration": null, "pin": false, "model_creator": null, "target_batch_size": 1024, "model_string": "resnet18", "min_batch_size": 512, "dataset": "CIFAR", "placement": null, "use_nccl": true, "devices_per_worker": 1, "primary_resource": "extra_gpu", "gpu": false, "verbose": false, "lr_config": {"mode": "log", "steps": 5, "initial_lr": 0.0001, "target_lr": 0.0001}, "batch_per_device": 1024}, "time_since_restore": 45.705761194229126, "timesteps_since_restore": 0, "iterations_since_restore": 5, "mean_throughput": 6563.638469698297, "atoms": 1, "resource_time": 45.705761194229126}
{"apply": 0.007511043548583984, "batch_time": 0.1468564510345459, "d2h": 0.004901361465454101, "data_time": 0.037635238803162864, "fwd": 0.02570779323577881, "get_state_time_mean": NaN, "get_state_time_total": 0.0, "grad": 0.0466672420501709, "mean_accuracy": 0.39399999380111694, "mean_loss": 1.6463446798324586, "neg_mean_accuracy": -0.39399999380111694, "set_state_time_mean": NaN, "set_state_time_total": 0.0, "setup_model_time_mean": NaN, "setup_model_time_total": 0.0, "setup_proc_time_mean": NaN, "setup_proc_time_total": 0.0, "train_accuracy": 0.3623799979686737, "train_loss": 1.716358517112732, "training_time_mean": NaN, "training_time_total": 0.0, "validation_time_mean": NaN, "validation_time_total": 0.0, "samples": 60000, "num_workers": 1, "done": false, "timesteps_total": null, "episodes_total": null, "training_iteration": 6, "neg_mean_loss": -1.6463446798324586, "experiment_id": "16505833ad1e4e10812405f138773e6b", "date": "2019-05-30_14-59-18", "timestamp": 1559253558, "time_this_iter_s": 8.849232196807861, "time_total_s": 54.55499339103699, "pid": 27565, "hostname": "steropes", "node_ip": "169.229.49.254", "config": {"starting_lr": 0.0001, "momentum": 0.99, "weight_decay": 0.005, "steps_per_iteration": null, "pin": false, "model_creator": null, "target_batch_size": 1024, "model_string": "resnet18", "min_batch_size": 512, "dataset": "CIFAR", "placement": null, "use_nccl": true, "devices_per_worker": 1, "primary_resource": "extra_gpu", "gpu": false, "verbose": false, "lr_config": {"mode": "log", "steps": 5, "initial_lr": 0.0001, "target_lr": 0.0001}, "batch_per_device": 1024}, "time_since_restore": 54.55499339103699, "timesteps_since_restore": 0, "iterations_since_restore": 6, "mean_throughput": 7066.339243285749, "atoms": 1, "resource_time": 54.55499339103699}
{"apply": 0.007575845718383789, "batch_time": 0.13130419254302977, "d2h": 0.004770970344543457, "data_time": 0.04033592769077846, "fwd": 0.022885513305664063, "get_state_time_mean": NaN, "get_state_time_total": 0.0, "grad": 0.052688074111938474, "mean_accuracy": 0.4227999746799469, "mean_loss": 1.5743196369171142, "neg_mean_accuracy": -0.4227999746799469, "set_state_time_mean": NaN, "set_state_time_total": 0.0, "setup_model_time_mean": NaN, "setup_model_time_total": 0.0, "setup_proc_time_mean": NaN, "setup_proc_time_total": 0.0, "train_accuracy": 0.38961997628211975, "train_loss": 1.659330348587036, "training_time_mean": NaN, "training_time_total": 0.0, "validation_time_mean": NaN, "validation_time_total": 0.0, "samples": 60000, "num_workers": 1, "done": false, "timesteps_total": null, "episodes_total": null, "training_iteration": 7, "neg_mean_loss": -1.5743196369171142, "experiment_id": "16505833ad1e4e10812405f138773e6b", "date": "2019-05-30_14-59-26", "timestamp": 1559253566, "time_this_iter_s": 8.486412286758423, "time_total_s": 63.04140567779541, "pid": 27565, "hostname": "steropes", "node_ip": "169.229.49.254", "config": {"starting_lr": 0.0001, "momentum": 0.99, "weight_decay": 0.005, "steps_per_iteration": null, "pin": false, "model_creator": null, "target_batch_size": 1024, "model_string": "resnet18", "min_batch_size": 512, "dataset": "CIFAR", "placement": null, "use_nccl": true, "devices_per_worker": 1, "primary_resource": "extra_gpu", "gpu": false, "verbose": false, "lr_config": {"mode": "log", "steps": 5, "initial_lr": 0.0001, "target_lr": 0.0001}, "batch_per_device": 1024}, "time_since_restore": 63.04140567779541, "timesteps_since_restore": 0, "iterations_since_restore": 7, "mean_throughput": 6959.863200976806, "atoms": 1, "resource_time": 63.04140567779541}
{"apply": 0.007563209533691407, "batch_time": 0.13163378238677978, "d2h": 0.004758119583129883, "data_time": 0.04833579549984056, "fwd": 0.02933804988861084, "get_state_time_mean": NaN, "get_state_time_total": 0.0, "grad": 0.0480557918548584, "mean_accuracy": 0.4351999759674072, "mean_loss": 1.5325584329605102, "neg_mean_accuracy": -0.4351999759674072, "set_state_time_mean": NaN, "set_state_time_total": 0.0, "setup_model_time_mean": NaN, "setup_model_time_total": 0.0, "setup_proc_time_mean": NaN, "setup_proc_time_total": 0.0, "train_accuracy": 0.4055199921131134, "train_loss": 1.6077459943771362, "training_time_mean": NaN, "training_time_total": 0.0, "validation_time_mean": NaN, "validation_time_total": 0.0, "samples": 60000, "num_workers": 1, "done": false, "timesteps_total": null, "episodes_total": null, "training_iteration": 8, "neg_mean_loss": -1.5325584329605102, "experiment_id": "16505833ad1e4e10812405f138773e6b", "date": "2019-05-30_14-59-35", "timestamp": 1559253575, "time_this_iter_s": 8.74704122543335, "time_total_s": 71.78844690322876, "pid": 27565, "hostname": "steropes", "node_ip": "169.229.49.254", "config": {"starting_lr": 0.0001, "momentum": 0.99, "weight_decay": 0.005, "steps_per_iteration": null, "pin": false, "model_creator": null, "target_batch_size": 1024, "model_string": "resnet18", "min_batch_size": 512, "dataset": "CIFAR", "placement": null, "use_nccl": true, "devices_per_worker": 1, "primary_resource": "extra_gpu", "gpu": false, "verbose": false, "lr_config": {"mode": "log", "steps": 5, "initial_lr": 0.0001, "target_lr": 0.0001}, "batch_per_device": 1024}, "time_since_restore": 71.78844690322876, "timesteps_since_restore": 0, "iterations_since_restore": 8, "mean_throughput": 6881.775944860964, "atoms": 1, "resource_time": 71.78844690322876}
{"apply": 0.008771944046020507, "batch_time": 0.12740299701690674, "d2h": 0.008256483078002929, "data_time": 0.03248735350005481, "fwd": 0.03832366466522217, "get_state_time_mean": NaN, "get_state_time_total": 0.0, "grad": 0.061677050590515134, "mean_accuracy": 0.45350000262260437, "mean_loss": 1.4894386922836305, "neg_mean_accuracy": -0.45350000262260437, "set_state_time_mean": NaN, "set_state_time_total": 0.0, "setup_model_time_mean": NaN, "setup_model_time_total": 0.0, "setup_proc_time_mean": NaN, "setup_proc_time_total": 0.0, "train_accuracy": 0.4215199947357178, "train_loss": 1.567748657875061, "training_time_mean": NaN, "training_time_total": 0.0, "validation_time_mean": NaN, "validation_time_total": 0.0, "samples": 60000, "num_workers": 1, "done": false, "timesteps_total": null, "episodes_total": null, "training_iteration": 9, "neg_mean_loss": -1.4894386922836305, "experiment_id": "16505833ad1e4e10812405f138773e6b", "date": "2019-05-30_14-59-44", "timestamp": 1559253584, "time_this_iter_s": 8.740835189819336, "time_total_s": 80.5292820930481, "pid": 27565, "hostname": "steropes", "node_ip": "169.229.49.254", "config": {"starting_lr": 0.0001, "momentum": 0.99, "weight_decay": 0.005, "steps_per_iteration": null, "pin": false, "model_creator": null, "target_batch_size": 1024, "model_string": "resnet18", "min_batch_size": 512, "dataset": "CIFAR", "placement": null, "use_nccl": true, "devices_per_worker": 1, "primary_resource": "extra_gpu", "gpu": false, "verbose": false, "lr_config": {"mode": "log", "steps": 5, "initial_lr": 0.0001, "target_lr": 0.0001}, "batch_per_device": 1024}, "time_since_restore": 80.5292820930481, "timesteps_since_restore": 0, "iterations_since_restore": 9, "mean_throughput": 6870.7108606314905, "atoms": 1, "resource_time": 80.5292820930481}
{"apply": 0.009008026123046875, "batch_time": 0.1480083703994751, "d2h": 0.0048950910568237305, "data_time": 0.050803602958212096, "fwd": 0.03375365734100342, "get_state_time_mean": NaN, "get_state_time_total": 0.0, "grad": 0.0499000072479248, "mean_accuracy": 0.46399998664855957, "mean_loss": 1.4624042812347413, "neg_mean_accuracy": -0.46399998664855957, "set_state_time_mean": NaN, "set_state_time_total": 0.0, "setup_model_time_mean": NaN, "setup_model_time_total": 0.0, "setup_proc_time_mean": NaN, "setup_proc_time_total": 0.0, "train_accuracy": 0.43667998909950256, "train_loss": 1.529760641670227, "training_time_mean": NaN, "training_time_total": 0.0, "validation_time_mean": NaN, "validation_time_total": 0.0, "samples": 60000, "num_workers": 1, "done": false, "timesteps_total": null, "episodes_total": null, "training_iteration": 10, "neg_mean_loss": -1.4624042812347413, "experiment_id": "16505833ad1e4e10812405f138773e6b", "date": "2019-05-30_14-59-53", "timestamp": 1559253593, "time_this_iter_s": 9.046133279800415, "time_total_s": 89.57541537284851, "pid": 27565, "hostname": "steropes", "node_ip": "169.229.49.254", "config": {"starting_lr": 0.0001, "momentum": 0.99, "weight_decay": 0.005, "steps_per_iteration": null, "pin": false, "model_creator": null, "target_batch_size": 1024, "model_string": "resnet18", "min_batch_size": 512, "dataset": "CIFAR", "placement": null, "use_nccl": true, "devices_per_worker": 1, "primary_resource": "extra_gpu", "gpu": false, "verbose": false, "lr_config": {"mode": "log", "steps": 5, "initial_lr": 0.0001, "target_lr": 0.0001}, "batch_per_device": 1024}, "time_since_restore": 89.57541537284851, "timesteps_since_restore": 0, "iterations_since_restore": 10, "mean_throughput": 6838.355684110561, "atoms": 1, "resource_time": 89.57541537284851}
{"apply": 0.007418370246887207, "batch_time": 0.12372844219207764, "d2h": 0.005307507514953613, "data_time": 0.0488128272854552, "fwd": 0.025278615951538085, "get_state_time_mean": NaN, "get_state_time_total": 0.0, "grad": 0.052265477180480954, "mean_accuracy": 0.47369998693466187, "mean_loss": 1.427381058692932, "neg_mean_accuracy": -0.47369998693466187, "set_state_time_mean": NaN, "set_state_time_total": 0.0, "setup_model_time_mean": NaN, "setup_model_time_total": 0.0, "setup_proc_time_mean": NaN, "setup_proc_time_total": 0.0, "train_accuracy": 0.447519987821579, "train_loss": 1.4998754351043702, "training_time_mean": NaN, "training_time_total": 0.0, "validation_time_mean": NaN, "validation_time_total": 0.0, "samples": 60000, "num_workers": 1, "done": false, "timesteps_total": null, "episodes_total": null, "training_iteration": 11, "neg_mean_loss": -1.427381058692932, "experiment_id": "16505833ad1e4e10812405f138773e6b", "date": "2019-05-30_15-00-02", "timestamp": 1559253602, "time_this_iter_s": 9.139563083648682, "time_total_s": 98.71497845649719, "pid": 27565, "hostname": "steropes", "node_ip": "169.229.49.254", "config": {"starting_lr": 0.0001, "momentum": 0.99, "weight_decay": 0.005, "steps_per_iteration": null, "pin": false, "model_creator": null, "target_batch_size": 1024, "model_string": "resnet18", "min_batch_size": 512, "dataset": "CIFAR", "placement": null, "use_nccl": true, "devices_per_worker": 1, "primary_resource": "extra_gpu", "gpu": false, "verbose": false, "lr_config": {"mode": "log", "steps": 5, "initial_lr": 0.0001, "target_lr": 0.0001}, "batch_per_device": 1024}, "time_since_restore": 98.71497845649719, "timesteps_since_restore": 0, "iterations_since_restore": 11, "mean_throughput": 6793.410504453696, "atoms": 1, "resource_time": 98.71497845649719}
{"apply": 0.007443141937255859, "batch_time": 0.12358212471008301, "d2h": 0.005076456069946289, "data_time": 0.03512345041547503, "fwd": 0.02182791233062744, "get_state_time_mean": NaN, "get_state_time_total": 0.0, "grad": 0.042269444465637206, "mean_accuracy": 0.48659998178482056, "mean_loss": 1.4039611597061157, "neg_mean_accuracy": -0.48659998178482056, "set_state_time_mean": NaN, "set_state_time_total": 0.0, "setup_model_time_mean": NaN, "setup_model_time_total": 0.0, "setup_proc_time_mean": NaN, "setup_proc_time_total": 0.0, "train_accuracy": 0.46069997549057007, "train_loss": 1.4681475310516356, "training_time_mean": NaN, "training_time_total": 0.0, "validation_time_mean": NaN, "validation_time_total": 0.0, "samples": 60000, "num_workers": 1, "done": true, "timesteps_total": null, "episodes_total": null, "training_iteration": 12, "neg_mean_loss": -1.4039611597061157, "experiment_id": "16505833ad1e4e10812405f138773e6b", "date": "2019-05-30_15-00-10", "timestamp": 1559253610, "time_this_iter_s": 8.342079401016235, "time_total_s": 107.05705785751343, "pid": 27565, "hostname": "steropes", "node_ip": "169.229.49.254", "config": {"starting_lr": 0.0001, "momentum": 0.99, "weight_decay": 0.005, "steps_per_iteration": null, "pin": false, "model_creator": null, "target_batch_size": 1024, "model_string": "resnet18", "min_batch_size": 512, "dataset": "CIFAR", "placement": null, "use_nccl": true, "devices_per_worker": 1, "primary_resource": "extra_gpu", "gpu": false, "verbose": false, "lr_config": {"mode": "log", "steps": 5, "initial_lr": 0.0001, "target_lr": 0.0001}, "batch_per_device": 1024}, "time_since_restore": 107.05705785751343, "timesteps_since_restore": 0, "iterations_since_restore": 12, "mean_throughput": 6815.688054560552, "atoms": 1, "resource_time": 107.05705785751343}
