{"apply": 0.01740286350250244, "batch_time": 0.04646893694430967, "d2h": 0.0006970405578613281, "data_time": 0.0018000005151304747, "fwd": 0.17183947563171387, "get_state_time_mean": NaN, "get_state_time_total": 0.0, "grad": 0.18746867179870605, "mean_accuracy": 0.09999999403953552, "mean_loss": 1.3949943029232044e+30, "neg_mean_accuracy": -0.09999999403953552, "set_state_time_mean": NaN, "set_state_time_total": 0.0, "setup_model_time_mean": 15.440468311309814, "setup_model_time_total": 15.440468311309814, "setup_proc_time_mean": 0.2536427974700928, "setup_proc_time_total": 0.2536427974700928, "train_accuracy": 0.10142000019550323, "train_loss": 3470404277911.9204, "training_time_mean": NaN, "training_time_total": 0.0, "val_accuracy": 0.09999999403953552, "val_loss": 1.3949943029232044e+30, "validation_time_mean": NaN, "validation_time_total": 0.0, "samples": 60000, "num_workers": 1, "done": false, "timesteps_total": null, "episodes_total": null, "training_iteration": 1, "neg_mean_loss": -1.3949943029232044e+30, "experiment_id": "8b643b496248495cbff2c7aa2e19138d", "date": "2019-06-06_13-19-10", "timestamp": 1559852350, "time_this_iter_s": 48.44782543182373, "time_total_s": 48.44782543182373, "pid": 11382, "hostname": "steropes", "node_ip": "169.229.49.254", "config": {"starting_lr": 1.0, "momentum": 0.99, "weight_decay": 0.001, "steps_per_iteration": null, "pin": false, "model_creator": null, "target_batch_size": 128, "model_string": "resnet50", "min_batch_size": 128, "dataset": "CIFAR", "placement": null, "use_nccl": true, "devices_per_worker": 1, "primary_resource": "extra_gpu", "gpu": false, "verbose": false, "lr_config": {"mode": "log", "steps": 5, "initial_lr": 1.0, "target_lr": 1.0}, "batch_per_device": 128}, "time_since_restore": 48.44782543182373, "timesteps_since_restore": 0, "iterations_since_restore": 1, "mean_throughput": 1238.4423256977675, "atoms": 1, "setup_time": 15.811529159545898}
{"apply": 0.018640661239624025, "batch_time": 0.032030018070076084, "d2h": 0.000663924217224121, "data_time": 0.0017439843443653469, "fwd": 0.028775715827941896, "get_state_time_mean": NaN, "get_state_time_total": 0.0, "grad": 0.048491835594177246, "mean_accuracy": 0.04999999701976776, "mean_loss": NaN, "neg_mean_accuracy": -0.0, "set_state_time_mean": NaN, "set_state_time_total": 0.0, "setup_model_time_mean": NaN, "setup_model_time_total": 0.0, "setup_proc_time_mean": NaN, "setup_proc_time_total": 0.0, "train_accuracy": 0.008119999431073666, "train_loss": NaN, "training_time_mean": NaN, "training_time_total": 0.0, "val_accuracy": 0.0, "val_loss": NaN, "validation_time_mean": NaN, "validation_time_total": 0.0, "samples": 60000, "num_workers": 1, "done": false, "timesteps_total": null, "episodes_total": null, "training_iteration": 2, "neg_mean_loss": NaN, "experiment_id": "8b643b496248495cbff2c7aa2e19138d", "date": "2019-06-06_13-19-51", "timestamp": 1559852391, "time_this_iter_s": 41.253084659576416, "time_total_s": 89.70091009140015, "pid": 11382, "hostname": "steropes", "node_ip": "169.229.49.254", "config": {"starting_lr": 1.0, "momentum": 0.99, "weight_decay": 0.001, "steps_per_iteration": null, "pin": false, "model_creator": null, "target_batch_size": 128, "model_string": "resnet50", "min_batch_size": 128, "dataset": "CIFAR", "placement": null, "use_nccl": true, "devices_per_worker": 1, "primary_resource": "extra_gpu", "gpu": false, "verbose": false, "lr_config": {"mode": "log", "steps": 5, "initial_lr": 1.0, "target_lr": 1.0}, "batch_per_device": 128}, "time_since_restore": 89.70091009140015, "timesteps_since_restore": 0, "iterations_since_restore": 2, "mean_throughput": 1337.7759223001808, "atoms": 1, "setup_time": 15.811529159545898}
{"apply": 0.018201065063476563, "batch_time": 0.03233863733991792, "d2h": 0.0006272315979003907, "data_time": 0.0017373378929274772, "fwd": 0.028716254234313964, "get_state_time_mean": NaN, "get_state_time_total": 0.0, "grad": 0.048641037940979, "mean_accuracy": 0.03333333134651184, "mean_loss": NaN, "neg_mean_accuracy": -0.0, "set_state_time_mean": NaN, "set_state_time_total": 0.0, "setup_model_time_mean": NaN, "setup_model_time_total": 0.0, "setup_proc_time_mean": NaN, "setup_proc_time_total": 0.0, "train_accuracy": 0.0, "train_loss": NaN, "training_time_mean": NaN, "training_time_total": 0.0, "val_accuracy": 0.0, "val_loss": NaN, "validation_time_mean": NaN, "validation_time_total": 0.0, "samples": 60000, "num_workers": 1, "done": true, "timesteps_total": null, "episodes_total": null, "training_iteration": 3, "neg_mean_loss": NaN, "experiment_id": "8b643b496248495cbff2c7aa2e19138d", "date": "2019-06-06_13-20-32", "timestamp": 1559852432, "time_this_iter_s": 41.325886487960815, "time_total_s": 131.02679657936096, "pid": 11382, "hostname": "steropes", "node_ip": "169.229.49.254", "config": {"starting_lr": 1.0, "momentum": 0.99, "weight_decay": 0.001, "steps_per_iteration": null, "pin": false, "model_creator": null, "target_batch_size": 128, "model_string": "resnet50", "min_batch_size": 128, "dataset": "CIFAR", "placement": null, "use_nccl": true, "devices_per_worker": 1, "primary_resource": "extra_gpu", "gpu": false, "verbose": false, "lr_config": {"mode": "log", "steps": 5, "initial_lr": 1.0, "target_lr": 1.0}, "batch_per_device": 128}, "time_since_restore": 131.02679657936096, "timesteps_since_restore": 0, "iterations_since_restore": 3, "mean_throughput": 1373.7616802357197, "atoms": 1, "setup_time": 15.811529159545898}
