{"apply": 0.01809234619140625, "batch_time": 0.05412476575827297, "d2h": 0.0007352352142333985, "data_time": 0.0018620387367580247, "fwd": 0.1196249008178711, "get_state_time_mean": NaN, "get_state_time_total": 0.0, "grad": 0.26545915603637693, "mean_accuracy": 0.13910000026226044, "mean_loss": 18.264871041107178, "neg_mean_accuracy": -0.13910000026226044, "set_state_time_mean": NaN, "set_state_time_total": 0.0, "setup_model_time_mean": 15.833127737045288, "setup_model_time_total": 15.833127737045288, "setup_proc_time_mean": 1.839916467666626, "setup_proc_time_total": 1.839916467666626, "train_accuracy": 0.12906000018119812, "train_loss": 6.620757064666748, "training_time_mean": NaN, "training_time_total": 0.0, "val_accuracy": 0.13910000026226044, "val_loss": 18.264871041107178, "validation_time_mean": NaN, "validation_time_total": 0.0, "samples": 60000, "num_workers": 1, "done": false, "timesteps_total": null, "episodes_total": null, "training_iteration": 1, "neg_mean_loss": -18.264871041107178, "experiment_id": "efba997c941149d7b421f22f3d4a2f7a", "date": "2019-06-06_14-17-24", "timestamp": 1559855844, "time_this_iter_s": 48.713478326797485, "time_total_s": 48.713478326797485, "pid": 30544, "hostname": "steropes", "node_ip": "169.229.49.254", "config": {"starting_lr": 0.01, "momentum": 0.997, "weight_decay": 0.0001, "steps_per_iteration": null, "pin": false, "model_creator": null, "target_batch_size": 128, "model_string": "resnet50", "min_batch_size": 128, "dataset": "CIFAR", "placement": null, "use_nccl": true, "devices_per_worker": 1, "primary_resource": "extra_gpu", "gpu": false, "verbose": false, "lr_config": {"mode": "log", "steps": 5, "initial_lr": 0.01, "target_lr": 0.01}, "batch_per_device": 128}, "time_since_restore": 48.713478326797485, "timesteps_since_restore": 0, "iterations_since_restore": 1, "mean_throughput": 1231.6897799769479, "atoms": 1, "setup_time": 17.767642498016357}
{"apply": 0.01726112365722656, "batch_time": 0.03240521044670781, "d2h": 0.0007560968399047852, "data_time": 0.0018009243109037198, "fwd": 0.028324079513549805, "get_state_time_mean": NaN, "get_state_time_total": 0.0, "grad": 0.04992794990539551, "mean_accuracy": 0.1570499986410141, "mean_loss": 10.39587652721405, "neg_mean_accuracy": -0.17499999701976776, "set_state_time_mean": NaN, "set_state_time_total": 0.0, "setup_model_time_mean": NaN, "setup_model_time_total": 0.0, "setup_proc_time_mean": NaN, "setup_proc_time_total": 0.0, "train_accuracy": 0.16021999716758728, "train_loss": 2.7061817655944824, "training_time_mean": NaN, "training_time_total": 0.0, "val_accuracy": 0.17499999701976776, "val_loss": 2.5268820133209227, "validation_time_mean": NaN, "validation_time_total": 0.0, "samples": 60000, "num_workers": 1, "done": false, "timesteps_total": null, "episodes_total": null, "training_iteration": 2, "neg_mean_loss": -10.39587652721405, "experiment_id": "efba997c941149d7b421f22f3d4a2f7a", "date": "2019-06-06_14-18-05", "timestamp": 1559855885, "time_this_iter_s": 41.29592680931091, "time_total_s": 90.0094051361084, "pid": 30544, "hostname": "steropes", "node_ip": "169.229.49.254", "config": {"starting_lr": 0.01, "momentum": 0.997, "weight_decay": 0.0001, "steps_per_iteration": null, "pin": false, "model_creator": null, "target_batch_size": 128, "model_string": "resnet50", "min_batch_size": 128, "dataset": "CIFAR", "placement": null, "use_nccl": true, "devices_per_worker": 1, "primary_resource": "extra_gpu", "gpu": false, "verbose": false, "lr_config": {"mode": "log", "steps": 5, "initial_lr": 0.01, "target_lr": 0.01}, "batch_per_device": 128}, "time_since_restore": 90.0094051361084, "timesteps_since_restore": 0, "iterations_since_restore": 2, "mean_throughput": 1333.189329937461, "atoms": 1, "setup_time": 17.767642498016357}
{"apply": 0.01902296543121338, "batch_time": 0.033512969560261015, "d2h": 0.0008328676223754883, "data_time": 0.0018455957817604474, "fwd": 0.029875540733337404, "get_state_time_mean": NaN, "get_state_time_total": 0.0, "grad": 0.050518584251403806, "mean_accuracy": 0.16456666588783264, "mean_loss": 7.67820540669759, "neg_mean_accuracy": -0.17960000038146973, "set_state_time_mean": NaN, "set_state_time_total": 0.0, "setup_model_time_mean": NaN, "setup_model_time_total": 0.0, "setup_proc_time_mean": NaN, "setup_proc_time_total": 0.0, "train_accuracy": 0.18073999881744385, "train_loss": 2.199502036590576, "training_time_mean": NaN, "training_time_total": 0.0, "val_accuracy": 0.17960000038146973, "val_loss": 2.242863165664673, "validation_time_mean": NaN, "validation_time_total": 0.0, "samples": 60000, "num_workers": 1, "done": true, "timesteps_total": null, "episodes_total": null, "training_iteration": 3, "neg_mean_loss": -7.67820540669759, "experiment_id": "efba997c941149d7b421f22f3d4a2f7a", "date": "2019-06-06_14-18-47", "timestamp": 1559855927, "time_this_iter_s": 41.33405089378357, "time_total_s": 131.34345602989197, "pid": 30544, "hostname": "steropes", "node_ip": "169.229.49.254", "config": {"starting_lr": 0.01, "momentum": 0.997, "weight_decay": 0.0001, "steps_per_iteration": null, "pin": false, "model_creator": null, "target_batch_size": 128, "model_string": "resnet50", "min_batch_size": 128, "dataset": "CIFAR", "placement": null, "use_nccl": true, "devices_per_worker": 1, "primary_resource": "extra_gpu", "gpu": false, "verbose": false, "lr_config": {"mode": "log", "steps": 5, "initial_lr": 0.01, "target_lr": 0.01}, "batch_per_device": 128}, "time_since_restore": 131.34345602989197, "timesteps_since_restore": 0, "iterations_since_restore": 3, "mean_throughput": 1370.448529495612, "atoms": 1, "setup_time": 17.767642498016357}
