{"apply": 0.021120429039001465, "batch_time": 0.04182799556587316, "d2h": 0.0006802797317504883, "data_time": 0.0018713205976559379, "fwd": 0.12042593955993652, "get_state_time_mean": NaN, "get_state_time_total": 0.0, "grad": 0.16353151798248292, "mean_accuracy": 0.3240000009536743, "mean_loss": 3.515670095062256, "neg_mean_accuracy": -0.3240000009536743, "set_state_time_mean": NaN, "set_state_time_total": 0.0, "setup_model_time_mean": 8.491416454315186, "setup_model_time_total": 8.491416454315186, "setup_proc_time_mean": 0.300018310546875, "setup_proc_time_total": 0.300018310546875, "train_accuracy": 0.24755999445915222, "train_loss": 2.730410090560913, "training_time_mean": NaN, "training_time_total": 0.0, "val_accuracy": 0.3240000009536743, "val_loss": 3.515670095062256, "validation_time_mean": NaN, "validation_time_total": 0.0, "samples": 60000, "num_workers": 1, "done": false, "timesteps_total": null, "episodes_total": null, "training_iteration": 1, "neg_mean_loss": -3.515670095062256, "experiment_id": "a31a0162662a41f3b48aba3c3bce3483", "date": "2019-06-03_04-20-22", "timestamp": 1559560822, "time_this_iter_s": 46.77542066574097, "time_total_s": 46.77542066574097, "pid": 28558, "hostname": "steropes", "node_ip": "169.229.49.254", "config": {"starting_lr": 0.01, "momentum": 0.9, "weight_decay": 0.0005, "steps_per_iteration": null, "pin": false, "model_creator": null, "target_batch_size": 128, "model_string": "resnet50", "min_batch_size": 128, "dataset": "CIFAR", "placement": null, "use_nccl": true, "devices_per_worker": 1, "primary_resource": "extra_gpu", "gpu": false, "verbose": false, "lr_config": {"mode": "log", "steps": 5, "initial_lr": 0.01, "target_lr": 0.01}, "batch_per_device": 128}, "time_since_restore": 46.77542066574097, "timesteps_since_restore": 0, "iterations_since_restore": 1, "mean_throughput": 1282.7218301872176, "atoms": 1, "setup_time": 11.554747581481934}
{"apply": 0.018261408805847167, "batch_time": 0.03173841705805139, "d2h": 0.000693511962890625, "data_time": 0.0017284176233784317, "fwd": 0.028231287002563478, "get_state_time_mean": NaN, "get_state_time_total": 0.0, "grad": 0.048632359504699706, "mean_accuracy": 0.29079999029636383, "mean_loss": 3.170700182151794, "neg_mean_accuracy": -0.25759997963905334, "set_state_time_mean": NaN, "set_state_time_total": 0.0, "setup_model_time_mean": NaN, "setup_model_time_total": 0.0, "setup_proc_time_mean": NaN, "setup_proc_time_total": 0.0, "train_accuracy": 0.3284800052642822, "train_loss": 2.260919066619873, "training_time_mean": NaN, "training_time_total": 0.0, "val_accuracy": 0.25759997963905334, "val_loss": 2.825730269241333, "validation_time_mean": NaN, "validation_time_total": 0.0, "samples": 60000, "num_workers": 1, "done": false, "timesteps_total": null, "episodes_total": null, "training_iteration": 2, "neg_mean_loss": -3.170700182151794, "experiment_id": "a31a0162662a41f3b48aba3c3bce3483", "date": "2019-06-03_04-21-04", "timestamp": 1559560864, "time_this_iter_s": 41.357115030288696, "time_total_s": 88.13253569602966, "pid": 28558, "hostname": "steropes", "node_ip": "169.229.49.254", "config": {"starting_lr": 0.01, "momentum": 0.9, "weight_decay": 0.0005, "steps_per_iteration": null, "pin": false, "model_creator": null, "target_batch_size": 128, "model_string": "resnet50", "min_batch_size": 128, "dataset": "CIFAR", "placement": null, "use_nccl": true, "devices_per_worker": 1, "primary_resource": "extra_gpu", "gpu": false, "verbose": false, "lr_config": {"mode": "log", "steps": 5, "initial_lr": 0.01, "target_lr": 0.01}, "batch_per_device": 128}, "time_since_restore": 88.13253569602966, "timesteps_since_restore": 0, "iterations_since_restore": 2, "mean_throughput": 1361.5827092697764, "atoms": 1, "setup_time": 11.554747581481934}
{"apply": 0.017551517486572264, "batch_time": 0.03155810923515996, "d2h": 0.0007049083709716797, "data_time": 0.0017087953474820422, "fwd": 0.02789738178253174, "get_state_time_mean": NaN, "get_state_time_total": 0.0, "grad": 0.047747230529785155, "mean_accuracy": 0.32579999168713886, "mean_loss": 4.973834419631958, "neg_mean_accuracy": -0.39579999446868896, "set_state_time_mean": NaN, "set_state_time_total": 0.0, "setup_model_time_mean": NaN, "setup_model_time_total": 0.0, "setup_proc_time_mean": NaN, "setup_proc_time_total": 0.0, "train_accuracy": 0.30621999502182007, "train_loss": 2.151637530288696, "training_time_mean": NaN, "training_time_total": 0.0, "val_accuracy": 0.39579999446868896, "val_loss": 8.580102894592285, "validation_time_mean": NaN, "validation_time_total": 0.0, "samples": 60000, "num_workers": 1, "done": false, "timesteps_total": null, "episodes_total": null, "training_iteration": 3, "neg_mean_loss": -4.973834419631958, "experiment_id": "a31a0162662a41f3b48aba3c3bce3483", "date": "2019-06-03_04-21-44", "timestamp": 1559560904, "time_this_iter_s": 40.61394190788269, "time_total_s": 128.74647760391235, "pid": 28558, "hostname": "steropes", "node_ip": "169.229.49.254", "config": {"starting_lr": 0.01, "momentum": 0.9, "weight_decay": 0.0005, "steps_per_iteration": null, "pin": false, "model_creator": null, "target_batch_size": 128, "model_string": "resnet50", "min_batch_size": 128, "dataset": "CIFAR", "placement": null, "use_nccl": true, "devices_per_worker": 1, "primary_resource": "extra_gpu", "gpu": false, "verbose": false, "lr_config": {"mode": "log", "steps": 5, "initial_lr": 0.01, "target_lr": 0.01}, "batch_per_device": 128}, "time_since_restore": 128.74647760391235, "timesteps_since_restore": 0, "iterations_since_restore": 3, "mean_throughput": 1398.0935169549487, "atoms": 1, "setup_time": 11.554747581481934}
{"apply": 0.018037915229797363, "batch_time": 0.03129002715967878, "d2h": 0.0006383657455444336, "data_time": 0.0017247754899437165, "fwd": 0.028516745567321776, "get_state_time_mean": NaN, "get_state_time_total": 0.0, "grad": 0.04840998649597168, "mean_accuracy": 0.3573499917984009, "mean_loss": 4.246201409578323, "neg_mean_accuracy": -0.4519999921321869, "set_state_time_mean": NaN, "set_state_time_total": 0.0, "setup_model_time_mean": NaN, "setup_model_time_total": 0.0, "setup_proc_time_mean": NaN, "setup_proc_time_total": 0.0, "train_accuracy": 0.3749600052833557, "train_loss": 1.8921566454696654, "training_time_mean": NaN, "training_time_total": 0.0, "val_accuracy": 0.4519999921321869, "val_loss": 2.0633023794174195, "validation_time_mean": NaN, "validation_time_total": 0.0, "samples": 60000, "num_workers": 1, "done": false, "timesteps_total": null, "episodes_total": null, "training_iteration": 4, "neg_mean_loss": -4.246201409578323, "experiment_id": "a31a0162662a41f3b48aba3c3bce3483", "date": "2019-06-03_04-22-25", "timestamp": 1559560945, "time_this_iter_s": 40.65025329589844, "time_total_s": 169.3967308998108, "pid": 28558, "hostname": "steropes", "node_ip": "169.229.49.254", "config": {"starting_lr": 0.01, "momentum": 0.9, "weight_decay": 0.0005, "steps_per_iteration": null, "pin": false, "model_creator": null, "target_batch_size": 128, "model_string": "resnet50", "min_batch_size": 128, "dataset": "CIFAR", "placement": null, "use_nccl": true, "devices_per_worker": 1, "primary_resource": "extra_gpu", "gpu": false, "verbose": false, "lr_config": {"mode": "log", "steps": 5, "initial_lr": 0.01, "target_lr": 0.01}, "batch_per_device": 128}, "time_since_restore": 169.3967308998108, "timesteps_since_restore": 0, "iterations_since_restore": 4, "mean_throughput": 1416.7893735313546, "atoms": 1, "setup_time": 11.554747581481934}
{"apply": 0.01717228889465332, "batch_time": 0.031490721280061744, "d2h": 0.0006493091583251953, "data_time": 0.001711700883362909, "fwd": 0.02727208137512207, "get_state_time_mean": NaN, "get_state_time_total": 0.0, "grad": 0.050325870513916016, "mean_accuracy": 0.3646199941635132, "mean_loss": 3.7343773565292357, "neg_mean_accuracy": -0.3937000036239624, "set_state_time_mean": NaN, "set_state_time_total": 0.0, "setup_model_time_mean": NaN, "setup_model_time_total": 0.0, "setup_proc_time_mean": NaN, "setup_proc_time_total": 0.0, "train_accuracy": 0.38604000210762024, "train_loss": 1.8038588227081298, "training_time_mean": NaN, "training_time_total": 0.0, "val_accuracy": 0.3937000036239624, "val_loss": 1.6870811443328857, "validation_time_mean": NaN, "validation_time_total": 0.0, "samples": 60000, "num_workers": 1, "done": false, "timesteps_total": null, "episodes_total": null, "training_iteration": 5, "neg_mean_loss": -3.7343773565292357, "experiment_id": "a31a0162662a41f3b48aba3c3bce3483", "date": "2019-06-03_04-23-06", "timestamp": 1559560986, "time_this_iter_s": 40.96364116668701, "time_total_s": 210.3603720664978, "pid": 28558, "hostname": "steropes", "node_ip": "169.229.49.254", "config": {"starting_lr": 0.01, "momentum": 0.9, "weight_decay": 0.0005, "steps_per_iteration": null, "pin": false, "model_creator": null, "target_batch_size": 128, "model_string": "resnet50", "min_batch_size": 128, "dataset": "CIFAR", "placement": null, "use_nccl": true, "devices_per_worker": 1, "primary_resource": "extra_gpu", "gpu": false, "verbose": false, "lr_config": {"mode": "log", "steps": 5, "initial_lr": 0.01, "target_lr": 0.01}, "batch_per_device": 128}, "time_since_restore": 210.3603720664978, "timesteps_since_restore": 0, "iterations_since_restore": 5, "mean_throughput": 1426.1211241804622, "atoms": 1, "setup_time": 11.554747581481934}
{"apply": 0.01767573356628418, "batch_time": 0.03466948678221884, "d2h": 0.000662851333618164, "data_time": 0.001730730466525573, "fwd": 0.027781057357788085, "get_state_time_mean": NaN, "get_state_time_total": 0.0, "grad": 0.0494422435760498, "mean_accuracy": 0.36993999481201173, "mean_loss": 3.3880804124069215, "neg_mean_accuracy": -0.350600004196167, "set_state_time_mean": NaN, "set_state_time_total": 0.0, "setup_model_time_mean": NaN, "setup_model_time_total": 0.0, "setup_proc_time_mean": NaN, "setup_proc_time_total": 0.0, "train_accuracy": 0.3105199933052063, "train_loss": 1.9934386806869506, "training_time_mean": NaN, "training_time_total": 0.0, "val_accuracy": 0.350600004196167, "val_loss": 1.7841853744506837, "validation_time_mean": NaN, "validation_time_total": 0.0, "samples": 60000, "num_workers": 1, "done": false, "timesteps_total": null, "episodes_total": null, "training_iteration": 6, "neg_mean_loss": -3.3880804124069215, "experiment_id": "a31a0162662a41f3b48aba3c3bce3483", "date": "2019-06-03_04-23-47", "timestamp": 1559561027, "time_this_iter_s": 40.98274517059326, "time_total_s": 251.34311723709106, "pid": 28558, "hostname": "steropes", "node_ip": "169.229.49.254", "config": {"starting_lr": 0.01, "momentum": 0.9, "weight_decay": 0.0005, "steps_per_iteration": null, "pin": false, "model_creator": null, "target_batch_size": 128, "model_string": "resnet50", "min_batch_size": 128, "dataset": "CIFAR", "placement": null, "use_nccl": true, "devices_per_worker": 1, "primary_resource": "extra_gpu", "gpu": false, "verbose": false, "lr_config": {"mode": "log", "steps": 5, "initial_lr": 0.01, "target_lr": 0.01}, "batch_per_device": 128}, "time_since_restore": 251.34311723709106, "timesteps_since_restore": 0, "iterations_since_restore": 6, "mean_throughput": 1466.5042435717628, "atoms": 1, "setup_time": 11.554747581481934}
{"apply": 0.018129825592041016, "batch_time": 0.031278257128558584, "d2h": 0.0006664276123046875, "data_time": 0.0017265986908427285, "fwd": 0.028491401672363283, "get_state_time_mean": NaN, "get_state_time_total": 0.0, "grad": 0.04918088912963867, "mean_accuracy": 0.3909199953079224, "mean_loss": 3.544495188140869, "neg_mean_accuracy": -0.36249998211860657, "set_state_time_mean": NaN, "set_state_time_total": 0.0, "setup_model_time_mean": NaN, "setup_model_time_total": 0.0, "setup_proc_time_mean": NaN, "setup_proc_time_total": 0.0, "train_accuracy": 0.3570599853992462, "train_loss": 1.834209220352173, "training_time_mean": NaN, "training_time_total": 0.0, "val_accuracy": 0.36249998211860657, "val_loss": 3.6078041479110716, "validation_time_mean": NaN, "validation_time_total": 0.0, "samples": 60000, "num_workers": 1, "done": false, "timesteps_total": null, "episodes_total": null, "training_iteration": 7, "neg_mean_loss": -3.544495188140869, "experiment_id": "a31a0162662a41f3b48aba3c3bce3483", "date": "2019-06-03_04-24-28", "timestamp": 1559561068, "time_this_iter_s": 40.89508557319641, "time_total_s": 292.2382028102875, "pid": 28558, "hostname": "steropes", "node_ip": "169.229.49.254", "config": {"starting_lr": 0.01, "momentum": 0.9, "weight_decay": 0.0005, "steps_per_iteration": null, "pin": false, "model_creator": null, "target_batch_size": 128, "model_string": "resnet50", "min_batch_size": 128, "dataset": "CIFAR", "placement": null, "use_nccl": true, "devices_per_worker": 1, "primary_resource": "extra_gpu", "gpu": false, "verbose": false, "lr_config": {"mode": "log", "steps": 5, "initial_lr": 0.01, "target_lr": 0.01}, "batch_per_device": 128}, "time_since_restore": 292.2382028102875, "timesteps_since_restore": 0, "iterations_since_restore": 7, "mean_throughput": 1469.8239281712968, "atoms": 1, "setup_time": 11.554747581481934}
{"apply": 0.017386436462402344, "batch_time": 0.03158548813831957, "d2h": 0.0007661104202270508, "data_time": 0.001761293167348408, "fwd": 0.027658367156982423, "get_state_time_mean": NaN, "get_state_time_total": 0.0, "grad": 0.04815421104431152, "mean_accuracy": 0.3975399971008301, "mean_loss": 2.187029174537659, "neg_mean_accuracy": -0.42890000343322754, "set_state_time_mean": NaN, "set_state_time_total": 0.0, "setup_model_time_mean": NaN, "setup_model_time_total": 0.0, "setup_proc_time_mean": NaN, "setup_proc_time_total": 0.0, "train_accuracy": 0.3803800046443939, "train_loss": 1.757907905883789, "training_time_mean": NaN, "training_time_total": 0.0, "val_accuracy": 0.42890000343322754, "val_loss": 1.7927728265762328, "validation_time_mean": NaN, "validation_time_total": 0.0, "samples": 60000, "num_workers": 1, "done": false, "timesteps_total": null, "episodes_total": null, "training_iteration": 8, "neg_mean_loss": -2.187029174537659, "experiment_id": "a31a0162662a41f3b48aba3c3bce3483", "date": "2019-06-03_04-25-09", "timestamp": 1559561109, "time_this_iter_s": 40.99657893180847, "time_total_s": 333.23478174209595, "pid": 28558, "hostname": "steropes", "node_ip": "169.229.49.254", "config": {"starting_lr": 0.01, "momentum": 0.9, "weight_decay": 0.0005, "steps_per_iteration": null, "pin": false, "model_creator": null, "target_batch_size": 128, "model_string": "resnet50", "min_batch_size": 128, "dataset": "CIFAR", "placement": null, "use_nccl": true, "devices_per_worker": 1, "primary_resource": "extra_gpu", "gpu": false, "verbose": false, "lr_config": {"mode": "log", "steps": 5, "initial_lr": 0.01, "target_lr": 0.01}, "batch_per_device": 128}, "time_since_restore": 333.23478174209595, "timesteps_since_restore": 0, "iterations_since_restore": 8, "mean_throughput": 1467.0736355605598, "atoms": 1, "setup_time": 11.554747581481934}
{"apply": 0.019979453086853026, "batch_time": 0.03152686432947086, "d2h": 0.0007019758224487305, "data_time": 0.0017388257224236609, "fwd": 0.02875347137451172, "get_state_time_mean": NaN, "get_state_time_total": 0.0, "grad": 0.048251795768737796, "mean_accuracy": 0.396399998664856, "mean_loss": 2.0892252581024167, "neg_mean_accuracy": -0.4462999999523163, "set_state_time_mean": NaN, "set_state_time_total": 0.0, "setup_model_time_mean": NaN, "setup_model_time_total": 0.0, "setup_proc_time_mean": NaN, "setup_proc_time_total": 0.0, "train_accuracy": 0.4110599756240845, "train_loss": 1.6689204974746703, "training_time_mean": NaN, "training_time_total": 0.0, "val_accuracy": 0.4462999999523163, "val_loss": 1.574282797241211, "validation_time_mean": NaN, "validation_time_total": 0.0, "samples": 60000, "num_workers": 1, "done": false, "timesteps_total": null, "episodes_total": null, "training_iteration": 9, "neg_mean_loss": -2.0892252581024167, "experiment_id": "a31a0162662a41f3b48aba3c3bce3483", "date": "2019-06-03_04-25-50", "timestamp": 1559561150, "time_this_iter_s": 40.99243354797363, "time_total_s": 374.2272152900696, "pid": 28558, "hostname": "steropes", "node_ip": "169.229.49.254", "config": {"starting_lr": 0.01, "momentum": 0.9, "weight_decay": 0.0005, "steps_per_iteration": null, "pin": false, "model_creator": null, "target_batch_size": 128, "model_string": "resnet50", "min_batch_size": 128, "dataset": "CIFAR", "placement": null, "use_nccl": true, "devices_per_worker": 1, "primary_resource": "extra_gpu", "gpu": false, "verbose": false, "lr_config": {"mode": "log", "steps": 5, "initial_lr": 0.01, "target_lr": 0.01}, "batch_per_device": 128}, "time_since_restore": 374.2272152900696, "timesteps_since_restore": 0, "iterations_since_restore": 9, "mean_throughput": 1464.6224679011127, "atoms": 1, "setup_time": 11.554747581481934}
{"apply": 0.019859695434570314, "batch_time": 0.031456826608392253, "d2h": 0.0006937026977539062, "data_time": 0.0017707646655304658, "fwd": 0.029621243476867676, "get_state_time_mean": NaN, "get_state_time_total": 0.0, "grad": 0.04904639720916748, "mean_accuracy": 0.4090799927711487, "mean_loss": 2.165205665664673, "neg_mean_accuracy": -0.457099974155426, "set_state_time_mean": NaN, "set_state_time_total": 0.0, "setup_model_time_mean": NaN, "setup_model_time_total": 0.0, "setup_proc_time_mean": NaN, "setup_proc_time_total": 0.0, "train_accuracy": 0.41933998465538025, "train_loss": 1.6439902295303346, "training_time_mean": NaN, "training_time_total": 0.0, "val_accuracy": 0.457099974155426, "val_loss": 2.066983182144165, "validation_time_mean": NaN, "validation_time_total": 0.0, "samples": 60000, "num_workers": 1, "done": false, "timesteps_total": null, "episodes_total": null, "training_iteration": 10, "neg_mean_loss": -2.165205665664673, "experiment_id": "a31a0162662a41f3b48aba3c3bce3483", "date": "2019-06-03_04-26-31", "timestamp": 1559561191, "time_this_iter_s": 41.10418725013733, "time_total_s": 415.3314025402069, "pid": 28558, "hostname": "steropes", "node_ip": "169.229.49.254", "config": {"starting_lr": 0.01, "momentum": 0.9, "weight_decay": 0.0005, "steps_per_iteration": null, "pin": false, "model_creator": null, "target_batch_size": 128, "model_string": "resnet50", "min_batch_size": 128, "dataset": "CIFAR", "placement": null, "use_nccl": true, "devices_per_worker": 1, "primary_resource": "extra_gpu", "gpu": false, "verbose": false, "lr_config": {"mode": "log", "steps": 5, "initial_lr": 0.01, "target_lr": 0.01}, "batch_per_device": 128}, "time_since_restore": 415.3314025402069, "timesteps_since_restore": 0, "iterations_since_restore": 10, "mean_throughput": 1463.6181695148969, "atoms": 1, "setup_time": 11.554747581481934}
{"apply": 0.0173537015914917, "batch_time": 0.03417574303059638, "d2h": 0.0006566762924194336, "data_time": 0.0017113563654672765, "fwd": 0.027934789657592773, "get_state_time_mean": NaN, "get_state_time_total": 0.0, "grad": 0.049513387680053714, "mean_accuracy": 0.4331999897956848, "mean_loss": 2.2901627959442137, "neg_mean_accuracy": -0.47119998931884766, "set_state_time_mean": NaN, "set_state_time_total": 0.0, "setup_model_time_mean": NaN, "setup_model_time_total": 0.0, "setup_proc_time_mean": NaN, "setup_proc_time_total": 0.0, "train_accuracy": 0.429779976606369, "train_loss": 1.6213765893173218, "training_time_mean": NaN, "training_time_total": 0.0, "val_accuracy": 0.47119998931884766, "val_loss": 2.4089710258483885, "validation_time_mean": NaN, "validation_time_total": 0.0, "samples": 60000, "num_workers": 1, "done": false, "timesteps_total": null, "episodes_total": null, "training_iteration": 11, "neg_mean_loss": -2.2901627959442137, "experiment_id": "a31a0162662a41f3b48aba3c3bce3483", "date": "2019-06-03_04-27-12", "timestamp": 1559561232, "time_this_iter_s": 41.21941518783569, "time_total_s": 456.5508177280426, "pid": 28558, "hostname": "steropes", "node_ip": "169.229.49.254", "config": {"starting_lr": 0.01, "momentum": 0.9, "weight_decay": 0.0005, "steps_per_iteration": null, "pin": false, "model_creator": null, "target_batch_size": 128, "model_string": "resnet50", "min_batch_size": 128, "dataset": "CIFAR", "placement": null, "use_nccl": true, "devices_per_worker": 1, "primary_resource": "extra_gpu", "gpu": false, "verbose": false, "lr_config": {"mode": "log", "steps": 5, "initial_lr": 0.01, "target_lr": 0.01}, "batch_per_device": 128}, "time_since_restore": 456.5508177280426, "timesteps_since_restore": 0, "iterations_since_restore": 11, "mean_throughput": 1461.930205072436, "atoms": 1, "setup_time": 11.554747581481934}
{"apply": 0.017643547058105467, "batch_time": 0.03317110749739635, "d2h": 0.0007022619247436523, "data_time": 0.0018513129495293893, "fwd": 0.028262996673583986, "get_state_time_mean": NaN, "get_state_time_total": 0.0, "grad": 0.047711300849914554, "mean_accuracy": 0.4587799906730652, "mean_loss": 1.9340264922332764, "neg_mean_accuracy": -0.4903999865055084, "set_state_time_mean": NaN, "set_state_time_total": 0.0, "setup_model_time_mean": NaN, "setup_model_time_total": 0.0, "setup_proc_time_mean": NaN, "setup_proc_time_total": 0.0, "train_accuracy": 0.4595399796962738, "train_loss": 1.5357070809936524, "training_time_mean": NaN, "training_time_total": 0.0, "val_accuracy": 0.4903999865055084, "val_loss": 1.8271226293563843, "validation_time_mean": NaN, "validation_time_total": 0.0, "samples": 60000, "num_workers": 1, "done": true, "timesteps_total": null, "episodes_total": null, "training_iteration": 12, "neg_mean_loss": -1.9340264922332764, "experiment_id": "a31a0162662a41f3b48aba3c3bce3483", "date": "2019-06-03_04-27-53", "timestamp": 1559561273, "time_this_iter_s": 41.126524209976196, "time_total_s": 497.6773419380188, "pid": 28558, "hostname": "steropes", "node_ip": "169.229.49.254", "config": {"starting_lr": 0.01, "momentum": 0.9, "weight_decay": 0.0005, "steps_per_iteration": null, "pin": false, "model_creator": null, "target_batch_size": 128, "model_string": "resnet50", "min_batch_size": 128, "dataset": "CIFAR", "placement": null, "use_nccl": true, "devices_per_worker": 1, "primary_resource": "extra_gpu", "gpu": false, "verbose": false, "lr_config": {"mode": "log", "steps": 5, "initial_lr": 0.01, "target_lr": 0.01}, "batch_per_device": 128}, "time_since_restore": 497.6773419380188, "timesteps_since_restore": 0, "iterations_since_restore": 12, "mean_throughput": 1460.2832764419447, "atoms": 1, "setup_time": 11.554747581481934}
