{"apply": 0.01914558410644531, "batch_time": 0.041936530342584925, "d2h": 0.0007387161254882813, "data_time": 0.0018399755668152323, "fwd": 0.1166266679763794, "get_state_time_mean": NaN, "get_state_time_total": 0.0, "grad": 0.16450214385986328, "mean_accuracy": 0.1599999964237213, "mean_loss": 2.2590566192626955, "neg_mean_accuracy": -0.1599999964237213, "set_state_time_mean": NaN, "set_state_time_total": 0.0, "setup_model_time_mean": 8.224286556243896, "setup_model_time_total": 8.224286556243896, "setup_proc_time_mean": 0.16533112525939941, "setup_proc_time_total": 0.16533112525939941, "train_accuracy": 0.12377999722957611, "train_loss": 4.700856912994385, "training_time_mean": NaN, "training_time_total": 0.0, "val_accuracy": 0.1599999964237213, "val_loss": 2.2590566192626955, "validation_time_mean": NaN, "validation_time_total": 0.0, "samples": 60000, "num_workers": 1, "done": false, "timesteps_total": null, "episodes_total": null, "training_iteration": 1, "neg_mean_loss": -2.2590566192626955, "experiment_id": "5b39b2f9762949fa8f1c6bc6a24f8f41", "date": "2019-06-06_07-09-21", "timestamp": 1559830161, "time_this_iter_s": 46.94953393936157, "time_total_s": 46.94953393936157, "pid": 7468, "hostname": "steropes", "node_ip": "169.229.49.254", "config": {"starting_lr": 0.05, "momentum": 0.95, "weight_decay": 0.0005, "steps_per_iteration": null, "pin": false, "model_creator": null, "target_batch_size": 128, "model_string": "resnet50", "min_batch_size": 128, "dataset": "CIFAR", "placement": null, "use_nccl": true, "devices_per_worker": 1, "primary_resource": "extra_gpu", "gpu": false, "verbose": false, "lr_config": {"mode": "log", "steps": 5, "initial_lr": 0.05, "target_lr": 0.05}, "batch_per_device": 128}, "time_since_restore": 46.94953393936157, "timesteps_since_restore": 0, "iterations_since_restore": 1, "mean_throughput": 1277.965459072946, "atoms": 1, "setup_time": 8.723354578018188}
{"apply": 0.01811075210571289, "batch_time": 0.03248708459395397, "d2h": 0.0007363557815551758, "data_time": 0.001820985008688534, "fwd": 0.028461241722106935, "get_state_time_mean": NaN, "get_state_time_total": 0.0, "grad": 0.048448610305786136, "mean_accuracy": 0.22789999842643738, "mean_loss": 2.07703471736908, "neg_mean_accuracy": -0.29580000042915344, "set_state_time_mean": NaN, "set_state_time_total": 0.0, "setup_model_time_mean": NaN, "setup_model_time_total": 0.0, "setup_proc_time_mean": NaN, "setup_proc_time_total": 0.0, "train_accuracy": 0.21964000165462494, "train_loss": 2.0504739352798462, "training_time_mean": NaN, "training_time_total": 0.0, "val_accuracy": 0.29580000042915344, "val_loss": 1.895012815475464, "validation_time_mean": NaN, "validation_time_total": 0.0, "samples": 60000, "num_workers": 1, "done": true, "timesteps_total": null, "episodes_total": null, "training_iteration": 2, "neg_mean_loss": -2.07703471736908, "experiment_id": "5b39b2f9762949fa8f1c6bc6a24f8f41", "date": "2019-06-06_07-10-02", "timestamp": 1559830202, "time_this_iter_s": 41.514222621917725, "time_total_s": 88.4637565612793, "pid": 7468, "hostname": "steropes", "node_ip": "169.229.49.254", "config": {"starting_lr": 0.05, "momentum": 0.95, "weight_decay": 0.0005, "steps_per_iteration": null, "pin": false, "model_creator": null, "target_batch_size": 128, "model_string": "resnet50", "min_batch_size": 128, "dataset": "CIFAR", "placement": null, "use_nccl": true, "devices_per_worker": 1, "primary_resource": "extra_gpu", "gpu": false, "verbose": false, "lr_config": {"mode": "log", "steps": 5, "initial_lr": 0.05, "target_lr": 0.05}, "batch_per_device": 128}, "time_since_restore": 88.4637565612793, "timesteps_since_restore": 0, "iterations_since_restore": 2, "mean_throughput": 1356.4850063644096, "atoms": 1, "setup_time": 8.723354578018188}
