{"apply": 0.018465614318847655, "batch_time": 0.04167342185974121, "d2h": 0.0006689310073852539, "data_time": 0.0019842224657687993, "fwd": 0.12007081508636475, "get_state_time_mean": NaN, "get_state_time_total": 0.0, "grad": 0.17123832702636718, "mean_accuracy": 0.09999999403953552, "mean_loss": 2.368497744369507, "neg_mean_accuracy": -0.09999999403953552, "set_state_time_mean": NaN, "set_state_time_total": 0.0, "setup_model_time_mean": 8.630223989486694, "setup_model_time_total": 8.630223989486694, "setup_proc_time_mean": 0.1255340576171875, "setup_proc_time_total": 0.1255340576171875, "train_accuracy": 0.10239999741315842, "train_loss": 4.774649387817383, "training_time_mean": NaN, "training_time_total": 0.0, "val_accuracy": 0.09999999403953552, "val_loss": 2.368497744369507, "validation_time_mean": NaN, "validation_time_total": 0.0, "samples": 60000, "num_workers": 1, "done": false, "timesteps_total": null, "episodes_total": null, "training_iteration": 1, "neg_mean_loss": -2.368497744369507, "experiment_id": "370cf28d9d5b4d4ca95f6bd99638a433", "date": "2019-06-06_13-18-58", "timestamp": 1559852338, "time_this_iter_s": 46.46888494491577, "time_total_s": 46.46888494491577, "pid": 11373, "hostname": "steropes", "node_ip": "169.229.49.254", "config": {"starting_lr": 0.5, "momentum": 0.95, "weight_decay": 0.0005, "steps_per_iteration": null, "pin": false, "model_creator": null, "target_batch_size": 128, "model_string": "resnet50", "min_batch_size": 128, "dataset": "CIFAR", "placement": null, "use_nccl": true, "devices_per_worker": 1, "primary_resource": "extra_gpu", "gpu": false, "verbose": false, "lr_config": {"mode": "log", "steps": 5, "initial_lr": 0.5, "target_lr": 0.5}, "batch_per_device": 128}, "time_since_restore": 46.46888494491577, "timesteps_since_restore": 0, "iterations_since_restore": 1, "mean_throughput": 1291.1824790432656, "atoms": 1, "setup_time": 8.877845525741577}
{"apply": 0.018749094009399413, "batch_time": 0.031516630438309684, "d2h": 0.0006726741790771485, "data_time": 0.0018455207805194514, "fwd": 0.028255248069763185, "get_state_time_mean": NaN, "get_state_time_total": 0.0, "grad": 0.047211527824401855, "mean_accuracy": 0.14619999378919601, "mean_loss": 2.813556366920471, "neg_mean_accuracy": -0.1923999935388565, "set_state_time_mean": NaN, "set_state_time_total": 0.0, "setup_model_time_mean": NaN, "setup_model_time_total": 0.0, "setup_proc_time_mean": NaN, "setup_proc_time_total": 0.0, "train_accuracy": 0.1553799957036972, "train_loss": 2.2563806548309326, "training_time_mean": NaN, "training_time_total": 0.0, "val_accuracy": 0.1923999935388565, "val_loss": 3.2586149894714356, "validation_time_mean": NaN, "validation_time_total": 0.0, "samples": 60000, "num_workers": 1, "done": false, "timesteps_total": null, "episodes_total": null, "training_iteration": 2, "neg_mean_loss": -2.813556366920471, "experiment_id": "370cf28d9d5b4d4ca95f6bd99638a433", "date": "2019-06-06_13-19-39", "timestamp": 1559852379, "time_this_iter_s": 40.83284020423889, "time_total_s": 87.30172514915466, "pid": 11373, "hostname": "steropes", "node_ip": "169.229.49.254", "config": {"starting_lr": 0.5, "momentum": 0.95, "weight_decay": 0.0005, "steps_per_iteration": null, "pin": false, "model_creator": null, "target_batch_size": 128, "model_string": "resnet50", "min_batch_size": 128, "dataset": "CIFAR", "placement": null, "use_nccl": true, "devices_per_worker": 1, "primary_resource": "extra_gpu", "gpu": false, "verbose": false, "lr_config": {"mode": "log", "steps": 5, "initial_lr": 0.5, "target_lr": 0.5}, "batch_per_device": 128}, "time_since_restore": 87.30172514915466, "timesteps_since_restore": 0, "iterations_since_restore": 2, "mean_throughput": 1374.5397142754036, "atoms": 1, "setup_time": 8.877845525741577}
{"apply": 0.01870572566986084, "batch_time": 0.03163271010676517, "d2h": 0.0006848812103271484, "data_time": 0.0018392633599088625, "fwd": 0.02792932987213135, "get_state_time_mean": NaN, "get_state_time_total": 0.0, "grad": 0.048246335983276364, "mean_accuracy": 0.16273332635561624, "mean_loss": 2.5551148372650148, "neg_mean_accuracy": -0.19579999148845673, "set_state_time_mean": NaN, "set_state_time_total": 0.0, "setup_model_time_mean": NaN, "setup_model_time_total": 0.0, "setup_proc_time_mean": NaN, "setup_proc_time_total": 0.0, "train_accuracy": 0.23551999032497406, "train_loss": 2.028488618850708, "training_time_mean": NaN, "training_time_total": 0.0, "val_accuracy": 0.19579999148845673, "val_loss": 2.0382317779541017, "validation_time_mean": NaN, "validation_time_total": 0.0, "samples": 60000, "num_workers": 1, "done": true, "timesteps_total": null, "episodes_total": null, "training_iteration": 3, "neg_mean_loss": -2.5551148372650148, "experiment_id": "370cf28d9d5b4d4ca95f6bd99638a433", "date": "2019-06-06_13-20-20", "timestamp": 1559852420, "time_this_iter_s": 40.80825734138489, "time_total_s": 128.10998249053955, "pid": 11373, "hostname": "steropes", "node_ip": "169.229.49.254", "config": {"starting_lr": 0.5, "momentum": 0.95, "weight_decay": 0.0005, "steps_per_iteration": null, "pin": false, "model_creator": null, "target_batch_size": 128, "model_string": "resnet50", "min_batch_size": 128, "dataset": "CIFAR", "placement": null, "use_nccl": true, "devices_per_worker": 1, "primary_resource": "extra_gpu", "gpu": false, "verbose": false, "lr_config": {"mode": "log", "steps": 5, "initial_lr": 0.5, "target_lr": 0.5}, "batch_per_device": 128}, "time_since_restore": 128.10998249053955, "timesteps_since_restore": 0, "iterations_since_restore": 3, "mean_throughput": 1405.0393787567625, "atoms": 1, "setup_time": 8.877845525741577}
