apply,batch_time,d2h,data_time,fwd,get_state_time_mean,get_state_time_total,grad,mean_accuracy,mean_loss,neg_mean_accuracy,set_state_time_mean,set_state_time_total,setup_model_time_mean,setup_model_time_total,setup_proc_time_mean,setup_proc_time_total,train_accuracy,train_loss,training_time_mean,training_time_total,val_accuracy,val_loss,validation_time_mean,validation_time_total,samples,num_workers,done,timesteps_total,episodes_total,training_iteration,neg_mean_loss,experiment_id,date,timestamp,time_this_iter_s,time_total_s,pid,hostname,node_ip,config,time_since_restore,timesteps_since_restore,iterations_since_restore,mean_throughput,atoms,setup_time
0.0208111047744751,0.04469733298579349,0.0007106542587280273,0.0018665022252465759,0.12094881534576415,nan,0.0,0.16941170692443847,0.2264999896287918,138.26054067077638,-0.2264999896287918,nan,0.0,10.427468299865723,10.427468299865723,0.19916939735412598,0.19916939735412598,0.1748799979686737,4.06882764251709,nan,0.0,0.2264999896287918,138.26054067077638,nan,0.0,60000,1,False,,,1,-138.26054067077638,424ef488e74d456aa792f4b272b87b2f,2019-06-06_02-20-15,1559812815,47.00333786010742,47.00333786010742,15373,steropes,169.229.49.254,"{'starting_lr': 0.005, 'momentum': 0.997, 'weight_decay': 0.001, 'steps_per_iteration': None, 'pin': False, 'model_creator': None, 'target_batch_size': 128, 'model_string': 'resnet50', 'min_batch_size': 128, 'dataset': 'CIFAR', 'placement': None, 'use_nccl': True, 'devices_per_worker': 1, 'primary_resource': 'extra_gpu', 'gpu': False, 'verbose': False, 'lr_config': {'mode': 'log', 'steps': 5, 'initial_lr': 0.005, 'target_lr': 0.005}, 'batch_per_device': 128}",47.00333786010742,0,1,1276.4993591868547,1,12.458998918533325
0.018156981468200682,0.032471176944201506,0.0007173776626586914,0.0018193599818002843,0.02792048454284668,nan,0.0,0.04816379547119141,0.22519998997449875,70.16915628433227,-0.2238999903202057,nan,0.0,nan,0.0,nan,0.0,0.17701999843120575,2.5719370836639404,nan,0.0,0.2238999903202057,2.0777718978881836,nan,0.0,60000,1,False,,,2,-70.16915628433227,424ef488e74d456aa792f4b272b87b2f,2019-06-06_02-20-56,1559812856,41.33920121192932,88.34253907203674,15373,steropes,169.229.49.254,"{'starting_lr': 0.005, 'momentum': 0.997, 'weight_decay': 0.001, 'steps_per_iteration': None, 'pin': False, 'model_creator': None, 'target_batch_size': 128, 'model_string': 'resnet50', 'min_batch_size': 128, 'dataset': 'CIFAR', 'placement': None, 'use_nccl': True, 'devices_per_worker': 1, 'primary_resource': 'extra_gpu', 'gpu': False, 'verbose': False, 'lr_config': {'mode': 'log', 'steps': 5, 'initial_lr': 0.005, 'target_lr': 0.005}, 'batch_per_device': 128}",88.34253907203674,0,2,1358.3443304434534,1,12.458998918533325
0.01800415515899658,0.032385038424141796,0.0008486270904541016,0.0018057981720360954,0.028768491744995118,nan,0.0,0.047948145866394044,0.24553332229455313,47.4049594938914,-0.28619998693466187,nan,0.0,nan,0.0,nan,0.0,0.2671400010585785,1.9547598488616944,nan,0.0,0.28619998693466187,1.8765659130096435,nan,0.0,60000,1,False,,,3,-47.4049594938914,424ef488e74d456aa792f4b272b87b2f,2019-06-06_02-21-37,1559812897,41.23046135902405,129.5730004310608,15373,steropes,169.229.49.254,"{'starting_lr': 0.005, 'momentum': 0.997, 'weight_decay': 0.001, 'steps_per_iteration': None, 'pin': False, 'model_creator': None, 'target_batch_size': 128, 'model_string': 'resnet50', 'min_batch_size': 128, 'dataset': 'CIFAR', 'placement': None, 'use_nccl': True, 'devices_per_worker': 1, 'primary_resource': 'extra_gpu', 'gpu': False, 'verbose': False, 'lr_config': {'mode': 'log', 'steps': 5, 'initial_lr': 0.005, 'target_lr': 0.005}, 'batch_per_device': 128}",129.5730004310608,0,3,1389.174209167656,1,12.458998918533325
0.01812455654144287,0.03454604028146478,0.000731658935546875,0.001812536088402009,0.028957223892211913,nan,0.0,0.04970879554748535,0.2753249891102314,35.9790613298893,-0.36469998955726624,nan,0.0,nan,0.0,nan,0.0,0.3146199882030487,1.8166376401519775,nan,0.0,0.36469998955726624,1.7013668378829956,nan,0.0,60000,1,False,,,4,-35.9790613298893,424ef488e74d456aa792f4b272b87b2f,2019-06-06_02-22-20,1559812940,42.54789710044861,172.1208975315094,15373,steropes,169.229.49.254,"{'starting_lr': 0.005, 'momentum': 0.997, 'weight_decay': 0.001, 'steps_per_iteration': None, 'pin': False, 'model_creator': None, 'target_batch_size': 128, 'model_string': 'resnet50', 'min_batch_size': 128, 'dataset': 'CIFAR', 'placement': None, 'use_nccl': True, 'devices_per_worker': 1, 'primary_resource': 'extra_gpu', 'gpu': False, 'verbose': False, 'lr_config': {'mode': 'log', 'steps': 5, 'initial_lr': 0.005, 'target_lr': 0.005}, 'batch_per_device': 128}",172.1208975315094,0,4,1394.3650295957723,1,12.458998918533325
0.01960101127624512,0.032635685763781584,0.0006663322448730469,0.0017825569338200953,0.028037190437316895,nan,0.0,0.05101330280303955,0.2980999916791916,29.114461782341003,-0.38920000195503235,nan,0.0,nan,0.0,nan,0.0,0.358599990606308,1.738981061935425,nan,0.0,0.38920000195503235,1.656063592147827,nan,0.0,60000,1,False,,,5,-29.114461782341003,424ef488e74d456aa792f4b272b87b2f,2019-06-06_02-23-02,1559812982,41.75326371192932,213.87416124343872,15373,steropes,169.229.49.254,"{'starting_lr': 0.005, 'momentum': 0.997, 'weight_decay': 0.001, 'steps_per_iteration': None, 'pin': False, 'model_creator': None, 'target_batch_size': 128, 'model_string': 'resnet50', 'min_batch_size': 128, 'dataset': 'CIFAR', 'placement': None, 'use_nccl': True, 'devices_per_worker': 1, 'primary_resource': 'extra_gpu', 'gpu': False, 'verbose': False, 'lr_config': {'mode': 'log', 'steps': 5, 'initial_lr': 0.005, 'target_lr': 0.005}, 'batch_per_device': 128}",213.87416124343872,0,5,1402.690501821237,1,12.458998918533325
0.019556498527526854,0.03304023984112317,0.0007236242294311523,0.0017272895559325547,0.03000960350036621,nan,0.0,0.051213192939758304,0.3454599916934967,1.7600135255813598,-0.4632999897003174,nan,0.0,nan,0.0,nan,0.0,0.3962399959564209,1.6385295839691163,nan,0.0,0.4632999897003174,1.4882993869781493,nan,0.0,60000,1,False,,,6,-1.7600135255813598,424ef488e74d456aa792f4b272b87b2f,2019-06-06_02-23-45,1559813025,43.191115856170654,257.0652770996094,15373,steropes,169.229.49.254,"{'starting_lr': 0.005, 'momentum': 0.997, 'weight_decay': 0.001, 'steps_per_iteration': None, 'pin': False, 'model_creator': None, 'target_batch_size': 128, 'model_string': 'resnet50', 'min_batch_size': 128, 'dataset': 'CIFAR', 'placement': None, 'use_nccl': True, 'devices_per_worker': 1, 'primary_resource': 'extra_gpu', 'gpu': False, 'verbose': False, 'lr_config': {'mode': 'log', 'steps': 5, 'initial_lr': 0.005, 'target_lr': 0.005}, 'batch_per_device': 128}",257.0652770996094,0,6,1428.1474839959253,1,12.458998918533325
0.017883288860321044,0.11210395395755768,0.0006741106510162354,0.004563670377342069,0.1753396511077881,nan,0.0,0.2990117788314819,0.39477999210357667,1.6335269832706452,-0.47049999237060547,5.108113169670105,5.108113169670105,12.431061923503876,12.431061923503876,0.8311252593994141,0.8311252593994141,0.43230000138282776,1.553262061777115,nan,0.0,0.47049999237060547,1.44533918633461,nan,0.0,60000,4,False,,,7,-1.6335269832706452,424ef488e74d456aa792f4b272b87b2f,2019-06-06_02-24-32,1559813072,24.00213646888733,281.0674135684967,22700,steropes,169.229.49.254,"{'starting_lr': 0.005, 'momentum': 0.997, 'weight_decay': 0.001, 'steps_per_iteration': None, 'pin': False, 'model_creator': None, 'target_batch_size': 128, 'model_string': 'resnet50', 'min_batch_size': 128, 'dataset': 'CIFAR', 'placement': None, 'use_nccl': True, 'devices_per_worker': 1, 'primary_resource': 'extra_gpu', 'gpu': False, 'verbose': False, 'lr_config': {'mode': 'log', 'steps': 5, 'initial_lr': 0.005, 'target_lr': 0.01}, 'batch_per_device': 128}",24.00213646888733,0,1,2499.7653287415046,4,23.076947450637817
0.01780214309692383,0.049664822220802304,0.0006877541542053223,0.004473971469061715,0.029213613271713255,nan,0.0,0.09887526035308838,0.4346799969673157,1.537592767829895,-0.48570001125335693,nan,0.0,nan,0.0,nan,0.0,0.45190000534057617,1.4902710672760011,nan,0.0,0.48570001125335693,1.396894835805893,nan,0.0,60000,4,False,,,8,-1.537592767829895,424ef488e74d456aa792f4b272b87b2f,2019-06-06_02-24-49,1559813089,16.413978815078735,297.48139238357544,22700,steropes,169.229.49.254,"{'starting_lr': 0.005, 'momentum': 0.997, 'weight_decay': 0.001, 'steps_per_iteration': None, 'pin': False, 'model_creator': None, 'target_batch_size': 128, 'model_string': 'resnet50', 'min_batch_size': 128, 'dataset': 'CIFAR', 'placement': None, 'use_nccl': True, 'devices_per_worker': 1, 'primary_resource': 'extra_gpu', 'gpu': False, 'verbose': False, 'lr_config': {'mode': 'log', 'steps': 5, 'initial_lr': 0.005, 'target_lr': 0.01}, 'batch_per_device': 128}",40.416115283966064,0,2,2969.0983962208347,4,23.076947450637817
0.01863638162612915,0.04751615822315216,0.0006670117378234862,0.004631677452398807,0.0321785569190979,nan,0.0,0.09739894270896912,0.4619200050830841,1.4661167214775088,-0.5009000301361084,nan,0.0,nan,0.0,nan,0.0,0.47509998083114624,1.4319335048389434,nan,0.0,0.5009000301361084,1.3439866061210632,nan,0.0,60000,4,True,,,9,-1.4661167214775088,424ef488e74d456aa792f4b272b87b2f,2019-06-06_02-25-05,1559813105,16.239171504974365,313.7205638885498,22700,steropes,169.229.49.254,"{'starting_lr': 0.005, 'momentum': 0.997, 'weight_decay': 0.001, 'steps_per_iteration': None, 'pin': False, 'model_creator': None, 'target_batch_size': 128, 'model_string': 'resnet50', 'min_batch_size': 128, 'dataset': 'CIFAR', 'placement': None, 'use_nccl': True, 'devices_per_worker': 1, 'primary_resource': 'extra_gpu', 'gpu': False, 'verbose': False, 'lr_config': {'mode': 'log', 'steps': 5, 'initial_lr': 0.005, 'target_lr': 0.01}, 'batch_per_device': 128}",56.65528678894043,0,3,3177.0933510686446,4,23.076947450637817
