{"apply": 0.0208111047744751, "batch_time": 0.04469733298579349, "d2h": 0.0007106542587280273, "data_time": 0.0018665022252465759, "fwd": 0.12094881534576415, "get_state_time_mean": NaN, "get_state_time_total": 0.0, "grad": 0.16941170692443847, "mean_accuracy": 0.2264999896287918, "mean_loss": 138.26054067077638, "neg_mean_accuracy": -0.2264999896287918, "set_state_time_mean": NaN, "set_state_time_total": 0.0, "setup_model_time_mean": 10.427468299865723, "setup_model_time_total": 10.427468299865723, "setup_proc_time_mean": 0.19916939735412598, "setup_proc_time_total": 0.19916939735412598, "train_accuracy": 0.1748799979686737, "train_loss": 4.06882764251709, "training_time_mean": NaN, "training_time_total": 0.0, "val_accuracy": 0.2264999896287918, "val_loss": 138.26054067077638, "validation_time_mean": NaN, "validation_time_total": 0.0, "samples": 60000, "num_workers": 1, "done": false, "timesteps_total": null, "episodes_total": null, "training_iteration": 1, "neg_mean_loss": -138.26054067077638, "experiment_id": "424ef488e74d456aa792f4b272b87b2f", "date": "2019-06-06_02-20-15", "timestamp": 1559812815, "time_this_iter_s": 47.00333786010742, "time_total_s": 47.00333786010742, "pid": 15373, "hostname": "steropes", "node_ip": "169.229.49.254", "config": {"starting_lr": 0.005, "momentum": 0.997, "weight_decay": 0.001, "steps_per_iteration": null, "pin": false, "model_creator": null, "target_batch_size": 128, "model_string": "resnet50", "min_batch_size": 128, "dataset": "CIFAR", "placement": null, "use_nccl": true, "devices_per_worker": 1, "primary_resource": "extra_gpu", "gpu": false, "verbose": false, "lr_config": {"mode": "log", "steps": 5, "initial_lr": 0.005, "target_lr": 0.005}, "batch_per_device": 128}, "time_since_restore": 47.00333786010742, "timesteps_since_restore": 0, "iterations_since_restore": 1, "mean_throughput": 1276.4993591868547, "atoms": 1, "setup_time": 12.458998918533325}
{"apply": 0.018156981468200682, "batch_time": 0.032471176944201506, "d2h": 0.0007173776626586914, "data_time": 0.0018193599818002843, "fwd": 0.02792048454284668, "get_state_time_mean": NaN, "get_state_time_total": 0.0, "grad": 0.04816379547119141, "mean_accuracy": 0.22519998997449875, "mean_loss": 70.16915628433227, "neg_mean_accuracy": -0.2238999903202057, "set_state_time_mean": NaN, "set_state_time_total": 0.0, "setup_model_time_mean": NaN, "setup_model_time_total": 0.0, "setup_proc_time_mean": NaN, "setup_proc_time_total": 0.0, "train_accuracy": 0.17701999843120575, "train_loss": 2.5719370836639404, "training_time_mean": NaN, "training_time_total": 0.0, "val_accuracy": 0.2238999903202057, "val_loss": 2.0777718978881836, "validation_time_mean": NaN, "validation_time_total": 0.0, "samples": 60000, "num_workers": 1, "done": false, "timesteps_total": null, "episodes_total": null, "training_iteration": 2, "neg_mean_loss": -70.16915628433227, "experiment_id": "424ef488e74d456aa792f4b272b87b2f", "date": "2019-06-06_02-20-56", "timestamp": 1559812856, "time_this_iter_s": 41.33920121192932, "time_total_s": 88.34253907203674, "pid": 15373, "hostname": "steropes", "node_ip": "169.229.49.254", "config": {"starting_lr": 0.005, "momentum": 0.997, "weight_decay": 0.001, "steps_per_iteration": null, "pin": false, "model_creator": null, "target_batch_size": 128, "model_string": "resnet50", "min_batch_size": 128, "dataset": "CIFAR", "placement": null, "use_nccl": true, "devices_per_worker": 1, "primary_resource": "extra_gpu", "gpu": false, "verbose": false, "lr_config": {"mode": "log", "steps": 5, "initial_lr": 0.005, "target_lr": 0.005}, "batch_per_device": 128}, "time_since_restore": 88.34253907203674, "timesteps_since_restore": 0, "iterations_since_restore": 2, "mean_throughput": 1358.3443304434534, "atoms": 1, "setup_time": 12.458998918533325}
{"apply": 0.01800415515899658, "batch_time": 0.032385038424141796, "d2h": 0.0008486270904541016, "data_time": 0.0018057981720360954, "fwd": 0.028768491744995118, "get_state_time_mean": NaN, "get_state_time_total": 0.0, "grad": 0.047948145866394044, "mean_accuracy": 0.24553332229455313, "mean_loss": 47.4049594938914, "neg_mean_accuracy": -0.28619998693466187, "set_state_time_mean": NaN, "set_state_time_total": 0.0, "setup_model_time_mean": NaN, "setup_model_time_total": 0.0, "setup_proc_time_mean": NaN, "setup_proc_time_total": 0.0, "train_accuracy": 0.2671400010585785, "train_loss": 1.9547598488616944, "training_time_mean": NaN, "training_time_total": 0.0, "val_accuracy": 0.28619998693466187, "val_loss": 1.8765659130096435, "validation_time_mean": NaN, "validation_time_total": 0.0, "samples": 60000, "num_workers": 1, "done": false, "timesteps_total": null, "episodes_total": null, "training_iteration": 3, "neg_mean_loss": -47.4049594938914, "experiment_id": "424ef488e74d456aa792f4b272b87b2f", "date": "2019-06-06_02-21-37", "timestamp": 1559812897, "time_this_iter_s": 41.23046135902405, "time_total_s": 129.5730004310608, "pid": 15373, "hostname": "steropes", "node_ip": "169.229.49.254", "config": {"starting_lr": 0.005, "momentum": 0.997, "weight_decay": 0.001, "steps_per_iteration": null, "pin": false, "model_creator": null, "target_batch_size": 128, "model_string": "resnet50", "min_batch_size": 128, "dataset": "CIFAR", "placement": null, "use_nccl": true, "devices_per_worker": 1, "primary_resource": "extra_gpu", "gpu": false, "verbose": false, "lr_config": {"mode": "log", "steps": 5, "initial_lr": 0.005, "target_lr": 0.005}, "batch_per_device": 128}, "time_since_restore": 129.5730004310608, "timesteps_since_restore": 0, "iterations_since_restore": 3, "mean_throughput": 1389.174209167656, "atoms": 1, "setup_time": 12.458998918533325}
{"apply": 0.01812455654144287, "batch_time": 0.03454604028146478, "d2h": 0.000731658935546875, "data_time": 0.001812536088402009, "fwd": 0.028957223892211913, "get_state_time_mean": NaN, "get_state_time_total": 0.0, "grad": 0.04970879554748535, "mean_accuracy": 0.2753249891102314, "mean_loss": 35.9790613298893, "neg_mean_accuracy": -0.36469998955726624, "set_state_time_mean": NaN, "set_state_time_total": 0.0, "setup_model_time_mean": NaN, "setup_model_time_total": 0.0, "setup_proc_time_mean": NaN, "setup_proc_time_total": 0.0, "train_accuracy": 0.3146199882030487, "train_loss": 1.8166376401519775, "training_time_mean": NaN, "training_time_total": 0.0, "val_accuracy": 0.36469998955726624, "val_loss": 1.7013668378829956, "validation_time_mean": NaN, "validation_time_total": 0.0, "samples": 60000, "num_workers": 1, "done": false, "timesteps_total": null, "episodes_total": null, "training_iteration": 4, "neg_mean_loss": -35.9790613298893, "experiment_id": "424ef488e74d456aa792f4b272b87b2f", "date": "2019-06-06_02-22-20", "timestamp": 1559812940, "time_this_iter_s": 42.54789710044861, "time_total_s": 172.1208975315094, "pid": 15373, "hostname": "steropes", "node_ip": "169.229.49.254", "config": {"starting_lr": 0.005, "momentum": 0.997, "weight_decay": 0.001, "steps_per_iteration": null, "pin": false, "model_creator": null, "target_batch_size": 128, "model_string": "resnet50", "min_batch_size": 128, "dataset": "CIFAR", "placement": null, "use_nccl": true, "devices_per_worker": 1, "primary_resource": "extra_gpu", "gpu": false, "verbose": false, "lr_config": {"mode": "log", "steps": 5, "initial_lr": 0.005, "target_lr": 0.005}, "batch_per_device": 128}, "time_since_restore": 172.1208975315094, "timesteps_since_restore": 0, "iterations_since_restore": 4, "mean_throughput": 1394.3650295957723, "atoms": 1, "setup_time": 12.458998918533325}
{"apply": 0.01960101127624512, "batch_time": 0.032635685763781584, "d2h": 0.0006663322448730469, "data_time": 0.0017825569338200953, "fwd": 0.028037190437316895, "get_state_time_mean": NaN, "get_state_time_total": 0.0, "grad": 0.05101330280303955, "mean_accuracy": 0.2980999916791916, "mean_loss": 29.114461782341003, "neg_mean_accuracy": -0.38920000195503235, "set_state_time_mean": NaN, "set_state_time_total": 0.0, "setup_model_time_mean": NaN, "setup_model_time_total": 0.0, "setup_proc_time_mean": NaN, "setup_proc_time_total": 0.0, "train_accuracy": 0.358599990606308, "train_loss": 1.738981061935425, "training_time_mean": NaN, "training_time_total": 0.0, "val_accuracy": 0.38920000195503235, "val_loss": 1.656063592147827, "validation_time_mean": NaN, "validation_time_total": 0.0, "samples": 60000, "num_workers": 1, "done": false, "timesteps_total": null, "episodes_total": null, "training_iteration": 5, "neg_mean_loss": -29.114461782341003, "experiment_id": "424ef488e74d456aa792f4b272b87b2f", "date": "2019-06-06_02-23-02", "timestamp": 1559812982, "time_this_iter_s": 41.75326371192932, "time_total_s": 213.87416124343872, "pid": 15373, "hostname": "steropes", "node_ip": "169.229.49.254", "config": {"starting_lr": 0.005, "momentum": 0.997, "weight_decay": 0.001, "steps_per_iteration": null, "pin": false, "model_creator": null, "target_batch_size": 128, "model_string": "resnet50", "min_batch_size": 128, "dataset": "CIFAR", "placement": null, "use_nccl": true, "devices_per_worker": 1, "primary_resource": "extra_gpu", "gpu": false, "verbose": false, "lr_config": {"mode": "log", "steps": 5, "initial_lr": 0.005, "target_lr": 0.005}, "batch_per_device": 128}, "time_since_restore": 213.87416124343872, "timesteps_since_restore": 0, "iterations_since_restore": 5, "mean_throughput": 1402.690501821237, "atoms": 1, "setup_time": 12.458998918533325}
{"apply": 0.019556498527526854, "batch_time": 0.03304023984112317, "d2h": 0.0007236242294311523, "data_time": 0.0017272895559325547, "fwd": 0.03000960350036621, "get_state_time_mean": NaN, "get_state_time_total": 0.0, "grad": 0.051213192939758304, "mean_accuracy": 0.3454599916934967, "mean_loss": 1.7600135255813598, "neg_mean_accuracy": -0.4632999897003174, "set_state_time_mean": NaN, "set_state_time_total": 0.0, "setup_model_time_mean": NaN, "setup_model_time_total": 0.0, "setup_proc_time_mean": NaN, "setup_proc_time_total": 0.0, "train_accuracy": 0.3962399959564209, "train_loss": 1.6385295839691163, "training_time_mean": NaN, "training_time_total": 0.0, "val_accuracy": 0.4632999897003174, "val_loss": 1.4882993869781493, "validation_time_mean": NaN, "validation_time_total": 0.0, "samples": 60000, "num_workers": 1, "done": false, "timesteps_total": null, "episodes_total": null, "training_iteration": 6, "neg_mean_loss": -1.7600135255813598, "experiment_id": "424ef488e74d456aa792f4b272b87b2f", "date": "2019-06-06_02-23-45", "timestamp": 1559813025, "time_this_iter_s": 43.191115856170654, "time_total_s": 257.0652770996094, "pid": 15373, "hostname": "steropes", "node_ip": "169.229.49.254", "config": {"starting_lr": 0.005, "momentum": 0.997, "weight_decay": 0.001, "steps_per_iteration": null, "pin": false, "model_creator": null, "target_batch_size": 128, "model_string": "resnet50", "min_batch_size": 128, "dataset": "CIFAR", "placement": null, "use_nccl": true, "devices_per_worker": 1, "primary_resource": "extra_gpu", "gpu": false, "verbose": false, "lr_config": {"mode": "log", "steps": 5, "initial_lr": 0.005, "target_lr": 0.005}, "batch_per_device": 128}, "time_since_restore": 257.0652770996094, "timesteps_since_restore": 0, "iterations_since_restore": 6, "mean_throughput": 1428.1474839959253, "atoms": 1, "setup_time": 12.458998918533325}
{"apply": 0.017883288860321044, "batch_time": 0.11210395395755768, "d2h": 0.0006741106510162354, "data_time": 0.004563670377342069, "fwd": 0.1753396511077881, "get_state_time_mean": NaN, "get_state_time_total": 0.0, "grad": 0.2990117788314819, "mean_accuracy": 0.39477999210357667, "mean_loss": 1.6335269832706452, "neg_mean_accuracy": -0.47049999237060547, "set_state_time_mean": 5.108113169670105, "set_state_time_total": 5.108113169670105, "setup_model_time_mean": 12.431061923503876, "setup_model_time_total": 12.431061923503876, "setup_proc_time_mean": 0.8311252593994141, "setup_proc_time_total": 0.8311252593994141, "train_accuracy": 0.43230000138282776, "train_loss": 1.553262061777115, "training_time_mean": NaN, "training_time_total": 0.0, "val_accuracy": 0.47049999237060547, "val_loss": 1.44533918633461, "validation_time_mean": NaN, "validation_time_total": 0.0, "samples": 60000, "num_workers": 4, "done": false, "timesteps_total": null, "episodes_total": null, "training_iteration": 7, "neg_mean_loss": -1.6335269832706452, "experiment_id": "424ef488e74d456aa792f4b272b87b2f", "date": "2019-06-06_02-24-32", "timestamp": 1559813072, "time_this_iter_s": 24.00213646888733, "time_total_s": 281.0674135684967, "pid": 22700, "hostname": "steropes", "node_ip": "169.229.49.254", "config": {"starting_lr": 0.005, "momentum": 0.997, "weight_decay": 0.001, "steps_per_iteration": null, "pin": false, "model_creator": null, "target_batch_size": 128, "model_string": "resnet50", "min_batch_size": 128, "dataset": "CIFAR", "placement": null, "use_nccl": true, "devices_per_worker": 1, "primary_resource": "extra_gpu", "gpu": false, "verbose": false, "lr_config": {"mode": "log", "steps": 5, "initial_lr": 0.005, "target_lr": 0.01}, "batch_per_device": 128}, "time_since_restore": 24.00213646888733, "timesteps_since_restore": 0, "iterations_since_restore": 1, "mean_throughput": 2499.7653287415046, "atoms": 4, "setup_time": 23.076947450637817}
{"apply": 0.01780214309692383, "batch_time": 0.049664822220802304, "d2h": 0.0006877541542053223, "data_time": 0.004473971469061715, "fwd": 0.029213613271713255, "get_state_time_mean": NaN, "get_state_time_total": 0.0, "grad": 0.09887526035308838, "mean_accuracy": 0.4346799969673157, "mean_loss": 1.537592767829895, "neg_mean_accuracy": -0.48570001125335693, "set_state_time_mean": NaN, "set_state_time_total": 0.0, "setup_model_time_mean": NaN, "setup_model_time_total": 0.0, "setup_proc_time_mean": NaN, "setup_proc_time_total": 0.0, "train_accuracy": 0.45190000534057617, "train_loss": 1.4902710672760011, "training_time_mean": NaN, "training_time_total": 0.0, "val_accuracy": 0.48570001125335693, "val_loss": 1.396894835805893, "validation_time_mean": NaN, "validation_time_total": 0.0, "samples": 60000, "num_workers": 4, "done": false, "timesteps_total": null, "episodes_total": null, "training_iteration": 8, "neg_mean_loss": -1.537592767829895, "experiment_id": "424ef488e74d456aa792f4b272b87b2f", "date": "2019-06-06_02-24-49", "timestamp": 1559813089, "time_this_iter_s": 16.413978815078735, "time_total_s": 297.48139238357544, "pid": 22700, "hostname": "steropes", "node_ip": "169.229.49.254", "config": {"starting_lr": 0.005, "momentum": 0.997, "weight_decay": 0.001, "steps_per_iteration": null, "pin": false, "model_creator": null, "target_batch_size": 128, "model_string": "resnet50", "min_batch_size": 128, "dataset": "CIFAR", "placement": null, "use_nccl": true, "devices_per_worker": 1, "primary_resource": "extra_gpu", "gpu": false, "verbose": false, "lr_config": {"mode": "log", "steps": 5, "initial_lr": 0.005, "target_lr": 0.01}, "batch_per_device": 128}, "time_since_restore": 40.416115283966064, "timesteps_since_restore": 0, "iterations_since_restore": 2, "mean_throughput": 2969.0983962208347, "atoms": 4, "setup_time": 23.076947450637817}
{"apply": 0.01863638162612915, "batch_time": 0.04751615822315216, "d2h": 0.0006670117378234862, "data_time": 0.004631677452398807, "fwd": 0.0321785569190979, "get_state_time_mean": NaN, "get_state_time_total": 0.0, "grad": 0.09739894270896912, "mean_accuracy": 0.4619200050830841, "mean_loss": 1.4661167214775088, "neg_mean_accuracy": -0.5009000301361084, "set_state_time_mean": NaN, "set_state_time_total": 0.0, "setup_model_time_mean": NaN, "setup_model_time_total": 0.0, "setup_proc_time_mean": NaN, "setup_proc_time_total": 0.0, "train_accuracy": 0.47509998083114624, "train_loss": 1.4319335048389434, "training_time_mean": NaN, "training_time_total": 0.0, "val_accuracy": 0.5009000301361084, "val_loss": 1.3439866061210632, "validation_time_mean": NaN, "validation_time_total": 0.0, "samples": 60000, "num_workers": 4, "done": true, "timesteps_total": null, "episodes_total": null, "training_iteration": 9, "neg_mean_loss": -1.4661167214775088, "experiment_id": "424ef488e74d456aa792f4b272b87b2f", "date": "2019-06-06_02-25-05", "timestamp": 1559813105, "time_this_iter_s": 16.239171504974365, "time_total_s": 313.7205638885498, "pid": 22700, "hostname": "steropes", "node_ip": "169.229.49.254", "config": {"starting_lr": 0.005, "momentum": 0.997, "weight_decay": 0.001, "steps_per_iteration": null, "pin": false, "model_creator": null, "target_batch_size": 128, "model_string": "resnet50", "min_batch_size": 128, "dataset": "CIFAR", "placement": null, "use_nccl": true, "devices_per_worker": 1, "primary_resource": "extra_gpu", "gpu": false, "verbose": false, "lr_config": {"mode": "log", "steps": 5, "initial_lr": 0.005, "target_lr": 0.01}, "batch_per_device": 128}, "time_since_restore": 56.65528678894043, "timesteps_since_restore": 0, "iterations_since_restore": 3, "mean_throughput": 3177.0933510686446, "atoms": 4, "setup_time": 23.076947450637817}
