{"apply": 0.019097304344177245, "batch_time": 0.04214664954173414, "d2h": 0.000740814208984375, "data_time": 0.0018283454963313344, "fwd": 0.12025964260101318, "get_state_time_mean": NaN, "get_state_time_total": 0.0, "grad": 0.17443521022796632, "mean_accuracy": 0.15639999508857727, "mean_loss": 3.918171332550049, "neg_mean_accuracy": -0.15639999508857727, "set_state_time_mean": NaN, "set_state_time_total": 0.0, "setup_model_time_mean": 9.015143871307373, "setup_model_time_total": 9.015143871307373, "setup_proc_time_mean": 0.5191445350646973, "setup_proc_time_total": 0.5191445350646973, "train_accuracy": 0.14711999893188477, "train_loss": 4.737756170730591, "training_time_mean": NaN, "training_time_total": 0.0, "val_accuracy": 0.15639999508857727, "val_loss": 3.918171332550049, "validation_time_mean": NaN, "validation_time_total": 0.0, "samples": 60000, "num_workers": 1, "done": false, "timesteps_total": null, "episodes_total": null, "training_iteration": 1, "neg_mean_loss": -3.918171332550049, "experiment_id": "ff267c385c6f44e29e90bdb8b17b4ad6", "date": "2019-06-06_07-18-32", "timestamp": 1559830712, "time_this_iter_s": 48.57468938827515, "time_total_s": 48.57468938827515, "pid": 16838, "hostname": "steropes", "node_ip": "169.229.49.254", "config": {"starting_lr": 0.01, "momentum": 0.997, "weight_decay": 0.001, "steps_per_iteration": null, "pin": false, "model_creator": null, "target_batch_size": 128, "model_string": "resnet50", "min_batch_size": 128, "dataset": "CIFAR", "placement": null, "use_nccl": true, "devices_per_worker": 1, "primary_resource": "extra_gpu", "gpu": false, "verbose": false, "lr_config": {"mode": "log", "steps": 5, "initial_lr": 0.01, "target_lr": 0.01}, "batch_per_device": 128}, "time_since_restore": 48.57468938827515, "timesteps_since_restore": 0, "iterations_since_restore": 1, "mean_throughput": 1235.2058571882558, "atoms": 1, "setup_time": 9.63082218170166}
{"apply": 0.0184049129486084, "batch_time": 0.034585566460331785, "d2h": 0.0008044958114624024, "data_time": 0.001773464710206327, "fwd": 0.02839832305908203, "get_state_time_mean": NaN, "get_state_time_total": 0.0, "grad": 0.050240373611450194, "mean_accuracy": 0.1436999961733818, "mean_loss": 3.3456583816528322, "neg_mean_accuracy": -0.13099999725818634, "set_state_time_mean": NaN, "set_state_time_total": 0.0, "setup_model_time_mean": NaN, "setup_model_time_total": 0.0, "setup_proc_time_mean": NaN, "setup_proc_time_total": 0.0, "train_accuracy": 0.15860000252723694, "train_loss": 2.5104409114837645, "training_time_mean": NaN, "training_time_total": 0.0, "val_accuracy": 0.13099999725818634, "val_loss": 2.773145430755615, "validation_time_mean": NaN, "validation_time_total": 0.0, "samples": 60000, "num_workers": 1, "done": true, "timesteps_total": null, "episodes_total": null, "training_iteration": 2, "neg_mean_loss": -3.3456583816528322, "experiment_id": "ff267c385c6f44e29e90bdb8b17b4ad6", "date": "2019-06-06_07-19-15", "timestamp": 1559830755, "time_this_iter_s": 42.47201871871948, "time_total_s": 91.04670810699463, "pid": 16838, "hostname": "steropes", "node_ip": "169.229.49.254", "config": {"starting_lr": 0.01, "momentum": 0.997, "weight_decay": 0.001, "steps_per_iteration": null, "pin": false, "model_creator": null, "target_batch_size": 128, "model_string": "resnet50", "min_batch_size": 128, "dataset": "CIFAR", "placement": null, "use_nccl": true, "devices_per_worker": 1, "primary_resource": "extra_gpu", "gpu": false, "verbose": false, "lr_config": {"mode": "log", "steps": 5, "initial_lr": 0.01, "target_lr": 0.01}, "batch_per_device": 128}, "time_since_restore": 91.04670810699463, "timesteps_since_restore": 0, "iterations_since_restore": 2, "mean_throughput": 1318.0002213476553, "atoms": 1, "setup_time": 9.63082218170166}
