{"apply": 0.01753544807434082, "batch_time": 0.04104556916635248, "d2h": 0.0006560802459716797, "data_time": 0.0017993687973607837, "fwd": 0.11616709232330322, "get_state_time_mean": NaN, "get_state_time_total": 0.0, "grad": 0.16359734535217285, "mean_accuracy": 0.0957999974489212, "mean_loss": 11.239835632324219, "neg_mean_accuracy": -0.0957999974489212, "set_state_time_mean": NaN, "set_state_time_total": 0.0, "setup_model_time_mean": 8.465213060379028, "setup_model_time_total": 8.465213060379028, "setup_proc_time_mean": 0.24508929252624512, "setup_proc_time_total": 0.24508929252624512, "train_accuracy": 0.10678000003099442, "train_loss": 10.645347598571778, "training_time_mean": NaN, "training_time_total": 0.0, "val_accuracy": 0.0957999974489212, "val_loss": 11.239835632324219, "validation_time_mean": NaN, "validation_time_total": 0.0, "samples": 60000, "num_workers": 1, "done": false, "timesteps_total": null, "episodes_total": null, "training_iteration": 1, "neg_mean_loss": -11.239835632324219, "experiment_id": "fc29e2d5a6e5403bba5f1960c5907e79", "date": "2019-06-02_20-19-10", "timestamp": 1559531950, "time_this_iter_s": 46.2627317905426, "time_total_s": 46.2627317905426, "pid": 24110, "hostname": "steropes", "node_ip": "169.229.49.254", "config": {"starting_lr": 0.1, "momentum": 0.99, "weight_decay": 0.005, "steps_per_iteration": null, "pin": false, "model_creator": null, "target_batch_size": 128, "model_string": "resnet50", "min_batch_size": 128, "dataset": "CIFAR", "placement": null, "use_nccl": true, "devices_per_worker": 1, "primary_resource": "extra_gpu", "gpu": false, "verbose": false, "lr_config": {"mode": "log", "steps": 5, "initial_lr": 0.1, "target_lr": 0.1}, "batch_per_device": 128}, "time_since_restore": 46.2627317905426, "timesteps_since_restore": 0, "iterations_since_restore": 1, "mean_throughput": 1296.9378601628996, "atoms": 1, "setup_time": 9.184458255767822}
{"apply": 0.017797565460205077, "batch_time": 0.03363347053527832, "d2h": 0.0007045507431030273, "data_time": 0.0017895765621643847, "fwd": 0.02795741558074951, "get_state_time_mean": NaN, "get_state_time_total": 0.0, "grad": 0.048959541320800784, "mean_accuracy": 0.09789999574422836, "mean_loss": 208195377.65191782, "neg_mean_accuracy": -0.09999999403953552, "set_state_time_mean": NaN, "set_state_time_total": 0.0, "setup_model_time_mean": NaN, "setup_model_time_total": 0.0, "setup_proc_time_mean": NaN, "setup_proc_time_total": 0.0, "train_accuracy": 0.10631999373435974, "train_loss": 12.842528820800782, "training_time_mean": NaN, "training_time_total": 0.0, "val_accuracy": 0.09999999403953552, "val_loss": 416390744.064, "validation_time_mean": NaN, "validation_time_total": 0.0, "samples": 60000, "num_workers": 1, "done": false, "timesteps_total": null, "episodes_total": null, "training_iteration": 2, "neg_mean_loss": -208195377.65191782, "experiment_id": "fc29e2d5a6e5403bba5f1960c5907e79", "date": "2019-06-02_20-19-51", "timestamp": 1559531991, "time_this_iter_s": 41.03604292869568, "time_total_s": 87.29877471923828, "pid": 24110, "hostname": "steropes", "node_ip": "169.229.49.254", "config": {"starting_lr": 0.1, "momentum": 0.99, "weight_decay": 0.005, "steps_per_iteration": null, "pin": false, "model_creator": null, "target_batch_size": 128, "model_string": "resnet50", "min_batch_size": 128, "dataset": "CIFAR", "placement": null, "use_nccl": true, "devices_per_worker": 1, "primary_resource": "extra_gpu", "gpu": false, "verbose": false, "lr_config": {"mode": "log", "steps": 5, "initial_lr": 0.1, "target_lr": 0.1}, "batch_per_device": 128}, "time_since_restore": 87.29877471923828, "timesteps_since_restore": 0, "iterations_since_restore": 2, "mean_throughput": 1374.5871754593081, "atoms": 1, "setup_time": 9.184458255767822}
{"apply": 0.018080520629882812, "batch_time": 0.0334010124206543, "d2h": 0.0007437467575073242, "data_time": 0.0018073750273955753, "fwd": 0.02800109386444092, "get_state_time_mean": NaN, "get_state_time_total": 0.0, "grad": 0.048435091972351074, "mean_accuracy": 0.09839999675750732, "mean_loss": 138797456.90595314, "neg_mean_accuracy": -0.09939999878406525, "set_state_time_mean": NaN, "set_state_time_total": 0.0, "setup_model_time_mean": NaN, "setup_model_time_total": 0.0, "setup_proc_time_mean": NaN, "setup_proc_time_total": 0.0, "train_accuracy": 0.10707999765872955, "train_loss": 25.43552182922363, "training_time_mean": NaN, "training_time_total": 0.0, "val_accuracy": 0.09939999878406525, "val_loss": 1615.414023828125, "validation_time_mean": NaN, "validation_time_total": 0.0, "samples": 60000, "num_workers": 1, "done": true, "timesteps_total": null, "episodes_total": null, "training_iteration": 3, "neg_mean_loss": -138797456.90595314, "experiment_id": "fc29e2d5a6e5403bba5f1960c5907e79", "date": "2019-06-02_20-20-32", "timestamp": 1559532032, "time_this_iter_s": 40.93009090423584, "time_total_s": 128.22886562347412, "pid": 24110, "hostname": "steropes", "node_ip": "169.229.49.254", "config": {"starting_lr": 0.1, "momentum": 0.99, "weight_decay": 0.005, "steps_per_iteration": null, "pin": false, "model_creator": null, "target_batch_size": 128, "model_string": "resnet50", "min_batch_size": 128, "dataset": "CIFAR", "placement": null, "use_nccl": true, "devices_per_worker": 1, "primary_resource": "extra_gpu", "gpu": false, "verbose": false, "lr_config": {"mode": "log", "steps": 5, "initial_lr": 0.1, "target_lr": 0.1}, "batch_per_device": 128}, "time_since_restore": 128.22886562347412, "timesteps_since_restore": 0, "iterations_since_restore": 3, "mean_throughput": 1403.7355952754426, "atoms": 1, "setup_time": 9.184458255767822}
