apply,batch_time,d2h,data_time,fwd,get_state_time_mean,get_state_time_total,grad,mean_accuracy,mean_loss,neg_mean_accuracy,set_state_time_mean,set_state_time_total,setup_model_time_mean,setup_model_time_total,setup_proc_time_mean,setup_proc_time_total,train_accuracy,train_loss,training_time_mean,training_time_total,val_accuracy,val_loss,validation_time_mean,validation_time_total,samples,num_workers,done,timesteps_total,episodes_total,training_iteration,neg_mean_loss,experiment_id,date,timestamp,time_this_iter_s,time_total_s,pid,hostname,node_ip,config,time_since_restore,timesteps_since_restore,iterations_since_restore,mean_throughput,atoms,setup_time
0.01808938980102539,0.04553256457365012,0.0007078647613525391,0.0018854830271142827,0.11873984336853027,nan,0.0,0.1669849634170532,0.1597999930381775,2.286361396789551,-0.1597999930381775,nan,0.0,10.738823413848877,10.738823413848877,1.6856980323791504,1.6856980323791504,0.12821999192237854,2.6211189433288573,nan,0.0,0.1597999930381775,2.286361396789551,nan,0.0,60000,1,False,,,1,-2.286361396789551,0e484a11c61049f88737bdb77df79224,2019-06-06_02-15-16,1559812516,46.62100887298584,46.62100887298584,9765,steropes,169.229.49.254,"{'starting_lr': 0.0001, 'momentum': 0.95, 'weight_decay': 0.0001, 'steps_per_iteration': None, 'pin': False, 'model_creator': None, 'target_batch_size': 128, 'model_string': 'resnet50', 'min_batch_size': 128, 'dataset': 'CIFAR', 'placement': None, 'use_nccl': True, 'devices_per_worker': 1, 'primary_resource': 'extra_gpu', 'gpu': False, 'verbose': False, 'lr_config': {'mode': 'log', 'steps': 5, 'initial_lr': 0.0001, 'target_lr': 0.0001}, 'batch_per_device': 128}",46.62100887298584,0,1,1286.9708893955133,1,12.522813081741333
0.017695856094360352,0.03221229058277758,0.0007532358169555664,0.001858635631668598,0.027980566024780273,nan,0.0,0.047217369079589844,0.181099995970726,2.2147521009445192,-0.20239999890327454,nan,0.0,nan,0.0,nan,0.0,0.17075999081134796,2.243093124847412,nan,0.0,0.20239999890327454,2.143142805099487,nan,0.0,60000,1,False,,,2,-2.2147521009445192,0e484a11c61049f88737bdb77df79224,2019-06-06_02-15-57,1559812557,41.14884948730469,87.76985836029053,9765,steropes,169.229.49.254,"{'starting_lr': 0.0001, 'momentum': 0.95, 'weight_decay': 0.0001, 'steps_per_iteration': None, 'pin': False, 'model_creator': None, 'target_batch_size': 128, 'model_string': 'resnet50', 'min_batch_size': 128, 'dataset': 'CIFAR', 'placement': None, 'use_nccl': True, 'devices_per_worker': 1, 'primary_resource': 'extra_gpu', 'gpu': False, 'verbose': False, 'lr_config': {'mode': 'log', 'steps': 5, 'initial_lr': 0.0001, 'target_lr': 0.0001}, 'batch_per_device': 128}",87.76985836029053,0,2,1367.2093445321343,1,12.522813081741333
0.0174379825592041,0.03254986412917511,0.000767374038696289,0.0019077462003663983,0.028136658668518066,nan,0.0,0.04786016941070557,0.2023999939362208,2.154876016743978,-0.2449999898672104,nan,0.0,nan,0.0,nan,0.0,0.21187999844551086,2.132437601470947,nan,0.0,0.2449999898672104,2.0351238483428955,nan,0.0,60000,1,False,,,3,-2.154876016743978,0e484a11c61049f88737bdb77df79224,2019-06-06_02-16-38,1559812598,41.00959610939026,128.7794544696808,9765,steropes,169.229.49.254,"{'starting_lr': 0.0001, 'momentum': 0.95, 'weight_decay': 0.0001, 'steps_per_iteration': None, 'pin': False, 'model_creator': None, 'target_batch_size': 128, 'model_string': 'resnet50', 'min_batch_size': 128, 'dataset': 'CIFAR', 'placement': None, 'use_nccl': True, 'devices_per_worker': 1, 'primary_resource': 'extra_gpu', 'gpu': False, 'verbose': False, 'lr_config': {'mode': 'log', 'steps': 5, 'initial_lr': 0.0001, 'target_lr': 0.0001}, 'batch_per_device': 128}",128.7794544696808,0,3,1397.73478773884,1,12.522813081741333
0.018161725997924805,0.032434596291071253,0.0007092237472534179,0.0018995594795402663,0.028068280220031737,nan,0.0,0.048323988914489746,0.2205749936401844,2.1117343269348146,-0.2750999927520752,nan,0.0,nan,0.0,nan,0.0,0.24427999556064606,2.042865135421753,nan,0.0,0.2750999927520752,1.9823092575073242,nan,0.0,60000,1,True,,,4,-2.1117343269348146,0e484a11c61049f88737bdb77df79224,2019-06-06_02-17-19,1559812639,41.21314549446106,169.99259996414185,9765,steropes,169.229.49.254,"{'starting_lr': 0.0001, 'momentum': 0.95, 'weight_decay': 0.0001, 'steps_per_iteration': None, 'pin': False, 'model_creator': None, 'target_batch_size': 128, 'model_string': 'resnet50', 'min_batch_size': 128, 'dataset': 'CIFAR', 'placement': None, 'use_nccl': True, 'devices_per_worker': 1, 'primary_resource': 'extra_gpu', 'gpu': False, 'verbose': False, 'lr_config': {'mode': 'log', 'steps': 5, 'initial_lr': 0.0001, 'target_lr': 0.0001}, 'batch_per_device': 128}",169.99259996414185,0,4,1411.822683081884,1,12.522813081741333
