{"apply": 0.01808938980102539, "batch_time": 0.04553256457365012, "d2h": 0.0007078647613525391, "data_time": 0.0018854830271142827, "fwd": 0.11873984336853027, "get_state_time_mean": NaN, "get_state_time_total": 0.0, "grad": 0.1669849634170532, "mean_accuracy": 0.1597999930381775, "mean_loss": 2.286361396789551, "neg_mean_accuracy": -0.1597999930381775, "set_state_time_mean": NaN, "set_state_time_total": 0.0, "setup_model_time_mean": 10.738823413848877, "setup_model_time_total": 10.738823413848877, "setup_proc_time_mean": 1.6856980323791504, "setup_proc_time_total": 1.6856980323791504, "train_accuracy": 0.12821999192237854, "train_loss": 2.6211189433288573, "training_time_mean": NaN, "training_time_total": 0.0, "val_accuracy": 0.1597999930381775, "val_loss": 2.286361396789551, "validation_time_mean": NaN, "validation_time_total": 0.0, "samples": 60000, "num_workers": 1, "done": false, "timesteps_total": null, "episodes_total": null, "training_iteration": 1, "neg_mean_loss": -2.286361396789551, "experiment_id": "0e484a11c61049f88737bdb77df79224", "date": "2019-06-06_02-15-16", "timestamp": 1559812516, "time_this_iter_s": 46.62100887298584, "time_total_s": 46.62100887298584, "pid": 9765, "hostname": "steropes", "node_ip": "169.229.49.254", "config": {"starting_lr": 0.0001, "momentum": 0.95, "weight_decay": 0.0001, "steps_per_iteration": null, "pin": false, "model_creator": null, "target_batch_size": 128, "model_string": "resnet50", "min_batch_size": 128, "dataset": "CIFAR", "placement": null, "use_nccl": true, "devices_per_worker": 1, "primary_resource": "extra_gpu", "gpu": false, "verbose": false, "lr_config": {"mode": "log", "steps": 5, "initial_lr": 0.0001, "target_lr": 0.0001}, "batch_per_device": 128}, "time_since_restore": 46.62100887298584, "timesteps_since_restore": 0, "iterations_since_restore": 1, "mean_throughput": 1286.9708893955133, "atoms": 1, "setup_time": 12.522813081741333}
{"apply": 0.017695856094360352, "batch_time": 0.03221229058277758, "d2h": 0.0007532358169555664, "data_time": 0.001858635631668598, "fwd": 0.027980566024780273, "get_state_time_mean": NaN, "get_state_time_total": 0.0, "grad": 0.047217369079589844, "mean_accuracy": 0.181099995970726, "mean_loss": 2.2147521009445192, "neg_mean_accuracy": -0.20239999890327454, "set_state_time_mean": NaN, "set_state_time_total": 0.0, "setup_model_time_mean": NaN, "setup_model_time_total": 0.0, "setup_proc_time_mean": NaN, "setup_proc_time_total": 0.0, "train_accuracy": 0.17075999081134796, "train_loss": 2.243093124847412, "training_time_mean": NaN, "training_time_total": 0.0, "val_accuracy": 0.20239999890327454, "val_loss": 2.143142805099487, "validation_time_mean": NaN, "validation_time_total": 0.0, "samples": 60000, "num_workers": 1, "done": false, "timesteps_total": null, "episodes_total": null, "training_iteration": 2, "neg_mean_loss": -2.2147521009445192, "experiment_id": "0e484a11c61049f88737bdb77df79224", "date": "2019-06-06_02-15-57", "timestamp": 1559812557, "time_this_iter_s": 41.14884948730469, "time_total_s": 87.76985836029053, "pid": 9765, "hostname": "steropes", "node_ip": "169.229.49.254", "config": {"starting_lr": 0.0001, "momentum": 0.95, "weight_decay": 0.0001, "steps_per_iteration": null, "pin": false, "model_creator": null, "target_batch_size": 128, "model_string": "resnet50", "min_batch_size": 128, "dataset": "CIFAR", "placement": null, "use_nccl": true, "devices_per_worker": 1, "primary_resource": "extra_gpu", "gpu": false, "verbose": false, "lr_config": {"mode": "log", "steps": 5, "initial_lr": 0.0001, "target_lr": 0.0001}, "batch_per_device": 128}, "time_since_restore": 87.76985836029053, "timesteps_since_restore": 0, "iterations_since_restore": 2, "mean_throughput": 1367.2093445321343, "atoms": 1, "setup_time": 12.522813081741333}
{"apply": 0.0174379825592041, "batch_time": 0.03254986412917511, "d2h": 0.000767374038696289, "data_time": 0.0019077462003663983, "fwd": 0.028136658668518066, "get_state_time_mean": NaN, "get_state_time_total": 0.0, "grad": 0.04786016941070557, "mean_accuracy": 0.2023999939362208, "mean_loss": 2.154876016743978, "neg_mean_accuracy": -0.2449999898672104, "set_state_time_mean": NaN, "set_state_time_total": 0.0, "setup_model_time_mean": NaN, "setup_model_time_total": 0.0, "setup_proc_time_mean": NaN, "setup_proc_time_total": 0.0, "train_accuracy": 0.21187999844551086, "train_loss": 2.132437601470947, "training_time_mean": NaN, "training_time_total": 0.0, "val_accuracy": 0.2449999898672104, "val_loss": 2.0351238483428955, "validation_time_mean": NaN, "validation_time_total": 0.0, "samples": 60000, "num_workers": 1, "done": false, "timesteps_total": null, "episodes_total": null, "training_iteration": 3, "neg_mean_loss": -2.154876016743978, "experiment_id": "0e484a11c61049f88737bdb77df79224", "date": "2019-06-06_02-16-38", "timestamp": 1559812598, "time_this_iter_s": 41.00959610939026, "time_total_s": 128.7794544696808, "pid": 9765, "hostname": "steropes", "node_ip": "169.229.49.254", "config": {"starting_lr": 0.0001, "momentum": 0.95, "weight_decay": 0.0001, "steps_per_iteration": null, "pin": false, "model_creator": null, "target_batch_size": 128, "model_string": "resnet50", "min_batch_size": 128, "dataset": "CIFAR", "placement": null, "use_nccl": true, "devices_per_worker": 1, "primary_resource": "extra_gpu", "gpu": false, "verbose": false, "lr_config": {"mode": "log", "steps": 5, "initial_lr": 0.0001, "target_lr": 0.0001}, "batch_per_device": 128}, "time_since_restore": 128.7794544696808, "timesteps_since_restore": 0, "iterations_since_restore": 3, "mean_throughput": 1397.73478773884, "atoms": 1, "setup_time": 12.522813081741333}
{"apply": 0.018161725997924805, "batch_time": 0.032434596291071253, "d2h": 0.0007092237472534179, "data_time": 0.0018995594795402663, "fwd": 0.028068280220031737, "get_state_time_mean": NaN, "get_state_time_total": 0.0, "grad": 0.048323988914489746, "mean_accuracy": 0.2205749936401844, "mean_loss": 2.1117343269348146, "neg_mean_accuracy": -0.2750999927520752, "set_state_time_mean": NaN, "set_state_time_total": 0.0, "setup_model_time_mean": NaN, "setup_model_time_total": 0.0, "setup_proc_time_mean": NaN, "setup_proc_time_total": 0.0, "train_accuracy": 0.24427999556064606, "train_loss": 2.042865135421753, "training_time_mean": NaN, "training_time_total": 0.0, "val_accuracy": 0.2750999927520752, "val_loss": 1.9823092575073242, "validation_time_mean": NaN, "validation_time_total": 0.0, "samples": 60000, "num_workers": 1, "done": true, "timesteps_total": null, "episodes_total": null, "training_iteration": 4, "neg_mean_loss": -2.1117343269348146, "experiment_id": "0e484a11c61049f88737bdb77df79224", "date": "2019-06-06_02-17-19", "timestamp": 1559812639, "time_this_iter_s": 41.21314549446106, "time_total_s": 169.99259996414185, "pid": 9765, "hostname": "steropes", "node_ip": "169.229.49.254", "config": {"starting_lr": 0.0001, "momentum": 0.95, "weight_decay": 0.0001, "steps_per_iteration": null, "pin": false, "model_creator": null, "target_batch_size": 128, "model_string": "resnet50", "min_batch_size": 128, "dataset": "CIFAR", "placement": null, "use_nccl": true, "devices_per_worker": 1, "primary_resource": "extra_gpu", "gpu": false, "verbose": false, "lr_config": {"mode": "log", "steps": 5, "initial_lr": 0.0001, "target_lr": 0.0001}, "batch_per_device": 128}, "time_since_restore": 169.99259996414185, "timesteps_since_restore": 0, "iterations_since_restore": 4, "mean_throughput": 1411.822683081884, "atoms": 1, "setup_time": 12.522813081741333}
