apply,batch_time,d2h,data_time,fwd,get_state_time_mean,get_state_time_total,grad,mean_accuracy,mean_loss,neg_mean_accuracy,set_state_time_mean,set_state_time_total,setup_model_time_mean,setup_model_time_total,setup_proc_time_mean,setup_proc_time_total,train_accuracy,train_loss,training_time_mean,training_time_total,validation_time_mean,validation_time_total,samples,num_workers,done,timesteps_total,episodes_total,training_iteration,neg_mean_loss,experiment_id,date,timestamp,time_this_iter_s,time_total_s,pid,hostname,node_ip,config,time_since_restore,timesteps_since_restore,iterations_since_restore,mean_throughput,atoms
0.0074996471405029295,0.17579801082611085,0.004973864555358887,0.03657026680148378,0.07994804382324219,nan,0.0,0.1637951612472534,0.4359000027179718,1.5391484943389893,-0.4359000027179718,nan,0.0,13.138062715530396,13.138062715530396,1.730886459350586,1.730886459350586,0.32806000113487244,2.027792667694092,nan,0.0,nan,0.0,60000,1,False,,,1,-1.5391484943389893,99791196a7ce4cdcaa312a56ee74ac91,2019-05-30_14-46-18,1559252778,11.225313901901245,11.225313901901245,6392,steropes,169.229.49.254,"{'starting_lr': 0.05, 'momentum': 0.9, 'weight_decay': 0.005, 'steps_per_iteration': None, 'pin': False, 'model_creator': None, 'target_batch_size': 1024, 'model_string': 'resnet18', 'min_batch_size': 512, 'dataset': 'CIFAR', 'placement': None, 'use_nccl': True, 'devices_per_worker': 1, 'primary_resource': 'extra_gpu', 'gpu': False, 'verbose': False, 'lr_config': {'mode': 'log', 'steps': 5, 'initial_lr': 0.05, 'target_lr': 0.05}, 'batch_per_device': 1024}",11.225313901901245,0,1,5345.021126637915,1
0.007743287086486817,0.149546217918396,0.005340003967285156,0.04639929168078364,0.023303461074829102,nan,0.0,0.04651474952697754,0.49629998207092285,1.3934800554275513,-0.49629998207092285,nan,0.0,nan,0.0,nan,0.0,0.4808200001716614,1.429593305130005,nan,0.0,nan,0.0,60000,1,False,,,2,-1.3934800554275513,99791196a7ce4cdcaa312a56ee74ac91,2019-05-30_14-46-26,1559252786,8.198532104492188,19.423846006393433,6392,steropes,169.229.49.254,"{'starting_lr': 0.05, 'momentum': 0.9, 'weight_decay': 0.005, 'steps_per_iteration': None, 'pin': False, 'model_creator': None, 'target_batch_size': 1024, 'model_string': 'resnet18', 'min_batch_size': 512, 'dataset': 'CIFAR', 'placement': None, 'use_nccl': True, 'devices_per_worker': 1, 'primary_resource': 'extra_gpu', 'gpu': False, 'verbose': False, 'lr_config': {'mode': 'log', 'steps': 5, 'initial_lr': 0.05, 'target_lr': 0.05}, 'batch_per_device': 1024}",19.423846006393433,0,2,6177.9209488661645,1
0.007249021530151367,0.16860051155090333,0.00468592643737793,0.041077268366910974,0.0279482364654541,nan,0.0,0.05883183479309082,0.5194000005722046,1.343621230316162,-0.5194000005722046,nan,0.0,nan,0.0,nan,0.0,0.5376999974250793,1.262251989402771,nan,0.0,nan,0.0,60000,1,False,,,3,-1.343621230316162,99791196a7ce4cdcaa312a56ee74ac91,2019-05-30_14-46-35,1559252795,8.585460186004639,28.00930619239807,6392,steropes,169.229.49.254,"{'starting_lr': 0.05, 'momentum': 0.9, 'weight_decay': 0.005, 'steps_per_iteration': None, 'pin': False, 'model_creator': None, 'target_batch_size': 1024, 'model_string': 'resnet18', 'min_batch_size': 512, 'dataset': 'CIFAR', 'placement': None, 'use_nccl': True, 'devices_per_worker': 1, 'primary_resource': 'extra_gpu', 'gpu': False, 'verbose': False, 'lr_config': {'mode': 'log', 'steps': 5, 'initial_lr': 0.05, 'target_lr': 0.05}, 'batch_per_device': 1024}",28.00930619239807,0,3,6426.2729953791595,1
0.00843510627746582,0.13779613971710206,0.00452415943145752,0.049832358652231644,0.022763562202453614,nan,0.0,0.044846630096435545,0.5602999925613403,1.239452858543396,-0.5602999925613403,nan,0.0,nan,0.0,nan,0.0,0.5924000144004822,1.136743929748535,nan,0.0,nan,0.0,60000,1,False,,,4,-1.239452858543396,99791196a7ce4cdcaa312a56ee74ac91,2019-05-30_14-46-43,1559252803,8.571898698806763,36.581204891204834,6392,steropes,169.229.49.254,"{'starting_lr': 0.05, 'momentum': 0.9, 'weight_decay': 0.005, 'steps_per_iteration': None, 'pin': False, 'model_creator': None, 'target_batch_size': 1024, 'model_string': 'resnet18', 'min_batch_size': 512, 'dataset': 'CIFAR', 'placement': None, 'use_nccl': True, 'devices_per_worker': 1, 'primary_resource': 'extra_gpu', 'gpu': False, 'verbose': False, 'lr_config': {'mode': 'log', 'steps': 5, 'initial_lr': 0.05, 'target_lr': 0.05}, 'batch_per_device': 1024}",36.581204891204834,0,4,6560.605026219565,1
0.008989763259887696,0.13555715084075928,0.005234622955322265,0.040981161351106604,0.026930761337280274,nan,0.0,0.060965108871459964,0.5719999670982361,1.2612545391082763,-0.5719999670982361,nan,0.0,nan,0.0,nan,0.0,0.624239981174469,1.0559472518539428,nan,0.0,nan,0.0,60000,1,False,,,5,-1.2612545391082763,99791196a7ce4cdcaa312a56ee74ac91,2019-05-30_14-46-52,1559252812,8.254039764404297,44.83524465560913,6392,steropes,169.229.49.254,"{'starting_lr': 0.05, 'momentum': 0.9, 'weight_decay': 0.005, 'steps_per_iteration': None, 'pin': False, 'model_creator': None, 'target_batch_size': 1024, 'model_string': 'resnet18', 'min_batch_size': 512, 'dataset': 'CIFAR', 'placement': None, 'use_nccl': True, 'devices_per_worker': 1, 'primary_resource': 'extra_gpu', 'gpu': False, 'verbose': False, 'lr_config': {'mode': 'log', 'steps': 5, 'initial_lr': 0.05, 'target_lr': 0.05}, 'batch_per_device': 1024}",44.83524465560913,0,5,6691.0348312089445,1
0.007620573043823242,0.12972936630249024,0.00473172664642334,0.041330128299946686,0.027139616012573243,nan,0.0,0.05214083194732666,0.6035000085830688,1.149281534576416,-0.6035000085830688,nan,0.0,nan,0.0,nan,0.0,0.6500200033187866,0.9848838777542114,nan,0.0,nan,0.0,60000,1,False,,,6,-1.149281534576416,99791196a7ce4cdcaa312a56ee74ac91,2019-05-30_14-47-00,1559252820,8.303231716156006,53.13847637176514,6392,steropes,169.229.49.254,"{'starting_lr': 0.05, 'momentum': 0.9, 'weight_decay': 0.005, 'steps_per_iteration': None, 'pin': False, 'model_creator': None, 'target_batch_size': 1024, 'model_string': 'resnet18', 'min_batch_size': 512, 'dataset': 'CIFAR', 'placement': None, 'use_nccl': True, 'devices_per_worker': 1, 'primary_resource': 'extra_gpu', 'gpu': False, 'verbose': False, 'lr_config': {'mode': 'log', 'steps': 5, 'initial_lr': 0.05, 'target_lr': 0.05}, 'batch_per_device': 1024}",53.13847637176514,0,6,7157.507744858087,1
0.007243847846984864,0.16258909702301025,0.005507373809814453,0.04276458097963917,0.02587568759918213,nan,0.0,0.05739176273345947,0.6377999782562256,1.0364860691070557,-0.6377999782562256,nan,0.0,nan,0.0,nan,0.0,0.6743199825286865,0.9228711931037903,nan,0.0,nan,0.0,60000,1,False,,,7,-1.0364860691070557,99791196a7ce4cdcaa312a56ee74ac91,2019-05-30_14-47-08,1559252828,8.568324327468872,61.70680069923401,6392,steropes,169.229.49.254,"{'starting_lr': 0.05, 'momentum': 0.9, 'weight_decay': 0.005, 'steps_per_iteration': None, 'pin': False, 'model_creator': None, 'target_batch_size': 1024, 'model_string': 'resnet18', 'min_batch_size': 512, 'dataset': 'CIFAR', 'placement': None, 'use_nccl': True, 'devices_per_worker': 1, 'primary_resource': 'extra_gpu', 'gpu': False, 'verbose': False, 'lr_config': {'mode': 'log', 'steps': 5, 'initial_lr': 0.05, 'target_lr': 0.05}, 'batch_per_device': 1024}",61.70680069923401,0,7,7094.867676775844,1
0.006830787658691407,0.11267468929290772,0.004335737228393555,0.04453085879890286,0.0206587553024292,nan,0.0,0.04317045211791992,0.6478999853134155,1.0139583793640137,-0.6478999853134155,nan,0.0,nan,0.0,nan,0.0,0.6841399669647217,0.9045365611076355,nan,0.0,nan,0.0,60000,1,False,,,8,-1.0139583793640137,99791196a7ce4cdcaa312a56ee74ac91,2019-05-30_14-47-16,1559252836,7.443106412887573,69.14990711212158,6392,steropes,169.229.49.254,"{'starting_lr': 0.05, 'momentum': 0.9, 'weight_decay': 0.005, 'steps_per_iteration': None, 'pin': False, 'model_creator': None, 'target_batch_size': 1024, 'model_string': 'resnet18', 'min_batch_size': 512, 'dataset': 'CIFAR', 'placement': None, 'use_nccl': True, 'devices_per_worker': 1, 'primary_resource': 'extra_gpu', 'gpu': False, 'verbose': False, 'lr_config': {'mode': 'log', 'steps': 5, 'initial_lr': 0.05, 'target_lr': 0.05}, 'batch_per_device': 1024}",69.14990711212158,0,8,7291.948526816744,1
0.008623480796813965,0.11392102241516114,0.00481724739074707,0.028763046070021028,0.028933167457580566,nan,0.0,0.04743180274963379,0.640999972820282,1.0120925880432128,-0.640999972820282,nan,0.0,nan,0.0,nan,0.0,0.6980999708175659,0.8637805568885804,nan,0.0,nan,0.0,60000,1,False,,,9,-1.0120925880432128,99791196a7ce4cdcaa312a56ee74ac91,2019-05-30_14-48-06,1559252886,8.219624042510986,77.36953115463257,6392,steropes,169.229.49.254,"{'starting_lr': 0.05, 'momentum': 0.9, 'weight_decay': 0.005, 'steps_per_iteration': None, 'pin': False, 'model_creator': None, 'target_batch_size': 1024, 'model_string': 'resnet18', 'min_batch_size': 512, 'dataset': 'CIFAR', 'placement': None, 'use_nccl': True, 'devices_per_worker': 1, 'primary_resource': 'extra_gpu', 'gpu': False, 'verbose': False, 'lr_config': {'mode': 'log', 'steps': 5, 'initial_lr': 0.05, 'target_lr': 0.05}, 'batch_per_device': 1024}",77.36953115463257,0,9,7354.924846351985,1
0.008501625061035157,0.13083746433258056,0.004611873626708984,0.03715162861103914,0.030168652534484863,nan,0.0,0.056682896614074704,0.6728999614715576,0.9472184209823609,-0.6728999614715576,nan,0.0,nan,0.0,nan,0.0,0.7145999670028687,0.8194166445732116,nan,0.0,nan,0.0,60000,1,False,,,10,-0.9472184209823609,99791196a7ce4cdcaa312a56ee74ac91,2019-05-30_14-48-14,1559252894,8.23505711555481,85.60458827018738,6392,steropes,169.229.49.254,"{'starting_lr': 0.05, 'momentum': 0.9, 'weight_decay': 0.005, 'steps_per_iteration': None, 'pin': False, 'model_creator': None, 'target_batch_size': 1024, 'model_string': 'resnet18', 'min_batch_size': 512, 'dataset': 'CIFAR', 'placement': None, 'use_nccl': True, 'devices_per_worker': 1, 'primary_resource': 'extra_gpu', 'gpu': False, 'verbose': False, 'lr_config': {'mode': 'log', 'steps': 5, 'initial_lr': 0.05, 'target_lr': 0.05}, 'batch_per_device': 1024}",85.60458827018738,0,10,7358.34893565092,1
0.007385373115539551,0.1330364465713501,0.007942104339599609,0.03788539341517857,0.037035441398620604,nan,0.0,0.049791693687438965,0.6263999938964844,1.1482698040008545,-0.6263999938964844,nan,0.0,nan,0.0,nan,0.0,0.7271400094032288,0.7928991682434082,nan,0.0,nan,0.0,60000,1,False,,,11,-1.1482698040008545,99791196a7ce4cdcaa312a56ee74ac91,2019-05-30_14-48-23,1559252903,8.555940628051758,94.16052889823914,6392,steropes,169.229.49.254,"{'starting_lr': 0.05, 'momentum': 0.9, 'weight_decay': 0.005, 'steps_per_iteration': None, 'pin': False, 'model_creator': None, 'target_batch_size': 1024, 'model_string': 'resnet18', 'min_batch_size': 512, 'dataset': 'CIFAR', 'placement': None, 'use_nccl': True, 'devices_per_worker': 1, 'primary_resource': 'extra_gpu', 'gpu': False, 'verbose': False, 'lr_config': {'mode': 'log', 'steps': 5, 'initial_lr': 0.05, 'target_lr': 0.05}, 'batch_per_device': 1024}",94.16052889823914,0,11,7313.021179542016,1
0.007104253768920899,0.12684552669525145,0.005500149726867676,0.03370107923235212,0.030827760696411133,nan,0.0,0.060461235046386716,0.710599958896637,0.8345698179244995,-0.710599958896637,nan,0.0,nan,0.0,nan,0.0,0.738099992275238,0.7637933609580994,nan,0.0,nan,0.0,60000,1,False,,,12,-0.8345698179244995,99791196a7ce4cdcaa312a56ee74ac91,2019-05-30_14-48-31,1559252911,8.233660221099854,102.39418911933899,6392,steropes,169.229.49.254,"{'starting_lr': 0.05, 'momentum': 0.9, 'weight_decay': 0.005, 'steps_per_iteration': None, 'pin': False, 'model_creator': None, 'target_batch_size': 1024, 'model_string': 'resnet18', 'min_batch_size': 512, 'dataset': 'CIFAR', 'placement': None, 'use_nccl': True, 'devices_per_worker': 1, 'primary_resource': 'extra_gpu', 'gpu': False, 'verbose': False, 'lr_config': {'mode': 'log', 'steps': 5, 'initial_lr': 0.05, 'target_lr': 0.05}, 'batch_per_device': 1024}",102.39418911933899,0,12,7373.219308645723,1
0.007332444190979004,0.11403989791870117,0.004924941062927246,0.03929690438873914,0.021648049354553223,nan,0.0,0.04261012077331543,0.7048999667167664,0.8321771045684815,-0.7048999667167664,nan,0.0,nan,0.0,nan,0.0,0.7426199913024902,0.7447376957702637,nan,0.0,nan,0.0,60000,1,False,,,13,-0.8321771045684815,99791196a7ce4cdcaa312a56ee74ac91,2019-05-30_14-48-38,1559252918,7.121960639953613,109.5161497592926,6392,steropes,169.229.49.254,"{'starting_lr': 0.05, 'momentum': 0.9, 'weight_decay': 0.005, 'steps_per_iteration': None, 'pin': False, 'model_creator': None, 'target_batch_size': 1024, 'model_string': 'resnet18', 'min_batch_size': 512, 'dataset': 'CIFAR', 'placement': None, 'use_nccl': True, 'devices_per_worker': 1, 'primary_resource': 'extra_gpu', 'gpu': False, 'verbose': False, 'lr_config': {'mode': 'log', 'steps': 5, 'initial_lr': 0.05, 'target_lr': 0.05}, 'batch_per_device': 1024}",109.5161497592926,0,13,7431.878323253518,1
0.007097911834716797,0.11481847763061523,0.004236197471618653,0.044566918392570654,0.020280933380126952,nan,0.0,0.04193274974822998,0.6974999904632568,0.879655546092987,-0.6974999904632568,nan,0.0,nan,0.0,nan,0.0,0.7473199963569641,0.7339048250007629,nan,0.0,nan,0.0,60000,1,False,,,14,-0.879655546092987,99791196a7ce4cdcaa312a56ee74ac91,2019-05-30_14-48-45,1559252925,7.205807685852051,116.72195744514465,6392,steropes,169.229.49.254,"{'starting_lr': 0.05, 'momentum': 0.9, 'weight_decay': 0.005, 'steps_per_iteration': None, 'pin': False, 'model_creator': None, 'target_batch_size': 1024, 'model_string': 'resnet18', 'min_batch_size': 512, 'dataset': 'CIFAR', 'placement': None, 'use_nccl': True, 'devices_per_worker': 1, 'primary_resource': 'extra_gpu', 'gpu': False, 'verbose': False, 'lr_config': {'mode': 'log', 'steps': 5, 'initial_lr': 0.05, 'target_lr': 0.05}, 'batch_per_device': 1024}",116.72195744514465,0,14,7623.341598079741,1
0.007312846183776855,0.11408846378326416,0.004454278945922851,0.04333504365414989,0.02060089111328125,nan,0.0,0.0420194149017334,0.715499997138977,0.8255023025512696,-0.715499997138977,nan,0.0,nan,0.0,nan,0.0,0.7551999688148499,0.7172580253219605,nan,0.0,nan,0.0,60000,1,False,,,15,-0.8255023025512696,99791196a7ce4cdcaa312a56ee74ac91,2019-05-30_14-48-52,1559252932,7.292194604873657,124.01415205001831,6392,steropes,169.229.49.254,"{'starting_lr': 0.05, 'momentum': 0.9, 'weight_decay': 0.005, 'steps_per_iteration': None, 'pin': False, 'model_creator': None, 'target_batch_size': 1024, 'model_string': 'resnet18', 'min_batch_size': 512, 'dataset': 'CIFAR', 'placement': None, 'use_nccl': True, 'devices_per_worker': 1, 'primary_resource': 'extra_gpu', 'gpu': False, 'verbose': False, 'lr_config': {'mode': 'log', 'steps': 5, 'initial_lr': 0.05, 'target_lr': 0.05}, 'batch_per_device': 1024}",124.01415205001831,0,15,7810.476091107646,1
0.006945133209228516,0.12341911792755127,0.004812097549438477,0.04248126185670191,0.025533723831176757,nan,0.0,0.04723389148712158,0.717199981212616,0.8352678084373474,-0.717199981212616,nan,0.0,nan,0.0,nan,0.0,0.755840003490448,0.7118737501716613,nan,0.0,nan,0.0,60000,1,False,,,16,-0.8352678084373474,99791196a7ce4cdcaa312a56ee74ac91,2019-05-30_14-49-00,1559252940,7.363394498825073,131.37754654884338,6392,steropes,169.229.49.254,"{'starting_lr': 0.05, 'momentum': 0.9, 'weight_decay': 0.005, 'steps_per_iteration': None, 'pin': False, 'model_creator': None, 'target_batch_size': 1024, 'model_string': 'resnet18', 'min_batch_size': 512, 'dataset': 'CIFAR', 'placement': None, 'use_nccl': True, 'devices_per_worker': 1, 'primary_resource': 'extra_gpu', 'gpu': False, 'verbose': False, 'lr_config': {'mode': 'log', 'steps': 5, 'initial_lr': 0.05, 'target_lr': 0.05}, 'batch_per_device': 1024}",131.37754654884338,0,16,8060.745041239426,1
0.007306981086730957,0.13322007656097412,0.0044403553009033205,0.04152827360192124,0.02960367202758789,nan,0.0,0.05305194854736328,0.666700005531311,0.9900870073318482,-0.666700005531311,nan,0.0,nan,0.0,nan,0.0,0.7647199630737305,0.6939769325447083,nan,0.0,nan,0.0,60000,1,False,,,17,-0.9900870073318482,99791196a7ce4cdcaa312a56ee74ac91,2019-05-30_14-49-08,1559252948,7.78682017326355,139.16436672210693,6392,steropes,169.229.49.254,"{'starting_lr': 0.05, 'momentum': 0.9, 'weight_decay': 0.005, 'steps_per_iteration': None, 'pin': False, 'model_creator': None, 'target_batch_size': 1024, 'model_string': 'resnet18', 'min_batch_size': 512, 'dataset': 'CIFAR', 'placement': None, 'use_nccl': True, 'devices_per_worker': 1, 'primary_resource': 'extra_gpu', 'gpu': False, 'verbose': False, 'lr_config': {'mode': 'log', 'steps': 5, 'initial_lr': 0.05, 'target_lr': 0.05}, 'batch_per_device': 1024}",139.16436672210693,0,17,8158.698751911364,1
0.007074832916259766,0.13496510982513427,0.00608522891998291,0.02936057655178771,0.026066398620605467,nan,0.0,0.049231100082397464,0.7192999720573425,0.8419735738754273,-0.7192999720573425,nan,0.0,nan,0.0,nan,0.0,0.7639399766921997,0.6909183882141113,nan,0.0,nan,0.0,60000,1,False,,,18,-0.8419735738754273,99791196a7ce4cdcaa312a56ee74ac91,2019-05-30_14-49-15,1559252955,7.65846061706543,146.82282733917236,6392,steropes,169.229.49.254,"{'starting_lr': 0.05, 'momentum': 0.9, 'weight_decay': 0.005, 'steps_per_iteration': None, 'pin': False, 'model_creator': None, 'target_batch_size': 1024, 'model_string': 'resnet18', 'min_batch_size': 512, 'dataset': 'CIFAR', 'placement': None, 'use_nccl': True, 'devices_per_worker': 1, 'primary_resource': 'extra_gpu', 'gpu': False, 'verbose': False, 'lr_config': {'mode': 'log', 'steps': 5, 'initial_lr': 0.05, 'target_lr': 0.05}, 'batch_per_device': 1024}",146.82282733917236,0,18,8041.371500106457,1
0.007270288467407226,0.13159451484680176,0.006007266044616699,0.028404955961266343,0.02642216682434082,nan,0.0,0.05626974105834961,0.7173999547958374,0.838345952129364,-0.7173999547958374,nan,0.0,nan,0.0,nan,0.0,0.7722399830818176,0.6679679361915588,nan,0.0,nan,0.0,60000,1,False,,,19,-0.838345952129364,99791196a7ce4cdcaa312a56ee74ac91,2019-05-30_14-49-23,1559252963,7.888181686401367,154.71100902557373,6392,steropes,169.229.49.254,"{'starting_lr': 0.05, 'momentum': 0.9, 'weight_decay': 0.005, 'steps_per_iteration': None, 'pin': False, 'model_creator': None, 'target_batch_size': 1024, 'model_string': 'resnet18', 'min_batch_size': 512, 'dataset': 'CIFAR', 'placement': None, 'use_nccl': True, 'devices_per_worker': 1, 'primary_resource': 'extra_gpu', 'gpu': False, 'verbose': False, 'lr_config': {'mode': 'log', 'steps': 5, 'initial_lr': 0.05, 'target_lr': 0.05}, 'batch_per_device': 1024}",154.71100902557373,0,19,7896.930423539823,1
0.009286212921142577,0.12831430435180663,0.004910898208618164,0.04367844912470603,0.02400031089782715,nan,0.0,0.05129444599151611,0.6951000094413757,0.9424406498908997,-0.6951000094413757,nan,0.0,nan,0.0,nan,0.0,0.7767599821090698,0.6572201219177246,nan,0.0,nan,0.0,60000,1,False,,,20,-0.9424406498908997,99791196a7ce4cdcaa312a56ee74ac91,2019-05-30_14-49-32,1559252972,8.391600847244263,163.102609872818,6392,steropes,169.229.49.254,"{'starting_lr': 0.05, 'momentum': 0.9, 'weight_decay': 0.005, 'steps_per_iteration': None, 'pin': False, 'model_creator': None, 'target_batch_size': 1024, 'model_string': 'resnet18', 'min_batch_size': 512, 'dataset': 'CIFAR', 'placement': None, 'use_nccl': True, 'devices_per_worker': 1, 'primary_resource': 'extra_gpu', 'gpu': False, 'verbose': False, 'lr_config': {'mode': 'log', 'steps': 5, 'initial_lr': 0.05, 'target_lr': 0.05}, 'batch_per_device': 1024}",163.102609872818,0,20,7674.821556558628,1
0.007904767990112305,0.13798854351043702,0.006919407844543457,0.033960892229664086,0.03177907466888428,nan,0.0,0.05972669124603271,0.6976999640464783,0.8836856684684753,-0.6976999640464783,nan,0.0,nan,0.0,nan,0.0,0.7735999822616577,0.6658456401443481,nan,0.0,nan,0.0,60000,1,False,,,21,-0.8836856684684753,99791196a7ce4cdcaa312a56ee74ac91,2019-05-30_14-49-40,1559252980,8.17922854423523,171.28183841705322,6392,steropes,169.229.49.254,"{'starting_lr': 0.05, 'momentum': 0.9, 'weight_decay': 0.005, 'steps_per_iteration': None, 'pin': False, 'model_creator': None, 'target_batch_size': 1024, 'model_string': 'resnet18', 'min_batch_size': 512, 'dataset': 'CIFAR', 'placement': None, 'use_nccl': True, 'devices_per_worker': 1, 'primary_resource': 'extra_gpu', 'gpu': False, 'verbose': False, 'lr_config': {'mode': 'log', 'steps': 5, 'initial_lr': 0.05, 'target_lr': 0.05}, 'batch_per_device': 1024}",171.28183841705322,0,21,7517.9129883821715,1
0.0070624113082885746,0.14247498512268067,0.004569554328918457,0.031403079324839066,0.03510279655456543,nan,0.0,0.06766479015350342,0.7221999764442444,0.8351371018409729,-0.7221999764442444,nan,0.0,nan,0.0,nan,0.0,0.7772600054740906,0.6503522764015198,nan,0.0,nan,0.0,60000,1,False,,,22,-0.8351371018409729,99791196a7ce4cdcaa312a56ee74ac91,2019-05-30_14-49-48,1559252988,8.222008228302002,179.50384664535522,6392,steropes,169.229.49.254,"{'starting_lr': 0.05, 'momentum': 0.9, 'weight_decay': 0.005, 'steps_per_iteration': None, 'pin': False, 'model_creator': None, 'target_batch_size': 1024, 'model_string': 'resnet18', 'min_batch_size': 512, 'dataset': 'CIFAR', 'placement': None, 'use_nccl': True, 'devices_per_worker': 1, 'primary_resource': 'extra_gpu', 'gpu': False, 'verbose': False, 'lr_config': {'mode': 'log', 'steps': 5, 'initial_lr': 0.05, 'target_lr': 0.05}, 'batch_per_device': 1024}",179.50384664535522,0,22,7436.811322179086,1
0.00729680061340332,0.14066922664642334,0.0047222614288330075,0.03756584439958845,0.032128095626831055,nan,0.0,0.055401968955993655,0.755299985408783,0.7332493353843689,-0.755299985408783,nan,0.0,nan,0.0,nan,0.0,0.7810800075531006,0.6426964809989929,nan,0.0,nan,0.0,60000,1,False,,,23,-0.7332493353843689,99791196a7ce4cdcaa312a56ee74ac91,2019-05-30_14-49-57,1559252997,8.567781209945679,188.0716278553009,6392,steropes,169.229.49.254,"{'starting_lr': 0.05, 'momentum': 0.9, 'weight_decay': 0.005, 'steps_per_iteration': None, 'pin': False, 'model_creator': None, 'target_batch_size': 1024, 'model_string': 'resnet18', 'min_batch_size': 512, 'dataset': 'CIFAR', 'placement': None, 'use_nccl': True, 'devices_per_worker': 1, 'primary_resource': 'extra_gpu', 'gpu': False, 'verbose': False, 'lr_config': {'mode': 'log', 'steps': 5, 'initial_lr': 0.05, 'target_lr': 0.05}, 'batch_per_device': 1024}",188.0716278553009,0,23,7272.869480696321,1
0.007172942161560059,0.14547221660614013,0.004619073867797851,0.03802961232710858,0.03316023349761963,nan,0.0,0.0606389045715332,0.6992999911308289,0.9210937081336975,-0.6992999911308289,nan,0.0,nan,0.0,nan,0.0,0.7867400050163269,0.6293230340957642,nan,0.0,nan,0.0,60000,1,False,,,24,-0.9210937081336975,99791196a7ce4cdcaa312a56ee74ac91,2019-05-30_14-50-05,1559253005,8.64799165725708,196.71961951255798,6392,steropes,169.229.49.254,"{'starting_lr': 0.05, 'momentum': 0.9, 'weight_decay': 0.005, 'steps_per_iteration': None, 'pin': False, 'model_creator': None, 'target_batch_size': 1024, 'model_string': 'resnet18', 'min_batch_size': 512, 'dataset': 'CIFAR', 'placement': None, 'use_nccl': True, 'devices_per_worker': 1, 'primary_resource': 'extra_gpu', 'gpu': False, 'verbose': False, 'lr_config': {'mode': 'log', 'steps': 5, 'initial_lr': 0.05, 'target_lr': 0.05}, 'batch_per_device': 1024}",196.71961951255798,0,24,7141.3231190718425,1
0.007056307792663574,0.13642635345458984,0.0051020622253417965,0.05530832251723932,0.02837393283843994,nan,0.0,0.04977238178253174,0.6908999681472778,0.9379783425331115,-0.6908999681472778,nan,0.0,nan,0.0,nan,0.0,0.7817599773406982,0.6335439238357544,nan,0.0,nan,0.0,60000,1,False,,,25,-0.9379783425331115,99791196a7ce4cdcaa312a56ee74ac91,2019-05-30_14-50-14,1559253014,9.141139507293701,205.86075901985168,6392,steropes,169.229.49.254,"{'starting_lr': 0.05, 'momentum': 0.9, 'weight_decay': 0.005, 'steps_per_iteration': None, 'pin': False, 'model_creator': None, 'target_batch_size': 1024, 'model_string': 'resnet18', 'min_batch_size': 512, 'dataset': 'CIFAR', 'placement': None, 'use_nccl': True, 'devices_per_worker': 1, 'primary_resource': 'extra_gpu', 'gpu': False, 'verbose': False, 'lr_config': {'mode': 'log', 'steps': 5, 'initial_lr': 0.05, 'target_lr': 0.05}, 'batch_per_device': 1024}",205.86075901985168,0,25,7016.139273976005,1
0.008646965026855469,0.13896219730377196,0.005566930770874024,0.035852991804784656,0.0279865026473999,nan,0.0,0.05808722972869873,0.6413999795913696,1.1432038654327392,-0.6413999795913696,nan,0.0,nan,0.0,nan,0.0,0.7870599627494812,0.6267403089141845,nan,0.0,nan,0.0,60000,1,False,,,26,-1.1432038654327392,99791196a7ce4cdcaa312a56ee74ac91,2019-05-30_14-50-23,1559253023,8.450631856918335,214.31139087677002,6392,steropes,169.229.49.254,"{'starting_lr': 0.05, 'momentum': 0.9, 'weight_decay': 0.005, 'steps_per_iteration': None, 'pin': False, 'model_creator': None, 'target_batch_size': 1024, 'model_string': 'resnet18', 'min_batch_size': 512, 'dataset': 'CIFAR', 'placement': None, 'use_nccl': True, 'devices_per_worker': 1, 'primary_resource': 'extra_gpu', 'gpu': False, 'verbose': False, 'lr_config': {'mode': 'log', 'steps': 5, 'initial_lr': 0.05, 'target_lr': 0.05}, 'batch_per_device': 1024}",214.31139087677002,0,26,6971.885689574571,1
0.007062602043151856,0.13203351497650145,0.0047954082489013675,0.04601615302416743,0.021696138381958007,nan,0.0,0.0436262845993042,0.7279999852180481,0.8279067151069641,-0.7279999852180481,nan,0.0,nan,0.0,nan,0.0,0.7905600070953369,0.6138749088859559,nan,0.0,nan,0.0,60000,1,False,,,27,-0.8279067151069641,99791196a7ce4cdcaa312a56ee74ac91,2019-05-30_14-50-31,1559253031,7.805562734603882,222.1169536113739,6392,steropes,169.229.49.254,"{'starting_lr': 0.05, 'momentum': 0.9, 'weight_decay': 0.005, 'steps_per_iteration': None, 'pin': False, 'model_creator': None, 'target_batch_size': 1024, 'model_string': 'resnet18', 'min_batch_size': 512, 'dataset': 'CIFAR', 'placement': None, 'use_nccl': True, 'devices_per_worker': 1, 'primary_resource': 'extra_gpu', 'gpu': False, 'verbose': False, 'lr_config': {'mode': 'log', 'steps': 5, 'initial_lr': 0.05, 'target_lr': 0.05}, 'batch_per_device': 1024}",222.1169536113739,0,27,7040.018569710441,1
0.007175970077514649,0.11798374652862549,0.00458829402923584,0.04618934709198621,0.020717740058898926,nan,0.0,0.042362332344055176,0.7689999938011169,0.6982002920150757,-0.7689999938011169,nan,0.0,nan,0.0,nan,0.0,0.7907199859619141,0.6162091056632996,nan,0.0,nan,0.0,60000,1,False,,,28,-0.6982002920150757,99791196a7ce4cdcaa312a56ee74ac91,2019-05-30_14-50-38,1559253038,7.414320230484009,229.5312738418579,6392,steropes,169.229.49.254,"{'starting_lr': 0.05, 'momentum': 0.9, 'weight_decay': 0.005, 'steps_per_iteration': None, 'pin': False, 'model_creator': None, 'target_batch_size': 1024, 'model_string': 'resnet18', 'min_batch_size': 512, 'dataset': 'CIFAR', 'placement': None, 'use_nccl': True, 'devices_per_worker': 1, 'primary_resource': 'extra_gpu', 'gpu': False, 'verbose': False, 'lr_config': {'mode': 'log', 'steps': 5, 'initial_lr': 0.05, 'target_lr': 0.05}, 'batch_per_device': 1024}",229.5312738418579,0,28,7235.87977164984,1
0.00691680908203125,0.11310672760009766,0.004581475257873535,0.04226102147783552,0.021152234077453612,nan,0.0,0.04306049346923828,0.7405999898910522,0.7604274413108826,-0.7405999898910522,nan,0.0,nan,0.0,nan,0.0,0.7977199554443359,0.5938659767150879,nan,0.0,nan,0.0,60000,1,False,,,29,-0.7604274413108826,99791196a7ce4cdcaa312a56ee74ac91,2019-05-30_14-50-45,1559253045,7.164544343948364,236.69581818580627,6392,steropes,169.229.49.254,"{'starting_lr': 0.05, 'momentum': 0.9, 'weight_decay': 0.005, 'steps_per_iteration': None, 'pin': False, 'model_creator': None, 'target_batch_size': 1024, 'model_string': 'resnet18', 'min_batch_size': 512, 'dataset': 'CIFAR', 'placement': None, 'use_nccl': True, 'devices_per_worker': 1, 'primary_resource': 'extra_gpu', 'gpu': False, 'verbose': False, 'lr_config': {'mode': 'log', 'steps': 5, 'initial_lr': 0.05, 'target_lr': 0.05}, 'batch_per_device': 1024}",236.69581818580627,0,29,7504.390976124723,1
0.007984519004821777,0.11761953830718994,0.00501718521118164,0.0438639582419882,0.02271103858947754,nan,0.0,0.04446268081665039,0.7402999997138977,0.7759485838890076,-0.7402999997138977,nan,0.0,nan,0.0,nan,0.0,0.7948399782180786,0.610135887336731,nan,0.0,nan,0.0,60000,1,False,,,30,-0.7759485838890076,99791196a7ce4cdcaa312a56ee74ac91,2019-05-30_14-50-53,1559253053,7.378410816192627,244.0742290019989,6392,steropes,169.229.49.254,"{'starting_lr': 0.05, 'momentum': 0.9, 'weight_decay': 0.005, 'steps_per_iteration': None, 'pin': False, 'model_creator': None, 'target_batch_size': 1024, 'model_string': 'resnet18', 'min_batch_size': 512, 'dataset': 'CIFAR', 'placement': None, 'use_nccl': True, 'devices_per_worker': 1, 'primary_resource': 'extra_gpu', 'gpu': False, 'verbose': False, 'lr_config': {'mode': 'log', 'steps': 5, 'initial_lr': 0.05, 'target_lr': 0.05}, 'batch_per_device': 1024}",244.0742290019989,0,30,7850.553367746237,1
0.008554697036743164,0.12565808296203612,0.0044062137603759766,0.040441722285990814,0.024193239212036134,nan,0.0,0.049075889587402347,0.7163999676704407,0.8663613238334655,-0.7163999676704407,nan,0.0,nan,0.0,nan,0.0,0.8018400073051453,0.5891024434089661,nan,0.0,nan,0.0,60000,1,False,,,31,-0.8663613238334655,99791196a7ce4cdcaa312a56ee74ac91,2019-05-30_14-51-00,1559253060,7.676913022994995,251.7511420249939,6392,steropes,169.229.49.254,"{'starting_lr': 0.05, 'momentum': 0.9, 'weight_decay': 0.005, 'steps_per_iteration': None, 'pin': False, 'model_creator': None, 'target_batch_size': 1024, 'model_string': 'resnet18', 'min_batch_size': 512, 'dataset': 'CIFAR', 'placement': None, 'use_nccl': True, 'devices_per_worker': 1, 'primary_resource': 'extra_gpu', 'gpu': False, 'verbose': False, 'lr_config': {'mode': 'log', 'steps': 5, 'initial_lr': 0.05, 'target_lr': 0.05}, 'batch_per_device': 1024}",251.7511420249939,0,31,8012.789425993641,1
0.007034111022949219,0.14398715496063233,0.004785418510437012,0.03706588063921247,0.02310302257537842,nan,0.0,0.050135684013366696,0.7199999690055847,0.8550697870254517,-0.7199999690055847,nan,0.0,nan,0.0,nan,0.0,0.7993800044059753,0.5909321342658996,nan,0.0,nan,0.0,60000,1,False,,,32,-0.8550697870254517,99791196a7ce4cdcaa312a56ee74ac91,2019-05-30_14-51-08,1559253068,7.932560205459595,259.6837022304535,6392,steropes,169.229.49.254,"{'starting_lr': 0.05, 'momentum': 0.9, 'weight_decay': 0.005, 'steps_per_iteration': None, 'pin': False, 'model_creator': None, 'target_batch_size': 1024, 'model_string': 'resnet18', 'min_batch_size': 512, 'dataset': 'CIFAR', 'placement': None, 'use_nccl': True, 'devices_per_worker': 1, 'primary_resource': 'extra_gpu', 'gpu': False, 'verbose': False, 'lr_config': {'mode': 'log', 'steps': 5, 'initial_lr': 0.05, 'target_lr': 0.05}, 'batch_per_device': 1024}",259.6837022304535,0,32,7985.701819170575,1
0.008063387870788575,0.14395835399627685,0.004444670677185058,0.03679072613618812,0.02345438003540039,nan,0.0,0.05289907455444336,0.717199981212616,0.874977991104126,-0.717199981212616,nan,0.0,nan,0.0,nan,0.0,0.8026599884033203,0.5786198055267334,nan,0.0,nan,0.0,60000,1,False,,,33,-0.874977991104126,99791196a7ce4cdcaa312a56ee74ac91,2019-05-30_14-51-16,1559253076,8.12836742401123,267.8120696544647,6392,steropes,169.229.49.254,"{'starting_lr': 0.05, 'momentum': 0.9, 'weight_decay': 0.005, 'steps_per_iteration': None, 'pin': False, 'model_creator': None, 'target_batch_size': 1024, 'model_string': 'resnet18', 'min_batch_size': 512, 'dataset': 'CIFAR', 'placement': None, 'use_nccl': True, 'devices_per_worker': 1, 'primary_resource': 'extra_gpu', 'gpu': False, 'verbose': False, 'lr_config': {'mode': 'log', 'steps': 5, 'initial_lr': 0.05, 'target_lr': 0.05}, 'batch_per_device': 1024}",267.8120696544647,0,33,7836.746700611899,1
0.010089445114135741,0.1518115758895874,0.009404969215393067,0.03479905031165298,0.031458568572998044,nan,0.0,0.06539759635925294,0.7495999932289124,0.7385943553924561,-0.7495999932289124,nan,0.0,nan,0.0,nan,0.0,0.8001799583435059,0.5883708027648926,nan,0.0,nan,0.0,60000,1,False,,,34,-0.7385943553924561,99791196a7ce4cdcaa312a56ee74ac91,2019-05-30_14-51-25,1559253085,8.457523107528687,276.2695927619934,6392,steropes,169.229.49.254,"{'starting_lr': 0.05, 'momentum': 0.9, 'weight_decay': 0.005, 'steps_per_iteration': None, 'pin': False, 'model_creator': None, 'target_batch_size': 1024, 'model_string': 'resnet18', 'min_batch_size': 512, 'dataset': 'CIFAR', 'placement': None, 'use_nccl': True, 'devices_per_worker': 1, 'primary_resource': 'extra_gpu', 'gpu': False, 'verbose': False, 'lr_config': {'mode': 'log', 'steps': 5, 'initial_lr': 0.05, 'target_lr': 0.05}, 'batch_per_device': 1024}",276.2695927619934,0,34,7580.702376536994,1
0.007761597633361816,0.15786583423614503,0.004477453231811523,0.03212685974276796,0.02919449806213379,nan,0.0,0.05965275764465332,0.7245000004768372,0.8281432133674621,-0.7245000004768372,nan,0.0,nan,0.0,nan,0.0,0.8055999875068665,0.5777354024887085,nan,0.0,nan,0.0,60000,1,False,,,35,-0.8281432133674621,99791196a7ce4cdcaa312a56ee74ac91,2019-05-30_14-51-33,1559253093,8.466544389724731,284.73613715171814,6392,steropes,169.229.49.254,"{'starting_lr': 0.05, 'momentum': 0.9, 'weight_decay': 0.005, 'steps_per_iteration': None, 'pin': False, 'model_creator': None, 'target_batch_size': 1024, 'model_string': 'resnet18', 'min_batch_size': 512, 'dataset': 'CIFAR', 'placement': None, 'use_nccl': True, 'devices_per_worker': 1, 'primary_resource': 'extra_gpu', 'gpu': False, 'verbose': False, 'lr_config': {'mode': 'log', 'steps': 5, 'initial_lr': 0.05, 'target_lr': 0.05}, 'batch_per_device': 1024}",284.73613715171814,0,35,7377.838645909765,1
0.007486200332641602,0.14996957778930664,0.004663729667663574,0.0297980649130685,0.026993298530578615,nan,0.0,0.04971320629119873,0.7364000082015991,0.7950277571678162,-0.7364000082015991,nan,0.0,nan,0.0,nan,0.0,0.8037999868392944,0.58165430809021,nan,0.0,nan,0.0,60000,1,False,,,36,-0.7950277571678162,99791196a7ce4cdcaa312a56ee74ac91,2019-05-30_14-51-41,1559253101,8.092125415802002,292.82826256752014,6392,steropes,169.229.49.254,"{'starting_lr': 0.05, 'momentum': 0.9, 'weight_decay': 0.005, 'steps_per_iteration': None, 'pin': False, 'model_creator': None, 'target_batch_size': 1024, 'model_string': 'resnet18', 'min_batch_size': 512, 'dataset': 'CIFAR', 'placement': None, 'use_nccl': True, 'devices_per_worker': 1, 'primary_resource': 'extra_gpu', 'gpu': False, 'verbose': False, 'lr_config': {'mode': 'log', 'steps': 5, 'initial_lr': 0.05, 'target_lr': 0.05}, 'batch_per_device': 1024}",292.82826256752014,0,36,7303.263743029928,1
0.007046961784362793,0.14468121528625488,0.006197142601013184,0.039311340876988,0.036145925521850586,nan,0.0,0.05766618251800537,0.7275999784469604,0.8051267409324646,-0.7275999784469604,nan,0.0,nan,0.0,nan,0.0,0.8050400018692017,0.5753425537872314,nan,0.0,nan,0.0,60000,1,False,,,37,-0.8051267409324646,99791196a7ce4cdcaa312a56ee74ac91,2019-05-30_14-51-50,1559253110,8.476374387741089,301.30463695526123,6392,steropes,169.229.49.254,"{'starting_lr': 0.05, 'momentum': 0.9, 'weight_decay': 0.005, 'steps_per_iteration': None, 'pin': False, 'model_creator': None, 'target_batch_size': 1024, 'model_string': 'resnet18', 'min_batch_size': 512, 'dataset': 'CIFAR', 'placement': None, 'use_nccl': True, 'devices_per_worker': 1, 'primary_resource': 'extra_gpu', 'gpu': False, 'verbose': False, 'lr_config': {'mode': 'log', 'steps': 5, 'initial_lr': 0.05, 'target_lr': 0.05}, 'batch_per_device': 1024}",301.30463695526123,0,37,7207.82833716437,1
0.007224607467651367,0.14137983322143555,0.004948019981384277,0.040553550330960024,0.03496572971343994,nan,0.0,0.05026640892028809,0.7682999968528748,0.6824348767280579,-0.7682999968528748,nan,0.0,nan,0.0,nan,0.0,0.8060999512672424,0.5756600379753113,nan,0.0,nan,0.0,60000,1,False,,,38,-0.6824348767280579,99791196a7ce4cdcaa312a56ee74ac91,2019-05-30_14-51-58,1559253118,8.243345737457275,309.5479826927185,6392,steropes,169.229.49.254,"{'starting_lr': 0.05, 'momentum': 0.9, 'weight_decay': 0.005, 'steps_per_iteration': None, 'pin': False, 'model_creator': None, 'target_batch_size': 1024, 'model_string': 'resnet18', 'min_batch_size': 512, 'dataset': 'CIFAR', 'placement': None, 'use_nccl': True, 'devices_per_worker': 1, 'primary_resource': 'extra_gpu', 'gpu': False, 'verbose': False, 'lr_config': {'mode': 'log', 'steps': 5, 'initial_lr': 0.05, 'target_lr': 0.05}, 'batch_per_device': 1024}",309.5479826927185,0,38,7187.97125869906,1
0.00735783576965332,0.129486083984375,0.0046007633209228516,0.037464711130881796,0.025673604011535643,nan,0.0,0.05454714298248291,0.7355999946594238,0.7929379800796509,-0.7355999946594238,nan,0.0,nan,0.0,nan,0.0,0.806879997253418,0.5679113279914856,nan,0.0,nan,0.0,60000,1,False,,,39,-0.7929379800796509,99791196a7ce4cdcaa312a56ee74ac91,2019-05-30_14-52-06,1559253126,7.843158006668091,317.3911406993866,6392,steropes,169.229.49.254,"{'starting_lr': 0.05, 'momentum': 0.9, 'weight_decay': 0.005, 'steps_per_iteration': None, 'pin': False, 'model_creator': None, 'target_batch_size': 1024, 'model_string': 'resnet18', 'min_batch_size': 512, 'dataset': 'CIFAR', 'placement': None, 'use_nccl': True, 'devices_per_worker': 1, 'primary_resource': 'extra_gpu', 'gpu': False, 'verbose': False, 'lr_config': {'mode': 'log', 'steps': 5, 'initial_lr': 0.05, 'target_lr': 0.05}, 'batch_per_device': 1024}",317.3911406993866,0,39,7295.359727989889,1
0.0075367212295532225,0.14932773113250733,0.004982399940490723,0.04145758006037498,0.024111366271972655,nan,0.0,0.0455859899520874,0.692799985408783,0.9909612369537354,-0.692799985408783,nan,0.0,nan,0.0,nan,0.0,0.8046799898147583,0.5731211661148071,nan,0.0,nan,0.0,60000,1,False,,,40,-0.9909612369537354,99791196a7ce4cdcaa312a56ee74ac91,2019-05-30_14-52-14,1559253134,8.211014986038208,325.6021556854248,6392,steropes,169.229.49.254,"{'starting_lr': 0.05, 'momentum': 0.9, 'weight_decay': 0.005, 'steps_per_iteration': None, 'pin': False, 'model_creator': None, 'target_batch_size': 1024, 'model_string': 'resnet18', 'min_batch_size': 512, 'dataset': 'CIFAR', 'placement': None, 'use_nccl': True, 'devices_per_worker': 1, 'primary_resource': 'extra_gpu', 'gpu': False, 'verbose': False, 'lr_config': {'mode': 'log', 'steps': 5, 'initial_lr': 0.05, 'target_lr': 0.05}, 'batch_per_device': 1024}",325.6021556854248,0,40,7340.967214753269,1
0.007561731338500977,0.12567555904388428,0.005890679359436035,0.04552341480644382,0.02423412799835205,nan,0.0,0.04471445083618164,0.7356999516487122,0.7996607160568238,-0.7356999516487122,nan,0.0,nan,0.0,nan,0.0,0.8072999715805054,0.5654443554496765,nan,0.0,nan,0.0,60000,1,False,,,41,-0.7996607160568238,99791196a7ce4cdcaa312a56ee74ac91,2019-05-30_14-52-22,1559253142,8.13697862625122,333.739134311676,6392,steropes,169.229.49.254,"{'starting_lr': 0.05, 'momentum': 0.9, 'weight_decay': 0.005, 'steps_per_iteration': None, 'pin': False, 'model_creator': None, 'target_batch_size': 1024, 'model_string': 'resnet18', 'min_batch_size': 512, 'dataset': 'CIFAR', 'placement': None, 'use_nccl': True, 'devices_per_worker': 1, 'primary_resource': 'extra_gpu', 'gpu': False, 'verbose': False, 'lr_config': {'mode': 'log', 'steps': 5, 'initial_lr': 0.05, 'target_lr': 0.05}, 'batch_per_device': 1024}",333.739134311676,0,41,7332.918433599811,1
0.006967234611511231,0.1166238784790039,0.00521702766418457,0.04245916677981007,0.020908427238464356,nan,0.0,0.041979408264160155,0.7301999926567078,0.8320635254859924,-0.7301999926567078,nan,0.0,nan,0.0,nan,0.0,0.8089199662208557,0.5628474480056763,nan,0.0,nan,0.0,60000,1,False,,,42,-0.8320635254859924,99791196a7ce4cdcaa312a56ee74ac91,2019-05-30_14-52-30,1559253150,7.343991279602051,341.0831255912781,6392,steropes,169.229.49.254,"{'starting_lr': 0.05, 'momentum': 0.9, 'weight_decay': 0.005, 'steps_per_iteration': None, 'pin': False, 'model_creator': None, 'target_batch_size': 1024, 'model_string': 'resnet18', 'min_batch_size': 512, 'dataset': 'CIFAR', 'placement': None, 'use_nccl': True, 'devices_per_worker': 1, 'primary_resource': 'extra_gpu', 'gpu': False, 'verbose': False, 'lr_config': {'mode': 'log', 'steps': 5, 'initial_lr': 0.05, 'target_lr': 0.05}, 'batch_per_device': 1024}",341.0831255912781,0,42,7541.677107744024,1
0.0070384502410888675,0.11479902267456055,0.004619622230529785,0.04285443072416344,0.020362043380737306,nan,0.0,0.0421677827835083,0.727899968624115,0.8327015677452088,-0.727899968624115,nan,0.0,nan,0.0,nan,0.0,0.810259997844696,0.5665166549873352,nan,0.0,nan,0.0,60000,1,False,,,43,-0.8327015677452088,99791196a7ce4cdcaa312a56ee74ac91,2019-05-30_14-52-37,1559253157,7.1733551025390625,348.25648069381714,6392,steropes,169.229.49.254,"{'starting_lr': 0.05, 'momentum': 0.9, 'weight_decay': 0.005, 'steps_per_iteration': None, 'pin': False, 'model_creator': None, 'target_batch_size': 1024, 'model_string': 'resnet18', 'min_batch_size': 512, 'dataset': 'CIFAR', 'placement': None, 'use_nccl': True, 'devices_per_worker': 1, 'primary_resource': 'extra_gpu', 'gpu': False, 'verbose': False, 'lr_config': {'mode': 'log', 'steps': 5, 'initial_lr': 0.05, 'target_lr': 0.05}, 'batch_per_device': 1024}",348.25648069381714,0,43,7750.143672457409,1
0.007237768173217774,0.11643271446228028,0.00453498363494873,0.04546580995832171,0.0205737829208374,nan,0.0,0.042036819458007815,0.7633000016212463,0.7219210803985596,-0.7633000016212463,nan,0.0,nan,0.0,nan,0.0,0.8122199773788452,0.5502013450431824,nan,0.0,nan,0.0,60000,1,False,,,44,-0.7219210803985596,99791196a7ce4cdcaa312a56ee74ac91,2019-05-30_14-52-44,1559253164,7.23214054107666,355.4886212348938,6392,steropes,169.229.49.254,"{'starting_lr': 0.05, 'momentum': 0.9, 'weight_decay': 0.005, 'steps_per_iteration': None, 'pin': False, 'model_creator': None, 'target_batch_size': 1024, 'model_string': 'resnet18', 'min_batch_size': 512, 'dataset': 'CIFAR', 'placement': None, 'use_nccl': True, 'devices_per_worker': 1, 'primary_resource': 'extra_gpu', 'gpu': False, 'verbose': False, 'lr_config': {'mode': 'log', 'steps': 5, 'initial_lr': 0.05, 'target_lr': 0.05}, 'batch_per_device': 1024}",355.4886212348938,0,44,7874.441856777964,1
0.006873416900634766,0.11820621490478515,0.004498434066772461,0.045684629557084064,0.020076704025268555,nan,0.0,0.04147260189056397,0.7465999722480774,0.7380857605934144,-0.7465999722480774,nan,0.0,nan,0.0,nan,0.0,0.8084799647331238,0.5669836875724793,nan,0.0,nan,0.0,60000,1,False,,,45,-0.7380857605934144,99791196a7ce4cdcaa312a56ee74ac91,2019-05-30_14-52-51,1559253171,7.325383186340332,362.81400442123413,6392,steropes,169.229.49.254,"{'starting_lr': 0.05, 'momentum': 0.9, 'weight_decay': 0.005, 'steps_per_iteration': None, 'pin': False, 'model_creator': None, 'target_batch_size': 1024, 'model_string': 'resnet18', 'min_batch_size': 512, 'dataset': 'CIFAR', 'placement': None, 'use_nccl': True, 'devices_per_worker': 1, 'primary_resource': 'extra_gpu', 'gpu': False, 'verbose': False, 'lr_config': {'mode': 'log', 'steps': 5, 'initial_lr': 0.05, 'target_lr': 0.05}, 'batch_per_device': 1024}",362.81400442123413,0,45,8061.862073792855,1
0.006902384757995606,0.11565792560577393,0.0045125484466552734,0.047957731752979516,0.020518159866333006,nan,0.0,0.04227867126464844,0.7488999962806702,0.7506994678497314,-0.7488999962806702,nan,0.0,nan,0.0,nan,0.0,0.8122599720954895,0.5534556243705749,nan,0.0,nan,0.0,60000,1,False,,,46,-0.7506994678497314,99791196a7ce4cdcaa312a56ee74ac91,2019-05-30_14-52-59,1559253179,7.375392913818359,370.1893973350525,6392,steropes,169.229.49.254,"{'starting_lr': 0.05, 'momentum': 0.9, 'weight_decay': 0.005, 'steps_per_iteration': None, 'pin': False, 'model_creator': None, 'target_batch_size': 1024, 'model_string': 'resnet18', 'min_batch_size': 512, 'dataset': 'CIFAR', 'placement': None, 'use_nccl': True, 'devices_per_worker': 1, 'primary_resource': 'extra_gpu', 'gpu': False, 'verbose': False, 'lr_config': {'mode': 'log', 'steps': 5, 'initial_lr': 0.05, 'target_lr': 0.05}, 'batch_per_device': 1024}",370.1893973350525,0,46,8230.303543344115,1
0.006865096092224121,0.1138146162033081,0.0046546697616577145,0.051011864019899954,0.02058711051940918,nan,0.0,0.0420053243637085,0.739799976348877,0.8229770469665527,-0.739799976348877,nan,0.0,nan,0.0,nan,0.0,0.8150399923324585,0.5504912796211243,nan,0.0,nan,0.0,60000,1,False,,,47,-0.8229770469665527,99791196a7ce4cdcaa312a56ee74ac91,2019-05-30_14-53-06,1559253186,7.482357501983643,377.67175483703613,6392,steropes,169.229.49.254,"{'starting_lr': 0.05, 'momentum': 0.9, 'weight_decay': 0.005, 'steps_per_iteration': None, 'pin': False, 'model_creator': None, 'target_batch_size': 1024, 'model_string': 'resnet18', 'min_batch_size': 512, 'dataset': 'CIFAR', 'placement': None, 'use_nccl': True, 'devices_per_worker': 1, 'primary_resource': 'extra_gpu', 'gpu': False, 'verbose': False, 'lr_config': {'mode': 'log', 'steps': 5, 'initial_lr': 0.05, 'target_lr': 0.05}, 'batch_per_device': 1024}",377.67175483703613,0,47,8199.180688712537,1
0.00736532211303711,0.11806302070617676,0.004428052902221679,0.05317294840909997,0.02130417823791504,nan,0.0,0.041903114318847655,0.7368999719619751,0.8167027293205261,-0.7368999719619751,nan,0.0,nan,0.0,nan,0.0,0.8132199645042419,0.5552064467811585,nan,0.0,nan,0.0,60000,1,False,,,48,-0.8167027293205261,99791196a7ce4cdcaa312a56ee74ac91,2019-05-30_14-53-14,1559253194,7.6204869747161865,385.2922418117523,6392,steropes,169.229.49.254,"{'starting_lr': 0.05, 'momentum': 0.9, 'weight_decay': 0.005, 'steps_per_iteration': None, 'pin': False, 'model_creator': None, 'target_batch_size': 1024, 'model_string': 'resnet18', 'min_batch_size': 512, 'dataset': 'CIFAR', 'placement': None, 'use_nccl': True, 'devices_per_worker': 1, 'primary_resource': 'extra_gpu', 'gpu': False, 'verbose': False, 'lr_config': {'mode': 'log', 'steps': 5, 'initial_lr': 0.05, 'target_lr': 0.05}, 'batch_per_device': 1024}",385.2922418117523,0,48,8100.193482872075,1
0.00709526538848877,0.11728646755218505,0.004193496704101562,0.047165573859701354,0.021834564208984376,nan,0.0,0.04249873161315918,0.7562999725341797,0.7233422666549683,-0.7562999725341797,nan,0.0,nan,0.0,nan,0.0,0.8147799968719482,0.5516469740867614,nan,0.0,nan,0.0,60000,1,False,,,49,-0.7233422666549683,99791196a7ce4cdcaa312a56ee74ac91,2019-05-30_14-53-21,1559253201,7.310295343399048,392.60253715515137,6392,steropes,169.229.49.254,"{'starting_lr': 0.05, 'momentum': 0.9, 'weight_decay': 0.005, 'steps_per_iteration': None, 'pin': False, 'model_creator': None, 'target_batch_size': 1024, 'model_string': 'resnet18', 'min_batch_size': 512, 'dataset': 'CIFAR', 'placement': None, 'use_nccl': True, 'devices_per_worker': 1, 'primary_resource': 'extra_gpu', 'gpu': False, 'verbose': False, 'lr_config': {'mode': 'log', 'steps': 5, 'initial_lr': 0.05, 'target_lr': 0.05}, 'batch_per_device': 1024}",392.60253715515137,0,49,8083.136101955609,1
0.0070710420608520504,0.13216056823730468,0.004501914978027344,0.044625705602217694,0.02110400199890137,nan,0.0,0.04281034469604492,0.7674999833106995,0.6812706473350525,-0.7674999833106995,nan,0.0,nan,0.0,nan,0.0,0.818619966506958,0.5379541507530212,nan,0.0,nan,0.0,60000,1,False,,,50,-0.6812706473350525,99791196a7ce4cdcaa312a56ee74ac91,2019-05-30_14-53-29,1559253209,7.35438084602356,399.9569180011749,6392,steropes,169.229.49.254,"{'starting_lr': 0.05, 'momentum': 0.9, 'weight_decay': 0.005, 'steps_per_iteration': None, 'pin': False, 'model_creator': None, 'target_batch_size': 1024, 'model_string': 'resnet18', 'min_batch_size': 512, 'dataset': 'CIFAR', 'placement': None, 'use_nccl': True, 'devices_per_worker': 1, 'primary_resource': 'extra_gpu', 'gpu': False, 'verbose': False, 'lr_config': {'mode': 'log', 'steps': 5, 'initial_lr': 0.05, 'target_lr': 0.05}, 'batch_per_device': 1024}",399.9569180011749,0,50,8076.826193732995,1
0.006895780563354492,0.11600050926208497,0.004452013969421386,0.04782886407813247,0.021181559562683104,nan,0.0,0.042086243629455566,0.7579999566078186,0.7321846388816834,-0.7579999566078186,nan,0.0,nan,0.0,nan,0.0,0.8166799545288086,0.5451686689949036,nan,0.0,nan,0.0,60000,1,False,,,51,-0.7321846388816834,99791196a7ce4cdcaa312a56ee74ac91,2019-05-30_14-53-36,1559253216,7.3270583152771,407.283976316452,6392,steropes,169.229.49.254,"{'starting_lr': 0.05, 'momentum': 0.9, 'weight_decay': 0.005, 'steps_per_iteration': None, 'pin': False, 'model_creator': None, 'target_batch_size': 1024, 'model_string': 'resnet18', 'min_batch_size': 512, 'dataset': 'CIFAR', 'placement': None, 'use_nccl': True, 'devices_per_worker': 1, 'primary_resource': 'extra_gpu', 'gpu': False, 'verbose': False, 'lr_config': {'mode': 'log', 'steps': 5, 'initial_lr': 0.05, 'target_lr': 0.05}, 'batch_per_device': 1024}",407.283976316452,0,51,8087.35073453557,1
0.0070770025253295895,0.11734442710876465,0.004671812057495117,0.046483497230374086,0.020763254165649413,nan,0.0,0.04160172939300537,0.7655999660491943,0.7126613654136658,-0.7655999660491943,nan,0.0,nan,0.0,nan,0.0,0.8128399848937988,0.5503052754211426,nan,0.0,nan,0.0,60000,1,False,,,52,-0.7126613654136658,99791196a7ce4cdcaa312a56ee74ac91,2019-05-30_14-53-43,1559253223,7.281917333602905,414.56589365005493,6392,steropes,169.229.49.254,"{'starting_lr': 0.05, 'momentum': 0.9, 'weight_decay': 0.005, 'steps_per_iteration': None, 'pin': False, 'model_creator': None, 'target_batch_size': 1024, 'model_string': 'resnet18', 'min_batch_size': 512, 'dataset': 'CIFAR', 'placement': None, 'use_nccl': True, 'devices_per_worker': 1, 'primary_resource': 'extra_gpu', 'gpu': False, 'verbose': False, 'lr_config': {'mode': 'log', 'steps': 5, 'initial_lr': 0.05, 'target_lr': 0.05}, 'batch_per_device': 1024}",414.56589365005493,0,52,8131.28760346971,1
0.007527041435241699,0.12696542739868164,0.004395580291748047,0.044471901290270746,0.020251035690307617,nan,0.0,0.04170935153961182,0.7656999826431274,0.7076401365280152,-0.7656999826431274,nan,0.0,nan,0.0,nan,0.0,0.8146399855613708,0.5488892875099182,nan,0.0,nan,0.0,60000,1,False,,,53,-0.7076401365280152,99791196a7ce4cdcaa312a56ee74ac91,2019-05-30_14-53-51,1559253231,7.286634683609009,421.85252833366394,6392,steropes,169.229.49.254,"{'starting_lr': 0.05, 'momentum': 0.9, 'weight_decay': 0.005, 'steps_per_iteration': None, 'pin': False, 'model_creator': None, 'target_batch_size': 1024, 'model_string': 'resnet18', 'min_batch_size': 512, 'dataset': 'CIFAR', 'placement': None, 'use_nccl': True, 'devices_per_worker': 1, 'primary_resource': 'extra_gpu', 'gpu': False, 'verbose': False, 'lr_config': {'mode': 'log', 'steps': 5, 'initial_lr': 0.05, 'target_lr': 0.05}, 'batch_per_device': 1024}",421.85252833366394,0,53,8205.539567658489,1
0.007342338562011719,0.11486060619354248,0.004152536392211914,0.04753624663061025,0.021204185485839844,nan,0.0,0.042140793800354,0.731499969959259,0.8205363520622253,-0.731499969959259,nan,0.0,nan,0.0,nan,0.0,0.8151199817657471,0.5457988334083557,nan,0.0,nan,0.0,60000,1,False,,,54,-0.8205363520622253,99791196a7ce4cdcaa312a56ee74ac91,2019-05-30_14-53-58,1559253238,7.29020357131958,429.1427319049835,6392,steropes,169.229.49.254,"{'starting_lr': 0.05, 'momentum': 0.9, 'weight_decay': 0.005, 'steps_per_iteration': None, 'pin': False, 'model_creator': None, 'target_batch_size': 1024, 'model_string': 'resnet18', 'min_batch_size': 512, 'dataset': 'CIFAR', 'placement': None, 'use_nccl': True, 'devices_per_worker': 1, 'primary_resource': 'extra_gpu', 'gpu': False, 'verbose': False, 'lr_config': {'mode': 'log', 'steps': 5, 'initial_lr': 0.05, 'target_lr': 0.05}, 'batch_per_device': 1024}",429.1427319049835,0,54,8210.050887273053,1
0.006916117668151855,0.1151548147201538,0.0046548604965209964,0.04738970678679797,0.021146416664123535,nan,0.0,0.04191193580627441,0.6938999891281128,0.9632751420021057,-0.6938999891281128,nan,0.0,nan,0.0,nan,0.0,0.8125199675559998,0.5508588472366333,nan,0.0,nan,0.0,60000,1,False,,,55,-0.9632751420021057,99791196a7ce4cdcaa312a56ee74ac91,2019-05-30_14-54-05,1559253245,7.330451488494873,436.4731833934784,6392,steropes,169.229.49.254,"{'starting_lr': 0.05, 'momentum': 0.9, 'weight_decay': 0.005, 'steps_per_iteration': None, 'pin': False, 'model_creator': None, 'target_batch_size': 1024, 'model_string': 'resnet18', 'min_batch_size': 512, 'dataset': 'CIFAR', 'placement': None, 'use_nccl': True, 'devices_per_worker': 1, 'primary_resource': 'extra_gpu', 'gpu': False, 'verbose': False, 'lr_config': {'mode': 'log', 'steps': 5, 'initial_lr': 0.05, 'target_lr': 0.05}, 'batch_per_device': 1024}",436.4731833934784,0,55,8215.431040460768,1
0.007134056091308594,0.1180582046508789,0.005353808403015137,0.04438079133325694,0.020507168769836426,nan,0.0,0.04241957664489746,0.7806999683380127,0.674668378162384,-0.7806999683380127,nan,0.0,nan,0.0,nan,0.0,0.8141599893569946,0.5487391716575623,nan,0.0,nan,0.0,60000,1,False,,,56,-0.674668378162384,99791196a7ce4cdcaa312a56ee74ac91,2019-05-30_14-54-12,1559253252,7.207888841629028,443.6810722351074,6392,steropes,169.229.49.254,"{'starting_lr': 0.05, 'momentum': 0.9, 'weight_decay': 0.005, 'steps_per_iteration': None, 'pin': False, 'model_creator': None, 'target_batch_size': 1024, 'model_string': 'resnet18', 'min_batch_size': 512, 'dataset': 'CIFAR', 'placement': None, 'use_nccl': True, 'devices_per_worker': 1, 'primary_resource': 'extra_gpu', 'gpu': False, 'verbose': False, 'lr_config': {'mode': 'log', 'steps': 5, 'initial_lr': 0.05, 'target_lr': 0.05}, 'batch_per_device': 1024}",443.6810722351074,0,56,8242.329401944633,1
0.0070392370223999025,0.11818604469299317,0.004275107383728027,0.05673453272605429,0.02048792839050293,nan,0.0,0.04274148941040039,0.7335000038146973,0.802228513622284,-0.7335000038146973,nan,0.0,nan,0.0,nan,0.0,0.8192999958992004,0.5376666911315918,nan,0.0,nan,0.0,60000,1,False,,,57,-0.802228513622284,99791196a7ce4cdcaa312a56ee74ac91,2019-05-30_14-54-20,1559253260,7.823189735412598,451.50426197052,6392,steropes,169.229.49.254,"{'starting_lr': 0.05, 'momentum': 0.9, 'weight_decay': 0.005, 'steps_per_iteration': None, 'pin': False, 'model_creator': None, 'target_batch_size': 1024, 'model_string': 'resnet18', 'min_batch_size': 512, 'dataset': 'CIFAR', 'placement': None, 'use_nccl': True, 'devices_per_worker': 1, 'primary_resource': 'extra_gpu', 'gpu': False, 'verbose': False, 'lr_config': {'mode': 'log', 'steps': 5, 'initial_lr': 0.05, 'target_lr': 0.05}, 'batch_per_device': 1024}",451.50426197052,0,57,8121.552773522569,1
0.007037544250488281,0.11953580379486084,0.004940319061279297,0.04910134296027981,0.02054307460784912,nan,0.0,0.04314668178558349,0.7569999694824219,0.7404877402305603,-0.7569999694824219,nan,0.0,nan,0.0,nan,0.0,0.8165199756622314,0.5410754692459107,nan,0.0,nan,0.0,60000,1,False,,,58,-0.7404877402305603,99791196a7ce4cdcaa312a56ee74ac91,2019-05-30_14-54-28,1559253268,7.5283496379852295,459.03261160850525,6392,steropes,169.229.49.254,"{'starting_lr': 0.05, 'momentum': 0.9, 'weight_decay': 0.005, 'steps_per_iteration': None, 'pin': False, 'model_creator': None, 'target_batch_size': 1024, 'model_string': 'resnet18', 'min_batch_size': 512, 'dataset': 'CIFAR', 'placement': None, 'use_nccl': True, 'devices_per_worker': 1, 'primary_resource': 'extra_gpu', 'gpu': False, 'verbose': False, 'lr_config': {'mode': 'log', 'steps': 5, 'initial_lr': 0.05, 'target_lr': 0.05}, 'batch_per_device': 1024}",459.03261160850525,0,58,8068.751812243559,1
0.007044363021850586,0.11907172203063965,0.004885411262512207,0.04794844802545042,0.020914459228515626,nan,0.0,0.04219372272491455,0.7805999517440796,0.6434030385971069,-0.7805999517440796,nan,0.0,nan,0.0,nan,0.0,0.8183799982070923,0.5401482326889038,nan,0.0,nan,0.0,60000,1,False,,,59,-0.6434030385971069,99791196a7ce4cdcaa312a56ee74ac91,2019-05-30_14-54-35,1559253275,7.369521617889404,466.40213322639465,6392,steropes,169.229.49.254,"{'starting_lr': 0.05, 'momentum': 0.9, 'weight_decay': 0.005, 'steps_per_iteration': None, 'pin': False, 'model_creator': None, 'target_batch_size': 1024, 'model_string': 'resnet18', 'min_batch_size': 512, 'dataset': 'CIFAR', 'placement': None, 'use_nccl': True, 'devices_per_worker': 1, 'primary_resource': 'extra_gpu', 'gpu': False, 'verbose': False, 'lr_config': {'mode': 'log', 'steps': 5, 'initial_lr': 0.05, 'target_lr': 0.05}, 'batch_per_device': 1024}",466.40213322639465,0,59,8051.575182075459,1
0.007024335861206055,0.11310074329376221,0.004692268371582031,0.045983124752433935,0.02019350528717041,nan,0.0,0.042627716064453126,0.7720999717712402,0.693744171333313,-0.7720999717712402,nan,0.0,nan,0.0,nan,0.0,0.8151599764823914,0.5429314132499695,nan,0.0,nan,0.0,60000,1,False,,,60,-0.693744171333313,99791196a7ce4cdcaa312a56ee74ac91,2019-05-30_14-54-42,1559253282,7.221666574478149,473.6237998008728,6392,steropes,169.229.49.254,"{'starting_lr': 0.05, 'momentum': 0.9, 'weight_decay': 0.005, 'steps_per_iteration': None, 'pin': False, 'model_creator': None, 'target_batch_size': 1024, 'model_string': 'resnet18', 'min_batch_size': 512, 'dataset': 'CIFAR', 'placement': None, 'use_nccl': True, 'devices_per_worker': 1, 'primary_resource': 'extra_gpu', 'gpu': False, 'verbose': False, 'lr_config': {'mode': 'log', 'steps': 5, 'initial_lr': 0.05, 'target_lr': 0.05}, 'batch_per_device': 1024}",473.6237998008728,0,60,8075.152542707029,1
0.007077860832214356,0.11808559894561768,0.004438519477844238,0.04952693958671726,0.02057693004608154,nan,0.0,0.041509270668029785,0.7490999698638916,0.7567098637580871,-0.7490999698638916,nan,0.0,nan,0.0,nan,0.0,0.8195199966430664,0.5342533233833313,nan,0.0,nan,0.0,60000,1,False,,,61,-0.7567098637580871,99791196a7ce4cdcaa312a56ee74ac91,2019-05-30_14-54-50,1559253290,7.419169902801514,481.0429697036743,6392,steropes,169.229.49.254,"{'starting_lr': 0.05, 'momentum': 0.9, 'weight_decay': 0.005, 'steps_per_iteration': None, 'pin': False, 'model_creator': None, 'target_batch_size': 1024, 'model_string': 'resnet18', 'min_batch_size': 512, 'dataset': 'CIFAR', 'placement': None, 'use_nccl': True, 'devices_per_worker': 1, 'primary_resource': 'extra_gpu', 'gpu': False, 'verbose': False, 'lr_config': {'mode': 'log', 'steps': 5, 'initial_lr': 0.05, 'target_lr': 0.05}, 'batch_per_device': 1024}",481.0429697036743,0,61,8029.488587619479,1
0.007112765312194824,0.1193990707397461,0.004457449913024903,0.04426524103904257,0.021493744850158692,nan,0.0,0.043523430824279785,0.8483999967575073,0.4508708923816681,-0.8483999967575073,nan,0.0,nan,0.0,nan,0.0,0.865559995174408,0.3989559986495972,nan,0.0,nan,0.0,60000,1,False,,,62,-0.4508708923816681,99791196a7ce4cdcaa312a56ee74ac91,2019-05-30_14-54-57,1559253297,7.283584356307983,488.3265540599823,6392,steropes,169.229.49.254,"{'starting_lr': 0.05, 'momentum': 0.9, 'weight_decay': 0.005, 'steps_per_iteration': None, 'pin': False, 'model_creator': None, 'target_batch_size': 1024, 'model_string': 'resnet18', 'min_batch_size': 512, 'dataset': 'CIFAR', 'placement': None, 'use_nccl': True, 'devices_per_worker': 1, 'primary_resource': 'extra_gpu', 'gpu': False, 'verbose': False, 'lr_config': {'mode': 'log', 'steps': 5, 'initial_lr': 0.05, 'target_lr': 0.05}, 'batch_per_device': 1024}",488.3265540599823,0,62,8147.153948656527,1
0.00731813907623291,0.11733460426330566,0.005375909805297852,0.046028322103072186,0.020409131050109865,nan,0.0,0.042090845108032224,0.8499000072479248,0.45712950949668885,-0.8499000072479248,nan,0.0,nan,0.0,nan,0.0,0.8872399926185608,0.3374262354755402,nan,0.0,nan,0.0,60000,1,False,,,63,-0.45712950949668885,99791196a7ce4cdcaa312a56ee74ac91,2019-05-30_14-55-04,1559253304,7.327486753463745,495.65404081344604,6392,steropes,169.229.49.254,"{'starting_lr': 0.05, 'momentum': 0.9, 'weight_decay': 0.005, 'steps_per_iteration': None, 'pin': False, 'model_creator': None, 'target_batch_size': 1024, 'model_string': 'resnet18', 'min_batch_size': 512, 'dataset': 'CIFAR', 'placement': None, 'use_nccl': True, 'devices_per_worker': 1, 'primary_resource': 'extra_gpu', 'gpu': False, 'verbose': False, 'lr_config': {'mode': 'log', 'steps': 5, 'initial_lr': 0.05, 'target_lr': 0.05}, 'batch_per_device': 1024}",495.65404081344604,0,63,8191.840269781198,1
0.006958961486816406,0.11620590686798096,0.0049206256866455075,0.04928536804354921,0.020321083068847657,nan,0.0,0.04307944774627685,0.8524999618530273,0.4518117611408234,-0.8524999618530273,nan,0.0,nan,0.0,nan,0.0,0.8944199681282043,0.31589915083885195,nan,0.0,nan,0.0,60000,1,False,,,64,-0.4518117611408234,99791196a7ce4cdcaa312a56ee74ac91,2019-05-30_14-55-12,1559253312,7.484242916107178,503.1382837295532,6392,steropes,169.229.49.254,"{'starting_lr': 0.05, 'momentum': 0.9, 'weight_decay': 0.005, 'steps_per_iteration': None, 'pin': False, 'model_creator': None, 'target_batch_size': 1024, 'model_string': 'resnet18', 'min_batch_size': 512, 'dataset': 'CIFAR', 'placement': None, 'use_nccl': True, 'devices_per_worker': 1, 'primary_resource': 'extra_gpu', 'gpu': False, 'verbose': False, 'lr_config': {'mode': 'log', 'steps': 5, 'initial_lr': 0.05, 'target_lr': 0.05}, 'batch_per_device': 1024}",503.1382837295532,0,64,8166.25842227952,1
0.006837368011474609,0.11620981693267822,0.004555010795593261,0.04554668251349001,0.020689916610717774,nan,0.0,0.04199624061584473,0.856499969959259,0.4386048665523529,-0.856499969959259,nan,0.0,nan,0.0,nan,0.0,0.8995399475097656,0.29879870072364806,nan,0.0,nan,0.0,60000,1,False,,,65,-0.4386048665523529,99791196a7ce4cdcaa312a56ee74ac91,2019-05-30_14-55-19,1559253319,7.236627817153931,510.37491154670715,6392,steropes,169.229.49.254,"{'starting_lr': 0.05, 'momentum': 0.9, 'weight_decay': 0.005, 'steps_per_iteration': None, 'pin': False, 'model_creator': None, 'target_batch_size': 1024, 'model_string': 'resnet18', 'min_batch_size': 512, 'dataset': 'CIFAR', 'placement': None, 'use_nccl': True, 'devices_per_worker': 1, 'primary_resource': 'extra_gpu', 'gpu': False, 'verbose': False, 'lr_config': {'mode': 'log', 'steps': 5, 'initial_lr': 0.05, 'target_lr': 0.05}, 'batch_per_device': 1024}",510.37491154670715,0,65,8162.93241414469,1
0.006919407844543457,0.1140493631362915,0.004520106315612793,0.04450552317560935,0.020868420600891113,nan,0.0,0.04184434413909912,0.8540999889373779,0.4454401997089386,-0.8540999889373779,nan,0.0,nan,0.0,nan,0.0,0.9018200039863586,0.2913812030410767,nan,0.0,nan,0.0,60000,1,False,,,66,-0.4454401997089386,99791196a7ce4cdcaa312a56ee74ac91,2019-05-30_14-55-26,1559253326,7.131672620773315,517.5065841674805,6392,steropes,169.229.49.254,"{'starting_lr': 0.05, 'momentum': 0.9, 'weight_decay': 0.005, 'steps_per_iteration': None, 'pin': False, 'model_creator': None, 'target_batch_size': 1024, 'model_string': 'resnet18', 'min_batch_size': 512, 'dataset': 'CIFAR', 'placement': None, 'use_nccl': True, 'devices_per_worker': 1, 'primary_resource': 'extra_gpu', 'gpu': False, 'verbose': False, 'lr_config': {'mode': 'log', 'steps': 5, 'initial_lr': 0.05, 'target_lr': 0.05}, 'batch_per_device': 1024}",517.5065841674805,0,66,8227.244691390939,1
0.007240128517150879,0.11299614906311035,0.004347372055053711,0.04425862370705118,0.021103906631469726,nan,0.0,0.041787219047546384,0.8476999998092651,0.4668873677253723,-0.8476999998092651,nan,0.0,nan,0.0,nan,0.0,0.9061200022697449,0.28207880396842955,nan,0.0,nan,0.0,60000,1,False,,,67,-0.4668873677253723,99791196a7ce4cdcaa312a56ee74ac91,2019-05-30_14-55-33,1559253333,7.128817796707153,524.6354019641876,6392,steropes,169.229.49.254,"{'starting_lr': 0.05, 'momentum': 0.9, 'weight_decay': 0.005, 'steps_per_iteration': None, 'pin': False, 'model_creator': None, 'target_batch_size': 1024, 'model_string': 'resnet18', 'min_batch_size': 512, 'dataset': 'CIFAR', 'placement': None, 'use_nccl': True, 'devices_per_worker': 1, 'primary_resource': 'extra_gpu', 'gpu': False, 'verbose': False, 'lr_config': {'mode': 'log', 'steps': 5, 'initial_lr': 0.05, 'target_lr': 0.05}, 'batch_per_device': 1024}",524.6354019641876,0,67,8262.311029667459,1
0.007421159744262695,0.11296124458312988,0.004607176780700684,0.04529352577365175,0.020914316177368164,nan,0.0,0.04210762977600098,0.854699969291687,0.45163850736618044,-0.854699969291687,nan,0.0,nan,0.0,nan,0.0,0.9063400030136108,0.28065747752189635,nan,0.0,nan,0.0,60000,1,False,,,68,-0.45163850736618044,99791196a7ce4cdcaa312a56ee74ac91,2019-05-30_14-55-41,1559253341,7.152966499328613,531.7883684635162,6392,steropes,169.229.49.254,"{'starting_lr': 0.05, 'momentum': 0.9, 'weight_decay': 0.005, 'steps_per_iteration': None, 'pin': False, 'model_creator': None, 'target_batch_size': 1024, 'model_string': 'resnet18', 'min_batch_size': 512, 'dataset': 'CIFAR', 'placement': None, 'use_nccl': True, 'devices_per_worker': 1, 'primary_resource': 'extra_gpu', 'gpu': False, 'verbose': False, 'lr_config': {'mode': 'log', 'steps': 5, 'initial_lr': 0.05, 'target_lr': 0.05}, 'batch_per_device': 1024}",531.7883684635162,0,68,8302.213122369387,1
