{"apply": 0.01782686710357666, "batch_time": 0.042390062839170045, "d2h": 0.000666499137878418, "data_time": 0.0018432347670845363, "fwd": 0.14866456985473633, "get_state_time_mean": NaN, "get_state_time_total": 0.0, "grad": 0.16742935180664062, "mean_accuracy": 0.1006999984383583, "mean_loss": 1922457750260.941, "neg_mean_accuracy": -0.1006999984383583, "set_state_time_mean": NaN, "set_state_time_total": 0.0, "setup_model_time_mean": 11.567865371704102, "setup_model_time_total": 11.567865371704102, "setup_proc_time_mean": 0.22858262062072754, "setup_proc_time_total": 0.22858262062072754, "train_accuracy": 0.10029999911785126, "train_loss": 1381140.0285517266, "training_time_mean": NaN, "training_time_total": 0.0, "val_accuracy": 0.1006999984383583, "val_loss": 1922457750260.941, "validation_time_mean": NaN, "validation_time_total": 0.0, "samples": 60000, "num_workers": 1, "done": false, "timesteps_total": null, "episodes_total": null, "training_iteration": 1, "neg_mean_loss": -1922457750260.941, "experiment_id": "62c0989df1eb4d788dee127bbcf53d88", "date": "2019-06-03_03-37-25", "timestamp": 1559558245, "time_this_iter_s": 46.331183195114136, "time_total_s": 46.331183195114136, "pid": 16512, "hostname": "steropes", "node_ip": "169.229.49.254", "config": {"starting_lr": 0.5, "momentum": 0.997, "weight_decay": 0.0005, "steps_per_iteration": null, "pin": false, "model_creator": null, "target_batch_size": 128, "model_string": "resnet50", "min_batch_size": 128, "dataset": "CIFAR", "placement": null, "use_nccl": true, "devices_per_worker": 1, "primary_resource": "extra_gpu", "gpu": false, "verbose": false, "lr_config": {"mode": "log", "steps": 5, "initial_lr": 0.5, "target_lr": 0.5}, "batch_per_device": 128}, "time_since_restore": 46.331183195114136, "timesteps_since_restore": 0, "iterations_since_restore": 1, "mean_throughput": 1295.0218996650915, "atoms": 1, "setup_time": 12.558006525039673}
{"apply": 0.01798243522644043, "batch_time": 0.031948318964318385, "d2h": 0.0006581783294677734, "data_time": 0.0017623169647763147, "fwd": 0.028301930427551268, "get_state_time_mean": NaN, "get_state_time_total": 0.0, "grad": 0.047646284103393555, "mean_accuracy": 0.10034999623894691, "mean_loss": 3.4426485943557453e+18, "neg_mean_accuracy": -0.09999999403953552, "set_state_time_mean": NaN, "set_state_time_total": 0.0, "setup_model_time_mean": NaN, "setup_model_time_total": 0.0, "setup_proc_time_mean": NaN, "setup_proc_time_total": 0.0, "train_accuracy": 0.09927999973297119, "train_loss": 1720404600534.54, "training_time_mean": NaN, "training_time_total": 0.0, "val_accuracy": 0.09999999403953552, "val_loss": 6.88529526625374e+18, "validation_time_mean": NaN, "validation_time_total": 0.0, "samples": 60000, "num_workers": 1, "done": false, "timesteps_total": null, "episodes_total": null, "training_iteration": 2, "neg_mean_loss": -3.4426485943557453e+18, "experiment_id": "62c0989df1eb4d788dee127bbcf53d88", "date": "2019-06-03_03-38-06", "timestamp": 1559558286, "time_this_iter_s": 40.77103018760681, "time_total_s": 87.10221338272095, "pid": 16512, "hostname": "steropes", "node_ip": "169.229.49.254", "config": {"starting_lr": 0.5, "momentum": 0.997, "weight_decay": 0.0005, "steps_per_iteration": null, "pin": false, "model_creator": null, "target_batch_size": 128, "model_string": "resnet50", "min_batch_size": 128, "dataset": "CIFAR", "placement": null, "use_nccl": true, "devices_per_worker": 1, "primary_resource": "extra_gpu", "gpu": false, "verbose": false, "lr_config": {"mode": "log", "steps": 5, "initial_lr": 0.5, "target_lr": 0.5}, "batch_per_device": 128}, "time_since_restore": 87.10221338272095, "timesteps_since_restore": 0, "iterations_since_restore": 2, "mean_throughput": 1377.6893086710697, "atoms": 1, "setup_time": 12.558006525039673}
{"apply": 0.019678473472595215, "batch_time": 0.033094167709350586, "d2h": 0.0006173372268676758, "data_time": 0.0017798318887305687, "fwd": 0.029922914505004884, "get_state_time_mean": NaN, "get_state_time_total": 0.0, "grad": 0.04960646629333496, "mean_accuracy": 0.06689999749263127, "mean_loss": NaN, "neg_mean_accuracy": -0.0, "set_state_time_mean": NaN, "set_state_time_total": 0.0, "setup_model_time_mean": NaN, "setup_model_time_total": 0.0, "setup_proc_time_mean": NaN, "setup_proc_time_total": 0.0, "train_accuracy": 0.04896000027656555, "train_loss": NaN, "training_time_mean": NaN, "training_time_total": 0.0, "val_accuracy": 0.0, "val_loss": NaN, "validation_time_mean": NaN, "validation_time_total": 0.0, "samples": 60000, "num_workers": 1, "done": true, "timesteps_total": null, "episodes_total": null, "training_iteration": 3, "neg_mean_loss": NaN, "experiment_id": "62c0989df1eb4d788dee127bbcf53d88", "date": "2019-06-03_03-38-47", "timestamp": 1559558327, "time_this_iter_s": 40.921096086502075, "time_total_s": 128.02330946922302, "pid": 16512, "hostname": "steropes", "node_ip": "169.229.49.254", "config": {"starting_lr": 0.5, "momentum": 0.997, "weight_decay": 0.0005, "steps_per_iteration": null, "pin": false, "model_creator": null, "target_batch_size": 128, "model_string": "resnet50", "min_batch_size": 128, "dataset": "CIFAR", "placement": null, "use_nccl": true, "devices_per_worker": 1, "primary_resource": "extra_gpu", "gpu": false, "verbose": false, "lr_config": {"mode": "log", "steps": 5, "initial_lr": 0.5, "target_lr": 0.5}, "batch_per_device": 128}, "time_since_restore": 128.02330946922302, "timesteps_since_restore": 0, "iterations_since_restore": 3, "mean_throughput": 1405.9905755772877, "atoms": 1, "setup_time": 12.558006525039673}
