{"apply": 0.019409847259521485, "batch_time": 0.04156211659878115, "d2h": 0.0007101774215698242, "data_time": 0.0018507355009503377, "fwd": 0.144072961807251, "get_state_time_mean": NaN, "get_state_time_total": 0.0, "grad": 0.16343536376953124, "mean_accuracy": 0.1437000036239624, "mean_loss": 2.2670354026794435, "neg_mean_accuracy": -0.1437000036239624, "set_state_time_mean": NaN, "set_state_time_total": 0.0, "setup_model_time_mean": 8.238990306854248, "setup_model_time_total": 8.238990306854248, "setup_proc_time_mean": 0.17641258239746094, "setup_proc_time_total": 0.17641258239746094, "train_accuracy": 0.14323998987674713, "train_loss": 3.390360305404663, "training_time_mean": NaN, "training_time_total": 0.0, "val_accuracy": 0.1437000036239624, "val_loss": 2.2670354026794435, "validation_time_mean": NaN, "validation_time_total": 0.0, "samples": 60000, "num_workers": 1, "done": false, "timesteps_total": null, "episodes_total": null, "training_iteration": 1, "neg_mean_loss": -2.2670354026794435, "experiment_id": "0775313bb7084432bced1e015cb79ac3", "date": "2019-06-06_07-13-41", "timestamp": 1559830421, "time_this_iter_s": 46.38288998603821, "time_total_s": 46.38288998603821, "pid": 12247, "hostname": "steropes", "node_ip": "169.229.49.254", "config": {"starting_lr": 0.01, "momentum": 0.99, "weight_decay": 0.005, "steps_per_iteration": null, "pin": false, "model_creator": null, "target_batch_size": 128, "model_string": "resnet50", "min_batch_size": 128, "dataset": "CIFAR", "placement": null, "use_nccl": true, "devices_per_worker": 1, "primary_resource": "extra_gpu", "gpu": false, "verbose": false, "lr_config": {"mode": "log", "steps": 5, "initial_lr": 0.01, "target_lr": 0.01}, "batch_per_device": 128}, "time_since_restore": 46.38288998603821, "timesteps_since_restore": 0, "iterations_since_restore": 1, "mean_throughput": 1293.5781558057267, "atoms": 1, "setup_time": 8.8368079662323}
{"apply": 0.018891239166259767, "batch_time": 0.03235302997540824, "d2h": 0.0007460117340087891, "data_time": 0.0017704158792715243, "fwd": 0.028743433952331542, "get_state_time_mean": NaN, "get_state_time_total": 0.0, "grad": 0.04815058708190918, "mean_accuracy": 0.23569999635219574, "mean_loss": 2.0400426738739013, "neg_mean_accuracy": -0.3276999890804291, "set_state_time_mean": NaN, "set_state_time_total": 0.0, "setup_model_time_mean": NaN, "setup_model_time_total": 0.0, "setup_proc_time_mean": NaN, "setup_proc_time_total": 0.0, "train_accuracy": 0.24487999081611633, "train_loss": 2.0165939599990845, "training_time_mean": NaN, "training_time_total": 0.0, "val_accuracy": 0.3276999890804291, "val_loss": 1.8130499450683595, "validation_time_mean": NaN, "validation_time_total": 0.0, "samples": 60000, "num_workers": 1, "done": true, "timesteps_total": null, "episodes_total": null, "training_iteration": 2, "neg_mean_loss": -2.0400426738739013, "experiment_id": "0775313bb7084432bced1e015cb79ac3", "date": "2019-06-06_07-14-22", "timestamp": 1559830462, "time_this_iter_s": 40.814727544784546, "time_total_s": 87.19761753082275, "pid": 12247, "hostname": "steropes", "node_ip": "169.229.49.254", "config": {"starting_lr": 0.01, "momentum": 0.99, "weight_decay": 0.005, "steps_per_iteration": null, "pin": false, "model_creator": null, "target_batch_size": 128, "model_string": "resnet50", "min_batch_size": 128, "dataset": "CIFAR", "placement": null, "use_nccl": true, "devices_per_worker": 1, "primary_resource": "extra_gpu", "gpu": false, "verbose": false, "lr_config": {"mode": "log", "steps": 5, "initial_lr": 0.01, "target_lr": 0.01}, "batch_per_device": 128}, "time_since_restore": 87.19761753082275, "timesteps_since_restore": 0, "iterations_since_restore": 2, "mean_throughput": 1376.181653398888, "atoms": 1, "setup_time": 8.8368079662323}
