apply,batch_time,d2h,data_time,fwd,get_state_time_mean,get_state_time_total,grad,mean_accuracy,mean_loss,neg_mean_accuracy,set_state_time_mean,set_state_time_total,setup_model_time_mean,setup_model_time_total,setup_proc_time_mean,setup_proc_time_total,train_accuracy,train_loss,training_time_mean,training_time_total,val_accuracy,val_loss,validation_time_mean,validation_time_total,samples,num_workers,done,timesteps_total,episodes_total,training_iteration,neg_mean_loss,experiment_id,date,timestamp,time_this_iter_s,time_total_s,pid,hostname,node_ip,config,time_since_restore,timesteps_since_restore,iterations_since_restore,mean_throughput,atoms,setup_time
0.017216587066650392,0.04151385947118832,0.0007169246673583984,0.001856966701614887,0.1623098373413086,nan,0.0,0.22199015617370604,0.2624000012874603,2.04692618598938,-0.2624000012874603,nan,0.0,8.503138780593872,8.503138780593872,0.13505244255065918,0.13505244255065918,0.1818999946117401,2.323030643005371,nan,0.0,0.2624000012874603,2.04692618598938,nan,0.0,60000,1,False,,,1,-2.04692618598938,d09aa118e67f440a903ee290e94c40b0,2019-06-03_04-40-27,1559562027,47.52989888191223,47.52989888191223,17450,steropes,169.229.49.254,"{'starting_lr': 0.001, 'momentum': 0.9, 'weight_decay': 0.005, 'steps_per_iteration': None, 'pin': False, 'model_creator': None, 'target_batch_size': 128, 'model_string': 'resnet50', 'min_batch_size': 128, 'dataset': 'CIFAR', 'placement': None, 'use_nccl': True, 'devices_per_worker': 1, 'primary_resource': 'extra_gpu', 'gpu': False, 'verbose': False, 'lr_config': {'mode': 'log', 'steps': 5, 'initial_lr': 0.001, 'target_lr': 0.001}, 'batch_per_device': 128}",47.52989888191223,0,1,1262.360070538361,1,8.754328727722168
0.0180452823638916,0.03192865999439095,0.0007201194763183594,0.0017975035225948714,0.028539752960205077,nan,0.0,0.048724913597106935,0.29569999873638153,1.9391760025978089,-0.32899999618530273,nan,0.0,nan,0.0,nan,0.0,0.27831998467445374,1.9900194011688233,nan,0.0,0.32899999618530273,1.8314258192062378,nan,0.0,60000,1,False,,,2,-1.9391760025978089,d09aa118e67f440a903ee290e94c40b0,2019-06-03_04-41-08,1559562068,41.161174297332764,88.691073179245,17450,steropes,169.229.49.254,"{'starting_lr': 0.001, 'momentum': 0.9, 'weight_decay': 0.005, 'steps_per_iteration': None, 'pin': False, 'model_creator': None, 'target_batch_size': 128, 'model_string': 'resnet50', 'min_batch_size': 128, 'dataset': 'CIFAR', 'placement': None, 'use_nccl': True, 'devices_per_worker': 1, 'primary_resource': 'extra_gpu', 'gpu': False, 'verbose': False, 'lr_config': {'mode': 'log', 'steps': 5, 'initial_lr': 0.001, 'target_lr': 0.001}, 'batch_per_device': 128}",88.691073179245,0,2,1353.007928063088,1,8.754328727722168
0.018040275573730467,0.031505792955809,0.0006986141204833984,0.0017702750232823365,0.02903437614440918,nan,0.0,0.049229669570922854,0.320333331823349,1.8780782496770223,-0.36959999799728394,nan,0.0,nan,0.0,nan,0.0,0.3350600004196167,1.8231819161224365,nan,0.0,0.36959999799728394,1.7558827438354492,nan,0.0,60000,1,False,,,3,-1.8780782496770223,d09aa118e67f440a903ee290e94c40b0,2019-06-03_04-41-49,1559562109,41.01955246925354,129.71062564849854,17450,steropes,169.229.49.254,"{'starting_lr': 0.001, 'momentum': 0.9, 'weight_decay': 0.005, 'steps_per_iteration': None, 'pin': False, 'model_creator': None, 'target_batch_size': 128, 'model_string': 'resnet50', 'min_batch_size': 128, 'dataset': 'CIFAR', 'placement': None, 'use_nccl': True, 'devices_per_worker': 1, 'primary_resource': 'extra_gpu', 'gpu': False, 'verbose': False, 'lr_config': {'mode': 'log', 'steps': 5, 'initial_lr': 0.001, 'target_lr': 0.001}, 'batch_per_device': 128}",129.71062564849854,0,3,1387.7013137696115,1,8.754328727722168
0.016893625259399414,0.03157720988309836,0.0006877899169921875,0.0017981858509580801,0.02810485363006592,nan,0.0,0.04868481159210205,0.33972499519586563,1.816365042734146,-0.3978999853134155,nan,0.0,nan,0.0,nan,0.0,0.3737599849700928,1.7138876628875732,nan,0.0,0.3978999853134155,1.6312254219055176,nan,0.0,60000,1,False,,,4,-1.816365042734146,d09aa118e67f440a903ee290e94c40b0,2019-06-03_04-42-30,1559562150,41.10138988494873,170.81201553344727,17450,steropes,169.229.49.254,"{'starting_lr': 0.001, 'momentum': 0.9, 'weight_decay': 0.005, 'steps_per_iteration': None, 'pin': False, 'model_creator': None, 'target_batch_size': 128, 'model_string': 'resnet50', 'min_batch_size': 128, 'dataset': 'CIFAR', 'placement': None, 'use_nccl': True, 'devices_per_worker': 1, 'primary_resource': 'extra_gpu', 'gpu': False, 'verbose': False, 'lr_config': {'mode': 'log', 'steps': 5, 'initial_lr': 0.001, 'target_lr': 0.001}, 'batch_per_device': 128}",170.81201553344727,0,4,1405.050392535558,1,8.754328727722168
0.017011642456054688,0.03247096870518938,0.0007493495941162109,0.0018293260003599669,0.02922978401184082,nan,0.0,0.048742246627807614,0.3576399922370911,1.7695678352355955,-0.4292999804019928,nan,0.0,nan,0.0,nan,0.0,0.39914000034332275,1.6407521393203734,nan,0.0,0.4292999804019928,1.582379005241394,nan,0.0,60000,1,False,,,5,-1.7695678352355955,d09aa118e67f440a903ee290e94c40b0,2019-06-03_04-43-12,1559562192,41.403061866760254,212.21507740020752,17450,steropes,169.229.49.254,"{'starting_lr': 0.001, 'momentum': 0.9, 'weight_decay': 0.005, 'steps_per_iteration': None, 'pin': False, 'model_creator': None, 'target_batch_size': 128, 'model_string': 'resnet50', 'min_batch_size': 128, 'dataset': 'CIFAR', 'placement': None, 'use_nccl': True, 'devices_per_worker': 1, 'primary_resource': 'extra_gpu', 'gpu': False, 'verbose': False, 'lr_config': {'mode': 'log', 'steps': 5, 'initial_lr': 0.001, 'target_lr': 0.001}, 'batch_per_device': 128}",212.21507740020752,0,5,1413.657226882328,1,8.754328727722168
0.017313265800476076,0.03161779536476618,0.0006633520126342774,0.0017936882155630595,0.027858805656433106,nan,0.0,0.04791378974914551,0.3947199881076813,1.6598306429672243,-0.4477999806404114,nan,0.0,nan,0.0,nan,0.0,0.4196600019931793,1.5811059087753296,nan,0.0,0.4477999806404114,1.498240224647522,nan,0.0,60000,1,False,,,6,-1.6598306429672243,d09aa118e67f440a903ee290e94c40b0,2019-06-03_04-43-52,1559562232,40.78993225097656,253.00500965118408,17450,steropes,169.229.49.254,"{'starting_lr': 0.001, 'momentum': 0.9, 'weight_decay': 0.005, 'steps_per_iteration': None, 'pin': False, 'model_creator': None, 'target_batch_size': 128, 'model_string': 'resnet50', 'min_batch_size': 128, 'dataset': 'CIFAR', 'placement': None, 'use_nccl': True, 'devices_per_worker': 1, 'primary_resource': 'extra_gpu', 'gpu': False, 'verbose': False, 'lr_config': {'mode': 'log', 'steps': 5, 'initial_lr': 0.001, 'target_lr': 0.001}, 'batch_per_device': 128}",253.00500965118408,0,6,1460.027992354157,1,8.754328727722168
0.023063158988952635,0.03150621546974665,0.000722813606262207,0.0018091805450751654,0.031714224815368654,nan,0.0,0.04930274486541748,0.421179986000061,1.5839619226074217,-0.46129998564720154,nan,0.0,nan,0.0,nan,0.0,0.43945997953414917,1.5333852825546264,nan,0.0,0.46129998564720154,1.4520822174072265,nan,0.0,60000,1,False,,,7,-1.5839619226074217,d09aa118e67f440a903ee290e94c40b0,2019-06-03_04-44-34,1559562274,41.27268433570862,294.2776939868927,17450,steropes,169.229.49.254,"{'starting_lr': 0.001, 'momentum': 0.9, 'weight_decay': 0.005, 'steps_per_iteration': None, 'pin': False, 'model_creator': None, 'target_batch_size': 128, 'model_string': 'resnet50', 'min_batch_size': 128, 'dataset': 'CIFAR', 'placement': None, 'use_nccl': True, 'devices_per_worker': 1, 'primary_resource': 'extra_gpu', 'gpu': False, 'verbose': False, 'lr_config': {'mode': 'log', 'steps': 5, 'initial_lr': 0.001, 'target_lr': 0.001}, 'batch_per_device': 128}",294.2776939868927,0,7,1459.2361112842602,1,8.754328727722168
0.01680605411529541,0.03196422057815745,0.0006890058517456055,0.001779993476770113,0.02767484188079834,nan,0.0,0.04819188117980957,0.44539998173713685,1.5110316409683227,-0.49069997668266296,nan,0.0,nan,0.0,nan,0.0,0.46017998456954956,1.4836443783950806,nan,0.0,0.49069997668266296,1.3912313356399537,nan,0.0,60000,1,False,,,8,-1.5110316409683227,d09aa118e67f440a903ee290e94c40b0,2019-06-03_04-45-14,1559562314,40.64308547973633,334.920779466629,17450,steropes,169.229.49.254,"{'starting_lr': 0.001, 'momentum': 0.9, 'weight_decay': 0.005, 'steps_per_iteration': None, 'pin': False, 'model_creator': None, 'target_batch_size': 128, 'model_string': 'resnet50', 'min_batch_size': 128, 'dataset': 'CIFAR', 'placement': None, 'use_nccl': True, 'devices_per_worker': 1, 'primary_resource': 'extra_gpu', 'gpu': False, 'verbose': False, 'lr_config': {'mode': 'log', 'steps': 5, 'initial_lr': 0.001, 'target_lr': 0.001}, 'batch_per_device': 128}",334.920779466629,0,8,1461.9127852005654,1,8.754328727722168
0.016814517974853515,0.03216640858710566,0.0007336854934692383,0.0017777690497200811,0.028104352951049804,nan,0.0,0.04789438247680664,0.46363998055458067,1.465183941001892,-0.48909997940063477,nan,0.0,nan,0.0,nan,0.0,0.47645998001098633,1.4399534857177734,nan,0.0,0.48909997940063477,1.4019869220733643,nan,0.0,60000,1,False,,,9,-1.465183941001892,d09aa118e67f440a903ee290e94c40b0,2019-06-03_04-45-55,1559562355,40.800230264663696,375.7210097312927,17450,steropes,169.229.49.254,"{'starting_lr': 0.001, 'momentum': 0.9, 'weight_decay': 0.005, 'steps_per_iteration': None, 'pin': False, 'model_creator': None, 'target_batch_size': 128, 'model_string': 'resnet50', 'min_batch_size': 128, 'dataset': 'CIFAR', 'placement': None, 'use_nccl': True, 'devices_per_worker': 1, 'primary_resource': 'extra_gpu', 'gpu': False, 'verbose': False, 'lr_config': {'mode': 'log', 'steps': 5, 'initial_lr': 0.001, 'target_lr': 0.001}, 'batch_per_device': 128}",375.7210097312927,0,9,1464.0613493165101,1,8.754328727722168
0.017215704917907713,0.03329039525382126,0.0007161378860473632,0.0017566479685361428,0.02784886360168457,nan,0.0,0.047806811332702634,0.4796599864959717,1.417094419403076,-0.5094000101089478,nan,0.0,nan,0.0,nan,0.0,0.4889799952507019,1.4014212776947021,nan,0.0,0.5094000101089478,1.3419313972473144,nan,0.0,60000,1,False,,,10,-1.417094419403076,d09aa118e67f440a903ee290e94c40b0,2019-06-03_04-46-36,1559562396,40.675694704055786,416.3967044353485,17450,steropes,169.229.49.254,"{'starting_lr': 0.001, 'momentum': 0.9, 'weight_decay': 0.005, 'steps_per_iteration': None, 'pin': False, 'model_creator': None, 'target_batch_size': 128, 'model_string': 'resnet50', 'min_batch_size': 128, 'dataset': 'CIFAR', 'placement': None, 'use_nccl': True, 'devices_per_worker': 1, 'primary_resource': 'extra_gpu', 'gpu': False, 'verbose': False, 'lr_config': {'mode': 'log', 'steps': 5, 'initial_lr': 0.001, 'target_lr': 0.001}, 'batch_per_device': 128}",416.3967044353485,0,10,1469.2768231837779,1,8.754328727722168
0.019297027587890626,0.0637429177761078,0.0007484674453735352,0.0030349541683586277,0.1323232650756836,nan,0.0,0.22494858503341675,0.4948999881744385,1.381336688861847,-0.5239999890327454,5.226361513137817,5.226361513137817,10.697687983512878,10.697687983512878,2.047739624977112,2.047739624977112,0.512779951095581,1.3497669390678406,nan,0.0,0.5239999890327454,1.3194515719413757,nan,0.0,60000,2,False,,,11,-1.381336688861847,d09aa118e67f440a903ee290e94c40b0,2019-06-03_04-47-37,1559562457,33.66538119316101,450.0620856285095,26897,steropes,169.229.49.254,"{'starting_lr': 0.001, 'momentum': 0.9, 'weight_decay': 0.005, 'steps_per_iteration': None, 'pin': False, 'model_creator': None, 'target_batch_size': 128, 'model_string': 'resnet50', 'min_batch_size': 128, 'dataset': 'CIFAR', 'placement': None, 'use_nccl': True, 'devices_per_worker': 1, 'primary_resource': 'extra_gpu', 'gpu': False, 'verbose': False, 'lr_config': {'mode': 'log', 'steps': 5, 'initial_lr': 0.001, 'target_lr': 0.0014142135623730952}, 'batch_per_device': 128}",33.66538119316101,0,1,1782.2402602307102,2,27.732364177703857
0.017797601222991944,0.036969003081321714,0.0006311058998107911,0.0027548853231936085,0.02784801721572876,nan,0.0,0.08103963136672973,0.5089199841022491,1.3489700512313842,-0.5313999652862549,nan,0.0,nan,0.0,nan,0.0,0.5231999754905701,1.3189828018188476,nan,0.0,0.5313999652862549,1.2902490292549134,nan,0.0,60000,2,False,,,12,-1.3489700512313842,d09aa118e67f440a903ee290e94c40b0,2019-06-03_04-48-05,1559562485,27.698963165283203,477.7610487937927,26897,steropes,169.229.49.254,"{'starting_lr': 0.001, 'momentum': 0.9, 'weight_decay': 0.005, 'steps_per_iteration': None, 'pin': False, 'model_creator': None, 'target_batch_size': 128, 'model_string': 'resnet50', 'min_batch_size': 128, 'dataset': 'CIFAR', 'placement': None, 'use_nccl': True, 'devices_per_worker': 1, 'primary_resource': 'extra_gpu', 'gpu': False, 'verbose': False, 'lr_config': {'mode': 'log', 'steps': 5, 'initial_lr': 0.001, 'target_lr': 0.0014142135623730952}, 'batch_per_device': 128}",61.364344358444214,0,2,1955.5266946413221,2,27.732364177703857
0.017331361770629883,0.03732742071151733,0.000640261173248291,0.00272092588093816,0.028209769725799562,nan,0.0,0.08217746019363403,0.5207799792289733,1.3203745449256896,-0.5499999523162842,nan,0.0,nan,0.0,nan,0.0,0.5308599472045898,1.3005223842811584,nan,0.0,0.5499999523162842,1.2482538041114806,nan,0.0,60000,2,False,,,13,-1.3203745449256896,d09aa118e67f440a903ee290e94c40b0,2019-06-03_04-48-33,1559562513,27.905900478363037,505.66694927215576,26897,steropes,169.229.49.254,"{'starting_lr': 0.001, 'momentum': 0.9, 'weight_decay': 0.005, 'steps_per_iteration': None, 'pin': False, 'model_creator': None, 'target_batch_size': 128, 'model_string': 'resnet50', 'min_batch_size': 128, 'dataset': 'CIFAR', 'placement': None, 'use_nccl': True, 'devices_per_worker': 1, 'primary_resource': 'extra_gpu', 'gpu': False, 'verbose': False, 'lr_config': {'mode': 'log', 'steps': 5, 'initial_lr': 0.001, 'target_lr': 0.0014142135623730952}, 'batch_per_device': 128}",89.27024483680725,0,3,2016.3429830611876,2,27.732364177703857
0.01943333148956299,0.037631946802139285,0.0006781697273254394,0.0028443293912070134,0.0294636607170105,nan,0.0,0.08125935792922974,0.5316999793052674,1.2911492696762084,-0.5436999797821045,nan,0.0,nan,0.0,nan,0.0,0.5381799936294556,1.2781396374797822,nan,0.0,0.5436999797821045,1.2558605458259582,nan,0.0,60000,2,False,,,14,-1.2911492696762084,d09aa118e67f440a903ee290e94c40b0,2019-06-03_04-49-01,1559562541,27.954727172851562,533.6216764450073,26897,steropes,169.229.49.254,"{'starting_lr': 0.001, 'momentum': 0.9, 'weight_decay': 0.005, 'steps_per_iteration': None, 'pin': False, 'model_creator': None, 'target_batch_size': 128, 'model_string': 'resnet50', 'min_batch_size': 128, 'dataset': 'CIFAR', 'placement': None, 'use_nccl': True, 'devices_per_worker': 1, 'primary_resource': 'extra_gpu', 'gpu': False, 'verbose': False, 'lr_config': {'mode': 'log', 'steps': 5, 'initial_lr': 0.001, 'target_lr': 0.0014142135623730952}, 'batch_per_device': 128}",117.22497200965881,0,4,2047.3390050726014,2,27.732364177703857
0.017965030670166013,0.03672720789909363,0.000635981559753418,0.0027511423947859785,0.02771350145339966,nan,0.0,0.08121947050094605,0.5410199761390686,1.2673663284111023,-0.5559999942779541,nan,0.0,nan,0.0,nan,0.0,0.5486400127410889,1.2577708990859984,nan,0.0,0.5559999942779541,1.2230166909217834,nan,0.0,60000,2,False,,,15,-1.2673663284111023,d09aa118e67f440a903ee290e94c40b0,2019-06-03_04-49-29,1559562569,27.858146905899048,561.4798233509064,26897,steropes,169.229.49.254,"{'starting_lr': 0.001, 'momentum': 0.9, 'weight_decay': 0.005, 'steps_per_iteration': None, 'pin': False, 'model_creator': None, 'target_batch_size': 128, 'model_string': 'resnet50', 'min_batch_size': 128, 'dataset': 'CIFAR', 'placement': None, 'use_nccl': True, 'devices_per_worker': 1, 'primary_resource': 'extra_gpu', 'gpu': False, 'verbose': False, 'lr_config': {'mode': 'log', 'steps': 5, 'initial_lr': 0.001, 'target_lr': 0.0014142135623730952}, 'batch_per_device': 128}",145.08311891555786,0,5,2067.7738786108002,2,27.732364177703857
0.0171947717666626,0.04001087844371796,0.0006303548812866211,0.0028200563119382275,0.027872002124786376,nan,0.0,0.08037911653518677,0.5492599725723266,1.2460735811805723,-0.5651999711990356,nan,0.0,nan,0.0,nan,0.0,0.5531399846076965,1.2400297461891174,nan,0.0,0.5651999711990356,1.2129878357887267,nan,0.0,60000,2,False,,,16,-1.2460735811805723,d09aa118e67f440a903ee290e94c40b0,2019-06-03_04-49-57,1559562597,28.051672220230103,589.5314955711365,26897,steropes,169.229.49.254,"{'starting_lr': 0.001, 'momentum': 0.9, 'weight_decay': 0.005, 'steps_per_iteration': None, 'pin': False, 'model_creator': None, 'target_batch_size': 128, 'model_string': 'resnet50', 'min_batch_size': 128, 'dataset': 'CIFAR', 'placement': None, 'use_nccl': True, 'devices_per_worker': 1, 'primary_resource': 'extra_gpu', 'gpu': False, 'verbose': False, 'lr_config': {'mode': 'log', 'steps': 5, 'initial_lr': 0.001, 'target_lr': 0.0014142135623730952}, 'batch_per_device': 128}",173.13479113578796,0,6,2151.002174529171,2,27.732364177703857
0.01723606586456299,0.08153929239437903,0.000674581527709961,0.003734028066387613,0.13450100421905517,nan,0.0,0.2515361070632935,0.5641364574432373,1.2120043057381147,-0.5882823467254639,4.6210581461588545,4.6210581461588545,11.389319658279419,11.389319658279419,10.709388256072998,10.709388256072998,0.5764085054397583,1.1855837936551663,nan,0.0,0.5882823467254639,1.1639823043520414,nan,0.0,60000,3,False,,,18,-1.2120043057381147,d09aa118e67f440a903ee290e94c40b0,2019-06-03_04-51-13,1559562673,26.63335633277893,643.8648345470428,5817,steropes,169.229.49.254,"{'starting_lr': 0.001, 'momentum': 0.9, 'weight_decay': 0.005, 'steps_per_iteration': None, 'pin': False, 'model_creator': None, 'target_batch_size': 128, 'model_string': 'resnet50', 'min_batch_size': 128, 'dataset': 'CIFAR', 'placement': None, 'use_nccl': True, 'devices_per_worker': 1, 'primary_resource': 'extra_gpu', 'gpu': False, 'verbose': False, 'lr_config': {'mode': 'log', 'steps': 5, 'initial_lr': 0.001, 'target_lr': 0.0017320508075688772}, 'batch_per_device': 128}",26.63335633277893,0,1,2252.805201178675,3,49.719977140426636
0.01781177520751953,0.045384992787867416,0.000759418805440267,0.0035778990835330566,0.02868913809458415,nan,0.0,0.09097999731699626,0.5718331654866536,1.1935120034922648,-0.5821835199991862,nan,0.0,nan,0.0,nan,0.0,0.5852483113606771,1.1622267362368168,nan,0.0,0.5821835199991862,1.1633990345967098,nan,0.0,60000,3,False,,,19,-1.1935120034922648,d09aa118e67f440a903ee290e94c40b0,2019-06-03_04-51-34,1559562694,20.85525894165039,664.7200934886932,5817,steropes,169.229.49.254,"{'starting_lr': 0.001, 'momentum': 0.9, 'weight_decay': 0.005, 'steps_per_iteration': None, 'pin': False, 'model_creator': None, 'target_batch_size': 128, 'model_string': 'resnet50', 'min_batch_size': 128, 'dataset': 'CIFAR', 'placement': None, 'use_nccl': True, 'devices_per_worker': 1, 'primary_resource': 'extra_gpu', 'gpu': False, 'verbose': False, 'lr_config': {'mode': 'log', 'steps': 5, 'initial_lr': 0.001, 'target_lr': 0.0017320508075688772}, 'batch_per_device': 128}",47.48861527442932,0,2,2526.912024685551,3,49.719977140426636
0.01782989501953125,0.05089498449254919,0.0007322470347086588,0.0036736032131670696,0.028731528917948404,nan,0.0,0.09198643366495768,0.57854958375295,1.1789111957404468,-0.589582085609436,nan,0.0,nan,0.0,nan,0.0,0.5864283243815104,1.148748920518435,nan,0.0,0.589582085609436,1.150012652162694,nan,0.0,60000,3,True,,,20,-1.1789111957404468,d09aa118e67f440a903ee290e94c40b0,2019-06-03_04-51-55,1559562715,20.953640937805176,685.6737344264984,5817,steropes,169.229.49.254,"{'starting_lr': 0.001, 'momentum': 0.9, 'weight_decay': 0.005, 'steps_per_iteration': None, 'pin': False, 'model_creator': None, 'target_batch_size': 128, 'model_string': 'resnet50', 'min_batch_size': 128, 'dataset': 'CIFAR', 'placement': None, 'use_nccl': True, 'devices_per_worker': 1, 'primary_resource': 'extra_gpu', 'gpu': False, 'verbose': False, 'lr_config': {'mode': 'log', 'steps': 5, 'initial_lr': 0.001, 'target_lr': 0.0017320508075688772}, 'batch_per_device': 128}",68.4422562122345,0,3,2629.9443725845654,3,49.719977140426636
