{"apply": 0.017216587066650392, "batch_time": 0.04151385947118832, "d2h": 0.0007169246673583984, "data_time": 0.001856966701614887, "fwd": 0.1623098373413086, "get_state_time_mean": NaN, "get_state_time_total": 0.0, "grad": 0.22199015617370604, "mean_accuracy": 0.2624000012874603, "mean_loss": 2.04692618598938, "neg_mean_accuracy": -0.2624000012874603, "set_state_time_mean": NaN, "set_state_time_total": 0.0, "setup_model_time_mean": 8.503138780593872, "setup_model_time_total": 8.503138780593872, "setup_proc_time_mean": 0.13505244255065918, "setup_proc_time_total": 0.13505244255065918, "train_accuracy": 0.1818999946117401, "train_loss": 2.323030643005371, "training_time_mean": NaN, "training_time_total": 0.0, "val_accuracy": 0.2624000012874603, "val_loss": 2.04692618598938, "validation_time_mean": NaN, "validation_time_total": 0.0, "samples": 60000, "num_workers": 1, "done": false, "timesteps_total": null, "episodes_total": null, "training_iteration": 1, "neg_mean_loss": -2.04692618598938, "experiment_id": "d09aa118e67f440a903ee290e94c40b0", "date": "2019-06-03_04-40-27", "timestamp": 1559562027, "time_this_iter_s": 47.52989888191223, "time_total_s": 47.52989888191223, "pid": 17450, "hostname": "steropes", "node_ip": "169.229.49.254", "config": {"starting_lr": 0.001, "momentum": 0.9, "weight_decay": 0.005, "steps_per_iteration": null, "pin": false, "model_creator": null, "target_batch_size": 128, "model_string": "resnet50", "min_batch_size": 128, "dataset": "CIFAR", "placement": null, "use_nccl": true, "devices_per_worker": 1, "primary_resource": "extra_gpu", "gpu": false, "verbose": false, "lr_config": {"mode": "log", "steps": 5, "initial_lr": 0.001, "target_lr": 0.001}, "batch_per_device": 128}, "time_since_restore": 47.52989888191223, "timesteps_since_restore": 0, "iterations_since_restore": 1, "mean_throughput": 1262.360070538361, "atoms": 1, "setup_time": 8.754328727722168}
{"apply": 0.0180452823638916, "batch_time": 0.03192865999439095, "d2h": 0.0007201194763183594, "data_time": 0.0017975035225948714, "fwd": 0.028539752960205077, "get_state_time_mean": NaN, "get_state_time_total": 0.0, "grad": 0.048724913597106935, "mean_accuracy": 0.29569999873638153, "mean_loss": 1.9391760025978089, "neg_mean_accuracy": -0.32899999618530273, "set_state_time_mean": NaN, "set_state_time_total": 0.0, "setup_model_time_mean": NaN, "setup_model_time_total": 0.0, "setup_proc_time_mean": NaN, "setup_proc_time_total": 0.0, "train_accuracy": 0.27831998467445374, "train_loss": 1.9900194011688233, "training_time_mean": NaN, "training_time_total": 0.0, "val_accuracy": 0.32899999618530273, "val_loss": 1.8314258192062378, "validation_time_mean": NaN, "validation_time_total": 0.0, "samples": 60000, "num_workers": 1, "done": false, "timesteps_total": null, "episodes_total": null, "training_iteration": 2, "neg_mean_loss": -1.9391760025978089, "experiment_id": "d09aa118e67f440a903ee290e94c40b0", "date": "2019-06-03_04-41-08", "timestamp": 1559562068, "time_this_iter_s": 41.161174297332764, "time_total_s": 88.691073179245, "pid": 17450, "hostname": "steropes", "node_ip": "169.229.49.254", "config": {"starting_lr": 0.001, "momentum": 0.9, "weight_decay": 0.005, "steps_per_iteration": null, "pin": false, "model_creator": null, "target_batch_size": 128, "model_string": "resnet50", "min_batch_size": 128, "dataset": "CIFAR", "placement": null, "use_nccl": true, "devices_per_worker": 1, "primary_resource": "extra_gpu", "gpu": false, "verbose": false, "lr_config": {"mode": "log", "steps": 5, "initial_lr": 0.001, "target_lr": 0.001}, "batch_per_device": 128}, "time_since_restore": 88.691073179245, "timesteps_since_restore": 0, "iterations_since_restore": 2, "mean_throughput": 1353.007928063088, "atoms": 1, "setup_time": 8.754328727722168}
{"apply": 0.018040275573730467, "batch_time": 0.031505792955809, "d2h": 0.0006986141204833984, "data_time": 0.0017702750232823365, "fwd": 0.02903437614440918, "get_state_time_mean": NaN, "get_state_time_total": 0.0, "grad": 0.049229669570922854, "mean_accuracy": 0.320333331823349, "mean_loss": 1.8780782496770223, "neg_mean_accuracy": -0.36959999799728394, "set_state_time_mean": NaN, "set_state_time_total": 0.0, "setup_model_time_mean": NaN, "setup_model_time_total": 0.0, "setup_proc_time_mean": NaN, "setup_proc_time_total": 0.0, "train_accuracy": 0.3350600004196167, "train_loss": 1.8231819161224365, "training_time_mean": NaN, "training_time_total": 0.0, "val_accuracy": 0.36959999799728394, "val_loss": 1.7558827438354492, "validation_time_mean": NaN, "validation_time_total": 0.0, "samples": 60000, "num_workers": 1, "done": false, "timesteps_total": null, "episodes_total": null, "training_iteration": 3, "neg_mean_loss": -1.8780782496770223, "experiment_id": "d09aa118e67f440a903ee290e94c40b0", "date": "2019-06-03_04-41-49", "timestamp": 1559562109, "time_this_iter_s": 41.01955246925354, "time_total_s": 129.71062564849854, "pid": 17450, "hostname": "steropes", "node_ip": "169.229.49.254", "config": {"starting_lr": 0.001, "momentum": 0.9, "weight_decay": 0.005, "steps_per_iteration": null, "pin": false, "model_creator": null, "target_batch_size": 128, "model_string": "resnet50", "min_batch_size": 128, "dataset": "CIFAR", "placement": null, "use_nccl": true, "devices_per_worker": 1, "primary_resource": "extra_gpu", "gpu": false, "verbose": false, "lr_config": {"mode": "log", "steps": 5, "initial_lr": 0.001, "target_lr": 0.001}, "batch_per_device": 128}, "time_since_restore": 129.71062564849854, "timesteps_since_restore": 0, "iterations_since_restore": 3, "mean_throughput": 1387.7013137696115, "atoms": 1, "setup_time": 8.754328727722168}
{"apply": 0.016893625259399414, "batch_time": 0.03157720988309836, "d2h": 0.0006877899169921875, "data_time": 0.0017981858509580801, "fwd": 0.02810485363006592, "get_state_time_mean": NaN, "get_state_time_total": 0.0, "grad": 0.04868481159210205, "mean_accuracy": 0.33972499519586563, "mean_loss": 1.816365042734146, "neg_mean_accuracy": -0.3978999853134155, "set_state_time_mean": NaN, "set_state_time_total": 0.0, "setup_model_time_mean": NaN, "setup_model_time_total": 0.0, "setup_proc_time_mean": NaN, "setup_proc_time_total": 0.0, "train_accuracy": 0.3737599849700928, "train_loss": 1.7138876628875732, "training_time_mean": NaN, "training_time_total": 0.0, "val_accuracy": 0.3978999853134155, "val_loss": 1.6312254219055176, "validation_time_mean": NaN, "validation_time_total": 0.0, "samples": 60000, "num_workers": 1, "done": false, "timesteps_total": null, "episodes_total": null, "training_iteration": 4, "neg_mean_loss": -1.816365042734146, "experiment_id": "d09aa118e67f440a903ee290e94c40b0", "date": "2019-06-03_04-42-30", "timestamp": 1559562150, "time_this_iter_s": 41.10138988494873, "time_total_s": 170.81201553344727, "pid": 17450, "hostname": "steropes", "node_ip": "169.229.49.254", "config": {"starting_lr": 0.001, "momentum": 0.9, "weight_decay": 0.005, "steps_per_iteration": null, "pin": false, "model_creator": null, "target_batch_size": 128, "model_string": "resnet50", "min_batch_size": 128, "dataset": "CIFAR", "placement": null, "use_nccl": true, "devices_per_worker": 1, "primary_resource": "extra_gpu", "gpu": false, "verbose": false, "lr_config": {"mode": "log", "steps": 5, "initial_lr": 0.001, "target_lr": 0.001}, "batch_per_device": 128}, "time_since_restore": 170.81201553344727, "timesteps_since_restore": 0, "iterations_since_restore": 4, "mean_throughput": 1405.050392535558, "atoms": 1, "setup_time": 8.754328727722168}
{"apply": 0.017011642456054688, "batch_time": 0.03247096870518938, "d2h": 0.0007493495941162109, "data_time": 0.0018293260003599669, "fwd": 0.02922978401184082, "get_state_time_mean": NaN, "get_state_time_total": 0.0, "grad": 0.048742246627807614, "mean_accuracy": 0.3576399922370911, "mean_loss": 1.7695678352355955, "neg_mean_accuracy": -0.4292999804019928, "set_state_time_mean": NaN, "set_state_time_total": 0.0, "setup_model_time_mean": NaN, "setup_model_time_total": 0.0, "setup_proc_time_mean": NaN, "setup_proc_time_total": 0.0, "train_accuracy": 0.39914000034332275, "train_loss": 1.6407521393203734, "training_time_mean": NaN, "training_time_total": 0.0, "val_accuracy": 0.4292999804019928, "val_loss": 1.582379005241394, "validation_time_mean": NaN, "validation_time_total": 0.0, "samples": 60000, "num_workers": 1, "done": false, "timesteps_total": null, "episodes_total": null, "training_iteration": 5, "neg_mean_loss": -1.7695678352355955, "experiment_id": "d09aa118e67f440a903ee290e94c40b0", "date": "2019-06-03_04-43-12", "timestamp": 1559562192, "time_this_iter_s": 41.403061866760254, "time_total_s": 212.21507740020752, "pid": 17450, "hostname": "steropes", "node_ip": "169.229.49.254", "config": {"starting_lr": 0.001, "momentum": 0.9, "weight_decay": 0.005, "steps_per_iteration": null, "pin": false, "model_creator": null, "target_batch_size": 128, "model_string": "resnet50", "min_batch_size": 128, "dataset": "CIFAR", "placement": null, "use_nccl": true, "devices_per_worker": 1, "primary_resource": "extra_gpu", "gpu": false, "verbose": false, "lr_config": {"mode": "log", "steps": 5, "initial_lr": 0.001, "target_lr": 0.001}, "batch_per_device": 128}, "time_since_restore": 212.21507740020752, "timesteps_since_restore": 0, "iterations_since_restore": 5, "mean_throughput": 1413.657226882328, "atoms": 1, "setup_time": 8.754328727722168}
{"apply": 0.017313265800476076, "batch_time": 0.03161779536476618, "d2h": 0.0006633520126342774, "data_time": 0.0017936882155630595, "fwd": 0.027858805656433106, "get_state_time_mean": NaN, "get_state_time_total": 0.0, "grad": 0.04791378974914551, "mean_accuracy": 0.3947199881076813, "mean_loss": 1.6598306429672243, "neg_mean_accuracy": -0.4477999806404114, "set_state_time_mean": NaN, "set_state_time_total": 0.0, "setup_model_time_mean": NaN, "setup_model_time_total": 0.0, "setup_proc_time_mean": NaN, "setup_proc_time_total": 0.0, "train_accuracy": 0.4196600019931793, "train_loss": 1.5811059087753296, "training_time_mean": NaN, "training_time_total": 0.0, "val_accuracy": 0.4477999806404114, "val_loss": 1.498240224647522, "validation_time_mean": NaN, "validation_time_total": 0.0, "samples": 60000, "num_workers": 1, "done": false, "timesteps_total": null, "episodes_total": null, "training_iteration": 6, "neg_mean_loss": -1.6598306429672243, "experiment_id": "d09aa118e67f440a903ee290e94c40b0", "date": "2019-06-03_04-43-52", "timestamp": 1559562232, "time_this_iter_s": 40.78993225097656, "time_total_s": 253.00500965118408, "pid": 17450, "hostname": "steropes", "node_ip": "169.229.49.254", "config": {"starting_lr": 0.001, "momentum": 0.9, "weight_decay": 0.005, "steps_per_iteration": null, "pin": false, "model_creator": null, "target_batch_size": 128, "model_string": "resnet50", "min_batch_size": 128, "dataset": "CIFAR", "placement": null, "use_nccl": true, "devices_per_worker": 1, "primary_resource": "extra_gpu", "gpu": false, "verbose": false, "lr_config": {"mode": "log", "steps": 5, "initial_lr": 0.001, "target_lr": 0.001}, "batch_per_device": 128}, "time_since_restore": 253.00500965118408, "timesteps_since_restore": 0, "iterations_since_restore": 6, "mean_throughput": 1460.027992354157, "atoms": 1, "setup_time": 8.754328727722168}
{"apply": 0.023063158988952635, "batch_time": 0.03150621546974665, "d2h": 0.000722813606262207, "data_time": 0.0018091805450751654, "fwd": 0.031714224815368654, "get_state_time_mean": NaN, "get_state_time_total": 0.0, "grad": 0.04930274486541748, "mean_accuracy": 0.421179986000061, "mean_loss": 1.5839619226074217, "neg_mean_accuracy": -0.46129998564720154, "set_state_time_mean": NaN, "set_state_time_total": 0.0, "setup_model_time_mean": NaN, "setup_model_time_total": 0.0, "setup_proc_time_mean": NaN, "setup_proc_time_total": 0.0, "train_accuracy": 0.43945997953414917, "train_loss": 1.5333852825546264, "training_time_mean": NaN, "training_time_total": 0.0, "val_accuracy": 0.46129998564720154, "val_loss": 1.4520822174072265, "validation_time_mean": NaN, "validation_time_total": 0.0, "samples": 60000, "num_workers": 1, "done": false, "timesteps_total": null, "episodes_total": null, "training_iteration": 7, "neg_mean_loss": -1.5839619226074217, "experiment_id": "d09aa118e67f440a903ee290e94c40b0", "date": "2019-06-03_04-44-34", "timestamp": 1559562274, "time_this_iter_s": 41.27268433570862, "time_total_s": 294.2776939868927, "pid": 17450, "hostname": "steropes", "node_ip": "169.229.49.254", "config": {"starting_lr": 0.001, "momentum": 0.9, "weight_decay": 0.005, "steps_per_iteration": null, "pin": false, "model_creator": null, "target_batch_size": 128, "model_string": "resnet50", "min_batch_size": 128, "dataset": "CIFAR", "placement": null, "use_nccl": true, "devices_per_worker": 1, "primary_resource": "extra_gpu", "gpu": false, "verbose": false, "lr_config": {"mode": "log", "steps": 5, "initial_lr": 0.001, "target_lr": 0.001}, "batch_per_device": 128}, "time_since_restore": 294.2776939868927, "timesteps_since_restore": 0, "iterations_since_restore": 7, "mean_throughput": 1459.2361112842602, "atoms": 1, "setup_time": 8.754328727722168}
{"apply": 0.01680605411529541, "batch_time": 0.03196422057815745, "d2h": 0.0006890058517456055, "data_time": 0.001779993476770113, "fwd": 0.02767484188079834, "get_state_time_mean": NaN, "get_state_time_total": 0.0, "grad": 0.04819188117980957, "mean_accuracy": 0.44539998173713685, "mean_loss": 1.5110316409683227, "neg_mean_accuracy": -0.49069997668266296, "set_state_time_mean": NaN, "set_state_time_total": 0.0, "setup_model_time_mean": NaN, "setup_model_time_total": 0.0, "setup_proc_time_mean": NaN, "setup_proc_time_total": 0.0, "train_accuracy": 0.46017998456954956, "train_loss": 1.4836443783950806, "training_time_mean": NaN, "training_time_total": 0.0, "val_accuracy": 0.49069997668266296, "val_loss": 1.3912313356399537, "validation_time_mean": NaN, "validation_time_total": 0.0, "samples": 60000, "num_workers": 1, "done": false, "timesteps_total": null, "episodes_total": null, "training_iteration": 8, "neg_mean_loss": -1.5110316409683227, "experiment_id": "d09aa118e67f440a903ee290e94c40b0", "date": "2019-06-03_04-45-14", "timestamp": 1559562314, "time_this_iter_s": 40.64308547973633, "time_total_s": 334.920779466629, "pid": 17450, "hostname": "steropes", "node_ip": "169.229.49.254", "config": {"starting_lr": 0.001, "momentum": 0.9, "weight_decay": 0.005, "steps_per_iteration": null, "pin": false, "model_creator": null, "target_batch_size": 128, "model_string": "resnet50", "min_batch_size": 128, "dataset": "CIFAR", "placement": null, "use_nccl": true, "devices_per_worker": 1, "primary_resource": "extra_gpu", "gpu": false, "verbose": false, "lr_config": {"mode": "log", "steps": 5, "initial_lr": 0.001, "target_lr": 0.001}, "batch_per_device": 128}, "time_since_restore": 334.920779466629, "timesteps_since_restore": 0, "iterations_since_restore": 8, "mean_throughput": 1461.9127852005654, "atoms": 1, "setup_time": 8.754328727722168}
{"apply": 0.016814517974853515, "batch_time": 0.03216640858710566, "d2h": 0.0007336854934692383, "data_time": 0.0017777690497200811, "fwd": 0.028104352951049804, "get_state_time_mean": NaN, "get_state_time_total": 0.0, "grad": 0.04789438247680664, "mean_accuracy": 0.46363998055458067, "mean_loss": 1.465183941001892, "neg_mean_accuracy": -0.48909997940063477, "set_state_time_mean": NaN, "set_state_time_total": 0.0, "setup_model_time_mean": NaN, "setup_model_time_total": 0.0, "setup_proc_time_mean": NaN, "setup_proc_time_total": 0.0, "train_accuracy": 0.47645998001098633, "train_loss": 1.4399534857177734, "training_time_mean": NaN, "training_time_total": 0.0, "val_accuracy": 0.48909997940063477, "val_loss": 1.4019869220733643, "validation_time_mean": NaN, "validation_time_total": 0.0, "samples": 60000, "num_workers": 1, "done": false, "timesteps_total": null, "episodes_total": null, "training_iteration": 9, "neg_mean_loss": -1.465183941001892, "experiment_id": "d09aa118e67f440a903ee290e94c40b0", "date": "2019-06-03_04-45-55", "timestamp": 1559562355, "time_this_iter_s": 40.800230264663696, "time_total_s": 375.7210097312927, "pid": 17450, "hostname": "steropes", "node_ip": "169.229.49.254", "config": {"starting_lr": 0.001, "momentum": 0.9, "weight_decay": 0.005, "steps_per_iteration": null, "pin": false, "model_creator": null, "target_batch_size": 128, "model_string": "resnet50", "min_batch_size": 128, "dataset": "CIFAR", "placement": null, "use_nccl": true, "devices_per_worker": 1, "primary_resource": "extra_gpu", "gpu": false, "verbose": false, "lr_config": {"mode": "log", "steps": 5, "initial_lr": 0.001, "target_lr": 0.001}, "batch_per_device": 128}, "time_since_restore": 375.7210097312927, "timesteps_since_restore": 0, "iterations_since_restore": 9, "mean_throughput": 1464.0613493165101, "atoms": 1, "setup_time": 8.754328727722168}
{"apply": 0.017215704917907713, "batch_time": 0.03329039525382126, "d2h": 0.0007161378860473632, "data_time": 0.0017566479685361428, "fwd": 0.02784886360168457, "get_state_time_mean": NaN, "get_state_time_total": 0.0, "grad": 0.047806811332702634, "mean_accuracy": 0.4796599864959717, "mean_loss": 1.417094419403076, "neg_mean_accuracy": -0.5094000101089478, "set_state_time_mean": NaN, "set_state_time_total": 0.0, "setup_model_time_mean": NaN, "setup_model_time_total": 0.0, "setup_proc_time_mean": NaN, "setup_proc_time_total": 0.0, "train_accuracy": 0.4889799952507019, "train_loss": 1.4014212776947021, "training_time_mean": NaN, "training_time_total": 0.0, "val_accuracy": 0.5094000101089478, "val_loss": 1.3419313972473144, "validation_time_mean": NaN, "validation_time_total": 0.0, "samples": 60000, "num_workers": 1, "done": false, "timesteps_total": null, "episodes_total": null, "training_iteration": 10, "neg_mean_loss": -1.417094419403076, "experiment_id": "d09aa118e67f440a903ee290e94c40b0", "date": "2019-06-03_04-46-36", "timestamp": 1559562396, "time_this_iter_s": 40.675694704055786, "time_total_s": 416.3967044353485, "pid": 17450, "hostname": "steropes", "node_ip": "169.229.49.254", "config": {"starting_lr": 0.001, "momentum": 0.9, "weight_decay": 0.005, "steps_per_iteration": null, "pin": false, "model_creator": null, "target_batch_size": 128, "model_string": "resnet50", "min_batch_size": 128, "dataset": "CIFAR", "placement": null, "use_nccl": true, "devices_per_worker": 1, "primary_resource": "extra_gpu", "gpu": false, "verbose": false, "lr_config": {"mode": "log", "steps": 5, "initial_lr": 0.001, "target_lr": 0.001}, "batch_per_device": 128}, "time_since_restore": 416.3967044353485, "timesteps_since_restore": 0, "iterations_since_restore": 10, "mean_throughput": 1469.2768231837779, "atoms": 1, "setup_time": 8.754328727722168}
{"apply": 0.019297027587890626, "batch_time": 0.0637429177761078, "d2h": 0.0007484674453735352, "data_time": 0.0030349541683586277, "fwd": 0.1323232650756836, "get_state_time_mean": NaN, "get_state_time_total": 0.0, "grad": 0.22494858503341675, "mean_accuracy": 0.4948999881744385, "mean_loss": 1.381336688861847, "neg_mean_accuracy": -0.5239999890327454, "set_state_time_mean": 5.226361513137817, "set_state_time_total": 5.226361513137817, "setup_model_time_mean": 10.697687983512878, "setup_model_time_total": 10.697687983512878, "setup_proc_time_mean": 2.047739624977112, "setup_proc_time_total": 2.047739624977112, "train_accuracy": 0.512779951095581, "train_loss": 1.3497669390678406, "training_time_mean": NaN, "training_time_total": 0.0, "val_accuracy": 0.5239999890327454, "val_loss": 1.3194515719413757, "validation_time_mean": NaN, "validation_time_total": 0.0, "samples": 60000, "num_workers": 2, "done": false, "timesteps_total": null, "episodes_total": null, "training_iteration": 11, "neg_mean_loss": -1.381336688861847, "experiment_id": "d09aa118e67f440a903ee290e94c40b0", "date": "2019-06-03_04-47-37", "timestamp": 1559562457, "time_this_iter_s": 33.66538119316101, "time_total_s": 450.0620856285095, "pid": 26897, "hostname": "steropes", "node_ip": "169.229.49.254", "config": {"starting_lr": 0.001, "momentum": 0.9, "weight_decay": 0.005, "steps_per_iteration": null, "pin": false, "model_creator": null, "target_batch_size": 128, "model_string": "resnet50", "min_batch_size": 128, "dataset": "CIFAR", "placement": null, "use_nccl": true, "devices_per_worker": 1, "primary_resource": "extra_gpu", "gpu": false, "verbose": false, "lr_config": {"mode": "log", "steps": 5, "initial_lr": 0.001, "target_lr": 0.0014142135623730952}, "batch_per_device": 128}, "time_since_restore": 33.66538119316101, "timesteps_since_restore": 0, "iterations_since_restore": 1, "mean_throughput": 1782.2402602307102, "atoms": 2, "setup_time": 27.732364177703857}
{"apply": 0.017797601222991944, "batch_time": 0.036969003081321714, "d2h": 0.0006311058998107911, "data_time": 0.0027548853231936085, "fwd": 0.02784801721572876, "get_state_time_mean": NaN, "get_state_time_total": 0.0, "grad": 0.08103963136672973, "mean_accuracy": 0.5089199841022491, "mean_loss": 1.3489700512313842, "neg_mean_accuracy": -0.5313999652862549, "set_state_time_mean": NaN, "set_state_time_total": 0.0, "setup_model_time_mean": NaN, "setup_model_time_total": 0.0, "setup_proc_time_mean": NaN, "setup_proc_time_total": 0.0, "train_accuracy": 0.5231999754905701, "train_loss": 1.3189828018188476, "training_time_mean": NaN, "training_time_total": 0.0, "val_accuracy": 0.5313999652862549, "val_loss": 1.2902490292549134, "validation_time_mean": NaN, "validation_time_total": 0.0, "samples": 60000, "num_workers": 2, "done": false, "timesteps_total": null, "episodes_total": null, "training_iteration": 12, "neg_mean_loss": -1.3489700512313842, "experiment_id": "d09aa118e67f440a903ee290e94c40b0", "date": "2019-06-03_04-48-05", "timestamp": 1559562485, "time_this_iter_s": 27.698963165283203, "time_total_s": 477.7610487937927, "pid": 26897, "hostname": "steropes", "node_ip": "169.229.49.254", "config": {"starting_lr": 0.001, "momentum": 0.9, "weight_decay": 0.005, "steps_per_iteration": null, "pin": false, "model_creator": null, "target_batch_size": 128, "model_string": "resnet50", "min_batch_size": 128, "dataset": "CIFAR", "placement": null, "use_nccl": true, "devices_per_worker": 1, "primary_resource": "extra_gpu", "gpu": false, "verbose": false, "lr_config": {"mode": "log", "steps": 5, "initial_lr": 0.001, "target_lr": 0.0014142135623730952}, "batch_per_device": 128}, "time_since_restore": 61.364344358444214, "timesteps_since_restore": 0, "iterations_since_restore": 2, "mean_throughput": 1955.5266946413221, "atoms": 2, "setup_time": 27.732364177703857}
{"apply": 0.017331361770629883, "batch_time": 0.03732742071151733, "d2h": 0.000640261173248291, "data_time": 0.00272092588093816, "fwd": 0.028209769725799562, "get_state_time_mean": NaN, "get_state_time_total": 0.0, "grad": 0.08217746019363403, "mean_accuracy": 0.5207799792289733, "mean_loss": 1.3203745449256896, "neg_mean_accuracy": -0.5499999523162842, "set_state_time_mean": NaN, "set_state_time_total": 0.0, "setup_model_time_mean": NaN, "setup_model_time_total": 0.0, "setup_proc_time_mean": NaN, "setup_proc_time_total": 0.0, "train_accuracy": 0.5308599472045898, "train_loss": 1.3005223842811584, "training_time_mean": NaN, "training_time_total": 0.0, "val_accuracy": 0.5499999523162842, "val_loss": 1.2482538041114806, "validation_time_mean": NaN, "validation_time_total": 0.0, "samples": 60000, "num_workers": 2, "done": false, "timesteps_total": null, "episodes_total": null, "training_iteration": 13, "neg_mean_loss": -1.3203745449256896, "experiment_id": "d09aa118e67f440a903ee290e94c40b0", "date": "2019-06-03_04-48-33", "timestamp": 1559562513, "time_this_iter_s": 27.905900478363037, "time_total_s": 505.66694927215576, "pid": 26897, "hostname": "steropes", "node_ip": "169.229.49.254", "config": {"starting_lr": 0.001, "momentum": 0.9, "weight_decay": 0.005, "steps_per_iteration": null, "pin": false, "model_creator": null, "target_batch_size": 128, "model_string": "resnet50", "min_batch_size": 128, "dataset": "CIFAR", "placement": null, "use_nccl": true, "devices_per_worker": 1, "primary_resource": "extra_gpu", "gpu": false, "verbose": false, "lr_config": {"mode": "log", "steps": 5, "initial_lr": 0.001, "target_lr": 0.0014142135623730952}, "batch_per_device": 128}, "time_since_restore": 89.27024483680725, "timesteps_since_restore": 0, "iterations_since_restore": 3, "mean_throughput": 2016.3429830611876, "atoms": 2, "setup_time": 27.732364177703857}
{"apply": 0.01943333148956299, "batch_time": 0.037631946802139285, "d2h": 0.0006781697273254394, "data_time": 0.0028443293912070134, "fwd": 0.0294636607170105, "get_state_time_mean": NaN, "get_state_time_total": 0.0, "grad": 0.08125935792922974, "mean_accuracy": 0.5316999793052674, "mean_loss": 1.2911492696762084, "neg_mean_accuracy": -0.5436999797821045, "set_state_time_mean": NaN, "set_state_time_total": 0.0, "setup_model_time_mean": NaN, "setup_model_time_total": 0.0, "setup_proc_time_mean": NaN, "setup_proc_time_total": 0.0, "train_accuracy": 0.5381799936294556, "train_loss": 1.2781396374797822, "training_time_mean": NaN, "training_time_total": 0.0, "val_accuracy": 0.5436999797821045, "val_loss": 1.2558605458259582, "validation_time_mean": NaN, "validation_time_total": 0.0, "samples": 60000, "num_workers": 2, "done": false, "timesteps_total": null, "episodes_total": null, "training_iteration": 14, "neg_mean_loss": -1.2911492696762084, "experiment_id": "d09aa118e67f440a903ee290e94c40b0", "date": "2019-06-03_04-49-01", "timestamp": 1559562541, "time_this_iter_s": 27.954727172851562, "time_total_s": 533.6216764450073, "pid": 26897, "hostname": "steropes", "node_ip": "169.229.49.254", "config": {"starting_lr": 0.001, "momentum": 0.9, "weight_decay": 0.005, "steps_per_iteration": null, "pin": false, "model_creator": null, "target_batch_size": 128, "model_string": "resnet50", "min_batch_size": 128, "dataset": "CIFAR", "placement": null, "use_nccl": true, "devices_per_worker": 1, "primary_resource": "extra_gpu", "gpu": false, "verbose": false, "lr_config": {"mode": "log", "steps": 5, "initial_lr": 0.001, "target_lr": 0.0014142135623730952}, "batch_per_device": 128}, "time_since_restore": 117.22497200965881, "timesteps_since_restore": 0, "iterations_since_restore": 4, "mean_throughput": 2047.3390050726014, "atoms": 2, "setup_time": 27.732364177703857}
{"apply": 0.017965030670166013, "batch_time": 0.03672720789909363, "d2h": 0.000635981559753418, "data_time": 0.0027511423947859785, "fwd": 0.02771350145339966, "get_state_time_mean": NaN, "get_state_time_total": 0.0, "grad": 0.08121947050094605, "mean_accuracy": 0.5410199761390686, "mean_loss": 1.2673663284111023, "neg_mean_accuracy": -0.5559999942779541, "set_state_time_mean": NaN, "set_state_time_total": 0.0, "setup_model_time_mean": NaN, "setup_model_time_total": 0.0, "setup_proc_time_mean": NaN, "setup_proc_time_total": 0.0, "train_accuracy": 0.5486400127410889, "train_loss": 1.2577708990859984, "training_time_mean": NaN, "training_time_total": 0.0, "val_accuracy": 0.5559999942779541, "val_loss": 1.2230166909217834, "validation_time_mean": NaN, "validation_time_total": 0.0, "samples": 60000, "num_workers": 2, "done": false, "timesteps_total": null, "episodes_total": null, "training_iteration": 15, "neg_mean_loss": -1.2673663284111023, "experiment_id": "d09aa118e67f440a903ee290e94c40b0", "date": "2019-06-03_04-49-29", "timestamp": 1559562569, "time_this_iter_s": 27.858146905899048, "time_total_s": 561.4798233509064, "pid": 26897, "hostname": "steropes", "node_ip": "169.229.49.254", "config": {"starting_lr": 0.001, "momentum": 0.9, "weight_decay": 0.005, "steps_per_iteration": null, "pin": false, "model_creator": null, "target_batch_size": 128, "model_string": "resnet50", "min_batch_size": 128, "dataset": "CIFAR", "placement": null, "use_nccl": true, "devices_per_worker": 1, "primary_resource": "extra_gpu", "gpu": false, "verbose": false, "lr_config": {"mode": "log", "steps": 5, "initial_lr": 0.001, "target_lr": 0.0014142135623730952}, "batch_per_device": 128}, "time_since_restore": 145.08311891555786, "timesteps_since_restore": 0, "iterations_since_restore": 5, "mean_throughput": 2067.7738786108002, "atoms": 2, "setup_time": 27.732364177703857}
{"apply": 0.0171947717666626, "batch_time": 0.04001087844371796, "d2h": 0.0006303548812866211, "data_time": 0.0028200563119382275, "fwd": 0.027872002124786376, "get_state_time_mean": NaN, "get_state_time_total": 0.0, "grad": 0.08037911653518677, "mean_accuracy": 0.5492599725723266, "mean_loss": 1.2460735811805723, "neg_mean_accuracy": -0.5651999711990356, "set_state_time_mean": NaN, "set_state_time_total": 0.0, "setup_model_time_mean": NaN, "setup_model_time_total": 0.0, "setup_proc_time_mean": NaN, "setup_proc_time_total": 0.0, "train_accuracy": 0.5531399846076965, "train_loss": 1.2400297461891174, "training_time_mean": NaN, "training_time_total": 0.0, "val_accuracy": 0.5651999711990356, "val_loss": 1.2129878357887267, "validation_time_mean": NaN, "validation_time_total": 0.0, "samples": 60000, "num_workers": 2, "done": false, "timesteps_total": null, "episodes_total": null, "training_iteration": 16, "neg_mean_loss": -1.2460735811805723, "experiment_id": "d09aa118e67f440a903ee290e94c40b0", "date": "2019-06-03_04-49-57", "timestamp": 1559562597, "time_this_iter_s": 28.051672220230103, "time_total_s": 589.5314955711365, "pid": 26897, "hostname": "steropes", "node_ip": "169.229.49.254", "config": {"starting_lr": 0.001, "momentum": 0.9, "weight_decay": 0.005, "steps_per_iteration": null, "pin": false, "model_creator": null, "target_batch_size": 128, "model_string": "resnet50", "min_batch_size": 128, "dataset": "CIFAR", "placement": null, "use_nccl": true, "devices_per_worker": 1, "primary_resource": "extra_gpu", "gpu": false, "verbose": false, "lr_config": {"mode": "log", "steps": 5, "initial_lr": 0.001, "target_lr": 0.0014142135623730952}, "batch_per_device": 128}, "time_since_restore": 173.13479113578796, "timesteps_since_restore": 0, "iterations_since_restore": 6, "mean_throughput": 2151.002174529171, "atoms": 2, "setup_time": 27.732364177703857}
{"apply": 0.01723606586456299, "batch_time": 0.08153929239437903, "d2h": 0.000674581527709961, "data_time": 0.003734028066387613, "fwd": 0.13450100421905517, "get_state_time_mean": NaN, "get_state_time_total": 0.0, "grad": 0.2515361070632935, "mean_accuracy": 0.5641364574432373, "mean_loss": 1.2120043057381147, "neg_mean_accuracy": -0.5882823467254639, "set_state_time_mean": 4.6210581461588545, "set_state_time_total": 4.6210581461588545, "setup_model_time_mean": 11.389319658279419, "setup_model_time_total": 11.389319658279419, "setup_proc_time_mean": 10.709388256072998, "setup_proc_time_total": 10.709388256072998, "train_accuracy": 0.5764085054397583, "train_loss": 1.1855837936551663, "training_time_mean": NaN, "training_time_total": 0.0, "val_accuracy": 0.5882823467254639, "val_loss": 1.1639823043520414, "validation_time_mean": NaN, "validation_time_total": 0.0, "samples": 60000, "num_workers": 3, "done": false, "timesteps_total": null, "episodes_total": null, "training_iteration": 18, "neg_mean_loss": -1.2120043057381147, "experiment_id": "d09aa118e67f440a903ee290e94c40b0", "date": "2019-06-03_04-51-13", "timestamp": 1559562673, "time_this_iter_s": 26.63335633277893, "time_total_s": 643.8648345470428, "pid": 5817, "hostname": "steropes", "node_ip": "169.229.49.254", "config": {"starting_lr": 0.001, "momentum": 0.9, "weight_decay": 0.005, "steps_per_iteration": null, "pin": false, "model_creator": null, "target_batch_size": 128, "model_string": "resnet50", "min_batch_size": 128, "dataset": "CIFAR", "placement": null, "use_nccl": true, "devices_per_worker": 1, "primary_resource": "extra_gpu", "gpu": false, "verbose": false, "lr_config": {"mode": "log", "steps": 5, "initial_lr": 0.001, "target_lr": 0.0017320508075688772}, "batch_per_device": 128}, "time_since_restore": 26.63335633277893, "timesteps_since_restore": 0, "iterations_since_restore": 1, "mean_throughput": 2252.805201178675, "atoms": 3, "setup_time": 49.719977140426636}
{"apply": 0.01781177520751953, "batch_time": 0.045384992787867416, "d2h": 0.000759418805440267, "data_time": 0.0035778990835330566, "fwd": 0.02868913809458415, "get_state_time_mean": NaN, "get_state_time_total": 0.0, "grad": 0.09097999731699626, "mean_accuracy": 0.5718331654866536, "mean_loss": 1.1935120034922648, "neg_mean_accuracy": -0.5821835199991862, "set_state_time_mean": NaN, "set_state_time_total": 0.0, "setup_model_time_mean": NaN, "setup_model_time_total": 0.0, "setup_proc_time_mean": NaN, "setup_proc_time_total": 0.0, "train_accuracy": 0.5852483113606771, "train_loss": 1.1622267362368168, "training_time_mean": NaN, "training_time_total": 0.0, "val_accuracy": 0.5821835199991862, "val_loss": 1.1633990345967098, "validation_time_mean": NaN, "validation_time_total": 0.0, "samples": 60000, "num_workers": 3, "done": false, "timesteps_total": null, "episodes_total": null, "training_iteration": 19, "neg_mean_loss": -1.1935120034922648, "experiment_id": "d09aa118e67f440a903ee290e94c40b0", "date": "2019-06-03_04-51-34", "timestamp": 1559562694, "time_this_iter_s": 20.85525894165039, "time_total_s": 664.7200934886932, "pid": 5817, "hostname": "steropes", "node_ip": "169.229.49.254", "config": {"starting_lr": 0.001, "momentum": 0.9, "weight_decay": 0.005, "steps_per_iteration": null, "pin": false, "model_creator": null, "target_batch_size": 128, "model_string": "resnet50", "min_batch_size": 128, "dataset": "CIFAR", "placement": null, "use_nccl": true, "devices_per_worker": 1, "primary_resource": "extra_gpu", "gpu": false, "verbose": false, "lr_config": {"mode": "log", "steps": 5, "initial_lr": 0.001, "target_lr": 0.0017320508075688772}, "batch_per_device": 128}, "time_since_restore": 47.48861527442932, "timesteps_since_restore": 0, "iterations_since_restore": 2, "mean_throughput": 2526.912024685551, "atoms": 3, "setup_time": 49.719977140426636}
{"apply": 0.01782989501953125, "batch_time": 0.05089498449254919, "d2h": 0.0007322470347086588, "data_time": 0.0036736032131670696, "fwd": 0.028731528917948404, "get_state_time_mean": NaN, "get_state_time_total": 0.0, "grad": 0.09198643366495768, "mean_accuracy": 0.57854958375295, "mean_loss": 1.1789111957404468, "neg_mean_accuracy": -0.589582085609436, "set_state_time_mean": NaN, "set_state_time_total": 0.0, "setup_model_time_mean": NaN, "setup_model_time_total": 0.0, "setup_proc_time_mean": NaN, "setup_proc_time_total": 0.0, "train_accuracy": 0.5864283243815104, "train_loss": 1.148748920518435, "training_time_mean": NaN, "training_time_total": 0.0, "val_accuracy": 0.589582085609436, "val_loss": 1.150012652162694, "validation_time_mean": NaN, "validation_time_total": 0.0, "samples": 60000, "num_workers": 3, "done": true, "timesteps_total": null, "episodes_total": null, "training_iteration": 20, "neg_mean_loss": -1.1789111957404468, "experiment_id": "d09aa118e67f440a903ee290e94c40b0", "date": "2019-06-03_04-51-55", "timestamp": 1559562715, "time_this_iter_s": 20.953640937805176, "time_total_s": 685.6737344264984, "pid": 5817, "hostname": "steropes", "node_ip": "169.229.49.254", "config": {"starting_lr": 0.001, "momentum": 0.9, "weight_decay": 0.005, "steps_per_iteration": null, "pin": false, "model_creator": null, "target_batch_size": 128, "model_string": "resnet50", "min_batch_size": 128, "dataset": "CIFAR", "placement": null, "use_nccl": true, "devices_per_worker": 1, "primary_resource": "extra_gpu", "gpu": false, "verbose": false, "lr_config": {"mode": "log", "steps": 5, "initial_lr": 0.001, "target_lr": 0.0017320508075688772}, "batch_per_device": 128}, "time_since_restore": 68.4422562122345, "timesteps_since_restore": 0, "iterations_since_restore": 3, "mean_throughput": 2629.9443725845654, "atoms": 3, "setup_time": 49.719977140426636}
