apply,batch_time,d2h,data_time,fwd,get_state_time_mean,get_state_time_total,grad,mean_accuracy,mean_loss,neg_mean_accuracy,set_state_time_mean,set_state_time_total,setup_model_time_mean,setup_model_time_total,setup_proc_time_mean,setup_proc_time_total,train_accuracy,train_loss,training_time_mean,training_time_total,val_accuracy,val_loss,validation_time_mean,validation_time_total,samples,num_workers,done,timesteps_total,episodes_total,training_iteration,neg_mean_loss,experiment_id,date,timestamp,time_this_iter_s,time_total_s,pid,hostname,node_ip,config,time_since_restore,timesteps_since_restore,iterations_since_restore,mean_throughput,atoms,setup_time
0.017372560501098634,0.04222823698309403,0.000658869743347168,0.0018044091246621993,0.1192051887512207,nan,0.0,0.16565248966217042,0.11829999834299088,22.443958919525148,-0.11829999834299088,nan,0.0,8.314208745956421,8.314208745956421,0.4300389289855957,0.4300389289855957,0.16701999306678772,3.9117661999511717,nan,0.0,0.11829999834299088,22.443958919525148,nan,0.0,60000,1,False,,,1,-22.443958919525148,08eac7f204594375be92b52d54d4aafb,2019-06-06_14-20-13,1559856013,46.12821984291077,46.12821984291077,2258,steropes,169.229.49.254,"{'starting_lr': 0.005, 'momentum': 0.99, 'weight_decay': 0.0005, 'steps_per_iteration': None, 'pin': False, 'model_creator': None, 'target_batch_size': 128, 'model_string': 'resnet50', 'min_batch_size': 128, 'dataset': 'CIFAR', 'placement': None, 'use_nccl': True, 'devices_per_worker': 1, 'primary_resource': 'extra_gpu', 'gpu': False, 'verbose': False, 'lr_config': {'mode': 'log', 'steps': 5, 'initial_lr': 0.005, 'target_lr': 0.005}, 'batch_per_device': 128}",46.12821984291077,0,1,1300.7144438283733,1,8.84416651725769
0.01751077175140381,0.031306115886833095,0.0006541252136230469,0.00167161180540119,0.028086066246032715,nan,0.0,0.04745304584503174,0.20179999247193336,13.651470333480836,-0.28529998660087585,nan,0.0,nan,0.0,nan,0.0,0.2205199897289276,3.1432980130004884,nan,0.0,0.28529998660087585,4.858981747436523,nan,0.0,60000,1,False,,,2,-13.651470333480836,08eac7f204594375be92b52d54d4aafb,2019-06-06_14-20-54,1559856054,40.51127052307129,86.63949036598206,2258,steropes,169.229.49.254,"{'starting_lr': 0.005, 'momentum': 0.99, 'weight_decay': 0.0005, 'steps_per_iteration': None, 'pin': False, 'model_creator': None, 'target_batch_size': 128, 'model_string': 'resnet50', 'min_batch_size': 128, 'dataset': 'CIFAR', 'placement': None, 'use_nccl': True, 'devices_per_worker': 1, 'primary_resource': 'extra_gpu', 'gpu': False, 'verbose': False, 'lr_config': {'mode': 'log', 'steps': 5, 'initial_lr': 0.005, 'target_lr': 0.005}, 'batch_per_device': 128}",86.63949036598206,0,2,1385.0437525618377,1,8.84416651725769
0.01682591438293457,0.031517686723153804,0.000616455078125,0.001676677133116271,0.02755129337310791,nan,0.0,0.05216832160949707,0.2340333287914594,10.185606046422324,-0.2985000014305115,nan,0.0,nan,0.0,nan,0.0,0.2763800024986267,2.2548165996551512,nan,0.0,0.2985000014305115,3.2538774723052977,nan,0.0,60000,1,False,,,3,-10.185606046422324,08eac7f204594375be92b52d54d4aafb,2019-06-06_14-21-34,1559856094,40.64041185379028,127.27990221977234,2258,steropes,169.229.49.254,"{'starting_lr': 0.005, 'momentum': 0.99, 'weight_decay': 0.0005, 'steps_per_iteration': None, 'pin': False, 'model_creator': None, 'target_batch_size': 128, 'model_string': 'resnet50', 'min_batch_size': 128, 'dataset': 'CIFAR', 'placement': None, 'use_nccl': True, 'devices_per_worker': 1, 'primary_resource': 'extra_gpu', 'gpu': False, 'verbose': False, 'lr_config': {'mode': 'log', 'steps': 5, 'initial_lr': 0.005, 'target_lr': 0.005}, 'batch_per_device': 128}",127.27990221977234,0,3,1414.200958451254,1,8.84416651725769
0.017021703720092773,0.03136889240409754,0.0006497859954833985,0.001683144923061361,0.027506446838378905,nan,0.0,0.04735457897186279,0.2600749973207712,8.117974169921876,-0.33820000290870667,nan,0.0,nan,0.0,nan,0.0,0.313759982585907,1.9180777667617799,nan,0.0,0.33820000290870667,1.9150785404205322,nan,0.0,60000,1,False,,,4,-8.117974169921876,08eac7f204594375be92b52d54d4aafb,2019-06-06_14-22-15,1559856135,40.2342312335968,167.51413345336914,2258,steropes,169.229.49.254,"{'starting_lr': 0.005, 'momentum': 0.99, 'weight_decay': 0.0005, 'steps_per_iteration': None, 'pin': False, 'model_creator': None, 'target_batch_size': 128, 'model_string': 'resnet50', 'min_batch_size': 128, 'dataset': 'CIFAR', 'placement': None, 'use_nccl': True, 'devices_per_worker': 1, 'primary_resource': 'extra_gpu', 'gpu': False, 'verbose': False, 'lr_config': {'mode': 'log', 'steps': 5, 'initial_lr': 0.005, 'target_lr': 0.005}, 'batch_per_device': 128}",167.51413345336914,0,4,1432.710374652825,1,8.84416651725769
0.016648173332214355,0.031204268902162963,0.0006194114685058594,0.0016810552543386475,0.02705726623535156,nan,0.0,0.04715609550476074,0.2863799944519997,6.864219272766114,-0.39159998297691345,nan,0.0,nan,0.0,nan,0.0,0.3481200039386749,1.7841298476791383,nan,0.0,0.39159998297691345,1.8491996841430665,nan,0.0,60000,1,False,,,5,-6.864219272766114,08eac7f204594375be92b52d54d4aafb,2019-06-06_14-22-55,1559856175,40.12827253341675,207.6424059867859,2258,steropes,169.229.49.254,"{'starting_lr': 0.005, 'momentum': 0.99, 'weight_decay': 0.0005, 'steps_per_iteration': None, 'pin': False, 'model_creator': None, 'target_batch_size': 128, 'model_string': 'resnet50', 'min_batch_size': 128, 'dataset': 'CIFAR', 'placement': None, 'use_nccl': True, 'devices_per_worker': 1, 'primary_resource': 'extra_gpu', 'gpu': False, 'verbose': False, 'lr_config': {'mode': 'log', 'steps': 5, 'initial_lr': 0.005, 'target_lr': 0.005}, 'batch_per_device': 128}",207.6424059867859,0,5,1444.7873058021282,1,8.84416651725769
0.018071961402893067,0.032964929749694054,0.0007973432540893555,0.0017544278098494195,0.029137444496154786,nan,0.0,0.04920735359191895,0.3477199912071228,2.709848028030396,-0.42499998211860657,nan,0.0,nan,0.0,nan,0.0,0.37605997920036316,1.706494652633667,nan,0.0,0.42499998211860657,1.6721026958465577,nan,0.0,60000,1,False,,,6,-2.709848028030396,08eac7f204594375be92b52d54d4aafb,2019-06-06_14-23-36,1559856216,40.857381105422974,248.49978709220886,2258,steropes,169.229.49.254,"{'starting_lr': 0.005, 'momentum': 0.99, 'weight_decay': 0.0005, 'steps_per_iteration': None, 'pin': False, 'model_creator': None, 'target_batch_size': 128, 'model_string': 'resnet50', 'min_batch_size': 128, 'dataset': 'CIFAR', 'placement': None, 'use_nccl': True, 'devices_per_worker': 1, 'primary_resource': 'extra_gpu', 'gpu': False, 'verbose': False, 'lr_config': {'mode': 'log', 'steps': 5, 'initial_lr': 0.005, 'target_lr': 0.005}, 'batch_per_device': 128}",248.49978709220886,0,6,1482.4186545201815,1,8.84416651725769
0.017694175243377686,0.05921871066093445,0.0006554603576660156,0.0027272695181321123,0.11607779264450074,nan,0.0,0.19754968881607055,0.3764399945735931,2.0727945455169676,-0.42890000343322754,3.3438159227371216,3.3438159227371216,10.140615105628967,10.140615105628967,1.7450683116912842,1.7450683116912842,0.40968000888824463,1.6128807810783385,nan,0.0,0.42890000343322754,1.6737143348693848,nan,0.0,60000,2,False,,,7,-2.0727945455169676,08eac7f204594375be92b52d54d4aafb,2019-06-06_14-24-31,1559856271,34.12913203239441,282.62891912460327,11205,steropes,169.229.49.254,"{'starting_lr': 0.005, 'momentum': 0.99, 'weight_decay': 0.0005, 'steps_per_iteration': None, 'pin': False, 'model_creator': None, 'target_batch_size': 128, 'model_string': 'resnet50', 'min_batch_size': 128, 'dataset': 'CIFAR', 'placement': None, 'use_nccl': True, 'devices_per_worker': 1, 'primary_resource': 'extra_gpu', 'gpu': False, 'verbose': False, 'lr_config': {'mode': 'log', 'steps': 5, 'initial_lr': 0.005, 'target_lr': 0.007071067811865476}, 'batch_per_device': 128}",34.12913203239441,0,1,1758.016519882275,2,20.836045026779175
0.018451464176177976,0.0390821486711502,0.0006931424140930176,0.0026446459244708624,0.028913915157318115,nan,0.0,0.08323420286178589,0.4084999918937683,1.72105090713501,-0.45879998803138733,nan,0.0,nan,0.0,nan,0.0,0.42890000343322754,1.5559293477058411,nan,0.0,0.45879998803138733,1.4951592803955078,nan,0.0,60000,2,False,,,8,-1.72105090713501,08eac7f204594375be92b52d54d4aafb,2019-06-06_14-24-59,1559856299,28.530869007110596,311.15978813171387,11205,steropes,169.229.49.254,"{'starting_lr': 0.005, 'momentum': 0.99, 'weight_decay': 0.0005, 'steps_per_iteration': None, 'pin': False, 'model_creator': None, 'target_batch_size': 128, 'model_string': 'resnet50', 'min_batch_size': 128, 'dataset': 'CIFAR', 'placement': None, 'use_nccl': True, 'devices_per_worker': 1, 'primary_resource': 'extra_gpu', 'gpu': False, 'verbose': False, 'lr_config': {'mode': 'log', 'steps': 5, 'initial_lr': 0.005, 'target_lr': 0.007071067811865476}, 'batch_per_device': 128}",62.660001039505005,0,2,1915.08699358347,2,20.836045026779175
0.017976129055023195,0.03906907737255097,0.000739896297454834,0.00270742299605389,0.029838204383850098,nan,0.0,0.08159152269363404,0.4359999895095825,1.6449458921623232,-0.4756999909877777,nan,0.0,nan,0.0,nan,0.0,0.4468199908733368,1.5157441015434263,nan,0.0,0.4756999909877777,1.5345534655570985,nan,0.0,60000,2,True,,,9,-1.6449458921623232,08eac7f204594375be92b52d54d4aafb,2019-06-06_14-25-27,1559856327,28.24917960166931,339.4089677333832,11205,steropes,169.229.49.254,"{'starting_lr': 0.005, 'momentum': 0.99, 'weight_decay': 0.0005, 'steps_per_iteration': None, 'pin': False, 'model_creator': None, 'target_batch_size': 128, 'model_string': 'resnet50', 'min_batch_size': 128, 'dataset': 'CIFAR', 'placement': None, 'use_nccl': True, 'devices_per_worker': 1, 'primary_resource': 'extra_gpu', 'gpu': False, 'verbose': False, 'lr_config': {'mode': 'log', 'steps': 5, 'initial_lr': 0.005, 'target_lr': 0.007071067811865476}, 'batch_per_device': 128}",90.90918064117432,0,3,1979.9872240127968,2,20.836045026779175
