{"apply": 0.017372560501098634, "batch_time": 0.04222823698309403, "d2h": 0.000658869743347168, "data_time": 0.0018044091246621993, "fwd": 0.1192051887512207, "get_state_time_mean": NaN, "get_state_time_total": 0.0, "grad": 0.16565248966217042, "mean_accuracy": 0.11829999834299088, "mean_loss": 22.443958919525148, "neg_mean_accuracy": -0.11829999834299088, "set_state_time_mean": NaN, "set_state_time_total": 0.0, "setup_model_time_mean": 8.314208745956421, "setup_model_time_total": 8.314208745956421, "setup_proc_time_mean": 0.4300389289855957, "setup_proc_time_total": 0.4300389289855957, "train_accuracy": 0.16701999306678772, "train_loss": 3.9117661999511717, "training_time_mean": NaN, "training_time_total": 0.0, "val_accuracy": 0.11829999834299088, "val_loss": 22.443958919525148, "validation_time_mean": NaN, "validation_time_total": 0.0, "samples": 60000, "num_workers": 1, "done": false, "timesteps_total": null, "episodes_total": null, "training_iteration": 1, "neg_mean_loss": -22.443958919525148, "experiment_id": "08eac7f204594375be92b52d54d4aafb", "date": "2019-06-06_14-20-13", "timestamp": 1559856013, "time_this_iter_s": 46.12821984291077, "time_total_s": 46.12821984291077, "pid": 2258, "hostname": "steropes", "node_ip": "169.229.49.254", "config": {"starting_lr": 0.005, "momentum": 0.99, "weight_decay": 0.0005, "steps_per_iteration": null, "pin": false, "model_creator": null, "target_batch_size": 128, "model_string": "resnet50", "min_batch_size": 128, "dataset": "CIFAR", "placement": null, "use_nccl": true, "devices_per_worker": 1, "primary_resource": "extra_gpu", "gpu": false, "verbose": false, "lr_config": {"mode": "log", "steps": 5, "initial_lr": 0.005, "target_lr": 0.005}, "batch_per_device": 128}, "time_since_restore": 46.12821984291077, "timesteps_since_restore": 0, "iterations_since_restore": 1, "mean_throughput": 1300.7144438283733, "atoms": 1, "setup_time": 8.84416651725769}
{"apply": 0.01751077175140381, "batch_time": 0.031306115886833095, "d2h": 0.0006541252136230469, "data_time": 0.00167161180540119, "fwd": 0.028086066246032715, "get_state_time_mean": NaN, "get_state_time_total": 0.0, "grad": 0.04745304584503174, "mean_accuracy": 0.20179999247193336, "mean_loss": 13.651470333480836, "neg_mean_accuracy": -0.28529998660087585, "set_state_time_mean": NaN, "set_state_time_total": 0.0, "setup_model_time_mean": NaN, "setup_model_time_total": 0.0, "setup_proc_time_mean": NaN, "setup_proc_time_total": 0.0, "train_accuracy": 0.2205199897289276, "train_loss": 3.1432980130004884, "training_time_mean": NaN, "training_time_total": 0.0, "val_accuracy": 0.28529998660087585, "val_loss": 4.858981747436523, "validation_time_mean": NaN, "validation_time_total": 0.0, "samples": 60000, "num_workers": 1, "done": false, "timesteps_total": null, "episodes_total": null, "training_iteration": 2, "neg_mean_loss": -13.651470333480836, "experiment_id": "08eac7f204594375be92b52d54d4aafb", "date": "2019-06-06_14-20-54", "timestamp": 1559856054, "time_this_iter_s": 40.51127052307129, "time_total_s": 86.63949036598206, "pid": 2258, "hostname": "steropes", "node_ip": "169.229.49.254", "config": {"starting_lr": 0.005, "momentum": 0.99, "weight_decay": 0.0005, "steps_per_iteration": null, "pin": false, "model_creator": null, "target_batch_size": 128, "model_string": "resnet50", "min_batch_size": 128, "dataset": "CIFAR", "placement": null, "use_nccl": true, "devices_per_worker": 1, "primary_resource": "extra_gpu", "gpu": false, "verbose": false, "lr_config": {"mode": "log", "steps": 5, "initial_lr": 0.005, "target_lr": 0.005}, "batch_per_device": 128}, "time_since_restore": 86.63949036598206, "timesteps_since_restore": 0, "iterations_since_restore": 2, "mean_throughput": 1385.0437525618377, "atoms": 1, "setup_time": 8.84416651725769}
{"apply": 0.01682591438293457, "batch_time": 0.031517686723153804, "d2h": 0.000616455078125, "data_time": 0.001676677133116271, "fwd": 0.02755129337310791, "get_state_time_mean": NaN, "get_state_time_total": 0.0, "grad": 0.05216832160949707, "mean_accuracy": 0.2340333287914594, "mean_loss": 10.185606046422324, "neg_mean_accuracy": -0.2985000014305115, "set_state_time_mean": NaN, "set_state_time_total": 0.0, "setup_model_time_mean": NaN, "setup_model_time_total": 0.0, "setup_proc_time_mean": NaN, "setup_proc_time_total": 0.0, "train_accuracy": 0.2763800024986267, "train_loss": 2.2548165996551512, "training_time_mean": NaN, "training_time_total": 0.0, "val_accuracy": 0.2985000014305115, "val_loss": 3.2538774723052977, "validation_time_mean": NaN, "validation_time_total": 0.0, "samples": 60000, "num_workers": 1, "done": false, "timesteps_total": null, "episodes_total": null, "training_iteration": 3, "neg_mean_loss": -10.185606046422324, "experiment_id": "08eac7f204594375be92b52d54d4aafb", "date": "2019-06-06_14-21-34", "timestamp": 1559856094, "time_this_iter_s": 40.64041185379028, "time_total_s": 127.27990221977234, "pid": 2258, "hostname": "steropes", "node_ip": "169.229.49.254", "config": {"starting_lr": 0.005, "momentum": 0.99, "weight_decay": 0.0005, "steps_per_iteration": null, "pin": false, "model_creator": null, "target_batch_size": 128, "model_string": "resnet50", "min_batch_size": 128, "dataset": "CIFAR", "placement": null, "use_nccl": true, "devices_per_worker": 1, "primary_resource": "extra_gpu", "gpu": false, "verbose": false, "lr_config": {"mode": "log", "steps": 5, "initial_lr": 0.005, "target_lr": 0.005}, "batch_per_device": 128}, "time_since_restore": 127.27990221977234, "timesteps_since_restore": 0, "iterations_since_restore": 3, "mean_throughput": 1414.200958451254, "atoms": 1, "setup_time": 8.84416651725769}
{"apply": 0.017021703720092773, "batch_time": 0.03136889240409754, "d2h": 0.0006497859954833985, "data_time": 0.001683144923061361, "fwd": 0.027506446838378905, "get_state_time_mean": NaN, "get_state_time_total": 0.0, "grad": 0.04735457897186279, "mean_accuracy": 0.2600749973207712, "mean_loss": 8.117974169921876, "neg_mean_accuracy": -0.33820000290870667, "set_state_time_mean": NaN, "set_state_time_total": 0.0, "setup_model_time_mean": NaN, "setup_model_time_total": 0.0, "setup_proc_time_mean": NaN, "setup_proc_time_total": 0.0, "train_accuracy": 0.313759982585907, "train_loss": 1.9180777667617799, "training_time_mean": NaN, "training_time_total": 0.0, "val_accuracy": 0.33820000290870667, "val_loss": 1.9150785404205322, "validation_time_mean": NaN, "validation_time_total": 0.0, "samples": 60000, "num_workers": 1, "done": false, "timesteps_total": null, "episodes_total": null, "training_iteration": 4, "neg_mean_loss": -8.117974169921876, "experiment_id": "08eac7f204594375be92b52d54d4aafb", "date": "2019-06-06_14-22-15", "timestamp": 1559856135, "time_this_iter_s": 40.2342312335968, "time_total_s": 167.51413345336914, "pid": 2258, "hostname": "steropes", "node_ip": "169.229.49.254", "config": {"starting_lr": 0.005, "momentum": 0.99, "weight_decay": 0.0005, "steps_per_iteration": null, "pin": false, "model_creator": null, "target_batch_size": 128, "model_string": "resnet50", "min_batch_size": 128, "dataset": "CIFAR", "placement": null, "use_nccl": true, "devices_per_worker": 1, "primary_resource": "extra_gpu", "gpu": false, "verbose": false, "lr_config": {"mode": "log", "steps": 5, "initial_lr": 0.005, "target_lr": 0.005}, "batch_per_device": 128}, "time_since_restore": 167.51413345336914, "timesteps_since_restore": 0, "iterations_since_restore": 4, "mean_throughput": 1432.710374652825, "atoms": 1, "setup_time": 8.84416651725769}
{"apply": 0.016648173332214355, "batch_time": 0.031204268902162963, "d2h": 0.0006194114685058594, "data_time": 0.0016810552543386475, "fwd": 0.02705726623535156, "get_state_time_mean": NaN, "get_state_time_total": 0.0, "grad": 0.04715609550476074, "mean_accuracy": 0.2863799944519997, "mean_loss": 6.864219272766114, "neg_mean_accuracy": -0.39159998297691345, "set_state_time_mean": NaN, "set_state_time_total": 0.0, "setup_model_time_mean": NaN, "setup_model_time_total": 0.0, "setup_proc_time_mean": NaN, "setup_proc_time_total": 0.0, "train_accuracy": 0.3481200039386749, "train_loss": 1.7841298476791383, "training_time_mean": NaN, "training_time_total": 0.0, "val_accuracy": 0.39159998297691345, "val_loss": 1.8491996841430665, "validation_time_mean": NaN, "validation_time_total": 0.0, "samples": 60000, "num_workers": 1, "done": false, "timesteps_total": null, "episodes_total": null, "training_iteration": 5, "neg_mean_loss": -6.864219272766114, "experiment_id": "08eac7f204594375be92b52d54d4aafb", "date": "2019-06-06_14-22-55", "timestamp": 1559856175, "time_this_iter_s": 40.12827253341675, "time_total_s": 207.6424059867859, "pid": 2258, "hostname": "steropes", "node_ip": "169.229.49.254", "config": {"starting_lr": 0.005, "momentum": 0.99, "weight_decay": 0.0005, "steps_per_iteration": null, "pin": false, "model_creator": null, "target_batch_size": 128, "model_string": "resnet50", "min_batch_size": 128, "dataset": "CIFAR", "placement": null, "use_nccl": true, "devices_per_worker": 1, "primary_resource": "extra_gpu", "gpu": false, "verbose": false, "lr_config": {"mode": "log", "steps": 5, "initial_lr": 0.005, "target_lr": 0.005}, "batch_per_device": 128}, "time_since_restore": 207.6424059867859, "timesteps_since_restore": 0, "iterations_since_restore": 5, "mean_throughput": 1444.7873058021282, "atoms": 1, "setup_time": 8.84416651725769}
{"apply": 0.018071961402893067, "batch_time": 0.032964929749694054, "d2h": 0.0007973432540893555, "data_time": 0.0017544278098494195, "fwd": 0.029137444496154786, "get_state_time_mean": NaN, "get_state_time_total": 0.0, "grad": 0.04920735359191895, "mean_accuracy": 0.3477199912071228, "mean_loss": 2.709848028030396, "neg_mean_accuracy": -0.42499998211860657, "set_state_time_mean": NaN, "set_state_time_total": 0.0, "setup_model_time_mean": NaN, "setup_model_time_total": 0.0, "setup_proc_time_mean": NaN, "setup_proc_time_total": 0.0, "train_accuracy": 0.37605997920036316, "train_loss": 1.706494652633667, "training_time_mean": NaN, "training_time_total": 0.0, "val_accuracy": 0.42499998211860657, "val_loss": 1.6721026958465577, "validation_time_mean": NaN, "validation_time_total": 0.0, "samples": 60000, "num_workers": 1, "done": false, "timesteps_total": null, "episodes_total": null, "training_iteration": 6, "neg_mean_loss": -2.709848028030396, "experiment_id": "08eac7f204594375be92b52d54d4aafb", "date": "2019-06-06_14-23-36", "timestamp": 1559856216, "time_this_iter_s": 40.857381105422974, "time_total_s": 248.49978709220886, "pid": 2258, "hostname": "steropes", "node_ip": "169.229.49.254", "config": {"starting_lr": 0.005, "momentum": 0.99, "weight_decay": 0.0005, "steps_per_iteration": null, "pin": false, "model_creator": null, "target_batch_size": 128, "model_string": "resnet50", "min_batch_size": 128, "dataset": "CIFAR", "placement": null, "use_nccl": true, "devices_per_worker": 1, "primary_resource": "extra_gpu", "gpu": false, "verbose": false, "lr_config": {"mode": "log", "steps": 5, "initial_lr": 0.005, "target_lr": 0.005}, "batch_per_device": 128}, "time_since_restore": 248.49978709220886, "timesteps_since_restore": 0, "iterations_since_restore": 6, "mean_throughput": 1482.4186545201815, "atoms": 1, "setup_time": 8.84416651725769}
{"apply": 0.017694175243377686, "batch_time": 0.05921871066093445, "d2h": 0.0006554603576660156, "data_time": 0.0027272695181321123, "fwd": 0.11607779264450074, "get_state_time_mean": NaN, "get_state_time_total": 0.0, "grad": 0.19754968881607055, "mean_accuracy": 0.3764399945735931, "mean_loss": 2.0727945455169676, "neg_mean_accuracy": -0.42890000343322754, "set_state_time_mean": 3.3438159227371216, "set_state_time_total": 3.3438159227371216, "setup_model_time_mean": 10.140615105628967, "setup_model_time_total": 10.140615105628967, "setup_proc_time_mean": 1.7450683116912842, "setup_proc_time_total": 1.7450683116912842, "train_accuracy": 0.40968000888824463, "train_loss": 1.6128807810783385, "training_time_mean": NaN, "training_time_total": 0.0, "val_accuracy": 0.42890000343322754, "val_loss": 1.6737143348693848, "validation_time_mean": NaN, "validation_time_total": 0.0, "samples": 60000, "num_workers": 2, "done": false, "timesteps_total": null, "episodes_total": null, "training_iteration": 7, "neg_mean_loss": -2.0727945455169676, "experiment_id": "08eac7f204594375be92b52d54d4aafb", "date": "2019-06-06_14-24-31", "timestamp": 1559856271, "time_this_iter_s": 34.12913203239441, "time_total_s": 282.62891912460327, "pid": 11205, "hostname": "steropes", "node_ip": "169.229.49.254", "config": {"starting_lr": 0.005, "momentum": 0.99, "weight_decay": 0.0005, "steps_per_iteration": null, "pin": false, "model_creator": null, "target_batch_size": 128, "model_string": "resnet50", "min_batch_size": 128, "dataset": "CIFAR", "placement": null, "use_nccl": true, "devices_per_worker": 1, "primary_resource": "extra_gpu", "gpu": false, "verbose": false, "lr_config": {"mode": "log", "steps": 5, "initial_lr": 0.005, "target_lr": 0.007071067811865476}, "batch_per_device": 128}, "time_since_restore": 34.12913203239441, "timesteps_since_restore": 0, "iterations_since_restore": 1, "mean_throughput": 1758.016519882275, "atoms": 2, "setup_time": 20.836045026779175}
{"apply": 0.018451464176177976, "batch_time": 0.0390821486711502, "d2h": 0.0006931424140930176, "data_time": 0.0026446459244708624, "fwd": 0.028913915157318115, "get_state_time_mean": NaN, "get_state_time_total": 0.0, "grad": 0.08323420286178589, "mean_accuracy": 0.4084999918937683, "mean_loss": 1.72105090713501, "neg_mean_accuracy": -0.45879998803138733, "set_state_time_mean": NaN, "set_state_time_total": 0.0, "setup_model_time_mean": NaN, "setup_model_time_total": 0.0, "setup_proc_time_mean": NaN, "setup_proc_time_total": 0.0, "train_accuracy": 0.42890000343322754, "train_loss": 1.5559293477058411, "training_time_mean": NaN, "training_time_total": 0.0, "val_accuracy": 0.45879998803138733, "val_loss": 1.4951592803955078, "validation_time_mean": NaN, "validation_time_total": 0.0, "samples": 60000, "num_workers": 2, "done": false, "timesteps_total": null, "episodes_total": null, "training_iteration": 8, "neg_mean_loss": -1.72105090713501, "experiment_id": "08eac7f204594375be92b52d54d4aafb", "date": "2019-06-06_14-24-59", "timestamp": 1559856299, "time_this_iter_s": 28.530869007110596, "time_total_s": 311.15978813171387, "pid": 11205, "hostname": "steropes", "node_ip": "169.229.49.254", "config": {"starting_lr": 0.005, "momentum": 0.99, "weight_decay": 0.0005, "steps_per_iteration": null, "pin": false, "model_creator": null, "target_batch_size": 128, "model_string": "resnet50", "min_batch_size": 128, "dataset": "CIFAR", "placement": null, "use_nccl": true, "devices_per_worker": 1, "primary_resource": "extra_gpu", "gpu": false, "verbose": false, "lr_config": {"mode": "log", "steps": 5, "initial_lr": 0.005, "target_lr": 0.007071067811865476}, "batch_per_device": 128}, "time_since_restore": 62.660001039505005, "timesteps_since_restore": 0, "iterations_since_restore": 2, "mean_throughput": 1915.08699358347, "atoms": 2, "setup_time": 20.836045026779175}
{"apply": 0.017976129055023195, "batch_time": 0.03906907737255097, "d2h": 0.000739896297454834, "data_time": 0.00270742299605389, "fwd": 0.029838204383850098, "get_state_time_mean": NaN, "get_state_time_total": 0.0, "grad": 0.08159152269363404, "mean_accuracy": 0.4359999895095825, "mean_loss": 1.6449458921623232, "neg_mean_accuracy": -0.4756999909877777, "set_state_time_mean": NaN, "set_state_time_total": 0.0, "setup_model_time_mean": NaN, "setup_model_time_total": 0.0, "setup_proc_time_mean": NaN, "setup_proc_time_total": 0.0, "train_accuracy": 0.4468199908733368, "train_loss": 1.5157441015434263, "training_time_mean": NaN, "training_time_total": 0.0, "val_accuracy": 0.4756999909877777, "val_loss": 1.5345534655570985, "validation_time_mean": NaN, "validation_time_total": 0.0, "samples": 60000, "num_workers": 2, "done": true, "timesteps_total": null, "episodes_total": null, "training_iteration": 9, "neg_mean_loss": -1.6449458921623232, "experiment_id": "08eac7f204594375be92b52d54d4aafb", "date": "2019-06-06_14-25-27", "timestamp": 1559856327, "time_this_iter_s": 28.24917960166931, "time_total_s": 339.4089677333832, "pid": 11205, "hostname": "steropes", "node_ip": "169.229.49.254", "config": {"starting_lr": 0.005, "momentum": 0.99, "weight_decay": 0.0005, "steps_per_iteration": null, "pin": false, "model_creator": null, "target_batch_size": 128, "model_string": "resnet50", "min_batch_size": 128, "dataset": "CIFAR", "placement": null, "use_nccl": true, "devices_per_worker": 1, "primary_resource": "extra_gpu", "gpu": false, "verbose": false, "lr_config": {"mode": "log", "steps": 5, "initial_lr": 0.005, "target_lr": 0.007071067811865476}, "batch_per_device": 128}, "time_since_restore": 90.90918064117432, "timesteps_since_restore": 0, "iterations_since_restore": 3, "mean_throughput": 1979.9872240127968, "atoms": 2, "setup_time": 20.836045026779175}
