{"apply": 0.007583498954772949, "batch_time": 0.18449749946594238, "d2h": 0.004988265037536621, "data_time": 0.031062744101699517, "fwd": 0.07787683010101318, "get_state_time_mean": NaN, "get_state_time_total": 0.0, "grad": 0.1516660213470459, "mean_accuracy": 0.34129998087882996, "mean_loss": 1.8979091999053954, "neg_mean_accuracy": -0.34129998087882996, "set_state_time_mean": NaN, "set_state_time_total": 0.0, "setup_model_time_mean": 20.51449704170227, "setup_model_time_total": 20.51449704170227, "setup_proc_time_mean": 1.4978227615356445, "setup_proc_time_total": 1.4978227615356445, "train_accuracy": 0.2965199947357178, "train_loss": 2.2629706421661377, "training_time_mean": NaN, "training_time_total": 0.0, "validation_time_mean": NaN, "validation_time_total": 0.0, "samples": 60000, "num_workers": 1, "done": false, "timesteps_total": null, "episodes_total": null, "training_iteration": 1, "neg_mean_loss": -1.8979091999053954, "experiment_id": "0ab3136f6b3c477eb9f9678f8d95b4fc", "date": "2019-05-30_14-08-23", "timestamp": 1559250503, "time_this_iter_s": 11.512887716293335, "time_total_s": 11.512887716293335, "pid": 7687, "hostname": "steropes", "node_ip": "169.229.49.254", "config": {"starting_lr": 0.01, "momentum": 0.997, "weight_decay": 0.001, "steps_per_iteration": null, "pin": false, "model_creator": null, "target_batch_size": 1024, "model_string": "resnet18", "min_batch_size": 512, "dataset": "CIFAR", "placement": null, "use_nccl": true, "devices_per_worker": 1, "primary_resource": "extra_gpu", "gpu": false, "verbose": false, "lr_config": {"mode": "log", "steps": 5, "initial_lr": 0.01, "target_lr": 0.01}, "batch_per_device": 1024}, "time_since_restore": 11.512887716293335, "timesteps_since_restore": 0, "iterations_since_restore": 1, "mean_throughput": 5211.50435517568, "atoms": 1}
{"apply": 0.008764386177062988, "batch_time": 0.13976478576660156, "d2h": 0.00765070915222168, "data_time": 0.03139581972238969, "fwd": 0.02879912853240967, "get_state_time_mean": NaN, "get_state_time_total": 0.0, "grad": 0.05087447166442871, "mean_accuracy": 0.4211999773979187, "mean_loss": 1.6554925329208374, "neg_mean_accuracy": -0.4211999773979187, "set_state_time_mean": NaN, "set_state_time_total": 0.0, "setup_model_time_mean": NaN, "setup_model_time_total": 0.0, "setup_proc_time_mean": NaN, "setup_proc_time_total": 0.0, "train_accuracy": 0.41091999411582947, "train_loss": 1.6064692568588257, "training_time_mean": NaN, "training_time_total": 0.0, "validation_time_mean": NaN, "validation_time_total": 0.0, "samples": 60000, "num_workers": 1, "done": false, "timesteps_total": null, "episodes_total": null, "training_iteration": 2, "neg_mean_loss": -1.6554925329208374, "experiment_id": "0ab3136f6b3c477eb9f9678f8d95b4fc", "date": "2019-05-30_14-08-31", "timestamp": 1559250511, "time_this_iter_s": 7.885177850723267, "time_total_s": 19.3980655670166, "pid": 7687, "hostname": "steropes", "node_ip": "169.229.49.254", "config": {"starting_lr": 0.01, "momentum": 0.997, "weight_decay": 0.001, "steps_per_iteration": null, "pin": false, "model_creator": null, "target_batch_size": 1024, "model_string": "resnet18", "min_batch_size": 512, "dataset": "CIFAR", "placement": null, "use_nccl": true, "devices_per_worker": 1, "primary_resource": "extra_gpu", "gpu": false, "verbose": false, "lr_config": {"mode": "log", "steps": 5, "initial_lr": 0.01, "target_lr": 0.01}, "batch_per_device": 1024}, "time_since_restore": 19.3980655670166, "timesteps_since_restore": 0, "iterations_since_restore": 2, "mean_throughput": 6186.121278642307, "atoms": 1}
{"apply": 0.007457232475280762, "batch_time": 0.11999392509460449, "d2h": 0.005612087249755859, "data_time": 0.03853647076353735, "fwd": 0.021582365036010742, "get_state_time_mean": NaN, "get_state_time_total": 0.0, "grad": 0.04652276039123535, "mean_accuracy": 0.44529998302459717, "mean_loss": 1.6833088136672973, "neg_mean_accuracy": -0.44529998302459717, "set_state_time_mean": NaN, "set_state_time_total": 0.0, "setup_model_time_mean": NaN, "setup_model_time_total": 0.0, "setup_proc_time_mean": NaN, "setup_proc_time_total": 0.0, "train_accuracy": 0.44363999366760254, "train_loss": 1.5317422966384888, "training_time_mean": NaN, "training_time_total": 0.0, "validation_time_mean": NaN, "validation_time_total": 0.0, "samples": 60000, "num_workers": 1, "done": false, "timesteps_total": null, "episodes_total": null, "training_iteration": 3, "neg_mean_loss": -1.6833088136672973, "experiment_id": "0ab3136f6b3c477eb9f9678f8d95b4fc", "date": "2019-05-30_14-08-39", "timestamp": 1559250519, "time_this_iter_s": 8.01245927810669, "time_total_s": 27.41052484512329, "pid": 7687, "hostname": "steropes", "node_ip": "169.229.49.254", "config": {"starting_lr": 0.01, "momentum": 0.997, "weight_decay": 0.001, "steps_per_iteration": null, "pin": false, "model_creator": null, "target_batch_size": 1024, "model_string": "resnet18", "min_batch_size": 512, "dataset": "CIFAR", "placement": null, "use_nccl": true, "devices_per_worker": 1, "primary_resource": "extra_gpu", "gpu": false, "verbose": false, "lr_config": {"mode": "log", "steps": 5, "initial_lr": 0.01, "target_lr": 0.01}, "batch_per_device": 1024}, "time_since_restore": 27.41052484512329, "timesteps_since_restore": 0, "iterations_since_restore": 3, "mean_throughput": 6566.725984598503, "atoms": 1}
{"apply": 0.009318947792053223, "batch_time": 0.12682628631591797, "d2h": 0.006060361862182617, "data_time": 0.0290075954125852, "fwd": 0.02242879867553711, "get_state_time_mean": NaN, "get_state_time_total": 0.0, "grad": 0.051609349250793454, "mean_accuracy": 0.5009999871253967, "mean_loss": 1.40185841217041, "neg_mean_accuracy": -0.5009999871253967, "set_state_time_mean": NaN, "set_state_time_total": 0.0, "setup_model_time_mean": NaN, "setup_model_time_total": 0.0, "setup_proc_time_mean": NaN, "setup_proc_time_total": 0.0, "train_accuracy": 0.4764999747276306, "train_loss": 1.4448572647094726, "training_time_mean": NaN, "training_time_total": 0.0, "validation_time_mean": NaN, "validation_time_total": 0.0, "samples": 60000, "num_workers": 1, "done": false, "timesteps_total": null, "episodes_total": null, "training_iteration": 4, "neg_mean_loss": -1.40185841217041, "experiment_id": "0ab3136f6b3c477eb9f9678f8d95b4fc", "date": "2019-05-30_14-08-47", "timestamp": 1559250527, "time_this_iter_s": 7.578806400299072, "time_total_s": 34.98933124542236, "pid": 7687, "hostname": "steropes", "node_ip": "169.229.49.254", "config": {"starting_lr": 0.01, "momentum": 0.997, "weight_decay": 0.001, "steps_per_iteration": null, "pin": false, "model_creator": null, "target_batch_size": 1024, "model_string": "resnet18", "min_batch_size": 512, "dataset": "CIFAR", "placement": null, "use_nccl": true, "devices_per_worker": 1, "primary_resource": "extra_gpu", "gpu": false, "verbose": false, "lr_config": {"mode": "log", "steps": 5, "initial_lr": 0.01, "target_lr": 0.01}, "batch_per_device": 1024}, "time_since_restore": 34.98933124542236, "timesteps_since_restore": 0, "iterations_since_restore": 4, "mean_throughput": 6859.141437774791, "atoms": 1}
{"apply": 0.008008694648742676, "batch_time": 0.1263984203338623, "d2h": 0.005146241188049317, "data_time": 0.022215536662510464, "fwd": 0.024912095069885253, "get_state_time_mean": NaN, "get_state_time_total": 0.0, "grad": 0.0530947208404541, "mean_accuracy": 0.5304999947547913, "mean_loss": 1.361982271003723, "neg_mean_accuracy": -0.5304999947547913, "set_state_time_mean": NaN, "set_state_time_total": 0.0, "setup_model_time_mean": NaN, "setup_model_time_total": 0.0, "setup_proc_time_mean": NaN, "setup_proc_time_total": 0.0, "train_accuracy": 0.5027599930763245, "train_loss": 1.370432543373108, "training_time_mean": NaN, "training_time_total": 0.0, "validation_time_mean": NaN, "validation_time_total": 0.0, "samples": 60000, "num_workers": 1, "done": false, "timesteps_total": null, "episodes_total": null, "training_iteration": 5, "neg_mean_loss": -1.361982271003723, "experiment_id": "0ab3136f6b3c477eb9f9678f8d95b4fc", "date": "2019-05-30_14-08-54", "timestamp": 1559250534, "time_this_iter_s": 7.529493093490601, "time_total_s": 42.518824338912964, "pid": 7687, "hostname": "steropes", "node_ip": "169.229.49.254", "config": {"starting_lr": 0.01, "momentum": 0.997, "weight_decay": 0.001, "steps_per_iteration": null, "pin": false, "model_creator": null, "target_batch_size": 1024, "model_string": "resnet18", "min_batch_size": 512, "dataset": "CIFAR", "placement": null, "use_nccl": true, "devices_per_worker": 1, "primary_resource": "extra_gpu", "gpu": false, "verbose": false, "lr_config": {"mode": "log", "steps": 5, "initial_lr": 0.01, "target_lr": 0.01}, "batch_per_device": 1024}, "time_since_restore": 42.518824338912964, "timesteps_since_restore": 0, "iterations_since_restore": 5, "mean_throughput": 7055.606632381662, "atoms": 1}
{"apply": 0.008243179321289063, "batch_time": 0.13248262405395508, "d2h": 0.005576324462890625, "data_time": 0.01979515990432428, "fwd": 0.025707244873046875, "get_state_time_mean": NaN, "get_state_time_total": 0.0, "grad": 0.058939456939697266, "mean_accuracy": 0.5485000014305115, "mean_loss": 1.2465207916259766, "neg_mean_accuracy": -0.5485000014305115, "set_state_time_mean": NaN, "set_state_time_total": 0.0, "setup_model_time_mean": NaN, "setup_model_time_total": 0.0, "setup_proc_time_mean": NaN, "setup_proc_time_total": 0.0, "train_accuracy": 0.5271999835968018, "train_loss": 1.3150927804565429, "training_time_mean": NaN, "training_time_total": 0.0, "validation_time_mean": NaN, "validation_time_total": 0.0, "samples": 60000, "num_workers": 1, "done": false, "timesteps_total": null, "episodes_total": null, "training_iteration": 6, "neg_mean_loss": -1.2465207916259766, "experiment_id": "0ab3136f6b3c477eb9f9678f8d95b4fc", "date": "2019-05-30_14-09-02", "timestamp": 1559250542, "time_this_iter_s": 7.827451944351196, "time_total_s": 50.34627628326416, "pid": 7687, "hostname": "steropes", "node_ip": "169.229.49.254", "config": {"starting_lr": 0.01, "momentum": 0.997, "weight_decay": 0.001, "steps_per_iteration": null, "pin": false, "model_creator": null, "target_batch_size": 1024, "model_string": "resnet18", "min_batch_size": 512, "dataset": "CIFAR", "placement": null, "use_nccl": true, "devices_per_worker": 1, "primary_resource": "extra_gpu", "gpu": false, "verbose": false, "lr_config": {"mode": "log", "steps": 5, "initial_lr": 0.01, "target_lr": 0.01}, "batch_per_device": 1024}, "time_since_restore": 50.34627628326416, "timesteps_since_restore": 0, "iterations_since_restore": 6, "mean_throughput": 7725.1938456732705, "atoms": 1}
{"apply": 0.00833282470703125, "batch_time": 0.12601819038391113, "d2h": 0.008000516891479492, "data_time": 0.023203533522936762, "fwd": 0.03298273086547852, "get_state_time_mean": NaN, "get_state_time_total": 0.0, "grad": 0.05272772312164307, "mean_accuracy": 0.5371999740600586, "mean_loss": 1.290338370513916, "neg_mean_accuracy": -0.5371999740600586, "set_state_time_mean": NaN, "set_state_time_total": 0.0, "setup_model_time_mean": NaN, "setup_model_time_total": 0.0, "setup_proc_time_mean": NaN, "setup_proc_time_total": 0.0, "train_accuracy": 0.5419600009918213, "train_loss": 1.2625891254425048, "training_time_mean": NaN, "training_time_total": 0.0, "validation_time_mean": NaN, "validation_time_total": 0.0, "samples": 60000, "num_workers": 1, "done": false, "timesteps_total": null, "episodes_total": null, "training_iteration": 7, "neg_mean_loss": -1.290338370513916, "experiment_id": "0ab3136f6b3c477eb9f9678f8d95b4fc", "date": "2019-05-30_14-09-09", "timestamp": 1559250549, "time_this_iter_s": 7.518291234970093, "time_total_s": 57.86456751823425, "pid": 7687, "hostname": "steropes", "node_ip": "169.229.49.254", "config": {"starting_lr": 0.01, "momentum": 0.997, "weight_decay": 0.001, "steps_per_iteration": null, "pin": false, "model_creator": null, "target_batch_size": 1024, "model_string": "resnet18", "min_batch_size": 512, "dataset": "CIFAR", "placement": null, "use_nccl": true, "devices_per_worker": 1, "primary_resource": "extra_gpu", "gpu": false, "verbose": false, "lr_config": {"mode": "log", "steps": 5, "initial_lr": 0.01, "target_lr": 0.01}, "batch_per_device": 1024}, "time_since_restore": 57.86456751823425, "timesteps_since_restore": 0, "iterations_since_restore": 7, "mean_throughput": 7798.877232733977, "atoms": 1}
{"apply": 0.007819056510925293, "batch_time": 0.12897589206695556, "d2h": 0.005649113655090332, "data_time": 0.029016616393108756, "fwd": 0.02978367805480957, "get_state_time_mean": NaN, "get_state_time_total": 0.0, "grad": 0.05875837802886963, "mean_accuracy": 0.5715000033378601, "mean_loss": 1.1744171648025512, "neg_mean_accuracy": -0.5715000033378601, "set_state_time_mean": NaN, "set_state_time_total": 0.0, "setup_model_time_mean": NaN, "setup_model_time_total": 0.0, "setup_proc_time_mean": NaN, "setup_proc_time_total": 0.0, "train_accuracy": 0.5600599646568298, "train_loss": 1.2203825117874145, "training_time_mean": NaN, "training_time_total": 0.0, "validation_time_mean": NaN, "validation_time_total": 0.0, "samples": 60000, "num_workers": 1, "done": false, "timesteps_total": null, "episodes_total": null, "training_iteration": 8, "neg_mean_loss": -1.1744171648025512, "experiment_id": "0ab3136f6b3c477eb9f9678f8d95b4fc", "date": "2019-05-30_14-09-17", "timestamp": 1559250557, "time_this_iter_s": 7.7375102043151855, "time_total_s": 65.60207772254944, "pid": 7687, "hostname": "steropes", "node_ip": "169.229.49.254", "config": {"starting_lr": 0.01, "momentum": 0.997, "weight_decay": 0.001, "steps_per_iteration": null, "pin": false, "model_creator": null, "target_batch_size": 1024, "model_string": "resnet18", "min_batch_size": 512, "dataset": "CIFAR", "placement": null, "use_nccl": true, "devices_per_worker": 1, "primary_resource": "extra_gpu", "gpu": false, "verbose": false, "lr_config": {"mode": "log", "steps": 5, "initial_lr": 0.01, "target_lr": 0.01}, "batch_per_device": 1024}, "time_since_restore": 65.60207772254944, "timesteps_since_restore": 0, "iterations_since_restore": 8, "mean_throughput": 7855.0466265169825, "atoms": 1}
{"apply": 0.008443570137023926, "batch_time": 0.12218697071075439, "d2h": 0.007262778282165527, "data_time": 0.03757198976010692, "fwd": 0.027671408653259278, "get_state_time_mean": NaN, "get_state_time_total": 0.0, "grad": 0.0488239049911499, "mean_accuracy": 0.550000011920929, "mean_loss": 1.258634645652771, "neg_mean_accuracy": -0.550000011920929, "set_state_time_mean": NaN, "set_state_time_total": 0.0, "setup_model_time_mean": NaN, "setup_model_time_total": 0.0, "setup_proc_time_mean": NaN, "setup_proc_time_total": 0.0, "train_accuracy": 0.5783799886703491, "train_loss": 1.1745807746505736, "training_time_mean": NaN, "training_time_total": 0.0, "validation_time_mean": NaN, "validation_time_total": 0.0, "samples": 60000, "num_workers": 1, "done": false, "timesteps_total": null, "episodes_total": null, "training_iteration": 9, "neg_mean_loss": -1.258634645652771, "experiment_id": "0ab3136f6b3c477eb9f9678f8d95b4fc", "date": "2019-05-30_14-09-25", "timestamp": 1559250565, "time_this_iter_s": 7.860322713851929, "time_total_s": 73.46240043640137, "pid": 7687, "hostname": "steropes", "node_ip": "169.229.49.254", "config": {"starting_lr": 0.01, "momentum": 0.997, "weight_decay": 0.001, "steps_per_iteration": null, "pin": false, "model_creator": null, "target_batch_size": 1024, "model_string": "resnet18", "min_batch_size": 512, "dataset": "CIFAR", "placement": null, "use_nccl": true, "devices_per_worker": 1, "primary_resource": "extra_gpu", "gpu": false, "verbose": false, "lr_config": {"mode": "log", "steps": 5, "initial_lr": 0.01, "target_lr": 0.01}, "batch_per_device": 1024}, "time_since_restore": 73.46240043640137, "timesteps_since_restore": 0, "iterations_since_restore": 9, "mean_throughput": 7797.568863013369, "atoms": 1}
{"apply": 0.007226681709289551, "batch_time": 0.14003355503082277, "d2h": 0.0051527261734008786, "data_time": 0.03527783860965651, "fwd": 0.026662421226501466, "get_state_time_mean": NaN, "get_state_time_total": 0.0, "grad": 0.05898139476776123, "mean_accuracy": 0.6015999913215637, "mean_loss": 1.123618643951416, "neg_mean_accuracy": -0.6015999913215637, "set_state_time_mean": NaN, "set_state_time_total": 0.0, "setup_model_time_mean": NaN, "setup_model_time_total": 0.0, "setup_proc_time_mean": NaN, "setup_proc_time_total": 0.0, "train_accuracy": 0.589739978313446, "train_loss": 1.1326867879104614, "training_time_mean": NaN, "training_time_total": 0.0, "validation_time_mean": NaN, "validation_time_total": 0.0, "samples": 60000, "num_workers": 1, "done": false, "timesteps_total": null, "episodes_total": null, "training_iteration": 10, "neg_mean_loss": -1.123618643951416, "experiment_id": "0ab3136f6b3c477eb9f9678f8d95b4fc", "date": "2019-05-30_14-09-33", "timestamp": 1559250573, "time_this_iter_s": 7.8840391635894775, "time_total_s": 81.34643959999084, "pid": 7687, "hostname": "steropes", "node_ip": "169.229.49.254", "config": {"starting_lr": 0.01, "momentum": 0.997, "weight_decay": 0.001, "steps_per_iteration": null, "pin": false, "model_creator": null, "target_batch_size": 1024, "model_string": "resnet18", "min_batch_size": 512, "dataset": "CIFAR", "placement": null, "use_nccl": true, "devices_per_worker": 1, "primary_resource": "extra_gpu", "gpu": false, "verbose": false, "lr_config": {"mode": "log", "steps": 5, "initial_lr": 0.01, "target_lr": 0.01}, "batch_per_device": 1024}, "time_since_restore": 81.34643959999084, "timesteps_since_restore": 0, "iterations_since_restore": 10, "mean_throughput": 7726.368870936586, "atoms": 1}
{"apply": 0.007810211181640625, "batch_time": 0.14664535522460936, "d2h": 0.0057392120361328125, "data_time": 0.03117007625346281, "fwd": 0.022838950157165527, "get_state_time_mean": NaN, "get_state_time_total": 0.0, "grad": 0.046155571937561035, "mean_accuracy": 0.6100000143051147, "mean_loss": 1.1144840257644653, "neg_mean_accuracy": -0.6100000143051147, "set_state_time_mean": NaN, "set_state_time_total": 0.0, "setup_model_time_mean": NaN, "setup_model_time_total": 0.0, "setup_proc_time_mean": NaN, "setup_proc_time_total": 0.0, "train_accuracy": 0.6064800024032593, "train_loss": 1.0918780862045288, "training_time_mean": NaN, "training_time_total": 0.0, "validation_time_mean": NaN, "validation_time_total": 0.0, "samples": 60000, "num_workers": 1, "done": false, "timesteps_total": null, "episodes_total": null, "training_iteration": 11, "neg_mean_loss": -1.1144840257644653, "experiment_id": "0ab3136f6b3c477eb9f9678f8d95b4fc", "date": "2019-05-30_14-09-41", "timestamp": 1559250581, "time_this_iter_s": 7.670304536819458, "time_total_s": 89.0167441368103, "pid": 7687, "hostname": "steropes", "node_ip": "169.229.49.254", "config": {"starting_lr": 0.01, "momentum": 0.997, "weight_decay": 0.001, "steps_per_iteration": null, "pin": false, "model_creator": null, "target_batch_size": 1024, "model_string": "resnet18", "min_batch_size": 512, "dataset": "CIFAR", "placement": null, "use_nccl": true, "devices_per_worker": 1, "primary_resource": "extra_gpu", "gpu": false, "verbose": false, "lr_config": {"mode": "log", "steps": 5, "initial_lr": 0.01, "target_lr": 0.01}, "batch_per_device": 1024}, "time_since_restore": 89.0167441368103, "timesteps_since_restore": 0, "iterations_since_restore": 11, "mean_throughput": 7757.775248089783, "atoms": 1}
{"apply": 0.008039355278015137, "batch_time": 0.11719405651092529, "d2h": 0.005979990959167481, "data_time": 0.032311711992536275, "fwd": 0.023837351799011232, "get_state_time_mean": NaN, "get_state_time_total": 0.0, "grad": 0.0513099193572998, "mean_accuracy": 0.5575999617576599, "mean_loss": 1.2765033206939698, "neg_mean_accuracy": -0.5575999617576599, "set_state_time_mean": NaN, "set_state_time_total": 0.0, "setup_model_time_mean": NaN, "setup_model_time_total": 0.0, "setup_proc_time_mean": NaN, "setup_proc_time_total": 0.0, "train_accuracy": 0.6187999844551086, "train_loss": 1.065442739868164, "training_time_mean": NaN, "training_time_total": 0.0, "validation_time_mean": NaN, "validation_time_total": 0.0, "samples": 60000, "num_workers": 1, "done": false, "timesteps_total": null, "episodes_total": null, "training_iteration": 12, "neg_mean_loss": -1.2765033206939698, "experiment_id": "0ab3136f6b3c477eb9f9678f8d95b4fc", "date": "2019-05-30_14-09-48", "timestamp": 1559250588, "time_this_iter_s": 7.555924892425537, "time_total_s": 96.57266902923584, "pid": 7687, "hostname": "steropes", "node_ip": "169.229.49.254", "config": {"starting_lr": 0.01, "momentum": 0.997, "weight_decay": 0.001, "steps_per_iteration": null, "pin": false, "model_creator": null, "target_batch_size": 1024, "model_string": "resnet18", "min_batch_size": 512, "dataset": "CIFAR", "placement": null, "use_nccl": true, "devices_per_worker": 1, "primary_resource": "extra_gpu", "gpu": false, "verbose": false, "lr_config": {"mode": "log", "steps": 5, "initial_lr": 0.01, "target_lr": 0.01}, "batch_per_device": 1024}, "time_since_restore": 96.57266902923584, "timesteps_since_restore": 0, "iterations_since_restore": 12, "mean_throughput": 7750.232508601322, "atoms": 1}
{"apply": 0.0073950767517089845, "batch_time": 0.11488511562347412, "d2h": 0.004796290397644043, "data_time": 0.039718846885525454, "fwd": 0.021162962913513182, "get_state_time_mean": NaN, "get_state_time_total": 0.0, "grad": 0.045658540725708005, "mean_accuracy": 0.578000009059906, "mean_loss": 1.2213587657928466, "neg_mean_accuracy": -0.578000009059906, "set_state_time_mean": NaN, "set_state_time_total": 0.0, "setup_model_time_mean": NaN, "setup_model_time_total": 0.0, "setup_proc_time_mean": NaN, "setup_proc_time_total": 0.0, "train_accuracy": 0.628879964351654, "train_loss": 1.041742561569214, "training_time_mean": NaN, "training_time_total": 0.0, "validation_time_mean": NaN, "validation_time_total": 0.0, "samples": 60000, "num_workers": 1, "done": true, "timesteps_total": null, "episodes_total": null, "training_iteration": 13, "neg_mean_loss": -1.2213587657928466, "experiment_id": "0ab3136f6b3c477eb9f9678f8d95b4fc", "date": "2019-05-30_14-09-55", "timestamp": 1559250595, "time_this_iter_s": 7.199174642562866, "time_total_s": 103.7718436717987, "pid": 7687, "hostname": "steropes", "node_ip": "169.229.49.254", "config": {"starting_lr": 0.01, "momentum": 0.997, "weight_decay": 0.001, "steps_per_iteration": null, "pin": false, "model_creator": null, "target_batch_size": 1024, "model_string": "resnet18", "min_batch_size": 512, "dataset": "CIFAR", "placement": null, "use_nccl": true, "devices_per_worker": 1, "primary_resource": "extra_gpu", "gpu": false, "verbose": false, "lr_config": {"mode": "log", "steps": 5, "initial_lr": 0.01, "target_lr": 0.01}, "batch_per_device": 1024}, "time_since_restore": 103.7718436717987, "timesteps_since_restore": 0, "iterations_since_restore": 13, "mean_throughput": 7859.537864186535, "atoms": 1}
