apply,batch_time,d2h,data_time,fwd,get_state_time_mean,get_state_time_total,grad,mean_accuracy,mean_loss,neg_mean_accuracy,set_state_time_mean,set_state_time_total,setup_model_time_mean,setup_model_time_total,setup_proc_time_mean,setup_proc_time_total,train_accuracy,train_loss,training_time_mean,training_time_total,val_accuracy,val_loss,validation_time_mean,validation_time_total,samples,num_workers,done,timesteps_total,episodes_total,training_iteration,neg_mean_loss,experiment_id,date,timestamp,time_this_iter_s,time_total_s,pid,hostname,node_ip,config,time_since_restore,timesteps_since_restore,iterations_since_restore,mean_throughput,atoms,setup_time
0.0195894718170166,0.041989966283870646,0.0007164239883422852,0.0018331187460428613,0.11964292526245117,nan,0.0,0.17222588062286376,0.17419999837875366,205.40061206054688,-0.17419999837875366,nan,0.0,8.405757665634155,8.405757665634155,0.39626216888427734,0.39626216888427734,0.18568000197410583,4.413551993713379,nan,0.0,0.17419999837875366,205.40061206054688,nan,0.0,60000,1,False,,,1,-205.40061206054688,8c8630b458964cecb207c07fd0521185,2019-06-06_13-21-15,1559852475,46.274107694625854,46.274107694625854,14626,steropes,169.229.49.254,"{'starting_lr': 0.005, 'momentum': 0.99, 'weight_decay': 0.0005, 'steps_per_iteration': None, 'pin': False, 'model_creator': None, 'target_batch_size': 128, 'model_string': 'resnet50', 'min_batch_size': 128, 'dataset': 'CIFAR', 'placement': None, 'use_nccl': True, 'devices_per_worker': 1, 'primary_resource': 'extra_gpu', 'gpu': False, 'verbose': False, 'lr_config': {'mode': 'log', 'steps': 5, 'initial_lr': 0.005, 'target_lr': 0.005}, 'batch_per_device': 128}",46.274107694625854,0,1,1296.6179627771796,1,8.924015522003174
0.01808211803436279,0.03180332123478757,0.0007038354873657226,0.0018022755527740244,0.028377699851989745,nan,0.0,0.04848692417144775,0.20729999244213104,112.58374033336639,-0.24039998650550842,nan,0.0,nan,0.0,nan,0.0,0.2255599945783615,2.897957210998535,nan,0.0,0.24039998650550842,19.766868606185913,nan,0.0,60000,1,False,,,2,-112.58374033336639,8c8630b458964cecb207c07fd0521185,2019-06-06_13-21-56,1559852516,41.0035400390625,87.27764773368835,14626,steropes,169.229.49.254,"{'starting_lr': 0.005, 'momentum': 0.99, 'weight_decay': 0.0005, 'steps_per_iteration': None, 'pin': False, 'model_creator': None, 'target_batch_size': 128, 'model_string': 'resnet50', 'min_batch_size': 128, 'dataset': 'CIFAR', 'placement': None, 'use_nccl': True, 'devices_per_worker': 1, 'primary_resource': 'extra_gpu', 'gpu': False, 'verbose': False, 'lr_config': {'mode': 'log', 'steps': 5, 'initial_lr': 0.005, 'target_lr': 0.005}, 'batch_per_device': 128}",87.27764773368835,0,2,1374.9193190133133,1,8.924015522003174
0.018546175956726075,0.031366604792920846,0.0006805419921875,0.0017506429911269556,0.028775715827941896,nan,0.0,0.04984898567199707,0.24086666107177734,75.81082993532816,-0.30799999833106995,nan,0.0,nan,0.0,nan,0.0,0.27427998185157776,2.235871477203369,nan,0.0,0.30799999833106995,2.265009139251709,nan,0.0,60000,1,False,,,3,-75.81082993532816,8c8630b458964cecb207c07fd0521185,2019-06-06_13-22-37,1559852557,40.91960072517395,128.1972484588623,14626,steropes,169.229.49.254,"{'starting_lr': 0.005, 'momentum': 0.99, 'weight_decay': 0.0005, 'steps_per_iteration': None, 'pin': False, 'model_creator': None, 'target_batch_size': 128, 'model_string': 'resnet50', 'min_batch_size': 128, 'dataset': 'CIFAR', 'placement': None, 'use_nccl': True, 'devices_per_worker': 1, 'primary_resource': 'extra_gpu', 'gpu': False, 'verbose': False, 'lr_config': {'mode': 'log', 'steps': 5, 'initial_lr': 0.005, 'target_lr': 0.005}, 'batch_per_device': 128}",128.1972484588623,0,3,1404.0832088314621,1,8.924015522003174
0.016911864280700684,0.03302112712135798,0.0006541728973388672,0.0017944546916600689,0.027261900901794433,nan,0.0,0.04764173030853271,0.26589999347925186,57.50116004123687,-0.3409999907016754,nan,0.0,nan,0.0,nan,0.0,0.3302599787712097,1.9024199756622315,nan,0.0,0.3409999907016754,2.572150358963013,nan,0.0,60000,1,True,,,4,-57.50116004123687,8c8630b458964cecb207c07fd0521185,2019-06-06_13-23-18,1559852598,40.94466805458069,169.141916513443,14626,steropes,169.229.49.254,"{'starting_lr': 0.005, 'momentum': 0.99, 'weight_decay': 0.0005, 'steps_per_iteration': None, 'pin': False, 'model_creator': None, 'target_batch_size': 128, 'model_string': 'resnet50', 'min_batch_size': 128, 'dataset': 'CIFAR', 'placement': None, 'use_nccl': True, 'devices_per_worker': 1, 'primary_resource': 'extra_gpu', 'gpu': False, 'verbose': False, 'lr_config': {'mode': 'log', 'steps': 5, 'initial_lr': 0.005, 'target_lr': 0.005}, 'batch_per_device': 128}",169.141916513443,0,4,1418.9238076649706,1,8.924015522003174
