{"apply": 0.0195894718170166, "batch_time": 0.041989966283870646, "d2h": 0.0007164239883422852, "data_time": 0.0018331187460428613, "fwd": 0.11964292526245117, "get_state_time_mean": NaN, "get_state_time_total": 0.0, "grad": 0.17222588062286376, "mean_accuracy": 0.17419999837875366, "mean_loss": 205.40061206054688, "neg_mean_accuracy": -0.17419999837875366, "set_state_time_mean": NaN, "set_state_time_total": 0.0, "setup_model_time_mean": 8.405757665634155, "setup_model_time_total": 8.405757665634155, "setup_proc_time_mean": 0.39626216888427734, "setup_proc_time_total": 0.39626216888427734, "train_accuracy": 0.18568000197410583, "train_loss": 4.413551993713379, "training_time_mean": NaN, "training_time_total": 0.0, "val_accuracy": 0.17419999837875366, "val_loss": 205.40061206054688, "validation_time_mean": NaN, "validation_time_total": 0.0, "samples": 60000, "num_workers": 1, "done": false, "timesteps_total": null, "episodes_total": null, "training_iteration": 1, "neg_mean_loss": -205.40061206054688, "experiment_id": "8c8630b458964cecb207c07fd0521185", "date": "2019-06-06_13-21-15", "timestamp": 1559852475, "time_this_iter_s": 46.274107694625854, "time_total_s": 46.274107694625854, "pid": 14626, "hostname": "steropes", "node_ip": "169.229.49.254", "config": {"starting_lr": 0.005, "momentum": 0.99, "weight_decay": 0.0005, "steps_per_iteration": null, "pin": false, "model_creator": null, "target_batch_size": 128, "model_string": "resnet50", "min_batch_size": 128, "dataset": "CIFAR", "placement": null, "use_nccl": true, "devices_per_worker": 1, "primary_resource": "extra_gpu", "gpu": false, "verbose": false, "lr_config": {"mode": "log", "steps": 5, "initial_lr": 0.005, "target_lr": 0.005}, "batch_per_device": 128}, "time_since_restore": 46.274107694625854, "timesteps_since_restore": 0, "iterations_since_restore": 1, "mean_throughput": 1296.6179627771796, "atoms": 1, "setup_time": 8.924015522003174}
{"apply": 0.01808211803436279, "batch_time": 0.03180332123478757, "d2h": 0.0007038354873657226, "data_time": 0.0018022755527740244, "fwd": 0.028377699851989745, "get_state_time_mean": NaN, "get_state_time_total": 0.0, "grad": 0.04848692417144775, "mean_accuracy": 0.20729999244213104, "mean_loss": 112.58374033336639, "neg_mean_accuracy": -0.24039998650550842, "set_state_time_mean": NaN, "set_state_time_total": 0.0, "setup_model_time_mean": NaN, "setup_model_time_total": 0.0, "setup_proc_time_mean": NaN, "setup_proc_time_total": 0.0, "train_accuracy": 0.2255599945783615, "train_loss": 2.897957210998535, "training_time_mean": NaN, "training_time_total": 0.0, "val_accuracy": 0.24039998650550842, "val_loss": 19.766868606185913, "validation_time_mean": NaN, "validation_time_total": 0.0, "samples": 60000, "num_workers": 1, "done": false, "timesteps_total": null, "episodes_total": null, "training_iteration": 2, "neg_mean_loss": -112.58374033336639, "experiment_id": "8c8630b458964cecb207c07fd0521185", "date": "2019-06-06_13-21-56", "timestamp": 1559852516, "time_this_iter_s": 41.0035400390625, "time_total_s": 87.27764773368835, "pid": 14626, "hostname": "steropes", "node_ip": "169.229.49.254", "config": {"starting_lr": 0.005, "momentum": 0.99, "weight_decay": 0.0005, "steps_per_iteration": null, "pin": false, "model_creator": null, "target_batch_size": 128, "model_string": "resnet50", "min_batch_size": 128, "dataset": "CIFAR", "placement": null, "use_nccl": true, "devices_per_worker": 1, "primary_resource": "extra_gpu", "gpu": false, "verbose": false, "lr_config": {"mode": "log", "steps": 5, "initial_lr": 0.005, "target_lr": 0.005}, "batch_per_device": 128}, "time_since_restore": 87.27764773368835, "timesteps_since_restore": 0, "iterations_since_restore": 2, "mean_throughput": 1374.9193190133133, "atoms": 1, "setup_time": 8.924015522003174}
{"apply": 0.018546175956726075, "batch_time": 0.031366604792920846, "d2h": 0.0006805419921875, "data_time": 0.0017506429911269556, "fwd": 0.028775715827941896, "get_state_time_mean": NaN, "get_state_time_total": 0.0, "grad": 0.04984898567199707, "mean_accuracy": 0.24086666107177734, "mean_loss": 75.81082993532816, "neg_mean_accuracy": -0.30799999833106995, "set_state_time_mean": NaN, "set_state_time_total": 0.0, "setup_model_time_mean": NaN, "setup_model_time_total": 0.0, "setup_proc_time_mean": NaN, "setup_proc_time_total": 0.0, "train_accuracy": 0.27427998185157776, "train_loss": 2.235871477203369, "training_time_mean": NaN, "training_time_total": 0.0, "val_accuracy": 0.30799999833106995, "val_loss": 2.265009139251709, "validation_time_mean": NaN, "validation_time_total": 0.0, "samples": 60000, "num_workers": 1, "done": false, "timesteps_total": null, "episodes_total": null, "training_iteration": 3, "neg_mean_loss": -75.81082993532816, "experiment_id": "8c8630b458964cecb207c07fd0521185", "date": "2019-06-06_13-22-37", "timestamp": 1559852557, "time_this_iter_s": 40.91960072517395, "time_total_s": 128.1972484588623, "pid": 14626, "hostname": "steropes", "node_ip": "169.229.49.254", "config": {"starting_lr": 0.005, "momentum": 0.99, "weight_decay": 0.0005, "steps_per_iteration": null, "pin": false, "model_creator": null, "target_batch_size": 128, "model_string": "resnet50", "min_batch_size": 128, "dataset": "CIFAR", "placement": null, "use_nccl": true, "devices_per_worker": 1, "primary_resource": "extra_gpu", "gpu": false, "verbose": false, "lr_config": {"mode": "log", "steps": 5, "initial_lr": 0.005, "target_lr": 0.005}, "batch_per_device": 128}, "time_since_restore": 128.1972484588623, "timesteps_since_restore": 0, "iterations_since_restore": 3, "mean_throughput": 1404.0832088314621, "atoms": 1, "setup_time": 8.924015522003174}
{"apply": 0.016911864280700684, "batch_time": 0.03302112712135798, "d2h": 0.0006541728973388672, "data_time": 0.0017944546916600689, "fwd": 0.027261900901794433, "get_state_time_mean": NaN, "get_state_time_total": 0.0, "grad": 0.04764173030853271, "mean_accuracy": 0.26589999347925186, "mean_loss": 57.50116004123687, "neg_mean_accuracy": -0.3409999907016754, "set_state_time_mean": NaN, "set_state_time_total": 0.0, "setup_model_time_mean": NaN, "setup_model_time_total": 0.0, "setup_proc_time_mean": NaN, "setup_proc_time_total": 0.0, "train_accuracy": 0.3302599787712097, "train_loss": 1.9024199756622315, "training_time_mean": NaN, "training_time_total": 0.0, "val_accuracy": 0.3409999907016754, "val_loss": 2.572150358963013, "validation_time_mean": NaN, "validation_time_total": 0.0, "samples": 60000, "num_workers": 1, "done": true, "timesteps_total": null, "episodes_total": null, "training_iteration": 4, "neg_mean_loss": -57.50116004123687, "experiment_id": "8c8630b458964cecb207c07fd0521185", "date": "2019-06-06_13-23-18", "timestamp": 1559852598, "time_this_iter_s": 40.94466805458069, "time_total_s": 169.141916513443, "pid": 14626, "hostname": "steropes", "node_ip": "169.229.49.254", "config": {"starting_lr": 0.005, "momentum": 0.99, "weight_decay": 0.0005, "steps_per_iteration": null, "pin": false, "model_creator": null, "target_batch_size": 128, "model_string": "resnet50", "min_batch_size": 128, "dataset": "CIFAR", "placement": null, "use_nccl": true, "devices_per_worker": 1, "primary_resource": "extra_gpu", "gpu": false, "verbose": false, "lr_config": {"mode": "log", "steps": 5, "initial_lr": 0.005, "target_lr": 0.005}, "batch_per_device": 128}, "time_since_restore": 169.141916513443, "timesteps_since_restore": 0, "iterations_since_restore": 4, "mean_throughput": 1418.9238076649706, "atoms": 1, "setup_time": 8.924015522003174}
