{"apply": 0.017790460586547853, "batch_time": 0.04309157480167437, "d2h": 0.0007990360260009766, "data_time": 0.0019540024535430363, "fwd": 0.11898717880249024, "get_state_time_mean": NaN, "get_state_time_total": 0.0, "grad": 0.17664048671722413, "mean_accuracy": 0.10099999606609344, "mean_loss": 2.423209483718872, "neg_mean_accuracy": -0.10099999606609344, "set_state_time_mean": NaN, "set_state_time_total": 0.0, "setup_model_time_mean": 10.012109756469727, "setup_model_time_total": 10.012109756469727, "setup_proc_time_mean": 0.18657588958740234, "setup_proc_time_total": 0.18657588958740234, "train_accuracy": 0.10019999742507935, "train_loss": 5.475713160095215, "training_time_mean": NaN, "training_time_total": 0.0, "val_accuracy": 0.10099999606609344, "val_loss": 2.423209483718872, "validation_time_mean": NaN, "validation_time_total": 0.0, "samples": 60000, "num_workers": 1, "done": false, "timesteps_total": null, "episodes_total": null, "training_iteration": 1, "neg_mean_loss": -2.423209483718872, "experiment_id": "2016049b3acb46229cd79179e9a7d2b7", "date": "2019-06-06_07-17-41", "timestamp": 1559830661, "time_this_iter_s": 48.28867030143738, "time_total_s": 48.28867030143738, "pid": 16609, "hostname": "steropes", "node_ip": "169.229.49.254", "config": {"starting_lr": 0.05, "momentum": 0.997, "weight_decay": 0.0005, "steps_per_iteration": null, "pin": false, "model_creator": null, "target_batch_size": 128, "model_string": "resnet50", "min_batch_size": 128, "dataset": "CIFAR", "placement": null, "use_nccl": true, "devices_per_worker": 1, "primary_resource": "extra_gpu", "gpu": false, "verbose": false, "lr_config": {"mode": "log", "steps": 5, "initial_lr": 0.05, "target_lr": 0.05}, "batch_per_device": 128}, "time_since_restore": 48.28867030143738, "timesteps_since_restore": 0, "iterations_since_restore": 1, "mean_throughput": 1242.5252076731538, "atoms": 1, "setup_time": 10.599195718765259}
{"apply": 0.017777085304260254, "batch_time": 0.03295964832547345, "d2h": 0.0007233858108520508, "data_time": 0.0018884452712505369, "fwd": 0.027924466133117675, "get_state_time_mean": NaN, "get_state_time_total": 0.0, "grad": 0.04987339973449707, "mean_accuracy": 0.10339999571442604, "mean_loss": 153879.99949224186, "neg_mean_accuracy": -0.10579999536275864, "set_state_time_mean": NaN, "set_state_time_total": 0.0, "setup_model_time_mean": NaN, "setup_model_time_total": 0.0, "setup_proc_time_mean": NaN, "setup_proc_time_total": 0.0, "train_accuracy": 0.10147999972105026, "train_loss": 7.6356198327636715, "training_time_mean": NaN, "training_time_total": 0.0, "val_accuracy": 0.10579999536275864, "val_loss": 307757.575775, "validation_time_mean": NaN, "validation_time_total": 0.0, "samples": 60000, "num_workers": 1, "done": true, "timesteps_total": null, "episodes_total": null, "training_iteration": 2, "neg_mean_loss": -153879.99949224186, "experiment_id": "2016049b3acb46229cd79179e9a7d2b7", "date": "2019-06-06_07-18-23", "timestamp": 1559830703, "time_this_iter_s": 42.00560522079468, "time_total_s": 90.29427552223206, "pid": 16609, "hostname": "steropes", "node_ip": "169.229.49.254", "config": {"starting_lr": 0.05, "momentum": 0.997, "weight_decay": 0.0005, "steps_per_iteration": null, "pin": false, "model_creator": null, "target_batch_size": 128, "model_string": "resnet50", "min_batch_size": 128, "dataset": "CIFAR", "placement": null, "use_nccl": true, "devices_per_worker": 1, "primary_resource": "extra_gpu", "gpu": false, "verbose": false, "lr_config": {"mode": "log", "steps": 5, "initial_lr": 0.05, "target_lr": 0.05}, "batch_per_device": 128}, "time_since_restore": 90.29427552223206, "timesteps_since_restore": 0, "iterations_since_restore": 2, "mean_throughput": 1328.9853567059058, "atoms": 1, "setup_time": 10.599195718765259}
