{"apply": 0.01782047748565674, "batch_time": 0.047459155698365806, "d2h": 0.000799250602722168, "data_time": 0.0019034790565900486, "fwd": 0.11744191646575927, "get_state_time_mean": NaN, "get_state_time_total": 0.0, "grad": 0.16656017303466797, "mean_accuracy": 0.249099999666214, "mean_loss": 2.241243635177612, "neg_mean_accuracy": -0.249099999666214, "set_state_time_mean": NaN, "set_state_time_total": 0.0, "setup_model_time_mean": 8.624089241027832, "setup_model_time_total": 8.624089241027832, "setup_proc_time_mean": 0.21503162384033203, "setup_proc_time_total": 0.21503162384033203, "train_accuracy": 0.15649999678134918, "train_loss": 2.5616238992309572, "training_time_mean": NaN, "training_time_total": 0.0, "val_accuracy": 0.249099999666214, "val_loss": 2.241243635177612, "validation_time_mean": NaN, "validation_time_total": 0.0, "samples": 60000, "num_workers": 1, "done": false, "timesteps_total": null, "episodes_total": null, "training_iteration": 1, "neg_mean_loss": -2.241243635177612, "experiment_id": "322026f3936840a18c94f135c0c903b1", "date": "2019-06-06_09-39-35", "timestamp": 1559839175, "time_this_iter_s": 47.10908031463623, "time_total_s": 47.10908031463623, "pid": 21647, "hostname": "steropes", "node_ip": "169.229.49.254", "config": {"starting_lr": 0.0001, "momentum": 0.997, "weight_decay": 0.0005, "steps_per_iteration": null, "pin": false, "model_creator": null, "target_batch_size": 128, "model_string": "resnet50", "min_batch_size": 128, "dataset": "CIFAR", "placement": null, "use_nccl": true, "devices_per_worker": 1, "primary_resource": "extra_gpu", "gpu": false, "verbose": false, "lr_config": {"mode": "log", "steps": 5, "initial_lr": 0.0001, "target_lr": 0.0001}, "batch_per_device": 128}, "time_since_restore": 47.10908031463623, "timesteps_since_restore": 0, "iterations_since_restore": 1, "mean_throughput": 1273.6373197475036, "atoms": 1, "setup_time": 9.337708950042725}
{"apply": 0.018561744689941408, "batch_time": 0.031630935548227046, "d2h": 0.0007477998733520508, "data_time": 0.0017813495967699134, "fwd": 0.02890141010284424, "get_state_time_mean": NaN, "get_state_time_total": 0.0, "grad": 0.04797849655151367, "mean_accuracy": 0.2793999910354614, "mean_loss": 2.0936562534332275, "neg_mean_accuracy": -0.30969998240470886, "set_state_time_mean": NaN, "set_state_time_total": 0.0, "setup_model_time_mean": NaN, "setup_model_time_total": 0.0, "setup_proc_time_mean": NaN, "setup_proc_time_total": 0.0, "train_accuracy": 0.2669000029563904, "train_loss": 2.0581439236831667, "training_time_mean": NaN, "training_time_total": 0.0, "val_accuracy": 0.30969998240470886, "val_loss": 1.9460688716888428, "validation_time_mean": NaN, "validation_time_total": 0.0, "samples": 60000, "num_workers": 1, "done": false, "timesteps_total": null, "episodes_total": null, "training_iteration": 2, "neg_mean_loss": -2.0936562534332275, "experiment_id": "322026f3936840a18c94f135c0c903b1", "date": "2019-06-06_09-40-16", "timestamp": 1559839216, "time_this_iter_s": 41.32012867927551, "time_total_s": 88.42920899391174, "pid": 21647, "hostname": "steropes", "node_ip": "169.229.49.254", "config": {"starting_lr": 0.0001, "momentum": 0.997, "weight_decay": 0.0005, "steps_per_iteration": null, "pin": false, "model_creator": null, "target_batch_size": 128, "model_string": "resnet50", "min_batch_size": 128, "dataset": "CIFAR", "placement": null, "use_nccl": true, "devices_per_worker": 1, "primary_resource": "extra_gpu", "gpu": false, "verbose": false, "lr_config": {"mode": "log", "steps": 5, "initial_lr": 0.0001, "target_lr": 0.0001}, "batch_per_device": 128}, "time_since_restore": 88.42920899391174, "timesteps_since_restore": 0, "iterations_since_restore": 2, "mean_throughput": 1357.015027054079, "atoms": 1, "setup_time": 9.337708950042725}
{"apply": 0.018834471702575684, "batch_time": 0.03210415719430658, "d2h": 0.0007660627365112304, "data_time": 0.0017646932236068998, "fwd": 0.02942492961883545, "get_state_time_mean": NaN, "get_state_time_total": 0.0, "grad": 0.04960412979125976, "mean_accuracy": 0.30496665835380554, "mean_loss": 1.9942541858673095, "neg_mean_accuracy": -0.3560999929904938, "set_state_time_mean": NaN, "set_state_time_total": 0.0, "setup_model_time_mean": NaN, "setup_model_time_total": 0.0, "setup_proc_time_mean": NaN, "setup_proc_time_total": 0.0, "train_accuracy": 0.3149999976158142, "train_loss": 1.9185654721832275, "training_time_mean": NaN, "training_time_total": 0.0, "val_accuracy": 0.3560999929904938, "val_loss": 1.7954500507354736, "validation_time_mean": NaN, "validation_time_total": 0.0, "samples": 60000, "num_workers": 1, "done": true, "timesteps_total": null, "episodes_total": null, "training_iteration": 3, "neg_mean_loss": -1.9942541858673095, "experiment_id": "322026f3936840a18c94f135c0c903b1", "date": "2019-06-06_09-40-57", "timestamp": 1559839257, "time_this_iter_s": 41.16248893737793, "time_total_s": 129.59169793128967, "pid": 21647, "hostname": "steropes", "node_ip": "169.229.49.254", "config": {"starting_lr": 0.0001, "momentum": 0.997, "weight_decay": 0.0005, "steps_per_iteration": null, "pin": false, "model_creator": null, "target_batch_size": 128, "model_string": "resnet50", "min_batch_size": 128, "dataset": "CIFAR", "placement": null, "use_nccl": true, "devices_per_worker": 1, "primary_resource": "extra_gpu", "gpu": false, "verbose": false, "lr_config": {"mode": "log", "steps": 5, "initial_lr": 0.0001, "target_lr": 0.0001}, "batch_per_device": 128}, "time_since_restore": 129.59169793128967, "timesteps_since_restore": 0, "iterations_since_restore": 3, "mean_throughput": 1388.9736441594446, "atoms": 1, "setup_time": 9.337708950042725}
