{"apply": 0.019722676277160643, "batch_time": 0.04241535633425169, "d2h": 0.0007415056228637695, "data_time": 0.0018546032478742283, "fwd": 0.12027916908264161, "get_state_time_mean": NaN, "get_state_time_total": 0.0, "grad": 0.17009103298187256, "mean_accuracy": 0.25049999356269836, "mean_loss": 2.0802616844177244, "neg_mean_accuracy": -0.25049999356269836, "set_state_time_mean": NaN, "set_state_time_total": 0.0, "setup_model_time_mean": 10.65989351272583, "setup_model_time_total": 10.65989351272583, "setup_proc_time_mean": 0.46146464347839355, "setup_proc_time_total": 0.46146464347839355, "train_accuracy": 0.15809999406337738, "train_loss": 2.518427377471924, "training_time_mean": NaN, "training_time_total": 0.0, "val_accuracy": 0.25049999356269836, "val_loss": 2.0802616844177244, "validation_time_mean": NaN, "validation_time_total": 0.0, "samples": 60000, "num_workers": 1, "done": false, "timesteps_total": null, "episodes_total": null, "training_iteration": 1, "neg_mean_loss": -2.0802616844177244, "experiment_id": "91ef0732c8f246159e72aa77e664085b", "date": "2019-06-06_07-19-21", "timestamp": 1559830761, "time_this_iter_s": 47.23141169548035, "time_total_s": 47.23141169548035, "pid": 17794, "hostname": "steropes", "node_ip": "169.229.49.254", "config": {"starting_lr": 0.0001, "momentum": 0.99, "weight_decay": 0.0001, "steps_per_iteration": null, "pin": false, "model_creator": null, "target_batch_size": 128, "model_string": "resnet50", "min_batch_size": 128, "dataset": "CIFAR", "placement": null, "use_nccl": true, "devices_per_worker": 1, "primary_resource": "extra_gpu", "gpu": false, "verbose": false, "lr_config": {"mode": "log", "steps": 5, "initial_lr": 0.0001, "target_lr": 0.0001}, "batch_per_device": 128}, "time_since_restore": 47.23141169548035, "timesteps_since_restore": 0, "iterations_since_restore": 1, "mean_throughput": 1270.335479340009, "atoms": 1, "setup_time": 11.22036075592041}
{"apply": 0.019062137603759764, "batch_time": 0.031367555449280556, "d2h": 0.000681304931640625, "data_time": 0.0018181105708832022, "fwd": 0.02850050926208496, "get_state_time_mean": NaN, "get_state_time_total": 0.0, "grad": 0.04885873794555664, "mean_accuracy": 0.27869999408721924, "mean_loss": 1.9936301986694334, "neg_mean_accuracy": -0.3068999946117401, "set_state_time_mean": NaN, "set_state_time_total": 0.0, "setup_model_time_mean": NaN, "setup_model_time_total": 0.0, "setup_proc_time_mean": NaN, "setup_proc_time_total": 0.0, "train_accuracy": 0.260019987821579, "train_loss": 2.026419260559082, "training_time_mean": NaN, "training_time_total": 0.0, "val_accuracy": 0.3068999946117401, "val_loss": 1.9069987129211425, "validation_time_mean": NaN, "validation_time_total": 0.0, "samples": 60000, "num_workers": 1, "done": true, "timesteps_total": null, "episodes_total": null, "training_iteration": 2, "neg_mean_loss": -1.9936301986694334, "experiment_id": "91ef0732c8f246159e72aa77e664085b", "date": "2019-06-06_07-20-03", "timestamp": 1559830803, "time_this_iter_s": 41.734169721603394, "time_total_s": 88.96558141708374, "pid": 17794, "hostname": "steropes", "node_ip": "169.229.49.254", "config": {"starting_lr": 0.0001, "momentum": 0.99, "weight_decay": 0.0001, "steps_per_iteration": null, "pin": false, "model_creator": null, "target_batch_size": 128, "model_string": "resnet50", "min_batch_size": 128, "dataset": "CIFAR", "placement": null, "use_nccl": true, "devices_per_worker": 1, "primary_resource": "extra_gpu", "gpu": false, "verbose": false, "lr_config": {"mode": "log", "steps": 5, "initial_lr": 0.0001, "target_lr": 0.0001}, "batch_per_device": 128}, "time_since_restore": 88.96558141708374, "timesteps_since_restore": 0, "iterations_since_restore": 2, "mean_throughput": 1348.8317865801528, "atoms": 1, "setup_time": 11.22036075592041}
