{"apply": 0.017398571968078612, "batch_time": 0.0459457801867135, "d2h": 0.000759577751159668, "data_time": 0.0019638953001602836, "fwd": 0.12086329460144044, "get_state_time_mean": NaN, "get_state_time_total": 0.0, "grad": 0.24590232372283935, "mean_accuracy": 0.1459999978542328, "mean_loss": 2.310153384399414, "neg_mean_accuracy": -0.1459999978542328, "set_state_time_mean": NaN, "set_state_time_total": 0.0, "setup_model_time_mean": 11.821151971817017, "setup_model_time_total": 11.821151971817017, "setup_proc_time_mean": 0.189833402633667, "setup_proc_time_total": 0.189833402633667, "train_accuracy": 0.12099999934434891, "train_loss": 5.335276150131226, "training_time_mean": NaN, "training_time_total": 0.0, "val_accuracy": 0.1459999978542328, "val_loss": 2.310153384399414, "validation_time_mean": NaN, "validation_time_total": 0.0, "samples": 60000, "num_workers": 1, "done": false, "timesteps_total": null, "episodes_total": null, "training_iteration": 1, "neg_mean_loss": -2.310153384399414, "experiment_id": "5505dae281304e3d9e81a6543ccc2324", "date": "2019-06-02_20-17-03", "timestamp": 1559531823, "time_this_iter_s": 48.10566520690918, "time_total_s": 48.10566520690918, "pid": 18831, "hostname": "steropes", "node_ip": "169.229.49.254", "config": {"starting_lr": 1.0, "momentum": 0.9, "weight_decay": 0.001, "steps_per_iteration": null, "pin": false, "model_creator": null, "target_batch_size": 128, "model_string": "resnet50", "min_batch_size": 128, "dataset": "CIFAR", "placement": null, "use_nccl": true, "devices_per_worker": 1, "primary_resource": "extra_gpu", "gpu": false, "verbose": false, "lr_config": {"mode": "log", "steps": 5, "initial_lr": 1.0, "target_lr": 1.0}, "batch_per_device": 128}, "time_since_restore": 48.10566520690918, "timesteps_since_restore": 0, "iterations_since_restore": 1, "mean_throughput": 1247.251113118443, "atoms": 1, "setup_time": 12.135914087295532}
{"apply": 0.01748044490814209, "batch_time": 0.03175455105455616, "d2h": 0.0007267236709594726, "data_time": 0.001824660679263532, "fwd": 0.027993178367614745, "get_state_time_mean": NaN, "get_state_time_total": 0.0, "grad": 0.04754774570465088, "mean_accuracy": 0.1638999953866005, "mean_loss": 2.8510606651306154, "neg_mean_accuracy": -0.1817999929189682, "set_state_time_mean": NaN, "set_state_time_total": 0.0, "setup_model_time_mean": NaN, "setup_model_time_total": 0.0, "setup_proc_time_mean": NaN, "setup_proc_time_total": 0.0, "train_accuracy": 0.1808599978685379, "train_loss": 2.2143947743988037, "training_time_mean": NaN, "training_time_total": 0.0, "val_accuracy": 0.1817999929189682, "val_loss": 3.3919679458618166, "validation_time_mean": NaN, "validation_time_total": 0.0, "samples": 60000, "num_workers": 1, "done": false, "timesteps_total": null, "episodes_total": null, "training_iteration": 2, "neg_mean_loss": -2.8510606651306154, "experiment_id": "5505dae281304e3d9e81a6543ccc2324", "date": "2019-06-02_20-17-45", "timestamp": 1559531865, "time_this_iter_s": 41.63953638076782, "time_total_s": 89.745201587677, "pid": 18831, "hostname": "steropes", "node_ip": "169.229.49.254", "config": {"starting_lr": 1.0, "momentum": 0.9, "weight_decay": 0.001, "steps_per_iteration": null, "pin": false, "model_creator": null, "target_batch_size": 128, "model_string": "resnet50", "min_batch_size": 128, "dataset": "CIFAR", "placement": null, "use_nccl": true, "devices_per_worker": 1, "primary_resource": "extra_gpu", "gpu": false, "verbose": false, "lr_config": {"mode": "log", "steps": 5, "initial_lr": 1.0, "target_lr": 1.0}, "batch_per_device": 128}, "time_since_restore": 89.745201587677, "timesteps_since_restore": 0, "iterations_since_restore": 2, "mean_throughput": 1337.1157833077195, "atoms": 1, "setup_time": 12.135914087295532}
{"apply": 0.017369341850280762, "batch_time": 0.03452682193321518, "d2h": 0.0007439136505126953, "data_time": 0.0018493921860404637, "fwd": 0.02788066864013672, "get_state_time_mean": NaN, "get_state_time_total": 0.0, "grad": 0.04829542636871338, "mean_accuracy": 0.1576999972263972, "mean_loss": 2.6581665275573734, "neg_mean_accuracy": -0.1453000009059906, "set_state_time_mean": NaN, "set_state_time_total": 0.0, "setup_model_time_mean": NaN, "setup_model_time_total": 0.0, "setup_proc_time_mean": NaN, "setup_proc_time_total": 0.0, "train_accuracy": 0.16565999388694763, "train_loss": 2.2232345642089846, "training_time_mean": NaN, "training_time_total": 0.0, "val_accuracy": 0.1453000009059906, "val_loss": 2.272378252410889, "validation_time_mean": NaN, "validation_time_total": 0.0, "samples": 60000, "num_workers": 1, "done": true, "timesteps_total": null, "episodes_total": null, "training_iteration": 3, "neg_mean_loss": -2.6581665275573734, "experiment_id": "5505dae281304e3d9e81a6543ccc2324", "date": "2019-06-02_20-18-26", "timestamp": 1559531906, "time_this_iter_s": 40.92055058479309, "time_total_s": 130.6657521724701, "pid": 18831, "hostname": "steropes", "node_ip": "169.229.49.254", "config": {"starting_lr": 1.0, "momentum": 0.9, "weight_decay": 0.001, "steps_per_iteration": null, "pin": false, "model_creator": null, "target_batch_size": 128, "model_string": "resnet50", "min_batch_size": 128, "dataset": "CIFAR", "placement": null, "use_nccl": true, "devices_per_worker": 1, "primary_resource": "extra_gpu", "gpu": false, "verbose": false, "lr_config": {"mode": "log", "steps": 5, "initial_lr": 1.0, "target_lr": 1.0}, "batch_per_device": 128}, "time_since_restore": 130.6657521724701, "timesteps_since_restore": 0, "iterations_since_restore": 3, "mean_throughput": 1377.5577281976061, "atoms": 1, "setup_time": 12.135914087295532}
