{"apply": 0.017768287658691408, "batch_time": 0.041572969171065316, "d2h": 0.0006604194641113281, "data_time": 0.0018911837311961766, "fwd": 0.1483090877532959, "get_state_time_mean": NaN, "get_state_time_total": 0.0, "grad": 0.24277637004852295, "mean_accuracy": 0.15879999101161957, "mean_loss": 2.2646282638549806, "neg_mean_accuracy": -0.15879999101161957, "set_state_time_mean": NaN, "set_state_time_total": 0.0, "setup_model_time_mean": 20.89102268218994, "setup_model_time_total": 20.89102268218994, "setup_proc_time_mean": 1.9763939380645752, "setup_proc_time_total": 1.9763939380645752, "train_accuracy": 0.11567999422550201, "train_loss": 4.252628147659302, "training_time_mean": NaN, "training_time_total": 0.0, "val_accuracy": 0.15879999101161957, "val_loss": 2.2646282638549806, "validation_time_mean": NaN, "validation_time_total": 0.0, "samples": 60000, "num_workers": 1, "done": false, "timesteps_total": null, "episodes_total": null, "training_iteration": 1, "neg_mean_loss": -2.2646282638549806, "experiment_id": "15e05f0d664441cc9e007f53184029b6", "date": "2019-06-03_22-25-27", "timestamp": 1559625927, "time_this_iter_s": 48.356261014938354, "time_total_s": 48.356261014938354, "pid": 26264, "hostname": "steropes", "node_ip": "169.229.49.254", "config": {"starting_lr": 0.05, "momentum": 0.99, "weight_decay": 0.0005, "steps_per_iteration": null, "pin": false, "model_creator": null, "target_batch_size": 128, "model_string": "resnet50", "min_batch_size": 128, "dataset": "CIFAR", "placement": null, "use_nccl": true, "devices_per_worker": 1, "primary_resource": "extra_gpu", "gpu": false, "verbose": false, "lr_config": {"mode": "log", "steps": 5, "initial_lr": 0.05, "target_lr": 0.05}, "batch_per_device": 128}, "time_since_restore": 48.356261014938354, "timesteps_since_restore": 0, "iterations_since_restore": 1, "mean_throughput": 1240.7885192722365, "atoms": 1, "setup_time": 22.96743655204773}
{"apply": 0.01740880012512207, "batch_time": 0.03166982795618757, "d2h": 0.0006639957427978516, "data_time": 0.0017812056919497908, "fwd": 0.02834475040435791, "get_state_time_mean": NaN, "get_state_time_total": 0.0, "grad": 0.04811265468597412, "mean_accuracy": 0.16589999198913574, "mean_loss": 2.19013330039978, "neg_mean_accuracy": -0.17299999296665192, "set_state_time_mean": NaN, "set_state_time_total": 0.0, "setup_model_time_mean": NaN, "setup_model_time_total": 0.0, "setup_proc_time_mean": NaN, "setup_proc_time_total": 0.0, "train_accuracy": 0.1666799932718277, "train_loss": 2.212104192047119, "training_time_mean": NaN, "training_time_total": 0.0, "val_accuracy": 0.17299999296665192, "val_loss": 2.11563833694458, "validation_time_mean": NaN, "validation_time_total": 0.0, "samples": 60000, "num_workers": 1, "done": false, "timesteps_total": null, "episodes_total": null, "training_iteration": 2, "neg_mean_loss": -2.19013330039978, "experiment_id": "15e05f0d664441cc9e007f53184029b6", "date": "2019-06-03_22-26-08", "timestamp": 1559625968, "time_this_iter_s": 40.92365527153015, "time_total_s": 89.2799162864685, "pid": 26264, "hostname": "steropes", "node_ip": "169.229.49.254", "config": {"starting_lr": 0.05, "momentum": 0.99, "weight_decay": 0.0005, "steps_per_iteration": null, "pin": false, "model_creator": null, "target_batch_size": 128, "model_string": "resnet50", "min_batch_size": 128, "dataset": "CIFAR", "placement": null, "use_nccl": true, "devices_per_worker": 1, "primary_resource": "extra_gpu", "gpu": false, "verbose": false, "lr_config": {"mode": "log", "steps": 5, "initial_lr": 0.05, "target_lr": 0.05}, "batch_per_device": 128}, "time_since_restore": 89.2799162864685, "timesteps_since_restore": 0, "iterations_since_restore": 2, "mean_throughput": 1344.0809574153336, "atoms": 1, "setup_time": 22.96743655204773}
{"apply": 0.017727088928222657, "batch_time": 0.032067166099065465, "d2h": 0.0006810665130615234, "data_time": 0.0018000316132060097, "fwd": 0.028743720054626463, "get_state_time_mean": NaN, "get_state_time_total": 0.0, "grad": 0.04845514297485352, "mean_accuracy": 0.20706665515899658, "mean_loss": 2.1570399870554606, "neg_mean_accuracy": -0.28939998149871826, "set_state_time_mean": NaN, "set_state_time_total": 0.0, "setup_model_time_mean": NaN, "setup_model_time_total": 0.0, "setup_proc_time_mean": NaN, "setup_proc_time_total": 0.0, "train_accuracy": 0.24201999604701996, "train_loss": 1.9936020932388305, "training_time_mean": NaN, "training_time_total": 0.0, "val_accuracy": 0.28939998149871826, "val_loss": 2.0908533603668213, "validation_time_mean": NaN, "validation_time_total": 0.0, "samples": 60000, "num_workers": 1, "done": true, "timesteps_total": null, "episodes_total": null, "training_iteration": 3, "neg_mean_loss": -2.1570399870554606, "experiment_id": "15e05f0d664441cc9e007f53184029b6", "date": "2019-06-03_22-26-49", "timestamp": 1559626009, "time_this_iter_s": 41.03012728691101, "time_total_s": 130.31004357337952, "pid": 26264, "hostname": "steropes", "node_ip": "169.229.49.254", "config": {"starting_lr": 0.05, "momentum": 0.99, "weight_decay": 0.0005, "steps_per_iteration": null, "pin": false, "model_creator": null, "target_batch_size": 128, "model_string": "resnet50", "min_batch_size": 128, "dataset": "CIFAR", "placement": null, "use_nccl": true, "devices_per_worker": 1, "primary_resource": "extra_gpu", "gpu": false, "verbose": false, "lr_config": {"mode": "log", "steps": 5, "initial_lr": 0.05, "target_lr": 0.05}, "batch_per_device": 128}, "time_since_restore": 130.31004357337952, "timesteps_since_restore": 0, "iterations_since_restore": 3, "mean_throughput": 1381.3156722558083, "atoms": 1, "setup_time": 22.96743655204773}
