{"apply": 0.016969680786132812, "batch_time": 0.04698727402505996, "d2h": 0.0006289482116699219, "data_time": 0.001817800809660226, "fwd": 0.13988018035888672, "get_state_time_mean": NaN, "get_state_time_total": 0.0, "grad": 0.19537394046783446, "mean_accuracy": 0.1573999971151352, "mean_loss": 2.286980909729004, "neg_mean_accuracy": -0.1573999971151352, "set_state_time_mean": NaN, "set_state_time_total": 0.0, "setup_model_time_mean": 11.183907270431519, "setup_model_time_total": 11.183907270431519, "setup_proc_time_mean": 1.6579375267028809, "setup_proc_time_total": 1.6579375267028809, "train_accuracy": 0.12947998940944672, "train_loss": 2.6125347170257567, "training_time_mean": NaN, "training_time_total": 0.0, "val_accuracy": 0.1573999971151352, "val_loss": 2.286980909729004, "validation_time_mean": NaN, "validation_time_total": 0.0, "samples": 60000, "num_workers": 1, "done": false, "timesteps_total": null, "episodes_total": null, "training_iteration": 1, "neg_mean_loss": -2.286980909729004, "experiment_id": "9f53fac0f49f478c9610152e6cedafed", "date": "2019-06-02_20-34-57", "timestamp": 1559532897, "time_this_iter_s": 47.15339469909668, "time_total_s": 47.15339469909668, "pid": 6266, "hostname": "steropes", "node_ip": "169.229.49.254", "config": {"starting_lr": 0.0001, "momentum": 0.95, "weight_decay": 0.0001, "steps_per_iteration": null, "pin": false, "model_creator": null, "target_batch_size": 128, "model_string": "resnet50", "min_batch_size": 128, "dataset": "CIFAR", "placement": null, "use_nccl": true, "devices_per_worker": 1, "primary_resource": "extra_gpu", "gpu": false, "verbose": false, "lr_config": {"mode": "log", "steps": 5, "initial_lr": 0.0001, "target_lr": 0.0001}, "batch_per_device": 128}, "time_since_restore": 47.15339469909668, "timesteps_since_restore": 0, "iterations_since_restore": 1, "mean_throughput": 1272.4406123654426, "atoms": 1, "setup_time": 12.939791679382324}
{"apply": 0.017519044876098632, "batch_time": 0.03174484228786034, "d2h": 0.0006789684295654297, "data_time": 0.0017395696371717527, "fwd": 0.02871973514556885, "get_state_time_mean": NaN, "get_state_time_total": 0.0, "grad": 0.04849100112915039, "mean_accuracy": 0.1825999990105629, "mean_loss": 2.2115788074493405, "neg_mean_accuracy": -0.2078000009059906, "set_state_time_mean": NaN, "set_state_time_total": 0.0, "setup_model_time_mean": NaN, "setup_model_time_total": 0.0, "setup_proc_time_mean": NaN, "setup_proc_time_total": 0.0, "train_accuracy": 0.18027999997138977, "train_loss": 2.2177448793792727, "training_time_mean": NaN, "training_time_total": 0.0, "val_accuracy": 0.2078000009059906, "val_loss": 2.1361767051696776, "validation_time_mean": NaN, "validation_time_total": 0.0, "samples": 60000, "num_workers": 1, "done": false, "timesteps_total": null, "episodes_total": null, "training_iteration": 2, "neg_mean_loss": -2.2115788074493405, "experiment_id": "9f53fac0f49f478c9610152e6cedafed", "date": "2019-06-02_20-35-38", "timestamp": 1559532938, "time_this_iter_s": 40.85222244262695, "time_total_s": 88.00561714172363, "pid": 6266, "hostname": "steropes", "node_ip": "169.229.49.254", "config": {"starting_lr": 0.0001, "momentum": 0.95, "weight_decay": 0.0001, "steps_per_iteration": null, "pin": false, "model_creator": null, "target_batch_size": 128, "model_string": "resnet50", "min_batch_size": 128, "dataset": "CIFAR", "placement": null, "use_nccl": true, "devices_per_worker": 1, "primary_resource": "extra_gpu", "gpu": false, "verbose": false, "lr_config": {"mode": "log", "steps": 5, "initial_lr": 0.0001, "target_lr": 0.0001}, "batch_per_device": 128}, "time_since_restore": 88.00561714172363, "timesteps_since_restore": 0, "iterations_since_restore": 2, "mean_throughput": 1363.5467999940051, "atoms": 1, "setup_time": 12.939791679382324}
{"apply": 0.017270278930664063, "batch_time": 0.03188123280488992, "d2h": 0.0006855010986328125, "data_time": 0.0017932815015163567, "fwd": 0.028853797912597658, "get_state_time_mean": NaN, "get_state_time_total": 0.0, "grad": 0.04983484745025635, "mean_accuracy": 0.20106666286786398, "mean_loss": 2.1551689969380696, "neg_mean_accuracy": -0.23799999058246613, "set_state_time_mean": NaN, "set_state_time_total": 0.0, "setup_model_time_mean": NaN, "setup_model_time_total": 0.0, "setup_proc_time_mean": NaN, "setup_proc_time_total": 0.0, "train_accuracy": 0.20569999516010284, "train_loss": 2.1400061265563965, "training_time_mean": NaN, "training_time_total": 0.0, "val_accuracy": 0.23799999058246613, "val_loss": 2.0423493759155273, "validation_time_mean": NaN, "validation_time_total": 0.0, "samples": 60000, "num_workers": 1, "done": false, "timesteps_total": null, "episodes_total": null, "training_iteration": 3, "neg_mean_loss": -2.1551689969380696, "experiment_id": "9f53fac0f49f478c9610152e6cedafed", "date": "2019-06-02_20-36-19", "timestamp": 1559532979, "time_this_iter_s": 40.856571197509766, "time_total_s": 128.8621883392334, "pid": 6266, "hostname": "steropes", "node_ip": "169.229.49.254", "config": {"starting_lr": 0.0001, "momentum": 0.95, "weight_decay": 0.0001, "steps_per_iteration": null, "pin": false, "model_creator": null, "target_batch_size": 128, "model_string": "resnet50", "min_batch_size": 128, "dataset": "CIFAR", "placement": null, "use_nccl": true, "devices_per_worker": 1, "primary_resource": "extra_gpu", "gpu": false, "verbose": false, "lr_config": {"mode": "log", "steps": 5, "initial_lr": 0.0001, "target_lr": 0.0001}, "batch_per_device": 128}, "time_since_restore": 128.8621883392334, "timesteps_since_restore": 0, "iterations_since_restore": 3, "mean_throughput": 1396.8363169769364, "atoms": 1, "setup_time": 12.939791679382324}
{"apply": 0.017364001274108885, "batch_time": 0.03151580955408796, "d2h": 0.0006690263748168945, "data_time": 0.0018052737731153092, "fwd": 0.028960990905761718, "get_state_time_mean": NaN, "get_state_time_total": 0.0, "grad": 0.04910120964050293, "mean_accuracy": 0.2195499986410141, "mean_loss": 2.108471277618408, "neg_mean_accuracy": -0.2750000059604645, "set_state_time_mean": NaN, "set_state_time_total": 0.0, "setup_model_time_mean": NaN, "setup_model_time_total": 0.0, "setup_proc_time_mean": NaN, "setup_proc_time_total": 0.0, "train_accuracy": 0.2400199919939041, "train_loss": 2.0477942459487917, "training_time_mean": NaN, "training_time_total": 0.0, "val_accuracy": 0.2750000059604645, "val_loss": 1.9683781196594239, "validation_time_mean": NaN, "validation_time_total": 0.0, "samples": 60000, "num_workers": 1, "done": true, "timesteps_total": null, "episodes_total": null, "training_iteration": 4, "neg_mean_loss": -2.108471277618408, "experiment_id": "9f53fac0f49f478c9610152e6cedafed", "date": "2019-06-02_20-37-00", "timestamp": 1559533020, "time_this_iter_s": 40.873406171798706, "time_total_s": 169.7355945110321, "pid": 6266, "hostname": "steropes", "node_ip": "169.229.49.254", "config": {"starting_lr": 0.0001, "momentum": 0.95, "weight_decay": 0.0001, "steps_per_iteration": null, "pin": false, "model_creator": null, "target_batch_size": 128, "model_string": "resnet50", "min_batch_size": 128, "dataset": "CIFAR", "placement": null, "use_nccl": true, "devices_per_worker": 1, "primary_resource": "extra_gpu", "gpu": false, "verbose": false, "lr_config": {"mode": "log", "steps": 5, "initial_lr": 0.0001, "target_lr": 0.0001}, "batch_per_device": 128}, "time_since_restore": 169.7355945110321, "timesteps_since_restore": 0, "iterations_since_restore": 4, "mean_throughput": 1413.9595515151998, "atoms": 1, "setup_time": 12.939791679382324}
