apply,batch_time,d2h,data_time,fwd,get_state_time_mean,get_state_time_total,grad,mean_accuracy,mean_loss,neg_mean_accuracy,set_state_time_mean,set_state_time_total,setup_model_time_mean,setup_model_time_total,setup_proc_time_mean,setup_proc_time_total,train_accuracy,train_loss,training_time_mean,training_time_total,validation_time_mean,validation_time_total,samples,num_workers,done,timesteps_total,episodes_total,training_iteration,neg_mean_loss,experiment_id,date,timestamp,time_this_iter_s,time_total_s,pid,hostname,node_ip,config,time_since_restore,timesteps_since_restore,iterations_since_restore,mean_throughput,atoms,resource_time
0.007512354850769043,0.18645792007446288,0.005025315284729004,0.03831096084750429,0.0983241081237793,nan,0.0,0.15091700553894044,0.3902999758720398,1.6465951194763184,-0.3902999758720398,nan,0.0,10.658198833465576,10.658198833465576,0.2572019100189209,0.2572019100189209,0.2685199975967407,2.5679510725784302,nan,0.0,nan,0.0,60000,1,False,,,1,-1.6465951194763184,0b8d5bedeca74006a3f1a3c45f6c9563,2019-05-30_14-03-18,1559250198,11.767178058624268,11.767178058624268,18237,steropes,169.229.49.254,"{'starting_lr': 0.005, 'momentum': 0.9, 'weight_decay': 0.005, 'steps_per_iteration': None, 'pin': False, 'model_creator': None, 'target_batch_size': 1024, 'model_string': 'resnet18', 'min_batch_size': 512, 'dataset': 'CIFAR', 'placement': None, 'use_nccl': True, 'devices_per_worker': 1, 'primary_resource': 'extra_gpu', 'gpu': False, 'verbose': False, 'lr_config': {'mode': 'log', 'steps': 5, 'initial_lr': 0.005, 'target_lr': 0.005}, 'batch_per_device': 1024}",11.767178058624268,0,1,5098.861901994148,1,11.767178058624268
0.007700920104980469,0.11721107959747315,0.005207133293151855,0.04280158938193808,0.023271584510803224,nan,0.0,0.04333968162536621,0.45569998025894165,1.4936462251663207,-0.45569998025894165,nan,0.0,nan,0.0,nan,0.0,0.4063199758529663,1.606987504386902,nan,0.0,nan,0.0,60000,1,False,,,2,-1.4936462251663207,0b8d5bedeca74006a3f1a3c45f6c9563,2019-05-30_14-03-26,1559250206,7.342739820480347,19.109917879104614,18237,steropes,169.229.49.254,"{'starting_lr': 0.005, 'momentum': 0.9, 'weight_decay': 0.005, 'steps_per_iteration': None, 'pin': False, 'model_creator': None, 'target_batch_size': 1024, 'model_string': 'resnet18', 'min_batch_size': 512, 'dataset': 'CIFAR', 'placement': None, 'use_nccl': True, 'devices_per_worker': 1, 'primary_resource': 'extra_gpu', 'gpu': False, 'verbose': False, 'lr_config': {'mode': 'log', 'steps': 5, 'initial_lr': 0.005, 'target_lr': 0.005}, 'batch_per_device': 1024}",19.109917879104614,0,2,6279.383806140398,1,19.109917879104614
0.007483100891113282,0.11620383262634278,0.004859352111816406,0.04330714868039501,0.026988887786865236,nan,0.0,0.04477064609527588,0.4949999749660492,1.387693123626709,-0.4949999749660492,nan,0.0,nan,0.0,nan,0.0,0.45781999826431274,1.4757286888504029,nan,0.0,nan,0.0,60000,1,False,,,3,-1.387693123626709,0b8d5bedeca74006a3f1a3c45f6c9563,2019-05-30_14-03-33,1559250213,7.664934158325195,26.77485203742981,18237,steropes,169.229.49.254,"{'starting_lr': 0.005, 'momentum': 0.9, 'weight_decay': 0.005, 'steps_per_iteration': None, 'pin': False, 'model_creator': None, 'target_batch_size': 1024, 'model_string': 'resnet18', 'min_batch_size': 512, 'dataset': 'CIFAR', 'placement': None, 'use_nccl': True, 'devices_per_worker': 1, 'primary_resource': 'extra_gpu', 'gpu': False, 'verbose': False, 'lr_config': {'mode': 'log', 'steps': 5, 'initial_lr': 0.005, 'target_lr': 0.005}, 'batch_per_device': 1024}",26.77485203742981,0,3,6722.64337703557,1,26.77485203742981
0.009042453765869141,0.12981104850769043,0.005930328369140625,0.04639933060626594,0.023119854927062988,nan,0.0,0.045941638946533206,0.5189999938011169,1.3255491104125976,-0.5189999938011169,nan,0.0,nan,0.0,nan,0.0,0.49164000153541565,1.3921312533187866,nan,0.0,nan,0.0,60000,1,False,,,4,-1.3255491104125976,0b8d5bedeca74006a3f1a3c45f6c9563,2019-05-30_14-03-41,1559250221,7.775339126586914,34.550191164016724,18237,steropes,169.229.49.254,"{'starting_lr': 0.005, 'momentum': 0.9, 'weight_decay': 0.005, 'steps_per_iteration': None, 'pin': False, 'model_creator': None, 'target_batch_size': 1024, 'model_string': 'resnet18', 'min_batch_size': 512, 'dataset': 'CIFAR', 'placement': None, 'use_nccl': True, 'devices_per_worker': 1, 'primary_resource': 'extra_gpu', 'gpu': False, 'verbose': False, 'lr_config': {'mode': 'log', 'steps': 5, 'initial_lr': 0.005, 'target_lr': 0.005}, 'batch_per_device': 1024}",34.550191164016724,0,4,6946.334012153202,1,34.550191164016724
0.008735084533691406,0.12612922191619874,0.00642387866973877,0.04528720038277762,0.02375020980834961,nan,0.0,0.05144445896148682,0.5496999621391296,1.2622211639404297,-0.5496999621391296,nan,0.0,nan,0.0,nan,0.0,0.5198400020599365,1.3203060670089721,nan,0.0,nan,0.0,60000,1,False,,,5,-1.2622211639404297,0b8d5bedeca74006a3f1a3c45f6c9563,2019-05-30_14-03-49,1559250229,7.806008577346802,42.356199741363525,18237,steropes,169.229.49.254,"{'starting_lr': 0.005, 'momentum': 0.9, 'weight_decay': 0.005, 'steps_per_iteration': None, 'pin': False, 'model_creator': None, 'target_batch_size': 1024, 'model_string': 'resnet18', 'min_batch_size': 512, 'dataset': 'CIFAR', 'placement': None, 'use_nccl': True, 'devices_per_worker': 1, 'primary_resource': 'extra_gpu', 'gpu': False, 'verbose': False, 'lr_config': {'mode': 'log', 'steps': 5, 'initial_lr': 0.005, 'target_lr': 0.005}, 'batch_per_device': 1024}",42.356199741363525,0,5,7082.708061717629,1,42.356199741363525
0.007877922058105469,0.12167296409606934,0.005266261100769043,0.03877183369227818,0.022917819023132325,nan,0.0,0.059461021423339845,0.5734999775886536,1.2018385709762573,-0.5734999775886536,nan,0.0,nan,0.0,nan,0.0,0.5446199774742126,1.255927148475647,nan,0.0,nan,0.0,60000,1,False,,,6,-1.2018385709762573,0b8d5bedeca74006a3f1a3c45f6c9563,2019-05-30_14-03-57,1559250237,7.694139719009399,50.050339460372925,18237,steropes,169.229.49.254,"{'starting_lr': 0.005, 'momentum': 0.9, 'weight_decay': 0.005, 'steps_per_iteration': None, 'pin': False, 'model_creator': None, 'target_batch_size': 1024, 'model_string': 'resnet18', 'min_batch_size': 512, 'dataset': 'CIFAR', 'placement': None, 'use_nccl': True, 'devices_per_worker': 1, 'primary_resource': 'extra_gpu', 'gpu': False, 'verbose': False, 'lr_config': {'mode': 'log', 'steps': 5, 'initial_lr': 0.005, 'target_lr': 0.005}, 'batch_per_device': 1024}",50.050339460372925,0,6,7836.259578863648,1,50.050339460372925
0.007736468315124511,0.13623270988464356,0.007600092887878418,0.03471175991759008,0.02693185806274414,nan,0.0,0.048419404029846194,0.5701000094413757,1.2068620239257812,-0.5701000094413757,nan,0.0,nan,0.0,nan,0.0,0.564799964427948,1.2033826529693603,nan,0.0,nan,0.0,60000,1,False,,,7,-1.2068620239257812,0b8d5bedeca74006a3f1a3c45f6c9563,2019-05-30_14-04-05,1559250245,7.899315357208252,57.94965481758118,18237,steropes,169.229.49.254,"{'starting_lr': 0.005, 'momentum': 0.9, 'weight_decay': 0.005, 'steps_per_iteration': None, 'pin': False, 'model_creator': None, 'target_batch_size': 1024, 'model_string': 'resnet18', 'min_batch_size': 512, 'dataset': 'CIFAR', 'placement': None, 'use_nccl': True, 'devices_per_worker': 1, 'primary_resource': 'extra_gpu', 'gpu': False, 'verbose': False, 'lr_config': {'mode': 'log', 'steps': 5, 'initial_lr': 0.005, 'target_lr': 0.005}, 'batch_per_device': 1024}",57.94965481758118,0,7,7723.968397815723,1,57.94965481758118
0.008716630935668945,0.13212063312530517,0.005579328536987305,0.039280730850842535,0.0242480993270874,nan,0.0,0.06010782718658447,0.5959999561309814,1.1233712114334107,-0.5959999561309814,nan,0.0,nan,0.0,nan,0.0,0.5852400064468384,1.147958462486267,nan,0.0,nan,0.0,60000,1,False,,,8,-1.1233712114334107,0b8d5bedeca74006a3f1a3c45f6c9563,2019-05-30_14-04-13,1559250253,8.049071788787842,65.99872660636902,18237,steropes,169.229.49.254,"{'starting_lr': 0.005, 'momentum': 0.9, 'weight_decay': 0.005, 'steps_per_iteration': None, 'pin': False, 'model_creator': None, 'target_batch_size': 1024, 'model_string': 'resnet18', 'min_batch_size': 512, 'dataset': 'CIFAR', 'placement': None, 'use_nccl': True, 'devices_per_worker': 1, 'primary_resource': 'extra_gpu', 'gpu': False, 'verbose': False, 'lr_config': {'mode': 'log', 'steps': 5, 'initial_lr': 0.005, 'target_lr': 0.005}, 'batch_per_device': 1024}",65.99872660636902,0,8,7648.327735208191,1,65.99872660636902
0.01036243438720703,0.13284530639648437,0.0049091815948486325,0.03814733758264659,0.02484629154205322,nan,0.0,0.048688292503356934,0.6197999715805054,1.0633398836135863,-0.6197999715805054,nan,0.0,nan,0.0,nan,0.0,0.6003599762916565,1.1066256491470337,nan,0.0,nan,0.0,60000,1,False,,,9,-1.0633398836135863,0b8d5bedeca74006a3f1a3c45f6c9563,2019-05-30_14-04-21,1559250261,7.968111276626587,73.9668378829956,18237,steropes,169.229.49.254,"{'starting_lr': 0.005, 'momentum': 0.9, 'weight_decay': 0.005, 'steps_per_iteration': None, 'pin': False, 'model_creator': None, 'target_batch_size': 1024, 'model_string': 'resnet18', 'min_batch_size': 512, 'dataset': 'CIFAR', 'placement': None, 'use_nccl': True, 'devices_per_worker': 1, 'primary_resource': 'extra_gpu', 'gpu': False, 'verbose': False, 'lr_config': {'mode': 'log', 'steps': 5, 'initial_lr': 0.005, 'target_lr': 0.005}, 'batch_per_device': 1024}",73.9668378829956,0,9,7610.924219869216,1,73.9668378829956
0.00880739688873291,0.12128000259399414,0.00564730167388916,0.041541727221741966,0.026948380470275878,nan,0.0,0.052175068855285646,0.6222999691963196,1.0481457458496093,-0.6222999691963196,nan,0.0,nan,0.0,nan,0.0,0.6146199703216553,1.06755934425354,nan,0.0,nan,0.0,60000,1,False,,,10,-1.0481457458496093,0b8d5bedeca74006a3f1a3c45f6c9563,2019-05-30_14-04-28,1559250268,7.884120464324951,81.85095834732056,18237,steropes,169.229.49.254,"{'starting_lr': 0.005, 'momentum': 0.9, 'weight_decay': 0.005, 'steps_per_iteration': None, 'pin': False, 'model_creator': None, 'target_batch_size': 1024, 'model_string': 'resnet18', 'min_batch_size': 512, 'dataset': 'CIFAR', 'placement': None, 'use_nccl': True, 'devices_per_worker': 1, 'primary_resource': 'extra_gpu', 'gpu': False, 'verbose': False, 'lr_config': {'mode': 'log', 'steps': 5, 'initial_lr': 0.005, 'target_lr': 0.005}, 'batch_per_device': 1024}",81.85095834732056,0,10,7595.870220290289,1,81.85095834732056
0.007371354103088379,0.13904807567596436,0.004783821105957031,0.039616142000470846,0.023755812644958497,nan,0.0,0.04938364028930664,0.6448000073432922,1.0024662412643432,-0.6448000073432922,nan,0.0,nan,0.0,nan,0.0,0.6277999877929688,1.0343335248565675,nan,0.0,nan,0.0,60000,1,False,,,11,-1.0024662412643432,0b8d5bedeca74006a3f1a3c45f6c9563,2019-05-30_14-04-36,1559250276,8.012204647064209,89.86316299438477,18237,steropes,169.229.49.254,"{'starting_lr': 0.005, 'momentum': 0.9, 'weight_decay': 0.005, 'steps_per_iteration': None, 'pin': False, 'model_creator': None, 'target_batch_size': 1024, 'model_string': 'resnet18', 'min_batch_size': 512, 'dataset': 'CIFAR', 'placement': None, 'use_nccl': True, 'devices_per_worker': 1, 'primary_resource': 'extra_gpu', 'gpu': False, 'verbose': False, 'lr_config': {'mode': 'log', 'steps': 5, 'initial_lr': 0.005, 'target_lr': 0.005}, 'batch_per_device': 1024}",89.86316299438477,0,11,7535.171691342286,1,89.86316299438477
0.00830836296081543,0.1216820478439331,0.005133366584777832,0.048041757272214304,0.027696824073791503,nan,0.0,0.05030059814453125,0.6473999619483948,1.0023454124450684,-0.6473999619483948,nan,0.0,nan,0.0,nan,0.0,0.6442999839782715,0.9974359970474244,nan,0.0,nan,0.0,60000,1,False,,,12,-1.0023454124450684,0b8d5bedeca74006a3f1a3c45f6c9563,2019-05-30_14-04-45,1559250285,8.055472612380981,97.91863560676575,18237,steropes,169.229.49.254,"{'starting_lr': 0.005, 'momentum': 0.9, 'weight_decay': 0.005, 'steps_per_iteration': None, 'pin': False, 'model_creator': None, 'target_batch_size': 1024, 'model_string': 'resnet18', 'min_batch_size': 512, 'dataset': 'CIFAR', 'placement': None, 'use_nccl': True, 'devices_per_worker': 1, 'primary_resource': 'extra_gpu', 'gpu': False, 'verbose': False, 'lr_config': {'mode': 'log', 'steps': 5, 'initial_lr': 0.005, 'target_lr': 0.005}, 'batch_per_device': 1024}",97.91863560676575,0,12,7505.73263808794,1,97.91863560676575
0.009335947036743165,0.12623724937438965,0.005224776268005371,0.039457768810038665,0.025205469131469725,nan,0.0,0.04963130950927734,0.654699981212616,0.9754975191116333,-0.654699981212616,nan,0.0,nan,0.0,nan,0.0,0.6520199775695801,0.9740711496734619,nan,0.0,nan,0.0,60000,1,False,,,13,-0.9754975191116333,0b8d5bedeca74006a3f1a3c45f6c9563,2019-05-30_14-04-52,1559250292,7.800574064254761,105.71920967102051,18237,steropes,169.229.49.254,"{'starting_lr': 0.005, 'momentum': 0.9, 'weight_decay': 0.005, 'steps_per_iteration': None, 'pin': False, 'model_creator': None, 'target_batch_size': 1024, 'model_string': 'resnet18', 'min_batch_size': 512, 'dataset': 'CIFAR', 'placement': None, 'use_nccl': True, 'devices_per_worker': 1, 'primary_resource': 'extra_gpu', 'gpu': False, 'verbose': False, 'lr_config': {'mode': 'log', 'steps': 5, 'initial_lr': 0.005, 'target_lr': 0.005}, 'batch_per_device': 1024}",105.71920967102051,0,13,7552.688836353361,1,105.71920967102051
0.007461929321289062,0.12274959087371826,0.004847884178161621,0.04083742414202009,0.02114102840423584,nan,0.0,0.04528520107269287,0.6567999720573425,0.9658266894340515,-0.6567999720573425,nan,0.0,nan,0.0,nan,0.0,0.6600599884986877,0.9478370756530762,nan,0.0,nan,0.0,60000,1,False,,,14,-0.9658266894340515,0b8d5bedeca74006a3f1a3c45f6c9563,2019-05-30_14-05-00,1559250300,7.483949422836304,113.20315909385681,18237,steropes,169.229.49.254,"{'starting_lr': 0.005, 'momentum': 0.9, 'weight_decay': 0.005, 'steps_per_iteration': None, 'pin': False, 'model_creator': None, 'target_batch_size': 1024, 'model_string': 'resnet18', 'min_batch_size': 512, 'dataset': 'CIFAR', 'placement': None, 'use_nccl': True, 'devices_per_worker': 1, 'primary_resource': 'extra_gpu', 'gpu': False, 'verbose': False, 'lr_config': {'mode': 'log', 'steps': 5, 'initial_lr': 0.005, 'target_lr': 0.005}, 'batch_per_device': 1024}",113.20315909385681,0,14,7645.882442936256,1,113.20315909385681
0.0072308540344238285,0.11765913963317871,0.0048751354217529295,0.04422928849045111,0.02118391990661621,nan,0.0,0.04456868171691895,0.6681999564170837,0.9379072275161743,-0.6681999564170837,nan,0.0,nan,0.0,nan,0.0,0.6725999712944031,0.9228841139411926,nan,0.0,nan,0.0,60000,1,False,,,15,-0.9379072275161743,0b8d5bedeca74006a3f1a3c45f6c9563,2019-05-30_14-05-07,1559250307,7.411581993103027,120.61474108695984,18237,steropes,169.229.49.254,"{'starting_lr': 0.005, 'momentum': 0.9, 'weight_decay': 0.005, 'steps_per_iteration': None, 'pin': False, 'model_creator': None, 'target_batch_size': 1024, 'model_string': 'resnet18', 'min_batch_size': 512, 'dataset': 'CIFAR', 'placement': None, 'use_nccl': True, 'devices_per_worker': 1, 'primary_resource': 'extra_gpu', 'gpu': False, 'verbose': False, 'lr_config': {'mode': 'log', 'steps': 5, 'initial_lr': 0.005, 'target_lr': 0.005}, 'batch_per_device': 1024}",120.61474108695984,0,15,7739.086965373608,1,120.61474108695984
0.0074947595596313475,0.1218092679977417,0.004633951187133789,0.044677598135811944,0.021175479888916014,nan,0.0,0.0423163890838623,0.6751999855041504,0.9193013430595398,-0.6751999855041504,nan,0.0,nan,0.0,nan,0.0,0.6783599853515625,0.9004253845405579,nan,0.0,nan,0.0,60000,1,False,,,16,-0.9193013430595398,0b8d5bedeca74006a3f1a3c45f6c9563,2019-05-30_14-05-15,1559250315,7.418730974197388,128.03347206115723,18237,steropes,169.229.49.254,"{'starting_lr': 0.005, 'momentum': 0.9, 'weight_decay': 0.005, 'steps_per_iteration': None, 'pin': False, 'model_creator': None, 'target_batch_size': 1024, 'model_string': 'resnet18', 'min_batch_size': 512, 'dataset': 'CIFAR', 'placement': None, 'use_nccl': True, 'devices_per_worker': 1, 'primary_resource': 'extra_gpu', 'gpu': False, 'verbose': False, 'lr_config': {'mode': 'log', 'steps': 5, 'initial_lr': 0.005, 'target_lr': 0.005}, 'batch_per_device': 1024}",128.03347206115723,0,16,7859.431679102838,1,128.03347206115723
0.010043692588806153,0.12139849662780762,0.0045108795166015625,0.0377034313824712,0.02332959175109863,nan,0.0,0.048200130462646484,0.6798999905586243,0.909365193939209,-0.6798999905586243,nan,0.0,nan,0.0,nan,0.0,0.6869999766349792,0.8837206247329712,nan,0.0,nan,0.0,60000,1,False,,,17,-0.909365193939209,0b8d5bedeca74006a3f1a3c45f6c9563,2019-05-30_14-05-22,1559250322,7.367772340774536,135.40124440193176,18237,steropes,169.229.49.254,"{'starting_lr': 0.005, 'momentum': 0.9, 'weight_decay': 0.005, 'steps_per_iteration': None, 'pin': False, 'model_creator': None, 'target_batch_size': 1024, 'model_string': 'resnet18', 'min_batch_size': 512, 'dataset': 'CIFAR', 'placement': None, 'use_nccl': True, 'devices_per_worker': 1, 'primary_resource': 'extra_gpu', 'gpu': False, 'verbose': False, 'lr_config': {'mode': 'log', 'steps': 5, 'initial_lr': 0.005, 'target_lr': 0.005}, 'batch_per_device': 1024}",135.40124440193176,0,17,8003.629117489053,1,135.40124440193176
0.00781254768371582,0.13485524654388428,0.005046701431274414,0.04079522405351911,0.027054023742675782,nan,0.0,0.04601221084594727,0.6920999884605408,0.8760106254577636,-0.6920999884605408,nan,0.0,nan,0.0,nan,0.0,0.6933000087738037,0.8597213443756103,nan,0.0,nan,0.0,60000,1,False,,,18,-0.8760106254577636,0b8d5bedeca74006a3f1a3c45f6c9563,2019-05-30_14-05-30,1559250330,7.629079341888428,143.0303237438202,18237,steropes,169.229.49.254,"{'starting_lr': 0.005, 'momentum': 0.9, 'weight_decay': 0.005, 'steps_per_iteration': None, 'pin': False, 'model_creator': None, 'target_batch_size': 1024, 'model_string': 'resnet18', 'min_batch_size': 512, 'dataset': 'CIFAR', 'placement': None, 'use_nccl': True, 'devices_per_worker': 1, 'primary_resource': 'extra_gpu', 'gpu': False, 'verbose': False, 'lr_config': {'mode': 'log', 'steps': 5, 'initial_lr': 0.005, 'target_lr': 0.005}, 'batch_per_device': 1024}",143.0303237438202,0,18,8040.416118310563,1,143.0303237438202
0.00788254737854004,0.12143309116363525,0.006567955017089844,0.04083485992587343,0.024066448211669922,nan,0.0,0.04540693759918213,0.6905999779701233,0.8781691884040832,-0.6905999779701233,nan,0.0,nan,0.0,nan,0.0,0.7021200060844421,0.8389520064544678,nan,0.0,nan,0.0,60000,1,False,,,19,-0.8781691884040832,0b8d5bedeca74006a3f1a3c45f6c9563,2019-05-30_14-05-37,1559250337,7.599343538284302,150.6296672821045,18237,steropes,169.229.49.254,"{'starting_lr': 0.005, 'momentum': 0.9, 'weight_decay': 0.005, 'steps_per_iteration': None, 'pin': False, 'model_creator': None, 'target_batch_size': 1024, 'model_string': 'resnet18', 'min_batch_size': 512, 'dataset': 'CIFAR', 'placement': None, 'use_nccl': True, 'devices_per_worker': 1, 'primary_resource': 'extra_gpu', 'gpu': False, 'verbose': False, 'lr_config': {'mode': 'log', 'steps': 5, 'initial_lr': 0.005, 'target_lr': 0.005}, 'batch_per_device': 1024}",150.6296672821045,0,19,8015.627544416573,1,150.6296672821045
0.007449603080749512,0.13421835899353027,0.005092549324035645,0.04058390734147052,0.02114896774291992,nan,0.0,0.043218135833740234,0.7005999684333801,0.8554693837165832,-0.7005999684333801,nan,0.0,nan,0.0,nan,0.0,0.7071399688720703,0.8219174365997315,nan,0.0,nan,0.0,60000,1,False,,,20,-0.8554693837165832,0b8d5bedeca74006a3f1a3c45f6c9563,2019-05-30_14-05-45,1559250345,7.60220742225647,158.23187470436096,18237,steropes,169.229.49.254,"{'starting_lr': 0.005, 'momentum': 0.9, 'weight_decay': 0.005, 'steps_per_iteration': None, 'pin': False, 'model_creator': None, 'target_batch_size': 1024, 'model_string': 'resnet18', 'min_batch_size': 512, 'dataset': 'CIFAR', 'placement': None, 'use_nccl': True, 'devices_per_worker': 1, 'primary_resource': 'extra_gpu', 'gpu': False, 'verbose': False, 'lr_config': {'mode': 'log', 'steps': 5, 'initial_lr': 0.005, 'target_lr': 0.005}, 'batch_per_device': 1024}",158.23187470436096,0,20,7975.008583350777,1,158.23187470436096
0.007538914680480957,0.1360846519470215,0.005425119400024414,0.04255530785541145,0.022763872146606447,nan,0.0,0.0501446008682251,0.7044000029563904,0.8442431557655334,-0.7044000029563904,nan,0.0,nan,0.0,nan,0.0,0.7143799662590027,0.8057750630569458,nan,0.0,nan,0.0,60000,1,False,,,21,-0.8442431557655334,0b8d5bedeca74006a3f1a3c45f6c9563,2019-05-30_14-05-53,1559250353,7.850008010864258,166.08188271522522,18237,steropes,169.229.49.254,"{'starting_lr': 0.005, 'momentum': 0.9, 'weight_decay': 0.005, 'steps_per_iteration': None, 'pin': False, 'model_creator': None, 'target_batch_size': 1024, 'model_string': 'resnet18', 'min_batch_size': 512, 'dataset': 'CIFAR', 'placement': None, 'use_nccl': True, 'devices_per_worker': 1, 'primary_resource': 'extra_gpu', 'gpu': False, 'verbose': False, 'lr_config': {'mode': 'log', 'steps': 5, 'initial_lr': 0.005, 'target_lr': 0.005}, 'batch_per_device': 1024}",166.08188271522522,0,21,7884.611639399868,1,166.08188271522522
0.008215999603271485,0.12830615043640137,0.00487985610961914,0.03641172817775181,0.026352667808532716,nan,0.0,0.04971203804016113,0.7013999819755554,0.8617801102638245,-0.7013999819755554,nan,0.0,nan,0.0,nan,0.0,0.7177000045776367,0.78945305021286,nan,0.0,nan,0.0,60000,1,False,,,22,-0.8617801102638245,0b8d5bedeca74006a3f1a3c45f6c9563,2019-05-30_14-06-00,1559250360,7.574453115463257,173.65633583068848,18237,steropes,169.229.49.254,"{'starting_lr': 0.005, 'momentum': 0.9, 'weight_decay': 0.005, 'steps_per_iteration': None, 'pin': False, 'model_creator': None, 'target_batch_size': 1024, 'model_string': 'resnet18', 'min_batch_size': 512, 'dataset': 'CIFAR', 'placement': None, 'use_nccl': True, 'devices_per_worker': 1, 'primary_resource': 'extra_gpu', 'gpu': False, 'verbose': False, 'lr_config': {'mode': 'log', 'steps': 5, 'initial_lr': 0.005, 'target_lr': 0.005}, 'batch_per_device': 1024}",173.65633583068848,0,22,7842.010558238264,1,173.65633583068848
0.007571291923522949,0.11902704238891601,0.004560017585754394,0.04125064733077069,0.02093803882598877,nan,0.0,0.05220551490783691,0.7092999815940857,0.8438293144226074,-0.7092999815940857,nan,0.0,nan,0.0,nan,0.0,0.7242599725723267,0.7748273078727722,nan,0.0,nan,0.0,60000,1,False,,,23,-0.8438293144226074,0b8d5bedeca74006a3f1a3c45f6c9563,2019-05-30_14-06-08,1559250368,7.6988911628723145,181.3552269935608,18237,steropes,169.229.49.254,"{'starting_lr': 0.005, 'momentum': 0.9, 'weight_decay': 0.005, 'steps_per_iteration': None, 'pin': False, 'model_creator': None, 'target_batch_size': 1024, 'model_string': 'resnet18', 'min_batch_size': 512, 'dataset': 'CIFAR', 'placement': None, 'use_nccl': True, 'devices_per_worker': 1, 'primary_resource': 'extra_gpu', 'gpu': False, 'verbose': False, 'lr_config': {'mode': 'log', 'steps': 5, 'initial_lr': 0.005, 'target_lr': 0.005}, 'batch_per_device': 1024}",181.3552269935608,0,23,7827.726065569494,1,181.3552269935608
0.00752725601196289,0.12420310974121093,0.004765796661376953,0.04236917106472716,0.024760627746582033,nan,0.0,0.05166196823120117,0.7178999781608582,0.8096159843444825,-0.7178999781608582,nan,0.0,nan,0.0,nan,0.0,0.7293599843978882,0.7633519651603698,nan,0.0,nan,0.0,60000,1,False,,,24,-0.8096159843444825,0b8d5bedeca74006a3f1a3c45f6c9563,2019-05-30_14-06-16,1559250376,7.702655553817749,189.05788254737854,18237,steropes,169.229.49.254,"{'starting_lr': 0.005, 'momentum': 0.9, 'weight_decay': 0.005, 'steps_per_iteration': None, 'pin': False, 'model_creator': None, 'target_batch_size': 1024, 'model_string': 'resnet18', 'min_batch_size': 512, 'dataset': 'CIFAR', 'placement': None, 'use_nccl': True, 'devices_per_worker': 1, 'primary_resource': 'extra_gpu', 'gpu': False, 'verbose': False, 'lr_config': {'mode': 'log', 'steps': 5, 'initial_lr': 0.005, 'target_lr': 0.005}, 'batch_per_device': 1024}",189.05788254737854,0,24,7806.682821602202,1,189.05788254737854
0.007737445831298828,0.13217449188232422,0.005065131187438965,0.04128804498789262,0.02322547435760498,nan,0.0,0.04649186134338379,0.7145999670028687,0.8275916850090027,-0.7145999670028687,nan,0.0,nan,0.0,nan,0.0,0.7366799712181091,0.7435798806381225,nan,0.0,nan,0.0,60000,1,False,,,25,-0.8275916850090027,0b8d5bedeca74006a3f1a3c45f6c9563,2019-05-30_14-06-24,1559250384,7.831921100616455,196.889803647995,18237,steropes,169.229.49.254,"{'starting_lr': 0.005, 'momentum': 0.9, 'weight_decay': 0.005, 'steps_per_iteration': None, 'pin': False, 'model_creator': None, 'target_batch_size': 1024, 'model_string': 'resnet18', 'min_batch_size': 512, 'dataset': 'CIFAR', 'placement': None, 'use_nccl': True, 'devices_per_worker': 1, 'primary_resource': 'extra_gpu', 'gpu': False, 'verbose': False, 'lr_config': {'mode': 'log', 'steps': 5, 'initial_lr': 0.005, 'target_lr': 0.005}, 'batch_per_device': 1024}",196.889803647995,0,25,7760.294225938078,1,196.889803647995
0.007720518112182617,0.12138917446136474,0.004754114151000977,0.044318165097917826,0.02297835350036621,nan,0.0,0.04351975917816162,0.7216999530792236,0.7966787053108215,-0.7216999530792236,nan,0.0,nan,0.0,nan,0.0,0.7414799928665161,0.7322909376335144,nan,0.0,nan,0.0,60000,1,False,,,26,-0.7966787053108215,0b8d5bedeca74006a3f1a3c45f6c9563,2019-05-30_14-06-31,1559250391,7.742873907089233,204.63267755508423,18237,steropes,169.229.49.254,"{'starting_lr': 0.005, 'momentum': 0.9, 'weight_decay': 0.005, 'steps_per_iteration': None, 'pin': False, 'model_creator': None, 'target_batch_size': 1024, 'model_string': 'resnet18', 'min_batch_size': 512, 'dataset': 'CIFAR', 'placement': None, 'use_nccl': True, 'devices_per_worker': 1, 'primary_resource': 'extra_gpu', 'gpu': False, 'verbose': False, 'lr_config': {'mode': 'log', 'steps': 5, 'initial_lr': 0.005, 'target_lr': 0.005}, 'batch_per_device': 1024}",204.63267755508423,0,26,7781.847927032757,1,204.63267755508423
0.007381844520568848,0.12248237133026123,0.0049629688262939455,0.04542681149074009,0.024812197685241698,nan,0.0,0.044046783447265626,0.7113999724388123,0.8461112860679626,-0.7113999724388123,nan,0.0,nan,0.0,nan,0.0,0.7462999820709229,0.7163693672370911,nan,0.0,nan,0.0,60000,1,False,,,27,-0.8461112860679626,0b8d5bedeca74006a3f1a3c45f6c9563,2019-05-30_14-06-39,1559250399,7.779311418533325,212.41198897361755,18237,steropes,169.229.49.254,"{'starting_lr': 0.005, 'momentum': 0.9, 'weight_decay': 0.005, 'steps_per_iteration': None, 'pin': False, 'model_creator': None, 'target_batch_size': 1024, 'model_string': 'resnet18', 'min_batch_size': 512, 'dataset': 'CIFAR', 'placement': None, 'use_nccl': True, 'devices_per_worker': 1, 'primary_resource': 'extra_gpu', 'gpu': False, 'verbose': False, 'lr_config': {'mode': 'log', 'steps': 5, 'initial_lr': 0.005, 'target_lr': 0.005}, 'batch_per_device': 1024}",212.41198897361755,0,27,7740.71019541096,1,212.41198897361755
0.008092761039733887,0.12641613483428954,0.0051578044891357425,0.03942125670763911,0.026521801948547363,nan,0.0,0.05268635749816895,0.7239999771118164,0.7939894797325134,-0.7239999771118164,nan,0.0,nan,0.0,nan,0.0,0.7498399615287781,0.7049712984466553,nan,0.0,nan,0.0,60000,1,False,,,28,-0.7939894797325134,0b8d5bedeca74006a3f1a3c45f6c9563,2019-05-30_14-06-47,1559250407,7.849603891372681,220.26159286499023,18237,steropes,169.229.49.254,"{'starting_lr': 0.005, 'momentum': 0.9, 'weight_decay': 0.005, 'steps_per_iteration': None, 'pin': False, 'model_creator': None, 'target_batch_size': 1024, 'model_string': 'resnet18', 'min_batch_size': 512, 'dataset': 'CIFAR', 'placement': None, 'use_nccl': True, 'devices_per_worker': 1, 'primary_resource': 'extra_gpu', 'gpu': False, 'verbose': False, 'lr_config': {'mode': 'log', 'steps': 5, 'initial_lr': 0.005, 'target_lr': 0.005}, 'batch_per_device': 1024}",220.26159286499023,0,28,7710.725906160024,1,220.26159286499023
0.007646346092224121,0.10837541818618775,0.0026564836502075196,0.011540057707806022,0.046480965614318845,nan,0.0,0.11132303476333619,0.7223999500274658,0.8089267886638641,-0.7223999500274658,3.317324161529541,3.317324161529541,10.007997870445251,10.007997870445251,1.8966219425201416,1.8966219425201416,0.7534799575805664,0.6929906122303009,nan,0.0,nan,0.0,60000,2,False,,,29,-0.8089267886638641,0b8d5bedeca74006a3f1a3c45f6c9563,2019-05-30_14-07-16,1559250436,7.8962836265563965,228.15787649154663,24721,steropes,169.229.49.254,"{'starting_lr': 0.005, 'momentum': 0.9, 'weight_decay': 0.005, 'steps_per_iteration': None, 'pin': False, 'model_creator': None, 'target_batch_size': 1024, 'model_string': 'resnet18', 'min_batch_size': 512, 'dataset': 'CIFAR', 'placement': None, 'use_nccl': True, 'devices_per_worker': 1, 'primary_resource': 'extra_gpu', 'gpu': False, 'verbose': False, 'lr_config': {'mode': 'log', 'steps': 5, 'initial_lr': 0.005, 'target_lr': 0.005}, 'batch_per_device': 512}",7.8962836265563965,0,1,7598.396771150939,2,236.05416011810303
