{"apply": 0.01920607089996338, "batch_time": 0.042351894740816916, "d2h": 0.0006847381591796875, "data_time": 0.00189819055445054, "fwd": 0.11874332427978515, "get_state_time_mean": NaN, "get_state_time_total": 0.0, "grad": 0.20171608924865722, "mean_accuracy": 0.1621999889612198, "mean_loss": 2.265452066040039, "neg_mean_accuracy": -0.1621999889612198, "set_state_time_mean": NaN, "set_state_time_total": 0.0, "setup_model_time_mean": 9.396991491317749, "setup_model_time_total": 9.396991491317749, "setup_proc_time_mean": 0.26609015464782715, "setup_proc_time_total": 0.26609015464782715, "train_accuracy": 0.11329999566078186, "train_loss": 4.300999738616944, "training_time_mean": NaN, "training_time_total": 0.0, "val_accuracy": 0.1621999889612198, "val_loss": 2.265452066040039, "validation_time_mean": NaN, "validation_time_total": 0.0, "samples": 60000, "num_workers": 1, "done": false, "timesteps_total": null, "episodes_total": null, "training_iteration": 1, "neg_mean_loss": -2.265452066040039, "experiment_id": "c8ce7156268b43d9a5b4e23e5c4429df", "date": "2019-06-06_02-18-18", "timestamp": 1559812698, "time_this_iter_s": 47.567742109298706, "time_total_s": 47.567742109298706, "pid": 13352, "hostname": "steropes", "node_ip": "169.229.49.254", "config": {"starting_lr": 0.1, "momentum": 0.95, "weight_decay": 0.0005, "steps_per_iteration": null, "pin": false, "model_creator": null, "target_batch_size": 128, "model_string": "resnet50", "min_batch_size": 128, "dataset": "CIFAR", "placement": null, "use_nccl": true, "devices_per_worker": 1, "primary_resource": "extra_gpu", "gpu": false, "verbose": false, "lr_config": {"mode": "log", "steps": 5, "initial_lr": 0.1, "target_lr": 0.1}, "batch_per_device": 128}, "time_since_restore": 47.567742109298706, "timesteps_since_restore": 0, "iterations_since_restore": 1, "mean_throughput": 1261.3566688054145, "atoms": 1, "setup_time": 10.03670048713684}
{"apply": 0.018411087989807128, "batch_time": 0.03130689150170435, "d2h": 0.0007016420364379883, "data_time": 0.001863056436524062, "fwd": 0.028112006187438966, "get_state_time_mean": NaN, "get_state_time_total": 0.0, "grad": 0.049299192428588864, "mean_accuracy": 0.19039998948574066, "mean_loss": 2.1383616306304933, "neg_mean_accuracy": -0.21859999001026154, "set_state_time_mean": NaN, "set_state_time_total": 0.0, "setup_model_time_mean": NaN, "setup_model_time_total": 0.0, "setup_proc_time_mean": NaN, "setup_proc_time_total": 0.0, "train_accuracy": 0.17175999283790588, "train_loss": 2.1439833056640625, "training_time_mean": NaN, "training_time_total": 0.0, "val_accuracy": 0.21859999001026154, "val_loss": 2.011271195220947, "validation_time_mean": NaN, "validation_time_total": 0.0, "samples": 60000, "num_workers": 1, "done": false, "timesteps_total": null, "episodes_total": null, "training_iteration": 2, "neg_mean_loss": -2.1383616306304933, "experiment_id": "c8ce7156268b43d9a5b4e23e5c4429df", "date": "2019-06-06_02-19-00", "timestamp": 1559812740, "time_this_iter_s": 41.79603910446167, "time_total_s": 89.36378121376038, "pid": 13352, "hostname": "steropes", "node_ip": "169.229.49.254", "config": {"starting_lr": 0.1, "momentum": 0.95, "weight_decay": 0.0005, "steps_per_iteration": null, "pin": false, "model_creator": null, "target_batch_size": 128, "model_string": "resnet50", "min_batch_size": 128, "dataset": "CIFAR", "placement": null, "use_nccl": true, "devices_per_worker": 1, "primary_resource": "extra_gpu", "gpu": false, "verbose": false, "lr_config": {"mode": "log", "steps": 5, "initial_lr": 0.1, "target_lr": 0.1}, "batch_per_device": 128}, "time_since_restore": 89.36378121376038, "timesteps_since_restore": 0, "iterations_since_restore": 2, "mean_throughput": 1342.8234538076974, "atoms": 1, "setup_time": 10.03670048713684}
{"apply": 0.0192415714263916, "batch_time": 0.033350745333900936, "d2h": 0.000732421875, "data_time": 0.0018358553766899403, "fwd": 0.028471708297729492, "get_state_time_mean": NaN, "get_state_time_total": 0.0, "grad": 0.04920644760131836, "mean_accuracy": 0.23086666067441305, "mean_loss": 2.033393999926249, "neg_mean_accuracy": -0.3118000030517578, "set_state_time_mean": NaN, "set_state_time_total": 0.0, "setup_model_time_mean": NaN, "setup_model_time_total": 0.0, "setup_proc_time_mean": NaN, "setup_proc_time_total": 0.0, "train_accuracy": 0.25641998648643494, "train_loss": 1.9419286343765259, "training_time_mean": NaN, "training_time_total": 0.0, "val_accuracy": 0.3118000030517578, "val_loss": 1.8234587385177612, "validation_time_mean": NaN, "validation_time_total": 0.0, "samples": 60000, "num_workers": 1, "done": true, "timesteps_total": null, "episodes_total": null, "training_iteration": 3, "neg_mean_loss": -2.033393999926249, "experiment_id": "c8ce7156268b43d9a5b4e23e5c4429df", "date": "2019-06-06_02-19-42", "timestamp": 1559812782, "time_this_iter_s": 42.18190145492554, "time_total_s": 131.5456826686859, "pid": 13352, "hostname": "steropes", "node_ip": "169.229.49.254", "config": {"starting_lr": 0.1, "momentum": 0.95, "weight_decay": 0.0005, "steps_per_iteration": null, "pin": false, "model_creator": null, "target_batch_size": 128, "model_string": "resnet50", "min_batch_size": 128, "dataset": "CIFAR", "placement": null, "use_nccl": true, "devices_per_worker": 1, "primary_resource": "extra_gpu", "gpu": false, "verbose": false, "lr_config": {"mode": "log", "steps": 5, "initial_lr": 0.1, "target_lr": 0.1}, "batch_per_device": 128}, "time_since_restore": 131.5456826686859, "timesteps_since_restore": 0, "iterations_since_restore": 3, "mean_throughput": 1368.3417153443497, "atoms": 1, "setup_time": 10.03670048713684}
