{"apply": 0.01747922897338867, "batch_time": 0.05586478679994993, "d2h": 0.0006642341613769531, "data_time": 0.0018729407464146918, "fwd": 0.1926649570465088, "get_state_time_mean": NaN, "get_state_time_total": 0.0, "grad": 0.19465928077697753, "mean_accuracy": 0.09999999403953552, "mean_loss": 4.411014556121827, "neg_mean_accuracy": -0.09999999403953552, "set_state_time_mean": NaN, "set_state_time_total": 0.0, "setup_model_time_mean": 17.88577151298523, "setup_model_time_total": 17.88577151298523, "setup_proc_time_mean": 1.807931661605835, "setup_proc_time_total": 1.807931661605835, "train_accuracy": 0.10611999779939651, "train_loss": 10.46833984436035, "training_time_mean": NaN, "training_time_total": 0.0, "val_accuracy": 0.09999999403953552, "val_loss": 4.411014556121827, "validation_time_mean": NaN, "validation_time_total": 0.0, "samples": 60000, "num_workers": 1, "done": false, "timesteps_total": null, "episodes_total": null, "training_iteration": 1, "neg_mean_loss": -4.411014556121827, "experiment_id": "e22ff42f29a24deab2ff6cd09785cf69", "date": "2019-06-06_07-02-57", "timestamp": 1559829777, "time_this_iter_s": 47.67966818809509, "time_total_s": 47.67966818809509, "pid": 31648, "hostname": "steropes", "node_ip": "169.229.49.254", "config": {"starting_lr": 0.05, "momentum": 0.997, "weight_decay": 0.005, "steps_per_iteration": null, "pin": false, "model_creator": null, "target_batch_size": 128, "model_string": "resnet50", "min_batch_size": 128, "dataset": "CIFAR", "placement": null, "use_nccl": true, "devices_per_worker": 1, "primary_resource": "extra_gpu", "gpu": false, "verbose": false, "lr_config": {"mode": "log", "steps": 5, "initial_lr": 0.05, "target_lr": 0.05}, "batch_per_device": 128}, "time_since_restore": 47.67966818809509, "timesteps_since_restore": 0, "iterations_since_restore": 1, "mean_throughput": 1258.3955587436867, "atoms": 1, "setup_time": 19.797752380371094}
{"apply": 0.017528986930847167, "batch_time": 0.031676711915414546, "d2h": 0.0006793022155761718, "data_time": 0.0018395420230563034, "fwd": 0.028554153442382813, "get_state_time_mean": NaN, "get_state_time_total": 0.0, "grad": 0.047376823425292966, "mean_accuracy": 0.09999999403953552, "mean_loss": 45119.21708227806, "neg_mean_accuracy": -0.09999999403953552, "set_state_time_mean": NaN, "set_state_time_total": 0.0, "setup_model_time_mean": NaN, "setup_model_time_total": 0.0, "setup_proc_time_mean": NaN, "setup_proc_time_total": 0.0, "train_accuracy": 0.10489999502897263, "train_loss": 32.16783163208008, "training_time_mean": NaN, "training_time_total": 0.0, "val_accuracy": 0.09999999403953552, "val_loss": 90234.02315, "validation_time_mean": NaN, "validation_time_total": 0.0, "samples": 60000, "num_workers": 1, "done": true, "timesteps_total": null, "episodes_total": null, "training_iteration": 2, "neg_mean_loss": -45119.21708227806, "experiment_id": "e22ff42f29a24deab2ff6cd09785cf69", "date": "2019-06-06_07-03-37", "timestamp": 1559829817, "time_this_iter_s": 40.48176193237305, "time_total_s": 88.16143012046814, "pid": 31648, "hostname": "steropes", "node_ip": "169.229.49.254", "config": {"starting_lr": 0.05, "momentum": 0.997, "weight_decay": 0.005, "steps_per_iteration": null, "pin": false, "model_creator": null, "target_batch_size": 128, "model_string": "resnet50", "min_batch_size": 128, "dataset": "CIFAR", "placement": null, "use_nccl": true, "devices_per_worker": 1, "primary_resource": "extra_gpu", "gpu": false, "verbose": false, "lr_config": {"mode": "log", "steps": 5, "initial_lr": 0.05, "target_lr": 0.05}, "batch_per_device": 128}, "time_since_restore": 88.16143012046814, "timesteps_since_restore": 0, "iterations_since_restore": 2, "mean_throughput": 1361.1329694450556, "atoms": 1, "setup_time": 19.797752380371094}
