{"apply": 0.01825103759765625, "batch_time": 0.04119268550148493, "d2h": 0.0006406784057617187, "data_time": 0.0019254227123601966, "fwd": 0.1914752721786499, "get_state_time_mean": NaN, "get_state_time_total": 0.0, "grad": 0.16374568939208983, "mean_accuracy": 0.25189998745918274, "mean_loss": 2.060729265594482, "neg_mean_accuracy": -0.25189998745918274, "set_state_time_mean": NaN, "set_state_time_total": 0.0, "setup_model_time_mean": 11.566425323486328, "setup_model_time_total": 11.566425323486328, "setup_proc_time_mean": 0.18269801139831543, "setup_proc_time_total": 0.18269801139831543, "train_accuracy": 0.15135999023914337, "train_loss": 2.5508762922668455, "training_time_mean": NaN, "training_time_total": 0.0, "val_accuracy": 0.25189998745918274, "val_loss": 2.060729265594482, "validation_time_mean": NaN, "validation_time_total": 0.0, "samples": 60000, "num_workers": 1, "done": false, "timesteps_total": null, "episodes_total": null, "training_iteration": 1, "neg_mean_loss": -2.060729265594482, "experiment_id": "87052d58626a4ef499c97005f282abdc", "date": "2019-06-02_20-17-09", "timestamp": 1559531829, "time_this_iter_s": 47.403834104537964, "time_total_s": 47.403834104537964, "pid": 22109, "hostname": "steropes", "node_ip": "169.229.49.254", "config": {"starting_lr": 0.0001, "momentum": 0.99, "weight_decay": 0.0005, "steps_per_iteration": null, "pin": false, "model_creator": null, "target_batch_size": 128, "model_string": "resnet50", "min_batch_size": 128, "dataset": "CIFAR", "placement": null, "use_nccl": true, "devices_per_worker": 1, "primary_resource": "extra_gpu", "gpu": false, "verbose": false, "lr_config": {"mode": "log", "steps": 5, "initial_lr": 0.0001, "target_lr": 0.0001}, "batch_per_device": 128}, "time_since_restore": 47.403834104537964, "timesteps_since_restore": 0, "iterations_since_restore": 1, "mean_throughput": 1265.6875298604336, "atoms": 1, "setup_time": 12.301525592803955}
{"apply": 0.017982673645019532, "batch_time": 0.0315217790724356, "d2h": 0.0006737232208251954, "data_time": 0.0017589272745430012, "fwd": 0.02800440788269043, "get_state_time_mean": NaN, "get_state_time_total": 0.0, "grad": 0.047675371170043945, "mean_accuracy": 0.27869999408721924, "mean_loss": 1.9792094289779663, "neg_mean_accuracy": -0.30550000071525574, "set_state_time_mean": NaN, "set_state_time_total": 0.0, "setup_model_time_mean": NaN, "setup_model_time_total": 0.0, "setup_proc_time_mean": NaN, "setup_proc_time_total": 0.0, "train_accuracy": 0.26622000336647034, "train_loss": 2.0215753981781006, "training_time_mean": NaN, "training_time_total": 0.0, "val_accuracy": 0.30550000071525574, "val_loss": 1.8976895923614503, "validation_time_mean": NaN, "validation_time_total": 0.0, "samples": 60000, "num_workers": 1, "done": false, "timesteps_total": null, "episodes_total": null, "training_iteration": 2, "neg_mean_loss": -1.9792094289779663, "experiment_id": "87052d58626a4ef499c97005f282abdc", "date": "2019-06-02_20-17-50", "timestamp": 1559531870, "time_this_iter_s": 40.929001808166504, "time_total_s": 88.33283591270447, "pid": 22109, "hostname": "steropes", "node_ip": "169.229.49.254", "config": {"starting_lr": 0.0001, "momentum": 0.99, "weight_decay": 0.0005, "steps_per_iteration": null, "pin": false, "model_creator": null, "target_batch_size": 128, "model_string": "resnet50", "min_batch_size": 128, "dataset": "CIFAR", "placement": null, "use_nccl": true, "devices_per_worker": 1, "primary_resource": "extra_gpu", "gpu": false, "verbose": false, "lr_config": {"mode": "log", "steps": 5, "initial_lr": 0.0001, "target_lr": 0.0001}, "batch_per_device": 128}, "time_since_restore": 88.33283591270447, "timesteps_since_restore": 0, "iterations_since_restore": 2, "mean_throughput": 1358.4780236896668, "atoms": 1, "setup_time": 12.301525592803955}
{"apply": 0.017876219749450684, "batch_time": 0.03160940846310386, "d2h": 0.0006789684295654297, "data_time": 0.001819580107393777, "fwd": 0.027335214614868163, "get_state_time_mean": NaN, "get_state_time_total": 0.0, "grad": 0.04839847087860107, "mean_accuracy": 0.3027999897797902, "mean_loss": 1.9152276053110757, "neg_mean_accuracy": -0.35099998116493225, "set_state_time_mean": NaN, "set_state_time_total": 0.0, "setup_model_time_mean": NaN, "setup_model_time_total": 0.0, "setup_proc_time_mean": NaN, "setup_proc_time_total": 0.0, "train_accuracy": 0.3137199878692627, "train_loss": 1.8926946437835694, "training_time_mean": NaN, "training_time_total": 0.0, "val_accuracy": 0.35099998116493225, "val_loss": 1.7872639579772949, "validation_time_mean": NaN, "validation_time_total": 0.0, "samples": 60000, "num_workers": 1, "done": false, "timesteps_total": null, "episodes_total": null, "training_iteration": 3, "neg_mean_loss": -1.9152276053110757, "experiment_id": "87052d58626a4ef499c97005f282abdc", "date": "2019-06-02_20-18-31", "timestamp": 1559531911, "time_this_iter_s": 40.9716739654541, "time_total_s": 129.30450987815857, "pid": 22109, "hostname": "steropes", "node_ip": "169.229.49.254", "config": {"starting_lr": 0.0001, "momentum": 0.99, "weight_decay": 0.0005, "steps_per_iteration": null, "pin": false, "model_creator": null, "target_batch_size": 128, "model_string": "resnet50", "min_batch_size": 128, "dataset": "CIFAR", "placement": null, "use_nccl": true, "devices_per_worker": 1, "primary_resource": "extra_gpu", "gpu": false, "verbose": false, "lr_config": {"mode": "log", "steps": 5, "initial_lr": 0.0001, "target_lr": 0.0001}, "batch_per_device": 128}, "time_since_restore": 129.30450987815857, "timesteps_since_restore": 0, "iterations_since_restore": 3, "mean_throughput": 1392.0454253165503, "atoms": 1, "setup_time": 12.301525592803955}
{"apply": 0.018230700492858888, "batch_time": 0.03158627280706092, "d2h": 0.000645303726196289, "data_time": 0.0017487807651919783, "fwd": 0.027962875366210938, "get_state_time_mean": NaN, "get_state_time_total": 0.0, "grad": 0.04793457984924317, "mean_accuracy": 0.32409998774528503, "mean_loss": 1.8577249918937682, "neg_mean_accuracy": -0.3879999816417694, "set_state_time_mean": NaN, "set_state_time_total": 0.0, "setup_model_time_mean": NaN, "setup_model_time_total": 0.0, "setup_proc_time_mean": NaN, "setup_proc_time_total": 0.0, "train_accuracy": 0.3507999777793884, "train_loss": 1.7886185092926026, "training_time_mean": NaN, "training_time_total": 0.0, "val_accuracy": 0.3879999816417694, "val_loss": 1.6852171516418457, "validation_time_mean": NaN, "validation_time_total": 0.0, "samples": 60000, "num_workers": 1, "done": false, "timesteps_total": null, "episodes_total": null, "training_iteration": 4, "neg_mean_loss": -1.8577249918937682, "experiment_id": "87052d58626a4ef499c97005f282abdc", "date": "2019-06-02_20-19-12", "timestamp": 1559531952, "time_this_iter_s": 40.773120403289795, "time_total_s": 170.07763028144836, "pid": 22109, "hostname": "steropes", "node_ip": "169.229.49.254", "config": {"starting_lr": 0.0001, "momentum": 0.99, "weight_decay": 0.0005, "steps_per_iteration": null, "pin": false, "model_creator": null, "target_batch_size": 128, "model_string": "resnet50", "min_batch_size": 128, "dataset": "CIFAR", "placement": null, "use_nccl": true, "devices_per_worker": 1, "primary_resource": "extra_gpu", "gpu": false, "verbose": false, "lr_config": {"mode": "log", "steps": 5, "initial_lr": 0.0001, "target_lr": 0.0001}, "batch_per_device": 128}, "time_since_restore": 170.07763028144836, "timesteps_since_restore": 0, "iterations_since_restore": 4, "mean_throughput": 1411.1062729728142, "atoms": 1, "setup_time": 12.301525592803955}
{"apply": 0.01843268871307373, "batch_time": 0.032158371768420256, "d2h": 0.0006776809692382813, "data_time": 0.0018329894756112257, "fwd": 0.02789609432220459, "get_state_time_mean": NaN, "get_state_time_total": 0.0, "grad": 0.048465943336486815, "mean_accuracy": 0.34327998757362366, "mean_loss": 1.8087778311538696, "neg_mean_accuracy": -0.41999998688697815, "set_state_time_mean": NaN, "set_state_time_total": 0.0, "setup_model_time_mean": NaN, "setup_model_time_total": 0.0, "setup_proc_time_mean": NaN, "setup_proc_time_total": 0.0, "train_accuracy": 0.37761998176574707, "train_loss": 1.7166813565063477, "training_time_mean": NaN, "training_time_total": 0.0, "val_accuracy": 0.41999998688697815, "val_loss": 1.6129891881942748, "validation_time_mean": NaN, "validation_time_total": 0.0, "samples": 60000, "num_workers": 1, "done": false, "timesteps_total": null, "episodes_total": null, "training_iteration": 5, "neg_mean_loss": -1.8087778311538696, "experiment_id": "87052d58626a4ef499c97005f282abdc", "date": "2019-06-02_20-19-53", "timestamp": 1559531993, "time_this_iter_s": 41.019766330718994, "time_total_s": 211.09739661216736, "pid": 22109, "hostname": "steropes", "node_ip": "169.229.49.254", "config": {"starting_lr": 0.0001, "momentum": 0.99, "weight_decay": 0.0005, "steps_per_iteration": null, "pin": false, "model_creator": null, "target_batch_size": 128, "model_string": "resnet50", "min_batch_size": 128, "dataset": "CIFAR", "placement": null, "use_nccl": true, "devices_per_worker": 1, "primary_resource": "extra_gpu", "gpu": false, "verbose": false, "lr_config": {"mode": "log", "steps": 5, "initial_lr": 0.0001, "target_lr": 0.0001}, "batch_per_device": 128}, "time_since_restore": 211.09739661216736, "timesteps_since_restore": 0, "iterations_since_restore": 5, "mean_throughput": 1421.1330155550168, "atoms": 1, "setup_time": 12.301525592803955}
{"apply": 0.018124771118164063, "batch_time": 0.03164294701588305, "d2h": 0.0006806612014770508, "data_time": 0.0017505496969003507, "fwd": 0.028144407272338866, "get_state_time_mean": NaN, "get_state_time_total": 0.0, "grad": 0.049361681938171385, "mean_accuracy": 0.3786199867725372, "mean_loss": 1.7118946494293212, "neg_mean_accuracy": -0.4285999834537506, "set_state_time_mean": NaN, "set_state_time_total": 0.0, "setup_model_time_mean": NaN, "setup_model_time_total": 0.0, "setup_proc_time_mean": NaN, "setup_proc_time_total": 0.0, "train_accuracy": 0.397599995136261, "train_loss": 1.6554027810287475, "training_time_mean": NaN, "training_time_total": 0.0, "val_accuracy": 0.4285999834537506, "val_loss": 1.5763133569717407, "validation_time_mean": NaN, "validation_time_total": 0.0, "samples": 60000, "num_workers": 1, "done": false, "timesteps_total": null, "episodes_total": null, "training_iteration": 6, "neg_mean_loss": -1.7118946494293212, "experiment_id": "87052d58626a4ef499c97005f282abdc", "date": "2019-06-02_20-20-34", "timestamp": 1559532034, "time_this_iter_s": 40.90978741645813, "time_total_s": 252.0071840286255, "pid": 22109, "hostname": "steropes", "node_ip": "169.229.49.254", "config": {"starting_lr": 0.0001, "momentum": 0.99, "weight_decay": 0.0005, "steps_per_iteration": null, "pin": false, "model_creator": null, "target_batch_size": 128, "model_string": "resnet50", "min_batch_size": 128, "dataset": "CIFAR", "placement": null, "use_nccl": true, "devices_per_worker": 1, "primary_resource": "extra_gpu", "gpu": false, "verbose": false, "lr_config": {"mode": "log", "steps": 5, "initial_lr": 0.0001, "target_lr": 0.0001}, "batch_per_device": 128}, "time_since_restore": 252.0071840286255, "timesteps_since_restore": 0, "iterations_since_restore": 6, "mean_throughput": 1466.2471951490131, "atoms": 1, "setup_time": 12.301525592803955}
{"apply": 0.01831812858581543, "batch_time": 0.03138009204140192, "d2h": 0.0006371259689331055, "data_time": 0.0017591583759278592, "fwd": 0.027986955642700196, "get_state_time_mean": NaN, "get_state_time_total": 0.0, "grad": 0.04803214073181152, "mean_accuracy": 0.4052599847316742, "mean_loss": 1.644379673538208, "neg_mean_accuracy": -0.43869999051094055, "set_state_time_mean": NaN, "set_state_time_total": 0.0, "setup_model_time_mean": NaN, "setup_model_time_total": 0.0, "setup_proc_time_mean": NaN, "setup_proc_time_total": 0.0, "train_accuracy": 0.41905999183654785, "train_loss": 1.606930968055725, "training_time_mean": NaN, "training_time_total": 0.0, "val_accuracy": 0.43869999051094055, "val_loss": 1.5601147129058839, "validation_time_mean": NaN, "validation_time_total": 0.0, "samples": 60000, "num_workers": 1, "done": false, "timesteps_total": null, "episodes_total": null, "training_iteration": 7, "neg_mean_loss": -1.644379673538208, "experiment_id": "87052d58626a4ef499c97005f282abdc", "date": "2019-06-02_20-21-14", "timestamp": 1559532074, "time_this_iter_s": 40.71536350250244, "time_total_s": 292.72254753112793, "pid": 22109, "hostname": "steropes", "node_ip": "169.229.49.254", "config": {"starting_lr": 0.0001, "momentum": 0.99, "weight_decay": 0.0005, "steps_per_iteration": null, "pin": false, "model_creator": null, "target_batch_size": 128, "model_string": "resnet50", "min_batch_size": 128, "dataset": "CIFAR", "placement": null, "use_nccl": true, "devices_per_worker": 1, "primary_resource": "extra_gpu", "gpu": false, "verbose": false, "lr_config": {"mode": "log", "steps": 5, "initial_lr": 0.0001, "target_lr": 0.0001}, "batch_per_device": 128}, "time_since_restore": 292.72254753112793, "timesteps_since_restore": 0, "iterations_since_restore": 7, "mean_throughput": 1467.7798295914247, "atoms": 1, "setup_time": 12.301525592803955}
{"apply": 0.018058395385742186, "batch_time": 0.031888137889813775, "d2h": 0.0006455421447753906, "data_time": 0.0018394987296570292, "fwd": 0.028026604652404787, "get_state_time_mean": NaN, "get_state_time_total": 0.0, "grad": 0.048835229873657224, "mean_accuracy": 0.42839998602867124, "mean_loss": 1.5841429573440553, "neg_mean_accuracy": -0.4666999876499176, "set_state_time_mean": NaN, "set_state_time_total": 0.0, "setup_model_time_mean": NaN, "setup_model_time_total": 0.0, "setup_proc_time_mean": NaN, "setup_proc_time_total": 0.0, "train_accuracy": 0.43587997555732727, "train_loss": 1.557858519859314, "training_time_mean": NaN, "training_time_total": 0.0, "val_accuracy": 0.4666999876499176, "val_loss": 1.4860803770065307, "validation_time_mean": NaN, "validation_time_total": 0.0, "samples": 60000, "num_workers": 1, "done": false, "timesteps_total": null, "episodes_total": null, "training_iteration": 8, "neg_mean_loss": -1.5841429573440553, "experiment_id": "87052d58626a4ef499c97005f282abdc", "date": "2019-06-02_20-21-55", "timestamp": 1559532115, "time_this_iter_s": 40.79042720794678, "time_total_s": 333.5129747390747, "pid": 22109, "hostname": "steropes", "node_ip": "169.229.49.254", "config": {"starting_lr": 0.0001, "momentum": 0.99, "weight_decay": 0.0005, "steps_per_iteration": null, "pin": false, "model_creator": null, "target_batch_size": 128, "model_string": "resnet50", "min_batch_size": 128, "dataset": "CIFAR", "placement": null, "use_nccl": true, "devices_per_worker": 1, "primary_resource": "extra_gpu", "gpu": false, "verbose": false, "lr_config": {"mode": "log", "steps": 5, "initial_lr": 0.0001, "target_lr": 0.0001}, "batch_per_device": 128}, "time_since_restore": 333.5129747390747, "timesteps_since_restore": 0, "iterations_since_restore": 8, "mean_throughput": 1469.0841426530071, "atoms": 1, "setup_time": 12.301525592803955}
{"apply": 0.018558716773986815, "batch_time": 0.03162242792829682, "d2h": 0.0006658077239990234, "data_time": 0.0017745616795766688, "fwd": 0.028467369079589844, "get_state_time_mean": NaN, "get_state_time_total": 0.0, "grad": 0.047998237609863284, "mean_accuracy": 0.44483999013900755, "mean_loss": 1.5422723975753783, "neg_mean_accuracy": -0.4702000021934509, "set_state_time_mean": NaN, "set_state_time_total": 0.0, "setup_model_time_mean": NaN, "setup_model_time_total": 0.0, "setup_proc_time_mean": NaN, "setup_proc_time_total": 0.0, "train_accuracy": 0.4432999789714813, "train_loss": 1.5307390566253662, "training_time_mean": NaN, "training_time_total": 0.0, "val_accuracy": 0.4702000021934509, "val_loss": 1.4758643527984618, "validation_time_mean": NaN, "validation_time_total": 0.0, "samples": 60000, "num_workers": 1, "done": false, "timesteps_total": null, "episodes_total": null, "training_iteration": 9, "neg_mean_loss": -1.5422723975753783, "experiment_id": "87052d58626a4ef499c97005f282abdc", "date": "2019-06-02_20-22-36", "timestamp": 1559532156, "time_this_iter_s": 40.760512351989746, "time_total_s": 374.27348709106445, "pid": 22109, "hostname": "steropes", "node_ip": "169.229.49.254", "config": {"starting_lr": 0.0001, "momentum": 0.99, "weight_decay": 0.0005, "steps_per_iteration": null, "pin": false, "model_creator": null, "target_batch_size": 128, "model_string": "resnet50", "min_batch_size": 128, "dataset": "CIFAR", "placement": null, "use_nccl": true, "devices_per_worker": 1, "primary_resource": "extra_gpu", "gpu": false, "verbose": false, "lr_config": {"mode": "log", "steps": 5, "initial_lr": 0.0001, "target_lr": 0.0001}, "batch_per_device": 128}, "time_since_restore": 374.27348709106445, "timesteps_since_restore": 0, "iterations_since_restore": 9, "mean_throughput": 1469.174842342852, "atoms": 1, "setup_time": 12.301525592803955}
{"apply": 0.018178677558898924, "batch_time": 0.03187637691256366, "d2h": 0.0006711244583129883, "data_time": 0.001740953196649966, "fwd": 0.02784438133239746, "get_state_time_mean": NaN, "get_state_time_total": 0.0, "grad": 0.04790797233581543, "mean_accuracy": 0.45719999074935913, "mean_loss": 1.5068792127609254, "neg_mean_accuracy": -0.48179998993873596, "set_state_time_mean": NaN, "set_state_time_total": 0.0, "setup_model_time_mean": NaN, "setup_model_time_total": 0.0, "setup_proc_time_mean": NaN, "setup_proc_time_total": 0.0, "train_accuracy": 0.4500599801540375, "train_loss": 1.5044380229949952, "training_time_mean": NaN, "training_time_total": 0.0, "val_accuracy": 0.48179998993873596, "val_loss": 1.4360232641220092, "validation_time_mean": NaN, "validation_time_total": 0.0, "samples": 60000, "num_workers": 1, "done": false, "timesteps_total": null, "episodes_total": null, "training_iteration": 10, "neg_mean_loss": -1.5068792127609254, "experiment_id": "87052d58626a4ef499c97005f282abdc", "date": "2019-06-02_20-23-17", "timestamp": 1559532197, "time_this_iter_s": 40.811367988586426, "time_total_s": 415.0848550796509, "pid": 22109, "hostname": "steropes", "node_ip": "169.229.49.254", "config": {"starting_lr": 0.0001, "momentum": 0.99, "weight_decay": 0.0005, "steps_per_iteration": null, "pin": false, "model_creator": null, "target_batch_size": 128, "model_string": "resnet50", "min_batch_size": 128, "dataset": "CIFAR", "placement": null, "use_nccl": true, "devices_per_worker": 1, "primary_resource": "extra_gpu", "gpu": false, "verbose": false, "lr_config": {"mode": "log", "steps": 5, "initial_lr": 0.0001, "target_lr": 0.0001}, "batch_per_device": 128}, "time_since_restore": 415.0848550796509, "timesteps_since_restore": 0, "iterations_since_restore": 10, "mean_throughput": 1470.6757809604237, "atoms": 1, "setup_time": 12.301525592803955}
{"apply": 0.01840949058532715, "batch_time": 0.031583366514761235, "d2h": 0.0006912469863891602, "data_time": 0.0017870496910856203, "fwd": 0.028168725967407226, "get_state_time_mean": NaN, "get_state_time_total": 0.0, "grad": 0.049278998374938966, "mean_accuracy": 0.469679993391037, "mean_loss": 1.4775928350830079, "neg_mean_accuracy": -0.4909999966621399, "set_state_time_mean": NaN, "set_state_time_total": 0.0, "setup_model_time_mean": NaN, "setup_model_time_total": 0.0, "setup_proc_time_mean": NaN, "setup_proc_time_total": 0.0, "train_accuracy": 0.46441999077796936, "train_loss": 1.474173466873169, "training_time_mean": NaN, "training_time_total": 0.0, "val_accuracy": 0.4909999966621399, "val_loss": 1.4298814685821533, "validation_time_mean": NaN, "validation_time_total": 0.0, "samples": 60000, "num_workers": 1, "done": false, "timesteps_total": null, "episodes_total": null, "training_iteration": 11, "neg_mean_loss": -1.4775928350830079, "experiment_id": "87052d58626a4ef499c97005f282abdc", "date": "2019-06-02_20-23-58", "timestamp": 1559532238, "time_this_iter_s": 40.98126769065857, "time_total_s": 456.06612277030945, "pid": 22109, "hostname": "steropes", "node_ip": "169.229.49.254", "config": {"starting_lr": 0.0001, "momentum": 0.99, "weight_decay": 0.0005, "steps_per_iteration": null, "pin": false, "model_creator": null, "target_batch_size": 128, "model_string": "resnet50", "min_batch_size": 128, "dataset": "CIFAR", "placement": null, "use_nccl": true, "devices_per_worker": 1, "primary_resource": "extra_gpu", "gpu": false, "verbose": false, "lr_config": {"mode": "log", "steps": 5, "initial_lr": 0.0001, "target_lr": 0.0001}, "batch_per_device": 128}, "time_since_restore": 456.06612277030945, "timesteps_since_restore": 0, "iterations_since_restore": 11, "mean_throughput": 1470.1606052625893, "atoms": 1, "setup_time": 12.301525592803955}
{"apply": 0.018045425415039062, "batch_time": 0.032076129430457005, "d2h": 0.0006662130355834961, "data_time": 0.00180796589083074, "fwd": 0.027594637870788575, "get_state_time_mean": NaN, "get_state_time_total": 0.0, "grad": 0.048225903511047365, "mean_accuracy": 0.48041999340057373, "mean_loss": 1.4488784461212156, "neg_mean_accuracy": -0.49239999055862427, "set_state_time_mean": NaN, "set_state_time_total": 0.0, "setup_model_time_mean": NaN, "setup_model_time_total": 0.0, "setup_proc_time_mean": NaN, "setup_proc_time_total": 0.0, "train_accuracy": 0.4700999855995178, "train_loss": 1.4510092900848388, "training_time_mean": NaN, "training_time_total": 0.0, "val_accuracy": 0.49239999055862427, "val_loss": 1.4165427680969238, "validation_time_mean": NaN, "validation_time_total": 0.0, "samples": 60000, "num_workers": 1, "done": true, "timesteps_total": null, "episodes_total": null, "training_iteration": 12, "neg_mean_loss": -1.4488784461212156, "experiment_id": "87052d58626a4ef499c97005f282abdc", "date": "2019-06-02_20-24-39", "timestamp": 1559532279, "time_this_iter_s": 41.02971291542053, "time_total_s": 497.09583568573, "pid": 22109, "hostname": "steropes", "node_ip": "169.229.49.254", "config": {"starting_lr": 0.0001, "momentum": 0.99, "weight_decay": 0.0005, "steps_per_iteration": null, "pin": false, "model_creator": null, "target_batch_size": 128, "model_string": "resnet50", "min_batch_size": 128, "dataset": "CIFAR", "placement": null, "use_nccl": true, "devices_per_worker": 1, "primary_resource": "extra_gpu", "gpu": false, "verbose": false, "lr_config": {"mode": "log", "steps": 5, "initial_lr": 0.0001, "target_lr": 0.0001}, "batch_per_device": 128}, "time_since_restore": 497.09583568573, "timesteps_since_restore": 0, "iterations_since_restore": 12, "mean_throughput": 1467.8992511834597, "atoms": 1, "setup_time": 12.301525592803955}
