{"apply": 0.017380428314208985, "batch_time": 0.041024920306628264, "d2h": 0.0006427764892578125, "data_time": 0.002043490519608988, "fwd": 0.11522023677825928, "get_state_time_mean": NaN, "get_state_time_total": 0.0, "grad": 0.17194361686706544, "mean_accuracy": 0.2797999978065491, "mean_loss": 2.0107364349365233, "neg_mean_accuracy": -0.2797999978065491, "set_state_time_mean": NaN, "set_state_time_total": 0.0, "setup_model_time_mean": 10.859007120132446, "setup_model_time_total": 10.859007120132446, "setup_proc_time_mean": 1.8614025115966797, "setup_proc_time_total": 1.8614025115966797, "train_accuracy": 0.19223999977111816, "train_loss": 2.329095708770752, "training_time_mean": NaN, "training_time_total": 0.0, "val_accuracy": 0.2797999978065491, "val_loss": 2.0107364349365233, "validation_time_mean": NaN, "validation_time_total": 0.0, "samples": 60000, "num_workers": 1, "done": false, "timesteps_total": null, "episodes_total": null, "training_iteration": 1, "neg_mean_loss": -2.0107364349365233, "experiment_id": "0ab046707c8e452e824798ed5ab9fe18", "date": "2019-06-03_22-45-10", "timestamp": 1559627110, "time_this_iter_s": 46.18519926071167, "time_total_s": 46.18519926071167, "pid": 13562, "hostname": "steropes", "node_ip": "169.229.49.254", "config": {"starting_lr": 0.0005, "momentum": 0.95, "weight_decay": 0.005, "steps_per_iteration": null, "pin": false, "model_creator": null, "target_batch_size": 128, "model_string": "resnet50", "min_batch_size": 128, "dataset": "CIFAR", "placement": null, "use_nccl": true, "devices_per_worker": 1, "primary_resource": "extra_gpu", "gpu": false, "verbose": false, "lr_config": {"mode": "log", "steps": 5, "initial_lr": 0.0005, "target_lr": 0.0005}, "batch_per_device": 128}, "time_since_restore": 46.18519926071167, "timesteps_since_restore": 0, "iterations_since_restore": 1, "mean_throughput": 1299.1148178776546, "atoms": 1, "setup_time": 12.815940856933594}
{"apply": 0.01789729595184326, "batch_time": 0.03159528744371631, "d2h": 0.0006606101989746094, "data_time": 0.0018003724725045207, "fwd": 0.0278411865234375, "get_state_time_mean": NaN, "get_state_time_total": 0.0, "grad": 0.04968979358673096, "mean_accuracy": 0.3201499879360199, "mean_loss": 1.8881388350486756, "neg_mean_accuracy": -0.3604999780654907, "set_state_time_mean": NaN, "set_state_time_total": 0.0, "setup_model_time_mean": NaN, "setup_model_time_total": 0.0, "setup_proc_time_mean": NaN, "setup_proc_time_total": 0.0, "train_accuracy": 0.29613998532295227, "train_loss": 1.9341076538085937, "training_time_mean": NaN, "training_time_total": 0.0, "val_accuracy": 0.3604999780654907, "val_loss": 1.7655412351608277, "validation_time_mean": NaN, "validation_time_total": 0.0, "samples": 60000, "num_workers": 1, "done": false, "timesteps_total": null, "episodes_total": null, "training_iteration": 2, "neg_mean_loss": -1.8881388350486756, "experiment_id": "0ab046707c8e452e824798ed5ab9fe18", "date": "2019-06-03_22-45-51", "timestamp": 1559627151, "time_this_iter_s": 40.827231645584106, "time_total_s": 87.01243090629578, "pid": 13562, "hostname": "steropes", "node_ip": "169.229.49.254", "config": {"starting_lr": 0.0005, "momentum": 0.95, "weight_decay": 0.005, "steps_per_iteration": null, "pin": false, "model_creator": null, "target_batch_size": 128, "model_string": "resnet50", "min_batch_size": 128, "dataset": "CIFAR", "placement": null, "use_nccl": true, "devices_per_worker": 1, "primary_resource": "extra_gpu", "gpu": false, "verbose": false, "lr_config": {"mode": "log", "steps": 5, "initial_lr": 0.0005, "target_lr": 0.0005}, "batch_per_device": 128}, "time_since_restore": 87.01243090629578, "timesteps_since_restore": 0, "iterations_since_restore": 2, "mean_throughput": 1379.1105784277972, "atoms": 1, "setup_time": 12.815940856933594}
{"apply": 0.017276930809020995, "batch_time": 0.03221932845779612, "d2h": 0.0006564855575561523, "data_time": 0.0018396310489195997, "fwd": 0.02889831066131592, "get_state_time_mean": NaN, "get_state_time_total": 0.0, "grad": 0.04826786518096924, "mean_accuracy": 0.3409999907016754, "mean_loss": 1.8251644340515139, "neg_mean_accuracy": -0.38269999623298645, "set_state_time_mean": NaN, "set_state_time_total": 0.0, "setup_model_time_mean": NaN, "setup_model_time_total": 0.0, "setup_proc_time_mean": NaN, "setup_proc_time_total": 0.0, "train_accuracy": 0.3506399989128113, "train_loss": 1.787320863380432, "training_time_mean": NaN, "training_time_total": 0.0, "val_accuracy": 0.38269999623298645, "val_loss": 1.6992156320571898, "validation_time_mean": NaN, "validation_time_total": 0.0, "samples": 60000, "num_workers": 1, "done": false, "timesteps_total": null, "episodes_total": null, "training_iteration": 3, "neg_mean_loss": -1.8251644340515139, "experiment_id": "0ab046707c8e452e824798ed5ab9fe18", "date": "2019-06-03_22-46-32", "timestamp": 1559627192, "time_this_iter_s": 40.745725870132446, "time_total_s": 127.75815677642822, "pid": 13562, "hostname": "steropes", "node_ip": "169.229.49.254", "config": {"starting_lr": 0.0005, "momentum": 0.95, "weight_decay": 0.005, "steps_per_iteration": null, "pin": false, "model_creator": null, "target_batch_size": 128, "model_string": "resnet50", "min_batch_size": 128, "dataset": "CIFAR", "placement": null, "use_nccl": true, "devices_per_worker": 1, "primary_resource": "extra_gpu", "gpu": false, "verbose": false, "lr_config": {"mode": "log", "steps": 5, "initial_lr": 0.0005, "target_lr": 0.0005}, "batch_per_device": 128}, "time_since_restore": 127.75815677642822, "timesteps_since_restore": 0, "iterations_since_restore": 3, "mean_throughput": 1408.907357941837, "atoms": 1, "setup_time": 12.815940856933594}
{"apply": 0.0174868106842041, "batch_time": 0.03139190432391589, "d2h": 0.0006578922271728516, "data_time": 0.0017707817389837008, "fwd": 0.028146862983703613, "get_state_time_mean": NaN, "get_state_time_total": 0.0, "grad": 0.04993877410888672, "mean_accuracy": 0.36367499083280563, "mean_loss": 1.7598691209316255, "neg_mean_accuracy": -0.4316999912261963, "set_state_time_mean": NaN, "set_state_time_total": 0.0, "setup_model_time_mean": NaN, "setup_model_time_total": 0.0, "setup_proc_time_mean": NaN, "setup_proc_time_total": 0.0, "train_accuracy": 0.380840003490448, "train_loss": 1.7030068215179444, "training_time_mean": NaN, "training_time_total": 0.0, "val_accuracy": 0.4316999912261963, "val_loss": 1.5639831815719605, "validation_time_mean": NaN, "validation_time_total": 0.0, "samples": 60000, "num_workers": 1, "done": false, "timesteps_total": null, "episodes_total": null, "training_iteration": 4, "neg_mean_loss": -1.7598691209316255, "experiment_id": "0ab046707c8e452e824798ed5ab9fe18", "date": "2019-06-03_22-47-13", "timestamp": 1559627233, "time_this_iter_s": 40.63971567153931, "time_total_s": 168.39787244796753, "pid": 13562, "hostname": "steropes", "node_ip": "169.229.49.254", "config": {"starting_lr": 0.0005, "momentum": 0.95, "weight_decay": 0.005, "steps_per_iteration": null, "pin": false, "model_creator": null, "target_batch_size": 128, "model_string": "resnet50", "min_batch_size": 128, "dataset": "CIFAR", "placement": null, "use_nccl": true, "devices_per_worker": 1, "primary_resource": "extra_gpu", "gpu": false, "verbose": false, "lr_config": {"mode": "log", "steps": 5, "initial_lr": 0.0005, "target_lr": 0.0005}, "batch_per_device": 128}, "time_since_restore": 168.39787244796753, "timesteps_since_restore": 0, "iterations_since_restore": 4, "mean_throughput": 1425.1919056252568, "atoms": 1, "setup_time": 12.815940856933594}
{"apply": 0.017889904975891113, "batch_time": 0.0315104858784736, "d2h": 0.0006630182266235352, "data_time": 0.0017698463576529032, "fwd": 0.027783870697021484, "get_state_time_mean": NaN, "get_state_time_total": 0.0, "grad": 0.04831409454345703, "mean_accuracy": 0.3820399880409241, "mean_loss": 1.7087383499526978, "neg_mean_accuracy": -0.4554999768733978, "set_state_time_mean": NaN, "set_state_time_total": 0.0, "setup_model_time_mean": NaN, "setup_model_time_total": 0.0, "setup_proc_time_mean": NaN, "setup_proc_time_total": 0.0, "train_accuracy": 0.4062599837779999, "train_loss": 1.6234571481323241, "training_time_mean": NaN, "training_time_total": 0.0, "val_accuracy": 0.4554999768733978, "val_loss": 1.5042152660369874, "validation_time_mean": NaN, "validation_time_total": 0.0, "samples": 60000, "num_workers": 1, "done": false, "timesteps_total": null, "episodes_total": null, "training_iteration": 5, "neg_mean_loss": -1.7087383499526978, "experiment_id": "0ab046707c8e452e824798ed5ab9fe18", "date": "2019-06-03_22-47-53", "timestamp": 1559627273, "time_this_iter_s": 40.707396268844604, "time_total_s": 209.10526871681213, "pid": 13562, "hostname": "steropes", "node_ip": "169.229.49.254", "config": {"starting_lr": 0.0005, "momentum": 0.95, "weight_decay": 0.005, "steps_per_iteration": null, "pin": false, "model_creator": null, "target_batch_size": 128, "model_string": "resnet50", "min_batch_size": 128, "dataset": "CIFAR", "placement": null, "use_nccl": true, "devices_per_worker": 1, "primary_resource": "extra_gpu", "gpu": false, "verbose": false, "lr_config": {"mode": "log", "steps": 5, "initial_lr": 0.0005, "target_lr": 0.0005}, "batch_per_device": 128}, "time_since_restore": 209.10526871681213, "timesteps_since_restore": 0, "iterations_since_restore": 5, "mean_throughput": 1434.6800392293044, "atoms": 1, "setup_time": 12.815940856933594}
{"apply": 0.017832469940185548, "batch_time": 0.03157448768615723, "d2h": 0.000665736198425293, "data_time": 0.0018755603019538743, "fwd": 0.028120589256286622, "get_state_time_mean": NaN, "get_state_time_total": 0.0, "grad": 0.04831960201263428, "mean_accuracy": 0.42009998559951783, "mean_loss": 1.598328752937317, "neg_mean_accuracy": -0.4700999855995178, "set_state_time_mean": NaN, "set_state_time_total": 0.0, "setup_model_time_mean": NaN, "setup_model_time_total": 0.0, "setup_proc_time_mean": NaN, "setup_proc_time_total": 0.0, "train_accuracy": 0.42871999740600586, "train_loss": 1.57113854637146, "training_time_mean": NaN, "training_time_total": 0.0, "val_accuracy": 0.4700999855995178, "val_loss": 1.458688449859619, "validation_time_mean": NaN, "validation_time_total": 0.0, "samples": 60000, "num_workers": 1, "done": false, "timesteps_total": null, "episodes_total": null, "training_iteration": 6, "neg_mean_loss": -1.598328752937317, "experiment_id": "0ab046707c8e452e824798ed5ab9fe18", "date": "2019-06-03_22-48-34", "timestamp": 1559627314, "time_this_iter_s": 40.35685873031616, "time_total_s": 249.4621274471283, "pid": 13562, "hostname": "steropes", "node_ip": "169.229.49.254", "config": {"starting_lr": 0.0005, "momentum": 0.95, "weight_decay": 0.005, "steps_per_iteration": null, "pin": false, "model_creator": null, "target_batch_size": 128, "model_string": "resnet50", "min_batch_size": 128, "dataset": "CIFAR", "placement": null, "use_nccl": true, "devices_per_worker": 1, "primary_resource": "extra_gpu", "gpu": false, "verbose": false, "lr_config": {"mode": "log", "steps": 5, "initial_lr": 0.0005, "target_lr": 0.0005}, "batch_per_device": 128}, "time_since_restore": 249.4621274471283, "timesteps_since_restore": 0, "iterations_since_restore": 6, "mean_throughput": 1475.81504464377, "atoms": 1, "setup_time": 12.815940856933594}
{"apply": 0.016843032836914063, "batch_time": 0.03130483627319336, "d2h": 0.0006673097610473633, "data_time": 0.001808429922899017, "fwd": 0.027409911155700684, "get_state_time_mean": NaN, "get_state_time_total": 0.0, "grad": 0.0473006010055542, "mean_accuracy": 0.4432599902153015, "mean_loss": 1.5297296333312986, "neg_mean_accuracy": -0.4763000011444092, "set_state_time_mean": NaN, "set_state_time_total": 0.0, "setup_model_time_mean": NaN, "setup_model_time_total": 0.0, "setup_proc_time_mean": NaN, "setup_proc_time_total": 0.0, "train_accuracy": 0.4494599997997284, "train_loss": 1.5175303369522095, "training_time_mean": NaN, "training_time_total": 0.0, "val_accuracy": 0.4763000011444092, "val_loss": 1.4225456371307372, "validation_time_mean": NaN, "validation_time_total": 0.0, "samples": 60000, "num_workers": 1, "done": false, "timesteps_total": null, "episodes_total": null, "training_iteration": 7, "neg_mean_loss": -1.5297296333312986, "experiment_id": "0ab046707c8e452e824798ed5ab9fe18", "date": "2019-06-03_22-49-14", "timestamp": 1559627354, "time_this_iter_s": 40.123244285583496, "time_total_s": 289.5853717327118, "pid": 13562, "hostname": "steropes", "node_ip": "169.229.49.254", "config": {"starting_lr": 0.0005, "momentum": 0.95, "weight_decay": 0.005, "steps_per_iteration": null, "pin": false, "model_creator": null, "target_batch_size": 128, "model_string": "resnet50", "min_batch_size": 128, "dataset": "CIFAR", "placement": null, "use_nccl": true, "devices_per_worker": 1, "primary_resource": "extra_gpu", "gpu": false, "verbose": false, "lr_config": {"mode": "log", "steps": 5, "initial_lr": 0.0005, "target_lr": 0.0005}, "batch_per_device": 128}, "time_since_restore": 289.5853717327118, "timesteps_since_restore": 0, "iterations_since_restore": 7, "mean_throughput": 1480.9438235510663, "atoms": 1, "setup_time": 12.815940856933594}
{"apply": 0.020045208930969238, "batch_time": 0.06133503615856171, "d2h": 0.0006740212440490723, "data_time": 0.0029537635190146306, "fwd": 0.15044063329696655, "get_state_time_mean": NaN, "get_state_time_total": 0.0, "grad": 0.21285779476165773, "mean_accuracy": 0.4653399884700775, "mean_loss": 1.4700801625251771, "neg_mean_accuracy": -0.49309998750686646, "set_state_time_mean": 3.2759357690811157, "set_state_time_total": 3.2759357690811157, "setup_model_time_mean": 10.028091430664062, "setup_model_time_total": 10.028091430664062, "setup_proc_time_mean": 1.198815941810608, "setup_proc_time_total": 1.198815941810608, "train_accuracy": 0.4688199758529663, "train_loss": 1.4546489557266236, "training_time_mean": NaN, "training_time_total": 0.0, "val_accuracy": 0.49309998750686646, "val_loss": 1.4009682780265809, "validation_time_mean": NaN, "validation_time_total": 0.0, "samples": 60000, "num_workers": 2, "done": false, "timesteps_total": null, "episodes_total": null, "training_iteration": 8, "neg_mean_loss": -1.4700801625251771, "experiment_id": "0ab046707c8e452e824798ed5ab9fe18", "date": "2019-06-03_22-50-11", "timestamp": 1559627411, "time_this_iter_s": 34.11212396621704, "time_total_s": 323.69749569892883, "pid": 18866, "hostname": "steropes", "node_ip": "169.229.49.254", "config": {"starting_lr": 0.0005, "momentum": 0.95, "weight_decay": 0.005, "steps_per_iteration": null, "pin": false, "model_creator": null, "target_batch_size": 128, "model_string": "resnet50", "min_batch_size": 128, "dataset": "CIFAR", "placement": null, "use_nccl": true, "devices_per_worker": 1, "primary_resource": "extra_gpu", "gpu": false, "verbose": false, "lr_config": {"mode": "log", "steps": 5, "initial_lr": 0.0005, "target_lr": 0.0007071067811865476}, "batch_per_device": 128}, "time_since_restore": 34.11212396621704, "timesteps_since_restore": 0, "iterations_since_restore": 1, "mean_throughput": 1758.8966503792508, "atoms": 2, "setup_time": 20.83193063735962}
{"apply": 0.01994965076446533, "batch_time": 0.03892285823822021, "d2h": 0.000680994987487793, "data_time": 0.002664529547399404, "fwd": 0.02835829257965088, "get_state_time_mean": NaN, "get_state_time_total": 0.0, "grad": 0.08113068342208862, "mean_accuracy": 0.4780999839305878, "mean_loss": 1.432653818588257, "neg_mean_accuracy": -0.49549996852874756, "set_state_time_mean": NaN, "set_state_time_total": 0.0, "setup_model_time_mean": NaN, "setup_model_time_total": 0.0, "setup_proc_time_mean": NaN, "setup_proc_time_total": 0.0, "train_accuracy": 0.4825199842453003, "train_loss": 1.4265539155006408, "training_time_mean": NaN, "training_time_total": 0.0, "val_accuracy": 0.49549996852874756, "val_loss": 1.3768514618873597, "validation_time_mean": NaN, "validation_time_total": 0.0, "samples": 60000, "num_workers": 2, "done": false, "timesteps_total": null, "episodes_total": null, "training_iteration": 9, "neg_mean_loss": -1.432653818588257, "experiment_id": "0ab046707c8e452e824798ed5ab9fe18", "date": "2019-06-03_22-50-39", "timestamp": 1559627439, "time_this_iter_s": 27.93262553215027, "time_total_s": 351.6301212310791, "pid": 18866, "hostname": "steropes", "node_ip": "169.229.49.254", "config": {"starting_lr": 0.0005, "momentum": 0.95, "weight_decay": 0.005, "steps_per_iteration": null, "pin": false, "model_creator": null, "target_batch_size": 128, "model_string": "resnet50", "min_batch_size": 128, "dataset": "CIFAR", "placement": null, "use_nccl": true, "devices_per_worker": 1, "primary_resource": "extra_gpu", "gpu": false, "verbose": false, "lr_config": {"mode": "log", "steps": 5, "initial_lr": 0.0005, "target_lr": 0.0007071067811865476}, "batch_per_device": 128}, "time_since_restore": 62.04474949836731, "timesteps_since_restore": 0, "iterations_since_restore": 2, "mean_throughput": 1934.080048748442, "atoms": 2, "setup_time": 20.83193063735962}
{"apply": 0.018800365924835208, "batch_time": 0.0371233731508255, "d2h": 0.0006290793418884278, "data_time": 0.002692923253896285, "fwd": 0.028328561782836915, "get_state_time_mean": NaN, "get_state_time_total": 0.0, "grad": 0.07986896038055419, "mean_accuracy": 0.4881799817085266, "mean_loss": 1.4021426636695862, "neg_mean_accuracy": -0.505899965763092, "set_state_time_mean": NaN, "set_state_time_total": 0.0, "setup_model_time_mean": NaN, "setup_model_time_total": 0.0, "setup_proc_time_mean": NaN, "setup_proc_time_total": 0.0, "train_accuracy": 0.4887999892234802, "train_loss": 1.4077170564079284, "training_time_mean": NaN, "training_time_total": 0.0, "val_accuracy": 0.505899965763092, "val_loss": 1.351659491443634, "validation_time_mean": NaN, "validation_time_total": 0.0, "samples": 60000, "num_workers": 2, "done": false, "timesteps_total": null, "episodes_total": null, "training_iteration": 10, "neg_mean_loss": -1.4021426636695862, "experiment_id": "0ab046707c8e452e824798ed5ab9fe18", "date": "2019-06-03_22-51-07", "timestamp": 1559627467, "time_this_iter_s": 28.23070526123047, "time_total_s": 379.86082649230957, "pid": 18866, "hostname": "steropes", "node_ip": "169.229.49.254", "config": {"starting_lr": 0.0005, "momentum": 0.95, "weight_decay": 0.005, "steps_per_iteration": null, "pin": false, "model_creator": null, "target_batch_size": 128, "model_string": "resnet50", "min_batch_size": 128, "dataset": "CIFAR", "placement": null, "use_nccl": true, "devices_per_worker": 1, "primary_resource": "extra_gpu", "gpu": false, "verbose": false, "lr_config": {"mode": "log", "steps": 5, "initial_lr": 0.0005, "target_lr": 0.0007071067811865476}, "batch_per_device": 128}, "time_since_restore": 90.27545475959778, "timesteps_since_restore": 0, "iterations_since_restore": 3, "mean_throughput": 1993.8880030785183, "atoms": 2, "setup_time": 20.83193063735962}
{"apply": 0.018829166889190674, "batch_time": 0.039363646507263185, "d2h": 0.0008299112319946289, "data_time": 0.0027308172109175703, "fwd": 0.031113076210021975, "get_state_time_mean": NaN, "get_state_time_total": 0.0, "grad": 0.0863949179649353, "mean_accuracy": 0.49611997604370117, "mean_loss": 1.3789218314933778, "neg_mean_accuracy": -0.5097999572753906, "set_state_time_mean": NaN, "set_state_time_total": 0.0, "setup_model_time_mean": NaN, "setup_model_time_total": 0.0, "setup_proc_time_mean": NaN, "setup_proc_time_total": 0.0, "train_accuracy": 0.49771997332572937, "train_loss": 1.3856238828468324, "training_time_mean": NaN, "training_time_total": 0.0, "val_accuracy": 0.5097999572753906, "val_loss": 1.3425842889785766, "validation_time_mean": NaN, "validation_time_total": 0.0, "samples": 60000, "num_workers": 2, "done": false, "timesteps_total": null, "episodes_total": null, "training_iteration": 11, "neg_mean_loss": -1.3789218314933778, "experiment_id": "0ab046707c8e452e824798ed5ab9fe18", "date": "2019-06-03_22-51-36", "timestamp": 1559627496, "time_this_iter_s": 28.719412803649902, "time_total_s": 408.5802392959595, "pid": 18866, "hostname": "steropes", "node_ip": "169.229.49.254", "config": {"starting_lr": 0.0005, "momentum": 0.95, "weight_decay": 0.005, "steps_per_iteration": null, "pin": false, "model_creator": null, "target_batch_size": 128, "model_string": "resnet50", "min_batch_size": 128, "dataset": "CIFAR", "placement": null, "use_nccl": true, "devices_per_worker": 1, "primary_resource": "extra_gpu", "gpu": false, "verbose": false, "lr_config": {"mode": "log", "steps": 5, "initial_lr": 0.0005, "target_lr": 0.0007071067811865476}, "batch_per_device": 128}, "time_since_restore": 118.99486756324768, "timesteps_since_restore": 0, "iterations_since_restore": 4, "mean_throughput": 2016.8850225181766, "atoms": 2, "setup_time": 20.83193063735962}
{"apply": 0.020265018939971922, "batch_time": 0.03881409764289856, "d2h": 0.0006886959075927735, "data_time": 0.0029102630761204933, "fwd": 0.030020546913146973, "get_state_time_mean": NaN, "get_state_time_total": 0.0, "grad": 0.08770601749420166, "mean_accuracy": 0.5040599822998046, "mean_loss": 1.361604985561371, "neg_mean_accuracy": -0.5160000324249268, "set_state_time_mean": NaN, "set_state_time_total": 0.0, "setup_model_time_mean": NaN, "setup_model_time_total": 0.0, "setup_proc_time_mean": NaN, "setup_proc_time_total": 0.0, "train_accuracy": 0.5049200057983398, "train_loss": 1.3667336003303527, "training_time_mean": NaN, "training_time_total": 0.0, "val_accuracy": 0.5160000324249268, "val_loss": 1.3359614074707031, "validation_time_mean": NaN, "validation_time_total": 0.0, "samples": 60000, "num_workers": 2, "done": false, "timesteps_total": null, "episodes_total": null, "training_iteration": 12, "neg_mean_loss": -1.361604985561371, "experiment_id": "0ab046707c8e452e824798ed5ab9fe18", "date": "2019-06-03_22-52-05", "timestamp": 1559627525, "time_this_iter_s": 29.011759757995605, "time_total_s": 437.5919990539551, "pid": 18866, "hostname": "steropes", "node_ip": "169.229.49.254", "config": {"starting_lr": 0.0005, "momentum": 0.95, "weight_decay": 0.005, "steps_per_iteration": null, "pin": false, "model_creator": null, "target_batch_size": 128, "model_string": "resnet50", "min_batch_size": 128, "dataset": "CIFAR", "placement": null, "use_nccl": true, "devices_per_worker": 1, "primary_resource": "extra_gpu", "gpu": false, "verbose": false, "lr_config": {"mode": "log", "steps": 5, "initial_lr": 0.0005, "target_lr": 0.0007071067811865476}, "batch_per_device": 128}, "time_since_restore": 148.0066273212433, "timesteps_since_restore": 0, "iterations_since_restore": 5, "mean_throughput": 2026.9281160082526, "atoms": 2, "setup_time": 20.83193063735962}
{"apply": 0.020600855350494385, "batch_time": 0.03827581107616425, "d2h": 0.0006760716438293457, "data_time": 0.0027796565269937318, "fwd": 0.029131162166595462, "get_state_time_mean": NaN, "get_state_time_total": 0.0, "grad": 0.08407371044158936, "mean_accuracy": 0.5120399832725525, "mean_loss": 1.3408717525672913, "neg_mean_accuracy": -0.5329999923706055, "set_state_time_mean": NaN, "set_state_time_total": 0.0, "setup_model_time_mean": NaN, "setup_model_time_total": 0.0, "setup_proc_time_mean": NaN, "setup_proc_time_total": 0.0, "train_accuracy": 0.5137799978256226, "train_loss": 1.3436526092720031, "training_time_mean": NaN, "training_time_total": 0.0, "val_accuracy": 0.5329999923706055, "val_loss": 1.2973021130561828, "validation_time_mean": NaN, "validation_time_total": 0.0, "samples": 60000, "num_workers": 2, "done": false, "timesteps_total": null, "episodes_total": null, "training_iteration": 13, "neg_mean_loss": -1.3408717525672913, "experiment_id": "0ab046707c8e452e824798ed5ab9fe18", "date": "2019-06-03_22-52-34", "timestamp": 1559627554, "time_this_iter_s": 29.093181371688843, "time_total_s": 466.6851804256439, "pid": 18866, "hostname": "steropes", "node_ip": "169.229.49.254", "config": {"starting_lr": 0.0005, "momentum": 0.95, "weight_decay": 0.005, "steps_per_iteration": null, "pin": false, "model_creator": null, "target_batch_size": 128, "model_string": "resnet50", "min_batch_size": 128, "dataset": "CIFAR", "placement": null, "use_nccl": true, "devices_per_worker": 1, "primary_resource": "extra_gpu", "gpu": false, "verbose": false, "lr_config": {"mode": "log", "steps": 5, "initial_lr": 0.0005, "target_lr": 0.0007071067811865476}, "batch_per_device": 128}, "time_since_restore": 177.09980869293213, "timesteps_since_restore": 0, "iterations_since_restore": 6, "mean_throughput": 2098.0753524722463, "atoms": 2, "setup_time": 20.83193063735962}
{"apply": 0.018429648876190186, "batch_time": 0.03899940550327301, "d2h": 0.0007041096687316895, "data_time": 0.002903351978379853, "fwd": 0.031145083904266357, "get_state_time_mean": NaN, "get_state_time_total": 0.0, "grad": 0.08390787839889527, "mean_accuracy": 0.521459984779358, "mean_loss": 1.3197005108070374, "neg_mean_accuracy": -0.5425999760627747, "set_state_time_mean": NaN, "set_state_time_total": 0.0, "setup_model_time_mean": NaN, "setup_model_time_total": 0.0, "setup_proc_time_mean": NaN, "setup_proc_time_total": 0.0, "train_accuracy": 0.5250200033187866, "train_loss": 1.3214118263626098, "training_time_mean": NaN, "training_time_total": 0.0, "val_accuracy": 0.5425999760627747, "val_loss": 1.27099525308609, "validation_time_mean": NaN, "validation_time_total": 0.0, "samples": 60000, "num_workers": 2, "done": false, "timesteps_total": null, "episodes_total": null, "training_iteration": 14, "neg_mean_loss": -1.3197005108070374, "experiment_id": "0ab046707c8e452e824798ed5ab9fe18", "date": "2019-06-03_22-53-04", "timestamp": 1559627584, "time_this_iter_s": 29.420422315597534, "time_total_s": 496.10560274124146, "pid": 18866, "hostname": "steropes", "node_ip": "169.229.49.254", "config": {"starting_lr": 0.0005, "momentum": 0.95, "weight_decay": 0.005, "steps_per_iteration": null, "pin": false, "model_creator": null, "target_batch_size": 128, "model_string": "resnet50", "min_batch_size": 128, "dataset": "CIFAR", "placement": null, "use_nccl": true, "devices_per_worker": 1, "primary_resource": "extra_gpu", "gpu": false, "verbose": false, "lr_config": {"mode": "log", "steps": 5, "initial_lr": 0.0005, "target_lr": 0.0007071067811865476}, "batch_per_device": 128}, "time_since_restore": 206.52023100852966, "timesteps_since_restore": 0, "iterations_since_restore": 7, "mean_throughput": 2076.4695705580225, "atoms": 2, "setup_time": 20.83193063735962}
{"apply": 0.01901562213897705, "batch_time": 0.038727596402168274, "d2h": 0.0006902217864990234, "data_time": 0.0028953436686068165, "fwd": 0.02945830821990967, "get_state_time_mean": NaN, "get_state_time_total": 0.0, "grad": 0.08388007879257203, "mean_accuracy": 0.5285399913787842, "mean_loss": 1.302947570953369, "neg_mean_accuracy": -0.5412999987602234, "set_state_time_mean": NaN, "set_state_time_total": 0.0, "setup_model_time_mean": NaN, "setup_model_time_total": 0.0, "setup_proc_time_mean": NaN, "setup_proc_time_total": 0.0, "train_accuracy": 0.5324999690055847, "train_loss": 1.2971353973770143, "training_time_mean": NaN, "training_time_total": 0.0, "val_accuracy": 0.5412999987602234, "val_loss": 1.267894792175293, "validation_time_mean": NaN, "validation_time_total": 0.0, "samples": 60000, "num_workers": 2, "done": true, "timesteps_total": null, "episodes_total": null, "training_iteration": 15, "neg_mean_loss": -1.302947570953369, "experiment_id": "0ab046707c8e452e824798ed5ab9fe18", "date": "2019-06-03_22-53-33", "timestamp": 1559627613, "time_this_iter_s": 29.281754732131958, "time_total_s": 525.3873574733734, "pid": 18866, "hostname": "steropes", "node_ip": "169.229.49.254", "config": {"starting_lr": 0.0005, "momentum": 0.95, "weight_decay": 0.005, "steps_per_iteration": null, "pin": false, "model_creator": null, "target_batch_size": 128, "model_string": "resnet50", "min_batch_size": 128, "dataset": "CIFAR", "placement": null, "use_nccl": true, "devices_per_worker": 1, "primary_resource": "extra_gpu", "gpu": false, "verbose": false, "lr_config": {"mode": "log", "steps": 5, "initial_lr": 0.0005, "target_lr": 0.0007071067811865476}, "batch_per_device": 128}, "time_since_restore": 235.80198574066162, "timesteps_since_restore": 0, "iterations_since_restore": 8, "mean_throughput": 2061.4729740428347, "atoms": 2, "setup_time": 20.83193063735962}
