{"apply": 0.01921839714050293, "batch_time": 0.042426175709012186, "d2h": 0.0007116317749023438, "data_time": 0.0019560061452333884, "fwd": 0.11814694404602051, "get_state_time_mean": NaN, "get_state_time_total": 0.0, "grad": 0.1673489809036255, "mean_accuracy": 0.10019999742507935, "mean_loss": 2.84807380950166e+19, "neg_mean_accuracy": -0.10019999742507935, "set_state_time_mean": NaN, "set_state_time_total": 0.0, "setup_model_time_mean": 8.298027992248535, "setup_model_time_total": 8.298027992248535, "setup_proc_time_mean": 0.46135854721069336, "setup_proc_time_total": 0.46135854721069336, "train_accuracy": 0.10217999666929245, "train_loss": 27084940939958.984, "training_time_mean": NaN, "training_time_total": 0.0, "val_accuracy": 0.10019999742507935, "val_loss": 2.84807380950166e+19, "validation_time_mean": NaN, "validation_time_total": 0.0, "samples": 60000, "num_workers": 1, "done": false, "timesteps_total": null, "episodes_total": null, "training_iteration": 1, "neg_mean_loss": -2.84807380950166e+19, "experiment_id": "a5c3a4b8c9c64e5caf9b7195897f765a", "date": "2019-06-06_02-20-33", "timestamp": 1559812833, "time_this_iter_s": 46.78328728675842, "time_total_s": 46.78328728675842, "pid": 15548, "hostname": "steropes", "node_ip": "169.229.49.254", "config": {"starting_lr": 1.0, "momentum": 0.99, "weight_decay": 0.005, "steps_per_iteration": null, "pin": false, "model_creator": null, "target_batch_size": 128, "model_string": "resnet50", "min_batch_size": 128, "dataset": "CIFAR", "placement": null, "use_nccl": true, "devices_per_worker": 1, "primary_resource": "extra_gpu", "gpu": false, "verbose": false, "lr_config": {"mode": "log", "steps": 5, "initial_lr": 1.0, "target_lr": 1.0}, "batch_per_device": 128}, "time_since_restore": 46.78328728675842, "timesteps_since_restore": 0, "iterations_since_restore": 1, "mean_throughput": 1282.4998335837045, "atoms": 1, "setup_time": 8.859135150909424}
{"apply": 0.017318868637084962, "batch_time": 0.033132335807703715, "d2h": 0.0007455587387084961, "data_time": 0.0019010070644681107, "fwd": 0.028109025955200196, "get_state_time_mean": NaN, "get_state_time_total": 0.0, "grad": 0.048991036415100095, "mean_accuracy": 0.05014999871127657, "mean_loss": NaN, "neg_mean_accuracy": -9.999999747378752e-05, "set_state_time_mean": NaN, "set_state_time_total": 0.0, "setup_model_time_mean": NaN, "setup_model_time_total": 0.0, "setup_proc_time_mean": NaN, "setup_proc_time_total": 0.0, "train_accuracy": 0.004220000002533197, "train_loss": NaN, "training_time_mean": NaN, "training_time_total": 0.0, "val_accuracy": 9.999999747378752e-05, "val_loss": NaN, "validation_time_mean": NaN, "validation_time_total": 0.0, "samples": 60000, "num_workers": 1, "done": false, "timesteps_total": null, "episodes_total": null, "training_iteration": 2, "neg_mean_loss": NaN, "experiment_id": "a5c3a4b8c9c64e5caf9b7195897f765a", "date": "2019-06-06_02-21-15", "timestamp": 1559812875, "time_this_iter_s": 41.51362371444702, "time_total_s": 88.29691100120544, "pid": 15548, "hostname": "steropes", "node_ip": "169.229.49.254", "config": {"starting_lr": 1.0, "momentum": 0.99, "weight_decay": 0.005, "steps_per_iteration": null, "pin": false, "model_creator": null, "target_batch_size": 128, "model_string": "resnet50", "min_batch_size": 128, "dataset": "CIFAR", "placement": null, "use_nccl": true, "devices_per_worker": 1, "primary_resource": "extra_gpu", "gpu": false, "verbose": false, "lr_config": {"mode": "log", "steps": 5, "initial_lr": 1.0, "target_lr": 1.0}, "batch_per_device": 128}, "time_since_restore": 88.29691100120544, "timesteps_since_restore": 0, "iterations_since_restore": 2, "mean_throughput": 1359.0442807167879, "atoms": 1, "setup_time": 8.859135150909424}
{"apply": 0.017338013648986815, "batch_time": 0.03252547903905941, "d2h": 0.000723719596862793, "data_time": 0.0019702576005550297, "fwd": 0.028222942352294923, "get_state_time_mean": NaN, "get_state_time_total": 0.0, "grad": 0.04864726066589355, "mean_accuracy": 0.03346666580667564, "mean_loss": NaN, "neg_mean_accuracy": -9.999999747378752e-05, "set_state_time_mean": NaN, "set_state_time_total": 0.0, "setup_model_time_mean": NaN, "setup_model_time_total": 0.0, "setup_proc_time_mean": NaN, "setup_proc_time_total": 0.0, "train_accuracy": 0.0, "train_loss": NaN, "training_time_mean": NaN, "training_time_total": 0.0, "val_accuracy": 9.999999747378752e-05, "val_loss": NaN, "validation_time_mean": NaN, "validation_time_total": 0.0, "samples": 60000, "num_workers": 1, "done": true, "timesteps_total": null, "episodes_total": null, "training_iteration": 3, "neg_mean_loss": NaN, "experiment_id": "a5c3a4b8c9c64e5caf9b7195897f765a", "date": "2019-06-06_02-21-57", "timestamp": 1559812917, "time_this_iter_s": 41.499666690826416, "time_total_s": 129.79657769203186, "pid": 15548, "hostname": "steropes", "node_ip": "169.229.49.254", "config": {"starting_lr": 1.0, "momentum": 0.99, "weight_decay": 0.005, "steps_per_iteration": null, "pin": false, "model_creator": null, "target_batch_size": 128, "model_string": "resnet50", "min_batch_size": 128, "dataset": "CIFAR", "placement": null, "use_nccl": true, "devices_per_worker": 1, "primary_resource": "extra_gpu", "gpu": false, "verbose": false, "lr_config": {"mode": "log", "steps": 5, "initial_lr": 1.0, "target_lr": 1.0}, "batch_per_device": 128}, "time_since_restore": 129.79657769203186, "timesteps_since_restore": 0, "iterations_since_restore": 3, "mean_throughput": 1386.7799163393238, "atoms": 1, "setup_time": 8.859135150909424}
