{"apply": 0.017552781105041503, "batch_time": 0.041921205158475076, "d2h": 0.0006744861602783203, "data_time": 0.001837988948578115, "fwd": 0.11906445026397705, "get_state_time_mean": NaN, "get_state_time_total": 0.0, "grad": 0.1664345979690552, "mean_accuracy": 0.30169999599456787, "mean_loss": 1.9946885131835939, "neg_mean_accuracy": -0.30169999599456787, "set_state_time_mean": NaN, "set_state_time_total": 0.0, "setup_model_time_mean": 8.197036981582642, "setup_model_time_total": 8.197036981582642, "setup_proc_time_mean": 0.1593177318572998, "setup_proc_time_total": 0.1593177318572998, "train_accuracy": 0.22175998985767365, "train_loss": 2.448931293487549, "training_time_mean": NaN, "training_time_total": 0.0, "val_accuracy": 0.30169999599456787, "val_loss": 1.9946885131835939, "validation_time_mean": NaN, "validation_time_total": 0.0, "samples": 60000, "num_workers": 1, "done": false, "timesteps_total": null, "episodes_total": null, "training_iteration": 1, "neg_mean_loss": -1.9946885131835939, "experiment_id": "58faaa3a43604ad59f6f14af6a8263eb", "date": "2019-06-03_04-28-50", "timestamp": 1559561330, "time_this_iter_s": 45.65177392959595, "time_total_s": 45.65177392959595, "pid": 7958, "hostname": "steropes", "node_ip": "169.229.49.254", "config": {"starting_lr": 0.001, "momentum": 0.997, "weight_decay": 0.005, "steps_per_iteration": null, "pin": false, "model_creator": null, "target_batch_size": 128, "model_string": "resnet50", "min_batch_size": 128, "dataset": "CIFAR", "placement": null, "use_nccl": true, "devices_per_worker": 1, "primary_resource": "extra_gpu", "gpu": false, "verbose": false, "lr_config": {"mode": "log", "steps": 5, "initial_lr": 0.001, "target_lr": 0.001}, "batch_per_device": 128}, "time_since_restore": 45.65177392959595, "timesteps_since_restore": 0, "iterations_since_restore": 1, "mean_throughput": 1314.2948271676114, "atoms": 1, "setup_time": 9.250795602798462}
{"apply": 0.017834949493408202, "batch_time": 0.03160991849778574, "d2h": 0.0007076263427734375, "data_time": 0.0018566118176940763, "fwd": 0.028548216819763182, "get_state_time_mean": NaN, "get_state_time_total": 0.0, "grad": 0.04779140949249268, "mean_accuracy": 0.3013499975204468, "mean_loss": 1.9900326360702514, "neg_mean_accuracy": -0.3009999990463257, "set_state_time_mean": NaN, "set_state_time_total": 0.0, "setup_model_time_mean": NaN, "setup_model_time_total": 0.0, "setup_proc_time_mean": NaN, "setup_proc_time_total": 0.0, "train_accuracy": 0.29811999201774597, "train_loss": 2.178236046524048, "training_time_mean": NaN, "training_time_total": 0.0, "val_accuracy": 0.3009999990463257, "val_loss": 1.9853767589569091, "validation_time_mean": NaN, "validation_time_total": 0.0, "samples": 60000, "num_workers": 1, "done": false, "timesteps_total": null, "episodes_total": null, "training_iteration": 2, "neg_mean_loss": -1.9900326360702514, "experiment_id": "58faaa3a43604ad59f6f14af6a8263eb", "date": "2019-06-03_04-29-30", "timestamp": 1559561370, "time_this_iter_s": 40.30282950401306, "time_total_s": 85.95460343360901, "pid": 7958, "hostname": "steropes", "node_ip": "169.229.49.254", "config": {"starting_lr": 0.001, "momentum": 0.997, "weight_decay": 0.005, "steps_per_iteration": null, "pin": false, "model_creator": null, "target_batch_size": 128, "model_string": "resnet50", "min_batch_size": 128, "dataset": "CIFAR", "placement": null, "use_nccl": true, "devices_per_worker": 1, "primary_resource": "extra_gpu", "gpu": false, "verbose": false, "lr_config": {"mode": "log", "steps": 5, "initial_lr": 0.001, "target_lr": 0.001}, "batch_per_device": 128}, "time_since_restore": 85.95460343360901, "timesteps_since_restore": 0, "iterations_since_restore": 2, "mean_throughput": 1396.0831206720118, "atoms": 1, "setup_time": 9.250795602798462}
{"apply": 0.017666435241699217, "batch_time": 0.0312912071807475, "d2h": 0.000666666030883789, "data_time": 0.0017806062917880086, "fwd": 0.0277301549911499, "get_state_time_mean": NaN, "get_state_time_total": 0.0, "grad": 0.0474686861038208, "mean_accuracy": 0.32396666208902997, "mean_loss": 1.9066412473042806, "neg_mean_accuracy": -0.3691999912261963, "set_state_time_mean": NaN, "set_state_time_total": 0.0, "setup_model_time_mean": NaN, "setup_model_time_total": 0.0, "setup_proc_time_mean": NaN, "setup_proc_time_total": 0.0, "train_accuracy": 0.31856000423431396, "train_loss": 1.8914961572265625, "training_time_mean": NaN, "training_time_total": 0.0, "val_accuracy": 0.3691999912261963, "val_loss": 1.739858469772339, "validation_time_mean": NaN, "validation_time_total": 0.0, "samples": 60000, "num_workers": 1, "done": false, "timesteps_total": null, "episodes_total": null, "training_iteration": 3, "neg_mean_loss": -1.9066412473042806, "experiment_id": "58faaa3a43604ad59f6f14af6a8263eb", "date": "2019-06-03_04-30-11", "timestamp": 1559561411, "time_this_iter_s": 40.20801115036011, "time_total_s": 126.16261458396912, "pid": 7958, "hostname": "steropes", "node_ip": "169.229.49.254", "config": {"starting_lr": 0.001, "momentum": 0.997, "weight_decay": 0.005, "steps_per_iteration": null, "pin": false, "model_creator": null, "target_batch_size": 128, "model_string": "resnet50", "min_batch_size": 128, "dataset": "CIFAR", "placement": null, "use_nccl": true, "devices_per_worker": 1, "primary_resource": "extra_gpu", "gpu": false, "verbose": false, "lr_config": {"mode": "log", "steps": 5, "initial_lr": 0.001, "target_lr": 0.001}, "batch_per_device": 128}, "time_since_restore": 126.16261458396912, "timesteps_since_restore": 0, "iterations_since_restore": 3, "mean_throughput": 1426.7266106427987, "atoms": 1, "setup_time": 9.250795602798462}
{"apply": 0.018784165382385254, "batch_time": 0.031327030326746684, "d2h": 0.0006957769393920899, "data_time": 0.001746544752584394, "fwd": 0.029372477531433107, "get_state_time_mean": NaN, "get_state_time_total": 0.0, "grad": 0.049898171424865724, "mean_accuracy": 0.34139999747276306, "mean_loss": 1.857284262084961, "neg_mean_accuracy": -0.3937000036239624, "set_state_time_mean": NaN, "set_state_time_total": 0.0, "setup_model_time_mean": NaN, "setup_model_time_total": 0.0, "setup_proc_time_mean": NaN, "setup_proc_time_total": 0.0, "train_accuracy": 0.36757999658584595, "train_loss": 1.7183408950424195, "training_time_mean": NaN, "training_time_total": 0.0, "val_accuracy": 0.3937000036239624, "val_loss": 1.7092133064270019, "validation_time_mean": NaN, "validation_time_total": 0.0, "samples": 60000, "num_workers": 1, "done": false, "timesteps_total": null, "episodes_total": null, "training_iteration": 4, "neg_mean_loss": -1.857284262084961, "experiment_id": "58faaa3a43604ad59f6f14af6a8263eb", "date": "2019-06-03_04-30-51", "timestamp": 1559561451, "time_this_iter_s": 40.28435492515564, "time_total_s": 166.44696950912476, "pid": 7958, "hostname": "steropes", "node_ip": "169.229.49.254", "config": {"starting_lr": 0.001, "momentum": 0.997, "weight_decay": 0.005, "steps_per_iteration": null, "pin": false, "model_creator": null, "target_batch_size": 128, "model_string": "resnet50", "min_batch_size": 128, "dataset": "CIFAR", "placement": null, "use_nccl": true, "devices_per_worker": 1, "primary_resource": "extra_gpu", "gpu": false, "verbose": false, "lr_config": {"mode": "log", "steps": 5, "initial_lr": 0.001, "target_lr": 0.001}, "batch_per_device": 128}, "time_since_restore": 166.44696950912476, "timesteps_since_restore": 0, "iterations_since_restore": 4, "mean_throughput": 1441.8973223385267, "atoms": 1, "setup_time": 9.250795602798462}
{"apply": 0.01702134609222412, "batch_time": 0.03144036365460746, "d2h": 0.0007204294204711914, "data_time": 0.0017918339165885126, "fwd": 0.027691578865051268, "get_state_time_mean": NaN, "get_state_time_total": 0.0, "grad": 0.04709930419921875, "mean_accuracy": 0.3608399987220764, "mean_loss": 1.7889908081054688, "neg_mean_accuracy": -0.43860000371932983, "set_state_time_mean": NaN, "set_state_time_total": 0.0, "setup_model_time_mean": NaN, "setup_model_time_total": 0.0, "setup_proc_time_mean": NaN, "setup_proc_time_total": 0.0, "train_accuracy": 0.3998199999332428, "train_loss": 1.6241723229598999, "training_time_mean": NaN, "training_time_total": 0.0, "val_accuracy": 0.43860000371932983, "val_loss": 1.5158169921875, "validation_time_mean": NaN, "validation_time_total": 0.0, "samples": 60000, "num_workers": 1, "done": false, "timesteps_total": null, "episodes_total": null, "training_iteration": 5, "neg_mean_loss": -1.7889908081054688, "experiment_id": "58faaa3a43604ad59f6f14af6a8263eb", "date": "2019-06-03_04-31-31", "timestamp": 1559561491, "time_this_iter_s": 40.11665606498718, "time_total_s": 206.56362557411194, "pid": 7958, "hostname": "steropes", "node_ip": "169.229.49.254", "config": {"starting_lr": 0.001, "momentum": 0.997, "weight_decay": 0.005, "steps_per_iteration": null, "pin": false, "model_creator": null, "target_batch_size": 128, "model_string": "resnet50", "min_batch_size": 128, "dataset": "CIFAR", "placement": null, "use_nccl": true, "devices_per_worker": 1, "primary_resource": "extra_gpu", "gpu": false, "verbose": false, "lr_config": {"mode": "log", "steps": 5, "initial_lr": 0.001, "target_lr": 0.001}, "batch_per_device": 128}, "time_since_restore": 206.56362557411194, "timesteps_since_restore": 0, "iterations_since_restore": 5, "mean_throughput": 1452.3337240945937, "atoms": 1, "setup_time": 9.250795602798462}
{"apply": 0.017554306983947755, "batch_time": 0.031348678130137766, "d2h": 0.0007013082504272461, "data_time": 0.001756769312007348, "fwd": 0.027980113029479982, "get_state_time_mean": NaN, "get_state_time_total": 0.0, "grad": 0.04725444316864014, "mean_accuracy": 0.397299998998642, "mean_loss": 1.6743595365142823, "neg_mean_accuracy": -0.48399999737739563, "set_state_time_mean": NaN, "set_state_time_total": 0.0, "setup_model_time_mean": NaN, "setup_model_time_total": 0.0, "setup_proc_time_mean": NaN, "setup_proc_time_total": 0.0, "train_accuracy": 0.43149998784065247, "train_loss": 1.5380388560867309, "training_time_mean": NaN, "training_time_total": 0.0, "val_accuracy": 0.48399999737739563, "val_loss": 1.4215321552276612, "validation_time_mean": NaN, "validation_time_total": 0.0, "samples": 60000, "num_workers": 1, "done": false, "timesteps_total": null, "episodes_total": null, "training_iteration": 6, "neg_mean_loss": -1.6743595365142823, "experiment_id": "58faaa3a43604ad59f6f14af6a8263eb", "date": "2019-06-03_04-32-11", "timestamp": 1559561531, "time_this_iter_s": 40.01621675491333, "time_total_s": 246.57984232902527, "pid": 7958, "hostname": "steropes", "node_ip": "169.229.49.254", "config": {"starting_lr": 0.001, "momentum": 0.997, "weight_decay": 0.005, "steps_per_iteration": null, "pin": false, "model_creator": null, "target_batch_size": 128, "model_string": "resnet50", "min_batch_size": 128, "dataset": "CIFAR", "placement": null, "use_nccl": true, "devices_per_worker": 1, "primary_resource": "extra_gpu", "gpu": false, "verbose": false, "lr_config": {"mode": "log", "steps": 5, "initial_lr": 0.001, "target_lr": 0.001}, "batch_per_device": 128}, "time_since_restore": 246.57984232902527, "timesteps_since_restore": 0, "iterations_since_restore": 6, "mean_throughput": 1493.0681574480395, "atoms": 1, "setup_time": 9.250795602798462}
{"apply": 0.016760611534118654, "batch_time": 0.03435636170302765, "d2h": 0.0007153511047363281, "data_time": 0.0017920217245740964, "fwd": 0.027736306190490723, "get_state_time_mean": NaN, "get_state_time_total": 0.0, "grad": 0.048351478576660153, "mean_accuracy": 0.438400000333786, "mean_loss": 1.5504855598449707, "neg_mean_accuracy": -0.5065000057220459, "set_state_time_mean": NaN, "set_state_time_total": 0.0, "setup_model_time_mean": NaN, "setup_model_time_total": 0.0, "setup_proc_time_mean": NaN, "setup_proc_time_total": 0.0, "train_accuracy": 0.4769199788570404, "train_loss": 1.442900901412964, "training_time_mean": NaN, "training_time_total": 0.0, "val_accuracy": 0.5065000057220459, "val_loss": 1.3660068756103516, "validation_time_mean": NaN, "validation_time_total": 0.0, "samples": 60000, "num_workers": 1, "done": false, "timesteps_total": null, "episodes_total": null, "training_iteration": 7, "neg_mean_loss": -1.5504855598449707, "experiment_id": "58faaa3a43604ad59f6f14af6a8263eb", "date": "2019-06-03_04-32-52", "timestamp": 1559561572, "time_this_iter_s": 40.52453351020813, "time_total_s": 287.1043758392334, "pid": 7958, "hostname": "steropes", "node_ip": "169.229.49.254", "config": {"starting_lr": 0.001, "momentum": 0.997, "weight_decay": 0.005, "steps_per_iteration": null, "pin": false, "model_creator": null, "target_batch_size": 128, "model_string": "resnet50", "min_batch_size": 128, "dataset": "CIFAR", "placement": null, "use_nccl": true, "devices_per_worker": 1, "primary_resource": "extra_gpu", "gpu": false, "verbose": false, "lr_config": {"mode": "log", "steps": 5, "initial_lr": 0.001, "target_lr": 0.001}, "batch_per_device": 128}, "time_since_restore": 287.1043758392334, "timesteps_since_restore": 0, "iterations_since_restore": 7, "mean_throughput": 1491.4224781205914, "atoms": 1, "setup_time": 9.250795602798462}
{"apply": 0.017543745040893555, "batch_time": 0.031232320809666113, "d2h": 0.000702357292175293, "data_time": 0.0017944906678650995, "fwd": 0.02759420871734619, "get_state_time_mean": NaN, "get_state_time_total": 0.0, "grad": 0.04672484397888184, "mean_accuracy": 0.4675399959087372, "mean_loss": 1.4720463851165773, "neg_mean_accuracy": -0.5148999691009521, "set_state_time_mean": NaN, "set_state_time_total": 0.0, "setup_model_time_mean": NaN, "setup_model_time_total": 0.0, "setup_proc_time_mean": NaN, "setup_proc_time_total": 0.0, "train_accuracy": 0.4895399808883667, "train_loss": 1.415522191619873, "training_time_mean": NaN, "training_time_total": 0.0, "val_accuracy": 0.5148999691009521, "val_loss": 1.3476625961303712, "validation_time_mean": NaN, "validation_time_total": 0.0, "samples": 60000, "num_workers": 1, "done": false, "timesteps_total": null, "episodes_total": null, "training_iteration": 8, "neg_mean_loss": -1.4720463851165773, "experiment_id": "58faaa3a43604ad59f6f14af6a8263eb", "date": "2019-06-03_04-33-32", "timestamp": 1559561612, "time_this_iter_s": 40.04970622062683, "time_total_s": 327.15408205986023, "pid": 7958, "hostname": "steropes", "node_ip": "169.229.49.254", "config": {"starting_lr": 0.001, "momentum": 0.997, "weight_decay": 0.005, "steps_per_iteration": null, "pin": false, "model_creator": null, "target_batch_size": 128, "model_string": "resnet50", "min_batch_size": 128, "dataset": "CIFAR", "placement": null, "use_nccl": true, "devices_per_worker": 1, "primary_resource": "extra_gpu", "gpu": false, "verbose": false, "lr_config": {"mode": "log", "steps": 5, "initial_lr": 0.001, "target_lr": 0.001}, "batch_per_device": 128}, "time_since_restore": 327.15408205986023, "timesteps_since_restore": 0, "iterations_since_restore": 8, "mean_throughput": 1492.5975906049075, "atoms": 1, "setup_time": 9.250795602798462}
{"apply": 0.016793060302734374, "batch_time": 0.032370241382454014, "d2h": 0.0007526636123657227, "data_time": 0.0017581187245790915, "fwd": 0.027485346794128417, "get_state_time_mean": NaN, "get_state_time_total": 0.0, "grad": 0.04739921092987061, "mean_accuracy": 0.49735999703407285, "mean_loss": 1.3864341388320924, "neg_mean_accuracy": -0.5428000092506409, "set_state_time_mean": NaN, "set_state_time_total": 0.0, "setup_model_time_mean": NaN, "setup_model_time_total": 0.0, "setup_proc_time_mean": NaN, "setup_proc_time_total": 0.0, "train_accuracy": 0.5092399716377258, "train_loss": 1.3715578356170655, "training_time_mean": NaN, "training_time_total": 0.0, "val_accuracy": 0.5428000092506409, "val_loss": 1.2811520750045777, "validation_time_mean": NaN, "validation_time_total": 0.0, "samples": 60000, "num_workers": 1, "done": false, "timesteps_total": null, "episodes_total": null, "training_iteration": 9, "neg_mean_loss": -1.3864341388320924, "experiment_id": "58faaa3a43604ad59f6f14af6a8263eb", "date": "2019-06-03_04-34-12", "timestamp": 1559561652, "time_this_iter_s": 40.22070097923279, "time_total_s": 367.374783039093, "pid": 7958, "hostname": "steropes", "node_ip": "169.229.49.254", "config": {"starting_lr": 0.001, "momentum": 0.997, "weight_decay": 0.005, "steps_per_iteration": null, "pin": false, "model_creator": null, "target_batch_size": 128, "model_string": "resnet50", "min_batch_size": 128, "dataset": "CIFAR", "placement": null, "use_nccl": true, "devices_per_worker": 1, "primary_resource": "extra_gpu", "gpu": false, "verbose": false, "lr_config": {"mode": "log", "steps": 5, "initial_lr": 0.001, "target_lr": 0.001}, "batch_per_device": 128}, "time_since_restore": 367.374783039093, "timesteps_since_restore": 0, "iterations_since_restore": 9, "mean_throughput": 1493.0704446526354, "atoms": 1, "setup_time": 9.250795602798462}
{"apply": 0.016861224174499513, "batch_time": 0.03428636623334281, "d2h": 0.0006798744201660156, "data_time": 0.0017620693997044087, "fwd": 0.027394700050354003, "get_state_time_mean": NaN, "get_state_time_total": 0.0, "grad": 0.04698910713195801, "mean_accuracy": 0.5221799910068512, "mean_loss": 1.33090719783783, "neg_mean_accuracy": -0.5626999735832214, "set_state_time_mean": NaN, "set_state_time_total": 0.0, "setup_model_time_mean": NaN, "setup_model_time_total": 0.0, "setup_proc_time_mean": NaN, "setup_proc_time_total": 0.0, "train_accuracy": 0.5322999954223633, "train_loss": 1.304383374786377, "training_time_mean": NaN, "training_time_total": 0.0, "val_accuracy": 0.5626999735832214, "val_loss": 1.2381822872161865, "validation_time_mean": NaN, "validation_time_total": 0.0, "samples": 60000, "num_workers": 1, "done": false, "timesteps_total": null, "episodes_total": null, "training_iteration": 10, "neg_mean_loss": -1.33090719783783, "experiment_id": "58faaa3a43604ad59f6f14af6a8263eb", "date": "2019-06-03_04-34-52", "timestamp": 1559561692, "time_this_iter_s": 40.378047943115234, "time_total_s": 407.75283098220825, "pid": 7958, "hostname": "steropes", "node_ip": "169.229.49.254", "config": {"starting_lr": 0.001, "momentum": 0.997, "weight_decay": 0.005, "steps_per_iteration": null, "pin": false, "model_creator": null, "target_batch_size": 128, "model_string": "resnet50", "min_batch_size": 128, "dataset": "CIFAR", "placement": null, "use_nccl": true, "devices_per_worker": 1, "primary_resource": "extra_gpu", "gpu": false, "verbose": false, "lr_config": {"mode": "log", "steps": 5, "initial_lr": 0.001, "target_lr": 0.001}, "batch_per_device": 128}, "time_since_restore": 407.75283098220825, "timesteps_since_restore": 0, "iterations_since_restore": 10, "mean_throughput": 1491.1306324145864, "atoms": 1, "setup_time": 9.250795602798462}
{"apply": 0.01678786277770996, "batch_time": 0.03249865845788883, "d2h": 0.0007224559783935546, "data_time": 0.0017745592405119211, "fwd": 0.02754976749420166, "get_state_time_mean": NaN, "get_state_time_total": 0.0, "grad": 0.04738383293151856, "mean_accuracy": 0.5371799945831299, "mean_loss": 1.2953163543701172, "neg_mean_accuracy": -0.5590000152587891, "set_state_time_mean": NaN, "set_state_time_total": 0.0, "setup_model_time_mean": NaN, "setup_model_time_total": 0.0, "setup_proc_time_mean": NaN, "setup_proc_time_total": 0.0, "train_accuracy": 0.5447999835014343, "train_loss": 1.275547999610901, "training_time_mean": NaN, "training_time_total": 0.0, "val_accuracy": 0.5590000152587891, "val_loss": 1.2435779378890992, "validation_time_mean": NaN, "validation_time_total": 0.0, "samples": 60000, "num_workers": 1, "done": false, "timesteps_total": null, "episodes_total": null, "training_iteration": 11, "neg_mean_loss": -1.2953163543701172, "experiment_id": "58faaa3a43604ad59f6f14af6a8263eb", "date": "2019-06-03_04-35-33", "timestamp": 1559561733, "time_this_iter_s": 40.19596219062805, "time_total_s": 447.9487931728363, "pid": 7958, "hostname": "steropes", "node_ip": "169.229.49.254", "config": {"starting_lr": 0.001, "momentum": 0.997, "weight_decay": 0.005, "steps_per_iteration": null, "pin": false, "model_creator": null, "target_batch_size": 128, "model_string": "resnet50", "min_batch_size": 128, "dataset": "CIFAR", "placement": null, "use_nccl": true, "devices_per_worker": 1, "primary_resource": "extra_gpu", "gpu": false, "verbose": false, "lr_config": {"mode": "log", "steps": 5, "initial_lr": 0.001, "target_lr": 0.001}, "batch_per_device": 128}, "time_since_restore": 447.9487931728363, "timesteps_since_restore": 0, "iterations_since_restore": 11, "mean_throughput": 1489.7996065331567, "atoms": 1, "setup_time": 9.250795602798462}
