apply,batch_time,d2h,data_time,fwd,get_state_time_mean,get_state_time_total,grad,mean_accuracy,mean_loss,neg_mean_accuracy,set_state_time_mean,set_state_time_total,setup_model_time_mean,setup_model_time_total,setup_proc_time_mean,setup_proc_time_total,train_accuracy,train_loss,training_time_mean,training_time_total,validation_time_mean,validation_time_total,samples,num_workers,done,timesteps_total,episodes_total,training_iteration,neg_mean_loss,experiment_id,date,timestamp,time_this_iter_s,time_total_s,pid,hostname,node_ip,config,time_since_restore,timesteps_since_restore,iterations_since_restore,mean_throughput,atoms,resource_time
0.007731485366821289,0.17379183769226075,0.004623126983642578,0.03763587620793557,0.06567471027374268,nan,0.0,0.1690549373626709,0.0925000011920929,13634.0998703125,-0.0925000011920929,nan,0.0,18.408870458602905,18.408870458602905,1.5922622680664062,1.5922622680664062,0.1016400009393692,5.39169289642334,nan,0.0,nan,0.0,60000,1,False,,,1,-13634.0998703125,4c6ceb687ef14de7925a9495e6677166,2019-05-30_14-01-27,1559250087,12.128339052200317,12.128339052200317,18244,steropes,169.229.49.254,"{'starting_lr': 0.5, 'momentum': 0.99, 'weight_decay': 0.0001, 'steps_per_iteration': None, 'pin': False, 'model_creator': None, 'target_batch_size': 1024, 'model_string': 'resnet18', 'min_batch_size': 512, 'dataset': 'CIFAR', 'placement': None, 'use_nccl': True, 'devices_per_worker': 1, 'primary_resource': 'extra_gpu', 'gpu': False, 'verbose': False, 'lr_config': {'mode': 'log', 'steps': 5, 'initial_lr': 0.5, 'target_lr': 0.5}, 'batch_per_device': 1024}",12.128339052200317,0,1,4947.021911689989,1,12.128339052200317
0.008714938163757324,0.1291494369506836,0.007783913612365722,0.02870789839296925,0.035048508644104005,nan,0.0,0.07541458606719971,0.11999999731779099,206.90169526367188,-0.11999999731779099,nan,0.0,nan,0.0,nan,0.0,0.10025999695062637,3.848404032821655,nan,0.0,nan,0.0,60000,1,False,,,2,-206.90169526367188,4c6ceb687ef14de7925a9495e6677166,2019-05-30_14-01-36,1559250096,8.435185670852661,20.56352472305298,18244,steropes,169.229.49.254,"{'starting_lr': 0.5, 'momentum': 0.99, 'weight_decay': 0.0001, 'steps_per_iteration': None, 'pin': False, 'model_creator': None, 'target_batch_size': 1024, 'model_string': 'resnet18', 'min_batch_size': 512, 'dataset': 'CIFAR', 'placement': None, 'use_nccl': True, 'devices_per_worker': 1, 'primary_resource': 'extra_gpu', 'gpu': False, 'verbose': False, 'lr_config': {'mode': 'log', 'steps': 5, 'initial_lr': 0.5, 'target_lr': 0.5}, 'batch_per_device': 1024}",20.56352472305298,0,2,5835.503797979317,1,20.56352472305298
0.009459543228149413,0.12811203002929689,0.004866290092468262,0.024958994923805704,0.03121023178100586,nan,0.0,0.05805482864379883,0.10170000046491623,4.2759819507598875,-0.10170000046491623,nan,0.0,nan,0.0,nan,0.0,0.10171999782323837,2.6220903868865966,nan,0.0,nan,0.0,60000,1,False,,,3,-4.2759819507598875,4c6ceb687ef14de7925a9495e6677166,2019-05-30_14-01-43,1559250103,7.940455436706543,28.50398015975952,18244,steropes,169.229.49.254,"{'starting_lr': 0.5, 'momentum': 0.99, 'weight_decay': 0.0001, 'steps_per_iteration': None, 'pin': False, 'model_creator': None, 'target_batch_size': 1024, 'model_string': 'resnet18', 'min_batch_size': 512, 'dataset': 'CIFAR', 'placement': None, 'use_nccl': True, 'devices_per_worker': 1, 'primary_resource': 'extra_gpu', 'gpu': False, 'verbose': False, 'lr_config': {'mode': 'log', 'steps': 5, 'initial_lr': 0.5, 'target_lr': 0.5}, 'batch_per_device': 1024}",28.50398015975952,0,3,6314.832298827402,1,28.50398015975952
0.009380149841308593,0.12593798637390136,0.006827306747436523,0.026233629304535534,0.03065643310546875,nan,0.0,0.0620229959487915,0.09999999403953552,2.38463720664978,-0.09999999403953552,nan,0.0,nan,0.0,nan,0.0,0.09935999661684036,2.4902118685150145,nan,0.0,nan,0.0,60000,1,False,,,4,-2.38463720664978,4c6ceb687ef14de7925a9495e6677166,2019-05-30_14-01-51,1559250111,7.785279989242554,36.289260149002075,18244,steropes,169.229.49.254,"{'starting_lr': 0.5, 'momentum': 0.99, 'weight_decay': 0.0001, 'steps_per_iteration': None, 'pin': False, 'model_creator': None, 'target_batch_size': 1024, 'model_string': 'resnet18', 'min_batch_size': 512, 'dataset': 'CIFAR', 'placement': None, 'use_nccl': True, 'devices_per_worker': 1, 'primary_resource': 'extra_gpu', 'gpu': False, 'verbose': False, 'lr_config': {'mode': 'log', 'steps': 5, 'initial_lr': 0.5, 'target_lr': 0.5}, 'batch_per_device': 1024}",36.289260149002075,0,4,6613.4491747088405,1,36.289260149002075
0.008518171310424805,0.1259370803833008,0.0050086498260498045,0.025978798768958266,0.0320399284362793,nan,0.0,0.05607309341430664,0.09999999403953552,2.4510458984375,-0.09999999403953552,nan,0.0,nan,0.0,nan,0.0,0.09917999804019928,2.4158965409851074,nan,0.0,nan,0.0,60000,1,False,,,5,-2.4510458984375,4c6ceb687ef14de7925a9495e6677166,2019-05-30_14-01-59,1559250119,7.980490446090698,44.26975059509277,18244,steropes,169.229.49.254,"{'starting_lr': 0.5, 'momentum': 0.99, 'weight_decay': 0.0001, 'steps_per_iteration': None, 'pin': False, 'model_creator': None, 'target_batch_size': 1024, 'model_string': 'resnet18', 'min_batch_size': 512, 'dataset': 'CIFAR', 'placement': None, 'use_nccl': True, 'devices_per_worker': 1, 'primary_resource': 'extra_gpu', 'gpu': False, 'verbose': False, 'lr_config': {'mode': 'log', 'steps': 5, 'initial_lr': 0.5, 'target_lr': 0.5}, 'batch_per_device': 1024}",44.26975059509277,0,5,6776.5580785517095,1,44.26975059509277
0.0076464653015136715,0.1280449151992798,0.004658293724060058,0.030599881191642916,0.022963356971740723,nan,0.0,0.05755658149719238,0.09999999403953552,2.3649671352386474,-0.09999999403953552,nan,0.0,nan,0.0,nan,0.0,0.0989999994635582,2.392140184249878,nan,0.0,nan,0.0,60000,1,False,,,6,-2.3649671352386474,4c6ceb687ef14de7925a9495e6677166,2019-05-30_14-02-08,1559250128,8.424196720123291,52.693947315216064,18244,steropes,169.229.49.254,"{'starting_lr': 0.5, 'momentum': 0.99, 'weight_decay': 0.0001, 'steps_per_iteration': None, 'pin': False, 'model_creator': None, 'target_batch_size': 1024, 'model_string': 'resnet18', 'min_batch_size': 512, 'dataset': 'CIFAR', 'placement': None, 'use_nccl': True, 'devices_per_worker': 1, 'primary_resource': 'extra_gpu', 'gpu': False, 'verbose': False, 'lr_config': {'mode': 'log', 'steps': 5, 'initial_lr': 0.5, 'target_lr': 0.5}, 'batch_per_device': 1024}",52.693947315216064,0,6,7395.338855115254,1,52.693947315216064
0.008707237243652344,0.13176538944244384,0.006456732749938965,0.023185282337422272,0.024285340309143068,nan,0.0,0.05645477771759033,0.09999999403953552,2.326627923965454,-0.09999999403953552,nan,0.0,nan,0.0,nan,0.0,0.10356000065803528,2.355335781173706,nan,0.0,nan,0.0,60000,1,False,,,7,-2.326627923965454,4c6ceb687ef14de7925a9495e6677166,2019-05-30_14-02-16,1559250136,7.886005640029907,60.57995295524597,18244,steropes,169.229.49.254,"{'starting_lr': 0.5, 'momentum': 0.99, 'weight_decay': 0.0001, 'steps_per_iteration': None, 'pin': False, 'model_creator': None, 'target_batch_size': 1024, 'model_string': 'resnet18', 'min_batch_size': 512, 'dataset': 'CIFAR', 'placement': None, 'use_nccl': True, 'devices_per_worker': 1, 'primary_resource': 'extra_gpu', 'gpu': False, 'verbose': False, 'lr_config': {'mode': 'log', 'steps': 5, 'initial_lr': 0.5, 'target_lr': 0.5}, 'batch_per_device': 1024}",60.57995295524597,0,7,7496.829762571066,1,60.57995295524597
0.0077199220657348635,0.1277864933013916,0.005064487457275391,0.01792252793604014,0.029295802116394043,nan,0.0,0.058350539207458495,0.09999999403953552,2.384649180603027,-0.09999999403953552,nan,0.0,nan,0.0,nan,0.0,0.09893999993801117,2.3677798648834227,nan,0.0,nan,0.0,60000,1,False,,,8,-2.384649180603027,4c6ceb687ef14de7925a9495e6677166,2019-05-30_14-02-23,1559250143,7.788644552230835,68.3685975074768,18244,steropes,169.229.49.254,"{'starting_lr': 0.5, 'momentum': 0.99, 'weight_decay': 0.0001, 'steps_per_iteration': None, 'pin': False, 'model_creator': None, 'target_batch_size': 1024, 'model_string': 'resnet18', 'min_batch_size': 512, 'dataset': 'CIFAR', 'placement': None, 'use_nccl': True, 'devices_per_worker': 1, 'primary_resource': 'extra_gpu', 'gpu': False, 'verbose': False, 'lr_config': {'mode': 'log', 'steps': 5, 'initial_lr': 0.5, 'target_lr': 0.5}, 'batch_per_device': 1024}",68.3685975074768,0,8,7525.379584433588,1,68.3685975074768
0.007706403732299805,0.1336601972579956,0.0054602384567260746,0.025774138314383372,0.02185344696044922,nan,0.0,0.04753167629241943,0.09999999403953552,2.32616586227417,-0.09999999403953552,nan,0.0,nan,0.0,nan,0.0,0.09854000061750412,2.361666872024536,nan,0.0,nan,0.0,60000,1,False,,,9,-2.32616586227417,4c6ceb687ef14de7925a9495e6677166,2019-05-30_14-02-31,1559250151,7.843026399612427,76.21162390708923,18244,steropes,169.229.49.254,"{'starting_lr': 0.5, 'momentum': 0.99, 'weight_decay': 0.0001, 'steps_per_iteration': None, 'pin': False, 'model_creator': None, 'target_batch_size': 1024, 'model_string': 'resnet18', 'min_batch_size': 512, 'dataset': 'CIFAR', 'placement': None, 'use_nccl': True, 'devices_per_worker': 1, 'primary_resource': 'extra_gpu', 'gpu': False, 'verbose': False, 'lr_config': {'mode': 'log', 'steps': 5, 'initial_lr': 0.5, 'target_lr': 0.5}, 'batch_per_device': 1024}",76.21162390708923,0,9,7514.494945817353,1,76.21162390708923
0.00968475341796875,0.12013676166534423,0.005550885200500488,0.023332167644889986,0.03197233676910401,nan,0.0,0.064506196975708,0.09999999403953552,2.334802191925049,-0.09999999403953552,nan,0.0,nan,0.0,nan,0.0,0.10145999491214752,2.334330818634033,nan,0.0,nan,0.0,60000,1,False,,,10,-2.334802191925049,4c6ceb687ef14de7925a9495e6677166,2019-05-30_14-02-39,1559250159,8.032083988189697,84.24370789527893,18244,steropes,169.229.49.254,"{'starting_lr': 0.5, 'momentum': 0.99, 'weight_decay': 0.0001, 'steps_per_iteration': None, 'pin': False, 'model_creator': None, 'target_batch_size': 1024, 'model_string': 'resnet18', 'min_batch_size': 512, 'dataset': 'CIFAR', 'placement': None, 'use_nccl': True, 'devices_per_worker': 1, 'primary_resource': 'extra_gpu', 'gpu': False, 'verbose': False, 'lr_config': {'mode': 'log', 'steps': 5, 'initial_lr': 0.5, 'target_lr': 0.5}, 'batch_per_device': 1024}",84.24370789527893,0,10,7504.796083131082,1,84.24370789527893
0.01125338077545166,0.12215149402618408,0.005845761299133301,0.0271735921198008,0.029570984840393066,nan,0.0,0.06587846279144287,0.09999999403953552,2.3166748592376707,-0.09999999403953552,nan,0.0,nan,0.0,nan,0.0,0.11059999465942383,2.30107066696167,nan,0.0,nan,0.0,60000,1,False,,,11,-2.3166748592376707,4c6ceb687ef14de7925a9495e6677166,2019-05-30_14-02-47,1559250167,8.02545166015625,92.26915955543518,18244,steropes,169.229.49.254,"{'starting_lr': 0.5, 'momentum': 0.99, 'weight_decay': 0.0001, 'steps_per_iteration': None, 'pin': False, 'model_creator': None, 'target_batch_size': 1024, 'model_string': 'resnet18', 'min_batch_size': 512, 'dataset': 'CIFAR', 'placement': None, 'use_nccl': True, 'devices_per_worker': 1, 'primary_resource': 'extra_gpu', 'gpu': False, 'verbose': False, 'lr_config': {'mode': 'log', 'steps': 5, 'initial_lr': 0.5, 'target_lr': 0.5}, 'batch_per_device': 1024}",92.26915955543518,0,11,7580.422288440851,1,92.26915955543518
0.009772920608520507,0.1233715534210205,0.007268977165222168,0.030116884075865453,0.03342721462249756,nan,0.0,0.05924525260925293,0.1850000023841858,2.267063621902466,-0.1850000023841858,nan,0.0,nan,0.0,nan,0.0,0.1382399946451187,2.27982480758667,nan,0.0,nan,0.0,60000,1,True,,,12,-2.267063621902466,4c6ceb687ef14de7925a9495e6677166,2019-05-30_14-02-55,1559250175,8.038592100143433,100.30775165557861,18244,steropes,169.229.49.254,"{'starting_lr': 0.5, 'momentum': 0.99, 'weight_decay': 0.0001, 'steps_per_iteration': None, 'pin': False, 'model_creator': None, 'target_batch_size': 1024, 'model_string': 'resnet18', 'min_batch_size': 512, 'dataset': 'CIFAR', 'placement': None, 'use_nccl': True, 'devices_per_worker': 1, 'primary_resource': 'extra_gpu', 'gpu': False, 'verbose': False, 'lr_config': {'mode': 'log', 'steps': 5, 'initial_lr': 0.5, 'target_lr': 0.5}, 'batch_per_device': 1024}",100.30775165557861,0,12,7551.308312172609,1,100.30775165557861
