{"apply": 0.007731485366821289, "batch_time": 0.17379183769226075, "d2h": 0.004623126983642578, "data_time": 0.03763587620793557, "fwd": 0.06567471027374268, "get_state_time_mean": NaN, "get_state_time_total": 0.0, "grad": 0.1690549373626709, "mean_accuracy": 0.0925000011920929, "mean_loss": 13634.0998703125, "neg_mean_accuracy": -0.0925000011920929, "set_state_time_mean": NaN, "set_state_time_total": 0.0, "setup_model_time_mean": 18.408870458602905, "setup_model_time_total": 18.408870458602905, "setup_proc_time_mean": 1.5922622680664062, "setup_proc_time_total": 1.5922622680664062, "train_accuracy": 0.1016400009393692, "train_loss": 5.39169289642334, "training_time_mean": NaN, "training_time_total": 0.0, "validation_time_mean": NaN, "validation_time_total": 0.0, "samples": 60000, "num_workers": 1, "done": false, "timesteps_total": null, "episodes_total": null, "training_iteration": 1, "neg_mean_loss": -13634.0998703125, "experiment_id": "4c6ceb687ef14de7925a9495e6677166", "date": "2019-05-30_14-01-27", "timestamp": 1559250087, "time_this_iter_s": 12.128339052200317, "time_total_s": 12.128339052200317, "pid": 18244, "hostname": "steropes", "node_ip": "169.229.49.254", "config": {"starting_lr": 0.5, "momentum": 0.99, "weight_decay": 0.0001, "steps_per_iteration": null, "pin": false, "model_creator": null, "target_batch_size": 1024, "model_string": "resnet18", "min_batch_size": 512, "dataset": "CIFAR", "placement": null, "use_nccl": true, "devices_per_worker": 1, "primary_resource": "extra_gpu", "gpu": false, "verbose": false, "lr_config": {"mode": "log", "steps": 5, "initial_lr": 0.5, "target_lr": 0.5}, "batch_per_device": 1024}, "time_since_restore": 12.128339052200317, "timesteps_since_restore": 0, "iterations_since_restore": 1, "mean_throughput": 4947.021911689989, "atoms": 1, "resource_time": 12.128339052200317}
{"apply": 0.008714938163757324, "batch_time": 0.1291494369506836, "d2h": 0.007783913612365722, "data_time": 0.02870789839296925, "fwd": 0.035048508644104005, "get_state_time_mean": NaN, "get_state_time_total": 0.0, "grad": 0.07541458606719971, "mean_accuracy": 0.11999999731779099, "mean_loss": 206.90169526367188, "neg_mean_accuracy": -0.11999999731779099, "set_state_time_mean": NaN, "set_state_time_total": 0.0, "setup_model_time_mean": NaN, "setup_model_time_total": 0.0, "setup_proc_time_mean": NaN, "setup_proc_time_total": 0.0, "train_accuracy": 0.10025999695062637, "train_loss": 3.848404032821655, "training_time_mean": NaN, "training_time_total": 0.0, "validation_time_mean": NaN, "validation_time_total": 0.0, "samples": 60000, "num_workers": 1, "done": false, "timesteps_total": null, "episodes_total": null, "training_iteration": 2, "neg_mean_loss": -206.90169526367188, "experiment_id": "4c6ceb687ef14de7925a9495e6677166", "date": "2019-05-30_14-01-36", "timestamp": 1559250096, "time_this_iter_s": 8.435185670852661, "time_total_s": 20.56352472305298, "pid": 18244, "hostname": "steropes", "node_ip": "169.229.49.254", "config": {"starting_lr": 0.5, "momentum": 0.99, "weight_decay": 0.0001, "steps_per_iteration": null, "pin": false, "model_creator": null, "target_batch_size": 1024, "model_string": "resnet18", "min_batch_size": 512, "dataset": "CIFAR", "placement": null, "use_nccl": true, "devices_per_worker": 1, "primary_resource": "extra_gpu", "gpu": false, "verbose": false, "lr_config": {"mode": "log", "steps": 5, "initial_lr": 0.5, "target_lr": 0.5}, "batch_per_device": 1024}, "time_since_restore": 20.56352472305298, "timesteps_since_restore": 0, "iterations_since_restore": 2, "mean_throughput": 5835.503797979317, "atoms": 1, "resource_time": 20.56352472305298}
{"apply": 0.009459543228149413, "batch_time": 0.12811203002929689, "d2h": 0.004866290092468262, "data_time": 0.024958994923805704, "fwd": 0.03121023178100586, "get_state_time_mean": NaN, "get_state_time_total": 0.0, "grad": 0.05805482864379883, "mean_accuracy": 0.10170000046491623, "mean_loss": 4.2759819507598875, "neg_mean_accuracy": -0.10170000046491623, "set_state_time_mean": NaN, "set_state_time_total": 0.0, "setup_model_time_mean": NaN, "setup_model_time_total": 0.0, "setup_proc_time_mean": NaN, "setup_proc_time_total": 0.0, "train_accuracy": 0.10171999782323837, "train_loss": 2.6220903868865966, "training_time_mean": NaN, "training_time_total": 0.0, "validation_time_mean": NaN, "validation_time_total": 0.0, "samples": 60000, "num_workers": 1, "done": false, "timesteps_total": null, "episodes_total": null, "training_iteration": 3, "neg_mean_loss": -4.2759819507598875, "experiment_id": "4c6ceb687ef14de7925a9495e6677166", "date": "2019-05-30_14-01-43", "timestamp": 1559250103, "time_this_iter_s": 7.940455436706543, "time_total_s": 28.50398015975952, "pid": 18244, "hostname": "steropes", "node_ip": "169.229.49.254", "config": {"starting_lr": 0.5, "momentum": 0.99, "weight_decay": 0.0001, "steps_per_iteration": null, "pin": false, "model_creator": null, "target_batch_size": 1024, "model_string": "resnet18", "min_batch_size": 512, "dataset": "CIFAR", "placement": null, "use_nccl": true, "devices_per_worker": 1, "primary_resource": "extra_gpu", "gpu": false, "verbose": false, "lr_config": {"mode": "log", "steps": 5, "initial_lr": 0.5, "target_lr": 0.5}, "batch_per_device": 1024}, "time_since_restore": 28.50398015975952, "timesteps_since_restore": 0, "iterations_since_restore": 3, "mean_throughput": 6314.832298827402, "atoms": 1, "resource_time": 28.50398015975952}
{"apply": 0.009380149841308593, "batch_time": 0.12593798637390136, "d2h": 0.006827306747436523, "data_time": 0.026233629304535534, "fwd": 0.03065643310546875, "get_state_time_mean": NaN, "get_state_time_total": 0.0, "grad": 0.0620229959487915, "mean_accuracy": 0.09999999403953552, "mean_loss": 2.38463720664978, "neg_mean_accuracy": -0.09999999403953552, "set_state_time_mean": NaN, "set_state_time_total": 0.0, "setup_model_time_mean": NaN, "setup_model_time_total": 0.0, "setup_proc_time_mean": NaN, "setup_proc_time_total": 0.0, "train_accuracy": 0.09935999661684036, "train_loss": 2.4902118685150145, "training_time_mean": NaN, "training_time_total": 0.0, "validation_time_mean": NaN, "validation_time_total": 0.0, "samples": 60000, "num_workers": 1, "done": false, "timesteps_total": null, "episodes_total": null, "training_iteration": 4, "neg_mean_loss": -2.38463720664978, "experiment_id": "4c6ceb687ef14de7925a9495e6677166", "date": "2019-05-30_14-01-51", "timestamp": 1559250111, "time_this_iter_s": 7.785279989242554, "time_total_s": 36.289260149002075, "pid": 18244, "hostname": "steropes", "node_ip": "169.229.49.254", "config": {"starting_lr": 0.5, "momentum": 0.99, "weight_decay": 0.0001, "steps_per_iteration": null, "pin": false, "model_creator": null, "target_batch_size": 1024, "model_string": "resnet18", "min_batch_size": 512, "dataset": "CIFAR", "placement": null, "use_nccl": true, "devices_per_worker": 1, "primary_resource": "extra_gpu", "gpu": false, "verbose": false, "lr_config": {"mode": "log", "steps": 5, "initial_lr": 0.5, "target_lr": 0.5}, "batch_per_device": 1024}, "time_since_restore": 36.289260149002075, "timesteps_since_restore": 0, "iterations_since_restore": 4, "mean_throughput": 6613.4491747088405, "atoms": 1, "resource_time": 36.289260149002075}
{"apply": 0.008518171310424805, "batch_time": 0.1259370803833008, "d2h": 0.0050086498260498045, "data_time": 0.025978798768958266, "fwd": 0.0320399284362793, "get_state_time_mean": NaN, "get_state_time_total": 0.0, "grad": 0.05607309341430664, "mean_accuracy": 0.09999999403953552, "mean_loss": 2.4510458984375, "neg_mean_accuracy": -0.09999999403953552, "set_state_time_mean": NaN, "set_state_time_total": 0.0, "setup_model_time_mean": NaN, "setup_model_time_total": 0.0, "setup_proc_time_mean": NaN, "setup_proc_time_total": 0.0, "train_accuracy": 0.09917999804019928, "train_loss": 2.4158965409851074, "training_time_mean": NaN, "training_time_total": 0.0, "validation_time_mean": NaN, "validation_time_total": 0.0, "samples": 60000, "num_workers": 1, "done": false, "timesteps_total": null, "episodes_total": null, "training_iteration": 5, "neg_mean_loss": -2.4510458984375, "experiment_id": "4c6ceb687ef14de7925a9495e6677166", "date": "2019-05-30_14-01-59", "timestamp": 1559250119, "time_this_iter_s": 7.980490446090698, "time_total_s": 44.26975059509277, "pid": 18244, "hostname": "steropes", "node_ip": "169.229.49.254", "config": {"starting_lr": 0.5, "momentum": 0.99, "weight_decay": 0.0001, "steps_per_iteration": null, "pin": false, "model_creator": null, "target_batch_size": 1024, "model_string": "resnet18", "min_batch_size": 512, "dataset": "CIFAR", "placement": null, "use_nccl": true, "devices_per_worker": 1, "primary_resource": "extra_gpu", "gpu": false, "verbose": false, "lr_config": {"mode": "log", "steps": 5, "initial_lr": 0.5, "target_lr": 0.5}, "batch_per_device": 1024}, "time_since_restore": 44.26975059509277, "timesteps_since_restore": 0, "iterations_since_restore": 5, "mean_throughput": 6776.5580785517095, "atoms": 1, "resource_time": 44.26975059509277}
{"apply": 0.0076464653015136715, "batch_time": 0.1280449151992798, "d2h": 0.004658293724060058, "data_time": 0.030599881191642916, "fwd": 0.022963356971740723, "get_state_time_mean": NaN, "get_state_time_total": 0.0, "grad": 0.05755658149719238, "mean_accuracy": 0.09999999403953552, "mean_loss": 2.3649671352386474, "neg_mean_accuracy": -0.09999999403953552, "set_state_time_mean": NaN, "set_state_time_total": 0.0, "setup_model_time_mean": NaN, "setup_model_time_total": 0.0, "setup_proc_time_mean": NaN, "setup_proc_time_total": 0.0, "train_accuracy": 0.0989999994635582, "train_loss": 2.392140184249878, "training_time_mean": NaN, "training_time_total": 0.0, "validation_time_mean": NaN, "validation_time_total": 0.0, "samples": 60000, "num_workers": 1, "done": false, "timesteps_total": null, "episodes_total": null, "training_iteration": 6, "neg_mean_loss": -2.3649671352386474, "experiment_id": "4c6ceb687ef14de7925a9495e6677166", "date": "2019-05-30_14-02-08", "timestamp": 1559250128, "time_this_iter_s": 8.424196720123291, "time_total_s": 52.693947315216064, "pid": 18244, "hostname": "steropes", "node_ip": "169.229.49.254", "config": {"starting_lr": 0.5, "momentum": 0.99, "weight_decay": 0.0001, "steps_per_iteration": null, "pin": false, "model_creator": null, "target_batch_size": 1024, "model_string": "resnet18", "min_batch_size": 512, "dataset": "CIFAR", "placement": null, "use_nccl": true, "devices_per_worker": 1, "primary_resource": "extra_gpu", "gpu": false, "verbose": false, "lr_config": {"mode": "log", "steps": 5, "initial_lr": 0.5, "target_lr": 0.5}, "batch_per_device": 1024}, "time_since_restore": 52.693947315216064, "timesteps_since_restore": 0, "iterations_since_restore": 6, "mean_throughput": 7395.338855115254, "atoms": 1, "resource_time": 52.693947315216064}
{"apply": 0.008707237243652344, "batch_time": 0.13176538944244384, "d2h": 0.006456732749938965, "data_time": 0.023185282337422272, "fwd": 0.024285340309143068, "get_state_time_mean": NaN, "get_state_time_total": 0.0, "grad": 0.05645477771759033, "mean_accuracy": 0.09999999403953552, "mean_loss": 2.326627923965454, "neg_mean_accuracy": -0.09999999403953552, "set_state_time_mean": NaN, "set_state_time_total": 0.0, "setup_model_time_mean": NaN, "setup_model_time_total": 0.0, "setup_proc_time_mean": NaN, "setup_proc_time_total": 0.0, "train_accuracy": 0.10356000065803528, "train_loss": 2.355335781173706, "training_time_mean": NaN, "training_time_total": 0.0, "validation_time_mean": NaN, "validation_time_total": 0.0, "samples": 60000, "num_workers": 1, "done": false, "timesteps_total": null, "episodes_total": null, "training_iteration": 7, "neg_mean_loss": -2.326627923965454, "experiment_id": "4c6ceb687ef14de7925a9495e6677166", "date": "2019-05-30_14-02-16", "timestamp": 1559250136, "time_this_iter_s": 7.886005640029907, "time_total_s": 60.57995295524597, "pid": 18244, "hostname": "steropes", "node_ip": "169.229.49.254", "config": {"starting_lr": 0.5, "momentum": 0.99, "weight_decay": 0.0001, "steps_per_iteration": null, "pin": false, "model_creator": null, "target_batch_size": 1024, "model_string": "resnet18", "min_batch_size": 512, "dataset": "CIFAR", "placement": null, "use_nccl": true, "devices_per_worker": 1, "primary_resource": "extra_gpu", "gpu": false, "verbose": false, "lr_config": {"mode": "log", "steps": 5, "initial_lr": 0.5, "target_lr": 0.5}, "batch_per_device": 1024}, "time_since_restore": 60.57995295524597, "timesteps_since_restore": 0, "iterations_since_restore": 7, "mean_throughput": 7496.829762571066, "atoms": 1, "resource_time": 60.57995295524597}
{"apply": 0.0077199220657348635, "batch_time": 0.1277864933013916, "d2h": 0.005064487457275391, "data_time": 0.01792252793604014, "fwd": 0.029295802116394043, "get_state_time_mean": NaN, "get_state_time_total": 0.0, "grad": 0.058350539207458495, "mean_accuracy": 0.09999999403953552, "mean_loss": 2.384649180603027, "neg_mean_accuracy": -0.09999999403953552, "set_state_time_mean": NaN, "set_state_time_total": 0.0, "setup_model_time_mean": NaN, "setup_model_time_total": 0.0, "setup_proc_time_mean": NaN, "setup_proc_time_total": 0.0, "train_accuracy": 0.09893999993801117, "train_loss": 2.3677798648834227, "training_time_mean": NaN, "training_time_total": 0.0, "validation_time_mean": NaN, "validation_time_total": 0.0, "samples": 60000, "num_workers": 1, "done": false, "timesteps_total": null, "episodes_total": null, "training_iteration": 8, "neg_mean_loss": -2.384649180603027, "experiment_id": "4c6ceb687ef14de7925a9495e6677166", "date": "2019-05-30_14-02-23", "timestamp": 1559250143, "time_this_iter_s": 7.788644552230835, "time_total_s": 68.3685975074768, "pid": 18244, "hostname": "steropes", "node_ip": "169.229.49.254", "config": {"starting_lr": 0.5, "momentum": 0.99, "weight_decay": 0.0001, "steps_per_iteration": null, "pin": false, "model_creator": null, "target_batch_size": 1024, "model_string": "resnet18", "min_batch_size": 512, "dataset": "CIFAR", "placement": null, "use_nccl": true, "devices_per_worker": 1, "primary_resource": "extra_gpu", "gpu": false, "verbose": false, "lr_config": {"mode": "log", "steps": 5, "initial_lr": 0.5, "target_lr": 0.5}, "batch_per_device": 1024}, "time_since_restore": 68.3685975074768, "timesteps_since_restore": 0, "iterations_since_restore": 8, "mean_throughput": 7525.379584433588, "atoms": 1, "resource_time": 68.3685975074768}
{"apply": 0.007706403732299805, "batch_time": 0.1336601972579956, "d2h": 0.0054602384567260746, "data_time": 0.025774138314383372, "fwd": 0.02185344696044922, "get_state_time_mean": NaN, "get_state_time_total": 0.0, "grad": 0.04753167629241943, "mean_accuracy": 0.09999999403953552, "mean_loss": 2.32616586227417, "neg_mean_accuracy": -0.09999999403953552, "set_state_time_mean": NaN, "set_state_time_total": 0.0, "setup_model_time_mean": NaN, "setup_model_time_total": 0.0, "setup_proc_time_mean": NaN, "setup_proc_time_total": 0.0, "train_accuracy": 0.09854000061750412, "train_loss": 2.361666872024536, "training_time_mean": NaN, "training_time_total": 0.0, "validation_time_mean": NaN, "validation_time_total": 0.0, "samples": 60000, "num_workers": 1, "done": false, "timesteps_total": null, "episodes_total": null, "training_iteration": 9, "neg_mean_loss": -2.32616586227417, "experiment_id": "4c6ceb687ef14de7925a9495e6677166", "date": "2019-05-30_14-02-31", "timestamp": 1559250151, "time_this_iter_s": 7.843026399612427, "time_total_s": 76.21162390708923, "pid": 18244, "hostname": "steropes", "node_ip": "169.229.49.254", "config": {"starting_lr": 0.5, "momentum": 0.99, "weight_decay": 0.0001, "steps_per_iteration": null, "pin": false, "model_creator": null, "target_batch_size": 1024, "model_string": "resnet18", "min_batch_size": 512, "dataset": "CIFAR", "placement": null, "use_nccl": true, "devices_per_worker": 1, "primary_resource": "extra_gpu", "gpu": false, "verbose": false, "lr_config": {"mode": "log", "steps": 5, "initial_lr": 0.5, "target_lr": 0.5}, "batch_per_device": 1024}, "time_since_restore": 76.21162390708923, "timesteps_since_restore": 0, "iterations_since_restore": 9, "mean_throughput": 7514.494945817353, "atoms": 1, "resource_time": 76.21162390708923}
{"apply": 0.00968475341796875, "batch_time": 0.12013676166534423, "d2h": 0.005550885200500488, "data_time": 0.023332167644889986, "fwd": 0.03197233676910401, "get_state_time_mean": NaN, "get_state_time_total": 0.0, "grad": 0.064506196975708, "mean_accuracy": 0.09999999403953552, "mean_loss": 2.334802191925049, "neg_mean_accuracy": -0.09999999403953552, "set_state_time_mean": NaN, "set_state_time_total": 0.0, "setup_model_time_mean": NaN, "setup_model_time_total": 0.0, "setup_proc_time_mean": NaN, "setup_proc_time_total": 0.0, "train_accuracy": 0.10145999491214752, "train_loss": 2.334330818634033, "training_time_mean": NaN, "training_time_total": 0.0, "validation_time_mean": NaN, "validation_time_total": 0.0, "samples": 60000, "num_workers": 1, "done": false, "timesteps_total": null, "episodes_total": null, "training_iteration": 10, "neg_mean_loss": -2.334802191925049, "experiment_id": "4c6ceb687ef14de7925a9495e6677166", "date": "2019-05-30_14-02-39", "timestamp": 1559250159, "time_this_iter_s": 8.032083988189697, "time_total_s": 84.24370789527893, "pid": 18244, "hostname": "steropes", "node_ip": "169.229.49.254", "config": {"starting_lr": 0.5, "momentum": 0.99, "weight_decay": 0.0001, "steps_per_iteration": null, "pin": false, "model_creator": null, "target_batch_size": 1024, "model_string": "resnet18", "min_batch_size": 512, "dataset": "CIFAR", "placement": null, "use_nccl": true, "devices_per_worker": 1, "primary_resource": "extra_gpu", "gpu": false, "verbose": false, "lr_config": {"mode": "log", "steps": 5, "initial_lr": 0.5, "target_lr": 0.5}, "batch_per_device": 1024}, "time_since_restore": 84.24370789527893, "timesteps_since_restore": 0, "iterations_since_restore": 10, "mean_throughput": 7504.796083131082, "atoms": 1, "resource_time": 84.24370789527893}
{"apply": 0.01125338077545166, "batch_time": 0.12215149402618408, "d2h": 0.005845761299133301, "data_time": 0.0271735921198008, "fwd": 0.029570984840393066, "get_state_time_mean": NaN, "get_state_time_total": 0.0, "grad": 0.06587846279144287, "mean_accuracy": 0.09999999403953552, "mean_loss": 2.3166748592376707, "neg_mean_accuracy": -0.09999999403953552, "set_state_time_mean": NaN, "set_state_time_total": 0.0, "setup_model_time_mean": NaN, "setup_model_time_total": 0.0, "setup_proc_time_mean": NaN, "setup_proc_time_total": 0.0, "train_accuracy": 0.11059999465942383, "train_loss": 2.30107066696167, "training_time_mean": NaN, "training_time_total": 0.0, "validation_time_mean": NaN, "validation_time_total": 0.0, "samples": 60000, "num_workers": 1, "done": false, "timesteps_total": null, "episodes_total": null, "training_iteration": 11, "neg_mean_loss": -2.3166748592376707, "experiment_id": "4c6ceb687ef14de7925a9495e6677166", "date": "2019-05-30_14-02-47", "timestamp": 1559250167, "time_this_iter_s": 8.02545166015625, "time_total_s": 92.26915955543518, "pid": 18244, "hostname": "steropes", "node_ip": "169.229.49.254", "config": {"starting_lr": 0.5, "momentum": 0.99, "weight_decay": 0.0001, "steps_per_iteration": null, "pin": false, "model_creator": null, "target_batch_size": 1024, "model_string": "resnet18", "min_batch_size": 512, "dataset": "CIFAR", "placement": null, "use_nccl": true, "devices_per_worker": 1, "primary_resource": "extra_gpu", "gpu": false, "verbose": false, "lr_config": {"mode": "log", "steps": 5, "initial_lr": 0.5, "target_lr": 0.5}, "batch_per_device": 1024}, "time_since_restore": 92.26915955543518, "timesteps_since_restore": 0, "iterations_since_restore": 11, "mean_throughput": 7580.422288440851, "atoms": 1, "resource_time": 92.26915955543518}
{"apply": 0.009772920608520507, "batch_time": 0.1233715534210205, "d2h": 0.007268977165222168, "data_time": 0.030116884075865453, "fwd": 0.03342721462249756, "get_state_time_mean": NaN, "get_state_time_total": 0.0, "grad": 0.05924525260925293, "mean_accuracy": 0.1850000023841858, "mean_loss": 2.267063621902466, "neg_mean_accuracy": -0.1850000023841858, "set_state_time_mean": NaN, "set_state_time_total": 0.0, "setup_model_time_mean": NaN, "setup_model_time_total": 0.0, "setup_proc_time_mean": NaN, "setup_proc_time_total": 0.0, "train_accuracy": 0.1382399946451187, "train_loss": 2.27982480758667, "training_time_mean": NaN, "training_time_total": 0.0, "validation_time_mean": NaN, "validation_time_total": 0.0, "samples": 60000, "num_workers": 1, "done": true, "timesteps_total": null, "episodes_total": null, "training_iteration": 12, "neg_mean_loss": -2.267063621902466, "experiment_id": "4c6ceb687ef14de7925a9495e6677166", "date": "2019-05-30_14-02-55", "timestamp": 1559250175, "time_this_iter_s": 8.038592100143433, "time_total_s": 100.30775165557861, "pid": 18244, "hostname": "steropes", "node_ip": "169.229.49.254", "config": {"starting_lr": 0.5, "momentum": 0.99, "weight_decay": 0.0001, "steps_per_iteration": null, "pin": false, "model_creator": null, "target_batch_size": 1024, "model_string": "resnet18", "min_batch_size": 512, "dataset": "CIFAR", "placement": null, "use_nccl": true, "devices_per_worker": 1, "primary_resource": "extra_gpu", "gpu": false, "verbose": false, "lr_config": {"mode": "log", "steps": 5, "initial_lr": 0.5, "target_lr": 0.5}, "batch_per_device": 1024}, "time_since_restore": 100.30775165557861, "timesteps_since_restore": 0, "iterations_since_restore": 12, "mean_throughput": 7551.308312172609, "atoms": 1, "resource_time": 100.30775165557861}
