{"apply": 0.017230749130249023, "batch_time": 0.04161856144289427, "d2h": 0.0007020950317382813, "data_time": 0.001795704712343338, "fwd": 0.1199965238571167, "get_state_time_mean": NaN, "get_state_time_total": 0.0, "grad": 0.16448383331298827, "mean_accuracy": 0.28509998321533203, "mean_loss": 2.0205356468200684, "neg_mean_accuracy": -0.28509998321533203, "set_state_time_mean": NaN, "set_state_time_total": 0.0, "setup_model_time_mean": 8.183331727981567, "setup_model_time_total": 8.183331727981567, "setup_proc_time_mean": 0.2235107421875, "setup_proc_time_total": 0.2235107421875, "train_accuracy": 0.20892000198364258, "train_loss": 2.2682578743743895, "training_time_mean": NaN, "training_time_total": 0.0, "val_accuracy": 0.28509998321533203, "val_loss": 2.0205356468200684, "validation_time_mean": NaN, "validation_time_total": 0.0, "samples": 60000, "num_workers": 1, "done": false, "timesteps_total": null, "episodes_total": null, "training_iteration": 1, "neg_mean_loss": -2.0205356468200684, "experiment_id": "e3f06ecf62494e8e82060bceb4dee71e", "date": "2019-06-06_07-06-04", "timestamp": 1559829964, "time_this_iter_s": 46.39989233016968, "time_total_s": 46.39989233016968, "pid": 3809, "hostname": "steropes", "node_ip": "169.229.49.254", "config": {"starting_lr": 0.001, "momentum": 0.9, "weight_decay": 0.0001, "steps_per_iteration": null, "pin": false, "model_creator": null, "target_batch_size": 128, "model_string": "resnet50", "min_batch_size": 128, "dataset": "CIFAR", "placement": null, "use_nccl": true, "devices_per_worker": 1, "primary_resource": "extra_gpu", "gpu": false, "verbose": false, "lr_config": {"mode": "log", "steps": 5, "initial_lr": 0.001, "target_lr": 0.001}, "batch_per_device": 128}, "time_since_restore": 46.39989233016968, "timesteps_since_restore": 0, "iterations_since_restore": 1, "mean_throughput": 1293.1040303250481, "atoms": 1, "setup_time": 8.795316934585571}
{"apply": 0.017742443084716796, "batch_time": 0.031816757178004786, "d2h": 0.0007675647735595703, "data_time": 0.0017583858021689802, "fwd": 0.02805194854736328, "get_state_time_mean": NaN, "get_state_time_total": 0.0, "grad": 0.04704558849334717, "mean_accuracy": 0.31234999001026154, "mean_loss": 1.9247020051002504, "neg_mean_accuracy": -0.33959999680519104, "set_state_time_mean": NaN, "set_state_time_total": 0.0, "setup_model_time_mean": NaN, "setup_model_time_total": 0.0, "setup_proc_time_mean": NaN, "setup_proc_time_total": 0.0, "train_accuracy": 0.3025600016117096, "train_loss": 1.9285473989486694, "training_time_mean": NaN, "training_time_total": 0.0, "val_accuracy": 0.33959999680519104, "val_loss": 1.8288683633804321, "validation_time_mean": NaN, "validation_time_total": 0.0, "samples": 60000, "num_workers": 1, "done": true, "timesteps_total": null, "episodes_total": null, "training_iteration": 2, "neg_mean_loss": -1.9247020051002504, "experiment_id": "e3f06ecf62494e8e82060bceb4dee71e", "date": "2019-06-06_07-06-45", "timestamp": 1559830005, "time_this_iter_s": 40.68727374076843, "time_total_s": 87.08716607093811, "pid": 3809, "hostname": "steropes", "node_ip": "169.229.49.254", "config": {"starting_lr": 0.001, "momentum": 0.9, "weight_decay": 0.0001, "steps_per_iteration": null, "pin": false, "model_creator": null, "target_batch_size": 128, "model_string": "resnet50", "min_batch_size": 128, "dataset": "CIFAR", "placement": null, "use_nccl": true, "devices_per_worker": 1, "primary_resource": "extra_gpu", "gpu": false, "verbose": false, "lr_config": {"mode": "log", "steps": 5, "initial_lr": 0.001, "target_lr": 0.001}, "batch_per_device": 128}, "time_since_restore": 87.08716607093811, "timesteps_since_restore": 0, "iterations_since_restore": 2, "mean_throughput": 1377.9272308835393, "atoms": 1, "setup_time": 8.795316934585571}
