{"apply": 0.01966416835784912, "batch_time": 0.04682277727730667, "d2h": 0.0007582426071166993, "data_time": 0.0019200183546451656, "fwd": 0.16431903839111328, "get_state_time_mean": NaN, "get_state_time_total": 0.0, "grad": 0.1602248191833496, "mean_accuracy": 0.19609999656677246, "mean_loss": 2.107070015335083, "neg_mean_accuracy": -0.19609999656677246, "set_state_time_mean": NaN, "set_state_time_total": 0.0, "setup_model_time_mean": 9.896831274032593, "setup_model_time_total": 9.896831274032593, "setup_proc_time_mean": 0.39799928665161133, "setup_proc_time_total": 0.39799928665161133, "train_accuracy": 0.1635800004005432, "train_loss": 3.881636537094116, "training_time_mean": NaN, "training_time_total": 0.0, "val_accuracy": 0.19609999656677246, "val_loss": 2.107070015335083, "validation_time_mean": NaN, "validation_time_total": 0.0, "samples": 60000, "num_workers": 1, "done": false, "timesteps_total": null, "episodes_total": null, "training_iteration": 1, "neg_mean_loss": -2.107070015335083, "experiment_id": "d6b1e97c72b5411b88927d9f12bb2320", "date": "2019-06-06_09-37-13", "timestamp": 1559839033, "time_this_iter_s": 47.7480788230896, "time_total_s": 47.7480788230896, "pid": 14829, "hostname": "steropes", "node_ip": "169.229.49.254", "config": {"starting_lr": 0.05, "momentum": 0.95, "weight_decay": 0.005, "steps_per_iteration": null, "pin": false, "model_creator": null, "target_batch_size": 128, "model_string": "resnet50", "min_batch_size": 128, "dataset": "CIFAR", "placement": null, "use_nccl": true, "devices_per_worker": 1, "primary_resource": "extra_gpu", "gpu": false, "verbose": false, "lr_config": {"mode": "log", "steps": 5, "initial_lr": 0.05, "target_lr": 0.05}, "batch_per_device": 128}, "time_since_restore": 47.7480788230896, "timesteps_since_restore": 0, "iterations_since_restore": 1, "mean_throughput": 1256.5918417398639, "atoms": 1, "setup_time": 10.412490367889404}
{"apply": 0.018715524673461915, "batch_time": 0.03445716749263715, "d2h": 0.0007344484329223633, "data_time": 0.0019263934601298379, "fwd": 0.02886674404144287, "get_state_time_mean": NaN, "get_state_time_total": 0.0, "grad": 0.049041366577148436, "mean_accuracy": 0.26294998824596405, "mean_loss": 1.9472513330459595, "neg_mean_accuracy": -0.32979997992515564, "set_state_time_mean": NaN, "set_state_time_total": 0.0, "setup_model_time_mean": NaN, "setup_model_time_total": 0.0, "setup_proc_time_mean": NaN, "setup_proc_time_total": 0.0, "train_accuracy": 0.28915998339653015, "train_loss": 1.8786748445892334, "training_time_mean": NaN, "training_time_total": 0.0, "val_accuracy": 0.32979997992515564, "val_loss": 1.7874326507568359, "validation_time_mean": NaN, "validation_time_total": 0.0, "samples": 60000, "num_workers": 1, "done": false, "timesteps_total": null, "episodes_total": null, "training_iteration": 2, "neg_mean_loss": -1.9472513330459595, "experiment_id": "d6b1e97c72b5411b88927d9f12bb2320", "date": "2019-06-06_09-37-55", "timestamp": 1559839075, "time_this_iter_s": 41.97480821609497, "time_total_s": 89.72288703918457, "pid": 14829, "hostname": "steropes", "node_ip": "169.229.49.254", "config": {"starting_lr": 0.05, "momentum": 0.95, "weight_decay": 0.005, "steps_per_iteration": null, "pin": false, "model_creator": null, "target_batch_size": 128, "model_string": "resnet50", "min_batch_size": 128, "dataset": "CIFAR", "placement": null, "use_nccl": true, "devices_per_worker": 1, "primary_resource": "extra_gpu", "gpu": false, "verbose": false, "lr_config": {"mode": "log", "steps": 5, "initial_lr": 0.05, "target_lr": 0.05}, "batch_per_device": 128}, "time_since_restore": 89.72288703918457, "timesteps_since_restore": 0, "iterations_since_restore": 2, "mean_throughput": 1337.4483515178767, "atoms": 1, "setup_time": 10.412490367889404}
{"apply": 0.01854550838470459, "batch_time": 0.03248864789552326, "d2h": 0.0007109165191650391, "data_time": 0.001844381737282209, "fwd": 0.028521800041198732, "get_state_time_mean": NaN, "get_state_time_total": 0.0, "grad": 0.049182772636413574, "mean_accuracy": 0.27526665727297467, "mean_loss": 1.9542809089660647, "neg_mean_accuracy": -0.29989999532699585, "set_state_time_mean": NaN, "set_state_time_total": 0.0, "setup_model_time_mean": NaN, "setup_model_time_total": 0.0, "setup_proc_time_mean": NaN, "setup_proc_time_total": 0.0, "train_accuracy": 0.3405199944972992, "train_loss": 1.7573668298721314, "training_time_mean": NaN, "training_time_total": 0.0, "val_accuracy": 0.29989999532699585, "val_loss": 1.9683400608062744, "validation_time_mean": NaN, "validation_time_total": 0.0, "samples": 60000, "num_workers": 1, "done": true, "timesteps_total": null, "episodes_total": null, "training_iteration": 3, "neg_mean_loss": -1.9542809089660647, "experiment_id": "d6b1e97c72b5411b88927d9f12bb2320", "date": "2019-06-06_09-38-36", "timestamp": 1559839116, "time_this_iter_s": 41.47268843650818, "time_total_s": 131.19557547569275, "pid": 14829, "hostname": "steropes", "node_ip": "169.229.49.254", "config": {"starting_lr": 0.05, "momentum": 0.95, "weight_decay": 0.005, "steps_per_iteration": null, "pin": false, "model_creator": null, "target_batch_size": 128, "model_string": "resnet50", "min_batch_size": 128, "dataset": "CIFAR", "placement": null, "use_nccl": true, "devices_per_worker": 1, "primary_resource": "extra_gpu", "gpu": false, "verbose": false, "lr_config": {"mode": "log", "steps": 5, "initial_lr": 0.05, "target_lr": 0.05}, "batch_per_device": 128}, "time_since_restore": 131.19557547569275, "timesteps_since_restore": 0, "iterations_since_restore": 3, "mean_throughput": 1371.9944637170186, "atoms": 1, "setup_time": 10.412490367889404}
