{"apply": 0.018331265449523924, "batch_time": 0.04538693307321283, "d2h": 0.0006620407104492188, "data_time": 0.001921354352360796, "fwd": 0.11635353565216064, "get_state_time_mean": NaN, "get_state_time_total": 0.0, "grad": 0.24070301055908203, "mean_accuracy": 0.09999999403953552, "mean_loss": 5.903457854526907e+20, "neg_mean_accuracy": -0.09999999403953552, "set_state_time_mean": NaN, "set_state_time_total": 0.0, "setup_model_time_mean": 10.547428607940674, "setup_model_time_total": 10.547428607940674, "setup_proc_time_mean": 1.7758352756500244, "setup_proc_time_total": 1.7758352756500244, "train_accuracy": 0.10255999863147736, "train_loss": 1654474.9918256823, "training_time_mean": NaN, "training_time_total": 0.0, "val_accuracy": 0.09999999403953552, "val_loss": 5.903457854526907e+20, "validation_time_mean": NaN, "validation_time_total": 0.0, "samples": 60000, "num_workers": 1, "done": false, "timesteps_total": null, "episodes_total": null, "training_iteration": 1, "neg_mean_loss": -5.903457854526907e+20, "experiment_id": "84c6e648894a4f8ea8c04b3690d19cd8", "date": "2019-06-06_09-28-20", "timestamp": 1559838500, "time_this_iter_s": 49.197115421295166, "time_total_s": 49.197115421295166, "pid": 9147, "hostname": "steropes", "node_ip": "169.229.49.254", "config": {"starting_lr": 1.0, "momentum": 0.95, "weight_decay": 0.005, "steps_per_iteration": null, "pin": false, "model_creator": null, "target_batch_size": 128, "model_string": "resnet50", "min_batch_size": 128, "dataset": "CIFAR", "placement": null, "use_nccl": true, "devices_per_worker": 1, "primary_resource": "extra_gpu", "gpu": false, "verbose": false, "lr_config": {"mode": "log", "steps": 5, "initial_lr": 1.0, "target_lr": 1.0}, "batch_per_device": 128}, "time_since_restore": 49.197115421295166, "timesteps_since_restore": 0, "iterations_since_restore": 1, "mean_throughput": 1219.5812638325137, "atoms": 1, "setup_time": 14.05418872833252}
{"apply": 0.019423079490661622, "batch_time": 0.03149655800831469, "d2h": 0.0006911754608154297, "data_time": 0.001743642265534462, "fwd": 0.02956070899963379, "get_state_time_mean": NaN, "get_state_time_total": 0.0, "grad": 0.048773550987243654, "mean_accuracy": 0.09999999403953552, "mean_loss": 2.955286988345823e+20, "neg_mean_accuracy": -0.09999999403953552, "set_state_time_mean": NaN, "set_state_time_total": 0.0, "setup_model_time_mean": NaN, "setup_model_time_total": 0.0, "setup_proc_time_mean": NaN, "setup_proc_time_total": 0.0, "train_accuracy": 0.10429999977350235, "train_loss": 6150365943328.571, "training_time_mean": NaN, "training_time_total": 0.0, "val_accuracy": 0.09999999403953552, "val_loss": 7.116122164740076e+17, "validation_time_mean": NaN, "validation_time_total": 0.0, "samples": 60000, "num_workers": 1, "done": false, "timesteps_total": null, "episodes_total": null, "training_iteration": 2, "neg_mean_loss": -2.955286988345823e+20, "experiment_id": "84c6e648894a4f8ea8c04b3690d19cd8", "date": "2019-06-06_09-29-01", "timestamp": 1559838541, "time_this_iter_s": 41.54617881774902, "time_total_s": 90.74329423904419, "pid": 9147, "hostname": "steropes", "node_ip": "169.229.49.254", "config": {"starting_lr": 1.0, "momentum": 0.95, "weight_decay": 0.005, "steps_per_iteration": null, "pin": false, "model_creator": null, "target_batch_size": 128, "model_string": "resnet50", "min_batch_size": 128, "dataset": "CIFAR", "placement": null, "use_nccl": true, "devices_per_worker": 1, "primary_resource": "extra_gpu", "gpu": false, "verbose": false, "lr_config": {"mode": "log", "steps": 5, "initial_lr": 1.0, "target_lr": 1.0}, "batch_per_device": 128}, "time_since_restore": 90.74329423904419, "timesteps_since_restore": 0, "iterations_since_restore": 2, "mean_throughput": 1322.4092228110492, "atoms": 1, "setup_time": 14.05418872833252}
{"apply": 0.01772274971008301, "batch_time": 0.03379609011396577, "d2h": 0.0006746768951416016, "data_time": 0.0016851656882049483, "fwd": 0.02825620174407959, "get_state_time_mean": NaN, "get_state_time_total": 0.0, "grad": 0.04738469123840332, "mean_accuracy": 0.06669999602551495, "mean_loss": NaN, "neg_mean_accuracy": -9.999999747378752e-05, "set_state_time_mean": NaN, "set_state_time_total": 0.0, "setup_model_time_mean": NaN, "setup_model_time_total": 0.0, "setup_proc_time_mean": NaN, "setup_proc_time_total": 0.0, "train_accuracy": 0.03815999999642372, "train_loss": NaN, "training_time_mean": NaN, "training_time_total": 0.0, "val_accuracy": 9.999999747378752e-05, "val_loss": NaN, "validation_time_mean": NaN, "validation_time_total": 0.0, "samples": 60000, "num_workers": 1, "done": true, "timesteps_total": null, "episodes_total": null, "training_iteration": 3, "neg_mean_loss": NaN, "experiment_id": "84c6e648894a4f8ea8c04b3690d19cd8", "date": "2019-06-06_09-29-42", "timestamp": 1559838582, "time_this_iter_s": 41.048566818237305, "time_total_s": 131.7918610572815, "pid": 9147, "hostname": "steropes", "node_ip": "169.229.49.254", "config": {"starting_lr": 1.0, "momentum": 0.95, "weight_decay": 0.005, "steps_per_iteration": null, "pin": false, "model_creator": null, "target_batch_size": 128, "model_string": "resnet50", "min_batch_size": 128, "dataset": "CIFAR", "placement": null, "use_nccl": true, "devices_per_worker": 1, "primary_resource": "extra_gpu", "gpu": false, "verbose": false, "lr_config": {"mode": "log", "steps": 5, "initial_lr": 1.0, "target_lr": 1.0}, "batch_per_device": 128}, "time_since_restore": 131.7918610572815, "timesteps_since_restore": 0, "iterations_since_restore": 3, "mean_throughput": 1365.787345983823, "atoms": 1, "setup_time": 14.05418872833252}
