{"apply": 0.018709707260131835, "batch_time": 0.04311423362055911, "d2h": 0.0006861209869384766, "data_time": 0.001859425278880712, "fwd": 0.11596226692199707, "get_state_time_mean": NaN, "get_state_time_total": 0.0, "grad": 0.23290252685546875, "mean_accuracy": 0.09989999979734421, "mean_loss": 3.113355271911621, "neg_mean_accuracy": -0.09989999979734421, "set_state_time_mean": NaN, "set_state_time_total": 0.0, "setup_model_time_mean": 15.648366212844849, "setup_model_time_total": 15.648366212844849, "setup_proc_time_mean": 1.8583121299743652, "setup_proc_time_total": 1.8583121299743652, "train_accuracy": 0.09783999621868134, "train_loss": 6.193496814651489, "training_time_mean": NaN, "training_time_total": 0.0, "val_accuracy": 0.09989999979734421, "val_loss": 3.113355271911621, "validation_time_mean": NaN, "validation_time_total": 0.0, "samples": 60000, "num_workers": 1, "done": false, "timesteps_total": null, "episodes_total": null, "training_iteration": 1, "neg_mean_loss": -3.113355271911621, "experiment_id": "16fbab580b4245b5835d20f800adb66d", "date": "2019-06-03_04-38-08", "timestamp": 1559561888, "time_this_iter_s": 47.433021068573, "time_total_s": 47.433021068573, "pid": 17432, "hostname": "steropes", "node_ip": "169.229.49.254", "config": {"starting_lr": 0.5, "momentum": 0.95, "weight_decay": 0.0001, "steps_per_iteration": null, "pin": false, "model_creator": null, "target_batch_size": 128, "model_string": "resnet50", "min_batch_size": 128, "dataset": "CIFAR", "placement": null, "use_nccl": true, "devices_per_worker": 1, "primary_resource": "extra_gpu", "gpu": false, "verbose": false, "lr_config": {"mode": "log", "steps": 5, "initial_lr": 0.5, "target_lr": 0.5}, "batch_per_device": 128}, "time_since_restore": 47.433021068573, "timesteps_since_restore": 0, "iterations_since_restore": 1, "mean_throughput": 1264.939398921183, "atoms": 1, "setup_time": 21.204569578170776}
{"apply": 0.019405078887939454, "batch_time": 0.03367751761327816, "d2h": 0.0007234811782836914, "data_time": 0.001784614894701087, "fwd": 0.028974485397338868, "get_state_time_mean": NaN, "get_state_time_total": 0.0, "grad": 0.04813573360443115, "mean_accuracy": 0.09989999979734421, "mean_loss": 2.8857851552963254, "neg_mean_accuracy": -0.09989999979734421, "set_state_time_mean": NaN, "set_state_time_total": 0.0, "setup_model_time_mean": NaN, "setup_model_time_total": 0.0, "setup_proc_time_mean": NaN, "setup_proc_time_total": 0.0, "train_accuracy": 0.0975399985909462, "train_loss": 2.3302572104644774, "training_time_mean": NaN, "training_time_total": 0.0, "val_accuracy": 0.09989999979734421, "val_loss": 2.65821503868103, "validation_time_mean": NaN, "validation_time_total": 0.0, "samples": 60000, "num_workers": 1, "done": false, "timesteps_total": null, "episodes_total": null, "training_iteration": 2, "neg_mean_loss": -2.8857851552963254, "experiment_id": "16fbab580b4245b5835d20f800adb66d", "date": "2019-06-03_04-38-49", "timestamp": 1559561929, "time_this_iter_s": 41.39740967750549, "time_total_s": 88.83043074607849, "pid": 17432, "hostname": "steropes", "node_ip": "169.229.49.254", "config": {"starting_lr": 0.5, "momentum": 0.95, "weight_decay": 0.0001, "steps_per_iteration": null, "pin": false, "model_creator": null, "target_batch_size": 128, "model_string": "resnet50", "min_batch_size": 128, "dataset": "CIFAR", "placement": null, "use_nccl": true, "devices_per_worker": 1, "primary_resource": "extra_gpu", "gpu": false, "verbose": false, "lr_config": {"mode": "log", "steps": 5, "initial_lr": 0.5, "target_lr": 0.5}, "batch_per_device": 128}, "time_since_restore": 88.83043074607849, "timesteps_since_restore": 0, "iterations_since_restore": 2, "mean_throughput": 1350.8834790623528, "atoms": 1, "setup_time": 21.204569578170776}
{"apply": 0.021276068687438966, "batch_time": 0.03164044512978083, "d2h": 0.0007169008255004883, "data_time": 0.0017520137455152428, "fwd": 0.029179596900939943, "get_state_time_mean": NaN, "get_state_time_total": 0.0, "grad": 0.04923336505889893, "mean_accuracy": 0.09993333121140797, "mean_loss": 2.7986344853719074, "neg_mean_accuracy": -0.09999999403953552, "set_state_time_mean": NaN, "set_state_time_total": 0.0, "setup_model_time_mean": NaN, "setup_model_time_total": 0.0, "setup_proc_time_mean": NaN, "setup_proc_time_total": 0.0, "train_accuracy": 0.1017799973487854, "train_loss": 2.3319579402160646, "training_time_mean": NaN, "training_time_total": 0.0, "val_accuracy": 0.09999999403953552, "val_loss": 2.6243331455230714, "validation_time_mean": NaN, "validation_time_total": 0.0, "samples": 60000, "num_workers": 1, "done": true, "timesteps_total": null, "episodes_total": null, "training_iteration": 3, "neg_mean_loss": -2.7986344853719074, "experiment_id": "16fbab580b4245b5835d20f800adb66d", "date": "2019-06-03_04-39-30", "timestamp": 1559561970, "time_this_iter_s": 41.22431182861328, "time_total_s": 130.05474257469177, "pid": 17432, "hostname": "steropes", "node_ip": "169.229.49.254", "config": {"starting_lr": 0.5, "momentum": 0.95, "weight_decay": 0.0001, "steps_per_iteration": null, "pin": false, "model_creator": null, "target_batch_size": 128, "model_string": "resnet50", "min_batch_size": 128, "dataset": "CIFAR", "placement": null, "use_nccl": true, "devices_per_worker": 1, "primary_resource": "extra_gpu", "gpu": false, "verbose": false, "lr_config": {"mode": "log", "steps": 5, "initial_lr": 0.5, "target_lr": 0.5}, "batch_per_device": 128}, "time_since_restore": 130.05474257469177, "timesteps_since_restore": 0, "iterations_since_restore": 3, "mean_throughput": 1384.0282445223054, "atoms": 1, "setup_time": 21.204569578170776}
