{"apply": 0.01756396293640137, "batch_time": 0.04367141180400607, "d2h": 0.0008826732635498046, "data_time": 0.001948198698975546, "fwd": 0.12664341926574707, "get_state_time_mean": NaN, "get_state_time_total": 0.0, "grad": 0.18770005702972412, "mean_accuracy": 0.11479999870061874, "mean_loss": 19.438068073272706, "neg_mean_accuracy": -0.11479999870061874, "set_state_time_mean": NaN, "set_state_time_total": 0.0, "setup_model_time_mean": 17.955040216445923, "setup_model_time_total": 17.955040216445923, "setup_proc_time_mean": 1.9467663764953613, "setup_proc_time_total": 1.9467663764953613, "train_accuracy": 0.15501999855041504, "train_loss": 4.551702121887207, "training_time_mean": NaN, "training_time_total": 0.0, "val_accuracy": 0.11479999870061874, "val_loss": 19.438068073272706, "validation_time_mean": NaN, "validation_time_total": 0.0, "samples": 60000, "num_workers": 1, "done": false, "timesteps_total": null, "episodes_total": null, "training_iteration": 1, "neg_mean_loss": -19.438068073272706, "experiment_id": "8fe8201ed3a54deb98d33f945b2e7d07", "date": "2019-06-03_22-25-23", "timestamp": 1559625923, "time_this_iter_s": 47.084917306900024, "time_total_s": 47.084917306900024, "pid": 26258, "hostname": "steropes", "node_ip": "169.229.49.254", "config": {"starting_lr": 0.05, "momentum": 0.9, "weight_decay": 0.0001, "steps_per_iteration": null, "pin": false, "model_creator": null, "target_batch_size": 128, "model_string": "resnet50", "min_batch_size": 128, "dataset": "CIFAR", "placement": null, "use_nccl": true, "devices_per_worker": 1, "primary_resource": "extra_gpu", "gpu": false, "verbose": false, "lr_config": {"mode": "log", "steps": 5, "initial_lr": 0.05, "target_lr": 0.05}, "batch_per_device": 128}, "time_since_restore": 47.084917306900024, "timesteps_since_restore": 0, "iterations_since_restore": 1, "mean_throughput": 1274.2910131894093, "atoms": 1, "setup_time": 19.99586534500122}
{"apply": 0.0171567440032959, "batch_time": 0.03213064881819713, "d2h": 0.0006976604461669921, "data_time": 0.0017727488447028352, "fwd": 0.02818911075592041, "get_state_time_mean": NaN, "get_state_time_total": 0.0, "grad": 0.0485044002532959, "mean_accuracy": 0.19269999489188194, "mean_loss": 15.761705887222291, "neg_mean_accuracy": -0.27059999108314514, "set_state_time_mean": NaN, "set_state_time_total": 0.0, "setup_model_time_mean": NaN, "setup_model_time_total": 0.0, "setup_proc_time_mean": NaN, "setup_proc_time_total": 0.0, "train_accuracy": 0.21879999339580536, "train_loss": 2.397971575164795, "training_time_mean": NaN, "training_time_total": 0.0, "val_accuracy": 0.27059999108314514, "val_loss": 12.085343701171874, "validation_time_mean": NaN, "validation_time_total": 0.0, "samples": 60000, "num_workers": 1, "done": false, "timesteps_total": null, "episodes_total": null, "training_iteration": 2, "neg_mean_loss": -15.761705887222291, "experiment_id": "8fe8201ed3a54deb98d33f945b2e7d07", "date": "2019-06-03_22-26-04", "timestamp": 1559625964, "time_this_iter_s": 41.30339813232422, "time_total_s": 88.38831543922424, "pid": 26258, "hostname": "steropes", "node_ip": "169.229.49.254", "config": {"starting_lr": 0.05, "momentum": 0.9, "weight_decay": 0.0001, "steps_per_iteration": null, "pin": false, "model_creator": null, "target_batch_size": 128, "model_string": "resnet50", "min_batch_size": 128, "dataset": "CIFAR", "placement": null, "use_nccl": true, "devices_per_worker": 1, "primary_resource": "extra_gpu", "gpu": false, "verbose": false, "lr_config": {"mode": "log", "steps": 5, "initial_lr": 0.05, "target_lr": 0.05}, "batch_per_device": 128}, "time_since_restore": 88.38831543922424, "timesteps_since_restore": 0, "iterations_since_restore": 2, "mean_throughput": 1357.639325668897, "atoms": 1, "setup_time": 19.99586534500122}
{"apply": 0.01721069812774658, "batch_time": 0.03196321861653388, "d2h": 0.0007226705551147461, "data_time": 0.00178143252497134, "fwd": 0.02789485454559326, "get_state_time_mean": NaN, "get_state_time_total": 0.0, "grad": 0.047661542892456055, "mean_accuracy": 0.23343332360188165, "mean_loss": 11.277122102038065, "neg_mean_accuracy": -0.3148999810218811, "set_state_time_mean": NaN, "set_state_time_total": 0.0, "setup_model_time_mean": NaN, "setup_model_time_total": 0.0, "setup_proc_time_mean": NaN, "setup_proc_time_total": 0.0, "train_accuracy": 0.2807599902153015, "train_loss": 2.0141129167175293, "training_time_mean": NaN, "training_time_total": 0.0, "val_accuracy": 0.3148999810218811, "val_loss": 2.307954531669617, "validation_time_mean": NaN, "validation_time_total": 0.0, "samples": 60000, "num_workers": 1, "done": true, "timesteps_total": null, "episodes_total": null, "training_iteration": 3, "neg_mean_loss": -11.277122102038065, "experiment_id": "8fe8201ed3a54deb98d33f945b2e7d07", "date": "2019-06-03_22-26-45", "timestamp": 1559626005, "time_this_iter_s": 40.99721050262451, "time_total_s": 129.38552594184875, "pid": 26258, "hostname": "steropes", "node_ip": "169.229.49.254", "config": {"starting_lr": 0.05, "momentum": 0.9, "weight_decay": 0.0001, "steps_per_iteration": null, "pin": false, "model_creator": null, "target_batch_size": 128, "model_string": "resnet50", "min_batch_size": 128, "dataset": "CIFAR", "placement": null, "use_nccl": true, "devices_per_worker": 1, "primary_resource": "extra_gpu", "gpu": false, "verbose": false, "lr_config": {"mode": "log", "steps": 5, "initial_lr": 0.05, "target_lr": 0.05}, "batch_per_device": 128}, "time_since_restore": 129.38552594184875, "timesteps_since_restore": 0, "iterations_since_restore": 3, "mean_throughput": 1391.185930985591, "atoms": 1, "setup_time": 19.99586534500122}
