{"apply": 0.017734670639038087, "batch_time": 0.04184612443175497, "d2h": 0.000654911994934082, "data_time": 0.0018564227901761185, "fwd": 0.17981605529785155, "get_state_time_mean": NaN, "get_state_time_total": 0.0, "grad": 0.18508989810943605, "mean_accuracy": 0.09999999403953552, "mean_loss": 3143952853938838.0, "neg_mean_accuracy": -0.09999999403953552, "set_state_time_mean": NaN, "set_state_time_total": 0.0, "setup_model_time_mean": 17.92785906791687, "setup_model_time_total": 17.92785906791687, "setup_proc_time_mean": 1.8782107830047607, "setup_proc_time_total": 1.8782107830047607, "train_accuracy": 0.09957999736070633, "train_loss": 6864.924332775879, "training_time_mean": NaN, "training_time_total": 0.0, "val_accuracy": 0.09999999403953552, "val_loss": 3143952853938838.0, "validation_time_mean": NaN, "validation_time_total": 0.0, "samples": 60000, "num_workers": 1, "done": false, "timesteps_total": null, "episodes_total": null, "training_iteration": 1, "neg_mean_loss": -3143952853938838.0, "experiment_id": "7bde85366f5d4d44a6b3099f9567b965", "date": "2019-06-06_14-17-25", "timestamp": 1559855845, "time_this_iter_s": 47.45193791389465, "time_total_s": 47.45193791389465, "pid": 30553, "hostname": "steropes", "node_ip": "169.229.49.254", "config": {"starting_lr": 0.5, "momentum": 0.997, "weight_decay": 0.0005, "steps_per_iteration": null, "pin": false, "model_creator": null, "target_batch_size": 128, "model_string": "resnet50", "min_batch_size": 128, "dataset": "CIFAR", "placement": null, "use_nccl": true, "devices_per_worker": 1, "primary_resource": "extra_gpu", "gpu": false, "verbose": false, "lr_config": {"mode": "log", "steps": 5, "initial_lr": 0.5, "target_lr": 0.5}, "batch_per_device": 128}, "time_since_restore": 47.45193791389465, "timesteps_since_restore": 0, "iterations_since_restore": 1, "mean_throughput": 1264.434835981065, "atoms": 1, "setup_time": 19.903059005737305}
{"apply": 0.019995689392089844, "batch_time": 0.03210198728344108, "d2h": 0.000706934928894043, "data_time": 0.001839225554405271, "fwd": 0.0296734094619751, "get_state_time_mean": NaN, "get_state_time_total": 0.0, "grad": 0.049308252334594724, "mean_accuracy": 0.10284999385476112, "mean_loss": 1573128666620310.2, "neg_mean_accuracy": -0.10569999366998672, "set_state_time_mean": NaN, "set_state_time_total": 0.0, "setup_model_time_mean": NaN, "setup_model_time_total": 0.0, "setup_proc_time_mean": NaN, "setup_proc_time_total": 0.0, "train_accuracy": 0.10527999699115753, "train_loss": 1927041223.2813327, "training_time_mean": NaN, "training_time_total": 0.0, "val_accuracy": 0.10569999366998672, "val_loss": 2304479301782.733, "validation_time_mean": NaN, "validation_time_total": 0.0, "samples": 60000, "num_workers": 1, "done": false, "timesteps_total": null, "episodes_total": null, "training_iteration": 2, "neg_mean_loss": -1573128666620310.2, "experiment_id": "7bde85366f5d4d44a6b3099f9567b965", "date": "2019-06-06_14-18-07", "timestamp": 1559855887, "time_this_iter_s": 41.79584455490112, "time_total_s": 89.24778246879578, "pid": 30553, "hostname": "steropes", "node_ip": "169.229.49.254", "config": {"starting_lr": 0.5, "momentum": 0.997, "weight_decay": 0.0005, "steps_per_iteration": null, "pin": false, "model_creator": null, "target_batch_size": 128, "model_string": "resnet50", "min_batch_size": 128, "dataset": "CIFAR", "placement": null, "use_nccl": true, "devices_per_worker": 1, "primary_resource": "extra_gpu", "gpu": false, "verbose": false, "lr_config": {"mode": "log", "steps": 5, "initial_lr": 0.5, "target_lr": 0.5}, "batch_per_device": 128}, "time_since_restore": 89.24778246879578, "timesteps_since_restore": 0, "iterations_since_restore": 2, "mean_throughput": 1344.5659749574518, "atoms": 1, "setup_time": 19.903059005737305}
{"apply": 0.018602204322814942, "batch_time": 0.03212317635741415, "d2h": 0.0007544517517089844, "data_time": 0.0017744238724184157, "fwd": 0.02833104133605957, "get_state_time_mean": NaN, "get_state_time_total": 0.0, "grad": 0.04803783893585205, "mean_accuracy": 0.1017666608095169, "mean_loss": 1.0304862372467427e+19, "neg_mean_accuracy": -0.09959999471902847, "set_state_time_mean": NaN, "set_state_time_total": 0.0, "setup_model_time_mean": NaN, "setup_model_time_total": 0.0, "setup_proc_time_mean": NaN, "setup_proc_time_total": 0.0, "train_accuracy": 0.09989999979734421, "train_loss": 27227568946786.305, "training_time_mean": NaN, "training_time_total": 0.0, "val_accuracy": 0.09959999471902847, "val_loss": 3.091144086006904e+19, "validation_time_mean": NaN, "validation_time_total": 0.0, "samples": 60000, "num_workers": 1, "done": true, "timesteps_total": null, "episodes_total": null, "training_iteration": 3, "neg_mean_loss": -1.0304862372467427e+19, "experiment_id": "7bde85366f5d4d44a6b3099f9567b965", "date": "2019-06-06_14-18-48", "timestamp": 1559855928, "time_this_iter_s": 40.977088928222656, "time_total_s": 130.22487139701843, "pid": 30553, "hostname": "steropes", "node_ip": "169.229.49.254", "config": {"starting_lr": 0.5, "momentum": 0.997, "weight_decay": 0.0005, "steps_per_iteration": null, "pin": false, "model_creator": null, "target_batch_size": 128, "model_string": "resnet50", "min_batch_size": 128, "dataset": "CIFAR", "placement": null, "use_nccl": true, "devices_per_worker": 1, "primary_resource": "extra_gpu", "gpu": false, "verbose": false, "lr_config": {"mode": "log", "steps": 5, "initial_lr": 0.5, "target_lr": 0.5}, "batch_per_device": 128}, "time_since_restore": 130.22487139701843, "timesteps_since_restore": 0, "iterations_since_restore": 3, "mean_throughput": 1382.2197715001068, "atoms": 1, "setup_time": 19.903059005737305}
