apply,batch_time,d2h,data_time,fwd,get_state_time_mean,get_state_time_total,grad,mean_accuracy,mean_loss,neg_mean_accuracy,set_state_time_mean,set_state_time_total,setup_model_time_mean,setup_model_time_total,setup_proc_time_mean,setup_proc_time_total,train_accuracy,train_loss,training_time_mean,training_time_total,val_accuracy,val_loss,validation_time_mean,validation_time_total,samples,num_workers,done,timesteps_total,episodes_total,training_iteration,neg_mean_loss,experiment_id,date,timestamp,time_this_iter_s,time_total_s,pid,hostname,node_ip,config,time_since_restore,timesteps_since_restore,iterations_since_restore,mean_throughput,atoms,setup_time
0.01794164180755615,0.04652045950104919,0.0006890535354614258,0.0019371015641390515,0.1204193115234375,nan,0.0,0.1724461317062378,0.09999999403953552,72155428893.4912,-0.09999999403953552,nan,0.0,10.90480661392212,10.90480661392212,1.7204017639160156,1.7204017639160156,0.09839999675750732,4433108.356998963,nan,0.0,0.09999999403953552,72155428893.4912,nan,0.0,60000,1,False,,,1,-72155428893.4912,fb5dd26d981d4d6cb14f0a85a58dc474,2019-06-06_10-28-32,1559842112,47.61374044418335,47.61374044418335,7385,steropes,169.229.49.254,"{'starting_lr': 1.0, 'momentum': 0.95, 'weight_decay': 0.005, 'steps_per_iteration': None, 'pin': False, 'model_creator': None, 'target_batch_size': 128, 'model_string': 'resnet50', 'min_batch_size': 128, 'dataset': 'CIFAR', 'placement': None, 'use_nccl': True, 'devices_per_worker': 1, 'primary_resource': 'extra_gpu', 'gpu': False, 'verbose': False, 'lr_config': {'mode': 'log', 'steps': 5, 'initial_lr': 1.0, 'target_lr': 1.0}, 'batch_per_device': 128}",47.61374044418335,0,1,1260.1381908470155,1,12.732069253921509
0.018369364738464355,0.033198579957213585,0.0006820917129516602,0.0019014137785148132,0.028562712669372558,nan,0.0,0.04904961585998535,0.09999999403953552,446347889732550.7,-0.09999999403953552,nan,0.0,nan,0.0,nan,0.0,0.10452000051736832,3333779431474.801,nan,0.0,0.09999999403953552,892623624036207.9,nan,0.0,60000,1,False,,,2,-446347889732550.7,fb5dd26d981d4d6cb14f0a85a58dc474,2019-06-06_10-29-13,1559842153,41.5650634765625,89.17880392074585,7385,steropes,169.229.49.254,"{'starting_lr': 1.0, 'momentum': 0.95, 'weight_decay': 0.005, 'steps_per_iteration': None, 'pin': False, 'model_creator': None, 'target_batch_size': 128, 'model_string': 'resnet50', 'min_batch_size': 128, 'dataset': 'CIFAR', 'placement': None, 'use_nccl': True, 'devices_per_worker': 1, 'primary_resource': 'extra_gpu', 'gpu': False, 'verbose': False, 'lr_config': {'mode': 'log', 'steps': 5, 'initial_lr': 1.0, 'target_lr': 1.0}, 'batch_per_device': 128}",89.17880392074585,0,2,1345.6087833417664,1,12.732069253921509
0.017621898651123048,0.0323169140876094,0.0006783246994018554,0.0018600758994021989,0.02819221019744873,nan,0.0,0.04821887016296387,0.06666666269302368,nan,-0.0,nan,0.0,nan,0.0,nan,0.0,0.05065999925136566,nan,nan,0.0,0.0,nan,nan,0.0,60000,1,False,,,3,nan,fb5dd26d981d4d6cb14f0a85a58dc474,2019-06-06_10-29-55,1559842195,41.5389084815979,130.71771240234375,7385,steropes,169.229.49.254,"{'starting_lr': 1.0, 'momentum': 0.95, 'weight_decay': 0.005, 'steps_per_iteration': None, 'pin': False, 'model_creator': None, 'target_batch_size': 128, 'model_string': 'resnet50', 'min_batch_size': 128, 'dataset': 'CIFAR', 'placement': None, 'use_nccl': True, 'devices_per_worker': 1, 'primary_resource': 'extra_gpu', 'gpu': False, 'verbose': False, 'lr_config': {'mode': 'log', 'steps': 5, 'initial_lr': 1.0, 'target_lr': 1.0}, 'batch_per_device': 128}",130.71771240234375,0,3,1377.010585305308,1,12.732069253921509
0.01993739604949951,0.03289443631715412,0.000688624382019043,0.0018984161679397153,0.02945663928985596,nan,0.0,0.04911630153656006,0.04999999701976776,nan,-0.0,nan,0.0,nan,0.0,nan,0.0,0.0,nan,nan,0.0,0.0,nan,nan,0.0,60000,1,True,,,4,nan,fb5dd26d981d4d6cb14f0a85a58dc474,2019-06-06_10-30-36,1559842236,41.35208559036255,172.0697979927063,7385,steropes,169.229.49.254,"{'starting_lr': 1.0, 'momentum': 0.95, 'weight_decay': 0.005, 'steps_per_iteration': None, 'pin': False, 'model_creator': None, 'target_batch_size': 128, 'model_string': 'resnet50', 'min_batch_size': 128, 'dataset': 'CIFAR', 'placement': None, 'use_nccl': True, 'devices_per_worker': 1, 'primary_resource': 'extra_gpu', 'gpu': False, 'verbose': False, 'lr_config': {'mode': 'log', 'steps': 5, 'initial_lr': 1.0, 'target_lr': 1.0}, 'batch_per_device': 128}",172.0697979927063,0,4,1394.7802298767529,1,12.732069253921509
