{"apply": 0.01794164180755615, "batch_time": 0.04652045950104919, "d2h": 0.0006890535354614258, "data_time": 0.0019371015641390515, "fwd": 0.1204193115234375, "get_state_time_mean": NaN, "get_state_time_total": 0.0, "grad": 0.1724461317062378, "mean_accuracy": 0.09999999403953552, "mean_loss": 72155428893.4912, "neg_mean_accuracy": -0.09999999403953552, "set_state_time_mean": NaN, "set_state_time_total": 0.0, "setup_model_time_mean": 10.90480661392212, "setup_model_time_total": 10.90480661392212, "setup_proc_time_mean": 1.7204017639160156, "setup_proc_time_total": 1.7204017639160156, "train_accuracy": 0.09839999675750732, "train_loss": 4433108.356998963, "training_time_mean": NaN, "training_time_total": 0.0, "val_accuracy": 0.09999999403953552, "val_loss": 72155428893.4912, "validation_time_mean": NaN, "validation_time_total": 0.0, "samples": 60000, "num_workers": 1, "done": false, "timesteps_total": null, "episodes_total": null, "training_iteration": 1, "neg_mean_loss": -72155428893.4912, "experiment_id": "fb5dd26d981d4d6cb14f0a85a58dc474", "date": "2019-06-06_10-28-32", "timestamp": 1559842112, "time_this_iter_s": 47.61374044418335, "time_total_s": 47.61374044418335, "pid": 7385, "hostname": "steropes", "node_ip": "169.229.49.254", "config": {"starting_lr": 1.0, "momentum": 0.95, "weight_decay": 0.005, "steps_per_iteration": null, "pin": false, "model_creator": null, "target_batch_size": 128, "model_string": "resnet50", "min_batch_size": 128, "dataset": "CIFAR", "placement": null, "use_nccl": true, "devices_per_worker": 1, "primary_resource": "extra_gpu", "gpu": false, "verbose": false, "lr_config": {"mode": "log", "steps": 5, "initial_lr": 1.0, "target_lr": 1.0}, "batch_per_device": 128}, "time_since_restore": 47.61374044418335, "timesteps_since_restore": 0, "iterations_since_restore": 1, "mean_throughput": 1260.1381908470155, "atoms": 1, "setup_time": 12.732069253921509}
{"apply": 0.018369364738464355, "batch_time": 0.033198579957213585, "d2h": 0.0006820917129516602, "data_time": 0.0019014137785148132, "fwd": 0.028562712669372558, "get_state_time_mean": NaN, "get_state_time_total": 0.0, "grad": 0.04904961585998535, "mean_accuracy": 0.09999999403953552, "mean_loss": 446347889732550.7, "neg_mean_accuracy": -0.09999999403953552, "set_state_time_mean": NaN, "set_state_time_total": 0.0, "setup_model_time_mean": NaN, "setup_model_time_total": 0.0, "setup_proc_time_mean": NaN, "setup_proc_time_total": 0.0, "train_accuracy": 0.10452000051736832, "train_loss": 3333779431474.801, "training_time_mean": NaN, "training_time_total": 0.0, "val_accuracy": 0.09999999403953552, "val_loss": 892623624036207.9, "validation_time_mean": NaN, "validation_time_total": 0.0, "samples": 60000, "num_workers": 1, "done": false, "timesteps_total": null, "episodes_total": null, "training_iteration": 2, "neg_mean_loss": -446347889732550.7, "experiment_id": "fb5dd26d981d4d6cb14f0a85a58dc474", "date": "2019-06-06_10-29-13", "timestamp": 1559842153, "time_this_iter_s": 41.5650634765625, "time_total_s": 89.17880392074585, "pid": 7385, "hostname": "steropes", "node_ip": "169.229.49.254", "config": {"starting_lr": 1.0, "momentum": 0.95, "weight_decay": 0.005, "steps_per_iteration": null, "pin": false, "model_creator": null, "target_batch_size": 128, "model_string": "resnet50", "min_batch_size": 128, "dataset": "CIFAR", "placement": null, "use_nccl": true, "devices_per_worker": 1, "primary_resource": "extra_gpu", "gpu": false, "verbose": false, "lr_config": {"mode": "log", "steps": 5, "initial_lr": 1.0, "target_lr": 1.0}, "batch_per_device": 128}, "time_since_restore": 89.17880392074585, "timesteps_since_restore": 0, "iterations_since_restore": 2, "mean_throughput": 1345.6087833417664, "atoms": 1, "setup_time": 12.732069253921509}
{"apply": 0.017621898651123048, "batch_time": 0.0323169140876094, "d2h": 0.0006783246994018554, "data_time": 0.0018600758994021989, "fwd": 0.02819221019744873, "get_state_time_mean": NaN, "get_state_time_total": 0.0, "grad": 0.04821887016296387, "mean_accuracy": 0.06666666269302368, "mean_loss": NaN, "neg_mean_accuracy": -0.0, "set_state_time_mean": NaN, "set_state_time_total": 0.0, "setup_model_time_mean": NaN, "setup_model_time_total": 0.0, "setup_proc_time_mean": NaN, "setup_proc_time_total": 0.0, "train_accuracy": 0.05065999925136566, "train_loss": NaN, "training_time_mean": NaN, "training_time_total": 0.0, "val_accuracy": 0.0, "val_loss": NaN, "validation_time_mean": NaN, "validation_time_total": 0.0, "samples": 60000, "num_workers": 1, "done": false, "timesteps_total": null, "episodes_total": null, "training_iteration": 3, "neg_mean_loss": NaN, "experiment_id": "fb5dd26d981d4d6cb14f0a85a58dc474", "date": "2019-06-06_10-29-55", "timestamp": 1559842195, "time_this_iter_s": 41.5389084815979, "time_total_s": 130.71771240234375, "pid": 7385, "hostname": "steropes", "node_ip": "169.229.49.254", "config": {"starting_lr": 1.0, "momentum": 0.95, "weight_decay": 0.005, "steps_per_iteration": null, "pin": false, "model_creator": null, "target_batch_size": 128, "model_string": "resnet50", "min_batch_size": 128, "dataset": "CIFAR", "placement": null, "use_nccl": true, "devices_per_worker": 1, "primary_resource": "extra_gpu", "gpu": false, "verbose": false, "lr_config": {"mode": "log", "steps": 5, "initial_lr": 1.0, "target_lr": 1.0}, "batch_per_device": 128}, "time_since_restore": 130.71771240234375, "timesteps_since_restore": 0, "iterations_since_restore": 3, "mean_throughput": 1377.010585305308, "atoms": 1, "setup_time": 12.732069253921509}
{"apply": 0.01993739604949951, "batch_time": 0.03289443631715412, "d2h": 0.000688624382019043, "data_time": 0.0018984161679397153, "fwd": 0.02945663928985596, "get_state_time_mean": NaN, "get_state_time_total": 0.0, "grad": 0.04911630153656006, "mean_accuracy": 0.04999999701976776, "mean_loss": NaN, "neg_mean_accuracy": -0.0, "set_state_time_mean": NaN, "set_state_time_total": 0.0, "setup_model_time_mean": NaN, "setup_model_time_total": 0.0, "setup_proc_time_mean": NaN, "setup_proc_time_total": 0.0, "train_accuracy": 0.0, "train_loss": NaN, "training_time_mean": NaN, "training_time_total": 0.0, "val_accuracy": 0.0, "val_loss": NaN, "validation_time_mean": NaN, "validation_time_total": 0.0, "samples": 60000, "num_workers": 1, "done": true, "timesteps_total": null, "episodes_total": null, "training_iteration": 4, "neg_mean_loss": NaN, "experiment_id": "fb5dd26d981d4d6cb14f0a85a58dc474", "date": "2019-06-06_10-30-36", "timestamp": 1559842236, "time_this_iter_s": 41.35208559036255, "time_total_s": 172.0697979927063, "pid": 7385, "hostname": "steropes", "node_ip": "169.229.49.254", "config": {"starting_lr": 1.0, "momentum": 0.95, "weight_decay": 0.005, "steps_per_iteration": null, "pin": false, "model_creator": null, "target_batch_size": 128, "model_string": "resnet50", "min_batch_size": 128, "dataset": "CIFAR", "placement": null, "use_nccl": true, "devices_per_worker": 1, "primary_resource": "extra_gpu", "gpu": false, "verbose": false, "lr_config": {"mode": "log", "steps": 5, "initial_lr": 1.0, "target_lr": 1.0}, "batch_per_device": 128}, "time_since_restore": 172.0697979927063, "timesteps_since_restore": 0, "iterations_since_restore": 4, "mean_throughput": 1394.7802298767529, "atoms": 1, "setup_time": 12.732069253921509}
