apply,batch_time,d2h,data_time,fwd,get_state_time_mean,get_state_time_total,grad,mean_accuracy,mean_loss,neg_mean_accuracy,set_state_time_mean,set_state_time_total,setup_model_time_mean,setup_model_time_total,setup_proc_time_mean,setup_proc_time_total,train_accuracy,train_loss,training_time_mean,training_time_total,val_accuracy,val_loss,validation_time_mean,validation_time_total,samples,num_workers,done,timesteps_total,episodes_total,training_iteration,neg_mean_loss,experiment_id,date,timestamp,time_this_iter_s,time_total_s,pid,hostname,node_ip,config,time_since_restore,timesteps_since_restore,iterations_since_restore,mean_throughput,atoms,setup_time
0.01854827404022217,0.04727860945689527,0.0006811857223510742,0.001852723948486016,0.1211989164352417,nan,0.0,0.2720534324645996,0.2540000081062317,2.292116255187988,-0.2540000081062317,nan,0.0,13.735459804534912,13.735459804534912,1.5866241455078125,1.5866241455078125,0.16283999383449554,2.542035086288452,nan,0.0,0.2540000081062317,2.292116255187988,nan,0.0,60000,1,False,,,1,-2.292116255187988,72445e06da584751826bbb95b68667df,2019-06-03_22-06-06,1559624766,47.95304465293884,47.95304465293884,6876,steropes,169.229.49.254,"{'starting_lr': 0.0001, 'momentum': 0.997, 'weight_decay': 0.005, 'steps_per_iteration': None, 'pin': False, 'model_creator': None, 'target_batch_size': 128, 'model_string': 'resnet50', 'min_batch_size': 128, 'dataset': 'CIFAR', 'placement': None, 'use_nccl': True, 'devices_per_worker': 1, 'primary_resource': 'extra_gpu', 'gpu': False, 'verbose': False, 'lr_config': {'mode': 'log', 'steps': 5, 'initial_lr': 0.0001, 'target_lr': 0.0001}, 'batch_per_device': 128}",47.95304465293884,0,1,1251.2217595220477,1,15.418420314788818
0.017804455757141114,0.03163635278049903,0.0006502389907836914,0.0017598535093809942,0.02796323299407959,nan,0.0,0.04821033477783203,0.28425000607967377,2.1157495401382445,-0.31450000405311584,nan,0.0,nan,0.0,nan,0.0,0.2766200006008148,2.03841102268219,nan,0.0,0.31450000405311584,1.939382825088501,nan,0.0,60000,1,False,,,2,-2.1157495401382445,72445e06da584751826bbb95b68667df,2019-06-03_22-06-47,1559624807,41.50846719741821,89.46151185035706,6876,steropes,169.229.49.254,"{'starting_lr': 0.0001, 'momentum': 0.997, 'weight_decay': 0.005, 'steps_per_iteration': None, 'pin': False, 'model_creator': None, 'target_batch_size': 128, 'model_string': 'resnet50', 'min_batch_size': 128, 'dataset': 'CIFAR', 'placement': None, 'use_nccl': True, 'devices_per_worker': 1, 'primary_resource': 'extra_gpu', 'gpu': False, 'verbose': False, 'lr_config': {'mode': 'log', 'steps': 5, 'initial_lr': 0.0001, 'target_lr': 0.0001}, 'batch_per_device': 128}",89.46151185035706,0,2,1341.353892595738,1,15.418420314788818
0.017711758613586426,0.03198913984660861,0.0006680965423583984,0.0018190929042103956,0.027829766273498535,nan,0.0,0.047675251960754395,0.3124333322048187,2.000326461156209,-0.36879998445510864,nan,0.0,nan,0.0,nan,0.0,0.32378000020980835,1.9022451342391968,nan,0.0,0.36879998445510864,1.7694803031921387,nan,0.0,60000,1,False,,,3,-2.000326461156209,72445e06da584751826bbb95b68667df,2019-06-03_22-07-28,1559624848,40.90056037902832,130.36207222938538,6876,steropes,169.229.49.254,"{'starting_lr': 0.0001, 'momentum': 0.997, 'weight_decay': 0.005, 'steps_per_iteration': None, 'pin': False, 'model_creator': None, 'target_batch_size': 128, 'model_string': 'resnet50', 'min_batch_size': 128, 'dataset': 'CIFAR', 'placement': None, 'use_nccl': True, 'devices_per_worker': 1, 'primary_resource': 'extra_gpu', 'gpu': False, 'verbose': False, 'lr_config': {'mode': 'log', 'steps': 5, 'initial_lr': 0.0001, 'target_lr': 0.0001}, 'batch_per_device': 128}",130.36207222938538,0,3,1380.7653134286759,1,15.418420314788818
0.017729973793029784,0.03170126902906201,0.0006592988967895508,0.0018523166246731263,0.02835547924041748,nan,0.0,0.0482419490814209,0.33549999445676804,1.9206988625526427,-0.40469998121261597,nan,0.0,nan,0.0,nan,0.0,0.3581799864768982,1.7916998770904542,nan,0.0,0.40469998121261597,1.6818160667419433,nan,0.0,60000,1,False,,,4,-1.9206988625526427,72445e06da584751826bbb95b68667df,2019-06-03_22-08-09,1559624889,40.76384496688843,171.1259171962738,6876,steropes,169.229.49.254,"{'starting_lr': 0.0001, 'momentum': 0.997, 'weight_decay': 0.005, 'steps_per_iteration': None, 'pin': False, 'model_creator': None, 'target_batch_size': 128, 'model_string': 'resnet50', 'min_batch_size': 128, 'dataset': 'CIFAR', 'placement': None, 'use_nccl': True, 'devices_per_worker': 1, 'primary_resource': 'extra_gpu', 'gpu': False, 'verbose': False, 'lr_config': {'mode': 'log', 'steps': 5, 'initial_lr': 0.0001, 'target_lr': 0.0001}, 'batch_per_device': 128}",171.1259171962738,0,4,1402.4720341903628,1,15.418420314788818
0.01762089729309082,0.03148401538027993,0.0006859779357910156,0.001759626066593258,0.028226709365844725,nan,0.0,0.049005961418151854,0.3576399922370911,1.8502573457336424,-0.4461999833583832,nan,0.0,nan,0.0,nan,0.0,0.3980199992656708,1.6812492917251587,nan,0.0,0.4461999833583832,1.5684912784576417,nan,0.0,60000,1,False,,,5,-1.8502573457336424,72445e06da584751826bbb95b68667df,2019-06-03_22-08-50,1559624930,40.92725324630737,212.05317044258118,6876,steropes,169.229.49.254,"{'starting_lr': 0.0001, 'momentum': 0.997, 'weight_decay': 0.005, 'steps_per_iteration': None, 'pin': False, 'model_creator': None, 'target_batch_size': 128, 'model_string': 'resnet50', 'min_batch_size': 128, 'dataset': 'CIFAR', 'placement': None, 'use_nccl': True, 'devices_per_worker': 1, 'primary_resource': 'extra_gpu', 'gpu': False, 'verbose': False, 'lr_config': {'mode': 'log', 'steps': 5, 'initial_lr': 0.0001, 'target_lr': 0.0001}, 'batch_per_device': 128}",212.05317044258118,0,5,1414.7357650198644,1,15.418420314788818
0.01783907413482666,0.03165856192383585,0.0006681680679321289,0.0017660365385167738,0.028493261337280272,nan,0.0,0.048328495025634764,0.3990199863910675,1.6953887542724608,-0.4608999788761139,nan,0.0,nan,0.0,nan,0.0,0.4275600016117096,1.5892091411590576,nan,0.0,0.4608999788761139,1.5177732978820802,nan,0.0,60000,1,False,,,6,-1.6953887542724608,72445e06da584751826bbb95b68667df,2019-06-03_22-09-31,1559624971,40.96063542366028,253.01380586624146,6876,steropes,169.229.49.254,"{'starting_lr': 0.0001, 'momentum': 0.997, 'weight_decay': 0.005, 'steps_per_iteration': None, 'pin': False, 'model_creator': None, 'target_batch_size': 128, 'model_string': 'resnet50', 'min_batch_size': 128, 'dataset': 'CIFAR', 'placement': None, 'use_nccl': True, 'devices_per_worker': 1, 'primary_resource': 'extra_gpu', 'gpu': False, 'verbose': False, 'lr_config': {'mode': 'log', 'steps': 5, 'initial_lr': 0.0001, 'target_lr': 0.0001}, 'batch_per_device': 128}",253.01380586624146,0,6,1462.9770676537391,1,15.418420314788818
0.0179948091506958,0.03317822987520242,0.0006702661514282227,0.0018100738525390625,0.028073048591613768,nan,0.0,0.0479243278503418,0.42867998480796815,1.6291107166290282,-0.462799996137619,nan,0.0,nan,0.0,nan,0.0,0.4487999975681305,1.5490643129730224,nan,0.0,0.462799996137619,1.607992636871338,nan,0.0,60000,1,False,,,7,-1.6291107166290282,72445e06da584751826bbb95b68667df,2019-06-03_22-10-12,1559625012,41.36615872383118,294.37996459007263,6876,steropes,169.229.49.254,"{'starting_lr': 0.0001, 'momentum': 0.997, 'weight_decay': 0.005, 'steps_per_iteration': None, 'pin': False, 'model_creator': None, 'target_batch_size': 128, 'model_string': 'resnet50', 'min_batch_size': 128, 'dataset': 'CIFAR', 'placement': None, 'use_nccl': True, 'devices_per_worker': 1, 'primary_resource': 'extra_gpu', 'gpu': False, 'verbose': False, 'lr_config': {'mode': 'log', 'steps': 5, 'initial_lr': 0.0001, 'target_lr': 0.0001}, 'batch_per_device': 128}",294.37996459007263,0,7,1463.9943255029516,1,15.418420314788818
0.017282581329345702,0.03160378299181974,0.0006574869155883789,0.001828614403219784,0.027689790725708006,nan,0.0,0.047824311256408694,0.4528199851512909,1.5595450503921509,-0.4894999861717224,nan,0.0,nan,0.0,nan,0.0,0.46567997336387634,1.4922582394790649,nan,0.0,0.4894999861717224,1.4216519720077514,nan,0.0,60000,1,False,,,8,-1.5595450503921509,72445e06da584751826bbb95b68667df,2019-06-03_22-10-53,1559625053,40.88541507720947,335.2653796672821,6876,steropes,169.229.49.254,"{'starting_lr': 0.0001, 'momentum': 0.997, 'weight_decay': 0.005, 'steps_per_iteration': None, 'pin': False, 'model_creator': None, 'target_batch_size': 128, 'model_string': 'resnet50', 'min_batch_size': 128, 'dataset': 'CIFAR', 'placement': None, 'use_nccl': True, 'devices_per_worker': 1, 'primary_resource': 'extra_gpu', 'gpu': False, 'verbose': False, 'lr_config': {'mode': 'log', 'steps': 5, 'initial_lr': 0.0001, 'target_lr': 0.0001}, 'batch_per_device': 128}",335.2653796672821,0,8,1464.102542358832,1,15.418420314788818
0.018161797523498537,0.031924299046963076,0.0006629705429077148,0.0018075561279531024,0.028319525718688964,nan,0.0,0.04850592613220215,0.47343998551368716,1.503949026069641,-0.5077999830245972,nan,0.0,nan,0.0,nan,0.0,0.48089998960494995,1.4399297642898559,nan,0.0,0.5077999830245972,1.4038359451293945,nan,0.0,60000,1,False,,,9,-1.503949026069641,72445e06da584751826bbb95b68667df,2019-06-03_22-11-34,1559625094,40.83413529396057,376.0995149612427,6876,steropes,169.229.49.254,"{'starting_lr': 0.0001, 'momentum': 0.997, 'weight_decay': 0.005, 'steps_per_iteration': None, 'pin': False, 'model_creator': None, 'target_batch_size': 128, 'model_string': 'resnet50', 'min_batch_size': 128, 'dataset': 'CIFAR', 'placement': None, 'use_nccl': True, 'devices_per_worker': 1, 'primary_resource': 'extra_gpu', 'gpu': False, 'verbose': False, 'lr_config': {'mode': 'log', 'steps': 5, 'initial_lr': 0.0001, 'target_lr': 0.0001}, 'batch_per_device': 128}",376.0995149612427,0,9,1463.6004540322053,1,15.418420314788818
0.017544937133789063,0.03225509728057475,0.0006673336029052734,0.0018080457702012319,0.027965593338012695,nan,0.0,0.04885883331298828,0.48887999057769777,1.4612871417617797,-0.5234000086784363,nan,0.0,nan,0.0,nan,0.0,0.4992999732494354,1.3991114520263672,nan,0.0,0.5234000086784363,1.355181856918335,nan,0.0,60000,1,False,,,10,-1.4612871417617797,72445e06da584751826bbb95b68667df,2019-06-03_22-12-15,1559625135,41.03601789474487,417.13553285598755,6876,steropes,169.229.49.254,"{'starting_lr': 0.0001, 'momentum': 0.997, 'weight_decay': 0.005, 'steps_per_iteration': None, 'pin': False, 'model_creator': None, 'target_batch_size': 128, 'model_string': 'resnet50', 'min_batch_size': 128, 'dataset': 'CIFAR', 'placement': None, 'use_nccl': True, 'devices_per_worker': 1, 'primary_resource': 'extra_gpu', 'gpu': False, 'verbose': False, 'lr_config': {'mode': 'log', 'steps': 5, 'initial_lr': 0.0001, 'target_lr': 0.0001}, 'batch_per_device': 128}",417.13553285598755,0,10,1462.8241912184606,1,15.418420314788818
0.01851348876953125,0.03213411041452915,0.0007762670516967774,0.0018095451852549677,0.028984618186950684,nan,0.0,0.047879815101623535,0.5026999890804291,1.4195788353347776,-0.5299999713897705,nan,0.0,nan,0.0,nan,0.0,0.5150799751281738,1.3482499621963502,nan,0.0,0.5299999713897705,1.3092317657470702,nan,0.0,60000,1,False,,,11,-1.4195788353347776,72445e06da584751826bbb95b68667df,2019-06-03_22-12-56,1559625176,40.96477508544922,458.10030794143677,6876,steropes,169.229.49.254,"{'starting_lr': 0.0001, 'momentum': 0.997, 'weight_decay': 0.005, 'steps_per_iteration': None, 'pin': False, 'model_creator': None, 'target_batch_size': 128, 'model_string': 'resnet50', 'min_batch_size': 128, 'dataset': 'CIFAR', 'placement': None, 'use_nccl': True, 'devices_per_worker': 1, 'primary_resource': 'extra_gpu', 'gpu': False, 'verbose': False, 'lr_config': {'mode': 'log', 'steps': 5, 'initial_lr': 0.0001, 'target_lr': 0.0001}, 'batch_per_device': 128}",458.10030794143677,0,11,1462.7946574310618,1,15.418420314788818
0.02000582218170166,0.03175616867934601,0.0006707906723022461,0.001784074032093253,0.029897284507751466,nan,0.0,0.048902034759521484,0.5174799919128418,1.3561044239807127,-0.5367000102996826,nan,0.0,nan,0.0,nan,0.0,0.5259799957275391,1.315189379005432,nan,0.0,0.5367000102996826,1.290620580101013,nan,0.0,60000,1,False,,,12,-1.3561044239807127,72445e06da584751826bbb95b68667df,2019-06-03_22-13-37,1559625217,40.81936836242676,498.9196763038635,6876,steropes,169.229.49.254,"{'starting_lr': 0.0001, 'momentum': 0.997, 'weight_decay': 0.005, 'steps_per_iteration': None, 'pin': False, 'model_creator': None, 'target_batch_size': 128, 'model_string': 'resnet50', 'min_batch_size': 128, 'dataset': 'CIFAR', 'placement': None, 'use_nccl': True, 'devices_per_worker': 1, 'primary_resource': 'extra_gpu', 'gpu': False, 'verbose': False, 'lr_config': {'mode': 'log', 'steps': 5, 'initial_lr': 0.0001, 'target_lr': 0.0001}, 'batch_per_device': 128}",498.9196763038635,0,12,1466.7050695937655,1,15.418420314788818
0.01810798645019531,0.031617415102222296,0.0006710529327392578,0.0018241710370154028,0.028347349166870116,nan,0.0,0.04804749488830566,0.5309399962425232,1.320360223045349,-0.5568000078201294,nan,0.0,nan,0.0,nan,0.0,0.5418199896812439,1.286262110748291,nan,0.0,0.5568000078201294,1.2429309673309326,nan,0.0,60000,1,False,,,13,-1.320360223045349,72445e06da584751826bbb95b68667df,2019-06-03_22-14-18,1559625258,41.15886306762695,540.0785393714905,6876,steropes,169.229.49.254,"{'starting_lr': 0.0001, 'momentum': 0.997, 'weight_decay': 0.005, 'steps_per_iteration': None, 'pin': False, 'model_creator': None, 'target_batch_size': 128, 'model_string': 'resnet50', 'min_batch_size': 128, 'dataset': 'CIFAR', 'placement': None, 'use_nccl': True, 'devices_per_worker': 1, 'primary_resource': 'extra_gpu', 'gpu': False, 'verbose': False, 'lr_config': {'mode': 'log', 'steps': 5, 'initial_lr': 0.0001, 'target_lr': 0.0001}, 'batch_per_device': 128}",540.0785393714905,0,13,1464.7463755113722,1,15.418420314788818
0.018683552742004395,0.033842482144319556,0.0006720542907714844,0.0018217758754330217,0.028139019012451173,nan,0.0,0.04786984920501709,0.5431599974632263,1.2784911869049072,-0.5688999891281128,nan,0.0,nan,0.0,nan,0.0,0.557699978351593,1.2412843285751343,nan,0.0,0.5688999891281128,1.1944907644271852,nan,0.0,60000,1,False,,,14,-1.2784911869049072,72445e06da584751826bbb95b68667df,2019-06-03_22-14-59,1559625299,41.04760932922363,581.1261487007141,6876,steropes,169.229.49.254,"{'starting_lr': 0.0001, 'momentum': 0.997, 'weight_decay': 0.005, 'steps_per_iteration': None, 'pin': False, 'model_creator': None, 'target_batch_size': 128, 'model_string': 'resnet50', 'min_batch_size': 128, 'dataset': 'CIFAR', 'placement': None, 'use_nccl': True, 'devices_per_worker': 1, 'primary_resource': 'extra_gpu', 'gpu': False, 'verbose': False, 'lr_config': {'mode': 'log', 'steps': 5, 'initial_lr': 0.0001, 'target_lr': 0.0001}, 'batch_per_device': 128}",581.1261487007141,0,14,1463.2212964096227,1,15.418420314788818
0.018315720558166503,0.031765859338301644,0.0006901979446411133,0.0018039237507773787,0.0283735990524292,nan,0.0,0.049231672286987306,0.5577399969100952,1.237309037094116,-0.5963000059127808,nan,0.0,nan,0.0,nan,0.0,0.5674799680709839,1.2000493722915648,nan,0.0,0.5963000059127808,1.1492711078643798,nan,0.0,60000,1,False,,,15,-1.237309037094116,72445e06da584751826bbb95b68667df,2019-06-03_22-15-40,1559625340,40.870129346847534,621.9962780475616,6876,steropes,169.229.49.254,"{'starting_lr': 0.0001, 'momentum': 0.997, 'weight_decay': 0.005, 'steps_per_iteration': None, 'pin': False, 'model_creator': None, 'target_batch_size': 128, 'model_string': 'resnet50', 'min_batch_size': 128, 'dataset': 'CIFAR', 'placement': None, 'use_nccl': True, 'devices_per_worker': 1, 'primary_resource': 'extra_gpu', 'gpu': False, 'verbose': False, 'lr_config': {'mode': 'log', 'steps': 5, 'initial_lr': 0.0001, 'target_lr': 0.0001}, 'batch_per_device': 128}",621.9962780475616,0,15,1464.4061793741014,1,15.418420314788818
0.01744520664215088,0.031557572038867804,0.000670480728149414,0.0017981102399508972,0.027587246894836426,nan,0.0,0.049036288261413576,0.5691200017929077,1.2062360035705564,-0.586899995803833,nan,0.0,nan,0.0,nan,0.0,0.5826599597930908,1.1705791944122315,nan,0.0,0.586899995803833,1.1538665981292724,nan,0.0,60000,1,False,,,16,-1.2062360035705564,72445e06da584751826bbb95b68667df,2019-06-03_22-16-21,1559625381,40.96054720878601,662.9568252563477,6876,steropes,169.229.49.254,"{'starting_lr': 0.0001, 'momentum': 0.997, 'weight_decay': 0.005, 'steps_per_iteration': None, 'pin': False, 'model_creator': None, 'target_batch_size': 128, 'model_string': 'resnet50', 'min_batch_size': 128, 'dataset': 'CIFAR', 'placement': None, 'use_nccl': True, 'devices_per_worker': 1, 'primary_resource': 'extra_gpu', 'gpu': False, 'verbose': False, 'lr_config': {'mode': 'log', 'steps': 5, 'initial_lr': 0.0001, 'target_lr': 0.0001}, 'batch_per_device': 128}",662.9568252563477,0,16,1464.4364071776372,1,15.418420314788818
0.017728900909423827,0.03206002259556251,0.0007576704025268555,0.0018076683249315033,0.028330564498901367,nan,0.0,0.048203897476196286,0.5826799988746643,1.17129867729187,-0.6044999957084656,nan,0.0,nan,0.0,nan,0.0,0.5977599620819092,1.1333861557388305,nan,0.0,0.6044999957084656,1.1159339487075806,nan,0.0,60000,1,False,,,17,-1.17129867729187,72445e06da584751826bbb95b68667df,2019-06-03_22-17-02,1559625422,40.75033211708069,703.7071573734283,6876,steropes,169.229.49.254,"{'starting_lr': 0.0001, 'momentum': 0.997, 'weight_decay': 0.005, 'steps_per_iteration': None, 'pin': False, 'model_creator': None, 'target_batch_size': 128, 'model_string': 'resnet50', 'min_batch_size': 128, 'dataset': 'CIFAR', 'placement': None, 'use_nccl': True, 'devices_per_worker': 1, 'primary_resource': 'extra_gpu', 'gpu': False, 'verbose': False, 'lr_config': {'mode': 'log', 'steps': 5, 'initial_lr': 0.0001, 'target_lr': 0.0001}, 'batch_per_device': 128}",703.7071573734283,0,17,1464.9300846662281,1,15.418420314788818
0.01817142963409424,0.0351921817924403,0.0006613731384277344,0.001828118663309785,0.028538441658020018,nan,0.0,0.04847218990325928,0.5958999991416931,1.1374460309600827,-0.6229000091552734,nan,0.0,nan,0.0,nan,0.0,0.612500011920929,1.0908210636138915,nan,0.0,0.6229000091552734,1.073667735671997,nan,0.0,60000,1,False,,,18,-1.1374460309600827,72445e06da584751826bbb95b68667df,2019-06-03_22-17-43,1559625463,41.28805065155029,744.9952080249786,6876,steropes,169.229.49.254,"{'starting_lr': 0.0001, 'momentum': 0.997, 'weight_decay': 0.005, 'steps_per_iteration': None, 'pin': False, 'model_creator': None, 'target_batch_size': 128, 'model_string': 'resnet50', 'min_batch_size': 128, 'dataset': 'CIFAR', 'placement': None, 'use_nccl': True, 'devices_per_worker': 1, 'primary_resource': 'extra_gpu', 'gpu': False, 'verbose': False, 'lr_config': {'mode': 'log', 'steps': 5, 'initial_lr': 0.0001, 'target_lr': 0.0001}, 'batch_per_device': 128}",744.9952080249786,0,18,1464.0070239040906,1,15.418420314788818
0.017616891860961915,0.03231276741510705,0.000670766830444336,0.0018061396411007933,0.02865755558013916,nan,0.0,0.04887056350708008,0.6077199935913086,1.111238885116577,-0.6279999613761902,nan,0.0,nan,0.0,nan,0.0,0.621679961681366,1.0665203847503661,nan,0.0,0.6279999613761902,1.0634550352096557,nan,0.0,60000,1,False,,,19,-1.111238885116577,72445e06da584751826bbb95b68667df,2019-06-03_22-18-24,1559625504,40.87950563430786,785.8747136592865,6876,steropes,169.229.49.254,"{'starting_lr': 0.0001, 'momentum': 0.997, 'weight_decay': 0.005, 'steps_per_iteration': None, 'pin': False, 'model_creator': None, 'target_batch_size': 128, 'model_string': 'resnet50', 'min_batch_size': 128, 'dataset': 'CIFAR', 'placement': None, 'use_nccl': True, 'devices_per_worker': 1, 'primary_resource': 'extra_gpu', 'gpu': False, 'verbose': False, 'lr_config': {'mode': 'log', 'steps': 5, 'initial_lr': 0.0001, 'target_lr': 0.0001}, 'batch_per_device': 128}",785.8747136592865,0,19,1465.209011477816,1,15.418420314788818
0.017371010780334473,0.031549909446812886,0.0006637096405029297,0.0017864954136216733,0.027718877792358397,nan,0.0,0.04740188121795654,0.6170999884605408,1.0854028453063964,-0.6431999802589417,nan,0.0,nan,0.0,nan,0.0,0.6290000081062317,1.0477041522216797,nan,0.0,0.6431999802589417,1.0200909088134766,nan,0.0,60000,1,False,,,20,-1.0854028453063964,72445e06da584751826bbb95b68667df,2019-06-03_22-19-05,1559625545,40.85114407539368,826.7258577346802,6876,steropes,169.229.49.254,"{'starting_lr': 0.0001, 'momentum': 0.997, 'weight_decay': 0.005, 'steps_per_iteration': None, 'pin': False, 'model_creator': None, 'target_batch_size': 128, 'model_string': 'resnet50', 'min_batch_size': 128, 'dataset': 'CIFAR', 'placement': None, 'use_nccl': True, 'devices_per_worker': 1, 'primary_resource': 'extra_gpu', 'gpu': False, 'verbose': False, 'lr_config': {'mode': 'log', 'steps': 5, 'initial_lr': 0.0001, 'target_lr': 0.0001}, 'batch_per_device': 128}",826.7258577346802,0,20,1465.3448918748704,1,15.418420314788818
0.017379260063171385,0.03225550470472891,0.0009084224700927734,0.0017999005134758132,0.027663993835449218,nan,0.0,0.048294234275817874,0.6308599829673767,1.0517353235626221,-0.6556999683380127,nan,0.0,nan,0.0,nan,0.0,0.6440799832344055,1.0048700140190125,nan,0.0,0.6556999683380127,0.9855289894104003,nan,0.0,60000,1,False,,,21,-1.0517353235626221,72445e06da584751826bbb95b68667df,2019-06-03_22-19-46,1559625586,41.091460943222046,867.8173186779022,6876,steropes,169.229.49.254,"{'starting_lr': 0.0001, 'momentum': 0.997, 'weight_decay': 0.005, 'steps_per_iteration': None, 'pin': False, 'model_creator': None, 'target_batch_size': 128, 'model_string': 'resnet50', 'min_batch_size': 128, 'dataset': 'CIFAR', 'placement': None, 'use_nccl': True, 'devices_per_worker': 1, 'primary_resource': 'extra_gpu', 'gpu': False, 'verbose': False, 'lr_config': {'mode': 'log', 'steps': 5, 'initial_lr': 0.0001, 'target_lr': 0.0001}, 'batch_per_device': 128}",867.8173186779022,0,21,1464.4084767524291,1,15.418420314788818
