{"apply": 0.01854827404022217, "batch_time": 0.04727860945689527, "d2h": 0.0006811857223510742, "data_time": 0.001852723948486016, "fwd": 0.1211989164352417, "get_state_time_mean": NaN, "get_state_time_total": 0.0, "grad": 0.2720534324645996, "mean_accuracy": 0.2540000081062317, "mean_loss": 2.292116255187988, "neg_mean_accuracy": -0.2540000081062317, "set_state_time_mean": NaN, "set_state_time_total": 0.0, "setup_model_time_mean": 13.735459804534912, "setup_model_time_total": 13.735459804534912, "setup_proc_time_mean": 1.5866241455078125, "setup_proc_time_total": 1.5866241455078125, "train_accuracy": 0.16283999383449554, "train_loss": 2.542035086288452, "training_time_mean": NaN, "training_time_total": 0.0, "val_accuracy": 0.2540000081062317, "val_loss": 2.292116255187988, "validation_time_mean": NaN, "validation_time_total": 0.0, "samples": 60000, "num_workers": 1, "done": false, "timesteps_total": null, "episodes_total": null, "training_iteration": 1, "neg_mean_loss": -2.292116255187988, "experiment_id": "72445e06da584751826bbb95b68667df", "date": "2019-06-03_22-06-06", "timestamp": 1559624766, "time_this_iter_s": 47.95304465293884, "time_total_s": 47.95304465293884, "pid": 6876, "hostname": "steropes", "node_ip": "169.229.49.254", "config": {"starting_lr": 0.0001, "momentum": 0.997, "weight_decay": 0.005, "steps_per_iteration": null, "pin": false, "model_creator": null, "target_batch_size": 128, "model_string": "resnet50", "min_batch_size": 128, "dataset": "CIFAR", "placement": null, "use_nccl": true, "devices_per_worker": 1, "primary_resource": "extra_gpu", "gpu": false, "verbose": false, "lr_config": {"mode": "log", "steps": 5, "initial_lr": 0.0001, "target_lr": 0.0001}, "batch_per_device": 128}, "time_since_restore": 47.95304465293884, "timesteps_since_restore": 0, "iterations_since_restore": 1, "mean_throughput": 1251.2217595220477, "atoms": 1, "setup_time": 15.418420314788818}
{"apply": 0.017804455757141114, "batch_time": 0.03163635278049903, "d2h": 0.0006502389907836914, "data_time": 0.0017598535093809942, "fwd": 0.02796323299407959, "get_state_time_mean": NaN, "get_state_time_total": 0.0, "grad": 0.04821033477783203, "mean_accuracy": 0.28425000607967377, "mean_loss": 2.1157495401382445, "neg_mean_accuracy": -0.31450000405311584, "set_state_time_mean": NaN, "set_state_time_total": 0.0, "setup_model_time_mean": NaN, "setup_model_time_total": 0.0, "setup_proc_time_mean": NaN, "setup_proc_time_total": 0.0, "train_accuracy": 0.2766200006008148, "train_loss": 2.03841102268219, "training_time_mean": NaN, "training_time_total": 0.0, "val_accuracy": 0.31450000405311584, "val_loss": 1.939382825088501, "validation_time_mean": NaN, "validation_time_total": 0.0, "samples": 60000, "num_workers": 1, "done": false, "timesteps_total": null, "episodes_total": null, "training_iteration": 2, "neg_mean_loss": -2.1157495401382445, "experiment_id": "72445e06da584751826bbb95b68667df", "date": "2019-06-03_22-06-47", "timestamp": 1559624807, "time_this_iter_s": 41.50846719741821, "time_total_s": 89.46151185035706, "pid": 6876, "hostname": "steropes", "node_ip": "169.229.49.254", "config": {"starting_lr": 0.0001, "momentum": 0.997, "weight_decay": 0.005, "steps_per_iteration": null, "pin": false, "model_creator": null, "target_batch_size": 128, "model_string": "resnet50", "min_batch_size": 128, "dataset": "CIFAR", "placement": null, "use_nccl": true, "devices_per_worker": 1, "primary_resource": "extra_gpu", "gpu": false, "verbose": false, "lr_config": {"mode": "log", "steps": 5, "initial_lr": 0.0001, "target_lr": 0.0001}, "batch_per_device": 128}, "time_since_restore": 89.46151185035706, "timesteps_since_restore": 0, "iterations_since_restore": 2, "mean_throughput": 1341.353892595738, "atoms": 1, "setup_time": 15.418420314788818}
{"apply": 0.017711758613586426, "batch_time": 0.03198913984660861, "d2h": 0.0006680965423583984, "data_time": 0.0018190929042103956, "fwd": 0.027829766273498535, "get_state_time_mean": NaN, "get_state_time_total": 0.0, "grad": 0.047675251960754395, "mean_accuracy": 0.3124333322048187, "mean_loss": 2.000326461156209, "neg_mean_accuracy": -0.36879998445510864, "set_state_time_mean": NaN, "set_state_time_total": 0.0, "setup_model_time_mean": NaN, "setup_model_time_total": 0.0, "setup_proc_time_mean": NaN, "setup_proc_time_total": 0.0, "train_accuracy": 0.32378000020980835, "train_loss": 1.9022451342391968, "training_time_mean": NaN, "training_time_total": 0.0, "val_accuracy": 0.36879998445510864, "val_loss": 1.7694803031921387, "validation_time_mean": NaN, "validation_time_total": 0.0, "samples": 60000, "num_workers": 1, "done": false, "timesteps_total": null, "episodes_total": null, "training_iteration": 3, "neg_mean_loss": -2.000326461156209, "experiment_id": "72445e06da584751826bbb95b68667df", "date": "2019-06-03_22-07-28", "timestamp": 1559624848, "time_this_iter_s": 40.90056037902832, "time_total_s": 130.36207222938538, "pid": 6876, "hostname": "steropes", "node_ip": "169.229.49.254", "config": {"starting_lr": 0.0001, "momentum": 0.997, "weight_decay": 0.005, "steps_per_iteration": null, "pin": false, "model_creator": null, "target_batch_size": 128, "model_string": "resnet50", "min_batch_size": 128, "dataset": "CIFAR", "placement": null, "use_nccl": true, "devices_per_worker": 1, "primary_resource": "extra_gpu", "gpu": false, "verbose": false, "lr_config": {"mode": "log", "steps": 5, "initial_lr": 0.0001, "target_lr": 0.0001}, "batch_per_device": 128}, "time_since_restore": 130.36207222938538, "timesteps_since_restore": 0, "iterations_since_restore": 3, "mean_throughput": 1380.7653134286759, "atoms": 1, "setup_time": 15.418420314788818}
{"apply": 0.017729973793029784, "batch_time": 0.03170126902906201, "d2h": 0.0006592988967895508, "data_time": 0.0018523166246731263, "fwd": 0.02835547924041748, "get_state_time_mean": NaN, "get_state_time_total": 0.0, "grad": 0.0482419490814209, "mean_accuracy": 0.33549999445676804, "mean_loss": 1.9206988625526427, "neg_mean_accuracy": -0.40469998121261597, "set_state_time_mean": NaN, "set_state_time_total": 0.0, "setup_model_time_mean": NaN, "setup_model_time_total": 0.0, "setup_proc_time_mean": NaN, "setup_proc_time_total": 0.0, "train_accuracy": 0.3581799864768982, "train_loss": 1.7916998770904542, "training_time_mean": NaN, "training_time_total": 0.0, "val_accuracy": 0.40469998121261597, "val_loss": 1.6818160667419433, "validation_time_mean": NaN, "validation_time_total": 0.0, "samples": 60000, "num_workers": 1, "done": false, "timesteps_total": null, "episodes_total": null, "training_iteration": 4, "neg_mean_loss": -1.9206988625526427, "experiment_id": "72445e06da584751826bbb95b68667df", "date": "2019-06-03_22-08-09", "timestamp": 1559624889, "time_this_iter_s": 40.76384496688843, "time_total_s": 171.1259171962738, "pid": 6876, "hostname": "steropes", "node_ip": "169.229.49.254", "config": {"starting_lr": 0.0001, "momentum": 0.997, "weight_decay": 0.005, "steps_per_iteration": null, "pin": false, "model_creator": null, "target_batch_size": 128, "model_string": "resnet50", "min_batch_size": 128, "dataset": "CIFAR", "placement": null, "use_nccl": true, "devices_per_worker": 1, "primary_resource": "extra_gpu", "gpu": false, "verbose": false, "lr_config": {"mode": "log", "steps": 5, "initial_lr": 0.0001, "target_lr": 0.0001}, "batch_per_device": 128}, "time_since_restore": 171.1259171962738, "timesteps_since_restore": 0, "iterations_since_restore": 4, "mean_throughput": 1402.4720341903628, "atoms": 1, "setup_time": 15.418420314788818}
{"apply": 0.01762089729309082, "batch_time": 0.03148401538027993, "d2h": 0.0006859779357910156, "data_time": 0.001759626066593258, "fwd": 0.028226709365844725, "get_state_time_mean": NaN, "get_state_time_total": 0.0, "grad": 0.049005961418151854, "mean_accuracy": 0.3576399922370911, "mean_loss": 1.8502573457336424, "neg_mean_accuracy": -0.4461999833583832, "set_state_time_mean": NaN, "set_state_time_total": 0.0, "setup_model_time_mean": NaN, "setup_model_time_total": 0.0, "setup_proc_time_mean": NaN, "setup_proc_time_total": 0.0, "train_accuracy": 0.3980199992656708, "train_loss": 1.6812492917251587, "training_time_mean": NaN, "training_time_total": 0.0, "val_accuracy": 0.4461999833583832, "val_loss": 1.5684912784576417, "validation_time_mean": NaN, "validation_time_total": 0.0, "samples": 60000, "num_workers": 1, "done": false, "timesteps_total": null, "episodes_total": null, "training_iteration": 5, "neg_mean_loss": -1.8502573457336424, "experiment_id": "72445e06da584751826bbb95b68667df", "date": "2019-06-03_22-08-50", "timestamp": 1559624930, "time_this_iter_s": 40.92725324630737, "time_total_s": 212.05317044258118, "pid": 6876, "hostname": "steropes", "node_ip": "169.229.49.254", "config": {"starting_lr": 0.0001, "momentum": 0.997, "weight_decay": 0.005, "steps_per_iteration": null, "pin": false, "model_creator": null, "target_batch_size": 128, "model_string": "resnet50", "min_batch_size": 128, "dataset": "CIFAR", "placement": null, "use_nccl": true, "devices_per_worker": 1, "primary_resource": "extra_gpu", "gpu": false, "verbose": false, "lr_config": {"mode": "log", "steps": 5, "initial_lr": 0.0001, "target_lr": 0.0001}, "batch_per_device": 128}, "time_since_restore": 212.05317044258118, "timesteps_since_restore": 0, "iterations_since_restore": 5, "mean_throughput": 1414.7357650198644, "atoms": 1, "setup_time": 15.418420314788818}
{"apply": 0.01783907413482666, "batch_time": 0.03165856192383585, "d2h": 0.0006681680679321289, "data_time": 0.0017660365385167738, "fwd": 0.028493261337280272, "get_state_time_mean": NaN, "get_state_time_total": 0.0, "grad": 0.048328495025634764, "mean_accuracy": 0.3990199863910675, "mean_loss": 1.6953887542724608, "neg_mean_accuracy": -0.4608999788761139, "set_state_time_mean": NaN, "set_state_time_total": 0.0, "setup_model_time_mean": NaN, "setup_model_time_total": 0.0, "setup_proc_time_mean": NaN, "setup_proc_time_total": 0.0, "train_accuracy": 0.4275600016117096, "train_loss": 1.5892091411590576, "training_time_mean": NaN, "training_time_total": 0.0, "val_accuracy": 0.4608999788761139, "val_loss": 1.5177732978820802, "validation_time_mean": NaN, "validation_time_total": 0.0, "samples": 60000, "num_workers": 1, "done": false, "timesteps_total": null, "episodes_total": null, "training_iteration": 6, "neg_mean_loss": -1.6953887542724608, "experiment_id": "72445e06da584751826bbb95b68667df", "date": "2019-06-03_22-09-31", "timestamp": 1559624971, "time_this_iter_s": 40.96063542366028, "time_total_s": 253.01380586624146, "pid": 6876, "hostname": "steropes", "node_ip": "169.229.49.254", "config": {"starting_lr": 0.0001, "momentum": 0.997, "weight_decay": 0.005, "steps_per_iteration": null, "pin": false, "model_creator": null, "target_batch_size": 128, "model_string": "resnet50", "min_batch_size": 128, "dataset": "CIFAR", "placement": null, "use_nccl": true, "devices_per_worker": 1, "primary_resource": "extra_gpu", "gpu": false, "verbose": false, "lr_config": {"mode": "log", "steps": 5, "initial_lr": 0.0001, "target_lr": 0.0001}, "batch_per_device": 128}, "time_since_restore": 253.01380586624146, "timesteps_since_restore": 0, "iterations_since_restore": 6, "mean_throughput": 1462.9770676537391, "atoms": 1, "setup_time": 15.418420314788818}
{"apply": 0.0179948091506958, "batch_time": 0.03317822987520242, "d2h": 0.0006702661514282227, "data_time": 0.0018100738525390625, "fwd": 0.028073048591613768, "get_state_time_mean": NaN, "get_state_time_total": 0.0, "grad": 0.0479243278503418, "mean_accuracy": 0.42867998480796815, "mean_loss": 1.6291107166290282, "neg_mean_accuracy": -0.462799996137619, "set_state_time_mean": NaN, "set_state_time_total": 0.0, "setup_model_time_mean": NaN, "setup_model_time_total": 0.0, "setup_proc_time_mean": NaN, "setup_proc_time_total": 0.0, "train_accuracy": 0.4487999975681305, "train_loss": 1.5490643129730224, "training_time_mean": NaN, "training_time_total": 0.0, "val_accuracy": 0.462799996137619, "val_loss": 1.607992636871338, "validation_time_mean": NaN, "validation_time_total": 0.0, "samples": 60000, "num_workers": 1, "done": false, "timesteps_total": null, "episodes_total": null, "training_iteration": 7, "neg_mean_loss": -1.6291107166290282, "experiment_id": "72445e06da584751826bbb95b68667df", "date": "2019-06-03_22-10-12", "timestamp": 1559625012, "time_this_iter_s": 41.36615872383118, "time_total_s": 294.37996459007263, "pid": 6876, "hostname": "steropes", "node_ip": "169.229.49.254", "config": {"starting_lr": 0.0001, "momentum": 0.997, "weight_decay": 0.005, "steps_per_iteration": null, "pin": false, "model_creator": null, "target_batch_size": 128, "model_string": "resnet50", "min_batch_size": 128, "dataset": "CIFAR", "placement": null, "use_nccl": true, "devices_per_worker": 1, "primary_resource": "extra_gpu", "gpu": false, "verbose": false, "lr_config": {"mode": "log", "steps": 5, "initial_lr": 0.0001, "target_lr": 0.0001}, "batch_per_device": 128}, "time_since_restore": 294.37996459007263, "timesteps_since_restore": 0, "iterations_since_restore": 7, "mean_throughput": 1463.9943255029516, "atoms": 1, "setup_time": 15.418420314788818}
{"apply": 0.017282581329345702, "batch_time": 0.03160378299181974, "d2h": 0.0006574869155883789, "data_time": 0.001828614403219784, "fwd": 0.027689790725708006, "get_state_time_mean": NaN, "get_state_time_total": 0.0, "grad": 0.047824311256408694, "mean_accuracy": 0.4528199851512909, "mean_loss": 1.5595450503921509, "neg_mean_accuracy": -0.4894999861717224, "set_state_time_mean": NaN, "set_state_time_total": 0.0, "setup_model_time_mean": NaN, "setup_model_time_total": 0.0, "setup_proc_time_mean": NaN, "setup_proc_time_total": 0.0, "train_accuracy": 0.46567997336387634, "train_loss": 1.4922582394790649, "training_time_mean": NaN, "training_time_total": 0.0, "val_accuracy": 0.4894999861717224, "val_loss": 1.4216519720077514, "validation_time_mean": NaN, "validation_time_total": 0.0, "samples": 60000, "num_workers": 1, "done": false, "timesteps_total": null, "episodes_total": null, "training_iteration": 8, "neg_mean_loss": -1.5595450503921509, "experiment_id": "72445e06da584751826bbb95b68667df", "date": "2019-06-03_22-10-53", "timestamp": 1559625053, "time_this_iter_s": 40.88541507720947, "time_total_s": 335.2653796672821, "pid": 6876, "hostname": "steropes", "node_ip": "169.229.49.254", "config": {"starting_lr": 0.0001, "momentum": 0.997, "weight_decay": 0.005, "steps_per_iteration": null, "pin": false, "model_creator": null, "target_batch_size": 128, "model_string": "resnet50", "min_batch_size": 128, "dataset": "CIFAR", "placement": null, "use_nccl": true, "devices_per_worker": 1, "primary_resource": "extra_gpu", "gpu": false, "verbose": false, "lr_config": {"mode": "log", "steps": 5, "initial_lr": 0.0001, "target_lr": 0.0001}, "batch_per_device": 128}, "time_since_restore": 335.2653796672821, "timesteps_since_restore": 0, "iterations_since_restore": 8, "mean_throughput": 1464.102542358832, "atoms": 1, "setup_time": 15.418420314788818}
{"apply": 0.018161797523498537, "batch_time": 0.031924299046963076, "d2h": 0.0006629705429077148, "data_time": 0.0018075561279531024, "fwd": 0.028319525718688964, "get_state_time_mean": NaN, "get_state_time_total": 0.0, "grad": 0.04850592613220215, "mean_accuracy": 0.47343998551368716, "mean_loss": 1.503949026069641, "neg_mean_accuracy": -0.5077999830245972, "set_state_time_mean": NaN, "set_state_time_total": 0.0, "setup_model_time_mean": NaN, "setup_model_time_total": 0.0, "setup_proc_time_mean": NaN, "setup_proc_time_total": 0.0, "train_accuracy": 0.48089998960494995, "train_loss": 1.4399297642898559, "training_time_mean": NaN, "training_time_total": 0.0, "val_accuracy": 0.5077999830245972, "val_loss": 1.4038359451293945, "validation_time_mean": NaN, "validation_time_total": 0.0, "samples": 60000, "num_workers": 1, "done": false, "timesteps_total": null, "episodes_total": null, "training_iteration": 9, "neg_mean_loss": -1.503949026069641, "experiment_id": "72445e06da584751826bbb95b68667df", "date": "2019-06-03_22-11-34", "timestamp": 1559625094, "time_this_iter_s": 40.83413529396057, "time_total_s": 376.0995149612427, "pid": 6876, "hostname": "steropes", "node_ip": "169.229.49.254", "config": {"starting_lr": 0.0001, "momentum": 0.997, "weight_decay": 0.005, "steps_per_iteration": null, "pin": false, "model_creator": null, "target_batch_size": 128, "model_string": "resnet50", "min_batch_size": 128, "dataset": "CIFAR", "placement": null, "use_nccl": true, "devices_per_worker": 1, "primary_resource": "extra_gpu", "gpu": false, "verbose": false, "lr_config": {"mode": "log", "steps": 5, "initial_lr": 0.0001, "target_lr": 0.0001}, "batch_per_device": 128}, "time_since_restore": 376.0995149612427, "timesteps_since_restore": 0, "iterations_since_restore": 9, "mean_throughput": 1463.6004540322053, "atoms": 1, "setup_time": 15.418420314788818}
{"apply": 0.017544937133789063, "batch_time": 0.03225509728057475, "d2h": 0.0006673336029052734, "data_time": 0.0018080457702012319, "fwd": 0.027965593338012695, "get_state_time_mean": NaN, "get_state_time_total": 0.0, "grad": 0.04885883331298828, "mean_accuracy": 0.48887999057769777, "mean_loss": 1.4612871417617797, "neg_mean_accuracy": -0.5234000086784363, "set_state_time_mean": NaN, "set_state_time_total": 0.0, "setup_model_time_mean": NaN, "setup_model_time_total": 0.0, "setup_proc_time_mean": NaN, "setup_proc_time_total": 0.0, "train_accuracy": 0.4992999732494354, "train_loss": 1.3991114520263672, "training_time_mean": NaN, "training_time_total": 0.0, "val_accuracy": 0.5234000086784363, "val_loss": 1.355181856918335, "validation_time_mean": NaN, "validation_time_total": 0.0, "samples": 60000, "num_workers": 1, "done": false, "timesteps_total": null, "episodes_total": null, "training_iteration": 10, "neg_mean_loss": -1.4612871417617797, "experiment_id": "72445e06da584751826bbb95b68667df", "date": "2019-06-03_22-12-15", "timestamp": 1559625135, "time_this_iter_s": 41.03601789474487, "time_total_s": 417.13553285598755, "pid": 6876, "hostname": "steropes", "node_ip": "169.229.49.254", "config": {"starting_lr": 0.0001, "momentum": 0.997, "weight_decay": 0.005, "steps_per_iteration": null, "pin": false, "model_creator": null, "target_batch_size": 128, "model_string": "resnet50", "min_batch_size": 128, "dataset": "CIFAR", "placement": null, "use_nccl": true, "devices_per_worker": 1, "primary_resource": "extra_gpu", "gpu": false, "verbose": false, "lr_config": {"mode": "log", "steps": 5, "initial_lr": 0.0001, "target_lr": 0.0001}, "batch_per_device": 128}, "time_since_restore": 417.13553285598755, "timesteps_since_restore": 0, "iterations_since_restore": 10, "mean_throughput": 1462.8241912184606, "atoms": 1, "setup_time": 15.418420314788818}
{"apply": 0.01851348876953125, "batch_time": 0.03213411041452915, "d2h": 0.0007762670516967774, "data_time": 0.0018095451852549677, "fwd": 0.028984618186950684, "get_state_time_mean": NaN, "get_state_time_total": 0.0, "grad": 0.047879815101623535, "mean_accuracy": 0.5026999890804291, "mean_loss": 1.4195788353347776, "neg_mean_accuracy": -0.5299999713897705, "set_state_time_mean": NaN, "set_state_time_total": 0.0, "setup_model_time_mean": NaN, "setup_model_time_total": 0.0, "setup_proc_time_mean": NaN, "setup_proc_time_total": 0.0, "train_accuracy": 0.5150799751281738, "train_loss": 1.3482499621963502, "training_time_mean": NaN, "training_time_total": 0.0, "val_accuracy": 0.5299999713897705, "val_loss": 1.3092317657470702, "validation_time_mean": NaN, "validation_time_total": 0.0, "samples": 60000, "num_workers": 1, "done": false, "timesteps_total": null, "episodes_total": null, "training_iteration": 11, "neg_mean_loss": -1.4195788353347776, "experiment_id": "72445e06da584751826bbb95b68667df", "date": "2019-06-03_22-12-56", "timestamp": 1559625176, "time_this_iter_s": 40.96477508544922, "time_total_s": 458.10030794143677, "pid": 6876, "hostname": "steropes", "node_ip": "169.229.49.254", "config": {"starting_lr": 0.0001, "momentum": 0.997, "weight_decay": 0.005, "steps_per_iteration": null, "pin": false, "model_creator": null, "target_batch_size": 128, "model_string": "resnet50", "min_batch_size": 128, "dataset": "CIFAR", "placement": null, "use_nccl": true, "devices_per_worker": 1, "primary_resource": "extra_gpu", "gpu": false, "verbose": false, "lr_config": {"mode": "log", "steps": 5, "initial_lr": 0.0001, "target_lr": 0.0001}, "batch_per_device": 128}, "time_since_restore": 458.10030794143677, "timesteps_since_restore": 0, "iterations_since_restore": 11, "mean_throughput": 1462.7946574310618, "atoms": 1, "setup_time": 15.418420314788818}
{"apply": 0.02000582218170166, "batch_time": 0.03175616867934601, "d2h": 0.0006707906723022461, "data_time": 0.001784074032093253, "fwd": 0.029897284507751466, "get_state_time_mean": NaN, "get_state_time_total": 0.0, "grad": 0.048902034759521484, "mean_accuracy": 0.5174799919128418, "mean_loss": 1.3561044239807127, "neg_mean_accuracy": -0.5367000102996826, "set_state_time_mean": NaN, "set_state_time_total": 0.0, "setup_model_time_mean": NaN, "setup_model_time_total": 0.0, "setup_proc_time_mean": NaN, "setup_proc_time_total": 0.0, "train_accuracy": 0.5259799957275391, "train_loss": 1.315189379005432, "training_time_mean": NaN, "training_time_total": 0.0, "val_accuracy": 0.5367000102996826, "val_loss": 1.290620580101013, "validation_time_mean": NaN, "validation_time_total": 0.0, "samples": 60000, "num_workers": 1, "done": false, "timesteps_total": null, "episodes_total": null, "training_iteration": 12, "neg_mean_loss": -1.3561044239807127, "experiment_id": "72445e06da584751826bbb95b68667df", "date": "2019-06-03_22-13-37", "timestamp": 1559625217, "time_this_iter_s": 40.81936836242676, "time_total_s": 498.9196763038635, "pid": 6876, "hostname": "steropes", "node_ip": "169.229.49.254", "config": {"starting_lr": 0.0001, "momentum": 0.997, "weight_decay": 0.005, "steps_per_iteration": null, "pin": false, "model_creator": null, "target_batch_size": 128, "model_string": "resnet50", "min_batch_size": 128, "dataset": "CIFAR", "placement": null, "use_nccl": true, "devices_per_worker": 1, "primary_resource": "extra_gpu", "gpu": false, "verbose": false, "lr_config": {"mode": "log", "steps": 5, "initial_lr": 0.0001, "target_lr": 0.0001}, "batch_per_device": 128}, "time_since_restore": 498.9196763038635, "timesteps_since_restore": 0, "iterations_since_restore": 12, "mean_throughput": 1466.7050695937655, "atoms": 1, "setup_time": 15.418420314788818}
{"apply": 0.01810798645019531, "batch_time": 0.031617415102222296, "d2h": 0.0006710529327392578, "data_time": 0.0018241710370154028, "fwd": 0.028347349166870116, "get_state_time_mean": NaN, "get_state_time_total": 0.0, "grad": 0.04804749488830566, "mean_accuracy": 0.5309399962425232, "mean_loss": 1.320360223045349, "neg_mean_accuracy": -0.5568000078201294, "set_state_time_mean": NaN, "set_state_time_total": 0.0, "setup_model_time_mean": NaN, "setup_model_time_total": 0.0, "setup_proc_time_mean": NaN, "setup_proc_time_total": 0.0, "train_accuracy": 0.5418199896812439, "train_loss": 1.286262110748291, "training_time_mean": NaN, "training_time_total": 0.0, "val_accuracy": 0.5568000078201294, "val_loss": 1.2429309673309326, "validation_time_mean": NaN, "validation_time_total": 0.0, "samples": 60000, "num_workers": 1, "done": false, "timesteps_total": null, "episodes_total": null, "training_iteration": 13, "neg_mean_loss": -1.320360223045349, "experiment_id": "72445e06da584751826bbb95b68667df", "date": "2019-06-03_22-14-18", "timestamp": 1559625258, "time_this_iter_s": 41.15886306762695, "time_total_s": 540.0785393714905, "pid": 6876, "hostname": "steropes", "node_ip": "169.229.49.254", "config": {"starting_lr": 0.0001, "momentum": 0.997, "weight_decay": 0.005, "steps_per_iteration": null, "pin": false, "model_creator": null, "target_batch_size": 128, "model_string": "resnet50", "min_batch_size": 128, "dataset": "CIFAR", "placement": null, "use_nccl": true, "devices_per_worker": 1, "primary_resource": "extra_gpu", "gpu": false, "verbose": false, "lr_config": {"mode": "log", "steps": 5, "initial_lr": 0.0001, "target_lr": 0.0001}, "batch_per_device": 128}, "time_since_restore": 540.0785393714905, "timesteps_since_restore": 0, "iterations_since_restore": 13, "mean_throughput": 1464.7463755113722, "atoms": 1, "setup_time": 15.418420314788818}
{"apply": 0.018683552742004395, "batch_time": 0.033842482144319556, "d2h": 0.0006720542907714844, "data_time": 0.0018217758754330217, "fwd": 0.028139019012451173, "get_state_time_mean": NaN, "get_state_time_total": 0.0, "grad": 0.04786984920501709, "mean_accuracy": 0.5431599974632263, "mean_loss": 1.2784911869049072, "neg_mean_accuracy": -0.5688999891281128, "set_state_time_mean": NaN, "set_state_time_total": 0.0, "setup_model_time_mean": NaN, "setup_model_time_total": 0.0, "setup_proc_time_mean": NaN, "setup_proc_time_total": 0.0, "train_accuracy": 0.557699978351593, "train_loss": 1.2412843285751343, "training_time_mean": NaN, "training_time_total": 0.0, "val_accuracy": 0.5688999891281128, "val_loss": 1.1944907644271852, "validation_time_mean": NaN, "validation_time_total": 0.0, "samples": 60000, "num_workers": 1, "done": false, "timesteps_total": null, "episodes_total": null, "training_iteration": 14, "neg_mean_loss": -1.2784911869049072, "experiment_id": "72445e06da584751826bbb95b68667df", "date": "2019-06-03_22-14-59", "timestamp": 1559625299, "time_this_iter_s": 41.04760932922363, "time_total_s": 581.1261487007141, "pid": 6876, "hostname": "steropes", "node_ip": "169.229.49.254", "config": {"starting_lr": 0.0001, "momentum": 0.997, "weight_decay": 0.005, "steps_per_iteration": null, "pin": false, "model_creator": null, "target_batch_size": 128, "model_string": "resnet50", "min_batch_size": 128, "dataset": "CIFAR", "placement": null, "use_nccl": true, "devices_per_worker": 1, "primary_resource": "extra_gpu", "gpu": false, "verbose": false, "lr_config": {"mode": "log", "steps": 5, "initial_lr": 0.0001, "target_lr": 0.0001}, "batch_per_device": 128}, "time_since_restore": 581.1261487007141, "timesteps_since_restore": 0, "iterations_since_restore": 14, "mean_throughput": 1463.2212964096227, "atoms": 1, "setup_time": 15.418420314788818}
{"apply": 0.018315720558166503, "batch_time": 0.031765859338301644, "d2h": 0.0006901979446411133, "data_time": 0.0018039237507773787, "fwd": 0.0283735990524292, "get_state_time_mean": NaN, "get_state_time_total": 0.0, "grad": 0.049231672286987306, "mean_accuracy": 0.5577399969100952, "mean_loss": 1.237309037094116, "neg_mean_accuracy": -0.5963000059127808, "set_state_time_mean": NaN, "set_state_time_total": 0.0, "setup_model_time_mean": NaN, "setup_model_time_total": 0.0, "setup_proc_time_mean": NaN, "setup_proc_time_total": 0.0, "train_accuracy": 0.5674799680709839, "train_loss": 1.2000493722915648, "training_time_mean": NaN, "training_time_total": 0.0, "val_accuracy": 0.5963000059127808, "val_loss": 1.1492711078643798, "validation_time_mean": NaN, "validation_time_total": 0.0, "samples": 60000, "num_workers": 1, "done": false, "timesteps_total": null, "episodes_total": null, "training_iteration": 15, "neg_mean_loss": -1.237309037094116, "experiment_id": "72445e06da584751826bbb95b68667df", "date": "2019-06-03_22-15-40", "timestamp": 1559625340, "time_this_iter_s": 40.870129346847534, "time_total_s": 621.9962780475616, "pid": 6876, "hostname": "steropes", "node_ip": "169.229.49.254", "config": {"starting_lr": 0.0001, "momentum": 0.997, "weight_decay": 0.005, "steps_per_iteration": null, "pin": false, "model_creator": null, "target_batch_size": 128, "model_string": "resnet50", "min_batch_size": 128, "dataset": "CIFAR", "placement": null, "use_nccl": true, "devices_per_worker": 1, "primary_resource": "extra_gpu", "gpu": false, "verbose": false, "lr_config": {"mode": "log", "steps": 5, "initial_lr": 0.0001, "target_lr": 0.0001}, "batch_per_device": 128}, "time_since_restore": 621.9962780475616, "timesteps_since_restore": 0, "iterations_since_restore": 15, "mean_throughput": 1464.4061793741014, "atoms": 1, "setup_time": 15.418420314788818}
{"apply": 0.01744520664215088, "batch_time": 0.031557572038867804, "d2h": 0.000670480728149414, "data_time": 0.0017981102399508972, "fwd": 0.027587246894836426, "get_state_time_mean": NaN, "get_state_time_total": 0.0, "grad": 0.049036288261413576, "mean_accuracy": 0.5691200017929077, "mean_loss": 1.2062360035705564, "neg_mean_accuracy": -0.586899995803833, "set_state_time_mean": NaN, "set_state_time_total": 0.0, "setup_model_time_mean": NaN, "setup_model_time_total": 0.0, "setup_proc_time_mean": NaN, "setup_proc_time_total": 0.0, "train_accuracy": 0.5826599597930908, "train_loss": 1.1705791944122315, "training_time_mean": NaN, "training_time_total": 0.0, "val_accuracy": 0.586899995803833, "val_loss": 1.1538665981292724, "validation_time_mean": NaN, "validation_time_total": 0.0, "samples": 60000, "num_workers": 1, "done": false, "timesteps_total": null, "episodes_total": null, "training_iteration": 16, "neg_mean_loss": -1.2062360035705564, "experiment_id": "72445e06da584751826bbb95b68667df", "date": "2019-06-03_22-16-21", "timestamp": 1559625381, "time_this_iter_s": 40.96054720878601, "time_total_s": 662.9568252563477, "pid": 6876, "hostname": "steropes", "node_ip": "169.229.49.254", "config": {"starting_lr": 0.0001, "momentum": 0.997, "weight_decay": 0.005, "steps_per_iteration": null, "pin": false, "model_creator": null, "target_batch_size": 128, "model_string": "resnet50", "min_batch_size": 128, "dataset": "CIFAR", "placement": null, "use_nccl": true, "devices_per_worker": 1, "primary_resource": "extra_gpu", "gpu": false, "verbose": false, "lr_config": {"mode": "log", "steps": 5, "initial_lr": 0.0001, "target_lr": 0.0001}, "batch_per_device": 128}, "time_since_restore": 662.9568252563477, "timesteps_since_restore": 0, "iterations_since_restore": 16, "mean_throughput": 1464.4364071776372, "atoms": 1, "setup_time": 15.418420314788818}
{"apply": 0.017728900909423827, "batch_time": 0.03206002259556251, "d2h": 0.0007576704025268555, "data_time": 0.0018076683249315033, "fwd": 0.028330564498901367, "get_state_time_mean": NaN, "get_state_time_total": 0.0, "grad": 0.048203897476196286, "mean_accuracy": 0.5826799988746643, "mean_loss": 1.17129867729187, "neg_mean_accuracy": -0.6044999957084656, "set_state_time_mean": NaN, "set_state_time_total": 0.0, "setup_model_time_mean": NaN, "setup_model_time_total": 0.0, "setup_proc_time_mean": NaN, "setup_proc_time_total": 0.0, "train_accuracy": 0.5977599620819092, "train_loss": 1.1333861557388305, "training_time_mean": NaN, "training_time_total": 0.0, "val_accuracy": 0.6044999957084656, "val_loss": 1.1159339487075806, "validation_time_mean": NaN, "validation_time_total": 0.0, "samples": 60000, "num_workers": 1, "done": false, "timesteps_total": null, "episodes_total": null, "training_iteration": 17, "neg_mean_loss": -1.17129867729187, "experiment_id": "72445e06da584751826bbb95b68667df", "date": "2019-06-03_22-17-02", "timestamp": 1559625422, "time_this_iter_s": 40.75033211708069, "time_total_s": 703.7071573734283, "pid": 6876, "hostname": "steropes", "node_ip": "169.229.49.254", "config": {"starting_lr": 0.0001, "momentum": 0.997, "weight_decay": 0.005, "steps_per_iteration": null, "pin": false, "model_creator": null, "target_batch_size": 128, "model_string": "resnet50", "min_batch_size": 128, "dataset": "CIFAR", "placement": null, "use_nccl": true, "devices_per_worker": 1, "primary_resource": "extra_gpu", "gpu": false, "verbose": false, "lr_config": {"mode": "log", "steps": 5, "initial_lr": 0.0001, "target_lr": 0.0001}, "batch_per_device": 128}, "time_since_restore": 703.7071573734283, "timesteps_since_restore": 0, "iterations_since_restore": 17, "mean_throughput": 1464.9300846662281, "atoms": 1, "setup_time": 15.418420314788818}
{"apply": 0.01817142963409424, "batch_time": 0.0351921817924403, "d2h": 0.0006613731384277344, "data_time": 0.001828118663309785, "fwd": 0.028538441658020018, "get_state_time_mean": NaN, "get_state_time_total": 0.0, "grad": 0.04847218990325928, "mean_accuracy": 0.5958999991416931, "mean_loss": 1.1374460309600827, "neg_mean_accuracy": -0.6229000091552734, "set_state_time_mean": NaN, "set_state_time_total": 0.0, "setup_model_time_mean": NaN, "setup_model_time_total": 0.0, "setup_proc_time_mean": NaN, "setup_proc_time_total": 0.0, "train_accuracy": 0.612500011920929, "train_loss": 1.0908210636138915, "training_time_mean": NaN, "training_time_total": 0.0, "val_accuracy": 0.6229000091552734, "val_loss": 1.073667735671997, "validation_time_mean": NaN, "validation_time_total": 0.0, "samples": 60000, "num_workers": 1, "done": false, "timesteps_total": null, "episodes_total": null, "training_iteration": 18, "neg_mean_loss": -1.1374460309600827, "experiment_id": "72445e06da584751826bbb95b68667df", "date": "2019-06-03_22-17-43", "timestamp": 1559625463, "time_this_iter_s": 41.28805065155029, "time_total_s": 744.9952080249786, "pid": 6876, "hostname": "steropes", "node_ip": "169.229.49.254", "config": {"starting_lr": 0.0001, "momentum": 0.997, "weight_decay": 0.005, "steps_per_iteration": null, "pin": false, "model_creator": null, "target_batch_size": 128, "model_string": "resnet50", "min_batch_size": 128, "dataset": "CIFAR", "placement": null, "use_nccl": true, "devices_per_worker": 1, "primary_resource": "extra_gpu", "gpu": false, "verbose": false, "lr_config": {"mode": "log", "steps": 5, "initial_lr": 0.0001, "target_lr": 0.0001}, "batch_per_device": 128}, "time_since_restore": 744.9952080249786, "timesteps_since_restore": 0, "iterations_since_restore": 18, "mean_throughput": 1464.0070239040906, "atoms": 1, "setup_time": 15.418420314788818}
{"apply": 0.017616891860961915, "batch_time": 0.03231276741510705, "d2h": 0.000670766830444336, "data_time": 0.0018061396411007933, "fwd": 0.02865755558013916, "get_state_time_mean": NaN, "get_state_time_total": 0.0, "grad": 0.04887056350708008, "mean_accuracy": 0.6077199935913086, "mean_loss": 1.111238885116577, "neg_mean_accuracy": -0.6279999613761902, "set_state_time_mean": NaN, "set_state_time_total": 0.0, "setup_model_time_mean": NaN, "setup_model_time_total": 0.0, "setup_proc_time_mean": NaN, "setup_proc_time_total": 0.0, "train_accuracy": 0.621679961681366, "train_loss": 1.0665203847503661, "training_time_mean": NaN, "training_time_total": 0.0, "val_accuracy": 0.6279999613761902, "val_loss": 1.0634550352096557, "validation_time_mean": NaN, "validation_time_total": 0.0, "samples": 60000, "num_workers": 1, "done": false, "timesteps_total": null, "episodes_total": null, "training_iteration": 19, "neg_mean_loss": -1.111238885116577, "experiment_id": "72445e06da584751826bbb95b68667df", "date": "2019-06-03_22-18-24", "timestamp": 1559625504, "time_this_iter_s": 40.87950563430786, "time_total_s": 785.8747136592865, "pid": 6876, "hostname": "steropes", "node_ip": "169.229.49.254", "config": {"starting_lr": 0.0001, "momentum": 0.997, "weight_decay": 0.005, "steps_per_iteration": null, "pin": false, "model_creator": null, "target_batch_size": 128, "model_string": "resnet50", "min_batch_size": 128, "dataset": "CIFAR", "placement": null, "use_nccl": true, "devices_per_worker": 1, "primary_resource": "extra_gpu", "gpu": false, "verbose": false, "lr_config": {"mode": "log", "steps": 5, "initial_lr": 0.0001, "target_lr": 0.0001}, "batch_per_device": 128}, "time_since_restore": 785.8747136592865, "timesteps_since_restore": 0, "iterations_since_restore": 19, "mean_throughput": 1465.209011477816, "atoms": 1, "setup_time": 15.418420314788818}
{"apply": 0.017371010780334473, "batch_time": 0.031549909446812886, "d2h": 0.0006637096405029297, "data_time": 0.0017864954136216733, "fwd": 0.027718877792358397, "get_state_time_mean": NaN, "get_state_time_total": 0.0, "grad": 0.04740188121795654, "mean_accuracy": 0.6170999884605408, "mean_loss": 1.0854028453063964, "neg_mean_accuracy": -0.6431999802589417, "set_state_time_mean": NaN, "set_state_time_total": 0.0, "setup_model_time_mean": NaN, "setup_model_time_total": 0.0, "setup_proc_time_mean": NaN, "setup_proc_time_total": 0.0, "train_accuracy": 0.6290000081062317, "train_loss": 1.0477041522216797, "training_time_mean": NaN, "training_time_total": 0.0, "val_accuracy": 0.6431999802589417, "val_loss": 1.0200909088134766, "validation_time_mean": NaN, "validation_time_total": 0.0, "samples": 60000, "num_workers": 1, "done": false, "timesteps_total": null, "episodes_total": null, "training_iteration": 20, "neg_mean_loss": -1.0854028453063964, "experiment_id": "72445e06da584751826bbb95b68667df", "date": "2019-06-03_22-19-05", "timestamp": 1559625545, "time_this_iter_s": 40.85114407539368, "time_total_s": 826.7258577346802, "pid": 6876, "hostname": "steropes", "node_ip": "169.229.49.254", "config": {"starting_lr": 0.0001, "momentum": 0.997, "weight_decay": 0.005, "steps_per_iteration": null, "pin": false, "model_creator": null, "target_batch_size": 128, "model_string": "resnet50", "min_batch_size": 128, "dataset": "CIFAR", "placement": null, "use_nccl": true, "devices_per_worker": 1, "primary_resource": "extra_gpu", "gpu": false, "verbose": false, "lr_config": {"mode": "log", "steps": 5, "initial_lr": 0.0001, "target_lr": 0.0001}, "batch_per_device": 128}, "time_since_restore": 826.7258577346802, "timesteps_since_restore": 0, "iterations_since_restore": 20, "mean_throughput": 1465.3448918748704, "atoms": 1, "setup_time": 15.418420314788818}
{"apply": 0.017379260063171385, "batch_time": 0.03225550470472891, "d2h": 0.0009084224700927734, "data_time": 0.0017999005134758132, "fwd": 0.027663993835449218, "get_state_time_mean": NaN, "get_state_time_total": 0.0, "grad": 0.048294234275817874, "mean_accuracy": 0.6308599829673767, "mean_loss": 1.0517353235626221, "neg_mean_accuracy": -0.6556999683380127, "set_state_time_mean": NaN, "set_state_time_total": 0.0, "setup_model_time_mean": NaN, "setup_model_time_total": 0.0, "setup_proc_time_mean": NaN, "setup_proc_time_total": 0.0, "train_accuracy": 0.6440799832344055, "train_loss": 1.0048700140190125, "training_time_mean": NaN, "training_time_total": 0.0, "val_accuracy": 0.6556999683380127, "val_loss": 0.9855289894104003, "validation_time_mean": NaN, "validation_time_total": 0.0, "samples": 60000, "num_workers": 1, "done": false, "timesteps_total": null, "episodes_total": null, "training_iteration": 21, "neg_mean_loss": -1.0517353235626221, "experiment_id": "72445e06da584751826bbb95b68667df", "date": "2019-06-03_22-19-46", "timestamp": 1559625586, "time_this_iter_s": 41.091460943222046, "time_total_s": 867.8173186779022, "pid": 6876, "hostname": "steropes", "node_ip": "169.229.49.254", "config": {"starting_lr": 0.0001, "momentum": 0.997, "weight_decay": 0.005, "steps_per_iteration": null, "pin": false, "model_creator": null, "target_batch_size": 128, "model_string": "resnet50", "min_batch_size": 128, "dataset": "CIFAR", "placement": null, "use_nccl": true, "devices_per_worker": 1, "primary_resource": "extra_gpu", "gpu": false, "verbose": false, "lr_config": {"mode": "log", "steps": 5, "initial_lr": 0.0001, "target_lr": 0.0001}, "batch_per_device": 128}, "time_since_restore": 867.8173186779022, "timesteps_since_restore": 0, "iterations_since_restore": 21, "mean_throughput": 1464.4084767524291, "atoms": 1, "setup_time": 15.418420314788818}
