apply,batch_time,d2h,data_time,fwd,get_state_time_mean,get_state_time_total,grad,mean_accuracy,mean_loss,neg_mean_accuracy,set_state_time_mean,set_state_time_total,setup_model_time_mean,setup_model_time_total,setup_proc_time_mean,setup_proc_time_total,train_accuracy,train_loss,training_time_mean,training_time_total,val_accuracy,val_loss,validation_time_mean,validation_time_total,samples,num_workers,done,timesteps_total,episodes_total,training_iteration,neg_mean_loss,experiment_id,date,timestamp,time_this_iter_s,time_total_s,pid,hostname,node_ip,config,time_since_restore,timesteps_since_restore,iterations_since_restore,mean_throughput,atoms,setup_time
0.018025422096252443,0.04160136210767529,0.0006866216659545899,0.0018198203552714394,0.1643681526184082,nan,0.0,0.16688742637634277,0.30640000104904175,2.0525203453063963,-0.30640000104904175,nan,0.0,23.341832399368286,23.341832399368286,1.7078638076782227,1.7078638076782227,0.21449999511241913,2.3869962078857423,nan,0.0,0.30640000104904175,2.0525203453063963,nan,0.0,60000,1,False,,,1,-2.0525203453063963,47a7896a02434260ac7055a027948ae8,2019-06-06_10-28-45,1559842125,48.49328255653381,48.49328255653381,7397,steropes,169.229.49.254,"{'starting_lr': 0.0005, 'momentum': 0.99, 'weight_decay': 0.001, 'steps_per_iteration': None, 'pin': False, 'model_creator': None, 'target_batch_size': 128, 'model_string': 'resnet50', 'min_batch_size': 128, 'dataset': 'CIFAR', 'placement': None, 'use_nccl': True, 'devices_per_worker': 1, 'primary_resource': 'extra_gpu', 'gpu': False, 'verbose': False, 'lr_config': {'mode': 'log', 'steps': 5, 'initial_lr': 0.0005, 'target_lr': 0.0005}, 'batch_per_device': 128}",48.49328255653381,0,1,1237.2826722566315,1,25.147976875305176
0.018281102180480957,0.03173041041893295,0.0006952524185180664,0.0017849600223629066,0.0284243106842041,nan,0.0,0.04969186782836914,0.3455999940633774,2.0157282305717468,-0.384799987077713,nan,0.0,nan,0.0,nan,0.0,0.32872000336647034,1.9881345343780517,nan,0.0,0.384799987077713,1.9789361158370973,nan,0.0,60000,1,False,,,2,-2.0157282305717468,47a7896a02434260ac7055a027948ae8,2019-06-06_10-29-27,1559842167,41.850868940353394,90.3441514968872,7397,steropes,169.229.49.254,"{'starting_lr': 0.0005, 'momentum': 0.99, 'weight_decay': 0.001, 'steps_per_iteration': None, 'pin': False, 'model_creator': None, 'target_batch_size': 128, 'model_string': 'resnet50', 'min_batch_size': 128, 'dataset': 'CIFAR', 'placement': None, 'use_nccl': True, 'devices_per_worker': 1, 'primary_resource': 'extra_gpu', 'gpu': False, 'verbose': False, 'lr_config': {'mode': 'log', 'steps': 5, 'initial_lr': 0.0005, 'target_lr': 0.0005}, 'batch_per_device': 128}",90.3441514968872,0,2,1328.2494125083683,1,25.147976875305176
0.018518495559692382,0.033022874518285825,0.0008969306945800781,0.0018070579489783557,0.029651808738708495,nan,0.0,0.05176546573638916,0.37369999289512634,2.021027574602763,-0.42989999055862427,nan,0.0,nan,0.0,nan,0.0,0.38741999864578247,1.8176480233001708,nan,0.0,0.42989999055862427,2.031626262664795,nan,0.0,60000,1,False,,,3,-2.021027574602763,47a7896a02434260ac7055a027948ae8,2019-06-06_10-30-09,1559842209,42.04829168319702,132.39244318008423,7397,steropes,169.229.49.254,"{'starting_lr': 0.0005, 'momentum': 0.99, 'weight_decay': 0.001, 'steps_per_iteration': None, 'pin': False, 'model_creator': None, 'target_batch_size': 128, 'model_string': 'resnet50', 'min_batch_size': 128, 'dataset': 'CIFAR', 'placement': None, 'use_nccl': True, 'devices_per_worker': 1, 'primary_resource': 'extra_gpu', 'gpu': False, 'verbose': False, 'lr_config': {'mode': 'log', 'steps': 5, 'initial_lr': 0.0005, 'target_lr': 0.0005}, 'batch_per_device': 128}",132.39244318008423,0,3,1359.5900660154223,1,25.147976875305176
0.018435573577880858,0.03400772130942043,0.000702977180480957,0.0018116854645711992,0.02874603271484375,nan,0.0,0.05005581378936767,0.3931249901652336,2.0448439845085145,-0.4513999819755554,nan,0.0,nan,0.0,nan,0.0,0.42215999960899353,1.7065269938278198,nan,0.0,0.4513999819755554,2.116293214225769,nan,0.0,60000,1,False,,,4,-2.0448439845085145,47a7896a02434260ac7055a027948ae8,2019-06-06_10-30-51,1559842251,41.782686948776245,174.17513012886047,7397,steropes,169.229.49.254,"{'starting_lr': 0.0005, 'momentum': 0.99, 'weight_decay': 0.001, 'steps_per_iteration': None, 'pin': False, 'model_creator': None, 'target_batch_size': 128, 'model_string': 'resnet50', 'min_batch_size': 128, 'dataset': 'CIFAR', 'placement': None, 'use_nccl': True, 'devices_per_worker': 1, 'primary_resource': 'extra_gpu', 'gpu': False, 'verbose': False, 'lr_config': {'mode': 'log', 'steps': 5, 'initial_lr': 0.0005, 'target_lr': 0.0005}, 'batch_per_device': 128}",174.17513012886047,0,4,1377.919625877805,1,25.147976875305176
0.017737507820129395,0.03144008298463459,0.000734257698059082,0.0017703878300269241,0.028390121459960938,nan,0.0,0.048633241653442384,0.4028999924659729,2.026539887199402,-0.44200000166893005,nan,0.0,nan,0.0,nan,0.0,0.4178199768066406,1.7466227170181274,nan,0.0,0.44200000166893005,1.9533234979629517,nan,0.0,60000,1,False,,,5,-2.026539887199402,47a7896a02434260ac7055a027948ae8,2019-06-06_10-31-32,1559842292,41.44089126586914,215.61602139472961,7397,steropes,169.229.49.254,"{'starting_lr': 0.0005, 'momentum': 0.99, 'weight_decay': 0.001, 'steps_per_iteration': None, 'pin': False, 'model_creator': None, 'target_batch_size': 128, 'model_string': 'resnet50', 'min_batch_size': 128, 'dataset': 'CIFAR', 'placement': None, 'use_nccl': True, 'devices_per_worker': 1, 'primary_resource': 'extra_gpu', 'gpu': False, 'verbose': False, 'lr_config': {'mode': 'log', 'steps': 5, 'initial_lr': 0.0005, 'target_lr': 0.0005}, 'batch_per_device': 128}",215.61602139472961,0,5,1391.3586362352846,1,25.147976875305176
0.018065738677978515,0.03198481511466111,0.0007088899612426758,0.001797973042558831,0.02821946144104004,nan,0.0,0.04863464832305908,0.44045999050140383,1.9353657203674317,-0.4941999912261963,nan,0.0,nan,0.0,nan,0.0,0.44067999720573425,1.6355445348739623,nan,0.0,0.4941999912261963,1.5966495111465455,nan,0.0,60000,1,False,,,6,-1.9353657203674317,47a7896a02434260ac7055a027948ae8,2019-06-06_10-32-14,1559842334,41.6400101184845,257.2560315132141,7397,steropes,169.229.49.254,"{'starting_lr': 0.0005, 'momentum': 0.99, 'weight_decay': 0.001, 'steps_per_iteration': None, 'pin': False, 'model_creator': None, 'target_batch_size': 128, 'model_string': 'resnet50', 'min_batch_size': 128, 'dataset': 'CIFAR', 'placement': None, 'use_nccl': True, 'devices_per_worker': 1, 'primary_resource': 'extra_gpu', 'gpu': False, 'verbose': False, 'lr_config': {'mode': 'log', 'steps': 5, 'initial_lr': 0.0005, 'target_lr': 0.0005}, 'batch_per_device': 128}",257.2560315132141,0,6,1437.0340752307275,1,25.147976875305176
0.020635175704956054,0.03340538543990896,0.0007564544677734375,0.001741295885247038,0.02967047691345215,nan,0.0,0.04974546432495117,0.4610599935054779,1.942716918792725,-0.4878000020980835,nan,0.0,nan,0.0,nan,0.0,0.47815999388694763,1.4880315703964233,nan,0.0,0.4878000020980835,2.015692107963562,nan,0.0,60000,1,False,,,7,-1.942716918792725,47a7896a02434260ac7055a027948ae8,2019-06-06_10-32-56,1559842376,41.82517981529236,299.08121132850647,7397,steropes,169.229.49.254,"{'starting_lr': 0.0005, 'momentum': 0.99, 'weight_decay': 0.001, 'steps_per_iteration': None, 'pin': False, 'model_creator': None, 'target_batch_size': 128, 'model_string': 'resnet50', 'min_batch_size': 128, 'dataset': 'CIFAR', 'placement': None, 'use_nccl': True, 'devices_per_worker': 1, 'primary_resource': 'extra_gpu', 'gpu': False, 'verbose': False, 'lr_config': {'mode': 'log', 'steps': 5, 'initial_lr': 0.0005, 'target_lr': 0.0005}, 'batch_per_device': 128}",299.08121132850647,0,7,1437.2119752176459,1,25.147976875305176
0.018168187141418456,0.06129204928874969,0.0006876707077026368,0.0027221660224758847,0.15056954622268676,nan,0.0,0.2055059313774109,0.4785800039768219,1.8823102652168273,-0.5175000429153442,3.102154493331909,3.102154493331909,9.65939462184906,9.65939462184906,1.1894809007644653,1.1894809007644653,0.4966199994087219,1.4104143874168398,nan,0.0,0.5175000429153442,1.7295929947853088,nan,0.0,60000,2,False,,,8,-1.8823102652168273,47a7896a02434260ac7055a027948ae8,2019-06-06_10-33-50,1559842430,32.977195262908936,332.0584065914154,13649,steropes,169.229.49.254,"{'starting_lr': 0.0005, 'momentum': 0.99, 'weight_decay': 0.001, 'steps_per_iteration': None, 'pin': False, 'model_creator': None, 'target_batch_size': 128, 'model_string': 'resnet50', 'min_batch_size': 128, 'dataset': 'CIFAR', 'placement': None, 'use_nccl': True, 'devices_per_worker': 1, 'primary_resource': 'extra_gpu', 'gpu': False, 'verbose': False, 'lr_config': {'mode': 'log', 'steps': 5, 'initial_lr': 0.0005, 'target_lr': 0.0007071067811865476}, 'batch_per_device': 128}",32.977195262908936,0,1,1819.4298990612765,2,19.369092226028442
0.019336438179016112,0.037958934903144836,0.0007596135139465332,0.0026512875848886917,0.02865830659866333,nan,0.0,0.08099120855331421,0.49368000626564024,1.9256641349220278,-0.5268999934196472,nan,0.0,nan,0.0,nan,0.0,0.5173199772834778,1.3663507688713072,nan,0.0,0.5268999934196472,2.33306256275177,nan,0.0,60000,2,False,,,9,-1.9256641349220278,47a7896a02434260ac7055a027948ae8,2019-06-06_10-34-18,1559842458,27.70295548439026,359.76136207580566,13649,steropes,169.229.49.254,"{'starting_lr': 0.0005, 'momentum': 0.99, 'weight_decay': 0.001, 'steps_per_iteration': None, 'pin': False, 'model_creator': None, 'target_batch_size': 128, 'model_string': 'resnet50', 'min_batch_size': 128, 'dataset': 'CIFAR', 'placement': None, 'use_nccl': True, 'devices_per_worker': 1, 'primary_resource': 'extra_gpu', 'gpu': False, 'verbose': False, 'lr_config': {'mode': 'log', 'steps': 5, 'initial_lr': 0.0005, 'target_lr': 0.0007071067811865476}, 'batch_per_device': 128}",60.680150747299194,0,2,1977.57431855592,2,19.369092226028442
0.019457221031188965,0.038330212235450745,0.0006294369697570801,0.0026136089344413914,0.028410947322845458,nan,0.0,0.08143205642700195,0.5142599940299988,1.9506359727287292,-0.5448999404907227,nan,0.0,nan,0.0,nan,0.0,0.5242999792098999,1.3250278107452393,nan,0.0,0.5448999404907227,2.0781826869964597,nan,0.0,60000,2,True,,,10,-1.9506359727287292,47a7896a02434260ac7055a027948ae8,2019-06-06_10-34-45,1559842485,27.83213782310486,387.5934998989105,13649,steropes,169.229.49.254,"{'starting_lr': 0.0005, 'momentum': 0.99, 'weight_decay': 0.001, 'steps_per_iteration': None, 'pin': False, 'model_creator': None, 'target_batch_size': 128, 'model_string': 'resnet50', 'min_batch_size': 128, 'dataset': 'CIFAR', 'placement': None, 'use_nccl': True, 'devices_per_worker': 1, 'primary_resource': 'extra_gpu', 'gpu': False, 'verbose': False, 'lr_config': {'mode': 'log', 'steps': 5, 'initial_lr': 0.0005, 'target_lr': 0.0007071067811865476}, 'batch_per_device': 128}",88.51228857040405,0,3,2033.608337385961,2,19.369092226028442
