{"apply": 0.018025422096252443, "batch_time": 0.04160136210767529, "d2h": 0.0006866216659545899, "data_time": 0.0018198203552714394, "fwd": 0.1643681526184082, "get_state_time_mean": NaN, "get_state_time_total": 0.0, "grad": 0.16688742637634277, "mean_accuracy": 0.30640000104904175, "mean_loss": 2.0525203453063963, "neg_mean_accuracy": -0.30640000104904175, "set_state_time_mean": NaN, "set_state_time_total": 0.0, "setup_model_time_mean": 23.341832399368286, "setup_model_time_total": 23.341832399368286, "setup_proc_time_mean": 1.7078638076782227, "setup_proc_time_total": 1.7078638076782227, "train_accuracy": 0.21449999511241913, "train_loss": 2.3869962078857423, "training_time_mean": NaN, "training_time_total": 0.0, "val_accuracy": 0.30640000104904175, "val_loss": 2.0525203453063963, "validation_time_mean": NaN, "validation_time_total": 0.0, "samples": 60000, "num_workers": 1, "done": false, "timesteps_total": null, "episodes_total": null, "training_iteration": 1, "neg_mean_loss": -2.0525203453063963, "experiment_id": "47a7896a02434260ac7055a027948ae8", "date": "2019-06-06_10-28-45", "timestamp": 1559842125, "time_this_iter_s": 48.49328255653381, "time_total_s": 48.49328255653381, "pid": 7397, "hostname": "steropes", "node_ip": "169.229.49.254", "config": {"starting_lr": 0.0005, "momentum": 0.99, "weight_decay": 0.001, "steps_per_iteration": null, "pin": false, "model_creator": null, "target_batch_size": 128, "model_string": "resnet50", "min_batch_size": 128, "dataset": "CIFAR", "placement": null, "use_nccl": true, "devices_per_worker": 1, "primary_resource": "extra_gpu", "gpu": false, "verbose": false, "lr_config": {"mode": "log", "steps": 5, "initial_lr": 0.0005, "target_lr": 0.0005}, "batch_per_device": 128}, "time_since_restore": 48.49328255653381, "timesteps_since_restore": 0, "iterations_since_restore": 1, "mean_throughput": 1237.2826722566315, "atoms": 1, "setup_time": 25.147976875305176}
{"apply": 0.018281102180480957, "batch_time": 0.03173041041893295, "d2h": 0.0006952524185180664, "data_time": 0.0017849600223629066, "fwd": 0.0284243106842041, "get_state_time_mean": NaN, "get_state_time_total": 0.0, "grad": 0.04969186782836914, "mean_accuracy": 0.3455999940633774, "mean_loss": 2.0157282305717468, "neg_mean_accuracy": -0.384799987077713, "set_state_time_mean": NaN, "set_state_time_total": 0.0, "setup_model_time_mean": NaN, "setup_model_time_total": 0.0, "setup_proc_time_mean": NaN, "setup_proc_time_total": 0.0, "train_accuracy": 0.32872000336647034, "train_loss": 1.9881345343780517, "training_time_mean": NaN, "training_time_total": 0.0, "val_accuracy": 0.384799987077713, "val_loss": 1.9789361158370973, "validation_time_mean": NaN, "validation_time_total": 0.0, "samples": 60000, "num_workers": 1, "done": false, "timesteps_total": null, "episodes_total": null, "training_iteration": 2, "neg_mean_loss": -2.0157282305717468, "experiment_id": "47a7896a02434260ac7055a027948ae8", "date": "2019-06-06_10-29-27", "timestamp": 1559842167, "time_this_iter_s": 41.850868940353394, "time_total_s": 90.3441514968872, "pid": 7397, "hostname": "steropes", "node_ip": "169.229.49.254", "config": {"starting_lr": 0.0005, "momentum": 0.99, "weight_decay": 0.001, "steps_per_iteration": null, "pin": false, "model_creator": null, "target_batch_size": 128, "model_string": "resnet50", "min_batch_size": 128, "dataset": "CIFAR", "placement": null, "use_nccl": true, "devices_per_worker": 1, "primary_resource": "extra_gpu", "gpu": false, "verbose": false, "lr_config": {"mode": "log", "steps": 5, "initial_lr": 0.0005, "target_lr": 0.0005}, "batch_per_device": 128}, "time_since_restore": 90.3441514968872, "timesteps_since_restore": 0, "iterations_since_restore": 2, "mean_throughput": 1328.2494125083683, "atoms": 1, "setup_time": 25.147976875305176}
{"apply": 0.018518495559692382, "batch_time": 0.033022874518285825, "d2h": 0.0008969306945800781, "data_time": 0.0018070579489783557, "fwd": 0.029651808738708495, "get_state_time_mean": NaN, "get_state_time_total": 0.0, "grad": 0.05176546573638916, "mean_accuracy": 0.37369999289512634, "mean_loss": 2.021027574602763, "neg_mean_accuracy": -0.42989999055862427, "set_state_time_mean": NaN, "set_state_time_total": 0.0, "setup_model_time_mean": NaN, "setup_model_time_total": 0.0, "setup_proc_time_mean": NaN, "setup_proc_time_total": 0.0, "train_accuracy": 0.38741999864578247, "train_loss": 1.8176480233001708, "training_time_mean": NaN, "training_time_total": 0.0, "val_accuracy": 0.42989999055862427, "val_loss": 2.031626262664795, "validation_time_mean": NaN, "validation_time_total": 0.0, "samples": 60000, "num_workers": 1, "done": false, "timesteps_total": null, "episodes_total": null, "training_iteration": 3, "neg_mean_loss": -2.021027574602763, "experiment_id": "47a7896a02434260ac7055a027948ae8", "date": "2019-06-06_10-30-09", "timestamp": 1559842209, "time_this_iter_s": 42.04829168319702, "time_total_s": 132.39244318008423, "pid": 7397, "hostname": "steropes", "node_ip": "169.229.49.254", "config": {"starting_lr": 0.0005, "momentum": 0.99, "weight_decay": 0.001, "steps_per_iteration": null, "pin": false, "model_creator": null, "target_batch_size": 128, "model_string": "resnet50", "min_batch_size": 128, "dataset": "CIFAR", "placement": null, "use_nccl": true, "devices_per_worker": 1, "primary_resource": "extra_gpu", "gpu": false, "verbose": false, "lr_config": {"mode": "log", "steps": 5, "initial_lr": 0.0005, "target_lr": 0.0005}, "batch_per_device": 128}, "time_since_restore": 132.39244318008423, "timesteps_since_restore": 0, "iterations_since_restore": 3, "mean_throughput": 1359.5900660154223, "atoms": 1, "setup_time": 25.147976875305176}
{"apply": 0.018435573577880858, "batch_time": 0.03400772130942043, "d2h": 0.000702977180480957, "data_time": 0.0018116854645711992, "fwd": 0.02874603271484375, "get_state_time_mean": NaN, "get_state_time_total": 0.0, "grad": 0.05005581378936767, "mean_accuracy": 0.3931249901652336, "mean_loss": 2.0448439845085145, "neg_mean_accuracy": -0.4513999819755554, "set_state_time_mean": NaN, "set_state_time_total": 0.0, "setup_model_time_mean": NaN, "setup_model_time_total": 0.0, "setup_proc_time_mean": NaN, "setup_proc_time_total": 0.0, "train_accuracy": 0.42215999960899353, "train_loss": 1.7065269938278198, "training_time_mean": NaN, "training_time_total": 0.0, "val_accuracy": 0.4513999819755554, "val_loss": 2.116293214225769, "validation_time_mean": NaN, "validation_time_total": 0.0, "samples": 60000, "num_workers": 1, "done": false, "timesteps_total": null, "episodes_total": null, "training_iteration": 4, "neg_mean_loss": -2.0448439845085145, "experiment_id": "47a7896a02434260ac7055a027948ae8", "date": "2019-06-06_10-30-51", "timestamp": 1559842251, "time_this_iter_s": 41.782686948776245, "time_total_s": 174.17513012886047, "pid": 7397, "hostname": "steropes", "node_ip": "169.229.49.254", "config": {"starting_lr": 0.0005, "momentum": 0.99, "weight_decay": 0.001, "steps_per_iteration": null, "pin": false, "model_creator": null, "target_batch_size": 128, "model_string": "resnet50", "min_batch_size": 128, "dataset": "CIFAR", "placement": null, "use_nccl": true, "devices_per_worker": 1, "primary_resource": "extra_gpu", "gpu": false, "verbose": false, "lr_config": {"mode": "log", "steps": 5, "initial_lr": 0.0005, "target_lr": 0.0005}, "batch_per_device": 128}, "time_since_restore": 174.17513012886047, "timesteps_since_restore": 0, "iterations_since_restore": 4, "mean_throughput": 1377.919625877805, "atoms": 1, "setup_time": 25.147976875305176}
{"apply": 0.017737507820129395, "batch_time": 0.03144008298463459, "d2h": 0.000734257698059082, "data_time": 0.0017703878300269241, "fwd": 0.028390121459960938, "get_state_time_mean": NaN, "get_state_time_total": 0.0, "grad": 0.048633241653442384, "mean_accuracy": 0.4028999924659729, "mean_loss": 2.026539887199402, "neg_mean_accuracy": -0.44200000166893005, "set_state_time_mean": NaN, "set_state_time_total": 0.0, "setup_model_time_mean": NaN, "setup_model_time_total": 0.0, "setup_proc_time_mean": NaN, "setup_proc_time_total": 0.0, "train_accuracy": 0.4178199768066406, "train_loss": 1.7466227170181274, "training_time_mean": NaN, "training_time_total": 0.0, "val_accuracy": 0.44200000166893005, "val_loss": 1.9533234979629517, "validation_time_mean": NaN, "validation_time_total": 0.0, "samples": 60000, "num_workers": 1, "done": false, "timesteps_total": null, "episodes_total": null, "training_iteration": 5, "neg_mean_loss": -2.026539887199402, "experiment_id": "47a7896a02434260ac7055a027948ae8", "date": "2019-06-06_10-31-32", "timestamp": 1559842292, "time_this_iter_s": 41.44089126586914, "time_total_s": 215.61602139472961, "pid": 7397, "hostname": "steropes", "node_ip": "169.229.49.254", "config": {"starting_lr": 0.0005, "momentum": 0.99, "weight_decay": 0.001, "steps_per_iteration": null, "pin": false, "model_creator": null, "target_batch_size": 128, "model_string": "resnet50", "min_batch_size": 128, "dataset": "CIFAR", "placement": null, "use_nccl": true, "devices_per_worker": 1, "primary_resource": "extra_gpu", "gpu": false, "verbose": false, "lr_config": {"mode": "log", "steps": 5, "initial_lr": 0.0005, "target_lr": 0.0005}, "batch_per_device": 128}, "time_since_restore": 215.61602139472961, "timesteps_since_restore": 0, "iterations_since_restore": 5, "mean_throughput": 1391.3586362352846, "atoms": 1, "setup_time": 25.147976875305176}
{"apply": 0.018065738677978515, "batch_time": 0.03198481511466111, "d2h": 0.0007088899612426758, "data_time": 0.001797973042558831, "fwd": 0.02821946144104004, "get_state_time_mean": NaN, "get_state_time_total": 0.0, "grad": 0.04863464832305908, "mean_accuracy": 0.44045999050140383, "mean_loss": 1.9353657203674317, "neg_mean_accuracy": -0.4941999912261963, "set_state_time_mean": NaN, "set_state_time_total": 0.0, "setup_model_time_mean": NaN, "setup_model_time_total": 0.0, "setup_proc_time_mean": NaN, "setup_proc_time_total": 0.0, "train_accuracy": 0.44067999720573425, "train_loss": 1.6355445348739623, "training_time_mean": NaN, "training_time_total": 0.0, "val_accuracy": 0.4941999912261963, "val_loss": 1.5966495111465455, "validation_time_mean": NaN, "validation_time_total": 0.0, "samples": 60000, "num_workers": 1, "done": false, "timesteps_total": null, "episodes_total": null, "training_iteration": 6, "neg_mean_loss": -1.9353657203674317, "experiment_id": "47a7896a02434260ac7055a027948ae8", "date": "2019-06-06_10-32-14", "timestamp": 1559842334, "time_this_iter_s": 41.6400101184845, "time_total_s": 257.2560315132141, "pid": 7397, "hostname": "steropes", "node_ip": "169.229.49.254", "config": {"starting_lr": 0.0005, "momentum": 0.99, "weight_decay": 0.001, "steps_per_iteration": null, "pin": false, "model_creator": null, "target_batch_size": 128, "model_string": "resnet50", "min_batch_size": 128, "dataset": "CIFAR", "placement": null, "use_nccl": true, "devices_per_worker": 1, "primary_resource": "extra_gpu", "gpu": false, "verbose": false, "lr_config": {"mode": "log", "steps": 5, "initial_lr": 0.0005, "target_lr": 0.0005}, "batch_per_device": 128}, "time_since_restore": 257.2560315132141, "timesteps_since_restore": 0, "iterations_since_restore": 6, "mean_throughput": 1437.0340752307275, "atoms": 1, "setup_time": 25.147976875305176}
{"apply": 0.020635175704956054, "batch_time": 0.03340538543990896, "d2h": 0.0007564544677734375, "data_time": 0.001741295885247038, "fwd": 0.02967047691345215, "get_state_time_mean": NaN, "get_state_time_total": 0.0, "grad": 0.04974546432495117, "mean_accuracy": 0.4610599935054779, "mean_loss": 1.942716918792725, "neg_mean_accuracy": -0.4878000020980835, "set_state_time_mean": NaN, "set_state_time_total": 0.0, "setup_model_time_mean": NaN, "setup_model_time_total": 0.0, "setup_proc_time_mean": NaN, "setup_proc_time_total": 0.0, "train_accuracy": 0.47815999388694763, "train_loss": 1.4880315703964233, "training_time_mean": NaN, "training_time_total": 0.0, "val_accuracy": 0.4878000020980835, "val_loss": 2.015692107963562, "validation_time_mean": NaN, "validation_time_total": 0.0, "samples": 60000, "num_workers": 1, "done": false, "timesteps_total": null, "episodes_total": null, "training_iteration": 7, "neg_mean_loss": -1.942716918792725, "experiment_id": "47a7896a02434260ac7055a027948ae8", "date": "2019-06-06_10-32-56", "timestamp": 1559842376, "time_this_iter_s": 41.82517981529236, "time_total_s": 299.08121132850647, "pid": 7397, "hostname": "steropes", "node_ip": "169.229.49.254", "config": {"starting_lr": 0.0005, "momentum": 0.99, "weight_decay": 0.001, "steps_per_iteration": null, "pin": false, "model_creator": null, "target_batch_size": 128, "model_string": "resnet50", "min_batch_size": 128, "dataset": "CIFAR", "placement": null, "use_nccl": true, "devices_per_worker": 1, "primary_resource": "extra_gpu", "gpu": false, "verbose": false, "lr_config": {"mode": "log", "steps": 5, "initial_lr": 0.0005, "target_lr": 0.0005}, "batch_per_device": 128}, "time_since_restore": 299.08121132850647, "timesteps_since_restore": 0, "iterations_since_restore": 7, "mean_throughput": 1437.2119752176459, "atoms": 1, "setup_time": 25.147976875305176}
{"apply": 0.018168187141418456, "batch_time": 0.06129204928874969, "d2h": 0.0006876707077026368, "data_time": 0.0027221660224758847, "fwd": 0.15056954622268676, "get_state_time_mean": NaN, "get_state_time_total": 0.0, "grad": 0.2055059313774109, "mean_accuracy": 0.4785800039768219, "mean_loss": 1.8823102652168273, "neg_mean_accuracy": -0.5175000429153442, "set_state_time_mean": 3.102154493331909, "set_state_time_total": 3.102154493331909, "setup_model_time_mean": 9.65939462184906, "setup_model_time_total": 9.65939462184906, "setup_proc_time_mean": 1.1894809007644653, "setup_proc_time_total": 1.1894809007644653, "train_accuracy": 0.4966199994087219, "train_loss": 1.4104143874168398, "training_time_mean": NaN, "training_time_total": 0.0, "val_accuracy": 0.5175000429153442, "val_loss": 1.7295929947853088, "validation_time_mean": NaN, "validation_time_total": 0.0, "samples": 60000, "num_workers": 2, "done": false, "timesteps_total": null, "episodes_total": null, "training_iteration": 8, "neg_mean_loss": -1.8823102652168273, "experiment_id": "47a7896a02434260ac7055a027948ae8", "date": "2019-06-06_10-33-50", "timestamp": 1559842430, "time_this_iter_s": 32.977195262908936, "time_total_s": 332.0584065914154, "pid": 13649, "hostname": "steropes", "node_ip": "169.229.49.254", "config": {"starting_lr": 0.0005, "momentum": 0.99, "weight_decay": 0.001, "steps_per_iteration": null, "pin": false, "model_creator": null, "target_batch_size": 128, "model_string": "resnet50", "min_batch_size": 128, "dataset": "CIFAR", "placement": null, "use_nccl": true, "devices_per_worker": 1, "primary_resource": "extra_gpu", "gpu": false, "verbose": false, "lr_config": {"mode": "log", "steps": 5, "initial_lr": 0.0005, "target_lr": 0.0007071067811865476}, "batch_per_device": 128}, "time_since_restore": 32.977195262908936, "timesteps_since_restore": 0, "iterations_since_restore": 1, "mean_throughput": 1819.4298990612765, "atoms": 2, "setup_time": 19.369092226028442}
{"apply": 0.019336438179016112, "batch_time": 0.037958934903144836, "d2h": 0.0007596135139465332, "data_time": 0.0026512875848886917, "fwd": 0.02865830659866333, "get_state_time_mean": NaN, "get_state_time_total": 0.0, "grad": 0.08099120855331421, "mean_accuracy": 0.49368000626564024, "mean_loss": 1.9256641349220278, "neg_mean_accuracy": -0.5268999934196472, "set_state_time_mean": NaN, "set_state_time_total": 0.0, "setup_model_time_mean": NaN, "setup_model_time_total": 0.0, "setup_proc_time_mean": NaN, "setup_proc_time_total": 0.0, "train_accuracy": 0.5173199772834778, "train_loss": 1.3663507688713072, "training_time_mean": NaN, "training_time_total": 0.0, "val_accuracy": 0.5268999934196472, "val_loss": 2.33306256275177, "validation_time_mean": NaN, "validation_time_total": 0.0, "samples": 60000, "num_workers": 2, "done": false, "timesteps_total": null, "episodes_total": null, "training_iteration": 9, "neg_mean_loss": -1.9256641349220278, "experiment_id": "47a7896a02434260ac7055a027948ae8", "date": "2019-06-06_10-34-18", "timestamp": 1559842458, "time_this_iter_s": 27.70295548439026, "time_total_s": 359.76136207580566, "pid": 13649, "hostname": "steropes", "node_ip": "169.229.49.254", "config": {"starting_lr": 0.0005, "momentum": 0.99, "weight_decay": 0.001, "steps_per_iteration": null, "pin": false, "model_creator": null, "target_batch_size": 128, "model_string": "resnet50", "min_batch_size": 128, "dataset": "CIFAR", "placement": null, "use_nccl": true, "devices_per_worker": 1, "primary_resource": "extra_gpu", "gpu": false, "verbose": false, "lr_config": {"mode": "log", "steps": 5, "initial_lr": 0.0005, "target_lr": 0.0007071067811865476}, "batch_per_device": 128}, "time_since_restore": 60.680150747299194, "timesteps_since_restore": 0, "iterations_since_restore": 2, "mean_throughput": 1977.57431855592, "atoms": 2, "setup_time": 19.369092226028442}
{"apply": 0.019457221031188965, "batch_time": 0.038330212235450745, "d2h": 0.0006294369697570801, "data_time": 0.0026136089344413914, "fwd": 0.028410947322845458, "get_state_time_mean": NaN, "get_state_time_total": 0.0, "grad": 0.08143205642700195, "mean_accuracy": 0.5142599940299988, "mean_loss": 1.9506359727287292, "neg_mean_accuracy": -0.5448999404907227, "set_state_time_mean": NaN, "set_state_time_total": 0.0, "setup_model_time_mean": NaN, "setup_model_time_total": 0.0, "setup_proc_time_mean": NaN, "setup_proc_time_total": 0.0, "train_accuracy": 0.5242999792098999, "train_loss": 1.3250278107452393, "training_time_mean": NaN, "training_time_total": 0.0, "val_accuracy": 0.5448999404907227, "val_loss": 2.0781826869964597, "validation_time_mean": NaN, "validation_time_total": 0.0, "samples": 60000, "num_workers": 2, "done": true, "timesteps_total": null, "episodes_total": null, "training_iteration": 10, "neg_mean_loss": -1.9506359727287292, "experiment_id": "47a7896a02434260ac7055a027948ae8", "date": "2019-06-06_10-34-45", "timestamp": 1559842485, "time_this_iter_s": 27.83213782310486, "time_total_s": 387.5934998989105, "pid": 13649, "hostname": "steropes", "node_ip": "169.229.49.254", "config": {"starting_lr": 0.0005, "momentum": 0.99, "weight_decay": 0.001, "steps_per_iteration": null, "pin": false, "model_creator": null, "target_batch_size": 128, "model_string": "resnet50", "min_batch_size": 128, "dataset": "CIFAR", "placement": null, "use_nccl": true, "devices_per_worker": 1, "primary_resource": "extra_gpu", "gpu": false, "verbose": false, "lr_config": {"mode": "log", "steps": 5, "initial_lr": 0.0005, "target_lr": 0.0007071067811865476}, "batch_per_device": 128}, "time_since_restore": 88.51228857040405, "timesteps_since_restore": 0, "iterations_since_restore": 3, "mean_throughput": 2033.608337385961, "atoms": 2, "setup_time": 19.369092226028442}
