{"apply": 0.02023465633392334, "batch_time": 0.04198490517048896, "d2h": 0.000767660140991211, "data_time": 0.0018832768930498597, "fwd": 0.11784200668334961, "get_state_time_mean": NaN, "get_state_time_total": 0.0, "grad": 0.1702824354171753, "mean_accuracy": 0.09999999403953552, "mean_loss": 2.3983472553253176, "neg_mean_accuracy": -0.09999999403953552, "set_state_time_mean": NaN, "set_state_time_total": 0.0, "setup_model_time_mean": 8.294596433639526, "setup_model_time_total": 8.294596433639526, "setup_proc_time_mean": 0.17503976821899414, "setup_proc_time_total": 0.17503976821899414, "train_accuracy": 0.10013999789953232, "train_loss": 6.031782148284912, "training_time_mean": NaN, "training_time_total": 0.0, "val_accuracy": 0.09999999403953552, "val_loss": 2.3983472553253176, "validation_time_mean": NaN, "validation_time_total": 0.0, "samples": 60000, "num_workers": 1, "done": false, "timesteps_total": null, "episodes_total": null, "training_iteration": 1, "neg_mean_loss": -2.3983472553253176, "experiment_id": "8791841061bb4b2d8b535b530ea9cc1e", "date": "2019-06-06_07-16-52", "timestamp": 1559830612, "time_this_iter_s": 46.91384768486023, "time_total_s": 46.91384768486023, "pid": 15740, "hostname": "steropes", "node_ip": "169.229.49.254", "config": {"starting_lr": 0.05, "momentum": 0.997, "weight_decay": 0.0005, "steps_per_iteration": null, "pin": false, "model_creator": null, "target_batch_size": 128, "model_string": "resnet50", "min_batch_size": 128, "dataset": "CIFAR", "placement": null, "use_nccl": true, "devices_per_worker": 1, "primary_resource": "extra_gpu", "gpu": false, "verbose": false, "lr_config": {"mode": "log", "steps": 5, "initial_lr": 0.05, "target_lr": 0.05}, "batch_per_device": 128}, "time_since_restore": 46.91384768486023, "timesteps_since_restore": 0, "iterations_since_restore": 1, "mean_throughput": 1278.9375882731529, "atoms": 1, "setup_time": 8.872911214828491}
{"apply": 0.019922542572021484, "batch_time": 0.03225586685953261, "d2h": 0.0006775617599487305, "data_time": 0.0017890850906176945, "fwd": 0.029968976974487305, "get_state_time_mean": NaN, "get_state_time_total": 0.0, "grad": 0.048748326301574704, "mean_accuracy": 0.10054999589920044, "mean_loss": 35607.19023612766, "neg_mean_accuracy": -0.10109999775886536, "set_state_time_mean": NaN, "set_state_time_total": 0.0, "setup_model_time_mean": NaN, "setup_model_time_total": 0.0, "setup_proc_time_mean": NaN, "setup_proc_time_total": 0.0, "train_accuracy": 0.10181999951601028, "train_loss": 7.645496910858154, "training_time_mean": NaN, "training_time_total": 0.0, "val_accuracy": 0.10109999775886536, "val_loss": 71211.982125, "validation_time_mean": NaN, "validation_time_total": 0.0, "samples": 60000, "num_workers": 1, "done": true, "timesteps_total": null, "episodes_total": null, "training_iteration": 2, "neg_mean_loss": -35607.19023612766, "experiment_id": "8791841061bb4b2d8b535b530ea9cc1e", "date": "2019-06-06_07-17-34", "timestamp": 1559830654, "time_this_iter_s": 41.70570158958435, "time_total_s": 88.61954927444458, "pid": 15740, "hostname": "steropes", "node_ip": "169.229.49.254", "config": {"starting_lr": 0.05, "momentum": 0.997, "weight_decay": 0.0005, "steps_per_iteration": null, "pin": false, "model_creator": null, "target_batch_size": 128, "model_string": "resnet50", "min_batch_size": 128, "dataset": "CIFAR", "placement": null, "use_nccl": true, "devices_per_worker": 1, "primary_resource": "extra_gpu", "gpu": false, "verbose": false, "lr_config": {"mode": "log", "steps": 5, "initial_lr": 0.05, "target_lr": 0.05}, "batch_per_device": 128}, "time_since_restore": 88.61954927444458, "timesteps_since_restore": 0, "iterations_since_restore": 2, "mean_throughput": 1354.1003356678725, "atoms": 1, "setup_time": 8.872911214828491}
