{"apply": 0.01732766628265381, "batch_time": 0.04094823402694509, "d2h": 0.0006736278533935547, "data_time": 0.0018479933824075761, "fwd": 0.11396238803863526, "get_state_time_mean": NaN, "get_state_time_total": 0.0, "grad": 0.18773763179779052, "mean_accuracy": 0.10329999774694443, "mean_loss": 549396.5175, "neg_mean_accuracy": -0.10329999774694443, "set_state_time_mean": NaN, "set_state_time_total": 0.0, "setup_model_time_mean": 9.129858493804932, "setup_model_time_total": 9.129858493804932, "setup_proc_time_mean": 0.4039773941040039, "setup_proc_time_total": 0.4039773941040039, "train_accuracy": 0.1004600003361702, "train_loss": 50.154685095825194, "training_time_mean": NaN, "training_time_total": 0.0, "val_accuracy": 0.10329999774694443, "val_loss": 549396.5175, "validation_time_mean": NaN, "validation_time_total": 0.0, "samples": 60000, "num_workers": 1, "done": false, "timesteps_total": null, "episodes_total": null, "training_iteration": 1, "neg_mean_loss": -549396.5175, "experiment_id": "3aa1c79565e54b1bbc91341ddcddf101", "date": "2019-06-03_22-13-12", "timestamp": 1559625192, "time_this_iter_s": 45.54996132850647, "time_total_s": 45.54996132850647, "pid": 12027, "hostname": "steropes", "node_ip": "169.229.49.254", "config": {"starting_lr": 1.0, "momentum": 0.95, "weight_decay": 0.001, "steps_per_iteration": null, "pin": false, "model_creator": null, "target_batch_size": 128, "model_string": "resnet50", "min_batch_size": 128, "dataset": "CIFAR", "placement": null, "use_nccl": true, "devices_per_worker": 1, "primary_resource": "extra_gpu", "gpu": false, "verbose": false, "lr_config": {"mode": "log", "steps": 5, "initial_lr": 1.0, "target_lr": 1.0}, "batch_per_device": 128}, "time_since_restore": 45.54996132850647, "timesteps_since_restore": 0, "iterations_since_restore": 1, "mean_throughput": 1317.2305698849016, "atoms": 1, "setup_time": 9.649203538894653}
{"apply": 0.01719820499420166, "batch_time": 0.03138638749907288, "d2h": 0.0006440162658691406, "data_time": 0.0017583864119351672, "fwd": 0.02791922092437744, "get_state_time_mean": NaN, "get_state_time_total": 0.0, "grad": 0.04741888046264649, "mean_accuracy": 0.10459999740123749, "mean_loss": 581890.7346, "neg_mean_accuracy": -0.10589999705553055, "set_state_time_mean": NaN, "set_state_time_total": 0.0, "setup_model_time_mean": NaN, "setup_model_time_total": 0.0, "setup_proc_time_mean": NaN, "setup_proc_time_total": 0.0, "train_accuracy": 0.1008399948477745, "train_loss": 13699.883325305786, "training_time_mean": NaN, "training_time_total": 0.0, "val_accuracy": 0.10589999705553055, "val_loss": 614384.9517, "validation_time_mean": NaN, "validation_time_total": 0.0, "samples": 60000, "num_workers": 1, "done": false, "timesteps_total": null, "episodes_total": null, "training_iteration": 2, "neg_mean_loss": -581890.7346, "experiment_id": "3aa1c79565e54b1bbc91341ddcddf101", "date": "2019-06-03_22-13-52", "timestamp": 1559625232, "time_this_iter_s": 40.20360612869263, "time_total_s": 85.7535674571991, "pid": 12027, "hostname": "steropes", "node_ip": "169.229.49.254", "config": {"starting_lr": 1.0, "momentum": 0.95, "weight_decay": 0.001, "steps_per_iteration": null, "pin": false, "model_creator": null, "target_batch_size": 128, "model_string": "resnet50", "min_batch_size": 128, "dataset": "CIFAR", "placement": null, "use_nccl": true, "devices_per_worker": 1, "primary_resource": "extra_gpu", "gpu": false, "verbose": false, "lr_config": {"mode": "log", "steps": 5, "initial_lr": 1.0, "target_lr": 1.0}, "batch_per_device": 128}, "time_since_restore": 85.7535674571991, "timesteps_since_restore": 0, "iterations_since_restore": 2, "mean_throughput": 1399.3549104459837, "atoms": 1, "setup_time": 9.649203538894653}
{"apply": 0.018674540519714355, "batch_time": 0.03250488450255575, "d2h": 0.0007452726364135742, "data_time": 0.0017637810133912068, "fwd": 0.02928626537322998, "get_state_time_mean": NaN, "get_state_time_total": 0.0, "grad": 0.04807133674621582, "mean_accuracy": 0.10306666294733684, "mean_loss": 391855.2992239583, "neg_mean_accuracy": -0.09999999403953552, "set_state_time_mean": NaN, "set_state_time_total": 0.0, "setup_model_time_mean": NaN, "setup_model_time_total": 0.0, "setup_proc_time_mean": NaN, "setup_proc_time_total": 0.0, "train_accuracy": 0.10273999720811844, "train_loss": 9336.319256213379, "training_time_mean": NaN, "training_time_total": 0.0, "val_accuracy": 0.09999999403953552, "val_loss": 11784.428471875, "validation_time_mean": NaN, "validation_time_total": 0.0, "samples": 60000, "num_workers": 1, "done": true, "timesteps_total": null, "episodes_total": null, "training_iteration": 3, "neg_mean_loss": -391855.2992239583, "experiment_id": "3aa1c79565e54b1bbc91341ddcddf101", "date": "2019-06-03_22-14-32", "timestamp": 1559625272, "time_this_iter_s": 40.23246693611145, "time_total_s": 125.98603439331055, "pid": 12027, "hostname": "steropes", "node_ip": "169.229.49.254", "config": {"starting_lr": 1.0, "momentum": 0.95, "weight_decay": 0.001, "steps_per_iteration": null, "pin": false, "model_creator": null, "target_batch_size": 128, "model_string": "resnet50", "min_batch_size": 128, "dataset": "CIFAR", "placement": null, "use_nccl": true, "devices_per_worker": 1, "primary_resource": "extra_gpu", "gpu": false, "verbose": false, "lr_config": {"mode": "log", "steps": 5, "initial_lr": 1.0, "target_lr": 1.0}, "batch_per_device": 128}, "time_since_restore": 125.98603439331055, "timesteps_since_restore": 0, "iterations_since_restore": 3, "mean_throughput": 1428.726211976514, "atoms": 1, "setup_time": 9.649203538894653}
