{"apply": 0.017535185813903807, "batch_time": 0.04443605942062185, "d2h": 0.0007163524627685547, "data_time": 0.0018469970244580827, "fwd": 0.2533655881881714, "get_state_time_mean": NaN, "get_state_time_total": 0.0, "grad": 0.1700988531112671, "mean_accuracy": 0.10009999573230743, "mean_loss": 73.04235152511596, "neg_mean_accuracy": -0.10009999573230743, "set_state_time_mean": NaN, "set_state_time_total": 0.0, "setup_model_time_mean": 23.483367443084717, "setup_model_time_total": 23.483367443084717, "setup_proc_time_mean": 1.8634307384490967, "setup_proc_time_total": 1.8634307384490967, "train_accuracy": 0.1046999990940094, "train_loss": 5.614539304962158, "training_time_mean": NaN, "training_time_total": 0.0, "val_accuracy": 0.10009999573230743, "val_loss": 73.04235152511596, "validation_time_mean": NaN, "validation_time_total": 0.0, "samples": 60000, "num_workers": 1, "done": false, "timesteps_total": null, "episodes_total": null, "training_iteration": 1, "neg_mean_loss": -73.04235152511596, "experiment_id": "e6ced445b58741ffb6451d4efc62734e", "date": "2019-06-03_04-38-16", "timestamp": 1559561896, "time_this_iter_s": 48.02972626686096, "time_total_s": 48.02972626686096, "pid": 17448, "hostname": "steropes", "node_ip": "169.229.49.254", "config": {"starting_lr": 0.05, "momentum": 0.997, "weight_decay": 0.0001, "steps_per_iteration": null, "pin": false, "model_creator": null, "target_batch_size": 128, "model_string": "resnet50", "min_batch_size": 128, "dataset": "CIFAR", "placement": null, "use_nccl": true, "devices_per_worker": 1, "primary_resource": "extra_gpu", "gpu": false, "verbose": false, "lr_config": {"mode": "log", "steps": 5, "initial_lr": 0.05, "target_lr": 0.05}, "batch_per_device": 128}, "time_since_restore": 48.02972626686096, "timesteps_since_restore": 0, "iterations_since_restore": 1, "mean_throughput": 1249.2240693674762, "atoms": 1, "setup_time": 29.03898024559021}
{"apply": 0.017583560943603516, "batch_time": 0.034049438524849804, "d2h": 0.0007204294204711914, "data_time": 0.0017375269204454348, "fwd": 0.027582859992980956, "get_state_time_mean": NaN, "get_state_time_total": 0.0, "grad": 0.04780547618865967, "mean_accuracy": 0.09994999691843987, "mean_loss": 37.69699586753845, "neg_mean_accuracy": -0.0997999981045723, "set_state_time_mean": NaN, "set_state_time_total": 0.0, "setup_model_time_mean": NaN, "setup_model_time_total": 0.0, "setup_proc_time_mean": NaN, "setup_proc_time_total": 0.0, "train_accuracy": 0.1004600003361702, "train_loss": 2.4839195698547365, "training_time_mean": NaN, "training_time_total": 0.0, "val_accuracy": 0.0997999981045723, "val_loss": 2.3516402099609377, "validation_time_mean": NaN, "validation_time_total": 0.0, "samples": 60000, "num_workers": 1, "done": false, "timesteps_total": null, "episodes_total": null, "training_iteration": 2, "neg_mean_loss": -37.69699586753845, "experiment_id": "e6ced445b58741ffb6451d4efc62734e", "date": "2019-06-03_04-38-57", "timestamp": 1559561937, "time_this_iter_s": 41.01784110069275, "time_total_s": 89.04756736755371, "pid": 17448, "hostname": "steropes", "node_ip": "169.229.49.254", "config": {"starting_lr": 0.05, "momentum": 0.997, "weight_decay": 0.0001, "steps_per_iteration": null, "pin": false, "model_creator": null, "target_batch_size": 128, "model_string": "resnet50", "min_batch_size": 128, "dataset": "CIFAR", "placement": null, "use_nccl": true, "devices_per_worker": 1, "primary_resource": "extra_gpu", "gpu": false, "verbose": false, "lr_config": {"mode": "log", "steps": 5, "initial_lr": 0.05, "target_lr": 0.05}, "batch_per_device": 128}, "time_since_restore": 89.04756736755371, "timesteps_since_restore": 0, "iterations_since_restore": 2, "mean_throughput": 1347.5897105649326, "atoms": 1, "setup_time": 29.03898024559021}
{"apply": 0.018626928329467773, "batch_time": 0.03220228002041201, "d2h": 0.0007603883743286133, "data_time": 0.0017665554495418772, "fwd": 0.028289055824279784, "get_state_time_mean": NaN, "get_state_time_total": 0.0, "grad": 0.04820768833160401, "mean_accuracy": 0.09996666262547176, "mean_loss": 25.912475775655107, "neg_mean_accuracy": -0.09999999403953552, "set_state_time_mean": NaN, "set_state_time_total": 0.0, "setup_model_time_mean": NaN, "setup_model_time_total": 0.0, "setup_proc_time_mean": NaN, "setup_proc_time_total": 0.0, "train_accuracy": 0.10193999856710434, "train_loss": 2.3606294843292237, "training_time_mean": NaN, "training_time_total": 0.0, "val_accuracy": 0.09999999403953552, "val_loss": 2.3434355918884275, "validation_time_mean": NaN, "validation_time_total": 0.0, "samples": 60000, "num_workers": 1, "done": true, "timesteps_total": null, "episodes_total": null, "training_iteration": 3, "neg_mean_loss": -25.912475775655107, "experiment_id": "e6ced445b58741ffb6451d4efc62734e", "date": "2019-06-03_04-39-38", "timestamp": 1559561978, "time_this_iter_s": 40.85863137245178, "time_total_s": 129.9061987400055, "pid": 17448, "hostname": "steropes", "node_ip": "169.229.49.254", "config": {"starting_lr": 0.05, "momentum": 0.997, "weight_decay": 0.0001, "steps_per_iteration": null, "pin": false, "model_creator": null, "target_batch_size": 128, "model_string": "resnet50", "min_batch_size": 128, "dataset": "CIFAR", "placement": null, "use_nccl": true, "devices_per_worker": 1, "primary_resource": "extra_gpu", "gpu": false, "verbose": false, "lr_config": {"mode": "log", "steps": 5, "initial_lr": 0.05, "target_lr": 0.05}, "batch_per_device": 128}, "time_since_restore": 129.9061987400055, "timesteps_since_restore": 0, "iterations_since_restore": 3, "mean_throughput": 1385.6110707769571, "atoms": 1, "setup_time": 29.03898024559021}
