{"apply": 0.01838552951812744, "batch_time": 0.04239941850493226, "d2h": 0.0007234811782836914, "data_time": 0.0019299362016760785, "fwd": 0.1172865629196167, "get_state_time_mean": NaN, "get_state_time_total": 0.0, "grad": 0.16374621391296387, "mean_accuracy": 0.09999999403953552, "mean_loss": 2.340191763305664, "neg_mean_accuracy": -0.09999999403953552, "set_state_time_mean": NaN, "set_state_time_total": 0.0, "setup_model_time_mean": 8.32608151435852, "setup_model_time_total": 8.32608151435852, "setup_proc_time_mean": 0.19740700721740723, "setup_proc_time_total": 0.19740700721740723, "train_accuracy": 0.095660001039505, "train_loss": 5.553010244293213, "training_time_mean": NaN, "training_time_total": 0.0, "val_accuracy": 0.09999999403953552, "val_loss": 2.340191763305664, "validation_time_mean": NaN, "validation_time_total": 0.0, "samples": 60000, "num_workers": 1, "done": false, "timesteps_total": null, "episodes_total": null, "training_iteration": 1, "neg_mean_loss": -2.340191763305664, "experiment_id": "3310d0f4b2454a619055f6765ed72fa0", "date": "2019-06-03_04-35-04", "timestamp": 1559561704, "time_this_iter_s": 47.34493660926819, "time_total_s": 47.34493660926819, "pid": 14321, "hostname": "steropes", "node_ip": "169.229.49.254", "config": {"starting_lr": 0.5, "momentum": 0.95, "weight_decay": 0.0001, "steps_per_iteration": null, "pin": false, "model_creator": null, "target_batch_size": 128, "model_string": "resnet50", "min_batch_size": 128, "dataset": "CIFAR", "placement": null, "use_nccl": true, "devices_per_worker": 1, "primary_resource": "extra_gpu", "gpu": false, "verbose": false, "lr_config": {"mode": "log", "steps": 5, "initial_lr": 0.5, "target_lr": 0.5}, "batch_per_device": 128}, "time_since_restore": 47.34493660926819, "timesteps_since_restore": 0, "iterations_since_restore": 1, "mean_throughput": 1267.2926019305485, "atoms": 1, "setup_time": 9.597991704940796}
{"apply": 0.018151164054870605, "batch_time": 0.03237660927108572, "d2h": 0.0006897211074829102, "data_time": 0.001914715827883357, "fwd": 0.02819547653198242, "get_state_time_mean": NaN, "get_state_time_total": 0.0, "grad": 0.048415303230285645, "mean_accuracy": 0.09999999403953552, "mean_loss": 2.3302118700027465, "neg_mean_accuracy": -0.09999999403953552, "set_state_time_mean": NaN, "set_state_time_total": 0.0, "setup_model_time_mean": NaN, "setup_model_time_total": 0.0, "setup_proc_time_mean": NaN, "setup_proc_time_total": 0.0, "train_accuracy": 0.09731999784708023, "train_loss": 2.3302963149261475, "training_time_mean": NaN, "training_time_total": 0.0, "val_accuracy": 0.09999999403953552, "val_loss": 2.320231976699829, "validation_time_mean": NaN, "validation_time_total": 0.0, "samples": 60000, "num_workers": 1, "done": false, "timesteps_total": null, "episodes_total": null, "training_iteration": 2, "neg_mean_loss": -2.3302118700027465, "experiment_id": "3310d0f4b2454a619055f6765ed72fa0", "date": "2019-06-03_04-35-45", "timestamp": 1559561745, "time_this_iter_s": 41.364227056503296, "time_total_s": 88.70916366577148, "pid": 14321, "hostname": "steropes", "node_ip": "169.229.49.254", "config": {"starting_lr": 0.5, "momentum": 0.95, "weight_decay": 0.0001, "steps_per_iteration": null, "pin": false, "model_creator": null, "target_batch_size": 128, "model_string": "resnet50", "min_batch_size": 128, "dataset": "CIFAR", "placement": null, "use_nccl": true, "devices_per_worker": 1, "primary_resource": "extra_gpu", "gpu": false, "verbose": false, "lr_config": {"mode": "log", "steps": 5, "initial_lr": 0.5, "target_lr": 0.5}, "batch_per_device": 128}, "time_since_restore": 88.70916366577148, "timesteps_since_restore": 0, "iterations_since_restore": 2, "mean_throughput": 1352.7325074642763, "atoms": 1, "setup_time": 9.597991704940796}
