{"apply": 0.018886160850524903, "batch_time": 0.04213529297068149, "d2h": 0.000705265998840332, "data_time": 0.0018238192019255264, "fwd": 0.12043678760528564, "get_state_time_mean": NaN, "get_state_time_total": 0.0, "grad": 0.17691347599029542, "mean_accuracy": 0.09999999403953552, "mean_loss": 2.3738232215881347, "neg_mean_accuracy": -0.09999999403953552, "set_state_time_mean": NaN, "set_state_time_total": 0.0, "setup_model_time_mean": 9.581560850143433, "setup_model_time_total": 9.581560850143433, "setup_proc_time_mean": 0.16847801208496094, "setup_proc_time_total": 0.16847801208496094, "train_accuracy": 0.10089999437332153, "train_loss": 4.294100286102295, "training_time_mean": NaN, "training_time_total": 0.0, "val_accuracy": 0.09999999403953552, "val_loss": 2.3738232215881347, "validation_time_mean": NaN, "validation_time_total": 0.0, "samples": 60000, "num_workers": 1, "done": false, "timesteps_total": null, "episodes_total": null, "training_iteration": 1, "neg_mean_loss": -2.3738232215881347, "experiment_id": "08336a95d3b94100a72fa195544588c9", "date": "2019-06-06_07-11-03", "timestamp": 1559830263, "time_this_iter_s": 47.59332013130188, "time_total_s": 47.59332013130188, "pid": 8463, "hostname": "steropes", "node_ip": "169.229.49.254", "config": {"starting_lr": 0.1, "momentum": 0.95, "weight_decay": 0.001, "steps_per_iteration": null, "pin": false, "model_creator": null, "target_batch_size": 128, "model_string": "resnet50", "min_batch_size": 128, "dataset": "CIFAR", "placement": null, "use_nccl": true, "devices_per_worker": 1, "primary_resource": "extra_gpu", "gpu": false, "verbose": false, "lr_config": {"mode": "log", "steps": 5, "initial_lr": 0.1, "target_lr": 0.1}, "batch_per_device": 128}, "time_since_restore": 47.59332013130188, "timesteps_since_restore": 0, "iterations_since_restore": 1, "mean_throughput": 1260.6770312817007, "atoms": 1, "setup_time": 12.623599767684937}
{"apply": 0.018748164176940918, "batch_time": 0.031760128238533115, "d2h": 0.0006612300872802735, "data_time": 0.001768196330350988, "fwd": 0.028394055366516114, "get_state_time_mean": NaN, "get_state_time_total": 0.0, "grad": 0.047831058502197266, "mean_accuracy": 0.16509999334812164, "mean_loss": 2.163970461654663, "neg_mean_accuracy": -0.23019999265670776, "set_state_time_mean": NaN, "set_state_time_total": 0.0, "setup_model_time_mean": NaN, "setup_model_time_total": 0.0, "setup_proc_time_mean": NaN, "setup_proc_time_total": 0.0, "train_accuracy": 0.17885999381542206, "train_loss": 2.1176343518447878, "training_time_mean": NaN, "training_time_total": 0.0, "val_accuracy": 0.23019999265670776, "val_loss": 1.9541177017211915, "validation_time_mean": NaN, "validation_time_total": 0.0, "samples": 60000, "num_workers": 1, "done": true, "timesteps_total": null, "episodes_total": null, "training_iteration": 2, "neg_mean_loss": -2.163970461654663, "experiment_id": "08336a95d3b94100a72fa195544588c9", "date": "2019-06-06_07-11-43", "timestamp": 1559830303, "time_this_iter_s": 40.6621208190918, "time_total_s": 88.25544095039368, "pid": 8463, "hostname": "steropes", "node_ip": "169.229.49.254", "config": {"starting_lr": 0.1, "momentum": 0.95, "weight_decay": 0.001, "steps_per_iteration": null, "pin": false, "model_creator": null, "target_batch_size": 128, "model_string": "resnet50", "min_batch_size": 128, "dataset": "CIFAR", "placement": null, "use_nccl": true, "devices_per_worker": 1, "primary_resource": "extra_gpu", "gpu": false, "verbose": false, "lr_config": {"mode": "log", "steps": 5, "initial_lr": 0.1, "target_lr": 0.1}, "batch_per_device": 128}, "time_since_restore": 88.25544095039368, "timesteps_since_restore": 0, "iterations_since_restore": 2, "mean_throughput": 1359.6860038068016, "atoms": 1, "setup_time": 12.623599767684937}
