apply,batch_time,d2h,data_time,fwd,get_state_time_mean,get_state_time_total,grad,mean_accuracy,mean_loss,neg_mean_accuracy,set_state_time_mean,set_state_time_total,setup_model_time_mean,setup_model_time_total,setup_proc_time_mean,setup_proc_time_total,train_accuracy,train_loss,training_time_mean,training_time_total,val_accuracy,val_loss,validation_time_mean,validation_time_total,samples,num_workers,done,timesteps_total,episodes_total,training_iteration,neg_mean_loss,experiment_id,date,timestamp,time_this_iter_s,time_total_s,pid,hostname,node_ip,config,time_since_restore,timesteps_since_restore,iterations_since_restore,mean_throughput,atoms,setup_time
0.017731595039367675,0.04712700240219696,0.0006482601165771484,0.0020419514697530994,0.1166001796722412,nan,0.0,0.16414031982421876,0.09999999403953552,139088.488625,-0.09999999403953552,nan,0.0,8.351339340209961,8.351339340209961,1.830000877380371,1.830000877380371,0.10333999991416931,5.5821035140991215,nan,0.0,0.09999999403953552,139088.488625,nan,0.0,60000,1,False,,,1,-139088.488625,45bf767acffc44f39a63a141801dc684,2019-06-06_14-17-15,1559855835,47.02004909515381,47.02004909515381,30543,steropes,169.229.49.254,"{'starting_lr': 0.1, 'momentum': 0.99, 'weight_decay': 0.001, 'steps_per_iteration': None, 'pin': False, 'model_creator': None, 'target_batch_size': 128, 'model_string': 'resnet50', 'min_batch_size': 128, 'dataset': 'CIFAR', 'placement': None, 'use_nccl': True, 'devices_per_worker': 1, 'primary_resource': 'extra_gpu', 'gpu': False, 'verbose': False, 'lr_config': {'mode': 'log', 'steps': 5, 'initial_lr': 0.1, 'target_lr': 0.1}, 'batch_per_device': 128}",47.02004909515381,0,1,1276.0489071398274,1,10.277672529220581
0.017547249794006348,0.03107826317412944,0.0006997823715209961,0.0017393867073156645,0.028594088554382325,nan,0.0,0.048968267440795896,0.10224999487400055,350639.8946125,-0.10449999570846558,nan,0.0,nan,0.0,nan,0.0,0.15215998888015747,3.3419834197998046,nan,0.0,0.10449999570846558,562191.3006,nan,0.0,60000,1,False,,,2,-350639.8946125,45bf767acffc44f39a63a141801dc684,2019-06-06_14-17-56,1559855876,40.909754037857056,87.92980313301086,30543,steropes,169.229.49.254,"{'starting_lr': 0.1, 'momentum': 0.99, 'weight_decay': 0.001, 'steps_per_iteration': None, 'pin': False, 'model_creator': None, 'target_batch_size': 128, 'model_string': 'resnet50', 'min_batch_size': 128, 'dataset': 'CIFAR', 'placement': None, 'use_nccl': True, 'devices_per_worker': 1, 'primary_resource': 'extra_gpu', 'gpu': False, 'verbose': False, 'lr_config': {'mode': 'log', 'steps': 5, 'initial_lr': 0.1, 'target_lr': 0.1}, 'batch_per_device': 128}",87.92980313301086,0,2,1364.7183919071144,1,10.277672529220581
0.017334866523742675,0.031233549118041992,0.0007175445556640625,0.0016918706771967662,0.027508759498596193,nan,0.0,0.0492368221282959,0.10499999672174454,233771.9022754171,-0.11050000041723251,nan,0.0,nan,0.0,nan,0.0,0.18101999163627625,2.396392599563599,nan,0.0,0.11050000041723251,35.9176012512207,nan,0.0,60000,1,False,,,3,-233771.9022754171,45bf767acffc44f39a63a141801dc684,2019-06-06_14-18-37,1559855917,40.796499490737915,128.72630262374878,30543,steropes,169.229.49.254,"{'starting_lr': 0.1, 'momentum': 0.99, 'weight_decay': 0.001, 'steps_per_iteration': None, 'pin': False, 'model_creator': None, 'target_batch_size': 128, 'model_string': 'resnet50', 'min_batch_size': 128, 'dataset': 'CIFAR', 'placement': None, 'use_nccl': True, 'devices_per_worker': 1, 'primary_resource': 'extra_gpu', 'gpu': False, 'verbose': False, 'lr_config': {'mode': 'log', 'steps': 5, 'initial_lr': 0.1, 'target_lr': 0.1}, 'batch_per_device': 128}",128.72630262374878,0,3,1398.31007254307,1,10.277672529220581
0.018931102752685548,0.031485518322715275,0.0006773948669433593,0.001807056729445982,0.028856420516967775,nan,0.0,0.049089598655700686,0.12627499736845493,175335.37539347078,-0.19009999930858612,nan,0.0,nan,0.0,nan,0.0,0.20533999800682068,2.138988775367737,nan,0.0,0.19009999930858612,25.79474763183594,nan,0.0,60000,1,True,,,4,-175335.37539347078,45bf767acffc44f39a63a141801dc684,2019-06-06_14-19-18,1559855958,41.336740493774414,170.0630431175232,30543,steropes,169.229.49.254,"{'starting_lr': 0.1, 'momentum': 0.99, 'weight_decay': 0.001, 'steps_per_iteration': None, 'pin': False, 'model_creator': None, 'target_batch_size': 128, 'model_string': 'resnet50', 'min_batch_size': 128, 'dataset': 'CIFAR', 'placement': None, 'use_nccl': True, 'devices_per_worker': 1, 'primary_resource': 'extra_gpu', 'gpu': False, 'verbose': False, 'lr_config': {'mode': 'log', 'steps': 5, 'initial_lr': 0.1, 'target_lr': 0.1}, 'batch_per_device': 128}",170.0630431175232,0,4,1411.236436062491,1,10.277672529220581
