{"apply": 0.017731595039367675, "batch_time": 0.04712700240219696, "d2h": 0.0006482601165771484, "data_time": 0.0020419514697530994, "fwd": 0.1166001796722412, "get_state_time_mean": NaN, "get_state_time_total": 0.0, "grad": 0.16414031982421876, "mean_accuracy": 0.09999999403953552, "mean_loss": 139088.488625, "neg_mean_accuracy": -0.09999999403953552, "set_state_time_mean": NaN, "set_state_time_total": 0.0, "setup_model_time_mean": 8.351339340209961, "setup_model_time_total": 8.351339340209961, "setup_proc_time_mean": 1.830000877380371, "setup_proc_time_total": 1.830000877380371, "train_accuracy": 0.10333999991416931, "train_loss": 5.5821035140991215, "training_time_mean": NaN, "training_time_total": 0.0, "val_accuracy": 0.09999999403953552, "val_loss": 139088.488625, "validation_time_mean": NaN, "validation_time_total": 0.0, "samples": 60000, "num_workers": 1, "done": false, "timesteps_total": null, "episodes_total": null, "training_iteration": 1, "neg_mean_loss": -139088.488625, "experiment_id": "45bf767acffc44f39a63a141801dc684", "date": "2019-06-06_14-17-15", "timestamp": 1559855835, "time_this_iter_s": 47.02004909515381, "time_total_s": 47.02004909515381, "pid": 30543, "hostname": "steropes", "node_ip": "169.229.49.254", "config": {"starting_lr": 0.1, "momentum": 0.99, "weight_decay": 0.001, "steps_per_iteration": null, "pin": false, "model_creator": null, "target_batch_size": 128, "model_string": "resnet50", "min_batch_size": 128, "dataset": "CIFAR", "placement": null, "use_nccl": true, "devices_per_worker": 1, "primary_resource": "extra_gpu", "gpu": false, "verbose": false, "lr_config": {"mode": "log", "steps": 5, "initial_lr": 0.1, "target_lr": 0.1}, "batch_per_device": 128}, "time_since_restore": 47.02004909515381, "timesteps_since_restore": 0, "iterations_since_restore": 1, "mean_throughput": 1276.0489071398274, "atoms": 1, "setup_time": 10.277672529220581}
{"apply": 0.017547249794006348, "batch_time": 0.03107826317412944, "d2h": 0.0006997823715209961, "data_time": 0.0017393867073156645, "fwd": 0.028594088554382325, "get_state_time_mean": NaN, "get_state_time_total": 0.0, "grad": 0.048968267440795896, "mean_accuracy": 0.10224999487400055, "mean_loss": 350639.8946125, "neg_mean_accuracy": -0.10449999570846558, "set_state_time_mean": NaN, "set_state_time_total": 0.0, "setup_model_time_mean": NaN, "setup_model_time_total": 0.0, "setup_proc_time_mean": NaN, "setup_proc_time_total": 0.0, "train_accuracy": 0.15215998888015747, "train_loss": 3.3419834197998046, "training_time_mean": NaN, "training_time_total": 0.0, "val_accuracy": 0.10449999570846558, "val_loss": 562191.3006, "validation_time_mean": NaN, "validation_time_total": 0.0, "samples": 60000, "num_workers": 1, "done": false, "timesteps_total": null, "episodes_total": null, "training_iteration": 2, "neg_mean_loss": -350639.8946125, "experiment_id": "45bf767acffc44f39a63a141801dc684", "date": "2019-06-06_14-17-56", "timestamp": 1559855876, "time_this_iter_s": 40.909754037857056, "time_total_s": 87.92980313301086, "pid": 30543, "hostname": "steropes", "node_ip": "169.229.49.254", "config": {"starting_lr": 0.1, "momentum": 0.99, "weight_decay": 0.001, "steps_per_iteration": null, "pin": false, "model_creator": null, "target_batch_size": 128, "model_string": "resnet50", "min_batch_size": 128, "dataset": "CIFAR", "placement": null, "use_nccl": true, "devices_per_worker": 1, "primary_resource": "extra_gpu", "gpu": false, "verbose": false, "lr_config": {"mode": "log", "steps": 5, "initial_lr": 0.1, "target_lr": 0.1}, "batch_per_device": 128}, "time_since_restore": 87.92980313301086, "timesteps_since_restore": 0, "iterations_since_restore": 2, "mean_throughput": 1364.7183919071144, "atoms": 1, "setup_time": 10.277672529220581}
{"apply": 0.017334866523742675, "batch_time": 0.031233549118041992, "d2h": 0.0007175445556640625, "data_time": 0.0016918706771967662, "fwd": 0.027508759498596193, "get_state_time_mean": NaN, "get_state_time_total": 0.0, "grad": 0.0492368221282959, "mean_accuracy": 0.10499999672174454, "mean_loss": 233771.9022754171, "neg_mean_accuracy": -0.11050000041723251, "set_state_time_mean": NaN, "set_state_time_total": 0.0, "setup_model_time_mean": NaN, "setup_model_time_total": 0.0, "setup_proc_time_mean": NaN, "setup_proc_time_total": 0.0, "train_accuracy": 0.18101999163627625, "train_loss": 2.396392599563599, "training_time_mean": NaN, "training_time_total": 0.0, "val_accuracy": 0.11050000041723251, "val_loss": 35.9176012512207, "validation_time_mean": NaN, "validation_time_total": 0.0, "samples": 60000, "num_workers": 1, "done": false, "timesteps_total": null, "episodes_total": null, "training_iteration": 3, "neg_mean_loss": -233771.9022754171, "experiment_id": "45bf767acffc44f39a63a141801dc684", "date": "2019-06-06_14-18-37", "timestamp": 1559855917, "time_this_iter_s": 40.796499490737915, "time_total_s": 128.72630262374878, "pid": 30543, "hostname": "steropes", "node_ip": "169.229.49.254", "config": {"starting_lr": 0.1, "momentum": 0.99, "weight_decay": 0.001, "steps_per_iteration": null, "pin": false, "model_creator": null, "target_batch_size": 128, "model_string": "resnet50", "min_batch_size": 128, "dataset": "CIFAR", "placement": null, "use_nccl": true, "devices_per_worker": 1, "primary_resource": "extra_gpu", "gpu": false, "verbose": false, "lr_config": {"mode": "log", "steps": 5, "initial_lr": 0.1, "target_lr": 0.1}, "batch_per_device": 128}, "time_since_restore": 128.72630262374878, "timesteps_since_restore": 0, "iterations_since_restore": 3, "mean_throughput": 1398.31007254307, "atoms": 1, "setup_time": 10.277672529220581}
{"apply": 0.018931102752685548, "batch_time": 0.031485518322715275, "d2h": 0.0006773948669433593, "data_time": 0.001807056729445982, "fwd": 0.028856420516967775, "get_state_time_mean": NaN, "get_state_time_total": 0.0, "grad": 0.049089598655700686, "mean_accuracy": 0.12627499736845493, "mean_loss": 175335.37539347078, "neg_mean_accuracy": -0.19009999930858612, "set_state_time_mean": NaN, "set_state_time_total": 0.0, "setup_model_time_mean": NaN, "setup_model_time_total": 0.0, "setup_proc_time_mean": NaN, "setup_proc_time_total": 0.0, "train_accuracy": 0.20533999800682068, "train_loss": 2.138988775367737, "training_time_mean": NaN, "training_time_total": 0.0, "val_accuracy": 0.19009999930858612, "val_loss": 25.79474763183594, "validation_time_mean": NaN, "validation_time_total": 0.0, "samples": 60000, "num_workers": 1, "done": true, "timesteps_total": null, "episodes_total": null, "training_iteration": 4, "neg_mean_loss": -175335.37539347078, "experiment_id": "45bf767acffc44f39a63a141801dc684", "date": "2019-06-06_14-19-18", "timestamp": 1559855958, "time_this_iter_s": 41.336740493774414, "time_total_s": 170.0630431175232, "pid": 30543, "hostname": "steropes", "node_ip": "169.229.49.254", "config": {"starting_lr": 0.1, "momentum": 0.99, "weight_decay": 0.001, "steps_per_iteration": null, "pin": false, "model_creator": null, "target_batch_size": 128, "model_string": "resnet50", "min_batch_size": 128, "dataset": "CIFAR", "placement": null, "use_nccl": true, "devices_per_worker": 1, "primary_resource": "extra_gpu", "gpu": false, "verbose": false, "lr_config": {"mode": "log", "steps": 5, "initial_lr": 0.1, "target_lr": 0.1}, "batch_per_device": 128}, "time_since_restore": 170.0630431175232, "timesteps_since_restore": 0, "iterations_since_restore": 4, "mean_throughput": 1411.236436062491, "atoms": 1, "setup_time": 10.277672529220581}
