apply,batch_time,d2h,data_time,fwd,get_state_time_mean,get_state_time_total,grad,mean_accuracy,mean_loss,neg_mean_accuracy,set_state_time_mean,set_state_time_total,setup_model_time_mean,setup_model_time_total,setup_proc_time_mean,setup_proc_time_total,train_accuracy,train_loss,training_time_mean,training_time_total,val_accuracy,val_loss,validation_time_mean,validation_time_total,samples,num_workers,done,timesteps_total,episodes_total,training_iteration,neg_mean_loss,experiment_id,date,timestamp,time_this_iter_s,time_total_s,pid,hostname,node_ip,config,time_since_restore,timesteps_since_restore,iterations_since_restore,mean_throughput,atoms,setup_time
0.01773221492767334,0.04635974123508115,0.0006869554519653321,0.0017445239874408068,0.11966261863708497,nan,0.0,0.1654653310775757,0.20160000026226044,2.082077046585083,-0.20160000026226044,nan,0.0,14.008617639541626,14.008617639541626,0.1248476505279541,0.1248476505279541,0.15624000132083893,4.345292354278564,nan,0.0,0.20160000026226044,2.082077046585083,nan,0.0,60000,1,False,,,1,-2.082077046585083,c1935ed1171b4c528d7f7724d34124d2,2019-06-06_13-19-06,1559852346,46.56513214111328,46.56513214111328,11370,steropes,169.229.49.254,"{'starting_lr': 0.1, 'momentum': 0.95, 'weight_decay': 0.001, 'steps_per_iteration': None, 'pin': False, 'model_creator': None, 'target_batch_size': 128, 'model_string': 'resnet50', 'min_batch_size': 128, 'dataset': 'CIFAR', 'placement': None, 'use_nccl': True, 'devices_per_worker': 1, 'primary_resource': 'extra_gpu', 'gpu': False, 'verbose': False, 'lr_config': {'mode': 'log', 'steps': 5, 'initial_lr': 0.1, 'target_lr': 0.1}, 'batch_per_device': 128}",46.56513214111328,0,1,1288.5134636825594,1,14.2462637424469
0.01715805530548096,0.03163478646097304,0.0007549524307250977,0.0017496868777458015,0.028140854835510255,nan,0.0,0.04832148551940918,0.23955000191926956,1.978691379737854,-0.2775000035762787,nan,0.0,nan,0.0,nan,0.0,0.2457999885082245,1.964016918373108,nan,0.0,0.2775000035762787,1.875305712890625,nan,0.0,60000,1,False,,,2,-1.978691379737854,c1935ed1171b4c528d7f7724d34124d2,2019-06-06_13-19-46,1559852386,40.514516830444336,87.07964897155762,11370,steropes,169.229.49.254,"{'starting_lr': 0.1, 'momentum': 0.95, 'weight_decay': 0.001, 'steps_per_iteration': None, 'pin': False, 'model_creator': None, 'target_batch_size': 128, 'model_string': 'resnet50', 'min_batch_size': 128, 'dataset': 'CIFAR', 'placement': None, 'use_nccl': True, 'devices_per_worker': 1, 'primary_resource': 'extra_gpu', 'gpu': False, 'verbose': False, 'lr_config': {'mode': 'log', 'steps': 5, 'initial_lr': 0.1, 'target_lr': 0.1}, 'batch_per_device': 128}",87.07964897155762,0,2,1378.0449569694842,1,14.2462637424469
0.017174458503723143,0.03349555896807321,0.0007768869400024414,0.0017914192755813794,0.028543829917907715,nan,0.0,0.0483278751373291,0.2921333263317744,1.8607390705108642,-0.39729997515678406,nan,0.0,nan,0.0,nan,0.0,0.3375200033187866,1.7675661129760742,nan,0.0,0.39729997515678406,1.6248344520568847,nan,0.0,60000,1,False,,,3,-1.8607390705108642,c1935ed1171b4c528d7f7724d34124d2,2019-06-06_13-20-27,1559852427,40.89473748207092,127.97438645362854,11370,steropes,169.229.49.254,"{'starting_lr': 0.1, 'momentum': 0.95, 'weight_decay': 0.001, 'steps_per_iteration': None, 'pin': False, 'model_creator': None, 'target_batch_size': 128, 'model_string': 'resnet50', 'min_batch_size': 128, 'dataset': 'CIFAR', 'placement': None, 'use_nccl': True, 'devices_per_worker': 1, 'primary_resource': 'extra_gpu', 'gpu': False, 'verbose': False, 'lr_config': {'mode': 'log', 'steps': 5, 'initial_lr': 0.1, 'target_lr': 0.1}, 'batch_per_device': 128}",127.97438645362854,0,3,1406.527920243955,1,14.2462637424469
0.016986608505249023,0.031478311442121674,0.000685882568359375,0.0018134903724846023,0.027978682518005372,nan,0.0,0.04790050983428955,0.3232249952852726,1.7944996593952178,-0.4165000021457672,nan,0.0,nan,0.0,nan,0.0,0.3941600024700165,1.6438975616836549,nan,0.0,0.4165000021457672,1.5957814260482788,nan,0.0,60000,1,False,,,4,-1.7944996593952178,c1935ed1171b4c528d7f7724d34124d2,2019-06-06_13-21-08,1559852468,40.92395377159119,168.89834022521973,11370,steropes,169.229.49.254,"{'starting_lr': 0.1, 'momentum': 0.95, 'weight_decay': 0.001, 'steps_per_iteration': None, 'pin': False, 'model_creator': None, 'target_batch_size': 128, 'model_string': 'resnet50', 'min_batch_size': 128, 'dataset': 'CIFAR', 'placement': None, 'use_nccl': True, 'devices_per_worker': 1, 'primary_resource': 'extra_gpu', 'gpu': False, 'verbose': False, 'lr_config': {'mode': 'log', 'steps': 5, 'initial_lr': 0.1, 'target_lr': 0.1}, 'batch_per_device': 128}",168.89834022521973,0,4,1420.9697053390696,1,14.2462637424469
0.017519211769104003,0.031510718261139305,0.0006598949432373047,0.0017419965065958555,0.02772953510284424,nan,0.0,0.0491675853729248,0.34353999197483065,1.7640660128402708,-0.42479997873306274,nan,0.0,nan,0.0,nan,0.0,0.4213799834251404,1.5828423825836182,nan,0.0,0.42479997873306274,1.6423314266204834,nan,0.0,60000,1,False,,,5,-1.7640660128402708,c1935ed1171b4c528d7f7724d34124d2,2019-06-06_13-21-49,1559852509,40.553194761276245,209.45153498649597,11370,steropes,169.229.49.254,"{'starting_lr': 0.1, 'momentum': 0.95, 'weight_decay': 0.001, 'steps_per_iteration': None, 'pin': False, 'model_creator': None, 'target_batch_size': 128, 'model_string': 'resnet50', 'min_batch_size': 128, 'dataset': 'CIFAR', 'placement': None, 'use_nccl': True, 'devices_per_worker': 1, 'primary_resource': 'extra_gpu', 'gpu': False, 'verbose': False, 'lr_config': {'mode': 'log', 'steps': 5, 'initial_lr': 0.1, 'target_lr': 0.1}, 'batch_per_device': 128}",209.45153498649597,0,5,1432.3088977833102,1,14.2462637424469
0.01696145534515381,0.03145297267768957,0.0006931066513061523,0.0017419623596893856,0.027578139305114747,nan,0.0,0.04779078960418701,0.3964199900627136,1.6484117039108277,-0.4659999907016754,nan,0.0,nan,0.0,nan,0.0,0.44609999656677246,1.523820329017639,nan,0.0,0.4659999907016754,1.5038055019378662,nan,0.0,60000,1,False,,,6,-1.6484117039108277,c1935ed1171b4c528d7f7724d34124d2,2019-06-06_13-22-29,1559852549,40.50397872924805,249.95551371574402,11370,steropes,169.229.49.254,"{'starting_lr': 0.1, 'momentum': 0.95, 'weight_decay': 0.001, 'steps_per_iteration': None, 'pin': False, 'model_creator': None, 'target_batch_size': 128, 'model_string': 'resnet50', 'min_batch_size': 128, 'dataset': 'CIFAR', 'placement': None, 'use_nccl': True, 'devices_per_worker': 1, 'primary_resource': 'extra_gpu', 'gpu': False, 'verbose': False, 'lr_config': {'mode': 'log', 'steps': 5, 'initial_lr': 0.1, 'target_lr': 0.1}, 'batch_per_device': 128}",249.95551371574402,0,6,1474.992938083445,1,14.2462637424469
0.017504572868347168,0.031424338304543796,0.0007133245468139649,0.0017509966555153927,0.02855839729309082,nan,0.0,0.04714138507843017,0.44303998351097107,1.5453313108062745,-0.5105999708175659,nan,0.0,nan,0.0,nan,0.0,0.47025999426841736,1.4744364085769652,nan,0.0,0.5105999708175659,1.3599037473678588,nan,0.0,60000,1,False,,,7,-1.5453313108062745,c1935ed1171b4c528d7f7724d34124d2,2019-06-06_13-23-10,1559852590,40.66178488731384,290.61729860305786,11370,steropes,169.229.49.254,"{'starting_lr': 0.1, 'momentum': 0.95, 'weight_decay': 0.001, 'steps_per_iteration': None, 'pin': False, 'model_creator': None, 'target_batch_size': 128, 'model_string': 'resnet50', 'min_batch_size': 128, 'dataset': 'CIFAR', 'placement': None, 'use_nccl': True, 'devices_per_worker': 1, 'primary_resource': 'extra_gpu', 'gpu': False, 'verbose': False, 'lr_config': {'mode': 'log', 'steps': 5, 'initial_lr': 0.1, 'target_lr': 0.1}, 'batch_per_device': 128}",290.61729860305786,0,7,1473.9256845666023,1,14.2462637424469
0.017662191390991212,0.03132394295704516,0.0006856441497802735,0.0017438965380344245,0.028357219696044923,nan,0.0,0.04796769618988037,0.4505799889564514,1.543765830001831,-0.4350000023841858,nan,0.0,nan,0.0,nan,0.0,0.4799000024795532,1.4523527848434448,nan,0.0,0.4350000023841858,1.6170070480346679,nan,0.0,60000,1,False,,,8,-1.543765830001831,c1935ed1171b4c528d7f7724d34124d2,2019-06-06_13-23-50,1559852630,40.45605778694153,331.0733563899994,11370,steropes,169.229.49.254,"{'starting_lr': 0.1, 'momentum': 0.95, 'weight_decay': 0.001, 'steps_per_iteration': None, 'pin': False, 'model_creator': None, 'target_batch_size': 128, 'model_string': 'resnet50', 'min_batch_size': 128, 'dataset': 'CIFAR', 'placement': None, 'use_nccl': True, 'devices_per_worker': 1, 'primary_resource': 'extra_gpu', 'gpu': False, 'verbose': False, 'lr_config': {'mode': 'log', 'steps': 5, 'initial_lr': 0.1, 'target_lr': 0.1}, 'batch_per_device': 128}",331.0733563899994,0,8,1477.1086985527545,1,14.2462637424469
0.017372536659240722,0.030869589576238317,0.0006719827651977539,0.001761340729110991,0.028172993659973146,nan,0.0,0.047954225540161134,0.4520399868488312,1.5786631660079955,-0.423799991607666,nan,0.0,nan,0.0,nan,0.0,0.49609997868537903,1.4136600094223022,nan,0.0,0.423799991607666,1.7702681060791015,nan,0.0,60000,1,True,,,9,-1.5786631660079955,c1935ed1171b4c528d7f7724d34124d2,2019-06-06_13-24-31,1559852671,40.587114334106445,371.66047072410583,11370,steropes,169.229.49.254,"{'starting_lr': 0.1, 'momentum': 0.95, 'weight_decay': 0.001, 'steps_per_iteration': None, 'pin': False, 'model_creator': None, 'target_batch_size': 128, 'model_string': 'resnet50', 'min_batch_size': 128, 'dataset': 'CIFAR', 'placement': None, 'use_nccl': True, 'devices_per_worker': 1, 'primary_resource': 'extra_gpu', 'gpu': False, 'verbose': False, 'lr_config': {'mode': 'log', 'steps': 5, 'initial_lr': 0.1, 'target_lr': 0.1}, 'batch_per_device': 128}",371.66047072410583,0,9,1479.5625663316478,1,14.2462637424469
