{"apply": 0.01773221492767334, "batch_time": 0.04635974123508115, "d2h": 0.0006869554519653321, "data_time": 0.0017445239874408068, "fwd": 0.11966261863708497, "get_state_time_mean": NaN, "get_state_time_total": 0.0, "grad": 0.1654653310775757, "mean_accuracy": 0.20160000026226044, "mean_loss": 2.082077046585083, "neg_mean_accuracy": -0.20160000026226044, "set_state_time_mean": NaN, "set_state_time_total": 0.0, "setup_model_time_mean": 14.008617639541626, "setup_model_time_total": 14.008617639541626, "setup_proc_time_mean": 0.1248476505279541, "setup_proc_time_total": 0.1248476505279541, "train_accuracy": 0.15624000132083893, "train_loss": 4.345292354278564, "training_time_mean": NaN, "training_time_total": 0.0, "val_accuracy": 0.20160000026226044, "val_loss": 2.082077046585083, "validation_time_mean": NaN, "validation_time_total": 0.0, "samples": 60000, "num_workers": 1, "done": false, "timesteps_total": null, "episodes_total": null, "training_iteration": 1, "neg_mean_loss": -2.082077046585083, "experiment_id": "c1935ed1171b4c528d7f7724d34124d2", "date": "2019-06-06_13-19-06", "timestamp": 1559852346, "time_this_iter_s": 46.56513214111328, "time_total_s": 46.56513214111328, "pid": 11370, "hostname": "steropes", "node_ip": "169.229.49.254", "config": {"starting_lr": 0.1, "momentum": 0.95, "weight_decay": 0.001, "steps_per_iteration": null, "pin": false, "model_creator": null, "target_batch_size": 128, "model_string": "resnet50", "min_batch_size": 128, "dataset": "CIFAR", "placement": null, "use_nccl": true, "devices_per_worker": 1, "primary_resource": "extra_gpu", "gpu": false, "verbose": false, "lr_config": {"mode": "log", "steps": 5, "initial_lr": 0.1, "target_lr": 0.1}, "batch_per_device": 128}, "time_since_restore": 46.56513214111328, "timesteps_since_restore": 0, "iterations_since_restore": 1, "mean_throughput": 1288.5134636825594, "atoms": 1, "setup_time": 14.2462637424469}
{"apply": 0.01715805530548096, "batch_time": 0.03163478646097304, "d2h": 0.0007549524307250977, "data_time": 0.0017496868777458015, "fwd": 0.028140854835510255, "get_state_time_mean": NaN, "get_state_time_total": 0.0, "grad": 0.04832148551940918, "mean_accuracy": 0.23955000191926956, "mean_loss": 1.978691379737854, "neg_mean_accuracy": -0.2775000035762787, "set_state_time_mean": NaN, "set_state_time_total": 0.0, "setup_model_time_mean": NaN, "setup_model_time_total": 0.0, "setup_proc_time_mean": NaN, "setup_proc_time_total": 0.0, "train_accuracy": 0.2457999885082245, "train_loss": 1.964016918373108, "training_time_mean": NaN, "training_time_total": 0.0, "val_accuracy": 0.2775000035762787, "val_loss": 1.875305712890625, "validation_time_mean": NaN, "validation_time_total": 0.0, "samples": 60000, "num_workers": 1, "done": false, "timesteps_total": null, "episodes_total": null, "training_iteration": 2, "neg_mean_loss": -1.978691379737854, "experiment_id": "c1935ed1171b4c528d7f7724d34124d2", "date": "2019-06-06_13-19-46", "timestamp": 1559852386, "time_this_iter_s": 40.514516830444336, "time_total_s": 87.07964897155762, "pid": 11370, "hostname": "steropes", "node_ip": "169.229.49.254", "config": {"starting_lr": 0.1, "momentum": 0.95, "weight_decay": 0.001, "steps_per_iteration": null, "pin": false, "model_creator": null, "target_batch_size": 128, "model_string": "resnet50", "min_batch_size": 128, "dataset": "CIFAR", "placement": null, "use_nccl": true, "devices_per_worker": 1, "primary_resource": "extra_gpu", "gpu": false, "verbose": false, "lr_config": {"mode": "log", "steps": 5, "initial_lr": 0.1, "target_lr": 0.1}, "batch_per_device": 128}, "time_since_restore": 87.07964897155762, "timesteps_since_restore": 0, "iterations_since_restore": 2, "mean_throughput": 1378.0449569694842, "atoms": 1, "setup_time": 14.2462637424469}
{"apply": 0.017174458503723143, "batch_time": 0.03349555896807321, "d2h": 0.0007768869400024414, "data_time": 0.0017914192755813794, "fwd": 0.028543829917907715, "get_state_time_mean": NaN, "get_state_time_total": 0.0, "grad": 0.0483278751373291, "mean_accuracy": 0.2921333263317744, "mean_loss": 1.8607390705108642, "neg_mean_accuracy": -0.39729997515678406, "set_state_time_mean": NaN, "set_state_time_total": 0.0, "setup_model_time_mean": NaN, "setup_model_time_total": 0.0, "setup_proc_time_mean": NaN, "setup_proc_time_total": 0.0, "train_accuracy": 0.3375200033187866, "train_loss": 1.7675661129760742, "training_time_mean": NaN, "training_time_total": 0.0, "val_accuracy": 0.39729997515678406, "val_loss": 1.6248344520568847, "validation_time_mean": NaN, "validation_time_total": 0.0, "samples": 60000, "num_workers": 1, "done": false, "timesteps_total": null, "episodes_total": null, "training_iteration": 3, "neg_mean_loss": -1.8607390705108642, "experiment_id": "c1935ed1171b4c528d7f7724d34124d2", "date": "2019-06-06_13-20-27", "timestamp": 1559852427, "time_this_iter_s": 40.89473748207092, "time_total_s": 127.97438645362854, "pid": 11370, "hostname": "steropes", "node_ip": "169.229.49.254", "config": {"starting_lr": 0.1, "momentum": 0.95, "weight_decay": 0.001, "steps_per_iteration": null, "pin": false, "model_creator": null, "target_batch_size": 128, "model_string": "resnet50", "min_batch_size": 128, "dataset": "CIFAR", "placement": null, "use_nccl": true, "devices_per_worker": 1, "primary_resource": "extra_gpu", "gpu": false, "verbose": false, "lr_config": {"mode": "log", "steps": 5, "initial_lr": 0.1, "target_lr": 0.1}, "batch_per_device": 128}, "time_since_restore": 127.97438645362854, "timesteps_since_restore": 0, "iterations_since_restore": 3, "mean_throughput": 1406.527920243955, "atoms": 1, "setup_time": 14.2462637424469}
{"apply": 0.016986608505249023, "batch_time": 0.031478311442121674, "d2h": 0.000685882568359375, "data_time": 0.0018134903724846023, "fwd": 0.027978682518005372, "get_state_time_mean": NaN, "get_state_time_total": 0.0, "grad": 0.04790050983428955, "mean_accuracy": 0.3232249952852726, "mean_loss": 1.7944996593952178, "neg_mean_accuracy": -0.4165000021457672, "set_state_time_mean": NaN, "set_state_time_total": 0.0, "setup_model_time_mean": NaN, "setup_model_time_total": 0.0, "setup_proc_time_mean": NaN, "setup_proc_time_total": 0.0, "train_accuracy": 0.3941600024700165, "train_loss": 1.6438975616836549, "training_time_mean": NaN, "training_time_total": 0.0, "val_accuracy": 0.4165000021457672, "val_loss": 1.5957814260482788, "validation_time_mean": NaN, "validation_time_total": 0.0, "samples": 60000, "num_workers": 1, "done": false, "timesteps_total": null, "episodes_total": null, "training_iteration": 4, "neg_mean_loss": -1.7944996593952178, "experiment_id": "c1935ed1171b4c528d7f7724d34124d2", "date": "2019-06-06_13-21-08", "timestamp": 1559852468, "time_this_iter_s": 40.92395377159119, "time_total_s": 168.89834022521973, "pid": 11370, "hostname": "steropes", "node_ip": "169.229.49.254", "config": {"starting_lr": 0.1, "momentum": 0.95, "weight_decay": 0.001, "steps_per_iteration": null, "pin": false, "model_creator": null, "target_batch_size": 128, "model_string": "resnet50", "min_batch_size": 128, "dataset": "CIFAR", "placement": null, "use_nccl": true, "devices_per_worker": 1, "primary_resource": "extra_gpu", "gpu": false, "verbose": false, "lr_config": {"mode": "log", "steps": 5, "initial_lr": 0.1, "target_lr": 0.1}, "batch_per_device": 128}, "time_since_restore": 168.89834022521973, "timesteps_since_restore": 0, "iterations_since_restore": 4, "mean_throughput": 1420.9697053390696, "atoms": 1, "setup_time": 14.2462637424469}
{"apply": 0.017519211769104003, "batch_time": 0.031510718261139305, "d2h": 0.0006598949432373047, "data_time": 0.0017419965065958555, "fwd": 0.02772953510284424, "get_state_time_mean": NaN, "get_state_time_total": 0.0, "grad": 0.0491675853729248, "mean_accuracy": 0.34353999197483065, "mean_loss": 1.7640660128402708, "neg_mean_accuracy": -0.42479997873306274, "set_state_time_mean": NaN, "set_state_time_total": 0.0, "setup_model_time_mean": NaN, "setup_model_time_total": 0.0, "setup_proc_time_mean": NaN, "setup_proc_time_total": 0.0, "train_accuracy": 0.4213799834251404, "train_loss": 1.5828423825836182, "training_time_mean": NaN, "training_time_total": 0.0, "val_accuracy": 0.42479997873306274, "val_loss": 1.6423314266204834, "validation_time_mean": NaN, "validation_time_total": 0.0, "samples": 60000, "num_workers": 1, "done": false, "timesteps_total": null, "episodes_total": null, "training_iteration": 5, "neg_mean_loss": -1.7640660128402708, "experiment_id": "c1935ed1171b4c528d7f7724d34124d2", "date": "2019-06-06_13-21-49", "timestamp": 1559852509, "time_this_iter_s": 40.553194761276245, "time_total_s": 209.45153498649597, "pid": 11370, "hostname": "steropes", "node_ip": "169.229.49.254", "config": {"starting_lr": 0.1, "momentum": 0.95, "weight_decay": 0.001, "steps_per_iteration": null, "pin": false, "model_creator": null, "target_batch_size": 128, "model_string": "resnet50", "min_batch_size": 128, "dataset": "CIFAR", "placement": null, "use_nccl": true, "devices_per_worker": 1, "primary_resource": "extra_gpu", "gpu": false, "verbose": false, "lr_config": {"mode": "log", "steps": 5, "initial_lr": 0.1, "target_lr": 0.1}, "batch_per_device": 128}, "time_since_restore": 209.45153498649597, "timesteps_since_restore": 0, "iterations_since_restore": 5, "mean_throughput": 1432.3088977833102, "atoms": 1, "setup_time": 14.2462637424469}
{"apply": 0.01696145534515381, "batch_time": 0.03145297267768957, "d2h": 0.0006931066513061523, "data_time": 0.0017419623596893856, "fwd": 0.027578139305114747, "get_state_time_mean": NaN, "get_state_time_total": 0.0, "grad": 0.04779078960418701, "mean_accuracy": 0.3964199900627136, "mean_loss": 1.6484117039108277, "neg_mean_accuracy": -0.4659999907016754, "set_state_time_mean": NaN, "set_state_time_total": 0.0, "setup_model_time_mean": NaN, "setup_model_time_total": 0.0, "setup_proc_time_mean": NaN, "setup_proc_time_total": 0.0, "train_accuracy": 0.44609999656677246, "train_loss": 1.523820329017639, "training_time_mean": NaN, "training_time_total": 0.0, "val_accuracy": 0.4659999907016754, "val_loss": 1.5038055019378662, "validation_time_mean": NaN, "validation_time_total": 0.0, "samples": 60000, "num_workers": 1, "done": false, "timesteps_total": null, "episodes_total": null, "training_iteration": 6, "neg_mean_loss": -1.6484117039108277, "experiment_id": "c1935ed1171b4c528d7f7724d34124d2", "date": "2019-06-06_13-22-29", "timestamp": 1559852549, "time_this_iter_s": 40.50397872924805, "time_total_s": 249.95551371574402, "pid": 11370, "hostname": "steropes", "node_ip": "169.229.49.254", "config": {"starting_lr": 0.1, "momentum": 0.95, "weight_decay": 0.001, "steps_per_iteration": null, "pin": false, "model_creator": null, "target_batch_size": 128, "model_string": "resnet50", "min_batch_size": 128, "dataset": "CIFAR", "placement": null, "use_nccl": true, "devices_per_worker": 1, "primary_resource": "extra_gpu", "gpu": false, "verbose": false, "lr_config": {"mode": "log", "steps": 5, "initial_lr": 0.1, "target_lr": 0.1}, "batch_per_device": 128}, "time_since_restore": 249.95551371574402, "timesteps_since_restore": 0, "iterations_since_restore": 6, "mean_throughput": 1474.992938083445, "atoms": 1, "setup_time": 14.2462637424469}
{"apply": 0.017504572868347168, "batch_time": 0.031424338304543796, "d2h": 0.0007133245468139649, "data_time": 0.0017509966555153927, "fwd": 0.02855839729309082, "get_state_time_mean": NaN, "get_state_time_total": 0.0, "grad": 0.04714138507843017, "mean_accuracy": 0.44303998351097107, "mean_loss": 1.5453313108062745, "neg_mean_accuracy": -0.5105999708175659, "set_state_time_mean": NaN, "set_state_time_total": 0.0, "setup_model_time_mean": NaN, "setup_model_time_total": 0.0, "setup_proc_time_mean": NaN, "setup_proc_time_total": 0.0, "train_accuracy": 0.47025999426841736, "train_loss": 1.4744364085769652, "training_time_mean": NaN, "training_time_total": 0.0, "val_accuracy": 0.5105999708175659, "val_loss": 1.3599037473678588, "validation_time_mean": NaN, "validation_time_total": 0.0, "samples": 60000, "num_workers": 1, "done": false, "timesteps_total": null, "episodes_total": null, "training_iteration": 7, "neg_mean_loss": -1.5453313108062745, "experiment_id": "c1935ed1171b4c528d7f7724d34124d2", "date": "2019-06-06_13-23-10", "timestamp": 1559852590, "time_this_iter_s": 40.66178488731384, "time_total_s": 290.61729860305786, "pid": 11370, "hostname": "steropes", "node_ip": "169.229.49.254", "config": {"starting_lr": 0.1, "momentum": 0.95, "weight_decay": 0.001, "steps_per_iteration": null, "pin": false, "model_creator": null, "target_batch_size": 128, "model_string": "resnet50", "min_batch_size": 128, "dataset": "CIFAR", "placement": null, "use_nccl": true, "devices_per_worker": 1, "primary_resource": "extra_gpu", "gpu": false, "verbose": false, "lr_config": {"mode": "log", "steps": 5, "initial_lr": 0.1, "target_lr": 0.1}, "batch_per_device": 128}, "time_since_restore": 290.61729860305786, "timesteps_since_restore": 0, "iterations_since_restore": 7, "mean_throughput": 1473.9256845666023, "atoms": 1, "setup_time": 14.2462637424469}
{"apply": 0.017662191390991212, "batch_time": 0.03132394295704516, "d2h": 0.0006856441497802735, "data_time": 0.0017438965380344245, "fwd": 0.028357219696044923, "get_state_time_mean": NaN, "get_state_time_total": 0.0, "grad": 0.04796769618988037, "mean_accuracy": 0.4505799889564514, "mean_loss": 1.543765830001831, "neg_mean_accuracy": -0.4350000023841858, "set_state_time_mean": NaN, "set_state_time_total": 0.0, "setup_model_time_mean": NaN, "setup_model_time_total": 0.0, "setup_proc_time_mean": NaN, "setup_proc_time_total": 0.0, "train_accuracy": 0.4799000024795532, "train_loss": 1.4523527848434448, "training_time_mean": NaN, "training_time_total": 0.0, "val_accuracy": 0.4350000023841858, "val_loss": 1.6170070480346679, "validation_time_mean": NaN, "validation_time_total": 0.0, "samples": 60000, "num_workers": 1, "done": false, "timesteps_total": null, "episodes_total": null, "training_iteration": 8, "neg_mean_loss": -1.543765830001831, "experiment_id": "c1935ed1171b4c528d7f7724d34124d2", "date": "2019-06-06_13-23-50", "timestamp": 1559852630, "time_this_iter_s": 40.45605778694153, "time_total_s": 331.0733563899994, "pid": 11370, "hostname": "steropes", "node_ip": "169.229.49.254", "config": {"starting_lr": 0.1, "momentum": 0.95, "weight_decay": 0.001, "steps_per_iteration": null, "pin": false, "model_creator": null, "target_batch_size": 128, "model_string": "resnet50", "min_batch_size": 128, "dataset": "CIFAR", "placement": null, "use_nccl": true, "devices_per_worker": 1, "primary_resource": "extra_gpu", "gpu": false, "verbose": false, "lr_config": {"mode": "log", "steps": 5, "initial_lr": 0.1, "target_lr": 0.1}, "batch_per_device": 128}, "time_since_restore": 331.0733563899994, "timesteps_since_restore": 0, "iterations_since_restore": 8, "mean_throughput": 1477.1086985527545, "atoms": 1, "setup_time": 14.2462637424469}
{"apply": 0.017372536659240722, "batch_time": 0.030869589576238317, "d2h": 0.0006719827651977539, "data_time": 0.001761340729110991, "fwd": 0.028172993659973146, "get_state_time_mean": NaN, "get_state_time_total": 0.0, "grad": 0.047954225540161134, "mean_accuracy": 0.4520399868488312, "mean_loss": 1.5786631660079955, "neg_mean_accuracy": -0.423799991607666, "set_state_time_mean": NaN, "set_state_time_total": 0.0, "setup_model_time_mean": NaN, "setup_model_time_total": 0.0, "setup_proc_time_mean": NaN, "setup_proc_time_total": 0.0, "train_accuracy": 0.49609997868537903, "train_loss": 1.4136600094223022, "training_time_mean": NaN, "training_time_total": 0.0, "val_accuracy": 0.423799991607666, "val_loss": 1.7702681060791015, "validation_time_mean": NaN, "validation_time_total": 0.0, "samples": 60000, "num_workers": 1, "done": true, "timesteps_total": null, "episodes_total": null, "training_iteration": 9, "neg_mean_loss": -1.5786631660079955, "experiment_id": "c1935ed1171b4c528d7f7724d34124d2", "date": "2019-06-06_13-24-31", "timestamp": 1559852671, "time_this_iter_s": 40.587114334106445, "time_total_s": 371.66047072410583, "pid": 11370, "hostname": "steropes", "node_ip": "169.229.49.254", "config": {"starting_lr": 0.1, "momentum": 0.95, "weight_decay": 0.001, "steps_per_iteration": null, "pin": false, "model_creator": null, "target_batch_size": 128, "model_string": "resnet50", "min_batch_size": 128, "dataset": "CIFAR", "placement": null, "use_nccl": true, "devices_per_worker": 1, "primary_resource": "extra_gpu", "gpu": false, "verbose": false, "lr_config": {"mode": "log", "steps": 5, "initial_lr": 0.1, "target_lr": 0.1}, "batch_per_device": 128}, "time_since_restore": 371.66047072410583, "timesteps_since_restore": 0, "iterations_since_restore": 9, "mean_throughput": 1479.5625663316478, "atoms": 1, "setup_time": 14.2462637424469}
