{"apply": 0.01860780715942383, "batch_time": 0.041244992726965794, "d2h": 0.0007991790771484375, "data_time": 0.0019520542505756973, "fwd": 0.11694252490997314, "get_state_time_mean": NaN, "get_state_time_total": 0.0, "grad": 0.16424779891967772, "mean_accuracy": 0.09999999403953552, "mean_loss": 368986423680198.25, "neg_mean_accuracy": -0.09999999403953552, "set_state_time_mean": NaN, "set_state_time_total": 0.0, "setup_model_time_mean": 8.516499996185303, "setup_model_time_total": 8.516499996185303, "setup_proc_time_mean": 0.36370301246643066, "setup_proc_time_total": 0.36370301246643066, "train_accuracy": 0.10409999638795853, "train_loss": 8530355255091.72, "training_time_mean": NaN, "training_time_total": 0.0, "val_accuracy": 0.09999999403953552, "val_loss": 368986423680198.25, "validation_time_mean": NaN, "validation_time_total": 0.0, "samples": 60000, "num_workers": 1, "done": false, "timesteps_total": null, "episodes_total": null, "training_iteration": 1, "neg_mean_loss": -368986423680198.25, "experiment_id": "aca540b8f60843c0a6d8ff198298e856", "date": "2019-06-03_22-36-07", "timestamp": 1559626567, "time_this_iter_s": 46.396918296813965, "time_total_s": 46.396918296813965, "pid": 5209, "hostname": "steropes", "node_ip": "169.229.49.254", "config": {"starting_lr": 1.0, "momentum": 0.99, "weight_decay": 0.005, "steps_per_iteration": null, "pin": false, "model_creator": null, "target_batch_size": 128, "model_string": "resnet50", "min_batch_size": 128, "dataset": "CIFAR", "placement": null, "use_nccl": true, "devices_per_worker": 1, "primary_resource": "extra_gpu", "gpu": false, "verbose": false, "lr_config": {"mode": "log", "steps": 5, "initial_lr": 1.0, "target_lr": 1.0}, "batch_per_device": 128}, "time_since_restore": 46.396918296813965, "timesteps_since_restore": 0, "iterations_since_restore": 1, "mean_throughput": 1293.186818205762, "atoms": 1, "setup_time": 9.230507850646973}
{"apply": 0.0177440881729126, "batch_time": 0.03388451020928878, "d2h": 0.0007253885269165039, "data_time": 0.0018980149417886954, "fwd": 0.02802398204803467, "get_state_time_mean": NaN, "get_state_time_total": 0.0, "grad": 0.04841713905334473, "mean_accuracy": 0.050049997018504655, "mean_loss": NaN, "neg_mean_accuracy": -9.999999747378752e-05, "set_state_time_mean": NaN, "set_state_time_total": 0.0, "setup_model_time_mean": NaN, "setup_model_time_total": 0.0, "setup_proc_time_mean": NaN, "setup_proc_time_total": 0.0, "train_accuracy": 0.015939999371767044, "train_loss": NaN, "training_time_mean": NaN, "training_time_total": 0.0, "val_accuracy": 9.999999747378752e-05, "val_loss": NaN, "validation_time_mean": NaN, "validation_time_total": 0.0, "samples": 60000, "num_workers": 1, "done": false, "timesteps_total": null, "episodes_total": null, "training_iteration": 2, "neg_mean_loss": NaN, "experiment_id": "aca540b8f60843c0a6d8ff198298e856", "date": "2019-06-03_22-36-48", "timestamp": 1559626608, "time_this_iter_s": 41.09654092788696, "time_total_s": 87.49345922470093, "pid": 5209, "hostname": "steropes", "node_ip": "169.229.49.254", "config": {"starting_lr": 1.0, "momentum": 0.99, "weight_decay": 0.005, "steps_per_iteration": null, "pin": false, "model_creator": null, "target_batch_size": 128, "model_string": "resnet50", "min_batch_size": 128, "dataset": "CIFAR", "placement": null, "use_nccl": true, "devices_per_worker": 1, "primary_resource": "extra_gpu", "gpu": false, "verbose": false, "lr_config": {"mode": "log", "steps": 5, "initial_lr": 1.0, "target_lr": 1.0}, "batch_per_device": 128}, "time_since_restore": 87.49345922470093, "timesteps_since_restore": 0, "iterations_since_restore": 2, "mean_throughput": 1371.5283337971025, "atoms": 1, "setup_time": 9.230507850646973}
{"apply": 0.017548465728759767, "batch_time": 0.03268892251992527, "d2h": 0.0007561683654785156, "data_time": 0.0018797579323849105, "fwd": 0.02858448028564453, "get_state_time_mean": NaN, "get_state_time_total": 0.0, "grad": 0.048312044143676756, "mean_accuracy": 0.03339999801149437, "mean_loss": NaN, "neg_mean_accuracy": -9.999999747378752e-05, "set_state_time_mean": NaN, "set_state_time_total": 0.0, "setup_model_time_mean": NaN, "setup_model_time_total": 0.0, "setup_proc_time_mean": NaN, "setup_proc_time_total": 0.0, "train_accuracy": 0.0, "train_loss": NaN, "training_time_mean": NaN, "training_time_total": 0.0, "val_accuracy": 9.999999747378752e-05, "val_loss": NaN, "validation_time_mean": NaN, "validation_time_total": 0.0, "samples": 60000, "num_workers": 1, "done": true, "timesteps_total": null, "episodes_total": null, "training_iteration": 3, "neg_mean_loss": NaN, "experiment_id": "aca540b8f60843c0a6d8ff198298e856", "date": "2019-06-03_22-37-29", "timestamp": 1559626649, "time_this_iter_s": 40.96072721481323, "time_total_s": 128.45418643951416, "pid": 5209, "hostname": "steropes", "node_ip": "169.229.49.254", "config": {"starting_lr": 1.0, "momentum": 0.99, "weight_decay": 0.005, "steps_per_iteration": null, "pin": false, "model_creator": null, "target_batch_size": 128, "model_string": "resnet50", "min_batch_size": 128, "dataset": "CIFAR", "placement": null, "use_nccl": true, "devices_per_worker": 1, "primary_resource": "extra_gpu", "gpu": false, "verbose": false, "lr_config": {"mode": "log", "steps": 5, "initial_lr": 1.0, "target_lr": 1.0}, "batch_per_device": 128}, "time_since_restore": 128.45418643951416, "timesteps_since_restore": 0, "iterations_since_restore": 3, "mean_throughput": 1401.2737574362868, "atoms": 1, "setup_time": 9.230507850646973}
