{"apply": 0.017392778396606447, "batch_time": 0.0414644977714442, "d2h": 0.000712275505065918, "data_time": 0.001919890303745904, "fwd": 0.11842880249023438, "get_state_time_mean": NaN, "get_state_time_total": 0.0, "grad": 0.21326060295104982, "mean_accuracy": 0.13130000233650208, "mean_loss": 528.9956549331665, "neg_mean_accuracy": -0.13130000233650208, "set_state_time_mean": NaN, "set_state_time_total": 0.0, "setup_model_time_mean": 10.511690855026245, "setup_model_time_total": 10.511690855026245, "setup_proc_time_mean": 0.522733211517334, "setup_proc_time_total": 0.522733211517334, "train_accuracy": 0.1423799991607666, "train_loss": 4.376556382369995, "training_time_mean": NaN, "training_time_total": 0.0, "val_accuracy": 0.13130000233650208, "val_loss": 528.9956549331665, "validation_time_mean": NaN, "validation_time_total": 0.0, "samples": 60000, "num_workers": 1, "done": false, "timesteps_total": null, "episodes_total": null, "training_iteration": 1, "neg_mean_loss": -528.9956549331665, "experiment_id": "505d7b485a024b46bf61f1793f35fbb3", "date": "2019-06-03_22-10-56", "timestamp": 1559625056, "time_this_iter_s": 46.94413900375366, "time_total_s": 46.94413900375366, "pid": 12006, "hostname": "steropes", "node_ip": "169.229.49.254", "config": {"starting_lr": 0.005, "momentum": 0.997, "weight_decay": 0.001, "steps_per_iteration": null, "pin": false, "model_creator": null, "target_batch_size": 128, "model_string": "resnet50", "min_batch_size": 128, "dataset": "CIFAR", "placement": null, "use_nccl": true, "devices_per_worker": 1, "primary_resource": "extra_gpu", "gpu": false, "verbose": false, "lr_config": {"mode": "log", "steps": 5, "initial_lr": 0.005, "target_lr": 0.005}, "batch_per_device": 128}, "time_since_restore": 46.94413900375366, "timesteps_since_restore": 0, "iterations_since_restore": 1, "mean_throughput": 1278.1125464129736, "atoms": 1, "setup_time": 12.61807894706726}
{"apply": 0.017141175270080567, "batch_time": 0.03237792208224912, "d2h": 0.0006549835205078125, "data_time": 0.0018385218842255184, "fwd": 0.028159666061401366, "get_state_time_mean": NaN, "get_state_time_total": 0.0, "grad": 0.04835753440856934, "mean_accuracy": 0.17969999462366104, "mean_loss": 265.4975566878319, "neg_mean_accuracy": -0.22809998691082, "set_state_time_mean": NaN, "set_state_time_total": 0.0, "setup_model_time_mean": NaN, "setup_model_time_total": 0.0, "setup_proc_time_mean": NaN, "setup_proc_time_total": 0.0, "train_accuracy": 0.18125998973846436, "train_loss": 2.489273433609009, "training_time_mean": NaN, "training_time_total": 0.0, "val_accuracy": 0.22809998691082, "val_loss": 1.9994584424972535, "validation_time_mean": NaN, "validation_time_total": 0.0, "samples": 60000, "num_workers": 1, "done": false, "timesteps_total": null, "episodes_total": null, "training_iteration": 2, "neg_mean_loss": -265.4975566878319, "experiment_id": "505d7b485a024b46bf61f1793f35fbb3", "date": "2019-06-03_22-11-36", "timestamp": 1559625096, "time_this_iter_s": 40.51901078224182, "time_total_s": 87.46314978599548, "pid": 12006, "hostname": "steropes", "node_ip": "169.229.49.254", "config": {"starting_lr": 0.005, "momentum": 0.997, "weight_decay": 0.001, "steps_per_iteration": null, "pin": false, "model_creator": null, "target_batch_size": 128, "model_string": "resnet50", "min_batch_size": 128, "dataset": "CIFAR", "placement": null, "use_nccl": true, "devices_per_worker": 1, "primary_resource": "extra_gpu", "gpu": false, "verbose": false, "lr_config": {"mode": "log", "steps": 5, "initial_lr": 0.005, "target_lr": 0.005}, "batch_per_device": 128}, "time_since_restore": 87.46314978599548, "timesteps_since_restore": 0, "iterations_since_restore": 2, "mean_throughput": 1372.0038385409619, "atoms": 1, "setup_time": 12.61807894706726}
{"apply": 0.01702868938446045, "batch_time": 0.03201989886126941, "d2h": 0.0006766080856323242, "data_time": 0.001803225568493309, "fwd": 0.02773880958557129, "get_state_time_mean": NaN, "get_state_time_total": 0.0, "grad": 0.047691059112548825, "mean_accuracy": 0.20446666578451791, "mean_loss": 177.64484967009227, "neg_mean_accuracy": -0.2540000081062317, "set_state_time_mean": NaN, "set_state_time_total": 0.0, "setup_model_time_mean": NaN, "setup_model_time_total": 0.0, "setup_proc_time_mean": NaN, "setup_proc_time_total": 0.0, "train_accuracy": 0.23795999586582184, "train_loss": 1.9843029610443115, "training_time_mean": NaN, "training_time_total": 0.0, "val_accuracy": 0.2540000081062317, "val_loss": 1.939435634613037, "validation_time_mean": NaN, "validation_time_total": 0.0, "samples": 60000, "num_workers": 1, "done": true, "timesteps_total": null, "episodes_total": null, "training_iteration": 3, "neg_mean_loss": -177.64484967009227, "experiment_id": "505d7b485a024b46bf61f1793f35fbb3", "date": "2019-06-03_22-12-17", "timestamp": 1559625137, "time_this_iter_s": 40.36876583099365, "time_total_s": 127.83191561698914, "pid": 12006, "hostname": "steropes", "node_ip": "169.229.49.254", "config": {"starting_lr": 0.005, "momentum": 0.997, "weight_decay": 0.001, "steps_per_iteration": null, "pin": false, "model_creator": null, "target_batch_size": 128, "model_string": "resnet50", "min_batch_size": 128, "dataset": "CIFAR", "placement": null, "use_nccl": true, "devices_per_worker": 1, "primary_resource": "extra_gpu", "gpu": false, "verbose": false, "lr_config": {"mode": "log", "steps": 5, "initial_lr": 0.005, "target_lr": 0.005}, "batch_per_device": 128}, "time_since_restore": 127.83191561698914, "timesteps_since_restore": 0, "iterations_since_restore": 3, "mean_throughput": 1408.0951110684612, "atoms": 1, "setup_time": 12.61807894706726}
