apply,batch_time,d2h,data_time,fwd,get_state_time_mean,get_state_time_total,grad,mean_accuracy,mean_loss,neg_mean_accuracy,set_state_time_mean,set_state_time_total,setup_model_time_mean,setup_model_time_total,setup_proc_time_mean,setup_proc_time_total,train_accuracy,train_loss,training_time_mean,training_time_total,val_accuracy,val_loss,validation_time_mean,validation_time_total,samples,num_workers,done,timesteps_total,episodes_total,training_iteration,neg_mean_loss,experiment_id,date,timestamp,time_this_iter_s,time_total_s,pid,hostname,node_ip,config,time_since_restore,timesteps_since_restore,iterations_since_restore,mean_throughput,atoms,setup_time
0.01769857406616211,0.047455742389340944,0.000836634635925293,0.0018524068700687965,0.15344271659851075,nan,0.0,0.18730287551879882,0.3005000054836273,1.9886398786544799,-0.3005000054836273,nan,0.0,13.120997667312622,13.120997667312622,1.8749849796295166,1.8749849796295166,0.22134000062942505,2.28311313999176,nan,0.0,0.3005000054836273,1.9886398786544799,nan,0.0,60000,1,False,,,1,-1.9886398786544799,6085fba821934ec1ac4b3a5508f8dd5e,2019-06-06_14-17-20,1559855840,46.99475884437561,46.99475884437561,30542,steropes,169.229.49.254,"{'starting_lr': 0.001, 'momentum': 0.95, 'weight_decay': 0.001, 'steps_per_iteration': None, 'pin': False, 'model_creator': None, 'target_batch_size': 128, 'model_string': 'resnet50', 'min_batch_size': 128, 'dataset': 'CIFAR', 'placement': None, 'use_nccl': True, 'devices_per_worker': 1, 'primary_resource': 'extra_gpu', 'gpu': False, 'verbose': False, 'lr_config': {'mode': 'log', 'steps': 5, 'initial_lr': 0.001, 'target_lr': 0.001}, 'batch_per_device': 128}",46.99475884437561,0,1,1276.735793452555,1,15.096239805221558
0.017455434799194335,0.0325473531892028,0.000664377212524414,0.0018150007633297035,0.02833399772644043,nan,0.0,0.04797239303588867,0.33615000545978546,1.9225779129981995,-0.3718000054359436,nan,0.0,nan,0.0,nan,0.0,0.33258000016212463,1.861895834007263,nan,0.0,0.3718000054359436,1.856515947341919,nan,0.0,60000,1,False,,,2,-1.9225779129981995,6085fba821934ec1ac4b3a5508f8dd5e,2019-06-06_14-18-01,1559855881,40.76484155654907,87.75960040092468,30542,steropes,169.229.49.254,"{'starting_lr': 0.001, 'momentum': 0.95, 'weight_decay': 0.001, 'steps_per_iteration': None, 'pin': False, 'model_creator': None, 'target_batch_size': 128, 'model_string': 'resnet50', 'min_batch_size': 128, 'dataset': 'CIFAR', 'placement': None, 'use_nccl': True, 'devices_per_worker': 1, 'primary_resource': 'extra_gpu', 'gpu': False, 'verbose': False, 'lr_config': {'mode': 'log', 'steps': 5, 'initial_lr': 0.001, 'target_lr': 0.001}, 'batch_per_device': 128}",87.75960040092468,0,2,1367.3660588856078,1,15.096239805221558
0.01709299087524414,0.03238635123530521,0.0006705284118652344,0.0018147257587793843,0.028850197792053223,nan,0.0,0.04841113090515137,0.37246666351954144,1.793699434598287,-0.44509997963905334,nan,0.0,nan,0.0,nan,0.0,0.3860200047492981,1.699321033973694,nan,0.0,0.44509997963905334,1.5359424777984618,nan,0.0,60000,1,False,,,3,-1.793699434598287,6085fba821934ec1ac4b3a5508f8dd5e,2019-06-06_14-18-41,1559855921,40.48252463340759,128.24212503433228,30542,steropes,169.229.49.254,"{'starting_lr': 0.001, 'momentum': 0.95, 'weight_decay': 0.001, 'steps_per_iteration': None, 'pin': False, 'model_creator': None, 'target_batch_size': 128, 'model_string': 'resnet50', 'min_batch_size': 128, 'dataset': 'CIFAR', 'placement': None, 'use_nccl': True, 'devices_per_worker': 1, 'primary_resource': 'extra_gpu', 'gpu': False, 'verbose': False, 'lr_config': {'mode': 'log', 'steps': 5, 'initial_lr': 0.001, 'target_lr': 0.001}, 'batch_per_device': 128}",128.24212503433228,0,3,1403.5900201222057,1,15.096239805221558
0.017128658294677735,0.03214119959481155,0.0006366968154907227,0.0017634627154416137,0.02825605869293213,nan,0.0,0.04748537540435791,0.39284999668598175,1.7339903909206391,-0.45399999618530273,nan,0.0,nan,0.0,nan,0.0,0.4196600019931793,1.6089187908172606,nan,0.0,0.45399999618530273,1.5548632598876952,nan,0.0,60000,1,False,,,4,-1.7339903909206391,6085fba821934ec1ac4b3a5508f8dd5e,2019-06-06_14-19-21,1559855961,40.374650716781616,168.6167757511139,30542,steropes,169.229.49.254,"{'starting_lr': 0.001, 'momentum': 0.95, 'weight_decay': 0.001, 'steps_per_iteration': None, 'pin': False, 'model_creator': None, 'target_batch_size': 128, 'model_string': 'resnet50', 'min_batch_size': 128, 'dataset': 'CIFAR', 'placement': None, 'use_nccl': True, 'devices_per_worker': 1, 'primary_resource': 'extra_gpu', 'gpu': False, 'verbose': False, 'lr_config': {'mode': 'log', 'steps': 5, 'initial_lr': 0.001, 'target_lr': 0.001}, 'batch_per_device': 128}",168.6167757511139,0,4,1423.3414854553127,1,15.096239805221558
0.017360162734985352,0.031853974619998206,0.0006559371948242187,0.0017556961235182975,0.028194713592529296,nan,0.0,0.04730405807495117,0.4094599962234497,1.675745759086609,-0.47589999437332153,nan,0.0,nan,0.0,nan,0.0,0.4449999928474426,1.5453022452545166,nan,0.0,0.47589999437332153,1.4427672317504883,nan,0.0,60000,1,False,,,5,-1.675745759086609,6085fba821934ec1ac4b3a5508f8dd5e,2019-06-06_14-20-02,1559856002,40.202250480651855,208.81902623176575,30542,steropes,169.229.49.254,"{'starting_lr': 0.001, 'momentum': 0.95, 'weight_decay': 0.001, 'steps_per_iteration': None, 'pin': False, 'model_creator': None, 'target_batch_size': 128, 'model_string': 'resnet50', 'min_batch_size': 128, 'dataset': 'CIFAR', 'placement': None, 'use_nccl': True, 'devices_per_worker': 1, 'primary_resource': 'extra_gpu', 'gpu': False, 'verbose': False, 'lr_config': {'mode': 'log', 'steps': 5, 'initial_lr': 0.001, 'target_lr': 0.001}, 'batch_per_device': 128}",208.81902623176575,0,5,1436.6465244667502,1,15.096239805221558
0.01699521541595459,0.03179540211641336,0.0006647109985351562,0.0018310455410071955,0.027808284759521483,nan,0.0,0.04747140407562256,0.44839999079704285,1.5550551751708985,-0.495199978351593,nan,0.0,nan,0.0,nan,0.0,0.46403998136520386,1.4832182148361206,nan,0.0,0.495199978351593,1.3851869590759278,nan,0.0,60000,1,False,,,6,-1.5550551751708985,6085fba821934ec1ac4b3a5508f8dd5e,2019-06-06_14-20-42,1559856042,40.31919884681702,249.13822507858276,30542,steropes,169.229.49.254,"{'starting_lr': 0.001, 'momentum': 0.95, 'weight_decay': 0.001, 'steps_per_iteration': None, 'pin': False, 'model_creator': None, 'target_batch_size': 128, 'model_string': 'resnet50', 'min_batch_size': 128, 'dataset': 'CIFAR', 'placement': None, 'use_nccl': True, 'devices_per_worker': 1, 'primary_resource': 'extra_gpu', 'gpu': False, 'verbose': False, 'lr_config': {'mode': 'log', 'steps': 5, 'initial_lr': 0.001, 'target_lr': 0.001}, 'batch_per_device': 128}",249.13822507858276,0,6,1484.0900955633915,1,15.096239805221558
0.017319083213806152,0.031559346597405925,0.0006685733795166015,0.0017544125656947455,0.027756714820861818,nan,0.0,0.04644684791564942,0.47565998435020446,1.4618646033477785,-0.5080999732017517,nan,0.0,nan,0.0,nan,0.0,0.48377999663352966,1.4451581009674073,nan,0.0,0.5080999732017517,1.3905630882263185,nan,0.0,60000,1,False,,,7,-1.4618646033477785,6085fba821934ec1ac4b3a5508f8dd5e,2019-06-06_14-21-22,1559856082,40.34683299064636,289.4850580692291,30542,steropes,169.229.49.254,"{'starting_lr': 0.001, 'momentum': 0.95, 'weight_decay': 0.001, 'steps_per_iteration': None, 'pin': False, 'model_creator': None, 'target_batch_size': 128, 'model_string': 'resnet50', 'min_batch_size': 128, 'dataset': 'CIFAR', 'placement': None, 'use_nccl': True, 'devices_per_worker': 1, 'primary_resource': 'extra_gpu', 'gpu': False, 'verbose': False, 'lr_config': {'mode': 'log', 'steps': 5, 'initial_lr': 0.001, 'target_lr': 0.001}, 'batch_per_device': 128}",289.4850580692291,0,7,1487.1668821279218,1,15.096239805221558
0.017865490913391114,0.06212201416492462,0.0006874799728393555,0.0028828218275186966,0.12981033325195312,nan,0.0,0.21396535634994507,0.49147998094558715,1.4252842765045166,-0.5241999626159668,3.2479814291000366,3.2479814291000366,9.577033519744873,9.577033519744873,0.23007440567016602,0.23007440567016602,0.5055800080299377,1.3772671253204347,nan,0.0,0.5241999626159668,1.3530408435821533,nan,0.0,60000,2,False,,,8,-1.4252842765045166,6085fba821934ec1ac4b3a5508f8dd5e,2019-06-06_14-22-15,1559856135,33.063719511032104,322.54877758026123,4994,steropes,169.229.49.254,"{'starting_lr': 0.001, 'momentum': 0.95, 'weight_decay': 0.001, 'steps_per_iteration': None, 'pin': False, 'model_creator': None, 'target_batch_size': 128, 'model_string': 'resnet50', 'min_batch_size': 128, 'dataset': 'CIFAR', 'placement': None, 'use_nccl': True, 'devices_per_worker': 1, 'primary_resource': 'extra_gpu', 'gpu': False, 'verbose': False, 'lr_config': {'mode': 'log', 'steps': 5, 'initial_lr': 0.001, 'target_lr': 0.0014142135623730952}, 'batch_per_device': 128}",33.063719511032104,0,1,1814.667202518579,2,17.487499713897705
0.017428338527679443,0.03766288757324219,0.000678861141204834,0.002803001476793873,0.028155243396759032,nan,0.0,0.07785464525222778,0.5088199734687805,1.3752867255783083,-0.5406999588012695,nan,0.0,nan,0.0,nan,0.0,0.5178999900817871,1.3414680440139772,nan,0.0,0.5406999588012695,1.304875505256653,nan,0.0,60000,2,False,,,9,-1.3752867255783083,6085fba821934ec1ac4b3a5508f8dd5e,2019-06-06_14-22-43,1559856163,27.35336470603943,349.90214228630066,4994,steropes,169.229.49.254,"{'starting_lr': 0.001, 'momentum': 0.95, 'weight_decay': 0.001, 'steps_per_iteration': None, 'pin': False, 'model_creator': None, 'target_batch_size': 128, 'model_string': 'resnet50', 'min_batch_size': 128, 'dataset': 'CIFAR', 'placement': None, 'use_nccl': True, 'devices_per_worker': 1, 'primary_resource': 'extra_gpu', 'gpu': False, 'verbose': False, 'lr_config': {'mode': 'log', 'steps': 5, 'initial_lr': 0.001, 'target_lr': 0.0014142135623730952}, 'batch_per_device': 128}",60.41708421707153,0,2,1986.1841795409089,2,17.487499713897705
0.01728661060333252,0.03846510648727417,0.0006752371788024903,0.0027404895850590295,0.02805744409561157,nan,0.0,0.0778491735458374,0.5217399716377258,1.349358104877472,-0.5404999852180481,nan,0.0,nan,0.0,nan,0.0,0.5245399475097656,1.3206405213165282,nan,0.0,0.5404999852180481,1.3131241282463075,nan,0.0,60000,2,False,,,10,-1.349358104877472,6085fba821934ec1ac4b3a5508f8dd5e,2019-06-06_14-23-10,1559856190,27.086979389190674,376.98912167549133,4994,steropes,169.229.49.254,"{'starting_lr': 0.001, 'momentum': 0.95, 'weight_decay': 0.001, 'steps_per_iteration': None, 'pin': False, 'model_creator': None, 'target_batch_size': 128, 'model_string': 'resnet50', 'min_batch_size': 128, 'dataset': 'CIFAR', 'placement': None, 'use_nccl': True, 'devices_per_worker': 1, 'primary_resource': 'extra_gpu', 'gpu': False, 'verbose': False, 'lr_config': {'mode': 'log', 'steps': 5, 'initial_lr': 0.001, 'target_lr': 0.0014142135623730952}, 'batch_per_device': 128}",87.5040636062622,0,3,2057.039019162671,2,17.487499713897705
0.01926335096359253,0.03901935815811157,0.0006897926330566406,0.002882000134915722,0.030838739871978757,nan,0.0,0.08153460025787354,0.5311999797821045,1.3336325658988952,-0.5425000190734863,nan,0.0,nan,0.0,nan,0.0,0.5337399840354919,1.2982791655158996,nan,0.0,0.5425000190734863,1.3065592641830444,nan,0.0,60000,2,False,,,11,-1.3336325658988952,6085fba821934ec1ac4b3a5508f8dd5e,2019-06-06_14-23-37,1559856217,27.601125478744507,404.59024715423584,4994,steropes,169.229.49.254,"{'starting_lr': 0.001, 'momentum': 0.95, 'weight_decay': 0.001, 'steps_per_iteration': None, 'pin': False, 'model_creator': None, 'target_batch_size': 128, 'model_string': 'resnet50', 'min_batch_size': 128, 'dataset': 'CIFAR', 'placement': None, 'use_nccl': True, 'devices_per_worker': 1, 'primary_resource': 'extra_gpu', 'gpu': False, 'verbose': False, 'lr_config': {'mode': 'log', 'steps': 5, 'initial_lr': 0.001, 'target_lr': 0.0014142135623730952}, 'batch_per_device': 128}",115.10518908500671,0,4,2085.040386993195,2,17.487499713897705
0.01865131855010986,0.03995716273784637,0.000708925724029541,0.002828382715886953,0.029160249233245852,nan,0.0,0.08050258159637451,0.5385999798774719,1.3086754929924012,-0.5450999736785889,nan,0.0,nan,0.0,nan,0.0,0.5426999926567078,1.2699207251358033,nan,0.0,0.5450999736785889,1.2657777236938477,nan,0.0,60000,2,False,,,12,-1.3086754929924012,6085fba821934ec1ac4b3a5508f8dd5e,2019-06-06_14-24-06,1559856246,28.3622567653656,432.95250391960144,4994,steropes,169.229.49.254,"{'starting_lr': 0.001, 'momentum': 0.95, 'weight_decay': 0.001, 'steps_per_iteration': None, 'pin': False, 'model_creator': None, 'target_batch_size': 128, 'model_string': 'resnet50', 'min_batch_size': 128, 'dataset': 'CIFAR', 'placement': None, 'use_nccl': True, 'devices_per_worker': 1, 'primary_resource': 'extra_gpu', 'gpu': False, 'verbose': False, 'lr_config': {'mode': 'log', 'steps': 5, 'initial_lr': 0.001, 'target_lr': 0.0014142135623730952}, 'batch_per_device': 128}",143.46744585037231,0,5,2091.058397931226,2,17.487499713897705
0.019862115383148193,0.03920888900756836,0.0007141470909118653,0.0027927604256844036,0.031810009479522706,nan,0.0,0.08212121725082397,0.5459399819374084,1.2837246149635315,-0.5608999729156494,nan,0.0,nan,0.0,nan,0.0,0.5483199954032898,1.2609369821166991,nan,0.0,0.5608999729156494,1.2282864534378053,nan,0.0,60000,2,False,,,13,-1.2837246149635315,6085fba821934ec1ac4b3a5508f8dd5e,2019-06-06_14-24-34,1559856274,28.09840965270996,461.0509135723114,4994,steropes,169.229.49.254,"{'starting_lr': 0.001, 'momentum': 0.95, 'weight_decay': 0.001, 'steps_per_iteration': None, 'pin': False, 'model_creator': None, 'target_batch_size': 128, 'model_string': 'resnet50', 'min_batch_size': 128, 'dataset': 'CIFAR', 'placement': None, 'use_nccl': True, 'devices_per_worker': 1, 'primary_resource': 'extra_gpu', 'gpu': False, 'verbose': False, 'lr_config': {'mode': 'log', 'steps': 5, 'initial_lr': 0.001, 'target_lr': 0.0014142135623730952}, 'batch_per_device': 128}",171.56585550308228,0,6,2166.024503532282,2,17.487499713897705
0.020364487171173097,0.0391960859298706,0.0007130265235900878,0.0028593053623121615,0.03159222602844238,nan,0.0,0.08362170457839965,0.5526999831199646,1.2658641255378724,-0.5744999647140503,nan,0.0,nan,0.0,nan,0.0,0.5592799782752991,1.2377954994010927,nan,0.0,0.5744999647140503,1.215573058128357,nan,0.0,60000,2,False,,,14,-1.2658641255378724,6085fba821934ec1ac4b3a5508f8dd5e,2019-06-06_14-25-02,1559856302,28.300018787384033,489.35093235969543,4994,steropes,169.229.49.254,"{'starting_lr': 0.001, 'momentum': 0.95, 'weight_decay': 0.001, 'steps_per_iteration': None, 'pin': False, 'model_creator': None, 'target_batch_size': 128, 'model_string': 'resnet50', 'min_batch_size': 128, 'dataset': 'CIFAR', 'placement': None, 'use_nccl': True, 'devices_per_worker': 1, 'primary_resource': 'extra_gpu', 'gpu': False, 'verbose': False, 'lr_config': {'mode': 'log', 'steps': 5, 'initial_lr': 0.001, 'target_lr': 0.0014142135623730952}, 'batch_per_device': 128}",199.8658742904663,0,7,2151.3194190862832,2,17.487499713897705
0.019551777839660646,0.03965827822685242,0.00070725679397583,0.0028153736980593936,0.03085371255874634,nan,0.0,0.0809832215309143,0.5610199928283691,1.24342860080719,-0.5821000337600708,nan,0.0,nan,0.0,nan,0.0,0.5673400163650513,1.2093342437934875,nan,0.0,0.5821000337600708,1.2009465045928955,nan,0.0,60000,2,False,,,15,-1.24342860080719,6085fba821934ec1ac4b3a5508f8dd5e,2019-06-06_14-25-30,1559856330,28.08335590362549,517.4342882633209,4994,steropes,169.229.49.254,"{'starting_lr': 0.001, 'momentum': 0.95, 'weight_decay': 0.001, 'steps_per_iteration': None, 'pin': False, 'model_creator': None, 'target_batch_size': 128, 'model_string': 'resnet50', 'min_batch_size': 128, 'dataset': 'CIFAR', 'placement': None, 'use_nccl': True, 'devices_per_worker': 1, 'primary_resource': 'extra_gpu', 'gpu': False, 'verbose': False, 'lr_config': {'mode': 'log', 'steps': 5, 'initial_lr': 0.001, 'target_lr': 0.0014142135623730952}, 'batch_per_device': 128}",227.9492301940918,0,8,2136.0570936761465,2,17.487499713897705
0.01838243305683136,0.3192682772874832,0.000730547308921814,0.009492714186103975,0.25606069862842556,nan,0.0,0.4205761730670929,0.5763399839401245,1.226461281080246,-0.5946999788284302,8.08355638384819,8.08355638384819,17.82959935069084,17.82959935069084,3.973232239484787,3.973232239484787,0.5859999656677246,1.1572735850024225,nan,0.0,0.5946999788284302,1.1477886375904083,nan,0.0,60000,8,False,,,17,-1.226461281080246,6085fba821934ec1ac4b3a5508f8dd5e,2019-06-06_14-26-53,1559856413,22.914777994155884,568.392980337143,21288,steropes,169.229.49.254,"{'starting_lr': 0.001, 'momentum': 0.95, 'weight_decay': 0.001, 'steps_per_iteration': None, 'pin': False, 'model_creator': None, 'target_batch_size': 128, 'model_string': 'resnet50', 'min_batch_size': 128, 'dataset': 'CIFAR', 'placement': None, 'use_nccl': True, 'devices_per_worker': 1, 'primary_resource': 'extra_gpu', 'gpu': False, 'verbose': False, 'lr_config': {'mode': 'log', 'steps': 5, 'initial_lr': 0.001, 'target_lr': 0.0028284271247461905}, 'batch_per_device': 128}",22.914777994155884,0,1,2618.3540515540726,8,57.86892509460449
0.017830175161361695,0.07230485677719115,0.000740981101989746,0.00917861108877221,0.03152058124542236,nan,0.0,0.10369373261928558,0.5844799876213074,1.2064438242578508,-0.6015999913215637,nan,0.0,nan,0.0,nan,0.0,0.5982799530029297,1.1189088717269897,nan,0.0,0.6015999913215637,1.1281991693258286,nan,0.0,60000,8,False,,,18,-1.2064438242578508,6085fba821934ec1ac4b3a5508f8dd5e,2019-06-06_14-27-03,1559856423,9.55058240890503,577.943562746048,21288,steropes,169.229.49.254,"{'starting_lr': 0.001, 'momentum': 0.95, 'weight_decay': 0.001, 'steps_per_iteration': None, 'pin': False, 'model_creator': None, 'target_batch_size': 128, 'model_string': 'resnet50', 'min_batch_size': 128, 'dataset': 'CIFAR', 'placement': None, 'use_nccl': True, 'devices_per_worker': 1, 'primary_resource': 'extra_gpu', 'gpu': False, 'verbose': False, 'lr_config': {'mode': 'log', 'steps': 5, 'initial_lr': 0.001, 'target_lr': 0.0028284271247461905}, 'batch_per_device': 128}",32.46536040306091,0,2,3696.1945093737836,8,57.86892509460449
0.017700919508934022,0.0724338173866272,0.0007347792387008665,0.00890723539858448,0.02962991595268249,nan,0.0,0.10495579540729524,0.58957998752594,1.1903282043385506,-0.5999999642372131,nan,0.0,nan,0.0,nan,0.0,0.6056199669837952,1.1081597731542587,nan,0.0,0.5999999642372131,1.1349949585318564,nan,0.0,60000,8,False,,,19,-1.1903282043385506,6085fba821934ec1ac4b3a5508f8dd5e,2019-06-06_14-27-12,1559856432,9.462196111679077,587.405758857727,21288,steropes,169.229.49.254,"{'starting_lr': 0.001, 'momentum': 0.95, 'weight_decay': 0.001, 'steps_per_iteration': None, 'pin': False, 'model_creator': None, 'target_batch_size': 128, 'model_string': 'resnet50', 'min_batch_size': 128, 'dataset': 'CIFAR', 'placement': None, 'use_nccl': True, 'devices_per_worker': 1, 'primary_resource': 'extra_gpu', 'gpu': False, 'verbose': False, 'lr_config': {'mode': 'log', 'steps': 5, 'initial_lr': 0.001, 'target_lr': 0.0028284271247461905}, 'batch_per_device': 128}",41.92755651473999,0,3,4293.064005569319,8,57.86892509460449
0.017940187454223634,0.07253354489803314,0.0007641971111297608,0.009106757689495476,0.03176383376121521,nan,0.0,0.10451902747154236,0.594659972190857,1.1745671705293657,-0.6074999570846558,nan,0.0,nan,0.0,nan,0.0,0.6079399585723877,1.0983601487612724,nan,0.0,0.6074999570846558,1.1221413355469705,nan,0.0,60000,8,False,,,20,-1.1745671705293657,6085fba821934ec1ac4b3a5508f8dd5e,2019-06-06_14-27-21,1559856441,9.306902885437012,596.7126617431641,21288,steropes,169.229.49.254,"{'starting_lr': 0.001, 'momentum': 0.95, 'weight_decay': 0.001, 'steps_per_iteration': None, 'pin': False, 'model_creator': None, 'target_batch_size': 128, 'model_string': 'resnet50', 'min_batch_size': 128, 'dataset': 'CIFAR', 'placement': None, 'use_nccl': True, 'devices_per_worker': 1, 'primary_resource': 'extra_gpu', 'gpu': False, 'verbose': False, 'lr_config': {'mode': 'log', 'steps': 5, 'initial_lr': 0.001, 'target_lr': 0.0028284271247461905}, 'batch_per_device': 128}",51.234459400177,0,4,4684.2907685033315,8,57.86892509460449
0.017739918828010556,0.0747667372226715,0.0007894039154052734,0.009041684622667275,0.03052729666233063,nan,0.0,0.1049720734357834,0.600879967212677,1.1399162182140352,-0.6005999445915222,nan,0.0,nan,0.0,nan,0.0,0.6116999983787537,1.0882458196640015,nan,0.0,0.6005999445915222,1.1664569900751114,nan,0.0,60000,8,False,,,21,-1.1399162182140352,6085fba821934ec1ac4b3a5508f8dd5e,2019-06-06_14-27-31,1559856451,9.343786716461182,606.0564484596252,21288,steropes,169.229.49.254,"{'starting_lr': 0.001, 'momentum': 0.95, 'weight_decay': 0.001, 'steps_per_iteration': None, 'pin': False, 'model_creator': None, 'target_batch_size': 128, 'model_string': 'resnet50', 'min_batch_size': 128, 'dataset': 'CIFAR', 'placement': None, 'use_nccl': True, 'devices_per_worker': 1, 'primary_resource': 'extra_gpu', 'gpu': False, 'verbose': False, 'lr_config': {'mode': 'log', 'steps': 5, 'initial_lr': 0.001, 'target_lr': 0.0028284271247461905}, 'batch_per_device': 128}",60.578246116638184,0,5,4952.215547903315,8,57.86892509460449
0.017741572856903077,0.06990062296390533,0.0008104652166366577,0.009260154500299569,0.030234625935554503,nan,0.0,0.10692287087440491,0.6038999557495117,1.134538568239212,-0.6097999215126038,nan,0.0,nan,0.0,nan,0.0,0.6093599796295166,1.0897711088705062,nan,0.0,0.6097999215126038,1.1209003877162933,nan,0.0,60000,8,False,,,22,-1.134538568239212,6085fba821934ec1ac4b3a5508f8dd5e,2019-06-06_14-27-40,1559856460,9.449872255325317,615.5063207149506,21288,steropes,169.229.49.254,"{'starting_lr': 0.001, 'momentum': 0.95, 'weight_decay': 0.001, 'steps_per_iteration': None, 'pin': False, 'model_creator': None, 'target_batch_size': 128, 'model_string': 'resnet50', 'min_batch_size': 128, 'dataset': 'CIFAR', 'placement': None, 'use_nccl': True, 'devices_per_worker': 1, 'primary_resource': 'extra_gpu', 'gpu': False, 'verbose': False, 'lr_config': {'mode': 'log', 'steps': 5, 'initial_lr': 0.001, 'target_lr': 0.0028284271247461905}, 'batch_per_device': 128}",70.0281183719635,0,6,6367.568984778074,8,57.86892509460449
0.018037474155426024,0.07688646912574769,0.0007677674293518066,0.009025710577867468,0.03015289306640625,nan,0.0,0.10934402048587799,0.6058199524879455,1.1288269423961639,-0.6111999750137329,nan,0.0,nan,0.0,nan,0.0,0.6167200207710266,1.0700513457274434,nan,0.0,0.6111999750137329,1.099641040110588,nan,0.0,60000,8,False,,,23,-1.1288269423961639,6085fba821934ec1ac4b3a5508f8dd5e,2019-06-06_14-27-49,1559856469,9.358323812484741,624.8646445274353,21288,steropes,169.229.49.254,"{'starting_lr': 0.001, 'momentum': 0.95, 'weight_decay': 0.001, 'steps_per_iteration': None, 'pin': False, 'model_creator': None, 'target_batch_size': 128, 'model_string': 'resnet50', 'min_batch_size': 128, 'dataset': 'CIFAR', 'placement': None, 'use_nccl': True, 'devices_per_worker': 1, 'primary_resource': 'extra_gpu', 'gpu': False, 'verbose': False, 'lr_config': {'mode': 'log', 'steps': 5, 'initial_lr': 0.001, 'target_lr': 0.0028284271247461905}, 'batch_per_device': 128}",79.38644218444824,0,7,6393.65973783139,8,57.86892509460449
0.017907801270484927,0.07049202024936675,0.0007371693849563598,0.009014451990322192,0.03092373907566071,nan,0.0,0.10597712397575379,0.6062799453735351,1.1244887583255767,-0.6022999286651611,nan,0.0,nan,0.0,nan,0.0,0.6209399700164795,1.0650638226795197,nan,0.0,0.6022999286651611,1.1133040381789208,nan,0.0,60000,8,False,,,24,-1.1244887583255767,6085fba821934ec1ac4b3a5508f8dd5e,2019-06-06_14-27-59,1559856479,9.36058521270752,634.2252297401428,21288,steropes,169.229.49.254,"{'starting_lr': 0.001, 'momentum': 0.95, 'weight_decay': 0.001, 'steps_per_iteration': None, 'pin': False, 'model_creator': None, 'target_batch_size': 128, 'model_string': 'resnet50', 'min_batch_size': 128, 'dataset': 'CIFAR', 'placement': None, 'use_nccl': True, 'devices_per_worker': 1, 'primary_resource': 'extra_gpu', 'gpu': False, 'verbose': False, 'lr_config': {'mode': 'log', 'steps': 5, 'initial_lr': 0.001, 'target_lr': 0.0028284271247461905}, 'batch_per_device': 128}",88.74702739715576,0,8,6407.535195948894,8,57.86892509460449
0.017926737666130066,0.07357764840126037,0.000775289535522461,0.009229546906996745,0.03161123096942902,nan,0.0,0.10536716878414154,0.6060599565505982,1.1222963918209075,-0.6064000129699707,nan,0.0,nan,0.0,nan,0.0,0.6261399984359741,1.053031513030529,nan,0.0,0.6064000129699707,1.1111795030236244,nan,0.0,60000,8,False,,,25,-1.1222963918209075,6085fba821934ec1ac4b3a5508f8dd5e,2019-06-06_14-28-08,1559856488,9.436593532562256,643.6618232727051,21288,steropes,169.229.49.254,"{'starting_lr': 0.001, 'momentum': 0.95, 'weight_decay': 0.001, 'steps_per_iteration': None, 'pin': False, 'model_creator': None, 'target_batch_size': 128, 'model_string': 'resnet50', 'min_batch_size': 128, 'dataset': 'CIFAR', 'placement': None, 'use_nccl': True, 'devices_per_worker': 1, 'primary_resource': 'extra_gpu', 'gpu': False, 'verbose': False, 'lr_config': {'mode': 'log', 'steps': 5, 'initial_lr': 0.001, 'target_lr': 0.0028284271247461905}, 'batch_per_device': 128}",98.18362092971802,0,9,6389.827003326593,8,57.86892509460449
0.017675513029098512,0.07150686979293823,0.0007467806339263917,0.008949212273772881,0.03070821464061737,nan,0.0,0.10308994054794311,0.6080599665641785,1.1115749034261704,-0.6105999946594238,nan,0.0,nan,0.0,nan,0.0,0.627020001411438,1.0465378033065795,nan,0.0,0.6105999946594238,1.1128495481014251,nan,0.0,60000,8,False,,,26,-1.1115749034261704,6085fba821934ec1ac4b3a5508f8dd5e,2019-06-06_14-28-18,1559856498,9.557674407958984,653.2194976806641,21288,steropes,169.229.49.254,"{'starting_lr': 0.001, 'momentum': 0.95, 'weight_decay': 0.001, 'steps_per_iteration': None, 'pin': False, 'model_creator': None, 'target_batch_size': 128, 'model_string': 'resnet50', 'min_batch_size': 128, 'dataset': 'CIFAR', 'placement': None, 'use_nccl': True, 'devices_per_worker': 1, 'primary_resource': 'extra_gpu', 'gpu': False, 'verbose': False, 'lr_config': {'mode': 'log', 'steps': 5, 'initial_lr': 0.001, 'target_lr': 0.0028284271247461905}, 'batch_per_device': 128}",107.741295337677,0,10,6360.847535302458,8,57.86892509460449
0.018018075823783872,0.07288728952407839,0.0007300972938537598,0.008866848386063868,0.03292943239212036,nan,0.0,0.10369185805320741,0.6096399903297425,1.1029581866598128,-0.6177000403404236,nan,0.0,nan,0.0,nan,0.0,0.6294399499893188,1.0364474394536018,nan,0.0,0.6177000403404236,1.0778168038845062,nan,0.0,60000,8,False,,,27,-1.1029581866598128,6085fba821934ec1ac4b3a5508f8dd5e,2019-06-06_14-28-27,1559856507,9.38562536239624,662.6051230430603,21288,steropes,169.229.49.254,"{'starting_lr': 0.001, 'momentum': 0.95, 'weight_decay': 0.001, 'steps_per_iteration': None, 'pin': False, 'model_creator': None, 'target_batch_size': 128, 'model_string': 'resnet50', 'min_batch_size': 128, 'dataset': 'CIFAR', 'placement': None, 'use_nccl': True, 'devices_per_worker': 1, 'primary_resource': 'extra_gpu', 'gpu': False, 'verbose': False, 'lr_config': {'mode': 'log', 'steps': 5, 'initial_lr': 0.001, 'target_lr': 0.0028284271247461905}, 'batch_per_device': 128}",117.12692070007324,0,11,6369.524104028647,8,57.86892509460449
0.017521220445632934,0.06928490698337555,0.0007820427417755127,0.008819552708645257,0.02965490221977234,nan,0.0,0.10356028079986572,0.6103999972343445,1.100760227894783,-0.6150000095367432,nan,0.0,nan,0.0,nan,0.0,0.6333000063896179,1.0229098258781435,nan,0.0,0.6150000095367432,1.0886512462854385,nan,0.0,60000,8,False,,,28,-1.100760227894783,6085fba821934ec1ac4b3a5508f8dd5e,2019-06-06_14-28-37,1559856517,9.320231676101685,671.925354719162,21288,steropes,169.229.49.254,"{'starting_lr': 0.001, 'momentum': 0.95, 'weight_decay': 0.001, 'steps_per_iteration': None, 'pin': False, 'model_creator': None, 'target_batch_size': 128, 'model_string': 'resnet50', 'min_batch_size': 128, 'dataset': 'CIFAR', 'placement': None, 'use_nccl': True, 'devices_per_worker': 1, 'primary_resource': 'extra_gpu', 'gpu': False, 'verbose': False, 'lr_config': {'mode': 'log', 'steps': 5, 'initial_lr': 0.001, 'target_lr': 0.0028284271247461905}, 'batch_per_device': 128}",126.44715237617493,0,12,6374.680513956347,8,57.86892509460449
0.017999669909477236,0.07188143134117127,0.0007524341344833374,0.008727394804662588,0.030442014336585995,nan,0.0,0.10692025423049928,0.6127800107002258,1.0996221108102797,-0.6141999959945679,nan,0.0,nan,0.0,nan,0.0,0.635960042476654,1.016661214644909,nan,0.0,0.6141999959945679,1.107613452756405,nan,0.0,60000,8,False,,,29,-1.0996221108102797,6085fba821934ec1ac4b3a5508f8dd5e,2019-06-06_14-28-46,1559856526,9.364476919174194,681.2898316383362,21288,steropes,169.229.49.254,"{'starting_lr': 0.001, 'momentum': 0.95, 'weight_decay': 0.001, 'steps_per_iteration': None, 'pin': False, 'model_creator': None, 'target_batch_size': 128, 'model_string': 'resnet50', 'min_batch_size': 128, 'dataset': 'CIFAR', 'placement': None, 'use_nccl': True, 'devices_per_worker': 1, 'primary_resource': 'extra_gpu', 'gpu': False, 'verbose': False, 'lr_config': {'mode': 'log', 'steps': 5, 'initial_lr': 0.001, 'target_lr': 0.0028284271247461905}, 'batch_per_device': 128}",135.81162929534912,0,13,6374.153857831505,8,57.86892509460449
0.01812821626663208,0.07106026113033295,0.000736483931541443,0.0090289797101702,0.03158282041549682,nan,0.0,0.10544379949569702,0.6151600122451782,1.0916346704268456,-0.6183000206947327,nan,0.0,nan,0.0,nan,0.0,0.6416799426078796,1.0121294193816184,nan,0.0,0.6183000206947327,1.071242301106453,nan,0.0,60000,8,False,,,30,-1.0916346704268456,6085fba821934ec1ac4b3a5508f8dd5e,2019-06-06_14-28-55,1559856535,9.397268295288086,690.6870999336243,21288,steropes,169.229.49.254,"{'starting_lr': 0.001, 'momentum': 0.95, 'weight_decay': 0.001, 'steps_per_iteration': None, 'pin': False, 'model_creator': None, 'target_batch_size': 128, 'model_string': 'resnet50', 'min_batch_size': 128, 'dataset': 'CIFAR', 'placement': None, 'use_nccl': True, 'devices_per_worker': 1, 'primary_resource': 'extra_gpu', 'gpu': False, 'verbose': False, 'lr_config': {'mode': 'log', 'steps': 5, 'initial_lr': 0.001, 'target_lr': 0.0028284271247461905}, 'batch_per_device': 128}",145.2088975906372,0,14,6379.492130164837,8,57.86892509460449
0.017630118131637573,0.07065951526165008,0.0007340252399444581,0.009050500027987423,0.031151667237281796,nan,0.0,0.10510218143463135,0.6190000176429749,1.0814604652047157,-0.629800021648407,nan,0.0,nan,0.0,nan,0.0,0.640500009059906,1.0010571643280983,nan,0.0,0.629800021648407,1.061978521990776,nan,0.0,60000,8,False,,,31,-1.0814604652047157,6085fba821934ec1ac4b3a5508f8dd5e,2019-06-06_14-29-05,1559856545,9.383338451385498,700.0704383850098,21288,steropes,169.229.49.254,"{'starting_lr': 0.001, 'momentum': 0.95, 'weight_decay': 0.001, 'steps_per_iteration': None, 'pin': False, 'model_creator': None, 'target_batch_size': 128, 'model_string': 'resnet50', 'min_batch_size': 128, 'dataset': 'CIFAR', 'placement': None, 'use_nccl': True, 'devices_per_worker': 1, 'primary_resource': 'extra_gpu', 'gpu': False, 'verbose': False, 'lr_config': {'mode': 'log', 'steps': 5, 'initial_lr': 0.001, 'target_lr': 0.0028284271247461905}, 'batch_per_device': 128}",154.5922360420227,0,15,6403.231774337603,8,57.86892509460449
0.017700657248497006,0.06956122517585756,0.0007614254951477051,0.008836546114512851,0.03086694777011871,nan,0.0,0.10752437710762022,0.6208199977874755,1.077165794417858,-0.6267999410629272,nan,0.0,nan,0.0,nan,0.0,0.6444199681282043,0.9967401243042946,nan,0.0,0.6267999410629272,1.0563434499502182,nan,0.0,60000,8,False,,,32,-1.077165794417858,6085fba821934ec1ac4b3a5508f8dd5e,2019-06-06_14-29-14,1559856554,9.323984384536743,709.3944227695465,21288,steropes,169.229.49.254,"{'starting_lr': 0.001, 'momentum': 0.95, 'weight_decay': 0.001, 'steps_per_iteration': None, 'pin': False, 'model_creator': None, 'target_batch_size': 128, 'model_string': 'resnet50', 'min_batch_size': 128, 'dataset': 'CIFAR', 'placement': None, 'use_nccl': True, 'devices_per_worker': 1, 'primary_resource': 'extra_gpu', 'gpu': False, 'verbose': False, 'lr_config': {'mode': 'log', 'steps': 5, 'initial_lr': 0.001, 'target_lr': 0.0028284271247461905}, 'batch_per_device': 128}",163.91622042655945,0,16,6411.666475363309,8,57.86892509460449
0.01753623485565186,0.06957144737243653,0.0007093846797943114,0.009064975441718588,0.029405882954597472,nan,0.0,0.10194015204906463,0.6232799887657166,1.0746448485922815,-0.627299964427948,nan,0.0,nan,0.0,nan,0.0,0.6480600237846375,0.985042833504677,nan,0.0,0.627299964427948,1.0760465171575546,nan,0.0,60000,8,False,,,33,-1.0746448485922815,6085fba821934ec1ac4b3a5508f8dd5e,2019-06-06_14-29-23,1559856563,9.304807662963867,718.6992304325104,21288,steropes,169.229.49.254,"{'starting_lr': 0.001, 'momentum': 0.95, 'weight_decay': 0.001, 'steps_per_iteration': None, 'pin': False, 'model_creator': None, 'target_batch_size': 128, 'model_string': 'resnet50', 'min_batch_size': 128, 'dataset': 'CIFAR', 'placement': None, 'use_nccl': True, 'devices_per_worker': 1, 'primary_resource': 'extra_gpu', 'gpu': False, 'verbose': False, 'lr_config': {'mode': 'log', 'steps': 5, 'initial_lr': 0.001, 'target_lr': 0.0028284271247461905}, 'batch_per_device': 128}",173.22102808952332,0,17,6413.780095005451,8,57.86892509460449
0.01813565194606781,0.07023645639419555,0.0007311224937438965,0.00908364690079981,0.031134057044982913,nan,0.0,0.10725114941596985,0.6255999803543091,1.0675361451244356,-0.6257999539375305,nan,0.0,nan,0.0,nan,0.0,0.653499960899353,0.9742341751933098,nan,0.0,0.6257999539375305,1.0720699354171752,nan,0.0,60000,8,False,,,34,-1.0675361451244356,6085fba821934ec1ac4b3a5508f8dd5e,2019-06-06_14-29-33,1559856573,9.247653245925903,727.9468836784363,21288,steropes,169.229.49.254,"{'starting_lr': 0.001, 'momentum': 0.95, 'weight_decay': 0.001, 'steps_per_iteration': None, 'pin': False, 'model_creator': None, 'target_batch_size': 128, 'model_string': 'resnet50', 'min_batch_size': 128, 'dataset': 'CIFAR', 'placement': None, 'use_nccl': True, 'devices_per_worker': 1, 'primary_resource': 'extra_gpu', 'gpu': False, 'verbose': False, 'lr_config': {'mode': 'log', 'steps': 5, 'initial_lr': 0.001, 'target_lr': 0.0028284271247461905}, 'batch_per_device': 128}",182.46868133544922,0,18,6429.82999222559,8,57.86892509460449
0.017717310786247255,0.07297176718711852,0.0007038474082946776,0.008875655276434762,0.030781784653663637,nan,0.0,0.10675449073314666,0.6288599729537964,1.0635910732269287,-0.6345999836921692,nan,0.0,nan,0.0,nan,0.0,0.6613999605178833,0.9586128777623175,nan,0.0,0.6345999836921692,1.0515169416189194,nan,0.0,60000,8,False,,,35,-1.0635910732269287,6085fba821934ec1ac4b3a5508f8dd5e,2019-06-06_14-29-42,1559856582,9.2627112865448,737.2095949649811,21288,steropes,169.229.49.254,"{'starting_lr': 0.001, 'momentum': 0.95, 'weight_decay': 0.001, 'steps_per_iteration': None, 'pin': False, 'model_creator': None, 'target_batch_size': 128, 'model_string': 'resnet50', 'min_batch_size': 128, 'dataset': 'CIFAR', 'placement': None, 'use_nccl': True, 'devices_per_worker': 1, 'primary_resource': 'extra_gpu', 'gpu': False, 'verbose': False, 'lr_config': {'mode': 'log', 'steps': 5, 'initial_lr': 0.001, 'target_lr': 0.0028284271247461905}, 'batch_per_device': 128}",191.73139262199402,0,19,6448.425309970126,8,57.86892509460449
0.017813363671302793,0.0797660380601883,0.0007693737745285035,0.008868371345558946,0.029863288998603823,nan,0.0,0.10380946993827819,0.6303199648857116,1.0596373331403732,-0.6370999813079834,nan,0.0,nan,0.0,nan,0.0,0.6606199741363525,0.9522553986024858,nan,0.0,0.6370999813079834,1.0422098215579987,nan,0.0,60000,8,False,,,36,-1.0596373331403732,6085fba821934ec1ac4b3a5508f8dd5e,2019-06-06_14-29-51,1559856591,9.280896663665771,746.4904916286469,21288,steropes,169.229.49.254,"{'starting_lr': 0.001, 'momentum': 0.95, 'weight_decay': 0.001, 'steps_per_iteration': None, 'pin': False, 'model_creator': None, 'target_batch_size': 128, 'model_string': 'resnet50', 'min_batch_size': 128, 'dataset': 'CIFAR', 'placement': None, 'use_nccl': True, 'devices_per_worker': 1, 'primary_resource': 'extra_gpu', 'gpu': False, 'verbose': False, 'lr_config': {'mode': 'log', 'steps': 5, 'initial_lr': 0.001, 'target_lr': 0.0028284271247461905}, 'batch_per_device': 128}",201.0122892856598,0,20,6462.655259984095,8,57.86892509460449
0.017556846141815182,0.07295222282409669,0.0007565289735794067,0.009009523659336324,0.030270859599113464,nan,0.0,0.10444035530090331,0.6324599862098694,1.055242743010521,-0.6375000476837158,nan,0.0,nan,0.0,nan,0.0,0.6628799438476562,0.9450273747348786,nan,0.0,0.6375000476837158,1.0343704993009566,nan,0.0,60000,8,False,,,37,-1.055242743010521,6085fba821934ec1ac4b3a5508f8dd5e,2019-06-06_14-30-00,1559856600,9.19687008857727,755.6873617172241,21288,steropes,169.229.49.254,"{'starting_lr': 0.001, 'momentum': 0.95, 'weight_decay': 0.001, 'steps_per_iteration': None, 'pin': False, 'model_creator': None, 'target_batch_size': 128, 'model_string': 'resnet50', 'min_batch_size': 128, 'dataset': 'CIFAR', 'placement': None, 'use_nccl': True, 'devices_per_worker': 1, 'primary_resource': 'extra_gpu', 'gpu': False, 'verbose': False, 'lr_config': {'mode': 'log', 'steps': 5, 'initial_lr': 0.001, 'target_lr': 0.0028284271247461905}, 'batch_per_device': 128}",210.20915937423706,0,21,6480.401936260611,8,57.86892509460449
0.017554792761802673,0.07966916859149933,0.0008208870887756348,0.008915156126022339,0.02962272763252258,nan,0.0,0.1046458750963211,0.6352999925613403,1.0484128700113298,-0.6414999961853027,nan,0.0,nan,0.0,nan,0.0,0.6638399362564087,0.9378054990196227,nan,0.0,0.6414999961853027,1.0418971521615983,nan,0.0,60000,8,False,,,38,-1.0484128700113298,6085fba821934ec1ac4b3a5508f8dd5e,2019-06-06_14-30-10,1559856610,9.338905096054077,765.0262668132782,21288,steropes,169.229.49.254,"{'starting_lr': 0.001, 'momentum': 0.95, 'weight_decay': 0.001, 'steps_per_iteration': None, 'pin': False, 'model_creator': None, 'target_batch_size': 128, 'model_string': 'resnet50', 'min_batch_size': 128, 'dataset': 'CIFAR', 'placement': None, 'use_nccl': True, 'devices_per_worker': 1, 'primary_resource': 'extra_gpu', 'gpu': False, 'verbose': False, 'lr_config': {'mode': 'log', 'steps': 5, 'initial_lr': 0.001, 'target_lr': 0.0028284271247461905}, 'batch_per_device': 128}",219.54806447029114,0,22,6475.632541024742,8,57.86892509460449
0.017527884244918822,0.0747347503900528,0.0007940024137496948,0.008925730476574021,0.031008276343345645,nan,0.0,0.10378649830818176,0.6398800015449524,1.036481634747982,-0.6486999988555908,nan,0.0,nan,0.0,nan,0.0,0.6695399880409241,0.9259363863945007,nan,0.0,0.6486999988555908,1.0124137591004372,nan,0.0,60000,8,False,,,39,-1.036481634747982,6085fba821934ec1ac4b3a5508f8dd5e,2019-06-06_14-30-19,1559856619,9.37482500076294,774.4010918140411,21288,steropes,169.229.49.254,"{'starting_lr': 0.001, 'momentum': 0.95, 'weight_decay': 0.001, 'steps_per_iteration': None, 'pin': False, 'model_creator': None, 'target_batch_size': 128, 'model_string': 'resnet50', 'min_batch_size': 128, 'dataset': 'CIFAR', 'placement': None, 'use_nccl': True, 'devices_per_worker': 1, 'primary_resource': 'extra_gpu', 'gpu': False, 'verbose': False, 'lr_config': {'mode': 'log', 'steps': 5, 'initial_lr': 0.001, 'target_lr': 0.0028284271247461905}, 'batch_per_device': 128}",228.92288947105408,0,23,6457.912670703679,8,57.86892509460449
0.01756162941455841,0.07678745090961456,0.0007860034704208374,0.008935422921667293,0.030041202902793888,nan,0.0,0.10733454525470736,0.6428799986839294,1.0293788364076615,-0.6495999693870544,nan,0.0,nan,0.0,nan,0.0,0.6737999320030212,0.9113958212423325,nan,0.0,0.6495999693870544,1.0160029499173167,nan,0.0,60000,8,False,,,40,-1.0293788364076615,6085fba821934ec1ac4b3a5508f8dd5e,2019-06-06_14-30-28,1559856628,9.352386713027954,783.7534785270691,21288,steropes,169.229.49.254,"{'starting_lr': 0.001, 'momentum': 0.95, 'weight_decay': 0.001, 'steps_per_iteration': None, 'pin': False, 'model_creator': None, 'target_batch_size': 128, 'model_string': 'resnet50', 'min_batch_size': 128, 'dataset': 'CIFAR', 'placement': None, 'use_nccl': True, 'devices_per_worker': 1, 'primary_resource': 'extra_gpu', 'gpu': False, 'verbose': False, 'lr_config': {'mode': 'log', 'steps': 5, 'initial_lr': 0.001, 'target_lr': 0.0028284271247461905}, 'batch_per_device': 128}",238.27527618408203,0,24,6445.471739630749,8,57.86892509460449
0.017593610286712646,0.07145412564277649,0.0007898181676864623,0.009092118667096508,0.02941978871822357,nan,0.0,0.10395473837852477,0.6448599934577942,1.026765261027813,-0.6469999551773071,nan,0.0,nan,0.0,nan,0.0,0.6738600134849548,0.9102991881918907,nan,0.0,0.6469999551773071,1.0291419446587562,nan,0.0,60000,8,False,,,41,-1.026765261027813,6085fba821934ec1ac4b3a5508f8dd5e,2019-06-06_14-30-38,1559856638,9.32124924659729,793.0747277736664,21288,steropes,169.229.49.254,"{'starting_lr': 0.001, 'momentum': 0.95, 'weight_decay': 0.001, 'steps_per_iteration': None, 'pin': False, 'model_creator': None, 'target_batch_size': 128, 'model_string': 'resnet50', 'min_batch_size': 128, 'dataset': 'CIFAR', 'placement': None, 'use_nccl': True, 'devices_per_worker': 1, 'primary_resource': 'extra_gpu', 'gpu': False, 'verbose': False, 'lr_config': {'mode': 'log', 'steps': 5, 'initial_lr': 0.001, 'target_lr': 0.0028284271247461905}, 'batch_per_device': 128}",247.59652543067932,0,25,6439.8902870037555,8,57.86892509460449
0.01782280206680298,0.07226358652114868,0.0007744520902633667,0.008832116516268983,0.02974991500377655,nan,0.0,0.10586273670196532,0.646779990196228,1.0233363832044602,-0.647100031375885,nan,0.0,nan,0.0,nan,0.0,0.6764799356460571,0.9051447092437744,nan,0.0,0.647100031375885,1.0172261101841926,nan,0.0,60000,8,False,,,42,-1.0233363832044602,6085fba821934ec1ac4b3a5508f8dd5e,2019-06-06_14-30-47,1559856647,9.156468868255615,802.231196641922,21288,steropes,169.229.49.254,"{'starting_lr': 0.001, 'momentum': 0.95, 'weight_decay': 0.001, 'steps_per_iteration': None, 'pin': False, 'model_creator': None, 'target_batch_size': 128, 'model_string': 'resnet50', 'min_batch_size': 128, 'dataset': 'CIFAR', 'placement': None, 'use_nccl': True, 'devices_per_worker': 1, 'primary_resource': 'extra_gpu', 'gpu': False, 'verbose': False, 'lr_config': {'mode': 'log', 'steps': 5, 'initial_lr': 0.001, 'target_lr': 0.0028284271247461905}, 'batch_per_device': 128}",256.75299429893494,0,26,6445.48091817217,8,57.86892509460449
0.018069529533386232,0.07366506457328796,0.0007559746503829956,0.008655330356286496,0.030660074949264527,nan,0.0,0.1056528389453888,0.6472599864006042,1.0222601452803612,-0.6438999772071838,nan,0.0,nan,0.0,nan,0.0,0.6827399730682373,0.8889353222942353,nan,0.0,0.6438999772071838,1.0365159625411033,nan,0.0,60000,8,False,,,43,-1.0222601452803612,6085fba821934ec1ac4b3a5508f8dd5e,2019-06-06_14-30-56,1559856656,9.370013236999512,811.6012098789215,21288,steropes,169.229.49.254,"{'starting_lr': 0.001, 'momentum': 0.95, 'weight_decay': 0.001, 'steps_per_iteration': None, 'pin': False, 'model_creator': None, 'target_batch_size': 128, 'model_string': 'resnet50', 'min_batch_size': 128, 'dataset': 'CIFAR', 'placement': None, 'use_nccl': True, 'devices_per_worker': 1, 'primary_resource': 'extra_gpu', 'gpu': False, 'verbose': False, 'lr_config': {'mode': 'log', 'steps': 5, 'initial_lr': 0.001, 'target_lr': 0.0028284271247461905}, 'batch_per_device': 128}",266.12300753593445,0,27,6441.176576280265,8,57.86892509460449
