{"apply": 0.01769857406616211, "batch_time": 0.047455742389340944, "d2h": 0.000836634635925293, "data_time": 0.0018524068700687965, "fwd": 0.15344271659851075, "get_state_time_mean": NaN, "get_state_time_total": 0.0, "grad": 0.18730287551879882, "mean_accuracy": 0.3005000054836273, "mean_loss": 1.9886398786544799, "neg_mean_accuracy": -0.3005000054836273, "set_state_time_mean": NaN, "set_state_time_total": 0.0, "setup_model_time_mean": 13.120997667312622, "setup_model_time_total": 13.120997667312622, "setup_proc_time_mean": 1.8749849796295166, "setup_proc_time_total": 1.8749849796295166, "train_accuracy": 0.22134000062942505, "train_loss": 2.28311313999176, "training_time_mean": NaN, "training_time_total": 0.0, "val_accuracy": 0.3005000054836273, "val_loss": 1.9886398786544799, "validation_time_mean": NaN, "validation_time_total": 0.0, "samples": 60000, "num_workers": 1, "done": false, "timesteps_total": null, "episodes_total": null, "training_iteration": 1, "neg_mean_loss": -1.9886398786544799, "experiment_id": "6085fba821934ec1ac4b3a5508f8dd5e", "date": "2019-06-06_14-17-20", "timestamp": 1559855840, "time_this_iter_s": 46.99475884437561, "time_total_s": 46.99475884437561, "pid": 30542, "hostname": "steropes", "node_ip": "169.229.49.254", "config": {"starting_lr": 0.001, "momentum": 0.95, "weight_decay": 0.001, "steps_per_iteration": null, "pin": false, "model_creator": null, "target_batch_size": 128, "model_string": "resnet50", "min_batch_size": 128, "dataset": "CIFAR", "placement": null, "use_nccl": true, "devices_per_worker": 1, "primary_resource": "extra_gpu", "gpu": false, "verbose": false, "lr_config": {"mode": "log", "steps": 5, "initial_lr": 0.001, "target_lr": 0.001}, "batch_per_device": 128}, "time_since_restore": 46.99475884437561, "timesteps_since_restore": 0, "iterations_since_restore": 1, "mean_throughput": 1276.735793452555, "atoms": 1, "setup_time": 15.096239805221558}
{"apply": 0.017455434799194335, "batch_time": 0.0325473531892028, "d2h": 0.000664377212524414, "data_time": 0.0018150007633297035, "fwd": 0.02833399772644043, "get_state_time_mean": NaN, "get_state_time_total": 0.0, "grad": 0.04797239303588867, "mean_accuracy": 0.33615000545978546, "mean_loss": 1.9225779129981995, "neg_mean_accuracy": -0.3718000054359436, "set_state_time_mean": NaN, "set_state_time_total": 0.0, "setup_model_time_mean": NaN, "setup_model_time_total": 0.0, "setup_proc_time_mean": NaN, "setup_proc_time_total": 0.0, "train_accuracy": 0.33258000016212463, "train_loss": 1.861895834007263, "training_time_mean": NaN, "training_time_total": 0.0, "val_accuracy": 0.3718000054359436, "val_loss": 1.856515947341919, "validation_time_mean": NaN, "validation_time_total": 0.0, "samples": 60000, "num_workers": 1, "done": false, "timesteps_total": null, "episodes_total": null, "training_iteration": 2, "neg_mean_loss": -1.9225779129981995, "experiment_id": "6085fba821934ec1ac4b3a5508f8dd5e", "date": "2019-06-06_14-18-01", "timestamp": 1559855881, "time_this_iter_s": 40.76484155654907, "time_total_s": 87.75960040092468, "pid": 30542, "hostname": "steropes", "node_ip": "169.229.49.254", "config": {"starting_lr": 0.001, "momentum": 0.95, "weight_decay": 0.001, "steps_per_iteration": null, "pin": false, "model_creator": null, "target_batch_size": 128, "model_string": "resnet50", "min_batch_size": 128, "dataset": "CIFAR", "placement": null, "use_nccl": true, "devices_per_worker": 1, "primary_resource": "extra_gpu", "gpu": false, "verbose": false, "lr_config": {"mode": "log", "steps": 5, "initial_lr": 0.001, "target_lr": 0.001}, "batch_per_device": 128}, "time_since_restore": 87.75960040092468, "timesteps_since_restore": 0, "iterations_since_restore": 2, "mean_throughput": 1367.3660588856078, "atoms": 1, "setup_time": 15.096239805221558}
{"apply": 0.01709299087524414, "batch_time": 0.03238635123530521, "d2h": 0.0006705284118652344, "data_time": 0.0018147257587793843, "fwd": 0.028850197792053223, "get_state_time_mean": NaN, "get_state_time_total": 0.0, "grad": 0.04841113090515137, "mean_accuracy": 0.37246666351954144, "mean_loss": 1.793699434598287, "neg_mean_accuracy": -0.44509997963905334, "set_state_time_mean": NaN, "set_state_time_total": 0.0, "setup_model_time_mean": NaN, "setup_model_time_total": 0.0, "setup_proc_time_mean": NaN, "setup_proc_time_total": 0.0, "train_accuracy": 0.3860200047492981, "train_loss": 1.699321033973694, "training_time_mean": NaN, "training_time_total": 0.0, "val_accuracy": 0.44509997963905334, "val_loss": 1.5359424777984618, "validation_time_mean": NaN, "validation_time_total": 0.0, "samples": 60000, "num_workers": 1, "done": false, "timesteps_total": null, "episodes_total": null, "training_iteration": 3, "neg_mean_loss": -1.793699434598287, "experiment_id": "6085fba821934ec1ac4b3a5508f8dd5e", "date": "2019-06-06_14-18-41", "timestamp": 1559855921, "time_this_iter_s": 40.48252463340759, "time_total_s": 128.24212503433228, "pid": 30542, "hostname": "steropes", "node_ip": "169.229.49.254", "config": {"starting_lr": 0.001, "momentum": 0.95, "weight_decay": 0.001, "steps_per_iteration": null, "pin": false, "model_creator": null, "target_batch_size": 128, "model_string": "resnet50", "min_batch_size": 128, "dataset": "CIFAR", "placement": null, "use_nccl": true, "devices_per_worker": 1, "primary_resource": "extra_gpu", "gpu": false, "verbose": false, "lr_config": {"mode": "log", "steps": 5, "initial_lr": 0.001, "target_lr": 0.001}, "batch_per_device": 128}, "time_since_restore": 128.24212503433228, "timesteps_since_restore": 0, "iterations_since_restore": 3, "mean_throughput": 1403.5900201222057, "atoms": 1, "setup_time": 15.096239805221558}
{"apply": 0.017128658294677735, "batch_time": 0.03214119959481155, "d2h": 0.0006366968154907227, "data_time": 0.0017634627154416137, "fwd": 0.02825605869293213, "get_state_time_mean": NaN, "get_state_time_total": 0.0, "grad": 0.04748537540435791, "mean_accuracy": 0.39284999668598175, "mean_loss": 1.7339903909206391, "neg_mean_accuracy": -0.45399999618530273, "set_state_time_mean": NaN, "set_state_time_total": 0.0, "setup_model_time_mean": NaN, "setup_model_time_total": 0.0, "setup_proc_time_mean": NaN, "setup_proc_time_total": 0.0, "train_accuracy": 0.4196600019931793, "train_loss": 1.6089187908172606, "training_time_mean": NaN, "training_time_total": 0.0, "val_accuracy": 0.45399999618530273, "val_loss": 1.5548632598876952, "validation_time_mean": NaN, "validation_time_total": 0.0, "samples": 60000, "num_workers": 1, "done": false, "timesteps_total": null, "episodes_total": null, "training_iteration": 4, "neg_mean_loss": -1.7339903909206391, "experiment_id": "6085fba821934ec1ac4b3a5508f8dd5e", "date": "2019-06-06_14-19-21", "timestamp": 1559855961, "time_this_iter_s": 40.374650716781616, "time_total_s": 168.6167757511139, "pid": 30542, "hostname": "steropes", "node_ip": "169.229.49.254", "config": {"starting_lr": 0.001, "momentum": 0.95, "weight_decay": 0.001, "steps_per_iteration": null, "pin": false, "model_creator": null, "target_batch_size": 128, "model_string": "resnet50", "min_batch_size": 128, "dataset": "CIFAR", "placement": null, "use_nccl": true, "devices_per_worker": 1, "primary_resource": "extra_gpu", "gpu": false, "verbose": false, "lr_config": {"mode": "log", "steps": 5, "initial_lr": 0.001, "target_lr": 0.001}, "batch_per_device": 128}, "time_since_restore": 168.6167757511139, "timesteps_since_restore": 0, "iterations_since_restore": 4, "mean_throughput": 1423.3414854553127, "atoms": 1, "setup_time": 15.096239805221558}
{"apply": 0.017360162734985352, "batch_time": 0.031853974619998206, "d2h": 0.0006559371948242187, "data_time": 0.0017556961235182975, "fwd": 0.028194713592529296, "get_state_time_mean": NaN, "get_state_time_total": 0.0, "grad": 0.04730405807495117, "mean_accuracy": 0.4094599962234497, "mean_loss": 1.675745759086609, "neg_mean_accuracy": -0.47589999437332153, "set_state_time_mean": NaN, "set_state_time_total": 0.0, "setup_model_time_mean": NaN, "setup_model_time_total": 0.0, "setup_proc_time_mean": NaN, "setup_proc_time_total": 0.0, "train_accuracy": 0.4449999928474426, "train_loss": 1.5453022452545166, "training_time_mean": NaN, "training_time_total": 0.0, "val_accuracy": 0.47589999437332153, "val_loss": 1.4427672317504883, "validation_time_mean": NaN, "validation_time_total": 0.0, "samples": 60000, "num_workers": 1, "done": false, "timesteps_total": null, "episodes_total": null, "training_iteration": 5, "neg_mean_loss": -1.675745759086609, "experiment_id": "6085fba821934ec1ac4b3a5508f8dd5e", "date": "2019-06-06_14-20-02", "timestamp": 1559856002, "time_this_iter_s": 40.202250480651855, "time_total_s": 208.81902623176575, "pid": 30542, "hostname": "steropes", "node_ip": "169.229.49.254", "config": {"starting_lr": 0.001, "momentum": 0.95, "weight_decay": 0.001, "steps_per_iteration": null, "pin": false, "model_creator": null, "target_batch_size": 128, "model_string": "resnet50", "min_batch_size": 128, "dataset": "CIFAR", "placement": null, "use_nccl": true, "devices_per_worker": 1, "primary_resource": "extra_gpu", "gpu": false, "verbose": false, "lr_config": {"mode": "log", "steps": 5, "initial_lr": 0.001, "target_lr": 0.001}, "batch_per_device": 128}, "time_since_restore": 208.81902623176575, "timesteps_since_restore": 0, "iterations_since_restore": 5, "mean_throughput": 1436.6465244667502, "atoms": 1, "setup_time": 15.096239805221558}
{"apply": 0.01699521541595459, "batch_time": 0.03179540211641336, "d2h": 0.0006647109985351562, "data_time": 0.0018310455410071955, "fwd": 0.027808284759521483, "get_state_time_mean": NaN, "get_state_time_total": 0.0, "grad": 0.04747140407562256, "mean_accuracy": 0.44839999079704285, "mean_loss": 1.5550551751708985, "neg_mean_accuracy": -0.495199978351593, "set_state_time_mean": NaN, "set_state_time_total": 0.0, "setup_model_time_mean": NaN, "setup_model_time_total": 0.0, "setup_proc_time_mean": NaN, "setup_proc_time_total": 0.0, "train_accuracy": 0.46403998136520386, "train_loss": 1.4832182148361206, "training_time_mean": NaN, "training_time_total": 0.0, "val_accuracy": 0.495199978351593, "val_loss": 1.3851869590759278, "validation_time_mean": NaN, "validation_time_total": 0.0, "samples": 60000, "num_workers": 1, "done": false, "timesteps_total": null, "episodes_total": null, "training_iteration": 6, "neg_mean_loss": -1.5550551751708985, "experiment_id": "6085fba821934ec1ac4b3a5508f8dd5e", "date": "2019-06-06_14-20-42", "timestamp": 1559856042, "time_this_iter_s": 40.31919884681702, "time_total_s": 249.13822507858276, "pid": 30542, "hostname": "steropes", "node_ip": "169.229.49.254", "config": {"starting_lr": 0.001, "momentum": 0.95, "weight_decay": 0.001, "steps_per_iteration": null, "pin": false, "model_creator": null, "target_batch_size": 128, "model_string": "resnet50", "min_batch_size": 128, "dataset": "CIFAR", "placement": null, "use_nccl": true, "devices_per_worker": 1, "primary_resource": "extra_gpu", "gpu": false, "verbose": false, "lr_config": {"mode": "log", "steps": 5, "initial_lr": 0.001, "target_lr": 0.001}, "batch_per_device": 128}, "time_since_restore": 249.13822507858276, "timesteps_since_restore": 0, "iterations_since_restore": 6, "mean_throughput": 1484.0900955633915, "atoms": 1, "setup_time": 15.096239805221558}
{"apply": 0.017319083213806152, "batch_time": 0.031559346597405925, "d2h": 0.0006685733795166015, "data_time": 0.0017544125656947455, "fwd": 0.027756714820861818, "get_state_time_mean": NaN, "get_state_time_total": 0.0, "grad": 0.04644684791564942, "mean_accuracy": 0.47565998435020446, "mean_loss": 1.4618646033477785, "neg_mean_accuracy": -0.5080999732017517, "set_state_time_mean": NaN, "set_state_time_total": 0.0, "setup_model_time_mean": NaN, "setup_model_time_total": 0.0, "setup_proc_time_mean": NaN, "setup_proc_time_total": 0.0, "train_accuracy": 0.48377999663352966, "train_loss": 1.4451581009674073, "training_time_mean": NaN, "training_time_total": 0.0, "val_accuracy": 0.5080999732017517, "val_loss": 1.3905630882263185, "validation_time_mean": NaN, "validation_time_total": 0.0, "samples": 60000, "num_workers": 1, "done": false, "timesteps_total": null, "episodes_total": null, "training_iteration": 7, "neg_mean_loss": -1.4618646033477785, "experiment_id": "6085fba821934ec1ac4b3a5508f8dd5e", "date": "2019-06-06_14-21-22", "timestamp": 1559856082, "time_this_iter_s": 40.34683299064636, "time_total_s": 289.4850580692291, "pid": 30542, "hostname": "steropes", "node_ip": "169.229.49.254", "config": {"starting_lr": 0.001, "momentum": 0.95, "weight_decay": 0.001, "steps_per_iteration": null, "pin": false, "model_creator": null, "target_batch_size": 128, "model_string": "resnet50", "min_batch_size": 128, "dataset": "CIFAR", "placement": null, "use_nccl": true, "devices_per_worker": 1, "primary_resource": "extra_gpu", "gpu": false, "verbose": false, "lr_config": {"mode": "log", "steps": 5, "initial_lr": 0.001, "target_lr": 0.001}, "batch_per_device": 128}, "time_since_restore": 289.4850580692291, "timesteps_since_restore": 0, "iterations_since_restore": 7, "mean_throughput": 1487.1668821279218, "atoms": 1, "setup_time": 15.096239805221558}
{"apply": 0.017865490913391114, "batch_time": 0.06212201416492462, "d2h": 0.0006874799728393555, "data_time": 0.0028828218275186966, "fwd": 0.12981033325195312, "get_state_time_mean": NaN, "get_state_time_total": 0.0, "grad": 0.21396535634994507, "mean_accuracy": 0.49147998094558715, "mean_loss": 1.4252842765045166, "neg_mean_accuracy": -0.5241999626159668, "set_state_time_mean": 3.2479814291000366, "set_state_time_total": 3.2479814291000366, "setup_model_time_mean": 9.577033519744873, "setup_model_time_total": 9.577033519744873, "setup_proc_time_mean": 0.23007440567016602, "setup_proc_time_total": 0.23007440567016602, "train_accuracy": 0.5055800080299377, "train_loss": 1.3772671253204347, "training_time_mean": NaN, "training_time_total": 0.0, "val_accuracy": 0.5241999626159668, "val_loss": 1.3530408435821533, "validation_time_mean": NaN, "validation_time_total": 0.0, "samples": 60000, "num_workers": 2, "done": false, "timesteps_total": null, "episodes_total": null, "training_iteration": 8, "neg_mean_loss": -1.4252842765045166, "experiment_id": "6085fba821934ec1ac4b3a5508f8dd5e", "date": "2019-06-06_14-22-15", "timestamp": 1559856135, "time_this_iter_s": 33.063719511032104, "time_total_s": 322.54877758026123, "pid": 4994, "hostname": "steropes", "node_ip": "169.229.49.254", "config": {"starting_lr": 0.001, "momentum": 0.95, "weight_decay": 0.001, "steps_per_iteration": null, "pin": false, "model_creator": null, "target_batch_size": 128, "model_string": "resnet50", "min_batch_size": 128, "dataset": "CIFAR", "placement": null, "use_nccl": true, "devices_per_worker": 1, "primary_resource": "extra_gpu", "gpu": false, "verbose": false, "lr_config": {"mode": "log", "steps": 5, "initial_lr": 0.001, "target_lr": 0.0014142135623730952}, "batch_per_device": 128}, "time_since_restore": 33.063719511032104, "timesteps_since_restore": 0, "iterations_since_restore": 1, "mean_throughput": 1814.667202518579, "atoms": 2, "setup_time": 17.487499713897705}
{"apply": 0.017428338527679443, "batch_time": 0.03766288757324219, "d2h": 0.000678861141204834, "data_time": 0.002803001476793873, "fwd": 0.028155243396759032, "get_state_time_mean": NaN, "get_state_time_total": 0.0, "grad": 0.07785464525222778, "mean_accuracy": 0.5088199734687805, "mean_loss": 1.3752867255783083, "neg_mean_accuracy": -0.5406999588012695, "set_state_time_mean": NaN, "set_state_time_total": 0.0, "setup_model_time_mean": NaN, "setup_model_time_total": 0.0, "setup_proc_time_mean": NaN, "setup_proc_time_total": 0.0, "train_accuracy": 0.5178999900817871, "train_loss": 1.3414680440139772, "training_time_mean": NaN, "training_time_total": 0.0, "val_accuracy": 0.5406999588012695, "val_loss": 1.304875505256653, "validation_time_mean": NaN, "validation_time_total": 0.0, "samples": 60000, "num_workers": 2, "done": false, "timesteps_total": null, "episodes_total": null, "training_iteration": 9, "neg_mean_loss": -1.3752867255783083, "experiment_id": "6085fba821934ec1ac4b3a5508f8dd5e", "date": "2019-06-06_14-22-43", "timestamp": 1559856163, "time_this_iter_s": 27.35336470603943, "time_total_s": 349.90214228630066, "pid": 4994, "hostname": "steropes", "node_ip": "169.229.49.254", "config": {"starting_lr": 0.001, "momentum": 0.95, "weight_decay": 0.001, "steps_per_iteration": null, "pin": false, "model_creator": null, "target_batch_size": 128, "model_string": "resnet50", "min_batch_size": 128, "dataset": "CIFAR", "placement": null, "use_nccl": true, "devices_per_worker": 1, "primary_resource": "extra_gpu", "gpu": false, "verbose": false, "lr_config": {"mode": "log", "steps": 5, "initial_lr": 0.001, "target_lr": 0.0014142135623730952}, "batch_per_device": 128}, "time_since_restore": 60.41708421707153, "timesteps_since_restore": 0, "iterations_since_restore": 2, "mean_throughput": 1986.1841795409089, "atoms": 2, "setup_time": 17.487499713897705}
{"apply": 0.01728661060333252, "batch_time": 0.03846510648727417, "d2h": 0.0006752371788024903, "data_time": 0.0027404895850590295, "fwd": 0.02805744409561157, "get_state_time_mean": NaN, "get_state_time_total": 0.0, "grad": 0.0778491735458374, "mean_accuracy": 0.5217399716377258, "mean_loss": 1.349358104877472, "neg_mean_accuracy": -0.5404999852180481, "set_state_time_mean": NaN, "set_state_time_total": 0.0, "setup_model_time_mean": NaN, "setup_model_time_total": 0.0, "setup_proc_time_mean": NaN, "setup_proc_time_total": 0.0, "train_accuracy": 0.5245399475097656, "train_loss": 1.3206405213165282, "training_time_mean": NaN, "training_time_total": 0.0, "val_accuracy": 0.5404999852180481, "val_loss": 1.3131241282463075, "validation_time_mean": NaN, "validation_time_total": 0.0, "samples": 60000, "num_workers": 2, "done": false, "timesteps_total": null, "episodes_total": null, "training_iteration": 10, "neg_mean_loss": -1.349358104877472, "experiment_id": "6085fba821934ec1ac4b3a5508f8dd5e", "date": "2019-06-06_14-23-10", "timestamp": 1559856190, "time_this_iter_s": 27.086979389190674, "time_total_s": 376.98912167549133, "pid": 4994, "hostname": "steropes", "node_ip": "169.229.49.254", "config": {"starting_lr": 0.001, "momentum": 0.95, "weight_decay": 0.001, "steps_per_iteration": null, "pin": false, "model_creator": null, "target_batch_size": 128, "model_string": "resnet50", "min_batch_size": 128, "dataset": "CIFAR", "placement": null, "use_nccl": true, "devices_per_worker": 1, "primary_resource": "extra_gpu", "gpu": false, "verbose": false, "lr_config": {"mode": "log", "steps": 5, "initial_lr": 0.001, "target_lr": 0.0014142135623730952}, "batch_per_device": 128}, "time_since_restore": 87.5040636062622, "timesteps_since_restore": 0, "iterations_since_restore": 3, "mean_throughput": 2057.039019162671, "atoms": 2, "setup_time": 17.487499713897705}
{"apply": 0.01926335096359253, "batch_time": 0.03901935815811157, "d2h": 0.0006897926330566406, "data_time": 0.002882000134915722, "fwd": 0.030838739871978757, "get_state_time_mean": NaN, "get_state_time_total": 0.0, "grad": 0.08153460025787354, "mean_accuracy": 0.5311999797821045, "mean_loss": 1.3336325658988952, "neg_mean_accuracy": -0.5425000190734863, "set_state_time_mean": NaN, "set_state_time_total": 0.0, "setup_model_time_mean": NaN, "setup_model_time_total": 0.0, "setup_proc_time_mean": NaN, "setup_proc_time_total": 0.0, "train_accuracy": 0.5337399840354919, "train_loss": 1.2982791655158996, "training_time_mean": NaN, "training_time_total": 0.0, "val_accuracy": 0.5425000190734863, "val_loss": 1.3065592641830444, "validation_time_mean": NaN, "validation_time_total": 0.0, "samples": 60000, "num_workers": 2, "done": false, "timesteps_total": null, "episodes_total": null, "training_iteration": 11, "neg_mean_loss": -1.3336325658988952, "experiment_id": "6085fba821934ec1ac4b3a5508f8dd5e", "date": "2019-06-06_14-23-37", "timestamp": 1559856217, "time_this_iter_s": 27.601125478744507, "time_total_s": 404.59024715423584, "pid": 4994, "hostname": "steropes", "node_ip": "169.229.49.254", "config": {"starting_lr": 0.001, "momentum": 0.95, "weight_decay": 0.001, "steps_per_iteration": null, "pin": false, "model_creator": null, "target_batch_size": 128, "model_string": "resnet50", "min_batch_size": 128, "dataset": "CIFAR", "placement": null, "use_nccl": true, "devices_per_worker": 1, "primary_resource": "extra_gpu", "gpu": false, "verbose": false, "lr_config": {"mode": "log", "steps": 5, "initial_lr": 0.001, "target_lr": 0.0014142135623730952}, "batch_per_device": 128}, "time_since_restore": 115.10518908500671, "timesteps_since_restore": 0, "iterations_since_restore": 4, "mean_throughput": 2085.040386993195, "atoms": 2, "setup_time": 17.487499713897705}
{"apply": 0.01865131855010986, "batch_time": 0.03995716273784637, "d2h": 0.000708925724029541, "data_time": 0.002828382715886953, "fwd": 0.029160249233245852, "get_state_time_mean": NaN, "get_state_time_total": 0.0, "grad": 0.08050258159637451, "mean_accuracy": 0.5385999798774719, "mean_loss": 1.3086754929924012, "neg_mean_accuracy": -0.5450999736785889, "set_state_time_mean": NaN, "set_state_time_total": 0.0, "setup_model_time_mean": NaN, "setup_model_time_total": 0.0, "setup_proc_time_mean": NaN, "setup_proc_time_total": 0.0, "train_accuracy": 0.5426999926567078, "train_loss": 1.2699207251358033, "training_time_mean": NaN, "training_time_total": 0.0, "val_accuracy": 0.5450999736785889, "val_loss": 1.2657777236938477, "validation_time_mean": NaN, "validation_time_total": 0.0, "samples": 60000, "num_workers": 2, "done": false, "timesteps_total": null, "episodes_total": null, "training_iteration": 12, "neg_mean_loss": -1.3086754929924012, "experiment_id": "6085fba821934ec1ac4b3a5508f8dd5e", "date": "2019-06-06_14-24-06", "timestamp": 1559856246, "time_this_iter_s": 28.3622567653656, "time_total_s": 432.95250391960144, "pid": 4994, "hostname": "steropes", "node_ip": "169.229.49.254", "config": {"starting_lr": 0.001, "momentum": 0.95, "weight_decay": 0.001, "steps_per_iteration": null, "pin": false, "model_creator": null, "target_batch_size": 128, "model_string": "resnet50", "min_batch_size": 128, "dataset": "CIFAR", "placement": null, "use_nccl": true, "devices_per_worker": 1, "primary_resource": "extra_gpu", "gpu": false, "verbose": false, "lr_config": {"mode": "log", "steps": 5, "initial_lr": 0.001, "target_lr": 0.0014142135623730952}, "batch_per_device": 128}, "time_since_restore": 143.46744585037231, "timesteps_since_restore": 0, "iterations_since_restore": 5, "mean_throughput": 2091.058397931226, "atoms": 2, "setup_time": 17.487499713897705}
{"apply": 0.019862115383148193, "batch_time": 0.03920888900756836, "d2h": 0.0007141470909118653, "data_time": 0.0027927604256844036, "fwd": 0.031810009479522706, "get_state_time_mean": NaN, "get_state_time_total": 0.0, "grad": 0.08212121725082397, "mean_accuracy": 0.5459399819374084, "mean_loss": 1.2837246149635315, "neg_mean_accuracy": -0.5608999729156494, "set_state_time_mean": NaN, "set_state_time_total": 0.0, "setup_model_time_mean": NaN, "setup_model_time_total": 0.0, "setup_proc_time_mean": NaN, "setup_proc_time_total": 0.0, "train_accuracy": 0.5483199954032898, "train_loss": 1.2609369821166991, "training_time_mean": NaN, "training_time_total": 0.0, "val_accuracy": 0.5608999729156494, "val_loss": 1.2282864534378053, "validation_time_mean": NaN, "validation_time_total": 0.0, "samples": 60000, "num_workers": 2, "done": false, "timesteps_total": null, "episodes_total": null, "training_iteration": 13, "neg_mean_loss": -1.2837246149635315, "experiment_id": "6085fba821934ec1ac4b3a5508f8dd5e", "date": "2019-06-06_14-24-34", "timestamp": 1559856274, "time_this_iter_s": 28.09840965270996, "time_total_s": 461.0509135723114, "pid": 4994, "hostname": "steropes", "node_ip": "169.229.49.254", "config": {"starting_lr": 0.001, "momentum": 0.95, "weight_decay": 0.001, "steps_per_iteration": null, "pin": false, "model_creator": null, "target_batch_size": 128, "model_string": "resnet50", "min_batch_size": 128, "dataset": "CIFAR", "placement": null, "use_nccl": true, "devices_per_worker": 1, "primary_resource": "extra_gpu", "gpu": false, "verbose": false, "lr_config": {"mode": "log", "steps": 5, "initial_lr": 0.001, "target_lr": 0.0014142135623730952}, "batch_per_device": 128}, "time_since_restore": 171.56585550308228, "timesteps_since_restore": 0, "iterations_since_restore": 6, "mean_throughput": 2166.024503532282, "atoms": 2, "setup_time": 17.487499713897705}
{"apply": 0.020364487171173097, "batch_time": 0.0391960859298706, "d2h": 0.0007130265235900878, "data_time": 0.0028593053623121615, "fwd": 0.03159222602844238, "get_state_time_mean": NaN, "get_state_time_total": 0.0, "grad": 0.08362170457839965, "mean_accuracy": 0.5526999831199646, "mean_loss": 1.2658641255378724, "neg_mean_accuracy": -0.5744999647140503, "set_state_time_mean": NaN, "set_state_time_total": 0.0, "setup_model_time_mean": NaN, "setup_model_time_total": 0.0, "setup_proc_time_mean": NaN, "setup_proc_time_total": 0.0, "train_accuracy": 0.5592799782752991, "train_loss": 1.2377954994010927, "training_time_mean": NaN, "training_time_total": 0.0, "val_accuracy": 0.5744999647140503, "val_loss": 1.215573058128357, "validation_time_mean": NaN, "validation_time_total": 0.0, "samples": 60000, "num_workers": 2, "done": false, "timesteps_total": null, "episodes_total": null, "training_iteration": 14, "neg_mean_loss": -1.2658641255378724, "experiment_id": "6085fba821934ec1ac4b3a5508f8dd5e", "date": "2019-06-06_14-25-02", "timestamp": 1559856302, "time_this_iter_s": 28.300018787384033, "time_total_s": 489.35093235969543, "pid": 4994, "hostname": "steropes", "node_ip": "169.229.49.254", "config": {"starting_lr": 0.001, "momentum": 0.95, "weight_decay": 0.001, "steps_per_iteration": null, "pin": false, "model_creator": null, "target_batch_size": 128, "model_string": "resnet50", "min_batch_size": 128, "dataset": "CIFAR", "placement": null, "use_nccl": true, "devices_per_worker": 1, "primary_resource": "extra_gpu", "gpu": false, "verbose": false, "lr_config": {"mode": "log", "steps": 5, "initial_lr": 0.001, "target_lr": 0.0014142135623730952}, "batch_per_device": 128}, "time_since_restore": 199.8658742904663, "timesteps_since_restore": 0, "iterations_since_restore": 7, "mean_throughput": 2151.3194190862832, "atoms": 2, "setup_time": 17.487499713897705}
{"apply": 0.019551777839660646, "batch_time": 0.03965827822685242, "d2h": 0.00070725679397583, "data_time": 0.0028153736980593936, "fwd": 0.03085371255874634, "get_state_time_mean": NaN, "get_state_time_total": 0.0, "grad": 0.0809832215309143, "mean_accuracy": 0.5610199928283691, "mean_loss": 1.24342860080719, "neg_mean_accuracy": -0.5821000337600708, "set_state_time_mean": NaN, "set_state_time_total": 0.0, "setup_model_time_mean": NaN, "setup_model_time_total": 0.0, "setup_proc_time_mean": NaN, "setup_proc_time_total": 0.0, "train_accuracy": 0.5673400163650513, "train_loss": 1.2093342437934875, "training_time_mean": NaN, "training_time_total": 0.0, "val_accuracy": 0.5821000337600708, "val_loss": 1.2009465045928955, "validation_time_mean": NaN, "validation_time_total": 0.0, "samples": 60000, "num_workers": 2, "done": false, "timesteps_total": null, "episodes_total": null, "training_iteration": 15, "neg_mean_loss": -1.24342860080719, "experiment_id": "6085fba821934ec1ac4b3a5508f8dd5e", "date": "2019-06-06_14-25-30", "timestamp": 1559856330, "time_this_iter_s": 28.08335590362549, "time_total_s": 517.4342882633209, "pid": 4994, "hostname": "steropes", "node_ip": "169.229.49.254", "config": {"starting_lr": 0.001, "momentum": 0.95, "weight_decay": 0.001, "steps_per_iteration": null, "pin": false, "model_creator": null, "target_batch_size": 128, "model_string": "resnet50", "min_batch_size": 128, "dataset": "CIFAR", "placement": null, "use_nccl": true, "devices_per_worker": 1, "primary_resource": "extra_gpu", "gpu": false, "verbose": false, "lr_config": {"mode": "log", "steps": 5, "initial_lr": 0.001, "target_lr": 0.0014142135623730952}, "batch_per_device": 128}, "time_since_restore": 227.9492301940918, "timesteps_since_restore": 0, "iterations_since_restore": 8, "mean_throughput": 2136.0570936761465, "atoms": 2, "setup_time": 17.487499713897705}
{"apply": 0.01838243305683136, "batch_time": 0.3192682772874832, "d2h": 0.000730547308921814, "data_time": 0.009492714186103975, "fwd": 0.25606069862842556, "get_state_time_mean": NaN, "get_state_time_total": 0.0, "grad": 0.4205761730670929, "mean_accuracy": 0.5763399839401245, "mean_loss": 1.226461281080246, "neg_mean_accuracy": -0.5946999788284302, "set_state_time_mean": 8.08355638384819, "set_state_time_total": 8.08355638384819, "setup_model_time_mean": 17.82959935069084, "setup_model_time_total": 17.82959935069084, "setup_proc_time_mean": 3.973232239484787, "setup_proc_time_total": 3.973232239484787, "train_accuracy": 0.5859999656677246, "train_loss": 1.1572735850024225, "training_time_mean": NaN, "training_time_total": 0.0, "val_accuracy": 0.5946999788284302, "val_loss": 1.1477886375904083, "validation_time_mean": NaN, "validation_time_total": 0.0, "samples": 60000, "num_workers": 8, "done": false, "timesteps_total": null, "episodes_total": null, "training_iteration": 17, "neg_mean_loss": -1.226461281080246, "experiment_id": "6085fba821934ec1ac4b3a5508f8dd5e", "date": "2019-06-06_14-26-53", "timestamp": 1559856413, "time_this_iter_s": 22.914777994155884, "time_total_s": 568.392980337143, "pid": 21288, "hostname": "steropes", "node_ip": "169.229.49.254", "config": {"starting_lr": 0.001, "momentum": 0.95, "weight_decay": 0.001, "steps_per_iteration": null, "pin": false, "model_creator": null, "target_batch_size": 128, "model_string": "resnet50", "min_batch_size": 128, "dataset": "CIFAR", "placement": null, "use_nccl": true, "devices_per_worker": 1, "primary_resource": "extra_gpu", "gpu": false, "verbose": false, "lr_config": {"mode": "log", "steps": 5, "initial_lr": 0.001, "target_lr": 0.0028284271247461905}, "batch_per_device": 128}, "time_since_restore": 22.914777994155884, "timesteps_since_restore": 0, "iterations_since_restore": 1, "mean_throughput": 2618.3540515540726, "atoms": 8, "setup_time": 57.86892509460449}
{"apply": 0.017830175161361695, "batch_time": 0.07230485677719115, "d2h": 0.000740981101989746, "data_time": 0.00917861108877221, "fwd": 0.03152058124542236, "get_state_time_mean": NaN, "get_state_time_total": 0.0, "grad": 0.10369373261928558, "mean_accuracy": 0.5844799876213074, "mean_loss": 1.2064438242578508, "neg_mean_accuracy": -0.6015999913215637, "set_state_time_mean": NaN, "set_state_time_total": 0.0, "setup_model_time_mean": NaN, "setup_model_time_total": 0.0, "setup_proc_time_mean": NaN, "setup_proc_time_total": 0.0, "train_accuracy": 0.5982799530029297, "train_loss": 1.1189088717269897, "training_time_mean": NaN, "training_time_total": 0.0, "val_accuracy": 0.6015999913215637, "val_loss": 1.1281991693258286, "validation_time_mean": NaN, "validation_time_total": 0.0, "samples": 60000, "num_workers": 8, "done": false, "timesteps_total": null, "episodes_total": null, "training_iteration": 18, "neg_mean_loss": -1.2064438242578508, "experiment_id": "6085fba821934ec1ac4b3a5508f8dd5e", "date": "2019-06-06_14-27-03", "timestamp": 1559856423, "time_this_iter_s": 9.55058240890503, "time_total_s": 577.943562746048, "pid": 21288, "hostname": "steropes", "node_ip": "169.229.49.254", "config": {"starting_lr": 0.001, "momentum": 0.95, "weight_decay": 0.001, "steps_per_iteration": null, "pin": false, "model_creator": null, "target_batch_size": 128, "model_string": "resnet50", "min_batch_size": 128, "dataset": "CIFAR", "placement": null, "use_nccl": true, "devices_per_worker": 1, "primary_resource": "extra_gpu", "gpu": false, "verbose": false, "lr_config": {"mode": "log", "steps": 5, "initial_lr": 0.001, "target_lr": 0.0028284271247461905}, "batch_per_device": 128}, "time_since_restore": 32.46536040306091, "timesteps_since_restore": 0, "iterations_since_restore": 2, "mean_throughput": 3696.1945093737836, "atoms": 8, "setup_time": 57.86892509460449}
{"apply": 0.017700919508934022, "batch_time": 0.0724338173866272, "d2h": 0.0007347792387008665, "data_time": 0.00890723539858448, "fwd": 0.02962991595268249, "get_state_time_mean": NaN, "get_state_time_total": 0.0, "grad": 0.10495579540729524, "mean_accuracy": 0.58957998752594, "mean_loss": 1.1903282043385506, "neg_mean_accuracy": -0.5999999642372131, "set_state_time_mean": NaN, "set_state_time_total": 0.0, "setup_model_time_mean": NaN, "setup_model_time_total": 0.0, "setup_proc_time_mean": NaN, "setup_proc_time_total": 0.0, "train_accuracy": 0.6056199669837952, "train_loss": 1.1081597731542587, "training_time_mean": NaN, "training_time_total": 0.0, "val_accuracy": 0.5999999642372131, "val_loss": 1.1349949585318564, "validation_time_mean": NaN, "validation_time_total": 0.0, "samples": 60000, "num_workers": 8, "done": false, "timesteps_total": null, "episodes_total": null, "training_iteration": 19, "neg_mean_loss": -1.1903282043385506, "experiment_id": "6085fba821934ec1ac4b3a5508f8dd5e", "date": "2019-06-06_14-27-12", "timestamp": 1559856432, "time_this_iter_s": 9.462196111679077, "time_total_s": 587.405758857727, "pid": 21288, "hostname": "steropes", "node_ip": "169.229.49.254", "config": {"starting_lr": 0.001, "momentum": 0.95, "weight_decay": 0.001, "steps_per_iteration": null, "pin": false, "model_creator": null, "target_batch_size": 128, "model_string": "resnet50", "min_batch_size": 128, "dataset": "CIFAR", "placement": null, "use_nccl": true, "devices_per_worker": 1, "primary_resource": "extra_gpu", "gpu": false, "verbose": false, "lr_config": {"mode": "log", "steps": 5, "initial_lr": 0.001, "target_lr": 0.0028284271247461905}, "batch_per_device": 128}, "time_since_restore": 41.92755651473999, "timesteps_since_restore": 0, "iterations_since_restore": 3, "mean_throughput": 4293.064005569319, "atoms": 8, "setup_time": 57.86892509460449}
{"apply": 0.017940187454223634, "batch_time": 0.07253354489803314, "d2h": 0.0007641971111297608, "data_time": 0.009106757689495476, "fwd": 0.03176383376121521, "get_state_time_mean": NaN, "get_state_time_total": 0.0, "grad": 0.10451902747154236, "mean_accuracy": 0.594659972190857, "mean_loss": 1.1745671705293657, "neg_mean_accuracy": -0.6074999570846558, "set_state_time_mean": NaN, "set_state_time_total": 0.0, "setup_model_time_mean": NaN, "setup_model_time_total": 0.0, "setup_proc_time_mean": NaN, "setup_proc_time_total": 0.0, "train_accuracy": 0.6079399585723877, "train_loss": 1.0983601487612724, "training_time_mean": NaN, "training_time_total": 0.0, "val_accuracy": 0.6074999570846558, "val_loss": 1.1221413355469705, "validation_time_mean": NaN, "validation_time_total": 0.0, "samples": 60000, "num_workers": 8, "done": false, "timesteps_total": null, "episodes_total": null, "training_iteration": 20, "neg_mean_loss": -1.1745671705293657, "experiment_id": "6085fba821934ec1ac4b3a5508f8dd5e", "date": "2019-06-06_14-27-21", "timestamp": 1559856441, "time_this_iter_s": 9.306902885437012, "time_total_s": 596.7126617431641, "pid": 21288, "hostname": "steropes", "node_ip": "169.229.49.254", "config": {"starting_lr": 0.001, "momentum": 0.95, "weight_decay": 0.001, "steps_per_iteration": null, "pin": false, "model_creator": null, "target_batch_size": 128, "model_string": "resnet50", "min_batch_size": 128, "dataset": "CIFAR", "placement": null, "use_nccl": true, "devices_per_worker": 1, "primary_resource": "extra_gpu", "gpu": false, "verbose": false, "lr_config": {"mode": "log", "steps": 5, "initial_lr": 0.001, "target_lr": 0.0028284271247461905}, "batch_per_device": 128}, "time_since_restore": 51.234459400177, "timesteps_since_restore": 0, "iterations_since_restore": 4, "mean_throughput": 4684.2907685033315, "atoms": 8, "setup_time": 57.86892509460449}
{"apply": 0.017739918828010556, "batch_time": 0.0747667372226715, "d2h": 0.0007894039154052734, "data_time": 0.009041684622667275, "fwd": 0.03052729666233063, "get_state_time_mean": NaN, "get_state_time_total": 0.0, "grad": 0.1049720734357834, "mean_accuracy": 0.600879967212677, "mean_loss": 1.1399162182140352, "neg_mean_accuracy": -0.6005999445915222, "set_state_time_mean": NaN, "set_state_time_total": 0.0, "setup_model_time_mean": NaN, "setup_model_time_total": 0.0, "setup_proc_time_mean": NaN, "setup_proc_time_total": 0.0, "train_accuracy": 0.6116999983787537, "train_loss": 1.0882458196640015, "training_time_mean": NaN, "training_time_total": 0.0, "val_accuracy": 0.6005999445915222, "val_loss": 1.1664569900751114, "validation_time_mean": NaN, "validation_time_total": 0.0, "samples": 60000, "num_workers": 8, "done": false, "timesteps_total": null, "episodes_total": null, "training_iteration": 21, "neg_mean_loss": -1.1399162182140352, "experiment_id": "6085fba821934ec1ac4b3a5508f8dd5e", "date": "2019-06-06_14-27-31", "timestamp": 1559856451, "time_this_iter_s": 9.343786716461182, "time_total_s": 606.0564484596252, "pid": 21288, "hostname": "steropes", "node_ip": "169.229.49.254", "config": {"starting_lr": 0.001, "momentum": 0.95, "weight_decay": 0.001, "steps_per_iteration": null, "pin": false, "model_creator": null, "target_batch_size": 128, "model_string": "resnet50", "min_batch_size": 128, "dataset": "CIFAR", "placement": null, "use_nccl": true, "devices_per_worker": 1, "primary_resource": "extra_gpu", "gpu": false, "verbose": false, "lr_config": {"mode": "log", "steps": 5, "initial_lr": 0.001, "target_lr": 0.0028284271247461905}, "batch_per_device": 128}, "time_since_restore": 60.578246116638184, "timesteps_since_restore": 0, "iterations_since_restore": 5, "mean_throughput": 4952.215547903315, "atoms": 8, "setup_time": 57.86892509460449}
{"apply": 0.017741572856903077, "batch_time": 0.06990062296390533, "d2h": 0.0008104652166366577, "data_time": 0.009260154500299569, "fwd": 0.030234625935554503, "get_state_time_mean": NaN, "get_state_time_total": 0.0, "grad": 0.10692287087440491, "mean_accuracy": 0.6038999557495117, "mean_loss": 1.134538568239212, "neg_mean_accuracy": -0.6097999215126038, "set_state_time_mean": NaN, "set_state_time_total": 0.0, "setup_model_time_mean": NaN, "setup_model_time_total": 0.0, "setup_proc_time_mean": NaN, "setup_proc_time_total": 0.0, "train_accuracy": 0.6093599796295166, "train_loss": 1.0897711088705062, "training_time_mean": NaN, "training_time_total": 0.0, "val_accuracy": 0.6097999215126038, "val_loss": 1.1209003877162933, "validation_time_mean": NaN, "validation_time_total": 0.0, "samples": 60000, "num_workers": 8, "done": false, "timesteps_total": null, "episodes_total": null, "training_iteration": 22, "neg_mean_loss": -1.134538568239212, "experiment_id": "6085fba821934ec1ac4b3a5508f8dd5e", "date": "2019-06-06_14-27-40", "timestamp": 1559856460, "time_this_iter_s": 9.449872255325317, "time_total_s": 615.5063207149506, "pid": 21288, "hostname": "steropes", "node_ip": "169.229.49.254", "config": {"starting_lr": 0.001, "momentum": 0.95, "weight_decay": 0.001, "steps_per_iteration": null, "pin": false, "model_creator": null, "target_batch_size": 128, "model_string": "resnet50", "min_batch_size": 128, "dataset": "CIFAR", "placement": null, "use_nccl": true, "devices_per_worker": 1, "primary_resource": "extra_gpu", "gpu": false, "verbose": false, "lr_config": {"mode": "log", "steps": 5, "initial_lr": 0.001, "target_lr": 0.0028284271247461905}, "batch_per_device": 128}, "time_since_restore": 70.0281183719635, "timesteps_since_restore": 0, "iterations_since_restore": 6, "mean_throughput": 6367.568984778074, "atoms": 8, "setup_time": 57.86892509460449}
{"apply": 0.018037474155426024, "batch_time": 0.07688646912574769, "d2h": 0.0007677674293518066, "data_time": 0.009025710577867468, "fwd": 0.03015289306640625, "get_state_time_mean": NaN, "get_state_time_total": 0.0, "grad": 0.10934402048587799, "mean_accuracy": 0.6058199524879455, "mean_loss": 1.1288269423961639, "neg_mean_accuracy": -0.6111999750137329, "set_state_time_mean": NaN, "set_state_time_total": 0.0, "setup_model_time_mean": NaN, "setup_model_time_total": 0.0, "setup_proc_time_mean": NaN, "setup_proc_time_total": 0.0, "train_accuracy": 0.6167200207710266, "train_loss": 1.0700513457274434, "training_time_mean": NaN, "training_time_total": 0.0, "val_accuracy": 0.6111999750137329, "val_loss": 1.099641040110588, "validation_time_mean": NaN, "validation_time_total": 0.0, "samples": 60000, "num_workers": 8, "done": false, "timesteps_total": null, "episodes_total": null, "training_iteration": 23, "neg_mean_loss": -1.1288269423961639, "experiment_id": "6085fba821934ec1ac4b3a5508f8dd5e", "date": "2019-06-06_14-27-49", "timestamp": 1559856469, "time_this_iter_s": 9.358323812484741, "time_total_s": 624.8646445274353, "pid": 21288, "hostname": "steropes", "node_ip": "169.229.49.254", "config": {"starting_lr": 0.001, "momentum": 0.95, "weight_decay": 0.001, "steps_per_iteration": null, "pin": false, "model_creator": null, "target_batch_size": 128, "model_string": "resnet50", "min_batch_size": 128, "dataset": "CIFAR", "placement": null, "use_nccl": true, "devices_per_worker": 1, "primary_resource": "extra_gpu", "gpu": false, "verbose": false, "lr_config": {"mode": "log", "steps": 5, "initial_lr": 0.001, "target_lr": 0.0028284271247461905}, "batch_per_device": 128}, "time_since_restore": 79.38644218444824, "timesteps_since_restore": 0, "iterations_since_restore": 7, "mean_throughput": 6393.65973783139, "atoms": 8, "setup_time": 57.86892509460449}
{"apply": 0.017907801270484927, "batch_time": 0.07049202024936675, "d2h": 0.0007371693849563598, "data_time": 0.009014451990322192, "fwd": 0.03092373907566071, "get_state_time_mean": NaN, "get_state_time_total": 0.0, "grad": 0.10597712397575379, "mean_accuracy": 0.6062799453735351, "mean_loss": 1.1244887583255767, "neg_mean_accuracy": -0.6022999286651611, "set_state_time_mean": NaN, "set_state_time_total": 0.0, "setup_model_time_mean": NaN, "setup_model_time_total": 0.0, "setup_proc_time_mean": NaN, "setup_proc_time_total": 0.0, "train_accuracy": 0.6209399700164795, "train_loss": 1.0650638226795197, "training_time_mean": NaN, "training_time_total": 0.0, "val_accuracy": 0.6022999286651611, "val_loss": 1.1133040381789208, "validation_time_mean": NaN, "validation_time_total": 0.0, "samples": 60000, "num_workers": 8, "done": false, "timesteps_total": null, "episodes_total": null, "training_iteration": 24, "neg_mean_loss": -1.1244887583255767, "experiment_id": "6085fba821934ec1ac4b3a5508f8dd5e", "date": "2019-06-06_14-27-59", "timestamp": 1559856479, "time_this_iter_s": 9.36058521270752, "time_total_s": 634.2252297401428, "pid": 21288, "hostname": "steropes", "node_ip": "169.229.49.254", "config": {"starting_lr": 0.001, "momentum": 0.95, "weight_decay": 0.001, "steps_per_iteration": null, "pin": false, "model_creator": null, "target_batch_size": 128, "model_string": "resnet50", "min_batch_size": 128, "dataset": "CIFAR", "placement": null, "use_nccl": true, "devices_per_worker": 1, "primary_resource": "extra_gpu", "gpu": false, "verbose": false, "lr_config": {"mode": "log", "steps": 5, "initial_lr": 0.001, "target_lr": 0.0028284271247461905}, "batch_per_device": 128}, "time_since_restore": 88.74702739715576, "timesteps_since_restore": 0, "iterations_since_restore": 8, "mean_throughput": 6407.535195948894, "atoms": 8, "setup_time": 57.86892509460449}
{"apply": 0.017926737666130066, "batch_time": 0.07357764840126037, "d2h": 0.000775289535522461, "data_time": 0.009229546906996745, "fwd": 0.03161123096942902, "get_state_time_mean": NaN, "get_state_time_total": 0.0, "grad": 0.10536716878414154, "mean_accuracy": 0.6060599565505982, "mean_loss": 1.1222963918209075, "neg_mean_accuracy": -0.6064000129699707, "set_state_time_mean": NaN, "set_state_time_total": 0.0, "setup_model_time_mean": NaN, "setup_model_time_total": 0.0, "setup_proc_time_mean": NaN, "setup_proc_time_total": 0.0, "train_accuracy": 0.6261399984359741, "train_loss": 1.053031513030529, "training_time_mean": NaN, "training_time_total": 0.0, "val_accuracy": 0.6064000129699707, "val_loss": 1.1111795030236244, "validation_time_mean": NaN, "validation_time_total": 0.0, "samples": 60000, "num_workers": 8, "done": false, "timesteps_total": null, "episodes_total": null, "training_iteration": 25, "neg_mean_loss": -1.1222963918209075, "experiment_id": "6085fba821934ec1ac4b3a5508f8dd5e", "date": "2019-06-06_14-28-08", "timestamp": 1559856488, "time_this_iter_s": 9.436593532562256, "time_total_s": 643.6618232727051, "pid": 21288, "hostname": "steropes", "node_ip": "169.229.49.254", "config": {"starting_lr": 0.001, "momentum": 0.95, "weight_decay": 0.001, "steps_per_iteration": null, "pin": false, "model_creator": null, "target_batch_size": 128, "model_string": "resnet50", "min_batch_size": 128, "dataset": "CIFAR", "placement": null, "use_nccl": true, "devices_per_worker": 1, "primary_resource": "extra_gpu", "gpu": false, "verbose": false, "lr_config": {"mode": "log", "steps": 5, "initial_lr": 0.001, "target_lr": 0.0028284271247461905}, "batch_per_device": 128}, "time_since_restore": 98.18362092971802, "timesteps_since_restore": 0, "iterations_since_restore": 9, "mean_throughput": 6389.827003326593, "atoms": 8, "setup_time": 57.86892509460449}
{"apply": 0.017675513029098512, "batch_time": 0.07150686979293823, "d2h": 0.0007467806339263917, "data_time": 0.008949212273772881, "fwd": 0.03070821464061737, "get_state_time_mean": NaN, "get_state_time_total": 0.0, "grad": 0.10308994054794311, "mean_accuracy": 0.6080599665641785, "mean_loss": 1.1115749034261704, "neg_mean_accuracy": -0.6105999946594238, "set_state_time_mean": NaN, "set_state_time_total": 0.0, "setup_model_time_mean": NaN, "setup_model_time_total": 0.0, "setup_proc_time_mean": NaN, "setup_proc_time_total": 0.0, "train_accuracy": 0.627020001411438, "train_loss": 1.0465378033065795, "training_time_mean": NaN, "training_time_total": 0.0, "val_accuracy": 0.6105999946594238, "val_loss": 1.1128495481014251, "validation_time_mean": NaN, "validation_time_total": 0.0, "samples": 60000, "num_workers": 8, "done": false, "timesteps_total": null, "episodes_total": null, "training_iteration": 26, "neg_mean_loss": -1.1115749034261704, "experiment_id": "6085fba821934ec1ac4b3a5508f8dd5e", "date": "2019-06-06_14-28-18", "timestamp": 1559856498, "time_this_iter_s": 9.557674407958984, "time_total_s": 653.2194976806641, "pid": 21288, "hostname": "steropes", "node_ip": "169.229.49.254", "config": {"starting_lr": 0.001, "momentum": 0.95, "weight_decay": 0.001, "steps_per_iteration": null, "pin": false, "model_creator": null, "target_batch_size": 128, "model_string": "resnet50", "min_batch_size": 128, "dataset": "CIFAR", "placement": null, "use_nccl": true, "devices_per_worker": 1, "primary_resource": "extra_gpu", "gpu": false, "verbose": false, "lr_config": {"mode": "log", "steps": 5, "initial_lr": 0.001, "target_lr": 0.0028284271247461905}, "batch_per_device": 128}, "time_since_restore": 107.741295337677, "timesteps_since_restore": 0, "iterations_since_restore": 10, "mean_throughput": 6360.847535302458, "atoms": 8, "setup_time": 57.86892509460449}
{"apply": 0.018018075823783872, "batch_time": 0.07288728952407839, "d2h": 0.0007300972938537598, "data_time": 0.008866848386063868, "fwd": 0.03292943239212036, "get_state_time_mean": NaN, "get_state_time_total": 0.0, "grad": 0.10369185805320741, "mean_accuracy": 0.6096399903297425, "mean_loss": 1.1029581866598128, "neg_mean_accuracy": -0.6177000403404236, "set_state_time_mean": NaN, "set_state_time_total": 0.0, "setup_model_time_mean": NaN, "setup_model_time_total": 0.0, "setup_proc_time_mean": NaN, "setup_proc_time_total": 0.0, "train_accuracy": 0.6294399499893188, "train_loss": 1.0364474394536018, "training_time_mean": NaN, "training_time_total": 0.0, "val_accuracy": 0.6177000403404236, "val_loss": 1.0778168038845062, "validation_time_mean": NaN, "validation_time_total": 0.0, "samples": 60000, "num_workers": 8, "done": false, "timesteps_total": null, "episodes_total": null, "training_iteration": 27, "neg_mean_loss": -1.1029581866598128, "experiment_id": "6085fba821934ec1ac4b3a5508f8dd5e", "date": "2019-06-06_14-28-27", "timestamp": 1559856507, "time_this_iter_s": 9.38562536239624, "time_total_s": 662.6051230430603, "pid": 21288, "hostname": "steropes", "node_ip": "169.229.49.254", "config": {"starting_lr": 0.001, "momentum": 0.95, "weight_decay": 0.001, "steps_per_iteration": null, "pin": false, "model_creator": null, "target_batch_size": 128, "model_string": "resnet50", "min_batch_size": 128, "dataset": "CIFAR", "placement": null, "use_nccl": true, "devices_per_worker": 1, "primary_resource": "extra_gpu", "gpu": false, "verbose": false, "lr_config": {"mode": "log", "steps": 5, "initial_lr": 0.001, "target_lr": 0.0028284271247461905}, "batch_per_device": 128}, "time_since_restore": 117.12692070007324, "timesteps_since_restore": 0, "iterations_since_restore": 11, "mean_throughput": 6369.524104028647, "atoms": 8, "setup_time": 57.86892509460449}
{"apply": 0.017521220445632934, "batch_time": 0.06928490698337555, "d2h": 0.0007820427417755127, "data_time": 0.008819552708645257, "fwd": 0.02965490221977234, "get_state_time_mean": NaN, "get_state_time_total": 0.0, "grad": 0.10356028079986572, "mean_accuracy": 0.6103999972343445, "mean_loss": 1.100760227894783, "neg_mean_accuracy": -0.6150000095367432, "set_state_time_mean": NaN, "set_state_time_total": 0.0, "setup_model_time_mean": NaN, "setup_model_time_total": 0.0, "setup_proc_time_mean": NaN, "setup_proc_time_total": 0.0, "train_accuracy": 0.6333000063896179, "train_loss": 1.0229098258781435, "training_time_mean": NaN, "training_time_total": 0.0, "val_accuracy": 0.6150000095367432, "val_loss": 1.0886512462854385, "validation_time_mean": NaN, "validation_time_total": 0.0, "samples": 60000, "num_workers": 8, "done": false, "timesteps_total": null, "episodes_total": null, "training_iteration": 28, "neg_mean_loss": -1.100760227894783, "experiment_id": "6085fba821934ec1ac4b3a5508f8dd5e", "date": "2019-06-06_14-28-37", "timestamp": 1559856517, "time_this_iter_s": 9.320231676101685, "time_total_s": 671.925354719162, "pid": 21288, "hostname": "steropes", "node_ip": "169.229.49.254", "config": {"starting_lr": 0.001, "momentum": 0.95, "weight_decay": 0.001, "steps_per_iteration": null, "pin": false, "model_creator": null, "target_batch_size": 128, "model_string": "resnet50", "min_batch_size": 128, "dataset": "CIFAR", "placement": null, "use_nccl": true, "devices_per_worker": 1, "primary_resource": "extra_gpu", "gpu": false, "verbose": false, "lr_config": {"mode": "log", "steps": 5, "initial_lr": 0.001, "target_lr": 0.0028284271247461905}, "batch_per_device": 128}, "time_since_restore": 126.44715237617493, "timesteps_since_restore": 0, "iterations_since_restore": 12, "mean_throughput": 6374.680513956347, "atoms": 8, "setup_time": 57.86892509460449}
{"apply": 0.017999669909477236, "batch_time": 0.07188143134117127, "d2h": 0.0007524341344833374, "data_time": 0.008727394804662588, "fwd": 0.030442014336585995, "get_state_time_mean": NaN, "get_state_time_total": 0.0, "grad": 0.10692025423049928, "mean_accuracy": 0.6127800107002258, "mean_loss": 1.0996221108102797, "neg_mean_accuracy": -0.6141999959945679, "set_state_time_mean": NaN, "set_state_time_total": 0.0, "setup_model_time_mean": NaN, "setup_model_time_total": 0.0, "setup_proc_time_mean": NaN, "setup_proc_time_total": 0.0, "train_accuracy": 0.635960042476654, "train_loss": 1.016661214644909, "training_time_mean": NaN, "training_time_total": 0.0, "val_accuracy": 0.6141999959945679, "val_loss": 1.107613452756405, "validation_time_mean": NaN, "validation_time_total": 0.0, "samples": 60000, "num_workers": 8, "done": false, "timesteps_total": null, "episodes_total": null, "training_iteration": 29, "neg_mean_loss": -1.0996221108102797, "experiment_id": "6085fba821934ec1ac4b3a5508f8dd5e", "date": "2019-06-06_14-28-46", "timestamp": 1559856526, "time_this_iter_s": 9.364476919174194, "time_total_s": 681.2898316383362, "pid": 21288, "hostname": "steropes", "node_ip": "169.229.49.254", "config": {"starting_lr": 0.001, "momentum": 0.95, "weight_decay": 0.001, "steps_per_iteration": null, "pin": false, "model_creator": null, "target_batch_size": 128, "model_string": "resnet50", "min_batch_size": 128, "dataset": "CIFAR", "placement": null, "use_nccl": true, "devices_per_worker": 1, "primary_resource": "extra_gpu", "gpu": false, "verbose": false, "lr_config": {"mode": "log", "steps": 5, "initial_lr": 0.001, "target_lr": 0.0028284271247461905}, "batch_per_device": 128}, "time_since_restore": 135.81162929534912, "timesteps_since_restore": 0, "iterations_since_restore": 13, "mean_throughput": 6374.153857831505, "atoms": 8, "setup_time": 57.86892509460449}
{"apply": 0.01812821626663208, "batch_time": 0.07106026113033295, "d2h": 0.000736483931541443, "data_time": 0.0090289797101702, "fwd": 0.03158282041549682, "get_state_time_mean": NaN, "get_state_time_total": 0.0, "grad": 0.10544379949569702, "mean_accuracy": 0.6151600122451782, "mean_loss": 1.0916346704268456, "neg_mean_accuracy": -0.6183000206947327, "set_state_time_mean": NaN, "set_state_time_total": 0.0, "setup_model_time_mean": NaN, "setup_model_time_total": 0.0, "setup_proc_time_mean": NaN, "setup_proc_time_total": 0.0, "train_accuracy": 0.6416799426078796, "train_loss": 1.0121294193816184, "training_time_mean": NaN, "training_time_total": 0.0, "val_accuracy": 0.6183000206947327, "val_loss": 1.071242301106453, "validation_time_mean": NaN, "validation_time_total": 0.0, "samples": 60000, "num_workers": 8, "done": false, "timesteps_total": null, "episodes_total": null, "training_iteration": 30, "neg_mean_loss": -1.0916346704268456, "experiment_id": "6085fba821934ec1ac4b3a5508f8dd5e", "date": "2019-06-06_14-28-55", "timestamp": 1559856535, "time_this_iter_s": 9.397268295288086, "time_total_s": 690.6870999336243, "pid": 21288, "hostname": "steropes", "node_ip": "169.229.49.254", "config": {"starting_lr": 0.001, "momentum": 0.95, "weight_decay": 0.001, "steps_per_iteration": null, "pin": false, "model_creator": null, "target_batch_size": 128, "model_string": "resnet50", "min_batch_size": 128, "dataset": "CIFAR", "placement": null, "use_nccl": true, "devices_per_worker": 1, "primary_resource": "extra_gpu", "gpu": false, "verbose": false, "lr_config": {"mode": "log", "steps": 5, "initial_lr": 0.001, "target_lr": 0.0028284271247461905}, "batch_per_device": 128}, "time_since_restore": 145.2088975906372, "timesteps_since_restore": 0, "iterations_since_restore": 14, "mean_throughput": 6379.492130164837, "atoms": 8, "setup_time": 57.86892509460449}
{"apply": 0.017630118131637573, "batch_time": 0.07065951526165008, "d2h": 0.0007340252399444581, "data_time": 0.009050500027987423, "fwd": 0.031151667237281796, "get_state_time_mean": NaN, "get_state_time_total": 0.0, "grad": 0.10510218143463135, "mean_accuracy": 0.6190000176429749, "mean_loss": 1.0814604652047157, "neg_mean_accuracy": -0.629800021648407, "set_state_time_mean": NaN, "set_state_time_total": 0.0, "setup_model_time_mean": NaN, "setup_model_time_total": 0.0, "setup_proc_time_mean": NaN, "setup_proc_time_total": 0.0, "train_accuracy": 0.640500009059906, "train_loss": 1.0010571643280983, "training_time_mean": NaN, "training_time_total": 0.0, "val_accuracy": 0.629800021648407, "val_loss": 1.061978521990776, "validation_time_mean": NaN, "validation_time_total": 0.0, "samples": 60000, "num_workers": 8, "done": false, "timesteps_total": null, "episodes_total": null, "training_iteration": 31, "neg_mean_loss": -1.0814604652047157, "experiment_id": "6085fba821934ec1ac4b3a5508f8dd5e", "date": "2019-06-06_14-29-05", "timestamp": 1559856545, "time_this_iter_s": 9.383338451385498, "time_total_s": 700.0704383850098, "pid": 21288, "hostname": "steropes", "node_ip": "169.229.49.254", "config": {"starting_lr": 0.001, "momentum": 0.95, "weight_decay": 0.001, "steps_per_iteration": null, "pin": false, "model_creator": null, "target_batch_size": 128, "model_string": "resnet50", "min_batch_size": 128, "dataset": "CIFAR", "placement": null, "use_nccl": true, "devices_per_worker": 1, "primary_resource": "extra_gpu", "gpu": false, "verbose": false, "lr_config": {"mode": "log", "steps": 5, "initial_lr": 0.001, "target_lr": 0.0028284271247461905}, "batch_per_device": 128}, "time_since_restore": 154.5922360420227, "timesteps_since_restore": 0, "iterations_since_restore": 15, "mean_throughput": 6403.231774337603, "atoms": 8, "setup_time": 57.86892509460449}
{"apply": 0.017700657248497006, "batch_time": 0.06956122517585756, "d2h": 0.0007614254951477051, "data_time": 0.008836546114512851, "fwd": 0.03086694777011871, "get_state_time_mean": NaN, "get_state_time_total": 0.0, "grad": 0.10752437710762022, "mean_accuracy": 0.6208199977874755, "mean_loss": 1.077165794417858, "neg_mean_accuracy": -0.6267999410629272, "set_state_time_mean": NaN, "set_state_time_total": 0.0, "setup_model_time_mean": NaN, "setup_model_time_total": 0.0, "setup_proc_time_mean": NaN, "setup_proc_time_total": 0.0, "train_accuracy": 0.6444199681282043, "train_loss": 0.9967401243042946, "training_time_mean": NaN, "training_time_total": 0.0, "val_accuracy": 0.6267999410629272, "val_loss": 1.0563434499502182, "validation_time_mean": NaN, "validation_time_total": 0.0, "samples": 60000, "num_workers": 8, "done": false, "timesteps_total": null, "episodes_total": null, "training_iteration": 32, "neg_mean_loss": -1.077165794417858, "experiment_id": "6085fba821934ec1ac4b3a5508f8dd5e", "date": "2019-06-06_14-29-14", "timestamp": 1559856554, "time_this_iter_s": 9.323984384536743, "time_total_s": 709.3944227695465, "pid": 21288, "hostname": "steropes", "node_ip": "169.229.49.254", "config": {"starting_lr": 0.001, "momentum": 0.95, "weight_decay": 0.001, "steps_per_iteration": null, "pin": false, "model_creator": null, "target_batch_size": 128, "model_string": "resnet50", "min_batch_size": 128, "dataset": "CIFAR", "placement": null, "use_nccl": true, "devices_per_worker": 1, "primary_resource": "extra_gpu", "gpu": false, "verbose": false, "lr_config": {"mode": "log", "steps": 5, "initial_lr": 0.001, "target_lr": 0.0028284271247461905}, "batch_per_device": 128}, "time_since_restore": 163.91622042655945, "timesteps_since_restore": 0, "iterations_since_restore": 16, "mean_throughput": 6411.666475363309, "atoms": 8, "setup_time": 57.86892509460449}
{"apply": 0.01753623485565186, "batch_time": 0.06957144737243653, "d2h": 0.0007093846797943114, "data_time": 0.009064975441718588, "fwd": 0.029405882954597472, "get_state_time_mean": NaN, "get_state_time_total": 0.0, "grad": 0.10194015204906463, "mean_accuracy": 0.6232799887657166, "mean_loss": 1.0746448485922815, "neg_mean_accuracy": -0.627299964427948, "set_state_time_mean": NaN, "set_state_time_total": 0.0, "setup_model_time_mean": NaN, "setup_model_time_total": 0.0, "setup_proc_time_mean": NaN, "setup_proc_time_total": 0.0, "train_accuracy": 0.6480600237846375, "train_loss": 0.985042833504677, "training_time_mean": NaN, "training_time_total": 0.0, "val_accuracy": 0.627299964427948, "val_loss": 1.0760465171575546, "validation_time_mean": NaN, "validation_time_total": 0.0, "samples": 60000, "num_workers": 8, "done": false, "timesteps_total": null, "episodes_total": null, "training_iteration": 33, "neg_mean_loss": -1.0746448485922815, "experiment_id": "6085fba821934ec1ac4b3a5508f8dd5e", "date": "2019-06-06_14-29-23", "timestamp": 1559856563, "time_this_iter_s": 9.304807662963867, "time_total_s": 718.6992304325104, "pid": 21288, "hostname": "steropes", "node_ip": "169.229.49.254", "config": {"starting_lr": 0.001, "momentum": 0.95, "weight_decay": 0.001, "steps_per_iteration": null, "pin": false, "model_creator": null, "target_batch_size": 128, "model_string": "resnet50", "min_batch_size": 128, "dataset": "CIFAR", "placement": null, "use_nccl": true, "devices_per_worker": 1, "primary_resource": "extra_gpu", "gpu": false, "verbose": false, "lr_config": {"mode": "log", "steps": 5, "initial_lr": 0.001, "target_lr": 0.0028284271247461905}, "batch_per_device": 128}, "time_since_restore": 173.22102808952332, "timesteps_since_restore": 0, "iterations_since_restore": 17, "mean_throughput": 6413.780095005451, "atoms": 8, "setup_time": 57.86892509460449}
{"apply": 0.01813565194606781, "batch_time": 0.07023645639419555, "d2h": 0.0007311224937438965, "data_time": 0.00908364690079981, "fwd": 0.031134057044982913, "get_state_time_mean": NaN, "get_state_time_total": 0.0, "grad": 0.10725114941596985, "mean_accuracy": 0.6255999803543091, "mean_loss": 1.0675361451244356, "neg_mean_accuracy": -0.6257999539375305, "set_state_time_mean": NaN, "set_state_time_total": 0.0, "setup_model_time_mean": NaN, "setup_model_time_total": 0.0, "setup_proc_time_mean": NaN, "setup_proc_time_total": 0.0, "train_accuracy": 0.653499960899353, "train_loss": 0.9742341751933098, "training_time_mean": NaN, "training_time_total": 0.0, "val_accuracy": 0.6257999539375305, "val_loss": 1.0720699354171752, "validation_time_mean": NaN, "validation_time_total": 0.0, "samples": 60000, "num_workers": 8, "done": false, "timesteps_total": null, "episodes_total": null, "training_iteration": 34, "neg_mean_loss": -1.0675361451244356, "experiment_id": "6085fba821934ec1ac4b3a5508f8dd5e", "date": "2019-06-06_14-29-33", "timestamp": 1559856573, "time_this_iter_s": 9.247653245925903, "time_total_s": 727.9468836784363, "pid": 21288, "hostname": "steropes", "node_ip": "169.229.49.254", "config": {"starting_lr": 0.001, "momentum": 0.95, "weight_decay": 0.001, "steps_per_iteration": null, "pin": false, "model_creator": null, "target_batch_size": 128, "model_string": "resnet50", "min_batch_size": 128, "dataset": "CIFAR", "placement": null, "use_nccl": true, "devices_per_worker": 1, "primary_resource": "extra_gpu", "gpu": false, "verbose": false, "lr_config": {"mode": "log", "steps": 5, "initial_lr": 0.001, "target_lr": 0.0028284271247461905}, "batch_per_device": 128}, "time_since_restore": 182.46868133544922, "timesteps_since_restore": 0, "iterations_since_restore": 18, "mean_throughput": 6429.82999222559, "atoms": 8, "setup_time": 57.86892509460449}
{"apply": 0.017717310786247255, "batch_time": 0.07297176718711852, "d2h": 0.0007038474082946776, "data_time": 0.008875655276434762, "fwd": 0.030781784653663637, "get_state_time_mean": NaN, "get_state_time_total": 0.0, "grad": 0.10675449073314666, "mean_accuracy": 0.6288599729537964, "mean_loss": 1.0635910732269287, "neg_mean_accuracy": -0.6345999836921692, "set_state_time_mean": NaN, "set_state_time_total": 0.0, "setup_model_time_mean": NaN, "setup_model_time_total": 0.0, "setup_proc_time_mean": NaN, "setup_proc_time_total": 0.0, "train_accuracy": 0.6613999605178833, "train_loss": 0.9586128777623175, "training_time_mean": NaN, "training_time_total": 0.0, "val_accuracy": 0.6345999836921692, "val_loss": 1.0515169416189194, "validation_time_mean": NaN, "validation_time_total": 0.0, "samples": 60000, "num_workers": 8, "done": false, "timesteps_total": null, "episodes_total": null, "training_iteration": 35, "neg_mean_loss": -1.0635910732269287, "experiment_id": "6085fba821934ec1ac4b3a5508f8dd5e", "date": "2019-06-06_14-29-42", "timestamp": 1559856582, "time_this_iter_s": 9.2627112865448, "time_total_s": 737.2095949649811, "pid": 21288, "hostname": "steropes", "node_ip": "169.229.49.254", "config": {"starting_lr": 0.001, "momentum": 0.95, "weight_decay": 0.001, "steps_per_iteration": null, "pin": false, "model_creator": null, "target_batch_size": 128, "model_string": "resnet50", "min_batch_size": 128, "dataset": "CIFAR", "placement": null, "use_nccl": true, "devices_per_worker": 1, "primary_resource": "extra_gpu", "gpu": false, "verbose": false, "lr_config": {"mode": "log", "steps": 5, "initial_lr": 0.001, "target_lr": 0.0028284271247461905}, "batch_per_device": 128}, "time_since_restore": 191.73139262199402, "timesteps_since_restore": 0, "iterations_since_restore": 19, "mean_throughput": 6448.425309970126, "atoms": 8, "setup_time": 57.86892509460449}
{"apply": 0.017813363671302793, "batch_time": 0.0797660380601883, "d2h": 0.0007693737745285035, "data_time": 0.008868371345558946, "fwd": 0.029863288998603823, "get_state_time_mean": NaN, "get_state_time_total": 0.0, "grad": 0.10380946993827819, "mean_accuracy": 0.6303199648857116, "mean_loss": 1.0596373331403732, "neg_mean_accuracy": -0.6370999813079834, "set_state_time_mean": NaN, "set_state_time_total": 0.0, "setup_model_time_mean": NaN, "setup_model_time_total": 0.0, "setup_proc_time_mean": NaN, "setup_proc_time_total": 0.0, "train_accuracy": 0.6606199741363525, "train_loss": 0.9522553986024858, "training_time_mean": NaN, "training_time_total": 0.0, "val_accuracy": 0.6370999813079834, "val_loss": 1.0422098215579987, "validation_time_mean": NaN, "validation_time_total": 0.0, "samples": 60000, "num_workers": 8, "done": false, "timesteps_total": null, "episodes_total": null, "training_iteration": 36, "neg_mean_loss": -1.0596373331403732, "experiment_id": "6085fba821934ec1ac4b3a5508f8dd5e", "date": "2019-06-06_14-29-51", "timestamp": 1559856591, "time_this_iter_s": 9.280896663665771, "time_total_s": 746.4904916286469, "pid": 21288, "hostname": "steropes", "node_ip": "169.229.49.254", "config": {"starting_lr": 0.001, "momentum": 0.95, "weight_decay": 0.001, "steps_per_iteration": null, "pin": false, "model_creator": null, "target_batch_size": 128, "model_string": "resnet50", "min_batch_size": 128, "dataset": "CIFAR", "placement": null, "use_nccl": true, "devices_per_worker": 1, "primary_resource": "extra_gpu", "gpu": false, "verbose": false, "lr_config": {"mode": "log", "steps": 5, "initial_lr": 0.001, "target_lr": 0.0028284271247461905}, "batch_per_device": 128}, "time_since_restore": 201.0122892856598, "timesteps_since_restore": 0, "iterations_since_restore": 20, "mean_throughput": 6462.655259984095, "atoms": 8, "setup_time": 57.86892509460449}
{"apply": 0.017556846141815182, "batch_time": 0.07295222282409669, "d2h": 0.0007565289735794067, "data_time": 0.009009523659336324, "fwd": 0.030270859599113464, "get_state_time_mean": NaN, "get_state_time_total": 0.0, "grad": 0.10444035530090331, "mean_accuracy": 0.6324599862098694, "mean_loss": 1.055242743010521, "neg_mean_accuracy": -0.6375000476837158, "set_state_time_mean": NaN, "set_state_time_total": 0.0, "setup_model_time_mean": NaN, "setup_model_time_total": 0.0, "setup_proc_time_mean": NaN, "setup_proc_time_total": 0.0, "train_accuracy": 0.6628799438476562, "train_loss": 0.9450273747348786, "training_time_mean": NaN, "training_time_total": 0.0, "val_accuracy": 0.6375000476837158, "val_loss": 1.0343704993009566, "validation_time_mean": NaN, "validation_time_total": 0.0, "samples": 60000, "num_workers": 8, "done": false, "timesteps_total": null, "episodes_total": null, "training_iteration": 37, "neg_mean_loss": -1.055242743010521, "experiment_id": "6085fba821934ec1ac4b3a5508f8dd5e", "date": "2019-06-06_14-30-00", "timestamp": 1559856600, "time_this_iter_s": 9.19687008857727, "time_total_s": 755.6873617172241, "pid": 21288, "hostname": "steropes", "node_ip": "169.229.49.254", "config": {"starting_lr": 0.001, "momentum": 0.95, "weight_decay": 0.001, "steps_per_iteration": null, "pin": false, "model_creator": null, "target_batch_size": 128, "model_string": "resnet50", "min_batch_size": 128, "dataset": "CIFAR", "placement": null, "use_nccl": true, "devices_per_worker": 1, "primary_resource": "extra_gpu", "gpu": false, "verbose": false, "lr_config": {"mode": "log", "steps": 5, "initial_lr": 0.001, "target_lr": 0.0028284271247461905}, "batch_per_device": 128}, "time_since_restore": 210.20915937423706, "timesteps_since_restore": 0, "iterations_since_restore": 21, "mean_throughput": 6480.401936260611, "atoms": 8, "setup_time": 57.86892509460449}
{"apply": 0.017554792761802673, "batch_time": 0.07966916859149933, "d2h": 0.0008208870887756348, "data_time": 0.008915156126022339, "fwd": 0.02962272763252258, "get_state_time_mean": NaN, "get_state_time_total": 0.0, "grad": 0.1046458750963211, "mean_accuracy": 0.6352999925613403, "mean_loss": 1.0484128700113298, "neg_mean_accuracy": -0.6414999961853027, "set_state_time_mean": NaN, "set_state_time_total": 0.0, "setup_model_time_mean": NaN, "setup_model_time_total": 0.0, "setup_proc_time_mean": NaN, "setup_proc_time_total": 0.0, "train_accuracy": 0.6638399362564087, "train_loss": 0.9378054990196227, "training_time_mean": NaN, "training_time_total": 0.0, "val_accuracy": 0.6414999961853027, "val_loss": 1.0418971521615983, "validation_time_mean": NaN, "validation_time_total": 0.0, "samples": 60000, "num_workers": 8, "done": false, "timesteps_total": null, "episodes_total": null, "training_iteration": 38, "neg_mean_loss": -1.0484128700113298, "experiment_id": "6085fba821934ec1ac4b3a5508f8dd5e", "date": "2019-06-06_14-30-10", "timestamp": 1559856610, "time_this_iter_s": 9.338905096054077, "time_total_s": 765.0262668132782, "pid": 21288, "hostname": "steropes", "node_ip": "169.229.49.254", "config": {"starting_lr": 0.001, "momentum": 0.95, "weight_decay": 0.001, "steps_per_iteration": null, "pin": false, "model_creator": null, "target_batch_size": 128, "model_string": "resnet50", "min_batch_size": 128, "dataset": "CIFAR", "placement": null, "use_nccl": true, "devices_per_worker": 1, "primary_resource": "extra_gpu", "gpu": false, "verbose": false, "lr_config": {"mode": "log", "steps": 5, "initial_lr": 0.001, "target_lr": 0.0028284271247461905}, "batch_per_device": 128}, "time_since_restore": 219.54806447029114, "timesteps_since_restore": 0, "iterations_since_restore": 22, "mean_throughput": 6475.632541024742, "atoms": 8, "setup_time": 57.86892509460449}
{"apply": 0.017527884244918822, "batch_time": 0.0747347503900528, "d2h": 0.0007940024137496948, "data_time": 0.008925730476574021, "fwd": 0.031008276343345645, "get_state_time_mean": NaN, "get_state_time_total": 0.0, "grad": 0.10378649830818176, "mean_accuracy": 0.6398800015449524, "mean_loss": 1.036481634747982, "neg_mean_accuracy": -0.6486999988555908, "set_state_time_mean": NaN, "set_state_time_total": 0.0, "setup_model_time_mean": NaN, "setup_model_time_total": 0.0, "setup_proc_time_mean": NaN, "setup_proc_time_total": 0.0, "train_accuracy": 0.6695399880409241, "train_loss": 0.9259363863945007, "training_time_mean": NaN, "training_time_total": 0.0, "val_accuracy": 0.6486999988555908, "val_loss": 1.0124137591004372, "validation_time_mean": NaN, "validation_time_total": 0.0, "samples": 60000, "num_workers": 8, "done": false, "timesteps_total": null, "episodes_total": null, "training_iteration": 39, "neg_mean_loss": -1.036481634747982, "experiment_id": "6085fba821934ec1ac4b3a5508f8dd5e", "date": "2019-06-06_14-30-19", "timestamp": 1559856619, "time_this_iter_s": 9.37482500076294, "time_total_s": 774.4010918140411, "pid": 21288, "hostname": "steropes", "node_ip": "169.229.49.254", "config": {"starting_lr": 0.001, "momentum": 0.95, "weight_decay": 0.001, "steps_per_iteration": null, "pin": false, "model_creator": null, "target_batch_size": 128, "model_string": "resnet50", "min_batch_size": 128, "dataset": "CIFAR", "placement": null, "use_nccl": true, "devices_per_worker": 1, "primary_resource": "extra_gpu", "gpu": false, "verbose": false, "lr_config": {"mode": "log", "steps": 5, "initial_lr": 0.001, "target_lr": 0.0028284271247461905}, "batch_per_device": 128}, "time_since_restore": 228.92288947105408, "timesteps_since_restore": 0, "iterations_since_restore": 23, "mean_throughput": 6457.912670703679, "atoms": 8, "setup_time": 57.86892509460449}
{"apply": 0.01756162941455841, "batch_time": 0.07678745090961456, "d2h": 0.0007860034704208374, "data_time": 0.008935422921667293, "fwd": 0.030041202902793888, "get_state_time_mean": NaN, "get_state_time_total": 0.0, "grad": 0.10733454525470736, "mean_accuracy": 0.6428799986839294, "mean_loss": 1.0293788364076615, "neg_mean_accuracy": -0.6495999693870544, "set_state_time_mean": NaN, "set_state_time_total": 0.0, "setup_model_time_mean": NaN, "setup_model_time_total": 0.0, "setup_proc_time_mean": NaN, "setup_proc_time_total": 0.0, "train_accuracy": 0.6737999320030212, "train_loss": 0.9113958212423325, "training_time_mean": NaN, "training_time_total": 0.0, "val_accuracy": 0.6495999693870544, "val_loss": 1.0160029499173167, "validation_time_mean": NaN, "validation_time_total": 0.0, "samples": 60000, "num_workers": 8, "done": false, "timesteps_total": null, "episodes_total": null, "training_iteration": 40, "neg_mean_loss": -1.0293788364076615, "experiment_id": "6085fba821934ec1ac4b3a5508f8dd5e", "date": "2019-06-06_14-30-28", "timestamp": 1559856628, "time_this_iter_s": 9.352386713027954, "time_total_s": 783.7534785270691, "pid": 21288, "hostname": "steropes", "node_ip": "169.229.49.254", "config": {"starting_lr": 0.001, "momentum": 0.95, "weight_decay": 0.001, "steps_per_iteration": null, "pin": false, "model_creator": null, "target_batch_size": 128, "model_string": "resnet50", "min_batch_size": 128, "dataset": "CIFAR", "placement": null, "use_nccl": true, "devices_per_worker": 1, "primary_resource": "extra_gpu", "gpu": false, "verbose": false, "lr_config": {"mode": "log", "steps": 5, "initial_lr": 0.001, "target_lr": 0.0028284271247461905}, "batch_per_device": 128}, "time_since_restore": 238.27527618408203, "timesteps_since_restore": 0, "iterations_since_restore": 24, "mean_throughput": 6445.471739630749, "atoms": 8, "setup_time": 57.86892509460449}
{"apply": 0.017593610286712646, "batch_time": 0.07145412564277649, "d2h": 0.0007898181676864623, "data_time": 0.009092118667096508, "fwd": 0.02941978871822357, "get_state_time_mean": NaN, "get_state_time_total": 0.0, "grad": 0.10395473837852477, "mean_accuracy": 0.6448599934577942, "mean_loss": 1.026765261027813, "neg_mean_accuracy": -0.6469999551773071, "set_state_time_mean": NaN, "set_state_time_total": 0.0, "setup_model_time_mean": NaN, "setup_model_time_total": 0.0, "setup_proc_time_mean": NaN, "setup_proc_time_total": 0.0, "train_accuracy": 0.6738600134849548, "train_loss": 0.9102991881918907, "training_time_mean": NaN, "training_time_total": 0.0, "val_accuracy": 0.6469999551773071, "val_loss": 1.0291419446587562, "validation_time_mean": NaN, "validation_time_total": 0.0, "samples": 60000, "num_workers": 8, "done": false, "timesteps_total": null, "episodes_total": null, "training_iteration": 41, "neg_mean_loss": -1.026765261027813, "experiment_id": "6085fba821934ec1ac4b3a5508f8dd5e", "date": "2019-06-06_14-30-38", "timestamp": 1559856638, "time_this_iter_s": 9.32124924659729, "time_total_s": 793.0747277736664, "pid": 21288, "hostname": "steropes", "node_ip": "169.229.49.254", "config": {"starting_lr": 0.001, "momentum": 0.95, "weight_decay": 0.001, "steps_per_iteration": null, "pin": false, "model_creator": null, "target_batch_size": 128, "model_string": "resnet50", "min_batch_size": 128, "dataset": "CIFAR", "placement": null, "use_nccl": true, "devices_per_worker": 1, "primary_resource": "extra_gpu", "gpu": false, "verbose": false, "lr_config": {"mode": "log", "steps": 5, "initial_lr": 0.001, "target_lr": 0.0028284271247461905}, "batch_per_device": 128}, "time_since_restore": 247.59652543067932, "timesteps_since_restore": 0, "iterations_since_restore": 25, "mean_throughput": 6439.8902870037555, "atoms": 8, "setup_time": 57.86892509460449}
{"apply": 0.01782280206680298, "batch_time": 0.07226358652114868, "d2h": 0.0007744520902633667, "data_time": 0.008832116516268983, "fwd": 0.02974991500377655, "get_state_time_mean": NaN, "get_state_time_total": 0.0, "grad": 0.10586273670196532, "mean_accuracy": 0.646779990196228, "mean_loss": 1.0233363832044602, "neg_mean_accuracy": -0.647100031375885, "set_state_time_mean": NaN, "set_state_time_total": 0.0, "setup_model_time_mean": NaN, "setup_model_time_total": 0.0, "setup_proc_time_mean": NaN, "setup_proc_time_total": 0.0, "train_accuracy": 0.6764799356460571, "train_loss": 0.9051447092437744, "training_time_mean": NaN, "training_time_total": 0.0, "val_accuracy": 0.647100031375885, "val_loss": 1.0172261101841926, "validation_time_mean": NaN, "validation_time_total": 0.0, "samples": 60000, "num_workers": 8, "done": false, "timesteps_total": null, "episodes_total": null, "training_iteration": 42, "neg_mean_loss": -1.0233363832044602, "experiment_id": "6085fba821934ec1ac4b3a5508f8dd5e", "date": "2019-06-06_14-30-47", "timestamp": 1559856647, "time_this_iter_s": 9.156468868255615, "time_total_s": 802.231196641922, "pid": 21288, "hostname": "steropes", "node_ip": "169.229.49.254", "config": {"starting_lr": 0.001, "momentum": 0.95, "weight_decay": 0.001, "steps_per_iteration": null, "pin": false, "model_creator": null, "target_batch_size": 128, "model_string": "resnet50", "min_batch_size": 128, "dataset": "CIFAR", "placement": null, "use_nccl": true, "devices_per_worker": 1, "primary_resource": "extra_gpu", "gpu": false, "verbose": false, "lr_config": {"mode": "log", "steps": 5, "initial_lr": 0.001, "target_lr": 0.0028284271247461905}, "batch_per_device": 128}, "time_since_restore": 256.75299429893494, "timesteps_since_restore": 0, "iterations_since_restore": 26, "mean_throughput": 6445.48091817217, "atoms": 8, "setup_time": 57.86892509460449}
{"apply": 0.018069529533386232, "batch_time": 0.07366506457328796, "d2h": 0.0007559746503829956, "data_time": 0.008655330356286496, "fwd": 0.030660074949264527, "get_state_time_mean": NaN, "get_state_time_total": 0.0, "grad": 0.1056528389453888, "mean_accuracy": 0.6472599864006042, "mean_loss": 1.0222601452803612, "neg_mean_accuracy": -0.6438999772071838, "set_state_time_mean": NaN, "set_state_time_total": 0.0, "setup_model_time_mean": NaN, "setup_model_time_total": 0.0, "setup_proc_time_mean": NaN, "setup_proc_time_total": 0.0, "train_accuracy": 0.6827399730682373, "train_loss": 0.8889353222942353, "training_time_mean": NaN, "training_time_total": 0.0, "val_accuracy": 0.6438999772071838, "val_loss": 1.0365159625411033, "validation_time_mean": NaN, "validation_time_total": 0.0, "samples": 60000, "num_workers": 8, "done": false, "timesteps_total": null, "episodes_total": null, "training_iteration": 43, "neg_mean_loss": -1.0222601452803612, "experiment_id": "6085fba821934ec1ac4b3a5508f8dd5e", "date": "2019-06-06_14-30-56", "timestamp": 1559856656, "time_this_iter_s": 9.370013236999512, "time_total_s": 811.6012098789215, "pid": 21288, "hostname": "steropes", "node_ip": "169.229.49.254", "config": {"starting_lr": 0.001, "momentum": 0.95, "weight_decay": 0.001, "steps_per_iteration": null, "pin": false, "model_creator": null, "target_batch_size": 128, "model_string": "resnet50", "min_batch_size": 128, "dataset": "CIFAR", "placement": null, "use_nccl": true, "devices_per_worker": 1, "primary_resource": "extra_gpu", "gpu": false, "verbose": false, "lr_config": {"mode": "log", "steps": 5, "initial_lr": 0.001, "target_lr": 0.0028284271247461905}, "batch_per_device": 128}, "time_since_restore": 266.12300753593445, "timesteps_since_restore": 0, "iterations_since_restore": 27, "mean_throughput": 6441.176576280265, "atoms": 8, "setup_time": 57.86892509460449}
