{"apply": 0.017763447761535645, "batch_time": 0.04711179190044162, "d2h": 0.0006710767745971679, "data_time": 0.0018014761493029192, "fwd": 0.16966423988342286, "get_state_time_mean": NaN, "get_state_time_total": 0.0, "grad": 0.17581779956817628, "mean_accuracy": 0.09999999403953552, "mean_loss": 7.380847007590355e+17, "neg_mean_accuracy": -0.09999999403953552, "set_state_time_mean": NaN, "set_state_time_total": 0.0, "setup_model_time_mean": 12.239153385162354, "setup_model_time_total": 12.239153385162354, "setup_proc_time_mean": 0.1287696361541748, "setup_proc_time_total": 0.1287696361541748, "train_accuracy": 0.10093999654054642, "train_loss": 35000781117.980545, "training_time_mean": NaN, "training_time_total": 0.0, "val_accuracy": 0.09999999403953552, "val_loss": 7.380847007590355e+17, "validation_time_mean": NaN, "validation_time_total": 0.0, "samples": 60000, "num_workers": 1, "done": false, "timesteps_total": null, "episodes_total": null, "training_iteration": 1, "neg_mean_loss": -7.380847007590355e+17, "experiment_id": "6a08dcb2950448b7b4d18a0b2493c878", "date": "2019-06-06_14-19-48", "timestamp": 1559855988, "time_this_iter_s": 47.350950956344604, "time_total_s": 47.350950956344604, "pid": 30563, "hostname": "steropes", "node_ip": "169.229.49.254", "config": {"starting_lr": 1.0, "momentum": 0.99, "weight_decay": 0.001, "steps_per_iteration": null, "pin": false, "model_creator": null, "target_batch_size": 128, "model_string": "resnet50", "min_batch_size": 128, "dataset": "CIFAR", "placement": null, "use_nccl": true, "devices_per_worker": 1, "primary_resource": "extra_gpu", "gpu": false, "verbose": false, "lr_config": {"mode": "log", "steps": 5, "initial_lr": 1.0, "target_lr": 1.0}, "batch_per_device": 128}, "time_since_restore": 47.350950956344604, "timesteps_since_restore": 0, "iterations_since_restore": 1, "mean_throughput": 1267.1310355581227, "atoms": 1, "setup_time": 12.485106945037842}
{"apply": 0.01693146228790283, "batch_time": 0.03176757051974912, "d2h": 0.0006848573684692383, "data_time": 0.001797988286713505, "fwd": 0.027960729598999024, "get_state_time_mean": NaN, "get_state_time_total": 0.0, "grad": 0.048423147201538085, "mean_accuracy": 0.04999999701976776, "mean_loss": NaN, "neg_mean_accuracy": -0.0, "set_state_time_mean": NaN, "set_state_time_total": 0.0, "setup_model_time_mean": NaN, "setup_model_time_total": 0.0, "setup_proc_time_mean": NaN, "setup_proc_time_total": 0.0, "train_accuracy": 0.03441999852657318, "train_loss": NaN, "training_time_mean": NaN, "training_time_total": 0.0, "val_accuracy": 0.0, "val_loss": NaN, "validation_time_mean": NaN, "validation_time_total": 0.0, "samples": 60000, "num_workers": 1, "done": false, "timesteps_total": null, "episodes_total": null, "training_iteration": 2, "neg_mean_loss": NaN, "experiment_id": "6a08dcb2950448b7b4d18a0b2493c878", "date": "2019-06-06_14-20-29", "timestamp": 1559856029, "time_this_iter_s": 41.06258225440979, "time_total_s": 88.4135332107544, "pid": 30563, "hostname": "steropes", "node_ip": "169.229.49.254", "config": {"starting_lr": 1.0, "momentum": 0.99, "weight_decay": 0.001, "steps_per_iteration": null, "pin": false, "model_creator": null, "target_batch_size": 128, "model_string": "resnet50", "min_batch_size": 128, "dataset": "CIFAR", "placement": null, "use_nccl": true, "devices_per_worker": 1, "primary_resource": "extra_gpu", "gpu": false, "verbose": false, "lr_config": {"mode": "log", "steps": 5, "initial_lr": 1.0, "target_lr": 1.0}, "batch_per_device": 128}, "time_since_restore": 88.4135332107544, "timesteps_since_restore": 0, "iterations_since_restore": 2, "mean_throughput": 1357.2553554853723, "atoms": 1, "setup_time": 12.485106945037842}
{"apply": 0.017209839820861817, "batch_time": 0.03221999240826957, "d2h": 0.000687265396118164, "data_time": 0.0017846837982802134, "fwd": 0.02789931297302246, "get_state_time_mean": NaN, "get_state_time_total": 0.0, "grad": 0.04996135234832764, "mean_accuracy": 0.03333333134651184, "mean_loss": NaN, "neg_mean_accuracy": -0.0, "set_state_time_mean": NaN, "set_state_time_total": 0.0, "setup_model_time_mean": NaN, "setup_model_time_total": 0.0, "setup_proc_time_mean": NaN, "setup_proc_time_total": 0.0, "train_accuracy": 0.0, "train_loss": NaN, "training_time_mean": NaN, "training_time_total": 0.0, "val_accuracy": 0.0, "val_loss": NaN, "validation_time_mean": NaN, "validation_time_total": 0.0, "samples": 60000, "num_workers": 1, "done": true, "timesteps_total": null, "episodes_total": null, "training_iteration": 3, "neg_mean_loss": NaN, "experiment_id": "6a08dcb2950448b7b4d18a0b2493c878", "date": "2019-06-06_14-21-10", "timestamp": 1559856070, "time_this_iter_s": 40.764777183532715, "time_total_s": 129.1783103942871, "pid": 30563, "hostname": "steropes", "node_ip": "169.229.49.254", "config": {"starting_lr": 1.0, "momentum": 0.99, "weight_decay": 0.001, "steps_per_iteration": null, "pin": false, "model_creator": null, "target_batch_size": 128, "model_string": "resnet50", "min_batch_size": 128, "dataset": "CIFAR", "placement": null, "use_nccl": true, "devices_per_worker": 1, "primary_resource": "extra_gpu", "gpu": false, "verbose": false, "lr_config": {"mode": "log", "steps": 5, "initial_lr": 1.0, "target_lr": 1.0}, "batch_per_device": 128}, "time_since_restore": 129.1783103942871, "timesteps_since_restore": 0, "iterations_since_restore": 3, "mean_throughput": 1393.4198580558161, "atoms": 1, "setup_time": 12.485106945037842}
