apply,batch_time,d2h,data_time,fwd,get_state_time_mean,get_state_time_total,grad,mean_accuracy,mean_loss,neg_mean_accuracy,set_state_time_mean,set_state_time_total,setup_model_time_mean,setup_model_time_total,setup_proc_time_mean,setup_proc_time_total,train_accuracy,train_loss,training_time_mean,training_time_total,validation_time_mean,validation_time_total,samples,num_workers,done,timesteps_total,episodes_total,training_iteration,neg_mean_loss,experiment_id,date,timestamp,time_this_iter_s,time_total_s,pid,hostname,node_ip,config,time_since_restore,timesteps_since_restore,iterations_since_restore,mean_throughput,atoms,resource_time
0.008383512496948242,0.19460649490356446,0.005246949195861816,0.04512628730462522,0.08623347282409669,nan,0.0,0.1685711145401001,0.3199000060558319,1.9488297458648682,-0.3199000060558319,nan,0.0,20.290242671966553,20.290242671966553,1.8341014385223389,1.8341014385223389,0.2544199824333191,2.564365947570801,nan,0.0,nan,0.0,60000,1,False,,,1,-1.9488297458648682,99485aee08da4d7a8bd28e026d967d3e,2019-05-30_14-35-57,1559252157,12.727799892425537,12.727799892425537,13449,steropes,169.229.49.254,"{'starting_lr': 0.005, 'momentum': 0.997, 'weight_decay': 0.0005, 'steps_per_iteration': None, 'pin': False, 'model_creator': None, 'target_batch_size': 1024, 'model_string': 'resnet18', 'min_batch_size': 512, 'dataset': 'CIFAR', 'placement': None, 'use_nccl': True, 'devices_per_worker': 1, 'primary_resource': 'extra_gpu', 'gpu': False, 'verbose': False, 'lr_config': {'mode': 'log', 'steps': 5, 'initial_lr': 0.005, 'target_lr': 0.005}, 'batch_per_device': 1024}",12.727799892425537,0,1,4714.060079416901,1,12.727799892425537
0.007795286178588867,0.1373539924621582,0.0052825927734375,0.037298163589166135,0.027119255065917967,nan,0.0,0.04981451034545899,0.39819997549057007,1.7322729860305786,-0.39819997549057007,nan,0.0,nan,0.0,nan,0.0,0.3831000030040741,1.673075593032837,nan,0.0,nan,0.0,60000,1,False,,,2,-1.7322729860305786,99485aee08da4d7a8bd28e026d967d3e,2019-05-30_14-36-05,1559252165,8.016181945800781,20.74398183822632,13449,steropes,169.229.49.254,"{'starting_lr': 0.005, 'momentum': 0.997, 'weight_decay': 0.0005, 'steps_per_iteration': None, 'pin': False, 'model_creator': None, 'target_batch_size': 1024, 'model_string': 'resnet18', 'min_batch_size': 512, 'dataset': 'CIFAR', 'placement': None, 'use_nccl': True, 'devices_per_worker': 1, 'primary_resource': 'extra_gpu', 'gpu': False, 'verbose': False, 'lr_config': {'mode': 'log', 'steps': 5, 'initial_lr': 0.005, 'target_lr': 0.005}, 'batch_per_device': 1024}",20.74398183822632,0,2,5784.766096050109,1,20.74398183822632
0.007699847221374512,0.13561549186706542,0.005842423439025879,0.044201276740249325,0.025657796859741212,nan,0.0,0.049459981918334964,0.45019999146461487,1.5922705486297608,-0.45019999146461487,nan,0.0,nan,0.0,nan,0.0,0.4233599901199341,1.5621199348831176,nan,0.0,nan,0.0,60000,1,False,,,3,-1.5922705486297608,99485aee08da4d7a8bd28e026d967d3e,2019-05-30_14-36-13,1559252173,8.161401987075806,28.905383825302124,13449,steropes,169.229.49.254,"{'starting_lr': 0.005, 'momentum': 0.997, 'weight_decay': 0.0005, 'steps_per_iteration': None, 'pin': False, 'model_creator': None, 'target_batch_size': 1024, 'model_string': 'resnet18', 'min_batch_size': 512, 'dataset': 'CIFAR', 'placement': None, 'use_nccl': True, 'devices_per_worker': 1, 'primary_resource': 'extra_gpu', 'gpu': False, 'verbose': False, 'lr_config': {'mode': 'log', 'steps': 5, 'initial_lr': 0.005, 'target_lr': 0.005}, 'batch_per_device': 1024}",28.905383825302124,0,3,6227.164059808775,1,28.905383825302124
0.008800911903381347,0.12692773342132568,0.005652427673339844,0.04828355263690559,0.02288060188293457,nan,0.0,0.05291051864624023,0.4757999777793884,1.505689870452881,-0.4757999777793884,nan,0.0,nan,0.0,nan,0.0,0.44881999492645264,1.502907538948059,nan,0.0,nan,0.0,60000,1,False,,,4,-1.505689870452881,99485aee08da4d7a8bd28e026d967d3e,2019-05-30_14-36-21,1559252181,8.257494449615479,37.1628782749176,13449,steropes,169.229.49.254,"{'starting_lr': 0.005, 'momentum': 0.997, 'weight_decay': 0.0005, 'steps_per_iteration': None, 'pin': False, 'model_creator': None, 'target_batch_size': 1024, 'model_string': 'resnet18', 'min_batch_size': 512, 'dataset': 'CIFAR', 'placement': None, 'use_nccl': True, 'devices_per_worker': 1, 'primary_resource': 'extra_gpu', 'gpu': False, 'verbose': False, 'lr_config': {'mode': 'log', 'steps': 5, 'initial_lr': 0.005, 'target_lr': 0.005}, 'batch_per_device': 1024}",37.1628782749176,0,4,6458.003966775716,1,37.1628782749176
0.008052492141723632,0.12590765953063965,0.005794692039489746,0.04805972138229681,0.023537516593933105,nan,0.0,0.04273457527160644,0.5001999735832214,1.4498566066741942,-0.5001999735832214,nan,0.0,nan,0.0,nan,0.0,0.4781799912452698,1.449858749961853,nan,0.0,nan,0.0,60000,1,False,,,5,-1.4498566066741942,99485aee08da4d7a8bd28e026d967d3e,2019-05-30_14-36-29,1559252189,8.209233045578003,45.372111320495605,13449,steropes,169.229.49.254,"{'starting_lr': 0.005, 'momentum': 0.997, 'weight_decay': 0.0005, 'steps_per_iteration': None, 'pin': False, 'model_creator': None, 'target_batch_size': 1024, 'model_string': 'resnet18', 'min_batch_size': 512, 'dataset': 'CIFAR', 'placement': None, 'use_nccl': True, 'devices_per_worker': 1, 'primary_resource': 'extra_gpu', 'gpu': False, 'verbose': False, 'lr_config': {'mode': 'log', 'steps': 5, 'initial_lr': 0.005, 'target_lr': 0.005}, 'batch_per_device': 1024}",45.372111320495605,0,5,6611.935453522567,1,45.372111320495605
0.011011505126953125,0.1278486967086792,0.005194830894470215,0.04599599449002013,0.02700662612915039,nan,0.0,0.050632357597351074,0.5254999995231628,1.3331736921310424,-0.5254999995231628,nan,0.0,nan,0.0,nan,0.0,0.5013999938964844,1.3839888290786744,nan,0.0,nan,0.0,60000,1,False,,,6,-1.3331736921310424,99485aee08da4d7a8bd28e026d967d3e,2019-05-30_14-36-38,1559252198,8.384286403656006,53.75639772415161,13449,steropes,169.229.49.254,"{'starting_lr': 0.005, 'momentum': 0.997, 'weight_decay': 0.0005, 'steps_per_iteration': None, 'pin': False, 'model_creator': None, 'target_batch_size': 1024, 'model_string': 'resnet18', 'min_batch_size': 512, 'dataset': 'CIFAR', 'placement': None, 'use_nccl': True, 'devices_per_worker': 1, 'primary_resource': 'extra_gpu', 'gpu': False, 'verbose': False, 'lr_config': {'mode': 'log', 'steps': 5, 'initial_lr': 0.005, 'target_lr': 0.005}, 'batch_per_device': 1024}",53.75639772415161,0,6,7311.905919106232,1,53.75639772415161
0.007543110847473144,0.1199338436126709,0.00524141788482666,0.04343138908853336,0.021901488304138184,nan,0.0,0.049201250076293945,0.5426999926567078,1.2705771768569947,-0.5426999926567078,nan,0.0,nan,0.0,nan,0.0,0.5227199792861938,1.3241372133636475,nan,0.0,nan,0.0,60000,1,False,,,7,-1.2705771768569947,99485aee08da4d7a8bd28e026d967d3e,2019-05-30_14-36-46,1559252206,8.156651258468628,61.91304898262024,13449,steropes,169.229.49.254,"{'starting_lr': 0.005, 'momentum': 0.997, 'weight_decay': 0.0005, 'steps_per_iteration': None, 'pin': False, 'model_creator': None, 'target_batch_size': 1024, 'model_string': 'resnet18', 'min_batch_size': 512, 'dataset': 'CIFAR', 'placement': None, 'use_nccl': True, 'devices_per_worker': 1, 'primary_resource': 'extra_gpu', 'gpu': False, 'verbose': False, 'lr_config': {'mode': 'log', 'steps': 5, 'initial_lr': 0.005, 'target_lr': 0.005}, 'batch_per_device': 1024}",61.91304898262024,0,7,7286.948728165192,1,61.91304898262024
0.007673335075378418,0.11878311634063721,0.005871796607971191,0.04703489614992726,0.02317211627960205,nan,0.0,0.044700241088867186,0.5547999739646912,1.2596144350051879,-0.5547999739646912,nan,0.0,nan,0.0,nan,0.0,0.5271199941635132,1.3028828133773804,nan,0.0,nan,0.0,60000,1,False,,,8,-1.2596144350051879,99485aee08da4d7a8bd28e026d967d3e,2019-05-30_14-36-54,1559252214,8.044044733047485,69.95709371566772,13449,steropes,169.229.49.254,"{'starting_lr': 0.005, 'momentum': 0.997, 'weight_decay': 0.0005, 'steps_per_iteration': None, 'pin': False, 'model_creator': None, 'target_batch_size': 1024, 'model_string': 'resnet18', 'min_batch_size': 512, 'dataset': 'CIFAR', 'placement': None, 'use_nccl': True, 'devices_per_worker': 1, 'primary_resource': 'extra_gpu', 'gpu': False, 'verbose': False, 'lr_config': {'mode': 'log', 'steps': 5, 'initial_lr': 0.005, 'target_lr': 0.005}, 'batch_per_device': 1024}",69.95709371566772,0,8,7307.779304822465,1,69.95709371566772
0.007746315002441407,0.11808314323425292,0.005043554306030274,0.04331734715675821,0.022949647903442384,nan,0.0,0.05334663391113281,0.5595999956130981,1.228447420310974,-0.5595999956130981,nan,0.0,nan,0.0,nan,0.0,0.5421800017356873,1.263824543800354,nan,0.0,nan,0.0,60000,1,False,,,9,-1.228447420310974,99485aee08da4d7a8bd28e026d967d3e,2019-05-30_14-37-02,1559252222,7.887192010879517,77.84428572654724,13449,steropes,169.229.49.254,"{'starting_lr': 0.005, 'momentum': 0.997, 'weight_decay': 0.0005, 'steps_per_iteration': None, 'pin': False, 'model_creator': None, 'target_batch_size': 1024, 'model_string': 'resnet18', 'min_batch_size': 512, 'dataset': 'CIFAR', 'placement': None, 'use_nccl': True, 'devices_per_worker': 1, 'primary_resource': 'extra_gpu', 'gpu': False, 'verbose': False, 'lr_config': {'mode': 'log', 'steps': 5, 'initial_lr': 0.005, 'target_lr': 0.005}, 'batch_per_device': 1024}",77.84428572654724,0,9,7374.298682177881,1,77.84428572654724
0.007238006591796875,0.12958002090454102,0.006420230865478516,0.04810161979830995,0.028584718704223633,nan,0.0,0.04535732269287109,0.5861999988555908,1.164913450241089,-0.5861999988555908,nan,0.0,nan,0.0,nan,0.0,0.5589199662208557,1.2245173058700562,nan,0.0,nan,0.0,60000,1,False,,,10,-1.164913450241089,99485aee08da4d7a8bd28e026d967d3e,2019-05-30_14-37-10,1559252230,8.304364919662476,86.14865064620972,13449,steropes,169.229.49.254,"{'starting_lr': 0.005, 'momentum': 0.997, 'weight_decay': 0.0005, 'steps_per_iteration': None, 'pin': False, 'model_creator': None, 'target_batch_size': 1024, 'model_string': 'resnet18', 'min_batch_size': 512, 'dataset': 'CIFAR', 'placement': None, 'use_nccl': True, 'devices_per_worker': 1, 'primary_resource': 'extra_gpu', 'gpu': False, 'verbose': False, 'lr_config': {'mode': 'log', 'steps': 5, 'initial_lr': 0.005, 'target_lr': 0.005}, 'batch_per_device': 1024}",86.14865064620972,0,10,7357.095145235704,1,86.14865064620972
0.009320521354675293,0.12393229007720948,0.00525672435760498,0.047813245228358676,0.027489566802978517,nan,0.0,0.04809772968292236,0.5898999571800232,1.1620727464675904,-0.5898999571800232,nan,0.0,nan,0.0,nan,0.0,0.5741999745368958,1.185501070098877,nan,0.0,nan,0.0,60000,1,False,,,11,-1.1620727464675904,99485aee08da4d7a8bd28e026d967d3e,2019-05-30_14-37-19,1559252239,8.465286254882812,94.61393690109253,13449,steropes,169.229.49.254,"{'starting_lr': 0.005, 'momentum': 0.997, 'weight_decay': 0.0005, 'steps_per_iteration': None, 'pin': False, 'model_creator': None, 'target_batch_size': 1024, 'model_string': 'resnet18', 'min_batch_size': 512, 'dataset': 'CIFAR', 'placement': None, 'use_nccl': True, 'devices_per_worker': 1, 'primary_resource': 'extra_gpu', 'gpu': False, 'verbose': False, 'lr_config': {'mode': 'log', 'steps': 5, 'initial_lr': 0.005, 'target_lr': 0.005}, 'batch_per_device': 1024}",94.61393690109253,0,11,7342.508566952061,1,94.61393690109253
0.007384061813354492,0.126454496383667,0.0060824394226074215,0.03894268736547353,0.027562952041625975,nan,0.0,0.048810815811157225,0.6082000136375427,1.1013039035797119,-0.6082000136375427,nan,0.0,nan,0.0,nan,0.0,0.5864199995994568,1.144028321723938,nan,0.0,nan,0.0,60000,1,True,,,12,-1.1013039035797119,99485aee08da4d7a8bd28e026d967d3e,2019-05-30_14-37-26,1559252246,7.693687677383423,102.30762457847595,13449,steropes,169.229.49.254,"{'starting_lr': 0.005, 'momentum': 0.997, 'weight_decay': 0.0005, 'steps_per_iteration': None, 'pin': False, 'model_creator': None, 'target_batch_size': 1024, 'model_string': 'resnet18', 'min_batch_size': 512, 'dataset': 'CIFAR', 'placement': None, 'use_nccl': True, 'devices_per_worker': 1, 'primary_resource': 'extra_gpu', 'gpu': False, 'verbose': False, 'lr_config': {'mode': 'log', 'steps': 5, 'initial_lr': 0.005, 'target_lr': 0.005}, 'batch_per_device': 1024}",102.30762457847595,0,12,7426.669302268363,1,102.30762457847595
