apply,batch_time,d2h,data_time,fwd,get_state_time_mean,get_state_time_total,grad,mean_accuracy,mean_loss,neg_mean_accuracy,set_state_time_mean,set_state_time_total,setup_model_time_mean,setup_model_time_total,setup_proc_time_mean,setup_proc_time_total,train_accuracy,train_loss,training_time_mean,training_time_total,validation_time_mean,validation_time_total,samples,num_workers,done,timesteps_total,episodes_total,training_iteration,neg_mean_loss,experiment_id,date,timestamp,time_this_iter_s,time_total_s,pid,hostname,node_ip,config,time_since_restore,timesteps_since_restore,iterations_since_restore,mean_throughput,atoms,resource_time
0.007503199577331543,0.17934739589691162,0.006319880485534668,0.03892977383671975,0.0922773838043213,nan,0.0,0.15386245250701905,0.10289999842643738,210.72839780273438,-0.10289999842643738,nan,0.0,14.688660860061646,14.688660860061646,1.7597215175628662,1.7597215175628662,0.1036200001835823,6.317438061218262,nan,0.0,nan,0.0,60000,1,False,,,1,-210.72839780273438,18bfebbd2f49495c842a0cf237da277e,2019-05-30_14-56-40,1559253400,11.582751989364624,11.582751989364624,27551,steropes,169.229.49.254,"{'starting_lr': 0.5, 'momentum': 0.99, 'weight_decay': 0.0001, 'steps_per_iteration': None, 'pin': False, 'model_creator': None, 'target_batch_size': 1024, 'model_string': 'resnet18', 'min_batch_size': 512, 'dataset': 'CIFAR', 'placement': None, 'use_nccl': True, 'devices_per_worker': 1, 'primary_resource': 'extra_gpu', 'gpu': False, 'verbose': False, 'lr_config': {'mode': 'log', 'steps': 5, 'initial_lr': 0.5, 'target_lr': 0.5}, 'batch_per_device': 1024}",11.582751989364624,0,1,5180.074616979319,1,11.582751989364624
0.008368802070617676,0.14645695686340332,0.0060515165328979496,0.04203523908342634,0.03130762577056885,nan,0.0,0.04875657558441162,0.0876999944448471,7959.131971875,-0.0876999944448471,nan,0.0,nan,0.0,nan,0.0,0.10155999660491943,5.778519027404785,nan,0.0,nan,0.0,60000,1,False,,,2,-7959.131971875,18bfebbd2f49495c842a0cf237da277e,2019-05-30_14-56-48,1559253408,7.971576690673828,19.554328680038452,27551,steropes,169.229.49.254,"{'starting_lr': 0.5, 'momentum': 0.99, 'weight_decay': 0.0001, 'steps_per_iteration': None, 'pin': False, 'model_creator': None, 'target_batch_size': 1024, 'model_string': 'resnet18', 'min_batch_size': 512, 'dataset': 'CIFAR', 'placement': None, 'use_nccl': True, 'devices_per_worker': 1, 'primary_resource': 'extra_gpu', 'gpu': False, 'verbose': False, 'lr_config': {'mode': 'log', 'steps': 5, 'initial_lr': 0.5, 'target_lr': 0.5}, 'batch_per_device': 1024}",19.554328680038452,0,2,6136.688486250933,1,19.554328680038452
0.00903780460357666,0.1379863977432251,0.006861567497253418,0.05539919405567403,0.027423501014709473,nan,0.0,0.0511873722076416,0.10099999606609344,6.404967264556885,-0.10099999606609344,nan,0.0,nan,0.0,nan,0.0,0.10025999695062637,2.799031931686401,nan,0.0,nan,0.0,60000,1,False,,,3,-6.404967264556885,18bfebbd2f49495c842a0cf237da277e,2019-05-30_14-56-57,1559253417,9.02541708946228,28.579745769500732,27551,steropes,169.229.49.254,"{'starting_lr': 0.5, 'momentum': 0.99, 'weight_decay': 0.0001, 'steps_per_iteration': None, 'pin': False, 'model_creator': None, 'target_batch_size': 1024, 'model_string': 'resnet18', 'min_batch_size': 512, 'dataset': 'CIFAR', 'placement': None, 'use_nccl': True, 'devices_per_worker': 1, 'primary_resource': 'extra_gpu', 'gpu': False, 'verbose': False, 'lr_config': {'mode': 'log', 'steps': 5, 'initial_lr': 0.5, 'target_lr': 0.5}, 'batch_per_device': 1024}",28.579745769500732,0,3,6298.105539828952,1,28.579745769500732
0.007877016067504882,0.1408942461013794,0.004568362236022949,0.039262197455581356,0.02878718376159668,nan,0.0,0.054540705680847165,0.10009999573230743,2.417488135910034,-0.10009999573230743,nan,0.0,nan,0.0,nan,0.0,0.1014999970793724,2.4107209687805176,nan,0.0,nan,0.0,60000,1,False,,,4,-2.417488135910034,18bfebbd2f49495c842a0cf237da277e,2019-05-30_14-57-05,1559253425,8.154644966125488,36.73439073562622,27551,steropes,169.229.49.254,"{'starting_lr': 0.5, 'momentum': 0.99, 'weight_decay': 0.0001, 'steps_per_iteration': None, 'pin': False, 'model_creator': None, 'target_batch_size': 1024, 'model_string': 'resnet18', 'min_batch_size': 512, 'dataset': 'CIFAR', 'placement': None, 'use_nccl': True, 'devices_per_worker': 1, 'primary_resource': 'extra_gpu', 'gpu': False, 'verbose': False, 'lr_config': {'mode': 'log', 'steps': 5, 'initial_lr': 0.5, 'target_lr': 0.5}, 'batch_per_device': 1024}",36.73439073562622,0,4,6533.306681741717,1,36.73439073562622
0.01004490852355957,0.144144868850708,0.006277275085449219,0.037337030683244975,0.03468976020812988,nan,0.0,0.05072619915008545,0.09999999403953552,2.3370183601379395,-0.09999999403953552,nan,0.0,nan,0.0,nan,0.0,0.10043999552726746,2.382890992889404,nan,0.0,nan,0.0,60000,1,False,,,5,-2.3370183601379395,18bfebbd2f49495c842a0cf237da277e,2019-05-30_14-57-13,1559253433,8.259294271469116,44.99368500709534,27551,steropes,169.229.49.254,"{'starting_lr': 0.5, 'momentum': 0.99, 'weight_decay': 0.0001, 'steps_per_iteration': None, 'pin': False, 'model_creator': None, 'target_batch_size': 1024, 'model_string': 'resnet18', 'min_batch_size': 512, 'dataset': 'CIFAR', 'placement': None, 'use_nccl': True, 'devices_per_worker': 1, 'primary_resource': 'extra_gpu', 'gpu': False, 'verbose': False, 'lr_config': {'mode': 'log', 'steps': 5, 'initial_lr': 0.5, 'target_lr': 0.5}, 'batch_per_device': 1024}",44.99368500709534,0,5,6667.511199263683,1,44.99368500709534
0.010312485694885253,0.14622819423675537,0.004676699638366699,0.038608030397064834,0.027333950996398924,nan,0.0,0.06155261993408203,0.10009999573230743,2.3604650485992433,-0.10009999573230743,nan,0.0,nan,0.0,nan,0.0,0.10319999605417252,2.3595361772155763,nan,0.0,nan,0.0,60000,1,False,,,6,-2.3604650485992433,18bfebbd2f49495c842a0cf237da277e,2019-05-30_14-57-22,1559253442,8.22158408164978,53.21526908874512,27551,steropes,169.229.49.254,"{'starting_lr': 0.5, 'momentum': 0.99, 'weight_decay': 0.0001, 'steps_per_iteration': None, 'pin': False, 'model_creator': None, 'target_batch_size': 1024, 'model_string': 'resnet18', 'min_batch_size': 512, 'dataset': 'CIFAR', 'placement': None, 'use_nccl': True, 'devices_per_worker': 1, 'primary_resource': 'extra_gpu', 'gpu': False, 'verbose': False, 'lr_config': {'mode': 'log', 'steps': 5, 'initial_lr': 0.5, 'target_lr': 0.5}, 'batch_per_device': 1024}",53.21526908874512,0,6,7205.801565817945,1,53.21526908874512
0.008777189254760741,0.138153338432312,0.0046210050582885746,0.04118099018019073,0.02802433967590332,nan,0.0,0.045429015159606935,0.10009999573230743,2.3256446559906006,-0.10009999573230743,nan,0.0,nan,0.0,nan,0.0,0.09957999736070633,2.339076265258789,nan,0.0,nan,0.0,60000,1,False,,,7,-2.3256446559906006,18bfebbd2f49495c842a0cf237da277e,2019-05-30_14-57-30,1559253450,8.269299507141113,61.48456859588623,27551,steropes,169.229.49.254,"{'starting_lr': 0.5, 'momentum': 0.99, 'weight_decay': 0.0001, 'steps_per_iteration': None, 'pin': False, 'model_creator': None, 'target_batch_size': 1024, 'model_string': 'resnet18', 'min_batch_size': 512, 'dataset': 'CIFAR', 'placement': None, 'use_nccl': True, 'devices_per_worker': 1, 'primary_resource': 'extra_gpu', 'gpu': False, 'verbose': False, 'lr_config': {'mode': 'log', 'steps': 5, 'initial_lr': 0.5, 'target_lr': 0.5}, 'batch_per_device': 1024}",61.48456859588623,0,7,7154.605615257827,1,61.48456859588623
0.010070109367370605,0.14181275367736818,0.005232667922973633,0.034377857130400986,0.030333399772644043,nan,0.0,0.06382322311401367,0.09999999403953552,2.3412217071533203,-0.09999999403953552,nan,0.0,nan,0.0,nan,0.0,0.10007999837398529,2.333691280288696,nan,0.0,nan,0.0,60000,1,False,,,8,-2.3412217071533203,18bfebbd2f49495c842a0cf237da277e,2019-05-30_14-57-38,1559253458,8.20587420463562,69.69044280052185,27551,steropes,169.229.49.254,"{'starting_lr': 0.5, 'momentum': 0.99, 'weight_decay': 0.0001, 'steps_per_iteration': None, 'pin': False, 'model_creator': None, 'target_batch_size': 1024, 'model_string': 'resnet18', 'min_batch_size': 512, 'dataset': 'CIFAR', 'placement': None, 'use_nccl': True, 'devices_per_worker': 1, 'primary_resource': 'extra_gpu', 'gpu': False, 'verbose': False, 'lr_config': {'mode': 'log', 'steps': 5, 'initial_lr': 0.5, 'target_lr': 0.5}, 'batch_per_device': 1024}",69.69044280052185,0,8,7297.230719560057,1,69.69044280052185
0.009204745292663574,0.13645551204681397,0.008302927017211914,0.040940202012354016,0.03507478237152099,nan,0.0,0.06463406085968018,0.09999999403953552,2.3428790897369383,-0.09999999403953552,nan,0.0,nan,0.0,nan,0.0,0.10006000101566315,2.356428646621704,nan,0.0,nan,0.0,60000,1,False,,,9,-2.3428790897369383,18bfebbd2f49495c842a0cf237da277e,2019-05-30_14-57-46,1559253466,8.275604248046875,77.96604704856873,27551,steropes,169.229.49.254,"{'starting_lr': 0.5, 'momentum': 0.99, 'weight_decay': 0.0001, 'steps_per_iteration': None, 'pin': False, 'model_creator': None, 'target_batch_size': 1024, 'model_string': 'resnet18', 'min_batch_size': 512, 'dataset': 'CIFAR', 'placement': None, 'use_nccl': True, 'devices_per_worker': 1, 'primary_resource': 'extra_gpu', 'gpu': False, 'verbose': False, 'lr_config': {'mode': 'log', 'steps': 5, 'initial_lr': 0.5, 'target_lr': 0.5}, 'batch_per_device': 1024}",77.96604704856873,0,9,7275.841062000129,1,77.96604704856873
0.007479429244995117,0.1346489429473877,0.006942296028137207,0.045876089407473196,0.04069418907165527,nan,0.0,0.07648532390594483,0.06309999525547028,2.4570363735198977,-0.06309999525547028,nan,0.0,nan,0.0,nan,0.0,0.09857999533414841,2.3364977869415284,nan,0.0,nan,0.0,60000,1,False,,,10,-2.4570363735198977,18bfebbd2f49495c842a0cf237da277e,2019-05-30_14-57-55,1559253475,8.782533884048462,86.74858093261719,27551,steropes,169.229.49.254,"{'starting_lr': 0.5, 'momentum': 0.99, 'weight_decay': 0.0001, 'steps_per_iteration': None, 'pin': False, 'model_creator': None, 'target_batch_size': 1024, 'model_string': 'resnet18', 'min_batch_size': 512, 'dataset': 'CIFAR', 'placement': None, 'use_nccl': True, 'devices_per_worker': 1, 'primary_resource': 'extra_gpu', 'gpu': False, 'verbose': False, 'lr_config': {'mode': 'log', 'steps': 5, 'initial_lr': 0.5, 'target_lr': 0.5}, 'batch_per_device': 1024}",86.74858093261719,0,10,7184.682161924181,1,86.74858093261719
0.008411979675292969,0.1321939706802368,0.007619118690490723,0.05010674924266582,0.03510215282440186,nan,0.0,0.056536626815795896,0.08559999614953995,2.3076741798400877,-0.08559999614953995,nan,0.0,nan,0.0,nan,0.0,0.10074000060558319,2.316560286178589,nan,0.0,nan,0.0,60000,1,False,,,11,-2.3076741798400877,18bfebbd2f49495c842a0cf237da277e,2019-05-30_14-58-04,1559253484,9.145044803619385,95.89362573623657,27551,steropes,169.229.49.254,"{'starting_lr': 0.5, 'momentum': 0.99, 'weight_decay': 0.0001, 'steps_per_iteration': None, 'pin': False, 'model_creator': None, 'target_batch_size': 1024, 'model_string': 'resnet18', 'min_batch_size': 512, 'dataset': 'CIFAR', 'placement': None, 'use_nccl': True, 'devices_per_worker': 1, 'primary_resource': 'extra_gpu', 'gpu': False, 'verbose': False, 'lr_config': {'mode': 'log', 'steps': 5, 'initial_lr': 0.5, 'target_lr': 0.5}, 'batch_per_device': 1024}",95.89362573623657,0,11,7029.224415773683,1,95.89362573623657
0.009204840660095215,0.12334265708923339,0.004865169525146484,0.04098218801070233,0.026391148567199707,nan,0.0,0.05126817226409912,0.15600000321865082,2.4691502017974853,-0.15600000321865082,nan,0.0,nan,0.0,nan,0.0,0.15794000029563904,2.2222866009521485,nan,0.0,nan,0.0,60000,1,True,,,12,-2.4691502017974853,18bfebbd2f49495c842a0cf237da277e,2019-05-30_14-58-12,1559253492,7.966975450515747,103.86060118675232,27551,steropes,169.229.49.254,"{'starting_lr': 0.5, 'momentum': 0.99, 'weight_decay': 0.0001, 'steps_per_iteration': None, 'pin': False, 'model_creator': None, 'target_batch_size': 1024, 'model_string': 'resnet18', 'min_batch_size': 512, 'dataset': 'CIFAR', 'placement': None, 'use_nccl': True, 'devices_per_worker': 1, 'primary_resource': 'extra_gpu', 'gpu': False, 'verbose': False, 'lr_config': {'mode': 'log', 'steps': 5, 'initial_lr': 0.5, 'target_lr': 0.5}, 'batch_per_device': 1024}",103.86060118675232,0,12,7079.3953979636,1,103.86060118675232
