{"apply": 0.018131589889526366, "batch_time": 0.04618852047980586, "d2h": 0.0006471633911132813, "data_time": 0.0018579642790967545, "fwd": 0.11900815963745118, "get_state_time_mean": NaN, "get_state_time_total": 0.0, "grad": 0.163810658454895, "mean_accuracy": 0.09999999403953552, "mean_loss": 179159.4059, "neg_mean_accuracy": -0.09999999403953552, "set_state_time_mean": NaN, "set_state_time_total": 0.0, "setup_model_time_mean": 9.92707347869873, "setup_model_time_total": 9.92707347869873, "setup_proc_time_mean": 0.12288928031921387, "setup_proc_time_total": 0.12288928031921387, "train_accuracy": 0.10065999627113342, "train_loss": 27624.786670786132, "training_time_mean": NaN, "training_time_total": 0.0, "val_accuracy": 0.09999999403953552, "val_loss": 179159.4059, "validation_time_mean": NaN, "validation_time_total": 0.0, "samples": 60000, "num_workers": 1, "done": false, "timesteps_total": null, "episodes_total": null, "training_iteration": 1, "neg_mean_loss": -179159.4059, "experiment_id": "7a5bd526b1a34acb8b230c54d9fafbc5", "date": "2019-06-02_20-37-28", "timestamp": 1559533048, "time_this_iter_s": 46.50633192062378, "time_total_s": 46.50633192062378, "pid": 6281, "hostname": "steropes", "node_ip": "169.229.49.254", "config": {"starting_lr": 0.5, "momentum": 0.997, "weight_decay": 0.001, "steps_per_iteration": null, "pin": false, "model_creator": null, "target_batch_size": 128, "model_string": "resnet50", "min_batch_size": 128, "dataset": "CIFAR", "placement": null, "use_nccl": true, "devices_per_worker": 1, "primary_resource": "extra_gpu", "gpu": false, "verbose": false, "lr_config": {"mode": "log", "steps": 5, "initial_lr": 0.5, "target_lr": 0.5}, "batch_per_device": 128}, "time_since_restore": 46.50633192062378, "timesteps_since_restore": 0, "iterations_since_restore": 1, "mean_throughput": 1290.143560823899, "atoms": 1, "setup_time": 10.161803245544434}
{"apply": 0.01975066661834717, "batch_time": 0.03150696392300763, "d2h": 0.0006836652755737305, "data_time": 0.0017818489952770341, "fwd": 0.028550243377685545, "get_state_time_mean": NaN, "get_state_time_total": 0.0, "grad": 0.04835178852081299, "mean_accuracy": 0.09999999403953552, "mean_loss": 3.276089084802942e+16, "neg_mean_accuracy": -0.09999999403953552, "set_state_time_mean": NaN, "set_state_time_total": 0.0, "setup_model_time_mean": NaN, "setup_model_time_total": 0.0, "setup_proc_time_mean": NaN, "setup_proc_time_total": 0.0, "train_accuracy": 0.10449999570846558, "train_loss": 696125790660.2919, "training_time_mean": NaN, "training_time_total": 0.0, "val_accuracy": 0.09999999403953552, "val_loss": 6.552178169587968e+16, "validation_time_mean": NaN, "validation_time_total": 0.0, "samples": 60000, "num_workers": 1, "done": false, "timesteps_total": null, "episodes_total": null, "training_iteration": 2, "neg_mean_loss": -3.276089084802942e+16, "experiment_id": "7a5bd526b1a34acb8b230c54d9fafbc5", "date": "2019-06-02_20-38-09", "timestamp": 1559533089, "time_this_iter_s": 41.10453748703003, "time_total_s": 87.61086940765381, "pid": 6281, "hostname": "steropes", "node_ip": "169.229.49.254", "config": {"starting_lr": 0.5, "momentum": 0.997, "weight_decay": 0.001, "steps_per_iteration": null, "pin": false, "model_creator": null, "target_batch_size": 128, "model_string": "resnet50", "min_batch_size": 128, "dataset": "CIFAR", "placement": null, "use_nccl": true, "devices_per_worker": 1, "primary_resource": "extra_gpu", "gpu": false, "verbose": false, "lr_config": {"mode": "log", "steps": 5, "initial_lr": 0.5, "target_lr": 0.5}, "batch_per_device": 128}, "time_since_restore": 87.61086940765381, "timesteps_since_restore": 0, "iterations_since_restore": 2, "mean_throughput": 1369.6899200025227, "atoms": 1, "setup_time": 10.161803245544434}
{"apply": 0.01845715045928955, "batch_time": 0.031433953514581996, "d2h": 0.0006972789764404297, "data_time": 0.0018213563562963929, "fwd": 0.02760469913482666, "get_state_time_mean": NaN, "get_state_time_total": 0.0, "grad": 0.04769811630249023, "mean_accuracy": 0.06666666269302368, "mean_loss": NaN, "neg_mean_accuracy": -0.0, "set_state_time_mean": NaN, "set_state_time_total": 0.0, "setup_model_time_mean": NaN, "setup_model_time_total": 0.0, "setup_proc_time_mean": NaN, "setup_proc_time_total": 0.0, "train_accuracy": 0.05443999916315079, "train_loss": NaN, "training_time_mean": NaN, "training_time_total": 0.0, "val_accuracy": 0.0, "val_loss": NaN, "validation_time_mean": NaN, "validation_time_total": 0.0, "samples": 60000, "num_workers": 1, "done": true, "timesteps_total": null, "episodes_total": null, "training_iteration": 3, "neg_mean_loss": NaN, "experiment_id": "7a5bd526b1a34acb8b230c54d9fafbc5", "date": "2019-06-02_20-38-50", "timestamp": 1559533130, "time_this_iter_s": 40.71148610115051, "time_total_s": 128.32235550880432, "pid": 6281, "hostname": "steropes", "node_ip": "169.229.49.254", "config": {"starting_lr": 0.5, "momentum": 0.997, "weight_decay": 0.001, "steps_per_iteration": null, "pin": false, "model_creator": null, "target_batch_size": 128, "model_string": "resnet50", "min_batch_size": 128, "dataset": "CIFAR", "placement": null, "use_nccl": true, "devices_per_worker": 1, "primary_resource": "extra_gpu", "gpu": false, "verbose": false, "lr_config": {"mode": "log", "steps": 5, "initial_lr": 0.5, "target_lr": 0.5}, "batch_per_device": 128}, "time_since_restore": 128.32235550880432, "timesteps_since_restore": 0, "iterations_since_restore": 3, "mean_throughput": 1402.7143126098777, "atoms": 1, "setup_time": 10.161803245544434}
