apply,batch_time,d2h,data_time,fwd,get_state_time_mean,get_state_time_total,grad,mean_accuracy,mean_loss,neg_mean_accuracy,set_state_time_mean,set_state_time_total,setup_model_time_mean,setup_model_time_total,setup_proc_time_mean,setup_proc_time_total,train_accuracy,train_loss,training_time_mean,training_time_total,val_accuracy,val_loss,validation_time_mean,validation_time_total,samples,num_workers,done,timesteps_total,episodes_total,training_iteration,neg_mean_loss,experiment_id,date,timestamp,time_this_iter_s,time_total_s,pid,hostname,node_ip,config,time_since_restore,timesteps_since_restore,iterations_since_restore,mean_throughput,atoms,setup_time
0.018461894989013673,0.04116417486456376,0.0007163524627685547,0.0018455134633252079,0.12355718612670899,nan,0.0,0.19929759502410888,0.36800000071525574,1.7075076553344726,-0.36800000071525574,nan,0.0,10.520137071609497,10.520137071609497,0.6401925086975098,0.6401925086975098,0.25742000341415405,2.534781363220215,nan,0.0,0.36800000071525574,1.7075076553344726,nan,0.0,60000,1,False,,,1,-1.7075076553344726,12b05140caee463e9737579d17c618ef,2019-06-06_07-04-42,1559829882,46.787713289260864,46.787713289260864,1861,steropes,169.229.49.254,"{'starting_lr': 0.005, 'momentum': 0.95, 'weight_decay': 0.005, 'steps_per_iteration': None, 'pin': False, 'model_creator': None, 'target_batch_size': 128, 'model_string': 'resnet50', 'min_batch_size': 128, 'dataset': 'CIFAR', 'placement': None, 'use_nccl': True, 'devices_per_worker': 1, 'primary_resource': 'extra_gpu', 'gpu': False, 'verbose': False, 'lr_config': {'mode': 'log', 'steps': 5, 'initial_lr': 0.005, 'target_lr': 0.005}, 'batch_per_device': 128}",46.787713289260864,0,1,1282.385747031178,1,11.612727880477905
0.017592096328735353,0.03227095966097675,0.0007020950317382813,0.0018144416077362606,0.028218531608581544,nan,0.0,0.05003366470336914,0.4047499895095825,1.6401622331619263,-0.4414999783039093,nan,0.0,nan,0.0,nan,0.0,0.3721799850463867,1.8951260454940795,nan,0.0,0.4414999783039093,1.5728168109893799,nan,0.0,60000,1,False,,,2,-1.6401622331619263,12b05140caee463e9737579d17c618ef,2019-06-06_07-05-23,1559829923,40.93810057640076,87.72581386566162,1861,steropes,169.229.49.254,"{'starting_lr': 0.005, 'momentum': 0.95, 'weight_decay': 0.005, 'steps_per_iteration': None, 'pin': False, 'model_creator': None, 'target_batch_size': 128, 'model_string': 'resnet50', 'min_batch_size': 128, 'dataset': 'CIFAR', 'placement': None, 'use_nccl': True, 'devices_per_worker': 1, 'primary_resource': 'extra_gpu', 'gpu': False, 'verbose': False, 'lr_config': {'mode': 'log', 'steps': 5, 'initial_lr': 0.005, 'target_lr': 0.005}, 'batch_per_device': 128}",87.72581386566162,0,2,1367.8958931867276,1,11.612727880477905
0.01775996685028076,0.03198113622544687,0.000838613510131836,0.0018189404626636554,0.027997159957885744,nan,0.0,0.048138785362243655,0.4326999882857005,1.5796342918395998,-0.4885999858379364,nan,0.0,nan,0.0,nan,0.0,0.4306199848651886,1.6571938189697266,nan,0.0,0.4885999858379364,1.4585784091949463,nan,0.0,60000,1,False,,,3,-1.5796342918395998,12b05140caee463e9737579d17c618ef,2019-06-06_07-06-04,1559829964,40.88592171669006,128.61173558235168,1861,steropes,169.229.49.254,"{'starting_lr': 0.005, 'momentum': 0.95, 'weight_decay': 0.005, 'steps_per_iteration': None, 'pin': False, 'model_creator': None, 'target_batch_size': 128, 'model_string': 'resnet50', 'min_batch_size': 128, 'dataset': 'CIFAR', 'placement': None, 'use_nccl': True, 'devices_per_worker': 1, 'primary_resource': 'extra_gpu', 'gpu': False, 'verbose': False, 'lr_config': {'mode': 'log', 'steps': 5, 'initial_lr': 0.005, 'target_lr': 0.005}, 'batch_per_device': 128}",128.61173558235168,0,3,1399.5571656559111,1,11.612727880477905
0.017688488960266112,0.03250323669819892,0.0007210493087768555,0.0018268247394610548,0.029144930839538574,nan,0.0,0.04981882572174072,0.4515249952673912,1.5251482630729676,-0.5080000162124634,nan,0.0,nan,0.0,nan,0.0,0.4714199900627136,1.5016909664535523,nan,0.0,0.5080000162124634,1.3616901767730714,nan,0.0,60000,1,False,,,4,-1.5251482630729676,12b05140caee463e9737579d17c618ef,2019-06-06_07-06-46,1559830006,42.2395339012146,170.85126948356628,1861,steropes,169.229.49.254,"{'starting_lr': 0.005, 'momentum': 0.95, 'weight_decay': 0.005, 'steps_per_iteration': None, 'pin': False, 'model_creator': None, 'target_batch_size': 128, 'model_string': 'resnet50', 'min_batch_size': 128, 'dataset': 'CIFAR', 'placement': None, 'use_nccl': True, 'devices_per_worker': 1, 'primary_resource': 'extra_gpu', 'gpu': False, 'verbose': False, 'lr_config': {'mode': 'log', 'steps': 5, 'initial_lr': 0.005, 'target_lr': 0.005}, 'batch_per_device': 128}",170.85126948356628,0,4,1404.7268151524256,1,11.612727880477905
0.018449997901916503,0.03206327293492571,0.0007341623306274414,0.001839332263487989,0.02839970588684082,nan,0.0,0.04752628803253174,0.46407999396324157,1.525276248779297,-0.5142999887466431,nan,0.0,nan,0.0,nan,0.0,0.501800000667572,1.4074925533294678,nan,0.0,0.5142999887466431,1.5257881916046143,nan,0.0,60000,1,False,,,5,-1.525276248779297,12b05140caee463e9737579d17c618ef,2019-06-06_07-07-28,1559830048,41.113648653030396,211.96491813659668,1861,steropes,169.229.49.254,"{'starting_lr': 0.005, 'momentum': 0.95, 'weight_decay': 0.005, 'steps_per_iteration': None, 'pin': False, 'model_creator': None, 'target_batch_size': 128, 'model_string': 'resnet50', 'min_batch_size': 128, 'dataset': 'CIFAR', 'placement': None, 'use_nccl': True, 'devices_per_worker': 1, 'primary_resource': 'extra_gpu', 'gpu': False, 'verbose': False, 'lr_config': {'mode': 'log', 'steps': 5, 'initial_lr': 0.005, 'target_lr': 0.005}, 'batch_per_device': 128}",211.96491813659668,0,5,1415.3250131369523,1,11.612727880477905
0.01783299446105957,0.03385142435001422,0.0006699323654174805,0.0018298601555397443,0.028471755981445312,nan,0.0,0.048438096046447755,0.5034199953079224,1.4299182455062867,-0.5647000074386597,nan,0.0,nan,0.0,nan,0.0,0.5320599675178528,1.3113106967926025,nan,0.0,0.5647000074386597,1.2307176389694214,nan,0.0,60000,1,False,,,6,-1.4299182455062867,12b05140caee463e9737579d17c618ef,2019-06-06_07-08-09,1559830089,41.06418538093567,253.02910351753235,1861,steropes,169.229.49.254,"{'starting_lr': 0.005, 'momentum': 0.95, 'weight_decay': 0.005, 'steps_per_iteration': None, 'pin': False, 'model_creator': None, 'target_batch_size': 128, 'model_string': 'resnet50', 'min_batch_size': 128, 'dataset': 'CIFAR', 'placement': None, 'use_nccl': True, 'devices_per_worker': 1, 'primary_resource': 'extra_gpu', 'gpu': False, 'verbose': False, 'lr_config': {'mode': 'log', 'steps': 5, 'initial_lr': 0.005, 'target_lr': 0.005}, 'batch_per_device': 128}",253.02910351753235,0,6,1454.60243973782,1,11.612727880477905
0.017635655403137208,0.032784579675408855,0.000748896598815918,0.0018595069875497648,0.02886066436767578,nan,0.0,0.048819661140441895,0.5277800023555755,1.3589606523513793,-0.5633000135421753,nan,0.0,nan,0.0,nan,0.0,0.5682600140571594,1.2197871701812744,nan,0.0,0.5633000135421753,1.2180288452148438,nan,0.0,60000,1,False,,,7,-1.3589606523513793,12b05140caee463e9737579d17c618ef,2019-06-06_07-08-50,1559830130,41.34836506843567,294.377468585968,1861,steropes,169.229.49.254,"{'starting_lr': 0.005, 'momentum': 0.95, 'weight_decay': 0.005, 'steps_per_iteration': None, 'pin': False, 'model_creator': None, 'target_batch_size': 128, 'model_string': 'resnet50', 'min_batch_size': 128, 'dataset': 'CIFAR', 'placement': None, 'use_nccl': True, 'devices_per_worker': 1, 'primary_resource': 'extra_gpu', 'gpu': False, 'verbose': False, 'lr_config': {'mode': 'log', 'steps': 5, 'initial_lr': 0.005, 'target_lr': 0.005}, 'batch_per_device': 128}",294.377468585968,0,7,1451.7146707463007,1,11.612727880477905
0.017374610900878905,0.032617028755477714,0.0007879495620727539,0.0018146428305779577,0.02894260883331299,nan,0.0,0.05059525966644287,0.5540799975395203,1.281275464630127,-0.6200999617576599,nan,0.0,nan,0.0,nan,0.0,0.5973399877548218,1.1430578535461426,nan,0.0,0.6200999617576599,1.070152470588684,nan,0.0,60000,1,False,,,8,-1.281275464630127,12b05140caee463e9737579d17c618ef,2019-06-06_07-09-31,1559830171,41.19389009475708,335.5713586807251,1861,steropes,169.229.49.254,"{'starting_lr': 0.005, 'momentum': 0.95, 'weight_decay': 0.005, 'steps_per_iteration': None, 'pin': False, 'model_creator': None, 'target_batch_size': 128, 'model_string': 'resnet50', 'min_batch_size': 128, 'dataset': 'CIFAR', 'placement': None, 'use_nccl': True, 'devices_per_worker': 1, 'primary_resource': 'extra_gpu', 'gpu': False, 'verbose': False, 'lr_config': {'mode': 'log', 'steps': 5, 'initial_lr': 0.005, 'target_lr': 0.005}, 'batch_per_device': 128}",335.5713586807251,0,8,1449.555360845784,1,11.612727880477905
0.017520976066589356,0.03256570538388023,0.0007265806198120117,0.0018417518157178483,0.028537797927856445,nan,0.0,0.04812452793121338,0.5804799914360046,1.2116584800720216,-0.6399999856948853,nan,0.0,nan,0.0,nan,0.0,0.6242200136184692,1.0711965355300903,nan,0.0,0.6399999856948853,1.013605253982544,nan,0.0,60000,1,False,,,9,-1.2116584800720216,12b05140caee463e9737579d17c618ef,2019-06-06_07-10-12,1559830212,40.99703598022461,376.5683946609497,1861,steropes,169.229.49.254,"{'starting_lr': 0.005, 'momentum': 0.95, 'weight_decay': 0.005, 'steps_per_iteration': None, 'pin': False, 'model_creator': None, 'target_batch_size': 128, 'model_string': 'resnet50', 'min_batch_size': 128, 'dataset': 'CIFAR', 'placement': None, 'use_nccl': True, 'devices_per_worker': 1, 'primary_resource': 'extra_gpu', 'gpu': False, 'verbose': False, 'lr_config': {'mode': 'log', 'steps': 5, 'initial_lr': 0.005, 'target_lr': 0.005}, 'batch_per_device': 128}",376.5683946609497,0,9,1458.3104088435955,1,11.612727880477905
0.01709768772125244,0.03191314166105246,0.0007220268249511719,0.0018408999723546645,0.027855587005615235,nan,0.0,0.047850942611694335,0.6024399876594544,1.1226544295692442,-0.6240999698638916,nan,0.0,nan,0.0,nan,0.0,0.6485199928283691,1.0071028434753417,nan,0.0,0.6240999698638916,1.0807679390907288,nan,0.0,60000,1,False,,,10,-1.1226544295692442,12b05140caee463e9737579d17c618ef,2019-06-06_07-10-53,1559830253,40.85361981391907,417.4220144748688,1861,steropes,169.229.49.254,"{'starting_lr': 0.005, 'momentum': 0.95, 'weight_decay': 0.005, 'steps_per_iteration': None, 'pin': False, 'model_creator': None, 'target_batch_size': 128, 'model_string': 'resnet50', 'min_batch_size': 128, 'dataset': 'CIFAR', 'placement': None, 'use_nccl': True, 'devices_per_worker': 1, 'primary_resource': 'extra_gpu', 'gpu': False, 'verbose': False, 'lr_config': {'mode': 'log', 'steps': 5, 'initial_lr': 0.005, 'target_lr': 0.005}, 'batch_per_device': 128}",417.4220144748688,0,10,1460.156017189184,1,11.612727880477905
0.01767113208770752,0.031955163690108285,0.000682997703552246,0.0018509202601049866,0.028188109397888184,nan,0.0,0.048323202133178714,0.6245599865913392,1.0665522443771365,-0.6753000020980835,nan,0.0,nan,0.0,nan,0.0,0.6684799790382385,0.9622474325180054,nan,0.0,0.6753000020980835,0.9502067130088806,nan,0.0,60000,1,False,,,11,-1.0665522443771365,12b05140caee463e9737579d17c618ef,2019-06-06_07-11-34,1559830294,41.30022978782654,458.7222442626953,1861,steropes,169.229.49.254,"{'starting_lr': 0.005, 'momentum': 0.95, 'weight_decay': 0.005, 'steps_per_iteration': None, 'pin': False, 'model_creator': None, 'target_batch_size': 128, 'model_string': 'resnet50', 'min_batch_size': 128, 'dataset': 'CIFAR', 'placement': None, 'use_nccl': True, 'devices_per_worker': 1, 'primary_resource': 'extra_gpu', 'gpu': False, 'verbose': False, 'lr_config': {'mode': 'log', 'steps': 5, 'initial_lr': 0.005, 'target_lr': 0.005}, 'batch_per_device': 128}",458.7222442626953,0,11,1458.4804687554467,1,11.612727880477905
0.023352432250976562,0.03181430056125303,0.0006949901580810547,0.0018869519538586706,0.031873250007629396,nan,0.0,0.04887371063232422,0.6493399858474731,1.0054514942741395,-0.6872000098228455,nan,0.0,nan,0.0,nan,0.0,0.6816200017929077,0.9244659545516968,nan,0.0,0.6872000098228455,0.9125250946998597,nan,0.0,60000,1,False,,,12,-1.0054514942741395,12b05140caee463e9737579d17c618ef,2019-06-06_07-12-15,1559830335,41.08197855949402,499.80422282218933,1861,steropes,169.229.49.254,"{'starting_lr': 0.005, 'momentum': 0.95, 'weight_decay': 0.005, 'steps_per_iteration': None, 'pin': False, 'model_creator': None, 'target_batch_size': 128, 'model_string': 'resnet50', 'min_batch_size': 128, 'dataset': 'CIFAR', 'placement': None, 'use_nccl': True, 'devices_per_worker': 1, 'primary_resource': 'extra_gpu', 'gpu': False, 'verbose': False, 'lr_config': {'mode': 'log', 'steps': 5, 'initial_lr': 0.005, 'target_lr': 0.005}, 'batch_per_device': 128}",499.80422282218933,0,12,1460.3716604437798,1,11.612727880477905
0.01879734992980957,0.03195734567280057,0.0007750272750854492,0.001857989889276607,0.03031811714172363,nan,0.0,0.04812421798706055,0.6609599947929382,0.9801363941001892,-0.6782000064849854,nan,0.0,nan,0.0,nan,0.0,0.6940000057220459,0.8896247688674926,nan,0.0,0.6782000064849854,0.9435769697189331,nan,0.0,60000,1,False,,,13,-0.9801363941001892,12b05140caee463e9737579d17c618ef,2019-06-06_07-12-57,1559830377,41.138633251190186,540.9428560733795,1861,steropes,169.229.49.254,"{'starting_lr': 0.005, 'momentum': 0.95, 'weight_decay': 0.005, 'steps_per_iteration': None, 'pin': False, 'model_creator': None, 'target_batch_size': 128, 'model_string': 'resnet50', 'min_batch_size': 128, 'dataset': 'CIFAR', 'placement': None, 'use_nccl': True, 'devices_per_worker': 1, 'primary_resource': 'extra_gpu', 'gpu': False, 'verbose': False, 'lr_config': {'mode': 'log', 'steps': 5, 'initial_lr': 0.005, 'target_lr': 0.005}, 'batch_per_device': 128}",540.9428560733795,0,13,1460.7642434843526,1,11.612727880477905
0.01856861114501953,0.03233018102525156,0.0007076025009155274,0.0018400877637936332,0.028801918029785156,nan,0.0,0.048302221298217776,0.6768799901008606,0.9390001044464112,-0.7195999622344971,nan,0.0,nan,0.0,nan,0.0,0.701200008392334,0.8766170622444153,nan,0.0,0.7195999622344971,0.8079238057136535,nan,0.0,60000,1,False,,,14,-0.9390001044464112,12b05140caee463e9737579d17c618ef,2019-06-06_07-13-38,1559830418,41.052595138549805,581.9954512119293,1861,steropes,169.229.49.254,"{'starting_lr': 0.005, 'momentum': 0.95, 'weight_decay': 0.005, 'steps_per_iteration': None, 'pin': False, 'model_creator': None, 'target_batch_size': 128, 'model_string': 'resnet50', 'min_batch_size': 128, 'dataset': 'CIFAR', 'placement': None, 'use_nccl': True, 'devices_per_worker': 1, 'primary_resource': 'extra_gpu', 'gpu': False, 'verbose': False, 'lr_config': {'mode': 'log', 'steps': 5, 'initial_lr': 0.005, 'target_lr': 0.005}, 'batch_per_device': 128}",581.9954512119293,0,14,1460.3691655463142,1,11.612727880477905
0.018091106414794923,0.03196384031561356,0.0007297754287719727,0.0018340925426434374,0.028326129913330077,nan,0.0,0.047661876678466795,0.6941999912261962,0.8934312906837463,-0.7106999754905701,nan,0.0,nan,0.0,nan,0.0,0.7080199718475342,0.8547216784477234,nan,0.0,0.7106999754905701,0.8529238702774048,nan,0.0,60000,1,False,,,15,-0.8934312906837463,12b05140caee463e9737579d17c618ef,2019-06-06_07-14-18,1559830458,40.82977747917175,622.8252286911011,1861,steropes,169.229.49.254,"{'starting_lr': 0.005, 'momentum': 0.95, 'weight_decay': 0.005, 'steps_per_iteration': None, 'pin': False, 'model_creator': None, 'target_batch_size': 128, 'model_string': 'resnet50', 'min_batch_size': 128, 'dataset': 'CIFAR', 'placement': None, 'use_nccl': True, 'devices_per_worker': 1, 'primary_resource': 'extra_gpu', 'gpu': False, 'verbose': False, 'lr_config': {'mode': 'log', 'steps': 5, 'initial_lr': 0.005, 'target_lr': 0.005}, 'batch_per_device': 128}",622.8252286911011,0,15,1460.5386905046078,1,11.612727880477905
0.01855950355529785,0.03161942506138282,0.0007298469543457031,0.0018522788191695347,0.029569101333618165,nan,0.0,0.05079009532928467,0.6990799903869629,0.8827061981964113,-0.6996999979019165,nan,0.0,nan,0.0,nan,0.0,0.7163800001144409,0.8386020992660522,nan,0.0,0.6996999979019165,0.8965812505722046,nan,0.0,60000,1,False,,,16,-0.8827061981964113,12b05140caee463e9737579d17c618ef,2019-06-06_07-15-00,1559830500,41.183011054992676,664.0082397460938,1861,steropes,169.229.49.254,"{'starting_lr': 0.005, 'momentum': 0.95, 'weight_decay': 0.005, 'steps_per_iteration': None, 'pin': False, 'model_creator': None, 'target_batch_size': 128, 'model_string': 'resnet50', 'min_batch_size': 128, 'dataset': 'CIFAR', 'placement': None, 'use_nccl': True, 'devices_per_worker': 1, 'primary_resource': 'extra_gpu', 'gpu': False, 'verbose': False, 'lr_config': {'mode': 'log', 'steps': 5, 'initial_lr': 0.005, 'target_lr': 0.005}, 'batch_per_device': 128}",664.0082397460938,0,16,1461.372596522924,1,11.612727880477905
0.01743152141571045,0.032185252708724785,0.0006922006607055664,0.001832429710251596,0.02834761142730713,nan,0.0,0.048757743835449216,0.6986599802970886,0.8854246197509766,-0.6850999593734741,nan,0.0,nan,0.0,nan,0.0,0.7213000059127808,0.8232137042999268,nan,0.0,0.6850999593734741,0.9261172024726868,nan,0.0,60000,1,False,,,17,-0.8854246197509766,12b05140caee463e9737579d17c618ef,2019-06-06_07-15-41,1559830541,41.08342957496643,705.0916693210602,1861,steropes,169.229.49.254,"{'starting_lr': 0.005, 'momentum': 0.95, 'weight_decay': 0.005, 'steps_per_iteration': None, 'pin': False, 'model_creator': None, 'target_batch_size': 128, 'model_string': 'resnet50', 'min_batch_size': 128, 'dataset': 'CIFAR', 'placement': None, 'use_nccl': True, 'devices_per_worker': 1, 'primary_resource': 'extra_gpu', 'gpu': False, 'verbose': False, 'lr_config': {'mode': 'log', 'steps': 5, 'initial_lr': 0.005, 'target_lr': 0.005}, 'batch_per_device': 128}",705.0916693210602,0,17,1461.3622927108331,1,11.612727880477905
0.017330455780029296,0.03244164321995989,0.0007326602935791016,0.0018501239054648164,0.02820272445678711,nan,0.0,0.047165870666503906,0.7051799774169922,0.8677798521995544,-0.7107999920845032,nan,0.0,nan,0.0,nan,0.0,0.7250199913978577,0.8084081062126159,nan,0.0,0.7107999920845032,0.8553531319618225,nan,0.0,60000,1,False,,,18,-0.8677798521995544,12b05140caee463e9737579d17c618ef,2019-06-06_07-16-22,1559830582,41.054030418395996,746.1456997394562,1861,steropes,169.229.49.254,"{'starting_lr': 0.005, 'momentum': 0.95, 'weight_decay': 0.005, 'steps_per_iteration': None, 'pin': False, 'model_creator': None, 'target_batch_size': 128, 'model_string': 'resnet50', 'min_batch_size': 128, 'dataset': 'CIFAR', 'placement': None, 'use_nccl': True, 'devices_per_worker': 1, 'primary_resource': 'extra_gpu', 'gpu': False, 'verbose': False, 'lr_config': {'mode': 'log', 'steps': 5, 'initial_lr': 0.005, 'target_lr': 0.005}, 'batch_per_device': 128}",746.1456997394562,0,18,1461.964774284625,1,11.612727880477905
0.0185624361038208,0.03233776213247565,0.0007163047790527344,0.0018353504902871368,0.028955817222595215,nan,0.0,0.047208309173583984,0.6993399858474731,0.8938148904037476,-0.6904000043869019,nan,0.0,nan,0.0,nan,0.0,0.7298199534416199,0.7940291668891907,nan,0.0,0.6904000043869019,0.9380989967346192,nan,0.0,60000,1,False,,,19,-0.8938148904037476,12b05140caee463e9737579d17c618ef,2019-06-06_07-17-03,1559830623,41.53775906562805,787.6834588050842,1861,steropes,169.229.49.254,"{'starting_lr': 0.005, 'momentum': 0.95, 'weight_decay': 0.005, 'steps_per_iteration': None, 'pin': False, 'model_creator': None, 'target_batch_size': 128, 'model_string': 'resnet50', 'min_batch_size': 128, 'dataset': 'CIFAR', 'placement': None, 'use_nccl': True, 'devices_per_worker': 1, 'primary_resource': 'extra_gpu', 'gpu': False, 'verbose': False, 'lr_config': {'mode': 'log', 'steps': 5, 'initial_lr': 0.005, 'target_lr': 0.005}, 'batch_per_device': 128}",787.6834588050842,0,19,1458.5163644304357,1,11.612727880477905
0.02003650665283203,0.03237716759307475,0.0008551836013793946,0.001877047521683871,0.03053007125854492,nan,0.0,0.05199158191680908,0.6981199860572815,0.9008957059478758,-0.7045999765396118,nan,0.0,nan,0.0,nan,0.0,0.7343999743461609,0.787434292678833,nan,0.0,0.7045999765396118,0.8883279479980469,nan,0.0,60000,1,False,,,20,-0.9008957059478758,12b05140caee463e9737579d17c618ef,2019-06-06_07-17-46,1559830666,42.27884650230408,829.9623053073883,1861,steropes,169.229.49.254,"{'starting_lr': 0.005, 'momentum': 0.95, 'weight_decay': 0.005, 'steps_per_iteration': None, 'pin': False, 'model_creator': None, 'target_batch_size': 128, 'model_string': 'resnet50', 'min_batch_size': 128, 'dataset': 'CIFAR', 'placement': None, 'use_nccl': True, 'devices_per_worker': 1, 'primary_resource': 'extra_gpu', 'gpu': False, 'verbose': False, 'lr_config': {'mode': 'log', 'steps': 5, 'initial_lr': 0.005, 'target_lr': 0.005}, 'batch_per_device': 128}",829.9623053073883,0,20,1448.3130080466326,1,11.612727880477905
0.02154831886291504,0.032624362390252605,0.0007550954818725586,0.0018012956585115789,0.0309340238571167,nan,0.0,0.04943304061889649,0.705679976940155,0.876117577381134,-0.7374999523162842,nan,0.0,nan,0.0,nan,0.0,0.7389999628067017,0.7701936006355286,nan,0.0,0.7374999523162842,0.7726906077384949,nan,0.0,60000,1,False,,,21,-0.876117577381134,12b05140caee463e9737579d17c618ef,2019-06-06_07-18-27,1559830707,41.051124811172485,871.0134301185608,1861,steropes,169.229.49.254,"{'starting_lr': 0.005, 'momentum': 0.95, 'weight_decay': 0.005, 'steps_per_iteration': None, 'pin': False, 'model_creator': None, 'target_batch_size': 128, 'model_string': 'resnet50', 'min_batch_size': 128, 'dataset': 'CIFAR', 'placement': None, 'use_nccl': True, 'devices_per_worker': 1, 'primary_resource': 'extra_gpu', 'gpu': False, 'verbose': False, 'lr_config': {'mode': 'log', 'steps': 5, 'initial_lr': 0.005, 'target_lr': 0.005}, 'batch_per_device': 128}",871.0134301185608,0,21,1449.235780540798,1,11.612727880477905
0.019309520721435547,0.03172177302686474,0.0007030010223388672,0.0018401627650346292,0.02927689552307129,nan,0.0,0.04744727611541748,0.7111999869346619,0.8608719685745239,-0.7127000093460083,nan,0.0,nan,0.0,nan,0.0,0.7387799620628357,0.7781663630485535,nan,0.0,0.7127000093460083,0.8498891584396362,nan,0.0,60000,1,False,,,22,-0.8608719685745239,12b05140caee463e9737579d17c618ef,2019-06-06_07-19-08,1559830748,41.06286144256592,912.0762915611267,1861,steropes,169.229.49.254,"{'starting_lr': 0.005, 'momentum': 0.95, 'weight_decay': 0.005, 'steps_per_iteration': None, 'pin': False, 'model_creator': None, 'target_batch_size': 128, 'model_string': 'resnet50', 'min_batch_size': 128, 'dataset': 'CIFAR', 'placement': None, 'use_nccl': True, 'devices_per_worker': 1, 'primary_resource': 'extra_gpu', 'gpu': False, 'verbose': False, 'lr_config': {'mode': 'log', 'steps': 5, 'initial_lr': 0.005, 'target_lr': 0.005}, 'batch_per_device': 128}",912.0762915611267,0,22,1449.3798480341268,1,11.612727880477905
0.018154311180114745,0.03215234189093867,0.0007415294647216796,0.0018387651809341158,0.02848372459411621,nan,0.0,0.05099422931671142,0.7178599834442139,0.8414862627983094,-0.7440999746322632,nan,0.0,nan,0.0,nan,0.0,0.7376399636268616,0.7682074632644653,nan,0.0,0.7440999746322632,0.7584246030807495,nan,0.0,60000,1,False,,,23,-0.8414862627983094,12b05140caee463e9737579d17c618ef,2019-06-06_07-19-49,1559830789,41.08416748046875,953.1604590415955,1861,steropes,169.229.49.254,"{'starting_lr': 0.005, 'momentum': 0.95, 'weight_decay': 0.005, 'steps_per_iteration': None, 'pin': False, 'model_creator': None, 'target_batch_size': 128, 'model_string': 'resnet50', 'min_batch_size': 128, 'dataset': 'CIFAR', 'placement': None, 'use_nccl': True, 'devices_per_worker': 1, 'primary_resource': 'extra_gpu', 'gpu': False, 'verbose': False, 'lr_config': {'mode': 'log', 'steps': 5, 'initial_lr': 0.005, 'target_lr': 0.005}, 'batch_per_device': 128}",953.1604590415955,0,23,1449.16920096553,1,11.612727880477905
0.017627668380737305,0.032049393352073956,0.0006605863571166992,0.0018521385729465339,0.028523707389831544,nan,0.0,0.047524118423461915,0.7243199825286866,0.8204056322479248,-0.7226999998092651,nan,0.0,nan,0.0,nan,0.0,0.7463600039482117,0.7534047214126587,nan,0.0,0.7226999998092651,0.8326958439826966,nan,0.0,60000,1,False,,,24,-0.8204056322479248,12b05140caee463e9737579d17c618ef,2019-06-06_07-20-30,1559830830,41.097939014434814,994.2583980560303,1861,steropes,169.229.49.254,"{'starting_lr': 0.005, 'momentum': 0.95, 'weight_decay': 0.005, 'steps_per_iteration': None, 'pin': False, 'model_creator': None, 'target_batch_size': 128, 'model_string': 'resnet50', 'min_batch_size': 128, 'dataset': 'CIFAR', 'placement': None, 'use_nccl': True, 'devices_per_worker': 1, 'primary_resource': 'extra_gpu', 'gpu': False, 'verbose': False, 'lr_config': {'mode': 'log', 'steps': 5, 'initial_lr': 0.005, 'target_lr': 0.005}, 'batch_per_device': 128}",994.2583980560303,0,24,1452.254709298914,1,11.612727880477905
0.017113542556762694,0.03275535076479368,0.0007146358489990235,0.0018433536714909937,0.02813444137573242,nan,0.0,0.047377371788024904,0.7334399819374084,0.7935604893875123,-0.7501999735832214,nan,0.0,nan,0.0,nan,0.0,0.7488399744033813,0.7475230839729309,nan,0.0,0.7501999735832214,0.7541022336959838,nan,0.0,60000,1,False,,,25,-0.7935604893875123,12b05140caee463e9737579d17c618ef,2019-06-06_07-21-11,1559830871,41.21147394180298,1035.4698719978333,1861,steropes,169.229.49.254,"{'starting_lr': 0.005, 'momentum': 0.95, 'weight_decay': 0.005, 'steps_per_iteration': None, 'pin': False, 'model_creator': None, 'target_batch_size': 128, 'model_string': 'resnet50', 'min_batch_size': 128, 'dataset': 'CIFAR', 'placement': None, 'use_nccl': True, 'devices_per_worker': 1, 'primary_resource': 'extra_gpu', 'gpu': False, 'verbose': False, 'lr_config': {'mode': 'log', 'steps': 5, 'initial_lr': 0.005, 'target_lr': 0.005}, 'batch_per_device': 128}",1035.4698719978333,0,25,1459.7975351187422,1,11.612727880477905
0.017037200927734374,0.031891104541247405,0.0007010459899902344,0.0018115110714417284,0.027765345573425294,nan,0.0,0.04739720821380615,0.7325399875640869,0.7976298867797852,-0.7329999804496765,nan,0.0,nan,0.0,nan,0.0,0.7503199577331543,0.7414087320327759,nan,0.0,0.7329999804496765,0.7930375946998596,nan,0.0,60000,1,False,,,26,-0.7976298867797852,12b05140caee463e9737579d17c618ef,2019-06-06_07-21-52,1559830912,41.028608560562134,1076.4984805583954,1861,steropes,169.229.49.254,"{'starting_lr': 0.005, 'momentum': 0.95, 'weight_decay': 0.005, 'steps_per_iteration': None, 'pin': False, 'model_creator': None, 'target_batch_size': 128, 'model_string': 'resnet50', 'min_batch_size': 128, 'dataset': 'CIFAR', 'placement': None, 'use_nccl': True, 'devices_per_worker': 1, 'primary_resource': 'extra_gpu', 'gpu': False, 'verbose': False, 'lr_config': {'mode': 'log', 'steps': 5, 'initial_lr': 0.005, 'target_lr': 0.005}, 'batch_per_device': 128}",1076.4984805583954,0,26,1459.9574361475557,1,11.612727880477905
0.01751718521118164,0.031907636908036247,0.0007376432418823242,0.0018270357185617432,0.028075051307678223,nan,0.0,0.04788708686828613,0.7308199763298034,0.8036753553962708,-0.7040999531745911,nan,0.0,nan,0.0,nan,0.0,0.7457000017166138,0.7527480850601196,nan,0.0,0.7040999531745911,0.8801165015220642,nan,0.0,60000,1,False,,,27,-0.8036753553962708,12b05140caee463e9737579d17c618ef,2019-06-06_07-22-33,1559830953,40.921672105789185,1117.4201526641846,1861,steropes,169.229.49.254,"{'starting_lr': 0.005, 'momentum': 0.95, 'weight_decay': 0.005, 'steps_per_iteration': None, 'pin': False, 'model_creator': None, 'target_batch_size': 128, 'model_string': 'resnet50', 'min_batch_size': 128, 'dataset': 'CIFAR', 'placement': None, 'use_nccl': True, 'devices_per_worker': 1, 'primary_resource': 'extra_gpu', 'gpu': False, 'verbose': False, 'lr_config': {'mode': 'log', 'steps': 5, 'initial_lr': 0.005, 'target_lr': 0.005}, 'batch_per_device': 128}",1117.4201526641846,0,27,1460.9612409404021,1,11.612727880477905
0.018432807922363282,0.03208029119274284,0.0007352113723754882,0.0018287698935974589,0.029380655288696288,nan,0.0,0.049945926666259764,0.7331799745559693,0.7941368990898132,-0.755899965763092,nan,0.0,nan,0.0,nan,0.0,0.7520999908447266,0.7317932062149047,nan,0.0,0.755899965763092,0.7107323215484619,nan,0.0,60000,1,False,,,28,-0.7941368990898132,12b05140caee463e9737579d17c618ef,2019-06-06_07-23-14,1559830994,41.138832569122314,1158.5589852333069,1861,steropes,169.229.49.254,"{'starting_lr': 0.005, 'momentum': 0.95, 'weight_decay': 0.005, 'steps_per_iteration': None, 'pin': False, 'model_creator': None, 'target_batch_size': 128, 'model_string': 'resnet50', 'min_batch_size': 128, 'dataset': 'CIFAR', 'placement': None, 'use_nccl': True, 'devices_per_worker': 1, 'primary_resource': 'extra_gpu', 'gpu': False, 'verbose': False, 'lr_config': {'mode': 'log', 'steps': 5, 'initial_lr': 0.005, 'target_lr': 0.005}, 'batch_per_device': 128}",1158.5589852333069,0,28,1460.5720444764536,1,11.612727880477905
0.018308377265930174,0.033822225618966015,0.0007155895233154297,0.0018125952357221442,0.029277348518371583,nan,0.0,0.048482418060302734,0.736959969997406,0.7868288933563232,-0.741599977016449,nan,0.0,nan,0.0,nan,0.0,0.7541999816894531,0.7271742332839966,nan,0.0,0.741599977016449,0.7961558153152466,nan,0.0,60000,1,False,,,29,-0.7868288933563232,12b05140caee463e9737579d17c618ef,2019-06-06_07-23-55,1559831035,41.14547777175903,1199.704463005066,1861,steropes,169.229.49.254,"{'starting_lr': 0.005, 'momentum': 0.95, 'weight_decay': 0.005, 'steps_per_iteration': None, 'pin': False, 'model_creator': None, 'target_batch_size': 128, 'model_string': 'resnet50', 'min_batch_size': 128, 'dataset': 'CIFAR', 'placement': None, 'use_nccl': True, 'devices_per_worker': 1, 'primary_resource': 'extra_gpu', 'gpu': False, 'verbose': False, 'lr_config': {'mode': 'log', 'steps': 5, 'initial_lr': 0.005, 'target_lr': 0.005}, 'batch_per_device': 128}",1199.704463005066,0,29,1460.2340419563047,1,11.612727880477905
0.01727008819580078,0.032511119601092764,0.0007204771041870117,0.0018456902955194263,0.028897547721862794,nan,0.0,0.0478477954864502,0.7385199666023254,0.7788462124061585,-0.7579999566078186,nan,0.0,nan,0.0,nan,0.0,0.7530999779701233,0.7272019073486328,nan,0.0,0.7579999566078186,0.7141888289451599,nan,0.0,60000,1,False,,,30,-0.7788462124061585,12b05140caee463e9737579d17c618ef,2019-06-06_07-24-37,1559831077,41.11871266365051,1240.8231756687164,1861,steropes,169.229.49.254,"{'starting_lr': 0.005, 'momentum': 0.95, 'weight_decay': 0.005, 'steps_per_iteration': None, 'pin': False, 'model_creator': None, 'target_batch_size': 128, 'model_string': 'resnet50', 'min_batch_size': 128, 'dataset': 'CIFAR', 'placement': None, 'use_nccl': True, 'devices_per_worker': 1, 'primary_resource': 'extra_gpu', 'gpu': False, 'verbose': False, 'lr_config': {'mode': 'log', 'steps': 5, 'initial_lr': 0.005, 'target_lr': 0.005}, 'batch_per_device': 128}",1240.8231756687164,0,30,1460.893630552919,1,11.612727880477905
0.017920255661010742,0.03300924542583997,0.000775146484375,0.0018585874601398282,0.028639459609985353,nan,0.0,0.04896214008331299,0.7419599652290344,0.7661940240478515,-0.7501999735832214,nan,0.0,nan,0.0,nan,0.0,0.7559599876403809,0.7225721381759643,nan,0.0,0.7501999735832214,0.7297766529083252,nan,0.0,60000,1,False,,,31,-0.7661940240478515,12b05140caee463e9737579d17c618ef,2019-06-06_07-25-18,1559831118,41.3971951007843,1282.2203707695007,1861,steropes,169.229.49.254,"{'starting_lr': 0.005, 'momentum': 0.95, 'weight_decay': 0.005, 'steps_per_iteration': None, 'pin': False, 'model_creator': None, 'target_batch_size': 128, 'model_string': 'resnet50', 'min_batch_size': 128, 'dataset': 'CIFAR', 'placement': None, 'use_nccl': True, 'devices_per_worker': 1, 'primary_resource': 'extra_gpu', 'gpu': False, 'verbose': False, 'lr_config': {'mode': 'log', 'steps': 5, 'initial_lr': 0.005, 'target_lr': 0.005}, 'batch_per_device': 128}",1282.2203707695007,0,31,1458.2762116589508,1,11.612727880477905
0.018488359451293946,0.032193208042579365,0.0007347822189331055,0.0018830439623664407,0.028897523880004883,nan,0.0,0.047819900512695315,0.7492799758911133,0.7452902011871337,-0.7407000064849854,nan,0.0,nan,0.0,nan,0.0,0.7582799792289734,0.7160988486862183,nan,0.0,0.7407000064849854,0.7755973872184754,nan,0.0,60000,1,False,,,32,-0.7452902011871337,12b05140caee463e9737579d17c618ef,2019-06-06_07-25-59,1559831159,41.19015383720398,1323.4105246067047,1861,steropes,169.229.49.254,"{'starting_lr': 0.005, 'momentum': 0.95, 'weight_decay': 0.005, 'steps_per_iteration': None, 'pin': False, 'model_creator': None, 'target_batch_size': 128, 'model_string': 'resnet50', 'min_batch_size': 128, 'dataset': 'CIFAR', 'placement': None, 'use_nccl': True, 'devices_per_worker': 1, 'primary_resource': 'extra_gpu', 'gpu': False, 'verbose': False, 'lr_config': {'mode': 'log', 'steps': 5, 'initial_lr': 0.005, 'target_lr': 0.005}, 'batch_per_device': 128}",1323.4105246067047,0,32,1456.375514979714,1,11.612727880477905
0.018812108039855956,0.032273763342748715,0.0007046937942504882,0.0018876373310528142,0.02913222312927246,nan,0.0,0.04927272796630859,0.7452199816703796,0.7606027168273926,-0.7355999946594238,nan,0.0,nan,0.0,nan,0.0,0.7592200040817261,0.7131793722915649,nan,0.0,0.7355999946594238,0.7872948997497559,nan,0.0,60000,1,False,,,33,-0.7606027168273926,12b05140caee463e9737579d17c618ef,2019-06-06_07-26-41,1559831201,41.4239706993103,1364.834495306015,1861,steropes,169.229.49.254,"{'starting_lr': 0.005, 'momentum': 0.95, 'weight_decay': 0.005, 'steps_per_iteration': None, 'pin': False, 'model_creator': None, 'target_batch_size': 128, 'model_string': 'resnet50', 'min_batch_size': 128, 'dataset': 'CIFAR', 'placement': None, 'use_nccl': True, 'devices_per_worker': 1, 'primary_resource': 'extra_gpu', 'gpu': False, 'verbose': False, 'lr_config': {'mode': 'log', 'steps': 5, 'initial_lr': 0.005, 'target_lr': 0.005}, 'batch_per_device': 128}",1364.834495306015,0,33,1454.362763793884,1,11.612727880477905
0.017603492736816405,0.03217534777484363,0.0007920742034912109,0.001864152796128217,0.02896876335144043,nan,0.0,0.04813017845153809,0.7456599831581116,0.7538387760353088,-0.7437999844551086,nan,0.0,nan,0.0,nan,0.0,0.7591399550437927,0.7158379175949097,nan,0.0,0.7437999844551086,0.7623361113548279,nan,0.0,60000,1,False,,,34,-0.7538387760353088,12b05140caee463e9737579d17c618ef,2019-06-06_07-27-22,1559831242,41.21778225898743,1406.0522775650024,1861,steropes,169.229.49.254,"{'starting_lr': 0.005, 'momentum': 0.95, 'weight_decay': 0.005, 'steps_per_iteration': None, 'pin': False, 'model_creator': None, 'target_batch_size': 128, 'model_string': 'resnet50', 'min_batch_size': 128, 'dataset': 'CIFAR', 'placement': None, 'use_nccl': True, 'devices_per_worker': 1, 'primary_resource': 'extra_gpu', 'gpu': False, 'verbose': False, 'lr_config': {'mode': 'log', 'steps': 5, 'initial_lr': 0.005, 'target_lr': 0.005}, 'batch_per_device': 128}",1406.0522775650024,0,34,1453.8531612827103,1,11.612727880477905
0.018510985374450683,0.03198441976233374,0.0006935596466064453,0.001824861292339042,0.028861021995544432,nan,0.0,0.04851357936859131,0.7420999884605408,0.7659287565803529,-0.7401999831199646,nan,0.0,nan,0.0,nan,0.0,0.7603999972343445,0.7101641885757446,nan,0.0,0.7401999831199646,0.7746387316703797,nan,0.0,60000,1,False,,,35,-0.7659287565803529,12b05140caee463e9737579d17c618ef,2019-06-06_07-28-03,1559831283,40.91325354576111,1446.9655311107635,1861,steropes,169.229.49.254,"{'starting_lr': 0.005, 'momentum': 0.95, 'weight_decay': 0.005, 'steps_per_iteration': None, 'pin': False, 'model_creator': None, 'target_batch_size': 128, 'model_string': 'resnet50', 'min_batch_size': 128, 'dataset': 'CIFAR', 'placement': None, 'use_nccl': True, 'devices_per_worker': 1, 'primary_resource': 'extra_gpu', 'gpu': False, 'verbose': False, 'lr_config': {'mode': 'log', 'steps': 5, 'initial_lr': 0.005, 'target_lr': 0.005}, 'batch_per_device': 128}",1446.9655311107635,0,35,1455.302189639417,1,11.612727880477905
0.01871623992919922,0.03165625016900558,0.0007130384445190429,0.0018236917607924517,0.029282474517822267,nan,0.0,0.04804532527923584,0.7423399925231934,0.7669698581695557,-0.7513999938964844,nan,0.0,nan,0.0,nan,0.0,0.7598199844360352,0.707783299369812,nan,0.0,0.7513999938964844,0.7349821608543397,nan,0.0,60000,1,False,,,36,-0.7669698581695557,12b05140caee463e9737579d17c618ef,2019-06-06_07-28-44,1559831324,40.97017002105713,1487.9357011318207,1861,steropes,169.229.49.254,"{'starting_lr': 0.005, 'momentum': 0.95, 'weight_decay': 0.005, 'steps_per_iteration': None, 'pin': False, 'model_creator': None, 'target_batch_size': 128, 'model_string': 'resnet50', 'min_batch_size': 128, 'dataset': 'CIFAR', 'placement': None, 'use_nccl': True, 'devices_per_worker': 1, 'primary_resource': 'extra_gpu', 'gpu': False, 'verbose': False, 'lr_config': {'mode': 'log', 'steps': 5, 'initial_lr': 0.005, 'target_lr': 0.005}, 'batch_per_device': 128}",1487.9357011318207,0,36,1458.3231254539928,1,11.612727880477905
0.01817762851715088,0.03196424170385433,0.000714111328125,0.0018306918766187584,0.028391265869140626,nan,0.0,0.047646617889404295,0.7454399824142456,0.7564690293884277,-0.7561999559402466,nan,0.0,nan,0.0,nan,0.0,0.7638999819755554,0.7057947424125671,nan,0.0,0.7561999559402466,0.7230932433128356,nan,0.0,60000,1,False,,,37,-0.7564690293884277,12b05140caee463e9737579d17c618ef,2019-06-06_07-29-25,1559831365,41.154871702194214,1529.090572834015,1861,steropes,169.229.49.254,"{'starting_lr': 0.005, 'momentum': 0.95, 'weight_decay': 0.005, 'steps_per_iteration': None, 'pin': False, 'model_creator': None, 'target_batch_size': 128, 'model_string': 'resnet50', 'min_batch_size': 128, 'dataset': 'CIFAR', 'placement': None, 'use_nccl': True, 'devices_per_worker': 1, 'primary_resource': 'extra_gpu', 'gpu': False, 'verbose': False, 'lr_config': {'mode': 'log', 'steps': 5, 'initial_lr': 0.005, 'target_lr': 0.005}, 'batch_per_device': 128}",1529.090572834015,0,37,1458.5733399532446,1,11.612727880477905
0.019237732887268065,0.031955697868443746,0.0008059263229370118,0.0018146556356678839,0.02918741703033447,nan,0.0,0.04768998622894287,0.7448599815368653,0.755322120552063,-0.732699990272522,nan,0.0,nan,0.0,nan,0.0,0.7619999647140503,0.7051549150657653,nan,0.0,0.732699990272522,0.7815603555679321,nan,0.0,60000,1,False,,,38,-0.755322120552063,12b05140caee463e9737579d17c618ef,2019-06-06_07-30-06,1559831406,40.80508518218994,1569.8956580162048,1861,steropes,169.229.49.254,"{'starting_lr': 0.005, 'momentum': 0.95, 'weight_decay': 0.005, 'steps_per_iteration': None, 'pin': False, 'model_creator': None, 'target_batch_size': 128, 'model_string': 'resnet50', 'min_batch_size': 128, 'dataset': 'CIFAR', 'placement': None, 'use_nccl': True, 'devices_per_worker': 1, 'primary_resource': 'extra_gpu', 'gpu': False, 'verbose': False, 'lr_config': {'mode': 'log', 'steps': 5, 'initial_lr': 0.005, 'target_lr': 0.005}, 'batch_per_device': 128}",1569.8956580162048,0,38,1462.9753786032766,1,11.612727880477905
0.017803955078125,0.03158970724178266,0.0007422208786010742,0.0018233448038320712,0.028352570533752442,nan,0.0,0.04801621437072754,0.7438999772071838,0.7579485061073303,-0.7389999628067017,nan,0.0,nan,0.0,nan,0.0,0.7625399827957153,0.7054080787277222,nan,0.0,0.7389999628067017,0.7754680391311646,nan,0.0,60000,1,False,,,39,-0.7579485061073303,12b05140caee463e9737579d17c618ef,2019-06-06_07-30-47,1559831447,41.03736400604248,1610.9330220222473,1861,steropes,169.229.49.254,"{'starting_lr': 0.005, 'momentum': 0.95, 'weight_decay': 0.005, 'steps_per_iteration': None, 'pin': False, 'model_creator': None, 'target_batch_size': 128, 'model_string': 'resnet50', 'min_batch_size': 128, 'dataset': 'CIFAR', 'placement': None, 'use_nccl': True, 'devices_per_worker': 1, 'primary_resource': 'extra_gpu', 'gpu': False, 'verbose': False, 'lr_config': {'mode': 'log', 'steps': 5, 'initial_lr': 0.005, 'target_lr': 0.005}, 'batch_per_device': 128}",1610.9330220222473,0,39,1464.2637099875142,1,11.612727880477905
0.017436122894287108,0.031675667702397214,0.0006874322891235352,0.0018615186062005474,0.028500938415527345,nan,0.0,0.04846928119659424,0.7429599761962891,0.7581704346084595,-0.7354999780654907,nan,0.0,nan,0.0,nan,0.0,0.7669999599456787,0.6892900636100769,nan,0.0,0.7354999780654907,0.7757483741760254,nan,0.0,60000,1,False,,,40,-0.7581704346084595,12b05140caee463e9737579d17c618ef,2019-06-06_07-31-28,1559831488,41.120819330215454,1652.0538413524628,1861,steropes,169.229.49.254,"{'starting_lr': 0.005, 'momentum': 0.95, 'weight_decay': 0.005, 'steps_per_iteration': None, 'pin': False, 'model_creator': None, 'target_batch_size': 128, 'model_string': 'resnet50', 'min_batch_size': 128, 'dataset': 'CIFAR', 'placement': None, 'use_nccl': True, 'devices_per_worker': 1, 'primary_resource': 'extra_gpu', 'gpu': False, 'verbose': False, 'lr_config': {'mode': 'log', 'steps': 5, 'initial_lr': 0.005, 'target_lr': 0.005}, 'batch_per_device': 128}",1652.0538413524628,0,40,1462.7817215758093,1,11.612727880477905
0.0195389986038208,0.03201492225067525,0.0007119417190551758,0.001828028417914115,0.028928112983703614,nan,0.0,0.048110437393188474,0.742579972743988,0.7603983616828918,-0.7494999766349792,nan,0.0,nan,0.0,nan,0.0,0.765239953994751,0.7006955915832519,nan,0.0,0.7494999766349792,0.7461217962265014,nan,0.0,60000,1,False,,,41,-0.7603983616828918,12b05140caee463e9737579d17c618ef,2019-06-06_07-32-09,1559831529,40.87191033363342,1692.9257516860962,1861,steropes,169.229.49.254,"{'starting_lr': 0.005, 'momentum': 0.95, 'weight_decay': 0.005, 'steps_per_iteration': None, 'pin': False, 'model_creator': None, 'target_batch_size': 128, 'model_string': 'resnet50', 'min_batch_size': 128, 'dataset': 'CIFAR', 'placement': None, 'use_nccl': True, 'devices_per_worker': 1, 'primary_resource': 'extra_gpu', 'gpu': False, 'verbose': False, 'lr_config': {'mode': 'log', 'steps': 5, 'initial_lr': 0.005, 'target_lr': 0.005}, 'batch_per_device': 128}",1692.9257516860962,0,41,1463.4829087256428,1,11.612727880477905
0.017444491386413574,0.0317661611339714,0.0007224082946777344,0.0017954961723073975,0.027939820289611818,nan,0.0,0.04737522602081299,0.7323599815368652,0.7915210156250001,-0.7050999999046326,nan,0.0,nan,0.0,nan,0.0,0.770859956741333,0.6883125208473205,nan,0.0,0.7050999999046326,0.8787065130233764,nan,0.0,60000,1,False,,,42,-0.7915210156250001,12b05140caee463e9737579d17c618ef,2019-06-06_07-32-49,1559831569,40.73211407661438,1733.6578657627106,1861,steropes,169.229.49.254,"{'starting_lr': 0.005, 'momentum': 0.95, 'weight_decay': 0.005, 'steps_per_iteration': None, 'pin': False, 'model_creator': None, 'target_batch_size': 128, 'model_string': 'resnet50', 'min_batch_size': 128, 'dataset': 'CIFAR', 'placement': None, 'use_nccl': True, 'devices_per_worker': 1, 'primary_resource': 'extra_gpu', 'gpu': False, 'verbose': False, 'lr_config': {'mode': 'log', 'steps': 5, 'initial_lr': 0.005, 'target_lr': 0.005}, 'batch_per_device': 128}",1733.6578657627106,0,42,1466.5072807747333,1,11.612727880477905
0.018348550796508788,0.032190540168858785,0.0007187843322753907,0.0017704250257643288,0.028758931159973144,nan,0.0,0.04781699180603027,0.734939980506897,0.788010232372284,-0.7455999851226807,nan,0.0,nan,0.0,nan,0.0,0.7678599953651428,0.6943430443000793,nan,0.0,0.7455999851226807,0.7640064393043519,nan,0.0,60000,1,False,,,43,-0.788010232372284,12b05140caee463e9737579d17c618ef,2019-06-06_07-33-30,1559831610,40.84303641319275,1774.5009021759033,1861,steropes,169.229.49.254,"{'starting_lr': 0.005, 'momentum': 0.95, 'weight_decay': 0.005, 'steps_per_iteration': None, 'pin': False, 'model_creator': None, 'target_batch_size': 128, 'model_string': 'resnet50', 'min_batch_size': 128, 'dataset': 'CIFAR', 'placement': None, 'use_nccl': True, 'devices_per_worker': 1, 'primary_resource': 'extra_gpu', 'gpu': False, 'verbose': False, 'lr_config': {'mode': 'log', 'steps': 5, 'initial_lr': 0.005, 'target_lr': 0.005}, 'batch_per_device': 128}",1774.5009021759033,0,43,1466.2352267013782,1,11.612727880477905
0.016974115371704103,0.031615785405605654,0.0007396697998046875,0.0017697372095054373,0.027782392501831055,nan,0.0,0.04766626358032226,0.7352799892425537,0.7887263808059692,-0.7407000064849854,nan,0.0,nan,0.0,nan,0.0,0.7691599726676941,0.6884079236221313,nan,0.0,0.7407000064849854,0.7790487812995911,nan,0.0,60000,1,False,,,44,-0.7887263808059692,12b05140caee463e9737579d17c618ef,2019-06-06_07-34-11,1559831651,40.340930700302124,1814.8418328762054,1861,steropes,169.229.49.254,"{'starting_lr': 0.005, 'momentum': 0.95, 'weight_decay': 0.005, 'steps_per_iteration': None, 'pin': False, 'model_creator': None, 'target_batch_size': 128, 'model_string': 'resnet50', 'min_batch_size': 128, 'dataset': 'CIFAR', 'placement': None, 'use_nccl': True, 'devices_per_worker': 1, 'primary_resource': 'extra_gpu', 'gpu': False, 'verbose': False, 'lr_config': {'mode': 'log', 'steps': 5, 'initial_lr': 0.005, 'target_lr': 0.005}, 'batch_per_device': 128}",1814.8418328762054,0,44,1471.2430125143615,1,11.612727880477905
0.017508816719055176,0.03202662588674811,0.0007176876068115234,0.0018050024271621119,0.028389763832092286,nan,0.0,0.04715731143951416,0.7351199865341187,0.7868086349678041,-0.7346999645233154,nan,0.0,nan,0.0,nan,0.0,0.7658599615097046,0.6943448166847229,nan,0.0,0.7346999645233154,0.766159644985199,nan,0.0,60000,1,False,,,45,-0.7868086349678041,12b05140caee463e9737579d17c618ef,2019-06-06_07-34-51,1559831691,40.784424781799316,1855.6262576580048,1861,steropes,169.229.49.254,"{'starting_lr': 0.005, 'momentum': 0.95, 'weight_decay': 0.005, 'steps_per_iteration': None, 'pin': False, 'model_creator': None, 'target_batch_size': 128, 'model_string': 'resnet50', 'min_batch_size': 128, 'dataset': 'CIFAR', 'placement': None, 'use_nccl': True, 'devices_per_worker': 1, 'primary_resource': 'extra_gpu', 'gpu': False, 'verbose': False, 'lr_config': {'mode': 'log', 'steps': 5, 'initial_lr': 0.005, 'target_lr': 0.005}, 'batch_per_device': 128}",1855.6262576580048,0,45,1473.6742141499997,1,11.612727880477905
0.01708061695098877,0.03293094453932364,0.0007189512252807617,0.0017405166040601024,0.027866625785827638,nan,0.0,0.047909784317016604,0.7274799823760987,0.8120371386146547,-0.7112999558448792,nan,0.0,nan,0.0,nan,0.0,0.767039954662323,0.6897407821273803,nan,0.0,0.7112999558448792,0.8722643144607544,nan,0.0,60000,1,False,,,46,-0.8120371386146547,12b05140caee463e9737579d17c618ef,2019-06-06_07-35-32,1559831732,40.861247539520264,1896.487505197525,1861,steropes,169.229.49.254,"{'starting_lr': 0.005, 'momentum': 0.95, 'weight_decay': 0.005, 'steps_per_iteration': None, 'pin': False, 'model_creator': None, 'target_batch_size': 128, 'model_string': 'resnet50', 'min_batch_size': 128, 'dataset': 'CIFAR', 'placement': None, 'use_nccl': True, 'devices_per_worker': 1, 'primary_resource': 'extra_gpu', 'gpu': False, 'verbose': False, 'lr_config': {'mode': 'log', 'steps': 5, 'initial_lr': 0.005, 'target_lr': 0.005}, 'batch_per_device': 128}",1896.487505197525,0,46,1473.7513221382849,1,11.612727880477905
0.016941261291503907,0.032135245166247405,0.0006971597671508789,0.0017209388410953609,0.027543044090270995,nan,0.0,0.048101806640625,0.7362599730491638,0.7858970794296265,-0.7489999532699585,nan,0.0,nan,0.0,nan,0.0,0.7688800096511841,0.6900368102264405,nan,0.0,0.7489999532699585,0.7480062170982361,nan,0.0,60000,1,False,,,47,-0.7858970794296265,12b05140caee463e9737579d17c618ef,2019-06-06_07-36-13,1559831773,40.405559062957764,1936.8930642604828,1861,steropes,169.229.49.254,"{'starting_lr': 0.005, 'momentum': 0.95, 'weight_decay': 0.005, 'steps_per_iteration': None, 'pin': False, 'model_creator': None, 'target_batch_size': 128, 'model_string': 'resnet50', 'min_batch_size': 128, 'dataset': 'CIFAR', 'placement': None, 'use_nccl': True, 'devices_per_worker': 1, 'primary_resource': 'extra_gpu', 'gpu': False, 'verbose': False, 'lr_config': {'mode': 'log', 'steps': 5, 'initial_lr': 0.005, 'target_lr': 0.005}, 'batch_per_device': 128}",1936.8930642604828,0,47,1476.1193101654753,1,11.612727880477905
0.01742537021636963,0.031492215168627005,0.0006931781768798828,0.001695499395775368,0.028333139419555665,nan,0.0,0.04895210266113281,0.7324999690055847,0.8000231324958801,-0.7267999649047852,nan,0.0,nan,0.0,nan,0.0,0.7720999717712402,0.682354977645874,nan,0.0,0.7267999649047852,0.8346367046356201,nan,0.0,60000,1,False,,,48,-0.8000231324958801,12b05140caee463e9737579d17c618ef,2019-06-06_07-36-53,1559831813,40.71149969100952,1977.6045639514923,1861,steropes,169.229.49.254,"{'starting_lr': 0.005, 'momentum': 0.95, 'weight_decay': 0.005, 'steps_per_iteration': None, 'pin': False, 'model_creator': None, 'target_batch_size': 128, 'model_string': 'resnet50', 'min_batch_size': 128, 'dataset': 'CIFAR', 'placement': None, 'use_nccl': True, 'devices_per_worker': 1, 'primary_resource': 'extra_gpu', 'gpu': False, 'verbose': False, 'lr_config': {'mode': 'log', 'steps': 5, 'initial_lr': 0.005, 'target_lr': 0.005}, 'batch_per_device': 128}",1977.6045639514923,0,48,1477.0753392904403,1,11.612727880477905
0.017147135734558106,0.03416492667379258,0.0007010221481323243,0.0016745960011201747,0.028629994392395018,nan,0.0,0.05114288330078125,0.7365799665451049,0.7837832025909424,-0.7610999941825867,nan,0.0,nan,0.0,nan,0.0,0.7691999673843384,0.6845376481056213,nan,0.0,0.7610999941825867,0.6978491317749024,nan,0.0,60000,1,False,,,49,-0.7837832025909424,12b05140caee463e9737579d17c618ef,2019-06-06_07-37-34,1559831854,40.38118553161621,2017.9857494831085,1861,steropes,169.229.49.254,"{'starting_lr': 0.005, 'momentum': 0.95, 'weight_decay': 0.005, 'steps_per_iteration': None, 'pin': False, 'model_creator': None, 'target_batch_size': 128, 'model_string': 'resnet50', 'min_batch_size': 128, 'dataset': 'CIFAR', 'placement': None, 'use_nccl': True, 'devices_per_worker': 1, 'primary_resource': 'extra_gpu', 'gpu': False, 'verbose': False, 'lr_config': {'mode': 'log', 'steps': 5, 'initial_lr': 0.005, 'target_lr': 0.005}, 'batch_per_device': 128}",2017.9857494831085,0,49,1476.78259356915,1,11.612727880477905
0.017046380043029784,0.03168098836005488,0.0006912946701049805,0.0017170491425887399,0.028048229217529298,nan,0.0,0.04848306179046631,0.7372999668121338,0.7914604279518127,-0.7382999658584595,nan,0.0,nan,0.0,nan,0.0,0.7687199711799622,0.6853893329429627,nan,0.0,0.7382999658584595,0.8045457717895508,nan,0.0,60000,1,False,,,50,-0.7914604279518127,12b05140caee463e9737579d17c618ef,2019-06-06_07-38-15,1559831895,41.360021352767944,2059.3457708358765,1861,steropes,169.229.49.254,"{'starting_lr': 0.005, 'momentum': 0.95, 'weight_decay': 0.005, 'steps_per_iteration': None, 'pin': False, 'model_creator': None, 'target_batch_size': 128, 'model_string': 'resnet50', 'min_batch_size': 128, 'dataset': 'CIFAR', 'placement': None, 'use_nccl': True, 'devices_per_worker': 1, 'primary_resource': 'extra_gpu', 'gpu': False, 'verbose': False, 'lr_config': {'mode': 'log', 'steps': 5, 'initial_lr': 0.005, 'target_lr': 0.005}, 'batch_per_device': 128}",2059.3457708358765,0,50,1472.6095688926696,1,11.612727880477905
0.01717703342437744,0.031950959676428685,0.0007011175155639648,0.0017019671857204583,0.027787137031555175,nan,0.0,0.04717104434967041,0.7475199699401855,0.7587234889984131,-0.7623999714851379,nan,0.0,nan,0.0,nan,0.0,0.772659957408905,0.6774163505935669,nan,0.0,0.7623999714851379,0.7085796196937562,nan,0.0,60000,1,False,,,51,-0.7587234889984131,12b05140caee463e9737579d17c618ef,2019-06-06_07-38-56,1559831936,41.30125451087952,2100.647025346756,1861,steropes,169.229.49.254,"{'starting_lr': 0.005, 'momentum': 0.95, 'weight_decay': 0.005, 'steps_per_iteration': None, 'pin': False, 'model_creator': None, 'target_batch_size': 128, 'model_string': 'resnet50', 'min_batch_size': 128, 'dataset': 'CIFAR', 'placement': None, 'use_nccl': True, 'devices_per_worker': 1, 'primary_resource': 'extra_gpu', 'gpu': False, 'verbose': False, 'lr_config': {'mode': 'log', 'steps': 5, 'initial_lr': 0.005, 'target_lr': 0.005}, 'batch_per_device': 128}",2100.647025346756,0,51,1469.4357806756361,1,11.612727880477905
0.022979474067687987,0.03194605247883857,0.0007140874862670898,0.0016808058599681805,0.031244325637817382,nan,0.0,0.048755311965942384,0.748039972782135,0.7570487269020081,-0.7515999674797058,nan,0.0,nan,0.0,nan,0.0,0.7752000093460083,0.6754317078018188,nan,0.0,0.7515999674797058,0.739632406616211,nan,0.0,60000,1,False,,,52,-0.7570487269020081,12b05140caee463e9737579d17c618ef,2019-06-06_07-39-37,1559831977,40.090041399002075,2140.737066745758,1861,steropes,169.229.49.254,"{'starting_lr': 0.005, 'momentum': 0.95, 'weight_decay': 0.005, 'steps_per_iteration': None, 'pin': False, 'model_creator': None, 'target_batch_size': 128, 'model_string': 'resnet50', 'min_batch_size': 128, 'dataset': 'CIFAR', 'placement': None, 'use_nccl': True, 'devices_per_worker': 1, 'primary_resource': 'extra_gpu', 'gpu': False, 'verbose': False, 'lr_config': {'mode': 'log', 'steps': 5, 'initial_lr': 0.005, 'target_lr': 0.005}, 'batch_per_device': 128}",2140.737066745758,0,52,1471.710232046478,1,11.612727880477905
0.017316913604736327,0.03512588935562327,0.000690007209777832,0.0016622537237299068,0.028980422019958495,nan,0.0,0.0493091344833374,0.7556399703025818,0.7313038615036012,-0.764799952507019,nan,0.0,nan,0.0,nan,0.0,0.7733799815177917,0.6750087721443176,nan,0.0,0.764799952507019,0.7059123776435852,nan,0.0,60000,1,False,,,53,-0.7313038615036012,12b05140caee463e9737579d17c618ef,2019-06-06_07-40-17,1559832017,40.54179239273071,2181.2788591384888,1861,steropes,169.229.49.254,"{'starting_lr': 0.005, 'momentum': 0.95, 'weight_decay': 0.005, 'steps_per_iteration': None, 'pin': False, 'model_creator': None, 'target_batch_size': 128, 'model_string': 'resnet50', 'min_batch_size': 128, 'dataset': 'CIFAR', 'placement': None, 'use_nccl': True, 'devices_per_worker': 1, 'primary_resource': 'extra_gpu', 'gpu': False, 'verbose': False, 'lr_config': {'mode': 'log', 'steps': 5, 'initial_lr': 0.005, 'target_lr': 0.005}, 'batch_per_device': 128}",2181.2788591384888,0,53,1472.9364264802568,1,11.612727880477905
0.016927456855773924,0.03153946429868288,0.0006931066513061523,0.001672642310257153,0.027783584594726563,nan,0.0,0.0476642370223999,0.7596399664878846,0.7216473758888245,-0.7810999751091003,nan,0.0,nan,0.0,nan,0.0,0.7742199897766113,0.6767375265884399,nan,0.0,0.7810999751091003,0.6495667037010193,nan,0.0,60000,1,False,,,54,-0.7216473758888245,12b05140caee463e9737579d17c618ef,2019-06-06_07-40-57,1559832057,40.290003299713135,2221.568862438202,1861,steropes,169.229.49.254,"{'starting_lr': 0.005, 'momentum': 0.95, 'weight_decay': 0.005, 'steps_per_iteration': None, 'pin': False, 'model_creator': None, 'target_batch_size': 128, 'model_string': 'resnet50', 'min_batch_size': 128, 'dataset': 'CIFAR', 'placement': None, 'use_nccl': True, 'devices_per_worker': 1, 'primary_resource': 'extra_gpu', 'gpu': False, 'verbose': False, 'lr_config': {'mode': 'log', 'steps': 5, 'initial_lr': 0.005, 'target_lr': 0.005}, 'batch_per_device': 128}",2221.568862438202,0,54,1473.5961650714364,1,11.612727880477905
0.01737339496612549,0.03292120861101754,0.0006970643997192382,0.0017006805790659716,0.028223395347595215,nan,0.0,0.04932215213775635,0.7622599720954895,0.7063755782699586,-0.7513999938964844,nan,0.0,nan,0.0,nan,0.0,0.7718799710273743,0.6780620879364013,nan,0.0,0.7513999938964844,0.7281867836952209,nan,0.0,60000,1,False,,,55,-0.7063755782699586,12b05140caee463e9737579d17c618ef,2019-06-06_07-41-40,1559832100,42.146482706069946,2263.715345144272,1861,steropes,169.229.49.254,"{'starting_lr': 0.005, 'momentum': 0.95, 'weight_decay': 0.005, 'steps_per_iteration': None, 'pin': False, 'model_creator': None, 'target_batch_size': 128, 'model_string': 'resnet50', 'min_batch_size': 128, 'dataset': 'CIFAR', 'placement': None, 'use_nccl': True, 'devices_per_worker': 1, 'primary_resource': 'extra_gpu', 'gpu': False, 'verbose': False, 'lr_config': {'mode': 'log', 'steps': 5, 'initial_lr': 0.005, 'target_lr': 0.005}, 'batch_per_device': 128}",2263.715345144272,0,55,1467.925891849116,1,11.612727880477905
0.017278432846069336,0.03173579445368127,0.0006847381591796875,0.001674311240310864,0.02822532653808594,nan,0.0,0.0530205249786377,0.7560999751091003,0.7230000160408021,-0.7315999865531921,nan,0.0,nan,0.0,nan,0.0,0.7729799747467041,0.6730162466812134,nan,0.0,0.7315999865531921,0.7917018085479737,nan,0.0,60000,1,False,,,56,-0.7230000160408021,12b05140caee463e9737579d17c618ef,2019-06-06_07-42-21,1559832141,41.50142431259155,2305.2167694568634,1861,steropes,169.229.49.254,"{'starting_lr': 0.005, 'momentum': 0.95, 'weight_decay': 0.005, 'steps_per_iteration': None, 'pin': False, 'model_creator': None, 'target_batch_size': 128, 'model_string': 'resnet50', 'min_batch_size': 128, 'dataset': 'CIFAR', 'placement': None, 'use_nccl': True, 'devices_per_worker': 1, 'primary_resource': 'extra_gpu', 'gpu': False, 'verbose': False, 'lr_config': {'mode': 'log', 'steps': 5, 'initial_lr': 0.005, 'target_lr': 0.005}, 'batch_per_device': 128}",2305.2167694568634,0,56,1466.4896405610502,1,11.612727880477905
0.01708221435546875,0.032554985601690754,0.0006928920745849609,0.0016556584926517418,0.027588915824890137,nan,0.0,0.047245240211486815,0.7563399791717529,0.7225683820533753,-0.7527999877929688,nan,0.0,nan,0.0,nan,0.0,0.7727199792861938,0.6773016972351075,nan,0.0,0.7527999877929688,0.7374742366790772,nan,0.0,60000,1,False,,,57,-0.7225683820533753,12b05140caee463e9737579d17c618ef,2019-06-06_07-43-01,1559832181,40.26739001274109,2345.4841594696045,1861,steropes,169.229.49.254,"{'starting_lr': 0.005, 'momentum': 0.95, 'weight_decay': 0.005, 'steps_per_iteration': None, 'pin': False, 'model_creator': None, 'target_batch_size': 128, 'model_string': 'resnet50', 'min_batch_size': 128, 'dataset': 'CIFAR', 'placement': None, 'use_nccl': True, 'devices_per_worker': 1, 'primary_resource': 'extra_gpu', 'gpu': False, 'verbose': False, 'lr_config': {'mode': 'log', 'steps': 5, 'initial_lr': 0.005, 'target_lr': 0.005}, 'batch_per_device': 128}",2345.4841594696045,0,57,1465.2194173795513,1,11.612727880477905
0.0220745325088501,0.03360239463516428,0.0007121562957763672,0.0016827632094283237,0.03119041919708252,nan,0.0,0.04906387329101562,0.7531999826431275,0.7367626477432252,-0.7490999698638916,nan,0.0,nan,0.0,nan,0.0,0.7769799828529358,0.663841121006012,nan,0.0,0.7490999698638916,0.7768837060928345,nan,0.0,60000,1,False,,,58,-0.7367626477432252,12b05140caee463e9737579d17c618ef,2019-06-06_07-43-42,1559832222,40.70792293548584,2386.1920824050903,1861,steropes,169.229.49.254,"{'starting_lr': 0.005, 'momentum': 0.95, 'weight_decay': 0.005, 'steps_per_iteration': None, 'pin': False, 'model_creator': None, 'target_batch_size': 128, 'model_string': 'resnet50', 'min_batch_size': 128, 'dataset': 'CIFAR', 'placement': None, 'use_nccl': True, 'devices_per_worker': 1, 'primary_resource': 'extra_gpu', 'gpu': False, 'verbose': False, 'lr_config': {'mode': 'log', 'steps': 5, 'initial_lr': 0.005, 'target_lr': 0.005}, 'batch_per_device': 128}",2386.1920824050903,0,58,1464.0315475163459,1,11.612727880477905
0.01702382564544678,0.03168754336200183,0.0006905317306518555,0.0016643244897008246,0.027498340606689452,nan,0.0,0.04706254005432129,0.7414799809455872,0.7795817100334168,-0.7224999666213989,nan,0.0,nan,0.0,nan,0.0,0.7748199701309204,0.6735365773391724,nan,0.0,0.7224999666213989,0.8636620151519775,nan,0.0,60000,1,False,,,59,-0.7795817100334168,12b05140caee463e9737579d17c618ef,2019-06-06_07-44-22,1559832262,40.417619943618774,2426.609702348709,1861,steropes,169.229.49.254,"{'starting_lr': 0.005, 'momentum': 0.95, 'weight_decay': 0.005, 'steps_per_iteration': None, 'pin': False, 'model_creator': None, 'target_batch_size': 128, 'model_string': 'resnet50', 'min_batch_size': 128, 'dataset': 'CIFAR', 'placement': None, 'use_nccl': True, 'devices_per_worker': 1, 'primary_resource': 'extra_gpu', 'gpu': False, 'verbose': False, 'lr_config': {'mode': 'log', 'steps': 5, 'initial_lr': 0.005, 'target_lr': 0.005}, 'batch_per_device': 128}",2426.609702348709,0,59,1463.1203347589715,1,11.612727880477905
0.017370772361755372,0.031210540216180343,0.0006881237030029296,0.0017108600157910905,0.02766904830932617,nan,0.0,0.04707226753234863,0.7430599808692933,0.7786637114143372,-0.7592999935150146,nan,0.0,nan,0.0,nan,0.0,0.7745999693870544,0.6735907383537293,nan,0.0,0.7592999935150146,0.723596790599823,nan,0.0,60000,1,False,,,60,-0.7786637114143372,12b05140caee463e9737579d17c618ef,2019-06-06_07-45-03,1559832303,40.57479548454285,2467.184497833252,1861,steropes,169.229.49.254,"{'starting_lr': 0.005, 'momentum': 0.95, 'weight_decay': 0.005, 'steps_per_iteration': None, 'pin': False, 'model_creator': None, 'target_batch_size': 128, 'model_string': 'resnet50', 'min_batch_size': 128, 'dataset': 'CIFAR', 'placement': None, 'use_nccl': True, 'devices_per_worker': 1, 'primary_resource': 'extra_gpu', 'gpu': False, 'verbose': False, 'lr_config': {'mode': 'log', 'steps': 5, 'initial_lr': 0.005, 'target_lr': 0.005}, 'batch_per_device': 128}",2467.184497833252,0,60,1474.4220689673402,1,11.612727880477905
0.01738600730895996,0.0317038010947312,0.0006967782974243164,0.0016695209171461022,0.028592252731323244,nan,0.0,0.050167202949523926,0.7432599782943725,0.7810008215522767,-0.7325999736785889,nan,0.0,nan,0.0,nan,0.0,0.7754999995231628,0.6718061060714722,nan,0.0,0.7325999736785889,0.8033873592376709,nan,0.0,60000,1,False,,,61,-0.7810008215522767,12b05140caee463e9737579d17c618ef,2019-06-06_07-45-44,1559832344,40.843005895614624,2508.0275037288666,1861,steropes,169.229.49.254,"{'starting_lr': 0.005, 'momentum': 0.95, 'weight_decay': 0.005, 'steps_per_iteration': None, 'pin': False, 'model_creator': None, 'target_batch_size': 128, 'model_string': 'resnet50', 'min_batch_size': 128, 'dataset': 'CIFAR', 'placement': None, 'use_nccl': True, 'devices_per_worker': 1, 'primary_resource': 'extra_gpu', 'gpu': False, 'verbose': False, 'lr_config': {'mode': 'log', 'steps': 5, 'initial_lr': 0.005, 'target_lr': 0.005}, 'batch_per_device': 128}",2508.0275037288666,0,61,1479.2086738525472,1,11.612727880477905
0.01723370552062988,0.03159869471682778,0.0006826400756835937,0.0016674044187111622,0.02794201374053955,nan,0.0,0.04726235866546631,0.7621399760246277,0.7243212668609619,-0.8471999764442444,nan,0.0,nan,0.0,nan,0.0,0.8418599963188171,0.4731359105873108,nan,0.0,0.8471999764442444,0.45407646322250367,nan,0.0,60000,1,False,,,62,-0.7243212668609619,12b05140caee463e9737579d17c618ef,2019-06-06_07-46-25,1559832385,40.832958698272705,2548.8604624271393,1861,steropes,169.229.49.254,"{'starting_lr': 0.005, 'momentum': 0.95, 'weight_decay': 0.005, 'steps_per_iteration': None, 'pin': False, 'model_creator': None, 'target_batch_size': 128, 'model_string': 'resnet50', 'min_batch_size': 128, 'dataset': 'CIFAR', 'placement': None, 'use_nccl': True, 'devices_per_worker': 1, 'primary_resource': 'extra_gpu', 'gpu': False, 'verbose': False, 'lr_config': {'mode': 'log', 'steps': 5, 'initial_lr': 0.005, 'target_lr': 0.005}, 'batch_per_device': 128}",2548.8604624271393,0,62,1475.0951057310385,1,11.612727880477905
0.017197585105895995,0.03276320047016385,0.0006979465484619141,0.0016578701146118477,0.028385472297668458,nan,0.0,0.04757428169250488,0.7821799755096436,0.6575402305221557,-0.849299967288971,nan,0.0,nan,0.0,nan,0.0,0.8623600006103516,0.4150569215011597,nan,0.0,0.849299967288971,0.4429785243988037,nan,0.0,60000,1,False,,,63,-0.6575402305221557,12b05140caee463e9737579d17c618ef,2019-06-06_07-47-05,1559832425,40.464643478393555,2589.325105905533,1861,steropes,169.229.49.254,"{'starting_lr': 0.005, 'momentum': 0.95, 'weight_decay': 0.005, 'steps_per_iteration': None, 'pin': False, 'model_creator': None, 'target_batch_size': 128, 'model_string': 'resnet50', 'min_batch_size': 128, 'dataset': 'CIFAR', 'placement': None, 'use_nccl': True, 'devices_per_worker': 1, 'primary_resource': 'extra_gpu', 'gpu': False, 'verbose': False, 'lr_config': {'mode': 'log', 'steps': 5, 'initial_lr': 0.005, 'target_lr': 0.005}, 'batch_per_device': 128}",2589.325105905533,0,63,1476.8617727231629,1,11.612727880477905
0.017094945907592772,0.03396298613729356,0.0006925106048583984,0.001671406923962371,0.02777907848358154,nan,0.0,0.046900820732116696,0.8079399824142456,0.574349501285553,-0.8513000011444092,nan,0.0,nan,0.0,nan,0.0,0.8692799806594849,0.39265743660926816,nan,0.0,0.8513000011444092,0.4477083689689636,nan,0.0,60000,1,False,,,64,-0.574349501285553,12b05140caee463e9737579d17c618ef,2019-06-06_07-47-46,1559832466,40.47550702095032,2629.800612926483,1861,steropes,169.229.49.254,"{'starting_lr': 0.005, 'momentum': 0.95, 'weight_decay': 0.005, 'steps_per_iteration': None, 'pin': False, 'model_creator': None, 'target_batch_size': 128, 'model_string': 'resnet50', 'min_batch_size': 128, 'dataset': 'CIFAR', 'placement': None, 'use_nccl': True, 'devices_per_worker': 1, 'primary_resource': 'extra_gpu', 'gpu': False, 'verbose': False, 'lr_config': {'mode': 'log', 'steps': 5, 'initial_lr': 0.005, 'target_lr': 0.005}, 'batch_per_device': 128}",2629.800612926483,0,64,1476.4409939005159,1,11.612727880477905
0.017183852195739747,0.03221027760566035,0.0006931543350219727,0.0016909645646429427,0.027784967422485353,nan,0.0,0.047421503067016604,0.825879979133606,0.519080115222931,-0.8489999771118164,nan,0.0,nan,0.0,nan,0.0,0.8755999803543091,0.3762166665649414,nan,0.0,0.8489999771118164,0.44724986028671265,nan,0.0,60000,1,False,,,65,-0.519080115222931,12b05140caee463e9737579d17c618ef,2019-06-06_07-48-26,1559832506,40.558419704437256,2670.3590326309204,1861,steropes,169.229.49.254,"{'starting_lr': 0.005, 'momentum': 0.95, 'weight_decay': 0.005, 'steps_per_iteration': None, 'pin': False, 'model_creator': None, 'target_batch_size': 128, 'model_string': 'resnet50', 'min_batch_size': 128, 'dataset': 'CIFAR', 'placement': None, 'use_nccl': True, 'devices_per_worker': 1, 'primary_resource': 'extra_gpu', 'gpu': False, 'verbose': False, 'lr_config': {'mode': 'log', 'steps': 5, 'initial_lr': 0.005, 'target_lr': 0.005}, 'batch_per_device': 128}",2670.3590326309204,0,65,1476.5600149597944,1,11.612727880477905
0.017206454277038576,0.03154296814640866,0.0007732391357421875,0.0016877773167837,0.027808189392089844,nan,0.0,0.04675624370574951,0.850499975681305,0.44472674758911135,-0.8556999564170837,nan,0.0,nan,0.0,nan,0.0,0.8748399615287781,0.3782354323005676,nan,0.0,0.8556999564170837,0.431620521068573,nan,0.0,60000,1,False,,,66,-0.44472674758911135,12b05140caee463e9737579d17c618ef,2019-06-06_07-49-07,1559832547,40.37375044822693,2710.7327830791473,1861,steropes,169.229.49.254,"{'starting_lr': 0.005, 'momentum': 0.95, 'weight_decay': 0.005, 'steps_per_iteration': None, 'pin': False, 'model_creator': None, 'target_batch_size': 128, 'model_string': 'resnet50', 'min_batch_size': 128, 'dataset': 'CIFAR', 'placement': None, 'use_nccl': True, 'devices_per_worker': 1, 'primary_resource': 'extra_gpu', 'gpu': False, 'verbose': False, 'lr_config': {'mode': 'log', 'steps': 5, 'initial_lr': 0.005, 'target_lr': 0.005}, 'batch_per_device': 128}",2710.7327830791473,0,66,1479.9781967094543,1,11.612727880477905
0.017255401611328124,0.03131219405162183,0.0006699562072753906,0.0017365738558952155,0.028094911575317384,nan,0.0,0.04790153503417969,0.8507399797439575,0.44441041116714475,-0.8483999967575073,nan,0.0,nan,0.0,nan,0.0,0.8800999522209167,0.3661391773986816,nan,0.0,0.8483999967575073,0.4524947811126709,nan,0.0,60000,1,False,,,67,-0.44441041116714475,12b05140caee463e9737579d17c618ef,2019-06-06_07-49-47,1559832587,40.117308378219604,2750.850091457367,1861,steropes,169.229.49.254,"{'starting_lr': 0.005, 'momentum': 0.95, 'weight_decay': 0.005, 'steps_per_iteration': None, 'pin': False, 'model_creator': None, 'target_batch_size': 128, 'model_string': 'resnet50', 'min_batch_size': 128, 'dataset': 'CIFAR', 'placement': None, 'use_nccl': True, 'devices_per_worker': 1, 'primary_resource': 'extra_gpu', 'gpu': False, 'verbose': False, 'lr_config': {'mode': 'log', 'steps': 5, 'initial_lr': 0.005, 'target_lr': 0.005}, 'batch_per_device': 128}",2750.850091457367,0,67,1485.2217829223187,1,11.612727880477905
0.01685671806335449,0.0313016583647909,0.0006925821304321289,0.001687562069319703,0.027262306213378905,nan,0.0,0.050428581237792966,0.8501999855041504,0.4485058288002014,-0.8465999960899353,nan,0.0,nan,0.0,nan,0.0,0.879319965839386,0.36263986063957215,nan,0.0,0.8465999960899353,0.4634556125640869,nan,0.0,60000,1,False,,,68,-0.4485058288002014,12b05140caee463e9737579d17c618ef,2019-06-06_07-50-27,1559832627,40.27954602241516,2791.129637479782,1861,steropes,169.229.49.254,"{'starting_lr': 0.005, 'momentum': 0.95, 'weight_decay': 0.005, 'steps_per_iteration': None, 'pin': False, 'model_creator': None, 'target_batch_size': 128, 'model_string': 'resnet50', 'min_batch_size': 128, 'dataset': 'CIFAR', 'placement': None, 'use_nccl': True, 'devices_per_worker': 1, 'primary_resource': 'extra_gpu', 'gpu': False, 'verbose': False, 'lr_config': {'mode': 'log', 'steps': 5, 'initial_lr': 0.005, 'target_lr': 0.005}, 'batch_per_device': 128}",2791.129637479782,0,68,1486.584044575972,1,11.612727880477905
0.017118215560913086,0.032041552700573885,0.0006952047348022461,0.0016691184714627083,0.027616190910339355,nan,0.0,0.04642155170440674,0.8501799821853637,0.4493730443191528,-0.8511999845504761,nan,0.0,nan,0.0,nan,0.0,0.8801199793815613,0.3623678418922424,nan,0.0,0.8511999845504761,0.4520444465637207,nan,0.0,60000,1,False,,,69,-0.4493730443191528,12b05140caee463e9737579d17c618ef,2019-06-06_07-51-07,1559832667,40.03050446510315,2831.1601419448853,1861,steropes,169.229.49.254,"{'starting_lr': 0.005, 'momentum': 0.95, 'weight_decay': 0.005, 'steps_per_iteration': None, 'pin': False, 'model_creator': None, 'target_batch_size': 128, 'model_string': 'resnet50', 'min_batch_size': 128, 'dataset': 'CIFAR', 'placement': None, 'use_nccl': True, 'devices_per_worker': 1, 'primary_resource': 'extra_gpu', 'gpu': False, 'verbose': False, 'lr_config': {'mode': 'log', 'steps': 5, 'initial_lr': 0.005, 'target_lr': 0.005}, 'batch_per_device': 128}",2831.1601419448853,0,69,1489.869451523015,1,11.612727880477905
0.01727311611175537,0.03194754938536053,0.0006992816925048828,0.0017024470717095963,0.02840855121612549,nan,0.0,0.04891712665557861,0.8512199878692627,0.44772663665771484,-0.854200005531311,nan,0.0,nan,0.0,nan,0.0,0.8775999546051025,0.36726123659133914,nan,0.0,0.854200005531311,0.4390178219795227,nan,0.0,60000,1,False,,,70,-0.44772663665771484,12b05140caee463e9737579d17c618ef,2019-06-06_07-51-49,1559832709,42.02109909057617,2873.1812410354614,1861,steropes,169.229.49.254,"{'starting_lr': 0.005, 'momentum': 0.95, 'weight_decay': 0.005, 'steps_per_iteration': None, 'pin': False, 'model_creator': None, 'target_batch_size': 128, 'model_string': 'resnet50', 'min_batch_size': 128, 'dataset': 'CIFAR', 'placement': None, 'use_nccl': True, 'devices_per_worker': 1, 'primary_resource': 'extra_gpu', 'gpu': False, 'verbose': False, 'lr_config': {'mode': 'log', 'steps': 5, 'initial_lr': 0.005, 'target_lr': 0.005}, 'batch_per_device': 128}",2873.1812410354614,0,70,1479.1251359971798,1,11.612727880477905
0.017326736450195314,0.03283117089090468,0.0006861686706542969,0.0016580256049895225,0.028547191619873048,nan,0.0,0.0504152774810791,0.8497599959373474,0.4507030608558654,-0.8483999967575073,nan,0.0,nan,0.0,nan,0.0,0.8814399838447571,0.35820081506729123,nan,0.0,0.8483999967575073,0.44650264205932616,nan,0.0,60000,1,False,,,71,-0.4507030608558654,12b05140caee463e9737579d17c618ef,2019-06-06_07-52-30,1559832750,40.55686354637146,2913.738104581833,1861,steropes,169.229.49.254,"{'starting_lr': 0.005, 'momentum': 0.95, 'weight_decay': 0.005, 'steps_per_iteration': None, 'pin': False, 'model_creator': None, 'target_batch_size': 128, 'model_string': 'resnet50', 'min_batch_size': 128, 'dataset': 'CIFAR', 'placement': None, 'use_nccl': True, 'devices_per_worker': 1, 'primary_resource': 'extra_gpu', 'gpu': False, 'verbose': False, 'lr_config': {'mode': 'log', 'steps': 5, 'initial_lr': 0.005, 'target_lr': 0.005}, 'batch_per_device': 128}",2913.738104581833,0,71,1477.7909891104775,1,11.612727880477905
0.01718323230743408,0.03169419192060639,0.0006956577301025391,0.0017121313782909031,0.02784838676452637,nan,0.0,0.04785654544830322,0.8499799966812134,0.45062672960281375,-0.8495000004768372,nan,0.0,nan,0.0,nan,0.0,0.8790599703788757,0.36386078892707824,nan,0.0,0.8495000004768372,0.4521131248474121,nan,0.0,60000,1,False,,,72,-0.45062672960281375,12b05140caee463e9737579d17c618ef,2019-06-06_07-53-10,1559832790,40.758551359176636,2954.4966559410095,1861,steropes,169.229.49.254,"{'starting_lr': 0.005, 'momentum': 0.95, 'weight_decay': 0.005, 'steps_per_iteration': None, 'pin': False, 'model_creator': None, 'target_batch_size': 128, 'model_string': 'resnet50', 'min_batch_size': 128, 'dataset': 'CIFAR', 'placement': None, 'use_nccl': True, 'devices_per_worker': 1, 'primary_resource': 'extra_gpu', 'gpu': False, 'verbose': False, 'lr_config': {'mode': 'log', 'steps': 5, 'initial_lr': 0.005, 'target_lr': 0.005}, 'batch_per_device': 128}",2954.4966559410095,0,72,1473.1376884390343,1,11.612727880477905
0.017134690284729005,0.03140587142751187,0.0006941556930541992,0.001678343014339047,0.027328681945800782,nan,0.0,0.04694180488586426,0.8510999917984009,0.44754820802688594,-0.8521999716758728,nan,0.0,nan,0.0,nan,0.0,0.882420003414154,0.355640772151947,nan,0.0,0.8521999716758728,0.44806300468444826,nan,0.0,60000,1,False,,,73,-0.44754820802688594,12b05140caee463e9737579d17c618ef,2019-06-06_07-53-50,1559832830,40.06657004356384,2994.5632259845734,1861,steropes,169.229.49.254,"{'starting_lr': 0.005, 'momentum': 0.95, 'weight_decay': 0.005, 'steps_per_iteration': None, 'pin': False, 'model_creator': None, 'target_batch_size': 128, 'model_string': 'resnet50', 'min_batch_size': 128, 'dataset': 'CIFAR', 'placement': None, 'use_nccl': True, 'devices_per_worker': 1, 'primary_resource': 'extra_gpu', 'gpu': False, 'verbose': False, 'lr_config': {'mode': 'log', 'steps': 5, 'initial_lr': 0.005, 'target_lr': 0.005}, 'batch_per_device': 128}",2994.5632259845734,0,73,1474.6798747684606,1,11.612727880477905
0.017013812065124513,0.03186421152911609,0.0006914138793945312,0.001673759401911665,0.027498793601989747,nan,0.0,0.04727668762207031,0.8482399940490722,0.4560413752841949,-0.836899995803833,nan,0.0,nan,0.0,nan,0.0,0.8789199590682983,0.36078706243515013,nan,0.0,0.836899995803833,0.4945102828502655,nan,0.0,60000,1,False,,,74,-0.4560413752841949,12b05140caee463e9737579d17c618ef,2019-06-06_07-54-31,1559832871,40.18486666679382,3034.748092651367,1861,steropes,169.229.49.254,"{'starting_lr': 0.005, 'momentum': 0.95, 'weight_decay': 0.005, 'steps_per_iteration': None, 'pin': False, 'model_creator': None, 'target_batch_size': 128, 'model_string': 'resnet50', 'min_batch_size': 128, 'dataset': 'CIFAR', 'placement': None, 'use_nccl': True, 'devices_per_worker': 1, 'primary_resource': 'extra_gpu', 'gpu': False, 'verbose': False, 'lr_config': {'mode': 'log', 'steps': 5, 'initial_lr': 0.005, 'target_lr': 0.005}, 'batch_per_device': 128}",3034.748092651367,0,74,1473.5617131686222,1,11.612727880477905
0.017239308357238768,0.03171994112714936,0.000689554214477539,0.001654465789990047,0.027639341354370118,nan,0.0,0.04717719554901123,0.8486799836158753,0.45650480841636654,-0.8563999533653259,nan,0.0,nan,0.0,nan,0.0,0.8801199793815613,0.3589048475837707,nan,0.0,0.8563999533653259,0.44133498764038087,nan,0.0,60000,1,False,,,75,-0.45650480841636654,12b05140caee463e9737579d17c618ef,2019-06-06_07-55-11,1559832911,40.201149463653564,3074.9492421150208,1861,steropes,169.229.49.254,"{'starting_lr': 0.005, 'momentum': 0.95, 'weight_decay': 0.005, 'steps_per_iteration': None, 'pin': False, 'model_creator': None, 'target_batch_size': 128, 'model_string': 'resnet50', 'min_batch_size': 128, 'dataset': 'CIFAR', 'placement': None, 'use_nccl': True, 'devices_per_worker': 1, 'primary_resource': 'extra_gpu', 'gpu': False, 'verbose': False, 'lr_config': {'mode': 'log', 'steps': 5, 'initial_lr': 0.005, 'target_lr': 0.005}, 'batch_per_device': 128}",3074.9492421150208,0,75,1486.8531965228817,1,11.612727880477905
0.016830801963806152,0.03168741057190714,0.0006937742233276367,0.0016463101672394502,0.027348041534423828,nan,0.0,0.04696557521820068,0.8505199790000916,0.45546342715263366,-0.8575999736785889,nan,0.0,nan,0.0,nan,0.0,0.8795799612998962,0.3584444664430618,nan,0.0,0.8575999736785889,0.4412957357406616,nan,0.0,60000,1,False,,,76,-0.45546342715263366,12b05140caee463e9737579d17c618ef,2019-06-06_07-55-51,1559832951,40.27421164512634,3115.223453760147,1861,steropes,169.229.49.254,"{'starting_lr': 0.005, 'momentum': 0.95, 'weight_decay': 0.005, 'steps_per_iteration': None, 'pin': False, 'model_creator': None, 'target_batch_size': 128, 'model_string': 'resnet50', 'min_batch_size': 128, 'dataset': 'CIFAR', 'placement': None, 'use_nccl': True, 'devices_per_worker': 1, 'primary_resource': 'extra_gpu', 'gpu': False, 'verbose': False, 'lr_config': {'mode': 'log', 'steps': 5, 'initial_lr': 0.005, 'target_lr': 0.005}, 'batch_per_device': 128}",3115.223453760147,0,76,1488.9389686121117,1,11.612727880477905
0.01717045307159424,0.03328786620610877,0.0007154941558837891,0.0016895499070891944,0.02870175838470459,nan,0.0,0.0483088493347168,0.8495799779891968,0.4608733093547821,-0.8447999954223633,nan,0.0,nan,0.0,nan,0.0,0.8826999664306641,0.35198253193855283,nan,0.0,0.8447999954223633,0.47916253585815427,nan,0.0,60000,1,False,,,77,-0.4608733093547821,12b05140caee463e9737579d17c618ef,2019-06-06_07-56-33,1559832993,41.832982778549194,3157.0564365386963,1861,steropes,169.229.49.254,"{'starting_lr': 0.005, 'momentum': 0.95, 'weight_decay': 0.005, 'steps_per_iteration': None, 'pin': False, 'model_creator': None, 'target_batch_size': 128, 'model_string': 'resnet50', 'min_batch_size': 128, 'dataset': 'CIFAR', 'placement': None, 'use_nccl': True, 'devices_per_worker': 1, 'primary_resource': 'extra_gpu', 'gpu': False, 'verbose': False, 'lr_config': {'mode': 'log', 'steps': 5, 'initial_lr': 0.005, 'target_lr': 0.005}, 'batch_per_device': 128}",3157.0564365386963,0,77,1481.0413243657126,1,11.612727880477905
0.018087172508239747,0.034863803960100005,0.0007190465927124024,0.0016594573359965058,0.027654528617858887,nan,0.0,0.04774456024169922,0.8486799836158753,0.46341517086029055,-0.8476999998092651,nan,0.0,nan,0.0,nan,0.0,0.8791999816894531,0.3609825818967819,nan,0.0,0.8476999998092651,0.46077231221199033,nan,0.0,60000,1,False,,,78,-0.46341517086029055,12b05140caee463e9737579d17c618ef,2019-06-06_07-57-13,1559833033,40.347695112228394,3197.4041316509247,1861,steropes,169.229.49.254,"{'starting_lr': 0.005, 'momentum': 0.95, 'weight_decay': 0.005, 'steps_per_iteration': None, 'pin': False, 'model_creator': None, 'target_batch_size': 128, 'model_string': 'resnet50', 'min_batch_size': 128, 'dataset': 'CIFAR', 'placement': None, 'use_nccl': True, 'devices_per_worker': 1, 'primary_resource': 'extra_gpu', 'gpu': False, 'verbose': False, 'lr_config': {'mode': 'log', 'steps': 5, 'initial_lr': 0.005, 'target_lr': 0.005}, 'batch_per_device': 128}",3197.4041316509247,0,78,1478.9886837145148,1,11.612727880477905
0.01707637310028076,0.031492993801454955,0.0006934404373168945,0.0016454692996676315,0.027515721321105958,nan,0.0,0.047395181655883786,0.8490599751472473,0.4653888757228851,-0.8387999534606934,nan,0.0,nan,0.0,nan,0.0,0.8839199542999268,0.34932328082084657,nan,0.0,0.8387999534606934,0.5043788071632386,nan,0.0,60000,1,False,,,79,-0.4653888757228851,12b05140caee463e9737579d17c618ef,2019-06-06_07-57-53,1559833073,40.09149765968323,3237.495629310608,1861,steropes,169.229.49.254,"{'starting_lr': 0.005, 'momentum': 0.95, 'weight_decay': 0.005, 'steps_per_iteration': None, 'pin': False, 'model_creator': None, 'target_batch_size': 128, 'model_string': 'resnet50', 'min_batch_size': 128, 'dataset': 'CIFAR', 'placement': None, 'use_nccl': True, 'devices_per_worker': 1, 'primary_resource': 'extra_gpu', 'gpu': False, 'verbose': False, 'lr_config': {'mode': 'log', 'steps': 5, 'initial_lr': 0.005, 'target_lr': 0.005}, 'batch_per_device': 128}",3237.495629310608,0,79,1479.6698032652055,1,11.612727880477905
0.017592406272888182,0.03194735321817519,0.0007185220718383789,0.0016504730409978297,0.02858428955078125,nan,0.0,0.04933784008026123,0.8464999794960022,0.4725148216342926,-0.8435999751091003,nan,0.0,nan,0.0,nan,0.0,0.8775799870491028,0.36352516014099123,nan,0.0,0.8435999751091003,0.47696471719741823,nan,0.0,60000,1,False,,,80,-0.4725148216342926,12b05140caee463e9737579d17c618ef,2019-06-06_07-58-34,1559833114,40.71040964126587,3278.206038951874,1861,steropes,169.229.49.254,"{'starting_lr': 0.005, 'momentum': 0.95, 'weight_decay': 0.005, 'steps_per_iteration': None, 'pin': False, 'model_creator': None, 'target_batch_size': 128, 'model_string': 'resnet50', 'min_batch_size': 128, 'dataset': 'CIFAR', 'placement': None, 'use_nccl': True, 'devices_per_worker': 1, 'primary_resource': 'extra_gpu', 'gpu': False, 'verbose': False, 'lr_config': {'mode': 'log', 'steps': 5, 'initial_lr': 0.005, 'target_lr': 0.005}, 'batch_per_device': 128}",3278.206038951874,0,80,1475.9625253180134,1,11.612727880477905
0.023070311546325682,0.03352676765828193,0.0007105588912963868,0.0016349398571511974,0.03133084774017334,nan,0.0,0.048687982559204104,0.8418999791145325,0.483417453069687,-0.8345999717712402,nan,0.0,nan,0.0,nan,0.0,0.8819800019264221,0.35291712510108947,nan,0.0,0.8345999717712402,0.4958088929176331,nan,0.0,60000,1,False,,,81,-0.483417453069687,12b05140caee463e9737579d17c618ef,2019-06-06_07-59-15,1559833155,40.69872045516968,3318.9047594070435,1861,steropes,169.229.49.254,"{'starting_lr': 0.005, 'momentum': 0.95, 'weight_decay': 0.005, 'steps_per_iteration': None, 'pin': False, 'model_creator': None, 'target_batch_size': 128, 'model_string': 'resnet50', 'min_batch_size': 128, 'dataset': 'CIFAR', 'placement': None, 'use_nccl': True, 'devices_per_worker': 1, 'primary_resource': 'extra_gpu', 'gpu': False, 'verbose': False, 'lr_config': {'mode': 'log', 'steps': 5, 'initial_lr': 0.005, 'target_lr': 0.005}, 'batch_per_device': 128}",3318.9047594070435,0,81,1472.886390263441,1,11.612727880477905
0.01738760471343994,0.03159192242199862,0.0006981134414672851,0.001667671496301051,0.028085660934448243,nan,0.0,0.04688637256622315,0.8437599778175354,0.47811744706153875,-0.8540999889373779,nan,0.0,nan,0.0,nan,0.0,0.883679986000061,0.34991472266197204,nan,0.0,0.8540999889373779,0.45266250581741335,nan,0.0,60000,1,False,,,82,-0.47811744706153875,12b05140caee463e9737579d17c618ef,2019-06-06_07-59-55,1559833195,40.52611589431763,3359.430875301361,1861,steropes,169.229.49.254,"{'starting_lr': 0.005, 'momentum': 0.95, 'weight_decay': 0.005, 'steps_per_iteration': None, 'pin': False, 'model_creator': None, 'target_batch_size': 128, 'model_string': 'resnet50', 'min_batch_size': 128, 'dataset': 'CIFAR', 'placement': None, 'use_nccl': True, 'devices_per_worker': 1, 'primary_resource': 'extra_gpu', 'gpu': False, 'verbose': False, 'lr_config': {'mode': 'log', 'steps': 5, 'initial_lr': 0.005, 'target_lr': 0.005}, 'batch_per_device': 128}",3359.430875301361,0,82,1482.397779284502,1,11.612727880477905
0.017078185081481935,0.031658987455730196,0.0006977319717407227,0.0016530736937852163,0.027998018264770507,nan,0.0,0.0473008394241333,0.8412799715995789,0.4853521539688111,-0.8352999687194824,nan,0.0,nan,0.0,nan,0.0,0.8833999633789062,0.352023101940155,nan,0.0,0.8352999687194824,0.49694584674835207,nan,0.0,60000,1,False,,,83,-0.4853521539688111,12b05140caee463e9737579d17c618ef,2019-06-06_08-00-35,1559833235,40.00512194633484,3399.435997247696,1861,steropes,169.229.49.254,"{'starting_lr': 0.005, 'momentum': 0.95, 'weight_decay': 0.005, 'steps_per_iteration': None, 'pin': False, 'model_creator': None, 'target_batch_size': 128, 'model_string': 'resnet50', 'min_batch_size': 128, 'dataset': 'CIFAR', 'placement': None, 'use_nccl': True, 'devices_per_worker': 1, 'primary_resource': 'extra_gpu', 'gpu': False, 'verbose': False, 'lr_config': {'mode': 'log', 'steps': 5, 'initial_lr': 0.005, 'target_lr': 0.005}, 'batch_per_device': 128}",3399.435997247696,0,83,1484.9114020701847,1,11.612727880477905
0.01743924617767334,0.03497646126566054,0.000703120231628418,0.0016842492096259467,0.028612303733825683,nan,0.0,0.0486572265625,0.844159972667694,0.4746130730247498,-0.8531999588012695,nan,0.0,nan,0.0,nan,0.0,0.8867999911308289,0.3427676823139191,nan,0.0,0.8531999588012695,0.45068340244293215,nan,0.0,60000,1,False,,,84,-0.4746130730247498,12b05140caee463e9737579d17c618ef,2019-06-06_08-01-17,1559833277,41.62511682510376,3441.0611140727997,1861,steropes,169.229.49.254,"{'starting_lr': 0.005, 'momentum': 0.95, 'weight_decay': 0.005, 'steps_per_iteration': None, 'pin': False, 'model_creator': None, 'target_batch_size': 128, 'model_string': 'resnet50', 'min_batch_size': 128, 'dataset': 'CIFAR', 'placement': None, 'use_nccl': True, 'devices_per_worker': 1, 'primary_resource': 'extra_gpu', 'gpu': False, 'verbose': False, 'lr_config': {'mode': 'log', 'steps': 5, 'initial_lr': 0.005, 'target_lr': 0.005}, 'batch_per_device': 128}",3441.0611140727997,0,84,1473.7243850331936,1,11.612727880477905
