apply,batch_time,d2h,data_time,fwd,get_state_time_mean,get_state_time_total,grad,mean_accuracy,mean_loss,neg_mean_accuracy,set_state_time_mean,set_state_time_total,setup_model_time_mean,setup_model_time_total,setup_proc_time_mean,setup_proc_time_total,train_accuracy,train_loss,training_time_mean,training_time_total,val_accuracy,val_loss,validation_time_mean,validation_time_total,samples,num_workers,done,timesteps_total,episodes_total,training_iteration,neg_mean_loss,experiment_id,date,timestamp,time_this_iter_s,time_total_s,pid,hostname,node_ip,config,time_since_restore,timesteps_since_restore,iterations_since_restore,mean_throughput,atoms,setup_time
0.01773684024810791,0.042012392720089685,0.0006846904754638672,0.0018830293279779536,0.1197432279586792,nan,0.0,0.16635706424713134,0.27559998631477356,2.04023247756958,-0.27559998631477356,nan,0.0,8.25774073600769,8.25774073600769,0.17587924003601074,0.17587924003601074,0.18851999938488007,2.335064468002319,nan,0.0,0.27559998631477356,2.04023247756958,nan,0.0,60000,1,False,,,1,-2.04023247756958,693ebbc889dd42658af23fc4c11c5fcc,2019-06-06_07-30-02,1559831402,46.701672315597534,46.701672315597534,25091,steropes,169.229.49.254,"{'starting_lr': 0.0005, 'momentum': 0.95, 'weight_decay': 0.0005, 'steps_per_iteration': None, 'pin': False, 'model_creator': None, 'target_batch_size': 128, 'model_string': 'resnet50', 'min_batch_size': 128, 'dataset': 'CIFAR', 'placement': None, 'use_nccl': True, 'devices_per_worker': 1, 'primary_resource': 'extra_gpu', 'gpu': False, 'verbose': False, 'lr_config': {'mode': 'log', 'steps': 5, 'initial_lr': 0.0005, 'target_lr': 0.0005}, 'batch_per_device': 128}",46.701672315597534,0,1,1284.7476354806386,1,10.253483057022095
0.017317962646484376,0.032402551626857325,0.0006853818893432617,0.0018418152314012923,0.028468608856201172,nan,0.0,0.04886128902435303,0.3168499916791916,1.89595009393692,-0.3580999970436096,nan,0.0,nan,0.0,nan,0.0,0.29291999340057373,1.9433951358413697,nan,0.0,0.3580999970436096,1.7516677103042602,nan,0.0,60000,1,False,,,2,-1.89595009393692,693ebbc889dd42658af23fc4c11c5fcc,2019-06-06_07-30-43,1559831443,41.101160287857056,87.80283260345459,25091,steropes,169.229.49.254,"{'starting_lr': 0.0005, 'momentum': 0.95, 'weight_decay': 0.0005, 'steps_per_iteration': None, 'pin': False, 'model_creator': None, 'target_batch_size': 128, 'model_string': 'resnet50', 'min_batch_size': 128, 'dataset': 'CIFAR', 'placement': None, 'use_nccl': True, 'devices_per_worker': 1, 'primary_resource': 'extra_gpu', 'gpu': False, 'verbose': False, 'lr_config': {'mode': 'log', 'steps': 5, 'initial_lr': 0.0005, 'target_lr': 0.0005}, 'batch_per_device': 128}",87.80283260345459,0,2,1366.6956357009997,1,10.253483057022095
0.01719486713409424,0.03165947334675849,0.0006623983383178711,0.0018429811043507607,0.027964568138122557,nan,0.0,0.04847731590270996,0.3391333222389221,1.8253454420725503,-0.3836999833583832,nan,0.0,nan,0.0,nan,0.0,0.34595999121665955,1.7982052822494508,nan,0.0,0.3836999833583832,1.684136138343811,nan,0.0,60000,1,False,,,3,-1.8253454420725503,693ebbc889dd42658af23fc4c11c5fcc,2019-06-06_07-31-24,1559831484,40.79742097854614,128.60025358200073,25091,steropes,169.229.49.254,"{'starting_lr': 0.0005, 'momentum': 0.95, 'weight_decay': 0.0005, 'steps_per_iteration': None, 'pin': False, 'model_creator': None, 'target_batch_size': 128, 'model_string': 'resnet50', 'min_batch_size': 128, 'dataset': 'CIFAR', 'placement': None, 'use_nccl': True, 'devices_per_worker': 1, 'primary_resource': 'extra_gpu', 'gpu': False, 'verbose': False, 'lr_config': {'mode': 'log', 'steps': 5, 'initial_lr': 0.0005, 'target_lr': 0.0005}, 'batch_per_device': 128}",128.60025358200073,0,3,1399.6833331966975,1,10.253483057022095
0.016958045959472656,0.031933530976500694,0.0006434440612792969,0.0017713189429944128,0.02760612964630127,nan,0.0,0.047661876678466795,0.3601749911904335,1.7639454681396483,-0.42329999804496765,nan,0.0,nan,0.0,nan,0.0,0.3748999834060669,1.7089758415985108,nan,0.0,0.42329999804496765,1.5797455463409424,nan,0.0,60000,1,False,,,4,-1.7639454681396483,693ebbc889dd42658af23fc4c11c5fcc,2019-06-06_07-32-04,1559831524,40.50993013381958,169.1101837158203,25091,steropes,169.229.49.254,"{'starting_lr': 0.0005, 'momentum': 0.95, 'weight_decay': 0.0005, 'steps_per_iteration': None, 'pin': False, 'model_creator': None, 'target_batch_size': 128, 'model_string': 'resnet50', 'min_batch_size': 128, 'dataset': 'CIFAR', 'placement': None, 'use_nccl': True, 'devices_per_worker': 1, 'primary_resource': 'extra_gpu', 'gpu': False, 'verbose': False, 'lr_config': {'mode': 'log', 'steps': 5, 'initial_lr': 0.0005, 'target_lr': 0.0005}, 'batch_per_device': 128}",169.1101837158203,0,4,1419.1901860941937,1,10.253483057022095
0.017086482048034667,0.031844685349283336,0.0006856679916381836,0.0017685085306387118,0.02800872325897217,nan,0.0,0.04749176502227783,0.3759999930858612,1.7157683611679075,-0.439300000667572,nan,0.0,nan,0.0,nan,0.0,0.40403997898101807,1.6414369002532958,nan,0.0,0.439300000667572,1.523059933280945,nan,0.0,60000,1,False,,,5,-1.7157683611679075,693ebbc889dd42658af23fc4c11c5fcc,2019-06-06_07-32-45,1559831565,40.40073037147522,209.51091408729553,25091,steropes,169.229.49.254,"{'starting_lr': 0.0005, 'momentum': 0.95, 'weight_decay': 0.0005, 'steps_per_iteration': None, 'pin': False, 'model_creator': None, 'target_batch_size': 128, 'model_string': 'resnet50', 'min_batch_size': 128, 'dataset': 'CIFAR', 'placement': None, 'use_nccl': True, 'devices_per_worker': 1, 'primary_resource': 'extra_gpu', 'gpu': False, 'verbose': False, 'lr_config': {'mode': 'log', 'steps': 5, 'initial_lr': 0.0005, 'target_lr': 0.0005}, 'batch_per_device': 128}",209.51091408729553,0,5,1431.903447514816,1,10.253483057022095
0.01694777011871338,0.03168382825730722,0.0006747245788574219,0.0017325000080001323,0.02751312255859375,nan,0.0,0.047273445129394534,0.4109599947929382,1.6063771104049682,-0.4503999948501587,nan,0.0,nan,0.0,nan,0.0,0.41867998242378235,1.5904155266952515,nan,0.0,0.4503999948501587,1.493276223754883,nan,0.0,60000,1,False,,,6,-1.6063771104049682,693ebbc889dd42658af23fc4c11c5fcc,2019-06-06_07-33-25,1559831605,39.95441150665283,249.46532559394836,25091,steropes,169.229.49.254,"{'starting_lr': 0.0005, 'momentum': 0.95, 'weight_decay': 0.0005, 'steps_per_iteration': None, 'pin': False, 'model_creator': None, 'target_batch_size': 128, 'model_string': 'resnet50', 'min_batch_size': 128, 'dataset': 'CIFAR', 'placement': None, 'use_nccl': True, 'devices_per_worker': 1, 'primary_resource': 'extra_gpu', 'gpu': False, 'verbose': False, 'lr_config': {'mode': 'log', 'steps': 5, 'initial_lr': 0.0005, 'target_lr': 0.0005}, 'batch_per_device': 128}",249.46532559394836,0,6,1479.5518008700635,1,10.253483057022095
0.016990017890930176,0.031544383568099785,0.000672459602355957,0.0017198345545307754,0.02752828598022461,nan,0.0,0.04738540649414062,0.4308599948883057,1.550667293434143,-0.4575999975204468,nan,0.0,nan,0.0,nan,0.0,0.4350599944591522,1.5457507009124756,nan,0.0,0.4575999975204468,1.4731186254501343,nan,0.0,60000,1,False,,,7,-1.550667293434143,693ebbc889dd42658af23fc4c11c5fcc,2019-06-06_07-34-05,1559831645,40.036592960357666,289.50191855430603,25091,steropes,169.229.49.254,"{'starting_lr': 0.0005, 'momentum': 0.95, 'weight_decay': 0.0005, 'steps_per_iteration': None, 'pin': False, 'model_creator': None, 'target_batch_size': 128, 'model_string': 'resnet50', 'min_batch_size': 128, 'dataset': 'CIFAR', 'placement': None, 'use_nccl': True, 'devices_per_worker': 1, 'primary_resource': 'extra_gpu', 'gpu': False, 'verbose': False, 'lr_config': {'mode': 'log', 'steps': 5, 'initial_lr': 0.0005, 'target_lr': 0.0005}, 'batch_per_device': 128}",289.50191855430603,0,7,1487.360850896169,1,10.253483057022095
0.01694643497467041,0.03163369396064855,0.0006780385971069336,0.0017378476574597761,0.027613449096679687,nan,0.0,0.04744975566864014,0.44673999547958376,1.5040864515304564,-0.46309998631477356,nan,0.0,nan,0.0,nan,0.0,0.4486599862575531,1.5077935216522216,nan,0.0,0.46309998631477356,1.4512319288253783,nan,0.0,60000,1,True,,,8,-1.5040864515304564,693ebbc889dd42658af23fc4c11c5fcc,2019-06-06_07-34-45,1559831685,39.9512825012207,329.45320105552673,25091,steropes,169.229.49.254,"{'starting_lr': 0.0005, 'momentum': 0.95, 'weight_decay': 0.0005, 'steps_per_iteration': None, 'pin': False, 'model_creator': None, 'target_batch_size': 128, 'model_string': 'resnet50', 'min_batch_size': 128, 'dataset': 'CIFAR', 'placement': None, 'use_nccl': True, 'devices_per_worker': 1, 'primary_resource': 'extra_gpu', 'gpu': False, 'verbose': False, 'lr_config': {'mode': 'log', 'steps': 5, 'initial_lr': 0.0005, 'target_lr': 0.0005}, 'batch_per_device': 128}",329.45320105552673,0,8,1493.626663038888,1,10.253483057022095
