{"apply": 0.01773684024810791, "batch_time": 0.042012392720089685, "d2h": 0.0006846904754638672, "data_time": 0.0018830293279779536, "fwd": 0.1197432279586792, "get_state_time_mean": NaN, "get_state_time_total": 0.0, "grad": 0.16635706424713134, "mean_accuracy": 0.27559998631477356, "mean_loss": 2.04023247756958, "neg_mean_accuracy": -0.27559998631477356, "set_state_time_mean": NaN, "set_state_time_total": 0.0, "setup_model_time_mean": 8.25774073600769, "setup_model_time_total": 8.25774073600769, "setup_proc_time_mean": 0.17587924003601074, "setup_proc_time_total": 0.17587924003601074, "train_accuracy": 0.18851999938488007, "train_loss": 2.335064468002319, "training_time_mean": NaN, "training_time_total": 0.0, "val_accuracy": 0.27559998631477356, "val_loss": 2.04023247756958, "validation_time_mean": NaN, "validation_time_total": 0.0, "samples": 60000, "num_workers": 1, "done": false, "timesteps_total": null, "episodes_total": null, "training_iteration": 1, "neg_mean_loss": -2.04023247756958, "experiment_id": "693ebbc889dd42658af23fc4c11c5fcc", "date": "2019-06-06_07-30-02", "timestamp": 1559831402, "time_this_iter_s": 46.701672315597534, "time_total_s": 46.701672315597534, "pid": 25091, "hostname": "steropes", "node_ip": "169.229.49.254", "config": {"starting_lr": 0.0005, "momentum": 0.95, "weight_decay": 0.0005, "steps_per_iteration": null, "pin": false, "model_creator": null, "target_batch_size": 128, "model_string": "resnet50", "min_batch_size": 128, "dataset": "CIFAR", "placement": null, "use_nccl": true, "devices_per_worker": 1, "primary_resource": "extra_gpu", "gpu": false, "verbose": false, "lr_config": {"mode": "log", "steps": 5, "initial_lr": 0.0005, "target_lr": 0.0005}, "batch_per_device": 128}, "time_since_restore": 46.701672315597534, "timesteps_since_restore": 0, "iterations_since_restore": 1, "mean_throughput": 1284.7476354806386, "atoms": 1, "setup_time": 10.253483057022095}
{"apply": 0.017317962646484376, "batch_time": 0.032402551626857325, "d2h": 0.0006853818893432617, "data_time": 0.0018418152314012923, "fwd": 0.028468608856201172, "get_state_time_mean": NaN, "get_state_time_total": 0.0, "grad": 0.04886128902435303, "mean_accuracy": 0.3168499916791916, "mean_loss": 1.89595009393692, "neg_mean_accuracy": -0.3580999970436096, "set_state_time_mean": NaN, "set_state_time_total": 0.0, "setup_model_time_mean": NaN, "setup_model_time_total": 0.0, "setup_proc_time_mean": NaN, "setup_proc_time_total": 0.0, "train_accuracy": 0.29291999340057373, "train_loss": 1.9433951358413697, "training_time_mean": NaN, "training_time_total": 0.0, "val_accuracy": 0.3580999970436096, "val_loss": 1.7516677103042602, "validation_time_mean": NaN, "validation_time_total": 0.0, "samples": 60000, "num_workers": 1, "done": false, "timesteps_total": null, "episodes_total": null, "training_iteration": 2, "neg_mean_loss": -1.89595009393692, "experiment_id": "693ebbc889dd42658af23fc4c11c5fcc", "date": "2019-06-06_07-30-43", "timestamp": 1559831443, "time_this_iter_s": 41.101160287857056, "time_total_s": 87.80283260345459, "pid": 25091, "hostname": "steropes", "node_ip": "169.229.49.254", "config": {"starting_lr": 0.0005, "momentum": 0.95, "weight_decay": 0.0005, "steps_per_iteration": null, "pin": false, "model_creator": null, "target_batch_size": 128, "model_string": "resnet50", "min_batch_size": 128, "dataset": "CIFAR", "placement": null, "use_nccl": true, "devices_per_worker": 1, "primary_resource": "extra_gpu", "gpu": false, "verbose": false, "lr_config": {"mode": "log", "steps": 5, "initial_lr": 0.0005, "target_lr": 0.0005}, "batch_per_device": 128}, "time_since_restore": 87.80283260345459, "timesteps_since_restore": 0, "iterations_since_restore": 2, "mean_throughput": 1366.6956357009997, "atoms": 1, "setup_time": 10.253483057022095}
{"apply": 0.01719486713409424, "batch_time": 0.03165947334675849, "d2h": 0.0006623983383178711, "data_time": 0.0018429811043507607, "fwd": 0.027964568138122557, "get_state_time_mean": NaN, "get_state_time_total": 0.0, "grad": 0.04847731590270996, "mean_accuracy": 0.3391333222389221, "mean_loss": 1.8253454420725503, "neg_mean_accuracy": -0.3836999833583832, "set_state_time_mean": NaN, "set_state_time_total": 0.0, "setup_model_time_mean": NaN, "setup_model_time_total": 0.0, "setup_proc_time_mean": NaN, "setup_proc_time_total": 0.0, "train_accuracy": 0.34595999121665955, "train_loss": 1.7982052822494508, "training_time_mean": NaN, "training_time_total": 0.0, "val_accuracy": 0.3836999833583832, "val_loss": 1.684136138343811, "validation_time_mean": NaN, "validation_time_total": 0.0, "samples": 60000, "num_workers": 1, "done": false, "timesteps_total": null, "episodes_total": null, "training_iteration": 3, "neg_mean_loss": -1.8253454420725503, "experiment_id": "693ebbc889dd42658af23fc4c11c5fcc", "date": "2019-06-06_07-31-24", "timestamp": 1559831484, "time_this_iter_s": 40.79742097854614, "time_total_s": 128.60025358200073, "pid": 25091, "hostname": "steropes", "node_ip": "169.229.49.254", "config": {"starting_lr": 0.0005, "momentum": 0.95, "weight_decay": 0.0005, "steps_per_iteration": null, "pin": false, "model_creator": null, "target_batch_size": 128, "model_string": "resnet50", "min_batch_size": 128, "dataset": "CIFAR", "placement": null, "use_nccl": true, "devices_per_worker": 1, "primary_resource": "extra_gpu", "gpu": false, "verbose": false, "lr_config": {"mode": "log", "steps": 5, "initial_lr": 0.0005, "target_lr": 0.0005}, "batch_per_device": 128}, "time_since_restore": 128.60025358200073, "timesteps_since_restore": 0, "iterations_since_restore": 3, "mean_throughput": 1399.6833331966975, "atoms": 1, "setup_time": 10.253483057022095}
{"apply": 0.016958045959472656, "batch_time": 0.031933530976500694, "d2h": 0.0006434440612792969, "data_time": 0.0017713189429944128, "fwd": 0.02760612964630127, "get_state_time_mean": NaN, "get_state_time_total": 0.0, "grad": 0.047661876678466795, "mean_accuracy": 0.3601749911904335, "mean_loss": 1.7639454681396483, "neg_mean_accuracy": -0.42329999804496765, "set_state_time_mean": NaN, "set_state_time_total": 0.0, "setup_model_time_mean": NaN, "setup_model_time_total": 0.0, "setup_proc_time_mean": NaN, "setup_proc_time_total": 0.0, "train_accuracy": 0.3748999834060669, "train_loss": 1.7089758415985108, "training_time_mean": NaN, "training_time_total": 0.0, "val_accuracy": 0.42329999804496765, "val_loss": 1.5797455463409424, "validation_time_mean": NaN, "validation_time_total": 0.0, "samples": 60000, "num_workers": 1, "done": false, "timesteps_total": null, "episodes_total": null, "training_iteration": 4, "neg_mean_loss": -1.7639454681396483, "experiment_id": "693ebbc889dd42658af23fc4c11c5fcc", "date": "2019-06-06_07-32-04", "timestamp": 1559831524, "time_this_iter_s": 40.50993013381958, "time_total_s": 169.1101837158203, "pid": 25091, "hostname": "steropes", "node_ip": "169.229.49.254", "config": {"starting_lr": 0.0005, "momentum": 0.95, "weight_decay": 0.0005, "steps_per_iteration": null, "pin": false, "model_creator": null, "target_batch_size": 128, "model_string": "resnet50", "min_batch_size": 128, "dataset": "CIFAR", "placement": null, "use_nccl": true, "devices_per_worker": 1, "primary_resource": "extra_gpu", "gpu": false, "verbose": false, "lr_config": {"mode": "log", "steps": 5, "initial_lr": 0.0005, "target_lr": 0.0005}, "batch_per_device": 128}, "time_since_restore": 169.1101837158203, "timesteps_since_restore": 0, "iterations_since_restore": 4, "mean_throughput": 1419.1901860941937, "atoms": 1, "setup_time": 10.253483057022095}
{"apply": 0.017086482048034667, "batch_time": 0.031844685349283336, "d2h": 0.0006856679916381836, "data_time": 0.0017685085306387118, "fwd": 0.02800872325897217, "get_state_time_mean": NaN, "get_state_time_total": 0.0, "grad": 0.04749176502227783, "mean_accuracy": 0.3759999930858612, "mean_loss": 1.7157683611679075, "neg_mean_accuracy": -0.439300000667572, "set_state_time_mean": NaN, "set_state_time_total": 0.0, "setup_model_time_mean": NaN, "setup_model_time_total": 0.0, "setup_proc_time_mean": NaN, "setup_proc_time_total": 0.0, "train_accuracy": 0.40403997898101807, "train_loss": 1.6414369002532958, "training_time_mean": NaN, "training_time_total": 0.0, "val_accuracy": 0.439300000667572, "val_loss": 1.523059933280945, "validation_time_mean": NaN, "validation_time_total": 0.0, "samples": 60000, "num_workers": 1, "done": false, "timesteps_total": null, "episodes_total": null, "training_iteration": 5, "neg_mean_loss": -1.7157683611679075, "experiment_id": "693ebbc889dd42658af23fc4c11c5fcc", "date": "2019-06-06_07-32-45", "timestamp": 1559831565, "time_this_iter_s": 40.40073037147522, "time_total_s": 209.51091408729553, "pid": 25091, "hostname": "steropes", "node_ip": "169.229.49.254", "config": {"starting_lr": 0.0005, "momentum": 0.95, "weight_decay": 0.0005, "steps_per_iteration": null, "pin": false, "model_creator": null, "target_batch_size": 128, "model_string": "resnet50", "min_batch_size": 128, "dataset": "CIFAR", "placement": null, "use_nccl": true, "devices_per_worker": 1, "primary_resource": "extra_gpu", "gpu": false, "verbose": false, "lr_config": {"mode": "log", "steps": 5, "initial_lr": 0.0005, "target_lr": 0.0005}, "batch_per_device": 128}, "time_since_restore": 209.51091408729553, "timesteps_since_restore": 0, "iterations_since_restore": 5, "mean_throughput": 1431.903447514816, "atoms": 1, "setup_time": 10.253483057022095}
{"apply": 0.01694777011871338, "batch_time": 0.03168382825730722, "d2h": 0.0006747245788574219, "data_time": 0.0017325000080001323, "fwd": 0.02751312255859375, "get_state_time_mean": NaN, "get_state_time_total": 0.0, "grad": 0.047273445129394534, "mean_accuracy": 0.4109599947929382, "mean_loss": 1.6063771104049682, "neg_mean_accuracy": -0.4503999948501587, "set_state_time_mean": NaN, "set_state_time_total": 0.0, "setup_model_time_mean": NaN, "setup_model_time_total": 0.0, "setup_proc_time_mean": NaN, "setup_proc_time_total": 0.0, "train_accuracy": 0.41867998242378235, "train_loss": 1.5904155266952515, "training_time_mean": NaN, "training_time_total": 0.0, "val_accuracy": 0.4503999948501587, "val_loss": 1.493276223754883, "validation_time_mean": NaN, "validation_time_total": 0.0, "samples": 60000, "num_workers": 1, "done": false, "timesteps_total": null, "episodes_total": null, "training_iteration": 6, "neg_mean_loss": -1.6063771104049682, "experiment_id": "693ebbc889dd42658af23fc4c11c5fcc", "date": "2019-06-06_07-33-25", "timestamp": 1559831605, "time_this_iter_s": 39.95441150665283, "time_total_s": 249.46532559394836, "pid": 25091, "hostname": "steropes", "node_ip": "169.229.49.254", "config": {"starting_lr": 0.0005, "momentum": 0.95, "weight_decay": 0.0005, "steps_per_iteration": null, "pin": false, "model_creator": null, "target_batch_size": 128, "model_string": "resnet50", "min_batch_size": 128, "dataset": "CIFAR", "placement": null, "use_nccl": true, "devices_per_worker": 1, "primary_resource": "extra_gpu", "gpu": false, "verbose": false, "lr_config": {"mode": "log", "steps": 5, "initial_lr": 0.0005, "target_lr": 0.0005}, "batch_per_device": 128}, "time_since_restore": 249.46532559394836, "timesteps_since_restore": 0, "iterations_since_restore": 6, "mean_throughput": 1479.5518008700635, "atoms": 1, "setup_time": 10.253483057022095}
{"apply": 0.016990017890930176, "batch_time": 0.031544383568099785, "d2h": 0.000672459602355957, "data_time": 0.0017198345545307754, "fwd": 0.02752828598022461, "get_state_time_mean": NaN, "get_state_time_total": 0.0, "grad": 0.04738540649414062, "mean_accuracy": 0.4308599948883057, "mean_loss": 1.550667293434143, "neg_mean_accuracy": -0.4575999975204468, "set_state_time_mean": NaN, "set_state_time_total": 0.0, "setup_model_time_mean": NaN, "setup_model_time_total": 0.0, "setup_proc_time_mean": NaN, "setup_proc_time_total": 0.0, "train_accuracy": 0.4350599944591522, "train_loss": 1.5457507009124756, "training_time_mean": NaN, "training_time_total": 0.0, "val_accuracy": 0.4575999975204468, "val_loss": 1.4731186254501343, "validation_time_mean": NaN, "validation_time_total": 0.0, "samples": 60000, "num_workers": 1, "done": false, "timesteps_total": null, "episodes_total": null, "training_iteration": 7, "neg_mean_loss": -1.550667293434143, "experiment_id": "693ebbc889dd42658af23fc4c11c5fcc", "date": "2019-06-06_07-34-05", "timestamp": 1559831645, "time_this_iter_s": 40.036592960357666, "time_total_s": 289.50191855430603, "pid": 25091, "hostname": "steropes", "node_ip": "169.229.49.254", "config": {"starting_lr": 0.0005, "momentum": 0.95, "weight_decay": 0.0005, "steps_per_iteration": null, "pin": false, "model_creator": null, "target_batch_size": 128, "model_string": "resnet50", "min_batch_size": 128, "dataset": "CIFAR", "placement": null, "use_nccl": true, "devices_per_worker": 1, "primary_resource": "extra_gpu", "gpu": false, "verbose": false, "lr_config": {"mode": "log", "steps": 5, "initial_lr": 0.0005, "target_lr": 0.0005}, "batch_per_device": 128}, "time_since_restore": 289.50191855430603, "timesteps_since_restore": 0, "iterations_since_restore": 7, "mean_throughput": 1487.360850896169, "atoms": 1, "setup_time": 10.253483057022095}
{"apply": 0.01694643497467041, "batch_time": 0.03163369396064855, "d2h": 0.0006780385971069336, "data_time": 0.0017378476574597761, "fwd": 0.027613449096679687, "get_state_time_mean": NaN, "get_state_time_total": 0.0, "grad": 0.04744975566864014, "mean_accuracy": 0.44673999547958376, "mean_loss": 1.5040864515304564, "neg_mean_accuracy": -0.46309998631477356, "set_state_time_mean": NaN, "set_state_time_total": 0.0, "setup_model_time_mean": NaN, "setup_model_time_total": 0.0, "setup_proc_time_mean": NaN, "setup_proc_time_total": 0.0, "train_accuracy": 0.4486599862575531, "train_loss": 1.5077935216522216, "training_time_mean": NaN, "training_time_total": 0.0, "val_accuracy": 0.46309998631477356, "val_loss": 1.4512319288253783, "validation_time_mean": NaN, "validation_time_total": 0.0, "samples": 60000, "num_workers": 1, "done": true, "timesteps_total": null, "episodes_total": null, "training_iteration": 8, "neg_mean_loss": -1.5040864515304564, "experiment_id": "693ebbc889dd42658af23fc4c11c5fcc", "date": "2019-06-06_07-34-45", "timestamp": 1559831685, "time_this_iter_s": 39.9512825012207, "time_total_s": 329.45320105552673, "pid": 25091, "hostname": "steropes", "node_ip": "169.229.49.254", "config": {"starting_lr": 0.0005, "momentum": 0.95, "weight_decay": 0.0005, "steps_per_iteration": null, "pin": false, "model_creator": null, "target_batch_size": 128, "model_string": "resnet50", "min_batch_size": 128, "dataset": "CIFAR", "placement": null, "use_nccl": true, "devices_per_worker": 1, "primary_resource": "extra_gpu", "gpu": false, "verbose": false, "lr_config": {"mode": "log", "steps": 5, "initial_lr": 0.0005, "target_lr": 0.0005}, "batch_per_device": 128}, "time_since_restore": 329.45320105552673, "timesteps_since_restore": 0, "iterations_since_restore": 8, "mean_throughput": 1493.626663038888, "atoms": 1, "setup_time": 10.253483057022095}
