{"apply": 0.018566155433654787, "batch_time": 0.04184027261371854, "d2h": 0.000639033317565918, "data_time": 0.0018025651917128306, "fwd": 0.11674289703369141, "get_state_time_mean": NaN, "get_state_time_total": 0.0, "grad": 0.1660226821899414, "mean_accuracy": 0.14949999749660492, "mean_loss": 2.59971118888855, "neg_mean_accuracy": -0.14949999749660492, "set_state_time_mean": NaN, "set_state_time_total": 0.0, "setup_model_time_mean": 8.911187171936035, "setup_model_time_total": 8.911187171936035, "setup_proc_time_mean": 0.6481032371520996, "setup_proc_time_total": 0.6481032371520996, "train_accuracy": 0.11029999703168869, "train_loss": 4.658341119918823, "training_time_mean": NaN, "training_time_total": 0.0, "val_accuracy": 0.14949999749660492, "val_loss": 2.59971118888855, "validation_time_mean": NaN, "validation_time_total": 0.0, "samples": 60000, "num_workers": 1, "done": false, "timesteps_total": null, "episodes_total": null, "training_iteration": 1, "neg_mean_loss": -2.59971118888855, "experiment_id": "65e33cafac26412dbb2e1a1f362ffe78", "date": "2019-06-06_07-15-12", "timestamp": 1559830512, "time_this_iter_s": 47.691749572753906, "time_total_s": 47.691749572753906, "pid": 13874, "hostname": "steropes", "node_ip": "169.229.49.254", "config": {"starting_lr": 0.05, "momentum": 0.99, "weight_decay": 0.0001, "steps_per_iteration": null, "pin": false, "model_creator": null, "target_batch_size": 128, "model_string": "resnet50", "min_batch_size": 128, "dataset": "CIFAR", "placement": null, "use_nccl": true, "devices_per_worker": 1, "primary_resource": "extra_gpu", "gpu": false, "verbose": false, "lr_config": {"mode": "log", "steps": 5, "initial_lr": 0.05, "target_lr": 0.05}, "batch_per_device": 128}, "time_since_restore": 47.691749572753906, "timesteps_since_restore": 0, "iterations_since_restore": 1, "mean_throughput": 1258.076685344382, "atoms": 1, "setup_time": 9.938742637634277}
{"apply": 0.018998146057128906, "batch_time": 0.03225218797031837, "d2h": 0.0006655216217041016, "data_time": 0.0017711225982822115, "fwd": 0.028689265251159668, "get_state_time_mean": NaN, "get_state_time_total": 0.0, "grad": 0.04948413372039795, "mean_accuracy": 0.15264999866485596, "mean_loss": 2.3862725259780886, "neg_mean_accuracy": -0.155799999833107, "set_state_time_mean": NaN, "set_state_time_total": 0.0, "setup_model_time_mean": NaN, "setup_model_time_total": 0.0, "setup_proc_time_mean": NaN, "setup_proc_time_total": 0.0, "train_accuracy": 0.14391998946666718, "train_loss": 2.3021299061584473, "training_time_mean": NaN, "training_time_total": 0.0, "val_accuracy": 0.155799999833107, "val_loss": 2.172833863067627, "validation_time_mean": NaN, "validation_time_total": 0.0, "samples": 60000, "num_workers": 1, "done": true, "timesteps_total": null, "episodes_total": null, "training_iteration": 2, "neg_mean_loss": -2.3862725259780886, "experiment_id": "65e33cafac26412dbb2e1a1f362ffe78", "date": "2019-06-06_07-15-54", "timestamp": 1559830554, "time_this_iter_s": 42.09804558753967, "time_total_s": 89.78979516029358, "pid": 13874, "hostname": "steropes", "node_ip": "169.229.49.254", "config": {"starting_lr": 0.05, "momentum": 0.99, "weight_decay": 0.0001, "steps_per_iteration": null, "pin": false, "model_creator": null, "target_batch_size": 128, "model_string": "resnet50", "min_batch_size": 128, "dataset": "CIFAR", "placement": null, "use_nccl": true, "devices_per_worker": 1, "primary_resource": "extra_gpu", "gpu": false, "verbose": false, "lr_config": {"mode": "log", "steps": 5, "initial_lr": 0.05, "target_lr": 0.05}, "batch_per_device": 128}, "time_since_restore": 89.78979516029358, "timesteps_since_restore": 0, "iterations_since_restore": 2, "mean_throughput": 1336.4521861250773, "atoms": 1, "setup_time": 9.938742637634277}
