{"apply": 0.017247772216796874, "batch_time": 0.04201936721801758, "d2h": 0.0007328987121582031, "data_time": 0.001970188696975903, "fwd": 0.12561917304992676, "get_state_time_mean": NaN, "get_state_time_total": 0.0, "grad": 0.16446802616119385, "mean_accuracy": 0.2669999897480011, "mean_loss": 2.0863430526733397, "neg_mean_accuracy": -0.2669999897480011, "set_state_time_mean": NaN, "set_state_time_total": 0.0, "setup_model_time_mean": 9.842281341552734, "setup_model_time_total": 9.842281341552734, "setup_proc_time_mean": 0.8232841491699219, "setup_proc_time_total": 0.8232841491699219, "train_accuracy": 0.1908399909734726, "train_loss": 2.3315453344726564, "training_time_mean": NaN, "training_time_total": 0.0, "val_accuracy": 0.2669999897480011, "val_loss": 2.0863430526733397, "validation_time_mean": NaN, "validation_time_total": 0.0, "samples": 60000, "num_workers": 1, "done": false, "timesteps_total": null, "episodes_total": null, "training_iteration": 1, "neg_mean_loss": -2.0863430526733397, "experiment_id": "1ea7a023d01442dcb7dab8e9433feb51", "date": "2019-06-06_09-36-23", "timestamp": 1559838983, "time_this_iter_s": 46.273446559906006, "time_total_s": 46.273446559906006, "pid": 14832, "hostname": "steropes", "node_ip": "169.229.49.254", "config": {"starting_lr": 0.0005, "momentum": 0.95, "weight_decay": 0.0005, "steps_per_iteration": null, "pin": false, "model_creator": null, "target_batch_size": 128, "model_string": "resnet50", "min_batch_size": 128, "dataset": "CIFAR", "placement": null, "use_nccl": true, "devices_per_worker": 1, "primary_resource": "extra_gpu", "gpu": false, "verbose": false, "lr_config": {"mode": "log", "steps": 5, "initial_lr": 0.0005, "target_lr": 0.0005}, "batch_per_device": 128}, "time_since_restore": 46.273446559906006, "timesteps_since_restore": 0, "iterations_since_restore": 1, "mean_throughput": 1296.6364815558559, "atoms": 1, "setup_time": 10.773151397705078}
{"apply": 0.01811215877532959, "batch_time": 0.032720798178564145, "d2h": 0.0007684230804443359, "data_time": 0.0018263625366913387, "fwd": 0.02907273769378662, "get_state_time_mean": NaN, "get_state_time_total": 0.0, "grad": 0.049273347854614256, "mean_accuracy": 0.3043999969959259, "mean_loss": 1.954108716583252, "neg_mean_accuracy": -0.3418000042438507, "set_state_time_mean": NaN, "set_state_time_total": 0.0, "setup_model_time_mean": NaN, "setup_model_time_total": 0.0, "setup_proc_time_mean": NaN, "setup_proc_time_total": 0.0, "train_accuracy": 0.28825998306274414, "train_loss": 1.953962102661133, "training_time_mean": NaN, "training_time_total": 0.0, "val_accuracy": 0.3418000042438507, "val_loss": 1.821874380493164, "validation_time_mean": NaN, "validation_time_total": 0.0, "samples": 60000, "num_workers": 1, "done": false, "timesteps_total": null, "episodes_total": null, "training_iteration": 2, "neg_mean_loss": -1.954108716583252, "experiment_id": "1ea7a023d01442dcb7dab8e9433feb51", "date": "2019-06-06_09-37-04", "timestamp": 1559839024, "time_this_iter_s": 41.02569794654846, "time_total_s": 87.29914450645447, "pid": 14832, "hostname": "steropes", "node_ip": "169.229.49.254", "config": {"starting_lr": 0.0005, "momentum": 0.95, "weight_decay": 0.0005, "steps_per_iteration": null, "pin": false, "model_creator": null, "target_batch_size": 128, "model_string": "resnet50", "min_batch_size": 128, "dataset": "CIFAR", "placement": null, "use_nccl": true, "devices_per_worker": 1, "primary_resource": "extra_gpu", "gpu": false, "verbose": false, "lr_config": {"mode": "log", "steps": 5, "initial_lr": 0.0005, "target_lr": 0.0005}, "batch_per_device": 128}, "time_since_restore": 87.29914450645447, "timesteps_since_restore": 0, "iterations_since_restore": 2, "mean_throughput": 1374.580620868369, "atoms": 1, "setup_time": 10.773151397705078}
{"apply": 0.01727290153503418, "batch_time": 0.03196454651748078, "d2h": 0.0007224798202514649, "data_time": 0.0018773353313241163, "fwd": 0.028394007682800294, "get_state_time_mean": NaN, "get_state_time_total": 0.0, "grad": 0.04848980903625488, "mean_accuracy": 0.3303666611512502, "mean_loss": 1.8704218093872071, "neg_mean_accuracy": -0.3822999894618988, "set_state_time_mean": NaN, "set_state_time_total": 0.0, "setup_model_time_mean": NaN, "setup_model_time_total": 0.0, "setup_proc_time_mean": NaN, "setup_proc_time_total": 0.0, "train_accuracy": 0.3413600027561188, "train_loss": 1.8174796030044555, "training_time_mean": NaN, "training_time_total": 0.0, "val_accuracy": 0.3822999894618988, "val_loss": 1.7030479949951172, "validation_time_mean": NaN, "validation_time_total": 0.0, "samples": 60000, "num_workers": 1, "done": true, "timesteps_total": null, "episodes_total": null, "training_iteration": 3, "neg_mean_loss": -1.8704218093872071, "experiment_id": "1ea7a023d01442dcb7dab8e9433feb51", "date": "2019-06-06_09-37-45", "timestamp": 1559839065, "time_this_iter_s": 40.88165855407715, "time_total_s": 128.18080306053162, "pid": 14832, "hostname": "steropes", "node_ip": "169.229.49.254", "config": {"starting_lr": 0.0005, "momentum": 0.95, "weight_decay": 0.0005, "steps_per_iteration": null, "pin": false, "model_creator": null, "target_batch_size": 128, "model_string": "resnet50", "min_batch_size": 128, "dataset": "CIFAR", "placement": null, "use_nccl": true, "devices_per_worker": 1, "primary_resource": "extra_gpu", "gpu": false, "verbose": false, "lr_config": {"mode": "log", "steps": 5, "initial_lr": 0.0005, "target_lr": 0.0005}, "batch_per_device": 128}, "time_since_restore": 128.18080306053162, "timesteps_since_restore": 0, "iterations_since_restore": 3, "mean_throughput": 1404.26328483548, "atoms": 1, "setup_time": 10.773151397705078}
