{"apply": 0.017889881134033205, "batch_time": 0.04612945001336593, "d2h": 0.0006349563598632812, "data_time": 0.0017841417161400055, "fwd": 0.20090200901031494, "get_state_time_mean": NaN, "get_state_time_total": 0.0, "grad": 0.15794835090637208, "mean_accuracy": 0.3100999891757965, "mean_loss": 2.1643182968139647, "neg_mean_accuracy": -0.3100999891757965, "set_state_time_mean": NaN, "set_state_time_total": 0.0, "setup_model_time_mean": 8.778439998626709, "setup_model_time_total": 8.778439998626709, "setup_proc_time_mean": 1.8616268634796143, "setup_proc_time_total": 1.8616268634796143, "train_accuracy": 0.21583999693393707, "train_loss": 2.394887586212158, "training_time_mean": NaN, "training_time_total": 0.0, "val_accuracy": 0.3100999891757965, "val_loss": 2.1643182968139647, "validation_time_mean": NaN, "validation_time_total": 0.0, "samples": 60000, "num_workers": 1, "done": false, "timesteps_total": null, "episodes_total": null, "training_iteration": 1, "neg_mean_loss": -2.1643182968139647, "experiment_id": "7a6f35cd661542f08cc9176a613bd7a0", "date": "2019-06-02_20-14-33", "timestamp": 1559531673, "time_this_iter_s": 48.8864381313324, "time_total_s": 48.8864381313324, "pid": 18827, "hostname": "steropes", "node_ip": "169.229.49.254", "config": {"starting_lr": 0.0005, "momentum": 0.99, "weight_decay": 0.001, "steps_per_iteration": null, "pin": false, "model_creator": null, "target_batch_size": 128, "model_string": "resnet50", "min_batch_size": 128, "dataset": "CIFAR", "placement": null, "use_nccl": true, "devices_per_worker": 1, "primary_resource": "extra_gpu", "gpu": false, "verbose": false, "lr_config": {"mode": "log", "steps": 5, "initial_lr": 0.0005, "target_lr": 0.0005}, "batch_per_device": 128}, "time_since_restore": 48.8864381313324, "timesteps_since_restore": 0, "iterations_since_restore": 1, "mean_throughput": 1227.3322113548152, "atoms": 1, "setup_time": 12.246090173721313}
{"apply": 0.018024468421936037, "batch_time": 0.03220999089977409, "d2h": 0.0006597995758056641, "data_time": 0.001788105806121436, "fwd": 0.02851412296295166, "get_state_time_mean": NaN, "get_state_time_total": 0.0, "grad": 0.04855568408966064, "mean_accuracy": 0.3395499885082245, "mean_loss": 2.0545634432792665, "neg_mean_accuracy": -0.36899998784065247, "set_state_time_mean": NaN, "set_state_time_total": 0.0, "setup_model_time_mean": NaN, "setup_model_time_total": 0.0, "setup_proc_time_mean": NaN, "setup_proc_time_total": 0.0, "train_accuracy": 0.32128000259399414, "train_loss": 2.078974846534729, "training_time_mean": NaN, "training_time_total": 0.0, "val_accuracy": 0.36899998784065247, "val_loss": 1.944808589744568, "validation_time_mean": NaN, "validation_time_total": 0.0, "samples": 60000, "num_workers": 1, "done": false, "timesteps_total": null, "episodes_total": null, "training_iteration": 2, "neg_mean_loss": -2.0545634432792665, "experiment_id": "7a6f35cd661542f08cc9176a613bd7a0", "date": "2019-06-02_20-15-14", "timestamp": 1559531714, "time_this_iter_s": 41.500160455703735, "time_total_s": 90.38659858703613, "pid": 18827, "hostname": "steropes", "node_ip": "169.229.49.254", "config": {"starting_lr": 0.0005, "momentum": 0.99, "weight_decay": 0.001, "steps_per_iteration": null, "pin": false, "model_creator": null, "target_batch_size": 128, "model_string": "resnet50", "min_batch_size": 128, "dataset": "CIFAR", "placement": null, "use_nccl": true, "devices_per_worker": 1, "primary_resource": "extra_gpu", "gpu": false, "verbose": false, "lr_config": {"mode": "log", "steps": 5, "initial_lr": 0.0005, "target_lr": 0.0005}, "batch_per_device": 128}, "time_since_restore": 90.38659858703613, "timesteps_since_restore": 0, "iterations_since_restore": 2, "mean_throughput": 1327.628087021655, "atoms": 1, "setup_time": 12.246090173721313}
{"apply": 0.01764812469482422, "batch_time": 0.0320093329948715, "d2h": 0.0006692647933959961, "data_time": 0.001764847494452201, "fwd": 0.027863454818725587, "get_state_time_mean": NaN, "get_state_time_total": 0.0, "grad": 0.048309040069580075, "mean_accuracy": 0.360699991385142, "mean_loss": 2.029435095469157, "neg_mean_accuracy": -0.40299999713897705, "set_state_time_mean": NaN, "set_state_time_total": 0.0, "setup_model_time_mean": NaN, "setup_model_time_total": 0.0, "setup_proc_time_mean": NaN, "setup_proc_time_total": 0.0, "train_accuracy": 0.35843998193740845, "train_loss": 1.8421734912490846, "training_time_mean": NaN, "training_time_total": 0.0, "val_accuracy": 0.40299999713897705, "val_loss": 1.979178399848938, "validation_time_mean": NaN, "validation_time_total": 0.0, "samples": 60000, "num_workers": 1, "done": false, "timesteps_total": null, "episodes_total": null, "training_iteration": 3, "neg_mean_loss": -2.029435095469157, "experiment_id": "7a6f35cd661542f08cc9176a613bd7a0", "date": "2019-06-02_20-15-55", "timestamp": 1559531755, "time_this_iter_s": 41.23153877258301, "time_total_s": 131.61813735961914, "pid": 18827, "hostname": "steropes", "node_ip": "169.229.49.254", "config": {"starting_lr": 0.0005, "momentum": 0.99, "weight_decay": 0.001, "steps_per_iteration": null, "pin": false, "model_creator": null, "target_batch_size": 128, "model_string": "resnet50", "min_batch_size": 128, "dataset": "CIFAR", "placement": null, "use_nccl": true, "devices_per_worker": 1, "primary_resource": "extra_gpu", "gpu": false, "verbose": false, "lr_config": {"mode": "log", "steps": 5, "initial_lr": 0.0005, "target_lr": 0.0005}, "batch_per_device": 128}, "time_since_restore": 131.61813735961914, "timesteps_since_restore": 0, "iterations_since_restore": 3, "mean_throughput": 1367.5891059739688, "atoms": 1, "setup_time": 12.246090173721313}
{"apply": 0.01844468116760254, "batch_time": 0.031632471688186066, "d2h": 0.0006698131561279297, "data_time": 0.0017848338007622059, "fwd": 0.028705334663391112, "get_state_time_mean": NaN, "get_state_time_total": 0.0, "grad": 0.047600936889648435, "mean_accuracy": 0.3798999935388565, "mean_loss": 2.331099523973465, "neg_mean_accuracy": -0.4375, "set_state_time_mean": NaN, "set_state_time_total": 0.0, "setup_model_time_mean": NaN, "setup_model_time_total": 0.0, "setup_proc_time_mean": NaN, "setup_proc_time_total": 0.0, "train_accuracy": 0.41383999586105347, "train_loss": 1.683622440223694, "training_time_mean": NaN, "training_time_total": 0.0, "val_accuracy": 0.4375, "val_loss": 3.236092809486389, "validation_time_mean": NaN, "validation_time_total": 0.0, "samples": 60000, "num_workers": 1, "done": false, "timesteps_total": null, "episodes_total": null, "training_iteration": 4, "neg_mean_loss": -2.331099523973465, "experiment_id": "7a6f35cd661542f08cc9176a613bd7a0", "date": "2019-06-02_20-16-37", "timestamp": 1559531797, "time_this_iter_s": 41.25868535041809, "time_total_s": 172.87682271003723, "pid": 18827, "hostname": "steropes", "node_ip": "169.229.49.254", "config": {"starting_lr": 0.0005, "momentum": 0.99, "weight_decay": 0.001, "steps_per_iteration": null, "pin": false, "model_creator": null, "target_batch_size": 128, "model_string": "resnet50", "min_batch_size": 128, "dataset": "CIFAR", "placement": null, "use_nccl": true, "devices_per_worker": 1, "primary_resource": "extra_gpu", "gpu": false, "verbose": false, "lr_config": {"mode": "log", "steps": 5, "initial_lr": 0.0005, "target_lr": 0.0005}, "batch_per_device": 128}, "time_since_restore": 172.87682271003723, "timesteps_since_restore": 0, "iterations_since_restore": 4, "mean_throughput": 1388.268350083175, "atoms": 1, "setup_time": 12.246090173721313}
{"apply": 0.01853506565093994, "batch_time": 0.03160064431685436, "d2h": 0.0006616353988647461, "data_time": 0.0017629120965747883, "fwd": 0.028178906440734862, "get_state_time_mean": NaN, "get_state_time_total": 0.0, "grad": 0.047884654998779294, "mean_accuracy": 0.3980999946594238, "mean_loss": 2.1990709232330325, "neg_mean_accuracy": -0.4708999991416931, "set_state_time_mean": NaN, "set_state_time_total": 0.0, "setup_model_time_mean": NaN, "setup_model_time_total": 0.0, "setup_proc_time_mean": NaN, "setup_proc_time_total": 0.0, "train_accuracy": 0.4302600026130676, "train_loss": 1.6398347653198242, "training_time_mean": NaN, "training_time_total": 0.0, "val_accuracy": 0.4708999991416931, "val_loss": 1.6709565202713013, "validation_time_mean": NaN, "validation_time_total": 0.0, "samples": 60000, "num_workers": 1, "done": false, "timesteps_total": null, "episodes_total": null, "training_iteration": 5, "neg_mean_loss": -2.1990709232330325, "experiment_id": "7a6f35cd661542f08cc9176a613bd7a0", "date": "2019-06-02_20-17-18", "timestamp": 1559531838, "time_this_iter_s": 40.97622632980347, "time_total_s": 213.8530490398407, "pid": 18827, "hostname": "steropes", "node_ip": "169.229.49.254", "config": {"starting_lr": 0.0005, "momentum": 0.99, "weight_decay": 0.001, "steps_per_iteration": null, "pin": false, "model_creator": null, "target_batch_size": 128, "model_string": "resnet50", "min_batch_size": 128, "dataset": "CIFAR", "placement": null, "use_nccl": true, "devices_per_worker": 1, "primary_resource": "extra_gpu", "gpu": false, "verbose": false, "lr_config": {"mode": "log", "steps": 5, "initial_lr": 0.0005, "target_lr": 0.0005}, "batch_per_device": 128}, "time_since_restore": 213.8530490398407, "timesteps_since_restore": 0, "iterations_since_restore": 5, "mean_throughput": 1402.8292153790665, "atoms": 1, "setup_time": 12.246090173721313}
{"apply": 0.01905221939086914, "batch_time": 0.03207748751097088, "d2h": 0.0006740093231201172, "data_time": 0.0017508271405154176, "fwd": 0.028774285316467287, "get_state_time_mean": NaN, "get_state_time_total": 0.0, "grad": 0.04793472290039062, "mean_accuracy": 0.4271799921989441, "mean_loss": 2.2091937592315674, "neg_mean_accuracy": -0.4554999768733978, "set_state_time_mean": NaN, "set_state_time_total": 0.0, "setup_model_time_mean": NaN, "setup_model_time_total": 0.0, "setup_proc_time_mean": NaN, "setup_proc_time_total": 0.0, "train_accuracy": 0.45170000195503235, "train_loss": 1.5654622830963134, "training_time_mean": NaN, "training_time_total": 0.0, "val_accuracy": 0.4554999768733978, "val_loss": 2.2149324768066405, "validation_time_mean": NaN, "validation_time_total": 0.0, "samples": 60000, "num_workers": 1, "done": false, "timesteps_total": null, "episodes_total": null, "training_iteration": 6, "neg_mean_loss": -2.2091937592315674, "experiment_id": "7a6f35cd661542f08cc9176a613bd7a0", "date": "2019-06-02_20-17-59", "timestamp": 1559531879, "time_this_iter_s": 40.9932861328125, "time_total_s": 254.8463351726532, "pid": 18827, "hostname": "steropes", "node_ip": "169.229.49.254", "config": {"starting_lr": 0.0005, "momentum": 0.99, "weight_decay": 0.001, "steps_per_iteration": null, "pin": false, "model_creator": null, "target_batch_size": 128, "model_string": "resnet50", "min_batch_size": 128, "dataset": "CIFAR", "placement": null, "use_nccl": true, "devices_per_worker": 1, "primary_resource": "extra_gpu", "gpu": false, "verbose": false, "lr_config": {"mode": "log", "steps": 5, "initial_lr": 0.0005, "target_lr": 0.0005}, "batch_per_device": 128}, "time_since_restore": 254.8463351726532, "timesteps_since_restore": 0, "iterations_since_restore": 6, "mean_throughput": 1456.5907494431297, "atoms": 1, "setup_time": 12.246090173721313}
{"apply": 0.017751312255859374, "batch_time": 0.03145577334150483, "d2h": 0.0006894588470458985, "data_time": 0.001784630138855761, "fwd": 0.02805631160736084, "get_state_time_mean": NaN, "get_state_time_total": 0.0, "grad": 0.048630571365356444, "mean_accuracy": 0.45305998921394347, "mean_loss": 2.133514433555603, "neg_mean_accuracy": -0.4983999729156494, "set_state_time_mean": NaN, "set_state_time_total": 0.0, "setup_model_time_mean": NaN, "setup_model_time_total": 0.0, "setup_proc_time_mean": NaN, "setup_proc_time_total": 0.0, "train_accuracy": 0.4630599915981293, "train_loss": 1.5410998376083374, "training_time_mean": NaN, "training_time_total": 0.0, "val_accuracy": 0.4983999729156494, "val_loss": 1.566411961364746, "validation_time_mean": NaN, "validation_time_total": 0.0, "samples": 60000, "num_workers": 1, "done": false, "timesteps_total": null, "episodes_total": null, "training_iteration": 7, "neg_mean_loss": -2.133514433555603, "experiment_id": "7a6f35cd661542f08cc9176a613bd7a0", "date": "2019-06-02_20-18-40", "timestamp": 1559531920, "time_this_iter_s": 41.11751890182495, "time_total_s": 295.96385407447815, "pid": 18827, "hostname": "steropes", "node_ip": "169.229.49.254", "config": {"starting_lr": 0.0005, "momentum": 0.99, "weight_decay": 0.001, "steps_per_iteration": null, "pin": false, "model_creator": null, "target_batch_size": 128, "model_string": "resnet50", "min_batch_size": 128, "dataset": "CIFAR", "placement": null, "use_nccl": true, "devices_per_worker": 1, "primary_resource": "extra_gpu", "gpu": false, "verbose": false, "lr_config": {"mode": "log", "steps": 5, "initial_lr": 0.0005, "target_lr": 0.0005}, "batch_per_device": 128}, "time_since_restore": 295.96385407447815, "timesteps_since_restore": 0, "iterations_since_restore": 7, "mean_throughput": 1459.3018860635177, "atoms": 1, "setup_time": 12.246090173721313}
{"apply": 0.018078136444091796, "batch_time": 0.03141478647159625, "d2h": 0.0006539344787597657, "data_time": 0.001748149047422287, "fwd": 0.028255534172058106, "get_state_time_mean": NaN, "get_state_time_total": 0.0, "grad": 0.047509765625, "mean_accuracy": 0.474699991941452, "mean_loss": 2.0121419309234616, "neg_mean_accuracy": -0.5112000107765198, "set_state_time_mean": NaN, "set_state_time_total": 0.0, "setup_model_time_mean": NaN, "setup_model_time_total": 0.0, "setup_proc_time_mean": NaN, "setup_proc_time_total": 0.0, "train_accuracy": 0.48857998847961426, "train_loss": 1.4700137915802003, "training_time_mean": NaN, "training_time_total": 0.0, "val_accuracy": 0.5112000107765198, "val_loss": 1.3723158866882323, "validation_time_mean": NaN, "validation_time_total": 0.0, "samples": 60000, "num_workers": 1, "done": false, "timesteps_total": null, "episodes_total": null, "training_iteration": 8, "neg_mean_loss": -2.0121419309234616, "experiment_id": "7a6f35cd661542f08cc9176a613bd7a0", "date": "2019-06-02_20-19-21", "timestamp": 1559531961, "time_this_iter_s": 41.023505210876465, "time_total_s": 336.9873592853546, "pid": 18827, "hostname": "steropes", "node_ip": "169.229.49.254", "config": {"starting_lr": 0.0005, "momentum": 0.99, "weight_decay": 0.001, "steps_per_iteration": null, "pin": false, "model_creator": null, "target_batch_size": 128, "model_string": "resnet50", "min_batch_size": 128, "dataset": "CIFAR", "placement": null, "use_nccl": true, "devices_per_worker": 1, "primary_resource": "extra_gpu", "gpu": false, "verbose": false, "lr_config": {"mode": "log", "steps": 5, "initial_lr": 0.0005, "target_lr": 0.0005}, "batch_per_device": 128}, "time_since_restore": 336.9873592853546, "timesteps_since_restore": 0, "iterations_since_restore": 8, "mean_throughput": 1460.780835550749, "atoms": 1, "setup_time": 12.246090173721313}
{"apply": 0.017751550674438475, "batch_time": 0.033410467678987525, "d2h": 0.000643777847290039, "data_time": 0.0017197376017070488, "fwd": 0.027909564971923827, "get_state_time_mean": NaN, "get_state_time_total": 0.0, "grad": 0.04805099964141846, "mean_accuracy": 0.49003998637199403, "mean_loss": 2.0038568796157836, "neg_mean_accuracy": -0.51419997215271, "set_state_time_mean": NaN, "set_state_time_total": 0.0, "setup_model_time_mean": NaN, "setup_model_time_total": 0.0, "setup_proc_time_mean": NaN, "setup_proc_time_total": 0.0, "train_accuracy": 0.4955799877643585, "train_loss": 1.492713469429016, "training_time_mean": NaN, "training_time_total": 0.0, "val_accuracy": 0.51419997215271, "val_loss": 3.194667552947998, "validation_time_mean": NaN, "validation_time_total": 0.0, "samples": 60000, "num_workers": 1, "done": false, "timesteps_total": null, "episodes_total": null, "training_iteration": 9, "neg_mean_loss": -2.0038568796157836, "experiment_id": "7a6f35cd661542f08cc9176a613bd7a0", "date": "2019-06-02_20-20-02", "timestamp": 1559532002, "time_this_iter_s": 41.182376861572266, "time_total_s": 378.1697361469269, "pid": 18827, "hostname": "steropes", "node_ip": "169.229.49.254", "config": {"starting_lr": 0.0005, "momentum": 0.99, "weight_decay": 0.001, "steps_per_iteration": null, "pin": false, "model_creator": null, "target_batch_size": 128, "model_string": "resnet50", "min_batch_size": 128, "dataset": "CIFAR", "placement": null, "use_nccl": true, "devices_per_worker": 1, "primary_resource": "extra_gpu", "gpu": false, "verbose": false, "lr_config": {"mode": "log", "steps": 5, "initial_lr": 0.0005, "target_lr": 0.0005}, "batch_per_device": 128}, "time_since_restore": 378.1697361469269, "timesteps_since_restore": 0, "iterations_since_restore": 9, "mean_throughput": 1461.3237993887349, "atoms": 1, "setup_time": 12.246090173721313}
{"apply": 0.017897272109985353, "batch_time": 0.03204925452606588, "d2h": 0.0006426811218261719, "data_time": 0.0017366994677297295, "fwd": 0.028359413146972656, "get_state_time_mean": NaN, "get_state_time_total": 0.0, "grad": 0.04925103187561035, "mean_accuracy": 0.4907399833202362, "mean_loss": 2.0673627072906493, "neg_mean_accuracy": -0.47439998388290405, "set_state_time_mean": NaN, "set_state_time_total": 0.0, "setup_model_time_mean": NaN, "setup_model_time_total": 0.0, "setup_proc_time_mean": NaN, "setup_proc_time_total": 0.0, "train_accuracy": 0.4797399938106537, "train_loss": 1.5553904446792604, "training_time_mean": NaN, "training_time_total": 0.0, "val_accuracy": 0.47439998388290405, "val_loss": 1.9884856586456299, "validation_time_mean": NaN, "validation_time_total": 0.0, "samples": 60000, "num_workers": 1, "done": false, "timesteps_total": null, "episodes_total": null, "training_iteration": 10, "neg_mean_loss": -2.0673627072906493, "experiment_id": "7a6f35cd661542f08cc9176a613bd7a0", "date": "2019-06-02_20-20-43", "timestamp": 1559532043, "time_this_iter_s": 41.24062895774841, "time_total_s": 419.4103651046753, "pid": 18827, "hostname": "steropes", "node_ip": "169.229.49.254", "config": {"starting_lr": 0.0005, "momentum": 0.99, "weight_decay": 0.001, "steps_per_iteration": null, "pin": false, "model_creator": null, "target_batch_size": 128, "model_string": "resnet50", "min_batch_size": 128, "dataset": "CIFAR", "placement": null, "use_nccl": true, "devices_per_worker": 1, "primary_resource": "extra_gpu", "gpu": false, "verbose": false, "lr_config": {"mode": "log", "steps": 5, "initial_lr": 0.0005, "target_lr": 0.0005}, "batch_per_device": 128}, "time_since_restore": 419.4103651046753, "timesteps_since_restore": 0, "iterations_since_restore": 10, "mean_throughput": 1459.444173543849, "atoms": 1, "setup_time": 12.246090173721313}
{"apply": 0.017891478538513184, "batch_time": 0.03156812281548223, "d2h": 0.000668644905090332, "data_time": 0.0017645920024198644, "fwd": 0.027972149848937988, "get_state_time_mean": NaN, "get_state_time_total": 0.0, "grad": 0.04761650562286377, "mean_accuracy": 0.49785998463630676, "mean_loss": 2.678061524887085, "neg_mean_accuracy": -0.4910999834537506, "set_state_time_mean": NaN, "set_state_time_total": 0.0, "setup_model_time_mean": NaN, "setup_model_time_total": 0.0, "setup_proc_time_mean": NaN, "setup_proc_time_total": 0.0, "train_accuracy": 0.4650999903678894, "train_loss": 1.5902490912628173, "training_time_mean": NaN, "training_time_total": 0.0, "val_accuracy": 0.4910999834537506, "val_loss": 5.268426564788818, "validation_time_mean": NaN, "validation_time_total": 0.0, "samples": 60000, "num_workers": 1, "done": false, "timesteps_total": null, "episodes_total": null, "training_iteration": 11, "neg_mean_loss": -2.678061524887085, "experiment_id": "7a6f35cd661542f08cc9176a613bd7a0", "date": "2019-06-02_20-21-24", "timestamp": 1559532084, "time_this_iter_s": 41.15556859970093, "time_total_s": 460.5659337043762, "pid": 18827, "hostname": "steropes", "node_ip": "169.229.49.254", "config": {"starting_lr": 0.0005, "momentum": 0.99, "weight_decay": 0.001, "steps_per_iteration": null, "pin": false, "model_creator": null, "target_batch_size": 128, "model_string": "resnet50", "min_batch_size": 128, "dataset": "CIFAR", "placement": null, "use_nccl": true, "devices_per_worker": 1, "primary_resource": "extra_gpu", "gpu": false, "verbose": false, "lr_config": {"mode": "log", "steps": 5, "initial_lr": 0.0005, "target_lr": 0.0005}, "batch_per_device": 128}, "time_since_restore": 460.5659337043762, "timesteps_since_restore": 0, "iterations_since_restore": 11, "mean_throughput": 1458.2928047154808, "atoms": 1, "setup_time": 12.246090173721313}
{"apply": 0.020087528228759765, "batch_time": 0.031598154502578926, "d2h": 0.0006469011306762696, "data_time": 0.0017246852445480464, "fwd": 0.029421472549438478, "get_state_time_mean": NaN, "get_state_time_total": 0.0, "grad": 0.0481187105178833, "mean_accuracy": 0.4937199890613556, "mean_loss": 2.724083182678222, "neg_mean_accuracy": -0.47769999504089355, "set_state_time_mean": NaN, "set_state_time_total": 0.0, "setup_model_time_mean": NaN, "setup_model_time_total": 0.0, "setup_proc_time_mean": NaN, "setup_proc_time_total": 0.0, "train_accuracy": 0.4794199764728546, "train_loss": 1.5864526894760131, "training_time_mean": NaN, "training_time_total": 0.0, "val_accuracy": 0.47769999504089355, "val_loss": 1.7965202503204345, "validation_time_mean": NaN, "validation_time_total": 0.0, "samples": 60000, "num_workers": 1, "done": true, "timesteps_total": null, "episodes_total": null, "training_iteration": 12, "neg_mean_loss": -2.724083182678222, "experiment_id": "7a6f35cd661542f08cc9176a613bd7a0", "date": "2019-06-02_20-22-05", "timestamp": 1559532125, "time_this_iter_s": 41.05689263343811, "time_total_s": 501.62282633781433, "pid": 18827, "hostname": "steropes", "node_ip": "169.229.49.254", "config": {"starting_lr": 0.0005, "momentum": 0.99, "weight_decay": 0.001, "steps_per_iteration": null, "pin": false, "model_creator": null, "target_batch_size": 128, "model_string": "resnet50", "min_batch_size": 128, "dataset": "CIFAR", "placement": null, "use_nccl": true, "devices_per_worker": 1, "primary_resource": "extra_gpu", "gpu": false, "verbose": false, "lr_config": {"mode": "log", "steps": 5, "initial_lr": 0.0005, "target_lr": 0.0005}, "batch_per_device": 128}, "time_since_restore": 501.62282633781433, "timesteps_since_restore": 0, "iterations_since_restore": 12, "mean_throughput": 1458.7227316350463, "atoms": 1, "setup_time": 12.246090173721313}
