{"apply": 0.0171356201171875, "batch_time": 0.04626834241649772, "d2h": 0.0006443262100219727, "data_time": 0.001804429856712556, "fwd": 0.16604239940643312, "get_state_time_mean": NaN, "get_state_time_total": 0.0, "grad": 0.16291983127593995, "mean_accuracy": 0.09999999403953552, "mean_loss": 1.1435305717478093e+19, "neg_mean_accuracy": -0.09999999403953552, "set_state_time_mean": NaN, "set_state_time_total": 0.0, "setup_model_time_mean": 9.186015367507935, "setup_model_time_total": 9.186015367507935, "setup_proc_time_mean": 0.3619835376739502, "setup_proc_time_total": 0.3619835376739502, "train_accuracy": 0.10193999856710434, "train_loss": 15367852098.121365, "training_time_mean": NaN, "training_time_total": 0.0, "val_accuracy": 0.09999999403953552, "val_loss": 1.1435305717478093e+19, "validation_time_mean": NaN, "validation_time_total": 0.0, "samples": 60000, "num_workers": 1, "done": false, "timesteps_total": null, "episodes_total": null, "training_iteration": 1, "neg_mean_loss": -1.1435305717478093e+19, "experiment_id": "20d5eec2a749483aa27818012fbac85a", "date": "2019-06-03_22-08-33", "timestamp": 1559624913, "time_this_iter_s": 46.54049062728882, "time_total_s": 46.54049062728882, "pid": 6878, "hostname": "steropes", "node_ip": "169.229.49.254", "config": {"starting_lr": 1.0, "momentum": 0.99, "weight_decay": 0.0001, "steps_per_iteration": null, "pin": false, "model_creator": null, "target_batch_size": 128, "model_string": "resnet50", "min_batch_size": 128, "dataset": "CIFAR", "placement": null, "use_nccl": true, "devices_per_worker": 1, "primary_resource": "extra_gpu", "gpu": false, "verbose": false, "lr_config": {"mode": "log", "steps": 5, "initial_lr": 1.0, "target_lr": 1.0}, "batch_per_device": 128}, "time_since_restore": 46.54049062728882, "timesteps_since_restore": 0, "iterations_since_restore": 1, "mean_throughput": 1289.1962112263434, "atoms": 1, "setup_time": 9.674176692962646}
{"apply": 0.017548418045043944, "batch_time": 0.031635688830025585, "d2h": 0.0006521940231323242, "data_time": 0.0017797587167881334, "fwd": 0.027555084228515624, "get_state_time_mean": NaN, "get_state_time_total": 0.0, "grad": 0.047826743125915526, "mean_accuracy": 0.053099996875971556, "mean_loss": NaN, "neg_mean_accuracy": -0.006199999712407589, "set_state_time_mean": NaN, "set_state_time_total": 0.0, "setup_model_time_mean": NaN, "setup_model_time_total": 0.0, "setup_proc_time_mean": NaN, "setup_proc_time_total": 0.0, "train_accuracy": 0.06093999743461609, "train_loss": NaN, "training_time_mean": NaN, "training_time_total": 0.0, "val_accuracy": 0.006199999712407589, "val_loss": NaN, "validation_time_mean": NaN, "validation_time_total": 0.0, "samples": 60000, "num_workers": 1, "done": false, "timesteps_total": null, "episodes_total": null, "training_iteration": 2, "neg_mean_loss": NaN, "experiment_id": "20d5eec2a749483aa27818012fbac85a", "date": "2019-06-03_22-09-13", "timestamp": 1559624953, "time_this_iter_s": 40.33142375946045, "time_total_s": 86.87191438674927, "pid": 6878, "hostname": "steropes", "node_ip": "169.229.49.254", "config": {"starting_lr": 1.0, "momentum": 0.99, "weight_decay": 0.0001, "steps_per_iteration": null, "pin": false, "model_creator": null, "target_batch_size": 128, "model_string": "resnet50", "min_batch_size": 128, "dataset": "CIFAR", "placement": null, "use_nccl": true, "devices_per_worker": 1, "primary_resource": "extra_gpu", "gpu": false, "verbose": false, "lr_config": {"mode": "log", "steps": 5, "initial_lr": 1.0, "target_lr": 1.0}, "batch_per_device": 128}, "time_since_restore": 86.87191438674927, "timesteps_since_restore": 0, "iterations_since_restore": 2, "mean_throughput": 1381.3406523492995, "atoms": 1, "setup_time": 9.674176692962646}
{"apply": 0.017163681983947753, "batch_time": 0.031378217890292784, "d2h": 0.0006689786911010742, "data_time": 0.0017749866866089803, "fwd": 0.02718474864959717, "get_state_time_mean": NaN, "get_state_time_total": 0.0, "grad": 0.047315573692321776, "mean_accuracy": 0.03543333124980563, "mean_loss": NaN, "neg_mean_accuracy": -9.999999747378752e-05, "set_state_time_mean": NaN, "set_state_time_total": 0.0, "setup_model_time_mean": NaN, "setup_model_time_total": 0.0, "setup_proc_time_mean": NaN, "setup_proc_time_total": 0.0, "train_accuracy": 0.0, "train_loss": NaN, "training_time_mean": NaN, "training_time_total": 0.0, "val_accuracy": 9.999999747378752e-05, "val_loss": NaN, "validation_time_mean": NaN, "validation_time_total": 0.0, "samples": 60000, "num_workers": 1, "done": true, "timesteps_total": null, "episodes_total": null, "training_iteration": 3, "neg_mean_loss": NaN, "experiment_id": "20d5eec2a749483aa27818012fbac85a", "date": "2019-06-03_22-09-54", "timestamp": 1559624994, "time_this_iter_s": 40.28540635108948, "time_total_s": 127.15732073783875, "pid": 6878, "hostname": "steropes", "node_ip": "169.229.49.254", "config": {"starting_lr": 1.0, "momentum": 0.99, "weight_decay": 0.0001, "steps_per_iteration": null, "pin": false, "model_creator": null, "target_batch_size": 128, "model_string": "resnet50", "min_batch_size": 128, "dataset": "CIFAR", "placement": null, "use_nccl": true, "devices_per_worker": 1, "primary_resource": "extra_gpu", "gpu": false, "verbose": false, "lr_config": {"mode": "log", "steps": 5, "initial_lr": 1.0, "target_lr": 1.0}, "batch_per_device": 128}, "time_since_restore": 127.15732073783875, "timesteps_since_restore": 0, "iterations_since_restore": 3, "mean_throughput": 1415.5660472115972, "atoms": 1, "setup_time": 9.674176692962646}
