{"apply": 0.017850613594055174, "batch_time": 0.042255507239812536, "d2h": 0.0006814718246459961, "data_time": 0.0018192270527715268, "fwd": 0.15985543727874757, "get_state_time_mean": NaN, "get_state_time_total": 0.0, "grad": 0.20292656421661376, "mean_accuracy": 0.08410000056028366, "mean_loss": 9241385.9824, "neg_mean_accuracy": -0.08410000056028366, "set_state_time_mean": NaN, "set_state_time_total": 0.0, "setup_model_time_mean": 10.033366918563843, "setup_model_time_total": 10.033366918563843, "setup_proc_time_mean": 0.4025869369506836, "setup_proc_time_total": 0.4025869369506836, "train_accuracy": 0.10281999409198761, "train_loss": 25441.74877177002, "training_time_mean": NaN, "training_time_total": 0.0, "val_accuracy": 0.08410000056028366, "val_loss": 9241385.9824, "validation_time_mean": NaN, "validation_time_total": 0.0, "samples": 60000, "num_workers": 1, "done": false, "timesteps_total": null, "episodes_total": null, "training_iteration": 1, "neg_mean_loss": -9241385.9824, "experiment_id": "2c9b22e550a24521b5600f8569c8066e", "date": "2019-06-03_03-37-18", "timestamp": 1559558238, "time_this_iter_s": 46.432494163513184, "time_total_s": 46.432494163513184, "pid": 13432, "hostname": "steropes", "node_ip": "169.229.49.254", "config": {"starting_lr": 0.5, "momentum": 0.99, "weight_decay": 0.0001, "steps_per_iteration": null, "pin": false, "model_creator": null, "target_batch_size": 128, "model_string": "resnet50", "min_batch_size": 128, "dataset": "CIFAR", "placement": null, "use_nccl": true, "devices_per_worker": 1, "primary_resource": "extra_gpu", "gpu": false, "verbose": false, "lr_config": {"mode": "log", "steps": 5, "initial_lr": 0.5, "target_lr": 0.5}, "batch_per_device": 128}, "time_since_restore": 46.432494163513184, "timesteps_since_restore": 0, "iterations_since_restore": 1, "mean_throughput": 1292.1948390406185, "atoms": 1, "setup_time": 10.55604600906372}
{"apply": 0.017058825492858885, "batch_time": 0.03148682811592199, "d2h": 0.0006593942642211914, "data_time": 0.0017696231832284757, "fwd": 0.02762284278869629, "get_state_time_mean": NaN, "get_state_time_total": 0.0, "grad": 0.047211408615112305, "mean_accuracy": 0.0921499989926815, "mean_loss": 13056029.7587375, "neg_mean_accuracy": -0.10019999742507935, "set_state_time_mean": NaN, "set_state_time_total": 0.0, "setup_model_time_mean": NaN, "setup_model_time_total": 0.0, "setup_proc_time_mean": NaN, "setup_proc_time_total": 0.0, "train_accuracy": 0.10322000086307526, "train_loss": 64123086249.34343, "training_time_mean": NaN, "training_time_total": 0.0, "val_accuracy": 0.10019999742507935, "val_loss": 16870673.535075, "validation_time_mean": NaN, "validation_time_total": 0.0, "samples": 60000, "num_workers": 1, "done": false, "timesteps_total": null, "episodes_total": null, "training_iteration": 2, "neg_mean_loss": -13056029.7587375, "experiment_id": "2c9b22e550a24521b5600f8569c8066e", "date": "2019-06-03_03-37-58", "timestamp": 1559558278, "time_this_iter_s": 40.352508783340454, "time_total_s": 86.78500294685364, "pid": 13432, "hostname": "steropes", "node_ip": "169.229.49.254", "config": {"starting_lr": 0.5, "momentum": 0.99, "weight_decay": 0.0001, "steps_per_iteration": null, "pin": false, "model_creator": null, "target_batch_size": 128, "model_string": "resnet50", "min_batch_size": 128, "dataset": "CIFAR", "placement": null, "use_nccl": true, "devices_per_worker": 1, "primary_resource": "extra_gpu", "gpu": false, "verbose": false, "lr_config": {"mode": "log", "steps": 5, "initial_lr": 0.5, "target_lr": 0.5}, "batch_per_device": 128}, "time_since_restore": 86.78500294685364, "timesteps_since_restore": 0, "iterations_since_restore": 2, "mean_throughput": 1382.7239679046677, "atoms": 1, "setup_time": 10.55604600906372}
{"apply": 0.01724519729614258, "batch_time": 0.03216141990468472, "d2h": 0.0006630182266235352, "data_time": 0.001900644863353056, "fwd": 0.027925896644592284, "get_state_time_mean": NaN, "get_state_time_total": 0.0, "grad": 0.0476320743560791, "mean_accuracy": 0.09476666400829951, "mean_loss": 20505398.040758334, "neg_mean_accuracy": -0.09999999403953552, "set_state_time_mean": NaN, "set_state_time_total": 0.0, "setup_model_time_mean": NaN, "setup_model_time_total": 0.0, "setup_proc_time_mean": NaN, "setup_proc_time_total": 0.0, "train_accuracy": 0.10117999464273453, "train_loss": 841213390.3005112, "training_time_mean": NaN, "training_time_total": 0.0, "val_accuracy": 0.09999999403953552, "val_loss": 35404134.6048, "validation_time_mean": NaN, "validation_time_total": 0.0, "samples": 60000, "num_workers": 1, "done": true, "timesteps_total": null, "episodes_total": null, "training_iteration": 3, "neg_mean_loss": -20505398.040758334, "experiment_id": "2c9b22e550a24521b5600f8569c8066e", "date": "2019-06-03_03-38-38", "timestamp": 1559558318, "time_this_iter_s": 40.130478620529175, "time_total_s": 126.91548156738281, "pid": 13432, "hostname": "steropes", "node_ip": "169.229.49.254", "config": {"starting_lr": 0.5, "momentum": 0.99, "weight_decay": 0.0001, "steps_per_iteration": null, "pin": false, "model_creator": null, "target_batch_size": 128, "model_string": "resnet50", "min_batch_size": 128, "dataset": "CIFAR", "placement": null, "use_nccl": true, "devices_per_worker": 1, "primary_resource": "extra_gpu", "gpu": false, "verbose": false, "lr_config": {"mode": "log", "steps": 5, "initial_lr": 0.5, "target_lr": 0.5}, "batch_per_device": 128}, "time_since_restore": 126.91548156738281, "timesteps_since_restore": 0, "iterations_since_restore": 3, "mean_throughput": 1418.2634212850096, "atoms": 1, "setup_time": 10.55604600906372}
