apply,batch_time,d2h,data_time,fwd,get_state_time_mean,get_state_time_total,grad,mean_accuracy,mean_loss,neg_mean_accuracy,set_state_time_mean,set_state_time_total,setup_model_time_mean,setup_model_time_total,setup_proc_time_mean,setup_proc_time_total,train_accuracy,train_loss,training_time_mean,training_time_total,validation_time_mean,validation_time_total,samples,num_workers,done,timesteps_total,episodes_total,training_iteration,neg_mean_loss,experiment_id,date,timestamp,time_this_iter_s,time_total_s,pid,hostname,node_ip,config,time_since_restore,timesteps_since_restore,iterations_since_restore,mean_throughput,atoms
0.007332730293273926,0.2014789581298828,0.0059735774993896484,0.036696696768001635,0.08004071712493896,nan,0.0,0.1534933090209961,0.3156999945640564,2.5258618129730226,-0.3156999945640564,nan,0.0,14.895958185195923,14.895958185195923,1.7388606071472168,1.7388606071472168,0.28091999888420105,2.345381606674194,nan,0.0,nan,0.0,60000,1,False,,,1,-2.5258618129730226,5c94cba2c44549ffb38a15d7e8d32c98,2019-05-30_14-25-35,1559251535,11.704640626907349,11.704640626907349,26957,steropes,169.229.49.254,"{'starting_lr': 0.01, 'momentum': 0.997, 'weight_decay': 0.001, 'steps_per_iteration': None, 'pin': False, 'model_creator': None, 'target_batch_size': 1024, 'model_string': 'resnet18', 'min_batch_size': 512, 'dataset': 'CIFAR', 'placement': None, 'use_nccl': True, 'devices_per_worker': 1, 'primary_resource': 'extra_gpu', 'gpu': False, 'verbose': False, 'lr_config': {'mode': 'log', 'steps': 5, 'initial_lr': 0.01, 'target_lr': 0.01}, 'batch_per_device': 1024}",11.704640626907349,0,1,5126.135259705769,1
0.009267234802246093,0.14567170143127442,0.005584716796875,0.03327969142368862,0.02745084762573242,nan,0.0,0.06044325828552246,0.42879998683929443,1.6684905878067016,-0.42879998683929443,nan,0.0,nan,0.0,nan,0.0,0.39438000321388245,1.6601253241348266,nan,0.0,nan,0.0,60000,1,False,,,2,-1.6684905878067016,5c94cba2c44549ffb38a15d7e8d32c98,2019-05-30_14-25-43,1559251543,7.917195558547974,19.621836185455322,26957,steropes,169.229.49.254,"{'starting_lr': 0.01, 'momentum': 0.997, 'weight_decay': 0.001, 'steps_per_iteration': None, 'pin': False, 'model_creator': None, 'target_batch_size': 1024, 'model_string': 'resnet18', 'min_batch_size': 512, 'dataset': 'CIFAR', 'placement': None, 'use_nccl': True, 'devices_per_worker': 1, 'primary_resource': 'extra_gpu', 'gpu': False, 'verbose': False, 'lr_config': {'mode': 'log', 'steps': 5, 'initial_lr': 0.01, 'target_lr': 0.01}, 'batch_per_device': 1024}",19.621836185455322,0,2,6115.584554495468,1
0.008354592323303222,0.15458276271820068,0.004673290252685547,0.04585477770591269,0.03135099411010742,nan,0.0,0.05145936012268067,0.48089998960494995,1.4991606212615967,-0.48089998960494995,nan,0.0,nan,0.0,nan,0.0,0.4363600015640259,1.5424555321502686,nan,0.0,nan,0.0,60000,1,False,,,3,-1.4991606212615967,5c94cba2c44549ffb38a15d7e8d32c98,2019-05-30_14-25-52,1559251552,8.993979215621948,28.61581540107727,26957,steropes,169.229.49.254,"{'starting_lr': 0.01, 'momentum': 0.997, 'weight_decay': 0.001, 'steps_per_iteration': None, 'pin': False, 'model_creator': None, 'target_batch_size': 1024, 'model_string': 'resnet18', 'min_batch_size': 512, 'dataset': 'CIFAR', 'placement': None, 'use_nccl': True, 'devices_per_worker': 1, 'primary_resource': 'extra_gpu', 'gpu': False, 'verbose': False, 'lr_config': {'mode': 'log', 'steps': 5, 'initial_lr': 0.01, 'target_lr': 0.01}, 'batch_per_device': 1024}",28.61581540107727,0,3,6290.17427215581,1
0.007943415641784668,0.14241628646850585,0.007486534118652344,0.04603970294096032,0.029773354530334473,nan,0.0,0.067789626121521,0.5051000118255615,1.438217123222351,-0.5051000118255615,nan,0.0,nan,0.0,nan,0.0,0.46697998046875,1.4575157077789307,nan,0.0,nan,0.0,60000,1,False,,,4,-1.438217123222351,5c94cba2c44549ffb38a15d7e8d32c98,2019-05-30_14-26-01,1559251561,8.960432052612305,37.576247453689575,26957,steropes,169.229.49.254,"{'starting_lr': 0.01, 'momentum': 0.997, 'weight_decay': 0.001, 'steps_per_iteration': None, 'pin': False, 'model_creator': None, 'target_batch_size': 1024, 'model_string': 'resnet18', 'min_batch_size': 512, 'dataset': 'CIFAR', 'placement': None, 'use_nccl': True, 'devices_per_worker': 1, 'primary_resource': 'extra_gpu', 'gpu': False, 'verbose': False, 'lr_config': {'mode': 'log', 'steps': 5, 'initial_lr': 0.01, 'target_lr': 0.01}, 'batch_per_device': 1024}",37.576247453689575,0,4,6386.959000377838,1
0.006974077224731446,0.14924194812774658,0.004895305633544922,0.03480042730058942,0.03167450428009033,nan,0.0,0.06950840950012208,0.4935999810695648,1.501120949935913,-0.4935999810695648,nan,0.0,nan,0.0,nan,0.0,0.4966599941253662,1.4105026810073853,nan,0.0,nan,0.0,60000,1,False,,,5,-1.501120949935913,5c94cba2c44549ffb38a15d7e8d32c98,2019-05-30_14-26-09,1559251569,8.439722299575806,46.01596975326538,26957,steropes,169.229.49.254,"{'starting_lr': 0.01, 'momentum': 0.997, 'weight_decay': 0.001, 'steps_per_iteration': None, 'pin': False, 'model_creator': None, 'target_batch_size': 1024, 'model_string': 'resnet18', 'min_batch_size': 512, 'dataset': 'CIFAR', 'placement': None, 'use_nccl': True, 'devices_per_worker': 1, 'primary_resource': 'extra_gpu', 'gpu': False, 'verbose': False, 'lr_config': {'mode': 'log', 'steps': 5, 'initial_lr': 0.01, 'target_lr': 0.01}, 'batch_per_device': 1024}",46.01596975326538,0,5,6519.419667387898,1
0.011975574493408202,0.1324061393737793,0.00586240291595459,0.03932690620422363,0.03677864074707031,nan,0.0,0.06060693264007568,0.5379999876022339,1.2754662857055663,-0.5379999876022339,nan,0.0,nan,0.0,nan,0.0,0.517579972743988,1.3476561891937255,nan,0.0,nan,0.0,60000,1,False,,,6,-1.2754662857055663,5c94cba2c44549ffb38a15d7e8d32c98,2019-05-30_14-26-18,1559251578,8.504668474197388,54.52063822746277,26957,steropes,169.229.49.254,"{'starting_lr': 0.01, 'momentum': 0.997, 'weight_decay': 0.001, 'steps_per_iteration': None, 'pin': False, 'model_creator': None, 'target_batch_size': 1024, 'model_string': 'resnet18', 'min_batch_size': 512, 'dataset': 'CIFAR', 'placement': None, 'use_nccl': True, 'devices_per_worker': 1, 'primary_resource': 'extra_gpu', 'gpu': False, 'verbose': False, 'lr_config': {'mode': 'log', 'steps': 5, 'initial_lr': 0.01, 'target_lr': 0.01}, 'batch_per_device': 1024}",54.52063822746277,0,6,7006.6630585319945,1
0.008024072647094727,0.13147642612457275,0.004740858078002929,0.03063369283870775,0.031523609161376955,nan,0.0,0.05706679821014404,0.5579999685287476,1.229956067276001,-0.5579999685287476,nan,0.0,nan,0.0,nan,0.0,0.5361999869346619,1.2897507036209106,nan,0.0,nan,0.0,60000,1,False,,,7,-1.229956067276001,5c94cba2c44549ffb38a15d7e8d32c98,2019-05-30_14-26-26,1559251586,8.132320165634155,62.652958393096924,26957,steropes,169.229.49.254,"{'starting_lr': 0.01, 'momentum': 0.997, 'weight_decay': 0.001, 'steps_per_iteration': None, 'pin': False, 'model_creator': None, 'target_batch_size': 1024, 'model_string': 'resnet18', 'min_batch_size': 512, 'dataset': 'CIFAR', 'placement': None, 'use_nccl': True, 'devices_per_worker': 1, 'primary_resource': 'extra_gpu', 'gpu': False, 'verbose': False, 'lr_config': {'mode': 'log', 'steps': 5, 'initial_lr': 0.01, 'target_lr': 0.01}, 'batch_per_device': 1024}",62.652958393096924,0,7,6971.624641026415,1
0.007242918014526367,0.15552899837493897,0.00494687557220459,0.03265462116319306,0.034130859375,nan,0.0,0.056772494316101076,0.5631999969482422,1.2277127822875977,-0.5631999969482422,nan,0.0,nan,0.0,nan,0.0,0.5548399686813354,1.235722872543335,nan,0.0,nan,0.0,60000,1,False,,,8,-1.2277127822875977,5c94cba2c44549ffb38a15d7e8d32c98,2019-05-30_14-26-35,1559251595,8.489185571670532,71.14214396476746,26957,steropes,169.229.49.254,"{'starting_lr': 0.01, 'momentum': 0.997, 'weight_decay': 0.001, 'steps_per_iteration': None, 'pin': False, 'model_creator': None, 'target_batch_size': 1024, 'model_string': 'resnet18', 'min_batch_size': 512, 'dataset': 'CIFAR', 'placement': None, 'use_nccl': True, 'devices_per_worker': 1, 'primary_resource': 'extra_gpu', 'gpu': False, 'verbose': False, 'lr_config': {'mode': 'log', 'steps': 5, 'initial_lr': 0.01, 'target_lr': 0.01}, 'batch_per_device': 1024}",71.14214396476746,0,8,7054.378498852964,1
0.006852793693542481,0.14961917400360109,0.004552984237670898,0.0335140763496866,0.03546426296234131,nan,0.0,0.05868098735809326,0.5672999620437622,1.2092234159469604,-0.5672999620437622,nan,0.0,nan,0.0,nan,0.0,0.5707399845123291,1.1958842796325684,nan,0.0,nan,0.0,60000,1,False,,,9,-1.2092234159469604,5c94cba2c44549ffb38a15d7e8d32c98,2019-05-30_14-26-43,1559251603,8.421833276748657,79.56397724151611,26957,steropes,169.229.49.254,"{'starting_lr': 0.01, 'momentum': 0.997, 'weight_decay': 0.001, 'steps_per_iteration': None, 'pin': False, 'model_creator': None, 'target_batch_size': 1024, 'model_string': 'resnet18', 'min_batch_size': 512, 'dataset': 'CIFAR', 'placement': None, 'use_nccl': True, 'devices_per_worker': 1, 'primary_resource': 'extra_gpu', 'gpu': False, 'verbose': False, 'lr_config': {'mode': 'log', 'steps': 5, 'initial_lr': 0.01, 'target_lr': 0.01}, 'batch_per_device': 1024}",79.56397724151611,0,9,7144.867317528903,1
0.009439969062805175,0.1533214807510376,0.0058607816696166996,0.030347566215359435,0.02788875102996826,nan,0.0,0.054498028755187986,0.5963000059127808,1.1364329690933228,-0.5963000059127808,nan,0.0,nan,0.0,nan,0.0,0.583840012550354,1.158441494216919,nan,0.0,nan,0.0,60000,1,False,,,10,-1.1364329690933228,5c94cba2c44549ffb38a15d7e8d32c98,2019-05-30_14-26-51,1559251611,8.360182046890259,87.92415928840637,26957,steropes,169.229.49.254,"{'starting_lr': 0.01, 'momentum': 0.997, 'weight_decay': 0.001, 'steps_per_iteration': None, 'pin': False, 'model_creator': None, 'target_batch_size': 1024, 'model_string': 'resnet18', 'min_batch_size': 512, 'dataset': 'CIFAR', 'placement': None, 'use_nccl': True, 'devices_per_worker': 1, 'primary_resource': 'extra_gpu', 'gpu': False, 'verbose': False, 'lr_config': {'mode': 'log', 'steps': 5, 'initial_lr': 0.01, 'target_lr': 0.01}, 'batch_per_device': 1024}",87.92415928840637,0,10,7158.426367879002,1
0.007095551490783692,0.14205284118652345,0.0048149824142456055,0.032122193550576966,0.03303558826446533,nan,0.0,0.06080658435821533,0.5877000093460083,1.1475533861160279,-0.5877000093460083,nan,0.0,nan,0.0,nan,0.0,0.5977799892425537,1.121422796936035,nan,0.0,nan,0.0,60000,1,False,,,11,-1.1475533861160279,5c94cba2c44549ffb38a15d7e8d32c98,2019-05-30_14-27-00,1559251620,8.438978672027588,96.36313796043396,26957,steropes,169.229.49.254,"{'starting_lr': 0.01, 'momentum': 0.997, 'weight_decay': 0.001, 'steps_per_iteration': None, 'pin': False, 'model_creator': None, 'target_batch_size': 1024, 'model_string': 'resnet18', 'min_batch_size': 512, 'dataset': 'CIFAR', 'placement': None, 'use_nccl': True, 'devices_per_worker': 1, 'primary_resource': 'extra_gpu', 'gpu': False, 'verbose': False, 'lr_config': {'mode': 'log', 'steps': 5, 'initial_lr': 0.01, 'target_lr': 0.01}, 'batch_per_device': 1024}",96.36313796043396,0,11,7169.66398285477,1
0.006789588928222656,0.11809792518615722,0.004961395263671875,0.03931833773243184,0.022808194160461426,nan,0.0,0.042588448524475096,0.6004999876022339,1.1362776191711426,-0.6004999876022339,nan,0.0,nan,0.0,nan,0.0,0.6132999658584595,1.0841507048797607,nan,0.0,nan,0.0,60000,1,True,,,12,-1.1362776191711426,5c94cba2c44549ffb38a15d7e8d32c98,2019-05-30_14-27-08,1559251628,7.869470596313477,104.23260855674744,26957,steropes,169.229.49.254,"{'starting_lr': 0.01, 'momentum': 0.997, 'weight_decay': 0.001, 'steps_per_iteration': None, 'pin': False, 'model_creator': None, 'target_batch_size': 1024, 'model_string': 'resnet18', 'min_batch_size': 512, 'dataset': 'CIFAR', 'placement': None, 'use_nccl': True, 'devices_per_worker': 1, 'primary_resource': 'extra_gpu', 'gpu': False, 'verbose': False, 'lr_config': {'mode': 'log', 'steps': 5, 'initial_lr': 0.01, 'target_lr': 0.01}, 'batch_per_device': 1024}",104.23260855674744,0,12,7214.998168084073,1
