{"apply": 0.007332730293273926, "batch_time": 0.2014789581298828, "d2h": 0.0059735774993896484, "data_time": 0.036696696768001635, "fwd": 0.08004071712493896, "get_state_time_mean": NaN, "get_state_time_total": 0.0, "grad": 0.1534933090209961, "mean_accuracy": 0.3156999945640564, "mean_loss": 2.5258618129730226, "neg_mean_accuracy": -0.3156999945640564, "set_state_time_mean": NaN, "set_state_time_total": 0.0, "setup_model_time_mean": 14.895958185195923, "setup_model_time_total": 14.895958185195923, "setup_proc_time_mean": 1.7388606071472168, "setup_proc_time_total": 1.7388606071472168, "train_accuracy": 0.28091999888420105, "train_loss": 2.345381606674194, "training_time_mean": NaN, "training_time_total": 0.0, "validation_time_mean": NaN, "validation_time_total": 0.0, "samples": 60000, "num_workers": 1, "done": false, "timesteps_total": null, "episodes_total": null, "training_iteration": 1, "neg_mean_loss": -2.5258618129730226, "experiment_id": "5c94cba2c44549ffb38a15d7e8d32c98", "date": "2019-05-30_14-25-35", "timestamp": 1559251535, "time_this_iter_s": 11.704640626907349, "time_total_s": 11.704640626907349, "pid": 26957, "hostname": "steropes", "node_ip": "169.229.49.254", "config": {"starting_lr": 0.01, "momentum": 0.997, "weight_decay": 0.001, "steps_per_iteration": null, "pin": false, "model_creator": null, "target_batch_size": 1024, "model_string": "resnet18", "min_batch_size": 512, "dataset": "CIFAR", "placement": null, "use_nccl": true, "devices_per_worker": 1, "primary_resource": "extra_gpu", "gpu": false, "verbose": false, "lr_config": {"mode": "log", "steps": 5, "initial_lr": 0.01, "target_lr": 0.01}, "batch_per_device": 1024}, "time_since_restore": 11.704640626907349, "timesteps_since_restore": 0, "iterations_since_restore": 1, "mean_throughput": 5126.135259705769, "atoms": 1}
{"apply": 0.009267234802246093, "batch_time": 0.14567170143127442, "d2h": 0.005584716796875, "data_time": 0.03327969142368862, "fwd": 0.02745084762573242, "get_state_time_mean": NaN, "get_state_time_total": 0.0, "grad": 0.06044325828552246, "mean_accuracy": 0.42879998683929443, "mean_loss": 1.6684905878067016, "neg_mean_accuracy": -0.42879998683929443, "set_state_time_mean": NaN, "set_state_time_total": 0.0, "setup_model_time_mean": NaN, "setup_model_time_total": 0.0, "setup_proc_time_mean": NaN, "setup_proc_time_total": 0.0, "train_accuracy": 0.39438000321388245, "train_loss": 1.6601253241348266, "training_time_mean": NaN, "training_time_total": 0.0, "validation_time_mean": NaN, "validation_time_total": 0.0, "samples": 60000, "num_workers": 1, "done": false, "timesteps_total": null, "episodes_total": null, "training_iteration": 2, "neg_mean_loss": -1.6684905878067016, "experiment_id": "5c94cba2c44549ffb38a15d7e8d32c98", "date": "2019-05-30_14-25-43", "timestamp": 1559251543, "time_this_iter_s": 7.917195558547974, "time_total_s": 19.621836185455322, "pid": 26957, "hostname": "steropes", "node_ip": "169.229.49.254", "config": {"starting_lr": 0.01, "momentum": 0.997, "weight_decay": 0.001, "steps_per_iteration": null, "pin": false, "model_creator": null, "target_batch_size": 1024, "model_string": "resnet18", "min_batch_size": 512, "dataset": "CIFAR", "placement": null, "use_nccl": true, "devices_per_worker": 1, "primary_resource": "extra_gpu", "gpu": false, "verbose": false, "lr_config": {"mode": "log", "steps": 5, "initial_lr": 0.01, "target_lr": 0.01}, "batch_per_device": 1024}, "time_since_restore": 19.621836185455322, "timesteps_since_restore": 0, "iterations_since_restore": 2, "mean_throughput": 6115.584554495468, "atoms": 1}
{"apply": 0.008354592323303222, "batch_time": 0.15458276271820068, "d2h": 0.004673290252685547, "data_time": 0.04585477770591269, "fwd": 0.03135099411010742, "get_state_time_mean": NaN, "get_state_time_total": 0.0, "grad": 0.05145936012268067, "mean_accuracy": 0.48089998960494995, "mean_loss": 1.4991606212615967, "neg_mean_accuracy": -0.48089998960494995, "set_state_time_mean": NaN, "set_state_time_total": 0.0, "setup_model_time_mean": NaN, "setup_model_time_total": 0.0, "setup_proc_time_mean": NaN, "setup_proc_time_total": 0.0, "train_accuracy": 0.4363600015640259, "train_loss": 1.5424555321502686, "training_time_mean": NaN, "training_time_total": 0.0, "validation_time_mean": NaN, "validation_time_total": 0.0, "samples": 60000, "num_workers": 1, "done": false, "timesteps_total": null, "episodes_total": null, "training_iteration": 3, "neg_mean_loss": -1.4991606212615967, "experiment_id": "5c94cba2c44549ffb38a15d7e8d32c98", "date": "2019-05-30_14-25-52", "timestamp": 1559251552, "time_this_iter_s": 8.993979215621948, "time_total_s": 28.61581540107727, "pid": 26957, "hostname": "steropes", "node_ip": "169.229.49.254", "config": {"starting_lr": 0.01, "momentum": 0.997, "weight_decay": 0.001, "steps_per_iteration": null, "pin": false, "model_creator": null, "target_batch_size": 1024, "model_string": "resnet18", "min_batch_size": 512, "dataset": "CIFAR", "placement": null, "use_nccl": true, "devices_per_worker": 1, "primary_resource": "extra_gpu", "gpu": false, "verbose": false, "lr_config": {"mode": "log", "steps": 5, "initial_lr": 0.01, "target_lr": 0.01}, "batch_per_device": 1024}, "time_since_restore": 28.61581540107727, "timesteps_since_restore": 0, "iterations_since_restore": 3, "mean_throughput": 6290.17427215581, "atoms": 1}
{"apply": 0.007943415641784668, "batch_time": 0.14241628646850585, "d2h": 0.007486534118652344, "data_time": 0.04603970294096032, "fwd": 0.029773354530334473, "get_state_time_mean": NaN, "get_state_time_total": 0.0, "grad": 0.067789626121521, "mean_accuracy": 0.5051000118255615, "mean_loss": 1.438217123222351, "neg_mean_accuracy": -0.5051000118255615, "set_state_time_mean": NaN, "set_state_time_total": 0.0, "setup_model_time_mean": NaN, "setup_model_time_total": 0.0, "setup_proc_time_mean": NaN, "setup_proc_time_total": 0.0, "train_accuracy": 0.46697998046875, "train_loss": 1.4575157077789307, "training_time_mean": NaN, "training_time_total": 0.0, "validation_time_mean": NaN, "validation_time_total": 0.0, "samples": 60000, "num_workers": 1, "done": false, "timesteps_total": null, "episodes_total": null, "training_iteration": 4, "neg_mean_loss": -1.438217123222351, "experiment_id": "5c94cba2c44549ffb38a15d7e8d32c98", "date": "2019-05-30_14-26-01", "timestamp": 1559251561, "time_this_iter_s": 8.960432052612305, "time_total_s": 37.576247453689575, "pid": 26957, "hostname": "steropes", "node_ip": "169.229.49.254", "config": {"starting_lr": 0.01, "momentum": 0.997, "weight_decay": 0.001, "steps_per_iteration": null, "pin": false, "model_creator": null, "target_batch_size": 1024, "model_string": "resnet18", "min_batch_size": 512, "dataset": "CIFAR", "placement": null, "use_nccl": true, "devices_per_worker": 1, "primary_resource": "extra_gpu", "gpu": false, "verbose": false, "lr_config": {"mode": "log", "steps": 5, "initial_lr": 0.01, "target_lr": 0.01}, "batch_per_device": 1024}, "time_since_restore": 37.576247453689575, "timesteps_since_restore": 0, "iterations_since_restore": 4, "mean_throughput": 6386.959000377838, "atoms": 1}
{"apply": 0.006974077224731446, "batch_time": 0.14924194812774658, "d2h": 0.004895305633544922, "data_time": 0.03480042730058942, "fwd": 0.03167450428009033, "get_state_time_mean": NaN, "get_state_time_total": 0.0, "grad": 0.06950840950012208, "mean_accuracy": 0.4935999810695648, "mean_loss": 1.501120949935913, "neg_mean_accuracy": -0.4935999810695648, "set_state_time_mean": NaN, "set_state_time_total": 0.0, "setup_model_time_mean": NaN, "setup_model_time_total": 0.0, "setup_proc_time_mean": NaN, "setup_proc_time_total": 0.0, "train_accuracy": 0.4966599941253662, "train_loss": 1.4105026810073853, "training_time_mean": NaN, "training_time_total": 0.0, "validation_time_mean": NaN, "validation_time_total": 0.0, "samples": 60000, "num_workers": 1, "done": false, "timesteps_total": null, "episodes_total": null, "training_iteration": 5, "neg_mean_loss": -1.501120949935913, "experiment_id": "5c94cba2c44549ffb38a15d7e8d32c98", "date": "2019-05-30_14-26-09", "timestamp": 1559251569, "time_this_iter_s": 8.439722299575806, "time_total_s": 46.01596975326538, "pid": 26957, "hostname": "steropes", "node_ip": "169.229.49.254", "config": {"starting_lr": 0.01, "momentum": 0.997, "weight_decay": 0.001, "steps_per_iteration": null, "pin": false, "model_creator": null, "target_batch_size": 1024, "model_string": "resnet18", "min_batch_size": 512, "dataset": "CIFAR", "placement": null, "use_nccl": true, "devices_per_worker": 1, "primary_resource": "extra_gpu", "gpu": false, "verbose": false, "lr_config": {"mode": "log", "steps": 5, "initial_lr": 0.01, "target_lr": 0.01}, "batch_per_device": 1024}, "time_since_restore": 46.01596975326538, "timesteps_since_restore": 0, "iterations_since_restore": 5, "mean_throughput": 6519.419667387898, "atoms": 1}
{"apply": 0.011975574493408202, "batch_time": 0.1324061393737793, "d2h": 0.00586240291595459, "data_time": 0.03932690620422363, "fwd": 0.03677864074707031, "get_state_time_mean": NaN, "get_state_time_total": 0.0, "grad": 0.06060693264007568, "mean_accuracy": 0.5379999876022339, "mean_loss": 1.2754662857055663, "neg_mean_accuracy": -0.5379999876022339, "set_state_time_mean": NaN, "set_state_time_total": 0.0, "setup_model_time_mean": NaN, "setup_model_time_total": 0.0, "setup_proc_time_mean": NaN, "setup_proc_time_total": 0.0, "train_accuracy": 0.517579972743988, "train_loss": 1.3476561891937255, "training_time_mean": NaN, "training_time_total": 0.0, "validation_time_mean": NaN, "validation_time_total": 0.0, "samples": 60000, "num_workers": 1, "done": false, "timesteps_total": null, "episodes_total": null, "training_iteration": 6, "neg_mean_loss": -1.2754662857055663, "experiment_id": "5c94cba2c44549ffb38a15d7e8d32c98", "date": "2019-05-30_14-26-18", "timestamp": 1559251578, "time_this_iter_s": 8.504668474197388, "time_total_s": 54.52063822746277, "pid": 26957, "hostname": "steropes", "node_ip": "169.229.49.254", "config": {"starting_lr": 0.01, "momentum": 0.997, "weight_decay": 0.001, "steps_per_iteration": null, "pin": false, "model_creator": null, "target_batch_size": 1024, "model_string": "resnet18", "min_batch_size": 512, "dataset": "CIFAR", "placement": null, "use_nccl": true, "devices_per_worker": 1, "primary_resource": "extra_gpu", "gpu": false, "verbose": false, "lr_config": {"mode": "log", "steps": 5, "initial_lr": 0.01, "target_lr": 0.01}, "batch_per_device": 1024}, "time_since_restore": 54.52063822746277, "timesteps_since_restore": 0, "iterations_since_restore": 6, "mean_throughput": 7006.6630585319945, "atoms": 1}
{"apply": 0.008024072647094727, "batch_time": 0.13147642612457275, "d2h": 0.004740858078002929, "data_time": 0.03063369283870775, "fwd": 0.031523609161376955, "get_state_time_mean": NaN, "get_state_time_total": 0.0, "grad": 0.05706679821014404, "mean_accuracy": 0.5579999685287476, "mean_loss": 1.229956067276001, "neg_mean_accuracy": -0.5579999685287476, "set_state_time_mean": NaN, "set_state_time_total": 0.0, "setup_model_time_mean": NaN, "setup_model_time_total": 0.0, "setup_proc_time_mean": NaN, "setup_proc_time_total": 0.0, "train_accuracy": 0.5361999869346619, "train_loss": 1.2897507036209106, "training_time_mean": NaN, "training_time_total": 0.0, "validation_time_mean": NaN, "validation_time_total": 0.0, "samples": 60000, "num_workers": 1, "done": false, "timesteps_total": null, "episodes_total": null, "training_iteration": 7, "neg_mean_loss": -1.229956067276001, "experiment_id": "5c94cba2c44549ffb38a15d7e8d32c98", "date": "2019-05-30_14-26-26", "timestamp": 1559251586, "time_this_iter_s": 8.132320165634155, "time_total_s": 62.652958393096924, "pid": 26957, "hostname": "steropes", "node_ip": "169.229.49.254", "config": {"starting_lr": 0.01, "momentum": 0.997, "weight_decay": 0.001, "steps_per_iteration": null, "pin": false, "model_creator": null, "target_batch_size": 1024, "model_string": "resnet18", "min_batch_size": 512, "dataset": "CIFAR", "placement": null, "use_nccl": true, "devices_per_worker": 1, "primary_resource": "extra_gpu", "gpu": false, "verbose": false, "lr_config": {"mode": "log", "steps": 5, "initial_lr": 0.01, "target_lr": 0.01}, "batch_per_device": 1024}, "time_since_restore": 62.652958393096924, "timesteps_since_restore": 0, "iterations_since_restore": 7, "mean_throughput": 6971.624641026415, "atoms": 1}
{"apply": 0.007242918014526367, "batch_time": 0.15552899837493897, "d2h": 0.00494687557220459, "data_time": 0.03265462116319306, "fwd": 0.034130859375, "get_state_time_mean": NaN, "get_state_time_total": 0.0, "grad": 0.056772494316101076, "mean_accuracy": 0.5631999969482422, "mean_loss": 1.2277127822875977, "neg_mean_accuracy": -0.5631999969482422, "set_state_time_mean": NaN, "set_state_time_total": 0.0, "setup_model_time_mean": NaN, "setup_model_time_total": 0.0, "setup_proc_time_mean": NaN, "setup_proc_time_total": 0.0, "train_accuracy": 0.5548399686813354, "train_loss": 1.235722872543335, "training_time_mean": NaN, "training_time_total": 0.0, "validation_time_mean": NaN, "validation_time_total": 0.0, "samples": 60000, "num_workers": 1, "done": false, "timesteps_total": null, "episodes_total": null, "training_iteration": 8, "neg_mean_loss": -1.2277127822875977, "experiment_id": "5c94cba2c44549ffb38a15d7e8d32c98", "date": "2019-05-30_14-26-35", "timestamp": 1559251595, "time_this_iter_s": 8.489185571670532, "time_total_s": 71.14214396476746, "pid": 26957, "hostname": "steropes", "node_ip": "169.229.49.254", "config": {"starting_lr": 0.01, "momentum": 0.997, "weight_decay": 0.001, "steps_per_iteration": null, "pin": false, "model_creator": null, "target_batch_size": 1024, "model_string": "resnet18", "min_batch_size": 512, "dataset": "CIFAR", "placement": null, "use_nccl": true, "devices_per_worker": 1, "primary_resource": "extra_gpu", "gpu": false, "verbose": false, "lr_config": {"mode": "log", "steps": 5, "initial_lr": 0.01, "target_lr": 0.01}, "batch_per_device": 1024}, "time_since_restore": 71.14214396476746, "timesteps_since_restore": 0, "iterations_since_restore": 8, "mean_throughput": 7054.378498852964, "atoms": 1}
{"apply": 0.006852793693542481, "batch_time": 0.14961917400360109, "d2h": 0.004552984237670898, "data_time": 0.0335140763496866, "fwd": 0.03546426296234131, "get_state_time_mean": NaN, "get_state_time_total": 0.0, "grad": 0.05868098735809326, "mean_accuracy": 0.5672999620437622, "mean_loss": 1.2092234159469604, "neg_mean_accuracy": -0.5672999620437622, "set_state_time_mean": NaN, "set_state_time_total": 0.0, "setup_model_time_mean": NaN, "setup_model_time_total": 0.0, "setup_proc_time_mean": NaN, "setup_proc_time_total": 0.0, "train_accuracy": 0.5707399845123291, "train_loss": 1.1958842796325684, "training_time_mean": NaN, "training_time_total": 0.0, "validation_time_mean": NaN, "validation_time_total": 0.0, "samples": 60000, "num_workers": 1, "done": false, "timesteps_total": null, "episodes_total": null, "training_iteration": 9, "neg_mean_loss": -1.2092234159469604, "experiment_id": "5c94cba2c44549ffb38a15d7e8d32c98", "date": "2019-05-30_14-26-43", "timestamp": 1559251603, "time_this_iter_s": 8.421833276748657, "time_total_s": 79.56397724151611, "pid": 26957, "hostname": "steropes", "node_ip": "169.229.49.254", "config": {"starting_lr": 0.01, "momentum": 0.997, "weight_decay": 0.001, "steps_per_iteration": null, "pin": false, "model_creator": null, "target_batch_size": 1024, "model_string": "resnet18", "min_batch_size": 512, "dataset": "CIFAR", "placement": null, "use_nccl": true, "devices_per_worker": 1, "primary_resource": "extra_gpu", "gpu": false, "verbose": false, "lr_config": {"mode": "log", "steps": 5, "initial_lr": 0.01, "target_lr": 0.01}, "batch_per_device": 1024}, "time_since_restore": 79.56397724151611, "timesteps_since_restore": 0, "iterations_since_restore": 9, "mean_throughput": 7144.867317528903, "atoms": 1}
{"apply": 0.009439969062805175, "batch_time": 0.1533214807510376, "d2h": 0.0058607816696166996, "data_time": 0.030347566215359435, "fwd": 0.02788875102996826, "get_state_time_mean": NaN, "get_state_time_total": 0.0, "grad": 0.054498028755187986, "mean_accuracy": 0.5963000059127808, "mean_loss": 1.1364329690933228, "neg_mean_accuracy": -0.5963000059127808, "set_state_time_mean": NaN, "set_state_time_total": 0.0, "setup_model_time_mean": NaN, "setup_model_time_total": 0.0, "setup_proc_time_mean": NaN, "setup_proc_time_total": 0.0, "train_accuracy": 0.583840012550354, "train_loss": 1.158441494216919, "training_time_mean": NaN, "training_time_total": 0.0, "validation_time_mean": NaN, "validation_time_total": 0.0, "samples": 60000, "num_workers": 1, "done": false, "timesteps_total": null, "episodes_total": null, "training_iteration": 10, "neg_mean_loss": -1.1364329690933228, "experiment_id": "5c94cba2c44549ffb38a15d7e8d32c98", "date": "2019-05-30_14-26-51", "timestamp": 1559251611, "time_this_iter_s": 8.360182046890259, "time_total_s": 87.92415928840637, "pid": 26957, "hostname": "steropes", "node_ip": "169.229.49.254", "config": {"starting_lr": 0.01, "momentum": 0.997, "weight_decay": 0.001, "steps_per_iteration": null, "pin": false, "model_creator": null, "target_batch_size": 1024, "model_string": "resnet18", "min_batch_size": 512, "dataset": "CIFAR", "placement": null, "use_nccl": true, "devices_per_worker": 1, "primary_resource": "extra_gpu", "gpu": false, "verbose": false, "lr_config": {"mode": "log", "steps": 5, "initial_lr": 0.01, "target_lr": 0.01}, "batch_per_device": 1024}, "time_since_restore": 87.92415928840637, "timesteps_since_restore": 0, "iterations_since_restore": 10, "mean_throughput": 7158.426367879002, "atoms": 1}
{"apply": 0.007095551490783692, "batch_time": 0.14205284118652345, "d2h": 0.0048149824142456055, "data_time": 0.032122193550576966, "fwd": 0.03303558826446533, "get_state_time_mean": NaN, "get_state_time_total": 0.0, "grad": 0.06080658435821533, "mean_accuracy": 0.5877000093460083, "mean_loss": 1.1475533861160279, "neg_mean_accuracy": -0.5877000093460083, "set_state_time_mean": NaN, "set_state_time_total": 0.0, "setup_model_time_mean": NaN, "setup_model_time_total": 0.0, "setup_proc_time_mean": NaN, "setup_proc_time_total": 0.0, "train_accuracy": 0.5977799892425537, "train_loss": 1.121422796936035, "training_time_mean": NaN, "training_time_total": 0.0, "validation_time_mean": NaN, "validation_time_total": 0.0, "samples": 60000, "num_workers": 1, "done": false, "timesteps_total": null, "episodes_total": null, "training_iteration": 11, "neg_mean_loss": -1.1475533861160279, "experiment_id": "5c94cba2c44549ffb38a15d7e8d32c98", "date": "2019-05-30_14-27-00", "timestamp": 1559251620, "time_this_iter_s": 8.438978672027588, "time_total_s": 96.36313796043396, "pid": 26957, "hostname": "steropes", "node_ip": "169.229.49.254", "config": {"starting_lr": 0.01, "momentum": 0.997, "weight_decay": 0.001, "steps_per_iteration": null, "pin": false, "model_creator": null, "target_batch_size": 1024, "model_string": "resnet18", "min_batch_size": 512, "dataset": "CIFAR", "placement": null, "use_nccl": true, "devices_per_worker": 1, "primary_resource": "extra_gpu", "gpu": false, "verbose": false, "lr_config": {"mode": "log", "steps": 5, "initial_lr": 0.01, "target_lr": 0.01}, "batch_per_device": 1024}, "time_since_restore": 96.36313796043396, "timesteps_since_restore": 0, "iterations_since_restore": 11, "mean_throughput": 7169.66398285477, "atoms": 1}
{"apply": 0.006789588928222656, "batch_time": 0.11809792518615722, "d2h": 0.004961395263671875, "data_time": 0.03931833773243184, "fwd": 0.022808194160461426, "get_state_time_mean": NaN, "get_state_time_total": 0.0, "grad": 0.042588448524475096, "mean_accuracy": 0.6004999876022339, "mean_loss": 1.1362776191711426, "neg_mean_accuracy": -0.6004999876022339, "set_state_time_mean": NaN, "set_state_time_total": 0.0, "setup_model_time_mean": NaN, "setup_model_time_total": 0.0, "setup_proc_time_mean": NaN, "setup_proc_time_total": 0.0, "train_accuracy": 0.6132999658584595, "train_loss": 1.0841507048797607, "training_time_mean": NaN, "training_time_total": 0.0, "validation_time_mean": NaN, "validation_time_total": 0.0, "samples": 60000, "num_workers": 1, "done": true, "timesteps_total": null, "episodes_total": null, "training_iteration": 12, "neg_mean_loss": -1.1362776191711426, "experiment_id": "5c94cba2c44549ffb38a15d7e8d32c98", "date": "2019-05-30_14-27-08", "timestamp": 1559251628, "time_this_iter_s": 7.869470596313477, "time_total_s": 104.23260855674744, "pid": 26957, "hostname": "steropes", "node_ip": "169.229.49.254", "config": {"starting_lr": 0.01, "momentum": 0.997, "weight_decay": 0.001, "steps_per_iteration": null, "pin": false, "model_creator": null, "target_batch_size": 1024, "model_string": "resnet18", "min_batch_size": 512, "dataset": "CIFAR", "placement": null, "use_nccl": true, "devices_per_worker": 1, "primary_resource": "extra_gpu", "gpu": false, "verbose": false, "lr_config": {"mode": "log", "steps": 5, "initial_lr": 0.01, "target_lr": 0.01}, "batch_per_device": 1024}, "time_since_restore": 104.23260855674744, "timesteps_since_restore": 0, "iterations_since_restore": 12, "mean_throughput": 7214.998168084073, "atoms": 1}
