{"apply": 0.019721555709838866, "batch_time": 0.052112962626203706, "d2h": 0.0006634473800659179, "data_time": 0.0018448652818684687, "fwd": 0.21787476539611816, "get_state_time_mean": NaN, "get_state_time_total": 0.0, "grad": 0.20703392028808593, "mean_accuracy": 0.11679999530315399, "mean_loss": 2.3309614570617674, "neg_mean_accuracy": -0.11679999530315399, "set_state_time_mean": NaN, "set_state_time_total": 0.0, "setup_model_time_mean": 13.797581911087036, "setup_model_time_total": 13.797581911087036, "setup_proc_time_mean": 1.8969080448150635, "setup_proc_time_total": 1.8969080448150635, "train_accuracy": 0.14771999418735504, "train_loss": 3.2334248586273193, "training_time_mean": NaN, "training_time_total": 0.0, "val_accuracy": 0.11679999530315399, "val_loss": 2.3309614570617674, "validation_time_mean": NaN, "validation_time_total": 0.0, "samples": 60000, "num_workers": 1, "done": false, "timesteps_total": null, "episodes_total": null, "training_iteration": 1, "neg_mean_loss": -2.3309614570617674, "experiment_id": "bd78fda4c2bd4e4b91a8c9a1f916e71e", "date": "2019-06-03_22-45-18", "timestamp": 1559627118, "time_this_iter_s": 51.225122928619385, "time_total_s": 51.225122928619385, "pid": 13575, "hostname": "steropes", "node_ip": "169.229.49.254", "config": {"starting_lr": 0.005, "momentum": 0.997, "weight_decay": 0.005, "steps_per_iteration": null, "pin": false, "model_creator": null, "target_batch_size": 128, "model_string": "resnet50", "min_batch_size": 128, "dataset": "CIFAR", "placement": null, "use_nccl": true, "devices_per_worker": 1, "primary_resource": "extra_gpu", "gpu": false, "verbose": false, "lr_config": {"mode": "log", "steps": 5, "initial_lr": 0.005, "target_lr": 0.005}, "batch_per_device": 128}, "time_since_restore": 51.225122928619385, "timesteps_since_restore": 0, "iterations_since_restore": 1, "mean_throughput": 1171.298317586174, "atoms": 1, "setup_time": 15.790162801742554}
{"apply": 0.019156169891357423, "batch_time": 0.03268801411495933, "d2h": 0.0007219552993774414, "data_time": 0.0017584339736977503, "fwd": 0.02862396240234375, "get_state_time_mean": NaN, "get_state_time_total": 0.0, "grad": 0.04876279830932617, "mean_accuracy": 0.16094999760389328, "mean_loss": 2.2453555713653564, "neg_mean_accuracy": -0.20509999990463257, "set_state_time_mean": NaN, "set_state_time_total": 0.0, "setup_model_time_mean": NaN, "setup_model_time_total": 0.0, "setup_proc_time_mean": NaN, "setup_proc_time_total": 0.0, "train_accuracy": 0.17803999781608582, "train_loss": 2.513872725601196, "training_time_mean": NaN, "training_time_total": 0.0, "val_accuracy": 0.20509999990463257, "val_loss": 2.1597496856689453, "validation_time_mean": NaN, "validation_time_total": 0.0, "samples": 60000, "num_workers": 1, "done": false, "timesteps_total": null, "episodes_total": null, "training_iteration": 2, "neg_mean_loss": -2.2453555713653564, "experiment_id": "bd78fda4c2bd4e4b91a8c9a1f916e71e", "date": "2019-06-03_22-46-01", "timestamp": 1559627161, "time_this_iter_s": 42.947630405426025, "time_total_s": 94.17275333404541, "pid": 13575, "hostname": "steropes", "node_ip": "169.229.49.254", "config": {"starting_lr": 0.005, "momentum": 0.997, "weight_decay": 0.005, "steps_per_iteration": null, "pin": false, "model_creator": null, "target_batch_size": 128, "model_string": "resnet50", "min_batch_size": 128, "dataset": "CIFAR", "placement": null, "use_nccl": true, "devices_per_worker": 1, "primary_resource": "extra_gpu", "gpu": false, "verbose": false, "lr_config": {"mode": "log", "steps": 5, "initial_lr": 0.005, "target_lr": 0.005}, "batch_per_device": 128}, "time_since_restore": 94.17275333404541, "timesteps_since_restore": 0, "iterations_since_restore": 2, "mean_throughput": 1274.249015437519, "atoms": 1, "setup_time": 15.790162801742554}
{"apply": 0.019579768180847168, "batch_time": 0.03298163414001465, "d2h": 0.0007682323455810546, "data_time": 0.0017395690274055657, "fwd": 0.029543423652648927, "get_state_time_mean": NaN, "get_state_time_total": 0.0, "grad": 0.05068538188934326, "mean_accuracy": 0.2046333303054174, "mean_loss": 2.1494981146494547, "neg_mean_accuracy": -0.2919999957084656, "set_state_time_mean": NaN, "set_state_time_total": 0.0, "setup_model_time_mean": NaN, "setup_model_time_total": 0.0, "setup_proc_time_mean": NaN, "setup_proc_time_total": 0.0, "train_accuracy": 0.2417600005865097, "train_loss": 2.0952377933502198, "training_time_mean": NaN, "training_time_total": 0.0, "val_accuracy": 0.2919999957084656, "val_loss": 1.9577832012176513, "validation_time_mean": NaN, "validation_time_total": 0.0, "samples": 60000, "num_workers": 1, "done": true, "timesteps_total": null, "episodes_total": null, "training_iteration": 3, "neg_mean_loss": -2.1494981146494547, "experiment_id": "bd78fda4c2bd4e4b91a8c9a1f916e71e", "date": "2019-06-03_22-46-45", "timestamp": 1559627205, "time_this_iter_s": 43.3675594329834, "time_total_s": 137.5403127670288, "pid": 13575, "hostname": "steropes", "node_ip": "169.229.49.254", "config": {"starting_lr": 0.005, "momentum": 0.997, "weight_decay": 0.005, "steps_per_iteration": null, "pin": false, "model_creator": null, "target_batch_size": 128, "model_string": "resnet50", "min_batch_size": 128, "dataset": "CIFAR", "placement": null, "use_nccl": true, "devices_per_worker": 1, "primary_resource": "extra_gpu", "gpu": false, "verbose": false, "lr_config": {"mode": "log", "steps": 5, "initial_lr": 0.005, "target_lr": 0.005}, "batch_per_device": 128}, "time_since_restore": 137.5403127670288, "timesteps_since_restore": 0, "iterations_since_restore": 3, "mean_throughput": 1308.7028640125366, "atoms": 1, "setup_time": 15.790162801742554}
