{"apply": 0.018230509757995606, "batch_time": 0.04126674314088459, "d2h": 0.0006866216659545899, "data_time": 0.0018954514847387134, "fwd": 0.11689071655273438, "get_state_time_mean": NaN, "get_state_time_total": 0.0, "grad": 0.16525835990905763, "mean_accuracy": 0.12060000002384186, "mean_loss": 2.3402520378112794, "neg_mean_accuracy": -0.12060000002384186, "set_state_time_mean": NaN, "set_state_time_total": 0.0, "setup_model_time_mean": 8.315660238265991, "setup_model_time_total": 8.315660238265991, "setup_proc_time_mean": 0.4341273307800293, "setup_proc_time_total": 0.4341273307800293, "train_accuracy": 0.09895999729633331, "train_loss": 4.3497554255676265, "training_time_mean": NaN, "training_time_total": 0.0, "val_accuracy": 0.12060000002384186, "val_loss": 2.3402520378112794, "validation_time_mean": NaN, "validation_time_total": 0.0, "samples": 60000, "num_workers": 1, "done": false, "timesteps_total": null, "episodes_total": null, "training_iteration": 1, "neg_mean_loss": -2.3402520378112794, "experiment_id": "7d940c46777548368735247ab62a9c5b", "date": "2019-06-06_09-35-56", "timestamp": 1559838956, "time_this_iter_s": 46.626157999038696, "time_total_s": 46.626157999038696, "pid": 14849, "hostname": "steropes", "node_ip": "169.229.49.254", "config": {"starting_lr": 0.5, "momentum": 0.95, "weight_decay": 0.0005, "steps_per_iteration": null, "pin": false, "model_creator": null, "target_batch_size": 128, "model_string": "resnet50", "min_batch_size": 128, "dataset": "CIFAR", "placement": null, "use_nccl": true, "devices_per_worker": 1, "primary_resource": "extra_gpu", "gpu": false, "verbose": false, "lr_config": {"mode": "log", "steps": 5, "initial_lr": 0.5, "target_lr": 0.5}, "batch_per_device": 128}, "time_since_restore": 46.626157999038696, "timesteps_since_restore": 0, "iterations_since_restore": 1, "mean_throughput": 1286.8267702194992, "atoms": 1, "setup_time": 8.867480516433716}
{"apply": 0.017359256744384766, "batch_time": 0.031169480915311017, "d2h": 0.0006681203842163086, "data_time": 0.0018107116679706233, "fwd": 0.02791566848754883, "get_state_time_mean": NaN, "get_state_time_total": 0.0, "grad": 0.04828650951385498, "mean_accuracy": 0.1119999997317791, "mean_loss": 2.306382904052734, "neg_mean_accuracy": -0.10339999943971634, "set_state_time_mean": NaN, "set_state_time_total": 0.0, "setup_model_time_mean": NaN, "setup_model_time_total": 0.0, "setup_proc_time_mean": NaN, "setup_proc_time_total": 0.0, "train_accuracy": 0.1427599936723709, "train_loss": 4.044644090423584, "training_time_mean": NaN, "training_time_total": 0.0, "val_accuracy": 0.10339999943971634, "val_loss": 2.2725137702941893, "validation_time_mean": NaN, "validation_time_total": 0.0, "samples": 60000, "num_workers": 1, "done": false, "timesteps_total": null, "episodes_total": null, "training_iteration": 2, "neg_mean_loss": -2.306382904052734, "experiment_id": "7d940c46777548368735247ab62a9c5b", "date": "2019-06-06_09-36-37", "timestamp": 1559838997, "time_this_iter_s": 41.082263469696045, "time_total_s": 87.70842146873474, "pid": 14849, "hostname": "steropes", "node_ip": "169.229.49.254", "config": {"starting_lr": 0.5, "momentum": 0.95, "weight_decay": 0.0005, "steps_per_iteration": null, "pin": false, "model_creator": null, "target_batch_size": 128, "model_string": "resnet50", "min_batch_size": 128, "dataset": "CIFAR", "placement": null, "use_nccl": true, "devices_per_worker": 1, "primary_resource": "extra_gpu", "gpu": false, "verbose": false, "lr_config": {"mode": "log", "steps": 5, "initial_lr": 0.5, "target_lr": 0.5}, "batch_per_device": 128}, "time_since_restore": 87.70842146873474, "timesteps_since_restore": 0, "iterations_since_restore": 2, "mean_throughput": 1368.1657898423716, "atoms": 1, "setup_time": 8.867480516433716}
{"apply": 0.019179224967956543, "batch_time": 0.03178843063644216, "d2h": 0.0006676912307739258, "data_time": 0.0018172203122502398, "fwd": 0.028757929801940918, "get_state_time_mean": NaN, "get_state_time_total": 0.0, "grad": 0.048842668533325195, "mean_accuracy": 0.12539999932050705, "mean_loss": 2.2887713013966877, "neg_mean_accuracy": -0.15219999849796295, "set_state_time_mean": NaN, "set_state_time_total": 0.0, "setup_model_time_mean": NaN, "setup_model_time_total": 0.0, "setup_proc_time_mean": NaN, "setup_proc_time_total": 0.0, "train_accuracy": 0.16533999145030975, "train_loss": 2.21881974609375, "training_time_mean": NaN, "training_time_total": 0.0, "val_accuracy": 0.15219999849796295, "val_loss": 2.253548096084595, "validation_time_mean": NaN, "validation_time_total": 0.0, "samples": 60000, "num_workers": 1, "done": true, "timesteps_total": null, "episodes_total": null, "training_iteration": 3, "neg_mean_loss": -2.2887713013966877, "experiment_id": "7d940c46777548368735247ab62a9c5b", "date": "2019-06-06_09-37-18", "timestamp": 1559839038, "time_this_iter_s": 41.35288691520691, "time_total_s": 129.06130838394165, "pid": 14849, "hostname": "steropes", "node_ip": "169.229.49.254", "config": {"starting_lr": 0.5, "momentum": 0.95, "weight_decay": 0.0005, "steps_per_iteration": null, "pin": false, "model_creator": null, "target_batch_size": 128, "model_string": "resnet50", "min_batch_size": 128, "dataset": "CIFAR", "placement": null, "use_nccl": true, "devices_per_worker": 1, "primary_resource": "extra_gpu", "gpu": false, "verbose": false, "lr_config": {"mode": "log", "steps": 5, "initial_lr": 0.5, "target_lr": 0.5}, "batch_per_device": 128}, "time_since_restore": 129.06130838394165, "timesteps_since_restore": 0, "iterations_since_restore": 3, "mean_throughput": 1394.6823959940675, "atoms": 1, "setup_time": 8.867480516433716}
