{"apply": 0.017580199241638183, "batch_time": 0.042041751402842845, "d2h": 0.000706934928894043, "data_time": 0.001886033645981108, "fwd": 0.11864995956420898, "get_state_time_mean": NaN, "get_state_time_total": 0.0, "grad": 0.16553046703338622, "mean_accuracy": 0.25049999356269836, "mean_loss": 3.943008010864258, "neg_mean_accuracy": -0.25049999356269836, "set_state_time_mean": NaN, "set_state_time_total": 0.0, "setup_model_time_mean": 8.588491201400757, "setup_model_time_total": 8.588491201400757, "setup_proc_time_mean": 0.6967983245849609, "setup_proc_time_total": 0.6967983245849609, "train_accuracy": 0.1816999912261963, "train_loss": 3.898177943878174, "training_time_mean": NaN, "training_time_total": 0.0, "val_accuracy": 0.25049999356269836, "val_loss": 3.943008010864258, "validation_time_mean": NaN, "validation_time_total": 0.0, "samples": 60000, "num_workers": 1, "done": false, "timesteps_total": null, "episodes_total": null, "training_iteration": 1, "neg_mean_loss": -3.943008010864258, "experiment_id": "02e5b41f39c9435baa3ffd295614396f", "date": "2019-06-02_20-21-39", "timestamp": 1559532099, "time_this_iter_s": 46.12567114830017, "time_total_s": 46.12567114830017, "pid": 26402, "hostname": "steropes", "node_ip": "169.229.49.254", "config": {"starting_lr": 0.01, "momentum": 0.99, "weight_decay": 0.0005, "steps_per_iteration": null, "pin": false, "model_creator": null, "target_batch_size": 128, "model_string": "resnet50", "min_batch_size": 128, "dataset": "CIFAR", "placement": null, "use_nccl": true, "devices_per_worker": 1, "primary_resource": "extra_gpu", "gpu": false, "verbose": false, "lr_config": {"mode": "log", "steps": 5, "initial_lr": 0.01, "target_lr": 0.01}, "batch_per_device": 128}, "time_since_restore": 46.12567114830017, "timesteps_since_restore": 0, "iterations_since_restore": 1, "mean_throughput": 1300.7899860448645, "atoms": 1, "setup_time": 9.380908966064453}
{"apply": 0.01683762073516846, "batch_time": 0.03305463549457019, "d2h": 0.0007187366485595703, "data_time": 0.0018241289631485025, "fwd": 0.027863717079162596, "get_state_time_mean": NaN, "get_state_time_total": 0.0, "grad": 0.04780809879302979, "mean_accuracy": 0.2271999940276146, "mean_loss": 3.094090689086914, "neg_mean_accuracy": -0.20389999449253082, "set_state_time_mean": NaN, "set_state_time_total": 0.0, "setup_model_time_mean": NaN, "setup_model_time_total": 0.0, "setup_proc_time_mean": NaN, "setup_proc_time_total": 0.0, "train_accuracy": 0.2038399875164032, "train_loss": 2.5218875465393067, "training_time_mean": NaN, "training_time_total": 0.0, "val_accuracy": 0.20389999449253082, "val_loss": 2.24517336730957, "validation_time_mean": NaN, "validation_time_total": 0.0, "samples": 60000, "num_workers": 1, "done": false, "timesteps_total": null, "episodes_total": null, "training_iteration": 2, "neg_mean_loss": -3.094090689086914, "experiment_id": "02e5b41f39c9435baa3ffd295614396f", "date": "2019-06-02_20-22-20", "timestamp": 1559532140, "time_this_iter_s": 40.85467863082886, "time_total_s": 86.98034977912903, "pid": 26402, "hostname": "steropes", "node_ip": "169.229.49.254", "config": {"starting_lr": 0.01, "momentum": 0.99, "weight_decay": 0.0005, "steps_per_iteration": null, "pin": false, "model_creator": null, "target_batch_size": 128, "model_string": "resnet50", "min_batch_size": 128, "dataset": "CIFAR", "placement": null, "use_nccl": true, "devices_per_worker": 1, "primary_resource": "extra_gpu", "gpu": false, "verbose": false, "lr_config": {"mode": "log", "steps": 5, "initial_lr": 0.01, "target_lr": 0.01}, "batch_per_device": 128}, "time_since_restore": 86.98034977912903, "timesteps_since_restore": 0, "iterations_since_restore": 2, "mean_throughput": 1379.618431910097, "atoms": 1, "setup_time": 9.380908966064453}
{"apply": 0.016522884368896484, "batch_time": 0.031722892688799506, "d2h": 0.0006720542907714844, "data_time": 0.0017991846479723215, "fwd": 0.02774207592010498, "get_state_time_mean": NaN, "get_state_time_total": 0.0, "grad": 0.04774212837219238, "mean_accuracy": 0.24729999403158823, "mean_loss": 2.6951356252670293, "neg_mean_accuracy": -0.2874999940395355, "set_state_time_mean": NaN, "set_state_time_total": 0.0, "setup_model_time_mean": NaN, "setup_model_time_total": 0.0, "setup_proc_time_mean": NaN, "setup_proc_time_total": 0.0, "train_accuracy": 0.23691999912261963, "train_loss": 1.994746237258911, "training_time_mean": NaN, "training_time_total": 0.0, "val_accuracy": 0.2874999940395355, "val_loss": 1.8972254976272582, "validation_time_mean": NaN, "validation_time_total": 0.0, "samples": 60000, "num_workers": 1, "done": true, "timesteps_total": null, "episodes_total": null, "training_iteration": 3, "neg_mean_loss": -2.6951356252670293, "experiment_id": "02e5b41f39c9435baa3ffd295614396f", "date": "2019-06-02_20-23-01", "timestamp": 1559532181, "time_this_iter_s": 40.691184520721436, "time_total_s": 127.67153429985046, "pid": 26402, "hostname": "steropes", "node_ip": "169.229.49.254", "config": {"starting_lr": 0.01, "momentum": 0.99, "weight_decay": 0.0005, "steps_per_iteration": null, "pin": false, "model_creator": null, "target_batch_size": 128, "model_string": "resnet50", "min_batch_size": 128, "dataset": "CIFAR", "placement": null, "use_nccl": true, "devices_per_worker": 1, "primary_resource": "extra_gpu", "gpu": false, "verbose": false, "lr_config": {"mode": "log", "steps": 5, "initial_lr": 0.01, "target_lr": 0.01}, "batch_per_device": 128}, "time_since_restore": 127.67153429985046, "timesteps_since_restore": 0, "iterations_since_restore": 3, "mean_throughput": 1409.8646197246787, "atoms": 1, "setup_time": 9.380908966064453}
