apply,batch_time,d2h,data_time,fwd,get_state_time_mean,get_state_time_total,grad,mean_accuracy,mean_loss,neg_mean_accuracy,set_state_time_mean,set_state_time_total,setup_model_time_mean,setup_model_time_total,setup_proc_time_mean,setup_proc_time_total,train_accuracy,train_loss,training_time_mean,training_time_total,validation_time_mean,validation_time_total,samples,num_workers,done,timesteps_total,episodes_total,training_iteration,neg_mean_loss,experiment_id,date,timestamp,time_this_iter_s,time_total_s,pid,hostname,node_ip,config,time_since_restore,timesteps_since_restore,iterations_since_restore,mean_throughput,atoms
0.007112979888916016,0.19370636940002442,0.0046226739883422855,0.03643636800804917,0.08090791702270508,nan,0.0,0.1641411542892456,0.30149999260902405,2.0623732999801634,-0.30149999260902405,nan,0.0,9.899551630020142,9.899551630020142,0.49530792236328125,0.49530792236328125,0.28279998898506165,2.327380252075195,nan,0.0,nan,0.0,60000,1,False,,,1,-2.0623732999801634,ab1078ac80e04b0bb72fc6aa1533e53c,2019-05-30_14-50-54,1559253054,11.483973979949951,11.483973979949951,16040,steropes,169.229.49.254,"{'starting_lr': 0.01, 'momentum': 0.997, 'weight_decay': 0.005, 'steps_per_iteration': None, 'pin': False, 'model_creator': None, 'target_batch_size': 1024, 'model_string': 'resnet18', 'min_batch_size': 512, 'dataset': 'CIFAR', 'placement': None, 'use_nccl': True, 'devices_per_worker': 1, 'primary_resource': 'extra_gpu', 'gpu': False, 'verbose': False, 'lr_config': {'mode': 'log', 'steps': 5, 'initial_lr': 0.01, 'target_lr': 0.01}, 'batch_per_device': 1024}",11.483973979949951,0,1,5224.514633777668,1
0.006955790519714356,0.12783339023590087,0.007848668098449706,0.042330513195115695,0.029654717445373534,nan,0.0,0.05133092403411865,0.4162999987602234,1.639000199508667,-0.4162999987602234,nan,0.0,nan,0.0,nan,0.0,0.3982999920845032,1.6384463778305054,nan,0.0,nan,0.0,60000,1,False,,,2,-1.639000199508667,ab1078ac80e04b0bb72fc6aa1533e53c,2019-05-30_14-51-03,1559253063,8.241365194320679,19.72533917427063,16040,steropes,169.229.49.254,"{'starting_lr': 0.01, 'momentum': 0.997, 'weight_decay': 0.005, 'steps_per_iteration': None, 'pin': False, 'model_creator': None, 'target_batch_size': 1024, 'model_string': 'resnet18', 'min_batch_size': 512, 'dataset': 'CIFAR', 'placement': None, 'use_nccl': True, 'devices_per_worker': 1, 'primary_resource': 'extra_gpu', 'gpu': False, 'verbose': False, 'lr_config': {'mode': 'log', 'steps': 5, 'initial_lr': 0.01, 'target_lr': 0.01}, 'batch_per_device': 1024}",19.72533917427063,0,2,6083.4135967928005,1
0.007326245307922363,0.14555094242095948,0.0051155567169189455,0.04622546993956274,0.027965521812438963,nan,0.0,0.04720866680145264,0.4032999873161316,1.6795061012268067,-0.4032999873161316,nan,0.0,nan,0.0,nan,0.0,0.44269999861717224,1.5142038837814331,nan,0.0,nan,0.0,60000,1,False,,,3,-1.6795061012268067,ab1078ac80e04b0bb72fc6aa1533e53c,2019-05-30_14-51-11,1559253071,8.402377367019653,28.127716541290283,16040,steropes,169.229.49.254,"{'starting_lr': 0.01, 'momentum': 0.997, 'weight_decay': 0.005, 'steps_per_iteration': None, 'pin': False, 'model_creator': None, 'target_batch_size': 1024, 'model_string': 'resnet18', 'min_batch_size': 512, 'dataset': 'CIFAR', 'placement': None, 'use_nccl': True, 'devices_per_worker': 1, 'primary_resource': 'extra_gpu', 'gpu': False, 'verbose': False, 'lr_config': {'mode': 'log', 'steps': 5, 'initial_lr': 0.01, 'target_lr': 0.01}, 'batch_per_device': 1024}",28.127716541290283,0,3,6399.267607693384,1
0.007216787338256836,0.15154645442962647,0.00535287857055664,0.0475318042599425,0.03255276679992676,nan,0.0,0.05355556011199951,0.19489999115467072,2.1336628150939942,-0.19489999115467072,nan,0.0,nan,0.0,nan,0.0,0.48047998547554016,1.4216962446975707,nan,0.0,nan,0.0,60000,1,False,,,4,-2.1336628150939942,ab1078ac80e04b0bb72fc6aa1533e53c,2019-05-30_14-51-20,1559253080,9.026456117630005,37.15417265892029,16040,steropes,169.229.49.254,"{'starting_lr': 0.01, 'momentum': 0.997, 'weight_decay': 0.005, 'steps_per_iteration': None, 'pin': False, 'model_creator': None, 'target_batch_size': 1024, 'model_string': 'resnet18', 'min_batch_size': 512, 'dataset': 'CIFAR', 'placement': None, 'use_nccl': True, 'devices_per_worker': 1, 'primary_resource': 'extra_gpu', 'gpu': False, 'verbose': False, 'lr_config': {'mode': 'log', 'steps': 5, 'initial_lr': 0.01, 'target_lr': 0.01}, 'batch_per_device': 1024}",37.15417265892029,0,4,6459.470460119851,1
0.008126282691955566,0.15600459575653075,0.006501698493957519,0.04681910787309919,0.03018372058868408,nan,0.0,0.050024557113647464,0.15309999883174896,2.352969888305664,-0.15309999883174896,nan,0.0,nan,0.0,nan,0.0,0.5011599659919739,1.4028055866241456,nan,0.0,nan,0.0,60000,1,False,,,5,-2.352969888305664,ab1078ac80e04b0bb72fc6aa1533e53c,2019-05-30_14-51-29,1559253089,8.519188165664673,45.67336082458496,16040,steropes,169.229.49.254,"{'starting_lr': 0.01, 'momentum': 0.997, 'weight_decay': 0.005, 'steps_per_iteration': None, 'pin': False, 'model_creator': None, 'target_batch_size': 1024, 'model_string': 'resnet18', 'min_batch_size': 512, 'dataset': 'CIFAR', 'placement': None, 'use_nccl': True, 'devices_per_worker': 1, 'primary_resource': 'extra_gpu', 'gpu': False, 'verbose': False, 'lr_config': {'mode': 'log', 'steps': 5, 'initial_lr': 0.01, 'target_lr': 0.01}, 'batch_per_device': 1024}",45.67336082458496,0,5,6568.284940426105,1
0.007507514953613281,0.15466723442077637,0.00514073371887207,0.03364404853509397,0.025743508338928224,nan,0.0,0.046885347366333006,0.10949999839067459,25.319602767944335,-0.10949999839067459,nan,0.0,nan,0.0,nan,0.0,0.32707998156547546,1.8435690878677369,nan,0.0,nan,0.0,60000,1,False,,,6,-25.319602767944335,ab1078ac80e04b0bb72fc6aa1533e53c,2019-05-30_14-51-37,1559253097,8.479049682617188,54.15241050720215,16040,steropes,169.229.49.254,"{'starting_lr': 0.01, 'momentum': 0.997, 'weight_decay': 0.005, 'steps_per_iteration': None, 'pin': False, 'model_creator': None, 'target_batch_size': 1024, 'model_string': 'resnet18', 'min_batch_size': 512, 'dataset': 'CIFAR', 'placement': None, 'use_nccl': True, 'devices_per_worker': 1, 'primary_resource': 'extra_gpu', 'gpu': False, 'verbose': False, 'lr_config': {'mode': 'log', 'steps': 5, 'initial_lr': 0.01, 'target_lr': 0.01}, 'batch_per_device': 1024}",54.15241050720215,0,6,7030.8934073958735,1
0.0069489717483520504,0.1358173370361328,0.005336451530456543,0.03661821812999492,0.03185811042785645,nan,0.0,0.04824991226196289,0.31939998269081116,3.422668481063843,-0.31939998269081116,nan,0.0,nan,0.0,nan,0.0,0.41033998131752014,1.5755726962280274,nan,0.0,nan,0.0,60000,1,False,,,7,-3.422668481063843,ab1078ac80e04b0bb72fc6aa1533e53c,2019-05-30_14-51-46,1559253106,8.469328880310059,62.62173938751221,16040,steropes,169.229.49.254,"{'starting_lr': 0.01, 'momentum': 0.997, 'weight_decay': 0.005, 'steps_per_iteration': None, 'pin': False, 'model_creator': None, 'target_batch_size': 1024, 'model_string': 'resnet18', 'min_batch_size': 512, 'dataset': 'CIFAR', 'placement': None, 'use_nccl': True, 'devices_per_worker': 1, 'primary_resource': 'extra_gpu', 'gpu': False, 'verbose': False, 'lr_config': {'mode': 'log', 'steps': 5, 'initial_lr': 0.01, 'target_lr': 0.01}, 'batch_per_device': 1024}",62.62173938751221,0,7,6993.529930802809,1
0.0073601722717285155,0.1370018482208252,0.00485379695892334,0.05200402104124731,0.028230047225952147,nan,0.0,0.04410264492034912,0.4462999999523163,1.6819360326766968,-0.4462999999523163,nan,0.0,nan,0.0,nan,0.0,0.45945999026298523,1.4617735482788086,nan,0.0,nan,0.0,60000,1,False,,,8,-1.6819360326766968,ab1078ac80e04b0bb72fc6aa1533e53c,2019-05-30_14-51-54,1559253114,8.66840648651123,71.29014587402344,16040,steropes,169.229.49.254,"{'starting_lr': 0.01, 'momentum': 0.997, 'weight_decay': 0.005, 'steps_per_iteration': None, 'pin': False, 'model_creator': None, 'target_batch_size': 1024, 'model_string': 'resnet18', 'min_batch_size': 512, 'dataset': 'CIFAR', 'placement': None, 'use_nccl': True, 'devices_per_worker': 1, 'primary_resource': 'extra_gpu', 'gpu': False, 'verbose': False, 'lr_config': {'mode': 'log', 'steps': 5, 'initial_lr': 0.01, 'target_lr': 0.01}, 'batch_per_device': 1024}",71.29014587402344,0,8,6950.424188188865,1
0.007019734382629395,0.13971529006958008,0.004757905006408691,0.06223680535141302,0.02455012798309326,nan,0.0,0.04717113971710205,0.47939997911453247,1.5364693801879883,-0.47939997911453247,nan,0.0,nan,0.0,nan,0.0,0.4905799925327301,1.3963924115371704,nan,0.0,nan,0.0,60000,1,False,,,9,-1.5364693801879883,ab1078ac80e04b0bb72fc6aa1533e53c,2019-05-30_14-52-03,1559253123,8.94071626663208,80.23086214065552,16040,steropes,169.229.49.254,"{'starting_lr': 0.01, 'momentum': 0.997, 'weight_decay': 0.005, 'steps_per_iteration': None, 'pin': False, 'model_creator': None, 'target_batch_size': 1024, 'model_string': 'resnet18', 'min_batch_size': 512, 'dataset': 'CIFAR', 'placement': None, 'use_nccl': True, 'devices_per_worker': 1, 'primary_resource': 'extra_gpu', 'gpu': False, 'verbose': False, 'lr_config': {'mode': 'log', 'steps': 5, 'initial_lr': 0.01, 'target_lr': 0.01}, 'batch_per_device': 1024}",80.23086214065552,0,9,6964.257683033545,1
0.008245062828063966,0.15125982761383056,0.0058214664459228516,0.03981569348549356,0.026292014122009277,nan,0.0,0.053449273109436035,0.4778999984264374,1.590866770362854,-0.4778999984264374,nan,0.0,nan,0.0,nan,0.0,0.503879964351654,1.6641214240264892,nan,0.0,nan,0.0,60000,1,False,,,10,-1.590866770362854,ab1078ac80e04b0bb72fc6aa1533e53c,2019-05-30_14-52-12,1559253132,8.727815628051758,88.95867776870728,16040,steropes,169.229.49.254,"{'starting_lr': 0.01, 'momentum': 0.997, 'weight_decay': 0.005, 'steps_per_iteration': None, 'pin': False, 'model_creator': None, 'target_batch_size': 1024, 'model_string': 'resnet18', 'min_batch_size': 512, 'dataset': 'CIFAR', 'placement': None, 'use_nccl': True, 'devices_per_worker': 1, 'primary_resource': 'extra_gpu', 'gpu': False, 'verbose': False, 'lr_config': {'mode': 'log', 'steps': 5, 'initial_lr': 0.01, 'target_lr': 0.01}, 'batch_per_device': 1024}",88.95867776870728,0,10,6930.693091120871,1
0.007258915901184082,0.13753657341003417,0.004964518547058106,0.04850716006999113,0.025746893882751466,nan,0.0,0.04474244117736816,0.5235999822616577,1.3589649019241332,-0.5235999822616577,nan,0.0,nan,0.0,nan,0.0,0.49007999897003174,1.4221816622161865,nan,0.0,nan,0.0,60000,1,False,,,11,-1.3589649019241332,ab1078ac80e04b0bb72fc6aa1533e53c,2019-05-30_14-52-21,1559253141,8.76049017906189,97.71916794776917,16040,steropes,169.229.49.254,"{'starting_lr': 0.01, 'momentum': 0.997, 'weight_decay': 0.005, 'steps_per_iteration': None, 'pin': False, 'model_creator': None, 'target_batch_size': 1024, 'model_string': 'resnet18', 'min_batch_size': 512, 'dataset': 'CIFAR', 'placement': None, 'use_nccl': True, 'devices_per_worker': 1, 'primary_resource': 'extra_gpu', 'gpu': False, 'verbose': False, 'lr_config': {'mode': 'log', 'steps': 5, 'initial_lr': 0.01, 'target_lr': 0.01}, 'batch_per_device': 1024}",97.71916794776917,0,11,6885.919759632165,1
0.0087554931640625,0.1242072343826294,0.004786801338195801,0.047502167370854595,0.022417354583740234,nan,0.0,0.04305863380432129,0.5116999745368958,1.3488277200698853,-0.5116999745368958,nan,0.0,nan,0.0,nan,0.0,0.5296599864959717,1.2947204200363158,nan,0.0,nan,0.0,60000,1,True,,,12,-1.3488277200698853,ab1078ac80e04b0bb72fc6aa1533e53c,2019-05-30_14-52-29,1559253149,7.862349033355713,105.58151698112488,16040,steropes,169.229.49.254,"{'starting_lr': 0.01, 'momentum': 0.997, 'weight_decay': 0.005, 'steps_per_iteration': None, 'pin': False, 'model_creator': None, 'target_batch_size': 1024, 'model_string': 'resnet18', 'min_batch_size': 512, 'dataset': 'CIFAR', 'placement': None, 'use_nccl': True, 'devices_per_worker': 1, 'primary_resource': 'extra_gpu', 'gpu': False, 'verbose': False, 'lr_config': {'mode': 'log', 'steps': 5, 'initial_lr': 0.01, 'target_lr': 0.01}, 'batch_per_device': 1024}",105.58151698112488,0,12,6983.2101819168665,1
