{"apply": 0.007112979888916016, "batch_time": 0.19370636940002442, "d2h": 0.0046226739883422855, "data_time": 0.03643636800804917, "fwd": 0.08090791702270508, "get_state_time_mean": NaN, "get_state_time_total": 0.0, "grad": 0.1641411542892456, "mean_accuracy": 0.30149999260902405, "mean_loss": 2.0623732999801634, "neg_mean_accuracy": -0.30149999260902405, "set_state_time_mean": NaN, "set_state_time_total": 0.0, "setup_model_time_mean": 9.899551630020142, "setup_model_time_total": 9.899551630020142, "setup_proc_time_mean": 0.49530792236328125, "setup_proc_time_total": 0.49530792236328125, "train_accuracy": 0.28279998898506165, "train_loss": 2.327380252075195, "training_time_mean": NaN, "training_time_total": 0.0, "validation_time_mean": NaN, "validation_time_total": 0.0, "samples": 60000, "num_workers": 1, "done": false, "timesteps_total": null, "episodes_total": null, "training_iteration": 1, "neg_mean_loss": -2.0623732999801634, "experiment_id": "ab1078ac80e04b0bb72fc6aa1533e53c", "date": "2019-05-30_14-50-54", "timestamp": 1559253054, "time_this_iter_s": 11.483973979949951, "time_total_s": 11.483973979949951, "pid": 16040, "hostname": "steropes", "node_ip": "169.229.49.254", "config": {"starting_lr": 0.01, "momentum": 0.997, "weight_decay": 0.005, "steps_per_iteration": null, "pin": false, "model_creator": null, "target_batch_size": 1024, "model_string": "resnet18", "min_batch_size": 512, "dataset": "CIFAR", "placement": null, "use_nccl": true, "devices_per_worker": 1, "primary_resource": "extra_gpu", "gpu": false, "verbose": false, "lr_config": {"mode": "log", "steps": 5, "initial_lr": 0.01, "target_lr": 0.01}, "batch_per_device": 1024}, "time_since_restore": 11.483973979949951, "timesteps_since_restore": 0, "iterations_since_restore": 1, "mean_throughput": 5224.514633777668, "atoms": 1}
{"apply": 0.006955790519714356, "batch_time": 0.12783339023590087, "d2h": 0.007848668098449706, "data_time": 0.042330513195115695, "fwd": 0.029654717445373534, "get_state_time_mean": NaN, "get_state_time_total": 0.0, "grad": 0.05133092403411865, "mean_accuracy": 0.4162999987602234, "mean_loss": 1.639000199508667, "neg_mean_accuracy": -0.4162999987602234, "set_state_time_mean": NaN, "set_state_time_total": 0.0, "setup_model_time_mean": NaN, "setup_model_time_total": 0.0, "setup_proc_time_mean": NaN, "setup_proc_time_total": 0.0, "train_accuracy": 0.3982999920845032, "train_loss": 1.6384463778305054, "training_time_mean": NaN, "training_time_total": 0.0, "validation_time_mean": NaN, "validation_time_total": 0.0, "samples": 60000, "num_workers": 1, "done": false, "timesteps_total": null, "episodes_total": null, "training_iteration": 2, "neg_mean_loss": -1.639000199508667, "experiment_id": "ab1078ac80e04b0bb72fc6aa1533e53c", "date": "2019-05-30_14-51-03", "timestamp": 1559253063, "time_this_iter_s": 8.241365194320679, "time_total_s": 19.72533917427063, "pid": 16040, "hostname": "steropes", "node_ip": "169.229.49.254", "config": {"starting_lr": 0.01, "momentum": 0.997, "weight_decay": 0.005, "steps_per_iteration": null, "pin": false, "model_creator": null, "target_batch_size": 1024, "model_string": "resnet18", "min_batch_size": 512, "dataset": "CIFAR", "placement": null, "use_nccl": true, "devices_per_worker": 1, "primary_resource": "extra_gpu", "gpu": false, "verbose": false, "lr_config": {"mode": "log", "steps": 5, "initial_lr": 0.01, "target_lr": 0.01}, "batch_per_device": 1024}, "time_since_restore": 19.72533917427063, "timesteps_since_restore": 0, "iterations_since_restore": 2, "mean_throughput": 6083.4135967928005, "atoms": 1}
{"apply": 0.007326245307922363, "batch_time": 0.14555094242095948, "d2h": 0.0051155567169189455, "data_time": 0.04622546993956274, "fwd": 0.027965521812438963, "get_state_time_mean": NaN, "get_state_time_total": 0.0, "grad": 0.04720866680145264, "mean_accuracy": 0.4032999873161316, "mean_loss": 1.6795061012268067, "neg_mean_accuracy": -0.4032999873161316, "set_state_time_mean": NaN, "set_state_time_total": 0.0, "setup_model_time_mean": NaN, "setup_model_time_total": 0.0, "setup_proc_time_mean": NaN, "setup_proc_time_total": 0.0, "train_accuracy": 0.44269999861717224, "train_loss": 1.5142038837814331, "training_time_mean": NaN, "training_time_total": 0.0, "validation_time_mean": NaN, "validation_time_total": 0.0, "samples": 60000, "num_workers": 1, "done": false, "timesteps_total": null, "episodes_total": null, "training_iteration": 3, "neg_mean_loss": -1.6795061012268067, "experiment_id": "ab1078ac80e04b0bb72fc6aa1533e53c", "date": "2019-05-30_14-51-11", "timestamp": 1559253071, "time_this_iter_s": 8.402377367019653, "time_total_s": 28.127716541290283, "pid": 16040, "hostname": "steropes", "node_ip": "169.229.49.254", "config": {"starting_lr": 0.01, "momentum": 0.997, "weight_decay": 0.005, "steps_per_iteration": null, "pin": false, "model_creator": null, "target_batch_size": 1024, "model_string": "resnet18", "min_batch_size": 512, "dataset": "CIFAR", "placement": null, "use_nccl": true, "devices_per_worker": 1, "primary_resource": "extra_gpu", "gpu": false, "verbose": false, "lr_config": {"mode": "log", "steps": 5, "initial_lr": 0.01, "target_lr": 0.01}, "batch_per_device": 1024}, "time_since_restore": 28.127716541290283, "timesteps_since_restore": 0, "iterations_since_restore": 3, "mean_throughput": 6399.267607693384, "atoms": 1}
{"apply": 0.007216787338256836, "batch_time": 0.15154645442962647, "d2h": 0.00535287857055664, "data_time": 0.0475318042599425, "fwd": 0.03255276679992676, "get_state_time_mean": NaN, "get_state_time_total": 0.0, "grad": 0.05355556011199951, "mean_accuracy": 0.19489999115467072, "mean_loss": 2.1336628150939942, "neg_mean_accuracy": -0.19489999115467072, "set_state_time_mean": NaN, "set_state_time_total": 0.0, "setup_model_time_mean": NaN, "setup_model_time_total": 0.0, "setup_proc_time_mean": NaN, "setup_proc_time_total": 0.0, "train_accuracy": 0.48047998547554016, "train_loss": 1.4216962446975707, "training_time_mean": NaN, "training_time_total": 0.0, "validation_time_mean": NaN, "validation_time_total": 0.0, "samples": 60000, "num_workers": 1, "done": false, "timesteps_total": null, "episodes_total": null, "training_iteration": 4, "neg_mean_loss": -2.1336628150939942, "experiment_id": "ab1078ac80e04b0bb72fc6aa1533e53c", "date": "2019-05-30_14-51-20", "timestamp": 1559253080, "time_this_iter_s": 9.026456117630005, "time_total_s": 37.15417265892029, "pid": 16040, "hostname": "steropes", "node_ip": "169.229.49.254", "config": {"starting_lr": 0.01, "momentum": 0.997, "weight_decay": 0.005, "steps_per_iteration": null, "pin": false, "model_creator": null, "target_batch_size": 1024, "model_string": "resnet18", "min_batch_size": 512, "dataset": "CIFAR", "placement": null, "use_nccl": true, "devices_per_worker": 1, "primary_resource": "extra_gpu", "gpu": false, "verbose": false, "lr_config": {"mode": "log", "steps": 5, "initial_lr": 0.01, "target_lr": 0.01}, "batch_per_device": 1024}, "time_since_restore": 37.15417265892029, "timesteps_since_restore": 0, "iterations_since_restore": 4, "mean_throughput": 6459.470460119851, "atoms": 1}
{"apply": 0.008126282691955566, "batch_time": 0.15600459575653075, "d2h": 0.006501698493957519, "data_time": 0.04681910787309919, "fwd": 0.03018372058868408, "get_state_time_mean": NaN, "get_state_time_total": 0.0, "grad": 0.050024557113647464, "mean_accuracy": 0.15309999883174896, "mean_loss": 2.352969888305664, "neg_mean_accuracy": -0.15309999883174896, "set_state_time_mean": NaN, "set_state_time_total": 0.0, "setup_model_time_mean": NaN, "setup_model_time_total": 0.0, "setup_proc_time_mean": NaN, "setup_proc_time_total": 0.0, "train_accuracy": 0.5011599659919739, "train_loss": 1.4028055866241456, "training_time_mean": NaN, "training_time_total": 0.0, "validation_time_mean": NaN, "validation_time_total": 0.0, "samples": 60000, "num_workers": 1, "done": false, "timesteps_total": null, "episodes_total": null, "training_iteration": 5, "neg_mean_loss": -2.352969888305664, "experiment_id": "ab1078ac80e04b0bb72fc6aa1533e53c", "date": "2019-05-30_14-51-29", "timestamp": 1559253089, "time_this_iter_s": 8.519188165664673, "time_total_s": 45.67336082458496, "pid": 16040, "hostname": "steropes", "node_ip": "169.229.49.254", "config": {"starting_lr": 0.01, "momentum": 0.997, "weight_decay": 0.005, "steps_per_iteration": null, "pin": false, "model_creator": null, "target_batch_size": 1024, "model_string": "resnet18", "min_batch_size": 512, "dataset": "CIFAR", "placement": null, "use_nccl": true, "devices_per_worker": 1, "primary_resource": "extra_gpu", "gpu": false, "verbose": false, "lr_config": {"mode": "log", "steps": 5, "initial_lr": 0.01, "target_lr": 0.01}, "batch_per_device": 1024}, "time_since_restore": 45.67336082458496, "timesteps_since_restore": 0, "iterations_since_restore": 5, "mean_throughput": 6568.284940426105, "atoms": 1}
{"apply": 0.007507514953613281, "batch_time": 0.15466723442077637, "d2h": 0.00514073371887207, "data_time": 0.03364404853509397, "fwd": 0.025743508338928224, "get_state_time_mean": NaN, "get_state_time_total": 0.0, "grad": 0.046885347366333006, "mean_accuracy": 0.10949999839067459, "mean_loss": 25.319602767944335, "neg_mean_accuracy": -0.10949999839067459, "set_state_time_mean": NaN, "set_state_time_total": 0.0, "setup_model_time_mean": NaN, "setup_model_time_total": 0.0, "setup_proc_time_mean": NaN, "setup_proc_time_total": 0.0, "train_accuracy": 0.32707998156547546, "train_loss": 1.8435690878677369, "training_time_mean": NaN, "training_time_total": 0.0, "validation_time_mean": NaN, "validation_time_total": 0.0, "samples": 60000, "num_workers": 1, "done": false, "timesteps_total": null, "episodes_total": null, "training_iteration": 6, "neg_mean_loss": -25.319602767944335, "experiment_id": "ab1078ac80e04b0bb72fc6aa1533e53c", "date": "2019-05-30_14-51-37", "timestamp": 1559253097, "time_this_iter_s": 8.479049682617188, "time_total_s": 54.15241050720215, "pid": 16040, "hostname": "steropes", "node_ip": "169.229.49.254", "config": {"starting_lr": 0.01, "momentum": 0.997, "weight_decay": 0.005, "steps_per_iteration": null, "pin": false, "model_creator": null, "target_batch_size": 1024, "model_string": "resnet18", "min_batch_size": 512, "dataset": "CIFAR", "placement": null, "use_nccl": true, "devices_per_worker": 1, "primary_resource": "extra_gpu", "gpu": false, "verbose": false, "lr_config": {"mode": "log", "steps": 5, "initial_lr": 0.01, "target_lr": 0.01}, "batch_per_device": 1024}, "time_since_restore": 54.15241050720215, "timesteps_since_restore": 0, "iterations_since_restore": 6, "mean_throughput": 7030.8934073958735, "atoms": 1}
{"apply": 0.0069489717483520504, "batch_time": 0.1358173370361328, "d2h": 0.005336451530456543, "data_time": 0.03661821812999492, "fwd": 0.03185811042785645, "get_state_time_mean": NaN, "get_state_time_total": 0.0, "grad": 0.04824991226196289, "mean_accuracy": 0.31939998269081116, "mean_loss": 3.422668481063843, "neg_mean_accuracy": -0.31939998269081116, "set_state_time_mean": NaN, "set_state_time_total": 0.0, "setup_model_time_mean": NaN, "setup_model_time_total": 0.0, "setup_proc_time_mean": NaN, "setup_proc_time_total": 0.0, "train_accuracy": 0.41033998131752014, "train_loss": 1.5755726962280274, "training_time_mean": NaN, "training_time_total": 0.0, "validation_time_mean": NaN, "validation_time_total": 0.0, "samples": 60000, "num_workers": 1, "done": false, "timesteps_total": null, "episodes_total": null, "training_iteration": 7, "neg_mean_loss": -3.422668481063843, "experiment_id": "ab1078ac80e04b0bb72fc6aa1533e53c", "date": "2019-05-30_14-51-46", "timestamp": 1559253106, "time_this_iter_s": 8.469328880310059, "time_total_s": 62.62173938751221, "pid": 16040, "hostname": "steropes", "node_ip": "169.229.49.254", "config": {"starting_lr": 0.01, "momentum": 0.997, "weight_decay": 0.005, "steps_per_iteration": null, "pin": false, "model_creator": null, "target_batch_size": 1024, "model_string": "resnet18", "min_batch_size": 512, "dataset": "CIFAR", "placement": null, "use_nccl": true, "devices_per_worker": 1, "primary_resource": "extra_gpu", "gpu": false, "verbose": false, "lr_config": {"mode": "log", "steps": 5, "initial_lr": 0.01, "target_lr": 0.01}, "batch_per_device": 1024}, "time_since_restore": 62.62173938751221, "timesteps_since_restore": 0, "iterations_since_restore": 7, "mean_throughput": 6993.529930802809, "atoms": 1}
{"apply": 0.0073601722717285155, "batch_time": 0.1370018482208252, "d2h": 0.00485379695892334, "data_time": 0.05200402104124731, "fwd": 0.028230047225952147, "get_state_time_mean": NaN, "get_state_time_total": 0.0, "grad": 0.04410264492034912, "mean_accuracy": 0.4462999999523163, "mean_loss": 1.6819360326766968, "neg_mean_accuracy": -0.4462999999523163, "set_state_time_mean": NaN, "set_state_time_total": 0.0, "setup_model_time_mean": NaN, "setup_model_time_total": 0.0, "setup_proc_time_mean": NaN, "setup_proc_time_total": 0.0, "train_accuracy": 0.45945999026298523, "train_loss": 1.4617735482788086, "training_time_mean": NaN, "training_time_total": 0.0, "validation_time_mean": NaN, "validation_time_total": 0.0, "samples": 60000, "num_workers": 1, "done": false, "timesteps_total": null, "episodes_total": null, "training_iteration": 8, "neg_mean_loss": -1.6819360326766968, "experiment_id": "ab1078ac80e04b0bb72fc6aa1533e53c", "date": "2019-05-30_14-51-54", "timestamp": 1559253114, "time_this_iter_s": 8.66840648651123, "time_total_s": 71.29014587402344, "pid": 16040, "hostname": "steropes", "node_ip": "169.229.49.254", "config": {"starting_lr": 0.01, "momentum": 0.997, "weight_decay": 0.005, "steps_per_iteration": null, "pin": false, "model_creator": null, "target_batch_size": 1024, "model_string": "resnet18", "min_batch_size": 512, "dataset": "CIFAR", "placement": null, "use_nccl": true, "devices_per_worker": 1, "primary_resource": "extra_gpu", "gpu": false, "verbose": false, "lr_config": {"mode": "log", "steps": 5, "initial_lr": 0.01, "target_lr": 0.01}, "batch_per_device": 1024}, "time_since_restore": 71.29014587402344, "timesteps_since_restore": 0, "iterations_since_restore": 8, "mean_throughput": 6950.424188188865, "atoms": 1}
{"apply": 0.007019734382629395, "batch_time": 0.13971529006958008, "d2h": 0.004757905006408691, "data_time": 0.06223680535141302, "fwd": 0.02455012798309326, "get_state_time_mean": NaN, "get_state_time_total": 0.0, "grad": 0.04717113971710205, "mean_accuracy": 0.47939997911453247, "mean_loss": 1.5364693801879883, "neg_mean_accuracy": -0.47939997911453247, "set_state_time_mean": NaN, "set_state_time_total": 0.0, "setup_model_time_mean": NaN, "setup_model_time_total": 0.0, "setup_proc_time_mean": NaN, "setup_proc_time_total": 0.0, "train_accuracy": 0.4905799925327301, "train_loss": 1.3963924115371704, "training_time_mean": NaN, "training_time_total": 0.0, "validation_time_mean": NaN, "validation_time_total": 0.0, "samples": 60000, "num_workers": 1, "done": false, "timesteps_total": null, "episodes_total": null, "training_iteration": 9, "neg_mean_loss": -1.5364693801879883, "experiment_id": "ab1078ac80e04b0bb72fc6aa1533e53c", "date": "2019-05-30_14-52-03", "timestamp": 1559253123, "time_this_iter_s": 8.94071626663208, "time_total_s": 80.23086214065552, "pid": 16040, "hostname": "steropes", "node_ip": "169.229.49.254", "config": {"starting_lr": 0.01, "momentum": 0.997, "weight_decay": 0.005, "steps_per_iteration": null, "pin": false, "model_creator": null, "target_batch_size": 1024, "model_string": "resnet18", "min_batch_size": 512, "dataset": "CIFAR", "placement": null, "use_nccl": true, "devices_per_worker": 1, "primary_resource": "extra_gpu", "gpu": false, "verbose": false, "lr_config": {"mode": "log", "steps": 5, "initial_lr": 0.01, "target_lr": 0.01}, "batch_per_device": 1024}, "time_since_restore": 80.23086214065552, "timesteps_since_restore": 0, "iterations_since_restore": 9, "mean_throughput": 6964.257683033545, "atoms": 1}
{"apply": 0.008245062828063966, "batch_time": 0.15125982761383056, "d2h": 0.0058214664459228516, "data_time": 0.03981569348549356, "fwd": 0.026292014122009277, "get_state_time_mean": NaN, "get_state_time_total": 0.0, "grad": 0.053449273109436035, "mean_accuracy": 0.4778999984264374, "mean_loss": 1.590866770362854, "neg_mean_accuracy": -0.4778999984264374, "set_state_time_mean": NaN, "set_state_time_total": 0.0, "setup_model_time_mean": NaN, "setup_model_time_total": 0.0, "setup_proc_time_mean": NaN, "setup_proc_time_total": 0.0, "train_accuracy": 0.503879964351654, "train_loss": 1.6641214240264892, "training_time_mean": NaN, "training_time_total": 0.0, "validation_time_mean": NaN, "validation_time_total": 0.0, "samples": 60000, "num_workers": 1, "done": false, "timesteps_total": null, "episodes_total": null, "training_iteration": 10, "neg_mean_loss": -1.590866770362854, "experiment_id": "ab1078ac80e04b0bb72fc6aa1533e53c", "date": "2019-05-30_14-52-12", "timestamp": 1559253132, "time_this_iter_s": 8.727815628051758, "time_total_s": 88.95867776870728, "pid": 16040, "hostname": "steropes", "node_ip": "169.229.49.254", "config": {"starting_lr": 0.01, "momentum": 0.997, "weight_decay": 0.005, "steps_per_iteration": null, "pin": false, "model_creator": null, "target_batch_size": 1024, "model_string": "resnet18", "min_batch_size": 512, "dataset": "CIFAR", "placement": null, "use_nccl": true, "devices_per_worker": 1, "primary_resource": "extra_gpu", "gpu": false, "verbose": false, "lr_config": {"mode": "log", "steps": 5, "initial_lr": 0.01, "target_lr": 0.01}, "batch_per_device": 1024}, "time_since_restore": 88.95867776870728, "timesteps_since_restore": 0, "iterations_since_restore": 10, "mean_throughput": 6930.693091120871, "atoms": 1}
{"apply": 0.007258915901184082, "batch_time": 0.13753657341003417, "d2h": 0.004964518547058106, "data_time": 0.04850716006999113, "fwd": 0.025746893882751466, "get_state_time_mean": NaN, "get_state_time_total": 0.0, "grad": 0.04474244117736816, "mean_accuracy": 0.5235999822616577, "mean_loss": 1.3589649019241332, "neg_mean_accuracy": -0.5235999822616577, "set_state_time_mean": NaN, "set_state_time_total": 0.0, "setup_model_time_mean": NaN, "setup_model_time_total": 0.0, "setup_proc_time_mean": NaN, "setup_proc_time_total": 0.0, "train_accuracy": 0.49007999897003174, "train_loss": 1.4221816622161865, "training_time_mean": NaN, "training_time_total": 0.0, "validation_time_mean": NaN, "validation_time_total": 0.0, "samples": 60000, "num_workers": 1, "done": false, "timesteps_total": null, "episodes_total": null, "training_iteration": 11, "neg_mean_loss": -1.3589649019241332, "experiment_id": "ab1078ac80e04b0bb72fc6aa1533e53c", "date": "2019-05-30_14-52-21", "timestamp": 1559253141, "time_this_iter_s": 8.76049017906189, "time_total_s": 97.71916794776917, "pid": 16040, "hostname": "steropes", "node_ip": "169.229.49.254", "config": {"starting_lr": 0.01, "momentum": 0.997, "weight_decay": 0.005, "steps_per_iteration": null, "pin": false, "model_creator": null, "target_batch_size": 1024, "model_string": "resnet18", "min_batch_size": 512, "dataset": "CIFAR", "placement": null, "use_nccl": true, "devices_per_worker": 1, "primary_resource": "extra_gpu", "gpu": false, "verbose": false, "lr_config": {"mode": "log", "steps": 5, "initial_lr": 0.01, "target_lr": 0.01}, "batch_per_device": 1024}, "time_since_restore": 97.71916794776917, "timesteps_since_restore": 0, "iterations_since_restore": 11, "mean_throughput": 6885.919759632165, "atoms": 1}
{"apply": 0.0087554931640625, "batch_time": 0.1242072343826294, "d2h": 0.004786801338195801, "data_time": 0.047502167370854595, "fwd": 0.022417354583740234, "get_state_time_mean": NaN, "get_state_time_total": 0.0, "grad": 0.04305863380432129, "mean_accuracy": 0.5116999745368958, "mean_loss": 1.3488277200698853, "neg_mean_accuracy": -0.5116999745368958, "set_state_time_mean": NaN, "set_state_time_total": 0.0, "setup_model_time_mean": NaN, "setup_model_time_total": 0.0, "setup_proc_time_mean": NaN, "setup_proc_time_total": 0.0, "train_accuracy": 0.5296599864959717, "train_loss": 1.2947204200363158, "training_time_mean": NaN, "training_time_total": 0.0, "validation_time_mean": NaN, "validation_time_total": 0.0, "samples": 60000, "num_workers": 1, "done": true, "timesteps_total": null, "episodes_total": null, "training_iteration": 12, "neg_mean_loss": -1.3488277200698853, "experiment_id": "ab1078ac80e04b0bb72fc6aa1533e53c", "date": "2019-05-30_14-52-29", "timestamp": 1559253149, "time_this_iter_s": 7.862349033355713, "time_total_s": 105.58151698112488, "pid": 16040, "hostname": "steropes", "node_ip": "169.229.49.254", "config": {"starting_lr": 0.01, "momentum": 0.997, "weight_decay": 0.005, "steps_per_iteration": null, "pin": false, "model_creator": null, "target_batch_size": 1024, "model_string": "resnet18", "min_batch_size": 512, "dataset": "CIFAR", "placement": null, "use_nccl": true, "devices_per_worker": 1, "primary_resource": "extra_gpu", "gpu": false, "verbose": false, "lr_config": {"mode": "log", "steps": 5, "initial_lr": 0.01, "target_lr": 0.01}, "batch_per_device": 1024}, "time_since_restore": 105.58151698112488, "timesteps_since_restore": 0, "iterations_since_restore": 12, "mean_throughput": 6983.2101819168665, "atoms": 1}
