{"apply": 0.01754186153411865, "batch_time": 0.041349978386601316, "d2h": 0.0007444620132446289, "data_time": 0.0018430426907356438, "fwd": 0.19364662170410157, "get_state_time_mean": NaN, "get_state_time_total": 0.0, "grad": 0.1595883846282959, "mean_accuracy": 0.1362999975681305, "mean_loss": 2.3657731796264647, "neg_mean_accuracy": -0.1362999975681305, "set_state_time_mean": NaN, "set_state_time_total": 0.0, "setup_model_time_mean": 8.855072736740112, "setup_model_time_total": 8.855072736740112, "setup_proc_time_mean": 0.19693756103515625, "setup_proc_time_total": 0.19693756103515625, "train_accuracy": 0.11691999435424805, "train_loss": 2.717229803543091, "training_time_mean": NaN, "training_time_total": 0.0, "val_accuracy": 0.1362999975681305, "val_loss": 2.3657731796264647, "validation_time_mean": NaN, "validation_time_total": 0.0, "samples": 60000, "num_workers": 1, "done": false, "timesteps_total": null, "episodes_total": null, "training_iteration": 1, "neg_mean_loss": -2.3657731796264647, "experiment_id": "cf7db4ab5110410ba0fb565f7d780439", "date": "2019-06-06_07-17-00", "timestamp": 1559830620, "time_this_iter_s": 46.81616425514221, "time_total_s": 46.81616425514221, "pid": 15914, "hostname": "steropes", "node_ip": "169.229.49.254", "config": {"starting_lr": 0.0001, "momentum": 0.9, "weight_decay": 0.001, "steps_per_iteration": null, "pin": false, "model_creator": null, "target_batch_size": 128, "model_string": "resnet50", "min_batch_size": 128, "dataset": "CIFAR", "placement": null, "use_nccl": true, "devices_per_worker": 1, "primary_resource": "extra_gpu", "gpu": false, "verbose": false, "lr_config": {"mode": "log", "steps": 5, "initial_lr": 0.0001, "target_lr": 0.0001}, "batch_per_device": 128}, "time_since_restore": 46.81616425514221, "timesteps_since_restore": 0, "iterations_since_restore": 1, "mean_throughput": 1281.606225307003, "atoms": 1, "setup_time": 9.507374286651611}
{"apply": 0.01773495674133301, "batch_time": 0.032157490525064586, "d2h": 0.0007653713226318359, "data_time": 0.0017630175861251323, "fwd": 0.028302788734436035, "get_state_time_mean": NaN, "get_state_time_total": 0.0, "grad": 0.04861021041870117, "mean_accuracy": 0.15149999409914017, "mean_loss": 2.311839622116089, "neg_mean_accuracy": -0.16669999063014984, "set_state_time_mean": NaN, "set_state_time_total": 0.0, "setup_model_time_mean": NaN, "setup_model_time_total": 0.0, "setup_proc_time_mean": NaN, "setup_proc_time_total": 0.0, "train_accuracy": 0.14423999190330505, "train_loss": 2.330302588043213, "training_time_mean": NaN, "training_time_total": 0.0, "val_accuracy": 0.16669999063014984, "val_loss": 2.257906064605713, "validation_time_mean": NaN, "validation_time_total": 0.0, "samples": 60000, "num_workers": 1, "done": true, "timesteps_total": null, "episodes_total": null, "training_iteration": 2, "neg_mean_loss": -2.311839622116089, "experiment_id": "cf7db4ab5110410ba0fb565f7d780439", "date": "2019-06-06_07-17-41", "timestamp": 1559830661, "time_this_iter_s": 41.04695534706116, "time_total_s": 87.86311960220337, "pid": 15914, "hostname": "steropes", "node_ip": "169.229.49.254", "config": {"starting_lr": 0.0001, "momentum": 0.9, "weight_decay": 0.001, "steps_per_iteration": null, "pin": false, "model_creator": null, "target_batch_size": 128, "model_string": "resnet50", "min_batch_size": 128, "dataset": "CIFAR", "placement": null, "use_nccl": true, "devices_per_worker": 1, "primary_resource": "extra_gpu", "gpu": false, "verbose": false, "lr_config": {"mode": "log", "steps": 5, "initial_lr": 0.0001, "target_lr": 0.0001}, "batch_per_device": 128}, "time_since_restore": 87.86311960220337, "timesteps_since_restore": 0, "iterations_since_restore": 2, "mean_throughput": 1365.7581173033245, "atoms": 1, "setup_time": 9.507374286651611}
