{"apply": 0.017921090126037598, "batch_time": 0.04831116712546047, "d2h": 0.0006678342819213867, "data_time": 0.0020100911864844124, "fwd": 0.15813138484954833, "get_state_time_mean": NaN, "get_state_time_total": 0.0, "grad": 0.20033557415008546, "mean_accuracy": 0.09789999574422836, "mean_loss": 2.341940502548218, "neg_mean_accuracy": -0.09789999574422836, "set_state_time_mean": NaN, "set_state_time_total": 0.0, "setup_model_time_mean": 9.715648174285889, "setup_model_time_total": 9.715648174285889, "setup_proc_time_mean": 0.985102653503418, "setup_proc_time_total": 0.985102653503418, "train_accuracy": 0.1027199998497963, "train_loss": 4.272498478851318, "training_time_mean": NaN, "training_time_total": 0.0, "val_accuracy": 0.09789999574422836, "val_loss": 2.341940502548218, "validation_time_mean": NaN, "validation_time_total": 0.0, "samples": 60000, "num_workers": 1, "done": false, "timesteps_total": null, "episodes_total": null, "training_iteration": 1, "neg_mean_loss": -2.341940502548218, "experiment_id": "c3ec26fb32434705bf2f35f1779abbe7", "date": "2019-06-06_13-19-19", "timestamp": 1559852359, "time_this_iter_s": 48.347721099853516, "time_total_s": 48.347721099853516, "pid": 14581, "hostname": "steropes", "node_ip": "169.229.49.254", "config": {"starting_lr": 0.5, "momentum": 0.9, "weight_decay": 0.0001, "steps_per_iteration": null, "pin": false, "model_creator": null, "target_batch_size": 128, "model_string": "resnet50", "min_batch_size": 128, "dataset": "CIFAR", "placement": null, "use_nccl": true, "devices_per_worker": 1, "primary_resource": "extra_gpu", "gpu": false, "verbose": false, "lr_config": {"mode": "log", "steps": 5, "initial_lr": 0.5, "target_lr": 0.5}, "batch_per_device": 128}, "time_since_restore": 48.347721099853516, "timesteps_since_restore": 0, "iterations_since_restore": 1, "mean_throughput": 1241.0075941605564, "atoms": 1, "setup_time": 10.920959949493408}
{"apply": 0.017468643188476563, "batch_time": 0.03212712686273116, "d2h": 0.0006695270538330078, "data_time": 0.0017949705538542373, "fwd": 0.02819640636444092, "get_state_time_mean": NaN, "get_state_time_total": 0.0, "grad": 0.05008108615875244, "mean_accuracy": 0.10014999657869339, "mean_loss": 2.334455801963806, "neg_mean_accuracy": -0.10239999741315842, "set_state_time_mean": NaN, "set_state_time_total": 0.0, "setup_model_time_mean": NaN, "setup_model_time_total": 0.0, "setup_proc_time_mean": NaN, "setup_proc_time_total": 0.0, "train_accuracy": 0.10055999457836151, "train_loss": 2.333295376815796, "training_time_mean": NaN, "training_time_total": 0.0, "val_accuracy": 0.10239999741315842, "val_loss": 2.3269711013793946, "validation_time_mean": NaN, "validation_time_total": 0.0, "samples": 60000, "num_workers": 1, "done": false, "timesteps_total": null, "episodes_total": null, "training_iteration": 2, "neg_mean_loss": -2.334455801963806, "experiment_id": "c3ec26fb32434705bf2f35f1779abbe7", "date": "2019-06-06_13-20-00", "timestamp": 1559852400, "time_this_iter_s": 41.3383367061615, "time_total_s": 89.68605780601501, "pid": 14581, "hostname": "steropes", "node_ip": "169.229.49.254", "config": {"starting_lr": 0.5, "momentum": 0.9, "weight_decay": 0.0001, "steps_per_iteration": null, "pin": false, "model_creator": null, "target_batch_size": 128, "model_string": "resnet50", "min_batch_size": 128, "dataset": "CIFAR", "placement": null, "use_nccl": true, "devices_per_worker": 1, "primary_resource": "extra_gpu", "gpu": false, "verbose": false, "lr_config": {"mode": "log", "steps": 5, "initial_lr": 0.5, "target_lr": 0.5}, "batch_per_device": 128}, "time_since_restore": 89.68605780601501, "timesteps_since_restore": 0, "iterations_since_restore": 2, "mean_throughput": 1337.9980662320907, "atoms": 1, "setup_time": 10.920959949493408}
{"apply": 0.017858076095581054, "batch_time": 0.032281634173815764, "d2h": 0.0007526159286499023, "data_time": 0.0017972333961740479, "fwd": 0.028948974609375, "get_state_time_mean": NaN, "get_state_time_total": 0.0, "grad": 0.049104046821594236, "mean_accuracy": 0.12003332873185475, "mean_loss": 2.298137416712443, "neg_mean_accuracy": -0.1597999930381775, "set_state_time_mean": NaN, "set_state_time_total": 0.0, "setup_model_time_mean": NaN, "setup_model_time_total": 0.0, "setup_proc_time_mean": NaN, "setup_proc_time_total": 0.0, "train_accuracy": 0.1127999946475029, "train_loss": 2.311567102813721, "training_time_mean": NaN, "training_time_total": 0.0, "val_accuracy": 0.1597999930381775, "val_loss": 2.2255006462097167, "validation_time_mean": NaN, "validation_time_total": 0.0, "samples": 60000, "num_workers": 1, "done": true, "timesteps_total": null, "episodes_total": null, "training_iteration": 3, "neg_mean_loss": -2.298137416712443, "experiment_id": "c3ec26fb32434705bf2f35f1779abbe7", "date": "2019-06-06_13-20-42", "timestamp": 1559852442, "time_this_iter_s": 41.50284433364868, "time_total_s": 131.1889021396637, "pid": 14581, "hostname": "steropes", "node_ip": "169.229.49.254", "config": {"starting_lr": 0.5, "momentum": 0.9, "weight_decay": 0.0001, "steps_per_iteration": null, "pin": false, "model_creator": null, "target_batch_size": 128, "model_string": "resnet50", "min_batch_size": 128, "dataset": "CIFAR", "placement": null, "use_nccl": true, "devices_per_worker": 1, "primary_resource": "extra_gpu", "gpu": false, "verbose": false, "lr_config": {"mode": "log", "steps": 5, "initial_lr": 0.5, "target_lr": 0.5}, "batch_per_device": 128}, "time_since_restore": 131.1889021396637, "timesteps_since_restore": 0, "iterations_since_restore": 3, "mean_throughput": 1372.0639277220062, "atoms": 1, "setup_time": 10.920959949493408}
