{"apply": 0.017368435859680176, "batch_time": 0.049806410753274265, "d2h": 0.0008660078048706055, "data_time": 0.0018264149765834174, "fwd": 0.11597950458526611, "get_state_time_mean": NaN, "get_state_time_total": 0.0, "grad": 0.2115215539932251, "mean_accuracy": 0.09489999711513519, "mean_loss": 435749482.1376, "neg_mean_accuracy": -0.09489999711513519, "set_state_time_mean": NaN, "set_state_time_total": 0.0, "setup_model_time_mean": 18.659209966659546, "setup_model_time_total": 18.659209966659546, "setup_proc_time_mean": 1.8481194972991943, "setup_proc_time_total": 1.8481194972991943, "train_accuracy": 0.10291999578475952, "train_loss": 6439.894606428223, "training_time_mean": NaN, "training_time_total": 0.0, "val_accuracy": 0.09489999711513519, "val_loss": 435749482.1376, "validation_time_mean": NaN, "validation_time_total": 0.0, "samples": 60000, "num_workers": 1, "done": false, "timesteps_total": null, "episodes_total": null, "training_iteration": 1, "neg_mean_loss": -435749482.1376, "experiment_id": "eb644e0d585e44419b3ca93ed8d6e23d", "date": "2019-06-06_13-16-45", "timestamp": 1559852205, "time_this_iter_s": 47.2456271648407, "time_total_s": 47.2456271648407, "pid": 11371, "hostname": "steropes", "node_ip": "169.229.49.254", "config": {"starting_lr": 0.5, "momentum": 0.997, "weight_decay": 0.0005, "steps_per_iteration": null, "pin": false, "model_creator": null, "target_batch_size": 128, "model_string": "resnet50", "min_batch_size": 128, "dataset": "CIFAR", "placement": null, "use_nccl": true, "devices_per_worker": 1, "primary_resource": "extra_gpu", "gpu": false, "verbose": false, "lr_config": {"mode": "log", "steps": 5, "initial_lr": 0.5, "target_lr": 0.5}, "batch_per_device": 128}, "time_since_restore": 47.2456271648407, "timesteps_since_restore": 0, "iterations_since_restore": 1, "mean_throughput": 1269.9561985178368, "atoms": 1, "setup_time": 22.1400465965271}
{"apply": 0.01716761589050293, "batch_time": 0.03163426133650768, "d2h": 0.0006727933883666992, "data_time": 0.0018030798343746253, "fwd": 0.02810831069946289, "get_state_time_mean": NaN, "get_state_time_total": 0.0, "grad": 0.04783499240875244, "mean_accuracy": 0.09744999557733536, "mean_loss": 3946721940493350.5, "neg_mean_accuracy": -0.09999999403953552, "set_state_time_mean": NaN, "set_state_time_total": 0.0, "setup_model_time_mean": NaN, "setup_model_time_total": 0.0, "setup_proc_time_mean": NaN, "setup_proc_time_total": 0.0, "train_accuracy": 0.1024399995803833, "train_loss": 5982244606.603395, "training_time_mean": NaN, "training_time_total": 0.0, "val_accuracy": 0.09999999403953552, "val_loss": 7893443445237219.0, "validation_time_mean": NaN, "validation_time_total": 0.0, "samples": 60000, "num_workers": 1, "done": false, "timesteps_total": null, "episodes_total": null, "training_iteration": 2, "neg_mean_loss": -3946721940493350.5, "experiment_id": "eb644e0d585e44419b3ca93ed8d6e23d", "date": "2019-06-06_13-17-25", "timestamp": 1559852245, "time_this_iter_s": 40.413498878479004, "time_total_s": 87.6591260433197, "pid": 11371, "hostname": "steropes", "node_ip": "169.229.49.254", "config": {"starting_lr": 0.5, "momentum": 0.997, "weight_decay": 0.0005, "steps_per_iteration": null, "pin": false, "model_creator": null, "target_batch_size": 128, "model_string": "resnet50", "min_batch_size": 128, "dataset": "CIFAR", "placement": null, "use_nccl": true, "devices_per_worker": 1, "primary_resource": "extra_gpu", "gpu": false, "verbose": false, "lr_config": {"mode": "log", "steps": 5, "initial_lr": 0.5, "target_lr": 0.5}, "batch_per_device": 128}, "time_since_restore": 87.6591260433197, "timesteps_since_restore": 0, "iterations_since_restore": 2, "mean_throughput": 1368.934637037193, "atoms": 1, "setup_time": 22.1400465965271}
{"apply": 0.017430377006530762, "batch_time": 0.031659639334376856, "d2h": 0.000689387321472168, "data_time": 0.0018237570057744565, "fwd": 0.028081774711608887, "get_state_time_mean": NaN, "get_state_time_total": 0.0, "grad": 0.04727931022644043, "mean_accuracy": 0.09829999506473541, "mean_loss": 1.423437746943413e+20, "neg_mean_accuracy": -0.09999999403953552, "set_state_time_mean": NaN, "set_state_time_total": 0.0, "setup_model_time_mean": NaN, "setup_model_time_total": 0.0, "setup_proc_time_mean": NaN, "setup_proc_time_total": 0.0, "train_accuracy": 0.09895999729633331, "train_loss": 161504575728880.53, "training_time_mean": NaN, "training_time_total": 0.0, "val_accuracy": 0.09999999403953552, "val_loss": 4.270234306391429e+20, "validation_time_mean": NaN, "validation_time_total": 0.0, "samples": 60000, "num_workers": 1, "done": true, "timesteps_total": null, "episodes_total": null, "training_iteration": 3, "neg_mean_loss": -1.423437746943413e+20, "experiment_id": "eb644e0d585e44419b3ca93ed8d6e23d", "date": "2019-06-06_13-18-05", "timestamp": 1559852285, "time_this_iter_s": 40.24556493759155, "time_total_s": 127.90469098091125, "pid": 11371, "hostname": "steropes", "node_ip": "169.229.49.254", "config": {"starting_lr": 0.5, "momentum": 0.997, "weight_decay": 0.0005, "steps_per_iteration": null, "pin": false, "model_creator": null, "target_batch_size": 128, "model_string": "resnet50", "min_batch_size": 128, "dataset": "CIFAR", "placement": null, "use_nccl": true, "devices_per_worker": 1, "primary_resource": "extra_gpu", "gpu": false, "verbose": false, "lr_config": {"mode": "log", "steps": 5, "initial_lr": 0.5, "target_lr": 0.5}, "batch_per_device": 128}, "time_since_restore": 127.90469098091125, "timesteps_since_restore": 0, "iterations_since_restore": 3, "mean_throughput": 1407.2938838326193, "atoms": 1, "setup_time": 22.1400465965271}
