apply,batch_time,d2h,data_time,fwd,get_state_time_mean,get_state_time_total,grad,mean_accuracy,mean_loss,neg_mean_accuracy,set_state_time_mean,set_state_time_total,setup_model_time_mean,setup_model_time_total,setup_proc_time_mean,setup_proc_time_total,train_accuracy,train_loss,training_time_mean,training_time_total,validation_time_mean,validation_time_total,samples,num_workers,done,timesteps_total,episodes_total,training_iteration,neg_mean_loss,experiment_id,date,timestamp,time_this_iter_s,time_total_s,pid,hostname,node_ip,config,time_since_restore,timesteps_since_restore,iterations_since_restore,mean_throughput,atoms
0.009401345252990722,0.19315454959869385,0.006848573684692383,0.03278172259428063,0.07055003643035888,nan,0.0,0.16186227798461914,0.28119999170303345,2.0336698806762694,-0.28119999170303345,nan,0.0,9.389122247695923,9.389122247695923,0.42468905448913574,0.42468905448913574,0.16781999170780182,3.810279976196289,nan,0.0,nan,0.0,60000,1,False,,,1,-2.0336698806762694,b8bf0866c8484b8587d462156ee49f93,2019-05-30_14-51-08,1559253068,12.446785688400269,12.446785688400269,16847,steropes,169.229.49.254,"{'starting_lr': 0.001, 'momentum': 0.9, 'weight_decay': 0.0001, 'steps_per_iteration': None, 'pin': False, 'model_creator': None, 'target_batch_size': 1024, 'model_string': 'resnet18', 'min_batch_size': 512, 'dataset': 'CIFAR', 'placement': None, 'use_nccl': True, 'devices_per_worker': 1, 'primary_resource': 'extra_gpu', 'gpu': False, 'verbose': False, 'lr_config': {'mode': 'log', 'steps': 5, 'initial_lr': 0.001, 'target_lr': 0.001}, 'batch_per_device': 1024}",12.446785688400269,0,1,4820.489249176445,1
0.008652186393737793,0.1569756507873535,0.005662059783935547,0.03110972715883839,0.02345438003540039,nan,0.0,0.05001344680786133,0.3507999777793884,1.7707893297195434,-0.3507999777793884,nan,0.0,nan,0.0,nan,0.0,0.30465999245643616,1.9143041434860228,nan,0.0,nan,0.0,60000,1,False,,,2,-1.7707893297195434,b8bf0866c8484b8587d462156ee49f93,2019-05-30_14-51-17,1559253077,8.395350694656372,20.84213638305664,16847,steropes,169.229.49.254,"{'starting_lr': 0.001, 'momentum': 0.9, 'weight_decay': 0.0001, 'steps_per_iteration': None, 'pin': False, 'model_creator': None, 'target_batch_size': 1024, 'model_string': 'resnet18', 'min_batch_size': 512, 'dataset': 'CIFAR', 'placement': None, 'use_nccl': True, 'devices_per_worker': 1, 'primary_resource': 'extra_gpu', 'gpu': False, 'verbose': False, 'lr_config': {'mode': 'log', 'steps': 5, 'initial_lr': 0.001, 'target_lr': 0.001}, 'batch_per_device': 1024}",20.84213638305664,0,2,5757.522704092549,1
0.007724642753601074,0.15294227600097657,0.004607844352722168,0.05520882898447465,0.023215675354003908,nan,0.0,0.04844686985015869,0.3847000002861023,1.6714964326858521,-0.3847000002861023,nan,0.0,nan,0.0,nan,0.0,0.35023999214172363,1.7686038383102416,nan,0.0,nan,0.0,60000,1,False,,,3,-1.6714964326858521,b8bf0866c8484b8587d462156ee49f93,2019-05-30_14-51-26,1559253086,9.264542818069458,30.1066792011261,16847,steropes,169.229.49.254,"{'starting_lr': 0.001, 'momentum': 0.9, 'weight_decay': 0.0001, 'steps_per_iteration': None, 'pin': False, 'model_creator': None, 'target_batch_size': 1024, 'model_string': 'resnet18', 'min_batch_size': 512, 'dataset': 'CIFAR', 'placement': None, 'use_nccl': True, 'devices_per_worker': 1, 'primary_resource': 'extra_gpu', 'gpu': False, 'verbose': False, 'lr_config': {'mode': 'log', 'steps': 5, 'initial_lr': 0.001, 'target_lr': 0.001}, 'batch_per_device': 1024}",30.1066792011261,0,3,5978.69004732153,1
0.011838436126708984,0.1377250909805298,0.007417488098144531,0.04722398641158124,0.032294607162475585,nan,0.0,0.06802706718444824,0.41200000047683716,1.5912044054031371,-0.41200000047683716,nan,0.0,nan,0.0,nan,0.0,0.38231998682022095,1.6765434368515015,nan,0.0,nan,0.0,60000,1,False,,,4,-1.5912044054031371,b8bf0866c8484b8587d462156ee49f93,2019-05-30_14-51-35,1559253095,8.974478483200073,39.08115768432617,16847,steropes,169.229.49.254,"{'starting_lr': 0.001, 'momentum': 0.9, 'weight_decay': 0.0001, 'steps_per_iteration': None, 'pin': False, 'model_creator': None, 'target_batch_size': 1024, 'model_string': 'resnet18', 'min_batch_size': 512, 'dataset': 'CIFAR', 'placement': None, 'use_nccl': True, 'devices_per_worker': 1, 'primary_resource': 'extra_gpu', 'gpu': False, 'verbose': False, 'lr_config': {'mode': 'log', 'steps': 5, 'initial_lr': 0.001, 'target_lr': 0.001}, 'batch_per_device': 1024}",39.08115768432617,0,4,6141.014389031016,1
0.012714052200317382,0.15983426570892334,0.005485057830810547,0.03350659779139927,0.03850829601287842,nan,0.0,0.060219645500183105,0.432699978351593,1.5459170276641845,-0.432699978351593,nan,0.0,nan,0.0,nan,0.0,0.403439998626709,1.6135906881332398,nan,0.0,nan,0.0,60000,1,False,,,5,-1.5459170276641845,b8bf0866c8484b8587d462156ee49f93,2019-05-30_14-51-44,1559253104,8.774301052093506,47.85545873641968,16847,steropes,169.229.49.254,"{'starting_lr': 0.001, 'momentum': 0.9, 'weight_decay': 0.0001, 'steps_per_iteration': None, 'pin': False, 'model_creator': None, 'target_batch_size': 1024, 'model_string': 'resnet18', 'min_batch_size': 512, 'dataset': 'CIFAR', 'placement': None, 'use_nccl': True, 'devices_per_worker': 1, 'primary_resource': 'extra_gpu', 'gpu': False, 'verbose': False, 'lr_config': {'mode': 'log', 'steps': 5, 'initial_lr': 0.001, 'target_lr': 0.001}, 'batch_per_device': 1024}",47.85545873641968,0,5,6268.821760806324,1
0.009605169296264648,0.17725763320922852,0.009858512878417968,0.032340570371978135,0.03557250499725342,nan,0.0,0.0586209774017334,0.45339998602867126,1.4846384050369263,-0.45339998602867126,nan,0.0,nan,0.0,nan,0.0,0.4244399964809418,1.5635967282104493,nan,0.0,nan,0.0,60000,1,False,,,6,-1.4846384050369263,b8bf0866c8484b8587d462156ee49f93,2019-05-30_14-51-52,1559253112,8.725512981414795,56.58097171783447,16847,steropes,169.229.49.254,"{'starting_lr': 0.001, 'momentum': 0.9, 'weight_decay': 0.0001, 'steps_per_iteration': None, 'pin': False, 'model_creator': None, 'target_batch_size': 1024, 'model_string': 'resnet18', 'min_batch_size': 512, 'dataset': 'CIFAR', 'placement': None, 'use_nccl': True, 'devices_per_worker': 1, 'primary_resource': 'extra_gpu', 'gpu': False, 'verbose': False, 'lr_config': {'mode': 'log', 'steps': 5, 'initial_lr': 0.001, 'target_lr': 0.001}, 'batch_per_device': 1024}",56.58097171783447,0,6,6797.384476946034,1
0.007453060150146485,0.1472710609436035,0.008225584030151367,0.03739465499410824,0.0258695125579834,nan,0.0,0.05840442180633545,0.46469998359680176,1.4613577112197875,-0.46469998359680176,nan,0.0,nan,0.0,nan,0.0,0.4394199848175049,1.5229710540771484,nan,0.0,nan,0.0,60000,1,False,,,7,-1.4613577112197875,b8bf0866c8484b8587d462156ee49f93,2019-05-30_14-52-01,1559253121,8.617623805999756,65.19859552383423,16847,steropes,169.229.49.254,"{'starting_lr': 0.001, 'momentum': 0.9, 'weight_decay': 0.0001, 'steps_per_iteration': None, 'pin': False, 'model_creator': None, 'target_batch_size': 1024, 'model_string': 'resnet18', 'min_batch_size': 512, 'dataset': 'CIFAR', 'placement': None, 'use_nccl': True, 'devices_per_worker': 1, 'primary_resource': 'extra_gpu', 'gpu': False, 'verbose': False, 'lr_config': {'mode': 'log', 'steps': 5, 'initial_lr': 0.001, 'target_lr': 0.001}, 'batch_per_device': 1024}",65.19859552383423,0,7,6763.29762810735,1
0.007757854461669922,0.14847128391265868,0.005575418472290039,0.03064928249436982,0.03631887435913086,nan,0.0,0.07019557952880859,0.4712999761104584,1.4264454597473144,-0.4712999761104584,nan,0.0,nan,0.0,nan,0.0,0.4524799883365631,1.4900430062484742,nan,0.0,nan,0.0,60000,1,False,,,8,-1.4264454597473144,b8bf0866c8484b8587d462156ee49f93,2019-05-30_14-52-10,1559253130,8.86985158920288,74.06844711303711,16847,steropes,169.229.49.254,"{'starting_lr': 0.001, 'momentum': 0.9, 'weight_decay': 0.0001, 'steps_per_iteration': None, 'pin': False, 'model_creator': None, 'target_batch_size': 1024, 'model_string': 'resnet18', 'min_batch_size': 512, 'dataset': 'CIFAR', 'placement': None, 'use_nccl': True, 'devices_per_worker': 1, 'primary_resource': 'extra_gpu', 'gpu': False, 'verbose': False, 'lr_config': {'mode': 'log', 'steps': 5, 'initial_lr': 0.001, 'target_lr': 0.001}, 'batch_per_device': 1024}",74.06844711303711,0,8,6824.018250078562,1
0.010535001754760742,0.1437823534011841,0.004844474792480469,0.03771253507964465,0.03740260601043701,nan,0.0,0.06032383441925049,0.4878000020980835,1.4007624267578125,-0.4878000020980835,nan,0.0,nan,0.0,nan,0.0,0.46515998244285583,1.4572583792877196,nan,0.0,nan,0.0,60000,1,False,,,9,-1.4007624267578125,b8bf0866c8484b8587d462156ee49f93,2019-05-30_14-52-19,1559253139,8.610699653625488,82.6791467666626,16847,steropes,169.229.49.254,"{'starting_lr': 0.001, 'momentum': 0.9, 'weight_decay': 0.0001, 'steps_per_iteration': None, 'pin': False, 'model_creator': None, 'target_batch_size': 1024, 'model_string': 'resnet18', 'min_batch_size': 512, 'dataset': 'CIFAR', 'placement': None, 'use_nccl': True, 'devices_per_worker': 1, 'primary_resource': 'extra_gpu', 'gpu': False, 'verbose': False, 'lr_config': {'mode': 'log', 'steps': 5, 'initial_lr': 0.001, 'target_lr': 0.001}, 'batch_per_device': 1024}",82.6791467666626,0,9,6880.957541127229,1
0.008220815658569336,0.12223477363586426,0.00457296371459961,0.037914869736651986,0.0253645658493042,nan,0.0,0.05093026161193848,0.49879997968673706,1.373755403327942,-0.49879997968673706,nan,0.0,nan,0.0,nan,0.0,0.4762599766254425,1.429092421684265,nan,0.0,nan,0.0,60000,1,False,,,10,-1.373755403327942,b8bf0866c8484b8587d462156ee49f93,2019-05-30_14-52-26,1559253146,7.756493806838989,90.43564057350159,16847,steropes,169.229.49.254,"{'starting_lr': 0.001, 'momentum': 0.9, 'weight_decay': 0.0001, 'steps_per_iteration': None, 'pin': False, 'model_creator': None, 'target_batch_size': 1024, 'model_string': 'resnet18', 'min_batch_size': 512, 'dataset': 'CIFAR', 'placement': None, 'use_nccl': True, 'devices_per_worker': 1, 'primary_resource': 'extra_gpu', 'gpu': False, 'verbose': False, 'lr_config': {'mode': 'log', 'steps': 5, 'initial_lr': 0.001, 'target_lr': 0.001}, 'batch_per_device': 1024}",90.43564057350159,0,10,7045.434597002242,1
0.009085559844970703,0.12786598205566407,0.0041735172271728516,0.04416251182556152,0.02246215343475342,nan,0.0,0.04693865776062012,0.4968999922275543,1.3567630590438842,-0.4968999922275543,nan,0.0,nan,0.0,nan,0.0,0.48771998286247253,1.4081732983016968,nan,0.0,nan,0.0,60000,1,False,,,11,-1.3567630590438842,b8bf0866c8484b8587d462156ee49f93,2019-05-30_14-52-34,1559253154,7.649797201156616,98.0854377746582,16847,steropes,169.229.49.254,"{'starting_lr': 0.001, 'momentum': 0.9, 'weight_decay': 0.0001, 'steps_per_iteration': None, 'pin': False, 'model_creator': None, 'target_batch_size': 1024, 'model_string': 'resnet18', 'min_batch_size': 512, 'dataset': 'CIFAR', 'placement': None, 'use_nccl': True, 'devices_per_worker': 1, 'primary_resource': 'extra_gpu', 'gpu': False, 'verbose': False, 'lr_config': {'mode': 'log', 'steps': 5, 'initial_lr': 0.001, 'target_lr': 0.001}, 'batch_per_device': 1024}",98.0854377746582,0,11,7228.0394378330175,1
0.007335305213928223,0.12457113265991211,0.004340720176696777,0.051965134484427314,0.02128603458404541,nan,0.0,0.045574378967285153,0.5173999667167664,1.3251303974151611,-0.5173999667167664,nan,0.0,nan,0.0,nan,0.0,0.4948199987411499,1.3844131641769408,nan,0.0,nan,0.0,60000,1,True,,,12,-1.3251303974151611,b8bf0866c8484b8587d462156ee49f93,2019-05-30_14-52-42,1559253162,7.913811445236206,105.99924921989441,16847,steropes,169.229.49.254,"{'starting_lr': 0.001, 'momentum': 0.9, 'weight_decay': 0.0001, 'steps_per_iteration': None, 'pin': False, 'model_creator': None, 'target_batch_size': 1024, 'model_string': 'resnet18', 'min_batch_size': 512, 'dataset': 'CIFAR', 'placement': None, 'use_nccl': True, 'devices_per_worker': 1, 'primary_resource': 'extra_gpu', 'gpu': False, 'verbose': False, 'lr_config': {'mode': 'log', 'steps': 5, 'initial_lr': 0.001, 'target_lr': 0.001}, 'batch_per_device': 1024}",105.99924921989441,0,12,7352.75135913927,1
