{"apply": 0.009401345252990722, "batch_time": 0.19315454959869385, "d2h": 0.006848573684692383, "data_time": 0.03278172259428063, "fwd": 0.07055003643035888, "get_state_time_mean": NaN, "get_state_time_total": 0.0, "grad": 0.16186227798461914, "mean_accuracy": 0.28119999170303345, "mean_loss": 2.0336698806762694, "neg_mean_accuracy": -0.28119999170303345, "set_state_time_mean": NaN, "set_state_time_total": 0.0, "setup_model_time_mean": 9.389122247695923, "setup_model_time_total": 9.389122247695923, "setup_proc_time_mean": 0.42468905448913574, "setup_proc_time_total": 0.42468905448913574, "train_accuracy": 0.16781999170780182, "train_loss": 3.810279976196289, "training_time_mean": NaN, "training_time_total": 0.0, "validation_time_mean": NaN, "validation_time_total": 0.0, "samples": 60000, "num_workers": 1, "done": false, "timesteps_total": null, "episodes_total": null, "training_iteration": 1, "neg_mean_loss": -2.0336698806762694, "experiment_id": "b8bf0866c8484b8587d462156ee49f93", "date": "2019-05-30_14-51-08", "timestamp": 1559253068, "time_this_iter_s": 12.446785688400269, "time_total_s": 12.446785688400269, "pid": 16847, "hostname": "steropes", "node_ip": "169.229.49.254", "config": {"starting_lr": 0.001, "momentum": 0.9, "weight_decay": 0.0001, "steps_per_iteration": null, "pin": false, "model_creator": null, "target_batch_size": 1024, "model_string": "resnet18", "min_batch_size": 512, "dataset": "CIFAR", "placement": null, "use_nccl": true, "devices_per_worker": 1, "primary_resource": "extra_gpu", "gpu": false, "verbose": false, "lr_config": {"mode": "log", "steps": 5, "initial_lr": 0.001, "target_lr": 0.001}, "batch_per_device": 1024}, "time_since_restore": 12.446785688400269, "timesteps_since_restore": 0, "iterations_since_restore": 1, "mean_throughput": 4820.489249176445, "atoms": 1}
{"apply": 0.008652186393737793, "batch_time": 0.1569756507873535, "d2h": 0.005662059783935547, "data_time": 0.03110972715883839, "fwd": 0.02345438003540039, "get_state_time_mean": NaN, "get_state_time_total": 0.0, "grad": 0.05001344680786133, "mean_accuracy": 0.3507999777793884, "mean_loss": 1.7707893297195434, "neg_mean_accuracy": -0.3507999777793884, "set_state_time_mean": NaN, "set_state_time_total": 0.0, "setup_model_time_mean": NaN, "setup_model_time_total": 0.0, "setup_proc_time_mean": NaN, "setup_proc_time_total": 0.0, "train_accuracy": 0.30465999245643616, "train_loss": 1.9143041434860228, "training_time_mean": NaN, "training_time_total": 0.0, "validation_time_mean": NaN, "validation_time_total": 0.0, "samples": 60000, "num_workers": 1, "done": false, "timesteps_total": null, "episodes_total": null, "training_iteration": 2, "neg_mean_loss": -1.7707893297195434, "experiment_id": "b8bf0866c8484b8587d462156ee49f93", "date": "2019-05-30_14-51-17", "timestamp": 1559253077, "time_this_iter_s": 8.395350694656372, "time_total_s": 20.84213638305664, "pid": 16847, "hostname": "steropes", "node_ip": "169.229.49.254", "config": {"starting_lr": 0.001, "momentum": 0.9, "weight_decay": 0.0001, "steps_per_iteration": null, "pin": false, "model_creator": null, "target_batch_size": 1024, "model_string": "resnet18", "min_batch_size": 512, "dataset": "CIFAR", "placement": null, "use_nccl": true, "devices_per_worker": 1, "primary_resource": "extra_gpu", "gpu": false, "verbose": false, "lr_config": {"mode": "log", "steps": 5, "initial_lr": 0.001, "target_lr": 0.001}, "batch_per_device": 1024}, "time_since_restore": 20.84213638305664, "timesteps_since_restore": 0, "iterations_since_restore": 2, "mean_throughput": 5757.522704092549, "atoms": 1}
{"apply": 0.007724642753601074, "batch_time": 0.15294227600097657, "d2h": 0.004607844352722168, "data_time": 0.05520882898447465, "fwd": 0.023215675354003908, "get_state_time_mean": NaN, "get_state_time_total": 0.0, "grad": 0.04844686985015869, "mean_accuracy": 0.3847000002861023, "mean_loss": 1.6714964326858521, "neg_mean_accuracy": -0.3847000002861023, "set_state_time_mean": NaN, "set_state_time_total": 0.0, "setup_model_time_mean": NaN, "setup_model_time_total": 0.0, "setup_proc_time_mean": NaN, "setup_proc_time_total": 0.0, "train_accuracy": 0.35023999214172363, "train_loss": 1.7686038383102416, "training_time_mean": NaN, "training_time_total": 0.0, "validation_time_mean": NaN, "validation_time_total": 0.0, "samples": 60000, "num_workers": 1, "done": false, "timesteps_total": null, "episodes_total": null, "training_iteration": 3, "neg_mean_loss": -1.6714964326858521, "experiment_id": "b8bf0866c8484b8587d462156ee49f93", "date": "2019-05-30_14-51-26", "timestamp": 1559253086, "time_this_iter_s": 9.264542818069458, "time_total_s": 30.1066792011261, "pid": 16847, "hostname": "steropes", "node_ip": "169.229.49.254", "config": {"starting_lr": 0.001, "momentum": 0.9, "weight_decay": 0.0001, "steps_per_iteration": null, "pin": false, "model_creator": null, "target_batch_size": 1024, "model_string": "resnet18", "min_batch_size": 512, "dataset": "CIFAR", "placement": null, "use_nccl": true, "devices_per_worker": 1, "primary_resource": "extra_gpu", "gpu": false, "verbose": false, "lr_config": {"mode": "log", "steps": 5, "initial_lr": 0.001, "target_lr": 0.001}, "batch_per_device": 1024}, "time_since_restore": 30.1066792011261, "timesteps_since_restore": 0, "iterations_since_restore": 3, "mean_throughput": 5978.69004732153, "atoms": 1}
{"apply": 0.011838436126708984, "batch_time": 0.1377250909805298, "d2h": 0.007417488098144531, "data_time": 0.04722398641158124, "fwd": 0.032294607162475585, "get_state_time_mean": NaN, "get_state_time_total": 0.0, "grad": 0.06802706718444824, "mean_accuracy": 0.41200000047683716, "mean_loss": 1.5912044054031371, "neg_mean_accuracy": -0.41200000047683716, "set_state_time_mean": NaN, "set_state_time_total": 0.0, "setup_model_time_mean": NaN, "setup_model_time_total": 0.0, "setup_proc_time_mean": NaN, "setup_proc_time_total": 0.0, "train_accuracy": 0.38231998682022095, "train_loss": 1.6765434368515015, "training_time_mean": NaN, "training_time_total": 0.0, "validation_time_mean": NaN, "validation_time_total": 0.0, "samples": 60000, "num_workers": 1, "done": false, "timesteps_total": null, "episodes_total": null, "training_iteration": 4, "neg_mean_loss": -1.5912044054031371, "experiment_id": "b8bf0866c8484b8587d462156ee49f93", "date": "2019-05-30_14-51-35", "timestamp": 1559253095, "time_this_iter_s": 8.974478483200073, "time_total_s": 39.08115768432617, "pid": 16847, "hostname": "steropes", "node_ip": "169.229.49.254", "config": {"starting_lr": 0.001, "momentum": 0.9, "weight_decay": 0.0001, "steps_per_iteration": null, "pin": false, "model_creator": null, "target_batch_size": 1024, "model_string": "resnet18", "min_batch_size": 512, "dataset": "CIFAR", "placement": null, "use_nccl": true, "devices_per_worker": 1, "primary_resource": "extra_gpu", "gpu": false, "verbose": false, "lr_config": {"mode": "log", "steps": 5, "initial_lr": 0.001, "target_lr": 0.001}, "batch_per_device": 1024}, "time_since_restore": 39.08115768432617, "timesteps_since_restore": 0, "iterations_since_restore": 4, "mean_throughput": 6141.014389031016, "atoms": 1}
{"apply": 0.012714052200317382, "batch_time": 0.15983426570892334, "d2h": 0.005485057830810547, "data_time": 0.03350659779139927, "fwd": 0.03850829601287842, "get_state_time_mean": NaN, "get_state_time_total": 0.0, "grad": 0.060219645500183105, "mean_accuracy": 0.432699978351593, "mean_loss": 1.5459170276641845, "neg_mean_accuracy": -0.432699978351593, "set_state_time_mean": NaN, "set_state_time_total": 0.0, "setup_model_time_mean": NaN, "setup_model_time_total": 0.0, "setup_proc_time_mean": NaN, "setup_proc_time_total": 0.0, "train_accuracy": 0.403439998626709, "train_loss": 1.6135906881332398, "training_time_mean": NaN, "training_time_total": 0.0, "validation_time_mean": NaN, "validation_time_total": 0.0, "samples": 60000, "num_workers": 1, "done": false, "timesteps_total": null, "episodes_total": null, "training_iteration": 5, "neg_mean_loss": -1.5459170276641845, "experiment_id": "b8bf0866c8484b8587d462156ee49f93", "date": "2019-05-30_14-51-44", "timestamp": 1559253104, "time_this_iter_s": 8.774301052093506, "time_total_s": 47.85545873641968, "pid": 16847, "hostname": "steropes", "node_ip": "169.229.49.254", "config": {"starting_lr": 0.001, "momentum": 0.9, "weight_decay": 0.0001, "steps_per_iteration": null, "pin": false, "model_creator": null, "target_batch_size": 1024, "model_string": "resnet18", "min_batch_size": 512, "dataset": "CIFAR", "placement": null, "use_nccl": true, "devices_per_worker": 1, "primary_resource": "extra_gpu", "gpu": false, "verbose": false, "lr_config": {"mode": "log", "steps": 5, "initial_lr": 0.001, "target_lr": 0.001}, "batch_per_device": 1024}, "time_since_restore": 47.85545873641968, "timesteps_since_restore": 0, "iterations_since_restore": 5, "mean_throughput": 6268.821760806324, "atoms": 1}
{"apply": 0.009605169296264648, "batch_time": 0.17725763320922852, "d2h": 0.009858512878417968, "data_time": 0.032340570371978135, "fwd": 0.03557250499725342, "get_state_time_mean": NaN, "get_state_time_total": 0.0, "grad": 0.0586209774017334, "mean_accuracy": 0.45339998602867126, "mean_loss": 1.4846384050369263, "neg_mean_accuracy": -0.45339998602867126, "set_state_time_mean": NaN, "set_state_time_total": 0.0, "setup_model_time_mean": NaN, "setup_model_time_total": 0.0, "setup_proc_time_mean": NaN, "setup_proc_time_total": 0.0, "train_accuracy": 0.4244399964809418, "train_loss": 1.5635967282104493, "training_time_mean": NaN, "training_time_total": 0.0, "validation_time_mean": NaN, "validation_time_total": 0.0, "samples": 60000, "num_workers": 1, "done": false, "timesteps_total": null, "episodes_total": null, "training_iteration": 6, "neg_mean_loss": -1.4846384050369263, "experiment_id": "b8bf0866c8484b8587d462156ee49f93", "date": "2019-05-30_14-51-52", "timestamp": 1559253112, "time_this_iter_s": 8.725512981414795, "time_total_s": 56.58097171783447, "pid": 16847, "hostname": "steropes", "node_ip": "169.229.49.254", "config": {"starting_lr": 0.001, "momentum": 0.9, "weight_decay": 0.0001, "steps_per_iteration": null, "pin": false, "model_creator": null, "target_batch_size": 1024, "model_string": "resnet18", "min_batch_size": 512, "dataset": "CIFAR", "placement": null, "use_nccl": true, "devices_per_worker": 1, "primary_resource": "extra_gpu", "gpu": false, "verbose": false, "lr_config": {"mode": "log", "steps": 5, "initial_lr": 0.001, "target_lr": 0.001}, "batch_per_device": 1024}, "time_since_restore": 56.58097171783447, "timesteps_since_restore": 0, "iterations_since_restore": 6, "mean_throughput": 6797.384476946034, "atoms": 1}
{"apply": 0.007453060150146485, "batch_time": 0.1472710609436035, "d2h": 0.008225584030151367, "data_time": 0.03739465499410824, "fwd": 0.0258695125579834, "get_state_time_mean": NaN, "get_state_time_total": 0.0, "grad": 0.05840442180633545, "mean_accuracy": 0.46469998359680176, "mean_loss": 1.4613577112197875, "neg_mean_accuracy": -0.46469998359680176, "set_state_time_mean": NaN, "set_state_time_total": 0.0, "setup_model_time_mean": NaN, "setup_model_time_total": 0.0, "setup_proc_time_mean": NaN, "setup_proc_time_total": 0.0, "train_accuracy": 0.4394199848175049, "train_loss": 1.5229710540771484, "training_time_mean": NaN, "training_time_total": 0.0, "validation_time_mean": NaN, "validation_time_total": 0.0, "samples": 60000, "num_workers": 1, "done": false, "timesteps_total": null, "episodes_total": null, "training_iteration": 7, "neg_mean_loss": -1.4613577112197875, "experiment_id": "b8bf0866c8484b8587d462156ee49f93", "date": "2019-05-30_14-52-01", "timestamp": 1559253121, "time_this_iter_s": 8.617623805999756, "time_total_s": 65.19859552383423, "pid": 16847, "hostname": "steropes", "node_ip": "169.229.49.254", "config": {"starting_lr": 0.001, "momentum": 0.9, "weight_decay": 0.0001, "steps_per_iteration": null, "pin": false, "model_creator": null, "target_batch_size": 1024, "model_string": "resnet18", "min_batch_size": 512, "dataset": "CIFAR", "placement": null, "use_nccl": true, "devices_per_worker": 1, "primary_resource": "extra_gpu", "gpu": false, "verbose": false, "lr_config": {"mode": "log", "steps": 5, "initial_lr": 0.001, "target_lr": 0.001}, "batch_per_device": 1024}, "time_since_restore": 65.19859552383423, "timesteps_since_restore": 0, "iterations_since_restore": 7, "mean_throughput": 6763.29762810735, "atoms": 1}
{"apply": 0.007757854461669922, "batch_time": 0.14847128391265868, "d2h": 0.005575418472290039, "data_time": 0.03064928249436982, "fwd": 0.03631887435913086, "get_state_time_mean": NaN, "get_state_time_total": 0.0, "grad": 0.07019557952880859, "mean_accuracy": 0.4712999761104584, "mean_loss": 1.4264454597473144, "neg_mean_accuracy": -0.4712999761104584, "set_state_time_mean": NaN, "set_state_time_total": 0.0, "setup_model_time_mean": NaN, "setup_model_time_total": 0.0, "setup_proc_time_mean": NaN, "setup_proc_time_total": 0.0, "train_accuracy": 0.4524799883365631, "train_loss": 1.4900430062484742, "training_time_mean": NaN, "training_time_total": 0.0, "validation_time_mean": NaN, "validation_time_total": 0.0, "samples": 60000, "num_workers": 1, "done": false, "timesteps_total": null, "episodes_total": null, "training_iteration": 8, "neg_mean_loss": -1.4264454597473144, "experiment_id": "b8bf0866c8484b8587d462156ee49f93", "date": "2019-05-30_14-52-10", "timestamp": 1559253130, "time_this_iter_s": 8.86985158920288, "time_total_s": 74.06844711303711, "pid": 16847, "hostname": "steropes", "node_ip": "169.229.49.254", "config": {"starting_lr": 0.001, "momentum": 0.9, "weight_decay": 0.0001, "steps_per_iteration": null, "pin": false, "model_creator": null, "target_batch_size": 1024, "model_string": "resnet18", "min_batch_size": 512, "dataset": "CIFAR", "placement": null, "use_nccl": true, "devices_per_worker": 1, "primary_resource": "extra_gpu", "gpu": false, "verbose": false, "lr_config": {"mode": "log", "steps": 5, "initial_lr": 0.001, "target_lr": 0.001}, "batch_per_device": 1024}, "time_since_restore": 74.06844711303711, "timesteps_since_restore": 0, "iterations_since_restore": 8, "mean_throughput": 6824.018250078562, "atoms": 1}
{"apply": 0.010535001754760742, "batch_time": 0.1437823534011841, "d2h": 0.004844474792480469, "data_time": 0.03771253507964465, "fwd": 0.03740260601043701, "get_state_time_mean": NaN, "get_state_time_total": 0.0, "grad": 0.06032383441925049, "mean_accuracy": 0.4878000020980835, "mean_loss": 1.4007624267578125, "neg_mean_accuracy": -0.4878000020980835, "set_state_time_mean": NaN, "set_state_time_total": 0.0, "setup_model_time_mean": NaN, "setup_model_time_total": 0.0, "setup_proc_time_mean": NaN, "setup_proc_time_total": 0.0, "train_accuracy": 0.46515998244285583, "train_loss": 1.4572583792877196, "training_time_mean": NaN, "training_time_total": 0.0, "validation_time_mean": NaN, "validation_time_total": 0.0, "samples": 60000, "num_workers": 1, "done": false, "timesteps_total": null, "episodes_total": null, "training_iteration": 9, "neg_mean_loss": -1.4007624267578125, "experiment_id": "b8bf0866c8484b8587d462156ee49f93", "date": "2019-05-30_14-52-19", "timestamp": 1559253139, "time_this_iter_s": 8.610699653625488, "time_total_s": 82.6791467666626, "pid": 16847, "hostname": "steropes", "node_ip": "169.229.49.254", "config": {"starting_lr": 0.001, "momentum": 0.9, "weight_decay": 0.0001, "steps_per_iteration": null, "pin": false, "model_creator": null, "target_batch_size": 1024, "model_string": "resnet18", "min_batch_size": 512, "dataset": "CIFAR", "placement": null, "use_nccl": true, "devices_per_worker": 1, "primary_resource": "extra_gpu", "gpu": false, "verbose": false, "lr_config": {"mode": "log", "steps": 5, "initial_lr": 0.001, "target_lr": 0.001}, "batch_per_device": 1024}, "time_since_restore": 82.6791467666626, "timesteps_since_restore": 0, "iterations_since_restore": 9, "mean_throughput": 6880.957541127229, "atoms": 1}
{"apply": 0.008220815658569336, "batch_time": 0.12223477363586426, "d2h": 0.00457296371459961, "data_time": 0.037914869736651986, "fwd": 0.0253645658493042, "get_state_time_mean": NaN, "get_state_time_total": 0.0, "grad": 0.05093026161193848, "mean_accuracy": 0.49879997968673706, "mean_loss": 1.373755403327942, "neg_mean_accuracy": -0.49879997968673706, "set_state_time_mean": NaN, "set_state_time_total": 0.0, "setup_model_time_mean": NaN, "setup_model_time_total": 0.0, "setup_proc_time_mean": NaN, "setup_proc_time_total": 0.0, "train_accuracy": 0.4762599766254425, "train_loss": 1.429092421684265, "training_time_mean": NaN, "training_time_total": 0.0, "validation_time_mean": NaN, "validation_time_total": 0.0, "samples": 60000, "num_workers": 1, "done": false, "timesteps_total": null, "episodes_total": null, "training_iteration": 10, "neg_mean_loss": -1.373755403327942, "experiment_id": "b8bf0866c8484b8587d462156ee49f93", "date": "2019-05-30_14-52-26", "timestamp": 1559253146, "time_this_iter_s": 7.756493806838989, "time_total_s": 90.43564057350159, "pid": 16847, "hostname": "steropes", "node_ip": "169.229.49.254", "config": {"starting_lr": 0.001, "momentum": 0.9, "weight_decay": 0.0001, "steps_per_iteration": null, "pin": false, "model_creator": null, "target_batch_size": 1024, "model_string": "resnet18", "min_batch_size": 512, "dataset": "CIFAR", "placement": null, "use_nccl": true, "devices_per_worker": 1, "primary_resource": "extra_gpu", "gpu": false, "verbose": false, "lr_config": {"mode": "log", "steps": 5, "initial_lr": 0.001, "target_lr": 0.001}, "batch_per_device": 1024}, "time_since_restore": 90.43564057350159, "timesteps_since_restore": 0, "iterations_since_restore": 10, "mean_throughput": 7045.434597002242, "atoms": 1}
{"apply": 0.009085559844970703, "batch_time": 0.12786598205566407, "d2h": 0.0041735172271728516, "data_time": 0.04416251182556152, "fwd": 0.02246215343475342, "get_state_time_mean": NaN, "get_state_time_total": 0.0, "grad": 0.04693865776062012, "mean_accuracy": 0.4968999922275543, "mean_loss": 1.3567630590438842, "neg_mean_accuracy": -0.4968999922275543, "set_state_time_mean": NaN, "set_state_time_total": 0.0, "setup_model_time_mean": NaN, "setup_model_time_total": 0.0, "setup_proc_time_mean": NaN, "setup_proc_time_total": 0.0, "train_accuracy": 0.48771998286247253, "train_loss": 1.4081732983016968, "training_time_mean": NaN, "training_time_total": 0.0, "validation_time_mean": NaN, "validation_time_total": 0.0, "samples": 60000, "num_workers": 1, "done": false, "timesteps_total": null, "episodes_total": null, "training_iteration": 11, "neg_mean_loss": -1.3567630590438842, "experiment_id": "b8bf0866c8484b8587d462156ee49f93", "date": "2019-05-30_14-52-34", "timestamp": 1559253154, "time_this_iter_s": 7.649797201156616, "time_total_s": 98.0854377746582, "pid": 16847, "hostname": "steropes", "node_ip": "169.229.49.254", "config": {"starting_lr": 0.001, "momentum": 0.9, "weight_decay": 0.0001, "steps_per_iteration": null, "pin": false, "model_creator": null, "target_batch_size": 1024, "model_string": "resnet18", "min_batch_size": 512, "dataset": "CIFAR", "placement": null, "use_nccl": true, "devices_per_worker": 1, "primary_resource": "extra_gpu", "gpu": false, "verbose": false, "lr_config": {"mode": "log", "steps": 5, "initial_lr": 0.001, "target_lr": 0.001}, "batch_per_device": 1024}, "time_since_restore": 98.0854377746582, "timesteps_since_restore": 0, "iterations_since_restore": 11, "mean_throughput": 7228.0394378330175, "atoms": 1}
{"apply": 0.007335305213928223, "batch_time": 0.12457113265991211, "d2h": 0.004340720176696777, "data_time": 0.051965134484427314, "fwd": 0.02128603458404541, "get_state_time_mean": NaN, "get_state_time_total": 0.0, "grad": 0.045574378967285153, "mean_accuracy": 0.5173999667167664, "mean_loss": 1.3251303974151611, "neg_mean_accuracy": -0.5173999667167664, "set_state_time_mean": NaN, "set_state_time_total": 0.0, "setup_model_time_mean": NaN, "setup_model_time_total": 0.0, "setup_proc_time_mean": NaN, "setup_proc_time_total": 0.0, "train_accuracy": 0.4948199987411499, "train_loss": 1.3844131641769408, "training_time_mean": NaN, "training_time_total": 0.0, "validation_time_mean": NaN, "validation_time_total": 0.0, "samples": 60000, "num_workers": 1, "done": true, "timesteps_total": null, "episodes_total": null, "training_iteration": 12, "neg_mean_loss": -1.3251303974151611, "experiment_id": "b8bf0866c8484b8587d462156ee49f93", "date": "2019-05-30_14-52-42", "timestamp": 1559253162, "time_this_iter_s": 7.913811445236206, "time_total_s": 105.99924921989441, "pid": 16847, "hostname": "steropes", "node_ip": "169.229.49.254", "config": {"starting_lr": 0.001, "momentum": 0.9, "weight_decay": 0.0001, "steps_per_iteration": null, "pin": false, "model_creator": null, "target_batch_size": 1024, "model_string": "resnet18", "min_batch_size": 512, "dataset": "CIFAR", "placement": null, "use_nccl": true, "devices_per_worker": 1, "primary_resource": "extra_gpu", "gpu": false, "verbose": false, "lr_config": {"mode": "log", "steps": 5, "initial_lr": 0.001, "target_lr": 0.001}, "batch_per_device": 1024}, "time_since_restore": 105.99924921989441, "timesteps_since_restore": 0, "iterations_since_restore": 12, "mean_throughput": 7352.75135913927, "atoms": 1}
