apply,batch_time,d2h,data_time,fwd,get_state_time_mean,get_state_time_total,grad,mean_accuracy,mean_loss,neg_mean_accuracy,set_state_time_mean,set_state_time_total,setup_model_time_mean,setup_model_time_total,setup_proc_time_mean,setup_proc_time_total,train_accuracy,train_loss,training_time_mean,training_time_total,val_accuracy,val_loss,validation_time_mean,validation_time_total,samples,num_workers,done,timesteps_total,episodes_total,training_iteration,neg_mean_loss,experiment_id,date,timestamp,time_this_iter_s,time_total_s,pid,hostname,node_ip,config,time_since_restore,timesteps_since_restore,iterations_since_restore,mean_throughput,atoms,setup_time
0.017460155487060546,0.04157688949681536,0.0006808996200561524,0.0018092213994096917,0.11864290237426758,nan,0.0,0.1728976249694824,0.27629998326301575,1.9982659828186036,-0.27629998326301575,nan,0.0,8.999629020690918,8.999629020690918,0.22748041152954102,0.22748041152954102,0.19085998833179474,2.3225173223114015,nan,0.0,0.27629998326301575,1.9982659828186036,nan,0.0,60000,1,False,,,1,-1.9982659828186036,ffbe2e35b237471380d57f759621a184,2019-06-03_03-37-08,1559558228,45.85936188697815,45.85936188697815,13440,steropes,169.229.49.254,"{'starting_lr': 0.001, 'momentum': 0.9, 'weight_decay': 0.005, 'steps_per_iteration': None, 'pin': False, 'model_creator': None, 'target_batch_size': 128, 'model_string': 'resnet50', 'min_batch_size': 128, 'dataset': 'CIFAR', 'placement': None, 'use_nccl': True, 'devices_per_worker': 1, 'primary_resource': 'extra_gpu', 'gpu': False, 'verbose': False, 'lr_config': {'mode': 'log', 'steps': 5, 'initial_lr': 0.001, 'target_lr': 0.001}, 'batch_per_device': 128}",45.85936188697815,0,1,1308.3438295482356,1,9.3441743850708
0.01750659942626953,0.031785961947863615,0.0007303237915039062,0.0017123307718340394,0.028156423568725587,nan,0.0,0.04859426021575928,0.3173999935388565,1.873527664089203,-0.35850000381469727,nan,0.0,nan,0.0,nan,0.0,0.2907399833202362,1.9516358282089232,nan,0.0,0.35850000381469727,1.7487893453598022,nan,0.0,60000,1,False,,,2,-1.873527664089203,ffbe2e35b237471380d57f759621a184,2019-06-03_03-37-48,1559558268,40.16491723060608,86.02427911758423,13440,steropes,169.229.49.254,"{'starting_lr': 0.001, 'momentum': 0.9, 'weight_decay': 0.005, 'steps_per_iteration': None, 'pin': False, 'model_creator': None, 'target_batch_size': 128, 'model_string': 'resnet50', 'min_batch_size': 128, 'dataset': 'CIFAR', 'placement': None, 'use_nccl': True, 'devices_per_worker': 1, 'primary_resource': 'extra_gpu', 'gpu': False, 'verbose': False, 'lr_config': {'mode': 'log', 'steps': 5, 'initial_lr': 0.001, 'target_lr': 0.001}, 'batch_per_device': 128}",86.02427911758423,0,2,1394.9513858591947,1,9.3441743850708
0.01707453727722168,0.03134341481365735,0.0007045507431030273,0.0017034251366734809,0.027427268028259278,nan,0.0,0.04763453006744385,0.33686665693918866,1.8186377534230551,-0.3757999837398529,nan,0.0,nan,0.0,nan,0.0,0.34661999344825745,1.7907212369537353,nan,0.0,0.3757999837398529,1.7088579320907593,nan,0.0,60000,1,False,,,3,-1.8186377534230551,ffbe2e35b237471380d57f759621a184,2019-06-03_03-38-29,1559558309,40.3670871257782,126.39136624336243,13440,steropes,169.229.49.254,"{'starting_lr': 0.001, 'momentum': 0.9, 'weight_decay': 0.005, 'steps_per_iteration': None, 'pin': False, 'model_creator': None, 'target_batch_size': 128, 'model_string': 'resnet50', 'min_batch_size': 128, 'dataset': 'CIFAR', 'placement': None, 'use_nccl': True, 'devices_per_worker': 1, 'primary_resource': 'extra_gpu', 'gpu': False, 'verbose': False, 'lr_config': {'mode': 'log', 'steps': 5, 'initial_lr': 0.001, 'target_lr': 0.001}, 'batch_per_device': 128}",126.39136624336243,0,3,1424.1444841787982,1,9.3441743850708
0.016898488998413085,0.03142984909347341,0.0006613492965698242,0.001777076355331694,0.02736995220184326,nan,0.0,0.04692177772521973,0.35749998688697815,1.757332215309143,-0.4193999767303467,nan,0.0,nan,0.0,nan,0.0,0.3795199990272522,1.696107069015503,nan,0.0,0.4193999767303467,1.5734156009674072,nan,0.0,60000,1,False,,,4,-1.757332215309143,ffbe2e35b237471380d57f759621a184,2019-06-03_03-39-09,1559558349,40.464370250701904,166.85573649406433,13440,steropes,169.229.49.254,"{'starting_lr': 0.001, 'momentum': 0.9, 'weight_decay': 0.005, 'steps_per_iteration': None, 'pin': False, 'model_creator': None, 'target_batch_size': 128, 'model_string': 'resnet50', 'min_batch_size': 128, 'dataset': 'CIFAR', 'placement': None, 'use_nccl': True, 'devices_per_worker': 1, 'primary_resource': 'extra_gpu', 'gpu': False, 'verbose': False, 'lr_config': {'mode': 'log', 'steps': 5, 'initial_lr': 0.001, 'target_lr': 0.001}, 'batch_per_device': 128}",166.85573649406433,0,4,1438.3649705371956,1,9.3441743850708
0.01688981056213379,0.03142587142654612,0.0007113933563232422,0.0017302938739357093,0.027529096603393553,nan,0.0,0.04709634780883789,0.3740199863910675,1.7078695673751831,-0.4400999844074249,nan,0.0,nan,0.0,nan,0.0,0.40459999442100525,1.6191155575561524,nan,0.0,0.4400999844074249,1.5100189756393432,nan,0.0,60000,1,False,,,5,-1.7078695673751831,ffbe2e35b237471380d57f759621a184,2019-06-03_03-39-49,1559558389,40.19536375999451,207.05110025405884,13440,steropes,169.229.49.254,"{'starting_lr': 0.001, 'momentum': 0.9, 'weight_decay': 0.005, 'steps_per_iteration': None, 'pin': False, 'model_creator': None, 'target_batch_size': 128, 'model_string': 'resnet50', 'min_batch_size': 128, 'dataset': 'CIFAR', 'placement': None, 'use_nccl': True, 'devices_per_worker': 1, 'primary_resource': 'extra_gpu', 'gpu': False, 'verbose': False, 'lr_config': {'mode': 'log', 'steps': 5, 'initial_lr': 0.001, 'target_lr': 0.001}, 'batch_per_device': 128}",207.05110025405884,0,5,1448.9144257751398,1,9.3441743850708
0.01773679256439209,0.03133333785624444,0.0006846904754638672,0.0017143801959884136,0.02754364013671875,nan,0.0,0.04789266586303711,0.4097399890422821,1.603765099449158,-0.45489999651908875,nan,0.0,nan,0.0,nan,0.0,0.4223199784755707,1.57317500541687,nan,0.0,0.45489999651908875,1.4777436431884765,nan,0.0,60000,1,False,,,6,-1.603765099449158,ffbe2e35b237471380d57f759621a184,2019-06-03_03-40-29,1559558429,40.09386157989502,247.14496183395386,13440,steropes,169.229.49.254,"{'starting_lr': 0.001, 'momentum': 0.9, 'weight_decay': 0.005, 'steps_per_iteration': None, 'pin': False, 'model_creator': None, 'target_batch_size': 128, 'model_string': 'resnet50', 'min_batch_size': 128, 'dataset': 'CIFAR', 'placement': None, 'use_nccl': True, 'devices_per_worker': 1, 'primary_resource': 'extra_gpu', 'gpu': False, 'verbose': False, 'lr_config': {'mode': 'log', 'steps': 5, 'initial_lr': 0.001, 'target_lr': 0.001}, 'batch_per_device': 128}",247.14496183395386,0,6,1490.4166033736608,1,9.3441743850708
0.017132210731506347,0.03176695787453953,0.0006770849227905274,0.0017074654474282813,0.028572559356689453,nan,0.0,0.04816370010375977,0.43375998735427856,1.540624574127197,-0.47859999537467957,nan,0.0,nan,0.0,nan,0.0,0.4445599913597107,1.5219305843353272,nan,0.0,0.47859999537467957,1.43308671875,nan,0.0,60000,1,False,,,7,-1.540624574127197,ffbe2e35b237471380d57f759621a184,2019-06-03_03-41-10,1559558470,40.30587649345398,287.45083832740784,13440,steropes,169.229.49.254,"{'starting_lr': 0.001, 'momentum': 0.9, 'weight_decay': 0.005, 'steps_per_iteration': None, 'pin': False, 'model_creator': None, 'target_batch_size': 128, 'model_string': 'resnet50', 'min_batch_size': 128, 'dataset': 'CIFAR', 'placement': None, 'use_nccl': True, 'devices_per_worker': 1, 'primary_resource': 'extra_gpu', 'gpu': False, 'verbose': False, 'lr_config': {'mode': 'log', 'steps': 5, 'initial_lr': 0.001, 'target_lr': 0.001}, 'batch_per_device': 128}",287.45083832740784,0,7,1489.3736400973985,1,9.3441743850708
0.017636537551879883,0.03105184096324293,0.0006569147109985352,0.001774250089055132,0.027379822731018067,nan,0.0,0.04727959632873535,0.4578599870204926,1.4744843154525757,-0.49629998207092285,nan,0.0,nan,0.0,nan,0.0,0.4617599844932556,1.478121402053833,nan,0.0,0.49629998207092285,1.3781566387176514,nan,0.0,60000,1,False,,,8,-1.4744843154525757,ffbe2e35b237471380d57f759621a184,2019-06-03_03-41-50,1559558510,40.49564170837402,327.94648003578186,13440,steropes,169.229.49.254,"{'starting_lr': 0.001, 'momentum': 0.9, 'weight_decay': 0.005, 'steps_per_iteration': None, 'pin': False, 'model_creator': None, 'target_batch_size': 128, 'model_string': 'resnet50', 'min_batch_size': 128, 'dataset': 'CIFAR', 'placement': None, 'use_nccl': True, 'devices_per_worker': 1, 'primary_resource': 'extra_gpu', 'gpu': False, 'verbose': False, 'lr_config': {'mode': 'log', 'steps': 5, 'initial_lr': 0.001, 'target_lr': 0.001}, 'batch_per_device': 128}",327.94648003578186,0,8,1488.4237274537538,1,9.3441743850708
0.01858079433441162,0.031901374647888954,0.0006946563720703125,0.0017109508709529477,0.028544163703918456,nan,0.0,0.04784834384918213,0.47411999106407166,1.4335693136215208,-0.5006999969482422,nan,0.0,nan,0.0,nan,0.0,0.47613999247550964,1.4376401567840575,nan,0.0,0.5006999969482422,1.3688405918121338,nan,0.0,60000,1,False,,,9,-1.4335693136215208,ffbe2e35b237471380d57f759621a184,2019-06-03_03-42-31,1559558551,40.556012868881226,368.5024929046631,13440,steropes,169.229.49.254,"{'starting_lr': 0.001, 'momentum': 0.9, 'weight_decay': 0.005, 'steps_per_iteration': None, 'pin': False, 'model_creator': None, 'target_batch_size': 128, 'model_string': 'resnet50', 'min_batch_size': 128, 'dataset': 'CIFAR', 'placement': None, 'use_nccl': True, 'devices_per_worker': 1, 'primary_resource': 'extra_gpu', 'gpu': False, 'verbose': False, 'lr_config': {'mode': 'log', 'steps': 5, 'initial_lr': 0.001, 'target_lr': 0.001}, 'batch_per_device': 128}",368.5024929046631,0,9,1487.7469138438319,1,9.3441743850708
0.018126845359802246,0.031434167789507514,0.0006956338882446289,0.0017267267417419901,0.02819702625274658,nan,0.0,0.04761042594909668,0.48827998638153075,1.3996335635757446,-0.5108999609947205,nan,0.0,nan,0.0,nan,0.0,0.4917999804019928,1.3968892821502685,nan,0.0,0.5108999609947205,1.3403402254104615,nan,0.0,60000,1,False,,,10,-1.3996335635757446,ffbe2e35b237471380d57f759621a184,2019-06-03_03-43-11,1559558591,40.494916677474976,408.99740958213806,13440,steropes,169.229.49.254,"{'starting_lr': 0.001, 'momentum': 0.9, 'weight_decay': 0.005, 'steps_per_iteration': None, 'pin': False, 'model_creator': None, 'target_batch_size': 128, 'model_string': 'resnet50', 'min_batch_size': 128, 'dataset': 'CIFAR', 'placement': None, 'use_nccl': True, 'devices_per_worker': 1, 'primary_resource': 'extra_gpu', 'gpu': False, 'verbose': False, 'lr_config': {'mode': 'log', 'steps': 5, 'initial_lr': 0.001, 'target_lr': 0.001}, 'batch_per_device': 128}",408.99740958213806,0,10,1485.540115597812,1,9.3441743850708
0.01695876121520996,0.03151265578933909,0.0006740331649780273,0.0017359293330355982,0.02725231647491455,nan,0.0,0.047530078887939455,0.5034799873828888,1.3636484061813354,-0.5309000015258789,nan,0.0,nan,0.0,nan,0.0,0.5045199990272522,1.361523064842224,nan,0.0,0.5309000015258789,1.2978178562164306,nan,0.0,60000,1,False,,,11,-1.3636484061813354,ffbe2e35b237471380d57f759621a184,2019-06-03_03-43-52,1559558632,40.50354218482971,449.5009517669678,13440,steropes,169.229.49.254,"{'starting_lr': 0.001, 'momentum': 0.9, 'weight_decay': 0.005, 'steps_per_iteration': None, 'pin': False, 'model_creator': None, 'target_batch_size': 128, 'model_string': 'resnet50', 'min_batch_size': 128, 'dataset': 'CIFAR', 'placement': None, 'use_nccl': True, 'devices_per_worker': 1, 'primary_resource': 'extra_gpu', 'gpu': False, 'verbose': False, 'lr_config': {'mode': 'log', 'steps': 5, 'initial_lr': 0.001, 'target_lr': 0.001}, 'batch_per_device': 128}",449.5009517669678,0,11,1482.532576636722,1,9.3441743850708
0.017252182960510253,0.03111107138138783,0.0006827116012573242,0.0017228346041706212,0.027318120002746582,nan,0.0,0.047951912879943846,0.516319990158081,1.3315698180007933,-0.5428000092506409,nan,0.0,nan,0.0,nan,0.0,0.517520010471344,1.3275036980056762,nan,0.0,0.5428000092506409,1.27269377784729,nan,0.0,60000,1,False,,,12,-1.3315698180007933,ffbe2e35b237471380d57f759621a184,2019-06-03_03-44-32,1559558672,40.14736557006836,489.64831733703613,13440,steropes,169.229.49.254,"{'starting_lr': 0.001, 'momentum': 0.9, 'weight_decay': 0.005, 'steps_per_iteration': None, 'pin': False, 'model_creator': None, 'target_batch_size': 128, 'model_string': 'resnet50', 'min_batch_size': 128, 'dataset': 'CIFAR', 'placement': None, 'use_nccl': True, 'devices_per_worker': 1, 'primary_resource': 'extra_gpu', 'gpu': False, 'verbose': False, 'lr_config': {'mode': 'log', 'steps': 5, 'initial_lr': 0.001, 'target_lr': 0.001}, 'batch_per_device': 128}",489.64831733703613,0,12,1483.6948028893366,1,9.3441743850708
0.01722264289855957,0.03143985060196888,0.000705552101135254,0.0017305621710579718,0.028046131134033203,nan,0.0,0.047478461265563966,0.5270399928092957,1.3026657603836058,-0.5498999953269958,nan,0.0,nan,0.0,nan,0.0,0.533079981803894,1.2879445532989502,nan,0.0,0.5498999953269958,1.2336363506317138,nan,0.0,60000,1,False,,,13,-1.3026657603836058,ffbe2e35b237471380d57f759621a184,2019-06-03_03-45-12,1559558712,40.39492726325989,530.043244600296,13440,steropes,169.229.49.254,"{'starting_lr': 0.001, 'momentum': 0.9, 'weight_decay': 0.005, 'steps_per_iteration': None, 'pin': False, 'model_creator': None, 'target_batch_size': 128, 'model_string': 'resnet50', 'min_batch_size': 128, 'dataset': 'CIFAR', 'placement': None, 'use_nccl': True, 'devices_per_worker': 1, 'primary_resource': 'extra_gpu', 'gpu': False, 'verbose': False, 'lr_config': {'mode': 'log', 'steps': 5, 'initial_lr': 0.001, 'target_lr': 0.001}, 'batch_per_device': 128}",530.043244600296,0,13,1484.4341568048058,1,9.3441743850708
0.01691129207611084,0.031367317030701454,0.0007030963897705078,0.0017075563025901385,0.027515625953674315,nan,0.0,0.048781609535217284,0.5364999890327453,1.2797291101455688,-0.5479999780654907,nan,0.0,nan,0.0,nan,0.0,0.5447399616241455,1.2592647705841065,nan,0.0,0.5479999780654907,1.2541573406219482,nan,0.0,60000,1,False,,,14,-1.2797291101455688,ffbe2e35b237471380d57f759621a184,2019-06-03_03-45-53,1559558753,40.32119917869568,570.3644437789917,13440,steropes,169.229.49.254,"{'starting_lr': 0.001, 'momentum': 0.9, 'weight_decay': 0.005, 'steps_per_iteration': None, 'pin': False, 'model_creator': None, 'target_batch_size': 128, 'model_string': 'resnet50', 'min_batch_size': 128, 'dataset': 'CIFAR', 'placement': None, 'use_nccl': True, 'devices_per_worker': 1, 'primary_resource': 'extra_gpu', 'gpu': False, 'verbose': False, 'lr_config': {'mode': 'log', 'steps': 5, 'initial_lr': 0.001, 'target_lr': 0.001}, 'batch_per_device': 128}",570.3644437789917,0,14,1486.1612645161533,1,9.3441743850708
0.01722409725189209,0.03210753428785107,0.0007181882858276368,0.0017205309075162844,0.027520132064819337,nan,0.0,0.04727792739868164,0.5481399893760681,1.2494205262756348,-0.5690999627113342,nan,0.0,nan,0.0,nan,0.0,0.5577600002288818,1.2304508451080323,nan,0.0,0.5690999627113342,1.188797306060791,nan,0.0,60000,1,False,,,15,-1.2494205262756348,ffbe2e35b237471380d57f759621a184,2019-06-03_03-46-33,1559558793,40.65225839614868,611.0167021751404,13440,steropes,169.229.49.254,"{'starting_lr': 0.001, 'momentum': 0.9, 'weight_decay': 0.005, 'steps_per_iteration': None, 'pin': False, 'model_creator': None, 'target_batch_size': 128, 'model_string': 'resnet50', 'min_batch_size': 128, 'dataset': 'CIFAR', 'placement': None, 'use_nccl': True, 'devices_per_worker': 1, 'primary_resource': 'extra_gpu', 'gpu': False, 'verbose': False, 'lr_config': {'mode': 'log', 'steps': 5, 'initial_lr': 0.001, 'target_lr': 0.001}, 'batch_per_device': 128}",611.0167021751404,0,15,1485.0037459460814,1,9.3441743850708
0.017798471450805663,0.03181160250796548,0.0007066726684570312,0.0017305859519392633,0.0281466007232666,nan,0.0,0.04734666347503662,0.5580599904060364,1.2226779288482665,-0.5805000066757202,nan,0.0,nan,0.0,nan,0.0,0.5679399967193604,1.2009914554977417,nan,0.0,0.5805000066757202,1.1641048690795899,nan,0.0,60000,1,False,,,16,-1.2226779288482665,ffbe2e35b237471380d57f759621a184,2019-06-03_03-47-14,1559558834,40.4923837184906,651.509085893631,13440,steropes,169.229.49.254,"{'starting_lr': 0.001, 'momentum': 0.9, 'weight_decay': 0.005, 'steps_per_iteration': None, 'pin': False, 'model_creator': None, 'target_batch_size': 128, 'model_string': 'resnet50', 'min_batch_size': 128, 'dataset': 'CIFAR', 'placement': None, 'use_nccl': True, 'devices_per_worker': 1, 'primary_resource': 'extra_gpu', 'gpu': False, 'verbose': False, 'lr_config': {'mode': 'log', 'steps': 5, 'initial_lr': 0.001, 'target_lr': 0.001}, 'batch_per_device': 128}",651.509085893631,0,16,1485.0857669760849,1,9.3441743850708
0.01758592128753662,0.033094043973125986,0.0007045269012451172,0.0017161174198550642,0.027667021751403807,nan,0.0,0.048348736763000486,0.5677199840545655,1.197083816871643,-0.5910999774932861,nan,0.0,nan,0.0,nan,0.0,0.5794000029563904,1.1719884491348267,nan,0.0,0.5910999774932861,1.1447232179641724,nan,0.0,60000,1,False,,,17,-1.197083816871643,ffbe2e35b237471380d57f759621a184,2019-06-03_03-47-54,1559558874,40.62029671669006,692.129382610321,13440,steropes,169.229.49.254,"{'starting_lr': 0.001, 'momentum': 0.9, 'weight_decay': 0.005, 'steps_per_iteration': None, 'pin': False, 'model_creator': None, 'target_batch_size': 128, 'model_string': 'resnet50', 'min_batch_size': 128, 'dataset': 'CIFAR', 'placement': None, 'use_nccl': True, 'devices_per_worker': 1, 'primary_resource': 'extra_gpu', 'gpu': False, 'verbose': False, 'lr_config': {'mode': 'log', 'steps': 5, 'initial_lr': 0.001, 'target_lr': 0.001}, 'batch_per_device': 128}",692.129382610321,0,17,1481.6170263951913,1,9.3441743850708
0.01680903434753418,0.03251883953432493,0.0006981134414672851,0.0017092209642805406,0.0271939754486084,nan,0.0,0.04735994338989258,0.5777199864387512,1.1761612681198121,-0.5999000072479248,nan,0.0,nan,0.0,nan,0.0,0.5887799859046936,1.1507030462646484,nan,0.0,0.5999000072479248,1.1290236068725585,nan,0.0,60000,1,False,,,18,-1.1761612681198121,ffbe2e35b237471380d57f759621a184,2019-06-03_03-48-35,1559558915,40.625868797302246,732.7552514076233,13440,steropes,169.229.49.254,"{'starting_lr': 0.001, 'momentum': 0.9, 'weight_decay': 0.005, 'steps_per_iteration': None, 'pin': False, 'model_creator': None, 'target_batch_size': 128, 'model_string': 'resnet50', 'min_batch_size': 128, 'dataset': 'CIFAR', 'placement': None, 'use_nccl': True, 'devices_per_worker': 1, 'primary_resource': 'extra_gpu', 'gpu': False, 'verbose': False, 'lr_config': {'mode': 'log', 'steps': 5, 'initial_lr': 0.001, 'target_lr': 0.001}, 'batch_per_device': 128}",732.7552514076233,0,18,1479.9290629743318,1,9.3441743850708
0.017044663429260254,0.030988153023055836,0.0006953239440917969,0.0017526643660367297,0.027211713790893554,nan,0.0,0.04765961170196533,0.5912199854850769,1.1422047772979735,-0.6154999732971191,nan,0.0,nan,0.0,nan,0.0,0.598800003528595,1.119852933654785,nan,0.0,0.6154999732971191,1.0843748865127563,nan,0.0,60000,1,False,,,19,-1.1422047772979735,ffbe2e35b237471380d57f759621a184,2019-06-03_03-49-16,1559558956,40.506356954574585,773.2616083621979,13440,steropes,169.229.49.254,"{'starting_lr': 0.001, 'momentum': 0.9, 'weight_decay': 0.005, 'steps_per_iteration': None, 'pin': False, 'model_creator': None, 'target_batch_size': 128, 'model_string': 'resnet50', 'min_batch_size': 128, 'dataset': 'CIFAR', 'placement': None, 'use_nccl': True, 'devices_per_worker': 1, 'primary_resource': 'extra_gpu', 'gpu': False, 'verbose': False, 'lr_config': {'mode': 'log', 'steps': 5, 'initial_lr': 0.001, 'target_lr': 0.001}, 'batch_per_device': 128}",773.2616083621979,0,19,1478.5785726784165,1,9.3441743850708
0.018275880813598634,0.030989565426790263,0.0007206678390502929,0.0017652743307830733,0.02887094020843506,nan,0.0,0.048191189765930176,0.5998799920082092,1.1230971406173706,-0.6123999953269958,nan,0.0,nan,0.0,nan,0.0,0.6106599569320679,1.0902314988708497,nan,0.0,0.6123999953269958,1.093259122657776,nan,0.0,60000,1,False,,,20,-1.1230971406173706,ffbe2e35b237471380d57f759621a184,2019-06-03_03-49-56,1559558996,40.488548040390015,813.7501564025879,13440,steropes,169.229.49.254,"{'starting_lr': 0.001, 'momentum': 0.9, 'weight_decay': 0.005, 'steps_per_iteration': None, 'pin': False, 'model_creator': None, 'target_batch_size': 128, 'model_string': 'resnet50', 'min_batch_size': 128, 'dataset': 'CIFAR', 'placement': None, 'use_nccl': True, 'devices_per_worker': 1, 'primary_resource': 'extra_gpu', 'gpu': False, 'verbose': False, 'lr_config': {'mode': 'log', 'steps': 5, 'initial_lr': 0.001, 'target_lr': 0.001}, 'batch_per_device': 128}",813.7501564025879,0,20,1479.7726042008812,1,9.3441743850708
0.016967415809631348,0.03220767914494382,0.0008124113082885742,0.001732243906201609,0.02742037773132324,nan,0.0,0.04749186038970947,0.6089399933815003,1.101099923286438,-0.6258000135421753,nan,0.0,nan,0.0,nan,0.0,0.6185199618339539,1.062315087890625,nan,0.0,0.6258000135421753,1.0541187824249267,nan,0.0,60000,1,False,,,21,-1.101099923286438,ffbe2e35b237471380d57f759621a184,2019-06-03_03-50-36,1559559036,40.34658169746399,854.0967381000519,13440,steropes,169.229.49.254,"{'starting_lr': 0.001, 'momentum': 0.9, 'weight_decay': 0.005, 'steps_per_iteration': None, 'pin': False, 'model_creator': None, 'target_batch_size': 128, 'model_string': 'resnet50', 'min_batch_size': 128, 'dataset': 'CIFAR', 'placement': None, 'use_nccl': True, 'devices_per_worker': 1, 'primary_resource': 'extra_gpu', 'gpu': False, 'verbose': False, 'lr_config': {'mode': 'log', 'steps': 5, 'initial_lr': 0.001, 'target_lr': 0.001}, 'batch_per_device': 128}",854.0967381000519,0,21,1480.837553832258,1,9.3441743850708
0.017700886726379393,0.03120519843282579,0.0007043361663818359,0.0017328097692231083,0.028127551078796387,nan,0.0,0.048608040809631346,0.6180599927902222,1.0780480576896667,-0.6366999745368958,nan,0.0,nan,0.0,nan,0.0,0.6286199688911438,1.0397026811027528,nan,0.0,0.6366999745368958,1.0294638899803161,nan,0.0,60000,1,False,,,22,-1.0780480576896667,ffbe2e35b237471380d57f759621a184,2019-06-03_03-51-17,1559559077,40.43636512756348,894.5331032276154,13440,steropes,169.229.49.254,"{'starting_lr': 0.001, 'momentum': 0.9, 'weight_decay': 0.005, 'steps_per_iteration': None, 'pin': False, 'model_creator': None, 'target_batch_size': 128, 'model_string': 'resnet50', 'min_batch_size': 128, 'dataset': 'CIFAR', 'placement': None, 'use_nccl': True, 'devices_per_worker': 1, 'primary_resource': 'extra_gpu', 'gpu': False, 'verbose': False, 'lr_config': {'mode': 'log', 'steps': 5, 'initial_lr': 0.001, 'target_lr': 0.001}, 'batch_per_device': 128}",894.5331032276154,0,22,1482.1832243944211,1,9.3441743850708
0.017926549911499022,0.031251388260080844,0.0007200479507446289,0.0017341244251221951,0.0287078857421875,nan,0.0,0.048177337646484374,0.6244599938392639,1.0579260166740416,-0.6319000124931335,nan,0.0,nan,0.0,nan,0.0,0.6343599557876587,1.0209015659713745,nan,0.0,0.6319000124931335,1.0284134017944335,nan,0.0,60000,1,False,,,23,-1.0579260166740416,ffbe2e35b237471380d57f759621a184,2019-06-03_03-51-58,1559559118,40.60548210144043,935.1385853290558,13440,steropes,169.229.49.254,"{'starting_lr': 0.001, 'momentum': 0.9, 'weight_decay': 0.005, 'steps_per_iteration': None, 'pin': False, 'model_creator': None, 'target_batch_size': 128, 'model_string': 'resnet50', 'min_batch_size': 128, 'dataset': 'CIFAR', 'placement': None, 'use_nccl': True, 'devices_per_worker': 1, 'primary_resource': 'extra_gpu', 'gpu': False, 'verbose': False, 'lr_config': {'mode': 'log', 'steps': 5, 'initial_lr': 0.001, 'target_lr': 0.001}, 'batch_per_device': 128}",935.1385853290558,0,23,1482.3325970758995,1,9.3441743850708
0.016994595527648926,0.03103518787818619,0.0007168769836425782,0.001811967786315762,0.027385234832763672,nan,0.0,0.047701144218444826,0.6312999963760376,1.0395494646263121,-0.6496999859809875,nan,0.0,nan,0.0,nan,0.0,0.6483599543571472,0.9883198204421997,nan,0.0,0.6496999859809875,0.9924921262741089,nan,0.0,60000,1,False,,,24,-1.0395494646263121,ffbe2e35b237471380d57f759621a184,2019-06-03_03-52-38,1559559158,40.52001595497131,975.6586012840271,13440,steropes,169.229.49.254,"{'starting_lr': 0.001, 'momentum': 0.9, 'weight_decay': 0.005, 'steps_per_iteration': None, 'pin': False, 'model_creator': None, 'target_batch_size': 128, 'model_string': 'resnet50', 'min_batch_size': 128, 'dataset': 'CIFAR', 'placement': None, 'use_nccl': True, 'devices_per_worker': 1, 'primary_resource': 'extra_gpu', 'gpu': False, 'verbose': False, 'lr_config': {'mode': 'log', 'steps': 5, 'initial_lr': 0.001, 'target_lr': 0.001}, 'batch_per_device': 128}",975.6586012840271,0,24,1482.2324817321814,1,9.3441743850708
0.018276500701904296,0.03168057791794403,0.0007248640060424805,0.001772568353911495,0.02841010093688965,nan,0.0,0.048523545265197754,0.6395399928092956,1.0170978600120544,-0.6535999774932861,nan,0.0,nan,0.0,nan,0.0,0.6549599766731262,0.960598636932373,nan,0.0,0.6535999774932861,0.9810010995864868,nan,0.0,60000,1,False,,,25,-1.0170978600120544,ffbe2e35b237471380d57f759621a184,2019-06-03_03-53-19,1559559199,40.50950837135315,1016.1681096553802,13440,steropes,169.229.49.254,"{'starting_lr': 0.001, 'momentum': 0.9, 'weight_decay': 0.005, 'steps_per_iteration': None, 'pin': False, 'model_creator': None, 'target_batch_size': 128, 'model_string': 'resnet50', 'min_batch_size': 128, 'dataset': 'CIFAR', 'placement': None, 'use_nccl': True, 'devices_per_worker': 1, 'primary_resource': 'extra_gpu', 'gpu': False, 'verbose': False, 'lr_config': {'mode': 'log', 'steps': 5, 'initial_lr': 0.001, 'target_lr': 0.001}, 'batch_per_device': 128}",1016.1681096553802,0,25,1482.0789413579428,1,9.3441743850708
0.016898560523986816,0.030949758577950393,0.0007147550582885742,0.001752274115677075,0.027220535278320312,nan,0.0,0.04740974903106689,0.6475799918174744,0.9943710071754455,-0.6660000085830688,nan,0.0,nan,0.0,nan,0.0,0.6620799899101257,0.9447724906158447,nan,0.0,0.6660000085830688,0.9404845182418823,nan,0.0,60000,1,False,,,26,-0.9943710071754455,ffbe2e35b237471380d57f759621a184,2019-06-03_03-53-59,1559559239,40.439104318618774,1056.607213973999,13440,steropes,169.229.49.254,"{'starting_lr': 0.001, 'momentum': 0.9, 'weight_decay': 0.005, 'steps_per_iteration': None, 'pin': False, 'model_creator': None, 'target_batch_size': 128, 'model_string': 'resnet50', 'min_batch_size': 128, 'dataset': 'CIFAR', 'placement': None, 'use_nccl': True, 'devices_per_worker': 1, 'primary_resource': 'extra_gpu', 'gpu': False, 'verbose': False, 'lr_config': {'mode': 'log', 'steps': 5, 'initial_lr': 0.001, 'target_lr': 0.001}, 'batch_per_device': 128}",1056.607213973999,0,26,1481.4018515580578,1,9.3441743850708
0.0172288179397583,0.03115560133245927,0.0006937026977539062,0.001731640847442705,0.0277662992477417,nan,0.0,0.04807174205780029,0.6553599953651428,0.9722348447608947,-0.675599992275238,nan,0.0,nan,0.0,nan,0.0,0.6743599772453308,0.9144478618240356,nan,0.0,0.675599992275238,0.9187830779075623,nan,0.0,60000,1,False,,,27,-0.9722348447608947,ffbe2e35b237471380d57f759621a184,2019-06-03_03-54-39,1559559279,40.37848973274231,1096.9857037067413,13440,steropes,169.229.49.254,"{'starting_lr': 0.001, 'momentum': 0.9, 'weight_decay': 0.005, 'steps_per_iteration': None, 'pin': False, 'model_creator': None, 'target_batch_size': 128, 'model_string': 'resnet50', 'min_batch_size': 128, 'dataset': 'CIFAR', 'placement': None, 'use_nccl': True, 'devices_per_worker': 1, 'primary_resource': 'extra_gpu', 'gpu': False, 'verbose': False, 'lr_config': {'mode': 'log', 'steps': 5, 'initial_lr': 0.001, 'target_lr': 0.001}, 'batch_per_device': 128}",1096.9857037067413,0,27,1481.825417807738,1,9.3441743850708
0.01788783073425293,0.031031937538822996,0.0007168531417846679,0.0017492691879077336,0.02854335308074951,nan,0.0,0.05009305477142334,0.6646199941635131,0.9498733425331116,-0.6782000064849854,nan,0.0,nan,0.0,nan,0.0,0.6775999665260315,0.9024491909027099,nan,0.0,0.6782000064849854,0.9166058906555176,nan,0.0,60000,1,False,,,28,-0.9498733425331116,ffbe2e35b237471380d57f759621a184,2019-06-03_03-55-20,1559559320,40.399170875549316,1137.3848745822906,13440,steropes,169.229.49.254,"{'starting_lr': 0.001, 'momentum': 0.9, 'weight_decay': 0.005, 'steps_per_iteration': None, 'pin': False, 'model_creator': None, 'target_batch_size': 128, 'model_string': 'resnet50', 'min_batch_size': 128, 'dataset': 'CIFAR', 'placement': None, 'use_nccl': True, 'devices_per_worker': 1, 'primary_resource': 'extra_gpu', 'gpu': False, 'verbose': False, 'lr_config': {'mode': 'log', 'steps': 5, 'initial_lr': 0.001, 'target_lr': 0.001}, 'batch_per_device': 128}",1137.3848745822906,0,28,1483.337016376174,1,9.3441743850708
0.017992210388183594,0.03177496149570127,0.0007351160049438477,0.0017658755602434164,0.027641987800598143,nan,0.0,0.04729382991790772,0.671019995212555,0.9344274400138854,-0.6816999912261963,nan,0.0,nan,0.0,nan,0.0,0.6886999607086182,0.8741316424751282,nan,0.0,0.6816999912261963,0.9152626136779786,nan,0.0,60000,1,False,,,29,-0.9344274400138854,ffbe2e35b237471380d57f759621a184,2019-06-03_03-56-01,1559559361,40.70860171318054,1178.0934762954712,13440,steropes,169.229.49.254,"{'starting_lr': 0.001, 'momentum': 0.9, 'weight_decay': 0.005, 'steps_per_iteration': None, 'pin': False, 'model_creator': None, 'target_batch_size': 128, 'model_string': 'resnet50', 'min_batch_size': 128, 'dataset': 'CIFAR', 'placement': None, 'use_nccl': True, 'devices_per_worker': 1, 'primary_resource': 'extra_gpu', 'gpu': False, 'verbose': False, 'lr_config': {'mode': 'log', 'steps': 5, 'initial_lr': 0.001, 'target_lr': 0.001}, 'batch_per_device': 128}",1178.0934762954712,0,29,1481.9552379774473,1,9.3441743850708
0.01700437068939209,0.030983541585222076,0.0006978273391723633,0.0017598858269889032,0.027881789207458495,nan,0.0,0.04822244644165039,0.6773000001907349,0.9189996782112122,-0.6850000023841858,nan,0.0,nan,0.0,nan,0.0,0.6931599974632263,0.8617323208236695,nan,0.0,0.6850000023841858,0.9038622905731201,nan,0.0,60000,1,False,,,30,-0.9189996782112122,ffbe2e35b237471380d57f759621a184,2019-06-03_03-56-41,1559559401,40.441638469696045,1218.5351147651672,13440,steropes,169.229.49.254,"{'starting_lr': 0.001, 'momentum': 0.9, 'weight_decay': 0.005, 'steps_per_iteration': None, 'pin': False, 'model_creator': None, 'target_batch_size': 128, 'model_string': 'resnet50', 'min_batch_size': 128, 'dataset': 'CIFAR', 'placement': None, 'use_nccl': True, 'devices_per_worker': 1, 'primary_resource': 'extra_gpu', 'gpu': False, 'verbose': False, 'lr_config': {'mode': 'log', 'steps': 5, 'initial_lr': 0.001, 'target_lr': 0.001}, 'batch_per_device': 128}",1218.5351147651672,0,30,1482.452300986058,1,9.3441743850708
0.01892714500427246,0.030983484244044825,0.0007081270217895508,0.001791871722092104,0.02863612174987793,nan,0.0,0.04760866165161133,0.683459997177124,0.903937173690796,-0.6967999935150146,nan,0.0,nan,0.0,nan,0.0,0.7028599977493286,0.8386251303291321,nan,0.0,0.6967999935150146,0.8651719956398011,nan,0.0,60000,1,False,,,31,-0.903937173690796,ffbe2e35b237471380d57f759621a184,2019-06-03_03-57-22,1559559442,40.58238625526428,1259.1175010204315,13440,steropes,169.229.49.254,"{'starting_lr': 0.001, 'momentum': 0.9, 'weight_decay': 0.005, 'steps_per_iteration': None, 'pin': False, 'model_creator': None, 'target_batch_size': 128, 'model_string': 'resnet50', 'min_batch_size': 128, 'dataset': 'CIFAR', 'placement': None, 'use_nccl': True, 'devices_per_worker': 1, 'primary_resource': 'extra_gpu', 'gpu': False, 'verbose': False, 'lr_config': {'mode': 'log', 'steps': 5, 'initial_lr': 0.001, 'target_lr': 0.001}, 'batch_per_device': 128}",1259.1175010204315,0,31,1481.4029974147684,1,9.3441743850708
0.01731700897216797,0.03135887882377528,0.0007023811340332031,0.0017898899819844825,0.027504897117614745,nan,0.0,0.04710164070129395,0.687720000743866,0.8960954665184021,-0.6969000101089478,nan,0.0,nan,0.0,nan,0.0,0.704800009727478,0.8199202414131165,nan,0.0,0.6969000101089478,0.8795745420455933,nan,0.0,60000,1,False,,,32,-0.8960954665184021,ffbe2e35b237471380d57f759621a184,2019-06-03_03-58-02,1559559482,40.587679862976074,1299.7051808834076,13440,steropes,169.229.49.254,"{'starting_lr': 0.001, 'momentum': 0.9, 'weight_decay': 0.005, 'steps_per_iteration': None, 'pin': False, 'model_creator': None, 'target_batch_size': 128, 'model_string': 'resnet50', 'min_batch_size': 128, 'dataset': 'CIFAR', 'placement': None, 'use_nccl': True, 'devices_per_worker': 1, 'primary_resource': 'extra_gpu', 'gpu': False, 'verbose': False, 'lr_config': {'mode': 'log', 'steps': 5, 'initial_lr': 0.001, 'target_lr': 0.001}, 'batch_per_device': 128}",1299.7051808834076,0,32,1479.8742950723329,1,9.3441743850708
0.016705965995788573,0.03133562244946444,0.0006945371627807617,0.0017210510380737617,0.027140426635742187,nan,0.0,0.04709846973419189,0.692739999294281,0.8833408394432067,-0.7032999992370605,nan,0.0,nan,0.0,nan,0.0,0.71697998046875,0.7982747819328309,nan,0.0,0.7032999992370605,0.852832755279541,nan,0.0,60000,1,False,,,33,-0.8833408394432067,ffbe2e35b237471380d57f759621a184,2019-06-03_03-58-43,1559559523,40.33180332183838,1340.036984205246,13440,steropes,169.229.49.254,"{'starting_lr': 0.001, 'momentum': 0.9, 'weight_decay': 0.005, 'steps_per_iteration': None, 'pin': False, 'model_creator': None, 'target_batch_size': 128, 'model_string': 'resnet50', 'min_batch_size': 128, 'dataset': 'CIFAR', 'placement': None, 'use_nccl': True, 'devices_per_worker': 1, 'primary_resource': 'extra_gpu', 'gpu': False, 'verbose': False, 'lr_config': {'mode': 'log', 'steps': 5, 'initial_lr': 0.001, 'target_lr': 0.001}, 'batch_per_device': 128}",1340.036984205246,0,33,1480.3661870139224,1,9.3441743850708
0.01777951717376709,0.031082252912883516,0.0007196664810180664,0.001726821865267156,0.028278827667236328,nan,0.0,0.04798128604888916,0.7000399947166442,0.8607585999107361,-0.7181999683380127,nan,0.0,nan,0.0,nan,0.0,0.7223399877548218,0.7842560796356202,nan,0.0,0.7181999683380127,0.802351416015625,nan,0.0,60000,1,False,,,34,-0.8607585999107361,ffbe2e35b237471380d57f759621a184,2019-06-03_03-59-23,1559559563,40.257750034332275,1380.2947342395782,13440,steropes,169.229.49.254,"{'starting_lr': 0.001, 'momentum': 0.9, 'weight_decay': 0.005, 'steps_per_iteration': None, 'pin': False, 'model_creator': None, 'target_batch_size': 128, 'model_string': 'resnet50', 'min_batch_size': 128, 'dataset': 'CIFAR', 'placement': None, 'use_nccl': True, 'devices_per_worker': 1, 'primary_resource': 'extra_gpu', 'gpu': False, 'verbose': False, 'lr_config': {'mode': 'log', 'steps': 5, 'initial_lr': 0.001, 'target_lr': 0.001}, 'batch_per_device': 128}",1380.2947342395782,0,34,1483.6669622505344,1,9.3441743850708
0.017114734649658202,0.031647446789319,0.0007201671600341797,0.0017188290500884775,0.027843356132507324,nan,0.0,0.047287702560424805,0.7053399920463562,0.8437845950698852,-0.7114999890327454,nan,0.0,nan,0.0,nan,0.0,0.72843998670578,0.7647999724197387,nan,0.0,0.7114999890327454,0.818992266368866,nan,0.0,60000,1,False,,,35,-0.8437845950698852,ffbe2e35b237471380d57f759621a184,2019-06-03_04-00-03,1559559603,40.57017421722412,1420.8649084568024,13440,steropes,169.229.49.254,"{'starting_lr': 0.001, 'momentum': 0.9, 'weight_decay': 0.005, 'steps_per_iteration': None, 'pin': False, 'model_creator': None, 'target_batch_size': 128, 'model_string': 'resnet50', 'min_batch_size': 128, 'dataset': 'CIFAR', 'placement': None, 'use_nccl': True, 'devices_per_worker': 1, 'primary_resource': 'extra_gpu', 'gpu': False, 'verbose': False, 'lr_config': {'mode': 'log', 'steps': 5, 'initial_lr': 0.001, 'target_lr': 0.001}, 'batch_per_device': 128}",1420.8649084568024,0,35,1482.7244158042622,1,9.3441743850708
0.016961193084716795,0.03100012525727477,0.0006899595260620117,0.0016926828857577974,0.027311491966247558,nan,0.0,0.04749088287353516,0.706659984588623,0.8436133197975157,-0.7033999562263489,nan,0.0,nan,0.0,nan,0.0,0.7331399917602539,0.7481983581924438,nan,0.0,0.7033999562263489,0.8643156192779541,nan,0.0,60000,1,False,,,36,-0.8436133197975157,ffbe2e35b237471380d57f759621a184,2019-06-03_04-00-44,1559559644,40.336111545562744,1461.201020002365,13440,steropes,169.229.49.254,"{'starting_lr': 0.001, 'momentum': 0.9, 'weight_decay': 0.005, 'steps_per_iteration': None, 'pin': False, 'model_creator': None, 'target_batch_size': 128, 'model_string': 'resnet50', 'min_batch_size': 128, 'dataset': 'CIFAR', 'placement': None, 'use_nccl': True, 'devices_per_worker': 1, 'primary_resource': 'extra_gpu', 'gpu': False, 'verbose': False, 'lr_config': {'mode': 'log', 'steps': 5, 'initial_lr': 0.001, 'target_lr': 0.001}, 'batch_per_device': 128}",1461.201020002365,0,36,1484.5317359457217,1,9.3441743850708
0.017190003395080568,0.0313224460505232,0.0007640361785888672,0.0016827619898959498,0.027741241455078124,nan,0.0,0.04741544723510742,0.7130599737167358,0.8249322051239014,-0.7288999557495117,nan,0.0,nan,0.0,nan,0.0,0.7401799559593201,0.72923463596344,nan,0.0,0.7288999557495117,0.7861689686775207,nan,0.0,60000,1,False,,,37,-0.8249322051239014,ffbe2e35b237471380d57f759621a184,2019-06-03_04-01-24,1559559684,40.35220289230347,1501.5532228946686,13440,steropes,169.229.49.254,"{'starting_lr': 0.001, 'momentum': 0.9, 'weight_decay': 0.005, 'steps_per_iteration': None, 'pin': False, 'model_creator': None, 'target_batch_size': 128, 'model_string': 'resnet50', 'min_batch_size': 128, 'dataset': 'CIFAR', 'placement': None, 'use_nccl': True, 'devices_per_worker': 1, 'primary_resource': 'extra_gpu', 'gpu': False, 'verbose': False, 'lr_config': {'mode': 'log', 'steps': 5, 'initial_lr': 0.001, 'target_lr': 0.001}, 'batch_per_device': 128}",1501.5532228946686,0,37,1486.263601891965,1,9.3441743850708
0.016881895065307618,0.031287968913211096,0.000683283805847168,0.0017305231460220064,0.02709956169128418,nan,0.0,0.0483283281326294,0.717359972000122,0.810065793952942,-0.7247999906539917,nan,0.0,nan,0.0,nan,0.0,0.7436599731445312,0.7214309941291809,nan,0.0,0.7247999906539917,0.7785006994247436,nan,0.0,60000,1,False,,,38,-0.810065793952942,ffbe2e35b237471380d57f759621a184,2019-06-03_04-02-04,1559559724,40.42684602737427,1541.9800689220428,13440,steropes,169.229.49.254,"{'starting_lr': 0.001, 'momentum': 0.9, 'weight_decay': 0.005, 'steps_per_iteration': None, 'pin': False, 'model_creator': None, 'target_batch_size': 128, 'model_string': 'resnet50', 'min_batch_size': 128, 'dataset': 'CIFAR', 'placement': None, 'use_nccl': True, 'devices_per_worker': 1, 'primary_resource': 'extra_gpu', 'gpu': False, 'verbose': False, 'lr_config': {'mode': 'log', 'steps': 5, 'initial_lr': 0.001, 'target_lr': 0.001}, 'batch_per_device': 128}",1541.9800689220428,0,38,1485.5641557409672,1,9.3441743850708
0.01939711570739746,0.03107124340685108,0.0007245063781738282,0.001744027027998434,0.029246878623962403,nan,0.0,0.04826018810272217,0.7219799757003784,0.8003883554840089,-0.7412999868392944,nan,0.0,nan,0.0,nan,0.0,0.7515599727630615,0.7006090941238403,nan,0.0,0.7412999868392944,0.7539642236709595,nan,0.0,60000,1,False,,,39,-0.8003883554840089,ffbe2e35b237471380d57f759621a184,2019-06-03_04-02-45,1559559765,40.46749949455261,1582.4475684165955,13440,steropes,169.229.49.254,"{'starting_lr': 0.001, 'momentum': 0.9, 'weight_decay': 0.005, 'steps_per_iteration': None, 'pin': False, 'model_creator': None, 'target_batch_size': 128, 'model_string': 'resnet50', 'min_batch_size': 128, 'dataset': 'CIFAR', 'placement': None, 'use_nccl': True, 'devices_per_worker': 1, 'primary_resource': 'extra_gpu', 'gpu': False, 'verbose': False, 'lr_config': {'mode': 'log', 'steps': 5, 'initial_lr': 0.001, 'target_lr': 0.001}, 'batch_per_device': 128}",1582.4475684165955,0,39,1484.0227814127365,1,9.3441743850708
0.017040562629699708,0.031074919278108622,0.0007284164428710937,0.0017077404519786005,0.027214980125427245,nan,0.0,0.04786522388458252,0.7258999705314636,0.7946689896202087,-0.7310999631881714,nan,0.0,nan,0.0,nan,0.0,0.7576000094413757,0.6876821790504456,nan,0.0,0.7310999631881714,0.7903954370498657,nan,0.0,60000,1,False,,,40,-0.7946689896202087,ffbe2e35b237471380d57f759621a184,2019-06-03_04-03-25,1559559805,40.17259192466736,1622.6201603412628,13440,steropes,169.229.49.254,"{'starting_lr': 0.001, 'momentum': 0.9, 'weight_decay': 0.005, 'steps_per_iteration': None, 'pin': False, 'model_creator': None, 'target_batch_size': 128, 'model_string': 'resnet50', 'min_batch_size': 128, 'dataset': 'CIFAR', 'placement': None, 'use_nccl': True, 'devices_per_worker': 1, 'primary_resource': 'extra_gpu', 'gpu': False, 'verbose': False, 'lr_config': {'mode': 'log', 'steps': 5, 'initial_lr': 0.001, 'target_lr': 0.001}, 'batch_per_device': 128}",1622.6201603412628,0,40,1486.9472282141408,1,9.3441743850708
