{"apply": 0.017460155487060546, "batch_time": 0.04157688949681536, "d2h": 0.0006808996200561524, "data_time": 0.0018092213994096917, "fwd": 0.11864290237426758, "get_state_time_mean": NaN, "get_state_time_total": 0.0, "grad": 0.1728976249694824, "mean_accuracy": 0.27629998326301575, "mean_loss": 1.9982659828186036, "neg_mean_accuracy": -0.27629998326301575, "set_state_time_mean": NaN, "set_state_time_total": 0.0, "setup_model_time_mean": 8.999629020690918, "setup_model_time_total": 8.999629020690918, "setup_proc_time_mean": 0.22748041152954102, "setup_proc_time_total": 0.22748041152954102, "train_accuracy": 0.19085998833179474, "train_loss": 2.3225173223114015, "training_time_mean": NaN, "training_time_total": 0.0, "val_accuracy": 0.27629998326301575, "val_loss": 1.9982659828186036, "validation_time_mean": NaN, "validation_time_total": 0.0, "samples": 60000, "num_workers": 1, "done": false, "timesteps_total": null, "episodes_total": null, "training_iteration": 1, "neg_mean_loss": -1.9982659828186036, "experiment_id": "ffbe2e35b237471380d57f759621a184", "date": "2019-06-03_03-37-08", "timestamp": 1559558228, "time_this_iter_s": 45.85936188697815, "time_total_s": 45.85936188697815, "pid": 13440, "hostname": "steropes", "node_ip": "169.229.49.254", "config": {"starting_lr": 0.001, "momentum": 0.9, "weight_decay": 0.005, "steps_per_iteration": null, "pin": false, "model_creator": null, "target_batch_size": 128, "model_string": "resnet50", "min_batch_size": 128, "dataset": "CIFAR", "placement": null, "use_nccl": true, "devices_per_worker": 1, "primary_resource": "extra_gpu", "gpu": false, "verbose": false, "lr_config": {"mode": "log", "steps": 5, "initial_lr": 0.001, "target_lr": 0.001}, "batch_per_device": 128}, "time_since_restore": 45.85936188697815, "timesteps_since_restore": 0, "iterations_since_restore": 1, "mean_throughput": 1308.3438295482356, "atoms": 1, "setup_time": 9.3441743850708}
{"apply": 0.01750659942626953, "batch_time": 0.031785961947863615, "d2h": 0.0007303237915039062, "data_time": 0.0017123307718340394, "fwd": 0.028156423568725587, "get_state_time_mean": NaN, "get_state_time_total": 0.0, "grad": 0.04859426021575928, "mean_accuracy": 0.3173999935388565, "mean_loss": 1.873527664089203, "neg_mean_accuracy": -0.35850000381469727, "set_state_time_mean": NaN, "set_state_time_total": 0.0, "setup_model_time_mean": NaN, "setup_model_time_total": 0.0, "setup_proc_time_mean": NaN, "setup_proc_time_total": 0.0, "train_accuracy": 0.2907399833202362, "train_loss": 1.9516358282089232, "training_time_mean": NaN, "training_time_total": 0.0, "val_accuracy": 0.35850000381469727, "val_loss": 1.7487893453598022, "validation_time_mean": NaN, "validation_time_total": 0.0, "samples": 60000, "num_workers": 1, "done": false, "timesteps_total": null, "episodes_total": null, "training_iteration": 2, "neg_mean_loss": -1.873527664089203, "experiment_id": "ffbe2e35b237471380d57f759621a184", "date": "2019-06-03_03-37-48", "timestamp": 1559558268, "time_this_iter_s": 40.16491723060608, "time_total_s": 86.02427911758423, "pid": 13440, "hostname": "steropes", "node_ip": "169.229.49.254", "config": {"starting_lr": 0.001, "momentum": 0.9, "weight_decay": 0.005, "steps_per_iteration": null, "pin": false, "model_creator": null, "target_batch_size": 128, "model_string": "resnet50", "min_batch_size": 128, "dataset": "CIFAR", "placement": null, "use_nccl": true, "devices_per_worker": 1, "primary_resource": "extra_gpu", "gpu": false, "verbose": false, "lr_config": {"mode": "log", "steps": 5, "initial_lr": 0.001, "target_lr": 0.001}, "batch_per_device": 128}, "time_since_restore": 86.02427911758423, "timesteps_since_restore": 0, "iterations_since_restore": 2, "mean_throughput": 1394.9513858591947, "atoms": 1, "setup_time": 9.3441743850708}
{"apply": 0.01707453727722168, "batch_time": 0.03134341481365735, "d2h": 0.0007045507431030273, "data_time": 0.0017034251366734809, "fwd": 0.027427268028259278, "get_state_time_mean": NaN, "get_state_time_total": 0.0, "grad": 0.04763453006744385, "mean_accuracy": 0.33686665693918866, "mean_loss": 1.8186377534230551, "neg_mean_accuracy": -0.3757999837398529, "set_state_time_mean": NaN, "set_state_time_total": 0.0, "setup_model_time_mean": NaN, "setup_model_time_total": 0.0, "setup_proc_time_mean": NaN, "setup_proc_time_total": 0.0, "train_accuracy": 0.34661999344825745, "train_loss": 1.7907212369537353, "training_time_mean": NaN, "training_time_total": 0.0, "val_accuracy": 0.3757999837398529, "val_loss": 1.7088579320907593, "validation_time_mean": NaN, "validation_time_total": 0.0, "samples": 60000, "num_workers": 1, "done": false, "timesteps_total": null, "episodes_total": null, "training_iteration": 3, "neg_mean_loss": -1.8186377534230551, "experiment_id": "ffbe2e35b237471380d57f759621a184", "date": "2019-06-03_03-38-29", "timestamp": 1559558309, "time_this_iter_s": 40.3670871257782, "time_total_s": 126.39136624336243, "pid": 13440, "hostname": "steropes", "node_ip": "169.229.49.254", "config": {"starting_lr": 0.001, "momentum": 0.9, "weight_decay": 0.005, "steps_per_iteration": null, "pin": false, "model_creator": null, "target_batch_size": 128, "model_string": "resnet50", "min_batch_size": 128, "dataset": "CIFAR", "placement": null, "use_nccl": true, "devices_per_worker": 1, "primary_resource": "extra_gpu", "gpu": false, "verbose": false, "lr_config": {"mode": "log", "steps": 5, "initial_lr": 0.001, "target_lr": 0.001}, "batch_per_device": 128}, "time_since_restore": 126.39136624336243, "timesteps_since_restore": 0, "iterations_since_restore": 3, "mean_throughput": 1424.1444841787982, "atoms": 1, "setup_time": 9.3441743850708}
{"apply": 0.016898488998413085, "batch_time": 0.03142984909347341, "d2h": 0.0006613492965698242, "data_time": 0.001777076355331694, "fwd": 0.02736995220184326, "get_state_time_mean": NaN, "get_state_time_total": 0.0, "grad": 0.04692177772521973, "mean_accuracy": 0.35749998688697815, "mean_loss": 1.757332215309143, "neg_mean_accuracy": -0.4193999767303467, "set_state_time_mean": NaN, "set_state_time_total": 0.0, "setup_model_time_mean": NaN, "setup_model_time_total": 0.0, "setup_proc_time_mean": NaN, "setup_proc_time_total": 0.0, "train_accuracy": 0.3795199990272522, "train_loss": 1.696107069015503, "training_time_mean": NaN, "training_time_total": 0.0, "val_accuracy": 0.4193999767303467, "val_loss": 1.5734156009674072, "validation_time_mean": NaN, "validation_time_total": 0.0, "samples": 60000, "num_workers": 1, "done": false, "timesteps_total": null, "episodes_total": null, "training_iteration": 4, "neg_mean_loss": -1.757332215309143, "experiment_id": "ffbe2e35b237471380d57f759621a184", "date": "2019-06-03_03-39-09", "timestamp": 1559558349, "time_this_iter_s": 40.464370250701904, "time_total_s": 166.85573649406433, "pid": 13440, "hostname": "steropes", "node_ip": "169.229.49.254", "config": {"starting_lr": 0.001, "momentum": 0.9, "weight_decay": 0.005, "steps_per_iteration": null, "pin": false, "model_creator": null, "target_batch_size": 128, "model_string": "resnet50", "min_batch_size": 128, "dataset": "CIFAR", "placement": null, "use_nccl": true, "devices_per_worker": 1, "primary_resource": "extra_gpu", "gpu": false, "verbose": false, "lr_config": {"mode": "log", "steps": 5, "initial_lr": 0.001, "target_lr": 0.001}, "batch_per_device": 128}, "time_since_restore": 166.85573649406433, "timesteps_since_restore": 0, "iterations_since_restore": 4, "mean_throughput": 1438.3649705371956, "atoms": 1, "setup_time": 9.3441743850708}
{"apply": 0.01688981056213379, "batch_time": 0.03142587142654612, "d2h": 0.0007113933563232422, "data_time": 0.0017302938739357093, "fwd": 0.027529096603393553, "get_state_time_mean": NaN, "get_state_time_total": 0.0, "grad": 0.04709634780883789, "mean_accuracy": 0.3740199863910675, "mean_loss": 1.7078695673751831, "neg_mean_accuracy": -0.4400999844074249, "set_state_time_mean": NaN, "set_state_time_total": 0.0, "setup_model_time_mean": NaN, "setup_model_time_total": 0.0, "setup_proc_time_mean": NaN, "setup_proc_time_total": 0.0, "train_accuracy": 0.40459999442100525, "train_loss": 1.6191155575561524, "training_time_mean": NaN, "training_time_total": 0.0, "val_accuracy": 0.4400999844074249, "val_loss": 1.5100189756393432, "validation_time_mean": NaN, "validation_time_total": 0.0, "samples": 60000, "num_workers": 1, "done": false, "timesteps_total": null, "episodes_total": null, "training_iteration": 5, "neg_mean_loss": -1.7078695673751831, "experiment_id": "ffbe2e35b237471380d57f759621a184", "date": "2019-06-03_03-39-49", "timestamp": 1559558389, "time_this_iter_s": 40.19536375999451, "time_total_s": 207.05110025405884, "pid": 13440, "hostname": "steropes", "node_ip": "169.229.49.254", "config": {"starting_lr": 0.001, "momentum": 0.9, "weight_decay": 0.005, "steps_per_iteration": null, "pin": false, "model_creator": null, "target_batch_size": 128, "model_string": "resnet50", "min_batch_size": 128, "dataset": "CIFAR", "placement": null, "use_nccl": true, "devices_per_worker": 1, "primary_resource": "extra_gpu", "gpu": false, "verbose": false, "lr_config": {"mode": "log", "steps": 5, "initial_lr": 0.001, "target_lr": 0.001}, "batch_per_device": 128}, "time_since_restore": 207.05110025405884, "timesteps_since_restore": 0, "iterations_since_restore": 5, "mean_throughput": 1448.9144257751398, "atoms": 1, "setup_time": 9.3441743850708}
{"apply": 0.01773679256439209, "batch_time": 0.03133333785624444, "d2h": 0.0006846904754638672, "data_time": 0.0017143801959884136, "fwd": 0.02754364013671875, "get_state_time_mean": NaN, "get_state_time_total": 0.0, "grad": 0.04789266586303711, "mean_accuracy": 0.4097399890422821, "mean_loss": 1.603765099449158, "neg_mean_accuracy": -0.45489999651908875, "set_state_time_mean": NaN, "set_state_time_total": 0.0, "setup_model_time_mean": NaN, "setup_model_time_total": 0.0, "setup_proc_time_mean": NaN, "setup_proc_time_total": 0.0, "train_accuracy": 0.4223199784755707, "train_loss": 1.57317500541687, "training_time_mean": NaN, "training_time_total": 0.0, "val_accuracy": 0.45489999651908875, "val_loss": 1.4777436431884765, "validation_time_mean": NaN, "validation_time_total": 0.0, "samples": 60000, "num_workers": 1, "done": false, "timesteps_total": null, "episodes_total": null, "training_iteration": 6, "neg_mean_loss": -1.603765099449158, "experiment_id": "ffbe2e35b237471380d57f759621a184", "date": "2019-06-03_03-40-29", "timestamp": 1559558429, "time_this_iter_s": 40.09386157989502, "time_total_s": 247.14496183395386, "pid": 13440, "hostname": "steropes", "node_ip": "169.229.49.254", "config": {"starting_lr": 0.001, "momentum": 0.9, "weight_decay": 0.005, "steps_per_iteration": null, "pin": false, "model_creator": null, "target_batch_size": 128, "model_string": "resnet50", "min_batch_size": 128, "dataset": "CIFAR", "placement": null, "use_nccl": true, "devices_per_worker": 1, "primary_resource": "extra_gpu", "gpu": false, "verbose": false, "lr_config": {"mode": "log", "steps": 5, "initial_lr": 0.001, "target_lr": 0.001}, "batch_per_device": 128}, "time_since_restore": 247.14496183395386, "timesteps_since_restore": 0, "iterations_since_restore": 6, "mean_throughput": 1490.4166033736608, "atoms": 1, "setup_time": 9.3441743850708}
{"apply": 0.017132210731506347, "batch_time": 0.03176695787453953, "d2h": 0.0006770849227905274, "data_time": 0.0017074654474282813, "fwd": 0.028572559356689453, "get_state_time_mean": NaN, "get_state_time_total": 0.0, "grad": 0.04816370010375977, "mean_accuracy": 0.43375998735427856, "mean_loss": 1.540624574127197, "neg_mean_accuracy": -0.47859999537467957, "set_state_time_mean": NaN, "set_state_time_total": 0.0, "setup_model_time_mean": NaN, "setup_model_time_total": 0.0, "setup_proc_time_mean": NaN, "setup_proc_time_total": 0.0, "train_accuracy": 0.4445599913597107, "train_loss": 1.5219305843353272, "training_time_mean": NaN, "training_time_total": 0.0, "val_accuracy": 0.47859999537467957, "val_loss": 1.43308671875, "validation_time_mean": NaN, "validation_time_total": 0.0, "samples": 60000, "num_workers": 1, "done": false, "timesteps_total": null, "episodes_total": null, "training_iteration": 7, "neg_mean_loss": -1.540624574127197, "experiment_id": "ffbe2e35b237471380d57f759621a184", "date": "2019-06-03_03-41-10", "timestamp": 1559558470, "time_this_iter_s": 40.30587649345398, "time_total_s": 287.45083832740784, "pid": 13440, "hostname": "steropes", "node_ip": "169.229.49.254", "config": {"starting_lr": 0.001, "momentum": 0.9, "weight_decay": 0.005, "steps_per_iteration": null, "pin": false, "model_creator": null, "target_batch_size": 128, "model_string": "resnet50", "min_batch_size": 128, "dataset": "CIFAR", "placement": null, "use_nccl": true, "devices_per_worker": 1, "primary_resource": "extra_gpu", "gpu": false, "verbose": false, "lr_config": {"mode": "log", "steps": 5, "initial_lr": 0.001, "target_lr": 0.001}, "batch_per_device": 128}, "time_since_restore": 287.45083832740784, "timesteps_since_restore": 0, "iterations_since_restore": 7, "mean_throughput": 1489.3736400973985, "atoms": 1, "setup_time": 9.3441743850708}
{"apply": 0.017636537551879883, "batch_time": 0.03105184096324293, "d2h": 0.0006569147109985352, "data_time": 0.001774250089055132, "fwd": 0.027379822731018067, "get_state_time_mean": NaN, "get_state_time_total": 0.0, "grad": 0.04727959632873535, "mean_accuracy": 0.4578599870204926, "mean_loss": 1.4744843154525757, "neg_mean_accuracy": -0.49629998207092285, "set_state_time_mean": NaN, "set_state_time_total": 0.0, "setup_model_time_mean": NaN, "setup_model_time_total": 0.0, "setup_proc_time_mean": NaN, "setup_proc_time_total": 0.0, "train_accuracy": 0.4617599844932556, "train_loss": 1.478121402053833, "training_time_mean": NaN, "training_time_total": 0.0, "val_accuracy": 0.49629998207092285, "val_loss": 1.3781566387176514, "validation_time_mean": NaN, "validation_time_total": 0.0, "samples": 60000, "num_workers": 1, "done": false, "timesteps_total": null, "episodes_total": null, "training_iteration": 8, "neg_mean_loss": -1.4744843154525757, "experiment_id": "ffbe2e35b237471380d57f759621a184", "date": "2019-06-03_03-41-50", "timestamp": 1559558510, "time_this_iter_s": 40.49564170837402, "time_total_s": 327.94648003578186, "pid": 13440, "hostname": "steropes", "node_ip": "169.229.49.254", "config": {"starting_lr": 0.001, "momentum": 0.9, "weight_decay": 0.005, "steps_per_iteration": null, "pin": false, "model_creator": null, "target_batch_size": 128, "model_string": "resnet50", "min_batch_size": 128, "dataset": "CIFAR", "placement": null, "use_nccl": true, "devices_per_worker": 1, "primary_resource": "extra_gpu", "gpu": false, "verbose": false, "lr_config": {"mode": "log", "steps": 5, "initial_lr": 0.001, "target_lr": 0.001}, "batch_per_device": 128}, "time_since_restore": 327.94648003578186, "timesteps_since_restore": 0, "iterations_since_restore": 8, "mean_throughput": 1488.4237274537538, "atoms": 1, "setup_time": 9.3441743850708}
{"apply": 0.01858079433441162, "batch_time": 0.031901374647888954, "d2h": 0.0006946563720703125, "data_time": 0.0017109508709529477, "fwd": 0.028544163703918456, "get_state_time_mean": NaN, "get_state_time_total": 0.0, "grad": 0.04784834384918213, "mean_accuracy": 0.47411999106407166, "mean_loss": 1.4335693136215208, "neg_mean_accuracy": -0.5006999969482422, "set_state_time_mean": NaN, "set_state_time_total": 0.0, "setup_model_time_mean": NaN, "setup_model_time_total": 0.0, "setup_proc_time_mean": NaN, "setup_proc_time_total": 0.0, "train_accuracy": 0.47613999247550964, "train_loss": 1.4376401567840575, "training_time_mean": NaN, "training_time_total": 0.0, "val_accuracy": 0.5006999969482422, "val_loss": 1.3688405918121338, "validation_time_mean": NaN, "validation_time_total": 0.0, "samples": 60000, "num_workers": 1, "done": false, "timesteps_total": null, "episodes_total": null, "training_iteration": 9, "neg_mean_loss": -1.4335693136215208, "experiment_id": "ffbe2e35b237471380d57f759621a184", "date": "2019-06-03_03-42-31", "timestamp": 1559558551, "time_this_iter_s": 40.556012868881226, "time_total_s": 368.5024929046631, "pid": 13440, "hostname": "steropes", "node_ip": "169.229.49.254", "config": {"starting_lr": 0.001, "momentum": 0.9, "weight_decay": 0.005, "steps_per_iteration": null, "pin": false, "model_creator": null, "target_batch_size": 128, "model_string": "resnet50", "min_batch_size": 128, "dataset": "CIFAR", "placement": null, "use_nccl": true, "devices_per_worker": 1, "primary_resource": "extra_gpu", "gpu": false, "verbose": false, "lr_config": {"mode": "log", "steps": 5, "initial_lr": 0.001, "target_lr": 0.001}, "batch_per_device": 128}, "time_since_restore": 368.5024929046631, "timesteps_since_restore": 0, "iterations_since_restore": 9, "mean_throughput": 1487.7469138438319, "atoms": 1, "setup_time": 9.3441743850708}
{"apply": 0.018126845359802246, "batch_time": 0.031434167789507514, "d2h": 0.0006956338882446289, "data_time": 0.0017267267417419901, "fwd": 0.02819702625274658, "get_state_time_mean": NaN, "get_state_time_total": 0.0, "grad": 0.04761042594909668, "mean_accuracy": 0.48827998638153075, "mean_loss": 1.3996335635757446, "neg_mean_accuracy": -0.5108999609947205, "set_state_time_mean": NaN, "set_state_time_total": 0.0, "setup_model_time_mean": NaN, "setup_model_time_total": 0.0, "setup_proc_time_mean": NaN, "setup_proc_time_total": 0.0, "train_accuracy": 0.4917999804019928, "train_loss": 1.3968892821502685, "training_time_mean": NaN, "training_time_total": 0.0, "val_accuracy": 0.5108999609947205, "val_loss": 1.3403402254104615, "validation_time_mean": NaN, "validation_time_total": 0.0, "samples": 60000, "num_workers": 1, "done": false, "timesteps_total": null, "episodes_total": null, "training_iteration": 10, "neg_mean_loss": -1.3996335635757446, "experiment_id": "ffbe2e35b237471380d57f759621a184", "date": "2019-06-03_03-43-11", "timestamp": 1559558591, "time_this_iter_s": 40.494916677474976, "time_total_s": 408.99740958213806, "pid": 13440, "hostname": "steropes", "node_ip": "169.229.49.254", "config": {"starting_lr": 0.001, "momentum": 0.9, "weight_decay": 0.005, "steps_per_iteration": null, "pin": false, "model_creator": null, "target_batch_size": 128, "model_string": "resnet50", "min_batch_size": 128, "dataset": "CIFAR", "placement": null, "use_nccl": true, "devices_per_worker": 1, "primary_resource": "extra_gpu", "gpu": false, "verbose": false, "lr_config": {"mode": "log", "steps": 5, "initial_lr": 0.001, "target_lr": 0.001}, "batch_per_device": 128}, "time_since_restore": 408.99740958213806, "timesteps_since_restore": 0, "iterations_since_restore": 10, "mean_throughput": 1485.540115597812, "atoms": 1, "setup_time": 9.3441743850708}
{"apply": 0.01695876121520996, "batch_time": 0.03151265578933909, "d2h": 0.0006740331649780273, "data_time": 0.0017359293330355982, "fwd": 0.02725231647491455, "get_state_time_mean": NaN, "get_state_time_total": 0.0, "grad": 0.047530078887939455, "mean_accuracy": 0.5034799873828888, "mean_loss": 1.3636484061813354, "neg_mean_accuracy": -0.5309000015258789, "set_state_time_mean": NaN, "set_state_time_total": 0.0, "setup_model_time_mean": NaN, "setup_model_time_total": 0.0, "setup_proc_time_mean": NaN, "setup_proc_time_total": 0.0, "train_accuracy": 0.5045199990272522, "train_loss": 1.361523064842224, "training_time_mean": NaN, "training_time_total": 0.0, "val_accuracy": 0.5309000015258789, "val_loss": 1.2978178562164306, "validation_time_mean": NaN, "validation_time_total": 0.0, "samples": 60000, "num_workers": 1, "done": false, "timesteps_total": null, "episodes_total": null, "training_iteration": 11, "neg_mean_loss": -1.3636484061813354, "experiment_id": "ffbe2e35b237471380d57f759621a184", "date": "2019-06-03_03-43-52", "timestamp": 1559558632, "time_this_iter_s": 40.50354218482971, "time_total_s": 449.5009517669678, "pid": 13440, "hostname": "steropes", "node_ip": "169.229.49.254", "config": {"starting_lr": 0.001, "momentum": 0.9, "weight_decay": 0.005, "steps_per_iteration": null, "pin": false, "model_creator": null, "target_batch_size": 128, "model_string": "resnet50", "min_batch_size": 128, "dataset": "CIFAR", "placement": null, "use_nccl": true, "devices_per_worker": 1, "primary_resource": "extra_gpu", "gpu": false, "verbose": false, "lr_config": {"mode": "log", "steps": 5, "initial_lr": 0.001, "target_lr": 0.001}, "batch_per_device": 128}, "time_since_restore": 449.5009517669678, "timesteps_since_restore": 0, "iterations_since_restore": 11, "mean_throughput": 1482.532576636722, "atoms": 1, "setup_time": 9.3441743850708}
{"apply": 0.017252182960510253, "batch_time": 0.03111107138138783, "d2h": 0.0006827116012573242, "data_time": 0.0017228346041706212, "fwd": 0.027318120002746582, "get_state_time_mean": NaN, "get_state_time_total": 0.0, "grad": 0.047951912879943846, "mean_accuracy": 0.516319990158081, "mean_loss": 1.3315698180007933, "neg_mean_accuracy": -0.5428000092506409, "set_state_time_mean": NaN, "set_state_time_total": 0.0, "setup_model_time_mean": NaN, "setup_model_time_total": 0.0, "setup_proc_time_mean": NaN, "setup_proc_time_total": 0.0, "train_accuracy": 0.517520010471344, "train_loss": 1.3275036980056762, "training_time_mean": NaN, "training_time_total": 0.0, "val_accuracy": 0.5428000092506409, "val_loss": 1.27269377784729, "validation_time_mean": NaN, "validation_time_total": 0.0, "samples": 60000, "num_workers": 1, "done": false, "timesteps_total": null, "episodes_total": null, "training_iteration": 12, "neg_mean_loss": -1.3315698180007933, "experiment_id": "ffbe2e35b237471380d57f759621a184", "date": "2019-06-03_03-44-32", "timestamp": 1559558672, "time_this_iter_s": 40.14736557006836, "time_total_s": 489.64831733703613, "pid": 13440, "hostname": "steropes", "node_ip": "169.229.49.254", "config": {"starting_lr": 0.001, "momentum": 0.9, "weight_decay": 0.005, "steps_per_iteration": null, "pin": false, "model_creator": null, "target_batch_size": 128, "model_string": "resnet50", "min_batch_size": 128, "dataset": "CIFAR", "placement": null, "use_nccl": true, "devices_per_worker": 1, "primary_resource": "extra_gpu", "gpu": false, "verbose": false, "lr_config": {"mode": "log", "steps": 5, "initial_lr": 0.001, "target_lr": 0.001}, "batch_per_device": 128}, "time_since_restore": 489.64831733703613, "timesteps_since_restore": 0, "iterations_since_restore": 12, "mean_throughput": 1483.6948028893366, "atoms": 1, "setup_time": 9.3441743850708}
{"apply": 0.01722264289855957, "batch_time": 0.03143985060196888, "d2h": 0.000705552101135254, "data_time": 0.0017305621710579718, "fwd": 0.028046131134033203, "get_state_time_mean": NaN, "get_state_time_total": 0.0, "grad": 0.047478461265563966, "mean_accuracy": 0.5270399928092957, "mean_loss": 1.3026657603836058, "neg_mean_accuracy": -0.5498999953269958, "set_state_time_mean": NaN, "set_state_time_total": 0.0, "setup_model_time_mean": NaN, "setup_model_time_total": 0.0, "setup_proc_time_mean": NaN, "setup_proc_time_total": 0.0, "train_accuracy": 0.533079981803894, "train_loss": 1.2879445532989502, "training_time_mean": NaN, "training_time_total": 0.0, "val_accuracy": 0.5498999953269958, "val_loss": 1.2336363506317138, "validation_time_mean": NaN, "validation_time_total": 0.0, "samples": 60000, "num_workers": 1, "done": false, "timesteps_total": null, "episodes_total": null, "training_iteration": 13, "neg_mean_loss": -1.3026657603836058, "experiment_id": "ffbe2e35b237471380d57f759621a184", "date": "2019-06-03_03-45-12", "timestamp": 1559558712, "time_this_iter_s": 40.39492726325989, "time_total_s": 530.043244600296, "pid": 13440, "hostname": "steropes", "node_ip": "169.229.49.254", "config": {"starting_lr": 0.001, "momentum": 0.9, "weight_decay": 0.005, "steps_per_iteration": null, "pin": false, "model_creator": null, "target_batch_size": 128, "model_string": "resnet50", "min_batch_size": 128, "dataset": "CIFAR", "placement": null, "use_nccl": true, "devices_per_worker": 1, "primary_resource": "extra_gpu", "gpu": false, "verbose": false, "lr_config": {"mode": "log", "steps": 5, "initial_lr": 0.001, "target_lr": 0.001}, "batch_per_device": 128}, "time_since_restore": 530.043244600296, "timesteps_since_restore": 0, "iterations_since_restore": 13, "mean_throughput": 1484.4341568048058, "atoms": 1, "setup_time": 9.3441743850708}
{"apply": 0.01691129207611084, "batch_time": 0.031367317030701454, "d2h": 0.0007030963897705078, "data_time": 0.0017075563025901385, "fwd": 0.027515625953674315, "get_state_time_mean": NaN, "get_state_time_total": 0.0, "grad": 0.048781609535217284, "mean_accuracy": 0.5364999890327453, "mean_loss": 1.2797291101455688, "neg_mean_accuracy": -0.5479999780654907, "set_state_time_mean": NaN, "set_state_time_total": 0.0, "setup_model_time_mean": NaN, "setup_model_time_total": 0.0, "setup_proc_time_mean": NaN, "setup_proc_time_total": 0.0, "train_accuracy": 0.5447399616241455, "train_loss": 1.2592647705841065, "training_time_mean": NaN, "training_time_total": 0.0, "val_accuracy": 0.5479999780654907, "val_loss": 1.2541573406219482, "validation_time_mean": NaN, "validation_time_total": 0.0, "samples": 60000, "num_workers": 1, "done": false, "timesteps_total": null, "episodes_total": null, "training_iteration": 14, "neg_mean_loss": -1.2797291101455688, "experiment_id": "ffbe2e35b237471380d57f759621a184", "date": "2019-06-03_03-45-53", "timestamp": 1559558753, "time_this_iter_s": 40.32119917869568, "time_total_s": 570.3644437789917, "pid": 13440, "hostname": "steropes", "node_ip": "169.229.49.254", "config": {"starting_lr": 0.001, "momentum": 0.9, "weight_decay": 0.005, "steps_per_iteration": null, "pin": false, "model_creator": null, "target_batch_size": 128, "model_string": "resnet50", "min_batch_size": 128, "dataset": "CIFAR", "placement": null, "use_nccl": true, "devices_per_worker": 1, "primary_resource": "extra_gpu", "gpu": false, "verbose": false, "lr_config": {"mode": "log", "steps": 5, "initial_lr": 0.001, "target_lr": 0.001}, "batch_per_device": 128}, "time_since_restore": 570.3644437789917, "timesteps_since_restore": 0, "iterations_since_restore": 14, "mean_throughput": 1486.1612645161533, "atoms": 1, "setup_time": 9.3441743850708}
{"apply": 0.01722409725189209, "batch_time": 0.03210753428785107, "d2h": 0.0007181882858276368, "data_time": 0.0017205309075162844, "fwd": 0.027520132064819337, "get_state_time_mean": NaN, "get_state_time_total": 0.0, "grad": 0.04727792739868164, "mean_accuracy": 0.5481399893760681, "mean_loss": 1.2494205262756348, "neg_mean_accuracy": -0.5690999627113342, "set_state_time_mean": NaN, "set_state_time_total": 0.0, "setup_model_time_mean": NaN, "setup_model_time_total": 0.0, "setup_proc_time_mean": NaN, "setup_proc_time_total": 0.0, "train_accuracy": 0.5577600002288818, "train_loss": 1.2304508451080323, "training_time_mean": NaN, "training_time_total": 0.0, "val_accuracy": 0.5690999627113342, "val_loss": 1.188797306060791, "validation_time_mean": NaN, "validation_time_total": 0.0, "samples": 60000, "num_workers": 1, "done": false, "timesteps_total": null, "episodes_total": null, "training_iteration": 15, "neg_mean_loss": -1.2494205262756348, "experiment_id": "ffbe2e35b237471380d57f759621a184", "date": "2019-06-03_03-46-33", "timestamp": 1559558793, "time_this_iter_s": 40.65225839614868, "time_total_s": 611.0167021751404, "pid": 13440, "hostname": "steropes", "node_ip": "169.229.49.254", "config": {"starting_lr": 0.001, "momentum": 0.9, "weight_decay": 0.005, "steps_per_iteration": null, "pin": false, "model_creator": null, "target_batch_size": 128, "model_string": "resnet50", "min_batch_size": 128, "dataset": "CIFAR", "placement": null, "use_nccl": true, "devices_per_worker": 1, "primary_resource": "extra_gpu", "gpu": false, "verbose": false, "lr_config": {"mode": "log", "steps": 5, "initial_lr": 0.001, "target_lr": 0.001}, "batch_per_device": 128}, "time_since_restore": 611.0167021751404, "timesteps_since_restore": 0, "iterations_since_restore": 15, "mean_throughput": 1485.0037459460814, "atoms": 1, "setup_time": 9.3441743850708}
{"apply": 0.017798471450805663, "batch_time": 0.03181160250796548, "d2h": 0.0007066726684570312, "data_time": 0.0017305859519392633, "fwd": 0.0281466007232666, "get_state_time_mean": NaN, "get_state_time_total": 0.0, "grad": 0.04734666347503662, "mean_accuracy": 0.5580599904060364, "mean_loss": 1.2226779288482665, "neg_mean_accuracy": -0.5805000066757202, "set_state_time_mean": NaN, "set_state_time_total": 0.0, "setup_model_time_mean": NaN, "setup_model_time_total": 0.0, "setup_proc_time_mean": NaN, "setup_proc_time_total": 0.0, "train_accuracy": 0.5679399967193604, "train_loss": 1.2009914554977417, "training_time_mean": NaN, "training_time_total": 0.0, "val_accuracy": 0.5805000066757202, "val_loss": 1.1641048690795899, "validation_time_mean": NaN, "validation_time_total": 0.0, "samples": 60000, "num_workers": 1, "done": false, "timesteps_total": null, "episodes_total": null, "training_iteration": 16, "neg_mean_loss": -1.2226779288482665, "experiment_id": "ffbe2e35b237471380d57f759621a184", "date": "2019-06-03_03-47-14", "timestamp": 1559558834, "time_this_iter_s": 40.4923837184906, "time_total_s": 651.509085893631, "pid": 13440, "hostname": "steropes", "node_ip": "169.229.49.254", "config": {"starting_lr": 0.001, "momentum": 0.9, "weight_decay": 0.005, "steps_per_iteration": null, "pin": false, "model_creator": null, "target_batch_size": 128, "model_string": "resnet50", "min_batch_size": 128, "dataset": "CIFAR", "placement": null, "use_nccl": true, "devices_per_worker": 1, "primary_resource": "extra_gpu", "gpu": false, "verbose": false, "lr_config": {"mode": "log", "steps": 5, "initial_lr": 0.001, "target_lr": 0.001}, "batch_per_device": 128}, "time_since_restore": 651.509085893631, "timesteps_since_restore": 0, "iterations_since_restore": 16, "mean_throughput": 1485.0857669760849, "atoms": 1, "setup_time": 9.3441743850708}
{"apply": 0.01758592128753662, "batch_time": 0.033094043973125986, "d2h": 0.0007045269012451172, "data_time": 0.0017161174198550642, "fwd": 0.027667021751403807, "get_state_time_mean": NaN, "get_state_time_total": 0.0, "grad": 0.048348736763000486, "mean_accuracy": 0.5677199840545655, "mean_loss": 1.197083816871643, "neg_mean_accuracy": -0.5910999774932861, "set_state_time_mean": NaN, "set_state_time_total": 0.0, "setup_model_time_mean": NaN, "setup_model_time_total": 0.0, "setup_proc_time_mean": NaN, "setup_proc_time_total": 0.0, "train_accuracy": 0.5794000029563904, "train_loss": 1.1719884491348267, "training_time_mean": NaN, "training_time_total": 0.0, "val_accuracy": 0.5910999774932861, "val_loss": 1.1447232179641724, "validation_time_mean": NaN, "validation_time_total": 0.0, "samples": 60000, "num_workers": 1, "done": false, "timesteps_total": null, "episodes_total": null, "training_iteration": 17, "neg_mean_loss": -1.197083816871643, "experiment_id": "ffbe2e35b237471380d57f759621a184", "date": "2019-06-03_03-47-54", "timestamp": 1559558874, "time_this_iter_s": 40.62029671669006, "time_total_s": 692.129382610321, "pid": 13440, "hostname": "steropes", "node_ip": "169.229.49.254", "config": {"starting_lr": 0.001, "momentum": 0.9, "weight_decay": 0.005, "steps_per_iteration": null, "pin": false, "model_creator": null, "target_batch_size": 128, "model_string": "resnet50", "min_batch_size": 128, "dataset": "CIFAR", "placement": null, "use_nccl": true, "devices_per_worker": 1, "primary_resource": "extra_gpu", "gpu": false, "verbose": false, "lr_config": {"mode": "log", "steps": 5, "initial_lr": 0.001, "target_lr": 0.001}, "batch_per_device": 128}, "time_since_restore": 692.129382610321, "timesteps_since_restore": 0, "iterations_since_restore": 17, "mean_throughput": 1481.6170263951913, "atoms": 1, "setup_time": 9.3441743850708}
{"apply": 0.01680903434753418, "batch_time": 0.03251883953432493, "d2h": 0.0006981134414672851, "data_time": 0.0017092209642805406, "fwd": 0.0271939754486084, "get_state_time_mean": NaN, "get_state_time_total": 0.0, "grad": 0.04735994338989258, "mean_accuracy": 0.5777199864387512, "mean_loss": 1.1761612681198121, "neg_mean_accuracy": -0.5999000072479248, "set_state_time_mean": NaN, "set_state_time_total": 0.0, "setup_model_time_mean": NaN, "setup_model_time_total": 0.0, "setup_proc_time_mean": NaN, "setup_proc_time_total": 0.0, "train_accuracy": 0.5887799859046936, "train_loss": 1.1507030462646484, "training_time_mean": NaN, "training_time_total": 0.0, "val_accuracy": 0.5999000072479248, "val_loss": 1.1290236068725585, "validation_time_mean": NaN, "validation_time_total": 0.0, "samples": 60000, "num_workers": 1, "done": false, "timesteps_total": null, "episodes_total": null, "training_iteration": 18, "neg_mean_loss": -1.1761612681198121, "experiment_id": "ffbe2e35b237471380d57f759621a184", "date": "2019-06-03_03-48-35", "timestamp": 1559558915, "time_this_iter_s": 40.625868797302246, "time_total_s": 732.7552514076233, "pid": 13440, "hostname": "steropes", "node_ip": "169.229.49.254", "config": {"starting_lr": 0.001, "momentum": 0.9, "weight_decay": 0.005, "steps_per_iteration": null, "pin": false, "model_creator": null, "target_batch_size": 128, "model_string": "resnet50", "min_batch_size": 128, "dataset": "CIFAR", "placement": null, "use_nccl": true, "devices_per_worker": 1, "primary_resource": "extra_gpu", "gpu": false, "verbose": false, "lr_config": {"mode": "log", "steps": 5, "initial_lr": 0.001, "target_lr": 0.001}, "batch_per_device": 128}, "time_since_restore": 732.7552514076233, "timesteps_since_restore": 0, "iterations_since_restore": 18, "mean_throughput": 1479.9290629743318, "atoms": 1, "setup_time": 9.3441743850708}
{"apply": 0.017044663429260254, "batch_time": 0.030988153023055836, "d2h": 0.0006953239440917969, "data_time": 0.0017526643660367297, "fwd": 0.027211713790893554, "get_state_time_mean": NaN, "get_state_time_total": 0.0, "grad": 0.04765961170196533, "mean_accuracy": 0.5912199854850769, "mean_loss": 1.1422047772979735, "neg_mean_accuracy": -0.6154999732971191, "set_state_time_mean": NaN, "set_state_time_total": 0.0, "setup_model_time_mean": NaN, "setup_model_time_total": 0.0, "setup_proc_time_mean": NaN, "setup_proc_time_total": 0.0, "train_accuracy": 0.598800003528595, "train_loss": 1.119852933654785, "training_time_mean": NaN, "training_time_total": 0.0, "val_accuracy": 0.6154999732971191, "val_loss": 1.0843748865127563, "validation_time_mean": NaN, "validation_time_total": 0.0, "samples": 60000, "num_workers": 1, "done": false, "timesteps_total": null, "episodes_total": null, "training_iteration": 19, "neg_mean_loss": -1.1422047772979735, "experiment_id": "ffbe2e35b237471380d57f759621a184", "date": "2019-06-03_03-49-16", "timestamp": 1559558956, "time_this_iter_s": 40.506356954574585, "time_total_s": 773.2616083621979, "pid": 13440, "hostname": "steropes", "node_ip": "169.229.49.254", "config": {"starting_lr": 0.001, "momentum": 0.9, "weight_decay": 0.005, "steps_per_iteration": null, "pin": false, "model_creator": null, "target_batch_size": 128, "model_string": "resnet50", "min_batch_size": 128, "dataset": "CIFAR", "placement": null, "use_nccl": true, "devices_per_worker": 1, "primary_resource": "extra_gpu", "gpu": false, "verbose": false, "lr_config": {"mode": "log", "steps": 5, "initial_lr": 0.001, "target_lr": 0.001}, "batch_per_device": 128}, "time_since_restore": 773.2616083621979, "timesteps_since_restore": 0, "iterations_since_restore": 19, "mean_throughput": 1478.5785726784165, "atoms": 1, "setup_time": 9.3441743850708}
{"apply": 0.018275880813598634, "batch_time": 0.030989565426790263, "d2h": 0.0007206678390502929, "data_time": 0.0017652743307830733, "fwd": 0.02887094020843506, "get_state_time_mean": NaN, "get_state_time_total": 0.0, "grad": 0.048191189765930176, "mean_accuracy": 0.5998799920082092, "mean_loss": 1.1230971406173706, "neg_mean_accuracy": -0.6123999953269958, "set_state_time_mean": NaN, "set_state_time_total": 0.0, "setup_model_time_mean": NaN, "setup_model_time_total": 0.0, "setup_proc_time_mean": NaN, "setup_proc_time_total": 0.0, "train_accuracy": 0.6106599569320679, "train_loss": 1.0902314988708497, "training_time_mean": NaN, "training_time_total": 0.0, "val_accuracy": 0.6123999953269958, "val_loss": 1.093259122657776, "validation_time_mean": NaN, "validation_time_total": 0.0, "samples": 60000, "num_workers": 1, "done": false, "timesteps_total": null, "episodes_total": null, "training_iteration": 20, "neg_mean_loss": -1.1230971406173706, "experiment_id": "ffbe2e35b237471380d57f759621a184", "date": "2019-06-03_03-49-56", "timestamp": 1559558996, "time_this_iter_s": 40.488548040390015, "time_total_s": 813.7501564025879, "pid": 13440, "hostname": "steropes", "node_ip": "169.229.49.254", "config": {"starting_lr": 0.001, "momentum": 0.9, "weight_decay": 0.005, "steps_per_iteration": null, "pin": false, "model_creator": null, "target_batch_size": 128, "model_string": "resnet50", "min_batch_size": 128, "dataset": "CIFAR", "placement": null, "use_nccl": true, "devices_per_worker": 1, "primary_resource": "extra_gpu", "gpu": false, "verbose": false, "lr_config": {"mode": "log", "steps": 5, "initial_lr": 0.001, "target_lr": 0.001}, "batch_per_device": 128}, "time_since_restore": 813.7501564025879, "timesteps_since_restore": 0, "iterations_since_restore": 20, "mean_throughput": 1479.7726042008812, "atoms": 1, "setup_time": 9.3441743850708}
{"apply": 0.016967415809631348, "batch_time": 0.03220767914494382, "d2h": 0.0008124113082885742, "data_time": 0.001732243906201609, "fwd": 0.02742037773132324, "get_state_time_mean": NaN, "get_state_time_total": 0.0, "grad": 0.04749186038970947, "mean_accuracy": 0.6089399933815003, "mean_loss": 1.101099923286438, "neg_mean_accuracy": -0.6258000135421753, "set_state_time_mean": NaN, "set_state_time_total": 0.0, "setup_model_time_mean": NaN, "setup_model_time_total": 0.0, "setup_proc_time_mean": NaN, "setup_proc_time_total": 0.0, "train_accuracy": 0.6185199618339539, "train_loss": 1.062315087890625, "training_time_mean": NaN, "training_time_total": 0.0, "val_accuracy": 0.6258000135421753, "val_loss": 1.0541187824249267, "validation_time_mean": NaN, "validation_time_total": 0.0, "samples": 60000, "num_workers": 1, "done": false, "timesteps_total": null, "episodes_total": null, "training_iteration": 21, "neg_mean_loss": -1.101099923286438, "experiment_id": "ffbe2e35b237471380d57f759621a184", "date": "2019-06-03_03-50-36", "timestamp": 1559559036, "time_this_iter_s": 40.34658169746399, "time_total_s": 854.0967381000519, "pid": 13440, "hostname": "steropes", "node_ip": "169.229.49.254", "config": {"starting_lr": 0.001, "momentum": 0.9, "weight_decay": 0.005, "steps_per_iteration": null, "pin": false, "model_creator": null, "target_batch_size": 128, "model_string": "resnet50", "min_batch_size": 128, "dataset": "CIFAR", "placement": null, "use_nccl": true, "devices_per_worker": 1, "primary_resource": "extra_gpu", "gpu": false, "verbose": false, "lr_config": {"mode": "log", "steps": 5, "initial_lr": 0.001, "target_lr": 0.001}, "batch_per_device": 128}, "time_since_restore": 854.0967381000519, "timesteps_since_restore": 0, "iterations_since_restore": 21, "mean_throughput": 1480.837553832258, "atoms": 1, "setup_time": 9.3441743850708}
{"apply": 0.017700886726379393, "batch_time": 0.03120519843282579, "d2h": 0.0007043361663818359, "data_time": 0.0017328097692231083, "fwd": 0.028127551078796387, "get_state_time_mean": NaN, "get_state_time_total": 0.0, "grad": 0.048608040809631346, "mean_accuracy": 0.6180599927902222, "mean_loss": 1.0780480576896667, "neg_mean_accuracy": -0.6366999745368958, "set_state_time_mean": NaN, "set_state_time_total": 0.0, "setup_model_time_mean": NaN, "setup_model_time_total": 0.0, "setup_proc_time_mean": NaN, "setup_proc_time_total": 0.0, "train_accuracy": 0.6286199688911438, "train_loss": 1.0397026811027528, "training_time_mean": NaN, "training_time_total": 0.0, "val_accuracy": 0.6366999745368958, "val_loss": 1.0294638899803161, "validation_time_mean": NaN, "validation_time_total": 0.0, "samples": 60000, "num_workers": 1, "done": false, "timesteps_total": null, "episodes_total": null, "training_iteration": 22, "neg_mean_loss": -1.0780480576896667, "experiment_id": "ffbe2e35b237471380d57f759621a184", "date": "2019-06-03_03-51-17", "timestamp": 1559559077, "time_this_iter_s": 40.43636512756348, "time_total_s": 894.5331032276154, "pid": 13440, "hostname": "steropes", "node_ip": "169.229.49.254", "config": {"starting_lr": 0.001, "momentum": 0.9, "weight_decay": 0.005, "steps_per_iteration": null, "pin": false, "model_creator": null, "target_batch_size": 128, "model_string": "resnet50", "min_batch_size": 128, "dataset": "CIFAR", "placement": null, "use_nccl": true, "devices_per_worker": 1, "primary_resource": "extra_gpu", "gpu": false, "verbose": false, "lr_config": {"mode": "log", "steps": 5, "initial_lr": 0.001, "target_lr": 0.001}, "batch_per_device": 128}, "time_since_restore": 894.5331032276154, "timesteps_since_restore": 0, "iterations_since_restore": 22, "mean_throughput": 1482.1832243944211, "atoms": 1, "setup_time": 9.3441743850708}
{"apply": 0.017926549911499022, "batch_time": 0.031251388260080844, "d2h": 0.0007200479507446289, "data_time": 0.0017341244251221951, "fwd": 0.0287078857421875, "get_state_time_mean": NaN, "get_state_time_total": 0.0, "grad": 0.048177337646484374, "mean_accuracy": 0.6244599938392639, "mean_loss": 1.0579260166740416, "neg_mean_accuracy": -0.6319000124931335, "set_state_time_mean": NaN, "set_state_time_total": 0.0, "setup_model_time_mean": NaN, "setup_model_time_total": 0.0, "setup_proc_time_mean": NaN, "setup_proc_time_total": 0.0, "train_accuracy": 0.6343599557876587, "train_loss": 1.0209015659713745, "training_time_mean": NaN, "training_time_total": 0.0, "val_accuracy": 0.6319000124931335, "val_loss": 1.0284134017944335, "validation_time_mean": NaN, "validation_time_total": 0.0, "samples": 60000, "num_workers": 1, "done": false, "timesteps_total": null, "episodes_total": null, "training_iteration": 23, "neg_mean_loss": -1.0579260166740416, "experiment_id": "ffbe2e35b237471380d57f759621a184", "date": "2019-06-03_03-51-58", "timestamp": 1559559118, "time_this_iter_s": 40.60548210144043, "time_total_s": 935.1385853290558, "pid": 13440, "hostname": "steropes", "node_ip": "169.229.49.254", "config": {"starting_lr": 0.001, "momentum": 0.9, "weight_decay": 0.005, "steps_per_iteration": null, "pin": false, "model_creator": null, "target_batch_size": 128, "model_string": "resnet50", "min_batch_size": 128, "dataset": "CIFAR", "placement": null, "use_nccl": true, "devices_per_worker": 1, "primary_resource": "extra_gpu", "gpu": false, "verbose": false, "lr_config": {"mode": "log", "steps": 5, "initial_lr": 0.001, "target_lr": 0.001}, "batch_per_device": 128}, "time_since_restore": 935.1385853290558, "timesteps_since_restore": 0, "iterations_since_restore": 23, "mean_throughput": 1482.3325970758995, "atoms": 1, "setup_time": 9.3441743850708}
{"apply": 0.016994595527648926, "batch_time": 0.03103518787818619, "d2h": 0.0007168769836425782, "data_time": 0.001811967786315762, "fwd": 0.027385234832763672, "get_state_time_mean": NaN, "get_state_time_total": 0.0, "grad": 0.047701144218444826, "mean_accuracy": 0.6312999963760376, "mean_loss": 1.0395494646263121, "neg_mean_accuracy": -0.6496999859809875, "set_state_time_mean": NaN, "set_state_time_total": 0.0, "setup_model_time_mean": NaN, "setup_model_time_total": 0.0, "setup_proc_time_mean": NaN, "setup_proc_time_total": 0.0, "train_accuracy": 0.6483599543571472, "train_loss": 0.9883198204421997, "training_time_mean": NaN, "training_time_total": 0.0, "val_accuracy": 0.6496999859809875, "val_loss": 0.9924921262741089, "validation_time_mean": NaN, "validation_time_total": 0.0, "samples": 60000, "num_workers": 1, "done": false, "timesteps_total": null, "episodes_total": null, "training_iteration": 24, "neg_mean_loss": -1.0395494646263121, "experiment_id": "ffbe2e35b237471380d57f759621a184", "date": "2019-06-03_03-52-38", "timestamp": 1559559158, "time_this_iter_s": 40.52001595497131, "time_total_s": 975.6586012840271, "pid": 13440, "hostname": "steropes", "node_ip": "169.229.49.254", "config": {"starting_lr": 0.001, "momentum": 0.9, "weight_decay": 0.005, "steps_per_iteration": null, "pin": false, "model_creator": null, "target_batch_size": 128, "model_string": "resnet50", "min_batch_size": 128, "dataset": "CIFAR", "placement": null, "use_nccl": true, "devices_per_worker": 1, "primary_resource": "extra_gpu", "gpu": false, "verbose": false, "lr_config": {"mode": "log", "steps": 5, "initial_lr": 0.001, "target_lr": 0.001}, "batch_per_device": 128}, "time_since_restore": 975.6586012840271, "timesteps_since_restore": 0, "iterations_since_restore": 24, "mean_throughput": 1482.2324817321814, "atoms": 1, "setup_time": 9.3441743850708}
{"apply": 0.018276500701904296, "batch_time": 0.03168057791794403, "d2h": 0.0007248640060424805, "data_time": 0.001772568353911495, "fwd": 0.02841010093688965, "get_state_time_mean": NaN, "get_state_time_total": 0.0, "grad": 0.048523545265197754, "mean_accuracy": 0.6395399928092956, "mean_loss": 1.0170978600120544, "neg_mean_accuracy": -0.6535999774932861, "set_state_time_mean": NaN, "set_state_time_total": 0.0, "setup_model_time_mean": NaN, "setup_model_time_total": 0.0, "setup_proc_time_mean": NaN, "setup_proc_time_total": 0.0, "train_accuracy": 0.6549599766731262, "train_loss": 0.960598636932373, "training_time_mean": NaN, "training_time_total": 0.0, "val_accuracy": 0.6535999774932861, "val_loss": 0.9810010995864868, "validation_time_mean": NaN, "validation_time_total": 0.0, "samples": 60000, "num_workers": 1, "done": false, "timesteps_total": null, "episodes_total": null, "training_iteration": 25, "neg_mean_loss": -1.0170978600120544, "experiment_id": "ffbe2e35b237471380d57f759621a184", "date": "2019-06-03_03-53-19", "timestamp": 1559559199, "time_this_iter_s": 40.50950837135315, "time_total_s": 1016.1681096553802, "pid": 13440, "hostname": "steropes", "node_ip": "169.229.49.254", "config": {"starting_lr": 0.001, "momentum": 0.9, "weight_decay": 0.005, "steps_per_iteration": null, "pin": false, "model_creator": null, "target_batch_size": 128, "model_string": "resnet50", "min_batch_size": 128, "dataset": "CIFAR", "placement": null, "use_nccl": true, "devices_per_worker": 1, "primary_resource": "extra_gpu", "gpu": false, "verbose": false, "lr_config": {"mode": "log", "steps": 5, "initial_lr": 0.001, "target_lr": 0.001}, "batch_per_device": 128}, "time_since_restore": 1016.1681096553802, "timesteps_since_restore": 0, "iterations_since_restore": 25, "mean_throughput": 1482.0789413579428, "atoms": 1, "setup_time": 9.3441743850708}
{"apply": 0.016898560523986816, "batch_time": 0.030949758577950393, "d2h": 0.0007147550582885742, "data_time": 0.001752274115677075, "fwd": 0.027220535278320312, "get_state_time_mean": NaN, "get_state_time_total": 0.0, "grad": 0.04740974903106689, "mean_accuracy": 0.6475799918174744, "mean_loss": 0.9943710071754455, "neg_mean_accuracy": -0.6660000085830688, "set_state_time_mean": NaN, "set_state_time_total": 0.0, "setup_model_time_mean": NaN, "setup_model_time_total": 0.0, "setup_proc_time_mean": NaN, "setup_proc_time_total": 0.0, "train_accuracy": 0.6620799899101257, "train_loss": 0.9447724906158447, "training_time_mean": NaN, "training_time_total": 0.0, "val_accuracy": 0.6660000085830688, "val_loss": 0.9404845182418823, "validation_time_mean": NaN, "validation_time_total": 0.0, "samples": 60000, "num_workers": 1, "done": false, "timesteps_total": null, "episodes_total": null, "training_iteration": 26, "neg_mean_loss": -0.9943710071754455, "experiment_id": "ffbe2e35b237471380d57f759621a184", "date": "2019-06-03_03-53-59", "timestamp": 1559559239, "time_this_iter_s": 40.439104318618774, "time_total_s": 1056.607213973999, "pid": 13440, "hostname": "steropes", "node_ip": "169.229.49.254", "config": {"starting_lr": 0.001, "momentum": 0.9, "weight_decay": 0.005, "steps_per_iteration": null, "pin": false, "model_creator": null, "target_batch_size": 128, "model_string": "resnet50", "min_batch_size": 128, "dataset": "CIFAR", "placement": null, "use_nccl": true, "devices_per_worker": 1, "primary_resource": "extra_gpu", "gpu": false, "verbose": false, "lr_config": {"mode": "log", "steps": 5, "initial_lr": 0.001, "target_lr": 0.001}, "batch_per_device": 128}, "time_since_restore": 1056.607213973999, "timesteps_since_restore": 0, "iterations_since_restore": 26, "mean_throughput": 1481.4018515580578, "atoms": 1, "setup_time": 9.3441743850708}
{"apply": 0.0172288179397583, "batch_time": 0.03115560133245927, "d2h": 0.0006937026977539062, "data_time": 0.001731640847442705, "fwd": 0.0277662992477417, "get_state_time_mean": NaN, "get_state_time_total": 0.0, "grad": 0.04807174205780029, "mean_accuracy": 0.6553599953651428, "mean_loss": 0.9722348447608947, "neg_mean_accuracy": -0.675599992275238, "set_state_time_mean": NaN, "set_state_time_total": 0.0, "setup_model_time_mean": NaN, "setup_model_time_total": 0.0, "setup_proc_time_mean": NaN, "setup_proc_time_total": 0.0, "train_accuracy": 0.6743599772453308, "train_loss": 0.9144478618240356, "training_time_mean": NaN, "training_time_total": 0.0, "val_accuracy": 0.675599992275238, "val_loss": 0.9187830779075623, "validation_time_mean": NaN, "validation_time_total": 0.0, "samples": 60000, "num_workers": 1, "done": false, "timesteps_total": null, "episodes_total": null, "training_iteration": 27, "neg_mean_loss": -0.9722348447608947, "experiment_id": "ffbe2e35b237471380d57f759621a184", "date": "2019-06-03_03-54-39", "timestamp": 1559559279, "time_this_iter_s": 40.37848973274231, "time_total_s": 1096.9857037067413, "pid": 13440, "hostname": "steropes", "node_ip": "169.229.49.254", "config": {"starting_lr": 0.001, "momentum": 0.9, "weight_decay": 0.005, "steps_per_iteration": null, "pin": false, "model_creator": null, "target_batch_size": 128, "model_string": "resnet50", "min_batch_size": 128, "dataset": "CIFAR", "placement": null, "use_nccl": true, "devices_per_worker": 1, "primary_resource": "extra_gpu", "gpu": false, "verbose": false, "lr_config": {"mode": "log", "steps": 5, "initial_lr": 0.001, "target_lr": 0.001}, "batch_per_device": 128}, "time_since_restore": 1096.9857037067413, "timesteps_since_restore": 0, "iterations_since_restore": 27, "mean_throughput": 1481.825417807738, "atoms": 1, "setup_time": 9.3441743850708}
{"apply": 0.01788783073425293, "batch_time": 0.031031937538822996, "d2h": 0.0007168531417846679, "data_time": 0.0017492691879077336, "fwd": 0.02854335308074951, "get_state_time_mean": NaN, "get_state_time_total": 0.0, "grad": 0.05009305477142334, "mean_accuracy": 0.6646199941635131, "mean_loss": 0.9498733425331116, "neg_mean_accuracy": -0.6782000064849854, "set_state_time_mean": NaN, "set_state_time_total": 0.0, "setup_model_time_mean": NaN, "setup_model_time_total": 0.0, "setup_proc_time_mean": NaN, "setup_proc_time_total": 0.0, "train_accuracy": 0.6775999665260315, "train_loss": 0.9024491909027099, "training_time_mean": NaN, "training_time_total": 0.0, "val_accuracy": 0.6782000064849854, "val_loss": 0.9166058906555176, "validation_time_mean": NaN, "validation_time_total": 0.0, "samples": 60000, "num_workers": 1, "done": false, "timesteps_total": null, "episodes_total": null, "training_iteration": 28, "neg_mean_loss": -0.9498733425331116, "experiment_id": "ffbe2e35b237471380d57f759621a184", "date": "2019-06-03_03-55-20", "timestamp": 1559559320, "time_this_iter_s": 40.399170875549316, "time_total_s": 1137.3848745822906, "pid": 13440, "hostname": "steropes", "node_ip": "169.229.49.254", "config": {"starting_lr": 0.001, "momentum": 0.9, "weight_decay": 0.005, "steps_per_iteration": null, "pin": false, "model_creator": null, "target_batch_size": 128, "model_string": "resnet50", "min_batch_size": 128, "dataset": "CIFAR", "placement": null, "use_nccl": true, "devices_per_worker": 1, "primary_resource": "extra_gpu", "gpu": false, "verbose": false, "lr_config": {"mode": "log", "steps": 5, "initial_lr": 0.001, "target_lr": 0.001}, "batch_per_device": 128}, "time_since_restore": 1137.3848745822906, "timesteps_since_restore": 0, "iterations_since_restore": 28, "mean_throughput": 1483.337016376174, "atoms": 1, "setup_time": 9.3441743850708}
{"apply": 0.017992210388183594, "batch_time": 0.03177496149570127, "d2h": 0.0007351160049438477, "data_time": 0.0017658755602434164, "fwd": 0.027641987800598143, "get_state_time_mean": NaN, "get_state_time_total": 0.0, "grad": 0.04729382991790772, "mean_accuracy": 0.671019995212555, "mean_loss": 0.9344274400138854, "neg_mean_accuracy": -0.6816999912261963, "set_state_time_mean": NaN, "set_state_time_total": 0.0, "setup_model_time_mean": NaN, "setup_model_time_total": 0.0, "setup_proc_time_mean": NaN, "setup_proc_time_total": 0.0, "train_accuracy": 0.6886999607086182, "train_loss": 0.8741316424751282, "training_time_mean": NaN, "training_time_total": 0.0, "val_accuracy": 0.6816999912261963, "val_loss": 0.9152626136779786, "validation_time_mean": NaN, "validation_time_total": 0.0, "samples": 60000, "num_workers": 1, "done": false, "timesteps_total": null, "episodes_total": null, "training_iteration": 29, "neg_mean_loss": -0.9344274400138854, "experiment_id": "ffbe2e35b237471380d57f759621a184", "date": "2019-06-03_03-56-01", "timestamp": 1559559361, "time_this_iter_s": 40.70860171318054, "time_total_s": 1178.0934762954712, "pid": 13440, "hostname": "steropes", "node_ip": "169.229.49.254", "config": {"starting_lr": 0.001, "momentum": 0.9, "weight_decay": 0.005, "steps_per_iteration": null, "pin": false, "model_creator": null, "target_batch_size": 128, "model_string": "resnet50", "min_batch_size": 128, "dataset": "CIFAR", "placement": null, "use_nccl": true, "devices_per_worker": 1, "primary_resource": "extra_gpu", "gpu": false, "verbose": false, "lr_config": {"mode": "log", "steps": 5, "initial_lr": 0.001, "target_lr": 0.001}, "batch_per_device": 128}, "time_since_restore": 1178.0934762954712, "timesteps_since_restore": 0, "iterations_since_restore": 29, "mean_throughput": 1481.9552379774473, "atoms": 1, "setup_time": 9.3441743850708}
{"apply": 0.01700437068939209, "batch_time": 0.030983541585222076, "d2h": 0.0006978273391723633, "data_time": 0.0017598858269889032, "fwd": 0.027881789207458495, "get_state_time_mean": NaN, "get_state_time_total": 0.0, "grad": 0.04822244644165039, "mean_accuracy": 0.6773000001907349, "mean_loss": 0.9189996782112122, "neg_mean_accuracy": -0.6850000023841858, "set_state_time_mean": NaN, "set_state_time_total": 0.0, "setup_model_time_mean": NaN, "setup_model_time_total": 0.0, "setup_proc_time_mean": NaN, "setup_proc_time_total": 0.0, "train_accuracy": 0.6931599974632263, "train_loss": 0.8617323208236695, "training_time_mean": NaN, "training_time_total": 0.0, "val_accuracy": 0.6850000023841858, "val_loss": 0.9038622905731201, "validation_time_mean": NaN, "validation_time_total": 0.0, "samples": 60000, "num_workers": 1, "done": false, "timesteps_total": null, "episodes_total": null, "training_iteration": 30, "neg_mean_loss": -0.9189996782112122, "experiment_id": "ffbe2e35b237471380d57f759621a184", "date": "2019-06-03_03-56-41", "timestamp": 1559559401, "time_this_iter_s": 40.441638469696045, "time_total_s": 1218.5351147651672, "pid": 13440, "hostname": "steropes", "node_ip": "169.229.49.254", "config": {"starting_lr": 0.001, "momentum": 0.9, "weight_decay": 0.005, "steps_per_iteration": null, "pin": false, "model_creator": null, "target_batch_size": 128, "model_string": "resnet50", "min_batch_size": 128, "dataset": "CIFAR", "placement": null, "use_nccl": true, "devices_per_worker": 1, "primary_resource": "extra_gpu", "gpu": false, "verbose": false, "lr_config": {"mode": "log", "steps": 5, "initial_lr": 0.001, "target_lr": 0.001}, "batch_per_device": 128}, "time_since_restore": 1218.5351147651672, "timesteps_since_restore": 0, "iterations_since_restore": 30, "mean_throughput": 1482.452300986058, "atoms": 1, "setup_time": 9.3441743850708}
{"apply": 0.01892714500427246, "batch_time": 0.030983484244044825, "d2h": 0.0007081270217895508, "data_time": 0.001791871722092104, "fwd": 0.02863612174987793, "get_state_time_mean": NaN, "get_state_time_total": 0.0, "grad": 0.04760866165161133, "mean_accuracy": 0.683459997177124, "mean_loss": 0.903937173690796, "neg_mean_accuracy": -0.6967999935150146, "set_state_time_mean": NaN, "set_state_time_total": 0.0, "setup_model_time_mean": NaN, "setup_model_time_total": 0.0, "setup_proc_time_mean": NaN, "setup_proc_time_total": 0.0, "train_accuracy": 0.7028599977493286, "train_loss": 0.8386251303291321, "training_time_mean": NaN, "training_time_total": 0.0, "val_accuracy": 0.6967999935150146, "val_loss": 0.8651719956398011, "validation_time_mean": NaN, "validation_time_total": 0.0, "samples": 60000, "num_workers": 1, "done": false, "timesteps_total": null, "episodes_total": null, "training_iteration": 31, "neg_mean_loss": -0.903937173690796, "experiment_id": "ffbe2e35b237471380d57f759621a184", "date": "2019-06-03_03-57-22", "timestamp": 1559559442, "time_this_iter_s": 40.58238625526428, "time_total_s": 1259.1175010204315, "pid": 13440, "hostname": "steropes", "node_ip": "169.229.49.254", "config": {"starting_lr": 0.001, "momentum": 0.9, "weight_decay": 0.005, "steps_per_iteration": null, "pin": false, "model_creator": null, "target_batch_size": 128, "model_string": "resnet50", "min_batch_size": 128, "dataset": "CIFAR", "placement": null, "use_nccl": true, "devices_per_worker": 1, "primary_resource": "extra_gpu", "gpu": false, "verbose": false, "lr_config": {"mode": "log", "steps": 5, "initial_lr": 0.001, "target_lr": 0.001}, "batch_per_device": 128}, "time_since_restore": 1259.1175010204315, "timesteps_since_restore": 0, "iterations_since_restore": 31, "mean_throughput": 1481.4029974147684, "atoms": 1, "setup_time": 9.3441743850708}
{"apply": 0.01731700897216797, "batch_time": 0.03135887882377528, "d2h": 0.0007023811340332031, "data_time": 0.0017898899819844825, "fwd": 0.027504897117614745, "get_state_time_mean": NaN, "get_state_time_total": 0.0, "grad": 0.04710164070129395, "mean_accuracy": 0.687720000743866, "mean_loss": 0.8960954665184021, "neg_mean_accuracy": -0.6969000101089478, "set_state_time_mean": NaN, "set_state_time_total": 0.0, "setup_model_time_mean": NaN, "setup_model_time_total": 0.0, "setup_proc_time_mean": NaN, "setup_proc_time_total": 0.0, "train_accuracy": 0.704800009727478, "train_loss": 0.8199202414131165, "training_time_mean": NaN, "training_time_total": 0.0, "val_accuracy": 0.6969000101089478, "val_loss": 0.8795745420455933, "validation_time_mean": NaN, "validation_time_total": 0.0, "samples": 60000, "num_workers": 1, "done": false, "timesteps_total": null, "episodes_total": null, "training_iteration": 32, "neg_mean_loss": -0.8960954665184021, "experiment_id": "ffbe2e35b237471380d57f759621a184", "date": "2019-06-03_03-58-02", "timestamp": 1559559482, "time_this_iter_s": 40.587679862976074, "time_total_s": 1299.7051808834076, "pid": 13440, "hostname": "steropes", "node_ip": "169.229.49.254", "config": {"starting_lr": 0.001, "momentum": 0.9, "weight_decay": 0.005, "steps_per_iteration": null, "pin": false, "model_creator": null, "target_batch_size": 128, "model_string": "resnet50", "min_batch_size": 128, "dataset": "CIFAR", "placement": null, "use_nccl": true, "devices_per_worker": 1, "primary_resource": "extra_gpu", "gpu": false, "verbose": false, "lr_config": {"mode": "log", "steps": 5, "initial_lr": 0.001, "target_lr": 0.001}, "batch_per_device": 128}, "time_since_restore": 1299.7051808834076, "timesteps_since_restore": 0, "iterations_since_restore": 32, "mean_throughput": 1479.8742950723329, "atoms": 1, "setup_time": 9.3441743850708}
{"apply": 0.016705965995788573, "batch_time": 0.03133562244946444, "d2h": 0.0006945371627807617, "data_time": 0.0017210510380737617, "fwd": 0.027140426635742187, "get_state_time_mean": NaN, "get_state_time_total": 0.0, "grad": 0.04709846973419189, "mean_accuracy": 0.692739999294281, "mean_loss": 0.8833408394432067, "neg_mean_accuracy": -0.7032999992370605, "set_state_time_mean": NaN, "set_state_time_total": 0.0, "setup_model_time_mean": NaN, "setup_model_time_total": 0.0, "setup_proc_time_mean": NaN, "setup_proc_time_total": 0.0, "train_accuracy": 0.71697998046875, "train_loss": 0.7982747819328309, "training_time_mean": NaN, "training_time_total": 0.0, "val_accuracy": 0.7032999992370605, "val_loss": 0.852832755279541, "validation_time_mean": NaN, "validation_time_total": 0.0, "samples": 60000, "num_workers": 1, "done": false, "timesteps_total": null, "episodes_total": null, "training_iteration": 33, "neg_mean_loss": -0.8833408394432067, "experiment_id": "ffbe2e35b237471380d57f759621a184", "date": "2019-06-03_03-58-43", "timestamp": 1559559523, "time_this_iter_s": 40.33180332183838, "time_total_s": 1340.036984205246, "pid": 13440, "hostname": "steropes", "node_ip": "169.229.49.254", "config": {"starting_lr": 0.001, "momentum": 0.9, "weight_decay": 0.005, "steps_per_iteration": null, "pin": false, "model_creator": null, "target_batch_size": 128, "model_string": "resnet50", "min_batch_size": 128, "dataset": "CIFAR", "placement": null, "use_nccl": true, "devices_per_worker": 1, "primary_resource": "extra_gpu", "gpu": false, "verbose": false, "lr_config": {"mode": "log", "steps": 5, "initial_lr": 0.001, "target_lr": 0.001}, "batch_per_device": 128}, "time_since_restore": 1340.036984205246, "timesteps_since_restore": 0, "iterations_since_restore": 33, "mean_throughput": 1480.3661870139224, "atoms": 1, "setup_time": 9.3441743850708}
{"apply": 0.01777951717376709, "batch_time": 0.031082252912883516, "d2h": 0.0007196664810180664, "data_time": 0.001726821865267156, "fwd": 0.028278827667236328, "get_state_time_mean": NaN, "get_state_time_total": 0.0, "grad": 0.04798128604888916, "mean_accuracy": 0.7000399947166442, "mean_loss": 0.8607585999107361, "neg_mean_accuracy": -0.7181999683380127, "set_state_time_mean": NaN, "set_state_time_total": 0.0, "setup_model_time_mean": NaN, "setup_model_time_total": 0.0, "setup_proc_time_mean": NaN, "setup_proc_time_total": 0.0, "train_accuracy": 0.7223399877548218, "train_loss": 0.7842560796356202, "training_time_mean": NaN, "training_time_total": 0.0, "val_accuracy": 0.7181999683380127, "val_loss": 0.802351416015625, "validation_time_mean": NaN, "validation_time_total": 0.0, "samples": 60000, "num_workers": 1, "done": false, "timesteps_total": null, "episodes_total": null, "training_iteration": 34, "neg_mean_loss": -0.8607585999107361, "experiment_id": "ffbe2e35b237471380d57f759621a184", "date": "2019-06-03_03-59-23", "timestamp": 1559559563, "time_this_iter_s": 40.257750034332275, "time_total_s": 1380.2947342395782, "pid": 13440, "hostname": "steropes", "node_ip": "169.229.49.254", "config": {"starting_lr": 0.001, "momentum": 0.9, "weight_decay": 0.005, "steps_per_iteration": null, "pin": false, "model_creator": null, "target_batch_size": 128, "model_string": "resnet50", "min_batch_size": 128, "dataset": "CIFAR", "placement": null, "use_nccl": true, "devices_per_worker": 1, "primary_resource": "extra_gpu", "gpu": false, "verbose": false, "lr_config": {"mode": "log", "steps": 5, "initial_lr": 0.001, "target_lr": 0.001}, "batch_per_device": 128}, "time_since_restore": 1380.2947342395782, "timesteps_since_restore": 0, "iterations_since_restore": 34, "mean_throughput": 1483.6669622505344, "atoms": 1, "setup_time": 9.3441743850708}
{"apply": 0.017114734649658202, "batch_time": 0.031647446789319, "d2h": 0.0007201671600341797, "data_time": 0.0017188290500884775, "fwd": 0.027843356132507324, "get_state_time_mean": NaN, "get_state_time_total": 0.0, "grad": 0.047287702560424805, "mean_accuracy": 0.7053399920463562, "mean_loss": 0.8437845950698852, "neg_mean_accuracy": -0.7114999890327454, "set_state_time_mean": NaN, "set_state_time_total": 0.0, "setup_model_time_mean": NaN, "setup_model_time_total": 0.0, "setup_proc_time_mean": NaN, "setup_proc_time_total": 0.0, "train_accuracy": 0.72843998670578, "train_loss": 0.7647999724197387, "training_time_mean": NaN, "training_time_total": 0.0, "val_accuracy": 0.7114999890327454, "val_loss": 0.818992266368866, "validation_time_mean": NaN, "validation_time_total": 0.0, "samples": 60000, "num_workers": 1, "done": false, "timesteps_total": null, "episodes_total": null, "training_iteration": 35, "neg_mean_loss": -0.8437845950698852, "experiment_id": "ffbe2e35b237471380d57f759621a184", "date": "2019-06-03_04-00-03", "timestamp": 1559559603, "time_this_iter_s": 40.57017421722412, "time_total_s": 1420.8649084568024, "pid": 13440, "hostname": "steropes", "node_ip": "169.229.49.254", "config": {"starting_lr": 0.001, "momentum": 0.9, "weight_decay": 0.005, "steps_per_iteration": null, "pin": false, "model_creator": null, "target_batch_size": 128, "model_string": "resnet50", "min_batch_size": 128, "dataset": "CIFAR", "placement": null, "use_nccl": true, "devices_per_worker": 1, "primary_resource": "extra_gpu", "gpu": false, "verbose": false, "lr_config": {"mode": "log", "steps": 5, "initial_lr": 0.001, "target_lr": 0.001}, "batch_per_device": 128}, "time_since_restore": 1420.8649084568024, "timesteps_since_restore": 0, "iterations_since_restore": 35, "mean_throughput": 1482.7244158042622, "atoms": 1, "setup_time": 9.3441743850708}
{"apply": 0.016961193084716795, "batch_time": 0.03100012525727477, "d2h": 0.0006899595260620117, "data_time": 0.0016926828857577974, "fwd": 0.027311491966247558, "get_state_time_mean": NaN, "get_state_time_total": 0.0, "grad": 0.04749088287353516, "mean_accuracy": 0.706659984588623, "mean_loss": 0.8436133197975157, "neg_mean_accuracy": -0.7033999562263489, "set_state_time_mean": NaN, "set_state_time_total": 0.0, "setup_model_time_mean": NaN, "setup_model_time_total": 0.0, "setup_proc_time_mean": NaN, "setup_proc_time_total": 0.0, "train_accuracy": 0.7331399917602539, "train_loss": 0.7481983581924438, "training_time_mean": NaN, "training_time_total": 0.0, "val_accuracy": 0.7033999562263489, "val_loss": 0.8643156192779541, "validation_time_mean": NaN, "validation_time_total": 0.0, "samples": 60000, "num_workers": 1, "done": false, "timesteps_total": null, "episodes_total": null, "training_iteration": 36, "neg_mean_loss": -0.8436133197975157, "experiment_id": "ffbe2e35b237471380d57f759621a184", "date": "2019-06-03_04-00-44", "timestamp": 1559559644, "time_this_iter_s": 40.336111545562744, "time_total_s": 1461.201020002365, "pid": 13440, "hostname": "steropes", "node_ip": "169.229.49.254", "config": {"starting_lr": 0.001, "momentum": 0.9, "weight_decay": 0.005, "steps_per_iteration": null, "pin": false, "model_creator": null, "target_batch_size": 128, "model_string": "resnet50", "min_batch_size": 128, "dataset": "CIFAR", "placement": null, "use_nccl": true, "devices_per_worker": 1, "primary_resource": "extra_gpu", "gpu": false, "verbose": false, "lr_config": {"mode": "log", "steps": 5, "initial_lr": 0.001, "target_lr": 0.001}, "batch_per_device": 128}, "time_since_restore": 1461.201020002365, "timesteps_since_restore": 0, "iterations_since_restore": 36, "mean_throughput": 1484.5317359457217, "atoms": 1, "setup_time": 9.3441743850708}
{"apply": 0.017190003395080568, "batch_time": 0.0313224460505232, "d2h": 0.0007640361785888672, "data_time": 0.0016827619898959498, "fwd": 0.027741241455078124, "get_state_time_mean": NaN, "get_state_time_total": 0.0, "grad": 0.04741544723510742, "mean_accuracy": 0.7130599737167358, "mean_loss": 0.8249322051239014, "neg_mean_accuracy": -0.7288999557495117, "set_state_time_mean": NaN, "set_state_time_total": 0.0, "setup_model_time_mean": NaN, "setup_model_time_total": 0.0, "setup_proc_time_mean": NaN, "setup_proc_time_total": 0.0, "train_accuracy": 0.7401799559593201, "train_loss": 0.72923463596344, "training_time_mean": NaN, "training_time_total": 0.0, "val_accuracy": 0.7288999557495117, "val_loss": 0.7861689686775207, "validation_time_mean": NaN, "validation_time_total": 0.0, "samples": 60000, "num_workers": 1, "done": false, "timesteps_total": null, "episodes_total": null, "training_iteration": 37, "neg_mean_loss": -0.8249322051239014, "experiment_id": "ffbe2e35b237471380d57f759621a184", "date": "2019-06-03_04-01-24", "timestamp": 1559559684, "time_this_iter_s": 40.35220289230347, "time_total_s": 1501.5532228946686, "pid": 13440, "hostname": "steropes", "node_ip": "169.229.49.254", "config": {"starting_lr": 0.001, "momentum": 0.9, "weight_decay": 0.005, "steps_per_iteration": null, "pin": false, "model_creator": null, "target_batch_size": 128, "model_string": "resnet50", "min_batch_size": 128, "dataset": "CIFAR", "placement": null, "use_nccl": true, "devices_per_worker": 1, "primary_resource": "extra_gpu", "gpu": false, "verbose": false, "lr_config": {"mode": "log", "steps": 5, "initial_lr": 0.001, "target_lr": 0.001}, "batch_per_device": 128}, "time_since_restore": 1501.5532228946686, "timesteps_since_restore": 0, "iterations_since_restore": 37, "mean_throughput": 1486.263601891965, "atoms": 1, "setup_time": 9.3441743850708}
{"apply": 0.016881895065307618, "batch_time": 0.031287968913211096, "d2h": 0.000683283805847168, "data_time": 0.0017305231460220064, "fwd": 0.02709956169128418, "get_state_time_mean": NaN, "get_state_time_total": 0.0, "grad": 0.0483283281326294, "mean_accuracy": 0.717359972000122, "mean_loss": 0.810065793952942, "neg_mean_accuracy": -0.7247999906539917, "set_state_time_mean": NaN, "set_state_time_total": 0.0, "setup_model_time_mean": NaN, "setup_model_time_total": 0.0, "setup_proc_time_mean": NaN, "setup_proc_time_total": 0.0, "train_accuracy": 0.7436599731445312, "train_loss": 0.7214309941291809, "training_time_mean": NaN, "training_time_total": 0.0, "val_accuracy": 0.7247999906539917, "val_loss": 0.7785006994247436, "validation_time_mean": NaN, "validation_time_total": 0.0, "samples": 60000, "num_workers": 1, "done": false, "timesteps_total": null, "episodes_total": null, "training_iteration": 38, "neg_mean_loss": -0.810065793952942, "experiment_id": "ffbe2e35b237471380d57f759621a184", "date": "2019-06-03_04-02-04", "timestamp": 1559559724, "time_this_iter_s": 40.42684602737427, "time_total_s": 1541.9800689220428, "pid": 13440, "hostname": "steropes", "node_ip": "169.229.49.254", "config": {"starting_lr": 0.001, "momentum": 0.9, "weight_decay": 0.005, "steps_per_iteration": null, "pin": false, "model_creator": null, "target_batch_size": 128, "model_string": "resnet50", "min_batch_size": 128, "dataset": "CIFAR", "placement": null, "use_nccl": true, "devices_per_worker": 1, "primary_resource": "extra_gpu", "gpu": false, "verbose": false, "lr_config": {"mode": "log", "steps": 5, "initial_lr": 0.001, "target_lr": 0.001}, "batch_per_device": 128}, "time_since_restore": 1541.9800689220428, "timesteps_since_restore": 0, "iterations_since_restore": 38, "mean_throughput": 1485.5641557409672, "atoms": 1, "setup_time": 9.3441743850708}
{"apply": 0.01939711570739746, "batch_time": 0.03107124340685108, "d2h": 0.0007245063781738282, "data_time": 0.001744027027998434, "fwd": 0.029246878623962403, "get_state_time_mean": NaN, "get_state_time_total": 0.0, "grad": 0.04826018810272217, "mean_accuracy": 0.7219799757003784, "mean_loss": 0.8003883554840089, "neg_mean_accuracy": -0.7412999868392944, "set_state_time_mean": NaN, "set_state_time_total": 0.0, "setup_model_time_mean": NaN, "setup_model_time_total": 0.0, "setup_proc_time_mean": NaN, "setup_proc_time_total": 0.0, "train_accuracy": 0.7515599727630615, "train_loss": 0.7006090941238403, "training_time_mean": NaN, "training_time_total": 0.0, "val_accuracy": 0.7412999868392944, "val_loss": 0.7539642236709595, "validation_time_mean": NaN, "validation_time_total": 0.0, "samples": 60000, "num_workers": 1, "done": false, "timesteps_total": null, "episodes_total": null, "training_iteration": 39, "neg_mean_loss": -0.8003883554840089, "experiment_id": "ffbe2e35b237471380d57f759621a184", "date": "2019-06-03_04-02-45", "timestamp": 1559559765, "time_this_iter_s": 40.46749949455261, "time_total_s": 1582.4475684165955, "pid": 13440, "hostname": "steropes", "node_ip": "169.229.49.254", "config": {"starting_lr": 0.001, "momentum": 0.9, "weight_decay": 0.005, "steps_per_iteration": null, "pin": false, "model_creator": null, "target_batch_size": 128, "model_string": "resnet50", "min_batch_size": 128, "dataset": "CIFAR", "placement": null, "use_nccl": true, "devices_per_worker": 1, "primary_resource": "extra_gpu", "gpu": false, "verbose": false, "lr_config": {"mode": "log", "steps": 5, "initial_lr": 0.001, "target_lr": 0.001}, "batch_per_device": 128}, "time_since_restore": 1582.4475684165955, "timesteps_since_restore": 0, "iterations_since_restore": 39, "mean_throughput": 1484.0227814127365, "atoms": 1, "setup_time": 9.3441743850708}
{"apply": 0.017040562629699708, "batch_time": 0.031074919278108622, "d2h": 0.0007284164428710937, "data_time": 0.0017077404519786005, "fwd": 0.027214980125427245, "get_state_time_mean": NaN, "get_state_time_total": 0.0, "grad": 0.04786522388458252, "mean_accuracy": 0.7258999705314636, "mean_loss": 0.7946689896202087, "neg_mean_accuracy": -0.7310999631881714, "set_state_time_mean": NaN, "set_state_time_total": 0.0, "setup_model_time_mean": NaN, "setup_model_time_total": 0.0, "setup_proc_time_mean": NaN, "setup_proc_time_total": 0.0, "train_accuracy": 0.7576000094413757, "train_loss": 0.6876821790504456, "training_time_mean": NaN, "training_time_total": 0.0, "val_accuracy": 0.7310999631881714, "val_loss": 0.7903954370498657, "validation_time_mean": NaN, "validation_time_total": 0.0, "samples": 60000, "num_workers": 1, "done": false, "timesteps_total": null, "episodes_total": null, "training_iteration": 40, "neg_mean_loss": -0.7946689896202087, "experiment_id": "ffbe2e35b237471380d57f759621a184", "date": "2019-06-03_04-03-25", "timestamp": 1559559805, "time_this_iter_s": 40.17259192466736, "time_total_s": 1622.6201603412628, "pid": 13440, "hostname": "steropes", "node_ip": "169.229.49.254", "config": {"starting_lr": 0.001, "momentum": 0.9, "weight_decay": 0.005, "steps_per_iteration": null, "pin": false, "model_creator": null, "target_batch_size": 128, "model_string": "resnet50", "min_batch_size": 128, "dataset": "CIFAR", "placement": null, "use_nccl": true, "devices_per_worker": 1, "primary_resource": "extra_gpu", "gpu": false, "verbose": false, "lr_config": {"mode": "log", "steps": 5, "initial_lr": 0.001, "target_lr": 0.001}, "batch_per_device": 128}, "time_since_restore": 1622.6201603412628, "timesteps_since_restore": 0, "iterations_since_restore": 40, "mean_throughput": 1486.9472282141408, "atoms": 1, "setup_time": 9.3441743850708}
