{"apply": 0.0196854829788208, "batch_time": 0.049196768410598175, "d2h": 0.0006812095642089843, "data_time": 0.0018318156757013268, "fwd": 0.12572524547576905, "get_state_time_mean": NaN, "get_state_time_total": 0.0, "grad": 0.18619945049285888, "mean_accuracy": 0.2709999978542328, "mean_loss": 2.0663500595092774, "neg_mean_accuracy": -0.2709999978542328, "set_state_time_mean": NaN, "set_state_time_total": 0.0, "setup_model_time_mean": 13.237544298171997, "setup_model_time_total": 13.237544298171997, "setup_proc_time_mean": 1.6870572566986084, "setup_proc_time_total": 1.6870572566986084, "train_accuracy": 0.19315999746322632, "train_loss": 2.3098639371490477, "training_time_mean": NaN, "training_time_total": 0.0, "val_accuracy": 0.2709999978542328, "val_loss": 2.0663500595092774, "validation_time_mean": NaN, "validation_time_total": 0.0, "samples": 60000, "num_workers": 1, "done": false, "timesteps_total": null, "episodes_total": null, "training_iteration": 1, "neg_mean_loss": -2.0663500595092774, "experiment_id": "52fa44115b77438c96c2b1a006dd918b", "date": "2019-06-02_20-34-59", "timestamp": 1559532899, "time_this_iter_s": 47.13495182991028, "time_total_s": 47.13495182991028, "pid": 6264, "hostname": "steropes", "node_ip": "169.229.49.254", "config": {"starting_lr": 0.001, "momentum": 0.9, "weight_decay": 0.0005, "steps_per_iteration": null, "pin": false, "model_creator": null, "target_batch_size": 128, "model_string": "resnet50", "min_batch_size": 128, "dataset": "CIFAR", "placement": null, "use_nccl": true, "devices_per_worker": 1, "primary_resource": "extra_gpu", "gpu": false, "verbose": false, "lr_config": {"mode": "log", "steps": 5, "initial_lr": 0.001, "target_lr": 0.001}, "batch_per_device": 128}, "time_since_restore": 47.13495182991028, "timesteps_since_restore": 0, "iterations_since_restore": 1, "mean_throughput": 1272.9382898914012, "atoms": 1, "setup_time": 15.023481845855713}
{"apply": 0.01809353828430176, "batch_time": 0.0317841753174987, "d2h": 0.0006832122802734375, "data_time": 0.001835099876384296, "fwd": 0.028401780128479003, "get_state_time_mean": NaN, "get_state_time_total": 0.0, "grad": 0.04767854213714599, "mean_accuracy": 0.30799999833106995, "mean_loss": 1.9421691303253175, "neg_mean_accuracy": -0.3449999988079071, "set_state_time_mean": NaN, "set_state_time_total": 0.0, "setup_model_time_mean": NaN, "setup_model_time_total": 0.0, "setup_proc_time_mean": NaN, "setup_proc_time_total": 0.0, "train_accuracy": 0.28421998023986816, "train_loss": 1.980071107521057, "training_time_mean": NaN, "training_time_total": 0.0, "val_accuracy": 0.3449999988079071, "val_loss": 1.8179882011413575, "validation_time_mean": NaN, "validation_time_total": 0.0, "samples": 60000, "num_workers": 1, "done": false, "timesteps_total": null, "episodes_total": null, "training_iteration": 2, "neg_mean_loss": -1.9421691303253175, "experiment_id": "52fa44115b77438c96c2b1a006dd918b", "date": "2019-06-02_20-35-41", "timestamp": 1559532941, "time_this_iter_s": 41.22288250923157, "time_total_s": 88.35783433914185, "pid": 6264, "hostname": "steropes", "node_ip": "169.229.49.254", "config": {"starting_lr": 0.001, "momentum": 0.9, "weight_decay": 0.0005, "steps_per_iteration": null, "pin": false, "model_creator": null, "target_batch_size": 128, "model_string": "resnet50", "min_batch_size": 128, "dataset": "CIFAR", "placement": null, "use_nccl": true, "devices_per_worker": 1, "primary_resource": "extra_gpu", "gpu": false, "verbose": false, "lr_config": {"mode": "log", "steps": 5, "initial_lr": 0.001, "target_lr": 0.001}, "batch_per_device": 128}, "time_since_restore": 88.35783433914185, "timesteps_since_restore": 0, "iterations_since_restore": 2, "mean_throughput": 1358.1112606081902, "atoms": 1, "setup_time": 15.023481845855713}
{"apply": 0.017864251136779787, "batch_time": 0.03156453144701221, "d2h": 0.000717926025390625, "data_time": 0.0018021231112272842, "fwd": 0.028400278091430663, "get_state_time_mean": NaN, "get_state_time_total": 0.0, "grad": 0.047991394996643066, "mean_accuracy": 0.32989999651908875, "mean_loss": 1.8741072882334393, "neg_mean_accuracy": -0.37369999289512634, "set_state_time_mean": NaN, "set_state_time_total": 0.0, "setup_model_time_mean": NaN, "setup_model_time_total": 0.0, "setup_proc_time_mean": NaN, "setup_proc_time_total": 0.0, "train_accuracy": 0.3350200057029724, "train_loss": 1.8357850857543945, "training_time_mean": NaN, "training_time_total": 0.0, "val_accuracy": 0.37369999289512634, "val_loss": 1.7379836040496826, "validation_time_mean": NaN, "validation_time_total": 0.0, "samples": 60000, "num_workers": 1, "done": false, "timesteps_total": null, "episodes_total": null, "training_iteration": 3, "neg_mean_loss": -1.8741072882334393, "experiment_id": "52fa44115b77438c96c2b1a006dd918b", "date": "2019-06-02_20-36-21", "timestamp": 1559532981, "time_this_iter_s": 40.834908962249756, "time_total_s": 129.1927433013916, "pid": 6264, "hostname": "steropes", "node_ip": "169.229.49.254", "config": {"starting_lr": 0.001, "momentum": 0.9, "weight_decay": 0.0005, "steps_per_iteration": null, "pin": false, "model_creator": null, "target_batch_size": 128, "model_string": "resnet50", "min_batch_size": 128, "dataset": "CIFAR", "placement": null, "use_nccl": true, "devices_per_worker": 1, "primary_resource": "extra_gpu", "gpu": false, "verbose": false, "lr_config": {"mode": "log", "steps": 5, "initial_lr": 0.001, "target_lr": 0.001}, "batch_per_device": 128}, "time_since_restore": 129.1927433013916, "timesteps_since_restore": 0, "iterations_since_restore": 3, "mean_throughput": 1393.2614809434506, "atoms": 1, "setup_time": 15.023481845855713}
{"apply": 0.017264652252197265, "batch_time": 0.03237989884388598, "d2h": 0.0007380485534667969, "data_time": 0.0018824561477622107, "fwd": 0.028357458114624024, "get_state_time_mean": NaN, "get_state_time_total": 0.0, "grad": 0.048426580429077146, "mean_accuracy": 0.34904999285936356, "mean_loss": 1.8162266547203065, "neg_mean_accuracy": -0.406499981880188, "set_state_time_mean": NaN, "set_state_time_total": 0.0, "setup_model_time_mean": NaN, "setup_model_time_total": 0.0, "setup_proc_time_mean": NaN, "setup_proc_time_total": 0.0, "train_accuracy": 0.36579999327659607, "train_loss": 1.7349500519180299, "training_time_mean": NaN, "training_time_total": 0.0, "val_accuracy": 0.406499981880188, "val_loss": 1.6425847541809082, "validation_time_mean": NaN, "validation_time_total": 0.0, "samples": 60000, "num_workers": 1, "done": false, "timesteps_total": null, "episodes_total": null, "training_iteration": 4, "neg_mean_loss": -1.8162266547203065, "experiment_id": "52fa44115b77438c96c2b1a006dd918b", "date": "2019-06-02_20-37-03", "timestamp": 1559533023, "time_this_iter_s": 41.33941292762756, "time_total_s": 170.53215622901917, "pid": 6264, "hostname": "steropes", "node_ip": "169.229.49.254", "config": {"starting_lr": 0.001, "momentum": 0.9, "weight_decay": 0.0005, "steps_per_iteration": null, "pin": false, "model_creator": null, "target_batch_size": 128, "model_string": "resnet50", "min_batch_size": 128, "dataset": "CIFAR", "placement": null, "use_nccl": true, "devices_per_worker": 1, "primary_resource": "extra_gpu", "gpu": false, "verbose": false, "lr_config": {"mode": "log", "steps": 5, "initial_lr": 0.001, "target_lr": 0.001}, "batch_per_device": 128}, "time_since_restore": 170.53215622901917, "timesteps_since_restore": 0, "iterations_since_restore": 4, "mean_throughput": 1407.3542241027098, "atoms": 1, "setup_time": 15.023481845855713}
{"apply": 0.01691288948059082, "batch_time": 0.03302880782115308, "d2h": 0.0007090091705322266, "data_time": 0.001874237719094357, "fwd": 0.027545070648193358, "get_state_time_mean": NaN, "get_state_time_total": 0.0, "grad": 0.047814345359802245, "mean_accuracy": 0.363319993019104, "mean_loss": 1.7731621074676513, "neg_mean_accuracy": -0.4203999936580658, "set_state_time_mean": NaN, "set_state_time_total": 0.0, "setup_model_time_mean": NaN, "setup_model_time_total": 0.0, "setup_proc_time_mean": NaN, "setup_proc_time_total": 0.0, "train_accuracy": 0.3950600028038025, "train_loss": 1.6626854714584351, "training_time_mean": NaN, "training_time_total": 0.0, "val_accuracy": 0.4203999936580658, "val_loss": 1.6009039184570313, "validation_time_mean": NaN, "validation_time_total": 0.0, "samples": 60000, "num_workers": 1, "done": false, "timesteps_total": null, "episodes_total": null, "training_iteration": 5, "neg_mean_loss": -1.7731621074676513, "experiment_id": "52fa44115b77438c96c2b1a006dd918b", "date": "2019-06-02_20-37-44", "timestamp": 1559533064, "time_this_iter_s": 41.001993894577026, "time_total_s": 211.5341501235962, "pid": 6264, "hostname": "steropes", "node_ip": "169.229.49.254", "config": {"starting_lr": 0.001, "momentum": 0.9, "weight_decay": 0.0005, "steps_per_iteration": null, "pin": false, "model_creator": null, "target_batch_size": 128, "model_string": "resnet50", "min_batch_size": 128, "dataset": "CIFAR", "placement": null, "use_nccl": true, "devices_per_worker": 1, "primary_resource": "extra_gpu", "gpu": false, "verbose": false, "lr_config": {"mode": "log", "steps": 5, "initial_lr": 0.001, "target_lr": 0.001}, "batch_per_device": 128}, "time_since_restore": 211.5341501235962, "timesteps_since_restore": 0, "iterations_since_restore": 5, "mean_throughput": 1418.2061419095326, "atoms": 1, "setup_time": 15.023481845855713}
{"apply": 0.0186490535736084, "batch_time": 0.031471747386304635, "d2h": 0.000683450698852539, "data_time": 0.0018292583163132144, "fwd": 0.02829899787902832, "get_state_time_mean": NaN, "get_state_time_total": 0.0, "grad": 0.04800028800964355, "mean_accuracy": 0.3973599910736084, "mean_loss": 1.6681844527816772, "neg_mean_accuracy": -0.44119998812675476, "set_state_time_mean": NaN, "set_state_time_total": 0.0, "setup_model_time_mean": NaN, "setup_model_time_total": 0.0, "setup_proc_time_mean": NaN, "setup_proc_time_total": 0.0, "train_accuracy": 0.4108799993991852, "train_loss": 1.6166402564620972, "training_time_mean": NaN, "training_time_total": 0.0, "val_accuracy": 0.44119998812675476, "val_loss": 1.5414617860794066, "validation_time_mean": NaN, "validation_time_total": 0.0, "samples": 60000, "num_workers": 1, "done": false, "timesteps_total": null, "episodes_total": null, "training_iteration": 6, "neg_mean_loss": -1.6681844527816772, "experiment_id": "52fa44115b77438c96c2b1a006dd918b", "date": "2019-06-02_20-38-24", "timestamp": 1559533104, "time_this_iter_s": 40.75259351730347, "time_total_s": 252.28674364089966, "pid": 6264, "hostname": "steropes", "node_ip": "169.229.49.254", "config": {"starting_lr": 0.001, "momentum": 0.9, "weight_decay": 0.0005, "steps_per_iteration": null, "pin": false, "model_creator": null, "target_batch_size": 128, "model_string": "resnet50", "min_batch_size": 128, "dataset": "CIFAR", "placement": null, "use_nccl": true, "devices_per_worker": 1, "primary_resource": "extra_gpu", "gpu": false, "verbose": false, "lr_config": {"mode": "log", "steps": 5, "initial_lr": 0.001, "target_lr": 0.001}, "batch_per_device": 128}, "time_since_restore": 252.28674364089966, "timesteps_since_restore": 0, "iterations_since_restore": 6, "mean_throughput": 1462.3270459028752, "atoms": 1, "setup_time": 15.023481845855713}
{"apply": 0.01667366027832031, "batch_time": 0.03471943698351896, "d2h": 0.0006966114044189454, "data_time": 0.00180077186935698, "fwd": 0.02718954086303711, "get_state_time_mean": NaN, "get_state_time_total": 0.0, "grad": 0.04718093872070313, "mean_accuracy": 0.4201399862766266, "mean_loss": 1.5997515530776978, "neg_mean_accuracy": -0.45889997482299805, "set_state_time_mean": NaN, "set_state_time_total": 0.0, "setup_model_time_mean": NaN, "setup_model_time_total": 0.0, "setup_proc_time_mean": NaN, "setup_proc_time_total": 0.0, "train_accuracy": 0.4280799925327301, "train_loss": 1.5699496238327026, "training_time_mean": NaN, "training_time_total": 0.0, "val_accuracy": 0.45889997482299805, "val_loss": 1.47582370262146, "validation_time_mean": NaN, "validation_time_total": 0.0, "samples": 60000, "num_workers": 1, "done": false, "timesteps_total": null, "episodes_total": null, "training_iteration": 7, "neg_mean_loss": -1.5997515530776978, "experiment_id": "52fa44115b77438c96c2b1a006dd918b", "date": "2019-06-02_20-39-05", "timestamp": 1559533145, "time_this_iter_s": 40.88696217536926, "time_total_s": 293.1737058162689, "pid": 6264, "hostname": "steropes", "node_ip": "169.229.49.254", "config": {"starting_lr": 0.001, "momentum": 0.9, "weight_decay": 0.0005, "steps_per_iteration": null, "pin": false, "model_creator": null, "target_batch_size": 128, "model_string": "resnet50", "min_batch_size": 128, "dataset": "CIFAR", "placement": null, "use_nccl": true, "devices_per_worker": 1, "primary_resource": "extra_gpu", "gpu": false, "verbose": false, "lr_config": {"mode": "log", "steps": 5, "initial_lr": 0.001, "target_lr": 0.001}, "batch_per_device": 128}, "time_since_restore": 293.1737058162689, "timesteps_since_restore": 0, "iterations_since_restore": 7, "mean_throughput": 1464.7254119037639, "atoms": 1, "setup_time": 15.023481845855713}
{"apply": 0.019425785541534422, "batch_time": 0.06848320066928863, "d2h": 0.0006368279457092286, "data_time": 0.003239134744722016, "fwd": 0.1451055645942688, "get_state_time_mean": NaN, "get_state_time_total": 0.0, "grad": 0.20426952838897705, "mean_accuracy": 0.439519989490509, "mean_loss": 1.5423665723991395, "neg_mean_accuracy": -0.4706000089645386, "set_state_time_mean": 6.418325424194336, "set_state_time_total": 6.418325424194336, "setup_model_time_mean": 10.214262962341309, "setup_model_time_total": 10.214262962341309, "setup_proc_time_mean": 0.3341805934906006, "setup_proc_time_total": 0.3341805934906006, "train_accuracy": 0.451479971408844, "train_loss": 1.5023074926757811, "training_time_mean": NaN, "training_time_total": 0.0, "val_accuracy": 0.4706000089645386, "val_loss": 1.451058700656891, "validation_time_mean": NaN, "validation_time_total": 0.0, "samples": 60000, "num_workers": 2, "done": false, "timesteps_total": null, "episodes_total": null, "training_iteration": 8, "neg_mean_loss": -1.5423665723991395, "experiment_id": "52fa44115b77438c96c2b1a006dd918b", "date": "2019-06-02_20-39-58", "timestamp": 1559533198, "time_this_iter_s": 34.483522176742554, "time_total_s": 327.6572279930115, "pid": 9863, "hostname": "steropes", "node_ip": "169.229.49.254", "config": {"starting_lr": 0.001, "momentum": 0.9, "weight_decay": 0.0005, "steps_per_iteration": null, "pin": false, "model_creator": null, "target_batch_size": 128, "model_string": "resnet50", "min_batch_size": 128, "dataset": "CIFAR", "placement": null, "use_nccl": true, "devices_per_worker": 1, "primary_resource": "extra_gpu", "gpu": false, "verbose": false, "lr_config": {"mode": "log", "steps": 5, "initial_lr": 0.001, "target_lr": 0.0014142135623730952}, "batch_per_device": 128}, "time_since_restore": 34.483522176742554, "timesteps_since_restore": 0, "iterations_since_restore": 1, "mean_throughput": 1739.9535440355344, "atoms": 2, "setup_time": 18.46948790550232}
{"apply": 0.018956756591796874, "batch_time": 0.0399248480796814, "d2h": 0.0006582856178283692, "data_time": 0.003162708209485424, "fwd": 0.02781829833984375, "get_state_time_mean": NaN, "get_state_time_total": 0.0, "grad": 0.08282451629638672, "mean_accuracy": 0.45269999504089353, "mean_loss": 1.504820307292938, "neg_mean_accuracy": -0.4724000096321106, "set_state_time_mean": NaN, "set_state_time_total": 0.0, "setup_model_time_mean": NaN, "setup_model_time_total": 0.0, "setup_proc_time_mean": NaN, "setup_proc_time_total": 0.0, "train_accuracy": 0.46121999621391296, "train_loss": 1.4774227878379822, "training_time_mean": NaN, "training_time_total": 0.0, "val_accuracy": 0.4724000096321106, "val_loss": 1.4548534286499024, "validation_time_mean": NaN, "validation_time_total": 0.0, "samples": 60000, "num_workers": 2, "done": false, "timesteps_total": null, "episodes_total": null, "training_iteration": 9, "neg_mean_loss": -1.504820307292938, "experiment_id": "52fa44115b77438c96c2b1a006dd918b", "date": "2019-06-02_20-40-27", "timestamp": 1559533227, "time_this_iter_s": 28.971354484558105, "time_total_s": 356.6285824775696, "pid": 9863, "hostname": "steropes", "node_ip": "169.229.49.254", "config": {"starting_lr": 0.001, "momentum": 0.9, "weight_decay": 0.0005, "steps_per_iteration": null, "pin": false, "model_creator": null, "target_batch_size": 128, "model_string": "resnet50", "min_batch_size": 128, "dataset": "CIFAR", "placement": null, "use_nccl": true, "devices_per_worker": 1, "primary_resource": "extra_gpu", "gpu": false, "verbose": false, "lr_config": {"mode": "log", "steps": 5, "initial_lr": 0.001, "target_lr": 0.0014142135623730952}, "batch_per_device": 128}, "time_since_restore": 63.45487666130066, "timesteps_since_restore": 0, "iterations_since_restore": 2, "mean_throughput": 1891.1005093886101, "atoms": 2, "setup_time": 18.46948790550232}
{"apply": 0.020133006572723388, "batch_time": 0.04449995458126069, "d2h": 0.0006543755531311034, "data_time": 0.0030662076813834055, "fwd": 0.02818175554275513, "get_state_time_mean": NaN, "get_state_time_total": 0.0, "grad": 0.08294918537139892, "mean_accuracy": 0.4673599898815155, "mean_loss": 1.4654712825775147, "neg_mean_accuracy": -0.49369996786117554, "set_state_time_mean": NaN, "set_state_time_total": 0.0, "setup_model_time_mean": NaN, "setup_model_time_total": 0.0, "setup_proc_time_mean": NaN, "setup_proc_time_total": 0.0, "train_accuracy": 0.4711799919605255, "train_loss": 1.4530560000038146, "training_time_mean": NaN, "training_time_total": 0.0, "val_accuracy": 0.49369996786117554, "val_loss": 1.4041587948799132, "validation_time_mean": NaN, "validation_time_total": 0.0, "samples": 60000, "num_workers": 2, "done": false, "timesteps_total": null, "episodes_total": null, "training_iteration": 10, "neg_mean_loss": -1.4654712825775147, "experiment_id": "52fa44115b77438c96c2b1a006dd918b", "date": "2019-06-02_20-40-57", "timestamp": 1559533257, "time_this_iter_s": 29.277682781219482, "time_total_s": 385.90626525878906, "pid": 9863, "hostname": "steropes", "node_ip": "169.229.49.254", "config": {"starting_lr": 0.001, "momentum": 0.9, "weight_decay": 0.0005, "steps_per_iteration": null, "pin": false, "model_creator": null, "target_batch_size": 128, "model_string": "resnet50", "min_batch_size": 128, "dataset": "CIFAR", "placement": null, "use_nccl": true, "devices_per_worker": 1, "primary_resource": "extra_gpu", "gpu": false, "verbose": false, "lr_config": {"mode": "log", "steps": 5, "initial_lr": 0.001, "target_lr": 0.0014142135623730952}, "batch_per_device": 128}, "time_since_restore": 92.73255944252014, "timesteps_since_restore": 0, "iterations_since_restore": 3, "mean_throughput": 1941.0591111472907, "atoms": 2, "setup_time": 18.46948790550232}
{"apply": 0.019786357879638672, "batch_time": 0.039211681485176085, "d2h": 0.0006773114204406739, "data_time": 0.0031809058724617473, "fwd": 0.02906116247177124, "get_state_time_mean": NaN, "get_state_time_total": 0.0, "grad": 0.08222270011901855, "mean_accuracy": 0.4778199911117554, "mean_loss": 1.443728814315796, "neg_mean_accuracy": -0.4934999942779541, "set_state_time_mean": NaN, "set_state_time_total": 0.0, "setup_model_time_mean": NaN, "setup_model_time_total": 0.0, "setup_proc_time_mean": NaN, "setup_proc_time_total": 0.0, "train_accuracy": 0.47801998257637024, "train_loss": 1.4373572272872925, "training_time_mean": NaN, "training_time_total": 0.0, "val_accuracy": 0.4934999942779541, "val_loss": 1.432749444770813, "validation_time_mean": NaN, "validation_time_total": 0.0, "samples": 60000, "num_workers": 2, "done": false, "timesteps_total": null, "episodes_total": null, "training_iteration": 11, "neg_mean_loss": -1.443728814315796, "experiment_id": "52fa44115b77438c96c2b1a006dd918b", "date": "2019-06-02_20-41-25", "timestamp": 1559533285, "time_this_iter_s": 28.67301654815674, "time_total_s": 414.5792818069458, "pid": 9863, "hostname": "steropes", "node_ip": "169.229.49.254", "config": {"starting_lr": 0.001, "momentum": 0.9, "weight_decay": 0.0005, "steps_per_iteration": null, "pin": false, "model_creator": null, "target_batch_size": 128, "model_string": "resnet50", "min_batch_size": 128, "dataset": "CIFAR", "placement": null, "use_nccl": true, "devices_per_worker": 1, "primary_resource": "extra_gpu", "gpu": false, "verbose": false, "lr_config": {"mode": "log", "steps": 5, "initial_lr": 0.001, "target_lr": 0.0014142135623730952}, "batch_per_device": 128}, "time_since_restore": 121.40557599067688, "timesteps_since_restore": 0, "iterations_since_restore": 4, "mean_throughput": 1976.8383636422586, "atoms": 2, "setup_time": 18.46948790550232}
{"apply": 0.019062113761901856, "batch_time": 0.04023397266864777, "d2h": 0.0006902337074279786, "data_time": 0.0030676862415002317, "fwd": 0.028314864635467528, "get_state_time_mean": NaN, "get_state_time_total": 0.0, "grad": 0.08135590553283692, "mean_accuracy": 0.48643999099731444, "mean_loss": 1.4228423073005678, "neg_mean_accuracy": -0.5019999742507935, "set_state_time_mean": NaN, "set_state_time_total": 0.0, "setup_model_time_mean": NaN, "setup_model_time_total": 0.0, "setup_proc_time_mean": NaN, "setup_proc_time_total": 0.0, "train_accuracy": 0.48537999391555786, "train_loss": 1.4167338927841187, "training_time_mean": NaN, "training_time_total": 0.0, "val_accuracy": 0.5019999742507935, "val_loss": 1.3713911675453185, "validation_time_mean": NaN, "validation_time_total": 0.0, "samples": 60000, "num_workers": 2, "done": false, "timesteps_total": null, "episodes_total": null, "training_iteration": 12, "neg_mean_loss": -1.4228423073005678, "experiment_id": "52fa44115b77438c96c2b1a006dd918b", "date": "2019-06-02_20-41-54", "timestamp": 1559533314, "time_this_iter_s": 28.704763174057007, "time_total_s": 443.2840449810028, "pid": 9863, "hostname": "steropes", "node_ip": "169.229.49.254", "config": {"starting_lr": 0.001, "momentum": 0.9, "weight_decay": 0.0005, "steps_per_iteration": null, "pin": false, "model_creator": null, "target_batch_size": 128, "model_string": "resnet50", "min_batch_size": 128, "dataset": "CIFAR", "placement": null, "use_nccl": true, "devices_per_worker": 1, "primary_resource": "extra_gpu", "gpu": false, "verbose": false, "lr_config": {"mode": "log", "steps": 5, "initial_lr": 0.001, "target_lr": 0.0014142135623730952}, "batch_per_device": 128}, "time_since_restore": 150.1103391647339, "timesteps_since_restore": 0, "iterations_since_restore": 5, "mean_throughput": 1998.523429802383, "atoms": 2, "setup_time": 18.46948790550232}
{"apply": 0.019900751113891602, "batch_time": 0.039922660589218145, "d2h": 0.0007028341293334961, "data_time": 0.0030675706814746466, "fwd": 0.028711628913879395, "get_state_time_mean": NaN, "get_state_time_total": 0.0, "grad": 0.08238663673400878, "mean_accuracy": 0.49599997997283934, "mean_loss": 1.399977375831604, "neg_mean_accuracy": -0.5183999538421631, "set_state_time_mean": NaN, "set_state_time_total": 0.0, "setup_model_time_mean": NaN, "setup_model_time_total": 0.0, "setup_proc_time_mean": NaN, "setup_proc_time_total": 0.0, "train_accuracy": 0.4958599805831909, "train_loss": 1.391068906097412, "training_time_mean": NaN, "training_time_total": 0.0, "val_accuracy": 0.5183999538421631, "val_loss": 1.3367340433120727, "validation_time_mean": NaN, "validation_time_total": 0.0, "samples": 60000, "num_workers": 2, "done": false, "timesteps_total": null, "episodes_total": null, "training_iteration": 13, "neg_mean_loss": -1.399977375831604, "experiment_id": "52fa44115b77438c96c2b1a006dd918b", "date": "2019-06-02_20-42-23", "timestamp": 1559533343, "time_this_iter_s": 28.876412630081177, "time_total_s": 472.160457611084, "pid": 9863, "hostname": "steropes", "node_ip": "169.229.49.254", "config": {"starting_lr": 0.001, "momentum": 0.9, "weight_decay": 0.0005, "steps_per_iteration": null, "pin": false, "model_creator": null, "target_batch_size": 128, "model_string": "resnet50", "min_batch_size": 128, "dataset": "CIFAR", "placement": null, "use_nccl": true, "devices_per_worker": 1, "primary_resource": "extra_gpu", "gpu": false, "verbose": false, "lr_config": {"mode": "log", "steps": 5, "initial_lr": 0.001, "target_lr": 0.0014142135623730952}, "batch_per_device": 128}, "time_since_restore": 178.98675179481506, "timesteps_since_restore": 0, "iterations_since_restore": 6, "mean_throughput": 2076.072271480084, "atoms": 2, "setup_time": 18.46948790550232}
{"apply": 0.01817664305369059, "batch_time": 0.07264530217206036, "d2h": 0.0006501277287801107, "data_time": 0.003977768293773855, "fwd": 0.10680705706278483, "get_state_time_mean": NaN, "get_state_time_total": 0.0, "grad": 0.2546951532363892, "mean_accuracy": 0.509459129969279, "mean_loss": 1.3585596748621163, "neg_mean_accuracy": -0.5211957295735677, "set_state_time_mean": 4.614154418309529, "set_state_time_total": 4.614154418309529, "setup_model_time_mean": 11.875122467676798, "setup_model_time_total": 11.875122467676798, "setup_proc_time_mean": 1.8593470255533855, "setup_proc_time_total": 1.8593470255533855, "train_accuracy": 0.5117097695668539, "train_loss": 1.3465654352543766, "training_time_mean": NaN, "training_time_total": 0.0, "val_accuracy": 0.5211957295735677, "val_loss": 1.3100907035265845, "validation_time_mean": NaN, "validation_time_total": 0.0, "samples": 60000, "num_workers": 3, "done": false, "timesteps_total": null, "episodes_total": null, "training_iteration": 15, "neg_mean_loss": -1.3585596748621163, "experiment_id": "52fa44115b77438c96c2b1a006dd918b", "date": "2019-06-02_20-43-41", "timestamp": 1559533421, "time_this_iter_s": 26.79098153114319, "time_total_s": 527.9372425079346, "pid": 20687, "hostname": "steropes", "node_ip": "169.229.49.254", "config": {"starting_lr": 0.001, "momentum": 0.9, "weight_decay": 0.0005, "steps_per_iteration": null, "pin": false, "model_creator": null, "target_batch_size": 128, "model_string": "resnet50", "min_batch_size": 128, "dataset": "CIFAR", "placement": null, "use_nccl": true, "devices_per_worker": 1, "primary_resource": "extra_gpu", "gpu": false, "verbose": false, "lr_config": {"mode": "log", "steps": 5, "initial_lr": 0.001, "target_lr": 0.0017320508075688772}, "batch_per_device": 128}, "time_since_restore": 26.79098153114319, "timesteps_since_restore": 0, "iterations_since_restore": 1, "mean_throughput": 2239.5517120476293, "atoms": 3, "setup_time": 42.87576484680176}
{"apply": 0.020932062466939294, "batch_time": 0.04495475321640203, "d2h": 0.0006322542826334636, "data_time": 0.003738811604545923, "fwd": 0.03044891357421875, "get_state_time_mean": NaN, "get_state_time_total": 0.0, "grad": 0.09213876724243164, "mean_accuracy": 0.5166779438654582, "mean_loss": 1.3313634973075499, "neg_mean_accuracy": -0.5295940637588501, "set_state_time_mean": NaN, "set_state_time_total": 0.0, "setup_model_time_mean": NaN, "setup_model_time_total": 0.0, "setup_proc_time_mean": NaN, "setup_proc_time_total": 0.0, "train_accuracy": 0.5202296177546183, "train_loss": 1.3267601371915319, "training_time_mean": NaN, "training_time_total": 0.0, "val_accuracy": 0.5295940637588501, "val_loss": 1.2967685569979814, "validation_time_mean": NaN, "validation_time_total": 0.0, "samples": 60000, "num_workers": 3, "done": true, "timesteps_total": null, "episodes_total": null, "training_iteration": 16, "neg_mean_loss": -1.3313634973075499, "experiment_id": "52fa44115b77438c96c2b1a006dd918b", "date": "2019-06-02_20-44-02", "timestamp": 1559533442, "time_this_iter_s": 21.345980405807495, "time_total_s": 549.2832229137421, "pid": 20687, "hostname": "steropes", "node_ip": "169.229.49.254", "config": {"starting_lr": 0.001, "momentum": 0.9, "weight_decay": 0.0005, "steps_per_iteration": null, "pin": false, "model_creator": null, "target_batch_size": 128, "model_string": "resnet50", "min_batch_size": 128, "dataset": "CIFAR", "placement": null, "use_nccl": true, "devices_per_worker": 1, "primary_resource": "extra_gpu", "gpu": false, "verbose": false, "lr_config": {"mode": "log", "steps": 5, "initial_lr": 0.001, "target_lr": 0.0017320508075688772}, "batch_per_device": 128}, "time_since_restore": 48.136961936950684, "timesteps_since_restore": 0, "iterations_since_restore": 2, "mean_throughput": 2492.877935322758, "atoms": 3, "setup_time": 42.87576484680176}
