apply,batch_time,d2h,data_time,fwd,get_state_time_mean,get_state_time_total,grad,mean_accuracy,mean_loss,neg_mean_accuracy,set_state_time_mean,set_state_time_total,setup_model_time_mean,setup_model_time_total,setup_proc_time_mean,setup_proc_time_total,train_accuracy,train_loss,training_time_mean,training_time_total,val_accuracy,val_loss,validation_time_mean,validation_time_total,samples,num_workers,done,timesteps_total,episodes_total,training_iteration,neg_mean_loss,experiment_id,date,timestamp,time_this_iter_s,time_total_s,pid,hostname,node_ip,config,time_since_restore,timesteps_since_restore,iterations_since_restore,mean_throughput,atoms,setup_time
0.01921086311340332,0.041239635853827755,0.0007133722305297851,0.0017892576544486043,0.11682026386260987,nan,0.0,0.16369080543518066,0.29729998111724854,2.154560599517822,-0.29729998111724854,nan,0.0,8.140563726425171,8.140563726425171,0.17759227752685547,0.17759227752685547,0.2213599979877472,2.4160133740997316,nan,0.0,0.29729998111724854,2.154560599517822,nan,0.0,60000,1,False,,,1,-2.154560599517822,1882751efae546f5ba192b1c9de1e229,2019-06-06_13-25-28,1559852728,46.355778217315674,46.355778217315674,14584,steropes,169.229.49.254,"{'starting_lr': 0.001, 'momentum': 0.99, 'weight_decay': 0.001, 'steps_per_iteration': None, 'pin': False, 'model_creator': None, 'target_batch_size': 128, 'model_string': 'resnet50', 'min_batch_size': 128, 'dataset': 'CIFAR', 'placement': None, 'use_nccl': True, 'devices_per_worker': 1, 'primary_resource': 'extra_gpu', 'gpu': False, 'verbose': False, 'lr_config': {'mode': 'log', 'steps': 5, 'initial_lr': 0.001, 'target_lr': 0.001}, 'batch_per_device': 128}",46.355778217315674,0,1,1294.3336550314484,1,10.110114574432373
0.019000029563903807,0.030965714515010012,0.0007163286209106445,0.0017416538179987836,0.027921605110168456,nan,0.0,0.04734196662902832,0.3285999894142151,2.1233062492370607,-0.35989999771118164,nan,0.0,nan,0.0,nan,0.0,0.3222399950027466,2.223200258026123,nan,0.0,0.35989999771118164,2.092051898956299,nan,0.0,60000,1,False,,,2,-2.1233062492370607,1882751efae546f5ba192b1c9de1e229,2019-06-06_13-26-08,1559852768,40.94176888465881,87.29754710197449,14584,steropes,169.229.49.254,"{'starting_lr': 0.001, 'momentum': 0.99, 'weight_decay': 0.001, 'steps_per_iteration': None, 'pin': False, 'model_creator': None, 'target_batch_size': 128, 'model_string': 'resnet50', 'min_batch_size': 128, 'dataset': 'CIFAR', 'placement': None, 'use_nccl': True, 'devices_per_worker': 1, 'primary_resource': 'extra_gpu', 'gpu': False, 'verbose': False, 'lr_config': {'mode': 'log', 'steps': 5, 'initial_lr': 0.001, 'target_lr': 0.001}, 'batch_per_device': 128}",87.29754710197449,0,2,1374.6047635451612,1,10.110114574432373
0.017960762977600096,0.03215858302538908,0.0007091522216796875,0.0017464252384117498,0.027556133270263673,nan,0.0,0.048084354400634764,0.3469666540622711,3.0985966780344647,-0.3836999833583832,nan,0.0,nan,0.0,nan,0.0,0.3548800051212311,2.188651784324646,nan,0.0,0.3836999833583832,5.049177535629273,nan,0.0,60000,1,False,,,3,-3.0985966780344647,1882751efae546f5ba192b1c9de1e229,2019-06-06_13-26-50,1559852810,41.177119731903076,128.47466683387756,14584,steropes,169.229.49.254,"{'starting_lr': 0.001, 'momentum': 0.99, 'weight_decay': 0.001, 'steps_per_iteration': None, 'pin': False, 'model_creator': None, 'target_batch_size': 128, 'model_string': 'resnet50', 'min_batch_size': 128, 'dataset': 'CIFAR', 'placement': None, 'use_nccl': True, 'devices_per_worker': 1, 'primary_resource': 'extra_gpu', 'gpu': False, 'verbose': False, 'lr_config': {'mode': 'log', 'steps': 5, 'initial_lr': 0.001, 'target_lr': 0.001}, 'batch_per_device': 128}",128.47466683387756,0,3,1401.05056813009,1,10.110114574432373
0.018001103401184083,0.03214263916015625,0.0006935834884643554,0.0017422379740058918,0.027709364891052246,nan,0.0,0.04749550819396973,0.3565499857068062,2.7701268893241884,-0.3852999806404114,nan,0.0,nan,0.0,nan,0.0,0.3380799889564514,2.1342333115005494,nan,0.0,0.3852999806404114,1.7847175231933594,nan,0.0,60000,1,False,,,4,-2.7701268893241884,1882751efae546f5ba192b1c9de1e229,2019-06-06_13-27-31,1559852851,40.97969079017639,169.45435762405396,14584,steropes,169.229.49.254,"{'starting_lr': 0.001, 'momentum': 0.99, 'weight_decay': 0.001, 'steps_per_iteration': None, 'pin': False, 'model_creator': None, 'target_batch_size': 128, 'model_string': 'resnet50', 'min_batch_size': 128, 'dataset': 'CIFAR', 'placement': None, 'use_nccl': True, 'devices_per_worker': 1, 'primary_resource': 'extra_gpu', 'gpu': False, 'verbose': False, 'lr_config': {'mode': 'log', 'steps': 5, 'initial_lr': 0.001, 'target_lr': 0.001}, 'batch_per_device': 128}",169.45435762405396,0,4,1416.3069719774085,1,10.110114574432373
0.018195915222167968,0.031868542296976984,0.0007571697235107422,0.0017862021160857452,0.02849123477935791,nan,0.0,0.04827773571014404,0.36507998704910277,2.9508739656448366,-0.3991999924182892,nan,0.0,nan,0.0,nan,0.0,0.36903998255729675,1.9943639392852783,nan,0.0,0.3991999924182892,3.673862270927429,nan,0.0,60000,1,False,,,5,-2.9508739656448366,1882751efae546f5ba192b1c9de1e229,2019-06-06_13-28-12,1559852892,41.204554080963135,210.6589117050171,14584,steropes,169.229.49.254,"{'starting_lr': 0.001, 'momentum': 0.99, 'weight_decay': 0.001, 'steps_per_iteration': None, 'pin': False, 'model_creator': None, 'target_batch_size': 128, 'model_string': 'resnet50', 'min_batch_size': 128, 'dataset': 'CIFAR', 'placement': None, 'use_nccl': True, 'devices_per_worker': 1, 'primary_resource': 'extra_gpu', 'gpu': False, 'verbose': False, 'lr_config': {'mode': 'log', 'steps': 5, 'initial_lr': 0.001, 'target_lr': 0.001}, 'batch_per_device': 128}",210.6589117050171,0,5,1424.0996023155658,1,10.110114574432373
0.017987799644470216,0.03158326692219022,0.000737452507019043,0.001720415051940762,0.028252053260803222,nan,0.0,0.048550891876220706,0.3916399896144867,2.996919861030579,-0.4300999939441681,nan,0.0,nan,0.0,nan,0.0,0.40083998441696167,1.7697698195648193,nan,0.0,0.4300999939441681,2.3847900764465333,nan,0.0,60000,1,False,,,6,-2.996919861030579,1882751efae546f5ba192b1c9de1e229,2019-06-06_13-28-53,1559852933,40.8953914642334,251.5543031692505,14584,steropes,169.229.49.254,"{'starting_lr': 0.001, 'momentum': 0.99, 'weight_decay': 0.001, 'steps_per_iteration': None, 'pin': False, 'model_creator': None, 'target_batch_size': 128, 'model_string': 'resnet50', 'min_batch_size': 128, 'dataset': 'CIFAR', 'placement': None, 'use_nccl': True, 'devices_per_worker': 1, 'primary_resource': 'extra_gpu', 'gpu': False, 'verbose': False, 'lr_config': {'mode': 'log', 'steps': 5, 'initial_lr': 0.001, 'target_lr': 0.001}, 'batch_per_device': 128}",251.5543031692505,0,6,1461.9954415609106,1,10.110114574432373
0.017917490005493163,0.03150779084314274,0.0007253408432006836,0.0017335744160215567,0.027745890617370605,nan,0.0,0.04745957851409912,0.4109999895095825,2.9562410247802733,-0.45669999718666077,nan,0.0,nan,0.0,nan,0.0,0.4297599792480469,1.7223299002456665,nan,0.0,0.45669999718666077,1.888657717704773,nan,0.0,60000,1,False,,,7,-2.9562410247802733,1882751efae546f5ba192b1c9de1e229,2019-06-06_13-29-34,1559852974,41.02551317214966,292.57981634140015,14584,steropes,169.229.49.254,"{'starting_lr': 0.001, 'momentum': 0.99, 'weight_decay': 0.001, 'steps_per_iteration': None, 'pin': False, 'model_creator': None, 'target_batch_size': 128, 'model_string': 'resnet50', 'min_batch_size': 128, 'dataset': 'CIFAR', 'placement': None, 'use_nccl': True, 'devices_per_worker': 1, 'primary_resource': 'extra_gpu', 'gpu': False, 'verbose': False, 'lr_config': {'mode': 'log', 'steps': 5, 'initial_lr': 0.001, 'target_lr': 0.001}, 'batch_per_device': 128}",292.57981634140015,0,7,1461.3995337604636,1,10.110114574432373
0.018013906478881837,0.03211412550527838,0.0006708145141601562,0.001768349991430102,0.027765798568725585,nan,0.0,0.0476412296295166,0.43151999115943906,2.302156511917114,-0.486299991607666,nan,0.0,nan,0.0,nan,0.0,0.4524199962615967,1.6357510094451904,nan,0.0,0.486299991607666,1.7787549713134765,nan,0.0,60000,1,False,,,8,-2.302156511917114,1882751efae546f5ba192b1c9de1e229,2019-06-06_13-30-15,1559853015,41.473915815353394,334.05373215675354,14584,steropes,169.229.49.254,"{'starting_lr': 0.001, 'momentum': 0.99, 'weight_decay': 0.001, 'steps_per_iteration': None, 'pin': False, 'model_creator': None, 'target_batch_size': 128, 'model_string': 'resnet50', 'min_batch_size': 128, 'dataset': 'CIFAR', 'placement': None, 'use_nccl': True, 'devices_per_worker': 1, 'primary_resource': 'extra_gpu', 'gpu': False, 'verbose': False, 'lr_config': {'mode': 'log', 'steps': 5, 'initial_lr': 0.001, 'target_lr': 0.001}, 'batch_per_device': 128}",334.05373215675354,0,8,1459.2897091757686,1,10.110114574432373
0.01919445991516113,0.03177074541019488,0.0006683826446533203,0.0017840173238378657,0.028183174133300782,nan,0.0,0.048736977577209475,0.4522599935531616,2.5149057887649535,-0.48899999260902405,nan,0.0,nan,0.0,nan,0.0,0.47307997941970825,1.5440738135147094,nan,0.0,0.48899999260902405,2.848463907432556,nan,0.0,60000,1,True,,,9,-2.5149057887649535,1882751efae546f5ba192b1c9de1e229,2019-06-06_13-30-58,1559853058,42.27819323539734,376.3319253921509,14584,steropes,169.229.49.254,"{'starting_lr': 0.001, 'momentum': 0.99, 'weight_decay': 0.001, 'steps_per_iteration': None, 'pin': False, 'model_creator': None, 'target_batch_size': 128, 'model_string': 'resnet50', 'min_batch_size': 128, 'dataset': 'CIFAR', 'placement': None, 'use_nccl': True, 'devices_per_worker': 1, 'primary_resource': 'extra_gpu', 'gpu': False, 'verbose': False, 'lr_config': {'mode': 'log', 'steps': 5, 'initial_lr': 0.001, 'target_lr': 0.001}, 'batch_per_device': 128}",376.3319253921509,0,9,1450.1302370809071,1,10.110114574432373
