{"apply": 0.01921086311340332, "batch_time": 0.041239635853827755, "d2h": 0.0007133722305297851, "data_time": 0.0017892576544486043, "fwd": 0.11682026386260987, "get_state_time_mean": NaN, "get_state_time_total": 0.0, "grad": 0.16369080543518066, "mean_accuracy": 0.29729998111724854, "mean_loss": 2.154560599517822, "neg_mean_accuracy": -0.29729998111724854, "set_state_time_mean": NaN, "set_state_time_total": 0.0, "setup_model_time_mean": 8.140563726425171, "setup_model_time_total": 8.140563726425171, "setup_proc_time_mean": 0.17759227752685547, "setup_proc_time_total": 0.17759227752685547, "train_accuracy": 0.2213599979877472, "train_loss": 2.4160133740997316, "training_time_mean": NaN, "training_time_total": 0.0, "val_accuracy": 0.29729998111724854, "val_loss": 2.154560599517822, "validation_time_mean": NaN, "validation_time_total": 0.0, "samples": 60000, "num_workers": 1, "done": false, "timesteps_total": null, "episodes_total": null, "training_iteration": 1, "neg_mean_loss": -2.154560599517822, "experiment_id": "1882751efae546f5ba192b1c9de1e229", "date": "2019-06-06_13-25-28", "timestamp": 1559852728, "time_this_iter_s": 46.355778217315674, "time_total_s": 46.355778217315674, "pid": 14584, "hostname": "steropes", "node_ip": "169.229.49.254", "config": {"starting_lr": 0.001, "momentum": 0.99, "weight_decay": 0.001, "steps_per_iteration": null, "pin": false, "model_creator": null, "target_batch_size": 128, "model_string": "resnet50", "min_batch_size": 128, "dataset": "CIFAR", "placement": null, "use_nccl": true, "devices_per_worker": 1, "primary_resource": "extra_gpu", "gpu": false, "verbose": false, "lr_config": {"mode": "log", "steps": 5, "initial_lr": 0.001, "target_lr": 0.001}, "batch_per_device": 128}, "time_since_restore": 46.355778217315674, "timesteps_since_restore": 0, "iterations_since_restore": 1, "mean_throughput": 1294.3336550314484, "atoms": 1, "setup_time": 10.110114574432373}
{"apply": 0.019000029563903807, "batch_time": 0.030965714515010012, "d2h": 0.0007163286209106445, "data_time": 0.0017416538179987836, "fwd": 0.027921605110168456, "get_state_time_mean": NaN, "get_state_time_total": 0.0, "grad": 0.04734196662902832, "mean_accuracy": 0.3285999894142151, "mean_loss": 2.1233062492370607, "neg_mean_accuracy": -0.35989999771118164, "set_state_time_mean": NaN, "set_state_time_total": 0.0, "setup_model_time_mean": NaN, "setup_model_time_total": 0.0, "setup_proc_time_mean": NaN, "setup_proc_time_total": 0.0, "train_accuracy": 0.3222399950027466, "train_loss": 2.223200258026123, "training_time_mean": NaN, "training_time_total": 0.0, "val_accuracy": 0.35989999771118164, "val_loss": 2.092051898956299, "validation_time_mean": NaN, "validation_time_total": 0.0, "samples": 60000, "num_workers": 1, "done": false, "timesteps_total": null, "episodes_total": null, "training_iteration": 2, "neg_mean_loss": -2.1233062492370607, "experiment_id": "1882751efae546f5ba192b1c9de1e229", "date": "2019-06-06_13-26-08", "timestamp": 1559852768, "time_this_iter_s": 40.94176888465881, "time_total_s": 87.29754710197449, "pid": 14584, "hostname": "steropes", "node_ip": "169.229.49.254", "config": {"starting_lr": 0.001, "momentum": 0.99, "weight_decay": 0.001, "steps_per_iteration": null, "pin": false, "model_creator": null, "target_batch_size": 128, "model_string": "resnet50", "min_batch_size": 128, "dataset": "CIFAR", "placement": null, "use_nccl": true, "devices_per_worker": 1, "primary_resource": "extra_gpu", "gpu": false, "verbose": false, "lr_config": {"mode": "log", "steps": 5, "initial_lr": 0.001, "target_lr": 0.001}, "batch_per_device": 128}, "time_since_restore": 87.29754710197449, "timesteps_since_restore": 0, "iterations_since_restore": 2, "mean_throughput": 1374.6047635451612, "atoms": 1, "setup_time": 10.110114574432373}
{"apply": 0.017960762977600096, "batch_time": 0.03215858302538908, "d2h": 0.0007091522216796875, "data_time": 0.0017464252384117498, "fwd": 0.027556133270263673, "get_state_time_mean": NaN, "get_state_time_total": 0.0, "grad": 0.048084354400634764, "mean_accuracy": 0.3469666540622711, "mean_loss": 3.0985966780344647, "neg_mean_accuracy": -0.3836999833583832, "set_state_time_mean": NaN, "set_state_time_total": 0.0, "setup_model_time_mean": NaN, "setup_model_time_total": 0.0, "setup_proc_time_mean": NaN, "setup_proc_time_total": 0.0, "train_accuracy": 0.3548800051212311, "train_loss": 2.188651784324646, "training_time_mean": NaN, "training_time_total": 0.0, "val_accuracy": 0.3836999833583832, "val_loss": 5.049177535629273, "validation_time_mean": NaN, "validation_time_total": 0.0, "samples": 60000, "num_workers": 1, "done": false, "timesteps_total": null, "episodes_total": null, "training_iteration": 3, "neg_mean_loss": -3.0985966780344647, "experiment_id": "1882751efae546f5ba192b1c9de1e229", "date": "2019-06-06_13-26-50", "timestamp": 1559852810, "time_this_iter_s": 41.177119731903076, "time_total_s": 128.47466683387756, "pid": 14584, "hostname": "steropes", "node_ip": "169.229.49.254", "config": {"starting_lr": 0.001, "momentum": 0.99, "weight_decay": 0.001, "steps_per_iteration": null, "pin": false, "model_creator": null, "target_batch_size": 128, "model_string": "resnet50", "min_batch_size": 128, "dataset": "CIFAR", "placement": null, "use_nccl": true, "devices_per_worker": 1, "primary_resource": "extra_gpu", "gpu": false, "verbose": false, "lr_config": {"mode": "log", "steps": 5, "initial_lr": 0.001, "target_lr": 0.001}, "batch_per_device": 128}, "time_since_restore": 128.47466683387756, "timesteps_since_restore": 0, "iterations_since_restore": 3, "mean_throughput": 1401.05056813009, "atoms": 1, "setup_time": 10.110114574432373}
{"apply": 0.018001103401184083, "batch_time": 0.03214263916015625, "d2h": 0.0006935834884643554, "data_time": 0.0017422379740058918, "fwd": 0.027709364891052246, "get_state_time_mean": NaN, "get_state_time_total": 0.0, "grad": 0.04749550819396973, "mean_accuracy": 0.3565499857068062, "mean_loss": 2.7701268893241884, "neg_mean_accuracy": -0.3852999806404114, "set_state_time_mean": NaN, "set_state_time_total": 0.0, "setup_model_time_mean": NaN, "setup_model_time_total": 0.0, "setup_proc_time_mean": NaN, "setup_proc_time_total": 0.0, "train_accuracy": 0.3380799889564514, "train_loss": 2.1342333115005494, "training_time_mean": NaN, "training_time_total": 0.0, "val_accuracy": 0.3852999806404114, "val_loss": 1.7847175231933594, "validation_time_mean": NaN, "validation_time_total": 0.0, "samples": 60000, "num_workers": 1, "done": false, "timesteps_total": null, "episodes_total": null, "training_iteration": 4, "neg_mean_loss": -2.7701268893241884, "experiment_id": "1882751efae546f5ba192b1c9de1e229", "date": "2019-06-06_13-27-31", "timestamp": 1559852851, "time_this_iter_s": 40.97969079017639, "time_total_s": 169.45435762405396, "pid": 14584, "hostname": "steropes", "node_ip": "169.229.49.254", "config": {"starting_lr": 0.001, "momentum": 0.99, "weight_decay": 0.001, "steps_per_iteration": null, "pin": false, "model_creator": null, "target_batch_size": 128, "model_string": "resnet50", "min_batch_size": 128, "dataset": "CIFAR", "placement": null, "use_nccl": true, "devices_per_worker": 1, "primary_resource": "extra_gpu", "gpu": false, "verbose": false, "lr_config": {"mode": "log", "steps": 5, "initial_lr": 0.001, "target_lr": 0.001}, "batch_per_device": 128}, "time_since_restore": 169.45435762405396, "timesteps_since_restore": 0, "iterations_since_restore": 4, "mean_throughput": 1416.3069719774085, "atoms": 1, "setup_time": 10.110114574432373}
{"apply": 0.018195915222167968, "batch_time": 0.031868542296976984, "d2h": 0.0007571697235107422, "data_time": 0.0017862021160857452, "fwd": 0.02849123477935791, "get_state_time_mean": NaN, "get_state_time_total": 0.0, "grad": 0.04827773571014404, "mean_accuracy": 0.36507998704910277, "mean_loss": 2.9508739656448366, "neg_mean_accuracy": -0.3991999924182892, "set_state_time_mean": NaN, "set_state_time_total": 0.0, "setup_model_time_mean": NaN, "setup_model_time_total": 0.0, "setup_proc_time_mean": NaN, "setup_proc_time_total": 0.0, "train_accuracy": 0.36903998255729675, "train_loss": 1.9943639392852783, "training_time_mean": NaN, "training_time_total": 0.0, "val_accuracy": 0.3991999924182892, "val_loss": 3.673862270927429, "validation_time_mean": NaN, "validation_time_total": 0.0, "samples": 60000, "num_workers": 1, "done": false, "timesteps_total": null, "episodes_total": null, "training_iteration": 5, "neg_mean_loss": -2.9508739656448366, "experiment_id": "1882751efae546f5ba192b1c9de1e229", "date": "2019-06-06_13-28-12", "timestamp": 1559852892, "time_this_iter_s": 41.204554080963135, "time_total_s": 210.6589117050171, "pid": 14584, "hostname": "steropes", "node_ip": "169.229.49.254", "config": {"starting_lr": 0.001, "momentum": 0.99, "weight_decay": 0.001, "steps_per_iteration": null, "pin": false, "model_creator": null, "target_batch_size": 128, "model_string": "resnet50", "min_batch_size": 128, "dataset": "CIFAR", "placement": null, "use_nccl": true, "devices_per_worker": 1, "primary_resource": "extra_gpu", "gpu": false, "verbose": false, "lr_config": {"mode": "log", "steps": 5, "initial_lr": 0.001, "target_lr": 0.001}, "batch_per_device": 128}, "time_since_restore": 210.6589117050171, "timesteps_since_restore": 0, "iterations_since_restore": 5, "mean_throughput": 1424.0996023155658, "atoms": 1, "setup_time": 10.110114574432373}
{"apply": 0.017987799644470216, "batch_time": 0.03158326692219022, "d2h": 0.000737452507019043, "data_time": 0.001720415051940762, "fwd": 0.028252053260803222, "get_state_time_mean": NaN, "get_state_time_total": 0.0, "grad": 0.048550891876220706, "mean_accuracy": 0.3916399896144867, "mean_loss": 2.996919861030579, "neg_mean_accuracy": -0.4300999939441681, "set_state_time_mean": NaN, "set_state_time_total": 0.0, "setup_model_time_mean": NaN, "setup_model_time_total": 0.0, "setup_proc_time_mean": NaN, "setup_proc_time_total": 0.0, "train_accuracy": 0.40083998441696167, "train_loss": 1.7697698195648193, "training_time_mean": NaN, "training_time_total": 0.0, "val_accuracy": 0.4300999939441681, "val_loss": 2.3847900764465333, "validation_time_mean": NaN, "validation_time_total": 0.0, "samples": 60000, "num_workers": 1, "done": false, "timesteps_total": null, "episodes_total": null, "training_iteration": 6, "neg_mean_loss": -2.996919861030579, "experiment_id": "1882751efae546f5ba192b1c9de1e229", "date": "2019-06-06_13-28-53", "timestamp": 1559852933, "time_this_iter_s": 40.8953914642334, "time_total_s": 251.5543031692505, "pid": 14584, "hostname": "steropes", "node_ip": "169.229.49.254", "config": {"starting_lr": 0.001, "momentum": 0.99, "weight_decay": 0.001, "steps_per_iteration": null, "pin": false, "model_creator": null, "target_batch_size": 128, "model_string": "resnet50", "min_batch_size": 128, "dataset": "CIFAR", "placement": null, "use_nccl": true, "devices_per_worker": 1, "primary_resource": "extra_gpu", "gpu": false, "verbose": false, "lr_config": {"mode": "log", "steps": 5, "initial_lr": 0.001, "target_lr": 0.001}, "batch_per_device": 128}, "time_since_restore": 251.5543031692505, "timesteps_since_restore": 0, "iterations_since_restore": 6, "mean_throughput": 1461.9954415609106, "atoms": 1, "setup_time": 10.110114574432373}
{"apply": 0.017917490005493163, "batch_time": 0.03150779084314274, "d2h": 0.0007253408432006836, "data_time": 0.0017335744160215567, "fwd": 0.027745890617370605, "get_state_time_mean": NaN, "get_state_time_total": 0.0, "grad": 0.04745957851409912, "mean_accuracy": 0.4109999895095825, "mean_loss": 2.9562410247802733, "neg_mean_accuracy": -0.45669999718666077, "set_state_time_mean": NaN, "set_state_time_total": 0.0, "setup_model_time_mean": NaN, "setup_model_time_total": 0.0, "setup_proc_time_mean": NaN, "setup_proc_time_total": 0.0, "train_accuracy": 0.4297599792480469, "train_loss": 1.7223299002456665, "training_time_mean": NaN, "training_time_total": 0.0, "val_accuracy": 0.45669999718666077, "val_loss": 1.888657717704773, "validation_time_mean": NaN, "validation_time_total": 0.0, "samples": 60000, "num_workers": 1, "done": false, "timesteps_total": null, "episodes_total": null, "training_iteration": 7, "neg_mean_loss": -2.9562410247802733, "experiment_id": "1882751efae546f5ba192b1c9de1e229", "date": "2019-06-06_13-29-34", "timestamp": 1559852974, "time_this_iter_s": 41.02551317214966, "time_total_s": 292.57981634140015, "pid": 14584, "hostname": "steropes", "node_ip": "169.229.49.254", "config": {"starting_lr": 0.001, "momentum": 0.99, "weight_decay": 0.001, "steps_per_iteration": null, "pin": false, "model_creator": null, "target_batch_size": 128, "model_string": "resnet50", "min_batch_size": 128, "dataset": "CIFAR", "placement": null, "use_nccl": true, "devices_per_worker": 1, "primary_resource": "extra_gpu", "gpu": false, "verbose": false, "lr_config": {"mode": "log", "steps": 5, "initial_lr": 0.001, "target_lr": 0.001}, "batch_per_device": 128}, "time_since_restore": 292.57981634140015, "timesteps_since_restore": 0, "iterations_since_restore": 7, "mean_throughput": 1461.3995337604636, "atoms": 1, "setup_time": 10.110114574432373}
{"apply": 0.018013906478881837, "batch_time": 0.03211412550527838, "d2h": 0.0006708145141601562, "data_time": 0.001768349991430102, "fwd": 0.027765798568725585, "get_state_time_mean": NaN, "get_state_time_total": 0.0, "grad": 0.0476412296295166, "mean_accuracy": 0.43151999115943906, "mean_loss": 2.302156511917114, "neg_mean_accuracy": -0.486299991607666, "set_state_time_mean": NaN, "set_state_time_total": 0.0, "setup_model_time_mean": NaN, "setup_model_time_total": 0.0, "setup_proc_time_mean": NaN, "setup_proc_time_total": 0.0, "train_accuracy": 0.4524199962615967, "train_loss": 1.6357510094451904, "training_time_mean": NaN, "training_time_total": 0.0, "val_accuracy": 0.486299991607666, "val_loss": 1.7787549713134765, "validation_time_mean": NaN, "validation_time_total": 0.0, "samples": 60000, "num_workers": 1, "done": false, "timesteps_total": null, "episodes_total": null, "training_iteration": 8, "neg_mean_loss": -2.302156511917114, "experiment_id": "1882751efae546f5ba192b1c9de1e229", "date": "2019-06-06_13-30-15", "timestamp": 1559853015, "time_this_iter_s": 41.473915815353394, "time_total_s": 334.05373215675354, "pid": 14584, "hostname": "steropes", "node_ip": "169.229.49.254", "config": {"starting_lr": 0.001, "momentum": 0.99, "weight_decay": 0.001, "steps_per_iteration": null, "pin": false, "model_creator": null, "target_batch_size": 128, "model_string": "resnet50", "min_batch_size": 128, "dataset": "CIFAR", "placement": null, "use_nccl": true, "devices_per_worker": 1, "primary_resource": "extra_gpu", "gpu": false, "verbose": false, "lr_config": {"mode": "log", "steps": 5, "initial_lr": 0.001, "target_lr": 0.001}, "batch_per_device": 128}, "time_since_restore": 334.05373215675354, "timesteps_since_restore": 0, "iterations_since_restore": 8, "mean_throughput": 1459.2897091757686, "atoms": 1, "setup_time": 10.110114574432373}
{"apply": 0.01919445991516113, "batch_time": 0.03177074541019488, "d2h": 0.0006683826446533203, "data_time": 0.0017840173238378657, "fwd": 0.028183174133300782, "get_state_time_mean": NaN, "get_state_time_total": 0.0, "grad": 0.048736977577209475, "mean_accuracy": 0.4522599935531616, "mean_loss": 2.5149057887649535, "neg_mean_accuracy": -0.48899999260902405, "set_state_time_mean": NaN, "set_state_time_total": 0.0, "setup_model_time_mean": NaN, "setup_model_time_total": 0.0, "setup_proc_time_mean": NaN, "setup_proc_time_total": 0.0, "train_accuracy": 0.47307997941970825, "train_loss": 1.5440738135147094, "training_time_mean": NaN, "training_time_total": 0.0, "val_accuracy": 0.48899999260902405, "val_loss": 2.848463907432556, "validation_time_mean": NaN, "validation_time_total": 0.0, "samples": 60000, "num_workers": 1, "done": true, "timesteps_total": null, "episodes_total": null, "training_iteration": 9, "neg_mean_loss": -2.5149057887649535, "experiment_id": "1882751efae546f5ba192b1c9de1e229", "date": "2019-06-06_13-30-58", "timestamp": 1559853058, "time_this_iter_s": 42.27819323539734, "time_total_s": 376.3319253921509, "pid": 14584, "hostname": "steropes", "node_ip": "169.229.49.254", "config": {"starting_lr": 0.001, "momentum": 0.99, "weight_decay": 0.001, "steps_per_iteration": null, "pin": false, "model_creator": null, "target_batch_size": 128, "model_string": "resnet50", "min_batch_size": 128, "dataset": "CIFAR", "placement": null, "use_nccl": true, "devices_per_worker": 1, "primary_resource": "extra_gpu", "gpu": false, "verbose": false, "lr_config": {"mode": "log", "steps": 5, "initial_lr": 0.001, "target_lr": 0.001}, "batch_per_device": 128}, "time_since_restore": 376.3319253921509, "timesteps_since_restore": 0, "iterations_since_restore": 9, "mean_throughput": 1450.1302370809071, "atoms": 1, "setup_time": 10.110114574432373}
