apply,batch_time,d2h,data_time,fwd,get_state_time_mean,get_state_time_total,grad,mean_accuracy,mean_loss,neg_mean_accuracy,set_state_time_mean,set_state_time_total,setup_model_time_mean,setup_model_time_total,setup_proc_time_mean,setup_proc_time_total,train_accuracy,train_loss,training_time_mean,training_time_total,validation_time_mean,validation_time_total,samples,num_workers,done,timesteps_total,episodes_total,training_iteration,neg_mean_loss,experiment_id,date,timestamp,time_this_iter_s,time_total_s,pid,hostname,node_ip,config,time_since_restore,timesteps_since_restore,iterations_since_restore,mean_throughput,atoms,resource_time
0.007126855850219727,0.1735558032989502,0.007178854942321777,0.032410621643066406,0.08470549583435058,nan,0.0,0.15193161964416504,0.334199994802475,1.9416170316696166,-0.334199994802475,nan,0.0,8.653173923492432,8.653173923492432,0.2966127395629883,0.2966127395629883,0.2627599835395813,2.558483278999329,nan,0.0,nan,0.0,60000,1,False,,,1,-1.9416170316696166,1b4cd5c4b9fa4471880fc69ab66107ed,2019-05-30_14-41-27,1559252487,11.932611227035522,11.932611227035522,27458,steropes,169.229.49.254,"{'starting_lr': 0.005, 'momentum': 0.997, 'weight_decay': 0.001, 'steps_per_iteration': None, 'pin': False, 'model_creator': None, 'target_batch_size': 1024, 'model_string': 'resnet18', 'min_batch_size': 512, 'dataset': 'CIFAR', 'placement': None, 'use_nccl': True, 'devices_per_worker': 1, 'primary_resource': 'extra_gpu', 'gpu': False, 'verbose': False, 'lr_config': {'mode': 'log', 'steps': 5, 'initial_lr': 0.005, 'target_lr': 0.005}, 'batch_per_device': 1024}",11.932611227035522,0,1,5028.201663266256,1,11.932611227035522
0.007400369644165039,0.13966290950775145,0.006180763244628906,0.04099408461123097,0.025929069519042967,nan,0.0,0.04586384296417236,0.4124999940395355,1.6843138187408446,-0.4124999940395355,nan,0.0,nan,0.0,nan,0.0,0.3899399936199188,1.67668054271698,nan,0.0,nan,0.0,60000,1,False,,,2,-1.6843138187408446,1b4cd5c4b9fa4471880fc69ab66107ed,2019-05-30_14-41-36,1559252496,8.510806798934937,20.44341802597046,27458,steropes,169.229.49.254,"{'starting_lr': 0.005, 'momentum': 0.997, 'weight_decay': 0.001, 'steps_per_iteration': None, 'pin': False, 'model_creator': None, 'target_batch_size': 1024, 'model_string': 'resnet18', 'min_batch_size': 512, 'dataset': 'CIFAR', 'placement': None, 'use_nccl': True, 'devices_per_worker': 1, 'primary_resource': 'extra_gpu', 'gpu': False, 'verbose': False, 'lr_config': {'mode': 'log', 'steps': 5, 'initial_lr': 0.005, 'target_lr': 0.005}, 'batch_per_device': 1024}",20.44341802597046,0,2,5869.8136389943265,1,20.44341802597046
0.007240986824035645,0.1341691017150879,0.00690305233001709,0.04785265241350446,0.025402021408081055,nan,0.0,0.04274625778198242,0.4729999899864197,1.4922139888763428,-0.4729999899864197,nan,0.0,nan,0.0,nan,0.0,0.4396199882030487,1.5417076847076416,nan,0.0,nan,0.0,60000,1,False,,,3,-1.4922139888763428,1b4cd5c4b9fa4471880fc69ab66107ed,2019-05-30_14-41-44,1559252504,8.411482334136963,28.854900360107422,27458,steropes,169.229.49.254,"{'starting_lr': 0.005, 'momentum': 0.997, 'weight_decay': 0.001, 'steps_per_iteration': None, 'pin': False, 'model_creator': None, 'target_batch_size': 1024, 'model_string': 'resnet18', 'min_batch_size': 512, 'dataset': 'CIFAR', 'placement': None, 'use_nccl': True, 'devices_per_worker': 1, 'primary_resource': 'extra_gpu', 'gpu': False, 'verbose': False, 'lr_config': {'mode': 'log', 'steps': 5, 'initial_lr': 0.005, 'target_lr': 0.005}, 'batch_per_device': 1024}",28.854900360107422,0,3,6238.057242313401,1,28.854900360107422
0.006895899772644043,0.16520366668701172,0.005179786682128906,0.051963801286658465,0.021776270866394044,nan,0.0,0.04642822742462158,0.48589998483657837,1.4686891633987427,-0.48589998483657837,nan,0.0,nan,0.0,nan,0.0,0.467739999294281,1.4600855425643922,nan,0.0,nan,0.0,60000,1,False,,,4,-1.4686891633987427,1b4cd5c4b9fa4471880fc69ab66107ed,2019-05-30_14-41-53,1559252513,9.056280136108398,37.91118049621582,27458,steropes,169.229.49.254,"{'starting_lr': 0.005, 'momentum': 0.997, 'weight_decay': 0.001, 'steps_per_iteration': None, 'pin': False, 'model_creator': None, 'target_batch_size': 1024, 'model_string': 'resnet18', 'min_batch_size': 512, 'dataset': 'CIFAR', 'placement': None, 'use_nccl': True, 'devices_per_worker': 1, 'primary_resource': 'extra_gpu', 'gpu': False, 'verbose': False, 'lr_config': {'mode': 'log', 'steps': 5, 'initial_lr': 0.005, 'target_lr': 0.005}, 'batch_per_device': 1024}",37.91118049621582,0,4,6330.532438014303,1,37.91118049621582
0.007107996940612793,0.1432736873626709,0.004955387115478516,0.048270157405308316,0.02845766544342041,nan,0.0,0.049322772026062014,0.5128999948501587,1.3532718099594117,-0.5128999948501587,nan,0.0,nan,0.0,nan,0.0,0.49393999576568604,1.3949687154769896,nan,0.0,nan,0.0,60000,1,False,,,5,-1.3532718099594117,1b4cd5c4b9fa4471880fc69ab66107ed,2019-05-30_14-42-02,1559252522,8.765638828277588,46.67681932449341,27458,steropes,169.229.49.254,"{'starting_lr': 0.005, 'momentum': 0.997, 'weight_decay': 0.001, 'steps_per_iteration': None, 'pin': False, 'model_creator': None, 'target_batch_size': 1024, 'model_string': 'resnet18', 'min_batch_size': 512, 'dataset': 'CIFAR', 'placement': None, 'use_nccl': True, 'devices_per_worker': 1, 'primary_resource': 'extra_gpu', 'gpu': False, 'verbose': False, 'lr_config': {'mode': 'log', 'steps': 5, 'initial_lr': 0.005, 'target_lr': 0.005}, 'batch_per_device': 1024}",46.67681932449341,0,5,6427.118131277843,1,46.67681932449341
0.007981610298156739,0.1543708324432373,0.007344198226928711,0.05948332864411023,0.02788279056549072,nan,0.0,0.053948187828063966,0.5090000033378601,1.3348974138259888,-0.5090000033378601,nan,0.0,nan,0.0,nan,0.0,0.5118799805641174,1.3470263396835327,nan,0.0,nan,0.0,60000,1,False,,,6,-1.3348974138259888,1b4cd5c4b9fa4471880fc69ab66107ed,2019-05-30_14-42-11,1559252531,9.217012882232666,55.893832206726074,27458,steropes,169.229.49.254,"{'starting_lr': 0.005, 'momentum': 0.997, 'weight_decay': 0.001, 'steps_per_iteration': None, 'pin': False, 'model_creator': None, 'target_batch_size': 1024, 'model_string': 'resnet18', 'min_batch_size': 512, 'dataset': 'CIFAR', 'placement': None, 'use_nccl': True, 'devices_per_worker': 1, 'primary_resource': 'extra_gpu', 'gpu': False, 'verbose': False, 'lr_config': {'mode': 'log', 'steps': 5, 'initial_lr': 0.005, 'target_lr': 0.005}, 'batch_per_device': 1024}",55.893832206726074,0,6,6824.134828232266,1,55.893832206726074
0.008275532722473144,0.1576521635055542,0.008395195007324219,0.03877636364528111,0.031731820106506346,nan,0.0,0.05186288356781006,0.5597999691963196,1.2628675146102906,-0.5597999691963196,nan,0.0,nan,0.0,nan,0.0,0.5354599952697754,1.286702013244629,nan,0.0,nan,0.0,60000,1,False,,,7,-1.2628675146102906,1b4cd5c4b9fa4471880fc69ab66107ed,2019-05-30_14-42-20,1559252540,8.478856086730957,64.37268829345703,27458,steropes,169.229.49.254,"{'starting_lr': 0.005, 'momentum': 0.997, 'weight_decay': 0.001, 'steps_per_iteration': None, 'pin': False, 'model_creator': None, 'target_batch_size': 1024, 'model_string': 'resnet18', 'min_batch_size': 512, 'dataset': 'CIFAR', 'placement': None, 'use_nccl': True, 'devices_per_worker': 1, 'primary_resource': 'extra_gpu', 'gpu': False, 'verbose': False, 'lr_config': {'mode': 'log', 'steps': 5, 'initial_lr': 0.005, 'target_lr': 0.005}, 'batch_per_device': 1024}",64.37268829345703,0,7,6829.098013774728,1,64.37268829345703
0.007352375984191894,0.1346369743347168,0.006122493743896484,0.044880137151601364,0.026403260231018067,nan,0.0,0.05423285961151123,0.5679999589920044,1.1891025346755981,-0.5679999589920044,nan,0.0,nan,0.0,nan,0.0,0.5485999584197998,1.2448960092544556,nan,0.0,nan,0.0,60000,1,False,,,8,-1.1891025346755981,1b4cd5c4b9fa4471880fc69ab66107ed,2019-05-30_14-42-29,1559252549,8.664315938949585,73.03700423240662,27458,steropes,169.229.49.254,"{'starting_lr': 0.005, 'momentum': 0.997, 'weight_decay': 0.001, 'steps_per_iteration': None, 'pin': False, 'model_creator': None, 'target_batch_size': 1024, 'model_string': 'resnet18', 'min_batch_size': 512, 'dataset': 'CIFAR', 'placement': None, 'use_nccl': True, 'devices_per_worker': 1, 'primary_resource': 'extra_gpu', 'gpu': False, 'verbose': False, 'lr_config': {'mode': 'log', 'steps': 5, 'initial_lr': 0.005, 'target_lr': 0.005}, 'batch_per_device': 1024}",73.03700423240662,0,8,6789.985860455711,1,73.03700423240662
0.007675528526306152,0.1352376699447632,0.004621315002441406,0.04525332548180405,0.025512552261352538,nan,0.0,0.05131082534790039,0.5896999835968018,1.1425743398666381,-0.5896999835968018,nan,0.0,nan,0.0,nan,0.0,0.5672599673271179,1.195934885787964,nan,0.0,nan,0.0,60000,1,False,,,9,-1.1425743398666381,1b4cd5c4b9fa4471880fc69ab66107ed,2019-05-30_14-42-37,1559252557,8.357341527938843,81.39434576034546,27458,steropes,169.229.49.254,"{'starting_lr': 0.005, 'momentum': 0.997, 'weight_decay': 0.001, 'steps_per_iteration': None, 'pin': False, 'model_creator': None, 'target_batch_size': 1024, 'model_string': 'resnet18', 'min_batch_size': 512, 'dataset': 'CIFAR', 'placement': None, 'use_nccl': True, 'devices_per_worker': 1, 'primary_resource': 'extra_gpu', 'gpu': False, 'verbose': False, 'lr_config': {'mode': 'log', 'steps': 5, 'initial_lr': 0.005, 'target_lr': 0.005}, 'batch_per_device': 1024}",81.39434576034546,0,9,6899.125374713184,1,81.39434576034546
0.00775442123413086,0.15414469242095946,0.004962110519409179,0.05519382321104711,0.02636241912841797,nan,0.0,0.05512683391571045,0.6017000079154968,1.116858274269104,-0.6017000079154968,nan,0.0,nan,0.0,nan,0.0,0.5834400057792664,1.149173601989746,nan,0.0,nan,0.0,60000,1,False,,,10,-1.116858274269104,1b4cd5c4b9fa4471880fc69ab66107ed,2019-05-30_14-42-46,1559252566,9.061685562133789,90.45603132247925,27458,steropes,169.229.49.254,"{'starting_lr': 0.005, 'momentum': 0.997, 'weight_decay': 0.001, 'steps_per_iteration': None, 'pin': False, 'model_creator': None, 'target_batch_size': 1024, 'model_string': 'resnet18', 'min_batch_size': 512, 'dataset': 'CIFAR', 'placement': None, 'use_nccl': True, 'devices_per_worker': 1, 'primary_resource': 'extra_gpu', 'gpu': False, 'verbose': False, 'lr_config': {'mode': 'log', 'steps': 5, 'initial_lr': 0.005, 'target_lr': 0.005}, 'batch_per_device': 1024}",90.45603132247925,0,10,6852.470687484389,1,90.45603132247925
0.008401703834533692,0.13988230228424073,0.007573485374450684,0.03406109615248077,0.03773753643035889,nan,0.0,0.06617794036865235,0.6060999631881714,1.1153543832778932,-0.6060999631881714,nan,0.0,nan,0.0,nan,0.0,0.600659966468811,1.1075319678878783,nan,0.0,nan,0.0,60000,1,False,,,11,-1.1153543832778932,1b4cd5c4b9fa4471880fc69ab66107ed,2019-05-30_14-42-54,1559252574,8.387067317962646,98.8430986404419,27458,steropes,169.229.49.254,"{'starting_lr': 0.005, 'momentum': 0.997, 'weight_decay': 0.001, 'steps_per_iteration': None, 'pin': False, 'model_creator': None, 'target_batch_size': 1024, 'model_string': 'resnet18', 'min_batch_size': 512, 'dataset': 'CIFAR', 'placement': None, 'use_nccl': True, 'devices_per_worker': 1, 'primary_resource': 'extra_gpu', 'gpu': False, 'verbose': False, 'lr_config': {'mode': 'log', 'steps': 5, 'initial_lr': 0.005, 'target_lr': 0.005}, 'batch_per_device': 1024}",98.8430986404419,0,11,6984.88445555856,1,98.8430986404419
0.007393884658813477,0.14370193481445312,0.005370211601257324,0.03194193450772032,0.027495145797729492,nan,0.0,0.054329299926757814,0.6173999905586243,1.064232144165039,-0.6173999905586243,nan,0.0,nan,0.0,nan,0.0,0.6137799620628357,1.0701582133865357,nan,0.0,nan,0.0,60000,1,False,,,12,-1.064232144165039,1b4cd5c4b9fa4471880fc69ab66107ed,2019-05-30_14-43-03,1559252583,8.141627311706543,106.98472595214844,27458,steropes,169.229.49.254,"{'starting_lr': 0.005, 'momentum': 0.997, 'weight_decay': 0.001, 'steps_per_iteration': None, 'pin': False, 'model_creator': None, 'target_batch_size': 1024, 'model_string': 'resnet18', 'min_batch_size': 512, 'dataset': 'CIFAR', 'placement': None, 'use_nccl': True, 'devices_per_worker': 1, 'primary_resource': 'extra_gpu', 'gpu': False, 'verbose': False, 'lr_config': {'mode': 'log', 'steps': 5, 'initial_lr': 0.005, 'target_lr': 0.005}, 'batch_per_device': 1024}",106.98472595214844,0,12,7040.147056457171,1,106.98472595214844
0.008526253700256347,0.14565398693084716,0.006539630889892578,0.03523107937404087,0.036965012550354004,nan,0.0,0.0637507438659668,0.6354999542236328,1.020692206478119,-0.6354999542236328,nan,0.0,nan,0.0,nan,0.0,0.6253199577331543,1.039517074356079,nan,0.0,nan,0.0,60000,1,False,,,13,-1.020692206478119,1b4cd5c4b9fa4471880fc69ab66107ed,2019-05-30_14-43-11,1559252591,8.424856424331665,115.4095823764801,27458,steropes,169.229.49.254,"{'starting_lr': 0.005, 'momentum': 0.997, 'weight_decay': 0.001, 'steps_per_iteration': None, 'pin': False, 'model_creator': None, 'target_batch_size': 1024, 'model_string': 'resnet18', 'min_batch_size': 512, 'dataset': 'CIFAR', 'placement': None, 'use_nccl': True, 'devices_per_worker': 1, 'primary_resource': 'extra_gpu', 'gpu': False, 'verbose': False, 'lr_config': {'mode': 'log', 'steps': 5, 'initial_lr': 0.005, 'target_lr': 0.005}, 'batch_per_device': 1024}",115.4095823764801,0,13,7079.966408213732,1,115.4095823764801
0.007727146148681641,0.14269518852233887,0.009857106208801269,0.03354354293978944,0.037681174278259275,nan,0.0,0.05831210613250733,0.6437000036239624,1.0028072164535522,-0.6437000036239624,nan,0.0,nan,0.0,nan,0.0,0.641319990158081,0.9973206398773193,nan,0.0,nan,0.0,60000,1,False,,,14,-1.0028072164535522,1b4cd5c4b9fa4471880fc69ab66107ed,2019-05-30_14-43-19,1559252599,8.09310531616211,123.50268769264221,27458,steropes,169.229.49.254,"{'starting_lr': 0.005, 'momentum': 0.997, 'weight_decay': 0.001, 'steps_per_iteration': None, 'pin': False, 'model_creator': None, 'target_batch_size': 1024, 'model_string': 'resnet18', 'min_batch_size': 512, 'dataset': 'CIFAR', 'placement': None, 'use_nccl': True, 'devices_per_worker': 1, 'primary_resource': 'extra_gpu', 'gpu': False, 'verbose': False, 'lr_config': {'mode': 'log', 'steps': 5, 'initial_lr': 0.005, 'target_lr': 0.005}, 'batch_per_device': 1024}",123.50268769264221,0,14,7124.3935340945945,1,123.50268769264221
0.00732424259185791,0.13291666507720948,0.008019280433654786,0.04042014297173948,0.028596663475036622,nan,0.0,0.056715083122253415,0.6571999788284302,0.9675381058692932,-0.6571999788284302,nan,0.0,nan,0.0,nan,0.0,0.6525599956512451,0.9725097396278382,nan,0.0,nan,0.0,60000,1,False,,,15,-0.9675381058692932,1b4cd5c4b9fa4471880fc69ab66107ed,2019-05-30_14-43-27,1559252607,7.988745927810669,131.49143362045288,27458,steropes,169.229.49.254,"{'starting_lr': 0.005, 'momentum': 0.997, 'weight_decay': 0.001, 'steps_per_iteration': None, 'pin': False, 'model_creator': None, 'target_batch_size': 1024, 'model_string': 'resnet18', 'min_batch_size': 512, 'dataset': 'CIFAR', 'placement': None, 'use_nccl': True, 'devices_per_worker': 1, 'primary_resource': 'extra_gpu', 'gpu': False, 'verbose': False, 'lr_config': {'mode': 'log', 'steps': 5, 'initial_lr': 0.005, 'target_lr': 0.005}, 'batch_per_device': 1024}",131.49143362045288,0,15,7310.671259804389,1,131.49143362045288
0.008696794509887695,0.1227297067642212,0.005257868766784668,0.051289967128208706,0.02906162738800049,nan,0.0,0.05027463436126709,0.6583999991416931,0.9514783212661743,-0.6583999991416931,nan,0.0,nan,0.0,nan,0.0,0.6658200025558472,0.9395421494483948,nan,0.0,nan,0.0,60000,1,False,,,16,-0.9514783212661743,1b4cd5c4b9fa4471880fc69ab66107ed,2019-05-30_14-43-36,1559252616,8.632192611694336,140.12362623214722,27458,steropes,169.229.49.254,"{'starting_lr': 0.005, 'momentum': 0.997, 'weight_decay': 0.001, 'steps_per_iteration': None, 'pin': False, 'model_creator': None, 'target_batch_size': 1024, 'model_string': 'resnet18', 'min_batch_size': 512, 'dataset': 'CIFAR', 'placement': None, 'use_nccl': True, 'devices_per_worker': 1, 'primary_resource': 'extra_gpu', 'gpu': False, 'verbose': False, 'lr_config': {'mode': 'log', 'steps': 5, 'initial_lr': 0.005, 'target_lr': 0.005}, 'batch_per_device': 1024}",140.12362623214722,0,16,7267.261549001383,1,140.12362623214722
0.007866811752319337,0.14363629817962648,0.004912829399108887,0.04830484001003966,0.03787112236022949,nan,0.0,0.05726945400238037,0.6718999743461609,0.9252515239715576,-0.6718999743461609,nan,0.0,nan,0.0,nan,0.0,0.6754599809646606,0.9101033968925476,nan,0.0,nan,0.0,60000,1,False,,,17,-0.9252515239715576,1b4cd5c4b9fa4471880fc69ab66107ed,2019-05-30_14-43-44,1559252624,8.753661155700684,148.8772873878479,27458,steropes,169.229.49.254,"{'starting_lr': 0.005, 'momentum': 0.997, 'weight_decay': 0.001, 'steps_per_iteration': None, 'pin': False, 'model_creator': None, 'target_batch_size': 1024, 'model_string': 'resnet18', 'min_batch_size': 512, 'dataset': 'CIFAR', 'placement': None, 'use_nccl': True, 'devices_per_worker': 1, 'primary_resource': 'extra_gpu', 'gpu': False, 'verbose': False, 'lr_config': {'mode': 'log', 'steps': 5, 'initial_lr': 0.005, 'target_lr': 0.005}, 'batch_per_device': 1024}",148.8772873878479,0,17,7161.102671603398,1,148.8772873878479
0.00710747241973877,0.13728220462799073,0.005330133438110352,0.049059663500104635,0.03462438583374024,nan,0.0,0.05865688323974609,0.6710000038146973,0.9245328261375427,-0.6710000038146973,nan,0.0,nan,0.0,nan,0.0,0.6846799850463867,0.883156986541748,nan,0.0,nan,0.0,60000,1,False,,,18,-0.9245328261375427,1b4cd5c4b9fa4471880fc69ab66107ed,2019-05-30_14-43-53,1559252633,8.666487455368042,157.54377484321594,27458,steropes,169.229.49.254,"{'starting_lr': 0.005, 'momentum': 0.997, 'weight_decay': 0.001, 'steps_per_iteration': None, 'pin': False, 'model_creator': None, 'target_batch_size': 1024, 'model_string': 'resnet18', 'min_batch_size': 512, 'dataset': 'CIFAR', 'placement': None, 'use_nccl': True, 'devices_per_worker': 1, 'primary_resource': 'extra_gpu', 'gpu': False, 'verbose': False, 'lr_config': {'mode': 'log', 'steps': 5, 'initial_lr': 0.005, 'target_lr': 0.005}, 'batch_per_device': 1024}",157.54377484321594,0,18,7120.024097910743,1,157.54377484321594
0.007788825035095215,0.1349381685256958,0.005021739006042481,0.03469347953796387,0.032979702949523924,nan,0.0,0.05783255100250244,0.6872999668121338,0.8867323355674743,-0.6872999668121338,nan,0.0,nan,0.0,nan,0.0,0.6944599747657776,0.8609799159240723,nan,0.0,nan,0.0,60000,1,False,,,19,-0.8867323355674743,1b4cd5c4b9fa4471880fc69ab66107ed,2019-05-30_14-44-02,1559252642,8.436688423156738,165.98046326637268,27458,steropes,169.229.49.254,"{'starting_lr': 0.005, 'momentum': 0.997, 'weight_decay': 0.001, 'steps_per_iteration': None, 'pin': False, 'model_creator': None, 'target_batch_size': 1024, 'model_string': 'resnet18', 'min_batch_size': 512, 'dataset': 'CIFAR', 'placement': None, 'use_nccl': True, 'devices_per_worker': 1, 'primary_resource': 'extra_gpu', 'gpu': False, 'verbose': False, 'lr_config': {'mode': 'log', 'steps': 5, 'initial_lr': 0.005, 'target_lr': 0.005}, 'batch_per_device': 1024}",165.98046326637268,0,19,7062.432361147893,1,165.98046326637268
0.006919598579406739,0.14363818168640136,0.005604314804077149,0.038503476551600864,0.033875346183776855,nan,0.0,0.0622922420501709,0.6992999911308289,0.8584402175903321,-0.6992999911308289,nan,0.0,nan,0.0,nan,0.0,0.7011399865150452,0.8443671824836732,nan,0.0,nan,0.0,60000,1,False,,,20,-0.8584402175903321,1b4cd5c4b9fa4471880fc69ab66107ed,2019-05-30_14-44-10,1559252650,8.343265056610107,174.3237283229828,27458,steropes,169.229.49.254,"{'starting_lr': 0.005, 'momentum': 0.997, 'weight_decay': 0.001, 'steps_per_iteration': None, 'pin': False, 'model_creator': None, 'target_batch_size': 1024, 'model_string': 'resnet18', 'min_batch_size': 512, 'dataset': 'CIFAR', 'placement': None, 'use_nccl': True, 'devices_per_worker': 1, 'primary_resource': 'extra_gpu', 'gpu': False, 'verbose': False, 'lr_config': {'mode': 'log', 'steps': 5, 'initial_lr': 0.005, 'target_lr': 0.005}, 'batch_per_device': 1024}",174.3237283229828,0,20,7003.977143529929,1,174.3237283229828
0.007975554466247559,0.1420358180999756,0.00539848804473877,0.04543026612729442,0.030129194259643555,nan,0.0,0.052223920822143555,0.6782999634742737,0.9070218770027161,-0.6782999634742737,nan,0.0,nan,0.0,nan,0.0,0.7105199694633484,0.8191927891731262,nan,0.0,nan,0.0,60000,1,False,,,21,-0.9070218770027161,1b4cd5c4b9fa4471880fc69ab66107ed,2019-05-30_14-44-19,1559252659,8.56752324104309,182.89125156402588,27458,steropes,169.229.49.254,"{'starting_lr': 0.005, 'momentum': 0.997, 'weight_decay': 0.001, 'steps_per_iteration': None, 'pin': False, 'model_creator': None, 'target_batch_size': 1024, 'model_string': 'resnet18', 'min_batch_size': 512, 'dataset': 'CIFAR', 'placement': None, 'use_nccl': True, 'devices_per_worker': 1, 'primary_resource': 'extra_gpu', 'gpu': False, 'verbose': False, 'lr_config': {'mode': 'log', 'steps': 5, 'initial_lr': 0.005, 'target_lr': 0.005}, 'batch_per_device': 1024}",182.89125156402588,0,21,7014.552513713942,1,182.89125156402588
0.007204413414001465,0.13000960350036622,0.004801273345947266,0.04738326461947694,0.021530342102050782,nan,0.0,0.04694347381591797,0.6904999613761902,0.8736509930610656,-0.6904999613761902,nan,0.0,nan,0.0,nan,0.0,0.7161200046539307,0.801604015750885,nan,0.0,nan,0.0,60000,1,False,,,22,-0.8736509930610656,1b4cd5c4b9fa4471880fc69ab66107ed,2019-05-30_14-44-27,1559252667,8.348797798156738,191.24004936218262,27458,steropes,169.229.49.254,"{'starting_lr': 0.005, 'momentum': 0.997, 'weight_decay': 0.001, 'steps_per_iteration': None, 'pin': False, 'model_creator': None, 'target_batch_size': 1024, 'model_string': 'resnet18', 'min_batch_size': 512, 'dataset': 'CIFAR', 'placement': None, 'use_nccl': True, 'devices_per_worker': 1, 'primary_resource': 'extra_gpu', 'gpu': False, 'verbose': False, 'lr_config': {'mode': 'log', 'steps': 5, 'initial_lr': 0.005, 'target_lr': 0.005}, 'batch_per_device': 1024}",191.24004936218262,0,22,7081.59191157348,1,191.24004936218262
0.009576869010925294,0.13679721355438232,0.005693912506103516,0.04393454473845813,0.026887106895446777,nan,0.0,0.04880814552307129,0.7019999623298645,0.8332967776298523,-0.7019999623298645,nan,0.0,nan,0.0,nan,0.0,0.7245399951934814,0.7783603442382813,nan,0.0,nan,0.0,60000,1,False,,,23,-0.8332967776298523,1b4cd5c4b9fa4471880fc69ab66107ed,2019-05-30_14-44-35,1559252675,8.105300903320312,199.34535026550293,27458,steropes,169.229.49.254,"{'starting_lr': 0.005, 'momentum': 0.997, 'weight_decay': 0.001, 'steps_per_iteration': None, 'pin': False, 'model_creator': None, 'target_batch_size': 1024, 'model_string': 'resnet18', 'min_batch_size': 512, 'dataset': 'CIFAR', 'placement': None, 'use_nccl': True, 'devices_per_worker': 1, 'primary_resource': 'extra_gpu', 'gpu': False, 'verbose': False, 'lr_config': {'mode': 'log', 'steps': 5, 'initial_lr': 0.005, 'target_lr': 0.005}, 'batch_per_device': 1024}",199.34535026550293,0,23,7176.672460840249,1,199.34535026550293
0.007994651794433594,0.12903208732604982,0.007710933685302734,0.04084214872243453,0.03336420059204102,nan,0.0,0.0624708890914917,0.7161999940872192,0.8149391313552856,-0.7161999940872192,nan,0.0,nan,0.0,nan,0.0,0.7286399602890015,0.7725467465972901,nan,0.0,nan,0.0,60000,1,False,,,24,-0.8149391313552856,1b4cd5c4b9fa4471880fc69ab66107ed,2019-05-30_14-44-43,1559252683,8.330597162246704,207.67594742774963,27458,steropes,169.229.49.254,"{'starting_lr': 0.005, 'momentum': 0.997, 'weight_decay': 0.001, 'steps_per_iteration': None, 'pin': False, 'model_creator': None, 'target_batch_size': 1024, 'model_string': 'resnet18', 'min_batch_size': 512, 'dataset': 'CIFAR', 'placement': None, 'use_nccl': True, 'devices_per_worker': 1, 'primary_resource': 'extra_gpu', 'gpu': False, 'verbose': False, 'lr_config': {'mode': 'log', 'steps': 5, 'initial_lr': 0.005, 'target_lr': 0.005}, 'batch_per_device': 1024}",207.67594742774963,0,24,7194.934625387874,1,207.67594742774963
0.0076894044876098635,0.1309844970703125,0.0051425457000732425,0.04647834446965432,0.023827886581420897,nan,0.0,0.054972147941589354,0.7023999691009521,0.8236854797363281,-0.7023999691009521,nan,0.0,nan,0.0,nan,0.0,0.7315599918365479,0.7631658632087708,nan,0.0,nan,0.0,60000,1,False,,,25,-0.8236854797363281,1b4cd5c4b9fa4471880fc69ab66107ed,2019-05-30_14-44-52,1559252692,8.337640285491943,216.01358771324158,27458,steropes,169.229.49.254,"{'starting_lr': 0.005, 'momentum': 0.997, 'weight_decay': 0.001, 'steps_per_iteration': None, 'pin': False, 'model_creator': None, 'target_batch_size': 1024, 'model_string': 'resnet18', 'min_batch_size': 512, 'dataset': 'CIFAR', 'placement': None, 'use_nccl': True, 'devices_per_worker': 1, 'primary_resource': 'extra_gpu', 'gpu': False, 'verbose': False, 'lr_config': {'mode': 'log', 'steps': 5, 'initial_lr': 0.005, 'target_lr': 0.005}, 'batch_per_device': 1024}",216.01358771324158,0,25,7195.907201508187,1,216.01358771324158
0.007106280326843262,0.1353668451309204,0.0053167581558227536,0.03484416494564134,0.034804034233093264,nan,0.0,0.058916330337524414,0.7156999707221985,0.8145243083953857,-0.7156999707221985,nan,0.0,nan,0.0,nan,0.0,0.7306199669837952,0.7598095568084717,nan,0.0,nan,0.0,60000,1,False,,,26,-0.8145243083953857,1b4cd5c4b9fa4471880fc69ab66107ed,2019-05-30_14-45-00,1559252700,8.048889636993408,224.06247735023499,27458,steropes,169.229.49.254,"{'starting_lr': 0.005, 'momentum': 0.997, 'weight_decay': 0.001, 'steps_per_iteration': None, 'pin': False, 'model_creator': None, 'target_batch_size': 1024, 'model_string': 'resnet18', 'min_batch_size': 512, 'dataset': 'CIFAR', 'placement': None, 'use_nccl': True, 'devices_per_worker': 1, 'primary_resource': 'extra_gpu', 'gpu': False, 'verbose': False, 'lr_config': {'mode': 'log', 'steps': 5, 'initial_lr': 0.005, 'target_lr': 0.005}, 'batch_per_device': 1024}",224.06247735023499,0,26,7286.567388639112,1,224.06247735023499
0.006857728958129883,0.156469464302063,0.0048095941543579105,0.033204784198683134,0.027838659286499024,nan,0.0,0.05671989917755127,0.7277999520301819,0.7818680592536926,-0.7277999520301819,nan,0.0,nan,0.0,nan,0.0,0.7424399852752686,0.7327856546783448,nan,0.0,nan,0.0,60000,1,False,,,27,-0.7818680592536926,1b4cd5c4b9fa4471880fc69ab66107ed,2019-05-30_14-45-08,1559252708,8.352981567382812,232.4154589176178,27458,steropes,169.229.49.254,"{'starting_lr': 0.005, 'momentum': 0.997, 'weight_decay': 0.001, 'steps_per_iteration': None, 'pin': False, 'model_creator': None, 'target_batch_size': 1024, 'model_string': 'resnet18', 'min_batch_size': 512, 'dataset': 'CIFAR', 'placement': None, 'use_nccl': True, 'devices_per_worker': 1, 'primary_resource': 'extra_gpu', 'gpu': False, 'verbose': False, 'lr_config': {'mode': 'log', 'steps': 5, 'initial_lr': 0.005, 'target_lr': 0.005}, 'batch_per_device': 1024}",232.4154589176178,0,27,7285.828496037449,1,232.4154589176178
