{"apply": 0.007126855850219727, "batch_time": 0.1735558032989502, "d2h": 0.007178854942321777, "data_time": 0.032410621643066406, "fwd": 0.08470549583435058, "get_state_time_mean": NaN, "get_state_time_total": 0.0, "grad": 0.15193161964416504, "mean_accuracy": 0.334199994802475, "mean_loss": 1.9416170316696166, "neg_mean_accuracy": -0.334199994802475, "set_state_time_mean": NaN, "set_state_time_total": 0.0, "setup_model_time_mean": 8.653173923492432, "setup_model_time_total": 8.653173923492432, "setup_proc_time_mean": 0.2966127395629883, "setup_proc_time_total": 0.2966127395629883, "train_accuracy": 0.2627599835395813, "train_loss": 2.558483278999329, "training_time_mean": NaN, "training_time_total": 0.0, "validation_time_mean": NaN, "validation_time_total": 0.0, "samples": 60000, "num_workers": 1, "done": false, "timesteps_total": null, "episodes_total": null, "training_iteration": 1, "neg_mean_loss": -1.9416170316696166, "experiment_id": "1b4cd5c4b9fa4471880fc69ab66107ed", "date": "2019-05-30_14-41-27", "timestamp": 1559252487, "time_this_iter_s": 11.932611227035522, "time_total_s": 11.932611227035522, "pid": 27458, "hostname": "steropes", "node_ip": "169.229.49.254", "config": {"starting_lr": 0.005, "momentum": 0.997, "weight_decay": 0.001, "steps_per_iteration": null, "pin": false, "model_creator": null, "target_batch_size": 1024, "model_string": "resnet18", "min_batch_size": 512, "dataset": "CIFAR", "placement": null, "use_nccl": true, "devices_per_worker": 1, "primary_resource": "extra_gpu", "gpu": false, "verbose": false, "lr_config": {"mode": "log", "steps": 5, "initial_lr": 0.005, "target_lr": 0.005}, "batch_per_device": 1024}, "time_since_restore": 11.932611227035522, "timesteps_since_restore": 0, "iterations_since_restore": 1, "mean_throughput": 5028.201663266256, "atoms": 1, "resource_time": 11.932611227035522}
{"apply": 0.007400369644165039, "batch_time": 0.13966290950775145, "d2h": 0.006180763244628906, "data_time": 0.04099408461123097, "fwd": 0.025929069519042967, "get_state_time_mean": NaN, "get_state_time_total": 0.0, "grad": 0.04586384296417236, "mean_accuracy": 0.4124999940395355, "mean_loss": 1.6843138187408446, "neg_mean_accuracy": -0.4124999940395355, "set_state_time_mean": NaN, "set_state_time_total": 0.0, "setup_model_time_mean": NaN, "setup_model_time_total": 0.0, "setup_proc_time_mean": NaN, "setup_proc_time_total": 0.0, "train_accuracy": 0.3899399936199188, "train_loss": 1.67668054271698, "training_time_mean": NaN, "training_time_total": 0.0, "validation_time_mean": NaN, "validation_time_total": 0.0, "samples": 60000, "num_workers": 1, "done": false, "timesteps_total": null, "episodes_total": null, "training_iteration": 2, "neg_mean_loss": -1.6843138187408446, "experiment_id": "1b4cd5c4b9fa4471880fc69ab66107ed", "date": "2019-05-30_14-41-36", "timestamp": 1559252496, "time_this_iter_s": 8.510806798934937, "time_total_s": 20.44341802597046, "pid": 27458, "hostname": "steropes", "node_ip": "169.229.49.254", "config": {"starting_lr": 0.005, "momentum": 0.997, "weight_decay": 0.001, "steps_per_iteration": null, "pin": false, "model_creator": null, "target_batch_size": 1024, "model_string": "resnet18", "min_batch_size": 512, "dataset": "CIFAR", "placement": null, "use_nccl": true, "devices_per_worker": 1, "primary_resource": "extra_gpu", "gpu": false, "verbose": false, "lr_config": {"mode": "log", "steps": 5, "initial_lr": 0.005, "target_lr": 0.005}, "batch_per_device": 1024}, "time_since_restore": 20.44341802597046, "timesteps_since_restore": 0, "iterations_since_restore": 2, "mean_throughput": 5869.8136389943265, "atoms": 1, "resource_time": 20.44341802597046}
{"apply": 0.007240986824035645, "batch_time": 0.1341691017150879, "d2h": 0.00690305233001709, "data_time": 0.04785265241350446, "fwd": 0.025402021408081055, "get_state_time_mean": NaN, "get_state_time_total": 0.0, "grad": 0.04274625778198242, "mean_accuracy": 0.4729999899864197, "mean_loss": 1.4922139888763428, "neg_mean_accuracy": -0.4729999899864197, "set_state_time_mean": NaN, "set_state_time_total": 0.0, "setup_model_time_mean": NaN, "setup_model_time_total": 0.0, "setup_proc_time_mean": NaN, "setup_proc_time_total": 0.0, "train_accuracy": 0.4396199882030487, "train_loss": 1.5417076847076416, "training_time_mean": NaN, "training_time_total": 0.0, "validation_time_mean": NaN, "validation_time_total": 0.0, "samples": 60000, "num_workers": 1, "done": false, "timesteps_total": null, "episodes_total": null, "training_iteration": 3, "neg_mean_loss": -1.4922139888763428, "experiment_id": "1b4cd5c4b9fa4471880fc69ab66107ed", "date": "2019-05-30_14-41-44", "timestamp": 1559252504, "time_this_iter_s": 8.411482334136963, "time_total_s": 28.854900360107422, "pid": 27458, "hostname": "steropes", "node_ip": "169.229.49.254", "config": {"starting_lr": 0.005, "momentum": 0.997, "weight_decay": 0.001, "steps_per_iteration": null, "pin": false, "model_creator": null, "target_batch_size": 1024, "model_string": "resnet18", "min_batch_size": 512, "dataset": "CIFAR", "placement": null, "use_nccl": true, "devices_per_worker": 1, "primary_resource": "extra_gpu", "gpu": false, "verbose": false, "lr_config": {"mode": "log", "steps": 5, "initial_lr": 0.005, "target_lr": 0.005}, "batch_per_device": 1024}, "time_since_restore": 28.854900360107422, "timesteps_since_restore": 0, "iterations_since_restore": 3, "mean_throughput": 6238.057242313401, "atoms": 1, "resource_time": 28.854900360107422}
{"apply": 0.006895899772644043, "batch_time": 0.16520366668701172, "d2h": 0.005179786682128906, "data_time": 0.051963801286658465, "fwd": 0.021776270866394044, "get_state_time_mean": NaN, "get_state_time_total": 0.0, "grad": 0.04642822742462158, "mean_accuracy": 0.48589998483657837, "mean_loss": 1.4686891633987427, "neg_mean_accuracy": -0.48589998483657837, "set_state_time_mean": NaN, "set_state_time_total": 0.0, "setup_model_time_mean": NaN, "setup_model_time_total": 0.0, "setup_proc_time_mean": NaN, "setup_proc_time_total": 0.0, "train_accuracy": 0.467739999294281, "train_loss": 1.4600855425643922, "training_time_mean": NaN, "training_time_total": 0.0, "validation_time_mean": NaN, "validation_time_total": 0.0, "samples": 60000, "num_workers": 1, "done": false, "timesteps_total": null, "episodes_total": null, "training_iteration": 4, "neg_mean_loss": -1.4686891633987427, "experiment_id": "1b4cd5c4b9fa4471880fc69ab66107ed", "date": "2019-05-30_14-41-53", "timestamp": 1559252513, "time_this_iter_s": 9.056280136108398, "time_total_s": 37.91118049621582, "pid": 27458, "hostname": "steropes", "node_ip": "169.229.49.254", "config": {"starting_lr": 0.005, "momentum": 0.997, "weight_decay": 0.001, "steps_per_iteration": null, "pin": false, "model_creator": null, "target_batch_size": 1024, "model_string": "resnet18", "min_batch_size": 512, "dataset": "CIFAR", "placement": null, "use_nccl": true, "devices_per_worker": 1, "primary_resource": "extra_gpu", "gpu": false, "verbose": false, "lr_config": {"mode": "log", "steps": 5, "initial_lr": 0.005, "target_lr": 0.005}, "batch_per_device": 1024}, "time_since_restore": 37.91118049621582, "timesteps_since_restore": 0, "iterations_since_restore": 4, "mean_throughput": 6330.532438014303, "atoms": 1, "resource_time": 37.91118049621582}
{"apply": 0.007107996940612793, "batch_time": 0.1432736873626709, "d2h": 0.004955387115478516, "data_time": 0.048270157405308316, "fwd": 0.02845766544342041, "get_state_time_mean": NaN, "get_state_time_total": 0.0, "grad": 0.049322772026062014, "mean_accuracy": 0.5128999948501587, "mean_loss": 1.3532718099594117, "neg_mean_accuracy": -0.5128999948501587, "set_state_time_mean": NaN, "set_state_time_total": 0.0, "setup_model_time_mean": NaN, "setup_model_time_total": 0.0, "setup_proc_time_mean": NaN, "setup_proc_time_total": 0.0, "train_accuracy": 0.49393999576568604, "train_loss": 1.3949687154769896, "training_time_mean": NaN, "training_time_total": 0.0, "validation_time_mean": NaN, "validation_time_total": 0.0, "samples": 60000, "num_workers": 1, "done": false, "timesteps_total": null, "episodes_total": null, "training_iteration": 5, "neg_mean_loss": -1.3532718099594117, "experiment_id": "1b4cd5c4b9fa4471880fc69ab66107ed", "date": "2019-05-30_14-42-02", "timestamp": 1559252522, "time_this_iter_s": 8.765638828277588, "time_total_s": 46.67681932449341, "pid": 27458, "hostname": "steropes", "node_ip": "169.229.49.254", "config": {"starting_lr": 0.005, "momentum": 0.997, "weight_decay": 0.001, "steps_per_iteration": null, "pin": false, "model_creator": null, "target_batch_size": 1024, "model_string": "resnet18", "min_batch_size": 512, "dataset": "CIFAR", "placement": null, "use_nccl": true, "devices_per_worker": 1, "primary_resource": "extra_gpu", "gpu": false, "verbose": false, "lr_config": {"mode": "log", "steps": 5, "initial_lr": 0.005, "target_lr": 0.005}, "batch_per_device": 1024}, "time_since_restore": 46.67681932449341, "timesteps_since_restore": 0, "iterations_since_restore": 5, "mean_throughput": 6427.118131277843, "atoms": 1, "resource_time": 46.67681932449341}
{"apply": 0.007981610298156739, "batch_time": 0.1543708324432373, "d2h": 0.007344198226928711, "data_time": 0.05948332864411023, "fwd": 0.02788279056549072, "get_state_time_mean": NaN, "get_state_time_total": 0.0, "grad": 0.053948187828063966, "mean_accuracy": 0.5090000033378601, "mean_loss": 1.3348974138259888, "neg_mean_accuracy": -0.5090000033378601, "set_state_time_mean": NaN, "set_state_time_total": 0.0, "setup_model_time_mean": NaN, "setup_model_time_total": 0.0, "setup_proc_time_mean": NaN, "setup_proc_time_total": 0.0, "train_accuracy": 0.5118799805641174, "train_loss": 1.3470263396835327, "training_time_mean": NaN, "training_time_total": 0.0, "validation_time_mean": NaN, "validation_time_total": 0.0, "samples": 60000, "num_workers": 1, "done": false, "timesteps_total": null, "episodes_total": null, "training_iteration": 6, "neg_mean_loss": -1.3348974138259888, "experiment_id": "1b4cd5c4b9fa4471880fc69ab66107ed", "date": "2019-05-30_14-42-11", "timestamp": 1559252531, "time_this_iter_s": 9.217012882232666, "time_total_s": 55.893832206726074, "pid": 27458, "hostname": "steropes", "node_ip": "169.229.49.254", "config": {"starting_lr": 0.005, "momentum": 0.997, "weight_decay": 0.001, "steps_per_iteration": null, "pin": false, "model_creator": null, "target_batch_size": 1024, "model_string": "resnet18", "min_batch_size": 512, "dataset": "CIFAR", "placement": null, "use_nccl": true, "devices_per_worker": 1, "primary_resource": "extra_gpu", "gpu": false, "verbose": false, "lr_config": {"mode": "log", "steps": 5, "initial_lr": 0.005, "target_lr": 0.005}, "batch_per_device": 1024}, "time_since_restore": 55.893832206726074, "timesteps_since_restore": 0, "iterations_since_restore": 6, "mean_throughput": 6824.134828232266, "atoms": 1, "resource_time": 55.893832206726074}
{"apply": 0.008275532722473144, "batch_time": 0.1576521635055542, "d2h": 0.008395195007324219, "data_time": 0.03877636364528111, "fwd": 0.031731820106506346, "get_state_time_mean": NaN, "get_state_time_total": 0.0, "grad": 0.05186288356781006, "mean_accuracy": 0.5597999691963196, "mean_loss": 1.2628675146102906, "neg_mean_accuracy": -0.5597999691963196, "set_state_time_mean": NaN, "set_state_time_total": 0.0, "setup_model_time_mean": NaN, "setup_model_time_total": 0.0, "setup_proc_time_mean": NaN, "setup_proc_time_total": 0.0, "train_accuracy": 0.5354599952697754, "train_loss": 1.286702013244629, "training_time_mean": NaN, "training_time_total": 0.0, "validation_time_mean": NaN, "validation_time_total": 0.0, "samples": 60000, "num_workers": 1, "done": false, "timesteps_total": null, "episodes_total": null, "training_iteration": 7, "neg_mean_loss": -1.2628675146102906, "experiment_id": "1b4cd5c4b9fa4471880fc69ab66107ed", "date": "2019-05-30_14-42-20", "timestamp": 1559252540, "time_this_iter_s": 8.478856086730957, "time_total_s": 64.37268829345703, "pid": 27458, "hostname": "steropes", "node_ip": "169.229.49.254", "config": {"starting_lr": 0.005, "momentum": 0.997, "weight_decay": 0.001, "steps_per_iteration": null, "pin": false, "model_creator": null, "target_batch_size": 1024, "model_string": "resnet18", "min_batch_size": 512, "dataset": "CIFAR", "placement": null, "use_nccl": true, "devices_per_worker": 1, "primary_resource": "extra_gpu", "gpu": false, "verbose": false, "lr_config": {"mode": "log", "steps": 5, "initial_lr": 0.005, "target_lr": 0.005}, "batch_per_device": 1024}, "time_since_restore": 64.37268829345703, "timesteps_since_restore": 0, "iterations_since_restore": 7, "mean_throughput": 6829.098013774728, "atoms": 1, "resource_time": 64.37268829345703}
{"apply": 0.007352375984191894, "batch_time": 0.1346369743347168, "d2h": 0.006122493743896484, "data_time": 0.044880137151601364, "fwd": 0.026403260231018067, "get_state_time_mean": NaN, "get_state_time_total": 0.0, "grad": 0.05423285961151123, "mean_accuracy": 0.5679999589920044, "mean_loss": 1.1891025346755981, "neg_mean_accuracy": -0.5679999589920044, "set_state_time_mean": NaN, "set_state_time_total": 0.0, "setup_model_time_mean": NaN, "setup_model_time_total": 0.0, "setup_proc_time_mean": NaN, "setup_proc_time_total": 0.0, "train_accuracy": 0.5485999584197998, "train_loss": 1.2448960092544556, "training_time_mean": NaN, "training_time_total": 0.0, "validation_time_mean": NaN, "validation_time_total": 0.0, "samples": 60000, "num_workers": 1, "done": false, "timesteps_total": null, "episodes_total": null, "training_iteration": 8, "neg_mean_loss": -1.1891025346755981, "experiment_id": "1b4cd5c4b9fa4471880fc69ab66107ed", "date": "2019-05-30_14-42-29", "timestamp": 1559252549, "time_this_iter_s": 8.664315938949585, "time_total_s": 73.03700423240662, "pid": 27458, "hostname": "steropes", "node_ip": "169.229.49.254", "config": {"starting_lr": 0.005, "momentum": 0.997, "weight_decay": 0.001, "steps_per_iteration": null, "pin": false, "model_creator": null, "target_batch_size": 1024, "model_string": "resnet18", "min_batch_size": 512, "dataset": "CIFAR", "placement": null, "use_nccl": true, "devices_per_worker": 1, "primary_resource": "extra_gpu", "gpu": false, "verbose": false, "lr_config": {"mode": "log", "steps": 5, "initial_lr": 0.005, "target_lr": 0.005}, "batch_per_device": 1024}, "time_since_restore": 73.03700423240662, "timesteps_since_restore": 0, "iterations_since_restore": 8, "mean_throughput": 6789.985860455711, "atoms": 1, "resource_time": 73.03700423240662}
{"apply": 0.007675528526306152, "batch_time": 0.1352376699447632, "d2h": 0.004621315002441406, "data_time": 0.04525332548180405, "fwd": 0.025512552261352538, "get_state_time_mean": NaN, "get_state_time_total": 0.0, "grad": 0.05131082534790039, "mean_accuracy": 0.5896999835968018, "mean_loss": 1.1425743398666381, "neg_mean_accuracy": -0.5896999835968018, "set_state_time_mean": NaN, "set_state_time_total": 0.0, "setup_model_time_mean": NaN, "setup_model_time_total": 0.0, "setup_proc_time_mean": NaN, "setup_proc_time_total": 0.0, "train_accuracy": 0.5672599673271179, "train_loss": 1.195934885787964, "training_time_mean": NaN, "training_time_total": 0.0, "validation_time_mean": NaN, "validation_time_total": 0.0, "samples": 60000, "num_workers": 1, "done": false, "timesteps_total": null, "episodes_total": null, "training_iteration": 9, "neg_mean_loss": -1.1425743398666381, "experiment_id": "1b4cd5c4b9fa4471880fc69ab66107ed", "date": "2019-05-30_14-42-37", "timestamp": 1559252557, "time_this_iter_s": 8.357341527938843, "time_total_s": 81.39434576034546, "pid": 27458, "hostname": "steropes", "node_ip": "169.229.49.254", "config": {"starting_lr": 0.005, "momentum": 0.997, "weight_decay": 0.001, "steps_per_iteration": null, "pin": false, "model_creator": null, "target_batch_size": 1024, "model_string": "resnet18", "min_batch_size": 512, "dataset": "CIFAR", "placement": null, "use_nccl": true, "devices_per_worker": 1, "primary_resource": "extra_gpu", "gpu": false, "verbose": false, "lr_config": {"mode": "log", "steps": 5, "initial_lr": 0.005, "target_lr": 0.005}, "batch_per_device": 1024}, "time_since_restore": 81.39434576034546, "timesteps_since_restore": 0, "iterations_since_restore": 9, "mean_throughput": 6899.125374713184, "atoms": 1, "resource_time": 81.39434576034546}
{"apply": 0.00775442123413086, "batch_time": 0.15414469242095946, "d2h": 0.004962110519409179, "data_time": 0.05519382321104711, "fwd": 0.02636241912841797, "get_state_time_mean": NaN, "get_state_time_total": 0.0, "grad": 0.05512683391571045, "mean_accuracy": 0.6017000079154968, "mean_loss": 1.116858274269104, "neg_mean_accuracy": -0.6017000079154968, "set_state_time_mean": NaN, "set_state_time_total": 0.0, "setup_model_time_mean": NaN, "setup_model_time_total": 0.0, "setup_proc_time_mean": NaN, "setup_proc_time_total": 0.0, "train_accuracy": 0.5834400057792664, "train_loss": 1.149173601989746, "training_time_mean": NaN, "training_time_total": 0.0, "validation_time_mean": NaN, "validation_time_total": 0.0, "samples": 60000, "num_workers": 1, "done": false, "timesteps_total": null, "episodes_total": null, "training_iteration": 10, "neg_mean_loss": -1.116858274269104, "experiment_id": "1b4cd5c4b9fa4471880fc69ab66107ed", "date": "2019-05-30_14-42-46", "timestamp": 1559252566, "time_this_iter_s": 9.061685562133789, "time_total_s": 90.45603132247925, "pid": 27458, "hostname": "steropes", "node_ip": "169.229.49.254", "config": {"starting_lr": 0.005, "momentum": 0.997, "weight_decay": 0.001, "steps_per_iteration": null, "pin": false, "model_creator": null, "target_batch_size": 1024, "model_string": "resnet18", "min_batch_size": 512, "dataset": "CIFAR", "placement": null, "use_nccl": true, "devices_per_worker": 1, "primary_resource": "extra_gpu", "gpu": false, "verbose": false, "lr_config": {"mode": "log", "steps": 5, "initial_lr": 0.005, "target_lr": 0.005}, "batch_per_device": 1024}, "time_since_restore": 90.45603132247925, "timesteps_since_restore": 0, "iterations_since_restore": 10, "mean_throughput": 6852.470687484389, "atoms": 1, "resource_time": 90.45603132247925}
{"apply": 0.008401703834533692, "batch_time": 0.13988230228424073, "d2h": 0.007573485374450684, "data_time": 0.03406109615248077, "fwd": 0.03773753643035889, "get_state_time_mean": NaN, "get_state_time_total": 0.0, "grad": 0.06617794036865235, "mean_accuracy": 0.6060999631881714, "mean_loss": 1.1153543832778932, "neg_mean_accuracy": -0.6060999631881714, "set_state_time_mean": NaN, "set_state_time_total": 0.0, "setup_model_time_mean": NaN, "setup_model_time_total": 0.0, "setup_proc_time_mean": NaN, "setup_proc_time_total": 0.0, "train_accuracy": 0.600659966468811, "train_loss": 1.1075319678878783, "training_time_mean": NaN, "training_time_total": 0.0, "validation_time_mean": NaN, "validation_time_total": 0.0, "samples": 60000, "num_workers": 1, "done": false, "timesteps_total": null, "episodes_total": null, "training_iteration": 11, "neg_mean_loss": -1.1153543832778932, "experiment_id": "1b4cd5c4b9fa4471880fc69ab66107ed", "date": "2019-05-30_14-42-54", "timestamp": 1559252574, "time_this_iter_s": 8.387067317962646, "time_total_s": 98.8430986404419, "pid": 27458, "hostname": "steropes", "node_ip": "169.229.49.254", "config": {"starting_lr": 0.005, "momentum": 0.997, "weight_decay": 0.001, "steps_per_iteration": null, "pin": false, "model_creator": null, "target_batch_size": 1024, "model_string": "resnet18", "min_batch_size": 512, "dataset": "CIFAR", "placement": null, "use_nccl": true, "devices_per_worker": 1, "primary_resource": "extra_gpu", "gpu": false, "verbose": false, "lr_config": {"mode": "log", "steps": 5, "initial_lr": 0.005, "target_lr": 0.005}, "batch_per_device": 1024}, "time_since_restore": 98.8430986404419, "timesteps_since_restore": 0, "iterations_since_restore": 11, "mean_throughput": 6984.88445555856, "atoms": 1, "resource_time": 98.8430986404419}
{"apply": 0.007393884658813477, "batch_time": 0.14370193481445312, "d2h": 0.005370211601257324, "data_time": 0.03194193450772032, "fwd": 0.027495145797729492, "get_state_time_mean": NaN, "get_state_time_total": 0.0, "grad": 0.054329299926757814, "mean_accuracy": 0.6173999905586243, "mean_loss": 1.064232144165039, "neg_mean_accuracy": -0.6173999905586243, "set_state_time_mean": NaN, "set_state_time_total": 0.0, "setup_model_time_mean": NaN, "setup_model_time_total": 0.0, "setup_proc_time_mean": NaN, "setup_proc_time_total": 0.0, "train_accuracy": 0.6137799620628357, "train_loss": 1.0701582133865357, "training_time_mean": NaN, "training_time_total": 0.0, "validation_time_mean": NaN, "validation_time_total": 0.0, "samples": 60000, "num_workers": 1, "done": false, "timesteps_total": null, "episodes_total": null, "training_iteration": 12, "neg_mean_loss": -1.064232144165039, "experiment_id": "1b4cd5c4b9fa4471880fc69ab66107ed", "date": "2019-05-30_14-43-03", "timestamp": 1559252583, "time_this_iter_s": 8.141627311706543, "time_total_s": 106.98472595214844, "pid": 27458, "hostname": "steropes", "node_ip": "169.229.49.254", "config": {"starting_lr": 0.005, "momentum": 0.997, "weight_decay": 0.001, "steps_per_iteration": null, "pin": false, "model_creator": null, "target_batch_size": 1024, "model_string": "resnet18", "min_batch_size": 512, "dataset": "CIFAR", "placement": null, "use_nccl": true, "devices_per_worker": 1, "primary_resource": "extra_gpu", "gpu": false, "verbose": false, "lr_config": {"mode": "log", "steps": 5, "initial_lr": 0.005, "target_lr": 0.005}, "batch_per_device": 1024}, "time_since_restore": 106.98472595214844, "timesteps_since_restore": 0, "iterations_since_restore": 12, "mean_throughput": 7040.147056457171, "atoms": 1, "resource_time": 106.98472595214844}
{"apply": 0.008526253700256347, "batch_time": 0.14565398693084716, "d2h": 0.006539630889892578, "data_time": 0.03523107937404087, "fwd": 0.036965012550354004, "get_state_time_mean": NaN, "get_state_time_total": 0.0, "grad": 0.0637507438659668, "mean_accuracy": 0.6354999542236328, "mean_loss": 1.020692206478119, "neg_mean_accuracy": -0.6354999542236328, "set_state_time_mean": NaN, "set_state_time_total": 0.0, "setup_model_time_mean": NaN, "setup_model_time_total": 0.0, "setup_proc_time_mean": NaN, "setup_proc_time_total": 0.0, "train_accuracy": 0.6253199577331543, "train_loss": 1.039517074356079, "training_time_mean": NaN, "training_time_total": 0.0, "validation_time_mean": NaN, "validation_time_total": 0.0, "samples": 60000, "num_workers": 1, "done": false, "timesteps_total": null, "episodes_total": null, "training_iteration": 13, "neg_mean_loss": -1.020692206478119, "experiment_id": "1b4cd5c4b9fa4471880fc69ab66107ed", "date": "2019-05-30_14-43-11", "timestamp": 1559252591, "time_this_iter_s": 8.424856424331665, "time_total_s": 115.4095823764801, "pid": 27458, "hostname": "steropes", "node_ip": "169.229.49.254", "config": {"starting_lr": 0.005, "momentum": 0.997, "weight_decay": 0.001, "steps_per_iteration": null, "pin": false, "model_creator": null, "target_batch_size": 1024, "model_string": "resnet18", "min_batch_size": 512, "dataset": "CIFAR", "placement": null, "use_nccl": true, "devices_per_worker": 1, "primary_resource": "extra_gpu", "gpu": false, "verbose": false, "lr_config": {"mode": "log", "steps": 5, "initial_lr": 0.005, "target_lr": 0.005}, "batch_per_device": 1024}, "time_since_restore": 115.4095823764801, "timesteps_since_restore": 0, "iterations_since_restore": 13, "mean_throughput": 7079.966408213732, "atoms": 1, "resource_time": 115.4095823764801}
{"apply": 0.007727146148681641, "batch_time": 0.14269518852233887, "d2h": 0.009857106208801269, "data_time": 0.03354354293978944, "fwd": 0.037681174278259275, "get_state_time_mean": NaN, "get_state_time_total": 0.0, "grad": 0.05831210613250733, "mean_accuracy": 0.6437000036239624, "mean_loss": 1.0028072164535522, "neg_mean_accuracy": -0.6437000036239624, "set_state_time_mean": NaN, "set_state_time_total": 0.0, "setup_model_time_mean": NaN, "setup_model_time_total": 0.0, "setup_proc_time_mean": NaN, "setup_proc_time_total": 0.0, "train_accuracy": 0.641319990158081, "train_loss": 0.9973206398773193, "training_time_mean": NaN, "training_time_total": 0.0, "validation_time_mean": NaN, "validation_time_total": 0.0, "samples": 60000, "num_workers": 1, "done": false, "timesteps_total": null, "episodes_total": null, "training_iteration": 14, "neg_mean_loss": -1.0028072164535522, "experiment_id": "1b4cd5c4b9fa4471880fc69ab66107ed", "date": "2019-05-30_14-43-19", "timestamp": 1559252599, "time_this_iter_s": 8.09310531616211, "time_total_s": 123.50268769264221, "pid": 27458, "hostname": "steropes", "node_ip": "169.229.49.254", "config": {"starting_lr": 0.005, "momentum": 0.997, "weight_decay": 0.001, "steps_per_iteration": null, "pin": false, "model_creator": null, "target_batch_size": 1024, "model_string": "resnet18", "min_batch_size": 512, "dataset": "CIFAR", "placement": null, "use_nccl": true, "devices_per_worker": 1, "primary_resource": "extra_gpu", "gpu": false, "verbose": false, "lr_config": {"mode": "log", "steps": 5, "initial_lr": 0.005, "target_lr": 0.005}, "batch_per_device": 1024}, "time_since_restore": 123.50268769264221, "timesteps_since_restore": 0, "iterations_since_restore": 14, "mean_throughput": 7124.3935340945945, "atoms": 1, "resource_time": 123.50268769264221}
{"apply": 0.00732424259185791, "batch_time": 0.13291666507720948, "d2h": 0.008019280433654786, "data_time": 0.04042014297173948, "fwd": 0.028596663475036622, "get_state_time_mean": NaN, "get_state_time_total": 0.0, "grad": 0.056715083122253415, "mean_accuracy": 0.6571999788284302, "mean_loss": 0.9675381058692932, "neg_mean_accuracy": -0.6571999788284302, "set_state_time_mean": NaN, "set_state_time_total": 0.0, "setup_model_time_mean": NaN, "setup_model_time_total": 0.0, "setup_proc_time_mean": NaN, "setup_proc_time_total": 0.0, "train_accuracy": 0.6525599956512451, "train_loss": 0.9725097396278382, "training_time_mean": NaN, "training_time_total": 0.0, "validation_time_mean": NaN, "validation_time_total": 0.0, "samples": 60000, "num_workers": 1, "done": false, "timesteps_total": null, "episodes_total": null, "training_iteration": 15, "neg_mean_loss": -0.9675381058692932, "experiment_id": "1b4cd5c4b9fa4471880fc69ab66107ed", "date": "2019-05-30_14-43-27", "timestamp": 1559252607, "time_this_iter_s": 7.988745927810669, "time_total_s": 131.49143362045288, "pid": 27458, "hostname": "steropes", "node_ip": "169.229.49.254", "config": {"starting_lr": 0.005, "momentum": 0.997, "weight_decay": 0.001, "steps_per_iteration": null, "pin": false, "model_creator": null, "target_batch_size": 1024, "model_string": "resnet18", "min_batch_size": 512, "dataset": "CIFAR", "placement": null, "use_nccl": true, "devices_per_worker": 1, "primary_resource": "extra_gpu", "gpu": false, "verbose": false, "lr_config": {"mode": "log", "steps": 5, "initial_lr": 0.005, "target_lr": 0.005}, "batch_per_device": 1024}, "time_since_restore": 131.49143362045288, "timesteps_since_restore": 0, "iterations_since_restore": 15, "mean_throughput": 7310.671259804389, "atoms": 1, "resource_time": 131.49143362045288}
{"apply": 0.008696794509887695, "batch_time": 0.1227297067642212, "d2h": 0.005257868766784668, "data_time": 0.051289967128208706, "fwd": 0.02906162738800049, "get_state_time_mean": NaN, "get_state_time_total": 0.0, "grad": 0.05027463436126709, "mean_accuracy": 0.6583999991416931, "mean_loss": 0.9514783212661743, "neg_mean_accuracy": -0.6583999991416931, "set_state_time_mean": NaN, "set_state_time_total": 0.0, "setup_model_time_mean": NaN, "setup_model_time_total": 0.0, "setup_proc_time_mean": NaN, "setup_proc_time_total": 0.0, "train_accuracy": 0.6658200025558472, "train_loss": 0.9395421494483948, "training_time_mean": NaN, "training_time_total": 0.0, "validation_time_mean": NaN, "validation_time_total": 0.0, "samples": 60000, "num_workers": 1, "done": false, "timesteps_total": null, "episodes_total": null, "training_iteration": 16, "neg_mean_loss": -0.9514783212661743, "experiment_id": "1b4cd5c4b9fa4471880fc69ab66107ed", "date": "2019-05-30_14-43-36", "timestamp": 1559252616, "time_this_iter_s": 8.632192611694336, "time_total_s": 140.12362623214722, "pid": 27458, "hostname": "steropes", "node_ip": "169.229.49.254", "config": {"starting_lr": 0.005, "momentum": 0.997, "weight_decay": 0.001, "steps_per_iteration": null, "pin": false, "model_creator": null, "target_batch_size": 1024, "model_string": "resnet18", "min_batch_size": 512, "dataset": "CIFAR", "placement": null, "use_nccl": true, "devices_per_worker": 1, "primary_resource": "extra_gpu", "gpu": false, "verbose": false, "lr_config": {"mode": "log", "steps": 5, "initial_lr": 0.005, "target_lr": 0.005}, "batch_per_device": 1024}, "time_since_restore": 140.12362623214722, "timesteps_since_restore": 0, "iterations_since_restore": 16, "mean_throughput": 7267.261549001383, "atoms": 1, "resource_time": 140.12362623214722}
{"apply": 0.007866811752319337, "batch_time": 0.14363629817962648, "d2h": 0.004912829399108887, "data_time": 0.04830484001003966, "fwd": 0.03787112236022949, "get_state_time_mean": NaN, "get_state_time_total": 0.0, "grad": 0.05726945400238037, "mean_accuracy": 0.6718999743461609, "mean_loss": 0.9252515239715576, "neg_mean_accuracy": -0.6718999743461609, "set_state_time_mean": NaN, "set_state_time_total": 0.0, "setup_model_time_mean": NaN, "setup_model_time_total": 0.0, "setup_proc_time_mean": NaN, "setup_proc_time_total": 0.0, "train_accuracy": 0.6754599809646606, "train_loss": 0.9101033968925476, "training_time_mean": NaN, "training_time_total": 0.0, "validation_time_mean": NaN, "validation_time_total": 0.0, "samples": 60000, "num_workers": 1, "done": false, "timesteps_total": null, "episodes_total": null, "training_iteration": 17, "neg_mean_loss": -0.9252515239715576, "experiment_id": "1b4cd5c4b9fa4471880fc69ab66107ed", "date": "2019-05-30_14-43-44", "timestamp": 1559252624, "time_this_iter_s": 8.753661155700684, "time_total_s": 148.8772873878479, "pid": 27458, "hostname": "steropes", "node_ip": "169.229.49.254", "config": {"starting_lr": 0.005, "momentum": 0.997, "weight_decay": 0.001, "steps_per_iteration": null, "pin": false, "model_creator": null, "target_batch_size": 1024, "model_string": "resnet18", "min_batch_size": 512, "dataset": "CIFAR", "placement": null, "use_nccl": true, "devices_per_worker": 1, "primary_resource": "extra_gpu", "gpu": false, "verbose": false, "lr_config": {"mode": "log", "steps": 5, "initial_lr": 0.005, "target_lr": 0.005}, "batch_per_device": 1024}, "time_since_restore": 148.8772873878479, "timesteps_since_restore": 0, "iterations_since_restore": 17, "mean_throughput": 7161.102671603398, "atoms": 1, "resource_time": 148.8772873878479}
{"apply": 0.00710747241973877, "batch_time": 0.13728220462799073, "d2h": 0.005330133438110352, "data_time": 0.049059663500104635, "fwd": 0.03462438583374024, "get_state_time_mean": NaN, "get_state_time_total": 0.0, "grad": 0.05865688323974609, "mean_accuracy": 0.6710000038146973, "mean_loss": 0.9245328261375427, "neg_mean_accuracy": -0.6710000038146973, "set_state_time_mean": NaN, "set_state_time_total": 0.0, "setup_model_time_mean": NaN, "setup_model_time_total": 0.0, "setup_proc_time_mean": NaN, "setup_proc_time_total": 0.0, "train_accuracy": 0.6846799850463867, "train_loss": 0.883156986541748, "training_time_mean": NaN, "training_time_total": 0.0, "validation_time_mean": NaN, "validation_time_total": 0.0, "samples": 60000, "num_workers": 1, "done": false, "timesteps_total": null, "episodes_total": null, "training_iteration": 18, "neg_mean_loss": -0.9245328261375427, "experiment_id": "1b4cd5c4b9fa4471880fc69ab66107ed", "date": "2019-05-30_14-43-53", "timestamp": 1559252633, "time_this_iter_s": 8.666487455368042, "time_total_s": 157.54377484321594, "pid": 27458, "hostname": "steropes", "node_ip": "169.229.49.254", "config": {"starting_lr": 0.005, "momentum": 0.997, "weight_decay": 0.001, "steps_per_iteration": null, "pin": false, "model_creator": null, "target_batch_size": 1024, "model_string": "resnet18", "min_batch_size": 512, "dataset": "CIFAR", "placement": null, "use_nccl": true, "devices_per_worker": 1, "primary_resource": "extra_gpu", "gpu": false, "verbose": false, "lr_config": {"mode": "log", "steps": 5, "initial_lr": 0.005, "target_lr": 0.005}, "batch_per_device": 1024}, "time_since_restore": 157.54377484321594, "timesteps_since_restore": 0, "iterations_since_restore": 18, "mean_throughput": 7120.024097910743, "atoms": 1, "resource_time": 157.54377484321594}
{"apply": 0.007788825035095215, "batch_time": 0.1349381685256958, "d2h": 0.005021739006042481, "data_time": 0.03469347953796387, "fwd": 0.032979702949523924, "get_state_time_mean": NaN, "get_state_time_total": 0.0, "grad": 0.05783255100250244, "mean_accuracy": 0.6872999668121338, "mean_loss": 0.8867323355674743, "neg_mean_accuracy": -0.6872999668121338, "set_state_time_mean": NaN, "set_state_time_total": 0.0, "setup_model_time_mean": NaN, "setup_model_time_total": 0.0, "setup_proc_time_mean": NaN, "setup_proc_time_total": 0.0, "train_accuracy": 0.6944599747657776, "train_loss": 0.8609799159240723, "training_time_mean": NaN, "training_time_total": 0.0, "validation_time_mean": NaN, "validation_time_total": 0.0, "samples": 60000, "num_workers": 1, "done": false, "timesteps_total": null, "episodes_total": null, "training_iteration": 19, "neg_mean_loss": -0.8867323355674743, "experiment_id": "1b4cd5c4b9fa4471880fc69ab66107ed", "date": "2019-05-30_14-44-02", "timestamp": 1559252642, "time_this_iter_s": 8.436688423156738, "time_total_s": 165.98046326637268, "pid": 27458, "hostname": "steropes", "node_ip": "169.229.49.254", "config": {"starting_lr": 0.005, "momentum": 0.997, "weight_decay": 0.001, "steps_per_iteration": null, "pin": false, "model_creator": null, "target_batch_size": 1024, "model_string": "resnet18", "min_batch_size": 512, "dataset": "CIFAR", "placement": null, "use_nccl": true, "devices_per_worker": 1, "primary_resource": "extra_gpu", "gpu": false, "verbose": false, "lr_config": {"mode": "log", "steps": 5, "initial_lr": 0.005, "target_lr": 0.005}, "batch_per_device": 1024}, "time_since_restore": 165.98046326637268, "timesteps_since_restore": 0, "iterations_since_restore": 19, "mean_throughput": 7062.432361147893, "atoms": 1, "resource_time": 165.98046326637268}
{"apply": 0.006919598579406739, "batch_time": 0.14363818168640136, "d2h": 0.005604314804077149, "data_time": 0.038503476551600864, "fwd": 0.033875346183776855, "get_state_time_mean": NaN, "get_state_time_total": 0.0, "grad": 0.0622922420501709, "mean_accuracy": 0.6992999911308289, "mean_loss": 0.8584402175903321, "neg_mean_accuracy": -0.6992999911308289, "set_state_time_mean": NaN, "set_state_time_total": 0.0, "setup_model_time_mean": NaN, "setup_model_time_total": 0.0, "setup_proc_time_mean": NaN, "setup_proc_time_total": 0.0, "train_accuracy": 0.7011399865150452, "train_loss": 0.8443671824836732, "training_time_mean": NaN, "training_time_total": 0.0, "validation_time_mean": NaN, "validation_time_total": 0.0, "samples": 60000, "num_workers": 1, "done": false, "timesteps_total": null, "episodes_total": null, "training_iteration": 20, "neg_mean_loss": -0.8584402175903321, "experiment_id": "1b4cd5c4b9fa4471880fc69ab66107ed", "date": "2019-05-30_14-44-10", "timestamp": 1559252650, "time_this_iter_s": 8.343265056610107, "time_total_s": 174.3237283229828, "pid": 27458, "hostname": "steropes", "node_ip": "169.229.49.254", "config": {"starting_lr": 0.005, "momentum": 0.997, "weight_decay": 0.001, "steps_per_iteration": null, "pin": false, "model_creator": null, "target_batch_size": 1024, "model_string": "resnet18", "min_batch_size": 512, "dataset": "CIFAR", "placement": null, "use_nccl": true, "devices_per_worker": 1, "primary_resource": "extra_gpu", "gpu": false, "verbose": false, "lr_config": {"mode": "log", "steps": 5, "initial_lr": 0.005, "target_lr": 0.005}, "batch_per_device": 1024}, "time_since_restore": 174.3237283229828, "timesteps_since_restore": 0, "iterations_since_restore": 20, "mean_throughput": 7003.977143529929, "atoms": 1, "resource_time": 174.3237283229828}
{"apply": 0.007975554466247559, "batch_time": 0.1420358180999756, "d2h": 0.00539848804473877, "data_time": 0.04543026612729442, "fwd": 0.030129194259643555, "get_state_time_mean": NaN, "get_state_time_total": 0.0, "grad": 0.052223920822143555, "mean_accuracy": 0.6782999634742737, "mean_loss": 0.9070218770027161, "neg_mean_accuracy": -0.6782999634742737, "set_state_time_mean": NaN, "set_state_time_total": 0.0, "setup_model_time_mean": NaN, "setup_model_time_total": 0.0, "setup_proc_time_mean": NaN, "setup_proc_time_total": 0.0, "train_accuracy": 0.7105199694633484, "train_loss": 0.8191927891731262, "training_time_mean": NaN, "training_time_total": 0.0, "validation_time_mean": NaN, "validation_time_total": 0.0, "samples": 60000, "num_workers": 1, "done": false, "timesteps_total": null, "episodes_total": null, "training_iteration": 21, "neg_mean_loss": -0.9070218770027161, "experiment_id": "1b4cd5c4b9fa4471880fc69ab66107ed", "date": "2019-05-30_14-44-19", "timestamp": 1559252659, "time_this_iter_s": 8.56752324104309, "time_total_s": 182.89125156402588, "pid": 27458, "hostname": "steropes", "node_ip": "169.229.49.254", "config": {"starting_lr": 0.005, "momentum": 0.997, "weight_decay": 0.001, "steps_per_iteration": null, "pin": false, "model_creator": null, "target_batch_size": 1024, "model_string": "resnet18", "min_batch_size": 512, "dataset": "CIFAR", "placement": null, "use_nccl": true, "devices_per_worker": 1, "primary_resource": "extra_gpu", "gpu": false, "verbose": false, "lr_config": {"mode": "log", "steps": 5, "initial_lr": 0.005, "target_lr": 0.005}, "batch_per_device": 1024}, "time_since_restore": 182.89125156402588, "timesteps_since_restore": 0, "iterations_since_restore": 21, "mean_throughput": 7014.552513713942, "atoms": 1, "resource_time": 182.89125156402588}
{"apply": 0.007204413414001465, "batch_time": 0.13000960350036622, "d2h": 0.004801273345947266, "data_time": 0.04738326461947694, "fwd": 0.021530342102050782, "get_state_time_mean": NaN, "get_state_time_total": 0.0, "grad": 0.04694347381591797, "mean_accuracy": 0.6904999613761902, "mean_loss": 0.8736509930610656, "neg_mean_accuracy": -0.6904999613761902, "set_state_time_mean": NaN, "set_state_time_total": 0.0, "setup_model_time_mean": NaN, "setup_model_time_total": 0.0, "setup_proc_time_mean": NaN, "setup_proc_time_total": 0.0, "train_accuracy": 0.7161200046539307, "train_loss": 0.801604015750885, "training_time_mean": NaN, "training_time_total": 0.0, "validation_time_mean": NaN, "validation_time_total": 0.0, "samples": 60000, "num_workers": 1, "done": false, "timesteps_total": null, "episodes_total": null, "training_iteration": 22, "neg_mean_loss": -0.8736509930610656, "experiment_id": "1b4cd5c4b9fa4471880fc69ab66107ed", "date": "2019-05-30_14-44-27", "timestamp": 1559252667, "time_this_iter_s": 8.348797798156738, "time_total_s": 191.24004936218262, "pid": 27458, "hostname": "steropes", "node_ip": "169.229.49.254", "config": {"starting_lr": 0.005, "momentum": 0.997, "weight_decay": 0.001, "steps_per_iteration": null, "pin": false, "model_creator": null, "target_batch_size": 1024, "model_string": "resnet18", "min_batch_size": 512, "dataset": "CIFAR", "placement": null, "use_nccl": true, "devices_per_worker": 1, "primary_resource": "extra_gpu", "gpu": false, "verbose": false, "lr_config": {"mode": "log", "steps": 5, "initial_lr": 0.005, "target_lr": 0.005}, "batch_per_device": 1024}, "time_since_restore": 191.24004936218262, "timesteps_since_restore": 0, "iterations_since_restore": 22, "mean_throughput": 7081.59191157348, "atoms": 1, "resource_time": 191.24004936218262}
{"apply": 0.009576869010925294, "batch_time": 0.13679721355438232, "d2h": 0.005693912506103516, "data_time": 0.04393454473845813, "fwd": 0.026887106895446777, "get_state_time_mean": NaN, "get_state_time_total": 0.0, "grad": 0.04880814552307129, "mean_accuracy": 0.7019999623298645, "mean_loss": 0.8332967776298523, "neg_mean_accuracy": -0.7019999623298645, "set_state_time_mean": NaN, "set_state_time_total": 0.0, "setup_model_time_mean": NaN, "setup_model_time_total": 0.0, "setup_proc_time_mean": NaN, "setup_proc_time_total": 0.0, "train_accuracy": 0.7245399951934814, "train_loss": 0.7783603442382813, "training_time_mean": NaN, "training_time_total": 0.0, "validation_time_mean": NaN, "validation_time_total": 0.0, "samples": 60000, "num_workers": 1, "done": false, "timesteps_total": null, "episodes_total": null, "training_iteration": 23, "neg_mean_loss": -0.8332967776298523, "experiment_id": "1b4cd5c4b9fa4471880fc69ab66107ed", "date": "2019-05-30_14-44-35", "timestamp": 1559252675, "time_this_iter_s": 8.105300903320312, "time_total_s": 199.34535026550293, "pid": 27458, "hostname": "steropes", "node_ip": "169.229.49.254", "config": {"starting_lr": 0.005, "momentum": 0.997, "weight_decay": 0.001, "steps_per_iteration": null, "pin": false, "model_creator": null, "target_batch_size": 1024, "model_string": "resnet18", "min_batch_size": 512, "dataset": "CIFAR", "placement": null, "use_nccl": true, "devices_per_worker": 1, "primary_resource": "extra_gpu", "gpu": false, "verbose": false, "lr_config": {"mode": "log", "steps": 5, "initial_lr": 0.005, "target_lr": 0.005}, "batch_per_device": 1024}, "time_since_restore": 199.34535026550293, "timesteps_since_restore": 0, "iterations_since_restore": 23, "mean_throughput": 7176.672460840249, "atoms": 1, "resource_time": 199.34535026550293}
{"apply": 0.007994651794433594, "batch_time": 0.12903208732604982, "d2h": 0.007710933685302734, "data_time": 0.04084214872243453, "fwd": 0.03336420059204102, "get_state_time_mean": NaN, "get_state_time_total": 0.0, "grad": 0.0624708890914917, "mean_accuracy": 0.7161999940872192, "mean_loss": 0.8149391313552856, "neg_mean_accuracy": -0.7161999940872192, "set_state_time_mean": NaN, "set_state_time_total": 0.0, "setup_model_time_mean": NaN, "setup_model_time_total": 0.0, "setup_proc_time_mean": NaN, "setup_proc_time_total": 0.0, "train_accuracy": 0.7286399602890015, "train_loss": 0.7725467465972901, "training_time_mean": NaN, "training_time_total": 0.0, "validation_time_mean": NaN, "validation_time_total": 0.0, "samples": 60000, "num_workers": 1, "done": false, "timesteps_total": null, "episodes_total": null, "training_iteration": 24, "neg_mean_loss": -0.8149391313552856, "experiment_id": "1b4cd5c4b9fa4471880fc69ab66107ed", "date": "2019-05-30_14-44-43", "timestamp": 1559252683, "time_this_iter_s": 8.330597162246704, "time_total_s": 207.67594742774963, "pid": 27458, "hostname": "steropes", "node_ip": "169.229.49.254", "config": {"starting_lr": 0.005, "momentum": 0.997, "weight_decay": 0.001, "steps_per_iteration": null, "pin": false, "model_creator": null, "target_batch_size": 1024, "model_string": "resnet18", "min_batch_size": 512, "dataset": "CIFAR", "placement": null, "use_nccl": true, "devices_per_worker": 1, "primary_resource": "extra_gpu", "gpu": false, "verbose": false, "lr_config": {"mode": "log", "steps": 5, "initial_lr": 0.005, "target_lr": 0.005}, "batch_per_device": 1024}, "time_since_restore": 207.67594742774963, "timesteps_since_restore": 0, "iterations_since_restore": 24, "mean_throughput": 7194.934625387874, "atoms": 1, "resource_time": 207.67594742774963}
{"apply": 0.0076894044876098635, "batch_time": 0.1309844970703125, "d2h": 0.0051425457000732425, "data_time": 0.04647834446965432, "fwd": 0.023827886581420897, "get_state_time_mean": NaN, "get_state_time_total": 0.0, "grad": 0.054972147941589354, "mean_accuracy": 0.7023999691009521, "mean_loss": 0.8236854797363281, "neg_mean_accuracy": -0.7023999691009521, "set_state_time_mean": NaN, "set_state_time_total": 0.0, "setup_model_time_mean": NaN, "setup_model_time_total": 0.0, "setup_proc_time_mean": NaN, "setup_proc_time_total": 0.0, "train_accuracy": 0.7315599918365479, "train_loss": 0.7631658632087708, "training_time_mean": NaN, "training_time_total": 0.0, "validation_time_mean": NaN, "validation_time_total": 0.0, "samples": 60000, "num_workers": 1, "done": false, "timesteps_total": null, "episodes_total": null, "training_iteration": 25, "neg_mean_loss": -0.8236854797363281, "experiment_id": "1b4cd5c4b9fa4471880fc69ab66107ed", "date": "2019-05-30_14-44-52", "timestamp": 1559252692, "time_this_iter_s": 8.337640285491943, "time_total_s": 216.01358771324158, "pid": 27458, "hostname": "steropes", "node_ip": "169.229.49.254", "config": {"starting_lr": 0.005, "momentum": 0.997, "weight_decay": 0.001, "steps_per_iteration": null, "pin": false, "model_creator": null, "target_batch_size": 1024, "model_string": "resnet18", "min_batch_size": 512, "dataset": "CIFAR", "placement": null, "use_nccl": true, "devices_per_worker": 1, "primary_resource": "extra_gpu", "gpu": false, "verbose": false, "lr_config": {"mode": "log", "steps": 5, "initial_lr": 0.005, "target_lr": 0.005}, "batch_per_device": 1024}, "time_since_restore": 216.01358771324158, "timesteps_since_restore": 0, "iterations_since_restore": 25, "mean_throughput": 7195.907201508187, "atoms": 1, "resource_time": 216.01358771324158}
{"apply": 0.007106280326843262, "batch_time": 0.1353668451309204, "d2h": 0.0053167581558227536, "data_time": 0.03484416494564134, "fwd": 0.034804034233093264, "get_state_time_mean": NaN, "get_state_time_total": 0.0, "grad": 0.058916330337524414, "mean_accuracy": 0.7156999707221985, "mean_loss": 0.8145243083953857, "neg_mean_accuracy": -0.7156999707221985, "set_state_time_mean": NaN, "set_state_time_total": 0.0, "setup_model_time_mean": NaN, "setup_model_time_total": 0.0, "setup_proc_time_mean": NaN, "setup_proc_time_total": 0.0, "train_accuracy": 0.7306199669837952, "train_loss": 0.7598095568084717, "training_time_mean": NaN, "training_time_total": 0.0, "validation_time_mean": NaN, "validation_time_total": 0.0, "samples": 60000, "num_workers": 1, "done": false, "timesteps_total": null, "episodes_total": null, "training_iteration": 26, "neg_mean_loss": -0.8145243083953857, "experiment_id": "1b4cd5c4b9fa4471880fc69ab66107ed", "date": "2019-05-30_14-45-00", "timestamp": 1559252700, "time_this_iter_s": 8.048889636993408, "time_total_s": 224.06247735023499, "pid": 27458, "hostname": "steropes", "node_ip": "169.229.49.254", "config": {"starting_lr": 0.005, "momentum": 0.997, "weight_decay": 0.001, "steps_per_iteration": null, "pin": false, "model_creator": null, "target_batch_size": 1024, "model_string": "resnet18", "min_batch_size": 512, "dataset": "CIFAR", "placement": null, "use_nccl": true, "devices_per_worker": 1, "primary_resource": "extra_gpu", "gpu": false, "verbose": false, "lr_config": {"mode": "log", "steps": 5, "initial_lr": 0.005, "target_lr": 0.005}, "batch_per_device": 1024}, "time_since_restore": 224.06247735023499, "timesteps_since_restore": 0, "iterations_since_restore": 26, "mean_throughput": 7286.567388639112, "atoms": 1, "resource_time": 224.06247735023499}
{"apply": 0.006857728958129883, "batch_time": 0.156469464302063, "d2h": 0.0048095941543579105, "data_time": 0.033204784198683134, "fwd": 0.027838659286499024, "get_state_time_mean": NaN, "get_state_time_total": 0.0, "grad": 0.05671989917755127, "mean_accuracy": 0.7277999520301819, "mean_loss": 0.7818680592536926, "neg_mean_accuracy": -0.7277999520301819, "set_state_time_mean": NaN, "set_state_time_total": 0.0, "setup_model_time_mean": NaN, "setup_model_time_total": 0.0, "setup_proc_time_mean": NaN, "setup_proc_time_total": 0.0, "train_accuracy": 0.7424399852752686, "train_loss": 0.7327856546783448, "training_time_mean": NaN, "training_time_total": 0.0, "validation_time_mean": NaN, "validation_time_total": 0.0, "samples": 60000, "num_workers": 1, "done": false, "timesteps_total": null, "episodes_total": null, "training_iteration": 27, "neg_mean_loss": -0.7818680592536926, "experiment_id": "1b4cd5c4b9fa4471880fc69ab66107ed", "date": "2019-05-30_14-45-08", "timestamp": 1559252708, "time_this_iter_s": 8.352981567382812, "time_total_s": 232.4154589176178, "pid": 27458, "hostname": "steropes", "node_ip": "169.229.49.254", "config": {"starting_lr": 0.005, "momentum": 0.997, "weight_decay": 0.001, "steps_per_iteration": null, "pin": false, "model_creator": null, "target_batch_size": 1024, "model_string": "resnet18", "min_batch_size": 512, "dataset": "CIFAR", "placement": null, "use_nccl": true, "devices_per_worker": 1, "primary_resource": "extra_gpu", "gpu": false, "verbose": false, "lr_config": {"mode": "log", "steps": 5, "initial_lr": 0.005, "target_lr": 0.005}, "batch_per_device": 1024}, "time_since_restore": 232.4154589176178, "timesteps_since_restore": 0, "iterations_since_restore": 27, "mean_throughput": 7285.828496037449, "atoms": 1, "resource_time": 232.4154589176178}
