{"apply": 0.017243552207946777, "batch_time": 0.040318063542812685, "d2h": 0.0006615638732910157, "data_time": 0.0018407578968331027, "fwd": 0.12064697742462158, "get_state_time_mean": NaN, "get_state_time_total": 0.0, "grad": 0.2548461675643921, "mean_accuracy": 0.10049999505281448, "mean_loss": 188.18386261177062, "neg_mean_accuracy": -0.10049999505281448, "set_state_time_mean": NaN, "set_state_time_total": 0.0, "setup_model_time_mean": 13.744693517684937, "setup_model_time_total": 13.744693517684937, "setup_proc_time_mean": 0.12207365036010742, "setup_proc_time_total": 0.12207365036010742, "train_accuracy": 0.09978000074625015, "train_loss": 4.527118975601196, "training_time_mean": NaN, "training_time_total": 0.0, "val_accuracy": 0.10049999505281448, "val_loss": 188.18386261177062, "validation_time_mean": NaN, "validation_time_total": 0.0, "samples": 60000, "num_workers": 1, "done": false, "timesteps_total": null, "episodes_total": null, "training_iteration": 1, "neg_mean_loss": -188.18386261177062, "experiment_id": "b0edb961e4f84b84a20c455819804c4d", "date": "2019-06-06_13-19-09", "timestamp": 1559852349, "time_this_iter_s": 46.36154294013977, "time_total_s": 46.36154294013977, "pid": 11390, "hostname": "steropes", "node_ip": "169.229.49.254", "config": {"starting_lr": 0.05, "momentum": 0.99, "weight_decay": 0.0001, "steps_per_iteration": null, "pin": false, "model_creator": null, "target_batch_size": 128, "model_string": "resnet50", "min_batch_size": 128, "dataset": "CIFAR", "placement": null, "use_nccl": true, "devices_per_worker": 1, "primary_resource": "extra_gpu", "gpu": false, "verbose": false, "lr_config": {"mode": "log", "steps": 5, "initial_lr": 0.05, "target_lr": 0.05}, "batch_per_device": 128}, "time_since_restore": 46.36154294013977, "timesteps_since_restore": 0, "iterations_since_restore": 1, "mean_throughput": 1294.1722418816712, "atoms": 1, "setup_time": 13.995050430297852}
{"apply": 0.01724221706390381, "batch_time": 0.030992984771728516, "d2h": 0.0006791114807128906, "data_time": 0.0017805758034786605, "fwd": 0.02763972282409668, "get_state_time_mean": NaN, "get_state_time_total": 0.0, "grad": 0.04719109535217285, "mean_accuracy": 0.10034999623894691, "mean_loss": 100.76276530513763, "neg_mean_accuracy": -0.10019999742507935, "set_state_time_mean": NaN, "set_state_time_total": 0.0, "setup_model_time_mean": NaN, "setup_model_time_total": 0.0, "setup_proc_time_mean": NaN, "setup_proc_time_total": 0.0, "train_accuracy": 0.09841999411582947, "train_loss": 2.3793547917175295, "training_time_mean": NaN, "training_time_total": 0.0, "val_accuracy": 0.10019999742507935, "val_loss": 13.341667998504638, "validation_time_mean": NaN, "validation_time_total": 0.0, "samples": 60000, "num_workers": 1, "done": false, "timesteps_total": null, "episodes_total": null, "training_iteration": 2, "neg_mean_loss": -100.76276530513763, "experiment_id": "b0edb961e4f84b84a20c455819804c4d", "date": "2019-06-06_13-19-49", "timestamp": 1559852389, "time_this_iter_s": 40.232882261276245, "time_total_s": 86.59442520141602, "pid": 11390, "hostname": "steropes", "node_ip": "169.229.49.254", "config": {"starting_lr": 0.05, "momentum": 0.99, "weight_decay": 0.0001, "steps_per_iteration": null, "pin": false, "model_creator": null, "target_batch_size": 128, "model_string": "resnet50", "min_batch_size": 128, "dataset": "CIFAR", "placement": null, "use_nccl": true, "devices_per_worker": 1, "primary_resource": "extra_gpu", "gpu": false, "verbose": false, "lr_config": {"mode": "log", "steps": 5, "initial_lr": 0.05, "target_lr": 0.05}, "batch_per_device": 128}, "time_since_restore": 86.59442520141602, "timesteps_since_restore": 0, "iterations_since_restore": 2, "mean_throughput": 1385.7670214084717, "atoms": 1, "setup_time": 13.995050430297852}
{"apply": 0.017702221870422363, "batch_time": 0.031422621087182925, "d2h": 0.0006773710250854492, "data_time": 0.0017919076982971347, "fwd": 0.027919578552246093, "get_state_time_mean": NaN, "get_state_time_total": 0.0, "grad": 0.04684691429138184, "mean_accuracy": 0.10016666352748871, "mean_loss": 68.20863080406188, "neg_mean_accuracy": -0.0997999981045723, "set_state_time_mean": NaN, "set_state_time_total": 0.0, "setup_model_time_mean": NaN, "setup_model_time_total": 0.0, "setup_proc_time_mean": NaN, "setup_proc_time_total": 0.0, "train_accuracy": 0.10102000087499619, "train_loss": 2.334608551635742, "training_time_mean": NaN, "training_time_total": 0.0, "val_accuracy": 0.0997999981045723, "val_loss": 3.1003618019104002, "validation_time_mean": NaN, "validation_time_total": 0.0, "samples": 60000, "num_workers": 1, "done": true, "timesteps_total": null, "episodes_total": null, "training_iteration": 3, "neg_mean_loss": -68.20863080406188, "experiment_id": "b0edb961e4f84b84a20c455819804c4d", "date": "2019-06-06_13-20-29", "timestamp": 1559852429, "time_this_iter_s": 39.99898910522461, "time_total_s": 126.59341430664062, "pid": 11390, "hostname": "steropes", "node_ip": "169.229.49.254", "config": {"starting_lr": 0.05, "momentum": 0.99, "weight_decay": 0.0001, "steps_per_iteration": null, "pin": false, "model_creator": null, "target_batch_size": 128, "model_string": "resnet50", "min_batch_size": 128, "dataset": "CIFAR", "placement": null, "use_nccl": true, "devices_per_worker": 1, "primary_resource": "extra_gpu", "gpu": false, "verbose": false, "lr_config": {"mode": "log", "steps": 5, "initial_lr": 0.05, "target_lr": 0.05}, "batch_per_device": 128}, "time_since_restore": 126.59341430664062, "timesteps_since_restore": 0, "iterations_since_restore": 3, "mean_throughput": 1421.8716169092713, "atoms": 1, "setup_time": 13.995050430297852}
