apply,batch_time,d2h,data_time,fwd,get_state_time_mean,get_state_time_total,grad,mean_accuracy,mean_loss,neg_mean_accuracy,set_state_time_mean,set_state_time_total,setup_model_time_mean,setup_model_time_total,setup_proc_time_mean,setup_proc_time_total,train_accuracy,train_loss,training_time_mean,training_time_total,validation_time_mean,validation_time_total,samples,num_workers,done,timesteps_total,episodes_total,training_iteration,neg_mean_loss,experiment_id,date,timestamp,time_this_iter_s,time_total_s,pid,hostname,node_ip,config,time_since_restore,timesteps_since_restore,iterations_since_restore,mean_throughput,atoms,resource_time
0.007512092590332031,0.185121750831604,0.006691622734069824,0.03077724028606804,0.08773636817932129,nan,0.0,0.16503679752349854,0.3619999885559082,1.8330856420516968,-0.3619999885559082,nan,0.0,9.82429838180542,9.82429838180542,0.14372873306274414,0.14372873306274414,0.2865000069141388,2.2156990913772585,nan,0.0,nan,0.0,60000,1,False,,,1,-1.8330856420516968,f605a16972044114abbbf6240c5172ff,2019-05-30_14-37-49,1559252269,12.498842000961304,12.498842000961304,13458,steropes,169.229.49.254,"{'starting_lr': 0.05, 'momentum': 0.99, 'weight_decay': 0.005, 'steps_per_iteration': None, 'pin': False, 'model_creator': None, 'target_batch_size': 1024, 'model_string': 'resnet18', 'min_batch_size': 512, 'dataset': 'CIFAR', 'placement': None, 'use_nccl': True, 'devices_per_worker': 1, 'primary_resource': 'extra_gpu', 'gpu': False, 'verbose': False, 'lr_config': {'mode': 'log', 'steps': 5, 'initial_lr': 0.05, 'target_lr': 0.05}, 'batch_per_device': 1024}",12.498842000961304,0,1,4800.404971908393,1,12.498842000961304
0.007266569137573242,0.12565784454345702,0.004868793487548828,0.041148098147645286,0.023714494705200196,nan,0.0,0.043605899810791014,0.11989999562501907,2.6373629829406737,-0.11989999562501907,nan,0.0,nan,0.0,nan,0.0,0.4027999937534332,1.6354252655029298,nan,0.0,nan,0.0,60000,1,False,,,2,-2.6373629829406737,f605a16972044114abbbf6240c5172ff,2019-05-30_14-37-57,1559252277,8.1134033203125,20.612245321273804,13458,steropes,169.229.49.254,"{'starting_lr': 0.05, 'momentum': 0.99, 'weight_decay': 0.005, 'steps_per_iteration': None, 'pin': False, 'model_creator': None, 'target_batch_size': 1024, 'model_string': 'resnet18', 'min_batch_size': 512, 'dataset': 'CIFAR', 'placement': None, 'use_nccl': True, 'devices_per_worker': 1, 'primary_resource': 'extra_gpu', 'gpu': False, 'verbose': False, 'lr_config': {'mode': 'log', 'steps': 5, 'initial_lr': 0.05, 'target_lr': 0.05}, 'batch_per_device': 1024}",20.612245321273804,0,2,5821.730544293278,1,20.612245321273804
0.007927703857421874,0.1350048303604126,0.005554342269897461,0.0286723399648861,0.02160689830780029,nan,0.0,0.04757909774780274,0.09999999403953552,8.425445002746581,-0.09999999403953552,nan,0.0,nan,0.0,nan,0.0,0.3952399790287018,1.6534146982192992,nan,0.0,nan,0.0,60000,1,False,,,3,-8.425445002746581,f605a16972044114abbbf6240c5172ff,2019-05-30_14-38-05,1559252285,8.007944583892822,28.620189905166626,13458,steropes,169.229.49.254,"{'starting_lr': 0.05, 'momentum': 0.99, 'weight_decay': 0.005, 'steps_per_iteration': None, 'pin': False, 'model_creator': None, 'target_batch_size': 1024, 'model_string': 'resnet18', 'min_batch_size': 512, 'dataset': 'CIFAR', 'placement': None, 'use_nccl': True, 'devices_per_worker': 1, 'primary_resource': 'extra_gpu', 'gpu': False, 'verbose': False, 'lr_config': {'mode': 'log', 'steps': 5, 'initial_lr': 0.05, 'target_lr': 0.05}, 'batch_per_device': 1024}",28.620189905166626,0,3,6289.2094419772475,1,28.620189905166626
0.010117840766906739,0.1449035882949829,0.005746293067932129,0.04545351923728476,0.027191972732543944,nan,0.0,0.048583459854125974,0.3763999938964844,1.8967758655548095,-0.3763999938964844,nan,0.0,nan,0.0,nan,0.0,0.4277999997138977,1.5504005143356323,nan,0.0,nan,0.0,60000,1,False,,,4,-1.8967758655548095,f605a16972044114abbbf6240c5172ff,2019-05-30_14-38-14,1559252294,8.45261836051941,37.072808265686035,13458,steropes,169.229.49.254,"{'starting_lr': 0.05, 'momentum': 0.99, 'weight_decay': 0.005, 'steps_per_iteration': None, 'pin': False, 'model_creator': None, 'target_batch_size': 1024, 'model_string': 'resnet18', 'min_batch_size': 512, 'dataset': 'CIFAR', 'placement': None, 'use_nccl': True, 'devices_per_worker': 1, 'primary_resource': 'extra_gpu', 'gpu': False, 'verbose': False, 'lr_config': {'mode': 'log', 'steps': 5, 'initial_lr': 0.05, 'target_lr': 0.05}, 'batch_per_device': 1024}",37.072808265686035,0,4,6473.688885548182,1,37.072808265686035
0.007276225090026856,0.12837295532226561,0.004858732223510742,0.053217634862783005,0.027347922325134277,nan,0.0,0.046410655975341795,0.4640999734401703,1.4777600482940674,-0.4640999734401703,nan,0.0,nan,0.0,nan,0.0,0.444379985332489,1.6132539764022826,nan,0.0,nan,0.0,60000,1,False,,,5,-1.4777600482940674,f605a16972044114abbbf6240c5172ff,2019-05-30_14-38-22,1559252302,8.63671350479126,45.709521770477295,13458,steropes,169.229.49.254,"{'starting_lr': 0.05, 'momentum': 0.99, 'weight_decay': 0.005, 'steps_per_iteration': None, 'pin': False, 'model_creator': None, 'target_batch_size': 1024, 'model_string': 'resnet18', 'min_batch_size': 512, 'dataset': 'CIFAR', 'placement': None, 'use_nccl': True, 'devices_per_worker': 1, 'primary_resource': 'extra_gpu', 'gpu': False, 'verbose': False, 'lr_config': {'mode': 'log', 'steps': 5, 'initial_lr': 0.05, 'target_lr': 0.05}, 'batch_per_device': 1024}",45.709521770477295,0,5,6563.124597840854,1,45.709521770477295
0.007661271095275879,0.15874099731445312,0.005092525482177734,0.06238547636538136,0.024821972846984862,nan,0.0,0.04512050151824951,0.3630000054836273,1.8821651208877563,-0.3630000054836273,nan,0.0,nan,0.0,nan,0.0,0.47905999422073364,1.4446132051467895,nan,0.0,nan,0.0,60000,1,False,,,6,-1.8821651208877563,f605a16972044114abbbf6240c5172ff,2019-05-30_14-38-32,1559252312,9.217208862304688,54.92673063278198,13458,steropes,169.229.49.254,"{'starting_lr': 0.05, 'momentum': 0.99, 'weight_decay': 0.005, 'steps_per_iteration': None, 'pin': False, 'model_creator': None, 'target_batch_size': 1024, 'model_string': 'resnet18', 'min_batch_size': 512, 'dataset': 'CIFAR', 'placement': None, 'use_nccl': True, 'devices_per_worker': 1, 'primary_resource': 'extra_gpu', 'gpu': False, 'verbose': False, 'lr_config': {'mode': 'log', 'steps': 5, 'initial_lr': 0.05, 'target_lr': 0.05}, 'batch_per_device': 1024}",54.92673063278198,0,6,7070.756055389396,1,54.92673063278198
0.009278035163879395,0.12277488708496094,0.008478355407714844,0.0629595591097462,0.028097772598266603,nan,0.0,0.04443423748016358,0.4599999785423279,1.5981356592178344,-0.4599999785423279,nan,0.0,nan,0.0,nan,0.0,0.5261399745941162,1.3271740826416016,nan,0.0,nan,0.0,60000,1,False,,,7,-1.5981356592178344,f605a16972044114abbbf6240c5172ff,2019-05-30_14-38-41,1559252321,8.9773108959198,63.90404152870178,13458,steropes,169.229.49.254,"{'starting_lr': 0.05, 'momentum': 0.99, 'weight_decay': 0.005, 'steps_per_iteration': None, 'pin': False, 'model_creator': None, 'target_batch_size': 1024, 'model_string': 'resnet18', 'min_batch_size': 512, 'dataset': 'CIFAR', 'placement': None, 'use_nccl': True, 'devices_per_worker': 1, 'primary_resource': 'extra_gpu', 'gpu': False, 'verbose': False, 'lr_config': {'mode': 'log', 'steps': 5, 'initial_lr': 0.05, 'target_lr': 0.05}, 'batch_per_device': 1024}",63.90404152870178,0,7,6929.6575744936235,1,63.90404152870178
0.008022665977478027,0.12701890468597413,0.005326104164123535,0.05003792412427007,0.022305679321289063,nan,0.0,0.04672086238861084,0.49069997668266296,1.677068967628479,-0.49069997668266296,nan,0.0,nan,0.0,nan,0.0,0.5394799709320068,1.2895511671829223,nan,0.0,nan,0.0,60000,1,False,,,8,-1.677068967628479,f605a16972044114abbbf6240c5172ff,2019-05-30_14-38-49,1559252329,8.430826187133789,72.33486771583557,13458,steropes,169.229.49.254,"{'starting_lr': 0.05, 'momentum': 0.99, 'weight_decay': 0.005, 'steps_per_iteration': None, 'pin': False, 'model_creator': None, 'target_batch_size': 1024, 'model_string': 'resnet18', 'min_batch_size': 512, 'dataset': 'CIFAR', 'placement': None, 'use_nccl': True, 'devices_per_worker': 1, 'primary_resource': 'extra_gpu', 'gpu': False, 'verbose': False, 'lr_config': {'mode': 'log', 'steps': 5, 'initial_lr': 0.05, 'target_lr': 0.05}, 'batch_per_device': 1024}",72.33486771583557,0,8,6862.622833926911,1,72.33486771583557
0.007803964614868164,0.13362042903900145,0.007158589363098144,0.05227155588111099,0.02231006622314453,nan,0.0,0.046037721633911136,0.5275999903678894,1.3456120029449463,-0.5275999903678894,nan,0.0,nan,0.0,nan,0.0,0.5482800006866455,1.2770026369857788,nan,0.0,nan,0.0,60000,1,False,,,9,-1.3456120029449463,f605a16972044114abbbf6240c5172ff,2019-05-30_14-38-58,1559252338,8.568678855895996,80.90354657173157,13458,steropes,169.229.49.254,"{'starting_lr': 0.05, 'momentum': 0.99, 'weight_decay': 0.005, 'steps_per_iteration': None, 'pin': False, 'model_creator': None, 'target_batch_size': 1024, 'model_string': 'resnet18', 'min_batch_size': 512, 'dataset': 'CIFAR', 'placement': None, 'use_nccl': True, 'devices_per_worker': 1, 'primary_resource': 'extra_gpu', 'gpu': False, 'verbose': False, 'lr_config': {'mode': 'log', 'steps': 5, 'initial_lr': 0.05, 'target_lr': 0.05}, 'batch_per_device': 1024}",80.90354657173157,0,9,6844.450913316851,1,80.90354657173157
0.007381796836853027,0.12346704006195068,0.0051125288009643555,0.04614579434297523,0.022246432304382325,nan,0.0,0.04282071590423584,0.4989999830722809,1.4027903171539307,-0.4989999830722809,nan,0.0,nan,0.0,nan,0.0,0.5653200149536133,1.2306732902908326,nan,0.0,nan,0.0,60000,1,False,,,10,-1.4027903171539307,f605a16972044114abbbf6240c5172ff,2019-05-30_14-39-06,1559252346,8.245243310928345,89.14878988265991,13458,steropes,169.229.49.254,"{'starting_lr': 0.05, 'momentum': 0.99, 'weight_decay': 0.005, 'steps_per_iteration': None, 'pin': False, 'model_creator': None, 'target_batch_size': 1024, 'model_string': 'resnet18', 'min_batch_size': 512, 'dataset': 'CIFAR', 'placement': None, 'use_nccl': True, 'devices_per_worker': 1, 'primary_resource': 'extra_gpu', 'gpu': False, 'verbose': False, 'lr_config': {'mode': 'log', 'steps': 5, 'initial_lr': 0.05, 'target_lr': 0.05}, 'batch_per_device': 1024}",89.14878988265991,0,10,6906.131920742583,1,89.14878988265991
0.00735471248626709,0.1286320686340332,0.009280800819396973,0.037531400213436206,0.025125980377197266,nan,0.0,0.04678983688354492,0.47349998354911804,1.5057222650527955,-0.47349998354911804,nan,0.0,nan,0.0,nan,0.0,0.5797399878501892,1.1959791968154907,nan,0.0,nan,0.0,60000,1,False,,,11,-1.5057222650527955,f605a16972044114abbbf6240c5172ff,2019-05-30_14-39-14,1559252354,7.8978495597839355,97.04663944244385,13458,steropes,169.229.49.254,"{'starting_lr': 0.05, 'momentum': 0.99, 'weight_decay': 0.005, 'steps_per_iteration': None, 'pin': False, 'model_creator': None, 'target_batch_size': 1024, 'model_string': 'resnet18', 'min_batch_size': 512, 'dataset': 'CIFAR', 'placement': None, 'use_nccl': True, 'devices_per_worker': 1, 'primary_resource': 'extra_gpu', 'gpu': False, 'verbose': False, 'lr_config': {'mode': 'log', 'steps': 5, 'initial_lr': 0.05, 'target_lr': 0.05}, 'batch_per_device': 1024}",97.04663944244385,0,11,7122.457028593958,1,97.04663944244385
0.008160090446472168,0.12026965618133545,0.004581308364868164,0.040845121656145365,0.023376822471618652,nan,0.0,0.043763923645019534,0.46609997749328613,1.7027441129684449,-0.46609997749328613,nan,0.0,nan,0.0,nan,0.0,0.5828999876976013,1.1871319304656982,nan,0.0,nan,0.0,60000,1,True,,,12,-1.7027441129684449,f605a16972044114abbbf6240c5172ff,2019-05-30_14-39-21,1559252361,7.7474205493927,104.79405999183655,13458,steropes,169.229.49.254,"{'starting_lr': 0.05, 'momentum': 0.99, 'weight_decay': 0.005, 'steps_per_iteration': None, 'pin': False, 'model_creator': None, 'target_batch_size': 1024, 'model_string': 'resnet18', 'min_batch_size': 512, 'dataset': 'CIFAR', 'placement': None, 'use_nccl': True, 'devices_per_worker': 1, 'primary_resource': 'extra_gpu', 'gpu': False, 'verbose': False, 'lr_config': {'mode': 'log', 'steps': 5, 'initial_lr': 0.05, 'target_lr': 0.05}, 'batch_per_device': 1024}",104.79405999183655,0,12,7336.6832565221985,1,104.79405999183655
