{"apply": 0.007512092590332031, "batch_time": 0.185121750831604, "d2h": 0.006691622734069824, "data_time": 0.03077724028606804, "fwd": 0.08773636817932129, "get_state_time_mean": NaN, "get_state_time_total": 0.0, "grad": 0.16503679752349854, "mean_accuracy": 0.3619999885559082, "mean_loss": 1.8330856420516968, "neg_mean_accuracy": -0.3619999885559082, "set_state_time_mean": NaN, "set_state_time_total": 0.0, "setup_model_time_mean": 9.82429838180542, "setup_model_time_total": 9.82429838180542, "setup_proc_time_mean": 0.14372873306274414, "setup_proc_time_total": 0.14372873306274414, "train_accuracy": 0.2865000069141388, "train_loss": 2.2156990913772585, "training_time_mean": NaN, "training_time_total": 0.0, "validation_time_mean": NaN, "validation_time_total": 0.0, "samples": 60000, "num_workers": 1, "done": false, "timesteps_total": null, "episodes_total": null, "training_iteration": 1, "neg_mean_loss": -1.8330856420516968, "experiment_id": "f605a16972044114abbbf6240c5172ff", "date": "2019-05-30_14-37-49", "timestamp": 1559252269, "time_this_iter_s": 12.498842000961304, "time_total_s": 12.498842000961304, "pid": 13458, "hostname": "steropes", "node_ip": "169.229.49.254", "config": {"starting_lr": 0.05, "momentum": 0.99, "weight_decay": 0.005, "steps_per_iteration": null, "pin": false, "model_creator": null, "target_batch_size": 1024, "model_string": "resnet18", "min_batch_size": 512, "dataset": "CIFAR", "placement": null, "use_nccl": true, "devices_per_worker": 1, "primary_resource": "extra_gpu", "gpu": false, "verbose": false, "lr_config": {"mode": "log", "steps": 5, "initial_lr": 0.05, "target_lr": 0.05}, "batch_per_device": 1024}, "time_since_restore": 12.498842000961304, "timesteps_since_restore": 0, "iterations_since_restore": 1, "mean_throughput": 4800.404971908393, "atoms": 1, "resource_time": 12.498842000961304}
{"apply": 0.007266569137573242, "batch_time": 0.12565784454345702, "d2h": 0.004868793487548828, "data_time": 0.041148098147645286, "fwd": 0.023714494705200196, "get_state_time_mean": NaN, "get_state_time_total": 0.0, "grad": 0.043605899810791014, "mean_accuracy": 0.11989999562501907, "mean_loss": 2.6373629829406737, "neg_mean_accuracy": -0.11989999562501907, "set_state_time_mean": NaN, "set_state_time_total": 0.0, "setup_model_time_mean": NaN, "setup_model_time_total": 0.0, "setup_proc_time_mean": NaN, "setup_proc_time_total": 0.0, "train_accuracy": 0.4027999937534332, "train_loss": 1.6354252655029298, "training_time_mean": NaN, "training_time_total": 0.0, "validation_time_mean": NaN, "validation_time_total": 0.0, "samples": 60000, "num_workers": 1, "done": false, "timesteps_total": null, "episodes_total": null, "training_iteration": 2, "neg_mean_loss": -2.6373629829406737, "experiment_id": "f605a16972044114abbbf6240c5172ff", "date": "2019-05-30_14-37-57", "timestamp": 1559252277, "time_this_iter_s": 8.1134033203125, "time_total_s": 20.612245321273804, "pid": 13458, "hostname": "steropes", "node_ip": "169.229.49.254", "config": {"starting_lr": 0.05, "momentum": 0.99, "weight_decay": 0.005, "steps_per_iteration": null, "pin": false, "model_creator": null, "target_batch_size": 1024, "model_string": "resnet18", "min_batch_size": 512, "dataset": "CIFAR", "placement": null, "use_nccl": true, "devices_per_worker": 1, "primary_resource": "extra_gpu", "gpu": false, "verbose": false, "lr_config": {"mode": "log", "steps": 5, "initial_lr": 0.05, "target_lr": 0.05}, "batch_per_device": 1024}, "time_since_restore": 20.612245321273804, "timesteps_since_restore": 0, "iterations_since_restore": 2, "mean_throughput": 5821.730544293278, "atoms": 1, "resource_time": 20.612245321273804}
{"apply": 0.007927703857421874, "batch_time": 0.1350048303604126, "d2h": 0.005554342269897461, "data_time": 0.0286723399648861, "fwd": 0.02160689830780029, "get_state_time_mean": NaN, "get_state_time_total": 0.0, "grad": 0.04757909774780274, "mean_accuracy": 0.09999999403953552, "mean_loss": 8.425445002746581, "neg_mean_accuracy": -0.09999999403953552, "set_state_time_mean": NaN, "set_state_time_total": 0.0, "setup_model_time_mean": NaN, "setup_model_time_total": 0.0, "setup_proc_time_mean": NaN, "setup_proc_time_total": 0.0, "train_accuracy": 0.3952399790287018, "train_loss": 1.6534146982192992, "training_time_mean": NaN, "training_time_total": 0.0, "validation_time_mean": NaN, "validation_time_total": 0.0, "samples": 60000, "num_workers": 1, "done": false, "timesteps_total": null, "episodes_total": null, "training_iteration": 3, "neg_mean_loss": -8.425445002746581, "experiment_id": "f605a16972044114abbbf6240c5172ff", "date": "2019-05-30_14-38-05", "timestamp": 1559252285, "time_this_iter_s": 8.007944583892822, "time_total_s": 28.620189905166626, "pid": 13458, "hostname": "steropes", "node_ip": "169.229.49.254", "config": {"starting_lr": 0.05, "momentum": 0.99, "weight_decay": 0.005, "steps_per_iteration": null, "pin": false, "model_creator": null, "target_batch_size": 1024, "model_string": "resnet18", "min_batch_size": 512, "dataset": "CIFAR", "placement": null, "use_nccl": true, "devices_per_worker": 1, "primary_resource": "extra_gpu", "gpu": false, "verbose": false, "lr_config": {"mode": "log", "steps": 5, "initial_lr": 0.05, "target_lr": 0.05}, "batch_per_device": 1024}, "time_since_restore": 28.620189905166626, "timesteps_since_restore": 0, "iterations_since_restore": 3, "mean_throughput": 6289.2094419772475, "atoms": 1, "resource_time": 28.620189905166626}
{"apply": 0.010117840766906739, "batch_time": 0.1449035882949829, "d2h": 0.005746293067932129, "data_time": 0.04545351923728476, "fwd": 0.027191972732543944, "get_state_time_mean": NaN, "get_state_time_total": 0.0, "grad": 0.048583459854125974, "mean_accuracy": 0.3763999938964844, "mean_loss": 1.8967758655548095, "neg_mean_accuracy": -0.3763999938964844, "set_state_time_mean": NaN, "set_state_time_total": 0.0, "setup_model_time_mean": NaN, "setup_model_time_total": 0.0, "setup_proc_time_mean": NaN, "setup_proc_time_total": 0.0, "train_accuracy": 0.4277999997138977, "train_loss": 1.5504005143356323, "training_time_mean": NaN, "training_time_total": 0.0, "validation_time_mean": NaN, "validation_time_total": 0.0, "samples": 60000, "num_workers": 1, "done": false, "timesteps_total": null, "episodes_total": null, "training_iteration": 4, "neg_mean_loss": -1.8967758655548095, "experiment_id": "f605a16972044114abbbf6240c5172ff", "date": "2019-05-30_14-38-14", "timestamp": 1559252294, "time_this_iter_s": 8.45261836051941, "time_total_s": 37.072808265686035, "pid": 13458, "hostname": "steropes", "node_ip": "169.229.49.254", "config": {"starting_lr": 0.05, "momentum": 0.99, "weight_decay": 0.005, "steps_per_iteration": null, "pin": false, "model_creator": null, "target_batch_size": 1024, "model_string": "resnet18", "min_batch_size": 512, "dataset": "CIFAR", "placement": null, "use_nccl": true, "devices_per_worker": 1, "primary_resource": "extra_gpu", "gpu": false, "verbose": false, "lr_config": {"mode": "log", "steps": 5, "initial_lr": 0.05, "target_lr": 0.05}, "batch_per_device": 1024}, "time_since_restore": 37.072808265686035, "timesteps_since_restore": 0, "iterations_since_restore": 4, "mean_throughput": 6473.688885548182, "atoms": 1, "resource_time": 37.072808265686035}
{"apply": 0.007276225090026856, "batch_time": 0.12837295532226561, "d2h": 0.004858732223510742, "data_time": 0.053217634862783005, "fwd": 0.027347922325134277, "get_state_time_mean": NaN, "get_state_time_total": 0.0, "grad": 0.046410655975341795, "mean_accuracy": 0.4640999734401703, "mean_loss": 1.4777600482940674, "neg_mean_accuracy": -0.4640999734401703, "set_state_time_mean": NaN, "set_state_time_total": 0.0, "setup_model_time_mean": NaN, "setup_model_time_total": 0.0, "setup_proc_time_mean": NaN, "setup_proc_time_total": 0.0, "train_accuracy": 0.444379985332489, "train_loss": 1.6132539764022826, "training_time_mean": NaN, "training_time_total": 0.0, "validation_time_mean": NaN, "validation_time_total": 0.0, "samples": 60000, "num_workers": 1, "done": false, "timesteps_total": null, "episodes_total": null, "training_iteration": 5, "neg_mean_loss": -1.4777600482940674, "experiment_id": "f605a16972044114abbbf6240c5172ff", "date": "2019-05-30_14-38-22", "timestamp": 1559252302, "time_this_iter_s": 8.63671350479126, "time_total_s": 45.709521770477295, "pid": 13458, "hostname": "steropes", "node_ip": "169.229.49.254", "config": {"starting_lr": 0.05, "momentum": 0.99, "weight_decay": 0.005, "steps_per_iteration": null, "pin": false, "model_creator": null, "target_batch_size": 1024, "model_string": "resnet18", "min_batch_size": 512, "dataset": "CIFAR", "placement": null, "use_nccl": true, "devices_per_worker": 1, "primary_resource": "extra_gpu", "gpu": false, "verbose": false, "lr_config": {"mode": "log", "steps": 5, "initial_lr": 0.05, "target_lr": 0.05}, "batch_per_device": 1024}, "time_since_restore": 45.709521770477295, "timesteps_since_restore": 0, "iterations_since_restore": 5, "mean_throughput": 6563.124597840854, "atoms": 1, "resource_time": 45.709521770477295}
{"apply": 0.007661271095275879, "batch_time": 0.15874099731445312, "d2h": 0.005092525482177734, "data_time": 0.06238547636538136, "fwd": 0.024821972846984862, "get_state_time_mean": NaN, "get_state_time_total": 0.0, "grad": 0.04512050151824951, "mean_accuracy": 0.3630000054836273, "mean_loss": 1.8821651208877563, "neg_mean_accuracy": -0.3630000054836273, "set_state_time_mean": NaN, "set_state_time_total": 0.0, "setup_model_time_mean": NaN, "setup_model_time_total": 0.0, "setup_proc_time_mean": NaN, "setup_proc_time_total": 0.0, "train_accuracy": 0.47905999422073364, "train_loss": 1.4446132051467895, "training_time_mean": NaN, "training_time_total": 0.0, "validation_time_mean": NaN, "validation_time_total": 0.0, "samples": 60000, "num_workers": 1, "done": false, "timesteps_total": null, "episodes_total": null, "training_iteration": 6, "neg_mean_loss": -1.8821651208877563, "experiment_id": "f605a16972044114abbbf6240c5172ff", "date": "2019-05-30_14-38-32", "timestamp": 1559252312, "time_this_iter_s": 9.217208862304688, "time_total_s": 54.92673063278198, "pid": 13458, "hostname": "steropes", "node_ip": "169.229.49.254", "config": {"starting_lr": 0.05, "momentum": 0.99, "weight_decay": 0.005, "steps_per_iteration": null, "pin": false, "model_creator": null, "target_batch_size": 1024, "model_string": "resnet18", "min_batch_size": 512, "dataset": "CIFAR", "placement": null, "use_nccl": true, "devices_per_worker": 1, "primary_resource": "extra_gpu", "gpu": false, "verbose": false, "lr_config": {"mode": "log", "steps": 5, "initial_lr": 0.05, "target_lr": 0.05}, "batch_per_device": 1024}, "time_since_restore": 54.92673063278198, "timesteps_since_restore": 0, "iterations_since_restore": 6, "mean_throughput": 7070.756055389396, "atoms": 1, "resource_time": 54.92673063278198}
{"apply": 0.009278035163879395, "batch_time": 0.12277488708496094, "d2h": 0.008478355407714844, "data_time": 0.0629595591097462, "fwd": 0.028097772598266603, "get_state_time_mean": NaN, "get_state_time_total": 0.0, "grad": 0.04443423748016358, "mean_accuracy": 0.4599999785423279, "mean_loss": 1.5981356592178344, "neg_mean_accuracy": -0.4599999785423279, "set_state_time_mean": NaN, "set_state_time_total": 0.0, "setup_model_time_mean": NaN, "setup_model_time_total": 0.0, "setup_proc_time_mean": NaN, "setup_proc_time_total": 0.0, "train_accuracy": 0.5261399745941162, "train_loss": 1.3271740826416016, "training_time_mean": NaN, "training_time_total": 0.0, "validation_time_mean": NaN, "validation_time_total": 0.0, "samples": 60000, "num_workers": 1, "done": false, "timesteps_total": null, "episodes_total": null, "training_iteration": 7, "neg_mean_loss": -1.5981356592178344, "experiment_id": "f605a16972044114abbbf6240c5172ff", "date": "2019-05-30_14-38-41", "timestamp": 1559252321, "time_this_iter_s": 8.9773108959198, "time_total_s": 63.90404152870178, "pid": 13458, "hostname": "steropes", "node_ip": "169.229.49.254", "config": {"starting_lr": 0.05, "momentum": 0.99, "weight_decay": 0.005, "steps_per_iteration": null, "pin": false, "model_creator": null, "target_batch_size": 1024, "model_string": "resnet18", "min_batch_size": 512, "dataset": "CIFAR", "placement": null, "use_nccl": true, "devices_per_worker": 1, "primary_resource": "extra_gpu", "gpu": false, "verbose": false, "lr_config": {"mode": "log", "steps": 5, "initial_lr": 0.05, "target_lr": 0.05}, "batch_per_device": 1024}, "time_since_restore": 63.90404152870178, "timesteps_since_restore": 0, "iterations_since_restore": 7, "mean_throughput": 6929.6575744936235, "atoms": 1, "resource_time": 63.90404152870178}
{"apply": 0.008022665977478027, "batch_time": 0.12701890468597413, "d2h": 0.005326104164123535, "data_time": 0.05003792412427007, "fwd": 0.022305679321289063, "get_state_time_mean": NaN, "get_state_time_total": 0.0, "grad": 0.04672086238861084, "mean_accuracy": 0.49069997668266296, "mean_loss": 1.677068967628479, "neg_mean_accuracy": -0.49069997668266296, "set_state_time_mean": NaN, "set_state_time_total": 0.0, "setup_model_time_mean": NaN, "setup_model_time_total": 0.0, "setup_proc_time_mean": NaN, "setup_proc_time_total": 0.0, "train_accuracy": 0.5394799709320068, "train_loss": 1.2895511671829223, "training_time_mean": NaN, "training_time_total": 0.0, "validation_time_mean": NaN, "validation_time_total": 0.0, "samples": 60000, "num_workers": 1, "done": false, "timesteps_total": null, "episodes_total": null, "training_iteration": 8, "neg_mean_loss": -1.677068967628479, "experiment_id": "f605a16972044114abbbf6240c5172ff", "date": "2019-05-30_14-38-49", "timestamp": 1559252329, "time_this_iter_s": 8.430826187133789, "time_total_s": 72.33486771583557, "pid": 13458, "hostname": "steropes", "node_ip": "169.229.49.254", "config": {"starting_lr": 0.05, "momentum": 0.99, "weight_decay": 0.005, "steps_per_iteration": null, "pin": false, "model_creator": null, "target_batch_size": 1024, "model_string": "resnet18", "min_batch_size": 512, "dataset": "CIFAR", "placement": null, "use_nccl": true, "devices_per_worker": 1, "primary_resource": "extra_gpu", "gpu": false, "verbose": false, "lr_config": {"mode": "log", "steps": 5, "initial_lr": 0.05, "target_lr": 0.05}, "batch_per_device": 1024}, "time_since_restore": 72.33486771583557, "timesteps_since_restore": 0, "iterations_since_restore": 8, "mean_throughput": 6862.622833926911, "atoms": 1, "resource_time": 72.33486771583557}
{"apply": 0.007803964614868164, "batch_time": 0.13362042903900145, "d2h": 0.007158589363098144, "data_time": 0.05227155588111099, "fwd": 0.02231006622314453, "get_state_time_mean": NaN, "get_state_time_total": 0.0, "grad": 0.046037721633911136, "mean_accuracy": 0.5275999903678894, "mean_loss": 1.3456120029449463, "neg_mean_accuracy": -0.5275999903678894, "set_state_time_mean": NaN, "set_state_time_total": 0.0, "setup_model_time_mean": NaN, "setup_model_time_total": 0.0, "setup_proc_time_mean": NaN, "setup_proc_time_total": 0.0, "train_accuracy": 0.5482800006866455, "train_loss": 1.2770026369857788, "training_time_mean": NaN, "training_time_total": 0.0, "validation_time_mean": NaN, "validation_time_total": 0.0, "samples": 60000, "num_workers": 1, "done": false, "timesteps_total": null, "episodes_total": null, "training_iteration": 9, "neg_mean_loss": -1.3456120029449463, "experiment_id": "f605a16972044114abbbf6240c5172ff", "date": "2019-05-30_14-38-58", "timestamp": 1559252338, "time_this_iter_s": 8.568678855895996, "time_total_s": 80.90354657173157, "pid": 13458, "hostname": "steropes", "node_ip": "169.229.49.254", "config": {"starting_lr": 0.05, "momentum": 0.99, "weight_decay": 0.005, "steps_per_iteration": null, "pin": false, "model_creator": null, "target_batch_size": 1024, "model_string": "resnet18", "min_batch_size": 512, "dataset": "CIFAR", "placement": null, "use_nccl": true, "devices_per_worker": 1, "primary_resource": "extra_gpu", "gpu": false, "verbose": false, "lr_config": {"mode": "log", "steps": 5, "initial_lr": 0.05, "target_lr": 0.05}, "batch_per_device": 1024}, "time_since_restore": 80.90354657173157, "timesteps_since_restore": 0, "iterations_since_restore": 9, "mean_throughput": 6844.450913316851, "atoms": 1, "resource_time": 80.90354657173157}
{"apply": 0.007381796836853027, "batch_time": 0.12346704006195068, "d2h": 0.0051125288009643555, "data_time": 0.04614579434297523, "fwd": 0.022246432304382325, "get_state_time_mean": NaN, "get_state_time_total": 0.0, "grad": 0.04282071590423584, "mean_accuracy": 0.4989999830722809, "mean_loss": 1.4027903171539307, "neg_mean_accuracy": -0.4989999830722809, "set_state_time_mean": NaN, "set_state_time_total": 0.0, "setup_model_time_mean": NaN, "setup_model_time_total": 0.0, "setup_proc_time_mean": NaN, "setup_proc_time_total": 0.0, "train_accuracy": 0.5653200149536133, "train_loss": 1.2306732902908326, "training_time_mean": NaN, "training_time_total": 0.0, "validation_time_mean": NaN, "validation_time_total": 0.0, "samples": 60000, "num_workers": 1, "done": false, "timesteps_total": null, "episodes_total": null, "training_iteration": 10, "neg_mean_loss": -1.4027903171539307, "experiment_id": "f605a16972044114abbbf6240c5172ff", "date": "2019-05-30_14-39-06", "timestamp": 1559252346, "time_this_iter_s": 8.245243310928345, "time_total_s": 89.14878988265991, "pid": 13458, "hostname": "steropes", "node_ip": "169.229.49.254", "config": {"starting_lr": 0.05, "momentum": 0.99, "weight_decay": 0.005, "steps_per_iteration": null, "pin": false, "model_creator": null, "target_batch_size": 1024, "model_string": "resnet18", "min_batch_size": 512, "dataset": "CIFAR", "placement": null, "use_nccl": true, "devices_per_worker": 1, "primary_resource": "extra_gpu", "gpu": false, "verbose": false, "lr_config": {"mode": "log", "steps": 5, "initial_lr": 0.05, "target_lr": 0.05}, "batch_per_device": 1024}, "time_since_restore": 89.14878988265991, "timesteps_since_restore": 0, "iterations_since_restore": 10, "mean_throughput": 6906.131920742583, "atoms": 1, "resource_time": 89.14878988265991}
{"apply": 0.00735471248626709, "batch_time": 0.1286320686340332, "d2h": 0.009280800819396973, "data_time": 0.037531400213436206, "fwd": 0.025125980377197266, "get_state_time_mean": NaN, "get_state_time_total": 0.0, "grad": 0.04678983688354492, "mean_accuracy": 0.47349998354911804, "mean_loss": 1.5057222650527955, "neg_mean_accuracy": -0.47349998354911804, "set_state_time_mean": NaN, "set_state_time_total": 0.0, "setup_model_time_mean": NaN, "setup_model_time_total": 0.0, "setup_proc_time_mean": NaN, "setup_proc_time_total": 0.0, "train_accuracy": 0.5797399878501892, "train_loss": 1.1959791968154907, "training_time_mean": NaN, "training_time_total": 0.0, "validation_time_mean": NaN, "validation_time_total": 0.0, "samples": 60000, "num_workers": 1, "done": false, "timesteps_total": null, "episodes_total": null, "training_iteration": 11, "neg_mean_loss": -1.5057222650527955, "experiment_id": "f605a16972044114abbbf6240c5172ff", "date": "2019-05-30_14-39-14", "timestamp": 1559252354, "time_this_iter_s": 7.8978495597839355, "time_total_s": 97.04663944244385, "pid": 13458, "hostname": "steropes", "node_ip": "169.229.49.254", "config": {"starting_lr": 0.05, "momentum": 0.99, "weight_decay": 0.005, "steps_per_iteration": null, "pin": false, "model_creator": null, "target_batch_size": 1024, "model_string": "resnet18", "min_batch_size": 512, "dataset": "CIFAR", "placement": null, "use_nccl": true, "devices_per_worker": 1, "primary_resource": "extra_gpu", "gpu": false, "verbose": false, "lr_config": {"mode": "log", "steps": 5, "initial_lr": 0.05, "target_lr": 0.05}, "batch_per_device": 1024}, "time_since_restore": 97.04663944244385, "timesteps_since_restore": 0, "iterations_since_restore": 11, "mean_throughput": 7122.457028593958, "atoms": 1, "resource_time": 97.04663944244385}
{"apply": 0.008160090446472168, "batch_time": 0.12026965618133545, "d2h": 0.004581308364868164, "data_time": 0.040845121656145365, "fwd": 0.023376822471618652, "get_state_time_mean": NaN, "get_state_time_total": 0.0, "grad": 0.043763923645019534, "mean_accuracy": 0.46609997749328613, "mean_loss": 1.7027441129684449, "neg_mean_accuracy": -0.46609997749328613, "set_state_time_mean": NaN, "set_state_time_total": 0.0, "setup_model_time_mean": NaN, "setup_model_time_total": 0.0, "setup_proc_time_mean": NaN, "setup_proc_time_total": 0.0, "train_accuracy": 0.5828999876976013, "train_loss": 1.1871319304656982, "training_time_mean": NaN, "training_time_total": 0.0, "validation_time_mean": NaN, "validation_time_total": 0.0, "samples": 60000, "num_workers": 1, "done": true, "timesteps_total": null, "episodes_total": null, "training_iteration": 12, "neg_mean_loss": -1.7027441129684449, "experiment_id": "f605a16972044114abbbf6240c5172ff", "date": "2019-05-30_14-39-21", "timestamp": 1559252361, "time_this_iter_s": 7.7474205493927, "time_total_s": 104.79405999183655, "pid": 13458, "hostname": "steropes", "node_ip": "169.229.49.254", "config": {"starting_lr": 0.05, "momentum": 0.99, "weight_decay": 0.005, "steps_per_iteration": null, "pin": false, "model_creator": null, "target_batch_size": 1024, "model_string": "resnet18", "min_batch_size": 512, "dataset": "CIFAR", "placement": null, "use_nccl": true, "devices_per_worker": 1, "primary_resource": "extra_gpu", "gpu": false, "verbose": false, "lr_config": {"mode": "log", "steps": 5, "initial_lr": 0.05, "target_lr": 0.05}, "batch_per_device": 1024}, "time_since_restore": 104.79405999183655, "timesteps_since_restore": 0, "iterations_since_restore": 12, "mean_throughput": 7336.6832565221985, "atoms": 1, "resource_time": 104.79405999183655}
