apply,batch_time,d2h,data_time,fwd,get_state_time_mean,get_state_time_total,grad,mean_accuracy,mean_loss,neg_mean_accuracy,set_state_time_mean,set_state_time_total,setup_model_time_mean,setup_model_time_total,setup_proc_time_mean,setup_proc_time_total,train_accuracy,train_loss,training_time_mean,training_time_total,validation_time_mean,validation_time_total,samples,num_workers,done,timesteps_total,episodes_total,training_iteration,neg_mean_loss,experiment_id,date,timestamp,time_this_iter_s,time_total_s,pid,hostname,node_ip,config,time_since_restore,timesteps_since_restore,iterations_since_restore,mean_throughput,atoms
0.00793299674987793,0.19188902378082276,0.006644845008850098,0.03742264241588359,0.07951438426971436,nan,0.0,0.1873605489730835,0.1776999980211258,3.65038459815979,-0.1776999980211258,nan,0.0,11.807170152664185,11.807170152664185,0.2924654483795166,0.2924654483795166,0.07813999801874161,5.929975807113648,nan,0.0,nan,0.0,60000,1,False,,,1,-3.65038459815979,ef218598e2f5435b9b16dfb2e471ac8b,2019-05-30_15-20-55,1559254855,12.26762342453003,12.26762342453003,21980,steropes,169.229.49.254,"{'starting_lr': 0.0001, 'momentum': 0.997, 'weight_decay': 0.001, 'steps_per_iteration': None, 'pin': False, 'model_creator': None, 'target_batch_size': 1024, 'model_string': 'resnet18', 'min_batch_size': 512, 'dataset': 'CIFAR', 'placement': None, 'use_nccl': True, 'devices_per_worker': 1, 'primary_resource': 'extra_gpu', 'gpu': False, 'verbose': False, 'lr_config': {'mode': 'log', 'steps': 5, 'initial_lr': 0.0001, 'target_lr': 0.0001}, 'batch_per_device': 1024}",12.26762342453003,0,1,4890.890079226716,1
0.01035306453704834,0.1323246955871582,0.006534481048583984,0.03152571892251774,0.02346470355987549,nan,0.0,0.05525388717651367,0.26729997992515564,2.0773235134124755,-0.26729997992515564,nan,0.0,nan,0.0,nan,0.0,0.21927998960018158,2.431885303878784,nan,0.0,nan,0.0,60000,1,False,,,2,-2.0773235134124755,ef218598e2f5435b9b16dfb2e471ac8b,2019-05-30_15-21-03,1559254863,8.099469423294067,20.367092847824097,21980,steropes,169.229.49.254,"{'starting_lr': 0.0001, 'momentum': 0.997, 'weight_decay': 0.001, 'steps_per_iteration': None, 'pin': False, 'model_creator': None, 'target_batch_size': 1024, 'model_string': 'resnet18', 'min_batch_size': 512, 'dataset': 'CIFAR', 'placement': None, 'use_nccl': True, 'devices_per_worker': 1, 'primary_resource': 'extra_gpu', 'gpu': False, 'verbose': False, 'lr_config': {'mode': 'log', 'steps': 5, 'initial_lr': 0.0001, 'target_lr': 0.0001}, 'batch_per_device': 1024}",20.367092847824097,0,2,5891.812102041346,1
0.007793498039245605,0.1540681838989258,0.006427335739135742,0.03441920085829132,0.029656624794006346,nan,0.0,0.058843684196472165,0.29829999804496765,1.970572176361084,-0.29829999804496765,nan,0.0,nan,0.0,nan,0.0,0.26467999815940857,2.0596589566040038,nan,0.0,nan,0.0,60000,1,False,,,3,-1.970572176361084,ef218598e2f5435b9b16dfb2e471ac8b,2019-05-30_15-21-11,1559254871,8.346951961517334,28.71404480934143,21980,steropes,169.229.49.254,"{'starting_lr': 0.0001, 'momentum': 0.997, 'weight_decay': 0.001, 'steps_per_iteration': None, 'pin': False, 'model_creator': None, 'target_batch_size': 1024, 'model_string': 'resnet18', 'min_batch_size': 512, 'dataset': 'CIFAR', 'placement': None, 'use_nccl': True, 'devices_per_worker': 1, 'primary_resource': 'extra_gpu', 'gpu': False, 'verbose': False, 'lr_config': {'mode': 'log', 'steps': 5, 'initial_lr': 0.0001, 'target_lr': 0.0001}, 'batch_per_device': 1024}",28.71404480934143,0,3,6268.659289151417,1
0.007914972305297852,0.12473292350769043,0.006064128875732422,0.024760713382643098,0.02730269432067871,nan,0.0,0.047074103355407716,0.335999995470047,1.8178233963012695,-0.335999995470047,nan,0.0,nan,0.0,nan,0.0,0.3069799840450287,1.9167877809906007,nan,0.0,nan,0.0,60000,1,False,,,4,-1.8178233963012695,ef218598e2f5435b9b16dfb2e471ac8b,2019-05-30_15-21-19,1559254879,7.829996824264526,36.54404163360596,21980,steropes,169.229.49.254,"{'starting_lr': 0.0001, 'momentum': 0.997, 'weight_decay': 0.001, 'steps_per_iteration': None, 'pin': False, 'model_creator': None, 'target_batch_size': 1024, 'model_string': 'resnet18', 'min_batch_size': 512, 'dataset': 'CIFAR', 'placement': None, 'use_nccl': True, 'devices_per_worker': 1, 'primary_resource': 'extra_gpu', 'gpu': False, 'verbose': False, 'lr_config': {'mode': 'log', 'steps': 5, 'initial_lr': 0.0001, 'target_lr': 0.0001}, 'batch_per_device': 1024}",36.54404163360596,0,4,6567.363629287372,1
0.008789968490600587,0.1299917459487915,0.006308269500732422,0.03440213689998704,0.03438789844512939,nan,0.0,0.05825018882751465,0.3789999783039093,1.7007824850082398,-0.3789999783039093,nan,0.0,nan,0.0,nan,0.0,0.33249998092651367,1.8133549530029296,nan,0.0,nan,0.0,60000,1,False,,,5,-1.7007824850082398,ef218598e2f5435b9b16dfb2e471ac8b,2019-05-30_15-21-27,1559254887,8.152092933654785,44.69613456726074,21980,steropes,169.229.49.254,"{'starting_lr': 0.0001, 'momentum': 0.997, 'weight_decay': 0.001, 'steps_per_iteration': None, 'pin': False, 'model_creator': None, 'target_batch_size': 1024, 'model_string': 'resnet18', 'min_batch_size': 512, 'dataset': 'CIFAR', 'placement': None, 'use_nccl': True, 'devices_per_worker': 1, 'primary_resource': 'extra_gpu', 'gpu': False, 'verbose': False, 'lr_config': {'mode': 'log', 'steps': 5, 'initial_lr': 0.0001, 'target_lr': 0.0001}, 'batch_per_device': 1024}",44.69613456726074,0,5,6711.933139396955,1
0.009395432472229005,0.13298017978668214,0.009248590469360352,0.027935485450588927,0.030053019523620605,nan,0.0,0.05412435531616211,0.3856000006198883,1.6806888439178467,-0.3856000006198883,nan,0.0,nan,0.0,nan,0.0,0.36545997858047485,1.7217158612823487,nan,0.0,nan,0.0,60000,1,False,,,6,-1.6806888439178467,ef218598e2f5435b9b16dfb2e471ac8b,2019-05-30_15-21-35,1559254895,7.974558591842651,52.670693159103394,21980,steropes,169.229.49.254,"{'starting_lr': 0.0001, 'momentum': 0.997, 'weight_decay': 0.001, 'steps_per_iteration': None, 'pin': False, 'model_creator': None, 'target_batch_size': 1024, 'model_string': 'resnet18', 'min_batch_size': 512, 'dataset': 'CIFAR', 'placement': None, 'use_nccl': True, 'devices_per_worker': 1, 'primary_resource': 'extra_gpu', 'gpu': False, 'verbose': False, 'lr_config': {'mode': 'log', 'steps': 5, 'initial_lr': 0.0001, 'target_lr': 0.0001}, 'batch_per_device': 1024}",52.670693159103394,0,6,7425.110205946428,1
0.00741734504699707,0.13972680568695067,0.007120776176452637,0.025782750577342754,0.022871112823486327,nan,0.0,0.055443835258483884,0.4194999933242798,1.5770222064971924,-0.4194999933242798,nan,0.0,nan,0.0,nan,0.0,0.39187997579574585,1.6470758963775636,nan,0.0,nan,0.0,60000,1,False,,,7,-1.5770222064971924,ef218598e2f5435b9b16dfb2e471ac8b,2019-05-30_15-21-43,1559254903,7.8258302211761475,60.49652338027954,21980,steropes,169.229.49.254,"{'starting_lr': 0.0001, 'momentum': 0.997, 'weight_decay': 0.001, 'steps_per_iteration': None, 'pin': False, 'model_creator': None, 'target_batch_size': 1024, 'model_string': 'resnet18', 'min_batch_size': 512, 'dataset': 'CIFAR', 'placement': None, 'use_nccl': True, 'devices_per_worker': 1, 'primary_resource': 'extra_gpu', 'gpu': False, 'verbose': False, 'lr_config': {'mode': 'log', 'steps': 5, 'initial_lr': 0.0001, 'target_lr': 0.0001}, 'batch_per_device': 1024}",60.49652338027954,0,7,7475.740227480708,1
0.009653592109680175,0.13593273162841796,0.006718349456787109,0.027865254149145008,0.024594950675964355,nan,0.0,0.04654319286346435,0.4180999994277954,1.5647978778839111,-0.4180999994277954,nan,0.0,nan,0.0,nan,0.0,0.4056199789047241,1.5952504077529908,nan,0.0,nan,0.0,60000,1,False,,,8,-1.5647978778839111,ef218598e2f5435b9b16dfb2e471ac8b,2019-05-30_15-21-51,1559254911,7.922839641571045,68.41936302185059,21980,steropes,169.229.49.254,"{'starting_lr': 0.0001, 'momentum': 0.997, 'weight_decay': 0.001, 'steps_per_iteration': None, 'pin': False, 'model_creator': None, 'target_batch_size': 1024, 'model_string': 'resnet18', 'min_batch_size': 512, 'dataset': 'CIFAR', 'placement': None, 'use_nccl': True, 'devices_per_worker': 1, 'primary_resource': 'extra_gpu', 'gpu': False, 'verbose': False, 'lr_config': {'mode': 'log', 'steps': 5, 'initial_lr': 0.0001, 'target_lr': 0.0001}, 'batch_per_device': 1024}",68.41936302185059,0,8,7555.579064367781,1
0.007506346702575684,0.130718994140625,0.008100461959838868,0.02998963667421925,0.03988716602325439,nan,0.0,0.06236531734466553,0.4448999762535095,1.4990803228378295,-0.4448999762535095,nan,0.0,nan,0.0,nan,0.0,0.4245399832725525,1.5485496728897095,nan,0.0,nan,0.0,60000,1,False,,,9,-1.4990803228378295,ef218598e2f5435b9b16dfb2e471ac8b,2019-05-30_15-21-59,1559254919,7.9825098514556885,76.40187287330627,21980,steropes,169.229.49.254,"{'starting_lr': 0.0001, 'momentum': 0.997, 'weight_decay': 0.001, 'steps_per_iteration': None, 'pin': False, 'model_creator': None, 'target_batch_size': 1024, 'model_string': 'resnet18', 'min_batch_size': 512, 'dataset': 'CIFAR', 'placement': None, 'use_nccl': True, 'devices_per_worker': 1, 'primary_resource': 'extra_gpu', 'gpu': False, 'verbose': False, 'lr_config': {'mode': 'log', 'steps': 5, 'initial_lr': 0.0001, 'target_lr': 0.0001}, 'batch_per_device': 1024}",76.40187287330627,0,9,7526.668387470215,1
0.009036421775817871,0.13315196037292482,0.007697510719299317,0.02622044816309092,0.03562796115875244,nan,0.0,0.058466434478759766,0.4708999991416931,1.4484804105758666,-0.4708999991416931,nan,0.0,nan,0.0,nan,0.0,0.44411998987197876,1.5064018946838378,nan,0.0,nan,0.0,60000,1,False,,,10,-1.4484804105758666,ef218598e2f5435b9b16dfb2e471ac8b,2019-05-30_15-22-07,1559254927,7.974097967147827,84.3759708404541,21980,steropes,169.229.49.254,"{'starting_lr': 0.0001, 'momentum': 0.997, 'weight_decay': 0.001, 'steps_per_iteration': None, 'pin': False, 'model_creator': None, 'target_batch_size': 1024, 'model_string': 'resnet18', 'min_batch_size': 512, 'dataset': 'CIFAR', 'placement': None, 'use_nccl': True, 'devices_per_worker': 1, 'primary_resource': 'extra_gpu', 'gpu': False, 'verbose': False, 'lr_config': {'mode': 'log', 'steps': 5, 'initial_lr': 0.0001, 'target_lr': 0.0001}, 'batch_per_device': 1024}",84.3759708404541,0,10,7560.431526228551,1
0.00918271541595459,0.14801466464996338,0.006954288482666016,0.030893077655714387,0.026139259338378906,nan,0.0,0.049076294898986815,0.4958999752998352,1.3972721311569214,-0.4958999752998352,nan,0.0,nan,0.0,nan,0.0,0.4569999873638153,1.4727413748168945,nan,0.0,nan,0.0,60000,1,False,,,11,-1.3972721311569214,ef218598e2f5435b9b16dfb2e471ac8b,2019-05-30_15-22-15,1559254935,8.026357173919678,92.40232801437378,21980,steropes,169.229.49.254,"{'starting_lr': 0.0001, 'momentum': 0.997, 'weight_decay': 0.001, 'steps_per_iteration': None, 'pin': False, 'model_creator': None, 'target_batch_size': 1024, 'model_string': 'resnet18', 'min_batch_size': 512, 'dataset': 'CIFAR', 'placement': None, 'use_nccl': True, 'devices_per_worker': 1, 'primary_resource': 'extra_gpu', 'gpu': False, 'verbose': False, 'lr_config': {'mode': 'log', 'steps': 5, 'initial_lr': 0.0001, 'target_lr': 0.0001}, 'batch_per_device': 1024}",92.40232801437378,0,11,7550.560923950774,1
0.008791947364807129,0.13847811222076417,0.0055271625518798825,0.03672758900389379,0.022133493423461915,nan,0.0,0.04596467018127441,0.495199978351593,1.3895796529769897,-0.495199978351593,nan,0.0,nan,0.0,nan,0.0,0.4691999852657318,1.4471144180297852,nan,0.0,nan,0.0,60000,1,True,,,12,-1.3895796529769897,ef218598e2f5435b9b16dfb2e471ac8b,2019-05-30_15-22-23,1559254943,7.976516962051392,100.37884497642517,21980,steropes,169.229.49.254,"{'starting_lr': 0.0001, 'momentum': 0.997, 'weight_decay': 0.001, 'steps_per_iteration': None, 'pin': False, 'model_creator': None, 'target_batch_size': 1024, 'model_string': 'resnet18', 'min_batch_size': 512, 'dataset': 'CIFAR', 'placement': None, 'use_nccl': True, 'devices_per_worker': 1, 'primary_resource': 'extra_gpu', 'gpu': False, 'verbose': False, 'lr_config': {'mode': 'log', 'steps': 5, 'initial_lr': 0.0001, 'target_lr': 0.0001}, 'batch_per_device': 1024}",100.37884497642517,0,12,7522.033531156088,1
