{"apply": 0.00793299674987793, "batch_time": 0.19188902378082276, "d2h": 0.006644845008850098, "data_time": 0.03742264241588359, "fwd": 0.07951438426971436, "get_state_time_mean": NaN, "get_state_time_total": 0.0, "grad": 0.1873605489730835, "mean_accuracy": 0.1776999980211258, "mean_loss": 3.65038459815979, "neg_mean_accuracy": -0.1776999980211258, "set_state_time_mean": NaN, "set_state_time_total": 0.0, "setup_model_time_mean": 11.807170152664185, "setup_model_time_total": 11.807170152664185, "setup_proc_time_mean": 0.2924654483795166, "setup_proc_time_total": 0.2924654483795166, "train_accuracy": 0.07813999801874161, "train_loss": 5.929975807113648, "training_time_mean": NaN, "training_time_total": 0.0, "validation_time_mean": NaN, "validation_time_total": 0.0, "samples": 60000, "num_workers": 1, "done": false, "timesteps_total": null, "episodes_total": null, "training_iteration": 1, "neg_mean_loss": -3.65038459815979, "experiment_id": "ef218598e2f5435b9b16dfb2e471ac8b", "date": "2019-05-30_15-20-55", "timestamp": 1559254855, "time_this_iter_s": 12.26762342453003, "time_total_s": 12.26762342453003, "pid": 21980, "hostname": "steropes", "node_ip": "169.229.49.254", "config": {"starting_lr": 0.0001, "momentum": 0.997, "weight_decay": 0.001, "steps_per_iteration": null, "pin": false, "model_creator": null, "target_batch_size": 1024, "model_string": "resnet18", "min_batch_size": 512, "dataset": "CIFAR", "placement": null, "use_nccl": true, "devices_per_worker": 1, "primary_resource": "extra_gpu", "gpu": false, "verbose": false, "lr_config": {"mode": "log", "steps": 5, "initial_lr": 0.0001, "target_lr": 0.0001}, "batch_per_device": 1024}, "time_since_restore": 12.26762342453003, "timesteps_since_restore": 0, "iterations_since_restore": 1, "mean_throughput": 4890.890079226716, "atoms": 1}
{"apply": 0.01035306453704834, "batch_time": 0.1323246955871582, "d2h": 0.006534481048583984, "data_time": 0.03152571892251774, "fwd": 0.02346470355987549, "get_state_time_mean": NaN, "get_state_time_total": 0.0, "grad": 0.05525388717651367, "mean_accuracy": 0.26729997992515564, "mean_loss": 2.0773235134124755, "neg_mean_accuracy": -0.26729997992515564, "set_state_time_mean": NaN, "set_state_time_total": 0.0, "setup_model_time_mean": NaN, "setup_model_time_total": 0.0, "setup_proc_time_mean": NaN, "setup_proc_time_total": 0.0, "train_accuracy": 0.21927998960018158, "train_loss": 2.431885303878784, "training_time_mean": NaN, "training_time_total": 0.0, "validation_time_mean": NaN, "validation_time_total": 0.0, "samples": 60000, "num_workers": 1, "done": false, "timesteps_total": null, "episodes_total": null, "training_iteration": 2, "neg_mean_loss": -2.0773235134124755, "experiment_id": "ef218598e2f5435b9b16dfb2e471ac8b", "date": "2019-05-30_15-21-03", "timestamp": 1559254863, "time_this_iter_s": 8.099469423294067, "time_total_s": 20.367092847824097, "pid": 21980, "hostname": "steropes", "node_ip": "169.229.49.254", "config": {"starting_lr": 0.0001, "momentum": 0.997, "weight_decay": 0.001, "steps_per_iteration": null, "pin": false, "model_creator": null, "target_batch_size": 1024, "model_string": "resnet18", "min_batch_size": 512, "dataset": "CIFAR", "placement": null, "use_nccl": true, "devices_per_worker": 1, "primary_resource": "extra_gpu", "gpu": false, "verbose": false, "lr_config": {"mode": "log", "steps": 5, "initial_lr": 0.0001, "target_lr": 0.0001}, "batch_per_device": 1024}, "time_since_restore": 20.367092847824097, "timesteps_since_restore": 0, "iterations_since_restore": 2, "mean_throughput": 5891.812102041346, "atoms": 1}
{"apply": 0.007793498039245605, "batch_time": 0.1540681838989258, "d2h": 0.006427335739135742, "data_time": 0.03441920085829132, "fwd": 0.029656624794006346, "get_state_time_mean": NaN, "get_state_time_total": 0.0, "grad": 0.058843684196472165, "mean_accuracy": 0.29829999804496765, "mean_loss": 1.970572176361084, "neg_mean_accuracy": -0.29829999804496765, "set_state_time_mean": NaN, "set_state_time_total": 0.0, "setup_model_time_mean": NaN, "setup_model_time_total": 0.0, "setup_proc_time_mean": NaN, "setup_proc_time_total": 0.0, "train_accuracy": 0.26467999815940857, "train_loss": 2.0596589566040038, "training_time_mean": NaN, "training_time_total": 0.0, "validation_time_mean": NaN, "validation_time_total": 0.0, "samples": 60000, "num_workers": 1, "done": false, "timesteps_total": null, "episodes_total": null, "training_iteration": 3, "neg_mean_loss": -1.970572176361084, "experiment_id": "ef218598e2f5435b9b16dfb2e471ac8b", "date": "2019-05-30_15-21-11", "timestamp": 1559254871, "time_this_iter_s": 8.346951961517334, "time_total_s": 28.71404480934143, "pid": 21980, "hostname": "steropes", "node_ip": "169.229.49.254", "config": {"starting_lr": 0.0001, "momentum": 0.997, "weight_decay": 0.001, "steps_per_iteration": null, "pin": false, "model_creator": null, "target_batch_size": 1024, "model_string": "resnet18", "min_batch_size": 512, "dataset": "CIFAR", "placement": null, "use_nccl": true, "devices_per_worker": 1, "primary_resource": "extra_gpu", "gpu": false, "verbose": false, "lr_config": {"mode": "log", "steps": 5, "initial_lr": 0.0001, "target_lr": 0.0001}, "batch_per_device": 1024}, "time_since_restore": 28.71404480934143, "timesteps_since_restore": 0, "iterations_since_restore": 3, "mean_throughput": 6268.659289151417, "atoms": 1}
{"apply": 0.007914972305297852, "batch_time": 0.12473292350769043, "d2h": 0.006064128875732422, "data_time": 0.024760713382643098, "fwd": 0.02730269432067871, "get_state_time_mean": NaN, "get_state_time_total": 0.0, "grad": 0.047074103355407716, "mean_accuracy": 0.335999995470047, "mean_loss": 1.8178233963012695, "neg_mean_accuracy": -0.335999995470047, "set_state_time_mean": NaN, "set_state_time_total": 0.0, "setup_model_time_mean": NaN, "setup_model_time_total": 0.0, "setup_proc_time_mean": NaN, "setup_proc_time_total": 0.0, "train_accuracy": 0.3069799840450287, "train_loss": 1.9167877809906007, "training_time_mean": NaN, "training_time_total": 0.0, "validation_time_mean": NaN, "validation_time_total": 0.0, "samples": 60000, "num_workers": 1, "done": false, "timesteps_total": null, "episodes_total": null, "training_iteration": 4, "neg_mean_loss": -1.8178233963012695, "experiment_id": "ef218598e2f5435b9b16dfb2e471ac8b", "date": "2019-05-30_15-21-19", "timestamp": 1559254879, "time_this_iter_s": 7.829996824264526, "time_total_s": 36.54404163360596, "pid": 21980, "hostname": "steropes", "node_ip": "169.229.49.254", "config": {"starting_lr": 0.0001, "momentum": 0.997, "weight_decay": 0.001, "steps_per_iteration": null, "pin": false, "model_creator": null, "target_batch_size": 1024, "model_string": "resnet18", "min_batch_size": 512, "dataset": "CIFAR", "placement": null, "use_nccl": true, "devices_per_worker": 1, "primary_resource": "extra_gpu", "gpu": false, "verbose": false, "lr_config": {"mode": "log", "steps": 5, "initial_lr": 0.0001, "target_lr": 0.0001}, "batch_per_device": 1024}, "time_since_restore": 36.54404163360596, "timesteps_since_restore": 0, "iterations_since_restore": 4, "mean_throughput": 6567.363629287372, "atoms": 1}
{"apply": 0.008789968490600587, "batch_time": 0.1299917459487915, "d2h": 0.006308269500732422, "data_time": 0.03440213689998704, "fwd": 0.03438789844512939, "get_state_time_mean": NaN, "get_state_time_total": 0.0, "grad": 0.05825018882751465, "mean_accuracy": 0.3789999783039093, "mean_loss": 1.7007824850082398, "neg_mean_accuracy": -0.3789999783039093, "set_state_time_mean": NaN, "set_state_time_total": 0.0, "setup_model_time_mean": NaN, "setup_model_time_total": 0.0, "setup_proc_time_mean": NaN, "setup_proc_time_total": 0.0, "train_accuracy": 0.33249998092651367, "train_loss": 1.8133549530029296, "training_time_mean": NaN, "training_time_total": 0.0, "validation_time_mean": NaN, "validation_time_total": 0.0, "samples": 60000, "num_workers": 1, "done": false, "timesteps_total": null, "episodes_total": null, "training_iteration": 5, "neg_mean_loss": -1.7007824850082398, "experiment_id": "ef218598e2f5435b9b16dfb2e471ac8b", "date": "2019-05-30_15-21-27", "timestamp": 1559254887, "time_this_iter_s": 8.152092933654785, "time_total_s": 44.69613456726074, "pid": 21980, "hostname": "steropes", "node_ip": "169.229.49.254", "config": {"starting_lr": 0.0001, "momentum": 0.997, "weight_decay": 0.001, "steps_per_iteration": null, "pin": false, "model_creator": null, "target_batch_size": 1024, "model_string": "resnet18", "min_batch_size": 512, "dataset": "CIFAR", "placement": null, "use_nccl": true, "devices_per_worker": 1, "primary_resource": "extra_gpu", "gpu": false, "verbose": false, "lr_config": {"mode": "log", "steps": 5, "initial_lr": 0.0001, "target_lr": 0.0001}, "batch_per_device": 1024}, "time_since_restore": 44.69613456726074, "timesteps_since_restore": 0, "iterations_since_restore": 5, "mean_throughput": 6711.933139396955, "atoms": 1}
{"apply": 0.009395432472229005, "batch_time": 0.13298017978668214, "d2h": 0.009248590469360352, "data_time": 0.027935485450588927, "fwd": 0.030053019523620605, "get_state_time_mean": NaN, "get_state_time_total": 0.0, "grad": 0.05412435531616211, "mean_accuracy": 0.3856000006198883, "mean_loss": 1.6806888439178467, "neg_mean_accuracy": -0.3856000006198883, "set_state_time_mean": NaN, "set_state_time_total": 0.0, "setup_model_time_mean": NaN, "setup_model_time_total": 0.0, "setup_proc_time_mean": NaN, "setup_proc_time_total": 0.0, "train_accuracy": 0.36545997858047485, "train_loss": 1.7217158612823487, "training_time_mean": NaN, "training_time_total": 0.0, "validation_time_mean": NaN, "validation_time_total": 0.0, "samples": 60000, "num_workers": 1, "done": false, "timesteps_total": null, "episodes_total": null, "training_iteration": 6, "neg_mean_loss": -1.6806888439178467, "experiment_id": "ef218598e2f5435b9b16dfb2e471ac8b", "date": "2019-05-30_15-21-35", "timestamp": 1559254895, "time_this_iter_s": 7.974558591842651, "time_total_s": 52.670693159103394, "pid": 21980, "hostname": "steropes", "node_ip": "169.229.49.254", "config": {"starting_lr": 0.0001, "momentum": 0.997, "weight_decay": 0.001, "steps_per_iteration": null, "pin": false, "model_creator": null, "target_batch_size": 1024, "model_string": "resnet18", "min_batch_size": 512, "dataset": "CIFAR", "placement": null, "use_nccl": true, "devices_per_worker": 1, "primary_resource": "extra_gpu", "gpu": false, "verbose": false, "lr_config": {"mode": "log", "steps": 5, "initial_lr": 0.0001, "target_lr": 0.0001}, "batch_per_device": 1024}, "time_since_restore": 52.670693159103394, "timesteps_since_restore": 0, "iterations_since_restore": 6, "mean_throughput": 7425.110205946428, "atoms": 1}
{"apply": 0.00741734504699707, "batch_time": 0.13972680568695067, "d2h": 0.007120776176452637, "data_time": 0.025782750577342754, "fwd": 0.022871112823486327, "get_state_time_mean": NaN, "get_state_time_total": 0.0, "grad": 0.055443835258483884, "mean_accuracy": 0.4194999933242798, "mean_loss": 1.5770222064971924, "neg_mean_accuracy": -0.4194999933242798, "set_state_time_mean": NaN, "set_state_time_total": 0.0, "setup_model_time_mean": NaN, "setup_model_time_total": 0.0, "setup_proc_time_mean": NaN, "setup_proc_time_total": 0.0, "train_accuracy": 0.39187997579574585, "train_loss": 1.6470758963775636, "training_time_mean": NaN, "training_time_total": 0.0, "validation_time_mean": NaN, "validation_time_total": 0.0, "samples": 60000, "num_workers": 1, "done": false, "timesteps_total": null, "episodes_total": null, "training_iteration": 7, "neg_mean_loss": -1.5770222064971924, "experiment_id": "ef218598e2f5435b9b16dfb2e471ac8b", "date": "2019-05-30_15-21-43", "timestamp": 1559254903, "time_this_iter_s": 7.8258302211761475, "time_total_s": 60.49652338027954, "pid": 21980, "hostname": "steropes", "node_ip": "169.229.49.254", "config": {"starting_lr": 0.0001, "momentum": 0.997, "weight_decay": 0.001, "steps_per_iteration": null, "pin": false, "model_creator": null, "target_batch_size": 1024, "model_string": "resnet18", "min_batch_size": 512, "dataset": "CIFAR", "placement": null, "use_nccl": true, "devices_per_worker": 1, "primary_resource": "extra_gpu", "gpu": false, "verbose": false, "lr_config": {"mode": "log", "steps": 5, "initial_lr": 0.0001, "target_lr": 0.0001}, "batch_per_device": 1024}, "time_since_restore": 60.49652338027954, "timesteps_since_restore": 0, "iterations_since_restore": 7, "mean_throughput": 7475.740227480708, "atoms": 1}
{"apply": 0.009653592109680175, "batch_time": 0.13593273162841796, "d2h": 0.006718349456787109, "data_time": 0.027865254149145008, "fwd": 0.024594950675964355, "get_state_time_mean": NaN, "get_state_time_total": 0.0, "grad": 0.04654319286346435, "mean_accuracy": 0.4180999994277954, "mean_loss": 1.5647978778839111, "neg_mean_accuracy": -0.4180999994277954, "set_state_time_mean": NaN, "set_state_time_total": 0.0, "setup_model_time_mean": NaN, "setup_model_time_total": 0.0, "setup_proc_time_mean": NaN, "setup_proc_time_total": 0.0, "train_accuracy": 0.4056199789047241, "train_loss": 1.5952504077529908, "training_time_mean": NaN, "training_time_total": 0.0, "validation_time_mean": NaN, "validation_time_total": 0.0, "samples": 60000, "num_workers": 1, "done": false, "timesteps_total": null, "episodes_total": null, "training_iteration": 8, "neg_mean_loss": -1.5647978778839111, "experiment_id": "ef218598e2f5435b9b16dfb2e471ac8b", "date": "2019-05-30_15-21-51", "timestamp": 1559254911, "time_this_iter_s": 7.922839641571045, "time_total_s": 68.41936302185059, "pid": 21980, "hostname": "steropes", "node_ip": "169.229.49.254", "config": {"starting_lr": 0.0001, "momentum": 0.997, "weight_decay": 0.001, "steps_per_iteration": null, "pin": false, "model_creator": null, "target_batch_size": 1024, "model_string": "resnet18", "min_batch_size": 512, "dataset": "CIFAR", "placement": null, "use_nccl": true, "devices_per_worker": 1, "primary_resource": "extra_gpu", "gpu": false, "verbose": false, "lr_config": {"mode": "log", "steps": 5, "initial_lr": 0.0001, "target_lr": 0.0001}, "batch_per_device": 1024}, "time_since_restore": 68.41936302185059, "timesteps_since_restore": 0, "iterations_since_restore": 8, "mean_throughput": 7555.579064367781, "atoms": 1}
{"apply": 0.007506346702575684, "batch_time": 0.130718994140625, "d2h": 0.008100461959838868, "data_time": 0.02998963667421925, "fwd": 0.03988716602325439, "get_state_time_mean": NaN, "get_state_time_total": 0.0, "grad": 0.06236531734466553, "mean_accuracy": 0.4448999762535095, "mean_loss": 1.4990803228378295, "neg_mean_accuracy": -0.4448999762535095, "set_state_time_mean": NaN, "set_state_time_total": 0.0, "setup_model_time_mean": NaN, "setup_model_time_total": 0.0, "setup_proc_time_mean": NaN, "setup_proc_time_total": 0.0, "train_accuracy": 0.4245399832725525, "train_loss": 1.5485496728897095, "training_time_mean": NaN, "training_time_total": 0.0, "validation_time_mean": NaN, "validation_time_total": 0.0, "samples": 60000, "num_workers": 1, "done": false, "timesteps_total": null, "episodes_total": null, "training_iteration": 9, "neg_mean_loss": -1.4990803228378295, "experiment_id": "ef218598e2f5435b9b16dfb2e471ac8b", "date": "2019-05-30_15-21-59", "timestamp": 1559254919, "time_this_iter_s": 7.9825098514556885, "time_total_s": 76.40187287330627, "pid": 21980, "hostname": "steropes", "node_ip": "169.229.49.254", "config": {"starting_lr": 0.0001, "momentum": 0.997, "weight_decay": 0.001, "steps_per_iteration": null, "pin": false, "model_creator": null, "target_batch_size": 1024, "model_string": "resnet18", "min_batch_size": 512, "dataset": "CIFAR", "placement": null, "use_nccl": true, "devices_per_worker": 1, "primary_resource": "extra_gpu", "gpu": false, "verbose": false, "lr_config": {"mode": "log", "steps": 5, "initial_lr": 0.0001, "target_lr": 0.0001}, "batch_per_device": 1024}, "time_since_restore": 76.40187287330627, "timesteps_since_restore": 0, "iterations_since_restore": 9, "mean_throughput": 7526.668387470215, "atoms": 1}
{"apply": 0.009036421775817871, "batch_time": 0.13315196037292482, "d2h": 0.007697510719299317, "data_time": 0.02622044816309092, "fwd": 0.03562796115875244, "get_state_time_mean": NaN, "get_state_time_total": 0.0, "grad": 0.058466434478759766, "mean_accuracy": 0.4708999991416931, "mean_loss": 1.4484804105758666, "neg_mean_accuracy": -0.4708999991416931, "set_state_time_mean": NaN, "set_state_time_total": 0.0, "setup_model_time_mean": NaN, "setup_model_time_total": 0.0, "setup_proc_time_mean": NaN, "setup_proc_time_total": 0.0, "train_accuracy": 0.44411998987197876, "train_loss": 1.5064018946838378, "training_time_mean": NaN, "training_time_total": 0.0, "validation_time_mean": NaN, "validation_time_total": 0.0, "samples": 60000, "num_workers": 1, "done": false, "timesteps_total": null, "episodes_total": null, "training_iteration": 10, "neg_mean_loss": -1.4484804105758666, "experiment_id": "ef218598e2f5435b9b16dfb2e471ac8b", "date": "2019-05-30_15-22-07", "timestamp": 1559254927, "time_this_iter_s": 7.974097967147827, "time_total_s": 84.3759708404541, "pid": 21980, "hostname": "steropes", "node_ip": "169.229.49.254", "config": {"starting_lr": 0.0001, "momentum": 0.997, "weight_decay": 0.001, "steps_per_iteration": null, "pin": false, "model_creator": null, "target_batch_size": 1024, "model_string": "resnet18", "min_batch_size": 512, "dataset": "CIFAR", "placement": null, "use_nccl": true, "devices_per_worker": 1, "primary_resource": "extra_gpu", "gpu": false, "verbose": false, "lr_config": {"mode": "log", "steps": 5, "initial_lr": 0.0001, "target_lr": 0.0001}, "batch_per_device": 1024}, "time_since_restore": 84.3759708404541, "timesteps_since_restore": 0, "iterations_since_restore": 10, "mean_throughput": 7560.431526228551, "atoms": 1}
{"apply": 0.00918271541595459, "batch_time": 0.14801466464996338, "d2h": 0.006954288482666016, "data_time": 0.030893077655714387, "fwd": 0.026139259338378906, "get_state_time_mean": NaN, "get_state_time_total": 0.0, "grad": 0.049076294898986815, "mean_accuracy": 0.4958999752998352, "mean_loss": 1.3972721311569214, "neg_mean_accuracy": -0.4958999752998352, "set_state_time_mean": NaN, "set_state_time_total": 0.0, "setup_model_time_mean": NaN, "setup_model_time_total": 0.0, "setup_proc_time_mean": NaN, "setup_proc_time_total": 0.0, "train_accuracy": 0.4569999873638153, "train_loss": 1.4727413748168945, "training_time_mean": NaN, "training_time_total": 0.0, "validation_time_mean": NaN, "validation_time_total": 0.0, "samples": 60000, "num_workers": 1, "done": false, "timesteps_total": null, "episodes_total": null, "training_iteration": 11, "neg_mean_loss": -1.3972721311569214, "experiment_id": "ef218598e2f5435b9b16dfb2e471ac8b", "date": "2019-05-30_15-22-15", "timestamp": 1559254935, "time_this_iter_s": 8.026357173919678, "time_total_s": 92.40232801437378, "pid": 21980, "hostname": "steropes", "node_ip": "169.229.49.254", "config": {"starting_lr": 0.0001, "momentum": 0.997, "weight_decay": 0.001, "steps_per_iteration": null, "pin": false, "model_creator": null, "target_batch_size": 1024, "model_string": "resnet18", "min_batch_size": 512, "dataset": "CIFAR", "placement": null, "use_nccl": true, "devices_per_worker": 1, "primary_resource": "extra_gpu", "gpu": false, "verbose": false, "lr_config": {"mode": "log", "steps": 5, "initial_lr": 0.0001, "target_lr": 0.0001}, "batch_per_device": 1024}, "time_since_restore": 92.40232801437378, "timesteps_since_restore": 0, "iterations_since_restore": 11, "mean_throughput": 7550.560923950774, "atoms": 1}
{"apply": 0.008791947364807129, "batch_time": 0.13847811222076417, "d2h": 0.0055271625518798825, "data_time": 0.03672758900389379, "fwd": 0.022133493423461915, "get_state_time_mean": NaN, "get_state_time_total": 0.0, "grad": 0.04596467018127441, "mean_accuracy": 0.495199978351593, "mean_loss": 1.3895796529769897, "neg_mean_accuracy": -0.495199978351593, "set_state_time_mean": NaN, "set_state_time_total": 0.0, "setup_model_time_mean": NaN, "setup_model_time_total": 0.0, "setup_proc_time_mean": NaN, "setup_proc_time_total": 0.0, "train_accuracy": 0.4691999852657318, "train_loss": 1.4471144180297852, "training_time_mean": NaN, "training_time_total": 0.0, "validation_time_mean": NaN, "validation_time_total": 0.0, "samples": 60000, "num_workers": 1, "done": true, "timesteps_total": null, "episodes_total": null, "training_iteration": 12, "neg_mean_loss": -1.3895796529769897, "experiment_id": "ef218598e2f5435b9b16dfb2e471ac8b", "date": "2019-05-30_15-22-23", "timestamp": 1559254943, "time_this_iter_s": 7.976516962051392, "time_total_s": 100.37884497642517, "pid": 21980, "hostname": "steropes", "node_ip": "169.229.49.254", "config": {"starting_lr": 0.0001, "momentum": 0.997, "weight_decay": 0.001, "steps_per_iteration": null, "pin": false, "model_creator": null, "target_batch_size": 1024, "model_string": "resnet18", "min_batch_size": 512, "dataset": "CIFAR", "placement": null, "use_nccl": true, "devices_per_worker": 1, "primary_resource": "extra_gpu", "gpu": false, "verbose": false, "lr_config": {"mode": "log", "steps": 5, "initial_lr": 0.0001, "target_lr": 0.0001}, "batch_per_device": 1024}, "time_since_restore": 100.37884497642517, "timesteps_since_restore": 0, "iterations_since_restore": 12, "mean_throughput": 7522.033531156088, "atoms": 1}
