{"apply": 0.018019270896911622, "batch_time": 0.04144030884851383, "d2h": 0.000709080696105957, "data_time": 0.0018876367212866273, "fwd": 0.11517436504364013, "get_state_time_mean": NaN, "get_state_time_total": 0.0, "grad": 0.20920250415802003, "mean_accuracy": 0.12049999833106995, "mean_loss": 2.293906484222412, "neg_mean_accuracy": -0.12049999833106995, "set_state_time_mean": NaN, "set_state_time_total": 0.0, "setup_model_time_mean": 8.989089727401733, "setup_model_time_total": 8.989089727401733, "setup_proc_time_mean": 0.13531899452209473, "setup_proc_time_total": 0.13531899452209473, "train_accuracy": 0.10452000051736832, "train_loss": 4.5016899584198, "training_time_mean": NaN, "training_time_total": 0.0, "val_accuracy": 0.12049999833106995, "val_loss": 2.293906484222412, "validation_time_mean": NaN, "validation_time_total": 0.0, "samples": 60000, "num_workers": 1, "done": false, "timesteps_total": null, "episodes_total": null, "training_iteration": 1, "neg_mean_loss": -2.293906484222412, "experiment_id": "3bf62c304ae846d3938d7b5cea5304b2", "date": "2019-06-03_04-40-35", "timestamp": 1559562035, "time_this_iter_s": 47.579917907714844, "time_total_s": 47.579917907714844, "pid": 17445, "hostname": "steropes", "node_ip": "169.229.49.254", "config": {"starting_lr": 0.5, "momentum": 0.95, "weight_decay": 0.0005, "steps_per_iteration": null, "pin": false, "model_creator": null, "target_batch_size": 128, "model_string": "resnet50", "min_batch_size": 128, "dataset": "CIFAR", "placement": null, "use_nccl": true, "devices_per_worker": 1, "primary_resource": "extra_gpu", "gpu": false, "verbose": false, "lr_config": {"mode": "log", "steps": 5, "initial_lr": 0.5, "target_lr": 0.5}, "batch_per_device": 128}, "time_since_restore": 47.579917907714844, "timesteps_since_restore": 0, "iterations_since_restore": 1, "mean_throughput": 1261.0333359044241, "atoms": 1, "setup_time": 9.24624252319336}
{"apply": 0.019025588035583497, "batch_time": 0.03166027612324002, "d2h": 0.0007820844650268555, "data_time": 0.0018344334019419482, "fwd": 0.028993701934814452, "get_state_time_mean": NaN, "get_state_time_total": 0.0, "grad": 0.048576879501342776, "mean_accuracy": 0.18885000050067902, "mean_loss": 2.1234829175949095, "neg_mean_accuracy": -0.2572000026702881, "set_state_time_mean": NaN, "set_state_time_total": 0.0, "setup_model_time_mean": NaN, "setup_model_time_total": 0.0, "setup_proc_time_mean": NaN, "setup_proc_time_total": 0.0, "train_accuracy": 0.18974000215530396, "train_loss": 2.166181774635315, "training_time_mean": NaN, "training_time_total": 0.0, "val_accuracy": 0.2572000026702881, "val_loss": 1.9530593509674072, "validation_time_mean": NaN, "validation_time_total": 0.0, "samples": 60000, "num_workers": 1, "done": false, "timesteps_total": null, "episodes_total": null, "training_iteration": 2, "neg_mean_loss": -2.1234829175949095, "experiment_id": "3bf62c304ae846d3938d7b5cea5304b2", "date": "2019-06-03_04-41-16", "timestamp": 1559562076, "time_this_iter_s": 41.328036069869995, "time_total_s": 88.90795397758484, "pid": 17445, "hostname": "steropes", "node_ip": "169.229.49.254", "config": {"starting_lr": 0.5, "momentum": 0.95, "weight_decay": 0.0005, "steps_per_iteration": null, "pin": false, "model_creator": null, "target_batch_size": 128, "model_string": "resnet50", "min_batch_size": 128, "dataset": "CIFAR", "placement": null, "use_nccl": true, "devices_per_worker": 1, "primary_resource": "extra_gpu", "gpu": false, "verbose": false, "lr_config": {"mode": "log", "steps": 5, "initial_lr": 0.5, "target_lr": 0.5}, "batch_per_device": 128}, "time_since_restore": 88.90795397758484, "timesteps_since_restore": 0, "iterations_since_restore": 2, "mean_throughput": 1349.7076951454737, "atoms": 1, "setup_time": 9.24624252319336}
{"apply": 0.017841148376464843, "batch_time": 0.03221554394009747, "d2h": 0.0008183717727661133, "data_time": 0.0017934583337105754, "fwd": 0.02835233211517334, "get_state_time_mean": NaN, "get_state_time_total": 0.0, "grad": 0.04896531105041504, "mean_accuracy": 0.20379999776681265, "mean_loss": 2.073224856185913, "neg_mean_accuracy": -0.2336999922990799, "set_state_time_mean": NaN, "set_state_time_total": 0.0, "setup_model_time_mean": NaN, "setup_model_time_total": 0.0, "setup_proc_time_mean": NaN, "setup_proc_time_total": 0.0, "train_accuracy": 0.22085998952388763, "train_loss": 2.04053503364563, "training_time_mean": NaN, "training_time_total": 0.0, "val_accuracy": 0.2336999922990799, "val_loss": 1.9727087333679199, "validation_time_mean": NaN, "validation_time_total": 0.0, "samples": 60000, "num_workers": 1, "done": true, "timesteps_total": null, "episodes_total": null, "training_iteration": 3, "neg_mean_loss": -2.073224856185913, "experiment_id": "3bf62c304ae846d3938d7b5cea5304b2", "date": "2019-06-03_04-41-58", "timestamp": 1559562118, "time_this_iter_s": 41.5474898815155, "time_total_s": 130.45544385910034, "pid": 17445, "hostname": "steropes", "node_ip": "169.229.49.254", "config": {"starting_lr": 0.5, "momentum": 0.95, "weight_decay": 0.0005, "steps_per_iteration": null, "pin": false, "model_creator": null, "target_batch_size": 128, "model_string": "resnet50", "min_batch_size": 128, "dataset": "CIFAR", "placement": null, "use_nccl": true, "devices_per_worker": 1, "primary_resource": "extra_gpu", "gpu": false, "verbose": false, "lr_config": {"mode": "log", "steps": 5, "initial_lr": 0.5, "target_lr": 0.5}, "batch_per_device": 128}, "time_since_restore": 130.45544385910034, "timesteps_since_restore": 0, "iterations_since_restore": 3, "mean_throughput": 1379.7786622388141, "atoms": 1, "setup_time": 9.24624252319336}
