apply,batch_time,d2h,data_time,fwd,get_state_time_mean,get_state_time_total,grad,mean_accuracy,mean_loss,neg_mean_accuracy,set_state_time_mean,set_state_time_total,setup_model_time_mean,setup_model_time_total,setup_proc_time_mean,setup_proc_time_total,train_accuracy,train_loss,training_time_mean,training_time_total,validation_time_mean,validation_time_total,samples,num_workers,done,timesteps_total,episodes_total,training_iteration,neg_mean_loss,experiment_id,date,timestamp,time_this_iter_s,time_total_s,pid,hostname,node_ip,config,time_since_restore,timesteps_since_restore,iterations_since_restore,mean_throughput,atoms
0.0073567390441894535,0.19114816188812256,0.0054138898849487305,0.03866496378061723,0.0895765781402588,nan,0.0,0.1470252752304077,0.3237999975681305,1.9165746015548706,-0.3237999975681305,nan,0.0,14.4651358127594,14.4651358127594,1.6613826751708984,1.6613826751708984,0.2612999975681305,2.5694445574188234,nan,0.0,nan,0.0,60000,1,False,,,1,-1.9165746015548706,70ae406c34f3458d804875cb35f6e5a1,2019-05-30_15-17-01,1559254621,11.558276176452637,11.558276176452637,12509,steropes,169.229.49.254,"{'starting_lr': 0.005, 'momentum': 0.997, 'weight_decay': 0.0005, 'steps_per_iteration': None, 'pin': False, 'model_creator': None, 'target_batch_size': 1024, 'model_string': 'resnet18', 'min_batch_size': 512, 'dataset': 'CIFAR', 'placement': None, 'use_nccl': True, 'devices_per_worker': 1, 'primary_resource': 'extra_gpu', 'gpu': False, 'verbose': False, 'lr_config': {'mode': 'log', 'steps': 5, 'initial_lr': 0.005, 'target_lr': 0.005}, 'batch_per_device': 1024}",11.558276176452637,0,1,5191.048783802775,1
0.008766913414001464,0.15484607219696045,0.00459296703338623,0.04684272104380082,0.0211514949798584,nan,0.0,0.04845297336578369,0.4123999774456024,1.6155533731460572,-0.4123999774456024,nan,0.0,nan,0.0,nan,0.0,0.38609999418258667,1.6629109225463867,nan,0.0,nan,0.0,60000,1,False,,,2,-1.6155533731460572,70ae406c34f3458d804875cb35f6e5a1,2019-05-30_15-17-09,1559254629,8.072701930999756,19.630978107452393,12509,steropes,169.229.49.254,"{'starting_lr': 0.005, 'momentum': 0.997, 'weight_decay': 0.0005, 'steps_per_iteration': None, 'pin': False, 'model_creator': None, 'target_batch_size': 1024, 'model_string': 'resnet18', 'min_batch_size': 512, 'dataset': 'CIFAR', 'placement': None, 'use_nccl': True, 'devices_per_worker': 1, 'primary_resource': 'extra_gpu', 'gpu': False, 'verbose': False, 'lr_config': {'mode': 'log', 'steps': 5, 'initial_lr': 0.005, 'target_lr': 0.005}, 'batch_per_device': 1024}",19.630978107452393,0,2,6112.738253722068,1
0.008262944221496583,0.13406944274902344,0.004960894584655762,0.04163530894688198,0.0218381404876709,nan,0.0,0.0424835205078125,0.45249998569488525,1.5799169427871704,-0.45249998569488525,nan,0.0,nan,0.0,nan,0.0,0.4315599799156189,1.542255394859314,nan,0.0,nan,0.0,60000,1,False,,,3,-1.5799169427871704,70ae406c34f3458d804875cb35f6e5a1,2019-05-30_15-17-17,1559254637,8.180077075958252,27.811055183410645,12509,steropes,169.229.49.254,"{'starting_lr': 0.005, 'momentum': 0.997, 'weight_decay': 0.0005, 'steps_per_iteration': None, 'pin': False, 'model_creator': None, 'target_batch_size': 1024, 'model_string': 'resnet18', 'min_batch_size': 512, 'dataset': 'CIFAR', 'placement': None, 'use_nccl': True, 'devices_per_worker': 1, 'primary_resource': 'extra_gpu', 'gpu': False, 'verbose': False, 'lr_config': {'mode': 'log', 'steps': 5, 'initial_lr': 0.005, 'target_lr': 0.005}, 'batch_per_device': 1024}",27.811055183410645,0,3,6472.190961779035,1
0.008388471603393555,0.1284719228744507,0.005239653587341309,0.03976069177900042,0.023650407791137695,nan,0.0,0.04885716438293457,0.48899999260902405,1.437916017150879,-0.48899999260902405,nan,0.0,nan,0.0,nan,0.0,0.46195998787879944,1.4768093309020995,nan,0.0,nan,0.0,60000,1,False,,,4,-1.437916017150879,70ae406c34f3458d804875cb35f6e5a1,2019-05-30_15-17-25,1559254645,7.876687049865723,35.68774223327637,12509,steropes,169.229.49.254,"{'starting_lr': 0.005, 'momentum': 0.997, 'weight_decay': 0.0005, 'steps_per_iteration': None, 'pin': False, 'model_creator': None, 'target_batch_size': 1024, 'model_string': 'resnet18', 'min_batch_size': 512, 'dataset': 'CIFAR', 'placement': None, 'use_nccl': True, 'devices_per_worker': 1, 'primary_resource': 'extra_gpu', 'gpu': False, 'verbose': False, 'lr_config': {'mode': 'log', 'steps': 5, 'initial_lr': 0.005, 'target_lr': 0.005}, 'batch_per_device': 1024}",35.68774223327637,0,4,6724.93793364776,1
0.007064700126647949,0.1329437255859375,0.005081486701965332,0.04411032248516472,0.022005653381347655,nan,0.0,0.04674255847930908,0.5164999961853027,1.3419885719299316,-0.5164999961853027,nan,0.0,nan,0.0,nan,0.0,0.4812399744987488,1.4276447605895997,nan,0.0,nan,0.0,60000,1,False,,,5,-1.3419885719299316,70ae406c34f3458d804875cb35f6e5a1,2019-05-30_15-17-33,1559254653,7.966589450836182,43.65433168411255,12509,steropes,169.229.49.254,"{'starting_lr': 0.005, 'momentum': 0.997, 'weight_decay': 0.0005, 'steps_per_iteration': None, 'pin': False, 'model_creator': None, 'target_batch_size': 1024, 'model_string': 'resnet18', 'min_batch_size': 512, 'dataset': 'CIFAR', 'placement': None, 'use_nccl': True, 'devices_per_worker': 1, 'primary_resource': 'extra_gpu', 'gpu': False, 'verbose': False, 'lr_config': {'mode': 'log', 'steps': 5, 'initial_lr': 0.005, 'target_lr': 0.005}, 'batch_per_device': 1024}",43.65433168411255,0,5,6872.10702027916,1
0.00784919261932373,0.13984301090240478,0.005101418495178223,0.04360059329441616,0.022533178329467773,nan,0.0,0.048493599891662596,0.5205999612808228,1.3320839265823363,-0.5205999612808228,nan,0.0,nan,0.0,nan,0.0,0.502839982509613,1.3752371607589722,nan,0.0,nan,0.0,60000,1,False,,,6,-1.3320839265823363,70ae406c34f3458d804875cb35f6e5a1,2019-05-30_15-17-41,1559254661,7.971364259719849,51.6256959438324,12509,steropes,169.229.49.254,"{'starting_lr': 0.005, 'momentum': 0.997, 'weight_decay': 0.0005, 'steps_per_iteration': None, 'pin': False, 'model_creator': None, 'target_batch_size': 1024, 'model_string': 'resnet18', 'min_batch_size': 512, 'dataset': 'CIFAR', 'placement': None, 'use_nccl': True, 'devices_per_worker': 1, 'primary_resource': 'extra_gpu', 'gpu': False, 'verbose': False, 'lr_config': {'mode': 'log', 'steps': 5, 'initial_lr': 0.005, 'target_lr': 0.005}, 'batch_per_device': 1024}",51.6256959438324,0,6,7487.3042802712225,1
0.009236884117126466,0.12285795211791992,0.004821634292602539,0.039571153874299964,0.02606332302093506,nan,0.0,0.05499401092529297,0.5480999946594238,1.2715824098587036,-0.5480999946594238,nan,0.0,nan,0.0,nan,0.0,0.528499960899353,1.3167406280899048,nan,0.0,nan,0.0,60000,1,False,,,7,-1.2715824098587036,70ae406c34f3458d804875cb35f6e5a1,2019-05-30_15-17-49,1559254669,7.856313228607178,59.482009172439575,12509,steropes,169.229.49.254,"{'starting_lr': 0.005, 'momentum': 0.997, 'weight_decay': 0.0005, 'steps_per_iteration': None, 'pin': False, 'model_creator': None, 'target_batch_size': 1024, 'model_string': 'resnet18', 'min_batch_size': 512, 'dataset': 'CIFAR', 'placement': None, 'use_nccl': True, 'devices_per_worker': 1, 'primary_resource': 'extra_gpu', 'gpu': False, 'verbose': False, 'lr_config': {'mode': 'log', 'steps': 5, 'initial_lr': 0.005, 'target_lr': 0.005}, 'batch_per_device': 1024}",59.482009172439575,0,7,7527.957632025509,1
0.009662938117980958,0.1464555263519287,0.004486989974975586,0.03369810143295599,0.028640246391296385,nan,0.0,0.04704792499542236,0.5645999908447266,1.2230574129104614,-0.5645999908447266,nan,0.0,nan,0.0,nan,0.0,0.5448799729347229,1.2730415314865113,nan,0.0,nan,0.0,60000,1,False,,,8,-1.2230574129104614,70ae406c34f3458d804875cb35f6e5a1,2019-05-30_15-17-57,1559254677,7.947956085205078,67.42996525764465,12509,steropes,169.229.49.254,"{'starting_lr': 0.005, 'momentum': 0.997, 'weight_decay': 0.0005, 'steps_per_iteration': None, 'pin': False, 'model_creator': None, 'target_batch_size': 1024, 'model_string': 'resnet18', 'min_batch_size': 512, 'dataset': 'CIFAR', 'placement': None, 'use_nccl': True, 'devices_per_worker': 1, 'primary_resource': 'extra_gpu', 'gpu': False, 'verbose': False, 'lr_config': {'mode': 'log', 'steps': 5, 'initial_lr': 0.005, 'target_lr': 0.005}, 'batch_per_device': 1024}",67.42996525764465,0,8,7572.015999300888,1
0.0073461771011352536,0.12765417098999024,0.004709696769714356,0.042564494269234796,0.025608634948730467,nan,0.0,0.049117636680603025,0.5752999782562256,1.2089121112823487,-0.5752999782562256,nan,0.0,nan,0.0,nan,0.0,0.5597400069236755,1.2274487337875366,nan,0.0,nan,0.0,60000,1,False,,,9,-1.2089121112823487,70ae406c34f3458d804875cb35f6e5a1,2019-05-30_15-18-05,1559254685,8.120761394500732,75.55072665214539,12509,steropes,169.229.49.254,"{'starting_lr': 0.005, 'momentum': 0.997, 'weight_decay': 0.0005, 'steps_per_iteration': None, 'pin': False, 'model_creator': None, 'target_batch_size': 1024, 'model_string': 'resnet18', 'min_batch_size': 512, 'dataset': 'CIFAR', 'placement': None, 'use_nccl': True, 'devices_per_worker': 1, 'primary_resource': 'extra_gpu', 'gpu': False, 'verbose': False, 'lr_config': {'mode': 'log', 'steps': 5, 'initial_lr': 0.005, 'target_lr': 0.005}, 'batch_per_device': 1024}",75.55072665214539,0,9,7525.655394641688,1
0.007935261726379395,0.11626896858215333,0.004969167709350586,0.027111861170554648,0.023365044593811037,nan,0.0,0.04645183086395264,0.5848999619483948,1.1645432928085326,-0.5848999619483948,nan,0.0,nan,0.0,nan,0.0,0.5736799836158752,1.1916101167678832,nan,0.0,nan,0.0,60000,1,False,,,10,-1.1645432928085326,70ae406c34f3458d804875cb35f6e5a1,2019-05-30_15-18-12,1559254692,7.482489824295044,83.03321647644043,12509,steropes,169.229.49.254,"{'starting_lr': 0.005, 'momentum': 0.997, 'weight_decay': 0.0005, 'steps_per_iteration': None, 'pin': False, 'model_creator': None, 'target_batch_size': 1024, 'model_string': 'resnet18', 'min_batch_size': 512, 'dataset': 'CIFAR', 'placement': None, 'use_nccl': True, 'devices_per_worker': 1, 'primary_resource': 'extra_gpu', 'gpu': False, 'verbose': False, 'lr_config': {'mode': 'log', 'steps': 5, 'initial_lr': 0.005, 'target_lr': 0.005}, 'batch_per_device': 1024}",83.03321647644043,0,10,7618.17122180852,1
0.008531546592712403,0.12469534873962403,0.005321884155273437,0.04074548215282207,0.023441052436828612,nan,0.0,0.04756240844726563,0.59579998254776,1.1233407558441162,-0.59579998254776,nan,0.0,nan,0.0,nan,0.0,0.591439962387085,1.143252771911621,nan,0.0,nan,0.0,60000,1,False,,,11,-1.1233407558441162,70ae406c34f3458d804875cb35f6e5a1,2019-05-30_15-18-20,1559254700,7.81641411781311,90.84963059425354,12509,steropes,169.229.49.254,"{'starting_lr': 0.005, 'momentum': 0.997, 'weight_decay': 0.0005, 'steps_per_iteration': None, 'pin': False, 'model_creator': None, 'target_batch_size': 1024, 'model_string': 'resnet18', 'min_batch_size': 512, 'dataset': 'CIFAR', 'placement': None, 'use_nccl': True, 'devices_per_worker': 1, 'primary_resource': 'extra_gpu', 'gpu': False, 'verbose': False, 'lr_config': {'mode': 'log', 'steps': 5, 'initial_lr': 0.005, 'target_lr': 0.005}, 'batch_per_device': 1024}",90.84963059425354,0,11,7648.266230527054,1
0.007412219047546386,0.13219931125640869,0.007094073295593262,0.04500857664614308,0.025337576866149902,nan,0.0,0.053260207176208496,0.6101999878883362,1.0781119178771972,-0.6101999878883362,nan,0.0,nan,0.0,nan,0.0,0.5985000133514404,1.1125098034286498,nan,0.0,nan,0.0,60000,1,False,,,12,-1.0781119178771972,70ae406c34f3458d804875cb35f6e5a1,2019-05-30_15-18-28,1559254708,8.093143224716187,98.94277381896973,12509,steropes,169.229.49.254,"{'starting_lr': 0.005, 'momentum': 0.997, 'weight_decay': 0.0005, 'steps_per_iteration': None, 'pin': False, 'model_creator': None, 'target_batch_size': 1024, 'model_string': 'resnet18', 'min_batch_size': 512, 'dataset': 'CIFAR', 'placement': None, 'use_nccl': True, 'devices_per_worker': 1, 'primary_resource': 'extra_gpu', 'gpu': False, 'verbose': False, 'lr_config': {'mode': 'log', 'steps': 5, 'initial_lr': 0.005, 'target_lr': 0.005}, 'batch_per_device': 1024}",98.94277381896973,0,12,7602.366860587688,1
0.008188176155090331,0.11926934719085694,0.005318069458007812,0.040471295921169985,0.021538591384887694,nan,0.0,0.042638969421386716,0.6197999715805054,1.0682981380462646,-0.6197999715805054,nan,0.0,nan,0.0,nan,0.0,0.6166399717330933,1.076116492652893,nan,0.0,nan,0.0,60000,1,True,,,13,-1.0682981380462646,70ae406c34f3458d804875cb35f6e5a1,2019-05-30_15-18-36,1559254716,7.667398691177368,106.6101725101471,12509,steropes,169.229.49.254,"{'starting_lr': 0.005, 'momentum': 0.997, 'weight_decay': 0.0005, 'steps_per_iteration': None, 'pin': False, 'model_creator': None, 'target_batch_size': 1024, 'model_string': 'resnet18', 'min_batch_size': 512, 'dataset': 'CIFAR', 'placement': None, 'use_nccl': True, 'devices_per_worker': 1, 'primary_resource': 'extra_gpu', 'gpu': False, 'verbose': False, 'lr_config': {'mode': 'log', 'steps': 5, 'initial_lr': 0.005, 'target_lr': 0.005}, 'batch_per_device': 1024}",106.6101725101471,0,13,7656.852462021445,1
