{"apply": 0.0073567390441894535, "batch_time": 0.19114816188812256, "d2h": 0.0054138898849487305, "data_time": 0.03866496378061723, "fwd": 0.0895765781402588, "get_state_time_mean": NaN, "get_state_time_total": 0.0, "grad": 0.1470252752304077, "mean_accuracy": 0.3237999975681305, "mean_loss": 1.9165746015548706, "neg_mean_accuracy": -0.3237999975681305, "set_state_time_mean": NaN, "set_state_time_total": 0.0, "setup_model_time_mean": 14.4651358127594, "setup_model_time_total": 14.4651358127594, "setup_proc_time_mean": 1.6613826751708984, "setup_proc_time_total": 1.6613826751708984, "train_accuracy": 0.2612999975681305, "train_loss": 2.5694445574188234, "training_time_mean": NaN, "training_time_total": 0.0, "validation_time_mean": NaN, "validation_time_total": 0.0, "samples": 60000, "num_workers": 1, "done": false, "timesteps_total": null, "episodes_total": null, "training_iteration": 1, "neg_mean_loss": -1.9165746015548706, "experiment_id": "70ae406c34f3458d804875cb35f6e5a1", "date": "2019-05-30_15-17-01", "timestamp": 1559254621, "time_this_iter_s": 11.558276176452637, "time_total_s": 11.558276176452637, "pid": 12509, "hostname": "steropes", "node_ip": "169.229.49.254", "config": {"starting_lr": 0.005, "momentum": 0.997, "weight_decay": 0.0005, "steps_per_iteration": null, "pin": false, "model_creator": null, "target_batch_size": 1024, "model_string": "resnet18", "min_batch_size": 512, "dataset": "CIFAR", "placement": null, "use_nccl": true, "devices_per_worker": 1, "primary_resource": "extra_gpu", "gpu": false, "verbose": false, "lr_config": {"mode": "log", "steps": 5, "initial_lr": 0.005, "target_lr": 0.005}, "batch_per_device": 1024}, "time_since_restore": 11.558276176452637, "timesteps_since_restore": 0, "iterations_since_restore": 1, "mean_throughput": 5191.048783802775, "atoms": 1}
{"apply": 0.008766913414001464, "batch_time": 0.15484607219696045, "d2h": 0.00459296703338623, "data_time": 0.04684272104380082, "fwd": 0.0211514949798584, "get_state_time_mean": NaN, "get_state_time_total": 0.0, "grad": 0.04845297336578369, "mean_accuracy": 0.4123999774456024, "mean_loss": 1.6155533731460572, "neg_mean_accuracy": -0.4123999774456024, "set_state_time_mean": NaN, "set_state_time_total": 0.0, "setup_model_time_mean": NaN, "setup_model_time_total": 0.0, "setup_proc_time_mean": NaN, "setup_proc_time_total": 0.0, "train_accuracy": 0.38609999418258667, "train_loss": 1.6629109225463867, "training_time_mean": NaN, "training_time_total": 0.0, "validation_time_mean": NaN, "validation_time_total": 0.0, "samples": 60000, "num_workers": 1, "done": false, "timesteps_total": null, "episodes_total": null, "training_iteration": 2, "neg_mean_loss": -1.6155533731460572, "experiment_id": "70ae406c34f3458d804875cb35f6e5a1", "date": "2019-05-30_15-17-09", "timestamp": 1559254629, "time_this_iter_s": 8.072701930999756, "time_total_s": 19.630978107452393, "pid": 12509, "hostname": "steropes", "node_ip": "169.229.49.254", "config": {"starting_lr": 0.005, "momentum": 0.997, "weight_decay": 0.0005, "steps_per_iteration": null, "pin": false, "model_creator": null, "target_batch_size": 1024, "model_string": "resnet18", "min_batch_size": 512, "dataset": "CIFAR", "placement": null, "use_nccl": true, "devices_per_worker": 1, "primary_resource": "extra_gpu", "gpu": false, "verbose": false, "lr_config": {"mode": "log", "steps": 5, "initial_lr": 0.005, "target_lr": 0.005}, "batch_per_device": 1024}, "time_since_restore": 19.630978107452393, "timesteps_since_restore": 0, "iterations_since_restore": 2, "mean_throughput": 6112.738253722068, "atoms": 1}
{"apply": 0.008262944221496583, "batch_time": 0.13406944274902344, "d2h": 0.004960894584655762, "data_time": 0.04163530894688198, "fwd": 0.0218381404876709, "get_state_time_mean": NaN, "get_state_time_total": 0.0, "grad": 0.0424835205078125, "mean_accuracy": 0.45249998569488525, "mean_loss": 1.5799169427871704, "neg_mean_accuracy": -0.45249998569488525, "set_state_time_mean": NaN, "set_state_time_total": 0.0, "setup_model_time_mean": NaN, "setup_model_time_total": 0.0, "setup_proc_time_mean": NaN, "setup_proc_time_total": 0.0, "train_accuracy": 0.4315599799156189, "train_loss": 1.542255394859314, "training_time_mean": NaN, "training_time_total": 0.0, "validation_time_mean": NaN, "validation_time_total": 0.0, "samples": 60000, "num_workers": 1, "done": false, "timesteps_total": null, "episodes_total": null, "training_iteration": 3, "neg_mean_loss": -1.5799169427871704, "experiment_id": "70ae406c34f3458d804875cb35f6e5a1", "date": "2019-05-30_15-17-17", "timestamp": 1559254637, "time_this_iter_s": 8.180077075958252, "time_total_s": 27.811055183410645, "pid": 12509, "hostname": "steropes", "node_ip": "169.229.49.254", "config": {"starting_lr": 0.005, "momentum": 0.997, "weight_decay": 0.0005, "steps_per_iteration": null, "pin": false, "model_creator": null, "target_batch_size": 1024, "model_string": "resnet18", "min_batch_size": 512, "dataset": "CIFAR", "placement": null, "use_nccl": true, "devices_per_worker": 1, "primary_resource": "extra_gpu", "gpu": false, "verbose": false, "lr_config": {"mode": "log", "steps": 5, "initial_lr": 0.005, "target_lr": 0.005}, "batch_per_device": 1024}, "time_since_restore": 27.811055183410645, "timesteps_since_restore": 0, "iterations_since_restore": 3, "mean_throughput": 6472.190961779035, "atoms": 1}
{"apply": 0.008388471603393555, "batch_time": 0.1284719228744507, "d2h": 0.005239653587341309, "data_time": 0.03976069177900042, "fwd": 0.023650407791137695, "get_state_time_mean": NaN, "get_state_time_total": 0.0, "grad": 0.04885716438293457, "mean_accuracy": 0.48899999260902405, "mean_loss": 1.437916017150879, "neg_mean_accuracy": -0.48899999260902405, "set_state_time_mean": NaN, "set_state_time_total": 0.0, "setup_model_time_mean": NaN, "setup_model_time_total": 0.0, "setup_proc_time_mean": NaN, "setup_proc_time_total": 0.0, "train_accuracy": 0.46195998787879944, "train_loss": 1.4768093309020995, "training_time_mean": NaN, "training_time_total": 0.0, "validation_time_mean": NaN, "validation_time_total": 0.0, "samples": 60000, "num_workers": 1, "done": false, "timesteps_total": null, "episodes_total": null, "training_iteration": 4, "neg_mean_loss": -1.437916017150879, "experiment_id": "70ae406c34f3458d804875cb35f6e5a1", "date": "2019-05-30_15-17-25", "timestamp": 1559254645, "time_this_iter_s": 7.876687049865723, "time_total_s": 35.68774223327637, "pid": 12509, "hostname": "steropes", "node_ip": "169.229.49.254", "config": {"starting_lr": 0.005, "momentum": 0.997, "weight_decay": 0.0005, "steps_per_iteration": null, "pin": false, "model_creator": null, "target_batch_size": 1024, "model_string": "resnet18", "min_batch_size": 512, "dataset": "CIFAR", "placement": null, "use_nccl": true, "devices_per_worker": 1, "primary_resource": "extra_gpu", "gpu": false, "verbose": false, "lr_config": {"mode": "log", "steps": 5, "initial_lr": 0.005, "target_lr": 0.005}, "batch_per_device": 1024}, "time_since_restore": 35.68774223327637, "timesteps_since_restore": 0, "iterations_since_restore": 4, "mean_throughput": 6724.93793364776, "atoms": 1}
{"apply": 0.007064700126647949, "batch_time": 0.1329437255859375, "d2h": 0.005081486701965332, "data_time": 0.04411032248516472, "fwd": 0.022005653381347655, "get_state_time_mean": NaN, "get_state_time_total": 0.0, "grad": 0.04674255847930908, "mean_accuracy": 0.5164999961853027, "mean_loss": 1.3419885719299316, "neg_mean_accuracy": -0.5164999961853027, "set_state_time_mean": NaN, "set_state_time_total": 0.0, "setup_model_time_mean": NaN, "setup_model_time_total": 0.0, "setup_proc_time_mean": NaN, "setup_proc_time_total": 0.0, "train_accuracy": 0.4812399744987488, "train_loss": 1.4276447605895997, "training_time_mean": NaN, "training_time_total": 0.0, "validation_time_mean": NaN, "validation_time_total": 0.0, "samples": 60000, "num_workers": 1, "done": false, "timesteps_total": null, "episodes_total": null, "training_iteration": 5, "neg_mean_loss": -1.3419885719299316, "experiment_id": "70ae406c34f3458d804875cb35f6e5a1", "date": "2019-05-30_15-17-33", "timestamp": 1559254653, "time_this_iter_s": 7.966589450836182, "time_total_s": 43.65433168411255, "pid": 12509, "hostname": "steropes", "node_ip": "169.229.49.254", "config": {"starting_lr": 0.005, "momentum": 0.997, "weight_decay": 0.0005, "steps_per_iteration": null, "pin": false, "model_creator": null, "target_batch_size": 1024, "model_string": "resnet18", "min_batch_size": 512, "dataset": "CIFAR", "placement": null, "use_nccl": true, "devices_per_worker": 1, "primary_resource": "extra_gpu", "gpu": false, "verbose": false, "lr_config": {"mode": "log", "steps": 5, "initial_lr": 0.005, "target_lr": 0.005}, "batch_per_device": 1024}, "time_since_restore": 43.65433168411255, "timesteps_since_restore": 0, "iterations_since_restore": 5, "mean_throughput": 6872.10702027916, "atoms": 1}
{"apply": 0.00784919261932373, "batch_time": 0.13984301090240478, "d2h": 0.005101418495178223, "data_time": 0.04360059329441616, "fwd": 0.022533178329467773, "get_state_time_mean": NaN, "get_state_time_total": 0.0, "grad": 0.048493599891662596, "mean_accuracy": 0.5205999612808228, "mean_loss": 1.3320839265823363, "neg_mean_accuracy": -0.5205999612808228, "set_state_time_mean": NaN, "set_state_time_total": 0.0, "setup_model_time_mean": NaN, "setup_model_time_total": 0.0, "setup_proc_time_mean": NaN, "setup_proc_time_total": 0.0, "train_accuracy": 0.502839982509613, "train_loss": 1.3752371607589722, "training_time_mean": NaN, "training_time_total": 0.0, "validation_time_mean": NaN, "validation_time_total": 0.0, "samples": 60000, "num_workers": 1, "done": false, "timesteps_total": null, "episodes_total": null, "training_iteration": 6, "neg_mean_loss": -1.3320839265823363, "experiment_id": "70ae406c34f3458d804875cb35f6e5a1", "date": "2019-05-30_15-17-41", "timestamp": 1559254661, "time_this_iter_s": 7.971364259719849, "time_total_s": 51.6256959438324, "pid": 12509, "hostname": "steropes", "node_ip": "169.229.49.254", "config": {"starting_lr": 0.005, "momentum": 0.997, "weight_decay": 0.0005, "steps_per_iteration": null, "pin": false, "model_creator": null, "target_batch_size": 1024, "model_string": "resnet18", "min_batch_size": 512, "dataset": "CIFAR", "placement": null, "use_nccl": true, "devices_per_worker": 1, "primary_resource": "extra_gpu", "gpu": false, "verbose": false, "lr_config": {"mode": "log", "steps": 5, "initial_lr": 0.005, "target_lr": 0.005}, "batch_per_device": 1024}, "time_since_restore": 51.6256959438324, "timesteps_since_restore": 0, "iterations_since_restore": 6, "mean_throughput": 7487.3042802712225, "atoms": 1}
{"apply": 0.009236884117126466, "batch_time": 0.12285795211791992, "d2h": 0.004821634292602539, "data_time": 0.039571153874299964, "fwd": 0.02606332302093506, "get_state_time_mean": NaN, "get_state_time_total": 0.0, "grad": 0.05499401092529297, "mean_accuracy": 0.5480999946594238, "mean_loss": 1.2715824098587036, "neg_mean_accuracy": -0.5480999946594238, "set_state_time_mean": NaN, "set_state_time_total": 0.0, "setup_model_time_mean": NaN, "setup_model_time_total": 0.0, "setup_proc_time_mean": NaN, "setup_proc_time_total": 0.0, "train_accuracy": 0.528499960899353, "train_loss": 1.3167406280899048, "training_time_mean": NaN, "training_time_total": 0.0, "validation_time_mean": NaN, "validation_time_total": 0.0, "samples": 60000, "num_workers": 1, "done": false, "timesteps_total": null, "episodes_total": null, "training_iteration": 7, "neg_mean_loss": -1.2715824098587036, "experiment_id": "70ae406c34f3458d804875cb35f6e5a1", "date": "2019-05-30_15-17-49", "timestamp": 1559254669, "time_this_iter_s": 7.856313228607178, "time_total_s": 59.482009172439575, "pid": 12509, "hostname": "steropes", "node_ip": "169.229.49.254", "config": {"starting_lr": 0.005, "momentum": 0.997, "weight_decay": 0.0005, "steps_per_iteration": null, "pin": false, "model_creator": null, "target_batch_size": 1024, "model_string": "resnet18", "min_batch_size": 512, "dataset": "CIFAR", "placement": null, "use_nccl": true, "devices_per_worker": 1, "primary_resource": "extra_gpu", "gpu": false, "verbose": false, "lr_config": {"mode": "log", "steps": 5, "initial_lr": 0.005, "target_lr": 0.005}, "batch_per_device": 1024}, "time_since_restore": 59.482009172439575, "timesteps_since_restore": 0, "iterations_since_restore": 7, "mean_throughput": 7527.957632025509, "atoms": 1}
{"apply": 0.009662938117980958, "batch_time": 0.1464555263519287, "d2h": 0.004486989974975586, "data_time": 0.03369810143295599, "fwd": 0.028640246391296385, "get_state_time_mean": NaN, "get_state_time_total": 0.0, "grad": 0.04704792499542236, "mean_accuracy": 0.5645999908447266, "mean_loss": 1.2230574129104614, "neg_mean_accuracy": -0.5645999908447266, "set_state_time_mean": NaN, "set_state_time_total": 0.0, "setup_model_time_mean": NaN, "setup_model_time_total": 0.0, "setup_proc_time_mean": NaN, "setup_proc_time_total": 0.0, "train_accuracy": 0.5448799729347229, "train_loss": 1.2730415314865113, "training_time_mean": NaN, "training_time_total": 0.0, "validation_time_mean": NaN, "validation_time_total": 0.0, "samples": 60000, "num_workers": 1, "done": false, "timesteps_total": null, "episodes_total": null, "training_iteration": 8, "neg_mean_loss": -1.2230574129104614, "experiment_id": "70ae406c34f3458d804875cb35f6e5a1", "date": "2019-05-30_15-17-57", "timestamp": 1559254677, "time_this_iter_s": 7.947956085205078, "time_total_s": 67.42996525764465, "pid": 12509, "hostname": "steropes", "node_ip": "169.229.49.254", "config": {"starting_lr": 0.005, "momentum": 0.997, "weight_decay": 0.0005, "steps_per_iteration": null, "pin": false, "model_creator": null, "target_batch_size": 1024, "model_string": "resnet18", "min_batch_size": 512, "dataset": "CIFAR", "placement": null, "use_nccl": true, "devices_per_worker": 1, "primary_resource": "extra_gpu", "gpu": false, "verbose": false, "lr_config": {"mode": "log", "steps": 5, "initial_lr": 0.005, "target_lr": 0.005}, "batch_per_device": 1024}, "time_since_restore": 67.42996525764465, "timesteps_since_restore": 0, "iterations_since_restore": 8, "mean_throughput": 7572.015999300888, "atoms": 1}
{"apply": 0.0073461771011352536, "batch_time": 0.12765417098999024, "d2h": 0.004709696769714356, "data_time": 0.042564494269234796, "fwd": 0.025608634948730467, "get_state_time_mean": NaN, "get_state_time_total": 0.0, "grad": 0.049117636680603025, "mean_accuracy": 0.5752999782562256, "mean_loss": 1.2089121112823487, "neg_mean_accuracy": -0.5752999782562256, "set_state_time_mean": NaN, "set_state_time_total": 0.0, "setup_model_time_mean": NaN, "setup_model_time_total": 0.0, "setup_proc_time_mean": NaN, "setup_proc_time_total": 0.0, "train_accuracy": 0.5597400069236755, "train_loss": 1.2274487337875366, "training_time_mean": NaN, "training_time_total": 0.0, "validation_time_mean": NaN, "validation_time_total": 0.0, "samples": 60000, "num_workers": 1, "done": false, "timesteps_total": null, "episodes_total": null, "training_iteration": 9, "neg_mean_loss": -1.2089121112823487, "experiment_id": "70ae406c34f3458d804875cb35f6e5a1", "date": "2019-05-30_15-18-05", "timestamp": 1559254685, "time_this_iter_s": 8.120761394500732, "time_total_s": 75.55072665214539, "pid": 12509, "hostname": "steropes", "node_ip": "169.229.49.254", "config": {"starting_lr": 0.005, "momentum": 0.997, "weight_decay": 0.0005, "steps_per_iteration": null, "pin": false, "model_creator": null, "target_batch_size": 1024, "model_string": "resnet18", "min_batch_size": 512, "dataset": "CIFAR", "placement": null, "use_nccl": true, "devices_per_worker": 1, "primary_resource": "extra_gpu", "gpu": false, "verbose": false, "lr_config": {"mode": "log", "steps": 5, "initial_lr": 0.005, "target_lr": 0.005}, "batch_per_device": 1024}, "time_since_restore": 75.55072665214539, "timesteps_since_restore": 0, "iterations_since_restore": 9, "mean_throughput": 7525.655394641688, "atoms": 1}
{"apply": 0.007935261726379395, "batch_time": 0.11626896858215333, "d2h": 0.004969167709350586, "data_time": 0.027111861170554648, "fwd": 0.023365044593811037, "get_state_time_mean": NaN, "get_state_time_total": 0.0, "grad": 0.04645183086395264, "mean_accuracy": 0.5848999619483948, "mean_loss": 1.1645432928085326, "neg_mean_accuracy": -0.5848999619483948, "set_state_time_mean": NaN, "set_state_time_total": 0.0, "setup_model_time_mean": NaN, "setup_model_time_total": 0.0, "setup_proc_time_mean": NaN, "setup_proc_time_total": 0.0, "train_accuracy": 0.5736799836158752, "train_loss": 1.1916101167678832, "training_time_mean": NaN, "training_time_total": 0.0, "validation_time_mean": NaN, "validation_time_total": 0.0, "samples": 60000, "num_workers": 1, "done": false, "timesteps_total": null, "episodes_total": null, "training_iteration": 10, "neg_mean_loss": -1.1645432928085326, "experiment_id": "70ae406c34f3458d804875cb35f6e5a1", "date": "2019-05-30_15-18-12", "timestamp": 1559254692, "time_this_iter_s": 7.482489824295044, "time_total_s": 83.03321647644043, "pid": 12509, "hostname": "steropes", "node_ip": "169.229.49.254", "config": {"starting_lr": 0.005, "momentum": 0.997, "weight_decay": 0.0005, "steps_per_iteration": null, "pin": false, "model_creator": null, "target_batch_size": 1024, "model_string": "resnet18", "min_batch_size": 512, "dataset": "CIFAR", "placement": null, "use_nccl": true, "devices_per_worker": 1, "primary_resource": "extra_gpu", "gpu": false, "verbose": false, "lr_config": {"mode": "log", "steps": 5, "initial_lr": 0.005, "target_lr": 0.005}, "batch_per_device": 1024}, "time_since_restore": 83.03321647644043, "timesteps_since_restore": 0, "iterations_since_restore": 10, "mean_throughput": 7618.17122180852, "atoms": 1}
{"apply": 0.008531546592712403, "batch_time": 0.12469534873962403, "d2h": 0.005321884155273437, "data_time": 0.04074548215282207, "fwd": 0.023441052436828612, "get_state_time_mean": NaN, "get_state_time_total": 0.0, "grad": 0.04756240844726563, "mean_accuracy": 0.59579998254776, "mean_loss": 1.1233407558441162, "neg_mean_accuracy": -0.59579998254776, "set_state_time_mean": NaN, "set_state_time_total": 0.0, "setup_model_time_mean": NaN, "setup_model_time_total": 0.0, "setup_proc_time_mean": NaN, "setup_proc_time_total": 0.0, "train_accuracy": 0.591439962387085, "train_loss": 1.143252771911621, "training_time_mean": NaN, "training_time_total": 0.0, "validation_time_mean": NaN, "validation_time_total": 0.0, "samples": 60000, "num_workers": 1, "done": false, "timesteps_total": null, "episodes_total": null, "training_iteration": 11, "neg_mean_loss": -1.1233407558441162, "experiment_id": "70ae406c34f3458d804875cb35f6e5a1", "date": "2019-05-30_15-18-20", "timestamp": 1559254700, "time_this_iter_s": 7.81641411781311, "time_total_s": 90.84963059425354, "pid": 12509, "hostname": "steropes", "node_ip": "169.229.49.254", "config": {"starting_lr": 0.005, "momentum": 0.997, "weight_decay": 0.0005, "steps_per_iteration": null, "pin": false, "model_creator": null, "target_batch_size": 1024, "model_string": "resnet18", "min_batch_size": 512, "dataset": "CIFAR", "placement": null, "use_nccl": true, "devices_per_worker": 1, "primary_resource": "extra_gpu", "gpu": false, "verbose": false, "lr_config": {"mode": "log", "steps": 5, "initial_lr": 0.005, "target_lr": 0.005}, "batch_per_device": 1024}, "time_since_restore": 90.84963059425354, "timesteps_since_restore": 0, "iterations_since_restore": 11, "mean_throughput": 7648.266230527054, "atoms": 1}
{"apply": 0.007412219047546386, "batch_time": 0.13219931125640869, "d2h": 0.007094073295593262, "data_time": 0.04500857664614308, "fwd": 0.025337576866149902, "get_state_time_mean": NaN, "get_state_time_total": 0.0, "grad": 0.053260207176208496, "mean_accuracy": 0.6101999878883362, "mean_loss": 1.0781119178771972, "neg_mean_accuracy": -0.6101999878883362, "set_state_time_mean": NaN, "set_state_time_total": 0.0, "setup_model_time_mean": NaN, "setup_model_time_total": 0.0, "setup_proc_time_mean": NaN, "setup_proc_time_total": 0.0, "train_accuracy": 0.5985000133514404, "train_loss": 1.1125098034286498, "training_time_mean": NaN, "training_time_total": 0.0, "validation_time_mean": NaN, "validation_time_total": 0.0, "samples": 60000, "num_workers": 1, "done": false, "timesteps_total": null, "episodes_total": null, "training_iteration": 12, "neg_mean_loss": -1.0781119178771972, "experiment_id": "70ae406c34f3458d804875cb35f6e5a1", "date": "2019-05-30_15-18-28", "timestamp": 1559254708, "time_this_iter_s": 8.093143224716187, "time_total_s": 98.94277381896973, "pid": 12509, "hostname": "steropes", "node_ip": "169.229.49.254", "config": {"starting_lr": 0.005, "momentum": 0.997, "weight_decay": 0.0005, "steps_per_iteration": null, "pin": false, "model_creator": null, "target_batch_size": 1024, "model_string": "resnet18", "min_batch_size": 512, "dataset": "CIFAR", "placement": null, "use_nccl": true, "devices_per_worker": 1, "primary_resource": "extra_gpu", "gpu": false, "verbose": false, "lr_config": {"mode": "log", "steps": 5, "initial_lr": 0.005, "target_lr": 0.005}, "batch_per_device": 1024}, "time_since_restore": 98.94277381896973, "timesteps_since_restore": 0, "iterations_since_restore": 12, "mean_throughput": 7602.366860587688, "atoms": 1}
{"apply": 0.008188176155090331, "batch_time": 0.11926934719085694, "d2h": 0.005318069458007812, "data_time": 0.040471295921169985, "fwd": 0.021538591384887694, "get_state_time_mean": NaN, "get_state_time_total": 0.0, "grad": 0.042638969421386716, "mean_accuracy": 0.6197999715805054, "mean_loss": 1.0682981380462646, "neg_mean_accuracy": -0.6197999715805054, "set_state_time_mean": NaN, "set_state_time_total": 0.0, "setup_model_time_mean": NaN, "setup_model_time_total": 0.0, "setup_proc_time_mean": NaN, "setup_proc_time_total": 0.0, "train_accuracy": 0.6166399717330933, "train_loss": 1.076116492652893, "training_time_mean": NaN, "training_time_total": 0.0, "validation_time_mean": NaN, "validation_time_total": 0.0, "samples": 60000, "num_workers": 1, "done": true, "timesteps_total": null, "episodes_total": null, "training_iteration": 13, "neg_mean_loss": -1.0682981380462646, "experiment_id": "70ae406c34f3458d804875cb35f6e5a1", "date": "2019-05-30_15-18-36", "timestamp": 1559254716, "time_this_iter_s": 7.667398691177368, "time_total_s": 106.6101725101471, "pid": 12509, "hostname": "steropes", "node_ip": "169.229.49.254", "config": {"starting_lr": 0.005, "momentum": 0.997, "weight_decay": 0.0005, "steps_per_iteration": null, "pin": false, "model_creator": null, "target_batch_size": 1024, "model_string": "resnet18", "min_batch_size": 512, "dataset": "CIFAR", "placement": null, "use_nccl": true, "devices_per_worker": 1, "primary_resource": "extra_gpu", "gpu": false, "verbose": false, "lr_config": {"mode": "log", "steps": 5, "initial_lr": 0.005, "target_lr": 0.005}, "batch_per_device": 1024}, "time_since_restore": 106.6101725101471, "timesteps_since_restore": 0, "iterations_since_restore": 13, "mean_throughput": 7656.852462021445, "atoms": 1}
