{"apply": 0.01799771785736084, "batch_time": 0.046761494648607474, "d2h": 0.0006814718246459961, "data_time": 0.0019019290309427949, "fwd": 0.11940040588378906, "get_state_time_mean": NaN, "get_state_time_total": 0.0, "grad": 0.17406306266784669, "mean_accuracy": 0.2410999983549118, "mean_loss": 26.73350777282715, "neg_mean_accuracy": -0.2410999983549118, "set_state_time_mean": NaN, "set_state_time_total": 0.0, "setup_model_time_mean": 8.424474954605103, "setup_model_time_total": 8.424474954605103, "setup_proc_time_mean": 1.661332607269287, "setup_proc_time_total": 1.661332607269287, "train_accuracy": 0.20679999887943268, "train_loss": 3.7730869223022463, "training_time_mean": NaN, "training_time_total": 0.0, "val_accuracy": 0.2410999983549118, "val_loss": 26.73350777282715, "validation_time_mean": NaN, "validation_time_total": 0.0, "samples": 60000, "num_workers": 1, "done": false, "timesteps_total": null, "episodes_total": null, "training_iteration": 1, "neg_mean_loss": -26.73350777282715, "experiment_id": "62d5b533ffc94d3480d852032ce54e88", "date": "2019-06-02_20-34-55", "timestamp": 1559532895, "time_this_iter_s": 47.6745388507843, "time_total_s": 47.6745388507843, "pid": 6257, "hostname": "steropes", "node_ip": "169.229.49.254", "config": {"starting_lr": 0.005, "momentum": 0.99, "weight_decay": 0.0001, "steps_per_iteration": null, "pin": false, "model_creator": null, "target_batch_size": 128, "model_string": "resnet50", "min_batch_size": 128, "dataset": "CIFAR", "placement": null, "use_nccl": true, "devices_per_worker": 1, "primary_resource": "extra_gpu", "gpu": false, "verbose": false, "lr_config": {"mode": "log", "steps": 5, "initial_lr": 0.005, "target_lr": 0.005}, "batch_per_device": 128}, "time_since_restore": 47.6745388507843, "timesteps_since_restore": 0, "iterations_since_restore": 1, "mean_throughput": 1258.529741727247, "atoms": 1, "setup_time": 10.181680917739868}
{"apply": 0.018084049224853516, "batch_time": 0.03215388708476779, "d2h": 0.0006950616836547852, "data_time": 0.001870563268051733, "fwd": 0.028409433364868165, "get_state_time_mean": NaN, "get_state_time_total": 0.0, "grad": 0.049014043807983396, "mean_accuracy": 0.2575000002980232, "mean_loss": 14.347262512207031, "neg_mean_accuracy": -0.27390000224113464, "set_state_time_mean": NaN, "set_state_time_total": 0.0, "setup_model_time_mean": NaN, "setup_model_time_total": 0.0, "setup_proc_time_mean": NaN, "setup_proc_time_total": 0.0, "train_accuracy": 0.2262599915266037, "train_loss": 3.81519776550293, "training_time_mean": NaN, "training_time_total": 0.0, "val_accuracy": 0.27390000224113464, "val_loss": 1.961017251586914, "validation_time_mean": NaN, "validation_time_total": 0.0, "samples": 60000, "num_workers": 1, "done": false, "timesteps_total": null, "episodes_total": null, "training_iteration": 2, "neg_mean_loss": -14.347262512207031, "experiment_id": "62d5b533ffc94d3480d852032ce54e88", "date": "2019-06-02_20-35-36", "timestamp": 1559532936, "time_this_iter_s": 41.10713529586792, "time_total_s": 88.78167414665222, "pid": 6257, "hostname": "steropes", "node_ip": "169.229.49.254", "config": {"starting_lr": 0.005, "momentum": 0.99, "weight_decay": 0.0001, "steps_per_iteration": null, "pin": false, "model_creator": null, "target_batch_size": 128, "model_string": "resnet50", "min_batch_size": 128, "dataset": "CIFAR", "placement": null, "use_nccl": true, "devices_per_worker": 1, "primary_resource": "extra_gpu", "gpu": false, "verbose": false, "lr_config": {"mode": "log", "steps": 5, "initial_lr": 0.005, "target_lr": 0.005}, "batch_per_device": 128}, "time_since_restore": 88.78167414665222, "timesteps_since_restore": 0, "iterations_since_restore": 2, "mean_throughput": 1351.6269146549348, "atoms": 1, "setup_time": 10.181680917739868}
{"apply": 0.01751244068145752, "batch_time": 0.03230668321440491, "d2h": 0.000721430778503418, "data_time": 0.0018875989157830359, "fwd": 0.027852725982666016, "get_state_time_mean": NaN, "get_state_time_total": 0.0, "grad": 0.04752352237701416, "mean_accuracy": 0.28913333515326184, "mean_loss": 10.144255959320068, "neg_mean_accuracy": -0.352400004863739, "set_state_time_mean": NaN, "set_state_time_total": 0.0, "setup_model_time_mean": NaN, "setup_model_time_total": 0.0, "setup_proc_time_mean": NaN, "setup_proc_time_total": 0.0, "train_accuracy": 0.2821199893951416, "train_loss": 2.2320076293945315, "training_time_mean": NaN, "training_time_total": 0.0, "val_accuracy": 0.352400004863739, "val_loss": 1.7382428535461425, "validation_time_mean": NaN, "validation_time_total": 0.0, "samples": 60000, "num_workers": 1, "done": false, "timesteps_total": null, "episodes_total": null, "training_iteration": 3, "neg_mean_loss": -10.144255959320068, "experiment_id": "62d5b533ffc94d3480d852032ce54e88", "date": "2019-06-02_20-36-17", "timestamp": 1559532977, "time_this_iter_s": 40.82674717903137, "time_total_s": 129.6084213256836, "pid": 6257, "hostname": "steropes", "node_ip": "169.229.49.254", "config": {"starting_lr": 0.005, "momentum": 0.99, "weight_decay": 0.0001, "steps_per_iteration": null, "pin": false, "model_creator": null, "target_batch_size": 128, "model_string": "resnet50", "min_batch_size": 128, "dataset": "CIFAR", "placement": null, "use_nccl": true, "devices_per_worker": 1, "primary_resource": "extra_gpu", "gpu": false, "verbose": false, "lr_config": {"mode": "log", "steps": 5, "initial_lr": 0.005, "target_lr": 0.005}, "batch_per_device": 128}, "time_since_restore": 129.6084213256836, "timesteps_since_restore": 0, "iterations_since_restore": 3, "mean_throughput": 1388.7953806890841, "atoms": 1, "setup_time": 10.181680917739868}
{"apply": 0.017908716201782228, "batch_time": 0.03222926960715765, "d2h": 0.0006802797317504883, "data_time": 0.0018769469102630225, "fwd": 0.02794935703277588, "get_state_time_mean": NaN, "get_state_time_total": 0.0, "grad": 0.04798791408538818, "mean_accuracy": 0.30842499807477, "mean_loss": 8.029954259252548, "neg_mean_accuracy": -0.36629998683929443, "set_state_time_mean": NaN, "set_state_time_total": 0.0, "setup_model_time_mean": NaN, "setup_model_time_total": 0.0, "setup_proc_time_mean": NaN, "setup_proc_time_total": 0.0, "train_accuracy": 0.32802000641822815, "train_loss": 1.9900008340072632, "training_time_mean": NaN, "training_time_total": 0.0, "val_accuracy": 0.36629998683929443, "val_loss": 1.6870491590499879, "validation_time_mean": NaN, "validation_time_total": 0.0, "samples": 60000, "num_workers": 1, "done": true, "timesteps_total": null, "episodes_total": null, "training_iteration": 4, "neg_mean_loss": -8.029954259252548, "experiment_id": "62d5b533ffc94d3480d852032ce54e88", "date": "2019-06-02_20-36-58", "timestamp": 1559533018, "time_this_iter_s": 41.01837420463562, "time_total_s": 170.6267955303192, "pid": 6257, "hostname": "steropes", "node_ip": "169.229.49.254", "config": {"starting_lr": 0.005, "momentum": 0.99, "weight_decay": 0.0001, "steps_per_iteration": null, "pin": false, "model_creator": null, "target_batch_size": 128, "model_string": "resnet50", "min_batch_size": 128, "dataset": "CIFAR", "placement": null, "use_nccl": true, "devices_per_worker": 1, "primary_resource": "extra_gpu", "gpu": false, "verbose": false, "lr_config": {"mode": "log", "steps": 5, "initial_lr": 0.005, "target_lr": 0.005}, "batch_per_device": 128}, "time_since_restore": 170.6267955303192, "timesteps_since_restore": 0, "iterations_since_restore": 4, "mean_throughput": 1406.5753933085912, "atoms": 1, "setup_time": 10.181680917739868}
