{"apply": 0.0170027494430542, "batch_time": 0.0419997565353973, "d2h": 0.0007436037063598633, "data_time": 0.0019456547544435467, "fwd": 0.11535904407501221, "get_state_time_mean": NaN, "get_state_time_total": 0.0, "grad": 0.17358722686767578, "mean_accuracy": 0.20600000023841858, "mean_loss": 2.0513012313842776, "neg_mean_accuracy": -0.20600000023841858, "set_state_time_mean": NaN, "set_state_time_total": 0.0, "setup_model_time_mean": 8.648698568344116, "setup_model_time_total": 8.648698568344116, "setup_proc_time_mean": 0.17756319046020508, "setup_proc_time_total": 0.17756319046020508, "train_accuracy": 0.144119992852211, "train_loss": 3.5690053523254393, "training_time_mean": NaN, "training_time_total": 0.0, "val_accuracy": 0.20600000023841858, "val_loss": 2.0513012313842776, "validation_time_mean": NaN, "validation_time_total": 0.0, "samples": 60000, "num_workers": 1, "done": false, "timesteps_total": null, "episodes_total": null, "training_iteration": 1, "neg_mean_loss": -2.0513012313842776, "experiment_id": "37ca5427fa644ca79fb8e0ac490acb56", "date": "2019-06-03_04-35-32", "timestamp": 1559561732, "time_this_iter_s": 46.24327611923218, "time_total_s": 46.24327611923218, "pid": 14921, "hostname": "steropes", "node_ip": "169.229.49.254", "config": {"starting_lr": 0.05, "momentum": 0.95, "weight_decay": 0.005, "steps_per_iteration": null, "pin": false, "model_creator": null, "target_batch_size": 128, "model_string": "resnet50", "min_batch_size": 128, "dataset": "CIFAR", "placement": null, "use_nccl": true, "devices_per_worker": 1, "primary_resource": "extra_gpu", "gpu": false, "verbose": false, "lr_config": {"mode": "log", "steps": 5, "initial_lr": 0.05, "target_lr": 0.05}, "batch_per_device": 128}, "time_since_restore": 46.24327611923218, "timesteps_since_restore": 0, "iterations_since_restore": 1, "mean_throughput": 1297.4833452210848, "atoms": 1, "setup_time": 9.248575925827026}
