apply,batch_time,d2h,data_time,fwd,get_state_time_mean,get_state_time_total,grad,mean_accuracy,mean_loss,neg_mean_accuracy,set_state_time_mean,set_state_time_total,setup_model_time_mean,setup_model_time_total,setup_proc_time_mean,setup_proc_time_total,train_accuracy,train_loss,training_time_mean,training_time_total,val_accuracy,val_loss,validation_time_mean,validation_time_total,samples,num_workers,done,timesteps_total,episodes_total,training_iteration,neg_mean_loss,experiment_id,date,timestamp,time_this_iter_s,time_total_s,pid,hostname,node_ip,config,time_since_restore,timesteps_since_restore,iterations_since_restore,mean_throughput,atoms,setup_time
0.01772961616516113,0.04662513129318817,0.0006422042846679687,0.0019127042092325743,0.11879889965057373,nan,0.0,0.1705617904663086,0.2498999983072281,5.381681341552734,-0.2498999983072281,nan,0.0,20.55971336364746,20.55971336364746,1.7924878597259521,1.7924878597259521,0.20583999156951904,2.4837258854675293,nan,0.0,0.2498999983072281,5.381681341552734,nan,0.0,60000,1,False,,,1,-5.381681341552734,fe8c40896c684bd5b2a4c40bdae20715,2019-06-06_07-02-58,1559829778,46.76732158660889,46.76732158660889,31645,steropes,169.229.49.254,"{'starting_lr': 0.001, 'momentum': 0.997, 'weight_decay': 0.0001, 'steps_per_iteration': None, 'pin': False, 'model_creator': None, 'target_batch_size': 128, 'model_string': 'resnet50', 'min_batch_size': 128, 'dataset': 'CIFAR', 'placement': None, 'use_nccl': True, 'devices_per_worker': 1, 'primary_resource': 'extra_gpu', 'gpu': False, 'verbose': False, 'lr_config': {'mode': 'log', 'steps': 5, 'initial_lr': 0.001, 'target_lr': 0.001}, 'batch_per_device': 128}",46.76732158660889,0,1,1282.9447473697371,1,22.447765111923218
0.017758798599243165,0.031826834135417696,0.0006811380386352539,0.0017703994155844763,0.0273972749710083,nan,0.0,0.04806065559387207,0.2748499885201454,18.76574451675415,-0.29979997873306274,nan,0.0,nan,0.0,nan,0.0,0.2754400074481964,3.084961775817871,nan,0.0,0.29979997873306274,32.149807691955566,nan,0.0,60000,1,False,,,2,-18.76574451675415,fe8c40896c684bd5b2a4c40bdae20715,2019-06-06_07-03-39,1559829819,40.60257339477539,87.36989498138428,31645,steropes,169.229.49.254,"{'starting_lr': 0.001, 'momentum': 0.997, 'weight_decay': 0.0001, 'steps_per_iteration': None, 'pin': False, 'model_creator': None, 'target_batch_size': 128, 'model_string': 'resnet50', 'min_batch_size': 128, 'dataset': 'CIFAR', 'placement': None, 'use_nccl': True, 'devices_per_worker': 1, 'primary_resource': 'extra_gpu', 'gpu': False, 'verbose': False, 'lr_config': {'mode': 'log', 'steps': 5, 'initial_lr': 0.001, 'target_lr': 0.001}, 'batch_per_device': 128}",87.36989498138428,0,2,1373.4660264190488,1,22.447765111923218
0.017571449279785156,0.03143441224400001,0.0006505966186523438,0.0017446386234839554,0.027403879165649413,nan,0.0,0.0471531867980957,0.2871333211660385,18.300109778086345,-0.3116999864578247,nan,0.0,nan,0.0,nan,0.0,0.2697799801826477,3.620656628341675,nan,0.0,0.3116999864578247,17.368840300750733,nan,0.0,60000,1,False,,,3,-18.300109778086345,fe8c40896c684bd5b2a4c40bdae20715,2019-06-06_07-04-19,1559829859,40.32476019859314,127.69465517997742,31645,steropes,169.229.49.254,"{'starting_lr': 0.001, 'momentum': 0.997, 'weight_decay': 0.0001, 'steps_per_iteration': None, 'pin': False, 'model_creator': None, 'target_batch_size': 128, 'model_string': 'resnet50', 'min_batch_size': 128, 'dataset': 'CIFAR', 'placement': None, 'use_nccl': True, 'devices_per_worker': 1, 'primary_resource': 'extra_gpu', 'gpu': False, 'verbose': False, 'lr_config': {'mode': 'log', 'steps': 5, 'initial_lr': 0.001, 'target_lr': 0.001}, 'batch_per_device': 128}",127.69465517997742,0,3,1409.6083737081094,1,22.447765111923218
0.017560601234436035,0.03096027615704114,0.0006764411926269531,0.0017656993378153847,0.027389216423034667,nan,0.0,0.04797978401184082,0.2947999872267246,15.318200122070312,-0.31779998540878296,nan,0.0,nan,0.0,nan,0.0,0.2947999835014343,2.480681198272705,nan,0.0,0.31779998540878296,6.372471154022217,nan,0.0,60000,1,False,,,4,-15.318200122070312,fe8c40896c684bd5b2a4c40bdae20715,2019-06-06_07-05-00,1559829900,40.4395387172699,168.13419389724731,31645,steropes,169.229.49.254,"{'starting_lr': 0.001, 'momentum': 0.997, 'weight_decay': 0.0001, 'steps_per_iteration': None, 'pin': False, 'model_creator': None, 'target_batch_size': 128, 'model_string': 'resnet50', 'min_batch_size': 128, 'dataset': 'CIFAR', 'placement': None, 'use_nccl': True, 'devices_per_worker': 1, 'primary_resource': 'extra_gpu', 'gpu': False, 'verbose': False, 'lr_config': {'mode': 'log', 'steps': 5, 'initial_lr': 0.001, 'target_lr': 0.001}, 'batch_per_device': 128}",168.13419389724731,0,4,1427.4272775883926,1,22.447765111923218
0.01756448745727539,0.03126510487327093,0.0008418560028076172,0.0018351285353950832,0.02753293514251709,nan,0.0,0.047910094261169434,0.2939799875020981,12.683271616783141,-0.2906999886035919,nan,0.0,nan,0.0,nan,0.0,0.30291998386383057,2.333980837097168,nan,0.0,0.2906999886035919,2.1435575956344604,nan,0.0,60000,1,False,,,5,-12.683271616783141,fe8c40896c684bd5b2a4c40bdae20715,2019-06-06_07-05-40,1559829940,40.41028451919556,208.54447841644287,31645,steropes,169.229.49.254,"{'starting_lr': 0.001, 'momentum': 0.997, 'weight_decay': 0.0001, 'steps_per_iteration': None, 'pin': False, 'model_creator': None, 'target_batch_size': 128, 'model_string': 'resnet50', 'min_batch_size': 128, 'dataset': 'CIFAR', 'placement': None, 'use_nccl': True, 'devices_per_worker': 1, 'primary_resource': 'extra_gpu', 'gpu': False, 'verbose': False, 'lr_config': {'mode': 'log', 'steps': 5, 'initial_lr': 0.001, 'target_lr': 0.001}, 'batch_per_device': 128}",208.54447841644287,0,5,1438.5383029775926,1,22.447765111923218
0.017929935455322267,0.03112932700145094,0.0006731033325195312,0.0017719543193612257,0.028025126457214354,nan,0.0,0.047800636291503905,0.2867999881505966,16.4666449389267,-0.21400000154972076,nan,0.0,nan,0.0,nan,0.0,0.22713999450206757,2.7542667205810547,nan,0.0,0.21400000154972076,24.298547952270507,nan,0.0,60000,1,False,,,6,-16.4666449389267,fe8c40896c684bd5b2a4c40bdae20715,2019-06-06_07-06-21,1559829981,40.4180166721344,248.96249508857727,31645,steropes,169.229.49.254,"{'starting_lr': 0.001, 'momentum': 0.997, 'weight_decay': 0.0001, 'steps_per_iteration': None, 'pin': False, 'model_creator': None, 'target_batch_size': 128, 'model_string': 'resnet50', 'min_batch_size': 128, 'dataset': 'CIFAR', 'placement': None, 'use_nccl': True, 'devices_per_worker': 1, 'primary_resource': 'extra_gpu', 'gpu': False, 'verbose': False, 'lr_config': {'mode': 'log', 'steps': 5, 'initial_lr': 0.001, 'target_lr': 0.001}, 'batch_per_device': 128}",248.96249508857727,0,6,1483.7110452024203,1,22.447765111923218
0.017601656913757324,0.031659687621684016,0.000667119026184082,0.0017579046966474685,0.027430629730224608,nan,0.0,0.047743582725524904,0.28897999227046967,11.003947113189696,-0.310699999332428,nan,0.0,nan,0.0,nan,0.0,0.2553199827671051,2.4400869412231447,nan,0.0,0.310699999332428,4.836318563270569,nan,0.0,60000,1,False,,,7,-11.003947113189696,fe8c40896c684bd5b2a4c40bdae20715,2019-06-06_07-07-01,1559830021,40.432390451431274,289.39488554000854,31645,steropes,169.229.49.254,"{'starting_lr': 0.001, 'momentum': 0.997, 'weight_decay': 0.0001, 'steps_per_iteration': None, 'pin': False, 'model_creator': None, 'target_batch_size': 128, 'model_string': 'resnet50', 'min_batch_size': 128, 'dataset': 'CIFAR', 'placement': None, 'use_nccl': True, 'devices_per_worker': 1, 'primary_resource': 'extra_gpu', 'gpu': False, 'verbose': False, 'lr_config': {'mode': 'log', 'steps': 5, 'initial_lr': 0.001, 'target_lr': 0.001}, 'batch_per_device': 128}",289.39488554000854,0,7,1484.9619134167942,1,22.447765111923218
0.017475271224975587,0.031170000003862986,0.0006418228149414062,0.001750235667314066,0.027997756004333497,nan,0.0,0.048016810417175294,0.29201999604701995,7.919113642883299,-0.32690000534057617,nan,0.0,nan,0.0,nan,0.0,0.27357998490333557,2.1559750673675535,nan,0.0,0.32690000534057617,1.94467294921875,nan,0.0,60000,1,True,,,8,-7.919113642883299,fe8c40896c684bd5b2a4c40bdae20715,2019-06-06_07-07-41,1559830061,40.22583031654358,329.6207158565521,31645,steropes,169.229.49.254,"{'starting_lr': 0.001, 'momentum': 0.997, 'weight_decay': 0.0001, 'steps_per_iteration': None, 'pin': False, 'model_creator': None, 'target_batch_size': 128, 'model_string': 'resnet50', 'min_batch_size': 128, 'dataset': 'CIFAR', 'placement': None, 'use_nccl': True, 'devices_per_worker': 1, 'primary_resource': 'extra_gpu', 'gpu': False, 'verbose': False, 'lr_config': {'mode': 'log', 'steps': 5, 'initial_lr': 0.001, 'target_lr': 0.001}, 'batch_per_device': 128}",329.6207158565521,0,8,1485.6894710299832,1,22.447765111923218
