{"apply": 0.01772961616516113, "batch_time": 0.04662513129318817, "d2h": 0.0006422042846679687, "data_time": 0.0019127042092325743, "fwd": 0.11879889965057373, "get_state_time_mean": NaN, "get_state_time_total": 0.0, "grad": 0.1705617904663086, "mean_accuracy": 0.2498999983072281, "mean_loss": 5.381681341552734, "neg_mean_accuracy": -0.2498999983072281, "set_state_time_mean": NaN, "set_state_time_total": 0.0, "setup_model_time_mean": 20.55971336364746, "setup_model_time_total": 20.55971336364746, "setup_proc_time_mean": 1.7924878597259521, "setup_proc_time_total": 1.7924878597259521, "train_accuracy": 0.20583999156951904, "train_loss": 2.4837258854675293, "training_time_mean": NaN, "training_time_total": 0.0, "val_accuracy": 0.2498999983072281, "val_loss": 5.381681341552734, "validation_time_mean": NaN, "validation_time_total": 0.0, "samples": 60000, "num_workers": 1, "done": false, "timesteps_total": null, "episodes_total": null, "training_iteration": 1, "neg_mean_loss": -5.381681341552734, "experiment_id": "fe8c40896c684bd5b2a4c40bdae20715", "date": "2019-06-06_07-02-58", "timestamp": 1559829778, "time_this_iter_s": 46.76732158660889, "time_total_s": 46.76732158660889, "pid": 31645, "hostname": "steropes", "node_ip": "169.229.49.254", "config": {"starting_lr": 0.001, "momentum": 0.997, "weight_decay": 0.0001, "steps_per_iteration": null, "pin": false, "model_creator": null, "target_batch_size": 128, "model_string": "resnet50", "min_batch_size": 128, "dataset": "CIFAR", "placement": null, "use_nccl": true, "devices_per_worker": 1, "primary_resource": "extra_gpu", "gpu": false, "verbose": false, "lr_config": {"mode": "log", "steps": 5, "initial_lr": 0.001, "target_lr": 0.001}, "batch_per_device": 128}, "time_since_restore": 46.76732158660889, "timesteps_since_restore": 0, "iterations_since_restore": 1, "mean_throughput": 1282.9447473697371, "atoms": 1, "setup_time": 22.447765111923218}
{"apply": 0.017758798599243165, "batch_time": 0.031826834135417696, "d2h": 0.0006811380386352539, "data_time": 0.0017703994155844763, "fwd": 0.0273972749710083, "get_state_time_mean": NaN, "get_state_time_total": 0.0, "grad": 0.04806065559387207, "mean_accuracy": 0.2748499885201454, "mean_loss": 18.76574451675415, "neg_mean_accuracy": -0.29979997873306274, "set_state_time_mean": NaN, "set_state_time_total": 0.0, "setup_model_time_mean": NaN, "setup_model_time_total": 0.0, "setup_proc_time_mean": NaN, "setup_proc_time_total": 0.0, "train_accuracy": 0.2754400074481964, "train_loss": 3.084961775817871, "training_time_mean": NaN, "training_time_total": 0.0, "val_accuracy": 0.29979997873306274, "val_loss": 32.149807691955566, "validation_time_mean": NaN, "validation_time_total": 0.0, "samples": 60000, "num_workers": 1, "done": false, "timesteps_total": null, "episodes_total": null, "training_iteration": 2, "neg_mean_loss": -18.76574451675415, "experiment_id": "fe8c40896c684bd5b2a4c40bdae20715", "date": "2019-06-06_07-03-39", "timestamp": 1559829819, "time_this_iter_s": 40.60257339477539, "time_total_s": 87.36989498138428, "pid": 31645, "hostname": "steropes", "node_ip": "169.229.49.254", "config": {"starting_lr": 0.001, "momentum": 0.997, "weight_decay": 0.0001, "steps_per_iteration": null, "pin": false, "model_creator": null, "target_batch_size": 128, "model_string": "resnet50", "min_batch_size": 128, "dataset": "CIFAR", "placement": null, "use_nccl": true, "devices_per_worker": 1, "primary_resource": "extra_gpu", "gpu": false, "verbose": false, "lr_config": {"mode": "log", "steps": 5, "initial_lr": 0.001, "target_lr": 0.001}, "batch_per_device": 128}, "time_since_restore": 87.36989498138428, "timesteps_since_restore": 0, "iterations_since_restore": 2, "mean_throughput": 1373.4660264190488, "atoms": 1, "setup_time": 22.447765111923218}
{"apply": 0.017571449279785156, "batch_time": 0.03143441224400001, "d2h": 0.0006505966186523438, "data_time": 0.0017446386234839554, "fwd": 0.027403879165649413, "get_state_time_mean": NaN, "get_state_time_total": 0.0, "grad": 0.0471531867980957, "mean_accuracy": 0.2871333211660385, "mean_loss": 18.300109778086345, "neg_mean_accuracy": -0.3116999864578247, "set_state_time_mean": NaN, "set_state_time_total": 0.0, "setup_model_time_mean": NaN, "setup_model_time_total": 0.0, "setup_proc_time_mean": NaN, "setup_proc_time_total": 0.0, "train_accuracy": 0.2697799801826477, "train_loss": 3.620656628341675, "training_time_mean": NaN, "training_time_total": 0.0, "val_accuracy": 0.3116999864578247, "val_loss": 17.368840300750733, "validation_time_mean": NaN, "validation_time_total": 0.0, "samples": 60000, "num_workers": 1, "done": false, "timesteps_total": null, "episodes_total": null, "training_iteration": 3, "neg_mean_loss": -18.300109778086345, "experiment_id": "fe8c40896c684bd5b2a4c40bdae20715", "date": "2019-06-06_07-04-19", "timestamp": 1559829859, "time_this_iter_s": 40.32476019859314, "time_total_s": 127.69465517997742, "pid": 31645, "hostname": "steropes", "node_ip": "169.229.49.254", "config": {"starting_lr": 0.001, "momentum": 0.997, "weight_decay": 0.0001, "steps_per_iteration": null, "pin": false, "model_creator": null, "target_batch_size": 128, "model_string": "resnet50", "min_batch_size": 128, "dataset": "CIFAR", "placement": null, "use_nccl": true, "devices_per_worker": 1, "primary_resource": "extra_gpu", "gpu": false, "verbose": false, "lr_config": {"mode": "log", "steps": 5, "initial_lr": 0.001, "target_lr": 0.001}, "batch_per_device": 128}, "time_since_restore": 127.69465517997742, "timesteps_since_restore": 0, "iterations_since_restore": 3, "mean_throughput": 1409.6083737081094, "atoms": 1, "setup_time": 22.447765111923218}
{"apply": 0.017560601234436035, "batch_time": 0.03096027615704114, "d2h": 0.0006764411926269531, "data_time": 0.0017656993378153847, "fwd": 0.027389216423034667, "get_state_time_mean": NaN, "get_state_time_total": 0.0, "grad": 0.04797978401184082, "mean_accuracy": 0.2947999872267246, "mean_loss": 15.318200122070312, "neg_mean_accuracy": -0.31779998540878296, "set_state_time_mean": NaN, "set_state_time_total": 0.0, "setup_model_time_mean": NaN, "setup_model_time_total": 0.0, "setup_proc_time_mean": NaN, "setup_proc_time_total": 0.0, "train_accuracy": 0.2947999835014343, "train_loss": 2.480681198272705, "training_time_mean": NaN, "training_time_total": 0.0, "val_accuracy": 0.31779998540878296, "val_loss": 6.372471154022217, "validation_time_mean": NaN, "validation_time_total": 0.0, "samples": 60000, "num_workers": 1, "done": false, "timesteps_total": null, "episodes_total": null, "training_iteration": 4, "neg_mean_loss": -15.318200122070312, "experiment_id": "fe8c40896c684bd5b2a4c40bdae20715", "date": "2019-06-06_07-05-00", "timestamp": 1559829900, "time_this_iter_s": 40.4395387172699, "time_total_s": 168.13419389724731, "pid": 31645, "hostname": "steropes", "node_ip": "169.229.49.254", "config": {"starting_lr": 0.001, "momentum": 0.997, "weight_decay": 0.0001, "steps_per_iteration": null, "pin": false, "model_creator": null, "target_batch_size": 128, "model_string": "resnet50", "min_batch_size": 128, "dataset": "CIFAR", "placement": null, "use_nccl": true, "devices_per_worker": 1, "primary_resource": "extra_gpu", "gpu": false, "verbose": false, "lr_config": {"mode": "log", "steps": 5, "initial_lr": 0.001, "target_lr": 0.001}, "batch_per_device": 128}, "time_since_restore": 168.13419389724731, "timesteps_since_restore": 0, "iterations_since_restore": 4, "mean_throughput": 1427.4272775883926, "atoms": 1, "setup_time": 22.447765111923218}
{"apply": 0.01756448745727539, "batch_time": 0.03126510487327093, "d2h": 0.0008418560028076172, "data_time": 0.0018351285353950832, "fwd": 0.02753293514251709, "get_state_time_mean": NaN, "get_state_time_total": 0.0, "grad": 0.047910094261169434, "mean_accuracy": 0.2939799875020981, "mean_loss": 12.683271616783141, "neg_mean_accuracy": -0.2906999886035919, "set_state_time_mean": NaN, "set_state_time_total": 0.0, "setup_model_time_mean": NaN, "setup_model_time_total": 0.0, "setup_proc_time_mean": NaN, "setup_proc_time_total": 0.0, "train_accuracy": 0.30291998386383057, "train_loss": 2.333980837097168, "training_time_mean": NaN, "training_time_total": 0.0, "val_accuracy": 0.2906999886035919, "val_loss": 2.1435575956344604, "validation_time_mean": NaN, "validation_time_total": 0.0, "samples": 60000, "num_workers": 1, "done": false, "timesteps_total": null, "episodes_total": null, "training_iteration": 5, "neg_mean_loss": -12.683271616783141, "experiment_id": "fe8c40896c684bd5b2a4c40bdae20715", "date": "2019-06-06_07-05-40", "timestamp": 1559829940, "time_this_iter_s": 40.41028451919556, "time_total_s": 208.54447841644287, "pid": 31645, "hostname": "steropes", "node_ip": "169.229.49.254", "config": {"starting_lr": 0.001, "momentum": 0.997, "weight_decay": 0.0001, "steps_per_iteration": null, "pin": false, "model_creator": null, "target_batch_size": 128, "model_string": "resnet50", "min_batch_size": 128, "dataset": "CIFAR", "placement": null, "use_nccl": true, "devices_per_worker": 1, "primary_resource": "extra_gpu", "gpu": false, "verbose": false, "lr_config": {"mode": "log", "steps": 5, "initial_lr": 0.001, "target_lr": 0.001}, "batch_per_device": 128}, "time_since_restore": 208.54447841644287, "timesteps_since_restore": 0, "iterations_since_restore": 5, "mean_throughput": 1438.5383029775926, "atoms": 1, "setup_time": 22.447765111923218}
{"apply": 0.017929935455322267, "batch_time": 0.03112932700145094, "d2h": 0.0006731033325195312, "data_time": 0.0017719543193612257, "fwd": 0.028025126457214354, "get_state_time_mean": NaN, "get_state_time_total": 0.0, "grad": 0.047800636291503905, "mean_accuracy": 0.2867999881505966, "mean_loss": 16.4666449389267, "neg_mean_accuracy": -0.21400000154972076, "set_state_time_mean": NaN, "set_state_time_total": 0.0, "setup_model_time_mean": NaN, "setup_model_time_total": 0.0, "setup_proc_time_mean": NaN, "setup_proc_time_total": 0.0, "train_accuracy": 0.22713999450206757, "train_loss": 2.7542667205810547, "training_time_mean": NaN, "training_time_total": 0.0, "val_accuracy": 0.21400000154972076, "val_loss": 24.298547952270507, "validation_time_mean": NaN, "validation_time_total": 0.0, "samples": 60000, "num_workers": 1, "done": false, "timesteps_total": null, "episodes_total": null, "training_iteration": 6, "neg_mean_loss": -16.4666449389267, "experiment_id": "fe8c40896c684bd5b2a4c40bdae20715", "date": "2019-06-06_07-06-21", "timestamp": 1559829981, "time_this_iter_s": 40.4180166721344, "time_total_s": 248.96249508857727, "pid": 31645, "hostname": "steropes", "node_ip": "169.229.49.254", "config": {"starting_lr": 0.001, "momentum": 0.997, "weight_decay": 0.0001, "steps_per_iteration": null, "pin": false, "model_creator": null, "target_batch_size": 128, "model_string": "resnet50", "min_batch_size": 128, "dataset": "CIFAR", "placement": null, "use_nccl": true, "devices_per_worker": 1, "primary_resource": "extra_gpu", "gpu": false, "verbose": false, "lr_config": {"mode": "log", "steps": 5, "initial_lr": 0.001, "target_lr": 0.001}, "batch_per_device": 128}, "time_since_restore": 248.96249508857727, "timesteps_since_restore": 0, "iterations_since_restore": 6, "mean_throughput": 1483.7110452024203, "atoms": 1, "setup_time": 22.447765111923218}
{"apply": 0.017601656913757324, "batch_time": 0.031659687621684016, "d2h": 0.000667119026184082, "data_time": 0.0017579046966474685, "fwd": 0.027430629730224608, "get_state_time_mean": NaN, "get_state_time_total": 0.0, "grad": 0.047743582725524904, "mean_accuracy": 0.28897999227046967, "mean_loss": 11.003947113189696, "neg_mean_accuracy": -0.310699999332428, "set_state_time_mean": NaN, "set_state_time_total": 0.0, "setup_model_time_mean": NaN, "setup_model_time_total": 0.0, "setup_proc_time_mean": NaN, "setup_proc_time_total": 0.0, "train_accuracy": 0.2553199827671051, "train_loss": 2.4400869412231447, "training_time_mean": NaN, "training_time_total": 0.0, "val_accuracy": 0.310699999332428, "val_loss": 4.836318563270569, "validation_time_mean": NaN, "validation_time_total": 0.0, "samples": 60000, "num_workers": 1, "done": false, "timesteps_total": null, "episodes_total": null, "training_iteration": 7, "neg_mean_loss": -11.003947113189696, "experiment_id": "fe8c40896c684bd5b2a4c40bdae20715", "date": "2019-06-06_07-07-01", "timestamp": 1559830021, "time_this_iter_s": 40.432390451431274, "time_total_s": 289.39488554000854, "pid": 31645, "hostname": "steropes", "node_ip": "169.229.49.254", "config": {"starting_lr": 0.001, "momentum": 0.997, "weight_decay": 0.0001, "steps_per_iteration": null, "pin": false, "model_creator": null, "target_batch_size": 128, "model_string": "resnet50", "min_batch_size": 128, "dataset": "CIFAR", "placement": null, "use_nccl": true, "devices_per_worker": 1, "primary_resource": "extra_gpu", "gpu": false, "verbose": false, "lr_config": {"mode": "log", "steps": 5, "initial_lr": 0.001, "target_lr": 0.001}, "batch_per_device": 128}, "time_since_restore": 289.39488554000854, "timesteps_since_restore": 0, "iterations_since_restore": 7, "mean_throughput": 1484.9619134167942, "atoms": 1, "setup_time": 22.447765111923218}
{"apply": 0.017475271224975587, "batch_time": 0.031170000003862986, "d2h": 0.0006418228149414062, "data_time": 0.001750235667314066, "fwd": 0.027997756004333497, "get_state_time_mean": NaN, "get_state_time_total": 0.0, "grad": 0.048016810417175294, "mean_accuracy": 0.29201999604701995, "mean_loss": 7.919113642883299, "neg_mean_accuracy": -0.32690000534057617, "set_state_time_mean": NaN, "set_state_time_total": 0.0, "setup_model_time_mean": NaN, "setup_model_time_total": 0.0, "setup_proc_time_mean": NaN, "setup_proc_time_total": 0.0, "train_accuracy": 0.27357998490333557, "train_loss": 2.1559750673675535, "training_time_mean": NaN, "training_time_total": 0.0, "val_accuracy": 0.32690000534057617, "val_loss": 1.94467294921875, "validation_time_mean": NaN, "validation_time_total": 0.0, "samples": 60000, "num_workers": 1, "done": true, "timesteps_total": null, "episodes_total": null, "training_iteration": 8, "neg_mean_loss": -7.919113642883299, "experiment_id": "fe8c40896c684bd5b2a4c40bdae20715", "date": "2019-06-06_07-07-41", "timestamp": 1559830061, "time_this_iter_s": 40.22583031654358, "time_total_s": 329.6207158565521, "pid": 31645, "hostname": "steropes", "node_ip": "169.229.49.254", "config": {"starting_lr": 0.001, "momentum": 0.997, "weight_decay": 0.0001, "steps_per_iteration": null, "pin": false, "model_creator": null, "target_batch_size": 128, "model_string": "resnet50", "min_batch_size": 128, "dataset": "CIFAR", "placement": null, "use_nccl": true, "devices_per_worker": 1, "primary_resource": "extra_gpu", "gpu": false, "verbose": false, "lr_config": {"mode": "log", "steps": 5, "initial_lr": 0.001, "target_lr": 0.001}, "batch_per_device": 128}, "time_since_restore": 329.6207158565521, "timesteps_since_restore": 0, "iterations_since_restore": 8, "mean_throughput": 1485.6894710299832, "atoms": 1, "setup_time": 22.447765111923218}
