{"apply": 0.017986345291137695, "batch_time": 0.051312875144089325, "d2h": 0.0007649660110473633, "data_time": 0.0019113523575960828, "fwd": 0.14913296699523926, "get_state_time_mean": NaN, "get_state_time_total": 0.0, "grad": 0.25392653942108157, "mean_accuracy": 0.1492999941110611, "mean_loss": 2.2108918659210204, "neg_mean_accuracy": -0.1492999941110611, "set_state_time_mean": NaN, "set_state_time_total": 0.0, "setup_model_time_mean": 16.25209879875183, "setup_model_time_total": 16.25209879875183, "setup_proc_time_mean": 1.8181469440460205, "setup_proc_time_total": 1.8181469440460205, "train_accuracy": 0.1671999990940094, "train_loss": 3.3434997833251954, "training_time_mean": NaN, "training_time_total": 0.0, "val_accuracy": 0.1492999941110611, "val_loss": 2.2108918659210204, "validation_time_mean": NaN, "validation_time_total": 0.0, "samples": 60000, "num_workers": 1, "done": false, "timesteps_total": null, "episodes_total": null, "training_iteration": 1, "neg_mean_loss": -2.2108918659210204, "experiment_id": "d3514db94d144ff8a414c005ffa0191f", "date": "2019-06-02_20-14-40", "timestamp": 1559531680, "time_this_iter_s": 48.57677698135376, "time_total_s": 48.57677698135376, "pid": 18844, "hostname": "steropes", "node_ip": "169.229.49.254", "config": {"starting_lr": 0.01, "momentum": 0.99, "weight_decay": 0.005, "steps_per_iteration": null, "pin": false, "model_creator": null, "target_batch_size": 128, "model_string": "resnet50", "min_batch_size": 128, "dataset": "CIFAR", "placement": null, "use_nccl": true, "devices_per_worker": 1, "primary_resource": "extra_gpu", "gpu": false, "verbose": false, "lr_config": {"mode": "log", "steps": 5, "initial_lr": 0.01, "target_lr": 0.01}, "batch_per_device": 128}, "time_since_restore": 48.57677698135376, "timesteps_since_restore": 0, "iterations_since_restore": 1, "mean_throughput": 1235.1559933271662, "atoms": 1, "setup_time": 19.707807540893555}
{"apply": 0.01816716194152832, "batch_time": 0.03187086612363405, "d2h": 0.0006584882736206055, "data_time": 0.001840954241545304, "fwd": 0.028285574913024903, "get_state_time_mean": NaN, "get_state_time_total": 0.0, "grad": 0.0474738597869873, "mean_accuracy": 0.2588999941945076, "mean_loss": 1.9783500644683838, "neg_mean_accuracy": -0.3684999942779541, "set_state_time_mean": NaN, "set_state_time_total": 0.0, "setup_model_time_mean": NaN, "setup_model_time_total": 0.0, "setup_proc_time_mean": NaN, "setup_proc_time_total": 0.0, "train_accuracy": 0.28676000237464905, "train_loss": 1.9038432773590088, "training_time_mean": NaN, "training_time_total": 0.0, "val_accuracy": 0.3684999942779541, "val_loss": 1.745808263015747, "validation_time_mean": NaN, "validation_time_total": 0.0, "samples": 60000, "num_workers": 1, "done": false, "timesteps_total": null, "episodes_total": null, "training_iteration": 2, "neg_mean_loss": -1.9783500644683838, "experiment_id": "d3514db94d144ff8a414c005ffa0191f", "date": "2019-06-02_20-15-22", "timestamp": 1559531722, "time_this_iter_s": 42.077340841293335, "time_total_s": 90.6541178226471, "pid": 18844, "hostname": "steropes", "node_ip": "169.229.49.254", "config": {"starting_lr": 0.01, "momentum": 0.99, "weight_decay": 0.005, "steps_per_iteration": null, "pin": false, "model_creator": null, "target_batch_size": 128, "model_string": "resnet50", "min_batch_size": 128, "dataset": "CIFAR", "placement": null, "use_nccl": true, "devices_per_worker": 1, "primary_resource": "extra_gpu", "gpu": false, "verbose": false, "lr_config": {"mode": "log", "steps": 5, "initial_lr": 0.01, "target_lr": 0.01}, "batch_per_device": 128}, "time_since_restore": 90.6541178226471, "timesteps_since_restore": 0, "iterations_since_restore": 2, "mean_throughput": 1323.7070414585146, "atoms": 1, "setup_time": 19.707807540893555}
{"apply": 0.018026351928710938, "batch_time": 0.03251937371266039, "d2h": 0.0006323575973510743, "data_time": 0.0018164410310633043, "fwd": 0.028270888328552245, "get_state_time_mean": NaN, "get_state_time_total": 0.0, "grad": 0.04786384105682373, "mean_accuracy": 0.29099999368190765, "mean_loss": 1.9110739779154458, "neg_mean_accuracy": -0.35519999265670776, "set_state_time_mean": NaN, "set_state_time_total": 0.0, "setup_model_time_mean": NaN, "setup_model_time_total": 0.0, "setup_proc_time_mean": NaN, "setup_proc_time_total": 0.0, "train_accuracy": 0.35687997937202454, "train_loss": 1.7415788510894776, "training_time_mean": NaN, "training_time_total": 0.0, "val_accuracy": 0.35519999265670776, "val_loss": 1.7765218048095703, "validation_time_mean": NaN, "validation_time_total": 0.0, "samples": 60000, "num_workers": 1, "done": true, "timesteps_total": null, "episodes_total": null, "training_iteration": 3, "neg_mean_loss": -1.9110739779154458, "experiment_id": "d3514db94d144ff8a414c005ffa0191f", "date": "2019-06-02_20-16-03", "timestamp": 1559531763, "time_this_iter_s": 41.145593881607056, "time_total_s": 131.79971170425415, "pid": 18844, "hostname": "steropes", "node_ip": "169.229.49.254", "config": {"starting_lr": 0.01, "momentum": 0.99, "weight_decay": 0.005, "steps_per_iteration": null, "pin": false, "model_creator": null, "target_batch_size": 128, "model_string": "resnet50", "min_batch_size": 128, "dataset": "CIFAR", "placement": null, "use_nccl": true, "devices_per_worker": 1, "primary_resource": "extra_gpu", "gpu": false, "verbose": false, "lr_config": {"mode": "log", "steps": 5, "initial_lr": 0.01, "target_lr": 0.01}, "batch_per_device": 128}, "time_since_restore": 131.79971170425415, "timesteps_since_restore": 0, "iterations_since_restore": 3, "mean_throughput": 1365.7037350270355, "atoms": 1, "setup_time": 19.707807540893555}
