apply,batch_time,d2h,data_time,fwd,get_state_time_mean,get_state_time_total,grad,mean_accuracy,mean_loss,neg_mean_accuracy,set_state_time_mean,set_state_time_total,setup_model_time_mean,setup_model_time_total,setup_proc_time_mean,setup_proc_time_total,train_accuracy,train_loss,training_time_mean,training_time_total,validation_time_mean,validation_time_total,samples,num_workers,done,timesteps_total,episodes_total,training_iteration,neg_mean_loss,experiment_id,date,timestamp,time_this_iter_s,time_total_s,pid,hostname,node_ip,config,time_since_restore,timesteps_since_restore,iterations_since_restore,mean_throughput,atoms,resource_time
0.007480263710021973,0.16784911155700682,0.004893755912780762,0.03287612662023427,0.08065276145935059,nan,0.0,0.1670980215072632,0.26809999346733093,2.0058585929870607,-0.26809999346733093,nan,0.0,15.022401809692383,15.022401809692383,1.8020188808441162,1.8020188808441162,0.16147999465465546,3.920329578323364,nan,0.0,nan,0.0,60000,1,False,,,1,-2.0058585929870607,efe0a1845fe94806924f0748e57e3f10,2019-05-30_14-35-50,1559252150,11.784813165664673,11.784813165664673,13470,steropes,169.229.49.254,"{'starting_lr': 0.0005, 'momentum': 0.99, 'weight_decay': 0.005, 'steps_per_iteration': None, 'pin': False, 'model_creator': None, 'target_batch_size': 1024, 'model_string': 'resnet18', 'min_batch_size': 512, 'dataset': 'CIFAR', 'placement': None, 'use_nccl': True, 'devices_per_worker': 1, 'primary_resource': 'extra_gpu', 'gpu': False, 'verbose': False, 'lr_config': {'mode': 'log', 'steps': 5, 'initial_lr': 0.0005, 'target_lr': 0.0005}, 'batch_per_device': 1024}",11.784813165664673,0,1,5091.258709327961,1,11.784813165664673
0.008321690559387206,0.1423630952835083,0.006479239463806153,0.03895955669636629,0.027356863021850586,nan,0.0,0.04968705177307129,0.359499990940094,1.7500976572036744,-0.359499990940094,nan,0.0,nan,0.0,nan,0.0,0.30357998609542847,1.9228897360229493,nan,0.0,nan,0.0,60000,1,False,,,2,-1.7500976572036744,efe0a1845fe94806924f0748e57e3f10,2019-05-30_14-35-59,1559252159,8.057783603668213,19.842596769332886,13470,steropes,169.229.49.254,"{'starting_lr': 0.0005, 'momentum': 0.99, 'weight_decay': 0.005, 'steps_per_iteration': None, 'pin': False, 'model_creator': None, 'target_batch_size': 1024, 'model_string': 'resnet18', 'min_batch_size': 512, 'dataset': 'CIFAR', 'placement': None, 'use_nccl': True, 'devices_per_worker': 1, 'primary_resource': 'extra_gpu', 'gpu': False, 'verbose': False, 'lr_config': {'mode': 'log', 'steps': 5, 'initial_lr': 0.0005, 'target_lr': 0.0005}, 'batch_per_device': 1024}",19.842596769332886,0,2,6047.543962300608,1,19.842596769332886
0.007780289649963379,0.1404902458190918,0.0074179649353027345,0.04820541459686902,0.02633397579193115,nan,0.0,0.04494171142578125,0.4267999827861786,1.5645704347610474,-0.4267999827861786,nan,0.0,nan,0.0,nan,0.0,0.3709999918937683,1.71232699760437,nan,0.0,nan,0.0,60000,1,False,,,3,-1.5645704347610474,efe0a1845fe94806924f0748e57e3f10,2019-05-30_14-36-07,1559252167,8.873176336288452,28.715773105621338,13470,steropes,169.229.49.254,"{'starting_lr': 0.0005, 'momentum': 0.99, 'weight_decay': 0.005, 'steps_per_iteration': None, 'pin': False, 'model_creator': None, 'target_batch_size': 1024, 'model_string': 'resnet18', 'min_batch_size': 512, 'dataset': 'CIFAR', 'placement': None, 'use_nccl': True, 'devices_per_worker': 1, 'primary_resource': 'extra_gpu', 'gpu': False, 'verbose': False, 'lr_config': {'mode': 'log', 'steps': 5, 'initial_lr': 0.0005, 'target_lr': 0.0005}, 'batch_per_device': 1024}",28.715773105621338,0,3,6268.263008982564,1,28.715773105621338
0.009900689125061035,0.16506540775299072,0.007750868797302246,0.045698044251422494,0.0318950891494751,nan,0.0,0.05077228546142578,0.44599997997283936,1.4984553384780883,-0.44599997997283936,nan,0.0,nan,0.0,nan,0.0,0.41110000014305115,1.5941976139068603,nan,0.0,nan,0.0,60000,1,False,,,4,-1.4984553384780883,efe0a1845fe94806924f0748e57e3f10,2019-05-30_14-36-17,1559252177,9.13886547088623,37.85463857650757,13470,steropes,169.229.49.254,"{'starting_lr': 0.0005, 'momentum': 0.99, 'weight_decay': 0.005, 'steps_per_iteration': None, 'pin': False, 'model_creator': None, 'target_batch_size': 1024, 'model_string': 'resnet18', 'min_batch_size': 512, 'dataset': 'CIFAR', 'placement': None, 'use_nccl': True, 'devices_per_worker': 1, 'primary_resource': 'extra_gpu', 'gpu': False, 'verbose': False, 'lr_config': {'mode': 'log', 'steps': 5, 'initial_lr': 0.0005, 'target_lr': 0.0005}, 'batch_per_device': 1024}",37.85463857650757,0,4,6339.939897876524,1,37.85463857650757
0.007937335968017578,0.17239322662353515,0.007965874671936036,0.03239886614741111,0.02593076229095459,nan,0.0,0.059373664855957034,0.48639997839927673,1.4028585662841797,-0.48639997839927673,nan,0.0,nan,0.0,nan,0.0,0.4423999786376953,1.5092843366241455,nan,0.0,nan,0.0,60000,1,False,,,5,-1.4028585662841797,efe0a1845fe94806924f0748e57e3f10,2019-05-30_14-36-25,1559252185,8.604794263839722,46.45943284034729,13470,steropes,169.229.49.254,"{'starting_lr': 0.0005, 'momentum': 0.99, 'weight_decay': 0.005, 'steps_per_iteration': None, 'pin': False, 'model_creator': None, 'target_batch_size': 1024, 'model_string': 'resnet18', 'min_batch_size': 512, 'dataset': 'CIFAR', 'placement': None, 'use_nccl': True, 'devices_per_worker': 1, 'primary_resource': 'extra_gpu', 'gpu': False, 'verbose': False, 'lr_config': {'mode': 'log', 'steps': 5, 'initial_lr': 0.0005, 'target_lr': 0.0005}, 'batch_per_device': 1024}",46.45943284034729,0,5,6457.150385467068,1,46.45943284034729
0.008432841300964356,0.1749351978302002,0.006100964546203613,0.04075231844065141,0.03455874919891357,nan,0.0,0.05414347648620606,0.5077999830245972,1.3557473360061645,-0.5077999830245972,nan,0.0,nan,0.0,nan,0.0,0.4719799757003784,1.4387173331069947,nan,0.0,nan,0.0,60000,1,False,,,6,-1.3557473360061645,efe0a1845fe94806924f0748e57e3f10,2019-05-30_14-36-34,1559252194,8.73022985458374,55.18966269493103,13470,steropes,169.229.49.254,"{'starting_lr': 0.0005, 'momentum': 0.99, 'weight_decay': 0.005, 'steps_per_iteration': None, 'pin': False, 'model_creator': None, 'target_batch_size': 1024, 'model_string': 'resnet18', 'min_batch_size': 512, 'dataset': 'CIFAR', 'placement': None, 'use_nccl': True, 'devices_per_worker': 1, 'primary_resource': 'extra_gpu', 'gpu': False, 'verbose': False, 'lr_config': {'mode': 'log', 'steps': 5, 'initial_lr': 0.0005, 'target_lr': 0.0005}, 'batch_per_device': 1024}",55.18966269493103,0,6,6911.552318372659,1,55.18966269493103
0.008437681198120116,0.15033357143402098,0.005598020553588867,0.044462875444061904,0.031935834884643556,nan,0.0,0.06307418346405029,0.5218999981880188,1.304853011703491,-0.5218999981880188,nan,0.0,nan,0.0,nan,0.0,0.4943399727344513,1.3821318405914307,nan,0.0,nan,0.0,60000,1,False,,,7,-1.304853011703491,efe0a1845fe94806924f0748e57e3f10,2019-05-30_14-36-43,1559252203,8.954296827316284,64.14395952224731,13470,steropes,169.229.49.254,"{'starting_lr': 0.0005, 'momentum': 0.99, 'weight_decay': 0.005, 'steps_per_iteration': None, 'pin': False, 'model_creator': None, 'target_batch_size': 1024, 'model_string': 'resnet18', 'min_batch_size': 512, 'dataset': 'CIFAR', 'placement': None, 'use_nccl': True, 'devices_per_worker': 1, 'primary_resource': 'extra_gpu', 'gpu': False, 'verbose': False, 'lr_config': {'mode': 'log', 'steps': 5, 'initial_lr': 0.0005, 'target_lr': 0.0005}, 'batch_per_device': 1024}",64.14395952224731,0,7,6771.677719186124,1,64.14395952224731
0.008934879302978515,0.1490696907043457,0.005943179130554199,0.0369330814906529,0.03055698871612549,nan,0.0,0.058299803733825685,0.5333999991416931,1.2715910177230836,-0.5333999991416931,nan,0.0,nan,0.0,nan,0.0,0.513260006904602,1.3313967361831665,nan,0.0,nan,0.0,60000,1,False,,,8,-1.2715910177230836,efe0a1845fe94806924f0748e57e3f10,2019-05-30_14-36-51,1559252211,8.389779806137085,72.5337393283844,13470,steropes,169.229.49.254,"{'starting_lr': 0.0005, 'momentum': 0.99, 'weight_decay': 0.005, 'steps_per_iteration': None, 'pin': False, 'model_creator': None, 'target_batch_size': 1024, 'model_string': 'resnet18', 'min_batch_size': 512, 'dataset': 'CIFAR', 'placement': None, 'use_nccl': True, 'devices_per_worker': 1, 'primary_resource': 'extra_gpu', 'gpu': False, 'verbose': False, 'lr_config': {'mode': 'log', 'steps': 5, 'initial_lr': 0.0005, 'target_lr': 0.0005}, 'batch_per_device': 1024}",72.5337393283844,0,8,6846.391420472979,1,72.5337393283844
0.008188557624816895,0.14456431865692138,0.005506110191345215,0.04149733757486149,0.03281252384185791,nan,0.0,0.05473792552947998,0.5468999743461609,1.2437216424942017,-0.5468999743461609,nan,0.0,nan,0.0,nan,0.0,0.5328199863433838,1.2873853731918334,nan,0.0,nan,0.0,60000,1,False,,,9,-1.2437216424942017,efe0a1845fe94806924f0748e57e3f10,2019-05-30_14-37-00,1559252220,8.68244743347168,81.21618676185608,13470,steropes,169.229.49.254,"{'starting_lr': 0.0005, 'momentum': 0.99, 'weight_decay': 0.005, 'steps_per_iteration': None, 'pin': False, 'model_creator': None, 'target_batch_size': 1024, 'model_string': 'resnet18', 'min_batch_size': 512, 'dataset': 'CIFAR', 'placement': None, 'use_nccl': True, 'devices_per_worker': 1, 'primary_resource': 'extra_gpu', 'gpu': False, 'verbose': False, 'lr_config': {'mode': 'log', 'steps': 5, 'initial_lr': 0.0005, 'target_lr': 0.0005}, 'batch_per_device': 1024}",81.21618676185608,0,9,6918.487137368642,1,81.21618676185608
0.01049649715423584,0.13771412372589112,0.006337261199951172,0.04309768092875578,0.025538372993469238,nan,0.0,0.05034706592559814,0.5645999908447266,1.2176337326049804,-0.5645999908447266,nan,0.0,nan,0.0,nan,0.0,0.5492599606513977,1.2379334216308593,nan,0.0,nan,0.0,60000,1,False,,,10,-1.2176337326049804,efe0a1845fe94806924f0748e57e3f10,2019-05-30_14-37-08,1559252228,8.434947967529297,89.65113472938538,13470,steropes,169.229.49.254,"{'starting_lr': 0.0005, 'momentum': 0.99, 'weight_decay': 0.005, 'steps_per_iteration': None, 'pin': False, 'model_creator': None, 'target_batch_size': 1024, 'model_string': 'resnet18', 'min_batch_size': 512, 'dataset': 'CIFAR', 'placement': None, 'use_nccl': True, 'devices_per_worker': 1, 'primary_resource': 'extra_gpu', 'gpu': False, 'verbose': False, 'lr_config': {'mode': 'log', 'steps': 5, 'initial_lr': 0.0005, 'target_lr': 0.0005}, 'batch_per_device': 1024}",89.65113472938538,0,10,6945.693016735506,1,89.65113472938538
0.007710504531860352,0.1379521131515503,0.0068427324295043945,0.052871932788771024,0.027010607719421386,nan,0.0,0.04907655715942383,0.5737999677658081,1.1716688146591188,-0.5737999677658081,nan,0.0,nan,0.0,nan,0.0,0.5634599924087524,1.2078373852920532,nan,0.0,nan,0.0,60000,1,False,,,11,-1.1716688146591188,efe0a1845fe94806924f0748e57e3f10,2019-05-30_14-37-17,1559252237,8.734920263290405,98.38605499267578,13470,steropes,169.229.49.254,"{'starting_lr': 0.0005, 'momentum': 0.99, 'weight_decay': 0.005, 'steps_per_iteration': None, 'pin': False, 'model_creator': None, 'target_batch_size': 1024, 'model_string': 'resnet18', 'min_batch_size': 512, 'dataset': 'CIFAR', 'placement': None, 'use_nccl': True, 'devices_per_worker': 1, 'primary_resource': 'extra_gpu', 'gpu': False, 'verbose': False, 'lr_config': {'mode': 'log', 'steps': 5, 'initial_lr': 0.0005, 'target_lr': 0.0005}, 'batch_per_device': 1024}",98.38605499267578,0,11,6944.947732376193,1,98.38605499267578
0.009119844436645508,0.12618734836578369,0.006349945068359375,0.0404920042777548,0.025029969215393067,nan,0.0,0.047166085243225096,0.5959999561309814,1.1302816078186035,-0.5959999561309814,nan,0.0,nan,0.0,nan,0.0,0.5792799592018127,1.1671490812683105,nan,0.0,nan,0.0,60000,1,False,,,12,-1.1302816078186035,efe0a1845fe94806924f0748e57e3f10,2019-05-30_14-37-25,1559252245,7.669281482696533,106.05533647537231,13470,steropes,169.229.49.254,"{'starting_lr': 0.0005, 'momentum': 0.99, 'weight_decay': 0.005, 'steps_per_iteration': None, 'pin': False, 'model_creator': None, 'target_batch_size': 1024, 'model_string': 'resnet18', 'min_batch_size': 512, 'dataset': 'CIFAR', 'placement': None, 'use_nccl': True, 'devices_per_worker': 1, 'primary_resource': 'extra_gpu', 'gpu': False, 'verbose': False, 'lr_config': {'mode': 'log', 'steps': 5, 'initial_lr': 0.0005, 'target_lr': 0.0005}, 'batch_per_device': 1024}",106.05533647537231,0,12,7157.889661431499,1,106.05533647537231
0.007931756973266601,0.13229806423187257,0.005827903747558594,0.04662087498878946,0.02093162536621094,nan,0.0,0.0425145149230957,0.6090999841690063,1.1051200008392335,-0.6090999841690063,nan,0.0,nan,0.0,nan,0.0,0.5917199850082397,1.1322861585998536,nan,0.0,nan,0.0,60000,1,False,,,13,-1.1051200008392335,efe0a1845fe94806924f0748e57e3f10,2019-05-30_14-37-33,1559252253,7.731820821762085,113.7871572971344,13470,steropes,169.229.49.254,"{'starting_lr': 0.0005, 'momentum': 0.99, 'weight_decay': 0.005, 'steps_per_iteration': None, 'pin': False, 'model_creator': None, 'target_batch_size': 1024, 'model_string': 'resnet18', 'min_batch_size': 512, 'dataset': 'CIFAR', 'placement': None, 'use_nccl': True, 'devices_per_worker': 1, 'primary_resource': 'extra_gpu', 'gpu': False, 'verbose': False, 'lr_config': {'mode': 'log', 'steps': 5, 'initial_lr': 0.0005, 'target_lr': 0.0005}, 'batch_per_device': 1024}",113.7871572971344,0,13,7272.040692042123,1,113.7871572971344
0.007827043533325195,0.13459196090698242,0.005425214767456055,0.045814650399344306,0.021511244773864745,nan,0.0,0.0462183952331543,0.6154999732971191,1.0810919353485107,-0.6154999732971191,nan,0.0,nan,0.0,nan,0.0,0.6055200099945068,1.1000352227401733,nan,0.0,nan,0.0,60000,1,False,,,14,-1.0810919353485107,efe0a1845fe94806924f0748e57e3f10,2019-05-30_14-37-41,1559252261,7.983234882354736,121.77039217948914,13470,steropes,169.229.49.254,"{'starting_lr': 0.0005, 'momentum': 0.99, 'weight_decay': 0.005, 'steps_per_iteration': None, 'pin': False, 'model_creator': None, 'target_batch_size': 1024, 'model_string': 'resnet18', 'min_batch_size': 512, 'dataset': 'CIFAR', 'placement': None, 'use_nccl': True, 'devices_per_worker': 1, 'primary_resource': 'extra_gpu', 'gpu': False, 'verbose': False, 'lr_config': {'mode': 'log', 'steps': 5, 'initial_lr': 0.0005, 'target_lr': 0.0005}, 'batch_per_device': 1024}",121.77039217948914,0,14,7397.401735445053,1,121.77039217948914
0.0077639341354370115,0.13081750869750977,0.007216095924377441,0.03809065721472915,0.023740506172180174,nan,0.0,0.05327129364013672,0.6204000115394592,1.0614243328094481,-0.6204000115394592,nan,0.0,nan,0.0,nan,0.0,0.6142799854278564,1.0735795269393922,nan,0.0,nan,0.0,60000,1,False,,,15,-1.0614243328094481,efe0a1845fe94806924f0748e57e3f10,2019-05-30_14-37-49,1559252269,8.230674028396606,130.00106620788574,13470,steropes,169.229.49.254,"{'starting_lr': 0.0005, 'momentum': 0.99, 'weight_decay': 0.005, 'steps_per_iteration': None, 'pin': False, 'model_creator': None, 'target_batch_size': 1024, 'model_string': 'resnet18', 'min_batch_size': 512, 'dataset': 'CIFAR', 'placement': None, 'use_nccl': True, 'devices_per_worker': 1, 'primary_resource': 'extra_gpu', 'gpu': False, 'verbose': False, 'lr_config': {'mode': 'log', 'steps': 5, 'initial_lr': 0.0005, 'target_lr': 0.0005}, 'batch_per_device': 1024}",130.00106620788574,0,15,7434.8507708126435,1,130.00106620788574
0.00772554874420166,0.1224092960357666,0.005935811996459961,0.04559167550534618,0.022982573509216307,nan,0.0,0.04459924697875976,0.6308000087738037,1.0400662134170533,-0.6308000087738037,nan,0.0,nan,0.0,nan,0.0,0.6256799697875977,1.0440405138015747,nan,0.0,nan,0.0,60000,1,False,,,16,-1.0400662134170533,efe0a1845fe94806924f0748e57e3f10,2019-05-30_14-37-57,1559252277,8.208369016647339,138.20943522453308,13470,steropes,169.229.49.254,"{'starting_lr': 0.0005, 'momentum': 0.99, 'weight_decay': 0.005, 'steps_per_iteration': None, 'pin': False, 'model_creator': None, 'target_batch_size': 1024, 'model_string': 'resnet18', 'min_batch_size': 512, 'dataset': 'CIFAR', 'placement': None, 'use_nccl': True, 'devices_per_worker': 1, 'primary_resource': 'extra_gpu', 'gpu': False, 'verbose': False, 'lr_config': {'mode': 'log', 'steps': 5, 'initial_lr': 0.0005, 'target_lr': 0.0005}, 'batch_per_device': 1024}",138.20943522453308,0,16,7533.15528987725,1,138.20943522453308
0.008029747009277343,0.15228421688079835,0.00753316879272461,0.04040476254054478,0.023940253257751464,nan,0.0,0.044509267807006835,0.6387999653816223,1.0194852493286133,-0.6387999653816223,nan,0.0,nan,0.0,nan,0.0,0.6348599791526794,1.0152707914352417,nan,0.0,nan,0.0,60000,1,False,,,17,-1.0194852493286133,efe0a1845fe94806924f0748e57e3f10,2019-05-30_14-38-06,1559252286,8.665153503417969,146.87458872795105,13470,steropes,169.229.49.254,"{'starting_lr': 0.0005, 'momentum': 0.99, 'weight_decay': 0.005, 'steps_per_iteration': None, 'pin': False, 'model_creator': None, 'target_batch_size': 1024, 'model_string': 'resnet18', 'min_batch_size': 512, 'dataset': 'CIFAR', 'placement': None, 'use_nccl': True, 'devices_per_worker': 1, 'primary_resource': 'extra_gpu', 'gpu': False, 'verbose': False, 'lr_config': {'mode': 'log', 'steps': 5, 'initial_lr': 0.0005, 'target_lr': 0.0005}, 'batch_per_device': 1024}",146.87458872795105,0,17,7349.369349260337,1,146.87458872795105
0.009700632095336914,0.1429614782333374,0.00645599365234375,0.04624041245908153,0.0260711669921875,nan,0.0,0.046576952934265135,0.6412000060081482,1.0190226608276367,-0.6412000060081482,nan,0.0,nan,0.0,nan,0.0,0.6437000036239624,0.9915144533920288,nan,0.0,nan,0.0,60000,1,False,,,18,-1.0190226608276367,efe0a1845fe94806924f0748e57e3f10,2019-05-30_14-38-14,1559252294,8.669555425643921,155.54414415359497,13470,steropes,169.229.49.254,"{'starting_lr': 0.0005, 'momentum': 0.99, 'weight_decay': 0.005, 'steps_per_iteration': None, 'pin': False, 'model_creator': None, 'target_batch_size': 1024, 'model_string': 'resnet18', 'min_batch_size': 512, 'dataset': 'CIFAR', 'placement': None, 'use_nccl': True, 'devices_per_worker': 1, 'primary_resource': 'extra_gpu', 'gpu': False, 'verbose': False, 'lr_config': {'mode': 'log', 'steps': 5, 'initial_lr': 0.0005, 'target_lr': 0.0005}, 'batch_per_device': 1024}",155.54414415359497,0,18,7184.33794923566,1,155.54414415359497
0.008198428153991699,0.13475587368011474,0.007997274398803711,0.04921240709265884,0.028815841674804686,nan,0.0,0.054312515258789065,0.649899959564209,0.988088350391388,-0.649899959564209,nan,0.0,nan,0.0,nan,0.0,0.6515399813652039,0.9751377387237549,nan,0.0,nan,0.0,60000,1,False,,,19,-0.988088350391388,efe0a1845fe94806924f0748e57e3f10,2019-05-30_14-38-23,1559252303,8.698067426681519,164.2422115802765,13470,steropes,169.229.49.254,"{'starting_lr': 0.0005, 'momentum': 0.99, 'weight_decay': 0.005, 'steps_per_iteration': None, 'pin': False, 'model_creator': None, 'target_batch_size': 1024, 'model_string': 'resnet18', 'min_batch_size': 512, 'dataset': 'CIFAR', 'placement': None, 'use_nccl': True, 'devices_per_worker': 1, 'primary_resource': 'extra_gpu', 'gpu': False, 'verbose': False, 'lr_config': {'mode': 'log', 'steps': 5, 'initial_lr': 0.0005, 'target_lr': 0.0005}, 'batch_per_device': 1024}",164.2422115802765,0,19,7063.422970610864,1,164.2422115802765
0.008881759643554688,0.140313458442688,0.007381224632263183,0.04427357595794055,0.02612006664276123,nan,0.0,0.048668408393859865,0.6638000011444092,0.9556248957633973,-0.6638000011444092,nan,0.0,nan,0.0,nan,0.0,0.6630600094795227,0.949639637184143,nan,0.0,nan,0.0,60000,1,False,,,20,-0.9556248957633973,efe0a1845fe94806924f0748e57e3f10,2019-05-30_14-38-31,1559252311,8.369678258895874,172.61188983917236,13470,steropes,169.229.49.254,"{'starting_lr': 0.0005, 'momentum': 0.99, 'weight_decay': 0.005, 'steps_per_iteration': None, 'pin': False, 'model_creator': None, 'target_batch_size': 1024, 'model_string': 'resnet18', 'min_batch_size': 512, 'dataset': 'CIFAR', 'placement': None, 'use_nccl': True, 'devices_per_worker': 1, 'primary_resource': 'extra_gpu', 'gpu': False, 'verbose': False, 'lr_config': {'mode': 'log', 'steps': 5, 'initial_lr': 0.0005, 'target_lr': 0.0005}, 'batch_per_device': 1024}",172.61188983917236,0,20,7040.380763105734,1,172.61188983917236
0.009601378440856933,0.12948577404022216,0.005915498733520508,0.05180620174018704,0.027322959899902344,nan,0.0,0.04959039688110352,0.6627999544143677,0.9570083381652832,-0.6627999544143677,nan,0.0,nan,0.0,nan,0.0,0.6671800017356873,0.9253690087509155,nan,0.0,nan,0.0,60000,1,False,,,21,-0.9570083381652832,efe0a1845fe94806924f0748e57e3f10,2019-05-30_14-38-40,1559252320,8.490026950836182,181.10191679000854,13470,steropes,169.229.49.254,"{'starting_lr': 0.0005, 'momentum': 0.99, 'weight_decay': 0.005, 'steps_per_iteration': None, 'pin': False, 'model_creator': None, 'target_batch_size': 1024, 'model_string': 'resnet18', 'min_batch_size': 512, 'dataset': 'CIFAR', 'placement': None, 'use_nccl': True, 'devices_per_worker': 1, 'primary_resource': 'extra_gpu', 'gpu': False, 'verbose': False, 'lr_config': {'mode': 'log', 'steps': 5, 'initial_lr': 0.0005, 'target_lr': 0.0005}, 'batch_per_device': 1024}",181.10191679000854,0,21,6994.149802729745,1,181.10191679000854
0.00787348747253418,0.1276829719543457,0.0053992033004760746,0.046362122710870236,0.023044061660766602,nan,0.0,0.04715297222137451,0.670199990272522,0.9303225876808167,-0.670199990272522,nan,0.0,nan,0.0,nan,0.0,0.6774799823760986,0.9047102055549622,nan,0.0,nan,0.0,60000,1,False,,,22,-0.9303225876808167,efe0a1845fe94806924f0748e57e3f10,2019-05-30_14-38-48,1559252328,8.17396330833435,189.2758800983429,13470,steropes,169.229.49.254,"{'starting_lr': 0.0005, 'momentum': 0.99, 'weight_decay': 0.005, 'steps_per_iteration': None, 'pin': False, 'model_creator': None, 'target_batch_size': 1024, 'model_string': 'resnet18', 'min_batch_size': 512, 'dataset': 'CIFAR', 'placement': None, 'use_nccl': True, 'devices_per_worker': 1, 'primary_resource': 'extra_gpu', 'gpu': False, 'verbose': False, 'lr_config': {'mode': 'log', 'steps': 5, 'initial_lr': 0.0005, 'target_lr': 0.0005}, 'batch_per_device': 1024}",189.2758800983429,0,22,7075.173021746449,1,189.2758800983429
0.007763314247131348,0.1281641721725464,0.006000804901123047,0.05248867249002262,0.03006463050842285,nan,0.0,0.051189327239990236,0.680899977684021,0.901487117767334,-0.680899977684021,nan,0.0,nan,0.0,nan,0.0,0.6836199760437012,0.8873325725173951,nan,0.0,nan,0.0,60000,1,False,,,23,-0.901487117767334,efe0a1845fe94806924f0748e57e3f10,2019-05-30_14-38-57,1559252337,8.646405935287476,197.92228603363037,13470,steropes,169.229.49.254,"{'starting_lr': 0.0005, 'momentum': 0.99, 'weight_decay': 0.005, 'steps_per_iteration': None, 'pin': False, 'model_creator': None, 'target_batch_size': 1024, 'model_string': 'resnet18', 'min_batch_size': 512, 'dataset': 'CIFAR', 'placement': None, 'use_nccl': True, 'devices_per_worker': 1, 'primary_resource': 'extra_gpu', 'gpu': False, 'verbose': False, 'lr_config': {'mode': 'log', 'steps': 5, 'initial_lr': 0.0005, 'target_lr': 0.0005}, 'batch_per_device': 1024}",197.92228603363037,0,23,7079.037423306422,1,197.92228603363037
0.008219599723815918,0.1277078628540039,0.006775259971618652,0.04822520333893445,0.028688645362854003,nan,0.0,0.05423550605773926,0.6886999607086182,0.8888856183052063,-0.6886999607086182,nan,0.0,nan,0.0,nan,0.0,0.6916599869728088,0.8644791653060913,nan,0.0,nan,0.0,60000,1,False,,,24,-0.8888856183052063,efe0a1845fe94806924f0748e57e3f10,2019-05-30_14-39-05,1559252345,8.528073072433472,206.45035910606384,13470,steropes,169.229.49.254,"{'starting_lr': 0.0005, 'momentum': 0.99, 'weight_decay': 0.005, 'steps_per_iteration': None, 'pin': False, 'model_creator': None, 'target_batch_size': 1024, 'model_string': 'resnet18', 'min_batch_size': 512, 'dataset': 'CIFAR', 'placement': None, 'use_nccl': True, 'devices_per_worker': 1, 'primary_resource': 'extra_gpu', 'gpu': False, 'verbose': False, 'lr_config': {'mode': 'log', 'steps': 5, 'initial_lr': 0.0005, 'target_lr': 0.0005}, 'batch_per_device': 1024}",206.45035910606384,0,24,7107.563940745921,1,206.45035910606384
0.00819385051727295,0.13162472248077392,0.006247878074645996,0.058754872302619776,0.021972084045410158,nan,0.0,0.04996538162231445,0.687999963760376,0.8847766160964966,-0.687999963760376,nan,0.0,nan,0.0,nan,0.0,0.6992999911308289,0.8443205976486206,nan,0.0,nan,0.0,60000,1,False,,,25,-0.8847766160964966,efe0a1845fe94806924f0748e57e3f10,2019-05-30_14-39-14,1559252354,9.021658658981323,215.47201776504517,13470,steropes,169.229.49.254,"{'starting_lr': 0.0005, 'momentum': 0.99, 'weight_decay': 0.005, 'steps_per_iteration': None, 'pin': False, 'model_creator': None, 'target_batch_size': 1024, 'model_string': 'resnet18', 'min_batch_size': 512, 'dataset': 'CIFAR', 'placement': None, 'use_nccl': True, 'devices_per_worker': 1, 'primary_resource': 'extra_gpu', 'gpu': False, 'verbose': False, 'lr_config': {'mode': 'log', 'steps': 5, 'initial_lr': 0.0005, 'target_lr': 0.0005}, 'batch_per_device': 1024}",215.47201776504517,0,25,6999.446398492635,1,215.47201776504517
0.008426833152770995,0.13275883197784424,0.0051767826080322266,0.04064295243243782,0.021323299407958983,nan,0.0,0.04341039657592773,0.6987999677658081,0.8547124687194825,-0.6987999677658081,nan,0.0,nan,0.0,nan,0.0,0.7079399824142456,0.8199985180854797,nan,0.0,nan,0.0,60000,1,False,,,26,-0.8547124687194825,efe0a1845fe94806924f0748e57e3f10,2019-05-30_14-39-22,1559252362,7.940408945083618,223.41242671012878,13470,steropes,169.229.49.254,"{'starting_lr': 0.0005, 'momentum': 0.99, 'weight_decay': 0.005, 'steps_per_iteration': None, 'pin': False, 'model_creator': None, 'target_batch_size': 1024, 'model_string': 'resnet18', 'min_batch_size': 512, 'dataset': 'CIFAR', 'placement': None, 'use_nccl': True, 'devices_per_worker': 1, 'primary_resource': 'extra_gpu', 'gpu': False, 'verbose': False, 'lr_config': {'mode': 'log', 'steps': 5, 'initial_lr': 0.0005, 'target_lr': 0.0005}, 'batch_per_device': 1024}",223.41242671012878,0,26,7090.369398826799,1,223.41242671012878
0.007462525367736816,0.13331811428070067,0.006247496604919434,0.03992031545055156,0.023288607597351074,nan,0.0,0.04415569305419922,0.7087000012397766,0.8310529792785645,-0.7087000012397766,nan,0.0,nan,0.0,nan,0.0,0.7118399739265442,0.81009121925354,nan,0.0,nan,0.0,60000,1,False,,,27,-0.8310529792785645,efe0a1845fe94806924f0748e57e3f10,2019-05-30_14-39-30,1559252370,7.695801734924316,231.1082284450531,13470,steropes,169.229.49.254,"{'starting_lr': 0.0005, 'momentum': 0.99, 'weight_decay': 0.005, 'steps_per_iteration': None, 'pin': False, 'model_creator': None, 'target_batch_size': 1024, 'model_string': 'resnet18', 'min_batch_size': 512, 'dataset': 'CIFAR', 'placement': None, 'use_nccl': True, 'devices_per_worker': 1, 'primary_resource': 'extra_gpu', 'gpu': False, 'verbose': False, 'lr_config': {'mode': 'log', 'steps': 5, 'initial_lr': 0.0005, 'target_lr': 0.0005}, 'batch_per_device': 1024}",231.1082284450531,0,27,7171.414645038453,1,231.1082284450531
0.00881798267364502,0.137497878074646,0.0074738264083862305,0.03943183470745476,0.02449753284454346,nan,0.0,0.046607375144958496,0.7095999717712402,0.8386828315734863,-0.7095999717712402,nan,0.0,nan,0.0,nan,0.0,0.7214999794960022,0.7831235646438599,nan,0.0,nan,0.0,60000,1,False,,,28,-0.8386828315734863,efe0a1845fe94806924f0748e57e3f10,2019-05-30_14-39-38,1559252378,7.844822406768799,238.9530508518219,13470,steropes,169.229.49.254,"{'starting_lr': 0.0005, 'momentum': 0.99, 'weight_decay': 0.005, 'steps_per_iteration': None, 'pin': False, 'model_creator': None, 'target_batch_size': 1024, 'model_string': 'resnet18', 'min_batch_size': 512, 'dataset': 'CIFAR', 'placement': None, 'use_nccl': True, 'devices_per_worker': 1, 'primary_resource': 'extra_gpu', 'gpu': False, 'verbose': False, 'lr_config': {'mode': 'log', 'steps': 5, 'initial_lr': 0.0005, 'target_lr': 0.0005}, 'batch_per_device': 1024}",238.9530508518219,0,28,7311.515038034526,1,238.9530508518219
0.00847034454345703,0.14767613410949706,0.006803107261657715,0.039266523049802195,0.02408645153045654,nan,0.0,0.048312711715698245,0.708299994468689,0.8271159503936768,-0.708299994468689,nan,0.0,nan,0.0,nan,0.0,0.7246999740600586,0.7703333527946472,nan,0.0,nan,0.0,60000,1,False,,,29,-0.8271159503936768,efe0a1845fe94806924f0748e57e3f10,2019-05-30_14-39-46,1559252386,8.406985759735107,247.360036611557,13470,steropes,169.229.49.254,"{'starting_lr': 0.0005, 'momentum': 0.99, 'weight_decay': 0.005, 'steps_per_iteration': None, 'pin': False, 'model_creator': None, 'target_batch_size': 1024, 'model_string': 'resnet18', 'min_batch_size': 512, 'dataset': 'CIFAR', 'placement': None, 'use_nccl': True, 'devices_per_worker': 1, 'primary_resource': 'extra_gpu', 'gpu': False, 'verbose': False, 'lr_config': {'mode': 'log', 'steps': 5, 'initial_lr': 0.0005, 'target_lr': 0.0005}, 'batch_per_device': 1024}",247.360036611557,0,29,7333.157494840674,1,247.360036611557
0.007595443725585937,0.12774941921234131,0.006112980842590332,0.03663894594932089,0.027638959884643554,nan,0.0,0.050342369079589847,0.718999981880188,0.8054241765975952,-0.718999981880188,nan,0.0,nan,0.0,nan,0.0,0.72843998670578,0.7578831584358215,nan,0.0,nan,0.0,60000,1,False,,,30,-0.8054241765975952,efe0a1845fe94806924f0748e57e3f10,2019-05-30_14-39-54,1559252394,8.189167737960815,255.54920434951782,13470,steropes,169.229.49.254,"{'starting_lr': 0.0005, 'momentum': 0.99, 'weight_decay': 0.005, 'steps_per_iteration': None, 'pin': False, 'model_creator': None, 'target_batch_size': 1024, 'model_string': 'resnet18', 'min_batch_size': 512, 'dataset': 'CIFAR', 'placement': None, 'use_nccl': True, 'devices_per_worker': 1, 'primary_resource': 'extra_gpu', 'gpu': False, 'verbose': False, 'lr_config': {'mode': 'log', 'steps': 5, 'initial_lr': 0.0005, 'target_lr': 0.0005}, 'batch_per_device': 1024}",255.54920434951782,0,30,7485.481467179382,1,255.54920434951782
0.008556842803955078,0.13790287971496581,0.006203055381774902,0.04242120956888004,0.030098724365234374,nan,0.0,0.053156161308288576,0.7203999757766724,0.8029340992927552,-0.7203999757766724,nan,0.0,nan,0.0,nan,0.0,0.7356999516487122,0.7394304957008362,nan,0.0,nan,0.0,60000,1,False,,,31,-0.8029340992927552,efe0a1845fe94806924f0748e57e3f10,2019-05-30_14-40-03,1559252403,8.397542476654053,263.9467468261719,13470,steropes,169.229.49.254,"{'starting_lr': 0.0005, 'momentum': 0.99, 'weight_decay': 0.005, 'steps_per_iteration': None, 'pin': False, 'model_creator': None, 'target_batch_size': 1024, 'model_string': 'resnet18', 'min_batch_size': 512, 'dataset': 'CIFAR', 'placement': None, 'use_nccl': True, 'devices_per_worker': 1, 'primary_resource': 'extra_gpu', 'gpu': False, 'verbose': False, 'lr_config': {'mode': 'log', 'steps': 5, 'initial_lr': 0.0005, 'target_lr': 0.0005}, 'batch_per_device': 1024}",263.9467468261719,0,31,7401.062170133417,1,263.9467468261719
0.007847452163696289,0.1229619026184082,0.007428312301635742,0.04846407929245306,0.027424168586730958,nan,0.0,0.05605404376983643,0.7245999574661255,0.7803745009422303,-0.7245999574661255,nan,0.0,nan,0.0,nan,0.0,0.7416999936103821,0.7282239957427978,nan,0.0,nan,0.0,60000,1,False,,,32,-0.7803745009422303,efe0a1845fe94806924f0748e57e3f10,2019-05-30_14-40-11,1559252411,8.471598386764526,272.4183452129364,13470,steropes,169.229.49.254,"{'starting_lr': 0.0005, 'momentum': 0.99, 'weight_decay': 0.005, 'steps_per_iteration': None, 'pin': False, 'model_creator': None, 'target_batch_size': 1024, 'model_string': 'resnet18', 'min_batch_size': 512, 'dataset': 'CIFAR', 'placement': None, 'use_nccl': True, 'devices_per_worker': 1, 'primary_resource': 'extra_gpu', 'gpu': False, 'verbose': False, 'lr_config': {'mode': 'log', 'steps': 5, 'initial_lr': 0.0005, 'target_lr': 0.0005}, 'batch_per_device': 1024}",272.4183452129364,0,32,7262.072262366314,1,272.4183452129364
0.008491921424865722,0.139066743850708,0.0074283361434936525,0.044258351228675066,0.027635979652404784,nan,0.0,0.056569814682006836,0.7202999591827393,0.8012914778709411,-0.7202999591827393,nan,0.0,nan,0.0,nan,0.0,0.7469599843025208,0.7144078541374207,nan,0.0,nan,0.0,60000,1,False,,,33,-0.8012914778709411,efe0a1845fe94806924f0748e57e3f10,2019-05-30_14-40-20,1559252420,8.539703369140625,280.958048582077,13470,steropes,169.229.49.254,"{'starting_lr': 0.0005, 'momentum': 0.99, 'weight_decay': 0.005, 'steps_per_iteration': None, 'pin': False, 'model_creator': None, 'target_batch_size': 1024, 'model_string': 'resnet18', 'min_batch_size': 512, 'dataset': 'CIFAR', 'placement': None, 'use_nccl': True, 'devices_per_worker': 1, 'primary_resource': 'extra_gpu', 'gpu': False, 'verbose': False, 'lr_config': {'mode': 'log', 'steps': 5, 'initial_lr': 0.0005, 'target_lr': 0.0005}, 'batch_per_device': 1024}",280.958048582077,0,33,7141.938376384203,1,280.958048582077
0.007371425628662109,0.12819390296936034,0.006523847579956055,0.04514193534851074,0.027292490005493164,nan,0.0,0.05935194492340088,0.7246999740600586,0.7849452199935913,-0.7246999740600586,nan,0.0,nan,0.0,nan,0.0,0.7498599886894226,0.7045957262802124,nan,0.0,nan,0.0,60000,1,False,,,34,-0.7849452199935913,efe0a1845fe94806924f0748e57e3f10,2019-05-30_14-40-28,1559252428,8.495916843414307,289.45396542549133,13470,steropes,169.229.49.254,"{'starting_lr': 0.0005, 'momentum': 0.99, 'weight_decay': 0.005, 'steps_per_iteration': None, 'pin': False, 'model_creator': None, 'target_batch_size': 1024, 'model_string': 'resnet18', 'min_batch_size': 512, 'dataset': 'CIFAR', 'placement': None, 'use_nccl': True, 'devices_per_worker': 1, 'primary_resource': 'extra_gpu', 'gpu': False, 'verbose': False, 'lr_config': {'mode': 'log', 'steps': 5, 'initial_lr': 0.0005, 'target_lr': 0.0005}, 'batch_per_device': 1024}",289.45396542549133,0,34,7126.848706750542,1,289.45396542549133
0.009073090553283692,0.125031042098999,0.011674952507019044,0.04705784272174446,0.03149056434631348,nan,0.0,0.053682374954223636,0.7263999581336975,0.7904757029533386,-0.7263999581336975,nan,0.0,nan,0.0,nan,0.0,0.7529599666595459,0.6987155860328674,nan,0.0,nan,0.0,60000,1,False,,,35,-0.7904757029533386,efe0a1845fe94806924f0748e57e3f10,2019-05-30_14-40-37,1559252437,8.538500308990479,297.9924657344818,13470,steropes,169.229.49.254,"{'starting_lr': 0.0005, 'momentum': 0.99, 'weight_decay': 0.005, 'steps_per_iteration': None, 'pin': False, 'model_creator': None, 'target_batch_size': 1024, 'model_string': 'resnet18', 'min_batch_size': 512, 'dataset': 'CIFAR', 'placement': None, 'use_nccl': True, 'devices_per_worker': 1, 'primary_resource': 'extra_gpu', 'gpu': False, 'verbose': False, 'lr_config': {'mode': 'log', 'steps': 5, 'initial_lr': 0.0005, 'target_lr': 0.0005}, 'batch_per_device': 1024}",297.9924657344818,0,35,7068.190954454333,1,297.9924657344818
0.008798742294311523,0.13603224754333496,0.005604410171508789,0.05795223372323172,0.02593362331390381,nan,0.0,0.05310511589050293,0.7351999878883362,0.7526718616485596,-0.7351999878883362,nan,0.0,nan,0.0,nan,0.0,0.7602799534797668,0.6757334103584289,nan,0.0,nan,0.0,60000,1,False,,,36,-0.7526718616485596,efe0a1845fe94806924f0748e57e3f10,2019-05-30_14-40-46,1559252446,8.95713758468628,306.9496033191681,13470,steropes,169.229.49.254,"{'starting_lr': 0.0005, 'momentum': 0.99, 'weight_decay': 0.005, 'steps_per_iteration': None, 'pin': False, 'model_creator': None, 'target_batch_size': 1024, 'model_string': 'resnet18', 'min_batch_size': 512, 'dataset': 'CIFAR', 'placement': None, 'use_nccl': True, 'devices_per_worker': 1, 'primary_resource': 'extra_gpu', 'gpu': False, 'verbose': False, 'lr_config': {'mode': 'log', 'steps': 5, 'initial_lr': 0.0005, 'target_lr': 0.0005}, 'batch_per_device': 1024}",306.9496033191681,0,36,6976.201113636353,1,306.9496033191681
0.00788741111755371,0.12778840065002442,0.0072374105453491214,0.04859288371339136,0.03158843517303467,nan,0.0,0.04890584945678711,0.7294999957084656,0.7817578497886658,-0.7294999957084656,nan,0.0,nan,0.0,nan,0.0,0.7619199752807617,0.6669110354804992,nan,0.0,nan,0.0,60000,1,False,,,37,-0.7817578497886658,efe0a1845fe94806924f0748e57e3f10,2019-05-30_14-40-55,1559252455,8.666408777236938,315.61601209640503,13470,steropes,169.229.49.254,"{'starting_lr': 0.0005, 'momentum': 0.99, 'weight_decay': 0.005, 'steps_per_iteration': None, 'pin': False, 'model_creator': None, 'target_batch_size': 1024, 'model_string': 'resnet18', 'min_batch_size': 512, 'dataset': 'CIFAR', 'placement': None, 'use_nccl': True, 'devices_per_worker': 1, 'primary_resource': 'extra_gpu', 'gpu': False, 'verbose': False, 'lr_config': {'mode': 'log', 'steps': 5, 'initial_lr': 0.0005, 'target_lr': 0.0005}, 'batch_per_device': 1024}",315.61601209640503,0,37,6944.740709644431,1,315.61601209640503
0.007973957061767577,0.12850494384765626,0.006281661987304688,0.04620195894825215,0.024188780784606935,nan,0.0,0.04379279613494873,0.7389999628067017,0.7600061779975891,-0.7389999628067017,nan,0.0,nan,0.0,nan,0.0,0.7670599818229675,0.6517311325836181,nan,0.0,nan,0.0,60000,1,False,,,38,-0.7600061779975891,efe0a1845fe94806924f0748e57e3f10,2019-05-30_14-41-03,1559252463,8.748907566070557,324.3649196624756,13470,steropes,169.229.49.254,"{'starting_lr': 0.0005, 'momentum': 0.99, 'weight_decay': 0.005, 'steps_per_iteration': None, 'pin': False, 'model_creator': None, 'target_batch_size': 1024, 'model_string': 'resnet18', 'min_batch_size': 512, 'dataset': 'CIFAR', 'placement': None, 'use_nccl': True, 'devices_per_worker': 1, 'primary_resource': 'extra_gpu', 'gpu': False, 'verbose': False, 'lr_config': {'mode': 'log', 'steps': 5, 'initial_lr': 0.0005, 'target_lr': 0.0005}, 'batch_per_device': 1024}",324.3649196624756,0,38,6911.269309595618,1,324.3649196624756
0.007531952857971191,0.1258641481399536,0.00598604679107666,0.046746998417134186,0.021196269989013673,nan,0.0,0.044224333763122556,0.7364999651908875,0.7587102248191834,-0.7364999651908875,nan,0.0,nan,0.0,nan,0.0,0.7719999551773071,0.6440733529281616,nan,0.0,nan,0.0,60000,1,False,,,39,-0.7587102248191834,efe0a1845fe94806924f0748e57e3f10,2019-05-30_14-41-11,1559252471,8.016463041305542,332.3813827037811,13470,steropes,169.229.49.254,"{'starting_lr': 0.0005, 'momentum': 0.99, 'weight_decay': 0.005, 'steps_per_iteration': None, 'pin': False, 'model_creator': None, 'target_batch_size': 1024, 'model_string': 'resnet18', 'min_batch_size': 512, 'dataset': 'CIFAR', 'placement': None, 'use_nccl': True, 'devices_per_worker': 1, 'primary_resource': 'extra_gpu', 'gpu': False, 'verbose': False, 'lr_config': {'mode': 'log', 'steps': 5, 'initial_lr': 0.0005, 'target_lr': 0.0005}, 'batch_per_device': 1024}",332.3813827037811,0,39,6988.459436299578,1,332.3813827037811
0.008105778694152832,0.1243865966796875,0.004858660697937012,0.045754349961572766,0.020854902267456055,nan,0.0,0.043869304656982425,0.7425000071525574,0.7455512612342835,-0.7425000071525574,nan,0.0,nan,0.0,nan,0.0,0.7767999768257141,0.631510598449707,nan,0.0,nan,0.0,60000,1,False,,,40,-0.7455512612342835,efe0a1845fe94806924f0748e57e3f10,2019-05-30_14-41-20,1559252480,8.234010934829712,340.61539363861084,13470,steropes,169.229.49.254,"{'starting_lr': 0.0005, 'momentum': 0.99, 'weight_decay': 0.005, 'steps_per_iteration': None, 'pin': False, 'model_creator': None, 'target_batch_size': 1024, 'model_string': 'resnet18', 'min_batch_size': 512, 'dataset': 'CIFAR', 'placement': None, 'use_nccl': True, 'devices_per_worker': 1, 'primary_resource': 'extra_gpu', 'gpu': False, 'verbose': False, 'lr_config': {'mode': 'log', 'steps': 5, 'initial_lr': 0.0005, 'target_lr': 0.0005}, 'batch_per_device': 1024}",340.61539363861084,0,40,7038.382093586346,1,340.61539363861084
0.007941150665283203,0.12132081985473633,0.004952478408813477,0.04015380995614188,0.023824405670166016,nan,0.0,0.043756866455078126,0.7484999895095825,0.7343816226005554,-0.7484999895095825,nan,0.0,nan,0.0,nan,0.0,0.7806400060653687,0.6199410617637634,nan,0.0,nan,0.0,60000,1,False,,,41,-0.7343816226005554,efe0a1845fe94806924f0748e57e3f10,2019-05-30_14-41-28,1559252488,8.000741720199585,348.6161353588104,13470,steropes,169.229.49.254,"{'starting_lr': 0.0005, 'momentum': 0.99, 'weight_decay': 0.005, 'steps_per_iteration': None, 'pin': False, 'model_creator': None, 'target_batch_size': 1024, 'model_string': 'resnet18', 'min_batch_size': 512, 'dataset': 'CIFAR', 'placement': None, 'use_nccl': True, 'devices_per_worker': 1, 'primary_resource': 'extra_gpu', 'gpu': False, 'verbose': False, 'lr_config': {'mode': 'log', 'steps': 5, 'initial_lr': 0.0005, 'target_lr': 0.0005}, 'batch_per_device': 1024}",348.6161353588104,0,41,7199.9493945817585,1,348.6161353588104
0.007909011840820313,0.13373396396636963,0.005175995826721192,0.0383506356453409,0.02183060646057129,nan,0.0,0.044539999961853025,0.7400999665260315,0.7456956473350524,-0.7400999665260315,nan,0.0,nan,0.0,nan,0.0,0.7797999978065491,0.6196597701072692,nan,0.0,nan,0.0,60000,1,False,,,42,-0.7456956473350524,efe0a1845fe94806924f0748e57e3f10,2019-05-30_14-41-36,1559252496,8.478273630142212,357.09440898895264,13470,steropes,169.229.49.254,"{'starting_lr': 0.0005, 'momentum': 0.99, 'weight_decay': 0.005, 'steps_per_iteration': None, 'pin': False, 'model_creator': None, 'target_batch_size': 1024, 'model_string': 'resnet18', 'min_batch_size': 512, 'dataset': 'CIFAR', 'placement': None, 'use_nccl': True, 'devices_per_worker': 1, 'primary_resource': 'extra_gpu', 'gpu': False, 'verbose': False, 'lr_config': {'mode': 'log', 'steps': 5, 'initial_lr': 0.0005, 'target_lr': 0.0005}, 'batch_per_device': 1024}",357.09440898895264,0,42,7232.594378084558,1,357.09440898895264
0.007569622993469238,0.12961337566375733,0.004872536659240723,0.04841129147276586,0.02128336429595947,nan,0.0,0.04471354484558106,0.736799955368042,0.7629742022514343,-0.736799955368042,nan,0.0,nan,0.0,nan,0.0,0.7892000079154968,0.5997262813949585,nan,0.0,nan,0.0,60000,1,False,,,43,-0.7629742022514343,efe0a1845fe94806924f0748e57e3f10,2019-05-30_14-41-44,1559252504,8.182353258132935,365.27676224708557,13470,steropes,169.229.49.254,"{'starting_lr': 0.0005, 'momentum': 0.99, 'weight_decay': 0.005, 'steps_per_iteration': None, 'pin': False, 'model_creator': None, 'target_batch_size': 1024, 'model_string': 'resnet18', 'min_batch_size': 512, 'dataset': 'CIFAR', 'placement': None, 'use_nccl': True, 'devices_per_worker': 1, 'primary_resource': 'extra_gpu', 'gpu': False, 'verbose': False, 'lr_config': {'mode': 'log', 'steps': 5, 'initial_lr': 0.0005, 'target_lr': 0.0005}, 'batch_per_device': 1024}",365.27676224708557,0,43,7332.752117025738,1,365.27676224708557
0.0075928688049316405,0.13101522922515868,0.004859519004821777,0.047810646952415,0.020986366271972656,nan,0.0,0.04233705997467041,0.7428999543190002,0.748711722946167,-0.7428999543190002,nan,0.0,nan,0.0,nan,0.0,0.7916799783706665,0.5903723410224915,nan,0.0,nan,0.0,60000,1,False,,,44,-0.748711722946167,efe0a1845fe94806924f0748e57e3f10,2019-05-30_14-41-53,1559252513,8.303939580917358,373.58070182800293,13470,steropes,169.229.49.254,"{'starting_lr': 0.0005, 'momentum': 0.99, 'weight_decay': 0.005, 'steps_per_iteration': None, 'pin': False, 'model_creator': None, 'target_batch_size': 1024, 'model_string': 'resnet18', 'min_batch_size': 512, 'dataset': 'CIFAR', 'placement': None, 'use_nccl': True, 'devices_per_worker': 1, 'primary_resource': 'extra_gpu', 'gpu': False, 'verbose': False, 'lr_config': {'mode': 'log', 'steps': 5, 'initial_lr': 0.0005, 'target_lr': 0.0005}, 'batch_per_device': 1024}",373.58070182800293,0,44,7281.585666961483,1,373.58070182800293
0.008816981315612793,0.16248800754547119,0.004836249351501465,0.04113085902467066,0.02091984748840332,nan,0.0,0.04395568370819092,0.7470999956130981,0.7401661049842835,-0.7470999956130981,nan,0.0,nan,0.0,nan,0.0,0.7943399548530579,0.578468835887909,nan,0.0,nan,0.0,60000,1,False,,,45,-0.7401661049842835,efe0a1845fe94806924f0748e57e3f10,2019-05-30_14-42-01,1559252521,8.847052574157715,382.42775440216064,13470,steropes,169.229.49.254,"{'starting_lr': 0.0005, 'momentum': 0.99, 'weight_decay': 0.005, 'steps_per_iteration': None, 'pin': False, 'model_creator': None, 'target_batch_size': 1024, 'model_string': 'resnet18', 'min_batch_size': 512, 'dataset': 'CIFAR', 'placement': None, 'use_nccl': True, 'devices_per_worker': 1, 'primary_resource': 'extra_gpu', 'gpu': False, 'verbose': False, 'lr_config': {'mode': 'log', 'steps': 5, 'initial_lr': 0.0005, 'target_lr': 0.0005}, 'batch_per_device': 1024}",382.42775440216064,0,45,7174.824520486382,1,382.42775440216064
0.007554340362548828,0.13694684505462645,0.005679893493652344,0.040929930550711494,0.024970149993896483,nan,0.0,0.049264049530029295,0.7356999516487122,0.7821962416648864,-0.7356999516487122,nan,0.0,nan,0.0,nan,0.0,0.7977399826049805,0.5687909811592102,nan,0.0,nan,0.0,60000,1,False,,,46,-0.7821962416648864,efe0a1845fe94806924f0748e57e3f10,2019-05-30_14-42-10,1559252530,8.540001630783081,390.9677560329437,13470,steropes,169.229.49.254,"{'starting_lr': 0.0005, 'momentum': 0.99, 'weight_decay': 0.005, 'steps_per_iteration': None, 'pin': False, 'model_creator': None, 'target_batch_size': 1024, 'model_string': 'resnet18', 'min_batch_size': 512, 'dataset': 'CIFAR', 'placement': None, 'use_nccl': True, 'devices_per_worker': 1, 'primary_resource': 'extra_gpu', 'gpu': False, 'verbose': False, 'lr_config': {'mode': 'log', 'steps': 5, 'initial_lr': 0.0005, 'target_lr': 0.0005}, 'batch_per_device': 1024}",390.9677560329437,0,46,7083.469370992021,1,390.9677560329437
0.010716700553894043,0.16170201301574708,0.007920169830322265,0.05594418486770319,0.032785582542419436,nan,0.0,0.050811767578125,0.7489999532699585,0.7338078117370606,-0.7489999532699585,nan,0.0,nan,0.0,nan,0.0,0.8005200028419495,0.5633011632919311,nan,0.0,nan,0.0,60000,1,False,,,47,-0.7338078117370606,efe0a1845fe94806924f0748e57e3f10,2019-05-30_14-42-19,1559252539,9.422094583511353,400.3898506164551,13470,steropes,169.229.49.254,"{'starting_lr': 0.0005, 'momentum': 0.99, 'weight_decay': 0.005, 'steps_per_iteration': None, 'pin': False, 'model_creator': None, 'target_batch_size': 1024, 'model_string': 'resnet18', 'min_batch_size': 512, 'dataset': 'CIFAR', 'placement': None, 'use_nccl': True, 'devices_per_worker': 1, 'primary_resource': 'extra_gpu', 'gpu': False, 'verbose': False, 'lr_config': {'mode': 'log', 'steps': 5, 'initial_lr': 0.0005, 'target_lr': 0.0005}, 'batch_per_device': 1024}",400.3898506164551,0,47,6928.998982052831,1,400.3898506164551
0.007921528816223145,0.1500924348831177,0.005013728141784668,0.045491233163950394,0.026695895195007324,nan,0.0,0.05080058574676514,0.7530999779701233,0.7255714723587036,-0.7530999779701233,nan,0.0,nan,0.0,nan,0.0,0.8052600026130676,0.547959007987976,nan,0.0,nan,0.0,60000,1,False,,,48,-0.7255714723587036,efe0a1845fe94806924f0748e57e3f10,2019-05-30_14-42-28,1559252548,8.654552459716797,409.0444030761719,13470,steropes,169.229.49.254,"{'starting_lr': 0.0005, 'momentum': 0.99, 'weight_decay': 0.005, 'steps_per_iteration': None, 'pin': False, 'model_creator': None, 'target_batch_size': 1024, 'model_string': 'resnet18', 'min_batch_size': 512, 'dataset': 'CIFAR', 'placement': None, 'use_nccl': True, 'devices_per_worker': 1, 'primary_resource': 'extra_gpu', 'gpu': False, 'verbose': False, 'lr_config': {'mode': 'log', 'steps': 5, 'initial_lr': 0.0005, 'target_lr': 0.0005}, 'batch_per_device': 1024}",409.0444030761719,0,48,6854.24470088361,1,409.0444030761719
0.008859515190124512,0.12535426616668702,0.004553604125976563,0.048481936357459246,0.027928709983825684,nan,0.0,0.06387836933135986,0.7529999613761902,0.7295754043579101,-0.7529999613761902,nan,0.0,nan,0.0,nan,0.0,0.8111400008201599,0.5359001614761353,nan,0.0,nan,0.0,60000,1,False,,,49,-0.7295754043579101,efe0a1845fe94806924f0748e57e3f10,2019-05-30_14-42-36,1559252556,8.36264157295227,417.40704464912415,13470,steropes,169.229.49.254,"{'starting_lr': 0.0005, 'momentum': 0.99, 'weight_decay': 0.005, 'steps_per_iteration': None, 'pin': False, 'model_creator': None, 'target_batch_size': 1024, 'model_string': 'resnet18', 'min_batch_size': 512, 'dataset': 'CIFAR', 'placement': None, 'use_nccl': True, 'devices_per_worker': 1, 'primary_resource': 'extra_gpu', 'gpu': False, 'verbose': False, 'lr_config': {'mode': 'log', 'steps': 5, 'initial_lr': 0.0005, 'target_lr': 0.0005}, 'batch_per_device': 1024}",417.40704464912415,0,49,6845.045867350406,1,417.40704464912415
0.007822251319885254,0.14234352111816406,0.006281447410583496,0.04591637241597078,0.027901673316955568,nan,0.0,0.046726131439208986,0.7555999755859375,0.7184163938522339,-0.7555999755859375,nan,0.0,nan,0.0,nan,0.0,0.8121799826622009,0.5247580842590333,nan,0.0,nan,0.0,60000,1,False,,,50,-0.7184163938522339,efe0a1845fe94806924f0748e57e3f10,2019-05-30_14-42-45,1559252565,8.39884877204895,425.8058934211731,13470,steropes,169.229.49.254,"{'starting_lr': 0.0005, 'momentum': 0.99, 'weight_decay': 0.005, 'steps_per_iteration': None, 'pin': False, 'model_creator': None, 'target_batch_size': 1024, 'model_string': 'resnet18', 'min_batch_size': 512, 'dataset': 'CIFAR', 'placement': None, 'use_nccl': True, 'devices_per_worker': 1, 'primary_resource': 'extra_gpu', 'gpu': False, 'verbose': False, 'lr_config': {'mode': 'log', 'steps': 5, 'initial_lr': 0.0005, 'target_lr': 0.0005}, 'batch_per_device': 1024}",425.8058934211731,0,50,6915.773321734451,1,425.8058934211731
0.008587884902954101,0.15961313247680664,0.005542564392089844,0.04094461032322475,0.03784637451171875,nan,0.0,0.06171283721923828,0.7592999935150146,0.7151944580078125,-0.7592999935150146,nan,0.0,nan,0.0,nan,0.0,0.8162999749183655,0.5170165082931518,nan,0.0,nan,0.0,60000,1,False,,,51,-0.7151944580078125,efe0a1845fe94806924f0748e57e3f10,2019-05-30_14-42-53,1559252573,8.350336074829102,434.1562294960022,13470,steropes,169.229.49.254,"{'starting_lr': 0.0005, 'momentum': 0.99, 'weight_decay': 0.005, 'steps_per_iteration': None, 'pin': False, 'model_creator': None, 'target_batch_size': 1024, 'model_string': 'resnet18', 'min_batch_size': 512, 'dataset': 'CIFAR', 'placement': None, 'use_nccl': True, 'devices_per_worker': 1, 'primary_resource': 'extra_gpu', 'gpu': False, 'verbose': False, 'lr_config': {'mode': 'log', 'steps': 5, 'initial_lr': 0.0005, 'target_lr': 0.0005}, 'batch_per_device': 1024}",434.1562294960022,0,51,6946.144727467765,1,434.1562294960022
0.007859587669372559,0.14162044525146483,0.004698038101196289,0.04507902690342495,0.03465251922607422,nan,0.0,0.07384662628173828,0.7586999535560608,0.723821595954895,-0.7586999535560608,nan,0.0,nan,0.0,nan,0.0,0.8172999620437622,0.5165986190032958,nan,0.0,nan,0.0,60000,1,False,,,52,-0.723821595954895,efe0a1845fe94806924f0748e57e3f10,2019-05-30_14-43-02,1559252582,8.87516975402832,443.0313992500305,13470,steropes,169.229.49.254,"{'starting_lr': 0.0005, 'momentum': 0.99, 'weight_decay': 0.005, 'steps_per_iteration': None, 'pin': False, 'model_creator': None, 'target_batch_size': 1024, 'model_string': 'resnet18', 'min_batch_size': 512, 'dataset': 'CIFAR', 'placement': None, 'use_nccl': True, 'devices_per_worker': 1, 'primary_resource': 'extra_gpu', 'gpu': False, 'verbose': False, 'lr_config': {'mode': 'log', 'steps': 5, 'initial_lr': 0.0005, 'target_lr': 0.0005}, 'batch_per_device': 1024}",443.0313992500305,0,52,7035.3020765586,1,443.0313992500305
0.00998988151550293,0.1446821928024292,0.00571908950805664,0.038809425976811626,0.036944341659545896,nan,0.0,0.06553046703338623,0.7610999941825867,0.7134585587501526,-0.7610999941825867,nan,0.0,nan,0.0,nan,0.0,0.8207799792289734,0.5039063649559021,nan,0.0,nan,0.0,60000,1,False,,,53,-0.7134585587501526,efe0a1845fe94806924f0748e57e3f10,2019-05-30_14-43-11,1559252591,8.755584716796875,451.7869839668274,13470,steropes,169.229.49.254,"{'starting_lr': 0.0005, 'momentum': 0.99, 'weight_decay': 0.005, 'steps_per_iteration': None, 'pin': False, 'model_creator': None, 'target_batch_size': 1024, 'model_string': 'resnet18', 'min_batch_size': 512, 'dataset': 'CIFAR', 'placement': None, 'use_nccl': True, 'devices_per_worker': 1, 'primary_resource': 'extra_gpu', 'gpu': False, 'verbose': False, 'lr_config': {'mode': 'log', 'steps': 5, 'initial_lr': 0.0005, 'target_lr': 0.0005}, 'batch_per_device': 1024}",451.7869839668274,0,53,7018.660345964532,1,451.7869839668274
0.007482671737670898,0.1407808780670166,0.005054831504821777,0.03679843824736926,0.032263445854187014,nan,0.0,0.05685410499572754,0.7616999745368958,0.7078176091194153,-0.7616999745368958,nan,0.0,nan,0.0,nan,0.0,0.8240000009536743,0.4987454913139343,nan,0.0,nan,0.0,60000,1,False,,,54,-0.7078176091194153,efe0a1845fe94806924f0748e57e3f10,2019-05-30_14-43-19,1559252599,8.19455361366272,459.9815375804901,13470,steropes,169.229.49.254,"{'starting_lr': 0.0005, 'momentum': 0.99, 'weight_decay': 0.005, 'steps_per_iteration': None, 'pin': False, 'model_creator': None, 'target_batch_size': 1024, 'model_string': 'resnet18', 'min_batch_size': 512, 'dataset': 'CIFAR', 'placement': None, 'use_nccl': True, 'devices_per_worker': 1, 'primary_resource': 'extra_gpu', 'gpu': False, 'verbose': False, 'lr_config': {'mode': 'log', 'steps': 5, 'initial_lr': 0.0005, 'target_lr': 0.0005}, 'batch_per_device': 1024}",459.9815375804901,0,54,7046.391243297699,1,459.9815375804901
0.008127665519714356,0.13571958541870116,0.0048504829406738285,0.041048064523813675,0.03043203353881836,nan,0.0,0.0620518684387207,0.7622999548912048,0.709510503578186,-0.7622999548912048,nan,0.0,nan,0.0,nan,0.0,0.8287000060081482,0.47929890480041504,nan,0.0,nan,0.0,60000,1,False,,,55,-0.709510503578186,efe0a1845fe94806924f0748e57e3f10,2019-05-30_14-43-27,1559252607,8.172532081604004,468.1540696620941,13470,steropes,169.229.49.254,"{'starting_lr': 0.0005, 'momentum': 0.99, 'weight_decay': 0.005, 'steps_per_iteration': None, 'pin': False, 'model_creator': None, 'target_batch_size': 1024, 'model_string': 'resnet18', 'min_batch_size': 512, 'dataset': 'CIFAR', 'placement': None, 'use_nccl': True, 'devices_per_worker': 1, 'primary_resource': 'extra_gpu', 'gpu': False, 'verbose': False, 'lr_config': {'mode': 'log', 'steps': 5, 'initial_lr': 0.0005, 'target_lr': 0.0005}, 'batch_per_device': 1024}",468.1540696620941,0,55,7084.048097842091,1,468.1540696620941
0.008066654205322266,0.12495660781860352,0.005346345901489258,0.05272278493764449,0.02677443027496338,nan,0.0,0.045427989959716794,0.7631999850273132,0.7016312914848327,-0.7631999850273132,nan,0.0,nan,0.0,nan,0.0,0.8318199515342712,0.477720665063858,nan,0.0,nan,0.0,60000,1,False,,,56,-0.7016312914848327,efe0a1845fe94806924f0748e57e3f10,2019-05-30_14-43-36,1559252616,8.710398435592651,476.86446809768677,13470,steropes,169.229.49.254,"{'starting_lr': 0.0005, 'momentum': 0.99, 'weight_decay': 0.005, 'steps_per_iteration': None, 'pin': False, 'model_creator': None, 'target_batch_size': 1024, 'model_string': 'resnet18', 'min_batch_size': 512, 'dataset': 'CIFAR', 'placement': None, 'use_nccl': True, 'devices_per_worker': 1, 'primary_resource': 'extra_gpu', 'gpu': False, 'verbose': False, 'lr_config': {'mode': 'log', 'steps': 5, 'initial_lr': 0.0005, 'target_lr': 0.0005}, 'batch_per_device': 1024}",476.86446809768677,0,56,7024.319320387245,1,476.86446809768677
0.008820533752441406,0.13268644809722902,0.008021926879882813,0.035766713473261616,0.03256664276123047,nan,0.0,0.07259020805358887,0.7666999697685242,0.7029482404708862,-0.7666999697685242,nan,0.0,nan,0.0,nan,0.0,0.8326999545097351,0.4699842161846161,nan,0.0,nan,0.0,60000,1,False,,,57,-0.7029482404708862,efe0a1845fe94806924f0748e57e3f10,2019-05-30_14-43-44,1559252624,8.391013622283936,485.2554817199707,13470,steropes,169.229.49.254,"{'starting_lr': 0.0005, 'momentum': 0.99, 'weight_decay': 0.005, 'steps_per_iteration': None, 'pin': False, 'model_creator': None, 'target_batch_size': 1024, 'model_string': 'resnet18', 'min_batch_size': 512, 'dataset': 'CIFAR', 'placement': None, 'use_nccl': True, 'devices_per_worker': 1, 'primary_resource': 'extra_gpu', 'gpu': False, 'verbose': False, 'lr_config': {'mode': 'log', 'steps': 5, 'initial_lr': 0.0005, 'target_lr': 0.0005}, 'batch_per_device': 1024}",485.2554817199707,0,57,7104.8613441011175,1,485.2554817199707
0.008717656135559082,0.14441132545471191,0.009205174446105958,0.046479648473311444,0.03776438236236572,nan,0.0,0.06364412307739258,0.7700999975204468,0.6948770344734192,-0.7700999975204468,nan,0.0,nan,0.0,nan,0.0,0.8385399580001831,0.4578273205184937,nan,0.0,nan,0.0,60000,1,False,,,58,-0.6948770344734192,efe0a1845fe94806924f0748e57e3f10,2019-05-30_14-43-53,1559252633,8.82008695602417,494.0755686759949,13470,steropes,169.229.49.254,"{'starting_lr': 0.0005, 'momentum': 0.99, 'weight_decay': 0.005, 'steps_per_iteration': None, 'pin': False, 'model_creator': None, 'target_batch_size': 1024, 'model_string': 'resnet18', 'min_batch_size': 512, 'dataset': 'CIFAR', 'placement': None, 'use_nccl': True, 'devices_per_worker': 1, 'primary_resource': 'extra_gpu', 'gpu': False, 'verbose': False, 'lr_config': {'mode': 'log', 'steps': 5, 'initial_lr': 0.0005, 'target_lr': 0.0005}, 'batch_per_device': 1024}",494.0755686759949,0,58,7094.035803431333,1,494.0755686759949
0.00931689739227295,0.13091809749603273,0.008664941787719727,0.03243203552401796,0.03063168525695801,nan,0.0,0.06723697185516357,0.765999972820282,0.7118718078613281,-0.765999972820282,nan,0.0,nan,0.0,nan,0.0,0.8400999903678894,0.4559657421302795,nan,0.0,nan,0.0,60000,1,False,,,59,-0.7118718078613281,efe0a1845fe94806924f0748e57e3f10,2019-05-30_14-44-01,1559252641,8.166611194610596,502.24217987060547,13470,steropes,169.229.49.254,"{'starting_lr': 0.0005, 'momentum': 0.99, 'weight_decay': 0.005, 'steps_per_iteration': None, 'pin': False, 'model_creator': None, 'target_batch_size': 1024, 'model_string': 'resnet18', 'min_batch_size': 512, 'dataset': 'CIFAR', 'placement': None, 'use_nccl': True, 'devices_per_worker': 1, 'primary_resource': 'extra_gpu', 'gpu': False, 'verbose': False, 'lr_config': {'mode': 'log', 'steps': 5, 'initial_lr': 0.0005, 'target_lr': 0.0005}, 'batch_per_device': 1024}",502.24217987060547,0,59,7098.727316733504,1,502.24217987060547
0.009343099594116212,0.12979137897491455,0.008500790596008301,0.03589938611400371,0.0364454984664917,nan,0.0,0.06390137672424316,0.7699999809265137,0.6988544567108155,-0.7699999809265137,nan,0.0,nan,0.0,nan,0.0,0.8426399827003479,0.44296689535140993,nan,0.0,nan,0.0,60000,1,False,,,60,-0.6988544567108155,efe0a1845fe94806924f0748e57e3f10,2019-05-30_14-44-10,1559252650,8.311147928237915,510.5533277988434,13470,steropes,169.229.49.254,"{'starting_lr': 0.0005, 'momentum': 0.99, 'weight_decay': 0.005, 'steps_per_iteration': None, 'pin': False, 'model_creator': None, 'target_batch_size': 1024, 'model_string': 'resnet18', 'min_batch_size': 512, 'dataset': 'CIFAR', 'placement': None, 'use_nccl': True, 'devices_per_worker': 1, 'primary_resource': 'extra_gpu', 'gpu': False, 'verbose': False, 'lr_config': {'mode': 'log', 'steps': 5, 'initial_lr': 0.0005, 'target_lr': 0.0005}, 'batch_per_device': 1024}",510.5533277988434,0,60,7075.520698817792,1,510.5533277988434
0.00914604663848877,0.14250404834747316,0.008571600914001465,0.03101634979248047,0.026894974708557128,nan,0.0,0.059461784362792966,0.7680999636650085,0.7073143486022949,-0.7680999636650085,nan,0.0,nan,0.0,nan,0.0,0.8482999801635742,0.43570967405319216,nan,0.0,nan,0.0,60000,1,False,,,61,-0.7073143486022949,efe0a1845fe94806924f0748e57e3f10,2019-05-30_14-44-18,1559252658,8.235080242156982,518.7884080410004,13470,steropes,169.229.49.254,"{'starting_lr': 0.0005, 'momentum': 0.99, 'weight_decay': 0.005, 'steps_per_iteration': None, 'pin': False, 'model_creator': None, 'target_batch_size': 1024, 'model_string': 'resnet18', 'min_batch_size': 512, 'dataset': 'CIFAR', 'placement': None, 'use_nccl': True, 'devices_per_worker': 1, 'primary_resource': 'extra_gpu', 'gpu': False, 'verbose': False, 'lr_config': {'mode': 'log', 'steps': 5, 'initial_lr': 0.0005, 'target_lr': 0.0005}, 'batch_per_device': 1024}",518.7884080410004,0,61,7155.745227255728,1,518.7884080410004
0.010274767875671387,0.13124556541442872,0.00726768970489502,0.028553772945793306,0.027834129333496094,nan,0.0,0.05929138660430908,0.7856000065803528,0.6596889141082763,-0.7856000065803528,nan,0.0,nan,0.0,nan,0.0,0.858959972858429,0.4063206268310547,nan,0.0,nan,0.0,60000,1,False,,,62,-0.6596889141082763,efe0a1845fe94806924f0748e57e3f10,2019-05-30_14-44-26,1559252666,7.97599720954895,526.7644052505493,13470,steropes,169.229.49.254,"{'starting_lr': 0.0005, 'momentum': 0.99, 'weight_decay': 0.005, 'steps_per_iteration': None, 'pin': False, 'model_creator': None, 'target_batch_size': 1024, 'model_string': 'resnet18', 'min_batch_size': 512, 'dataset': 'CIFAR', 'placement': None, 'use_nccl': True, 'devices_per_worker': 1, 'primary_resource': 'extra_gpu', 'gpu': False, 'verbose': False, 'lr_config': {'mode': 'log', 'steps': 5, 'initial_lr': 0.0005, 'target_lr': 0.0005}, 'batch_per_device': 1024}",526.7644052505493,0,62,7227.29040727034,1,526.7644052505493
0.008606433868408203,0.13333663940429688,0.005441617965698242,0.0419353368330975,0.02851574420928955,nan,0.0,0.057496142387390134,0.7815999984741211,0.6618641951560974,-0.7815999984741211,nan,0.0,nan,0.0,nan,0.0,0.8670799732208252,0.3817089062309265,nan,0.0,nan,0.0,60000,1,False,,,63,-0.6618641951560974,efe0a1845fe94806924f0748e57e3f10,2019-05-30_14-44-34,1559252674,7.951000928878784,534.7154061794281,13470,steropes,169.229.49.254,"{'starting_lr': 0.0005, 'momentum': 0.99, 'weight_decay': 0.005, 'steps_per_iteration': None, 'pin': False, 'model_creator': None, 'target_batch_size': 1024, 'model_string': 'resnet18', 'min_batch_size': 512, 'dataset': 'CIFAR', 'placement': None, 'use_nccl': True, 'devices_per_worker': 1, 'primary_resource': 'extra_gpu', 'gpu': False, 'verbose': False, 'lr_config': {'mode': 'log', 'steps': 5, 'initial_lr': 0.0005, 'target_lr': 0.0005}, 'batch_per_device': 1024}",534.7154061794281,0,63,7381.8466116168975,1,534.7154061794281
0.00990605354309082,0.13521292209625244,0.00780479907989502,0.04790947388629524,0.030762481689453124,nan,0.0,0.05102410316467285,0.7851999998092651,0.652583154296875,-0.7851999998092651,nan,0.0,nan,0.0,nan,0.0,0.8728999495506287,0.3651550640678406,nan,0.0,nan,0.0,60000,1,False,,,64,-0.652583154296875,efe0a1845fe94806924f0748e57e3f10,2019-05-30_14-44-42,1559252682,8.522319316864014,543.2377254962921,13470,steropes,169.229.49.254,"{'starting_lr': 0.0005, 'momentum': 0.99, 'weight_decay': 0.005, 'steps_per_iteration': None, 'pin': False, 'model_creator': None, 'target_batch_size': 1024, 'model_string': 'resnet18', 'min_batch_size': 512, 'dataset': 'CIFAR', 'placement': None, 'use_nccl': True, 'devices_per_worker': 1, 'primary_resource': 'extra_gpu', 'gpu': False, 'verbose': False, 'lr_config': {'mode': 'log', 'steps': 5, 'initial_lr': 0.0005, 'target_lr': 0.0005}, 'batch_per_device': 1024}",543.2377254962921,0,64,7317.7970505087915,1,543.2377254962921
0.00837099552154541,0.14451947212219238,0.0061217546463012695,0.03626255599819884,0.027459216117858887,nan,0.0,0.057426071166992186,0.7861999869346619,0.6554464789390564,-0.7861999869346619,nan,0.0,nan,0.0,nan,0.0,0.8791999816894531,0.3506199505805969,nan,0.0,nan,0.0,60000,1,False,,,65,-0.6554464789390564,efe0a1845fe94806924f0748e57e3f10,2019-05-30_14-44-51,1559252691,8.311193704605103,551.5489192008972,13470,steropes,169.229.49.254,"{'starting_lr': 0.0005, 'momentum': 0.99, 'weight_decay': 0.005, 'steps_per_iteration': None, 'pin': False, 'model_creator': None, 'target_batch_size': 1024, 'model_string': 'resnet18', 'min_batch_size': 512, 'dataset': 'CIFAR', 'placement': None, 'use_nccl': True, 'devices_per_worker': 1, 'primary_resource': 'extra_gpu', 'gpu': False, 'verbose': False, 'lr_config': {'mode': 'log', 'steps': 5, 'initial_lr': 0.0005, 'target_lr': 0.0005}, 'batch_per_device': 1024}",551.5489192008972,0,65,7317.787602680843,1,551.5489192008972
0.007577323913574218,0.13111524581909179,0.005543351173400879,0.03599570721996074,0.029277658462524413,nan,0.0,0.06303911209106446,0.7883999943733215,0.6503396591186523,-0.7883999943733215,nan,0.0,nan,0.0,nan,0.0,0.8831799626350403,0.34298096630096436,nan,0.0,nan,0.0,60000,1,False,,,66,-0.6503396591186523,efe0a1845fe94806924f0748e57e3f10,2019-05-30_14-44-59,1559252699,8.35689377784729,559.9058129787445,13470,steropes,169.229.49.254,"{'starting_lr': 0.0005, 'momentum': 0.99, 'weight_decay': 0.005, 'steps_per_iteration': None, 'pin': False, 'model_creator': None, 'target_batch_size': 1024, 'model_string': 'resnet18', 'min_batch_size': 512, 'dataset': 'CIFAR', 'placement': None, 'use_nccl': True, 'devices_per_worker': 1, 'primary_resource': 'extra_gpu', 'gpu': False, 'verbose': False, 'lr_config': {'mode': 'log', 'steps': 5, 'initial_lr': 0.0005, 'target_lr': 0.0005}, 'batch_per_device': 1024}",559.9058129787445,0,66,7296.108001012753,1,559.9058129787445
0.007969403266906738,0.13577721118927003,0.00881345272064209,0.038945344029640665,0.035086750984191895,nan,0.0,0.0613041877746582,0.7900999784469604,0.6529162861824036,-0.7900999784469604,nan,0.0,nan,0.0,nan,0.0,0.8889999985694885,0.32974911054611206,nan,0.0,nan,0.0,60000,1,False,,,67,-0.6529162861824036,efe0a1845fe94806924f0748e57e3f10,2019-05-30_14-45-08,1559252708,8.622318029403687,568.5281310081482,13470,steropes,169.229.49.254,"{'starting_lr': 0.0005, 'momentum': 0.99, 'weight_decay': 0.005, 'steps_per_iteration': None, 'pin': False, 'model_creator': None, 'target_batch_size': 1024, 'model_string': 'resnet18', 'min_batch_size': 512, 'dataset': 'CIFAR', 'placement': None, 'use_nccl': True, 'devices_per_worker': 1, 'primary_resource': 'extra_gpu', 'gpu': False, 'verbose': False, 'lr_config': {'mode': 'log', 'steps': 5, 'initial_lr': 0.0005, 'target_lr': 0.0005}, 'batch_per_device': 1024}",568.5281310081482,0,67,7183.196142632659,1,568.5281310081482
