{"apply": 0.01690208911895752, "batch_time": 0.04126200193091284, "d2h": 0.0006889581680297851, "data_time": 0.0018839781241648643, "fwd": 0.11344246864318848, "get_state_time_mean": NaN, "get_state_time_total": 0.0, "grad": 0.16076653003692626, "mean_accuracy": 0.13040000200271606, "mean_loss": 2.382929144668579, "neg_mean_accuracy": -0.13040000200271606, "set_state_time_mean": NaN, "set_state_time_total": 0.0, "setup_model_time_mean": 8.176403999328613, "setup_model_time_total": 8.176403999328613, "setup_proc_time_mean": 0.18764114379882812, "setup_proc_time_total": 0.18764114379882812, "train_accuracy": 0.11059999465942383, "train_loss": 2.771451391906738, "training_time_mean": NaN, "training_time_total": 0.0, "val_accuracy": 0.13040000200271606, "val_loss": 2.382929144668579, "validation_time_mean": NaN, "validation_time_total": 0.0, "samples": 60000, "num_workers": 1, "done": false, "timesteps_total": null, "episodes_total": null, "training_iteration": 1, "neg_mean_loss": -2.382929144668579, "experiment_id": "6b2f963db5374bfbbdf69e51f9849e31", "date": "2019-06-06_09-38-15", "timestamp": 1559839095, "time_this_iter_s": 46.150229692459106, "time_total_s": 46.150229692459106, "pid": 20374, "hostname": "steropes", "node_ip": "169.229.49.254", "config": {"starting_lr": 0.0001, "momentum": 0.9, "weight_decay": 0.001, "steps_per_iteration": null, "pin": false, "model_creator": null, "target_batch_size": 128, "model_string": "resnet50", "min_batch_size": 128, "dataset": "CIFAR", "placement": null, "use_nccl": true, "devices_per_worker": 1, "primary_resource": "extra_gpu", "gpu": false, "verbose": false, "lr_config": {"mode": "log", "steps": 5, "initial_lr": 0.0001, "target_lr": 0.0001}, "batch_per_device": 128}, "time_since_restore": 46.150229692459106, "timesteps_since_restore": 0, "iterations_since_restore": 1, "mean_throughput": 1300.0993395256985, "atoms": 1, "setup_time": 8.826433181762695}
{"apply": 0.017034745216369628, "batch_time": 0.03168904932239388, "d2h": 0.0007002830505371093, "data_time": 0.0018288790417449248, "fwd": 0.02767789363861084, "get_state_time_mean": NaN, "get_state_time_total": 0.0, "grad": 0.04877467155456543, "mean_accuracy": 0.14459999650716782, "mean_loss": 2.331043095588684, "neg_mean_accuracy": -0.15879999101161957, "set_state_time_mean": NaN, "set_state_time_total": 0.0, "setup_model_time_mean": NaN, "setup_model_time_total": 0.0, "setup_proc_time_mean": NaN, "setup_proc_time_total": 0.0, "train_accuracy": 0.13801999390125275, "train_loss": 2.3481834982299805, "training_time_mean": NaN, "training_time_total": 0.0, "val_accuracy": 0.15879999101161957, "val_loss": 2.279157046508789, "validation_time_mean": NaN, "validation_time_total": 0.0, "samples": 60000, "num_workers": 1, "done": false, "timesteps_total": null, "episodes_total": null, "training_iteration": 2, "neg_mean_loss": -2.331043095588684, "experiment_id": "6b2f963db5374bfbbdf69e51f9849e31", "date": "2019-06-06_09-38-56", "timestamp": 1559839136, "time_this_iter_s": 40.80281376838684, "time_total_s": 86.95304346084595, "pid": 20374, "hostname": "steropes", "node_ip": "169.229.49.254", "config": {"starting_lr": 0.0001, "momentum": 0.9, "weight_decay": 0.001, "steps_per_iteration": null, "pin": false, "model_creator": null, "target_batch_size": 128, "model_string": "resnet50", "min_batch_size": 128, "dataset": "CIFAR", "placement": null, "use_nccl": true, "devices_per_worker": 1, "primary_resource": "extra_gpu", "gpu": false, "verbose": false, "lr_config": {"mode": "log", "steps": 5, "initial_lr": 0.0001, "target_lr": 0.0001}, "batch_per_device": 128}, "time_since_restore": 86.95304346084595, "timesteps_since_restore": 0, "iterations_since_restore": 2, "mean_throughput": 1380.0525158457635, "atoms": 1, "setup_time": 8.826433181762695}
{"apply": 0.018868780136108397, "batch_time": 0.03249378143986569, "d2h": 0.000697469711303711, "data_time": 0.0018376255279306866, "fwd": 0.029891395568847658, "get_state_time_mean": NaN, "get_state_time_total": 0.0, "grad": 0.048128366470336914, "mean_accuracy": 0.15636666119098663, "mean_loss": 2.2877981856028238, "neg_mean_accuracy": -0.17989999055862427, "set_state_time_mean": NaN, "set_state_time_total": 0.0, "setup_model_time_mean": NaN, "setup_model_time_total": 0.0, "setup_proc_time_mean": NaN, "setup_proc_time_total": 0.0, "train_accuracy": 0.16569998860359192, "train_loss": 2.2630707401275636, "training_time_mean": NaN, "training_time_total": 0.0, "val_accuracy": 0.17989999055862427, "val_loss": 2.2013083656311037, "validation_time_mean": NaN, "validation_time_total": 0.0, "samples": 60000, "num_workers": 1, "done": true, "timesteps_total": null, "episodes_total": null, "training_iteration": 3, "neg_mean_loss": -2.2877981856028238, "experiment_id": "6b2f963db5374bfbbdf69e51f9849e31", "date": "2019-06-06_09-39-37", "timestamp": 1559839177, "time_this_iter_s": 40.77285385131836, "time_total_s": 127.7258973121643, "pid": 20374, "hostname": "steropes", "node_ip": "169.229.49.254", "config": {"starting_lr": 0.0001, "momentum": 0.9, "weight_decay": 0.001, "steps_per_iteration": null, "pin": false, "model_creator": null, "target_batch_size": 128, "model_string": "resnet50", "min_batch_size": 128, "dataset": "CIFAR", "placement": null, "use_nccl": true, "devices_per_worker": 1, "primary_resource": "extra_gpu", "gpu": false, "verbose": false, "lr_config": {"mode": "log", "steps": 5, "initial_lr": 0.0001, "target_lr": 0.0001}, "batch_per_device": 128}, "time_since_restore": 127.7258973121643, "timesteps_since_restore": 0, "iterations_since_restore": 3, "mean_throughput": 1409.2643800725218, "atoms": 1, "setup_time": 8.826433181762695}
