apply,batch_time,d2h,data_time,fwd,get_state_time_mean,get_state_time_total,grad,mean_accuracy,mean_loss,neg_mean_accuracy,set_state_time_mean,set_state_time_total,setup_model_time_mean,setup_model_time_total,setup_proc_time_mean,setup_proc_time_total,train_accuracy,train_loss,training_time_mean,training_time_total,validation_time_mean,validation_time_total,samples,num_workers,done,timesteps_total,episodes_total,training_iteration,neg_mean_loss,experiment_id,date,timestamp,time_this_iter_s,time_total_s,pid,hostname,node_ip,config,time_since_restore,timesteps_since_restore,iterations_since_restore,mean_throughput,atoms,resource_time
0.007727861404418945,0.1826781988143921,0.005424928665161133,0.042719909123012,0.09612133502960205,nan,0.0,0.17616691589355468,0.29409998655319214,1.9569585289001465,-0.29409998655319214,nan,0.0,19.113481283187866,19.113481283187866,1.7683255672454834,1.7683255672454834,0.16363999247550964,3.8285198913574217,nan,0.0,nan,0.0,60000,1,False,,,1,-1.9569585289001465,13251bb9799840289a85cf10f8cf1afa,2019-05-30_14-15-22,1559250922,12.732802152633667,12.732802152633667,21732,steropes,169.229.49.254,"{'starting_lr': 0.0005, 'momentum': 0.99, 'weight_decay': 0.005, 'steps_per_iteration': None, 'pin': False, 'model_creator': None, 'target_batch_size': 1024, 'model_string': 'resnet18', 'min_batch_size': 512, 'dataset': 'CIFAR', 'placement': None, 'use_nccl': True, 'devices_per_worker': 1, 'primary_resource': 'extra_gpu', 'gpu': False, 'verbose': False, 'lr_config': {'mode': 'log', 'steps': 5, 'initial_lr': 0.0005, 'target_lr': 0.0005}, 'batch_per_device': 1024}",12.732802152633667,0,1,4712.207400741439,1,12.732802152633667
0.007251191139221192,0.11888678073883056,0.0052356719970703125,0.03402878800216986,0.02483046054840088,nan,0.0,0.056180381774902345,0.3725000023841858,1.7212559297561645,-0.3725000023841858,nan,0.0,nan,0.0,nan,0.0,0.31773999333381653,1.883957271080017,nan,0.0,nan,0.0,60000,1,False,,,2,-1.7212559297561645,13251bb9799840289a85cf10f8cf1afa,2019-05-30_14-15-30,1559250930,7.6596715450286865,20.392473697662354,21732,steropes,169.229.49.254,"{'starting_lr': 0.0005, 'momentum': 0.99, 'weight_decay': 0.005, 'steps_per_iteration': None, 'pin': False, 'model_creator': None, 'target_batch_size': 1024, 'model_string': 'resnet18', 'min_batch_size': 512, 'dataset': 'CIFAR', 'placement': None, 'use_nccl': True, 'devices_per_worker': 1, 'primary_resource': 'extra_gpu', 'gpu': False, 'verbose': False, 'lr_config': {'mode': 'log', 'steps': 5, 'initial_lr': 0.0005, 'target_lr': 0.0005}, 'batch_per_device': 1024}",20.392473697662354,0,2,5884.476898122428,1,20.392473697662354
0.009301400184631348,0.12207324504852295,0.006279635429382324,0.03482513525048081,0.02583284378051758,nan,0.0,0.0465914249420166,0.42389997839927673,1.5514019861221313,-0.42389997839927673,nan,0.0,nan,0.0,nan,0.0,0.37727999687194824,1.6937257437896729,nan,0.0,nan,0.0,60000,1,False,,,3,-1.5514019861221313,13251bb9799840289a85cf10f8cf1afa,2019-05-30_14-15-37,1559250937,7.729752779006958,28.12222647666931,21732,steropes,169.229.49.254,"{'starting_lr': 0.0005, 'momentum': 0.99, 'weight_decay': 0.005, 'steps_per_iteration': None, 'pin': False, 'model_creator': None, 'target_batch_size': 1024, 'model_string': 'resnet18', 'min_batch_size': 512, 'dataset': 'CIFAR', 'placement': None, 'use_nccl': True, 'devices_per_worker': 1, 'primary_resource': 'extra_gpu', 'gpu': False, 'verbose': False, 'lr_config': {'mode': 'log', 'steps': 5, 'initial_lr': 0.0005, 'target_lr': 0.0005}, 'batch_per_device': 1024}",28.12222647666931,0,3,6400.575626855005,1,28.12222647666931
0.007736682891845703,0.13039116859436034,0.004796624183654785,0.03422473888007962,0.02814774513244629,nan,0.0,0.05155103206634522,0.45559999346733093,1.4708962440490723,-0.45559999346733093,nan,0.0,nan,0.0,nan,0.0,0.4148999750614166,1.5795559155273438,nan,0.0,nan,0.0,60000,1,False,,,4,-1.4708962440490723,13251bb9799840289a85cf10f8cf1afa,2019-05-30_14-15-45,1559250945,7.905531406402588,36.0277578830719,21732,steropes,169.229.49.254,"{'starting_lr': 0.0005, 'momentum': 0.99, 'weight_decay': 0.005, 'steps_per_iteration': None, 'pin': False, 'model_creator': None, 'target_batch_size': 1024, 'model_string': 'resnet18', 'min_batch_size': 512, 'dataset': 'CIFAR', 'placement': None, 'use_nccl': True, 'devices_per_worker': 1, 'primary_resource': 'extra_gpu', 'gpu': False, 'verbose': False, 'lr_config': {'mode': 'log', 'steps': 5, 'initial_lr': 0.0005, 'target_lr': 0.0005}, 'batch_per_device': 1024}",36.0277578830719,0,4,6661.4704134086605,1,36.0277578830719
0.008911323547363282,0.13654005527496338,0.005658006668090821,0.0339400087084089,0.03474557399749756,nan,0.0,0.052585721015930176,0.4829999804496765,1.4238005102157594,-0.4829999804496765,nan,0.0,nan,0.0,nan,0.0,0.44835999608039856,1.4910265137481689,nan,0.0,nan,0.0,60000,1,False,,,5,-1.4238005102157594,13251bb9799840289a85cf10f8cf1afa,2019-05-30_14-15-53,1559250953,8.036769151687622,44.06452703475952,21732,steropes,169.229.49.254,"{'starting_lr': 0.0005, 'momentum': 0.99, 'weight_decay': 0.005, 'steps_per_iteration': None, 'pin': False, 'model_creator': None, 'target_batch_size': 1024, 'model_string': 'resnet18', 'min_batch_size': 512, 'dataset': 'CIFAR', 'placement': None, 'use_nccl': True, 'devices_per_worker': 1, 'primary_resource': 'extra_gpu', 'gpu': False, 'verbose': False, 'lr_config': {'mode': 'log', 'steps': 5, 'initial_lr': 0.0005, 'target_lr': 0.0005}, 'batch_per_device': 1024}",44.06452703475952,0,5,6808.135440585834,1,44.06452703475952
0.007304501533508301,0.1384807348251343,0.0066263675689697266,0.0317962072333511,0.02319948673248291,nan,0.0,0.05243895053863525,0.5038999915122986,1.3598695755004884,-0.5038999915122986,nan,0.0,nan,0.0,nan,0.0,0.47929999232292175,1.4269097664642334,nan,0.0,nan,0.0,60000,1,False,,,6,-1.3598695755004884,13251bb9799840289a85cf10f8cf1afa,2019-05-30_14-16-01,1559250961,7.771313428878784,51.835840463638306,21732,steropes,169.229.49.254,"{'starting_lr': 0.0005, 'momentum': 0.99, 'weight_decay': 0.005, 'steps_per_iteration': None, 'pin': False, 'model_creator': None, 'target_batch_size': 1024, 'model_string': 'resnet18', 'min_batch_size': 512, 'dataset': 'CIFAR', 'placement': None, 'use_nccl': True, 'devices_per_worker': 1, 'primary_resource': 'extra_gpu', 'gpu': False, 'verbose': False, 'lr_config': {'mode': 'log', 'steps': 5, 'initial_lr': 0.0005, 'target_lr': 0.0005}, 'batch_per_device': 1024}",51.835840463638306,0,6,7671.948434341798,1,51.835840463638306
0.007440114021301269,0.12766461372375487,0.00723879337310791,0.03532001436973105,0.02759373188018799,nan,0.0,0.06058635711669922,0.5263999700546265,1.2998634874343873,-0.5263999700546265,nan,0.0,nan,0.0,nan,0.0,0.501259982585907,1.3669028973007202,nan,0.0,nan,0.0,60000,1,False,,,7,-1.2998634874343873,13251bb9799840289a85cf10f8cf1afa,2019-05-30_14-16-09,1559250969,7.84786057472229,59.683701038360596,21732,steropes,169.229.49.254,"{'starting_lr': 0.0005, 'momentum': 0.99, 'weight_decay': 0.005, 'steps_per_iteration': None, 'pin': False, 'model_creator': None, 'target_batch_size': 1024, 'model_string': 'resnet18', 'min_batch_size': 512, 'dataset': 'CIFAR', 'placement': None, 'use_nccl': True, 'devices_per_worker': 1, 'primary_resource': 'extra_gpu', 'gpu': False, 'verbose': False, 'lr_config': {'mode': 'log', 'steps': 5, 'initial_lr': 0.0005, 'target_lr': 0.0005}, 'batch_per_device': 1024}",59.683701038360596,0,7,7635.203343003384,1,59.683701038360596
0.007337260246276856,0.11453399658203126,0.005203628540039062,0.056478641471084286,0.023624229431152343,nan,0.0,0.04266953468322754,0.5467000007629395,1.2593436391830444,-0.5467000007629395,nan,0.0,nan,0.0,nan,0.0,0.5222200155258179,1.3157686029052735,nan,0.0,nan,0.0,60000,1,False,,,8,-1.2593436391830444,13251bb9799840289a85cf10f8cf1afa,2019-05-30_14-16-18,1559250978,8.482376337051392,68.16607737541199,21732,steropes,169.229.49.254,"{'starting_lr': 0.0005, 'momentum': 0.99, 'weight_decay': 0.005, 'steps_per_iteration': None, 'pin': False, 'model_creator': None, 'target_batch_size': 1024, 'model_string': 'resnet18', 'min_batch_size': 512, 'dataset': 'CIFAR', 'placement': None, 'use_nccl': True, 'devices_per_worker': 1, 'primary_resource': 'extra_gpu', 'gpu': False, 'verbose': False, 'lr_config': {'mode': 'log', 'steps': 5, 'initial_lr': 0.0005, 'target_lr': 0.0005}, 'batch_per_device': 1024}",68.16607737541199,0,8,7491.702478104375,1,68.16607737541199
0.007586193084716797,0.12364962100982665,0.004517793655395508,0.06021864560185647,0.022084784507751466,nan,0.0,0.046805167198181154,0.5568000078201294,1.2170978620529176,-0.5568000078201294,nan,0.0,nan,0.0,nan,0.0,0.5378000140190125,1.2702563165283203,nan,0.0,nan,0.0,60000,1,False,,,9,-1.2170978620529176,13251bb9799840289a85cf10f8cf1afa,2019-05-30_14-17-19,1559251039,9.103272914886475,77.26935029029846,21732,steropes,169.229.49.254,"{'starting_lr': 0.0005, 'momentum': 0.99, 'weight_decay': 0.005, 'steps_per_iteration': None, 'pin': False, 'model_creator': None, 'target_batch_size': 1024, 'model_string': 'resnet18', 'min_batch_size': 512, 'dataset': 'CIFAR', 'placement': None, 'use_nccl': True, 'devices_per_worker': 1, 'primary_resource': 'extra_gpu', 'gpu': False, 'verbose': False, 'lr_config': {'mode': 'log', 'steps': 5, 'initial_lr': 0.0005, 'target_lr': 0.0005}, 'batch_per_device': 1024}",77.26935029029846,0,9,7274.129586180586,1,77.26935029029846
0.007743215560913086,0.12414264678955078,0.010104107856750488,0.04251916554509377,0.028651928901672362,nan,0.0,0.046151256561279295,0.5649999976158142,1.1939139059066772,-0.5649999976158142,nan,0.0,nan,0.0,nan,0.0,0.5557799935340881,1.229066014137268,nan,0.0,nan,0.0,60000,1,False,,,10,-1.1939139059066772,13251bb9799840289a85cf10f8cf1afa,2019-05-30_14-17-27,1559251047,8.387881517410278,85.65723180770874,21732,steropes,169.229.49.254,"{'starting_lr': 0.0005, 'momentum': 0.99, 'weight_decay': 0.005, 'steps_per_iteration': None, 'pin': False, 'model_creator': None, 'target_batch_size': 1024, 'model_string': 'resnet18', 'min_batch_size': 512, 'dataset': 'CIFAR', 'placement': None, 'use_nccl': True, 'devices_per_worker': 1, 'primary_resource': 'extra_gpu', 'gpu': False, 'verbose': False, 'lr_config': {'mode': 'log', 'steps': 5, 'initial_lr': 0.0005, 'target_lr': 0.0005}, 'batch_per_device': 1024}",85.65723180770874,0,10,7212.724125376422,1,85.65723180770874
0.009212899208068847,0.12099273204803467,0.004553985595703125,0.04087545920391472,0.025317907333374023,nan,0.0,0.05068480968475342,0.5810999870300293,1.1571956018447875,-0.5810999870300293,nan,0.0,nan,0.0,nan,0.0,0.5689799785614014,1.1911773893356323,nan,0.0,nan,0.0,60000,1,False,,,11,-1.1571956018447875,13251bb9799840289a85cf10f8cf1afa,2019-05-30_14-17-35,1559251055,8.184868335723877,93.84210014343262,21732,steropes,169.229.49.254,"{'starting_lr': 0.0005, 'momentum': 0.99, 'weight_decay': 0.005, 'steps_per_iteration': None, 'pin': False, 'model_creator': None, 'target_batch_size': 1024, 'model_string': 'resnet18', 'min_batch_size': 512, 'dataset': 'CIFAR', 'placement': None, 'use_nccl': True, 'devices_per_worker': 1, 'primary_resource': 'extra_gpu', 'gpu': False, 'verbose': False, 'lr_config': {'mode': 'log', 'steps': 5, 'initial_lr': 0.0005, 'target_lr': 0.0005}, 'batch_per_device': 1024}",93.84210014343262,0,11,7141.725158408295,1,93.84210014343262
0.0069541454315185545,0.1222679853439331,0.004555749893188477,0.0426967192669304,0.021365976333618163,nan,0.0,0.04238259792327881,0.5972999930381775,1.1162948558807373,-0.5972999930381775,nan,0.0,nan,0.0,nan,0.0,0.5838599801063538,1.1495223848724365,nan,0.0,nan,0.0,60000,1,True,,,12,-1.1162948558807373,13251bb9799840289a85cf10f8cf1afa,2019-05-30_14-17-43,1559251063,7.56797194480896,101.41007208824158,21732,steropes,169.229.49.254,"{'starting_lr': 0.0005, 'momentum': 0.99, 'weight_decay': 0.005, 'steps_per_iteration': None, 'pin': False, 'model_creator': None, 'target_batch_size': 1024, 'model_string': 'resnet18', 'min_batch_size': 512, 'dataset': 'CIFAR', 'placement': None, 'use_nccl': True, 'devices_per_worker': 1, 'primary_resource': 'extra_gpu', 'gpu': False, 'verbose': False, 'lr_config': {'mode': 'log', 'steps': 5, 'initial_lr': 0.0005, 'target_lr': 0.0005}, 'batch_per_device': 1024}",101.41007208824158,0,12,7189.629609838705,1,101.41007208824158
