{"apply": 0.017579984664916993, "batch_time": 0.04460105413123022, "d2h": 0.0006693363189697266, "data_time": 0.0018338559533628966, "fwd": 0.19803507328033448, "get_state_time_mean": NaN, "get_state_time_total": 0.0, "grad": 0.16020386219024657, "mean_accuracy": 0.10130000114440918, "mean_loss": 2.8980846240997313, "neg_mean_accuracy": -0.10130000114440918, "set_state_time_mean": NaN, "set_state_time_total": 0.0, "setup_model_time_mean": 15.615967273712158, "setup_model_time_total": 15.615967273712158, "setup_proc_time_mean": 1.6709074974060059, "setup_proc_time_total": 1.6709074974060059, "train_accuracy": 0.10136000066995621, "train_loss": 8.612942230377197, "training_time_mean": NaN, "training_time_total": 0.0, "val_accuracy": 0.10130000114440918, "val_loss": 2.8980846240997313, "validation_time_mean": NaN, "validation_time_total": 0.0, "samples": 60000, "num_workers": 1, "done": false, "timesteps_total": null, "episodes_total": null, "training_iteration": 1, "neg_mean_loss": -2.8980846240997313, "experiment_id": "5d9d33cd86574f38b77fb3f6b306fdb2", "date": "2019-06-03_22-06-07", "timestamp": 1559624767, "time_this_iter_s": 46.999112367630005, "time_total_s": 46.999112367630005, "pid": 6870, "hostname": "steropes", "node_ip": "169.229.49.254", "config": {"starting_lr": 0.1, "momentum": 0.997, "weight_decay": 0.0001, "steps_per_iteration": null, "pin": false, "model_creator": null, "target_batch_size": 128, "model_string": "resnet50", "min_batch_size": 128, "dataset": "CIFAR", "placement": null, "use_nccl": true, "devices_per_worker": 1, "primary_resource": "extra_gpu", "gpu": false, "verbose": false, "lr_config": {"mode": "log", "steps": 5, "initial_lr": 0.1, "target_lr": 0.1}, "batch_per_device": 128}, "time_since_restore": 46.999112367630005, "timesteps_since_restore": 0, "iterations_since_restore": 1, "mean_throughput": 1276.6175232782302, "atoms": 1, "setup_time": 17.390175819396973}
{"apply": 0.01701807975769043, "batch_time": 0.03170630901674681, "d2h": 0.0006499528884887695, "data_time": 0.0017440776385919518, "fwd": 0.027371978759765624, "get_state_time_mean": NaN, "get_state_time_total": 0.0, "grad": 0.04768984317779541, "mean_accuracy": 0.10130000114440918, "mean_loss": 19.453543037605286, "neg_mean_accuracy": -0.10130000114440918, "set_state_time_mean": NaN, "set_state_time_total": 0.0, "setup_model_time_mean": NaN, "setup_model_time_total": 0.0, "setup_proc_time_mean": NaN, "setup_proc_time_total": 0.0, "train_accuracy": 0.10283999890089035, "train_loss": 24.602187938079833, "training_time_mean": NaN, "training_time_total": 0.0, "val_accuracy": 0.10130000114440918, "val_loss": 36.00900145111084, "validation_time_mean": NaN, "validation_time_total": 0.0, "samples": 60000, "num_workers": 1, "done": false, "timesteps_total": null, "episodes_total": null, "training_iteration": 2, "neg_mean_loss": -19.453543037605286, "experiment_id": "5d9d33cd86574f38b77fb3f6b306fdb2", "date": "2019-06-03_22-06-47", "timestamp": 1559624807, "time_this_iter_s": 40.46001386642456, "time_total_s": 87.45912623405457, "pid": 6870, "hostname": "steropes", "node_ip": "169.229.49.254", "config": {"starting_lr": 0.1, "momentum": 0.997, "weight_decay": 0.0001, "steps_per_iteration": null, "pin": false, "model_creator": null, "target_batch_size": 128, "model_string": "resnet50", "min_batch_size": 128, "dataset": "CIFAR", "placement": null, "use_nccl": true, "devices_per_worker": 1, "primary_resource": "extra_gpu", "gpu": false, "verbose": false, "lr_config": {"mode": "log", "steps": 5, "initial_lr": 0.1, "target_lr": 0.1}, "batch_per_device": 128}, "time_since_restore": 87.45912623405457, "timesteps_since_restore": 0, "iterations_since_restore": 2, "mean_throughput": 1372.0637033034718, "atoms": 1, "setup_time": 17.390175819396973}
{"apply": 0.017349839210510254, "batch_time": 0.031772009934051125, "d2h": 0.0006808996200561524, "data_time": 0.0017210985998363446, "fwd": 0.028020358085632323, "get_state_time_mean": NaN, "get_state_time_total": 0.0, "grad": 0.04855289459228516, "mean_accuracy": 0.10086666544278462, "mean_loss": 727.7649304495493, "neg_mean_accuracy": -0.09999999403953552, "set_state_time_mean": NaN, "set_state_time_total": 0.0, "setup_model_time_mean": NaN, "setup_model_time_total": 0.0, "setup_proc_time_mean": NaN, "setup_proc_time_total": 0.0, "train_accuracy": 0.09997999668121338, "train_loss": 181.2886248223877, "training_time_mean": NaN, "training_time_total": 0.0, "val_accuracy": 0.09999999403953552, "val_loss": 2144.3877052734374, "validation_time_mean": NaN, "validation_time_total": 0.0, "samples": 60000, "num_workers": 1, "done": true, "timesteps_total": null, "episodes_total": null, "training_iteration": 3, "neg_mean_loss": -727.7649304495493, "experiment_id": "5d9d33cd86574f38b77fb3f6b306fdb2", "date": "2019-06-03_22-07-27", "timestamp": 1559624847, "time_this_iter_s": 40.21412777900696, "time_total_s": 127.67325401306152, "pid": 6870, "hostname": "steropes", "node_ip": "169.229.49.254", "config": {"starting_lr": 0.1, "momentum": 0.997, "weight_decay": 0.0001, "steps_per_iteration": null, "pin": false, "model_creator": null, "target_batch_size": 128, "model_string": "resnet50", "min_batch_size": 128, "dataset": "CIFAR", "placement": null, "use_nccl": true, "devices_per_worker": 1, "primary_resource": "extra_gpu", "gpu": false, "verbose": false, "lr_config": {"mode": "log", "steps": 5, "initial_lr": 0.1, "target_lr": 0.1}, "batch_per_device": 128}, "time_since_restore": 127.67325401306152, "timesteps_since_restore": 0, "iterations_since_restore": 3, "mean_throughput": 1409.8437917335905, "atoms": 1, "setup_time": 17.390175819396973}
