{"apply": 0.018586492538452147, "batch_time": 0.04239297818533982, "d2h": 0.0006956338882446289, "data_time": 0.0018491757190440927, "fwd": 0.14473063945770265, "get_state_time_mean": NaN, "get_state_time_total": 0.0, "grad": 0.24881906509399415, "mean_accuracy": 0.33309999108314514, "mean_loss": 2.12722049407959, "neg_mean_accuracy": -0.33309999108314514, "set_state_time_mean": NaN, "set_state_time_total": 0.0, "setup_model_time_mean": 21.741177320480347, "setup_model_time_total": 21.741177320480347, "setup_proc_time_mean": 1.6966228485107422, "setup_proc_time_total": 1.6966228485107422, "train_accuracy": 0.2315399944782257, "train_loss": 2.395566545448303, "training_time_mean": NaN, "training_time_total": 0.0, "val_accuracy": 0.33309999108314514, "val_loss": 2.12722049407959, "validation_time_mean": NaN, "validation_time_total": 0.0, "samples": 60000, "num_workers": 1, "done": false, "timesteps_total": null, "episodes_total": null, "training_iteration": 1, "neg_mean_loss": -2.12722049407959, "experiment_id": "57df7c0039ff44efaf94b261de08e598", "date": "2019-06-06_10-28-44", "timestamp": 1559842124, "time_this_iter_s": 48.901057720184326, "time_total_s": 48.901057720184326, "pid": 7392, "hostname": "steropes", "node_ip": "169.229.49.254", "config": {"starting_lr": 0.001, "momentum": 0.99, "weight_decay": 0.005, "steps_per_iteration": null, "pin": false, "model_creator": null, "target_batch_size": 128, "model_string": "resnet50", "min_batch_size": 128, "dataset": "CIFAR", "placement": null, "use_nccl": true, "devices_per_worker": 1, "primary_resource": "extra_gpu", "gpu": false, "verbose": false, "lr_config": {"mode": "log", "steps": 5, "initial_lr": 0.001, "target_lr": 0.001}, "batch_per_device": 128}, "time_since_restore": 48.901057720184326, "timesteps_since_restore": 0, "iterations_since_restore": 1, "mean_throughput": 1226.9650761250712, "atoms": 1, "setup_time": 23.531860828399658}
{"apply": 0.017911553382873535, "batch_time": 0.03338239766374419, "d2h": 0.0007761240005493164, "data_time": 0.001809060421136334, "fwd": 0.0278566837310791, "get_state_time_mean": NaN, "get_state_time_total": 0.0, "grad": 0.048266935348510745, "mean_accuracy": 0.35669998824596405, "mean_loss": 2.115848693370819, "neg_mean_accuracy": -0.38029998540878296, "set_state_time_mean": NaN, "set_state_time_total": 0.0, "setup_model_time_mean": NaN, "setup_model_time_total": 0.0, "setup_proc_time_mean": NaN, "setup_proc_time_total": 0.0, "train_accuracy": 0.3379800021648407, "train_loss": 2.022415006866455, "training_time_mean": NaN, "training_time_total": 0.0, "val_accuracy": 0.38029998540878296, "val_loss": 2.1044768926620483, "validation_time_mean": NaN, "validation_time_total": 0.0, "samples": 60000, "num_workers": 1, "done": false, "timesteps_total": null, "episodes_total": null, "training_iteration": 2, "neg_mean_loss": -2.115848693370819, "experiment_id": "57df7c0039ff44efaf94b261de08e598", "date": "2019-06-06_10-29-25", "timestamp": 1559842165, "time_this_iter_s": 41.50172233581543, "time_total_s": 90.40278005599976, "pid": 7392, "hostname": "steropes", "node_ip": "169.229.49.254", "config": {"starting_lr": 0.001, "momentum": 0.99, "weight_decay": 0.005, "steps_per_iteration": null, "pin": false, "model_creator": null, "target_batch_size": 128, "model_string": "resnet50", "min_batch_size": 128, "dataset": "CIFAR", "placement": null, "use_nccl": true, "devices_per_worker": 1, "primary_resource": "extra_gpu", "gpu": false, "verbose": false, "lr_config": {"mode": "log", "steps": 5, "initial_lr": 0.001, "target_lr": 0.001}, "batch_per_device": 128}, "time_since_restore": 90.40278005599976, "timesteps_since_restore": 0, "iterations_since_restore": 2, "mean_throughput": 1327.3864464472529, "atoms": 1, "setup_time": 23.531860828399658}
{"apply": 0.018262243270874022, "batch_time": 0.03321716755251341, "d2h": 0.0008273601531982421, "data_time": 0.0018293827086153542, "fwd": 0.028562712669372558, "get_state_time_mean": NaN, "get_state_time_total": 0.0, "grad": 0.048288393020629886, "mean_accuracy": 0.3684333264827728, "mean_loss": 2.116168845303853, "neg_mean_accuracy": -0.3919000029563904, "set_state_time_mean": NaN, "set_state_time_total": 0.0, "setup_model_time_mean": NaN, "setup_model_time_total": 0.0, "setup_proc_time_mean": NaN, "setup_proc_time_total": 0.0, "train_accuracy": 0.3689799904823303, "train_loss": 1.939611245803833, "training_time_mean": NaN, "training_time_total": 0.0, "val_accuracy": 0.3919000029563904, "val_loss": 2.1168091491699217, "validation_time_mean": NaN, "validation_time_total": 0.0, "samples": 60000, "num_workers": 1, "done": false, "timesteps_total": null, "episodes_total": null, "training_iteration": 3, "neg_mean_loss": -2.116168845303853, "experiment_id": "57df7c0039ff44efaf94b261de08e598", "date": "2019-06-06_10-30-07", "timestamp": 1559842207, "time_this_iter_s": 41.65183877944946, "time_total_s": 132.05461883544922, "pid": 7392, "hostname": "steropes", "node_ip": "169.229.49.254", "config": {"starting_lr": 0.001, "momentum": 0.99, "weight_decay": 0.005, "steps_per_iteration": null, "pin": false, "model_creator": null, "target_batch_size": 128, "model_string": "resnet50", "min_batch_size": 128, "dataset": "CIFAR", "placement": null, "use_nccl": true, "devices_per_worker": 1, "primary_resource": "extra_gpu", "gpu": false, "verbose": false, "lr_config": {"mode": "log", "steps": 5, "initial_lr": 0.001, "target_lr": 0.001}, "batch_per_device": 128}, "time_since_restore": 132.05461883544922, "timesteps_since_restore": 0, "iterations_since_restore": 3, "mean_throughput": 1363.0667861646248, "atoms": 1, "setup_time": 23.531860828399658}
{"apply": 0.01837112903594971, "batch_time": 0.03373125233227694, "d2h": 0.0007380485534667969, "data_time": 0.0018205465868001093, "fwd": 0.027801036834716797, "get_state_time_mean": NaN, "get_state_time_total": 0.0, "grad": 0.04868903160095215, "mean_accuracy": 0.3876749947667122, "mean_loss": 1.9698832656383514, "neg_mean_accuracy": -0.4453999996185303, "set_state_time_mean": NaN, "set_state_time_total": 0.0, "setup_model_time_mean": NaN, "setup_model_time_total": 0.0, "setup_proc_time_mean": NaN, "setup_proc_time_total": 0.0, "train_accuracy": 0.408160001039505, "train_loss": 1.6745606308364869, "training_time_mean": NaN, "training_time_total": 0.0, "val_accuracy": 0.4453999996185303, "val_loss": 1.5310265266418457, "validation_time_mean": NaN, "validation_time_total": 0.0, "samples": 60000, "num_workers": 1, "done": false, "timesteps_total": null, "episodes_total": null, "training_iteration": 4, "neg_mean_loss": -1.9698832656383514, "experiment_id": "57df7c0039ff44efaf94b261de08e598", "date": "2019-06-06_10-30-49", "timestamp": 1559842249, "time_this_iter_s": 41.88504195213318, "time_total_s": 173.9396607875824, "pid": 7392, "hostname": "steropes", "node_ip": "169.229.49.254", "config": {"starting_lr": 0.001, "momentum": 0.99, "weight_decay": 0.005, "steps_per_iteration": null, "pin": false, "model_creator": null, "target_batch_size": 128, "model_string": "resnet50", "min_batch_size": 128, "dataset": "CIFAR", "placement": null, "use_nccl": true, "devices_per_worker": 1, "primary_resource": "extra_gpu", "gpu": false, "verbose": false, "lr_config": {"mode": "log", "steps": 5, "initial_lr": 0.001, "target_lr": 0.001}, "batch_per_device": 128}, "time_since_restore": 173.9396607875824, "timesteps_since_restore": 0, "iterations_since_restore": 4, "mean_throughput": 1379.7837742919266, "atoms": 1, "setup_time": 23.531860828399658}
{"apply": 0.019118332862854005, "batch_time": 0.03376816797860061, "d2h": 0.0007388591766357422, "data_time": 0.0017855557639275671, "fwd": 0.028642678260803224, "get_state_time_mean": NaN, "get_state_time_total": 0.0, "grad": 0.04919853210449219, "mean_accuracy": 0.4049799919128418, "mean_loss": 1.875403010520935, "neg_mean_accuracy": -0.47419998049736023, "set_state_time_mean": NaN, "set_state_time_total": 0.0, "setup_model_time_mean": NaN, "setup_model_time_total": 0.0, "setup_proc_time_mean": NaN, "setup_proc_time_total": 0.0, "train_accuracy": 0.450219988822937, "train_loss": 1.511952770690918, "training_time_mean": NaN, "training_time_total": 0.0, "val_accuracy": 0.47419998049736023, "val_loss": 1.4974819900512695, "validation_time_mean": NaN, "validation_time_total": 0.0, "samples": 60000, "num_workers": 1, "done": false, "timesteps_total": null, "episodes_total": null, "training_iteration": 5, "neg_mean_loss": -1.875403010520935, "experiment_id": "57df7c0039ff44efaf94b261de08e598", "date": "2019-06-06_10-31-30", "timestamp": 1559842290, "time_this_iter_s": 41.466691970825195, "time_total_s": 215.4063527584076, "pid": 7392, "hostname": "steropes", "node_ip": "169.229.49.254", "config": {"starting_lr": 0.001, "momentum": 0.99, "weight_decay": 0.005, "steps_per_iteration": null, "pin": false, "model_creator": null, "target_batch_size": 128, "model_string": "resnet50", "min_batch_size": 128, "dataset": "CIFAR", "placement": null, "use_nccl": true, "devices_per_worker": 1, "primary_resource": "extra_gpu", "gpu": false, "verbose": false, "lr_config": {"mode": "log", "steps": 5, "initial_lr": 0.001, "target_lr": 0.001}, "batch_per_device": 128}, "time_since_restore": 215.4063527584076, "timesteps_since_restore": 0, "iterations_since_restore": 5, "mean_throughput": 1392.7119019254342, "atoms": 1, "setup_time": 23.531860828399658}
{"apply": 0.018317246437072755, "batch_time": 0.034347434587116484, "d2h": 0.0007693052291870117, "data_time": 0.0017645407820601597, "fwd": 0.028279328346252443, "get_state_time_mean": NaN, "get_state_time_total": 0.0, "grad": 0.04894046783447266, "mean_accuracy": 0.4378399908542633, "mean_loss": 1.7418483617401121, "neg_mean_accuracy": -0.4973999857902527, "set_state_time_mean": NaN, "set_state_time_total": 0.0, "setup_model_time_mean": NaN, "setup_model_time_total": 0.0, "setup_proc_time_mean": NaN, "setup_proc_time_total": 0.0, "train_accuracy": 0.4757999777793884, "train_loss": 1.4672217039108277, "training_time_mean": NaN, "training_time_total": 0.0, "val_accuracy": 0.4973999857902527, "val_loss": 1.459447250175476, "validation_time_mean": NaN, "validation_time_total": 0.0, "samples": 60000, "num_workers": 1, "done": false, "timesteps_total": null, "episodes_total": null, "training_iteration": 6, "neg_mean_loss": -1.7418483617401121, "experiment_id": "57df7c0039ff44efaf94b261de08e598", "date": "2019-06-06_10-32-12", "timestamp": 1559842332, "time_this_iter_s": 41.69764542579651, "time_total_s": 257.1039981842041, "pid": 7392, "hostname": "steropes", "node_ip": "169.229.49.254", "config": {"starting_lr": 0.001, "momentum": 0.99, "weight_decay": 0.005, "steps_per_iteration": null, "pin": false, "model_creator": null, "target_batch_size": 128, "model_string": "resnet50", "min_batch_size": 128, "dataset": "CIFAR", "placement": null, "use_nccl": true, "devices_per_worker": 1, "primary_resource": "extra_gpu", "gpu": false, "verbose": false, "lr_config": {"mode": "log", "steps": 5, "initial_lr": 0.001, "target_lr": 0.001}, "batch_per_device": 128}, "time_since_restore": 257.1039981842041, "timesteps_since_restore": 0, "iterations_since_restore": 6, "mean_throughput": 1440.896767836275, "atoms": 1, "setup_time": 23.531860828399658}
{"apply": 0.018298077583312988, "batch_time": 0.03187303603449954, "d2h": 0.0007758378982543945, "data_time": 0.0017799312806190432, "fwd": 0.02814035415649414, "get_state_time_mean": NaN, "get_state_time_total": 0.0, "grad": 0.048055076599121095, "mean_accuracy": 0.46863998770713805, "mean_loss": 1.6386973387145993, "neg_mean_accuracy": -0.5342999696731567, "set_state_time_mean": NaN, "set_state_time_total": 0.0, "setup_model_time_mean": NaN, "setup_model_time_total": 0.0, "setup_proc_time_mean": NaN, "setup_proc_time_total": 0.0, "train_accuracy": 0.5010799765586853, "train_loss": 1.3850545163726806, "training_time_mean": NaN, "training_time_total": 0.0, "val_accuracy": 0.5342999696731567, "val_loss": 1.5887217775344848, "validation_time_mean": NaN, "validation_time_total": 0.0, "samples": 60000, "num_workers": 1, "done": false, "timesteps_total": null, "episodes_total": null, "training_iteration": 7, "neg_mean_loss": -1.6386973387145993, "experiment_id": "57df7c0039ff44efaf94b261de08e598", "date": "2019-06-06_10-32-53", "timestamp": 1559842373, "time_this_iter_s": 41.40679979324341, "time_total_s": 298.5107979774475, "pid": 7392, "hostname": "steropes", "node_ip": "169.229.49.254", "config": {"starting_lr": 0.001, "momentum": 0.99, "weight_decay": 0.005, "steps_per_iteration": null, "pin": false, "model_creator": null, "target_batch_size": 128, "model_string": "resnet50", "min_batch_size": 128, "dataset": "CIFAR", "placement": null, "use_nccl": true, "devices_per_worker": 1, "primary_resource": "extra_gpu", "gpu": false, "verbose": false, "lr_config": {"mode": "log", "steps": 5, "initial_lr": 0.001, "target_lr": 0.001}, "batch_per_device": 128}, "time_since_restore": 298.5107979774475, "timesteps_since_restore": 0, "iterations_since_restore": 7, "mean_throughput": 1441.5558078381785, "atoms": 1, "setup_time": 23.531860828399658}
{"apply": 0.019651961326599122, "batch_time": 0.03213046170488189, "d2h": 0.0007339000701904296, "data_time": 0.0017790593149716897, "fwd": 0.02914550304412842, "get_state_time_mean": NaN, "get_state_time_total": 0.0, "grad": 0.05278310775756836, "mean_accuracy": 0.5018999874591827, "mean_loss": 1.466626341781616, "neg_mean_accuracy": -0.5582000017166138, "set_state_time_mean": NaN, "set_state_time_total": 0.0, "setup_model_time_mean": NaN, "setup_model_time_total": 0.0, "setup_proc_time_mean": NaN, "setup_proc_time_total": 0.0, "train_accuracy": 0.5397599935531616, "train_loss": 1.294107522277832, "training_time_mean": NaN, "training_time_total": 0.0, "val_accuracy": 0.5582000017166138, "val_loss": 1.256454164505005, "validation_time_mean": NaN, "validation_time_total": 0.0, "samples": 60000, "num_workers": 1, "done": false, "timesteps_total": null, "episodes_total": null, "training_iteration": 8, "neg_mean_loss": -1.466626341781616, "experiment_id": "57df7c0039ff44efaf94b261de08e598", "date": "2019-06-06_10-33-37", "timestamp": 1559842417, "time_this_iter_s": 43.13056397438049, "time_total_s": 341.641361951828, "pid": 7392, "hostname": "steropes", "node_ip": "169.229.49.254", "config": {"starting_lr": 0.001, "momentum": 0.99, "weight_decay": 0.005, "steps_per_iteration": null, "pin": false, "model_creator": null, "target_batch_size": 128, "model_string": "resnet50", "min_batch_size": 128, "dataset": "CIFAR", "placement": null, "use_nccl": true, "devices_per_worker": 1, "primary_resource": "extra_gpu", "gpu": false, "verbose": false, "lr_config": {"mode": "log", "steps": 5, "initial_lr": 0.001, "target_lr": 0.001}, "batch_per_device": 128}, "time_since_restore": 341.641361951828, "timesteps_since_restore": 0, "iterations_since_restore": 8, "mean_throughput": 1431.385237238735, "atoms": 1, "setup_time": 23.531860828399658}
{"apply": 0.019190216064453126, "batch_time": 0.06655414104461671, "d2h": 0.0006577372550964355, "data_time": 0.0032435582608592757, "fwd": 0.13947376012802123, "get_state_time_mean": NaN, "get_state_time_total": 0.0, "grad": 0.21509042978286744, "mean_accuracy": 0.5350999891757965, "mean_loss": 1.4435396990394591, "neg_mean_accuracy": -0.6114000082015991, "set_state_time_mean": 6.257153153419495, "set_state_time_total": 6.257153153419495, "setup_model_time_mean": 11.475351810455322, "setup_model_time_total": 11.475351810455322, "setup_proc_time_mean": 0.2690240144729614, "setup_proc_time_total": 0.2690240144729614, "train_accuracy": 0.5789799690246582, "train_loss": 1.1848848374557495, "training_time_mean": NaN, "training_time_total": 0.0, "val_accuracy": 0.6114000082015991, "val_loss": 1.415593312931061, "validation_time_mean": NaN, "validation_time_total": 0.0, "samples": 60000, "num_workers": 2, "done": false, "timesteps_total": null, "episodes_total": null, "training_iteration": 9, "neg_mean_loss": -1.4435396990394591, "experiment_id": "57df7c0039ff44efaf94b261de08e598", "date": "2019-06-06_10-34-30", "timestamp": 1559842470, "time_this_iter_s": 34.01360821723938, "time_total_s": 375.6549701690674, "pid": 14906, "hostname": "steropes", "node_ip": "169.229.49.254", "config": {"starting_lr": 0.001, "momentum": 0.99, "weight_decay": 0.005, "steps_per_iteration": null, "pin": false, "model_creator": null, "target_batch_size": 128, "model_string": "resnet50", "min_batch_size": 128, "dataset": "CIFAR", "placement": null, "use_nccl": true, "devices_per_worker": 1, "primary_resource": "extra_gpu", "gpu": false, "verbose": false, "lr_config": {"mode": "log", "steps": 5, "initial_lr": 0.001, "target_lr": 0.0014142135623730952}, "batch_per_device": 128}, "time_since_restore": 34.01360821723938, "timesteps_since_restore": 0, "iterations_since_restore": 1, "mean_throughput": 1763.9949843761003, "atoms": 2, "setup_time": 19.66956114768982}
{"apply": 0.018397152423858643, "batch_time": 0.04019114077091217, "d2h": 0.0006696820259094238, "data_time": 0.003161123212502927, "fwd": 0.02976992130279541, "get_state_time_mean": NaN, "get_state_time_total": 0.0, "grad": 0.08254587650299072, "mean_accuracy": 0.5661399960517883, "mean_loss": 1.3565447966194153, "neg_mean_accuracy": -0.6294000148773193, "set_state_time_mean": NaN, "set_state_time_total": 0.0, "setup_model_time_mean": NaN, "setup_model_time_total": 0.0, "setup_proc_time_mean": NaN, "setup_proc_time_total": 0.0, "train_accuracy": 0.6137800216674805, "train_loss": 1.0831565530490876, "training_time_mean": NaN, "training_time_total": 0.0, "val_accuracy": 0.6294000148773193, "val_loss": 1.0625074779510497, "validation_time_mean": NaN, "validation_time_total": 0.0, "samples": 60000, "num_workers": 2, "done": false, "timesteps_total": null, "episodes_total": null, "training_iteration": 10, "neg_mean_loss": -1.3565447966194153, "experiment_id": "57df7c0039ff44efaf94b261de08e598", "date": "2019-06-06_10-34-59", "timestamp": 1559842499, "time_this_iter_s": 28.73406410217285, "time_total_s": 404.38903427124023, "pid": 14906, "hostname": "steropes", "node_ip": "169.229.49.254", "config": {"starting_lr": 0.001, "momentum": 0.99, "weight_decay": 0.005, "steps_per_iteration": null, "pin": false, "model_creator": null, "target_batch_size": 128, "model_string": "resnet50", "min_batch_size": 128, "dataset": "CIFAR", "placement": null, "use_nccl": true, "devices_per_worker": 1, "primary_resource": "extra_gpu", "gpu": false, "verbose": false, "lr_config": {"mode": "log", "steps": 5, "initial_lr": 0.001, "target_lr": 0.0014142135623730952}, "batch_per_device": 128}, "time_since_restore": 62.74767231941223, "timesteps_since_restore": 0, "iterations_since_restore": 2, "mean_throughput": 1912.4158264892487, "atoms": 2, "setup_time": 19.66956114768982}
{"apply": 0.017795205116271973, "batch_time": 0.04037637710571289, "d2h": 0.0006694912910461426, "data_time": 0.0032891095901022155, "fwd": 0.028839111328125, "get_state_time_mean": NaN, "get_state_time_total": 0.0, "grad": 0.082808518409729, "mean_accuracy": 0.6007600069046021, "mean_loss": 1.2578513424873354, "neg_mean_accuracy": -0.6705000400543213, "set_state_time_mean": NaN, "set_state_time_total": 0.0, "setup_model_time_mean": NaN, "setup_model_time_total": 0.0, "setup_proc_time_mean": NaN, "setup_proc_time_total": 0.0, "train_accuracy": 0.6366000175476074, "train_loss": 1.0309882937145232, "training_time_mean": NaN, "training_time_total": 0.0, "val_accuracy": 0.6705000400543213, "val_loss": 0.9659799795150756, "validation_time_mean": NaN, "validation_time_total": 0.0, "samples": 60000, "num_workers": 2, "done": false, "timesteps_total": null, "episodes_total": null, "training_iteration": 11, "neg_mean_loss": -1.2578513424873354, "experiment_id": "57df7c0039ff44efaf94b261de08e598", "date": "2019-06-06_10-35-28", "timestamp": 1559842528, "time_this_iter_s": 28.670051336288452, "time_total_s": 433.0590856075287, "pid": 14906, "hostname": "steropes", "node_ip": "169.229.49.254", "config": {"starting_lr": 0.001, "momentum": 0.99, "weight_decay": 0.005, "steps_per_iteration": null, "pin": false, "model_creator": null, "target_batch_size": 128, "model_string": "resnet50", "min_batch_size": 128, "dataset": "CIFAR", "placement": null, "use_nccl": true, "devices_per_worker": 1, "primary_resource": "extra_gpu", "gpu": false, "verbose": false, "lr_config": {"mode": "log", "steps": 5, "initial_lr": 0.001, "target_lr": 0.0014142135623730952}, "batch_per_device": 128}, "time_since_restore": 91.41772365570068, "timesteps_since_restore": 0, "iterations_since_restore": 3, "mean_throughput": 1968.9763693668813, "atoms": 2, "setup_time": 19.66956114768982}
{"apply": 0.01976264715194702, "batch_time": 0.03906342685222626, "d2h": 0.0006449937820434571, "data_time": 0.0031930050071404905, "fwd": 0.030134272575378415, "get_state_time_mean": NaN, "get_state_time_total": 0.0, "grad": 0.08089733123779297, "mean_accuracy": 0.6287400007247925, "mean_loss": 1.1276828111839294, "neg_mean_accuracy": -0.6741999387741089, "set_state_time_mean": NaN, "set_state_time_total": 0.0, "setup_model_time_mean": NaN, "setup_model_time_total": 0.0, "setup_proc_time_mean": NaN, "setup_proc_time_total": 0.0, "train_accuracy": 0.6562199592590332, "train_loss": 0.9846888065528869, "training_time_mean": NaN, "training_time_total": 0.0, "val_accuracy": 0.6741999387741089, "val_loss": 0.9378791210174561, "validation_time_mean": NaN, "validation_time_total": 0.0, "samples": 60000, "num_workers": 2, "done": false, "timesteps_total": null, "episodes_total": null, "training_iteration": 12, "neg_mean_loss": -1.1276828111839294, "experiment_id": "57df7c0039ff44efaf94b261de08e598", "date": "2019-06-06_10-35-57", "timestamp": 1559842557, "time_this_iter_s": 28.988985061645508, "time_total_s": 462.0480706691742, "pid": 14906, "hostname": "steropes", "node_ip": "169.229.49.254", "config": {"starting_lr": 0.001, "momentum": 0.99, "weight_decay": 0.005, "steps_per_iteration": null, "pin": false, "model_creator": null, "target_batch_size": 128, "model_string": "resnet50", "min_batch_size": 128, "dataset": "CIFAR", "placement": null, "use_nccl": true, "devices_per_worker": 1, "primary_resource": "extra_gpu", "gpu": false, "verbose": false, "lr_config": {"mode": "log", "steps": 5, "initial_lr": 0.001, "target_lr": 0.0014142135623730952}, "batch_per_device": 128}, "time_since_restore": 120.40670871734619, "timesteps_since_restore": 0, "iterations_since_restore": 4, "mean_throughput": 1993.2374909755542, "atoms": 2, "setup_time": 19.66956114768982}
{"apply": 0.017596185207366943, "batch_time": 0.040669876337051394, "d2h": 0.0006914377212524414, "data_time": 0.003141071723431957, "fwd": 0.029288268089294432, "get_state_time_mean": NaN, "get_state_time_total": 0.0, "grad": 0.08149878978729247, "mean_accuracy": 0.6531800031661987, "mean_loss": 1.0592624452209471, "neg_mean_accuracy": -0.680400013923645, "set_state_time_mean": NaN, "set_state_time_total": 0.0, "setup_model_time_mean": NaN, "setup_model_time_total": 0.0, "setup_proc_time_mean": NaN, "setup_proc_time_total": 0.0, "train_accuracy": 0.6689599752426147, "train_loss": 0.9548724427127837, "training_time_mean": NaN, "training_time_total": 0.0, "val_accuracy": 0.680400013923645, "val_loss": 0.9143523346900939, "validation_time_mean": NaN, "validation_time_total": 0.0, "samples": 60000, "num_workers": 2, "done": false, "timesteps_total": null, "episodes_total": null, "training_iteration": 13, "neg_mean_loss": -1.0592624452209471, "experiment_id": "57df7c0039ff44efaf94b261de08e598", "date": "2019-06-06_10-36-25", "timestamp": 1559842585, "time_this_iter_s": 28.725711584091187, "time_total_s": 490.7737822532654, "pid": 14906, "hostname": "steropes", "node_ip": "169.229.49.254", "config": {"starting_lr": 0.001, "momentum": 0.99, "weight_decay": 0.005, "steps_per_iteration": null, "pin": false, "model_creator": null, "target_batch_size": 128, "model_string": "resnet50", "min_batch_size": 128, "dataset": "CIFAR", "placement": null, "use_nccl": true, "devices_per_worker": 1, "primary_resource": "extra_gpu", "gpu": false, "verbose": false, "lr_config": {"mode": "log", "steps": 5, "initial_lr": 0.001, "target_lr": 0.0014142135623730952}, "batch_per_device": 128}, "time_since_restore": 149.13242030143738, "timesteps_since_restore": 0, "iterations_since_restore": 5, "mean_throughput": 2011.62626756882, "atoms": 2, "setup_time": 19.66956114768982}
{"apply": 0.020120739936828613, "batch_time": 0.04010746777057647, "d2h": 0.0006805419921875, "data_time": 0.0031343662008947257, "fwd": 0.029705989360809325, "get_state_time_mean": NaN, "get_state_time_total": 0.0, "grad": 0.07959307432174684, "mean_accuracy": 0.6694200038909912, "mean_loss": 0.9533066842460632, "neg_mean_accuracy": -0.6926000118255615, "set_state_time_mean": NaN, "set_state_time_total": 0.0, "setup_model_time_mean": NaN, "setup_model_time_total": 0.0, "setup_proc_time_mean": NaN, "setup_proc_time_total": 0.0, "train_accuracy": 0.6822199821472168, "train_loss": 0.9181452759552002, "training_time_mean": NaN, "training_time_total": 0.0, "val_accuracy": 0.6926000118255615, "val_loss": 0.8858145080566406, "validation_time_mean": NaN, "validation_time_total": 0.0, "samples": 60000, "num_workers": 2, "done": false, "timesteps_total": null, "episodes_total": null, "training_iteration": 14, "neg_mean_loss": -0.9533066842460632, "experiment_id": "57df7c0039ff44efaf94b261de08e598", "date": "2019-06-06_10-36-54", "timestamp": 1559842614, "time_this_iter_s": 28.616081476211548, "time_total_s": 519.3898637294769, "pid": 14906, "hostname": "steropes", "node_ip": "169.229.49.254", "config": {"starting_lr": 0.001, "momentum": 0.99, "weight_decay": 0.005, "steps_per_iteration": null, "pin": false, "model_creator": null, "target_batch_size": 128, "model_string": "resnet50", "min_batch_size": 128, "dataset": "CIFAR", "placement": null, "use_nccl": true, "devices_per_worker": 1, "primary_resource": "extra_gpu", "gpu": false, "verbose": false, "lr_config": {"mode": "log", "steps": 5, "initial_lr": 0.001, "target_lr": 0.0014142135623730952}, "batch_per_device": 128}, "time_since_restore": 177.74850177764893, "timesteps_since_restore": 0, "iterations_since_restore": 6, "mean_throughput": 2087.166653824218, "atoms": 2, "setup_time": 19.66956114768982}
{"apply": 0.01871474385261536, "batch_time": 0.11730195879936219, "d2h": 0.0006684958934783936, "data_time": 0.005068589838183656, "fwd": 0.19095616936683654, "get_state_time_mean": NaN, "get_state_time_total": 0.0, "grad": 0.27948570251464844, "mean_accuracy": 0.6945599794387818, "mean_loss": 0.8770574843120575, "neg_mean_accuracy": -0.7354999780654907, "set_state_time_mean": 6.995427131652832, "set_state_time_total": 6.995427131652832, "setup_model_time_mean": 12.502766966819763, "setup_model_time_total": 12.502766966819763, "setup_proc_time_mean": 7.453443229198456, "setup_proc_time_total": 7.453443229198456, "train_accuracy": 0.7142399549484253, "train_loss": 0.8313546931743623, "training_time_mean": NaN, "training_time_total": 0.0, "val_accuracy": 0.7354999780654907, "val_loss": 0.7663869442462922, "validation_time_mean": NaN, "validation_time_total": 0.0, "samples": 60000, "num_workers": 4, "done": false, "timesteps_total": null, "episodes_total": null, "training_iteration": 16, "neg_mean_loss": -0.8770574843120575, "experiment_id": "57df7c0039ff44efaf94b261de08e598", "date": "2019-06-06_10-38-09", "timestamp": 1559842689, "time_this_iter_s": 24.393188953399658, "time_total_s": 572.9782545566559, "pid": 14891, "hostname": "steropes", "node_ip": "169.229.49.254", "config": {"starting_lr": 0.001, "momentum": 0.99, "weight_decay": 0.005, "steps_per_iteration": null, "pin": false, "model_creator": null, "target_batch_size": 128, "model_string": "resnet50", "min_batch_size": 128, "dataset": "CIFAR", "placement": null, "use_nccl": true, "devices_per_worker": 1, "primary_resource": "extra_gpu", "gpu": false, "verbose": false, "lr_config": {"mode": "log", "steps": 5, "initial_lr": 0.001, "target_lr": 0.002}, "batch_per_device": 128}, "time_since_restore": 24.393188953399658, "timesteps_since_restore": 0, "iterations_since_restore": 1, "mean_throughput": 2459.6918910879986, "atoms": 4, "setup_time": 50.15130352973938}
{"apply": 0.019376373291015624, "batch_time": 0.051410597562789914, "d2h": 0.0007130444049835205, "data_time": 0.004842783723558699, "fwd": 0.03346259593963623, "get_state_time_mean": NaN, "get_state_time_total": 0.0, "grad": 0.09526141285896302, "mean_accuracy": 0.7095999956130982, "mean_loss": 0.8368569196128846, "neg_mean_accuracy": -0.7494000196456909, "set_state_time_mean": NaN, "set_state_time_total": 0.0, "setup_model_time_mean": NaN, "setup_model_time_total": 0.0, "setup_proc_time_mean": NaN, "setup_proc_time_total": 0.0, "train_accuracy": 0.7349799871444702, "train_loss": 0.7664960391378403, "training_time_mean": NaN, "training_time_total": 0.0, "val_accuracy": 0.7494000196456909, "val_loss": 0.7368762975215912, "validation_time_mean": NaN, "validation_time_total": 0.0, "samples": 60000, "num_workers": 4, "done": false, "timesteps_total": null, "episodes_total": null, "training_iteration": 17, "neg_mean_loss": -0.8368569196128846, "experiment_id": "57df7c0039ff44efaf94b261de08e598", "date": "2019-06-06_10-38-25", "timestamp": 1559842705, "time_this_iter_s": 16.52258276939392, "time_total_s": 589.5008373260498, "pid": 14891, "hostname": "steropes", "node_ip": "169.229.49.254", "config": {"starting_lr": 0.001, "momentum": 0.99, "weight_decay": 0.005, "steps_per_iteration": null, "pin": false, "model_creator": null, "target_batch_size": 128, "model_string": "resnet50", "min_batch_size": 128, "dataset": "CIFAR", "placement": null, "use_nccl": true, "devices_per_worker": 1, "primary_resource": "extra_gpu", "gpu": false, "verbose": false, "lr_config": {"mode": "log", "steps": 5, "initial_lr": 0.001, "target_lr": 0.002}, "batch_per_device": 128}, "time_since_restore": 40.91577172279358, "timesteps_since_restore": 0, "iterations_since_restore": 2, "mean_throughput": 2932.84078604785, "atoms": 4, "setup_time": 50.15130352973938}
{"apply": 0.01764650940895081, "batch_time": 0.0479281485080719, "d2h": 0.0007008969783782958, "data_time": 0.004729775141696541, "fwd": 0.02856070399284363, "get_state_time_mean": NaN, "get_state_time_total": 0.0, "grad": 0.09429122209548951, "mean_accuracy": 0.7204599976539612, "mean_loss": 0.8107165691041945, "neg_mean_accuracy": -0.7347000241279602, "set_state_time_mean": NaN, "set_state_time_total": 0.0, "setup_model_time_mean": NaN, "setup_model_time_total": 0.0, "setup_proc_time_mean": NaN, "setup_proc_time_total": 0.0, "train_accuracy": 0.7517199516296387, "train_loss": 0.7266314488363266, "training_time_mean": NaN, "training_time_total": 0.0, "val_accuracy": 0.7347000241279602, "val_loss": 0.7836505821466446, "validation_time_mean": NaN, "validation_time_total": 0.0, "samples": 60000, "num_workers": 4, "done": false, "timesteps_total": null, "episodes_total": null, "training_iteration": 18, "neg_mean_loss": -0.8107165691041945, "experiment_id": "57df7c0039ff44efaf94b261de08e598", "date": "2019-06-06_10-38-41", "timestamp": 1559842721, "time_this_iter_s": 16.099323511123657, "time_total_s": 605.6001608371735, "pid": 14891, "hostname": "steropes", "node_ip": "169.229.49.254", "config": {"starting_lr": 0.001, "momentum": 0.99, "weight_decay": 0.005, "steps_per_iteration": null, "pin": false, "model_creator": null, "target_batch_size": 128, "model_string": "resnet50", "min_batch_size": 128, "dataset": "CIFAR", "placement": null, "use_nccl": true, "devices_per_worker": 1, "primary_resource": "extra_gpu", "gpu": false, "verbose": false, "lr_config": {"mode": "log", "steps": 5, "initial_lr": 0.001, "target_lr": 0.002}, "batch_per_device": 128}, "time_since_restore": 57.015095233917236, "timesteps_since_restore": 0, "iterations_since_restore": 3, "mean_throughput": 3157.0438052655627, "atoms": 4, "setup_time": 50.15130352973938}
{"apply": 0.017661398649215697, "batch_time": 0.04993995726108551, "d2h": 0.0007146060466766358, "data_time": 0.004841512563277264, "fwd": 0.028385335206985475, "get_state_time_mean": NaN, "get_state_time_total": 0.0, "grad": 0.09336403012275696, "mean_accuracy": 0.7326599955558777, "mean_loss": 0.777956997666359, "neg_mean_accuracy": -0.753600001335144, "set_state_time_mean": NaN, "set_state_time_total": 0.0, "setup_model_time_mean": NaN, "setup_model_time_total": 0.0, "setup_proc_time_mean": NaN, "setup_proc_time_total": 0.0, "train_accuracy": 0.7602599263191223, "train_loss": 0.7002721801185607, "training_time_mean": NaN, "training_time_total": 0.0, "val_accuracy": 0.753600001335144, "val_loss": 0.7220166508674621, "validation_time_mean": NaN, "validation_time_total": 0.0, "samples": 60000, "num_workers": 4, "done": false, "timesteps_total": null, "episodes_total": null, "training_iteration": 19, "neg_mean_loss": -0.777956997666359, "experiment_id": "57df7c0039ff44efaf94b261de08e598", "date": "2019-06-06_10-38-57", "timestamp": 1559842737, "time_this_iter_s": 15.806043148040771, "time_total_s": 621.4062039852142, "pid": 14891, "hostname": "steropes", "node_ip": "169.229.49.254", "config": {"starting_lr": 0.001, "momentum": 0.99, "weight_decay": 0.005, "steps_per_iteration": null, "pin": false, "model_creator": null, "target_batch_size": 128, "model_string": "resnet50", "min_batch_size": 128, "dataset": "CIFAR", "placement": null, "use_nccl": true, "devices_per_worker": 1, "primary_resource": "extra_gpu", "gpu": false, "verbose": false, "lr_config": {"mode": "log", "steps": 5, "initial_lr": 0.001, "target_lr": 0.002}, "batch_per_device": 128}, "time_since_restore": 72.82113838195801, "timesteps_since_restore": 0, "iterations_since_restore": 4, "mean_throughput": 3295.730387829547, "atoms": 4, "setup_time": 50.15130352973938}
{"apply": 0.019124144315719602, "batch_time": 0.04944623410701751, "d2h": 0.0006885826587677002, "data_time": 0.004799469393126819, "fwd": 0.033236694335937504, "get_state_time_mean": NaN, "get_state_time_total": 0.0, "grad": 0.09903939366340636, "mean_accuracy": 0.7444399952888489, "mean_loss": 0.7482843138885498, "neg_mean_accuracy": -0.7489999532699585, "set_state_time_mean": NaN, "set_state_time_total": 0.0, "setup_model_time_mean": NaN, "setup_model_time_total": 0.0, "setup_proc_time_mean": NaN, "setup_proc_time_total": 0.0, "train_accuracy": 0.7584999799728394, "train_loss": 0.7093904895830154, "training_time_mean": NaN, "training_time_total": 0.0, "val_accuracy": 0.7489999532699585, "val_loss": 0.732491094660759, "validation_time_mean": NaN, "validation_time_total": 0.0, "samples": 60000, "num_workers": 4, "done": false, "timesteps_total": null, "episodes_total": null, "training_iteration": 20, "neg_mean_loss": -0.7482843138885498, "experiment_id": "57df7c0039ff44efaf94b261de08e598", "date": "2019-06-06_10-39-14", "timestamp": 1559842754, "time_this_iter_s": 16.320237159729004, "time_total_s": 637.7264411449432, "pid": 14891, "hostname": "steropes", "node_ip": "169.229.49.254", "config": {"starting_lr": 0.001, "momentum": 0.99, "weight_decay": 0.005, "steps_per_iteration": null, "pin": false, "model_creator": null, "target_batch_size": 128, "model_string": "resnet50", "min_batch_size": 128, "dataset": "CIFAR", "placement": null, "use_nccl": true, "devices_per_worker": 1, "primary_resource": "extra_gpu", "gpu": false, "verbose": false, "lr_config": {"mode": "log", "steps": 5, "initial_lr": 0.001, "target_lr": 0.002}, "batch_per_device": 128}, "time_since_restore": 89.14137554168701, "timesteps_since_restore": 0, "iterations_since_restore": 5, "mean_throughput": 3365.42419558999, "atoms": 4, "setup_time": 50.15130352973938}
{"apply": 0.01855451464653015, "batch_time": 0.04926804006099701, "d2h": 0.0006951689720153809, "data_time": 0.004866628014311499, "fwd": 0.03186778426170349, "get_state_time_mean": NaN, "get_state_time_total": 0.0, "grad": 0.09548002481460571, "mean_accuracy": 0.7472200036048889, "mean_loss": 0.7425013636112213, "neg_mean_accuracy": -0.7494000196456909, "set_state_time_mean": NaN, "set_state_time_total": 0.0, "setup_model_time_mean": NaN, "setup_model_time_total": 0.0, "setup_proc_time_mean": NaN, "setup_proc_time_total": 0.0, "train_accuracy": 0.762179970741272, "train_loss": 0.6985039478254318, "training_time_mean": NaN, "training_time_total": 0.0, "val_accuracy": 0.7494000196456909, "val_loss": 0.7374721928596496, "validation_time_mean": NaN, "validation_time_total": 0.0, "samples": 60000, "num_workers": 4, "done": false, "timesteps_total": null, "episodes_total": null, "training_iteration": 21, "neg_mean_loss": -0.7425013636112213, "experiment_id": "57df7c0039ff44efaf94b261de08e598", "date": "2019-06-06_10-39-30", "timestamp": 1559842770, "time_this_iter_s": 16.200165510177612, "time_total_s": 653.9266066551208, "pid": 14891, "hostname": "steropes", "node_ip": "169.229.49.254", "config": {"starting_lr": 0.001, "momentum": 0.99, "weight_decay": 0.005, "steps_per_iteration": null, "pin": false, "model_creator": null, "target_batch_size": 128, "model_string": "resnet50", "min_batch_size": 128, "dataset": "CIFAR", "placement": null, "use_nccl": true, "devices_per_worker": 1, "primary_resource": "extra_gpu", "gpu": false, "verbose": false, "lr_config": {"mode": "log", "steps": 5, "initial_lr": 0.001, "target_lr": 0.002}, "batch_per_device": 128}, "time_since_restore": 105.34154105186462, "timesteps_since_restore": 0, "iterations_since_restore": 6, "mean_throughput": 3706.0483936845135, "atoms": 4, "setup_time": 50.15130352973938}
{"apply": 0.01796581447124481, "batch_time": 0.3089462250471115, "d2h": 0.0007598251104354858, "data_time": 0.008979076633647996, "fwd": 0.27221591770648956, "get_state_time_mean": NaN, "get_state_time_total": 0.0, "grad": 0.4240718543529511, "mean_accuracy": 0.7537799954414368, "mean_loss": 0.719567193787098, "neg_mean_accuracy": -0.7735999822616577, "set_state_time_mean": 7.434719085693359, "set_state_time_total": 7.434719085693359, "setup_model_time_mean": 17.982721507549286, "setup_model_time_total": 17.982721507549286, "setup_proc_time_mean": 3.0905343890190125, "setup_proc_time_total": 3.0905343890190125, "train_accuracy": 0.7673599720001221, "train_loss": 0.6846918580019474, "training_time_mean": NaN, "training_time_total": 0.0, "val_accuracy": 0.7735999822616577, "val_loss": 0.6602484934926033, "validation_time_mean": NaN, "validation_time_total": 0.0, "samples": 60000, "num_workers": 8, "done": false, "timesteps_total": null, "episodes_total": null, "training_iteration": 23, "neg_mean_loss": -0.719567193787098, "experiment_id": "57df7c0039ff44efaf94b261de08e598", "date": "2019-06-06_10-40-40", "timestamp": 1559842840, "time_this_iter_s": 22.48504400253296, "time_total_s": 692.3095161914825, "pid": 29259, "hostname": "steropes", "node_ip": "169.229.49.254", "config": {"starting_lr": 0.001, "momentum": 0.99, "weight_decay": 0.005, "steps_per_iteration": null, "pin": false, "model_creator": null, "target_batch_size": 128, "model_string": "resnet50", "min_batch_size": 128, "dataset": "CIFAR", "placement": null, "use_nccl": true, "devices_per_worker": 1, "primary_resource": "extra_gpu", "gpu": false, "verbose": false, "lr_config": {"mode": "log", "steps": 5, "initial_lr": 0.001, "target_lr": 0.0028284271247461905}, "batch_per_device": 128}, "time_since_restore": 22.48504400253296, "timesteps_since_restore": 0, "iterations_since_restore": 1, "mean_throughput": 2668.4271665386946, "atoms": 8, "setup_time": 47.453622817993164}
{"apply": 0.017999371886253356, "batch_time": 0.07875711023807525, "d2h": 0.0007556557655334472, "data_time": 0.008774736097880773, "fwd": 0.03368019461631775, "get_state_time_mean": NaN, "get_state_time_total": 0.0, "grad": 0.10877175331115722, "mean_accuracy": 0.7588599920272827, "mean_loss": 0.7035131532859802, "neg_mean_accuracy": -0.7789999842643738, "set_state_time_mean": NaN, "set_state_time_total": 0.0, "setup_model_time_mean": NaN, "setup_model_time_total": 0.0, "setup_proc_time_mean": NaN, "setup_proc_time_total": 0.0, "train_accuracy": 0.785319983959198, "train_loss": 0.631573853789568, "training_time_mean": NaN, "training_time_total": 0.0, "val_accuracy": 0.7789999842643738, "val_loss": 0.6417464483618736, "validation_time_mean": NaN, "validation_time_total": 0.0, "samples": 60000, "num_workers": 8, "done": false, "timesteps_total": null, "episodes_total": null, "training_iteration": 24, "neg_mean_loss": -0.7035131532859802, "experiment_id": "57df7c0039ff44efaf94b261de08e598", "date": "2019-06-06_10-40-50", "timestamp": 1559842850, "time_this_iter_s": 9.90998649597168, "time_total_s": 702.2195026874542, "pid": 29259, "hostname": "steropes", "node_ip": "169.229.49.254", "config": {"starting_lr": 0.001, "momentum": 0.99, "weight_decay": 0.005, "steps_per_iteration": null, "pin": false, "model_creator": null, "target_batch_size": 128, "model_string": "resnet50", "min_batch_size": 128, "dataset": "CIFAR", "placement": null, "use_nccl": true, "devices_per_worker": 1, "primary_resource": "extra_gpu", "gpu": false, "verbose": false, "lr_config": {"mode": "log", "steps": 5, "initial_lr": 0.001, "target_lr": 0.0028284271247461905}, "batch_per_device": 128}, "time_since_restore": 32.39503049850464, "timesteps_since_restore": 0, "iterations_since_restore": 2, "mean_throughput": 3704.2495359260147, "atoms": 8, "setup_time": 47.453622817993164}
{"apply": 0.017649149894714354, "batch_time": 0.07305978238582611, "d2h": 0.0007683396339416505, "data_time": 0.008675997354546373, "fwd": 0.030239886045455935, "get_state_time_mean": NaN, "get_state_time_total": 0.0, "grad": 0.10870871245861055, "mean_accuracy": 0.7646199822425842, "mean_loss": 0.6885686617588997, "neg_mean_accuracy": -0.7777999043464661, "set_state_time_mean": NaN, "set_state_time_total": 0.0, "setup_model_time_mean": NaN, "setup_model_time_total": 0.0, "setup_proc_time_mean": NaN, "setup_proc_time_total": 0.0, "train_accuracy": 0.7962799668312073, "train_loss": 0.6001719383859634, "training_time_mean": NaN, "training_time_total": 0.0, "val_accuracy": 0.7777999043464661, "val_loss": 0.6577686370253564, "validation_time_mean": NaN, "validation_time_total": 0.0, "samples": 60000, "num_workers": 8, "done": false, "timesteps_total": null, "episodes_total": null, "training_iteration": 25, "neg_mean_loss": -0.6885686617588997, "experiment_id": "57df7c0039ff44efaf94b261de08e598", "date": "2019-06-06_10-40-59", "timestamp": 1559842859, "time_this_iter_s": 9.504940509796143, "time_total_s": 711.7244431972504, "pid": 29259, "hostname": "steropes", "node_ip": "169.229.49.254", "config": {"starting_lr": 0.001, "momentum": 0.99, "weight_decay": 0.005, "steps_per_iteration": null, "pin": false, "model_creator": null, "target_batch_size": 128, "model_string": "resnet50", "min_batch_size": 128, "dataset": "CIFAR", "placement": null, "use_nccl": true, "devices_per_worker": 1, "primary_resource": "extra_gpu", "gpu": false, "verbose": false, "lr_config": {"mode": "log", "steps": 5, "initial_lr": 0.001, "target_lr": 0.0028284271247461905}, "batch_per_device": 128}, "time_since_restore": 41.89997100830078, "timesteps_since_restore": 0, "iterations_since_restore": 3, "mean_throughput": 4295.916995324805, "atoms": 8, "setup_time": 47.453622817993164}
{"apply": 0.017502287030220033, "batch_time": 0.07194015979766845, "d2h": 0.0007469803094863892, "data_time": 0.008819602581919456, "fwd": 0.030155605077743532, "get_state_time_mean": NaN, "get_state_time_total": 0.0, "grad": 0.10491191148757932, "mean_accuracy": 0.7717599749565125, "mean_loss": 0.668436370767355, "neg_mean_accuracy": -0.785099983215332, "set_state_time_mean": NaN, "set_state_time_total": 0.0, "setup_model_time_mean": NaN, "setup_model_time_total": 0.0, "setup_proc_time_mean": NaN, "setup_proc_time_total": 0.0, "train_accuracy": 0.8011599779129028, "train_loss": 0.5911369913077354, "training_time_mean": NaN, "training_time_total": 0.0, "val_accuracy": 0.785099983215332, "val_loss": 0.6368107379019261, "validation_time_mean": NaN, "validation_time_total": 0.0, "samples": 60000, "num_workers": 8, "done": false, "timesteps_total": null, "episodes_total": null, "training_iteration": 26, "neg_mean_loss": -0.668436370767355, "experiment_id": "57df7c0039ff44efaf94b261de08e598", "date": "2019-06-06_10-41-09", "timestamp": 1559842869, "time_this_iter_s": 9.485464096069336, "time_total_s": 721.2099072933197, "pid": 29259, "hostname": "steropes", "node_ip": "169.229.49.254", "config": {"starting_lr": 0.001, "momentum": 0.99, "weight_decay": 0.005, "steps_per_iteration": null, "pin": false, "model_creator": null, "target_batch_size": 128, "model_string": "resnet50", "min_batch_size": 128, "dataset": "CIFAR", "placement": null, "use_nccl": true, "devices_per_worker": 1, "primary_resource": "extra_gpu", "gpu": false, "verbose": false, "lr_config": {"mode": "log", "steps": 5, "initial_lr": 0.001, "target_lr": 0.0028284271247461905}, "batch_per_device": 128}, "time_since_restore": 51.38543510437012, "timesteps_since_restore": 0, "iterations_since_restore": 4, "mean_throughput": 4670.55130044032, "atoms": 8, "setup_time": 47.453622817993164}
{"apply": 0.01810521483421326, "batch_time": 0.0757687419652939, "d2h": 0.000729045271873474, "data_time": 0.008746225006726324, "fwd": 0.03108059167861938, "get_state_time_mean": NaN, "get_state_time_total": 0.0, "grad": 0.10719554722309113, "mean_accuracy": 0.7795799732208252, "mean_loss": 0.6466222901391984, "neg_mean_accuracy": -0.7824000120162964, "set_state_time_mean": NaN, "set_state_time_total": 0.0, "setup_model_time_mean": NaN, "setup_model_time_total": 0.0, "setup_proc_time_mean": NaN, "setup_proc_time_total": 0.0, "train_accuracy": 0.8069199323654175, "train_loss": 0.5768080357193947, "training_time_mean": NaN, "training_time_total": 0.0, "val_accuracy": 0.7824000120162964, "val_loss": 0.6365371339142323, "validation_time_mean": NaN, "validation_time_total": 0.0, "samples": 60000, "num_workers": 8, "done": false, "timesteps_total": null, "episodes_total": null, "training_iteration": 27, "neg_mean_loss": -0.6466222901391984, "experiment_id": "57df7c0039ff44efaf94b261de08e598", "date": "2019-06-06_10-41-18", "timestamp": 1559842878, "time_this_iter_s": 9.597544193267822, "time_total_s": 730.8074514865875, "pid": 29259, "hostname": "steropes", "node_ip": "169.229.49.254", "config": {"starting_lr": 0.001, "momentum": 0.99, "weight_decay": 0.005, "steps_per_iteration": null, "pin": false, "model_creator": null, "target_batch_size": 128, "model_string": "resnet50", "min_batch_size": 128, "dataset": "CIFAR", "placement": null, "use_nccl": true, "devices_per_worker": 1, "primary_resource": "extra_gpu", "gpu": false, "verbose": false, "lr_config": {"mode": "log", "steps": 5, "initial_lr": 0.001, "target_lr": 0.0028284271247461905}, "batch_per_device": 128}, "time_since_restore": 60.98297929763794, "timesteps_since_restore": 0, "iterations_since_restore": 5, "mean_throughput": 4919.369857740821, "atoms": 8, "setup_time": 47.453622817993164}
{"apply": 0.017859742045402527, "batch_time": 0.08263499736785888, "d2h": 0.000740763545036316, "data_time": 0.008820725947010274, "fwd": 0.03187822699546814, "get_state_time_mean": NaN, "get_state_time_total": 0.0, "grad": 0.10889612436294555, "mean_accuracy": 0.7841399908065796, "mean_loss": 0.6312336943280697, "neg_mean_accuracy": -0.7964000701904297, "set_state_time_mean": NaN, "set_state_time_total": 0.0, "setup_model_time_mean": NaN, "setup_model_time_total": 0.0, "setup_proc_time_mean": NaN, "setup_proc_time_total": 0.0, "train_accuracy": 0.8076399564743042, "train_loss": 0.5645894842886925, "training_time_mean": NaN, "training_time_total": 0.0, "val_accuracy": 0.7964000701904297, "val_loss": 0.5833055144369602, "validation_time_mean": NaN, "validation_time_total": 0.0, "samples": 60000, "num_workers": 8, "done": false, "timesteps_total": null, "episodes_total": null, "training_iteration": 28, "neg_mean_loss": -0.6312336943280697, "experiment_id": "57df7c0039ff44efaf94b261de08e598", "date": "2019-06-06_10-41-28", "timestamp": 1559842888, "time_this_iter_s": 9.62892746925354, "time_total_s": 740.4363789558411, "pid": 29259, "hostname": "steropes", "node_ip": "169.229.49.254", "config": {"starting_lr": 0.001, "momentum": 0.99, "weight_decay": 0.005, "steps_per_iteration": null, "pin": false, "model_creator": null, "target_batch_size": 128, "model_string": "resnet50", "min_batch_size": 128, "dataset": "CIFAR", "placement": null, "use_nccl": true, "devices_per_worker": 1, "primary_resource": "extra_gpu", "gpu": false, "verbose": false, "lr_config": {"mode": "log", "steps": 5, "initial_lr": 0.001, "target_lr": 0.0028284271247461905}, "batch_per_device": 128}, "time_since_restore": 70.61190676689148, "timesteps_since_restore": 0, "iterations_since_restore": 6, "mean_throughput": 6233.471778010562, "atoms": 8, "setup_time": 47.453622817993164}
{"apply": 0.01768503785133362, "batch_time": 0.0722426801919937, "d2h": 0.0007399439811706543, "data_time": 0.009018692435050497, "fwd": 0.03089835941791534, "get_state_time_mean": NaN, "get_state_time_total": 0.0, "grad": 0.1061529815196991, "mean_accuracy": 0.7877400040626525, "mean_loss": 0.6213942151343822, "neg_mean_accuracy": -0.7970000505447388, "set_state_time_mean": NaN, "set_state_time_total": 0.0, "setup_model_time_mean": NaN, "setup_model_time_total": 0.0, "setup_proc_time_mean": NaN, "setup_proc_time_total": 0.0, "train_accuracy": 0.8114200234413147, "train_loss": 0.5585566154503823, "training_time_mean": NaN, "training_time_total": 0.0, "val_accuracy": 0.7970000505447388, "val_loss": 0.5925490523934365, "validation_time_mean": NaN, "validation_time_total": 0.0, "samples": 60000, "num_workers": 8, "done": false, "timesteps_total": null, "episodes_total": null, "training_iteration": 29, "neg_mean_loss": -0.6213942151343822, "experiment_id": "57df7c0039ff44efaf94b261de08e598", "date": "2019-06-06_10-41-37", "timestamp": 1559842897, "time_this_iter_s": 9.473705768585205, "time_total_s": 749.9100847244263, "pid": 29259, "hostname": "steropes", "node_ip": "169.229.49.254", "config": {"starting_lr": 0.001, "momentum": 0.99, "weight_decay": 0.005, "steps_per_iteration": null, "pin": false, "model_creator": null, "target_batch_size": 128, "model_string": "resnet50", "min_batch_size": 128, "dataset": "CIFAR", "placement": null, "use_nccl": true, "devices_per_worker": 1, "primary_resource": "extra_gpu", "gpu": false, "verbose": false, "lr_config": {"mode": "log", "steps": 5, "initial_lr": 0.001, "target_lr": 0.0028284271247461905}, "batch_per_device": 128}, "time_since_restore": 80.08561253547668, "timesteps_since_restore": 0, "iterations_since_restore": 7, "mean_throughput": 6290.496164642718, "atoms": 8, "setup_time": 47.453622817993164}
{"apply": 0.01822416484355926, "batch_time": 0.07443565130233763, "d2h": 0.00077914297580719, "data_time": 0.009050022582618559, "fwd": 0.03359571993350983, "get_state_time_mean": NaN, "get_state_time_total": 0.0, "grad": 0.10718597769737244, "mean_accuracy": 0.7898800134658813, "mean_loss": 0.6146337415635587, "neg_mean_accuracy": -0.7884999513626099, "set_state_time_mean": NaN, "set_state_time_total": 0.0, "setup_model_time_mean": NaN, "setup_model_time_total": 0.0, "setup_proc_time_mean": NaN, "setup_proc_time_total": 0.0, "train_accuracy": 0.8136200308799744, "train_loss": 0.5463313172864914, "training_time_mean": NaN, "training_time_total": 0.0, "val_accuracy": 0.7884999513626099, "val_loss": 0.623966269171238, "validation_time_mean": NaN, "validation_time_total": 0.0, "samples": 60000, "num_workers": 8, "done": false, "timesteps_total": null, "episodes_total": null, "training_iteration": 30, "neg_mean_loss": -0.6146337415635587, "experiment_id": "57df7c0039ff44efaf94b261de08e598", "date": "2019-06-06_10-41-47", "timestamp": 1559842907, "time_this_iter_s": 9.424490928649902, "time_total_s": 759.3345756530762, "pid": 29259, "hostname": "steropes", "node_ip": "169.229.49.254", "config": {"starting_lr": 0.001, "momentum": 0.99, "weight_decay": 0.005, "steps_per_iteration": null, "pin": false, "model_creator": null, "target_batch_size": 128, "model_string": "resnet50", "min_batch_size": 128, "dataset": "CIFAR", "placement": null, "use_nccl": true, "devices_per_worker": 1, "primary_resource": "extra_gpu", "gpu": false, "verbose": false, "lr_config": {"mode": "log", "steps": 5, "initial_lr": 0.001, "target_lr": 0.0028284271247461905}, "batch_per_device": 128}, "time_since_restore": 89.51010346412659, "timesteps_since_restore": 0, "iterations_since_restore": 8, "mean_throughput": 6301.126748794613, "atoms": 8, "setup_time": 47.453622817993164}
{"apply": 0.01773887574672699, "batch_time": 0.07382788360118867, "d2h": 0.0007922738790512086, "data_time": 0.00914633152436237, "fwd": 0.03121701776981354, "get_state_time_mean": NaN, "get_state_time_total": 0.0, "grad": 0.10552521646022797, "mean_accuracy": 0.7913400053977966, "mean_loss": 0.6123327748405933, "neg_mean_accuracy": -0.7923999428749084, "set_state_time_mean": NaN, "set_state_time_total": 0.0, "setup_model_time_mean": NaN, "setup_model_time_total": 0.0, "setup_proc_time_mean": NaN, "setup_proc_time_total": 0.0, "train_accuracy": 0.8127999305725098, "train_loss": 0.5488104961562157, "training_time_mean": NaN, "training_time_total": 0.0, "val_accuracy": 0.7923999428749084, "val_loss": 0.6253059042870999, "validation_time_mean": NaN, "validation_time_total": 0.0, "samples": 60000, "num_workers": 8, "done": false, "timesteps_total": null, "episodes_total": null, "training_iteration": 31, "neg_mean_loss": -0.6123327748405933, "experiment_id": "57df7c0039ff44efaf94b261de08e598", "date": "2019-06-06_10-41-56", "timestamp": 1559842916, "time_this_iter_s": 9.447075843811035, "time_total_s": 768.7816514968872, "pid": 29259, "hostname": "steropes", "node_ip": "169.229.49.254", "config": {"starting_lr": 0.001, "momentum": 0.99, "weight_decay": 0.005, "steps_per_iteration": null, "pin": false, "model_creator": null, "target_batch_size": 128, "model_string": "resnet50", "min_batch_size": 128, "dataset": "CIFAR", "placement": null, "use_nccl": true, "devices_per_worker": 1, "primary_resource": "extra_gpu", "gpu": false, "verbose": false, "lr_config": {"mode": "log", "steps": 5, "initial_lr": 0.001, "target_lr": 0.0028284271247461905}, "batch_per_device": 128}, "time_since_restore": 98.95717930793762, "timesteps_since_restore": 0, "iterations_since_restore": 9, "mean_throughput": 6306.212537337369, "atoms": 8, "setup_time": 47.453622817993164}
{"apply": 0.01794228255748749, "batch_time": 0.0741843044757843, "d2h": 0.0007765024900436401, "data_time": 0.009023769777648303, "fwd": 0.03232686519622803, "get_state_time_mean": NaN, "get_state_time_total": 0.0, "grad": 0.1063323974609375, "mean_accuracy": 0.7887400031089783, "mean_loss": 0.6217804110193252, "neg_mean_accuracy": -0.7694000005722046, "set_state_time_mean": NaN, "set_state_time_total": 0.0, "setup_model_time_mean": NaN, "setup_model_time_total": 0.0, "setup_proc_time_mean": NaN, "setup_proc_time_total": 0.0, "train_accuracy": 0.8093799352645874, "train_loss": 0.556398262232542, "training_time_mean": NaN, "training_time_total": 0.0, "val_accuracy": 0.7694000005722046, "val_loss": 0.6837753148078919, "validation_time_mean": NaN, "validation_time_total": 0.0, "samples": 60000, "num_workers": 8, "done": false, "timesteps_total": null, "episodes_total": null, "training_iteration": 32, "neg_mean_loss": -0.6217804110193252, "experiment_id": "57df7c0039ff44efaf94b261de08e598", "date": "2019-06-06_10-42-06", "timestamp": 1559842926, "time_this_iter_s": 9.394716024398804, "time_total_s": 778.176367521286, "pid": 29259, "hostname": "steropes", "node_ip": "169.229.49.254", "config": {"starting_lr": 0.001, "momentum": 0.99, "weight_decay": 0.005, "steps_per_iteration": null, "pin": false, "model_creator": null, "target_batch_size": 128, "model_string": "resnet50", "min_batch_size": 128, "dataset": "CIFAR", "placement": null, "use_nccl": true, "devices_per_worker": 1, "primary_resource": "extra_gpu", "gpu": false, "verbose": false, "lr_config": {"mode": "log", "steps": 5, "initial_lr": 0.001, "target_lr": 0.0028284271247461905}, "batch_per_device": 128}, "time_since_restore": 108.35189533233643, "timesteps_since_restore": 0, "iterations_since_restore": 10, "mean_throughput": 6333.2138874364655, "atoms": 8, "setup_time": 47.453622817993164}
{"apply": 0.01783686280250549, "batch_time": 0.07783994674682618, "d2h": 0.0007611364126205445, "data_time": 0.009062630181409875, "fwd": 0.03245638608932495, "get_state_time_mean": NaN, "get_state_time_total": 0.0, "grad": 0.10726577937602996, "mean_accuracy": 0.7829399943351746, "mean_loss": 0.6468009636032581, "neg_mean_accuracy": -0.7674000263214111, "set_state_time_mean": NaN, "set_state_time_total": 0.0, "setup_model_time_mean": NaN, "setup_model_time_total": 0.0, "setup_proc_time_mean": NaN, "setup_proc_time_total": 0.0, "train_accuracy": 0.8161998987197876, "train_loss": 0.550182964375019, "training_time_mean": NaN, "training_time_total": 0.0, "val_accuracy": 0.7674000263214111, "val_loss": 0.7084082773566246, "validation_time_mean": NaN, "validation_time_total": 0.0, "samples": 60000, "num_workers": 8, "done": false, "timesteps_total": null, "episodes_total": null, "training_iteration": 33, "neg_mean_loss": -0.6468009636032581, "experiment_id": "57df7c0039ff44efaf94b261de08e598", "date": "2019-06-06_10-42-15", "timestamp": 1559842935, "time_this_iter_s": 9.727561473846436, "time_total_s": 787.9039289951324, "pid": 29259, "hostname": "steropes", "node_ip": "169.229.49.254", "config": {"starting_lr": 0.001, "momentum": 0.99, "weight_decay": 0.005, "steps_per_iteration": null, "pin": false, "model_creator": null, "target_batch_size": 128, "model_string": "resnet50", "min_batch_size": 128, "dataset": "CIFAR", "placement": null, "use_nccl": true, "devices_per_worker": 1, "primary_resource": "extra_gpu", "gpu": false, "verbose": false, "lr_config": {"mode": "log", "steps": 5, "initial_lr": 0.001, "target_lr": 0.0028284271247461905}, "batch_per_device": 128}, "time_since_restore": 118.07945680618286, "timesteps_since_restore": 0, "iterations_since_restore": 11, "mean_throughput": 6320.0550073147, "atoms": 8, "setup_time": 47.453622817993164}
{"apply": 0.01757549345493317, "batch_time": 0.07587781846523285, "d2h": 0.0008144021034240722, "data_time": 0.008902083246075377, "fwd": 0.03070124387741089, "get_state_time_mean": NaN, "get_state_time_total": 0.0, "grad": 0.10454555451869964, "mean_accuracy": 0.7799999833106994, "mean_loss": 0.6603543180429936, "neg_mean_accuracy": -0.7822999954223633, "set_state_time_mean": NaN, "set_state_time_total": 0.0, "setup_model_time_mean": NaN, "setup_model_time_total": 0.0, "setup_proc_time_mean": NaN, "setup_proc_time_total": 0.0, "train_accuracy": 0.8112999796867371, "train_loss": 0.5551156701767446, "training_time_mean": NaN, "training_time_total": 0.0, "val_accuracy": 0.7822999954223633, "val_loss": 0.6603158245921136, "validation_time_mean": NaN, "validation_time_total": 0.0, "samples": 60000, "num_workers": 8, "done": false, "timesteps_total": null, "episodes_total": null, "training_iteration": 34, "neg_mean_loss": -0.6603543180429936, "experiment_id": "57df7c0039ff44efaf94b261de08e598", "date": "2019-06-06_10-42-25", "timestamp": 1559842945, "time_this_iter_s": 9.428706884384155, "time_total_s": 797.3326358795166, "pid": 29259, "hostname": "steropes", "node_ip": "169.229.49.254", "config": {"starting_lr": 0.001, "momentum": 0.99, "weight_decay": 0.005, "steps_per_iteration": null, "pin": false, "model_creator": null, "target_batch_size": 128, "model_string": "resnet50", "min_batch_size": 128, "dataset": "CIFAR", "placement": null, "use_nccl": true, "devices_per_worker": 1, "primary_resource": "extra_gpu", "gpu": false, "verbose": false, "lr_config": {"mode": "log", "steps": 5, "initial_lr": 0.001, "target_lr": 0.0028284271247461905}, "batch_per_device": 128}, "time_since_restore": 127.50816369056702, "timesteps_since_restore": 0, "iterations_since_restore": 12, "mean_throughput": 6326.041830787911, "atoms": 8, "setup_time": 47.453622817993164}
