{"apply": 0.016845273971557616, "batch_time": 0.04151217846930781, "d2h": 0.0006708383560180664, "data_time": 0.001783905126859465, "fwd": 0.12284927368164063, "get_state_time_mean": NaN, "get_state_time_total": 0.0, "grad": 0.2741954803466797, "mean_accuracy": 0.09999999403953552, "mean_loss": 2.493255767440796, "neg_mean_accuracy": -0.09999999403953552, "set_state_time_mean": NaN, "set_state_time_total": 0.0, "setup_model_time_mean": 21.16663694381714, "setup_model_time_total": 21.16663694381714, "setup_proc_time_mean": 1.8586845397949219, "setup_proc_time_total": 1.8586845397949219, "train_accuracy": 0.1066799983382225, "train_loss": 5.137532325286865, "training_time_mean": NaN, "training_time_total": 0.0, "val_accuracy": 0.09999999403953552, "val_loss": 2.493255767440796, "validation_time_mean": NaN, "validation_time_total": 0.0, "samples": 60000, "num_workers": 1, "done": false, "timesteps_total": null, "episodes_total": null, "training_iteration": 1, "neg_mean_loss": -2.493255767440796, "experiment_id": "d2073555b09840a2ae46aa95b9b7147d", "date": "2019-06-06_14-17-28", "timestamp": 1559855848, "time_this_iter_s": 46.86504888534546, "time_total_s": 46.86504888534546, "pid": 30550, "hostname": "steropes", "node_ip": "169.229.49.254", "config": {"starting_lr": 0.5, "momentum": 0.95, "weight_decay": 0.001, "steps_per_iteration": null, "pin": false, "model_creator": null, "target_batch_size": 128, "model_string": "resnet50", "min_batch_size": 128, "dataset": "CIFAR", "placement": null, "use_nccl": true, "devices_per_worker": 1, "primary_resource": "extra_gpu", "gpu": false, "verbose": false, "lr_config": {"mode": "log", "steps": 5, "initial_lr": 0.5, "target_lr": 0.5}, "batch_per_device": 128}, "time_since_restore": 46.86504888534546, "timesteps_since_restore": 0, "iterations_since_restore": 1, "mean_throughput": 1280.2694577543227, "atoms": 1, "setup_time": 23.12571692466736}
{"apply": 0.016783690452575682, "batch_time": 0.03223481359361093, "d2h": 0.0006999969482421875, "data_time": 0.0018133293942112446, "fwd": 0.028184676170349122, "get_state_time_mean": NaN, "get_state_time_total": 0.0, "grad": 0.04804637432098389, "mean_accuracy": 0.11299999803304672, "mean_loss": 2.4247638833999634, "neg_mean_accuracy": -0.12600000202655792, "set_state_time_mean": NaN, "set_state_time_total": 0.0, "setup_model_time_mean": NaN, "setup_model_time_total": 0.0, "setup_proc_time_mean": NaN, "setup_proc_time_total": 0.0, "train_accuracy": 0.17419999837875366, "train_loss": 2.2005044847869875, "training_time_mean": NaN, "training_time_total": 0.0, "val_accuracy": 0.12600000202655792, "val_loss": 2.356271999359131, "validation_time_mean": NaN, "validation_time_total": 0.0, "samples": 60000, "num_workers": 1, "done": false, "timesteps_total": null, "episodes_total": null, "training_iteration": 2, "neg_mean_loss": -2.4247638833999634, "experiment_id": "d2073555b09840a2ae46aa95b9b7147d", "date": "2019-06-06_14-18-08", "timestamp": 1559855888, "time_this_iter_s": 40.466145277023315, "time_total_s": 87.33119416236877, "pid": 30550, "hostname": "steropes", "node_ip": "169.229.49.254", "config": {"starting_lr": 0.5, "momentum": 0.95, "weight_decay": 0.001, "steps_per_iteration": null, "pin": false, "model_creator": null, "target_batch_size": 128, "model_string": "resnet50", "min_batch_size": 128, "dataset": "CIFAR", "placement": null, "use_nccl": true, "devices_per_worker": 1, "primary_resource": "extra_gpu", "gpu": false, "verbose": false, "lr_config": {"mode": "log", "steps": 5, "initial_lr": 0.5, "target_lr": 0.5}, "batch_per_device": 128}, "time_since_restore": 87.33119416236877, "timesteps_since_restore": 0, "iterations_since_restore": 2, "mean_throughput": 1374.0740117988332, "atoms": 1, "setup_time": 23.12571692466736}
{"apply": 0.01687800884246826, "batch_time": 0.031673890125902396, "d2h": 0.0006885528564453125, "data_time": 0.0018121604724308414, "fwd": 0.027951717376708984, "get_state_time_mean": NaN, "get_state_time_total": 0.0, "grad": 0.04726855754852295, "mean_accuracy": 0.1300666630268097, "mean_loss": 2.4447153207143146, "neg_mean_accuracy": -0.16419999301433563, "set_state_time_mean": NaN, "set_state_time_total": 0.0, "setup_model_time_mean": NaN, "setup_model_time_total": 0.0, "setup_proc_time_mean": NaN, "setup_proc_time_total": 0.0, "train_accuracy": 0.18129999935626984, "train_loss": 2.1880057424926758, "training_time_mean": NaN, "training_time_total": 0.0, "val_accuracy": 0.16419999301433563, "val_loss": 2.4846181953430175, "validation_time_mean": NaN, "validation_time_total": 0.0, "samples": 60000, "num_workers": 1, "done": true, "timesteps_total": null, "episodes_total": null, "training_iteration": 3, "neg_mean_loss": -2.4447153207143146, "experiment_id": "d2073555b09840a2ae46aa95b9b7147d", "date": "2019-06-06_14-18-48", "timestamp": 1559855928, "time_this_iter_s": 40.0393123626709, "time_total_s": 127.37050652503967, "pid": 30550, "hostname": "steropes", "node_ip": "169.229.49.254", "config": {"starting_lr": 0.5, "momentum": 0.95, "weight_decay": 0.001, "steps_per_iteration": null, "pin": false, "model_creator": null, "target_batch_size": 128, "model_string": "resnet50", "min_batch_size": 128, "dataset": "CIFAR", "placement": null, "use_nccl": true, "devices_per_worker": 1, "primary_resource": "extra_gpu", "gpu": false, "verbose": false, "lr_config": {"mode": "log", "steps": 5, "initial_lr": 0.5, "target_lr": 0.5}, "batch_per_device": 128}, "time_since_restore": 127.37050652503967, "timesteps_since_restore": 0, "iterations_since_restore": 3, "mean_throughput": 1413.1951446507103, "atoms": 1, "setup_time": 23.12571692466736}
