apply,batch_time,d2h,data_time,fwd,get_state_time_mean,get_state_time_total,grad,mean_accuracy,mean_loss,neg_mean_accuracy,set_state_time_mean,set_state_time_total,setup_model_time_mean,setup_model_time_total,setup_proc_time_mean,setup_proc_time_total,train_accuracy,train_loss,training_time_mean,training_time_total,validation_time_mean,validation_time_total,samples,num_workers,done,timesteps_total,episodes_total,training_iteration,neg_mean_loss,experiment_id,date,timestamp,time_this_iter_s,time_total_s,pid,hostname,node_ip,config,time_since_restore,timesteps_since_restore,iterations_since_restore,mean_throughput,atoms
0.007513856887817383,0.19743432998657226,0.005235075950622559,0.03458497962173151,0.07974874973297119,nan,0.0,0.15846033096313478,0.3513000011444092,1.8067175689697266,-0.3513000011444092,nan,0.0,10.109927654266357,10.109927654266357,0.29564714431762695,0.29564714431762695,0.26405999064445496,2.5113413180541992,nan,0.0,nan,0.0,60000,1,False,,,1,-1.8067175689697266,dd421788021847e79987a82956fb4769,2019-05-30_15-20-53,1559254853,11.962684392929077,11.962684392929077,21930,steropes,169.229.49.254,"{'starting_lr': 0.005, 'momentum': 0.997, 'weight_decay': 0.001, 'steps_per_iteration': None, 'pin': False, 'model_creator': None, 'target_batch_size': 1024, 'model_string': 'resnet18', 'min_batch_size': 512, 'dataset': 'CIFAR', 'placement': None, 'use_nccl': True, 'devices_per_worker': 1, 'primary_resource': 'extra_gpu', 'gpu': False, 'verbose': False, 'lr_config': {'mode': 'log', 'steps': 5, 'initial_lr': 0.005, 'target_lr': 0.005}, 'batch_per_device': 1024}",11.962684392929077,0,1,5015.563982250926,1
0.007784795761108398,0.12716965675354003,0.00633707046508789,0.03329899359722527,0.025961947441101075,nan,0.0,0.0499147891998291,0.4438000023365021,1.5634222322463989,-0.4438000023365021,nan,0.0,nan,0.0,nan,0.0,0.3941600024700165,1.6506785174942016,nan,0.0,nan,0.0,60000,1,False,,,2,-1.5634222322463989,dd421788021847e79987a82956fb4769,2019-05-30_15-21-01,1559254861,8.659915685653687,20.622600078582764,21930,steropes,169.229.49.254,"{'starting_lr': 0.005, 'momentum': 0.997, 'weight_decay': 0.001, 'steps_per_iteration': None, 'pin': False, 'model_creator': None, 'target_batch_size': 1024, 'model_string': 'resnet18', 'min_batch_size': 512, 'dataset': 'CIFAR', 'placement': None, 'use_nccl': True, 'devices_per_worker': 1, 'primary_resource': 'extra_gpu', 'gpu': False, 'verbose': False, 'lr_config': {'mode': 'log', 'steps': 5, 'initial_lr': 0.005, 'target_lr': 0.005}, 'batch_per_device': 1024}",20.622600078582764,0,2,5818.815105833822,1
0.0074981689453125,0.145044207572937,0.00588982105255127,0.03763356500742387,0.029848718643188478,nan,0.0,0.0584010124206543,0.45249998569488525,1.5257311790466308,-0.45249998569488525,nan,0.0,nan,0.0,nan,0.0,0.44411998987197876,1.5221750121688842,nan,0.0,nan,0.0,60000,1,False,,,3,-1.5257311790466308,dd421788021847e79987a82956fb4769,2019-05-30_15-21-10,1559254870,8.403030395507812,29.025630474090576,21930,steropes,169.229.49.254,"{'starting_lr': 0.005, 'momentum': 0.997, 'weight_decay': 0.001, 'steps_per_iteration': None, 'pin': False, 'model_creator': None, 'target_batch_size': 1024, 'model_string': 'resnet18', 'min_batch_size': 512, 'dataset': 'CIFAR', 'placement': None, 'use_nccl': True, 'devices_per_worker': 1, 'primary_resource': 'extra_gpu', 'gpu': False, 'verbose': False, 'lr_config': {'mode': 'log', 'steps': 5, 'initial_lr': 0.005, 'target_lr': 0.005}, 'batch_per_device': 1024}",29.025630474090576,0,3,6201.366526315871,1
0.007724499702453614,0.1301445722579956,0.005379009246826172,0.050325928902139466,0.02731955051422119,nan,0.0,0.0511798620223999,0.5041999816894531,1.398396432876587,-0.5041999816894531,nan,0.0,nan,0.0,nan,0.0,0.46949997544288635,1.4503302040863038,nan,0.0,nan,0.0,60000,1,False,,,4,-1.398396432876587,dd421788021847e79987a82956fb4769,2019-05-30_15-21-19,1559254879,9.255859851837158,38.281490325927734,21930,steropes,169.229.49.254,"{'starting_lr': 0.005, 'momentum': 0.997, 'weight_decay': 0.001, 'steps_per_iteration': None, 'pin': False, 'model_creator': None, 'target_batch_size': 1024, 'model_string': 'resnet18', 'min_batch_size': 512, 'dataset': 'CIFAR', 'placement': None, 'use_nccl': True, 'devices_per_worker': 1, 'primary_resource': 'extra_gpu', 'gpu': False, 'verbose': False, 'lr_config': {'mode': 'log', 'steps': 5, 'initial_lr': 0.005, 'target_lr': 0.005}, 'batch_per_device': 1024}",38.281490325927734,0,4,6269.297676741991,1
0.008509182929992675,0.13575356006622313,0.006245231628417969,0.05709948831675004,0.028426694869995116,nan,0.0,0.05081207752227783,0.5235999822616577,1.327459016418457,-0.5235999822616577,nan,0.0,nan,0.0,nan,0.0,0.49437999725341797,1.3960362929534913,nan,0.0,nan,0.0,60000,1,False,,,5,-1.327459016418457,dd421788021847e79987a82956fb4769,2019-05-30_15-21-28,1559254888,9.330488681793213,47.61197900772095,21930,steropes,169.229.49.254,"{'starting_lr': 0.005, 'momentum': 0.997, 'weight_decay': 0.001, 'steps_per_iteration': None, 'pin': False, 'model_creator': None, 'target_batch_size': 1024, 'model_string': 'resnet18', 'min_batch_size': 512, 'dataset': 'CIFAR', 'placement': None, 'use_nccl': True, 'devices_per_worker': 1, 'primary_resource': 'extra_gpu', 'gpu': False, 'verbose': False, 'lr_config': {'mode': 'log', 'steps': 5, 'initial_lr': 0.005, 'target_lr': 0.005}, 'batch_per_device': 1024}",47.61197900772095,0,5,6300.884486022773,1
0.007814550399780273,0.14016540050506593,0.005080604553222656,0.053559288686635544,0.022111678123474122,nan,0.0,0.04653222560882568,0.5435000061988831,1.257006746673584,-0.5435000061988831,nan,0.0,nan,0.0,nan,0.0,0.5189599990844727,1.327235097618103,nan,0.0,nan,0.0,60000,1,False,,,6,-1.257006746673584,dd421788021847e79987a82956fb4769,2019-05-30_15-21-38,1559254898,9.181968450546265,56.79394745826721,21930,steropes,169.229.49.254,"{'starting_lr': 0.005, 'momentum': 0.997, 'weight_decay': 0.001, 'steps_per_iteration': None, 'pin': False, 'model_creator': None, 'target_batch_size': 1024, 'model_string': 'resnet18', 'min_batch_size': 512, 'dataset': 'CIFAR', 'placement': None, 'use_nccl': True, 'devices_per_worker': 1, 'primary_resource': 'extra_gpu', 'gpu': False, 'verbose': False, 'lr_config': {'mode': 'log', 'steps': 5, 'initial_lr': 0.005, 'target_lr': 0.005}, 'batch_per_device': 1024}",56.79394745826721,0,6,6691.701559297556,1
0.007806038856506348,0.14542872905731202,0.005037617683410644,0.03449301816979233,0.03059277534484863,nan,0.0,0.060748744010925296,0.5529999732971191,1.2489585357666015,-0.5529999732971191,nan,0.0,nan,0.0,nan,0.0,0.5338000059127808,1.281491302986145,nan,0.0,nan,0.0,60000,1,False,,,7,-1.2489585357666015,dd421788021847e79987a82956fb4769,2019-05-30_15-21-46,1559254906,8.66605281829834,65.46000027656555,21930,steropes,169.229.49.254,"{'starting_lr': 0.005, 'momentum': 0.997, 'weight_decay': 0.001, 'steps_per_iteration': None, 'pin': False, 'model_creator': None, 'target_batch_size': 1024, 'model_string': 'resnet18', 'min_batch_size': 512, 'dataset': 'CIFAR', 'placement': None, 'use_nccl': True, 'devices_per_worker': 1, 'primary_resource': 'extra_gpu', 'gpu': False, 'verbose': False, 'lr_config': {'mode': 'log', 'steps': 5, 'initial_lr': 0.005, 'target_lr': 0.005}, 'batch_per_device': 1024}",65.46000027656555,0,7,6690.7761749189885,1
0.008713746070861816,0.13393306732177734,0.006990361213684082,0.046663877915362924,0.032878327369689944,nan,0.0,0.04847738742828369,0.5710999965667725,1.2037060287475585,-0.5710999965667725,nan,0.0,nan,0.0,nan,0.0,0.5517199635505676,1.2406517518234252,nan,0.0,nan,0.0,60000,1,False,,,8,-1.2037060287475585,dd421788021847e79987a82956fb4769,2019-05-30_15-21-55,1559254915,9.101114511489868,74.56111478805542,21930,steropes,169.229.49.254,"{'starting_lr': 0.005, 'momentum': 0.997, 'weight_decay': 0.001, 'steps_per_iteration': None, 'pin': False, 'model_creator': None, 'target_batch_size': 1024, 'model_string': 'resnet18', 'min_batch_size': 512, 'dataset': 'CIFAR', 'placement': None, 'use_nccl': True, 'devices_per_worker': 1, 'primary_resource': 'extra_gpu', 'gpu': False, 'verbose': False, 'lr_config': {'mode': 'log', 'steps': 5, 'initial_lr': 0.005, 'target_lr': 0.005}, 'batch_per_device': 1024}",74.56111478805542,0,8,6588.202164232478,1
0.00713036060333252,0.1301647663116455,0.004693531990051269,0.0430687495640346,0.025436139106750487,nan,0.0,0.0466191291809082,0.574400007724762,1.1741523414611816,-0.574400007724762,nan,0.0,nan,0.0,nan,0.0,0.5656599998474121,1.198035679359436,nan,0.0,nan,0.0,60000,1,False,,,9,-1.1741523414611816,dd421788021847e79987a82956fb4769,2019-05-30_15-22-04,1559254924,8.655056238174438,83.21617102622986,21930,steropes,169.229.49.254,"{'starting_lr': 0.005, 'momentum': 0.997, 'weight_decay': 0.001, 'steps_per_iteration': None, 'pin': False, 'model_creator': None, 'target_batch_size': 1024, 'model_string': 'resnet18', 'min_batch_size': 512, 'dataset': 'CIFAR', 'placement': None, 'use_nccl': True, 'devices_per_worker': 1, 'primary_resource': 'extra_gpu', 'gpu': False, 'verbose': False, 'lr_config': {'mode': 'log', 'steps': 5, 'initial_lr': 0.005, 'target_lr': 0.005}, 'batch_per_device': 1024}",83.21617102622986,0,9,6676.288944908749,1
0.008831095695495606,0.1366037607192993,0.004976797103881836,0.04529610458685427,0.027368378639221192,nan,0.0,0.05595829486846924,0.5852000117301941,1.1390917282104491,-0.5852000117301941,nan,0.0,nan,0.0,nan,0.0,0.5826199650764465,1.1513468488693237,nan,0.0,nan,0.0,60000,1,False,,,10,-1.1390917282104491,dd421788021847e79987a82956fb4769,2019-05-30_15-22-13,1559254933,8.757224798202515,91.97339582443237,21930,steropes,169.229.49.254,"{'starting_lr': 0.005, 'momentum': 0.997, 'weight_decay': 0.001, 'steps_per_iteration': None, 'pin': False, 'model_creator': None, 'target_batch_size': 1024, 'model_string': 'resnet18', 'min_batch_size': 512, 'dataset': 'CIFAR', 'placement': None, 'use_nccl': True, 'devices_per_worker': 1, 'primary_resource': 'extra_gpu', 'gpu': False, 'verbose': False, 'lr_config': {'mode': 'log', 'steps': 5, 'initial_lr': 0.005, 'target_lr': 0.005}, 'batch_per_device': 1024}",91.97339582443237,0,10,6762.56142208025,1
0.007779455184936524,0.13085672855377198,0.004799151420593261,0.041942051478794644,0.02377429008483887,nan,0.0,0.056971287727355956,0.5992000102996826,1.114035124206543,-0.5992000102996826,nan,0.0,nan,0.0,nan,0.0,0.5959799885749817,1.119862788772583,nan,0.0,nan,0.0,60000,1,True,,,11,-1.114035124206543,dd421788021847e79987a82956fb4769,2019-05-30_15-22-22,1559254942,8.72918176651001,100.70257759094238,21930,steropes,169.229.49.254,"{'starting_lr': 0.005, 'momentum': 0.997, 'weight_decay': 0.001, 'steps_per_iteration': None, 'pin': False, 'model_creator': None, 'target_batch_size': 1024, 'model_string': 'resnet18', 'min_batch_size': 512, 'dataset': 'CIFAR', 'placement': None, 'use_nccl': True, 'devices_per_worker': 1, 'primary_resource': 'extra_gpu', 'gpu': False, 'verbose': False, 'lr_config': {'mode': 'log', 'steps': 5, 'initial_lr': 0.005, 'target_lr': 0.005}, 'batch_per_device': 1024}",100.70257759094238,0,11,6832.296602131193,1
