{"apply": 0.007513856887817383, "batch_time": 0.19743432998657226, "d2h": 0.005235075950622559, "data_time": 0.03458497962173151, "fwd": 0.07974874973297119, "get_state_time_mean": NaN, "get_state_time_total": 0.0, "grad": 0.15846033096313478, "mean_accuracy": 0.3513000011444092, "mean_loss": 1.8067175689697266, "neg_mean_accuracy": -0.3513000011444092, "set_state_time_mean": NaN, "set_state_time_total": 0.0, "setup_model_time_mean": 10.109927654266357, "setup_model_time_total": 10.109927654266357, "setup_proc_time_mean": 0.29564714431762695, "setup_proc_time_total": 0.29564714431762695, "train_accuracy": 0.26405999064445496, "train_loss": 2.5113413180541992, "training_time_mean": NaN, "training_time_total": 0.0, "validation_time_mean": NaN, "validation_time_total": 0.0, "samples": 60000, "num_workers": 1, "done": false, "timesteps_total": null, "episodes_total": null, "training_iteration": 1, "neg_mean_loss": -1.8067175689697266, "experiment_id": "dd421788021847e79987a82956fb4769", "date": "2019-05-30_15-20-53", "timestamp": 1559254853, "time_this_iter_s": 11.962684392929077, "time_total_s": 11.962684392929077, "pid": 21930, "hostname": "steropes", "node_ip": "169.229.49.254", "config": {"starting_lr": 0.005, "momentum": 0.997, "weight_decay": 0.001, "steps_per_iteration": null, "pin": false, "model_creator": null, "target_batch_size": 1024, "model_string": "resnet18", "min_batch_size": 512, "dataset": "CIFAR", "placement": null, "use_nccl": true, "devices_per_worker": 1, "primary_resource": "extra_gpu", "gpu": false, "verbose": false, "lr_config": {"mode": "log", "steps": 5, "initial_lr": 0.005, "target_lr": 0.005}, "batch_per_device": 1024}, "time_since_restore": 11.962684392929077, "timesteps_since_restore": 0, "iterations_since_restore": 1, "mean_throughput": 5015.563982250926, "atoms": 1}
{"apply": 0.007784795761108398, "batch_time": 0.12716965675354003, "d2h": 0.00633707046508789, "data_time": 0.03329899359722527, "fwd": 0.025961947441101075, "get_state_time_mean": NaN, "get_state_time_total": 0.0, "grad": 0.0499147891998291, "mean_accuracy": 0.4438000023365021, "mean_loss": 1.5634222322463989, "neg_mean_accuracy": -0.4438000023365021, "set_state_time_mean": NaN, "set_state_time_total": 0.0, "setup_model_time_mean": NaN, "setup_model_time_total": 0.0, "setup_proc_time_mean": NaN, "setup_proc_time_total": 0.0, "train_accuracy": 0.3941600024700165, "train_loss": 1.6506785174942016, "training_time_mean": NaN, "training_time_total": 0.0, "validation_time_mean": NaN, "validation_time_total": 0.0, "samples": 60000, "num_workers": 1, "done": false, "timesteps_total": null, "episodes_total": null, "training_iteration": 2, "neg_mean_loss": -1.5634222322463989, "experiment_id": "dd421788021847e79987a82956fb4769", "date": "2019-05-30_15-21-01", "timestamp": 1559254861, "time_this_iter_s": 8.659915685653687, "time_total_s": 20.622600078582764, "pid": 21930, "hostname": "steropes", "node_ip": "169.229.49.254", "config": {"starting_lr": 0.005, "momentum": 0.997, "weight_decay": 0.001, "steps_per_iteration": null, "pin": false, "model_creator": null, "target_batch_size": 1024, "model_string": "resnet18", "min_batch_size": 512, "dataset": "CIFAR", "placement": null, "use_nccl": true, "devices_per_worker": 1, "primary_resource": "extra_gpu", "gpu": false, "verbose": false, "lr_config": {"mode": "log", "steps": 5, "initial_lr": 0.005, "target_lr": 0.005}, "batch_per_device": 1024}, "time_since_restore": 20.622600078582764, "timesteps_since_restore": 0, "iterations_since_restore": 2, "mean_throughput": 5818.815105833822, "atoms": 1}
{"apply": 0.0074981689453125, "batch_time": 0.145044207572937, "d2h": 0.00588982105255127, "data_time": 0.03763356500742387, "fwd": 0.029848718643188478, "get_state_time_mean": NaN, "get_state_time_total": 0.0, "grad": 0.0584010124206543, "mean_accuracy": 0.45249998569488525, "mean_loss": 1.5257311790466308, "neg_mean_accuracy": -0.45249998569488525, "set_state_time_mean": NaN, "set_state_time_total": 0.0, "setup_model_time_mean": NaN, "setup_model_time_total": 0.0, "setup_proc_time_mean": NaN, "setup_proc_time_total": 0.0, "train_accuracy": 0.44411998987197876, "train_loss": 1.5221750121688842, "training_time_mean": NaN, "training_time_total": 0.0, "validation_time_mean": NaN, "validation_time_total": 0.0, "samples": 60000, "num_workers": 1, "done": false, "timesteps_total": null, "episodes_total": null, "training_iteration": 3, "neg_mean_loss": -1.5257311790466308, "experiment_id": "dd421788021847e79987a82956fb4769", "date": "2019-05-30_15-21-10", "timestamp": 1559254870, "time_this_iter_s": 8.403030395507812, "time_total_s": 29.025630474090576, "pid": 21930, "hostname": "steropes", "node_ip": "169.229.49.254", "config": {"starting_lr": 0.005, "momentum": 0.997, "weight_decay": 0.001, "steps_per_iteration": null, "pin": false, "model_creator": null, "target_batch_size": 1024, "model_string": "resnet18", "min_batch_size": 512, "dataset": "CIFAR", "placement": null, "use_nccl": true, "devices_per_worker": 1, "primary_resource": "extra_gpu", "gpu": false, "verbose": false, "lr_config": {"mode": "log", "steps": 5, "initial_lr": 0.005, "target_lr": 0.005}, "batch_per_device": 1024}, "time_since_restore": 29.025630474090576, "timesteps_since_restore": 0, "iterations_since_restore": 3, "mean_throughput": 6201.366526315871, "atoms": 1}
{"apply": 0.007724499702453614, "batch_time": 0.1301445722579956, "d2h": 0.005379009246826172, "data_time": 0.050325928902139466, "fwd": 0.02731955051422119, "get_state_time_mean": NaN, "get_state_time_total": 0.0, "grad": 0.0511798620223999, "mean_accuracy": 0.5041999816894531, "mean_loss": 1.398396432876587, "neg_mean_accuracy": -0.5041999816894531, "set_state_time_mean": NaN, "set_state_time_total": 0.0, "setup_model_time_mean": NaN, "setup_model_time_total": 0.0, "setup_proc_time_mean": NaN, "setup_proc_time_total": 0.0, "train_accuracy": 0.46949997544288635, "train_loss": 1.4503302040863038, "training_time_mean": NaN, "training_time_total": 0.0, "validation_time_mean": NaN, "validation_time_total": 0.0, "samples": 60000, "num_workers": 1, "done": false, "timesteps_total": null, "episodes_total": null, "training_iteration": 4, "neg_mean_loss": -1.398396432876587, "experiment_id": "dd421788021847e79987a82956fb4769", "date": "2019-05-30_15-21-19", "timestamp": 1559254879, "time_this_iter_s": 9.255859851837158, "time_total_s": 38.281490325927734, "pid": 21930, "hostname": "steropes", "node_ip": "169.229.49.254", "config": {"starting_lr": 0.005, "momentum": 0.997, "weight_decay": 0.001, "steps_per_iteration": null, "pin": false, "model_creator": null, "target_batch_size": 1024, "model_string": "resnet18", "min_batch_size": 512, "dataset": "CIFAR", "placement": null, "use_nccl": true, "devices_per_worker": 1, "primary_resource": "extra_gpu", "gpu": false, "verbose": false, "lr_config": {"mode": "log", "steps": 5, "initial_lr": 0.005, "target_lr": 0.005}, "batch_per_device": 1024}, "time_since_restore": 38.281490325927734, "timesteps_since_restore": 0, "iterations_since_restore": 4, "mean_throughput": 6269.297676741991, "atoms": 1}
{"apply": 0.008509182929992675, "batch_time": 0.13575356006622313, "d2h": 0.006245231628417969, "data_time": 0.05709948831675004, "fwd": 0.028426694869995116, "get_state_time_mean": NaN, "get_state_time_total": 0.0, "grad": 0.05081207752227783, "mean_accuracy": 0.5235999822616577, "mean_loss": 1.327459016418457, "neg_mean_accuracy": -0.5235999822616577, "set_state_time_mean": NaN, "set_state_time_total": 0.0, "setup_model_time_mean": NaN, "setup_model_time_total": 0.0, "setup_proc_time_mean": NaN, "setup_proc_time_total": 0.0, "train_accuracy": 0.49437999725341797, "train_loss": 1.3960362929534913, "training_time_mean": NaN, "training_time_total": 0.0, "validation_time_mean": NaN, "validation_time_total": 0.0, "samples": 60000, "num_workers": 1, "done": false, "timesteps_total": null, "episodes_total": null, "training_iteration": 5, "neg_mean_loss": -1.327459016418457, "experiment_id": "dd421788021847e79987a82956fb4769", "date": "2019-05-30_15-21-28", "timestamp": 1559254888, "time_this_iter_s": 9.330488681793213, "time_total_s": 47.61197900772095, "pid": 21930, "hostname": "steropes", "node_ip": "169.229.49.254", "config": {"starting_lr": 0.005, "momentum": 0.997, "weight_decay": 0.001, "steps_per_iteration": null, "pin": false, "model_creator": null, "target_batch_size": 1024, "model_string": "resnet18", "min_batch_size": 512, "dataset": "CIFAR", "placement": null, "use_nccl": true, "devices_per_worker": 1, "primary_resource": "extra_gpu", "gpu": false, "verbose": false, "lr_config": {"mode": "log", "steps": 5, "initial_lr": 0.005, "target_lr": 0.005}, "batch_per_device": 1024}, "time_since_restore": 47.61197900772095, "timesteps_since_restore": 0, "iterations_since_restore": 5, "mean_throughput": 6300.884486022773, "atoms": 1}
{"apply": 0.007814550399780273, "batch_time": 0.14016540050506593, "d2h": 0.005080604553222656, "data_time": 0.053559288686635544, "fwd": 0.022111678123474122, "get_state_time_mean": NaN, "get_state_time_total": 0.0, "grad": 0.04653222560882568, "mean_accuracy": 0.5435000061988831, "mean_loss": 1.257006746673584, "neg_mean_accuracy": -0.5435000061988831, "set_state_time_mean": NaN, "set_state_time_total": 0.0, "setup_model_time_mean": NaN, "setup_model_time_total": 0.0, "setup_proc_time_mean": NaN, "setup_proc_time_total": 0.0, "train_accuracy": 0.5189599990844727, "train_loss": 1.327235097618103, "training_time_mean": NaN, "training_time_total": 0.0, "validation_time_mean": NaN, "validation_time_total": 0.0, "samples": 60000, "num_workers": 1, "done": false, "timesteps_total": null, "episodes_total": null, "training_iteration": 6, "neg_mean_loss": -1.257006746673584, "experiment_id": "dd421788021847e79987a82956fb4769", "date": "2019-05-30_15-21-38", "timestamp": 1559254898, "time_this_iter_s": 9.181968450546265, "time_total_s": 56.79394745826721, "pid": 21930, "hostname": "steropes", "node_ip": "169.229.49.254", "config": {"starting_lr": 0.005, "momentum": 0.997, "weight_decay": 0.001, "steps_per_iteration": null, "pin": false, "model_creator": null, "target_batch_size": 1024, "model_string": "resnet18", "min_batch_size": 512, "dataset": "CIFAR", "placement": null, "use_nccl": true, "devices_per_worker": 1, "primary_resource": "extra_gpu", "gpu": false, "verbose": false, "lr_config": {"mode": "log", "steps": 5, "initial_lr": 0.005, "target_lr": 0.005}, "batch_per_device": 1024}, "time_since_restore": 56.79394745826721, "timesteps_since_restore": 0, "iterations_since_restore": 6, "mean_throughput": 6691.701559297556, "atoms": 1}
{"apply": 0.007806038856506348, "batch_time": 0.14542872905731202, "d2h": 0.005037617683410644, "data_time": 0.03449301816979233, "fwd": 0.03059277534484863, "get_state_time_mean": NaN, "get_state_time_total": 0.0, "grad": 0.060748744010925296, "mean_accuracy": 0.5529999732971191, "mean_loss": 1.2489585357666015, "neg_mean_accuracy": -0.5529999732971191, "set_state_time_mean": NaN, "set_state_time_total": 0.0, "setup_model_time_mean": NaN, "setup_model_time_total": 0.0, "setup_proc_time_mean": NaN, "setup_proc_time_total": 0.0, "train_accuracy": 0.5338000059127808, "train_loss": 1.281491302986145, "training_time_mean": NaN, "training_time_total": 0.0, "validation_time_mean": NaN, "validation_time_total": 0.0, "samples": 60000, "num_workers": 1, "done": false, "timesteps_total": null, "episodes_total": null, "training_iteration": 7, "neg_mean_loss": -1.2489585357666015, "experiment_id": "dd421788021847e79987a82956fb4769", "date": "2019-05-30_15-21-46", "timestamp": 1559254906, "time_this_iter_s": 8.66605281829834, "time_total_s": 65.46000027656555, "pid": 21930, "hostname": "steropes", "node_ip": "169.229.49.254", "config": {"starting_lr": 0.005, "momentum": 0.997, "weight_decay": 0.001, "steps_per_iteration": null, "pin": false, "model_creator": null, "target_batch_size": 1024, "model_string": "resnet18", "min_batch_size": 512, "dataset": "CIFAR", "placement": null, "use_nccl": true, "devices_per_worker": 1, "primary_resource": "extra_gpu", "gpu": false, "verbose": false, "lr_config": {"mode": "log", "steps": 5, "initial_lr": 0.005, "target_lr": 0.005}, "batch_per_device": 1024}, "time_since_restore": 65.46000027656555, "timesteps_since_restore": 0, "iterations_since_restore": 7, "mean_throughput": 6690.7761749189885, "atoms": 1}
{"apply": 0.008713746070861816, "batch_time": 0.13393306732177734, "d2h": 0.006990361213684082, "data_time": 0.046663877915362924, "fwd": 0.032878327369689944, "get_state_time_mean": NaN, "get_state_time_total": 0.0, "grad": 0.04847738742828369, "mean_accuracy": 0.5710999965667725, "mean_loss": 1.2037060287475585, "neg_mean_accuracy": -0.5710999965667725, "set_state_time_mean": NaN, "set_state_time_total": 0.0, "setup_model_time_mean": NaN, "setup_model_time_total": 0.0, "setup_proc_time_mean": NaN, "setup_proc_time_total": 0.0, "train_accuracy": 0.5517199635505676, "train_loss": 1.2406517518234252, "training_time_mean": NaN, "training_time_total": 0.0, "validation_time_mean": NaN, "validation_time_total": 0.0, "samples": 60000, "num_workers": 1, "done": false, "timesteps_total": null, "episodes_total": null, "training_iteration": 8, "neg_mean_loss": -1.2037060287475585, "experiment_id": "dd421788021847e79987a82956fb4769", "date": "2019-05-30_15-21-55", "timestamp": 1559254915, "time_this_iter_s": 9.101114511489868, "time_total_s": 74.56111478805542, "pid": 21930, "hostname": "steropes", "node_ip": "169.229.49.254", "config": {"starting_lr": 0.005, "momentum": 0.997, "weight_decay": 0.001, "steps_per_iteration": null, "pin": false, "model_creator": null, "target_batch_size": 1024, "model_string": "resnet18", "min_batch_size": 512, "dataset": "CIFAR", "placement": null, "use_nccl": true, "devices_per_worker": 1, "primary_resource": "extra_gpu", "gpu": false, "verbose": false, "lr_config": {"mode": "log", "steps": 5, "initial_lr": 0.005, "target_lr": 0.005}, "batch_per_device": 1024}, "time_since_restore": 74.56111478805542, "timesteps_since_restore": 0, "iterations_since_restore": 8, "mean_throughput": 6588.202164232478, "atoms": 1}
{"apply": 0.00713036060333252, "batch_time": 0.1301647663116455, "d2h": 0.004693531990051269, "data_time": 0.0430687495640346, "fwd": 0.025436139106750487, "get_state_time_mean": NaN, "get_state_time_total": 0.0, "grad": 0.0466191291809082, "mean_accuracy": 0.574400007724762, "mean_loss": 1.1741523414611816, "neg_mean_accuracy": -0.574400007724762, "set_state_time_mean": NaN, "set_state_time_total": 0.0, "setup_model_time_mean": NaN, "setup_model_time_total": 0.0, "setup_proc_time_mean": NaN, "setup_proc_time_total": 0.0, "train_accuracy": 0.5656599998474121, "train_loss": 1.198035679359436, "training_time_mean": NaN, "training_time_total": 0.0, "validation_time_mean": NaN, "validation_time_total": 0.0, "samples": 60000, "num_workers": 1, "done": false, "timesteps_total": null, "episodes_total": null, "training_iteration": 9, "neg_mean_loss": -1.1741523414611816, "experiment_id": "dd421788021847e79987a82956fb4769", "date": "2019-05-30_15-22-04", "timestamp": 1559254924, "time_this_iter_s": 8.655056238174438, "time_total_s": 83.21617102622986, "pid": 21930, "hostname": "steropes", "node_ip": "169.229.49.254", "config": {"starting_lr": 0.005, "momentum": 0.997, "weight_decay": 0.001, "steps_per_iteration": null, "pin": false, "model_creator": null, "target_batch_size": 1024, "model_string": "resnet18", "min_batch_size": 512, "dataset": "CIFAR", "placement": null, "use_nccl": true, "devices_per_worker": 1, "primary_resource": "extra_gpu", "gpu": false, "verbose": false, "lr_config": {"mode": "log", "steps": 5, "initial_lr": 0.005, "target_lr": 0.005}, "batch_per_device": 1024}, "time_since_restore": 83.21617102622986, "timesteps_since_restore": 0, "iterations_since_restore": 9, "mean_throughput": 6676.288944908749, "atoms": 1}
{"apply": 0.008831095695495606, "batch_time": 0.1366037607192993, "d2h": 0.004976797103881836, "data_time": 0.04529610458685427, "fwd": 0.027368378639221192, "get_state_time_mean": NaN, "get_state_time_total": 0.0, "grad": 0.05595829486846924, "mean_accuracy": 0.5852000117301941, "mean_loss": 1.1390917282104491, "neg_mean_accuracy": -0.5852000117301941, "set_state_time_mean": NaN, "set_state_time_total": 0.0, "setup_model_time_mean": NaN, "setup_model_time_total": 0.0, "setup_proc_time_mean": NaN, "setup_proc_time_total": 0.0, "train_accuracy": 0.5826199650764465, "train_loss": 1.1513468488693237, "training_time_mean": NaN, "training_time_total": 0.0, "validation_time_mean": NaN, "validation_time_total": 0.0, "samples": 60000, "num_workers": 1, "done": false, "timesteps_total": null, "episodes_total": null, "training_iteration": 10, "neg_mean_loss": -1.1390917282104491, "experiment_id": "dd421788021847e79987a82956fb4769", "date": "2019-05-30_15-22-13", "timestamp": 1559254933, "time_this_iter_s": 8.757224798202515, "time_total_s": 91.97339582443237, "pid": 21930, "hostname": "steropes", "node_ip": "169.229.49.254", "config": {"starting_lr": 0.005, "momentum": 0.997, "weight_decay": 0.001, "steps_per_iteration": null, "pin": false, "model_creator": null, "target_batch_size": 1024, "model_string": "resnet18", "min_batch_size": 512, "dataset": "CIFAR", "placement": null, "use_nccl": true, "devices_per_worker": 1, "primary_resource": "extra_gpu", "gpu": false, "verbose": false, "lr_config": {"mode": "log", "steps": 5, "initial_lr": 0.005, "target_lr": 0.005}, "batch_per_device": 1024}, "time_since_restore": 91.97339582443237, "timesteps_since_restore": 0, "iterations_since_restore": 10, "mean_throughput": 6762.56142208025, "atoms": 1}
{"apply": 0.007779455184936524, "batch_time": 0.13085672855377198, "d2h": 0.004799151420593261, "data_time": 0.041942051478794644, "fwd": 0.02377429008483887, "get_state_time_mean": NaN, "get_state_time_total": 0.0, "grad": 0.056971287727355956, "mean_accuracy": 0.5992000102996826, "mean_loss": 1.114035124206543, "neg_mean_accuracy": -0.5992000102996826, "set_state_time_mean": NaN, "set_state_time_total": 0.0, "setup_model_time_mean": NaN, "setup_model_time_total": 0.0, "setup_proc_time_mean": NaN, "setup_proc_time_total": 0.0, "train_accuracy": 0.5959799885749817, "train_loss": 1.119862788772583, "training_time_mean": NaN, "training_time_total": 0.0, "validation_time_mean": NaN, "validation_time_total": 0.0, "samples": 60000, "num_workers": 1, "done": true, "timesteps_total": null, "episodes_total": null, "training_iteration": 11, "neg_mean_loss": -1.114035124206543, "experiment_id": "dd421788021847e79987a82956fb4769", "date": "2019-05-30_15-22-22", "timestamp": 1559254942, "time_this_iter_s": 8.72918176651001, "time_total_s": 100.70257759094238, "pid": 21930, "hostname": "steropes", "node_ip": "169.229.49.254", "config": {"starting_lr": 0.005, "momentum": 0.997, "weight_decay": 0.001, "steps_per_iteration": null, "pin": false, "model_creator": null, "target_batch_size": 1024, "model_string": "resnet18", "min_batch_size": 512, "dataset": "CIFAR", "placement": null, "use_nccl": true, "devices_per_worker": 1, "primary_resource": "extra_gpu", "gpu": false, "verbose": false, "lr_config": {"mode": "log", "steps": 5, "initial_lr": 0.005, "target_lr": 0.005}, "batch_per_device": 1024}, "time_since_restore": 100.70257759094238, "timesteps_since_restore": 0, "iterations_since_restore": 11, "mean_throughput": 6832.296602131193, "atoms": 1}
