{"apply": 0.018112683296203615, "batch_time": 0.0526270836214476, "d2h": 0.0006605863571166992, "data_time": 0.0018999100950977687, "fwd": 0.11650516986846923, "get_state_time_mean": NaN, "get_state_time_total": 0.0, "grad": 0.16435017585754394, "mean_accuracy": 0.10009999573230743, "mean_loss": 1203249840.64, "neg_mean_accuracy": -0.10009999573230743, "set_state_time_mean": NaN, "set_state_time_total": 0.0, "setup_model_time_mean": 8.239260911941528, "setup_model_time_total": 8.239260911941528, "setup_proc_time_mean": 0.1528913974761963, "setup_proc_time_total": 0.1528913974761963, "train_accuracy": 0.09985999763011932, "train_loss": 348693.7648900336, "training_time_mean": NaN, "training_time_total": 0.0, "val_accuracy": 0.10009999573230743, "val_loss": 1203249840.64, "validation_time_mean": NaN, "validation_time_total": 0.0, "samples": 60000, "num_workers": 1, "done": false, "timesteps_total": null, "episodes_total": null, "training_iteration": 1, "neg_mean_loss": -1203249840.64, "experiment_id": "87595eee13c548ce9a395b7fb969afcd", "date": "2019-06-06_02-18-15", "timestamp": 1559812695, "time_this_iter_s": 47.62823700904846, "time_total_s": 47.62823700904846, "pid": 13322, "hostname": "steropes", "node_ip": "169.229.49.254", "config": {"starting_lr": 0.5, "momentum": 0.997, "weight_decay": 0.0005, "steps_per_iteration": null, "pin": false, "model_creator": null, "target_batch_size": 128, "model_string": "resnet50", "min_batch_size": 128, "dataset": "CIFAR", "placement": null, "use_nccl": true, "devices_per_worker": 1, "primary_resource": "extra_gpu", "gpu": false, "verbose": false, "lr_config": {"mode": "log", "steps": 5, "initial_lr": 0.5, "target_lr": 0.5}, "batch_per_device": 128}, "time_since_restore": 47.62823700904846, "timesteps_since_restore": 0, "iterations_since_restore": 1, "mean_throughput": 1259.7545876179333, "atoms": 1, "setup_time": 8.80128788948059}
{"apply": 0.0181473970413208, "batch_time": 0.032562095907670036, "d2h": 0.0006488561630249023, "data_time": 0.0018176398313868687, "fwd": 0.028456568717956543, "get_state_time_mean": NaN, "get_state_time_total": 0.0, "grad": 0.04929664134979248, "mean_accuracy": 0.10004999488592148, "mean_loss": 155335375569.152, "neg_mean_accuracy": -0.09999999403953552, "set_state_time_mean": NaN, "set_state_time_total": 0.0, "setup_model_time_mean": NaN, "setup_model_time_total": 0.0, "setup_proc_time_mean": NaN, "setup_proc_time_total": 0.0, "train_accuracy": 0.10621999949216843, "train_loss": 10685711228.74984, "training_time_mean": NaN, "training_time_total": 0.0, "val_accuracy": 0.09999999403953552, "val_loss": 309467501297.664, "validation_time_mean": NaN, "validation_time_total": 0.0, "samples": 60000, "num_workers": 1, "done": false, "timesteps_total": null, "episodes_total": null, "training_iteration": 2, "neg_mean_loss": -155335375569.152, "experiment_id": "87595eee13c548ce9a395b7fb969afcd", "date": "2019-06-06_02-18-56", "timestamp": 1559812736, "time_this_iter_s": 41.54881167411804, "time_total_s": 89.1770486831665, "pid": 13322, "hostname": "steropes", "node_ip": "169.229.49.254", "config": {"starting_lr": 0.5, "momentum": 0.997, "weight_decay": 0.0005, "steps_per_iteration": null, "pin": false, "model_creator": null, "target_batch_size": 128, "model_string": "resnet50", "min_batch_size": 128, "dataset": "CIFAR", "placement": null, "use_nccl": true, "devices_per_worker": 1, "primary_resource": "extra_gpu", "gpu": false, "verbose": false, "lr_config": {"mode": "log", "steps": 5, "initial_lr": 0.5, "target_lr": 0.5}, "batch_per_device": 128}, "time_since_restore": 89.1770486831665, "timesteps_since_restore": 0, "iterations_since_restore": 2, "mean_throughput": 1345.635200039688, "atoms": 1, "setup_time": 8.80128788948059}
{"apply": 0.01834890842437744, "batch_time": 0.03248682806763468, "d2h": 0.0006700515747070313, "data_time": 0.0017686878018976782, "fwd": 0.028691411018371582, "get_state_time_mean": NaN, "get_state_time_total": 0.0, "grad": 0.0489901065826416, "mean_accuracy": 0.06673332992310559, "mean_loss": NaN, "neg_mean_accuracy": -9.999999747378752e-05, "set_state_time_mean": NaN, "set_state_time_total": 0.0, "setup_model_time_mean": NaN, "setup_model_time_total": 0.0, "setup_proc_time_mean": NaN, "setup_proc_time_total": 0.0, "train_accuracy": 0.061799999326467514, "train_loss": NaN, "training_time_mean": NaN, "training_time_total": 0.0, "val_accuracy": 9.999999747378752e-05, "val_loss": NaN, "validation_time_mean": NaN, "validation_time_total": 0.0, "samples": 60000, "num_workers": 1, "done": true, "timesteps_total": null, "episodes_total": null, "training_iteration": 3, "neg_mean_loss": NaN, "experiment_id": "87595eee13c548ce9a395b7fb969afcd", "date": "2019-06-06_02-19-38", "timestamp": 1559812778, "time_this_iter_s": 41.62827014923096, "time_total_s": 130.80531883239746, "pid": 13322, "hostname": "steropes", "node_ip": "169.229.49.254", "config": {"starting_lr": 0.5, "momentum": 0.997, "weight_decay": 0.0005, "steps_per_iteration": null, "pin": false, "model_creator": null, "target_batch_size": 128, "model_string": "resnet50", "min_batch_size": 128, "dataset": "CIFAR", "placement": null, "use_nccl": true, "devices_per_worker": 1, "primary_resource": "extra_gpu", "gpu": false, "verbose": false, "lr_config": {"mode": "log", "steps": 5, "initial_lr": 0.5, "target_lr": 0.5}, "batch_per_device": 128}, "time_since_restore": 130.80531883239746, "timesteps_since_restore": 0, "iterations_since_restore": 3, "mean_throughput": 1376.0866556942894, "atoms": 1, "setup_time": 8.80128788948059}
