apply,batch_time,d2h,data_time,fwd,get_state_time_mean,get_state_time_total,grad,mean_accuracy,mean_loss,neg_mean_accuracy,set_state_time_mean,set_state_time_total,setup_model_time_mean,setup_model_time_total,setup_proc_time_mean,setup_proc_time_total,train_accuracy,train_loss,training_time_mean,training_time_total,val_accuracy,val_loss,validation_time_mean,validation_time_total,samples,num_workers,done,timesteps_total,episodes_total,training_iteration,neg_mean_loss,experiment_id,date,timestamp,time_this_iter_s,time_total_s,pid,hostname,node_ip,config,time_since_restore,timesteps_since_restore,iterations_since_restore,mean_throughput,atoms,setup_time
0.02027914524078369,0.04626055005230481,0.000710749626159668,0.0018756542059466662,0.20779795646667482,nan,0.0,0.16109933853149414,0.22819998860359192,14.172524179077149,-0.22819998860359192,nan,0.0,9.554341554641724,9.554341554641724,0.24400067329406738,0.24400067329406738,0.17673999071121216,4.023128949737549,nan,0.0,0.22819998860359192,14.172524179077149,nan,0.0,60000,1,False,,,1,-14.172524179077149,160bc53f8c9645d1b282cf68a3996b1e,2019-06-03_03-42-09,1559558529,47.423619985580444,47.423619985580444,21577,steropes,169.229.49.254,"{'starting_lr': 0.005, 'momentum': 0.99, 'weight_decay': 0.0005, 'steps_per_iteration': None, 'pin': False, 'model_creator': None, 'target_batch_size': 128, 'model_string': 'resnet50', 'min_batch_size': 128, 'dataset': 'CIFAR', 'placement': None, 'use_nccl': True, 'devices_per_worker': 1, 'primary_resource': 'extra_gpu', 'gpu': False, 'verbose': False, 'lr_config': {'mode': 'log', 'steps': 5, 'initial_lr': 0.005, 'target_lr': 0.005}, 'batch_per_device': 128}",47.423619985580444,0,1,1265.190136316468,1,9.896057367324829
0.01730380058288574,0.03295736976816684,0.0006732702255249024,0.0018104159313699474,0.027381587028503417,nan,0.0,0.048326754570007326,0.25794999301433563,10.493248990631104,-0.28769999742507935,nan,0.0,nan,0.0,nan,0.0,0.24743999540805817,3.1062691007995604,nan,0.0,0.28769999742507935,6.813973802185059,nan,0.0,60000,1,False,,,2,-10.493248990631104,160bc53f8c9645d1b282cf68a3996b1e,2019-06-03_03-42-49,1559558569,40.354424238204956,87.7780442237854,21577,steropes,169.229.49.254,"{'starting_lr': 0.005, 'momentum': 0.99, 'weight_decay': 0.0005, 'steps_per_iteration': None, 'pin': False, 'model_creator': None, 'target_batch_size': 128, 'model_string': 'resnet50', 'min_batch_size': 128, 'dataset': 'CIFAR', 'placement': None, 'use_nccl': True, 'devices_per_worker': 1, 'primary_resource': 'extra_gpu', 'gpu': False, 'verbose': False, 'lr_config': {'mode': 'log', 'steps': 5, 'initial_lr': 0.005, 'target_lr': 0.005}, 'batch_per_device': 128}",87.7780442237854,0,2,1367.081970017248,1,9.896057367324829
0.017512965202331542,0.032559162453760074,0.0007066488265991211,0.0018630796076391663,0.028031110763549805,nan,0.0,0.04750170707702637,0.2895333270231883,7.880403189531962,-0.35269999504089355,nan,0.0,nan,0.0,nan,0.0,0.3068599998950958,2.1118200814437866,nan,0.0,0.35269999504089355,2.6547115873336793,nan,0.0,60000,1,False,,,3,-7.880403189531962,160bc53f8c9645d1b282cf68a3996b1e,2019-06-03_03-43-30,1559558610,40.27261447906494,128.05065870285034,21577,steropes,169.229.49.254,"{'starting_lr': 0.005, 'momentum': 0.99, 'weight_decay': 0.0005, 'steps_per_iteration': None, 'pin': False, 'model_creator': None, 'target_batch_size': 128, 'model_string': 'resnet50', 'min_batch_size': 128, 'dataset': 'CIFAR', 'placement': None, 'use_nccl': True, 'devices_per_worker': 1, 'primary_resource': 'extra_gpu', 'gpu': False, 'verbose': False, 'lr_config': {'mode': 'log', 'steps': 5, 'initial_lr': 0.005, 'target_lr': 0.005}, 'batch_per_device': 128}",128.05065870285034,0,3,1405.6901311221575,1,9.896057367324829
0.017218947410583496,0.035434366781500325,0.0006875276565551757,0.001860304561722309,0.02825169563293457,nan,0.0,0.04698405265808105,0.31732499599456787,6.439477320814133,-0.40070000290870667,nan,0.0,nan,0.0,nan,0.0,0.3560599982738495,1.8559738628387452,nan,0.0,0.40070000290870667,2.1166997146606445,nan,0.0,60000,1,False,,,4,-6.439477320814133,160bc53f8c9645d1b282cf68a3996b1e,2019-06-03_03-44-10,1559558650,40.650395154953,168.70105385780334,21577,steropes,169.229.49.254,"{'starting_lr': 0.005, 'momentum': 0.99, 'weight_decay': 0.0005, 'steps_per_iteration': None, 'pin': False, 'model_creator': None, 'target_batch_size': 128, 'model_string': 'resnet50', 'min_batch_size': 128, 'dataset': 'CIFAR', 'placement': None, 'use_nccl': True, 'devices_per_worker': 1, 'primary_resource': 'extra_gpu', 'gpu': False, 'verbose': False, 'lr_config': {'mode': 'log', 'steps': 5, 'initial_lr': 0.005, 'target_lr': 0.005}, 'batch_per_device': 128}",168.70105385780334,0,4,1422.6314593500908,1,9.896057367324829
0.016932415962219238,0.03150076202199429,0.0007267475128173828,0.0018221252714581502,0.027294397354125977,nan,0.0,0.04733850955963135,0.34037999510765077,5.477295395851135,-0.4325999915599823,nan,0.0,nan,0.0,nan,0.0,0.3847000002861023,1.7269845149993897,nan,0.0,0.4325999915599823,1.6285676959991455,nan,0.0,60000,1,False,,,5,-5.477295395851135,160bc53f8c9645d1b282cf68a3996b1e,2019-06-03_03-44-50,1559558690,40.20007514953613,208.90112900733948,21577,steropes,169.229.49.254,"{'starting_lr': 0.005, 'momentum': 0.99, 'weight_decay': 0.0005, 'steps_per_iteration': None, 'pin': False, 'model_creator': None, 'target_batch_size': 128, 'model_string': 'resnet50', 'min_batch_size': 128, 'dataset': 'CIFAR', 'placement': None, 'use_nccl': True, 'devices_per_worker': 1, 'primary_resource': 'extra_gpu', 'gpu': False, 'verbose': False, 'lr_config': {'mode': 'log', 'steps': 5, 'initial_lr': 0.005, 'target_lr': 0.005}, 'batch_per_device': 128}",208.90112900733948,0,5,1436.0826461059737,1,9.896057367324829
0.018970608711242676,0.03183188619492929,0.0006957769393920899,0.001844876867426021,0.02889566421508789,nan,0.0,0.04765663146972656,0.3830199956893921,2.9581918168640136,-0.4413999915122986,nan,0.0,nan,0.0,nan,0.0,0.4095799922943115,1.6236366538238525,nan,0.0,0.4413999915122986,1.5770062841415404,nan,0.0,60000,1,False,,,6,-2.9581918168640136,160bc53f8c9645d1b282cf68a3996b1e,2019-06-03_03-45-31,1559558731,40.47107672691345,249.37220573425293,21577,steropes,169.229.49.254,"{'starting_lr': 0.005, 'momentum': 0.99, 'weight_decay': 0.0005, 'steps_per_iteration': None, 'pin': False, 'model_creator': None, 'target_batch_size': 128, 'model_string': 'resnet50', 'min_batch_size': 128, 'dataset': 'CIFAR', 'placement': None, 'use_nccl': True, 'devices_per_worker': 1, 'primary_resource': 'extra_gpu', 'gpu': False, 'verbose': False, 'lr_config': {'mode': 'log', 'steps': 5, 'initial_lr': 0.005, 'target_lr': 0.005}, 'batch_per_device': 128}",249.37220573425293,0,6,1485.5229633339509,1,9.896057367324829
0.0171278715133667,0.03183202502093738,0.0007070779800415039,0.0018753011513244161,0.028269290924072266,nan,0.0,0.04807503223419189,0.4190399944782257,1.884883788833618,-0.46779999136924744,nan,0.0,nan,0.0,nan,0.0,0.435479998588562,1.5418720030975341,nan,0.0,0.46779999136924744,1.447433662033081,nan,0.0,60000,1,False,,,7,-1.884883788833618,160bc53f8c9645d1b282cf68a3996b1e,2019-06-03_03-46-11,1559558771,40.384682416915894,289.7568881511688,21577,steropes,169.229.49.254,"{'starting_lr': 0.005, 'momentum': 0.99, 'weight_decay': 0.0005, 'steps_per_iteration': None, 'pin': False, 'model_creator': None, 'target_batch_size': 128, 'model_string': 'resnet50', 'min_batch_size': 128, 'dataset': 'CIFAR', 'placement': None, 'use_nccl': True, 'devices_per_worker': 1, 'primary_resource': 'extra_gpu', 'gpu': False, 'verbose': False, 'lr_config': {'mode': 'log', 'steps': 5, 'initial_lr': 0.005, 'target_lr': 0.005}, 'batch_per_device': 128}",289.7568881511688,0,7,1485.3004004003863,1,9.896057367324829
0.017820286750793456,0.03208456763738318,0.0007076740264892578,0.0018413365649445283,0.028150010108947753,nan,0.0,0.047350287437438965,0.44705999493598936,1.6471756438064573,-0.4927999973297119,nan,0.0,nan,0.0,nan,0.0,0.46140000224113464,1.4839360050201416,nan,0.0,0.4927999973297119,1.466170862197876,nan,0.0,60000,1,False,,,8,-1.6471756438064573,160bc53f8c9645d1b282cf68a3996b1e,2019-06-03_03-46-52,1559558812,40.4346182346344,330.1915063858032,21577,steropes,169.229.49.254,"{'starting_lr': 0.005, 'momentum': 0.99, 'weight_decay': 0.0005, 'steps_per_iteration': None, 'pin': False, 'model_creator': None, 'target_batch_size': 128, 'model_string': 'resnet50', 'min_batch_size': 128, 'dataset': 'CIFAR', 'placement': None, 'use_nccl': True, 'devices_per_worker': 1, 'primary_resource': 'extra_gpu', 'gpu': False, 'verbose': False, 'lr_config': {'mode': 'log', 'steps': 5, 'initial_lr': 0.005, 'target_lr': 0.005}, 'batch_per_device': 128}",330.1915063858032,0,8,1484.110643891408,1,9.896057367324829
0.017753744125366212,0.031325617923012264,0.000729060173034668,0.0018693156864332116,0.027896976470947264,nan,0.0,0.04761149883270264,0.46667999029159546,1.5260823809432984,-0.49879997968673706,nan,0.0,nan,0.0,nan,0.0,0.47575998306274414,1.435697890701294,nan,0.0,0.49879997968673706,1.5112334003448487,nan,0.0,60000,1,False,,,9,-1.5260823809432984,160bc53f8c9645d1b282cf68a3996b1e,2019-06-03_03-47-32,1559558852,40.62946009635925,370.8209664821625,21577,steropes,169.229.49.254,"{'starting_lr': 0.005, 'momentum': 0.99, 'weight_decay': 0.0005, 'steps_per_iteration': None, 'pin': False, 'model_creator': None, 'target_batch_size': 128, 'model_string': 'resnet50', 'min_batch_size': 128, 'dataset': 'CIFAR', 'placement': None, 'use_nccl': True, 'devices_per_worker': 1, 'primary_resource': 'extra_gpu', 'gpu': False, 'verbose': False, 'lr_config': {'mode': 'log', 'steps': 5, 'initial_lr': 0.005, 'target_lr': 0.005}, 'batch_per_device': 128}",370.8209664821625,0,9,1484.264397189024,1,9.896057367324829
0.017594742774963378,0.03168416325050064,0.0007089853286743164,0.0018467232394401374,0.027702903747558592,nan,0.0,0.04705526828765869,0.48429998755455017,1.4699946676254272,-0.5206999778747559,nan,0.0,nan,0.0,nan,0.0,0.49135997891426086,1.3901751884078979,nan,0.0,0.5206999778747559,1.3481291294097901,nan,0.0,60000,1,False,,,10,-1.4699946676254272,160bc53f8c9645d1b282cf68a3996b1e,2019-06-03_03-48-13,1559558893,40.424009561538696,411.2449760437012,21577,steropes,169.229.49.254,"{'starting_lr': 0.005, 'momentum': 0.99, 'weight_decay': 0.0005, 'steps_per_iteration': None, 'pin': False, 'model_creator': None, 'target_batch_size': 128, 'model_string': 'resnet50', 'min_batch_size': 128, 'dataset': 'CIFAR', 'placement': None, 'use_nccl': True, 'devices_per_worker': 1, 'primary_resource': 'extra_gpu', 'gpu': False, 'verbose': False, 'lr_config': {'mode': 'log', 'steps': 5, 'initial_lr': 0.005, 'target_lr': 0.005}, 'batch_per_device': 128}",411.2449760437012,0,10,1482.621808787856,1,9.896057367324829
0.017774033546447753,0.03200700916821444,0.0007283210754394532,0.0018560014417409287,0.027940702438354493,nan,0.0,0.046916627883911134,0.504179984331131,1.4256808815002442,-0.5407999753952026,nan,0.0,nan,0.0,nan,0.0,0.5158399939537048,1.3348369483566285,nan,0.0,0.5407999753952026,1.355437353515625,nan,0.0,60000,1,False,,,11,-1.4256808815002442,160bc53f8c9645d1b282cf68a3996b1e,2019-06-03_03-48-53,1559558933,40.442081689834595,451.68705773353577,21577,steropes,169.229.49.254,"{'starting_lr': 0.005, 'momentum': 0.99, 'weight_decay': 0.0005, 'steps_per_iteration': None, 'pin': False, 'model_creator': None, 'target_batch_size': 128, 'model_string': 'resnet50', 'min_batch_size': 128, 'dataset': 'CIFAR', 'placement': None, 'use_nccl': True, 'devices_per_worker': 1, 'primary_resource': 'extra_gpu', 'gpu': False, 'verbose': False, 'lr_config': {'mode': 'log', 'steps': 5, 'initial_lr': 0.005, 'target_lr': 0.005}, 'batch_per_device': 128}",451.68705773353577,0,11,1482.8342731674884,1,9.896057367324829
0.017175459861755372,0.03251963929284977,0.0007423162460327148,0.0018470025123537655,0.02794022560119629,nan,0.0,0.04740076065063477,0.5205399870872498,1.3896525606536865,-0.5496000051498413,nan,0.0,nan,0.0,nan,0.0,0.5377799868583679,1.2834876847076415,nan,0.0,0.5496000051498413,1.2672920578002929,nan,0.0,60000,1,False,,,12,-1.3896525606536865,160bc53f8c9645d1b282cf68a3996b1e,2019-06-03_03-49-34,1559558974,40.31740641593933,492.0044641494751,21577,steropes,169.229.49.254,"{'starting_lr': 0.005, 'momentum': 0.99, 'weight_decay': 0.0005, 'steps_per_iteration': None, 'pin': False, 'model_creator': None, 'target_batch_size': 128, 'model_string': 'resnet50', 'min_batch_size': 128, 'dataset': 'CIFAR', 'placement': None, 'use_nccl': True, 'devices_per_worker': 1, 'primary_resource': 'extra_gpu', 'gpu': False, 'verbose': False, 'lr_config': {'mode': 'log', 'steps': 5, 'initial_lr': 0.005, 'target_lr': 0.005}, 'batch_per_device': 128}",492.0044641494751,0,12,1483.327533603536,1,9.896057367324829
0.01815192699432373,0.03246090683755996,0.0007210254669189453,0.0018546483705720632,0.028249216079711915,nan,0.0,0.04737181663513183,0.5403999805450439,1.329150031890869,-0.5920999646186829,nan,0.0,nan,0.0,nan,0.0,0.5527999997138977,1.2416682958602905,nan,0.0,0.5920999646186829,1.1636582183837891,nan,0.0,60000,1,False,,,13,-1.329150031890869,160bc53f8c9645d1b282cf68a3996b1e,2019-06-03_03-50-14,1559559014,40.606351375579834,532.6108155250549,21577,steropes,169.229.49.254,"{'starting_lr': 0.005, 'momentum': 0.99, 'weight_decay': 0.0005, 'steps_per_iteration': None, 'pin': False, 'model_creator': None, 'target_batch_size': 128, 'model_string': 'resnet50', 'min_batch_size': 128, 'dataset': 'CIFAR', 'placement': None, 'use_nccl': True, 'devices_per_worker': 1, 'primary_resource': 'extra_gpu', 'gpu': False, 'verbose': False, 'lr_config': {'mode': 'log', 'steps': 5, 'initial_lr': 0.005, 'target_lr': 0.005}, 'batch_per_device': 128}",532.6108155250549,0,13,1482.0690138136629,1,9.896057367324829
0.01770491600036621,0.031888973863818976,0.0007426977157592773,0.0018855970533912445,0.02789289951324463,nan,0.0,0.048159432411193845,0.5587199807167054,1.2780178169059753,-0.590399980545044,nan,0.0,nan,0.0,nan,0.0,0.5759599804878235,1.179793532447815,nan,0.0,0.590399980545044,1.2555723254203797,nan,0.0,60000,1,False,,,14,-1.2780178169059753,160bc53f8c9645d1b282cf68a3996b1e,2019-06-03_03-50-55,1559559055,40.509517669677734,573.1203331947327,21577,steropes,169.229.49.254,"{'starting_lr': 0.005, 'momentum': 0.99, 'weight_decay': 0.0005, 'steps_per_iteration': None, 'pin': False, 'model_creator': None, 'target_batch_size': 128, 'model_string': 'resnet50', 'min_batch_size': 128, 'dataset': 'CIFAR', 'placement': None, 'use_nccl': True, 'devices_per_worker': 1, 'primary_resource': 'extra_gpu', 'gpu': False, 'verbose': False, 'lr_config': {'mode': 'log', 'steps': 5, 'initial_lr': 0.005, 'target_lr': 0.005}, 'batch_per_device': 128}",573.1203331947327,0,14,1482.9471983122469,1,9.896057367324829
0.016841554641723634,0.03221351285524006,0.000727391242980957,0.0018871214688586458,0.027294850349426268,nan,0.0,0.04731531143188476,0.5777399778366089,1.2299866266822814,-0.6157999634742737,nan,0.0,nan,0.0,nan,0.0,0.5966799855232239,1.1265536902618407,nan,0.0,0.6157999634742737,1.1079731782913207,nan,0.0,60000,1,False,,,15,-1.2299866266822814,160bc53f8c9645d1b282cf68a3996b1e,2019-06-03_03-51-35,1559559095,40.49031901359558,613.6106522083282,21577,steropes,169.229.49.254,"{'starting_lr': 0.005, 'momentum': 0.99, 'weight_decay': 0.0005, 'steps_per_iteration': None, 'pin': False, 'model_creator': None, 'target_batch_size': 128, 'model_string': 'resnet50', 'min_batch_size': 128, 'dataset': 'CIFAR', 'placement': None, 'use_nccl': True, 'devices_per_worker': 1, 'primary_resource': 'extra_gpu', 'gpu': False, 'verbose': False, 'lr_config': {'mode': 'log', 'steps': 5, 'initial_lr': 0.005, 'target_lr': 0.005}, 'batch_per_device': 128}",613.6106522083282,0,15,1482.4613237032029,1,9.896057367324829
0.017781972885131836,0.0320757763295234,0.0007429361343383789,0.0018456409044582825,0.027906513214111327,nan,0.0,0.047133350372314455,0.5945199847221374,1.1778888266944885,-0.6247000098228455,nan,0.0,nan,0.0,nan,0.0,0.6145600080490112,1.081426944770813,nan,0.0,0.6247000098228455,1.0949483535766602,nan,0.0,60000,1,False,,,16,-1.1778888266944885,160bc53f8c9645d1b282cf68a3996b1e,2019-06-03_03-52-15,1559559135,40.298362255096436,653.9090144634247,21577,steropes,169.229.49.254,"{'starting_lr': 0.005, 'momentum': 0.99, 'weight_decay': 0.0005, 'steps_per_iteration': None, 'pin': False, 'model_creator': None, 'target_batch_size': 128, 'model_string': 'resnet50', 'min_batch_size': 128, 'dataset': 'CIFAR', 'placement': None, 'use_nccl': True, 'devices_per_worker': 1, 'primary_resource': 'extra_gpu', 'gpu': False, 'verbose': False, 'lr_config': {'mode': 'log', 'steps': 5, 'initial_lr': 0.005, 'target_lr': 0.005}, 'batch_per_device': 128}",653.9090144634247,0,16,1483.5149593133422,1,9.896057367324829
0.017948055267333986,0.03154210501079318,0.0007188796997070312,0.00188659097227599,0.028019642829895018,nan,0.0,0.04700920581817627,0.6171799778938294,1.1236851783943176,-0.6628999710083008,nan,0.0,nan,0.0,nan,0.0,0.6301199793815613,1.0507967491149903,nan,0.0,0.6628999710083008,0.9962738162994385,nan,0.0,60000,1,False,,,17,-1.1236851783943176,160bc53f8c9645d1b282cf68a3996b1e,2019-06-03_03-52-56,1559559176,40.63017177581787,694.5391862392426,21577,steropes,169.229.49.254,"{'starting_lr': 0.005, 'momentum': 0.99, 'weight_decay': 0.0005, 'steps_per_iteration': None, 'pin': False, 'model_creator': None, 'target_batch_size': 128, 'model_string': 'resnet50', 'min_batch_size': 128, 'dataset': 'CIFAR', 'placement': None, 'use_nccl': True, 'devices_per_worker': 1, 'primary_resource': 'extra_gpu', 'gpu': False, 'verbose': False, 'lr_config': {'mode': 'log', 'steps': 5, 'initial_lr': 0.005, 'target_lr': 0.005}, 'batch_per_device': 128}",694.5391862392426,0,17,1481.2239966736724,1,9.896057367324829
0.01837005615234375,0.032334348823450786,0.0007461309432983398,0.0018611960398876453,0.028307795524597168,nan,0.0,0.047509384155273435,0.6304799795150757,1.0917688945960997,-0.6585999727249146,nan,0.0,nan,0.0,nan,0.0,0.6526600122451782,0.9877805435371398,nan,0.0,0.6585999727249146,1.0040767993927002,nan,0.0,60000,1,False,,,18,-1.0917688945960997,160bc53f8c9645d1b282cf68a3996b1e,2019-06-03_03-53-37,1559559217,40.554081201553345,735.0932674407959,21577,steropes,169.229.49.254,"{'starting_lr': 0.005, 'momentum': 0.99, 'weight_decay': 0.0005, 'steps_per_iteration': None, 'pin': False, 'model_creator': None, 'target_batch_size': 128, 'model_string': 'resnet50', 'min_batch_size': 128, 'dataset': 'CIFAR', 'placement': None, 'use_nccl': True, 'devices_per_worker': 1, 'primary_resource': 'extra_gpu', 'gpu': False, 'verbose': False, 'lr_config': {'mode': 'log', 'steps': 5, 'initial_lr': 0.005, 'target_lr': 0.005}, 'batch_per_device': 128}",735.0932674407959,0,18,1481.6064089605356,1,9.896057367324829
0.01797909736633301,0.03162847893147529,0.0007399797439575195,0.0018404200863655267,0.028725337982177735,nan,0.0,0.04736711978912354,0.6447399854660034,1.0428940682601928,-0.6617000102996826,nan,0.0,nan,0.0,nan,0.0,0.6586399674415588,0.9681485414886475,nan,0.0,0.6617000102996826,1.0111981937408447,nan,0.0,60000,1,False,,,19,-1.0428940682601928,160bc53f8c9645d1b282cf68a3996b1e,2019-06-03_03-54-17,1559559257,40.40343403816223,775.4967014789581,21577,steropes,169.229.49.254,"{'starting_lr': 0.005, 'momentum': 0.99, 'weight_decay': 0.0005, 'steps_per_iteration': None, 'pin': False, 'model_creator': None, 'target_batch_size': 128, 'model_string': 'resnet50', 'min_batch_size': 128, 'dataset': 'CIFAR', 'placement': None, 'use_nccl': True, 'devices_per_worker': 1, 'primary_resource': 'extra_gpu', 'gpu': False, 'verbose': False, 'lr_config': {'mode': 'log', 'steps': 5, 'initial_lr': 0.005, 'target_lr': 0.005}, 'batch_per_device': 128}",775.4967014789581,0,19,1482.383041404326,1,9.896057367324829
0.019109201431274415,0.03171083293383634,0.0007626056671142578,0.0018549989861295657,0.028944969177246094,nan,0.0,0.04781675338745117,0.6596799850463867,1.016580404548645,-0.6904999613761902,nan,0.0,nan,0.0,nan,0.0,0.6706799864768982,0.9389846127319336,nan,0.0,0.6904999613761902,0.9764048597335816,nan,0.0,60000,1,False,,,20,-1.016580404548645,160bc53f8c9645d1b282cf68a3996b1e,2019-06-03_03-54-58,1559559298,40.47016191482544,815.9668633937836,21577,steropes,169.229.49.254,"{'starting_lr': 0.005, 'momentum': 0.99, 'weight_decay': 0.0005, 'steps_per_iteration': None, 'pin': False, 'model_creator': None, 'target_batch_size': 128, 'model_string': 'resnet50', 'min_batch_size': 128, 'dataset': 'CIFAR', 'placement': None, 'use_nccl': True, 'devices_per_worker': 1, 'primary_resource': 'extra_gpu', 'gpu': False, 'verbose': False, 'lr_config': {'mode': 'log', 'steps': 5, 'initial_lr': 0.005, 'target_lr': 0.005}, 'batch_per_device': 128}",815.9668633937836,0,20,1482.5307268453507,1,9.896057367324829
0.017223834991455078,0.03205989584138122,0.0007095813751220703,0.0018272948691912014,0.027895474433898927,nan,0.0,0.04822196960449219,0.6749399781227112,0.9740197666931152,-0.7009999752044678,nan,0.0,nan,0.0,nan,0.0,0.6852399706840515,0.8998484332466126,nan,0.0,0.7009999752044678,0.8821451642990112,nan,0.0,60000,1,False,,,21,-0.9740197666931152,160bc53f8c9645d1b282cf68a3996b1e,2019-06-03_03-55-38,1559559338,40.409366607666016,856.3762300014496,21577,steropes,169.229.49.254,"{'starting_lr': 0.005, 'momentum': 0.99, 'weight_decay': 0.0005, 'steps_per_iteration': None, 'pin': False, 'model_creator': None, 'target_batch_size': 128, 'model_string': 'resnet50', 'min_batch_size': 128, 'dataset': 'CIFAR', 'placement': None, 'use_nccl': True, 'devices_per_worker': 1, 'primary_resource': 'extra_gpu', 'gpu': False, 'verbose': False, 'lr_config': {'mode': 'log', 'steps': 5, 'initial_lr': 0.005, 'target_lr': 0.005}, 'batch_per_device': 128}",856.3762300014496,0,21,1481.7179257867997,1,9.896057367324829
0.017707133293151857,0.031822630121738096,0.000722503662109375,0.0018493677953929852,0.028316211700439454,nan,0.0,0.04762632846832275,0.6817799806594849,0.9531091946220398,-0.6970999836921692,nan,0.0,nan,0.0,nan,0.0,0.6986199617385864,0.8627770024490357,nan,0.0,0.6970999836921692,0.8917209559440613,nan,0.0,60000,1,False,,,22,-0.9531091946220398,160bc53f8c9645d1b282cf68a3996b1e,2019-06-03_03-56-18,1559559378,40.372864723205566,896.7490947246552,21577,steropes,169.229.49.254,"{'starting_lr': 0.005, 'momentum': 0.99, 'weight_decay': 0.0005, 'steps_per_iteration': None, 'pin': False, 'model_creator': None, 'target_batch_size': 128, 'model_string': 'resnet50', 'min_batch_size': 128, 'dataset': 'CIFAR', 'placement': None, 'use_nccl': True, 'devices_per_worker': 1, 'primary_resource': 'extra_gpu', 'gpu': False, 'verbose': False, 'lr_config': {'mode': 'log', 'steps': 5, 'initial_lr': 0.005, 'target_lr': 0.005}, 'batch_per_device': 128}",896.7490947246552,0,22,1483.6034316351695,1,9.896057367324829
0.01694653034210205,0.0321666077722477,0.0007162094116210938,0.0018219807568718405,0.02719876766204834,nan,0.0,0.0471933126449585,0.692799985408783,0.9208686679649354,-0.713699996471405,nan,0.0,nan,0.0,nan,0.0,0.7028200030326843,0.8509962504196167,nan,0.0,0.713699996471405,0.8428741661071777,nan,0.0,60000,1,False,,,23,-0.9208686679649354,160bc53f8c9645d1b282cf68a3996b1e,2019-06-03_03-56-59,1559559419,40.50279951095581,937.251894235611,21577,steropes,169.229.49.254,"{'starting_lr': 0.005, 'momentum': 0.99, 'weight_decay': 0.0005, 'steps_per_iteration': None, 'pin': False, 'model_creator': None, 'target_batch_size': 128, 'model_string': 'resnet50', 'min_batch_size': 128, 'dataset': 'CIFAR', 'placement': None, 'use_nccl': True, 'devices_per_worker': 1, 'primary_resource': 'extra_gpu', 'gpu': False, 'verbose': False, 'lr_config': {'mode': 'log', 'steps': 5, 'initial_lr': 0.005, 'target_lr': 0.005}, 'batch_per_device': 128}",937.251894235611,0,23,1483.9797860278184,1,9.896057367324829
0.017815446853637694,0.03284845774686789,0.0007564067840576172,0.0018266558342272669,0.029033827781677245,nan,0.0,0.047081804275512694,0.7023799777030945,0.8892603483200073,-0.7095999717712402,nan,0.0,nan,0.0,nan,0.0,0.7102999687194824,0.8412312907791137,nan,0.0,0.7095999717712402,0.8531565955162048,nan,0.0,60000,1,False,,,24,-0.8892603483200073,160bc53f8c9645d1b282cf68a3996b1e,2019-06-03_03-57-39,1559559459,40.38763403892517,977.6395282745361,21577,steropes,169.229.49.254,"{'starting_lr': 0.005, 'momentum': 0.99, 'weight_decay': 0.0005, 'steps_per_iteration': None, 'pin': False, 'model_creator': None, 'target_batch_size': 128, 'model_string': 'resnet50', 'min_batch_size': 128, 'dataset': 'CIFAR', 'placement': None, 'use_nccl': True, 'devices_per_worker': 1, 'primary_resource': 'extra_gpu', 'gpu': False, 'verbose': False, 'lr_config': {'mode': 'log', 'steps': 5, 'initial_lr': 0.005, 'target_lr': 0.005}, 'batch_per_device': 128}",977.6395282745361,0,24,1484.0962605271775,1,9.896057367324829
0.016776394844055176,0.03154453144797796,0.0007095813751220703,0.0018362956278769257,0.027165937423706054,nan,0.0,0.04702866077423096,0.7128799796104431,0.8438763263511657,-0.7429999709129333,nan,0.0,nan,0.0,nan,0.0,0.7200799584388733,0.810690613040924,nan,0.0,0.7429999709129333,0.7494847498893737,nan,0.0,60000,1,False,,,25,-0.8438763263511657,160bc53f8c9645d1b282cf68a3996b1e,2019-06-03_03-58-20,1559559500,40.359742403030396,1017.9992706775665,21577,steropes,169.229.49.254,"{'starting_lr': 0.005, 'momentum': 0.99, 'weight_decay': 0.0005, 'steps_per_iteration': None, 'pin': False, 'model_creator': None, 'target_batch_size': 128, 'model_string': 'resnet50', 'min_batch_size': 128, 'dataset': 'CIFAR', 'placement': None, 'use_nccl': True, 'devices_per_worker': 1, 'primary_resource': 'extra_gpu', 'gpu': False, 'verbose': False, 'lr_config': {'mode': 'log', 'steps': 5, 'initial_lr': 0.005, 'target_lr': 0.005}, 'batch_per_device': 128}",1017.9992706775665,0,25,1484.9068757736052,1,9.896057367324829
0.01730787754058838,0.03515615342538568,0.0008103370666503907,0.0018072213663164612,0.02816617488861084,nan,0.0,0.04642326831817627,0.7176399827003479,0.8272700329208373,-0.7247999906539917,nan,0.0,nan,0.0,nan,0.0,0.7269200086593628,0.7905171471405029,nan,0.0,0.7247999906539917,0.7991136971473694,nan,0.0,60000,1,False,,,26,-0.8272700329208373,160bc53f8c9645d1b282cf68a3996b1e,2019-06-03_03-59-00,1559559540,40.687174797058105,1058.6864454746246,21577,steropes,169.229.49.254,"{'starting_lr': 0.005, 'momentum': 0.99, 'weight_decay': 0.0005, 'steps_per_iteration': None, 'pin': False, 'model_creator': None, 'target_batch_size': 128, 'model_string': 'resnet50', 'min_batch_size': 128, 'dataset': 'CIFAR', 'placement': None, 'use_nccl': True, 'devices_per_worker': 1, 'primary_resource': 'extra_gpu', 'gpu': False, 'verbose': False, 'lr_config': {'mode': 'log', 'steps': 5, 'initial_lr': 0.005, 'target_lr': 0.005}, 'batch_per_device': 128}",1058.6864454746246,0,26,1482.8676990917188,1,9.896057367324829
0.01820211410522461,0.031676461425008656,0.0007068395614624023,0.001794822990436993,0.028128719329833983,nan,0.0,0.04713640213012695,0.7253799796104431,0.8008746553802488,-0.7357999682426453,nan,0.0,nan,0.0,nan,0.0,0.7342199683189392,0.7669741017150878,nan,0.0,0.7357999682426453,0.7597440682411194,nan,0.0,60000,1,False,,,27,-0.8008746553802488,160bc53f8c9645d1b282cf68a3996b1e,2019-06-03_03-59-41,1559559581,40.32356023788452,1099.0100057125092,21577,steropes,169.229.49.254,"{'starting_lr': 0.005, 'momentum': 0.99, 'weight_decay': 0.0005, 'steps_per_iteration': None, 'pin': False, 'model_creator': None, 'target_batch_size': 128, 'model_string': 'resnet50', 'min_batch_size': 128, 'dataset': 'CIFAR', 'placement': None, 'use_nccl': True, 'devices_per_worker': 1, 'primary_resource': 'extra_gpu', 'gpu': False, 'verbose': False, 'lr_config': {'mode': 'log', 'steps': 5, 'initial_lr': 0.005, 'target_lr': 0.005}, 'batch_per_device': 128}",1099.0100057125092,0,27,1483.22914234863,1,9.896057367324829
0.01735866069793701,0.0318017156818245,0.0006909608840942383,0.0018142294091031985,0.02783679962158203,nan,0.0,0.04728717803955078,0.7268999814987183,0.796625894832611,-0.7213000059127808,nan,0.0,nan,0.0,nan,0.0,0.7385799884796143,0.7525324214935303,nan,0.0,0.7213000059127808,0.8216303633689881,nan,0.0,60000,1,False,,,28,-0.796625894832611,160bc53f8c9645d1b282cf68a3996b1e,2019-06-03_04-00-21,1559559621,40.238953590393066,1139.2489593029022,21577,steropes,169.229.49.254,"{'starting_lr': 0.005, 'momentum': 0.99, 'weight_decay': 0.0005, 'steps_per_iteration': None, 'pin': False, 'model_creator': None, 'target_batch_size': 128, 'model_string': 'resnet50', 'min_batch_size': 128, 'dataset': 'CIFAR', 'placement': None, 'use_nccl': True, 'devices_per_worker': 1, 'primary_resource': 'extra_gpu', 'gpu': False, 'verbose': False, 'lr_config': {'mode': 'log', 'steps': 5, 'initial_lr': 0.005, 'target_lr': 0.005}, 'batch_per_device': 128}",1139.2489593029022,0,28,1485.166522672492,1,9.896057367324829
0.021122956275939943,0.03163580653033679,0.0007326841354370117,0.001848768395231203,0.029723262786865233,nan,0.0,0.04764409065246582,0.7356599807739258,0.7692775352096558,-0.7533999681472778,nan,0.0,nan,0.0,nan,0.0,0.7398599982261658,0.7548841358184815,nan,0.0,0.7533999681472778,0.7164147974014282,nan,0.0,60000,1,False,,,29,-0.7692775352096558,160bc53f8c9645d1b282cf68a3996b1e,2019-06-03_04-01-01,1559559661,40.40746521949768,1179.6564245224,21577,steropes,169.229.49.254,"{'starting_lr': 0.005, 'momentum': 0.99, 'weight_decay': 0.0005, 'steps_per_iteration': None, 'pin': False, 'model_creator': None, 'target_batch_size': 128, 'model_string': 'resnet50', 'min_batch_size': 128, 'dataset': 'CIFAR', 'placement': None, 'use_nccl': True, 'devices_per_worker': 1, 'primary_resource': 'extra_gpu', 'gpu': False, 'verbose': False, 'lr_config': {'mode': 'log', 'steps': 5, 'initial_lr': 0.005, 'target_lr': 0.005}, 'batch_per_device': 128}",1179.6564245224,0,29,1485.0207915812641,1,9.896057367324829
0.01731441020965576,0.032097288324863096,0.000719141960144043,0.0018159751696964664,0.027571654319763182,nan,0.0,0.04775211811065674,0.7359599828720093,0.7670096157836914,-0.7444999814033508,nan,0.0,nan,0.0,nan,0.0,0.7524399757385254,0.7196293437957764,nan,0.0,0.7444999814033508,0.738145152759552,nan,0.0,60000,1,False,,,30,-0.7670096157836914,160bc53f8c9645d1b282cf68a3996b1e,2019-06-03_04-01-42,1559559702,40.348196506500244,1220.0046210289001,21577,steropes,169.229.49.254,"{'starting_lr': 0.005, 'momentum': 0.99, 'weight_decay': 0.0005, 'steps_per_iteration': None, 'pin': False, 'model_creator': None, 'target_batch_size': 128, 'model_string': 'resnet50', 'min_batch_size': 128, 'dataset': 'CIFAR', 'placement': None, 'use_nccl': True, 'devices_per_worker': 1, 'primary_resource': 'extra_gpu', 'gpu': False, 'verbose': False, 'lr_config': {'mode': 'log', 'steps': 5, 'initial_lr': 0.005, 'target_lr': 0.005}, 'batch_per_device': 128}",1220.0046210289001,0,30,1485.1056540325699,1,9.896057367324829
0.017070555686950685,0.031600294233877446,0.0007389545440673828,0.0018274156028962197,0.027633118629455566,nan,0.0,0.04676673412322998,0.7399799823760986,0.7584455328178406,-0.7448999881744385,nan,0.0,nan,0.0,nan,0.0,0.7531799674034119,0.7181519414520263,nan,0.0,0.7448999881744385,0.7562932823181152,nan,0.0,60000,1,False,,,31,-0.7584455328178406,160bc53f8c9645d1b282cf68a3996b1e,2019-06-03_04-02-22,1559559742,40.64143490791321,1260.6460559368134,21577,steropes,169.229.49.254,"{'starting_lr': 0.005, 'momentum': 0.99, 'weight_decay': 0.0005, 'steps_per_iteration': None, 'pin': False, 'model_creator': None, 'target_batch_size': 128, 'model_string': 'resnet50', 'min_batch_size': 128, 'dataset': 'CIFAR', 'placement': None, 'use_nccl': True, 'devices_per_worker': 1, 'primary_resource': 'extra_gpu', 'gpu': False, 'verbose': False, 'lr_config': {'mode': 'log', 'steps': 5, 'initial_lr': 0.005, 'target_lr': 0.005}, 'batch_per_device': 128}",1260.6460559368134,0,31,1485.4421373063517,1,9.896057367324829
0.01700453758239746,0.03143008449409582,0.0007138729095458984,0.0018513739261480854,0.02722654342651367,nan,0.0,0.04701566696166992,0.7455799818038941,0.7460850498962402,-0.7637999653816223,nan,0.0,nan,0.0,nan,0.0,0.753059983253479,0.7173205538749695,nan,0.0,0.7637999653816223,0.6979416536331177,nan,0.0,60000,1,False,,,32,-0.7460850498962402,160bc53f8c9645d1b282cf68a3996b1e,2019-06-03_04-03-03,1559559783,40.27680587768555,1300.922861814499,21577,steropes,169.229.49.254,"{'starting_lr': 0.005, 'momentum': 0.99, 'weight_decay': 0.0005, 'steps_per_iteration': None, 'pin': False, 'model_creator': None, 'target_batch_size': 128, 'model_string': 'resnet50', 'min_batch_size': 128, 'dataset': 'CIFAR', 'placement': None, 'use_nccl': True, 'devices_per_worker': 1, 'primary_resource': 'extra_gpu', 'gpu': False, 'verbose': False, 'lr_config': {'mode': 'log', 'steps': 5, 'initial_lr': 0.005, 'target_lr': 0.005}, 'batch_per_device': 128}",1300.922861814499,0,32,1485.7861257917698,1,9.896057367324829
