{"apply": 0.02027914524078369, "batch_time": 0.04626055005230481, "d2h": 0.000710749626159668, "data_time": 0.0018756542059466662, "fwd": 0.20779795646667482, "get_state_time_mean": NaN, "get_state_time_total": 0.0, "grad": 0.16109933853149414, "mean_accuracy": 0.22819998860359192, "mean_loss": 14.172524179077149, "neg_mean_accuracy": -0.22819998860359192, "set_state_time_mean": NaN, "set_state_time_total": 0.0, "setup_model_time_mean": 9.554341554641724, "setup_model_time_total": 9.554341554641724, "setup_proc_time_mean": 0.24400067329406738, "setup_proc_time_total": 0.24400067329406738, "train_accuracy": 0.17673999071121216, "train_loss": 4.023128949737549, "training_time_mean": NaN, "training_time_total": 0.0, "val_accuracy": 0.22819998860359192, "val_loss": 14.172524179077149, "validation_time_mean": NaN, "validation_time_total": 0.0, "samples": 60000, "num_workers": 1, "done": false, "timesteps_total": null, "episodes_total": null, "training_iteration": 1, "neg_mean_loss": -14.172524179077149, "experiment_id": "160bc53f8c9645d1b282cf68a3996b1e", "date": "2019-06-03_03-42-09", "timestamp": 1559558529, "time_this_iter_s": 47.423619985580444, "time_total_s": 47.423619985580444, "pid": 21577, "hostname": "steropes", "node_ip": "169.229.49.254", "config": {"starting_lr": 0.005, "momentum": 0.99, "weight_decay": 0.0005, "steps_per_iteration": null, "pin": false, "model_creator": null, "target_batch_size": 128, "model_string": "resnet50", "min_batch_size": 128, "dataset": "CIFAR", "placement": null, "use_nccl": true, "devices_per_worker": 1, "primary_resource": "extra_gpu", "gpu": false, "verbose": false, "lr_config": {"mode": "log", "steps": 5, "initial_lr": 0.005, "target_lr": 0.005}, "batch_per_device": 128}, "time_since_restore": 47.423619985580444, "timesteps_since_restore": 0, "iterations_since_restore": 1, "mean_throughput": 1265.190136316468, "atoms": 1, "setup_time": 9.896057367324829}
{"apply": 0.01730380058288574, "batch_time": 0.03295736976816684, "d2h": 0.0006732702255249024, "data_time": 0.0018104159313699474, "fwd": 0.027381587028503417, "get_state_time_mean": NaN, "get_state_time_total": 0.0, "grad": 0.048326754570007326, "mean_accuracy": 0.25794999301433563, "mean_loss": 10.493248990631104, "neg_mean_accuracy": -0.28769999742507935, "set_state_time_mean": NaN, "set_state_time_total": 0.0, "setup_model_time_mean": NaN, "setup_model_time_total": 0.0, "setup_proc_time_mean": NaN, "setup_proc_time_total": 0.0, "train_accuracy": 0.24743999540805817, "train_loss": 3.1062691007995604, "training_time_mean": NaN, "training_time_total": 0.0, "val_accuracy": 0.28769999742507935, "val_loss": 6.813973802185059, "validation_time_mean": NaN, "validation_time_total": 0.0, "samples": 60000, "num_workers": 1, "done": false, "timesteps_total": null, "episodes_total": null, "training_iteration": 2, "neg_mean_loss": -10.493248990631104, "experiment_id": "160bc53f8c9645d1b282cf68a3996b1e", "date": "2019-06-03_03-42-49", "timestamp": 1559558569, "time_this_iter_s": 40.354424238204956, "time_total_s": 87.7780442237854, "pid": 21577, "hostname": "steropes", "node_ip": "169.229.49.254", "config": {"starting_lr": 0.005, "momentum": 0.99, "weight_decay": 0.0005, "steps_per_iteration": null, "pin": false, "model_creator": null, "target_batch_size": 128, "model_string": "resnet50", "min_batch_size": 128, "dataset": "CIFAR", "placement": null, "use_nccl": true, "devices_per_worker": 1, "primary_resource": "extra_gpu", "gpu": false, "verbose": false, "lr_config": {"mode": "log", "steps": 5, "initial_lr": 0.005, "target_lr": 0.005}, "batch_per_device": 128}, "time_since_restore": 87.7780442237854, "timesteps_since_restore": 0, "iterations_since_restore": 2, "mean_throughput": 1367.081970017248, "atoms": 1, "setup_time": 9.896057367324829}
{"apply": 0.017512965202331542, "batch_time": 0.032559162453760074, "d2h": 0.0007066488265991211, "data_time": 0.0018630796076391663, "fwd": 0.028031110763549805, "get_state_time_mean": NaN, "get_state_time_total": 0.0, "grad": 0.04750170707702637, "mean_accuracy": 0.2895333270231883, "mean_loss": 7.880403189531962, "neg_mean_accuracy": -0.35269999504089355, "set_state_time_mean": NaN, "set_state_time_total": 0.0, "setup_model_time_mean": NaN, "setup_model_time_total": 0.0, "setup_proc_time_mean": NaN, "setup_proc_time_total": 0.0, "train_accuracy": 0.3068599998950958, "train_loss": 2.1118200814437866, "training_time_mean": NaN, "training_time_total": 0.0, "val_accuracy": 0.35269999504089355, "val_loss": 2.6547115873336793, "validation_time_mean": NaN, "validation_time_total": 0.0, "samples": 60000, "num_workers": 1, "done": false, "timesteps_total": null, "episodes_total": null, "training_iteration": 3, "neg_mean_loss": -7.880403189531962, "experiment_id": "160bc53f8c9645d1b282cf68a3996b1e", "date": "2019-06-03_03-43-30", "timestamp": 1559558610, "time_this_iter_s": 40.27261447906494, "time_total_s": 128.05065870285034, "pid": 21577, "hostname": "steropes", "node_ip": "169.229.49.254", "config": {"starting_lr": 0.005, "momentum": 0.99, "weight_decay": 0.0005, "steps_per_iteration": null, "pin": false, "model_creator": null, "target_batch_size": 128, "model_string": "resnet50", "min_batch_size": 128, "dataset": "CIFAR", "placement": null, "use_nccl": true, "devices_per_worker": 1, "primary_resource": "extra_gpu", "gpu": false, "verbose": false, "lr_config": {"mode": "log", "steps": 5, "initial_lr": 0.005, "target_lr": 0.005}, "batch_per_device": 128}, "time_since_restore": 128.05065870285034, "timesteps_since_restore": 0, "iterations_since_restore": 3, "mean_throughput": 1405.6901311221575, "atoms": 1, "setup_time": 9.896057367324829}
{"apply": 0.017218947410583496, "batch_time": 0.035434366781500325, "d2h": 0.0006875276565551757, "data_time": 0.001860304561722309, "fwd": 0.02825169563293457, "get_state_time_mean": NaN, "get_state_time_total": 0.0, "grad": 0.04698405265808105, "mean_accuracy": 0.31732499599456787, "mean_loss": 6.439477320814133, "neg_mean_accuracy": -0.40070000290870667, "set_state_time_mean": NaN, "set_state_time_total": 0.0, "setup_model_time_mean": NaN, "setup_model_time_total": 0.0, "setup_proc_time_mean": NaN, "setup_proc_time_total": 0.0, "train_accuracy": 0.3560599982738495, "train_loss": 1.8559738628387452, "training_time_mean": NaN, "training_time_total": 0.0, "val_accuracy": 0.40070000290870667, "val_loss": 2.1166997146606445, "validation_time_mean": NaN, "validation_time_total": 0.0, "samples": 60000, "num_workers": 1, "done": false, "timesteps_total": null, "episodes_total": null, "training_iteration": 4, "neg_mean_loss": -6.439477320814133, "experiment_id": "160bc53f8c9645d1b282cf68a3996b1e", "date": "2019-06-03_03-44-10", "timestamp": 1559558650, "time_this_iter_s": 40.650395154953, "time_total_s": 168.70105385780334, "pid": 21577, "hostname": "steropes", "node_ip": "169.229.49.254", "config": {"starting_lr": 0.005, "momentum": 0.99, "weight_decay": 0.0005, "steps_per_iteration": null, "pin": false, "model_creator": null, "target_batch_size": 128, "model_string": "resnet50", "min_batch_size": 128, "dataset": "CIFAR", "placement": null, "use_nccl": true, "devices_per_worker": 1, "primary_resource": "extra_gpu", "gpu": false, "verbose": false, "lr_config": {"mode": "log", "steps": 5, "initial_lr": 0.005, "target_lr": 0.005}, "batch_per_device": 128}, "time_since_restore": 168.70105385780334, "timesteps_since_restore": 0, "iterations_since_restore": 4, "mean_throughput": 1422.6314593500908, "atoms": 1, "setup_time": 9.896057367324829}
{"apply": 0.016932415962219238, "batch_time": 0.03150076202199429, "d2h": 0.0007267475128173828, "data_time": 0.0018221252714581502, "fwd": 0.027294397354125977, "get_state_time_mean": NaN, "get_state_time_total": 0.0, "grad": 0.04733850955963135, "mean_accuracy": 0.34037999510765077, "mean_loss": 5.477295395851135, "neg_mean_accuracy": -0.4325999915599823, "set_state_time_mean": NaN, "set_state_time_total": 0.0, "setup_model_time_mean": NaN, "setup_model_time_total": 0.0, "setup_proc_time_mean": NaN, "setup_proc_time_total": 0.0, "train_accuracy": 0.3847000002861023, "train_loss": 1.7269845149993897, "training_time_mean": NaN, "training_time_total": 0.0, "val_accuracy": 0.4325999915599823, "val_loss": 1.6285676959991455, "validation_time_mean": NaN, "validation_time_total": 0.0, "samples": 60000, "num_workers": 1, "done": false, "timesteps_total": null, "episodes_total": null, "training_iteration": 5, "neg_mean_loss": -5.477295395851135, "experiment_id": "160bc53f8c9645d1b282cf68a3996b1e", "date": "2019-06-03_03-44-50", "timestamp": 1559558690, "time_this_iter_s": 40.20007514953613, "time_total_s": 208.90112900733948, "pid": 21577, "hostname": "steropes", "node_ip": "169.229.49.254", "config": {"starting_lr": 0.005, "momentum": 0.99, "weight_decay": 0.0005, "steps_per_iteration": null, "pin": false, "model_creator": null, "target_batch_size": 128, "model_string": "resnet50", "min_batch_size": 128, "dataset": "CIFAR", "placement": null, "use_nccl": true, "devices_per_worker": 1, "primary_resource": "extra_gpu", "gpu": false, "verbose": false, "lr_config": {"mode": "log", "steps": 5, "initial_lr": 0.005, "target_lr": 0.005}, "batch_per_device": 128}, "time_since_restore": 208.90112900733948, "timesteps_since_restore": 0, "iterations_since_restore": 5, "mean_throughput": 1436.0826461059737, "atoms": 1, "setup_time": 9.896057367324829}
{"apply": 0.018970608711242676, "batch_time": 0.03183188619492929, "d2h": 0.0006957769393920899, "data_time": 0.001844876867426021, "fwd": 0.02889566421508789, "get_state_time_mean": NaN, "get_state_time_total": 0.0, "grad": 0.04765663146972656, "mean_accuracy": 0.3830199956893921, "mean_loss": 2.9581918168640136, "neg_mean_accuracy": -0.4413999915122986, "set_state_time_mean": NaN, "set_state_time_total": 0.0, "setup_model_time_mean": NaN, "setup_model_time_total": 0.0, "setup_proc_time_mean": NaN, "setup_proc_time_total": 0.0, "train_accuracy": 0.4095799922943115, "train_loss": 1.6236366538238525, "training_time_mean": NaN, "training_time_total": 0.0, "val_accuracy": 0.4413999915122986, "val_loss": 1.5770062841415404, "validation_time_mean": NaN, "validation_time_total": 0.0, "samples": 60000, "num_workers": 1, "done": false, "timesteps_total": null, "episodes_total": null, "training_iteration": 6, "neg_mean_loss": -2.9581918168640136, "experiment_id": "160bc53f8c9645d1b282cf68a3996b1e", "date": "2019-06-03_03-45-31", "timestamp": 1559558731, "time_this_iter_s": 40.47107672691345, "time_total_s": 249.37220573425293, "pid": 21577, "hostname": "steropes", "node_ip": "169.229.49.254", "config": {"starting_lr": 0.005, "momentum": 0.99, "weight_decay": 0.0005, "steps_per_iteration": null, "pin": false, "model_creator": null, "target_batch_size": 128, "model_string": "resnet50", "min_batch_size": 128, "dataset": "CIFAR", "placement": null, "use_nccl": true, "devices_per_worker": 1, "primary_resource": "extra_gpu", "gpu": false, "verbose": false, "lr_config": {"mode": "log", "steps": 5, "initial_lr": 0.005, "target_lr": 0.005}, "batch_per_device": 128}, "time_since_restore": 249.37220573425293, "timesteps_since_restore": 0, "iterations_since_restore": 6, "mean_throughput": 1485.5229633339509, "atoms": 1, "setup_time": 9.896057367324829}
{"apply": 0.0171278715133667, "batch_time": 0.03183202502093738, "d2h": 0.0007070779800415039, "data_time": 0.0018753011513244161, "fwd": 0.028269290924072266, "get_state_time_mean": NaN, "get_state_time_total": 0.0, "grad": 0.04807503223419189, "mean_accuracy": 0.4190399944782257, "mean_loss": 1.884883788833618, "neg_mean_accuracy": -0.46779999136924744, "set_state_time_mean": NaN, "set_state_time_total": 0.0, "setup_model_time_mean": NaN, "setup_model_time_total": 0.0, "setup_proc_time_mean": NaN, "setup_proc_time_total": 0.0, "train_accuracy": 0.435479998588562, "train_loss": 1.5418720030975341, "training_time_mean": NaN, "training_time_total": 0.0, "val_accuracy": 0.46779999136924744, "val_loss": 1.447433662033081, "validation_time_mean": NaN, "validation_time_total": 0.0, "samples": 60000, "num_workers": 1, "done": false, "timesteps_total": null, "episodes_total": null, "training_iteration": 7, "neg_mean_loss": -1.884883788833618, "experiment_id": "160bc53f8c9645d1b282cf68a3996b1e", "date": "2019-06-03_03-46-11", "timestamp": 1559558771, "time_this_iter_s": 40.384682416915894, "time_total_s": 289.7568881511688, "pid": 21577, "hostname": "steropes", "node_ip": "169.229.49.254", "config": {"starting_lr": 0.005, "momentum": 0.99, "weight_decay": 0.0005, "steps_per_iteration": null, "pin": false, "model_creator": null, "target_batch_size": 128, "model_string": "resnet50", "min_batch_size": 128, "dataset": "CIFAR", "placement": null, "use_nccl": true, "devices_per_worker": 1, "primary_resource": "extra_gpu", "gpu": false, "verbose": false, "lr_config": {"mode": "log", "steps": 5, "initial_lr": 0.005, "target_lr": 0.005}, "batch_per_device": 128}, "time_since_restore": 289.7568881511688, "timesteps_since_restore": 0, "iterations_since_restore": 7, "mean_throughput": 1485.3004004003863, "atoms": 1, "setup_time": 9.896057367324829}
{"apply": 0.017820286750793456, "batch_time": 0.03208456763738318, "d2h": 0.0007076740264892578, "data_time": 0.0018413365649445283, "fwd": 0.028150010108947753, "get_state_time_mean": NaN, "get_state_time_total": 0.0, "grad": 0.047350287437438965, "mean_accuracy": 0.44705999493598936, "mean_loss": 1.6471756438064573, "neg_mean_accuracy": -0.4927999973297119, "set_state_time_mean": NaN, "set_state_time_total": 0.0, "setup_model_time_mean": NaN, "setup_model_time_total": 0.0, "setup_proc_time_mean": NaN, "setup_proc_time_total": 0.0, "train_accuracy": 0.46140000224113464, "train_loss": 1.4839360050201416, "training_time_mean": NaN, "training_time_total": 0.0, "val_accuracy": 0.4927999973297119, "val_loss": 1.466170862197876, "validation_time_mean": NaN, "validation_time_total": 0.0, "samples": 60000, "num_workers": 1, "done": false, "timesteps_total": null, "episodes_total": null, "training_iteration": 8, "neg_mean_loss": -1.6471756438064573, "experiment_id": "160bc53f8c9645d1b282cf68a3996b1e", "date": "2019-06-03_03-46-52", "timestamp": 1559558812, "time_this_iter_s": 40.4346182346344, "time_total_s": 330.1915063858032, "pid": 21577, "hostname": "steropes", "node_ip": "169.229.49.254", "config": {"starting_lr": 0.005, "momentum": 0.99, "weight_decay": 0.0005, "steps_per_iteration": null, "pin": false, "model_creator": null, "target_batch_size": 128, "model_string": "resnet50", "min_batch_size": 128, "dataset": "CIFAR", "placement": null, "use_nccl": true, "devices_per_worker": 1, "primary_resource": "extra_gpu", "gpu": false, "verbose": false, "lr_config": {"mode": "log", "steps": 5, "initial_lr": 0.005, "target_lr": 0.005}, "batch_per_device": 128}, "time_since_restore": 330.1915063858032, "timesteps_since_restore": 0, "iterations_since_restore": 8, "mean_throughput": 1484.110643891408, "atoms": 1, "setup_time": 9.896057367324829}
{"apply": 0.017753744125366212, "batch_time": 0.031325617923012264, "d2h": 0.000729060173034668, "data_time": 0.0018693156864332116, "fwd": 0.027896976470947264, "get_state_time_mean": NaN, "get_state_time_total": 0.0, "grad": 0.04761149883270264, "mean_accuracy": 0.46667999029159546, "mean_loss": 1.5260823809432984, "neg_mean_accuracy": -0.49879997968673706, "set_state_time_mean": NaN, "set_state_time_total": 0.0, "setup_model_time_mean": NaN, "setup_model_time_total": 0.0, "setup_proc_time_mean": NaN, "setup_proc_time_total": 0.0, "train_accuracy": 0.47575998306274414, "train_loss": 1.435697890701294, "training_time_mean": NaN, "training_time_total": 0.0, "val_accuracy": 0.49879997968673706, "val_loss": 1.5112334003448487, "validation_time_mean": NaN, "validation_time_total": 0.0, "samples": 60000, "num_workers": 1, "done": false, "timesteps_total": null, "episodes_total": null, "training_iteration": 9, "neg_mean_loss": -1.5260823809432984, "experiment_id": "160bc53f8c9645d1b282cf68a3996b1e", "date": "2019-06-03_03-47-32", "timestamp": 1559558852, "time_this_iter_s": 40.62946009635925, "time_total_s": 370.8209664821625, "pid": 21577, "hostname": "steropes", "node_ip": "169.229.49.254", "config": {"starting_lr": 0.005, "momentum": 0.99, "weight_decay": 0.0005, "steps_per_iteration": null, "pin": false, "model_creator": null, "target_batch_size": 128, "model_string": "resnet50", "min_batch_size": 128, "dataset": "CIFAR", "placement": null, "use_nccl": true, "devices_per_worker": 1, "primary_resource": "extra_gpu", "gpu": false, "verbose": false, "lr_config": {"mode": "log", "steps": 5, "initial_lr": 0.005, "target_lr": 0.005}, "batch_per_device": 128}, "time_since_restore": 370.8209664821625, "timesteps_since_restore": 0, "iterations_since_restore": 9, "mean_throughput": 1484.264397189024, "atoms": 1, "setup_time": 9.896057367324829}
{"apply": 0.017594742774963378, "batch_time": 0.03168416325050064, "d2h": 0.0007089853286743164, "data_time": 0.0018467232394401374, "fwd": 0.027702903747558592, "get_state_time_mean": NaN, "get_state_time_total": 0.0, "grad": 0.04705526828765869, "mean_accuracy": 0.48429998755455017, "mean_loss": 1.4699946676254272, "neg_mean_accuracy": -0.5206999778747559, "set_state_time_mean": NaN, "set_state_time_total": 0.0, "setup_model_time_mean": NaN, "setup_model_time_total": 0.0, "setup_proc_time_mean": NaN, "setup_proc_time_total": 0.0, "train_accuracy": 0.49135997891426086, "train_loss": 1.3901751884078979, "training_time_mean": NaN, "training_time_total": 0.0, "val_accuracy": 0.5206999778747559, "val_loss": 1.3481291294097901, "validation_time_mean": NaN, "validation_time_total": 0.0, "samples": 60000, "num_workers": 1, "done": false, "timesteps_total": null, "episodes_total": null, "training_iteration": 10, "neg_mean_loss": -1.4699946676254272, "experiment_id": "160bc53f8c9645d1b282cf68a3996b1e", "date": "2019-06-03_03-48-13", "timestamp": 1559558893, "time_this_iter_s": 40.424009561538696, "time_total_s": 411.2449760437012, "pid": 21577, "hostname": "steropes", "node_ip": "169.229.49.254", "config": {"starting_lr": 0.005, "momentum": 0.99, "weight_decay": 0.0005, "steps_per_iteration": null, "pin": false, "model_creator": null, "target_batch_size": 128, "model_string": "resnet50", "min_batch_size": 128, "dataset": "CIFAR", "placement": null, "use_nccl": true, "devices_per_worker": 1, "primary_resource": "extra_gpu", "gpu": false, "verbose": false, "lr_config": {"mode": "log", "steps": 5, "initial_lr": 0.005, "target_lr": 0.005}, "batch_per_device": 128}, "time_since_restore": 411.2449760437012, "timesteps_since_restore": 0, "iterations_since_restore": 10, "mean_throughput": 1482.621808787856, "atoms": 1, "setup_time": 9.896057367324829}
{"apply": 0.017774033546447753, "batch_time": 0.03200700916821444, "d2h": 0.0007283210754394532, "data_time": 0.0018560014417409287, "fwd": 0.027940702438354493, "get_state_time_mean": NaN, "get_state_time_total": 0.0, "grad": 0.046916627883911134, "mean_accuracy": 0.504179984331131, "mean_loss": 1.4256808815002442, "neg_mean_accuracy": -0.5407999753952026, "set_state_time_mean": NaN, "set_state_time_total": 0.0, "setup_model_time_mean": NaN, "setup_model_time_total": 0.0, "setup_proc_time_mean": NaN, "setup_proc_time_total": 0.0, "train_accuracy": 0.5158399939537048, "train_loss": 1.3348369483566285, "training_time_mean": NaN, "training_time_total": 0.0, "val_accuracy": 0.5407999753952026, "val_loss": 1.355437353515625, "validation_time_mean": NaN, "validation_time_total": 0.0, "samples": 60000, "num_workers": 1, "done": false, "timesteps_total": null, "episodes_total": null, "training_iteration": 11, "neg_mean_loss": -1.4256808815002442, "experiment_id": "160bc53f8c9645d1b282cf68a3996b1e", "date": "2019-06-03_03-48-53", "timestamp": 1559558933, "time_this_iter_s": 40.442081689834595, "time_total_s": 451.68705773353577, "pid": 21577, "hostname": "steropes", "node_ip": "169.229.49.254", "config": {"starting_lr": 0.005, "momentum": 0.99, "weight_decay": 0.0005, "steps_per_iteration": null, "pin": false, "model_creator": null, "target_batch_size": 128, "model_string": "resnet50", "min_batch_size": 128, "dataset": "CIFAR", "placement": null, "use_nccl": true, "devices_per_worker": 1, "primary_resource": "extra_gpu", "gpu": false, "verbose": false, "lr_config": {"mode": "log", "steps": 5, "initial_lr": 0.005, "target_lr": 0.005}, "batch_per_device": 128}, "time_since_restore": 451.68705773353577, "timesteps_since_restore": 0, "iterations_since_restore": 11, "mean_throughput": 1482.8342731674884, "atoms": 1, "setup_time": 9.896057367324829}
{"apply": 0.017175459861755372, "batch_time": 0.03251963929284977, "d2h": 0.0007423162460327148, "data_time": 0.0018470025123537655, "fwd": 0.02794022560119629, "get_state_time_mean": NaN, "get_state_time_total": 0.0, "grad": 0.04740076065063477, "mean_accuracy": 0.5205399870872498, "mean_loss": 1.3896525606536865, "neg_mean_accuracy": -0.5496000051498413, "set_state_time_mean": NaN, "set_state_time_total": 0.0, "setup_model_time_mean": NaN, "setup_model_time_total": 0.0, "setup_proc_time_mean": NaN, "setup_proc_time_total": 0.0, "train_accuracy": 0.5377799868583679, "train_loss": 1.2834876847076415, "training_time_mean": NaN, "training_time_total": 0.0, "val_accuracy": 0.5496000051498413, "val_loss": 1.2672920578002929, "validation_time_mean": NaN, "validation_time_total": 0.0, "samples": 60000, "num_workers": 1, "done": false, "timesteps_total": null, "episodes_total": null, "training_iteration": 12, "neg_mean_loss": -1.3896525606536865, "experiment_id": "160bc53f8c9645d1b282cf68a3996b1e", "date": "2019-06-03_03-49-34", "timestamp": 1559558974, "time_this_iter_s": 40.31740641593933, "time_total_s": 492.0044641494751, "pid": 21577, "hostname": "steropes", "node_ip": "169.229.49.254", "config": {"starting_lr": 0.005, "momentum": 0.99, "weight_decay": 0.0005, "steps_per_iteration": null, "pin": false, "model_creator": null, "target_batch_size": 128, "model_string": "resnet50", "min_batch_size": 128, "dataset": "CIFAR", "placement": null, "use_nccl": true, "devices_per_worker": 1, "primary_resource": "extra_gpu", "gpu": false, "verbose": false, "lr_config": {"mode": "log", "steps": 5, "initial_lr": 0.005, "target_lr": 0.005}, "batch_per_device": 128}, "time_since_restore": 492.0044641494751, "timesteps_since_restore": 0, "iterations_since_restore": 12, "mean_throughput": 1483.327533603536, "atoms": 1, "setup_time": 9.896057367324829}
{"apply": 0.01815192699432373, "batch_time": 0.03246090683755996, "d2h": 0.0007210254669189453, "data_time": 0.0018546483705720632, "fwd": 0.028249216079711915, "get_state_time_mean": NaN, "get_state_time_total": 0.0, "grad": 0.04737181663513183, "mean_accuracy": 0.5403999805450439, "mean_loss": 1.329150031890869, "neg_mean_accuracy": -0.5920999646186829, "set_state_time_mean": NaN, "set_state_time_total": 0.0, "setup_model_time_mean": NaN, "setup_model_time_total": 0.0, "setup_proc_time_mean": NaN, "setup_proc_time_total": 0.0, "train_accuracy": 0.5527999997138977, "train_loss": 1.2416682958602905, "training_time_mean": NaN, "training_time_total": 0.0, "val_accuracy": 0.5920999646186829, "val_loss": 1.1636582183837891, "validation_time_mean": NaN, "validation_time_total": 0.0, "samples": 60000, "num_workers": 1, "done": false, "timesteps_total": null, "episodes_total": null, "training_iteration": 13, "neg_mean_loss": -1.329150031890869, "experiment_id": "160bc53f8c9645d1b282cf68a3996b1e", "date": "2019-06-03_03-50-14", "timestamp": 1559559014, "time_this_iter_s": 40.606351375579834, "time_total_s": 532.6108155250549, "pid": 21577, "hostname": "steropes", "node_ip": "169.229.49.254", "config": {"starting_lr": 0.005, "momentum": 0.99, "weight_decay": 0.0005, "steps_per_iteration": null, "pin": false, "model_creator": null, "target_batch_size": 128, "model_string": "resnet50", "min_batch_size": 128, "dataset": "CIFAR", "placement": null, "use_nccl": true, "devices_per_worker": 1, "primary_resource": "extra_gpu", "gpu": false, "verbose": false, "lr_config": {"mode": "log", "steps": 5, "initial_lr": 0.005, "target_lr": 0.005}, "batch_per_device": 128}, "time_since_restore": 532.6108155250549, "timesteps_since_restore": 0, "iterations_since_restore": 13, "mean_throughput": 1482.0690138136629, "atoms": 1, "setup_time": 9.896057367324829}
{"apply": 0.01770491600036621, "batch_time": 0.031888973863818976, "d2h": 0.0007426977157592773, "data_time": 0.0018855970533912445, "fwd": 0.02789289951324463, "get_state_time_mean": NaN, "get_state_time_total": 0.0, "grad": 0.048159432411193845, "mean_accuracy": 0.5587199807167054, "mean_loss": 1.2780178169059753, "neg_mean_accuracy": -0.590399980545044, "set_state_time_mean": NaN, "set_state_time_total": 0.0, "setup_model_time_mean": NaN, "setup_model_time_total": 0.0, "setup_proc_time_mean": NaN, "setup_proc_time_total": 0.0, "train_accuracy": 0.5759599804878235, "train_loss": 1.179793532447815, "training_time_mean": NaN, "training_time_total": 0.0, "val_accuracy": 0.590399980545044, "val_loss": 1.2555723254203797, "validation_time_mean": NaN, "validation_time_total": 0.0, "samples": 60000, "num_workers": 1, "done": false, "timesteps_total": null, "episodes_total": null, "training_iteration": 14, "neg_mean_loss": -1.2780178169059753, "experiment_id": "160bc53f8c9645d1b282cf68a3996b1e", "date": "2019-06-03_03-50-55", "timestamp": 1559559055, "time_this_iter_s": 40.509517669677734, "time_total_s": 573.1203331947327, "pid": 21577, "hostname": "steropes", "node_ip": "169.229.49.254", "config": {"starting_lr": 0.005, "momentum": 0.99, "weight_decay": 0.0005, "steps_per_iteration": null, "pin": false, "model_creator": null, "target_batch_size": 128, "model_string": "resnet50", "min_batch_size": 128, "dataset": "CIFAR", "placement": null, "use_nccl": true, "devices_per_worker": 1, "primary_resource": "extra_gpu", "gpu": false, "verbose": false, "lr_config": {"mode": "log", "steps": 5, "initial_lr": 0.005, "target_lr": 0.005}, "batch_per_device": 128}, "time_since_restore": 573.1203331947327, "timesteps_since_restore": 0, "iterations_since_restore": 14, "mean_throughput": 1482.9471983122469, "atoms": 1, "setup_time": 9.896057367324829}
{"apply": 0.016841554641723634, "batch_time": 0.03221351285524006, "d2h": 0.000727391242980957, "data_time": 0.0018871214688586458, "fwd": 0.027294850349426268, "get_state_time_mean": NaN, "get_state_time_total": 0.0, "grad": 0.04731531143188476, "mean_accuracy": 0.5777399778366089, "mean_loss": 1.2299866266822814, "neg_mean_accuracy": -0.6157999634742737, "set_state_time_mean": NaN, "set_state_time_total": 0.0, "setup_model_time_mean": NaN, "setup_model_time_total": 0.0, "setup_proc_time_mean": NaN, "setup_proc_time_total": 0.0, "train_accuracy": 0.5966799855232239, "train_loss": 1.1265536902618407, "training_time_mean": NaN, "training_time_total": 0.0, "val_accuracy": 0.6157999634742737, "val_loss": 1.1079731782913207, "validation_time_mean": NaN, "validation_time_total": 0.0, "samples": 60000, "num_workers": 1, "done": false, "timesteps_total": null, "episodes_total": null, "training_iteration": 15, "neg_mean_loss": -1.2299866266822814, "experiment_id": "160bc53f8c9645d1b282cf68a3996b1e", "date": "2019-06-03_03-51-35", "timestamp": 1559559095, "time_this_iter_s": 40.49031901359558, "time_total_s": 613.6106522083282, "pid": 21577, "hostname": "steropes", "node_ip": "169.229.49.254", "config": {"starting_lr": 0.005, "momentum": 0.99, "weight_decay": 0.0005, "steps_per_iteration": null, "pin": false, "model_creator": null, "target_batch_size": 128, "model_string": "resnet50", "min_batch_size": 128, "dataset": "CIFAR", "placement": null, "use_nccl": true, "devices_per_worker": 1, "primary_resource": "extra_gpu", "gpu": false, "verbose": false, "lr_config": {"mode": "log", "steps": 5, "initial_lr": 0.005, "target_lr": 0.005}, "batch_per_device": 128}, "time_since_restore": 613.6106522083282, "timesteps_since_restore": 0, "iterations_since_restore": 15, "mean_throughput": 1482.4613237032029, "atoms": 1, "setup_time": 9.896057367324829}
{"apply": 0.017781972885131836, "batch_time": 0.0320757763295234, "d2h": 0.0007429361343383789, "data_time": 0.0018456409044582825, "fwd": 0.027906513214111327, "get_state_time_mean": NaN, "get_state_time_total": 0.0, "grad": 0.047133350372314455, "mean_accuracy": 0.5945199847221374, "mean_loss": 1.1778888266944885, "neg_mean_accuracy": -0.6247000098228455, "set_state_time_mean": NaN, "set_state_time_total": 0.0, "setup_model_time_mean": NaN, "setup_model_time_total": 0.0, "setup_proc_time_mean": NaN, "setup_proc_time_total": 0.0, "train_accuracy": 0.6145600080490112, "train_loss": 1.081426944770813, "training_time_mean": NaN, "training_time_total": 0.0, "val_accuracy": 0.6247000098228455, "val_loss": 1.0949483535766602, "validation_time_mean": NaN, "validation_time_total": 0.0, "samples": 60000, "num_workers": 1, "done": false, "timesteps_total": null, "episodes_total": null, "training_iteration": 16, "neg_mean_loss": -1.1778888266944885, "experiment_id": "160bc53f8c9645d1b282cf68a3996b1e", "date": "2019-06-03_03-52-15", "timestamp": 1559559135, "time_this_iter_s": 40.298362255096436, "time_total_s": 653.9090144634247, "pid": 21577, "hostname": "steropes", "node_ip": "169.229.49.254", "config": {"starting_lr": 0.005, "momentum": 0.99, "weight_decay": 0.0005, "steps_per_iteration": null, "pin": false, "model_creator": null, "target_batch_size": 128, "model_string": "resnet50", "min_batch_size": 128, "dataset": "CIFAR", "placement": null, "use_nccl": true, "devices_per_worker": 1, "primary_resource": "extra_gpu", "gpu": false, "verbose": false, "lr_config": {"mode": "log", "steps": 5, "initial_lr": 0.005, "target_lr": 0.005}, "batch_per_device": 128}, "time_since_restore": 653.9090144634247, "timesteps_since_restore": 0, "iterations_since_restore": 16, "mean_throughput": 1483.5149593133422, "atoms": 1, "setup_time": 9.896057367324829}
{"apply": 0.017948055267333986, "batch_time": 0.03154210501079318, "d2h": 0.0007188796997070312, "data_time": 0.00188659097227599, "fwd": 0.028019642829895018, "get_state_time_mean": NaN, "get_state_time_total": 0.0, "grad": 0.04700920581817627, "mean_accuracy": 0.6171799778938294, "mean_loss": 1.1236851783943176, "neg_mean_accuracy": -0.6628999710083008, "set_state_time_mean": NaN, "set_state_time_total": 0.0, "setup_model_time_mean": NaN, "setup_model_time_total": 0.0, "setup_proc_time_mean": NaN, "setup_proc_time_total": 0.0, "train_accuracy": 0.6301199793815613, "train_loss": 1.0507967491149903, "training_time_mean": NaN, "training_time_total": 0.0, "val_accuracy": 0.6628999710083008, "val_loss": 0.9962738162994385, "validation_time_mean": NaN, "validation_time_total": 0.0, "samples": 60000, "num_workers": 1, "done": false, "timesteps_total": null, "episodes_total": null, "training_iteration": 17, "neg_mean_loss": -1.1236851783943176, "experiment_id": "160bc53f8c9645d1b282cf68a3996b1e", "date": "2019-06-03_03-52-56", "timestamp": 1559559176, "time_this_iter_s": 40.63017177581787, "time_total_s": 694.5391862392426, "pid": 21577, "hostname": "steropes", "node_ip": "169.229.49.254", "config": {"starting_lr": 0.005, "momentum": 0.99, "weight_decay": 0.0005, "steps_per_iteration": null, "pin": false, "model_creator": null, "target_batch_size": 128, "model_string": "resnet50", "min_batch_size": 128, "dataset": "CIFAR", "placement": null, "use_nccl": true, "devices_per_worker": 1, "primary_resource": "extra_gpu", "gpu": false, "verbose": false, "lr_config": {"mode": "log", "steps": 5, "initial_lr": 0.005, "target_lr": 0.005}, "batch_per_device": 128}, "time_since_restore": 694.5391862392426, "timesteps_since_restore": 0, "iterations_since_restore": 17, "mean_throughput": 1481.2239966736724, "atoms": 1, "setup_time": 9.896057367324829}
{"apply": 0.01837005615234375, "batch_time": 0.032334348823450786, "d2h": 0.0007461309432983398, "data_time": 0.0018611960398876453, "fwd": 0.028307795524597168, "get_state_time_mean": NaN, "get_state_time_total": 0.0, "grad": 0.047509384155273435, "mean_accuracy": 0.6304799795150757, "mean_loss": 1.0917688945960997, "neg_mean_accuracy": -0.6585999727249146, "set_state_time_mean": NaN, "set_state_time_total": 0.0, "setup_model_time_mean": NaN, "setup_model_time_total": 0.0, "setup_proc_time_mean": NaN, "setup_proc_time_total": 0.0, "train_accuracy": 0.6526600122451782, "train_loss": 0.9877805435371398, "training_time_mean": NaN, "training_time_total": 0.0, "val_accuracy": 0.6585999727249146, "val_loss": 1.0040767993927002, "validation_time_mean": NaN, "validation_time_total": 0.0, "samples": 60000, "num_workers": 1, "done": false, "timesteps_total": null, "episodes_total": null, "training_iteration": 18, "neg_mean_loss": -1.0917688945960997, "experiment_id": "160bc53f8c9645d1b282cf68a3996b1e", "date": "2019-06-03_03-53-37", "timestamp": 1559559217, "time_this_iter_s": 40.554081201553345, "time_total_s": 735.0932674407959, "pid": 21577, "hostname": "steropes", "node_ip": "169.229.49.254", "config": {"starting_lr": 0.005, "momentum": 0.99, "weight_decay": 0.0005, "steps_per_iteration": null, "pin": false, "model_creator": null, "target_batch_size": 128, "model_string": "resnet50", "min_batch_size": 128, "dataset": "CIFAR", "placement": null, "use_nccl": true, "devices_per_worker": 1, "primary_resource": "extra_gpu", "gpu": false, "verbose": false, "lr_config": {"mode": "log", "steps": 5, "initial_lr": 0.005, "target_lr": 0.005}, "batch_per_device": 128}, "time_since_restore": 735.0932674407959, "timesteps_since_restore": 0, "iterations_since_restore": 18, "mean_throughput": 1481.6064089605356, "atoms": 1, "setup_time": 9.896057367324829}
{"apply": 0.01797909736633301, "batch_time": 0.03162847893147529, "d2h": 0.0007399797439575195, "data_time": 0.0018404200863655267, "fwd": 0.028725337982177735, "get_state_time_mean": NaN, "get_state_time_total": 0.0, "grad": 0.04736711978912354, "mean_accuracy": 0.6447399854660034, "mean_loss": 1.0428940682601928, "neg_mean_accuracy": -0.6617000102996826, "set_state_time_mean": NaN, "set_state_time_total": 0.0, "setup_model_time_mean": NaN, "setup_model_time_total": 0.0, "setup_proc_time_mean": NaN, "setup_proc_time_total": 0.0, "train_accuracy": 0.6586399674415588, "train_loss": 0.9681485414886475, "training_time_mean": NaN, "training_time_total": 0.0, "val_accuracy": 0.6617000102996826, "val_loss": 1.0111981937408447, "validation_time_mean": NaN, "validation_time_total": 0.0, "samples": 60000, "num_workers": 1, "done": false, "timesteps_total": null, "episodes_total": null, "training_iteration": 19, "neg_mean_loss": -1.0428940682601928, "experiment_id": "160bc53f8c9645d1b282cf68a3996b1e", "date": "2019-06-03_03-54-17", "timestamp": 1559559257, "time_this_iter_s": 40.40343403816223, "time_total_s": 775.4967014789581, "pid": 21577, "hostname": "steropes", "node_ip": "169.229.49.254", "config": {"starting_lr": 0.005, "momentum": 0.99, "weight_decay": 0.0005, "steps_per_iteration": null, "pin": false, "model_creator": null, "target_batch_size": 128, "model_string": "resnet50", "min_batch_size": 128, "dataset": "CIFAR", "placement": null, "use_nccl": true, "devices_per_worker": 1, "primary_resource": "extra_gpu", "gpu": false, "verbose": false, "lr_config": {"mode": "log", "steps": 5, "initial_lr": 0.005, "target_lr": 0.005}, "batch_per_device": 128}, "time_since_restore": 775.4967014789581, "timesteps_since_restore": 0, "iterations_since_restore": 19, "mean_throughput": 1482.383041404326, "atoms": 1, "setup_time": 9.896057367324829}
{"apply": 0.019109201431274415, "batch_time": 0.03171083293383634, "d2h": 0.0007626056671142578, "data_time": 0.0018549989861295657, "fwd": 0.028944969177246094, "get_state_time_mean": NaN, "get_state_time_total": 0.0, "grad": 0.04781675338745117, "mean_accuracy": 0.6596799850463867, "mean_loss": 1.016580404548645, "neg_mean_accuracy": -0.6904999613761902, "set_state_time_mean": NaN, "set_state_time_total": 0.0, "setup_model_time_mean": NaN, "setup_model_time_total": 0.0, "setup_proc_time_mean": NaN, "setup_proc_time_total": 0.0, "train_accuracy": 0.6706799864768982, "train_loss": 0.9389846127319336, "training_time_mean": NaN, "training_time_total": 0.0, "val_accuracy": 0.6904999613761902, "val_loss": 0.9764048597335816, "validation_time_mean": NaN, "validation_time_total": 0.0, "samples": 60000, "num_workers": 1, "done": false, "timesteps_total": null, "episodes_total": null, "training_iteration": 20, "neg_mean_loss": -1.016580404548645, "experiment_id": "160bc53f8c9645d1b282cf68a3996b1e", "date": "2019-06-03_03-54-58", "timestamp": 1559559298, "time_this_iter_s": 40.47016191482544, "time_total_s": 815.9668633937836, "pid": 21577, "hostname": "steropes", "node_ip": "169.229.49.254", "config": {"starting_lr": 0.005, "momentum": 0.99, "weight_decay": 0.0005, "steps_per_iteration": null, "pin": false, "model_creator": null, "target_batch_size": 128, "model_string": "resnet50", "min_batch_size": 128, "dataset": "CIFAR", "placement": null, "use_nccl": true, "devices_per_worker": 1, "primary_resource": "extra_gpu", "gpu": false, "verbose": false, "lr_config": {"mode": "log", "steps": 5, "initial_lr": 0.005, "target_lr": 0.005}, "batch_per_device": 128}, "time_since_restore": 815.9668633937836, "timesteps_since_restore": 0, "iterations_since_restore": 20, "mean_throughput": 1482.5307268453507, "atoms": 1, "setup_time": 9.896057367324829}
{"apply": 0.017223834991455078, "batch_time": 0.03205989584138122, "d2h": 0.0007095813751220703, "data_time": 0.0018272948691912014, "fwd": 0.027895474433898927, "get_state_time_mean": NaN, "get_state_time_total": 0.0, "grad": 0.04822196960449219, "mean_accuracy": 0.6749399781227112, "mean_loss": 0.9740197666931152, "neg_mean_accuracy": -0.7009999752044678, "set_state_time_mean": NaN, "set_state_time_total": 0.0, "setup_model_time_mean": NaN, "setup_model_time_total": 0.0, "setup_proc_time_mean": NaN, "setup_proc_time_total": 0.0, "train_accuracy": 0.6852399706840515, "train_loss": 0.8998484332466126, "training_time_mean": NaN, "training_time_total": 0.0, "val_accuracy": 0.7009999752044678, "val_loss": 0.8821451642990112, "validation_time_mean": NaN, "validation_time_total": 0.0, "samples": 60000, "num_workers": 1, "done": false, "timesteps_total": null, "episodes_total": null, "training_iteration": 21, "neg_mean_loss": -0.9740197666931152, "experiment_id": "160bc53f8c9645d1b282cf68a3996b1e", "date": "2019-06-03_03-55-38", "timestamp": 1559559338, "time_this_iter_s": 40.409366607666016, "time_total_s": 856.3762300014496, "pid": 21577, "hostname": "steropes", "node_ip": "169.229.49.254", "config": {"starting_lr": 0.005, "momentum": 0.99, "weight_decay": 0.0005, "steps_per_iteration": null, "pin": false, "model_creator": null, "target_batch_size": 128, "model_string": "resnet50", "min_batch_size": 128, "dataset": "CIFAR", "placement": null, "use_nccl": true, "devices_per_worker": 1, "primary_resource": "extra_gpu", "gpu": false, "verbose": false, "lr_config": {"mode": "log", "steps": 5, "initial_lr": 0.005, "target_lr": 0.005}, "batch_per_device": 128}, "time_since_restore": 856.3762300014496, "timesteps_since_restore": 0, "iterations_since_restore": 21, "mean_throughput": 1481.7179257867997, "atoms": 1, "setup_time": 9.896057367324829}
{"apply": 0.017707133293151857, "batch_time": 0.031822630121738096, "d2h": 0.000722503662109375, "data_time": 0.0018493677953929852, "fwd": 0.028316211700439454, "get_state_time_mean": NaN, "get_state_time_total": 0.0, "grad": 0.04762632846832275, "mean_accuracy": 0.6817799806594849, "mean_loss": 0.9531091946220398, "neg_mean_accuracy": -0.6970999836921692, "set_state_time_mean": NaN, "set_state_time_total": 0.0, "setup_model_time_mean": NaN, "setup_model_time_total": 0.0, "setup_proc_time_mean": NaN, "setup_proc_time_total": 0.0, "train_accuracy": 0.6986199617385864, "train_loss": 0.8627770024490357, "training_time_mean": NaN, "training_time_total": 0.0, "val_accuracy": 0.6970999836921692, "val_loss": 0.8917209559440613, "validation_time_mean": NaN, "validation_time_total": 0.0, "samples": 60000, "num_workers": 1, "done": false, "timesteps_total": null, "episodes_total": null, "training_iteration": 22, "neg_mean_loss": -0.9531091946220398, "experiment_id": "160bc53f8c9645d1b282cf68a3996b1e", "date": "2019-06-03_03-56-18", "timestamp": 1559559378, "time_this_iter_s": 40.372864723205566, "time_total_s": 896.7490947246552, "pid": 21577, "hostname": "steropes", "node_ip": "169.229.49.254", "config": {"starting_lr": 0.005, "momentum": 0.99, "weight_decay": 0.0005, "steps_per_iteration": null, "pin": false, "model_creator": null, "target_batch_size": 128, "model_string": "resnet50", "min_batch_size": 128, "dataset": "CIFAR", "placement": null, "use_nccl": true, "devices_per_worker": 1, "primary_resource": "extra_gpu", "gpu": false, "verbose": false, "lr_config": {"mode": "log", "steps": 5, "initial_lr": 0.005, "target_lr": 0.005}, "batch_per_device": 128}, "time_since_restore": 896.7490947246552, "timesteps_since_restore": 0, "iterations_since_restore": 22, "mean_throughput": 1483.6034316351695, "atoms": 1, "setup_time": 9.896057367324829}
{"apply": 0.01694653034210205, "batch_time": 0.0321666077722477, "d2h": 0.0007162094116210938, "data_time": 0.0018219807568718405, "fwd": 0.02719876766204834, "get_state_time_mean": NaN, "get_state_time_total": 0.0, "grad": 0.0471933126449585, "mean_accuracy": 0.692799985408783, "mean_loss": 0.9208686679649354, "neg_mean_accuracy": -0.713699996471405, "set_state_time_mean": NaN, "set_state_time_total": 0.0, "setup_model_time_mean": NaN, "setup_model_time_total": 0.0, "setup_proc_time_mean": NaN, "setup_proc_time_total": 0.0, "train_accuracy": 0.7028200030326843, "train_loss": 0.8509962504196167, "training_time_mean": NaN, "training_time_total": 0.0, "val_accuracy": 0.713699996471405, "val_loss": 0.8428741661071777, "validation_time_mean": NaN, "validation_time_total": 0.0, "samples": 60000, "num_workers": 1, "done": false, "timesteps_total": null, "episodes_total": null, "training_iteration": 23, "neg_mean_loss": -0.9208686679649354, "experiment_id": "160bc53f8c9645d1b282cf68a3996b1e", "date": "2019-06-03_03-56-59", "timestamp": 1559559419, "time_this_iter_s": 40.50279951095581, "time_total_s": 937.251894235611, "pid": 21577, "hostname": "steropes", "node_ip": "169.229.49.254", "config": {"starting_lr": 0.005, "momentum": 0.99, "weight_decay": 0.0005, "steps_per_iteration": null, "pin": false, "model_creator": null, "target_batch_size": 128, "model_string": "resnet50", "min_batch_size": 128, "dataset": "CIFAR", "placement": null, "use_nccl": true, "devices_per_worker": 1, "primary_resource": "extra_gpu", "gpu": false, "verbose": false, "lr_config": {"mode": "log", "steps": 5, "initial_lr": 0.005, "target_lr": 0.005}, "batch_per_device": 128}, "time_since_restore": 937.251894235611, "timesteps_since_restore": 0, "iterations_since_restore": 23, "mean_throughput": 1483.9797860278184, "atoms": 1, "setup_time": 9.896057367324829}
{"apply": 0.017815446853637694, "batch_time": 0.03284845774686789, "d2h": 0.0007564067840576172, "data_time": 0.0018266558342272669, "fwd": 0.029033827781677245, "get_state_time_mean": NaN, "get_state_time_total": 0.0, "grad": 0.047081804275512694, "mean_accuracy": 0.7023799777030945, "mean_loss": 0.8892603483200073, "neg_mean_accuracy": -0.7095999717712402, "set_state_time_mean": NaN, "set_state_time_total": 0.0, "setup_model_time_mean": NaN, "setup_model_time_total": 0.0, "setup_proc_time_mean": NaN, "setup_proc_time_total": 0.0, "train_accuracy": 0.7102999687194824, "train_loss": 0.8412312907791137, "training_time_mean": NaN, "training_time_total": 0.0, "val_accuracy": 0.7095999717712402, "val_loss": 0.8531565955162048, "validation_time_mean": NaN, "validation_time_total": 0.0, "samples": 60000, "num_workers": 1, "done": false, "timesteps_total": null, "episodes_total": null, "training_iteration": 24, "neg_mean_loss": -0.8892603483200073, "experiment_id": "160bc53f8c9645d1b282cf68a3996b1e", "date": "2019-06-03_03-57-39", "timestamp": 1559559459, "time_this_iter_s": 40.38763403892517, "time_total_s": 977.6395282745361, "pid": 21577, "hostname": "steropes", "node_ip": "169.229.49.254", "config": {"starting_lr": 0.005, "momentum": 0.99, "weight_decay": 0.0005, "steps_per_iteration": null, "pin": false, "model_creator": null, "target_batch_size": 128, "model_string": "resnet50", "min_batch_size": 128, "dataset": "CIFAR", "placement": null, "use_nccl": true, "devices_per_worker": 1, "primary_resource": "extra_gpu", "gpu": false, "verbose": false, "lr_config": {"mode": "log", "steps": 5, "initial_lr": 0.005, "target_lr": 0.005}, "batch_per_device": 128}, "time_since_restore": 977.6395282745361, "timesteps_since_restore": 0, "iterations_since_restore": 24, "mean_throughput": 1484.0962605271775, "atoms": 1, "setup_time": 9.896057367324829}
{"apply": 0.016776394844055176, "batch_time": 0.03154453144797796, "d2h": 0.0007095813751220703, "data_time": 0.0018362956278769257, "fwd": 0.027165937423706054, "get_state_time_mean": NaN, "get_state_time_total": 0.0, "grad": 0.04702866077423096, "mean_accuracy": 0.7128799796104431, "mean_loss": 0.8438763263511657, "neg_mean_accuracy": -0.7429999709129333, "set_state_time_mean": NaN, "set_state_time_total": 0.0, "setup_model_time_mean": NaN, "setup_model_time_total": 0.0, "setup_proc_time_mean": NaN, "setup_proc_time_total": 0.0, "train_accuracy": 0.7200799584388733, "train_loss": 0.810690613040924, "training_time_mean": NaN, "training_time_total": 0.0, "val_accuracy": 0.7429999709129333, "val_loss": 0.7494847498893737, "validation_time_mean": NaN, "validation_time_total": 0.0, "samples": 60000, "num_workers": 1, "done": false, "timesteps_total": null, "episodes_total": null, "training_iteration": 25, "neg_mean_loss": -0.8438763263511657, "experiment_id": "160bc53f8c9645d1b282cf68a3996b1e", "date": "2019-06-03_03-58-20", "timestamp": 1559559500, "time_this_iter_s": 40.359742403030396, "time_total_s": 1017.9992706775665, "pid": 21577, "hostname": "steropes", "node_ip": "169.229.49.254", "config": {"starting_lr": 0.005, "momentum": 0.99, "weight_decay": 0.0005, "steps_per_iteration": null, "pin": false, "model_creator": null, "target_batch_size": 128, "model_string": "resnet50", "min_batch_size": 128, "dataset": "CIFAR", "placement": null, "use_nccl": true, "devices_per_worker": 1, "primary_resource": "extra_gpu", "gpu": false, "verbose": false, "lr_config": {"mode": "log", "steps": 5, "initial_lr": 0.005, "target_lr": 0.005}, "batch_per_device": 128}, "time_since_restore": 1017.9992706775665, "timesteps_since_restore": 0, "iterations_since_restore": 25, "mean_throughput": 1484.9068757736052, "atoms": 1, "setup_time": 9.896057367324829}
{"apply": 0.01730787754058838, "batch_time": 0.03515615342538568, "d2h": 0.0008103370666503907, "data_time": 0.0018072213663164612, "fwd": 0.02816617488861084, "get_state_time_mean": NaN, "get_state_time_total": 0.0, "grad": 0.04642326831817627, "mean_accuracy": 0.7176399827003479, "mean_loss": 0.8272700329208373, "neg_mean_accuracy": -0.7247999906539917, "set_state_time_mean": NaN, "set_state_time_total": 0.0, "setup_model_time_mean": NaN, "setup_model_time_total": 0.0, "setup_proc_time_mean": NaN, "setup_proc_time_total": 0.0, "train_accuracy": 0.7269200086593628, "train_loss": 0.7905171471405029, "training_time_mean": NaN, "training_time_total": 0.0, "val_accuracy": 0.7247999906539917, "val_loss": 0.7991136971473694, "validation_time_mean": NaN, "validation_time_total": 0.0, "samples": 60000, "num_workers": 1, "done": false, "timesteps_total": null, "episodes_total": null, "training_iteration": 26, "neg_mean_loss": -0.8272700329208373, "experiment_id": "160bc53f8c9645d1b282cf68a3996b1e", "date": "2019-06-03_03-59-00", "timestamp": 1559559540, "time_this_iter_s": 40.687174797058105, "time_total_s": 1058.6864454746246, "pid": 21577, "hostname": "steropes", "node_ip": "169.229.49.254", "config": {"starting_lr": 0.005, "momentum": 0.99, "weight_decay": 0.0005, "steps_per_iteration": null, "pin": false, "model_creator": null, "target_batch_size": 128, "model_string": "resnet50", "min_batch_size": 128, "dataset": "CIFAR", "placement": null, "use_nccl": true, "devices_per_worker": 1, "primary_resource": "extra_gpu", "gpu": false, "verbose": false, "lr_config": {"mode": "log", "steps": 5, "initial_lr": 0.005, "target_lr": 0.005}, "batch_per_device": 128}, "time_since_restore": 1058.6864454746246, "timesteps_since_restore": 0, "iterations_since_restore": 26, "mean_throughput": 1482.8676990917188, "atoms": 1, "setup_time": 9.896057367324829}
{"apply": 0.01820211410522461, "batch_time": 0.031676461425008656, "d2h": 0.0007068395614624023, "data_time": 0.001794822990436993, "fwd": 0.028128719329833983, "get_state_time_mean": NaN, "get_state_time_total": 0.0, "grad": 0.04713640213012695, "mean_accuracy": 0.7253799796104431, "mean_loss": 0.8008746553802488, "neg_mean_accuracy": -0.7357999682426453, "set_state_time_mean": NaN, "set_state_time_total": 0.0, "setup_model_time_mean": NaN, "setup_model_time_total": 0.0, "setup_proc_time_mean": NaN, "setup_proc_time_total": 0.0, "train_accuracy": 0.7342199683189392, "train_loss": 0.7669741017150878, "training_time_mean": NaN, "training_time_total": 0.0, "val_accuracy": 0.7357999682426453, "val_loss": 0.7597440682411194, "validation_time_mean": NaN, "validation_time_total": 0.0, "samples": 60000, "num_workers": 1, "done": false, "timesteps_total": null, "episodes_total": null, "training_iteration": 27, "neg_mean_loss": -0.8008746553802488, "experiment_id": "160bc53f8c9645d1b282cf68a3996b1e", "date": "2019-06-03_03-59-41", "timestamp": 1559559581, "time_this_iter_s": 40.32356023788452, "time_total_s": 1099.0100057125092, "pid": 21577, "hostname": "steropes", "node_ip": "169.229.49.254", "config": {"starting_lr": 0.005, "momentum": 0.99, "weight_decay": 0.0005, "steps_per_iteration": null, "pin": false, "model_creator": null, "target_batch_size": 128, "model_string": "resnet50", "min_batch_size": 128, "dataset": "CIFAR", "placement": null, "use_nccl": true, "devices_per_worker": 1, "primary_resource": "extra_gpu", "gpu": false, "verbose": false, "lr_config": {"mode": "log", "steps": 5, "initial_lr": 0.005, "target_lr": 0.005}, "batch_per_device": 128}, "time_since_restore": 1099.0100057125092, "timesteps_since_restore": 0, "iterations_since_restore": 27, "mean_throughput": 1483.22914234863, "atoms": 1, "setup_time": 9.896057367324829}
{"apply": 0.01735866069793701, "batch_time": 0.0318017156818245, "d2h": 0.0006909608840942383, "data_time": 0.0018142294091031985, "fwd": 0.02783679962158203, "get_state_time_mean": NaN, "get_state_time_total": 0.0, "grad": 0.04728717803955078, "mean_accuracy": 0.7268999814987183, "mean_loss": 0.796625894832611, "neg_mean_accuracy": -0.7213000059127808, "set_state_time_mean": NaN, "set_state_time_total": 0.0, "setup_model_time_mean": NaN, "setup_model_time_total": 0.0, "setup_proc_time_mean": NaN, "setup_proc_time_total": 0.0, "train_accuracy": 0.7385799884796143, "train_loss": 0.7525324214935303, "training_time_mean": NaN, "training_time_total": 0.0, "val_accuracy": 0.7213000059127808, "val_loss": 0.8216303633689881, "validation_time_mean": NaN, "validation_time_total": 0.0, "samples": 60000, "num_workers": 1, "done": false, "timesteps_total": null, "episodes_total": null, "training_iteration": 28, "neg_mean_loss": -0.796625894832611, "experiment_id": "160bc53f8c9645d1b282cf68a3996b1e", "date": "2019-06-03_04-00-21", "timestamp": 1559559621, "time_this_iter_s": 40.238953590393066, "time_total_s": 1139.2489593029022, "pid": 21577, "hostname": "steropes", "node_ip": "169.229.49.254", "config": {"starting_lr": 0.005, "momentum": 0.99, "weight_decay": 0.0005, "steps_per_iteration": null, "pin": false, "model_creator": null, "target_batch_size": 128, "model_string": "resnet50", "min_batch_size": 128, "dataset": "CIFAR", "placement": null, "use_nccl": true, "devices_per_worker": 1, "primary_resource": "extra_gpu", "gpu": false, "verbose": false, "lr_config": {"mode": "log", "steps": 5, "initial_lr": 0.005, "target_lr": 0.005}, "batch_per_device": 128}, "time_since_restore": 1139.2489593029022, "timesteps_since_restore": 0, "iterations_since_restore": 28, "mean_throughput": 1485.166522672492, "atoms": 1, "setup_time": 9.896057367324829}
{"apply": 0.021122956275939943, "batch_time": 0.03163580653033679, "d2h": 0.0007326841354370117, "data_time": 0.001848768395231203, "fwd": 0.029723262786865233, "get_state_time_mean": NaN, "get_state_time_total": 0.0, "grad": 0.04764409065246582, "mean_accuracy": 0.7356599807739258, "mean_loss": 0.7692775352096558, "neg_mean_accuracy": -0.7533999681472778, "set_state_time_mean": NaN, "set_state_time_total": 0.0, "setup_model_time_mean": NaN, "setup_model_time_total": 0.0, "setup_proc_time_mean": NaN, "setup_proc_time_total": 0.0, "train_accuracy": 0.7398599982261658, "train_loss": 0.7548841358184815, "training_time_mean": NaN, "training_time_total": 0.0, "val_accuracy": 0.7533999681472778, "val_loss": 0.7164147974014282, "validation_time_mean": NaN, "validation_time_total": 0.0, "samples": 60000, "num_workers": 1, "done": false, "timesteps_total": null, "episodes_total": null, "training_iteration": 29, "neg_mean_loss": -0.7692775352096558, "experiment_id": "160bc53f8c9645d1b282cf68a3996b1e", "date": "2019-06-03_04-01-01", "timestamp": 1559559661, "time_this_iter_s": 40.40746521949768, "time_total_s": 1179.6564245224, "pid": 21577, "hostname": "steropes", "node_ip": "169.229.49.254", "config": {"starting_lr": 0.005, "momentum": 0.99, "weight_decay": 0.0005, "steps_per_iteration": null, "pin": false, "model_creator": null, "target_batch_size": 128, "model_string": "resnet50", "min_batch_size": 128, "dataset": "CIFAR", "placement": null, "use_nccl": true, "devices_per_worker": 1, "primary_resource": "extra_gpu", "gpu": false, "verbose": false, "lr_config": {"mode": "log", "steps": 5, "initial_lr": 0.005, "target_lr": 0.005}, "batch_per_device": 128}, "time_since_restore": 1179.6564245224, "timesteps_since_restore": 0, "iterations_since_restore": 29, "mean_throughput": 1485.0207915812641, "atoms": 1, "setup_time": 9.896057367324829}
{"apply": 0.01731441020965576, "batch_time": 0.032097288324863096, "d2h": 0.000719141960144043, "data_time": 0.0018159751696964664, "fwd": 0.027571654319763182, "get_state_time_mean": NaN, "get_state_time_total": 0.0, "grad": 0.04775211811065674, "mean_accuracy": 0.7359599828720093, "mean_loss": 0.7670096157836914, "neg_mean_accuracy": -0.7444999814033508, "set_state_time_mean": NaN, "set_state_time_total": 0.0, "setup_model_time_mean": NaN, "setup_model_time_total": 0.0, "setup_proc_time_mean": NaN, "setup_proc_time_total": 0.0, "train_accuracy": 0.7524399757385254, "train_loss": 0.7196293437957764, "training_time_mean": NaN, "training_time_total": 0.0, "val_accuracy": 0.7444999814033508, "val_loss": 0.738145152759552, "validation_time_mean": NaN, "validation_time_total": 0.0, "samples": 60000, "num_workers": 1, "done": false, "timesteps_total": null, "episodes_total": null, "training_iteration": 30, "neg_mean_loss": -0.7670096157836914, "experiment_id": "160bc53f8c9645d1b282cf68a3996b1e", "date": "2019-06-03_04-01-42", "timestamp": 1559559702, "time_this_iter_s": 40.348196506500244, "time_total_s": 1220.0046210289001, "pid": 21577, "hostname": "steropes", "node_ip": "169.229.49.254", "config": {"starting_lr": 0.005, "momentum": 0.99, "weight_decay": 0.0005, "steps_per_iteration": null, "pin": false, "model_creator": null, "target_batch_size": 128, "model_string": "resnet50", "min_batch_size": 128, "dataset": "CIFAR", "placement": null, "use_nccl": true, "devices_per_worker": 1, "primary_resource": "extra_gpu", "gpu": false, "verbose": false, "lr_config": {"mode": "log", "steps": 5, "initial_lr": 0.005, "target_lr": 0.005}, "batch_per_device": 128}, "time_since_restore": 1220.0046210289001, "timesteps_since_restore": 0, "iterations_since_restore": 30, "mean_throughput": 1485.1056540325699, "atoms": 1, "setup_time": 9.896057367324829}
{"apply": 0.017070555686950685, "batch_time": 0.031600294233877446, "d2h": 0.0007389545440673828, "data_time": 0.0018274156028962197, "fwd": 0.027633118629455566, "get_state_time_mean": NaN, "get_state_time_total": 0.0, "grad": 0.04676673412322998, "mean_accuracy": 0.7399799823760986, "mean_loss": 0.7584455328178406, "neg_mean_accuracy": -0.7448999881744385, "set_state_time_mean": NaN, "set_state_time_total": 0.0, "setup_model_time_mean": NaN, "setup_model_time_total": 0.0, "setup_proc_time_mean": NaN, "setup_proc_time_total": 0.0, "train_accuracy": 0.7531799674034119, "train_loss": 0.7181519414520263, "training_time_mean": NaN, "training_time_total": 0.0, "val_accuracy": 0.7448999881744385, "val_loss": 0.7562932823181152, "validation_time_mean": NaN, "validation_time_total": 0.0, "samples": 60000, "num_workers": 1, "done": false, "timesteps_total": null, "episodes_total": null, "training_iteration": 31, "neg_mean_loss": -0.7584455328178406, "experiment_id": "160bc53f8c9645d1b282cf68a3996b1e", "date": "2019-06-03_04-02-22", "timestamp": 1559559742, "time_this_iter_s": 40.64143490791321, "time_total_s": 1260.6460559368134, "pid": 21577, "hostname": "steropes", "node_ip": "169.229.49.254", "config": {"starting_lr": 0.005, "momentum": 0.99, "weight_decay": 0.0005, "steps_per_iteration": null, "pin": false, "model_creator": null, "target_batch_size": 128, "model_string": "resnet50", "min_batch_size": 128, "dataset": "CIFAR", "placement": null, "use_nccl": true, "devices_per_worker": 1, "primary_resource": "extra_gpu", "gpu": false, "verbose": false, "lr_config": {"mode": "log", "steps": 5, "initial_lr": 0.005, "target_lr": 0.005}, "batch_per_device": 128}, "time_since_restore": 1260.6460559368134, "timesteps_since_restore": 0, "iterations_since_restore": 31, "mean_throughput": 1485.4421373063517, "atoms": 1, "setup_time": 9.896057367324829}
{"apply": 0.01700453758239746, "batch_time": 0.03143008449409582, "d2h": 0.0007138729095458984, "data_time": 0.0018513739261480854, "fwd": 0.02722654342651367, "get_state_time_mean": NaN, "get_state_time_total": 0.0, "grad": 0.04701566696166992, "mean_accuracy": 0.7455799818038941, "mean_loss": 0.7460850498962402, "neg_mean_accuracy": -0.7637999653816223, "set_state_time_mean": NaN, "set_state_time_total": 0.0, "setup_model_time_mean": NaN, "setup_model_time_total": 0.0, "setup_proc_time_mean": NaN, "setup_proc_time_total": 0.0, "train_accuracy": 0.753059983253479, "train_loss": 0.7173205538749695, "training_time_mean": NaN, "training_time_total": 0.0, "val_accuracy": 0.7637999653816223, "val_loss": 0.6979416536331177, "validation_time_mean": NaN, "validation_time_total": 0.0, "samples": 60000, "num_workers": 1, "done": false, "timesteps_total": null, "episodes_total": null, "training_iteration": 32, "neg_mean_loss": -0.7460850498962402, "experiment_id": "160bc53f8c9645d1b282cf68a3996b1e", "date": "2019-06-03_04-03-03", "timestamp": 1559559783, "time_this_iter_s": 40.27680587768555, "time_total_s": 1300.922861814499, "pid": 21577, "hostname": "steropes", "node_ip": "169.229.49.254", "config": {"starting_lr": 0.005, "momentum": 0.99, "weight_decay": 0.0005, "steps_per_iteration": null, "pin": false, "model_creator": null, "target_batch_size": 128, "model_string": "resnet50", "min_batch_size": 128, "dataset": "CIFAR", "placement": null, "use_nccl": true, "devices_per_worker": 1, "primary_resource": "extra_gpu", "gpu": false, "verbose": false, "lr_config": {"mode": "log", "steps": 5, "initial_lr": 0.005, "target_lr": 0.005}, "batch_per_device": 128}, "time_since_restore": 1300.922861814499, "timesteps_since_restore": 0, "iterations_since_restore": 32, "mean_throughput": 1485.7861257917698, "atoms": 1, "setup_time": 9.896057367324829}
