{"apply": 0.01750349998474121, "batch_time": 0.041541443595403356, "d2h": 0.00071868896484375, "data_time": 0.001937680232250477, "fwd": 0.11603970527648926, "get_state_time_mean": NaN, "get_state_time_total": 0.0, "grad": 0.16571664810180664, "mean_accuracy": 0.27079999446868896, "mean_loss": 3.621228140258789, "neg_mean_accuracy": -0.27079999446868896, "set_state_time_mean": NaN, "set_state_time_total": 0.0, "setup_model_time_mean": 8.808405637741089, "setup_model_time_total": 8.808405637741089, "setup_proc_time_mean": 0.41065025329589844, "setup_proc_time_total": 0.41065025329589844, "train_accuracy": 0.2063799947500229, "train_loss": 2.570512879180908, "training_time_mean": NaN, "training_time_total": 0.0, "val_accuracy": 0.27079999446868896, "val_loss": 3.621228140258789, "validation_time_mean": NaN, "validation_time_total": 0.0, "samples": 60000, "num_workers": 1, "done": false, "timesteps_total": null, "episodes_total": null, "training_iteration": 1, "neg_mean_loss": -3.621228140258789, "experiment_id": "89bd53610b1043ae9d2575cfe180db37", "date": "2019-06-06_13-21-37", "timestamp": 1559852497, "time_this_iter_s": 46.055235385894775, "time_total_s": 46.055235385894775, "pid": 14598, "hostname": "steropes", "node_ip": "169.229.49.254", "config": {"starting_lr": 0.001, "momentum": 0.997, "weight_decay": 0.0005, "steps_per_iteration": null, "pin": false, "model_creator": null, "target_batch_size": 128, "model_string": "resnet50", "min_batch_size": 128, "dataset": "CIFAR", "placement": null, "use_nccl": true, "devices_per_worker": 1, "primary_resource": "extra_gpu", "gpu": false, "verbose": false, "lr_config": {"mode": "log", "steps": 5, "initial_lr": 0.001, "target_lr": 0.001}, "batch_per_device": 128}, "time_since_restore": 46.055235385894775, "timesteps_since_restore": 0, "iterations_since_restore": 1, "mean_throughput": 1302.7793023106794, "atoms": 1, "setup_time": 9.331584930419922}
{"apply": 0.019191622734069824, "batch_time": 0.032781075827683075, "d2h": 0.0007002592086791992, "data_time": 0.001840474355556166, "fwd": 0.029464244842529297, "get_state_time_mean": NaN, "get_state_time_total": 0.0, "grad": 0.05026445388793945, "mean_accuracy": 0.26739999651908875, "mean_loss": 11.250690257263184, "neg_mean_accuracy": -0.2639999985694885, "set_state_time_mean": NaN, "set_state_time_total": 0.0, "setup_model_time_mean": NaN, "setup_model_time_total": 0.0, "setup_proc_time_mean": NaN, "setup_proc_time_total": 0.0, "train_accuracy": 0.2692599892616272, "train_loss": 3.3651452084350586, "training_time_mean": NaN, "training_time_total": 0.0, "val_accuracy": 0.2639999985694885, "val_loss": 18.880152374267578, "validation_time_mean": NaN, "validation_time_total": 0.0, "samples": 60000, "num_workers": 1, "done": false, "timesteps_total": null, "episodes_total": null, "training_iteration": 2, "neg_mean_loss": -11.250690257263184, "experiment_id": "89bd53610b1043ae9d2575cfe180db37", "date": "2019-06-06_13-22-18", "timestamp": 1559852538, "time_this_iter_s": 40.72750401496887, "time_total_s": 86.78273940086365, "pid": 14598, "hostname": "steropes", "node_ip": "169.229.49.254", "config": {"starting_lr": 0.001, "momentum": 0.997, "weight_decay": 0.0005, "steps_per_iteration": null, "pin": false, "model_creator": null, "target_batch_size": 128, "model_string": "resnet50", "min_batch_size": 128, "dataset": "CIFAR", "placement": null, "use_nccl": true, "devices_per_worker": 1, "primary_resource": "extra_gpu", "gpu": false, "verbose": false, "lr_config": {"mode": "log", "steps": 5, "initial_lr": 0.001, "target_lr": 0.001}, "batch_per_device": 128}, "time_since_restore": 86.78273940086365, "timesteps_since_restore": 0, "iterations_since_restore": 2, "mean_throughput": 1382.7597825499154, "atoms": 1, "setup_time": 9.331584930419922}
{"apply": 0.016818809509277343, "batch_time": 0.03175892407381082, "d2h": 0.0007144451141357422, "data_time": 0.001839828003397988, "fwd": 0.027479910850524904, "get_state_time_mean": NaN, "get_state_time_total": 0.0, "grad": 0.048526859283447264, "mean_accuracy": 0.2827999989191691, "mean_loss": 10.561659287516276, "neg_mean_accuracy": -0.31360000371932983, "set_state_time_mean": NaN, "set_state_time_total": 0.0, "setup_model_time_mean": NaN, "setup_model_time_total": 0.0, "setup_proc_time_mean": NaN, "setup_proc_time_total": 0.0, "train_accuracy": 0.2755799889564514, "train_loss": 2.8696652946472168, "training_time_mean": NaN, "training_time_total": 0.0, "val_accuracy": 0.31360000371932983, "val_loss": 9.183597348022461, "validation_time_mean": NaN, "validation_time_total": 0.0, "samples": 60000, "num_workers": 1, "done": true, "timesteps_total": null, "episodes_total": null, "training_iteration": 3, "neg_mean_loss": -10.561659287516276, "experiment_id": "89bd53610b1043ae9d2575cfe180db37", "date": "2019-06-06_13-22-59", "timestamp": 1559852579, "time_this_iter_s": 40.70697331428528, "time_total_s": 127.48971271514893, "pid": 14598, "hostname": "steropes", "node_ip": "169.229.49.254", "config": {"starting_lr": 0.001, "momentum": 0.997, "weight_decay": 0.0005, "steps_per_iteration": null, "pin": false, "model_creator": null, "target_batch_size": 128, "model_string": "resnet50", "min_batch_size": 128, "dataset": "CIFAR", "placement": null, "use_nccl": true, "devices_per_worker": 1, "primary_resource": "extra_gpu", "gpu": false, "verbose": false, "lr_config": {"mode": "log", "steps": 5, "initial_lr": 0.001, "target_lr": 0.001}, "batch_per_device": 128}, "time_since_restore": 127.48971271514893, "timesteps_since_restore": 0, "iterations_since_restore": 3, "mean_throughput": 1411.8751902729157, "atoms": 1, "setup_time": 9.331584930419922}
