apply,batch_time,d2h,data_time,fwd,get_state_time_mean,get_state_time_total,grad,mean_accuracy,mean_loss,neg_mean_accuracy,set_state_time_mean,set_state_time_total,setup_model_time_mean,setup_model_time_total,setup_proc_time_mean,setup_proc_time_total,train_accuracy,train_loss,training_time_mean,training_time_total,validation_time_mean,validation_time_total,samples,num_workers,done,timesteps_total,episodes_total,training_iteration,neg_mean_loss,experiment_id,date,timestamp,time_this_iter_s,time_total_s,pid,hostname,node_ip,config,time_since_restore,timesteps_since_restore,iterations_since_restore,mean_throughput,atoms
0.007527565956115723,0.1745614767074585,0.004608154296875,0.038614866684894174,0.09659335613250733,nan,0.0,0.20569272041320802,0.10339999943971634,2.6591502876281736,-0.10339999943971634,nan,0.0,11.451225996017456,11.451225996017456,1.5923080444335938,1.5923080444335938,0.10095999389886856,6.560348749771118,nan,0.0,nan,0.0,60000,1,False,,,1,-2.6591502876281736,33a37d2343fa4a559e7ad9cadbf22430,2019-05-30_14-25-32,1559251532,12.007546663284302,12.007546663284302,26968,steropes,169.229.49.254,"{'starting_lr': 1.0, 'momentum': 0.9, 'weight_decay': 0.0001, 'steps_per_iteration': None, 'pin': False, 'model_creator': None, 'target_batch_size': 1024, 'model_string': 'resnet18', 'min_batch_size': 512, 'dataset': 'CIFAR', 'placement': None, 'use_nccl': True, 'devices_per_worker': 1, 'primary_resource': 'extra_gpu', 'gpu': False, 'verbose': False, 'lr_config': {'mode': 'log', 'steps': 5, 'initial_lr': 1.0, 'target_lr': 1.0}, 'batch_per_device': 1024}",12.007546663284302,0,1,4996.821815634094,1
0.007811284065246582,0.12675621509552001,0.00469818115234375,0.04544373434417102,0.021379685401916503,nan,0.0,0.042625045776367186,0.10019999742507935,2.3090548164367677,-0.10019999742507935,nan,0.0,nan,0.0,nan,0.0,0.10517999529838562,2.34981340423584,nan,0.0,nan,0.0,60000,1,False,,,2,-2.3090548164367677,33a37d2343fa4a559e7ad9cadbf22430,2019-05-30_14-25-40,1559251540,8.061778783798218,20.06932544708252,26968,steropes,169.229.49.254,"{'starting_lr': 1.0, 'momentum': 0.9, 'weight_decay': 0.0001, 'steps_per_iteration': None, 'pin': False, 'model_creator': None, 'target_batch_size': 1024, 'model_string': 'resnet18', 'min_batch_size': 512, 'dataset': 'CIFAR', 'placement': None, 'use_nccl': True, 'devices_per_worker': 1, 'primary_resource': 'extra_gpu', 'gpu': False, 'verbose': False, 'lr_config': {'mode': 'log', 'steps': 5, 'initial_lr': 1.0, 'target_lr': 1.0}, 'batch_per_device': 1024}",20.06932544708252,0,2,5979.224769055996,1
0.008454132080078124,0.12566280364990234,0.008275222778320313,0.03822749974776288,0.02498164176940918,nan,0.0,0.04910047054290771,0.1696999967098236,2.1844827526092527,-0.1696999967098236,nan,0.0,nan,0.0,nan,0.0,0.14521999657154083,2.2129185743713378,nan,0.0,nan,0.0,60000,1,False,,,3,-2.1844827526092527,33a37d2343fa4a559e7ad9cadbf22430,2019-05-30_14-25-48,1559251548,8.062596082687378,28.131921529769897,26968,steropes,169.229.49.254,"{'starting_lr': 1.0, 'momentum': 0.9, 'weight_decay': 0.0001, 'steps_per_iteration': None, 'pin': False, 'model_creator': None, 'target_batch_size': 1024, 'model_string': 'resnet18', 'min_batch_size': 512, 'dataset': 'CIFAR', 'placement': None, 'use_nccl': True, 'devices_per_worker': 1, 'primary_resource': 'extra_gpu', 'gpu': False, 'verbose': False, 'lr_config': {'mode': 'log', 'steps': 5, 'initial_lr': 1.0, 'target_lr': 1.0}, 'batch_per_device': 1024}",28.131921529769897,0,3,6398.3700983559875,1
0.007778620719909668,0.13632099628448485,0.004621148109436035,0.034024102347237725,0.021768355369567872,nan,0.0,0.04702229499816894,0.19820000231266022,2.00729995803833,-0.19820000231266022,nan,0.0,nan,0.0,nan,0.0,0.185139998793602,2.077357209396362,nan,0.0,nan,0.0,60000,1,False,,,4,-2.00729995803833,33a37d2343fa4a559e7ad9cadbf22430,2019-05-30_14-25-56,1559251556,7.921786308288574,36.05370783805847,26968,steropes,169.229.49.254,"{'starting_lr': 1.0, 'momentum': 0.9, 'weight_decay': 0.0001, 'steps_per_iteration': None, 'pin': False, 'model_creator': None, 'target_batch_size': 1024, 'model_string': 'resnet18', 'min_batch_size': 512, 'dataset': 'CIFAR', 'placement': None, 'use_nccl': True, 'devices_per_worker': 1, 'primary_resource': 'extra_gpu', 'gpu': False, 'verbose': False, 'lr_config': {'mode': 'log', 'steps': 5, 'initial_lr': 1.0, 'target_lr': 1.0}, 'batch_per_device': 1024}",36.05370783805847,0,4,6656.674531372166,1
0.008074665069580078,0.12502849102020264,0.008280563354492187,0.041563019460561325,0.0303269624710083,nan,0.0,0.04802217483520508,0.1939999908208847,2.0752628574371337,-0.1939999908208847,nan,0.0,nan,0.0,nan,0.0,0.19937999546527863,2.014930707321167,nan,0.0,nan,0.0,60000,1,False,,,5,-2.0752628574371337,33a37d2343fa4a559e7ad9cadbf22430,2019-05-30_14-26-04,1559251564,8.233392000198364,44.287099838256836,26968,steropes,169.229.49.254,"{'starting_lr': 1.0, 'momentum': 0.9, 'weight_decay': 0.0001, 'steps_per_iteration': None, 'pin': False, 'model_creator': None, 'target_batch_size': 1024, 'model_string': 'resnet18', 'min_batch_size': 512, 'dataset': 'CIFAR', 'placement': None, 'use_nccl': True, 'devices_per_worker': 1, 'primary_resource': 'extra_gpu', 'gpu': False, 'verbose': False, 'lr_config': {'mode': 'log', 'steps': 5, 'initial_lr': 1.0, 'target_lr': 1.0}, 'batch_per_device': 1024}",44.287099838256836,0,5,6773.918233007815,1
0.00953989028930664,0.13435156345367433,0.005011534690856934,0.03484509429153131,0.022873950004577637,nan,0.0,0.04474101066589355,0.2102999985218048,2.0620177360534666,-0.2102999985218048,nan,0.0,nan,0.0,nan,0.0,0.20695999264717102,1.965321294784546,nan,0.0,nan,0.0,60000,1,False,,,6,-2.0620177360534666,33a37d2343fa4a559e7ad9cadbf22430,2019-05-30_14-26-12,1559251572,7.860020637512207,52.14712047576904,26968,steropes,169.229.49.254,"{'starting_lr': 1.0, 'momentum': 0.9, 'weight_decay': 0.0001, 'steps_per_iteration': None, 'pin': False, 'model_creator': None, 'target_batch_size': 1024, 'model_string': 'resnet18', 'min_batch_size': 512, 'dataset': 'CIFAR', 'placement': None, 'use_nccl': True, 'devices_per_worker': 1, 'primary_resource': 'extra_gpu', 'gpu': False, 'verbose': False, 'lr_config': {'mode': 'log', 'steps': 5, 'initial_lr': 1.0, 'target_lr': 1.0}, 'batch_per_device': 1024}",52.14712047576904,0,6,7473.844908834759,1
0.008398342132568359,0.14162843227386473,0.005107569694519043,0.04873936516898019,0.026731181144714355,nan,0.0,0.04564831256866455,0.2239999920129776,1.8792511253356934,-0.2239999920129776,nan,0.0,nan,0.0,nan,0.0,0.2156199961900711,1.9313684062957763,nan,0.0,nan,0.0,60000,1,False,,,7,-1.8792511253356934,33a37d2343fa4a559e7ad9cadbf22430,2019-05-30_14-26-21,1559251581,8.558395862579346,60.70551633834839,26968,steropes,169.229.49.254,"{'starting_lr': 1.0, 'momentum': 0.9, 'weight_decay': 0.0001, 'steps_per_iteration': None, 'pin': False, 'model_creator': None, 'target_batch_size': 1024, 'model_string': 'resnet18', 'min_batch_size': 512, 'dataset': 'CIFAR', 'placement': None, 'use_nccl': True, 'devices_per_worker': 1, 'primary_resource': 'extra_gpu', 'gpu': False, 'verbose': False, 'lr_config': {'mode': 'log', 'steps': 5, 'initial_lr': 1.0, 'target_lr': 1.0}, 'batch_per_device': 1024}",60.70551633834839,0,7,7382.508127958917,1
0.008308172225952148,0.1334667444229126,0.0053557872772216795,0.03909421453670579,0.02447240352630615,nan,0.0,0.04860687255859375,0.2724999785423279,1.870076633834839,-0.2724999785423279,nan,0.0,nan,0.0,nan,0.0,0.2650199830532074,1.8535059769058229,nan,0.0,nan,0.0,60000,1,False,,,8,-1.870076633834839,33a37d2343fa4a559e7ad9cadbf22430,2019-05-30_14-26-29,1559251589,8.182816982269287,68.88833332061768,26968,steropes,169.229.49.254,"{'starting_lr': 1.0, 'momentum': 0.9, 'weight_decay': 0.0001, 'steps_per_iteration': None, 'pin': False, 'model_creator': None, 'target_batch_size': 1024, 'model_string': 'resnet18', 'min_batch_size': 512, 'dataset': 'CIFAR', 'placement': None, 'use_nccl': True, 'devices_per_worker': 1, 'primary_resource': 'extra_gpu', 'gpu': False, 'verbose': False, 'lr_config': {'mode': 'log', 'steps': 5, 'initial_lr': 1.0, 'target_lr': 1.0}, 'batch_per_device': 1024}",68.88833332061768,0,8,7360.7203534560385,1
0.008854126930236817,0.1257721185684204,0.005649709701538086,0.04920626173214036,0.02712874412536621,nan,0.0,0.05484492778778076,0.28779998421669006,1.877770401573181,-0.28779998421669006,nan,0.0,nan,0.0,nan,0.0,0.29499998688697815,1.7784517572402954,nan,0.0,nan,0.0,60000,1,False,,,9,-1.877770401573181,33a37d2343fa4a559e7ad9cadbf22430,2019-05-30_14-26-37,1559251597,8.48218297958374,77.37051630020142,26968,steropes,169.229.49.254,"{'starting_lr': 1.0, 'momentum': 0.9, 'weight_decay': 0.0001, 'steps_per_iteration': None, 'pin': False, 'model_creator': None, 'target_batch_size': 1024, 'model_string': 'resnet18', 'min_batch_size': 512, 'dataset': 'CIFAR', 'placement': None, 'use_nccl': True, 'devices_per_worker': 1, 'primary_resource': 'extra_gpu', 'gpu': False, 'verbose': False, 'lr_config': {'mode': 'log', 'steps': 5, 'initial_lr': 1.0, 'target_lr': 1.0}, 'batch_per_device': 1024}",77.37051630020142,0,9,7260.886342127071,1
0.009370541572570801,0.1262770414352417,0.0053707599639892575,0.04515356433634855,0.028716230392456056,nan,0.0,0.04925312995910645,0.30719998478889465,1.7921169298171997,-0.30719998478889465,nan,0.0,nan,0.0,nan,0.0,0.3059200048446655,1.7429148574066162,nan,0.0,nan,0.0,60000,1,False,,,10,-1.7921169298171997,33a37d2343fa4a559e7ad9cadbf22430,2019-05-30_14-26-46,1559251606,8.361377477645874,85.73189377784729,26968,steropes,169.229.49.254,"{'starting_lr': 1.0, 'momentum': 0.9, 'weight_decay': 0.0001, 'steps_per_iteration': None, 'pin': False, 'model_creator': None, 'target_batch_size': 1024, 'model_string': 'resnet18', 'min_batch_size': 512, 'dataset': 'CIFAR', 'placement': None, 'use_nccl': True, 'devices_per_worker': 1, 'primary_resource': 'extra_gpu', 'gpu': False, 'verbose': False, 'lr_config': {'mode': 'log', 'steps': 5, 'initial_lr': 1.0, 'target_lr': 1.0}, 'batch_per_device': 1024}",85.73189377784729,0,10,7238.4655312192435,1
0.008028936386108399,0.12562823295593262,0.008284831047058105,0.04449428344259457,0.031715989112854004,nan,0.0,0.056237649917602536,0.3292999863624573,1.7373441190719605,-0.3292999863624573,nan,0.0,nan,0.0,nan,0.0,0.3290199935436249,1.7101567704772949,nan,0.0,nan,0.0,60000,1,False,,,11,-1.7373441190719605,33a37d2343fa4a559e7ad9cadbf22430,2019-05-30_14-26-54,1559251614,8.373372077941895,94.10526585578918,26968,steropes,169.229.49.254,"{'starting_lr': 1.0, 'momentum': 0.9, 'weight_decay': 0.0001, 'steps_per_iteration': None, 'pin': False, 'model_creator': None, 'target_batch_size': 1024, 'model_string': 'resnet18', 'min_batch_size': 512, 'dataset': 'CIFAR', 'placement': None, 'use_nccl': True, 'devices_per_worker': 1, 'primary_resource': 'extra_gpu', 'gpu': False, 'verbose': False, 'lr_config': {'mode': 'log', 'steps': 5, 'initial_lr': 1.0, 'target_lr': 1.0}, 'batch_per_device': 1024}",94.10526585578918,0,11,7149.90518311633,1
0.008610105514526368,0.12783429622650147,0.004824066162109375,0.038346572798125596,0.02664816379547119,nan,0.0,0.0493236780166626,0.2578999996185303,1.9672198322296142,-0.2578999996185303,nan,0.0,nan,0.0,nan,0.0,0.3320799767971039,1.7039746558761597,nan,0.0,nan,0.0,60000,1,True,,,12,-1.9672198322296142,33a37d2343fa4a559e7ad9cadbf22430,2019-05-30_14-27-02,1559251622,7.957188129425049,102.06245398521423,26968,steropes,169.229.49.254,"{'starting_lr': 1.0, 'momentum': 0.9, 'weight_decay': 0.0001, 'steps_per_iteration': None, 'pin': False, 'model_creator': None, 'target_batch_size': 1024, 'model_string': 'resnet18', 'min_batch_size': 512, 'dataset': 'CIFAR', 'placement': None, 'use_nccl': True, 'devices_per_worker': 1, 'primary_resource': 'extra_gpu', 'gpu': False, 'verbose': False, 'lr_config': {'mode': 'log', 'steps': 5, 'initial_lr': 1.0, 'target_lr': 1.0}, 'batch_per_device': 1024}",102.06245398521423,0,12,7253.842215532028,1
