{"apply": 0.018137383460998534, "batch_time": 0.05013739610020118, "d2h": 0.0007093191146850586, "data_time": 0.0018037231377018687, "fwd": 0.15870566368103028, "get_state_time_mean": NaN, "get_state_time_total": 0.0, "grad": 0.20792226791381835, "mean_accuracy": 0.09999999403953552, "mean_loss": 2.4244871749877928, "neg_mean_accuracy": -0.09999999403953552, "set_state_time_mean": NaN, "set_state_time_total": 0.0, "setup_model_time_mean": 9.692173957824707, "setup_model_time_total": 9.692173957824707, "setup_proc_time_mean": 0.2394239902496338, "setup_proc_time_total": 0.2394239902496338, "train_accuracy": 0.10091999918222427, "train_loss": 4.952495996246338, "training_time_mean": NaN, "training_time_total": 0.0, "val_accuracy": 0.09999999403953552, "val_loss": 2.4244871749877928, "validation_time_mean": NaN, "validation_time_total": 0.0, "samples": 60000, "num_workers": 1, "done": false, "timesteps_total": null, "episodes_total": null, "training_iteration": 1, "neg_mean_loss": -2.4244871749877928, "experiment_id": "7699d63e9a454128a94a71a4d74ec5dc", "date": "2019-06-03_03-37-19", "timestamp": 1559558239, "time_this_iter_s": 47.91883826255798, "time_total_s": 47.91883826255798, "pid": 13430, "hostname": "steropes", "node_ip": "169.229.49.254", "config": {"starting_lr": 0.5, "momentum": 0.95, "weight_decay": 0.0005, "steps_per_iteration": null, "pin": false, "model_creator": null, "target_batch_size": 128, "model_string": "resnet50", "min_batch_size": 128, "dataset": "CIFAR", "placement": null, "use_nccl": true, "devices_per_worker": 1, "primary_resource": "extra_gpu", "gpu": false, "verbose": false, "lr_config": {"mode": "log", "steps": 5, "initial_lr": 0.5, "target_lr": 0.5}, "batch_per_device": 128}, "time_since_restore": 47.91883826255798, "timesteps_since_restore": 0, "iterations_since_restore": 1, "mean_throughput": 1252.114008230655, "atoms": 1, "setup_time": 10.053015232086182}
{"apply": 0.017006111145019532, "batch_time": 0.03142513806306863, "d2h": 0.0007024765014648438, "data_time": 0.001766344470441189, "fwd": 0.027667975425720213, "get_state_time_mean": NaN, "get_state_time_total": 0.0, "grad": 0.048419737815856935, "mean_accuracy": 0.14259999245405197, "mean_loss": 2.2467793548583983, "neg_mean_accuracy": -0.18519999086856842, "set_state_time_mean": NaN, "set_state_time_total": 0.0, "setup_model_time_mean": NaN, "setup_model_time_total": 0.0, "setup_proc_time_mean": NaN, "setup_proc_time_total": 0.0, "train_accuracy": 0.1641799956560135, "train_loss": 2.2208605209350587, "training_time_mean": NaN, "training_time_total": 0.0, "val_accuracy": 0.18519999086856842, "val_loss": 2.069071534729004, "validation_time_mean": NaN, "validation_time_total": 0.0, "samples": 60000, "num_workers": 1, "done": false, "timesteps_total": null, "episodes_total": null, "training_iteration": 2, "neg_mean_loss": -2.2467793548583983, "experiment_id": "7699d63e9a454128a94a71a4d74ec5dc", "date": "2019-06-03_03-37-59", "timestamp": 1559558279, "time_this_iter_s": 40.779441833496094, "time_total_s": 88.69828009605408, "pid": 13430, "hostname": "steropes", "node_ip": "169.229.49.254", "config": {"starting_lr": 0.5, "momentum": 0.95, "weight_decay": 0.0005, "steps_per_iteration": null, "pin": false, "model_creator": null, "target_batch_size": 128, "model_string": "resnet50", "min_batch_size": 128, "dataset": "CIFAR", "placement": null, "use_nccl": true, "devices_per_worker": 1, "primary_resource": "extra_gpu", "gpu": false, "verbose": false, "lr_config": {"mode": "log", "steps": 5, "initial_lr": 0.5, "target_lr": 0.5}, "batch_per_device": 128}, "time_since_restore": 88.69828009605408, "timesteps_since_restore": 0, "iterations_since_restore": 2, "mean_throughput": 1352.8980663822094, "atoms": 1, "setup_time": 10.053015232086182}
{"apply": 0.018365359306335448, "batch_time": 0.032108623770218864, "d2h": 0.0007220268249511719, "data_time": 0.0017174893937757253, "fwd": 0.028703689575195312, "get_state_time_mean": NaN, "get_state_time_total": 0.0, "grad": 0.04833328723907471, "mean_accuracy": 0.15283332765102386, "mean_loss": 2.277974895985921, "neg_mean_accuracy": -0.17329999804496765, "set_state_time_mean": NaN, "set_state_time_total": 0.0, "setup_model_time_mean": NaN, "setup_model_time_total": 0.0, "setup_proc_time_mean": NaN, "setup_proc_time_total": 0.0, "train_accuracy": 0.2150999903678894, "train_loss": 2.076034772491455, "training_time_mean": NaN, "training_time_total": 0.0, "val_accuracy": 0.17329999804496765, "val_loss": 2.3403659782409667, "validation_time_mean": NaN, "validation_time_total": 0.0, "samples": 60000, "num_workers": 1, "done": true, "timesteps_total": null, "episodes_total": null, "training_iteration": 3, "neg_mean_loss": -2.277974895985921, "experiment_id": "7699d63e9a454128a94a71a4d74ec5dc", "date": "2019-06-03_03-38-40", "timestamp": 1559558320, "time_this_iter_s": 40.953144788742065, "time_total_s": 129.65142488479614, "pid": 13430, "hostname": "steropes", "node_ip": "169.229.49.254", "config": {"starting_lr": 0.5, "momentum": 0.95, "weight_decay": 0.0005, "steps_per_iteration": null, "pin": false, "model_creator": null, "target_batch_size": 128, "model_string": "resnet50", "min_batch_size": 128, "dataset": "CIFAR", "placement": null, "use_nccl": true, "devices_per_worker": 1, "primary_resource": "extra_gpu", "gpu": false, "verbose": false, "lr_config": {"mode": "log", "steps": 5, "initial_lr": 0.5, "target_lr": 0.5}, "batch_per_device": 128}, "time_since_restore": 129.65142488479614, "timesteps_since_restore": 0, "iterations_since_restore": 3, "mean_throughput": 1388.3350007856309, "atoms": 1, "setup_time": 10.053015232086182}
