apply,batch_time,d2h,data_time,fwd,get_state_time_mean,get_state_time_total,grad,mean_accuracy,mean_loss,neg_mean_accuracy,set_state_time_mean,set_state_time_total,setup_model_time_mean,setup_model_time_total,setup_proc_time_mean,setup_proc_time_total,train_accuracy,train_loss,training_time_mean,training_time_total,validation_time_mean,validation_time_total,samples,num_workers,done,timesteps_total,episodes_total,training_iteration,neg_mean_loss,experiment_id,date,timestamp,time_this_iter_s,time_total_s,pid,hostname,node_ip,config,time_since_restore,timesteps_since_restore,iterations_since_restore,mean_throughput,atoms
0.006900334358215332,0.17664175033569335,0.005083680152893066,0.03648924341007155,0.07647244930267334,nan,0.0,0.1696650743484497,0.16179999709129333,2.1886234535217284,-0.16179999709129333,nan,0.0,9.070382833480835,9.070382833480835,0.35019731521606445,0.35019731521606445,0.11819999665021896,4.788333803634644,nan,0.0,nan,0.0,60000,1,False,,,1,-2.1886234535217284,9e440f6efc2c403fac8e786cc69d2117,2019-05-30_14-50-46,1559253046,11.519903421401978,11.519903421401978,12027,steropes,169.229.49.254,"{'starting_lr': 0.5, 'momentum': 0.9, 'weight_decay': 0.0005, 'steps_per_iteration': None, 'pin': False, 'model_creator': None, 'target_batch_size': 1024, 'model_string': 'resnet18', 'min_batch_size': 512, 'dataset': 'CIFAR', 'placement': None, 'use_nccl': True, 'devices_per_worker': 1, 'primary_resource': 'extra_gpu', 'gpu': False, 'verbose': False, 'lr_config': {'mode': 'log', 'steps': 5, 'initial_lr': 0.5, 'target_lr': 0.5}, 'batch_per_device': 1024}",11.519903421401978,0,1,5208.308334340882,1
0.007475900650024414,0.13023533821105956,0.004694151878356934,0.04522165473626585,0.022153186798095702,nan,0.0,0.04378616809844971,0.20879998803138733,1.9880520963668824,-0.20879998803138733,nan,0.0,nan,0.0,nan,0.0,0.18859998881816864,2.074154214515686,nan,0.0,nan,0.0,60000,1,False,,,2,-1.9880520963668824,9e440f6efc2c403fac8e786cc69d2117,2019-05-30_14-50-54,1559253054,7.598963499069214,19.11886692047119,12027,steropes,169.229.49.254,"{'starting_lr': 0.5, 'momentum': 0.9, 'weight_decay': 0.0005, 'steps_per_iteration': None, 'pin': False, 'model_creator': None, 'target_batch_size': 1024, 'model_string': 'resnet18', 'min_batch_size': 512, 'dataset': 'CIFAR', 'placement': None, 'use_nccl': True, 'devices_per_worker': 1, 'primary_resource': 'extra_gpu', 'gpu': False, 'verbose': False, 'lr_config': {'mode': 'log', 'steps': 5, 'initial_lr': 0.5, 'target_lr': 0.5}, 'batch_per_device': 1024}",19.11886692047119,0,2,6276.444236042891,1
0.007116436958312988,0.13135759830474852,0.004337167739868164,0.03678398229637925,0.024806809425354005,nan,0.0,0.05373837947845459,0.2514999806880951,1.9062922513961793,-0.2514999806880951,nan,0.0,nan,0.0,nan,0.0,0.21743999421596527,1.9542941996765137,nan,0.0,nan,0.0,60000,1,False,,,3,-1.9062922513961793,9e440f6efc2c403fac8e786cc69d2117,2019-05-30_14-51-02,1559253062,7.889287710189819,27.00815463066101,12027,steropes,169.229.49.254,"{'starting_lr': 0.5, 'momentum': 0.9, 'weight_decay': 0.0005, 'steps_per_iteration': None, 'pin': False, 'model_creator': None, 'target_batch_size': 1024, 'model_string': 'resnet18', 'min_batch_size': 512, 'dataset': 'CIFAR', 'placement': None, 'use_nccl': True, 'devices_per_worker': 1, 'primary_resource': 'extra_gpu', 'gpu': False, 'verbose': False, 'lr_config': {'mode': 'log', 'steps': 5, 'initial_lr': 0.5, 'target_lr': 0.5}, 'batch_per_device': 1024}",27.00815463066101,0,3,6664.574714613134,1
0.008406233787536622,0.12463793754577637,0.004397964477539063,0.04208690779549735,0.023522424697875976,nan,0.0,0.04834003448486328,0.2827000021934509,1.8237365148544311,-0.2827000021934509,nan,0.0,nan,0.0,nan,0.0,0.26517999172210693,1.8532119857025147,nan,0.0,nan,0.0,60000,1,False,,,4,-1.8237365148544311,9e440f6efc2c403fac8e786cc69d2117,2019-05-30_14-51-10,1559253070,8.250066757202148,35.25822138786316,12027,steropes,169.229.49.254,"{'starting_lr': 0.5, 'momentum': 0.9, 'weight_decay': 0.0005, 'steps_per_iteration': None, 'pin': False, 'model_creator': None, 'target_batch_size': 1024, 'model_string': 'resnet18', 'min_batch_size': 512, 'dataset': 'CIFAR', 'placement': None, 'use_nccl': True, 'devices_per_worker': 1, 'primary_resource': 'extra_gpu', 'gpu': False, 'verbose': False, 'lr_config': {'mode': 'log', 'steps': 5, 'initial_lr': 0.5, 'target_lr': 0.5}, 'batch_per_device': 1024}",35.25822138786316,0,4,6806.845449940844,1
0.007438802719116211,0.14354441165924073,0.0048568487167358395,0.030148019596022004,0.026303768157958984,nan,0.0,0.060803341865539554,0.3130999803543091,1.7354208963394164,-0.3130999803543091,nan,0.0,nan,0.0,nan,0.0,0.3069399893283844,1.7462659840011596,nan,0.0,nan,0.0,60000,1,False,,,5,-1.7354208963394164,9e440f6efc2c403fac8e786cc69d2117,2019-05-30_14-51-18,1559253078,8.223938703536987,43.48216009140015,12027,steropes,169.229.49.254,"{'starting_lr': 0.5, 'momentum': 0.9, 'weight_decay': 0.0005, 'steps_per_iteration': None, 'pin': False, 'model_creator': None, 'target_batch_size': 1024, 'model_string': 'resnet18', 'min_batch_size': 512, 'dataset': 'CIFAR', 'placement': None, 'use_nccl': True, 'devices_per_worker': 1, 'primary_resource': 'extra_gpu', 'gpu': False, 'verbose': False, 'lr_config': {'mode': 'log', 'steps': 5, 'initial_lr': 0.5, 'target_lr': 0.5}, 'batch_per_device': 1024}",43.48216009140015,0,5,6899.3038870066075,1
0.008628225326538086,0.14118878841400145,0.00864880084991455,0.0333915681255107,0.03002176284790039,nan,0.0,0.05708432197570801,0.3328000009059906,1.7072649370193482,-0.3328000009059906,nan,0.0,nan,0.0,nan,0.0,0.3190999925136566,1.71491459564209,nan,0.0,nan,0.0,60000,1,False,,,6,-1.7072649370193482,9e440f6efc2c403fac8e786cc69d2117,2019-05-30_14-51-27,1559253087,8.41298794746399,51.895148038864136,12027,steropes,169.229.49.254,"{'starting_lr': 0.5, 'momentum': 0.9, 'weight_decay': 0.0005, 'steps_per_iteration': None, 'pin': False, 'model_creator': None, 'target_batch_size': 1024, 'model_string': 'resnet18', 'min_batch_size': 512, 'dataset': 'CIFAR', 'placement': None, 'use_nccl': True, 'devices_per_worker': 1, 'primary_resource': 'extra_gpu', 'gpu': False, 'verbose': False, 'lr_config': {'mode': 'log', 'steps': 5, 'initial_lr': 0.5, 'target_lr': 0.5}, 'batch_per_device': 1024}",51.895148038864136,0,6,7430.219151780964,1
0.007134437561035156,0.1490727424621582,0.005787873268127441,0.03971858413851991,0.025031542778015135,nan,0.0,0.04758598804473877,0.33969998359680176,1.7586948217391967,-0.33969998359680176,nan,0.0,nan,0.0,nan,0.0,0.3593199849128723,1.648032993812561,nan,0.0,nan,0.0,60000,1,False,,,7,-1.7586948217391967,9e440f6efc2c403fac8e786cc69d2117,2019-05-30_14-51-35,1559253095,8.629679918289185,60.52482795715332,12027,steropes,169.229.49.254,"{'starting_lr': 0.5, 'momentum': 0.9, 'weight_decay': 0.0005, 'steps_per_iteration': None, 'pin': False, 'model_creator': None, 'target_batch_size': 1024, 'model_string': 'resnet18', 'min_batch_size': 512, 'dataset': 'CIFAR', 'placement': None, 'use_nccl': True, 'devices_per_worker': 1, 'primary_resource': 'extra_gpu', 'gpu': False, 'verbose': False, 'lr_config': {'mode': 'log', 'steps': 5, 'initial_lr': 0.5, 'target_lr': 0.5}, 'batch_per_device': 1024}",60.52482795715332,0,7,7245.261742453011,1
0.009707140922546386,0.13164935111999512,0.00837094783782959,0.03231528340553751,0.04235227108001709,nan,0.0,0.06310117244720459,0.3815999925136566,1.644778821182251,-0.3815999925136566,nan,0.0,nan,0.0,nan,0.0,0.39629998803138733,1.578927671394348,nan,0.0,nan,0.0,60000,1,False,,,8,-1.644778821182251,9e440f6efc2c403fac8e786cc69d2117,2019-05-30_14-51-44,1559253104,8.81795048713684,69.34277844429016,12027,steropes,169.229.49.254,"{'starting_lr': 0.5, 'momentum': 0.9, 'weight_decay': 0.0005, 'steps_per_iteration': None, 'pin': False, 'model_creator': None, 'target_batch_size': 1024, 'model_string': 'resnet18', 'min_batch_size': 512, 'dataset': 'CIFAR', 'placement': None, 'use_nccl': True, 'devices_per_worker': 1, 'primary_resource': 'extra_gpu', 'gpu': False, 'verbose': False, 'lr_config': {'mode': 'log', 'steps': 5, 'initial_lr': 0.5, 'target_lr': 0.5}, 'batch_per_device': 1024}",69.34277844429016,0,8,7086.330108930152,1
0.008466506004333496,0.12811679840087892,0.005060076713562012,0.04069570132664272,0.02623293399810791,nan,0.0,0.05429906845092773,0.4275999963283539,1.5618230745315551,-0.4275999963283539,nan,0.0,nan,0.0,nan,0.0,0.4273799955844879,1.5166886452484132,nan,0.0,nan,0.0,60000,1,False,,,9,-1.5618230745315551,9e440f6efc2c403fac8e786cc69d2117,2019-05-30_14-51-53,1559253113,8.319441318511963,77.66221976280212,12027,steropes,169.229.49.254,"{'starting_lr': 0.5, 'momentum': 0.9, 'weight_decay': 0.0005, 'steps_per_iteration': None, 'pin': False, 'model_creator': None, 'target_batch_size': 1024, 'model_string': 'resnet18', 'min_batch_size': 512, 'dataset': 'CIFAR', 'placement': None, 'use_nccl': True, 'devices_per_worker': 1, 'primary_resource': 'extra_gpu', 'gpu': False, 'verbose': False, 'lr_config': {'mode': 'log', 'steps': 5, 'initial_lr': 0.5, 'target_lr': 0.5}, 'batch_per_device': 1024}",77.66221976280212,0,9,7074.735400627868,1
0.006951475143432617,0.14572978019714355,0.004897069931030273,0.032567831934714804,0.028316855430603027,nan,0.0,0.05043115615844727,0.4894999861717224,1.3936841077804565,-0.4894999861717224,nan,0.0,nan,0.0,nan,0.0,0.47061997652053833,1.429323674430847,nan,0.0,nan,0.0,60000,1,False,,,10,-1.3936841077804565,9e440f6efc2c403fac8e786cc69d2117,2019-05-30_14-52-01,1559253121,8.324485301971436,85.98670506477356,12027,steropes,169.229.49.254,"{'starting_lr': 0.5, 'momentum': 0.9, 'weight_decay': 0.0005, 'steps_per_iteration': None, 'pin': False, 'model_creator': None, 'target_batch_size': 1024, 'model_string': 'resnet18', 'min_batch_size': 512, 'dataset': 'CIFAR', 'placement': None, 'use_nccl': True, 'devices_per_worker': 1, 'primary_resource': 'extra_gpu', 'gpu': False, 'verbose': False, 'lr_config': {'mode': 'log', 'steps': 5, 'initial_lr': 0.5, 'target_lr': 0.5}, 'batch_per_device': 1024}",85.98670506477356,0,10,7058.000086460124,1
0.00742635726928711,0.13461034297943114,0.006397056579589844,0.039337956175512195,0.02958042621612549,nan,0.0,0.06432631015777587,0.469899982213974,1.4483308988571166,-0.469899982213974,nan,0.0,nan,0.0,nan,0.0,0.5275599956512451,1.2981241876220704,nan,0.0,nan,0.0,60000,1,False,,,11,-1.4483308988571166,9e440f6efc2c403fac8e786cc69d2117,2019-05-30_14-52-09,1559253129,8.09982943534851,94.08653450012207,12027,steropes,169.229.49.254,"{'starting_lr': 0.5, 'momentum': 0.9, 'weight_decay': 0.0005, 'steps_per_iteration': None, 'pin': False, 'model_creator': None, 'target_batch_size': 1024, 'model_string': 'resnet18', 'min_batch_size': 512, 'dataset': 'CIFAR', 'placement': None, 'use_nccl': True, 'devices_per_worker': 1, 'primary_resource': 'extra_gpu', 'gpu': False, 'verbose': False, 'lr_config': {'mode': 'log', 'steps': 5, 'initial_lr': 0.5, 'target_lr': 0.5}, 'batch_per_device': 1024}",94.08653450012207,0,11,7110.385193388092,1
0.007237482070922852,0.1439042568206787,0.004621624946594238,0.03546091974998007,0.030859208106994628,nan,0.0,0.0639467716217041,0.5385000109672546,1.3010648103713989,-0.5385000109672546,nan,0.0,nan,0.0,nan,0.0,0.5532400012016296,1.237192054901123,nan,0.0,nan,0.0,60000,1,True,,,12,-1.3010648103713989,9e440f6efc2c403fac8e786cc69d2117,2019-05-30_14-52-17,1559253137,8.173012256622314,102.25954675674438,12027,steropes,169.229.49.254,"{'starting_lr': 0.5, 'momentum': 0.9, 'weight_decay': 0.0005, 'steps_per_iteration': None, 'pin': False, 'model_creator': None, 'target_batch_size': 1024, 'model_string': 'resnet18', 'min_batch_size': 512, 'dataset': 'CIFAR', 'placement': None, 'use_nccl': True, 'devices_per_worker': 1, 'primary_resource': 'extra_gpu', 'gpu': False, 'verbose': False, 'lr_config': {'mode': 'log', 'steps': 5, 'initial_lr': 0.5, 'target_lr': 0.5}, 'batch_per_device': 1024}",102.25954675674438,0,12,7188.188232562795,1
