apply,batch_time,d2h,data_time,fwd,get_state_time_mean,get_state_time_total,grad,mean_accuracy,mean_loss,neg_mean_accuracy,set_state_time_mean,set_state_time_total,setup_model_time_mean,setup_model_time_total,setup_proc_time_mean,setup_proc_time_total,train_accuracy,train_loss,training_time_mean,training_time_total,val_accuracy,val_loss,validation_time_mean,validation_time_total,samples,num_workers,done,timesteps_total,episodes_total,training_iteration,neg_mean_loss,experiment_id,date,timestamp,time_this_iter_s,time_total_s,pid,hostname,node_ip,config,time_since_restore,timesteps_since_restore,iterations_since_restore,mean_throughput,atoms,setup_time
0.019107460975646973,0.042534973047956635,0.0007182121276855469,0.0018844641078158717,0.11953315734863282,nan,0.0,0.2136996030807495,0.3750999867916107,1.737925263404846,-0.3750999867916107,nan,0.0,10.816653728485107,10.816653728485107,0.21436715126037598,0.21436715126037598,0.25961998105049133,2.5549946436309816,nan,0.0,0.3750999867916107,1.737925263404846,nan,0.0,60000,1,False,,,1,-1.737925263404846,424cc561167e4a43836262addf0931b6,2019-06-06_09-33-26,1559838806,47.76779055595398,47.76779055595398,14822,steropes,169.229.49.254,"{'starting_lr': 0.01, 'momentum': 0.9, 'weight_decay': 0.005, 'steps_per_iteration': None, 'pin': False, 'model_creator': None, 'target_batch_size': 128, 'model_string': 'resnet50', 'min_batch_size': 128, 'dataset': 'CIFAR', 'placement': None, 'use_nccl': True, 'devices_per_worker': 1, 'primary_resource': 'extra_gpu', 'gpu': False, 'verbose': False, 'lr_config': {'mode': 'log', 'steps': 5, 'initial_lr': 0.01, 'target_lr': 0.01}, 'batch_per_device': 128}",47.76779055595398,0,1,1256.0739594057475,1,11.127459049224854
0.01828656196594238,0.03238008293924453,0.0007002592086791992,0.0018274521888674373,0.029810190200805664,nan,0.0,0.04884815216064453,0.40184998512268066,1.644325448513031,-0.4285999834537506,nan,0.0,nan,0.0,nan,0.0,0.3687399923801422,1.8435778622055055,nan,0.0,0.4285999834537506,1.5507256336212158,nan,0.0,60000,1,False,,,2,-1.644325448513031,424cc561167e4a43836262addf0931b6,2019-06-06_09-34-08,1559838848,41.94004988670349,89.70784044265747,14822,steropes,169.229.49.254,"{'starting_lr': 0.01, 'momentum': 0.9, 'weight_decay': 0.005, 'steps_per_iteration': None, 'pin': False, 'model_creator': None, 'target_batch_size': 128, 'model_string': 'resnet50', 'min_batch_size': 128, 'dataset': 'CIFAR', 'placement': None, 'use_nccl': True, 'devices_per_worker': 1, 'primary_resource': 'extra_gpu', 'gpu': False, 'verbose': False, 'lr_config': {'mode': 'log', 'steps': 5, 'initial_lr': 0.01, 'target_lr': 0.01}, 'batch_per_device': 128}",89.70784044265747,0,2,1337.6730672479628,1,11.127459049224854
0.01906437873840332,0.03183711027797265,0.0006780624389648438,0.0018380700474809808,0.028803205490112303,nan,0.0,0.048922252655029294,0.43209998806317645,1.5651939780553181,-0.4925999939441681,nan,0.0,nan,0.0,nan,0.0,0.4277399778366089,1.6198905672836303,nan,0.0,0.4925999939441681,1.4069310371398926,nan,0.0,60000,1,False,,,3,-1.5651939780553181,424cc561167e4a43836262addf0931b6,2019-06-06_09-34-50,1559838890,41.94462037086487,131.65246081352234,14822,steropes,169.229.49.254,"{'starting_lr': 0.01, 'momentum': 0.9, 'weight_decay': 0.005, 'steps_per_iteration': None, 'pin': False, 'model_creator': None, 'target_batch_size': 128, 'model_string': 'resnet50', 'min_batch_size': 128, 'dataset': 'CIFAR', 'placement': None, 'use_nccl': True, 'devices_per_worker': 1, 'primary_resource': 'extra_gpu', 'gpu': False, 'verbose': False, 'lr_config': {'mode': 'log', 'steps': 5, 'initial_lr': 0.01, 'target_lr': 0.01}, 'batch_per_device': 128}",131.65246081352234,0,3,1367.232031816754,1,11.127459049224854
0.019294309616088866,0.03259339513657968,0.0007992744445800781,0.0018383005390996518,0.029549765586853027,nan,0.0,0.0488192081451416,0.4533499851822853,1.5599733040332793,-0.5170999765396118,nan,0.0,nan,0.0,nan,0.0,0.47353997826576233,1.480280309638977,nan,0.0,0.5170999765396118,1.5443112819671632,nan,0.0,60000,1,False,,,4,-1.5599733040332793,424cc561167e4a43836262addf0931b6,2019-06-06_09-35-32,1559838932,41.59614968299866,173.248610496521,14822,steropes,169.229.49.254,"{'starting_lr': 0.01, 'momentum': 0.9, 'weight_decay': 0.005, 'steps_per_iteration': None, 'pin': False, 'model_creator': None, 'target_batch_size': 128, 'model_string': 'resnet50', 'min_batch_size': 128, 'dataset': 'CIFAR', 'placement': None, 'use_nccl': True, 'devices_per_worker': 1, 'primary_resource': 'extra_gpu', 'gpu': False, 'verbose': False, 'lr_config': {'mode': 'log', 'steps': 5, 'initial_lr': 0.01, 'target_lr': 0.01}, 'batch_per_device': 128}",173.248610496521,0,4,1385.2887362434296,1,11.127459049224854
0.01854681968688965,0.032719965222515635,0.0007419109344482422,0.001861929588610559,0.02868473529815674,nan,0.0,0.049533414840698245,0.46547998785972594,1.5212838044357297,-0.5139999985694885,nan,0.0,nan,0.0,nan,0.0,0.514519989490509,1.3655216547393798,nan,0.0,0.5139999985694885,1.3665258060455323,nan,0.0,60000,1,False,,,5,-1.5212838044357297,424cc561167e4a43836262addf0931b6,2019-06-06_09-36-14,1559838974,42.01361036300659,215.2622208595276,14822,steropes,169.229.49.254,"{'starting_lr': 0.01, 'momentum': 0.9, 'weight_decay': 0.005, 'steps_per_iteration': None, 'pin': False, 'model_creator': None, 'target_batch_size': 128, 'model_string': 'resnet50', 'min_batch_size': 128, 'dataset': 'CIFAR', 'placement': None, 'use_nccl': True, 'devices_per_worker': 1, 'primary_resource': 'extra_gpu', 'gpu': False, 'verbose': False, 'lr_config': {'mode': 'log', 'steps': 5, 'initial_lr': 0.01, 'target_lr': 0.01}, 'batch_per_device': 128}",215.2622208595276,0,5,1393.6455264981525,1,11.127459049224854
0.018892717361450196,0.03208865998666498,0.0006994009017944336,0.0018612911634128112,0.029064512252807616,nan,0.0,0.04846029281616211,0.5039799928665161,1.417301397628784,-0.5676000118255615,nan,0.0,nan,0.0,nan,0.0,0.5550000071525574,1.2521001871871948,nan,0.0,0.5676000118255615,1.2180132293701171,nan,0.0,60000,1,False,,,6,-1.417301397628784,424cc561167e4a43836262addf0931b6,2019-06-06_09-36-55,1559839015,41.580180644989014,256.8424015045166,14822,steropes,169.229.49.254,"{'starting_lr': 0.01, 'momentum': 0.9, 'weight_decay': 0.005, 'steps_per_iteration': None, 'pin': False, 'model_creator': None, 'target_batch_size': 128, 'model_string': 'resnet50', 'min_batch_size': 128, 'dataset': 'CIFAR', 'placement': None, 'use_nccl': True, 'devices_per_worker': 1, 'primary_resource': 'extra_gpu', 'gpu': False, 'verbose': False, 'lr_config': {'mode': 'log', 'steps': 5, 'initial_lr': 0.01, 'target_lr': 0.01}, 'batch_per_device': 128}",256.8424015045166,0,6,1434.8907884245543,1,11.127459049224854
0.018052077293395995,0.03213971174215969,0.0007042884826660156,0.0018292022178240139,0.028206706047058105,nan,0.0,0.04811108112335205,0.5423399984836579,1.3201669852447508,-0.6204000115394592,nan,0.0,nan,0.0,nan,0.0,0.5945799946784973,1.1475406061172486,nan,0.0,0.6204000115394592,1.0650535717010499,nan,0.0,60000,1,False,,,7,-1.3201669852447508,424cc561167e4a43836262addf0931b6,2019-06-06_09-37-37,1559839057,41.593907833099365,298.43630933761597,14822,steropes,169.229.49.254,"{'starting_lr': 0.01, 'momentum': 0.9, 'weight_decay': 0.005, 'steps_per_iteration': None, 'pin': False, 'model_creator': None, 'target_batch_size': 128, 'model_string': 'resnet50', 'min_batch_size': 128, 'dataset': 'CIFAR', 'placement': None, 'use_nccl': True, 'devices_per_worker': 1, 'primary_resource': 'extra_gpu', 'gpu': False, 'verbose': False, 'lr_config': {'mode': 'log', 'steps': 5, 'initial_lr': 0.01, 'target_lr': 0.01}, 'batch_per_device': 128}",298.43630933761597,0,7,1437.2703306219937,1,11.127459049224854
0.018311572074890137,0.03528495981723447,0.0007265329360961914,0.0018531270039355968,0.028812861442565917,nan,0.0,0.048157691955566406,0.5774799942970276,1.2321424700927737,-0.6682999730110168,nan,0.0,nan,0.0,nan,0.0,0.6310799717903137,1.0540533784103394,nan,0.0,0.6682999730110168,0.9668084613800049,nan,0.0,60000,1,False,,,8,-1.2321424700927737,424cc561167e4a43836262addf0931b6,2019-06-06_09-38-19,1559839099,41.78636288642883,340.2226722240448,14822,steropes,169.229.49.254,"{'starting_lr': 0.01, 'momentum': 0.9, 'weight_decay': 0.005, 'steps_per_iteration': None, 'pin': False, 'model_creator': None, 'target_batch_size': 128, 'model_string': 'resnet50', 'min_batch_size': 128, 'dataset': 'CIFAR', 'placement': None, 'use_nccl': True, 'devices_per_worker': 1, 'primary_resource': 'extra_gpu', 'gpu': False, 'verbose': False, 'lr_config': {'mode': 'log', 'steps': 5, 'initial_lr': 0.01, 'target_lr': 0.01}, 'batch_per_device': 128}",340.2226722240448,0,8,1438.3618699766484,1,11.127459049224854
0.018958210945129395,0.03200383125981198,0.0007213830947875976,0.0018345230375714314,0.029035258293151855,nan,0.0,0.048030686378479,0.607260000705719,1.1179759189987182,-0.6660000085830688,nan,0.0,nan,0.0,nan,0.0,0.6566999554634094,0.9852998592376709,nan,0.0,0.6660000085830688,0.9734785264968872,nan,0.0,60000,1,False,,,9,-1.1179759189987182,424cc561167e4a43836262addf0931b6,2019-06-06_09-39-00,1559839140,41.62079215049744,381.84346437454224,14822,steropes,169.229.49.254,"{'starting_lr': 0.01, 'momentum': 0.9, 'weight_decay': 0.005, 'steps_per_iteration': None, 'pin': False, 'model_creator': None, 'target_batch_size': 128, 'model_string': 'resnet50', 'min_batch_size': 128, 'dataset': 'CIFAR', 'placement': None, 'use_nccl': True, 'devices_per_worker': 1, 'primary_resource': 'extra_gpu', 'gpu': False, 'verbose': False, 'lr_config': {'mode': 'log', 'steps': 5, 'initial_lr': 0.01, 'target_lr': 0.01}, 'batch_per_device': 128}",381.84346437454224,0,9,1438.191914105508,1,11.127459049224854
0.01983218193054199,0.03288444386252874,0.000750422477722168,0.0018378145554486442,0.028898215293884276,nan,0.0,0.048566555976867674,0.6348199963569641,1.0540004681777955,-0.6517999768257141,nan,0.0,nan,0.0,nan,0.0,0.6766600012779236,0.9379926770210266,nan,0.0,0.6517999768257141,1.0466485519409179,nan,0.0,60000,1,False,,,10,-1.0540004681777955,424cc561167e4a43836262addf0931b6,2019-06-06_09-39-42,1559839182,41.58212423324585,423.4255886077881,14822,steropes,169.229.49.254,"{'starting_lr': 0.01, 'momentum': 0.9, 'weight_decay': 0.005, 'steps_per_iteration': None, 'pin': False, 'model_creator': None, 'target_batch_size': 128, 'model_string': 'resnet50', 'min_batch_size': 128, 'dataset': 'CIFAR', 'placement': None, 'use_nccl': True, 'devices_per_worker': 1, 'primary_resource': 'extra_gpu', 'gpu': False, 'verbose': False, 'lr_config': {'mode': 'log', 'steps': 5, 'initial_lr': 0.01, 'target_lr': 0.01}, 'batch_per_device': 128}",423.4255886077881,0,10,1441.1730394484966,1,11.127459049224854
0.018317604064941408,0.03227049791360203,0.0007360935211181641,0.0017925497820920043,0.028705668449401856,nan,0.0,0.05032217502593994,0.6589799880981445,0.992350341129303,-0.6883999705314636,nan,0.0,nan,0.0,nan,0.0,0.6876999735832214,0.9052493432998657,nan,0.0,0.6883999705314636,0.909762594127655,nan,0.0,60000,1,False,,,11,-0.992350341129303,424cc561167e4a43836262addf0931b6,2019-06-06_09-40-24,1559839224,42.45028853416443,465.8758771419525,14822,steropes,169.229.49.254,"{'starting_lr': 0.01, 'momentum': 0.9, 'weight_decay': 0.005, 'steps_per_iteration': None, 'pin': False, 'model_creator': None, 'target_batch_size': 128, 'model_string': 'resnet50', 'min_batch_size': 128, 'dataset': 'CIFAR', 'placement': None, 'use_nccl': True, 'devices_per_worker': 1, 'primary_resource': 'extra_gpu', 'gpu': False, 'verbose': False, 'lr_config': {'mode': 'log', 'steps': 5, 'initial_lr': 0.01, 'target_lr': 0.01}, 'batch_per_device': 128}",465.8758771419525,0,11,1435.1740738834378,1,11.127459049224854
0.019327783584594728,0.03259499163567266,0.0007800102233886719,0.0017825849830646954,0.03022463321685791,nan,0.0,0.05016481876373291,0.6715199828147889,0.9672509222793579,-0.6830999851226807,nan,0.0,nan,0.0,nan,0.0,0.6986599564552307,0.875651183052063,nan,0.0,0.6830999851226807,0.9395564774513244,nan,0.0,60000,1,False,,,12,-0.9672509222793579,424cc561167e4a43836262addf0931b6,2019-06-06_09-41-06,1559839266,41.36160206794739,507.2374792098999,14822,steropes,169.229.49.254,"{'starting_lr': 0.01, 'momentum': 0.9, 'weight_decay': 0.005, 'steps_per_iteration': None, 'pin': False, 'model_creator': None, 'target_batch_size': 128, 'model_string': 'resnet50', 'min_batch_size': 128, 'dataset': 'CIFAR', 'placement': None, 'use_nccl': True, 'devices_per_worker': 1, 'primary_resource': 'extra_gpu', 'gpu': False, 'verbose': False, 'lr_config': {'mode': 'log', 'steps': 5, 'initial_lr': 0.01, 'target_lr': 0.01}, 'batch_per_device': 128}",507.2374792098999,0,12,1436.77081943663,1,11.127459049224854
0.018543791770935056,0.06909024119377136,0.0006683230400085448,0.0032211450897917456,0.15069596767425536,nan,0.0,0.22609158754348754,0.6857799768447876,0.9241381032562256,-0.7395999431610107,6.907440662384033,6.907440662384033,11.926499366760254,11.926499366760254,0.22589731216430664,0.22589731216430664,0.7454400062561035,0.7425957919979096,nan,0.0,0.7395999431610107,0.7512443662643432,nan,0.0,60000,2,False,,,13,-0.9241381032562256,424cc561167e4a43836262addf0931b6,2019-06-06_09-42-02,1559839322,34.22385311126709,541.461332321167,25423,steropes,169.229.49.254,"{'starting_lr': 0.01, 'momentum': 0.9, 'weight_decay': 0.005, 'steps_per_iteration': None, 'pin': False, 'model_creator': None, 'target_batch_size': 128, 'model_string': 'resnet50', 'min_batch_size': 128, 'dataset': 'CIFAR', 'placement': None, 'use_nccl': True, 'devices_per_worker': 1, 'primary_resource': 'extra_gpu', 'gpu': False, 'verbose': False, 'lr_config': {'mode': 'log', 'steps': 5, 'initial_lr': 0.01, 'target_lr': 0.014142135623730952}, 'batch_per_device': 128}",34.22385311126709,0,1,1753.1585759323361,2,20.536986351013184
0.017422902584075927,0.040223193168640134,0.0007365942001342773,0.0030707078320639475,0.028038668632507327,nan,0.0,0.0781258225440979,0.6990399718284607,0.8851311934661865,-0.7322999835014343,nan,0.0,nan,0.0,nan,0.0,0.7520999908447266,0.7278226536464691,nan,0.0,0.7322999835014343,0.7784439775466919,nan,0.0,60000,2,False,,,14,-0.8851311934661865,424cc561167e4a43836262addf0931b6,2019-06-06_09-42-30,1559839350,27.813115119934082,569.2744474411011,25423,steropes,169.229.49.254,"{'starting_lr': 0.01, 'momentum': 0.9, 'weight_decay': 0.005, 'steps_per_iteration': None, 'pin': False, 'model_creator': None, 'target_batch_size': 128, 'model_string': 'resnet50', 'min_batch_size': 128, 'dataset': 'CIFAR', 'placement': None, 'use_nccl': True, 'devices_per_worker': 1, 'primary_resource': 'extra_gpu', 'gpu': False, 'verbose': False, 'lr_config': {'mode': 'log', 'steps': 5, 'initial_lr': 0.01, 'target_lr': 0.014142135623730952}, 'batch_per_device': 128}",62.03696823120117,0,2,1934.3252700987532,2,20.536986351013184
0.017445528507232667,0.038719657063484195,0.0007310867309570312,0.0030594005876657913,0.02784513235092163,nan,0.0,0.07845238447189332,0.7138999700546265,0.8375752221298217,-0.726099967956543,nan,0.0,nan,0.0,nan,0.0,0.7466599941253662,0.7433739567947388,nan,0.0,0.726099967956543,0.8088686952590942,nan,0.0,60000,2,False,,,15,-0.8375752221298217,424cc561167e4a43836262addf0931b6,2019-06-06_09-42-58,1559839378,27.817641496658325,597.0920889377594,25423,steropes,169.229.49.254,"{'starting_lr': 0.01, 'momentum': 0.9, 'weight_decay': 0.005, 'steps_per_iteration': None, 'pin': False, 'model_creator': None, 'target_batch_size': 128, 'model_string': 'resnet50', 'min_batch_size': 128, 'dataset': 'CIFAR', 'placement': None, 'use_nccl': True, 'devices_per_worker': 1, 'primary_resource': 'extra_gpu', 'gpu': False, 'verbose': False, 'lr_config': {'mode': 'log', 'steps': 5, 'initial_lr': 0.01, 'target_lr': 0.014142135623730952}, 'batch_per_device': 128}",89.8546097278595,0,3,2003.2274906313276,2,20.536986351013184
0.017290687561035155,0.03762314617633819,0.0007390737533569336,0.003126087845588217,0.02790384292602539,nan,0.0,0.07858823537826537,0.7226599812507629,0.813649417705536,-0.732200026512146,nan,0.0,nan,0.0,nan,0.0,0.7461799383163452,0.7441251436424255,nan,0.0,0.732200026512146,0.7901335720062256,nan,0.0,60000,2,False,,,16,-0.813649417705536,424cc561167e4a43836262addf0931b6,2019-06-06_09-43-26,1559839406,27.881129503250122,624.9732184410095,25423,steropes,169.229.49.254,"{'starting_lr': 0.01, 'momentum': 0.9, 'weight_decay': 0.005, 'steps_per_iteration': None, 'pin': False, 'model_creator': None, 'target_batch_size': 128, 'model_string': 'resnet50', 'min_batch_size': 128, 'dataset': 'CIFAR', 'placement': None, 'use_nccl': True, 'devices_per_worker': 1, 'primary_resource': 'extra_gpu', 'gpu': False, 'verbose': False, 'lr_config': {'mode': 'log', 'steps': 5, 'initial_lr': 0.01, 'target_lr': 0.014142135623730952}, 'batch_per_device': 128}",117.73573923110962,0,4,2038.4553781064608,2,20.536986351013184
0.01776554584503174,0.03875840604305267,0.0007306694984436035,0.0031727880847697357,0.028217220306396486,nan,0.0,0.07788946628570556,0.7236199855804444,0.8179058238410949,-0.6879000067710876,nan,0.0,nan,0.0,nan,0.0,0.7458199858665466,0.7503820562553405,nan,0.0,0.6879000067710876,0.9608385081291199,nan,0.0,60000,2,False,,,17,-0.8179058238410949,424cc561167e4a43836262addf0931b6,2019-06-06_09-43-54,1559839434,28.016017198562622,652.9892356395721,25423,steropes,169.229.49.254,"{'starting_lr': 0.01, 'momentum': 0.9, 'weight_decay': 0.005, 'steps_per_iteration': None, 'pin': False, 'model_creator': None, 'target_batch_size': 128, 'model_string': 'resnet50', 'min_batch_size': 128, 'dataset': 'CIFAR', 'placement': None, 'use_nccl': True, 'devices_per_worker': 1, 'primary_resource': 'extra_gpu', 'gpu': False, 'verbose': False, 'lr_config': {'mode': 'log', 'steps': 5, 'initial_lr': 0.01, 'target_lr': 0.014142135623730952}, 'batch_per_device': 128}",145.75175642967224,0,5,2058.286524762879,2,20.536986351013184
0.018272364139556886,0.0390790045261383,0.0006670713424682617,0.0031016085829053608,0.02841109037399292,nan,0.0,0.079408597946167,0.7178599834442139,0.8421449229907989,-0.7107999324798584,nan,0.0,nan,0.0,nan,0.0,0.7480999827384949,0.7444760883426667,nan,0.0,0.7107999324798584,0.872439862012863,nan,0.0,60000,2,False,,,18,-0.8421449229907989,424cc561167e4a43836262addf0931b6,2019-06-06_09-44-22,1559839462,28.106285333633423,681.0955209732056,25423,steropes,169.229.49.254,"{'starting_lr': 0.01, 'momentum': 0.9, 'weight_decay': 0.005, 'steps_per_iteration': None, 'pin': False, 'model_creator': None, 'target_batch_size': 128, 'model_string': 'resnet50', 'min_batch_size': 128, 'dataset': 'CIFAR', 'placement': None, 'use_nccl': True, 'devices_per_worker': 1, 'primary_resource': 'extra_gpu', 'gpu': False, 'verbose': False, 'lr_config': {'mode': 'log', 'steps': 5, 'initial_lr': 0.01, 'target_lr': 0.014142135623730952}, 'batch_per_device': 128}",173.85804176330566,0,6,2148.4616029713948,2,20.536986351013184
0.019339442253112793,0.07684894549993822,0.0006597201029459636,0.003639702275205811,0.12980239391326903,nan,0.0,0.25491215387980143,0.7236499985059102,0.8354141489845073,-0.7495500246683756,5.171482404073079,5.171482404073079,11.294761260350546,11.294761260350546,1.98672087987264,1.98672087987264,0.7819443543752035,0.6451110293047635,nan,0.0,0.7495500246683756,0.7532898943690247,nan,0.0,60000,3,False,,,20,-0.8354141489845073,424cc561167e4a43836262addf0931b6,2019-06-06_09-45-43,1559839543,27.688819408416748,737.0801045894623,25404,steropes,169.229.49.254,"{'starting_lr': 0.01, 'momentum': 0.9, 'weight_decay': 0.005, 'steps_per_iteration': None, 'pin': False, 'model_creator': None, 'target_batch_size': 128, 'model_string': 'resnet50', 'min_batch_size': 128, 'dataset': 'CIFAR', 'placement': None, 'use_nccl': True, 'devices_per_worker': 1, 'primary_resource': 'extra_gpu', 'gpu': False, 'verbose': False, 'lr_config': {'mode': 'log', 'steps': 5, 'initial_lr': 0.01, 'target_lr': 0.017320508075688773}, 'batch_per_device': 128}",27.688819408416748,0,1,2166.9310439764017,3,52.82305979728699
0.019917035102844236,0.044512260107346525,0.0006726821263631186,0.0035357657279677067,0.02996981938680013,nan,0.0,0.09649708271026612,0.7302793622016907,0.818830247953114,-0.7653468449910482,nan,0.0,nan,0.0,nan,0.0,0.7865242958068848,0.6313512059068044,nan,0.0,0.7653468449910482,0.7072140668492582,nan,0.0,60000,3,False,,,21,-0.818830247953114,424cc561167e4a43836262addf0931b6,2019-06-06_09-46-04,1559839564,21.280766487121582,758.3608710765839,25404,steropes,169.229.49.254,"{'starting_lr': 0.01, 'momentum': 0.9, 'weight_decay': 0.005, 'steps_per_iteration': None, 'pin': False, 'model_creator': None, 'target_batch_size': 128, 'model_string': 'resnet50', 'min_batch_size': 128, 'dataset': 'CIFAR', 'placement': None, 'use_nccl': True, 'devices_per_worker': 1, 'primary_resource': 'extra_gpu', 'gpu': False, 'verbose': False, 'lr_config': {'mode': 'log', 'steps': 5, 'initial_lr': 0.01, 'target_lr': 0.017320508075688773}, 'batch_per_device': 128}",48.96958589553833,0,2,2450.4911705822387,3,52.82305979728699
0.018426195780436198,0.04392100263524939,0.0007063070933024089,0.0036949929390244812,0.030170575777689612,nan,0.0,0.09279498259226482,0.7423094352086385,0.7771111708431762,-0.7480503718058268,nan,0.0,nan,0.0,nan,0.0,0.7833643754323324,0.6436662490025861,nan,0.0,0.7480503718058268,0.7522431225794312,nan,0.0,60000,3,False,,,22,-0.7771111708431762,424cc561167e4a43836262addf0931b6,2019-06-06_09-46-25,1559839585,21.251782655715942,779.6126537322998,25404,steropes,169.229.49.254,"{'starting_lr': 0.01, 'momentum': 0.9, 'weight_decay': 0.005, 'steps_per_iteration': None, 'pin': False, 'model_creator': None, 'target_batch_size': 128, 'model_string': 'resnet50', 'min_batch_size': 128, 'dataset': 'CIFAR', 'placement': None, 'use_nccl': True, 'devices_per_worker': 1, 'primary_resource': 'extra_gpu', 'gpu': False, 'verbose': False, 'lr_config': {'mode': 'log', 'steps': 5, 'initial_lr': 0.01, 'target_lr': 0.017320508075688773}, 'batch_per_device': 128}",70.22136855125427,0,3,2563.312361895437,3,52.82305979728699
0.020711572964986165,0.043709643093156225,0.0006829500198364258,0.0035444907559693314,0.02942947546641032,nan,0.0,0.09259406725565593,0.7482398271560669,0.7569186923791732,-0.7404518922170004,nan,0.0,nan,0.0,nan,0.0,0.7769645055135092,0.6575818623698442,nan,0.0,0.7404518922170004,0.771477469692848,nan,0.0,60000,3,False,,,23,-0.7569186923791732,424cc561167e4a43836262addf0931b6,2019-06-06_09-46-46,1559839606,20.97395372390747,800.5866074562073,25404,steropes,169.229.49.254,"{'starting_lr': 0.01, 'momentum': 0.9, 'weight_decay': 0.005, 'steps_per_iteration': None, 'pin': False, 'model_creator': None, 'target_batch_size': 128, 'model_string': 'resnet50', 'min_batch_size': 128, 'dataset': 'CIFAR', 'placement': None, 'use_nccl': True, 'devices_per_worker': 1, 'primary_resource': 'extra_gpu', 'gpu': False, 'verbose': False, 'lr_config': {'mode': 'log', 'steps': 5, 'initial_lr': 0.01, 'target_lr': 0.017320508075688773}, 'batch_per_device': 128}",91.19532227516174,0,4,2631.7038162181348,3,52.82305979728699
0.018413925170898435,0.044083495198944465,0.0006568034489949545,0.003588815378475432,0.02875227133433024,nan,0.0,0.09091873168945312,0.7480303446451824,0.7538173919354789,-0.7367525895436605,nan,0.0,nan,0.0,nan,0.0,0.7767244974772135,0.6601764133819517,nan,0.0,0.7367525895436605,0.7848624061868325,nan,0.0,60000,3,False,,,24,-0.7538173919354789,424cc561167e4a43836262addf0931b6,2019-06-06_09-47-07,1559839627,20.7668514251709,821.3534588813782,25404,steropes,169.229.49.254,"{'starting_lr': 0.01, 'momentum': 0.9, 'weight_decay': 0.005, 'steps_per_iteration': None, 'pin': False, 'model_creator': None, 'target_batch_size': 128, 'model_string': 'resnet50', 'min_batch_size': 128, 'dataset': 'CIFAR', 'placement': None, 'use_nccl': True, 'devices_per_worker': 1, 'primary_resource': 'extra_gpu', 'gpu': False, 'verbose': False, 'lr_config': {'mode': 'log', 'steps': 5, 'initial_lr': 0.01, 'target_lr': 0.017320508075688773}, 'batch_per_device': 128}",111.96217370033264,0,5,2679.4661619408357,3,52.82305979728699
0.019392903645833334,0.045017045221211,0.0007744312286376954,0.0034845221133632514,0.029393593470255535,nan,0.0,0.09469363689422607,0.743551254272461,0.765131981862447,-0.7271545728047689,nan,0.0,nan,0.0,nan,0.0,0.7780644098917643,0.6570257751162688,nan,0.0,0.7271545728047689,0.8098628440038654,nan,0.0,60000,3,False,,,25,-0.765131981862447,424cc561167e4a43836262addf0931b6,2019-06-06_09-47-28,1559839648,20.68720054626465,842.0406594276428,25404,steropes,169.229.49.254,"{'starting_lr': 0.01, 'momentum': 0.9, 'weight_decay': 0.005, 'steps_per_iteration': None, 'pin': False, 'model_creator': None, 'target_batch_size': 128, 'model_string': 'resnet50', 'min_batch_size': 128, 'dataset': 'CIFAR', 'placement': None, 'use_nccl': True, 'devices_per_worker': 1, 'primary_resource': 'extra_gpu', 'gpu': False, 'verbose': False, 'lr_config': {'mode': 'log', 'steps': 5, 'initial_lr': 0.01, 'target_lr': 0.017320508075688773}, 'batch_per_device': 128}",132.6493742465973,0,6,2858.2058467806824,3,52.82305979728699
0.017967861890792847,0.1284884601831436,0.0007757604122161865,0.004643716374222113,0.17268798351287842,nan,0.0,0.2695329189300537,0.7440223852793376,0.7653391873683808,-0.7802000045776367,5.846145868301392,5.846145868301392,12.856851935386658,12.856851935386658,3.4190439581871033,3.4190439581871033,0.8007799386978149,0.5927068030929565,nan,0.0,0.7802000045776367,0.6589560445308685,nan,0.0,60000,4,False,,,27,-0.7653391873683808,424cc561167e4a43836262addf0931b6,2019-06-06_09-48-45,1559839725,24.850151777267456,887.6755056381226,6425,steropes,169.229.49.254,"{'starting_lr': 0.01, 'momentum': 0.9, 'weight_decay': 0.005, 'steps_per_iteration': None, 'pin': False, 'model_creator': None, 'target_batch_size': 128, 'model_string': 'resnet50', 'min_batch_size': 128, 'dataset': 'CIFAR', 'placement': None, 'use_nccl': True, 'devices_per_worker': 1, 'primary_resource': 'extra_gpu', 'gpu': False, 'verbose': False, 'lr_config': {'mode': 'log', 'steps': 5, 'initial_lr': 0.01, 'target_lr': 0.02}, 'batch_per_device': 128}",24.850151777267456,0,1,2414.461842999456,4,52.188064098358154
0.018325746059417725,0.0520546704530716,0.0007156729698181152,0.0044723682257593895,0.029235094785690308,nan,0.0,0.10009621381759645,0.7523320078849792,0.7409295793121888,-0.7820000052452087,nan,0.0,nan,0.0,nan,0.0,0.808459997177124,0.572330356566906,nan,0.0,0.7820000052452087,0.6494294294118881,nan,0.0,60000,4,False,,,28,-0.7409295793121888,424cc561167e4a43836262addf0931b6,2019-06-06_09-49-01,1559839741,16.532546997070312,904.2080526351929,6425,steropes,169.229.49.254,"{'starting_lr': 0.01, 'momentum': 0.9, 'weight_decay': 0.005, 'steps_per_iteration': None, 'pin': False, 'model_creator': None, 'target_batch_size': 128, 'model_string': 'resnet50', 'min_batch_size': 128, 'dataset': 'CIFAR', 'placement': None, 'use_nccl': True, 'devices_per_worker': 1, 'primary_resource': 'extra_gpu', 'gpu': False, 'verbose': False, 'lr_config': {'mode': 'log', 'steps': 5, 'initial_lr': 0.01, 'target_lr': 0.02}, 'batch_per_device': 128}",41.38269877433777,0,2,2899.7495327569304,4,52.188064098358154
0.02045937180519104,0.04821876287460328,0.000695866346359253,0.004632636600611161,0.030576300621032712,nan,0.0,0.09718033075332641,0.75756147702535,0.7243585690316247,-0.7628999352455139,nan,0.0,nan,0.0,nan,0.0,0.8061199188232422,0.5760097446894646,nan,0.0,0.7628999352455139,0.7020073547840119,nan,0.0,60000,4,False,,,29,-0.7243585690316247,424cc561167e4a43836262addf0931b6,2019-06-06_09-49-18,1559839758,16.46975803375244,920.6778106689453,6425,steropes,169.229.49.254,"{'starting_lr': 0.01, 'momentum': 0.9, 'weight_decay': 0.005, 'steps_per_iteration': None, 'pin': False, 'model_creator': None, 'target_batch_size': 128, 'model_string': 'resnet50', 'min_batch_size': 128, 'dataset': 'CIFAR', 'placement': None, 'use_nccl': True, 'devices_per_worker': 1, 'primary_resource': 'extra_gpu', 'gpu': False, 'verbose': False, 'lr_config': {'mode': 'log', 'steps': 5, 'initial_lr': 0.01, 'target_lr': 0.02}, 'batch_per_device': 128}",57.85245680809021,0,3,3111.3482372124013,4,52.188064098358154
0.01898772716522217,0.05247364640235901,0.0007765531539916992,0.004628596257190315,0.03434776067733765,nan,0.0,0.10002437233924866,0.7614105502764384,0.7121248671894698,-0.7463999390602112,nan,0.0,nan,0.0,nan,0.0,0.801379919052124,0.5901712359404565,nan,0.0,0.7463999390602112,0.7486943347930908,nan,0.0,60000,4,False,,,30,-0.7121248671894698,424cc561167e4a43836262addf0931b6,2019-06-06_09-49-34,1559839774,16.57640290260315,937.2542135715485,6425,steropes,169.229.49.254,"{'starting_lr': 0.01, 'momentum': 0.9, 'weight_decay': 0.005, 'steps_per_iteration': None, 'pin': False, 'model_creator': None, 'target_batch_size': 128, 'model_string': 'resnet50', 'min_batch_size': 128, 'dataset': 'CIFAR', 'placement': None, 'use_nccl': True, 'devices_per_worker': 1, 'primary_resource': 'extra_gpu', 'gpu': False, 'verbose': False, 'lr_config': {'mode': 'log', 'steps': 5, 'initial_lr': 0.01, 'target_lr': 0.02}, 'batch_per_device': 128}",74.42885971069336,0,4,3224.5398759328273,4,52.188064098358154
0.0203609824180603,0.05259400904178619,0.0007448017597198487,0.004466730112932167,0.03034519553184509,nan,0.0,0.10174472332000732,0.7640399813652039,0.7010794605588913,-0.7487000226974487,nan,0.0,nan,0.0,nan,0.0,0.8028599619865417,0.5867413362383842,nan,0.0,0.7487000226974487,0.7463101392745972,nan,0.0,60000,4,False,,,31,-0.7010794605588913,424cc561167e4a43836262addf0931b6,2019-06-06_09-49-51,1559839791,16.655086517333984,953.9093000888824,6425,steropes,169.229.49.254,"{'starting_lr': 0.01, 'momentum': 0.9, 'weight_decay': 0.005, 'steps_per_iteration': None, 'pin': False, 'model_creator': None, 'target_batch_size': 128, 'model_string': 'resnet50', 'min_batch_size': 128, 'dataset': 'CIFAR', 'placement': None, 'use_nccl': True, 'devices_per_worker': 1, 'primary_resource': 'extra_gpu', 'gpu': False, 'verbose': False, 'lr_config': {'mode': 'log', 'steps': 5, 'initial_lr': 0.01, 'target_lr': 0.02}, 'batch_per_device': 128}",91.08394622802734,0,5,3293.6488838729283,4,52.188064098358154
0.020168441534042358,0.049920266866683966,0.0007059931755065917,0.004748824299598227,0.03036498427391052,nan,0.0,0.10448842644691467,0.7610399723052979,0.7112588890981674,-0.7651999592781067,nan,0.0,nan,0.0,nan,0.0,0.800879955291748,0.5931730579853058,nan,0.0,0.7651999592781067,0.7098531872272491,nan,0.0,60000,4,False,,,32,-0.7112588890981674,424cc561167e4a43836262addf0931b6,2019-06-06_09-50-07,1559839807,16.580089330673218,970.4893894195557,6425,steropes,169.229.49.254,"{'starting_lr': 0.01, 'momentum': 0.9, 'weight_decay': 0.005, 'steps_per_iteration': None, 'pin': False, 'model_creator': None, 'target_batch_size': 128, 'model_string': 'resnet50', 'min_batch_size': 128, 'dataset': 'CIFAR', 'placement': None, 'use_nccl': True, 'devices_per_worker': 1, 'primary_resource': 'extra_gpu', 'gpu': False, 'verbose': False, 'lr_config': {'mode': 'log', 'steps': 5, 'initial_lr': 0.01, 'target_lr': 0.02}, 'batch_per_device': 128}",107.66403555870056,0,6,3622.562506590106,4,52.188064098358154
0.019721627235412598,0.04741305410861969,0.0007659733295440674,0.004432757898252837,0.030553412437438962,nan,0.0,0.10003095269203187,0.7537599682807923,0.7369191928005219,-0.7455999851226807,nan,0.0,nan,0.0,nan,0.0,0.8044999837875366,0.5829616690397262,nan,0.0,0.7455999851226807,0.7777309479236603,nan,0.0,60000,4,False,,,33,-0.7369191928005219,424cc561167e4a43836262addf0931b6,2019-06-06_09-50-24,1559839824,16.623164653778076,987.1125540733337,6425,steropes,169.229.49.254,"{'starting_lr': 0.01, 'momentum': 0.9, 'weight_decay': 0.005, 'steps_per_iteration': None, 'pin': False, 'model_creator': None, 'target_batch_size': 128, 'model_string': 'resnet50', 'min_batch_size': 128, 'dataset': 'CIFAR', 'placement': None, 'use_nccl': True, 'devices_per_worker': 1, 'primary_resource': 'extra_gpu', 'gpu': False, 'verbose': False, 'lr_config': {'mode': 'log', 'steps': 5, 'initial_lr': 0.01, 'target_lr': 0.02}, 'batch_per_device': 128}",124.28720021247864,0,7,3618.602766746717,4,52.188064098358154
0.019087415933609006,0.050003886222839355,0.0007171332836151122,0.004447680955030481,0.03148407936096191,nan,0.0,0.0964873194694519,0.7547999858856201,0.7354530607461929,-0.7681000232696533,nan,0.0,nan,0.0,nan,0.0,0.8069000244140625,0.5765090942621232,nan,0.0,0.7681000232696533,0.6946766945123672,nan,0.0,60000,4,True,,,34,-0.7354530607461929,424cc561167e4a43836262addf0931b6,2019-06-06_09-50-41,1559839841,16.5607693195343,1003.673323392868,6425,steropes,169.229.49.254,"{'starting_lr': 0.01, 'momentum': 0.9, 'weight_decay': 0.005, 'steps_per_iteration': None, 'pin': False, 'model_creator': None, 'target_batch_size': 128, 'model_string': 'resnet50', 'min_batch_size': 128, 'dataset': 'CIFAR', 'placement': None, 'use_nccl': True, 'devices_per_worker': 1, 'primary_resource': 'extra_gpu', 'gpu': False, 'verbose': False, 'lr_config': {'mode': 'log', 'steps': 5, 'initial_lr': 0.01, 'target_lr': 0.02}, 'batch_per_device': 128}",140.84796953201294,0,8,3614.6350706073326,4,52.188064098358154
