{"apply": 0.019107460975646973, "batch_time": 0.042534973047956635, "d2h": 0.0007182121276855469, "data_time": 0.0018844641078158717, "fwd": 0.11953315734863282, "get_state_time_mean": NaN, "get_state_time_total": 0.0, "grad": 0.2136996030807495, "mean_accuracy": 0.3750999867916107, "mean_loss": 1.737925263404846, "neg_mean_accuracy": -0.3750999867916107, "set_state_time_mean": NaN, "set_state_time_total": 0.0, "setup_model_time_mean": 10.816653728485107, "setup_model_time_total": 10.816653728485107, "setup_proc_time_mean": 0.21436715126037598, "setup_proc_time_total": 0.21436715126037598, "train_accuracy": 0.25961998105049133, "train_loss": 2.5549946436309816, "training_time_mean": NaN, "training_time_total": 0.0, "val_accuracy": 0.3750999867916107, "val_loss": 1.737925263404846, "validation_time_mean": NaN, "validation_time_total": 0.0, "samples": 60000, "num_workers": 1, "done": false, "timesteps_total": null, "episodes_total": null, "training_iteration": 1, "neg_mean_loss": -1.737925263404846, "experiment_id": "424cc561167e4a43836262addf0931b6", "date": "2019-06-06_09-33-26", "timestamp": 1559838806, "time_this_iter_s": 47.76779055595398, "time_total_s": 47.76779055595398, "pid": 14822, "hostname": "steropes", "node_ip": "169.229.49.254", "config": {"starting_lr": 0.01, "momentum": 0.9, "weight_decay": 0.005, "steps_per_iteration": null, "pin": false, "model_creator": null, "target_batch_size": 128, "model_string": "resnet50", "min_batch_size": 128, "dataset": "CIFAR", "placement": null, "use_nccl": true, "devices_per_worker": 1, "primary_resource": "extra_gpu", "gpu": false, "verbose": false, "lr_config": {"mode": "log", "steps": 5, "initial_lr": 0.01, "target_lr": 0.01}, "batch_per_device": 128}, "time_since_restore": 47.76779055595398, "timesteps_since_restore": 0, "iterations_since_restore": 1, "mean_throughput": 1256.0739594057475, "atoms": 1, "setup_time": 11.127459049224854}
{"apply": 0.01828656196594238, "batch_time": 0.03238008293924453, "d2h": 0.0007002592086791992, "data_time": 0.0018274521888674373, "fwd": 0.029810190200805664, "get_state_time_mean": NaN, "get_state_time_total": 0.0, "grad": 0.04884815216064453, "mean_accuracy": 0.40184998512268066, "mean_loss": 1.644325448513031, "neg_mean_accuracy": -0.4285999834537506, "set_state_time_mean": NaN, "set_state_time_total": 0.0, "setup_model_time_mean": NaN, "setup_model_time_total": 0.0, "setup_proc_time_mean": NaN, "setup_proc_time_total": 0.0, "train_accuracy": 0.3687399923801422, "train_loss": 1.8435778622055055, "training_time_mean": NaN, "training_time_total": 0.0, "val_accuracy": 0.4285999834537506, "val_loss": 1.5507256336212158, "validation_time_mean": NaN, "validation_time_total": 0.0, "samples": 60000, "num_workers": 1, "done": false, "timesteps_total": null, "episodes_total": null, "training_iteration": 2, "neg_mean_loss": -1.644325448513031, "experiment_id": "424cc561167e4a43836262addf0931b6", "date": "2019-06-06_09-34-08", "timestamp": 1559838848, "time_this_iter_s": 41.94004988670349, "time_total_s": 89.70784044265747, "pid": 14822, "hostname": "steropes", "node_ip": "169.229.49.254", "config": {"starting_lr": 0.01, "momentum": 0.9, "weight_decay": 0.005, "steps_per_iteration": null, "pin": false, "model_creator": null, "target_batch_size": 128, "model_string": "resnet50", "min_batch_size": 128, "dataset": "CIFAR", "placement": null, "use_nccl": true, "devices_per_worker": 1, "primary_resource": "extra_gpu", "gpu": false, "verbose": false, "lr_config": {"mode": "log", "steps": 5, "initial_lr": 0.01, "target_lr": 0.01}, "batch_per_device": 128}, "time_since_restore": 89.70784044265747, "timesteps_since_restore": 0, "iterations_since_restore": 2, "mean_throughput": 1337.6730672479628, "atoms": 1, "setup_time": 11.127459049224854}
{"apply": 0.01906437873840332, "batch_time": 0.03183711027797265, "d2h": 0.0006780624389648438, "data_time": 0.0018380700474809808, "fwd": 0.028803205490112303, "get_state_time_mean": NaN, "get_state_time_total": 0.0, "grad": 0.048922252655029294, "mean_accuracy": 0.43209998806317645, "mean_loss": 1.5651939780553181, "neg_mean_accuracy": -0.4925999939441681, "set_state_time_mean": NaN, "set_state_time_total": 0.0, "setup_model_time_mean": NaN, "setup_model_time_total": 0.0, "setup_proc_time_mean": NaN, "setup_proc_time_total": 0.0, "train_accuracy": 0.4277399778366089, "train_loss": 1.6198905672836303, "training_time_mean": NaN, "training_time_total": 0.0, "val_accuracy": 0.4925999939441681, "val_loss": 1.4069310371398926, "validation_time_mean": NaN, "validation_time_total": 0.0, "samples": 60000, "num_workers": 1, "done": false, "timesteps_total": null, "episodes_total": null, "training_iteration": 3, "neg_mean_loss": -1.5651939780553181, "experiment_id": "424cc561167e4a43836262addf0931b6", "date": "2019-06-06_09-34-50", "timestamp": 1559838890, "time_this_iter_s": 41.94462037086487, "time_total_s": 131.65246081352234, "pid": 14822, "hostname": "steropes", "node_ip": "169.229.49.254", "config": {"starting_lr": 0.01, "momentum": 0.9, "weight_decay": 0.005, "steps_per_iteration": null, "pin": false, "model_creator": null, "target_batch_size": 128, "model_string": "resnet50", "min_batch_size": 128, "dataset": "CIFAR", "placement": null, "use_nccl": true, "devices_per_worker": 1, "primary_resource": "extra_gpu", "gpu": false, "verbose": false, "lr_config": {"mode": "log", "steps": 5, "initial_lr": 0.01, "target_lr": 0.01}, "batch_per_device": 128}, "time_since_restore": 131.65246081352234, "timesteps_since_restore": 0, "iterations_since_restore": 3, "mean_throughput": 1367.232031816754, "atoms": 1, "setup_time": 11.127459049224854}
{"apply": 0.019294309616088866, "batch_time": 0.03259339513657968, "d2h": 0.0007992744445800781, "data_time": 0.0018383005390996518, "fwd": 0.029549765586853027, "get_state_time_mean": NaN, "get_state_time_total": 0.0, "grad": 0.0488192081451416, "mean_accuracy": 0.4533499851822853, "mean_loss": 1.5599733040332793, "neg_mean_accuracy": -0.5170999765396118, "set_state_time_mean": NaN, "set_state_time_total": 0.0, "setup_model_time_mean": NaN, "setup_model_time_total": 0.0, "setup_proc_time_mean": NaN, "setup_proc_time_total": 0.0, "train_accuracy": 0.47353997826576233, "train_loss": 1.480280309638977, "training_time_mean": NaN, "training_time_total": 0.0, "val_accuracy": 0.5170999765396118, "val_loss": 1.5443112819671632, "validation_time_mean": NaN, "validation_time_total": 0.0, "samples": 60000, "num_workers": 1, "done": false, "timesteps_total": null, "episodes_total": null, "training_iteration": 4, "neg_mean_loss": -1.5599733040332793, "experiment_id": "424cc561167e4a43836262addf0931b6", "date": "2019-06-06_09-35-32", "timestamp": 1559838932, "time_this_iter_s": 41.59614968299866, "time_total_s": 173.248610496521, "pid": 14822, "hostname": "steropes", "node_ip": "169.229.49.254", "config": {"starting_lr": 0.01, "momentum": 0.9, "weight_decay": 0.005, "steps_per_iteration": null, "pin": false, "model_creator": null, "target_batch_size": 128, "model_string": "resnet50", "min_batch_size": 128, "dataset": "CIFAR", "placement": null, "use_nccl": true, "devices_per_worker": 1, "primary_resource": "extra_gpu", "gpu": false, "verbose": false, "lr_config": {"mode": "log", "steps": 5, "initial_lr": 0.01, "target_lr": 0.01}, "batch_per_device": 128}, "time_since_restore": 173.248610496521, "timesteps_since_restore": 0, "iterations_since_restore": 4, "mean_throughput": 1385.2887362434296, "atoms": 1, "setup_time": 11.127459049224854}
{"apply": 0.01854681968688965, "batch_time": 0.032719965222515635, "d2h": 0.0007419109344482422, "data_time": 0.001861929588610559, "fwd": 0.02868473529815674, "get_state_time_mean": NaN, "get_state_time_total": 0.0, "grad": 0.049533414840698245, "mean_accuracy": 0.46547998785972594, "mean_loss": 1.5212838044357297, "neg_mean_accuracy": -0.5139999985694885, "set_state_time_mean": NaN, "set_state_time_total": 0.0, "setup_model_time_mean": NaN, "setup_model_time_total": 0.0, "setup_proc_time_mean": NaN, "setup_proc_time_total": 0.0, "train_accuracy": 0.514519989490509, "train_loss": 1.3655216547393798, "training_time_mean": NaN, "training_time_total": 0.0, "val_accuracy": 0.5139999985694885, "val_loss": 1.3665258060455323, "validation_time_mean": NaN, "validation_time_total": 0.0, "samples": 60000, "num_workers": 1, "done": false, "timesteps_total": null, "episodes_total": null, "training_iteration": 5, "neg_mean_loss": -1.5212838044357297, "experiment_id": "424cc561167e4a43836262addf0931b6", "date": "2019-06-06_09-36-14", "timestamp": 1559838974, "time_this_iter_s": 42.01361036300659, "time_total_s": 215.2622208595276, "pid": 14822, "hostname": "steropes", "node_ip": "169.229.49.254", "config": {"starting_lr": 0.01, "momentum": 0.9, "weight_decay": 0.005, "steps_per_iteration": null, "pin": false, "model_creator": null, "target_batch_size": 128, "model_string": "resnet50", "min_batch_size": 128, "dataset": "CIFAR", "placement": null, "use_nccl": true, "devices_per_worker": 1, "primary_resource": "extra_gpu", "gpu": false, "verbose": false, "lr_config": {"mode": "log", "steps": 5, "initial_lr": 0.01, "target_lr": 0.01}, "batch_per_device": 128}, "time_since_restore": 215.2622208595276, "timesteps_since_restore": 0, "iterations_since_restore": 5, "mean_throughput": 1393.6455264981525, "atoms": 1, "setup_time": 11.127459049224854}
{"apply": 0.018892717361450196, "batch_time": 0.03208865998666498, "d2h": 0.0006994009017944336, "data_time": 0.0018612911634128112, "fwd": 0.029064512252807616, "get_state_time_mean": NaN, "get_state_time_total": 0.0, "grad": 0.04846029281616211, "mean_accuracy": 0.5039799928665161, "mean_loss": 1.417301397628784, "neg_mean_accuracy": -0.5676000118255615, "set_state_time_mean": NaN, "set_state_time_total": 0.0, "setup_model_time_mean": NaN, "setup_model_time_total": 0.0, "setup_proc_time_mean": NaN, "setup_proc_time_total": 0.0, "train_accuracy": 0.5550000071525574, "train_loss": 1.2521001871871948, "training_time_mean": NaN, "training_time_total": 0.0, "val_accuracy": 0.5676000118255615, "val_loss": 1.2180132293701171, "validation_time_mean": NaN, "validation_time_total": 0.0, "samples": 60000, "num_workers": 1, "done": false, "timesteps_total": null, "episodes_total": null, "training_iteration": 6, "neg_mean_loss": -1.417301397628784, "experiment_id": "424cc561167e4a43836262addf0931b6", "date": "2019-06-06_09-36-55", "timestamp": 1559839015, "time_this_iter_s": 41.580180644989014, "time_total_s": 256.8424015045166, "pid": 14822, "hostname": "steropes", "node_ip": "169.229.49.254", "config": {"starting_lr": 0.01, "momentum": 0.9, "weight_decay": 0.005, "steps_per_iteration": null, "pin": false, "model_creator": null, "target_batch_size": 128, "model_string": "resnet50", "min_batch_size": 128, "dataset": "CIFAR", "placement": null, "use_nccl": true, "devices_per_worker": 1, "primary_resource": "extra_gpu", "gpu": false, "verbose": false, "lr_config": {"mode": "log", "steps": 5, "initial_lr": 0.01, "target_lr": 0.01}, "batch_per_device": 128}, "time_since_restore": 256.8424015045166, "timesteps_since_restore": 0, "iterations_since_restore": 6, "mean_throughput": 1434.8907884245543, "atoms": 1, "setup_time": 11.127459049224854}
{"apply": 0.018052077293395995, "batch_time": 0.03213971174215969, "d2h": 0.0007042884826660156, "data_time": 0.0018292022178240139, "fwd": 0.028206706047058105, "get_state_time_mean": NaN, "get_state_time_total": 0.0, "grad": 0.04811108112335205, "mean_accuracy": 0.5423399984836579, "mean_loss": 1.3201669852447508, "neg_mean_accuracy": -0.6204000115394592, "set_state_time_mean": NaN, "set_state_time_total": 0.0, "setup_model_time_mean": NaN, "setup_model_time_total": 0.0, "setup_proc_time_mean": NaN, "setup_proc_time_total": 0.0, "train_accuracy": 0.5945799946784973, "train_loss": 1.1475406061172486, "training_time_mean": NaN, "training_time_total": 0.0, "val_accuracy": 0.6204000115394592, "val_loss": 1.0650535717010499, "validation_time_mean": NaN, "validation_time_total": 0.0, "samples": 60000, "num_workers": 1, "done": false, "timesteps_total": null, "episodes_total": null, "training_iteration": 7, "neg_mean_loss": -1.3201669852447508, "experiment_id": "424cc561167e4a43836262addf0931b6", "date": "2019-06-06_09-37-37", "timestamp": 1559839057, "time_this_iter_s": 41.593907833099365, "time_total_s": 298.43630933761597, "pid": 14822, "hostname": "steropes", "node_ip": "169.229.49.254", "config": {"starting_lr": 0.01, "momentum": 0.9, "weight_decay": 0.005, "steps_per_iteration": null, "pin": false, "model_creator": null, "target_batch_size": 128, "model_string": "resnet50", "min_batch_size": 128, "dataset": "CIFAR", "placement": null, "use_nccl": true, "devices_per_worker": 1, "primary_resource": "extra_gpu", "gpu": false, "verbose": false, "lr_config": {"mode": "log", "steps": 5, "initial_lr": 0.01, "target_lr": 0.01}, "batch_per_device": 128}, "time_since_restore": 298.43630933761597, "timesteps_since_restore": 0, "iterations_since_restore": 7, "mean_throughput": 1437.2703306219937, "atoms": 1, "setup_time": 11.127459049224854}
{"apply": 0.018311572074890137, "batch_time": 0.03528495981723447, "d2h": 0.0007265329360961914, "data_time": 0.0018531270039355968, "fwd": 0.028812861442565917, "get_state_time_mean": NaN, "get_state_time_total": 0.0, "grad": 0.048157691955566406, "mean_accuracy": 0.5774799942970276, "mean_loss": 1.2321424700927737, "neg_mean_accuracy": -0.6682999730110168, "set_state_time_mean": NaN, "set_state_time_total": 0.0, "setup_model_time_mean": NaN, "setup_model_time_total": 0.0, "setup_proc_time_mean": NaN, "setup_proc_time_total": 0.0, "train_accuracy": 0.6310799717903137, "train_loss": 1.0540533784103394, "training_time_mean": NaN, "training_time_total": 0.0, "val_accuracy": 0.6682999730110168, "val_loss": 0.9668084613800049, "validation_time_mean": NaN, "validation_time_total": 0.0, "samples": 60000, "num_workers": 1, "done": false, "timesteps_total": null, "episodes_total": null, "training_iteration": 8, "neg_mean_loss": -1.2321424700927737, "experiment_id": "424cc561167e4a43836262addf0931b6", "date": "2019-06-06_09-38-19", "timestamp": 1559839099, "time_this_iter_s": 41.78636288642883, "time_total_s": 340.2226722240448, "pid": 14822, "hostname": "steropes", "node_ip": "169.229.49.254", "config": {"starting_lr": 0.01, "momentum": 0.9, "weight_decay": 0.005, "steps_per_iteration": null, "pin": false, "model_creator": null, "target_batch_size": 128, "model_string": "resnet50", "min_batch_size": 128, "dataset": "CIFAR", "placement": null, "use_nccl": true, "devices_per_worker": 1, "primary_resource": "extra_gpu", "gpu": false, "verbose": false, "lr_config": {"mode": "log", "steps": 5, "initial_lr": 0.01, "target_lr": 0.01}, "batch_per_device": 128}, "time_since_restore": 340.2226722240448, "timesteps_since_restore": 0, "iterations_since_restore": 8, "mean_throughput": 1438.3618699766484, "atoms": 1, "setup_time": 11.127459049224854}
{"apply": 0.018958210945129395, "batch_time": 0.03200383125981198, "d2h": 0.0007213830947875976, "data_time": 0.0018345230375714314, "fwd": 0.029035258293151855, "get_state_time_mean": NaN, "get_state_time_total": 0.0, "grad": 0.048030686378479, "mean_accuracy": 0.607260000705719, "mean_loss": 1.1179759189987182, "neg_mean_accuracy": -0.6660000085830688, "set_state_time_mean": NaN, "set_state_time_total": 0.0, "setup_model_time_mean": NaN, "setup_model_time_total": 0.0, "setup_proc_time_mean": NaN, "setup_proc_time_total": 0.0, "train_accuracy": 0.6566999554634094, "train_loss": 0.9852998592376709, "training_time_mean": NaN, "training_time_total": 0.0, "val_accuracy": 0.6660000085830688, "val_loss": 0.9734785264968872, "validation_time_mean": NaN, "validation_time_total": 0.0, "samples": 60000, "num_workers": 1, "done": false, "timesteps_total": null, "episodes_total": null, "training_iteration": 9, "neg_mean_loss": -1.1179759189987182, "experiment_id": "424cc561167e4a43836262addf0931b6", "date": "2019-06-06_09-39-00", "timestamp": 1559839140, "time_this_iter_s": 41.62079215049744, "time_total_s": 381.84346437454224, "pid": 14822, "hostname": "steropes", "node_ip": "169.229.49.254", "config": {"starting_lr": 0.01, "momentum": 0.9, "weight_decay": 0.005, "steps_per_iteration": null, "pin": false, "model_creator": null, "target_batch_size": 128, "model_string": "resnet50", "min_batch_size": 128, "dataset": "CIFAR", "placement": null, "use_nccl": true, "devices_per_worker": 1, "primary_resource": "extra_gpu", "gpu": false, "verbose": false, "lr_config": {"mode": "log", "steps": 5, "initial_lr": 0.01, "target_lr": 0.01}, "batch_per_device": 128}, "time_since_restore": 381.84346437454224, "timesteps_since_restore": 0, "iterations_since_restore": 9, "mean_throughput": 1438.191914105508, "atoms": 1, "setup_time": 11.127459049224854}
{"apply": 0.01983218193054199, "batch_time": 0.03288444386252874, "d2h": 0.000750422477722168, "data_time": 0.0018378145554486442, "fwd": 0.028898215293884276, "get_state_time_mean": NaN, "get_state_time_total": 0.0, "grad": 0.048566555976867674, "mean_accuracy": 0.6348199963569641, "mean_loss": 1.0540004681777955, "neg_mean_accuracy": -0.6517999768257141, "set_state_time_mean": NaN, "set_state_time_total": 0.0, "setup_model_time_mean": NaN, "setup_model_time_total": 0.0, "setup_proc_time_mean": NaN, "setup_proc_time_total": 0.0, "train_accuracy": 0.6766600012779236, "train_loss": 0.9379926770210266, "training_time_mean": NaN, "training_time_total": 0.0, "val_accuracy": 0.6517999768257141, "val_loss": 1.0466485519409179, "validation_time_mean": NaN, "validation_time_total": 0.0, "samples": 60000, "num_workers": 1, "done": false, "timesteps_total": null, "episodes_total": null, "training_iteration": 10, "neg_mean_loss": -1.0540004681777955, "experiment_id": "424cc561167e4a43836262addf0931b6", "date": "2019-06-06_09-39-42", "timestamp": 1559839182, "time_this_iter_s": 41.58212423324585, "time_total_s": 423.4255886077881, "pid": 14822, "hostname": "steropes", "node_ip": "169.229.49.254", "config": {"starting_lr": 0.01, "momentum": 0.9, "weight_decay": 0.005, "steps_per_iteration": null, "pin": false, "model_creator": null, "target_batch_size": 128, "model_string": "resnet50", "min_batch_size": 128, "dataset": "CIFAR", "placement": null, "use_nccl": true, "devices_per_worker": 1, "primary_resource": "extra_gpu", "gpu": false, "verbose": false, "lr_config": {"mode": "log", "steps": 5, "initial_lr": 0.01, "target_lr": 0.01}, "batch_per_device": 128}, "time_since_restore": 423.4255886077881, "timesteps_since_restore": 0, "iterations_since_restore": 10, "mean_throughput": 1441.1730394484966, "atoms": 1, "setup_time": 11.127459049224854}
{"apply": 0.018317604064941408, "batch_time": 0.03227049791360203, "d2h": 0.0007360935211181641, "data_time": 0.0017925497820920043, "fwd": 0.028705668449401856, "get_state_time_mean": NaN, "get_state_time_total": 0.0, "grad": 0.05032217502593994, "mean_accuracy": 0.6589799880981445, "mean_loss": 0.992350341129303, "neg_mean_accuracy": -0.6883999705314636, "set_state_time_mean": NaN, "set_state_time_total": 0.0, "setup_model_time_mean": NaN, "setup_model_time_total": 0.0, "setup_proc_time_mean": NaN, "setup_proc_time_total": 0.0, "train_accuracy": 0.6876999735832214, "train_loss": 0.9052493432998657, "training_time_mean": NaN, "training_time_total": 0.0, "val_accuracy": 0.6883999705314636, "val_loss": 0.909762594127655, "validation_time_mean": NaN, "validation_time_total": 0.0, "samples": 60000, "num_workers": 1, "done": false, "timesteps_total": null, "episodes_total": null, "training_iteration": 11, "neg_mean_loss": -0.992350341129303, "experiment_id": "424cc561167e4a43836262addf0931b6", "date": "2019-06-06_09-40-24", "timestamp": 1559839224, "time_this_iter_s": 42.45028853416443, "time_total_s": 465.8758771419525, "pid": 14822, "hostname": "steropes", "node_ip": "169.229.49.254", "config": {"starting_lr": 0.01, "momentum": 0.9, "weight_decay": 0.005, "steps_per_iteration": null, "pin": false, "model_creator": null, "target_batch_size": 128, "model_string": "resnet50", "min_batch_size": 128, "dataset": "CIFAR", "placement": null, "use_nccl": true, "devices_per_worker": 1, "primary_resource": "extra_gpu", "gpu": false, "verbose": false, "lr_config": {"mode": "log", "steps": 5, "initial_lr": 0.01, "target_lr": 0.01}, "batch_per_device": 128}, "time_since_restore": 465.8758771419525, "timesteps_since_restore": 0, "iterations_since_restore": 11, "mean_throughput": 1435.1740738834378, "atoms": 1, "setup_time": 11.127459049224854}
{"apply": 0.019327783584594728, "batch_time": 0.03259499163567266, "d2h": 0.0007800102233886719, "data_time": 0.0017825849830646954, "fwd": 0.03022463321685791, "get_state_time_mean": NaN, "get_state_time_total": 0.0, "grad": 0.05016481876373291, "mean_accuracy": 0.6715199828147889, "mean_loss": 0.9672509222793579, "neg_mean_accuracy": -0.6830999851226807, "set_state_time_mean": NaN, "set_state_time_total": 0.0, "setup_model_time_mean": NaN, "setup_model_time_total": 0.0, "setup_proc_time_mean": NaN, "setup_proc_time_total": 0.0, "train_accuracy": 0.6986599564552307, "train_loss": 0.875651183052063, "training_time_mean": NaN, "training_time_total": 0.0, "val_accuracy": 0.6830999851226807, "val_loss": 0.9395564774513244, "validation_time_mean": NaN, "validation_time_total": 0.0, "samples": 60000, "num_workers": 1, "done": false, "timesteps_total": null, "episodes_total": null, "training_iteration": 12, "neg_mean_loss": -0.9672509222793579, "experiment_id": "424cc561167e4a43836262addf0931b6", "date": "2019-06-06_09-41-06", "timestamp": 1559839266, "time_this_iter_s": 41.36160206794739, "time_total_s": 507.2374792098999, "pid": 14822, "hostname": "steropes", "node_ip": "169.229.49.254", "config": {"starting_lr": 0.01, "momentum": 0.9, "weight_decay": 0.005, "steps_per_iteration": null, "pin": false, "model_creator": null, "target_batch_size": 128, "model_string": "resnet50", "min_batch_size": 128, "dataset": "CIFAR", "placement": null, "use_nccl": true, "devices_per_worker": 1, "primary_resource": "extra_gpu", "gpu": false, "verbose": false, "lr_config": {"mode": "log", "steps": 5, "initial_lr": 0.01, "target_lr": 0.01}, "batch_per_device": 128}, "time_since_restore": 507.2374792098999, "timesteps_since_restore": 0, "iterations_since_restore": 12, "mean_throughput": 1436.77081943663, "atoms": 1, "setup_time": 11.127459049224854}
{"apply": 0.018543791770935056, "batch_time": 0.06909024119377136, "d2h": 0.0006683230400085448, "data_time": 0.0032211450897917456, "fwd": 0.15069596767425536, "get_state_time_mean": NaN, "get_state_time_total": 0.0, "grad": 0.22609158754348754, "mean_accuracy": 0.6857799768447876, "mean_loss": 0.9241381032562256, "neg_mean_accuracy": -0.7395999431610107, "set_state_time_mean": 6.907440662384033, "set_state_time_total": 6.907440662384033, "setup_model_time_mean": 11.926499366760254, "setup_model_time_total": 11.926499366760254, "setup_proc_time_mean": 0.22589731216430664, "setup_proc_time_total": 0.22589731216430664, "train_accuracy": 0.7454400062561035, "train_loss": 0.7425957919979096, "training_time_mean": NaN, "training_time_total": 0.0, "val_accuracy": 0.7395999431610107, "val_loss": 0.7512443662643432, "validation_time_mean": NaN, "validation_time_total": 0.0, "samples": 60000, "num_workers": 2, "done": false, "timesteps_total": null, "episodes_total": null, "training_iteration": 13, "neg_mean_loss": -0.9241381032562256, "experiment_id": "424cc561167e4a43836262addf0931b6", "date": "2019-06-06_09-42-02", "timestamp": 1559839322, "time_this_iter_s": 34.22385311126709, "time_total_s": 541.461332321167, "pid": 25423, "hostname": "steropes", "node_ip": "169.229.49.254", "config": {"starting_lr": 0.01, "momentum": 0.9, "weight_decay": 0.005, "steps_per_iteration": null, "pin": false, "model_creator": null, "target_batch_size": 128, "model_string": "resnet50", "min_batch_size": 128, "dataset": "CIFAR", "placement": null, "use_nccl": true, "devices_per_worker": 1, "primary_resource": "extra_gpu", "gpu": false, "verbose": false, "lr_config": {"mode": "log", "steps": 5, "initial_lr": 0.01, "target_lr": 0.014142135623730952}, "batch_per_device": 128}, "time_since_restore": 34.22385311126709, "timesteps_since_restore": 0, "iterations_since_restore": 1, "mean_throughput": 1753.1585759323361, "atoms": 2, "setup_time": 20.536986351013184}
{"apply": 0.017422902584075927, "batch_time": 0.040223193168640134, "d2h": 0.0007365942001342773, "data_time": 0.0030707078320639475, "fwd": 0.028038668632507327, "get_state_time_mean": NaN, "get_state_time_total": 0.0, "grad": 0.0781258225440979, "mean_accuracy": 0.6990399718284607, "mean_loss": 0.8851311934661865, "neg_mean_accuracy": -0.7322999835014343, "set_state_time_mean": NaN, "set_state_time_total": 0.0, "setup_model_time_mean": NaN, "setup_model_time_total": 0.0, "setup_proc_time_mean": NaN, "setup_proc_time_total": 0.0, "train_accuracy": 0.7520999908447266, "train_loss": 0.7278226536464691, "training_time_mean": NaN, "training_time_total": 0.0, "val_accuracy": 0.7322999835014343, "val_loss": 0.7784439775466919, "validation_time_mean": NaN, "validation_time_total": 0.0, "samples": 60000, "num_workers": 2, "done": false, "timesteps_total": null, "episodes_total": null, "training_iteration": 14, "neg_mean_loss": -0.8851311934661865, "experiment_id": "424cc561167e4a43836262addf0931b6", "date": "2019-06-06_09-42-30", "timestamp": 1559839350, "time_this_iter_s": 27.813115119934082, "time_total_s": 569.2744474411011, "pid": 25423, "hostname": "steropes", "node_ip": "169.229.49.254", "config": {"starting_lr": 0.01, "momentum": 0.9, "weight_decay": 0.005, "steps_per_iteration": null, "pin": false, "model_creator": null, "target_batch_size": 128, "model_string": "resnet50", "min_batch_size": 128, "dataset": "CIFAR", "placement": null, "use_nccl": true, "devices_per_worker": 1, "primary_resource": "extra_gpu", "gpu": false, "verbose": false, "lr_config": {"mode": "log", "steps": 5, "initial_lr": 0.01, "target_lr": 0.014142135623730952}, "batch_per_device": 128}, "time_since_restore": 62.03696823120117, "timesteps_since_restore": 0, "iterations_since_restore": 2, "mean_throughput": 1934.3252700987532, "atoms": 2, "setup_time": 20.536986351013184}
{"apply": 0.017445528507232667, "batch_time": 0.038719657063484195, "d2h": 0.0007310867309570312, "data_time": 0.0030594005876657913, "fwd": 0.02784513235092163, "get_state_time_mean": NaN, "get_state_time_total": 0.0, "grad": 0.07845238447189332, "mean_accuracy": 0.7138999700546265, "mean_loss": 0.8375752221298217, "neg_mean_accuracy": -0.726099967956543, "set_state_time_mean": NaN, "set_state_time_total": 0.0, "setup_model_time_mean": NaN, "setup_model_time_total": 0.0, "setup_proc_time_mean": NaN, "setup_proc_time_total": 0.0, "train_accuracy": 0.7466599941253662, "train_loss": 0.7433739567947388, "training_time_mean": NaN, "training_time_total": 0.0, "val_accuracy": 0.726099967956543, "val_loss": 0.8088686952590942, "validation_time_mean": NaN, "validation_time_total": 0.0, "samples": 60000, "num_workers": 2, "done": false, "timesteps_total": null, "episodes_total": null, "training_iteration": 15, "neg_mean_loss": -0.8375752221298217, "experiment_id": "424cc561167e4a43836262addf0931b6", "date": "2019-06-06_09-42-58", "timestamp": 1559839378, "time_this_iter_s": 27.817641496658325, "time_total_s": 597.0920889377594, "pid": 25423, "hostname": "steropes", "node_ip": "169.229.49.254", "config": {"starting_lr": 0.01, "momentum": 0.9, "weight_decay": 0.005, "steps_per_iteration": null, "pin": false, "model_creator": null, "target_batch_size": 128, "model_string": "resnet50", "min_batch_size": 128, "dataset": "CIFAR", "placement": null, "use_nccl": true, "devices_per_worker": 1, "primary_resource": "extra_gpu", "gpu": false, "verbose": false, "lr_config": {"mode": "log", "steps": 5, "initial_lr": 0.01, "target_lr": 0.014142135623730952}, "batch_per_device": 128}, "time_since_restore": 89.8546097278595, "timesteps_since_restore": 0, "iterations_since_restore": 3, "mean_throughput": 2003.2274906313276, "atoms": 2, "setup_time": 20.536986351013184}
{"apply": 0.017290687561035155, "batch_time": 0.03762314617633819, "d2h": 0.0007390737533569336, "data_time": 0.003126087845588217, "fwd": 0.02790384292602539, "get_state_time_mean": NaN, "get_state_time_total": 0.0, "grad": 0.07858823537826537, "mean_accuracy": 0.7226599812507629, "mean_loss": 0.813649417705536, "neg_mean_accuracy": -0.732200026512146, "set_state_time_mean": NaN, "set_state_time_total": 0.0, "setup_model_time_mean": NaN, "setup_model_time_total": 0.0, "setup_proc_time_mean": NaN, "setup_proc_time_total": 0.0, "train_accuracy": 0.7461799383163452, "train_loss": 0.7441251436424255, "training_time_mean": NaN, "training_time_total": 0.0, "val_accuracy": 0.732200026512146, "val_loss": 0.7901335720062256, "validation_time_mean": NaN, "validation_time_total": 0.0, "samples": 60000, "num_workers": 2, "done": false, "timesteps_total": null, "episodes_total": null, "training_iteration": 16, "neg_mean_loss": -0.813649417705536, "experiment_id": "424cc561167e4a43836262addf0931b6", "date": "2019-06-06_09-43-26", "timestamp": 1559839406, "time_this_iter_s": 27.881129503250122, "time_total_s": 624.9732184410095, "pid": 25423, "hostname": "steropes", "node_ip": "169.229.49.254", "config": {"starting_lr": 0.01, "momentum": 0.9, "weight_decay": 0.005, "steps_per_iteration": null, "pin": false, "model_creator": null, "target_batch_size": 128, "model_string": "resnet50", "min_batch_size": 128, "dataset": "CIFAR", "placement": null, "use_nccl": true, "devices_per_worker": 1, "primary_resource": "extra_gpu", "gpu": false, "verbose": false, "lr_config": {"mode": "log", "steps": 5, "initial_lr": 0.01, "target_lr": 0.014142135623730952}, "batch_per_device": 128}, "time_since_restore": 117.73573923110962, "timesteps_since_restore": 0, "iterations_since_restore": 4, "mean_throughput": 2038.4553781064608, "atoms": 2, "setup_time": 20.536986351013184}
{"apply": 0.01776554584503174, "batch_time": 0.03875840604305267, "d2h": 0.0007306694984436035, "data_time": 0.0031727880847697357, "fwd": 0.028217220306396486, "get_state_time_mean": NaN, "get_state_time_total": 0.0, "grad": 0.07788946628570556, "mean_accuracy": 0.7236199855804444, "mean_loss": 0.8179058238410949, "neg_mean_accuracy": -0.6879000067710876, "set_state_time_mean": NaN, "set_state_time_total": 0.0, "setup_model_time_mean": NaN, "setup_model_time_total": 0.0, "setup_proc_time_mean": NaN, "setup_proc_time_total": 0.0, "train_accuracy": 0.7458199858665466, "train_loss": 0.7503820562553405, "training_time_mean": NaN, "training_time_total": 0.0, "val_accuracy": 0.6879000067710876, "val_loss": 0.9608385081291199, "validation_time_mean": NaN, "validation_time_total": 0.0, "samples": 60000, "num_workers": 2, "done": false, "timesteps_total": null, "episodes_total": null, "training_iteration": 17, "neg_mean_loss": -0.8179058238410949, "experiment_id": "424cc561167e4a43836262addf0931b6", "date": "2019-06-06_09-43-54", "timestamp": 1559839434, "time_this_iter_s": 28.016017198562622, "time_total_s": 652.9892356395721, "pid": 25423, "hostname": "steropes", "node_ip": "169.229.49.254", "config": {"starting_lr": 0.01, "momentum": 0.9, "weight_decay": 0.005, "steps_per_iteration": null, "pin": false, "model_creator": null, "target_batch_size": 128, "model_string": "resnet50", "min_batch_size": 128, "dataset": "CIFAR", "placement": null, "use_nccl": true, "devices_per_worker": 1, "primary_resource": "extra_gpu", "gpu": false, "verbose": false, "lr_config": {"mode": "log", "steps": 5, "initial_lr": 0.01, "target_lr": 0.014142135623730952}, "batch_per_device": 128}, "time_since_restore": 145.75175642967224, "timesteps_since_restore": 0, "iterations_since_restore": 5, "mean_throughput": 2058.286524762879, "atoms": 2, "setup_time": 20.536986351013184}
{"apply": 0.018272364139556886, "batch_time": 0.0390790045261383, "d2h": 0.0006670713424682617, "data_time": 0.0031016085829053608, "fwd": 0.02841109037399292, "get_state_time_mean": NaN, "get_state_time_total": 0.0, "grad": 0.079408597946167, "mean_accuracy": 0.7178599834442139, "mean_loss": 0.8421449229907989, "neg_mean_accuracy": -0.7107999324798584, "set_state_time_mean": NaN, "set_state_time_total": 0.0, "setup_model_time_mean": NaN, "setup_model_time_total": 0.0, "setup_proc_time_mean": NaN, "setup_proc_time_total": 0.0, "train_accuracy": 0.7480999827384949, "train_loss": 0.7444760883426667, "training_time_mean": NaN, "training_time_total": 0.0, "val_accuracy": 0.7107999324798584, "val_loss": 0.872439862012863, "validation_time_mean": NaN, "validation_time_total": 0.0, "samples": 60000, "num_workers": 2, "done": false, "timesteps_total": null, "episodes_total": null, "training_iteration": 18, "neg_mean_loss": -0.8421449229907989, "experiment_id": "424cc561167e4a43836262addf0931b6", "date": "2019-06-06_09-44-22", "timestamp": 1559839462, "time_this_iter_s": 28.106285333633423, "time_total_s": 681.0955209732056, "pid": 25423, "hostname": "steropes", "node_ip": "169.229.49.254", "config": {"starting_lr": 0.01, "momentum": 0.9, "weight_decay": 0.005, "steps_per_iteration": null, "pin": false, "model_creator": null, "target_batch_size": 128, "model_string": "resnet50", "min_batch_size": 128, "dataset": "CIFAR", "placement": null, "use_nccl": true, "devices_per_worker": 1, "primary_resource": "extra_gpu", "gpu": false, "verbose": false, "lr_config": {"mode": "log", "steps": 5, "initial_lr": 0.01, "target_lr": 0.014142135623730952}, "batch_per_device": 128}, "time_since_restore": 173.85804176330566, "timesteps_since_restore": 0, "iterations_since_restore": 6, "mean_throughput": 2148.4616029713948, "atoms": 2, "setup_time": 20.536986351013184}
{"apply": 0.019339442253112793, "batch_time": 0.07684894549993822, "d2h": 0.0006597201029459636, "data_time": 0.003639702275205811, "fwd": 0.12980239391326903, "get_state_time_mean": NaN, "get_state_time_total": 0.0, "grad": 0.25491215387980143, "mean_accuracy": 0.7236499985059102, "mean_loss": 0.8354141489845073, "neg_mean_accuracy": -0.7495500246683756, "set_state_time_mean": 5.171482404073079, "set_state_time_total": 5.171482404073079, "setup_model_time_mean": 11.294761260350546, "setup_model_time_total": 11.294761260350546, "setup_proc_time_mean": 1.98672087987264, "setup_proc_time_total": 1.98672087987264, "train_accuracy": 0.7819443543752035, "train_loss": 0.6451110293047635, "training_time_mean": NaN, "training_time_total": 0.0, "val_accuracy": 0.7495500246683756, "val_loss": 0.7532898943690247, "validation_time_mean": NaN, "validation_time_total": 0.0, "samples": 60000, "num_workers": 3, "done": false, "timesteps_total": null, "episodes_total": null, "training_iteration": 20, "neg_mean_loss": -0.8354141489845073, "experiment_id": "424cc561167e4a43836262addf0931b6", "date": "2019-06-06_09-45-43", "timestamp": 1559839543, "time_this_iter_s": 27.688819408416748, "time_total_s": 737.0801045894623, "pid": 25404, "hostname": "steropes", "node_ip": "169.229.49.254", "config": {"starting_lr": 0.01, "momentum": 0.9, "weight_decay": 0.005, "steps_per_iteration": null, "pin": false, "model_creator": null, "target_batch_size": 128, "model_string": "resnet50", "min_batch_size": 128, "dataset": "CIFAR", "placement": null, "use_nccl": true, "devices_per_worker": 1, "primary_resource": "extra_gpu", "gpu": false, "verbose": false, "lr_config": {"mode": "log", "steps": 5, "initial_lr": 0.01, "target_lr": 0.017320508075688773}, "batch_per_device": 128}, "time_since_restore": 27.688819408416748, "timesteps_since_restore": 0, "iterations_since_restore": 1, "mean_throughput": 2166.9310439764017, "atoms": 3, "setup_time": 52.82305979728699}
{"apply": 0.019917035102844236, "batch_time": 0.044512260107346525, "d2h": 0.0006726821263631186, "data_time": 0.0035357657279677067, "fwd": 0.02996981938680013, "get_state_time_mean": NaN, "get_state_time_total": 0.0, "grad": 0.09649708271026612, "mean_accuracy": 0.7302793622016907, "mean_loss": 0.818830247953114, "neg_mean_accuracy": -0.7653468449910482, "set_state_time_mean": NaN, "set_state_time_total": 0.0, "setup_model_time_mean": NaN, "setup_model_time_total": 0.0, "setup_proc_time_mean": NaN, "setup_proc_time_total": 0.0, "train_accuracy": 0.7865242958068848, "train_loss": 0.6313512059068044, "training_time_mean": NaN, "training_time_total": 0.0, "val_accuracy": 0.7653468449910482, "val_loss": 0.7072140668492582, "validation_time_mean": NaN, "validation_time_total": 0.0, "samples": 60000, "num_workers": 3, "done": false, "timesteps_total": null, "episodes_total": null, "training_iteration": 21, "neg_mean_loss": -0.818830247953114, "experiment_id": "424cc561167e4a43836262addf0931b6", "date": "2019-06-06_09-46-04", "timestamp": 1559839564, "time_this_iter_s": 21.280766487121582, "time_total_s": 758.3608710765839, "pid": 25404, "hostname": "steropes", "node_ip": "169.229.49.254", "config": {"starting_lr": 0.01, "momentum": 0.9, "weight_decay": 0.005, "steps_per_iteration": null, "pin": false, "model_creator": null, "target_batch_size": 128, "model_string": "resnet50", "min_batch_size": 128, "dataset": "CIFAR", "placement": null, "use_nccl": true, "devices_per_worker": 1, "primary_resource": "extra_gpu", "gpu": false, "verbose": false, "lr_config": {"mode": "log", "steps": 5, "initial_lr": 0.01, "target_lr": 0.017320508075688773}, "batch_per_device": 128}, "time_since_restore": 48.96958589553833, "timesteps_since_restore": 0, "iterations_since_restore": 2, "mean_throughput": 2450.4911705822387, "atoms": 3, "setup_time": 52.82305979728699}
{"apply": 0.018426195780436198, "batch_time": 0.04392100263524939, "d2h": 0.0007063070933024089, "data_time": 0.0036949929390244812, "fwd": 0.030170575777689612, "get_state_time_mean": NaN, "get_state_time_total": 0.0, "grad": 0.09279498259226482, "mean_accuracy": 0.7423094352086385, "mean_loss": 0.7771111708431762, "neg_mean_accuracy": -0.7480503718058268, "set_state_time_mean": NaN, "set_state_time_total": 0.0, "setup_model_time_mean": NaN, "setup_model_time_total": 0.0, "setup_proc_time_mean": NaN, "setup_proc_time_total": 0.0, "train_accuracy": 0.7833643754323324, "train_loss": 0.6436662490025861, "training_time_mean": NaN, "training_time_total": 0.0, "val_accuracy": 0.7480503718058268, "val_loss": 0.7522431225794312, "validation_time_mean": NaN, "validation_time_total": 0.0, "samples": 60000, "num_workers": 3, "done": false, "timesteps_total": null, "episodes_total": null, "training_iteration": 22, "neg_mean_loss": -0.7771111708431762, "experiment_id": "424cc561167e4a43836262addf0931b6", "date": "2019-06-06_09-46-25", "timestamp": 1559839585, "time_this_iter_s": 21.251782655715942, "time_total_s": 779.6126537322998, "pid": 25404, "hostname": "steropes", "node_ip": "169.229.49.254", "config": {"starting_lr": 0.01, "momentum": 0.9, "weight_decay": 0.005, "steps_per_iteration": null, "pin": false, "model_creator": null, "target_batch_size": 128, "model_string": "resnet50", "min_batch_size": 128, "dataset": "CIFAR", "placement": null, "use_nccl": true, "devices_per_worker": 1, "primary_resource": "extra_gpu", "gpu": false, "verbose": false, "lr_config": {"mode": "log", "steps": 5, "initial_lr": 0.01, "target_lr": 0.017320508075688773}, "batch_per_device": 128}, "time_since_restore": 70.22136855125427, "timesteps_since_restore": 0, "iterations_since_restore": 3, "mean_throughput": 2563.312361895437, "atoms": 3, "setup_time": 52.82305979728699}
{"apply": 0.020711572964986165, "batch_time": 0.043709643093156225, "d2h": 0.0006829500198364258, "data_time": 0.0035444907559693314, "fwd": 0.02942947546641032, "get_state_time_mean": NaN, "get_state_time_total": 0.0, "grad": 0.09259406725565593, "mean_accuracy": 0.7482398271560669, "mean_loss": 0.7569186923791732, "neg_mean_accuracy": -0.7404518922170004, "set_state_time_mean": NaN, "set_state_time_total": 0.0, "setup_model_time_mean": NaN, "setup_model_time_total": 0.0, "setup_proc_time_mean": NaN, "setup_proc_time_total": 0.0, "train_accuracy": 0.7769645055135092, "train_loss": 0.6575818623698442, "training_time_mean": NaN, "training_time_total": 0.0, "val_accuracy": 0.7404518922170004, "val_loss": 0.771477469692848, "validation_time_mean": NaN, "validation_time_total": 0.0, "samples": 60000, "num_workers": 3, "done": false, "timesteps_total": null, "episodes_total": null, "training_iteration": 23, "neg_mean_loss": -0.7569186923791732, "experiment_id": "424cc561167e4a43836262addf0931b6", "date": "2019-06-06_09-46-46", "timestamp": 1559839606, "time_this_iter_s": 20.97395372390747, "time_total_s": 800.5866074562073, "pid": 25404, "hostname": "steropes", "node_ip": "169.229.49.254", "config": {"starting_lr": 0.01, "momentum": 0.9, "weight_decay": 0.005, "steps_per_iteration": null, "pin": false, "model_creator": null, "target_batch_size": 128, "model_string": "resnet50", "min_batch_size": 128, "dataset": "CIFAR", "placement": null, "use_nccl": true, "devices_per_worker": 1, "primary_resource": "extra_gpu", "gpu": false, "verbose": false, "lr_config": {"mode": "log", "steps": 5, "initial_lr": 0.01, "target_lr": 0.017320508075688773}, "batch_per_device": 128}, "time_since_restore": 91.19532227516174, "timesteps_since_restore": 0, "iterations_since_restore": 4, "mean_throughput": 2631.7038162181348, "atoms": 3, "setup_time": 52.82305979728699}
{"apply": 0.018413925170898435, "batch_time": 0.044083495198944465, "d2h": 0.0006568034489949545, "data_time": 0.003588815378475432, "fwd": 0.02875227133433024, "get_state_time_mean": NaN, "get_state_time_total": 0.0, "grad": 0.09091873168945312, "mean_accuracy": 0.7480303446451824, "mean_loss": 0.7538173919354789, "neg_mean_accuracy": -0.7367525895436605, "set_state_time_mean": NaN, "set_state_time_total": 0.0, "setup_model_time_mean": NaN, "setup_model_time_total": 0.0, "setup_proc_time_mean": NaN, "setup_proc_time_total": 0.0, "train_accuracy": 0.7767244974772135, "train_loss": 0.6601764133819517, "training_time_mean": NaN, "training_time_total": 0.0, "val_accuracy": 0.7367525895436605, "val_loss": 0.7848624061868325, "validation_time_mean": NaN, "validation_time_total": 0.0, "samples": 60000, "num_workers": 3, "done": false, "timesteps_total": null, "episodes_total": null, "training_iteration": 24, "neg_mean_loss": -0.7538173919354789, "experiment_id": "424cc561167e4a43836262addf0931b6", "date": "2019-06-06_09-47-07", "timestamp": 1559839627, "time_this_iter_s": 20.7668514251709, "time_total_s": 821.3534588813782, "pid": 25404, "hostname": "steropes", "node_ip": "169.229.49.254", "config": {"starting_lr": 0.01, "momentum": 0.9, "weight_decay": 0.005, "steps_per_iteration": null, "pin": false, "model_creator": null, "target_batch_size": 128, "model_string": "resnet50", "min_batch_size": 128, "dataset": "CIFAR", "placement": null, "use_nccl": true, "devices_per_worker": 1, "primary_resource": "extra_gpu", "gpu": false, "verbose": false, "lr_config": {"mode": "log", "steps": 5, "initial_lr": 0.01, "target_lr": 0.017320508075688773}, "batch_per_device": 128}, "time_since_restore": 111.96217370033264, "timesteps_since_restore": 0, "iterations_since_restore": 5, "mean_throughput": 2679.4661619408357, "atoms": 3, "setup_time": 52.82305979728699}
{"apply": 0.019392903645833334, "batch_time": 0.045017045221211, "d2h": 0.0007744312286376954, "data_time": 0.0034845221133632514, "fwd": 0.029393593470255535, "get_state_time_mean": NaN, "get_state_time_total": 0.0, "grad": 0.09469363689422607, "mean_accuracy": 0.743551254272461, "mean_loss": 0.765131981862447, "neg_mean_accuracy": -0.7271545728047689, "set_state_time_mean": NaN, "set_state_time_total": 0.0, "setup_model_time_mean": NaN, "setup_model_time_total": 0.0, "setup_proc_time_mean": NaN, "setup_proc_time_total": 0.0, "train_accuracy": 0.7780644098917643, "train_loss": 0.6570257751162688, "training_time_mean": NaN, "training_time_total": 0.0, "val_accuracy": 0.7271545728047689, "val_loss": 0.8098628440038654, "validation_time_mean": NaN, "validation_time_total": 0.0, "samples": 60000, "num_workers": 3, "done": false, "timesteps_total": null, "episodes_total": null, "training_iteration": 25, "neg_mean_loss": -0.765131981862447, "experiment_id": "424cc561167e4a43836262addf0931b6", "date": "2019-06-06_09-47-28", "timestamp": 1559839648, "time_this_iter_s": 20.68720054626465, "time_total_s": 842.0406594276428, "pid": 25404, "hostname": "steropes", "node_ip": "169.229.49.254", "config": {"starting_lr": 0.01, "momentum": 0.9, "weight_decay": 0.005, "steps_per_iteration": null, "pin": false, "model_creator": null, "target_batch_size": 128, "model_string": "resnet50", "min_batch_size": 128, "dataset": "CIFAR", "placement": null, "use_nccl": true, "devices_per_worker": 1, "primary_resource": "extra_gpu", "gpu": false, "verbose": false, "lr_config": {"mode": "log", "steps": 5, "initial_lr": 0.01, "target_lr": 0.017320508075688773}, "batch_per_device": 128}, "time_since_restore": 132.6493742465973, "timesteps_since_restore": 0, "iterations_since_restore": 6, "mean_throughput": 2858.2058467806824, "atoms": 3, "setup_time": 52.82305979728699}
{"apply": 0.017967861890792847, "batch_time": 0.1284884601831436, "d2h": 0.0007757604122161865, "data_time": 0.004643716374222113, "fwd": 0.17268798351287842, "get_state_time_mean": NaN, "get_state_time_total": 0.0, "grad": 0.2695329189300537, "mean_accuracy": 0.7440223852793376, "mean_loss": 0.7653391873683808, "neg_mean_accuracy": -0.7802000045776367, "set_state_time_mean": 5.846145868301392, "set_state_time_total": 5.846145868301392, "setup_model_time_mean": 12.856851935386658, "setup_model_time_total": 12.856851935386658, "setup_proc_time_mean": 3.4190439581871033, "setup_proc_time_total": 3.4190439581871033, "train_accuracy": 0.8007799386978149, "train_loss": 0.5927068030929565, "training_time_mean": NaN, "training_time_total": 0.0, "val_accuracy": 0.7802000045776367, "val_loss": 0.6589560445308685, "validation_time_mean": NaN, "validation_time_total": 0.0, "samples": 60000, "num_workers": 4, "done": false, "timesteps_total": null, "episodes_total": null, "training_iteration": 27, "neg_mean_loss": -0.7653391873683808, "experiment_id": "424cc561167e4a43836262addf0931b6", "date": "2019-06-06_09-48-45", "timestamp": 1559839725, "time_this_iter_s": 24.850151777267456, "time_total_s": 887.6755056381226, "pid": 6425, "hostname": "steropes", "node_ip": "169.229.49.254", "config": {"starting_lr": 0.01, "momentum": 0.9, "weight_decay": 0.005, "steps_per_iteration": null, "pin": false, "model_creator": null, "target_batch_size": 128, "model_string": "resnet50", "min_batch_size": 128, "dataset": "CIFAR", "placement": null, "use_nccl": true, "devices_per_worker": 1, "primary_resource": "extra_gpu", "gpu": false, "verbose": false, "lr_config": {"mode": "log", "steps": 5, "initial_lr": 0.01, "target_lr": 0.02}, "batch_per_device": 128}, "time_since_restore": 24.850151777267456, "timesteps_since_restore": 0, "iterations_since_restore": 1, "mean_throughput": 2414.461842999456, "atoms": 4, "setup_time": 52.188064098358154}
{"apply": 0.018325746059417725, "batch_time": 0.0520546704530716, "d2h": 0.0007156729698181152, "data_time": 0.0044723682257593895, "fwd": 0.029235094785690308, "get_state_time_mean": NaN, "get_state_time_total": 0.0, "grad": 0.10009621381759645, "mean_accuracy": 0.7523320078849792, "mean_loss": 0.7409295793121888, "neg_mean_accuracy": -0.7820000052452087, "set_state_time_mean": NaN, "set_state_time_total": 0.0, "setup_model_time_mean": NaN, "setup_model_time_total": 0.0, "setup_proc_time_mean": NaN, "setup_proc_time_total": 0.0, "train_accuracy": 0.808459997177124, "train_loss": 0.572330356566906, "training_time_mean": NaN, "training_time_total": 0.0, "val_accuracy": 0.7820000052452087, "val_loss": 0.6494294294118881, "validation_time_mean": NaN, "validation_time_total": 0.0, "samples": 60000, "num_workers": 4, "done": false, "timesteps_total": null, "episodes_total": null, "training_iteration": 28, "neg_mean_loss": -0.7409295793121888, "experiment_id": "424cc561167e4a43836262addf0931b6", "date": "2019-06-06_09-49-01", "timestamp": 1559839741, "time_this_iter_s": 16.532546997070312, "time_total_s": 904.2080526351929, "pid": 6425, "hostname": "steropes", "node_ip": "169.229.49.254", "config": {"starting_lr": 0.01, "momentum": 0.9, "weight_decay": 0.005, "steps_per_iteration": null, "pin": false, "model_creator": null, "target_batch_size": 128, "model_string": "resnet50", "min_batch_size": 128, "dataset": "CIFAR", "placement": null, "use_nccl": true, "devices_per_worker": 1, "primary_resource": "extra_gpu", "gpu": false, "verbose": false, "lr_config": {"mode": "log", "steps": 5, "initial_lr": 0.01, "target_lr": 0.02}, "batch_per_device": 128}, "time_since_restore": 41.38269877433777, "timesteps_since_restore": 0, "iterations_since_restore": 2, "mean_throughput": 2899.7495327569304, "atoms": 4, "setup_time": 52.188064098358154}
{"apply": 0.02045937180519104, "batch_time": 0.04821876287460328, "d2h": 0.000695866346359253, "data_time": 0.004632636600611161, "fwd": 0.030576300621032712, "get_state_time_mean": NaN, "get_state_time_total": 0.0, "grad": 0.09718033075332641, "mean_accuracy": 0.75756147702535, "mean_loss": 0.7243585690316247, "neg_mean_accuracy": -0.7628999352455139, "set_state_time_mean": NaN, "set_state_time_total": 0.0, "setup_model_time_mean": NaN, "setup_model_time_total": 0.0, "setup_proc_time_mean": NaN, "setup_proc_time_total": 0.0, "train_accuracy": 0.8061199188232422, "train_loss": 0.5760097446894646, "training_time_mean": NaN, "training_time_total": 0.0, "val_accuracy": 0.7628999352455139, "val_loss": 0.7020073547840119, "validation_time_mean": NaN, "validation_time_total": 0.0, "samples": 60000, "num_workers": 4, "done": false, "timesteps_total": null, "episodes_total": null, "training_iteration": 29, "neg_mean_loss": -0.7243585690316247, "experiment_id": "424cc561167e4a43836262addf0931b6", "date": "2019-06-06_09-49-18", "timestamp": 1559839758, "time_this_iter_s": 16.46975803375244, "time_total_s": 920.6778106689453, "pid": 6425, "hostname": "steropes", "node_ip": "169.229.49.254", "config": {"starting_lr": 0.01, "momentum": 0.9, "weight_decay": 0.005, "steps_per_iteration": null, "pin": false, "model_creator": null, "target_batch_size": 128, "model_string": "resnet50", "min_batch_size": 128, "dataset": "CIFAR", "placement": null, "use_nccl": true, "devices_per_worker": 1, "primary_resource": "extra_gpu", "gpu": false, "verbose": false, "lr_config": {"mode": "log", "steps": 5, "initial_lr": 0.01, "target_lr": 0.02}, "batch_per_device": 128}, "time_since_restore": 57.85245680809021, "timesteps_since_restore": 0, "iterations_since_restore": 3, "mean_throughput": 3111.3482372124013, "atoms": 4, "setup_time": 52.188064098358154}
{"apply": 0.01898772716522217, "batch_time": 0.05247364640235901, "d2h": 0.0007765531539916992, "data_time": 0.004628596257190315, "fwd": 0.03434776067733765, "get_state_time_mean": NaN, "get_state_time_total": 0.0, "grad": 0.10002437233924866, "mean_accuracy": 0.7614105502764384, "mean_loss": 0.7121248671894698, "neg_mean_accuracy": -0.7463999390602112, "set_state_time_mean": NaN, "set_state_time_total": 0.0, "setup_model_time_mean": NaN, "setup_model_time_total": 0.0, "setup_proc_time_mean": NaN, "setup_proc_time_total": 0.0, "train_accuracy": 0.801379919052124, "train_loss": 0.5901712359404565, "training_time_mean": NaN, "training_time_total": 0.0, "val_accuracy": 0.7463999390602112, "val_loss": 0.7486943347930908, "validation_time_mean": NaN, "validation_time_total": 0.0, "samples": 60000, "num_workers": 4, "done": false, "timesteps_total": null, "episodes_total": null, "training_iteration": 30, "neg_mean_loss": -0.7121248671894698, "experiment_id": "424cc561167e4a43836262addf0931b6", "date": "2019-06-06_09-49-34", "timestamp": 1559839774, "time_this_iter_s": 16.57640290260315, "time_total_s": 937.2542135715485, "pid": 6425, "hostname": "steropes", "node_ip": "169.229.49.254", "config": {"starting_lr": 0.01, "momentum": 0.9, "weight_decay": 0.005, "steps_per_iteration": null, "pin": false, "model_creator": null, "target_batch_size": 128, "model_string": "resnet50", "min_batch_size": 128, "dataset": "CIFAR", "placement": null, "use_nccl": true, "devices_per_worker": 1, "primary_resource": "extra_gpu", "gpu": false, "verbose": false, "lr_config": {"mode": "log", "steps": 5, "initial_lr": 0.01, "target_lr": 0.02}, "batch_per_device": 128}, "time_since_restore": 74.42885971069336, "timesteps_since_restore": 0, "iterations_since_restore": 4, "mean_throughput": 3224.5398759328273, "atoms": 4, "setup_time": 52.188064098358154}
{"apply": 0.0203609824180603, "batch_time": 0.05259400904178619, "d2h": 0.0007448017597198487, "data_time": 0.004466730112932167, "fwd": 0.03034519553184509, "get_state_time_mean": NaN, "get_state_time_total": 0.0, "grad": 0.10174472332000732, "mean_accuracy": 0.7640399813652039, "mean_loss": 0.7010794605588913, "neg_mean_accuracy": -0.7487000226974487, "set_state_time_mean": NaN, "set_state_time_total": 0.0, "setup_model_time_mean": NaN, "setup_model_time_total": 0.0, "setup_proc_time_mean": NaN, "setup_proc_time_total": 0.0, "train_accuracy": 0.8028599619865417, "train_loss": 0.5867413362383842, "training_time_mean": NaN, "training_time_total": 0.0, "val_accuracy": 0.7487000226974487, "val_loss": 0.7463101392745972, "validation_time_mean": NaN, "validation_time_total": 0.0, "samples": 60000, "num_workers": 4, "done": false, "timesteps_total": null, "episodes_total": null, "training_iteration": 31, "neg_mean_loss": -0.7010794605588913, "experiment_id": "424cc561167e4a43836262addf0931b6", "date": "2019-06-06_09-49-51", "timestamp": 1559839791, "time_this_iter_s": 16.655086517333984, "time_total_s": 953.9093000888824, "pid": 6425, "hostname": "steropes", "node_ip": "169.229.49.254", "config": {"starting_lr": 0.01, "momentum": 0.9, "weight_decay": 0.005, "steps_per_iteration": null, "pin": false, "model_creator": null, "target_batch_size": 128, "model_string": "resnet50", "min_batch_size": 128, "dataset": "CIFAR", "placement": null, "use_nccl": true, "devices_per_worker": 1, "primary_resource": "extra_gpu", "gpu": false, "verbose": false, "lr_config": {"mode": "log", "steps": 5, "initial_lr": 0.01, "target_lr": 0.02}, "batch_per_device": 128}, "time_since_restore": 91.08394622802734, "timesteps_since_restore": 0, "iterations_since_restore": 5, "mean_throughput": 3293.6488838729283, "atoms": 4, "setup_time": 52.188064098358154}
{"apply": 0.020168441534042358, "batch_time": 0.049920266866683966, "d2h": 0.0007059931755065917, "data_time": 0.004748824299598227, "fwd": 0.03036498427391052, "get_state_time_mean": NaN, "get_state_time_total": 0.0, "grad": 0.10448842644691467, "mean_accuracy": 0.7610399723052979, "mean_loss": 0.7112588890981674, "neg_mean_accuracy": -0.7651999592781067, "set_state_time_mean": NaN, "set_state_time_total": 0.0, "setup_model_time_mean": NaN, "setup_model_time_total": 0.0, "setup_proc_time_mean": NaN, "setup_proc_time_total": 0.0, "train_accuracy": 0.800879955291748, "train_loss": 0.5931730579853058, "training_time_mean": NaN, "training_time_total": 0.0, "val_accuracy": 0.7651999592781067, "val_loss": 0.7098531872272491, "validation_time_mean": NaN, "validation_time_total": 0.0, "samples": 60000, "num_workers": 4, "done": false, "timesteps_total": null, "episodes_total": null, "training_iteration": 32, "neg_mean_loss": -0.7112588890981674, "experiment_id": "424cc561167e4a43836262addf0931b6", "date": "2019-06-06_09-50-07", "timestamp": 1559839807, "time_this_iter_s": 16.580089330673218, "time_total_s": 970.4893894195557, "pid": 6425, "hostname": "steropes", "node_ip": "169.229.49.254", "config": {"starting_lr": 0.01, "momentum": 0.9, "weight_decay": 0.005, "steps_per_iteration": null, "pin": false, "model_creator": null, "target_batch_size": 128, "model_string": "resnet50", "min_batch_size": 128, "dataset": "CIFAR", "placement": null, "use_nccl": true, "devices_per_worker": 1, "primary_resource": "extra_gpu", "gpu": false, "verbose": false, "lr_config": {"mode": "log", "steps": 5, "initial_lr": 0.01, "target_lr": 0.02}, "batch_per_device": 128}, "time_since_restore": 107.66403555870056, "timesteps_since_restore": 0, "iterations_since_restore": 6, "mean_throughput": 3622.562506590106, "atoms": 4, "setup_time": 52.188064098358154}
{"apply": 0.019721627235412598, "batch_time": 0.04741305410861969, "d2h": 0.0007659733295440674, "data_time": 0.004432757898252837, "fwd": 0.030553412437438962, "get_state_time_mean": NaN, "get_state_time_total": 0.0, "grad": 0.10003095269203187, "mean_accuracy": 0.7537599682807923, "mean_loss": 0.7369191928005219, "neg_mean_accuracy": -0.7455999851226807, "set_state_time_mean": NaN, "set_state_time_total": 0.0, "setup_model_time_mean": NaN, "setup_model_time_total": 0.0, "setup_proc_time_mean": NaN, "setup_proc_time_total": 0.0, "train_accuracy": 0.8044999837875366, "train_loss": 0.5829616690397262, "training_time_mean": NaN, "training_time_total": 0.0, "val_accuracy": 0.7455999851226807, "val_loss": 0.7777309479236603, "validation_time_mean": NaN, "validation_time_total": 0.0, "samples": 60000, "num_workers": 4, "done": false, "timesteps_total": null, "episodes_total": null, "training_iteration": 33, "neg_mean_loss": -0.7369191928005219, "experiment_id": "424cc561167e4a43836262addf0931b6", "date": "2019-06-06_09-50-24", "timestamp": 1559839824, "time_this_iter_s": 16.623164653778076, "time_total_s": 987.1125540733337, "pid": 6425, "hostname": "steropes", "node_ip": "169.229.49.254", "config": {"starting_lr": 0.01, "momentum": 0.9, "weight_decay": 0.005, "steps_per_iteration": null, "pin": false, "model_creator": null, "target_batch_size": 128, "model_string": "resnet50", "min_batch_size": 128, "dataset": "CIFAR", "placement": null, "use_nccl": true, "devices_per_worker": 1, "primary_resource": "extra_gpu", "gpu": false, "verbose": false, "lr_config": {"mode": "log", "steps": 5, "initial_lr": 0.01, "target_lr": 0.02}, "batch_per_device": 128}, "time_since_restore": 124.28720021247864, "timesteps_since_restore": 0, "iterations_since_restore": 7, "mean_throughput": 3618.602766746717, "atoms": 4, "setup_time": 52.188064098358154}
{"apply": 0.019087415933609006, "batch_time": 0.050003886222839355, "d2h": 0.0007171332836151122, "data_time": 0.004447680955030481, "fwd": 0.03148407936096191, "get_state_time_mean": NaN, "get_state_time_total": 0.0, "grad": 0.0964873194694519, "mean_accuracy": 0.7547999858856201, "mean_loss": 0.7354530607461929, "neg_mean_accuracy": -0.7681000232696533, "set_state_time_mean": NaN, "set_state_time_total": 0.0, "setup_model_time_mean": NaN, "setup_model_time_total": 0.0, "setup_proc_time_mean": NaN, "setup_proc_time_total": 0.0, "train_accuracy": 0.8069000244140625, "train_loss": 0.5765090942621232, "training_time_mean": NaN, "training_time_total": 0.0, "val_accuracy": 0.7681000232696533, "val_loss": 0.6946766945123672, "validation_time_mean": NaN, "validation_time_total": 0.0, "samples": 60000, "num_workers": 4, "done": true, "timesteps_total": null, "episodes_total": null, "training_iteration": 34, "neg_mean_loss": -0.7354530607461929, "experiment_id": "424cc561167e4a43836262addf0931b6", "date": "2019-06-06_09-50-41", "timestamp": 1559839841, "time_this_iter_s": 16.5607693195343, "time_total_s": 1003.673323392868, "pid": 6425, "hostname": "steropes", "node_ip": "169.229.49.254", "config": {"starting_lr": 0.01, "momentum": 0.9, "weight_decay": 0.005, "steps_per_iteration": null, "pin": false, "model_creator": null, "target_batch_size": 128, "model_string": "resnet50", "min_batch_size": 128, "dataset": "CIFAR", "placement": null, "use_nccl": true, "devices_per_worker": 1, "primary_resource": "extra_gpu", "gpu": false, "verbose": false, "lr_config": {"mode": "log", "steps": 5, "initial_lr": 0.01, "target_lr": 0.02}, "batch_per_device": 128}, "time_since_restore": 140.84796953201294, "timesteps_since_restore": 0, "iterations_since_restore": 8, "mean_throughput": 3614.6350706073326, "atoms": 4, "setup_time": 52.188064098358154}
