{"apply": 0.017420506477355956, "batch_time": 0.041572766967966586, "d2h": 0.0006824254989624024, "data_time": 0.0017841697653846057, "fwd": 0.1171297311782837, "get_state_time_mean": NaN, "get_state_time_total": 0.0, "grad": 0.18604154586791993, "mean_accuracy": 0.20419999957084656, "mean_loss": 2.192315097427368, "neg_mean_accuracy": -0.20419999957084656, "set_state_time_mean": NaN, "set_state_time_total": 0.0, "setup_model_time_mean": 9.83062195777893, "setup_model_time_total": 9.83062195777893, "setup_proc_time_mean": 0.16448760032653809, "setup_proc_time_total": 0.16448760032653809, "train_accuracy": 0.15583999454975128, "train_loss": 2.407830942840576, "training_time_mean": NaN, "training_time_total": 0.0, "val_accuracy": 0.20419999957084656, "val_loss": 2.192315097427368, "validation_time_mean": NaN, "validation_time_total": 0.0, "samples": 60000, "num_workers": 1, "done": false, "timesteps_total": null, "episodes_total": null, "training_iteration": 1, "neg_mean_loss": -2.192315097427368, "experiment_id": "fe3e2f8d60c4400eb012e2ff5fc2ece6", "date": "2019-06-06_07-18-39", "timestamp": 1559830719, "time_this_iter_s": 45.82352662086487, "time_total_s": 45.82352662086487, "pid": 16839, "hostname": "steropes", "node_ip": "169.229.49.254", "config": {"starting_lr": 0.0005, "momentum": 0.9, "weight_decay": 0.001, "steps_per_iteration": null, "pin": false, "model_creator": null, "target_batch_size": 128, "model_string": "resnet50", "min_batch_size": 128, "dataset": "CIFAR", "placement": null, "use_nccl": true, "devices_per_worker": 1, "primary_resource": "extra_gpu", "gpu": false, "verbose": false, "lr_config": {"mode": "log", "steps": 5, "initial_lr": 0.0005, "target_lr": 0.0005}, "batch_per_device": 128}, "time_since_restore": 45.82352662086487, "timesteps_since_restore": 0, "iterations_since_restore": 1, "mean_throughput": 1309.3652025527629, "atoms": 1, "setup_time": 12.005385160446167}
{"apply": 0.017274975776672363, "batch_time": 0.03148511693447451, "d2h": 0.0006642341613769531, "data_time": 0.0017047105237955938, "fwd": 0.028344130516052245, "get_state_time_mean": NaN, "get_state_time_total": 0.0, "grad": 0.04770264625549316, "mean_accuracy": 0.24629999697208405, "mean_loss": 2.0568505184173587, "neg_mean_accuracy": -0.28839999437332153, "set_state_time_mean": NaN, "set_state_time_total": 0.0, "setup_model_time_mean": NaN, "setup_model_time_total": 0.0, "setup_proc_time_mean": NaN, "setup_proc_time_total": 0.0, "train_accuracy": 0.24003998935222626, "train_loss": 2.0662210584259033, "training_time_mean": NaN, "training_time_total": 0.0, "val_accuracy": 0.28839999437332153, "val_loss": 1.9213859394073487, "validation_time_mean": NaN, "validation_time_total": 0.0, "samples": 60000, "num_workers": 1, "done": true, "timesteps_total": null, "episodes_total": null, "training_iteration": 2, "neg_mean_loss": -2.0568505184173587, "experiment_id": "fe3e2f8d60c4400eb012e2ff5fc2ece6", "date": "2019-06-06_07-19-19", "timestamp": 1559830759, "time_this_iter_s": 40.1465802192688, "time_total_s": 85.97010684013367, "pid": 16839, "hostname": "steropes", "node_ip": "169.229.49.254", "config": {"starting_lr": 0.0005, "momentum": 0.9, "weight_decay": 0.001, "steps_per_iteration": null, "pin": false, "model_creator": null, "target_batch_size": 128, "model_string": "resnet50", "min_batch_size": 128, "dataset": "CIFAR", "placement": null, "use_nccl": true, "devices_per_worker": 1, "primary_resource": "extra_gpu", "gpu": false, "verbose": false, "lr_config": {"mode": "log", "steps": 5, "initial_lr": 0.0005, "target_lr": 0.0005}, "batch_per_device": 128}, "time_since_restore": 85.97010684013367, "timesteps_since_restore": 0, "iterations_since_restore": 2, "mean_throughput": 1395.8294425595832, "atoms": 1, "setup_time": 12.005385160446167}
