apply,batch_time,d2h,data_time,fwd,get_state_time_mean,get_state_time_total,grad,mean_accuracy,mean_loss,neg_mean_accuracy,set_state_time_mean,set_state_time_total,setup_model_time_mean,setup_model_time_total,setup_proc_time_mean,setup_proc_time_total,train_accuracy,train_loss,training_time_mean,training_time_total,validation_time_mean,validation_time_total,samples,num_workers,done,timesteps_total,episodes_total,training_iteration,neg_mean_loss,experiment_id,date,timestamp,time_this_iter_s,time_total_s,pid,hostname,node_ip,config,time_since_restore,timesteps_since_restore,iterations_since_restore,mean_throughput,atoms,resource_time
0.007145047187805176,0.17880549430847167,0.0044718503952026365,0.03476992918520558,0.11787071228027343,nan,0.0,0.13129324913024903,0.4065999984741211,1.6418324222564697,-0.4065999984741211,nan,0.0,14.591231346130371,14.591231346130371,1.8269505500793457,1.8269505500793457,0.33461999893188477,2.0003907083511354,nan,0.0,nan,0.0,60000,1,False,,,1,-1.6418324222564697,155f41e523c249f0a64d5ece327ce5c2,2019-05-30_14-15-17,1559250917,11.72240400314331,11.72240400314331,21726,steropes,169.229.49.254,"{'starting_lr': 0.05, 'momentum': 0.9, 'weight_decay': 0.005, 'steps_per_iteration': None, 'pin': False, 'model_creator': None, 'target_batch_size': 1024, 'model_string': 'resnet18', 'min_batch_size': 512, 'dataset': 'CIFAR', 'placement': None, 'use_nccl': True, 'devices_per_worker': 1, 'primary_resource': 'extra_gpu', 'gpu': False, 'verbose': False, 'lr_config': {'mode': 'log', 'steps': 5, 'initial_lr': 0.05, 'target_lr': 0.05}, 'batch_per_device': 1024}",11.72240400314331,0,1,5118.357610346875,1,11.72240400314331
0.008344483375549317,0.14628360271453858,0.005909323692321777,0.04776457377842495,0.025504374504089357,nan,0.0,0.05352482795715332,0.4700999855995178,1.450636685371399,-0.4700999855995178,nan,0.0,nan,0.0,nan,0.0,0.48069998621940613,1.4267581785964967,nan,0.0,nan,0.0,60000,1,False,,,2,-1.450636685371399,155f41e523c249f0a64d5ece327ce5c2,2019-05-30_14-15-25,1559250925,8.33286428451538,20.05526828765869,21726,steropes,169.229.49.254,"{'starting_lr': 0.05, 'momentum': 0.9, 'weight_decay': 0.005, 'steps_per_iteration': None, 'pin': False, 'model_creator': None, 'target_batch_size': 1024, 'model_string': 'resnet18', 'min_batch_size': 512, 'dataset': 'CIFAR', 'placement': None, 'use_nccl': True, 'devices_per_worker': 1, 'primary_resource': 'extra_gpu', 'gpu': False, 'verbose': False, 'lr_config': {'mode': 'log', 'steps': 5, 'initial_lr': 0.05, 'target_lr': 0.05}, 'batch_per_device': 1024}",20.05526828765869,0,2,5983.406949733217,1,20.05526828765869
0.0072555065155029295,0.14386365413665772,0.004772400856018067,0.03873222701403559,0.024000215530395507,nan,0.0,0.04667973518371582,0.5210999846458435,1.3517469404220581,-0.5210999846458435,nan,0.0,nan,0.0,nan,0.0,0.5459200143814087,1.2591752820968627,nan,0.0,nan,0.0,60000,1,False,,,3,-1.3517469404220581,155f41e523c249f0a64d5ece327ce5c2,2019-05-30_14-15-34,1559250934,8.820796489715576,28.876064777374268,21726,steropes,169.229.49.254,"{'starting_lr': 0.05, 'momentum': 0.9, 'weight_decay': 0.005, 'steps_per_iteration': None, 'pin': False, 'model_creator': None, 'target_batch_size': 1024, 'model_string': 'resnet18', 'min_batch_size': 512, 'dataset': 'CIFAR', 'placement': None, 'use_nccl': True, 'devices_per_worker': 1, 'primary_resource': 'extra_gpu', 'gpu': False, 'verbose': False, 'lr_config': {'mode': 'log', 'steps': 5, 'initial_lr': 0.05, 'target_lr': 0.05}, 'batch_per_device': 1024}",28.876064777374268,0,3,6233.4764614974,1,28.876064777374268
0.009201478958129884,0.1352440595626831,0.0052945613861083984,0.045380874555938096,0.028159403800964357,nan,0.0,0.046995234489440915,0.5774999856948853,1.1718292251586915,-0.5774999856948853,nan,0.0,nan,0.0,nan,0.0,0.5898599624633789,1.1379484865570069,nan,0.0,nan,0.0,60000,1,False,,,4,-1.1718292251586915,155f41e523c249f0a64d5ece327ce5c2,2019-05-30_14-15-42,1559250942,8.525980710983276,37.402045488357544,21726,steropes,169.229.49.254,"{'starting_lr': 0.05, 'momentum': 0.9, 'weight_decay': 0.005, 'steps_per_iteration': None, 'pin': False, 'model_creator': None, 'target_batch_size': 1024, 'model_string': 'resnet18', 'min_batch_size': 512, 'dataset': 'CIFAR', 'placement': None, 'use_nccl': True, 'devices_per_worker': 1, 'primary_resource': 'extra_gpu', 'gpu': False, 'verbose': False, 'lr_config': {'mode': 'log', 'steps': 5, 'initial_lr': 0.05, 'target_lr': 0.05}, 'batch_per_device': 1024}",37.402045488357544,0,4,6416.700202484692,1,37.402045488357544
0.007158470153808594,0.1338413953781128,0.007655978202819824,0.037789237742521326,0.02706267833709717,nan,0.0,0.051170849800109865,0.5803999900817871,1.210651233291626,-0.5803999900817871,nan,0.0,nan,0.0,nan,0.0,0.6283599734306335,1.0389162997436523,nan,0.0,nan,0.0,60000,1,False,,,5,-1.210651233291626,155f41e523c249f0a64d5ece327ce5c2,2019-05-30_14-15-51,1559250951,8.426945686340332,45.828991174697876,21726,steropes,169.229.49.254,"{'starting_lr': 0.05, 'momentum': 0.9, 'weight_decay': 0.005, 'steps_per_iteration': None, 'pin': False, 'model_creator': None, 'target_batch_size': 1024, 'model_string': 'resnet18', 'min_batch_size': 512, 'dataset': 'CIFAR', 'placement': None, 'use_nccl': True, 'devices_per_worker': 1, 'primary_resource': 'extra_gpu', 'gpu': False, 'verbose': False, 'lr_config': {'mode': 'log', 'steps': 5, 'initial_lr': 0.05, 'target_lr': 0.05}, 'batch_per_device': 1024}",45.828991174697876,0,5,6546.011297746426,1,45.828991174697876
0.007334661483764648,0.14577314853668213,0.005407142639160156,0.04204741302801638,0.03439497947692871,nan,0.0,0.054244256019592284,0.6359999775886536,1.0365742862701417,-0.6359999775886536,nan,0.0,nan,0.0,nan,0.0,0.6538800001144409,0.9720659506225586,nan,0.0,nan,0.0,60000,1,False,,,6,-1.0365742862701417,155f41e523c249f0a64d5ece327ce5c2,2019-05-30_14-16-00,1559250960,8.91706657409668,54.746057748794556,21726,steropes,169.229.49.254,"{'starting_lr': 0.05, 'momentum': 0.9, 'weight_decay': 0.005, 'steps_per_iteration': None, 'pin': False, 'model_creator': None, 'target_batch_size': 1024, 'model_string': 'resnet18', 'min_batch_size': 512, 'dataset': 'CIFAR', 'placement': None, 'use_nccl': True, 'devices_per_worker': 1, 'primary_resource': 'extra_gpu', 'gpu': False, 'verbose': False, 'lr_config': {'mode': 'log', 'steps': 5, 'initial_lr': 0.05, 'target_lr': 0.05}, 'batch_per_device': 1024}",54.746057748794556,0,6,6972.8411672594475,1,54.746057748794556
0.007390379905700684,0.12833685874938966,0.004705643653869629,0.04135721070425851,0.029784011840820312,nan,0.0,0.05594654083251953,0.659500002861023,1.0098737146377563,-0.659500002861023,nan,0.0,nan,0.0,nan,0.0,0.6728999614715576,0.92356608253479,nan,0.0,nan,0.0,60000,1,False,,,7,-1.0098737146377563,155f41e523c249f0a64d5ece327ce5c2,2019-05-30_14-16-08,1559250968,8.63858437538147,63.384642124176025,21726,steropes,169.229.49.254,"{'starting_lr': 0.05, 'momentum': 0.9, 'weight_decay': 0.005, 'steps_per_iteration': None, 'pin': False, 'model_creator': None, 'target_batch_size': 1024, 'model_string': 'resnet18', 'min_batch_size': 512, 'dataset': 'CIFAR', 'placement': None, 'use_nccl': True, 'devices_per_worker': 1, 'primary_resource': 'extra_gpu', 'gpu': False, 'verbose': False, 'lr_config': {'mode': 'log', 'steps': 5, 'initial_lr': 0.05, 'target_lr': 0.05}, 'batch_per_device': 1024}",63.384642124176025,0,7,6923.623044864098,1,63.384642124176025
0.007076287269592285,0.12028794288635254,0.005283236503601074,0.03693897383553641,0.02152068614959717,nan,0.0,0.04677901268005371,0.6247000098228455,1.0677414478302,-0.6247000098228455,nan,0.0,nan,0.0,nan,0.0,0.6944599747657776,0.8688585562324523,nan,0.0,nan,0.0,60000,1,False,,,8,-1.0677414478302,155f41e523c249f0a64d5ece327ce5c2,2019-05-30_14-16-16,1559250976,8.120429754257202,71.50507187843323,21726,steropes,169.229.49.254,"{'starting_lr': 0.05, 'momentum': 0.9, 'weight_decay': 0.005, 'steps_per_iteration': None, 'pin': False, 'model_creator': None, 'target_batch_size': 1024, 'model_string': 'resnet18', 'min_batch_size': 512, 'dataset': 'CIFAR', 'placement': None, 'use_nccl': True, 'devices_per_worker': 1, 'primary_resource': 'extra_gpu', 'gpu': False, 'verbose': False, 'lr_config': {'mode': 'log', 'steps': 5, 'initial_lr': 0.05, 'target_lr': 0.05}, 'batch_per_device': 1024}",71.50507187843323,0,8,7037.370668254276,1,71.50507187843323
0.007517528533935547,0.1293792963027954,0.004808950424194336,0.04447090869047204,0.02477583885192871,nan,0.0,0.05853216648101807,0.6780999898910522,0.9494458198547363,-0.6780999898910522,nan,0.0,nan,0.0,nan,0.0,0.705079972743988,0.8446797085571289,nan,0.0,nan,0.0,60000,1,False,,,9,-0.9494458198547363,155f41e523c249f0a64d5ece327ce5c2,2019-05-30_14-17-19,1559251039,9.169861555099487,80.67493343353271,21726,steropes,169.229.49.254,"{'starting_lr': 0.05, 'momentum': 0.9, 'weight_decay': 0.005, 'steps_per_iteration': None, 'pin': False, 'model_creator': None, 'target_batch_size': 1024, 'model_string': 'resnet18', 'min_batch_size': 512, 'dataset': 'CIFAR', 'placement': None, 'use_nccl': True, 'devices_per_worker': 1, 'primary_resource': 'extra_gpu', 'gpu': False, 'verbose': False, 'lr_config': {'mode': 'log', 'steps': 5, 'initial_lr': 0.05, 'target_lr': 0.05}, 'batch_per_device': 1024}",80.67493343353271,0,9,6932.658981023351,1,80.67493343353271
0.007123708724975586,0.12701859474182128,0.008158445358276367,0.03567919925767548,0.02691977024078369,nan,0.0,0.05426058769226074,0.673799991607666,0.9342311712265015,-0.673799991607666,nan,0.0,nan,0.0,nan,0.0,0.7180799841880798,0.8125008829689025,nan,0.0,nan,0.0,60000,1,False,,,10,-0.9342311712265015,155f41e523c249f0a64d5ece327ce5c2,2019-05-30_14-17-27,1559251047,8.650903224945068,89.32583665847778,21726,steropes,169.229.49.254,"{'starting_lr': 0.05, 'momentum': 0.9, 'weight_decay': 0.005, 'steps_per_iteration': None, 'pin': False, 'model_creator': None, 'target_batch_size': 1024, 'model_string': 'resnet18', 'min_batch_size': 512, 'dataset': 'CIFAR', 'placement': None, 'use_nccl': True, 'devices_per_worker': 1, 'primary_resource': 'extra_gpu', 'gpu': False, 'verbose': False, 'lr_config': {'mode': 'log', 'steps': 5, 'initial_lr': 0.05, 'target_lr': 0.05}, 'batch_per_device': 1024}",89.32583665847778,0,10,6896.965877259744,1,89.32583665847778
0.009028100967407226,0.12242012023925782,0.005079150199890137,0.04254848616463797,0.02139129638671875,nan,0.0,0.044599294662475586,0.6973999738693237,0.8929859195709229,-0.6973999738693237,nan,0.0,nan,0.0,nan,0.0,0.7274399995803833,0.792902112197876,nan,0.0,nan,0.0,60000,1,False,,,11,-0.8929859195709229,155f41e523c249f0a64d5ece327ce5c2,2019-05-30_14-17-36,1559251056,8.711323499679565,98.03716015815735,21726,steropes,169.229.49.254,"{'starting_lr': 0.05, 'momentum': 0.9, 'weight_decay': 0.005, 'steps_per_iteration': None, 'pin': False, 'model_creator': None, 'target_batch_size': 1024, 'model_string': 'resnet18', 'min_batch_size': 512, 'dataset': 'CIFAR', 'placement': None, 'use_nccl': True, 'devices_per_worker': 1, 'primary_resource': 'extra_gpu', 'gpu': False, 'verbose': False, 'lr_config': {'mode': 'log', 'steps': 5, 'initial_lr': 0.05, 'target_lr': 0.05}, 'batch_per_device': 1024}",98.03716015815735,0,11,6929.740465498755,1,98.03716015815735
0.007226467132568359,0.11811885833740235,0.004691982269287109,0.04222823649036641,0.022509193420410155,nan,0.0,0.044132661819458005,0.642799973487854,1.0397940956115723,-0.642799973487854,nan,0.0,nan,0.0,nan,0.0,0.7332800030708313,0.7705359069061279,nan,0.0,nan,0.0,60000,1,False,,,12,-1.0397940956115723,155f41e523c249f0a64d5ece327ce5c2,2019-05-30_14-17-44,1559251064,7.506453037261963,105.54361319541931,21726,steropes,169.229.49.254,"{'starting_lr': 0.05, 'momentum': 0.9, 'weight_decay': 0.005, 'steps_per_iteration': None, 'pin': False, 'model_creator': None, 'target_batch_size': 1024, 'model_string': 'resnet18', 'min_batch_size': 512, 'dataset': 'CIFAR', 'placement': None, 'use_nccl': True, 'devices_per_worker': 1, 'primary_resource': 'extra_gpu', 'gpu': False, 'verbose': False, 'lr_config': {'mode': 'log', 'steps': 5, 'initial_lr': 0.05, 'target_lr': 0.05}, 'batch_per_device': 1024}",105.54361319541931,0,12,7115.851119089224,1,105.54361319541931
0.006819760799407959,0.11325585842132568,0.003004789352416992,0.012297279980717873,0.05371124744415283,nan,0.0,0.10098875761032104,0.7044999599456787,0.8527221965789795,-0.7044999599456787,6.25444233417511,6.25444233417511,14.61892855167389,14.61892855167389,0.39405810832977295,0.39405810832977295,0.744379997253418,0.7450996506595611,nan,0.0,nan,0.0,60000,2,False,,,13,-0.8527221965789795,155f41e523c249f0a64d5ece327ce5c2,2019-05-30_14-18-14,1559251094,7.841898679733276,113.38551187515259,21738,steropes,169.229.49.254,"{'starting_lr': 0.05, 'momentum': 0.9, 'weight_decay': 0.005, 'steps_per_iteration': None, 'pin': False, 'model_creator': None, 'target_batch_size': 1024, 'model_string': 'resnet18', 'min_batch_size': 512, 'dataset': 'CIFAR', 'placement': None, 'use_nccl': True, 'devices_per_worker': 1, 'primary_resource': 'extra_gpu', 'gpu': False, 'verbose': False, 'lr_config': {'mode': 'log', 'steps': 5, 'initial_lr': 0.05, 'target_lr': 0.05}, 'batch_per_device': 512}",7.841898679733276,0,1,7651.082885405702,2,121.22741055488586
0.006979811191558838,0.08248767852783204,0.0032376408576965336,0.014620866094316756,0.016634261608123778,nan,0.0,0.04588130712509155,0.7115999460220337,0.8429198379516601,-0.7115999460220337,nan,0.0,nan,0.0,nan,0.0,0.7447799444198608,0.7425353378009796,nan,0.0,nan,0.0,60000,2,False,,,14,-0.8429198379516601,155f41e523c249f0a64d5ece327ce5c2,2019-05-30_14-18-19,1559251099,5.544936656951904,118.93044853210449,21738,steropes,169.229.49.254,"{'starting_lr': 0.05, 'momentum': 0.9, 'weight_decay': 0.005, 'steps_per_iteration': None, 'pin': False, 'model_creator': None, 'target_batch_size': 1024, 'model_string': 'resnet18', 'min_batch_size': 512, 'dataset': 'CIFAR', 'placement': None, 'use_nccl': True, 'devices_per_worker': 1, 'primary_resource': 'extra_gpu', 'gpu': False, 'verbose': False, 'lr_config': {'mode': 'log', 'steps': 5, 'initial_lr': 0.05, 'target_lr': 0.05}, 'batch_per_device': 512}",13.38683533668518,0,2,8963.892227160068,2,132.31728386878967
0.007759571075439453,0.08349410295486451,0.002478194236755371,0.012815025387978067,0.021748507022857667,nan,0.0,0.04932622909545899,0.7250999808311462,0.8159760372161866,-0.7250999808311462,nan,0.0,nan,0.0,nan,0.0,0.7535799741744995,0.7173842417049408,nan,0.0,nan,0.0,60000,2,False,,,15,-0.8159760372161866,155f41e523c249f0a64d5ece327ce5c2,2019-05-30_14-18-25,1559251105,5.948225259780884,124.87867379188538,21738,steropes,169.229.49.254,"{'starting_lr': 0.05, 'momentum': 0.9, 'weight_decay': 0.005, 'steps_per_iteration': None, 'pin': False, 'model_creator': None, 'target_batch_size': 1024, 'model_string': 'resnet18', 'min_batch_size': 512, 'dataset': 'CIFAR', 'placement': None, 'use_nccl': True, 'devices_per_worker': 1, 'primary_resource': 'extra_gpu', 'gpu': False, 'verbose': False, 'lr_config': {'mode': 'log', 'steps': 5, 'initial_lr': 0.05, 'target_lr': 0.05}, 'batch_per_device': 512}",19.335060596466064,0,3,9309.376845329783,2,144.21373438835144
0.0072520732879638675,0.09241117238998414,0.003113377094268799,0.013945236497995804,0.01992536783218384,nan,0.0,0.050373423099517825,0.7096999883651733,0.8776666175365448,-0.7096999883651733,nan,0.0,nan,0.0,nan,0.0,0.7597000002861023,0.7066826710510254,nan,0.0,nan,0.0,60000,2,False,,,16,-0.8776666175365448,155f41e523c249f0a64d5ece327ce5c2,2019-05-30_14-18-31,1559251111,6.08967924118042,130.9683530330658,21738,steropes,169.229.49.254,"{'starting_lr': 0.05, 'momentum': 0.9, 'weight_decay': 0.005, 'steps_per_iteration': None, 'pin': False, 'model_creator': None, 'target_batch_size': 1024, 'model_string': 'resnet18', 'min_batch_size': 512, 'dataset': 'CIFAR', 'placement': None, 'use_nccl': True, 'devices_per_worker': 1, 'primary_resource': 'extra_gpu', 'gpu': False, 'verbose': False, 'lr_config': {'mode': 'log', 'steps': 5, 'initial_lr': 0.05, 'target_lr': 0.05}, 'batch_per_device': 512}",25.424739837646484,0,4,9439.488739670998,2,156.39309287071228
0.008267974853515624,0.09216859340667724,0.003823554515838623,0.014026615084434042,0.022456538677215573,nan,0.0,0.055407595634460446,0.7157000303268433,0.8320326593875885,-0.7157000303268433,nan,0.0,nan,0.0,nan,0.0,0.7659599781036377,0.6865444606208801,nan,0.0,nan,0.0,60000,2,False,,,17,-0.8320326593875885,155f41e523c249f0a64d5ece327ce5c2,2019-05-30_14-18-38,1559251118,6.202593088150024,137.17094612121582,21738,steropes,169.229.49.254,"{'starting_lr': 0.05, 'momentum': 0.9, 'weight_decay': 0.005, 'steps_per_iteration': None, 'pin': False, 'model_creator': None, 'target_batch_size': 1024, 'model_string': 'resnet18', 'min_batch_size': 512, 'dataset': 'CIFAR', 'placement': None, 'use_nccl': True, 'devices_per_worker': 1, 'primary_resource': 'extra_gpu', 'gpu': False, 'verbose': False, 'lr_config': {'mode': 'log', 'steps': 5, 'initial_lr': 0.05, 'target_lr': 0.05}, 'batch_per_device': 512}",31.62733292579651,0,5,9485.312189490107,2,168.79827904701233
0.008232593536376953,0.09883989095687866,0.003323781490325928,0.014940799499044612,0.019791173934936523,nan,0.0,0.05112793445587158,0.7300000190734863,0.8032602421283722,-0.7300000190734863,nan,0.0,nan,0.0,nan,0.0,0.7654799818992615,0.6860938013267517,nan,0.0,nan,0.0,60000,2,False,,,18,-0.8032602421283722,155f41e523c249f0a64d5ece327ce5c2,2019-05-30_14-18-44,1559251124,6.403040647506714,143.57398676872253,21738,steropes,169.229.49.254,"{'starting_lr': 0.05, 'momentum': 0.9, 'weight_decay': 0.005, 'steps_per_iteration': None, 'pin': False, 'model_creator': None, 'target_batch_size': 1024, 'model_string': 'resnet18', 'min_batch_size': 512, 'dataset': 'CIFAR', 'placement': None, 'use_nccl': True, 'devices_per_worker': 1, 'primary_resource': 'extra_gpu', 'gpu': False, 'verbose': False, 'lr_config': {'mode': 'log', 'steps': 5, 'initial_lr': 0.05, 'target_lr': 0.05}, 'batch_per_device': 512}",38.03037357330322,0,6,9937.41022565479,2,181.60436034202576
0.007835400104522706,0.08992880582809448,0.0028346657752990724,0.014035923140389579,0.01701619625091553,nan,0.0,0.04851772785186767,0.6900999546051025,0.9069745126724242,-0.6900999546051025,nan,0.0,nan,0.0,nan,0.0,0.7678599953651428,0.6785351307678222,nan,0.0,nan,0.0,60000,2,False,,,19,-0.9069745126724242,155f41e523c249f0a64d5ece327ce5c2,2019-05-30_14-18-50,1559251130,6.280660629272461,149.854647397995,21738,steropes,169.229.49.254,"{'starting_lr': 0.05, 'momentum': 0.9, 'weight_decay': 0.005, 'steps_per_iteration': None, 'pin': False, 'model_creator': None, 'target_batch_size': 1024, 'model_string': 'resnet18', 'min_batch_size': 512, 'dataset': 'CIFAR', 'placement': None, 'use_nccl': True, 'devices_per_worker': 1, 'primary_resource': 'extra_gpu', 'gpu': False, 'verbose': False, 'lr_config': {'mode': 'log', 'steps': 5, 'initial_lr': 0.05, 'target_lr': 0.05}, 'batch_per_device': 512}",44.311034202575684,0,7,9700.991127813753,2,194.16568160057068
0.007391488552093506,0.08808534145355225,0.003086566925048828,0.015481170342893017,0.020303785800933838,nan,0.0,0.04550902843475342,0.7247999906539917,0.8123321833610535,-0.7247999906539917,nan,0.0,nan,0.0,nan,0.0,0.7726199626922607,0.6692555175685883,nan,0.0,nan,0.0,60000,2,False,,,20,-0.8123321833610535,155f41e523c249f0a64d5ece327ce5c2,2019-05-30_14-18-57,1559251137,6.564657211303711,156.4193046092987,21738,steropes,169.229.49.254,"{'starting_lr': 0.05, 'momentum': 0.9, 'weight_decay': 0.005, 'steps_per_iteration': None, 'pin': False, 'model_creator': None, 'target_batch_size': 1024, 'model_string': 'resnet18', 'min_batch_size': 512, 'dataset': 'CIFAR', 'placement': None, 'use_nccl': True, 'devices_per_worker': 1, 'primary_resource': 'extra_gpu', 'gpu': False, 'verbose': False, 'lr_config': {'mode': 'log', 'steps': 5, 'initial_lr': 0.05, 'target_lr': 0.05}, 'batch_per_device': 512}",50.875691413879395,0,8,9511.395378401603,2,207.2949960231781
0.008378159999847413,0.09304729700088502,0.0032883524894714356,0.014126171871107452,0.018238365650177002,nan,0.0,0.04675295352935791,0.7418999671936035,0.7816505620002747,-0.7418999671936035,nan,0.0,nan,0.0,nan,0.0,0.7775399684906006,0.6536674317836761,nan,0.0,nan,0.0,60000,2,False,,,21,-0.7816505620002747,155f41e523c249f0a64d5ece327ce5c2,2019-05-30_14-19-03,1559251143,6.4172163009643555,162.83652091026306,21738,steropes,169.229.49.254,"{'starting_lr': 0.05, 'momentum': 0.9, 'weight_decay': 0.005, 'steps_per_iteration': None, 'pin': False, 'model_creator': None, 'target_batch_size': 1024, 'model_string': 'resnet18', 'min_batch_size': 512, 'dataset': 'CIFAR', 'placement': None, 'use_nccl': True, 'devices_per_worker': 1, 'primary_resource': 'extra_gpu', 'gpu': False, 'verbose': False, 'lr_config': {'mode': 'log', 'steps': 5, 'initial_lr': 0.05, 'target_lr': 0.05}, 'batch_per_device': 512}",57.29290771484375,0,9,9413.631893162019,2,220.1294286251068
0.0073156595230102536,0.09887481927871705,0.0035470128059387207,0.013782681251058772,0.01966090202331543,nan,0.0,0.050999665260314936,0.6879000067710876,0.9322035459518433,-0.6879000067710876,nan,0.0,nan,0.0,nan,0.0,0.7805799841880798,0.6490567592334748,nan,0.0,nan,0.0,60000,2,False,,,22,-0.9322035459518433,155f41e523c249f0a64d5ece327ce5c2,2019-05-30_14-19-10,1559251150,6.347159385681152,169.1836802959442,21738,steropes,169.229.49.254,"{'starting_lr': 0.05, 'momentum': 0.9, 'weight_decay': 0.005, 'steps_per_iteration': None, 'pin': False, 'model_creator': None, 'target_batch_size': 1024, 'model_string': 'resnet18', 'min_batch_size': 512, 'dataset': 'CIFAR', 'placement': None, 'use_nccl': True, 'devices_per_worker': 1, 'primary_resource': 'extra_gpu', 'gpu': False, 'verbose': False, 'lr_config': {'mode': 'log', 'steps': 5, 'initial_lr': 0.05, 'target_lr': 0.05}, 'batch_per_device': 512}",63.6400671005249,0,10,9371.142489825037,2,232.82374739646912
0.008018314838409424,0.08807895183563233,0.004633116722106934,0.014010402621055136,0.019730818271636964,nan,0.0,0.05209647417068482,0.726599931716919,0.8153561512947083,-0.726599931716919,nan,0.0,nan,0.0,nan,0.0,0.7816399931907654,0.6377756260967254,nan,0.0,nan,0.0,60000,2,False,,,23,-0.8153561512947083,155f41e523c249f0a64d5ece327ce5c2,2019-05-30_14-19-15,1559251155,5.911409378051758,175.09508967399597,21738,steropes,169.229.49.254,"{'starting_lr': 0.05, 'momentum': 0.9, 'weight_decay': 0.005, 'steps_per_iteration': None, 'pin': False, 'model_creator': None, 'target_batch_size': 1024, 'model_string': 'resnet18', 'min_batch_size': 512, 'dataset': 'CIFAR', 'placement': None, 'use_nccl': True, 'devices_per_worker': 1, 'primary_resource': 'extra_gpu', 'gpu': False, 'verbose': False, 'lr_config': {'mode': 'log', 'steps': 5, 'initial_lr': 0.05, 'target_lr': 0.05}, 'batch_per_device': 512}",69.55147647857666,0,11,9517.30505188711,2,244.64656615257263
0.007544708251953126,0.08948349952697754,0.0028346776962280273,0.013682097804789642,0.017695724964141846,nan,0.0,0.04811843633651733,0.7445999979972839,0.7545459431171417,-0.7445999979972839,nan,0.0,nan,0.0,nan,0.0,0.7840799689292908,0.6370427429866792,nan,0.0,nan,0.0,60000,2,False,,,24,-0.7545459431171417,155f41e523c249f0a64d5ece327ce5c2,2019-05-30_14-19-22,1559251162,6.1290857791900635,181.22417545318604,21738,steropes,169.229.49.254,"{'starting_lr': 0.05, 'momentum': 0.9, 'weight_decay': 0.005, 'steps_per_iteration': None, 'pin': False, 'model_creator': None, 'target_batch_size': 1024, 'model_string': 'resnet18', 'min_batch_size': 512, 'dataset': 'CIFAR', 'placement': None, 'use_nccl': True, 'devices_per_worker': 1, 'primary_resource': 'extra_gpu', 'gpu': False, 'verbose': False, 'lr_config': {'mode': 'log', 'steps': 5, 'initial_lr': 0.05, 'target_lr': 0.05}, 'batch_per_device': 512}",75.68056225776672,0,12,9563.289261890095,2,256.90473771095276
0.007368004322052002,0.0857361912727356,0.0036451220512390137,0.013716979902617787,0.0190055251121521,nan,0.0,0.04760369062423706,0.7251999974250793,0.826152974653244,-0.7251999974250793,nan,0.0,nan,0.0,nan,0.0,0.784619927406311,0.6315843060016633,nan,0.0,nan,0.0,60000,2,False,,,25,-0.826152974653244,155f41e523c249f0a64d5ece327ce5c2,2019-05-30_14-19-28,1559251168,6.334583520889282,187.55875897407532,21738,steropes,169.229.49.254,"{'starting_lr': 0.05, 'momentum': 0.9, 'weight_decay': 0.005, 'steps_per_iteration': None, 'pin': False, 'model_creator': None, 'target_batch_size': 1024, 'model_string': 'resnet18', 'min_batch_size': 512, 'dataset': 'CIFAR', 'placement': None, 'use_nccl': True, 'devices_per_worker': 1, 'primary_resource': 'extra_gpu', 'gpu': False, 'verbose': False, 'lr_config': {'mode': 'log', 'steps': 5, 'initial_lr': 0.05, 'target_lr': 0.05}, 'batch_per_device': 512}",82.015145778656,0,13,9633.946150664931,2,269.5739047527313
0.007742476463317872,0.08632938861846924,0.0030683279037475586,0.012891144168620208,0.016890656948089597,nan,0.0,0.04581068754196167,0.7131999731063843,0.8496797211170197,-0.7131999731063843,nan,0.0,nan,0.0,nan,0.0,0.7889199256896973,0.6221760043716431,nan,0.0,nan,0.0,60000,2,False,,,26,-0.8496797211170197,155f41e523c249f0a64d5ece327ce5c2,2019-05-30_14-19-34,1559251174,5.742361068725586,193.3011200428009,21738,steropes,169.229.49.254,"{'starting_lr': 0.05, 'momentum': 0.9, 'weight_decay': 0.005, 'steps_per_iteration': None, 'pin': False, 'model_creator': None, 'target_batch_size': 1024, 'model_string': 'resnet18', 'min_batch_size': 512, 'dataset': 'CIFAR', 'placement': None, 'use_nccl': True, 'devices_per_worker': 1, 'primary_resource': 'extra_gpu', 'gpu': False, 'verbose': False, 'lr_config': {'mode': 'log', 'steps': 5, 'initial_lr': 0.05, 'target_lr': 0.05}, 'batch_per_device': 512}",87.75750684738159,0,14,9847.364393143218,2,281.0586268901825
0.00767672061920166,0.08351842164993287,0.0028220534324645994,0.01195941652570452,0.01685434579849243,nan,0.0,0.04618067741394043,0.7451000213623047,0.7701791018009185,-0.7451000213623047,nan,0.0,nan,0.0,nan,0.0,0.7887200117111206,0.6221634401607514,nan,0.0,nan,0.0,60000,2,False,,,27,-0.7701791018009185,155f41e523c249f0a64d5ece327ce5c2,2019-05-30_14-19-39,1559251179,5.468521595001221,198.76964163780212,21738,steropes,169.229.49.254,"{'starting_lr': 0.05, 'momentum': 0.9, 'weight_decay': 0.005, 'steps_per_iteration': None, 'pin': False, 'model_creator': None, 'target_batch_size': 1024, 'model_string': 'resnet18', 'min_batch_size': 512, 'dataset': 'CIFAR', 'placement': None, 'use_nccl': True, 'devices_per_worker': 1, 'primary_resource': 'extra_gpu', 'gpu': False, 'verbose': False, 'lr_config': {'mode': 'log', 'steps': 5, 'initial_lr': 0.05, 'target_lr': 0.05}, 'batch_per_device': 512}",93.22602844238281,0,15,10139.805714709724,2,291.99567008018494
0.007026350498199463,0.08731924295425414,0.002985429763793945,0.012156793049403598,0.01694672107696533,nan,0.0,0.04424700736999512,0.7411999702453613,0.7795146808147431,-0.7411999702453613,nan,0.0,nan,0.0,nan,0.0,0.7950999736785889,0.607343036775589,nan,0.0,nan,0.0,60000,2,False,,,28,-0.7795146808147431,155f41e523c249f0a64d5ece327ce5c2,2019-05-30_14-19-45,1559251185,5.513313055038452,204.28295469284058,21738,steropes,169.229.49.254,"{'starting_lr': 0.05, 'momentum': 0.9, 'weight_decay': 0.005, 'steps_per_iteration': None, 'pin': False, 'model_creator': None, 'target_batch_size': 1024, 'model_string': 'resnet18', 'min_batch_size': 512, 'dataset': 'CIFAR', 'placement': None, 'use_nccl': True, 'devices_per_worker': 1, 'primary_resource': 'extra_gpu', 'gpu': False, 'verbose': False, 'lr_config': {'mode': 'log', 'steps': 5, 'initial_lr': 0.05, 'target_lr': 0.05}, 'batch_per_device': 512}",98.73934149742126,0,16,10278.103089498669,2,303.02229619026184
0.007042062282562256,0.08640971183776855,0.002947998046875,0.012464506285531179,0.016705977916717532,nan,0.0,0.045047545433044435,0.7440999746322632,0.7669498728275299,-0.7440999746322632,nan,0.0,nan,0.0,nan,0.0,0.7942999601364136,0.6040792381381989,nan,0.0,nan,0.0,60000,2,False,,,29,-0.7669498728275299,155f41e523c249f0a64d5ece327ce5c2,2019-05-30_14-19-50,1559251190,5.572300910949707,209.85525560379028,21738,steropes,169.229.49.254,"{'starting_lr': 0.05, 'momentum': 0.9, 'weight_decay': 0.005, 'steps_per_iteration': None, 'pin': False, 'model_creator': None, 'target_batch_size': 1024, 'model_string': 'resnet18', 'min_batch_size': 512, 'dataset': 'CIFAR', 'placement': None, 'use_nccl': True, 'devices_per_worker': 1, 'primary_resource': 'extra_gpu', 'gpu': False, 'verbose': False, 'lr_config': {'mode': 'log', 'steps': 5, 'initial_lr': 0.05, 'target_lr': 0.05}, 'batch_per_device': 512}",104.31164240837097,0,17,10477.979314510527,2,314.16689801216125
0.007266521453857422,0.08378635644912719,0.002898406982421875,0.012760444563262318,0.016591656208038333,nan,0.0,0.04468084573745727,0.7431999444961548,0.7673125263214111,-0.7431999444961548,nan,0.0,nan,0.0,nan,0.0,0.7959599494934082,0.5946298950195312,nan,0.0,nan,0.0,60000,2,False,,,30,-0.7673125263214111,155f41e523c249f0a64d5ece327ce5c2,2019-05-30_14-19-56,1559251196,5.5192131996154785,215.37446880340576,21738,steropes,169.229.49.254,"{'starting_lr': 0.05, 'momentum': 0.9, 'weight_decay': 0.005, 'steps_per_iteration': None, 'pin': False, 'model_creator': None, 'target_batch_size': 1024, 'model_string': 'resnet18', 'min_batch_size': 512, 'dataset': 'CIFAR', 'placement': None, 'use_nccl': True, 'devices_per_worker': 1, 'primary_resource': 'extra_gpu', 'gpu': False, 'verbose': False, 'lr_config': {'mode': 'log', 'steps': 5, 'initial_lr': 0.05, 'target_lr': 0.05}, 'batch_per_device': 512}",109.83085560798645,0,18,10785.118674377161,2,325.2053244113922
0.006914758682250976,0.08536909818649292,0.002865314483642578,0.01370836034113047,0.01652277708053589,nan,0.0,0.04528937339782715,0.7527999877929688,0.7228478859901428,-0.7527999877929688,nan,0.0,nan,0.0,nan,0.0,0.7955799698829651,0.5978031314373016,nan,0.0,nan,0.0,60000,2,False,,,31,-0.7228478859901428,155f41e523c249f0a64d5ece327ce5c2,2019-05-30_14-20-02,1559251202,6.17226505279541,221.54673385620117,21738,steropes,169.229.49.254,"{'starting_lr': 0.05, 'momentum': 0.9, 'weight_decay': 0.005, 'steps_per_iteration': None, 'pin': False, 'model_creator': None, 'target_batch_size': 1024, 'model_string': 'resnet18', 'min_batch_size': 512, 'dataset': 'CIFAR', 'placement': None, 'use_nccl': True, 'devices_per_worker': 1, 'primary_resource': 'extra_gpu', 'gpu': False, 'verbose': False, 'lr_config': {'mode': 'log', 'steps': 5, 'initial_lr': 0.05, 'target_lr': 0.05}, 'batch_per_device': 512}",116.00312066078186,0,19,10620.969634373834,2,337.54985451698303
0.007561230659484863,0.08941619396209716,0.002927720546722412,0.013279316376666635,0.01784384250640869,nan,0.0,0.04602042436599732,0.7235000133514404,0.8081306825160981,-0.7235000133514404,nan,0.0,nan,0.0,nan,0.0,0.796180009841919,0.6028093118858338,nan,0.0,nan,0.0,60000,2,False,,,32,-0.8081306825160981,155f41e523c249f0a64d5ece327ce5c2,2019-05-30_14-20-08,1559251208,5.980479717254639,227.5272135734558,21738,steropes,169.229.49.254,"{'starting_lr': 0.05, 'momentum': 0.9, 'weight_decay': 0.005, 'steps_per_iteration': None, 'pin': False, 'model_creator': None, 'target_batch_size': 1024, 'model_string': 'resnet18', 'min_batch_size': 512, 'dataset': 'CIFAR', 'placement': None, 'use_nccl': True, 'devices_per_worker': 1, 'primary_resource': 'extra_gpu', 'gpu': False, 'verbose': False, 'lr_config': {'mode': 'log', 'steps': 5, 'initial_lr': 0.05, 'target_lr': 0.05}, 'batch_per_device': 512}",121.9836003780365,0,20,10431.891451194606,2,349.5108139514923
0.0076822638511657715,0.08466434478759766,0.0028408050537109377,0.014860170228140695,0.017574572563171388,nan,0.0,0.04987522363662719,0.7616999745368958,0.7054400914669037,-0.7616999745368958,nan,0.0,nan,0.0,nan,0.0,0.7999799847602844,0.5881153281784057,nan,0.0,nan,0.0,60000,2,False,,,33,-0.7054400914669037,155f41e523c249f0a64d5ece327ce5c2,2019-05-30_14-20-14,1559251214,6.002050876617432,233.52926445007324,21738,steropes,169.229.49.254,"{'starting_lr': 0.05, 'momentum': 0.9, 'weight_decay': 0.005, 'steps_per_iteration': None, 'pin': False, 'model_creator': None, 'target_batch_size': 1024, 'model_string': 'resnet18', 'min_batch_size': 512, 'dataset': 'CIFAR', 'placement': None, 'use_nccl': True, 'devices_per_worker': 1, 'primary_resource': 'extra_gpu', 'gpu': False, 'verbose': False, 'lr_config': {'mode': 'log', 'steps': 5, 'initial_lr': 0.05, 'target_lr': 0.05}, 'batch_per_device': 512}",127.98565125465393,0,21,10257.562653517547,2,361.5149157047272
0.007818567752838134,0.09313727617263794,0.002752256393432617,0.014590810756294096,0.01788330078125,nan,0.0,0.04879133701324463,0.7107999920845032,0.9001075298786163,-0.7107999920845032,nan,0.0,nan,0.0,nan,0.0,0.798799991607666,0.5936530376434326,nan,0.0,nan,0.0,60000,2,False,,,34,-0.9001075298786163,155f41e523c249f0a64d5ece327ce5c2,2019-05-30_14-20-20,1559251220,6.1430065631866455,239.6722710132599,21738,steropes,169.229.49.254,"{'starting_lr': 0.05, 'momentum': 0.9, 'weight_decay': 0.005, 'steps_per_iteration': None, 'pin': False, 'model_creator': None, 'target_batch_size': 1024, 'model_string': 'resnet18', 'min_batch_size': 512, 'dataset': 'CIFAR', 'placement': None, 'use_nccl': True, 'devices_per_worker': 1, 'primary_resource': 'extra_gpu', 'gpu': False, 'verbose': False, 'lr_config': {'mode': 'log', 'steps': 5, 'initial_lr': 0.05, 'target_lr': 0.05}, 'batch_per_device': 512}",134.12865781784058,0,22,10061.232177329677,2,373.80092883110046
0.007362842559814453,0.09831829071044923,0.003289365768432617,0.014859481733672474,0.016964483261108398,nan,0.0,0.050486958026885985,0.6437000036239624,1.1017521642684938,-0.6437000036239624,nan,0.0,nan,0.0,nan,0.0,0.7997199892997742,0.5928680420017243,nan,0.0,nan,0.0,60000,2,False,,,35,-1.1017521642684938,155f41e523c249f0a64d5ece327ce5c2,2019-05-30_14-20-26,1559251226,6.2529191970825195,245.9251902103424,21738,steropes,169.229.49.254,"{'starting_lr': 0.05, 'momentum': 0.9, 'weight_decay': 0.005, 'steps_per_iteration': None, 'pin': False, 'model_creator': None, 'target_batch_size': 1024, 'model_string': 'resnet18', 'min_batch_size': 512, 'dataset': 'CIFAR', 'placement': None, 'use_nccl': True, 'devices_per_worker': 1, 'primary_resource': 'extra_gpu', 'gpu': False, 'verbose': False, 'lr_config': {'mode': 'log', 'steps': 5, 'initial_lr': 0.05, 'target_lr': 0.05}, 'batch_per_device': 512}",140.3815770149231,0,23,9819.606871166372,2,386.3067672252655
0.007647407054901123,0.08951259851455688,0.002708339691162109,0.014491871911652233,0.018018853664398194,nan,0.0,0.0461694359779358,0.7429999709129333,0.7636858905792236,-0.7429999709129333,nan,0.0,nan,0.0,nan,0.0,0.8029999732971191,0.5835937859153748,nan,0.0,nan,0.0,60000,2,False,,,36,-0.7636858905792236,155f41e523c249f0a64d5ece327ce5c2,2019-05-30_14-20-32,1559251232,5.980337381362915,251.90552759170532,21738,steropes,169.229.49.254,"{'starting_lr': 0.05, 'momentum': 0.9, 'weight_decay': 0.005, 'steps_per_iteration': None, 'pin': False, 'model_creator': None, 'target_batch_size': 1024, 'model_string': 'resnet18', 'min_batch_size': 512, 'dataset': 'CIFAR', 'placement': None, 'use_nccl': True, 'devices_per_worker': 1, 'primary_resource': 'extra_gpu', 'gpu': False, 'verbose': False, 'lr_config': {'mode': 'log', 'steps': 5, 'initial_lr': 0.05, 'target_lr': 0.05}, 'batch_per_device': 512}",146.361914396286,0,24,9881.686027684354,2,398.26744198799133
0.0074820280075073246,0.09174127578735351,0.0029915690422058104,0.014175349352311115,0.01720125675201416,nan,0.0,0.04509557485580444,0.7696999311447144,0.6928719886302948,-0.7696999311447144,nan,0.0,nan,0.0,nan,0.0,0.8059799671173096,0.573489595489502,nan,0.0,nan,0.0,60000,2,False,,,37,-0.6928719886302948,155f41e523c249f0a64d5ece327ce5c2,2019-05-30_14-20-38,1559251238,6.09641170501709,258.0019392967224,21738,steropes,169.229.49.254,"{'starting_lr': 0.05, 'momentum': 0.9, 'weight_decay': 0.005, 'steps_per_iteration': None, 'pin': False, 'model_creator': None, 'target_batch_size': 1024, 'model_string': 'resnet18', 'min_batch_size': 512, 'dataset': 'CIFAR', 'placement': None, 'use_nccl': True, 'devices_per_worker': 1, 'primary_resource': 'extra_gpu', 'gpu': False, 'verbose': False, 'lr_config': {'mode': 'log', 'steps': 5, 'initial_lr': 0.05, 'target_lr': 0.05}, 'batch_per_device': 512}",152.4583261013031,0,25,9844.067487918872,2,410.4602653980255
0.008336889743804931,0.09484995603561401,0.003889763355255127,0.013872399622080277,0.01701481342315674,nan,0.0,0.04551955461502075,0.7240999937057495,0.8606148918628693,-0.7240999937057495,nan,0.0,nan,0.0,nan,0.0,0.805400013923645,0.5778157585430146,nan,0.0,nan,0.0,60000,2,False,,,38,-0.8606148918628693,155f41e523c249f0a64d5ece327ce5c2,2019-05-30_14-20-44,1559251244,6.038620710372925,264.04056000709534,21738,steropes,169.229.49.254,"{'starting_lr': 0.05, 'momentum': 0.9, 'weight_decay': 0.005, 'steps_per_iteration': None, 'pin': False, 'model_creator': None, 'target_batch_size': 1024, 'model_string': 'resnet18', 'min_batch_size': 512, 'dataset': 'CIFAR', 'placement': None, 'use_nccl': True, 'devices_per_worker': 1, 'primary_resource': 'extra_gpu', 'gpu': False, 'verbose': False, 'lr_config': {'mode': 'log', 'steps': 5, 'initial_lr': 0.05, 'target_lr': 0.05}, 'batch_per_device': 512}",158.49694681167603,0,26,9832.269744358184,2,422.53750681877136
0.007536923885345459,0.09229156970977784,0.003566741943359375,0.013620439840822805,0.017171311378479007,nan,0.0,0.04764480590820312,0.7073999643325806,0.942092419719696,-0.7073999643325806,nan,0.0,nan,0.0,nan,0.0,0.8035399913787842,0.5792849648857117,nan,0.0,nan,0.0,60000,2,False,,,39,-0.942092419719696,155f41e523c249f0a64d5ece327ce5c2,2019-05-30_14-20-50,1559251250,6.037866115570068,270.0784261226654,21738,steropes,169.229.49.254,"{'starting_lr': 0.05, 'momentum': 0.9, 'weight_decay': 0.005, 'steps_per_iteration': None, 'pin': False, 'model_creator': None, 'target_batch_size': 1024, 'model_string': 'resnet18', 'min_batch_size': 512, 'dataset': 'CIFAR', 'placement': None, 'use_nccl': True, 'devices_per_worker': 1, 'primary_resource': 'extra_gpu', 'gpu': False, 'verbose': False, 'lr_config': {'mode': 'log', 'steps': 5, 'initial_lr': 0.05, 'target_lr': 0.05}, 'batch_per_device': 512}",164.5348129272461,0,27,9866.268356127372,2,434.6132390499115
0.007669822374979655,0.15067880494253974,0.0034017721811930336,0.017004347810841567,0.0449904203414917,nan,0.0,0.12647422154744467,0.7267546653747559,0.8253786307147827,-0.7267546653747559,4.581400712331136,4.581400712331136,11.168062527974447,11.168062527974447,1.6732525825500488,1.6732525825500488,0.8273835182189941,0.5110492714869804,nan,0.0,nan,0.0,60000,3,False,,,41,-0.8253786307147827,155f41e523c249f0a64d5ece327ce5c2,2019-05-30_14-21-24,1559251284,7.058340072631836,283.19808530807495,27708,steropes,169.229.49.254,"{'starting_lr': 0.05, 'momentum': 0.9, 'weight_decay': 0.005, 'steps_per_iteration': None, 'pin': False, 'model_creator': None, 'target_batch_size': 1024, 'model_string': 'resnet18', 'min_batch_size': 512, 'dataset': 'CIFAR', 'placement': None, 'use_nccl': True, 'devices_per_worker': 1, 'primary_resource': 'extra_gpu', 'gpu': False, 'verbose': False, 'lr_config': {'mode': 'log', 'steps': 5, 'initial_lr': 0.05, 'target_lr': 0.06123724356957945}, 'batch_per_device': 512}",7.058340072631836,0,1,8500.463617298521,3,473.97221660614014
0.00717935562133789,0.11539916765122187,0.002919427553812663,0.01747178790545223,0.01650732358296712,nan,0.0,0.04924509525299072,0.7060588200887045,0.8774605715091265,-0.7060588200887045,nan,0.0,nan,0.0,nan,0.0,0.8325233459472656,0.5008737592032589,nan,0.0,nan,0.0,60000,3,False,,,42,-0.8774605715091265,155f41e523c249f0a64d5ece327ce5c2,2019-05-30_14-21-28,1559251288,4.650577068328857,287.8486623764038,27708,steropes,169.229.49.254,"{'starting_lr': 0.05, 'momentum': 0.9, 'weight_decay': 0.005, 'steps_per_iteration': None, 'pin': False, 'model_creator': None, 'target_batch_size': 1024, 'model_string': 'resnet18', 'min_batch_size': 512, 'dataset': 'CIFAR', 'placement': None, 'use_nccl': True, 'devices_per_worker': 1, 'primary_resource': 'extra_gpu', 'gpu': False, 'verbose': False, 'lr_config': {'mode': 'log', 'steps': 5, 'initial_lr': 0.05, 'target_lr': 0.06123724356957945}, 'batch_per_device': 512}",11.708917140960693,0,2,10248.445918758773,3,487.9239478111267
0.007750972112019857,0.12607909384227936,0.003034281730651855,0.01688161281624226,0.017349664370218912,nan,0.0,0.05250976880391439,0.7351529598236084,0.7974783420038328,-0.7351529598236084,nan,0.0,nan,0.0,nan,0.0,0.8209635416666666,0.5294063709735423,nan,0.0,nan,0.0,60000,3,False,,,43,-0.7974783420038328,155f41e523c249f0a64d5ece327ce5c2,2019-05-30_14-21-33,1559251293,4.727377414703369,292.5760397911072,27708,steropes,169.229.49.254,"{'starting_lr': 0.05, 'momentum': 0.9, 'weight_decay': 0.005, 'steps_per_iteration': None, 'pin': False, 'model_creator': None, 'target_batch_size': 1024, 'model_string': 'resnet18', 'min_batch_size': 512, 'dataset': 'CIFAR', 'placement': None, 'use_nccl': True, 'devices_per_worker': 1, 'primary_resource': 'extra_gpu', 'gpu': False, 'verbose': False, 'lr_config': {'mode': 'log', 'steps': 5, 'initial_lr': 0.05, 'target_lr': 0.06123724356957945}, 'batch_per_device': 512}",16.436294555664062,0,3,10951.207935473265,3,502.1060800552368
0.008265105883280435,0.13147330284118652,0.0027466138203938797,0.017041423104026104,0.01707706451416016,nan,0.0,0.05276577472686767,0.7324535051981608,0.8227254515336861,-0.7324535051981608,nan,0.0,nan,0.0,nan,0.0,0.8226235707600912,0.5250594418756137,nan,0.0,nan,0.0,60000,3,False,,,44,-0.8227254515336861,155f41e523c249f0a64d5ece327ce5c2,2019-05-30_14-21-38,1559251298,4.742785453796387,297.31882524490356,27708,steropes,169.229.49.254,"{'starting_lr': 0.05, 'momentum': 0.9, 'weight_decay': 0.005, 'steps_per_iteration': None, 'pin': False, 'model_creator': None, 'target_batch_size': 1024, 'model_string': 'resnet18', 'min_batch_size': 512, 'dataset': 'CIFAR', 'placement': None, 'use_nccl': True, 'devices_per_worker': 1, 'primary_resource': 'extra_gpu', 'gpu': False, 'verbose': False, 'lr_config': {'mode': 'log', 'steps': 5, 'initial_lr': 0.05, 'target_lr': 0.06123724356957945}, 'batch_per_device': 512}",21.17908000946045,0,4,11331.764641889069,3,516.334436416626
0.009179512659708658,0.13197929518563406,0.002538466453552246,0.017364949891061493,0.018353915214538573,nan,0.0,0.05412806669871012,0.7702459494272867,0.6980598023642876,-0.7702459494272867,nan,0.0,nan,0.0,nan,0.0,0.8230035305023193,0.5261761940119731,nan,0.0,nan,0.0,60000,3,False,,,45,-0.6980598023642876,155f41e523c249f0a64d5ece327ce5c2,2019-05-30_14-21-43,1559251303,4.818718910217285,302.13754415512085,27708,steropes,169.229.49.254,"{'starting_lr': 0.05, 'momentum': 0.9, 'weight_decay': 0.005, 'steps_per_iteration': None, 'pin': False, 'model_creator': None, 'target_batch_size': 1024, 'model_string': 'resnet18', 'min_batch_size': 512, 'dataset': 'CIFAR', 'placement': None, 'use_nccl': True, 'devices_per_worker': 1, 'primary_resource': 'extra_gpu', 'gpu': False, 'verbose': False, 'lr_config': {'mode': 'log', 'steps': 5, 'initial_lr': 0.05, 'target_lr': 0.06123724356957945}, 'batch_per_device': 512}",25.997798919677734,0,5,11539.261918592016,3,530.7905931472778
0.007681727409362793,0.12217402458190918,0.0027883609135945634,0.01739855968590939,0.01720422108968099,nan,0.0,0.053363585472106935,0.7566486199696859,0.7334882054798987,-0.7566486199696859,nan,0.0,nan,0.0,nan,0.0,0.8192636171976725,0.5371809680412628,nan,0.0,nan,0.0,60000,3,False,,,46,-0.7334882054798987,155f41e523c249f0a64d5ece327ce5c2,2019-05-30_14-21-47,1559251307,4.679382562637329,306.8169267177582,27708,steropes,169.229.49.254,"{'starting_lr': 0.05, 'momentum': 0.9, 'weight_decay': 0.005, 'steps_per_iteration': None, 'pin': False, 'model_creator': None, 'target_batch_size': 1024, 'model_string': 'resnet18', 'min_batch_size': 512, 'dataset': 'CIFAR', 'placement': None, 'use_nccl': True, 'devices_per_worker': 1, 'primary_resource': 'extra_gpu', 'gpu': False, 'verbose': False, 'lr_config': {'mode': 'log', 'steps': 5, 'initial_lr': 0.05, 'target_lr': 0.06123724356957945}, 'batch_per_device': 512}",30.677181482315063,0,6,12701.522628764189,3,544.8287408351898
0.007954605420430501,0.12288841747102282,0.0030815521876017254,0.017166833684902,0.016749016443888345,nan,0.0,0.05114052295684814,0.7770446141560873,0.6805749558325029,-0.7770446141560873,nan,0.0,nan,0.0,nan,0.0,0.8233635425567627,0.5273631794303992,nan,0.0,nan,0.0,60000,3,False,,,47,-0.6805749558325029,155f41e523c249f0a64d5ece327ce5c2,2019-05-30_14-21-52,1559251312,4.588783025741577,311.40570974349976,27708,steropes,169.229.49.254,"{'starting_lr': 0.05, 'momentum': 0.9, 'weight_decay': 0.005, 'steps_per_iteration': None, 'pin': False, 'model_creator': None, 'target_batch_size': 1024, 'model_string': 'resnet18', 'min_batch_size': 512, 'dataset': 'CIFAR', 'placement': None, 'use_nccl': True, 'devices_per_worker': 1, 'primary_resource': 'extra_gpu', 'gpu': False, 'verbose': False, 'lr_config': {'mode': 'log', 'steps': 5, 'initial_lr': 0.05, 'target_lr': 0.06123724356957945}, 'batch_per_device': 512}",35.26596450805664,0,7,12734.841331400285,3,558.5950899124146
0.008335558573404948,0.10947067396981375,0.002785285313924154,0.01706963356095131,0.01692050298055013,nan,0.0,0.05397942066192627,0.7635472615559896,0.7143167584830583,-0.7635472615559896,nan,0.0,nan,0.0,nan,0.0,0.8226035435994467,0.5275638272746992,nan,0.0,nan,0.0,60000,3,False,,,48,-0.7143167584830583,155f41e523c249f0a64d5ece327ce5c2,2019-05-30_14-21-57,1559251317,4.695331573486328,316.1010413169861,27708,steropes,169.229.49.254,"{'starting_lr': 0.05, 'momentum': 0.9, 'weight_decay': 0.005, 'steps_per_iteration': None, 'pin': False, 'model_creator': None, 'target_batch_size': 1024, 'model_string': 'resnet18', 'min_batch_size': 512, 'dataset': 'CIFAR', 'placement': None, 'use_nccl': True, 'devices_per_worker': 1, 'primary_resource': 'extra_gpu', 'gpu': False, 'verbose': False, 'lr_config': {'mode': 'log', 'steps': 5, 'initial_lr': 0.05, 'target_lr': 0.06123724356957945}, 'batch_per_device': 512}",39.96129608154297,0,8,12752.185013962742,3,572.6810846328735
0.007181016604105632,0.11157189096723284,0.0027854998906453447,0.017997760965366556,0.017517240842183434,nan,0.0,0.05182735125223795,0.7371525764465332,0.8104725257679597,-0.7371525764465332,nan,0.0,nan,0.0,nan,0.0,0.8265034357706705,0.5138624841762884,nan,0.0,nan,0.0,60000,3,False,,,49,-0.8104725257679597,155f41e523c249f0a64d5ece327ce5c2,2019-05-30_14-22-01,1559251321,4.718302965164185,320.81934428215027,27708,steropes,169.229.49.254,"{'starting_lr': 0.05, 'momentum': 0.9, 'weight_decay': 0.005, 'steps_per_iteration': None, 'pin': False, 'model_creator': None, 'target_batch_size': 1024, 'model_string': 'resnet18', 'min_batch_size': 512, 'dataset': 'CIFAR', 'placement': None, 'use_nccl': True, 'devices_per_worker': 1, 'primary_resource': 'extra_gpu', 'gpu': False, 'verbose': False, 'lr_config': {'mode': 'log', 'steps': 5, 'initial_lr': 0.05, 'target_lr': 0.06123724356957945}, 'batch_per_device': 512}",44.67959904670715,0,9,12765.467504099906,3,586.8359935283661
0.00815588633219401,0.10741498356773742,0.0031453450520833337,0.017621627961746367,0.01751854419708252,nan,0.0,0.05247126420338949,0.7363526821136475,0.7904462369888502,-0.7363526821136475,nan,0.0,nan,0.0,nan,0.0,0.8252034982045492,0.5190197521382691,nan,0.0,nan,0.0,60000,3,False,,,50,-0.7904462369888502,155f41e523c249f0a64d5ece327ce5c2,2019-05-30_14-22-06,1559251326,4.703901529312134,325.5232458114624,27708,steropes,169.229.49.254,"{'starting_lr': 0.05, 'momentum': 0.9, 'weight_decay': 0.005, 'steps_per_iteration': None, 'pin': False, 'model_creator': None, 'target_batch_size': 1024, 'model_string': 'resnet18', 'min_batch_size': 512, 'dataset': 'CIFAR', 'placement': None, 'use_nccl': True, 'devices_per_worker': 1, 'primary_resource': 'extra_gpu', 'gpu': False, 'verbose': False, 'lr_config': {'mode': 'log', 'steps': 5, 'initial_lr': 0.05, 'target_lr': 0.06123724356957945}, 'batch_per_device': 512}",49.38350057601929,0,10,12828.140768150119,3,600.9476981163025
0.008535997072855633,0.10689075787862141,0.0026930967966715493,0.017785932078506008,0.018262847264607748,nan,0.0,0.05187453428904215,0.7601478894551595,0.7102241285489431,-0.7601478894551595,nan,0.0,nan,0.0,nan,0.0,0.8241635958353678,0.5220968286123674,nan,0.0,nan,0.0,60000,3,False,,,51,-0.7102241285489431,155f41e523c249f0a64d5ece327ce5c2,2019-05-30_14-22-11,1559251331,4.729869365692139,330.25311517715454,27708,steropes,169.229.49.254,"{'starting_lr': 0.05, 'momentum': 0.9, 'weight_decay': 0.005, 'steps_per_iteration': None, 'pin': False, 'model_creator': None, 'target_batch_size': 1024, 'model_string': 'resnet18', 'min_batch_size': 512, 'dataset': 'CIFAR', 'placement': None, 'use_nccl': True, 'devices_per_worker': 1, 'primary_resource': 'extra_gpu', 'gpu': False, 'verbose': False, 'lr_config': {'mode': 'log', 'steps': 5, 'initial_lr': 0.05, 'target_lr': 0.06123724356957945}, 'batch_per_device': 512}",54.113369941711426,0,11,12800.503795869814,3,615.1373062133789
0.007387987772623697,0.10935425758361816,0.0028780698776245117,0.018214240218653824,0.01833168665568034,nan,0.0,0.05371695359547932,0.7528494199117025,0.744431531755859,-0.7528494199117025,nan,0.0,nan,0.0,nan,0.0,0.8266234397888184,0.5159173410169263,nan,0.0,nan,0.0,60000,3,False,,,52,-0.744431531755859,155f41e523c249f0a64d5ece327ce5c2,2019-05-30_14-22-15,1559251335,4.72733998298645,334.980455160141,27708,steropes,169.229.49.254,"{'starting_lr': 0.05, 'momentum': 0.9, 'weight_decay': 0.005, 'steps_per_iteration': None, 'pin': False, 'model_creator': None, 'target_batch_size': 1024, 'model_string': 'resnet18', 'min_batch_size': 512, 'dataset': 'CIFAR', 'placement': None, 'use_nccl': True, 'devices_per_worker': 1, 'primary_resource': 'extra_gpu', 'gpu': False, 'verbose': False, 'lr_config': {'mode': 'log', 'steps': 5, 'initial_lr': 0.05, 'target_lr': 0.06123724356957945}, 'batch_per_device': 512}",58.840709924697876,0,12,12725.271649991924,3,629.3193261623383
0.008108774820963541,0.11379290762401763,0.0032689809799194337,0.01799304557569099,0.017674215634663898,nan,0.0,0.05276550451914469,0.7693460782368978,0.6657304628995199,-0.7693460782368978,nan,0.0,nan,0.0,nan,0.0,0.8244035243988037,0.5201787334382898,nan,0.0,nan,0.0,60000,3,False,,,53,-0.6657304628995199,155f41e523c249f0a64d5ece327ce5c2,2019-05-30_14-22-20,1559251340,4.699758529663086,339.6802136898041,27708,steropes,169.229.49.254,"{'starting_lr': 0.05, 'momentum': 0.9, 'weight_decay': 0.005, 'steps_per_iteration': None, 'pin': False, 'model_creator': None, 'target_batch_size': 1024, 'model_string': 'resnet18', 'min_batch_size': 512, 'dataset': 'CIFAR', 'placement': None, 'use_nccl': True, 'devices_per_worker': 1, 'primary_resource': 'extra_gpu', 'gpu': False, 'verbose': False, 'lr_config': {'mode': 'log', 'steps': 5, 'initial_lr': 0.05, 'target_lr': 0.06123724356957945}, 'batch_per_device': 512}",63.54046845436096,0,13,12722.881122696803,3,643.4186017513275
0.00881943702697754,0.10995315370105561,0.0026255925496419274,0.017663685962407277,0.01650717258453369,nan,0.0,0.05001704692840576,0.7390521367390951,0.7715085080518076,-0.7390521367390951,nan,0.0,nan,0.0,nan,0.0,0.8237835566202799,0.5166970223169923,nan,0.0,nan,0.0,60000,3,False,,,54,-0.7715085080518076,155f41e523c249f0a64d5ece327ce5c2,2019-05-30_14-22-25,1559251345,4.646352767944336,344.3265664577484,27708,steropes,169.229.49.254,"{'starting_lr': 0.05, 'momentum': 0.9, 'weight_decay': 0.005, 'steps_per_iteration': None, 'pin': False, 'model_creator': None, 'target_batch_size': 1024, 'model_string': 'resnet18', 'min_batch_size': 512, 'dataset': 'CIFAR', 'placement': None, 'use_nccl': True, 'devices_per_worker': 1, 'primary_resource': 'extra_gpu', 'gpu': False, 'verbose': False, 'lr_config': {'mode': 'log', 'steps': 5, 'initial_lr': 0.05, 'target_lr': 0.06123724356957945}, 'batch_per_device': 512}",68.1868212223053,0,14,12761.816976982413,3,657.3576600551605
0.007077705860137939,0.2071423292160034,0.003761523962020874,0.021844770908355713,0.049395084381103516,nan,0.0,0.10038924813270568,0.7714999914169312,0.7015723930597305,-0.7714999914169312,4.844025671482086,4.844025671482086,12.200536072254181,12.200536072254181,1.9277086853981018,1.9277086853981018,0.8348399996757507,0.4910322107577324,nan,0.0,nan,0.0,60000,4,False,,,56,-0.7015723930597305,155f41e523c249f0a64d5ece327ce5c2,2019-05-30_14-22-59,1559251379,6.313554048538208,355.4502582550049,27595,steropes,169.229.49.254,"{'starting_lr': 0.05, 'momentum': 0.9, 'weight_decay': 0.005, 'steps_per_iteration': None, 'pin': False, 'model_creator': None, 'target_batch_size': 1024, 'model_string': 'resnet18', 'min_batch_size': 512, 'dataset': 'CIFAR', 'placement': None, 'use_nccl': True, 'devices_per_worker': 1, 'primary_resource': 'extra_gpu', 'gpu': False, 'verbose': False, 'lr_config': {'mode': 'log', 'steps': 5, 'initial_lr': 0.05, 'target_lr': 0.07071067811865477}, 'batch_per_device': 512}",6.313554048538208,0,1,9503.164829781857,4,701.8524272441864
0.0075169622898101805,0.1337603449821472,0.002874886989593506,0.022322654724121097,0.017243683338165283,nan,0.0,0.05192417502403259,0.730400025844574,0.838637636423111,-0.730400025844574,nan,0.0,nan,0.0,nan,0.0,0.8448799848556519,0.45768850311994547,nan,0.0,nan,0.0,60000,4,False,,,57,-0.838637636423111,155f41e523c249f0a64d5ece327ce5c2,2019-05-30_14-23-03,1559251383,3.8058032989501953,359.2560615539551,27595,steropes,169.229.49.254,"{'starting_lr': 0.05, 'momentum': 0.9, 'weight_decay': 0.005, 'steps_per_iteration': None, 'pin': False, 'model_creator': None, 'target_batch_size': 1024, 'model_string': 'resnet18', 'min_batch_size': 512, 'dataset': 'CIFAR', 'placement': None, 'use_nccl': True, 'devices_per_worker': 1, 'primary_resource': 'extra_gpu', 'gpu': False, 'verbose': False, 'lr_config': {'mode': 'log', 'steps': 5, 'initial_lr': 0.05, 'target_lr': 0.07071067811865477}, 'batch_per_device': 512}",10.119357347488403,0,2,11858.214140743605,4,717.0756404399872
0.007446515560150147,0.1326385498046875,0.003342956304550171,0.021493344306945803,0.01691579818725586,nan,0.0,0.05199063420295715,0.777899980545044,0.6700656708478927,-0.777899980545044,nan,0.0,nan,0.0,nan,0.0,0.8409799337387085,0.47091703718662264,nan,0.0,nan,0.0,60000,4,False,,,58,-0.6700656708478927,155f41e523c249f0a64d5ece327ce5c2,2019-05-30_14-23-06,1559251386,3.6887638568878174,362.9448254108429,27595,steropes,169.229.49.254,"{'starting_lr': 0.05, 'momentum': 0.9, 'weight_decay': 0.005, 'steps_per_iteration': None, 'pin': False, 'model_creator': None, 'target_batch_size': 1024, 'model_string': 'resnet18', 'min_batch_size': 512, 'dataset': 'CIFAR', 'placement': None, 'use_nccl': True, 'devices_per_worker': 1, 'primary_resource': 'extra_gpu', 'gpu': False, 'verbose': False, 'lr_config': {'mode': 'log', 'steps': 5, 'initial_lr': 0.05, 'target_lr': 0.07071067811865477}, 'batch_per_device': 512}",13.80812120437622,0,3,13035.531732827227,4,731.8306958675385
0.0072824060916900635,0.13733936548233033,0.0029950737953186035,0.02302868604660034,0.017728126049041747,nan,0.0,0.053182882070541386,0.7698999643325806,0.6934194853305816,-0.7698999643325806,nan,0.0,nan,0.0,nan,0.0,0.8371400237083435,0.4815160006713867,nan,0.0,nan,0.0,60000,4,False,,,59,-0.6934194853305816,155f41e523c249f0a64d5ece327ce5c2,2019-05-30_14-23-10,1559251390,4.00649356842041,366.9513189792633,27595,steropes,169.229.49.254,"{'starting_lr': 0.05, 'momentum': 0.9, 'weight_decay': 0.005, 'steps_per_iteration': None, 'pin': False, 'model_creator': None, 'target_batch_size': 1024, 'model_string': 'resnet18', 'min_batch_size': 512, 'dataset': 'CIFAR', 'placement': None, 'use_nccl': True, 'devices_per_worker': 1, 'primary_resource': 'extra_gpu', 'gpu': False, 'verbose': False, 'lr_config': {'mode': 'log', 'steps': 5, 'initial_lr': 0.05, 'target_lr': 0.07071067811865477}, 'batch_per_device': 512}",17.81461477279663,0,4,13471.80474772021,4,747.8566701412201
0.008943444490432738,0.13207427263259885,0.0031385064125061036,0.023031604290008542,0.01790977120399475,nan,0.0,0.05268341302871704,0.7631999850273132,0.7319273823499679,-0.7631999850273132,nan,0.0,nan,0.0,nan,0.0,0.8314999938011169,0.5021736260890961,nan,0.0,nan,0.0,60000,4,False,,,60,-0.7319273823499679,155f41e523c249f0a64d5ece327ce5c2,2019-05-30_14-23-14,1559251394,4.0477354526519775,370.9990544319153,27595,steropes,169.229.49.254,"{'starting_lr': 0.05, 'momentum': 0.9, 'weight_decay': 0.005, 'steps_per_iteration': None, 'pin': False, 'model_creator': None, 'target_batch_size': 1024, 'model_string': 'resnet18', 'min_batch_size': 512, 'dataset': 'CIFAR', 'placement': None, 'use_nccl': True, 'devices_per_worker': 1, 'primary_resource': 'extra_gpu', 'gpu': False, 'verbose': False, 'lr_config': {'mode': 'log', 'steps': 5, 'initial_lr': 0.05, 'target_lr': 0.07071067811865477}, 'batch_per_device': 512}",21.86235022544861,0,5,13721.93586582084,4,764.047611951828
0.007285887002944946,0.1377664566040039,0.0031188905239105226,0.02230342388153076,0.01672690510749817,nan,0.0,0.05161648392677307,0.7239999771118164,0.8372834293127059,-0.7239999771118164,nan,0.0,nan,0.0,nan,0.0,0.8340799808502197,0.49216310694217685,nan,0.0,nan,0.0,60000,4,False,,,61,-0.8372834293127059,155f41e523c249f0a64d5ece327ce5c2,2019-05-30_14-23-18,1559251398,3.9888687133789062,374.9879231452942,27595,steropes,169.229.49.254,"{'starting_lr': 0.05, 'momentum': 0.9, 'weight_decay': 0.005, 'steps_per_iteration': None, 'pin': False, 'model_creator': None, 'target_batch_size': 1024, 'model_string': 'resnet18', 'min_batch_size': 512, 'dataset': 'CIFAR', 'placement': None, 'use_nccl': True, 'devices_per_worker': 1, 'primary_resource': 'extra_gpu', 'gpu': False, 'verbose': False, 'lr_config': {'mode': 'log', 'steps': 5, 'initial_lr': 0.05, 'target_lr': 0.07071067811865477}, 'batch_per_device': 512}",25.851218938827515,0,6,15354.639558877632,4,780.0030868053436
0.007974499464035036,0.14145259857177733,0.0031960844993591305,0.02290632724761963,0.01735309958457947,nan,0.0,0.051892530918121335,0.8408999443054199,0.4729859762072563,-0.8408999443054199,nan,0.0,nan,0.0,nan,0.0,0.8701599836349487,0.3874111569046974,nan,0.0,nan,0.0,60000,4,False,,,62,-0.4729859762072563,155f41e523c249f0a64d5ece327ce5c2,2019-05-30_14-23-22,1559251402,4.002669811248779,378.99059295654297,27595,steropes,169.229.49.254,"{'starting_lr': 0.05, 'momentum': 0.9, 'weight_decay': 0.005, 'steps_per_iteration': None, 'pin': False, 'model_creator': None, 'target_batch_size': 1024, 'model_string': 'resnet18', 'min_batch_size': 512, 'dataset': 'CIFAR', 'placement': None, 'use_nccl': True, 'devices_per_worker': 1, 'primary_resource': 'extra_gpu', 'gpu': False, 'verbose': False, 'lr_config': {'mode': 'log', 'steps': 5, 'initial_lr': 0.05, 'target_lr': 0.07071067811865477}, 'batch_per_device': 512}",29.853888750076294,0,7,15201.469567014105,4,796.0137660503387
0.007618135213851929,0.14251391887664797,0.0030791223049163817,0.022475898265838623,0.017047679424285887,nan,0.0,0.05322806835174561,0.8478000164031982,0.4520009206414223,-0.8478000164031982,nan,0.0,nan,0.0,nan,0.0,0.8968799114227295,0.3169643695950508,nan,0.0,nan,0.0,60000,4,False,,,63,-0.4520009206414223,155f41e523c249f0a64d5ece327ce5c2,2019-05-30_14-23-26,1559251406,3.9134695529937744,382.90406250953674,27595,steropes,169.229.49.254,"{'starting_lr': 0.05, 'momentum': 0.9, 'weight_decay': 0.005, 'steps_per_iteration': None, 'pin': False, 'model_creator': None, 'target_batch_size': 1024, 'model_string': 'resnet18', 'min_batch_size': 512, 'dataset': 'CIFAR', 'placement': None, 'use_nccl': True, 'devices_per_worker': 1, 'primary_resource': 'extra_gpu', 'gpu': False, 'verbose': False, 'lr_config': {'mode': 'log', 'steps': 5, 'initial_lr': 0.05, 'target_lr': 0.07071067811865477}, 'batch_per_device': 512}",33.76735830307007,0,8,15030.334420411296,4,811.6676442623138
0.007413196563720703,0.14466145038604739,0.0030032813549041746,0.0216408109664917,0.017509347200393675,nan,0.0,0.052082729339599614,0.8520999550819397,0.4578602953553199,-0.8520999550819397,nan,0.0,nan,0.0,nan,0.0,0.903219997882843,0.2901889191949368,nan,0.0,nan,0.0,60000,4,False,,,64,-0.4578602953553199,155f41e523c249f0a64d5ece327ce5c2,2019-05-30_14-23-30,1559251410,3.8824288845062256,386.78649139404297,27595,steropes,169.229.49.254,"{'starting_lr': 0.05, 'momentum': 0.9, 'weight_decay': 0.005, 'steps_per_iteration': None, 'pin': False, 'model_creator': None, 'target_batch_size': 1024, 'model_string': 'resnet18', 'min_batch_size': 512, 'dataset': 'CIFAR', 'placement': None, 'use_nccl': True, 'devices_per_worker': 1, 'primary_resource': 'extra_gpu', 'gpu': False, 'verbose': False, 'lr_config': {'mode': 'log', 'steps': 5, 'initial_lr': 0.05, 'target_lr': 0.07071067811865477}, 'batch_per_device': 512}",37.649787187576294,0,9,15124.340727444409,4,827.1973598003387
0.00745372176170349,0.13264845609664916,0.0028442263603210447,0.022171192169189453,0.0178381085395813,nan,0.0,0.057357352972030644,0.8553000092506409,0.4371478547811508,-0.8553000092506409,nan,0.0,nan,0.0,nan,0.0,0.9092999696731567,0.2724363443183899,nan,0.0,nan,0.0,60000,4,False,,,65,-0.4371478547811508,155f41e523c249f0a64d5ece327ce5c2,2019-05-30_14-23-34,1559251414,3.8468563556671143,390.6333477497101,27595,steropes,169.229.49.254,"{'starting_lr': 0.05, 'momentum': 0.9, 'weight_decay': 0.005, 'steps_per_iteration': None, 'pin': False, 'model_creator': None, 'target_batch_size': 1024, 'model_string': 'resnet18', 'min_batch_size': 512, 'dataset': 'CIFAR', 'placement': None, 'use_nccl': True, 'devices_per_worker': 1, 'primary_resource': 'extra_gpu', 'gpu': False, 'verbose': False, 'lr_config': {'mode': 'log', 'steps': 5, 'initial_lr': 0.05, 'target_lr': 0.07071067811865477}, 'batch_per_device': 512}",41.49664354324341,0,10,15279.023042987284,4,842.5847852230072
0.007317692041397095,0.14410389661788942,0.0029795169830322266,0.021754310131073,0.016576933860778808,nan,0.0,0.05266747474670409,0.8537999391555786,0.4583819371104241,-0.8537999391555786,nan,0.0,nan,0.0,nan,0.0,0.9114999771118164,0.26735355430126195,nan,0.0,nan,0.0,60000,4,False,,,66,-0.4583819371104241,155f41e523c249f0a64d5ece327ce5c2,2019-05-30_14-23-38,1559251418,3.967595338821411,394.6009430885315,27595,steropes,169.229.49.254,"{'starting_lr': 0.05, 'momentum': 0.9, 'weight_decay': 0.005, 'steps_per_iteration': None, 'pin': False, 'model_creator': None, 'target_batch_size': 1024, 'model_string': 'resnet18', 'min_batch_size': 512, 'dataset': 'CIFAR', 'placement': None, 'use_nccl': True, 'devices_per_worker': 1, 'primary_resource': 'extra_gpu', 'gpu': False, 'verbose': False, 'lr_config': {'mode': 'log', 'steps': 5, 'initial_lr': 0.05, 'target_lr': 0.07071067811865477}, 'batch_per_device': 512}",45.46423888206482,0,11,15295.590849479759,4,858.4551665782928
0.007223606109619141,0.1439250111579895,0.002950507402420044,0.024286744594573972,0.016464269161224367,nan,0.0,0.0527365505695343,0.8547999858856201,0.44506239585876467,-0.8547999858856201,nan,0.0,nan,0.0,nan,0.0,0.917159914970398,0.2524810957503319,nan,0.0,nan,0.0,60000,4,False,,,67,-0.44506239585876467,155f41e523c249f0a64d5ece327ce5c2,2019-05-30_14-23-42,1559251422,4.036405801773071,398.63734889030457,27595,steropes,169.229.49.254,"{'starting_lr': 0.05, 'momentum': 0.9, 'weight_decay': 0.005, 'steps_per_iteration': None, 'pin': False, 'model_creator': None, 'target_batch_size': 1024, 'model_string': 'resnet18', 'min_batch_size': 512, 'dataset': 'CIFAR', 'placement': None, 'use_nccl': True, 'devices_per_worker': 1, 'primary_resource': 'extra_gpu', 'gpu': False, 'verbose': False, 'lr_config': {'mode': 'log', 'steps': 5, 'initial_lr': 0.05, 'target_lr': 0.07071067811865477}, 'batch_per_device': 512}",49.50064468383789,0,12,15269.327927413842,4,874.6007897853851
0.007986980676651,0.13890745639801028,0.0029462575912475586,0.020672459602355957,0.01643846035003662,nan,0.0,0.050562131404876705,0.8510000109672546,0.4565268423199654,-0.8510000109672546,nan,0.0,nan,0.0,nan,0.0,0.9159799814224243,0.25314441390514375,nan,0.0,nan,0.0,60000,4,False,,,68,-0.4565268423199654,155f41e523c249f0a64d5ece327ce5c2,2019-05-30_14-23-46,1559251426,3.8271727561950684,402.46452164649963,27595,steropes,169.229.49.254,"{'starting_lr': 0.05, 'momentum': 0.9, 'weight_decay': 0.005, 'steps_per_iteration': None, 'pin': False, 'model_creator': None, 'target_batch_size': 1024, 'model_string': 'resnet18', 'min_batch_size': 512, 'dataset': 'CIFAR', 'placement': None, 'use_nccl': True, 'devices_per_worker': 1, 'primary_resource': 'extra_gpu', 'gpu': False, 'verbose': False, 'lr_config': {'mode': 'log', 'steps': 5, 'initial_lr': 0.05, 'target_lr': 0.07071067811865477}, 'batch_per_device': 512}",53.32781744003296,0,13,15336.693542735167,4,889.9094808101654
0.00739327073097229,0.13208057880401614,0.0029393911361694338,0.021756014823913573,0.016713070869445804,nan,0.0,0.052999889850616454,0.8508000373840332,0.4535539674758911,-0.8508000373840332,nan,0.0,nan,0.0,nan,0.0,0.9172400236129761,0.2475421611917019,nan,0.0,nan,0.0,60000,4,False,,,69,-0.4535539674758911,155f41e523c249f0a64d5ece327ce5c2,2019-05-30_14-23-50,1559251430,3.820401191711426,406.28492283821106,27595,steropes,169.229.49.254,"{'starting_lr': 0.05, 'momentum': 0.9, 'weight_decay': 0.005, 'steps_per_iteration': None, 'pin': False, 'model_creator': None, 'target_batch_size': 1024, 'model_string': 'resnet18', 'min_batch_size': 512, 'dataset': 'CIFAR', 'placement': None, 'use_nccl': True, 'devices_per_worker': 1, 'primary_resource': 'extra_gpu', 'gpu': False, 'verbose': False, 'lr_config': {'mode': 'log', 'steps': 5, 'initial_lr': 0.05, 'target_lr': 0.07071067811865477}, 'batch_per_device': 512}",57.148218631744385,0,14,15385.481640533968,4,905.1910855770111
0.007610100507736206,0.15053856372833252,0.0030818581581115723,0.021225543022155763,0.016642767190933227,nan,0.0,0.05169035196304321,0.8646999597549438,0.4198648181080818,-0.8646999597549438,nan,0.0,nan,0.0,nan,0.0,0.921239972114563,0.23788166654229162,nan,0.0,nan,0.0,60000,4,False,,,70,-0.4198648181080818,155f41e523c249f0a64d5ece327ce5c2,2019-05-30_14-23-54,1559251434,3.8662776947021484,410.1512005329132,27595,steropes,169.229.49.254,"{'starting_lr': 0.05, 'momentum': 0.9, 'weight_decay': 0.005, 'steps_per_iteration': None, 'pin': False, 'model_creator': None, 'target_batch_size': 1024, 'model_string': 'resnet18', 'min_batch_size': 512, 'dataset': 'CIFAR', 'placement': None, 'use_nccl': True, 'devices_per_worker': 1, 'primary_resource': 'extra_gpu', 'gpu': False, 'verbose': False, 'lr_config': {'mode': 'log', 'steps': 5, 'initial_lr': 0.05, 'target_lr': 0.07071067811865477}, 'batch_per_device': 512}",61.01449632644653,0,15,15370.23062213297,4,920.6561963558197
0.007839947938919067,0.13266777992248535,0.003014218807220459,0.022698266506195067,0.0166140079498291,nan,0.0,0.05562892556190491,0.858799934387207,0.43775692641735076,-0.858799934387207,nan,0.0,nan,0.0,nan,0.0,0.9246799945831299,0.2303280420589447,nan,0.0,nan,0.0,60000,4,False,,,71,-0.43775692641735076,155f41e523c249f0a64d5ece327ce5c2,2019-05-30_14-23-57,1559251437,3.8728883266448975,414.0240888595581,27595,steropes,169.229.49.254,"{'starting_lr': 0.05, 'momentum': 0.9, 'weight_decay': 0.005, 'steps_per_iteration': None, 'pin': False, 'model_creator': None, 'target_batch_size': 1024, 'model_string': 'resnet18', 'min_batch_size': 512, 'dataset': 'CIFAR', 'placement': None, 'use_nccl': True, 'devices_per_worker': 1, 'primary_resource': 'extra_gpu', 'gpu': False, 'verbose': False, 'lr_config': {'mode': 'log', 'steps': 5, 'initial_lr': 0.05, 'target_lr': 0.07071067811865477}, 'batch_per_device': 512}",64.88738465309143,0,16,15445.178879449652,4,936.1477496623993
0.007555669546127319,0.15209046602249146,0.002952283620834351,0.02193476676940918,0.01808817982673645,nan,0.0,0.05431544780731201,0.85589998960495,0.4516500613212585,-0.85589998960495,nan,0.0,nan,0.0,nan,0.0,0.9239199161529541,0.2266287317454815,nan,0.0,nan,0.0,60000,4,False,,,72,-0.4516500613212585,155f41e523c249f0a64d5ece327ce5c2,2019-05-30_14-24-01,1559251441,3.9897751808166504,418.01386404037476,27595,steropes,169.229.49.254,"{'starting_lr': 0.05, 'momentum': 0.9, 'weight_decay': 0.005, 'steps_per_iteration': None, 'pin': False, 'model_creator': None, 'target_batch_size': 1024, 'model_string': 'resnet18', 'min_batch_size': 512, 'dataset': 'CIFAR', 'placement': None, 'use_nccl': True, 'devices_per_worker': 1, 'primary_resource': 'extra_gpu', 'gpu': False, 'verbose': False, 'lr_config': {'mode': 'log', 'steps': 5, 'initial_lr': 0.05, 'target_lr': 0.07071067811865477}, 'batch_per_device': 512}",68.87715983390808,0,17,15482.344540694943,4,952.1068503856659
0.007559520006179809,0.14933395385742188,0.0032753109931945804,0.02071626901626587,0.017756438255310057,nan,0.0,0.05323114991188049,0.850600004196167,0.462111290538311,-0.850600004196167,nan,0.0,nan,0.0,nan,0.0,0.9226599931716919,0.2304945121896267,nan,0.0,nan,0.0,60000,4,False,,,73,-0.462111290538311,155f41e523c249f0a64d5ece327ce5c2,2019-05-30_14-24-05,1559251445,3.915990114212036,421.9298541545868,27595,steropes,169.229.49.254,"{'starting_lr': 0.05, 'momentum': 0.9, 'weight_decay': 0.005, 'steps_per_iteration': None, 'pin': False, 'model_creator': None, 'target_batch_size': 1024, 'model_string': 'resnet18', 'min_batch_size': 512, 'dataset': 'CIFAR', 'placement': None, 'use_nccl': True, 'devices_per_worker': 1, 'primary_resource': 'extra_gpu', 'gpu': False, 'verbose': False, 'lr_config': {'mode': 'log', 'steps': 5, 'initial_lr': 0.05, 'target_lr': 0.07071067811865477}, 'batch_per_device': 512}",72.79314994812012,0,18,15411.7029522969,4,967.770810842514
0.0075364351272583004,0.14030822515487673,0.003150540590286255,0.021762211322784424,0.0167661190032959,nan,0.0,0.052157634496688844,0.8506999611854553,0.4696158393859863,-0.8506999611854553,nan,0.0,nan,0.0,nan,0.0,0.9244799613952637,0.2273100694787502,nan,0.0,nan,0.0,60000,4,False,,,74,-0.4696158393859863,155f41e523c249f0a64d5ece327ce5c2,2019-05-30_14-24-09,1559251449,3.763432502746582,425.6932866573334,27595,steropes,169.229.49.254,"{'starting_lr': 0.05, 'momentum': 0.9, 'weight_decay': 0.005, 'steps_per_iteration': None, 'pin': False, 'model_creator': None, 'target_batch_size': 1024, 'model_string': 'resnet18', 'min_batch_size': 512, 'dataset': 'CIFAR', 'placement': None, 'use_nccl': True, 'devices_per_worker': 1, 'primary_resource': 'extra_gpu', 'gpu': False, 'verbose': False, 'lr_config': {'mode': 'log', 'steps': 5, 'initial_lr': 0.05, 'target_lr': 0.07071067811865477}, 'batch_per_device': 512}",76.5565824508667,0,19,15456.933957450767,4,982.8245408535004
0.0071721673011779785,0.13673131465911864,0.0031707882881164555,0.021148202419281004,0.016631191968917845,nan,0.0,0.05349059104919433,0.8561999797821045,0.45604612249135973,-0.8561999797821045,nan,0.0,nan,0.0,nan,0.0,0.9257799983024597,0.22560658848762513,nan,0.0,nan,0.0,60000,4,False,,,75,-0.45604612249135973,155f41e523c249f0a64d5ece327ce5c2,2019-05-30_14-24-13,1559251453,3.851992130279541,429.5452787876129,27595,steropes,169.229.49.254,"{'starting_lr': 0.05, 'momentum': 0.9, 'weight_decay': 0.005, 'steps_per_iteration': None, 'pin': False, 'model_creator': None, 'target_batch_size': 1024, 'model_string': 'resnet18', 'min_batch_size': 512, 'dataset': 'CIFAR', 'placement': None, 'use_nccl': True, 'devices_per_worker': 1, 'primary_resource': 'extra_gpu', 'gpu': False, 'verbose': False, 'lr_config': {'mode': 'log', 'steps': 5, 'initial_lr': 0.05, 'target_lr': 0.07071067811865477}, 'batch_per_device': 512}",80.40857458114624,0,20,15468.231168166578,4,998.2325093746185
0.007314956188201905,0.13173824548721313,0.00331534743309021,0.02228590250015259,0.016554927825927733,nan,0.0,0.05224729180335999,0.8416000008583069,0.5131091277241706,-0.8416000008583069,nan,0.0,nan,0.0,nan,0.0,0.925119936466217,0.22580464458227156,nan,0.0,nan,0.0,60000,4,False,,,76,-0.5131091277241706,155f41e523c249f0a64d5ece327ce5c2,2019-05-30_14-24-17,1559251457,3.8459436893463135,433.39122247695923,27595,steropes,169.229.49.254,"{'starting_lr': 0.05, 'momentum': 0.9, 'weight_decay': 0.005, 'steps_per_iteration': None, 'pin': False, 'model_creator': None, 'target_batch_size': 1024, 'model_string': 'resnet18', 'min_batch_size': 512, 'dataset': 'CIFAR', 'placement': None, 'use_nccl': True, 'devices_per_worker': 1, 'primary_resource': 'extra_gpu', 'gpu': False, 'verbose': False, 'lr_config': {'mode': 'log', 'steps': 5, 'initial_lr': 0.05, 'target_lr': 0.07071067811865477}, 'batch_per_device': 512}",84.25451827049255,0,21,15489.755633270091,4,1013.6162841320038
0.007498323917388917,0.13449827432632444,0.003060346841812134,0.022135798931121824,0.016694021224975587,nan,0.0,0.05197807550430298,0.857699990272522,0.45743123775720596,-0.857699990272522,nan,0.0,nan,0.0,nan,0.0,0.9275400042533875,0.22026263409137725,nan,0.0,nan,0.0,60000,4,False,,,77,-0.45743123775720596,155f41e523c249f0a64d5ece327ce5c2,2019-05-30_14-24-21,1559251461,3.900219440460205,437.29144191741943,27595,steropes,169.229.49.254,"{'starting_lr': 0.05, 'momentum': 0.9, 'weight_decay': 0.005, 'steps_per_iteration': None, 'pin': False, 'model_creator': None, 'target_batch_size': 1024, 'model_string': 'resnet18', 'min_batch_size': 512, 'dataset': 'CIFAR', 'placement': None, 'use_nccl': True, 'devices_per_worker': 1, 'primary_resource': 'extra_gpu', 'gpu': False, 'verbose': False, 'lr_config': {'mode': 'log', 'steps': 5, 'initial_lr': 0.05, 'target_lr': 0.07071067811865477}, 'batch_per_device': 512}",88.15473771095276,0,22,15561.71608528251,4,1029.2171618938446
0.007902240753173828,0.14091746807098388,0.003198784589767456,0.02236008405685425,0.01744333505630493,nan,0.0,0.0540691614151001,0.8335999846458435,0.526128773522377,-0.8335999846458435,nan,0.0,nan,0.0,nan,0.0,0.9246399998664856,0.2268135320699215,nan,0.0,nan,0.0,60000,4,False,,,78,-0.526128773522377,155f41e523c249f0a64d5ece327ce5c2,2019-05-30_14-24-25,1559251465,4.050159692764282,441.3416016101837,27595,steropes,169.229.49.254,"{'starting_lr': 0.05, 'momentum': 0.9, 'weight_decay': 0.005, 'steps_per_iteration': None, 'pin': False, 'model_creator': None, 'target_batch_size': 1024, 'model_string': 'resnet18', 'min_batch_size': 512, 'dataset': 'CIFAR', 'placement': None, 'use_nccl': True, 'devices_per_worker': 1, 'primary_resource': 'extra_gpu', 'gpu': False, 'verbose': False, 'lr_config': {'mode': 'log', 'steps': 5, 'initial_lr': 0.05, 'target_lr': 0.07071067811865477}, 'batch_per_device': 512}",92.20489740371704,0,23,15454.15754871545,4,1045.4178006649017
0.0073893129825592044,0.1595296859741211,0.0029321789741516115,0.021902244091033935,0.016255927085876462,nan,0.0,0.055185848474502565,0.8413999676704407,0.5036774145841598,-0.8413999676704407,nan,0.0,nan,0.0,nan,0.0,0.9253199696540833,0.22505200616240503,nan,0.0,nan,0.0,60000,4,False,,,79,-0.5036774145841598,155f41e523c249f0a64d5ece327ce5c2,2019-05-30_14-24-29,1559251469,4.0143585205078125,445.3559601306915,27595,steropes,169.229.49.254,"{'starting_lr': 0.05, 'momentum': 0.9, 'weight_decay': 0.005, 'steps_per_iteration': None, 'pin': False, 'model_creator': None, 'target_batch_size': 1024, 'model_string': 'resnet18', 'min_batch_size': 512, 'dataset': 'CIFAR', 'placement': None, 'use_nccl': True, 'devices_per_worker': 1, 'primary_resource': 'extra_gpu', 'gpu': False, 'verbose': False, 'lr_config': {'mode': 'log', 'steps': 5, 'initial_lr': 0.05, 'target_lr': 0.07071067811865477}, 'batch_per_device': 512}",96.21925592422485,0,24,15256.951140045241,4,1061.475234746933
0.007545530796051025,0.14421036243438717,0.0032553672790527344,0.02199481248855591,0.017005687952041625,nan,0.0,0.052058982849121097,0.840499997138977,0.5144698335170745,-0.840499997138977,nan,0.0,nan,0.0,nan,0.0,0.9252600073814392,0.22356331768870352,nan,0.0,nan,0.0,60000,4,False,,,80,-0.5144698335170745,155f41e523c249f0a64d5ece327ce5c2,2019-05-30_14-24-33,1559251473,3.930384635925293,449.2863447666168,27595,steropes,169.229.49.254,"{'starting_lr': 0.05, 'momentum': 0.9, 'weight_decay': 0.005, 'steps_per_iteration': None, 'pin': False, 'model_creator': None, 'target_batch_size': 1024, 'model_string': 'resnet18', 'min_batch_size': 512, 'dataset': 'CIFAR', 'placement': None, 'use_nccl': True, 'devices_per_worker': 1, 'primary_resource': 'extra_gpu', 'gpu': False, 'verbose': False, 'lr_config': {'mode': 'log', 'steps': 5, 'initial_lr': 0.05, 'target_lr': 0.07071067811865477}, 'batch_per_device': 512}",100.14964056015015,0,25,15196.451713006427,4,1077.1967732906342
0.007174670696258545,0.1327466607093811,0.0035208046436309816,0.021709136962890625,0.017132550477981567,nan,0.0,0.051821136474609376,0.8396999835968018,0.5202397943258286,-0.8396999835968018,nan,0.0,nan,0.0,nan,0.0,0.9269599914550781,0.22050537066221237,nan,0.0,nan,0.0,60000,4,False,,,81,-0.5202397943258286,155f41e523c249f0a64d5ece327ce5c2,2019-05-30_14-24-36,1559251476,3.7955095767974854,453.0818543434143,27595,steropes,169.229.49.254,"{'starting_lr': 0.05, 'momentum': 0.9, 'weight_decay': 0.005, 'steps_per_iteration': None, 'pin': False, 'model_creator': None, 'target_batch_size': 1024, 'model_string': 'resnet18', 'min_batch_size': 512, 'dataset': 'CIFAR', 'placement': None, 'use_nccl': True, 'devices_per_worker': 1, 'primary_resource': 'extra_gpu', 'gpu': False, 'verbose': False, 'lr_config': {'mode': 'log', 'steps': 5, 'initial_lr': 0.05, 'target_lr': 0.07071067811865477}, 'batch_per_device': 512}",103.94515013694763,0,26,15235.36994995201,4,1092.378811597824
