{"apply": 0.017514824867248535, "batch_time": 0.04184249986576129, "d2h": 0.0007175683975219726, "data_time": 0.001846128717407851, "fwd": 0.11675777435302734, "get_state_time_mean": NaN, "get_state_time_total": 0.0, "grad": 0.16717426776885985, "mean_accuracy": 0.23600000143051147, "mean_loss": 2.1021688606262208, "neg_mean_accuracy": -0.23600000143051147, "set_state_time_mean": NaN, "set_state_time_total": 0.0, "setup_model_time_mean": 8.403810977935791, "setup_model_time_total": 8.403810977935791, "setup_proc_time_mean": 0.19665884971618652, "setup_proc_time_total": 0.19665884971618652, "train_accuracy": 0.15408000349998474, "train_loss": 2.5284852961730957, "training_time_mean": NaN, "training_time_total": 0.0, "val_accuracy": 0.23600000143051147, "val_loss": 2.1021688606262208, "validation_time_mean": NaN, "validation_time_total": 0.0, "samples": 60000, "num_workers": 1, "done": false, "timesteps_total": null, "episodes_total": null, "training_iteration": 1, "neg_mean_loss": -2.1021688606262208, "experiment_id": "d7438ffd6f634f6fb9c27dd9374beb69", "date": "2019-06-06_07-10-15", "timestamp": 1559830215, "time_this_iter_s": 46.46170663833618, "time_total_s": 46.46170663833618, "pid": 8427, "hostname": "steropes", "node_ip": "169.229.49.254", "config": {"starting_lr": 0.0001, "momentum": 0.99, "weight_decay": 0.001, "steps_per_iteration": null, "pin": false, "model_creator": null, "target_batch_size": 128, "model_string": "resnet50", "min_batch_size": 128, "dataset": "CIFAR", "placement": null, "use_nccl": true, "devices_per_worker": 1, "primary_resource": "extra_gpu", "gpu": false, "verbose": false, "lr_config": {"mode": "log", "steps": 5, "initial_lr": 0.0001, "target_lr": 0.0001}, "batch_per_device": 128}, "time_since_restore": 46.46170663833618, "timesteps_since_restore": 0, "iterations_since_restore": 1, "mean_throughput": 1291.3837346869432, "atoms": 1, "setup_time": 8.823453664779663}
{"apply": 0.017912411689758302, "batch_time": 0.031530168992054616, "d2h": 0.0007028579711914062, "data_time": 0.0017611669457477071, "fwd": 0.02821166515350342, "get_state_time_mean": NaN, "get_state_time_total": 0.0, "grad": 0.047772884368896484, "mean_accuracy": 0.26989999413490295, "mean_loss": 1.9967202667236328, "neg_mean_accuracy": -0.30379998683929443, "set_state_time_mean": NaN, "set_state_time_total": 0.0, "setup_model_time_mean": NaN, "setup_model_time_total": 0.0, "setup_proc_time_mean": NaN, "setup_proc_time_total": 0.0, "train_accuracy": 0.2640799880027771, "train_loss": 2.0242051044464113, "training_time_mean": NaN, "training_time_total": 0.0, "val_accuracy": 0.30379998683929443, "val_loss": 1.891271672821045, "validation_time_mean": NaN, "validation_time_total": 0.0, "samples": 60000, "num_workers": 1, "done": true, "timesteps_total": null, "episodes_total": null, "training_iteration": 2, "neg_mean_loss": -1.9967202667236328, "experiment_id": "d7438ffd6f634f6fb9c27dd9374beb69", "date": "2019-06-06_07-10-56", "timestamp": 1559830256, "time_this_iter_s": 40.85228753089905, "time_total_s": 87.31399416923523, "pid": 8427, "hostname": "steropes", "node_ip": "169.229.49.254", "config": {"starting_lr": 0.0001, "momentum": 0.99, "weight_decay": 0.001, "steps_per_iteration": null, "pin": false, "model_creator": null, "target_batch_size": 128, "model_string": "resnet50", "min_batch_size": 128, "dataset": "CIFAR", "placement": null, "use_nccl": true, "devices_per_worker": 1, "primary_resource": "extra_gpu", "gpu": false, "verbose": false, "lr_config": {"mode": "log", "steps": 5, "initial_lr": 0.0001, "target_lr": 0.0001}, "batch_per_device": 128}, "time_since_restore": 87.31399416923523, "timesteps_since_restore": 0, "iterations_since_restore": 2, "mean_throughput": 1374.347526801978, "atoms": 1, "setup_time": 8.823453664779663}
