{"apply": 0.017608070373535158, "batch_time": 0.04466881933091562, "d2h": 0.0006752490997314453, "data_time": 0.0019668959595663164, "fwd": 0.1543879985809326, "get_state_time_mean": NaN, "get_state_time_total": 0.0, "grad": 0.16529057025909424, "mean_accuracy": 0.14190000295639038, "mean_loss": 2.3617763343811036, "neg_mean_accuracy": -0.14190000295639038, "set_state_time_mean": NaN, "set_state_time_total": 0.0, "setup_model_time_mean": 9.410319805145264, "setup_model_time_total": 9.410319805145264, "setup_proc_time_mean": 0.17072606086730957, "setup_proc_time_total": 0.17072606086730957, "train_accuracy": 0.11389999836683273, "train_loss": 2.756372700805664, "training_time_mean": NaN, "training_time_total": 0.0, "val_accuracy": 0.14190000295639038, "val_loss": 2.3617763343811036, "validation_time_mean": NaN, "validation_time_total": 0.0, "samples": 60000, "num_workers": 1, "done": false, "timesteps_total": null, "episodes_total": null, "training_iteration": 1, "neg_mean_loss": -2.3617763343811036, "experiment_id": "62b14e432bab475b8024fb65b1ec2fdb", "date": "2019-06-06_07-31-51", "timestamp": 1559831511, "time_this_iter_s": 47.661051511764526, "time_total_s": 47.661051511764526, "pid": 31483, "hostname": "steropes", "node_ip": "169.229.49.254", "config": {"starting_lr": 0.0001, "momentum": 0.9, "weight_decay": 0.001, "steps_per_iteration": null, "pin": false, "model_creator": null, "target_batch_size": 128, "model_string": "resnet50", "min_batch_size": 128, "dataset": "CIFAR", "placement": null, "use_nccl": true, "devices_per_worker": 1, "primary_resource": "extra_gpu", "gpu": false, "verbose": false, "lr_config": {"mode": "log", "steps": 5, "initial_lr": 0.0001, "target_lr": 0.0001}, "batch_per_device": 128}, "time_since_restore": 47.661051511764526, "timesteps_since_restore": 0, "iterations_since_restore": 1, "mean_throughput": 1258.887264236307, "atoms": 1, "setup_time": 9.913695096969604}
{"apply": 0.01810741424560547, "batch_time": 0.03283492522903635, "d2h": 0.0006804704666137695, "data_time": 0.0018173636073041755, "fwd": 0.02849745750427246, "get_state_time_mean": NaN, "get_state_time_total": 0.0, "grad": 0.04900436401367188, "mean_accuracy": 0.160800002515316, "mean_loss": 2.3093494815826414, "neg_mean_accuracy": -0.17970000207424164, "set_state_time_mean": NaN, "set_state_time_total": 0.0, "setup_model_time_mean": NaN, "setup_model_time_total": 0.0, "setup_proc_time_mean": NaN, "setup_proc_time_total": 0.0, "train_accuracy": 0.14409999549388885, "train_loss": 2.3361077507781984, "training_time_mean": NaN, "training_time_total": 0.0, "val_accuracy": 0.17970000207424164, "val_loss": 2.2569226287841797, "validation_time_mean": NaN, "validation_time_total": 0.0, "samples": 60000, "num_workers": 1, "done": true, "timesteps_total": null, "episodes_total": null, "training_iteration": 2, "neg_mean_loss": -2.3093494815826414, "experiment_id": "62b14e432bab475b8024fb65b1ec2fdb", "date": "2019-06-06_07-32-32", "timestamp": 1559831552, "time_this_iter_s": 41.743382930755615, "time_total_s": 89.40443444252014, "pid": 31483, "hostname": "steropes", "node_ip": "169.229.49.254", "config": {"starting_lr": 0.0001, "momentum": 0.9, "weight_decay": 0.001, "steps_per_iteration": null, "pin": false, "model_creator": null, "target_batch_size": 128, "model_string": "resnet50", "min_batch_size": 128, "dataset": "CIFAR", "placement": null, "use_nccl": true, "devices_per_worker": 1, "primary_resource": "extra_gpu", "gpu": false, "verbose": false, "lr_config": {"mode": "log", "steps": 5, "initial_lr": 0.0001, "target_lr": 0.0001}, "batch_per_device": 128}, "time_since_restore": 89.40443444252014, "timesteps_since_restore": 0, "iterations_since_restore": 2, "mean_throughput": 1342.2127573676028, "atoms": 1, "setup_time": 9.913695096969604}
