apply,batch_time,d2h,data_time,fwd,get_state_time_mean,get_state_time_total,grad,mean_accuracy,mean_loss,neg_mean_accuracy,set_state_time_mean,set_state_time_total,setup_model_time_mean,setup_model_time_total,setup_proc_time_mean,setup_proc_time_total,train_accuracy,train_loss,training_time_mean,training_time_total,validation_time_mean,validation_time_total,samples,num_workers,done,timesteps_total,episodes_total,training_iteration,neg_mean_loss,experiment_id,date,timestamp,time_this_iter_s,time_total_s,pid,hostname,node_ip,config,time_since_restore,timesteps_since_restore,iterations_since_restore,mean_throughput,atoms
0.00982527732849121,0.1786121368408203,0.005994105339050293,0.034820196579913705,0.06688275337219238,nan,0.0,0.15339083671569825,0.25349998474121094,2.111413269805908,-0.25349998474121094,nan,0.0,16.67513370513916,16.67513370513916,1.4967780113220215,1.4967780113220215,0.1378999948501587,4.319366876983643,nan,0.0,nan,0.0,60000,1,False,,,1,-2.111413269805908,dc90914d781247a0af33df53ca85b3bf,2019-05-30_14-08-19,1559250499,11.526553869247437,11.526553869247437,7698,steropes,169.229.49.254,"{'starting_lr': 0.0005, 'momentum': 0.95, 'weight_decay': 0.0005, 'steps_per_iteration': None, 'pin': False, 'model_creator': None, 'target_batch_size': 1024, 'model_string': 'resnet18', 'min_batch_size': 512, 'dataset': 'CIFAR', 'placement': None, 'use_nccl': True, 'devices_per_worker': 1, 'primary_resource': 'extra_gpu', 'gpu': False, 'verbose': False, 'lr_config': {'mode': 'log', 'steps': 5, 'initial_lr': 0.0005, 'target_lr': 0.0005}, 'batch_per_device': 1024}",11.526553869247437,0,1,5205.330481020082,1
0.00734250545501709,0.13056211471557616,0.006841921806335449,0.04916186235388931,0.026708579063415526,nan,0.0,0.04737632274627686,0.3422999978065491,1.792565163230896,-0.3422999978065491,nan,0.0,nan,0.0,nan,0.0,0.2848399877548218,1.950806554260254,nan,0.0,nan,0.0,60000,1,False,,,2,-1.792565163230896,dc90914d781247a0af33df53ca85b3bf,2019-05-30_14-08-28,1559250508,8.830889701843262,20.3574435710907,7698,steropes,169.229.49.254,"{'starting_lr': 0.0005, 'momentum': 0.95, 'weight_decay': 0.0005, 'steps_per_iteration': None, 'pin': False, 'model_creator': None, 'target_batch_size': 1024, 'model_string': 'resnet18', 'min_batch_size': 512, 'dataset': 'CIFAR', 'placement': None, 'use_nccl': True, 'devices_per_worker': 1, 'primary_resource': 'extra_gpu', 'gpu': False, 'verbose': False, 'lr_config': {'mode': 'log', 'steps': 5, 'initial_lr': 0.0005, 'target_lr': 0.0005}, 'batch_per_device': 1024}",20.3574435710907,0,2,5894.594952871779,1
0.007273340225219726,0.12357280254364014,0.0058171749114990234,0.0463072767063063,0.02462739944458008,nan,0.0,0.05199441909790039,0.38359999656677246,1.6684614612579345,-0.38359999656677246,nan,0.0,nan,0.0,nan,0.0,0.3427000045776367,1.7843459042739869,nan,0.0,nan,0.0,60000,1,False,,,3,-1.6684614612579345,dc90914d781247a0af33df53ca85b3bf,2019-05-30_14-08-37,1559250517,8.99862003326416,29.35606360435486,7698,steropes,169.229.49.254,"{'starting_lr': 0.0005, 'momentum': 0.95, 'weight_decay': 0.0005, 'steps_per_iteration': None, 'pin': False, 'model_creator': None, 'target_batch_size': 1024, 'model_string': 'resnet18', 'min_batch_size': 512, 'dataset': 'CIFAR', 'placement': None, 'use_nccl': True, 'devices_per_worker': 1, 'primary_resource': 'extra_gpu', 'gpu': False, 'verbose': False, 'lr_config': {'mode': 'log', 'steps': 5, 'initial_lr': 0.0005, 'target_lr': 0.0005}, 'batch_per_device': 1024}",29.35606360435486,0,3,6131.554262173898,1
0.00745844841003418,0.12211320400238038,0.0059939146041870115,0.037592221279533544,0.027016735076904295,nan,0.0,0.05025529861450195,0.4088999927043915,1.6063701063156128,-0.4088999927043915,nan,0.0,nan,0.0,nan,0.0,0.373339980840683,1.689769966506958,nan,0.0,nan,0.0,60000,1,False,,,4,-1.6063701063156128,dc90914d781247a0af33df53ca85b3bf,2019-05-30_14-08-46,1559250526,8.782310009002686,38.138373613357544,7698,steropes,169.229.49.254,"{'starting_lr': 0.0005, 'momentum': 0.95, 'weight_decay': 0.0005, 'steps_per_iteration': None, 'pin': False, 'model_creator': None, 'target_batch_size': 1024, 'model_string': 'resnet18', 'min_batch_size': 512, 'dataset': 'CIFAR', 'placement': None, 'use_nccl': True, 'devices_per_worker': 1, 'primary_resource': 'extra_gpu', 'gpu': False, 'verbose': False, 'lr_config': {'mode': 'log', 'steps': 5, 'initial_lr': 0.0005, 'target_lr': 0.0005}, 'batch_per_device': 1024}",38.138373613357544,0,4,6292.802148369577,1
0.007975292205810548,0.12684297561645508,0.006044149398803711,0.04003984587533133,0.02554597854614258,nan,0.0,0.04702451229095459,0.42989999055862427,1.5422260288238525,-0.42989999055862427,nan,0.0,nan,0.0,nan,0.0,0.40004000067710876,1.624572780342102,nan,0.0,nan,0.0,60000,1,False,,,5,-1.5422260288238525,dc90914d781247a0af33df53ca85b3bf,2019-05-30_14-08-55,1559250535,8.9455726146698,47.083946228027344,7698,steropes,169.229.49.254,"{'starting_lr': 0.0005, 'momentum': 0.95, 'weight_decay': 0.0005, 'steps_per_iteration': None, 'pin': False, 'model_creator': None, 'target_batch_size': 1024, 'model_string': 'resnet18', 'min_batch_size': 512, 'dataset': 'CIFAR', 'placement': None, 'use_nccl': True, 'devices_per_worker': 1, 'primary_resource': 'extra_gpu', 'gpu': False, 'verbose': False, 'lr_config': {'mode': 'log', 'steps': 5, 'initial_lr': 0.0005, 'target_lr': 0.0005}, 'batch_per_device': 1024}",47.083946228027344,0,5,6371.5270440782015,1
0.007514095306396485,0.11993880271911621,0.010519099235534669,0.0423198719413913,0.024806523323059083,nan,0.0,0.044863224029541016,0.446399986743927,1.4989775505065919,-0.446399986743927,nan,0.0,nan,0.0,nan,0.0,0.4176200032234192,1.5807473273849488,nan,0.0,nan,0.0,60000,1,False,,,6,-1.4989775505065919,dc90914d781247a0af33df53ca85b3bf,2019-05-30_14-09-03,1559250543,8.664926290512085,55.74887251853943,7698,steropes,169.229.49.254,"{'starting_lr': 0.0005, 'momentum': 0.95, 'weight_decay': 0.0005, 'steps_per_iteration': None, 'pin': False, 'model_creator': None, 'target_batch_size': 1024, 'model_string': 'resnet18', 'min_batch_size': 512, 'dataset': 'CIFAR', 'placement': None, 'use_nccl': True, 'devices_per_worker': 1, 'primary_resource': 'extra_gpu', 'gpu': False, 'verbose': False, 'lr_config': {'mode': 'log', 'steps': 5, 'initial_lr': 0.0005, 'target_lr': 0.0005}, 'batch_per_device': 1024}",55.74887251853943,0,6,6783.813590044167,1
0.007799983024597168,0.12621819972991943,0.0067262411117553714,0.04137888246653031,0.023593640327453612,nan,0.0,0.050759530067443846,0.45979997515678406,1.4651285932540894,-0.45979997515678406,nan,0.0,nan,0.0,nan,0.0,0.4320800006389618,1.542354264907837,nan,0.0,nan,0.0,60000,1,False,,,7,-1.4651285932540894,dc90914d781247a0af33df53ca85b3bf,2019-05-30_14-09-12,1559250552,8.693355321884155,64.44222784042358,7698,steropes,169.229.49.254,"{'starting_lr': 0.0005, 'momentum': 0.95, 'weight_decay': 0.0005, 'steps_per_iteration': None, 'pin': False, 'model_creator': None, 'target_batch_size': 1024, 'model_string': 'resnet18', 'min_batch_size': 512, 'dataset': 'CIFAR', 'placement': None, 'use_nccl': True, 'devices_per_worker': 1, 'primary_resource': 'extra_gpu', 'gpu': False, 'verbose': False, 'lr_config': {'mode': 'log', 'steps': 5, 'initial_lr': 0.0005, 'target_lr': 0.0005}, 'batch_per_device': 1024}",64.44222784042358,0,7,6804.978824053579,1
0.0071231603622436525,0.1361027956008911,0.006847453117370605,0.03554171931986906,0.030832624435424803,nan,0.0,0.051369094848632814,0.46480000019073486,1.442878942489624,-0.46480000019073486,nan,0.0,nan,0.0,nan,0.0,0.4490000009536743,1.5065969364547729,nan,0.0,nan,0.0,60000,1,False,,,8,-1.442878942489624,dc90914d781247a0af33df53ca85b3bf,2019-05-30_14-09-21,1559250561,8.663743019104004,73.10597085952759,7698,steropes,169.229.49.254,"{'starting_lr': 0.0005, 'momentum': 0.95, 'weight_decay': 0.0005, 'steps_per_iteration': None, 'pin': False, 'model_creator': None, 'target_batch_size': 1024, 'model_string': 'resnet18', 'min_batch_size': 512, 'dataset': 'CIFAR', 'placement': None, 'use_nccl': True, 'devices_per_worker': 1, 'primary_resource': 'extra_gpu', 'gpu': False, 'verbose': False, 'lr_config': {'mode': 'log', 'steps': 5, 'initial_lr': 0.0005, 'target_lr': 0.0005}, 'batch_per_device': 1024}",73.10597085952759,0,8,6857.065430561763,1
0.008269023895263673,0.1203376293182373,0.009203386306762696,0.04110335817142409,0.027179431915283204,nan,0.0,0.055005979537963864,0.47769999504089355,1.4133035354614258,-0.47769999504089355,nan,0.0,nan,0.0,nan,0.0,0.4596799910068512,1.4749263355255127,nan,0.0,nan,0.0,60000,1,False,,,9,-1.4133035354614258,dc90914d781247a0af33df53ca85b3bf,2019-05-30_14-09-30,1559250570,8.716767072677612,81.8227379322052,7698,steropes,169.229.49.254,"{'starting_lr': 0.0005, 'momentum': 0.95, 'weight_decay': 0.0005, 'steps_per_iteration': None, 'pin': False, 'model_creator': None, 'target_batch_size': 1024, 'model_string': 'resnet18', 'min_batch_size': 512, 'dataset': 'CIFAR', 'placement': None, 'use_nccl': True, 'devices_per_worker': 1, 'primary_resource': 'extra_gpu', 'gpu': False, 'verbose': False, 'lr_config': {'mode': 'log', 'steps': 5, 'initial_lr': 0.0005, 'target_lr': 0.0005}, 'batch_per_device': 1024}",81.8227379322052,0,9,6867.363845141134,1
0.00855691432952881,0.13120589256286622,0.005038738250732422,0.03460663678694745,0.02942514419555664,nan,0.0,0.06273324489593506,0.49079999327659607,1.3824758344650268,-0.49079999327659607,nan,0.0,nan,0.0,nan,0.0,0.4723999798297882,1.4410526638793946,nan,0.0,nan,0.0,60000,1,False,,,10,-1.3824758344650268,dc90914d781247a0af33df53ca85b3bf,2019-05-30_14-09-38,1559250578,8.505926609039307,90.3286645412445,7698,steropes,169.229.49.254,"{'starting_lr': 0.0005, 'momentum': 0.95, 'weight_decay': 0.0005, 'steps_per_iteration': None, 'pin': False, 'model_creator': None, 'target_batch_size': 1024, 'model_string': 'resnet18', 'min_batch_size': 512, 'dataset': 'CIFAR', 'placement': None, 'use_nccl': True, 'devices_per_worker': 1, 'primary_resource': 'extra_gpu', 'gpu': False, 'verbose': False, 'lr_config': {'mode': 'log', 'steps': 5, 'initial_lr': 0.0005, 'target_lr': 0.0005}, 'batch_per_device': 1024}",90.3286645412445,0,10,6937.179527065187,1
0.0071383237838745115,0.1382310390472412,0.007576131820678711,0.04351202322512257,0.03634932041168213,nan,0.0,0.06632432937622071,0.5006999969482422,1.3569744960784913,-0.5006999969482422,nan,0.0,nan,0.0,nan,0.0,0.47991999983787537,1.4207584479522706,nan,0.0,nan,0.0,60000,1,False,,,11,-1.3569744960784913,dc90914d781247a0af33df53ca85b3bf,2019-05-30_14-09-47,1559250587,8.855291366577148,99.18395590782166,7698,steropes,169.229.49.254,"{'starting_lr': 0.0005, 'momentum': 0.95, 'weight_decay': 0.0005, 'steps_per_iteration': None, 'pin': False, 'model_creator': None, 'target_batch_size': 1024, 'model_string': 'resnet18', 'min_batch_size': 512, 'dataset': 'CIFAR', 'placement': None, 'use_nccl': True, 'devices_per_worker': 1, 'primary_resource': 'extra_gpu', 'gpu': False, 'verbose': False, 'lr_config': {'mode': 'log', 'steps': 5, 'initial_lr': 0.0005, 'target_lr': 0.0005}, 'batch_per_device': 1024}",99.18395590782166,0,11,6906.787386349468,1
0.00893728733062744,0.12105653285980225,0.0053364276885986325,0.04414567655446578,0.021175312995910644,nan,0.0,0.04324510097503662,0.5155999660491943,1.3285566606521606,-0.5155999660491943,nan,0.0,nan,0.0,nan,0.0,0.49417999386787415,1.3889055001831054,nan,0.0,nan,0.0,60000,1,True,,,12,-1.3285566606521606,dc90914d781247a0af33df53ca85b3bf,2019-05-30_14-09-54,1559250594,7.410379648208618,106.59433555603027,7698,steropes,169.229.49.254,"{'starting_lr': 0.0005, 'momentum': 0.95, 'weight_decay': 0.0005, 'steps_per_iteration': None, 'pin': False, 'model_creator': None, 'target_batch_size': 1024, 'model_string': 'resnet18', 'min_batch_size': 512, 'dataset': 'CIFAR', 'placement': None, 'use_nccl': True, 'devices_per_worker': 1, 'primary_resource': 'extra_gpu', 'gpu': False, 'verbose': False, 'lr_config': {'mode': 'log', 'steps': 5, 'initial_lr': 0.0005, 'target_lr': 0.0005}, 'batch_per_device': 1024}",106.59433555603027,0,12,7117.0051464570615,1
