{"apply": 0.00982527732849121, "batch_time": 0.1786121368408203, "d2h": 0.005994105339050293, "data_time": 0.034820196579913705, "fwd": 0.06688275337219238, "get_state_time_mean": NaN, "get_state_time_total": 0.0, "grad": 0.15339083671569825, "mean_accuracy": 0.25349998474121094, "mean_loss": 2.111413269805908, "neg_mean_accuracy": -0.25349998474121094, "set_state_time_mean": NaN, "set_state_time_total": 0.0, "setup_model_time_mean": 16.67513370513916, "setup_model_time_total": 16.67513370513916, "setup_proc_time_mean": 1.4967780113220215, "setup_proc_time_total": 1.4967780113220215, "train_accuracy": 0.1378999948501587, "train_loss": 4.319366876983643, "training_time_mean": NaN, "training_time_total": 0.0, "validation_time_mean": NaN, "validation_time_total": 0.0, "samples": 60000, "num_workers": 1, "done": false, "timesteps_total": null, "episodes_total": null, "training_iteration": 1, "neg_mean_loss": -2.111413269805908, "experiment_id": "dc90914d781247a0af33df53ca85b3bf", "date": "2019-05-30_14-08-19", "timestamp": 1559250499, "time_this_iter_s": 11.526553869247437, "time_total_s": 11.526553869247437, "pid": 7698, "hostname": "steropes", "node_ip": "169.229.49.254", "config": {"starting_lr": 0.0005, "momentum": 0.95, "weight_decay": 0.0005, "steps_per_iteration": null, "pin": false, "model_creator": null, "target_batch_size": 1024, "model_string": "resnet18", "min_batch_size": 512, "dataset": "CIFAR", "placement": null, "use_nccl": true, "devices_per_worker": 1, "primary_resource": "extra_gpu", "gpu": false, "verbose": false, "lr_config": {"mode": "log", "steps": 5, "initial_lr": 0.0005, "target_lr": 0.0005}, "batch_per_device": 1024}, "time_since_restore": 11.526553869247437, "timesteps_since_restore": 0, "iterations_since_restore": 1, "mean_throughput": 5205.330481020082, "atoms": 1}
{"apply": 0.00734250545501709, "batch_time": 0.13056211471557616, "d2h": 0.006841921806335449, "data_time": 0.04916186235388931, "fwd": 0.026708579063415526, "get_state_time_mean": NaN, "get_state_time_total": 0.0, "grad": 0.04737632274627686, "mean_accuracy": 0.3422999978065491, "mean_loss": 1.792565163230896, "neg_mean_accuracy": -0.3422999978065491, "set_state_time_mean": NaN, "set_state_time_total": 0.0, "setup_model_time_mean": NaN, "setup_model_time_total": 0.0, "setup_proc_time_mean": NaN, "setup_proc_time_total": 0.0, "train_accuracy": 0.2848399877548218, "train_loss": 1.950806554260254, "training_time_mean": NaN, "training_time_total": 0.0, "validation_time_mean": NaN, "validation_time_total": 0.0, "samples": 60000, "num_workers": 1, "done": false, "timesteps_total": null, "episodes_total": null, "training_iteration": 2, "neg_mean_loss": -1.792565163230896, "experiment_id": "dc90914d781247a0af33df53ca85b3bf", "date": "2019-05-30_14-08-28", "timestamp": 1559250508, "time_this_iter_s": 8.830889701843262, "time_total_s": 20.3574435710907, "pid": 7698, "hostname": "steropes", "node_ip": "169.229.49.254", "config": {"starting_lr": 0.0005, "momentum": 0.95, "weight_decay": 0.0005, "steps_per_iteration": null, "pin": false, "model_creator": null, "target_batch_size": 1024, "model_string": "resnet18", "min_batch_size": 512, "dataset": "CIFAR", "placement": null, "use_nccl": true, "devices_per_worker": 1, "primary_resource": "extra_gpu", "gpu": false, "verbose": false, "lr_config": {"mode": "log", "steps": 5, "initial_lr": 0.0005, "target_lr": 0.0005}, "batch_per_device": 1024}, "time_since_restore": 20.3574435710907, "timesteps_since_restore": 0, "iterations_since_restore": 2, "mean_throughput": 5894.594952871779, "atoms": 1}
{"apply": 0.007273340225219726, "batch_time": 0.12357280254364014, "d2h": 0.0058171749114990234, "data_time": 0.0463072767063063, "fwd": 0.02462739944458008, "get_state_time_mean": NaN, "get_state_time_total": 0.0, "grad": 0.05199441909790039, "mean_accuracy": 0.38359999656677246, "mean_loss": 1.6684614612579345, "neg_mean_accuracy": -0.38359999656677246, "set_state_time_mean": NaN, "set_state_time_total": 0.0, "setup_model_time_mean": NaN, "setup_model_time_total": 0.0, "setup_proc_time_mean": NaN, "setup_proc_time_total": 0.0, "train_accuracy": 0.3427000045776367, "train_loss": 1.7843459042739869, "training_time_mean": NaN, "training_time_total": 0.0, "validation_time_mean": NaN, "validation_time_total": 0.0, "samples": 60000, "num_workers": 1, "done": false, "timesteps_total": null, "episodes_total": null, "training_iteration": 3, "neg_mean_loss": -1.6684614612579345, "experiment_id": "dc90914d781247a0af33df53ca85b3bf", "date": "2019-05-30_14-08-37", "timestamp": 1559250517, "time_this_iter_s": 8.99862003326416, "time_total_s": 29.35606360435486, "pid": 7698, "hostname": "steropes", "node_ip": "169.229.49.254", "config": {"starting_lr": 0.0005, "momentum": 0.95, "weight_decay": 0.0005, "steps_per_iteration": null, "pin": false, "model_creator": null, "target_batch_size": 1024, "model_string": "resnet18", "min_batch_size": 512, "dataset": "CIFAR", "placement": null, "use_nccl": true, "devices_per_worker": 1, "primary_resource": "extra_gpu", "gpu": false, "verbose": false, "lr_config": {"mode": "log", "steps": 5, "initial_lr": 0.0005, "target_lr": 0.0005}, "batch_per_device": 1024}, "time_since_restore": 29.35606360435486, "timesteps_since_restore": 0, "iterations_since_restore": 3, "mean_throughput": 6131.554262173898, "atoms": 1}
{"apply": 0.00745844841003418, "batch_time": 0.12211320400238038, "d2h": 0.0059939146041870115, "data_time": 0.037592221279533544, "fwd": 0.027016735076904295, "get_state_time_mean": NaN, "get_state_time_total": 0.0, "grad": 0.05025529861450195, "mean_accuracy": 0.4088999927043915, "mean_loss": 1.6063701063156128, "neg_mean_accuracy": -0.4088999927043915, "set_state_time_mean": NaN, "set_state_time_total": 0.0, "setup_model_time_mean": NaN, "setup_model_time_total": 0.0, "setup_proc_time_mean": NaN, "setup_proc_time_total": 0.0, "train_accuracy": 0.373339980840683, "train_loss": 1.689769966506958, "training_time_mean": NaN, "training_time_total": 0.0, "validation_time_mean": NaN, "validation_time_total": 0.0, "samples": 60000, "num_workers": 1, "done": false, "timesteps_total": null, "episodes_total": null, "training_iteration": 4, "neg_mean_loss": -1.6063701063156128, "experiment_id": "dc90914d781247a0af33df53ca85b3bf", "date": "2019-05-30_14-08-46", "timestamp": 1559250526, "time_this_iter_s": 8.782310009002686, "time_total_s": 38.138373613357544, "pid": 7698, "hostname": "steropes", "node_ip": "169.229.49.254", "config": {"starting_lr": 0.0005, "momentum": 0.95, "weight_decay": 0.0005, "steps_per_iteration": null, "pin": false, "model_creator": null, "target_batch_size": 1024, "model_string": "resnet18", "min_batch_size": 512, "dataset": "CIFAR", "placement": null, "use_nccl": true, "devices_per_worker": 1, "primary_resource": "extra_gpu", "gpu": false, "verbose": false, "lr_config": {"mode": "log", "steps": 5, "initial_lr": 0.0005, "target_lr": 0.0005}, "batch_per_device": 1024}, "time_since_restore": 38.138373613357544, "timesteps_since_restore": 0, "iterations_since_restore": 4, "mean_throughput": 6292.802148369577, "atoms": 1}
{"apply": 0.007975292205810548, "batch_time": 0.12684297561645508, "d2h": 0.006044149398803711, "data_time": 0.04003984587533133, "fwd": 0.02554597854614258, "get_state_time_mean": NaN, "get_state_time_total": 0.0, "grad": 0.04702451229095459, "mean_accuracy": 0.42989999055862427, "mean_loss": 1.5422260288238525, "neg_mean_accuracy": -0.42989999055862427, "set_state_time_mean": NaN, "set_state_time_total": 0.0, "setup_model_time_mean": NaN, "setup_model_time_total": 0.0, "setup_proc_time_mean": NaN, "setup_proc_time_total": 0.0, "train_accuracy": 0.40004000067710876, "train_loss": 1.624572780342102, "training_time_mean": NaN, "training_time_total": 0.0, "validation_time_mean": NaN, "validation_time_total": 0.0, "samples": 60000, "num_workers": 1, "done": false, "timesteps_total": null, "episodes_total": null, "training_iteration": 5, "neg_mean_loss": -1.5422260288238525, "experiment_id": "dc90914d781247a0af33df53ca85b3bf", "date": "2019-05-30_14-08-55", "timestamp": 1559250535, "time_this_iter_s": 8.9455726146698, "time_total_s": 47.083946228027344, "pid": 7698, "hostname": "steropes", "node_ip": "169.229.49.254", "config": {"starting_lr": 0.0005, "momentum": 0.95, "weight_decay": 0.0005, "steps_per_iteration": null, "pin": false, "model_creator": null, "target_batch_size": 1024, "model_string": "resnet18", "min_batch_size": 512, "dataset": "CIFAR", "placement": null, "use_nccl": true, "devices_per_worker": 1, "primary_resource": "extra_gpu", "gpu": false, "verbose": false, "lr_config": {"mode": "log", "steps": 5, "initial_lr": 0.0005, "target_lr": 0.0005}, "batch_per_device": 1024}, "time_since_restore": 47.083946228027344, "timesteps_since_restore": 0, "iterations_since_restore": 5, "mean_throughput": 6371.5270440782015, "atoms": 1}
{"apply": 0.007514095306396485, "batch_time": 0.11993880271911621, "d2h": 0.010519099235534669, "data_time": 0.0423198719413913, "fwd": 0.024806523323059083, "get_state_time_mean": NaN, "get_state_time_total": 0.0, "grad": 0.044863224029541016, "mean_accuracy": 0.446399986743927, "mean_loss": 1.4989775505065919, "neg_mean_accuracy": -0.446399986743927, "set_state_time_mean": NaN, "set_state_time_total": 0.0, "setup_model_time_mean": NaN, "setup_model_time_total": 0.0, "setup_proc_time_mean": NaN, "setup_proc_time_total": 0.0, "train_accuracy": 0.4176200032234192, "train_loss": 1.5807473273849488, "training_time_mean": NaN, "training_time_total": 0.0, "validation_time_mean": NaN, "validation_time_total": 0.0, "samples": 60000, "num_workers": 1, "done": false, "timesteps_total": null, "episodes_total": null, "training_iteration": 6, "neg_mean_loss": -1.4989775505065919, "experiment_id": "dc90914d781247a0af33df53ca85b3bf", "date": "2019-05-30_14-09-03", "timestamp": 1559250543, "time_this_iter_s": 8.664926290512085, "time_total_s": 55.74887251853943, "pid": 7698, "hostname": "steropes", "node_ip": "169.229.49.254", "config": {"starting_lr": 0.0005, "momentum": 0.95, "weight_decay": 0.0005, "steps_per_iteration": null, "pin": false, "model_creator": null, "target_batch_size": 1024, "model_string": "resnet18", "min_batch_size": 512, "dataset": "CIFAR", "placement": null, "use_nccl": true, "devices_per_worker": 1, "primary_resource": "extra_gpu", "gpu": false, "verbose": false, "lr_config": {"mode": "log", "steps": 5, "initial_lr": 0.0005, "target_lr": 0.0005}, "batch_per_device": 1024}, "time_since_restore": 55.74887251853943, "timesteps_since_restore": 0, "iterations_since_restore": 6, "mean_throughput": 6783.813590044167, "atoms": 1}
{"apply": 0.007799983024597168, "batch_time": 0.12621819972991943, "d2h": 0.0067262411117553714, "data_time": 0.04137888246653031, "fwd": 0.023593640327453612, "get_state_time_mean": NaN, "get_state_time_total": 0.0, "grad": 0.050759530067443846, "mean_accuracy": 0.45979997515678406, "mean_loss": 1.4651285932540894, "neg_mean_accuracy": -0.45979997515678406, "set_state_time_mean": NaN, "set_state_time_total": 0.0, "setup_model_time_mean": NaN, "setup_model_time_total": 0.0, "setup_proc_time_mean": NaN, "setup_proc_time_total": 0.0, "train_accuracy": 0.4320800006389618, "train_loss": 1.542354264907837, "training_time_mean": NaN, "training_time_total": 0.0, "validation_time_mean": NaN, "validation_time_total": 0.0, "samples": 60000, "num_workers": 1, "done": false, "timesteps_total": null, "episodes_total": null, "training_iteration": 7, "neg_mean_loss": -1.4651285932540894, "experiment_id": "dc90914d781247a0af33df53ca85b3bf", "date": "2019-05-30_14-09-12", "timestamp": 1559250552, "time_this_iter_s": 8.693355321884155, "time_total_s": 64.44222784042358, "pid": 7698, "hostname": "steropes", "node_ip": "169.229.49.254", "config": {"starting_lr": 0.0005, "momentum": 0.95, "weight_decay": 0.0005, "steps_per_iteration": null, "pin": false, "model_creator": null, "target_batch_size": 1024, "model_string": "resnet18", "min_batch_size": 512, "dataset": "CIFAR", "placement": null, "use_nccl": true, "devices_per_worker": 1, "primary_resource": "extra_gpu", "gpu": false, "verbose": false, "lr_config": {"mode": "log", "steps": 5, "initial_lr": 0.0005, "target_lr": 0.0005}, "batch_per_device": 1024}, "time_since_restore": 64.44222784042358, "timesteps_since_restore": 0, "iterations_since_restore": 7, "mean_throughput": 6804.978824053579, "atoms": 1}
{"apply": 0.0071231603622436525, "batch_time": 0.1361027956008911, "d2h": 0.006847453117370605, "data_time": 0.03554171931986906, "fwd": 0.030832624435424803, "get_state_time_mean": NaN, "get_state_time_total": 0.0, "grad": 0.051369094848632814, "mean_accuracy": 0.46480000019073486, "mean_loss": 1.442878942489624, "neg_mean_accuracy": -0.46480000019073486, "set_state_time_mean": NaN, "set_state_time_total": 0.0, "setup_model_time_mean": NaN, "setup_model_time_total": 0.0, "setup_proc_time_mean": NaN, "setup_proc_time_total": 0.0, "train_accuracy": 0.4490000009536743, "train_loss": 1.5065969364547729, "training_time_mean": NaN, "training_time_total": 0.0, "validation_time_mean": NaN, "validation_time_total": 0.0, "samples": 60000, "num_workers": 1, "done": false, "timesteps_total": null, "episodes_total": null, "training_iteration": 8, "neg_mean_loss": -1.442878942489624, "experiment_id": "dc90914d781247a0af33df53ca85b3bf", "date": "2019-05-30_14-09-21", "timestamp": 1559250561, "time_this_iter_s": 8.663743019104004, "time_total_s": 73.10597085952759, "pid": 7698, "hostname": "steropes", "node_ip": "169.229.49.254", "config": {"starting_lr": 0.0005, "momentum": 0.95, "weight_decay": 0.0005, "steps_per_iteration": null, "pin": false, "model_creator": null, "target_batch_size": 1024, "model_string": "resnet18", "min_batch_size": 512, "dataset": "CIFAR", "placement": null, "use_nccl": true, "devices_per_worker": 1, "primary_resource": "extra_gpu", "gpu": false, "verbose": false, "lr_config": {"mode": "log", "steps": 5, "initial_lr": 0.0005, "target_lr": 0.0005}, "batch_per_device": 1024}, "time_since_restore": 73.10597085952759, "timesteps_since_restore": 0, "iterations_since_restore": 8, "mean_throughput": 6857.065430561763, "atoms": 1}
{"apply": 0.008269023895263673, "batch_time": 0.1203376293182373, "d2h": 0.009203386306762696, "data_time": 0.04110335817142409, "fwd": 0.027179431915283204, "get_state_time_mean": NaN, "get_state_time_total": 0.0, "grad": 0.055005979537963864, "mean_accuracy": 0.47769999504089355, "mean_loss": 1.4133035354614258, "neg_mean_accuracy": -0.47769999504089355, "set_state_time_mean": NaN, "set_state_time_total": 0.0, "setup_model_time_mean": NaN, "setup_model_time_total": 0.0, "setup_proc_time_mean": NaN, "setup_proc_time_total": 0.0, "train_accuracy": 0.4596799910068512, "train_loss": 1.4749263355255127, "training_time_mean": NaN, "training_time_total": 0.0, "validation_time_mean": NaN, "validation_time_total": 0.0, "samples": 60000, "num_workers": 1, "done": false, "timesteps_total": null, "episodes_total": null, "training_iteration": 9, "neg_mean_loss": -1.4133035354614258, "experiment_id": "dc90914d781247a0af33df53ca85b3bf", "date": "2019-05-30_14-09-30", "timestamp": 1559250570, "time_this_iter_s": 8.716767072677612, "time_total_s": 81.8227379322052, "pid": 7698, "hostname": "steropes", "node_ip": "169.229.49.254", "config": {"starting_lr": 0.0005, "momentum": 0.95, "weight_decay": 0.0005, "steps_per_iteration": null, "pin": false, "model_creator": null, "target_batch_size": 1024, "model_string": "resnet18", "min_batch_size": 512, "dataset": "CIFAR", "placement": null, "use_nccl": true, "devices_per_worker": 1, "primary_resource": "extra_gpu", "gpu": false, "verbose": false, "lr_config": {"mode": "log", "steps": 5, "initial_lr": 0.0005, "target_lr": 0.0005}, "batch_per_device": 1024}, "time_since_restore": 81.8227379322052, "timesteps_since_restore": 0, "iterations_since_restore": 9, "mean_throughput": 6867.363845141134, "atoms": 1}
{"apply": 0.00855691432952881, "batch_time": 0.13120589256286622, "d2h": 0.005038738250732422, "data_time": 0.03460663678694745, "fwd": 0.02942514419555664, "get_state_time_mean": NaN, "get_state_time_total": 0.0, "grad": 0.06273324489593506, "mean_accuracy": 0.49079999327659607, "mean_loss": 1.3824758344650268, "neg_mean_accuracy": -0.49079999327659607, "set_state_time_mean": NaN, "set_state_time_total": 0.0, "setup_model_time_mean": NaN, "setup_model_time_total": 0.0, "setup_proc_time_mean": NaN, "setup_proc_time_total": 0.0, "train_accuracy": 0.4723999798297882, "train_loss": 1.4410526638793946, "training_time_mean": NaN, "training_time_total": 0.0, "validation_time_mean": NaN, "validation_time_total": 0.0, "samples": 60000, "num_workers": 1, "done": false, "timesteps_total": null, "episodes_total": null, "training_iteration": 10, "neg_mean_loss": -1.3824758344650268, "experiment_id": "dc90914d781247a0af33df53ca85b3bf", "date": "2019-05-30_14-09-38", "timestamp": 1559250578, "time_this_iter_s": 8.505926609039307, "time_total_s": 90.3286645412445, "pid": 7698, "hostname": "steropes", "node_ip": "169.229.49.254", "config": {"starting_lr": 0.0005, "momentum": 0.95, "weight_decay": 0.0005, "steps_per_iteration": null, "pin": false, "model_creator": null, "target_batch_size": 1024, "model_string": "resnet18", "min_batch_size": 512, "dataset": "CIFAR", "placement": null, "use_nccl": true, "devices_per_worker": 1, "primary_resource": "extra_gpu", "gpu": false, "verbose": false, "lr_config": {"mode": "log", "steps": 5, "initial_lr": 0.0005, "target_lr": 0.0005}, "batch_per_device": 1024}, "time_since_restore": 90.3286645412445, "timesteps_since_restore": 0, "iterations_since_restore": 10, "mean_throughput": 6937.179527065187, "atoms": 1}
{"apply": 0.0071383237838745115, "batch_time": 0.1382310390472412, "d2h": 0.007576131820678711, "data_time": 0.04351202322512257, "fwd": 0.03634932041168213, "get_state_time_mean": NaN, "get_state_time_total": 0.0, "grad": 0.06632432937622071, "mean_accuracy": 0.5006999969482422, "mean_loss": 1.3569744960784913, "neg_mean_accuracy": -0.5006999969482422, "set_state_time_mean": NaN, "set_state_time_total": 0.0, "setup_model_time_mean": NaN, "setup_model_time_total": 0.0, "setup_proc_time_mean": NaN, "setup_proc_time_total": 0.0, "train_accuracy": 0.47991999983787537, "train_loss": 1.4207584479522706, "training_time_mean": NaN, "training_time_total": 0.0, "validation_time_mean": NaN, "validation_time_total": 0.0, "samples": 60000, "num_workers": 1, "done": false, "timesteps_total": null, "episodes_total": null, "training_iteration": 11, "neg_mean_loss": -1.3569744960784913, "experiment_id": "dc90914d781247a0af33df53ca85b3bf", "date": "2019-05-30_14-09-47", "timestamp": 1559250587, "time_this_iter_s": 8.855291366577148, "time_total_s": 99.18395590782166, "pid": 7698, "hostname": "steropes", "node_ip": "169.229.49.254", "config": {"starting_lr": 0.0005, "momentum": 0.95, "weight_decay": 0.0005, "steps_per_iteration": null, "pin": false, "model_creator": null, "target_batch_size": 1024, "model_string": "resnet18", "min_batch_size": 512, "dataset": "CIFAR", "placement": null, "use_nccl": true, "devices_per_worker": 1, "primary_resource": "extra_gpu", "gpu": false, "verbose": false, "lr_config": {"mode": "log", "steps": 5, "initial_lr": 0.0005, "target_lr": 0.0005}, "batch_per_device": 1024}, "time_since_restore": 99.18395590782166, "timesteps_since_restore": 0, "iterations_since_restore": 11, "mean_throughput": 6906.787386349468, "atoms": 1}
{"apply": 0.00893728733062744, "batch_time": 0.12105653285980225, "d2h": 0.0053364276885986325, "data_time": 0.04414567655446578, "fwd": 0.021175312995910644, "get_state_time_mean": NaN, "get_state_time_total": 0.0, "grad": 0.04324510097503662, "mean_accuracy": 0.5155999660491943, "mean_loss": 1.3285566606521606, "neg_mean_accuracy": -0.5155999660491943, "set_state_time_mean": NaN, "set_state_time_total": 0.0, "setup_model_time_mean": NaN, "setup_model_time_total": 0.0, "setup_proc_time_mean": NaN, "setup_proc_time_total": 0.0, "train_accuracy": 0.49417999386787415, "train_loss": 1.3889055001831054, "training_time_mean": NaN, "training_time_total": 0.0, "validation_time_mean": NaN, "validation_time_total": 0.0, "samples": 60000, "num_workers": 1, "done": true, "timesteps_total": null, "episodes_total": null, "training_iteration": 12, "neg_mean_loss": -1.3285566606521606, "experiment_id": "dc90914d781247a0af33df53ca85b3bf", "date": "2019-05-30_14-09-54", "timestamp": 1559250594, "time_this_iter_s": 7.410379648208618, "time_total_s": 106.59433555603027, "pid": 7698, "hostname": "steropes", "node_ip": "169.229.49.254", "config": {"starting_lr": 0.0005, "momentum": 0.95, "weight_decay": 0.0005, "steps_per_iteration": null, "pin": false, "model_creator": null, "target_batch_size": 1024, "model_string": "resnet18", "min_batch_size": 512, "dataset": "CIFAR", "placement": null, "use_nccl": true, "devices_per_worker": 1, "primary_resource": "extra_gpu", "gpu": false, "verbose": false, "lr_config": {"mode": "log", "steps": 5, "initial_lr": 0.0005, "target_lr": 0.0005}, "batch_per_device": 1024}, "time_since_restore": 106.59433555603027, "timesteps_since_restore": 0, "iterations_since_restore": 12, "mean_throughput": 7117.0051464570615, "atoms": 1}
