{"apply": 0.01811821460723877, "batch_time": 0.04484330853329429, "d2h": 0.0006847381591796875, "data_time": 0.0018193685185269018, "fwd": 0.1187028169631958, "get_state_time_mean": NaN, "get_state_time_total": 0.0, "grad": 0.16763148307800294, "mean_accuracy": 0.36569997668266296, "mean_loss": 1.9770141185760497, "neg_mean_accuracy": -0.36569997668266296, "set_state_time_mean": NaN, "set_state_time_total": 0.0, "setup_model_time_mean": 8.705650568008423, "setup_model_time_total": 8.705650568008423, "setup_proc_time_mean": 0.4420645236968994, "setup_proc_time_total": 0.4420645236968994, "train_accuracy": 0.26743999123573303, "train_loss": 2.2801876685333253, "training_time_mean": NaN, "training_time_total": 0.0, "val_accuracy": 0.36569997668266296, "val_loss": 1.9770141185760497, "validation_time_mean": NaN, "validation_time_total": 0.0, "samples": 60000, "num_workers": 1, "done": false, "timesteps_total": null, "episodes_total": null, "training_iteration": 1, "neg_mean_loss": -1.9770141185760497, "experiment_id": "2d3a5e2dd13641c394b07ba261904ef0", "date": "2019-06-02_20-39-39", "timestamp": 1559533179, "time_this_iter_s": 46.81352353096008, "time_total_s": 46.81352353096008, "pid": 9865, "hostname": "steropes", "node_ip": "169.229.49.254", "config": {"starting_lr": 0.005, "momentum": 0.9, "weight_decay": 0.001, "steps_per_iteration": null, "pin": false, "model_creator": null, "target_batch_size": 128, "model_string": "resnet50", "min_batch_size": 128, "dataset": "CIFAR", "placement": null, "use_nccl": true, "devices_per_worker": 1, "primary_resource": "extra_gpu", "gpu": false, "verbose": false, "lr_config": {"mode": "log", "steps": 5, "initial_lr": 0.005, "target_lr": 0.005}, "batch_per_device": 128}, "time_since_restore": 46.81352353096008, "timesteps_since_restore": 0, "iterations_since_restore": 1, "mean_throughput": 1281.6770576893316, "atoms": 1, "setup_time": 9.265983819961548}
{"apply": 0.01968855857849121, "batch_time": 0.032525083686732036, "d2h": 0.0006984949111938476, "data_time": 0.001649060822508829, "fwd": 0.029363369941711424, "get_state_time_mean": NaN, "get_state_time_total": 0.0, "grad": 0.051507878303527835, "mean_accuracy": 0.4109499752521515, "mean_loss": 1.7935608695983887, "neg_mean_accuracy": -0.45619997382164, "set_state_time_mean": NaN, "set_state_time_total": 0.0, "setup_model_time_mean": NaN, "setup_model_time_total": 0.0, "setup_proc_time_mean": NaN, "setup_proc_time_total": 0.0, "train_accuracy": 0.3841799795627594, "train_loss": 1.793176093788147, "training_time_mean": NaN, "training_time_total": 0.0, "val_accuracy": 0.45619997382164, "val_loss": 1.6101076206207274, "validation_time_mean": NaN, "validation_time_total": 0.0, "samples": 60000, "num_workers": 1, "done": false, "timesteps_total": null, "episodes_total": null, "training_iteration": 2, "neg_mean_loss": -1.7935608695983887, "experiment_id": "2d3a5e2dd13641c394b07ba261904ef0", "date": "2019-06-02_20-40-21", "timestamp": 1559533221, "time_this_iter_s": 42.529367446899414, "time_total_s": 89.3428909778595, "pid": 9865, "hostname": "steropes", "node_ip": "169.229.49.254", "config": {"starting_lr": 0.005, "momentum": 0.9, "weight_decay": 0.001, "steps_per_iteration": null, "pin": false, "model_creator": null, "target_batch_size": 128, "model_string": "resnet50", "min_batch_size": 128, "dataset": "CIFAR", "placement": null, "use_nccl": true, "devices_per_worker": 1, "primary_resource": "extra_gpu", "gpu": false, "verbose": false, "lr_config": {"mode": "log", "steps": 5, "initial_lr": 0.005, "target_lr": 0.005}, "batch_per_device": 128}, "time_since_restore": 89.3428909778595, "timesteps_since_restore": 0, "iterations_since_restore": 2, "mean_throughput": 1343.1366090550466, "atoms": 1, "setup_time": 9.265983819961548}
{"apply": 0.018482613563537597, "batch_time": 0.03185765652716914, "d2h": 0.0006980180740356445, "data_time": 0.001658498173784417, "fwd": 0.028916358947753906, "get_state_time_mean": NaN, "get_state_time_total": 0.0, "grad": 0.05425682067871094, "mean_accuracy": 0.4321999748547872, "mean_loss": 1.7619134036382038, "neg_mean_accuracy": -0.4746999740600586, "set_state_time_mean": NaN, "set_state_time_total": 0.0, "setup_model_time_mean": NaN, "setup_model_time_total": 0.0, "setup_proc_time_mean": NaN, "setup_proc_time_total": 0.0, "train_accuracy": 0.4375999867916107, "train_loss": 1.6130044094848632, "training_time_mean": NaN, "training_time_total": 0.0, "val_accuracy": 0.4746999740600586, "val_loss": 1.6986184717178345, "validation_time_mean": NaN, "validation_time_total": 0.0, "samples": 60000, "num_workers": 1, "done": false, "timesteps_total": null, "episodes_total": null, "training_iteration": 3, "neg_mean_loss": -1.7619134036382038, "experiment_id": "2d3a5e2dd13641c394b07ba261904ef0", "date": "2019-06-02_20-41-03", "timestamp": 1559533263, "time_this_iter_s": 42.142919301986694, "time_total_s": 131.4858102798462, "pid": 9865, "hostname": "steropes", "node_ip": "169.229.49.254", "config": {"starting_lr": 0.005, "momentum": 0.9, "weight_decay": 0.001, "steps_per_iteration": null, "pin": false, "model_creator": null, "target_batch_size": 128, "model_string": "resnet50", "min_batch_size": 128, "dataset": "CIFAR", "placement": null, "use_nccl": true, "devices_per_worker": 1, "primary_resource": "extra_gpu", "gpu": false, "verbose": false, "lr_config": {"mode": "log", "steps": 5, "initial_lr": 0.005, "target_lr": 0.005}, "batch_per_device": 128}, "time_since_restore": 131.4858102798462, "timesteps_since_restore": 0, "iterations_since_restore": 3, "mean_throughput": 1368.9659578824771, "atoms": 1, "setup_time": 9.265983819961548}
{"apply": 0.01992924213409424, "batch_time": 0.03444682193707816, "d2h": 0.0007142066955566406, "data_time": 0.0016663647673623946, "fwd": 0.03014712333679199, "get_state_time_mean": NaN, "get_state_time_total": 0.0, "grad": 0.05401735305786133, "mean_accuracy": 0.4501999765634537, "mean_loss": 1.8464388857364655, "neg_mean_accuracy": -0.5041999816894531, "set_state_time_mean": NaN, "set_state_time_total": 0.0, "setup_model_time_mean": NaN, "setup_model_time_total": 0.0, "setup_proc_time_mean": NaN, "setup_proc_time_total": 0.0, "train_accuracy": 0.4677799940109253, "train_loss": 1.5203197833633424, "training_time_mean": NaN, "training_time_total": 0.0, "val_accuracy": 0.5041999816894531, "val_loss": 2.10001533203125, "validation_time_mean": NaN, "validation_time_total": 0.0, "samples": 60000, "num_workers": 1, "done": false, "timesteps_total": null, "episodes_total": null, "training_iteration": 4, "neg_mean_loss": -1.8464388857364655, "experiment_id": "2d3a5e2dd13641c394b07ba261904ef0", "date": "2019-06-02_20-41-46", "timestamp": 1559533306, "time_this_iter_s": 42.82398080825806, "time_total_s": 174.30979108810425, "pid": 9865, "hostname": "steropes", "node_ip": "169.229.49.254", "config": {"starting_lr": 0.005, "momentum": 0.9, "weight_decay": 0.001, "steps_per_iteration": null, "pin": false, "model_creator": null, "target_batch_size": 128, "model_string": "resnet50", "min_batch_size": 128, "dataset": "CIFAR", "placement": null, "use_nccl": true, "devices_per_worker": 1, "primary_resource": "extra_gpu", "gpu": false, "verbose": false, "lr_config": {"mode": "log", "steps": 5, "initial_lr": 0.005, "target_lr": 0.005}, "batch_per_device": 128}, "time_since_restore": 174.30979108810425, "timesteps_since_restore": 0, "iterations_since_restore": 4, "mean_throughput": 1376.8560335905215, "atoms": 1, "setup_time": 9.265983819961548}
{"apply": 0.024721670150756835, "batch_time": 0.032940113091770605, "d2h": 0.0006791114807128906, "data_time": 0.001674205140994333, "fwd": 0.03235785961151123, "get_state_time_mean": NaN, "get_state_time_total": 0.0, "grad": 0.051775670051574706, "mean_accuracy": 0.4566199779510498, "mean_loss": 1.8302726651763916, "neg_mean_accuracy": -0.4822999835014343, "set_state_time_mean": NaN, "set_state_time_total": 0.0, "setup_model_time_mean": NaN, "setup_model_time_total": 0.0, "setup_proc_time_mean": NaN, "setup_proc_time_total": 0.0, "train_accuracy": 0.4882799983024597, "train_loss": 1.4729784363174439, "training_time_mean": NaN, "training_time_total": 0.0, "val_accuracy": 0.4822999835014343, "val_loss": 1.765607782936096, "validation_time_mean": NaN, "validation_time_total": 0.0, "samples": 60000, "num_workers": 1, "done": false, "timesteps_total": null, "episodes_total": null, "training_iteration": 5, "neg_mean_loss": -1.8302726651763916, "experiment_id": "2d3a5e2dd13641c394b07ba261904ef0", "date": "2019-06-02_20-42-28", "timestamp": 1559533348, "time_this_iter_s": 42.306501626968384, "time_total_s": 216.61629271507263, "pid": 9865, "hostname": "steropes", "node_ip": "169.229.49.254", "config": {"starting_lr": 0.005, "momentum": 0.9, "weight_decay": 0.001, "steps_per_iteration": null, "pin": false, "model_creator": null, "target_batch_size": 128, "model_string": "resnet50", "min_batch_size": 128, "dataset": "CIFAR", "placement": null, "use_nccl": true, "devices_per_worker": 1, "primary_resource": "extra_gpu", "gpu": false, "verbose": false, "lr_config": {"mode": "log", "steps": 5, "initial_lr": 0.005, "target_lr": 0.005}, "batch_per_device": 128}, "time_since_restore": 216.61629271507263, "timesteps_since_restore": 0, "iterations_since_restore": 5, "mean_throughput": 1384.934496399691, "atoms": 1, "setup_time": 9.265983819961548}
{"apply": 0.017893528938293456, "batch_time": 0.03254955931554867, "d2h": 0.0006986618041992188, "data_time": 0.0017870442031899378, "fwd": 0.028457498550415038, "get_state_time_mean": NaN, "get_state_time_total": 0.0, "grad": 0.049468493461608885, "mean_accuracy": 0.4928199827671051, "mean_loss": 1.6849241227722167, "neg_mean_accuracy": -0.5467000007629395, "set_state_time_mean": NaN, "set_state_time_total": 0.0, "setup_model_time_mean": NaN, "setup_model_time_total": 0.0, "setup_proc_time_mean": NaN, "setup_proc_time_total": 0.0, "train_accuracy": 0.5161200165748596, "train_loss": 1.3862694158172608, "training_time_mean": NaN, "training_time_total": 0.0, "val_accuracy": 0.5467000007629395, "val_loss": 1.2502714065551759, "validation_time_mean": NaN, "validation_time_total": 0.0, "samples": 60000, "num_workers": 1, "done": false, "timesteps_total": null, "episodes_total": null, "training_iteration": 6, "neg_mean_loss": -1.6849241227722167, "experiment_id": "2d3a5e2dd13641c394b07ba261904ef0", "date": "2019-06-02_20-43-10", "timestamp": 1559533390, "time_this_iter_s": 41.83828401565552, "time_total_s": 258.45457673072815, "pid": 9865, "hostname": "steropes", "node_ip": "169.229.49.254", "config": {"starting_lr": 0.005, "momentum": 0.9, "weight_decay": 0.001, "steps_per_iteration": null, "pin": false, "model_creator": null, "target_batch_size": 128, "model_string": "resnet50", "min_batch_size": 128, "dataset": "CIFAR", "placement": null, "use_nccl": true, "devices_per_worker": 1, "primary_resource": "extra_gpu", "gpu": false, "verbose": false, "lr_config": {"mode": "log", "steps": 5, "initial_lr": 0.005, "target_lr": 0.005}, "batch_per_device": 128}, "time_since_restore": 258.45457673072815, "timesteps_since_restore": 0, "iterations_since_restore": 6, "mean_throughput": 1417.4917654648607, "atoms": 1, "setup_time": 9.265983819961548}
{"apply": 0.0190932035446167, "batch_time": 0.06895054876804352, "d2h": 0.0006793379783630372, "data_time": 0.002738268399725155, "fwd": 0.15321208238601686, "get_state_time_mean": NaN, "get_state_time_total": 0.0, "grad": 0.2165549874305725, "mean_accuracy": 0.5117999911308289, "mean_loss": 1.6614595789718627, "neg_mean_accuracy": -0.5511000156402588, "set_state_time_mean": 3.5590065717697144, "set_state_time_total": 3.5590065717697144, "setup_model_time_mean": 12.713380813598633, "setup_model_time_total": 12.713380813598633, "setup_proc_time_mean": 1.353922724723816, "setup_proc_time_total": 1.353922724723816, "train_accuracy": 0.5483799576759338, "train_loss": 1.2817740755653382, "training_time_mean": NaN, "training_time_total": 0.0, "val_accuracy": 0.5511000156402588, "val_loss": 1.4927849016189576, "validation_time_mean": NaN, "validation_time_total": 0.0, "samples": 60000, "num_workers": 2, "done": false, "timesteps_total": null, "episodes_total": null, "training_iteration": 7, "neg_mean_loss": -1.6614595789718627, "experiment_id": "2d3a5e2dd13641c394b07ba261904ef0", "date": "2019-06-02_20-44-09", "timestamp": 1559533449, "time_this_iter_s": 34.936867475509644, "time_total_s": 293.3914442062378, "pid": 20697, "hostname": "steropes", "node_ip": "169.229.49.254", "config": {"starting_lr": 0.005, "momentum": 0.9, "weight_decay": 0.001, "steps_per_iteration": null, "pin": false, "model_creator": null, "target_batch_size": 128, "model_string": "resnet50", "min_batch_size": 128, "dataset": "CIFAR", "placement": null, "use_nccl": true, "devices_per_worker": 1, "primary_resource": "extra_gpu", "gpu": false, "verbose": false, "lr_config": {"mode": "log", "steps": 5, "initial_lr": 0.005, "target_lr": 0.007071067811865476}, "batch_per_device": 128}, "time_since_restore": 34.936867475509644, "timesteps_since_restore": 0, "iterations_since_restore": 1, "mean_throughput": 1717.3774833231319, "atoms": 2, "setup_time": 23.39804196357727}
{"apply": 0.0185434103012085, "batch_time": 0.03983321785926819, "d2h": 0.0006433606147766113, "data_time": 0.0026064977353932907, "fwd": 0.029989802837371828, "get_state_time_mean": NaN, "get_state_time_total": 0.0, "grad": 0.08221734762191772, "mean_accuracy": 0.5303999900817871, "mean_loss": 1.6365097196197511, "neg_mean_accuracy": -0.5676999688148499, "set_state_time_mean": NaN, "set_state_time_total": 0.0, "setup_model_time_mean": NaN, "setup_model_time_total": 0.0, "setup_proc_time_mean": NaN, "setup_proc_time_total": 0.0, "train_accuracy": 0.5596399903297424, "train_loss": 1.252183678340912, "training_time_mean": NaN, "training_time_total": 0.0, "val_accuracy": 0.5676999688148499, "val_loss": 1.5738691749572753, "validation_time_mean": NaN, "validation_time_total": 0.0, "samples": 60000, "num_workers": 2, "done": false, "timesteps_total": null, "episodes_total": null, "training_iteration": 8, "neg_mean_loss": -1.6365097196197511, "experiment_id": "2d3a5e2dd13641c394b07ba261904ef0", "date": "2019-06-02_20-44-38", "timestamp": 1559533478, "time_this_iter_s": 28.96379804611206, "time_total_s": 322.35524225234985, "pid": 20697, "hostname": "steropes", "node_ip": "169.229.49.254", "config": {"starting_lr": 0.005, "momentum": 0.9, "weight_decay": 0.001, "steps_per_iteration": null, "pin": false, "model_creator": null, "target_batch_size": 128, "model_string": "resnet50", "min_batch_size": 128, "dataset": "CIFAR", "placement": null, "use_nccl": true, "devices_per_worker": 1, "primary_resource": "extra_gpu", "gpu": false, "verbose": false, "lr_config": {"mode": "log", "steps": 5, "initial_lr": 0.005, "target_lr": 0.007071067811865476}, "batch_per_device": 128}, "time_since_restore": 63.900665521621704, "timesteps_since_restore": 0, "iterations_since_restore": 2, "mean_throughput": 1877.908631972312, "atoms": 2, "setup_time": 23.39804196357727}
{"apply": 0.018188107013702392, "batch_time": 0.038416361808776854, "d2h": 0.0006149172782897948, "data_time": 0.00253758260181972, "fwd": 0.02938140630722046, "get_state_time_mean": NaN, "get_state_time_total": 0.0, "grad": 0.08178014755249023, "mean_accuracy": 0.545359992980957, "mean_loss": 1.48824883518219, "neg_mean_accuracy": -0.5789999961853027, "set_state_time_mean": NaN, "set_state_time_total": 0.0, "setup_model_time_mean": NaN, "setup_model_time_total": 0.0, "setup_proc_time_mean": NaN, "setup_proc_time_total": 0.0, "train_accuracy": 0.574400007724762, "train_loss": 1.2182882085609437, "training_time_mean": NaN, "training_time_total": 0.0, "val_accuracy": 0.5789999961853027, "val_loss": 1.358710909843445, "validation_time_mean": NaN, "validation_time_total": 0.0, "samples": 60000, "num_workers": 2, "done": false, "timesteps_total": null, "episodes_total": null, "training_iteration": 9, "neg_mean_loss": -1.48824883518219, "experiment_id": "2d3a5e2dd13641c394b07ba261904ef0", "date": "2019-06-02_20-45-06", "timestamp": 1559533506, "time_this_iter_s": 28.281028270721436, "time_total_s": 350.6362705230713, "pid": 20697, "hostname": "steropes", "node_ip": "169.229.49.254", "config": {"starting_lr": 0.005, "momentum": 0.9, "weight_decay": 0.001, "steps_per_iteration": null, "pin": false, "model_creator": null, "target_batch_size": 128, "model_string": "resnet50", "min_batch_size": 128, "dataset": "CIFAR", "placement": null, "use_nccl": true, "devices_per_worker": 1, "primary_resource": "extra_gpu", "gpu": false, "verbose": false, "lr_config": {"mode": "log", "steps": 5, "initial_lr": 0.005, "target_lr": 0.007071067811865476}, "batch_per_device": 128}, "time_since_restore": 92.18169379234314, "timesteps_since_restore": 0, "iterations_since_restore": 3, "mean_throughput": 1952.6594024373512, "atoms": 2, "setup_time": 23.39804196357727}
{"apply": 0.01784536838531494, "batch_time": 0.040658026933670044, "d2h": 0.000682365894317627, "data_time": 0.0025269918295801903, "fwd": 0.02958413362503052, "get_state_time_mean": NaN, "get_state_time_total": 0.0, "grad": 0.07930668592453002, "mean_accuracy": 0.5678399920463562, "mean_loss": 1.4373485010147093, "neg_mean_accuracy": -0.5946999788284302, "set_state_time_mean": NaN, "set_state_time_total": 0.0, "setup_model_time_mean": NaN, "setup_model_time_total": 0.0, "setup_proc_time_mean": NaN, "setup_proc_time_total": 0.0, "train_accuracy": 0.5821799635887146, "train_loss": 1.1774820305633544, "training_time_mean": NaN, "training_time_total": 0.0, "val_accuracy": 0.5946999788284302, "val_loss": 1.511106112098694, "validation_time_mean": NaN, "validation_time_total": 0.0, "samples": 60000, "num_workers": 2, "done": false, "timesteps_total": null, "episodes_total": null, "training_iteration": 10, "neg_mean_loss": -1.4373485010147093, "experiment_id": "2d3a5e2dd13641c394b07ba261904ef0", "date": "2019-06-02_20-45-34", "timestamp": 1559533534, "time_this_iter_s": 28.19354486465454, "time_total_s": 378.82981538772583, "pid": 20697, "hostname": "steropes", "node_ip": "169.229.49.254", "config": {"starting_lr": 0.005, "momentum": 0.9, "weight_decay": 0.001, "steps_per_iteration": null, "pin": false, "model_creator": null, "target_batch_size": 128, "model_string": "resnet50", "min_batch_size": 128, "dataset": "CIFAR", "placement": null, "use_nccl": true, "devices_per_worker": 1, "primary_resource": "extra_gpu", "gpu": false, "verbose": false, "lr_config": {"mode": "log", "steps": 5, "initial_lr": 0.005, "target_lr": 0.007071067811865476}, "batch_per_device": 128}, "time_since_restore": 120.37523865699768, "timesteps_since_restore": 0, "iterations_since_restore": 4, "mean_throughput": 1993.7595981447464, "atoms": 2, "setup_time": 23.39804196357727}
{"apply": 0.017630279064178467, "batch_time": 0.03754920065402985, "d2h": 0.0006611347198486328, "data_time": 0.002621744968453232, "fwd": 0.029286980628967285, "get_state_time_mean": NaN, "get_state_time_total": 0.0, "grad": 0.08038411140441895, "mean_accuracy": 0.579479992389679, "mean_loss": 1.4338286407470704, "neg_mean_accuracy": -0.6049000024795532, "set_state_time_mean": NaN, "set_state_time_total": 0.0, "setup_model_time_mean": NaN, "setup_model_time_total": 0.0, "setup_proc_time_mean": NaN, "setup_proc_time_total": 0.0, "train_accuracy": 0.5925799608230591, "train_loss": 1.1530037760829925, "training_time_mean": NaN, "training_time_total": 0.0, "val_accuracy": 0.6049000024795532, "val_loss": 1.23267210521698, "validation_time_mean": NaN, "validation_time_total": 0.0, "samples": 60000, "num_workers": 2, "done": false, "timesteps_total": null, "episodes_total": null, "training_iteration": 11, "neg_mean_loss": -1.4338286407470704, "experiment_id": "2d3a5e2dd13641c394b07ba261904ef0", "date": "2019-06-02_20-46-02", "timestamp": 1559533562, "time_this_iter_s": 27.846100330352783, "time_total_s": 406.6759157180786, "pid": 20697, "hostname": "steropes", "node_ip": "169.229.49.254", "config": {"starting_lr": 0.005, "momentum": 0.9, "weight_decay": 0.001, "steps_per_iteration": null, "pin": false, "model_creator": null, "target_batch_size": 128, "model_string": "resnet50", "min_batch_size": 128, "dataset": "CIFAR", "placement": null, "use_nccl": true, "devices_per_worker": 1, "primary_resource": "extra_gpu", "gpu": false, "verbose": false, "lr_config": {"mode": "log", "steps": 5, "initial_lr": 0.005, "target_lr": 0.007071067811865476}, "batch_per_device": 128}, "time_since_restore": 148.22133898735046, "timesteps_since_restore": 0, "iterations_since_restore": 5, "mean_throughput": 2023.9940795692182, "atoms": 2, "setup_time": 23.39804196357727}
{"apply": 0.018958961963653563, "batch_time": 0.039645051956176756, "d2h": 0.0006382107734680176, "data_time": 0.002543552189457173, "fwd": 0.029463696479797363, "get_state_time_mean": NaN, "get_state_time_total": 0.0, "grad": 0.08167684078216553, "mean_accuracy": 0.592799985408783, "mean_loss": 1.3673466101264953, "neg_mean_accuracy": -0.6176999807357788, "set_state_time_mean": NaN, "set_state_time_total": 0.0, "setup_model_time_mean": NaN, "setup_model_time_total": 0.0, "setup_proc_time_mean": NaN, "setup_proc_time_total": 0.0, "train_accuracy": 0.6039799451828003, "train_loss": 1.1263578271865846, "training_time_mean": NaN, "training_time_total": 0.0, "val_accuracy": 0.6176999807357788, "val_loss": 1.1603747485160827, "validation_time_mean": NaN, "validation_time_total": 0.0, "samples": 60000, "num_workers": 2, "done": false, "timesteps_total": null, "episodes_total": null, "training_iteration": 12, "neg_mean_loss": -1.3673466101264953, "experiment_id": "2d3a5e2dd13641c394b07ba261904ef0", "date": "2019-06-02_20-46-30", "timestamp": 1559533590, "time_this_iter_s": 28.178156852722168, "time_total_s": 434.8540725708008, "pid": 20697, "hostname": "steropes", "node_ip": "169.229.49.254", "config": {"starting_lr": 0.005, "momentum": 0.9, "weight_decay": 0.001, "steps_per_iteration": null, "pin": false, "model_creator": null, "target_batch_size": 128, "model_string": "resnet50", "min_batch_size": 128, "dataset": "CIFAR", "placement": null, "use_nccl": true, "devices_per_worker": 1, "primary_resource": "extra_gpu", "gpu": false, "verbose": false, "lr_config": {"mode": "log", "steps": 5, "initial_lr": 0.005, "target_lr": 0.007071067811865476}, "batch_per_device": 128}, "time_since_restore": 176.39949584007263, "timesteps_since_restore": 0, "iterations_since_restore": 6, "mean_throughput": 2120.6954984047725, "atoms": 2, "setup_time": 23.39804196357727}
{"apply": 0.019324195384979245, "batch_time": 0.10196552574634551, "d2h": 0.0006800472736358643, "data_time": 0.0044005835542873465, "fwd": 0.16630980968475342, "get_state_time_mean": NaN, "get_state_time_total": 0.0, "grad": 0.2661325573921204, "mean_accuracy": 0.6136199831962585, "mean_loss": 1.3903649278974535, "neg_mean_accuracy": -0.642799973487854, "set_state_time_mean": 5.198428213596344, "set_state_time_total": 5.198428213596344, "setup_model_time_mean": 12.770104169845581, "setup_model_time_total": 12.770104169845581, "setup_proc_time_mean": 8.282940864562988, "setup_proc_time_total": 8.282940864562988, "train_accuracy": 0.6348400115966797, "train_loss": 1.0386848269319535, "training_time_mean": NaN, "training_time_total": 0.0, "val_accuracy": 0.642799973487854, "val_loss": 1.0968712841749193, "validation_time_mean": NaN, "validation_time_total": 0.0, "samples": 60000, "num_workers": 4, "done": true, "timesteps_total": null, "episodes_total": null, "training_iteration": 14, "neg_mean_loss": -1.3903649278974535, "experiment_id": "2d3a5e2dd13641c394b07ba261904ef0", "date": "2019-06-02_20-47-47", "timestamp": 1559533667, "time_this_iter_s": 23.95223879814148, "time_total_s": 487.22937536239624, "pid": 2792, "hostname": "steropes", "node_ip": "169.229.49.254", "config": {"starting_lr": 0.005, "momentum": 0.9, "weight_decay": 0.001, "steps_per_iteration": null, "pin": false, "model_creator": null, "target_batch_size": 128, "model_string": "resnet50", "min_batch_size": 128, "dataset": "CIFAR", "placement": null, "use_nccl": true, "devices_per_worker": 1, "primary_resource": "extra_gpu", "gpu": false, "verbose": false, "lr_config": {"mode": "log", "steps": 5, "initial_lr": 0.005, "target_lr": 0.01}, "batch_per_device": 128}, "time_since_restore": 23.95223879814148, "timesteps_since_restore": 0, "iterations_since_restore": 1, "mean_throughput": 2504.971805581693, "atoms": 4, "setup_time": 52.454320192337036}
