apply,batch_time,d2h,data_time,fwd,get_state_time_mean,get_state_time_total,grad,mean_accuracy,mean_loss,neg_mean_accuracy,set_state_time_mean,set_state_time_total,setup_model_time_mean,setup_model_time_total,setup_proc_time_mean,setup_proc_time_total,train_accuracy,train_loss,training_time_mean,training_time_total,validation_time_mean,validation_time_total,samples,num_workers,done,timesteps_total,episodes_total,training_iteration,neg_mean_loss,experiment_id,date,timestamp,time_this_iter_s,time_total_s,pid,hostname,node_ip,config,time_since_restore,timesteps_since_restore,iterations_since_restore,mean_throughput,atoms
0.007963204383850097,0.19342684745788574,0.006020975112915039,0.033370562962123325,0.08000905513763427,nan,0.0,0.1689476728439331,0.1817999929189682,3.909654761123657,-0.1817999929189682,nan,0.0,9.758508205413818,9.758508205413818,0.14092302322387695,0.14092302322387695,0.06543999910354614,5.916388257904052,nan,0.0,nan,0.0,60000,1,False,,,1,-3.909654761123657,fc3a8f72d497492d811e30b9aeedf873,2019-05-30_15-19-00,1559254740,12.19578742980957,12.19578742980957,12518,steropes,169.229.49.254,"{'starting_lr': 0.0001, 'momentum': 0.99, 'weight_decay': 0.005, 'steps_per_iteration': None, 'pin': False, 'model_creator': None, 'target_batch_size': 1024, 'model_string': 'resnet18', 'min_batch_size': 512, 'dataset': 'CIFAR', 'placement': None, 'use_nccl': True, 'devices_per_worker': 1, 'primary_resource': 'extra_gpu', 'gpu': False, 'verbose': False, 'lr_config': {'mode': 'log', 'steps': 5, 'initial_lr': 0.0001, 'target_lr': 0.0001}, 'batch_per_device': 1024}",12.19578742980957,0,1,4919.67796390922,1
0.0076133012771606445,0.1362508773803711,0.006737542152404785,0.02431336227728396,0.024321460723876955,nan,0.0,0.05379791259765625,0.2644999921321869,2.0624288394927976,-0.2644999921321869,nan,0.0,nan,0.0,nan,0.0,0.22125999629497528,2.5026641539001466,nan,0.0,nan,0.0,60000,1,False,,,2,-2.0624288394927976,fc3a8f72d497492d811e30b9aeedf873,2019-05-30_15-19-08,1559254748,8.036052227020264,20.231839656829834,12518,steropes,169.229.49.254,"{'starting_lr': 0.0001, 'momentum': 0.99, 'weight_decay': 0.005, 'steps_per_iteration': None, 'pin': False, 'model_creator': None, 'target_batch_size': 1024, 'model_string': 'resnet18', 'min_batch_size': 512, 'dataset': 'CIFAR', 'placement': None, 'use_nccl': True, 'devices_per_worker': 1, 'primary_resource': 'extra_gpu', 'gpu': False, 'verbose': False, 'lr_config': {'mode': 'log', 'steps': 5, 'initial_lr': 0.0001, 'target_lr': 0.0001}, 'batch_per_device': 1024}",20.231839656829834,0,2,5931.183950348153,1
0.010642099380493163,0.12382047176361084,0.0056647777557373045,0.03216360053237604,0.023209047317504884,nan,0.0,0.04860260486602783,0.30699998140335083,1.8964622091293335,-0.30699998140335083,nan,0.0,nan,0.0,nan,0.0,0.27748000621795654,1.9941642501831054,nan,0.0,nan,0.0,60000,1,False,,,3,-1.8964622091293335,fc3a8f72d497492d811e30b9aeedf873,2019-05-30_15-19-16,1559254756,8.123130559921265,28.3549702167511,12518,steropes,169.229.49.254,"{'starting_lr': 0.0001, 'momentum': 0.99, 'weight_decay': 0.005, 'steps_per_iteration': None, 'pin': False, 'model_creator': None, 'target_batch_size': 1024, 'model_string': 'resnet18', 'min_batch_size': 512, 'dataset': 'CIFAR', 'placement': None, 'use_nccl': True, 'devices_per_worker': 1, 'primary_resource': 'extra_gpu', 'gpu': False, 'verbose': False, 'lr_config': {'mode': 'log', 'steps': 5, 'initial_lr': 0.0001, 'target_lr': 0.0001}, 'batch_per_device': 1024}",28.3549702167511,0,3,6348.030334040253,1
0.007400870323181152,0.13282265663146972,0.006094455718994141,0.03194776359869509,0.026413846015930175,nan,0.0,0.04487700462341308,0.35339999198913574,1.7623229013442994,-0.35339999198913574,nan,0.0,nan,0.0,nan,0.0,0.3193399906158447,1.8647492016601563,nan,0.0,nan,0.0,60000,1,False,,,4,-1.7623229013442994,fc3a8f72d497492d811e30b9aeedf873,2019-05-30_15-19-24,1559254764,8.226875066757202,36.5818452835083,12518,steropes,169.229.49.254,"{'starting_lr': 0.0001, 'momentum': 0.99, 'weight_decay': 0.005, 'steps_per_iteration': None, 'pin': False, 'model_creator': None, 'target_batch_size': 1024, 'model_string': 'resnet18', 'min_batch_size': 512, 'dataset': 'CIFAR', 'placement': None, 'use_nccl': True, 'devices_per_worker': 1, 'primary_resource': 'extra_gpu', 'gpu': False, 'verbose': False, 'lr_config': {'mode': 'log', 'steps': 5, 'initial_lr': 0.0001, 'target_lr': 0.0001}, 'batch_per_device': 1024}",36.5818452835083,0,4,6560.56735670244,1
0.007232785224914551,0.14272541999816896,0.008000874519348144,0.030138692077325314,0.02879366874694824,nan,0.0,0.04601807594299316,0.3822000026702881,1.66790177154541,-0.3822000026702881,nan,0.0,nan,0.0,nan,0.0,0.35029998421669006,1.7616641157531738,nan,0.0,nan,0.0,60000,1,False,,,5,-1.66790177154541,fc3a8f72d497492d811e30b9aeedf873,2019-05-30_15-19-33,1559254773,8.34453010559082,44.92637538909912,12518,steropes,169.229.49.254,"{'starting_lr': 0.0001, 'momentum': 0.99, 'weight_decay': 0.005, 'steps_per_iteration': None, 'pin': False, 'model_creator': None, 'target_batch_size': 1024, 'model_string': 'resnet18', 'min_batch_size': 512, 'dataset': 'CIFAR', 'placement': None, 'use_nccl': True, 'devices_per_worker': 1, 'primary_resource': 'extra_gpu', 'gpu': False, 'verbose': False, 'lr_config': {'mode': 'log', 'steps': 5, 'initial_lr': 0.0001, 'target_lr': 0.0001}, 'batch_per_device': 1024}",44.92637538909912,0,5,6677.528069548796,1
0.006970357894897461,0.13460640907287597,0.006964421272277832,0.025208278578154896,0.02592315673828125,nan,0.0,0.056815052032470705,0.4213999807834625,1.590453763961792,-0.4213999807834625,nan,0.0,nan,0.0,nan,0.0,0.3793399930000305,1.6816552548599244,nan,0.0,nan,0.0,60000,1,False,,,6,-1.590453763961792,fc3a8f72d497492d811e30b9aeedf873,2019-05-30_15-19-41,1559254781,8.23771595954895,53.16409134864807,12518,steropes,169.229.49.254,"{'starting_lr': 0.0001, 'momentum': 0.99, 'weight_decay': 0.005, 'steps_per_iteration': None, 'pin': False, 'model_creator': None, 'target_batch_size': 1024, 'model_string': 'resnet18', 'min_batch_size': 512, 'dataset': 'CIFAR', 'placement': None, 'use_nccl': True, 'devices_per_worker': 1, 'primary_resource': 'extra_gpu', 'gpu': False, 'verbose': False, 'lr_config': {'mode': 'log', 'steps': 5, 'initial_lr': 0.0001, 'target_lr': 0.0001}, 'batch_per_device': 1024}",53.16409134864807,0,6,7322.667715331074,1
0.00885601043701172,0.1371922254562378,0.007528090476989746,0.030644431406137894,0.024526381492614747,nan,0.0,0.049630475044250486,0.42890000343322754,1.555488583946228,-0.42890000343322754,nan,0.0,nan,0.0,nan,0.0,0.39914000034332275,1.6286583934783936,nan,0.0,nan,0.0,60000,1,False,,,7,-1.555488583946228,fc3a8f72d497492d811e30b9aeedf873,2019-05-30_15-19-49,1559254789,8.06842303276062,61.23251438140869,12518,steropes,169.229.49.254,"{'starting_lr': 0.0001, 'momentum': 0.99, 'weight_decay': 0.005, 'steps_per_iteration': None, 'pin': False, 'model_creator': None, 'target_batch_size': 1024, 'model_string': 'resnet18', 'min_batch_size': 512, 'dataset': 'CIFAR', 'placement': None, 'use_nccl': True, 'devices_per_worker': 1, 'primary_resource': 'extra_gpu', 'gpu': False, 'verbose': False, 'lr_config': {'mode': 'log', 'steps': 5, 'initial_lr': 0.0001, 'target_lr': 0.0001}, 'batch_per_device': 1024}",61.23251438140869,0,7,7316.88689411662,1
0.007887864112854004,0.13561205863952636,0.007376265525817871,0.026302799886586715,0.02378215789794922,nan,0.0,0.05669543743133545,0.4536999762058258,1.49962835521698,-0.4536999762058258,nan,0.0,nan,0.0,nan,0.0,0.41725999116897583,1.5792241360855102,nan,0.0,nan,0.0,60000,1,False,,,8,-1.49962835521698,fc3a8f72d497492d811e30b9aeedf873,2019-05-30_15-19-57,1559254797,7.854790449142456,69.08730483055115,12518,steropes,169.229.49.254,"{'starting_lr': 0.0001, 'momentum': 0.99, 'weight_decay': 0.005, 'steps_per_iteration': None, 'pin': False, 'model_creator': None, 'target_batch_size': 1024, 'model_string': 'resnet18', 'min_batch_size': 512, 'dataset': 'CIFAR', 'placement': None, 'use_nccl': True, 'devices_per_worker': 1, 'primary_resource': 'extra_gpu', 'gpu': False, 'verbose': False, 'lr_config': {'mode': 'log', 'steps': 5, 'initial_lr': 0.0001, 'target_lr': 0.0001}, 'batch_per_device': 1024}",69.08730483055115,0,8,7365.088780816363,1
0.0076588869094848635,0.1409626007080078,0.006202602386474609,0.027755479423367247,0.039367175102233885,nan,0.0,0.06508207321166992,0.45879998803138733,1.4674246128082276,-0.45879998803138733,nan,0.0,nan,0.0,nan,0.0,0.43491998314857483,1.541027160758972,nan,0.0,nan,0.0,60000,1,False,,,9,-1.4674246128082276,fc3a8f72d497492d811e30b9aeedf873,2019-05-30_15-20-05,1559254805,8.189122676849365,77.27642750740051,12518,steropes,169.229.49.254,"{'starting_lr': 0.0001, 'momentum': 0.99, 'weight_decay': 0.005, 'steps_per_iteration': None, 'pin': False, 'model_creator': None, 'target_batch_size': 1024, 'model_string': 'resnet18', 'min_batch_size': 512, 'dataset': 'CIFAR', 'placement': None, 'use_nccl': True, 'devices_per_worker': 1, 'primary_resource': 'extra_gpu', 'gpu': False, 'verbose': False, 'lr_config': {'mode': 'log', 'steps': 5, 'initial_lr': 0.0001, 'target_lr': 0.0001}, 'batch_per_device': 1024}",77.27642750740051,0,9,7371.9199338630515,1
0.00876932144165039,0.13827083110809327,0.0068206310272216795,0.0225552393465626,0.027245545387268068,nan,0.0,0.05819680690765381,0.4730999767780304,1.4331644771575929,-0.4730999767780304,nan,0.0,nan,0.0,nan,0.0,0.4486999809741974,1.5052614402770996,nan,0.0,nan,0.0,60000,1,False,,,10,-1.4331644771575929,fc3a8f72d497492d811e30b9aeedf873,2019-05-30_15-20-13,1559254813,8.086150407791138,85.36257791519165,12518,steropes,169.229.49.254,"{'starting_lr': 0.0001, 'momentum': 0.99, 'weight_decay': 0.005, 'steps_per_iteration': None, 'pin': False, 'model_creator': None, 'target_batch_size': 1024, 'model_string': 'resnet18', 'min_batch_size': 512, 'dataset': 'CIFAR', 'placement': None, 'use_nccl': True, 'devices_per_worker': 1, 'primary_resource': 'extra_gpu', 'gpu': False, 'verbose': False, 'lr_config': {'mode': 'log', 'steps': 5, 'initial_lr': 0.0001, 'target_lr': 0.0001}, 'batch_per_device': 1024}",85.36257791519165,0,10,7419.0242304679305,1
0.010109829902648925,0.13388996124267577,0.006611871719360352,0.020569339090464066,0.02924807071685791,nan,0.0,0.05816757678985596,0.47999998927116394,1.410370791053772,-0.47999998927116394,nan,0.0,nan,0.0,nan,0.0,0.46074000000953674,1.4721237091064454,nan,0.0,nan,0.0,60000,1,False,,,11,-1.410370791053772,fc3a8f72d497492d811e30b9aeedf873,2019-05-30_15-20-21,1559254821,8.018947124481201,93.38152503967285,12518,steropes,169.229.49.254,"{'starting_lr': 0.0001, 'momentum': 0.99, 'weight_decay': 0.005, 'steps_per_iteration': None, 'pin': False, 'model_creator': None, 'target_batch_size': 1024, 'model_string': 'resnet18', 'min_batch_size': 512, 'dataset': 'CIFAR', 'placement': None, 'use_nccl': True, 'devices_per_worker': 1, 'primary_resource': 'extra_gpu', 'gpu': False, 'verbose': False, 'lr_config': {'mode': 'log', 'steps': 5, 'initial_lr': 0.0001, 'target_lr': 0.0001}, 'batch_per_device': 1024}",93.38152503967285,0,11,7459.380932499802,1
0.007006549835205078,0.13694441318511963,0.00634922981262207,0.025129386356898716,0.026660466194152833,nan,0.0,0.05024888515472412,0.49570000171661377,1.3860292470932007,-0.49570000171661377,nan,0.0,nan,0.0,nan,0.0,0.4723399877548218,1.4444926360702515,nan,0.0,nan,0.0,60000,1,True,,,12,-1.3860292470932007,fc3a8f72d497492d811e30b9aeedf873,2019-05-30_15-20-29,1559254829,7.875804662704468,101.25732970237732,12518,steropes,169.229.49.254,"{'starting_lr': 0.0001, 'momentum': 0.99, 'weight_decay': 0.005, 'steps_per_iteration': None, 'pin': False, 'model_creator': None, 'target_batch_size': 1024, 'model_string': 'resnet18', 'min_batch_size': 512, 'dataset': 'CIFAR', 'placement': None, 'use_nccl': True, 'devices_per_worker': 1, 'primary_resource': 'extra_gpu', 'gpu': False, 'verbose': False, 'lr_config': {'mode': 'log', 'steps': 5, 'initial_lr': 0.0001, 'target_lr': 0.0001}, 'batch_per_device': 1024}",101.25732970237732,0,12,7495.2778168604245,1
