{"apply": 0.007963204383850097, "batch_time": 0.19342684745788574, "d2h": 0.006020975112915039, "data_time": 0.033370562962123325, "fwd": 0.08000905513763427, "get_state_time_mean": NaN, "get_state_time_total": 0.0, "grad": 0.1689476728439331, "mean_accuracy": 0.1817999929189682, "mean_loss": 3.909654761123657, "neg_mean_accuracy": -0.1817999929189682, "set_state_time_mean": NaN, "set_state_time_total": 0.0, "setup_model_time_mean": 9.758508205413818, "setup_model_time_total": 9.758508205413818, "setup_proc_time_mean": 0.14092302322387695, "setup_proc_time_total": 0.14092302322387695, "train_accuracy": 0.06543999910354614, "train_loss": 5.916388257904052, "training_time_mean": NaN, "training_time_total": 0.0, "validation_time_mean": NaN, "validation_time_total": 0.0, "samples": 60000, "num_workers": 1, "done": false, "timesteps_total": null, "episodes_total": null, "training_iteration": 1, "neg_mean_loss": -3.909654761123657, "experiment_id": "fc3a8f72d497492d811e30b9aeedf873", "date": "2019-05-30_15-19-00", "timestamp": 1559254740, "time_this_iter_s": 12.19578742980957, "time_total_s": 12.19578742980957, "pid": 12518, "hostname": "steropes", "node_ip": "169.229.49.254", "config": {"starting_lr": 0.0001, "momentum": 0.99, "weight_decay": 0.005, "steps_per_iteration": null, "pin": false, "model_creator": null, "target_batch_size": 1024, "model_string": "resnet18", "min_batch_size": 512, "dataset": "CIFAR", "placement": null, "use_nccl": true, "devices_per_worker": 1, "primary_resource": "extra_gpu", "gpu": false, "verbose": false, "lr_config": {"mode": "log", "steps": 5, "initial_lr": 0.0001, "target_lr": 0.0001}, "batch_per_device": 1024}, "time_since_restore": 12.19578742980957, "timesteps_since_restore": 0, "iterations_since_restore": 1, "mean_throughput": 4919.67796390922, "atoms": 1}
{"apply": 0.0076133012771606445, "batch_time": 0.1362508773803711, "d2h": 0.006737542152404785, "data_time": 0.02431336227728396, "fwd": 0.024321460723876955, "get_state_time_mean": NaN, "get_state_time_total": 0.0, "grad": 0.05379791259765625, "mean_accuracy": 0.2644999921321869, "mean_loss": 2.0624288394927976, "neg_mean_accuracy": -0.2644999921321869, "set_state_time_mean": NaN, "set_state_time_total": 0.0, "setup_model_time_mean": NaN, "setup_model_time_total": 0.0, "setup_proc_time_mean": NaN, "setup_proc_time_total": 0.0, "train_accuracy": 0.22125999629497528, "train_loss": 2.5026641539001466, "training_time_mean": NaN, "training_time_total": 0.0, "validation_time_mean": NaN, "validation_time_total": 0.0, "samples": 60000, "num_workers": 1, "done": false, "timesteps_total": null, "episodes_total": null, "training_iteration": 2, "neg_mean_loss": -2.0624288394927976, "experiment_id": "fc3a8f72d497492d811e30b9aeedf873", "date": "2019-05-30_15-19-08", "timestamp": 1559254748, "time_this_iter_s": 8.036052227020264, "time_total_s": 20.231839656829834, "pid": 12518, "hostname": "steropes", "node_ip": "169.229.49.254", "config": {"starting_lr": 0.0001, "momentum": 0.99, "weight_decay": 0.005, "steps_per_iteration": null, "pin": false, "model_creator": null, "target_batch_size": 1024, "model_string": "resnet18", "min_batch_size": 512, "dataset": "CIFAR", "placement": null, "use_nccl": true, "devices_per_worker": 1, "primary_resource": "extra_gpu", "gpu": false, "verbose": false, "lr_config": {"mode": "log", "steps": 5, "initial_lr": 0.0001, "target_lr": 0.0001}, "batch_per_device": 1024}, "time_since_restore": 20.231839656829834, "timesteps_since_restore": 0, "iterations_since_restore": 2, "mean_throughput": 5931.183950348153, "atoms": 1}
{"apply": 0.010642099380493163, "batch_time": 0.12382047176361084, "d2h": 0.0056647777557373045, "data_time": 0.03216360053237604, "fwd": 0.023209047317504884, "get_state_time_mean": NaN, "get_state_time_total": 0.0, "grad": 0.04860260486602783, "mean_accuracy": 0.30699998140335083, "mean_loss": 1.8964622091293335, "neg_mean_accuracy": -0.30699998140335083, "set_state_time_mean": NaN, "set_state_time_total": 0.0, "setup_model_time_mean": NaN, "setup_model_time_total": 0.0, "setup_proc_time_mean": NaN, "setup_proc_time_total": 0.0, "train_accuracy": 0.27748000621795654, "train_loss": 1.9941642501831054, "training_time_mean": NaN, "training_time_total": 0.0, "validation_time_mean": NaN, "validation_time_total": 0.0, "samples": 60000, "num_workers": 1, "done": false, "timesteps_total": null, "episodes_total": null, "training_iteration": 3, "neg_mean_loss": -1.8964622091293335, "experiment_id": "fc3a8f72d497492d811e30b9aeedf873", "date": "2019-05-30_15-19-16", "timestamp": 1559254756, "time_this_iter_s": 8.123130559921265, "time_total_s": 28.3549702167511, "pid": 12518, "hostname": "steropes", "node_ip": "169.229.49.254", "config": {"starting_lr": 0.0001, "momentum": 0.99, "weight_decay": 0.005, "steps_per_iteration": null, "pin": false, "model_creator": null, "target_batch_size": 1024, "model_string": "resnet18", "min_batch_size": 512, "dataset": "CIFAR", "placement": null, "use_nccl": true, "devices_per_worker": 1, "primary_resource": "extra_gpu", "gpu": false, "verbose": false, "lr_config": {"mode": "log", "steps": 5, "initial_lr": 0.0001, "target_lr": 0.0001}, "batch_per_device": 1024}, "time_since_restore": 28.3549702167511, "timesteps_since_restore": 0, "iterations_since_restore": 3, "mean_throughput": 6348.030334040253, "atoms": 1}
{"apply": 0.007400870323181152, "batch_time": 0.13282265663146972, "d2h": 0.006094455718994141, "data_time": 0.03194776359869509, "fwd": 0.026413846015930175, "get_state_time_mean": NaN, "get_state_time_total": 0.0, "grad": 0.04487700462341308, "mean_accuracy": 0.35339999198913574, "mean_loss": 1.7623229013442994, "neg_mean_accuracy": -0.35339999198913574, "set_state_time_mean": NaN, "set_state_time_total": 0.0, "setup_model_time_mean": NaN, "setup_model_time_total": 0.0, "setup_proc_time_mean": NaN, "setup_proc_time_total": 0.0, "train_accuracy": 0.3193399906158447, "train_loss": 1.8647492016601563, "training_time_mean": NaN, "training_time_total": 0.0, "validation_time_mean": NaN, "validation_time_total": 0.0, "samples": 60000, "num_workers": 1, "done": false, "timesteps_total": null, "episodes_total": null, "training_iteration": 4, "neg_mean_loss": -1.7623229013442994, "experiment_id": "fc3a8f72d497492d811e30b9aeedf873", "date": "2019-05-30_15-19-24", "timestamp": 1559254764, "time_this_iter_s": 8.226875066757202, "time_total_s": 36.5818452835083, "pid": 12518, "hostname": "steropes", "node_ip": "169.229.49.254", "config": {"starting_lr": 0.0001, "momentum": 0.99, "weight_decay": 0.005, "steps_per_iteration": null, "pin": false, "model_creator": null, "target_batch_size": 1024, "model_string": "resnet18", "min_batch_size": 512, "dataset": "CIFAR", "placement": null, "use_nccl": true, "devices_per_worker": 1, "primary_resource": "extra_gpu", "gpu": false, "verbose": false, "lr_config": {"mode": "log", "steps": 5, "initial_lr": 0.0001, "target_lr": 0.0001}, "batch_per_device": 1024}, "time_since_restore": 36.5818452835083, "timesteps_since_restore": 0, "iterations_since_restore": 4, "mean_throughput": 6560.56735670244, "atoms": 1}
{"apply": 0.007232785224914551, "batch_time": 0.14272541999816896, "d2h": 0.008000874519348144, "data_time": 0.030138692077325314, "fwd": 0.02879366874694824, "get_state_time_mean": NaN, "get_state_time_total": 0.0, "grad": 0.04601807594299316, "mean_accuracy": 0.3822000026702881, "mean_loss": 1.66790177154541, "neg_mean_accuracy": -0.3822000026702881, "set_state_time_mean": NaN, "set_state_time_total": 0.0, "setup_model_time_mean": NaN, "setup_model_time_total": 0.0, "setup_proc_time_mean": NaN, "setup_proc_time_total": 0.0, "train_accuracy": 0.35029998421669006, "train_loss": 1.7616641157531738, "training_time_mean": NaN, "training_time_total": 0.0, "validation_time_mean": NaN, "validation_time_total": 0.0, "samples": 60000, "num_workers": 1, "done": false, "timesteps_total": null, "episodes_total": null, "training_iteration": 5, "neg_mean_loss": -1.66790177154541, "experiment_id": "fc3a8f72d497492d811e30b9aeedf873", "date": "2019-05-30_15-19-33", "timestamp": 1559254773, "time_this_iter_s": 8.34453010559082, "time_total_s": 44.92637538909912, "pid": 12518, "hostname": "steropes", "node_ip": "169.229.49.254", "config": {"starting_lr": 0.0001, "momentum": 0.99, "weight_decay": 0.005, "steps_per_iteration": null, "pin": false, "model_creator": null, "target_batch_size": 1024, "model_string": "resnet18", "min_batch_size": 512, "dataset": "CIFAR", "placement": null, "use_nccl": true, "devices_per_worker": 1, "primary_resource": "extra_gpu", "gpu": false, "verbose": false, "lr_config": {"mode": "log", "steps": 5, "initial_lr": 0.0001, "target_lr": 0.0001}, "batch_per_device": 1024}, "time_since_restore": 44.92637538909912, "timesteps_since_restore": 0, "iterations_since_restore": 5, "mean_throughput": 6677.528069548796, "atoms": 1}
{"apply": 0.006970357894897461, "batch_time": 0.13460640907287597, "d2h": 0.006964421272277832, "data_time": 0.025208278578154896, "fwd": 0.02592315673828125, "get_state_time_mean": NaN, "get_state_time_total": 0.0, "grad": 0.056815052032470705, "mean_accuracy": 0.4213999807834625, "mean_loss": 1.590453763961792, "neg_mean_accuracy": -0.4213999807834625, "set_state_time_mean": NaN, "set_state_time_total": 0.0, "setup_model_time_mean": NaN, "setup_model_time_total": 0.0, "setup_proc_time_mean": NaN, "setup_proc_time_total": 0.0, "train_accuracy": 0.3793399930000305, "train_loss": 1.6816552548599244, "training_time_mean": NaN, "training_time_total": 0.0, "validation_time_mean": NaN, "validation_time_total": 0.0, "samples": 60000, "num_workers": 1, "done": false, "timesteps_total": null, "episodes_total": null, "training_iteration": 6, "neg_mean_loss": -1.590453763961792, "experiment_id": "fc3a8f72d497492d811e30b9aeedf873", "date": "2019-05-30_15-19-41", "timestamp": 1559254781, "time_this_iter_s": 8.23771595954895, "time_total_s": 53.16409134864807, "pid": 12518, "hostname": "steropes", "node_ip": "169.229.49.254", "config": {"starting_lr": 0.0001, "momentum": 0.99, "weight_decay": 0.005, "steps_per_iteration": null, "pin": false, "model_creator": null, "target_batch_size": 1024, "model_string": "resnet18", "min_batch_size": 512, "dataset": "CIFAR", "placement": null, "use_nccl": true, "devices_per_worker": 1, "primary_resource": "extra_gpu", "gpu": false, "verbose": false, "lr_config": {"mode": "log", "steps": 5, "initial_lr": 0.0001, "target_lr": 0.0001}, "batch_per_device": 1024}, "time_since_restore": 53.16409134864807, "timesteps_since_restore": 0, "iterations_since_restore": 6, "mean_throughput": 7322.667715331074, "atoms": 1}
{"apply": 0.00885601043701172, "batch_time": 0.1371922254562378, "d2h": 0.007528090476989746, "data_time": 0.030644431406137894, "fwd": 0.024526381492614747, "get_state_time_mean": NaN, "get_state_time_total": 0.0, "grad": 0.049630475044250486, "mean_accuracy": 0.42890000343322754, "mean_loss": 1.555488583946228, "neg_mean_accuracy": -0.42890000343322754, "set_state_time_mean": NaN, "set_state_time_total": 0.0, "setup_model_time_mean": NaN, "setup_model_time_total": 0.0, "setup_proc_time_mean": NaN, "setup_proc_time_total": 0.0, "train_accuracy": 0.39914000034332275, "train_loss": 1.6286583934783936, "training_time_mean": NaN, "training_time_total": 0.0, "validation_time_mean": NaN, "validation_time_total": 0.0, "samples": 60000, "num_workers": 1, "done": false, "timesteps_total": null, "episodes_total": null, "training_iteration": 7, "neg_mean_loss": -1.555488583946228, "experiment_id": "fc3a8f72d497492d811e30b9aeedf873", "date": "2019-05-30_15-19-49", "timestamp": 1559254789, "time_this_iter_s": 8.06842303276062, "time_total_s": 61.23251438140869, "pid": 12518, "hostname": "steropes", "node_ip": "169.229.49.254", "config": {"starting_lr": 0.0001, "momentum": 0.99, "weight_decay": 0.005, "steps_per_iteration": null, "pin": false, "model_creator": null, "target_batch_size": 1024, "model_string": "resnet18", "min_batch_size": 512, "dataset": "CIFAR", "placement": null, "use_nccl": true, "devices_per_worker": 1, "primary_resource": "extra_gpu", "gpu": false, "verbose": false, "lr_config": {"mode": "log", "steps": 5, "initial_lr": 0.0001, "target_lr": 0.0001}, "batch_per_device": 1024}, "time_since_restore": 61.23251438140869, "timesteps_since_restore": 0, "iterations_since_restore": 7, "mean_throughput": 7316.88689411662, "atoms": 1}
{"apply": 0.007887864112854004, "batch_time": 0.13561205863952636, "d2h": 0.007376265525817871, "data_time": 0.026302799886586715, "fwd": 0.02378215789794922, "get_state_time_mean": NaN, "get_state_time_total": 0.0, "grad": 0.05669543743133545, "mean_accuracy": 0.4536999762058258, "mean_loss": 1.49962835521698, "neg_mean_accuracy": -0.4536999762058258, "set_state_time_mean": NaN, "set_state_time_total": 0.0, "setup_model_time_mean": NaN, "setup_model_time_total": 0.0, "setup_proc_time_mean": NaN, "setup_proc_time_total": 0.0, "train_accuracy": 0.41725999116897583, "train_loss": 1.5792241360855102, "training_time_mean": NaN, "training_time_total": 0.0, "validation_time_mean": NaN, "validation_time_total": 0.0, "samples": 60000, "num_workers": 1, "done": false, "timesteps_total": null, "episodes_total": null, "training_iteration": 8, "neg_mean_loss": -1.49962835521698, "experiment_id": "fc3a8f72d497492d811e30b9aeedf873", "date": "2019-05-30_15-19-57", "timestamp": 1559254797, "time_this_iter_s": 7.854790449142456, "time_total_s": 69.08730483055115, "pid": 12518, "hostname": "steropes", "node_ip": "169.229.49.254", "config": {"starting_lr": 0.0001, "momentum": 0.99, "weight_decay": 0.005, "steps_per_iteration": null, "pin": false, "model_creator": null, "target_batch_size": 1024, "model_string": "resnet18", "min_batch_size": 512, "dataset": "CIFAR", "placement": null, "use_nccl": true, "devices_per_worker": 1, "primary_resource": "extra_gpu", "gpu": false, "verbose": false, "lr_config": {"mode": "log", "steps": 5, "initial_lr": 0.0001, "target_lr": 0.0001}, "batch_per_device": 1024}, "time_since_restore": 69.08730483055115, "timesteps_since_restore": 0, "iterations_since_restore": 8, "mean_throughput": 7365.088780816363, "atoms": 1}
{"apply": 0.0076588869094848635, "batch_time": 0.1409626007080078, "d2h": 0.006202602386474609, "data_time": 0.027755479423367247, "fwd": 0.039367175102233885, "get_state_time_mean": NaN, "get_state_time_total": 0.0, "grad": 0.06508207321166992, "mean_accuracy": 0.45879998803138733, "mean_loss": 1.4674246128082276, "neg_mean_accuracy": -0.45879998803138733, "set_state_time_mean": NaN, "set_state_time_total": 0.0, "setup_model_time_mean": NaN, "setup_model_time_total": 0.0, "setup_proc_time_mean": NaN, "setup_proc_time_total": 0.0, "train_accuracy": 0.43491998314857483, "train_loss": 1.541027160758972, "training_time_mean": NaN, "training_time_total": 0.0, "validation_time_mean": NaN, "validation_time_total": 0.0, "samples": 60000, "num_workers": 1, "done": false, "timesteps_total": null, "episodes_total": null, "training_iteration": 9, "neg_mean_loss": -1.4674246128082276, "experiment_id": "fc3a8f72d497492d811e30b9aeedf873", "date": "2019-05-30_15-20-05", "timestamp": 1559254805, "time_this_iter_s": 8.189122676849365, "time_total_s": 77.27642750740051, "pid": 12518, "hostname": "steropes", "node_ip": "169.229.49.254", "config": {"starting_lr": 0.0001, "momentum": 0.99, "weight_decay": 0.005, "steps_per_iteration": null, "pin": false, "model_creator": null, "target_batch_size": 1024, "model_string": "resnet18", "min_batch_size": 512, "dataset": "CIFAR", "placement": null, "use_nccl": true, "devices_per_worker": 1, "primary_resource": "extra_gpu", "gpu": false, "verbose": false, "lr_config": {"mode": "log", "steps": 5, "initial_lr": 0.0001, "target_lr": 0.0001}, "batch_per_device": 1024}, "time_since_restore": 77.27642750740051, "timesteps_since_restore": 0, "iterations_since_restore": 9, "mean_throughput": 7371.9199338630515, "atoms": 1}
{"apply": 0.00876932144165039, "batch_time": 0.13827083110809327, "d2h": 0.0068206310272216795, "data_time": 0.0225552393465626, "fwd": 0.027245545387268068, "get_state_time_mean": NaN, "get_state_time_total": 0.0, "grad": 0.05819680690765381, "mean_accuracy": 0.4730999767780304, "mean_loss": 1.4331644771575929, "neg_mean_accuracy": -0.4730999767780304, "set_state_time_mean": NaN, "set_state_time_total": 0.0, "setup_model_time_mean": NaN, "setup_model_time_total": 0.0, "setup_proc_time_mean": NaN, "setup_proc_time_total": 0.0, "train_accuracy": 0.4486999809741974, "train_loss": 1.5052614402770996, "training_time_mean": NaN, "training_time_total": 0.0, "validation_time_mean": NaN, "validation_time_total": 0.0, "samples": 60000, "num_workers": 1, "done": false, "timesteps_total": null, "episodes_total": null, "training_iteration": 10, "neg_mean_loss": -1.4331644771575929, "experiment_id": "fc3a8f72d497492d811e30b9aeedf873", "date": "2019-05-30_15-20-13", "timestamp": 1559254813, "time_this_iter_s": 8.086150407791138, "time_total_s": 85.36257791519165, "pid": 12518, "hostname": "steropes", "node_ip": "169.229.49.254", "config": {"starting_lr": 0.0001, "momentum": 0.99, "weight_decay": 0.005, "steps_per_iteration": null, "pin": false, "model_creator": null, "target_batch_size": 1024, "model_string": "resnet18", "min_batch_size": 512, "dataset": "CIFAR", "placement": null, "use_nccl": true, "devices_per_worker": 1, "primary_resource": "extra_gpu", "gpu": false, "verbose": false, "lr_config": {"mode": "log", "steps": 5, "initial_lr": 0.0001, "target_lr": 0.0001}, "batch_per_device": 1024}, "time_since_restore": 85.36257791519165, "timesteps_since_restore": 0, "iterations_since_restore": 10, "mean_throughput": 7419.0242304679305, "atoms": 1}
{"apply": 0.010109829902648925, "batch_time": 0.13388996124267577, "d2h": 0.006611871719360352, "data_time": 0.020569339090464066, "fwd": 0.02924807071685791, "get_state_time_mean": NaN, "get_state_time_total": 0.0, "grad": 0.05816757678985596, "mean_accuracy": 0.47999998927116394, "mean_loss": 1.410370791053772, "neg_mean_accuracy": -0.47999998927116394, "set_state_time_mean": NaN, "set_state_time_total": 0.0, "setup_model_time_mean": NaN, "setup_model_time_total": 0.0, "setup_proc_time_mean": NaN, "setup_proc_time_total": 0.0, "train_accuracy": 0.46074000000953674, "train_loss": 1.4721237091064454, "training_time_mean": NaN, "training_time_total": 0.0, "validation_time_mean": NaN, "validation_time_total": 0.0, "samples": 60000, "num_workers": 1, "done": false, "timesteps_total": null, "episodes_total": null, "training_iteration": 11, "neg_mean_loss": -1.410370791053772, "experiment_id": "fc3a8f72d497492d811e30b9aeedf873", "date": "2019-05-30_15-20-21", "timestamp": 1559254821, "time_this_iter_s": 8.018947124481201, "time_total_s": 93.38152503967285, "pid": 12518, "hostname": "steropes", "node_ip": "169.229.49.254", "config": {"starting_lr": 0.0001, "momentum": 0.99, "weight_decay": 0.005, "steps_per_iteration": null, "pin": false, "model_creator": null, "target_batch_size": 1024, "model_string": "resnet18", "min_batch_size": 512, "dataset": "CIFAR", "placement": null, "use_nccl": true, "devices_per_worker": 1, "primary_resource": "extra_gpu", "gpu": false, "verbose": false, "lr_config": {"mode": "log", "steps": 5, "initial_lr": 0.0001, "target_lr": 0.0001}, "batch_per_device": 1024}, "time_since_restore": 93.38152503967285, "timesteps_since_restore": 0, "iterations_since_restore": 11, "mean_throughput": 7459.380932499802, "atoms": 1}
{"apply": 0.007006549835205078, "batch_time": 0.13694441318511963, "d2h": 0.00634922981262207, "data_time": 0.025129386356898716, "fwd": 0.026660466194152833, "get_state_time_mean": NaN, "get_state_time_total": 0.0, "grad": 0.05024888515472412, "mean_accuracy": 0.49570000171661377, "mean_loss": 1.3860292470932007, "neg_mean_accuracy": -0.49570000171661377, "set_state_time_mean": NaN, "set_state_time_total": 0.0, "setup_model_time_mean": NaN, "setup_model_time_total": 0.0, "setup_proc_time_mean": NaN, "setup_proc_time_total": 0.0, "train_accuracy": 0.4723399877548218, "train_loss": 1.4444926360702515, "training_time_mean": NaN, "training_time_total": 0.0, "validation_time_mean": NaN, "validation_time_total": 0.0, "samples": 60000, "num_workers": 1, "done": true, "timesteps_total": null, "episodes_total": null, "training_iteration": 12, "neg_mean_loss": -1.3860292470932007, "experiment_id": "fc3a8f72d497492d811e30b9aeedf873", "date": "2019-05-30_15-20-29", "timestamp": 1559254829, "time_this_iter_s": 7.875804662704468, "time_total_s": 101.25732970237732, "pid": 12518, "hostname": "steropes", "node_ip": "169.229.49.254", "config": {"starting_lr": 0.0001, "momentum": 0.99, "weight_decay": 0.005, "steps_per_iteration": null, "pin": false, "model_creator": null, "target_batch_size": 1024, "model_string": "resnet18", "min_batch_size": 512, "dataset": "CIFAR", "placement": null, "use_nccl": true, "devices_per_worker": 1, "primary_resource": "extra_gpu", "gpu": false, "verbose": false, "lr_config": {"mode": "log", "steps": 5, "initial_lr": 0.0001, "target_lr": 0.0001}, "batch_per_device": 1024}, "time_since_restore": 101.25732970237732, "timesteps_since_restore": 0, "iterations_since_restore": 12, "mean_throughput": 7495.2778168604245, "atoms": 1}
