apply,batch_time,d2h,data_time,fwd,get_state_time_mean,get_state_time_total,grad,mean_accuracy,mean_loss,neg_mean_accuracy,set_state_time_mean,set_state_time_total,setup_model_time_mean,setup_model_time_total,setup_proc_time_mean,setup_proc_time_total,train_accuracy,train_loss,training_time_mean,training_time_total,val_accuracy,val_loss,validation_time_mean,validation_time_total,samples,num_workers,done,timesteps_total,episodes_total,training_iteration,neg_mean_loss,experiment_id,date,timestamp,time_this_iter_s,time_total_s,pid,hostname,node_ip,config,time_since_restore,timesteps_since_restore,iterations_since_restore,mean_throughput,atoms,setup_time
0.01839160919189453,0.0429382354398317,0.0006815195083618164,0.0018510989215977662,0.20731139183044434,nan,0.0,0.1798948287963867,0.26489999890327454,2.6879239570617677,-0.26489999890327454,nan,0.0,23.527544021606445,23.527544021606445,1.812074899673462,1.812074899673462,0.257779985666275,2.6363462312316894,nan,0.0,0.26489999890327454,2.6879239570617677,nan,0.0,60000,1,False,,,1,-2.6879239570617677,d85ba1b5e15b40559595ec6cce4c4405,2019-06-06_07-03-02,1559829782,47.53046011924744,47.53046011924744,31646,steropes,169.229.49.254,"{'starting_lr': 0.01, 'momentum': 0.9, 'weight_decay': 0.0001, 'steps_per_iteration': None, 'pin': False, 'model_creator': None, 'target_batch_size': 128, 'model_string': 'resnet50', 'min_batch_size': 128, 'dataset': 'CIFAR', 'placement': None, 'use_nccl': True, 'devices_per_worker': 1, 'primary_resource': 'extra_gpu', 'gpu': False, 'verbose': False, 'lr_config': {'mode': 'log', 'steps': 5, 'initial_lr': 0.01, 'target_lr': 0.01}, 'batch_per_device': 128}",47.53046011924744,0,1,1262.3461714893667,1,25.443923711776733
0.017357683181762694,0.03226117846332019,0.0006920337677001953,0.0017764726868066032,0.02843148708343506,nan,0.0,0.048363447189331055,0.33214999735355377,2.2177707027435303,-0.399399995803833,nan,0.0,nan,0.0,nan,0.0,0.3016200065612793,2.1490847061157226,nan,0.0,0.399399995803833,1.7476174484252929,nan,0.0,60000,1,False,,,2,-2.2177707027435303,d85ba1b5e15b40559595ec6cce4c4405,2019-06-06_07-03-43,1559829823,40.775078535079956,88.30553865432739,31646,steropes,169.229.49.254,"{'starting_lr': 0.01, 'momentum': 0.9, 'weight_decay': 0.0001, 'steps_per_iteration': None, 'pin': False, 'model_creator': None, 'target_batch_size': 128, 'model_string': 'resnet50', 'min_batch_size': 128, 'dataset': 'CIFAR', 'placement': None, 'use_nccl': True, 'devices_per_worker': 1, 'primary_resource': 'extra_gpu', 'gpu': False, 'verbose': False, 'lr_config': {'mode': 'log', 'steps': 5, 'initial_lr': 0.01, 'target_lr': 0.01}, 'batch_per_device': 128}",88.30553865432739,0,2,1358.9123214766469,1,25.443923711776733
0.017412424087524414,0.03144296815123739,0.0006668567657470703,0.0017583967779603456,0.027825021743774415,nan,0.0,0.04839339256286621,0.35179999470710754,2.104672209739685,-0.3910999894142151,nan,0.0,nan,0.0,nan,0.0,0.34654000401496887,1.973892999343872,nan,0.0,0.3910999894142151,1.8784752237319946,nan,0.0,60000,1,False,,,3,-2.104672209739685,d85ba1b5e15b40559595ec6cce4c4405,2019-06-06_07-04-24,1559829864,40.64623737335205,128.95177602767944,31646,steropes,169.229.49.254,"{'starting_lr': 0.01, 'momentum': 0.9, 'weight_decay': 0.0001, 'steps_per_iteration': None, 'pin': False, 'model_creator': None, 'target_batch_size': 128, 'model_string': 'resnet50', 'min_batch_size': 128, 'dataset': 'CIFAR', 'placement': None, 'use_nccl': True, 'devices_per_worker': 1, 'primary_resource': 'extra_gpu', 'gpu': False, 'verbose': False, 'lr_config': {'mode': 'log', 'steps': 5, 'initial_lr': 0.01, 'target_lr': 0.01}, 'batch_per_device': 128}",128.95177602767944,0,3,1395.8655806027543,1,25.443923711776733
0.017514133453369142,0.03190728984301603,0.0007398605346679687,0.001752860100982744,0.0283797025680542,nan,0.0,0.048200464248657225,0.36914999037981033,1.980599496603012,-0.4211999773979187,nan,0.0,nan,0.0,nan,0.0,0.3621399998664856,1.8961235763549804,nan,0.0,0.4211999773979187,1.6083813571929932,nan,0.0,60000,1,False,,,4,-1.980599496603012,d85ba1b5e15b40559595ec6cce4c4405,2019-06-06_07-05-04,1559829904,40.57897925376892,169.53075528144836,31646,steropes,169.229.49.254,"{'starting_lr': 0.01, 'momentum': 0.9, 'weight_decay': 0.0001, 'steps_per_iteration': None, 'pin': False, 'model_creator': None, 'target_batch_size': 128, 'model_string': 'resnet50', 'min_batch_size': 128, 'dataset': 'CIFAR', 'placement': None, 'use_nccl': True, 'devices_per_worker': 1, 'primary_resource': 'extra_gpu', 'gpu': False, 'verbose': False, 'lr_config': {'mode': 'log', 'steps': 5, 'initial_lr': 0.01, 'target_lr': 0.01}, 'batch_per_device': 128}",169.53075528144836,0,4,1415.6677667556398,1,25.443923711776733
0.01729140281677246,0.03141782857194732,0.0006293535232543945,0.0017578229879784157,0.028010225296020506,nan,0.0,0.04727888107299805,0.3743599891662598,1.9342766310501098,-0.3951999843120575,nan,0.0,nan,0.0,nan,0.0,0.3888999819755554,1.8381603979492187,nan,0.0,0.3951999843120575,1.748985168838501,nan,0.0,60000,1,False,,,5,-1.9342766310501098,d85ba1b5e15b40559595ec6cce4c4405,2019-06-06_07-05-45,1559829945,40.491735219955444,210.0224905014038,31646,steropes,169.229.49.254,"{'starting_lr': 0.01, 'momentum': 0.9, 'weight_decay': 0.0001, 'steps_per_iteration': None, 'pin': False, 'model_creator': None, 'target_batch_size': 128, 'model_string': 'resnet50', 'min_batch_size': 128, 'dataset': 'CIFAR', 'placement': None, 'use_nccl': True, 'devices_per_worker': 1, 'primary_resource': 'extra_gpu', 'gpu': False, 'verbose': False, 'lr_config': {'mode': 'log', 'steps': 5, 'initial_lr': 0.01, 'target_lr': 0.01}, 'batch_per_device': 128}",210.0224905014038,0,5,1428.4141885538238,1,25.443923711776733
0.017677783966064453,0.031692402272284786,0.0006559133529663086,0.001744104468304178,0.02797389030456543,nan,0.0,0.047638463973999026,0.40461998581886294,1.8719463428115843,-0.4161999821662903,nan,0.0,nan,0.0,nan,0.0,0.3951199948787689,1.8207409436416626,nan,0.0,0.4161999821662903,2.3762725158691405,nan,0.0,60000,1,False,,,6,-1.8719463428115843,d85ba1b5e15b40559595ec6cce4c4405,2019-06-06_07-06-25,1559829985,40.61320233345032,250.63569283485413,31646,steropes,169.229.49.254,"{'starting_lr': 0.01, 'momentum': 0.9, 'weight_decay': 0.0001, 'steps_per_iteration': None, 'pin': False, 'model_creator': None, 'target_batch_size': 128, 'model_string': 'resnet50', 'min_batch_size': 128, 'dataset': 'CIFAR', 'placement': None, 'use_nccl': True, 'devices_per_worker': 1, 'primary_resource': 'extra_gpu', 'gpu': False, 'verbose': False, 'lr_config': {'mode': 'log', 'steps': 5, 'initial_lr': 0.01, 'target_lr': 0.01}, 'batch_per_device': 128}",250.63569283485413,0,6,1477.062323015181,1,25.443923711776733
0.017239022254943847,0.03142680095720895,0.0006796836853027344,0.0017645913926536774,0.027900338172912598,nan,0.0,0.047328782081604,0.4070599853992462,2.20868595500946,-0.4115999937057495,nan,0.0,nan,0.0,nan,0.0,0.3736799955368042,1.8257778644561768,nan,0.0,0.4115999937057495,3.431315509414673,nan,0.0,60000,1,False,,,7,-2.20868595500946,d85ba1b5e15b40559595ec6cce4c4405,2019-06-06_07-07-06,1559830026,40.66484570503235,291.3005385398865,31646,steropes,169.229.49.254,"{'starting_lr': 0.01, 'momentum': 0.9, 'weight_decay': 0.0001, 'steps_per_iteration': None, 'pin': False, 'model_creator': None, 'target_batch_size': 128, 'model_string': 'resnet50', 'min_batch_size': 128, 'dataset': 'CIFAR', 'placement': None, 'use_nccl': True, 'devices_per_worker': 1, 'primary_resource': 'extra_gpu', 'gpu': False, 'verbose': False, 'lr_config': {'mode': 'log', 'steps': 5, 'initial_lr': 0.01, 'target_lr': 0.01}, 'batch_per_device': 128}",291.3005385398865,0,7,1477.8659838968115,1,25.443923711776733
0.017062926292419435,0.0318423313430593,0.000678396224975586,0.0017326408639893203,0.027738523483276368,nan,0.0,0.047440505027770995,0.4030399858951569,2.1864429540252686,-0.3709999918937683,nan,0.0,nan,0.0,nan,0.0,0.38561999797821045,1.7831989255523681,nan,0.0,0.3709999918937683,1.7672602188110351,nan,0.0,60000,1,True,,,8,-2.1864429540252686,d85ba1b5e15b40559595ec6cce4c4405,2019-06-06_07-07-47,1559830067,40.49789023399353,331.79842877388,31646,steropes,169.229.49.254,"{'starting_lr': 0.01, 'momentum': 0.9, 'weight_decay': 0.0001, 'steps_per_iteration': None, 'pin': False, 'model_creator': None, 'target_batch_size': 128, 'model_string': 'resnet50', 'min_batch_size': 128, 'dataset': 'CIFAR', 'placement': None, 'use_nccl': True, 'devices_per_worker': 1, 'primary_resource': 'extra_gpu', 'gpu': False, 'verbose': False, 'lr_config': {'mode': 'log', 'steps': 5, 'initial_lr': 0.01, 'target_lr': 0.01}, 'batch_per_device': 128}",331.79842877388,0,8,1478.946878227311,1,25.443923711776733
