{"apply": 0.01839160919189453, "batch_time": 0.0429382354398317, "d2h": 0.0006815195083618164, "data_time": 0.0018510989215977662, "fwd": 0.20731139183044434, "get_state_time_mean": NaN, "get_state_time_total": 0.0, "grad": 0.1798948287963867, "mean_accuracy": 0.26489999890327454, "mean_loss": 2.6879239570617677, "neg_mean_accuracy": -0.26489999890327454, "set_state_time_mean": NaN, "set_state_time_total": 0.0, "setup_model_time_mean": 23.527544021606445, "setup_model_time_total": 23.527544021606445, "setup_proc_time_mean": 1.812074899673462, "setup_proc_time_total": 1.812074899673462, "train_accuracy": 0.257779985666275, "train_loss": 2.6363462312316894, "training_time_mean": NaN, "training_time_total": 0.0, "val_accuracy": 0.26489999890327454, "val_loss": 2.6879239570617677, "validation_time_mean": NaN, "validation_time_total": 0.0, "samples": 60000, "num_workers": 1, "done": false, "timesteps_total": null, "episodes_total": null, "training_iteration": 1, "neg_mean_loss": -2.6879239570617677, "experiment_id": "d85ba1b5e15b40559595ec6cce4c4405", "date": "2019-06-06_07-03-02", "timestamp": 1559829782, "time_this_iter_s": 47.53046011924744, "time_total_s": 47.53046011924744, "pid": 31646, "hostname": "steropes", "node_ip": "169.229.49.254", "config": {"starting_lr": 0.01, "momentum": 0.9, "weight_decay": 0.0001, "steps_per_iteration": null, "pin": false, "model_creator": null, "target_batch_size": 128, "model_string": "resnet50", "min_batch_size": 128, "dataset": "CIFAR", "placement": null, "use_nccl": true, "devices_per_worker": 1, "primary_resource": "extra_gpu", "gpu": false, "verbose": false, "lr_config": {"mode": "log", "steps": 5, "initial_lr": 0.01, "target_lr": 0.01}, "batch_per_device": 128}, "time_since_restore": 47.53046011924744, "timesteps_since_restore": 0, "iterations_since_restore": 1, "mean_throughput": 1262.3461714893667, "atoms": 1, "setup_time": 25.443923711776733}
{"apply": 0.017357683181762694, "batch_time": 0.03226117846332019, "d2h": 0.0006920337677001953, "data_time": 0.0017764726868066032, "fwd": 0.02843148708343506, "get_state_time_mean": NaN, "get_state_time_total": 0.0, "grad": 0.048363447189331055, "mean_accuracy": 0.33214999735355377, "mean_loss": 2.2177707027435303, "neg_mean_accuracy": -0.399399995803833, "set_state_time_mean": NaN, "set_state_time_total": 0.0, "setup_model_time_mean": NaN, "setup_model_time_total": 0.0, "setup_proc_time_mean": NaN, "setup_proc_time_total": 0.0, "train_accuracy": 0.3016200065612793, "train_loss": 2.1490847061157226, "training_time_mean": NaN, "training_time_total": 0.0, "val_accuracy": 0.399399995803833, "val_loss": 1.7476174484252929, "validation_time_mean": NaN, "validation_time_total": 0.0, "samples": 60000, "num_workers": 1, "done": false, "timesteps_total": null, "episodes_total": null, "training_iteration": 2, "neg_mean_loss": -2.2177707027435303, "experiment_id": "d85ba1b5e15b40559595ec6cce4c4405", "date": "2019-06-06_07-03-43", "timestamp": 1559829823, "time_this_iter_s": 40.775078535079956, "time_total_s": 88.30553865432739, "pid": 31646, "hostname": "steropes", "node_ip": "169.229.49.254", "config": {"starting_lr": 0.01, "momentum": 0.9, "weight_decay": 0.0001, "steps_per_iteration": null, "pin": false, "model_creator": null, "target_batch_size": 128, "model_string": "resnet50", "min_batch_size": 128, "dataset": "CIFAR", "placement": null, "use_nccl": true, "devices_per_worker": 1, "primary_resource": "extra_gpu", "gpu": false, "verbose": false, "lr_config": {"mode": "log", "steps": 5, "initial_lr": 0.01, "target_lr": 0.01}, "batch_per_device": 128}, "time_since_restore": 88.30553865432739, "timesteps_since_restore": 0, "iterations_since_restore": 2, "mean_throughput": 1358.9123214766469, "atoms": 1, "setup_time": 25.443923711776733}
{"apply": 0.017412424087524414, "batch_time": 0.03144296815123739, "d2h": 0.0006668567657470703, "data_time": 0.0017583967779603456, "fwd": 0.027825021743774415, "get_state_time_mean": NaN, "get_state_time_total": 0.0, "grad": 0.04839339256286621, "mean_accuracy": 0.35179999470710754, "mean_loss": 2.104672209739685, "neg_mean_accuracy": -0.3910999894142151, "set_state_time_mean": NaN, "set_state_time_total": 0.0, "setup_model_time_mean": NaN, "setup_model_time_total": 0.0, "setup_proc_time_mean": NaN, "setup_proc_time_total": 0.0, "train_accuracy": 0.34654000401496887, "train_loss": 1.973892999343872, "training_time_mean": NaN, "training_time_total": 0.0, "val_accuracy": 0.3910999894142151, "val_loss": 1.8784752237319946, "validation_time_mean": NaN, "validation_time_total": 0.0, "samples": 60000, "num_workers": 1, "done": false, "timesteps_total": null, "episodes_total": null, "training_iteration": 3, "neg_mean_loss": -2.104672209739685, "experiment_id": "d85ba1b5e15b40559595ec6cce4c4405", "date": "2019-06-06_07-04-24", "timestamp": 1559829864, "time_this_iter_s": 40.64623737335205, "time_total_s": 128.95177602767944, "pid": 31646, "hostname": "steropes", "node_ip": "169.229.49.254", "config": {"starting_lr": 0.01, "momentum": 0.9, "weight_decay": 0.0001, "steps_per_iteration": null, "pin": false, "model_creator": null, "target_batch_size": 128, "model_string": "resnet50", "min_batch_size": 128, "dataset": "CIFAR", "placement": null, "use_nccl": true, "devices_per_worker": 1, "primary_resource": "extra_gpu", "gpu": false, "verbose": false, "lr_config": {"mode": "log", "steps": 5, "initial_lr": 0.01, "target_lr": 0.01}, "batch_per_device": 128}, "time_since_restore": 128.95177602767944, "timesteps_since_restore": 0, "iterations_since_restore": 3, "mean_throughput": 1395.8655806027543, "atoms": 1, "setup_time": 25.443923711776733}
{"apply": 0.017514133453369142, "batch_time": 0.03190728984301603, "d2h": 0.0007398605346679687, "data_time": 0.001752860100982744, "fwd": 0.0283797025680542, "get_state_time_mean": NaN, "get_state_time_total": 0.0, "grad": 0.048200464248657225, "mean_accuracy": 0.36914999037981033, "mean_loss": 1.980599496603012, "neg_mean_accuracy": -0.4211999773979187, "set_state_time_mean": NaN, "set_state_time_total": 0.0, "setup_model_time_mean": NaN, "setup_model_time_total": 0.0, "setup_proc_time_mean": NaN, "setup_proc_time_total": 0.0, "train_accuracy": 0.3621399998664856, "train_loss": 1.8961235763549804, "training_time_mean": NaN, "training_time_total": 0.0, "val_accuracy": 0.4211999773979187, "val_loss": 1.6083813571929932, "validation_time_mean": NaN, "validation_time_total": 0.0, "samples": 60000, "num_workers": 1, "done": false, "timesteps_total": null, "episodes_total": null, "training_iteration": 4, "neg_mean_loss": -1.980599496603012, "experiment_id": "d85ba1b5e15b40559595ec6cce4c4405", "date": "2019-06-06_07-05-04", "timestamp": 1559829904, "time_this_iter_s": 40.57897925376892, "time_total_s": 169.53075528144836, "pid": 31646, "hostname": "steropes", "node_ip": "169.229.49.254", "config": {"starting_lr": 0.01, "momentum": 0.9, "weight_decay": 0.0001, "steps_per_iteration": null, "pin": false, "model_creator": null, "target_batch_size": 128, "model_string": "resnet50", "min_batch_size": 128, "dataset": "CIFAR", "placement": null, "use_nccl": true, "devices_per_worker": 1, "primary_resource": "extra_gpu", "gpu": false, "verbose": false, "lr_config": {"mode": "log", "steps": 5, "initial_lr": 0.01, "target_lr": 0.01}, "batch_per_device": 128}, "time_since_restore": 169.53075528144836, "timesteps_since_restore": 0, "iterations_since_restore": 4, "mean_throughput": 1415.6677667556398, "atoms": 1, "setup_time": 25.443923711776733}
{"apply": 0.01729140281677246, "batch_time": 0.03141782857194732, "d2h": 0.0006293535232543945, "data_time": 0.0017578229879784157, "fwd": 0.028010225296020506, "get_state_time_mean": NaN, "get_state_time_total": 0.0, "grad": 0.04727888107299805, "mean_accuracy": 0.3743599891662598, "mean_loss": 1.9342766310501098, "neg_mean_accuracy": -0.3951999843120575, "set_state_time_mean": NaN, "set_state_time_total": 0.0, "setup_model_time_mean": NaN, "setup_model_time_total": 0.0, "setup_proc_time_mean": NaN, "setup_proc_time_total": 0.0, "train_accuracy": 0.3888999819755554, "train_loss": 1.8381603979492187, "training_time_mean": NaN, "training_time_total": 0.0, "val_accuracy": 0.3951999843120575, "val_loss": 1.748985168838501, "validation_time_mean": NaN, "validation_time_total": 0.0, "samples": 60000, "num_workers": 1, "done": false, "timesteps_total": null, "episodes_total": null, "training_iteration": 5, "neg_mean_loss": -1.9342766310501098, "experiment_id": "d85ba1b5e15b40559595ec6cce4c4405", "date": "2019-06-06_07-05-45", "timestamp": 1559829945, "time_this_iter_s": 40.491735219955444, "time_total_s": 210.0224905014038, "pid": 31646, "hostname": "steropes", "node_ip": "169.229.49.254", "config": {"starting_lr": 0.01, "momentum": 0.9, "weight_decay": 0.0001, "steps_per_iteration": null, "pin": false, "model_creator": null, "target_batch_size": 128, "model_string": "resnet50", "min_batch_size": 128, "dataset": "CIFAR", "placement": null, "use_nccl": true, "devices_per_worker": 1, "primary_resource": "extra_gpu", "gpu": false, "verbose": false, "lr_config": {"mode": "log", "steps": 5, "initial_lr": 0.01, "target_lr": 0.01}, "batch_per_device": 128}, "time_since_restore": 210.0224905014038, "timesteps_since_restore": 0, "iterations_since_restore": 5, "mean_throughput": 1428.4141885538238, "atoms": 1, "setup_time": 25.443923711776733}
{"apply": 0.017677783966064453, "batch_time": 0.031692402272284786, "d2h": 0.0006559133529663086, "data_time": 0.001744104468304178, "fwd": 0.02797389030456543, "get_state_time_mean": NaN, "get_state_time_total": 0.0, "grad": 0.047638463973999026, "mean_accuracy": 0.40461998581886294, "mean_loss": 1.8719463428115843, "neg_mean_accuracy": -0.4161999821662903, "set_state_time_mean": NaN, "set_state_time_total": 0.0, "setup_model_time_mean": NaN, "setup_model_time_total": 0.0, "setup_proc_time_mean": NaN, "setup_proc_time_total": 0.0, "train_accuracy": 0.3951199948787689, "train_loss": 1.8207409436416626, "training_time_mean": NaN, "training_time_total": 0.0, "val_accuracy": 0.4161999821662903, "val_loss": 2.3762725158691405, "validation_time_mean": NaN, "validation_time_total": 0.0, "samples": 60000, "num_workers": 1, "done": false, "timesteps_total": null, "episodes_total": null, "training_iteration": 6, "neg_mean_loss": -1.8719463428115843, "experiment_id": "d85ba1b5e15b40559595ec6cce4c4405", "date": "2019-06-06_07-06-25", "timestamp": 1559829985, "time_this_iter_s": 40.61320233345032, "time_total_s": 250.63569283485413, "pid": 31646, "hostname": "steropes", "node_ip": "169.229.49.254", "config": {"starting_lr": 0.01, "momentum": 0.9, "weight_decay": 0.0001, "steps_per_iteration": null, "pin": false, "model_creator": null, "target_batch_size": 128, "model_string": "resnet50", "min_batch_size": 128, "dataset": "CIFAR", "placement": null, "use_nccl": true, "devices_per_worker": 1, "primary_resource": "extra_gpu", "gpu": false, "verbose": false, "lr_config": {"mode": "log", "steps": 5, "initial_lr": 0.01, "target_lr": 0.01}, "batch_per_device": 128}, "time_since_restore": 250.63569283485413, "timesteps_since_restore": 0, "iterations_since_restore": 6, "mean_throughput": 1477.062323015181, "atoms": 1, "setup_time": 25.443923711776733}
{"apply": 0.017239022254943847, "batch_time": 0.03142680095720895, "d2h": 0.0006796836853027344, "data_time": 0.0017645913926536774, "fwd": 0.027900338172912598, "get_state_time_mean": NaN, "get_state_time_total": 0.0, "grad": 0.047328782081604, "mean_accuracy": 0.4070599853992462, "mean_loss": 2.20868595500946, "neg_mean_accuracy": -0.4115999937057495, "set_state_time_mean": NaN, "set_state_time_total": 0.0, "setup_model_time_mean": NaN, "setup_model_time_total": 0.0, "setup_proc_time_mean": NaN, "setup_proc_time_total": 0.0, "train_accuracy": 0.3736799955368042, "train_loss": 1.8257778644561768, "training_time_mean": NaN, "training_time_total": 0.0, "val_accuracy": 0.4115999937057495, "val_loss": 3.431315509414673, "validation_time_mean": NaN, "validation_time_total": 0.0, "samples": 60000, "num_workers": 1, "done": false, "timesteps_total": null, "episodes_total": null, "training_iteration": 7, "neg_mean_loss": -2.20868595500946, "experiment_id": "d85ba1b5e15b40559595ec6cce4c4405", "date": "2019-06-06_07-07-06", "timestamp": 1559830026, "time_this_iter_s": 40.66484570503235, "time_total_s": 291.3005385398865, "pid": 31646, "hostname": "steropes", "node_ip": "169.229.49.254", "config": {"starting_lr": 0.01, "momentum": 0.9, "weight_decay": 0.0001, "steps_per_iteration": null, "pin": false, "model_creator": null, "target_batch_size": 128, "model_string": "resnet50", "min_batch_size": 128, "dataset": "CIFAR", "placement": null, "use_nccl": true, "devices_per_worker": 1, "primary_resource": "extra_gpu", "gpu": false, "verbose": false, "lr_config": {"mode": "log", "steps": 5, "initial_lr": 0.01, "target_lr": 0.01}, "batch_per_device": 128}, "time_since_restore": 291.3005385398865, "timesteps_since_restore": 0, "iterations_since_restore": 7, "mean_throughput": 1477.8659838968115, "atoms": 1, "setup_time": 25.443923711776733}
{"apply": 0.017062926292419435, "batch_time": 0.0318423313430593, "d2h": 0.000678396224975586, "data_time": 0.0017326408639893203, "fwd": 0.027738523483276368, "get_state_time_mean": NaN, "get_state_time_total": 0.0, "grad": 0.047440505027770995, "mean_accuracy": 0.4030399858951569, "mean_loss": 2.1864429540252686, "neg_mean_accuracy": -0.3709999918937683, "set_state_time_mean": NaN, "set_state_time_total": 0.0, "setup_model_time_mean": NaN, "setup_model_time_total": 0.0, "setup_proc_time_mean": NaN, "setup_proc_time_total": 0.0, "train_accuracy": 0.38561999797821045, "train_loss": 1.7831989255523681, "training_time_mean": NaN, "training_time_total": 0.0, "val_accuracy": 0.3709999918937683, "val_loss": 1.7672602188110351, "validation_time_mean": NaN, "validation_time_total": 0.0, "samples": 60000, "num_workers": 1, "done": true, "timesteps_total": null, "episodes_total": null, "training_iteration": 8, "neg_mean_loss": -2.1864429540252686, "experiment_id": "d85ba1b5e15b40559595ec6cce4c4405", "date": "2019-06-06_07-07-47", "timestamp": 1559830067, "time_this_iter_s": 40.49789023399353, "time_total_s": 331.79842877388, "pid": 31646, "hostname": "steropes", "node_ip": "169.229.49.254", "config": {"starting_lr": 0.01, "momentum": 0.9, "weight_decay": 0.0001, "steps_per_iteration": null, "pin": false, "model_creator": null, "target_batch_size": 128, "model_string": "resnet50", "min_batch_size": 128, "dataset": "CIFAR", "placement": null, "use_nccl": true, "devices_per_worker": 1, "primary_resource": "extra_gpu", "gpu": false, "verbose": false, "lr_config": {"mode": "log", "steps": 5, "initial_lr": 0.01, "target_lr": 0.01}, "batch_per_device": 128}, "time_since_restore": 331.79842877388, "timesteps_since_restore": 0, "iterations_since_restore": 8, "mean_throughput": 1478.946878227311, "atoms": 1, "setup_time": 25.443923711776733}
