apply,batch_time,d2h,data_time,fwd,get_state_time_mean,get_state_time_total,grad,mean_accuracy,mean_loss,neg_mean_accuracy,set_state_time_mean,set_state_time_total,setup_model_time_mean,setup_model_time_total,setup_proc_time_mean,setup_proc_time_total,train_accuracy,train_loss,training_time_mean,training_time_total,val_accuracy,val_loss,validation_time_mean,validation_time_total,samples,num_workers,done,timesteps_total,episodes_total,training_iteration,neg_mean_loss,experiment_id,date,timestamp,time_this_iter_s,time_total_s,pid,hostname,node_ip,config,time_since_restore,timesteps_since_restore,iterations_since_restore,mean_throughput,atoms,setup_time
0.017983222007751466,0.04330177246769772,0.0007181167602539062,0.0019527018222662495,0.1183474063873291,nan,0.0,0.16346948146820067,0.2247999906539917,12.264624166870117,-0.2247999906539917,nan,0.0,8.550971269607544,8.550971269607544,0.18917584419250488,0.18917584419250488,0.1643199920654297,3.6915038861083986,nan,0.0,0.2247999906539917,12.264624166870117,nan,0.0,60000,1,False,,,1,-12.264624166870117,150aba933fc94ecdbb19445fe69cb82c,2019-06-03_04-43-30,1559562210,46.68362784385681,46.68362784385681,23596,steropes,169.229.49.254,"{'starting_lr': 0.005, 'momentum': 0.997, 'weight_decay': 0.001, 'steps_per_iteration': None, 'pin': False, 'model_creator': None, 'target_batch_size': 128, 'model_string': 'resnet50', 'min_batch_size': 128, 'dataset': 'CIFAR', 'placement': None, 'use_nccl': True, 'devices_per_worker': 1, 'primary_resource': 'extra_gpu', 'gpu': False, 'verbose': False, 'lr_config': {'mode': 'log', 'steps': 5, 'initial_lr': 0.005, 'target_lr': 0.005}, 'batch_per_device': 128}",46.68362784385681,0,1,1285.2448472651297,1,9.243844032287598
0.018041157722473146,0.032552541056765784,0.0007004976272583008,0.0018847049654597211,0.028735542297363283,nan,0.0,0.04791693687438965,0.2361999899148941,7.160402153396607,-0.2475999891757965,nan,0.0,nan,0.0,nan,0.0,0.21121999621391296,2.6238909270858763,nan,0.0,0.2475999891757965,2.0561801399230957,nan,0.0,60000,1,False,,,2,-7.160402153396607,150aba933fc94ecdbb19445fe69cb82c,2019-06-03_04-44-11,1559562251,41.368942737579346,88.05257058143616,23596,steropes,169.229.49.254,"{'starting_lr': 0.005, 'momentum': 0.997, 'weight_decay': 0.001, 'steps_per_iteration': None, 'pin': False, 'model_creator': None, 'target_batch_size': 128, 'model_string': 'resnet50', 'min_batch_size': 128, 'dataset': 'CIFAR', 'placement': None, 'use_nccl': True, 'devices_per_worker': 1, 'primary_resource': 'extra_gpu', 'gpu': False, 'verbose': False, 'lr_config': {'mode': 'log', 'steps': 5, 'initial_lr': 0.005, 'target_lr': 0.005}, 'batch_per_device': 128}",88.05257058143616,0,2,1362.8197139613335,1,9.243844032287598
0.01783430576324463,0.03301215171813965,0.0007056713104248047,0.0019376168165670333,0.028590750694274903,nan,0.0,0.04995231628417969,0.25616665681203205,5.387897198168438,-0.296099990606308,nan,0.0,nan,0.0,nan,0.0,0.2623399794101715,1.948173091583252,nan,0.0,0.296099990606308,1.8428872877120972,nan,0.0,60000,1,False,,,3,-5.387897198168438,150aba933fc94ecdbb19445fe69cb82c,2019-06-03_04-44-52,1559562292,41.43899488449097,129.49156546592712,23596,steropes,169.229.49.254,"{'starting_lr': 0.005, 'momentum': 0.997, 'weight_decay': 0.001, 'steps_per_iteration': None, 'pin': False, 'model_creator': None, 'target_batch_size': 128, 'model_string': 'resnet50', 'min_batch_size': 128, 'dataset': 'CIFAR', 'placement': None, 'use_nccl': True, 'devices_per_worker': 1, 'primary_resource': 'extra_gpu', 'gpu': False, 'verbose': False, 'lr_config': {'mode': 'log', 'steps': 5, 'initial_lr': 0.005, 'target_lr': 0.005}, 'batch_per_device': 128}",129.49156546592712,0,3,1390.0486476608974,1,9.243844032287598
0.017438650131225586,0.03288358072691326,0.0006644248962402344,0.001964986781634943,0.02833528518676758,nan,0.0,0.04686059951782227,0.27402499318122864,4.489657235479355,-0.32760000228881836,nan,0.0,nan,0.0,nan,0.0,0.3100999891757965,1.8282988465118408,nan,0.0,0.32760000228881836,1.7949373474121093,nan,0.0,60000,1,False,,,4,-4.489657235479355,150aba933fc94ecdbb19445fe69cb82c,2019-06-03_04-45-34,1559562334,41.16304969787598,170.6546151638031,23596,steropes,169.229.49.254,"{'starting_lr': 0.005, 'momentum': 0.997, 'weight_decay': 0.001, 'steps_per_iteration': None, 'pin': False, 'model_creator': None, 'target_batch_size': 128, 'model_string': 'resnet50', 'min_batch_size': 128, 'dataset': 'CIFAR', 'placement': None, 'use_nccl': True, 'devices_per_worker': 1, 'primary_resource': 'extra_gpu', 'gpu': False, 'verbose': False, 'lr_config': {'mode': 'log', 'steps': 5, 'initial_lr': 0.005, 'target_lr': 0.005}, 'batch_per_device': 128}",170.6546151638031,0,4,1406.346090024078,1,9.243844032287598
0.017272067070007325,0.03233727020553396,0.0006325960159301758,0.001878867673751948,0.028611016273498536,nan,0.0,0.04790022373199463,0.2967999935150146,3.9236187997055056,-0.3878999948501587,nan,0.0,nan,0.0,nan,0.0,0.3365199863910675,1.7702223553848266,nan,0.0,0.3878999948501587,1.6594650566101075,nan,0.0,60000,1,False,,,5,-3.9236187997055056,150aba933fc94ecdbb19445fe69cb82c,2019-06-03_04-46-14,1559562374,40.56943893432617,211.22405409812927,23596,steropes,169.229.49.254,"{'starting_lr': 0.005, 'momentum': 0.997, 'weight_decay': 0.001, 'steps_per_iteration': None, 'pin': False, 'model_creator': None, 'target_batch_size': 128, 'model_string': 'resnet50', 'min_batch_size': 128, 'dataset': 'CIFAR', 'placement': None, 'use_nccl': True, 'devices_per_worker': 1, 'primary_resource': 'extra_gpu', 'gpu': False, 'verbose': False, 'lr_config': {'mode': 'log', 'steps': 5, 'initial_lr': 0.005, 'target_lr': 0.005}, 'batch_per_device': 128}",211.22405409812927,0,5,1420.2896153205304,1,9.243844032287598
0.01782698631286621,0.03266458873507343,0.0006636619567871094,0.0017957528838721077,0.028827786445617676,nan,0.0,0.047737836837768555,0.3385599911212921,1.7809897690200807,-0.43359997868537903,nan,0.0,nan,0.0,nan,0.0,0.3950999975204468,1.6329234309387206,nan,0.0,0.43359997868537903,1.5514790134429932,nan,0.0,60000,1,False,,,6,-1.7809897690200807,150aba933fc94ecdbb19445fe69cb82c,2019-06-03_04-46-55,1559562415,40.45654034614563,251.6805944442749,23596,steropes,169.229.49.254,"{'starting_lr': 0.005, 'momentum': 0.997, 'weight_decay': 0.001, 'steps_per_iteration': None, 'pin': False, 'model_creator': None, 'target_batch_size': 128, 'model_string': 'resnet50', 'min_batch_size': 128, 'dataset': 'CIFAR', 'placement': None, 'use_nccl': True, 'devices_per_worker': 1, 'primary_resource': 'extra_gpu', 'gpu': False, 'verbose': False, 'lr_config': {'mode': 'log', 'steps': 5, 'initial_lr': 0.005, 'target_lr': 0.005}, 'batch_per_device': 128}",251.6805944442749,0,6,1463.432954453633,1,9.243844032287598
0.018067693710327147,0.06181364357471466,0.0006868720054626464,0.003002509170649003,0.13063361644744872,nan,0.0,0.22942677736282346,0.3797999918460846,1.6653490743827821,-0.4537999927997589,3.439479351043701,3.439479351043701,9.767975926399231,9.767975926399231,0.9390689134597778,0.9390689134597778,0.43111997842788696,1.548010863494873,nan,0.0,0.4537999927997589,1.4779766667366028,nan,0.0,60000,2,False,,,7,-1.6653490743827821,150aba933fc94ecdbb19445fe69cb82c,2019-06-03_04-47-57,1559562477,33.947838306427,285.6284327507019,26894,steropes,169.229.49.254,"{'starting_lr': 0.005, 'momentum': 0.997, 'weight_decay': 0.001, 'steps_per_iteration': None, 'pin': False, 'model_creator': None, 'target_batch_size': 128, 'model_string': 'resnet50', 'min_batch_size': 128, 'dataset': 'CIFAR', 'placement': None, 'use_nccl': True, 'devices_per_worker': 1, 'primary_resource': 'extra_gpu', 'gpu': False, 'verbose': False, 'lr_config': {'mode': 'log', 'steps': 5, 'initial_lr': 0.005, 'target_lr': 0.007071067811865476}, 'batch_per_device': 128}",33.947838306427,0,1,1767.4113888696183,2,28.087045431137085
0.018539583683013915,0.037694478034973146,0.0006771326065063477,0.0028373428753444125,0.02970106601715088,nan,0.0,0.08007991313934326,0.4199599862098694,1.571785679473877,-0.49689996242523193,nan,0.0,nan,0.0,nan,0.0,0.4569399952888489,1.4817962738609314,nan,0.0,0.49689996242523193,1.375070313167572,nan,0.0,60000,2,False,,,8,-1.571785679473877,150aba933fc94ecdbb19445fe69cb82c,2019-06-03_04-48-25,1559562505,28.11520504951477,313.7436378002167,26894,steropes,169.229.49.254,"{'starting_lr': 0.005, 'momentum': 0.997, 'weight_decay': 0.001, 'steps_per_iteration': None, 'pin': False, 'model_creator': None, 'target_batch_size': 128, 'model_string': 'resnet50', 'min_batch_size': 128, 'dataset': 'CIFAR', 'placement': None, 'use_nccl': True, 'devices_per_worker': 1, 'primary_resource': 'extra_gpu', 'gpu': False, 'verbose': False, 'lr_config': {'mode': 'log', 'steps': 5, 'initial_lr': 0.005, 'target_lr': 0.007071067811865476}, 'batch_per_device': 128}",62.06304335594177,0,2,1933.5115314666662,2,28.087045431137085
0.01870018243789673,0.039388492703437805,0.0006847023963928222,0.002743202812817632,0.028777468204498294,nan,0.0,0.08499344587326049,0.45359998345375063,1.4873235027313232,-0.4957999885082245,nan,0.0,nan,0.0,nan,0.0,0.48034000396728516,1.4196027515220644,nan,0.0,0.4957999885082245,1.3726264636993408,nan,0.0,60000,2,False,,,9,-1.4873235027313232,150aba933fc94ecdbb19445fe69cb82c,2019-06-03_04-48-53,1559562533,28.149589776992798,341.8932275772095,26894,steropes,169.229.49.254,"{'starting_lr': 0.005, 'momentum': 0.997, 'weight_decay': 0.001, 'steps_per_iteration': None, 'pin': False, 'model_creator': None, 'target_batch_size': 128, 'model_string': 'resnet50', 'min_batch_size': 128, 'dataset': 'CIFAR', 'placement': None, 'use_nccl': True, 'devices_per_worker': 1, 'primary_resource': 'extra_gpu', 'gpu': False, 'verbose': False, 'lr_config': {'mode': 'log', 'steps': 5, 'initial_lr': 0.005, 'target_lr': 0.007071067811865476}, 'batch_per_device': 128}",90.21263313293457,0,3,1995.2796656611185,2,28.087045431137085
0.01981370449066162,0.03622816503047943,0.0006560206413269043,0.0027431480738581444,0.029085850715637206,nan,0.0,0.07990293502807617,0.4772799789905548,1.4349456911849974,-0.5062999725341797,nan,0.0,nan,0.0,nan,0.0,0.49281999468803406,1.3937088209724426,nan,0.0,0.5062999725341797,1.3975759988784788,nan,0.0,60000,2,False,,,10,-1.4349456911849974,150aba933fc94ecdbb19445fe69cb82c,2019-06-03_04-49-21,1559562561,27.908477783203125,369.8017053604126,26894,steropes,169.229.49.254,"{'starting_lr': 0.005, 'momentum': 0.997, 'weight_decay': 0.001, 'steps_per_iteration': None, 'pin': False, 'model_creator': None, 'target_batch_size': 128, 'model_string': 'resnet50', 'min_batch_size': 128, 'dataset': 'CIFAR', 'placement': None, 'use_nccl': True, 'devices_per_worker': 1, 'primary_resource': 'extra_gpu', 'gpu': False, 'verbose': False, 'lr_config': {'mode': 'log', 'steps': 5, 'initial_lr': 0.005, 'target_lr': 0.007071067811865476}, 'batch_per_device': 128}",118.1211109161377,0,4,2031.8066063439553,2,28.087045431137085
0.017694807052612303,0.037519913911819455,0.0006524443626403809,0.002688645100106998,0.02825847864151001,nan,0.0,0.07992812395095825,0.49679996967315676,1.3823239262390135,-0.5311999320983887,nan,0.0,nan,0.0,nan,0.0,0.5043399333953857,1.3656686652374268,nan,0.0,0.5311999320983887,1.2883701887130736,nan,0.0,60000,2,False,,,11,-1.3823239262390135,150aba933fc94ecdbb19445fe69cb82c,2019-06-03_04-49-49,1559562589,27.606539011001587,397.4082443714142,26894,steropes,169.229.49.254,"{'starting_lr': 0.005, 'momentum': 0.997, 'weight_decay': 0.001, 'steps_per_iteration': None, 'pin': False, 'model_creator': None, 'target_batch_size': 128, 'model_string': 'resnet50', 'min_batch_size': 128, 'dataset': 'CIFAR', 'placement': None, 'use_nccl': True, 'devices_per_worker': 1, 'primary_resource': 'extra_gpu', 'gpu': False, 'verbose': False, 'lr_config': {'mode': 'log', 'steps': 5, 'initial_lr': 0.005, 'target_lr': 0.007071067811865476}, 'batch_per_device': 128}",145.72764992713928,0,5,2058.6283860784074,2,28.087045431137085
0.017696785926818847,0.03791153430938721,0.0007268548011779784,0.002669378202788684,0.028329479694366454,nan,0.0,0.08087806701660157,0.5112399756908417,1.3526670030403138,-0.5260000228881836,nan,0.0,nan,0.0,nan,0.0,0.5267999768257141,1.3179058412361147,nan,0.0,0.5260000228881836,1.3296920507431031,nan,0.0,60000,2,False,,,12,-1.3526670030403138,150aba933fc94ecdbb19445fe69cb82c,2019-06-03_04-50-16,1559562616,27.72975730895996,425.13800168037415,26894,steropes,169.229.49.254,"{'starting_lr': 0.005, 'momentum': 0.997, 'weight_decay': 0.001, 'steps_per_iteration': None, 'pin': False, 'model_creator': None, 'target_batch_size': 128, 'model_string': 'resnet50', 'min_batch_size': 128, 'dataset': 'CIFAR', 'placement': None, 'use_nccl': True, 'devices_per_worker': 1, 'primary_resource': 'extra_gpu', 'gpu': False, 'verbose': False, 'lr_config': {'mode': 'log', 'steps': 5, 'initial_lr': 0.005, 'target_lr': 0.007071067811865476}, 'batch_per_device': 128}",173.45740723609924,0,6,2150.3837755224126,2,28.087045431137085
0.020596726735432943,0.08383135148036626,0.0006583293279012044,0.0035793168550835915,0.136966872215271,nan,0.0,0.2532796621322632,0.5419761657714843,1.2824219368359413,-0.5949809551239014,4.5493323802948,4.5493323802948,11.273844162623087,11.273844162623087,7.350003719329834,7.350003719329834,0.560208797454834,1.2247986951109595,nan,0.0,0.5949809551239014,1.1407165602668956,nan,0.0,60000,3,False,,,14,-1.2824219368359413,150aba933fc94ecdbb19445fe69cb82c,2019-06-03_04-51-35,1559562695,28.818171501159668,481.23174118995667,5787,steropes,169.229.49.254,"{'starting_lr': 0.005, 'momentum': 0.997, 'weight_decay': 0.001, 'steps_per_iteration': None, 'pin': False, 'model_creator': None, 'target_batch_size': 128, 'model_string': 'resnet50', 'min_batch_size': 128, 'dataset': 'CIFAR', 'placement': None, 'use_nccl': True, 'devices_per_worker': 1, 'primary_resource': 'extra_gpu', 'gpu': False, 'verbose': False, 'lr_config': {'mode': 'log', 'steps': 5, 'initial_lr': 0.005, 'target_lr': 0.008660254037844387}, 'batch_per_device': 128}",28.818171501159668,0,1,2082.011973282386,3,49.39543604850769
0.01756886641184489,0.0423528559413957,0.0006945212682088216,0.00353372976676805,0.02877694765726725,nan,0.0,0.09079916477203369,0.5607721487681071,1.22636965264287,-0.6002798875172933,nan,0.0,nan,0.0,nan,0.0,0.5826683839162191,1.1685276003635487,nan,0.0,0.6002798875172933,1.1173145779131224,nan,0.0,60000,3,False,,,15,-1.22636965264287,150aba933fc94ecdbb19445fe69cb82c,2019-06-03_04-51-55,1559562715,20.64555311203003,501.8772943019867,5787,steropes,169.229.49.254,"{'starting_lr': 0.005, 'momentum': 0.997, 'weight_decay': 0.001, 'steps_per_iteration': None, 'pin': False, 'model_creator': None, 'target_batch_size': 128, 'model_string': 'resnet50', 'min_batch_size': 128, 'dataset': 'CIFAR', 'placement': None, 'use_nccl': True, 'devices_per_worker': 1, 'primary_resource': 'extra_gpu', 'gpu': False, 'verbose': False, 'lr_config': {'mode': 'log', 'steps': 5, 'initial_lr': 0.005, 'target_lr': 0.008660254037844387}, 'batch_per_device': 128}",49.4637246131897,0,2,2426.010757561813,3,49.39543604850769
0.019085041681925454,0.04208244217766655,0.00066376527150472,0.003788893459407428,0.028369903564453125,nan,0.0,0.09132576783498127,0.57680770556132,1.185787026980636,-0.6113777160644531,nan,0.0,nan,0.0,nan,0.0,0.6003880103429159,1.1222553554195105,nan,0.0,0.6113777160644531,1.0854570604019036,nan,0.0,60000,3,False,,,16,-1.185787026980636,150aba933fc94ecdbb19445fe69cb82c,2019-06-03_04-52-16,1559562736,20.487759590148926,522.3650538921356,5787,steropes,169.229.49.254,"{'starting_lr': 0.005, 'momentum': 0.997, 'weight_decay': 0.001, 'steps_per_iteration': None, 'pin': False, 'model_creator': None, 'target_batch_size': 128, 'model_string': 'resnet50', 'min_batch_size': 128, 'dataset': 'CIFAR', 'placement': None, 'use_nccl': True, 'devices_per_worker': 1, 'primary_resource': 'extra_gpu', 'gpu': False, 'verbose': False, 'lr_config': {'mode': 'log', 'steps': 5, 'initial_lr': 0.005, 'target_lr': 0.008660254037844387}, 'batch_per_device': 128}",69.95148420333862,0,3,2573.2017766743397,3,49.39543604850769
0.017728948593139646,0.04234456427303362,0.0006872177124023437,0.003635077076103851,0.029672733942667645,nan,0.0,0.08885611693064371,0.5962227662404379,1.133719800813317,-0.6230753262837728,nan,0.0,nan,0.0,nan,0.0,0.6079678535461426,1.0984724124372798,nan,0.0,0.6230753262837728,1.069355919906507,nan,0.0,60000,3,False,,,17,-1.133719800813317,150aba933fc94ecdbb19445fe69cb82c,2019-06-03_04-52-36,1559562756,19.824998378753662,542.1900522708893,5787,steropes,169.229.49.254,"{'starting_lr': 0.005, 'momentum': 0.997, 'weight_decay': 0.001, 'steps_per_iteration': None, 'pin': False, 'model_creator': None, 'target_batch_size': 128, 'model_string': 'resnet50', 'min_batch_size': 128, 'dataset': 'CIFAR', 'placement': None, 'use_nccl': True, 'devices_per_worker': 1, 'primary_resource': 'extra_gpu', 'gpu': False, 'verbose': False, 'lr_config': {'mode': 'log', 'steps': 5, 'initial_lr': 0.005, 'target_lr': 0.008660254037844387}, 'batch_per_device': 128}",89.77648258209229,0,4,2673.2952161076223,3,49.39543604850769
0.01755403677622477,0.04589612395675094,0.0007697820663452147,0.0035673522463888305,0.02874600092569987,nan,0.0,0.0888823906580607,0.6112777074178061,1.092435083537549,-0.6266746520996094,nan,0.0,nan,0.0,nan,0.0,0.6136078039805094,1.0876266571446012,nan,0.0,0.6266746520996094,1.0493312991993162,nan,0.0,60000,3,False,,,18,-1.092435083537549,150aba933fc94ecdbb19445fe69cb82c,2019-06-03_04-52-56,1559562776,20.14370036125183,562.3337526321411,5787,steropes,169.229.49.254,"{'starting_lr': 0.005, 'momentum': 0.997, 'weight_decay': 0.001, 'steps_per_iteration': None, 'pin': False, 'model_creator': None, 'target_batch_size': 128, 'model_string': 'resnet50', 'min_batch_size': 128, 'dataset': 'CIFAR', 'placement': None, 'use_nccl': True, 'devices_per_worker': 1, 'primary_resource': 'extra_gpu', 'gpu': False, 'verbose': False, 'lr_config': {'mode': 'log', 'steps': 5, 'initial_lr': 0.005, 'target_lr': 0.008660254037844387}, 'batch_per_device': 128}",109.92018294334412,0,5,2729.242147967157,3,49.39543604850769
0.01728361447652181,0.04243080115612643,0.0006336768468221029,0.0035219780968042424,0.027759774525960287,nan,0.0,0.09181063969930013,0.6152969121932984,1.0835048472588122,-0.6150769790013632,nan,0.0,nan,0.0,nan,0.0,0.6222675641377767,1.0639276091798455,nan,0.0,0.6150769790013632,1.0960653788732113,nan,0.0,60000,3,False,,,19,-1.0835048472588122,150aba933fc94ecdbb19445fe69cb82c,2019-06-03_04-53-16,1559562796,20.388158082962036,582.7219107151031,5787,steropes,169.229.49.254,"{'starting_lr': 0.005, 'momentum': 0.997, 'weight_decay': 0.001, 'steps_per_iteration': None, 'pin': False, 'model_creator': None, 'target_batch_size': 128, 'model_string': 'resnet50', 'min_batch_size': 128, 'dataset': 'CIFAR', 'placement': None, 'use_nccl': True, 'devices_per_worker': 1, 'primary_resource': 'extra_gpu', 'gpu': False, 'verbose': False, 'lr_config': {'mode': 'log', 'steps': 5, 'initial_lr': 0.005, 'target_lr': 0.008660254037844387}, 'batch_per_device': 128}",130.30834102630615,0,6,2955.939176170537,3,49.39543604850769
0.01809951663017273,0.09936138689517976,0.0007196962833404541,0.004697095982882441,0.17497743368148805,nan,0.0,0.28098528981208803,0.6218209981918336,1.0776669364197888,-0.6345000267028809,5.223068416118622,5.223068416118622,12.664662480354309,12.664662480354309,6.694565713405609,6.694565713405609,0.6252800226211548,1.0630626388835909,nan,0.0,0.6345000267028809,1.0490617852449418,nan,0.0,60000,4,False,,,21,-1.0776669364197888,150aba933fc94ecdbb19445fe69cb82c,2019-06-03_04-54-25,1559562865,24.00988793373108,627.1216387748718,5786,steropes,169.229.49.254,"{'starting_lr': 0.005, 'momentum': 0.997, 'weight_decay': 0.001, 'steps_per_iteration': None, 'pin': False, 'model_creator': None, 'target_batch_size': 128, 'model_string': 'resnet50', 'min_batch_size': 128, 'dataset': 'CIFAR', 'placement': None, 'use_nccl': True, 'devices_per_worker': 1, 'primary_resource': 'extra_gpu', 'gpu': False, 'verbose': False, 'lr_config': {'mode': 'log', 'steps': 5, 'initial_lr': 0.005, 'target_lr': 0.01}, 'batch_per_device': 128}",24.00988793373108,0,1,2498.9586937291706,4,44.54665470123291
0.018530118465423583,0.05553843975067138,0.0007031917572021485,0.004701468409324179,0.03053504228591919,nan,0.0,0.1001904308795929,0.6239859302838644,1.0722044078912156,-0.633899986743927,nan,0.0,nan,0.0,nan,0.0,0.6391599774360657,1.0218513364362716,nan,0.0,0.633899986743927,1.0420432772636414,nan,0.0,60000,4,False,,,22,-1.0722044078912156,150aba933fc94ecdbb19445fe69cb82c,2019-06-03_04-54-42,1559562882,16.761316061019897,643.8829548358917,5786,steropes,169.229.49.254,"{'starting_lr': 0.005, 'momentum': 0.997, 'weight_decay': 0.001, 'steps_per_iteration': None, 'pin': False, 'model_creator': None, 'target_batch_size': 128, 'model_string': 'resnet50', 'min_batch_size': 128, 'dataset': 'CIFAR', 'placement': None, 'use_nccl': True, 'devices_per_worker': 1, 'primary_resource': 'extra_gpu', 'gpu': False, 'verbose': False, 'lr_config': {'mode': 'log', 'steps': 5, 'initial_lr': 0.005, 'target_lr': 0.01}, 'batch_per_device': 128}",40.77120399475098,0,2,2943.236768622009,4,44.54665470123291
0.018000632524490356,0.06151191592216492,0.0006840527057647705,0.005257085878021863,0.029212963581085202,nan,0.0,0.09638289809226991,0.6298909982045492,1.0622199374972294,-0.6561999917030334,nan,0.0,nan,0.0,nan,0.0,0.6469399929046631,1.0064031359529495,nan,0.0,0.6561999917030334,0.9994089472293853,nan,0.0,60000,4,False,,,23,-1.0622199374972294,150aba933fc94ecdbb19445fe69cb82c,2019-06-03_04-54-58,1559562898,16.60418438911438,660.4871392250061,5786,steropes,169.229.49.254,"{'starting_lr': 0.005, 'momentum': 0.997, 'weight_decay': 0.001, 'steps_per_iteration': None, 'pin': False, 'model_creator': None, 'target_batch_size': 128, 'model_string': 'resnet50', 'min_batch_size': 128, 'dataset': 'CIFAR', 'placement': None, 'use_nccl': True, 'devices_per_worker': 1, 'primary_resource': 'extra_gpu', 'gpu': False, 'verbose': False, 'lr_config': {'mode': 'log', 'steps': 5, 'initial_lr': 0.005, 'target_lr': 0.01}, 'batch_per_device': 128}",57.375388383865356,0,3,3137.21631384503,4,44.54665470123291
0.019385808706283567,0.05774052143096924,0.0007606148719787598,0.004804753527349355,0.029120439291000364,nan,0.0,0.09760160446166992,0.6422556082407633,1.0275207034755929,-0.6769000291824341,nan,0.0,nan,0.0,nan,0.0,0.6547399759292603,0.9775063934326171,nan,0.0,0.6769000291824341,0.9225692087650299,nan,0.0,60000,4,False,,,24,-1.0275207034755929,150aba933fc94ecdbb19445fe69cb82c,2019-06-03_04-55-15,1559562915,16.645527601242065,677.1326668262482,5786,steropes,169.229.49.254,"{'starting_lr': 0.005, 'momentum': 0.997, 'weight_decay': 0.001, 'steps_per_iteration': None, 'pin': False, 'model_creator': None, 'target_batch_size': 128, 'model_string': 'resnet50', 'min_batch_size': 128, 'dataset': 'CIFAR', 'placement': None, 'use_nccl': True, 'devices_per_worker': 1, 'primary_resource': 'extra_gpu', 'gpu': False, 'verbose': False, 'lr_config': {'mode': 'log', 'steps': 5, 'initial_lr': 0.005, 'target_lr': 0.01}, 'batch_per_device': 128}",74.02091598510742,0,4,3242.309374644418,4,44.54665470123291
0.019337385892868042,0.0603933721780777,0.0007075250148773194,0.004650929752661258,0.033253544569015504,nan,0.0,0.09620259404182434,0.6549600005149842,0.9907864232015611,-0.6732999682426453,nan,0.0,nan,0.0,nan,0.0,0.6629199981689453,0.9578684598255157,nan,0.0,0.6732999682426453,0.9408488975048065,nan,0.0,60000,4,False,,,25,-0.9907864232015611,150aba933fc94ecdbb19445fe69cb82c,2019-06-03_04-55-32,1559562932,16.72562551498413,693.8582923412323,5786,steropes,169.229.49.254,"{'starting_lr': 0.005, 'momentum': 0.997, 'weight_decay': 0.001, 'steps_per_iteration': None, 'pin': False, 'model_creator': None, 'target_batch_size': 128, 'model_string': 'resnet50', 'min_batch_size': 128, 'dataset': 'CIFAR', 'placement': None, 'use_nccl': True, 'devices_per_worker': 1, 'primary_resource': 'extra_gpu', 'gpu': False, 'verbose': False, 'lr_config': {'mode': 'log', 'steps': 5, 'initial_lr': 0.005, 'target_lr': 0.01}, 'batch_per_device': 128}",90.74654150009155,0,5,3305.890710461217,4,44.54665470123291
0.02030435800552368,0.05996627509593963,0.0007136881351470948,0.004730125471037261,0.02943797707557678,nan,0.0,0.09807268977165222,0.6623199939727783,0.969446546883583,-0.6712999939918518,nan,0.0,nan,0.0,nan,0.0,0.671459972858429,0.9358153716230393,nan,0.0,0.6712999939918518,0.9423624036550522,nan,0.0,60000,4,False,,,26,-0.969446546883583,150aba933fc94ecdbb19445fe69cb82c,2019-06-03_04-55-48,1559562948,16.761659383773804,710.6199517250061,5786,steropes,169.229.49.254,"{'starting_lr': 0.005, 'momentum': 0.997, 'weight_decay': 0.001, 'steps_per_iteration': None, 'pin': False, 'model_creator': None, 'target_batch_size': 128, 'model_string': 'resnet50', 'min_batch_size': 128, 'dataset': 'CIFAR', 'placement': None, 'use_nccl': True, 'devices_per_worker': 1, 'primary_resource': 'extra_gpu', 'gpu': False, 'verbose': False, 'lr_config': {'mode': 'log', 'steps': 5, 'initial_lr': 0.005, 'target_lr': 0.01}, 'batch_per_device': 128}",107.50820088386536,0,6,3592.864413440181,4,44.54665470123291
0.018728673458099365,0.05370321571826935,0.0007422566413879395,0.0046062992543590316,0.029827380180358888,nan,0.0,0.10017597079277038,0.6654399991035461,0.9658903599548341,-0.6495000123977661,nan,0.0,nan,0.0,nan,0.0,0.6654199361801147,0.9573591461515426,nan,0.0,0.6495000123977661,1.024262342619896,nan,0.0,60000,4,False,,,27,-0.9658903599548341,150aba933fc94ecdbb19445fe69cb82c,2019-06-03_04-56-05,1559562965,16.41136860847473,727.0313203334808,5786,steropes,169.229.49.254,"{'starting_lr': 0.005, 'momentum': 0.997, 'weight_decay': 0.001, 'steps_per_iteration': None, 'pin': False, 'model_creator': None, 'target_batch_size': 128, 'model_string': 'resnet50', 'min_batch_size': 128, 'dataset': 'CIFAR', 'placement': None, 'use_nccl': True, 'devices_per_worker': 1, 'primary_resource': 'extra_gpu', 'gpu': False, 'verbose': False, 'lr_config': {'mode': 'log', 'steps': 5, 'initial_lr': 0.005, 'target_lr': 0.01}, 'batch_per_device': 128}",123.91956949234009,0,7,3607.9873846697606,4,44.54665470123291
0.018165618181228638,0.06150649785995483,0.0007636427879333497,0.004854465017513353,0.02987847328186035,nan,0.0,0.09989269971847535,0.665779995918274,0.9642964217758179,-0.6578999757766724,nan,0.0,nan,0.0,nan,0.0,0.664139986038208,0.9677808852338791,nan,0.0,0.6578999757766724,0.991439256334305,nan,0.0,60000,4,False,,,28,-0.9642964217758179,150aba933fc94ecdbb19445fe69cb82c,2019-06-03_04-56-22,1559562982,16.786356925964355,743.8176772594452,5786,steropes,169.229.49.254,"{'starting_lr': 0.005, 'momentum': 0.997, 'weight_decay': 0.001, 'steps_per_iteration': None, 'pin': False, 'model_creator': None, 'target_batch_size': 128, 'model_string': 'resnet50', 'min_batch_size': 128, 'dataset': 'CIFAR', 'placement': None, 'use_nccl': True, 'devices_per_worker': 1, 'primary_resource': 'extra_gpu', 'gpu': False, 'verbose': False, 'lr_config': {'mode': 'log', 'steps': 5, 'initial_lr': 0.005, 'target_lr': 0.01}, 'batch_per_device': 128}",140.70592641830444,0,8,3600.09968652191,4,44.54665470123291
0.01989118456840515,0.059125927090644834,0.0006927073001861573,0.004933647963465477,0.03491747975349427,nan,0.0,0.09774558544158936,0.6669599890708924,0.9659450201702118,-0.6827999949455261,nan,0.0,nan,0.0,nan,0.0,0.6617199778556824,0.9620745889806748,nan,0.0,0.6827999949455261,0.9308122007369996,nan,0.0,60000,4,False,,,29,-0.9659450201702118,150aba933fc94ecdbb19445fe69cb82c,2019-06-03_04-56-38,1559562998,16.675276517868042,760.4929537773132,5786,steropes,169.229.49.254,"{'starting_lr': 0.005, 'momentum': 0.997, 'weight_decay': 0.001, 'steps_per_iteration': None, 'pin': False, 'model_creator': None, 'target_batch_size': 128, 'model_string': 'resnet50', 'min_batch_size': 128, 'dataset': 'CIFAR', 'placement': None, 'use_nccl': True, 'devices_per_worker': 1, 'primary_resource': 'extra_gpu', 'gpu': False, 'verbose': False, 'lr_config': {'mode': 'log', 'steps': 5, 'initial_lr': 0.005, 'target_lr': 0.01}, 'batch_per_device': 128}",157.38120293617249,0,9,3598.8146531910065,4,44.54665470123291
0.018904268741607666,0.0563899964094162,0.0006796419620513915,0.004974267920669245,0.029371589422225952,nan,0.0,0.09767050743103027,0.6670399904251099,0.9674995948600769,-0.6736999750137329,nan,0.0,nan,0.0,nan,0.0,0.6656799912452698,0.956629370288849,nan,0.0,0.6736999750137329,0.948621770954132,nan,0.0,60000,4,False,,,30,-0.9674995948600769,150aba933fc94ecdbb19445fe69cb82c,2019-06-03_04-56-55,1559563015,16.727524280548096,777.2204780578613,5786,steropes,169.229.49.254,"{'starting_lr': 0.005, 'momentum': 0.997, 'weight_decay': 0.001, 'steps_per_iteration': None, 'pin': False, 'model_creator': None, 'target_batch_size': 128, 'model_string': 'resnet50', 'min_batch_size': 128, 'dataset': 'CIFAR', 'placement': None, 'use_nccl': True, 'devices_per_worker': 1, 'primary_resource': 'extra_gpu', 'gpu': False, 'verbose': False, 'lr_config': {'mode': 'log', 'steps': 5, 'initial_lr': 0.005, 'target_lr': 0.01}, 'batch_per_device': 128}",174.10872721672058,0,10,3598.7363362107085,4,44.54665470123291
0.02041313648223877,0.05554480254650116,0.0007098078727722168,0.0048768696736316295,0.03275635838508606,nan,0.0,0.10159223675727845,0.6682599782943726,0.9675306919574738,-0.6773999333381653,nan,0.0,nan,0.0,nan,0.0,0.6767199635505676,0.9351073154687881,nan,0.0,0.6773999333381653,0.9425178891420364,nan,0.0,60000,4,False,,,31,-0.9675306919574738,150aba933fc94ecdbb19445fe69cb82c,2019-06-03_04-57-12,1559563032,16.98713517189026,794.2076132297516,5786,steropes,169.229.49.254,"{'starting_lr': 0.005, 'momentum': 0.997, 'weight_decay': 0.001, 'steps_per_iteration': None, 'pin': False, 'model_creator': None, 'target_batch_size': 128, 'model_string': 'resnet50', 'min_batch_size': 128, 'dataset': 'CIFAR', 'placement': None, 'use_nccl': True, 'devices_per_worker': 1, 'primary_resource': 'extra_gpu', 'gpu': False, 'verbose': False, 'lr_config': {'mode': 'log', 'steps': 5, 'initial_lr': 0.005, 'target_lr': 0.01}, 'batch_per_device': 128}",191.09586238861084,0,11,3589.0287424455346,4,44.54665470123291
0.018842256069183348,0.05299310088157654,0.0007331669330596924,0.004616996463464231,0.028599494695663454,nan,0.0,0.09729471802711487,0.671399962902069,0.9564137608623504,-0.6651999354362488,nan,0.0,nan,0.0,nan,0.0,0.6683800220489502,0.9487542775821687,nan,0.0,0.6651999354362488,0.9686776871442795,nan,0.0,60000,4,False,,,32,-0.9564137608623504,150aba933fc94ecdbb19445fe69cb82c,2019-06-03_04-57-29,1559563049,16.601541996002197,810.8091552257538,5786,steropes,169.229.49.254,"{'starting_lr': 0.005, 'momentum': 0.997, 'weight_decay': 0.001, 'steps_per_iteration': None, 'pin': False, 'model_creator': None, 'target_batch_size': 128, 'model_string': 'resnet50', 'min_batch_size': 128, 'dataset': 'CIFAR', 'placement': None, 'use_nccl': True, 'devices_per_worker': 1, 'primary_resource': 'extra_gpu', 'gpu': False, 'verbose': False, 'lr_config': {'mode': 'log', 'steps': 5, 'initial_lr': 0.005, 'target_lr': 0.01}, 'batch_per_device': 128}",207.69740438461304,0,12,3580.881857076361,4,44.54665470123291
0.019189536571502686,0.05055333971977234,0.0007458627223968506,0.004730288471494403,0.029625618457794187,nan,0.0,0.09468266367912291,0.6772799611091613,0.9394567137670518,-0.6872999668121338,nan,0.0,nan,0.0,nan,0.0,0.6755399703979492,0.9371809237909318,nan,0.0,0.6872999668121338,0.9066540208578109,nan,0.0,60000,4,False,,,33,-0.9394567137670518,150aba933fc94ecdbb19445fe69cb82c,2019-06-03_04-57-45,1559563065,16.499610662460327,827.3087658882141,5786,steropes,169.229.49.254,"{'starting_lr': 0.005, 'momentum': 0.997, 'weight_decay': 0.001, 'steps_per_iteration': None, 'pin': False, 'model_creator': None, 'target_batch_size': 128, 'model_string': 'resnet50', 'min_batch_size': 128, 'dataset': 'CIFAR', 'placement': None, 'use_nccl': True, 'devices_per_worker': 1, 'primary_resource': 'extra_gpu', 'gpu': False, 'verbose': False, 'lr_config': {'mode': 'log', 'steps': 5, 'initial_lr': 0.005, 'target_lr': 0.01}, 'batch_per_device': 128}",224.19701504707336,0,13,3593.1792659353273,4,44.54665470123291
0.020844340324401855,0.05822409093379974,0.0007651031017303467,0.004882977325089124,0.031031054258346555,nan,0.0,0.09580889344215394,0.678719961643219,0.931393237490654,-0.6899999976158142,nan,0.0,nan,0.0,nan,0.0,0.6863200068473816,0.9052095252895355,nan,0.0,0.6899999976158142,0.8904948193550111,nan,0.0,60000,4,False,,,34,-0.931393237490654,150aba933fc94ecdbb19445fe69cb82c,2019-06-03_04-58-02,1559563082,16.582157135009766,843.8909230232239,5786,steropes,169.229.49.254,"{'starting_lr': 0.005, 'momentum': 0.997, 'weight_decay': 0.001, 'steps_per_iteration': None, 'pin': False, 'model_creator': None, 'target_batch_size': 128, 'model_string': 'resnet50', 'min_batch_size': 128, 'dataset': 'CIFAR', 'placement': None, 'use_nccl': True, 'devices_per_worker': 1, 'primary_resource': 'extra_gpu', 'gpu': False, 'verbose': False, 'lr_config': {'mode': 'log', 'steps': 5, 'initial_lr': 0.005, 'target_lr': 0.01}, 'batch_per_device': 128}",240.77917218208313,0,14,3597.1921224835246,4,44.54665470123291
0.018496865034103395,0.056133428215980524,0.0007744967937469482,0.004779284097710434,0.02949199080467224,nan,0.0,0.09558905363082887,0.6797799706459046,0.9268870877599715,-0.6790000200271606,nan,0.0,nan,0.0,nan,0.0,0.6846399307250977,0.9108910834264755,nan,0.0,0.6790000200271606,0.9260910223007202,nan,0.0,60000,4,False,,,35,-0.9268870877599715,150aba933fc94ecdbb19445fe69cb82c,2019-06-03_04-58-18,1559563098,16.62494707107544,860.5158700942993,5786,steropes,169.229.49.254,"{'starting_lr': 0.005, 'momentum': 0.997, 'weight_decay': 0.001, 'steps_per_iteration': None, 'pin': False, 'model_creator': None, 'target_batch_size': 128, 'model_string': 'resnet50', 'min_batch_size': 128, 'dataset': 'CIFAR', 'placement': None, 'use_nccl': True, 'devices_per_worker': 1, 'primary_resource': 'extra_gpu', 'gpu': False, 'verbose': False, 'lr_config': {'mode': 'log', 'steps': 5, 'initial_lr': 0.005, 'target_lr': 0.01}, 'batch_per_device': 128}",257.40411925315857,0,15,3601.620604933435,4,44.54665470123291
0.019171077013015746,0.05422852039337159,0.0008648753166198731,0.004823240090389641,0.0296741247177124,nan,0.0,0.09869776964187621,0.6809599757194519,0.9203239532232285,-0.6832999587059021,nan,0.0,nan,0.0,nan,0.0,0.6869999766349792,0.9064459114170075,nan,0.0,0.6832999587059021,0.9097022164583206,nan,0.0,60000,4,False,,,36,-0.9203239532232285,150aba933fc94ecdbb19445fe69cb82c,2019-06-03_04-58-35,1559563115,16.440733671188354,876.9566037654877,5786,steropes,169.229.49.254,"{'starting_lr': 0.005, 'momentum': 0.997, 'weight_decay': 0.001, 'steps_per_iteration': None, 'pin': False, 'model_creator': None, 'target_batch_size': 128, 'model_string': 'resnet50', 'min_batch_size': 128, 'dataset': 'CIFAR', 'placement': None, 'use_nccl': True, 'devices_per_worker': 1, 'primary_resource': 'extra_gpu', 'gpu': False, 'verbose': False, 'lr_config': {'mode': 'log', 'steps': 5, 'initial_lr': 0.005, 'target_lr': 0.01}, 'batch_per_device': 128}",273.8448529243469,0,16,3625.4024619602355,4,44.54665470123291
0.020193558931350705,0.06084276437759399,0.0007740557193756104,0.004620974161186997,0.0350394606590271,nan,0.0,0.0981811225414276,0.6809399843215942,0.9260566968965531,-0.6650999784469604,nan,0.0,nan,0.0,nan,0.0,0.6901999711990356,0.9043977116680146,nan,0.0,0.6650999784469604,0.9973414055109023,nan,0.0,60000,4,False,,,37,-0.9260566968965531,150aba933fc94ecdbb19445fe69cb82c,2019-06-03_04-58-51,1559563131,16.538822174072266,893.4954259395599,5786,steropes,169.229.49.254,"{'starting_lr': 0.005, 'momentum': 0.997, 'weight_decay': 0.001, 'steps_per_iteration': None, 'pin': False, 'model_creator': None, 'target_batch_size': 128, 'model_string': 'resnet50', 'min_batch_size': 128, 'dataset': 'CIFAR', 'placement': None, 'use_nccl': True, 'devices_per_worker': 1, 'primary_resource': 'extra_gpu', 'gpu': False, 'verbose': False, 'lr_config': {'mode': 'log', 'steps': 5, 'initial_lr': 0.005, 'target_lr': 0.01}, 'batch_per_device': 128}",290.3836750984192,0,17,3628.1525825900085,4,44.54665470123291
0.018714946508407597,0.0589552253484726,0.000758516788482666,0.004834122803746438,0.030604392290115356,nan,0.0,0.09620137810707091,0.6814999938011169,0.9268057658290862,-0.6901000142097473,nan,0.0,nan,0.0,nan,0.0,0.687559962272644,0.9071173877096176,nan,0.0,0.6901000142097473,0.9103993655204773,nan,0.0,60000,4,False,,,38,-0.9268057658290862,150aba933fc94ecdbb19445fe69cb82c,2019-06-03_04-59-08,1559563148,16.60260272026062,910.0980286598206,5786,steropes,169.229.49.254,"{'starting_lr': 0.005, 'momentum': 0.997, 'weight_decay': 0.001, 'steps_per_iteration': None, 'pin': False, 'model_creator': None, 'target_batch_size': 128, 'model_string': 'resnet50', 'min_batch_size': 128, 'dataset': 'CIFAR', 'placement': None, 'use_nccl': True, 'devices_per_worker': 1, 'primary_resource': 'extra_gpu', 'gpu': False, 'verbose': False, 'lr_config': {'mode': 'log', 'steps': 5, 'initial_lr': 0.005, 'target_lr': 0.01}, 'batch_per_device': 128}",306.9862778186798,0,18,3623.6404546902004,4,44.54665470123291
0.01859305500984192,0.06146219968795776,0.0007034182548522949,0.004564223849043553,0.031127977371215823,nan,0.0,0.09595818519592285,0.6756599903106689,0.9444243735361099,-0.6607999801635742,nan,0.0,nan,0.0,nan,0.0,0.6831599473953247,0.9183510461521149,nan,0.0,0.6607999801635742,0.978587857890129,nan,0.0,60000,4,False,,,39,-0.9444243735361099,150aba933fc94ecdbb19445fe69cb82c,2019-06-03_04-59-24,1559563164,16.535053253173828,926.6330819129944,5786,steropes,169.229.49.254,"{'starting_lr': 0.005, 'momentum': 0.997, 'weight_decay': 0.001, 'steps_per_iteration': None, 'pin': False, 'model_creator': None, 'target_batch_size': 128, 'model_string': 'resnet50', 'min_batch_size': 128, 'dataset': 'CIFAR', 'placement': None, 'use_nccl': True, 'devices_per_worker': 1, 'primary_resource': 'extra_gpu', 'gpu': False, 'verbose': False, 'lr_config': {'mode': 'log', 'steps': 5, 'initial_lr': 0.005, 'target_lr': 0.01}, 'batch_per_device': 128}",323.52133107185364,0,19,3625.702399389815,4,44.54665470123291
0.0194487988948822,0.060200870037078864,0.0007400512695312501,0.004723200384451418,0.03019465804100037,nan,0.0,0.09461961388587953,0.6759199857711792,0.9422278509569167,-0.6802999973297119,nan,0.0,nan,0.0,nan,0.0,0.6865999698638916,0.9099941481304169,nan,0.0,0.6802999973297119,0.9151084094047546,nan,0.0,60000,4,False,,,40,-0.9422278509569167,150aba933fc94ecdbb19445fe69cb82c,2019-06-03_04-59-41,1559563181,16.436245918273926,943.0693278312683,5786,steropes,169.229.49.254,"{'starting_lr': 0.005, 'momentum': 0.997, 'weight_decay': 0.001, 'steps_per_iteration': None, 'pin': False, 'model_creator': None, 'target_batch_size': 128, 'model_string': 'resnet50', 'min_batch_size': 128, 'dataset': 'CIFAR', 'placement': None, 'use_nccl': True, 'devices_per_worker': 1, 'primary_resource': 'extra_gpu', 'gpu': False, 'verbose': False, 'lr_config': {'mode': 'log', 'steps': 5, 'initial_lr': 0.005, 'target_lr': 0.01}, 'batch_per_device': 128}",339.95757699012756,0,20,3633.9913503874027,4,44.54665470123291
0.019505071640014648,0.06083738505840301,0.000715571641921997,0.004751335601417386,0.03411912322044373,nan,0.0,0.09786599278450012,0.6782999873161316,0.9412900765895843,-0.6951999664306641,nan,0.0,nan,0.0,nan,0.0,0.6931999921798706,0.8911475592279434,nan,0.0,0.6951999664306641,0.9050133446216583,nan,0.0,60000,4,False,,,41,-0.9412900765895843,150aba933fc94ecdbb19445fe69cb82c,2019-06-03_04-59-57,1559563197,16.698559999465942,959.7678878307343,5786,steropes,169.229.49.254,"{'starting_lr': 0.005, 'momentum': 0.997, 'weight_decay': 0.001, 'steps_per_iteration': None, 'pin': False, 'model_creator': None, 'target_batch_size': 128, 'model_string': 'resnet50', 'min_batch_size': 128, 'dataset': 'CIFAR', 'placement': None, 'use_nccl': True, 'devices_per_worker': 1, 'primary_resource': 'extra_gpu', 'gpu': False, 'verbose': False, 'lr_config': {'mode': 'log', 'steps': 5, 'initial_lr': 0.005, 'target_lr': 0.01}, 'batch_per_device': 128}",356.6561369895935,0,21,3622.6733931417293,4,44.54665470123291
0.021008116006851197,0.05254662930965423,0.0006667912006378175,0.004910632663843583,0.031121587753295897,nan,0.0,0.09958395957946777,0.6853999853134155,0.913630871195793,-0.7005999684333801,nan,0.0,nan,0.0,nan,0.0,0.694599986076355,0.8831134924602508,nan,0.0,0.7005999684333801,0.8590453785419463,nan,0.0,60000,4,False,,,42,-0.913630871195793,150aba933fc94ecdbb19445fe69cb82c,2019-06-03_05-00-14,1559563214,16.80033588409424,976.5682237148285,5786,steropes,169.229.49.254,"{'starting_lr': 0.005, 'momentum': 0.997, 'weight_decay': 0.001, 'steps_per_iteration': None, 'pin': False, 'model_creator': None, 'target_batch_size': 128, 'model_string': 'resnet50', 'min_batch_size': 128, 'dataset': 'CIFAR', 'placement': None, 'use_nccl': True, 'devices_per_worker': 1, 'primary_resource': 'extra_gpu', 'gpu': False, 'verbose': False, 'lr_config': {'mode': 'log', 'steps': 5, 'initial_lr': 0.005, 'target_lr': 0.01}, 'batch_per_device': 128}",373.45647287368774,0,22,3611.2687215622977,4,44.54665470123291
0.019111812114715576,0.05237560272216797,0.0007413864135742188,0.004741991052822191,0.02995663285255432,nan,0.0,0.09519606828689575,0.6861199736595154,0.9078659702157974,-0.6936999559402466,nan,0.0,nan,0.0,nan,0.0,0.6997600197792053,0.8695717793893813,nan,0.0,0.6936999559402466,0.8815748606204987,nan,0.0,60000,4,False,,,43,-0.9078659702157974,150aba933fc94ecdbb19445fe69cb82c,2019-06-03_05-00-31,1559563231,16.81833791732788,993.3865616321564,5786,steropes,169.229.49.254,"{'starting_lr': 0.005, 'momentum': 0.997, 'weight_decay': 0.001, 'steps_per_iteration': None, 'pin': False, 'model_creator': None, 'target_batch_size': 128, 'model_string': 'resnet50', 'min_batch_size': 128, 'dataset': 'CIFAR', 'placement': None, 'use_nccl': True, 'devices_per_worker': 1, 'primary_resource': 'extra_gpu', 'gpu': False, 'verbose': False, 'lr_config': {'mode': 'log', 'steps': 5, 'initial_lr': 0.005, 'target_lr': 0.01}, 'batch_per_device': 128}",390.2748107910156,0,23,3601.9145476194412,4,44.54665470123291
0.019981241226196288,0.051296666264534,0.0007098376750946044,0.004681207695785833,0.033191370964050296,nan,0.0,0.0987677276134491,0.6942799806594848,0.8834218651103972,-0.7016000151634216,nan,0.0,nan,0.0,nan,0.0,0.7027600407600403,0.8655666147232056,nan,0.0,0.7016000151634216,0.8563673323631287,nan,0.0,60000,4,False,,,44,-0.8834218651103972,150aba933fc94ecdbb19445fe69cb82c,2019-06-03_05-00-48,1559563248,16.449666738510132,1009.8362283706665,5786,steropes,169.229.49.254,"{'starting_lr': 0.005, 'momentum': 0.997, 'weight_decay': 0.001, 'steps_per_iteration': None, 'pin': False, 'model_creator': None, 'target_batch_size': 128, 'model_string': 'resnet50', 'min_batch_size': 128, 'dataset': 'CIFAR', 'placement': None, 'use_nccl': True, 'devices_per_worker': 1, 'primary_resource': 'extra_gpu', 'gpu': False, 'verbose': False, 'lr_config': {'mode': 'log', 'steps': 5, 'initial_lr': 0.005, 'target_lr': 0.01}, 'batch_per_device': 128}",406.72447752952576,0,24,3605.6112793181114,4,44.54665470123291
0.01811289191246033,0.053036201000213626,0.0007451236248016357,0.004759564691660356,0.029704940319061277,nan,0.0,0.09637365341186524,0.6966199755668641,0.8822641794443129,-0.6919999718666077,nan,0.0,nan,0.0,nan,0.0,0.7054199576377869,0.85461061627388,nan,0.0,0.6919999718666077,0.9093199810743331,nan,0.0,60000,4,False,,,45,-0.8822641794443129,150aba933fc94ecdbb19445fe69cb82c,2019-06-03_05-01-04,1559563264,16.33984136581421,1026.1760697364807,5786,steropes,169.229.49.254,"{'starting_lr': 0.005, 'momentum': 0.997, 'weight_decay': 0.001, 'steps_per_iteration': None, 'pin': False, 'model_creator': None, 'target_batch_size': 128, 'model_string': 'resnet50', 'min_batch_size': 128, 'dataset': 'CIFAR', 'placement': None, 'use_nccl': True, 'devices_per_worker': 1, 'primary_resource': 'extra_gpu', 'gpu': False, 'verbose': False, 'lr_config': {'mode': 'log', 'steps': 5, 'initial_lr': 0.005, 'target_lr': 0.01}, 'batch_per_device': 128}",423.06431889533997,0,25,3609.793505113581,4,44.54665470123291
0.018117755651474,0.05537167489528656,0.0007664203643798829,0.004729607883764773,0.02895359396934509,nan,0.0,0.09610482454299926,0.6957599759101868,0.8810398759889603,-0.6908999681472778,nan,0.0,nan,0.0,nan,0.0,0.7033399343490601,0.8628240579414367,nan,0.0,0.6908999681472778,0.8988918273448944,nan,0.0,60000,4,False,,,46,-0.8810398759889603,150aba933fc94ecdbb19445fe69cb82c,2019-06-03_05-01-21,1559563281,16.67290687561035,1042.848976612091,5786,steropes,169.229.49.254,"{'starting_lr': 0.005, 'momentum': 0.997, 'weight_decay': 0.001, 'steps_per_iteration': None, 'pin': False, 'model_creator': None, 'target_batch_size': 128, 'model_string': 'resnet50', 'min_batch_size': 128, 'dataset': 'CIFAR', 'placement': None, 'use_nccl': True, 'devices_per_worker': 1, 'primary_resource': 'extra_gpu', 'gpu': False, 'verbose': False, 'lr_config': {'mode': 'log', 'steps': 5, 'initial_lr': 0.005, 'target_lr': 0.01}, 'batch_per_device': 128}",439.7372257709503,0,26,3610.9119359455613,4,44.54665470123291
0.019733357429504394,0.05947225391864777,0.0007239997386932373,0.004921239857770958,0.03129395842552185,nan,0.0,0.10103361606597899,0.6911799788475037,0.9048491725730896,-0.6776999831199646,nan,0.0,nan,0.0,nan,0.0,0.7008999586105347,0.8651799530601502,nan,0.0,0.6776999831199646,0.9780918614625931,nan,0.0,60000,4,False,,,47,-0.9048491725730896,150aba933fc94ecdbb19445fe69cb82c,2019-06-03_05-01-37,1559563297,16.736135482788086,1059.5851120948792,5786,steropes,169.229.49.254,"{'starting_lr': 0.005, 'momentum': 0.997, 'weight_decay': 0.001, 'steps_per_iteration': None, 'pin': False, 'model_creator': None, 'target_batch_size': 128, 'model_string': 'resnet50', 'min_batch_size': 128, 'dataset': 'CIFAR', 'placement': None, 'use_nccl': True, 'devices_per_worker': 1, 'primary_resource': 'extra_gpu', 'gpu': False, 'verbose': False, 'lr_config': {'mode': 'log', 'steps': 5, 'initial_lr': 0.005, 'target_lr': 0.01}, 'batch_per_device': 128}",456.4733612537384,0,27,3613.704535115458,4,44.54665470123291
0.01844998002052307,0.06088214814662933,0.0006996810436248779,0.004766892413703763,0.030079495906829835,nan,0.0,0.09626560807228088,0.6931199789047241,0.902828465809822,-0.7033999562263489,nan,0.0,nan,0.0,nan,0.0,0.7035199999809265,0.8625785165452957,nan,0.0,0.7033999562263489,0.871471326804161,nan,0.0,60000,4,False,,,48,-0.902828465809822,150aba933fc94ecdbb19445fe69cb82c,2019-06-03_05-01-54,1559563314,16.52958869934082,1076.11470079422,5786,steropes,169.229.49.254,"{'starting_lr': 0.005, 'momentum': 0.997, 'weight_decay': 0.001, 'steps_per_iteration': None, 'pin': False, 'model_creator': None, 'target_batch_size': 128, 'model_string': 'resnet50', 'min_batch_size': 128, 'dataset': 'CIFAR', 'placement': None, 'use_nccl': True, 'devices_per_worker': 1, 'primary_resource': 'extra_gpu', 'gpu': False, 'verbose': False, 'lr_config': {'mode': 'log', 'steps': 5, 'initial_lr': 0.005, 'target_lr': 0.01}, 'batch_per_device': 128}",473.0029499530792,0,28,3626.3176812993706,4,44.54665470123291
0.01841714382171631,0.05756963193416595,0.0007043540477752686,0.004801834724387344,0.03030950427055359,nan,0.0,0.0997533917427063,0.6875999689102172,0.9275891218185425,-0.6739999651908875,nan,0.0,nan,0.0,nan,0.0,0.7028799653053284,0.8644828423786164,nan,0.0,0.6739999651908875,0.9801706124067306,nan,0.0,60000,4,False,,,49,-0.9275891218185425,150aba933fc94ecdbb19445fe69cb82c,2019-06-03_05-02-11,1559563331,16.674910068511963,1092.789610862732,5786,steropes,169.229.49.254,"{'starting_lr': 0.005, 'momentum': 0.997, 'weight_decay': 0.001, 'steps_per_iteration': None, 'pin': False, 'model_creator': None, 'target_batch_size': 128, 'model_string': 'resnet50', 'min_batch_size': 128, 'dataset': 'CIFAR', 'placement': None, 'use_nccl': True, 'devices_per_worker': 1, 'primary_resource': 'extra_gpu', 'gpu': False, 'verbose': False, 'lr_config': {'mode': 'log', 'steps': 5, 'initial_lr': 0.005, 'target_lr': 0.01}, 'batch_per_device': 128}",489.6778600215912,0,29,3616.471209875524,4,44.54665470123291
0.019400811195373534,0.05821265280246735,0.0007322907447814941,0.004726554666246687,0.030237579345703126,nan,0.0,0.09637207388877869,0.684119975566864,0.9389266913270952,-0.6746000051498413,nan,0.0,nan,0.0,nan,0.0,0.6969000101089478,0.8817852149295806,nan,0.0,0.6746000051498413,0.966007828617096,nan,0.0,60000,4,False,,,50,-0.9389266913270952,150aba933fc94ecdbb19445fe69cb82c,2019-06-03_05-02-27,1559563347,16.659841537475586,1109.4494524002075,5786,steropes,169.229.49.254,"{'starting_lr': 0.005, 'momentum': 0.997, 'weight_decay': 0.001, 'steps_per_iteration': None, 'pin': False, 'model_creator': None, 'target_batch_size': 128, 'model_string': 'resnet50', 'min_batch_size': 128, 'dataset': 'CIFAR', 'placement': None, 'use_nccl': True, 'devices_per_worker': 1, 'primary_resource': 'extra_gpu', 'gpu': False, 'verbose': False, 'lr_config': {'mode': 'log', 'steps': 5, 'initial_lr': 0.005, 'target_lr': 0.01}, 'batch_per_device': 128}",506.3377015590668,0,30,3602.574136959151,4,44.54665470123291
0.018432974815368652,0.05214523375034333,0.0006991922855377197,0.005034466179049745,0.030877912044525148,nan,0.0,0.0991091787815094,0.6850799798965455,0.9364129019117357,-0.6956999897956848,nan,0.0,nan,0.0,nan,0.0,0.6914600133895874,0.8973450102424622,nan,0.0,0.6956999897956848,0.8863228802680969,nan,0.0,60000,4,False,,,51,-0.9364129019117357,150aba933fc94ecdbb19445fe69cb82c,2019-06-03_05-02-44,1559563364,16.698726654052734,1126.1481790542603,5786,steropes,169.229.49.254,"{'starting_lr': 0.005, 'momentum': 0.997, 'weight_decay': 0.001, 'steps_per_iteration': None, 'pin': False, 'model_creator': None, 'target_batch_size': 128, 'model_string': 'resnet50', 'min_batch_size': 128, 'dataset': 'CIFAR', 'placement': None, 'use_nccl': True, 'devices_per_worker': 1, 'primary_resource': 'extra_gpu', 'gpu': False, 'verbose': False, 'lr_config': {'mode': 'log', 'steps': 5, 'initial_lr': 0.005, 'target_lr': 0.01}, 'batch_per_device': 128}",523.0364282131195,0,31,3601.457431832117,4,44.54665470123291
0.018722254037857055,0.05338901579380036,0.0006897032260894775,0.004858370946378124,0.029598939418792724,nan,0.0,0.0979674994945526,0.6904799818992615,0.9150856185007095,-0.7046999931335449,nan,0.0,nan,0.0,nan,0.0,0.7048799991607666,0.8631309644365311,nan,0.0,0.7046999931335449,0.8714554444074631,nan,0.0,60000,4,False,,,52,-0.9150856185007095,150aba933fc94ecdbb19445fe69cb82c,2019-06-03_05-03-00,1559563380,16.469119787216187,1142.6172988414764,5786,steropes,169.229.49.254,"{'starting_lr': 0.005, 'momentum': 0.997, 'weight_decay': 0.001, 'steps_per_iteration': None, 'pin': False, 'model_creator': None, 'target_batch_size': 128, 'model_string': 'resnet50', 'min_batch_size': 128, 'dataset': 'CIFAR', 'placement': None, 'use_nccl': True, 'devices_per_worker': 1, 'primary_resource': 'extra_gpu', 'gpu': False, 'verbose': False, 'lr_config': {'mode': 'log', 'steps': 5, 'initial_lr': 0.005, 'target_lr': 0.01}, 'batch_per_device': 128}",539.5055480003357,0,32,3613.039214627803,4,44.54665470123291
0.018077123165130615,0.057392948865890504,0.0007273793220520019,0.0048705077901178475,0.029430246353149413,nan,0.0,0.0979861319065094,0.691759991645813,0.9119273461961747,-0.7098000049591064,nan,0.0,nan,0.0,nan,0.0,0.7051399350166321,0.8611527372550964,nan,0.0,0.7098000049591064,0.8556799652814866,nan,0.0,60000,4,False,,,53,-0.9119273461961747,150aba933fc94ecdbb19445fe69cb82c,2019-06-03_05-03-17,1559563397,16.440224170684814,1159.0575230121613,5786,steropes,169.229.49.254,"{'starting_lr': 0.005, 'momentum': 0.997, 'weight_decay': 0.001, 'steps_per_iteration': None, 'pin': False, 'model_creator': None, 'target_batch_size': 128, 'model_string': 'resnet50', 'min_batch_size': 128, 'dataset': 'CIFAR', 'placement': None, 'use_nccl': True, 'devices_per_worker': 1, 'primary_resource': 'extra_gpu', 'gpu': False, 'verbose': False, 'lr_config': {'mode': 'log', 'steps': 5, 'initial_lr': 0.005, 'target_lr': 0.01}, 'batch_per_device': 128}",555.9457721710205,0,33,3616.931916375662,4,44.54665470123291
0.02243460416793823,0.060151940584182745,0.0006934285163879394,0.004626035082096956,0.03300542235374451,nan,0.0,0.10130810141563416,0.6942399978637696,0.9001629309797288,-0.6863999962806702,nan,0.0,nan,0.0,nan,0.0,0.7028400301933289,0.8583057460641861,nan,0.0,0.6863999962806702,0.921348536324501,nan,0.0,60000,4,False,,,54,-0.9001629309797288,150aba933fc94ecdbb19445fe69cb82c,2019-06-03_05-03-34,1559563414,16.73958110809326,1175.7971041202545,5786,steropes,169.229.49.254,"{'starting_lr': 0.005, 'momentum': 0.997, 'weight_decay': 0.001, 'steps_per_iteration': None, 'pin': False, 'model_creator': None, 'target_batch_size': 128, 'model_string': 'resnet50', 'min_batch_size': 128, 'dataset': 'CIFAR', 'placement': None, 'use_nccl': True, 'devices_per_worker': 1, 'primary_resource': 'extra_gpu', 'gpu': False, 'verbose': False, 'lr_config': {'mode': 'log', 'steps': 5, 'initial_lr': 0.005, 'target_lr': 0.01}, 'batch_per_device': 128}",572.6853532791138,0,34,3614.114086508698,4,44.54665470123291
0.01787693500518799,0.06061180531978607,0.0007343530654907227,0.004689962888250546,0.031391745805740355,nan,0.0,0.09789642691612244,0.7,0.8822058434915542,-0.7034000158309937,nan,0.0,nan,0.0,nan,0.0,0.7047399282455444,0.8505415382957457,nan,0.0,0.7034000158309937,0.8762223911762238,nan,0.0,60000,4,False,,,55,-0.8822058434915542,150aba933fc94ecdbb19445fe69cb82c,2019-06-03_05-03-50,1559563430,16.643047332763672,1192.4401514530182,5786,steropes,169.229.49.254,"{'starting_lr': 0.005, 'momentum': 0.997, 'weight_decay': 0.001, 'steps_per_iteration': None, 'pin': False, 'model_creator': None, 'target_batch_size': 128, 'model_string': 'resnet50', 'min_batch_size': 128, 'dataset': 'CIFAR', 'placement': None, 'use_nccl': True, 'devices_per_worker': 1, 'primary_resource': 'extra_gpu', 'gpu': False, 'verbose': False, 'lr_config': {'mode': 'log', 'steps': 5, 'initial_lr': 0.005, 'target_lr': 0.01}, 'batch_per_device': 128}",589.3284006118774,0,35,3614.8449871779835,4,44.54665470123291
0.01759593486785889,0.057002955675125117,0.0007059097290039063,0.005144371670119616,0.028866684436798094,nan,0.0,0.09641217589378356,0.7000800013542176,0.8848400744199754,-0.6960999965667725,nan,0.0,nan,0.0,nan,0.0,0.7102800011634827,0.8444327517223358,nan,0.0,0.6960999965667725,0.8994940349102021,nan,0.0,60000,4,False,,,56,-0.8848400744199754,150aba933fc94ecdbb19445fe69cb82c,2019-06-03_05-04-07,1559563447,16.707435846328735,1209.147587299347,5786,steropes,169.229.49.254,"{'starting_lr': 0.005, 'momentum': 0.997, 'weight_decay': 0.001, 'steps_per_iteration': None, 'pin': False, 'model_creator': None, 'target_batch_size': 128, 'model_string': 'resnet50', 'min_batch_size': 128, 'dataset': 'CIFAR', 'placement': None, 'use_nccl': True, 'devices_per_worker': 1, 'primary_resource': 'extra_gpu', 'gpu': False, 'verbose': False, 'lr_config': {'mode': 'log', 'steps': 5, 'initial_lr': 0.005, 'target_lr': 0.01}, 'batch_per_device': 128}",606.0358364582062,0,36,3614.4660958755803,4,44.54665470123291
0.018870115280151367,0.058955609798431396,0.0006829321384429931,0.004842054478976191,0.02894921898841858,nan,0.0,0.09680041670799255,0.6995999932289123,0.8850288636207579,-0.702299952507019,nan,0.0,nan,0.0,nan,0.0,0.7044199705123901,0.8612108320856094,nan,0.0,0.702299952507019,0.872399390411377,nan,0.0,60000,4,False,,,57,-0.8850288636207579,150aba933fc94ecdbb19445fe69cb82c,2019-06-03_05-04-24,1559563464,16.72818350791931,1225.8757708072662,5786,steropes,169.229.49.254,"{'starting_lr': 0.005, 'momentum': 0.997, 'weight_decay': 0.001, 'steps_per_iteration': None, 'pin': False, 'model_creator': None, 'target_batch_size': 128, 'model_string': 'resnet50', 'min_batch_size': 128, 'dataset': 'CIFAR', 'placement': None, 'use_nccl': True, 'devices_per_worker': 1, 'primary_resource': 'extra_gpu', 'gpu': False, 'verbose': False, 'lr_config': {'mode': 'log', 'steps': 5, 'initial_lr': 0.005, 'target_lr': 0.01}, 'batch_per_device': 128}",622.7640199661255,0,37,3603.219161363388,4,44.54665470123291
0.018888258934020994,0.06154862940311432,0.0006780385971069336,0.005287599198672236,0.0299102246761322,nan,0.0,0.09820301532745361,0.6924199938774109,0.9116797352504731,-0.6739000082015991,nan,0.0,nan,0.0,nan,0.0,0.7107799649238586,0.8420928760147095,nan,0.0,0.6739000082015991,0.9889343234300614,nan,0.0,60000,4,False,,,58,-0.9116797352504731,150aba933fc94ecdbb19445fe69cb82c,2019-06-03_05-04-40,1559563480,16.652371644973755,1242.52814245224,5786,steropes,169.229.49.254,"{'starting_lr': 0.005, 'momentum': 0.997, 'weight_decay': 0.001, 'steps_per_iteration': None, 'pin': False, 'model_creator': None, 'target_batch_size': 128, 'model_string': 'resnet50', 'min_batch_size': 128, 'dataset': 'CIFAR', 'placement': None, 'use_nccl': True, 'devices_per_worker': 1, 'primary_resource': 'extra_gpu', 'gpu': False, 'verbose': False, 'lr_config': {'mode': 'log', 'steps': 5, 'initial_lr': 0.005, 'target_lr': 0.01}, 'batch_per_device': 128}",639.4163916110992,0,38,3594.061132194072,4,44.54665470123291
0.020063430070877075,0.053949615359306334,0.001007956266403198,0.004894939004158487,0.03214564919471741,nan,0.0,0.10137162804603578,0.694979989528656,0.9012456286668777,-0.6991999745368958,nan,0.0,nan,0.0,nan,0.0,0.7078399658203125,0.8513802008581162,nan,0.0,0.6991999745368958,0.8691780034065246,nan,0.0,60000,4,False,,,59,-0.9012456286668777,150aba933fc94ecdbb19445fe69cb82c,2019-06-03_05-04-57,1559563497,16.828832626342773,1259.3569750785828,5786,steropes,169.229.49.254,"{'starting_lr': 0.005, 'momentum': 0.997, 'weight_decay': 0.001, 'steps_per_iteration': None, 'pin': False, 'model_creator': None, 'target_batch_size': 128, 'model_string': 'resnet50', 'min_batch_size': 128, 'dataset': 'CIFAR', 'placement': None, 'use_nccl': True, 'devices_per_worker': 1, 'primary_resource': 'extra_gpu', 'gpu': False, 'verbose': False, 'lr_config': {'mode': 'log', 'steps': 5, 'initial_lr': 0.005, 'target_lr': 0.01}, 'batch_per_device': 128}",656.245224237442,0,39,3590.221913302528,4,44.54665470123291
0.02000042200088501,0.052136534452438356,0.0006976127624511719,0.0045495945580151615,0.0295915424823761,nan,0.0,0.09924719333648682,0.6931199908256531,0.9093519990110398,-0.694100022315979,nan,0.0,nan,0.0,nan,0.0,0.7054200172424316,0.852656997499466,nan,0.0,0.694100022315979,0.9167542428970337,nan,0.0,60000,4,False,,,60,-0.9093519990110398,150aba933fc94ecdbb19445fe69cb82c,2019-06-03_05-05-14,1559563514,16.69350004196167,1276.0504751205444,5786,steropes,169.229.49.254,"{'starting_lr': 0.005, 'momentum': 0.997, 'weight_decay': 0.001, 'steps_per_iteration': None, 'pin': False, 'model_creator': None, 'target_batch_size': 128, 'model_string': 'resnet50', 'min_batch_size': 128, 'dataset': 'CIFAR', 'placement': None, 'use_nccl': True, 'devices_per_worker': 1, 'primary_resource': 'extra_gpu', 'gpu': False, 'verbose': False, 'lr_config': {'mode': 'log', 'steps': 5, 'initial_lr': 0.005, 'target_lr': 0.01}, 'batch_per_device': 128}",672.9387242794037,0,40,3588.056194160645,4,44.54665470123291
0.01810171008110046,0.05639772117137909,0.0007399916648864746,0.004465391441267364,0.02966099381446838,nan,0.0,0.09788733720779419,0.6886799931526184,0.9217752941751481,-0.6739000082015991,nan,0.0,nan,0.0,nan,0.0,0.6980400085449219,0.8778289191675187,nan,0.0,0.6739000082015991,0.9616105107307433,nan,0.0,60000,4,False,,,61,-0.9217752941751481,150aba933fc94ecdbb19445fe69cb82c,2019-06-03_05-05-30,1559563530,16.474199295043945,1292.5246744155884,5786,steropes,169.229.49.254,"{'starting_lr': 0.005, 'momentum': 0.997, 'weight_decay': 0.001, 'steps_per_iteration': None, 'pin': False, 'model_creator': None, 'target_batch_size': 128, 'model_string': 'resnet50', 'min_batch_size': 128, 'dataset': 'CIFAR', 'placement': None, 'use_nccl': True, 'devices_per_worker': 1, 'primary_resource': 'extra_gpu', 'gpu': False, 'verbose': False, 'lr_config': {'mode': 'log', 'steps': 5, 'initial_lr': 0.005, 'target_lr': 0.01}, 'batch_per_device': 128}",689.4129235744476,0,41,3598.092874480969,4,44.54665470123291
0.018232327699661256,0.05387753546237945,0.0007441699504852295,0.004532807335561636,0.029158371686935424,nan,0.0,0.09616525769233705,0.6980800032615662,0.8937787804555892,-0.7493000030517578,nan,0.0,nan,0.0,nan,0.0,0.7270600199699402,0.7893624773359299,nan,0.0,0.7493000030517578,0.7324168218135834,nan,0.0,60000,4,False,,,62,-0.8937787804555892,150aba933fc94ecdbb19445fe69cb82c,2019-06-03_05-05-47,1559563547,16.46292209625244,1308.9875965118408,5786,steropes,169.229.49.254,"{'starting_lr': 0.005, 'momentum': 0.997, 'weight_decay': 0.001, 'steps_per_iteration': None, 'pin': False, 'model_creator': None, 'target_batch_size': 128, 'model_string': 'resnet50', 'min_batch_size': 128, 'dataset': 'CIFAR', 'placement': None, 'use_nccl': True, 'devices_per_worker': 1, 'primary_resource': 'extra_gpu', 'gpu': False, 'verbose': False, 'lr_config': {'mode': 'log', 'steps': 5, 'initial_lr': 0.005, 'target_lr': 0.01}, 'batch_per_device': 128}",705.8758456707001,0,42,3609.5769576627195,4,44.54665470123291
0.018007057905197146,0.052037942409515384,0.0007225930690765381,0.004727252892085484,0.0292508602142334,nan,0.0,0.097320818901062,0.7144199967384338,0.8376938595485687,-0.7555999755859375,nan,0.0,nan,0.0,nan,0.0,0.7510999441146851,0.7240229876756668,nan,0.0,0.7555999755859375,0.7085097188949585,nan,0.0,60000,4,False,,,63,-0.8376938595485687,150aba933fc94ecdbb19445fe69cb82c,2019-06-03_05-06-03,1559563563,16.5154070854187,1325.5030035972595,5786,steropes,169.229.49.254,"{'starting_lr': 0.005, 'momentum': 0.997, 'weight_decay': 0.001, 'steps_per_iteration': None, 'pin': False, 'model_creator': None, 'target_batch_size': 128, 'model_string': 'resnet50', 'min_batch_size': 128, 'dataset': 'CIFAR', 'placement': None, 'use_nccl': True, 'devices_per_worker': 1, 'primary_resource': 'extra_gpu', 'gpu': False, 'verbose': False, 'lr_config': {'mode': 'log', 'steps': 5, 'initial_lr': 0.005, 'target_lr': 0.01}, 'batch_per_device': 128}",722.3912527561188,0,43,3615.5348461639937,4,44.54665470123291
0.01845970153808594,0.05244989991188049,0.0006775915622711181,0.004751851364057891,0.031022477149963378,nan,0.0,0.09763610959053039,0.730239999294281,0.7934713912868501,-0.7782999873161316,nan,0.0,nan,0.0,nan,0.0,0.7624799609184265,0.6868038720226288,nan,0.0,0.7782999873161316,0.6480656620979309,nan,0.0,60000,4,False,,,64,-0.7934713912868501,150aba933fc94ecdbb19445fe69cb82c,2019-06-03_05-06-20,1559563580,16.59925603866577,1342.1022596359253,5786,steropes,169.229.49.254,"{'starting_lr': 0.005, 'momentum': 0.997, 'weight_decay': 0.001, 'steps_per_iteration': None, 'pin': False, 'model_creator': None, 'target_batch_size': 128, 'model_string': 'resnet50', 'min_batch_size': 128, 'dataset': 'CIFAR', 'placement': None, 'use_nccl': True, 'devices_per_worker': 1, 'primary_resource': 'extra_gpu', 'gpu': False, 'verbose': False, 'lr_config': {'mode': 'log', 'steps': 5, 'initial_lr': 0.005, 'target_lr': 0.01}, 'batch_per_device': 128}",738.9905087947845,0,44,3625.566036199768,4,44.54665470123291
0.019120925664901735,0.05855746567249298,0.0006810009479522706,0.004897251421091509,0.0314353346824646,nan,0.0,0.10084244012832641,0.7476399898529053,0.7389478956460953,-0.7810999751091003,nan,0.0,nan,0.0,nan,0.0,0.7746000289916992,0.6552252284097672,nan,0.0,0.7810999751091003,0.6441367646932602,nan,0.0,60000,4,False,,,65,-0.7389478956460953,150aba933fc94ecdbb19445fe69cb82c,2019-06-03_05-06-37,1559563597,16.818492889404297,1358.9207525253296,5786,steropes,169.229.49.254,"{'starting_lr': 0.005, 'momentum': 0.997, 'weight_decay': 0.001, 'steps_per_iteration': None, 'pin': False, 'model_creator': None, 'target_batch_size': 128, 'model_string': 'resnet50', 'min_batch_size': 128, 'dataset': 'CIFAR', 'placement': None, 'use_nccl': True, 'devices_per_worker': 1, 'primary_resource': 'extra_gpu', 'gpu': False, 'verbose': False, 'lr_config': {'mode': 'log', 'steps': 5, 'initial_lr': 0.005, 'target_lr': 0.01}, 'batch_per_device': 128}",755.8090016841888,0,45,3620.0975145378225,4,44.54665470123291
