apply,batch_time,d2h,data_time,fwd,get_state_time_mean,get_state_time_total,grad,mean_accuracy,mean_loss,neg_mean_accuracy,set_state_time_mean,set_state_time_total,setup_model_time_mean,setup_model_time_total,setup_proc_time_mean,setup_proc_time_total,train_accuracy,train_loss,training_time_mean,training_time_total,validation_time_mean,validation_time_total,samples,num_workers,done,timesteps_total,episodes_total,training_iteration,neg_mean_loss,experiment_id,date,timestamp,time_this_iter_s,time_total_s,pid,hostname,node_ip,config,time_since_restore,timesteps_since_restore,iterations_since_restore,mean_throughput,atoms,resource_time
0.007884073257446288,0.20565509796142578,0.009336066246032716,0.03459064327940649,0.07931270599365234,nan,0.0,0.1761073112487793,0.09999999403953552,2025589.5158,-0.09999999403953552,nan,0.0,9.743571996688843,9.743571996688843,0.6646862030029297,0.6646862030029297,0.10043999552726746,6.276828937225342,nan,0.0,nan,0.0,60000,1,False,,,1,-2025589.5158,13eec92b6bcb46d5a9373679dd78c124,2019-05-30_14-58-41,1559253521,12.1850745677948,12.1850745677948,32728,steropes,169.229.49.254,"{'starting_lr': 1.0, 'momentum': 0.95, 'weight_decay': 0.005, 'steps_per_iteration': None, 'pin': False, 'model_creator': None, 'target_batch_size': 1024, 'model_string': 'resnet18', 'min_batch_size': 512, 'dataset': 'CIFAR', 'placement': None, 'use_nccl': True, 'devices_per_worker': 1, 'primary_resource': 'extra_gpu', 'gpu': False, 'verbose': False, 'lr_config': {'mode': 'log', 'steps': 5, 'initial_lr': 1.0, 'target_lr': 1.0}, 'batch_per_device': 1024}",12.1850745677948,0,1,4924.018802268171,1,12.1850745677948
0.007767176628112793,0.1452725648880005,0.005477356910705567,0.03803886199484066,0.02849624156951904,nan,0.0,0.06647579669952393,0.09999999403953552,2.653871974563599,-0.09999999403953552,nan,0.0,nan,0.0,nan,0.0,0.11137999594211578,7.565697398834229,nan,0.0,nan,0.0,60000,1,False,,,2,-2.653871974563599,13eec92b6bcb46d5a9373679dd78c124,2019-05-30_14-58-49,1559253529,8.685742616653442,20.870817184448242,32728,steropes,169.229.49.254,"{'starting_lr': 1.0, 'momentum': 0.95, 'weight_decay': 0.005, 'steps_per_iteration': None, 'pin': False, 'model_creator': None, 'target_batch_size': 1024, 'model_string': 'resnet18', 'min_batch_size': 512, 'dataset': 'CIFAR', 'placement': None, 'use_nccl': True, 'devices_per_worker': 1, 'primary_resource': 'extra_gpu', 'gpu': False, 'verbose': False, 'lr_config': {'mode': 'log', 'steps': 5, 'initial_lr': 1.0, 'target_lr': 1.0}, 'batch_per_device': 1024}",20.870817184448242,0,2,5749.6064081760405,1,20.870817184448242
0.007529425621032715,0.13955397605895997,0.007055759429931641,0.034891474003694495,0.028543519973754882,nan,0.0,0.07320053577423095,0.09999999403953552,1190.4242173828125,-0.09999999403953552,nan,0.0,nan,0.0,nan,0.0,0.10595999658107758,9.532376586151123,nan,0.0,nan,0.0,60000,1,False,,,3,-1190.4242173828125,13eec92b6bcb46d5a9373679dd78c124,2019-05-30_14-58-58,1559253538,8.72961974143982,29.60043692588806,32728,steropes,169.229.49.254,"{'starting_lr': 1.0, 'momentum': 0.95, 'weight_decay': 0.005, 'steps_per_iteration': None, 'pin': False, 'model_creator': None, 'target_batch_size': 1024, 'model_string': 'resnet18', 'min_batch_size': 512, 'dataset': 'CIFAR', 'placement': None, 'use_nccl': True, 'devices_per_worker': 1, 'primary_resource': 'extra_gpu', 'gpu': False, 'verbose': False, 'lr_config': {'mode': 'log', 'steps': 5, 'initial_lr': 1.0, 'target_lr': 1.0}, 'batch_per_device': 1024}",29.60043692588806,0,3,6080.937834117947,1,29.60043692588806
0.00764153003692627,0.13631770610809327,0.005386209487915039,0.04199713590193768,0.03233225345611572,nan,0.0,0.06460235118865967,0.09769999980926514,3.686405071258545,-0.09769999980926514,nan,0.0,nan,0.0,nan,0.0,0.10453999787569046,13.619601073608399,nan,0.0,nan,0.0,60000,1,False,,,4,-3.686405071258545,13eec92b6bcb46d5a9373679dd78c124,2019-05-30_14-59-07,1559253547,8.95457124710083,38.55500817298889,32728,steropes,169.229.49.254,"{'starting_lr': 1.0, 'momentum': 0.95, 'weight_decay': 0.005, 'steps_per_iteration': None, 'pin': False, 'model_creator': None, 'target_batch_size': 1024, 'model_string': 'resnet18', 'min_batch_size': 512, 'dataset': 'CIFAR', 'placement': None, 'use_nccl': True, 'devices_per_worker': 1, 'primary_resource': 'extra_gpu', 'gpu': False, 'verbose': False, 'lr_config': {'mode': 'log', 'steps': 5, 'initial_lr': 1.0, 'target_lr': 1.0}, 'batch_per_device': 1024}",38.55500817298889,0,4,6224.816614781495,1,38.55500817298889
0.008119487762451172,0.13373305797576904,0.005428433418273926,0.05295393904861139,0.024982452392578125,nan,0.0,0.050447630882263186,0.09999999403953552,52444282.592,-0.09999999403953552,nan,0.0,nan,0.0,nan,0.0,0.10313999652862549,24.737078579101563,nan,0.0,nan,0.0,60000,1,False,,,5,-52444282.592,13eec92b6bcb46d5a9373679dd78c124,2019-05-30_14-59-16,1559253556,9.337916374206543,47.892924547195435,32728,steropes,169.229.49.254,"{'starting_lr': 1.0, 'momentum': 0.95, 'weight_decay': 0.005, 'steps_per_iteration': None, 'pin': False, 'model_creator': None, 'target_batch_size': 1024, 'model_string': 'resnet18', 'min_batch_size': 512, 'dataset': 'CIFAR', 'placement': None, 'use_nccl': True, 'devices_per_worker': 1, 'primary_resource': 'extra_gpu', 'gpu': False, 'verbose': False, 'lr_config': {'mode': 'log', 'steps': 5, 'initial_lr': 1.0, 'target_lr': 1.0}, 'batch_per_device': 1024}",47.892924547195435,0,5,6263.917251556087,1,47.892924547195435
0.007757329940795898,0.14344403743743897,0.004931879043579101,0.05294529272585499,0.025743436813354493,nan,0.0,0.04538741111755371,0.09999999403953552,24.963615493774412,-0.09999999403953552,nan,0.0,nan,0.0,nan,0.0,0.10357999801635742,44.50690061920166,nan,0.0,nan,0.0,60000,1,False,,,6,-24.963615493774412,13eec92b6bcb46d5a9373679dd78c124,2019-05-30_14-59-26,1559253566,9.300691604614258,57.19361615180969,32728,steropes,169.229.49.254,"{'starting_lr': 1.0, 'momentum': 0.95, 'weight_decay': 0.005, 'steps_per_iteration': None, 'pin': False, 'model_creator': None, 'target_batch_size': 1024, 'model_string': 'resnet18', 'min_batch_size': 512, 'dataset': 'CIFAR', 'placement': None, 'use_nccl': True, 'devices_per_worker': 1, 'primary_resource': 'extra_gpu', 'gpu': False, 'verbose': False, 'lr_config': {'mode': 'log', 'steps': 5, 'initial_lr': 1.0, 'target_lr': 1.0}, 'batch_per_device': 1024}",57.19361615180969,0,6,6665.329706841727,1,57.19361615180969
0.007459759712219238,0.15037405490875244,0.005064177513122559,0.04875646805276676,0.028047347068786622,nan,0.0,0.04989566802978516,0.09999999403953552,60.17329990844726,-0.09999999403953552,nan,0.0,nan,0.0,nan,0.0,0.0993799939751625,53.42778784362793,nan,0.0,nan,0.0,60000,1,False,,,7,-60.17329990844726,13eec92b6bcb46d5a9373679dd78c124,2019-05-30_14-59-35,1559253575,9.465903997421265,66.65952014923096,32728,steropes,169.229.49.254,"{'starting_lr': 1.0, 'momentum': 0.95, 'weight_decay': 0.005, 'steps_per_iteration': None, 'pin': False, 'model_creator': None, 'target_batch_size': 1024, 'model_string': 'resnet18', 'min_batch_size': 512, 'dataset': 'CIFAR', 'placement': None, 'use_nccl': True, 'devices_per_worker': 1, 'primary_resource': 'extra_gpu', 'gpu': False, 'verbose': False, 'lr_config': {'mode': 'log', 'steps': 5, 'initial_lr': 1.0, 'target_lr': 1.0}, 'batch_per_device': 1024}",66.65952014923096,0,7,6551.766153828787,1,66.65952014923096
0.010097432136535644,0.13692841529846192,0.004705452919006347,0.05271486846768126,0.03151717185974121,nan,0.0,0.06038775444030762,0.09999999403953552,11.283378894042968,-0.09999999403953552,nan,0.0,nan,0.0,nan,0.0,0.10331999510526657,85.82243159179687,nan,0.0,nan,0.0,60000,1,False,,,8,-11.283378894042968,13eec92b6bcb46d5a9373679dd78c124,2019-05-30_14-59-45,1559253585,9.651917457580566,76.31143760681152,32728,steropes,169.229.49.254,"{'starting_lr': 1.0, 'momentum': 0.95, 'weight_decay': 0.005, 'steps_per_iteration': None, 'pin': False, 'model_creator': None, 'target_batch_size': 1024, 'model_string': 'resnet18', 'min_batch_size': 512, 'dataset': 'CIFAR', 'placement': None, 'use_nccl': True, 'devices_per_worker': 1, 'primary_resource': 'extra_gpu', 'gpu': False, 'verbose': False, 'lr_config': {'mode': 'log', 'steps': 5, 'initial_lr': 1.0, 'target_lr': 1.0}, 'batch_per_device': 1024}",76.31143760681152,0,8,6422.405213647323,1,76.31143760681152
0.00885152816772461,0.12837498188018798,0.00674905776977539,0.037406974909256915,0.022452402114868163,nan,0.0,0.054785871505737306,0.11659999936819077,14514.4576875,-0.11659999936819077,nan,0.0,nan,0.0,nan,0.0,0.10491999983787537,143.65356247558594,nan,0.0,nan,0.0,60000,1,False,,,9,-14514.4576875,13eec92b6bcb46d5a9373679dd78c124,2019-05-30_14-59-53,1559253593,8.72251582145691,85.03395342826843,32728,steropes,169.229.49.254,"{'starting_lr': 1.0, 'momentum': 0.95, 'weight_decay': 0.005, 'steps_per_iteration': None, 'pin': False, 'model_creator': None, 'target_batch_size': 1024, 'model_string': 'resnet18', 'min_batch_size': 512, 'dataset': 'CIFAR', 'placement': None, 'use_nccl': True, 'devices_per_worker': 1, 'primary_resource': 'extra_gpu', 'gpu': False, 'verbose': False, 'lr_config': {'mode': 'log', 'steps': 5, 'initial_lr': 1.0, 'target_lr': 1.0}, 'batch_per_device': 1024}",85.03395342826843,0,9,6454.470758934732,1,85.03395342826843
0.007166552543640137,0.12535924911499025,0.00496220588684082,0.03877487961126833,0.025721001625061034,nan,0.0,0.04728116989135742,0.1014999970793724,649150.9201,-0.1014999970793724,nan,0.0,nan,0.0,nan,0.0,0.10095999389886856,210.15364032836914,nan,0.0,nan,0.0,60000,1,False,,,10,-649150.9201,13eec92b6bcb46d5a9373679dd78c124,2019-05-30_15-00-02,1559253602,8.893729209899902,93.92768263816833,32728,steropes,169.229.49.254,"{'starting_lr': 1.0, 'momentum': 0.95, 'weight_decay': 0.005, 'steps_per_iteration': None, 'pin': False, 'model_creator': None, 'target_batch_size': 1024, 'model_string': 'resnet18', 'min_batch_size': 512, 'dataset': 'CIFAR', 'placement': None, 'use_nccl': True, 'devices_per_worker': 1, 'primary_resource': 'extra_gpu', 'gpu': False, 'verbose': False, 'lr_config': {'mode': 'log', 'steps': 5, 'initial_lr': 1.0, 'target_lr': 1.0}, 'batch_per_device': 1024}",93.92768263816833,0,10,6516.749343765536,1,93.92768263816833
0.007552742958068848,0.12273797988891602,0.004977369308471679,0.04289683030576122,0.02406930923461914,nan,0.0,0.046080589294433594,0.09109999984502792,12368.3265796875,-0.09109999984502792,nan,0.0,nan,0.0,nan,0.0,0.10505999624729156,299.9305581738281,nan,0.0,nan,0.0,60000,1,True,,,11,-12368.3265796875,13eec92b6bcb46d5a9373679dd78c124,2019-05-30_15-00-11,1559253611,8.390432834625244,102.31811547279358,32728,steropes,169.229.49.254,"{'starting_lr': 1.0, 'momentum': 0.95, 'weight_decay': 0.005, 'steps_per_iteration': None, 'pin': False, 'model_creator': None, 'target_batch_size': 1024, 'model_string': 'resnet18', 'min_batch_size': 512, 'dataset': 'CIFAR', 'placement': None, 'use_nccl': True, 'devices_per_worker': 1, 'primary_resource': 'extra_gpu', 'gpu': False, 'verbose': False, 'lr_config': {'mode': 'log', 'steps': 5, 'initial_lr': 1.0, 'target_lr': 1.0}, 'batch_per_device': 1024}",102.31811547279358,0,11,6648.214901396081,1,102.31811547279358
