{"apply": 0.018252134323120117, "batch_time": 0.041251864614365974, "d2h": 0.0007266759872436524, "data_time": 0.001801462734446806, "fwd": 0.12157113552093506, "get_state_time_mean": NaN, "get_state_time_total": 0.0, "grad": 0.1623002290725708, "mean_accuracy": 0.2703999876976013, "mean_loss": 2.1870999782562257, "neg_mean_accuracy": -0.2703999876976013, "set_state_time_mean": NaN, "set_state_time_total": 0.0, "setup_model_time_mean": 8.488163232803345, "setup_model_time_total": 8.488163232803345, "setup_proc_time_mean": 0.20447659492492676, "setup_proc_time_total": 0.20447659492492676, "train_accuracy": 0.20735999941825867, "train_loss": 3.2023997338867187, "training_time_mean": NaN, "training_time_total": 0.0, "val_accuracy": 0.2703999876976013, "val_loss": 2.1870999782562257, "validation_time_mean": NaN, "validation_time_total": 0.0, "samples": 60000, "num_workers": 1, "done": false, "timesteps_total": null, "episodes_total": null, "training_iteration": 1, "neg_mean_loss": -2.1870999782562257, "experiment_id": "9f04c64ccbde44a68cd73f0109268f53", "date": "2019-06-03_22-38-18", "timestamp": 1559626698, "time_this_iter_s": 46.027090311050415, "time_total_s": 46.027090311050415, "pid": 7539, "hostname": "steropes", "node_ip": "169.229.49.254", "config": {"starting_lr": 0.01, "momentum": 0.95, "weight_decay": 0.001, "steps_per_iteration": null, "pin": false, "model_creator": null, "target_batch_size": 128, "model_string": "resnet50", "min_batch_size": 128, "dataset": "CIFAR", "placement": null, "use_nccl": true, "devices_per_worker": 1, "primary_resource": "extra_gpu", "gpu": false, "verbose": false, "lr_config": {"mode": "log", "steps": 5, "initial_lr": 0.01, "target_lr": 0.01}, "batch_per_device": 128}, "time_since_restore": 46.027090311050415, "timesteps_since_restore": 0, "iterations_since_restore": 1, "mean_throughput": 1303.5776167641482, "atoms": 1, "setup_time": 9.168161153793335}
{"apply": 0.018796205520629883, "batch_time": 0.031969511056248144, "d2h": 0.0007136106491088867, "data_time": 0.0017824191266618422, "fwd": 0.028084301948547365, "get_state_time_mean": NaN, "get_state_time_total": 0.0, "grad": 0.04871044158935547, "mean_accuracy": 0.3328999876976013, "mean_loss": 3.1155396993637083, "neg_mean_accuracy": -0.3953999876976013, "set_state_time_mean": NaN, "set_state_time_total": 0.0, "setup_model_time_mean": NaN, "setup_model_time_total": 0.0, "setup_proc_time_mean": NaN, "setup_proc_time_total": 0.0, "train_accuracy": 0.3254599869251251, "train_loss": 2.317268003692627, "training_time_mean": NaN, "training_time_total": 0.0, "val_accuracy": 0.3953999876976013, "val_loss": 4.043979420471191, "validation_time_mean": NaN, "validation_time_total": 0.0, "samples": 60000, "num_workers": 1, "done": false, "timesteps_total": null, "episodes_total": null, "training_iteration": 2, "neg_mean_loss": -3.1155396993637083, "experiment_id": "9f04c64ccbde44a68cd73f0109268f53", "date": "2019-06-03_22-38-59", "timestamp": 1559626739, "time_this_iter_s": 41.196980714797974, "time_total_s": 87.22407102584839, "pid": 7539, "hostname": "steropes", "node_ip": "169.229.49.254", "config": {"starting_lr": 0.01, "momentum": 0.95, "weight_decay": 0.001, "steps_per_iteration": null, "pin": false, "model_creator": null, "target_batch_size": 128, "model_string": "resnet50", "min_batch_size": 128, "dataset": "CIFAR", "placement": null, "use_nccl": true, "devices_per_worker": 1, "primary_resource": "extra_gpu", "gpu": false, "verbose": false, "lr_config": {"mode": "log", "steps": 5, "initial_lr": 0.01, "target_lr": 0.01}, "batch_per_device": 128}, "time_since_restore": 87.22407102584839, "timesteps_since_restore": 0, "iterations_since_restore": 2, "mean_throughput": 1375.7643131200575, "atoms": 1, "setup_time": 9.168161153793335}
