apply,batch_time,d2h,data_time,fwd,get_state_time_mean,get_state_time_total,grad,mean_accuracy,mean_loss,neg_mean_accuracy,set_state_time_mean,set_state_time_total,setup_model_time_mean,setup_model_time_total,setup_proc_time_mean,setup_proc_time_total,train_accuracy,train_loss,training_time_mean,training_time_total,validation_time_mean,validation_time_total,samples,num_workers,done,timesteps_total,episodes_total,training_iteration,neg_mean_loss,experiment_id,date,timestamp,time_this_iter_s,time_total_s,pid,hostname,node_ip,config,time_since_restore,timesteps_since_restore,iterations_since_restore,mean_throughput,atoms,resource_time
0.007487630844116211,0.17294456958770751,0.005154538154602051,0.043922146972344846,0.08339908123016357,nan,0.0,0.15314757823944092,0.2911999821662903,1.9880590858459473,-0.2911999821662903,nan,0.0,9.006060361862183,9.006060361862183,0.28261876106262207,0.28261876106262207,0.17226000130176544,3.741467121810913,nan,0.0,nan,0.0,60000,1,False,,,1,-1.9880590858459473,6acbdf00b1064b2e9c78121d34870abe,2019-05-30_15-02-18,1559253738,11.660903215408325,11.660903215408325,9071,steropes,169.229.49.254,"{'starting_lr': 0.001, 'momentum': 0.9, 'weight_decay': 0.0001, 'steps_per_iteration': None, 'pin': False, 'model_creator': None, 'target_batch_size': 1024, 'model_string': 'resnet18', 'min_batch_size': 512, 'dataset': 'CIFAR', 'placement': None, 'use_nccl': True, 'devices_per_worker': 1, 'primary_resource': 'extra_gpu', 'gpu': False, 'verbose': False, 'lr_config': {'mode': 'log', 'steps': 5, 'initial_lr': 0.001, 'target_lr': 0.001}, 'batch_per_device': 1024}",11.660903215408325,0,1,5145.3605180759605,1,11.660903215408325
0.006899571418762207,0.12041192054748535,0.004715871810913086,0.04396514989891831,0.021688508987426757,nan,0.0,0.04218823909759521,0.3554999828338623,1.7505399370193482,-0.3554999828338623,nan,0.0,nan,0.0,nan,0.0,0.31307998299598694,1.8832896842193603,nan,0.0,nan,0.0,60000,1,False,,,2,-1.7505399370193482,6acbdf00b1064b2e9c78121d34870abe,2019-05-30_15-02-25,1559253745,7.337551116943359,18.998454332351685,9071,steropes,169.229.49.254,"{'starting_lr': 0.001, 'momentum': 0.9, 'weight_decay': 0.0001, 'steps_per_iteration': None, 'pin': False, 'model_creator': None, 'target_batch_size': 1024, 'model_string': 'resnet18', 'min_batch_size': 512, 'dataset': 'CIFAR', 'placement': None, 'use_nccl': True, 'devices_per_worker': 1, 'primary_resource': 'extra_gpu', 'gpu': False, 'verbose': False, 'lr_config': {'mode': 'log', 'steps': 5, 'initial_lr': 0.001, 'target_lr': 0.001}, 'batch_per_device': 1024}",18.998454332351685,0,2,6316.247032744258,1,18.998454332351685
0.007231974601745605,0.11931512355804444,0.004608583450317383,0.044238450575848014,0.020595717430114745,nan,0.0,0.04231927394866943,0.38599997758865356,1.6716877641677856,-0.38599997758865356,nan,0.0,nan,0.0,nan,0.0,0.35819998383522034,1.7503779519271851,nan,0.0,nan,0.0,60000,1,False,,,3,-1.6716877641677856,6acbdf00b1064b2e9c78121d34870abe,2019-05-30_15-02-33,1559253753,7.301462888717651,26.299917221069336,9071,steropes,169.229.49.254,"{'starting_lr': 0.001, 'momentum': 0.9, 'weight_decay': 0.0001, 'steps_per_iteration': None, 'pin': False, 'model_creator': None, 'target_batch_size': 1024, 'model_string': 'resnet18', 'min_batch_size': 512, 'dataset': 'CIFAR', 'placement': None, 'use_nccl': True, 'devices_per_worker': 1, 'primary_resource': 'extra_gpu', 'gpu': False, 'verbose': False, 'lr_config': {'mode': 'log', 'steps': 5, 'initial_lr': 0.001, 'target_lr': 0.001}, 'batch_per_device': 1024}",26.299917221069336,0,3,6844.063790152056,1,26.299917221069336
0.008183622360229492,0.12125933170318604,0.00504305362701416,0.03782172105750259,0.022317385673522948,nan,0.0,0.046899819374084474,0.4140999913215637,1.594030411529541,-0.4140999913215637,nan,0.0,nan,0.0,nan,0.0,0.3883399963378906,1.6650667024612427,nan,0.0,nan,0.0,60000,1,False,,,4,-1.594030411529541,6acbdf00b1064b2e9c78121d34870abe,2019-05-30_15-02-40,1559253760,7.618399620056152,33.91831684112549,9071,steropes,169.229.49.254,"{'starting_lr': 0.001, 'momentum': 0.9, 'weight_decay': 0.0001, 'steps_per_iteration': None, 'pin': False, 'model_creator': None, 'target_batch_size': 1024, 'model_string': 'resnet18', 'min_batch_size': 512, 'dataset': 'CIFAR', 'placement': None, 'use_nccl': True, 'devices_per_worker': 1, 'primary_resource': 'extra_gpu', 'gpu': False, 'verbose': False, 'lr_config': {'mode': 'log', 'steps': 5, 'initial_lr': 0.001, 'target_lr': 0.001}, 'batch_per_device': 1024}",33.91831684112549,0,4,7075.754671022553,1,33.91831684112549
0.007105636596679688,0.12303085327148437,0.0051467657089233395,0.038431586051473815,0.022375011444091798,nan,0.0,0.044699883460998534,0.43129998445510864,1.5490352941513061,-0.43129998445510864,nan,0.0,nan,0.0,nan,0.0,0.41143998503685,1.6146386499023437,nan,0.0,nan,0.0,60000,1,False,,,5,-1.5490352941513061,6acbdf00b1064b2e9c78121d34870abe,2019-05-30_15-02-48,1559253768,7.832285642623901,41.75060248374939,9071,steropes,169.229.49.254,"{'starting_lr': 0.001, 'momentum': 0.9, 'weight_decay': 0.0001, 'steps_per_iteration': None, 'pin': False, 'model_creator': None, 'target_batch_size': 1024, 'model_string': 'resnet18', 'min_batch_size': 512, 'dataset': 'CIFAR', 'placement': None, 'use_nccl': True, 'devices_per_worker': 1, 'primary_resource': 'extra_gpu', 'gpu': False, 'verbose': False, 'lr_config': {'mode': 'log', 'steps': 5, 'initial_lr': 0.001, 'target_lr': 0.001}, 'batch_per_device': 1024}",41.75060248374939,0,5,7185.455458301839,1,41.75060248374939
0.006988620758056641,0.13352105617523194,0.005580234527587891,0.03887352651479293,0.021077775955200197,nan,0.0,0.04640374183654785,0.44759997725486755,1.5011133434295654,-0.44759997725486755,nan,0.0,nan,0.0,nan,0.0,0.42688000202178955,1.5605341707611085,nan,0.0,nan,0.0,60000,1,False,,,6,-1.5011133434295654,6acbdf00b1064b2e9c78121d34870abe,2019-05-30_15-02-56,1559253776,7.984298944473267,49.734901428222656,9071,steropes,169.229.49.254,"{'starting_lr': 0.001, 'momentum': 0.9, 'weight_decay': 0.0001, 'steps_per_iteration': None, 'pin': False, 'model_creator': None, 'target_batch_size': 1024, 'model_string': 'resnet18', 'min_batch_size': 512, 'dataset': 'CIFAR', 'placement': None, 'use_nccl': True, 'devices_per_worker': 1, 'primary_resource': 'extra_gpu', 'gpu': False, 'verbose': False, 'lr_config': {'mode': 'log', 'steps': 5, 'initial_lr': 0.001, 'target_lr': 0.001}, 'batch_per_device': 1024}",49.734901428222656,0,6,7879.3077730174655,1,49.734901428222656
0.007904767990112305,0.13074853420257568,0.005676913261413574,0.0466028135650012,0.02810811996459961,nan,0.0,0.04895403385162354,0.459199994802475,1.4646570558547973,-0.459199994802475,nan,0.0,nan,0.0,nan,0.0,0.44105997681617737,1.5204723908996582,nan,0.0,nan,0.0,60000,1,False,,,7,-1.4646570558547973,6acbdf00b1064b2e9c78121d34870abe,2019-05-30_15-03-04,1559253784,8.317792654037476,58.05269408226013,9071,steropes,169.229.49.254,"{'starting_lr': 0.001, 'momentum': 0.9, 'weight_decay': 0.0001, 'steps_per_iteration': None, 'pin': False, 'model_creator': None, 'target_batch_size': 1024, 'model_string': 'resnet18', 'min_batch_size': 512, 'dataset': 'CIFAR', 'placement': None, 'use_nccl': True, 'devices_per_worker': 1, 'primary_resource': 'extra_gpu', 'gpu': False, 'verbose': False, 'lr_config': {'mode': 'log', 'steps': 5, 'initial_lr': 0.001, 'target_lr': 0.001}, 'batch_per_device': 1024}",58.05269408226013,0,7,7681.544607465167,1,58.05269408226013
0.0073800325393676754,0.13824195861816407,0.0051425457000732425,0.04273359629572654,0.023903918266296387,nan,0.0,0.04713525772094727,0.4728999733924866,1.443418864440918,-0.4728999733924866,nan,0.0,nan,0.0,nan,0.0,0.45295998454093933,1.491671250152588,nan,0.0,nan,0.0,60000,1,False,,,8,-1.443418864440918,6acbdf00b1064b2e9c78121d34870abe,2019-05-30_15-03-12,1559253792,7.918927192687988,65.97162127494812,9071,steropes,169.229.49.254,"{'starting_lr': 0.001, 'momentum': 0.9, 'weight_decay': 0.0001, 'steps_per_iteration': None, 'pin': False, 'model_creator': None, 'target_batch_size': 1024, 'model_string': 'resnet18', 'min_batch_size': 512, 'dataset': 'CIFAR', 'placement': None, 'use_nccl': True, 'devices_per_worker': 1, 'primary_resource': 'extra_gpu', 'gpu': False, 'verbose': False, 'lr_config': {'mode': 'log', 'steps': 5, 'initial_lr': 0.001, 'target_lr': 0.001}, 'batch_per_device': 1024}",65.97162127494812,0,8,7561.958628891866,1,65.97162127494812
0.0073721885681152345,0.13050310611724852,0.005979490280151367,0.04046969997639559,0.030858993530273438,nan,0.0,0.04656305313110352,0.48420000076293945,1.4089057415008546,-0.48420000076293945,nan,0.0,nan,0.0,nan,0.0,0.46441999077796936,1.4669936031723023,nan,0.0,nan,0.0,60000,1,False,,,9,-1.4089057415008546,6acbdf00b1064b2e9c78121d34870abe,2019-05-30_15-03-20,1559253800,7.819580316543579,73.7912015914917,9071,steropes,169.229.49.254,"{'starting_lr': 0.001, 'momentum': 0.9, 'weight_decay': 0.0001, 'steps_per_iteration': None, 'pin': False, 'model_creator': None, 'target_batch_size': 1024, 'model_string': 'resnet18', 'min_batch_size': 512, 'dataset': 'CIFAR', 'placement': None, 'use_nccl': True, 'devices_per_worker': 1, 'primary_resource': 'extra_gpu', 'gpu': False, 'verbose': False, 'lr_config': {'mode': 'log', 'steps': 5, 'initial_lr': 0.001, 'target_lr': 0.001}, 'batch_per_device': 1024}",73.7912015914917,0,9,7523.80495499148,1,73.7912015914917
0.007177519798278809,0.13129642009735107,0.00536353588104248,0.03924131880001146,0.02494800090789795,nan,0.0,0.04794883728027344,0.4935999810695648,1.3968485860824584,-0.4935999810695648,nan,0.0,nan,0.0,nan,0.0,0.4789799749851227,1.4326149958801269,nan,0.0,nan,0.0,60000,1,False,,,10,-1.3968485860824584,6acbdf00b1064b2e9c78121d34870abe,2019-05-30_15-03-28,1559253808,7.8494062423706055,81.6406078338623,9071,steropes,169.229.49.254,"{'starting_lr': 0.001, 'momentum': 0.9, 'weight_decay': 0.0001, 'steps_per_iteration': None, 'pin': False, 'model_creator': None, 'target_batch_size': 1024, 'model_string': 'resnet18', 'min_batch_size': 512, 'dataset': 'CIFAR', 'placement': None, 'use_nccl': True, 'devices_per_worker': 1, 'primary_resource': 'extra_gpu', 'gpu': False, 'verbose': False, 'lr_config': {'mode': 'log', 'steps': 5, 'initial_lr': 0.001, 'target_lr': 0.001}, 'batch_per_device': 1024}",81.6406078338623,0,10,7520.575369458694,1,81.6406078338623
0.007397747039794922,0.13830950260162353,0.0051300287246704105,0.043571442973857025,0.022928309440612794,nan,0.0,0.04513139724731445,0.5066999793052673,1.3580796464920044,-0.5066999793052673,nan,0.0,nan,0.0,nan,0.0,0.48815998435020447,1.4103654402542114,nan,0.0,nan,0.0,60000,1,False,,,11,-1.3580796464920044,6acbdf00b1064b2e9c78121d34870abe,2019-05-30_15-03-36,1559253816,8.164554595947266,89.80516242980957,9071,steropes,169.229.49.254,"{'starting_lr': 0.001, 'momentum': 0.9, 'weight_decay': 0.0001, 'steps_per_iteration': None, 'pin': False, 'model_creator': None, 'target_batch_size': 1024, 'model_string': 'resnet18', 'min_batch_size': 512, 'dataset': 'CIFAR', 'placement': None, 'use_nccl': True, 'devices_per_worker': 1, 'primary_resource': 'extra_gpu', 'gpu': False, 'verbose': False, 'lr_config': {'mode': 'log', 'steps': 5, 'initial_lr': 0.001, 'target_lr': 0.001}, 'batch_per_device': 1024}",89.80516242980957,0,11,7486.746438350184,1,89.80516242980957
0.007364344596862793,0.13350608348846435,0.004623317718505859,0.04044639820955238,0.028475141525268553,nan,0.0,0.052571558952331544,0.5117999911308289,1.3384638561248778,-0.5117999911308289,nan,0.0,nan,0.0,nan,0.0,0.49507999420166016,1.3851368022918702,nan,0.0,nan,0.0,60000,1,False,,,12,-1.3384638561248778,6acbdf00b1064b2e9c78121d34870abe,2019-05-30_15-03-44,1559253824,8.061933040618896,97.86709547042847,9071,steropes,169.229.49.254,"{'starting_lr': 0.001, 'momentum': 0.9, 'weight_decay': 0.0001, 'steps_per_iteration': None, 'pin': False, 'model_creator': None, 'target_batch_size': 1024, 'model_string': 'resnet18', 'min_batch_size': 512, 'dataset': 'CIFAR', 'placement': None, 'use_nccl': True, 'devices_per_worker': 1, 'primary_resource': 'extra_gpu', 'gpu': False, 'verbose': False, 'lr_config': {'mode': 'log', 'steps': 5, 'initial_lr': 0.001, 'target_lr': 0.001}, 'batch_per_device': 1024}",97.86709547042847,0,12,7534.857598039944,1,97.86709547042847
0.007208132743835449,0.14188754558563232,0.0044677495956420895,0.03937964536705796,0.026948380470275878,nan,0.0,0.05036470890045166,0.5238999724388123,1.3222790813446046,-0.5238999724388123,nan,0.0,nan,0.0,nan,0.0,0.5032600164413452,1.369051996574402,nan,0.0,nan,0.0,60000,1,True,,,13,-1.3222790813446046,6acbdf00b1064b2e9c78121d34870abe,2019-05-30_15-03-52,1559253832,7.778830051422119,105.64592552185059,9071,steropes,169.229.49.254,"{'starting_lr': 0.001, 'momentum': 0.9, 'weight_decay': 0.0001, 'steps_per_iteration': None, 'pin': False, 'model_creator': None, 'target_batch_size': 1024, 'model_string': 'resnet18', 'min_batch_size': 512, 'dataset': 'CIFAR', 'placement': None, 'use_nccl': True, 'devices_per_worker': 1, 'primary_resource': 'extra_gpu', 'gpu': False, 'verbose': False, 'lr_config': {'mode': 'log', 'steps': 5, 'initial_lr': 0.001, 'target_lr': 0.001}, 'batch_per_device': 1024}",105.64592552185059,0,13,7561.491663482771,1,105.64592552185059
