{"apply": 0.01888086795806885, "batch_time": 0.04404286493228961, "d2h": 0.0006917715072631836, "data_time": 0.0019084334068591028, "fwd": 0.11623158454895019, "get_state_time_mean": NaN, "get_state_time_total": 0.0, "grad": 0.16518011093139648, "mean_accuracy": 0.149399995803833, "mean_loss": 2.3519407333374023, "neg_mean_accuracy": -0.149399995803833, "set_state_time_mean": NaN, "set_state_time_total": 0.0, "setup_model_time_mean": 10.153342247009277, "setup_model_time_total": 10.153342247009277, "setup_proc_time_mean": 0.1570725440979004, "setup_proc_time_total": 0.1570725440979004, "train_accuracy": 0.10429999977350235, "train_loss": 4.2582659059906005, "training_time_mean": NaN, "training_time_total": 0.0, "val_accuracy": 0.149399995803833, "val_loss": 2.3519407333374023, "validation_time_mean": NaN, "validation_time_total": 0.0, "samples": 60000, "num_workers": 1, "done": false, "timesteps_total": null, "episodes_total": null, "training_iteration": 1, "neg_mean_loss": -2.3519407333374023, "experiment_id": "c6b7bcd5902d4a7ba4c313fb875ac3b1", "date": "2019-06-03_22-47-39", "timestamp": 1559627259, "time_this_iter_s": 47.18746066093445, "time_total_s": 47.18746066093445, "pid": 13573, "hostname": "steropes", "node_ip": "169.229.49.254", "config": {"starting_lr": 0.05, "momentum": 0.99, "weight_decay": 0.001, "steps_per_iteration": null, "pin": false, "model_creator": null, "target_batch_size": 128, "model_string": "resnet50", "min_batch_size": 128, "dataset": "CIFAR", "placement": null, "use_nccl": true, "devices_per_worker": 1, "primary_resource": "extra_gpu", "gpu": false, "verbose": false, "lr_config": {"mode": "log", "steps": 5, "initial_lr": 0.05, "target_lr": 0.05}, "batch_per_device": 128}, "time_since_restore": 47.18746066093445, "timesteps_since_restore": 0, "iterations_since_restore": 1, "mean_throughput": 1271.5213863829213, "atoms": 1, "setup_time": 10.429861068725586}
{"apply": 0.018259716033935548, "batch_time": 0.03212108189546609, "d2h": 0.0007197141647338867, "data_time": 0.0018326900804134282, "fwd": 0.028455829620361327, "get_state_time_mean": NaN, "get_state_time_total": 0.0, "grad": 0.04880721569061279, "mean_accuracy": 0.22004999220371246, "mean_loss": 2.098388094329834, "neg_mean_accuracy": -0.2906999886035919, "set_state_time_mean": NaN, "set_state_time_total": 0.0, "setup_model_time_mean": NaN, "setup_model_time_total": 0.0, "setup_proc_time_mean": NaN, "setup_proc_time_total": 0.0, "train_accuracy": 0.2050599902868271, "train_loss": 2.1456587451553344, "training_time_mean": NaN, "training_time_total": 0.0, "val_accuracy": 0.2906999886035919, "val_loss": 1.8448354553222657, "validation_time_mean": NaN, "validation_time_total": 0.0, "samples": 60000, "num_workers": 1, "done": false, "timesteps_total": null, "episodes_total": null, "training_iteration": 2, "neg_mean_loss": -2.098388094329834, "experiment_id": "c6b7bcd5902d4a7ba4c313fb875ac3b1", "date": "2019-06-03_22-48-20", "timestamp": 1559627300, "time_this_iter_s": 41.49392628669739, "time_total_s": 88.68138694763184, "pid": 13573, "hostname": "steropes", "node_ip": "169.229.49.254", "config": {"starting_lr": 0.05, "momentum": 0.99, "weight_decay": 0.001, "steps_per_iteration": null, "pin": false, "model_creator": null, "target_batch_size": 128, "model_string": "resnet50", "min_batch_size": 128, "dataset": "CIFAR", "placement": null, "use_nccl": true, "devices_per_worker": 1, "primary_resource": "extra_gpu", "gpu": false, "verbose": false, "lr_config": {"mode": "log", "steps": 5, "initial_lr": 0.05, "target_lr": 0.05}, "batch_per_device": 128}, "time_since_restore": 88.68138694763184, "timesteps_since_restore": 0, "iterations_since_restore": 2, "mean_throughput": 1353.1559465897342, "atoms": 1, "setup_time": 10.429861068725586}
{"apply": 0.020381879806518555, "batch_time": 0.03285833250118207, "d2h": 0.0006528139114379883, "data_time": 0.0018649900051029137, "fwd": 0.02941293716430664, "get_state_time_mean": NaN, "get_state_time_total": 0.0, "grad": 0.04894895553588867, "mean_accuracy": 0.24343332648277283, "mean_loss": 2.0100066034952797, "neg_mean_accuracy": -0.29019999504089355, "set_state_time_mean": NaN, "set_state_time_total": 0.0, "setup_model_time_mean": NaN, "setup_model_time_total": 0.0, "setup_proc_time_mean": NaN, "setup_proc_time_total": 0.0, "train_accuracy": 0.296779990196228, "train_loss": 1.8674206503295898, "training_time_mean": NaN, "training_time_total": 0.0, "val_accuracy": 0.29019999504089355, "val_loss": 1.8332436218261718, "validation_time_mean": NaN, "validation_time_total": 0.0, "samples": 60000, "num_workers": 1, "done": true, "timesteps_total": null, "episodes_total": null, "training_iteration": 3, "neg_mean_loss": -2.0100066034952797, "experiment_id": "c6b7bcd5902d4a7ba4c313fb875ac3b1", "date": "2019-06-03_22-49-01", "timestamp": 1559627341, "time_this_iter_s": 41.44016623497009, "time_total_s": 130.12155318260193, "pid": 13573, "hostname": "steropes", "node_ip": "169.229.49.254", "config": {"starting_lr": 0.05, "momentum": 0.99, "weight_decay": 0.001, "steps_per_iteration": null, "pin": false, "model_creator": null, "target_batch_size": 128, "model_string": "resnet50", "min_batch_size": 128, "dataset": "CIFAR", "placement": null, "use_nccl": true, "devices_per_worker": 1, "primary_resource": "extra_gpu", "gpu": false, "verbose": false, "lr_config": {"mode": "log", "steps": 5, "initial_lr": 0.05, "target_lr": 0.05}, "batch_per_device": 128}, "time_since_restore": 130.12155318260193, "timesteps_since_restore": 0, "iterations_since_restore": 3, "mean_throughput": 1383.3190501927704, "atoms": 1, "setup_time": 10.429861068725586}
