apply,batch_time,d2h,data_time,fwd,get_state_time_mean,get_state_time_total,grad,mean_accuracy,mean_loss,neg_mean_accuracy,set_state_time_mean,set_state_time_total,setup_model_time_mean,setup_model_time_total,setup_proc_time_mean,setup_proc_time_total,train_accuracy,train_loss,training_time_mean,training_time_total,validation_time_mean,validation_time_total,samples,num_workers,done,timesteps_total,episodes_total,training_iteration,neg_mean_loss,experiment_id,date,timestamp,time_this_iter_s,time_total_s,pid,hostname,node_ip,config,time_since_restore,timesteps_since_restore,iterations_since_restore,mean_throughput,atoms
0.007304859161376953,0.19500997066497802,0.005349469184875488,0.03668383189610073,0.0912931203842163,nan,0.0,0.14661951065063478,0.09389999508857727,2862.127797265625,-0.09389999508857727,nan,0.0,11.395314931869507,11.395314931869507,5.532228469848633,5.532228469848633,0.10213999450206757,5.540220283508301,nan,0.0,nan,0.0,60000,1,False,,,1,-2862.127797265625,f61f4de1dede4880bf69dff7bb0b5c2b,2019-05-30_14-08-14,1559250494,11.456281423568726,11.456281423568726,7685,steropes,169.229.49.254,"{'starting_lr': 0.5, 'momentum': 0.99, 'weight_decay': 0.0001, 'steps_per_iteration': None, 'pin': False, 'model_creator': None, 'target_batch_size': 1024, 'model_string': 'resnet18', 'min_batch_size': 512, 'dataset': 'CIFAR', 'placement': None, 'use_nccl': True, 'devices_per_worker': 1, 'primary_resource': 'extra_gpu', 'gpu': False, 'verbose': False, 'lr_config': {'mode': 'log', 'steps': 5, 'initial_lr': 0.5, 'target_lr': 0.5}, 'batch_per_device': 1024}",11.456281423568726,0,1,5237.2596566214115,1
0.007674312591552735,0.13292784690856935,0.005391430854797363,0.04379632035080267,0.021907973289489745,nan,0.0,0.04363071918487549,0.10740000009536743,8.361595851898194,-0.10740000009536743,nan,0.0,nan,0.0,nan,0.0,0.10167999565601349,2.7222391274261475,nan,0.0,nan,0.0,60000,1,False,,,2,-8.361595851898194,f61f4de1dede4880bf69dff7bb0b5c2b,2019-05-30_14-08-22,1559250502,7.841003894805908,19.297285318374634,7685,steropes,169.229.49.254,"{'starting_lr': 0.5, 'momentum': 0.99, 'weight_decay': 0.0001, 'steps_per_iteration': None, 'pin': False, 'model_creator': None, 'target_batch_size': 1024, 'model_string': 'resnet18', 'min_batch_size': 512, 'dataset': 'CIFAR', 'placement': None, 'use_nccl': True, 'devices_per_worker': 1, 'primary_resource': 'extra_gpu', 'gpu': False, 'verbose': False, 'lr_config': {'mode': 'log', 'steps': 5, 'initial_lr': 0.5, 'target_lr': 0.5}, 'batch_per_device': 1024}",19.297285318374634,0,2,6218.435400466482,1
0.00894324779510498,0.12750630378723143,0.006740498542785645,0.04192842755998884,0.026314187049865722,nan,0.0,0.04367606639862061,0.09999999403953552,2.4047250717163084,-0.09999999403953552,nan,0.0,nan,0.0,nan,0.0,0.09855999797582626,2.4296183391571047,nan,0.0,nan,0.0,60000,1,False,,,3,-2.4047250717163084,f61f4de1dede4880bf69dff7bb0b5c2b,2019-05-30_14-08-30,1559250510,7.986077785491943,27.283363103866577,7685,steropes,169.229.49.254,"{'starting_lr': 0.5, 'momentum': 0.99, 'weight_decay': 0.0001, 'steps_per_iteration': None, 'pin': False, 'model_creator': None, 'target_batch_size': 1024, 'model_string': 'resnet18', 'min_batch_size': 512, 'dataset': 'CIFAR', 'placement': None, 'use_nccl': True, 'devices_per_worker': 1, 'primary_resource': 'extra_gpu', 'gpu': False, 'verbose': False, 'lr_config': {'mode': 'log', 'steps': 5, 'initial_lr': 0.5, 'target_lr': 0.5}, 'batch_per_device': 1024}",27.283363103866577,0,3,6597.161596330632,1
0.0076512575149536135,0.12503843307495116,0.006478548049926758,0.04895847670885981,0.029472756385803222,nan,0.0,0.04980823993682861,0.09999999403953552,2.3752183212280276,-0.09999999403953552,nan,0.0,nan,0.0,nan,0.0,0.1021999940276146,2.3827622770690917,nan,0.0,nan,0.0,60000,1,False,,,4,-2.3752183212280276,f61f4de1dede4880bf69dff7bb0b5c2b,2019-05-30_14-08-38,1559250518,8.632540225982666,35.91590332984924,7685,steropes,169.229.49.254,"{'starting_lr': 0.5, 'momentum': 0.99, 'weight_decay': 0.0001, 'steps_per_iteration': None, 'pin': False, 'model_creator': None, 'target_batch_size': 1024, 'model_string': 'resnet18', 'min_batch_size': 512, 'dataset': 'CIFAR', 'placement': None, 'use_nccl': True, 'devices_per_worker': 1, 'primary_resource': 'extra_gpu', 'gpu': False, 'verbose': False, 'lr_config': {'mode': 'log', 'steps': 5, 'initial_lr': 0.5, 'target_lr': 0.5}, 'batch_per_device': 1024}",35.91590332984924,0,4,6682.058041538445,1
0.007995104789733887,0.1275407075881958,0.0065231800079345705,0.045602195116938374,0.03137202262878418,nan,0.0,0.04917035102844238,0.09999999403953552,2.342091535949707,-0.09999999403953552,nan,0.0,nan,0.0,nan,0.0,0.09815999865531921,2.356989220657349,nan,0.0,nan,0.0,60000,1,False,,,5,-2.342091535949707,f61f4de1dede4880bf69dff7bb0b5c2b,2019-05-30_14-08-47,1559250527,8.51750111579895,44.43340444564819,7685,steropes,169.229.49.254,"{'starting_lr': 0.5, 'momentum': 0.99, 'weight_decay': 0.0001, 'steps_per_iteration': None, 'pin': False, 'model_creator': None, 'target_batch_size': 1024, 'model_string': 'resnet18', 'min_batch_size': 512, 'dataset': 'CIFAR', 'placement': None, 'use_nccl': True, 'devices_per_worker': 1, 'primary_resource': 'extra_gpu', 'gpu': False, 'verbose': False, 'lr_config': {'mode': 'log', 'steps': 5, 'initial_lr': 0.5, 'target_lr': 0.5}, 'batch_per_device': 1024}",44.43340444564819,0,5,6751.487251760986,1
0.00722806453704834,0.13030967712402344,0.005342912673950195,0.04052133462866958,0.023572731018066406,nan,0.0,0.043598604202270505,0.09999999403953552,2.3210368366241454,-0.09999999403953552,nan,0.0,nan,0.0,nan,0.0,0.09956000000238419,2.340306339492798,nan,0.0,nan,0.0,60000,1,False,,,6,-2.3210368366241454,f61f4de1dede4880bf69dff7bb0b5c2b,2019-05-30_14-08-56,1559250536,8.732677459716797,53.16608190536499,7685,steropes,169.229.49.254,"{'starting_lr': 0.5, 'momentum': 0.99, 'weight_decay': 0.0001, 'steps_per_iteration': None, 'pin': False, 'model_creator': None, 'target_batch_size': 1024, 'model_string': 'resnet18', 'min_batch_size': 512, 'dataset': 'CIFAR', 'placement': None, 'use_nccl': True, 'devices_per_worker': 1, 'primary_resource': 'extra_gpu', 'gpu': False, 'verbose': False, 'lr_config': {'mode': 'log', 'steps': 5, 'initial_lr': 0.5, 'target_lr': 0.5}, 'batch_per_device': 1024}",53.16608190536499,0,6,7192.341428339834,1
0.007395434379577637,0.12227351665496826,0.0057560443878173825,0.03642178068355638,0.026951527595520018,nan,0.0,0.04379959106445312,0.09999999403953552,2.323473431777954,-0.09999999403953552,nan,0.0,nan,0.0,nan,0.0,0.0993799939751625,2.326519995574951,nan,0.0,nan,0.0,60000,1,False,,,7,-2.323473431777954,f61f4de1dede4880bf69dff7bb0b5c2b,2019-05-30_14-09-04,1559250544,8.210379838943481,61.37646174430847,7685,steropes,169.229.49.254,"{'starting_lr': 0.5, 'momentum': 0.99, 'weight_decay': 0.0001, 'steps_per_iteration': None, 'pin': False, 'model_creator': None, 'target_batch_size': 1024, 'model_string': 'resnet18', 'min_batch_size': 512, 'dataset': 'CIFAR', 'placement': None, 'use_nccl': True, 'devices_per_worker': 1, 'primary_resource': 'extra_gpu', 'gpu': False, 'verbose': False, 'lr_config': {'mode': 'log', 'steps': 5, 'initial_lr': 0.5, 'target_lr': 0.5}, 'batch_per_device': 1024}",61.37646174430847,0,7,7129.189886578232,1
0.009998297691345215,0.12475001811981201,0.007431721687316895,0.044552467307265926,0.027111387252807616,nan,0.0,0.05162954330444336,0.09999999403953552,2.3305553539276125,-0.09999999403953552,nan,0.0,nan,0.0,nan,0.0,0.10061999410390854,2.3238246803283693,nan,0.0,nan,0.0,60000,1,False,,,8,-2.3305553539276125,f61f4de1dede4880bf69dff7bb0b5c2b,2019-05-30_14-09-13,1559250553,8.883938550949097,70.26040029525757,7685,steropes,169.229.49.254,"{'starting_lr': 0.5, 'momentum': 0.99, 'weight_decay': 0.0001, 'steps_per_iteration': None, 'pin': False, 'model_creator': None, 'target_batch_size': 1024, 'model_string': 'resnet18', 'min_batch_size': 512, 'dataset': 'CIFAR', 'placement': None, 'use_nccl': True, 'devices_per_worker': 1, 'primary_resource': 'extra_gpu', 'gpu': False, 'verbose': False, 'lr_config': {'mode': 'log', 'steps': 5, 'initial_lr': 0.5, 'target_lr': 0.5}, 'batch_per_device': 1024}",70.26040029525757,0,8,6980.389290429119,1
0.007559680938720703,0.12212083339691163,0.007340574264526367,0.050539138365765006,0.02786540985107422,nan,0.0,0.05217311382293701,0.09999999403953552,2.350245255279541,-0.09999999403953552,nan,0.0,nan,0.0,nan,0.0,0.10133999586105347,2.345135022659302,nan,0.0,nan,0.0,60000,1,False,,,9,-2.350245255279541,f61f4de1dede4880bf69dff7bb0b5c2b,2019-05-30_14-09-22,1559250562,8.914918661117554,79.17531895637512,7685,steropes,169.229.49.254,"{'starting_lr': 0.5, 'momentum': 0.99, 'weight_decay': 0.0001, 'steps_per_iteration': None, 'pin': False, 'model_creator': None, 'target_batch_size': 1024, 'model_string': 'resnet18', 'min_batch_size': 512, 'dataset': 'CIFAR', 'placement': None, 'use_nccl': True, 'devices_per_worker': 1, 'primary_resource': 'extra_gpu', 'gpu': False, 'verbose': False, 'lr_config': {'mode': 'log', 'steps': 5, 'initial_lr': 0.5, 'target_lr': 0.5}, 'batch_per_device': 1024}",79.17531895637512,0,9,6934.8232720430215,1
0.007420897483825684,0.12275528907775879,0.0064293861389160155,0.04371649878365653,0.023178887367248536,nan,0.0,0.04633336067199707,0.09999999403953552,2.3256420566558837,-0.09999999403953552,nan,0.0,nan,0.0,nan,0.0,0.1028599962592125,2.348656558914185,nan,0.0,nan,0.0,60000,1,False,,,10,-2.3256420566558837,f61f4de1dede4880bf69dff7bb0b5c2b,2019-05-30_14-09-30,1559250570,8.510018587112427,87.68533754348755,7685,steropes,169.229.49.254,"{'starting_lr': 0.5, 'momentum': 0.99, 'weight_decay': 0.0001, 'steps_per_iteration': None, 'pin': False, 'model_creator': None, 'target_batch_size': 1024, 'model_string': 'resnet18', 'min_batch_size': 512, 'dataset': 'CIFAR', 'placement': None, 'use_nccl': True, 'devices_per_worker': 1, 'primary_resource': 'extra_gpu', 'gpu': False, 'verbose': False, 'lr_config': {'mode': 'log', 'steps': 5, 'initial_lr': 0.5, 'target_lr': 0.5}, 'batch_per_device': 1024}",87.68533754348755,0,10,6936.021290884447,1
0.008866715431213378,0.11972134113311768,0.006497025489807129,0.04465174674987793,0.027602553367614746,nan,0.0,0.04762568473815918,0.09999999403953552,2.383029209136963,-0.09999999403953552,nan,0.0,nan,0.0,nan,0.0,0.11781999468803406,2.3117814493560793,nan,0.0,nan,0.0,60000,1,False,,,11,-2.383029209136963,f61f4de1dede4880bf69dff7bb0b5c2b,2019-05-30_14-09-39,1559250579,8.743445873260498,96.42878341674805,7685,steropes,169.229.49.254,"{'starting_lr': 0.5, 'momentum': 0.99, 'weight_decay': 0.0001, 'steps_per_iteration': None, 'pin': False, 'model_creator': None, 'target_batch_size': 1024, 'model_string': 'resnet18', 'min_batch_size': 512, 'dataset': 'CIFAR', 'placement': None, 'use_nccl': True, 'devices_per_worker': 1, 'primary_resource': 'extra_gpu', 'gpu': False, 'verbose': False, 'lr_config': {'mode': 'log', 'steps': 5, 'initial_lr': 0.5, 'target_lr': 0.5}, 'batch_per_device': 1024}",96.42878341674805,0,11,6934.29427243347,1
0.008729124069213867,0.1257312297821045,0.006168198585510254,0.04234570873026945,0.02548820972442627,nan,0.0,0.04500875473022461,0.15549999475479126,2.2230377754211426,-0.15549999475479126,nan,0.0,nan,0.0,nan,0.0,0.20151999592781067,2.0835601249694826,nan,0.0,nan,0.0,60000,1,True,,,12,-2.2230377754211426,f61f4de1dede4880bf69dff7bb0b5c2b,2019-05-30_14-09-47,1559250587,8.571057319641113,104.99984073638916,7685,steropes,169.229.49.254,"{'starting_lr': 0.5, 'momentum': 0.99, 'weight_decay': 0.0001, 'steps_per_iteration': None, 'pin': False, 'model_creator': None, 'target_batch_size': 1024, 'model_string': 'resnet18', 'min_batch_size': 512, 'dataset': 'CIFAR', 'placement': None, 'use_nccl': True, 'devices_per_worker': 1, 'primary_resource': 'extra_gpu', 'gpu': False, 'verbose': False, 'lr_config': {'mode': 'log', 'steps': 5, 'initial_lr': 0.5, 'target_lr': 0.5}, 'batch_per_device': 1024}",104.99984073638916,0,12,6876.979765453617,1
